{"FFC_sans_bias11": {"write": {"device_start": 1585584973.4244022, "host_queued_start": 1585585038.794989, "device_queued": 1585584973.424329, "device_end": 1585584973.424433, "host_queued_end": 1585585038.797416}, "device": "gpu", "nd_range": {"device_start": 1585584973.4244356, "device_end": 1585584973.4258695}, "cmdq": 0, "read": {"device_start": -1, "device_end": -1}}, "FFC_sans_bias4": {"write": {"device_start": -1, "host_queued_start": 1585585038.802648, "device_queued": -1, "device_end": -1, "host_queued_end": 1585585038.804348}, "device": "cpu", "nd_range": {"device_start": 2252813.006682999, "device_end": 2252813.011617403}, "cmdq": 0, "read": {"device_start": -1, "device_end": -1}}, "coalesced_transpose3": {"write": {"device_start": -1, "host_queued_start": 1585585038.802284, "device_queued": -1, "device_end": -1, "host_queued_end": 1585585038.804348}, "device": "cpu", "nd_range": {"device_start": 2252813.006397297, "device_end": 2252813.006544719}, "cmdq": 0, "read": {"device_start": -1, "device_end": -1}}, "FFC_sans_bias6": {"write": {"device_start": -1, "host_queued_start": 1585585038.803262, "device_queued": -1, "device_end": -1, "host_queued_end": 1585585038.804348}, "device": "cpu", "nd_range": {"device_start": 2252813.01188241, "device_end": 2252813.016198007}, "cmdq": 0, "read": {"device_start": -1, "device_end": -1}}, "FFC_sans_bias1": {"write": {"device_start": -1, "host_queued_start": 1585585038.800826, "device_queued": -1, "device_end": -1, "host_queued_end": 1585585038.804348}, "device": "cpu", "nd_range": {"device_start": 2252812.997977801, "device_end": 2252813.0019142893}, "cmdq": 0, "read": {"device_start": -1, "device_end": -1}}, "FFC_sans_bias0": {"write": {"device_start": -1, "host_queued_start": 1585585038.799717, "device_queued": -1, "device_end": -1, "host_queued_end": 1585585038.804348}, "device": "cpu", "nd_range": {"device_start": 2252812.993966949, "device_end": 2252812.9979615603}, "cmdq": 0, "read": {"device_start": -1, "device_end": -1}}, "FFC_sans_bias2": {"write": {"device_start": -1, "host_queued_start": 1585585038.801923, "device_queued": -1, "device_end": -1, "host_queued_end": 1585585038.804348}, "device": "cpu", "nd_range": {"device_start": 2252813.001921669, "device_end": 2252813.0063921004}, "cmdq": 0, "read": {"device_start": -1, "device_end": -1}}, "softmax14": {"write": {"device_start": -1, "host_queued_start": 1585585038.79599, "device_queued": -1, "device_end": -1, "host_queued_end": 1585585038.797416}, "device": "gpu", "nd_range": {"device_start": 1585584973.4264715, "device_end": 1585584973.4266655}, "cmdq": 0, "read": {"device_start": -1, "device_end": -1}}, "FFC_sans_bias16": {"write": {"device_start": 1585584973.4266007, "host_queued_start": 1585585038.797308, "device_queued": 1585584973.4245248, "device_end": 1585584973.4266317, "host_queued_end": 1585585038.797416}, "device": "gpu", "nd_range": {"device_start": 1585584973.427273, "device_end": 1585584973.4278567}, "cmdq": 2, "read": {"device_start": 1585584973.4278615, "device_end": 1585584973.4278848}}, "softmax5": {"write": {"device_start": -1, "host_queued_start": 1585585038.802924, "device_queued": -1, "device_end": -1, "host_queued_end": 1585585038.804348}, "device": "cpu", "nd_range": {"device_start": 2252813.0116226394, "device_end": 2252813.0117550422}, "cmdq": 0, "read": {"device_start": -1, "device_end": -1}}, "FFC_sans_bias9": {"write": {"device_start": 1585584973.4242094, "host_queued_start": 1585585038.79282, "device_queued": 1585584973.4240391, "device_end": 1585584973.4242811, "host_queued_end": 1585585038.797416}, "device": "gpu", "nd_range": {"device_start": 1585584973.4242911, "device_end": 1585584973.4248984}, "cmdq": 1, "read": {"device_start": -1, "device_end": -1}}, "FFC_sans_bias7": {"write": {"device_start": -1, "host_queued_start": 1585585038.804303, "device_queued": -1, "device_end": -1, "host_queued_end": 1585585038.804348}, "device": "cpu", "nd_range": {"device_start": 2252813.0162033984, "device_end": 2252813.021436043}, "cmdq": 0, "read": {"device_start": -1, "device_end": -1}}, "empty8": {"write": {"device_start": -1, "host_queued_start": 1585585038.798707, "device_queued": -1, "device_end": -1, "host_queued_end": 1585585038.804348}, "device": "cpu", "nd_range": {"device_start": 2252812.993920763, "device_end": 2252812.993931867}, "cmdq": 0, "read": {"device_start": -1, "device_end": -1}}, "empty17": {"write": {"device_start": 1585584973.4241056, "host_queued_start": 1585585038.791615, "device_queued": 1585584973.4239662, "device_end": 1585584973.4241683, "host_queued_end": 1585585038.797416}, "device": "gpu", "nd_range": {"device_start": 1585584973.4241717, "device_end": 1585584973.4241838}, "cmdq": 0, "read": {"device_start": -1, "device_end": -1}}, "FFC_sans_bias15": {"write": {"device_start": -1, "host_queued_start": 1585585038.796298, "device_queued": -1, "device_end": -1, "host_queued_end": 1585585038.797416}, "device": "gpu", "nd_range": {"device_start": 1585584973.4266708, "device_end": 1585584973.4272697}, "cmdq": 1, "read": {"device_start": -1, "device_end": -1}}, "FFC_sans_bias13": {"write": {"device_start": -1, "host_queued_start": 1585585038.795738, "device_queued": -1, "device_end": -1, "host_queued_end": 1585585038.797416}, "device": "gpu", "nd_range": {"device_start": 1585584973.4258797, "device_end": 1585584973.4264696}, "cmdq": 2, "read": {"device_start": -1, "device_end": -1}}, "FFC_sans_bias10": {"write": {"device_start": 1585584973.4243069, "host_queued_start": 1585585038.793895, "device_queued": 1585584973.424058, "device_end": 1585584973.424337, "host_queued_end": 1585585038.797416}, "device": "gpu", "nd_range": {"device_start": 1585584973.4243402, "device_end": 1585584973.4253137}, "cmdq": 2, "read": {"device_start": -1, "device_end": -1}}, "coalesced_transpose12": {"write": {"device_start": -1, "host_queued_start": 1585585038.79542, "device_queued": -1, "device_end": -1, "host_queued_end": 1585585038.797416}, "device": "gpu", "nd_range": {"device_start": 1585584973.425317, "device_end": 1585584973.4257112}, "cmdq": 1, "read": {"device_start": -1, "device_end": -1}}}