{"FFC_sans_bias11": {"write": {"device_start": 1585585081.4136398, "host_queued_start": 1585585146.784677, "device_queued": 1585585081.4131737, "device_end": 1585585081.4136698, "host_queued_end": 1585585146.789241}, "device": "gpu", "nd_range": {"device_start": 1585585081.4136727, "device_end": 1585585081.4159257}, "cmdq": 2, "read": {"device_start": -1, "device_end": -1}}, "FFC_sans_bias4": {"write": {"device_start": -1, "host_queued_start": 1585585146.785619, "device_queued": -1, "device_end": -1, "host_queued_end": 1585585146.789241}, "device": "gpu", "nd_range": {"device_start": 1585585081.415802, "device_end": 1585585081.4164126}, "cmdq": 0, "read": {"device_start": -1, "device_end": -1}}, "coalesced_transpose3": {"write": {"device_start": -1, "host_queued_start": 1585585146.785, "device_queued": -1, "device_end": -1, "host_queued_end": 1585585146.789241}, "device": "gpu", "nd_range": {"device_start": 1585585081.4139545, "device_end": 1585585081.4157932}, "cmdq": 3, "read": {"device_start": -1, "device_end": -1}}, "FFC_sans_bias6": {"write": {"device_start": -1, "host_queued_start": 1585585146.786765, "device_queued": -1, "device_end": -1, "host_queued_end": 1585585146.789241}, "device": "gpu", "nd_range": {"device_start": 1585585081.4169297, "device_end": 1585585081.417546}, "cmdq": 4, "read": {"device_start": -1, "device_end": -1}}, "FFC_sans_bias1": {"write": {"device_start": 1585585081.412918, "host_queued_start": 1585585146.780285, "device_queued": 1585585081.4126296, "device_end": 1585585081.4129956, "host_queued_end": 1585585146.789241}, "device": "gpu", "nd_range": {"device_start": 1585585081.4130013, "device_end": 1585585081.413953}, "cmdq": 3, "read": {"device_start": -1, "device_end": -1}}, "FFC_sans_bias0": {"write": {"device_start": 1585585081.4128304, "host_queued_start": 1585585146.779216, "device_queued": 1585585081.4126112, "device_end": 1585585081.4129157, "host_queued_end": 1585585146.789241}, "device": "gpu", "nd_range": {"device_start": 1585585081.412925, "device_end": 1585585081.4135406}, "cmdq": 2, "read": {"device_start": -1, "device_end": -1}}, "FFC_sans_bias2": {"write": {"device_start": 1585585081.4130125, "host_queued_start": 1585585146.781351, "device_queued": 1585585081.4128375, "device_end": 1585585081.413036, "host_queued_end": 1585585146.789241}, "device": "gpu", "nd_range": {"device_start": 1585585081.4130387, "device_end": 1585585081.4145277}, "cmdq": 4, "read": {"device_start": -1, "device_end": -1}}, "softmax14": {"write": {"device_start": -1, "host_queued_start": 1585585146.786423, "device_queued": -1, "device_end": -1, "host_queued_end": 1585585146.789241}, "device": "gpu", "nd_range": {"device_start": 1585585081.416926, "device_end": 1585585081.4173036}, "cmdq": 3, "read": {"device_start": -1, "device_end": -1}}, "FFC_sans_bias16": {"write": {"device_start": 1585585081.4170756, "host_queued_start": 1585585146.78913, "device_queued": 1585585081.4137626, "device_end": 1585585081.4171011, "host_queued_end": 1585585146.789241}, "device": "gpu", "nd_range": {"device_start": 1585585081.4179478, "device_end": 1585585081.4189227}, "cmdq": 2, "read": {"device_start": 1585585081.418931, "device_end": 1585585081.4189537}}, "softmax5": {"write": {"device_start": -1, "host_queued_start": 1585585146.786185, "device_queued": -1, "device_end": -1, "host_queued_end": 1585585146.789241}, "device": "gpu", "nd_range": {"device_start": 1585585081.416421, "device_end": 1585585081.416911}, "cmdq": 2, "read": {"device_start": -1, "device_end": -1}}, "FFC_sans_bias9": {"write": {"device_start": 1585585081.4131918, "host_queued_start": 1585585146.782545, "device_queued": 1585585081.413101, "device_end": 1585585081.4132495, "host_queued_end": 1585585146.789241}, "device": "gpu", "nd_range": {"device_start": 1585585081.4132552, "device_end": 1585585081.4149487}, "cmdq": 0, "read": {"device_start": -1, "device_end": -1}}, "FFC_sans_bias7": {"write": {"device_start": 1585585081.4170015, "host_queued_start": 1585585146.788087, "device_queued": 1585585081.413735, "device_end": 1585585081.4170632, "host_queued_end": 1585585146.789241}, "device": "gpu", "nd_range": {"device_start": 1585585081.4175484, "device_end": 1585585081.418518}, "cmdq": 1, "read": {"device_start": 1585585081.4185195, "device_end": 1585585081.4185421}}, "empty8": {"write": {"device_start": 1585585081.412638, "host_queued_start": 1585585146.777146, "device_queued": 1585585081.4124906, "device_end": 1585585081.412686, "host_queued_end": 1585585146.789241}, "device": "gpu", "nd_range": {"device_start": 1585585081.412697, "device_end": 1585585081.412702}, "cmdq": 0, "read": {"device_start": -1, "device_end": -1}}, "empty17": {"write": {"device_start": 1585585081.412737, "host_queued_start": 1585585146.778179, "device_queued": 1585585081.4125938, "device_end": 1585585081.412821, "host_queued_end": 1585585146.789241}, "device": "gpu", "nd_range": {"device_start": 1585585081.4129019, "device_end": 1585585081.4129188}, "cmdq": 1, "read": {"device_start": -1, "device_end": -1}}, "FFC_sans_bias15": {"write": {"device_start": -1, "host_queued_start": 1585585146.787075, "device_queued": -1, "device_end": -1, "host_queued_end": 1585585146.789241}, "device": "gpu", "nd_range": {"device_start": 1585585081.4173102, "device_end": 1585585081.4179432}, "cmdq": 0, "read": {"device_start": -1, "device_end": -1}}, "FFC_sans_bias13": {"write": {"device_start": -1, "host_queued_start": 1585585146.785933, "device_queued": -1, "device_end": -1, "host_queued_end": 1585585146.789241}, "device": "gpu", "nd_range": {"device_start": 1585585081.415934, "device_end": 1585585081.4169176}, "cmdq": 1, "read": {"device_start": -1, "device_end": -1}}, "FFC_sans_bias10": {"write": {"device_start": 1585585081.4132783, "host_queued_start": 1585585146.783642, "device_queued": 1585585081.4131575, "device_end": 1585585081.4133127, "host_queued_end": 1585585146.789241}, "device": "gpu", "nd_range": {"device_start": 1585585081.4133887, "device_end": 1585585081.415494}, "cmdq": 1, "read": {"device_start": -1, "device_end": -1}}, "coalesced_transpose12": {"write": {"device_start": -1, "host_queued_start": 1585585146.785301, "device_queued": -1, "device_end": -1, "host_queued_end": 1585585146.789241}, "device": "gpu", "nd_range": {"device_start": 1585585081.4157977, "device_end": 1585585081.4158235}, "cmdq": 4, "read": {"device_start": -1, "device_end": -1}}}