{"FFC_sans_bias11": {"write": {"device_start": -1, "host_queued_start": 1585585144.15117, "device_queued": -1, "device_end": -1, "host_queued_end": 1585585144.155835}, "device": "cpu", "nd_range": {"device_start": 2252918.360733658, "device_end": 2252918.3704961874}, "cmdq": 3, "read": {"device_start": -1, "device_end": -1}}, "FFC_sans_bias4": {"write": {"device_start": -1, "host_queued_start": 1585585144.152168, "device_queued": -1, "device_end": -1, "host_queued_end": 1585585144.155835}, "device": "cpu", "nd_range": {"device_start": 2252918.368768903, "device_end": 2252918.379689413}, "cmdq": 2, "read": {"device_start": -1, "device_end": -1}}, "coalesced_transpose3": {"write": {"device_start": -1, "host_queued_start": 1585585144.151499, "device_queued": -1, "device_end": -1, "host_queued_end": 1585585144.155835}, "device": "cpu", "nd_range": {"device_start": 2252918.3642295673, "device_end": 2252918.3644680353}, "cmdq": 0, "read": {"device_start": -1, "device_end": -1}}, "FFC_sans_bias6": {"write": {"device_start": -1, "host_queued_start": 1585585144.153393, "device_queued": -1, "device_end": -1, "host_queued_end": 1585585144.155835}, "device": "cpu", "nd_range": {"device_start": 2252918.379970442, "device_end": 2252918.387852399}, "cmdq": 2, "read": {"device_start": -1, "device_end": -1}}, "FFC_sans_bias1": {"write": {"device_start": -1, "host_queued_start": 1585585144.146775, "device_queued": -1, "device_end": -1, "host_queued_end": 1585585144.155835}, "device": "cpu", "nd_range": {"device_start": 2252918.3455084013, "device_end": 2252918.360717859}, "cmdq": 3, "read": {"device_start": -1, "device_end": -1}}, "FFC_sans_bias0": {"write": {"device_start": -1, "host_queued_start": 1585585144.145706, "device_queued": -1, "device_end": -1, "host_queued_end": 1585585144.155835}, "device": "cpu", "nd_range": {"device_start": 2252918.345580738, "device_end": 2252918.360762951}, "cmdq": 2, "read": {"device_start": -1, "device_end": -1}}, "FFC_sans_bias2": {"write": {"device_start": -1, "host_queued_start": 1585585144.147855, "device_queued": -1, "device_end": -1, "host_queued_end": 1585585144.155835}, "device": "cpu", "nd_range": {"device_start": 2252918.345484915, "device_end": 2252918.360806724}, "cmdq": 0, "read": {"device_start": -1, "device_end": -1}}, "softmax14": {"write": {"device_start": -1, "host_queued_start": 1585585144.153058, "device_queued": -1, "device_end": -1, "host_queued_end": 1585585144.155835}, "device": "cpu", "nd_range": {"device_start": 2252918.37970337, "device_end": 2252918.379797692}, "cmdq": 1, "read": {"device_start": -1, "device_end": -1}}, "FFC_sans_bias16": {"write": {"device_start": -1, "host_queued_start": 1585585144.155792, "device_queued": -1, "device_end": -1, "host_queued_end": 1585585144.155835}, "device": "cpu", "nd_range": {"device_start": 2252918.387745847, "device_end": 2252918.3972461163}, "cmdq": 1, "read": {"device_start": -1, "device_end": -1}}, "softmax5": {"write": {"device_start": -1, "host_queued_start": 1585585144.152787, "device_queued": -1, "device_end": -1, "host_queued_end": 1585585144.155835}, "device": "cpu", "nd_range": {"device_start": 2252918.3798134592, "device_end": 2252918.379960156}, "cmdq": 0, "read": {"device_start": -1, "device_end": -1}}, "FFC_sans_bias9": {"write": {"device_start": -1, "host_queued_start": 1585585144.149051, "device_queued": -1, "device_end": -1, "host_queued_end": 1585585144.155835}, "device": "cpu", "nd_range": {"device_start": 2252918.3454833343, "device_end": 2252918.3621759373}, "cmdq": 1, "read": {"device_start": -1, "device_end": -1}}, "FFC_sans_bias7": {"write": {"device_start": -1, "host_queued_start": 1585585144.154801, "device_queued": -1, "device_end": -1, "host_queued_end": 1585585144.155835}, "device": "cpu", "nd_range": {"device_start": 2252918.387977124, "device_end": 2252918.397509269}, "cmdq": 0, "read": {"device_start": -1, "device_end": -1}}, "empty8": {"write": {"device_start": -1, "host_queued_start": 1585585144.143627, "device_queued": -1, "device_end": -1, "host_queued_end": 1585585144.155835}, "device": "cpu", "nd_range": {"device_start": 2252918.345449914, "device_end": 2252918.345461714}, "cmdq": 0, "read": {"device_start": -1, "device_end": -1}}, "empty17": {"write": {"device_start": -1, "host_queued_start": 1585585144.144644, "device_queued": -1, "device_end": -1, "host_queued_end": 1585585144.155835}, "device": "cpu", "nd_range": {"device_start": 2252918.345455891, "device_end": 2252918.345461735}, "cmdq": 1, "read": {"device_start": -1, "device_end": -1}}, "FFC_sans_bias15": {"write": {"device_start": -1, "host_queued_start": 1585585144.15373, "device_queued": -1, "device_end": -1, "host_queued_end": 1585585144.155835}, "device": "cpu", "nd_range": {"device_start": 2252918.37984893, "device_end": 2252918.387624838}, "cmdq": 3, "read": {"device_start": -1, "device_end": -1}}, "FFC_sans_bias13": {"write": {"device_start": -1, "host_queued_start": 1585585144.15251, "device_queued": -1, "device_end": -1, "host_queued_end": 1585585144.155835}, "device": "cpu", "nd_range": {"device_start": 2252918.370632721, "device_end": 2252918.379689877}, "cmdq": 3, "read": {"device_start": -1, "device_end": -1}}, "FFC_sans_bias10": {"write": {"device_start": -1, "host_queued_start": 1585585144.15009, "device_queued": -1, "device_end": -1, "host_queued_end": 1585585144.155835}, "device": "cpu", "nd_range": {"device_start": 2252918.360834321, "device_end": 2252918.368654646}, "cmdq": 2, "read": {"device_start": -1, "device_end": -1}}, "coalesced_transpose12": {"write": {"device_start": -1, "host_queued_start": 1585585144.151825, "device_queued": -1, "device_end": -1, "host_queued_end": 1585585144.155835}, "device": "cpu", "nd_range": {"device_start": 2252918.369935903, "device_end": 2252918.370169262}, "cmdq": 1, "read": {"device_start": -1, "device_end": -1}}}