{"FFC_sans_bias11": {"write": {"device_start": 1585584933.887756, "host_queued_start": 1585584999.256178, "device_queued": 1585584933.8871868, "device_end": 1585584933.887788, "host_queued_end": 1585584999.258959}, "device": "gpu", "nd_range": {"device_start": 1585584933.8877912, "device_end": 1585584933.8885536}, "cmdq": 1, "read": {"device_start": -1, "device_end": -1}}, "FFC_sans_bias4": {"write": {"device_start": -1, "host_queued_start": 1585584999.264714, "device_queued": -1, "device_end": -1, "host_queued_end": 1585584999.266564}, "device": "cpu", "nd_range": {"device_start": 2252773.468526637, "device_end": 2252773.472490175}, "cmdq": 0, "read": {"device_start": -1, "device_end": -1}}, "coalesced_transpose3": {"write": {"device_start": -1, "host_queued_start": 1585584999.264357, "device_queued": -1, "device_end": -1, "host_queued_end": 1585584999.266564}, "device": "cpu", "nd_range": {"device_start": 2252773.4684073064, "device_end": 2252773.468505274}, "cmdq": 0, "read": {"device_start": -1, "device_end": -1}}, "FFC_sans_bias6": {"write": {"device_start": -1, "host_queued_start": 1585584999.265395, "device_queued": -1, "device_end": -1, "host_queued_end": 1585584999.266564}, "device": "cpu", "nd_range": {"device_start": 2252773.472761067, "device_end": 2252773.4775280543}, "cmdq": 0, "read": {"device_start": -1, "device_end": -1}}, "FFC_sans_bias1": {"write": {"device_start": -1, "host_queued_start": 1585584999.262821, "device_queued": -1, "device_end": -1, "host_queued_end": 1585584999.266564}, "device": "cpu", "nd_range": {"device_start": 2252773.460249904, "device_end": 2252773.464440628}, "cmdq": 0, "read": {"device_start": -1, "device_end": -1}}, "FFC_sans_bias0": {"write": {"device_start": -1, "host_queued_start": 1585584999.261546, "device_queued": -1, "device_end": -1, "host_queued_end": 1585584999.266564}, "device": "cpu", "nd_range": {"device_start": 2252773.456195531, "device_end": 2252773.460231256}, "cmdq": 0, "read": {"device_start": -1, "device_end": -1}}, "FFC_sans_bias2": {"write": {"device_start": -1, "host_queued_start": 1585584999.263995, "device_queued": -1, "device_end": -1, "host_queued_end": 1585584999.266564}, "device": "cpu", "nd_range": {"device_start": 2252773.4644484753, "device_end": 2252773.4683942413}, "cmdq": 0, "read": {"device_start": -1, "device_end": -1}}, "softmax14": {"write": {"device_start": -1, "host_queued_start": 1585584999.257241, "device_queued": -1, "device_end": -1, "host_queued_end": 1585584999.258959}, "device": "gpu", "nd_range": {"device_start": 1585584933.8891695, "device_end": 1585584933.8893971}, "cmdq": 0, "read": {"device_start": -1, "device_end": -1}}, "FFC_sans_bias16": {"write": {"device_start": 1585584933.8894846, "host_queued_start": 1585584999.258791, "device_queued": 1585584933.887435, "device_end": 1585584933.8895159, "host_queued_end": 1585584999.258959}, "device": "gpu", "nd_range": {"device_start": 1585584933.8899996, "device_end": 1585584933.8905947}, "cmdq": 0, "read": {"device_start": 1585584933.890603, "device_end": 1585584933.8906324}}, "softmax5": {"write": {"device_start": -1, "host_queued_start": 1585584999.264995, "device_queued": -1, "device_end": -1, "host_queued_end": 1585584999.266564}, "device": "cpu", "nd_range": {"device_start": 2252773.472498029, "device_end": 2252773.4726331383}, "cmdq": 0, "read": {"device_start": -1, "device_end": -1}}, "FFC_sans_bias9": {"write": {"device_start": 1585584933.8870206, "host_queued_start": 1585584999.253903, "device_queued": 1585584933.8868763, "device_end": 1585584933.887047, "host_queued_end": 1585584999.258959}, "device": "gpu", "nd_range": {"device_start": 1585584933.8870497, "device_end": 1585584933.8876524}, "cmdq": 1, "read": {"device_start": -1, "device_end": -1}}, "FFC_sans_bias7": {"write": {"device_start": -1, "host_queued_start": 1585584999.266519, "device_queued": -1, "device_end": -1, "host_queued_end": 1585584999.266564}, "device": "cpu", "nd_range": {"device_start": 2252773.4775335724, "device_end": 2252773.481814268}, "cmdq": 0, "read": {"device_start": -1, "device_end": -1}}, "empty8": {"write": {"device_start": -1, "host_queued_start": 1585584999.260328, "device_queued": -1, "device_end": -1, "host_queued_end": 1585584999.266564}, "device": "cpu", "nd_range": {"device_start": 2252773.4561690954, "device_end": 2252773.4561810293}, "cmdq": 0, "read": {"device_start": -1, "device_end": -1}}, "empty17": {"write": {"device_start": 1585584933.8869078, "host_queued_start": 1585584999.252654, "device_queued": 1585584933.8867698, "device_end": 1585584933.8869674, "host_queued_end": 1585584999.258959}, "device": "gpu", "nd_range": {"device_start": 1585584933.886972, "device_end": 1585584933.8869781}, "cmdq": 0, "read": {"device_start": -1, "device_end": -1}}, "FFC_sans_bias15": {"write": {"device_start": -1, "host_queued_start": 1585584999.257661, "device_queued": -1, "device_end": -1, "host_queued_end": 1585584999.258959}, "device": "gpu", "nd_range": {"device_start": 1585584933.8894007, "device_end": 1585584933.8899963}, "cmdq": 1, "read": {"device_start": -1, "device_end": -1}}, "FFC_sans_bias13": {"write": {"device_start": -1, "host_queued_start": 1585584999.256977, "device_queued": -1, "device_end": -1, "host_queued_end": 1585584999.258959}, "device": "gpu", "nd_range": {"device_start": 1585584933.8885553, "device_end": 1585584933.8891654}, "cmdq": 1, "read": {"device_start": -1, "device_end": -1}}, "FFC_sans_bias10": {"write": {"device_start": 1585584933.8871212, "host_queued_start": 1585584999.255131, "device_queued": 1585584933.8869402, "device_end": 1585584933.887149, "host_queued_end": 1585584999.258959}, "device": "gpu", "nd_range": {"device_start": 1585584933.8871753, "device_end": 1585584933.8880515}, "cmdq": 0, "read": {"device_start": -1, "device_end": -1}}, "coalesced_transpose12": {"write": {"device_start": -1, "host_queued_start": 1585584999.256506, "device_queued": -1, "device_end": -1, "host_queued_end": 1585584999.258959}, "device": "gpu", "nd_range": {"device_start": 1585584933.8880534, "device_end": 1585584933.888459}, "cmdq": 0, "read": {"device_start": -1, "device_end": -1}}}