{"FFC_sans_bias11": {"write": {"device_start": 1585584997.159738, "host_queued_start": 1585585062.531027, "device_queued": 1585584997.1596537, "device_end": 1585584997.1597686, "host_queued_end": 1585585062.533467}, "device": "gpu", "nd_range": {"device_start": 1585584997.1597714, "device_end": 1585584997.1610878}, "cmdq": 0, "read": {"device_start": -1, "device_end": -1}}, "FFC_sans_bias4": {"write": {"device_start": -1, "host_queued_start": 1585585062.538782, "device_queued": -1, "device_end": -1, "host_queued_end": 1585585062.540469}, "device": "cpu", "nd_range": {"device_start": 2252836.742126595, "device_end": 2252836.746998085}, "cmdq": 1, "read": {"device_start": -1, "device_end": -1}}, "coalesced_transpose3": {"write": {"device_start": -1, "host_queued_start": 1585585062.538415, "device_queued": -1, "device_end": -1, "host_queued_end": 1585585062.540469}, "device": "cpu", "nd_range": {"device_start": 2252836.73886815, "device_end": 2252836.7391014253}, "cmdq": 0, "read": {"device_start": -1, "device_end": -1}}, "FFC_sans_bias6": {"write": {"device_start": -1, "host_queued_start": 1585585062.539393, "device_queued": -1, "device_end": -1, "host_queued_end": 1585585062.540469}, "device": "cpu", "nd_range": {"device_start": 2252836.747377242, "device_end": 2252836.751738903}, "cmdq": 3, "read": {"device_start": -1, "device_end": -1}}, "FFC_sans_bias1": {"write": {"device_start": -1, "host_queued_start": 1585585062.536911, "device_queued": -1, "device_end": -1, "host_queued_end": 1585585062.540469}, "device": "cpu", "nd_range": {"device_start": 2252836.7300878903, "device_end": 2252836.738731427}, "cmdq": 2, "read": {"device_start": -1, "device_end": -1}}, "FFC_sans_bias0": {"write": {"device_start": -1, "host_queued_start": 1585585062.535788, "device_queued": -1, "device_end": -1, "host_queued_end": 1585585062.540469}, "device": "cpu", "nd_range": {"device_start": 2252836.730086355, "device_end": 2252836.742000642}, "cmdq": 1, "read": {"device_start": -1, "device_end": -1}}, "FFC_sans_bias2": {"write": {"device_start": -1, "host_queued_start": 1585585062.538055, "device_queued": -1, "device_end": -1, "host_queued_end": 1585585062.540469}, "device": "cpu", "nd_range": {"device_start": 2252836.730094465, "device_end": 2252836.743775216}, "cmdq": 3, "read": {"device_start": -1, "device_end": -1}}, "softmax14": {"write": {"device_start": -1, "host_queued_start": 1585585062.53205, "device_queued": -1, "device_end": -1, "host_queued_end": 1585585062.533467}, "device": "gpu", "nd_range": {"device_start": 1585584997.1617014, "device_end": 1585584997.161902}, "cmdq": 0, "read": {"device_start": -1, "device_end": -1}}, "FFC_sans_bias16": {"write": {"device_start": 1585584997.161823, "host_queued_start": 1585585062.533359, "device_queued": 1585584997.1598556, "device_end": 1585584997.161853, "host_queued_end": 1585585062.533467}, "device": "gpu", "nd_range": {"device_start": 1585584997.162412, "device_end": 1585584997.1630094}, "cmdq": 2, "read": {"device_start": 1585584997.163017, "device_end": 1585584997.1630423}}, "softmax5": {"write": {"device_start": -1, "host_queued_start": 1585585062.539058, "device_queued": -1, "device_end": -1, "host_queued_end": 1585585062.540469}, "device": "cpu", "nd_range": {"device_start": 2252836.7471211813, "device_end": 2252836.747221418}, "cmdq": 2, "read": {"device_start": -1, "device_end": -1}}, "FFC_sans_bias9": {"write": {"device_start": 1585584997.1595256, "host_queued_start": 1585585062.528849, "device_queued": 1585584997.1593611, "device_end": 1585584997.1595888, "host_queued_end": 1585585062.533467}, "device": "gpu", "nd_range": {"device_start": 1585584997.1596, "device_end": 1585584997.160204}, "cmdq": 1, "read": {"device_start": -1, "device_end": -1}}, "FFC_sans_bias7": {"write": {"device_start": -1, "host_queued_start": 1585585062.540425, "device_queued": -1, "device_end": -1, "host_queued_end": 1585585062.540469}, "device": "cpu", "nd_range": {"device_start": 2252836.751756837, "device_end": 2252836.756316828}, "cmdq": 0, "read": {"device_start": -1, "device_end": -1}}, "empty8": {"write": {"device_start": -1, "host_queued_start": 1585585062.534779, "device_queued": -1, "device_end": -1, "host_queued_end": 1585585062.540469}, "device": "cpu", "nd_range": {"device_start": 2252836.7300422443, "device_end": 2252836.730053505}, "cmdq": 0, "read": {"device_start": -1, "device_end": -1}}, "empty17": {"write": {"device_start": 1585584997.159418, "host_queued_start": 1585585062.527633, "device_queued": 1585584997.1592872, "device_end": 1585584997.1594634, "host_queued_end": 1585585062.533467}, "device": "gpu", "nd_range": {"device_start": 1585584997.1594684, "device_end": 1585584997.159481}, "cmdq": 0, "read": {"device_start": -1, "device_end": -1}}, "FFC_sans_bias15": {"write": {"device_start": -1, "host_queued_start": 1585585062.532353, "device_queued": -1, "device_end": -1, "host_queued_end": 1585585062.533467}, "device": "gpu", "nd_range": {"device_start": 1585584997.1619065, "device_end": 1585584997.162409}, "cmdq": 1, "read": {"device_start": -1, "device_end": -1}}, "FFC_sans_bias13": {"write": {"device_start": -1, "host_queued_start": 1585585062.531794, "device_queued": -1, "device_end": -1, "host_queued_end": 1585585062.533467}, "device": "gpu", "nd_range": {"device_start": 1585584997.1610928, "device_end": 1585584997.1616986}, "cmdq": 2, "read": {"device_start": -1, "device_end": -1}}, "FFC_sans_bias10": {"write": {"device_start": 1585584997.1596174, "host_queued_start": 1585585062.529924, "device_queued": 1585584997.1593797, "device_end": 1585584997.1596422, "host_queued_end": 1585585062.533467}, "device": "gpu", "nd_range": {"device_start": 1585584997.15965, "device_end": 1585584997.160602}, "cmdq": 2, "read": {"device_start": -1, "device_end": -1}}, "coalesced_transpose12": {"write": {"device_start": -1, "host_queued_start": 1585585062.531478, "device_queued": -1, "device_end": -1, "host_queued_end": 1585585062.533467}, "device": "gpu", "nd_range": {"device_start": 1585584997.160606, "device_end": 1585584997.1610122}, "cmdq": 1, "read": {"device_start": -1, "device_end": -1}}}