{"FFC_sans_bias11": {"write": {"device_start": 1585585026.1985025, "host_queued_start": 1585585091.567354, "device_queued": 1585585026.1976187, "device_end": 1585585026.1985338, "host_queued_end": 1585585091.571938}, "device": "gpu", "nd_range": {"device_start": 1585585026.198539, "device_end": 1585585026.2003777}, "cmdq": 3, "read": {"device_start": -1, "device_end": -1}}, "FFC_sans_bias4": {"write": {"device_start": -1, "host_queued_start": 1585585091.568301, "device_queued": -1, "device_end": -1, "host_queued_end": 1585585091.571938}, "device": "gpu", "nd_range": {"device_start": 1585585026.20039, "device_end": 1585585026.2013884}, "cmdq": 2, "read": {"device_start": -1, "device_end": -1}}, "coalesced_transpose3": {"write": {"device_start": -1, "host_queued_start": 1585585091.567677, "device_queued": -1, "device_end": -1, "host_queued_end": 1585585091.571938}, "device": "gpu", "nd_range": {"device_start": 1585585026.198983, "device_end": 1585585026.2002194}, "cmdq": 0, "read": {"device_start": -1, "device_end": -1}}, "FFC_sans_bias6": {"write": {"device_start": -1, "host_queued_start": 1585585091.56942, "device_queued": -1, "device_end": -1, "host_queued_end": 1585585091.571938}, "device": "gpu", "nd_range": {"device_start": 1585585026.2016003, "device_end": 1585585026.2022135}, "cmdq": 2, "read": {"device_start": -1, "device_end": -1}}, "FFC_sans_bias1": {"write": {"device_start": 1585585026.197375, "host_queued_start": 1585585091.562944, "device_queued": 1585585026.1970632, "device_end": 1585585026.1974056, "host_queued_end": 1585585091.571938}, "device": "gpu", "nd_range": {"device_start": 1585585026.197414, "device_end": 1585585026.198405}, "cmdq": 3, "read": {"device_start": -1, "device_end": -1}}, "FFC_sans_bias0": {"write": {"device_start": 1585585026.1972885, "host_queued_start": 1585585091.561823, "device_queued": 1585585026.1970453, "device_end": 1585585026.197353, "host_queued_end": 1585585091.571938}, "device": "gpu", "nd_range": {"device_start": 1585585026.1973844, "device_end": 1585585026.1979923}, "cmdq": 2, "read": {"device_start": -1, "device_end": -1}}, "FFC_sans_bias2": {"write": {"device_start": 1585585026.197513, "host_queued_start": 1585585091.564019, "device_queued": 1585585026.1974208, "device_end": 1585585026.197542, "host_queued_end": 1585585091.571938}, "device": "gpu", "nd_range": {"device_start": 1585585026.1975458, "device_end": 1585585026.198981}, "cmdq": 0, "read": {"device_start": -1, "device_end": -1}}, "softmax14": {"write": {"device_start": -1, "host_queued_start": 1585585091.569111, "device_queued": -1, "device_end": -1, "host_queued_end": 1585585091.571938}, "device": "gpu", "nd_range": {"device_start": 1585585026.2014005, "device_end": 1585585026.2015955}, "cmdq": 1, "read": {"device_start": -1, "device_end": -1}}, "FFC_sans_bias16": {"write": {"device_start": 1585585026.2017689, "host_queued_start": 1585585091.57184, "device_queued": 1585585026.1983836, "device_end": 1585585026.2017934, "host_queued_end": 1585585091.571938}, "device": "gpu", "nd_range": {"device_start": 1585585026.2026138, "device_end": 1585585026.2035847}, "cmdq": 1, "read": {"device_start": 1585585026.2035863, "device_end": 1585585026.203609}}, "softmax5": {"write": {"device_start": -1, "host_queued_start": 1585585091.568865, "device_queued": -1, "device_end": -1, "host_queued_end": 1585585091.571938}, "device": "gpu", "nd_range": {"device_start": 1585585026.2013953, "device_end": 1585585026.2015934}, "cmdq": 0, "read": {"device_start": -1, "device_end": -1}}, "FFC_sans_bias9": {"write": {"device_start": 1585585026.1976695, "host_queued_start": 1585585091.565182, "device_queued": 1585585026.197574, "device_end": 1585585026.1976998, "host_queued_end": 1585585091.571938}, "device": "gpu", "nd_range": {"device_start": 1585585026.1977043, "device_end": 1585585026.199396}, "cmdq": 1, "read": {"device_start": -1, "device_end": -1}}, "FFC_sans_bias7": {"write": {"device_start": 1585585026.201701, "host_queued_start": 1585585091.570789, "device_queued": 1585585026.1982422, "device_end": 1585585026.2017608, "host_queued_end": 1585585091.571938}, "device": "gpu", "nd_range": {"device_start": 1585585026.202217, "device_end": 1585585026.2031791}, "cmdq": 0, "read": {"device_start": 1585585026.2031865, "device_end": 1585585026.2032094}}, "empty8": {"write": {"device_start": 1585585026.1970713, "host_queued_start": 1585585091.559766, "device_queued": 1585585026.1969342, "device_end": 1585585026.197124, "host_queued_end": 1585585091.571938}, "device": "gpu", "nd_range": {"device_start": 1585585026.1971283, "device_end": 1585585026.1971412}, "cmdq": 0, "read": {"device_start": -1, "device_end": -1}}, "empty17": {"write": {"device_start": 1585585026.19718, "host_queued_start": 1585585091.560811, "device_queued": 1585585026.197025, "device_end": 1585585026.1972456, "host_queued_end": 1585585091.571938}, "device": "gpu", "nd_range": {"device_start": 1585585026.1972506, "device_end": 1585585026.1972554}, "cmdq": 1, "read": {"device_start": -1, "device_end": -1}}, "FFC_sans_bias15": {"write": {"device_start": -1, "host_queued_start": 1585585091.569736, "device_queued": -1, "device_end": -1, "host_queued_end": 1585585091.571938}, "device": "gpu", "nd_range": {"device_start": 1585585026.2016122, "device_end": 1585585026.2026105}, "cmdq": 3, "read": {"device_start": -1, "device_end": -1}}, "FFC_sans_bias13": {"write": {"device_start": -1, "host_queued_start": 1585585091.568617, "device_queued": -1, "device_end": -1, "host_queued_end": 1585585091.571938}, "device": "gpu", "nd_range": {"device_start": 1585585026.2003827, "device_end": 1585585026.2009852}, "cmdq": 3, "read": {"device_start": -1, "device_end": -1}}, "FFC_sans_bias10": {"write": {"device_start": 1585585026.1981204, "host_queued_start": 1585585091.566245, "device_queued": 1585585026.1975994, "device_end": 1585585026.1981516, "host_queued_end": 1585585091.571938}, "device": "gpu", "nd_range": {"device_start": 1585585026.1981554, "device_end": 1585585026.1999445}, "cmdq": 2, "read": {"device_start": -1, "device_end": -1}}, "coalesced_transpose12": {"write": {"device_start": -1, "host_queued_start": 1585585091.567982, "device_queued": -1, "device_end": -1, "host_queued_end": 1585585091.571938}, "device": "gpu", "nd_range": {"device_start": 1585585026.1999512, "device_end": 1585585026.2002454}, "cmdq": 1, "read": {"device_start": -1, "device_end": -1}}}