{"FFC_sans_bias11": {"write": {"device_start": 1585585034.1021159, "host_queued_start": 1585585099.471234, "device_queued": 1585585034.1012168, "device_end": 1585585034.1021464, "host_queued_end": 1585585099.475794}, "device": "gpu", "nd_range": {"device_start": 1585585034.102149, "device_end": 1585585034.1039753}, "cmdq": 3, "read": {"device_start": -1, "device_end": -1}}, "FFC_sans_bias4": {"write": {"device_start": -1, "host_queued_start": 1585585099.47217, "device_queued": -1, "device_end": -1, "host_queued_end": 1585585099.475794}, "device": "gpu", "nd_range": {"device_start": 1585585034.1039884, "device_end": 1585585034.1049812}, "cmdq": 2, "read": {"device_start": -1, "device_end": -1}}, "coalesced_transpose3": {"write": {"device_start": -1, "host_queued_start": 1585585099.47156, "device_queued": -1, "device_end": -1, "host_queued_end": 1585585099.475794}, "device": "gpu", "nd_range": {"device_start": 1585585034.1025538, "device_end": 1585585034.1038425}, "cmdq": 0, "read": {"device_start": -1, "device_end": -1}}, "FFC_sans_bias6": {"write": {"device_start": -1, "host_queued_start": 1585585099.473268, "device_queued": -1, "device_end": -1, "host_queued_end": 1585585099.475794}, "device": "gpu", "nd_range": {"device_start": 1585585034.105193, "device_end": 1585585034.1057973}, "cmdq": 2, "read": {"device_start": -1, "device_end": -1}}, "FFC_sans_bias1": {"write": {"device_start": 1585585034.1009693, "host_queued_start": 1585585099.466862, "device_queued": 1585585034.100677, "device_end": 1585585034.1009934, "host_queued_end": 1585585099.475794}, "device": "gpu", "nd_range": {"device_start": 1585585034.101009, "device_end": 1585585034.1019957}, "cmdq": 3, "read": {"device_start": -1, "device_end": -1}}, "FFC_sans_bias0": {"write": {"device_start": 1585585034.1008852, "host_queued_start": 1585585099.465829, "device_queued": 1585585034.1006532, "device_end": 1585585034.1009471, "host_queued_end": 1585585099.475794}, "device": "gpu", "nd_range": {"device_start": 1585585034.1009784, "device_end": 1585585034.1015885}, "cmdq": 2, "read": {"device_start": -1, "device_end": -1}}, "FFC_sans_bias2": {"write": {"device_start": 1585585034.1011107, "host_queued_start": 1585585099.467954, "device_queued": 1585585034.1010153, "device_end": 1585585034.10114, "host_queued_end": 1585585099.475794}, "device": "gpu", "nd_range": {"device_start": 1585585034.1011431, "device_end": 1585585034.1025522}, "cmdq": 0, "read": {"device_start": -1, "device_end": -1}}, "softmax14": {"write": {"device_start": -1, "host_queued_start": 1585585099.472964, "device_queued": -1, "device_end": -1, "host_queued_end": 1585585099.475794}, "device": "gpu", "nd_range": {"device_start": 1585585034.1049948, "device_end": 1585585034.105188}, "cmdq": 1, "read": {"device_start": -1, "device_end": -1}}, "FFC_sans_bias16": {"write": {"device_start": 1585585034.105347, "host_queued_start": 1585585099.475688, "device_queued": 1585585034.1019306, "device_end": 1585585034.105378, "host_queued_end": 1585585099.475794}, "device": "gpu", "nd_range": {"device_start": 1585585034.106202, "device_end": 1585585034.107174}, "cmdq": 1, "read": {"device_start": 1585585034.1071777, "device_end": 1585585034.1072004}}, "softmax5": {"write": {"device_start": -1, "host_queued_start": 1585585099.472721, "device_queued": -1, "device_end": -1, "host_queued_end": 1585585099.475794}, "device": "gpu", "nd_range": {"device_start": 1585585034.104989, "device_end": 1585585034.105185}, "cmdq": 0, "read": {"device_start": -1, "device_end": -1}}, "FFC_sans_bias9": {"write": {"device_start": 1585585034.1012688, "host_queued_start": 1585585099.469105, "device_queued": 1585585034.101173, "device_end": 1585585034.1012995, "host_queued_end": 1585585099.475794}, "device": "gpu", "nd_range": {"device_start": 1585585034.1013026, "device_end": 1585585034.10299}, "cmdq": 1, "read": {"device_start": -1, "device_end": -1}}, "FFC_sans_bias7": {"write": {"device_start": 1585585034.1052687, "host_queued_start": 1585585099.474605, "device_queued": 1585585034.1018062, "device_end": 1585585034.105322, "host_queued_end": 1585585099.475794}, "device": "gpu", "nd_range": {"device_start": 1585585034.105801, "device_end": 1585585034.1067798}, "cmdq": 0, "read": {"device_start": 1585585034.1067812, "device_end": 1585585034.1068096}}, "empty8": {"write": {"device_start": 1585585034.100666, "host_queued_start": 1585585099.463719, "device_queued": 1585585034.1005332, "device_end": 1585585034.100707, "host_queued_end": 1585585099.475794}, "device": "gpu", "nd_range": {"device_start": 1585585034.1007152, "device_end": 1585585034.1007283}, "cmdq": 0, "read": {"device_start": -1, "device_end": -1}}, "empty17": {"write": {"device_start": 1585585034.1007755, "host_queued_start": 1585585099.464759, "device_queued": 1585585034.1006372, "device_end": 1585585034.1008344, "host_queued_end": 1585585099.475794}, "device": "gpu", "nd_range": {"device_start": 1585585034.100851, "device_end": 1585585034.1008549}, "cmdq": 1, "read": {"device_start": -1, "device_end": -1}}, "FFC_sans_bias15": {"write": {"device_start": -1, "host_queued_start": 1585585099.473581, "device_queued": -1, "device_end": -1, "host_queued_end": 1585585099.475794}, "device": "gpu", "nd_range": {"device_start": 1585585034.1051977, "device_end": 1585585034.1061985}, "cmdq": 3, "read": {"device_start": -1, "device_end": -1}}, "FFC_sans_bias13": {"write": {"device_start": -1, "host_queued_start": 1585585099.472475, "device_queued": -1, "device_end": -1, "host_queued_end": 1585585099.475794}, "device": "gpu", "nd_range": {"device_start": 1585585034.10398, "device_end": 1585585034.1045804}, "cmdq": 3, "read": {"device_start": -1, "device_end": -1}}, "FFC_sans_bias10": {"write": {"device_start": 1585585034.101716, "host_queued_start": 1585585099.470143, "device_queued": 1585585034.1011984, "device_end": 1585585034.1017406, "host_queued_end": 1585585099.475794}, "device": "gpu", "nd_range": {"device_start": 1585585034.1017454, "device_end": 1585585034.1035051}, "cmdq": 2, "read": {"device_start": -1, "device_end": -1}}, "coalesced_transpose12": {"write": {"device_start": -1, "host_queued_start": 1585585099.471857, "device_queued": -1, "device_end": -1, "host_queued_end": 1585585099.475794}, "device": "gpu", "nd_range": {"device_start": 1585585034.103512, "device_end": 1585585034.1038516}, "cmdq": 1, "read": {"device_start": -1, "device_end": -1}}}