{"FFC_sans_bias11": {"write": {"device_start": 1585584910.1036339, "host_queued_start": 1585584975.470988, "device_queued": 1585584910.102353, "device_end": 1585584910.1036575, "host_queued_end": 1585584975.473454}, "device": "gpu", "nd_range": {"device_start": 1585584910.1036642, "device_end": 1585584910.1042607}, "cmdq": 0, "read": {"device_start": -1, "device_end": -1}}, "FFC_sans_bias4": {"write": {"device_start": -1, "host_queued_start": 1585584975.478837, "device_queued": -1, "device_end": -1, "host_queued_end": 1585584975.480527}, "device": "cpu", "nd_range": {"device_start": 2252749.6828836463, "device_end": 2252749.689611181}, "cmdq": 2, "read": {"device_start": -1, "device_end": -1}}, "coalesced_transpose3": {"write": {"device_start": -1, "host_queued_start": 1585584975.478397, "device_queued": -1, "device_end": -1, "host_queued_end": 1585584975.480527}, "device": "cpu", "nd_range": {"device_start": 2252749.6825762843, "device_end": 2252749.682718853}, "cmdq": 1, "read": {"device_start": -1, "device_end": -1}}, "FFC_sans_bias6": {"write": {"device_start": -1, "host_queued_start": 1585584975.479448, "device_queued": -1, "device_end": -1, "host_queued_end": 1585584975.480527}, "device": "cpu", "nd_range": {"device_start": 2252749.689920333, "device_end": 2252749.6937838322}, "cmdq": 1, "read": {"device_start": -1, "device_end": -1}}, "FFC_sans_bias1": {"write": {"device_start": -1, "host_queued_start": 1585584975.476946, "device_queued": -1, "device_end": -1, "host_queued_end": 1585584975.480527}, "device": "cpu", "nd_range": {"device_start": 2252749.674197786, "device_end": 2252749.6825553263}, "cmdq": 2, "read": {"device_start": -1, "device_end": -1}}, "FFC_sans_bias0": {"write": {"device_start": -1, "host_queued_start": 1585584975.475877, "device_queued": -1, "device_end": -1, "host_queued_end": 1585584975.480527}, "device": "cpu", "nd_range": {"device_start": 2252749.670152762, "device_end": 2252749.6787606534}, "cmdq": 1, "read": {"device_start": -1, "device_end": -1}}, "FFC_sans_bias2": {"write": {"device_start": -1, "host_queued_start": 1585584975.478067, "device_queued": -1, "device_end": -1, "host_queued_end": 1585584975.480527}, "device": "cpu", "nd_range": {"device_start": 2252749.6703752642, "device_end": 2252749.682070746}, "cmdq": 0, "read": {"device_start": -1, "device_end": -1}}, "softmax14": {"write": {"device_start": -1, "host_queued_start": 1585584975.472019, "device_queued": -1, "device_end": -1, "host_queued_end": 1585584975.473454}, "device": "gpu", "nd_range": {"device_start": 1585584910.1048667, "device_end": 1585584910.1050777}, "cmdq": 0, "read": {"device_start": -1, "device_end": -1}}, "FFC_sans_bias16": {"write": {"device_start": 1585584910.1057749, "host_queued_start": 1585584975.473342, "device_queued": 1585584910.1025538, "device_end": 1585584910.1058054, "host_queued_end": 1585584975.473454}, "device": "gpu", "nd_range": {"device_start": 1585584910.1058095, "device_end": 1585584910.1064057}, "cmdq": 0, "read": {"device_start": 1585584910.106413, "device_end": 1585584910.1064367}}, "softmax5": {"write": {"device_start": -1, "host_queued_start": 1585584975.479112, "device_queued": -1, "device_end": -1, "host_queued_end": 1585584975.480527}, "device": "cpu", "nd_range": {"device_start": 2252749.6896196343, "device_end": 2252749.689766041}, "cmdq": 0, "read": {"device_start": -1, "device_end": -1}}, "FFC_sans_bias9": {"write": {"device_start": 1585584910.1022575, "host_queued_start": 1585584975.468837, "device_queued": 1585584910.1020422, "device_end": 1585584910.1022875, "host_queued_end": 1585584975.473454}, "device": "gpu", "nd_range": {"device_start": 1585584910.1022959, "device_end": 1585584910.1028056}, "cmdq": 0, "read": {"device_start": -1, "device_end": -1}}, "FFC_sans_bias7": {"write": {"device_start": -1, "host_queued_start": 1585584975.480482, "device_queued": -1, "device_end": -1, "host_queued_end": 1585584975.480527}, "device": "cpu", "nd_range": {"device_start": 2252749.69379217, "device_end": 2252749.6986878053}, "cmdq": 2, "read": {"device_start": -1, "device_end": -1}}, "empty8": {"write": {"device_start": -1, "host_queued_start": 1585584975.474753, "device_queued": -1, "device_end": -1, "host_queued_end": 1585584975.480527}, "device": "cpu", "nd_range": {"device_start": 2252749.670104316, "device_end": 2252749.670114586}, "cmdq": 0, "read": {"device_start": -1, "device_end": -1}}, "empty17": {"write": {"device_start": 1585584910.1020844, "host_queued_start": 1585584975.46764, "device_queued": 1585584910.1019428, "device_end": 1585584910.1021101, "host_queued_end": 1585584975.473454}, "device": "gpu", "nd_range": {"device_start": 1585584910.1021147, "device_end": 1585584910.1021192}, "cmdq": 0, "read": {"device_start": -1, "device_end": -1}}, "FFC_sans_bias15": {"write": {"device_start": -1, "host_queued_start": 1585584975.472331, "device_queued": -1, "device_end": -1, "host_queued_end": 1585584975.473454}, "device": "gpu", "nd_range": {"device_start": 1585584910.105079, "device_end": 1585584910.1056755}, "cmdq": 0, "read": {"device_start": -1, "device_end": -1}}, "FFC_sans_bias13": {"write": {"device_start": -1, "host_queued_start": 1585584975.471763, "device_queued": -1, "device_end": -1, "host_queued_end": 1585584975.473454}, "device": "gpu", "nd_range": {"device_start": 1585584910.1042705, "device_end": 1585584910.1048656}, "cmdq": 0, "read": {"device_start": -1, "device_end": -1}}, "FFC_sans_bias10": {"write": {"device_start": 1585584910.102916, "host_queued_start": 1585584975.469908, "device_queued": 1585584910.1020823, "device_end": 1585584910.1029468, "host_queued_end": 1585584975.473454}, "device": "gpu", "nd_range": {"device_start": 1585584910.1029525, "device_end": 1585584910.1035495}, "cmdq": 0, "read": {"device_start": -1, "device_end": -1}}, "coalesced_transpose12": {"write": {"device_start": -1, "host_queued_start": 1585584975.47131, "device_queued": -1, "device_end": -1, "host_queued_end": 1585584975.473454}, "device": "gpu", "nd_range": {"device_start": 1585584910.1042619, "device_end": 1585584910.1042693}, "cmdq": 0, "read": {"device_start": -1, "device_end": -1}}}