{"FFC_sans_bias11": {"write": {"device_start": 1585585076.1414027, "host_queued_start": 1585585141.515056, "device_queued": 1585585076.1411426, "device_end": 1585585076.1414268, "host_queued_end": 1585585141.517624}, "device": "gpu", "nd_range": {"device_start": 1585585076.1414468, "device_end": 1585585076.1429074}, "cmdq": 3, "read": {"device_start": -1, "device_end": -1}}, "FFC_sans_bias4": {"write": {"device_start": -1, "host_queued_start": 1585585141.522945, "device_queued": -1, "device_end": -1, "host_queued_end": 1585585141.524645}, "device": "cpu", "nd_range": {"device_start": 2252915.727591639, "device_end": 2252915.731574683}, "cmdq": 1, "read": {"device_start": -1, "device_end": -1}}, "coalesced_transpose3": {"write": {"device_start": -1, "host_queued_start": 1585585141.522568, "device_queued": -1, "device_end": -1, "host_queued_end": 1585585141.524645}, "device": "cpu", "nd_range": {"device_start": 2252915.726699897, "device_end": 2252915.7268004674}, "cmdq": 0, "read": {"device_start": -1, "device_end": -1}}, "FFC_sans_bias6": {"write": {"device_start": -1, "host_queued_start": 1585585141.523558, "device_queued": -1, "device_end": -1, "host_queued_end": 1585585141.524645}, "device": "cpu", "nd_range": {"device_start": 2252915.7319281073, "device_end": 2252915.736696803}, "cmdq": 3, "read": {"device_start": -1, "device_end": -1}}, "FFC_sans_bias1": {"write": {"device_start": -1, "host_queued_start": 1585585141.521075, "device_queued": -1, "device_end": -1, "host_queued_end": 1585585141.524645}, "device": "cpu", "nd_range": {"device_start": 2252915.714254004, "device_end": 2252915.726573366}, "cmdq": 2, "read": {"device_start": -1, "device_end": -1}}, "FFC_sans_bias0": {"write": {"device_start": -1, "host_queued_start": 1585585141.519968, "device_queued": -1, "device_end": -1, "host_queued_end": 1585585141.524645}, "device": "cpu", "nd_range": {"device_start": 2252915.714242557, "device_end": 2252915.727569681}, "cmdq": 1, "read": {"device_start": -1, "device_end": -1}}, "FFC_sans_bias2": {"write": {"device_start": -1, "host_queued_start": 1585585141.522198, "device_queued": -1, "device_end": -1, "host_queued_end": 1585585141.524645}, "device": "cpu", "nd_range": {"device_start": 2252915.7142656143, "device_end": 2252915.722815028}, "cmdq": 3, "read": {"device_start": -1, "device_end": -1}}, "softmax14": {"write": {"device_start": -1, "host_queued_start": 1585585141.516196, "device_queued": -1, "device_end": -1, "host_queued_end": 1585585141.517624}, "device": "gpu", "nd_range": {"device_start": 1585585076.1435165, "device_end": 1585585076.1437101}, "cmdq": 1, "read": {"device_start": -1, "device_end": -1}}, "FFC_sans_bias16": {"write": {"device_start": 1585585076.1430342, "host_queued_start": 1585585141.517515, "device_queued": 1585585076.141606, "device_end": 1585585076.1430643, "host_queued_end": 1585585141.517624}, "device": "gpu", "nd_range": {"device_start": 1585585076.1443186, "device_end": 1585585076.144915}, "cmdq": 3, "read": {"device_start": 1585585076.144917, "device_end": 1585585076.14494}}, "softmax5": {"write": {"device_start": -1, "host_queued_start": 1585585141.523221, "device_queued": -1, "device_end": -1, "host_queued_end": 1585585141.524645}, "device": "cpu", "nd_range": {"device_start": 2252915.731634567, "device_end": 2252915.731811501}, "cmdq": 2, "read": {"device_start": -1, "device_end": -1}}, "FFC_sans_bias9": {"write": {"device_start": 1585585076.1412234, "host_queued_start": 1585585141.512866, "device_queued": 1585585076.1410935, "device_end": 1585585076.1412826, "host_queued_end": 1585585141.517624}, "device": "gpu", "nd_range": {"device_start": 1585585076.1414099, "device_end": 1585585076.1420271}, "cmdq": 1, "read": {"device_start": -1, "device_end": -1}}, "FFC_sans_bias7": {"write": {"device_start": -1, "host_queued_start": 1585585141.5246, "device_queued": -1, "device_end": -1, "host_queued_end": 1585585141.524645}, "device": "cpu", "nd_range": {"device_start": 2252915.736737425, "device_end": 2252915.7411445472}, "cmdq": 0, "read": {"device_start": -1, "device_end": -1}}, "empty8": {"write": {"device_start": -1, "host_queued_start": 1585585141.518928, "device_queued": -1, "device_end": -1, "host_queued_end": 1585585141.524645}, "device": "cpu", "nd_range": {"device_start": 2252915.714221131, "device_end": 2252915.714230012}, "cmdq": 0, "read": {"device_start": -1, "device_end": -1}}, "empty17": {"write": {"device_start": 1585585076.1411147, "host_queued_start": 1585585141.511671, "device_queued": 1585585076.1410131, "device_end": 1585585076.141152, "host_queued_end": 1585585141.517624}, "device": "gpu", "nd_range": {"device_start": 1585585076.1411567, "device_end": 1585585076.1411617}, "cmdq": 0, "read": {"device_start": -1, "device_end": -1}}, "FFC_sans_bias15": {"write": {"device_start": -1, "host_queued_start": 1585585141.516511, "device_queued": -1, "device_end": -1, "host_queued_end": 1585585141.517624}, "device": "gpu", "nd_range": {"device_start": 1585585076.143717, "device_end": 1585585076.1443145}, "cmdq": 2, "read": {"device_start": -1, "device_end": -1}}, "FFC_sans_bias13": {"write": {"device_start": -1, "host_queued_start": 1585585141.515941, "device_queued": -1, "device_end": -1, "host_queued_end": 1585585141.517624}, "device": "gpu", "nd_range": {"device_start": 1585585076.1429102, "device_end": 1585585076.143509}, "cmdq": 0, "read": {"device_start": -1, "device_end": -1}}, "FFC_sans_bias10": {"write": {"device_start": 1585585076.1413248, "host_queued_start": 1585585141.513944, "device_queued": 1585585076.1411114, "device_end": 1585585076.1413794, "host_queued_end": 1585585141.517624}, "device": "gpu", "nd_range": {"device_start": 1585585076.1414318, "device_end": 1585585076.1424224}, "cmdq": 2, "read": {"device_start": -1, "device_end": -1}}, "coalesced_transpose12": {"write": {"device_start": -1, "host_queued_start": 1585585141.515592, "device_queued": -1, "device_end": -1, "host_queued_end": 1585585141.517624}, "device": "gpu", "nd_range": {"device_start": 1585585076.142426, "device_end": 1585585076.1428332}, "cmdq": 4, "read": {"device_start": -1, "device_end": -1}}}