{"FFC_sans_bias11": {"write": {"device_start": 1585584902.2077162, "host_queued_start": 1585584967.574873, "device_queued": 1585584902.2064838, "device_end": 1585584902.207746, "host_queued_end": 1585584967.577316}, "device": "gpu", "nd_range": {"device_start": 1585584902.2077615, "device_end": 1585584902.2083642}, "cmdq": 0, "read": {"device_start": -1, "device_end": -1}}, "FFC_sans_bias4": {"write": {"device_start": -1, "host_queued_start": 1585584967.582759, "device_queued": -1, "device_end": -1, "host_queued_end": 1585584967.584448}, "device": "cpu", "nd_range": {"device_start": 2252741.7873523873, "device_end": 2252741.792223994}, "cmdq": 1, "read": {"device_start": -1, "device_end": -1}}, "coalesced_transpose3": {"write": {"device_start": -1, "host_queued_start": 1585584967.58239, "device_queued": -1, "device_end": -1, "host_queued_end": 1585584967.584448}, "device": "cpu", "nd_range": {"device_start": 2252741.782119159, "device_end": 2252741.7822480993}, "cmdq": 0, "read": {"device_start": -1, "device_end": -1}}, "FFC_sans_bias6": {"write": {"device_start": -1, "host_queued_start": 1585584967.583369, "device_queued": -1, "device_end": -1, "host_queued_end": 1585584967.584448}, "device": "cpu", "nd_range": {"device_start": 2252741.792530479, "device_end": 2252741.7967463923}, "cmdq": 1, "read": {"device_start": -1, "device_end": -1}}, "FFC_sans_bias1": {"write": {"device_start": -1, "host_queued_start": 1585584967.580912, "device_queued": -1, "device_end": -1, "host_queued_end": 1585584967.584448}, "device": "cpu", "nd_range": {"device_start": 2252741.774076301, "device_end": 2252741.782095407}, "cmdq": 0, "read": {"device_start": -1, "device_end": -1}}, "FFC_sans_bias0": {"write": {"device_start": -1, "host_queued_start": 1585584967.579836, "device_queued": -1, "device_end": -1, "host_queued_end": 1585584967.584448}, "device": "cpu", "nd_range": {"device_start": 2252741.774071147, "device_end": 2252741.782011658}, "cmdq": 1, "read": {"device_start": -1, "device_end": -1}}, "FFC_sans_bias2": {"write": {"device_start": -1, "host_queued_start": 1585584967.582015, "device_queued": -1, "device_end": -1, "host_queued_end": 1585584967.584448}, "device": "cpu", "nd_range": {"device_start": 2252741.7833820563, "device_end": 2252741.787212614}, "cmdq": 1, "read": {"device_start": -1, "device_end": -1}}, "softmax14": {"write": {"device_start": -1, "host_queued_start": 1585584967.575892, "device_queued": -1, "device_end": -1, "host_queued_end": 1585584967.577316}, "device": "gpu", "nd_range": {"device_start": 1585584902.2089746, "device_end": 1585584902.2091742}, "cmdq": 0, "read": {"device_start": -1, "device_end": -1}}, "FFC_sans_bias16": {"write": {"device_start": 1585584902.209797, "host_queued_start": 1585584967.577208, "device_queued": 1585584902.206688, "device_end": 1585584902.2098224, "host_queued_end": 1585584967.577316}, "device": "gpu", "nd_range": {"device_start": 1585584902.209825, "device_end": 1585584902.210419}, "cmdq": 0, "read": {"device_start": 1585584902.2104216, "device_end": 1585584902.2104452}}, "softmax5": {"write": {"device_start": -1, "host_queued_start": 1585584967.583035, "device_queued": -1, "device_end": -1, "host_queued_end": 1585584967.584448}, "device": "cpu", "nd_range": {"device_start": 2252741.792239123, "device_end": 2252741.792374079}, "cmdq": 0, "read": {"device_start": -1, "device_end": -1}}, "FFC_sans_bias9": {"write": {"device_start": 1585584902.206305, "host_queued_start": 1585584967.572772, "device_queued": 1585584902.2061093, "device_end": 1585584902.2063315, "host_queued_end": 1585584967.577316}, "device": "gpu", "nd_range": {"device_start": 1585584902.206342, "device_end": 1585584902.2069397}, "cmdq": 0, "read": {"device_start": -1, "device_end": -1}}, "FFC_sans_bias7": {"write": {"device_start": -1, "host_queued_start": 1585584967.584404, "device_queued": -1, "device_end": -1, "host_queued_end": 1585584967.584448}, "device": "cpu", "nd_range": {"device_start": 2252741.7967653773, "device_end": 2252741.8017603382}, "cmdq": 0, "read": {"device_start": -1, "device_end": -1}}, "empty8": {"write": {"device_start": -1, "host_queued_start": 1585584967.578647, "device_queued": -1, "device_end": -1, "host_queued_end": 1585584967.584448}, "device": "cpu", "nd_range": {"device_start": 2252741.7740279622, "device_end": 2252741.7740371963}, "cmdq": 0, "read": {"device_start": -1, "device_end": -1}}, "empty17": {"write": {"device_start": 1585584902.2061405, "host_queued_start": 1585584967.571578, "device_queued": 1585584902.2060237, "device_end": 1585584902.2061672, "host_queued_end": 1585584967.577316}, "device": "gpu", "nd_range": {"device_start": 1585584902.2061715, "device_end": 1585584902.206176}, "cmdq": 0, "read": {"device_start": -1, "device_end": -1}}, "FFC_sans_bias15": {"write": {"device_start": -1, "host_queued_start": 1585584967.576197, "device_queued": -1, "device_end": -1, "host_queued_end": 1585584967.577316}, "device": "gpu", "nd_range": {"device_start": 1585584902.209175, "device_end": 1585584902.2096784}, "cmdq": 0, "read": {"device_start": -1, "device_end": -1}}, "FFC_sans_bias13": {"write": {"device_start": -1, "host_queued_start": 1585584967.575638, "device_queued": -1, "device_end": -1, "host_queued_end": 1585584967.577316}, "device": "gpu", "nd_range": {"device_start": 1585584902.2083735, "device_end": 1585584902.2089736}, "cmdq": 0, "read": {"device_start": -1, "device_end": -1}}, "FFC_sans_bias10": {"write": {"device_start": 1585584902.2070496, "host_queued_start": 1585584967.573808, "device_queued": 1585584902.206162, "device_end": 1585584902.2070813, "host_queued_end": 1585584967.577316}, "device": "gpu", "nd_range": {"device_start": 1585584902.2070882, "device_end": 1585584902.2075887}, "cmdq": 0, "read": {"device_start": -1, "device_end": -1}}, "coalesced_transpose12": {"write": {"device_start": -1, "host_queued_start": 1585584967.575191, "device_queued": -1, "device_end": -1, "host_queued_end": 1585584967.577316}, "device": "gpu", "nd_range": {"device_start": 1585584902.2083652, "device_end": 1585584902.2083724}, "cmdq": 0, "read": {"device_start": -1, "device_end": -1}}}