{"FFC_sans_bias11": {"write": {"device_start": -1, "host_queued_start": 1585584970.195148, "device_queued": -1, "device_end": -1, "host_queued_end": 1585584970.199855}, "device": "cpu", "nd_range": {"device_start": 2252744.411180024, "device_end": 2252744.4195153234}, "cmdq": 1, "read": {"device_start": -1, "device_end": -1}}, "FFC_sans_bias4": {"write": {"device_start": -1, "host_queued_start": 1585584970.196155, "device_queued": -1, "device_end": -1, "host_queued_end": 1585584970.199855}, "device": "cpu", "nd_range": {"device_start": 2252744.4104898693, "device_end": 2252744.41618689}, "cmdq": 0, "read": {"device_start": -1, "device_end": -1}}, "coalesced_transpose3": {"write": {"device_start": -1, "host_queued_start": 1585584970.195484, "device_queued": -1, "device_end": -1, "host_queued_end": 1585584970.199855}, "device": "cpu", "nd_range": {"device_start": 2252744.410194396, "device_end": 2252744.410356889}, "cmdq": 0, "read": {"device_start": -1, "device_end": -1}}, "FFC_sans_bias6": {"write": {"device_start": -1, "host_queued_start": 1585584970.197393, "device_queued": -1, "device_end": -1, "host_queued_end": 1585584970.199855}, "device": "cpu", "nd_range": {"device_start": 2252744.4166251794, "device_end": 2252744.423444307}, "cmdq": 0, "read": {"device_start": -1, "device_end": -1}}, "FFC_sans_bias1": {"write": {"device_start": -1, "host_queued_start": 1585584970.190762, "device_queued": -1, "device_end": -1, "host_queued_end": 1585584970.199855}, "device": "cpu", "nd_range": {"device_start": 2252744.3894991423, "device_end": 2252744.3974239184}, "cmdq": 1, "read": {"device_start": -1, "device_end": -1}}, "FFC_sans_bias0": {"write": {"device_start": -1, "host_queued_start": 1585584970.189653, "device_queued": -1, "device_end": -1, "host_queued_end": 1585584970.199855}, "device": "cpu", "nd_range": {"device_start": 2252744.389500133, "device_end": 2252744.397422354}, "cmdq": 0, "read": {"device_start": -1, "device_end": -1}}, "FFC_sans_bias2": {"write": {"device_start": -1, "host_queued_start": 1585584970.191821, "device_queued": -1, "device_end": -1, "host_queued_end": 1585584970.199855}, "device": "cpu", "nd_range": {"device_start": 2252744.397438751, "device_end": 2252744.404072159}, "cmdq": 0, "read": {"device_start": -1, "device_end": -1}}, "softmax14": {"write": {"device_start": -1, "host_queued_start": 1585584970.197057, "device_queued": -1, "device_end": -1, "host_queued_end": 1585584970.199855}, "device": "cpu", "nd_range": {"device_start": 2252744.437023072, "device_end": 2252744.437116087}, "cmdq": 1, "read": {"device_start": -1, "device_end": -1}}, "FFC_sans_bias16": {"write": {"device_start": -1, "host_queued_start": 1585584970.199811, "device_queued": -1, "device_end": -1, "host_queued_end": 1585584970.199855}, "device": "cpu", "nd_range": {"device_start": 2252744.4412473063, "device_end": 2252744.44609931}, "cmdq": 1, "read": {"device_start": -1, "device_end": -1}}, "softmax5": {"write": {"device_start": -1, "host_queued_start": 1585584970.196785, "device_queued": -1, "device_end": -1, "host_queued_end": 1585584970.199855}, "device": "cpu", "nd_range": {"device_start": 2252744.4163025883, "device_end": 2252744.4165156563}, "cmdq": 0, "read": {"device_start": -1, "device_end": -1}}, "FFC_sans_bias9": {"write": {"device_start": -1, "host_queued_start": 1585584970.192865, "device_queued": -1, "device_end": -1, "host_queued_end": 1585584970.199855}, "device": "cpu", "nd_range": {"device_start": 2252744.397453365, "device_end": 2252744.406489645}, "cmdq": 1, "read": {"device_start": -1, "device_end": -1}}, "FFC_sans_bias7": {"write": {"device_start": -1, "host_queued_start": 1585584970.19882, "device_queued": -1, "device_end": -1, "host_queued_end": 1585584970.199855}, "device": "cpu", "nd_range": {"device_start": 2252744.42345152, "device_end": 2252744.4287044653}, "cmdq": 0, "read": {"device_start": -1, "device_end": -1}}, "empty8": {"write": {"device_start": -1, "host_queued_start": 1585584970.187599, "device_queued": -1, "device_end": -1, "host_queued_end": 1585584970.199855}, "device": "cpu", "nd_range": {"device_start": 2252744.3894755673, "device_end": 2252744.38948205}, "cmdq": 0, "read": {"device_start": -1, "device_end": -1}}, "empty17": {"write": {"device_start": -1, "host_queued_start": 1585584970.188624, "device_queued": -1, "device_end": -1, "host_queued_end": 1585584970.199855}, "device": "cpu", "nd_range": {"device_start": 2252744.3894677083, "device_end": 2252744.389479945}, "cmdq": 1, "read": {"device_start": -1, "device_end": -1}}, "FFC_sans_bias15": {"write": {"device_start": -1, "host_queued_start": 1585584970.197732, "device_queued": -1, "device_end": -1, "host_queued_end": 1585584970.199855}, "device": "cpu", "nd_range": {"device_start": 2252744.437129451, "device_end": 2252744.4412258063}, "cmdq": 1, "read": {"device_start": -1, "device_end": -1}}, "FFC_sans_bias13": {"write": {"device_start": -1, "host_queued_start": 1585584970.1965, "device_queued": -1, "device_end": -1, "host_queued_end": 1585584970.199855}, "device": "cpu", "nd_range": {"device_start": 2252744.4282283722, "device_end": 2252744.4370067753}, "cmdq": 1, "read": {"device_start": -1, "device_end": -1}}, "FFC_sans_bias10": {"write": {"device_start": -1, "host_queued_start": 1585584970.194055, "device_queued": -1, "device_end": -1, "host_queued_end": 1585584970.199855}, "device": "cpu", "nd_range": {"device_start": 2252744.404205951, "device_end": 2252744.41018679}, "cmdq": 0, "read": {"device_start": -1, "device_end": -1}}, "coalesced_transpose12": {"write": {"device_start": -1, "host_queued_start": 1585584970.195814, "device_queued": -1, "device_end": -1, "host_queued_end": 1585584970.199855}, "device": "cpu", "nd_range": {"device_start": 2252744.427976815, "device_end": 2252744.4282209272}, "cmdq": 1, "read": {"device_start": -1, "device_end": -1}}}