{"FFC_sans_bias11": {"write": {"device_start": -1, "host_queued_start": 1585585080.990141, "device_queued": -1, "device_end": -1, "host_queued_end": 1585585080.994881}, "device": "cpu", "nd_range": {"device_start": 2252855.220600143, "device_end": 2252855.225769071}, "cmdq": 0, "read": {"device_start": -1, "device_end": -1}}, "FFC_sans_bias4": {"write": {"device_start": -1, "host_queued_start": 1585585080.991163, "device_queued": -1, "device_end": -1, "host_queued_end": 1585585080.994881}, "device": "cpu", "nd_range": {"device_start": 2252855.226365492, "device_end": 2252855.2310986593}, "cmdq": 0, "read": {"device_start": -1, "device_end": -1}}, "coalesced_transpose3": {"write": {"device_start": -1, "host_queued_start": 1585585080.990471, "device_queued": -1, "device_end": -1, "host_queued_end": 1585585080.994881}, "device": "cpu", "nd_range": {"device_start": 2252855.2257751683, "device_end": 2252855.225939461}, "cmdq": 0, "read": {"device_start": -1, "device_end": -1}}, "FFC_sans_bias6": {"write": {"device_start": -1, "host_queued_start": 1585585080.992384, "device_queued": -1, "device_end": -1, "host_queued_end": 1585585080.994881}, "device": "cpu", "nd_range": {"device_start": 2252855.23629542, "device_end": 2252855.240596179}, "cmdq": 0, "read": {"device_start": -1, "device_end": -1}}, "FFC_sans_bias1": {"write": {"device_start": -1, "host_queued_start": 1585585080.985726, "device_queued": -1, "device_end": -1, "host_queued_end": 1585585080.994881}, "device": "cpu", "nd_range": {"device_start": 2252855.188709447, "device_end": 2252855.203649382}, "cmdq": 0, "read": {"device_start": -1, "device_end": -1}}, "FFC_sans_bias0": {"write": {"device_start": -1, "host_queued_start": 1585585080.984738, "device_queued": -1, "device_end": -1, "host_queued_end": 1585585080.994881}, "device": "cpu", "nd_range": {"device_start": 2252855.184563096, "device_end": 2252855.1887008892}, "cmdq": 0, "read": {"device_start": -1, "device_end": -1}}, "FFC_sans_bias2": {"write": {"device_start": -1, "host_queued_start": 1585585080.986845, "device_queued": -1, "device_end": -1, "host_queued_end": 1585585080.994881}, "device": "cpu", "nd_range": {"device_start": 2252855.203669129, "device_end": 2252855.207742452}, "cmdq": 0, "read": {"device_start": -1, "device_end": -1}}, "softmax14": {"write": {"device_start": -1, "host_queued_start": 1585585080.992051, "device_queued": -1, "device_end": -1, "host_queued_end": 1585585080.994881}, "device": "cpu", "nd_range": {"device_start": 2252855.2361812233, "device_end": 2252855.2362894453}, "cmdq": 0, "read": {"device_start": -1, "device_end": -1}}, "FFC_sans_bias16": {"write": {"device_start": -1, "host_queued_start": 1585585080.994837, "device_queued": -1, "device_end": -1, "host_queued_end": 1585585080.994881}, "device": "cpu", "nd_range": {"device_start": 2252855.249861869, "device_end": 2252855.254400128}, "cmdq": 0, "read": {"device_start": -1, "device_end": -1}}, "softmax5": {"write": {"device_start": -1, "host_queued_start": 1585585080.991779, "device_queued": -1, "device_end": -1, "host_queued_end": 1585585080.994881}, "device": "cpu", "nd_range": {"device_start": 2252855.235925463, "device_end": 2252855.2360559623}, "cmdq": 0, "read": {"device_start": -1, "device_end": -1}}, "FFC_sans_bias9": {"write": {"device_start": -1, "host_queued_start": 1585585080.987891, "device_queued": -1, "device_end": -1, "host_queued_end": 1585585080.994881}, "device": "cpu", "nd_range": {"device_start": 2252855.20774774, "device_end": 2252855.2142564273}, "cmdq": 0, "read": {"device_start": -1, "device_end": -1}}, "FFC_sans_bias7": {"write": {"device_start": -1, "host_queued_start": 1585585080.993801, "device_queued": -1, "device_end": -1, "host_queued_end": 1585585080.994881}, "device": "cpu", "nd_range": {"device_start": 2252855.245428399, "device_end": 2252855.249858555}, "cmdq": 0, "read": {"device_start": -1, "device_end": -1}}, "empty8": {"write": {"device_start": -1, "host_queued_start": 1585585080.982688, "device_queued": -1, "device_end": -1, "host_queued_end": 1585585080.994881}, "device": "cpu", "nd_range": {"device_start": 2252855.18449165, "device_end": 2252855.184504458}, "cmdq": 0, "read": {"device_start": -1, "device_end": -1}}, "empty17": {"write": {"device_start": -1, "host_queued_start": 1585585080.983704, "device_queued": -1, "device_end": -1, "host_queued_end": 1585585080.994881}, "device": "cpu", "nd_range": {"device_start": 2252855.184544567, "device_end": 2252855.184545814}, "cmdq": 0, "read": {"device_start": -1, "device_end": -1}}, "FFC_sans_bias15": {"write": {"device_start": -1, "host_queued_start": 1585585080.992722, "device_queued": -1, "device_end": -1, "host_queued_end": 1585585080.994881}, "device": "cpu", "nd_range": {"device_start": 2252855.240600583, "device_end": 2252855.2454233323}, "cmdq": 0, "read": {"device_start": -1, "device_end": -1}}, "FFC_sans_bias13": {"write": {"device_start": -1, "host_queued_start": 1585585080.991503, "device_queued": -1, "device_end": -1, "host_queued_end": 1585585080.994881}, "device": "cpu", "nd_range": {"device_start": 2252855.231104767, "device_end": 2252855.2359198853}, "cmdq": 0, "read": {"device_start": -1, "device_end": -1}}, "FFC_sans_bias10": {"write": {"device_start": -1, "host_queued_start": 1585585080.989087, "device_queued": -1, "device_end": -1, "host_queued_end": 1585585080.994881}, "device": "cpu", "nd_range": {"device_start": 2252855.214284257, "device_end": 2252855.220356863}, "cmdq": 0, "read": {"device_start": -1, "device_end": -1}}, "coalesced_transpose12": {"write": {"device_start": -1, "host_queued_start": 1585585080.990823, "device_queued": -1, "device_end": -1, "host_queued_end": 1585585080.994881}, "device": "cpu", "nd_range": {"device_start": 2252855.226070975, "device_end": 2252855.2262346623}, "cmdq": 0, "read": {"device_start": -1, "device_end": -1}}}