{"FFC_sans_bias11": {"write": {"device_start": -1, "host_queued_start": 1585584978.139217, "device_queued": -1, "device_end": -1, "host_queued_end": 1585584978.143991}, "device": "cpu", "nd_range": {"device_start": 2252752.350540303, "device_end": 2252752.3644127334}, "cmdq": 1, "read": {"device_start": -1, "device_end": -1}}, "FFC_sans_bias4": {"write": {"device_start": -1, "host_queued_start": 1585584978.140259, "device_queued": -1, "device_end": -1, "host_queued_end": 1585584978.143991}, "device": "cpu", "nd_range": {"device_start": 2252752.364419397, "device_end": 2252752.3696855293}, "cmdq": 1, "read": {"device_start": -1, "device_end": -1}}, "coalesced_transpose3": {"write": {"device_start": -1, "host_queued_start": 1585584978.139561, "device_queued": -1, "device_end": -1, "host_queued_end": 1585584978.143991}, "device": "cpu", "nd_range": {"device_start": 2252752.357679342, "device_end": 2252752.357801514}, "cmdq": 2, "read": {"device_start": -1, "device_end": -1}}, "FFC_sans_bias6": {"write": {"device_start": -1, "host_queued_start": 1585584978.141514, "device_queued": -1, "device_end": -1, "host_queued_end": 1585584978.143991}, "device": "cpu", "nd_range": {"device_start": 2252752.369918308, "device_end": 2252752.3756472543}, "cmdq": 2, "read": {"device_start": -1, "device_end": -1}}, "FFC_sans_bias1": {"write": {"device_start": -1, "host_queued_start": 1585584978.134811, "device_queued": -1, "device_end": -1, "host_queued_end": 1585584978.143991}, "device": "cpu", "nd_range": {"device_start": 2252752.333638934, "device_end": 2252752.3418427063}, "cmdq": 0, "read": {"device_start": -1, "device_end": -1}}, "FFC_sans_bias0": {"write": {"device_start": -1, "host_queued_start": 1585584978.13372, "device_queued": -1, "device_end": -1, "host_queued_end": 1585584978.143991}, "device": "cpu", "nd_range": {"device_start": 2252752.333659238, "device_end": 2252752.346026107}, "cmdq": 2, "read": {"device_start": -1, "device_end": -1}}, "FFC_sans_bias2": {"write": {"device_start": -1, "host_queued_start": 1585584978.135867, "device_queued": -1, "device_end": -1, "host_queued_end": 1585584978.143991}, "device": "cpu", "nd_range": {"device_start": 2252752.333637367, "device_end": 2252752.348055566}, "cmdq": 1, "read": {"device_start": -1, "device_end": -1}}, "softmax14": {"write": {"device_start": -1, "host_queued_start": 1585584978.141175, "device_queued": -1, "device_end": -1, "host_queued_end": 1585584978.143991}, "device": "cpu", "nd_range": {"device_start": 2252752.369705536, "device_end": 2252752.369859495}, "cmdq": 1, "read": {"device_start": -1, "device_end": -1}}, "FFC_sans_bias16": {"write": {"device_start": -1, "host_queued_start": 1585584978.143946, "device_queued": -1, "device_end": -1, "host_queued_end": 1585584978.143991}, "device": "cpu", "nd_range": {"device_start": 2252752.380581796, "device_end": 2252752.3870771592}, "cmdq": 2, "read": {"device_start": -1, "device_end": -1}}, "softmax5": {"write": {"device_start": -1, "host_queued_start": 1585584978.1409, "device_queued": -1, "device_end": -1, "host_queued_end": 1585584978.143991}, "device": "cpu", "nd_range": {"device_start": 2252752.369721454, "device_end": 2252752.3698876332}, "cmdq": 0, "read": {"device_start": -1, "device_end": -1}}, "FFC_sans_bias9": {"write": {"device_start": -1, "host_queued_start": 1585584978.136923, "device_queued": -1, "device_end": -1, "host_queued_end": 1585584978.143991}, "device": "cpu", "nd_range": {"device_start": 2252752.347052793, "device_end": 2252752.357535745}, "cmdq": 2, "read": {"device_start": -1, "device_end": -1}}, "FFC_sans_bias7": {"write": {"device_start": -1, "host_queued_start": 1585584978.142953, "device_queued": -1, "device_end": -1, "host_queued_end": 1585584978.143991}, "device": "cpu", "nd_range": {"device_start": 2252752.3757749763, "device_end": 2252752.3835144034}, "cmdq": 1, "read": {"device_start": -1, "device_end": -1}}, "empty8": {"write": {"device_start": -1, "host_queued_start": 1585584978.131624, "device_queued": -1, "device_end": -1, "host_queued_end": 1585584978.143991}, "device": "cpu", "nd_range": {"device_start": 2252752.3336053723, "device_end": 2252752.333616455}, "cmdq": 0, "read": {"device_start": -1, "device_end": -1}}, "empty17": {"write": {"device_start": -1, "host_queued_start": 1585584978.132649, "device_queued": -1, "device_end": -1, "host_queued_end": 1585584978.143991}, "device": "cpu", "nd_range": {"device_start": 2252752.333605255, "device_end": 2252752.3336164863}, "cmdq": 1, "read": {"device_start": -1, "device_end": -1}}, "FFC_sans_bias15": {"write": {"device_start": -1, "host_queued_start": 1585584978.14186, "device_queued": -1, "device_end": -1, "host_queued_end": 1585584978.143991}, "device": "cpu", "nd_range": {"device_start": 2252752.369997005, "device_end": 2252752.380571253}, "cmdq": 0, "read": {"device_start": -1, "device_end": -1}}, "FFC_sans_bias13": {"write": {"device_start": -1, "host_queued_start": 1585584978.140616, "device_queued": -1, "device_end": -1, "host_queued_end": 1585584978.143991}, "device": "cpu", "nd_range": {"device_start": 2252752.357938054, "device_end": 2252752.363423096}, "cmdq": 2, "read": {"device_start": -1, "device_end": -1}}, "FFC_sans_bias10": {"write": {"device_start": -1, "host_queued_start": 1585584978.138123, "device_queued": -1, "device_end": -1, "host_queued_end": 1585584978.143991}, "device": "cpu", "nd_range": {"device_start": 2252752.341961053, "device_end": 2252752.351500019}, "cmdq": 0, "read": {"device_start": -1, "device_end": -1}}, "coalesced_transpose12": {"write": {"device_start": -1, "host_queued_start": 1585584978.139904, "device_queued": -1, "device_end": -1, "host_queued_end": 1585584978.143991}, "device": "cpu", "nd_range": {"device_start": 2252752.351618276, "device_end": 2252752.35185299}, "cmdq": 0, "read": {"device_start": -1, "device_end": -1}}}