{"FFC_sans_bias4": {"write": {"device_start": -1, "host_queued_start": 1585585396.65325, "device_queued": -1, "device_end": -1, "host_queued_end": 1585585396.659028}, "device": "cpu", "nd_range": {"device_start": 2253170.8789416663, "device_end": 2253170.89491229}, "cmdq": 0, "read": {"device_start": -1, "device_end": -1}}, "FFC_sans_bias7": {"write": {"device_start": -1, "host_queued_start": 1585585396.656963, "device_queued": -1, "device_end": -1, "host_queued_end": 1585585396.659028}, "device": "cpu", "nd_range": {"device_start": 2253170.908726795, "device_end": 2253170.926323606}, "cmdq": 0, "read": {"device_start": -1, "device_end": -1}}, "FFC_sans_bias6": {"write": {"device_start": -1, "host_queued_start": 1585585396.655217, "device_queued": -1, "device_end": -1, "host_queued_end": 1585585396.659028}, "device": "cpu", "nd_range": {"device_start": 2253170.8953616223, "device_end": 2253170.908717568}, "cmdq": 0, "read": {"device_start": -1, "device_end": -1}}, "FFC_sans_bias1": {"write": {"device_start": -1, "host_queued_start": 1585585396.644506, "device_queued": -1, "device_end": -1, "host_queued_end": 1585585396.659028}, "device": "cpu", "nd_range": {"device_start": 2253170.848684695, "device_end": 2253170.85652378}, "cmdq": 1, "read": {"device_start": -1, "device_end": -1}}, "FFC_sans_bias0": {"write": {"device_start": -1, "host_queued_start": 1585585396.643461, "device_queued": -1, "device_end": -1, "host_queued_end": 1585585396.659028}, "device": "cpu", "nd_range": {"device_start": 2253170.848684662, "device_end": 2253170.8611745522}, "cmdq": 0, "read": {"device_start": -1, "device_end": -1}}, "FFC_sans_bias2": {"write": {"device_start": -1, "host_queued_start": 1585585396.645559, "device_queued": -1, "device_end": -1, "host_queued_end": 1585585396.659028}, "device": "cpu", "nd_range": {"device_start": 2253170.848719894, "device_end": 2253170.863310223}, "cmdq": 2, "read": {"device_start": -1, "device_end": -1}}, "FFC_sans_bias9": {"write": {"device_start": -1, "host_queued_start": 1585585396.646661, "device_queued": -1, "device_end": -1, "host_queued_end": 1585585396.659028}, "device": "cpu", "nd_range": {"device_start": 2253170.862137971, "device_end": 2253170.870710506}, "cmdq": 0, "read": {"device_start": -1, "device_end": -1}}, "softmax23": {"write": {"device_start": -1, "host_queued_start": 1585585396.654887, "device_queued": -1, "device_end": -1, "host_queued_end": 1585585396.659028}, "device": "cpu", "nd_range": {"device_start": 2253170.899896021, "device_end": 2253170.900108198}, "cmdq": 2, "read": {"device_start": -1, "device_end": -1}}, "FFC_sans_bias11": {"write": {"device_start": -1, "host_queued_start": 1585585396.648755, "device_queued": -1, "device_end": -1, "host_queued_end": 1585585396.659028}, "device": "cpu", "nd_range": {"device_start": 2253170.863443701, "device_end": 2253170.879227621}, "cmdq": 2, "read": {"device_start": -1, "device_end": -1}}, "FFC_sans_bias10": {"write": {"device_start": -1, "host_queued_start": 1585585396.647706, "device_queued": -1, "device_end": -1, "host_queued_end": 1585585396.659028}, "device": "cpu", "nd_range": {"device_start": 2253170.8566311942, "device_end": 2253170.874939729}, "cmdq": 1, "read": {"device_start": -1, "device_end": -1}}, "coalesced_transpose3": {"write": {"device_start": -1, "host_queued_start": 1585585396.652251, "device_queued": -1, "device_end": -1, "host_queued_end": 1585585396.659028}, "device": "cpu", "nd_range": {"device_start": 2253170.878580734, "device_end": 2253170.8788211113}, "cmdq": 0, "read": {"device_start": -1, "device_end": -1}}, "FFC_sans_bias15": {"write": {"device_start": -1, "host_queued_start": 1585585396.655566, "device_queued": -1, "device_end": -1, "host_queued_end": 1585585396.659028}, "device": "cpu", "nd_range": {"device_start": 2253170.907570092, "device_end": 2253170.9158429913}, "cmdq": 1, "read": {"device_start": -1, "device_end": -1}}, "FFC_sans_bias16": {"write": {"device_start": -1, "host_queued_start": 1585585396.657954, "device_queued": -1, "device_end": -1, "host_queued_end": 1585585396.659028}, "device": "cpu", "nd_range": {"device_start": 2253170.915944513, "device_end": 2253170.927563264}, "cmdq": 1, "read": {"device_start": -1, "device_end": -1}}, "FFC_sans_bias19": {"write": {"device_start": -1, "host_queued_start": 1585585396.650875, "device_queued": -1, "device_end": -1, "host_queued_end": 1585585396.659028}, "device": "cpu", "nd_range": {"device_start": 2253170.875058703, "device_end": 2253170.889077281}, "cmdq": 1, "read": {"device_start": -1, "device_end": -1}}, "FFC_sans_bias18": {"write": {"device_start": -1, "host_queued_start": 1585585396.649796, "device_queued": -1, "device_end": -1, "host_queued_end": 1585585396.659028}, "device": "cpu", "nd_range": {"device_start": 2253170.870839672, "device_end": 2253170.8784648133}, "cmdq": 0, "read": {"device_start": -1, "device_end": -1}}, "empty26": {"write": {"device_start": -1, "host_queued_start": 1585585396.642427, "device_queued": -1, "device_end": -1, "host_queued_end": 1585585396.659028}, "device": "cpu", "nd_range": {"device_start": 2253170.848696861, "device_end": 2253170.8487023762}, "cmdq": 2, "read": {"device_start": -1, "device_end": -1}}, "coalesced_transpose12": {"write": {"device_start": -1, "host_queued_start": 1585585396.652579, "device_queued": -1, "device_end": -1, "host_queued_end": 1585585396.659028}, "device": "cpu", "nd_range": {"device_start": 2253170.889205792, "device_end": 2253170.889447342}, "cmdq": 1, "read": {"device_start": -1, "device_end": -1}}, "coalesced_transpose21": {"write": {"device_start": -1, "host_queued_start": 1585585396.652902, "device_queued": -1, "device_end": -1, "host_queued_end": 1585585396.659028}, "device": "cpu", "nd_range": {"device_start": 2253170.891972409, "device_end": 2253170.892226358}, "cmdq": 2, "read": {"device_start": -1, "device_end": -1}}, "softmax14": {"write": {"device_start": -1, "host_queued_start": 1585585396.654604, "device_queued": -1, "device_end": -1, "host_queued_end": 1585585396.659028}, "device": "cpu", "nd_range": {"device_start": 2253170.9073364614, "device_end": 2253170.9075618912}, "cmdq": 1, "read": {"device_start": -1, "device_end": -1}}, "FFC_sans_bias13": {"write": {"device_start": -1, "host_queued_start": 1585585396.653677, "device_queued": -1, "device_end": -1, "host_queued_end": 1585585396.659028}, "device": "cpu", "nd_range": {"device_start": 2253170.889551485, "device_end": 2253170.907326463}, "cmdq": 1, "read": {"device_start": -1, "device_end": -1}}, "empty8": {"write": {"device_start": -1, "host_queued_start": 1585585396.640574, "device_queued": -1, "device_end": -1, "host_queued_end": 1585585396.659028}, "device": "cpu", "nd_range": {"device_start": 2253170.848652481, "device_end": 2253170.848665264}, "cmdq": 0, "read": {"device_start": -1, "device_end": -1}}, "FFC_sans_bias24": {"write": {"device_start": -1, "host_queued_start": 1585585396.655924, "device_queued": -1, "device_end": -1, "host_queued_end": 1585585396.659028}, "device": "cpu", "nd_range": {"device_start": 2253170.900222646, "device_end": 2253170.9155170433}, "cmdq": 2, "read": {"device_start": -1, "device_end": -1}}, "FFC_sans_bias25": {"write": {"device_start": -1, "host_queued_start": 1585585396.658975, "device_queued": -1, "device_end": -1, "host_queued_end": 1585585396.659028}, "device": "cpu", "nd_range": {"device_start": 2253170.915526967, "device_end": 2253170.926346139}, "cmdq": 2, "read": {"device_start": -1, "device_end": -1}}, "FFC_sans_bias20": {"write": {"device_start": -1, "host_queued_start": 1585585396.65192, "device_queued": -1, "device_end": -1, "host_queued_end": 1585585396.659028}, "device": "cpu", "nd_range": {"device_start": 2253170.879358381, "device_end": 2253170.891964536}, "cmdq": 2, "read": {"device_start": -1, "device_end": -1}}, "FFC_sans_bias22": {"write": {"device_start": -1, "host_queued_start": 1585585396.654025, "device_queued": -1, "device_end": -1, "host_queued_end": 1585585396.659028}, "device": "cpu", "nd_range": {"device_start": 2253170.8923454173, "device_end": 2253170.8997812322}, "cmdq": 2, "read": {"device_start": -1, "device_end": -1}}, "softmax5": {"write": {"device_start": -1, "host_queued_start": 1585585396.654308, "device_queued": -1, "device_end": -1, "host_queued_end": 1585585396.659028}, "device": "cpu", "nd_range": {"device_start": 2253170.895032898, "device_end": 2253170.89524888}, "cmdq": 0, "read": {"device_start": -1, "device_end": -1}}, "empty17": {"write": {"device_start": -1, "host_queued_start": 1585585396.641593, "device_queued": -1, "device_end": -1, "host_queued_end": 1585585396.659028}, "device": "cpu", "nd_range": {"device_start": 2253170.848652509, "device_end": 2253170.8486652733}, "cmdq": 1, "read": {"device_start": -1, "device_end": -1}}}