{"FFC_sans_bias4": {"write": {"device_start": -1, "host_queued_start": 1585585412.594233, "device_queued": -1, "device_end": -1, "host_queued_end": 1585585412.596076}, "device": "cpu", "nd_range": {"device_start": 2253186.7976899343, "device_end": 2253186.80487818}, "cmdq": 0, "read": {"device_start": -1, "device_end": -1}}, "FFC_sans_bias7": {"write": {"device_start": -1, "host_queued_start": 1585585412.596032, "device_queued": -1, "device_end": -1, "host_queued_end": 1585585412.596076}, "device": "cpu", "nd_range": {"device_start": 2253186.809209112, "device_end": 2253186.814485107}, "cmdq": 3, "read": {"device_start": -1, "device_end": -1}}, "FFC_sans_bias6": {"write": {"device_start": -1, "host_queued_start": 1585585412.594875, "device_queued": -1, "device_end": -1, "host_queued_end": 1585585412.596076}, "device": "cpu", "nd_range": {"device_start": 2253186.805014124, "device_end": 2253186.8092005514}, "cmdq": 2, "read": {"device_start": -1, "device_end": -1}}, "FFC_sans_bias1": {"write": {"device_start": -1, "host_queued_start": 1585585412.592332, "device_queued": -1, "device_end": -1, "host_queued_end": 1585585412.596076}, "device": "cpu", "nd_range": {"device_start": 2253186.785681703, "device_end": 2253186.797417135}, "cmdq": 2, "read": {"device_start": -1, "device_end": -1}}, "FFC_sans_bias0": {"write": {"device_start": -1, "host_queued_start": 1585585412.591243, "device_queued": -1, "device_end": -1, "host_queued_end": 1585585412.596076}, "device": "cpu", "nd_range": {"device_start": 2253186.7856696662, "device_end": 2253186.793392622}, "cmdq": 1, "read": {"device_start": -1, "device_end": -1}}, "FFC_sans_bias2": {"write": {"device_start": -1, "host_queued_start": 1585585412.593417, "device_queued": -1, "device_end": -1, "host_queued_end": 1585585412.596076}, "device": "cpu", "nd_range": {"device_start": 2253186.785697699, "device_end": 2253186.796565698}, "cmdq": 3, "read": {"device_start": -1, "device_end": -1}}, "FFC_sans_bias9": {"write": {"device_start": 1585585347.2045276, "host_queued_start": 1585585412.578625, "device_queued": 1585585347.204333, "device_end": 1585585347.2046053, "host_queued_end": 1585585412.588715}, "device": "gpu", "nd_range": {"device_start": 1585585347.2046106, "device_end": 1585585347.2052183}, "cmdq": 2, "read": {"device_start": -1, "device_end": -1}}, "softmax23": {"write": {"device_start": -1, "host_queued_start": 1585585412.585787, "device_queued": -1, "device_end": -1, "host_queued_end": 1585585412.588715}, "device": "gpu", "nd_range": {"device_start": 1585585347.2085874, "device_end": 1585585347.2089539}, "cmdq": 3, "read": {"device_start": -1, "device_end": -1}}, "FFC_sans_bias11": {"write": {"device_start": 1585585347.2047267, "host_queued_start": 1585585412.580766, "device_queued": 1585585347.2045145, "device_end": 1585585347.2047555, "host_queued_end": 1585585412.588715}, "device": "gpu", "nd_range": {"device_start": 1585585347.2047582, "device_end": 1585585347.2061927}, "cmdq": 4, "read": {"device_start": -1, "device_end": -1}}, "FFC_sans_bias10": {"write": {"device_start": 1585585347.2046337, "host_queued_start": 1585585412.579697, "device_queued": 1585585347.2043555, "device_end": 1585585347.2047093, "host_queued_end": 1585585412.588715}, "device": "gpu", "nd_range": {"device_start": 1585585347.2047122, "device_end": 1585585347.2056243}, "cmdq": 3, "read": {"device_start": -1, "device_end": -1}}, "coalesced_transpose3": {"write": {"device_start": -1, "host_queued_start": 1585585412.593841, "device_queued": -1, "device_end": -1, "host_queued_end": 1585585412.596076}, "device": "cpu", "nd_range": {"device_start": 2253186.797426004, "device_end": 2253186.7975269333}, "cmdq": 4, "read": {"device_start": -1, "device_end": -1}}, "FFC_sans_bias15": {"write": {"device_start": -1, "host_queued_start": 1585585412.586207, "device_queued": -1, "device_end": -1, "host_queued_end": 1585585412.588715}, "device": "gpu", "nd_range": {"device_start": 1585585347.2086046, "device_end": 1585585347.2092083}, "cmdq": 4, "read": {"device_start": -1, "device_end": -1}}, "FFC_sans_bias16": {"write": {"device_start": 1585585347.208706, "host_queued_start": 1585585412.587573, "device_queued": 1585585347.2054331, "device_end": 1585585347.2087767, "host_queued_end": 1585585412.588715}, "device": "gpu", "nd_range": {"device_start": 1585585347.2092106, "device_end": 1585585347.2101877}, "cmdq": 1, "read": {"device_start": 1585585347.2101963, "device_end": 1585585347.21022}}, "FFC_sans_bias19": {"write": {"device_start": 1585585347.204984, "host_queued_start": 1585585412.582967, "device_queued": 1585585347.2048287, "device_end": 1585585347.2050142, "host_queued_end": 1585585412.588715}, "device": "gpu", "nd_range": {"device_start": 1585585347.2050483, "device_end": 1585585347.2071505}, "cmdq": 1, "read": {"device_start": -1, "device_end": -1}}, "FFC_sans_bias18": {"write": {"device_start": 1585585347.2048733, "host_queued_start": 1585585412.581868, "device_queued": 1585585347.204775, "device_end": 1585585347.204931, "host_queued_end": 1585585412.588715}, "device": "gpu", "nd_range": {"device_start": 1585585347.2049356, "device_end": 1585585347.2066188}, "cmdq": 0, "read": {"device_start": -1, "device_end": -1}}, "empty26": {"write": {"device_start": 1585585347.2044222, "host_queued_start": 1585585412.577595, "device_queued": 1585585347.204259, "device_end": 1585585347.2044957, "host_queued_end": 1585585412.588715}, "device": "gpu", "nd_range": {"device_start": 1585585347.204565, "device_end": 1585585347.2046068}, "cmdq": 1, "read": {"device_start": -1, "device_end": -1}}, "coalesced_transpose12": {"write": {"device_start": -1, "host_queued_start": 1585585412.584329, "device_queued": -1, "device_end": -1, "host_queued_end": 1585585412.588715}, "device": "gpu", "nd_range": {"device_start": 1585585347.2056255, "device_end": 1585585347.2074833}, "cmdq": 3, "read": {"device_start": -1, "device_end": -1}}, "coalesced_transpose21": {"write": {"device_start": -1, "host_queued_start": 1585585412.584632, "device_queued": -1, "device_end": -1, "host_queued_end": 1585585412.588715}, "device": "gpu", "nd_range": {"device_start": 1585585347.2074866, "device_end": 1585585347.2075105}, "cmdq": 4, "read": {"device_start": -1, "device_end": -1}}, "softmax14": {"write": {"device_start": -1, "host_queued_start": 1585585412.585544, "device_queued": -1, "device_end": -1, "host_queued_end": 1585585412.588715}, "device": "gpu", "nd_range": {"device_start": 1585585347.2081099, "device_end": 1585585347.2086}, "cmdq": 2, "read": {"device_start": -1, "device_end": -1}}, "FFC_sans_bias13": {"write": {"device_start": -1, "host_queued_start": 1585585412.584958, "device_queued": -1, "device_end": -1, "host_queued_end": 1585585412.588715}, "device": "gpu", "nd_range": {"device_start": 1585585347.2074912, "device_end": 1585585347.208103}, "cmdq": 0, "read": {"device_start": -1, "device_end": -1}}, "empty8": {"write": {"device_start": -1, "host_queued_start": 1585585412.5901, "device_queued": -1, "device_end": -1, "host_queued_end": 1585585412.596076}, "device": "cpu", "nd_range": {"device_start": 2253186.785648742, "device_end": 2253186.785658385}, "cmdq": 0, "read": {"device_start": -1, "device_end": -1}}, "FFC_sans_bias24": {"write": {"device_start": -1, "host_queued_start": 1585585412.586521, "device_queued": -1, "device_end": -1, "host_queued_end": 1585585412.588715}, "device": "gpu", "nd_range": {"device_start": 1585585347.2089565, "device_end": 1585585347.2096074}, "cmdq": 0, "read": {"device_start": -1, "device_end": -1}}, "FFC_sans_bias25": {"write": {"device_start": 1585585347.20879, "host_queued_start": 1585585412.588615, "device_queued": 1585585347.2054596, "device_end": 1585585347.2088206, "host_queued_end": 1585585412.588715}, "device": "gpu", "nd_range": {"device_start": 1585585347.2096124, "device_end": 1585585347.2105935}, "cmdq": 2, "read": {"device_start": 1585585347.2105947, "device_end": 1585585347.2106194}}, "FFC_sans_bias20": {"write": {"device_start": 1585585347.205339, "host_queued_start": 1585585412.584009, "device_queued": 1585585347.204849, "device_end": 1585585347.2053702, "host_queued_end": 1585585412.588715}, "device": "gpu", "nd_range": {"device_start": 1585585347.205373, "device_end": 1585585347.2075994}, "cmdq": 2, "read": {"device_start": -1, "device_end": -1}}, "FFC_sans_bias22": {"write": {"device_start": -1, "host_queued_start": 1585585412.585281, "device_queued": -1, "device_end": -1, "host_queued_end": 1585585412.588715}, "device": "gpu", "nd_range": {"device_start": 1585585347.2076085, "device_end": 1585585347.2085726}, "cmdq": 1, "read": {"device_start": -1, "device_end": -1}}, "softmax5": {"write": {"device_start": -1, "host_queued_start": 1585585412.594508, "device_queued": -1, "device_end": -1, "host_queued_end": 1585585412.596076}, "device": "cpu", "nd_range": {"device_start": 2253186.8048838694, "device_end": 2253186.804995427}, "cmdq": 1, "read": {"device_start": -1, "device_end": -1}}, "empty17": {"write": {"device_start": 1585585347.2042847, "host_queued_start": 1585585412.576552, "device_queued": 1585585347.2041607, "device_end": 1585585347.2043438, "host_queued_end": 1585585412.588715}, "device": "gpu", "nd_range": {"device_start": 1585585347.20435, "device_end": 1585585347.2043548}, "cmdq": 0, "read": {"device_start": -1, "device_end": -1}}}