{"FFC_sans_bias4": {"write": {"device_start": -1, "host_queued_start": 1585585213.219907, "device_queued": -1, "device_end": -1, "host_queued_end": 1585585213.223609}, "device": "cpu", "nd_range": {"device_start": 2252987.43947649, "device_end": 2252987.4440651434}, "cmdq": 0, "read": {"device_start": -1, "device_end": -1}}, "FFC_sans_bias7": {"write": {"device_start": -1, "host_queued_start": 1585585213.222503, "device_queued": -1, "device_end": -1, "host_queued_end": 1585585213.223609}, "device": "cpu", "nd_range": {"device_start": 2252987.4582122643, "device_end": 2252987.462748491}, "cmdq": 0, "read": {"device_start": -1, "device_end": -1}}, "FFC_sans_bias6": {"write": {"device_start": -1, "host_queued_start": 1585585213.221122, "device_queued": -1, "device_end": -1, "host_queued_end": 1585585213.223609}, "device": "cpu", "nd_range": {"device_start": 2252987.4489724683, "device_end": 2252987.453513116}, "cmdq": 0, "read": {"device_start": -1, "device_end": -1}}, "FFC_sans_bias1": {"write": {"device_start": -1, "host_queued_start": 1585585213.21452, "device_queued": -1, "device_end": -1, "host_queued_end": 1585585213.223609}, "device": "cpu", "nd_range": {"device_start": 2252987.4173526033, "device_end": 2252987.421331698}, "cmdq": 0, "read": {"device_start": -1, "device_end": -1}}, "FFC_sans_bias0": {"write": {"device_start": -1, "host_queued_start": 1585585213.213442, "device_queued": -1, "device_end": -1, "host_queued_end": 1585585213.223609}, "device": "cpu", "nd_range": {"device_start": 2252987.413230386, "device_end": 2252987.417333296}, "cmdq": 0, "read": {"device_start": -1, "device_end": -1}}, "FFC_sans_bias2": {"write": {"device_start": -1, "host_queued_start": 1585585213.215635, "device_queued": -1, "device_end": -1, "host_queued_end": 1585585213.223609}, "device": "cpu", "nd_range": {"device_start": 2252987.421347895, "device_end": 2252987.425262736}, "cmdq": 0, "read": {"device_start": -1, "device_end": -1}}, "FFC_sans_bias9": {"write": {"device_start": -1, "host_queued_start": 1585585213.216682, "device_queued": -1, "device_end": -1, "host_queued_end": 1585585213.223609}, "device": "cpu", "nd_range": {"device_start": 2252987.42526778, "device_end": 2252987.429249734}, "cmdq": 0, "read": {"device_start": -1, "device_end": -1}}, "softmax23": {"write": {"device_start": -1, "host_queued_start": 1585585213.208853, "device_queued": -1, "device_end": -1, "host_queued_end": 1585585213.210285}, "device": "gpu", "nd_range": {"device_start": 1585585147.833989, "device_end": 1585585147.8342118}, "cmdq": 0, "read": {"device_start": -1, "device_end": -1}}, "FFC_sans_bias11": {"write": {"device_start": -1, "host_queued_start": 1585585213.218911, "device_queued": -1, "device_end": -1, "host_queued_end": 1585585213.223609}, "device": "cpu", "nd_range": {"device_start": 2252987.434149809, "device_end": 2252987.4389271853}, "cmdq": 0, "read": {"device_start": -1, "device_end": -1}}, "FFC_sans_bias10": {"write": {"device_start": -1, "host_queued_start": 1585585213.217717, "device_queued": -1, "device_end": -1, "host_queued_end": 1585585213.223609}, "device": "cpu", "nd_range": {"device_start": 2252987.4292544844, "device_end": 2252987.434144373}, "cmdq": 0, "read": {"device_start": -1, "device_end": -1}}, "coalesced_transpose3": {"write": {"device_start": -1, "host_queued_start": 1585585213.219243, "device_queued": -1, "device_end": -1, "host_queued_end": 1585585213.223609}, "device": "cpu", "nd_range": {"device_start": 2252987.438932796, "device_end": 2252987.4391004173}, "cmdq": 0, "read": {"device_start": -1, "device_end": -1}}, "FFC_sans_bias15": {"write": {"device_start": -1, "host_queued_start": 1585585213.221465, "device_queued": -1, "device_end": -1, "host_queued_end": 1585585213.223609}, "device": "cpu", "nd_range": {"device_start": 2252987.45351873, "device_end": 2252987.4582062783}, "cmdq": 0, "read": {"device_start": -1, "device_end": -1}}, "FFC_sans_bias16": {"write": {"device_start": -1, "host_queued_start": 1585585213.223565, "device_queued": -1, "device_end": -1, "host_queued_end": 1585585213.223609}, "device": "cpu", "nd_range": {"device_start": 2252987.4627518184, "device_end": 2252987.46706793}, "cmdq": 0, "read": {"device_start": -1, "device_end": -1}}, "FFC_sans_bias19": {"write": {"device_start": 1585585147.8318148, "host_queued_start": 1585585213.206897, "device_queued": 1585585147.8317075, "device_end": 1585585147.8318398, "host_queued_end": 1585585213.210285}, "device": "gpu", "nd_range": {"device_start": 1585585147.8319073, "device_end": 1585585147.832807}, "cmdq": 0, "read": {"device_start": -1, "device_end": -1}}, "FFC_sans_bias18": {"write": {"device_start": 1585585147.8317306, "host_queued_start": 1585585213.205778, "device_queued": 1585585147.831624, "device_end": 1585585147.8317893, "host_queued_end": 1585585213.210285}, "device": "gpu", "nd_range": {"device_start": 1585585147.8317916, "device_end": 1585585147.8323956}, "cmdq": 1, "read": {"device_start": -1, "device_end": -1}}, "empty26": {"write": {"device_start": 1585585147.8316367, "host_queued_start": 1585585213.204575, "device_queued": 1585585147.831523, "device_end": 1585585147.8316867, "host_queued_end": 1585585213.210285}, "device": "gpu", "nd_range": {"device_start": 1585585147.8316915, "device_end": 1585585147.831698}, "cmdq": 0, "read": {"device_start": -1, "device_end": -1}}, "coalesced_transpose12": {"write": {"device_start": -1, "host_queued_start": 1585585213.219567, "device_queued": -1, "device_end": -1, "host_queued_end": 1585585213.223609}, "device": "cpu", "nd_range": {"device_start": 2252987.43923634, "device_end": 2252987.439354645}, "cmdq": 0, "read": {"device_start": -1, "device_end": -1}}, "coalesced_transpose21": {"write": {"device_start": -1, "host_queued_start": 1585585213.208271, "device_queued": -1, "device_end": -1, "host_queued_end": 1585585213.210285}, "device": "gpu", "nd_range": {"device_start": 1585585147.832808, "device_end": 1585585147.8332021}, "cmdq": 0, "read": {"device_start": -1, "device_end": -1}}, "softmax14": {"write": {"device_start": -1, "host_queued_start": 1585585213.220789, "device_queued": -1, "device_end": -1, "host_queued_end": 1585585213.223609}, "device": "cpu", "nd_range": {"device_start": 2252987.448768272, "device_end": 2252987.448858668}, "cmdq": 0, "read": {"device_start": -1, "device_end": -1}}, "FFC_sans_bias13": {"write": {"device_start": -1, "host_queued_start": 1585585213.220244, "device_queued": -1, "device_end": -1, "host_queued_end": 1585585213.223609}, "device": "cpu", "nd_range": {"device_start": 2252987.444191419, "device_end": 2252987.448476906}, "cmdq": 0, "read": {"device_start": -1, "device_end": -1}}, "empty8": {"write": {"device_start": -1, "host_queued_start": 1585585213.211585, "device_queued": -1, "device_end": -1, "host_queued_end": 1585585213.223609}, "device": "cpu", "nd_range": {"device_start": 2252987.4131968613, "device_end": 2252987.413208447}, "cmdq": 0, "read": {"device_start": -1, "device_end": -1}}, "FFC_sans_bias24": {"write": {"device_start": -1, "host_queued_start": 1585585213.209163, "device_queued": -1, "device_end": -1, "host_queued_end": 1585585213.210285}, "device": "gpu", "nd_range": {"device_start": 1585585147.834221, "device_end": 1585585147.834823}, "cmdq": 1, "read": {"device_start": -1, "device_end": -1}}, "FFC_sans_bias25": {"write": {"device_start": 1585585147.8343031, "host_queued_start": 1585585213.210176, "device_queued": 1585585147.832126, "device_end": 1585585147.8343332, "host_queued_end": 1585585213.210285}, "device": "gpu", "nd_range": {"device_start": 1585585147.834827, "device_end": 1585585147.835331}, "cmdq": 0, "read": {"device_start": 1585585147.8353364, "device_end": 1585585147.8353598}}, "FFC_sans_bias20": {"write": {"device_start": 1585585147.832496, "host_queued_start": 1585585213.207946, "device_queued": 1585585147.8319185, "device_end": 1585585147.832527, "host_queued_end": 1585585213.210285}, "device": "gpu", "nd_range": {"device_start": 1585585147.8325303, "device_end": 1585585147.8333771}, "cmdq": 1, "read": {"device_start": -1, "device_end": -1}}, "FFC_sans_bias22": {"write": {"device_start": -1, "host_queued_start": 1585585213.208589, "device_queued": -1, "device_end": -1, "host_queued_end": 1585585213.210285}, "device": "gpu", "nd_range": {"device_start": 1585585147.833379, "device_end": 1585585147.8339853}, "cmdq": 1, "read": {"device_start": -1, "device_end": -1}}, "softmax5": {"write": {"device_start": -1, "host_queued_start": 1585585213.22052, "device_queued": -1, "device_end": -1, "host_queued_end": 1585585213.223609}, "device": "cpu", "nd_range": {"device_start": 2252987.448482232, "device_end": 2252987.448644293}, "cmdq": 0, "read": {"device_start": -1, "device_end": -1}}, "empty17": {"write": {"device_start": -1, "host_queued_start": 1585585213.212501, "device_queued": -1, "device_end": -1, "host_queued_end": 1585585213.223609}, "device": "cpu", "nd_range": {"device_start": 2252987.413225544, "device_end": 2252987.413226332}, "cmdq": 0, "read": {"device_start": -1, "device_end": -1}}}