{"FFC_sans_bias4": {"write": {"device_start": -1, "host_queued_start": 1585585372.703882, "device_queued": -1, "device_end": -1, "host_queued_end": 1585585372.707533}, "device": "cpu", "nd_range": {"device_start": 2253146.923076232, "device_end": 2253146.927658625}, "cmdq": 0, "read": {"device_start": -1, "device_end": -1}}, "FFC_sans_bias7": {"write": {"device_start": -1, "host_queued_start": 1585585372.706472, "device_queued": -1, "device_end": -1, "host_queued_end": 1585585372.707533}, "device": "cpu", "nd_range": {"device_start": 2253146.941827195, "device_end": 2253146.9463161263}, "cmdq": 0, "read": {"device_start": -1, "device_end": -1}}, "FFC_sans_bias6": {"write": {"device_start": -1, "host_queued_start": 1585585372.705095, "device_queued": -1, "device_end": -1, "host_queued_end": 1585585372.707533}, "device": "cpu", "nd_range": {"device_start": 2253146.932752896, "device_end": 2253146.937062378}, "cmdq": 0, "read": {"device_start": -1, "device_end": -1}}, "FFC_sans_bias1": {"write": {"device_start": -1, "host_queued_start": 1585585372.698469, "device_queued": -1, "device_end": -1, "host_queued_end": 1585585372.707533}, "device": "cpu", "nd_range": {"device_start": 2253146.901462273, "device_end": 2253146.905391036}, "cmdq": 0, "read": {"device_start": -1, "device_end": -1}}, "FFC_sans_bias0": {"write": {"device_start": -1, "host_queued_start": 1585585372.69743, "device_queued": -1, "device_end": -1, "host_queued_end": 1585585372.707533}, "device": "cpu", "nd_range": {"device_start": 2253146.8972756043, "device_end": 2253146.9014521013}, "cmdq": 0, "read": {"device_start": -1, "device_end": -1}}, "FFC_sans_bias2": {"write": {"device_start": -1, "host_queued_start": 1585585372.699604, "device_queued": -1, "device_end": -1, "host_queued_end": 1585585372.707533}, "device": "cpu", "nd_range": {"device_start": 2253146.90539918, "device_end": 2253146.909331346}, "cmdq": 0, "read": {"device_start": -1, "device_end": -1}}, "FFC_sans_bias9": {"write": {"device_start": -1, "host_queued_start": 1585585372.70079, "device_queued": -1, "device_end": -1, "host_queued_end": 1585585372.707533}, "device": "cpu", "nd_range": {"device_start": 2253146.909344863, "device_end": 2253146.913288272}, "cmdq": 0, "read": {"device_start": -1, "device_end": -1}}, "softmax23": {"write": {"device_start": -1, "host_queued_start": 1585585372.692812, "device_queued": -1, "device_end": -1, "host_queued_end": 1585585372.694244}, "device": "gpu", "nd_range": {"device_start": 1585585307.3134165, "device_end": 1585585307.3136077}, "cmdq": 1, "read": {"device_start": -1, "device_end": -1}}, "FFC_sans_bias11": {"write": {"device_start": -1, "host_queued_start": 1585585372.702894, "device_queued": -1, "device_end": -1, "host_queued_end": 1585585372.707533}, "device": "cpu", "nd_range": {"device_start": 2253146.9181986162, "device_end": 2253146.922530097}, "cmdq": 0, "read": {"device_start": -1, "device_end": -1}}, "FFC_sans_bias10": {"write": {"device_start": -1, "host_queued_start": 1585585372.701828, "device_queued": -1, "device_end": -1, "host_queued_end": 1585585372.707533}, "device": "cpu", "nd_range": {"device_start": 2253146.913293598, "device_end": 2253146.9181929273}, "cmdq": 0, "read": {"device_start": -1, "device_end": -1}}, "coalesced_transpose3": {"write": {"device_start": -1, "host_queued_start": 1585585372.703219, "device_queued": -1, "device_end": -1, "host_queued_end": 1585585372.707533}, "device": "cpu", "nd_range": {"device_start": 2253146.92253526, "device_end": 2253146.922692812}, "cmdq": 0, "read": {"device_start": -1, "device_end": -1}}, "FFC_sans_bias15": {"write": {"device_start": -1, "host_queued_start": 1585585372.705436, "device_queued": -1, "device_end": -1, "host_queued_end": 1585585372.707533}, "device": "cpu", "nd_range": {"device_start": 2253146.9370687422, "device_end": 2253146.941821075}, "cmdq": 0, "read": {"device_start": -1, "device_end": -1}}, "FFC_sans_bias16": {"write": {"device_start": -1, "host_queued_start": 1585585372.707482, "device_queued": -1, "device_end": -1, "host_queued_end": 1585585372.707533}, "device": "cpu", "nd_range": {"device_start": 2253146.946319649, "device_end": 2253146.95085716}, "cmdq": 0, "read": {"device_start": -1, "device_end": -1}}, "FFC_sans_bias19": {"write": {"device_start": 1585585307.3111258, "host_queued_start": 1585585372.690781, "device_queued": 1585585307.3109355, "device_end": 1585585307.3111937, "host_queued_end": 1585585372.694244}, "device": "gpu", "nd_range": {"device_start": 1585585307.3112488, "device_end": 1585585307.3122323}, "cmdq": 2, "read": {"device_start": -1, "device_end": -1}}, "FFC_sans_bias18": {"write": {"device_start": 1585585307.3110418, "host_queued_start": 1585585372.689653, "device_queued": 1585585307.310917, "device_end": 1585585307.3110976, "host_queued_end": 1585585372.694244}, "device": "gpu", "nd_range": {"device_start": 1585585307.3112247, "device_end": 1585585307.311835}, "cmdq": 1, "read": {"device_start": -1, "device_end": -1}}, "empty26": {"write": {"device_start": 1585585307.3109434, "host_queued_start": 1585585372.688445, "device_queued": 1585585307.310819, "device_end": 1585585307.3109877, "host_queued_end": 1585585372.694244}, "device": "gpu", "nd_range": {"device_start": 1585585307.310992, "device_end": 1585585307.3109996}, "cmdq": 0, "read": {"device_start": -1, "device_end": -1}}, "coalesced_transpose12": {"write": {"device_start": -1, "host_queued_start": 1585585372.703544, "device_queued": -1, "device_end": -1, "host_queued_end": 1585585372.707533}, "device": "cpu", "nd_range": {"device_start": 2253146.9228319363, "device_end": 2253146.92295056}, "cmdq": 0, "read": {"device_start": -1, "device_end": -1}}, "coalesced_transpose21": {"write": {"device_start": -1, "host_queued_start": 1585585372.692197, "device_queued": -1, "device_end": -1, "host_queued_end": 1585585372.694244}, "device": "gpu", "nd_range": {"device_start": 1585585307.3122356, "device_end": 1585585307.3126442}, "cmdq": 4, "read": {"device_start": -1, "device_end": -1}}, "softmax14": {"write": {"device_start": -1, "host_queued_start": 1585585372.704762, "device_queued": -1, "device_end": -1, "host_queued_end": 1585585372.707533}, "device": "cpu", "nd_range": {"device_start": 2253146.932438656, "device_end": 2253146.932529666}, "cmdq": 0, "read": {"device_start": -1, "device_end": -1}}, "FFC_sans_bias13": {"write": {"device_start": -1, "host_queued_start": 1585585372.704219, "device_queued": -1, "device_end": -1, "host_queued_end": 1585585372.707533}, "device": "cpu", "nd_range": {"device_start": 2253146.927664739, "device_end": 2253146.932159375}, "cmdq": 0, "read": {"device_start": -1, "device_end": -1}}, "empty8": {"write": {"device_start": -1, "host_queued_start": 1585585372.695571, "device_queued": -1, "device_end": -1, "host_queued_end": 1585585372.707533}, "device": "cpu", "nd_range": {"device_start": 2253146.897123632, "device_end": 2253146.89713471}, "cmdq": 0, "read": {"device_start": -1, "device_end": -1}}, "FFC_sans_bias24": {"write": {"device_start": -1, "host_queued_start": 1585585372.693132, "device_queued": -1, "device_end": -1, "host_queued_end": 1585585372.694244}, "device": "gpu", "nd_range": {"device_start": 1585585307.3136146, "device_end": 1585585307.314213}, "cmdq": 2, "read": {"device_start": -1, "device_end": -1}}, "FFC_sans_bias25": {"write": {"device_start": 1585585307.3129091, "host_queued_start": 1585585372.69413, "device_queued": 1585585307.3113947, "device_end": 1585585307.3129408, "host_queued_end": 1585585372.694244}, "device": "gpu", "nd_range": {"device_start": 1585585307.314217, "device_end": 1585585307.314814}, "cmdq": 3, "read": {"device_start": 1585585307.314822, "device_end": 1585585307.3148456}}, "FFC_sans_bias20": {"write": {"device_start": 1585585307.3111987, "host_queued_start": 1585585372.691846, "device_queued": 1585585307.310959, "device_end": 1585585307.3112242, "host_queued_end": 1585585372.694244}, "device": "gpu", "nd_range": {"device_start": 1585585307.3112633, "device_end": 1585585307.312812}, "cmdq": 3, "read": {"device_start": -1, "device_end": -1}}, "FFC_sans_bias22": {"write": {"device_start": -1, "host_queued_start": 1585585372.692547, "device_queued": -1, "device_end": -1, "host_queued_end": 1585585372.694244}, "device": "gpu", "nd_range": {"device_start": 1585585307.312815, "device_end": 1585585307.313409}, "cmdq": 0, "read": {"device_start": -1, "device_end": -1}}, "softmax5": {"write": {"device_start": -1, "host_queued_start": 1585585372.704492, "device_queued": -1, "device_end": -1, "host_queued_end": 1585585372.707533}, "device": "cpu", "nd_range": {"device_start": 2253146.932165061, "device_end": 2253146.932306251}, "cmdq": 0, "read": {"device_start": -1, "device_end": -1}}, "empty17": {"write": {"device_start": -1, "host_queued_start": 1585585372.696445, "device_queued": -1, "device_end": -1, "host_queued_end": 1585585372.707533}, "device": "cpu", "nd_range": {"device_start": 2253146.897176042, "device_end": 2253146.897177352}, "cmdq": 0, "read": {"device_start": -1, "device_end": -1}}}