{"FFC_sans_bias4": {"write": {"device_start": -1, "host_queued_start": 1585585308.920085, "device_queued": -1, "device_end": -1, "host_queued_end": 1585585308.923771}, "device": "cpu", "nd_range": {"device_start": 2253083.129204847, "device_end": 2253083.137842622}, "cmdq": 0, "read": {"device_start": -1, "device_end": -1}}, "FFC_sans_bias7": {"write": {"device_start": -1, "host_queued_start": 1585585308.922728, "device_queued": -1, "device_end": -1, "host_queued_end": 1585585308.923771}, "device": "cpu", "nd_range": {"device_start": 2253083.16337358, "device_end": 2253083.167422477}, "cmdq": 1, "read": {"device_start": -1, "device_end": -1}}, "FFC_sans_bias6": {"write": {"device_start": -1, "host_queued_start": 1585585308.921311, "device_queued": -1, "device_end": -1, "host_queued_end": 1585585308.923771}, "device": "cpu", "nd_range": {"device_start": 2253083.14804273, "device_end": 2253083.1633672942}, "cmdq": 4, "read": {"device_start": -1, "device_end": -1}}, "FFC_sans_bias1": {"write": {"device_start": -1, "host_queued_start": 1585585308.91455, "device_queued": -1, "device_end": -1, "host_queued_end": 1585585308.923771}, "device": "cpu", "nd_range": {"device_start": 2253083.1134730293, "device_end": 2253083.12870253}, "cmdq": 3, "read": {"device_start": -1, "device_end": -1}}, "FFC_sans_bias0": {"write": {"device_start": -1, "host_queued_start": 1585585308.913475, "device_queued": -1, "device_end": -1, "host_queued_end": 1585585308.923771}, "device": "cpu", "nd_range": {"device_start": 2253083.129040969, "device_end": 2253083.142489959}, "cmdq": 2, "read": {"device_start": -1, "device_end": -1}}, "FFC_sans_bias2": {"write": {"device_start": -1, "host_queued_start": 1585585308.915828, "device_queued": -1, "device_end": -1, "host_queued_end": 1585585308.923771}, "device": "cpu", "nd_range": {"device_start": 2253083.113409183, "device_end": 2253083.1303179744}, "cmdq": 4, "read": {"device_start": -1, "device_end": -1}}, "FFC_sans_bias9": {"write": {"device_start": -1, "host_queued_start": 1585585308.916953, "device_queued": -1, "device_end": -1, "host_queued_end": 1585585308.923771}, "device": "cpu", "nd_range": {"device_start": 2253083.113400687, "device_end": 2253083.128915654}, "cmdq": 0, "read": {"device_start": -1, "device_end": -1}}, "softmax23": {"write": {"device_start": -1, "host_queued_start": 1585585308.908839, "device_queued": -1, "device_end": -1, "host_queued_end": 1585585308.910262}, "device": "gpu", "nd_range": {"device_start": 1585585243.531174, "device_end": 1585585243.5313644}, "cmdq": 0, "read": {"device_start": -1, "device_end": -1}}, "FFC_sans_bias11": {"write": {"device_start": -1, "host_queued_start": 1585585308.919095, "device_queued": -1, "device_end": -1, "host_queued_end": 1585585308.923771}, "device": "cpu", "nd_range": {"device_start": 2253083.14249952, "device_end": 2253083.147741596}, "cmdq": 2, "read": {"device_start": -1, "device_end": -1}}, "FFC_sans_bias10": {"write": {"device_start": -1, "host_queued_start": 1585585308.918012, "device_queued": -1, "device_end": -1, "host_queued_end": 1585585308.923771}, "device": "cpu", "nd_range": {"device_start": 2253083.1133928313, "device_end": 2253083.1287281723}, "cmdq": 1, "read": {"device_start": -1, "device_end": -1}}, "coalesced_transpose3": {"write": {"device_start": -1, "host_queued_start": 1585585308.91942, "device_queued": -1, "device_end": -1, "host_queued_end": 1585585308.923771}, "device": "cpu", "nd_range": {"device_start": 2253083.1288488354, "device_end": 2253083.129086744}, "cmdq": 3, "read": {"device_start": -1, "device_end": -1}}, "FFC_sans_bias15": {"write": {"device_start": -1, "host_queued_start": 1585585308.921659, "device_queued": -1, "device_end": -1, "host_queued_end": 1585585308.923771}, "device": "cpu", "nd_range": {"device_start": 2253083.148067898, "device_end": 2253083.155907491}, "cmdq": 0, "read": {"device_start": -1, "device_end": -1}}, "FFC_sans_bias16": {"write": {"device_start": -1, "host_queued_start": 1585585308.923727, "device_queued": -1, "device_end": -1, "host_queued_end": 1585585308.923771}, "device": "cpu", "nd_range": {"device_start": 2253083.155917079, "device_end": 2253083.161156732}, "cmdq": 2, "read": {"device_start": -1, "device_end": -1}}, "FFC_sans_bias19": {"write": {"device_start": 1585585243.5290017, "host_queued_start": 1585585308.906855, "device_queued": 1585585243.5287666, "device_end": 1585585243.529032, "host_queued_end": 1585585308.910262}, "device": "gpu", "nd_range": {"device_start": 1585585243.5290353, "device_end": 1585585243.5299923}, "cmdq": 2, "read": {"device_start": -1, "device_end": -1}}, "FFC_sans_bias18": {"write": {"device_start": 1585585243.5289078, "host_queued_start": 1585585308.905724, "device_queued": 1585585243.5287478, "device_end": 1585585243.5289752, "host_queued_end": 1585585308.910262}, "device": "gpu", "nd_range": {"device_start": 1585585243.5289788, "device_end": 1585585243.529584}, "cmdq": 1, "read": {"device_start": -1, "device_end": -1}}, "empty26": {"write": {"device_start": 1585585243.5288055, "host_queued_start": 1585585308.904524, "device_queued": 1585585243.5286727, "device_end": 1585585243.5288532, "host_queued_end": 1585585308.910262}, "device": "gpu", "nd_range": {"device_start": 1585585243.528857, "device_end": 1585585243.5288641}, "cmdq": 0, "read": {"device_start": -1, "device_end": -1}}, "coalesced_transpose12": {"write": {"device_start": -1, "host_queued_start": 1585585308.919747, "device_queued": -1, "device_end": -1, "host_queued_end": 1585585308.923771}, "device": "cpu", "nd_range": {"device_start": 2253083.132132037, "device_end": 2253083.132365949}, "cmdq": 4, "read": {"device_start": -1, "device_end": -1}}, "coalesced_transpose21": {"write": {"device_start": -1, "host_queued_start": 1585585308.908241, "device_queued": -1, "device_end": -1, "host_queued_end": 1585585308.910262}, "device": "gpu", "nd_range": {"device_start": 1585585243.5299954, "device_end": 1585585243.5303953}, "cmdq": 1, "read": {"device_start": -1, "device_end": -1}}, "softmax14": {"write": {"device_start": -1, "host_queued_start": 1585585308.920978, "device_queued": -1, "device_end": -1, "host_queued_end": 1585585308.923771}, "device": "cpu", "nd_range": {"device_start": 2253083.1477883793, "device_end": 2253083.148022814}, "cmdq": 3, "read": {"device_start": -1, "device_end": -1}}, "FFC_sans_bias13": {"write": {"device_start": -1, "host_queued_start": 1585585308.920425, "device_queued": -1, "device_end": -1, "host_queued_end": 1585585308.923771}, "device": "cpu", "nd_range": {"device_start": 2253083.132727059, "device_end": 2253083.147459668}, "cmdq": 1, "read": {"device_start": -1, "device_end": -1}}, "empty8": {"write": {"device_start": -1, "host_queued_start": 1585585308.911567, "device_queued": -1, "device_end": -1, "host_queued_end": 1585585308.923771}, "device": "cpu", "nd_range": {"device_start": 2253083.113363246, "device_end": 2253083.113373949}, "cmdq": 0, "read": {"device_start": -1, "device_end": -1}}, "FFC_sans_bias24": {"write": {"device_start": -1, "host_queued_start": 1585585308.90915, "device_queued": -1, "device_end": -1, "host_queued_end": 1585585308.910262}, "device": "gpu", "nd_range": {"device_start": 1585585243.5313692, "device_end": 1585585243.5319605}, "cmdq": 1, "read": {"device_start": -1, "device_end": -1}}, "FFC_sans_bias25": {"write": {"device_start": 1585585243.5312996, "host_queued_start": 1585585308.910153, "device_queued": 1585585243.5292435, "device_end": 1585585243.5313306, "host_queued_end": 1585585308.910262}, "device": "gpu", "nd_range": {"device_start": 1585585243.5319633, "device_end": 1585585243.5325565}, "cmdq": 2, "read": {"device_start": 1585585243.5325592, "device_end": 1585585243.53259}}, "FFC_sans_bias20": {"write": {"device_start": 1585585243.529128, "host_queued_start": 1585585308.907919, "device_queued": 1585585243.5290356, "device_end": 1585585243.5291579, "host_queued_end": 1585585308.910262}, "device": "gpu", "nd_range": {"device_start": 1585585243.529161, "device_end": 1585585243.5305593}, "cmdq": 0, "read": {"device_start": -1, "device_end": -1}}, "FFC_sans_bias22": {"write": {"device_start": -1, "host_queued_start": 1585585308.908584, "device_queued": -1, "device_end": -1, "host_queued_end": 1585585308.910262}, "device": "gpu", "nd_range": {"device_start": 1585585243.5305643, "device_end": 1585585243.531172}, "cmdq": 2, "read": {"device_start": -1, "device_end": -1}}, "softmax5": {"write": {"device_start": -1, "host_queued_start": 1585585308.920706, "device_queued": -1, "device_end": -1, "host_queued_end": 1585585308.923771}, "device": "cpu", "nd_range": {"device_start": 2253083.147749525, "device_end": 2253083.1480229544}, "cmdq": 2, "read": {"device_start": -1, "device_end": -1}}, "empty17": {"write": {"device_start": -1, "host_queued_start": 1585585308.912445, "device_queued": -1, "device_end": -1, "host_queued_end": 1585585308.923771}, "device": "cpu", "nd_range": {"device_start": 2253083.113363191, "device_end": 2253083.113373959}, "cmdq": 1, "read": {"device_start": -1, "device_end": -1}}}