{"FFC_sans_bias4": {"write": {"device_start": -1, "host_queued_start": 1585585311.57419, "device_queued": -1, "device_end": -1, "host_queued_end": 1585585311.580011}, "device": "cpu", "nd_range": {"device_start": 2253085.8026295993, "device_end": 2253085.8131505153}, "cmdq": 0, "read": {"device_start": -1, "device_end": -1}}, "FFC_sans_bias7": {"write": {"device_start": -1, "host_queued_start": 1585585311.577952, "device_queued": -1, "device_end": -1, "host_queued_end": 1585585311.580011}, "device": "cpu", "nd_range": {"device_start": 2253085.8313818, "device_end": 2253085.8399657314}, "cmdq": 4, "read": {"device_start": -1, "device_end": -1}}, "FFC_sans_bias6": {"write": {"device_start": -1, "host_queued_start": 1585585311.576192, "device_queued": -1, "device_end": -1, "host_queued_end": 1585585311.580011}, "device": "cpu", "nd_range": {"device_start": 2253085.819918267, "device_end": 2253085.8313710163}, "cmdq": 1, "read": {"device_start": -1, "device_end": -1}}, "FFC_sans_bias1": {"write": {"device_start": -1, "host_queued_start": 1585585311.565436, "device_queued": -1, "device_end": -1, "host_queued_end": 1585585311.580011}, "device": "cpu", "nd_range": {"device_start": 2253085.785219983, "device_end": 2253085.801785835}, "cmdq": 4, "read": {"device_start": -1, "device_end": -1}}, "FFC_sans_bias0": {"write": {"device_start": -1, "host_queued_start": 1585585311.564359, "device_queued": -1, "device_end": -1, "host_queued_end": 1585585311.580011}, "device": "cpu", "nd_range": {"device_start": 2253085.769677679, "device_end": 2253085.785188579}, "cmdq": 3, "read": {"device_start": -1, "device_end": -1}}, "FFC_sans_bias2": {"write": {"device_start": -1, "host_queued_start": 1585585311.566518, "device_queued": -1, "device_end": -1, "host_queued_end": 1585585311.580011}, "device": "cpu", "nd_range": {"device_start": 2253085.769663453, "device_end": 2253085.7848863113}, "cmdq": 0, "read": {"device_start": -1, "device_end": -1}}, "FFC_sans_bias9": {"write": {"device_start": -1, "host_queued_start": 1585585311.567612, "device_queued": -1, "device_end": -1, "host_queued_end": 1585585311.580011}, "device": "cpu", "nd_range": {"device_start": 2253085.769659094, "device_end": 2253085.785103254}, "cmdq": 1, "read": {"device_start": -1, "device_end": -1}}, "softmax23": {"write": {"device_start": -1, "host_queued_start": 1585585311.575854, "device_queued": -1, "device_end": -1, "host_queued_end": 1585585311.580011}, "device": "cpu", "nd_range": {"device_start": 2253085.825469593, "device_end": 2253085.825673343}, "cmdq": 0, "read": {"device_start": -1, "device_end": -1}}, "FFC_sans_bias11": {"write": {"device_start": -1, "host_queued_start": 1585585311.569704, "device_queued": -1, "device_end": -1, "host_queued_end": 1585585311.580011}, "device": "cpu", "nd_range": {"device_start": 2253085.785442972, "device_end": 2253085.8006537952}, "cmdq": 3, "read": {"device_start": -1, "device_end": -1}}, "FFC_sans_bias10": {"write": {"device_start": -1, "host_queued_start": 1585585311.568652, "device_queued": -1, "device_end": -1, "host_queued_end": 1585585311.580011}, "device": "cpu", "nd_range": {"device_start": 2253085.7700025523, "device_end": 2253085.78525197}, "cmdq": 2, "read": {"device_start": -1, "device_end": -1}}, "coalesced_transpose3": {"write": {"device_start": -1, "host_queued_start": 1585585311.573194, "device_queued": -1, "device_end": -1, "host_queued_end": 1585585311.580011}, "device": "cpu", "nd_range": {"device_start": 2253085.8023854243, "device_end": 2253085.8026215443}, "cmdq": 2, "read": {"device_start": -1, "device_end": -1}}, "FFC_sans_bias15": {"write": {"device_start": -1, "host_queued_start": 1585585311.57655, "device_queued": -1, "device_end": -1, "host_queued_end": 1585585311.580011}, "device": "cpu", "nd_range": {"device_start": 2253085.8257884653, "device_end": 2253085.8410416213}, "cmdq": 2, "read": {"device_start": -1, "device_end": -1}}, "FFC_sans_bias16": {"write": {"device_start": -1, "host_queued_start": 1585585311.578969, "device_queued": -1, "device_end": -1, "host_queued_end": 1585585311.580011}, "device": "cpu", "nd_range": {"device_start": 2253085.8411982493, "device_end": 2253085.84949147}, "cmdq": 0, "read": {"device_start": -1, "device_end": -1}}, "FFC_sans_bias19": {"write": {"device_start": -1, "host_queued_start": 1585585311.571813, "device_queued": -1, "device_end": -1, "host_queued_end": 1585585311.580011}, "device": "cpu", "nd_range": {"device_start": 2253085.78501036, "device_end": 2253085.8002231303}, "cmdq": 0, "read": {"device_start": -1, "device_end": -1}}, "FFC_sans_bias18": {"write": {"device_start": -1, "host_queued_start": 1585585311.570772, "device_queued": -1, "device_end": -1, "host_queued_end": 1585585311.580011}, "device": "cpu", "nd_range": {"device_start": 2253085.8033127883, "device_end": 2253085.814563997}, "cmdq": 4, "read": {"device_start": -1, "device_end": -1}}, "empty26": {"write": {"device_start": -1, "host_queued_start": 1585585311.563357, "device_queued": -1, "device_end": -1, "host_queued_end": 1585585311.580011}, "device": "cpu", "nd_range": {"device_start": 2253085.7697848952, "device_end": 2253085.769788198}, "cmdq": 2, "read": {"device_start": -1, "device_end": -1}}, "coalesced_transpose12": {"write": {"device_start": -1, "host_queued_start": 1585585311.573521, "device_queued": -1, "device_end": -1, "host_queued_end": 1585585311.580011}, "device": "cpu", "nd_range": {"device_start": 2253085.800769717, "device_end": 2253085.8010160713}, "cmdq": 3, "read": {"device_start": -1, "device_end": -1}}, "coalesced_transpose21": {"write": {"device_start": -1, "host_queued_start": 1585585311.573845, "device_queued": -1, "device_end": -1, "host_queued_end": 1585585311.580011}, "device": "cpu", "nd_range": {"device_start": 2253085.8145842813, "device_end": 2253085.8149502412}, "cmdq": 4, "read": {"device_start": -1, "device_end": -1}}, "softmax14": {"write": {"device_start": -1, "host_queued_start": 1585585311.575585, "device_queued": -1, "device_end": -1, "host_queued_end": 1585585311.580011}, "device": "cpu", "nd_range": {"device_start": 2253085.825112246, "device_end": 2253085.825321768}, "cmdq": 4, "read": {"device_start": -1, "device_end": -1}}, "FFC_sans_bias13": {"write": {"device_start": -1, "host_queued_start": 1585585311.574679, "device_queued": -1, "device_end": -1, "host_queued_end": 1585585311.580011}, "device": "cpu", "nd_range": {"device_start": 2253085.806820615, "device_end": 2253085.8199071153}, "cmdq": 1, "read": {"device_start": -1, "device_end": -1}}, "empty8": {"write": {"device_start": -1, "host_queued_start": 1585585311.561468, "device_queued": -1, "device_end": -1, "host_queued_end": 1585585311.580011}, "device": "cpu", "nd_range": {"device_start": 2253085.769627098, "device_end": 2253085.769637451}, "cmdq": 0, "read": {"device_start": -1, "device_end": -1}}, "FFC_sans_bias24": {"write": {"device_start": -1, "host_queued_start": 1585585311.576899, "device_queued": -1, "device_end": -1, "host_queued_end": 1585585311.580011}, "device": "cpu", "nd_range": {"device_start": 2253085.828548158, "device_end": 2253085.841042057}, "cmdq": 3, "read": {"device_start": -1, "device_end": -1}}, "FFC_sans_bias25": {"write": {"device_start": -1, "host_queued_start": 1585585311.579966, "device_queued": -1, "device_end": -1, "host_queued_end": 1585585311.580011}, "device": "cpu", "nd_range": {"device_start": 2253085.841062157, "device_end": 2253085.849491374}, "cmdq": 1, "read": {"device_start": -1, "device_end": -1}}, "FFC_sans_bias20": {"write": {"device_start": -1, "host_queued_start": 1585585311.572861, "device_queued": -1, "device_end": -1, "host_queued_end": 1585585311.580011}, "device": "cpu", "nd_range": {"device_start": 2253085.788559643, "device_end": 2253085.805077076}, "cmdq": 1, "read": {"device_start": -1, "device_end": -1}}, "FFC_sans_bias22": {"write": {"device_start": -1, "host_queued_start": 1585585311.575027, "device_queued": -1, "device_end": -1, "host_queued_end": 1585585311.580011}, "device": "cpu", "nd_range": {"device_start": 2253085.815948496, "device_end": 2253085.825284367}, "cmdq": 2, "read": {"device_start": -1, "device_end": -1}}, "softmax5": {"write": {"device_start": -1, "host_queued_start": 1585585311.575309, "device_queued": -1, "device_end": -1, "host_queued_end": 1585585311.580011}, "device": "cpu", "nd_range": {"device_start": 2253085.813399781, "device_end": 2253085.8145096092}, "cmdq": 3, "read": {"device_start": -1, "device_end": -1}}, "empty17": {"write": {"device_start": -1, "host_queued_start": 1585585311.562495, "device_queued": -1, "device_end": -1, "host_queued_end": 1585585311.580011}, "device": "cpu", "nd_range": {"device_start": 2253085.7696270794, "device_end": 2253085.769637484}, "cmdq": 1, "read": {"device_start": -1, "device_end": -1}}}