{"FFC_sans_bias4": {"write": {"device_start": -1, "host_queued_start": 1585585380.686345, "device_queued": -1, "device_end": -1, "host_queued_end": 1585585380.688146}, "device": "cpu", "nd_range": {"device_start": 2253154.890111227, "device_end": 2253154.894060729}, "cmdq": 1, "read": {"device_start": -1, "device_end": -1}}, "FFC_sans_bias7": {"write": {"device_start": -1, "host_queued_start": 1585585380.688084, "device_queued": -1, "device_end": -1, "host_queued_end": 1585585380.688146}, "device": "cpu", "nd_range": {"device_start": 2253154.899069073, "device_end": 2253154.903624894}, "cmdq": 0, "read": {"device_start": -1, "device_end": -1}}, "FFC_sans_bias6": {"write": {"device_start": -1, "host_queued_start": 1585585380.686998, "device_queued": -1, "device_end": -1, "host_queued_end": 1585585380.688146}, "device": "cpu", "nd_range": {"device_start": 2253154.894225256, "device_end": 2253154.898936346}, "cmdq": 1, "read": {"device_start": -1, "device_end": -1}}, "FFC_sans_bias1": {"write": {"device_start": -1, "host_queued_start": 1585585380.684551, "device_queued": -1, "device_end": -1, "host_queued_end": 1585585380.688146}, "device": "cpu", "nd_range": {"device_start": 2253154.877748126, "device_end": 2253154.884614415}, "cmdq": 0, "read": {"device_start": -1, "device_end": -1}}, "FFC_sans_bias0": {"write": {"device_start": -1, "host_queued_start": 1585585380.683467, "device_queued": -1, "device_end": -1, "host_queued_end": 1585585380.688146}, "device": "cpu", "nd_range": {"device_start": 2253154.877740974, "device_end": 2253154.886160165}, "cmdq": 1, "read": {"device_start": -1, "device_end": -1}}, "FFC_sans_bias2": {"write": {"device_start": -1, "host_queued_start": 1585585380.685605, "device_queued": -1, "device_end": -1, "host_queued_end": 1585585380.688146}, "device": "cpu", "nd_range": {"device_start": 2253154.886184491, "device_end": 2253154.890103888}, "cmdq": 1, "read": {"device_start": -1, "device_end": -1}}, "FFC_sans_bias9": {"write": {"device_start": 1585585315.29764, "host_queued_start": 1585585380.670827, "device_queued": 1585585315.297429, "device_end": 1585585315.2977047, "host_queued_end": 1585585380.680923}, "device": "gpu", "nd_range": {"device_start": 1585585315.2978065, "device_end": 1585585315.2984107}, "cmdq": 2, "read": {"device_start": -1, "device_end": -1}}, "softmax23": {"write": {"device_start": -1, "host_queued_start": 1585585380.677944, "device_queued": -1, "device_end": -1, "host_queued_end": 1585585380.680923}, "device": "gpu", "nd_range": {"device_start": 1585585315.3017752, "device_end": 1585585315.3021252}, "cmdq": 3, "read": {"device_start": -1, "device_end": -1}}, "FFC_sans_bias11": {"write": {"device_start": 1585585315.2978163, "host_queued_start": 1585585380.672915, "device_queued": 1585585315.297717, "device_end": 1585585315.2978427, "host_queued_end": 1585585380.680923}, "device": "gpu", "nd_range": {"device_start": 1585585315.2978454, "device_end": 1585585315.2993882}, "cmdq": 4, "read": {"device_start": -1, "device_end": -1}}, "FFC_sans_bias10": {"write": {"device_start": 1585585315.2977273, "host_queued_start": 1585585380.67184, "device_queued": 1585585315.2974646, "device_end": 1585585315.297806, "host_queued_end": 1585585380.680923}, "device": "gpu", "nd_range": {"device_start": 1585585315.2978158, "device_end": 1585585315.298826}, "cmdq": 3, "read": {"device_start": -1, "device_end": -1}}, "coalesced_transpose3": {"write": {"device_start": -1, "host_queued_start": 1585585380.685932, "device_queued": -1, "device_end": -1, "host_queued_end": 1585585380.688146}, "device": "cpu", "nd_range": {"device_start": 2253154.884718033, "device_end": 2253154.884953667}, "cmdq": 0, "read": {"device_start": -1, "device_end": -1}}, "FFC_sans_bias15": {"write": {"device_start": -1, "host_queued_start": 1585585380.678372, "device_queued": -1, "device_end": -1, "host_queued_end": 1585585380.680923}, "device": "gpu", "nd_range": {"device_start": 1585585315.3018079, "device_end": 1585585315.302417}, "cmdq": 4, "read": {"device_start": -1, "device_end": -1}}, "FFC_sans_bias16": {"write": {"device_start": 1585585315.301885, "host_queued_start": 1585585380.679762, "device_queued": 1585585315.298633, "device_end": 1585585315.3019433, "host_queued_end": 1585585380.680923}, "device": "gpu", "nd_range": {"device_start": 1585585315.3024254, "device_end": 1585585315.3033903}, "cmdq": 1, "read": {"device_start": 1585585315.303393, "device_end": 1585585315.303417}}, "FFC_sans_bias19": {"write": {"device_start": 1585585315.2981346, "host_queued_start": 1585585380.675113, "device_queued": 1585585315.2980108, "device_end": 1585585315.2981648, "host_queued_end": 1585585380.680923}, "device": "gpu", "nd_range": {"device_start": 1585585315.2982185, "device_end": 1585585315.3003507}, "cmdq": 1, "read": {"device_start": -1, "device_end": -1}}, "FFC_sans_bias18": {"write": {"device_start": 1585585315.298042, "host_queued_start": 1585585380.674021, "device_queued": 1585585315.2979505, "device_end": 1585585315.298108, "host_queued_end": 1585585380.680923}, "device": "gpu", "nd_range": {"device_start": 1585585315.298116, "device_end": 1585585315.299815}, "cmdq": 0, "read": {"device_start": -1, "device_end": -1}}, "empty26": {"write": {"device_start": 1585585315.2975469, "host_queued_start": 1585585380.669719, "device_queued": 1585585315.297407, "device_end": 1585585315.2976272, "host_queued_end": 1585585380.680923}, "device": "gpu", "nd_range": {"device_start": 1585585315.2977722, "device_end": 1585585315.2978108}, "cmdq": 1, "read": {"device_start": -1, "device_end": -1}}, "coalesced_transpose12": {"write": {"device_start": -1, "host_queued_start": 1585585380.676482, "device_queued": -1, "device_end": -1, "host_queued_end": 1585585380.680923}, "device": "gpu", "nd_range": {"device_start": 1585585315.2988272, "device_end": 1585585315.3006403}, "cmdq": 3, "read": {"device_start": -1, "device_end": -1}}, "coalesced_transpose21": {"write": {"device_start": -1, "host_queued_start": 1585585380.676792, "device_queued": -1, "device_end": -1, "host_queued_end": 1585585380.680923}, "device": "gpu", "nd_range": {"device_start": 1585585315.300644, "device_end": 1585585315.3006682}, "cmdq": 4, "read": {"device_start": -1, "device_end": -1}}, "softmax14": {"write": {"device_start": -1, "host_queued_start": 1585585380.677692, "device_queued": -1, "device_end": -1, "host_queued_end": 1585585380.680923}, "device": "gpu", "nd_range": {"device_start": 1585585315.3012888, "device_end": 1585585315.3018053}, "cmdq": 2, "read": {"device_start": -1, "device_end": -1}}, "FFC_sans_bias13": {"write": {"device_start": -1, "host_queued_start": 1585585380.677118, "device_queued": -1, "device_end": -1, "host_queued_end": 1585585380.680923}, "device": "gpu", "nd_range": {"device_start": 1585585315.3006485, "device_end": 1585585315.3012831}, "cmdq": 0, "read": {"device_start": -1, "device_end": -1}}, "empty8": {"write": {"device_start": -1, "host_queued_start": 1585585380.682326, "device_queued": -1, "device_end": -1, "host_queued_end": 1585585380.688146}, "device": "cpu", "nd_range": {"device_start": 2253154.877718708, "device_end": 2253154.877729686}, "cmdq": 0, "read": {"device_start": -1, "device_end": -1}}, "FFC_sans_bias24": {"write": {"device_start": -1, "host_queued_start": 1585585380.678737, "device_queued": -1, "device_end": -1, "host_queued_end": 1585585380.680923}, "device": "gpu", "nd_range": {"device_start": 1585585315.3021276, "device_end": 1585585315.3028207}, "cmdq": 0, "read": {"device_start": -1, "device_end": -1}}, "FFC_sans_bias25": {"write": {"device_start": 1585585315.301977, "host_queued_start": 1585585380.680817, "device_queued": 1585585315.2986598, "device_end": 1585585315.302008, "host_queued_end": 1585585380.680923}, "device": "gpu", "nd_range": {"device_start": 1585585315.3028257, "device_end": 1585585315.3037877}, "cmdq": 2, "read": {"device_start": 1585585315.3037903, "device_end": 1585585315.3038132}}, "FFC_sans_bias20": {"write": {"device_start": 1585585315.2985544, "host_queued_start": 1585585380.676149, "device_queued": 1585585315.298027, "device_end": 1585585315.2985845, "host_queued_end": 1585585380.680923}, "device": "gpu", "nd_range": {"device_start": 1585585315.2985892, "device_end": 1585585315.3008041}, "cmdq": 2, "read": {"device_start": -1, "device_end": -1}}, "FFC_sans_bias22": {"write": {"device_start": -1, "host_queued_start": 1585585380.677432, "device_queued": -1, "device_end": -1, "host_queued_end": 1585585380.680923}, "device": "gpu", "nd_range": {"device_start": 1585585315.3008149, "device_end": 1585585315.3017673}, "cmdq": 1, "read": {"device_start": -1, "device_end": -1}}, "softmax5": {"write": {"device_start": -1, "host_queued_start": 1585585380.686659, "device_queued": -1, "device_end": -1, "host_queued_end": 1585585380.688146}, "device": "cpu", "nd_range": {"device_start": 2253154.8940772633, "device_end": 2253154.8942095432}, "cmdq": 0, "read": {"device_start": -1, "device_end": -1}}, "empty17": {"write": {"device_start": 1585585315.2974324, "host_queued_start": 1585585380.66867, "device_queued": 1585585315.2973099, "device_end": 1585585315.2974737, "host_queued_end": 1585585380.680923}, "device": "gpu", "nd_range": {"device_start": 1585585315.297477, "device_end": 1585585315.2974818}, "cmdq": 0, "read": {"device_start": -1, "device_end": -1}}}