{"FFC_sans_bias4": {"write": {"device_start": -1, "host_queued_start": 1585585343.47328, "device_queued": -1, "device_end": -1, "host_queued_end": 1585585343.479105}, "device": "cpu", "nd_range": {"device_start": 2253117.713326027, "device_end": 2253117.7281403663}, "cmdq": 0, "read": {"device_start": -1, "device_end": -1}}, "FFC_sans_bias7": {"write": {"device_start": -1, "host_queued_start": 1585585343.477018, "device_queued": -1, "device_end": -1, "host_queued_end": 1585585343.479105}, "device": "cpu", "nd_range": {"device_start": 2253117.7462987253, "device_end": 2253117.758688126}, "cmdq": 0, "read": {"device_start": -1, "device_end": -1}}, "FFC_sans_bias6": {"write": {"device_start": -1, "host_queued_start": 1585585343.475264, "device_queued": -1, "device_end": -1, "host_queued_end": 1585585343.479105}, "device": "cpu", "nd_range": {"device_start": 2253117.7283641123, "device_end": 2253117.746291339}, "cmdq": 0, "read": {"device_start": -1, "device_end": -1}}, "FFC_sans_bias1": {"write": {"device_start": -1, "host_queued_start": 1585585343.464485, "device_queued": -1, "device_end": -1, "host_queued_end": 1585585343.479105}, "device": "cpu", "nd_range": {"device_start": 2253117.668797849, "device_end": 2253117.682441554}, "cmdq": 1, "read": {"device_start": -1, "device_end": -1}}, "FFC_sans_bias0": {"write": {"device_start": -1, "host_queued_start": 1585585343.463429, "device_queued": -1, "device_end": -1, "host_queued_end": 1585585343.479105}, "device": "cpu", "nd_range": {"device_start": 2253117.668753288, "device_end": 2253117.680808132}, "cmdq": 0, "read": {"device_start": -1, "device_end": -1}}, "FFC_sans_bias2": {"write": {"device_start": -1, "host_queued_start": 1585585343.465559, "device_queued": -1, "device_end": -1, "host_queued_end": 1585585343.479105}, "device": "cpu", "nd_range": {"device_start": 2253117.668753202, "device_end": 2253117.676693538}, "cmdq": 2, "read": {"device_start": -1, "device_end": -1}}, "FFC_sans_bias9": {"write": {"device_start": -1, "host_queued_start": 1585585343.466664, "device_queued": -1, "device_end": -1, "host_queued_end": 1585585343.479105}, "device": "cpu", "nd_range": {"device_start": 2253117.681627171, "device_end": 2253117.695166151}, "cmdq": 0, "read": {"device_start": -1, "device_end": -1}}, "softmax23": {"write": {"device_start": -1, "host_queued_start": 1585585343.474925, "device_queued": -1, "device_end": -1, "host_queued_end": 1585585343.479105}, "device": "cpu", "nd_range": {"device_start": 2253117.728343699, "device_end": 2253117.728563973}, "cmdq": 2, "read": {"device_start": -1, "device_end": -1}}, "FFC_sans_bias11": {"write": {"device_start": -1, "host_queued_start": 1585585343.468761, "device_queued": -1, "device_end": -1, "host_queued_end": 1585585343.479105}, "device": "cpu", "nd_range": {"device_start": 2253117.676807466, "device_end": 2253117.6918141963}, "cmdq": 2, "read": {"device_start": -1, "device_end": -1}}, "FFC_sans_bias10": {"write": {"device_start": -1, "host_queued_start": 1585585343.46771, "device_queued": -1, "device_end": -1, "host_queued_end": 1585585343.479105}, "device": "cpu", "nd_range": {"device_start": 2253117.6825661673, "device_end": 2253117.6948854793}, "cmdq": 1, "read": {"device_start": -1, "device_end": -1}}, "coalesced_transpose3": {"write": {"device_start": -1, "host_queued_start": 1585585343.472275, "device_queued": -1, "device_end": -1, "host_queued_end": 1585585343.479105}, "device": "cpu", "nd_range": {"device_start": 2253117.712587309, "device_end": 2253117.712858044}, "cmdq": 0, "read": {"device_start": -1, "device_end": -1}}, "FFC_sans_bias15": {"write": {"device_start": -1, "host_queued_start": 1585585343.475606, "device_queued": -1, "device_end": -1, "host_queued_end": 1585585343.479105}, "device": "cpu", "nd_range": {"device_start": 2253117.7215455663, "device_end": 2253117.732766459}, "cmdq": 1, "read": {"device_start": -1, "device_end": -1}}, "FFC_sans_bias16": {"write": {"device_start": -1, "host_queued_start": 1585585343.478022, "device_queued": -1, "device_end": -1, "host_queued_end": 1585585343.479105}, "device": "cpu", "nd_range": {"device_start": 2253117.732776054, "device_end": 2253117.7472945903}, "cmdq": 1, "read": {"device_start": -1, "device_end": -1}}, "FFC_sans_bias19": {"write": {"device_start": -1, "host_queued_start": 1585585343.470885, "device_queued": -1, "device_end": -1, "host_queued_end": 1585585343.479105}, "device": "cpu", "nd_range": {"device_start": 2253117.695009202, "device_end": 2253117.712580155}, "cmdq": 1, "read": {"device_start": -1, "device_end": -1}}, "FFC_sans_bias18": {"write": {"device_start": -1, "host_queued_start": 1585585343.469806, "device_queued": -1, "device_end": -1, "host_queued_end": 1585585343.479105}, "device": "cpu", "nd_range": {"device_start": 2253117.695588643, "device_end": 2253117.7125798212}, "cmdq": 0, "read": {"device_start": -1, "device_end": -1}}, "empty26": {"write": {"device_start": -1, "host_queued_start": 1585585343.462398, "device_queued": -1, "device_end": -1, "host_queued_end": 1585585343.479105}, "device": "cpu", "nd_range": {"device_start": 2253117.6687210263, "device_end": 2253117.668732502}, "cmdq": 2, "read": {"device_start": -1, "device_end": -1}}, "coalesced_transpose12": {"write": {"device_start": -1, "host_queued_start": 1585585343.472601, "device_queued": -1, "device_end": -1, "host_queued_end": 1585585343.479105}, "device": "cpu", "nd_range": {"device_start": 2253117.712602354, "device_end": 2253117.7128668022}, "cmdq": 1, "read": {"device_start": -1, "device_end": -1}}, "coalesced_transpose21": {"write": {"device_start": -1, "host_queued_start": 1585585343.472928, "device_queued": -1, "device_end": -1, "host_queued_end": 1585585343.479105}, "device": "cpu", "nd_range": {"device_start": 2253117.712598835, "device_end": 2253117.7128578234}, "cmdq": 2, "read": {"device_start": -1, "device_end": -1}}, "softmax14": {"write": {"device_start": -1, "host_queued_start": 1585585343.474655, "device_queued": -1, "device_end": -1, "host_queued_end": 1585585343.479105}, "device": "cpu", "nd_range": {"device_start": 2253117.721321768, "device_end": 2253117.721538519}, "cmdq": 1, "read": {"device_start": -1, "device_end": -1}}, "FFC_sans_bias13": {"write": {"device_start": -1, "host_queued_start": 1585585343.473707, "device_queued": -1, "device_end": -1, "host_queued_end": 1585585343.479105}, "device": "cpu", "nd_range": {"device_start": 2253117.7128862203, "device_end": 2253117.72118784}, "cmdq": 1, "read": {"device_start": -1, "device_end": -1}}, "empty8": {"write": {"device_start": -1, "host_queued_start": 1585585343.460544, "device_queued": -1, "device_end": -1, "host_queued_end": 1585585343.479105}, "device": "cpu", "nd_range": {"device_start": 2253117.6687198323, "device_end": 2253117.668732482}, "cmdq": 0, "read": {"device_start": -1, "device_end": -1}}, "FFC_sans_bias24": {"write": {"device_start": -1, "host_queued_start": 1585585343.475949, "device_queued": -1, "device_end": -1, "host_queued_end": 1585585343.479105}, "device": "cpu", "nd_range": {"device_start": 2253117.728686463, "device_end": 2253117.738196032}, "cmdq": 2, "read": {"device_start": -1, "device_end": -1}}, "FFC_sans_bias25": {"write": {"device_start": -1, "host_queued_start": 1585585343.479054, "device_queued": -1, "device_end": -1, "host_queued_end": 1585585343.479105}, "device": "cpu", "nd_range": {"device_start": 2253117.7382046822, "device_end": 2253117.750136747}, "cmdq": 2, "read": {"device_start": -1, "device_end": -1}}, "FFC_sans_bias20": {"write": {"device_start": -1, "host_queued_start": 1585585343.471941, "device_queued": -1, "device_end": -1, "host_queued_end": 1585585343.479105}, "device": "cpu", "nd_range": {"device_start": 2253117.691933039, "device_end": 2253117.702395007}, "cmdq": 2, "read": {"device_start": -1, "device_end": -1}}, "FFC_sans_bias22": {"write": {"device_start": -1, "host_queued_start": 1585585343.474057, "device_queued": -1, "device_end": -1, "host_queued_end": 1585585343.479105}, "device": "cpu", "nd_range": {"device_start": 2253117.713231767, "device_end": 2253117.728334352}, "cmdq": 2, "read": {"device_start": -1, "device_end": -1}}, "softmax5": {"write": {"device_start": -1, "host_queued_start": 1585585343.474336, "device_queued": -1, "device_end": -1, "host_queued_end": 1585585343.479105}, "device": "cpu", "nd_range": {"device_start": 2253117.728147833, "device_end": 2253117.7283576303}, "cmdq": 0, "read": {"device_start": -1, "device_end": -1}}, "empty17": {"write": {"device_start": -1, "host_queued_start": 1585585343.461565, "device_queued": -1, "device_end": -1, "host_queued_end": 1585585343.479105}, "device": "cpu", "nd_range": {"device_start": 2253117.668778445, "device_end": 2253117.668783096}, "cmdq": 1, "read": {"device_start": -1, "device_end": -1}}}