{"FFC_sans_bias4": {"write": {"device_start": -1, "host_queued_start": 1585585277.060472, "device_queued": -1, "device_end": -1, "host_queued_end": 1585585277.064126}, "device": "cpu", "nd_range": {"device_start": 2253051.274819223, "device_end": 2253051.2814883683}, "cmdq": 0, "read": {"device_start": -1, "device_end": -1}}, "FFC_sans_bias7": {"write": {"device_start": -1, "host_queued_start": 1585585277.063098, "device_queued": -1, "device_end": -1, "host_queued_end": 1585585277.064126}, "device": "cpu", "nd_range": {"device_start": 2253051.287690604, "device_end": 2253051.29365732}, "cmdq": 0, "read": {"device_start": -1, "device_end": -1}}, "FFC_sans_bias6": {"write": {"device_start": -1, "host_queued_start": 1585585277.061693, "device_queued": -1, "device_end": -1, "host_queued_end": 1585585277.064126}, "device": "cpu", "nd_range": {"device_start": 2253051.28193531, "device_end": 2253051.287683647}, "cmdq": 0, "read": {"device_start": -1, "device_end": -1}}, "FFC_sans_bias1": {"write": {"device_start": -1, "host_queued_start": 1585585277.055158, "device_queued": -1, "device_end": -1, "host_queued_end": 1585585277.064126}, "device": "cpu", "nd_range": {"device_start": 2253051.253746068, "device_end": 2253051.2624811484}, "cmdq": 1, "read": {"device_start": -1, "device_end": -1}}, "FFC_sans_bias0": {"write": {"device_start": -1, "host_queued_start": 1585585277.054073, "device_queued": -1, "device_end": -1, "host_queued_end": 1585585277.064126}, "device": "cpu", "nd_range": {"device_start": 2253051.253743858, "device_end": 2253051.260991053}, "cmdq": 0, "read": {"device_start": -1, "device_end": -1}}, "FFC_sans_bias2": {"write": {"device_start": -1, "host_queued_start": 1585585277.056243, "device_queued": -1, "device_end": -1, "host_queued_end": 1585585277.064126}, "device": "cpu", "nd_range": {"device_start": 2253051.261498161, "device_end": 2253051.2681921152}, "cmdq": 0, "read": {"device_start": -1, "device_end": -1}}, "FFC_sans_bias9": {"write": {"device_start": -1, "host_queued_start": 1585585277.057278, "device_queued": -1, "device_end": -1, "host_queued_end": 1585585277.064126}, "device": "cpu", "nd_range": {"device_start": 2253051.2625901503, "device_end": 2253051.270973273}, "cmdq": 1, "read": {"device_start": -1, "device_end": -1}}, "softmax23": {"write": {"device_start": -1, "host_queued_start": 1585585277.049392, "device_queued": -1, "device_end": -1, "host_queued_end": 1585585277.050919}, "device": "gpu", "nd_range": {"device_start": 1585585211.6725996, "device_end": 1585585211.6727905}, "cmdq": 0, "read": {"device_start": -1, "device_end": -1}}, "FFC_sans_bias11": {"write": {"device_start": -1, "host_queued_start": 1585585277.059483, "device_queued": -1, "device_end": -1, "host_queued_end": 1585585277.064126}, "device": "cpu", "nd_range": {"device_start": 2253051.276144601, "device_end": 2253051.2839770173}, "cmdq": 1, "read": {"device_start": -1, "device_end": -1}}, "FFC_sans_bias10": {"write": {"device_start": -1, "host_queued_start": 1585585277.058403, "device_queued": -1, "device_end": -1, "host_queued_end": 1585585277.064126}, "device": "cpu", "nd_range": {"device_start": 2253051.268335555, "device_end": 2253051.2744637583}, "cmdq": 0, "read": {"device_start": -1, "device_end": -1}}, "coalesced_transpose3": {"write": {"device_start": -1, "host_queued_start": 1585585277.059808, "device_queued": -1, "device_end": -1, "host_queued_end": 1585585277.064126}, "device": "cpu", "nd_range": {"device_start": 2253051.274594337, "device_end": 2253051.2747004624}, "cmdq": 0, "read": {"device_start": -1, "device_end": -1}}, "FFC_sans_bias15": {"write": {"device_start": -1, "host_queued_start": 1585585277.062036, "device_queued": -1, "device_end": -1, "host_queued_end": 1585585277.064126}, "device": "cpu", "nd_range": {"device_start": 2253051.297162964, "device_end": 2253051.301013222}, "cmdq": 1, "read": {"device_start": -1, "device_end": -1}}, "FFC_sans_bias16": {"write": {"device_start": -1, "host_queued_start": 1585585277.064082, "device_queued": -1, "device_end": -1, "host_queued_end": 1585585277.064126}, "device": "cpu", "nd_range": {"device_start": 2253051.301021404, "device_end": 2253051.306229489}, "cmdq": 1, "read": {"device_start": -1, "device_end": -1}}, "FFC_sans_bias19": {"write": {"device_start": 1585585211.6705003, "host_queued_start": 1585585277.047353, "device_queued": 1585585211.670358, "device_end": 1585585211.6705246, "host_queued_end": 1585585277.050919}, "device": "gpu", "nd_range": {"device_start": 1585585211.670594, "device_end": 1585585211.6715071}, "cmdq": 2, "read": {"device_start": -1, "device_end": -1}}, "FFC_sans_bias18": {"write": {"device_start": 1585585211.670421, "host_queued_start": 1585585277.04622, "device_queued": 1585585211.6703134, "device_end": 1585585211.6704776, "host_queued_end": 1585585277.050919}, "device": "gpu", "nd_range": {"device_start": 1585585211.670485, "device_end": 1585585211.671088}, "cmdq": 1, "read": {"device_start": -1, "device_end": -1}}, "empty26": {"write": {"device_start": 1585585211.6703258, "host_queued_start": 1585585277.044963, "device_queued": 1585585211.6702075, "device_end": 1585585211.6703534, "host_queued_end": 1585585277.050919}, "device": "gpu", "nd_range": {"device_start": 1585585211.6703627, "device_end": 1585585211.6703682}, "cmdq": 0, "read": {"device_start": -1, "device_end": -1}}, "coalesced_transpose12": {"write": {"device_start": -1, "host_queued_start": 1585585277.060131, "device_queued": -1, "device_end": -1, "host_queued_end": 1585585277.064126}, "device": "cpu", "nd_range": {"device_start": 2253051.291940739, "device_end": 2253051.2921859003}, "cmdq": 1, "read": {"device_start": -1, "device_end": -1}}, "coalesced_transpose21": {"write": {"device_start": -1, "host_queued_start": 1585585277.048794, "device_queued": -1, "device_end": -1, "host_queued_end": 1585585277.050919}, "device": "gpu", "nd_range": {"device_start": 1585585211.6715102, "device_end": 1585585211.6718976}, "cmdq": 1, "read": {"device_start": -1, "device_end": -1}}, "softmax14": {"write": {"device_start": -1, "host_queued_start": 1585585277.06136, "device_queued": -1, "device_end": -1, "host_queued_end": 1585585277.064126}, "device": "cpu", "nd_range": {"device_start": 2253051.296926301, "device_end": 2253051.297009936}, "cmdq": 1, "read": {"device_start": -1, "device_end": -1}}, "FFC_sans_bias13": {"write": {"device_start": -1, "host_queued_start": 1585585277.060814, "device_queued": -1, "device_end": -1, "host_queued_end": 1585585277.064126}, "device": "cpu", "nd_range": {"device_start": 2253051.2925577373, "device_end": 2253051.296914591}, "cmdq": 1, "read": {"device_start": -1, "device_end": -1}}, "empty8": {"write": {"device_start": -1, "host_queued_start": 1585585277.052154, "device_queued": -1, "device_end": -1, "host_queued_end": 1585585277.064126}, "device": "cpu", "nd_range": {"device_start": 2253051.2537141, "device_end": 2253051.2537243892}, "cmdq": 0, "read": {"device_start": -1, "device_end": -1}}, "FFC_sans_bias24": {"write": {"device_start": -1, "host_queued_start": 1585585277.04971, "device_queued": -1, "device_end": -1, "host_queued_end": 1585585277.050919}, "device": "gpu", "nd_range": {"device_start": 1585585211.6727958, "device_end": 1585585211.6733947}, "cmdq": 1, "read": {"device_start": -1, "device_end": -1}}, "FFC_sans_bias25": {"write": {"device_start": 1585585211.6727223, "host_queued_start": 1585585277.050806, "device_queued": 1585585211.6708279, "device_end": 1585585211.6727536, "host_queued_end": 1585585277.050919}, "device": "gpu", "nd_range": {"device_start": 1585585211.6733978, "device_end": 1585585211.6739998}, "cmdq": 2, "read": {"device_start": 1585585211.6740065, "device_end": 1585585211.6740298}}, "FFC_sans_bias20": {"write": {"device_start": 1585585211.6706903, "host_queued_start": 1585585277.048452, "device_queued": 1585585211.6706052, "device_end": 1585585211.6707213, "host_queued_end": 1585585277.050919}, "device": "gpu", "nd_range": {"device_start": 1585585211.6707244, "device_end": 1585585211.6719913}, "cmdq": 0, "read": {"device_start": -1, "device_end": -1}}, "FFC_sans_bias22": {"write": {"device_start": -1, "host_queued_start": 1585585277.049132, "device_queued": -1, "device_end": -1, "host_queued_end": 1585585277.050919}, "device": "gpu", "nd_range": {"device_start": 1585585211.6719956, "device_end": 1585585211.6725974}, "cmdq": 2, "read": {"device_start": -1, "device_end": -1}}, "softmax5": {"write": {"device_start": -1, "host_queued_start": 1585585277.061089, "device_queued": -1, "device_end": -1, "host_queued_end": 1585585277.064126}, "device": "cpu", "nd_range": {"device_start": 2253051.2816053233, "device_end": 2253051.281823417}, "cmdq": 0, "read": {"device_start": -1, "device_end": -1}}, "empty17": {"write": {"device_start": -1, "host_queued_start": 1585585277.053044, "device_queued": -1, "device_end": -1, "host_queued_end": 1585585277.064126}, "device": "cpu", "nd_range": {"device_start": 2253051.253713785, "device_end": 2253051.253724396}, "cmdq": 1, "read": {"device_start": -1, "device_end": -1}}}