{"FFC_sans_bias4": {"write": {"device_start": -1, "host_queued_start": 1585585370.082217, "device_queued": -1, "device_end": -1, "host_queued_end": 1585585370.084031}, "device": "cpu", "nd_range": {"device_start": 2253144.2858690023, "device_end": 2253144.290437697}, "cmdq": 0, "read": {"device_start": -1, "device_end": -1}}, "FFC_sans_bias7": {"write": {"device_start": -1, "host_queued_start": 1585585370.083961, "device_queued": -1, "device_end": -1, "host_queued_end": 1585585370.084031}, "device": "cpu", "nd_range": {"device_start": 2253144.2950071413, "device_end": 2253144.2998078363}, "cmdq": 0, "read": {"device_start": -1, "device_end": -1}}, "FFC_sans_bias6": {"write": {"device_start": -1, "host_queued_start": 1585585370.082854, "device_queued": -1, "device_end": -1, "host_queued_end": 1585585370.084031}, "device": "cpu", "nd_range": {"device_start": 2253144.290700355, "device_end": 2253144.2950014253}, "cmdq": 0, "read": {"device_start": -1, "device_end": -1}}, "FFC_sans_bias1": {"write": {"device_start": -1, "host_queued_start": 1585585370.080417, "device_queued": -1, "device_end": -1, "host_queued_end": 1585585370.084031}, "device": "cpu", "nd_range": {"device_start": 2253144.277714705, "device_end": 2253144.281792162}, "cmdq": 0, "read": {"device_start": -1, "device_end": -1}}, "FFC_sans_bias0": {"write": {"device_start": -1, "host_queued_start": 1585585370.079341, "device_queued": -1, "device_end": -1, "host_queued_end": 1585585370.084031}, "device": "cpu", "nd_range": {"device_start": 2253144.2736876663, "device_end": 2253144.277697604}, "cmdq": 0, "read": {"device_start": -1, "device_end": -1}}, "FFC_sans_bias2": {"write": {"device_start": -1, "host_queued_start": 1585585370.08149, "device_queued": -1, "device_end": -1, "host_queued_end": 1585585370.084031}, "device": "cpu", "nd_range": {"device_start": 2253144.2818004442, "device_end": 2253144.285720541}, "cmdq": 0, "read": {"device_start": -1, "device_end": -1}}, "FFC_sans_bias9": {"write": {"device_start": 1585585304.693796, "host_queued_start": 1585585370.06675, "device_queued": 1585585304.6936147, "device_end": 1585585304.6938794, "host_queued_end": 1585585370.076768}, "device": "gpu", "nd_range": {"device_start": 1585585304.6940448, "device_end": 1585585304.6946492}, "cmdq": 2, "read": {"device_start": -1, "device_end": -1}}, "softmax23": {"write": {"device_start": -1, "host_queued_start": 1585585370.073812, "device_queued": -1, "device_end": -1, "host_queued_end": 1585585370.076768}, "device": "gpu", "nd_range": {"device_start": 1585585304.697983, "device_end": 1585585304.6982954}, "cmdq": 3, "read": {"device_start": -1, "device_end": -1}}, "FFC_sans_bias11": {"write": {"device_start": 1585585304.6940835, "host_queued_start": 1585585370.068885, "device_queued": 1585585304.6939678, "device_end": 1585585304.6941156, "host_queued_end": 1585585370.076768}, "device": "gpu", "nd_range": {"device_start": 1585585304.6941183, "device_end": 1585585304.6956089}, "cmdq": 4, "read": {"device_start": -1, "device_end": -1}}, "FFC_sans_bias10": {"write": {"device_start": 1585585304.693889, "host_queued_start": 1585585370.067822, "device_queued": 1585585304.6936443, "device_end": 1585585304.6939144, "host_queued_end": 1585585370.076768}, "device": "gpu", "nd_range": {"device_start": 1585585304.6940713, "device_end": 1585585304.695052}, "cmdq": 3, "read": {"device_start": -1, "device_end": -1}}, "coalesced_transpose3": {"write": {"device_start": -1, "host_queued_start": 1585585370.081822, "device_queued": -1, "device_end": -1, "host_queued_end": 1585585370.084031}, "device": "cpu", "nd_range": {"device_start": 2253144.285725506, "device_end": 2253144.285863814}, "cmdq": 0, "read": {"device_start": -1, "device_end": -1}}, "FFC_sans_bias15": {"write": {"device_start": -1, "host_queued_start": 1585585370.074235, "device_queued": -1, "device_end": -1, "host_queued_end": 1585585370.076768}, "device": "gpu", "nd_range": {"device_start": 1585585304.6980603, "device_end": 1585585304.6986687}, "cmdq": 4, "read": {"device_start": -1, "device_end": -1}}, "FFC_sans_bias16": {"write": {"device_start": 1585585304.698085, "host_queued_start": 1585585370.07562, "device_queued": 1585585304.6950085, "device_end": 1585585304.6981485, "host_queued_end": 1585585370.076768}, "device": "gpu", "nd_range": {"device_start": 1585585304.6986718, "device_end": 1585585304.6996408}, "cmdq": 1, "read": {"device_start": 1585585304.6996503, "device_end": 1585585304.699674}}, "FFC_sans_bias19": {"write": {"device_start": 1585585304.6944203, "host_queued_start": 1585585370.071046, "device_queued": 1585585304.6942866, "device_end": 1585585304.6944447, "host_queued_end": 1585585370.076768}, "device": "gpu", "nd_range": {"device_start": 1585585304.6946146, "device_end": 1585585304.6965697}, "cmdq": 1, "read": {"device_start": -1, "device_end": -1}}, "FFC_sans_bias18": {"write": {"device_start": 1585585304.694327, "host_queued_start": 1585585370.069977, "device_queued": 1585585304.6942246, "device_end": 1585585304.6943862, "host_queued_end": 1585585370.076768}, "device": "gpu", "nd_range": {"device_start": 1585585304.6943939, "device_end": 1585585304.6960561}, "cmdq": 0, "read": {"device_start": -1, "device_end": -1}}, "empty26": {"write": {"device_start": 1585585304.693701, "host_queued_start": 1585585370.065724, "device_queued": 1585585304.6935713, "device_end": 1585585304.6937778, "host_queued_end": 1585585370.076768}, "device": "gpu", "nd_range": {"device_start": 1585585304.6940098, "device_end": 1585585304.6940215}, "cmdq": 1, "read": {"device_start": -1, "device_end": -1}}, "coalesced_transpose12": {"write": {"device_start": -1, "host_queued_start": 1585585370.0724, "device_queued": -1, "device_end": -1, "host_queued_end": 1585585370.076768}, "device": "gpu", "nd_range": {"device_start": 1585585304.695053, "device_end": 1585585304.696905}, "cmdq": 3, "read": {"device_start": -1, "device_end": -1}}, "coalesced_transpose21": {"write": {"device_start": -1, "host_queued_start": 1585585370.072701, "device_queued": -1, "device_end": -1, "host_queued_end": 1585585370.076768}, "device": "gpu", "nd_range": {"device_start": 1585585304.6969085, "device_end": 1585585304.6969202}, "cmdq": 4, "read": {"device_start": -1, "device_end": -1}}, "softmax14": {"write": {"device_start": -1, "host_queued_start": 1585585370.073567, "device_queued": -1, "device_end": -1, "host_queued_end": 1585585370.076768}, "device": "gpu", "nd_range": {"device_start": 1585585304.6975265, "device_end": 1585585304.6980543}, "cmdq": 2, "read": {"device_start": -1, "device_end": -1}}, "FFC_sans_bias13": {"write": {"device_start": -1, "host_queued_start": 1585585370.073012, "device_queued": -1, "device_end": -1, "host_queued_end": 1585585370.076768}, "device": "gpu", "nd_range": {"device_start": 1585585304.6969118, "device_end": 1585585304.6975203}, "cmdq": 0, "read": {"device_start": -1, "device_end": -1}}, "empty8": {"write": {"device_start": -1, "host_queued_start": 1585585370.078075, "device_queued": -1, "device_end": -1, "host_queued_end": 1585585370.084031}, "device": "cpu", "nd_range": {"device_start": 2253144.273637998, "device_end": 2253144.2736493093}, "cmdq": 0, "read": {"device_start": -1, "device_end": -1}}, "FFC_sans_bias24": {"write": {"device_start": -1, "host_queued_start": 1585585370.074549, "device_queued": -1, "device_end": -1, "host_queued_end": 1585585370.076768}, "device": "gpu", "nd_range": {"device_start": 1585585304.698298, "device_end": 1585585304.699073}, "cmdq": 0, "read": {"device_start": -1, "device_end": -1}}, "FFC_sans_bias25": {"write": {"device_start": 1585585304.6981776, "host_queued_start": 1585585370.076668, "device_queued": 1585585304.6950355, "device_end": 1585585304.6982074, "host_queued_end": 1585585370.076768}, "device": "gpu", "nd_range": {"device_start": 1585585304.6990778, "device_end": 1585585304.7000523}, "cmdq": 2, "read": {"device_start": 1585585304.7000563, "device_end": 1585585304.7000792}}, "FFC_sans_bias20": {"write": {"device_start": 1585585304.6947596, "host_queued_start": 1585585370.072082, "device_queued": 1585585304.6943038, "device_end": 1585585304.69479, "host_queued_end": 1585585370.076768}, "device": "gpu", "nd_range": {"device_start": 1585585304.6947958, "device_end": 1585585304.697052}, "cmdq": 2, "read": {"device_start": -1, "device_end": -1}}, "FFC_sans_bias22": {"write": {"device_start": -1, "host_queued_start": 1585585370.073317, "device_queued": -1, "device_end": -1, "host_queued_end": 1585585370.076768}, "device": "gpu", "nd_range": {"device_start": 1585585304.6970584, "device_end": 1585585304.6979783}, "cmdq": 1, "read": {"device_start": -1, "device_end": -1}}, "softmax5": {"write": {"device_start": -1, "host_queued_start": 1585585370.08251, "device_queued": -1, "device_end": -1, "host_queued_end": 1585585370.084031}, "device": "cpu", "nd_range": {"device_start": 2253144.290442406, "device_end": 2253144.2905740133}, "cmdq": 0, "read": {"device_start": -1, "device_end": -1}}, "empty17": {"write": {"device_start": 1585585304.6935966, "host_queued_start": 1585585370.064682, "device_queued": 1585585304.6934505, "device_end": 1585585304.6936455, "host_queued_end": 1585585370.076768}, "device": "gpu", "nd_range": {"device_start": 1585585304.6936502, "device_end": 1585585304.6936557}, "cmdq": 0, "read": {"device_start": -1, "device_end": -1}}}