{"FFC_sans_bias4": {"write": {"device_start": -1, "host_queued_start": 1585585183.9732, "device_queued": -1, "device_end": -1, "host_queued_end": 1585585183.978981}, "device": "cpu", "nd_range": {"device_start": 2252958.214377318, "device_end": 2252958.223038497}, "cmdq": 0, "read": {"device_start": -1, "device_end": -1}}, "FFC_sans_bias7": {"write": {"device_start": -1, "host_queued_start": 1585585183.976904, "device_queued": -1, "device_end": -1, "host_queued_end": 1585585183.978981}, "device": "cpu", "nd_range": {"device_start": 2252958.232758394, "device_end": 2252958.240369461}, "cmdq": 0, "read": {"device_start": -1, "device_end": -1}}, "FFC_sans_bias6": {"write": {"device_start": -1, "host_queued_start": 1585585183.975184, "device_queued": -1, "device_end": -1, "host_queued_end": 1585585183.978981}, "device": "cpu", "nd_range": {"device_start": 2252958.2234652094, "device_end": 2252958.232750922}, "cmdq": 0, "read": {"device_start": -1, "device_end": -1}}, "FFC_sans_bias1": {"write": {"device_start": -1, "host_queued_start": 1585585183.96451, "device_queued": -1, "device_end": -1, "host_queued_end": 1585585183.978981}, "device": "cpu", "nd_range": {"device_start": 2252958.168628565, "device_end": 2252958.1806972283}, "cmdq": 1, "read": {"device_start": -1, "device_end": -1}}, "FFC_sans_bias0": {"write": {"device_start": -1, "host_queued_start": 1585585183.96347, "device_queued": -1, "device_end": -1, "host_queued_end": 1585585183.978981}, "device": "cpu", "nd_range": {"device_start": 2252958.168628523, "device_end": 2252958.181499944}, "cmdq": 0, "read": {"device_start": -1, "device_end": -1}}, "FFC_sans_bias2": {"write": {"device_start": -1, "host_queued_start": 1585585183.965556, "device_queued": -1, "device_end": -1, "host_queued_end": 1585585183.978981}, "device": "cpu", "nd_range": {"device_start": 2252958.168668908, "device_end": 2252958.1773535893}, "cmdq": 2, "read": {"device_start": -1, "device_end": -1}}, "FFC_sans_bias9": {"write": {"device_start": -1, "host_queued_start": 1585585183.966625, "device_queued": -1, "device_end": -1, "host_queued_end": 1585585183.978981}, "device": "cpu", "nd_range": {"device_start": 2252958.1816242742, "device_end": 2252958.197904353}, "cmdq": 0, "read": {"device_start": -1, "device_end": -1}}, "softmax23": {"write": {"device_start": -1, "host_queued_start": 1585585183.974851, "device_queued": -1, "device_end": -1, "host_queued_end": 1585585183.978981}, "device": "cpu", "nd_range": {"device_start": 2252958.254173649, "device_end": 2252958.259430183}, "cmdq": 2, "read": {"device_start": -1, "device_end": -1}}, "FFC_sans_bias11": {"write": {"device_start": -1, "host_queued_start": 1585585183.968712, "device_queued": -1, "device_end": -1, "host_queued_end": 1585585183.978981}, "device": "cpu", "nd_range": {"device_start": 2252958.177569873, "device_end": 2252958.189963742}, "cmdq": 2, "read": {"device_start": -1, "device_end": -1}}, "FFC_sans_bias10": {"write": {"device_start": -1, "host_queued_start": 1585585183.967664, "device_queued": -1, "device_end": -1, "host_queued_end": 1585585183.978981}, "device": "cpu", "nd_range": {"device_start": 2252958.1811929983, "device_end": 2252958.2135387673}, "cmdq": 1, "read": {"device_start": -1, "device_end": -1}}, "coalesced_transpose3": {"write": {"device_start": -1, "host_queued_start": 1585585183.972205, "device_queued": -1, "device_end": -1, "host_queued_end": 1585585183.978981}, "device": "cpu", "nd_range": {"device_start": 2252958.213681442, "device_end": 2252958.214223524}, "cmdq": 0, "read": {"device_start": -1, "device_end": -1}}, "FFC_sans_bias15": {"write": {"device_start": -1, "host_queued_start": 1585585183.975526, "device_queued": -1, "device_end": -1, "host_queued_end": 1585585183.978981}, "device": "cpu", "nd_range": {"device_start": 2252958.2439813823, "device_end": 2252958.254154088}, "cmdq": 1, "read": {"device_start": -1, "device_end": -1}}, "FFC_sans_bias16": {"write": {"device_start": -1, "host_queued_start": 1585585183.977925, "device_queued": -1, "device_end": -1, "host_queued_end": 1585585183.978981}, "device": "cpu", "nd_range": {"device_start": 2252958.254162062, "device_end": 2252958.259429131}, "cmdq": 1, "read": {"device_start": -1, "device_end": -1}}, "FFC_sans_bias19": {"write": {"device_start": -1, "host_queued_start": 1585585183.970825, "device_queued": -1, "device_end": -1, "host_queued_end": 1585585183.978981}, "device": "cpu", "nd_range": {"device_start": 2252958.214232375, "device_end": 2252958.233849076}, "cmdq": 1, "read": {"device_start": -1, "device_end": -1}}, "FFC_sans_bias18": {"write": {"device_start": -1, "host_queued_start": 1585585183.969754, "device_queued": -1, "device_end": -1, "host_queued_end": 1585585183.978981}, "device": "cpu", "nd_range": {"device_start": 2252958.198227047, "device_end": 2252958.213628097}, "cmdq": 0, "read": {"device_start": -1, "device_end": -1}}, "empty26": {"write": {"device_start": -1, "host_queued_start": 1585585183.962425, "device_queued": -1, "device_end": -1, "host_queued_end": 1585585183.978981}, "device": "cpu", "nd_range": {"device_start": 2252958.168650105, "device_end": 2252958.1686543142}, "cmdq": 2, "read": {"device_start": -1, "device_end": -1}}, "coalesced_transpose12": {"write": {"device_start": -1, "host_queued_start": 1585585183.972532, "device_queued": -1, "device_end": -1, "host_queued_end": 1585585183.978981}, "device": "cpu", "nd_range": {"device_start": 2252958.23387028, "device_end": 2252958.23413287}, "cmdq": 1, "read": {"device_start": -1, "device_end": -1}}, "coalesced_transpose21": {"write": {"device_start": -1, "host_queued_start": 1585585183.972855, "device_queued": -1, "device_end": -1, "host_queued_end": 1585585183.978981}, "device": "cpu", "nd_range": {"device_start": 2252958.2403684533, "device_end": 2252958.2406141763}, "cmdq": 2, "read": {"device_start": -1, "device_end": -1}}, "softmax14": {"write": {"device_start": -1, "host_queued_start": 1585585183.974549, "device_queued": -1, "device_end": -1, "host_queued_end": 1585585183.978981}, "device": "cpu", "nd_range": {"device_start": 2252958.243640175, "device_end": 2252958.243854491}, "cmdq": 1, "read": {"device_start": -1, "device_end": -1}}, "FFC_sans_bias13": {"write": {"device_start": -1, "host_queued_start": 1585585183.973538, "device_queued": -1, "device_end": -1, "host_queued_end": 1585585183.978981}, "device": "cpu", "nd_range": {"device_start": 2252958.234138548, "device_end": 2252958.2436236283}, "cmdq": 1, "read": {"device_start": -1, "device_end": -1}}, "empty8": {"write": {"device_start": -1, "host_queued_start": 1585585183.960557, "device_queued": -1, "device_end": -1, "host_queued_end": 1585585183.978981}, "device": "cpu", "nd_range": {"device_start": 2252958.168595112, "device_end": 2252958.168608168}, "cmdq": 0, "read": {"device_start": -1, "device_end": -1}}, "FFC_sans_bias24": {"write": {"device_start": -1, "host_queued_start": 1585585183.975863, "device_queued": -1, "device_end": -1, "host_queued_end": 1585585183.978981}, "device": "cpu", "nd_range": {"device_start": 2252958.259440949, "device_end": 2252958.2646964723}, "cmdq": 2, "read": {"device_start": -1, "device_end": -1}}, "FFC_sans_bias25": {"write": {"device_start": -1, "host_queued_start": 1585585183.978937, "device_queued": -1, "device_end": -1, "host_queued_end": 1585585183.978981}, "device": "cpu", "nd_range": {"device_start": 2252958.2647023723, "device_end": 2252958.269968903}, "cmdq": 2, "read": {"device_start": -1, "device_end": -1}}, "FFC_sans_bias20": {"write": {"device_start": -1, "host_queued_start": 1585585183.971875, "device_queued": -1, "device_end": -1, "host_queued_end": 1585585183.978981}, "device": "cpu", "nd_range": {"device_start": 2252958.1900850954, "device_end": 2252958.201911976}, "cmdq": 2, "read": {"device_start": -1, "device_end": -1}}, "FFC_sans_bias22": {"write": {"device_start": -1, "host_queued_start": 1585585183.973994, "device_queued": -1, "device_end": -1, "host_queued_end": 1585585183.978981}, "device": "cpu", "nd_range": {"device_start": 2252958.243645302, "device_end": 2252958.2541540293}, "cmdq": 2, "read": {"device_start": -1, "device_end": -1}}, "softmax5": {"write": {"device_start": -1, "host_queued_start": 1585585183.974275, "device_queued": -1, "device_end": -1, "host_queued_end": 1585585183.978981}, "device": "cpu", "nd_range": {"device_start": 2252958.22323259, "device_end": 2252958.2234549653}, "cmdq": 0, "read": {"device_start": -1, "device_end": -1}}, "empty17": {"write": {"device_start": -1, "host_queued_start": 1585585183.961591, "device_queued": -1, "device_end": -1, "host_queued_end": 1585585183.978981}, "device": "cpu", "nd_range": {"device_start": 2252958.168595007, "device_end": 2252958.168608157}, "cmdq": 1, "read": {"device_start": -1, "device_end": -1}}}