{"FFC_sans_bias4": {"write": {"device_start": -1, "host_queued_start": 1585585303.645261, "device_queued": -1, "device_end": -1, "host_queued_end": 1585585303.650961}, "device": "gpu", "nd_range": {"device_start": 1585585238.2743733, "device_end": 1585585238.2749982}, "cmdq": 0, "read": {"device_start": -1, "device_end": -1}}, "FFC_sans_bias7": {"write": {"device_start": 1585585238.2765462, "host_queued_start": 1585585303.648749, "device_queued": 1585585238.2715547, "device_end": 1585585238.2765775, "host_queued_end": 1585585303.650961}, "device": "gpu", "nd_range": {"device_start": 1585585238.2765825, "device_end": 1585585238.2774153}, "cmdq": 0, "read": {"device_start": 1585585238.2774186, "device_end": 1585585238.277442}}, "FFC_sans_bias6": {"write": {"device_start": -1, "host_queued_start": 1585585303.647112, "device_queued": -1, "device_end": -1, "host_queued_end": 1585585303.650961}, "device": "gpu", "nd_range": {"device_start": 1585585238.2756655, "device_end": 1585585238.276438}, "cmdq": 0, "read": {"device_start": -1, "device_end": -1}}, "FFC_sans_bias1": {"write": {"device_start": 1585585238.2701533, "host_queued_start": 1585585303.636723, "device_queued": 1585585238.2700548, "device_end": 1585585238.2702115, "host_queued_end": 1585585303.650961}, "device": "gpu", "nd_range": {"device_start": 1585585238.2702167, "device_end": 1585585238.2710614}, "cmdq": 1, "read": {"device_start": -1, "device_end": -1}}, "FFC_sans_bias0": {"write": {"device_start": 1585585238.2700214, "host_queued_start": 1585585303.635663, "device_queued": 1585585238.2698133, "device_end": 1585585238.2700512, "host_queued_end": 1585585303.650961}, "device": "gpu", "nd_range": {"device_start": 1585585238.270054, "device_end": 1585585238.270652}, "cmdq": 0, "read": {"device_start": -1, "device_end": -1}}, "FFC_sans_bias2": {"write": {"device_start": 1585585238.2702312, "host_queued_start": 1585585303.637764, "device_queued": 1585585238.270082, "device_end": 1585585238.270256, "host_queued_end": 1585585303.650961}, "device": "gpu", "nd_range": {"device_start": 1585585238.2702737, "device_end": 1585585238.271626}, "cmdq": 2, "read": {"device_start": -1, "device_end": -1}}, "FFC_sans_bias9": {"write": {"device_start": 1585585238.270798, "host_queued_start": 1585585303.638839, "device_queued": 1585585238.2702825, "device_end": 1585585238.2708228, "host_queued_end": 1585585303.650961}, "device": "gpu", "nd_range": {"device_start": 1585585238.2708342, "device_end": 1585585238.272062}, "cmdq": 0, "read": {"device_start": -1, "device_end": -1}}, "softmax23": {"write": {"device_start": -1, "host_queued_start": 1585585303.646791, "device_queued": -1, "device_end": -1, "host_queued_end": 1585585303.650961}, "device": "gpu", "nd_range": {"device_start": 1585585238.275985, "device_end": 1585585238.2766201}, "cmdq": 2, "read": {"device_start": -1, "device_end": -1}}, "FFC_sans_bias11": {"write": {"device_start": 1585585238.271731, "host_queued_start": 1585585303.640902, "device_queued": 1585585238.2704685, "device_end": 1585585238.2717614, "host_queued_end": 1585585303.650961}, "device": "gpu", "nd_range": {"device_start": 1585585238.2717657, "device_end": 1585585238.2730598}, "cmdq": 2, "read": {"device_start": -1, "device_end": -1}}, "FFC_sans_bias10": {"write": {"device_start": 1585585238.271215, "host_queued_start": 1585585303.639866, "device_queued": 1585585238.2703357, "device_end": 1585585238.2712457, "host_queued_end": 1585585303.650961}, "device": "gpu", "nd_range": {"device_start": 1585585238.2712505, "device_end": 1585585238.2725856}, "cmdq": 1, "read": {"device_start": -1, "device_end": -1}}, "coalesced_transpose3": {"write": {"device_start": -1, "host_queued_start": 1585585303.644343, "device_queued": -1, "device_end": -1, "host_queued_end": 1585585303.650961}, "device": "gpu", "nd_range": {"device_start": 1585585238.2735271, "device_end": 1585585238.274372}, "cmdq": 0, "read": {"device_start": -1, "device_end": -1}}, "FFC_sans_bias15": {"write": {"device_start": -1, "host_queued_start": 1585585303.647426, "device_queued": -1, "device_end": -1, "host_queued_end": 1585585303.650961}, "device": "gpu", "nd_range": {"device_start": 1585585238.2761524, "device_end": 1585585238.2769604}, "cmdq": 1, "read": {"device_start": -1, "device_end": -1}}, "FFC_sans_bias16": {"write": {"device_start": 1585585238.2770889, "host_queued_start": 1585585303.649795, "device_queued": 1585585238.271595, "device_end": 1585585238.2771194, "host_queued_end": 1585585303.650961}, "device": "gpu", "nd_range": {"device_start": 1585585238.2771227, "device_end": 1585585238.2784057}, "cmdq": 1, "read": {"device_start": 1585585238.2784126, "device_end": 1585585238.278435}}, "FFC_sans_bias19": {"write": {"device_start": 1585585238.2727115, "host_queued_start": 1585585303.642985, "device_queued": 1585585238.270712, "device_end": 1585585238.2727432, "host_queued_end": 1585585303.650961}, "device": "gpu", "nd_range": {"device_start": 1585585238.2727492, "device_end": 1585585238.2740347}, "cmdq": 1, "read": {"device_start": -1, "device_end": -1}}, "FFC_sans_bias18": {"write": {"device_start": 1585585238.2721918, "host_queued_start": 1585585303.641933, "device_queued": 1585585238.2705457, "device_end": 1585585238.2722242, "host_queued_end": 1585585303.650961}, "device": "gpu", "nd_range": {"device_start": 1585585238.272229, "device_end": 1585585238.2735252}, "cmdq": 0, "read": {"device_start": -1, "device_end": -1}}, "empty26": {"write": {"device_start": 1585585238.2699301, "host_queued_start": 1585585303.63464, "device_queued": 1585585238.2697363, "device_end": 1585585238.2699878, "host_queued_end": 1585585303.650961}, "device": "gpu", "nd_range": {"device_start": 1585585238.2699966, "device_end": 1585585238.2700005}, "cmdq": 2, "read": {"device_start": -1, "device_end": -1}}, "coalesced_transpose12": {"write": {"device_start": -1, "host_queued_start": 1585585303.644645, "device_queued": -1, "device_end": -1, "host_queued_end": 1585585303.650961}, "device": "gpu", "nd_range": {"device_start": 1585585238.2740357, "device_end": 1585585238.274389}, "cmdq": 1, "read": {"device_start": -1, "device_end": -1}}, "coalesced_transpose21": {"write": {"device_start": -1, "host_queued_start": 1585585303.644942, "device_queued": -1, "device_end": -1, "host_queued_end": 1585585303.650961}, "device": "gpu", "nd_range": {"device_start": 1585585238.2744882, "device_end": 1585585238.275304}, "cmdq": 2, "read": {"device_start": -1, "device_end": -1}}, "softmax14": {"write": {"device_start": -1, "host_queued_start": 1585585303.646509, "device_queued": -1, "device_end": -1, "host_queued_end": 1585585303.650961}, "device": "gpu", "nd_range": {"device_start": 1585585238.2754574, "device_end": 1585585238.276151}, "cmdq": 1, "read": {"device_start": -1, "device_end": -1}}, "FFC_sans_bias13": {"write": {"device_start": -1, "host_queued_start": 1585585303.645574, "device_queued": -1, "device_end": -1, "host_queued_end": 1585585303.650961}, "device": "gpu", "nd_range": {"device_start": 1585585238.2743902, "device_end": 1585585238.2754562}, "cmdq": 1, "read": {"device_start": -1, "device_end": -1}}, "empty8": {"write": {"device_start": 1585585238.269709, "host_queued_start": 1585585303.632667, "device_queued": 1585585238.2695897, "device_end": 1585585238.2697558, "host_queued_end": 1585585303.650961}, "device": "gpu", "nd_range": {"device_start": 1585585238.2697737, "device_end": 1585585238.2697785}, "cmdq": 0, "read": {"device_start": -1, "device_end": -1}}, "FFC_sans_bias24": {"write": {"device_start": -1, "host_queued_start": 1585585303.64774, "device_queued": -1, "device_end": -1, "host_queued_end": 1585585303.650961}, "device": "gpu", "nd_range": {"device_start": 1585585238.2766216, "device_end": 1585585238.2779095}, "cmdq": 2, "read": {"device_start": -1, "device_end": -1}}, "FFC_sans_bias25": {"write": {"device_start": 1585585238.2780282, "host_queued_start": 1585585303.650861, "device_queued": 1585585238.2717865, "device_end": 1585585238.278059, "host_queued_end": 1585585303.650961}, "device": "gpu", "nd_range": {"device_start": 1585585238.2780626, "device_end": 1585585238.278847}, "cmdq": 2, "read": {"device_start": 1585585238.2788558, "device_end": 1585585238.2788777}}, "FFC_sans_bias20": {"write": {"device_start": 1585585238.2731738, "host_queued_start": 1585585303.644022, "device_queued": 1585585238.270743, "device_end": 1585585238.273206, "host_queued_end": 1585585303.650961}, "device": "gpu", "nd_range": {"device_start": 1585585238.2732134, "device_end": 1585585238.274481}, "cmdq": 2, "read": {"device_start": -1, "device_end": -1}}, "FFC_sans_bias22": {"write": {"device_start": -1, "host_queued_start": 1585585303.645891, "device_queued": -1, "device_end": -1, "host_queued_end": 1585585303.650961}, "device": "gpu", "nd_range": {"device_start": 1585585238.2753053, "device_end": 1585585238.275984}, "cmdq": 2, "read": {"device_start": -1, "device_end": -1}}, "softmax5": {"write": {"device_start": -1, "host_queued_start": 1585585303.646259, "device_queued": -1, "device_end": -1, "host_queued_end": 1585585303.650961}, "device": "gpu", "nd_range": {"device_start": 1585585238.2749991, "device_end": 1585585238.2756646}, "cmdq": 0, "read": {"device_start": -1, "device_end": -1}}, "empty17": {"write": {"device_start": 1585585238.269822, "host_queued_start": 1585585303.633702, "device_queued": 1585585238.2697053, "device_end": 1585585238.2698905, "host_queued_end": 1585585303.650961}, "device": "gpu", "nd_range": {"device_start": 1585585238.2699008, "device_end": 1585585238.269906}, "cmdq": 1, "read": {"device_start": -1, "device_end": -1}}}