{"FFC_sans_bias4": {"write": {"device_start": -1, "host_queued_start": 1585585266.448005, "device_queued": -1, "device_end": -1, "host_queued_end": 1585585266.451678}, "device": "cpu", "nd_range": {"device_start": 2253040.6675581043, "device_end": 2253040.672348766}, "cmdq": 0, "read": {"device_start": -1, "device_end": -1}}, "FFC_sans_bias7": {"write": {"device_start": -1, "host_queued_start": 1585585266.450639, "device_queued": -1, "device_end": -1, "host_queued_end": 1585585266.451678}, "device": "cpu", "nd_range": {"device_start": 2253040.6862147013, "device_end": 2253040.6910839383}, "cmdq": 0, "read": {"device_start": -1, "device_end": -1}}, "FFC_sans_bias6": {"write": {"device_start": -1, "host_queued_start": 1585585266.449231, "device_queued": -1, "device_end": -1, "host_queued_end": 1585585266.451678}, "device": "cpu", "nd_range": {"device_start": 2253040.6773820063, "device_end": 2253040.6816835334}, "cmdq": 0, "read": {"device_start": -1, "device_end": -1}}, "FFC_sans_bias1": {"write": {"device_start": -1, "host_queued_start": 1585585266.442596, "device_queued": -1, "device_end": -1, "host_queued_end": 1585585266.451678}, "device": "cpu", "nd_range": {"device_start": 2253040.6454249253, "device_end": 2253040.6493574963}, "cmdq": 0, "read": {"device_start": -1, "device_end": -1}}, "FFC_sans_bias0": {"write": {"device_start": -1, "host_queued_start": 1585585266.441531, "device_queued": -1, "device_end": -1, "host_queued_end": 1585585266.451678}, "device": "cpu", "nd_range": {"device_start": 2253040.641303651, "device_end": 2253040.645405651}, "cmdq": 0, "read": {"device_start": -1, "device_end": -1}}, "FFC_sans_bias2": {"write": {"device_start": -1, "host_queued_start": 1585585266.443706, "device_queued": -1, "device_end": -1, "host_queued_end": 1585585266.451678}, "device": "cpu", "nd_range": {"device_start": 2253040.649365147, "device_end": 2253040.65358782}, "cmdq": 0, "read": {"device_start": -1, "device_end": -1}}, "FFC_sans_bias9": {"write": {"device_start": -1, "host_queued_start": 1585585266.444746, "device_queued": -1, "device_end": -1, "host_queued_end": 1585585266.451678}, "device": "cpu", "nd_range": {"device_start": 2253040.6535929423, "device_end": 2253040.6575858803}, "cmdq": 0, "read": {"device_start": -1, "device_end": -1}}, "softmax23": {"write": {"device_start": -1, "host_queued_start": 1585585266.436924, "device_queued": -1, "device_end": -1, "host_queued_end": 1585585266.438347}, "device": "gpu", "nd_range": {"device_start": 1585585201.0603948, "device_end": 1585585201.0605865}, "cmdq": 0, "read": {"device_start": -1, "device_end": -1}}, "FFC_sans_bias11": {"write": {"device_start": -1, "host_queued_start": 1585585266.447001, "device_queued": -1, "device_end": -1, "host_queued_end": 1585585266.451678}, "device": "cpu", "nd_range": {"device_start": 2253040.6627695323, "device_end": 2253040.667072189}, "cmdq": 0, "read": {"device_start": -1, "device_end": -1}}, "FFC_sans_bias10": {"write": {"device_start": -1, "host_queued_start": 1585585266.445791, "device_queued": -1, "device_end": -1, "host_queued_end": 1585585266.451678}, "device": "cpu", "nd_range": {"device_start": 2253040.6575903674, "device_end": 2253040.66276476}, "cmdq": 0, "read": {"device_start": -1, "device_end": -1}}, "coalesced_transpose3": {"write": {"device_start": -1, "host_queued_start": 1585585266.447333, "device_queued": -1, "device_end": -1, "host_queued_end": 1585585266.451678}, "device": "cpu", "nd_range": {"device_start": 2253040.667077341, "device_end": 2253040.667285459}, "cmdq": 0, "read": {"device_start": -1, "device_end": -1}}, "FFC_sans_bias15": {"write": {"device_start": -1, "host_queued_start": 1585585266.449572, "device_queued": -1, "device_end": -1, "host_queued_end": 1585585266.451678}, "device": "cpu", "nd_range": {"device_start": 2253040.681689102, "device_end": 2253040.6862095622}, "cmdq": 0, "read": {"device_start": -1, "device_end": -1}}, "FFC_sans_bias16": {"write": {"device_start": -1, "host_queued_start": 1585585266.451635, "device_queued": -1, "device_end": -1, "host_queued_end": 1585585266.451678}, "device": "cpu", "nd_range": {"device_start": 2253040.691087001, "device_end": 2253040.6956278402}, "cmdq": 0, "read": {"device_start": -1, "device_end": -1}}, "FFC_sans_bias19": {"write": {"device_start": 1585585201.0583243, "host_queued_start": 1585585266.43493, "device_queued": 1585585201.0580647, "device_end": 1585585201.0583727, "host_queued_end": 1585585266.438347}, "device": "gpu", "nd_range": {"device_start": 1585585201.05838, "device_end": 1585585201.0593047}, "cmdq": 2, "read": {"device_start": -1, "device_end": -1}}, "FFC_sans_bias18": {"write": {"device_start": 1585585201.0582144, "host_queued_start": 1585585266.433823, "device_queued": 1585585201.058047, "device_end": 1585585201.0582767, "host_queued_end": 1585585266.438347}, "device": "gpu", "nd_range": {"device_start": 1585585201.0582879, "device_end": 1585585201.0588841}, "cmdq": 1, "read": {"device_start": -1, "device_end": -1}}, "empty26": {"write": {"device_start": 1585585201.0581138, "host_queued_start": 1585585266.432626, "device_queued": 1585585201.0579746, "device_end": 1585585201.0581717, "host_queued_end": 1585585266.438347}, "device": "gpu", "nd_range": {"device_start": 1585585201.058176, "device_end": 1585585201.0581882}, "cmdq": 0, "read": {"device_start": -1, "device_end": -1}}, "coalesced_transpose12": {"write": {"device_start": -1, "host_queued_start": 1585585266.44766, "device_queued": -1, "device_end": -1, "host_queued_end": 1585585266.451678}, "device": "cpu", "nd_range": {"device_start": 2253040.6672966043, "device_end": 2253040.667436516}, "cmdq": 0, "read": {"device_start": -1, "device_end": -1}}, "coalesced_transpose21": {"write": {"device_start": -1, "host_queued_start": 1585585266.436354, "device_queued": -1, "device_end": -1, "host_queued_end": 1585585266.438347}, "device": "gpu", "nd_range": {"device_start": 1585585201.0593085, "device_end": 1585585201.0597043}, "cmdq": 1, "read": {"device_start": -1, "device_end": -1}}, "softmax14": {"write": {"device_start": -1, "host_queued_start": 1585585266.448891, "device_queued": -1, "device_end": -1, "host_queued_end": 1585585266.451678}, "device": "cpu", "nd_range": {"device_start": 2253040.677173896, "device_end": 2253040.677266151}, "cmdq": 0, "read": {"device_start": -1, "device_end": -1}}, "FFC_sans_bias13": {"write": {"device_start": -1, "host_queued_start": 1585585266.448345, "device_queued": -1, "device_end": -1, "host_queued_end": 1585585266.451678}, "device": "cpu", "nd_range": {"device_start": 2253040.6723549683, "device_end": 2253040.676911395}, "cmdq": 0, "read": {"device_start": -1, "device_end": -1}}, "empty8": {"write": {"device_start": -1, "host_queued_start": 1585585266.439653, "device_queued": -1, "device_end": -1, "host_queued_end": 1585585266.451678}, "device": "cpu", "nd_range": {"device_start": 2253040.641270005, "device_end": 2253040.641279927}, "cmdq": 0, "read": {"device_start": -1, "device_end": -1}}, "FFC_sans_bias24": {"write": {"device_start": -1, "host_queued_start": 1585585266.437231, "device_queued": -1, "device_end": -1, "host_queued_end": 1585585266.438347}, "device": "gpu", "nd_range": {"device_start": 1585585201.0605912, "device_end": 1585585201.0611901}, "cmdq": 1, "read": {"device_start": -1, "device_end": -1}}, "FFC_sans_bias25": {"write": {"device_start": 1585585201.0604918, "host_queued_start": 1585585266.438238, "device_queued": 1585585201.0585268, "device_end": 1585585201.0605226, "host_queued_end": 1585585266.438347}, "device": "gpu", "nd_range": {"device_start": 1585585201.0611935, "device_end": 1585585201.0617883}, "cmdq": 2, "read": {"device_start": 1585585201.06179, "device_end": 1585585201.06182}}, "FFC_sans_bias20": {"write": {"device_start": 1585585201.0584092, "host_queued_start": 1585585266.43603, "device_queued": 1585585201.0583265, "device_end": 1585585201.05844, "host_queued_end": 1585585266.438347}, "device": "gpu", "nd_range": {"device_start": 1585585201.0584438, "device_end": 1585585201.0597837}, "cmdq": 0, "read": {"device_start": -1, "device_end": -1}}, "FFC_sans_bias22": {"write": {"device_start": -1, "host_queued_start": 1585585266.436674, "device_queued": -1, "device_end": -1, "host_queued_end": 1585585266.438347}, "device": "gpu", "nd_range": {"device_start": 1585585201.0597885, "device_end": 1585585201.0603926}, "cmdq": 2, "read": {"device_start": -1, "device_end": -1}}, "softmax5": {"write": {"device_start": -1, "host_queued_start": 1585585266.448622, "device_queued": -1, "device_end": -1, "host_queued_end": 1585585266.451678}, "device": "cpu", "nd_range": {"device_start": 2253040.676916067, "device_end": 2253040.67705033}, "cmdq": 0, "read": {"device_start": -1, "device_end": -1}}, "empty17": {"write": {"device_start": -1, "host_queued_start": 1585585266.440525, "device_queued": -1, "device_end": -1, "host_queued_end": 1585585266.451678}, "device": "cpu", "nd_range": {"device_start": 2253040.641298363, "device_end": 2253040.6412992342}, "cmdq": 0, "read": {"device_start": -1, "device_end": -1}}}