{"FFC_sans_bias4": {"write": {"device_start": -1, "host_queued_start": 1585585330.191942, "device_queued": -1, "device_end": -1, "host_queued_end": 1585585330.195598}, "device": "cpu", "nd_range": {"device_start": 2253104.41402339, "device_end": 2253104.420256008}, "cmdq": 0, "read": {"device_start": -1, "device_end": -1}}, "FFC_sans_bias7": {"write": {"device_start": -1, "host_queued_start": 1585585330.194532, "device_queued": -1, "device_end": -1, "host_queued_end": 1585585330.195598}, "device": "cpu", "nd_range": {"device_start": 2253104.434198845, "device_end": 2253104.4455058863}, "cmdq": 0, "read": {"device_start": -1, "device_end": -1}}, "FFC_sans_bias6": {"write": {"device_start": -1, "host_queued_start": 1585585330.193157, "device_queued": -1, "device_end": -1, "host_queued_end": 1585585330.195598}, "device": "cpu", "nd_range": {"device_start": 2253104.42682318, "device_end": 2253104.434192915}, "cmdq": 0, "read": {"device_start": -1, "device_end": -1}}, "FFC_sans_bias1": {"write": {"device_start": -1, "host_queued_start": 1585585330.186545, "device_queued": -1, "device_end": -1, "host_queued_end": 1585585330.195598}, "device": "cpu", "nd_range": {"device_start": 2253104.3852141453, "device_end": 2253104.393320009}, "cmdq": 1, "read": {"device_start": -1, "device_end": -1}}, "FFC_sans_bias0": {"write": {"device_start": -1, "host_queued_start": 1585585330.185497, "device_queued": -1, "device_end": -1, "host_queued_end": 1585585330.195598}, "device": "cpu", "nd_range": {"device_start": 2253104.3852141104, "device_end": 2253104.3929829462}, "cmdq": 0, "read": {"device_start": -1, "device_end": -1}}, "FFC_sans_bias2": {"write": {"device_start": -1, "host_queued_start": 1585585330.187641, "device_queued": -1, "device_end": -1, "host_queued_end": 1585585330.195598}, "device": "cpu", "nd_range": {"device_start": 2253104.393091097, "device_end": 2253104.399774068}, "cmdq": 0, "read": {"device_start": -1, "device_end": -1}}, "FFC_sans_bias9": {"write": {"device_start": -1, "host_queued_start": 1585585330.188828, "device_queued": -1, "device_end": -1, "host_queued_end": 1585585330.195598}, "device": "cpu", "nd_range": {"device_start": 2253104.393434931, "device_end": 2253104.4012931823}, "cmdq": 1, "read": {"device_start": -1, "device_end": -1}}, "softmax23": {"write": {"device_start": -1, "host_queued_start": 1585585330.180874, "device_queued": -1, "device_end": -1, "host_queued_end": 1585585330.182326}, "device": "gpu", "nd_range": {"device_start": 1585585264.8027334, "device_end": 1585585264.802925}, "cmdq": 2, "read": {"device_start": -1, "device_end": -1}}, "FFC_sans_bias11": {"write": {"device_start": -1, "host_queued_start": 1585585330.190943, "device_queued": -1, "device_end": -1, "host_queued_end": 1585585330.195598}, "device": "cpu", "nd_range": {"device_start": 2253104.401417402, "device_end": 2253104.407128171}, "cmdq": 1, "read": {"device_start": -1, "device_end": -1}}, "FFC_sans_bias10": {"write": {"device_start": -1, "host_queued_start": 1585585330.189868, "device_queued": -1, "device_end": -1, "host_queued_end": 1585585330.195598}, "device": "cpu", "nd_range": {"device_start": 2253104.402300193, "device_end": 2253104.413714988}, "cmdq": 0, "read": {"device_start": -1, "device_end": -1}}, "coalesced_transpose3": {"write": {"device_start": -1, "host_queued_start": 1585585330.191273, "device_queued": -1, "device_end": -1, "host_queued_end": 1585585330.195598}, "device": "cpu", "nd_range": {"device_start": 2253104.4137348323, "device_end": 2253104.41400739}, "cmdq": 0, "read": {"device_start": -1, "device_end": -1}}, "FFC_sans_bias15": {"write": {"device_start": -1, "host_queued_start": 1585585330.1935, "device_queued": -1, "device_end": -1, "host_queued_end": 1585585330.195598}, "device": "cpu", "nd_range": {"device_start": 2253104.422771493, "device_end": 2253104.4279974173}, "cmdq": 1, "read": {"device_start": -1, "device_end": -1}}, "FFC_sans_bias16": {"write": {"device_start": -1, "host_queued_start": 1585585330.195546, "device_queued": -1, "device_end": -1, "host_queued_end": 1585585330.195598}, "device": "cpu", "nd_range": {"device_start": 2253104.428010644, "device_end": 2253104.4372751773}, "cmdq": 1, "read": {"device_start": -1, "device_end": -1}}, "FFC_sans_bias19": {"write": {"device_start": 1585585264.8004498, "host_queued_start": 1585585330.178853, "device_queued": 1585585264.8002486, "device_end": 1585585264.8005145, "host_queued_end": 1585585330.182326}, "device": "gpu", "nd_range": {"device_start": 1585585264.8005679, "device_end": 1585585264.8015525}, "cmdq": 2, "read": {"device_start": -1, "device_end": -1}}, "FFC_sans_bias18": {"write": {"device_start": 1585585264.800362, "host_queued_start": 1585585330.177749, "device_queued": 1585585264.8002293, "device_end": 1585585264.8004327, "host_queued_end": 1585585330.182326}, "device": "gpu", "nd_range": {"device_start": 1585585264.8005424, "device_end": 1585585264.8011506}, "cmdq": 1, "read": {"device_start": -1, "device_end": -1}}, "empty26": {"write": {"device_start": 1585585264.8002608, "host_queued_start": 1585585330.176547, "device_queued": 1585585264.800134, "device_end": 1585585264.8003054, "host_queued_end": 1585585330.182326}, "device": "gpu", "nd_range": {"device_start": 1585585264.800314, "device_end": 1585585264.800319}, "cmdq": 0, "read": {"device_start": -1, "device_end": -1}}, "coalesced_transpose12": {"write": {"device_start": -1, "host_queued_start": 1585585330.191602, "device_queued": -1, "device_end": -1, "host_queued_end": 1585585330.195598}, "device": "cpu", "nd_range": {"device_start": 2253104.4137215693, "device_end": 2253104.413942436}, "cmdq": 1, "read": {"device_start": -1, "device_end": -1}}, "coalesced_transpose21": {"write": {"device_start": -1, "host_queued_start": 1585585330.180288, "device_queued": -1, "device_end": -1, "host_queued_end": 1585585330.182326}, "device": "gpu", "nd_range": {"device_start": 1585585264.8015556, "device_end": 1585585264.8019598}, "cmdq": 0, "read": {"device_start": -1, "device_end": -1}}, "softmax14": {"write": {"device_start": -1, "host_queued_start": 1585585330.192825, "device_queued": -1, "device_end": -1, "host_queued_end": 1585585330.195598}, "device": "cpu", "nd_range": {"device_start": 2253104.422391906, "device_end": 2253104.422540192}, "cmdq": 1, "read": {"device_start": -1, "device_end": -1}}, "FFC_sans_bias13": {"write": {"device_start": -1, "host_queued_start": 1585585330.19228, "device_queued": -1, "device_end": -1, "host_queued_end": 1585585330.195598}, "device": "cpu", "nd_range": {"device_start": 2253104.4141999274, "device_end": 2253104.422385551}, "cmdq": 1, "read": {"device_start": -1, "device_end": -1}}, "empty8": {"write": {"device_start": -1, "host_queued_start": 1585585330.183619, "device_queued": -1, "device_end": -1, "host_queued_end": 1585585330.195598}, "device": "cpu", "nd_range": {"device_start": 2253104.385180864, "device_end": 2253104.385194768}, "cmdq": 0, "read": {"device_start": -1, "device_end": -1}}, "FFC_sans_bias24": {"write": {"device_start": -1, "host_queued_start": 1585585330.181205, "device_queued": -1, "device_end": -1, "host_queued_end": 1585585330.182326}, "device": "gpu", "nd_range": {"device_start": 1585585264.8029292, "device_end": 1585585264.8035283}, "cmdq": 3, "read": {"device_start": -1, "device_end": -1}}, "FFC_sans_bias25": {"write": {"device_start": 1585585264.8020542, "host_queued_start": 1585585330.182213, "device_queued": 1585585264.8007662, "device_end": 1585585264.8020854, "host_queued_end": 1585585330.182326}, "device": "gpu", "nd_range": {"device_start": 1585585264.8035312, "device_end": 1585585264.8041267}, "cmdq": 0, "read": {"device_start": 1585585264.8041306, "device_end": 1585585264.804154}}, "FFC_sans_bias20": {"write": {"device_start": 1585585264.8005364, "host_queued_start": 1585585330.179925, "device_queued": 1585585264.8002765, "device_end": 1585585264.8005662, "host_queued_end": 1585585330.182326}, "device": "gpu", "nd_range": {"device_start": 1585585264.8005843, "device_end": 1585585264.8021245}, "cmdq": 3, "read": {"device_start": -1, "device_end": -1}}, "FFC_sans_bias22": {"write": {"device_start": -1, "host_queued_start": 1585585330.180614, "device_queued": -1, "device_end": -1, "host_queued_end": 1585585330.182326}, "device": "gpu", "nd_range": {"device_start": 1585585264.8021288, "device_end": 1585585264.8027267}, "cmdq": 1, "read": {"device_start": -1, "device_end": -1}}, "softmax5": {"write": {"device_start": -1, "host_queued_start": 1585585330.192554, "device_queued": -1, "device_end": -1, "host_queued_end": 1585585330.195598}, "device": "cpu", "nd_range": {"device_start": 2253104.426613361, "device_end": 2253104.4268167843}, "cmdq": 0, "read": {"device_start": -1, "device_end": -1}}, "empty17": {"write": {"device_start": -1, "host_queued_start": 1585585330.184509, "device_queued": -1, "device_end": -1, "host_queued_end": 1585585330.195598}, "device": "cpu", "nd_range": {"device_start": 2253104.385181597, "device_end": 2253104.3851947603}, "cmdq": 1, "read": {"device_start": -1, "device_end": -1}}}