{"FFC_sans_bias4": {"write": {"device_start": -1, "host_queued_start": 1585585215.893204, "device_queued": -1, "device_end": -1, "host_queued_end": 1585585215.898971}, "device": "cpu", "nd_range": {"device_start": 2252990.128652329, "device_end": 2252990.1329553863}, "cmdq": 0, "read": {"device_start": -1, "device_end": -1}}, "FFC_sans_bias7": {"write": {"device_start": -1, "host_queued_start": 1585585215.896922, "device_queued": -1, "device_end": -1, "host_queued_end": 1585585215.898971}, "device": "cpu", "nd_range": {"device_start": 2252990.156493736, "device_end": 2252990.161067273}, "cmdq": 0, "read": {"device_start": -1, "device_end": -1}}, "FFC_sans_bias6": {"write": {"device_start": -1, "host_queued_start": 1585585215.89519, "device_queued": -1, "device_end": -1, "host_queued_end": 1585585215.898971}, "device": "cpu", "nd_range": {"device_start": 2252990.1428286843, "device_end": 2252990.147334368}, "cmdq": 0, "read": {"device_start": -1, "device_end": -1}}, "FFC_sans_bias1": {"write": {"device_start": -1, "host_queued_start": 1585585215.884395, "device_queued": -1, "device_end": -1, "host_queued_end": 1585585215.898971}, "device": "cpu", "nd_range": {"device_start": 2252990.092767068, "device_end": 2252990.096711065}, "cmdq": 0, "read": {"device_start": -1, "device_end": -1}}, "FFC_sans_bias0": {"write": {"device_start": -1, "host_queued_start": 1585585215.88335, "device_queued": -1, "device_end": -1, "host_queued_end": 1585585215.898971}, "device": "cpu", "nd_range": {"device_start": 2252990.088627228, "device_end": 2252990.0927435863}, "cmdq": 0, "read": {"device_start": -1, "device_end": -1}}, "FFC_sans_bias2": {"write": {"device_start": -1, "host_queued_start": 1585585215.885445, "device_queued": -1, "device_end": -1, "host_queued_end": 1585585215.898971}, "device": "cpu", "nd_range": {"device_start": 2252990.096733083, "device_end": 2252990.100810741}, "cmdq": 0, "read": {"device_start": -1, "device_end": -1}}, "FFC_sans_bias9": {"write": {"device_start": -1, "host_queued_start": 1585585215.886482, "device_queued": -1, "device_end": -1, "host_queued_end": 1585585215.898971}, "device": "cpu", "nd_range": {"device_start": 2252990.1008157684, "device_end": 2252990.104800709}, "cmdq": 0, "read": {"device_start": -1, "device_end": -1}}, "softmax23": {"write": {"device_start": -1, "host_queued_start": 1585585215.894851, "device_queued": -1, "device_end": -1, "host_queued_end": 1585585215.898971}, "device": "cpu", "nd_range": {"device_start": 2252990.142618203, "device_end": 2252990.142707758}, "cmdq": 0, "read": {"device_start": -1, "device_end": -1}}, "FFC_sans_bias11": {"write": {"device_start": -1, "host_queued_start": 1585585215.88863, "device_queued": -1, "device_end": -1, "host_queued_end": 1585585215.898971}, "device": "cpu", "nd_range": {"device_start": 2252990.109634513, "device_end": 2252990.1139461473}, "cmdq": 0, "read": {"device_start": -1, "device_end": -1}}, "FFC_sans_bias10": {"write": {"device_start": -1, "host_queued_start": 1585585215.887569, "device_queued": -1, "device_end": -1, "host_queued_end": 1585585215.898971}, "device": "cpu", "nd_range": {"device_start": 2252990.104806077, "device_end": 2252990.109629361}, "cmdq": 0, "read": {"device_start": -1, "device_end": -1}}, "coalesced_transpose3": {"write": {"device_start": -1, "host_queued_start": 1585585215.89217, "device_queued": -1, "device_end": -1, "host_queued_end": 1585585215.898971}, "device": "cpu", "nd_range": {"device_start": 2252990.127886843, "device_end": 2252990.128034958}, "cmdq": 0, "read": {"device_start": -1, "device_end": -1}}, "FFC_sans_bias15": {"write": {"device_start": -1, "host_queued_start": 1585585215.895537, "device_queued": -1, "device_end": -1, "host_queued_end": 1585585215.898971}, "device": "cpu", "nd_range": {"device_start": 2252990.147340346, "device_end": 2252990.152041849}, "cmdq": 0, "read": {"device_start": -1, "device_end": -1}}, "FFC_sans_bias16": {"write": {"device_start": -1, "host_queued_start": 1585585215.897911, "device_queued": -1, "device_end": -1, "host_queued_end": 1585585215.898971}, "device": "cpu", "nd_range": {"device_start": 2252990.161070676, "device_end": 2252990.165478064}, "cmdq": 0, "read": {"device_start": -1, "device_end": -1}}, "FFC_sans_bias19": {"write": {"device_start": -1, "host_queued_start": 1585585215.890774, "device_queued": -1, "device_end": -1, "host_queued_end": 1585585215.898971}, "device": "cpu", "nd_range": {"device_start": 2252990.1189676393, "device_end": 2252990.1232993123}, "cmdq": 0, "read": {"device_start": -1, "device_end": -1}}, "FFC_sans_bias18": {"write": {"device_start": -1, "host_queued_start": 1585585215.889698, "device_queued": -1, "device_end": -1, "host_queued_end": 1585585215.898971}, "device": "cpu", "nd_range": {"device_start": 2252990.113951444, "device_end": 2252990.118828229}, "cmdq": 0, "read": {"device_start": -1, "device_end": -1}}, "empty26": {"write": {"device_start": -1, "host_queued_start": 1585585215.882357, "device_queued": -1, "device_end": -1, "host_queued_end": 1585585215.898971}, "device": "cpu", "nd_range": {"device_start": 2252990.088622094, "device_end": 2252990.0886228164}, "cmdq": 0, "read": {"device_start": -1, "device_end": -1}}, "coalesced_transpose12": {"write": {"device_start": -1, "host_queued_start": 1585585215.892518, "device_queued": -1, "device_end": -1, "host_queued_end": 1585585215.898971}, "device": "cpu", "nd_range": {"device_start": 2252990.1281678993, "device_end": 2252990.128286277}, "cmdq": 0, "read": {"device_start": -1, "device_end": -1}}, "coalesced_transpose21": {"write": {"device_start": -1, "host_queued_start": 1585585215.89286, "device_queued": -1, "device_end": -1, "host_queued_end": 1585585215.898971}, "device": "cpu", "nd_range": {"device_start": 2252990.128412932, "device_end": 2252990.12853068}, "cmdq": 0, "read": {"device_start": -1, "device_end": -1}}, "softmax14": {"write": {"device_start": -1, "host_queued_start": 1585585215.894534, "device_queued": -1, "device_end": -1, "host_queued_end": 1585585215.898971}, "device": "cpu", "nd_range": {"device_start": 2252990.142394374, "device_end": 2252990.142494868}, "cmdq": 0, "read": {"device_start": -1, "device_end": -1}}, "FFC_sans_bias13": {"write": {"device_start": -1, "host_queued_start": 1585585215.89355, "device_queued": -1, "device_end": -1, "host_queued_end": 1585585215.898971}, "device": "cpu", "nd_range": {"device_start": 2252990.132961294, "device_end": 2252990.137529858}, "cmdq": 0, "read": {"device_start": -1, "device_end": -1}}, "empty8": {"write": {"device_start": -1, "host_queued_start": 1585585215.880526, "device_queued": -1, "device_end": -1, "host_queued_end": 1585585215.898971}, "device": "cpu", "nd_range": {"device_start": 2252990.088584544, "device_end": 2252990.088598655}, "cmdq": 0, "read": {"device_start": -1, "device_end": -1}}, "FFC_sans_bias24": {"write": {"device_start": -1, "host_queued_start": 1585585215.895876, "device_queued": -1, "device_end": -1, "host_queued_end": 1585585215.898971}, "device": "cpu", "nd_range": {"device_start": 2252990.152047892, "device_end": 2252990.156488061}, "cmdq": 0, "read": {"device_start": -1, "device_end": -1}}, "FFC_sans_bias25": {"write": {"device_start": -1, "host_queued_start": 1585585215.898926, "device_queued": -1, "device_end": -1, "host_queued_end": 1585585215.898971}, "device": "cpu", "nd_range": {"device_start": 2252990.1654805513, "device_end": 2252990.169997939}, "cmdq": 0, "read": {"device_start": -1, "device_end": -1}}, "FFC_sans_bias20": {"write": {"device_start": -1, "host_queued_start": 1585585215.891831, "device_queued": -1, "device_end": -1, "host_queued_end": 1585585215.898971}, "device": "cpu", "nd_range": {"device_start": 2252990.123304875, "device_end": 2252990.1278813803}, "cmdq": 0, "read": {"device_start": -1, "device_end": -1}}, "FFC_sans_bias22": {"write": {"device_start": -1, "host_queued_start": 1585585215.893971, "device_queued": -1, "device_end": -1, "host_queued_end": 1585585215.898971}, "device": "cpu", "nd_range": {"device_start": 2252990.137535289, "device_end": 2252990.1421011453}, "cmdq": 0, "read": {"device_start": -1, "device_end": -1}}, "softmax5": {"write": {"device_start": -1, "host_queued_start": 1585585215.894257, "device_queued": -1, "device_end": -1, "host_queued_end": 1585585215.898971}, "device": "cpu", "nd_range": {"device_start": 2252990.14210645, "device_end": 2252990.142253985}, "cmdq": 0, "read": {"device_start": -1, "device_end": -1}}, "empty17": {"write": {"device_start": -1, "host_queued_start": 1585585215.881552, "device_queued": -1, "device_end": -1, "host_queued_end": 1585585215.898971}, "device": "cpu", "nd_range": {"device_start": 2252990.0886168634, "device_end": 2252990.088617924}, "cmdq": 0, "read": {"device_start": -1, "device_end": -1}}}