{"FFC_sans_bias4": {"write": {"device_start": -1, "host_queued_start": 1585585253.162129, "device_queued": -1, "device_end": -1, "host_queued_end": 1585585253.163999}, "device": "cpu", "nd_range": {"device_start": 2253027.365632824, "device_end": 2253027.3733657054}, "cmdq": 0, "read": {"device_start": -1, "device_end": -1}}, "FFC_sans_bias7": {"write": {"device_start": -1, "host_queued_start": 1585585253.163946, "device_queued": -1, "device_end": -1, "host_queued_end": 1585585253.163999}, "device": "cpu", "nd_range": {"device_start": 2253027.37746348, "device_end": 2253027.382399647}, "cmdq": 3, "read": {"device_start": -1, "device_end": -1}}, "FFC_sans_bias6": {"write": {"device_start": -1, "host_queued_start": 1585585253.162832, "device_queued": -1, "device_end": -1, "host_queued_end": 1585585253.163999}, "device": "cpu", "nd_range": {"device_start": 2253027.373503623, "device_end": 2253027.3774552443}, "cmdq": 2, "read": {"device_start": -1, "device_end": -1}}, "FFC_sans_bias1": {"write": {"device_start": -1, "host_queued_start": 1585585253.160292, "device_queued": -1, "device_end": -1, "host_queued_end": 1585585253.163999}, "device": "cpu", "nd_range": {"device_start": 2253027.353608366, "device_end": 2253027.3653442753}, "cmdq": 2, "read": {"device_start": -1, "device_end": -1}}, "FFC_sans_bias0": {"write": {"device_start": -1, "host_queued_start": 1585585253.159157, "device_queued": -1, "device_end": -1, "host_queued_end": 1585585253.163999}, "device": "cpu", "nd_range": {"device_start": 2253027.353596777, "device_end": 2253027.361356893}, "cmdq": 1, "read": {"device_start": -1, "device_end": -1}}, "FFC_sans_bias2": {"write": {"device_start": -1, "host_queued_start": 1585585253.161376, "device_queued": -1, "device_end": -1, "host_queued_end": 1585585253.163999}, "device": "cpu", "nd_range": {"device_start": 2253027.3536209334, "device_end": 2253027.364609299}, "cmdq": 3, "read": {"device_start": -1, "device_end": -1}}, "FFC_sans_bias9": {"write": {"device_start": 1585585187.7771642, "host_queued_start": 1585585253.146683, "device_queued": 1585585187.7769463, "device_end": 1585585187.7771876, "host_queued_end": 1585585253.156787}, "device": "gpu", "nd_range": {"device_start": 1585585187.7771912, "device_end": 1585585187.7777967}, "cmdq": 0, "read": {"device_start": -1, "device_end": -1}}, "softmax23": {"write": {"device_start": -1, "host_queued_start": 1585585253.153785, "device_queued": -1, "device_end": -1, "host_queued_end": 1585585253.156787}, "device": "gpu", "nd_range": {"device_start": 1585585187.7811592, "device_end": 1585585187.7814934}, "cmdq": 1, "read": {"device_start": -1, "device_end": -1}}, "FFC_sans_bias11": {"write": {"device_start": 1585585187.7779372, "host_queued_start": 1585585253.148813, "device_queued": 1585585187.7772472, "device_end": 1585585187.7779636, "host_queued_end": 1585585253.156787}, "device": "gpu", "nd_range": {"device_start": 1585585187.777968, "device_end": 1585585187.7787848}, "cmdq": 0, "read": {"device_start": -1, "device_end": -1}}, "FFC_sans_bias10": {"write": {"device_start": 1585585187.7772765, "host_queued_start": 1585585253.147749, "device_queued": 1585585187.777199, "device_end": 1585585187.777302, "host_queued_end": 1585585253.156787}, "device": "gpu", "nd_range": {"device_start": 1585585187.7773046, "device_end": 1585585187.7782028}, "cmdq": 1, "read": {"device_start": -1, "device_end": -1}}, "coalesced_transpose3": {"write": {"device_start": -1, "host_queued_start": 1585585253.161749, "device_queued": -1, "device_end": -1, "host_queued_end": 1585585253.163999}, "device": "cpu", "nd_range": {"device_start": 2253027.365365729, "device_end": 2253027.3654807163}, "cmdq": 4, "read": {"device_start": -1, "device_end": -1}}, "FFC_sans_bias15": {"write": {"device_start": -1, "host_queued_start": 1585585253.15411, "device_queued": -1, "device_end": -1, "host_queued_end": 1585585253.156787}, "device": "gpu", "nd_range": {"device_start": 1585585187.7811959, "device_end": 1585585187.7818031}, "cmdq": 0, "read": {"device_start": -1, "device_end": -1}}, "FFC_sans_bias16": {"write": {"device_start": 1585585187.7819, "host_queued_start": 1585585253.155631, "device_queued": 1585585187.7780354, "device_end": 1585585187.781925, "host_queued_end": 1585585253.156787}, "device": "gpu", "nd_range": {"device_start": 1585585187.7819285, "device_end": 1585585187.7827635}, "cmdq": 0, "read": {"device_start": 1585585187.782767, "device_end": 1585585187.7827907}}, "FFC_sans_bias19": {"write": {"device_start": 1585585187.7788734, "host_queued_start": 1585585253.150945, "device_queued": 1585585187.7774162, "device_end": 1585585187.7788992, "host_queued_end": 1585585253.156787}, "device": "gpu", "nd_range": {"device_start": 1585585187.7789016, "device_end": 1585585187.779727}, "cmdq": 0, "read": {"device_start": -1, "device_end": -1}}, "FFC_sans_bias18": {"write": {"device_start": 1585585187.7782905, "host_queued_start": 1585585253.149852, "device_queued": 1585585187.777381, "device_end": 1585585187.7783175, "host_queued_end": 1585585253.156787}, "device": "gpu", "nd_range": {"device_start": 1585585187.7783213, "device_end": 1585585187.7791955}, "cmdq": 1, "read": {"device_start": -1, "device_end": -1}}, "empty26": {"write": {"device_start": 1585585187.7770686, "host_queued_start": 1585585253.145644, "device_queued": 1585585187.7769055, "device_end": 1585585187.7771416, "host_queued_end": 1585585253.156787}, "device": "gpu", "nd_range": {"device_start": 1585585187.7771478, "device_end": 1585585187.7771518}, "cmdq": 1, "read": {"device_start": -1, "device_end": -1}}, "coalesced_transpose12": {"write": {"device_start": -1, "host_queued_start": 1585585253.152318, "device_queued": -1, "device_end": -1, "host_queued_end": 1585585253.156787}, "device": "gpu", "nd_range": {"device_start": 1585585187.7797284, "device_end": 1585585187.7800477}, "cmdq": 0, "read": {"device_start": -1, "device_end": -1}}, "coalesced_transpose21": {"write": {"device_start": -1, "host_queued_start": 1585585253.152626, "device_queued": -1, "device_end": -1, "host_queued_end": 1585585253.156787}, "device": "gpu", "nd_range": {"device_start": 1585585187.7801974, "device_end": 1585585187.7805426}, "cmdq": 1, "read": {"device_start": -1, "device_end": -1}}, "softmax14": {"write": {"device_start": -1, "host_queued_start": 1585585253.153539, "device_queued": -1, "device_end": -1, "host_queued_end": 1585585253.156787}, "device": "gpu", "nd_range": {"device_start": 1585585187.7806609, "device_end": 1585585187.781194}, "cmdq": 0, "read": {"device_start": -1, "device_end": -1}}, "FFC_sans_bias13": {"write": {"device_start": -1, "host_queued_start": 1585585253.152952, "device_queued": -1, "device_end": -1, "host_queued_end": 1585585253.156787}, "device": "gpu", "nd_range": {"device_start": 1585585187.780049, "device_end": 1585585187.7806592}, "cmdq": 0, "read": {"device_start": -1, "device_end": -1}}, "empty8": {"write": {"device_start": -1, "host_queued_start": 1585585253.158028, "device_queued": -1, "device_end": -1, "host_queued_end": 1585585253.163999}, "device": "cpu", "nd_range": {"device_start": 2253027.353574676, "device_end": 2253027.3535853173}, "cmdq": 0, "read": {"device_start": -1, "device_end": -1}}, "FFC_sans_bias24": {"write": {"device_start": -1, "host_queued_start": 1585585253.154596, "device_queued": -1, "device_end": -1, "host_queued_end": 1585585253.156787}, "device": "gpu", "nd_range": {"device_start": 1585585187.7814949, "device_end": 1585585187.7822063}, "cmdq": 1, "read": {"device_start": -1, "device_end": -1}}, "FFC_sans_bias25": {"write": {"device_start": 1585585187.7823057, "host_queued_start": 1585585253.156683, "device_queued": 1585585187.7781851, "device_end": 1585585187.7823358, "host_queued_end": 1585585253.156787}, "device": "gpu", "nd_range": {"device_start": 1585585187.7823384, "device_end": 1585585187.7831893}, "cmdq": 1, "read": {"device_start": 1585585187.7831945, "device_end": 1585585187.7832174}}, "FFC_sans_bias20": {"write": {"device_start": 1585585187.7792795, "host_queued_start": 1585585253.151982, "device_queued": 1585585187.7775383, "device_end": 1585585187.7793114, "host_queued_end": 1585585253.156787}, "device": "gpu", "nd_range": {"device_start": 1585585187.7793164, "device_end": 1585585187.7801938}, "cmdq": 1, "read": {"device_start": -1, "device_end": -1}}, "FFC_sans_bias22": {"write": {"device_start": -1, "host_queued_start": 1585585253.153278, "device_queued": -1, "device_end": -1, "host_queued_end": 1585585253.156787}, "device": "gpu", "nd_range": {"device_start": 1585585187.7805438, "device_end": 1585585187.781158}, "cmdq": 1, "read": {"device_start": -1, "device_end": -1}}, "softmax5": {"write": {"device_start": -1, "host_queued_start": 1585585253.162443, "device_queued": -1, "device_end": -1, "host_queued_end": 1585585253.163999}, "device": "cpu", "nd_range": {"device_start": 2253027.373371243, "device_end": 2253027.373482109}, "cmdq": 1, "read": {"device_start": -1, "device_end": -1}}, "empty17": {"write": {"device_start": 1585585187.7769496, "host_queued_start": 1585585253.144592, "device_queued": 1585585187.776819, "device_end": 1585585187.7770152, "host_queued_end": 1585585253.156787}, "device": "gpu", "nd_range": {"device_start": 1585585187.7770205, "device_end": 1585585187.777033}, "cmdq": 0, "read": {"device_start": -1, "device_end": -1}}}