{"FFC_sans_bias4": {"write": {"device_start": -1, "host_queued_start": 1585585391.354149, "device_queued": -1, "device_end": -1, "host_queued_end": 1585585391.355986}, "device": "cpu", "nd_range": {"device_start": 2253165.557313117, "device_end": 2253165.561520812}, "cmdq": 2, "read": {"device_start": -1, "device_end": -1}}, "FFC_sans_bias7": {"write": {"device_start": -1, "host_queued_start": 1585585391.355942, "device_queued": -1, "device_end": -1, "host_queued_end": 1585585391.355986}, "device": "cpu", "nd_range": {"device_start": 2253165.566435166, "device_end": 2253165.5709473933}, "cmdq": 2, "read": {"device_start": -1, "device_end": -1}}, "FFC_sans_bias6": {"write": {"device_start": -1, "host_queued_start": 1585585391.354787, "device_queued": -1, "device_end": -1, "host_queued_end": 1585585391.355986}, "device": "cpu", "nd_range": {"device_start": 2253165.561849567, "device_end": 2253165.566426348}, "cmdq": 1, "read": {"device_start": -1, "device_end": -1}}, "FFC_sans_bias1": {"write": {"device_start": -1, "host_queued_start": 1585585391.352294, "device_queued": -1, "device_end": -1, "host_queued_end": 1585585391.355986}, "device": "cpu", "nd_range": {"device_start": 2253165.545609457, "device_end": 2253165.557042344}, "cmdq": 2, "read": {"device_start": -1, "device_end": -1}}, "FFC_sans_bias0": {"write": {"device_start": -1, "host_queued_start": 1585585391.351212, "device_queued": -1, "device_end": -1, "host_queued_end": 1585585391.355986}, "device": "cpu", "nd_range": {"device_start": 2253165.54558434, "device_end": 2253165.5542012653}, "cmdq": 1, "read": {"device_start": -1, "device_end": -1}}, "FFC_sans_bias2": {"write": {"device_start": -1, "host_queued_start": 1585585391.353366, "device_queued": -1, "device_end": -1, "host_queued_end": 1585585391.355986}, "device": "cpu", "nd_range": {"device_start": 2253165.545591595, "device_end": 2253165.5582730053}, "cmdq": 0, "read": {"device_start": -1, "device_end": -1}}, "FFC_sans_bias9": {"write": {"device_start": 1585585325.9650009, "host_queued_start": 1585585391.338615, "device_queued": 1585585325.9647405, "device_end": 1585585325.965061, "host_queued_end": 1585585391.348572}, "device": "gpu", "nd_range": {"device_start": 1585585325.965064, "device_end": 1585585325.9656742}, "cmdq": 2, "read": {"device_start": -1, "device_end": -1}}, "softmax23": {"write": {"device_start": -1, "host_queued_start": 1585585391.345666, "device_queued": -1, "device_end": -1, "host_queued_end": 1585585391.348572}, "device": "gpu", "nd_range": {"device_start": 1585585325.969036, "device_end": 1585585325.969398}, "cmdq": 3, "read": {"device_start": -1, "device_end": -1}}, "FFC_sans_bias11": {"write": {"device_start": 1585585325.9651983, "host_queued_start": 1585585391.340755, "device_queued": 1585585325.9649675, "device_end": 1585585325.9652245, "host_queued_end": 1585585391.348572}, "device": "gpu", "nd_range": {"device_start": 1585585325.9652357, "device_end": 1585585325.9666433}, "cmdq": 4, "read": {"device_start": -1, "device_end": -1}}, "FFC_sans_bias10": {"write": {"device_start": 1585585325.9651058, "host_queued_start": 1585585391.339691, "device_queued": 1585585325.964759, "device_end": 1585585325.9651766, "host_queued_end": 1585585391.348572}, "device": "gpu", "nd_range": {"device_start": 1585585325.9651816, "device_end": 1585585325.9660804}, "cmdq": 3, "read": {"device_start": -1, "device_end": -1}}, "coalesced_transpose3": {"write": {"device_start": -1, "host_queued_start": 1585585391.353803, "device_queued": -1, "device_end": -1, "host_queued_end": 1585585391.355986}, "device": "cpu", "nd_range": {"device_start": 2253165.557061314, "device_end": 2253165.557194137}, "cmdq": 1, "read": {"device_start": -1, "device_end": -1}}, "FFC_sans_bias15": {"write": {"device_start": -1, "host_queued_start": 1585585391.346081, "device_queued": -1, "device_end": -1, "host_queued_end": 1585585391.348572}, "device": "gpu", "nd_range": {"device_start": 1585585325.969094, "device_end": 1585585325.9697084}, "cmdq": 4, "read": {"device_start": -1, "device_end": -1}}, "FFC_sans_bias16": {"write": {"device_start": 1585585325.9691863, "host_queued_start": 1585585391.347436, "device_queued": 1585585325.9659288, "device_end": 1585585325.9692576, "host_queued_end": 1585585391.348572}, "device": "gpu", "nd_range": {"device_start": 1585585325.969712, "device_end": 1585585325.9706876}, "cmdq": 1, "read": {"device_start": 1585585325.9706905, "device_end": 1585585325.9707139}}, "FFC_sans_bias19": {"write": {"device_start": 1585585325.9654474, "host_queued_start": 1585585391.342906, "device_queued": 1585585325.9652946, "device_end": 1585585325.9654775, "host_queued_end": 1585585391.348572}, "device": "gpu", "nd_range": {"device_start": 1585585325.9655406, "device_end": 1585585325.967594}, "cmdq": 1, "read": {"device_start": -1, "device_end": -1}}, "FFC_sans_bias18": {"write": {"device_start": 1585585325.9653466, "host_queued_start": 1585585391.341817, "device_queued": 1585585325.96524, "device_end": 1585585325.9654188, "host_queued_end": 1585585391.348572}, "device": "gpu", "nd_range": {"device_start": 1585585325.9654253, "device_end": 1585585325.9670732}, "cmdq": 0, "read": {"device_start": -1, "device_end": -1}}, "empty26": {"write": {"device_start": 1585585325.9648843, "host_queued_start": 1585585391.337592, "device_queued": 1585585325.96472, "device_end": 1585585325.9649532, "host_queued_end": 1585585391.348572}, "device": "gpu", "nd_range": {"device_start": 1585585325.9650202, "device_end": 1585585325.9650471}, "cmdq": 1, "read": {"device_start": -1, "device_end": -1}}, "coalesced_transpose12": {"write": {"device_start": -1, "host_queued_start": 1585585391.344263, "device_queued": -1, "device_end": -1, "host_queued_end": 1585585391.348572}, "device": "gpu", "nd_range": {"device_start": 1585585325.9660814, "device_end": 1585585325.967917}, "cmdq": 3, "read": {"device_start": -1, "device_end": -1}}, "coalesced_transpose21": {"write": {"device_start": -1, "host_queued_start": 1585585391.344559, "device_queued": -1, "device_end": -1, "host_queued_end": 1585585391.348572}, "device": "gpu", "nd_range": {"device_start": 1585585325.967921, "device_end": 1585585325.967945}, "cmdq": 4, "read": {"device_start": -1, "device_end": -1}}, "softmax14": {"write": {"device_start": -1, "host_queued_start": 1585585391.345426, "device_queued": -1, "device_end": -1, "host_queued_end": 1585585391.348572}, "device": "gpu", "nd_range": {"device_start": 1585585325.9685543, "device_end": 1585585325.969091}, "cmdq": 2, "read": {"device_start": -1, "device_end": -1}}, "FFC_sans_bias13": {"write": {"device_start": -1, "host_queued_start": 1585585391.344871, "device_queued": -1, "device_end": -1, "host_queued_end": 1585585391.348572}, "device": "gpu", "nd_range": {"device_start": 1585585325.9679327, "device_end": 1585585325.9685469}, "cmdq": 0, "read": {"device_start": -1, "device_end": -1}}, "empty8": {"write": {"device_start": -1, "host_queued_start": 1585585391.350049, "device_queued": -1, "device_end": -1, "host_queued_end": 1585585391.355986}, "device": "cpu", "nd_range": {"device_start": 2253165.545561601, "device_end": 2253165.545572584}, "cmdq": 0, "read": {"device_start": -1, "device_end": -1}}, "FFC_sans_bias24": {"write": {"device_start": -1, "host_queued_start": 1585585391.346392, "device_queued": -1, "device_end": -1, "host_queued_end": 1585585391.348572}, "device": "gpu", "nd_range": {"device_start": 1585585325.9694006, "device_end": 1585585325.9701068}, "cmdq": 0, "read": {"device_start": -1, "device_end": -1}}, "FFC_sans_bias25": {"write": {"device_start": 1585585325.9692593, "host_queued_start": 1585585391.348476, "device_queued": 1585585325.9659545, "device_end": 1585585325.9692912, "host_queued_end": 1585585391.348572}, "device": "gpu", "nd_range": {"device_start": 1585585325.9701126, "device_end": 1585585325.9710906}, "cmdq": 2, "read": {"device_start": 1585585325.9710922, "device_end": 1585585325.9711156}}, "FFC_sans_bias20": {"write": {"device_start": 1585585325.9658198, "host_queued_start": 1585585391.343941, "device_queued": 1585585325.9653113, "device_end": 1585585325.96585, "host_queued_end": 1585585391.348572}, "device": "gpu", "nd_range": {"device_start": 1585585325.9658535, "device_end": 1585585325.968063}, "cmdq": 2, "read": {"device_start": -1, "device_end": -1}}, "FFC_sans_bias22": {"write": {"device_start": -1, "host_queued_start": 1585585391.345174, "device_queued": -1, "device_end": -1, "host_queued_end": 1585585391.348572}, "device": "gpu", "nd_range": {"device_start": 1585585325.968074, "device_end": 1585585325.9690282}, "cmdq": 1, "read": {"device_start": -1, "device_end": -1}}, "softmax5": {"write": {"device_start": -1, "host_queued_start": 1585585391.354426, "device_queued": -1, "device_end": -1, "host_queued_end": 1585585391.355986}, "device": "cpu", "nd_range": {"device_start": 2253165.5615467103, "device_end": 2253165.561702214}, "cmdq": 0, "read": {"device_start": -1, "device_end": -1}}, "empty17": {"write": {"device_start": 1585585325.9647782, "host_queued_start": 1585585391.336542, "device_queued": 1585585325.9646332, "device_end": 1585585325.964835, "host_queued_end": 1585585391.348572}, "device": "gpu", "nd_range": {"device_start": 1585585325.9648383, "device_end": 1585585325.964843}, "cmdq": 0, "read": {"device_start": -1, "device_end": -1}}}