{"FFC_sans_bias4": {"write": {"device_start": -1, "host_queued_start": 1585585255.800024, "device_queued": -1, "device_end": -1, "host_queued_end": 1585585255.803695}, "device": "cpu", "nd_range": {"device_start": 2253030.021698501, "device_end": 2253030.027143931}, "cmdq": 0, "read": {"device_start": -1, "device_end": -1}}, "FFC_sans_bias7": {"write": {"device_start": -1, "host_queued_start": 1585585255.802657, "device_queued": -1, "device_end": -1, "host_queued_end": 1585585255.803695}, "device": "cpu", "nd_range": {"device_start": 2253030.0351565583, "device_end": 2253030.040798849}, "cmdq": 1, "read": {"device_start": -1, "device_end": -1}}, "FFC_sans_bias6": {"write": {"device_start": -1, "host_queued_start": 1585585255.801241, "device_queued": -1, "device_end": -1, "host_queued_end": 1585585255.803695}, "device": "cpu", "nd_range": {"device_start": 2253030.027527514, "device_end": 2253030.034995968}, "cmdq": 4, "read": {"device_start": -1, "device_end": -1}}, "FFC_sans_bias1": {"write": {"device_start": -1, "host_queued_start": 1585585255.79447, "device_queued": -1, "device_end": -1, "host_queued_end": 1585585255.803695}, "device": "cpu", "nd_range": {"device_start": 2253030.00883005, "device_end": 2253030.0211906843}, "cmdq": 3, "read": {"device_start": -1, "device_end": -1}}, "FFC_sans_bias0": {"write": {"device_start": -1, "host_queued_start": 1585585255.793347, "device_queued": -1, "device_end": -1, "host_queued_end": 1585585255.803695}, "device": "cpu", "nd_range": {"device_start": 2253029.993393992, "device_end": 2253030.008688298}, "cmdq": 2, "read": {"device_start": -1, "device_end": -1}}, "FFC_sans_bias2": {"write": {"device_start": -1, "host_queued_start": 1585585255.795655, "device_queued": -1, "device_end": -1, "host_queued_end": 1585585255.803695}, "device": "cpu", "nd_range": {"device_start": 2253029.993333415, "device_end": 2253030.00952679}, "cmdq": 4, "read": {"device_start": -1, "device_end": -1}}, "FFC_sans_bias9": {"write": {"device_start": -1, "host_queued_start": 1585585255.796877, "device_queued": -1, "device_end": -1, "host_queued_end": 1585585255.803695}, "device": "cpu", "nd_range": {"device_start": 2253029.99331468, "device_end": 2253030.008739088}, "cmdq": 0, "read": {"device_start": -1, "device_end": -1}}, "softmax23": {"write": {"device_start": -1, "host_queued_start": 1585585255.788739, "device_queued": -1, "device_end": -1, "host_queued_end": 1585585255.790162}, "device": "gpu", "nd_range": {"device_start": 1585585190.4126515, "device_end": 1585585190.412865}, "cmdq": 0, "read": {"device_start": -1, "device_end": -1}}, "FFC_sans_bias11": {"write": {"device_start": -1, "host_queued_start": 1585585255.799034, "device_queued": -1, "device_end": -1, "host_queued_end": 1585585255.803695}, "device": "cpu", "nd_range": {"device_start": 2253030.0088809463, "device_end": 2253030.020071243}, "cmdq": 2, "read": {"device_start": -1, "device_end": -1}}, "FFC_sans_bias10": {"write": {"device_start": -1, "host_queued_start": 1585585255.797939, "device_queued": -1, "device_end": -1, "host_queued_end": 1585585255.803695}, "device": "cpu", "nd_range": {"device_start": 2253029.9933096273, "device_end": 2253030.0088667683}, "cmdq": 1, "read": {"device_start": -1, "device_end": -1}}, "coalesced_transpose3": {"write": {"device_start": -1, "host_queued_start": 1585585255.799362, "device_queued": -1, "device_end": -1, "host_queued_end": 1585585255.803695}, "device": "cpu", "nd_range": {"device_start": 2253030.021308841, "device_end": 2253030.0215419834}, "cmdq": 3, "read": {"device_start": -1, "device_end": -1}}, "FFC_sans_bias15": {"write": {"device_start": -1, "host_queued_start": 1585585255.80158, "device_queued": -1, "device_end": -1, "host_queued_end": 1585585255.803695}, "device": "cpu", "nd_range": {"device_start": 2253030.030409616, "device_end": 2253030.044590212}, "cmdq": 0, "read": {"device_start": -1, "device_end": -1}}, "FFC_sans_bias16": {"write": {"device_start": -1, "host_queued_start": 1585585255.803651, "device_queued": -1, "device_end": -1, "host_queued_end": 1585585255.803695}, "device": "cpu", "nd_range": {"device_start": 2253030.044597063, "device_end": 2253030.04889635}, "cmdq": 2, "read": {"device_start": -1, "device_end": -1}}, "FFC_sans_bias19": {"write": {"device_start": 1585585190.4104447, "host_queued_start": 1585585255.786836, "device_queued": 1585585190.4102457, "device_end": 1585585190.410476, "host_queued_end": 1585585255.790162}, "device": "gpu", "nd_range": {"device_start": 1585585190.410478, "device_end": 1585585190.411463}, "cmdq": 0, "read": {"device_start": -1, "device_end": -1}}, "FFC_sans_bias18": {"write": {"device_start": 1585585190.4103582, "host_queued_start": 1585585255.785737, "device_queued": 1585585190.410178, "device_end": 1585585190.4104342, "host_queued_end": 1585585255.790162}, "device": "gpu", "nd_range": {"device_start": 1585585190.410446, "device_end": 1585585190.4110556}, "cmdq": 1, "read": {"device_start": -1, "device_end": -1}}, "empty26": {"write": {"device_start": 1585585190.4102104, "host_queued_start": 1585585255.784543, "device_queued": 1585585190.4100947, "device_end": 1585585190.4102535, "host_queued_end": 1585585255.790162}, "device": "gpu", "nd_range": {"device_start": 1585585190.410257, "device_end": 1585585190.410264}, "cmdq": 0, "read": {"device_start": -1, "device_end": -1}}, "coalesced_transpose12": {"write": {"device_start": -1, "host_queued_start": 1585585255.799688, "device_queued": -1, "device_end": -1, "host_queued_end": 1585585255.803695}, "device": "cpu", "nd_range": {"device_start": 2253030.0096649243, "device_end": 2253030.009901993}, "cmdq": 4, "read": {"device_start": -1, "device_end": -1}}, "coalesced_transpose21": {"write": {"device_start": -1, "host_queued_start": 1585585255.788179, "device_queued": -1, "device_end": -1, "host_queued_end": 1585585255.790162}, "device": "gpu", "nd_range": {"device_start": 1585585190.411464, "device_end": 1585585190.4118645}, "cmdq": 0, "read": {"device_start": -1, "device_end": -1}}, "softmax14": {"write": {"device_start": -1, "host_queued_start": 1585585255.80091, "device_queued": -1, "device_end": -1, "host_queued_end": 1585585255.803695}, "device": "cpu", "nd_range": {"device_start": 2253030.029977009, "device_end": 2253030.030185699}, "cmdq": 3, "read": {"device_start": -1, "device_end": -1}}, "FFC_sans_bias13": {"write": {"device_start": -1, "host_queued_start": 1585585255.800366, "device_queued": -1, "device_end": -1, "host_queued_end": 1585585255.803695}, "device": "cpu", "nd_range": {"device_start": 2253030.0100169512, "device_end": 2253030.028865396}, "cmdq": 1, "read": {"device_start": -1, "device_end": -1}}, "empty8": {"write": {"device_start": -1, "host_queued_start": 1585585255.791421, "device_queued": -1, "device_end": -1, "host_queued_end": 1585585255.803695}, "device": "cpu", "nd_range": {"device_start": 2253029.993277686, "device_end": 2253029.9932899973}, "cmdq": 0, "read": {"device_start": -1, "device_end": -1}}, "FFC_sans_bias24": {"write": {"device_start": -1, "host_queued_start": 1585585255.789047, "device_queued": -1, "device_end": -1, "host_queued_end": 1585585255.790162}, "device": "gpu", "nd_range": {"device_start": 1585585190.4128687, "device_end": 1585585190.4134734}, "cmdq": 1, "read": {"device_start": -1, "device_end": -1}}, "FFC_sans_bias25": {"write": {"device_start": 1585585190.4130118, "host_queued_start": 1585585255.790049, "device_queued": 1585585190.41068, "device_end": 1585585190.4130418, "host_queued_end": 1585585255.790162}, "device": "gpu", "nd_range": {"device_start": 1585585190.413477, "device_end": 1585585190.414073}, "cmdq": 0, "read": {"device_start": 1585585190.4140778, "device_end": 1585585190.4141016}}, "FFC_sans_bias20": {"write": {"device_start": 1585585190.4111795, "host_queued_start": 1585585255.787866, "device_queued": 1585585190.410478, "device_end": 1585585190.4112108, "host_queued_end": 1585585255.790162}, "device": "gpu", "nd_range": {"device_start": 1585585190.4112132, "device_end": 1585585190.4120328}, "cmdq": 1, "read": {"device_start": -1, "device_end": -1}}, "FFC_sans_bias22": {"write": {"device_start": -1, "host_queued_start": 1585585255.788495, "device_queued": -1, "device_end": -1, "host_queued_end": 1585585255.790162}, "device": "gpu", "nd_range": {"device_start": 1585585190.412035, "device_end": 1585585190.4126468}, "cmdq": 1, "read": {"device_start": -1, "device_end": -1}}, "softmax5": {"write": {"device_start": -1, "host_queued_start": 1585585255.800638, "device_queued": -1, "device_end": -1, "host_queued_end": 1585585255.803695}, "device": "cpu", "nd_range": {"device_start": 2253030.027291235, "device_end": 2253030.0273862723}, "cmdq": 2, "read": {"device_start": -1, "device_end": -1}}, "empty17": {"write": {"device_start": -1, "host_queued_start": 1585585255.79236, "device_queued": -1, "device_end": -1, "host_queued_end": 1585585255.803695}, "device": "cpu", "nd_range": {"device_start": 2253029.993283994, "device_end": 2253029.99328996}, "cmdq": 1, "read": {"device_start": -1, "device_end": -1}}}