{"FFC_sans_bias4": {"write": {"device_start": -1, "host_queued_start": 1585585154.688957, "device_queued": -1, "device_end": -1, "host_queued_end": 1585585154.694676}, "device": "gpu", "nd_range": {"device_start": 1585585089.3249798, "device_end": 1585585089.3255703}, "cmdq": 0, "read": {"device_start": -1, "device_end": -1}}, "FFC_sans_bias7": {"write": {"device_start": 1585585089.329291, "host_queued_start": 1585585154.692467, "device_queued": 1585585089.3194585, "device_end": 1585585089.3293202, "host_queued_end": 1585585154.694676}, "device": "gpu", "nd_range": {"device_start": 1585585089.3293264, "device_end": 1585585089.3299208}, "cmdq": 0, "read": {"device_start": 1585585089.329926, "device_end": 1585585089.3299491}}, "FFC_sans_bias6": {"write": {"device_start": -1, "host_queued_start": 1585585154.690797, "device_queued": -1, "device_end": -1, "host_queued_end": 1585585154.694676}, "device": "gpu", "nd_range": {"device_start": 1585585089.3273845, "device_end": 1585585089.3279798}, "cmdq": 0, "read": {"device_start": -1, "device_end": -1}}, "FFC_sans_bias1": {"write": {"device_start": 1585585089.319088, "host_queued_start": 1585585154.680448, "device_queued": 1585585089.3181264, "device_end": 1585585089.3191178, "host_queued_end": 1585585154.694676}, "device": "gpu", "nd_range": {"device_start": 1585585089.3191233, "device_end": 1585585089.319721}, "cmdq": 0, "read": {"device_start": -1, "device_end": -1}}, "FFC_sans_bias0": {"write": {"device_start": 1585585089.3184226, "host_queued_start": 1585585154.679411, "device_queued": 1585585089.317882, "device_end": 1585585089.3184514, "host_queued_end": 1585585154.694676}, "device": "gpu", "nd_range": {"device_start": 1585585089.3184538, "device_end": 1585585089.3189573}, "cmdq": 0, "read": {"device_start": -1, "device_end": -1}}, "FFC_sans_bias2": {"write": {"device_start": 1585585089.3198211, "host_queued_start": 1585585154.681478, "device_queued": 1585585089.3181777, "device_end": 1585585089.3198452, "host_queued_end": 1585585154.694676}, "device": "gpu", "nd_range": {"device_start": 1585585089.3198516, "device_end": 1585585089.3204372}, "cmdq": 0, "read": {"device_start": -1, "device_end": -1}}, "FFC_sans_bias9": {"write": {"device_start": 1585585089.320538, "host_queued_start": 1585585154.682505, "device_queued": 1585585089.3183603, "device_end": 1585585089.320568, "host_queued_end": 1585585154.694676}, "device": "gpu", "nd_range": {"device_start": 1585585089.3205736, "device_end": 1585585089.3211722}, "cmdq": 0, "read": {"device_start": -1, "device_end": -1}}, "softmax23": {"write": {"device_start": -1, "host_queued_start": 1585585154.690447, "device_queued": -1, "device_end": -1, "host_queued_end": 1585585154.694676}, "device": "gpu", "nd_range": {"device_start": 1585585089.3271825, "device_end": 1585585089.327383}, "cmdq": 0, "read": {"device_start": -1, "device_end": -1}}, "FFC_sans_bias11": {"write": {"device_start": 1585585089.3220491, "host_queued_start": 1585585154.684618, "device_queued": 1585585089.3185954, "device_end": 1585585089.3220792, "host_queued_end": 1585585154.694676}, "device": "gpu", "nd_range": {"device_start": 1585585089.322085, "device_end": 1585585089.322683}, "cmdq": 0, "read": {"device_start": -1, "device_end": -1}}, "FFC_sans_bias10": {"write": {"device_start": 1585585089.3212998, "host_queued_start": 1585585154.683586, "device_queued": 1585585089.3183997, "device_end": 1585585089.3213296, "host_queued_end": 1585585154.694676}, "device": "gpu", "nd_range": {"device_start": 1585585089.321332, "device_end": 1585585089.3219292}, "cmdq": 0, "read": {"device_start": -1, "device_end": -1}}, "coalesced_transpose3": {"write": {"device_start": -1, "host_queued_start": 1585585154.688048, "device_queued": -1, "device_end": -1, "host_queued_end": 1585585154.694676}, "device": "gpu", "nd_range": {"device_start": 1585585089.324951, "device_end": 1585585089.3249593}, "cmdq": 0, "read": {"device_start": -1, "device_end": -1}}, "FFC_sans_bias15": {"write": {"device_start": -1, "host_queued_start": 1585585154.691132, "device_queued": -1, "device_end": -1, "host_queued_end": 1585585154.694676}, "device": "gpu", "nd_range": {"device_start": 1585585089.327981, "device_end": 1585585089.328576}, "cmdq": 0, "read": {"device_start": -1, "device_end": -1}}, "FFC_sans_bias16": {"write": {"device_start": 1585585089.3301263, "host_queued_start": 1585585154.693509, "device_queued": 1585585089.3195262, "device_end": 1585585089.3301551, "host_queued_end": 1585585154.694676}, "device": "gpu", "nd_range": {"device_start": 1585585089.3301578, "device_end": 1585585089.330759}, "cmdq": 0, "read": {"device_start": 1585585089.330768, "device_end": 1585585089.3307908}}, "FFC_sans_bias19": {"write": {"device_start": 1585585089.3235548, "host_queued_start": 1585585154.686696, "device_queued": 1585585089.3187816, "device_end": 1585585089.3235848, "host_queued_end": 1585585154.694676}, "device": "gpu", "nd_range": {"device_start": 1585585089.3235934, "device_end": 1585585089.324188}, "cmdq": 0, "read": {"device_start": -1, "device_end": -1}}, "FFC_sans_bias18": {"write": {"device_start": 1585585089.3228014, "host_queued_start": 1585585154.685644, "device_queued": 1585585089.3186355, "device_end": 1585585089.3228312, "host_queued_end": 1585585154.694676}, "device": "gpu", "nd_range": {"device_start": 1585585089.3228376, "device_end": 1585585089.3234386}, "cmdq": 0, "read": {"device_start": -1, "device_end": -1}}, "empty26": {"write": {"device_start": 1585585089.3181953, "host_queued_start": 1585585154.678416, "device_queued": 1585585089.317853, "device_end": 1585585089.3182197, "host_queued_end": 1585585154.694676}, "device": "gpu", "nd_range": {"device_start": 1585585089.3182278, "device_end": 1585585089.3182313}, "cmdq": 0, "read": {"device_start": -1, "device_end": -1}}, "coalesced_transpose12": {"write": {"device_start": -1, "host_queued_start": 1585585154.688346, "device_queued": -1, "device_end": -1, "host_queued_end": 1585585154.694676}, "device": "gpu", "nd_range": {"device_start": 1585585089.3249605, "device_end": 1585585089.3249686}, "cmdq": 0, "read": {"device_start": -1, "device_end": -1}}, "coalesced_transpose21": {"write": {"device_start": -1, "host_queued_start": 1585585154.688644, "device_queued": -1, "device_end": -1, "host_queued_end": 1585585154.694676}, "device": "gpu", "nd_range": {"device_start": 1585585089.3249705, "device_end": 1585585089.3249788}, "cmdq": 0, "read": {"device_start": -1, "device_end": -1}}, "softmax14": {"write": {"device_start": -1, "host_queued_start": 1585585154.690198, "device_queued": -1, "device_end": -1, "host_queued_end": 1585585154.694676}, "device": "gpu", "nd_range": {"device_start": 1585585089.3269749, "device_end": 1585585089.327181}, "cmdq": 0, "read": {"device_start": -1, "device_end": -1}}, "FFC_sans_bias13": {"write": {"device_start": -1, "host_queued_start": 1585585154.689274, "device_queued": -1, "device_end": -1, "host_queued_end": 1585585154.694676}, "device": "gpu", "nd_range": {"device_start": 1585585089.3255718, "device_end": 1585585089.3261595}, "cmdq": 0, "read": {"device_start": -1, "device_end": -1}}, "empty8": {"write": {"device_start": 1585585089.3178523, "host_queued_start": 1585585154.676505, "device_queued": 1585585089.3177142, "device_end": 1585585089.3178768, "host_queued_end": 1585585154.694676}, "device": "gpu", "nd_range": {"device_start": 1585585089.3178833, "device_end": 1585585089.3178926}, "cmdq": 0, "read": {"device_start": -1, "device_end": -1}}, "FFC_sans_bias24": {"write": {"device_start": -1, "host_queued_start": 1585585154.69146, "device_queued": -1, "device_end": -1, "host_queued_end": 1585585154.694676}, "device": "gpu", "nd_range": {"device_start": 1585585089.3285782, "device_end": 1585585089.329174}, "cmdq": 0, "read": {"device_start": -1, "device_end": -1}}, "FFC_sans_bias25": {"write": {"device_start": 1585585089.3314686, "host_queued_start": 1585585154.694547, "device_queued": 1585585089.3196776, "device_end": 1585585089.331497, "host_queued_end": 1585585154.694676}, "device": "gpu", "nd_range": {"device_start": 1585585089.3315055, "device_end": 1585585089.3321018}, "cmdq": 0, "read": {"device_start": 1585585089.3321042, "device_end": 1585585089.3321264}}, "FFC_sans_bias20": {"write": {"device_start": 1585585089.3243043, "host_queued_start": 1585585154.687729, "device_queued": 1585585089.3188214, "device_end": 1585585089.324334, "host_queued_end": 1585585154.694676}, "device": "gpu", "nd_range": {"device_start": 1585585089.3243365, "device_end": 1585585089.3249497}, "cmdq": 0, "read": {"device_start": -1, "device_end": -1}}, "FFC_sans_bias22": {"write": {"device_start": -1, "host_queued_start": 1585585154.689585, "device_queued": -1, "device_end": -1, "host_queued_end": 1585585154.694676}, "device": "gpu", "nd_range": {"device_start": 1585585089.3261607, "device_end": 1585585089.3267603}, "cmdq": 0, "read": {"device_start": -1, "device_end": -1}}, "softmax5": {"write": {"device_start": -1, "host_queued_start": 1585585154.689836, "device_queued": -1, "device_end": -1, "host_queued_end": 1585585154.694676}, "device": "gpu", "nd_range": {"device_start": 1585585089.3267615, "device_end": 1585585089.3269737}, "cmdq": 0, "read": {"device_start": -1, "device_end": -1}}, "empty17": {"write": {"device_start": 1585585089.318018, "host_queued_start": 1585585154.677547, "device_queued": 1585585089.317818, "device_end": 1585585089.3180482, "host_queued_end": 1585585154.694676}, "device": "gpu", "nd_range": {"device_start": 1585585089.3180542, "device_end": 1585585089.3180578}, "cmdq": 0, "read": {"device_start": -1, "device_end": -1}}}