{"FFC_sans_bias4": {"write": {"device_start": -1, "host_queued_start": 1585585346.193409, "device_queued": -1, "device_end": -1, "host_queued_end": 1585585346.199112}, "device": "gpu", "nd_range": {"device_start": 1585585280.8214433, "device_end": 1585585280.8220503}, "cmdq": 3, "read": {"device_start": -1, "device_end": -1}}, "FFC_sans_bias7": {"write": {"device_start": 1585585280.823267, "host_queued_start": 1585585346.19689, "device_queued": 1585585280.818432, "device_end": 1585585280.8232925, "host_queued_end": 1585585346.199112}, "device": "gpu", "nd_range": {"device_start": 1585585280.8242779, "device_end": 1585585280.8252547}, "cmdq": 0, "read": {"device_start": 1585585280.8252606, "device_end": 1585585280.8252838}}, "FFC_sans_bias6": {"write": {"device_start": -1, "host_queued_start": 1585585346.195246, "device_queued": -1, "device_end": -1, "host_queued_end": 1585585346.199112}, "device": "gpu", "nd_range": {"device_start": 1585585280.823269, "device_end": 1585585280.8242705}, "cmdq": 1, "read": {"device_start": -1, "device_end": -1}}, "FFC_sans_bias1": {"write": {"device_start": 1585585280.8170774, "host_queued_start": 1585585346.184702, "device_queued": 1585585280.8168736, "device_end": 1585585280.8171551, "host_queued_end": 1585585346.199112}, "device": "gpu", "nd_range": {"device_start": 1585585280.8171625, "device_end": 1585585280.8180342}, "cmdq": 0, "read": {"device_start": -1, "device_end": -1}}, "FFC_sans_bias0": {"write": {"device_start": 1585585280.816967, "host_queued_start": 1585585346.183614, "device_queued": 1585585280.8166742, "device_end": 1585585280.8170183, "host_queued_end": 1585585346.199112}, "device": "gpu", "nd_range": {"device_start": 1585585280.8170245, "device_end": 1585585280.817629}, "cmdq": 3, "read": {"device_start": -1, "device_end": -1}}, "FFC_sans_bias2": {"write": {"device_start": 1585585280.8171778, "host_queued_start": 1585585346.185775, "device_queued": 1585585280.8169308, "device_end": 1585585280.8172376, "host_queued_end": 1585585346.199112}, "device": "gpu", "nd_range": {"device_start": 1585585280.8172417, "device_end": 1585585280.818581}, "cmdq": 1, "read": {"device_start": -1, "device_end": -1}}, "FFC_sans_bias9": {"write": {"device_start": 1585585280.8172646, "host_queued_start": 1585585346.186884, "device_queued": 1585585280.81709, "device_end": 1585585280.8172884, "host_queued_end": 1585585346.199112}, "device": "gpu", "nd_range": {"device_start": 1585585280.8172925, "device_end": 1585585280.8190494}, "cmdq": 2, "read": {"device_start": -1, "device_end": -1}}, "softmax23": {"write": {"device_start": -1, "host_queued_start": 1585585346.194928, "device_queued": -1, "device_end": -1, "host_queued_end": 1585585346.199112}, "device": "gpu", "nd_range": {"device_start": 1585585280.822949, "device_end": 1585585280.8231413}, "cmdq": 0, "read": {"device_start": -1, "device_end": -1}}, "FFC_sans_bias11": {"write": {"device_start": 1585585280.8181674, "host_queued_start": 1585585346.188989, "device_queued": 1585585280.8173275, "device_end": 1585585280.8181973, "host_queued_end": 1585585346.199112}, "device": "gpu", "nd_range": {"device_start": 1585585280.8182025, "device_end": 1585585280.8200216}, "cmdq": 0, "read": {"device_start": -1, "device_end": -1}}, "FFC_sans_bias10": {"write": {"device_start": 1585585280.8178136, "host_queued_start": 1585585346.187947, "device_queued": 1585585280.8171175, "device_end": 1585585280.8178432, "host_queued_end": 1585585346.199112}, "device": "gpu", "nd_range": {"device_start": 1585585280.8178484, "device_end": 1585585280.8195417}, "cmdq": 3, "read": {"device_start": -1, "device_end": -1}}, "coalesced_transpose3": {"write": {"device_start": -1, "host_queued_start": 1585585346.192472, "device_queued": -1, "device_end": -1, "host_queued_end": 1585585346.199112}, "device": "gpu", "nd_range": {"device_start": 1585585280.8200228, "device_end": 1585585280.821347}, "cmdq": 0, "read": {"device_start": -1, "device_end": -1}}, "FFC_sans_bias15": {"write": {"device_start": -1, "host_queued_start": 1585585346.195562, "device_queued": -1, "device_end": -1, "host_queued_end": 1585585346.199112}, "device": "gpu", "nd_range": {"device_start": 1585585280.8232846, "device_end": 1585585280.824826}, "cmdq": 2, "read": {"device_start": -1, "device_end": -1}}, "FFC_sans_bias16": {"write": {"device_start": 1585585280.8243937, "host_queued_start": 1585585346.197937, "device_queued": 1585585280.818476, "device_end": 1585585280.824424, "host_queued_end": 1585585346.199112}, "device": "gpu", "nd_range": {"device_start": 1585585280.8248425, "device_end": 1585585280.825794}, "cmdq": 1, "read": {"device_start": 1585585280.825803, "device_end": 1585585280.8258257}}, "FFC_sans_bias19": {"write": {"device_start": 1585585280.8191845, "host_queued_start": 1585585346.191107, "device_queued": 1585585280.817502, "device_end": 1585585280.8192108, "host_queued_end": 1585585346.199112}, "device": "gpu", "nd_range": {"device_start": 1585585280.8192139, "device_end": 1585585280.8210018}, "cmdq": 2, "read": {"device_start": -1, "device_end": -1}}, "FFC_sans_bias18": {"write": {"device_start": 1585585280.8187187, "host_queued_start": 1585585346.190026, "device_queued": 1585585280.8173676, "device_end": 1585585280.8187501, "host_queued_end": 1585585346.199112}, "device": "gpu", "nd_range": {"device_start": 1585585280.818757, "device_end": 1585585280.8204985}, "cmdq": 1, "read": {"device_start": -1, "device_end": -1}}, "empty26": {"write": {"device_start": 1585585280.816862, "host_queued_start": 1585585346.182596, "device_queued": 1585585280.8166497, "device_end": 1585585280.8169365, "host_queued_end": 1585585346.199112}, "device": "gpu", "nd_range": {"device_start": 1585585280.8169453, "device_end": 1585585280.8169508}, "cmdq": 2, "read": {"device_start": -1, "device_end": -1}}, "coalesced_transpose12": {"write": {"device_start": -1, "host_queued_start": 1585585346.192786, "device_queued": -1, "device_end": -1, "host_queued_end": 1585585346.199112}, "device": "gpu", "nd_range": {"device_start": 1585585280.8205025, "device_end": 1585585280.8213625}, "cmdq": 1, "read": {"device_start": -1, "device_end": -1}}, "coalesced_transpose21": {"write": {"device_start": -1, "host_queued_start": 1585585346.193089, "device_queued": -1, "device_end": -1, "host_queued_end": 1585585346.199112}, "device": "gpu", "nd_range": {"device_start": 1585585280.821003, "device_end": 1585585280.821372}, "cmdq": 2, "read": {"device_start": -1, "device_end": -1}}, "softmax14": {"write": {"device_start": -1, "host_queued_start": 1585585346.194677, "device_queued": -1, "device_end": -1, "host_queued_end": 1585585346.199112}, "device": "gpu", "nd_range": {"device_start": 1585585280.822461, "device_end": 1585585280.8232524}, "cmdq": 3, "read": {"device_start": -1, "device_end": -1}}, "FFC_sans_bias13": {"write": {"device_start": -1, "host_queued_start": 1585585346.193729, "device_queued": -1, "device_end": -1, "host_queued_end": 1585585346.199112}, "device": "gpu", "nd_range": {"device_start": 1585585280.821452, "device_end": 1585585280.822451}, "cmdq": 0, "read": {"device_start": -1, "device_end": -1}}, "empty8": {"write": {"device_start": 1585585280.8166318, "host_queued_start": 1585585346.180695, "device_queued": 1585585280.8165126, "device_end": 1585585280.816679, "host_queued_end": 1585585346.199112}, "device": "gpu", "nd_range": {"device_start": 1585585280.816685, "device_end": 1585585280.8166897}, "cmdq": 0, "read": {"device_start": -1, "device_end": -1}}, "FFC_sans_bias24": {"write": {"device_start": -1, "host_queued_start": 1585585346.195876, "device_queued": -1, "device_end": -1, "host_queued_end": 1585585346.199112}, "device": "gpu", "nd_range": {"device_start": 1585585280.8232586, "device_end": 1585585280.8238585}, "cmdq": 3, "read": {"device_start": -1, "device_end": -1}}, "FFC_sans_bias25": {"write": {"device_start": 1585585280.8249445, "host_queued_start": 1585585346.199004, "device_queued": 1585585280.8186228, "device_end": 1585585280.824975, "host_queued_end": 1585585346.199112}, "device": "gpu", "nd_range": {"device_start": 1585585280.8249793, "device_end": 1585585280.826226}, "cmdq": 2, "read": {"device_start": 1585585280.8262289, "device_end": 1585585280.826251}}, "FFC_sans_bias20": {"write": {"device_start": 1585585280.819647, "host_queued_start": 1585585346.192142, "device_queued": 1585585280.8175306, "device_end": 1585585280.8196783, "host_queued_end": 1585585346.199112}, "device": "gpu", "nd_range": {"device_start": 1585585280.8196924, "device_end": 1585585280.8214364}, "cmdq": 3, "read": {"device_start": -1, "device_end": -1}}, "FFC_sans_bias22": {"write": {"device_start": -1, "host_queued_start": 1585585346.19413, "device_queued": -1, "device_end": -1, "host_queued_end": 1585585346.199112}, "device": "gpu", "nd_range": {"device_start": 1585585280.8214607, "device_end": 1585585280.8229396}, "cmdq": 1, "read": {"device_start": -1, "device_end": -1}}, "softmax5": {"write": {"device_start": -1, "host_queued_start": 1585585346.194388, "device_queued": -1, "device_end": -1, "host_queued_end": 1585585346.199112}, "device": "gpu", "nd_range": {"device_start": 1585585280.8220587, "device_end": 1585585280.823247}, "cmdq": 2, "read": {"device_start": -1, "device_end": -1}}, "empty17": {"write": {"device_start": 1585585280.8167603, "host_queued_start": 1585585346.181736, "device_queued": 1585585280.8166208, "device_end": 1585585280.8168304, "host_queued_end": 1585585346.199112}, "device": "gpu", "nd_range": {"device_start": 1585585280.8168423, "device_end": 1585585280.8168464}, "cmdq": 1, "read": {"device_start": -1, "device_end": -1}}}