{"FFC_sans_bias4": {"write": {"device_start": -1, "host_queued_start": 1585585221.208537, "device_queued": -1, "device_end": -1, "host_queued_end": 1585585221.210376}, "device": "cpu", "nd_range": {"device_start": 2252995.412116669, "device_end": 2252995.4160574162}, "cmdq": 1, "read": {"device_start": -1, "device_end": -1}}, "FFC_sans_bias7": {"write": {"device_start": -1, "host_queued_start": 1585585221.210329, "device_queued": -1, "device_end": -1, "host_queued_end": 1585585221.210376}, "device": "cpu", "nd_range": {"device_start": 2252995.42129234, "device_end": 2252995.4255948053}, "cmdq": 0, "read": {"device_start": -1, "device_end": -1}}, "FFC_sans_bias6": {"write": {"device_start": -1, "host_queued_start": 1585585221.209224, "device_queued": -1, "device_end": -1, "host_queued_end": 1585585221.210376}, "device": "cpu", "nd_range": {"device_start": 2252995.416453203, "device_end": 2252995.4212703323}, "cmdq": 1, "read": {"device_start": -1, "device_end": -1}}, "FFC_sans_bias1": {"write": {"device_start": -1, "host_queued_start": 1585585221.206793, "device_queued": -1, "device_end": -1, "host_queued_end": 1585585221.210376}, "device": "cpu", "nd_range": {"device_start": 2252995.3999511884, "device_end": 2252995.406073435}, "cmdq": 0, "read": {"device_start": -1, "device_end": -1}}, "FFC_sans_bias0": {"write": {"device_start": -1, "host_queued_start": 1585585221.205538, "device_queued": -1, "device_end": -1, "host_queued_end": 1585585221.210376}, "device": "cpu", "nd_range": {"device_start": 2252995.3999436772, "device_end": 2252995.408131373}, "cmdq": 1, "read": {"device_start": -1, "device_end": -1}}, "FFC_sans_bias2": {"write": {"device_start": -1, "host_queued_start": 1585585221.207844, "device_queued": -1, "device_end": -1, "host_queued_end": 1585585221.210376}, "device": "cpu", "nd_range": {"device_start": 2252995.4081579293, "device_end": 2252995.412108159}, "cmdq": 1, "read": {"device_start": -1, "device_end": -1}}, "FFC_sans_bias9": {"write": {"device_start": 1585585155.824276, "host_queued_start": 1585585221.193025, "device_queued": 1585585155.824116, "device_end": 1585585155.8243012, "host_queued_end": 1585585221.202944}, "device": "gpu", "nd_range": {"device_start": 1585585155.8243089, "device_end": 1585585155.8249075}, "cmdq": 0, "read": {"device_start": -1, "device_end": -1}}, "softmax23": {"write": {"device_start": -1, "host_queued_start": 1585585221.200022, "device_queued": -1, "device_end": -1, "host_queued_end": 1585585221.202944}, "device": "gpu", "nd_range": {"device_start": 1585585155.8282778, "device_end": 1585585155.828649}, "cmdq": 1, "read": {"device_start": -1, "device_end": -1}}, "FFC_sans_bias11": {"write": {"device_start": 1585585155.8250625, "host_queued_start": 1585585221.195155, "device_queued": 1585585155.824433, "device_end": 1585585155.825093, "host_queued_end": 1585585221.202944}, "device": "gpu", "nd_range": {"device_start": 1585585155.8250954, "device_end": 1585585155.8258617}, "cmdq": 0, "read": {"device_start": -1, "device_end": -1}}, "FFC_sans_bias10": {"write": {"device_start": 1585585155.824489, "host_queued_start": 1585585221.194063, "device_queued": 1585585155.8243775, "device_end": 1585585155.8245237, "host_queued_end": 1585585221.202944}, "device": "gpu", "nd_range": {"device_start": 1585585155.8245265, "device_end": 1585585155.8253186}, "cmdq": 1, "read": {"device_start": -1, "device_end": -1}}, "coalesced_transpose3": {"write": {"device_start": -1, "host_queued_start": 1585585221.208168, "device_queued": -1, "device_end": -1, "host_queued_end": 1585585221.210376}, "device": "cpu", "nd_range": {"device_start": 2252995.406187558, "device_end": 2252995.406422826}, "cmdq": 0, "read": {"device_start": -1, "device_end": -1}}, "FFC_sans_bias15": {"write": {"device_start": -1, "host_queued_start": 1585585221.200326, "device_queued": -1, "device_end": -1, "host_queued_end": 1585585221.202944}, "device": "gpu", "nd_range": {"device_start": 1585585155.828291, "device_end": 1585585155.8288994}, "cmdq": 0, "read": {"device_start": -1, "device_end": -1}}, "FFC_sans_bias16": {"write": {"device_start": 1585585155.8290322, "host_queued_start": 1585585221.201645, "device_queued": 1585585155.8252997, "device_end": 1585585155.829064, "host_queued_end": 1585585221.202944}, "device": "gpu", "nd_range": {"device_start": 1585585155.8290665, "device_end": 1585585155.8298857}, "cmdq": 0, "read": {"device_start": 1585585155.8298874, "device_end": 1585585155.829911}}, "FFC_sans_bias19": {"write": {"device_start": 1585585155.8260014, "host_queued_start": 1585585221.197216, "device_queued": 1585585155.8246567, "device_end": 1585585155.8260326, "host_queued_end": 1585585221.202944}, "device": "gpu", "nd_range": {"device_start": 1585585155.826036, "device_end": 1585585155.8268132}, "cmdq": 0, "read": {"device_start": -1, "device_end": -1}}, "FFC_sans_bias18": {"write": {"device_start": 1585585155.825423, "host_queued_start": 1585585221.196181, "device_queued": 1585585155.8246033, "device_end": 1585585155.825453, "host_queued_end": 1585585221.202944}, "device": "gpu", "nd_range": {"device_start": 1585585155.8254569, "device_end": 1585585155.8263283}, "cmdq": 1, "read": {"device_start": -1, "device_end": -1}}, "empty26": {"write": {"device_start": 1585585155.8241737, "host_queued_start": 1585585221.192021, "device_queued": 1585585155.8240454, "device_end": 1585585155.8242562, "host_queued_end": 1585585221.202944}, "device": "gpu", "nd_range": {"device_start": 1585585155.8242617, "device_end": 1585585155.8242657}, "cmdq": 1, "read": {"device_start": -1, "device_end": -1}}, "coalesced_transpose12": {"write": {"device_start": -1, "host_queued_start": 1585585221.198599, "device_queued": -1, "device_end": -1, "host_queued_end": 1585585221.202944}, "device": "gpu", "nd_range": {"device_start": 1585585155.8268147, "device_end": 1585585155.827173}, "cmdq": 0, "read": {"device_start": -1, "device_end": -1}}, "coalesced_transpose21": {"write": {"device_start": -1, "host_queued_start": 1585585221.198909, "device_queued": -1, "device_end": -1, "host_queued_end": 1585585221.202944}, "device": "gpu", "nd_range": {"device_start": 1585585155.8273318, "device_end": 1585585155.8276591}, "cmdq": 1, "read": {"device_start": -1, "device_end": -1}}, "softmax14": {"write": {"device_start": -1, "host_queued_start": 1585585221.199784, "device_queued": -1, "device_end": -1, "host_queued_end": 1585585221.202944}, "device": "gpu", "nd_range": {"device_start": 1585585155.8277776, "device_end": 1585585155.8282897}, "cmdq": 0, "read": {"device_start": -1, "device_end": -1}}, "FFC_sans_bias13": {"write": {"device_start": -1, "host_queued_start": 1585585221.199219, "device_queued": -1, "device_end": -1, "host_queued_end": 1585585221.202944}, "device": "gpu", "nd_range": {"device_start": 1585585155.827174, "device_end": 1585585155.8277767}, "cmdq": 0, "read": {"device_start": -1, "device_end": -1}}, "empty8": {"write": {"device_start": -1, "host_queued_start": 1585585221.20428, "device_queued": -1, "device_end": -1, "host_queued_end": 1585585221.210376}, "device": "cpu", "nd_range": {"device_start": 2252995.399922072, "device_end": 2252995.399932579}, "cmdq": 0, "read": {"device_start": -1, "device_end": -1}}, "FFC_sans_bias24": {"write": {"device_start": -1, "host_queued_start": 1585585221.200633, "device_queued": -1, "device_end": -1, "host_queued_end": 1585585221.202944}, "device": "gpu", "nd_range": {"device_start": 1585585155.8286502, "device_end": 1585585155.829307}, "cmdq": 1, "read": {"device_start": -1, "device_end": -1}}, "FFC_sans_bias25": {"write": {"device_start": 1585585155.8294363, "host_queued_start": 1585585221.202836, "device_queued": 1585585155.8254967, "device_end": 1585585155.829468, "host_queued_end": 1585585221.202944}, "device": "gpu", "nd_range": {"device_start": 1585585155.8294718, "device_end": 1585585155.830286}, "cmdq": 1, "read": {"device_start": 1585585155.8302877, "device_end": 1585585155.8303115}}, "FFC_sans_bias20": {"write": {"device_start": 1585585155.8264692, "host_queued_start": 1585585221.198251, "device_queued": 1585585155.8248043, "device_end": 1585585155.8265011, "host_queued_end": 1585585221.202944}, "device": "gpu", "nd_range": {"device_start": 1585585155.8265054, "device_end": 1585585155.827323}, "cmdq": 1, "read": {"device_start": -1, "device_end": -1}}, "FFC_sans_bias22": {"write": {"device_start": -1, "host_queued_start": 1585585221.199535, "device_queued": -1, "device_end": -1, "host_queued_end": 1585585221.202944}, "device": "gpu", "nd_range": {"device_start": 1585585155.82766, "device_end": 1585585155.8282764}, "cmdq": 1, "read": {"device_start": -1, "device_end": -1}}, "softmax5": {"write": {"device_start": -1, "host_queued_start": 1585585221.208835, "device_queued": -1, "device_end": -1, "host_queued_end": 1585585221.210376}, "device": "cpu", "nd_range": {"device_start": 2252995.4162129844, "device_end": 2252995.41632647}, "cmdq": 0, "read": {"device_start": -1, "device_end": -1}}, "empty17": {"write": {"device_start": 1585585155.824057, "host_queued_start": 1585585221.190917, "device_queued": 1585585155.823927, "device_end": 1585585155.8241127, "host_queued_end": 1585585221.202944}, "device": "gpu", "nd_range": {"device_start": 1585585155.824119, "device_end": 1585585155.8241253}, "cmdq": 0, "read": {"device_start": -1, "device_end": -1}}}