{"FFC_sans_bias4": {"write": {"device_start": -1, "host_queued_start": 1585585231.870152, "device_queued": -1, "device_end": -1, "host_queued_end": 1585585231.87206}, "device": "cpu", "nd_range": {"device_start": 2253006.073845069, "device_end": 2253006.0813835883}, "cmdq": 2, "read": {"device_start": -1, "device_end": -1}}, "FFC_sans_bias7": {"write": {"device_start": -1, "host_queued_start": 1585585231.872016, "device_queued": -1, "device_end": -1, "host_queued_end": 1585585231.87206}, "device": "cpu", "nd_range": {"device_start": 2253006.0858077114, "device_end": 2253006.089709766}, "cmdq": 2, "read": {"device_start": -1, "device_end": -1}}, "FFC_sans_bias6": {"write": {"device_start": -1, "host_queued_start": 1585585231.870861, "device_queued": -1, "device_end": -1, "host_queued_end": 1585585231.87206}, "device": "cpu", "nd_range": {"device_start": 2253006.0815145522, "device_end": 2253006.085798223}, "cmdq": 1, "read": {"device_start": -1, "device_end": -1}}, "FFC_sans_bias1": {"write": {"device_start": -1, "host_queued_start": 1585585231.868399, "device_queued": -1, "device_end": -1, "host_queued_end": 1585585231.87206}, "device": "cpu", "nd_range": {"device_start": 2253006.061679866, "device_end": 2253006.0735639003}, "cmdq": 2, "read": {"device_start": -1, "device_end": -1}}, "FFC_sans_bias0": {"write": {"device_start": -1, "host_queued_start": 1585585231.86719, "device_queued": -1, "device_end": -1, "host_queued_end": 1585585231.87206}, "device": "cpu", "nd_range": {"device_start": 2253006.061650101, "device_end": 2253006.069825272}, "cmdq": 1, "read": {"device_start": -1, "device_end": -1}}, "FFC_sans_bias2": {"write": {"device_start": -1, "host_queued_start": 1585585231.869482, "device_queued": -1, "device_end": -1, "host_queued_end": 1585585231.87206}, "device": "cpu", "nd_range": {"device_start": 2253006.061659939, "device_end": 2253006.073563306}, "cmdq": 0, "read": {"device_start": -1, "device_end": -1}}, "FFC_sans_bias9": {"write": {"device_start": 1585585166.485725, "host_queued_start": 1585585231.854721, "device_queued": 1585585166.4855523, "device_end": 1585585166.4857752, "host_queued_end": 1585585231.864723}, "device": "gpu", "nd_range": {"device_start": 1585585166.4857802, "device_end": 1585585166.4863772}, "cmdq": 0, "read": {"device_start": -1, "device_end": -1}}, "softmax23": {"write": {"device_start": -1, "host_queued_start": 1585585231.861791, "device_queued": -1, "device_end": -1, "host_queued_end": 1585585231.864723}, "device": "gpu", "nd_range": {"device_start": 1585585166.4897583, "device_end": 1585585166.4901142}, "cmdq": 1, "read": {"device_start": -1, "device_end": -1}}, "FFC_sans_bias11": {"write": {"device_start": 1585585166.4865181, "host_queued_start": 1585585231.856822, "device_queued": 1585585166.485778, "device_end": 1585585166.4865494, "host_queued_end": 1585585231.864723}, "device": "gpu", "nd_range": {"device_start": 1585585166.486552, "device_end": 1585585166.487361}, "cmdq": 0, "read": {"device_start": -1, "device_end": -1}}, "FFC_sans_bias10": {"write": {"device_start": 1585585166.4858212, "host_queued_start": 1585585231.855772, "device_queued": 1585585166.4857283, "device_end": 1585585166.4858508, "host_queued_end": 1585585231.864723}, "device": "gpu", "nd_range": {"device_start": 1585585166.4858544, "device_end": 1585585166.4867942}, "cmdq": 1, "read": {"device_start": -1, "device_end": -1}}, "coalesced_transpose3": {"write": {"device_start": -1, "host_queued_start": 1585585231.869809, "device_queued": -1, "device_end": -1, "host_queued_end": 1585585231.87206}, "device": "cpu", "nd_range": {"device_start": 2253006.0735922703, "device_end": 2253006.073818927}, "cmdq": 1, "read": {"device_start": -1, "device_end": -1}}, "FFC_sans_bias15": {"write": {"device_start": -1, "host_queued_start": 1585585231.862102, "device_queued": -1, "device_end": -1, "host_queued_end": 1585585231.864723}, "device": "gpu", "nd_range": {"device_start": 1585585166.4897788, "device_end": 1585585166.4903824}, "cmdq": 0, "read": {"device_start": -1, "device_end": -1}}, "FFC_sans_bias16": {"write": {"device_start": 1585585166.4905033, "host_queued_start": 1585585231.863446, "device_queued": 1585585166.4865553, "device_end": 1585585166.4905288, "host_queued_end": 1585585231.864723}, "device": "gpu", "nd_range": {"device_start": 1585585166.4905386, "device_end": 1585585166.4913573}, "cmdq": 0, "read": {"device_start": 1585585166.4913626, "device_end": 1585585166.4913864}}, "FFC_sans_bias19": {"write": {"device_start": 1585585166.4874682, "host_queued_start": 1585585231.85895, "device_queued": 1585585166.485971, "device_end": 1585585166.4874995, "host_queued_end": 1585585231.864723}, "device": "gpu", "nd_range": {"device_start": 1585585166.4875045, "device_end": 1585585166.4883032}, "cmdq": 0, "read": {"device_start": -1, "device_end": -1}}, "FFC_sans_bias18": {"write": {"device_start": 1585585166.4868774, "host_queued_start": 1585585231.857862, "device_queued": 1585585166.485918, "device_end": 1585585166.4869094, "host_queued_end": 1585585231.864723}, "device": "gpu", "nd_range": {"device_start": 1585585166.4869146, "device_end": 1585585166.4878027}, "cmdq": 1, "read": {"device_start": -1, "device_end": -1}}, "empty26": {"write": {"device_start": 1585585166.4856296, "host_queued_start": 1585585231.853688, "device_queued": 1585585166.4855025, "device_end": 1585585166.4857106, "host_queued_end": 1585585231.864723}, "device": "gpu", "nd_range": {"device_start": 1585585166.4857166, "device_end": 1585585166.4857204}, "cmdq": 1, "read": {"device_start": -1, "device_end": -1}}, "coalesced_transpose12": {"write": {"device_start": -1, "host_queued_start": 1585585231.860313, "device_queued": -1, "device_end": -1, "host_queued_end": 1585585231.864723}, "device": "gpu", "nd_range": {"device_start": 1585585166.488305, "device_end": 1585585166.4886522}, "cmdq": 0, "read": {"device_start": -1, "device_end": -1}}, "coalesced_transpose21": {"write": {"device_start": -1, "host_queued_start": 1585585231.860627, "device_queued": -1, "device_end": -1, "host_queued_end": 1585585231.864723}, "device": "gpu", "nd_range": {"device_start": 1585585166.4887903, "device_end": 1585585166.4891286}, "cmdq": 1, "read": {"device_start": -1, "device_end": -1}}, "softmax14": {"write": {"device_start": -1, "host_queued_start": 1585585231.861548, "device_queued": -1, "device_end": -1, "host_queued_end": 1585585231.864723}, "device": "gpu", "nd_range": {"device_start": 1585585166.4892633, "device_end": 1585585166.4897778}, "cmdq": 0, "read": {"device_start": -1, "device_end": -1}}, "FFC_sans_bias13": {"write": {"device_start": -1, "host_queued_start": 1585585231.860954, "device_queued": -1, "device_end": -1, "host_queued_end": 1585585231.864723}, "device": "gpu", "nd_range": {"device_start": 1585585166.4886537, "device_end": 1585585166.4892619}, "cmdq": 0, "read": {"device_start": -1, "device_end": -1}}, "empty8": {"write": {"device_start": -1, "host_queued_start": 1585585231.865982, "device_queued": -1, "device_end": -1, "host_queued_end": 1585585231.87206}, "device": "cpu", "nd_range": {"device_start": 2253006.061630294, "device_end": 2253006.061639369}, "cmdq": 0, "read": {"device_start": -1, "device_end": -1}}, "FFC_sans_bias24": {"write": {"device_start": -1, "host_queued_start": 1585585231.862408, "device_queued": -1, "device_end": -1, "host_queued_end": 1585585231.864723}, "device": "gpu", "nd_range": {"device_start": 1585585166.4901154, "device_end": 1585585166.4908}, "cmdq": 1, "read": {"device_start": -1, "device_end": -1}}, "FFC_sans_bias25": {"write": {"device_start": 1585585166.4909277, "host_queued_start": 1585585231.864616, "device_queued": 1585585166.4867074, "device_end": 1585585166.4909575, "host_queued_end": 1585585231.864723}, "device": "gpu", "nd_range": {"device_start": 1585585166.4909618, "device_end": 1585585166.491768}, "cmdq": 1, "read": {"device_start": 1585585166.4917727, "device_end": 1585585166.4917986}}, "FFC_sans_bias20": {"write": {"device_start": 1585585166.4879067, "host_queued_start": 1585585231.859985, "device_queued": 1585585166.4861116, "device_end": 1585585166.4879377, "host_queued_end": 1585585231.864723}, "device": "gpu", "nd_range": {"device_start": 1585585166.4879408, "device_end": 1585585166.4887865}, "cmdq": 1, "read": {"device_start": -1, "device_end": -1}}, "FFC_sans_bias22": {"write": {"device_start": -1, "host_queued_start": 1585585231.861285, "device_queued": -1, "device_end": -1, "host_queued_end": 1585585231.864723}, "device": "gpu", "nd_range": {"device_start": 1585585166.4891295, "device_end": 1585585166.489757}, "cmdq": 1, "read": {"device_start": -1, "device_end": -1}}, "softmax5": {"write": {"device_start": -1, "host_queued_start": 1585585231.870477, "device_queued": -1, "device_end": -1, "host_queued_end": 1585585231.87206}, "device": "cpu", "nd_range": {"device_start": 2253006.0813894323, "device_end": 2253006.08150161}, "cmdq": 0, "read": {"device_start": -1, "device_end": -1}}, "empty17": {"write": {"device_start": 1585585166.4854956, "host_queued_start": 1585585231.852618, "device_queued": 1585585166.4853635, "device_end": 1585585166.4855473, "host_queued_end": 1585585231.864723}, "device": "gpu", "nd_range": {"device_start": 1585585166.4855533, "device_end": 1585585166.485561}, "cmdq": 0, "read": {"device_start": -1, "device_end": -1}}}