{"FFC_sans_bias4": {"write": {"device_start": -1, "host_queued_start": 1585585165.392922, "device_queued": -1, "device_end": -1, "host_queued_end": 1585585165.398634}, "device": "gpu", "nd_range": {"device_start": 1585585100.028588, "device_end": 1585585100.0291858}, "cmdq": 0, "read": {"device_start": -1, "device_end": -1}}, "FFC_sans_bias7": {"write": {"device_start": 1585585100.0329235, "host_queued_start": 1585585165.396429, "device_queued": 1585585100.0229428, "device_end": 1585585100.0329535, "host_queued_end": 1585585165.398634}, "device": "gpu", "nd_range": {"device_start": 1585585100.032961, "device_end": 1585585100.0335622}, "cmdq": 0, "read": {"device_start": 1585585100.0335677, "device_end": 1585585100.03359}}, "FFC_sans_bias6": {"write": {"device_start": -1, "host_queued_start": 1585585165.394788, "device_queued": -1, "device_end": -1, "host_queued_end": 1585585165.398634}, "device": "gpu", "nd_range": {"device_start": 1585585100.0310125, "device_end": 1585585100.0316012}, "cmdq": 0, "read": {"device_start": -1, "device_end": -1}}, "FFC_sans_bias1": {"write": {"device_start": 1585585100.022647, "host_queued_start": 1585585165.384347, "device_queued": 1585585100.0217624, "device_end": 1585585100.022677, "host_queued_end": 1585585165.398634}, "device": "gpu", "nd_range": {"device_start": 1585585100.0226831, "device_end": 1585585100.0232742}, "cmdq": 0, "read": {"device_start": -1, "device_end": -1}}, "FFC_sans_bias0": {"write": {"device_start": 1585585100.0219064, "host_queued_start": 1585585165.383316, "device_queued": 1585585100.021524, "device_end": 1585585100.021931, "host_queued_end": 1585585165.398634}, "device": "gpu", "nd_range": {"device_start": 1585585100.0219336, "device_end": 1585585100.0225327}, "cmdq": 0, "read": {"device_start": -1, "device_end": -1}}, "FFC_sans_bias2": {"write": {"device_start": 1585585100.0233757, "host_queued_start": 1585585165.385388, "device_queued": 1585585100.0218043, "device_end": 1585585100.023406, "host_queued_end": 1585585165.398634}, "device": "gpu", "nd_range": {"device_start": 1585585100.023409, "device_end": 1585585100.023998}, "cmdq": 0, "read": {"device_start": -1, "device_end": -1}}, "FFC_sans_bias9": {"write": {"device_start": 1585585100.0241263, "host_queued_start": 1585585165.386415, "device_queued": 1585585100.0219822, "device_end": 1585585100.024155, "host_queued_end": 1585585165.398634}, "device": "gpu", "nd_range": {"device_start": 1585585100.024164, "device_end": 1585585100.0247653}, "cmdq": 0, "read": {"device_start": -1, "device_end": -1}}, "softmax23": {"write": {"device_start": -1, "host_queued_start": 1585585165.394446, "device_queued": -1, "device_end": -1, "host_queued_end": 1585585165.398634}, "device": "gpu", "nd_range": {"device_start": 1585585100.0308118, "device_end": 1585585100.031011}, "cmdq": 0, "read": {"device_start": -1, "device_end": -1}}, "FFC_sans_bias11": {"write": {"device_start": 1585585100.025649, "host_queued_start": 1585585165.388573, "device_queued": 1585585100.0221355, "device_end": 1585585100.0256774, "host_queued_end": 1585585165.398634}, "device": "gpu", "nd_range": {"device_start": 1585585100.0256867, "device_end": 1585585100.0262883}, "cmdq": 0, "read": {"device_start": -1, "device_end": -1}}, "FFC_sans_bias10": {"write": {"device_start": 1585585100.0248954, "host_queued_start": 1585585165.387534, "device_queued": 1585585100.0220108, "device_end": 1585585100.0249245, "host_queued_end": 1585585165.398634}, "device": "gpu", "nd_range": {"device_start": 1585585100.024931, "device_end": 1585585100.025529}, "cmdq": 0, "read": {"device_start": -1, "device_end": -1}}, "coalesced_transpose3": {"write": {"device_start": -1, "host_queued_start": 1585585165.392014, "device_queued": -1, "device_end": -1, "host_queued_end": 1585585165.398634}, "device": "gpu", "nd_range": {"device_start": 1585585100.0285604, "device_end": 1585585100.028569}, "cmdq": 0, "read": {"device_start": -1, "device_end": -1}}, "FFC_sans_bias15": {"write": {"device_start": -1, "host_queued_start": 1585585165.395113, "device_queued": -1, "device_end": -1, "host_queued_end": 1585585165.398634}, "device": "gpu", "nd_range": {"device_start": 1585585100.0316033, "device_end": 1585585100.0322022}, "cmdq": 0, "read": {"device_start": -1, "device_end": -1}}, "FFC_sans_bias16": {"write": {"device_start": 1585585100.033774, "host_queued_start": 1585585165.397472, "device_queued": 1585585100.0230036, "device_end": 1585585100.0338023, "host_queued_end": 1585585165.398634}, "device": "gpu", "nd_range": {"device_start": 1585585100.0338173, "device_end": 1585585100.0344133}, "cmdq": 0, "read": {"device_start": 1585585100.034417, "device_end": 1585585100.034439}}, "FFC_sans_bias19": {"write": {"device_start": 1585585100.0271728, "host_queued_start": 1585585165.390657, "device_queued": 1585585100.0222895, "device_end": 1585585100.0272021, "host_queued_end": 1585585165.398634}, "device": "gpu", "nd_range": {"device_start": 1585585100.0272114, "device_end": 1585585100.0278018}, "cmdq": 0, "read": {"device_start": -1, "device_end": -1}}, "FFC_sans_bias18": {"write": {"device_start": 1585585100.0264149, "host_queued_start": 1585585165.389607, "device_queued": 1585585100.0221667, "device_end": 1585585100.026445, "host_queued_end": 1585585165.398634}, "device": "gpu", "nd_range": {"device_start": 1585585100.0264602, "device_end": 1585585100.027055}, "cmdq": 0, "read": {"device_start": -1, "device_end": -1}}, "empty26": {"write": {"device_start": 1585585100.0217843, "host_queued_start": 1585585165.382327, "device_queued": 1585585100.0214984, "device_end": 1585585100.0218136, "host_queued_end": 1585585165.398634}, "device": "gpu", "nd_range": {"device_start": 1585585100.0218163, "device_end": 1585585100.0218198}, "cmdq": 0, "read": {"device_start": -1, "device_end": -1}}, "coalesced_transpose12": {"write": {"device_start": -1, "host_queued_start": 1585585165.392315, "device_queued": -1, "device_end": -1, "host_queued_end": 1585585165.398634}, "device": "gpu", "nd_range": {"device_start": 1585585100.0285702, "device_end": 1585585100.0285778}, "cmdq": 0, "read": {"device_start": -1, "device_end": -1}}, "coalesced_transpose21": {"write": {"device_start": -1, "host_queued_start": 1585585165.392607, "device_queued": -1, "device_end": -1, "host_queued_end": 1585585165.398634}, "device": "gpu", "nd_range": {"device_start": 1585585100.0285792, "device_end": 1585585100.028587}, "cmdq": 0, "read": {"device_start": -1, "device_end": -1}}, "softmax14": {"write": {"device_start": -1, "host_queued_start": 1585585165.394197, "device_queued": -1, "device_end": -1, "host_queued_end": 1585585165.398634}, "device": "gpu", "nd_range": {"device_start": 1585585100.0306046, "device_end": 1585585100.0308108}, "cmdq": 0, "read": {"device_start": -1, "device_end": -1}}, "FFC_sans_bias13": {"write": {"device_start": -1, "host_queued_start": 1585585165.393235, "device_queued": -1, "device_end": -1, "host_queued_end": 1585585165.398634}, "device": "gpu", "nd_range": {"device_start": 1585585100.029187, "device_end": 1585585100.0297856}, "cmdq": 0, "read": {"device_start": -1, "device_end": -1}}, "empty8": {"write": {"device_start": 1585585100.0214937, "host_queued_start": 1585585165.380479, "device_queued": 1585585100.0213573, "device_end": 1585585100.0215194, "host_queued_end": 1585585165.398634}, "device": "gpu", "nd_range": {"device_start": 1585585100.021534, "device_end": 1585585100.0215387}, "cmdq": 0, "read": {"device_start": -1, "device_end": -1}}, "FFC_sans_bias24": {"write": {"device_start": -1, "host_queued_start": 1585585165.395422, "device_queued": -1, "device_end": -1, "host_queued_end": 1585585165.398634}, "device": "gpu", "nd_range": {"device_start": 1585585100.0322034, "device_end": 1585585100.032804}, "cmdq": 0, "read": {"device_start": -1, "device_end": -1}}, "FFC_sans_bias25": {"write": {"device_start": 1585585100.0346177, "host_queued_start": 1585585165.398504, "device_queued": 1585585100.023166, "device_end": 1585585100.0346465, "host_queued_end": 1585585165.398634}, "device": "gpu", "nd_range": {"device_start": 1585585100.0346534, "device_end": 1585585100.035251}, "cmdq": 0, "read": {"device_start": 1585585100.0352578, "device_end": 1585585100.0352795}}, "FFC_sans_bias20": {"write": {"device_start": 1585585100.027918, "host_queued_start": 1585585165.391691, "device_queued": 1585585100.0223203, "device_end": 1585585100.0279477, "host_queued_end": 1585585165.398634}, "device": "gpu", "nd_range": {"device_start": 1585585100.0279548, "device_end": 1585585100.0285594}, "cmdq": 0, "read": {"device_start": -1, "device_end": -1}}, "FFC_sans_bias22": {"write": {"device_start": -1, "host_queued_start": 1585585165.393563, "device_queued": -1, "device_end": -1, "host_queued_end": 1585585165.398634}, "device": "gpu", "nd_range": {"device_start": 1585585100.0297868, "device_end": 1585585100.0303853}, "cmdq": 0, "read": {"device_start": -1, "device_end": -1}}, "softmax5": {"write": {"device_start": -1, "host_queued_start": 1585585165.393837, "device_queued": -1, "device_end": -1, "host_queued_end": 1585585165.398634}, "device": "gpu", "nd_range": {"device_start": 1585585100.0303864, "device_end": 1585585100.0306034}, "cmdq": 0, "read": {"device_start": -1, "device_end": -1}}, "empty17": {"write": {"device_start": 1585585100.0216339, "host_queued_start": 1585585165.381523, "device_queued": 1585585100.0214605, "device_end": 1585585100.0216591, "host_queued_end": 1585585165.398634}, "device": "gpu", "nd_range": {"device_start": 1585585100.0216677, "device_end": 1585585100.021671}, "cmdq": 0, "read": {"device_start": -1, "device_end": -1}}}