{"FFC_sans_bias4": {"write": {"device_start": -1, "host_queued_start": 1585585354.11743, "device_queued": -1, "device_end": -1, "host_queued_end": 1585585354.123267}, "device": "cpu", "nd_range": {"device_start": 2253128.3584573204, "device_end": 2253128.364892735}, "cmdq": 3, "read": {"device_start": -1, "device_end": -1}}, "FFC_sans_bias7": {"write": {"device_start": -1, "host_queued_start": 1585585354.121159, "device_queued": -1, "device_end": -1, "host_queued_end": 1585585354.123267}, "device": "cpu", "nd_range": {"device_start": 2253128.377867117, "device_end": 2253128.386640817}, "cmdq": 0, "read": {"device_start": -1, "device_end": -1}}, "FFC_sans_bias6": {"write": {"device_start": -1, "host_queued_start": 1585585354.119434, "device_queued": -1, "device_end": -1, "host_queued_end": 1585585354.123267}, "device": "cpu", "nd_range": {"device_start": 2253128.3652541833, "device_end": 2253128.3719281224}, "cmdq": 1, "read": {"device_start": -1, "device_end": -1}}, "FFC_sans_bias1": {"write": {"device_start": -1, "host_queued_start": 1585585354.108719, "device_queued": -1, "device_end": -1, "host_queued_end": 1585585354.123267}, "device": "cpu", "nd_range": {"device_start": 2253128.312913782, "device_end": 2253128.328292368}, "cmdq": 0, "read": {"device_start": -1, "device_end": -1}}, "FFC_sans_bias0": {"write": {"device_start": -1, "host_queued_start": 1585585354.107642, "device_queued": -1, "device_end": -1, "host_queued_end": 1585585354.123267}, "device": "cpu", "nd_range": {"device_start": 2253128.31294255, "device_end": 2253128.3288031793}, "cmdq": 3, "read": {"device_start": -1, "device_end": -1}}, "FFC_sans_bias2": {"write": {"device_start": -1, "host_queued_start": 1585585354.109768, "device_queued": -1, "device_end": -1, "host_queued_end": 1585585354.123267}, "device": "cpu", "nd_range": {"device_start": 2253128.312914174, "device_end": 2253128.3282768154}, "cmdq": 1, "read": {"device_start": -1, "device_end": -1}}, "FFC_sans_bias9": {"write": {"device_start": -1, "host_queued_start": 1585585354.110841, "device_queued": -1, "device_end": -1, "host_queued_end": 1585585354.123267}, "device": "cpu", "nd_range": {"device_start": 2253128.3133062553, "device_end": 2253128.32869102}, "cmdq": 2, "read": {"device_start": -1, "device_end": -1}}, "softmax23": {"write": {"device_start": -1, "host_queued_start": 1585585354.119096, "device_queued": -1, "device_end": -1, "host_queued_end": 1585585354.123267}, "device": "cpu", "nd_range": {"device_start": 2253128.3681259863, "device_end": 2253128.368333452}, "cmdq": 0, "read": {"device_start": -1, "device_end": -1}}, "FFC_sans_bias11": {"write": {"device_start": -1, "host_queued_start": 1585585354.112923, "device_queued": -1, "device_end": -1, "host_queued_end": 1585585354.123267}, "device": "cpu", "nd_range": {"device_start": 2253128.331983391, "device_end": 2253128.349522284}, "cmdq": 0, "read": {"device_start": -1, "device_end": -1}}, "FFC_sans_bias10": {"write": {"device_start": -1, "host_queued_start": 1585585354.111877, "device_queued": -1, "device_end": -1, "host_queued_end": 1585585354.123267}, "device": "cpu", "nd_range": {"device_start": 2253128.328940994, "device_end": 2253128.3459080383}, "cmdq": 3, "read": {"device_start": -1, "device_end": -1}}, "coalesced_transpose3": {"write": {"device_start": -1, "host_queued_start": 1585585354.116422, "device_queued": -1, "device_end": -1, "host_queued_end": 1585585354.123267}, "device": "cpu", "nd_range": {"device_start": 2253128.3511346104, "device_end": 2253128.351382073}, "cmdq": 0, "read": {"device_start": -1, "device_end": -1}}, "FFC_sans_bias15": {"write": {"device_start": -1, "host_queued_start": 1585585354.119775, "device_queued": -1, "device_end": -1, "host_queued_end": 1585585354.123267}, "device": "cpu", "nd_range": {"device_start": 2253128.3691288093, "device_end": 2253128.378830988}, "cmdq": 2, "read": {"device_start": -1, "device_end": -1}}, "FFC_sans_bias16": {"write": {"device_start": -1, "host_queued_start": 1585585354.12215, "device_queued": -1, "device_end": -1, "host_queued_end": 1585585354.123267}, "device": "cpu", "nd_range": {"device_start": 2253128.3788430993, "device_end": 2253128.391339921}, "cmdq": 1, "read": {"device_start": -1, "device_end": -1}}, "FFC_sans_bias19": {"write": {"device_start": -1, "host_queued_start": 1585585354.115036, "device_queued": -1, "device_end": -1, "host_queued_end": 1585585354.123267}, "device": "cpu", "nd_range": {"device_start": 2253128.32880921, "device_end": 2253128.344127715}, "cmdq": 2, "read": {"device_start": -1, "device_end": -1}}, "FFC_sans_bias18": {"write": {"device_start": -1, "host_queued_start": 1585585354.113965, "device_queued": -1, "device_end": -1, "host_queued_end": 1585585354.123267}, "device": "cpu", "nd_range": {"device_start": 2253128.328333997, "device_end": 2253128.3436245713}, "cmdq": 1, "read": {"device_start": -1, "device_end": -1}}, "empty26": {"write": {"device_start": -1, "host_queued_start": 1585585354.106643, "device_queued": -1, "device_end": -1, "host_queued_end": 1585585354.123267}, "device": "cpu", "nd_range": {"device_start": 2253128.313038608, "device_end": 2253128.3130422314}, "cmdq": 2, "read": {"device_start": -1, "device_end": -1}}, "coalesced_transpose12": {"write": {"device_start": -1, "host_queued_start": 1585585354.116756, "device_queued": -1, "device_end": -1, "host_queued_end": 1585585354.123267}, "device": "cpu", "nd_range": {"device_start": 2253128.346498046, "device_end": 2253128.346733034}, "cmdq": 1, "read": {"device_start": -1, "device_end": -1}}, "coalesced_transpose21": {"write": {"device_start": -1, "host_queued_start": 1585585354.117083, "device_queued": -1, "device_end": -1, "host_queued_end": 1585585354.123267}, "device": "cpu", "nd_range": {"device_start": 2253128.3442459493, "device_end": 2253128.3444805723}, "cmdq": 2, "read": {"device_start": -1, "device_end": -1}}, "softmax14": {"write": {"device_start": -1, "host_queued_start": 1585585354.118825, "device_queued": -1, "device_end": -1, "host_queued_end": 1585585354.123267}, "device": "cpu", "nd_range": {"device_start": 2253128.368340379, "device_end": 2253128.368873537}, "cmdq": 3, "read": {"device_start": -1, "device_end": -1}}, "FFC_sans_bias13": {"write": {"device_start": -1, "host_queued_start": 1585585354.117887, "device_queued": -1, "device_end": -1, "host_queued_end": 1585585354.123267}, "device": "cpu", "nd_range": {"device_start": 2253128.351753006, "device_end": 2253128.367974741}, "cmdq": 0, "read": {"device_start": -1, "device_end": -1}}, "empty8": {"write": {"device_start": -1, "host_queued_start": 1585585354.104655, "device_queued": -1, "device_end": -1, "host_queued_end": 1585585354.123267}, "device": "cpu", "nd_range": {"device_start": 2253128.312881575, "device_end": 2253128.312892936}, "cmdq": 0, "read": {"device_start": -1, "device_end": -1}}, "FFC_sans_bias24": {"write": {"device_start": -1, "host_queued_start": 1585585354.120119, "device_queued": -1, "device_end": -1, "host_queued_end": 1585585354.123267}, "device": "cpu", "nd_range": {"device_start": 2253128.368881557, "device_end": 2253128.383282497}, "cmdq": 3, "read": {"device_start": -1, "device_end": -1}}, "FFC_sans_bias25": {"write": {"device_start": -1, "host_queued_start": 1585585354.123222, "device_queued": -1, "device_end": -1, "host_queued_end": 1585585354.123267}, "device": "cpu", "nd_range": {"device_start": 2253128.383289936, "device_end": 2253128.3911005463}, "cmdq": 2, "read": {"device_start": -1, "device_end": -1}}, "FFC_sans_bias20": {"write": {"device_start": -1, "host_queued_start": 1585585354.116085, "device_queued": -1, "device_end": -1, "host_queued_end": 1585585354.123267}, "device": "cpu", "nd_range": {"device_start": 2253128.346036318, "device_end": 2253128.358336091}, "cmdq": 3, "read": {"device_start": -1, "device_end": -1}}, "FFC_sans_bias22": {"write": {"device_start": -1, "host_queued_start": 1585585354.118248, "device_queued": -1, "device_end": -1, "host_queued_end": 1585585354.123267}, "device": "cpu", "nd_range": {"device_start": 2253128.3468442033, "device_end": 2253128.356384911}, "cmdq": 1, "read": {"device_start": -1, "device_end": -1}}, "softmax5": {"write": {"device_start": -1, "host_queued_start": 1585585354.118534, "device_queued": -1, "device_end": -1, "host_queued_end": 1585585354.123267}, "device": "cpu", "nd_range": {"device_start": 2253128.365007378, "device_end": 2253128.365127685}, "cmdq": 2, "read": {"device_start": -1, "device_end": -1}}, "empty17": {"write": {"device_start": -1, "host_queued_start": 1585585354.105695, "device_queued": -1, "device_end": -1, "host_queued_end": 1585585354.123267}, "device": "cpu", "nd_range": {"device_start": 2253128.3128853072, "device_end": 2253128.312893038}, "cmdq": 1, "read": {"device_start": -1, "device_end": -1}}}