{"FFC_sans_bias4": {"write": {"device_start": -1, "host_queued_start": 1585585578.918497, "device_queued": -1, "device_end": -1, "host_queued_end": 1585585578.926247}, "device": "cpu", "nd_range": {"device_start": 2253353.1684537833, "device_end": 2253353.177556436}, "cmdq": 0, "read": {"device_start": -1, "device_end": -1}}, "FFC_sans_bias7": {"write": {"device_start": -1, "host_queued_start": 1585585578.923189, "device_queued": -1, "device_end": -1, "host_queued_end": 1585585578.926247}, "device": "cpu", "nd_range": {"device_start": 2253353.214713498, "device_end": 2253353.222352086}, "cmdq": 0, "read": {"device_start": -1, "device_end": -1}}, "FFC_sans_bias6": {"write": {"device_start": -1, "host_queued_start": 1585585578.921088, "device_queued": -1, "device_end": -1, "host_queued_end": 1585585578.926247}, "device": "cpu", "nd_range": {"device_start": 2253353.186682282, "device_end": 2253353.204405905}, "cmdq": 0, "read": {"device_start": -1, "device_end": -1}}, "FFC_sans_bias1": {"write": {"device_start": -1, "host_queued_start": 1585585578.906201, "device_queued": -1, "device_end": -1, "host_queued_end": 1585585578.926247}, "device": "cpu", "nd_range": {"device_start": 2253353.115905199, "device_end": 2253353.1229717974}, "cmdq": 1, "read": {"device_start": -1, "device_end": -1}}, "FFC_sans_bias0": {"write": {"device_start": -1, "host_queued_start": 1585585578.905152, "device_queued": -1, "device_end": -1, "host_queued_end": 1585585578.926247}, "device": "cpu", "nd_range": {"device_start": 2253353.115905383, "device_end": 2253353.1247727843}, "cmdq": 0, "read": {"device_start": -1, "device_end": -1}}, "FFC_sans_bias2": {"write": {"device_start": -1, "host_queued_start": 1585585578.907302, "device_queued": -1, "device_end": -1, "host_queued_end": 1585585578.926247}, "device": "cpu", "nd_range": {"device_start": 2253353.127334774, "device_end": 2253353.132869557}, "cmdq": 0, "read": {"device_start": -1, "device_end": -1}}, "FFC_sans_bias9": {"write": {"device_start": -1, "host_queued_start": 1585585578.90837, "device_queued": -1, "device_end": -1, "host_queued_end": 1585585578.926247}, "device": "cpu", "nd_range": {"device_start": 2253353.123069242, "device_end": 2253353.128613015}, "cmdq": 1, "read": {"device_start": -1, "device_end": -1}}, "softmax23": {"write": {"device_start": -1, "host_queued_start": 1585585578.920377, "device_queued": -1, "device_end": -1, "host_queued_end": 1585585578.926247}, "device": "cpu", "nd_range": {"device_start": 2253353.18637411, "device_end": 2253353.186579072}, "cmdq": 0, "read": {"device_start": -1, "device_end": -1}}, "FFC_sans_bias11": {"write": {"device_start": -1, "host_queued_start": 1585585578.910495, "device_queued": -1, "device_end": -1, "host_queued_end": 1585585578.926247}, "device": "cpu", "nd_range": {"device_start": 2253353.129062708, "device_end": 2253353.138790721}, "cmdq": 1, "read": {"device_start": -1, "device_end": -1}}, "FFC_sans_bias10": {"write": {"device_start": -1, "host_queued_start": 1585585578.90942, "device_queued": -1, "device_end": -1, "host_queued_end": 1585585578.926247}, "device": "cpu", "nd_range": {"device_start": 2253353.1330006053, "device_end": 2253353.141145913}, "cmdq": 0, "read": {"device_start": -1, "device_end": -1}}, "coalesced_transpose3": {"write": {"device_start": -1, "host_queued_start": 1585585578.917159, "device_queued": -1, "device_end": -1, "host_queued_end": 1585585578.926247}, "device": "cpu", "nd_range": {"device_start": 2253353.1677281763, "device_end": 2253353.167938367}, "cmdq": 0, "read": {"device_start": -1, "device_end": -1}}, "FFC_sans_bias34": {"write": {"device_start": -1, "host_queued_start": 1585585578.926199, "device_queued": -1, "device_end": -1, "host_queued_end": 1585585578.926247}, "device": "cpu", "nd_range": {"device_start": 2253353.220458907, "device_end": 2253353.225728467}, "cmdq": 1, "read": {"device_start": -1, "device_end": -1}}, "FFC_sans_bias15": {"write": {"device_start": -1, "host_queued_start": 1585585578.921428, "device_queued": -1, "device_end": -1, "host_queued_end": 1585585578.926247}, "device": "cpu", "nd_range": {"device_start": 2253353.185933892, "device_end": 2253353.193656553}, "cmdq": 1, "read": {"device_start": -1, "device_end": -1}}, "FFC_sans_bias31": {"write": {"device_start": -1, "host_queued_start": 1585585578.919554, "device_queued": -1, "device_end": -1, "host_queued_end": 1585585578.926247}, "device": "cpu", "nd_range": {"device_start": 2253353.1759377643, "device_end": 2253353.185397215}, "cmdq": 1, "read": {"device_start": -1, "device_end": -1}}, "FFC_sans_bias16": {"write": {"device_start": -1, "host_queued_start": 1585585578.924221, "device_queued": -1, "device_end": -1, "host_queued_end": 1585585578.926247}, "device": "cpu", "nd_range": {"device_start": 2253353.205408108, "device_end": 2253353.220451549}, "cmdq": 1, "read": {"device_start": -1, "device_end": -1}}, "FFC_sans_bias19": {"write": {"device_start": -1, "host_queued_start": 1585585578.912599, "device_queued": -1, "device_end": -1, "host_queued_end": 1585585578.926247}, "device": "cpu", "nd_range": {"device_start": 2253353.140641192, "device_end": 2253353.147609651}, "cmdq": 1, "read": {"device_start": -1, "device_end": -1}}, "FFC_sans_bias18": {"write": {"device_start": -1, "host_queued_start": 1585585578.911552, "device_queued": -1, "device_end": -1, "host_queued_end": 1585585578.926247}, "device": "cpu", "nd_range": {"device_start": 2253353.1412638933, "device_end": 2253353.1518072602}, "cmdq": 0, "read": {"device_start": -1, "device_end": -1}}, "coalesced_transpose30": {"write": {"device_start": -1, "host_queued_start": 1585585578.918154, "device_queued": -1, "device_end": -1, "host_queued_end": 1585585578.926247}, "device": "cpu", "nd_range": {"device_start": 2253353.1677378872, "device_end": 2253353.167945777}, "cmdq": 1, "read": {"device_start": -1, "device_end": -1}}, "empty26": {"write": {"device_start": -1, "host_queued_start": 1585585578.903379, "device_queued": -1, "device_end": -1, "host_queued_end": 1585585578.926247}, "device": "cpu", "nd_range": {"device_start": 2253353.115898727, "device_end": 2253353.115899931}, "cmdq": 0, "read": {"device_start": -1, "device_end": -1}}, "coalesced_transpose12": {"write": {"device_start": -1, "host_queued_start": 1585585578.917494, "device_queued": -1, "device_end": -1, "host_queued_end": 1585585578.926247}, "device": "cpu", "nd_range": {"device_start": 2253353.166320376, "device_end": 2253353.166567861}, "cmdq": 1, "read": {"device_start": -1, "device_end": -1}}, "coalesced_transpose21": {"write": {"device_start": -1, "host_queued_start": 1585585578.917824, "device_queued": -1, "device_end": -1, "host_queued_end": 1585585578.926247}, "device": "cpu", "nd_range": {"device_start": 2253353.168087779, "device_end": 2253353.1683413303}, "cmdq": 0, "read": {"device_start": -1, "device_end": -1}}, "softmax14": {"write": {"device_start": -1, "host_queued_start": 1585585578.920103, "device_queued": -1, "device_end": -1, "host_queued_end": 1585585578.926247}, "device": "cpu", "nd_range": {"device_start": 2253353.1855147453, "device_end": 2253353.185734158}, "cmdq": 1, "read": {"device_start": -1, "device_end": -1}}, "FFC_sans_bias13": {"write": {"device_start": -1, "host_queued_start": 1585585578.918871, "device_queued": -1, "device_end": -1, "host_queued_end": 1585585578.926247}, "device": "cpu", "nd_range": {"device_start": 2253353.1679857844, "device_end": 2253353.175814602}, "cmdq": 1, "read": {"device_start": -1, "device_end": -1}}, "empty8": {"write": {"device_start": -1, "host_queued_start": 1585585578.901478, "device_queued": -1, "device_end": -1, "host_queued_end": 1585585578.926247}, "device": "cpu", "nd_range": {"device_start": 2253353.115865616, "device_end": 2253353.115877577}, "cmdq": 0, "read": {"device_start": -1, "device_end": -1}}, "softmax32": {"write": {"device_start": -1, "host_queued_start": 1585585578.920752, "device_queued": -1, "device_end": -1, "host_queued_end": 1585585578.926247}, "device": "cpu", "nd_range": {"device_start": 2253353.1858422183, "device_end": 2253353.185922524}, "cmdq": 1, "read": {"device_start": -1, "device_end": -1}}, "FFC_sans_bias33": {"write": {"device_start": -1, "host_queued_start": 1585585578.922106, "device_queued": -1, "device_end": -1, "host_queued_end": 1585585578.926247}, "device": "cpu", "nd_range": {"device_start": 2253353.193691824, "device_end": 2253353.2053976003}, "cmdq": 1, "read": {"device_start": -1, "device_end": -1}}, "FFC_sans_bias24": {"write": {"device_start": -1, "host_queued_start": 1585585578.921766, "device_queued": -1, "device_end": -1, "host_queued_end": 1585585578.926247}, "device": "cpu", "nd_range": {"device_start": 2253353.2044370663, "device_end": 2253353.214681229}, "cmdq": 0, "read": {"device_start": -1, "device_end": -1}}, "FFC_sans_bias25": {"write": {"device_start": -1, "host_queued_start": 1585585578.92521, "device_queued": -1, "device_end": -1, "host_queued_end": 1585585578.926247}, "device": "cpu", "nd_range": {"device_start": 2253353.222358601, "device_end": 2253353.2367023253}, "cmdq": 0, "read": {"device_start": -1, "device_end": -1}}, "FFC_sans_bias27": {"write": {"device_start": -1, "host_queued_start": 1585585578.91473, "device_queued": -1, "device_end": -1, "host_queued_end": 1585585578.926247}, "device": "cpu", "nd_range": {"device_start": 2253353.147959987, "device_end": 2253353.156768056}, "cmdq": 1, "read": {"device_start": -1, "device_end": -1}}, "FFC_sans_bias20": {"write": {"device_start": -1, "host_queued_start": 1585585578.913651, "device_queued": -1, "device_end": -1, "host_queued_end": 1585585578.926247}, "device": "cpu", "nd_range": {"device_start": 2253353.151922768, "device_end": 2253353.159099771}, "cmdq": 0, "read": {"device_start": -1, "device_end": -1}}, "FFC_sans_bias22": {"write": {"device_start": -1, "host_queued_start": 1585585578.919212, "device_queued": -1, "device_end": -1, "host_queued_end": 1585585578.926247}, "device": "cpu", "nd_range": {"device_start": 2253353.1776722223, "device_end": 2253353.1859204643}, "cmdq": 0, "read": {"device_start": -1, "device_end": -1}}, "softmax5": {"write": {"device_start": -1, "host_queued_start": 1585585578.919831, "device_queued": -1, "device_end": -1, "host_queued_end": 1585585578.926247}, "device": "cpu", "nd_range": {"device_start": 2253353.186059826, "device_end": 2253353.186266739}, "cmdq": 0, "read": {"device_start": -1, "device_end": -1}}, "FFC_sans_bias28": {"write": {"device_start": -1, "host_queued_start": 1585585578.91577, "device_queued": -1, "device_end": -1, "host_queued_end": 1585585578.926247}, "device": "cpu", "nd_range": {"device_start": 2253353.159210332, "device_end": 2253353.167714804}, "cmdq": 0, "read": {"device_start": -1, "device_end": -1}}, "FFC_sans_bias29": {"write": {"device_start": -1, "host_queued_start": 1585585578.916823, "device_queued": -1, "device_end": -1, "host_queued_end": 1585585578.926247}, "device": "cpu", "nd_range": {"device_start": 2253353.157598685, "device_end": 2253353.16589483}, "cmdq": 1, "read": {"device_start": -1, "device_end": -1}}, "empty17": {"write": {"device_start": -1, "host_queued_start": 1585585578.902494, "device_queued": -1, "device_end": -1, "host_queued_end": 1585585578.926247}, "device": "cpu", "nd_range": {"device_start": 2253353.115865554, "device_end": 2253353.1158775613}, "cmdq": 1, "read": {"device_start": -1, "device_end": -1}}, "empty35": {"write": {"device_start": -1, "host_queued_start": 1585585578.904185, "device_queued": -1, "device_end": -1, "host_queued_end": 1585585578.926247}, "device": "cpu", "nd_range": {"device_start": 2253353.115898639, "device_end": 2253353.115899588}, "cmdq": 1, "read": {"device_start": -1, "device_end": -1}}}