{"FFC_sans_bias4": {"write": {"device_start": -1, "host_queued_start": 1585585646.123528, "device_queued": -1, "device_end": -1, "host_queued_end": 1585585646.131264}, "device": "cpu", "nd_range": {"device_start": 2253420.3805568833, "device_end": 2253420.3956509964}, "cmdq": 0, "read": {"device_start": -1, "device_end": -1}}, "FFC_sans_bias7": {"write": {"device_start": -1, "host_queued_start": 1585585646.128207, "device_queued": -1, "device_end": -1, "host_queued_end": 1585585646.131264}, "device": "cpu", "nd_range": {"device_start": 2253420.4266332, "device_end": 2253420.4305567984}, "cmdq": 0, "read": {"device_start": -1, "device_end": -1}}, "FFC_sans_bias6": {"write": {"device_start": -1, "host_queued_start": 1585585646.126097, "device_queued": -1, "device_end": -1, "host_queued_end": 1585585646.131264}, "device": "cpu", "nd_range": {"device_start": 2253420.408825005, "device_end": 2253420.42224038}, "cmdq": 0, "read": {"device_start": -1, "device_end": -1}}, "FFC_sans_bias1": {"write": {"device_start": -1, "host_queued_start": 1585585646.111189, "device_queued": -1, "device_end": -1, "host_queued_end": 1585585646.131264}, "device": "cpu", "nd_range": {"device_start": 2253420.320920682, "device_end": 2253420.329060718}, "cmdq": 1, "read": {"device_start": -1, "device_end": -1}}, "FFC_sans_bias0": {"write": {"device_start": -1, "host_queued_start": 1585585646.110087, "device_queued": -1, "device_end": -1, "host_queued_end": 1585585646.131264}, "device": "cpu", "nd_range": {"device_start": 2253420.3209222034, "device_end": 2253420.3287572563}, "cmdq": 0, "read": {"device_start": -1, "device_end": -1}}, "FFC_sans_bias2": {"write": {"device_start": -1, "host_queued_start": 1585585646.112269, "device_queued": -1, "device_end": -1, "host_queued_end": 1585585646.131264}, "device": "cpu", "nd_range": {"device_start": 2253420.328871774, "device_end": 2253420.33645847}, "cmdq": 0, "read": {"device_start": -1, "device_end": -1}}, "FFC_sans_bias9": {"write": {"device_start": -1, "host_queued_start": 1585585646.113336, "device_queued": -1, "device_end": -1, "host_queued_end": 1585585646.131264}, "device": "cpu", "nd_range": {"device_start": 2253420.32906781, "device_end": 2253420.3366586682}, "cmdq": 1, "read": {"device_start": -1, "device_end": -1}}, "softmax23": {"write": {"device_start": -1, "host_queued_start": 1585585646.125382, "device_queued": -1, "device_end": -1, "host_queued_end": 1585585646.131264}, "device": "cpu", "nd_range": {"device_start": 2253420.408507034, "device_end": 2253420.408819668}, "cmdq": 0, "read": {"device_start": -1, "device_end": -1}}, "FFC_sans_bias11": {"write": {"device_start": -1, "host_queued_start": 1585585646.11551, "device_queued": -1, "device_end": -1, "host_queued_end": 1585585646.131264}, "device": "cpu", "nd_range": {"device_start": 2253420.336664001, "device_end": 2253420.3425858463}, "cmdq": 1, "read": {"device_start": -1, "device_end": -1}}, "FFC_sans_bias10": {"write": {"device_start": -1, "host_queued_start": 1585585646.1144, "device_queued": -1, "device_end": -1, "host_queued_end": 1585585646.131264}, "device": "cpu", "nd_range": {"device_start": 2253420.339851615, "device_end": 2253420.347208702}, "cmdq": 0, "read": {"device_start": -1, "device_end": -1}}, "coalesced_transpose3": {"write": {"device_start": -1, "host_queued_start": 1585585646.122158, "device_queued": -1, "device_end": -1, "host_queued_end": 1585585646.131264}, "device": "cpu", "nd_range": {"device_start": 2253420.379551539, "device_end": 2253420.379830825}, "cmdq": 0, "read": {"device_start": -1, "device_end": -1}}, "FFC_sans_bias34": {"write": {"device_start": -1, "host_queued_start": 1585585646.131218, "device_queued": -1, "device_end": -1, "host_queued_end": 1585585646.131264}, "device": "cpu", "nd_range": {"device_start": 2253420.41521738, "device_end": 2253420.420565733}, "cmdq": 1, "read": {"device_start": -1, "device_end": -1}}, "FFC_sans_bias15": {"write": {"device_start": -1, "host_queued_start": 1585585646.126441, "device_queued": -1, "device_end": -1, "host_queued_end": 1585585646.131264}, "device": "cpu", "nd_range": {"device_start": 2253420.393506851, "device_end": 2253420.401640527}, "cmdq": 1, "read": {"device_start": -1, "device_end": -1}}, "FFC_sans_bias31": {"write": {"device_start": -1, "host_queued_start": 1585585646.124558, "device_queued": -1, "device_end": -1, "host_queued_end": 1585585646.131264}, "device": "cpu", "nd_range": {"device_start": 2253420.386606554, "device_end": 2253420.392957753}, "cmdq": 1, "read": {"device_start": -1, "device_end": -1}}, "FFC_sans_bias16": {"write": {"device_start": -1, "host_queued_start": 1585585646.129201, "device_queued": -1, "device_end": -1, "host_queued_end": 1585585646.131264}, "device": "cpu", "nd_range": {"device_start": 2253420.407336771, "device_end": 2253420.415213683}, "cmdq": 1, "read": {"device_start": -1, "device_end": -1}}, "FFC_sans_bias19": {"write": {"device_start": -1, "host_queued_start": 1585585646.117624, "device_queued": -1, "device_end": -1, "host_queued_end": 1585585646.131264}, "device": "cpu", "nd_range": {"device_start": 2253420.342591375, "device_end": 2253420.350656692}, "cmdq": 1, "read": {"device_start": -1, "device_end": -1}}, "FFC_sans_bias18": {"write": {"device_start": -1, "host_queued_start": 1585585646.116581, "device_queued": -1, "device_end": -1, "host_queued_end": 1585585646.131264}, "device": "cpu", "nd_range": {"device_start": 2253420.347217006, "device_end": 2253420.357291892}, "cmdq": 0, "read": {"device_start": -1, "device_end": -1}}, "coalesced_transpose30": {"write": {"device_start": -1, "host_queued_start": 1585585646.123185, "device_queued": -1, "device_end": -1, "host_queued_end": 1585585646.131264}, "device": "cpu", "nd_range": {"device_start": 2253420.3795479382, "device_end": 2253420.379702094}, "cmdq": 1, "read": {"device_start": -1, "device_end": -1}}, "empty26": {"write": {"device_start": -1, "host_queued_start": 1585585646.108131, "device_queued": -1, "device_end": -1, "host_queued_end": 1585585646.131264}, "device": "cpu", "nd_range": {"device_start": 2253420.3209144343, "device_end": 2253420.3209154983}, "cmdq": 0, "read": {"device_start": -1, "device_end": -1}}, "coalesced_transpose12": {"write": {"device_start": -1, "host_queued_start": 1585585646.122493, "device_queued": -1, "device_end": -1, "host_queued_end": 1585585646.131264}, "device": "cpu", "nd_range": {"device_start": 2253420.367820072, "device_end": 2253420.367923222}, "cmdq": 1, "read": {"device_start": -1, "device_end": -1}}, "coalesced_transpose21": {"write": {"device_start": -1, "host_queued_start": 1585585646.122855, "device_queued": -1, "device_end": -1, "host_queued_end": 1585585646.131264}, "device": "cpu", "nd_range": {"device_start": 2253420.379950791, "device_end": 2253420.380195164}, "cmdq": 0, "read": {"device_start": -1, "device_end": -1}}, "softmax14": {"write": {"device_start": -1, "host_queued_start": 1585585646.125107, "device_queued": -1, "device_end": -1, "host_queued_end": 1585585646.131264}, "device": "cpu", "nd_range": {"device_start": 2253420.392964395, "device_end": 2253420.39314243}, "cmdq": 1, "read": {"device_start": -1, "device_end": -1}}, "FFC_sans_bias13": {"write": {"device_start": -1, "host_queued_start": 1585585646.123872, "device_queued": -1, "device_end": -1, "host_queued_end": 1585585646.131264}, "device": "cpu", "nd_range": {"device_start": 2253420.379827299, "device_end": 2253420.3864878593}, "cmdq": 1, "read": {"device_start": -1, "device_end": -1}}, "empty8": {"write": {"device_start": -1, "host_queued_start": 1585585646.106027, "device_queued": -1, "device_end": -1, "host_queued_end": 1585585646.131264}, "device": "cpu", "nd_range": {"device_start": 2253420.3208833123, "device_end": 2253420.320894925}, "cmdq": 0, "read": {"device_start": -1, "device_end": -1}}, "softmax32": {"write": {"device_start": -1, "host_queued_start": 1585585646.125757, "device_queued": -1, "device_end": -1, "host_queued_end": 1585585646.131264}, "device": "cpu", "nd_range": {"device_start": 2253420.393275036, "device_end": 2253420.3933823523}, "cmdq": 1, "read": {"device_start": -1, "device_end": -1}}, "FFC_sans_bias33": {"write": {"device_start": -1, "host_queued_start": 1585585646.127154, "device_queued": -1, "device_end": -1, "host_queued_end": 1585585646.131264}, "device": "cpu", "nd_range": {"device_start": 2253420.4017533213, "device_end": 2253420.407329391}, "cmdq": 1, "read": {"device_start": -1, "device_end": -1}}, "FFC_sans_bias24": {"write": {"device_start": -1, "host_queued_start": 1585585646.126805, "device_queued": -1, "device_end": -1, "host_queued_end": 1585585646.131264}, "device": "cpu", "nd_range": {"device_start": 2253420.422245493, "device_end": 2253420.426627602}, "cmdq": 0, "read": {"device_start": -1, "device_end": -1}}, "FFC_sans_bias25": {"write": {"device_start": -1, "host_queued_start": 1585585646.130198, "device_queued": -1, "device_end": -1, "host_queued_end": 1585585646.131264}, "device": "cpu", "nd_range": {"device_start": 2253420.430559563, "device_end": 2253420.4345896663}, "cmdq": 0, "read": {"device_start": -1, "device_end": -1}}, "FFC_sans_bias27": {"write": {"device_start": -1, "host_queued_start": 1585585646.119739, "device_queued": -1, "device_end": -1, "host_queued_end": 1585585646.131264}, "device": "cpu", "nd_range": {"device_start": 2253420.350785051, "device_end": 2253420.3603129843}, "cmdq": 1, "read": {"device_start": -1, "device_end": -1}}, "FFC_sans_bias20": {"write": {"device_start": -1, "host_queued_start": 1585585646.118699, "device_queued": -1, "device_end": -1, "host_queued_end": 1585585646.131264}, "device": "cpu", "nd_range": {"device_start": 2253420.357298016, "device_end": 2253420.3651419394}, "cmdq": 0, "read": {"device_start": -1, "device_end": -1}}, "FFC_sans_bias22": {"write": {"device_start": -1, "host_queued_start": 1585585646.124213, "device_queued": -1, "device_end": -1, "host_queued_end": 1585585646.131264}, "device": "cpu", "nd_range": {"device_start": 2253420.3956589103, "device_end": 2253420.401865519}, "cmdq": 0, "read": {"device_start": -1, "device_end": -1}}, "softmax5": {"write": {"device_start": -1, "host_queued_start": 1585585646.124833, "device_queued": -1, "device_end": -1, "host_queued_end": 1585585646.131264}, "device": "cpu", "nd_range": {"device_start": 2253420.401870746, "device_end": 2253420.408500596}, "cmdq": 0, "read": {"device_start": -1, "device_end": -1}}, "FFC_sans_bias28": {"write": {"device_start": -1, "host_queued_start": 1585585646.120777, "device_queued": -1, "device_end": -1, "host_queued_end": 1585585646.131264}, "device": "cpu", "nd_range": {"device_start": 2253420.371874481, "device_end": 2253420.3795312}, "cmdq": 0, "read": {"device_start": -1, "device_end": -1}}, "FFC_sans_bias29": {"write": {"device_start": -1, "host_queued_start": 1585585646.12182, "device_queued": -1, "device_end": -1, "host_queued_end": 1585585646.131264}, "device": "cpu", "nd_range": {"device_start": 2253420.360429753, "device_end": 2253420.3676977423}, "cmdq": 1, "read": {"device_start": -1, "device_end": -1}}, "empty17": {"write": {"device_start": -1, "host_queued_start": 1585585646.107157, "device_queued": -1, "device_end": -1, "host_queued_end": 1585585646.131264}, "device": "cpu", "nd_range": {"device_start": 2253420.320883364, "device_end": 2253420.320894908}, "cmdq": 1, "read": {"device_start": -1, "device_end": -1}}, "empty35": {"write": {"device_start": -1, "host_queued_start": 1585585646.109055, "device_queued": -1, "device_end": -1, "host_queued_end": 1585585646.131264}, "device": "cpu", "nd_range": {"device_start": 2253420.32091451, "device_end": 2253420.320915494}, "cmdq": 1, "read": {"device_start": -1, "device_end": -1}}}