{"FFC_sans_bias4": {"write": {"device_start": -1, "host_queued_start": 1585585471.478472, "device_queued": -1, "device_end": -1, "host_queued_end": 1585585471.486146}, "device": "cpu", "nd_range": {"device_start": 2253245.724501655, "device_end": 2253245.739737763}, "cmdq": 0, "read": {"device_start": -1, "device_end": -1}}, "FFC_sans_bias7": {"write": {"device_start": -1, "host_queued_start": 1585585471.483126, "device_queued": -1, "device_end": -1, "host_queued_end": 1585585471.486146}, "device": "cpu", "nd_range": {"device_start": 2253245.757557591, "device_end": 2253245.771934982}, "cmdq": 0, "read": {"device_start": -1, "device_end": -1}}, "FFC_sans_bias6": {"write": {"device_start": -1, "host_queued_start": 1585585471.481036, "device_queued": -1, "device_end": -1, "host_queued_end": 1585585471.486146}, "device": "cpu", "nd_range": {"device_start": 2253245.740090738, "device_end": 2253245.7574450523}, "cmdq": 0, "read": {"device_start": -1, "device_end": -1}}, "FFC_sans_bias1": {"write": {"device_start": -1, "host_queued_start": 1585585471.466249, "device_queued": -1, "device_end": -1, "host_queued_end": 1585585471.486146}, "device": "cpu", "nd_range": {"device_start": 2253245.675797262, "device_end": 2253245.6913445303}, "cmdq": 1, "read": {"device_start": -1, "device_end": -1}}, "FFC_sans_bias0": {"write": {"device_start": -1, "host_queued_start": 1585585471.465207, "device_queued": -1, "device_end": -1, "host_queued_end": 1585585471.486146}, "device": "cpu", "nd_range": {"device_start": 2253245.6757969894, "device_end": 2253245.693130835}, "cmdq": 0, "read": {"device_start": -1, "device_end": -1}}, "FFC_sans_bias2": {"write": {"device_start": -1, "host_queued_start": 1585585471.467323, "device_queued": -1, "device_end": -1, "host_queued_end": 1585585471.486146}, "device": "cpu", "nd_range": {"device_start": 2253245.6758816973, "device_end": 2253245.691365961}, "cmdq": 2, "read": {"device_start": -1, "device_end": -1}}, "FFC_sans_bias9": {"write": {"device_start": -1, "host_queued_start": 1585585471.468367, "device_queued": -1, "device_end": -1, "host_queued_end": 1585585471.486146}, "device": "cpu", "nd_range": {"device_start": 2253245.676261985, "device_end": 2253245.691485439}, "cmdq": 3, "read": {"device_start": -1, "device_end": -1}}, "softmax23": {"write": {"device_start": -1, "host_queued_start": 1585585471.480412, "device_queued": -1, "device_end": -1, "host_queued_end": 1585585471.486146}, "device": "cpu", "nd_range": {"device_start": 2253245.7380819963, "device_end": 2253245.7383020134}, "cmdq": 2, "read": {"device_start": -1, "device_end": -1}}, "FFC_sans_bias11": {"write": {"device_start": -1, "host_queued_start": 1585585471.470456, "device_queued": -1, "device_end": -1, "host_queued_end": 1585585471.486146}, "device": "cpu", "nd_range": {"device_start": 2253245.694886187, "device_end": 2253245.71927115}, "cmdq": 1, "read": {"device_start": -1, "device_end": -1}}, "FFC_sans_bias10": {"write": {"device_start": -1, "host_queued_start": 1585585471.469408, "device_queued": -1, "device_end": -1, "host_queued_end": 1585585471.486146}, "device": "cpu", "nd_range": {"device_start": 2253245.6932639712, "device_end": 2253245.709260457}, "cmdq": 0, "read": {"device_start": -1, "device_end": -1}}, "coalesced_transpose3": {"write": {"device_start": -1, "host_queued_start": 1585585471.477144, "device_queued": -1, "device_end": -1, "host_queued_end": 1585585471.486146}, "device": "cpu", "nd_range": {"device_start": 2253245.72414836, "device_end": 2253245.724394575}, "cmdq": 0, "read": {"device_start": -1, "device_end": -1}}, "FFC_sans_bias34": {"write": {"device_start": -1, "host_queued_start": 1585585471.486101, "device_queued": -1, "device_end": -1, "host_queued_end": 1585585471.486146}, "device": "cpu", "nd_range": {"device_start": 2253245.7553788503, "device_end": 2253245.77057422}, "cmdq": 3, "read": {"device_start": -1, "device_end": -1}}, "FFC_sans_bias15": {"write": {"device_start": -1, "host_queued_start": 1585585471.481378, "device_queued": -1, "device_end": -1, "host_queued_end": 1585585471.486146}, "device": "cpu", "nd_range": {"device_start": 2253245.773483068, "device_end": 2253245.777935766}, "cmdq": 1, "read": {"device_start": -1, "device_end": -1}}, "FFC_sans_bias31": {"write": {"device_start": -1, "host_queued_start": 1585585471.479526, "device_queued": -1, "device_end": -1, "host_queued_end": 1585585471.486146}, "device": "cpu", "nd_range": {"device_start": 2253245.723935522, "device_end": 2253245.739353672}, "cmdq": 3, "read": {"device_start": -1, "device_end": -1}}, "FFC_sans_bias16": {"write": {"device_start": -1, "host_queued_start": 1585585471.484111, "device_queued": -1, "device_end": -1, "host_queued_end": 1585585471.486146}, "device": "cpu", "nd_range": {"device_start": 2253245.777941598, "device_end": 2253245.7830902063}, "cmdq": 1, "read": {"device_start": -1, "device_end": -1}}, "FFC_sans_bias19": {"write": {"device_start": -1, "host_queued_start": 1585585471.472577, "device_queued": -1, "device_end": -1, "host_queued_end": 1585585471.486146}, "device": "cpu", "nd_range": {"device_start": 2253245.691639297, "device_end": 2253245.706815637}, "cmdq": 3, "read": {"device_start": -1, "device_end": -1}}, "FFC_sans_bias18": {"write": {"device_start": -1, "host_queued_start": 1585585471.471538, "device_queued": -1, "device_end": -1, "host_queued_end": 1585585471.486146}, "device": "cpu", "nd_range": {"device_start": 2253245.69139427, "device_end": 2253245.7067482453}, "cmdq": 2, "read": {"device_start": -1, "device_end": -1}}, "coalesced_transpose30": {"write": {"device_start": -1, "host_queued_start": 1585585471.478132, "device_queued": -1, "device_end": -1, "host_queued_end": 1585585471.486146}, "device": "cpu", "nd_range": {"device_start": 2253245.723580651, "device_end": 2253245.72382082}, "cmdq": 3, "read": {"device_start": -1, "device_end": -1}}, "empty26": {"write": {"device_start": -1, "host_queued_start": 1585585471.463376, "device_queued": -1, "device_end": -1, "host_queued_end": 1585585471.486146}, "device": "cpu", "nd_range": {"device_start": 2253245.6758273994, "device_end": 2253245.6758322143}, "cmdq": 2, "read": {"device_start": -1, "device_end": -1}}, "coalesced_transpose12": {"write": {"device_start": -1, "host_queued_start": 1585585471.477473, "device_queued": -1, "device_end": -1, "host_queued_end": 1585585471.486146}, "device": "cpu", "nd_range": {"device_start": 2253245.756199136, "device_end": 2253245.7564528002}, "cmdq": 1, "read": {"device_start": -1, "device_end": -1}}, "coalesced_transpose21": {"write": {"device_start": -1, "host_queued_start": 1585585471.477803, "device_queued": -1, "device_end": -1, "host_queued_end": 1585585471.486146}, "device": "cpu", "nd_range": {"device_start": 2253245.7222708953, "device_end": 2253245.722511516}, "cmdq": 2, "read": {"device_start": -1, "device_end": -1}}, "softmax14": {"write": {"device_start": -1, "host_queued_start": 1585585471.480074, "device_queued": -1, "device_end": -1, "host_queued_end": 1585585471.486146}, "device": "cpu", "nd_range": {"device_start": 2253245.773370081, "device_end": 2253245.773475393}, "cmdq": 1, "read": {"device_start": -1, "device_end": -1}}, "FFC_sans_bias13": {"write": {"device_start": -1, "host_queued_start": 1585585471.478841, "device_queued": -1, "device_end": -1, "host_queued_end": 1585585471.486146}, "device": "cpu", "nd_range": {"device_start": 2253245.7564605162, "device_end": 2253245.773352052}, "cmdq": 1, "read": {"device_start": -1, "device_end": -1}}, "empty8": {"write": {"device_start": -1, "host_queued_start": 1585585471.461464, "device_queued": -1, "device_end": -1, "host_queued_end": 1585585471.486146}, "device": "cpu", "nd_range": {"device_start": 2253245.67576459, "device_end": 2253245.675775397}, "cmdq": 0, "read": {"device_start": -1, "device_end": -1}}, "softmax32": {"write": {"device_start": -1, "host_queued_start": 1585585471.4807, "device_queued": -1, "device_end": -1, "host_queued_end": 1585585471.486146}, "device": "cpu", "nd_range": {"device_start": 2253245.739467311, "device_end": 2253245.7397042373}, "cmdq": 3, "read": {"device_start": -1, "device_end": -1}}, "FFC_sans_bias33": {"write": {"device_start": -1, "host_queued_start": 1585585471.482058, "device_queued": -1, "device_end": -1, "host_queued_end": 1585585471.486146}, "device": "cpu", "nd_range": {"device_start": 2253245.7399227093, "device_end": 2253245.7552627623}, "cmdq": 3, "read": {"device_start": -1, "device_end": -1}}, "FFC_sans_bias24": {"write": {"device_start": -1, "host_queued_start": 1585585471.481718, "device_queued": -1, "device_end": -1, "host_queued_end": 1585585471.486146}, "device": "cpu", "nd_range": {"device_start": 2253245.7384103253, "device_end": 2253245.753673276}, "cmdq": 2, "read": {"device_start": -1, "device_end": -1}}, "FFC_sans_bias25": {"write": {"device_start": -1, "host_queued_start": 1585585471.485101, "device_queued": -1, "device_end": -1, "host_queued_end": 1585585471.486146}, "device": "cpu", "nd_range": {"device_start": 2253245.753787998, "device_end": 2253245.7689957353}, "cmdq": 2, "read": {"device_start": -1, "device_end": -1}}, "FFC_sans_bias27": {"write": {"device_start": -1, "host_queued_start": 1585585471.474723, "device_queued": -1, "device_end": -1, "host_queued_end": 1585585471.486146}, "device": "cpu", "nd_range": {"device_start": 2253245.725537852, "device_end": 2253245.747271369}, "cmdq": 1, "read": {"device_start": -1, "device_end": -1}}, "FFC_sans_bias20": {"write": {"device_start": -1, "host_queued_start": 1585585471.473656, "device_queued": -1, "device_end": -1, "host_queued_end": 1585585471.486146}, "device": "cpu", "nd_range": {"device_start": 2253245.7093807734, "device_end": 2253245.7240266153}, "cmdq": 0, "read": {"device_start": -1, "device_end": -1}}, "FFC_sans_bias22": {"write": {"device_start": -1, "host_queued_start": 1585585471.479185, "device_queued": -1, "device_end": -1, "host_queued_end": 1585585471.486146}, "device": "cpu", "nd_range": {"device_start": 2253245.722622874, "device_end": 2253245.737956981}, "cmdq": 2, "read": {"device_start": -1, "device_end": -1}}, "softmax5": {"write": {"device_start": -1, "host_queued_start": 1585585471.479803, "device_queued": -1, "device_end": -1, "host_queued_end": 1585585471.486146}, "device": "cpu", "nd_range": {"device_start": 2253245.739750552, "device_end": 2253245.739972736}, "cmdq": 0, "read": {"device_start": -1, "device_end": -1}}, "FFC_sans_bias28": {"write": {"device_start": -1, "host_queued_start": 1585585471.475762, "device_queued": -1, "device_end": -1, "host_queued_end": 1585585471.486146}, "device": "cpu", "nd_range": {"device_start": 2253245.706971414, "device_end": 2253245.722155441}, "cmdq": 2, "read": {"device_start": -1, "device_end": -1}}, "FFC_sans_bias29": {"write": {"device_start": -1, "host_queued_start": 1585585471.47681, "device_queued": -1, "device_end": -1, "host_queued_end": 1585585471.486146}, "device": "cpu", "nd_range": {"device_start": 2253245.706830819, "device_end": 2253245.7220339742}, "cmdq": 3, "read": {"device_start": -1, "device_end": -1}}, "empty17": {"write": {"device_start": -1, "host_queued_start": 1585585471.462485, "device_queued": -1, "device_end": -1, "host_queued_end": 1585585471.486146}, "device": "cpu", "nd_range": {"device_start": 2253245.6757620233, "device_end": 2253245.6757753952}, "cmdq": 1, "read": {"device_start": -1, "device_end": -1}}, "empty35": {"write": {"device_start": -1, "host_queued_start": 1585585471.46421, "device_queued": -1, "device_end": -1, "host_queued_end": 1585585471.486146}, "device": "cpu", "nd_range": {"device_start": 2253245.6761407093, "device_end": 2253245.676144342}, "cmdq": 3, "read": {"device_start": -1, "device_end": -1}}}