{"FFC_sans_bias4": {"write": {"device_start": -1, "host_queued_start": 1585585511.730548, "device_queued": -1, "device_end": -1, "host_queued_end": 1585585511.738279}, "device": "cpu", "nd_range": {"device_start": 2253285.993698827, "device_end": 2253286.006706201}, "cmdq": 0, "read": {"device_start": -1, "device_end": -1}}, "FFC_sans_bias7": {"write": {"device_start": -1, "host_queued_start": 1585585511.735251, "device_queued": -1, "device_end": -1, "host_queued_end": 1585585511.738279}, "device": "cpu", "nd_range": {"device_start": 2253286.0391790112, "device_end": 2253286.0489446362}, "cmdq": 0, "read": {"device_start": -1, "device_end": -1}}, "FFC_sans_bias6": {"write": {"device_start": -1, "host_queued_start": 1585585511.733172, "device_queued": -1, "device_end": -1, "host_queued_end": 1585585511.738279}, "device": "cpu", "nd_range": {"device_start": 2253286.019157988, "device_end": 2253286.026306528}, "cmdq": 0, "read": {"device_start": -1, "device_end": -1}}, "FFC_sans_bias1": {"write": {"device_start": -1, "host_queued_start": 1585585511.718238, "device_queued": -1, "device_end": -1, "host_queued_end": 1585585511.738279}, "device": "cpu", "nd_range": {"device_start": 2253285.927938218, "device_end": 2253285.935950681}, "cmdq": 1, "read": {"device_start": -1, "device_end": -1}}, "FFC_sans_bias0": {"write": {"device_start": -1, "host_queued_start": 1585585511.717186, "device_queued": -1, "device_end": -1, "host_queued_end": 1585585511.738279}, "device": "cpu", "nd_range": {"device_start": 2253285.927937868, "device_end": 2253285.937148205}, "cmdq": 0, "read": {"device_start": -1, "device_end": -1}}, "FFC_sans_bias2": {"write": {"device_start": -1, "host_queued_start": 1585585511.71935, "device_queued": -1, "device_end": -1, "host_queued_end": 1585585511.738279}, "device": "cpu", "nd_range": {"device_start": 2253285.938214842, "device_end": 2253285.9458807074}, "cmdq": 0, "read": {"device_start": -1, "device_end": -1}}, "FFC_sans_bias9": {"write": {"device_start": -1, "host_queued_start": 1585585511.720395, "device_queued": -1, "device_end": -1, "host_queued_end": 1585585511.738279}, "device": "cpu", "nd_range": {"device_start": 2253285.936101011, "device_end": 2253285.9408652293}, "cmdq": 1, "read": {"device_start": -1, "device_end": -1}}, "softmax23": {"write": {"device_start": -1, "host_queued_start": 1585585511.732442, "device_queued": -1, "device_end": -1, "host_queued_end": 1585585511.738279}, "device": "cpu", "nd_range": {"device_start": 2253286.0189492903, "device_end": 2253286.0191527023}, "cmdq": 0, "read": {"device_start": -1, "device_end": -1}}, "FFC_sans_bias11": {"write": {"device_start": -1, "host_queued_start": 1585585511.722517, "device_queued": -1, "device_end": -1, "host_queued_end": 1585585511.738279}, "device": "cpu", "nd_range": {"device_start": 2253285.9409823823, "device_end": 2253285.948512996}, "cmdq": 1, "read": {"device_start": -1, "device_end": -1}}, "FFC_sans_bias10": {"write": {"device_start": -1, "host_queued_start": 1585585511.721439, "device_queued": -1, "device_end": -1, "host_queued_end": 1585585511.738279}, "device": "cpu", "nd_range": {"device_start": 2253285.951538638, "device_end": 2253285.958437173}, "cmdq": 0, "read": {"device_start": -1, "device_end": -1}}, "coalesced_transpose3": {"write": {"device_start": -1, "host_queued_start": 1585585511.729197, "device_queued": -1, "device_end": -1, "host_queued_end": 1585585511.738279}, "device": "cpu", "nd_range": {"device_start": 2253285.99082954, "device_end": 2253285.992092202}, "cmdq": 0, "read": {"device_start": -1, "device_end": -1}}, "FFC_sans_bias34": {"write": {"device_start": -1, "host_queued_start": 1585585511.738231, "device_queued": -1, "device_end": -1, "host_queued_end": 1585585511.738279}, "device": "cpu", "nd_range": {"device_start": 2253286.0306550083, "device_end": 2253286.040158275}, "cmdq": 1, "read": {"device_start": -1, "device_end": -1}}, "FFC_sans_bias15": {"write": {"device_start": -1, "host_queued_start": 1585585511.733519, "device_queued": -1, "device_end": -1, "host_queued_end": 1585585511.738279}, "device": "cpu", "nd_range": {"device_start": 2253286.0082348622, "device_end": 2253286.0155092813}, "cmdq": 1, "read": {"device_start": -1, "device_end": -1}}, "FFC_sans_bias31": {"write": {"device_start": -1, "host_queued_start": 1585585511.731609, "device_queued": -1, "device_end": -1, "host_queued_end": 1585585511.738279}, "device": "cpu", "nd_range": {"device_start": 2253285.996965569, "device_end": 2253286.006706289}, "cmdq": 1, "read": {"device_start": -1, "device_end": -1}}, "FFC_sans_bias16": {"write": {"device_start": -1, "host_queued_start": 1585585511.736244, "device_queued": -1, "device_end": -1, "host_queued_end": 1585585511.738279}, "device": "cpu", "nd_range": {"device_start": 2253286.023951447, "device_end": 2253286.030651449}, "cmdq": 1, "read": {"device_start": -1, "device_end": -1}}, "FFC_sans_bias19": {"write": {"device_start": -1, "host_queued_start": 1585585511.724624, "device_queued": -1, "device_end": -1, "host_queued_end": 1585585511.738279}, "device": "cpu", "nd_range": {"device_start": 2253285.9485189524, "device_end": 2253285.955172163}, "cmdq": 1, "read": {"device_start": -1, "device_end": -1}}, "FFC_sans_bias18": {"write": {"device_start": -1, "host_queued_start": 1585585511.723579, "device_queued": -1, "device_end": -1, "host_queued_end": 1585585511.738279}, "device": "cpu", "nd_range": {"device_start": 2253285.9654598883, "device_end": 2253285.975483071}, "cmdq": 0, "read": {"device_start": -1, "device_end": -1}}, "coalesced_transpose30": {"write": {"device_start": -1, "host_queued_start": 1585585511.730201, "device_queued": -1, "device_end": -1, "host_queued_end": 1585585511.738279}, "device": "cpu", "nd_range": {"device_start": 2253285.990817266, "device_end": 2253285.9909835183}, "cmdq": 1, "read": {"device_start": -1, "device_end": -1}}, "empty26": {"write": {"device_start": -1, "host_queued_start": 1585585511.715415, "device_queued": -1, "device_end": -1, "host_queued_end": 1585585511.738279}, "device": "cpu", "nd_range": {"device_start": 2253285.927930951, "device_end": 2253285.927932315}, "cmdq": 0, "read": {"device_start": -1, "device_end": -1}}, "coalesced_transpose12": {"write": {"device_start": -1, "host_queued_start": 1585585511.729536, "device_queued": -1, "device_end": -1, "host_queued_end": 1585585511.738279}, "device": "cpu", "nd_range": {"device_start": 2253285.969485809, "device_end": 2253285.969725917}, "cmdq": 1, "read": {"device_start": -1, "device_end": -1}}, "coalesced_transpose21": {"write": {"device_start": -1, "host_queued_start": 1585585511.729867, "device_queued": -1, "device_end": -1, "host_queued_end": 1585585511.738279}, "device": "cpu", "nd_range": {"device_start": 2253285.992097766, "device_end": 2253285.993420346}, "cmdq": 0, "read": {"device_start": -1, "device_end": -1}}, "softmax14": {"write": {"device_start": -1, "host_queued_start": 1585585511.732163, "device_queued": -1, "device_end": -1, "host_queued_end": 1585585511.738279}, "device": "cpu", "nd_range": {"device_start": 2253286.0067121373, "device_end": 2253286.007793147}, "cmdq": 1, "read": {"device_start": -1, "device_end": -1}}, "FFC_sans_bias13": {"write": {"device_start": -1, "host_queued_start": 1585585511.730919, "device_queued": -1, "device_end": -1, "host_queued_end": 1585585511.738279}, "device": "cpu", "nd_range": {"device_start": 2253285.991099566, "device_end": 2253285.996845366}, "cmdq": 1, "read": {"device_start": -1, "device_end": -1}}, "empty8": {"write": {"device_start": -1, "host_queued_start": 1585585511.713484, "device_queued": -1, "device_end": -1, "host_queued_end": 1585585511.738279}, "device": "cpu", "nd_range": {"device_start": 2253285.927895932, "device_end": 2253285.927910273}, "cmdq": 0, "read": {"device_start": -1, "device_end": -1}}, "softmax32": {"write": {"device_start": -1, "host_queued_start": 1585585511.732827, "device_queued": -1, "device_end": -1, "host_queued_end": 1585585511.738279}, "device": "cpu", "nd_range": {"device_start": 2253286.007910029, "device_end": 2253286.008124202}, "cmdq": 1, "read": {"device_start": -1, "device_end": -1}}, "FFC_sans_bias33": {"write": {"device_start": -1, "host_queued_start": 1585585511.734201, "device_queued": -1, "device_end": -1, "host_queued_end": 1585585511.738279}, "device": "cpu", "nd_range": {"device_start": 2253286.0156250834, "device_end": 2253286.0239442103}, "cmdq": 1, "read": {"device_start": -1, "device_end": -1}}, "FFC_sans_bias24": {"write": {"device_start": -1, "host_queued_start": 1585585511.73386, "device_queued": -1, "device_end": -1, "host_queued_end": 1585585511.738279}, "device": "cpu", "nd_range": {"device_start": 2253286.0263124784, "device_end": 2253286.039173685}, "cmdq": 0, "read": {"device_start": -1, "device_end": -1}}, "FFC_sans_bias25": {"write": {"device_start": -1, "host_queued_start": 1585585511.737237, "device_queued": -1, "device_end": -1, "host_queued_end": 1585585511.738279}, "device": "cpu", "nd_range": {"device_start": 2253286.048947913, "device_end": 2253286.053044664}, "cmdq": 0, "read": {"device_start": -1, "device_end": -1}}, "FFC_sans_bias27": {"write": {"device_start": -1, "host_queued_start": 1585585511.726763, "device_queued": -1, "device_end": -1, "host_queued_end": 1585585511.738279}, "device": "cpu", "nd_range": {"device_start": 2253285.955291788, "device_end": 2253285.9616823653}, "cmdq": 1, "read": {"device_start": -1, "device_end": -1}}, "FFC_sans_bias20": {"write": {"device_start": -1, "host_queued_start": 1585585511.725684, "device_queued": -1, "device_end": -1, "host_queued_end": 1585585511.738279}, "device": "cpu", "nd_range": {"device_start": 2253285.975489255, "device_end": 2253285.9831455313}, "cmdq": 0, "read": {"device_start": -1, "device_end": -1}}, "FFC_sans_bias22": {"write": {"device_start": -1, "host_queued_start": 1585585511.731262, "device_queued": -1, "device_end": -1, "host_queued_end": 1585585511.738279}, "device": "cpu", "nd_range": {"device_start": 2253286.006713047, "device_end": 2253286.012480388}, "cmdq": 0, "read": {"device_start": -1, "device_end": -1}}, "softmax5": {"write": {"device_start": -1, "host_queued_start": 1585585511.731888, "device_queued": -1, "device_end": -1, "host_queued_end": 1585585511.738279}, "device": "cpu", "nd_range": {"device_start": 2253286.0124867624, "device_end": 2253286.0189101063}, "cmdq": 0, "read": {"device_start": -1, "device_end": -1}}, "FFC_sans_bias28": {"write": {"device_start": -1, "host_queued_start": 1585585511.727809, "device_queued": -1, "device_end": -1, "host_queued_end": 1585585511.738279}, "device": "cpu", "nd_range": {"device_start": 2253285.983162411, "device_end": 2253285.990811542}, "cmdq": 0, "read": {"device_start": -1, "device_end": -1}}, "FFC_sans_bias29": {"write": {"device_start": -1, "host_queued_start": 1585585511.72886, "device_queued": -1, "device_end": -1, "host_queued_end": 1585585511.738279}, "device": "cpu", "nd_range": {"device_start": 2253285.9618034773, "device_end": 2253285.969373086}, "cmdq": 1, "read": {"device_start": -1, "device_end": -1}}, "empty17": {"write": {"device_start": -1, "host_queued_start": 1585585511.714534, "device_queued": -1, "device_end": -1, "host_queued_end": 1585585511.738279}, "device": "cpu", "nd_range": {"device_start": 2253285.9279018412, "device_end": 2253285.9279102893}, "cmdq": 1, "read": {"device_start": -1, "device_end": -1}}, "empty35": {"write": {"device_start": -1, "host_queued_start": 1585585511.716218, "device_queued": -1, "device_end": -1, "host_queued_end": 1585585511.738279}, "device": "cpu", "nd_range": {"device_start": 2253285.9279310834, "device_end": 2253285.927932137}, "cmdq": 1, "read": {"device_start": -1, "device_end": -1}}}