{"FFC_sans_bias4": {"write": {"device_start": -1, "host_queued_start": 1585585433.974247, "device_queued": -1, "device_end": -1, "host_queued_end": 1585585433.981867}, "device": "gpu", "nd_range": {"device_start": 1585585368.6063378, "device_end": 1585585368.6069374}, "cmdq": 0, "read": {"device_start": -1, "device_end": -1}}, "FFC_sans_bias7": {"write": {"device_start": 1585585368.6120903, "host_queued_start": 1585585433.978629, "device_queued": 1585585368.5990405, "device_end": 1585585368.6121185, "host_queued_end": 1585585433.981867}, "device": "gpu", "nd_range": {"device_start": 1585585368.612127, "device_end": 1585585368.6127222}, "cmdq": 0, "read": {"device_start": 1585585368.6127288, "device_end": 1585585368.6127517}}, "FFC_sans_bias6": {"write": {"device_start": -1, "host_queued_start": 1585585433.976539, "device_queued": -1, "device_end": -1, "host_queued_end": 1585585433.981867}, "device": "gpu", "nd_range": {"device_start": 1585585368.6095886, "device_end": 1585585368.6101813}, "cmdq": 0, "read": {"device_start": -1, "device_end": -1}}, "FFC_sans_bias1": {"write": {"device_start": 1585585368.598261, "host_queued_start": 1585585433.962156, "device_queued": 1585585368.597279, "device_end": 1585585368.5982854, "host_queued_end": 1585585433.981867}, "device": "gpu", "nd_range": {"device_start": 1585585368.5982952, "device_end": 1585585368.5988908}, "cmdq": 0, "read": {"device_start": -1, "device_end": -1}}, "FFC_sans_bias0": {"write": {"device_start": 1585585368.5975327, "host_queued_start": 1585585433.961121, "device_queued": 1585585368.5972261, "device_end": 1585585368.597557, "host_queued_end": 1585585433.981867}, "device": "gpu", "nd_range": {"device_start": 1585585368.597566, "device_end": 1585585368.5981615}, "cmdq": 0, "read": {"device_start": -1, "device_end": -1}}, "FFC_sans_bias2": {"write": {"device_start": 1585585368.5989978, "host_queued_start": 1585585433.96323, "device_queued": 1585585368.5974832, "device_end": 1585585368.5990214, "host_queued_end": 1585585433.981867}, "device": "gpu", "nd_range": {"device_start": 1585585368.5990243, "device_end": 1585585368.5996215}, "cmdq": 0, "read": {"device_start": -1, "device_end": -1}}, "FFC_sans_bias9": {"write": {"device_start": 1585585368.5997229, "host_queued_start": 1585585433.964275, "device_queued": 1585585368.59753, "device_end": 1585585368.5997508, "host_queued_end": 1585585433.981867}, "device": "gpu", "nd_range": {"device_start": 1585585368.5997574, "device_end": 1585585368.6003594}, "cmdq": 0, "read": {"device_start": -1, "device_end": -1}}, "softmax23": {"write": {"device_start": -1, "host_queued_start": 1585585433.97598, "device_queued": -1, "device_end": -1, "host_queued_end": 1585585433.981867}, "device": "gpu", "nd_range": {"device_start": 1585585368.609168, "device_end": 1585585368.6093774}, "cmdq": 0, "read": {"device_start": -1, "device_end": -1}}, "FFC_sans_bias11": {"write": {"device_start": 1585585368.6012025, "host_queued_start": 1585585433.966381, "device_queued": 1585585368.5977237, "device_end": 1585585368.6012318, "host_queued_end": 1585585433.981867}, "device": "gpu", "nd_range": {"device_start": 1585585368.6012347, "device_end": 1585585368.6018255}, "cmdq": 0, "read": {"device_start": -1, "device_end": -1}}, "FFC_sans_bias10": {"write": {"device_start": 1585585368.6004612, "host_queued_start": 1585585433.965335, "device_queued": 1585585368.5976882, "device_end": 1585585368.6004891, "host_queued_end": 1585585433.981867}, "device": "gpu", "nd_range": {"device_start": 1585585368.6004987, "device_end": 1585585368.601085}, "cmdq": 0, "read": {"device_start": -1, "device_end": -1}}, "coalesced_transpose3": {"write": {"device_start": -1, "host_queued_start": 1585585433.973036, "device_queued": -1, "device_end": -1, "host_queued_end": 1585585433.981867}, "device": "gpu", "nd_range": {"device_start": 1585585368.6062994, "device_end": 1585585368.606308}, "cmdq": 0, "read": {"device_start": -1, "device_end": -1}}, "FFC_sans_bias34": {"write": {"device_start": 1585585368.6194775, "host_queued_start": 1585585433.981764, "device_queued": 1585585368.5992877, "device_end": 1585585368.619501, "host_queued_end": 1585585433.981867}, "device": "gpu", "nd_range": {"device_start": 1585585368.619547, "device_end": 1585585368.620142}, "cmdq": 0, "read": {"device_start": 1585585368.6201518, "device_end": 1585585368.6202068}}, "FFC_sans_bias15": {"write": {"device_start": -1, "host_queued_start": 1585585433.976857, "device_queued": -1, "device_end": -1, "host_queued_end": 1585585433.981867}, "device": "gpu", "nd_range": {"device_start": 1585585368.6101823, "device_end": 1585585368.6107793}, "cmdq": 0, "read": {"device_start": -1, "device_end": -1}}, "FFC_sans_bias31": {"write": {"device_start": -1, "host_queued_start": 1585585433.975238, "device_queued": -1, "device_end": -1, "host_queued_end": 1585585433.981867}, "device": "gpu", "nd_range": {"device_start": 1585585368.6081367, "device_end": 1585585368.6087346}, "cmdq": 0, "read": {"device_start": -1, "device_end": -1}}, "FFC_sans_bias16": {"write": {"device_start": 1585585368.6129267, "host_queued_start": 1585585433.979691, "device_queued": 1585585368.5990994, "device_end": 1585585368.6129608, "host_queued_end": 1585585433.981867}, "device": "gpu", "nd_range": {"device_start": 1585585368.6129668, "device_end": 1585585368.6135635}, "cmdq": 0, "read": {"device_start": 1585585368.6135688, "device_end": 1585585368.613591}}, "FFC_sans_bias19": {"write": {"device_start": 1585585368.602682, "host_queued_start": 1585585433.968516, "device_queued": 1585585368.5978737, "device_end": 1585585368.6027105, "host_queued_end": 1585585433.981867}, "device": "gpu", "nd_range": {"device_start": 1585585368.60272, "device_end": 1585585368.6033173}, "cmdq": 0, "read": {"device_start": -1, "device_end": -1}}, "FFC_sans_bias18": {"write": {"device_start": 1585585368.6019418, "host_queued_start": 1585585433.967445, "device_queued": 1585585368.597841, "device_end": 1585585368.6019702, "host_queued_end": 1585585433.981867}, "device": "gpu", "nd_range": {"device_start": 1585585368.6019795, "device_end": 1585585368.6025655}, "cmdq": 0, "read": {"device_start": -1, "device_end": -1}}, "coalesced_transpose30": {"write": {"device_start": -1, "host_queued_start": 1585585433.973938, "device_queued": -1, "device_end": -1, "host_queued_end": 1585585433.981867}, "device": "gpu", "nd_range": {"device_start": 1585585368.6063285, "device_end": 1585585368.6063366}, "cmdq": 0, "read": {"device_start": -1, "device_end": -1}}, "empty26": {"write": {"device_start": 1585585368.597247, "host_queued_start": 1585585433.959344, "device_queued": 1585585368.597011, "device_end": 1585585368.597277, "host_queued_end": 1585585433.981867}, "device": "gpu", "nd_range": {"device_start": 1585585368.5972822, "device_end": 1585585368.5972857}, "cmdq": 0, "read": {"device_start": -1, "device_end": -1}}, "coalesced_transpose12": {"write": {"device_start": -1, "host_queued_start": 1585585433.97334, "device_queued": -1, "device_end": -1, "host_queued_end": 1585585433.981867}, "device": "gpu", "nd_range": {"device_start": 1585585368.6063092, "device_end": 1585585368.6063178}, "cmdq": 0, "read": {"device_start": -1, "device_end": -1}}, "coalesced_transpose21": {"write": {"device_start": -1, "host_queued_start": 1585585433.973638, "device_queued": -1, "device_end": -1, "host_queued_end": 1585585433.981867}, "device": "gpu", "nd_range": {"device_start": 1585585368.6063187, "device_end": 1585585368.6063273}, "cmdq": 0, "read": {"device_start": -1, "device_end": -1}}, "softmax14": {"write": {"device_start": -1, "host_queued_start": 1585585433.975736, "device_queued": -1, "device_end": -1, "host_queued_end": 1585585433.981867}, "device": "gpu", "nd_range": {"device_start": 1585585368.608958, "device_end": 1585585368.6091669}, "cmdq": 0, "read": {"device_start": -1, "device_end": -1}}, "FFC_sans_bias13": {"write": {"device_start": -1, "host_queued_start": 1585585433.974596, "device_queued": -1, "device_end": -1, "host_queued_end": 1585585433.981867}, "device": "gpu", "nd_range": {"device_start": 1585585368.6069388, "device_end": 1585585368.6075377}, "cmdq": 0, "read": {"device_start": -1, "device_end": -1}}, "empty8": {"write": {"device_start": 1585585368.5969245, "host_queued_start": 1585585433.957463, "device_queued": 1585585368.5967746, "device_end": 1585585368.5969517, "host_queued_end": 1585585433.981867}, "device": "gpu", "nd_range": {"device_start": 1585585368.5969596, "device_end": 1585585368.5969641}, "cmdq": 0, "read": {"device_start": -1, "device_end": -1}}, "softmax32": {"write": {"device_start": -1, "host_queued_start": 1585585433.976226, "device_queued": -1, "device_end": -1, "host_queued_end": 1585585433.981867}, "device": "gpu", "nd_range": {"device_start": 1585585368.6093783, "device_end": 1585585368.6095877}, "cmdq": 0, "read": {"device_start": -1, "device_end": -1}}, "FFC_sans_bias33": {"write": {"device_start": -1, "host_queued_start": 1585585433.97749, "device_queued": -1, "device_end": -1, "host_queued_end": 1585585433.981867}, "device": "gpu", "nd_range": {"device_start": 1585585368.6113803, "device_end": 1585585368.611972}, "cmdq": 0, "read": {"device_start": -1, "device_end": -1}}, "FFC_sans_bias24": {"write": {"device_start": -1, "host_queued_start": 1585585433.977172, "device_queued": -1, "device_end": -1, "host_queued_end": 1585585433.981867}, "device": "gpu", "nd_range": {"device_start": 1585585368.6107807, "device_end": 1585585368.6113794}, "cmdq": 0, "read": {"device_start": -1, "device_end": -1}}, "FFC_sans_bias25": {"write": {"device_start": 1585585368.6137605, "host_queued_start": 1585585433.98073, "device_queued": 1585585368.5992405, "device_end": 1585585368.6137898, "host_queued_end": 1585585433.981867}, "device": "gpu", "nd_range": {"device_start": 1585585368.6137927, "device_end": 1585585368.6143878}, "cmdq": 0, "read": {"device_start": 1585585368.6143963, "device_end": 1585585368.6144183}}, "FFC_sans_bias27": {"write": {"device_start": 1585585368.6041803, "host_queued_start": 1585585433.970634, "device_queued": 1585585368.5980294, "device_end": 1585585368.6042087, "host_queued_end": 1585585433.981867}, "device": "gpu", "nd_range": {"device_start": 1585585368.604219, "device_end": 1585585368.6048088}, "cmdq": 0, "read": {"device_start": -1, "device_end": -1}}, "FFC_sans_bias20": {"write": {"device_start": 1585585368.6034386, "host_queued_start": 1585585433.969552, "device_queued": 1585585368.5979884, "device_end": 1585585368.6034675, "host_queued_end": 1585585433.981867}, "device": "gpu", "nd_range": {"device_start": 1585585368.6034768, "device_end": 1585585368.604065}, "cmdq": 0, "read": {"device_start": -1, "device_end": -1}}, "FFC_sans_bias22": {"write": {"device_start": -1, "host_queued_start": 1585585433.974921, "device_queued": -1, "device_end": -1, "host_queued_end": 1585585433.981867}, "device": "gpu", "nd_range": {"device_start": 1585585368.6075387, "device_end": 1585585368.6081352}, "cmdq": 0, "read": {"device_start": -1, "device_end": -1}}, "softmax5": {"write": {"device_start": -1, "host_queued_start": 1585585433.97549, "device_queued": -1, "device_end": -1, "host_queued_end": 1585585433.981867}, "device": "gpu", "nd_range": {"device_start": 1585585368.6087358, "device_end": 1585585368.608957}, "cmdq": 0, "read": {"device_start": -1, "device_end": -1}}, "FFC_sans_bias28": {"write": {"device_start": 1585585368.6049228, "host_queued_start": 1585585433.97167, "device_queued": 1585585368.5981631, "device_end": 1585585368.6049562, "host_queued_end": 1585585433.981867}, "device": "gpu", "nd_range": {"device_start": 1585585368.6049588, "device_end": 1585585368.6055543}, "cmdq": 0, "read": {"device_start": -1, "device_end": -1}}, "FFC_sans_bias29": {"write": {"device_start": 1585585368.605673, "host_queued_start": 1585585433.972709, "device_queued": 1585585368.598235, "device_end": 1585585368.6057022, "host_queued_end": 1585585433.981867}, "device": "gpu", "nd_range": {"device_start": 1585585368.605711, "device_end": 1585585368.6062984}, "cmdq": 0, "read": {"device_start": -1, "device_end": -1}}, "empty17": {"write": {"device_start": 1585585368.5970912, "host_queued_start": 1585585433.958501, "device_queued": 1585585368.5968978, "device_end": 1585585368.597115, "host_queued_end": 1585585433.981867}, "device": "gpu", "nd_range": {"device_start": 1585585368.5971248, "device_end": 1585585368.5971282}, "cmdq": 0, "read": {"device_start": -1, "device_end": -1}}, "empty35": {"write": {"device_start": 1585585368.5973806, "host_queued_start": 1585585433.96016, "device_queued": 1585585368.5970452, "device_end": 1585585368.5974047, "host_queued_end": 1585585433.981867}, "device": "gpu", "nd_range": {"device_start": 1585585368.597413, "device_end": 1585585368.5974164}, "cmdq": 0, "read": {"device_start": -1, "device_end": -1}}}