{"FFC_sans_bias4": {"write": {"device_start": -1, "host_queued_start": 1585585753.514522, "device_queued": -1, "device_end": -1, "host_queued_end": 1585585753.522215}, "device": "cpu", "nd_range": {"device_start": 2253527.774705997, "device_end": 2253527.793526336}, "cmdq": 0, "read": {"device_start": -1, "device_end": -1}}, "FFC_sans_bias7": {"write": {"device_start": -1, "host_queued_start": 1585585753.519189, "device_queued": -1, "device_end": -1, "host_queued_end": 1585585753.522215}, "device": "cpu", "nd_range": {"device_start": 2253527.8117545783, "device_end": 2253527.8196281753}, "cmdq": 2, "read": {"device_start": -1, "device_end": -1}}, "FFC_sans_bias6": {"write": {"device_start": -1, "host_queued_start": 1585585753.51711, "device_queued": -1, "device_end": -1, "host_queued_end": 1585585753.522215}, "device": "cpu", "nd_range": {"device_start": 2253527.7982322513, "device_end": 2253527.811076228}, "cmdq": 3, "read": {"device_start": -1, "device_end": -1}}, "FFC_sans_bias1": {"write": {"device_start": -1, "host_queued_start": 1585585753.502292, "device_queued": -1, "device_end": -1, "host_queued_end": 1585585753.522215}, "device": "cpu", "nd_range": {"device_start": 2253527.711873405, "device_end": 2253527.727312492}, "cmdq": 0, "read": {"device_start": -1, "device_end": -1}}, "FFC_sans_bias0": {"write": {"device_start": -1, "host_queued_start": 1585585753.501221, "device_queued": -1, "device_end": -1, "host_queued_end": 1585585753.522215}, "device": "cpu", "nd_range": {"device_start": 2253527.743089767, "device_end": 2253527.751655057}, "cmdq": 4, "read": {"device_start": -1, "device_end": -1}}, "FFC_sans_bias2": {"write": {"device_start": -1, "host_queued_start": 1585585753.503394, "device_queued": -1, "device_end": -1, "host_queued_end": 1585585753.522215}, "device": "cpu", "nd_range": {"device_start": 2253527.711873381, "device_end": 2253527.727334036}, "cmdq": 1, "read": {"device_start": -1, "device_end": -1}}, "FFC_sans_bias9": {"write": {"device_start": -1, "host_queued_start": 1585585753.504428, "device_queued": -1, "device_end": -1, "host_queued_end": 1585585753.522215}, "device": "cpu", "nd_range": {"device_start": 2253527.711903876, "device_end": 2253527.7272468572}, "cmdq": 2, "read": {"device_start": -1, "device_end": -1}}, "softmax23": {"write": {"device_start": -1, "host_queued_start": 1585585753.516496, "device_queued": -1, "device_end": -1, "host_queued_end": 1585585753.522215}, "device": "cpu", "nd_range": {"device_start": 2253527.759801368, "device_end": 2253527.760026855}, "cmdq": 1, "read": {"device_start": -1, "device_end": -1}}, "FFC_sans_bias11": {"write": {"device_start": -1, "host_queued_start": 1585585753.506509, "device_queued": -1, "device_end": -1, "host_queued_end": 1585585753.522215}, "device": "cpu", "nd_range": {"device_start": 2253527.758414208, "device_end": 2253527.766013075}, "cmdq": 4, "read": {"device_start": -1, "device_end": -1}}, "FFC_sans_bias10": {"write": {"device_start": -1, "host_queued_start": 1585585753.505463, "device_queued": -1, "device_end": -1, "host_queued_end": 1585585753.522215}, "device": "cpu", "nd_range": {"device_start": 2253527.7123282193, "device_end": 2253527.727524003}, "cmdq": 3, "read": {"device_start": -1, "device_end": -1}}, "coalesced_transpose3": {"write": {"device_start": -1, "host_queued_start": 1585585753.5132, "device_queued": -1, "device_end": -1, "host_queued_end": 1585585753.522215}, "device": "cpu", "nd_range": {"device_start": 2253527.743627528, "device_end": 2253527.743875227}, "cmdq": 1, "read": {"device_start": -1, "device_end": -1}}, "FFC_sans_bias34": {"write": {"device_start": -1, "host_queued_start": 1585585753.522169, "device_queued": -1, "device_end": -1, "host_queued_end": 1585585753.522215}, "device": "cpu", "nd_range": {"device_start": 2253527.801476445, "device_end": 2253527.816725267}, "cmdq": 0, "read": {"device_start": -1, "device_end": -1}}, "FFC_sans_bias15": {"write": {"device_start": -1, "host_queued_start": 1585585753.51745, "device_queued": -1, "device_end": -1, "host_queued_end": 1585585753.522215}, "device": "cpu", "nd_range": {"device_start": 2253527.793993312, "device_end": 2253527.805985264}, "cmdq": 4, "read": {"device_start": -1, "device_end": -1}}, "FFC_sans_bias31": {"write": {"device_start": -1, "host_queued_start": 1585585753.515576, "device_queued": -1, "device_end": -1, "host_queued_end": 1585585753.522215}, "device": "cpu", "nd_range": {"device_start": 2253527.773052086, "device_end": 2253527.7816071343}, "cmdq": 3, "read": {"device_start": -1, "device_end": -1}}, "FFC_sans_bias16": {"write": {"device_start": -1, "host_queued_start": 1585585753.520178, "device_queued": -1, "device_end": -1, "host_queued_end": 1585585753.522215}, "device": "cpu", "nd_range": {"device_start": 2253527.8110907143, "device_end": 2253527.826773262}, "cmdq": 3, "read": {"device_start": -1, "device_end": -1}}, "FFC_sans_bias19": {"write": {"device_start": -1, "host_queued_start": 1585585753.508631, "device_queued": -1, "device_end": -1, "host_queued_end": 1585585753.522215}, "device": "cpu", "nd_range": {"device_start": 2253527.727401238, "device_end": 2253527.7436172813}, "cmdq": 1, "read": {"device_start": -1, "device_end": -1}}, "FFC_sans_bias18": {"write": {"device_start": -1, "host_queued_start": 1585585753.507586, "device_queued": -1, "device_end": -1, "host_queued_end": 1585585753.522215}, "device": "cpu", "nd_range": {"device_start": 2253527.730766789, "device_end": 2253527.7552334922}, "cmdq": 0, "read": {"device_start": -1, "device_end": -1}}, "coalesced_transpose30": {"write": {"device_start": -1, "host_queued_start": 1585585753.51418, "device_queued": -1, "device_end": -1, "host_queued_end": 1585585753.522215}, "device": "cpu", "nd_range": {"device_start": 2253527.7727215053, "device_end": 2253527.772893445}, "cmdq": 4, "read": {"device_start": -1, "device_end": -1}}, "empty26": {"write": {"device_start": -1, "host_queued_start": 1585585753.499393, "device_queued": -1, "device_end": -1, "host_queued_end": 1585585753.522215}, "device": "cpu", "nd_range": {"device_start": 2253527.711882575, "device_end": 2253527.7118866784}, "cmdq": 2, "read": {"device_start": -1, "device_end": -1}}, "coalesced_transpose12": {"write": {"device_start": -1, "host_queued_start": 1585585753.513529, "device_queued": -1, "device_end": -1, "host_queued_end": 1585585753.522215}, "device": "cpu", "nd_range": {"device_start": 2253527.742861492, "device_end": 2253527.7431077124}, "cmdq": 2, "read": {"device_start": -1, "device_end": -1}}, "coalesced_transpose21": {"write": {"device_start": -1, "host_queued_start": 1585585753.513857, "device_queued": -1, "device_end": -1, "host_queued_end": 1585585753.522215}, "device": "cpu", "nd_range": {"device_start": 2253527.7509351242, "device_end": 2253527.7511738013}, "cmdq": 3, "read": {"device_start": -1, "device_end": -1}}, "softmax14": {"write": {"device_start": -1, "host_queued_start": 1585585753.51612, "device_queued": -1, "device_end": -1, "host_queued_end": 1585585753.522215}, "device": "cpu", "nd_range": {"device_start": 2253527.793539272, "device_end": 2253527.7937717983}, "cmdq": 0, "read": {"device_start": -1, "device_end": -1}}, "FFC_sans_bias13": {"write": {"device_start": -1, "host_queued_start": 1585585753.514892, "device_queued": -1, "device_end": -1, "host_queued_end": 1585585753.522215}, "device": "cpu", "nd_range": {"device_start": 2253527.74399862, "device_end": 2253527.75916207}, "cmdq": 1, "read": {"device_start": -1, "device_end": -1}}, "empty8": {"write": {"device_start": -1, "host_queued_start": 1585585753.49751, "device_queued": -1, "device_end": -1, "host_queued_end": 1585585753.522215}, "device": "cpu", "nd_range": {"device_start": 2253527.7118382542, "device_end": 2253527.7118513943}, "cmdq": 0, "read": {"device_start": -1, "device_end": -1}}, "softmax32": {"write": {"device_start": -1, "host_queued_start": 1585585753.516773, "device_queued": -1, "device_end": -1, "host_queued_end": 1585585753.522215}, "device": "cpu", "nd_range": {"device_start": 2253527.782566502, "device_end": 2253527.782769754}, "cmdq": 2, "read": {"device_start": -1, "device_end": -1}}, "FFC_sans_bias33": {"write": {"device_start": -1, "host_queued_start": 1585585753.518123, "device_queued": -1, "device_end": -1, "host_queued_end": 1585585753.522215}, "device": "cpu", "nd_range": {"device_start": 2253527.7827886622, "device_end": 2253527.7911585043}, "cmdq": 1, "read": {"device_start": -1, "device_end": -1}}, "FFC_sans_bias24": {"write": {"device_start": -1, "host_queued_start": 1585585753.517786, "device_queued": -1, "device_end": -1, "host_queued_end": 1585585753.522215}, "device": "cpu", "nd_range": {"device_start": 2253527.793778922, "device_end": 2253527.8014694243}, "cmdq": 0, "read": {"device_start": -1, "device_end": -1}}, "FFC_sans_bias25": {"write": {"device_start": -1, "host_queued_start": 1585585753.521165, "device_queued": -1, "device_end": -1, "host_queued_end": 1585585753.522215}, "device": "cpu", "nd_range": {"device_start": 2253527.805993008, "device_end": 2253527.8218942983}, "cmdq": 4, "read": {"device_start": -1, "device_end": -1}}, "FFC_sans_bias27": {"write": {"device_start": -1, "host_queued_start": 1585585753.510775, "device_queued": -1, "device_end": -1, "host_queued_end": 1585585753.522215}, "device": "cpu", "nd_range": {"device_start": 2253527.727734251, "device_end": 2253527.7429736503}, "cmdq": 3, "read": {"device_start": -1, "device_end": -1}}, "FFC_sans_bias20": {"write": {"device_start": -1, "host_queued_start": 1585585753.509691, "device_queued": -1, "device_end": -1, "host_queued_end": 1585585753.522215}, "device": "cpu", "nd_range": {"device_start": 2253527.727358919, "device_end": 2253527.74272651}, "cmdq": 2, "read": {"device_start": -1, "device_end": -1}}, "FFC_sans_bias22": {"write": {"device_start": -1, "host_queued_start": 1585585753.515236, "device_queued": -1, "device_end": -1, "host_queued_end": 1585585753.522215}, "device": "cpu", "nd_range": {"device_start": 2253527.751296884, "device_end": 2253527.759687977}, "cmdq": 2, "read": {"device_start": -1, "device_end": -1}}, "softmax5": {"write": {"device_start": -1, "host_queued_start": 1585585753.51585, "device_queued": -1, "device_end": -1, "host_queued_end": 1585585753.522215}, "device": "cpu", "nd_range": {"device_start": 2253527.793576038, "device_end": 2253527.79375165}, "cmdq": 4, "read": {"device_start": -1, "device_end": -1}}, "FFC_sans_bias28": {"write": {"device_start": -1, "host_queued_start": 1585585753.511816, "device_queued": -1, "device_end": -1, "host_queued_end": 1585585753.522215}, "device": "cpu", "nd_range": {"device_start": 2253527.766129571, "device_end": 2253527.772715005}, "cmdq": 4, "read": {"device_start": -1, "device_end": -1}}, "FFC_sans_bias29": {"write": {"device_start": -1, "host_queued_start": 1585585753.512866, "device_queued": -1, "device_end": -1, "host_queued_end": 1585585753.522215}, "device": "cpu", "nd_range": {"device_start": 2253527.7613450503, "device_end": 2253527.7746985513}, "cmdq": 0, "read": {"device_start": -1, "device_end": -1}}, "empty17": {"write": {"device_start": -1, "host_queued_start": 1585585753.49853, "device_queued": -1, "device_end": -1, "host_queued_end": 1585585753.522215}, "device": "cpu", "nd_range": {"device_start": 2253527.711838296, "device_end": 2253527.711851369}, "cmdq": 1, "read": {"device_start": -1, "device_end": -1}}, "empty35": {"write": {"device_start": -1, "host_queued_start": 1585585753.500225, "device_queued": -1, "device_end": -1, "host_queued_end": 1585585753.522215}, "device": "cpu", "nd_range": {"device_start": 2253527.7120252103, "device_end": 2253527.712028861}, "cmdq": 3, "read": {"device_start": -1, "device_end": -1}}}