{"FFC_sans_bias4": {"write": {"device_start": -1, "host_queued_start": 1585585616.561164, "device_queued": -1, "device_end": -1, "host_queued_end": 1585585616.56682}, "device": "cpu", "nd_range": {"device_start": 2253390.789907704, "device_end": 2253390.8013375513}, "cmdq": 0, "read": {"device_start": -1, "device_end": -1}}, "FFC_sans_bias7": {"write": {"device_start": -1, "host_queued_start": 1585585616.564747, "device_queued": -1, "device_end": -1, "host_queued_end": 1585585616.56682}, "device": "cpu", "nd_range": {"device_start": 2253390.819452139, "device_end": 2253390.83835108}, "cmdq": 4, "read": {"device_start": -1, "device_end": -1}}, "FFC_sans_bias6": {"write": {"device_start": -1, "host_queued_start": 1585585616.563036, "device_queued": -1, "device_end": -1, "host_queued_end": 1585585616.56682}, "device": "cpu", "nd_range": {"device_start": 2253390.8076921133, "device_end": 2253390.819441093}, "cmdq": 1, "read": {"device_start": -1, "device_end": -1}}, "FFC_sans_bias1": {"write": {"device_start": -1, "host_queued_start": 1585585616.552391, "device_queued": -1, "device_end": -1, "host_queued_end": 1585585616.56682}, "device": "cpu", "nd_range": {"device_start": 2253390.7720393273, "device_end": 2253390.7883011033}, "cmdq": 4, "read": {"device_start": -1, "device_end": -1}}, "FFC_sans_bias0": {"write": {"device_start": -1, "host_queued_start": 1585585616.551267, "device_queued": -1, "device_end": -1, "host_queued_end": 1585585616.56682}, "device": "cpu", "nd_range": {"device_start": 2253390.756964864, "device_end": 2253390.772169176}, "cmdq": 3, "read": {"device_start": -1, "device_end": -1}}, "FFC_sans_bias2": {"write": {"device_start": -1, "host_queued_start": 1585585616.553473, "device_queued": -1, "device_end": -1, "host_queued_end": 1585585616.56682}, "device": "cpu", "nd_range": {"device_start": 2253390.756683092, "device_end": 2253390.7719503343}, "cmdq": 0, "read": {"device_start": -1, "device_end": -1}}, "FFC_sans_bias9": {"write": {"device_start": -1, "host_queued_start": 1585585616.554511, "device_queued": -1, "device_end": -1, "host_queued_end": 1585585616.56682}, "device": "cpu", "nd_range": {"device_start": 2253390.756459401, "device_end": 2253390.771664064}, "cmdq": 1, "read": {"device_start": -1, "device_end": -1}}, "softmax23": {"write": {"device_start": -1, "host_queued_start": 1585585616.562692, "device_queued": -1, "device_end": -1, "host_queued_end": 1585585616.56682}, "device": "cpu", "nd_range": {"device_start": 2253390.815366319, "device_end": 2253390.815564042}, "cmdq": 0, "read": {"device_start": -1, "device_end": -1}}, "FFC_sans_bias11": {"write": {"device_start": -1, "host_queued_start": 1585585616.556617, "device_queued": -1, "device_end": -1, "host_queued_end": 1585585616.56682}, "device": "cpu", "nd_range": {"device_start": 2253390.7722975593, "device_end": 2253390.787496101}, "cmdq": 3, "read": {"device_start": -1, "device_end": -1}}, "FFC_sans_bias10": {"write": {"device_start": -1, "host_queued_start": 1585585616.555576, "device_queued": -1, "device_end": -1, "host_queued_end": 1585585616.56682}, "device": "cpu", "nd_range": {"device_start": 2253390.7565026702, "device_end": 2253390.772026279}, "cmdq": 2, "read": {"device_start": -1, "device_end": -1}}, "coalesced_transpose3": {"write": {"device_start": -1, "host_queued_start": 1585585616.56009, "device_queued": -1, "device_end": -1, "host_queued_end": 1585585616.56682}, "device": "cpu", "nd_range": {"device_start": 2253390.7884324123, "device_end": 2253390.7886704262}, "cmdq": 2, "read": {"device_start": -1, "device_end": -1}}, "FFC_sans_bias34": {"write": {"device_start": 1585585551.159692, "host_queued_start": 1585585616.547131, "device_queued": 1585585551.1577437, "device_end": 1585585551.1597168, "host_queued_end": 1585585616.547246}, "device": "gpu", "nd_range": {"device_start": 1585585551.1603882, "device_end": 1585585551.1609795}, "cmdq": 2, "read": {"device_start": 1585585551.1609874, "device_end": 1585585551.1610112}}, "FFC_sans_bias15": {"write": {"device_start": -1, "host_queued_start": 1585585616.563376, "device_queued": -1, "device_end": -1, "host_queued_end": 1585585616.56682}, "device": "cpu", "nd_range": {"device_start": 2253390.8144163433, "device_end": 2253390.826013051}, "cmdq": 2, "read": {"device_start": -1, "device_end": -1}}, "FFC_sans_bias31": {"write": {"device_start": -1, "host_queued_start": 1585585616.545502, "device_queued": -1, "device_end": -1, "host_queued_end": 1585585616.547246}, "device": "gpu", "nd_range": {"device_start": 1585585551.1589854, "device_end": 1585585551.1595871}, "cmdq": 2, "read": {"device_start": -1, "device_end": -1}}, "FFC_sans_bias16": {"write": {"device_start": -1, "host_queued_start": 1585585616.565743, "device_queued": -1, "device_end": -1, "host_queued_end": 1585585616.56682}, "device": "cpu", "nd_range": {"device_start": 2253390.826132264, "device_end": 2253390.8391657853}, "cmdq": 0, "read": {"device_start": -1, "device_end": -1}}, "FFC_sans_bias19": {"write": {"device_start": -1, "host_queued_start": 1585585616.558724, "device_queued": -1, "device_end": -1, "host_queued_end": 1585585616.56682}, "device": "cpu", "nd_range": {"device_start": 2253390.772189224, "device_end": 2253390.78734353}, "cmdq": 0, "read": {"device_start": -1, "device_end": -1}}, "FFC_sans_bias18": {"write": {"device_start": -1, "host_queued_start": 1585585616.557657, "device_queued": -1, "device_end": -1, "host_queued_end": 1585585616.56682}, "device": "cpu", "nd_range": {"device_start": 2253390.788785905, "device_end": 2253390.800329462}, "cmdq": 4, "read": {"device_start": -1, "device_end": -1}}, "coalesced_transpose30": {"write": {"device_start": -1, "host_queued_start": 1585585616.545186, "device_queued": -1, "device_end": -1, "host_queued_end": 1585585616.547246}, "device": "gpu", "nd_range": {"device_start": 1585585551.158423, "device_end": 1585585551.1588218}, "cmdq": 1, "read": {"device_start": -1, "device_end": -1}}, "empty26": {"write": {"device_start": -1, "host_queued_start": 1585585616.55023, "device_queued": -1, "device_end": -1, "host_queued_end": 1585585616.56682}, "device": "cpu", "nd_range": {"device_start": 2253390.756463387, "device_end": 2253390.756468141}, "cmdq": 2, "read": {"device_start": -1, "device_end": -1}}, "coalesced_transpose12": {"write": {"device_start": -1, "host_queued_start": 1585585616.560414, "device_queued": -1, "device_end": -1, "host_queued_end": 1585585616.56682}, "device": "cpu", "nd_range": {"device_start": 2253390.787612378, "device_end": 2253390.787853137}, "cmdq": 3, "read": {"device_start": -1, "device_end": -1}}, "coalesced_transpose21": {"write": {"device_start": -1, "host_queued_start": 1585585616.560743, "device_queued": -1, "device_end": -1, "host_queued_end": 1585585616.56682}, "device": "cpu", "nd_range": {"device_start": 2253390.8004580094, "device_end": 2253390.800705798}, "cmdq": 4, "read": {"device_start": -1, "device_end": -1}}, "softmax14": {"write": {"device_start": -1, "host_queued_start": 1585585616.562399, "device_queued": -1, "device_end": -1, "host_queued_end": 1585585616.56682}, "device": "cpu", "nd_range": {"device_start": 2253390.808388797, "device_end": 2253390.808594264}, "cmdq": 4, "read": {"device_start": -1, "device_end": -1}}, "FFC_sans_bias13": {"write": {"device_start": -1, "host_queued_start": 1585585616.561504, "device_queued": -1, "device_end": -1, "host_queued_end": 1585585616.56682}, "device": "cpu", "nd_range": {"device_start": 2253390.794151998, "device_end": 2253390.8076818283}, "cmdq": 1, "read": {"device_start": -1, "device_end": -1}}, "empty8": {"write": {"device_start": -1, "host_queued_start": 1585585616.548484, "device_queued": -1, "device_end": -1, "host_queued_end": 1585585616.56682}, "device": "cpu", "nd_range": {"device_start": 2253390.75641768, "device_end": 2253390.7564276243}, "cmdq": 0, "read": {"device_start": -1, "device_end": -1}}, "softmax32": {"write": {"device_start": -1, "host_queued_start": 1585585616.545751, "device_queued": -1, "device_end": -1, "host_queued_end": 1585585616.547246}, "device": "gpu", "nd_range": {"device_start": 1585585551.1595893, "device_end": 1585585551.1597815}, "cmdq": 0, "read": {"device_start": -1, "device_end": -1}}, "FFC_sans_bias33": {"write": {"device_start": -1, "host_queued_start": 1585585616.546061, "device_queued": -1, "device_end": -1, "host_queued_end": 1585585616.547246}, "device": "gpu", "nd_range": {"device_start": 1585585551.159786, "device_end": 1585585551.1603844}, "cmdq": 1, "read": {"device_start": -1, "device_end": -1}}, "FFC_sans_bias24": {"write": {"device_start": -1, "host_queued_start": 1585585616.563712, "device_queued": -1, "device_end": -1, "host_queued_end": 1585585616.56682}, "device": "cpu", "nd_range": {"device_start": 2253390.8155811043, "device_end": 2253390.828410171}, "cmdq": 3, "read": {"device_start": -1, "device_end": -1}}, "FFC_sans_bias25": {"write": {"device_start": -1, "host_queued_start": 1585585616.566772, "device_queued": -1, "device_end": -1, "host_queued_end": 1585585616.56682}, "device": "cpu", "nd_range": {"device_start": 2253390.830792726, "device_end": 2253390.8392664744}, "cmdq": 1, "read": {"device_start": -1, "device_end": -1}}, "FFC_sans_bias27": {"write": {"device_start": 1585585551.1573334, "host_queued_start": 1585585616.54273, "device_queued": 1585585551.1572347, "device_end": 1585585551.1574037, "host_queued_end": 1585585616.547246}, "device": "gpu", "nd_range": {"device_start": 1585585551.1574082, "device_end": 1585585551.158014}, "cmdq": 1, "read": {"device_start": -1, "device_end": -1}}, "FFC_sans_bias20": {"write": {"device_start": -1, "host_queued_start": 1585585616.559765, "device_queued": -1, "device_end": -1, "host_queued_end": 1585585616.56682}, "device": "cpu", "nd_range": {"device_start": 2253390.7749632583, "device_end": 2253390.7924758773}, "cmdq": 1, "read": {"device_start": -1, "device_end": -1}}, "FFC_sans_bias22": {"write": {"device_start": -1, "host_queued_start": 1585585616.561851, "device_queued": -1, "device_end": -1, "host_queued_end": 1585585616.56682}, "device": "cpu", "nd_range": {"device_start": 2253390.801298227, "device_end": 2253390.814395811}, "cmdq": 2, "read": {"device_start": -1, "device_end": -1}}, "softmax5": {"write": {"device_start": -1, "host_queued_start": 1585585616.562125, "device_queued": -1, "device_end": -1, "host_queued_end": 1585585616.56682}, "device": "cpu", "nd_range": {"device_start": 2253390.8041871493, "device_end": 2253390.804404272}, "cmdq": 3, "read": {"device_start": -1, "device_end": -1}}, "FFC_sans_bias28": {"write": {"device_start": 1585585551.1574159, "host_queued_start": 1585585616.543802, "device_queued": 1585585551.15726, "device_end": 1585585551.1574457, "host_queued_end": 1585585616.547246}, "device": "gpu", "nd_range": {"device_start": 1585585551.1575003, "device_end": 1585585551.1584198}, "cmdq": 2, "read": {"device_start": -1, "device_end": -1}}, "FFC_sans_bias29": {"write": {"device_start": 1585585551.1576042, "host_queued_start": 1585585616.544868, "device_queued": 1585585551.1575098, "device_end": 1585585551.1576371, "host_queued_end": 1585585616.547246}, "device": "gpu", "nd_range": {"device_start": 1585585551.1576395, "device_end": 1585585551.15898}, "cmdq": 0, "read": {"device_start": -1, "device_end": -1}}, "empty17": {"write": {"device_start": -1, "host_queued_start": 1585585616.549381, "device_queued": -1, "device_end": -1, "host_queued_end": 1585585616.56682}, "device": "cpu", "nd_range": {"device_start": 2253390.756417641, "device_end": 2253390.756427632}, "cmdq": 1, "read": {"device_start": -1, "device_end": -1}}, "empty35": {"write": {"device_start": 1585585551.157198, "host_queued_start": 1585585616.541499, "device_queued": 1585585551.1570714, "device_end": 1585585551.157223, "host_queued_end": 1585585616.547246}, "device": "gpu", "nd_range": {"device_start": 1585585551.1572318, "device_end": 1585585551.157236}, "cmdq": 0, "read": {"device_start": -1, "device_end": -1}}}