{"FFC_sans_bias4": {"write": {"device_start": -1, "host_queued_start": 1585585619.27853, "device_queued": -1, "device_end": -1, "host_queued_end": 1585585619.286187}, "device": "cpu", "nd_range": {"device_start": 2253393.5364024653, "device_end": 2253393.551181302}, "cmdq": 0, "read": {"device_start": -1, "device_end": -1}}, "FFC_sans_bias7": {"write": {"device_start": -1, "host_queued_start": 1585585619.283174, "device_queued": -1, "device_end": -1, "host_queued_end": 1585585619.286187}, "device": "cpu", "nd_range": {"device_start": 2253393.566536401, "device_end": 2253393.572497977}, "cmdq": 2, "read": {"device_start": -1, "device_end": -1}}, "FFC_sans_bias6": {"write": {"device_start": -1, "host_queued_start": 1585585619.281103, "device_queued": -1, "device_end": -1, "host_queued_end": 1585585619.286187}, "device": "cpu", "nd_range": {"device_start": 2253393.551707433, "device_end": 2253393.5660466133}, "cmdq": 3, "read": {"device_start": -1, "device_end": -1}}, "FFC_sans_bias1": {"write": {"device_start": -1, "host_queued_start": 1585585619.26623, "device_queued": -1, "device_end": -1, "host_queued_end": 1585585619.286187}, "device": "cpu", "nd_range": {"device_start": 2253393.47583572, "device_end": 2253393.49113598}, "cmdq": 0, "read": {"device_start": -1, "device_end": -1}}, "FFC_sans_bias0": {"write": {"device_start": -1, "host_queued_start": 1585585619.265154, "device_queued": -1, "device_end": -1, "host_queued_end": 1585585619.286187}, "device": "cpu", "nd_range": {"device_start": 2253393.4760201164, "device_end": 2253393.4912579563}, "cmdq": 4, "read": {"device_start": -1, "device_end": -1}}, "FFC_sans_bias2": {"write": {"device_start": -1, "host_queued_start": 1585585619.267351, "device_queued": -1, "device_end": -1, "host_queued_end": 1585585619.286187}, "device": "cpu", "nd_range": {"device_start": 2253393.4758460913, "device_end": 2253393.4912615223}, "cmdq": 1, "read": {"device_start": -1, "device_end": -1}}, "FFC_sans_bias9": {"write": {"device_start": -1, "host_queued_start": 1585585619.268395, "device_queued": -1, "device_end": -1, "host_queued_end": 1585585619.286187}, "device": "cpu", "nd_range": {"device_start": 2253393.507037326, "device_end": 2253393.5186374784}, "cmdq": 2, "read": {"device_start": -1, "device_end": -1}}, "softmax23": {"write": {"device_start": -1, "host_queued_start": 1585585619.280488, "device_queued": -1, "device_end": -1, "host_queued_end": 1585585619.286187}, "device": "cpu", "nd_range": {"device_start": 2253393.5512427012, "device_end": 2253393.551438066}, "cmdq": 1, "read": {"device_start": -1, "device_end": -1}}, "FFC_sans_bias11": {"write": {"device_start": -1, "host_queued_start": 1585585619.270508, "device_queued": -1, "device_end": -1, "host_queued_end": 1585585619.286187}, "device": "cpu", "nd_range": {"device_start": 2253393.491512686, "device_end": 2253393.50668901}, "cmdq": 4, "read": {"device_start": -1, "device_end": -1}}, "FFC_sans_bias10": {"write": {"device_start": -1, "host_queued_start": 1585585619.269433, "device_queued": -1, "device_end": -1, "host_queued_end": 1585585619.286187}, "device": "cpu", "nd_range": {"device_start": 2253393.475877832, "device_end": 2253393.492352841}, "cmdq": 3, "read": {"device_start": -1, "device_end": -1}}, "coalesced_transpose3": {"write": {"device_start": -1, "host_queued_start": 1585585619.277209, "device_queued": -1, "device_end": -1, "host_queued_end": 1585585619.286187}, "device": "cpu", "nd_range": {"device_start": 2253393.506674915, "device_end": 2253393.506924504}, "cmdq": 1, "read": {"device_start": -1, "device_end": -1}}, "FFC_sans_bias34": {"write": {"device_start": -1, "host_queued_start": 1585585619.286142, "device_queued": -1, "device_end": -1, "host_queued_end": 1585585619.286187}, "device": "cpu", "nd_range": {"device_start": 2253393.570799876, "device_end": 2253393.5865525873}, "cmdq": 0, "read": {"device_start": -1, "device_end": -1}}, "FFC_sans_bias15": {"write": {"device_start": -1, "host_queued_start": 1585585619.281441, "device_queued": -1, "device_end": -1, "host_queued_end": 1585585619.286187}, "device": "cpu", "nd_range": {"device_start": 2253393.559120077, "device_end": 2253393.56753489}, "cmdq": 4, "read": {"device_start": -1, "device_end": -1}}, "FFC_sans_bias31": {"write": {"device_start": -1, "host_queued_start": 1585585619.279571, "device_queued": -1, "device_end": -1, "host_queued_end": 1585585619.286187}, "device": "cpu", "nd_range": {"device_start": 2253393.517882286, "device_end": 2253393.533134871}, "cmdq": 3, "read": {"device_start": -1, "device_end": -1}}, "FFC_sans_bias16": {"write": {"device_start": -1, "host_queued_start": 1585585619.284156, "device_queued": -1, "device_end": -1, "host_queued_end": 1585585619.286187}, "device": "cpu", "nd_range": {"device_start": 2253393.570694177, "device_end": 2253393.583125623}, "cmdq": 3, "read": {"device_start": -1, "device_end": -1}}, "FFC_sans_bias19": {"write": {"device_start": -1, "host_queued_start": 1585585619.272613, "device_queued": -1, "device_end": -1, "host_queued_end": 1585585619.286187}, "device": "cpu", "nd_range": {"device_start": 2253393.491283838, "device_end": 2253393.5065432163}, "cmdq": 1, "read": {"device_start": -1, "device_end": -1}}, "FFC_sans_bias18": {"write": {"device_start": -1, "host_queued_start": 1585585619.271573, "device_queued": -1, "device_end": -1, "host_queued_end": 1585585619.286187}, "device": "cpu", "nd_range": {"device_start": 2253393.4945093323, "device_end": 2253393.5187133714}, "cmdq": 0, "read": {"device_start": -1, "device_end": -1}}, "coalesced_transpose30": {"write": {"device_start": -1, "host_queued_start": 1585585619.278191, "device_queued": -1, "device_end": -1, "host_queued_end": 1585585619.286187}, "device": "cpu", "nd_range": {"device_start": 2253393.5173692, "device_end": 2253393.517605952}, "cmdq": 4, "read": {"device_start": -1, "device_end": -1}}, "empty26": {"write": {"device_start": -1, "host_queued_start": 1585585619.263329, "device_queued": -1, "device_end": -1, "host_queued_end": 1585585619.286187}, "device": "cpu", "nd_range": {"device_start": 2253393.475803657, "device_end": 2253393.475814157}, "cmdq": 2, "read": {"device_start": -1, "device_end": -1}}, "coalesced_transpose12": {"write": {"device_start": -1, "host_queued_start": 1585585619.277537, "device_queued": -1, "device_end": -1, "host_queued_end": 1585585619.286187}, "device": "cpu", "nd_range": {"device_start": 2253393.533727725, "device_end": 2253393.533977137}, "cmdq": 2, "read": {"device_start": -1, "device_end": -1}}, "coalesced_transpose21": {"write": {"device_start": -1, "host_queued_start": 1585585619.277865, "device_queued": -1, "device_end": -1, "host_queued_end": 1585585619.286187}, "device": "cpu", "nd_range": {"device_start": 2253393.508589292, "device_end": 2253393.508842422}, "cmdq": 3, "read": {"device_start": -1, "device_end": -1}}, "softmax14": {"write": {"device_start": -1, "host_queued_start": 1585585619.280113, "device_queued": -1, "device_end": -1, "host_queued_end": 1585585619.286187}, "device": "cpu", "nd_range": {"device_start": 2253393.551395974, "device_end": 2253393.552534137}, "cmdq": 0, "read": {"device_start": -1, "device_end": -1}}, "FFC_sans_bias13": {"write": {"device_start": -1, "host_queued_start": 1585585619.278894, "device_queued": -1, "device_end": -1, "host_queued_end": 1585585619.286187}, "device": "cpu", "nd_range": {"device_start": 2253393.53637829, "device_end": 2253393.55118208}, "cmdq": 1, "read": {"device_start": -1, "device_end": -1}}, "empty8": {"write": {"device_start": -1, "host_queued_start": 1585585619.261439, "device_queued": -1, "device_end": -1, "host_queued_end": 1585585619.286187}, "device": "cpu", "nd_range": {"device_start": 2253393.47580065, "device_end": 2253393.47581419}, "cmdq": 0, "read": {"device_start": -1, "device_end": -1}}, "softmax32": {"write": {"device_start": -1, "host_queued_start": 1585585619.280765, "device_queued": -1, "device_end": -1, "host_queued_end": 1585585619.286187}, "device": "cpu", "nd_range": {"device_start": 2253393.549560319, "device_end": 2253393.5497798873}, "cmdq": 2, "read": {"device_start": -1, "device_end": -1}}, "FFC_sans_bias33": {"write": {"device_start": -1, "host_queued_start": 1585585619.282109, "device_queued": -1, "device_end": -1, "host_queued_end": 1585585619.286187}, "device": "cpu", "nd_range": {"device_start": 2253393.5514502344, "device_end": 2253393.559180351}, "cmdq": 1, "read": {"device_start": -1, "device_end": -1}}, "FFC_sans_bias24": {"write": {"device_start": -1, "host_queued_start": 1585585619.281777, "device_queued": -1, "device_end": -1, "host_queued_end": 1585585619.286187}, "device": "cpu", "nd_range": {"device_start": 2253393.5525466073, "device_end": 2253393.570788917}, "cmdq": 0, "read": {"device_start": -1, "device_end": -1}}, "FFC_sans_bias25": {"write": {"device_start": -1, "host_queued_start": 1585585619.28514, "device_queued": -1, "device_end": -1, "host_queued_end": 1585585619.286187}, "device": "cpu", "nd_range": {"device_start": 2253393.572309309, "device_end": 2253393.5808511213}, "cmdq": 4, "read": {"device_start": -1, "device_end": -1}}, "FFC_sans_bias27": {"write": {"device_start": -1, "host_queued_start": 1585585619.274748, "device_queued": -1, "device_end": -1, "host_queued_end": 1585585619.286187}, "device": "cpu", "nd_range": {"device_start": 2253393.492472596, "device_end": 2253393.508581025}, "cmdq": 3, "read": {"device_start": -1, "device_end": -1}}, "FFC_sans_bias20": {"write": {"device_start": -1, "host_queued_start": 1585585619.27366, "device_queued": -1, "device_end": -1, "host_queued_end": 1585585619.286187}, "device": "cpu", "nd_range": {"device_start": 2253393.5186468353, "device_end": 2253393.533615381}, "cmdq": 2, "read": {"device_start": -1, "device_end": -1}}, "FFC_sans_bias22": {"write": {"device_start": -1, "host_queued_start": 1585585619.279236, "device_queued": -1, "device_end": -1, "host_queued_end": 1585585619.286187}, "device": "cpu", "nd_range": {"device_start": 2253393.534091221, "device_end": 2253393.549434783}, "cmdq": 2, "read": {"device_start": -1, "device_end": -1}}, "softmax5": {"write": {"device_start": -1, "host_queued_start": 1585585619.279844, "device_queued": -1, "device_end": -1, "host_queued_end": 1585585619.286187}, "device": "cpu", "nd_range": {"device_start": 2253393.551204843, "device_end": 2253393.5515950453}, "cmdq": 4, "read": {"device_start": -1, "device_end": -1}}, "FFC_sans_bias28": {"write": {"device_start": -1, "host_queued_start": 1585585619.275786, "device_queued": -1, "device_end": -1, "host_queued_end": 1585585619.286187}, "device": "cpu", "nd_range": {"device_start": 2253393.5068077743, "device_end": 2253393.5172551842}, "cmdq": 4, "read": {"device_start": -1, "device_end": -1}}, "FFC_sans_bias29": {"write": {"device_start": -1, "host_queued_start": 1585585619.276875, "device_queued": -1, "device_end": -1, "host_queued_end": 1585585619.286187}, "device": "cpu", "nd_range": {"device_start": 2253393.524061948, "device_end": 2253393.536393846}, "cmdq": 0, "read": {"device_start": -1, "device_end": -1}}, "empty17": {"write": {"device_start": -1, "host_queued_start": 1585585619.262458, "device_queued": -1, "device_end": -1, "host_queued_end": 1585585619.286187}, "device": "cpu", "nd_range": {"device_start": 2253393.4758350593, "device_end": 2253393.47583603}, "cmdq": 1, "read": {"device_start": -1, "device_end": -1}}, "empty35": {"write": {"device_start": -1, "host_queued_start": 1585585619.264161, "device_queued": -1, "device_end": -1, "host_queued_end": 1585585619.286187}, "device": "cpu", "nd_range": {"device_start": 2253393.475857384, "device_end": 2253393.475862034}, "cmdq": 3, "read": {"device_start": -1, "device_end": -1}}}