{"FFC_sans_bias4": {"write": {"device_start": -1, "host_queued_start": 1585585734.663637, "device_queued": -1, "device_end": -1, "host_queued_end": 1585585734.667323}, "device": "cpu", "nd_range": {"device_start": 2253508.880291032, "device_end": 2253508.89276038}, "cmdq": 2, "read": {"device_start": -1, "device_end": -1}}, "FFC_sans_bias7": {"write": {"device_start": -1, "host_queued_start": 1585585734.666258, "device_queued": -1, "device_end": -1, "host_queued_end": 1585585734.667323}, "device": "cpu", "nd_range": {"device_start": 2253508.910988943, "device_end": 2253508.915169783}, "cmdq": 0, "read": {"device_start": -1, "device_end": -1}}, "FFC_sans_bias6": {"write": {"device_start": -1, "host_queued_start": 1585585734.664872, "device_queued": -1, "device_end": -1, "host_queued_end": 1585585734.667323}, "device": "cpu", "nd_range": {"device_start": 2253508.8966223244, "device_end": 2253508.9109731163}, "cmdq": 2, "read": {"device_start": -1, "device_end": -1}}, "FFC_sans_bias1": {"write": {"device_start": -1, "host_queued_start": 1585585734.658073, "device_queued": -1, "device_end": -1, "host_queued_end": 1585585734.667323}, "device": "cpu", "nd_range": {"device_start": 2253508.857021599, "device_end": 2253508.872278936}, "cmdq": 3, "read": {"device_start": -1, "device_end": -1}}, "FFC_sans_bias0": {"write": {"device_start": -1, "host_queued_start": 1585585734.656998, "device_queued": -1, "device_end": -1, "host_queued_end": 1585585734.667323}, "device": "cpu", "nd_range": {"device_start": 2253508.856963199, "device_end": 2253508.8723091823}, "cmdq": 2, "read": {"device_start": -1, "device_end": -1}}, "FFC_sans_bias2": {"write": {"device_start": -1, "host_queued_start": 1585585734.659247, "device_queued": -1, "device_end": -1, "host_queued_end": 1585585734.667323}, "device": "cpu", "nd_range": {"device_start": 2253508.85693487, "device_end": 2253508.873524366}, "cmdq": 0, "read": {"device_start": -1, "device_end": -1}}, "FFC_sans_bias9": {"write": {"device_start": -1, "host_queued_start": 1585585734.660347, "device_queued": -1, "device_end": -1, "host_queued_end": 1585585734.667323}, "device": "cpu", "nd_range": {"device_start": 2253508.856934505, "device_end": 2253508.8724688753}, "cmdq": 1, "read": {"device_start": -1, "device_end": -1}}, "softmax23": {"write": {"device_start": -1, "host_queued_start": 1585585734.650538, "device_queued": -1, "device_end": -1, "host_queued_end": 1585585734.653612}, "device": "gpu", "nd_range": {"device_start": 1585585669.2642028, "device_end": 1585585669.2647307}, "cmdq": 2, "read": {"device_start": -1, "device_end": -1}}, "FFC_sans_bias11": {"write": {"device_start": -1, "host_queued_start": 1585585734.662502, "device_queued": -1, "device_end": -1, "host_queued_end": 1585585734.667323}, "device": "cpu", "nd_range": {"device_start": 2253508.872425064, "device_end": 2253508.882912829}, "cmdq": 3, "read": {"device_start": -1, "device_end": -1}}, "FFC_sans_bias10": {"write": {"device_start": -1, "host_queued_start": 1585585734.661439, "device_queued": -1, "device_end": -1, "host_queued_end": 1585585734.667323}, "device": "cpu", "nd_range": {"device_start": 2253508.8723451872, "device_end": 2253508.88017229}, "cmdq": 2, "read": {"device_start": -1, "device_end": -1}}, "coalesced_transpose3": {"write": {"device_start": -1, "host_queued_start": 1585585734.662966, "device_queued": -1, "device_end": -1, "host_queued_end": 1585585734.667323}, "device": "cpu", "nd_range": {"device_start": 2253508.873650427, "device_end": 2253508.87388721}, "cmdq": 0, "read": {"device_start": -1, "device_end": -1}}, "FFC_sans_bias34": {"write": {"device_start": 1585585669.26491, "host_queued_start": 1585585734.653508, "device_queued": 1585585669.2615647, "device_end": 1585585669.2649355, "host_queued_end": 1585585734.653612}, "device": "gpu", "nd_range": {"device_start": 1585585669.265753, "device_end": 1585585669.2667253}, "cmdq": 2, "read": {"device_start": 1585585669.2667277, "device_end": 1585585669.2667508}}, "FFC_sans_bias15": {"write": {"device_start": -1, "host_queued_start": 1585585734.665215, "device_queued": -1, "device_end": -1, "host_queued_end": 1585585734.667323}, "device": "cpu", "nd_range": {"device_start": 2253508.891055052, "device_end": 2253508.896123336}, "cmdq": 3, "read": {"device_start": -1, "device_end": -1}}, "FFC_sans_bias31": {"write": {"device_start": -1, "host_queued_start": 1585585734.650278, "device_queued": -1, "device_end": -1, "host_queued_end": 1585585734.653612}, "device": "gpu", "nd_range": {"device_start": 1585585669.263731, "device_end": 1585585669.2646718}, "cmdq": 1, "read": {"device_start": -1, "device_end": -1}}, "FFC_sans_bias16": {"write": {"device_start": -1, "host_queued_start": 1585585734.667278, "device_queued": -1, "device_end": -1, "host_queued_end": 1585585734.667323}, "device": "cpu", "nd_range": {"device_start": 2253508.896141667, "device_end": 2253508.90185535}, "cmdq": 1, "read": {"device_start": -1, "device_end": -1}}, "FFC_sans_bias19": {"write": {"device_start": 1585585669.2607942, "host_queued_start": 1585585734.64474, "device_queued": 1585585669.260433, "device_end": 1585585669.2608676, "host_queued_end": 1585585734.653612}, "device": "gpu", "nd_range": {"device_start": 1585585669.2608724, "device_end": 1585585669.261742}, "cmdq": 3, "read": {"device_start": -1, "device_end": -1}}, "FFC_sans_bias18": {"write": {"device_start": 1585585669.2606525, "host_queued_start": 1585585734.643668, "device_queued": 1585585669.2604113, "device_end": 1585585669.2607198, "host_queued_end": 1585585734.653612}, "device": "gpu", "nd_range": {"device_start": 1585585669.2607238, "device_end": 1585585669.2613254}, "cmdq": 2, "read": {"device_start": -1, "device_end": -1}}, "coalesced_transpose30": {"write": {"device_start": -1, "host_queued_start": 1585585734.649642, "device_queued": -1, "device_end": -1, "host_queued_end": 1585585734.653612}, "device": "gpu", "nd_range": {"device_start": 1585585669.2635849, "device_end": 1585585669.2636023}, "cmdq": 4, "read": {"device_start": -1, "device_end": -1}}, "empty26": {"write": {"device_start": 1585585669.2604184, "host_queued_start": 1585585734.641574, "device_queued": 1585585669.2602763, "device_end": 1585585669.260477, "host_queued_end": 1585585734.653612}, "device": "gpu", "nd_range": {"device_start": 1585585669.2604809, "device_end": 1585585669.260486}, "cmdq": 0, "read": {"device_start": -1, "device_end": -1}}, "coalesced_transpose12": {"write": {"device_start": -1, "host_queued_start": 1585585734.663296, "device_queued": -1, "device_end": -1, "host_queued_end": 1585585734.667323}, "device": "cpu", "nd_range": {"device_start": 2253508.880670182, "device_end": 2253508.88090403}, "cmdq": 1, "read": {"device_start": -1, "device_end": -1}}, "coalesced_transpose21": {"write": {"device_start": -1, "host_queued_start": 1585585734.649339, "device_queued": -1, "device_end": -1, "host_queued_end": 1585585734.653612}, "device": "gpu", "nd_range": {"device_start": 1585585669.2617435, "device_end": 1585585669.2635815}, "cmdq": 3, "read": {"device_start": -1, "device_end": -1}}, "softmax14": {"write": {"device_start": -1, "host_queued_start": 1585585734.664529, "device_queued": -1, "device_end": -1, "host_queued_end": 1585585734.667323}, "device": "cpu", "nd_range": {"device_start": 2253508.890801244, "device_end": 2253508.890935337}, "cmdq": 1, "read": {"device_start": -1, "device_end": -1}}, "FFC_sans_bias13": {"write": {"device_start": -1, "host_queued_start": 1585585734.66398, "device_queued": -1, "device_end": -1, "host_queued_end": 1585585734.667323}, "device": "cpu", "nd_range": {"device_start": 2253508.883029867, "device_end": 2253508.890781993}, "cmdq": 3, "read": {"device_start": -1, "device_end": -1}}, "empty8": {"write": {"device_start": -1, "host_queued_start": 1585585734.655045, "device_queued": -1, "device_end": -1, "host_queued_end": 1585585734.667323}, "device": "cpu", "nd_range": {"device_start": 2253508.8569026813, "device_end": 2253508.85691371}, "cmdq": 0, "read": {"device_start": -1, "device_end": -1}}, "softmax32": {"write": {"device_start": -1, "host_queued_start": 1585585734.650824, "device_queued": -1, "device_end": -1, "host_queued_end": 1585585734.653612}, "device": "gpu", "nd_range": {"device_start": 1585585669.264686, "device_end": 1585585669.26502}, "cmdq": 3, "read": {"device_start": -1, "device_end": -1}}, "FFC_sans_bias33": {"write": {"device_start": -1, "host_queued_start": 1585585734.651449, "device_queued": -1, "device_end": -1, "host_queued_end": 1585585734.653612}, "device": "gpu", "nd_range": {"device_start": 1585585669.2650225, "device_end": 1585585669.2657485}, "cmdq": 0, "read": {"device_start": -1, "device_end": -1}}, "FFC_sans_bias24": {"write": {"device_start": -1, "host_queued_start": 1585585734.651133, "device_queued": -1, "device_end": -1, "host_queued_end": 1585585734.653612}, "device": "gpu", "nd_range": {"device_start": 1585585669.2647352, "device_end": 1585585669.2653298}, "cmdq": 4, "read": {"device_start": -1, "device_end": -1}}, "FFC_sans_bias25": {"write": {"device_start": 1585585669.2648342, "host_queued_start": 1585585734.652462, "device_queued": 1585585669.2615373, "device_end": 1585585669.2649064, "host_queued_end": 1585585734.653612}, "device": "gpu", "nd_range": {"device_start": 1585585669.265332, "device_end": 1585585669.266303}, "cmdq": 1, "read": {"device_start": 1585585669.2663054, "device_end": 1585585669.2663288}}, "FFC_sans_bias27": {"write": {"device_start": 1585585669.2609975, "host_queued_start": 1585585734.646938, "device_queued": 1585585669.26088, "device_end": 1585585669.2610757, "host_queued_end": 1585585734.653612}, "device": "gpu", "nd_range": {"device_start": 1585585669.261081, "device_end": 1585585669.2627335}, "cmdq": 0, "read": {"device_start": -1, "device_end": -1}}, "FFC_sans_bias20": {"write": {"device_start": 1585585669.2608817, "host_queued_start": 1585585734.645811, "device_queued": 1585585669.2606158, "device_end": 1585585669.260961, "host_queued_end": 1585585734.653612}, "device": "gpu", "nd_range": {"device_start": 1585585669.260965, "device_end": 1585585669.2622797}, "cmdq": 4, "read": {"device_start": -1, "device_end": -1}}, "FFC_sans_bias22": {"write": {"device_start": -1, "host_queued_start": 1585585734.649966, "device_queued": -1, "device_end": -1, "host_queued_end": 1585585734.653612}, "device": "gpu", "nd_range": {"device_start": 1585585669.2635891, "device_end": 1585585669.264197}, "cmdq": 0, "read": {"device_start": -1, "device_end": -1}}, "softmax5": {"write": {"device_start": -1, "host_queued_start": 1585585734.664257, "device_queued": -1, "device_end": -1, "host_queued_end": 1585585734.667323}, "device": "cpu", "nd_range": {"device_start": 2253508.89401123, "device_end": 2253508.894218748}, "cmdq": 0, "read": {"device_start": -1, "device_end": -1}}, "FFC_sans_bias28": {"write": {"device_start": 1585585669.261088, "host_queued_start": 1585585734.647971, "device_queued": 1585585669.2609475, "device_end": 1585585669.2611127, "host_queued_end": 1585585734.653612}, "device": "gpu", "nd_range": {"device_start": 1585585669.2611575, "device_end": 1585585669.2632313}, "cmdq": 1, "read": {"device_start": -1, "device_end": -1}}, "FFC_sans_bias29": {"write": {"device_start": 1585585669.2614655, "host_queued_start": 1585585734.649014, "device_queued": 1585585669.2609682, "device_end": 1585585669.2614956, "host_queued_end": 1585585734.653612}, "device": "gpu", "nd_range": {"device_start": 1585585669.261501, "device_end": 1585585669.2637231}, "cmdq": 2, "read": {"device_start": -1, "device_end": -1}}, "empty17": {"write": {"device_start": -1, "host_queued_start": 1585585734.656019, "device_queued": -1, "device_end": -1, "host_queued_end": 1585585734.667323}, "device": "cpu", "nd_range": {"device_start": 2253508.85690263, "device_end": 2253508.856913736}, "cmdq": 1, "read": {"device_start": -1, "device_end": -1}}, "empty35": {"write": {"device_start": 1585585669.2605429, "host_queued_start": 1585585734.642665, "device_queued": 1585585669.26039, "device_end": 1585585669.2606022, "host_queued_end": 1585585734.653612}, "device": "gpu", "nd_range": {"device_start": 1585585669.2606454, "device_end": 1585585669.2606516}, "cmdq": 1, "read": {"device_start": -1, "device_end": -1}}}