{"FFC_sans_bias4": {"write": {"device_start": -1, "host_queued_start": 1585585522.513071, "device_queued": -1, "device_end": -1, "host_queued_end": 1585585522.518828}, "device": "cpu", "nd_range": {"device_start": 2253296.763064023, "device_end": 2253296.781328084}, "cmdq": 0, "read": {"device_start": -1, "device_end": -1}}, "FFC_sans_bias7": {"write": {"device_start": -1, "host_queued_start": 1585585522.516777, "device_queued": -1, "device_end": -1, "host_queued_end": 1585585522.518828}, "device": "cpu", "nd_range": {"device_start": 2253296.789614081, "device_end": 2253296.7972989623}, "cmdq": 0, "read": {"device_start": -1, "device_end": -1}}, "FFC_sans_bias6": {"write": {"device_start": -1, "host_queued_start": 1585585522.515058, "device_queued": -1, "device_end": -1, "host_queued_end": 1585585522.518828}, "device": "cpu", "nd_range": {"device_start": 2253296.7819333603, "device_end": 2253296.789608417}, "cmdq": 0, "read": {"device_start": -1, "device_end": -1}}, "FFC_sans_bias1": {"write": {"device_start": -1, "host_queued_start": 1585585522.504351, "device_queued": -1, "device_end": -1, "host_queued_end": 1585585522.518828}, "device": "cpu", "nd_range": {"device_start": 2253296.7084670993, "device_end": 2253296.716515588}, "cmdq": 1, "read": {"device_start": -1, "device_end": -1}}, "FFC_sans_bias0": {"write": {"device_start": -1, "host_queued_start": 1585585522.503268, "device_queued": -1, "device_end": -1, "host_queued_end": 1585585522.518828}, "device": "cpu", "nd_range": {"device_start": 2253296.708466445, "device_end": 2253296.721062309}, "cmdq": 0, "read": {"device_start": -1, "device_end": -1}}, "FFC_sans_bias2": {"write": {"device_start": -1, "host_queued_start": 1585585522.505395, "device_queued": -1, "device_end": -1, "host_queued_end": 1585585522.518828}, "device": "cpu", "nd_range": {"device_start": 2253296.708480773, "device_end": 2253296.7220686274}, "cmdq": 2, "read": {"device_start": -1, "device_end": -1}}, "FFC_sans_bias9": {"write": {"device_start": -1, "host_queued_start": 1585585522.506468, "device_queued": -1, "device_end": -1, "host_queued_end": 1585585522.518828}, "device": "cpu", "nd_range": {"device_start": 2253296.7216212302, "device_end": 2253296.7383091943}, "cmdq": 0, "read": {"device_start": -1, "device_end": -1}}, "softmax23": {"write": {"device_start": -1, "host_queued_start": 1585585522.514718, "device_queued": -1, "device_end": -1, "host_queued_end": 1585585522.518828}, "device": "cpu", "nd_range": {"device_start": 2253296.7650678703, "device_end": 2253296.765276738}, "cmdq": 2, "read": {"device_start": -1, "device_end": -1}}, "FFC_sans_bias11": {"write": {"device_start": -1, "host_queued_start": 1585585522.508591, "device_queued": -1, "device_end": -1, "host_queued_end": 1585585522.518828}, "device": "cpu", "nd_range": {"device_start": 2253296.72220437, "device_end": 2253296.7335062413}, "cmdq": 2, "read": {"device_start": -1, "device_end": -1}}, "FFC_sans_bias10": {"write": {"device_start": -1, "host_queued_start": 1585585522.50754, "device_queued": -1, "device_end": -1, "host_queued_end": 1585585522.518828}, "device": "cpu", "nd_range": {"device_start": 2253296.7166487523, "device_end": 2253296.7281491943}, "cmdq": 1, "read": {"device_start": -1, "device_end": -1}}, "coalesced_transpose3": {"write": {"device_start": -1, "host_queued_start": 1585585522.512081, "device_queued": -1, "device_end": -1, "host_queued_end": 1585585522.518828}, "device": "cpu", "nd_range": {"device_start": 2253296.7620473374, "device_end": 2253296.7627861053}, "cmdq": 0, "read": {"device_start": -1, "device_end": -1}}, "FFC_sans_bias34": {"write": {"device_start": 1585585457.1143198, "host_queued_start": 1585585522.499074, "device_queued": 1585585457.1121674, "device_end": 1585585457.1143513, "host_queued_end": 1585585522.499186}, "device": "gpu", "nd_range": {"device_start": 1585585457.1148071, "device_end": 1585585457.1154041}, "cmdq": 0, "read": {"device_start": 1585585457.1154113, "device_end": 1585585457.1154346}}, "FFC_sans_bias15": {"write": {"device_start": -1, "host_queued_start": 1585585522.515402, "device_queued": -1, "device_end": -1, "host_queued_end": 1585585522.518828}, "device": "cpu", "nd_range": {"device_start": 2253296.750623912, "device_end": 2253296.7604438993}, "cmdq": 1, "read": {"device_start": -1, "device_end": -1}}, "FFC_sans_bias31": {"write": {"device_start": -1, "host_queued_start": 1585585522.497442, "device_queued": -1, "device_end": -1, "host_queued_end": 1585585522.499186}, "device": "gpu", "nd_range": {"device_start": 1585585457.1133814, "device_end": 1585585457.1139853}, "cmdq": 1, "read": {"device_start": -1, "device_end": -1}}, "FFC_sans_bias16": {"write": {"device_start": -1, "host_queued_start": 1585585522.517768, "device_queued": -1, "device_end": -1, "host_queued_end": 1585585522.518828}, "device": "cpu", "nd_range": {"device_start": 2253296.7605576413, "device_end": 2253296.7662754213}, "cmdq": 1, "read": {"device_start": -1, "device_end": -1}}, "FFC_sans_bias19": {"write": {"device_start": -1, "host_queued_start": 1585585522.51071, "device_queued": -1, "device_end": -1, "host_queued_end": 1585585522.518828}, "device": "cpu", "nd_range": {"device_start": 2253296.7281567133, "device_end": 2253296.739678592}, "cmdq": 1, "read": {"device_start": -1, "device_end": -1}}, "FFC_sans_bias18": {"write": {"device_start": -1, "host_queued_start": 1585585522.509636, "device_queued": -1, "device_end": -1, "host_queued_end": 1585585522.518828}, "device": "cpu", "nd_range": {"device_start": 2253296.742354879, "device_end": 2253296.762038676}, "cmdq": 0, "read": {"device_start": -1, "device_end": -1}}, "coalesced_transpose30": {"write": {"device_start": -1, "host_queued_start": 1585585522.497128, "device_queued": -1, "device_end": -1, "host_queued_end": 1585585522.499186}, "device": "gpu", "nd_range": {"device_start": 1585585457.1128955, "device_end": 1585585457.113299}, "cmdq": 0, "read": {"device_start": -1, "device_end": -1}}, "empty26": {"write": {"device_start": -1, "host_queued_start": 1585585522.502226, "device_queued": -1, "device_end": -1, "host_queued_end": 1585585522.518828}, "device": "cpu", "nd_range": {"device_start": 2253296.7084241393, "device_end": 2253296.708436422}, "cmdq": 2, "read": {"device_start": -1, "device_end": -1}}, "coalesced_transpose12": {"write": {"device_start": -1, "host_queued_start": 1585585522.512405, "device_queued": -1, "device_end": -1, "host_queued_end": 1585585522.518828}, "device": "cpu", "nd_range": {"device_start": 2253296.7398009743, "device_end": 2253296.740048396}, "cmdq": 1, "read": {"device_start": -1, "device_end": -1}}, "coalesced_transpose21": {"write": {"device_start": -1, "host_queued_start": 1585585522.512728, "device_queued": -1, "device_end": -1, "host_queued_end": 1585585522.518828}, "device": "cpu", "nd_range": {"device_start": 2253296.74643616, "device_end": 2253296.746677006}, "cmdq": 2, "read": {"device_start": -1, "device_end": -1}}, "softmax14": {"write": {"device_start": -1, "host_queued_start": 1585585522.514421, "device_queued": -1, "device_end": -1, "host_queued_end": 1585585522.518828}, "device": "cpu", "nd_range": {"device_start": 2253296.750295467, "device_end": 2253296.750514972}, "cmdq": 1, "read": {"device_start": -1, "device_end": -1}}, "FFC_sans_bias13": {"write": {"device_start": -1, "host_queued_start": 1585585522.513516, "device_queued": -1, "device_end": -1, "host_queued_end": 1585585522.518828}, "device": "cpu", "nd_range": {"device_start": 2253296.740161937, "device_end": 2253296.7501824102}, "cmdq": 1, "read": {"device_start": -1, "device_end": -1}}, "empty8": {"write": {"device_start": -1, "host_queued_start": 1585585522.500432, "device_queued": -1, "device_end": -1, "host_queued_end": 1585585522.518828}, "device": "cpu", "nd_range": {"device_start": 2253296.708455374, "device_end": 2253296.708456356}, "cmdq": 0, "read": {"device_start": -1, "device_end": -1}}, "softmax32": {"write": {"device_start": -1, "host_queued_start": 1585585522.497695, "device_queued": -1, "device_end": -1, "host_queued_end": 1585585522.499186}, "device": "gpu", "nd_range": {"device_start": 1585585457.1139889, "device_end": 1585585457.1142023}, "cmdq": 0, "read": {"device_start": -1, "device_end": -1}}, "FFC_sans_bias33": {"write": {"device_start": -1, "host_queued_start": 1585585522.497999, "device_queued": -1, "device_end": -1, "host_queued_end": 1585585522.499186}, "device": "gpu", "nd_range": {"device_start": 1585585457.1142058, "device_end": 1585585457.1148038}, "cmdq": 1, "read": {"device_start": -1, "device_end": -1}}, "FFC_sans_bias24": {"write": {"device_start": -1, "host_queued_start": 1585585522.515739, "device_queued": -1, "device_end": -1, "host_queued_end": 1585585522.518828}, "device": "cpu", "nd_range": {"device_start": 2253296.765380269, "device_end": 2253296.7720637834}, "cmdq": 2, "read": {"device_start": -1, "device_end": -1}}, "FFC_sans_bias25": {"write": {"device_start": -1, "host_queued_start": 1585585522.518784, "device_queued": -1, "device_end": -1, "host_queued_end": 1585585522.518828}, "device": "cpu", "nd_range": {"device_start": 2253296.7721749283, "device_end": 2253296.778445032}, "cmdq": 2, "read": {"device_start": -1, "device_end": -1}}, "FFC_sans_bias27": {"write": {"device_start": 1585585457.1118217, "host_queued_start": 1585585522.494712, "device_queued": 1585585457.1116784, "device_end": 1585585457.111873, "host_queued_end": 1585585522.499186}, "device": "gpu", "nd_range": {"device_start": 1585585457.111882, "device_end": 1585585457.1124852}, "cmdq": 1, "read": {"device_start": -1, "device_end": -1}}, "FFC_sans_bias20": {"write": {"device_start": -1, "host_queued_start": 1585585522.511754, "device_queued": -1, "device_end": -1, "host_queued_end": 1585585522.518828}, "device": "cpu", "nd_range": {"device_start": 2253296.733620114, "device_end": 2253296.746313724}, "cmdq": 2, "read": {"device_start": -1, "device_end": -1}}, "FFC_sans_bias22": {"write": {"device_start": -1, "host_queued_start": 1585585522.51386, "device_queued": -1, "device_end": -1, "host_queued_end": 1585585522.518828}, "device": "cpu", "nd_range": {"device_start": 2253296.7467894764, "device_end": 2253296.764953177}, "cmdq": 2, "read": {"device_start": -1, "device_end": -1}}, "softmax5": {"write": {"device_start": -1, "host_queued_start": 1585585522.514147, "device_queued": -1, "device_end": -1, "host_queued_end": 1585585522.518828}, "device": "cpu", "nd_range": {"device_start": 2253296.781334754, "device_end": 2253296.781928164}, "cmdq": 0, "read": {"device_start": -1, "device_end": -1}}, "FFC_sans_bias28": {"write": {"device_start": 1585585457.1119132, "host_queued_start": 1585585522.495781, "device_queued": 1585585457.11173, "device_end": 1585585457.1119442, "host_queued_end": 1585585522.499186}, "device": "gpu", "nd_range": {"device_start": 1585585457.111961, "device_end": 1585585457.112894}, "cmdq": 0, "read": {"device_start": -1, "device_end": -1}}, "FFC_sans_bias29": {"write": {"device_start": 1585585457.1126149, "host_queued_start": 1585585522.496811, "device_queued": 1585585457.1119716, "device_end": 1585585457.1126409, "host_queued_end": 1585585522.499186}, "device": "gpu", "nd_range": {"device_start": 1585585457.112645, "device_end": 1585585457.1133795}, "cmdq": 1, "read": {"device_start": -1, "device_end": -1}}, "empty17": {"write": {"device_start": -1, "host_queued_start": 1585585522.501392, "device_queued": -1, "device_end": -1, "host_queued_end": 1585585522.518828}, "device": "cpu", "nd_range": {"device_start": 2253296.708424181, "device_end": 2253296.708436394}, "cmdq": 1, "read": {"device_start": -1, "device_end": -1}}, "empty35": {"write": {"device_start": 1585585457.1117208, "host_queued_start": 1585585522.493476, "device_queued": 1585585457.1115808, "device_end": 1585585457.11177, "host_queued_end": 1585585522.499186}, "device": "gpu", "nd_range": {"device_start": 1585585457.1117759, "device_end": 1585585457.111783}, "cmdq": 0, "read": {"device_start": -1, "device_end": -1}}}