{"FFC_sans_bias4": {"write": {"device_start": -1, "host_queued_start": 1585585517.149985, "device_queued": -1, "device_end": -1, "host_queued_end": 1585585517.151721}, "device": "cpu", "nd_range": {"device_start": 2253291.353811858, "device_end": 2253291.360670561}, "cmdq": 2, "read": {"device_start": -1, "device_end": -1}}, "FFC_sans_bias7": {"write": {"device_start": -1, "host_queued_start": 1585585517.151676, "device_queued": -1, "device_end": -1, "host_queued_end": 1585585517.151721}, "device": "cpu", "nd_range": {"device_start": 2253291.364799025, "device_end": 2253291.369671219}, "cmdq": 2, "read": {"device_start": -1, "device_end": -1}}, "FFC_sans_bias6": {"write": {"device_start": -1, "host_queued_start": 1585585517.150631, "device_queued": -1, "device_end": -1, "host_queued_end": 1585585517.151721}, "device": "cpu", "nd_range": {"device_start": 2253291.360810894, "device_end": 2253291.364780466}, "cmdq": 1, "read": {"device_start": -1, "device_end": -1}}, "FFC_sans_bias1": {"write": {"device_start": -1, "host_queued_start": 1585585517.148072, "device_queued": -1, "device_end": -1, "host_queued_end": 1585585517.151721}, "device": "cpu", "nd_range": {"device_start": 2253291.341333492, "device_end": 2253291.353539553}, "cmdq": 2, "read": {"device_start": -1, "device_end": -1}}, "FFC_sans_bias0": {"write": {"device_start": -1, "host_queued_start": 1585585517.14676, "device_queued": -1, "device_end": -1, "host_queued_end": 1585585517.151721}, "device": "cpu", "nd_range": {"device_start": 2253291.341323131, "device_end": 2253291.350161577}, "cmdq": 1, "read": {"device_start": -1, "device_end": -1}}, "FFC_sans_bias2": {"write": {"device_start": -1, "host_queued_start": 1585585517.149303, "device_queued": -1, "device_end": -1, "host_queued_end": 1585585517.151721}, "device": "cpu", "nd_range": {"device_start": 2253291.3413320472, "device_end": 2253291.352808052}, "cmdq": 0, "read": {"device_start": -1, "device_end": -1}}, "FFC_sans_bias9": {"write": {"device_start": 1585585451.7569108, "host_queued_start": 1585585517.128687, "device_queued": 1585585451.7566886, "device_end": 1585585451.7569802, "host_queued_end": 1585585517.143895}, "device": "gpu", "nd_range": {"device_start": 1585585451.7569845, "device_end": 1585585451.7575903}, "cmdq": 1, "read": {"device_start": -1, "device_end": -1}}, "softmax23": {"write": {"device_start": -1, "host_queued_start": 1585585517.13944, "device_queued": -1, "device_end": -1, "host_queued_end": 1585585517.143895}, "device": "gpu", "nd_range": {"device_start": 1585585451.7630572, "device_end": 1585585451.7632573}, "cmdq": 1, "read": {"device_start": -1, "device_end": -1}}, "FFC_sans_bias11": {"write": {"device_start": 1585585451.757816, "host_queued_start": 1585585517.13079, "device_queued": 1585585451.7569337, "device_end": 1585585451.7578475, "host_queued_end": 1585585517.143895}, "device": "gpu", "nd_range": {"device_start": 1585585451.7578511, "device_end": 1585585451.7585607}, "cmdq": 1, "read": {"device_start": -1, "device_end": -1}}, "FFC_sans_bias10": {"write": {"device_start": 1585585451.7570174, "host_queued_start": 1585585517.129729, "device_queued": 1585585451.756897, "device_end": 1585585451.7570431, "host_queued_end": 1585585517.143895}, "device": "gpu", "nd_range": {"device_start": 1585585451.7570457, "device_end": 1585585451.7579875}, "cmdq": 0, "read": {"device_start": -1, "device_end": -1}}, "coalesced_transpose3": {"write": {"device_start": -1, "host_queued_start": 1585585517.149636, "device_queued": -1, "device_end": -1, "host_queued_end": 1585585517.151721}, "device": "cpu", "nd_range": {"device_start": 2253291.353550313, "device_end": 2253291.3536413712}, "cmdq": 1, "read": {"device_start": -1, "device_end": -1}}, "FFC_sans_bias34": {"write": {"device_start": 1585585451.776026, "host_queued_start": 1585585517.143788, "device_queued": 1585585451.7586074, "device_end": 1585585451.7760513, "host_queued_end": 1585585517.143895}, "device": "gpu", "nd_range": {"device_start": 1585585451.7760575, "device_end": 1585585451.776805}, "cmdq": 0, "read": {"device_start": 1585585451.7768142, "device_end": 1585585451.7768366}}, "FFC_sans_bias15": {"write": {"device_start": -1, "host_queued_start": 1585585517.139992, "device_queued": -1, "device_end": -1, "host_queued_end": 1585585517.143895}, "device": "gpu", "nd_range": {"device_start": 1585585451.7632618, "device_end": 1585585451.7638671}, "cmdq": 1, "read": {"device_start": -1, "device_end": -1}}, "FFC_sans_bias31": {"write": {"device_start": -1, "host_queued_start": 1585585517.138947, "device_queued": -1, "device_end": -1, "host_queued_end": 1585585517.143895}, "device": "gpu", "nd_range": {"device_start": 1585585451.7620783, "device_end": 1585585451.7630525}, "cmdq": 1, "read": {"device_start": -1, "device_end": -1}}, "FFC_sans_bias16": {"write": {"device_start": 1585585451.7751691, "host_queued_start": 1585585517.14164, "device_queued": 1585585451.758369, "device_end": 1585585451.7752285, "host_queued_end": 1585585517.143895}, "device": "gpu", "nd_range": {"device_start": 1585585451.775242, "device_end": 1585585451.7758522}, "cmdq": 0, "read": {"device_start": 1585585451.775855, "device_end": 1585585451.7758784}}, "FFC_sans_bias19": {"write": {"device_start": 1585585451.758716, "host_queued_start": 1585585517.132852, "device_queued": 1585585451.7571394, "device_end": 1585585451.7587478, "host_queued_end": 1585585517.143895}, "device": "gpu", "nd_range": {"device_start": 1585585451.7587526, "device_end": 1585585451.759529}, "cmdq": 1, "read": {"device_start": -1, "device_end": -1}}, "FFC_sans_bias18": {"write": {"device_start": 1585585451.7581182, "host_queued_start": 1585585517.131828, "device_queued": 1585585451.7570994, "device_end": 1585585451.75815, "host_queued_end": 1585585517.143895}, "device": "gpu", "nd_range": {"device_start": 1585585451.7581544, "device_end": 1585585451.7589886}, "cmdq": 0, "read": {"device_start": -1, "device_end": -1}}, "coalesced_transpose30": {"write": {"device_start": -1, "host_queued_start": 1585585517.137968, "device_queued": -1, "device_end": -1, "host_queued_end": 1585585517.143895}, "device": "gpu", "nd_range": {"device_start": 1585585451.7613287, "device_end": 1585585451.761341}, "cmdq": 0, "read": {"device_start": -1, "device_end": -1}}, "empty26": {"write": {"device_start": 1585585451.7567225, "host_queued_start": 1585585517.126868, "device_queued": 1585585451.7565622, "device_end": 1585585451.7568047, "host_queued_end": 1585585517.143895}, "device": "gpu", "nd_range": {"device_start": 1585585451.756808, "device_end": 1585585451.7568142}, "cmdq": 1, "read": {"device_start": -1, "device_end": -1}}, "coalesced_transpose12": {"write": {"device_start": -1, "host_queued_start": 1585585517.137372, "device_queued": -1, "device_end": -1, "host_queued_end": 1585585517.143895}, "device": "gpu", "nd_range": {"device_start": 1585585451.7609608, "device_end": 1585585451.7613277}, "cmdq": 0, "read": {"device_start": -1, "device_end": -1}}, "coalesced_transpose21": {"write": {"device_start": -1, "host_queued_start": 1585585517.137676, "device_queued": -1, "device_end": -1, "host_queued_end": 1585585517.143895}, "device": "gpu", "nd_range": {"device_start": 1585585451.7614532, "device_end": 1585585451.7614634}, "cmdq": 1, "read": {"device_start": -1, "device_end": -1}}, "softmax14": {"write": {"device_start": -1, "host_queued_start": 1585585517.139195, "device_queued": -1, "device_end": -1, "host_queued_end": 1585585517.143895}, "device": "gpu", "nd_range": {"device_start": 1585585451.7624867, "device_end": 1585585451.7630649}, "cmdq": 0, "read": {"device_start": -1, "device_end": -1}}, "FFC_sans_bias13": {"write": {"device_start": -1, "host_queued_start": 1585585517.138286, "device_queued": -1, "device_end": -1, "host_queued_end": 1585585517.143895}, "device": "gpu", "nd_range": {"device_start": 1585585451.761469, "device_end": 1585585451.762073}, "cmdq": 1, "read": {"device_start": -1, "device_end": -1}}, "empty8": {"write": {"device_start": -1, "host_queued_start": 1585585517.145342, "device_queued": -1, "device_end": -1, "host_queued_end": 1585585517.151721}, "device": "cpu", "nd_range": {"device_start": 2253291.341300128, "device_end": 2253291.341311531}, "cmdq": 0, "read": {"device_start": -1, "device_end": -1}}, "softmax32": {"write": {"device_start": -1, "host_queued_start": 1585585517.139688, "device_queued": -1, "device_end": -1, "host_queued_end": 1585585517.143895}, "device": "gpu", "nd_range": {"device_start": 1585585451.7630699, "device_end": 1585585451.7632647}, "cmdq": 0, "read": {"device_start": -1, "device_end": -1}}, "FFC_sans_bias33": {"write": {"device_start": -1, "host_queued_start": 1585585517.140631, "device_queued": -1, "device_end": -1, "host_queued_end": 1585585517.143895}, "device": "gpu", "nd_range": {"device_start": 1585585451.7638721, "device_end": 1585585451.7648346}, "cmdq": 1, "read": {"device_start": -1, "device_end": -1}}, "FFC_sans_bias24": {"write": {"device_start": -1, "host_queued_start": 1585585517.140317, "device_queued": -1, "device_end": -1, "host_queued_end": 1585585517.143895}, "device": "gpu", "nd_range": {"device_start": 1585585451.7632692, "device_end": 1585585451.7642775}, "cmdq": 0, "read": {"device_start": -1, "device_end": -1}}, "FFC_sans_bias25": {"write": {"device_start": 1585585451.7752535, "host_queued_start": 1585585517.142718, "device_queued": 1585585451.7584114, "device_end": 1585585451.7752802, "host_queued_end": 1585585517.143895}, "device": "gpu", "nd_range": {"device_start": 1585585451.775287, "device_end": 1585585451.7762475}, "cmdq": 1, "read": {"device_start": 1585585451.7762563, "device_end": 1585585451.776282}}, "FFC_sans_bias27": {"write": {"device_start": 1585585451.7596607, "host_queued_start": 1585585517.134986, "device_queued": 1585585451.7573273, "device_end": 1585585451.7596924, "host_queued_end": 1585585517.143895}, "device": "gpu", "nd_range": {"device_start": 1585585451.7596965, "device_end": 1585585451.760505}, "cmdq": 1, "read": {"device_start": -1, "device_end": -1}}, "FFC_sans_bias20": {"write": {"device_start": 1585585451.759121, "host_queued_start": 1585585517.133889, "device_queued": 1585585451.757288, "device_end": 1585585451.759154, "host_queued_end": 1585585517.143895}, "device": "gpu", "nd_range": {"device_start": 1585585451.7591574, "device_end": 1585585451.759989}, "cmdq": 0, "read": {"device_start": -1, "device_end": -1}}, "FFC_sans_bias22": {"write": {"device_start": -1, "host_queued_start": 1585585517.138634, "device_queued": -1, "device_end": -1, "host_queued_end": 1585585517.143895}, "device": "gpu", "nd_range": {"device_start": 1585585451.7614763, "device_end": 1585585451.7624815}, "cmdq": 0, "read": {"device_start": -1, "device_end": -1}}, "softmax5": {"write": {"device_start": -1, "host_queued_start": 1585585517.150262, "device_queued": -1, "device_end": -1, "host_queued_end": 1585585517.151721}, "device": "cpu", "nd_range": {"device_start": 2253291.360687899, "device_end": 2253291.3607872063}, "cmdq": 0, "read": {"device_start": -1, "device_end": -1}}, "FFC_sans_bias28": {"write": {"device_start": 1585585451.7601106, "host_queued_start": 1585585517.13601, "device_queued": 1585585451.7574754, "device_end": 1585585451.7601445, "host_queued_end": 1585585517.143895}, "device": "gpu", "nd_range": {"device_start": 1585585451.760148, "device_end": 1585585451.7609596}, "cmdq": 0, "read": {"device_start": -1, "device_end": -1}}, "FFC_sans_bias29": {"write": {"device_start": 1585585451.7606294, "host_queued_start": 1585585517.137046, "device_queued": 1585585451.757515, "device_end": 1585585451.7606623, "host_queued_end": 1585585517.143895}, "device": "gpu", "nd_range": {"device_start": 1585585451.7606678, "device_end": 1585585451.7614517}, "cmdq": 1, "read": {"device_start": -1, "device_end": -1}}, "empty17": {"write": {"device_start": 1585585451.7565854, "host_queued_start": 1585585517.125716, "device_queued": 1585585451.7564607, "device_end": 1585585451.7566524, "host_queued_end": 1585585517.143895}, "device": "gpu", "nd_range": {"device_start": 1585585451.756655, "device_end": 1585585451.7566624}, "cmdq": 0, "read": {"device_start": -1, "device_end": -1}}, "empty35": {"write": {"device_start": 1585585451.756815, "host_queued_start": 1585585517.127719, "device_queued": 1585585451.756661, "device_end": 1585585451.7568402, "host_queued_end": 1585585517.143895}, "device": "gpu", "nd_range": {"device_start": 1585585451.7568479, "device_end": 1585585451.756852}, "cmdq": 0, "read": {"device_start": -1, "device_end": -1}}}