{"FFC_sans_bias4": {"write": {"device_start": -1, "host_queued_start": 1585585665.011945, "device_queued": -1, "device_end": -1, "host_queued_end": 1585585665.013704}, "device": "cpu", "nd_range": {"device_start": 2253439.217235547, "device_end": 2253439.221409359}, "cmdq": 1, "read": {"device_start": -1, "device_end": -1}}, "FFC_sans_bias7": {"write": {"device_start": -1, "host_queued_start": 1585585665.013658, "device_queued": -1, "device_end": -1, "host_queued_end": 1585585665.013704}, "device": "cpu", "nd_range": {"device_start": 2253439.2269192883, "device_end": 2253439.23306473}, "cmdq": 0, "read": {"device_start": -1, "device_end": -1}}, "FFC_sans_bias6": {"write": {"device_start": -1, "host_queued_start": 1585585665.012581, "device_queued": -1, "device_end": -1, "host_queued_end": 1585585665.013704}, "device": "cpu", "nd_range": {"device_start": 2253439.2218748643, "device_end": 2253439.22688735}, "cmdq": 3, "read": {"device_start": -1, "device_end": -1}}, "FFC_sans_bias1": {"write": {"device_start": -1, "host_queued_start": 1585585665.010053, "device_queued": -1, "device_end": -1, "host_queued_end": 1585585665.013704}, "device": "cpu", "nd_range": {"device_start": 2253439.203281795, "device_end": 2253439.210952857}, "cmdq": 2, "read": {"device_start": -1, "device_end": -1}}, "FFC_sans_bias0": {"write": {"device_start": -1, "host_queued_start": 1585585665.008878, "device_queued": -1, "device_end": -1, "host_queued_end": 1585585665.013704}, "device": "cpu", "nd_range": {"device_start": 2253439.203269454, "device_end": 2253439.2169461544}, "cmdq": 1, "read": {"device_start": -1, "device_end": -1}}, "FFC_sans_bias2": {"write": {"device_start": -1, "host_queued_start": 1585585665.01122, "device_queued": -1, "device_end": -1, "host_queued_end": 1585585665.013704}, "device": "cpu", "nd_range": {"device_start": 2253439.2032955703, "device_end": 2253439.2170565003}, "cmdq": 3, "read": {"device_start": -1, "device_end": -1}}, "FFC_sans_bias9": {"write": {"device_start": 1585585599.6152296, "host_queued_start": 1585585664.988418, "device_queued": 1585585599.614975, "device_end": 1585585599.6152537, "host_queued_end": 1585585665.005947}, "device": "gpu", "nd_range": {"device_start": 1585585599.615271, "device_end": 1585585599.6158807}, "cmdq": 3, "read": {"device_start": -1, "device_end": -1}}, "softmax23": {"write": {"device_start": -1, "host_queued_start": 1585585664.999293, "device_queued": -1, "device_end": -1, "host_queued_end": 1585585665.005947}, "device": "gpu", "nd_range": {"device_start": 1585585599.6211898, "device_end": 1585585599.6218793}, "cmdq": 3, "read": {"device_start": -1, "device_end": -1}}, "FFC_sans_bias11": {"write": {"device_start": 1585585599.6154444, "host_queued_start": 1585585664.990537, "device_queued": 1585585599.615322, "device_end": 1585585599.6154737, "host_queued_end": 1585585665.005947}, "device": "gpu", "nd_range": {"device_start": 1585585599.6155097, "device_end": 1585585599.6169748}, "cmdq": 1, "read": {"device_start": -1, "device_end": -1}}, "FFC_sans_bias10": {"write": {"device_start": 1585585599.615362, "host_queued_start": 1585585664.989494, "device_queued": 1585585599.6152747, "device_end": 1585585599.6154203, "host_queued_end": 1585585665.005947}, "device": "gpu", "nd_range": {"device_start": 1585585599.6154234, "device_end": 1585585599.6162844}, "cmdq": 0, "read": {"device_start": -1, "device_end": -1}}, "coalesced_transpose3": {"write": {"device_start": -1, "host_queued_start": 1585585665.011592, "device_queued": -1, "device_end": -1, "host_queued_end": 1585585665.013704}, "device": "cpu", "nd_range": {"device_start": 2253439.211396322, "device_end": 2253439.211651152}, "cmdq": 0, "read": {"device_start": -1, "device_end": -1}}, "FFC_sans_bias34": {"write": {"device_start": 1585585599.6266835, "host_queued_start": 1585585665.005767, "device_queued": 1585585599.61679, "device_end": 1585585599.6267467, "host_queued_end": 1585585665.005947}, "device": "gpu", "nd_range": {"device_start": 1585585599.6267552, "device_end": 1585585599.6273525}, "cmdq": 2, "read": {"device_start": 1585585599.6273606, "device_end": 1585585599.6273825}}, "FFC_sans_bias15": {"write": {"device_start": -1, "host_queued_start": 1585585664.999848, "device_queued": -1, "device_end": -1, "host_queued_end": 1585585665.005947}, "device": "gpu", "nd_range": {"device_start": 1585585599.621888, "device_end": 1585585599.6224895}, "cmdq": 1, "read": {"device_start": -1, "device_end": -1}}, "FFC_sans_bias31": {"write": {"device_start": -1, "host_queued_start": 1585585664.998797, "device_queued": -1, "device_end": -1, "host_queued_end": 1585585665.005947}, "device": "gpu", "nd_range": {"device_start": 1585585599.6200871, "device_end": 1585585599.621774}, "cmdq": 1, "read": {"device_start": -1, "device_end": -1}}, "FFC_sans_bias16": {"write": {"device_start": 1585585599.6227005, "host_queued_start": 1585585665.001981, "device_queued": 1585585599.6166155, "device_end": 1585585599.6227808, "host_queued_end": 1585585665.005947}, "device": "gpu", "nd_range": {"device_start": 1585585599.6229897, "device_end": 1585585599.6239872}, "cmdq": 0, "read": {"device_start": 1585585599.623992, "device_end": 1585585599.624016}}, "FFC_sans_bias19": {"write": {"device_start": 1585585599.6159556, "host_queued_start": 1585585664.992666, "device_queued": 1585585599.6154804, "device_end": 1585585599.6159852, "host_queued_end": 1585585665.005947}, "device": "gpu", "nd_range": {"device_start": 1585585599.6159883, "device_end": 1585585599.618067}, "cmdq": 3, "read": {"device_start": -1, "device_end": -1}}, "FFC_sans_bias18": {"write": {"device_start": 1585585599.615528, "host_queued_start": 1585585664.991626, "device_queued": 1585585599.61545, "device_end": 1585585599.6155589, "host_queued_end": 1585585665.005947}, "device": "gpu", "nd_range": {"device_start": 1585585599.6155615, "device_end": 1585585599.6173723}, "cmdq": 2, "read": {"device_start": -1, "device_end": -1}}, "coalesced_transpose30": {"write": {"device_start": -1, "host_queued_start": 1585585664.997812, "device_queued": -1, "device_end": -1, "host_queued_end": 1585585665.005947}, "device": "gpu", "nd_range": {"device_start": 1585585599.6195748, "device_end": 1585585599.6199806}, "cmdq": 2, "read": {"device_start": -1, "device_end": -1}}, "empty26": {"write": {"device_start": 1585585599.6150534, "host_queued_start": 1585585664.98655, "device_queued": 1585585599.6149254, "device_end": 1585585599.61512, "host_queued_end": 1585585665.005947}, "device": "gpu", "nd_range": {"device_start": 1585585599.615127, "device_end": 1585585599.615131}, "cmdq": 1, "read": {"device_start": -1, "device_end": -1}}, "coalesced_transpose12": {"write": {"device_start": -1, "host_queued_start": 1585585664.997214, "device_queued": -1, "device_end": -1, "host_queued_end": 1585585665.005947}, "device": "gpu", "nd_range": {"device_start": 1585585599.618465, "device_end": 1585585599.6199682}, "cmdq": 0, "read": {"device_start": -1, "device_end": -1}}, "coalesced_transpose21": {"write": {"device_start": -1, "host_queued_start": 1585585664.997516, "device_queued": -1, "device_end": -1, "host_queued_end": 1585585665.005947}, "device": "gpu", "nd_range": {"device_start": 1585585599.6191628, "device_end": 1585585599.6199696}, "cmdq": 1, "read": {"device_start": -1, "device_end": -1}}, "softmax14": {"write": {"device_start": -1, "host_queued_start": 1585585664.999047, "device_queued": -1, "device_end": -1, "host_queued_end": 1585585665.005947}, "device": "gpu", "nd_range": {"device_start": 1585585599.620783, "device_end": 1585585599.6218758}, "cmdq": 2, "read": {"device_start": -1, "device_end": -1}}, "FFC_sans_bias13": {"write": {"device_start": -1, "host_queued_start": 1585585664.998133, "device_queued": -1, "device_end": -1, "host_queued_end": 1585585665.005947}, "device": "gpu", "nd_range": {"device_start": 1585585599.620065, "device_end": 1585585599.6207716}, "cmdq": 3, "read": {"device_start": -1, "device_end": -1}}, "empty8": {"write": {"device_start": -1, "host_queued_start": 1585585665.007657, "device_queued": -1, "device_end": -1, "host_queued_end": 1585585665.013704}, "device": "cpu", "nd_range": {"device_start": 2253439.203248326, "device_end": 2253439.203257957}, "cmdq": 0, "read": {"device_start": -1, "device_end": -1}}, "softmax32": {"write": {"device_start": -1, "host_queued_start": 1585585664.999535, "device_queued": -1, "device_end": -1, "host_queued_end": 1585585665.005947}, "device": "gpu", "nd_range": {"device_start": 1585585599.6217859, "device_end": 1585585599.6220775}, "cmdq": 0, "read": {"device_start": -1, "device_end": -1}}, "FFC_sans_bias33": {"write": {"device_start": -1, "host_queued_start": 1585585665.000502, "device_queued": -1, "device_end": -1, "host_queued_end": 1585585665.005947}, "device": "gpu", "nd_range": {"device_start": 1585585599.622087, "device_end": 1585585599.6235852}, "cmdq": 3, "read": {"device_start": -1, "device_end": -1}}, "FFC_sans_bias24": {"write": {"device_start": -1, "host_queued_start": 1585585665.000165, "device_queued": -1, "device_end": -1, "host_queued_end": 1585585665.005947}, "device": "gpu", "nd_range": {"device_start": 1585585599.621893, "device_end": 1585585599.6229827}, "cmdq": 2, "read": {"device_start": -1, "device_end": -1}}, "FFC_sans_bias25": {"write": {"device_start": 1585585599.622787, "host_queued_start": 1585585665.004043, "device_queued": 1585585599.6166708, "device_end": 1585585599.6228113, "host_queued_end": 1585585665.005947}, "device": "gpu", "nd_range": {"device_start": 1585585599.6229963, "device_end": 1585585599.624471}, "cmdq": 1, "read": {"device_start": 1585585599.624477, "device_end": 1585585599.6245005}}, "FFC_sans_bias27": {"write": {"device_start": 1585585599.6170492, "host_queued_start": 1585585664.994778, "device_queued": 1585585599.6157, "device_end": 1585585599.6170764, "host_queued_end": 1585585665.005947}, "device": "gpu", "nd_range": {"device_start": 1585585599.6170805, "device_end": 1585585599.6191602}, "cmdq": 1, "read": {"device_start": -1, "device_end": -1}}, "FFC_sans_bias20": {"write": {"device_start": 1585585599.616375, "host_queued_start": 1585585664.993711, "device_queued": 1585585599.6156557, "device_end": 1585585599.6164045, "host_queued_end": 1585585665.005947}, "device": "gpu", "nd_range": {"device_start": 1585585599.616566, "device_end": 1585585599.6184633}, "cmdq": 0, "read": {"device_start": -1, "device_end": -1}}, "FFC_sans_bias22": {"write": {"device_start": -1, "host_queued_start": 1585585664.998449, "device_queued": -1, "device_end": -1, "host_queued_end": 1585585665.005947}, "device": "gpu", "nd_range": {"device_start": 1585585599.620073, "device_end": 1585585599.6211827}, "cmdq": 0, "read": {"device_start": -1, "device_end": -1}}, "softmax5": {"write": {"device_start": -1, "host_queued_start": 1585585665.01223, "device_queued": -1, "device_end": -1, "host_queued_end": 1585585665.013704}, "device": "cpu", "nd_range": {"device_start": 2253439.221643073, "device_end": 2253439.221864513}, "cmdq": 2, "read": {"device_start": -1, "device_end": -1}}, "FFC_sans_bias28": {"write": {"device_start": 1585585599.617451, "host_queued_start": 1585585664.995812, "device_queued": 1585585599.615834, "device_end": 1585585599.6174827, "host_queued_end": 1585585665.005947}, "device": "gpu", "nd_range": {"device_start": 1585585599.617487, "device_end": 1585585599.6195738}, "cmdq": 2, "read": {"device_start": -1, "device_end": -1}}, "FFC_sans_bias29": {"write": {"device_start": 1585585599.618163, "host_queued_start": 1585585664.996889, "device_queued": 1585585599.6158633, "device_end": 1585585599.6181948, "host_queued_end": 1585585665.005947}, "device": "gpu", "nd_range": {"device_start": 1585585599.6182036, "device_end": 1585585599.6200562}, "cmdq": 3, "read": {"device_start": -1, "device_end": -1}}, "empty17": {"write": {"device_start": 1585585599.6149507, "host_queued_start": 1585585664.985508, "device_queued": 1585585599.6147926, "device_end": 1585585599.6150284, "host_queued_end": 1585585665.005947}, "device": "gpu", "nd_range": {"device_start": 1585585599.615082, "device_end": 1585585599.6151252}, "cmdq": 0, "read": {"device_start": -1, "device_end": -1}}, "empty35": {"write": {"device_start": 1585585599.6151435, "host_queued_start": 1585585664.987422, "device_queued": 1585585599.6149495, "device_end": 1585585599.615217, "host_queued_end": 1585585665.005947}, "device": "gpu", "nd_range": {"device_start": 1585585599.6152654, "device_end": 1585585599.6152735}, "cmdq": 2, "read": {"device_start": -1, "device_end": -1}}}