{"FFC_sans_bias4": {"write": {"device_start": -1, "host_queued_start": 1585585697.117689, "device_queued": -1, "device_end": -1, "host_queued_end": 1585585697.123461}, "device": "cpu", "nd_range": {"device_start": 2253471.353587823, "device_end": 2253471.357893931}, "cmdq": 0, "read": {"device_start": -1, "device_end": -1}}, "FFC_sans_bias7": {"write": {"device_start": -1, "host_queued_start": 1585585697.121396, "device_queued": -1, "device_end": -1, "host_queued_end": 1585585697.123461}, "device": "cpu", "nd_range": {"device_start": 2253471.38149798, "device_end": 2253471.386126492}, "cmdq": 0, "read": {"device_start": -1, "device_end": -1}}, "FFC_sans_bias6": {"write": {"device_start": -1, "host_queued_start": 1585585697.119679, "device_queued": -1, "device_end": -1, "host_queued_end": 1585585697.123461}, "device": "cpu", "nd_range": {"device_start": 2253471.367869798, "device_end": 2253471.372190398}, "cmdq": 0, "read": {"device_start": -1, "device_end": -1}}, "FFC_sans_bias1": {"write": {"device_start": -1, "host_queued_start": 1585585697.108946, "device_queued": -1, "device_end": -1, "host_queued_end": 1585585697.123461}, "device": "cpu", "nd_range": {"device_start": 2253471.317338272, "device_end": 2253471.321536364}, "cmdq": 0, "read": {"device_start": -1, "device_end": -1}}, "FFC_sans_bias0": {"write": {"device_start": -1, "host_queued_start": 1585585697.107854, "device_queued": -1, "device_end": -1, "host_queued_end": 1585585697.123461}, "device": "cpu", "nd_range": {"device_start": 2253471.3130891803, "device_end": 2253471.317319467}, "cmdq": 0, "read": {"device_start": -1, "device_end": -1}}, "FFC_sans_bias2": {"write": {"device_start": -1, "host_queued_start": 1585585697.110005, "device_queued": -1, "device_end": -1, "host_queued_end": 1585585697.123461}, "device": "cpu", "nd_range": {"device_start": 2253471.3215552093, "device_end": 2253471.325518073}, "cmdq": 0, "read": {"device_start": -1, "device_end": -1}}, "FFC_sans_bias9": {"write": {"device_start": -1, "host_queued_start": 1585585697.111077, "device_queued": -1, "device_end": -1, "host_queued_end": 1585585697.123461}, "device": "cpu", "nd_range": {"device_start": 2253471.325522963, "device_end": 2253471.3294671653}, "cmdq": 0, "read": {"device_start": -1, "device_end": -1}}, "softmax23": {"write": {"device_start": -1, "host_queued_start": 1585585697.119337, "device_queued": -1, "device_end": -1, "host_queued_end": 1585585697.123461}, "device": "cpu", "nd_range": {"device_start": 2253471.367637754, "device_end": 2253471.3677559523}, "cmdq": 0, "read": {"device_start": -1, "device_end": -1}}, "FFC_sans_bias11": {"write": {"device_start": -1, "host_queued_start": 1585585697.113178, "device_queued": -1, "device_end": -1, "host_queued_end": 1585585697.123461}, "device": "cpu", "nd_range": {"device_start": 2253471.334247684, "device_end": 2253471.338979817}, "cmdq": 0, "read": {"device_start": -1, "device_end": -1}}, "FFC_sans_bias10": {"write": {"device_start": -1, "host_queued_start": 1585585697.112135, "device_queued": -1, "device_end": -1, "host_queued_end": 1585585697.123461}, "device": "cpu", "nd_range": {"device_start": 2253471.3294725823, "device_end": 2253471.334242621}, "cmdq": 0, "read": {"device_start": -1, "device_end": -1}}, "coalesced_transpose3": {"write": {"device_start": -1, "host_queued_start": 1585585697.116688, "device_queued": -1, "device_end": -1, "host_queued_end": 1585585697.123461}, "device": "cpu", "nd_range": {"device_start": 2253471.3528358233, "device_end": 2253471.353008314}, "cmdq": 0, "read": {"device_start": -1, "device_end": -1}}, "FFC_sans_bias34": {"write": {"device_start": 1585585631.7136147, "host_queued_start": 1585585697.103582, "device_queued": 1585585631.7121067, "device_end": 1585585631.7136395, "host_queued_end": 1585585697.103694}, "device": "gpu", "nd_range": {"device_start": 1585585631.7148857, "device_end": 1585585631.7153866}, "cmdq": 3, "read": {"device_start": 1585585631.7153933, "device_end": 1585585631.7154167}}, "FFC_sans_bias15": {"write": {"device_start": -1, "host_queued_start": 1585585697.120019, "device_queued": -1, "device_end": -1, "host_queued_end": 1585585697.123461}, "device": "cpu", "nd_range": {"device_start": 2253471.372196164, "device_end": 2253471.3767519724}, "cmdq": 0, "read": {"device_start": -1, "device_end": -1}}, "FFC_sans_bias31": {"write": {"device_start": -1, "host_queued_start": 1585585697.101875, "device_queued": -1, "device_end": -1, "host_queued_end": 1585585697.103694}, "device": "gpu", "nd_range": {"device_start": 1585585631.713486, "device_end": 1585585631.714086}, "cmdq": 0, "read": {"device_start": -1, "device_end": -1}}, "FFC_sans_bias16": {"write": {"device_start": -1, "host_queued_start": 1585585697.122409, "device_queued": -1, "device_end": -1, "host_queued_end": 1585585697.123461}, "device": "cpu", "nd_range": {"device_start": 2253471.38612974, "device_end": 2253471.3904307373}, "cmdq": 0, "read": {"device_start": -1, "device_end": -1}}, "FFC_sans_bias19": {"write": {"device_start": -1, "host_queued_start": 1585585697.115318, "device_queued": -1, "device_end": -1, "host_queued_end": 1585585697.123461}, "device": "cpu", "nd_range": {"device_start": 2253471.343534557, "device_end": 2253471.348062469}, "cmdq": 0, "read": {"device_start": -1, "device_end": -1}}, "FFC_sans_bias18": {"write": {"device_start": -1, "host_queued_start": 1585585697.114244, "device_queued": -1, "device_end": -1, "host_queued_end": 1585585697.123461}, "device": "cpu", "nd_range": {"device_start": 2253471.33898491, "device_end": 2253471.3435298763}, "cmdq": 0, "read": {"device_start": -1, "device_end": -1}}, "coalesced_transpose30": {"write": {"device_start": -1, "host_queued_start": 1585585697.101532, "device_queued": -1, "device_end": -1, "host_queued_end": 1585585697.103694}, "device": "gpu", "nd_range": {"device_start": 1585585631.712922, "device_end": 1585585631.7133217}, "cmdq": 4, "read": {"device_start": -1, "device_end": -1}}, "empty26": {"write": {"device_start": -1, "host_queued_start": 1585585697.106895, "device_queued": -1, "device_end": -1, "host_queued_end": 1585585697.123461}, "device": "cpu", "nd_range": {"device_start": 2253471.313083102, "device_end": 2253471.313084177}, "cmdq": 0, "read": {"device_start": -1, "device_end": -1}}, "coalesced_transpose12": {"write": {"device_start": -1, "host_queued_start": 1585585697.117013, "device_queued": -1, "device_end": -1, "host_queued_end": 1585585697.123461}, "device": "cpu", "nd_range": {"device_start": 2253471.3531449093, "device_end": 2253471.3532468183}, "cmdq": 0, "read": {"device_start": -1, "device_end": -1}}, "coalesced_transpose21": {"write": {"device_start": -1, "host_queued_start": 1585585697.117341, "device_queued": -1, "device_end": -1, "host_queued_end": 1585585697.123461}, "device": "cpu", "nd_range": {"device_start": 2253471.35336904, "device_end": 2253471.353468208}, "cmdq": 0, "read": {"device_start": -1, "device_end": -1}}, "softmax14": {"write": {"device_start": -1, "host_queued_start": 1585585697.119068, "device_queued": -1, "device_end": -1, "host_queued_end": 1585585697.123461}, "device": "cpu", "nd_range": {"device_start": 2253471.3674283433, "device_end": 2253471.367632024}, "cmdq": 0, "read": {"device_start": -1, "device_end": -1}}, "FFC_sans_bias13": {"write": {"device_start": -1, "host_queued_start": 1585585697.118136, "device_queued": -1, "device_end": -1, "host_queued_end": 1585585697.123461}, "device": "cpu", "nd_range": {"device_start": 2253471.357900436, "device_end": 2253471.3626267123}, "cmdq": 0, "read": {"device_start": -1, "device_end": -1}}, "empty8": {"write": {"device_start": -1, "host_queued_start": 1585585697.104993, "device_queued": -1, "device_end": -1, "host_queued_end": 1585585697.123461}, "device": "cpu", "nd_range": {"device_start": 2253471.313047369, "device_end": 2253471.31305789}, "cmdq": 0, "read": {"device_start": -1, "device_end": -1}}, "softmax32": {"write": {"device_start": -1, "host_queued_start": 1585585697.102127, "device_queued": -1, "device_end": -1, "host_queued_end": 1585585697.103694}, "device": "gpu", "nd_range": {"device_start": 1585585631.7140937, "device_end": 1585585631.7142842}, "cmdq": 1, "read": {"device_start": -1, "device_end": -1}}, "FFC_sans_bias33": {"write": {"device_start": -1, "host_queued_start": 1585585697.102493, "device_queued": -1, "device_end": -1, "host_queued_end": 1585585697.103694}, "device": "gpu", "nd_range": {"device_start": 1585585631.7142909, "device_end": 1585585631.7148814}, "cmdq": 2, "read": {"device_start": -1, "device_end": -1}}, "FFC_sans_bias24": {"write": {"device_start": -1, "host_queued_start": 1585585697.120357, "device_queued": -1, "device_end": -1, "host_queued_end": 1585585697.123461}, "device": "cpu", "nd_range": {"device_start": 2253471.376757652, "device_end": 2253471.38149188}, "cmdq": 0, "read": {"device_start": -1, "device_end": -1}}, "FFC_sans_bias25": {"write": {"device_start": -1, "host_queued_start": 1585585697.123417, "device_queued": -1, "device_end": -1, "host_queued_end": 1585585697.123461}, "device": "cpu", "nd_range": {"device_start": 2253471.3904335382, "device_end": 2253471.39497894}, "cmdq": 0, "read": {"device_start": -1, "device_end": -1}}, "FFC_sans_bias27": {"write": {"device_start": 1585585631.7116337, "host_queued_start": 1585585697.09886, "device_queued": 1585585631.7115417, "device_end": 1585585631.7116745, "host_queued_end": 1585585697.103694}, "device": "gpu", "nd_range": {"device_start": 1585585631.7118914, "device_end": 1585585631.7125034}, "cmdq": 1, "read": {"device_start": -1, "device_end": -1}}, "FFC_sans_bias20": {"write": {"device_start": -1, "host_queued_start": 1585585697.116362, "device_queued": -1, "device_end": -1, "host_queued_end": 1585585697.123461}, "device": "cpu", "nd_range": {"device_start": 2253471.348066994, "device_end": 2253471.352831109}, "cmdq": 0, "read": {"device_start": -1, "device_end": -1}}, "FFC_sans_bias22": {"write": {"device_start": -1, "host_queued_start": 1585585697.118488, "device_queued": -1, "device_end": -1, "host_queued_end": 1585585697.123461}, "device": "cpu", "nd_range": {"device_start": 2253471.362632233, "device_end": 2253471.3671702393}, "cmdq": 0, "read": {"device_start": -1, "device_end": -1}}, "softmax5": {"write": {"device_start": -1, "host_queued_start": 1585585697.118794, "device_queued": -1, "device_end": -1, "host_queued_end": 1585585697.123461}, "device": "cpu", "nd_range": {"device_start": 2253471.367175287, "device_end": 2253471.3673151582}, "cmdq": 0, "read": {"device_start": -1, "device_end": -1}}, "FFC_sans_bias28": {"write": {"device_start": 1585585631.711729, "host_queued_start": 1585585697.099994, "device_queued": 1585585631.7115805, "device_end": 1585585631.7118006, "host_queued_end": 1585585697.103694}, "device": "gpu", "nd_range": {"device_start": 1585585631.7119083, "device_end": 1585585631.712912}, "cmdq": 2, "read": {"device_start": -1, "device_end": -1}}, "FFC_sans_bias29": {"write": {"device_start": 1585585631.7118125, "host_queued_start": 1585585697.101115, "device_queued": 1585585631.7115998, "device_end": 1585585631.7118354, "host_queued_end": 1585585697.103694}, "device": "gpu", "nd_range": {"device_start": 1585585631.711923, "device_end": 1585585631.7134833}, "cmdq": 3, "read": {"device_start": -1, "device_end": -1}}, "empty17": {"write": {"device_start": -1, "host_queued_start": 1585585697.105952, "device_queued": -1, "device_end": -1, "host_queued_end": 1585585697.123461}, "device": "cpu", "nd_range": {"device_start": 2253471.313076015, "device_end": 2253471.313077265}, "cmdq": 0, "read": {"device_start": -1, "device_end": -1}}, "empty35": {"write": {"device_start": 1585585631.7115443, "host_queued_start": 1585585697.097593, "device_queued": 1585585631.7114308, "device_end": 1585585631.711573, "host_queued_end": 1585585697.103694}, "device": "gpu", "nd_range": {"device_start": 1585585631.7115757, "device_end": 1585585631.711581}, "cmdq": 0, "read": {"device_start": -1, "device_end": -1}}}