{"FFC_sans_bias4": {"write": {"device_start": -1, "host_queued_start": 1585585436.637244, "device_queued": -1, "device_end": -1, "host_queued_end": 1585585436.639008}, "device": "cpu", "nd_range": {"device_start": 2253210.8408106463, "device_end": 2253210.844788785}, "cmdq": 1, "read": {"device_start": -1, "device_end": -1}}, "FFC_sans_bias7": {"write": {"device_start": -1, "host_queued_start": 1585585436.638963, "device_queued": -1, "device_end": -1, "host_queued_end": 1585585436.639008}, "device": "cpu", "nd_range": {"device_start": 2253210.84968669, "device_end": 2253210.854927674}, "cmdq": 0, "read": {"device_start": -1, "device_end": -1}}, "FFC_sans_bias6": {"write": {"device_start": -1, "host_queued_start": 1585585436.637889, "device_queued": -1, "device_end": -1, "host_queued_end": 1585585436.639008}, "device": "cpu", "nd_range": {"device_start": 2253210.845140851, "device_end": 2253210.849676501}, "cmdq": 1, "read": {"device_start": -1, "device_end": -1}}, "FFC_sans_bias1": {"write": {"device_start": -1, "host_queued_start": 1585585436.635289, "device_queued": -1, "device_end": -1, "host_queued_end": 1585585436.639008}, "device": "cpu", "nd_range": {"device_start": 2253210.8286099643, "device_end": 2253210.836714207}, "cmdq": 0, "read": {"device_start": -1, "device_end": -1}}, "FFC_sans_bias0": {"write": {"device_start": -1, "host_queued_start": 1585585436.634153, "device_queued": -1, "device_end": -1, "host_queued_end": 1585585436.639008}, "device": "cpu", "nd_range": {"device_start": 2253210.8286039773, "device_end": 2253210.836712987}, "cmdq": 1, "read": {"device_start": -1, "device_end": -1}}, "FFC_sans_bias2": {"write": {"device_start": -1, "host_queued_start": 1585585436.636406, "device_queued": -1, "device_end": -1, "host_queued_end": 1585585436.639008}, "device": "cpu", "nd_range": {"device_start": 2253210.8367391364, "device_end": 2253210.840793819}, "cmdq": 1, "read": {"device_start": -1, "device_end": -1}}, "FFC_sans_bias9": {"write": {"device_start": 1585585371.2469554, "host_queued_start": 1585585436.616387, "device_queued": 1585585371.2465944, "device_end": 1585585371.2469864, "host_queued_end": 1585585436.631619}, "device": "gpu", "nd_range": {"device_start": 1585585371.2469919, "device_end": 1585585371.2475858}, "cmdq": 0, "read": {"device_start": -1, "device_end": -1}}, "softmax23": {"write": {"device_start": -1, "host_queued_start": 1585585436.62722, "device_queued": -1, "device_end": -1, "host_queued_end": 1585585436.631619}, "device": "gpu", "nd_range": {"device_start": 1585585371.255396, "device_end": 1585585371.2556043}, "cmdq": 0, "read": {"device_start": -1, "device_end": -1}}, "FFC_sans_bias11": {"write": {"device_start": 1585585371.2484186, "host_queued_start": 1585585436.618457, "device_queued": 1585585371.2468483, "device_end": 1585585371.2484477, "host_queued_end": 1585585436.631619}, "device": "gpu", "nd_range": {"device_start": 1585585371.2484562, "device_end": 1585585371.249052}, "cmdq": 0, "read": {"device_start": -1, "device_end": -1}}, "FFC_sans_bias10": {"write": {"device_start": 1585585371.2476835, "host_queued_start": 1585585436.617423, "device_queued": 1585585371.2468073, "device_end": 1585585371.2477129, "host_queued_end": 1585585436.631619}, "device": "gpu", "nd_range": {"device_start": 1585585371.2477157, "device_end": 1585585371.2483163}, "cmdq": 0, "read": {"device_start": -1, "device_end": -1}}, "coalesced_transpose3": {"write": {"device_start": -1, "host_queued_start": 1585585436.63684, "device_queued": -1, "device_end": -1, "host_queued_end": 1585585436.639008}, "device": "cpu", "nd_range": {"device_start": 2253210.8367342963, "device_end": 2253210.8368766033}, "cmdq": 0, "read": {"device_start": -1, "device_end": -1}}, "FFC_sans_bias34": {"write": {"device_start": 1585585371.259427, "host_queued_start": 1585585436.631519, "device_queued": 1585585371.2482548, "device_end": 1585585371.2594504, "host_queued_end": 1585585436.631619}, "device": "gpu", "nd_range": {"device_start": 1585585371.2594538, "device_end": 1585585371.2600505}, "cmdq": 0, "read": {"device_start": 1585585371.2600527, "device_end": 1585585371.2600744}}, "FFC_sans_bias15": {"write": {"device_start": -1, "host_queued_start": 1585585436.627775, "device_queued": -1, "device_end": -1, "host_queued_end": 1585585436.631619}, "device": "gpu", "nd_range": {"device_start": 1585585371.2558076, "device_end": 1585585371.2564034}, "cmdq": 0, "read": {"device_start": -1, "device_end": -1}}, "FFC_sans_bias31": {"write": {"device_start": -1, "host_queued_start": 1585585436.626723, "device_queued": -1, "device_end": -1, "host_queued_end": 1585585436.631619}, "device": "gpu", "nd_range": {"device_start": 1585585371.2545855, "device_end": 1585585371.2551808}, "cmdq": 0, "read": {"device_start": -1, "device_end": -1}}, "FFC_sans_bias16": {"write": {"device_start": 1585585371.2578576, "host_queued_start": 1585585436.629412, "device_queued": 1585585371.2480402, "device_end": 1585585371.2578819, "host_queued_end": 1585585436.631619}, "device": "gpu", "nd_range": {"device_start": 1585585371.2578847, "device_end": 1585585371.2584805}, "cmdq": 0, "read": {"device_start": 1585585371.258482, "device_end": 1585585371.2585068}}, "FFC_sans_bias19": {"write": {"device_start": 1585585371.249838, "host_queued_start": 1585585436.620571, "device_queued": 1585585371.247097, "device_end": 1585585371.2498684, "host_queued_end": 1585585436.631619}, "device": "gpu", "nd_range": {"device_start": 1585585371.2498715, "device_end": 1585585371.2504663}, "cmdq": 0, "read": {"device_start": -1, "device_end": -1}}, "FFC_sans_bias18": {"write": {"device_start": 1585585371.2491314, "host_queued_start": 1585585436.619544, "device_queued": 1585585371.2470503, "device_end": 1585585371.2491548, "host_queued_end": 1585585436.631619}, "device": "gpu", "nd_range": {"device_start": 1585585371.2491598, "device_end": 1585585371.2497482}, "cmdq": 0, "read": {"device_start": -1, "device_end": -1}}, "coalesced_transpose30": {"write": {"device_start": -1, "host_queued_start": 1585585436.625744, "device_queued": -1, "device_end": -1, "host_queued_end": 1585585436.631619}, "device": "gpu", "nd_range": {"device_start": 1585585371.2533789, "device_end": 1585585371.2533882}, "cmdq": 0, "read": {"device_start": -1, "device_end": -1}}, "empty26": {"write": {"device_start": 1585585371.246682, "host_queued_start": 1585585436.614596, "device_queued": 1585585371.246481, "device_end": 1585585371.2467067, "host_queued_end": 1585585436.631619}, "device": "gpu", "nd_range": {"device_start": 1585585371.2467148, "device_end": 1585585371.2467184}, "cmdq": 0, "read": {"device_start": -1, "device_end": -1}}, "coalesced_transpose12": {"write": {"device_start": -1, "host_queued_start": 1585585436.625104, "device_queued": -1, "device_end": -1, "host_queued_end": 1585585436.631619}, "device": "gpu", "nd_range": {"device_start": 1585585371.253348, "device_end": 1585585371.253362}, "cmdq": 0, "read": {"device_start": -1, "device_end": -1}}, "coalesced_transpose21": {"write": {"device_start": -1, "host_queued_start": 1585585436.625416, "device_queued": -1, "device_end": -1, "host_queued_end": 1585585436.631619}, "device": "gpu", "nd_range": {"device_start": 1585585371.2533631, "device_end": 1585585371.2533717}, "cmdq": 0, "read": {"device_start": -1, "device_end": -1}}, "softmax14": {"write": {"device_start": -1, "host_queued_start": 1585585436.626975, "device_queued": -1, "device_end": -1, "host_queued_end": 1585585436.631619}, "device": "gpu", "nd_range": {"device_start": 1585585371.255182, "device_end": 1585585371.2553947}, "cmdq": 0, "read": {"device_start": -1, "device_end": -1}}, "FFC_sans_bias13": {"write": {"device_start": -1, "host_queued_start": 1585585436.626062, "device_queued": -1, "device_end": -1, "host_queued_end": 1585585436.631619}, "device": "gpu", "nd_range": {"device_start": 1585585371.2533894, "device_end": 1585585371.2539837}, "cmdq": 0, "read": {"device_start": -1, "device_end": -1}}, "empty8": {"write": {"device_start": -1, "host_queued_start": 1585585436.632988, "device_queued": -1, "device_end": -1, "host_queued_end": 1585585436.639008}, "device": "cpu", "nd_range": {"device_start": 2253210.8285807143, "device_end": 2253210.8285918683}, "cmdq": 0, "read": {"device_start": -1, "device_end": -1}}, "softmax32": {"write": {"device_start": -1, "host_queued_start": 1585585436.627463, "device_queued": -1, "device_end": -1, "host_queued_end": 1585585436.631619}, "device": "gpu", "nd_range": {"device_start": 1585585371.2556057, "device_end": 1585585371.2558055}, "cmdq": 0, "read": {"device_start": -1, "device_end": -1}}, "FFC_sans_bias33": {"write": {"device_start": -1, "host_queued_start": 1585585436.62841, "device_queued": -1, "device_end": -1, "host_queued_end": 1585585436.631619}, "device": "gpu", "nd_range": {"device_start": 1585585371.2569995, "device_end": 1585585371.257597}, "cmdq": 0, "read": {"device_start": -1, "device_end": -1}}, "FFC_sans_bias24": {"write": {"device_start": -1, "host_queued_start": 1585585436.628099, "device_queued": -1, "device_end": -1, "host_queued_end": 1585585436.631619}, "device": "gpu", "nd_range": {"device_start": 1585585371.2564056, "device_end": 1585585371.2569985}, "cmdq": 0, "read": {"device_start": -1, "device_end": -1}}, "FFC_sans_bias25": {"write": {"device_start": 1585585371.25865, "host_queued_start": 1585585436.630458, "device_queued": 1585585371.2481065, "device_end": 1585585371.258674, "host_queued_end": 1585585436.631619}, "device": "gpu", "nd_range": {"device_start": 1585585371.258677, "device_end": 1585585371.2592733}, "cmdq": 0, "read": {"device_start": 1585585371.2592754, "device_end": 1585585371.2592974}}, "FFC_sans_bias27": {"write": {"device_start": 1585585371.2512794, "host_queued_start": 1585585436.6227, "device_queued": 1585585371.247271, "device_end": 1585585371.2513094, "host_queued_end": 1585585436.631619}, "device": "gpu", "nd_range": {"device_start": 1585585371.2513142, "device_end": 1585585371.2519138}, "cmdq": 0, "read": {"device_start": -1, "device_end": -1}}, "FFC_sans_bias20": {"write": {"device_start": 1585585371.2505426, "host_queued_start": 1585585436.621612, "device_queued": 1585585371.2472236, "device_end": 1585585371.2505722, "host_queued_end": 1585585436.631619}, "device": "gpu", "nd_range": {"device_start": 1585585371.2505755, "device_end": 1585585371.2511709}, "cmdq": 0, "read": {"device_start": -1, "device_end": -1}}, "FFC_sans_bias22": {"write": {"device_start": -1, "host_queued_start": 1585585436.626377, "device_queued": -1, "device_end": -1, "host_queued_end": 1585585436.631619}, "device": "gpu", "nd_range": {"device_start": 1585585371.2539852, "device_end": 1585585371.254584}, "cmdq": 0, "read": {"device_start": -1, "device_end": -1}}, "softmax5": {"write": {"device_start": -1, "host_queued_start": 1585585436.63752, "device_queued": -1, "device_end": -1, "host_queued_end": 1585585436.639008}, "device": "cpu", "nd_range": {"device_start": 2253210.8448150223, "device_end": 2253210.8450131053}, "cmdq": 0, "read": {"device_start": -1, "device_end": -1}}, "FFC_sans_bias28": {"write": {"device_start": 1585585371.2520037, "host_queued_start": 1585585436.623732, "device_queued": 1585585371.2473977, "device_end": 1585585371.2520337, "host_queued_end": 1585585436.631619}, "device": "gpu", "nd_range": {"device_start": 1585585371.252036, "device_end": 1585585371.2526274}, "cmdq": 0, "read": {"device_start": -1, "device_end": -1}}, "FFC_sans_bias29": {"write": {"device_start": 1585585371.2527177, "host_queued_start": 1585585436.624768, "device_queued": 1585585371.247435, "device_end": 1585585371.252742, "host_queued_end": 1585585436.631619}, "device": "gpu", "nd_range": {"device_start": 1585585371.252749, "device_end": 1585585371.2533467}, "cmdq": 0, "read": {"device_start": -1, "device_end": -1}}, "empty17": {"write": {"device_start": 1585585371.2465017, "host_queued_start": 1585585436.613471, "device_queued": 1585585371.246375, "device_end": 1585585371.2465289, "host_queued_end": 1585585436.631619}, "device": "gpu", "nd_range": {"device_start": 1585585371.246532, "device_end": 1585585371.246537}, "cmdq": 0, "read": {"device_start": -1, "device_end": -1}}, "empty35": {"write": {"device_start": 1585585371.2468305, "host_queued_start": 1585585436.615417, "device_queued": 1585585371.2465172, "device_end": 1585585371.2468605, "host_queued_end": 1585585436.631619}, "device": "gpu", "nd_range": {"device_start": 1585585371.2468631, "device_end": 1585585371.2468667}, "cmdq": 0, "read": {"device_start": -1, "device_end": -1}}}