{"FFC_sans_bias4": {"write": {"device_start": -1, "host_queued_start": 1585585492.959569, "device_queued": -1, "device_end": -1, "host_queued_end": 1585585492.963243}, "device": "cpu", "nd_range": {"device_start": 2253267.1789631173, "device_end": 2253267.18348764}, "cmdq": 0, "read": {"device_start": -1, "device_end": -1}}, "FFC_sans_bias7": {"write": {"device_start": -1, "host_queued_start": 1585585492.962185, "device_queued": -1, "device_end": -1, "host_queued_end": 1585585492.963243}, "device": "cpu", "nd_range": {"device_start": 2253267.200501716, "device_end": 2253267.206717695}, "cmdq": 0, "read": {"device_start": -1, "device_end": -1}}, "FFC_sans_bias6": {"write": {"device_start": -1, "host_queued_start": 1585585492.960802, "device_queued": -1, "device_end": -1, "host_queued_end": 1585585492.963243}, "device": "cpu", "nd_range": {"device_start": 2253267.188992713, "device_end": 2253267.1943400432}, "cmdq": 0, "read": {"device_start": -1, "device_end": -1}}, "FFC_sans_bias1": {"write": {"device_start": -1, "host_queued_start": 1585585492.953993, "device_queued": -1, "device_end": -1, "host_queued_end": 1585585492.963243}, "device": "cpu", "nd_range": {"device_start": 2253267.156782483, "device_end": 2253267.160839592}, "cmdq": 0, "read": {"device_start": -1, "device_end": -1}}, "FFC_sans_bias0": {"write": {"device_start": -1, "host_queued_start": 1585585492.952946, "device_queued": -1, "device_end": -1, "host_queued_end": 1585585492.963243}, "device": "cpu", "nd_range": {"device_start": 2253267.152869792, "device_end": 2253267.156775765}, "cmdq": 0, "read": {"device_start": -1, "device_end": -1}}, "FFC_sans_bias2": {"write": {"device_start": -1, "host_queued_start": 1585585492.955098, "device_queued": -1, "device_end": -1, "host_queued_end": 1585585492.963243}, "device": "cpu", "nd_range": {"device_start": 2253267.1608570903, "device_end": 2253267.16517463}, "cmdq": 0, "read": {"device_start": -1, "device_end": -1}}, "FFC_sans_bias9": {"write": {"device_start": -1, "host_queued_start": 1585585492.956276, "device_queued": -1, "device_end": -1, "host_queued_end": 1585585492.963243}, "device": "cpu", "nd_range": {"device_start": 2253267.165179158, "device_end": 2253267.1692867912}, "cmdq": 0, "read": {"device_start": -1, "device_end": -1}}, "softmax23": {"write": {"device_start": -1, "host_queued_start": 1585585492.94638, "device_queued": -1, "device_end": -1, "host_queued_end": 1585585492.949448}, "device": "gpu", "nd_range": {"device_start": 1585585427.5666082, "device_end": 1585585427.5671258}, "cmdq": 0, "read": {"device_start": -1, "device_end": -1}}, "FFC_sans_bias11": {"write": {"device_start": -1, "host_queued_start": 1585585492.958418, "device_queued": -1, "device_end": -1, "host_queued_end": 1585585492.963243}, "device": "cpu", "nd_range": {"device_start": 2253267.17423554, "device_end": 2253267.178416605}, "cmdq": 0, "read": {"device_start": -1, "device_end": -1}}, "FFC_sans_bias10": {"write": {"device_start": -1, "host_queued_start": 1585585492.957362, "device_queued": -1, "device_end": -1, "host_queued_end": 1585585492.963243}, "device": "cpu", "nd_range": {"device_start": 2253267.169291091, "device_end": 2253267.1742222602}, "cmdq": 0, "read": {"device_start": -1, "device_end": -1}}, "coalesced_transpose3": {"write": {"device_start": -1, "host_queued_start": 1585585492.958769, "device_queued": -1, "device_end": -1, "host_queued_end": 1585585492.963243}, "device": "cpu", "nd_range": {"device_start": 2253267.178421415, "device_end": 2253267.17859455}, "cmdq": 0, "read": {"device_start": -1, "device_end": -1}}, "FFC_sans_bias34": {"write": {"device_start": 1585585427.5682611, "host_queued_start": 1585585492.949348, "device_queued": 1585585427.564035, "device_end": 1585585427.5682912, "host_queued_end": 1585585492.949448}, "device": "gpu", "nd_range": {"device_start": 1585585427.5682936, "device_end": 1585585427.5691185}, "cmdq": 1, "read": {"device_start": 1585585427.5691261, "device_end": 1585585427.5691497}}, "FFC_sans_bias15": {"write": {"device_start": -1, "host_queued_start": 1585585492.961146, "device_queued": -1, "device_end": -1, "host_queued_end": 1585585492.963243}, "device": "cpu", "nd_range": {"device_start": 2253267.194378369, "device_end": 2253267.200482937}, "cmdq": 0, "read": {"device_start": -1, "device_end": -1}}, "FFC_sans_bias31": {"write": {"device_start": -1, "host_queued_start": 1585585492.946134, "device_queued": -1, "device_end": -1, "host_queued_end": 1585585492.949448}, "device": "gpu", "nd_range": {"device_start": 1585585427.5664995, "device_end": 1585585427.5671015}, "cmdq": 1, "read": {"device_start": -1, "device_end": -1}}, "FFC_sans_bias16": {"write": {"device_start": -1, "host_queued_start": 1585585492.963199, "device_queued": -1, "device_end": -1, "host_queued_end": 1585585492.963243}, "device": "cpu", "nd_range": {"device_start": 2253267.2067244933, "device_end": 2253267.2122224253}, "cmdq": 0, "read": {"device_start": -1, "device_end": -1}}, "FFC_sans_bias19": {"write": {"device_start": 1585585427.563115, "host_queued_start": 1585585492.940656, "device_queued": 1585585427.563011, "device_end": 1585585427.5631402, "host_queued_end": 1585585492.949448}, "device": "gpu", "nd_range": {"device_start": 1585585427.5631437, "device_end": 1585585427.564136}, "cmdq": 1, "read": {"device_start": -1, "device_end": -1}}, "FFC_sans_bias18": {"write": {"device_start": 1585585427.5630224, "host_queued_start": 1585585492.939612, "device_queued": 1585585427.5628433, "device_end": 1585585427.5631073, "host_queued_end": 1585585492.949448}, "device": "gpu", "nd_range": {"device_start": 1585585427.5631251, "device_end": 1585585427.5637338}, "cmdq": 0, "read": {"device_start": -1, "device_end": -1}}, "coalesced_transpose30": {"write": {"device_start": -1, "host_queued_start": 1585585492.9455, "device_queued": -1, "device_end": -1, "host_queued_end": 1585585492.949448}, "device": "gpu", "nd_range": {"device_start": 1585585427.566142, "device_end": 1585585427.566498}, "cmdq": 1, "read": {"device_start": -1, "device_end": -1}}, "empty26": {"write": {"device_start": 1585585427.5627928, "host_queued_start": 1585585492.937477, "device_queued": 1585585427.562657, "device_end": 1585585427.5628521, "host_queued_end": 1585585492.949448}, "device": "gpu", "nd_range": {"device_start": 1585585427.5628595, "device_end": 1585585427.5628655}, "cmdq": 0, "read": {"device_start": -1, "device_end": -1}}, "coalesced_transpose12": {"write": {"device_start": -1, "host_queued_start": 1585585492.959111, "device_queued": -1, "device_end": -1, "host_queued_end": 1585585492.963243}, "device": "cpu", "nd_range": {"device_start": 2253267.178736802, "device_end": 2253267.1788498363}, "cmdq": 0, "read": {"device_start": -1, "device_end": -1}}, "coalesced_transpose21": {"write": {"device_start": -1, "host_queued_start": 1585585492.945198, "device_queued": -1, "device_end": -1, "host_queued_end": 1585585492.949448}, "device": "gpu", "nd_range": {"device_start": 1585585427.5656903, "device_end": 1585585427.5659978}, "cmdq": 0, "read": {"device_start": -1, "device_end": -1}}, "softmax14": {"write": {"device_start": -1, "host_queued_start": 1585585492.960461, "device_queued": -1, "device_end": -1, "host_queued_end": 1585585492.963243}, "device": "cpu", "nd_range": {"device_start": 2253267.1888996423, "device_end": 2253267.1889864923}, "cmdq": 0, "read": {"device_start": -1, "device_end": -1}}, "FFC_sans_bias13": {"write": {"device_start": -1, "host_queued_start": 1585585492.959914, "device_queued": -1, "device_end": -1, "host_queued_end": 1585585492.963243}, "device": "cpu", "nd_range": {"device_start": 2253267.183493468, "device_end": 2253267.188613926}, "cmdq": 0, "read": {"device_start": -1, "device_end": -1}}, "empty8": {"write": {"device_start": -1, "host_queued_start": 1585585492.95073, "device_queued": -1, "device_end": -1, "host_queued_end": 1585585492.963243}, "device": "cpu", "nd_range": {"device_start": 2253267.15283385, "device_end": 2253267.152846369}, "cmdq": 0, "read": {"device_start": -1, "device_end": -1}}, "softmax32": {"write": {"device_start": -1, "host_queued_start": 1585585492.946655, "device_queued": -1, "device_end": -1, "host_queued_end": 1585585492.949448}, "device": "gpu", "nd_range": {"device_start": 1585585427.5671027, "device_end": 1585585427.5674558}, "cmdq": 1, "read": {"device_start": -1, "device_end": -1}}, "FFC_sans_bias33": {"write": {"device_start": -1, "host_queued_start": 1585585492.947276, "device_queued": -1, "device_end": -1, "host_queued_end": 1585585492.949448}, "device": "gpu", "nd_range": {"device_start": 1585585427.567457, "device_end": 1585585427.5681372}, "cmdq": 1, "read": {"device_start": -1, "device_end": -1}}, "FFC_sans_bias24": {"write": {"device_start": -1, "host_queued_start": 1585585492.946963, "device_queued": -1, "device_end": -1, "host_queued_end": 1585585492.949448}, "device": "gpu", "nd_range": {"device_start": 1585585427.5671272, "device_end": 1585585427.5677328}, "cmdq": 0, "read": {"device_start": -1, "device_end": -1}}, "FFC_sans_bias25": {"write": {"device_start": 1585585427.5678594, "host_queued_start": 1585585492.948293, "device_queued": 1585585427.5638647, "device_end": 1585585427.5678897, "host_queued_end": 1585585492.949448}, "device": "gpu", "nd_range": {"device_start": 1585585427.5678933, "device_end": 1585585427.56871}, "cmdq": 0, "read": {"device_start": 1585585427.5687172, "device_end": 1585585427.5687406}}, "FFC_sans_bias27": {"write": {"device_start": 1585585427.5642295, "host_queued_start": 1585585492.942797, "device_queued": 1585585427.5632226, "device_end": 1585585427.564261, "host_queued_end": 1585585492.949448}, "device": "gpu", "nd_range": {"device_start": 1585585427.5642643, "device_end": 1585585427.5651424}, "cmdq": 1, "read": {"device_start": -1, "device_end": -1}}, "FFC_sans_bias20": {"write": {"device_start": 1585585427.5639207, "host_queued_start": 1585585492.941713, "device_queued": 1585585427.563062, "device_end": 1585585427.5639513, "host_queued_end": 1585585492.949448}, "device": "gpu", "nd_range": {"device_start": 1585585427.5639553, "device_end": 1585585427.5647204}, "cmdq": 0, "read": {"device_start": -1, "device_end": -1}}, "FFC_sans_bias22": {"write": {"device_start": -1, "host_queued_start": 1585585492.945818, "device_queued": -1, "device_end": -1, "host_queued_end": 1585585492.949448}, "device": "gpu", "nd_range": {"device_start": 1585585427.565999, "device_end": 1585585427.5666072}, "cmdq": 0, "read": {"device_start": -1, "device_end": -1}}, "softmax5": {"write": {"device_start": -1, "host_queued_start": 1585585492.960189, "device_queued": -1, "device_end": -1, "host_queued_end": 1585585492.963243}, "device": "cpu", "nd_range": {"device_start": 2253267.188619365, "device_end": 2253267.1887788493}, "cmdq": 0, "read": {"device_start": -1, "device_end": -1}}, "FFC_sans_bias28": {"write": {"device_start": 1585585427.5648558, "host_queued_start": 1585585492.943834, "device_queued": 1585585427.5632763, "device_end": 1585585427.5648866, "host_queued_end": 1585585492.949448}, "device": "gpu", "nd_range": {"device_start": 1585585427.56489, "device_end": 1585585427.5656884}, "cmdq": 0, "read": {"device_start": -1, "device_end": -1}}, "FFC_sans_bias29": {"write": {"device_start": 1585585427.5652664, "host_queued_start": 1585585492.944875, "device_queued": 1585585427.563444, "device_end": 1585585427.5652983, "host_queued_end": 1585585492.949448}, "device": "gpu", "nd_range": {"device_start": 1585585427.5653014, "device_end": 1585585427.5661383}, "cmdq": 1, "read": {"device_start": -1, "device_end": -1}}, "empty17": {"write": {"device_start": -1, "host_queued_start": 1585585492.951841, "device_queued": -1, "device_end": -1, "host_queued_end": 1585585492.963243}, "device": "cpu", "nd_range": {"device_start": 2253267.152864836, "device_end": 2253267.152865645}, "cmdq": 0, "read": {"device_start": -1, "device_end": -1}}, "empty35": {"write": {"device_start": 1585585427.562925, "host_queued_start": 1585585492.938538, "device_queued": 1585585427.5627887, "device_end": 1585585427.562985, "host_queued_end": 1585585492.949448}, "device": "gpu", "nd_range": {"device_start": 1585585427.5629897, "device_end": 1585585427.562995}, "cmdq": 1, "read": {"device_start": -1, "device_end": -1}}}