{"FFC_sans_bias4": {"write": {"device_start": -1, "host_queued_start": 1585585444.706236, "device_queued": -1, "device_end": -1, "host_queued_end": 1585585444.713909}, "device": "cpu", "nd_range": {"device_start": 2253218.9685319373, "device_end": 2253218.974026022}, "cmdq": 0, "read": {"device_start": -1, "device_end": -1}}, "FFC_sans_bias7": {"write": {"device_start": -1, "host_queued_start": 1585585444.710903, "device_queued": -1, "device_end": -1, "host_queued_end": 1585585444.713909}, "device": "cpu", "nd_range": {"device_start": 2253219.009718739, "device_end": 2253219.013749437}, "cmdq": 0, "read": {"device_start": -1, "device_end": -1}}, "FFC_sans_bias6": {"write": {"device_start": -1, "host_queued_start": 1585585444.708845, "device_queued": -1, "device_end": -1, "host_queued_end": 1585585444.713909}, "device": "cpu", "nd_range": {"device_start": 2253218.985260392, "device_end": 2253218.9926648}, "cmdq": 0, "read": {"device_start": -1, "device_end": -1}}, "FFC_sans_bias1": {"write": {"device_start": -1, "host_queued_start": 1585585444.69406, "device_queued": -1, "device_end": -1, "host_queued_end": 1585585444.713909}, "device": "cpu", "nd_range": {"device_start": 2253218.903564534, "device_end": 2253218.9114624313}, "cmdq": 1, "read": {"device_start": -1, "device_end": -1}}, "FFC_sans_bias0": {"write": {"device_start": -1, "host_queued_start": 1585585444.693019, "device_queued": -1, "device_end": -1, "host_queued_end": 1585585444.713909}, "device": "cpu", "nd_range": {"device_start": 2253218.903565308, "device_end": 2253218.911436355}, "cmdq": 0, "read": {"device_start": -1, "device_end": -1}}, "FFC_sans_bias2": {"write": {"device_start": -1, "host_queued_start": 1585585444.695151, "device_queued": -1, "device_end": -1, "host_queued_end": 1585585444.713909}, "device": "cpu", "nd_range": {"device_start": 2253218.911655552, "device_end": 2253218.9197441502}, "cmdq": 0, "read": {"device_start": -1, "device_end": -1}}, "FFC_sans_bias9": {"write": {"device_start": -1, "host_queued_start": 1585585444.696186, "device_queued": -1, "device_end": -1, "host_queued_end": 1585585444.713909}, "device": "cpu", "nd_range": {"device_start": 2253218.911484635, "device_end": 2253218.918274688}, "cmdq": 1, "read": {"device_start": -1, "device_end": -1}}, "softmax23": {"write": {"device_start": -1, "host_queued_start": 1585585444.708117, "device_queued": -1, "device_end": -1, "host_queued_end": 1585585444.713909}, "device": "cpu", "nd_range": {"device_start": 2253218.9849500014, "device_end": 2253218.985153547}, "cmdq": 0, "read": {"device_start": -1, "device_end": -1}}, "FFC_sans_bias11": {"write": {"device_start": -1, "host_queued_start": 1585585444.698282, "device_queued": -1, "device_end": -1, "host_queued_end": 1585585444.713909}, "device": "cpu", "nd_range": {"device_start": 2253218.9184059673, "device_end": 2253218.925072277}, "cmdq": 1, "read": {"device_start": -1, "device_end": -1}}, "FFC_sans_bias10": {"write": {"device_start": -1, "host_queued_start": 1585585444.697229, "device_queued": -1, "device_end": -1, "host_queued_end": 1585585444.713909}, "device": "cpu", "nd_range": {"device_start": 2253218.923699451, "device_end": 2253218.928940616}, "cmdq": 0, "read": {"device_start": -1, "device_end": -1}}, "coalesced_transpose3": {"write": {"device_start": -1, "host_queued_start": 1585585444.704907, "device_queued": -1, "device_end": -1, "host_queued_end": 1585585444.713909}, "device": "cpu", "nd_range": {"device_start": 2253218.965520175, "device_end": 2253218.9668311724}, "cmdq": 0, "read": {"device_start": -1, "device_end": -1}}, "FFC_sans_bias34": {"write": {"device_start": -1, "host_queued_start": 1585585444.713864, "device_queued": -1, "device_end": -1, "host_queued_end": 1585585444.713909}, "device": "cpu", "nd_range": {"device_start": 2253219.0049446323, "device_end": 2253219.009936506}, "cmdq": 1, "read": {"device_start": -1, "device_end": -1}}, "FFC_sans_bias15": {"write": {"device_start": -1, "host_queued_start": 1585585444.709185, "device_queued": -1, "device_end": -1, "host_queued_end": 1585585444.713909}, "device": "cpu", "nd_range": {"device_start": 2253218.980570823, "device_end": 2253218.991367151}, "cmdq": 1, "read": {"device_start": -1, "device_end": -1}}, "FFC_sans_bias31": {"write": {"device_start": -1, "host_queued_start": 1585585444.707285, "device_queued": -1, "device_end": -1, "host_queued_end": 1585585444.713909}, "device": "cpu", "nd_range": {"device_start": 2253218.974036661, "device_end": 2253218.979785101}, "cmdq": 1, "read": {"device_start": -1, "device_end": -1}}, "FFC_sans_bias16": {"write": {"device_start": -1, "host_queued_start": 1585585444.71189, "device_queued": -1, "device_end": -1, "host_queued_end": 1585585444.713909}, "device": "cpu", "nd_range": {"device_start": 2253218.996636875, "device_end": 2253219.0049405023}, "cmdq": 1, "read": {"device_start": -1, "device_end": -1}}, "FFC_sans_bias19": {"write": {"device_start": -1, "host_queued_start": 1585585444.700388, "device_queued": -1, "device_end": -1, "host_queued_end": 1585585444.713909}, "device": "cpu", "nd_range": {"device_start": 2253218.92518883, "device_end": 2253218.932973594}, "cmdq": 1, "read": {"device_start": -1, "device_end": -1}}, "FFC_sans_bias18": {"write": {"device_start": -1, "host_queued_start": 1585585444.699346, "device_queued": -1, "device_end": -1, "host_queued_end": 1585585444.713909}, "device": "cpu", "nd_range": {"device_start": 2253218.934304269, "device_end": 2253218.9421513043}, "cmdq": 0, "read": {"device_start": -1, "device_end": -1}}, "coalesced_transpose30": {"write": {"device_start": -1, "host_queued_start": 1585585444.705894, "device_queued": -1, "device_end": -1, "host_queued_end": 1585585444.713909}, "device": "cpu", "nd_range": {"device_start": 2253218.965507428, "device_end": 2253218.965678669}, "cmdq": 1, "read": {"device_start": -1, "device_end": -1}}, "empty26": {"write": {"device_start": -1, "host_queued_start": 1585585444.691255, "device_queued": -1, "device_end": -1, "host_queued_end": 1585585444.713909}, "device": "cpu", "nd_range": {"device_start": 2253218.9035583893, "device_end": 2253218.903559518}, "cmdq": 0, "read": {"device_start": -1, "device_end": -1}}, "coalesced_transpose12": {"write": {"device_start": -1, "host_queued_start": 1585585444.70524, "device_queued": -1, "device_end": -1, "host_queued_end": 1585585444.713909}, "device": "cpu", "nd_range": {"device_start": 2253218.945862051, "device_end": 2253218.9460151}, "cmdq": 1, "read": {"device_start": -1, "device_end": -1}}, "coalesced_transpose21": {"write": {"device_start": -1, "host_queued_start": 1585585444.705568, "device_queued": -1, "device_end": -1, "host_queued_end": 1585585444.713909}, "device": "cpu", "nd_range": {"device_start": 2253218.9679123303, "device_end": 2253218.968161928}, "cmdq": 0, "read": {"device_start": -1, "device_end": -1}}, "softmax14": {"write": {"device_start": -1, "host_queued_start": 1585585444.707838, "device_queued": -1, "device_end": -1, "host_queued_end": 1585585444.713909}, "device": "cpu", "nd_range": {"device_start": 2253218.979907872, "device_end": 2253218.9801411903}, "cmdq": 1, "read": {"device_start": -1, "device_end": -1}}, "FFC_sans_bias13": {"write": {"device_start": -1, "host_queued_start": 1585585444.706593, "device_queued": -1, "device_end": -1, "host_queued_end": 1585585444.713909}, "device": "cpu", "nd_range": {"device_start": 2253218.96581775, "device_end": 2253218.973914646}, "cmdq": 1, "read": {"device_start": -1, "device_end": -1}}, "empty8": {"write": {"device_start": -1, "host_queued_start": 1585585444.68939, "device_queued": -1, "device_end": -1, "host_queued_end": 1585585444.713909}, "device": "cpu", "nd_range": {"device_start": 2253218.903523926, "device_end": 2253218.9035386653}, "cmdq": 0, "read": {"device_start": -1, "device_end": -1}}, "softmax32": {"write": {"device_start": -1, "host_queued_start": 1585585444.708505, "device_queued": -1, "device_end": -1, "host_queued_end": 1585585444.713909}, "device": "cpu", "nd_range": {"device_start": 2253218.980251308, "device_end": 2253218.980463015}, "cmdq": 1, "read": {"device_start": -1, "device_end": -1}}, "FFC_sans_bias33": {"write": {"device_start": -1, "host_queued_start": 1585585444.709857, "device_queued": -1, "device_end": -1, "host_queued_end": 1585585444.713909}, "device": "cpu", "nd_range": {"device_start": 2253218.9913754473, "device_end": 2253218.99662899}, "cmdq": 1, "read": {"device_start": -1, "device_end": -1}}, "FFC_sans_bias24": {"write": {"device_start": -1, "host_queued_start": 1585585444.709522, "device_queued": -1, "device_end": -1, "host_queued_end": 1585585444.713909}, "device": "cpu", "nd_range": {"device_start": 2253218.992672372, "device_end": 2253219.00971039}, "cmdq": 0, "read": {"device_start": -1, "device_end": -1}}, "FFC_sans_bias25": {"write": {"device_start": -1, "host_queued_start": 1585585444.712872, "device_queued": -1, "device_end": -1, "host_queued_end": 1585585444.713909}, "device": "cpu", "nd_range": {"device_start": 2253219.013753522, "device_end": 2253219.0189563883}, "cmdq": 0, "read": {"device_start": -1, "device_end": -1}}, "FFC_sans_bias27": {"write": {"device_start": -1, "host_queued_start": 1585585444.702476, "device_queued": -1, "device_end": -1, "host_queued_end": 1585585444.713909}, "device": "cpu", "nd_range": {"device_start": 2253218.932981736, "device_end": 2253218.940258156}, "cmdq": 1, "read": {"device_start": -1, "device_end": -1}}, "FFC_sans_bias20": {"write": {"device_start": -1, "host_queued_start": 1585585444.701437, "device_queued": -1, "device_end": -1, "host_queued_end": 1585585444.713909}, "device": "cpu", "nd_range": {"device_start": 2253218.950121349, "device_end": 2253218.957820233}, "cmdq": 0, "read": {"device_start": -1, "device_end": -1}}, "FFC_sans_bias22": {"write": {"device_start": -1, "host_queued_start": 1585585444.706944, "device_queued": -1, "device_end": -1, "host_queued_end": 1585585444.713909}, "device": "cpu", "nd_range": {"device_start": 2253218.974033846, "device_end": 2253218.984606688}, "cmdq": 0, "read": {"device_start": -1, "device_end": -1}}, "softmax5": {"write": {"device_start": -1, "host_queued_start": 1585585444.707561, "device_queued": -1, "device_end": -1, "host_queued_end": 1585585444.713909}, "device": "cpu", "nd_range": {"device_start": 2253218.984613827, "device_end": 2253218.984833791}, "cmdq": 0, "read": {"device_start": -1, "device_end": -1}}, "FFC_sans_bias28": {"write": {"device_start": -1, "host_queued_start": 1585585444.703531, "device_queued": -1, "device_end": -1, "host_queued_end": 1585585444.713909}, "device": "cpu", "nd_range": {"device_start": 2253218.9578382233, "device_end": 2253218.965501501}, "cmdq": 0, "read": {"device_start": -1, "device_end": -1}}, "FFC_sans_bias29": {"write": {"device_start": -1, "host_queued_start": 1585585444.704578, "device_queued": -1, "device_end": -1, "host_queued_end": 1585585444.713909}, "device": "cpu", "nd_range": {"device_start": 2253218.94038053, "device_end": 2253218.945855738}, "cmdq": 1, "read": {"device_start": -1, "device_end": -1}}, "empty17": {"write": {"device_start": -1, "host_queued_start": 1585585444.690409, "device_queued": -1, "device_end": -1, "host_queued_end": 1585585444.713909}, "device": "cpu", "nd_range": {"device_start": 2253218.9035261883, "device_end": 2253218.9035386713}, "cmdq": 1, "read": {"device_start": -1, "device_end": -1}}, "empty35": {"write": {"device_start": -1, "host_queued_start": 1585585444.692057, "device_queued": -1, "device_end": -1, "host_queued_end": 1585585444.713909}, "device": "cpu", "nd_range": {"device_start": 2253218.9035583013, "device_end": 2253218.903559384}, "cmdq": 1, "read": {"device_start": -1, "device_end": -1}}}