{"FFC_sans_bias4": {"write": {"device_start": -1, "host_queued_start": 1585585715.986437, "device_queued": -1, "device_end": -1, "host_queued_end": 1585585715.994074}, "device": "gpu", "nd_range": {"device_start": 1585585650.607782, "device_end": 1585585650.6083915}, "cmdq": 0, "read": {"device_start": -1, "device_end": -1}}, "FFC_sans_bias7": {"write": {"device_start": 1585585650.6127312, "host_queued_start": 1585585715.9908, "device_queued": 1585585650.6038115, "device_end": 1585585650.6128032, "host_queued_end": 1585585715.994074}, "device": "gpu", "nd_range": {"device_start": 1585585650.6128762, "device_end": 1585585650.6134899}, "cmdq": 2, "read": {"device_start": 1585585650.613495, "device_end": 1585585650.6135178}}, "FFC_sans_bias6": {"write": {"device_start": -1, "host_queued_start": 1585585715.988711, "device_queued": -1, "device_end": -1, "host_queued_end": 1585585715.994074}, "device": "gpu", "nd_range": {"device_start": 1585585650.6102765, "device_end": 1585585650.6118348}, "cmdq": 3, "read": {"device_start": -1, "device_end": -1}}, "FFC_sans_bias1": {"write": {"device_start": 1585585650.6019576, "host_queued_start": 1585585715.974476, "device_queued": 1585585650.601873, "device_end": 1585585650.6019871, "host_queued_end": 1585585715.994074}, "device": "gpu", "nd_range": {"device_start": 1585585650.6019902, "device_end": 1585585650.6028993}, "cmdq": 0, "read": {"device_start": -1, "device_end": -1}}, "FFC_sans_bias0": {"write": {"device_start": 1585585650.6018596, "host_queued_start": 1585585715.973407, "device_queued": 1585585650.601747, "device_end": 1585585650.6018844, "host_queued_end": 1585585715.994074}, "device": "gpu", "nd_range": {"device_start": 1585585650.6018867, "device_end": 1585585650.6024942}, "cmdq": 4, "read": {"device_start": -1, "device_end": -1}}, "FFC_sans_bias2": {"write": {"device_start": 1585585650.6021402, "host_queued_start": 1585585715.975538, "device_queued": 1585585650.6020393, "device_end": 1585585650.6022227, "host_queued_end": 1585585715.994074}, "device": "gpu", "nd_range": {"device_start": 1585585650.602286, "device_end": 1585585650.603461}, "cmdq": 1, "read": {"device_start": -1, "device_end": -1}}, "FFC_sans_bias9": {"write": {"device_start": 1585585650.602233, "host_queued_start": 1585585715.976564, "device_queued": 1585585650.6020668, "device_end": 1585585650.6023047, "host_queued_end": 1585585715.994074}, "device": "gpu", "nd_range": {"device_start": 1585585650.6023097, "device_end": 1585585650.6038935}, "cmdq": 2, "read": {"device_start": -1, "device_end": -1}}, "softmax23": {"write": {"device_start": -1, "host_queued_start": 1585585715.988159, "device_queued": -1, "device_end": -1, "host_queued_end": 1585585715.994074}, "device": "gpu", "nd_range": {"device_start": 1585585650.609605, "device_end": 1585585650.6100724}, "cmdq": 1, "read": {"device_start": -1, "device_end": -1}}, "FFC_sans_bias11": {"write": {"device_start": 1585585650.6025846, "host_queued_start": 1585585715.978656, "device_queued": 1585585650.6021004, "device_end": 1585585650.6026146, "host_queued_end": 1585585715.994074}, "device": "gpu", "nd_range": {"device_start": 1585585650.6026266, "device_end": 1585585650.6048887}, "cmdq": 4, "read": {"device_start": -1, "device_end": -1}}, "FFC_sans_bias10": {"write": {"device_start": 1585585650.6023219, "host_queued_start": 1585585715.977592, "device_queued": 1585585650.602081, "device_end": 1585585650.6023471, "host_queued_end": 1585585715.994074}, "device": "gpu", "nd_range": {"device_start": 1585585650.602357, "device_end": 1585585650.6043956}, "cmdq": 3, "read": {"device_start": -1, "device_end": -1}}, "coalesced_transpose3": {"write": {"device_start": -1, "host_queued_start": 1585585715.9852, "device_queued": -1, "device_end": -1, "host_queued_end": 1585585715.994074}, "device": "gpu", "nd_range": {"device_start": 1585585650.6058633, "device_end": 1585585650.607665}, "cmdq": 1, "read": {"device_start": -1, "device_end": -1}}, "FFC_sans_bias34": {"write": {"device_start": 1585585650.6130083, "host_queued_start": 1585585715.993977, "device_queued": 1585585650.6042862, "device_end": 1585585650.613033, "host_queued_end": 1585585715.994074}, "device": "gpu", "nd_range": {"device_start": 1585585650.6130435, "device_end": 1585585650.6149845}, "cmdq": 0, "read": {"device_start": 1585585650.614994, "device_end": 1585585650.6150157}}, "FFC_sans_bias15": {"write": {"device_start": -1, "host_queued_start": 1585585715.989027, "device_queued": -1, "device_end": -1, "host_queued_end": 1585585715.994074}, "device": "gpu", "nd_range": {"device_start": 1585585650.6102874, "device_end": 1585585650.6122549}, "cmdq": 4, "read": {"device_start": -1, "device_end": -1}}, "FFC_sans_bias31": {"write": {"device_start": -1, "host_queued_start": 1585585715.98741, "device_queued": -1, "device_end": -1, "host_queued_end": 1585585715.994074}, "device": "gpu", "nd_range": {"device_start": 1585585650.6078146, "device_end": 1585585650.6099923}, "cmdq": 3, "read": {"device_start": -1, "device_end": -1}}, "FFC_sans_bias16": {"write": {"device_start": 1585585650.6128364, "host_queued_start": 1585585715.991853, "device_queued": 1585585650.6039653, "device_end": 1585585650.6128864, "host_queued_end": 1585585715.994074}, "device": "gpu", "nd_range": {"device_start": 1585585650.6128983, "device_end": 1585585650.6138954}, "cmdq": 3, "read": {"device_start": 1585585650.613903, "device_end": 1585585650.6139278}}, "FFC_sans_bias19": {"write": {"device_start": 1585585650.603589, "host_queued_start": 1585585715.980723, "device_queued": 1585585650.6024923, "device_end": 1585585650.6036208, "host_queued_end": 1585585715.994074}, "device": "gpu", "nd_range": {"device_start": 1585585650.6036277, "device_end": 1585585650.6058621}, "cmdq": 1, "read": {"device_start": -1, "device_end": -1}}, "FFC_sans_bias18": {"write": {"device_start": 1585585650.603035, "host_queued_start": 1585585715.97969, "device_queued": 1585585650.6024346, "device_end": 1585585650.603065, "host_queued_end": 1585585715.994074}, "device": "gpu", "nd_range": {"device_start": 1585585650.6030736, "device_end": 1585585650.6053517}, "cmdq": 0, "read": {"device_start": -1, "device_end": -1}}, "coalesced_transpose30": {"write": {"device_start": -1, "host_queued_start": 1585585715.986112, "device_queued": -1, "device_end": -1, "host_queued_end": 1585585715.994074}, "device": "gpu", "nd_range": {"device_start": 1585585650.607288, "device_end": 1585585650.6076849}, "cmdq": 4, "read": {"device_start": -1, "device_end": -1}}, "empty26": {"write": {"device_start": 1585585650.601672, "host_queued_start": 1585585715.971543, "device_queued": 1585585650.601444, "device_end": 1585585650.6017346, "host_queued_end": 1585585715.994074}, "device": "gpu", "nd_range": {"device_start": 1585585650.601835, "device_end": 1585585650.6018527}, "cmdq": 2, "read": {"device_start": -1, "device_end": -1}}, "coalesced_transpose12": {"write": {"device_start": -1, "host_queued_start": 1585585715.985506, "device_queued": -1, "device_end": -1, "host_queued_end": 1585585715.994074}, "device": "gpu", "nd_range": {"device_start": 1585585650.6063082, "device_end": 1585585650.6076808}, "cmdq": 2, "read": {"device_start": -1, "device_end": -1}}, "coalesced_transpose21": {"write": {"device_start": -1, "host_queued_start": 1585585715.985812, "device_queued": -1, "device_end": -1, "host_queued_end": 1585585715.994074}, "device": "gpu", "nd_range": {"device_start": 1585585650.6068597, "device_end": 1585585650.6076827}, "cmdq": 3, "read": {"device_start": -1, "device_end": -1}}, "softmax14": {"write": {"device_start": -1, "host_queued_start": 1585585715.98791, "device_queued": -1, "device_end": -1, "host_queued_end": 1585585715.994074}, "device": "gpu", "nd_range": {"device_start": 1585585650.6088147, "device_end": 1585585650.6102438}, "cmdq": 0, "read": {"device_start": -1, "device_end": -1}}, "FFC_sans_bias13": {"write": {"device_start": -1, "host_queued_start": 1585585715.986783, "device_queued": -1, "device_end": -1, "host_queued_end": 1585585715.994074}, "device": "gpu", "nd_range": {"device_start": 1585585650.6077938, "device_end": 1585585650.608801}, "cmdq": 1, "read": {"device_start": -1, "device_end": -1}}, "empty8": {"write": {"device_start": 1585585650.6014516, "host_queued_start": 1585585715.969611, "device_queued": 1585585650.6013129, "device_end": 1585585650.601505, "host_queued_end": 1585585715.994074}, "device": "gpu", "nd_range": {"device_start": 1585585650.6015086, "device_end": 1585585650.6015136}, "cmdq": 0, "read": {"device_start": -1, "device_end": -1}}, "softmax32": {"write": {"device_start": -1, "host_queued_start": 1585585715.988406, "device_queued": -1, "device_end": -1, "host_queued_end": 1585585715.994074}, "device": "gpu", "nd_range": {"device_start": 1585585650.6100063, "device_end": 1585585650.6102283}, "cmdq": 2, "read": {"device_start": -1, "device_end": -1}}, "FFC_sans_bias33": {"write": {"device_start": -1, "host_queued_start": 1585585715.989757, "device_queued": -1, "device_end": -1, "host_queued_end": 1585585715.994074}, "device": "gpu", "nd_range": {"device_start": 1585585650.6102655, "device_end": 1585585650.611268}, "cmdq": 1, "read": {"device_start": -1, "device_end": -1}}, "FFC_sans_bias24": {"write": {"device_start": -1, "host_queued_start": 1585585715.989344, "device_queued": -1, "device_end": -1, "host_queued_end": 1585585715.994074}, "device": "gpu", "nd_range": {"device_start": 1585585650.6102524, "device_end": 1585585650.6108644}, "cmdq": 0, "read": {"device_start": -1, "device_end": -1}}, "FFC_sans_bias25": {"write": {"device_start": 1585585650.6129234, "host_queued_start": 1585585715.992917, "device_queued": 1585585650.603996, "device_end": 1585585650.6129754, "host_queued_end": 1585585715.994074}, "device": "gpu", "nd_range": {"device_start": 1585585650.6129813, "device_end": 1585585650.6145864}, "cmdq": 4, "read": {"device_start": 1585585650.6145902, "device_end": 1585585650.6146119}}, "FFC_sans_bias27": {"write": {"device_start": 1585585650.6045208, "host_queued_start": 1585585715.982816, "device_queued": 1585585650.6026716, "device_end": 1585585650.6045527, "host_queued_end": 1585585715.994074}, "device": "gpu", "nd_range": {"device_start": 1585585650.6045597, "device_end": 1585585650.6068523}, "cmdq": 3, "read": {"device_start": -1, "device_end": -1}}, "FFC_sans_bias20": {"write": {"device_start": 1585585650.6040673, "host_queued_start": 1585585715.981756, "device_queued": 1585585650.6025202, "device_end": 1585585650.6040976, "host_queued_end": 1585585715.994074}, "device": "gpu", "nd_range": {"device_start": 1585585650.6041012, "device_end": 1585585650.6063063}, "cmdq": 2, "read": {"device_start": -1, "device_end": -1}}, "FFC_sans_bias22": {"write": {"device_start": -1, "host_queued_start": 1585585715.987096, "device_queued": -1, "device_end": -1, "host_queued_end": 1585585715.994074}, "device": "gpu", "nd_range": {"device_start": 1585585650.6078043, "device_end": 1585585650.6095867}, "cmdq": 2, "read": {"device_start": -1, "device_end": -1}}, "softmax5": {"write": {"device_start": -1, "host_queued_start": 1585585715.987664, "device_queued": -1, "device_end": -1, "host_queued_end": 1585585715.994074}, "device": "gpu", "nd_range": {"device_start": 1585585650.6084087, "device_end": 1585585650.6102414}, "cmdq": 4, "read": {"device_start": -1, "device_end": -1}}, "FFC_sans_bias28": {"write": {"device_start": 1585585650.6050081, "host_queued_start": 1585585715.983843, "device_queued": 1585585650.6027117, "device_end": 1585585650.6050406, "host_queued_end": 1585585715.994074}, "device": "gpu", "nd_range": {"device_start": 1585585650.6050465, "device_end": 1585585650.607287}, "cmdq": 4, "read": {"device_start": -1, "device_end": -1}}, "FFC_sans_bias29": {"write": {"device_start": 1585585650.6054804, "host_queued_start": 1585585715.984879, "device_queued": 1585585650.6029236, "device_end": 1585585650.6055124, "host_queued_end": 1585585715.994074}, "device": "gpu", "nd_range": {"device_start": 1585585650.6055279, "device_end": 1585585650.6077733}, "cmdq": 0, "read": {"device_start": -1, "device_end": -1}}, "empty17": {"write": {"device_start": 1585585650.601557, "host_queued_start": 1585585715.970701, "device_queued": 1585585650.6014218, "device_end": 1585585650.6016216, "host_queued_end": 1585585715.994074}, "device": "gpu", "nd_range": {"device_start": 1585585650.6018026, "device_end": 1585585650.6018505}, "cmdq": 1, "read": {"device_start": -1, "device_end": -1}}, "empty35": {"write": {"device_start": 1585585650.6017692, "host_queued_start": 1585585715.972387, "device_queued": 1585585650.6014662, "device_end": 1585585650.6018484, "host_queued_end": 1585585715.994074}, "device": "gpu", "nd_range": {"device_start": 1585585650.601855, "device_end": 1585585650.601863}, "cmdq": 3, "read": {"device_start": -1, "device_end": -1}}}