{"FFC_sans_bias4": {"write": {"device_start": -1, "host_queued_start": 1585586151.563426, "device_queued": -1, "device_end": -1, "host_queued_end": 1585586151.567123}, "device": "cpu", "nd_range": {"device_start": 2253925.780466103, "device_end": 2253925.790357241}, "cmdq": 0, "read": {"device_start": -1, "device_end": -1}}, "FFC_sans_bias7": {"write": {"device_start": -1, "host_queued_start": 1585586151.566024, "device_queued": -1, "device_end": -1, "host_queued_end": 1585586151.567123}, "device": "cpu", "nd_range": {"device_start": 2253925.797252554, "device_end": 2253925.813975367}, "cmdq": 1, "read": {"device_start": -1, "device_end": -1}}, "FFC_sans_bias6": {"write": {"device_start": -1, "host_queued_start": 1585586151.564649, "device_queued": -1, "device_end": -1, "host_queued_end": 1585586151.567123}, "device": "cpu", "nd_range": {"device_start": 2253925.790726107, "device_end": 2253925.797242068}, "cmdq": 4, "read": {"device_start": -1, "device_end": -1}}, "FFC_sans_bias1": {"write": {"device_start": -1, "host_queued_start": 1585586151.557746, "device_queued": -1, "device_end": -1, "host_queued_end": 1585586151.567123}, "device": "cpu", "nd_range": {"device_start": 2253925.7721625553, "device_end": 2253925.7799929143}, "cmdq": 3, "read": {"device_start": -1, "device_end": -1}}, "FFC_sans_bias0": {"write": {"device_start": -1, "host_queued_start": 1585586151.556662, "device_queued": -1, "device_end": -1, "host_queued_end": 1585586151.567123}, "device": "cpu", "nd_range": {"device_start": 2253925.756758462, "device_end": 2253925.773118143}, "cmdq": 2, "read": {"device_start": -1, "device_end": -1}}, "FFC_sans_bias2": {"write": {"device_start": -1, "host_queued_start": 1585586151.558855, "device_queued": -1, "device_end": -1, "host_queued_end": 1585586151.567123}, "device": "cpu", "nd_range": {"device_start": 2253925.756833864, "device_end": 2253925.772131714}, "cmdq": 4, "read": {"device_start": -1, "device_end": -1}}, "FFC_sans_bias9": {"write": {"device_start": -1, "host_queued_start": 1585586151.559936, "device_queued": -1, "device_end": -1, "host_queued_end": 1585586151.567123}, "device": "cpu", "nd_range": {"device_start": 2253925.756740427, "device_end": 2253925.772264344}, "cmdq": 0, "read": {"device_start": -1, "device_end": -1}}, "coalesced_transpose39": {"write": {"device_start": -1, "host_queued_start": 1585586151.546906, "device_queued": -1, "device_end": -1, "host_queued_end": 1585586151.552751}, "device": "gpu", "nd_range": {"device_start": 1585586086.1527867, "device_end": 1585586086.1531365}, "cmdq": 4, "read": {"device_start": -1, "device_end": -1}}, "softmax23": {"write": {"device_start": -1, "host_queued_start": 1585586151.548088, "device_queued": -1, "device_end": -1, "host_queued_end": 1585586151.552751}, "device": "gpu", "nd_range": {"device_start": 1585586086.1537526, "device_end": 1585586086.1549098}, "cmdq": 3, "read": {"device_start": -1, "device_end": -1}}, "FFC_sans_bias37": {"write": {"device_start": 1585586086.150513, "host_queued_start": 1585586151.54478, "device_queued": 1585586086.1494112, "device_end": 1585586086.1505427, "host_queued_end": 1585586151.552751}, "device": "gpu", "nd_range": {"device_start": 1585586086.1505463, "device_end": 1585586086.1527758}, "cmdq": 0, "read": {"device_start": -1, "device_end": -1}}, "softmax41": {"write": {"device_start": -1, "host_queued_start": 1585586151.548574, "device_queued": -1, "device_end": -1, "host_queued_end": 1585586151.552751}, "device": "gpu", "nd_range": {"device_start": 1585586086.1541955, "device_end": 1585586086.1549175}, "cmdq": 0, "read": {"device_start": -1, "device_end": -1}}, "FFC_sans_bias11": {"write": {"device_start": -1, "host_queued_start": 1585586151.562243, "device_queued": -1, "device_end": -1, "host_queued_end": 1585586151.567123}, "device": "cpu", "nd_range": {"device_start": 2253925.7732549054, "device_end": 2253925.7841908033}, "cmdq": 2, "read": {"device_start": -1, "device_end": -1}}, "FFC_sans_bias10": {"write": {"device_start": -1, "host_queued_start": 1585586151.561177, "device_queued": -1, "device_end": -1, "host_queued_end": 1585586151.567123}, "device": "cpu", "nd_range": {"device_start": 2253925.7567367563, "device_end": 2253925.7720817663}, "cmdq": 1, "read": {"device_start": -1, "device_end": -1}}, "coalesced_transpose3": {"write": {"device_start": -1, "host_queued_start": 1585586151.56259, "device_queued": -1, "device_end": -1, "host_queued_end": 1585586151.567123}, "device": "cpu", "nd_range": {"device_start": 2253925.780111976, "device_end": 2253925.7803552332}, "cmdq": 3, "read": {"device_start": -1, "device_end": -1}}, "FFC_sans_bias34": {"write": {"device_start": 1585586086.1550696, "host_queued_start": 1585586151.551607, "device_queued": 1585586086.1503356, "device_end": 1585586086.1551, "host_queued_end": 1585586151.552751}, "device": "gpu", "nd_range": {"device_start": 1585586086.1559453, "device_end": 1585586086.1569312}, "cmdq": 0, "read": {"device_start": 1585586086.1580892, "device_end": 1585586086.1581175}}, "FFC_sans_bias15": {"write": {"device_start": -1, "host_queued_start": 1585586151.564986, "device_queued": -1, "device_end": -1, "host_queued_end": 1585586151.567123}, "device": "cpu", "nd_range": {"device_start": 2253925.794083164, "device_end": 2253925.801411842}, "cmdq": 0, "read": {"device_start": -1, "device_end": -1}}, "FFC_sans_bias31": {"write": {"device_start": -1, "host_queued_start": 1585586151.54753, "device_queued": -1, "device_end": -1, "host_queued_end": 1585586151.552751}, "device": "gpu", "nd_range": {"device_start": 1585586086.1532378, "device_end": 1585586086.1547217}, "cmdq": 1, "read": {"device_start": -1, "device_end": -1}}, "FFC_sans_bias16": {"write": {"device_start": -1, "host_queued_start": 1585586151.56708, "device_queued": -1, "device_end": -1, "host_queued_end": 1585586151.567123}, "device": "cpu", "nd_range": {"device_start": 2253925.8023705743, "device_end": 2253925.808554018}, "cmdq": 2, "read": {"device_start": -1, "device_end": -1}}, "FFC_sans_bias19": {"write": {"device_start": 1585586086.1488256, "host_queued_start": 1585586151.538417, "device_queued": 1585586086.1486151, "device_end": 1585586086.148893, "host_queued_end": 1585586151.552751}, "device": "gpu", "nd_range": {"device_start": 1585586086.1488965, "device_end": 1585586086.1497946}, "cmdq": 4, "read": {"device_start": -1, "device_end": -1}}, "FFC_sans_bias18": {"write": {"device_start": 1585586086.1487117, "host_queued_start": 1585586151.537337, "device_queued": 1585586086.14838, "device_end": 1585586086.1487827, "host_queued_end": 1585586151.552751}, "device": "gpu", "nd_range": {"device_start": 1585586086.1487894, "device_end": 1585586086.149395}, "cmdq": 3, "read": {"device_start": -1, "device_end": -1}}, "coalesced_transpose30": {"write": {"device_start": -1, "host_queued_start": 1585586151.546568, "device_queued": -1, "device_end": -1, "host_queued_end": 1585586151.552751}, "device": "gpu", "nd_range": {"device_start": 1585586086.1517842, "device_end": 1585586086.1531346}, "cmdq": 3, "read": {"device_start": -1, "device_end": -1}}, "FFC_sans_bias38": {"write": {"device_start": 1585586086.1509197, "host_queued_start": 1585586151.545811, "device_queued": 1585586086.1494732, "device_end": 1585586086.1509507, "host_queued_end": 1585586151.552751}, "device": "gpu", "nd_range": {"device_start": 1585586086.1509573, "device_end": 1585586086.1532328}, "cmdq": 1, "read": {"device_start": -1, "device_end": -1}}, "empty26": {"write": {"device_start": 1585586086.148381, "host_queued_start": 1585586151.534322, "device_queued": 1585586086.1482391, "device_end": 1585586086.1484234, "host_queued_end": 1585586151.552751}, "device": "gpu", "nd_range": {"device_start": 1585586086.1484315, "device_end": 1585586086.1484423}, "cmdq": 0, "read": {"device_start": -1, "device_end": -1}}, "coalesced_transpose12": {"write": {"device_start": -1, "host_queued_start": 1585586151.562982, "device_queued": -1, "device_end": -1, "host_queued_end": 1585586151.567123}, "device": "cpu", "nd_range": {"device_start": 2253925.775490682, "device_end": 2253925.775726532}, "cmdq": 4, "read": {"device_start": -1, "device_end": -1}}, "empty44": {"write": {"device_start": 1585586086.148607, "host_queued_start": 1585586151.536313, "device_queued": 1585586086.1483607, "device_end": 1585586086.1486864, "host_queued_end": 1585586151.552751}, "device": "gpu", "nd_range": {"device_start": 1585586086.148691, "device_end": 1585586086.1487024}, "cmdq": 2, "read": {"device_start": -1, "device_end": -1}}, "coalesced_transpose21": {"write": {"device_start": -1, "host_queued_start": 1585586151.546262, "device_queued": -1, "device_end": -1, "host_queued_end": 1585586151.552751}, "device": "gpu", "nd_range": {"device_start": 1585586086.1513524, "device_end": 1585586086.153117}, "cmdq": 2, "read": {"device_start": -1, "device_end": -1}}, "FFC_sans_bias36": {"write": {"device_start": 1585586086.1499467, "host_queued_start": 1585586151.543752, "device_queued": 1585586086.1491625, "device_end": 1585586086.1499777, "host_queued_end": 1585586151.552751}, "device": "gpu", "nd_range": {"device_start": 1585586086.1499846, "device_end": 1585586086.1522715}, "cmdq": 4, "read": {"device_start": -1, "device_end": -1}}, "softmax14": {"write": {"device_start": -1, "host_queued_start": 1585586151.564314, "device_queued": -1, "device_end": -1, "host_queued_end": 1585586151.567123}, "device": "cpu", "nd_range": {"device_start": 2253925.7935419832, "device_end": 2253925.793750959}, "cmdq": 3, "read": {"device_start": -1, "device_end": -1}}, "FFC_sans_bias13": {"write": {"device_start": -1, "host_queued_start": 1585586151.563769, "device_queued": -1, "device_end": -1, "host_queued_end": 1585586151.567123}, "device": "cpu", "nd_range": {"device_start": 2253925.77609306, "device_end": 2253925.792669874}, "cmdq": 1, "read": {"device_start": -1, "device_end": -1}}, "empty8": {"write": {"device_start": -1, "host_queued_start": 1585586151.554334, "device_queued": -1, "device_end": -1, "host_queued_end": 1585586151.567123}, "device": "cpu", "nd_range": {"device_start": 2253925.756705759, "device_end": 2253925.756716079}, "cmdq": 0, "read": {"device_start": -1, "device_end": -1}}, "FFC_sans_bias42": {"write": {"device_start": -1, "host_queued_start": 1585586151.549508, "device_queued": -1, "device_end": -1, "host_queued_end": 1585586151.552751}, "device": "gpu", "nd_range": {"device_start": 1585586086.1553292, "device_end": 1585586086.156522}, "cmdq": 3, "read": {"device_start": -1, "device_end": -1}}, "FFC_sans_bias43": {"write": {"device_start": 1585586086.1556704, "host_queued_start": 1585586151.552648, "device_queued": 1585586086.1506069, "device_end": 1585586086.155701, "host_queued_end": 1585586151.552751}, "device": "gpu", "nd_range": {"device_start": 1585586086.1565282, "device_end": 1585586086.1575048}, "cmdq": 1, "read": {"device_start": 1585586086.1575074, "device_end": 1585586086.1575317}}, "FFC_sans_bias40": {"write": {"device_start": -1, "host_queued_start": 1585586151.54784, "device_queued": -1, "device_end": -1, "host_queued_end": 1585586151.552751}, "device": "gpu", "nd_range": {"device_start": 1585586086.153144, "device_end": 1585586086.154188}, "cmdq": 2, "read": {"device_start": -1, "device_end": -1}}, "softmax32": {"write": {"device_start": -1, "host_queued_start": 1585586151.548337, "device_queued": -1, "device_end": -1, "host_queued_end": 1585586151.552751}, "device": "gpu", "nd_range": {"device_start": 1585586086.1549146, "device_end": 1585586086.1553094}, "cmdq": 4, "read": {"device_start": -1, "device_end": -1}}, "FFC_sans_bias33": {"write": {"device_start": -1, "host_queued_start": 1585586151.549203, "device_queued": -1, "device_end": -1, "host_queued_end": 1585586151.552751}, "device": "gpu", "nd_range": {"device_start": 1585586086.155325, "device_end": 1585586086.1559384}, "cmdq": 2, "read": {"device_start": -1, "device_end": -1}}, "FFC_sans_bias24": {"write": {"device_start": -1, "host_queued_start": 1585586151.54889, "device_queued": -1, "device_end": -1, "host_queued_end": 1585586151.552751}, "device": "gpu", "nd_range": {"device_start": 1585586086.154922, "device_end": 1585586086.1555364}, "cmdq": 1, "read": {"device_start": -1, "device_end": -1}}, "FFC_sans_bias25": {"write": {"device_start": 1585586086.1554372, "host_queued_start": 1585586151.55052, "device_queued": 1585586086.1502895, "device_end": 1585586086.1554675, "host_queued_end": 1585586151.552751}, "device": "gpu", "nd_range": {"device_start": 1585586086.156534, "device_end": 1585586086.157909}, "cmdq": 4, "read": {"device_start": 1585586086.1579103, "device_end": 1585586086.1579332}}, "FFC_sans_bias27": {"write": {"device_start": 1585586086.149076, "host_queued_start": 1585586151.540571, "device_queued": 1585586086.1489787, "device_end": 1585586086.1491365, "host_queued_end": 1585586151.552751}, "device": "gpu", "nd_range": {"device_start": 1585586086.1492157, "device_end": 1585586086.1507967}, "cmdq": 1, "read": {"device_start": -1, "device_end": -1}}, "FFC_sans_bias20": {"write": {"device_start": 1585586086.148915, "host_queued_start": 1585586151.539539, "device_queued": 1585586086.1487756, "device_end": 1585586086.1489427, "host_queued_end": 1585586151.552751}, "device": "gpu", "nd_range": {"device_start": 1585586086.1489697, "device_end": 1585586086.1503851}, "cmdq": 0, "read": {"device_start": -1, "device_end": -1}}, "FFC_sans_bias22": {"write": {"device_start": -1, "host_queued_start": 1585586151.547221, "device_queued": -1, "device_end": -1, "host_queued_end": 1585586151.552751}, "device": "gpu", "nd_range": {"device_start": 1585586086.153127, "device_end": 1585586086.15374}, "cmdq": 0, "read": {"device_start": -1, "device_end": -1}}, "softmax5": {"write": {"device_start": -1, "host_queued_start": 1585586151.564044, "device_queued": -1, "device_end": -1, "host_queued_end": 1585586151.567123}, "device": "cpu", "nd_range": {"device_start": 2253925.790497666, "device_end": 2253925.790597136}, "cmdq": 2, "read": {"device_start": -1, "device_end": -1}}, "FFC_sans_bias28": {"write": {"device_start": 1585586086.149173, "host_queued_start": 1585586151.541622, "device_queued": 1585586086.1490028, "device_end": 1585586086.149199, "host_queued_end": 1585586151.552751}, "device": "gpu", "nd_range": {"device_start": 1585586086.149247, "device_end": 1585586086.151351}, "cmdq": 2, "read": {"device_start": -1, "device_end": -1}}, "FFC_sans_bias29": {"write": {"device_start": 1585586086.1495485, "host_queued_start": 1585586151.542722, "device_queued": 1585586086.1490183, "device_end": 1585586086.1495857, "host_queued_end": 1585586151.552751}, "device": "gpu", "nd_range": {"device_start": 1585586086.1495903, "device_end": 1585586086.15178}, "cmdq": 3, "read": {"device_start": -1, "device_end": -1}}, "empty17": {"write": {"device_start": -1, "host_queued_start": 1585586151.555506, "device_queued": -1, "device_end": -1, "host_queued_end": 1585586151.567123}, "device": "cpu", "nd_range": {"device_start": 2253925.756705713, "device_end": 2253925.756716118}, "cmdq": 1, "read": {"device_start": -1, "device_end": -1}}, "empty35": {"write": {"device_start": 1585586086.1484952, "host_queued_start": 1585586151.535404, "device_queued": 1585586086.1483378, "device_end": 1585586086.1485605, "host_queued_end": 1585586151.552751}, "device": "gpu", "nd_range": {"device_start": 1585586086.148685, "device_end": 1585586086.1486945}, "cmdq": 1, "read": {"device_start": -1, "device_end": -1}}}