{"FFC_sans_bias4": {"write": {"device_start": -1, "host_queued_start": 1585586108.279614, "device_queued": -1, "device_end": -1, "host_queued_end": 1585586108.28722}, "device": "cpu", "nd_range": {"device_start": 2253882.527959709, "device_end": 2253882.534134839}, "cmdq": 0, "read": {"device_start": -1, "device_end": -1}}, "FFC_sans_bias7": {"write": {"device_start": -1, "host_queued_start": 1585586108.284184, "device_queued": -1, "device_end": -1, "host_queued_end": 1585586108.28722}, "device": "cpu", "nd_range": {"device_start": 2253882.574323732, "device_end": 2253882.581946994}, "cmdq": 0, "read": {"device_start": -1, "device_end": -1}}, "FFC_sans_bias6": {"write": {"device_start": -1, "host_queued_start": 1585586108.282088, "device_queued": -1, "device_end": -1, "host_queued_end": 1585586108.28722}, "device": "cpu", "nd_range": {"device_start": 2253882.5453927573, "device_end": 2253882.566453669}, "cmdq": 0, "read": {"device_start": -1, "device_end": -1}}, "FFC_sans_bias1": {"write": {"device_start": -1, "host_queued_start": 1585586108.267301, "device_queued": -1, "device_end": -1, "host_queued_end": 1585586108.28722}, "device": "cpu", "nd_range": {"device_start": 2253882.476853048, "device_end": 2253882.4847220923}, "cmdq": 1, "read": {"device_start": -1, "device_end": -1}}, "FFC_sans_bias0": {"write": {"device_start": -1, "host_queued_start": 1585586108.266217, "device_queued": -1, "device_end": -1, "host_queued_end": 1585586108.28722}, "device": "cpu", "nd_range": {"device_start": 2253882.476853241, "device_end": 2253882.485869618}, "cmdq": 0, "read": {"device_start": -1, "device_end": -1}}, "FFC_sans_bias2": {"write": {"device_start": -1, "host_queued_start": 1585586108.26837, "device_queued": -1, "device_end": -1, "host_queued_end": 1585586108.28722}, "device": "cpu", "nd_range": {"device_start": 2253882.486922548, "device_end": 2253882.494301876}, "cmdq": 0, "read": {"device_start": -1, "device_end": -1}}, "FFC_sans_bias9": {"write": {"device_start": -1, "host_queued_start": 1585586108.269444, "device_queued": -1, "device_end": -1, "host_queued_end": 1585586108.28722}, "device": "cpu", "nd_range": {"device_start": 2253882.4848418343, "device_end": 2253882.490526948}, "cmdq": 1, "read": {"device_start": -1, "device_end": -1}}, "coalesced_transpose39": {"write": {"device_start": -1, "host_queued_start": 1585586108.259126, "device_queued": -1, "device_end": -1, "host_queued_end": 1585586108.261175}, "device": "gpu", "nd_range": {"device_start": 1585586042.8591666, "device_end": 1585586042.8595471}, "cmdq": 4, "read": {"device_start": -1, "device_end": -1}}, "softmax23": {"write": {"device_start": -1, "host_queued_start": 1585586108.281478, "device_queued": -1, "device_end": -1, "host_queued_end": 1585586108.28722}, "device": "cpu", "nd_range": {"device_start": 2253882.5451349462, "device_end": 2253882.545387213}, "cmdq": 0, "read": {"device_start": -1, "device_end": -1}}, "FFC_sans_bias37": {"write": {"device_start": 1585586042.8581045, "host_queued_start": 1585586108.257653, "device_queued": 1585586042.857892, "device_end": 1585586042.8581777, "host_queued_end": 1585586108.261175}, "device": "gpu", "nd_range": {"device_start": 1585586042.8581836, "device_end": 1585586042.8591611}, "cmdq": 2, "read": {"device_start": -1, "device_end": -1}}, "softmax41": {"write": {"device_start": -1, "host_queued_start": 1585586108.259732, "device_queued": -1, "device_end": -1, "host_queued_end": 1585586108.261175}, "device": "gpu", "nd_range": {"device_start": 1585586042.8602479, "device_end": 1585586042.8604403}, "cmdq": 1, "read": {"device_start": -1, "device_end": -1}}, "FFC_sans_bias11": {"write": {"device_start": -1, "host_queued_start": 1585586108.271565, "device_queued": -1, "device_end": -1, "host_queued_end": 1585586108.28722}, "device": "cpu", "nd_range": {"device_start": 2253882.492067574, "device_end": 2253882.4987273933}, "cmdq": 1, "read": {"device_start": -1, "device_end": -1}}, "FFC_sans_bias10": {"write": {"device_start": -1, "host_queued_start": 1585586108.270486, "device_queued": -1, "device_end": -1, "host_queued_end": 1585586108.28722}, "device": "cpu", "nd_range": {"device_start": 2253882.4944348363, "device_end": 2253882.5013946122}, "cmdq": 0, "read": {"device_start": -1, "device_end": -1}}, "coalesced_transpose3": {"write": {"device_start": -1, "host_queued_start": 1585586108.278247, "device_queued": -1, "device_end": -1, "host_queued_end": 1585586108.28722}, "device": "cpu", "nd_range": {"device_start": 2253882.527447686, "device_end": 2253882.52761948}, "cmdq": 0, "read": {"device_start": -1, "device_end": -1}}, "FFC_sans_bias34": {"write": {"device_start": -1, "host_queued_start": 1585586108.287175, "device_queued": -1, "device_end": -1, "host_queued_end": 1585586108.28722}, "device": "cpu", "nd_range": {"device_start": 2253882.594342815, "device_end": 2253882.599541541}, "cmdq": 1, "read": {"device_start": -1, "device_end": -1}}, "FFC_sans_bias15": {"write": {"device_start": -1, "host_queued_start": 1585586108.282431, "device_queued": -1, "device_end": -1, "host_queued_end": 1585586108.28722}, "device": "cpu", "nd_range": {"device_start": 2253882.5611048103, "device_end": 2253882.566412651}, "cmdq": 1, "read": {"device_start": -1, "device_end": -1}}, "FFC_sans_bias31": {"write": {"device_start": -1, "host_queued_start": 1585586108.280646, "device_queued": -1, "device_end": -1, "host_queued_end": 1585586108.28722}, "device": "cpu", "nd_range": {"device_start": 2253882.5529499273, "device_end": 2253882.560614025}, "cmdq": 1, "read": {"device_start": -1, "device_end": -1}}, "FFC_sans_bias16": {"write": {"device_start": -1, "host_queued_start": 1585586108.285192, "device_queued": -1, "device_end": -1, "host_queued_end": 1585586108.28722}, "device": "cpu", "nd_range": {"device_start": 2253882.587426416, "device_end": 2253882.59433559}, "cmdq": 1, "read": {"device_start": -1, "device_end": -1}}, "FFC_sans_bias19": {"write": {"device_start": -1, "host_queued_start": 1585586108.273675, "device_queued": -1, "device_end": -1, "host_queued_end": 1585586108.28722}, "device": "cpu", "nd_range": {"device_start": 2253882.505513636, "device_end": 2253882.5186211113}, "cmdq": 1, "read": {"device_start": -1, "device_end": -1}}, "FFC_sans_bias18": {"write": {"device_start": -1, "host_queued_start": 1585586108.272611, "device_queued": -1, "device_end": -1, "host_queued_end": 1585586108.28722}, "device": "cpu", "nd_range": {"device_start": 2253882.501520818, "device_end": 2253882.507216058}, "cmdq": 0, "read": {"device_start": -1, "device_end": -1}}, "coalesced_transpose30": {"write": {"device_start": -1, "host_queued_start": 1585586108.279273, "device_queued": -1, "device_end": -1, "host_queued_end": 1585586108.28722}, "device": "cpu", "nd_range": {"device_start": 2253882.5447828444, "device_end": 2253882.545112985}, "cmdq": 1, "read": {"device_start": -1, "device_end": -1}}, "FFC_sans_bias38": {"write": {"device_start": 1585586042.858189, "host_queued_start": 1585586108.258769, "device_queued": 1585586042.8579116, "device_end": 1585586042.8582146, "host_queued_end": 1585586108.261175}, "device": "gpu", "nd_range": {"device_start": 1585586042.8582177, "device_end": 1585586042.8596451}, "cmdq": 3, "read": {"device_start": -1, "device_end": -1}}, "empty26": {"write": {"device_start": -1, "host_queued_start": 1585586108.264268, "device_queued": -1, "device_end": -1, "host_queued_end": 1585586108.28722}, "device": "cpu", "nd_range": {"device_start": 2253882.476845525, "device_end": 2253882.476846553}, "cmdq": 0, "read": {"device_start": -1, "device_end": -1}}, "coalesced_transpose12": {"write": {"device_start": -1, "host_queued_start": 1585586108.278602, "device_queued": -1, "device_end": -1, "host_queued_end": 1585586108.28722}, "device": "cpu", "nd_range": {"device_start": 2253882.538402471, "device_end": 2253882.544777086}, "cmdq": 1, "read": {"device_start": -1, "device_end": -1}}, "empty44": {"write": {"device_start": 1585586042.8579028, "host_queued_start": 1585586108.255379, "device_queued": 1585586042.8577843, "device_end": 1585586042.8579304, "host_queued_end": 1585586108.261175}, "device": "gpu", "nd_range": {"device_start": 1585586042.8579395, "device_end": 1585586042.8579443}, "cmdq": 0, "read": {"device_start": -1, "device_end": -1}}, "coalesced_transpose21": {"write": {"device_start": -1, "host_queued_start": 1585586108.278944, "device_queued": -1, "device_end": -1, "host_queued_end": 1585586108.28722}, "device": "cpu", "nd_range": {"device_start": 2253882.527747278, "device_end": 2253882.5278452723}, "cmdq": 0, "read": {"device_start": -1, "device_end": -1}}, "FFC_sans_bias36": {"write": {"device_start": 1585586042.8580139, "host_queued_start": 1585586108.256579, "device_queued": 1585586042.8578713, "device_end": 1585586042.8580782, "host_queued_end": 1585586108.261175}, "device": "gpu", "nd_range": {"device_start": 1585586042.8581214, "device_end": 1585586042.858741}, "cmdq": 1, "read": {"device_start": -1, "device_end": -1}}, "softmax14": {"write": {"device_start": -1, "host_queued_start": 1585586108.281204, "device_queued": -1, "device_end": -1, "host_queued_end": 1585586108.28722}, "device": "cpu", "nd_range": {"device_start": 2253882.560729329, "device_end": 2253882.5608104663}, "cmdq": 1, "read": {"device_start": -1, "device_end": -1}}, "FFC_sans_bias13": {"write": {"device_start": -1, "host_queued_start": 1585586108.279963, "device_queued": -1, "device_end": -1, "host_queued_end": 1585586108.28722}, "device": "cpu", "nd_range": {"device_start": 2253882.545118447, "device_end": 2253882.552825937}, "cmdq": 1, "read": {"device_start": -1, "device_end": -1}}, "empty8": {"write": {"device_start": -1, "host_queued_start": 1585586108.262477, "device_queued": -1, "device_end": -1, "host_queued_end": 1585586108.28722}, "device": "cpu", "nd_range": {"device_start": 2253882.476811455, "device_end": 2253882.476825126}, "cmdq": 0, "read": {"device_start": -1, "device_end": -1}}, "FFC_sans_bias42": {"write": {"device_start": -1, "host_queued_start": 1585586108.260045, "device_queued": -1, "device_end": -1, "host_queued_end": 1585586108.261175}, "device": "gpu", "nd_range": {"device_start": 1585586042.8604538, "device_end": 1585586042.8610516}, "cmdq": 2, "read": {"device_start": -1, "device_end": -1}}, "FFC_sans_bias43": {"write": {"device_start": 1585586042.8597422, "host_queued_start": 1585586108.261063, "device_queued": 1585586042.858318, "device_end": 1585586042.8597722, "host_queued_end": 1585586108.261175}, "device": "gpu", "nd_range": {"device_start": 1585586042.8610554, "device_end": 1585586042.8616495}, "cmdq": 3, "read": {"device_start": 1585586042.8616507, "device_end": 1585586042.8616734}}, "FFC_sans_bias40": {"write": {"device_start": -1, "host_queued_start": 1585586108.25948, "device_queued": -1, "device_end": -1, "host_queued_end": 1585586108.261175}, "device": "gpu", "nd_range": {"device_start": 1585586042.8596475, "device_end": 1585586042.86024}, "cmdq": 0, "read": {"device_start": -1, "device_end": -1}}, "softmax32": {"write": {"device_start": -1, "host_queued_start": 1585586108.281749, "device_queued": -1, "device_end": -1, "host_queued_end": 1585586108.28722}, "device": "cpu", "nd_range": {"device_start": 2253882.560921511, "device_end": 2253882.560998443}, "cmdq": 1, "read": {"device_start": -1, "device_end": -1}}, "FFC_sans_bias33": {"write": {"device_start": -1, "host_queued_start": 1585586108.283122, "device_queued": -1, "device_end": -1, "host_queued_end": 1585586108.28722}, "device": "cpu", "nd_range": {"device_start": 2253882.566532474, "device_end": 2253882.587412353}, "cmdq": 1, "read": {"device_start": -1, "device_end": -1}}, "FFC_sans_bias24": {"write": {"device_start": -1, "host_queued_start": 1585586108.282778, "device_queued": -1, "device_end": -1, "host_queued_end": 1585586108.28722}, "device": "cpu", "nd_range": {"device_start": 2253882.5664706323, "device_end": 2253882.574208415}, "cmdq": 0, "read": {"device_start": -1, "device_end": -1}}, "FFC_sans_bias25": {"write": {"device_start": -1, "host_queued_start": 1585586108.286177, "device_queued": -1, "device_end": -1, "host_queued_end": 1585586108.28722}, "device": "cpu", "nd_range": {"device_start": 2253882.581950611, "device_end": 2253882.5874138824}, "cmdq": 0, "read": {"device_start": -1, "device_end": -1}}, "FFC_sans_bias27": {"write": {"device_start": -1, "host_queued_start": 1585586108.275812, "device_queued": -1, "device_end": -1, "host_queued_end": 1585586108.28722}, "device": "cpu", "nd_range": {"device_start": 2253882.5186290722, "device_end": 2253882.5253059193}, "cmdq": 1, "read": {"device_start": -1, "device_end": -1}}, "FFC_sans_bias20": {"write": {"device_start": -1, "host_queued_start": 1585586108.274771, "device_queued": -1, "device_end": -1, "host_queued_end": 1585586108.28722}, "device": "cpu", "nd_range": {"device_start": 2253882.507331803, "device_end": 2253882.518621225}, "cmdq": 0, "read": {"device_start": -1, "device_end": -1}}, "FFC_sans_bias22": {"write": {"device_start": -1, "host_queued_start": 1585586108.280304, "device_queued": -1, "device_end": -1, "host_queued_end": 1585586108.28722}, "device": "cpu", "nd_range": {"device_start": 2253882.534246441, "device_end": 2253882.541313509}, "cmdq": 0, "read": {"device_start": -1, "device_end": -1}}, "softmax5": {"write": {"device_start": -1, "host_queued_start": 1585586108.28093, "device_queued": -1, "device_end": -1, "host_queued_end": 1585586108.28722}, "device": "cpu", "nd_range": {"device_start": 2253882.541420674, "device_end": 2253882.545113584}, "cmdq": 0, "read": {"device_start": -1, "device_end": -1}}, "FFC_sans_bias28": {"write": {"device_start": -1, "host_queued_start": 1585586108.276853, "device_queued": -1, "device_end": -1, "host_queued_end": 1585586108.28722}, "device": "cpu", "nd_range": {"device_start": 2253882.518628419, "device_end": 2253882.527440511}, "cmdq": 0, "read": {"device_start": -1, "device_end": -1}}, "FFC_sans_bias29": {"write": {"device_start": -1, "host_queued_start": 1585586108.277904, "device_queued": -1, "device_end": -1, "host_queued_end": 1585586108.28722}, "device": "cpu", "nd_range": {"device_start": 2253882.532238853, "device_end": 2253882.538395}, "cmdq": 1, "read": {"device_start": -1, "device_end": -1}}, "empty17": {"write": {"device_start": -1, "host_queued_start": 1585586108.263383, "device_queued": -1, "device_end": -1, "host_queued_end": 1585586108.28722}, "device": "cpu", "nd_range": {"device_start": 2253882.4768114244, "device_end": 2253882.4768251833}, "cmdq": 1, "read": {"device_start": -1, "device_end": -1}}, "empty35": {"write": {"device_start": -1, "host_queued_start": 1585586108.265071, "device_queued": -1, "device_end": -1, "host_queued_end": 1585586108.28722}, "device": "cpu", "nd_range": {"device_start": 2253882.476845403, "device_end": 2253882.476846468}, "cmdq": 1, "read": {"device_start": -1, "device_end": -1}}}