{"FFC_sans_bias4": {"write": {"device_start": -1, "host_queued_start": 1585586010.806655, "device_queued": -1, "device_end": -1, "host_queued_end": 1585586010.814774}, "device": "cpu", "nd_range": {"device_start": 2253785.060465314, "device_end": 2253785.064760868}, "cmdq": 0, "read": {"device_start": -1, "device_end": -1}}, "FFC_sans_bias7": {"write": {"device_start": -1, "host_queued_start": 1585586010.811267, "device_queued": -1, "device_end": -1, "host_queued_end": 1585586010.814774}, "device": "cpu", "nd_range": {"device_start": 2253785.0975937652, "device_end": 2253785.1021596473}, "cmdq": 0, "read": {"device_start": -1, "device_end": -1}}, "FFC_sans_bias6": {"write": {"device_start": -1, "host_queued_start": 1585586010.809165, "device_queued": -1, "device_end": -1, "host_queued_end": 1585586010.814774}, "device": "cpu", "nd_range": {"device_start": 2253785.079746238, "device_end": 2253785.083824878}, "cmdq": 0, "read": {"device_start": -1, "device_end": -1}}, "FFC_sans_bias1": {"write": {"device_start": -1, "host_queued_start": 1585586010.79432, "device_queued": -1, "device_end": -1, "host_queued_end": 1585586010.814774}, "device": "cpu", "nd_range": {"device_start": 2253785.0087477113, "device_end": 2253785.013096367}, "cmdq": 0, "read": {"device_start": -1, "device_end": -1}}, "FFC_sans_bias0": {"write": {"device_start": -1, "host_queued_start": 1585586010.79324, "device_queued": -1, "device_end": -1, "host_queued_end": 1585586010.814774}, "device": "cpu", "nd_range": {"device_start": 2253785.0043869764, "device_end": 2253785.008607586}, "cmdq": 0, "read": {"device_start": -1, "device_end": -1}}, "FFC_sans_bias2": {"write": {"device_start": -1, "host_queued_start": 1585586010.795426, "device_queued": -1, "device_end": -1, "host_queued_end": 1585586010.814774}, "device": "cpu", "nd_range": {"device_start": 2253785.013121198, "device_end": 2253785.0172048872}, "cmdq": 0, "read": {"device_start": -1, "device_end": -1}}, "FFC_sans_bias9": {"write": {"device_start": -1, "host_queued_start": 1585586010.796476, "device_queued": -1, "device_end": -1, "host_queued_end": 1585586010.814774}, "device": "cpu", "nd_range": {"device_start": 2253785.017223618, "device_end": 2253785.021649458}, "cmdq": 0, "read": {"device_start": -1, "device_end": -1}}, "coalesced_transpose39": {"write": {"device_start": -1, "host_queued_start": 1585586010.786198, "device_queued": -1, "device_end": -1, "host_queued_end": 1585586010.788276}, "device": "gpu", "nd_range": {"device_start": 1585585945.3889506, "device_end": 1585585945.3893497}, "cmdq": 0, "read": {"device_start": -1, "device_end": -1}}, "softmax23": {"write": {"device_start": -1, "host_queued_start": 1585586010.808526, "device_queued": -1, "device_end": -1, "host_queued_end": 1585586010.814774}, "device": "cpu", "nd_range": {"device_start": 2253785.079444123, "device_end": 2253785.079533571}, "cmdq": 0, "read": {"device_start": -1, "device_end": -1}}, "FFC_sans_bias37": {"write": {"device_start": 1585585945.3878136, "host_queued_start": 1585586010.78476, "device_queued": 1585585945.387614, "device_end": 1585585945.3878846, "host_queued_end": 1585586010.788276}, "device": "gpu", "nd_range": {"device_start": 1585585945.3879466, "device_end": 1585585945.3889477}, "cmdq": 2, "read": {"device_start": -1, "device_end": -1}}, "softmax41": {"write": {"device_start": -1, "host_queued_start": 1585586010.786828, "device_queued": -1, "device_end": -1, "host_queued_end": 1585586010.788276}, "device": "gpu", "nd_range": {"device_start": 1585585945.3900373, "device_end": 1585585945.3902285}, "cmdq": 2, "read": {"device_start": -1, "device_end": -1}}, "FFC_sans_bias11": {"write": {"device_start": -1, "host_queued_start": 1585586010.798586, "device_queued": -1, "device_end": -1, "host_queued_end": 1585586010.814774}, "device": "cpu", "nd_range": {"device_start": 2253785.026656148, "device_end": 2253785.031068123}, "cmdq": 0, "read": {"device_start": -1, "device_end": -1}}, "FFC_sans_bias10": {"write": {"device_start": -1, "host_queued_start": 1585586010.797518, "device_queued": -1, "device_end": -1, "host_queued_end": 1585586010.814774}, "device": "cpu", "nd_range": {"device_start": 2253785.021873951, "device_end": 2253785.026648592}, "cmdq": 0, "read": {"device_start": -1, "device_end": -1}}, "coalesced_transpose3": {"write": {"device_start": -1, "host_queued_start": 1585586010.805274, "device_queued": -1, "device_end": -1, "host_queued_end": 1585586010.814774}, "device": "cpu", "nd_range": {"device_start": 2253785.059448698, "device_end": 2253785.059623658}, "cmdq": 0, "read": {"device_start": -1, "device_end": -1}}, "FFC_sans_bias34": {"write": {"device_start": -1, "host_queued_start": 1585586010.814722, "device_queued": -1, "device_end": -1, "host_queued_end": 1585586010.814774}, "device": "cpu", "nd_range": {"device_start": 2253785.111240482, "device_end": 2253785.115765604}, "cmdq": 0, "read": {"device_start": -1, "device_end": -1}}, "FFC_sans_bias15": {"write": {"device_start": -1, "host_queued_start": 1585586010.809517, "device_queued": -1, "device_end": -1, "host_queued_end": 1585586010.814774}, "device": "cpu", "nd_range": {"device_start": 2253785.083830031, "device_end": 2253785.0886613303}, "cmdq": 0, "read": {"device_start": -1, "device_end": -1}}, "FFC_sans_bias31": {"write": {"device_start": -1, "host_queued_start": 1585586010.807699, "device_queued": -1, "device_end": -1, "host_queued_end": 1585586010.814774}, "device": "cpu", "nd_range": {"device_start": 2253785.0739302873, "device_end": 2253785.0785001693}, "cmdq": 0, "read": {"device_start": -1, "device_end": -1}}, "FFC_sans_bias16": {"write": {"device_start": -1, "host_queued_start": 1585586010.812279, "device_queued": -1, "device_end": -1, "host_queued_end": 1585586010.814774}, "device": "cpu", "nd_range": {"device_start": 2253785.102164127, "device_end": 2253785.106948603}, "cmdq": 0, "read": {"device_start": -1, "device_end": -1}}, "FFC_sans_bias19": {"write": {"device_start": -1, "host_queued_start": 1585586010.800692, "device_queued": -1, "device_end": -1, "host_queued_end": 1585586010.814774}, "device": "cpu", "nd_range": {"device_start": 2253785.0358886053, "device_end": 2253785.0405388162}, "cmdq": 0, "read": {"device_start": -1, "device_end": -1}}, "FFC_sans_bias18": {"write": {"device_start": -1, "host_queued_start": 1585586010.799649, "device_queued": -1, "device_end": -1, "host_queued_end": 1585586010.814774}, "device": "cpu", "nd_range": {"device_start": 2253785.031077236, "device_end": 2253785.03587036}, "cmdq": 0, "read": {"device_start": -1, "device_end": -1}}, "coalesced_transpose30": {"write": {"device_start": -1, "host_queued_start": 1585586010.806281, "device_queued": -1, "device_end": -1, "host_queued_end": 1585586010.814774}, "device": "cpu", "nd_range": {"device_start": 2253785.0602485132, "device_end": 2253785.0603508763}, "cmdq": 0, "read": {"device_start": -1, "device_end": -1}}, "FFC_sans_bias38": {"write": {"device_start": 1585585945.3878996, "host_queued_start": 1585586010.785837, "device_queued": 1585585945.3876333, "device_end": 1585585945.3879247, "host_queued_end": 1585586010.788276}, "device": "gpu", "nd_range": {"device_start": 1585585945.38796, "device_end": 1585585945.3894267}, "cmdq": 3, "read": {"device_start": -1, "device_end": -1}}, "empty26": {"write": {"device_start": -1, "host_queued_start": 1585586010.791305, "device_queued": -1, "device_end": -1, "host_queued_end": 1585586010.814774}, "device": "cpu", "nd_range": {"device_start": 2253785.0043773893, "device_end": 2253785.0043782243}, "cmdq": 0, "read": {"device_start": -1, "device_end": -1}}, "coalesced_transpose12": {"write": {"device_start": -1, "host_queued_start": 1585586010.805615, "device_queued": -1, "device_end": -1, "host_queued_end": 1585586010.814774}, "device": "cpu", "nd_range": {"device_start": 2253785.0597702763, "device_end": 2253785.0598908523}, "cmdq": 0, "read": {"device_start": -1, "device_end": -1}}, "empty44": {"write": {"device_start": 1585585945.3876007, "host_queued_start": 1585586010.782446, "device_queued": 1585585945.387476, "device_end": 1585585945.3876636, "host_queued_end": 1585586010.788276}, "device": "gpu", "nd_range": {"device_start": 1585585945.3876712, "device_end": 1585585945.387681}, "cmdq": 0, "read": {"device_start": -1, "device_end": -1}}, "coalesced_transpose21": {"write": {"device_start": -1, "host_queued_start": 1585586010.805951, "device_queued": -1, "device_end": -1, "host_queued_end": 1585586010.814774}, "device": "cpu", "nd_range": {"device_start": 2253785.060012756, "device_end": 2253785.060130816}, "cmdq": 0, "read": {"device_start": -1, "device_end": -1}}, "FFC_sans_bias36": {"write": {"device_start": 1585585945.387708, "host_queued_start": 1585586010.783679, "device_queued": 1585585945.3875942, "device_end": 1585585945.3877676, "host_queued_end": 1585586010.788276}, "device": "gpu", "nd_range": {"device_start": 1585585945.3879175, "device_end": 1585585945.3885202}, "cmdq": 1, "read": {"device_start": -1, "device_end": -1}}, "softmax14": {"write": {"device_start": -1, "host_queued_start": 1585586010.808251, "device_queued": -1, "device_end": -1, "host_queued_end": 1585586010.814774}, "device": "cpu", "nd_range": {"device_start": 2253785.079205661, "device_end": 2253785.0793232503}, "cmdq": 0, "read": {"device_start": -1, "device_end": -1}}, "FFC_sans_bias13": {"write": {"device_start": -1, "host_queued_start": 1585586010.807008, "device_queued": -1, "device_end": -1, "host_queued_end": 1585586010.814774}, "device": "cpu", "nd_range": {"device_start": 2253785.064766954, "device_end": 2253785.069331563}, "cmdq": 0, "read": {"device_start": -1, "device_end": -1}}, "empty8": {"write": {"device_start": -1, "host_queued_start": 1585586010.789506, "device_queued": -1, "device_end": -1, "host_queued_end": 1585586010.814774}, "device": "cpu", "nd_range": {"device_start": 2253785.0043422463, "device_end": 2253785.004352578}, "cmdq": 0, "read": {"device_start": -1, "device_end": -1}}, "FFC_sans_bias42": {"write": {"device_start": -1, "host_queued_start": 1585586010.787139, "device_queued": -1, "device_end": -1, "host_queued_end": 1585586010.788276}, "device": "gpu", "nd_range": {"device_start": 1585585945.390233, "device_end": 1585585945.390818}, "cmdq": 3, "read": {"device_start": -1, "device_end": -1}}, "FFC_sans_bias43": {"write": {"device_start": 1585585945.389473, "host_queued_start": 1585586010.78816, "device_queued": 1585585945.3881056, "device_end": 1585585945.3895035, "host_queued_end": 1585586010.788276}, "device": "gpu", "nd_range": {"device_start": 1585585945.3908217, "device_end": 1585585945.3914177}, "cmdq": 0, "read": {"device_start": 1585585945.3914223, "device_end": 1585585945.3914452}}, "FFC_sans_bias40": {"write": {"device_start": -1, "host_queued_start": 1585586010.786515, "device_queued": -1, "device_end": -1, "host_queued_end": 1585586010.788276}, "device": "gpu", "nd_range": {"device_start": 1585585945.389432, "device_end": 1585585945.390031}, "cmdq": 1, "read": {"device_start": -1, "device_end": -1}}, "softmax32": {"write": {"device_start": -1, "host_queued_start": 1585586010.808813, "device_queued": -1, "device_end": -1, "host_queued_end": 1585586010.814774}, "device": "cpu", "nd_range": {"device_start": 2253785.079651058, "device_end": 2253785.079739899}, "cmdq": 0, "read": {"device_start": -1, "device_end": -1}}, "FFC_sans_bias33": {"write": {"device_start": -1, "host_queued_start": 1585586010.810197, "device_queued": -1, "device_end": -1, "host_queued_end": 1585586010.814774}, "device": "cpu", "nd_range": {"device_start": 2253785.0929123024, "device_end": 2253785.0975881503}, "cmdq": 0, "read": {"device_start": -1, "device_end": -1}}, "FFC_sans_bias24": {"write": {"device_start": -1, "host_queued_start": 1585586010.809854, "device_queued": -1, "device_end": -1, "host_queued_end": 1585586010.814774}, "device": "cpu", "nd_range": {"device_start": 2253785.088666404, "device_end": 2253785.092906673}, "cmdq": 0, "read": {"device_start": -1, "device_end": -1}}, "FFC_sans_bias25": {"write": {"device_start": -1, "host_queued_start": 1585586010.813525, "device_queued": -1, "device_end": -1, "host_queued_end": 1585586010.814774}, "device": "cpu", "nd_range": {"device_start": 2253785.1069516023, "device_end": 2253785.111237757}, "cmdq": 0, "read": {"device_start": -1, "device_end": -1}}, "FFC_sans_bias27": {"write": {"device_start": -1, "host_queued_start": 1585586010.802824, "device_queued": -1, "device_end": -1, "host_queued_end": 1585586010.814774}, "device": "cpu", "nd_range": {"device_start": 2253785.0453872844, "device_end": 2253785.049515366}, "cmdq": 0, "read": {"device_start": -1, "device_end": -1}}, "FFC_sans_bias20": {"write": {"device_start": -1, "host_queued_start": 1585586010.801741, "device_queued": -1, "device_end": -1, "host_queued_end": 1585586010.814774}, "device": "cpu", "nd_range": {"device_start": 2253785.040545557, "device_end": 2253785.0453820443}, "cmdq": 0, "read": {"device_start": -1, "device_end": -1}}, "FFC_sans_bias22": {"write": {"device_start": -1, "host_queued_start": 1585586010.807355, "device_queued": -1, "device_end": -1, "host_queued_end": 1585586010.814774}, "device": "cpu", "nd_range": {"device_start": 2253785.0693366523, "device_end": 2253785.073806888}, "cmdq": 0, "read": {"device_start": -1, "device_end": -1}}, "softmax5": {"write": {"device_start": -1, "host_queued_start": 1585586010.807978, "device_queued": -1, "device_end": -1, "host_queued_end": 1585586010.814774}, "device": "cpu", "nd_range": {"device_start": 2253785.0785058383, "device_end": 2253785.0792003763}, "cmdq": 0, "read": {"device_start": -1, "device_end": -1}}, "FFC_sans_bias28": {"write": {"device_start": -1, "host_queued_start": 1585586010.803876, "device_queued": -1, "device_end": -1, "host_queued_end": 1585586010.814774}, "device": "cpu", "nd_range": {"device_start": 2253785.049522695, "device_end": 2253785.054399135}, "cmdq": 0, "read": {"device_start": -1, "device_end": -1}}, "FFC_sans_bias29": {"write": {"device_start": -1, "host_queued_start": 1585586010.804939, "device_queued": -1, "device_end": -1, "host_queued_end": 1585586010.814774}, "device": "cpu", "nd_range": {"device_start": 2253785.054404688, "device_end": 2253785.059443117}, "cmdq": 0, "read": {"device_start": -1, "device_end": -1}}, "empty17": {"write": {"device_start": -1, "host_queued_start": 1585586010.790426, "device_queued": -1, "device_end": -1, "host_queued_end": 1585586010.814774}, "device": "cpu", "nd_range": {"device_start": 2253785.004371543, "device_end": 2253785.00437255}, "cmdq": 0, "read": {"device_start": -1, "device_end": -1}}, "empty35": {"write": {"device_start": -1, "host_queued_start": 1585586010.792107, "device_queued": -1, "device_end": -1, "host_queued_end": 1585586010.814774}, "device": "cpu", "nd_range": {"device_start": 2253785.004381949, "device_end": 2253785.0043824674}, "cmdq": 0, "read": {"device_start": -1, "device_end": -1}}}