{"FFC_sans_bias4": {"write": {"device_start": -1, "host_queued_start": 1585586148.885262, "device_queued": -1, "device_end": -1, "host_queued_end": 1585586148.886978}, "device": "cpu", "nd_range": {"device_start": 2253923.088670677, "device_end": 2253923.092953789}, "cmdq": 0, "read": {"device_start": -1, "device_end": -1}}, "FFC_sans_bias7": {"write": {"device_start": -1, "host_queued_start": 1585586148.886933, "device_queued": -1, "device_end": -1, "host_queued_end": 1585586148.886978}, "device": "cpu", "nd_range": {"device_start": 2253923.098206276, "device_end": 2253923.1038699923}, "cmdq": 3, "read": {"device_start": -1, "device_end": -1}}, "FFC_sans_bias6": {"write": {"device_start": -1, "host_queued_start": 1585586148.885871, "device_queued": -1, "device_end": -1, "host_queued_end": 1585586148.886978}, "device": "cpu", "nd_range": {"device_start": 2253923.093248793, "device_end": 2253923.098198127}, "cmdq": 2, "read": {"device_start": -1, "device_end": -1}}, "FFC_sans_bias1": {"write": {"device_start": -1, "host_queued_start": 1585586148.883268, "device_queued": -1, "device_end": -1, "host_queued_end": 1585586148.886978}, "device": "cpu", "nd_range": {"device_start": 2253923.076586349, "device_end": 2253923.088228064}, "cmdq": 2, "read": {"device_start": -1, "device_end": -1}}, "FFC_sans_bias0": {"write": {"device_start": -1, "host_queued_start": 1585586148.881912, "device_queued": -1, "device_end": -1, "host_queued_end": 1585586148.886978}, "device": "cpu", "nd_range": {"device_start": 2253923.0765753533, "device_end": 2253923.085529571}, "cmdq": 1, "read": {"device_start": -1, "device_end": -1}}, "FFC_sans_bias2": {"write": {"device_start": -1, "host_queued_start": 1585586148.884529, "device_queued": -1, "device_end": -1, "host_queued_end": 1585586148.886978}, "device": "cpu", "nd_range": {"device_start": 2253923.076602673, "device_end": 2253923.089622463}, "cmdq": 3, "read": {"device_start": -1, "device_end": -1}}, "FFC_sans_bias9": {"write": {"device_start": 1585586083.4753468, "host_queued_start": 1585586148.858533, "device_queued": 1585586083.4751318, "device_end": 1585586083.4754276, "host_queued_end": 1585586148.879205}, "device": "gpu", "nd_range": {"device_start": 1585586083.4754338, "device_end": 1585586083.4760427}, "cmdq": 4, "read": {"device_start": -1, "device_end": -1}}, "coalesced_transpose39": {"write": {"device_start": -1, "host_queued_start": 1585586148.871457, "device_queued": -1, "device_end": -1, "host_queued_end": 1585586148.879205}, "device": "gpu", "nd_range": {"device_start": 1585586083.4808636, "device_end": 1585586083.4812486}, "cmdq": 4, "read": {"device_start": -1, "device_end": -1}}, "softmax23": {"write": {"device_start": -1, "host_queued_start": 1585586148.873212, "device_queued": -1, "device_end": -1, "host_queued_end": 1585586148.879205}, "device": "gpu", "nd_range": {"device_start": 1585586083.4823756, "device_end": 1585586083.4837637}, "cmdq": 0, "read": {"device_start": -1, "device_end": -1}}, "FFC_sans_bias37": {"write": {"device_start": 1585586083.4785867, "host_queued_start": 1585586148.869164, "device_queued": 1585586083.4760516, "device_end": 1585586083.4786172, "host_queued_end": 1585586148.879205}, "device": "gpu", "nd_range": {"device_start": 1585586083.4786327, "device_end": 1585586083.4808626}, "cmdq": 4, "read": {"device_start": -1, "device_end": -1}}, "softmax41": {"write": {"device_start": -1, "host_queued_start": 1585586148.873696, "device_queued": -1, "device_end": -1, "host_queued_end": 1585586148.879205}, "device": "gpu", "nd_range": {"device_start": 1585586083.483353, "device_end": 1585586083.4835536}, "cmdq": 2, "read": {"device_start": -1, "device_end": -1}}, "FFC_sans_bias11": {"write": {"device_start": 1585586083.4755592, "host_queued_start": 1585586148.860695, "device_queued": 1585586083.4754448, "device_end": 1585586083.47564, "host_queued_end": 1585586148.879205}, "device": "gpu", "nd_range": {"device_start": 1585586083.4756944, "device_end": 1585586083.4770188}, "cmdq": 1, "read": {"device_start": -1, "device_end": -1}}, "FFC_sans_bias10": {"write": {"device_start": 1585586083.4754436, "host_queued_start": 1585586148.859629, "device_queued": 1585586083.4752505, "device_end": 1585586083.4754996, "host_queued_end": 1585586148.879205}, "device": "gpu", "nd_range": {"device_start": 1585586083.4755046, "device_end": 1585586083.4764433}, "cmdq": 0, "read": {"device_start": -1, "device_end": -1}}, "coalesced_transpose3": {"write": {"device_start": -1, "host_queued_start": 1585586148.884888, "device_queued": -1, "device_end": -1, "host_queued_end": 1585586148.886978}, "device": "cpu", "nd_range": {"device_start": 2253923.08833755, "device_end": 2253923.088570318}, "cmdq": 4, "read": {"device_start": -1, "device_end": -1}}, "FFC_sans_bias34": {"write": {"device_start": 1585586083.485441, "host_queued_start": 1585586148.878067, "device_queued": 1585586083.477276, "device_end": 1585586083.4854655, "host_queued_end": 1585586148.879205}, "device": "gpu", "nd_range": {"device_start": 1585586083.4857857, "device_end": 1585586083.4872615}, "cmdq": 4, "read": {"device_start": 1585586083.4872713, "device_end": 1585586083.487294}}, "FFC_sans_bias15": {"write": {"device_start": -1, "host_queued_start": 1585586148.874003, "device_queued": -1, "device_end": -1, "host_queued_end": 1585586148.879205}, "device": "gpu", "nd_range": {"device_start": 1585586083.483782, "device_end": 1585586083.484786}, "cmdq": 3, "read": {"device_start": -1, "device_end": -1}}, "FFC_sans_bias31": {"write": {"device_start": -1, "host_queued_start": 1585586148.872404, "device_queued": -1, "device_end": -1, "host_queued_end": 1585586148.879205}, "device": "gpu", "nd_range": {"device_start": 1585586083.4813752, "device_end": 1585586083.4829292}, "cmdq": 2, "read": {"device_start": -1, "device_end": -1}}, "FFC_sans_bias16": {"write": {"device_start": 1585586083.4836512, "host_queued_start": 1585586148.875983, "device_queued": 1585586083.4770823, "device_end": 1585586083.4836783, "host_queued_end": 1585586148.879205}, "device": "gpu", "nd_range": {"device_start": 1585586083.484797, "device_end": 1585586083.486314}, "cmdq": 2, "read": {"device_start": 1585586083.486317, "device_end": 1585586083.4863408}}, "FFC_sans_bias19": {"write": {"device_start": 1585586083.4757605, "host_queued_start": 1585586148.862827, "device_queued": 1585586083.4754856, "device_end": 1585586083.4757848, "host_queued_end": 1585586148.879205}, "device": "gpu", "nd_range": {"device_start": 1585586083.47579, "device_end": 1585586083.4779656}, "cmdq": 3, "read": {"device_start": -1, "device_end": -1}}, "FFC_sans_bias18": {"write": {"device_start": 1585586083.475647, "host_queued_start": 1585586148.861732, "device_queued": 1585586083.4754686, "device_end": 1585586083.4757018, "host_queued_end": 1585586148.879205}, "device": "gpu", "nd_range": {"device_start": 1585586083.475709, "device_end": 1585586083.4774392}, "cmdq": 2, "read": {"device_start": -1, "device_end": -1}}, "coalesced_transpose30": {"write": {"device_start": -1, "host_queued_start": 1585586148.871164, "device_queued": -1, "device_end": -1, "host_queued_end": 1585586148.879205}, "device": "gpu", "nd_range": {"device_start": 1585586083.4804094, "device_end": 1585586083.4812467}, "cmdq": 3, "read": {"device_start": -1, "device_end": -1}}, "FFC_sans_bias38": {"write": {"device_start": 1585586083.4790509, "host_queued_start": 1585586148.8702, "device_queued": 1585586083.4762976, "device_end": 1585586083.479082, "host_queued_end": 1585586148.879205}, "device": "gpu", "nd_range": {"device_start": 1585586083.4790976, "device_end": 1585586083.481345}, "cmdq": 0, "read": {"device_start": -1, "device_end": -1}}, "empty26": {"write": {"device_start": 1585586083.4750185, "host_queued_start": 1585586148.855868, "device_queued": 1585586083.4748626, "device_end": 1585586083.4750762, "host_queued_end": 1585586148.879205}, "device": "gpu", "nd_range": {"device_start": 1585586083.475196, "device_end": 1585586083.4752164}, "cmdq": 1, "read": {"device_start": -1, "device_end": -1}}, "coalesced_transpose12": {"write": {"device_start": -1, "host_queued_start": 1585586148.870521, "device_queued": -1, "device_end": -1, "host_queued_end": 1585586148.879205}, "device": "gpu", "nd_range": {"device_start": 1585586083.4794207, "device_end": 1585586083.4812229}, "cmdq": 1, "read": {"device_start": -1, "device_end": -1}}, "empty44": {"write": {"device_start": 1585586083.4752347, "host_queued_start": 1585586148.857542, "device_queued": 1585586083.4749615, "device_end": 1585586083.4752965, "host_queued_end": 1585586148.879205}, "device": "gpu", "nd_range": {"device_start": 1585586083.4753015, "device_end": 1585586083.475307}, "cmdq": 3, "read": {"device_start": -1, "device_end": -1}}, "coalesced_transpose21": {"write": {"device_start": -1, "host_queued_start": 1585586148.870862, "device_queued": -1, "device_end": -1, "host_queued_end": 1585586148.879205}, "device": "gpu", "nd_range": {"device_start": 1585586083.4798906, "device_end": 1585586083.4812324}, "cmdq": 2, "read": {"device_start": -1, "device_end": -1}}, "FFC_sans_bias36": {"write": {"device_start": 1585586083.4781, "host_queued_start": 1585586148.868128, "device_queued": 1585586083.4760308, "device_end": 1585586083.4781315, "host_queued_end": 1585586148.879205}, "device": "gpu", "nd_range": {"device_start": 1585586083.4781353, "device_end": 1585586083.480401}, "cmdq": 3, "read": {"device_start": -1, "device_end": -1}}, "softmax14": {"write": {"device_start": -1, "host_queued_start": 1585586148.87296, "device_queued": -1, "device_end": -1, "host_queued_end": 1585586148.879205}, "device": "gpu", "nd_range": {"device_start": 1585586083.481974, "device_end": 1585586083.4837613}, "cmdq": 4, "read": {"device_start": -1, "device_end": -1}}, "FFC_sans_bias13": {"write": {"device_start": -1, "host_queued_start": 1585586148.871782, "device_queued": -1, "device_end": -1, "host_queued_end": 1585586148.879205}, "device": "gpu", "nd_range": {"device_start": 1585586083.4813528, "device_end": 1585586083.4819617}, "cmdq": 0, "read": {"device_start": -1, "device_end": -1}}, "empty8": {"write": {"device_start": -1, "host_queued_start": 1585586148.880714, "device_queued": -1, "device_end": -1, "host_queued_end": 1585586148.886978}, "device": "cpu", "nd_range": {"device_start": 2253923.07655287, "device_end": 2253923.076563327}, "cmdq": 0, "read": {"device_start": -1, "device_end": -1}}, "FFC_sans_bias42": {"write": {"device_start": -1, "host_queued_start": 1585586148.874967, "device_queued": -1, "device_end": -1, "host_queued_end": 1585586148.879205}, "device": "gpu", "nd_range": {"device_start": 1585586083.4837723, "device_end": 1585586083.4843764}, "cmdq": 1, "read": {"device_start": -1, "device_end": -1}}, "FFC_sans_bias43": {"write": {"device_start": 1585586083.4858549, "host_queued_start": 1585586148.879107, "device_queued": 1585586083.4774919, "device_end": 1585586083.4858794, "host_queued_end": 1585586148.879205}, "device": "gpu", "nd_range": {"device_start": 1585586083.48589, "device_end": 1585586083.4877224}, "cmdq": 0, "read": {"device_start": 1585586083.4877257, "device_end": 1585586083.4877486}}, "FFC_sans_bias40": {"write": {"device_start": -1, "host_queued_start": 1585586148.872716, "device_queued": -1, "device_end": -1, "host_queued_end": 1585586148.879205}, "device": "gpu", "nd_range": {"device_start": 1585586083.4813852, "device_end": 1585586083.4833424}, "cmdq": 3, "read": {"device_start": -1, "device_end": -1}}, "softmax32": {"write": {"device_start": -1, "host_queued_start": 1585586148.873453, "device_queued": -1, "device_end": -1, "host_queued_end": 1585586148.879205}, "device": "gpu", "nd_range": {"device_start": 1585586083.482944, "device_end": 1585586083.4837658}, "cmdq": 1, "read": {"device_start": -1, "device_end": -1}}, "FFC_sans_bias33": {"write": {"device_start": -1, "host_queued_start": 1585586148.874649, "device_queued": -1, "device_end": -1, "host_queued_end": 1585586148.879205}, "device": "gpu", "nd_range": {"device_start": 1585586083.4837978, "device_end": 1585586083.4857736}, "cmdq": 0, "read": {"device_start": -1, "device_end": -1}}, "FFC_sans_bias24": {"write": {"device_start": -1, "host_queued_start": 1585586148.874314, "device_queued": -1, "device_end": -1, "host_queued_end": 1585586148.879205}, "device": "gpu", "nd_range": {"device_start": 1585586083.4837897, "device_end": 1585586083.4853587}, "cmdq": 4, "read": {"device_start": -1, "device_end": -1}}, "FFC_sans_bias25": {"write": {"device_start": 1585586083.4848666, "host_queued_start": 1585586148.877034, "device_queued": 1585586083.4772482, "device_end": 1585586083.4848924, "host_queued_end": 1585586148.879205}, "device": "gpu", "nd_range": {"device_start": 1585586083.485366, "device_end": 1585586083.4867601}, "cmdq": 3, "read": {"device_start": 1585586083.4867678, "device_end": 1585586083.4867918}}, "FFC_sans_bias27": {"write": {"device_start": 1585586083.4765482, "host_queued_start": 1585586148.864894, "device_queued": 1585586083.475839, "device_end": 1585586083.4765782, "host_queued_end": 1585586148.879205}, "device": "gpu", "nd_range": {"device_start": 1585586083.4765809, "device_end": 1585586083.4789212}, "cmdq": 0, "read": {"device_start": -1, "device_end": -1}}, "FFC_sans_bias20": {"write": {"device_start": 1585586083.4761453, "host_queued_start": 1585586148.863862, "device_queued": 1585586083.475505, "device_end": 1585586083.4761693, "host_queued_end": 1585586148.879205}, "device": "gpu", "nd_range": {"device_start": 1585586083.4761806, "device_end": 1585586083.4784343}, "cmdq": 4, "read": {"device_start": -1, "device_end": -1}}, "FFC_sans_bias22": {"write": {"device_start": -1, "host_queued_start": 1585586148.872091, "device_queued": -1, "device_end": -1, "host_queued_end": 1585586148.879205}, "device": "gpu", "nd_range": {"device_start": 1585586083.4813652, "device_end": 1585586083.4823608}, "cmdq": 1, "read": {"device_start": -1, "device_end": -1}}, "softmax5": {"write": {"device_start": -1, "host_queued_start": 1585586148.885538, "device_queued": -1, "device_end": -1, "host_queued_end": 1585586148.886978}, "device": "cpu", "nd_range": {"device_start": 2253923.092959614, "device_end": 2253923.0930712093}, "cmdq": 1, "read": {"device_start": -1, "device_end": -1}}, "FFC_sans_bias28": {"write": {"device_start": 1585586083.4771352, "host_queued_start": 1585586148.865917, "device_queued": 1585586083.4758976, "device_end": 1585586083.4771647, "host_queued_end": 1585586148.879205}, "device": "gpu", "nd_range": {"device_start": 1585586083.4771671, "device_end": 1585586083.4794197}, "cmdq": 1, "read": {"device_start": -1, "device_end": -1}}, "FFC_sans_bias29": {"write": {"device_start": 1585586083.477546, "host_queued_start": 1585586148.8671, "device_queued": 1585586083.4759207, "device_end": 1585586083.4775727, "host_queued_end": 1585586148.879205}, "device": "gpu", "nd_range": {"device_start": 1585586083.4775865, "device_end": 1585586083.4798887}, "cmdq": 2, "read": {"device_start": -1, "device_end": -1}}, "empty17": {"write": {"device_start": 1585586083.474884, "host_queued_start": 1585586148.854832, "device_queued": 1585586083.4747562, "device_end": 1585586083.4749534, "host_queued_end": 1585586148.879205}, "device": "gpu", "nd_range": {"device_start": 1585586083.4749641, "device_end": 1585586083.4749687}, "cmdq": 0, "read": {"device_start": -1, "device_end": -1}}, "empty35": {"write": {"device_start": 1585586083.475126, "host_queued_start": 1585586148.856708, "device_queued": 1585586083.4749365, "device_end": 1585586083.4752092, "host_queued_end": 1585586148.879205}, "device": "gpu", "nd_range": {"device_start": 1585586083.475214, "device_end": 1585586083.475218}, "cmdq": 2, "read": {"device_start": -1, "device_end": -1}}}