{"FFC_sans_bias4": {"write": {"device_start": -1, "host_queued_start": 1585585989.155137, "device_queued": -1, "device_end": -1, "host_queued_end": 1585585989.158795}, "device": "cpu", "nd_range": {"device_start": 2253763.377283426, "device_end": 2253763.3859228273}, "cmdq": 0, "read": {"device_start": -1, "device_end": -1}}, "FFC_sans_bias7": {"write": {"device_start": -1, "host_queued_start": 1585585989.157738, "device_queued": -1, "device_end": -1, "host_queued_end": 1585585989.158795}, "device": "cpu", "nd_range": {"device_start": 2253763.395654897, "device_end": 2253763.409487071}, "cmdq": 1, "read": {"device_start": -1, "device_end": -1}}, "FFC_sans_bias6": {"write": {"device_start": -1, "host_queued_start": 1585585989.156365, "device_queued": -1, "device_end": -1, "host_queued_end": 1585585989.158795}, "device": "cpu", "nd_range": {"device_start": 2253763.3861883483, "device_end": 2253763.3955360563}, "cmdq": 4, "read": {"device_start": -1, "device_end": -1}}, "FFC_sans_bias1": {"write": {"device_start": -1, "host_queued_start": 1585585989.149511, "device_queued": -1, "device_end": -1, "host_queued_end": 1585585989.158795}, "device": "cpu", "nd_range": {"device_start": 2253763.3605868123, "device_end": 2253763.376800701}, "cmdq": 3, "read": {"device_start": -1, "device_end": -1}}, "FFC_sans_bias0": {"write": {"device_start": -1, "host_queued_start": 1585585989.148285, "device_queued": -1, "device_end": -1, "host_queued_end": 1585585989.158795}, "device": "cpu", "nd_range": {"device_start": 2253763.3560814243, "device_end": 2253763.371300228}, "cmdq": 2, "read": {"device_start": -1, "device_end": -1}}, "FFC_sans_bias2": {"write": {"device_start": -1, "host_queued_start": 1585585989.150625, "device_queued": -1, "device_end": -1, "host_queued_end": 1585585989.158795}, "device": "cpu", "nd_range": {"device_start": 2253763.35606801, "device_end": 2253763.371328607}, "cmdq": 4, "read": {"device_start": -1, "device_end": -1}}, "FFC_sans_bias9": {"write": {"device_start": -1, "host_queued_start": 1585585989.151704, "device_queued": -1, "device_end": -1, "host_queued_end": 1585585989.158795}, "device": "cpu", "nd_range": {"device_start": 2253763.3484606673, "device_end": 2253763.3715901063}, "cmdq": 0, "read": {"device_start": -1, "device_end": -1}}, "coalesced_transpose39": {"write": {"device_start": -1, "host_queued_start": 1585585989.138743, "device_queued": -1, "device_end": -1, "host_queued_end": 1585585989.14458}, "device": "gpu", "nd_range": {"device_start": 1585585923.7494087, "device_end": 1585585923.7502618}, "cmdq": 2, "read": {"device_start": -1, "device_end": -1}}, "softmax23": {"write": {"device_start": -1, "host_queued_start": 1585585989.139936, "device_queued": -1, "device_end": -1, "host_queued_end": 1585585989.14458}, "device": "gpu", "nd_range": {"device_start": 1585585923.7498925, "device_end": 1585585923.7506158}, "cmdq": 0, "read": {"device_start": -1, "device_end": -1}}, "FFC_sans_bias37": {"write": {"device_start": 1585585923.7476285, "host_queued_start": 1585585989.136582, "device_queued": 1585585923.7457092, "device_end": 1585585923.7476597, "host_queued_end": 1585585989.14458}, "device": "gpu", "nd_range": {"device_start": 1585585923.7476637, "device_end": 1585585923.7489178}, "cmdq": 1, "read": {"device_start": -1, "device_end": -1}}, "softmax41": {"write": {"device_start": -1, "host_queued_start": 1585585989.140419, "device_queued": -1, "device_end": -1, "host_queued_end": 1585585989.14458}, "device": "gpu", "nd_range": {"device_start": 1585585923.750868, "device_end": 1585585923.7515306}, "cmdq": 2, "read": {"device_start": -1, "device_end": -1}}, "FFC_sans_bias11": {"write": {"device_start": -1, "host_queued_start": 1585585989.154055, "device_queued": -1, "device_end": -1, "host_queued_end": 1585585989.158795}, "device": "cpu", "nd_range": {"device_start": 2253763.3713470353, "device_end": 2253763.384439596}, "cmdq": 2, "read": {"device_start": -1, "device_end": -1}}, "FFC_sans_bias10": {"write": {"device_start": -1, "host_queued_start": 1585585989.152891, "device_queued": -1, "device_end": -1, "host_queued_end": 1585585989.158795}, "device": "cpu", "nd_range": {"device_start": 2253763.348416769, "device_end": 2253763.3560734163}, "cmdq": 1, "read": {"device_start": -1, "device_end": -1}}, "coalesced_transpose3": {"write": {"device_start": -1, "host_queued_start": 1585585989.154423, "device_queued": -1, "device_end": -1, "host_queued_end": 1585585989.158795}, "device": "cpu", "nd_range": {"device_start": 2253763.37692986, "device_end": 2253763.3771638833}, "cmdq": 3, "read": {"device_start": -1, "device_end": -1}}, "FFC_sans_bias34": {"write": {"device_start": 1585585923.7519805, "host_queued_start": 1585585989.143431, "device_queued": 1585585923.746568, "device_end": 1585585923.7520108, "host_queued_end": 1585585989.14458}, "device": "gpu", "nd_range": {"device_start": 1585585923.7520149, "device_end": 1585585923.753272}, "cmdq": 1, "read": {"device_start": 1585585923.7532818, "device_end": 1585585923.7533045}}, "FFC_sans_bias15": {"write": {"device_start": -1, "host_queued_start": 1585585989.156706, "device_queued": -1, "device_end": -1, "host_queued_end": 1585585989.158795}, "device": "cpu", "nd_range": {"device_start": 2253763.386227278, "device_end": 2253763.3945735493}, "cmdq": 0, "read": {"device_start": -1, "device_end": -1}}, "FFC_sans_bias31": {"write": {"device_start": -1, "host_queued_start": 1585585989.139377, "device_queued": -1, "device_end": -1, "host_queued_end": 1585585989.14458}, "device": "gpu", "nd_range": {"device_start": 1585585923.749289, "device_end": 1585585923.7503622}, "cmdq": 1, "read": {"device_start": -1, "device_end": -1}}, "FFC_sans_bias16": {"write": {"device_start": -1, "host_queued_start": 1585585989.15875, "device_queued": -1, "device_end": -1, "host_queued_end": 1585585989.158795}, "device": "cpu", "nd_range": {"device_start": 2253763.394692913, "device_end": 2253763.401847746}, "cmdq": 2, "read": {"device_start": -1, "device_end": -1}}, "FFC_sans_bias19": {"write": {"device_start": 1585585923.7450507, "host_queued_start": 1585585989.130336, "device_queued": 1585585923.74494, "device_end": 1585585923.7451148, "host_queued_end": 1585585989.14458}, "device": "gpu", "nd_range": {"device_start": 1585585923.7451215, "device_end": 1585585923.74594}, "cmdq": 1, "read": {"device_start": -1, "device_end": -1}}, "FFC_sans_bias18": {"write": {"device_start": 1585585923.744871, "host_queued_start": 1585585989.129272, "device_queued": 1585585923.744661, "device_end": 1585585923.7448967, "host_queued_end": 1585585989.14458}, "device": "gpu", "nd_range": {"device_start": 1585585923.7449284, "device_end": 1585585923.7455373}, "cmdq": 0, "read": {"device_start": -1, "device_end": -1}}, "coalesced_transpose30": {"write": {"device_start": -1, "host_queued_start": 1585585989.138406, "device_queued": -1, "device_end": -1, "host_queued_end": 1585585989.14458}, "device": "gpu", "nd_range": {"device_start": 1585585923.7489188, "device_end": 1585585923.749288}, "cmdq": 1, "read": {"device_start": -1, "device_end": -1}}, "FFC_sans_bias38": {"write": {"device_start": 1585585923.748049, "host_queued_start": 1585585989.137616, "device_queued": 1585585923.7457476, "device_end": 1585585923.7480807, "host_queued_end": 1585585989.14458}, "device": "gpu", "nd_range": {"device_start": 1585585923.7480838, "device_end": 1585585923.7494023}, "cmdq": 2, "read": {"device_start": -1, "device_end": -1}}, "empty26": {"write": {"device_start": 1585585923.744566, "host_queued_start": 1585585989.126375, "device_queued": 1585585923.7444432, "device_end": 1585585923.7445936, "host_queued_end": 1585585989.14458}, "device": "gpu", "nd_range": {"device_start": 1585585923.744603, "device_end": 1585585923.7446084}, "cmdq": 0, "read": {"device_start": -1, "device_end": -1}}, "coalesced_transpose12": {"write": {"device_start": -1, "host_queued_start": 1585585989.154793, "device_queued": -1, "device_end": -1, "host_queued_end": 1585585989.158795}, "device": "cpu", "nd_range": {"device_start": 2253763.3713926612, "device_end": 2253763.371643323}, "cmdq": 4, "read": {"device_start": -1, "device_end": -1}}, "empty44": {"write": {"device_start": 1585585923.7447853, "host_queued_start": 1585585989.128281, "device_queued": 1585585923.7445955, "device_end": 1585585923.7448452, "host_queued_end": 1585585989.14458}, "device": "gpu", "nd_range": {"device_start": 1585585923.7448485, "device_end": 1585585923.744852}, "cmdq": 2, "read": {"device_start": -1, "device_end": -1}}, "coalesced_transpose21": {"write": {"device_start": -1, "host_queued_start": 1585585989.137931, "device_queued": -1, "device_end": -1, "host_queued_end": 1585585989.14458}, "device": "gpu", "nd_range": {"device_start": 1585585923.7484515, "device_end": 1585585923.7492778}, "cmdq": 0, "read": {"device_start": -1, "device_end": -1}}, "FFC_sans_bias36": {"write": {"device_start": 1585585923.7470655, "host_queued_start": 1585585989.13555, "device_queued": 1585585923.7454824, "device_end": 1585585923.7470977, "host_queued_end": 1585585989.14458}, "device": "gpu", "nd_range": {"device_start": 1585585923.747101, "device_end": 1585585923.7484498}, "cmdq": 0, "read": {"device_start": -1, "device_end": -1}}, "softmax14": {"write": {"device_start": -1, "host_queued_start": 1585585989.156029, "device_queued": -1, "device_end": -1, "host_queued_end": 1585585989.158795}, "device": "cpu", "nd_range": {"device_start": 2253763.3859958793, "device_end": 2253763.386173896}, "cmdq": 3, "read": {"device_start": -1, "device_end": -1}}, "FFC_sans_bias13": {"write": {"device_start": -1, "host_queued_start": 1585585989.155479, "device_queued": -1, "device_end": -1, "host_queued_end": 1585585989.158795}, "device": "cpu", "nd_range": {"device_start": 2253763.3716562684, "device_end": 2253763.385862778}, "cmdq": 1, "read": {"device_start": -1, "device_end": -1}}, "empty8": {"write": {"device_start": -1, "host_queued_start": 1585585989.14594, "device_queued": -1, "device_end": -1, "host_queued_end": 1585585989.158795}, "device": "cpu", "nd_range": {"device_start": 2253763.348385619, "device_end": 2253763.348396176}, "cmdq": 0, "read": {"device_start": -1, "device_end": -1}}, "FFC_sans_bias42": {"write": {"device_start": -1, "host_queued_start": 1585585989.14135, "device_queued": -1, "device_end": -1, "host_queued_end": 1585585989.14458}, "device": "gpu", "nd_range": {"device_start": 1585585923.7515316, "device_end": 1585585923.7528102}, "cmdq": 2, "read": {"device_start": -1, "device_end": -1}}, "FFC_sans_bias43": {"write": {"device_start": 1585585923.7529352, "host_queued_start": 1585585989.144477, "device_queued": 1585585923.7467191, "device_end": 1585585923.7529652, "host_queued_end": 1585585989.14458}, "device": "gpu", "nd_range": {"device_start": 1585585923.752969, "device_end": 1585585923.7537138}, "cmdq": 2, "read": {"device_start": 1585585923.7537189, "device_end": 1585585923.7537415}}, "FFC_sans_bias40": {"write": {"device_start": -1, "host_queued_start": 1585585989.139691, "device_queued": -1, "device_end": -1, "host_queued_end": 1585585989.14458}, "device": "gpu", "nd_range": {"device_start": 1585585923.750263, "device_end": 1585585923.7508671}, "cmdq": 2, "read": {"device_start": -1, "device_end": -1}}, "softmax32": {"write": {"device_start": -1, "host_queued_start": 1585585989.140178, "device_queued": -1, "device_end": -1, "host_queued_end": 1585585989.14458}, "device": "gpu", "nd_range": {"device_start": 1585585923.7503636, "device_end": 1585585923.7510252}, "cmdq": 1, "read": {"device_start": -1, "device_end": -1}}, "FFC_sans_bias33": {"write": {"device_start": -1, "host_queued_start": 1585585989.141045, "device_queued": -1, "device_end": -1, "host_queued_end": 1585585989.14458}, "device": "gpu", "nd_range": {"device_start": 1585585923.7510264, "device_end": 1585585923.7518458}, "cmdq": 1, "read": {"device_start": -1, "device_end": -1}}, "FFC_sans_bias24": {"write": {"device_start": -1, "host_queued_start": 1585585989.140732, "device_queued": -1, "device_end": -1, "host_queued_end": 1585585989.14458}, "device": "gpu", "nd_range": {"device_start": 1585585923.7506173, "device_end": 1585585923.751322}, "cmdq": 0, "read": {"device_start": -1, "device_end": -1}}, "FFC_sans_bias25": {"write": {"device_start": 1585585923.7514482, "host_queued_start": 1585585989.142359, "device_queued": 1585585923.7465036, "device_end": 1585585923.751479, "host_queued_end": 1585585989.14458}, "device": "gpu", "nd_range": {"device_start": 1585585923.7514853, "device_end": 1585585923.7522888}, "cmdq": 0, "read": {"device_start": 1585585923.752292, "device_end": 1585585923.752316}}, "FFC_sans_bias27": {"write": {"device_start": 1585585923.7456746, "host_queued_start": 1585585989.132435, "device_queued": 1585585923.745208, "device_end": 1585585923.745705, "host_queued_end": 1585585989.14458}, "device": "gpu", "nd_range": {"device_start": 1585585923.7457101, "device_end": 1585585923.7469313}, "cmdq": 0, "read": {"device_start": -1, "device_end": -1}}, "FFC_sans_bias20": {"write": {"device_start": 1585585923.7451303, "host_queued_start": 1585585989.131409, "device_queued": 1585585923.7449653, "device_end": 1585585923.7451615, "host_queued_end": 1585585989.14458}, "device": "gpu", "nd_range": {"device_start": 1585585923.7451997, "device_end": 1585585923.746519}, "cmdq": 2, "read": {"device_start": -1, "device_end": -1}}, "FFC_sans_bias22": {"write": {"device_start": -1, "host_queued_start": 1585585989.13906, "device_queued": -1, "device_end": -1, "host_queued_end": 1585585989.14458}, "device": "gpu", "nd_range": {"device_start": 1585585923.7492788, "device_end": 1585585923.7498913}, "cmdq": 0, "read": {"device_start": -1, "device_end": -1}}, "softmax5": {"write": {"device_start": -1, "host_queued_start": 1585585989.155756, "device_queued": -1, "device_end": -1, "host_queued_end": 1585585989.158795}, "device": "cpu", "nd_range": {"device_start": 2253763.3859404, "device_end": 2253763.38612772}, "cmdq": 2, "read": {"device_start": -1, "device_end": -1}}, "FFC_sans_bias28": {"write": {"device_start": 1585585923.7460763, "host_queued_start": 1585585989.133456, "device_queued": 1585585923.7452526, "device_end": 1585585923.746106, "host_queued_end": 1585585989.14458}, "device": "gpu", "nd_range": {"device_start": 1585585923.7461088, "device_end": 1585585923.7474976}, "cmdq": 1, "read": {"device_start": -1, "device_end": -1}}, "FFC_sans_bias29": {"write": {"device_start": 1585585923.7466352, "host_queued_start": 1585585989.134496, "device_queued": 1585585923.7453957, "device_end": 1585585923.7466664, "host_queued_end": 1585585989.14458}, "device": "gpu", "nd_range": {"device_start": 1585585923.746669, "device_end": 1585585923.747923}, "cmdq": 2, "read": {"device_start": -1, "device_end": -1}}, "empty17": {"write": {"device_start": -1, "host_queued_start": 1585585989.147087, "device_queued": -1, "device_end": -1, "host_queued_end": 1585585989.158795}, "device": "cpu", "nd_range": {"device_start": 2253763.3483854313, "device_end": 2253763.348396175}, "cmdq": 1, "read": {"device_start": -1, "device_end": -1}}, "empty35": {"write": {"device_start": 1585585923.7446659, "host_queued_start": 1585585989.127437, "device_queued": 1585585923.7445526, "device_end": 1585585923.7447107, "host_queued_end": 1585585989.14458}, "device": "gpu", "nd_range": {"device_start": 1585585923.744716, "device_end": 1585585923.7447197}, "cmdq": 1, "read": {"device_start": -1, "device_end": -1}}}