{"FFC_sans_bias4": {"write": {"device_start": -1, "host_queued_start": 1585585880.850684, "device_queued": -1, "device_end": -1, "host_queued_end": 1585585880.858355}, "device": "cpu", "nd_range": {"device_start": 2253655.102221575, "device_end": 2253655.111329384}, "cmdq": 2, "read": {"device_start": -1, "device_end": -1}}, "FFC_sans_bias7": {"write": {"device_start": -1, "host_queued_start": 1585585880.85532, "device_queued": -1, "device_end": -1, "host_queued_end": 1585585880.858355}, "device": "cpu", "nd_range": {"device_start": 2253655.134149734, "device_end": 2253655.14760787}, "cmdq": 2, "read": {"device_start": -1, "device_end": -1}}, "FFC_sans_bias6": {"write": {"device_start": -1, "host_queued_start": 1585585880.853177, "device_queued": -1, "device_end": -1, "host_queued_end": 1585585880.858355}, "device": "cpu", "nd_range": {"device_start": 2253655.118984758, "device_end": 2253655.1320872842}, "cmdq": 1, "read": {"device_start": -1, "device_end": -1}}, "FFC_sans_bias1": {"write": {"device_start": -1, "host_queued_start": 1585585880.838326, "device_queued": -1, "device_end": -1, "host_queued_end": 1585585880.858355}, "device": "cpu", "nd_range": {"device_start": 2253655.047999142, "device_end": 2253655.055875253}, "cmdq": 2, "read": {"device_start": -1, "device_end": -1}}, "FFC_sans_bias0": {"write": {"device_start": -1, "host_queued_start": 1585585880.837247, "device_queued": -1, "device_end": -1, "host_queued_end": 1585585880.858355}, "device": "cpu", "nd_range": {"device_start": 2253655.0479573742, "device_end": 2253655.060411788}, "cmdq": 1, "read": {"device_start": -1, "device_end": -1}}, "FFC_sans_bias2": {"write": {"device_start": -1, "host_queued_start": 1585585880.839416, "device_queued": -1, "device_end": -1, "host_queued_end": 1585585880.858355}, "device": "cpu", "nd_range": {"device_start": 2253655.0479666092, "device_end": 2253655.061577566}, "cmdq": 0, "read": {"device_start": -1, "device_end": -1}}, "FFC_sans_bias9": {"write": {"device_start": -1, "host_queued_start": 1585585880.840469, "device_queued": -1, "device_end": -1, "host_queued_end": 1585585880.858355}, "device": "cpu", "nd_range": {"device_start": 2253655.061373969, "device_end": 2253655.075250824}, "cmdq": 1, "read": {"device_start": -1, "device_end": -1}}, "coalesced_transpose39": {"write": {"device_start": -1, "host_queued_start": 1585585880.830067, "device_queued": -1, "device_end": -1, "host_queued_end": 1585585880.832125}, "device": "gpu", "nd_range": {"device_start": 1585585815.436181, "device_end": 1585585815.4365845}, "cmdq": 0, "read": {"device_start": -1, "device_end": -1}}, "softmax23": {"write": {"device_start": -1, "host_queued_start": 1585585880.852554, "device_queued": -1, "device_end": -1, "host_queued_end": 1585585880.858355}, "device": "cpu", "nd_range": {"device_start": 2253655.1186509593, "device_end": 2253655.118761635}, "cmdq": 2, "read": {"device_start": -1, "device_end": -1}}, "FFC_sans_bias37": {"write": {"device_start": 1585585815.4352078, "host_queued_start": 1585585880.8287, "device_queued": 1585585815.4349751, "device_end": 1585585815.435238, "host_queued_end": 1585585880.832125}, "device": "gpu", "nd_range": {"device_start": 1585585815.4352405, "device_end": 1585585815.4361794}, "cmdq": 0, "read": {"device_start": -1, "device_end": -1}}, "softmax41": {"write": {"device_start": -1, "host_queued_start": 1585585880.83068, "device_queued": -1, "device_end": -1, "host_queued_end": 1585585880.832125}, "device": "gpu", "nd_range": {"device_start": 1585585815.43728, "device_end": 1585585815.4374955}, "cmdq": 0, "read": {"device_start": -1, "device_end": -1}}, "FFC_sans_bias11": {"write": {"device_start": -1, "host_queued_start": 1585585880.842565, "device_queued": -1, "device_end": -1, "host_queued_end": 1585585880.858355}, "device": "cpu", "nd_range": {"device_start": 2253655.063142468, "device_end": 2253655.074200727}, "cmdq": 0, "read": {"device_start": -1, "device_end": -1}}, "FFC_sans_bias10": {"write": {"device_start": -1, "host_queued_start": 1585585880.841513, "device_queued": -1, "device_end": -1, "host_queued_end": 1585585880.858355}, "device": "cpu", "nd_range": {"device_start": 2253655.056036408, "device_end": 2253655.067885079}, "cmdq": 2, "read": {"device_start": -1, "device_end": -1}}, "coalesced_transpose3": {"write": {"device_start": -1, "host_queued_start": 1585585880.849314, "device_queued": -1, "device_end": -1, "host_queued_end": 1585585880.858355}, "device": "cpu", "nd_range": {"device_start": 2253655.101330163, "device_end": 2253655.101575326}, "cmdq": 1, "read": {"device_start": -1, "device_end": -1}}, "FFC_sans_bias34": {"write": {"device_start": -1, "host_queued_start": 1585585880.858309, "device_queued": -1, "device_end": -1, "host_queued_end": 1585585880.858355}, "device": "cpu", "nd_range": {"device_start": 2253655.147611928, "device_end": 2253655.15466827}, "cmdq": 2, "read": {"device_start": -1, "device_end": -1}}, "FFC_sans_bias15": {"write": {"device_start": -1, "host_queued_start": 1585585880.85352, "device_queued": -1, "device_end": -1, "host_queued_end": 1585585880.858355}, "device": "cpu", "nd_range": {"device_start": 2253655.1226494503, "device_end": 2253655.131784231}, "cmdq": 2, "read": {"device_start": -1, "device_end": -1}}, "FFC_sans_bias31": {"write": {"device_start": -1, "host_queued_start": 1585585880.851728, "device_queued": -1, "device_end": -1, "host_queued_end": 1585585880.858355}, "device": "cpu", "nd_range": {"device_start": 2253655.1114696683, "device_end": 2253655.11837243}, "cmdq": 2, "read": {"device_start": -1, "device_end": -1}}, "FFC_sans_bias16": {"write": {"device_start": -1, "host_queued_start": 1585585880.856317, "device_queued": -1, "device_end": -1, "host_queued_end": 1585585880.858355}, "device": "cpu", "nd_range": {"device_start": 2253655.13179528, "device_end": 2253655.139760808}, "cmdq": 0, "read": {"device_start": -1, "device_end": -1}}, "FFC_sans_bias19": {"write": {"device_start": -1, "host_queued_start": 1585585880.844745, "device_queued": -1, "device_end": -1, "host_queued_end": 1585585880.858355}, "device": "cpu", "nd_range": {"device_start": 2253655.068010724, "device_end": 2253655.083577082}, "cmdq": 2, "read": {"device_start": -1, "device_end": -1}}, "FFC_sans_bias18": {"write": {"device_start": -1, "host_queued_start": 1585585880.84368, "device_queued": -1, "device_end": -1, "host_queued_end": 1585585880.858355}, "device": "cpu", "nd_range": {"device_start": 2253655.075258079, "device_end": 2253655.088135044}, "cmdq": 1, "read": {"device_start": -1, "device_end": -1}}, "coalesced_transpose30": {"write": {"device_start": -1, "host_queued_start": 1585585880.850312, "device_queued": -1, "device_end": -1, "host_queued_end": 1585585880.858355}, "device": "cpu", "nd_range": {"device_start": 2253655.101687393, "device_end": 2253655.101922497}, "cmdq": 1, "read": {"device_start": -1, "device_end": -1}}, "FFC_sans_bias38": {"write": {"device_start": 1585585815.4358835, "host_queued_start": 1585585880.829744, "device_queued": 1585585815.4352045, "device_end": 1585585815.4359138, "host_queued_end": 1585585880.832125}, "device": "gpu", "nd_range": {"device_start": 1585585815.4359176, "device_end": 1585585815.436658}, "cmdq": 1, "read": {"device_start": -1, "device_end": -1}}, "empty26": {"write": {"device_start": -1, "host_queued_start": 1585585880.835241, "device_queued": -1, "device_end": -1, "host_queued_end": 1585585880.858355}, "device": "cpu", "nd_range": {"device_start": 2253655.047978489, "device_end": 2253655.047983425}, "cmdq": 2, "read": {"device_start": -1, "device_end": -1}}, "coalesced_transpose12": {"write": {"device_start": -1, "host_queued_start": 1585585880.849654, "device_queued": -1, "device_end": -1, "host_queued_end": 1585585880.858355}, "device": "cpu", "nd_range": {"device_start": 2253655.093808618, "device_end": 2253655.094051436}, "cmdq": 2, "read": {"device_start": -1, "device_end": -1}}, "empty44": {"write": {"device_start": 1585585815.434986, "host_queued_start": 1585585880.82637, "device_queued": 1585585815.4348502, "device_end": 1585585815.4350326, "host_queued_end": 1585585880.832125}, "device": "gpu", "nd_range": {"device_start": 1585585815.4350371, "device_end": 1585585815.4350495}, "cmdq": 0, "read": {"device_start": -1, "device_end": -1}}, "coalesced_transpose21": {"write": {"device_start": -1, "host_queued_start": 1585585880.849982, "device_queued": -1, "device_end": -1, "host_queued_end": 1585585880.858355}, "device": "cpu", "nd_range": {"device_start": 2253655.0997814573, "device_end": 2253655.100133189}, "cmdq": 0, "read": {"device_start": -1, "device_end": -1}}, "FFC_sans_bias36": {"write": {"device_start": 1585585815.435106, "host_queued_start": 1585585880.827625, "device_queued": 1585585815.434935, "device_end": 1585585815.4351597, "host_queued_end": 1585585880.832125}, "device": "gpu", "nd_range": {"device_start": 1585585815.4351635, "device_end": 1585585815.4357662}, "cmdq": 1, "read": {"device_start": -1, "device_end": -1}}, "softmax14": {"write": {"device_start": -1, "host_queued_start": 1585585880.85228, "device_queued": -1, "device_end": -1, "host_queued_end": 1585585880.858355}, "device": "cpu", "nd_range": {"device_start": 2253655.118653498, "device_end": 2253655.1188813443}, "cmdq": 1, "read": {"device_start": -1, "device_end": -1}}, "FFC_sans_bias13": {"write": {"device_start": -1, "host_queued_start": 1585585880.851039, "device_queued": -1, "device_end": -1, "host_queued_end": 1585585880.858355}, "device": "cpu", "nd_range": {"device_start": 2253655.1002558633, "device_end": 2253655.116847246}, "cmdq": 0, "read": {"device_start": -1, "device_end": -1}}, "empty8": {"write": {"device_start": -1, "host_queued_start": 1585585880.833405, "device_queued": -1, "device_end": -1, "host_queued_end": 1585585880.858355}, "device": "cpu", "nd_range": {"device_start": 2253655.0479251863, "device_end": 2253655.0479358393}, "cmdq": 0, "read": {"device_start": -1, "device_end": -1}}, "FFC_sans_bias42": {"write": {"device_start": -1, "host_queued_start": 1585585880.830991, "device_queued": -1, "device_end": -1, "host_queued_end": 1585585880.832125}, "device": "gpu", "nd_range": {"device_start": 1585585815.437499, "device_end": 1585585815.4380026}, "cmdq": 1, "read": {"device_start": -1, "device_end": -1}}, "FFC_sans_bias43": {"write": {"device_start": 1585585815.4376345, "host_queued_start": 1585585880.832007, "device_queued": 1585585815.4354186, "device_end": 1585585815.4376645, "host_queued_end": 1585585880.832125}, "device": "gpu", "nd_range": {"device_start": 1585585815.4380062, "device_end": 1585585815.4386003}, "cmdq": 0, "read": {"device_start": 1585585815.4386072, "device_end": 1585585815.43863}}, "FFC_sans_bias40": {"write": {"device_start": -1, "host_queued_start": 1585585880.830384, "device_queued": -1, "device_end": -1, "host_queued_end": 1585585880.832125}, "device": "gpu", "nd_range": {"device_start": 1585585815.4366672, "device_end": 1585585815.4372764}, "cmdq": 1, "read": {"device_start": -1, "device_end": -1}}, "softmax32": {"write": {"device_start": -1, "host_queued_start": 1585585880.852829, "device_queued": -1, "device_end": -1, "host_queued_end": 1585585880.858355}, "device": "cpu", "nd_range": {"device_start": 2253655.118493476, "device_end": 2253655.1186047182}, "cmdq": 0, "read": {"device_start": -1, "device_end": -1}}, "FFC_sans_bias33": {"write": {"device_start": -1, "host_queued_start": 1585585880.854215, "device_queued": -1, "device_end": -1, "host_queued_end": 1585585880.858355}, "device": "cpu", "nd_range": {"device_start": 2253655.132193177, "device_end": 2253655.143600669}, "cmdq": 1, "read": {"device_start": -1, "device_end": -1}}, "FFC_sans_bias24": {"write": {"device_start": -1, "host_queued_start": 1585585880.853861, "device_queued": -1, "device_end": -1, "host_queued_end": 1585585880.858355}, "device": "cpu", "nd_range": {"device_start": 2253655.118770313, "device_end": 2253655.1275366093}, "cmdq": 0, "read": {"device_start": -1, "device_end": -1}}, "FFC_sans_bias25": {"write": {"device_start": -1, "host_queued_start": 1585585880.857311, "device_queued": -1, "device_end": -1, "host_queued_end": 1585585880.858355}, "device": "cpu", "nd_range": {"device_start": 2253655.1437254213, "device_end": 2253655.150163251}, "cmdq": 1, "read": {"device_start": -1, "device_end": -1}}, "FFC_sans_bias27": {"write": {"device_start": -1, "host_queued_start": 1585585880.84687, "device_queued": -1, "device_end": -1, "host_queued_end": 1585585880.858355}, "device": "cpu", "nd_range": {"device_start": 2253655.088265311, "device_end": 2253655.1012126873}, "cmdq": 1, "read": {"device_start": -1, "device_end": -1}}, "FFC_sans_bias20": {"write": {"device_start": -1, "host_queued_start": 1585585880.845797, "device_queued": -1, "device_end": -1, "host_queued_end": 1585585880.858355}, "device": "cpu", "nd_range": {"device_start": 2253655.07420899, "device_end": 2253655.087561213}, "cmdq": 0, "read": {"device_start": -1, "device_end": -1}}, "FFC_sans_bias22": {"write": {"device_start": -1, "host_queued_start": 1585585880.851384, "device_queued": -1, "device_end": -1, "host_queued_end": 1585585880.858355}, "device": "cpu", "nd_range": {"device_start": 2253655.102030132, "device_end": 2253655.118533995}, "cmdq": 1, "read": {"device_start": -1, "device_end": -1}}, "softmax5": {"write": {"device_start": -1, "host_queued_start": 1585585880.852005, "device_queued": -1, "device_end": -1, "host_queued_end": 1585585880.858355}, "device": "cpu", "nd_range": {"device_start": 2253655.117580527, "device_end": 2253655.117800843}, "cmdq": 0, "read": {"device_start": -1, "device_end": -1}}, "FFC_sans_bias28": {"write": {"device_start": -1, "host_queued_start": 1585585880.847924, "device_queued": -1, "device_end": -1, "host_queued_end": 1585585880.858355}, "device": "cpu", "nd_range": {"device_start": 2253655.0836874223, "device_end": 2253655.093690435}, "cmdq": 2, "read": {"device_start": -1, "device_end": -1}}, "FFC_sans_bias29": {"write": {"device_start": -1, "host_queued_start": 1585585880.848981, "device_queued": -1, "device_end": -1, "host_queued_end": 1585585880.858355}, "device": "cpu", "nd_range": {"device_start": 2253655.0881107943, "device_end": 2253655.099503659}, "cmdq": 0, "read": {"device_start": -1, "device_end": -1}}, "empty17": {"write": {"device_start": -1, "host_queued_start": 1585585880.834346, "device_queued": -1, "device_end": -1, "host_queued_end": 1585585880.858355}, "device": "cpu", "nd_range": {"device_start": 2253655.047925291, "device_end": 2253655.047935814}, "cmdq": 1, "read": {"device_start": -1, "device_end": -1}}, "empty35": {"write": {"device_start": -1, "host_queued_start": 1585585880.836135, "device_queued": -1, "device_end": -1, "host_queued_end": 1585585880.858355}, "device": "cpu", "nd_range": {"device_start": 2253655.047957012, "device_end": 2253655.0479580723}, "cmdq": 0, "read": {"device_start": -1, "device_end": -1}}}