{"FFC_sans_bias4": {"write": {"device_start": -1, "host_queued_start": 1585586035.240952, "device_queued": -1, "device_end": -1, "host_queued_end": 1585586035.242717}, "device": "cpu", "nd_range": {"device_start": 2253809.44533628, "device_end": 2253809.449220937}, "cmdq": 2, "read": {"device_start": -1, "device_end": -1}}, "FFC_sans_bias7": {"write": {"device_start": -1, "host_queued_start": 1585586035.242671, "device_queued": -1, "device_end": -1, "host_queued_end": 1585586035.242717}, "device": "cpu", "nd_range": {"device_start": 2253809.454188065, "device_end": 2253809.4584965534}, "cmdq": 2, "read": {"device_start": -1, "device_end": -1}}, "FFC_sans_bias6": {"write": {"device_start": -1, "host_queued_start": 1585586035.241583, "device_queued": -1, "device_end": -1, "host_queued_end": 1585586035.242717}, "device": "cpu", "nd_range": {"device_start": 2253809.449608302, "device_end": 2253809.454180778}, "cmdq": 1, "read": {"device_start": -1, "device_end": -1}}, "FFC_sans_bias1": {"write": {"device_start": -1, "host_queued_start": 1585586035.239074, "device_queued": -1, "device_end": -1, "host_queued_end": 1585586035.242717}, "device": "cpu", "nd_range": {"device_start": 2253809.432349647, "device_end": 2253809.445054362}, "cmdq": 2, "read": {"device_start": -1, "device_end": -1}}, "FFC_sans_bias0": {"write": {"device_start": -1, "host_queued_start": 1585586035.237683, "device_queued": -1, "device_end": -1, "host_queued_end": 1585586035.242717}, "device": "cpu", "nd_range": {"device_start": 2253809.432321634, "device_end": 2253809.444418515}, "cmdq": 1, "read": {"device_start": -1, "device_end": -1}}, "FFC_sans_bias2": {"write": {"device_start": -1, "host_queued_start": 1585586035.240264, "device_queued": -1, "device_end": -1, "host_queued_end": 1585586035.242717}, "device": "cpu", "nd_range": {"device_start": 2253809.432329787, "device_end": 2253809.441131257}, "cmdq": 0, "read": {"device_start": -1, "device_end": -1}}, "FFC_sans_bias9": {"write": {"device_start": 1585585969.8338292, "host_queued_start": 1585586035.21404, "device_queued": 1585585969.833737, "device_end": 1585585969.8338966, "host_queued_end": 1585586035.234683}, "device": "gpu", "nd_range": {"device_start": 1585585969.8339002, "device_end": 1585585969.834506}, "cmdq": 0, "read": {"device_start": -1, "device_end": -1}}, "coalesced_transpose39": {"write": {"device_start": -1, "host_queued_start": 1585586035.226924, "device_queued": -1, "device_end": -1, "host_queued_end": 1585586035.234683}, "device": "gpu", "nd_range": {"device_start": 1585585969.8398607, "device_end": 1585585969.8411183}, "cmdq": 3, "read": {"device_start": -1, "device_end": -1}}, "softmax23": {"write": {"device_start": -1, "host_queued_start": 1585586035.228672, "device_queued": -1, "device_end": -1, "host_queued_end": 1585586035.234683}, "device": "gpu", "nd_range": {"device_start": 1585585969.8407161, "device_end": 1585585969.8416798}, "cmdq": 1, "read": {"device_start": -1, "device_end": -1}}, "FFC_sans_bias37": {"write": {"device_start": 1585585969.8374605, "host_queued_start": 1585586035.224644, "device_queued": 1585585969.8347173, "device_end": 1585585969.837487, "host_queued_end": 1585586035.234683}, "device": "gpu", "nd_range": {"device_start": 1585585969.8374934, "device_end": 1585585969.8393123}, "cmdq": 2, "read": {"device_start": -1, "device_end": -1}}, "softmax41": {"write": {"device_start": -1, "host_queued_start": 1585586035.229193, "device_queued": -1, "device_end": -1, "host_queued_end": 1585586035.234683}, "device": "gpu", "nd_range": {"device_start": 1585585969.8417242, "device_end": 1585585969.8428915}, "cmdq": 3, "read": {"device_start": -1, "device_end": -1}}, "FFC_sans_bias11": {"write": {"device_start": 1585585969.8340137, "host_queued_start": 1585586035.216162, "device_queued": 1585585969.8338213, "device_end": 1585585969.8341036, "host_queued_end": 1585586035.234683}, "device": "gpu", "nd_range": {"device_start": 1585585969.8341086, "device_end": 1585585969.8354623}, "cmdq": 2, "read": {"device_start": -1, "device_end": -1}}, "FFC_sans_bias10": {"write": {"device_start": 1585585969.8339255, "host_queued_start": 1585586035.215104, "device_queued": 1585585969.8338022, "device_end": 1585585969.833985, "host_queued_end": 1585586035.234683}, "device": "gpu", "nd_range": {"device_start": 1585585969.8340633, "device_end": 1585585969.834914}, "cmdq": 1, "read": {"device_start": -1, "device_end": -1}}, "coalesced_transpose3": {"write": {"device_start": -1, "host_queued_start": 1585586035.240601, "device_queued": -1, "device_end": -1, "host_queued_end": 1585586035.242717}, "device": "cpu", "nd_range": {"device_start": 2253809.445074545, "device_end": 2253809.445164284}, "cmdq": 1, "read": {"device_start": -1, "device_end": -1}}, "FFC_sans_bias34": {"write": {"device_start": 1585585969.8433459, "host_queued_start": 1585586035.233539, "device_queued": 1585585969.8358524, "device_end": 1585585969.8433712, "host_queued_end": 1585586035.234683}, "device": "gpu", "nd_range": {"device_start": 1585585969.8433745, "device_end": 1585585969.8451629}, "cmdq": 2, "read": {"device_start": 1585585969.8451664, "device_end": 1585585969.8451893}}, "FFC_sans_bias15": {"write": {"device_start": -1, "host_queued_start": 1585586035.229499, "device_queued": -1, "device_end": -1, "host_queued_end": 1585586035.234683}, "device": "gpu", "nd_range": {"device_start": 1585585969.841686, "device_end": 1585585969.842712}, "cmdq": 0, "read": {"device_start": -1, "device_end": -1}}, "FFC_sans_bias31": {"write": {"device_start": -1, "host_queued_start": 1585586035.22787, "device_queued": -1, "device_end": -1, "host_queued_end": 1585586035.234683}, "device": "gpu", "nd_range": {"device_start": 1585585969.8397226, "device_end": 1585585969.8412938}, "cmdq": 2, "read": {"device_start": -1, "device_end": -1}}, "FFC_sans_bias16": {"write": {"device_start": 1585585969.8427896, "host_queued_start": 1585586035.231463, "device_queued": 1585585969.835775, "device_end": 1585585969.842815, "host_queued_end": 1585586035.234683}, "device": "gpu", "nd_range": {"device_start": 1585585969.842823, "device_end": 1585585969.844222}, "cmdq": 0, "read": {"device_start": 1585585969.8442266, "device_end": 1585585969.8442504}}, "FFC_sans_bias19": {"write": {"device_start": 1585585969.8346305, "host_queued_start": 1585586035.218224, "device_queued": 1585585969.834208, "device_end": 1585585969.8346605, "host_queued_end": 1585586035.234683}, "device": "gpu", "nd_range": {"device_start": 1585585969.8346717, "device_end": 1585585969.8364203}, "cmdq": 0, "read": {"device_start": -1, "device_end": -1}}, "FFC_sans_bias18": {"write": {"device_start": 1585585969.8341193, "host_queued_start": 1585586035.21719, "device_queued": 1585585969.8339992, "device_end": 1585585969.8341455, "host_queued_end": 1585586035.234683}, "device": "gpu", "nd_range": {"device_start": 1585585969.8341556, "device_end": 1585585969.835907}, "cmdq": 3, "read": {"device_start": -1, "device_end": -1}}, "coalesced_transpose30": {"write": {"device_start": -1, "host_queued_start": 1585586035.226622, "device_queued": -1, "device_end": -1, "host_queued_end": 1585586035.234683}, "device": "gpu", "nd_range": {"device_start": 1585585969.839317, "device_end": 1585585969.8397207}, "cmdq": 2, "read": {"device_start": -1, "device_end": -1}}, "FFC_sans_bias38": {"write": {"device_start": 1585585969.837973, "host_queued_start": 1585586035.225679, "device_queued": 1585585969.8348427, "device_end": 1585585969.8379989, "host_queued_end": 1585586035.234683}, "device": "gpu", "nd_range": {"device_start": 1585585969.8380034, "device_end": 1585585969.8398516}, "cmdq": 3, "read": {"device_start": -1, "device_end": -1}}, "empty26": {"write": {"device_start": 1585585969.8335402, "host_queued_start": 1585586035.21132, "device_queued": 1585585969.8333902, "device_end": 1585585969.8336077, "host_queued_end": 1585586035.234683}, "device": "gpu", "nd_range": {"device_start": 1585585969.8336143, "device_end": 1585585969.8336205}, "cmdq": 1, "read": {"device_start": -1, "device_end": -1}}, "coalesced_transpose12": {"write": {"device_start": -1, "host_queued_start": 1585586035.225992, "device_queued": -1, "device_end": -1, "host_queued_end": 1585586035.234683}, "device": "gpu", "nd_range": {"device_start": 1585585969.8383443, "device_end": 1585585969.8396983}, "cmdq": 0, "read": {"device_start": -1, "device_end": -1}}, "empty44": {"write": {"device_start": 1585585969.8337371, "host_queued_start": 1585586035.213036, "device_queued": 1585585969.8334415, "device_end": 1585585969.833798, "host_queued_end": 1585586035.234683}, "device": "gpu", "nd_range": {"device_start": 1585585969.8338015, "device_end": 1585585969.8338063}, "cmdq": 3, "read": {"device_start": -1, "device_end": -1}}, "coalesced_transpose21": {"write": {"device_start": -1, "host_queued_start": 1585586035.226289, "device_queued": -1, "device_end": -1, "host_queued_end": 1585586035.234683}, "device": "gpu", "nd_range": {"device_start": 1585585969.8388693, "device_end": 1585585969.8397038}, "cmdq": 1, "read": {"device_start": -1, "device_end": -1}}, "FFC_sans_bias36": {"write": {"device_start": 1585585969.8369968, "host_queued_start": 1585586035.223608, "device_queued": 1585585969.8346956, "device_end": 1585585969.8370228, "host_queued_end": 1585586035.234683}, "device": "gpu", "nd_range": {"device_start": 1585585969.8370304, "device_end": 1585585969.8388665}, "cmdq": 1, "read": {"device_start": -1, "device_end": -1}}, "softmax14": {"write": {"device_start": -1, "host_queued_start": 1585586035.228426, "device_queued": -1, "device_end": -1, "host_queued_end": 1585586035.234683}, "device": "gpu", "nd_range": {"device_start": 1585585969.8403072, "device_end": 1585585969.841685}, "cmdq": 0, "read": {"device_start": -1, "device_end": -1}}, "FFC_sans_bias13": {"write": {"device_start": -1, "host_queued_start": 1585586035.227249, "device_queued": -1, "device_end": -1, "host_queued_end": 1585586035.234683}, "device": "gpu", "nd_range": {"device_start": 1585585969.8397, "device_end": 1585585969.8403063}, "cmdq": 0, "read": {"device_start": -1, "device_end": -1}}, "empty8": {"write": {"device_start": -1, "host_queued_start": 1585586035.236274, "device_queued": -1, "device_end": -1, "host_queued_end": 1585586035.242717}, "device": "cpu", "nd_range": {"device_start": 2253809.432297537, "device_end": 2253809.432310252}, "cmdq": 0, "read": {"device_start": -1, "device_end": -1}}, "FFC_sans_bias42": {"write": {"device_start": -1, "host_queued_start": 1585586035.230428, "device_queued": -1, "device_end": -1, "host_queued_end": 1585586035.234683}, "device": "gpu", "nd_range": {"device_start": 1585585969.8428924, "device_end": 1585585969.844678}, "cmdq": 3, "read": {"device_start": -1, "device_end": -1}}, "FFC_sans_bias43": {"write": {"device_start": 1585585969.8447564, "host_queued_start": 1585586035.234583, "device_queued": 1585585969.8360279, "device_end": 1585585969.8447826, "host_queued_end": 1585586035.234683}, "device": "gpu", "nd_range": {"device_start": 1585585969.8447857, "device_end": 1585585969.8456352}, "cmdq": 3, "read": {"device_start": 1585585969.8456435, "device_end": 1585585969.8456657}}, "FFC_sans_bias40": {"write": {"device_start": -1, "host_queued_start": 1585586035.228178, "device_queued": -1, "device_end": -1, "host_queued_end": 1585586035.234683}, "device": "gpu", "nd_range": {"device_start": 1585585969.8411195, "device_end": 1585585969.8417232}, "cmdq": 3, "read": {"device_start": -1, "device_end": -1}}, "softmax32": {"write": {"device_start": -1, "host_queued_start": 1585586035.228949, "device_queued": -1, "device_end": -1, "host_queued_end": 1585586035.234683}, "device": "gpu", "nd_range": {"device_start": 1585585969.8412952, "device_end": 1585585969.8419492}, "cmdq": 2, "read": {"device_start": -1, "device_end": -1}}, "FFC_sans_bias33": {"write": {"device_start": -1, "host_queued_start": 1585586035.230122, "device_queued": -1, "device_end": -1, "host_queued_end": 1585586035.234683}, "device": "gpu", "nd_range": {"device_start": 1585585969.8419504, "device_end": 1585585969.8432689}, "cmdq": 2, "read": {"device_start": -1, "device_end": -1}}, "FFC_sans_bias24": {"write": {"device_start": -1, "host_queued_start": 1585586035.229809, "device_queued": -1, "device_end": -1, "host_queued_end": 1585586035.234683}, "device": "gpu", "nd_range": {"device_start": 1585585969.841681, "device_end": 1585585969.842283}, "cmdq": 1, "read": {"device_start": -1, "device_end": -1}}, "FFC_sans_bias25": {"write": {"device_start": 1585585969.8423882, "host_queued_start": 1585586035.232505, "device_queued": 1585585969.8358302, "device_end": 1585585969.8424134, "host_queued_end": 1585586035.234683}, "device": "gpu", "nd_range": {"device_start": 1585585969.842421, "device_end": 1585585969.8436878}, "cmdq": 1, "read": {"device_start": 1585585969.8436906, "device_end": 1585585969.843713}}, "FFC_sans_bias27": {"write": {"device_start": 1585585969.8355863, "host_queued_start": 1585586035.220331, "device_queued": 1585585969.8342853, "device_end": 1585585969.8356185, "host_queued_end": 1585586035.234683}, "device": "gpu", "nd_range": {"device_start": 1585585969.8356209, "device_end": 1585585969.8373692}, "cmdq": 2, "read": {"device_start": -1, "device_end": -1}}, "FFC_sans_bias20": {"write": {"device_start": 1585585969.8350153, "host_queued_start": 1585586035.2193, "device_queued": 1585585969.8342633, "device_end": 1585585969.8350465, "host_queued_end": 1585586035.234683}, "device": "gpu", "nd_range": {"device_start": 1585585969.8350513, "device_end": 1585585969.8369045}, "cmdq": 1, "read": {"device_start": -1, "device_end": -1}}, "FFC_sans_bias22": {"write": {"device_start": -1, "host_queued_start": 1585586035.227558, "device_queued": -1, "device_end": -1, "host_queued_end": 1585586035.234683}, "device": "gpu", "nd_range": {"device_start": 1585585969.839705, "device_end": 1585585969.8407152}, "cmdq": 1, "read": {"device_start": -1, "device_end": -1}}, "softmax5": {"write": {"device_start": -1, "host_queued_start": 1585586035.241234, "device_queued": -1, "device_end": -1, "host_queued_end": 1585586035.242717}, "device": "cpu", "nd_range": {"device_start": 2253809.449369561, "device_end": 2253809.449471563}, "cmdq": 0, "read": {"device_start": -1, "device_end": -1}}, "FFC_sans_bias28": {"write": {"device_start": 1585585969.8360221, "host_queued_start": 1585586035.221361, "device_queued": 1585585969.8344026, "device_end": 1585585969.8360531, "host_queued_end": 1585586035.234683}, "device": "gpu", "nd_range": {"device_start": 1585585969.8360639, "device_end": 1585585969.8378928}, "cmdq": 3, "read": {"device_start": -1, "device_end": -1}}, "FFC_sans_bias29": {"write": {"device_start": 1585585969.8365088, "host_queued_start": 1585586035.222393, "device_queued": 1585585969.834635, "device_end": 1585585969.836535, "host_queued_end": 1585586035.234683}, "device": "gpu", "nd_range": {"device_start": 1585585969.8365445, "device_end": 1585585969.8383434}, "cmdq": 0, "read": {"device_start": -1, "device_end": -1}}, "empty17": {"write": {"device_start": 1585585969.8334234, "host_queued_start": 1585586035.210249, "device_queued": 1585585969.8332806, "device_end": 1585585969.8334699, "host_queued_end": 1585586035.234683}, "device": "gpu", "nd_range": {"device_start": 1585585969.8334758, "device_end": 1585585969.8334823}, "cmdq": 0, "read": {"device_start": -1, "device_end": -1}}, "empty35": {"write": {"device_start": 1585585969.8336499, "host_queued_start": 1585586035.212164, "device_queued": 1585585969.8334115, "device_end": 1585585969.8337219, "host_queued_end": 1585586035.234683}, "device": "gpu", "nd_range": {"device_start": 1585585969.8337276, "device_end": 1585585969.8337336}, "cmdq": 2, "read": {"device_start": -1, "device_end": -1}}}