{"FFC_sans_bias4": {"write": {"device_start": -1, "host_queued_start": 1585586059.5625, "device_queued": -1, "device_end": -1, "host_queued_end": 1585586059.570061}, "device": "cpu", "nd_range": {"device_start": 2253833.840491191, "device_end": 2253833.85632574}, "cmdq": 0, "read": {"device_start": -1, "device_end": -1}}, "FFC_sans_bias7": {"write": {"device_start": -1, "host_queued_start": 1585586059.567055, "device_queued": -1, "device_end": -1, "host_queued_end": 1585586059.570061}, "device": "cpu", "nd_range": {"device_start": 2253833.8649250483, "device_end": 2253833.8726220313}, "cmdq": 0, "read": {"device_start": -1, "device_end": -1}}, "FFC_sans_bias6": {"write": {"device_start": -1, "host_queued_start": 1585586059.564979, "device_queued": -1, "device_end": -1, "host_queued_end": 1585586059.570061}, "device": "cpu", "nd_range": {"device_start": 2253833.857198961, "device_end": 2253833.864918644}, "cmdq": 0, "read": {"device_start": -1, "device_end": -1}}, "FFC_sans_bias1": {"write": {"device_start": -1, "host_queued_start": 1585586059.550195, "device_queued": -1, "device_end": -1, "host_queued_end": 1585586059.570061}, "device": "cpu", "nd_range": {"device_start": 2253833.759682552, "device_end": 2253833.775689903}, "cmdq": 1, "read": {"device_start": -1, "device_end": -1}}, "FFC_sans_bias0": {"write": {"device_start": -1, "host_queued_start": 1585586059.549153, "device_queued": -1, "device_end": -1, "host_queued_end": 1585586059.570061}, "device": "cpu", "nd_range": {"device_start": 2253833.759681864, "device_end": 2253833.775403005}, "cmdq": 0, "read": {"device_start": -1, "device_end": -1}}, "FFC_sans_bias2": {"write": {"device_start": -1, "host_queued_start": 1585586059.551267, "device_queued": -1, "device_end": -1, "host_queued_end": 1585586059.570061}, "device": "cpu", "nd_range": {"device_start": 2253833.759732216, "device_end": 2253833.775233012}, "cmdq": 2, "read": {"device_start": -1, "device_end": -1}}, "FFC_sans_bias9": {"write": {"device_start": -1, "host_queued_start": 1585586059.552311, "device_queued": -1, "device_end": -1, "host_queued_end": 1585586059.570061}, "device": "cpu", "nd_range": {"device_start": 2253833.760128538, "device_end": 2253833.775454076}, "cmdq": 3, "read": {"device_start": -1, "device_end": -1}}, "coalesced_transpose39": {"write": {"device_start": -1, "host_queued_start": 1585586059.54207, "device_queued": -1, "device_end": -1, "host_queued_end": 1585586059.54408}, "device": "gpu", "nd_range": {"device_start": 1585585994.1434245, "device_end": 1585585994.1438303}, "cmdq": 0, "read": {"device_start": -1, "device_end": -1}}, "softmax23": {"write": {"device_start": -1, "host_queued_start": 1585586059.564371, "device_queued": -1, "device_end": -1, "host_queued_end": 1585586059.570061}, "device": "cpu", "nd_range": {"device_start": 2253833.815270477, "device_end": 2253833.815502596}, "cmdq": 2, "read": {"device_start": -1, "device_end": -1}}, "FFC_sans_bias37": {"write": {"device_start": 1585585994.1423059, "host_queued_start": 1585586059.540659, "device_queued": 1585585994.1421237, "device_end": 1585585994.1423771, "host_queued_end": 1585586059.54408}, "device": "gpu", "nd_range": {"device_start": 1585585994.1424308, "device_end": 1585585994.1434212}, "cmdq": 2, "read": {"device_start": -1, "device_end": -1}}, "softmax41": {"write": {"device_start": -1, "host_queued_start": 1585586059.542655, "device_queued": -1, "device_end": -1, "host_queued_end": 1585586059.54408}, "device": "gpu", "nd_range": {"device_start": 1585585994.1445951, "device_end": 1585585994.1447878}, "cmdq": 2, "read": {"device_start": -1, "device_end": -1}}, "FFC_sans_bias11": {"write": {"device_start": -1, "host_queued_start": 1585586059.554403, "device_queued": -1, "device_end": -1, "host_queued_end": 1585586059.570061}, "device": "cpu", "nd_range": {"device_start": 2253833.775815729, "device_end": 2253833.791942013}, "cmdq": 1, "read": {"device_start": -1, "device_end": -1}}, "FFC_sans_bias10": {"write": {"device_start": -1, "host_queued_start": 1585586059.553355, "device_queued": -1, "device_end": -1, "host_queued_end": 1585586059.570061}, "device": "cpu", "nd_range": {"device_start": 2253833.778581606, "device_end": 2253833.803308288}, "cmdq": 0, "read": {"device_start": -1, "device_end": -1}}, "coalesced_transpose3": {"write": {"device_start": -1, "host_queued_start": 1585586059.561171, "device_queued": -1, "device_end": -1, "host_queued_end": 1585586059.570061}, "device": "cpu", "nd_range": {"device_start": 2253833.8366979943, "device_end": 2253833.8404840273}, "cmdq": 0, "read": {"device_start": -1, "device_end": -1}}, "FFC_sans_bias34": {"write": {"device_start": -1, "host_queued_start": 1585586059.570017, "device_queued": -1, "device_end": -1, "host_queued_end": 1585586059.570061}, "device": "cpu", "nd_range": {"device_start": 2253833.837763526, "device_end": 2253833.8516856693}, "cmdq": 3, "read": {"device_start": -1, "device_end": -1}}, "FFC_sans_bias15": {"write": {"device_start": -1, "host_queued_start": 1585586059.565322, "device_queued": -1, "device_end": -1, "host_queued_end": 1585586059.570061}, "device": "cpu", "nd_range": {"device_start": 2253833.832025853, "device_end": 2253833.8477117713}, "cmdq": 1, "read": {"device_start": -1, "device_end": -1}}, "FFC_sans_bias31": {"write": {"device_start": -1, "host_queued_start": 1585586059.56355, "device_queued": -1, "device_end": -1, "host_queued_end": 1585586059.570061}, "device": "cpu", "nd_range": {"device_start": 2253833.8068346153, "device_end": 2253833.82199999}, "cmdq": 3, "read": {"device_start": -1, "device_end": -1}}, "FFC_sans_bias16": {"write": {"device_start": -1, "host_queued_start": 1585586059.568042, "device_queued": -1, "device_end": -1, "host_queued_end": 1585586059.570061}, "device": "cpu", "nd_range": {"device_start": 2253833.847834057, "device_end": 2253833.856959761}, "cmdq": 1, "read": {"device_start": -1, "device_end": -1}}, "FFC_sans_bias19": {"write": {"device_start": -1, "host_queued_start": 1585586059.556502, "device_queued": -1, "device_end": -1, "host_queued_end": 1585586059.570061}, "device": "cpu", "nd_range": {"device_start": 2253833.7754708664, "device_end": 2253833.7909438834}, "cmdq": 3, "read": {"device_start": -1, "device_end": -1}}, "FFC_sans_bias18": {"write": {"device_start": -1, "host_queued_start": 1585586059.555463, "device_queued": -1, "device_end": -1, "host_queued_end": 1585586059.570061}, "device": "cpu", "nd_range": {"device_start": 2253833.775361395, "device_end": 2253833.7906770334}, "cmdq": 2, "read": {"device_start": -1, "device_end": -1}}, "coalesced_transpose30": {"write": {"device_start": -1, "host_queued_start": 1585586059.562158, "device_queued": -1, "device_end": -1, "host_queued_end": 1585586059.570061}, "device": "cpu", "nd_range": {"device_start": 2253833.806486905, "device_end": 2253833.806723249}, "cmdq": 3, "read": {"device_start": -1, "device_end": -1}}, "FFC_sans_bias38": {"write": {"device_start": 1585585994.142383, "host_queued_start": 1585586059.541721, "device_queued": 1585585994.1421487, "device_end": 1585585994.14241, "host_queued_end": 1585586059.54408}, "device": "gpu", "nd_range": {"device_start": 1585585994.1424453, "device_end": 1585585994.1439815}, "cmdq": 3, "read": {"device_start": -1, "device_end": -1}}, "empty26": {"write": {"device_start": -1, "host_queued_start": 1585586059.547144, "device_queued": -1, "device_end": -1, "host_queued_end": 1585586059.570061}, "device": "cpu", "nd_range": {"device_start": 2253833.759712606, "device_end": 2253833.759717386}, "cmdq": 2, "read": {"device_start": -1, "device_end": -1}}, "coalesced_transpose12": {"write": {"device_start": -1, "host_queued_start": 1585586059.5615, "device_queued": -1, "device_end": -1, "host_queued_end": 1585586059.570061}, "device": "cpu", "nd_range": {"device_start": 2253833.815071321, "device_end": 2253833.815324962}, "cmdq": 1, "read": {"device_start": -1, "device_end": -1}}, "empty44": {"write": {"device_start": 1585585994.1421115, "host_queued_start": 1585586059.538319, "device_queued": 1585585994.141988, "device_end": 1585585994.1421626, "host_queued_end": 1585586059.54408}, "device": "gpu", "nd_range": {"device_start": 1585585994.1421735, "device_end": 1585585994.1421783}, "cmdq": 0, "read": {"device_start": -1, "device_end": -1}}, "coalesced_transpose21": {"write": {"device_start": -1, "host_queued_start": 1585586059.561827, "device_queued": -1, "device_end": -1, "host_queued_end": 1585586059.570061}, "device": "cpu", "nd_range": {"device_start": 2253833.806189044, "device_end": 2253833.80643242}, "cmdq": 2, "read": {"device_start": -1, "device_end": -1}}, "FFC_sans_bias36": {"write": {"device_start": 1585585994.1422114, "host_queued_start": 1585586059.539554, "device_queued": 1585585994.142105, "device_end": 1585585994.1422796, "host_queued_end": 1585586059.54408}, "device": "gpu", "nd_range": {"device_start": 1585585994.1424088, "device_end": 1585585994.1430156}, "cmdq": 1, "read": {"device_start": -1, "device_end": -1}}, "softmax14": {"write": {"device_start": -1, "host_queued_start": 1585586059.564097, "device_queued": -1, "device_end": -1, "host_queued_end": 1585586059.570061}, "device": "cpu", "nd_range": {"device_start": 2253833.831708399, "device_end": 2253833.83191421}, "cmdq": 1, "read": {"device_start": -1, "device_end": -1}}, "FFC_sans_bias13": {"write": {"device_start": -1, "host_queued_start": 1585586059.562867, "device_queued": -1, "device_end": -1, "host_queued_end": 1585586059.570061}, "device": "cpu", "nd_range": {"device_start": 2253833.8154533342, "device_end": 2253833.831589043}, "cmdq": 1, "read": {"device_start": -1, "device_end": -1}}, "empty8": {"write": {"device_start": -1, "host_queued_start": 1585586059.545323, "device_queued": -1, "device_end": -1, "host_queued_end": 1585586059.570061}, "device": "cpu", "nd_range": {"device_start": 2253833.759650181, "device_end": 2253833.7596619683}, "cmdq": 0, "read": {"device_start": -1, "device_end": -1}}, "FFC_sans_bias42": {"write": {"device_start": -1, "host_queued_start": 1585586059.542963, "device_queued": -1, "device_end": -1, "host_queued_end": 1585586059.54408}, "device": "gpu", "nd_range": {"device_start": 1585585994.1447918, "device_end": 1585585994.1453817}, "cmdq": 3, "read": {"device_start": -1, "device_end": -1}}, "FFC_sans_bias43": {"write": {"device_start": 1585585994.1439373, "host_queued_start": 1585586059.543967, "device_queued": 1585585994.1426096, "device_end": 1585585994.1439626, "host_queued_end": 1585586059.54408}, "device": "gpu", "nd_range": {"device_start": 1585585994.145385, "device_end": 1585585994.1459763}, "cmdq": 0, "read": {"device_start": 1585585994.1459777, "device_end": 1585585994.1460004}}, "FFC_sans_bias40": {"write": {"device_start": -1, "host_queued_start": 1585586059.54238, "device_queued": -1, "device_end": -1, "host_queued_end": 1585586059.54408}, "device": "gpu", "nd_range": {"device_start": 1585585994.1439857, "device_end": 1585585994.144589}, "cmdq": 1, "read": {"device_start": -1, "device_end": -1}}, "softmax32": {"write": {"device_start": -1, "host_queued_start": 1585586059.564639, "device_queued": -1, "device_end": -1, "host_queued_end": 1585586059.570061}, "device": "cpu", "nd_range": {"device_start": 2253833.8221281483, "device_end": 2253833.822333103}, "cmdq": 3, "read": {"device_start": -1, "device_end": -1}}, "FFC_sans_bias33": {"write": {"device_start": -1, "host_queued_start": 1585586059.565988, "device_queued": -1, "device_end": -1, "host_queued_end": 1585586059.570061}, "device": "cpu", "nd_range": {"device_start": 2253833.822447365, "device_end": 2253833.8376562553}, "cmdq": 3, "read": {"device_start": -1, "device_end": -1}}, "FFC_sans_bias24": {"write": {"device_start": -1, "host_queued_start": 1585586059.56566, "device_queued": -1, "device_end": -1, "host_queued_end": 1585586059.570061}, "device": "cpu", "nd_range": {"device_start": 2253833.8156183544, "device_end": 2253833.830876802}, "cmdq": 2, "read": {"device_start": -1, "device_end": -1}}, "FFC_sans_bias25": {"write": {"device_start": -1, "host_queued_start": 1585586059.569029, "device_queued": -1, "device_end": -1, "host_queued_end": 1585586059.570061}, "device": "cpu", "nd_range": {"device_start": 2253833.831000767, "device_end": 2253833.8462956753}, "cmdq": 2, "read": {"device_start": -1, "device_end": -1}}, "FFC_sans_bias27": {"write": {"device_start": -1, "host_queued_start": 1585586059.558658, "device_queued": -1, "device_end": -1, "host_queued_end": 1585586059.570061}, "device": "cpu", "nd_range": {"device_start": 2253833.792065081, "device_end": 2253833.80816535}, "cmdq": 1, "read": {"device_start": -1, "device_end": -1}}, "FFC_sans_bias20": {"write": {"device_start": -1, "host_queued_start": 1585586059.557591, "device_queued": -1, "device_end": -1, "host_queued_end": 1585586059.570061}, "device": "cpu", "nd_range": {"device_start": 2253833.809321031, "device_end": 2253833.836689248}, "cmdq": 0, "read": {"device_start": -1, "device_end": -1}}, "FFC_sans_bias22": {"write": {"device_start": -1, "host_queued_start": 1585586059.563211, "device_queued": -1, "device_end": -1, "host_queued_end": 1585586059.570061}, "device": "cpu", "nd_range": {"device_start": 2253833.806444224, "device_end": 2253833.815146772}, "cmdq": 2, "read": {"device_start": -1, "device_end": -1}}, "softmax5": {"write": {"device_start": -1, "host_queued_start": 1585586059.563824, "device_queued": -1, "device_end": -1, "host_queued_end": 1585586059.570061}, "device": "cpu", "nd_range": {"device_start": 2253833.856334965, "device_end": 2253833.857193259}, "cmdq": 0, "read": {"device_start": -1, "device_end": -1}}, "FFC_sans_bias28": {"write": {"device_start": -1, "host_queued_start": 1585586059.559746, "device_queued": -1, "device_end": -1, "host_queued_end": 1585586059.570061}, "device": "cpu", "nd_range": {"device_start": 2253833.790810035, "device_end": 2253833.8060683464}, "cmdq": 2, "read": {"device_start": -1, "device_end": -1}}, "FFC_sans_bias29": {"write": {"device_start": -1, "host_queued_start": 1585586059.560832, "device_queued": -1, "device_end": -1, "host_queued_end": 1585586059.570061}, "device": "cpu", "nd_range": {"device_start": 2253833.7910671453, "device_end": 2253833.806367032}, "cmdq": 3, "read": {"device_start": -1, "device_end": -1}}, "empty17": {"write": {"device_start": -1, "host_queued_start": 1585586059.546233, "device_queued": -1, "device_end": -1, "host_queued_end": 1585586059.570061}, "device": "cpu", "nd_range": {"device_start": 2253833.759650289, "device_end": 2253833.7596619753}, "cmdq": 1, "read": {"device_start": -1, "device_end": -1}}, "empty35": {"write": {"device_start": -1, "host_queued_start": 1585586059.54798, "device_queued": -1, "device_end": -1, "host_queued_end": 1585586059.570061}, "device": "cpu", "nd_range": {"device_start": 2253833.759854415, "device_end": 2253833.759857731}, "cmdq": 3, "read": {"device_start": -1, "device_end": -1}}}