{"FFC_sans_bias4": {"write": {"device_start": -1, "host_queued_start": 1585585772.507515, "device_queued": -1, "device_end": -1, "host_queued_end": 1585585772.517012}, "device": "gpu", "nd_range": {"device_start": 1585585707.1344938, "device_end": 1585585707.1350906}, "cmdq": 0, "read": {"device_start": -1, "device_end": -1}}, "FFC_sans_bias7": {"write": {"device_start": 1585585707.1416523, "host_queued_start": 1585585772.512722, "device_queued": 1585585707.1254313, "device_end": 1585585707.1416812, "host_queued_end": 1585585772.517012}, "device": "gpu", "nd_range": {"device_start": 1585585707.1416876, "device_end": 1585585707.1422806}, "cmdq": 0, "read": {"device_start": 1585585707.1422892, "device_end": 1585585707.1423123}}, "FFC_sans_bias6": {"write": {"device_start": -1, "host_queued_start": 1585585772.51037, "device_queued": -1, "device_end": -1, "host_queued_end": 1585585772.517012}, "device": "gpu", "nd_range": {"device_start": 1585585707.1385314, "device_end": 1585585707.1391313}, "cmdq": 0, "read": {"device_start": -1, "device_end": -1}}, "FFC_sans_bias1": {"write": {"device_start": 1585585707.124279, "host_queued_start": 1585585772.491974, "device_queued": 1585585707.12325, "device_end": 1585585707.1243148, "host_queued_end": 1585585772.517012}, "device": "gpu", "nd_range": {"device_start": 1585585707.1243236, "device_end": 1585585707.1249204}, "cmdq": 0, "read": {"device_start": -1, "device_end": -1}}, "FFC_sans_bias0": {"write": {"device_start": 1585585707.1235487, "host_queued_start": 1585585772.490895, "device_queued": 1585585707.1232023, "device_end": 1585585707.123573, "host_queued_end": 1585585772.517012}, "device": "gpu", "nd_range": {"device_start": 1585585707.1235816, "device_end": 1585585707.1241808}, "cmdq": 0, "read": {"device_start": -1, "device_end": -1}}, "FFC_sans_bias2": {"write": {"device_start": 1585585707.125059, "host_queued_start": 1585585772.493011, "device_queued": 1585585707.1234393, "device_end": 1585585707.1250887, "host_queued_end": 1585585772.517012}, "device": "gpu", "nd_range": {"device_start": 1585585707.125092, "device_end": 1585585707.125692}, "cmdq": 0, "read": {"device_start": -1, "device_end": -1}}, "FFC_sans_bias9": {"write": {"device_start": 1585585707.1258254, "host_queued_start": 1585585772.494039, "device_queued": 1585585707.1234875, "device_end": 1585585707.1258557, "host_queued_end": 1585585772.517012}, "device": "gpu", "nd_range": {"device_start": 1585585707.1258583, "device_end": 1585585707.126466}, "cmdq": 0, "read": {"device_start": -1, "device_end": -1}}, "coalesced_transpose39": {"write": {"device_start": -1, "host_queued_start": 1585585772.507201, "device_queued": -1, "device_end": -1, "host_queued_end": 1585585772.517012}, "device": "gpu", "nd_range": {"device_start": 1585585707.1344845, "device_end": 1585585707.1344924}, "cmdq": 0, "read": {"device_start": -1, "device_end": -1}}, "softmax23": {"write": {"device_start": -1, "host_queued_start": 1585585772.509564, "device_queued": -1, "device_end": -1, "host_queued_end": 1585585772.517012}, "device": "gpu", "nd_range": {"device_start": 1585585707.137896, "device_end": 1585585707.1381054}, "cmdq": 0, "read": {"device_start": -1, "device_end": -1}}, "FFC_sans_bias37": {"write": {"device_start": 1585585707.1331725, "host_queued_start": 1585585772.504608, "device_queued": 1585585707.124361, "device_end": 1585585707.133202, "host_queued_end": 1585585772.517012}, "device": "gpu", "nd_range": {"device_start": 1585585707.1332052, "device_end": 1585585707.1337938}, "cmdq": 0, "read": {"device_start": -1, "device_end": -1}}, "softmax41": {"write": {"device_start": -1, "host_queued_start": 1585585772.510059, "device_queued": -1, "device_end": -1, "host_queued_end": 1585585772.517012}, "device": "gpu", "nd_range": {"device_start": 1585585707.138319, "device_end": 1585585707.1385305}, "cmdq": 0, "read": {"device_start": -1, "device_end": -1}}, "FFC_sans_bias11": {"write": {"device_start": 1585585707.127339, "host_queued_start": 1585585772.496135, "device_queued": 1585585707.1236668, "device_end": 1585585707.1273685, "host_queued_end": 1585585772.517012}, "device": "gpu", "nd_range": {"device_start": 1585585707.1273754, "device_end": 1585585707.1279619}, "cmdq": 0, "read": {"device_start": -1, "device_end": -1}}, "FFC_sans_bias10": {"write": {"device_start": 1585585707.126586, "host_queued_start": 1585585772.495098, "device_queued": 1585585707.123638, "device_end": 1585585707.1266165, "host_queued_end": 1585585772.517012}, "device": "gpu", "nd_range": {"device_start": 1585585707.126623, "device_end": 1585585707.127234}, "cmdq": 0, "read": {"device_start": -1, "device_end": -1}}, "coalesced_transpose3": {"write": {"device_start": -1, "host_queued_start": 1585585772.505972, "device_queued": -1, "device_end": -1, "host_queued_end": 1585585772.517012}, "device": "gpu", "nd_range": {"device_start": 1585585707.1344478, "device_end": 1585585707.134456}, "cmdq": 0, "read": {"device_start": -1, "device_end": -1}}, "FFC_sans_bias34": {"write": {"device_start": 1585585707.1441872, "host_queued_start": 1585585772.515878, "device_queued": 1585585707.1258962, "device_end": 1585585707.1442158, "host_queued_end": 1585585772.517012}, "device": "gpu", "nd_range": {"device_start": 1585585707.1442184, "device_end": 1585585707.144813}, "cmdq": 0, "read": {"device_start": 1585585707.144818, "device_end": 1585585707.14484}}, "FFC_sans_bias15": {"write": {"device_start": -1, "host_queued_start": 1585585772.510714, "device_queued": -1, "device_end": -1, "host_queued_end": 1585585772.517012}, "device": "gpu", "nd_range": {"device_start": 1585585707.1391325, "device_end": 1585585707.1397288}, "cmdq": 0, "read": {"device_start": -1, "device_end": -1}}, "FFC_sans_bias31": {"write": {"device_start": -1, "host_queued_start": 1585585772.508454, "device_queued": -1, "device_end": -1, "host_queued_end": 1585585772.517012}, "device": "gpu", "nd_range": {"device_start": 1585585707.1362817, "device_end": 1585585707.1368818}, "cmdq": 0, "read": {"device_start": -1, "device_end": -1}}, "FFC_sans_bias16": {"write": {"device_start": 1585585707.1424918, "host_queued_start": 1585585772.513772, "device_queued": 1585585707.1255946, "device_end": 1585585707.142521, "host_queued_end": 1585585772.517012}, "device": "gpu", "nd_range": {"device_start": 1585585707.1425273, "device_end": 1585585707.1431296}, "cmdq": 0, "read": {"device_start": 1585585707.1431365, "device_end": 1585585707.1431584}}, "FFC_sans_bias19": {"write": {"device_start": 1585585707.1288319, "host_queued_start": 1585585772.498196, "device_queued": 1585585707.123832, "device_end": 1585585707.1288612, "host_queued_end": 1585585772.517012}, "device": "gpu", "nd_range": {"device_start": 1585585707.1288643, "device_end": 1585585707.1294632}, "cmdq": 0, "read": {"device_start": -1, "device_end": -1}}, "FFC_sans_bias18": {"write": {"device_start": 1585585707.1280801, "host_queued_start": 1585585772.497169, "device_queued": 1585585707.1238005, "device_end": 1585585707.1281097, "host_queued_end": 1585585772.517012}, "device": "gpu", "nd_range": {"device_start": 1585585707.1281137, "device_end": 1585585707.1287115}, "cmdq": 0, "read": {"device_start": -1, "device_end": -1}}, "coalesced_transpose30": {"write": {"device_start": -1, "host_queued_start": 1585585772.506909, "device_queued": -1, "device_end": -1, "host_queued_end": 1585585772.517012}, "device": "gpu", "nd_range": {"device_start": 1585585707.1344755, "device_end": 1585585707.1344836}, "cmdq": 0, "read": {"device_start": -1, "device_end": -1}}, "FFC_sans_bias38": {"write": {"device_start": 1585585707.13391, "host_queued_start": 1585585772.505635, "device_queued": 1585585707.1245039, "device_end": 1585585707.133939, "host_queued_end": 1585585772.517012}, "device": "gpu", "nd_range": {"device_start": 1585585707.1339421, "device_end": 1585585707.1344457}, "cmdq": 0, "read": {"device_start": -1, "device_end": -1}}, "empty26": {"write": {"device_start": 1585585707.1231651, "host_queued_start": 1585585772.488279, "device_queued": 1585585707.1229143, "device_end": 1585585707.1231885, "host_queued_end": 1585585772.517012}, "device": "gpu", "nd_range": {"device_start": 1585585707.123197, "device_end": 1585585707.1232007}, "cmdq": 0, "read": {"device_start": -1, "device_end": -1}}, "coalesced_transpose12": {"write": {"device_start": -1, "host_queued_start": 1585585772.506275, "device_queued": -1, "device_end": -1, "host_queued_end": 1585585772.517012}, "device": "gpu", "nd_range": {"device_start": 1585585707.134457, "device_end": 1585585707.1344655}, "cmdq": 0, "read": {"device_start": -1, "device_end": -1}}, "empty44": {"write": {"device_start": 1585585707.123427, "host_queued_start": 1585585772.489897, "device_queued": 1585585707.1231503, "device_end": 1585585707.1234555, "host_queued_end": 1585585772.517012}, "device": "gpu", "nd_range": {"device_start": 1585585707.1234646, "device_end": 1585585707.1234746}, "cmdq": 0, "read": {"device_start": -1, "device_end": -1}}, "coalesced_transpose21": {"write": {"device_start": -1, "host_queued_start": 1585585772.506604, "device_queued": -1, "device_end": -1, "host_queued_end": 1585585772.517012}, "device": "gpu", "nd_range": {"device_start": 1585585707.1344664, "device_end": 1585585707.134474}, "cmdq": 0, "read": {"device_start": -1, "device_end": -1}}, "FFC_sans_bias36": {"write": {"device_start": 1585585707.1325152, "host_queued_start": 1585585772.503587, "device_queued": 1585585707.1243205, "device_end": 1585585707.1325445, "host_queued_end": 1585585772.517012}, "device": "gpu", "nd_range": {"device_start": 1585585707.1325488, "device_end": 1585585707.1330557}, "cmdq": 0, "read": {"device_start": -1, "device_end": -1}}, "softmax14": {"write": {"device_start": -1, "host_queued_start": 1585585772.509268, "device_queued": -1, "device_end": -1, "host_queued_end": 1585585772.517012}, "device": "gpu", "nd_range": {"device_start": 1585585707.1376855, "device_end": 1585585707.137895}, "cmdq": 0, "read": {"device_start": -1, "device_end": -1}}, "FFC_sans_bias13": {"write": {"device_start": -1, "host_queued_start": 1585585772.507824, "device_queued": -1, "device_end": -1, "host_queued_end": 1585585772.517012}, "device": "gpu", "nd_range": {"device_start": 1585585707.1350915, "device_end": 1585585707.1356905}, "cmdq": 0, "read": {"device_start": -1, "device_end": -1}}, "empty8": {"write": {"device_start": 1585585707.1228864, "host_queued_start": 1585585772.486392, "device_queued": 1585585707.1227217, "device_end": 1585585707.1229165, "host_queued_end": 1585585772.517012}, "device": "gpu", "nd_range": {"device_start": 1585585707.122919, "device_end": 1585585707.12293}, "cmdq": 0, "read": {"device_start": -1, "device_end": -1}}, "FFC_sans_bias42": {"write": {"device_start": -1, "host_queued_start": 1585585772.511707, "device_queued": -1, "device_end": -1, "host_queued_end": 1585585772.517012}, "device": "gpu", "nd_range": {"device_start": 1585585707.140931, "device_end": 1585585707.1415312}, "cmdq": 0, "read": {"device_start": -1, "device_end": -1}}, "FFC_sans_bias43": {"write": {"device_start": 1585585707.1450074, "host_queued_start": 1585585772.516915, "device_queued": 1585585707.1259763, "device_end": 1585585707.1450365, "host_queued_end": 1585585772.517012}, "device": "gpu", "nd_range": {"device_start": 1585585707.1450412, "device_end": 1585585707.1456373}, "cmdq": 0, "read": {"device_start": 1585585707.1456392, "device_end": 1585585707.1456616}}, "FFC_sans_bias40": {"write": {"device_start": -1, "host_queued_start": 1585585772.508769, "device_queued": -1, "device_end": -1, "host_queued_end": 1585585772.517012}, "device": "gpu", "nd_range": {"device_start": 1585585707.136883, "device_end": 1585585707.1374705}, "cmdq": 0, "read": {"device_start": -1, "device_end": -1}}, "softmax32": {"write": {"device_start": -1, "host_queued_start": 1585585772.509812, "device_queued": -1, "device_end": -1, "host_queued_end": 1585585772.517012}, "device": "gpu", "nd_range": {"device_start": 1585585707.1381068, "device_end": 1585585707.1383178}, "cmdq": 0, "read": {"device_start": -1, "device_end": -1}}, "FFC_sans_bias33": {"write": {"device_start": -1, "host_queued_start": 1585585772.51137, "device_queued": -1, "device_end": -1, "host_queued_end": 1585585772.517012}, "device": "gpu", "nd_range": {"device_start": 1585585707.1403303, "device_end": 1585585707.1409297}, "cmdq": 0, "read": {"device_start": -1, "device_end": -1}}, "FFC_sans_bias24": {"write": {"device_start": -1, "host_queued_start": 1585585772.511044, "device_queued": -1, "device_end": -1, "host_queued_end": 1585585772.517012}, "device": "gpu", "nd_range": {"device_start": 1585585707.1397297, "device_end": 1585585707.1403294}, "cmdq": 0, "read": {"device_start": -1, "device_end": -1}}, "FFC_sans_bias25": {"write": {"device_start": 1585585707.1433413, "host_queued_start": 1585585772.514816, "device_queued": 1585585707.1256535, "device_end": 1585585707.1433702, "host_queued_end": 1585585772.517012}, "device": "gpu", "nd_range": {"device_start": 1585585707.1433847, "device_end": 1585585707.1439826}, "cmdq": 0, "read": {"device_start": 1585585707.1439855, "device_end": 1585585707.1440077}}, "FFC_sans_bias27": {"write": {"device_start": 1585585707.1303186, "host_queued_start": 1585585772.500298, "device_queued": 1585585707.1239865, "device_end": 1585585707.1303482, "host_queued_end": 1585585772.517012}, "device": "gpu", "nd_range": {"device_start": 1585585707.1303513, "device_end": 1585585707.1309607}, "cmdq": 0, "read": {"device_start": -1, "device_end": -1}}, "FFC_sans_bias20": {"write": {"device_start": 1585585707.1295815, "host_queued_start": 1585585772.499268, "device_queued": 1585585707.1239555, "device_end": 1585585707.1296113, "host_queued_end": 1585585772.517012}, "device": "gpu", "nd_range": {"device_start": 1585585707.1296139, "device_end": 1585585707.1302006}, "cmdq": 0, "read": {"device_start": -1, "device_end": -1}}, "FFC_sans_bias22": {"write": {"device_start": -1, "host_queued_start": 1585585772.508138, "device_queued": -1, "device_end": -1, "host_queued_end": 1585585772.517012}, "device": "gpu", "nd_range": {"device_start": 1585585707.1356914, "device_end": 1585585707.13628}, "cmdq": 0, "read": {"device_start": -1, "device_end": -1}}, "softmax5": {"write": {"device_start": -1, "host_queued_start": 1585585772.509023, "device_queued": -1, "device_end": -1, "host_queued_end": 1585585772.517012}, "device": "gpu", "nd_range": {"device_start": 1585585707.1374724, "device_end": 1585585707.1376839}, "cmdq": 0, "read": {"device_start": -1, "device_end": -1}}, "FFC_sans_bias28": {"write": {"device_start": 1585585707.1310825, "host_queued_start": 1585585772.501335, "device_queued": 1585585707.12411, "device_end": 1585585707.131112, "host_queued_end": 1585585772.517012}, "device": "gpu", "nd_range": {"device_start": 1585585707.1311152, "device_end": 1585585707.131622}, "cmdq": 0, "read": {"device_start": -1, "device_end": -1}}, "FFC_sans_bias29": {"write": {"device_start": 1585585707.1317656, "host_queued_start": 1585585772.50253, "device_queued": 1585585707.1241417, "device_end": 1585585707.131795, "host_queued_end": 1585585772.517012}, "device": "gpu", "nd_range": {"device_start": 1585585707.131798, "device_end": 1585585707.1323986}, "cmdq": 0, "read": {"device_start": -1, "device_end": -1}}, "empty17": {"write": {"device_start": 1585585707.123034, "host_queued_start": 1585585772.487463, "device_queued": 1585585707.122866, "device_end": 1585585707.1230588, "host_queued_end": 1585585772.517012}, "device": "gpu", "nd_range": {"device_start": 1585585707.123067, "device_end": 1585585707.1230705}, "cmdq": 0, "read": {"device_start": -1, "device_end": -1}}, "empty35": {"write": {"device_start": 1585585707.123296, "host_queued_start": 1585585772.489085, "device_queued": 1585585707.1229591, "device_end": 1585585707.1233249, "host_queued_end": 1585585772.517012}, "device": "gpu", "nd_range": {"device_start": 1585585707.1233275, "device_end": 1585585707.1233308}, "cmdq": 0, "read": {"device_start": -1, "device_end": -1}}}