{"FFC_sans_bias4": {"write": {"device_start": -1, "host_queued_start": 1585586018.98873, "device_queued": -1, "device_end": -1, "host_queued_end": 1585586018.990462}, "device": "cpu", "nd_range": {"device_start": 2253793.194097834, "device_end": 2253793.199874536}, "cmdq": 1, "read": {"device_start": -1, "device_end": -1}}, "FFC_sans_bias7": {"write": {"device_start": -1, "host_queued_start": 1585586018.990417, "device_queued": -1, "device_end": -1, "host_queued_end": 1585586018.990462}, "device": "cpu", "nd_range": {"device_start": 2253793.2062498364, "device_end": 2253793.211960123}, "cmdq": 0, "read": {"device_start": -1, "device_end": -1}}, "FFC_sans_bias6": {"write": {"device_start": -1, "host_queued_start": 1585586018.989353, "device_queued": -1, "device_end": -1, "host_queued_end": 1585586018.990462}, "device": "cpu", "nd_range": {"device_start": 2253793.200374897, "device_end": 2253793.206234725}, "cmdq": 1, "read": {"device_start": -1, "device_end": -1}}, "FFC_sans_bias1": {"write": {"device_start": -1, "host_queued_start": 1585586018.986865, "device_queued": -1, "device_end": -1, "host_queued_end": 1585586018.990462}, "device": "cpu", "nd_range": {"device_start": 2253793.180066037, "device_end": 2253793.1930894163}, "cmdq": 0, "read": {"device_start": -1, "device_end": -1}}, "FFC_sans_bias0": {"write": {"device_start": -1, "host_queued_start": 1585586018.98542, "device_queued": -1, "device_end": -1, "host_queued_end": 1585586018.990462}, "device": "cpu", "nd_range": {"device_start": 2253793.18005901, "device_end": 2253793.186934551}, "cmdq": 1, "read": {"device_start": -1, "device_end": -1}}, "FFC_sans_bias2": {"write": {"device_start": -1, "host_queued_start": 1585586018.98806, "device_queued": -1, "device_end": -1, "host_queued_end": 1585586018.990462}, "device": "cpu", "nd_range": {"device_start": 2253793.187131428, "device_end": 2253793.1930883173}, "cmdq": 1, "read": {"device_start": -1, "device_end": -1}}, "FFC_sans_bias9": {"write": {"device_start": 1585585953.5821505, "host_queued_start": 1585586018.961929, "device_queued": 1585585953.5820386, "device_end": 1585585953.5822196, "host_queued_end": 1585586018.982577}, "device": "gpu", "nd_range": {"device_start": 1585585953.5822232, "device_end": 1585585953.5828314}, "cmdq": 0, "read": {"device_start": -1, "device_end": -1}}, "coalesced_transpose39": {"write": {"device_start": -1, "host_queued_start": 1585586018.974852, "device_queued": -1, "device_end": -1, "host_queued_end": 1585586018.982577}, "device": "gpu", "nd_range": {"device_start": 1585585953.5881338, "device_end": 1585585953.5894477}, "cmdq": 3, "read": {"device_start": -1, "device_end": -1}}, "softmax23": {"write": {"device_start": -1, "host_queued_start": 1585586018.976598, "device_queued": -1, "device_end": -1, "host_queued_end": 1585586018.982577}, "device": "gpu", "nd_range": {"device_start": 1585585953.589065, "device_end": 1585585953.5898225}, "cmdq": 1, "read": {"device_start": -1, "device_end": -1}}, "FFC_sans_bias37": {"write": {"device_start": 1585585953.585826, "host_queued_start": 1585586018.972577, "device_queued": 1585585953.5830557, "device_end": 1585585953.5858514, "host_queued_end": 1585586018.982577}, "device": "gpu", "nd_range": {"device_start": 1585585953.5858667, "device_end": 1585585953.5876336}, "cmdq": 2, "read": {"device_start": -1, "device_end": -1}}, "softmax41": {"write": {"device_start": -1, "host_queued_start": 1585586018.977086, "device_queued": -1, "device_end": -1, "host_queued_end": 1585586018.982577}, "device": "gpu", "nd_range": {"device_start": 1585585953.5900648, "device_end": 1585585953.591241}, "cmdq": 3, "read": {"device_start": -1, "device_end": -1}}, "FFC_sans_bias11": {"write": {"device_start": 1585585953.5823643, "host_queued_start": 1585586018.964053, "device_queued": 1585585953.5821292, "device_end": 1585585953.5824435, "host_queued_end": 1585586018.982577}, "device": "gpu", "nd_range": {"device_start": 1585585953.5824466, "device_end": 1585585953.583802}, "cmdq": 2, "read": {"device_start": -1, "device_end": -1}}, "FFC_sans_bias10": {"write": {"device_start": 1585585953.5822535, "host_queued_start": 1585586018.963021, "device_queued": 1585585953.5821083, "device_end": 1585585953.582324, "host_queued_end": 1585586018.982577}, "device": "gpu", "nd_range": {"device_start": 1585585953.582406, "device_end": 1585585953.583239}, "cmdq": 1, "read": {"device_start": -1, "device_end": -1}}, "coalesced_transpose3": {"write": {"device_start": -1, "host_queued_start": 1585586018.988388, "device_queued": -1, "device_end": -1, "host_queued_end": 1585586018.990462}, "device": "cpu", "nd_range": {"device_start": 2253793.1935420074, "device_end": 2253793.193889976}, "cmdq": 0, "read": {"device_start": -1, "device_end": -1}}, "FFC_sans_bias34": {"write": {"device_start": 1585585953.5916324, "host_queued_start": 1585586018.981414, "device_queued": 1585585953.5842857, "device_end": 1585585953.5916579, "host_queued_end": 1585586018.982577}, "device": "gpu", "nd_range": {"device_start": 1585585953.5916631, "device_end": 1585585953.5934613}, "cmdq": 2, "read": {"device_start": 1585585953.5934682, "device_end": 1585585953.5934906}}, "FFC_sans_bias15": {"write": {"device_start": -1, "host_queued_start": 1585586018.977397, "device_queued": -1, "device_end": -1, "host_queued_end": 1585586018.982577}, "device": "gpu", "nd_range": {"device_start": 1585585953.5898125, "device_end": 1585585953.5906022}, "cmdq": 0, "read": {"device_start": -1, "device_end": -1}}, "FFC_sans_bias31": {"write": {"device_start": -1, "host_queued_start": 1585586018.975802, "device_queued": -1, "device_end": -1, "host_queued_end": 1585586018.982577}, "device": "gpu", "nd_range": {"device_start": 1585585953.5880399, "device_end": 1585585953.5896204}, "cmdq": 2, "read": {"device_start": -1, "device_end": -1}}, "FFC_sans_bias16": {"write": {"device_start": 1585585953.5912232, "host_queued_start": 1585586018.979343, "device_queued": 1585585953.5841954, "device_end": 1585585953.5913045, "host_queued_end": 1585586018.982577}, "device": "gpu", "nd_range": {"device_start": 1585585953.591311, "device_end": 1585585953.5924847}, "cmdq": 0, "read": {"device_start": 1585585953.5924895, "device_end": 1585585953.592513}}, "FFC_sans_bias19": {"write": {"device_start": 1585585953.582965, "host_queued_start": 1585586018.966107, "device_queued": 1585585953.5825481, "device_end": 1585585953.5829895, "host_queued_end": 1585586018.982577}, "device": "gpu", "nd_range": {"device_start": 1585585953.5829942, "device_end": 1585585953.5847633}, "cmdq": 0, "read": {"device_start": -1, "device_end": -1}}, "FFC_sans_bias18": {"write": {"device_start": 1585585953.58246, "host_queued_start": 1585586018.96508, "device_queued": 1585585953.5823398, "device_end": 1585585953.5824866, "host_queued_end": 1585586018.982577}, "device": "gpu", "nd_range": {"device_start": 1585585953.5824916, "device_end": 1585585953.5842178}, "cmdq": 3, "read": {"device_start": -1, "device_end": -1}}, "coalesced_transpose30": {"write": {"device_start": -1, "host_queued_start": 1585586018.974524, "device_queued": -1, "device_end": -1, "host_queued_end": 1585586018.982577}, "device": "gpu", "nd_range": {"device_start": 1585585953.5876381, "device_end": 1585585953.5880387}, "cmdq": 2, "read": {"device_start": -1, "device_end": -1}}, "FFC_sans_bias38": {"write": {"device_start": 1585585953.5863152, "host_queued_start": 1585586018.973608, "device_queued": 1585585953.583182, "device_end": 1585585953.586342, "host_queued_end": 1585586018.982577}, "device": "gpu", "nd_range": {"device_start": 1585585953.5863485, "device_end": 1585585953.5881255}, "cmdq": 3, "read": {"device_start": -1, "device_end": -1}}, "empty26": {"write": {"device_start": 1585585953.5818408, "host_queued_start": 1585586018.959264, "device_queued": 1585585953.581696, "device_end": 1585585953.581902, "host_queued_end": 1585586018.982577}, "device": "gpu", "nd_range": {"device_start": 1585585953.581908, "device_end": 1585585953.5819201}, "cmdq": 1, "read": {"device_start": -1, "device_end": -1}}, "coalesced_transpose12": {"write": {"device_start": -1, "host_queued_start": 1585586018.97393, "device_queued": -1, "device_end": -1, "host_queued_end": 1585586018.982577}, "device": "gpu", "nd_range": {"device_start": 1585585953.5866828, "device_end": 1585585953.5880158}, "cmdq": 0, "read": {"device_start": -1, "device_end": -1}}, "empty44": {"write": {"device_start": 1585585953.5820482, "host_queued_start": 1585586018.96094, "device_queued": 1585585953.5817537, "device_end": 1585585953.5821252, "host_queued_end": 1585586018.982577}, "device": "gpu", "nd_range": {"device_start": 1585585953.5821302, "device_end": 1585585953.5821347}, "cmdq": 3, "read": {"device_start": -1, "device_end": -1}}, "coalesced_transpose21": {"write": {"device_start": -1, "host_queued_start": 1585586018.974227, "device_queued": -1, "device_end": -1, "host_queued_end": 1585586018.982577}, "device": "gpu", "nd_range": {"device_start": 1585585953.5871842, "device_end": 1585585953.5880346}, "cmdq": 1, "read": {"device_start": -1, "device_end": -1}}, "FFC_sans_bias36": {"write": {"device_start": 1585585953.5853374, "host_queued_start": 1585586018.971506, "device_queued": 1585585953.5830312, "device_end": 1585585953.5853636, "host_queued_end": 1585586018.982577}, "device": "gpu", "nd_range": {"device_start": 1585585953.5853682, "device_end": 1585585953.5871823}, "cmdq": 1, "read": {"device_start": -1, "device_end": -1}}, "softmax14": {"write": {"device_start": -1, "host_queued_start": 1585586018.976352, "device_queued": -1, "device_end": -1, "host_queued_end": 1585586018.982577}, "device": "gpu", "nd_range": {"device_start": 1585585953.588635, "device_end": 1585585953.5898116}, "cmdq": 0, "read": {"device_start": -1, "device_end": -1}}, "FFC_sans_bias13": {"write": {"device_start": -1, "host_queued_start": 1585586018.975177, "device_queued": -1, "device_end": -1, "host_queued_end": 1585586018.982577}, "device": "gpu", "nd_range": {"device_start": 1585585953.588017, "device_end": 1585585953.5886338}, "cmdq": 0, "read": {"device_start": -1, "device_end": -1}}, "empty8": {"write": {"device_start": -1, "host_queued_start": 1585586018.98416, "device_queued": -1, "device_end": -1, "host_queued_end": 1585586018.990462}, "device": "cpu", "nd_range": {"device_start": 2253793.180037357, "device_end": 2253793.180047391}, "cmdq": 0, "read": {"device_start": -1, "device_end": -1}}, "FFC_sans_bias42": {"write": {"device_start": -1, "host_queued_start": 1585586018.978334, "device_queued": -1, "device_end": -1, "host_queued_end": 1585586018.982577}, "device": "gpu", "nd_range": {"device_start": 1585585953.5912545, "device_end": 1585585953.5920439}, "cmdq": 3, "read": {"device_start": -1, "device_end": -1}}, "FFC_sans_bias43": {"write": {"device_start": 1585585953.5921195, "host_queued_start": 1585586018.982475, "device_queued": 1585585953.5844612, "device_end": 1585585953.592144, "host_queued_end": 1585586018.982577}, "device": "gpu", "nd_range": {"device_start": 1585585953.5921493, "device_end": 1585585953.5939744}, "cmdq": 3, "read": {"device_start": 1585585953.593978, "device_end": 1585585953.5940006}}, "FFC_sans_bias40": {"write": {"device_start": -1, "host_queued_start": 1585586018.976112, "device_queued": -1, "device_end": -1, "host_queued_end": 1585586018.982577}, "device": "gpu", "nd_range": {"device_start": 1585585953.5894492, "device_end": 1585585953.5900638}, "cmdq": 3, "read": {"device_start": -1, "device_end": -1}}, "softmax32": {"write": {"device_start": -1, "host_queued_start": 1585586018.976849, "device_queued": -1, "device_end": -1, "host_queued_end": 1585586018.982577}, "device": "gpu", "nd_range": {"device_start": 1585585953.5896215, "device_end": 1585585953.5902345}, "cmdq": 2, "read": {"device_start": -1, "device_end": -1}}, "FFC_sans_bias33": {"write": {"device_start": -1, "host_queued_start": 1585586018.978019, "device_queued": -1, "device_end": -1, "host_queued_end": 1585586018.982577}, "device": "gpu", "nd_range": {"device_start": 1585585953.5902355, "device_end": 1585585953.5915523}, "cmdq": 2, "read": {"device_start": -1, "device_end": -1}}, "FFC_sans_bias24": {"write": {"device_start": -1, "host_queued_start": 1585586018.977709, "device_queued": -1, "device_end": -1, "host_queued_end": 1585586018.982577}, "device": "gpu", "nd_range": {"device_start": 1585585953.5898242, "device_end": 1585585953.59105}, "cmdq": 1, "read": {"device_start": -1, "device_end": -1}}, "FFC_sans_bias25": {"write": {"device_start": 1585585953.591307, "host_queued_start": 1585586018.980382, "device_queued": 1585585953.584259, "device_end": 1585585953.591333, "host_queued_end": 1585586018.982577}, "device": "gpu", "nd_range": {"device_start": 1585585953.591338, "device_end": 1585585953.593016}, "cmdq": 1, "read": {"device_start": 1585585953.5930238, "device_end": 1585585953.5930464}}, "FFC_sans_bias27": {"write": {"device_start": 1585585953.5839322, "host_queued_start": 1585586018.968222, "device_queued": 1585585953.5826256, "device_end": 1585585953.5839632, "host_queued_end": 1585586018.982577}, "device": "gpu", "nd_range": {"device_start": 1585585953.5839686, "device_end": 1585585953.5857174}, "cmdq": 2, "read": {"device_start": -1, "device_end": -1}}, "FFC_sans_bias20": {"write": {"device_start": 1585585953.5833695, "host_queued_start": 1585586018.967187, "device_queued": 1585585953.5826037, "device_end": 1585585953.583399, "host_queued_end": 1585586018.982577}, "device": "gpu", "nd_range": {"device_start": 1585585953.5834043, "device_end": 1585585953.585213}, "cmdq": 1, "read": {"device_start": -1, "device_end": -1}}, "FFC_sans_bias22": {"write": {"device_start": -1, "host_queued_start": 1585586018.975488, "device_queued": -1, "device_end": -1, "host_queued_end": 1585586018.982577}, "device": "gpu", "nd_range": {"device_start": 1585585953.5880358, "device_end": 1585585953.5890634}, "cmdq": 1, "read": {"device_start": -1, "device_end": -1}}, "softmax5": {"write": {"device_start": -1, "host_queued_start": 1585586018.98901, "device_queued": -1, "device_end": -1, "host_queued_end": 1585586018.990462}, "device": "cpu", "nd_range": {"device_start": 2253793.1999258744, "device_end": 2253793.200201666}, "cmdq": 0, "read": {"device_start": -1, "device_end": -1}}, "FFC_sans_bias28": {"write": {"device_start": 1585585953.584312, "host_queued_start": 1585586018.969246, "device_queued": 1585585953.5827396, "device_end": 1585585953.5843437, "host_queued_end": 1585586018.982577}, "device": "gpu", "nd_range": {"device_start": 1585585953.5843494, "device_end": 1585585953.5862079}, "cmdq": 3, "read": {"device_start": -1, "device_end": -1}}, "FFC_sans_bias29": {"write": {"device_start": 1585585953.5848925, "host_queued_start": 1585586018.970277, "device_queued": 1585585953.5829694, "device_end": 1585585953.5849245, "host_queued_end": 1585586018.982577}, "device": "gpu", "nd_range": {"device_start": 1585585953.5849326, "device_end": 1585585953.5866814}, "cmdq": 0, "read": {"device_start": -1, "device_end": -1}}, "empty17": {"write": {"device_start": 1585585953.5817156, "host_queued_start": 1585586018.958192, "device_queued": 1585585953.581585, "device_end": 1585585953.5817683, "host_queued_end": 1585586018.982577}, "device": "gpu", "nd_range": {"device_start": 1585585953.5817726, "device_end": 1585585953.5817776}, "cmdq": 0, "read": {"device_start": -1, "device_end": -1}}, "empty35": {"write": {"device_start": 1585585953.581953, "host_queued_start": 1585586018.960108, "device_queued": 1585585953.5817277, "device_end": 1585585953.5820243, "host_queued_end": 1585586018.982577}, "device": "gpu", "nd_range": {"device_start": 1585585953.5820286, "device_end": 1585585953.5820355}, "cmdq": 2, "read": {"device_start": -1, "device_end": -1}}}