{"FFC_sans_bias4": {"write": {"device_start": -1, "host_queued_start": 1585585891.690767, "device_queued": -1, "device_end": -1, "host_queued_end": 1585585891.694425}, "device": "cpu", "nd_range": {"device_start": 2253665.914305774, "device_end": 2253665.920018687}, "cmdq": 2, "read": {"device_start": -1, "device_end": -1}}, "FFC_sans_bias7": {"write": {"device_start": -1, "host_queued_start": 1585585891.693392, "device_queued": -1, "device_end": -1, "host_queued_end": 1585585891.694425}, "device": "cpu", "nd_range": {"device_start": 2253665.938453838, "device_end": 2253665.942736472}, "cmdq": 0, "read": {"device_start": -1, "device_end": -1}}, "FFC_sans_bias6": {"write": {"device_start": -1, "host_queued_start": 1585585891.692026, "device_queued": -1, "device_end": -1, "host_queued_end": 1585585891.694425}, "device": "cpu", "nd_range": {"device_start": 2253665.9260955104, "device_end": 2253665.938436686}, "cmdq": 2, "read": {"device_start": -1, "device_end": -1}}, "FFC_sans_bias1": {"write": {"device_start": -1, "host_queued_start": 1585585891.68527, "device_queued": -1, "device_end": -1, "host_queued_end": 1585585891.694425}, "device": "cpu", "nd_range": {"device_start": 2253665.884135159, "device_end": 2253665.8993546623}, "cmdq": 3, "read": {"device_start": -1, "device_end": -1}}, "FFC_sans_bias0": {"write": {"device_start": -1, "host_queued_start": 1585585891.684048, "device_queued": -1, "device_end": -1, "host_queued_end": 1585585891.694425}, "device": "cpu", "nd_range": {"device_start": 2253665.884035341, "device_end": 2253665.899347166}, "cmdq": 2, "read": {"device_start": -1, "device_end": -1}}, "FFC_sans_bias2": {"write": {"device_start": -1, "host_queued_start": 1585585891.686401, "device_queued": -1, "device_end": -1, "host_queued_end": 1585585891.694425}, "device": "cpu", "nd_range": {"device_start": 2253665.88404501, "device_end": 2253665.899402949}, "cmdq": 0, "read": {"device_start": -1, "device_end": -1}}, "FFC_sans_bias9": {"write": {"device_start": -1, "host_queued_start": 1585585891.687468, "device_queued": -1, "device_end": -1, "host_queued_end": 1585585891.694425}, "device": "cpu", "nd_range": {"device_start": 2253665.884041973, "device_end": 2253665.901018374}, "cmdq": 1, "read": {"device_start": -1, "device_end": -1}}, "coalesced_transpose39": {"write": {"device_start": -1, "host_queued_start": 1585585891.674722, "device_queued": -1, "device_end": -1, "host_queued_end": 1585585891.68064}, "device": "gpu", "nd_range": {"device_start": 1585585826.2879, "device_end": 1585585826.2879212}, "cmdq": 0, "read": {"device_start": -1, "device_end": -1}}, "softmax23": {"write": {"device_start": -1, "host_queued_start": 1585585891.675933, "device_queued": -1, "device_end": -1, "host_queued_end": 1585585891.68064}, "device": "gpu", "nd_range": {"device_start": 1585585826.2890308, "device_end": 1585585826.2896125}, "cmdq": 0, "read": {"device_start": -1, "device_end": -1}}, "FFC_sans_bias37": {"write": {"device_start": 1585585826.2866757, "host_queued_start": 1585585891.672572, "device_queued": 1585585826.2841358, "device_end": 1585585826.2867084, "host_queued_end": 1585585891.68064}, "device": "gpu", "nd_range": {"device_start": 1585585826.2867131, "device_end": 1585585826.2875693}, "cmdq": 0, "read": {"device_start": -1, "device_end": -1}}, "softmax41": {"write": {"device_start": -1, "host_queued_start": 1585585891.676416, "device_queued": -1, "device_end": -1, "host_queued_end": 1585585891.68064}, "device": "gpu", "nd_range": {"device_start": 1585585826.2896173, "device_end": 1585585826.2898226}, "cmdq": 0, "read": {"device_start": -1, "device_end": -1}}, "FFC_sans_bias11": {"write": {"device_start": -1, "host_queued_start": 1585585891.689634, "device_queued": -1, "device_end": -1, "host_queued_end": 1585585891.694425}, "device": "cpu", "nd_range": {"device_start": 2253665.8993918602, "device_end": 2253665.906238872}, "cmdq": 3, "read": {"device_start": -1, "device_end": -1}}, "FFC_sans_bias10": {"write": {"device_start": -1, "host_queued_start": 1585585891.688506, "device_queued": -1, "device_end": -1, "host_queued_end": 1585585891.694425}, "device": "cpu", "nd_range": {"device_start": 2253665.903238946, "device_end": 2253665.914284206}, "cmdq": 2, "read": {"device_start": -1, "device_end": -1}}, "coalesced_transpose3": {"write": {"device_start": -1, "host_queued_start": 1585585891.689988, "device_queued": -1, "device_end": -1, "host_queued_end": 1585585891.694425}, "device": "cpu", "nd_range": {"device_start": 2253665.89942365, "device_end": 2253665.89965865}, "cmdq": 0, "read": {"device_start": -1, "device_end": -1}}, "FFC_sans_bias34": {"write": {"device_start": 1585585826.2914946, "host_queued_start": 1585585891.67949, "device_queued": 1585585826.284969, "device_end": 1585585826.2915246, "host_queued_end": 1585585891.68064}, "device": "gpu", "nd_range": {"device_start": 1585585826.2915318, "device_end": 1585585826.2923396}, "cmdq": 1, "read": {"device_start": 1585585826.2923408, "device_end": 1585585826.2923708}}, "FFC_sans_bias15": {"write": {"device_start": -1, "host_queued_start": 1585585891.692359, "device_queued": -1, "device_end": -1, "host_queued_end": 1585585891.694425}, "device": "cpu", "nd_range": {"device_start": 2253665.923173785, "device_end": 2253665.93084246}, "cmdq": 3, "read": {"device_start": -1, "device_end": -1}}, "FFC_sans_bias31": {"write": {"device_start": -1, "host_queued_start": 1585585891.675359, "device_queued": -1, "device_end": -1, "host_queued_end": 1585585891.68064}, "device": "gpu", "nd_range": {"device_start": 1585585826.288019, "device_end": 1585585826.289025}, "cmdq": 0, "read": {"device_start": -1, "device_end": -1}}, "FFC_sans_bias16": {"write": {"device_start": -1, "host_queued_start": 1585585891.694381, "device_queued": -1, "device_end": -1, "host_queued_end": 1585585891.694425}, "device": "cpu", "nd_range": {"device_start": 2253665.93085086, "device_end": 2253665.939410747}, "cmdq": 1, "read": {"device_start": -1, "device_end": -1}}, "FFC_sans_bias19": {"write": {"device_start": 1585585826.2836354, "host_queued_start": 1585585891.666305, "device_queued": 1585585826.283554, "device_end": 1585585826.2836652, "host_queued_end": 1585585891.68064}, "device": "gpu", "nd_range": {"device_start": 1585585826.2836685, "device_end": 1585585826.2845783}, "cmdq": 0, "read": {"device_start": -1, "device_end": -1}}, "FFC_sans_bias18": {"write": {"device_start": 1585585826.2835374, "host_queued_start": 1585585891.665271, "device_queued": 1585585826.2832744, "device_end": 1585585826.2835631, "host_queued_end": 1585585891.68064}, "device": "gpu", "nd_range": {"device_start": 1585585826.283567, "device_end": 1585585826.2841675}, "cmdq": 1, "read": {"device_start": -1, "device_end": -1}}, "coalesced_transpose30": {"write": {"device_start": -1, "host_queued_start": 1585585891.674223, "device_queued": -1, "device_end": -1, "host_queued_end": 1585585891.68064}, "device": "gpu", "nd_range": {"device_start": 1585585826.287996, "device_end": 1585585826.288006}, "cmdq": 1, "read": {"device_start": -1, "device_end": -1}}, "FFC_sans_bias38": {"write": {"device_start": 1585585826.2871578, "host_queued_start": 1585585891.673601, "device_queued": 1585585826.2842126, "device_end": 1585585826.2871888, "host_queued_end": 1585585891.68064}, "device": "gpu", "nd_range": {"device_start": 1585585826.2871954, "device_end": 1585585826.2879949}, "cmdq": 1, "read": {"device_start": -1, "device_end": -1}}, "empty26": {"write": {"device_start": 1585585826.283243, "host_queued_start": 1585585891.6624, "device_queued": 1585585826.2830982, "device_end": 1585585826.283309, "host_queued_end": 1585585891.68064}, "device": "gpu", "nd_range": {"device_start": 1585585826.283321, "device_end": 1585585826.2833266}, "cmdq": 0, "read": {"device_start": -1, "device_end": -1}}, "coalesced_transpose12": {"write": {"device_start": -1, "host_queued_start": 1585585891.690356, "device_queued": -1, "device_end": -1, "host_queued_end": 1585585891.694425}, "device": "cpu", "nd_range": {"device_start": 2253665.914292063, "device_end": 2253665.915394041}, "cmdq": 1, "read": {"device_start": -1, "device_end": -1}}, "empty44": {"write": {"device_start": 1585585826.2834406, "host_queued_start": 1585585891.664311, "device_queued": 1585585826.2832396, "device_end": 1585585826.2834997, "host_queued_end": 1585585891.68064}, "device": "gpu", "nd_range": {"device_start": 1585585826.2835033, "device_end": 1585585826.2835076}, "cmdq": 0, "read": {"device_start": -1, "device_end": -1}}, "coalesced_transpose21": {"write": {"device_start": -1, "host_queued_start": 1585585891.673923, "device_queued": -1, "device_end": -1, "host_queued_end": 1585585891.68064}, "device": "gpu", "nd_range": {"device_start": 1585585826.2875705, "device_end": 1585585826.2878988}, "cmdq": 0, "read": {"device_start": -1, "device_end": -1}}, "FFC_sans_bias36": {"write": {"device_start": 1585585826.2861912, "host_queued_start": 1585585891.671541, "device_queued": 1585585826.2839675, "device_end": 1585585826.286224, "host_queued_end": 1585585891.68064}, "device": "gpu", "nd_range": {"device_start": 1585585826.2862294, "device_end": 1585585826.2870548}, "cmdq": 1, "read": {"device_start": -1, "device_end": -1}}, "softmax14": {"write": {"device_start": -1, "host_queued_start": 1585585891.691693, "device_queued": -1, "device_end": -1, "host_queued_end": 1585585891.694425}, "device": "cpu", "nd_range": {"device_start": 2253665.92292865, "device_end": 2253665.923028498}, "cmdq": 1, "read": {"device_start": -1, "device_end": -1}}, "FFC_sans_bias13": {"write": {"device_start": -1, "host_queued_start": 1585585891.691147, "device_queued": -1, "device_end": -1, "host_queued_end": 1585585891.694425}, "device": "cpu", "nd_range": {"device_start": 2253665.916351755, "device_end": 2253665.9227927523}, "cmdq": 3, "read": {"device_start": -1, "device_end": -1}}, "empty8": {"write": {"device_start": -1, "host_queued_start": 1585585891.681982, "device_queued": -1, "device_end": -1, "host_queued_end": 1585585891.694425}, "device": "cpu", "nd_range": {"device_start": 2253665.884016477, "device_end": 2253665.884024469}, "cmdq": 0, "read": {"device_start": -1, "device_end": -1}}, "FFC_sans_bias42": {"write": {"device_start": -1, "host_queued_start": 1585585891.677353, "device_queued": -1, "device_end": -1, "host_queued_end": 1585585891.68064}, "device": "gpu", "nd_range": {"device_start": 1585585826.290408, "device_end": 1585585826.2913845}, "cmdq": 1, "read": {"device_start": -1, "device_end": -1}}, "FFC_sans_bias43": {"write": {"device_start": 1585585826.29203, "host_queued_start": 1585585891.680532, "device_queued": 1585585826.2851386, "device_end": 1585585826.2920663, "host_queued_end": 1585585891.68064}, "device": "gpu", "nd_range": {"device_start": 1585585826.292074, "device_end": 1585585826.292774}, "cmdq": 0, "read": {"device_start": 1585585826.2927792, "device_end": 1585585826.2928073}}, "FFC_sans_bias40": {"write": {"device_start": -1, "host_queued_start": 1585585891.675678, "device_queued": -1, "device_end": -1, "host_queued_end": 1585585891.68064}, "device": "gpu", "nd_range": {"device_start": 1585585826.2886255, "device_end": 1585585826.2895865}, "cmdq": 1, "read": {"device_start": -1, "device_end": -1}}, "softmax32": {"write": {"device_start": -1, "host_queued_start": 1585585891.676173, "device_queued": -1, "device_end": -1, "host_queued_end": 1585585891.68064}, "device": "gpu", "nd_range": {"device_start": 1585585826.2895908, "device_end": 1585585826.289792}, "cmdq": 1, "read": {"device_start": -1, "device_end": -1}}, "FFC_sans_bias33": {"write": {"device_start": -1, "host_queued_start": 1585585891.677044, "device_queued": -1, "device_end": -1, "host_queued_end": 1585585891.68064}, "device": "gpu", "nd_range": {"device_start": 1585585826.2898273, "device_end": 1585585826.2908149}, "cmdq": 0, "read": {"device_start": -1, "device_end": -1}}, "FFC_sans_bias24": {"write": {"device_start": -1, "host_queued_start": 1585585891.676721, "device_queued": -1, "device_end": -1, "host_queued_end": 1585585891.68064}, "device": "gpu", "nd_range": {"device_start": 1585585826.2897966, "device_end": 1585585826.290403}, "cmdq": 1, "read": {"device_start": -1, "device_end": -1}}, "FFC_sans_bias25": {"write": {"device_start": 1585585826.2909272, "host_queued_start": 1585585891.678392, "device_queued": 1585585826.2849376, "device_end": 1585585826.2909534, "host_queued_end": 1585585891.68064}, "device": "gpu", "nd_range": {"device_start": 1585585826.29096, "device_end": 1585585826.2918026}, "cmdq": 0, "read": {"device_start": 1585585826.2918088, "device_end": 1585585826.2918334}}, "FFC_sans_bias27": {"write": {"device_start": 1585585826.2846706, "host_queued_start": 1585585891.668414, "device_queued": 1585585826.2837384, "device_end": 1585585826.2846959, "host_queued_end": 1585585891.68064}, "device": "gpu", "nd_range": {"device_start": 1585585826.2846982, "device_end": 1585585826.2855763}, "cmdq": 0, "read": {"device_start": -1, "device_end": -1}}, "FFC_sans_bias20": {"write": {"device_start": 1585585826.2842867, "host_queued_start": 1585585891.667382, "device_queued": 1585585826.2835922, "device_end": 1585585826.2843177, "host_queued_end": 1585585891.68064}, "device": "gpu", "nd_range": {"device_start": 1585585826.2843206, "device_end": 1585585826.2851431}, "cmdq": 1, "read": {"device_start": -1, "device_end": -1}}, "FFC_sans_bias22": {"write": {"device_start": -1, "host_queued_start": 1585585891.675042, "device_queued": -1, "device_end": -1, "host_queued_end": 1585585891.68064}, "device": "gpu", "nd_range": {"device_start": 1585585826.2880113, "device_end": 1585585826.2886202}, "cmdq": 1, "read": {"device_start": -1, "device_end": -1}}, "softmax5": {"write": {"device_start": -1, "host_queued_start": 1585585891.691422, "device_queued": -1, "device_end": -1, "host_queued_end": 1585585891.694425}, "device": "cpu", "nd_range": {"device_start": 2253665.925881506, "device_end": 2253665.926087522}, "cmdq": 0, "read": {"device_start": -1, "device_end": -1}}, "FFC_sans_bias28": {"write": {"device_start": 1585585826.2852263, "host_queued_start": 1585585891.66944, "device_queued": 1585585826.2837782, "device_end": 1585585826.2852592, "host_queued_end": 1585585891.68064}, "device": "gpu", "nd_range": {"device_start": 1585585826.2852633, "device_end": 1585585826.286087}, "cmdq": 1, "read": {"device_start": -1, "device_end": -1}}, "FFC_sans_bias29": {"write": {"device_start": 1585585826.2856703, "host_queued_start": 1585585891.670483, "device_queued": 1585585826.2839274, "device_end": 1585585826.285699, "host_queued_end": 1585585891.68064}, "device": "gpu", "nd_range": {"device_start": 1585585826.2857018, "device_end": 1585585826.2865741}, "cmdq": 0, "read": {"device_start": -1, "device_end": -1}}, "empty17": {"write": {"device_start": -1, "host_queued_start": 1585585891.683007, "device_queued": -1, "device_end": -1, "host_queued_end": 1585585891.694425}, "device": "cpu", "nd_range": {"device_start": 2253665.884016476, "device_end": 2253665.8840244464}, "cmdq": 1, "read": {"device_start": -1, "device_end": -1}}, "empty35": {"write": {"device_start": 1585585826.2833452, "host_queued_start": 1585585891.663469, "device_queued": 1585585826.2831984, "device_end": 1585585826.2834282, "host_queued_end": 1585585891.68064}, "device": "gpu", "nd_range": {"device_start": 1585585826.2834342, "device_end": 1585585826.2834384}, "cmdq": 1, "read": {"device_start": -1, "device_end": -1}}}