{"FFC_sans_bias4": {"write": {"device_start": -1, "host_queued_start": 1585586140.734514, "device_queued": -1, "device_end": -1, "host_queued_end": 1585586140.742159}, "device": "cpu", "nd_range": {"device_start": 2253915.014913104, "device_end": 2253915.03345994}, "cmdq": 0, "read": {"device_start": -1, "device_end": -1}}, "FFC_sans_bias7": {"write": {"device_start": -1, "host_queued_start": 1585586140.739088, "device_queued": -1, "device_end": -1, "host_queued_end": 1585586140.742159}, "device": "cpu", "nd_range": {"device_start": 2253915.041526479, "device_end": 2253915.049205394}, "cmdq": 0, "read": {"device_start": -1, "device_end": -1}}, "FFC_sans_bias6": {"write": {"device_start": -1, "host_queued_start": 1585586140.737012, "device_queued": -1, "device_end": -1, "host_queued_end": 1585586140.742159}, "device": "cpu", "nd_range": {"device_start": 2253915.033577998, "device_end": 2253915.0415209313}, "cmdq": 0, "read": {"device_start": -1, "device_end": -1}}, "FFC_sans_bias1": {"write": {"device_start": -1, "host_queued_start": 1585586140.722245, "device_queued": -1, "device_end": -1, "host_queued_end": 1585586140.742159}, "device": "cpu", "nd_range": {"device_start": 2253914.931785846, "device_end": 2253914.9473530753}, "cmdq": 1, "read": {"device_start": -1, "device_end": -1}}, "FFC_sans_bias0": {"write": {"device_start": -1, "host_queued_start": 1585586140.721202, "device_queued": -1, "device_end": -1, "host_queued_end": 1585586140.742159}, "device": "cpu", "nd_range": {"device_start": 2253914.9317849004, "device_end": 2253914.9473367343}, "cmdq": 0, "read": {"device_start": -1, "device_end": -1}}, "FFC_sans_bias2": {"write": {"device_start": -1, "host_queued_start": 1585586140.723334, "device_queued": -1, "device_end": -1, "host_queued_end": 1585586140.742159}, "device": "cpu", "nd_range": {"device_start": 2253914.931836857, "device_end": 2253914.94706217}, "cmdq": 2, "read": {"device_start": -1, "device_end": -1}}, "FFC_sans_bias9": {"write": {"device_start": -1, "host_queued_start": 1585586140.724381, "device_queued": -1, "device_end": -1, "host_queued_end": 1585586140.742159}, "device": "cpu", "nd_range": {"device_start": 2253914.931986555, "device_end": 2253914.959627966}, "cmdq": 3, "read": {"device_start": -1, "device_end": -1}}, "coalesced_transpose39": {"write": {"device_start": -1, "host_queued_start": 1585586140.714075, "device_queued": -1, "device_end": -1, "host_queued_end": 1585586140.716181}, "device": "gpu", "nd_range": {"device_start": 1585586075.313286, "device_end": 1585586075.3136857}, "cmdq": 4, "read": {"device_start": -1, "device_end": -1}}, "softmax23": {"write": {"device_start": -1, "host_queued_start": 1585586140.736401, "device_queued": -1, "device_end": -1, "host_queued_end": 1585586140.742159}, "device": "cpu", "nd_range": {"device_start": 2253914.9936899063, "device_end": 2253914.993905908}, "cmdq": 2, "read": {"device_start": -1, "device_end": -1}}, "FFC_sans_bias37": {"write": {"device_start": 1585586075.3122623, "host_queued_start": 1585586140.712648, "device_queued": 1585586075.3120084, "device_end": 1585586075.3123276, "host_queued_end": 1585586140.716181}, "device": "gpu", "nd_range": {"device_start": 1585586075.312332, "device_end": 1585586075.3132808}, "cmdq": 2, "read": {"device_start": -1, "device_end": -1}}, "softmax41": {"write": {"device_start": -1, "host_queued_start": 1585586140.714738, "device_queued": -1, "device_end": -1, "host_queued_end": 1585586140.716181}, "device": "gpu", "nd_range": {"device_start": 1585586075.3143673, "device_end": 1585586075.3145597}, "cmdq": 1, "read": {"device_start": -1, "device_end": -1}}, "FFC_sans_bias11": {"write": {"device_start": -1, "host_queued_start": 1585586140.726479, "device_queued": -1, "device_end": -1, "host_queued_end": 1585586140.742159}, "device": "cpu", "nd_range": {"device_start": 2253914.947374133, "device_end": 2253914.964284893}, "cmdq": 1, "read": {"device_start": -1, "device_end": -1}}, "FFC_sans_bias10": {"write": {"device_start": -1, "host_queued_start": 1585586140.72543, "device_queued": -1, "device_end": -1, "host_queued_end": 1585586140.742159}, "device": "cpu", "nd_range": {"device_start": 2253914.9503801013, "device_end": 2253914.975184026}, "cmdq": 0, "read": {"device_start": -1, "device_end": -1}}, "coalesced_transpose3": {"write": {"device_start": -1, "host_queued_start": 1585586140.733171, "device_queued": -1, "device_end": -1, "host_queued_end": 1585586140.742159}, "device": "cpu", "nd_range": {"device_start": 2253915.0137038613, "device_end": 2253915.014906613}, "cmdq": 0, "read": {"device_start": -1, "device_end": -1}}, "FFC_sans_bias34": {"write": {"device_start": -1, "host_queued_start": 1585586140.742113, "device_queued": -1, "device_end": -1, "host_queued_end": 1585586140.742159}, "device": "cpu", "nd_range": {"device_start": 2253915.019416723, "device_end": 2253915.0312805353}, "cmdq": 3, "read": {"device_start": -1, "device_end": -1}}, "FFC_sans_bias15": {"write": {"device_start": -1, "host_queued_start": 1585586140.737357, "device_queued": -1, "device_end": -1, "host_queued_end": 1585586140.742159}, "device": "cpu", "nd_range": {"device_start": 2253915.0044893404, "device_end": 2253915.0192896402}, "cmdq": 1, "read": {"device_start": -1, "device_end": -1}}, "FFC_sans_bias31": {"write": {"device_start": -1, "host_queued_start": 1585586140.735573, "device_queued": -1, "device_end": -1, "host_queued_end": 1585586140.742159}, "device": "cpu", "nd_range": {"device_start": 2253914.988360616, "device_end": 2253915.003660987}, "cmdq": 3, "read": {"device_start": -1, "device_end": -1}}, "FFC_sans_bias16": {"write": {"device_start": -1, "host_queued_start": 1585586140.740096, "device_queued": -1, "device_end": -1, "host_queued_end": 1585586140.742159}, "device": "cpu", "nd_range": {"device_start": 2253915.019301122, "device_end": 2253915.0310910633}, "cmdq": 1, "read": {"device_start": -1, "device_end": -1}}, "FFC_sans_bias19": {"write": {"device_start": -1, "host_queued_start": 1585586140.728591, "device_queued": -1, "device_end": -1, "host_queued_end": 1585586140.742159}, "device": "cpu", "nd_range": {"device_start": 2253914.9597533713, "device_end": 2253914.9749415494}, "cmdq": 3, "read": {"device_start": -1, "device_end": -1}}, "FFC_sans_bias18": {"write": {"device_start": -1, "host_queued_start": 1585586140.727532, "device_queued": -1, "device_end": -1, "host_queued_end": 1585586140.742159}, "device": "cpu", "nd_range": {"device_start": 2253914.947196987, "device_end": 2253914.962423392}, "cmdq": 2, "read": {"device_start": -1, "device_end": -1}}, "coalesced_transpose30": {"write": {"device_start": -1, "host_queued_start": 1585586140.734167, "device_queued": -1, "device_end": -1, "host_queued_end": 1585586140.742159}, "device": "cpu", "nd_range": {"device_start": 2253914.987993049, "device_end": 2253914.988247698}, "cmdq": 3, "read": {"device_start": -1, "device_end": -1}}, "FFC_sans_bias38": {"write": {"device_start": 1585586075.312349, "host_queued_start": 1585586140.713723, "device_queued": 1585586075.312024, "device_end": 1585586075.3123786, "host_queued_end": 1585586140.716181}, "device": "gpu", "nd_range": {"device_start": 1585586075.312382, "device_end": 1585586075.3137584}, "cmdq": 3, "read": {"device_start": -1, "device_end": -1}}, "empty26": {"write": {"device_start": -1, "host_queued_start": 1585586140.719202, "device_queued": -1, "device_end": -1, "host_queued_end": 1585586140.742159}, "device": "cpu", "nd_range": {"device_start": 2253914.93181688, "device_end": 2253914.9318212243}, "cmdq": 2, "read": {"device_start": -1, "device_end": -1}}, "coalesced_transpose12": {"write": {"device_start": -1, "host_queued_start": 1585586140.733505, "device_queued": -1, "device_end": -1, "host_queued_end": 1585586140.742159}, "device": "cpu", "nd_range": {"device_start": 2253914.987855379, "device_end": 2253914.988113083}, "cmdq": 1, "read": {"device_start": -1, "device_end": -1}}, "empty44": {"write": {"device_start": 1585586075.3120549, "host_queued_start": 1585586140.710337, "device_queued": 1585586075.3119195, "device_end": 1585586075.3121126, "host_queued_end": 1585586140.716181}, "device": "gpu", "nd_range": {"device_start": 1585586075.3121204, "device_end": 1585586075.3121312}, "cmdq": 0, "read": {"device_start": -1, "device_end": -1}}, "coalesced_transpose21": {"write": {"device_start": -1, "host_queued_start": 1585586140.733837, "device_queued": -1, "device_end": -1, "host_queued_end": 1585586140.742159}, "device": "cpu", "nd_range": {"device_start": 2253914.97790098, "device_end": 2253914.978140891}, "cmdq": 2, "read": {"device_start": -1, "device_end": -1}}, "FFC_sans_bias36": {"write": {"device_start": 1585586075.312153, "host_queued_start": 1585586140.711574, "device_queued": 1585586075.3119912, "device_end": 1585586075.3122199, "host_queued_end": 1585586140.716181}, "device": "gpu", "nd_range": {"device_start": 1585586075.312254, "device_end": 1585586075.312878}, "cmdq": 1, "read": {"device_start": -1, "device_end": -1}}, "softmax14": {"write": {"device_start": -1, "host_queued_start": 1585586140.736127, "device_queued": -1, "device_end": -1, "host_queued_end": 1585586140.742159}, "device": "cpu", "nd_range": {"device_start": 2253915.0040521123, "device_end": 2253915.004382883}, "cmdq": 1, "read": {"device_start": -1, "device_end": -1}}, "FFC_sans_bias13": {"write": {"device_start": -1, "host_queued_start": 1585586140.734887, "device_queued": -1, "device_end": -1, "host_queued_end": 1585586140.742159}, "device": "cpu", "nd_range": {"device_start": 2253914.9882389703, "device_end": 2253915.0040334263}, "cmdq": 1, "read": {"device_start": -1, "device_end": -1}}, "empty8": {"write": {"device_start": -1, "host_queued_start": 1585586140.717455, "device_queued": -1, "device_end": -1, "host_queued_end": 1585586140.742159}, "device": "cpu", "nd_range": {"device_start": 2253914.931753302, "device_end": 2253914.931765162}, "cmdq": 0, "read": {"device_start": -1, "device_end": -1}}, "FFC_sans_bias42": {"write": {"device_start": -1, "host_queued_start": 1585586140.715052, "device_queued": -1, "device_end": -1, "host_queued_end": 1585586140.716181}, "device": "gpu", "nd_range": {"device_start": 1585586075.3145661, "device_end": 1585586075.3151557}, "cmdq": 2, "read": {"device_start": -1, "device_end": -1}}, "FFC_sans_bias43": {"write": {"device_start": 1585586075.3138673, "host_queued_start": 1585586140.716072, "device_queued": 1585586075.312468, "device_end": 1585586075.3138971, "host_queued_end": 1585586140.716181}, "device": "gpu", "nd_range": {"device_start": 1585586075.3151596, "device_end": 1585586075.3157513}, "cmdq": 3, "read": {"device_start": 1585586075.31576, "device_end": 1585586075.3157825}}, "FFC_sans_bias40": {"write": {"device_start": -1, "host_queued_start": 1585586140.714424, "device_queued": -1, "device_end": -1, "host_queued_end": 1585586140.716181}, "device": "gpu", "nd_range": {"device_start": 1585586075.3137608, "device_end": 1585586075.3143587}, "cmdq": 0, "read": {"device_start": -1, "device_end": -1}}, "softmax32": {"write": {"device_start": -1, "host_queued_start": 1585586140.736674, "device_queued": -1, "device_end": -1, "host_queued_end": 1585586140.742159}, "device": "cpu", "nd_range": {"device_start": 2253915.003780871, "device_end": 2253915.0039881333}, "cmdq": 3, "read": {"device_start": -1, "device_end": -1}}, "FFC_sans_bias33": {"write": {"device_start": -1, "host_queued_start": 1585586140.738039, "device_queued": -1, "device_end": -1, "host_queued_end": 1585586140.742159}, "device": "cpu", "nd_range": {"device_start": 2253915.0041168514, "device_end": 2253915.019407997}, "cmdq": 3, "read": {"device_start": -1, "device_end": -1}}, "FFC_sans_bias24": {"write": {"device_start": -1, "host_queued_start": 1585586140.737699, "device_queued": -1, "device_end": -1, "host_queued_end": 1585586140.742159}, "device": "cpu", "nd_range": {"device_start": 2253914.994015453, "device_end": 2253915.003520545}, "cmdq": 2, "read": {"device_start": -1, "device_end": -1}}, "FFC_sans_bias25": {"write": {"device_start": -1, "host_queued_start": 1585586140.741117, "device_queued": -1, "device_end": -1, "host_queued_end": 1585586140.742159}, "device": "cpu", "nd_range": {"device_start": 2253915.0036408543, "device_end": 2253915.0202588043}, "cmdq": 2, "read": {"device_start": -1, "device_end": -1}}, "FFC_sans_bias27": {"write": {"device_start": -1, "host_queued_start": 1585586140.730731, "device_queued": -1, "device_end": -1, "host_queued_end": 1585586140.742159}, "device": "cpu", "nd_range": {"device_start": 2253914.9644067013, "device_end": 2253914.979890253}, "cmdq": 1, "read": {"device_start": -1, "device_end": -1}}, "FFC_sans_bias20": {"write": {"device_start": -1, "host_queued_start": 1585586140.72965, "device_queued": -1, "device_end": -1, "host_queued_end": 1585586140.742159}, "device": "cpu", "nd_range": {"device_start": 2253914.980860855, "device_end": 2253915.0136948493}, "cmdq": 0, "read": {"device_start": -1, "device_end": -1}}, "FFC_sans_bias22": {"write": {"device_start": -1, "host_queued_start": 1585586140.735233, "device_queued": -1, "device_end": -1, "host_queued_end": 1585586140.742159}, "device": "cpu", "nd_range": {"device_start": 2253914.9782520123, "device_end": 2253914.9935754472}, "cmdq": 2, "read": {"device_start": -1, "device_end": -1}}, "softmax5": {"write": {"device_start": -1, "host_queued_start": 1585586140.735852, "device_queued": -1, "device_end": -1, "host_queued_end": 1585586140.742159}, "device": "cpu", "nd_range": {"device_start": 2253915.033477833, "device_end": 2253915.033572764}, "cmdq": 0, "read": {"device_start": -1, "device_end": -1}}, "FFC_sans_bias28": {"write": {"device_start": -1, "host_queued_start": 1585586140.731777, "device_queued": -1, "device_end": -1, "host_queued_end": 1585586140.742159}, "device": "cpu", "nd_range": {"device_start": 2253914.962541453, "device_end": 2253914.9777771863}, "cmdq": 2, "read": {"device_start": -1, "device_end": -1}}, "FFC_sans_bias29": {"write": {"device_start": -1, "host_queued_start": 1585586140.732827, "device_queued": -1, "device_end": -1, "host_queued_end": 1585586140.742159}, "device": "cpu", "nd_range": {"device_start": 2253914.975067655, "device_end": 2253914.987862132}, "cmdq": 3, "read": {"device_start": -1, "device_end": -1}}, "empty17": {"write": {"device_start": -1, "host_queued_start": 1585586140.718334, "device_queued": -1, "device_end": -1, "host_queued_end": 1585586140.742159}, "device": "cpu", "nd_range": {"device_start": 2253914.9317534063, "device_end": 2253914.9317651154}, "cmdq": 1, "read": {"device_start": -1, "device_end": -1}}, "empty35": {"write": {"device_start": -1, "host_queued_start": 1585586140.720182, "device_queued": -1, "device_end": -1, "host_queued_end": 1585586140.742159}, "device": "cpu", "nd_range": {"device_start": 2253914.931951533, "device_end": 2253914.931955519}, "cmdq": 3, "read": {"device_start": -1, "device_end": -1}}}