{"FFC_sans_bias4": {"write": {"device_start": -1, "host_queued_start": 1585585861.885702, "device_queued": -1, "device_end": -1, "host_queued_end": 1585585861.891416}, "device": "cpu", "nd_range": {"device_start": 2253636.124655384, "device_end": 2253636.133081864}, "cmdq": 1, "read": {"device_start": -1, "device_end": -1}}, "FFC_sans_bias7": {"write": {"device_start": -1, "host_queued_start": 1585585861.889307, "device_queued": -1, "device_end": -1, "host_queued_end": 1585585861.891416}, "device": "cpu", "nd_range": {"device_start": 2253636.148036666, "device_end": 2253636.155879369}, "cmdq": 0, "read": {"device_start": -1, "device_end": -1}}, "FFC_sans_bias6": {"write": {"device_start": -1, "host_queued_start": 1585585861.887573, "device_queued": -1, "device_end": -1, "host_queued_end": 1585585861.891416}, "device": "cpu", "nd_range": {"device_start": 2253636.1391965593, "device_end": 2253636.1480282373}, "cmdq": 1, "read": {"device_start": -1, "device_end": -1}}, "FFC_sans_bias1": {"write": {"device_start": -1, "host_queued_start": 1585585861.876722, "device_queued": -1, "device_end": -1, "host_queued_end": 1585585861.891416}, "device": "cpu", "nd_range": {"device_start": 2253636.0810456993, "device_end": 2253636.088941587}, "cmdq": 0, "read": {"device_start": -1, "device_end": -1}}, "FFC_sans_bias0": {"write": {"device_start": -1, "host_queued_start": 1585585861.875651, "device_queued": -1, "device_end": -1, "host_queued_end": 1585585861.891416}, "device": "cpu", "nd_range": {"device_start": 2253636.081037517, "device_end": 2253636.08885831}, "cmdq": 1, "read": {"device_start": -1, "device_end": -1}}, "FFC_sans_bias2": {"write": {"device_start": -1, "host_queued_start": 1585585861.877877, "device_queued": -1, "device_end": -1, "host_queued_end": 1585585861.891416}, "device": "cpu", "nd_range": {"device_start": 2253636.08908251, "device_end": 2253636.0986166433}, "cmdq": 1, "read": {"device_start": -1, "device_end": -1}}, "FFC_sans_bias9": {"write": {"device_start": -1, "host_queued_start": 1585585861.879035, "device_queued": -1, "device_end": -1, "host_queued_end": 1585585861.891416}, "device": "cpu", "nd_range": {"device_start": 2253636.0889613032, "device_end": 2253636.0952741504}, "cmdq": 0, "read": {"device_start": -1, "device_end": -1}}, "coalesced_transpose39": {"write": {"device_start": -1, "host_queued_start": 1585585861.867175, "device_queued": -1, "device_end": -1, "host_queued_end": 1585585861.871323}, "device": "gpu", "nd_range": {"device_start": 1585585796.4779654, "device_end": 1585585796.478315}, "cmdq": 1, "read": {"device_start": -1, "device_end": -1}}, "softmax23": {"write": {"device_start": -1, "host_queued_start": 1585585861.887226, "device_queued": -1, "device_end": -1, "host_queued_end": 1585585861.891416}, "device": "cpu", "nd_range": {"device_start": 2253636.138856187, "device_end": 2253636.139061016}, "cmdq": 0, "read": {"device_start": -1, "device_end": -1}}, "FFC_sans_bias37": {"write": {"device_start": 1585585796.4766831, "host_queued_start": 1585585861.865413, "device_queued": 1585585796.4751556, "device_end": 1585585796.4767158, "host_queued_end": 1585585861.871323}, "device": "gpu", "nd_range": {"device_start": 1585585796.476719, "device_end": 1585585796.4775}, "cmdq": 0, "read": {"device_start": -1, "device_end": -1}}, "softmax41": {"write": {"device_start": -1, "host_queued_start": 1585585861.868335, "device_queued": -1, "device_end": -1, "host_queued_end": 1585585861.871323}, "device": "gpu", "nd_range": {"device_start": 1585585796.4789295, "device_end": 1585585796.4792526}, "cmdq": 1, "read": {"device_start": -1, "device_end": -1}}, "FFC_sans_bias11": {"write": {"device_start": -1, "host_queued_start": 1585585861.881136, "device_queued": -1, "device_end": -1, "host_queued_end": 1585585861.891416}, "device": "cpu", "nd_range": {"device_start": 2253636.095396508, "device_end": 2253636.101601398}, "cmdq": 0, "read": {"device_start": -1, "device_end": -1}}, "FFC_sans_bias10": {"write": {"device_start": -1, "host_queued_start": 1585585861.880083, "device_queued": -1, "device_end": -1, "host_queued_end": 1585585861.891416}, "device": "cpu", "nd_range": {"device_start": 2253636.104048795, "device_end": 2253636.116017337}, "cmdq": 1, "read": {"device_start": -1, "device_end": -1}}, "coalesced_transpose3": {"write": {"device_start": -1, "host_queued_start": 1585585861.884691, "device_queued": -1, "device_end": -1, "host_queued_end": 1585585861.891416}, "device": "cpu", "nd_range": {"device_start": 2253636.107728812, "device_end": 2253636.107977711}, "cmdq": 0, "read": {"device_start": -1, "device_end": -1}}, "FFC_sans_bias34": {"write": {"device_start": 1585585796.4796913, "host_queued_start": 1585585861.870111, "device_queued": 1585585796.475747, "device_end": 1585585796.4797223, "host_queued_end": 1585585861.871323}, "device": "gpu", "nd_range": {"device_start": 1585585796.4797246, "device_end": 1585585796.480547}, "cmdq": 0, "read": {"device_start": 1585585796.4805512, "device_end": 1585585796.480574}}, "FFC_sans_bias15": {"write": {"device_start": -1, "host_queued_start": 1585585861.887919, "device_queued": -1, "device_end": -1, "host_queued_end": 1585585861.891416}, "device": "cpu", "nd_range": {"device_start": 2253636.139192033, "device_end": 2253636.147778556}, "cmdq": 0, "read": {"device_start": -1, "device_end": -1}}, "FFC_sans_bias31": {"write": {"device_start": -1, "host_queued_start": 1585585861.867503, "device_queued": -1, "device_end": -1, "host_queued_end": 1585585861.871323}, "device": "gpu", "nd_range": {"device_start": 1585585796.4778204, "device_end": 1585585796.4784267}, "cmdq": 0, "read": {"device_start": -1, "device_end": -1}}, "FFC_sans_bias16": {"write": {"device_start": -1, "host_queued_start": 1585585861.890333, "device_queued": -1, "device_end": -1, "host_queued_end": 1585585861.891416}, "device": "cpu", "nd_range": {"device_start": 2253636.1573102754, "device_end": 2253636.16630638}, "cmdq": 1, "read": {"device_start": -1, "device_end": -1}}, "FFC_sans_bias19": {"write": {"device_start": -1, "host_queued_start": 1585585861.883285, "device_queued": -1, "device_end": -1, "host_queued_end": 1585585861.891416}, "device": "cpu", "nd_range": {"device_start": 2253636.101608341, "device_end": 2253636.1076130583}, "cmdq": 0, "read": {"device_start": -1, "device_end": -1}}, "FFC_sans_bias18": {"write": {"device_start": -1, "host_queued_start": 1585585861.882193, "device_queued": -1, "device_end": -1, "host_queued_end": 1585585861.891416}, "device": "cpu", "nd_range": {"device_start": 2253636.1161456313, "device_end": 2253636.1203469103}, "cmdq": 1, "read": {"device_start": -1, "device_end": -1}}, "coalesced_transpose30": {"write": {"device_start": -1, "host_queued_start": 1585585861.866852, "device_queued": -1, "device_end": -1, "host_queued_end": 1585585861.871323}, "device": "gpu", "nd_range": {"device_start": 1585585796.4775023, "device_end": 1585585796.4778192}, "cmdq": 0, "read": {"device_start": -1, "device_end": -1}}, "FFC_sans_bias38": {"write": {"device_start": 1585585796.477099, "host_queued_start": 1585585861.866458, "device_queued": 1585585796.4753048, "device_end": 1585585796.47713, "host_queued_end": 1585585861.871323}, "device": "gpu", "nd_range": {"device_start": 1585585796.4771328, "device_end": 1585585796.4779615}, "cmdq": 1, "read": {"device_start": -1, "device_end": -1}}, "empty26": {"write": {"device_start": -1, "host_queued_start": 1585585861.874681, "device_queued": -1, "device_end": -1, "host_queued_end": 1585585861.891416}, "device": "cpu", "nd_range": {"device_start": 2253636.081037622, "device_end": 2253636.0810386213}, "cmdq": 0, "read": {"device_start": -1, "device_end": -1}}, "coalesced_transpose12": {"write": {"device_start": -1, "host_queued_start": 1585585861.885024, "device_queued": -1, "device_end": -1, "host_queued_end": 1585585861.891416}, "device": "cpu", "nd_range": {"device_start": 2253636.124549433, "device_end": 2253636.124638293}, "cmdq": 1, "read": {"device_start": -1, "device_end": -1}}, "empty44": {"write": {"device_start": 1585585796.4748182, "host_queued_start": 1585585861.860205, "device_queued": 1585585796.4746559, "device_end": 1585585796.4748895, "host_queued_end": 1585585861.871323}, "device": "gpu", "nd_range": {"device_start": 1585585796.474893, "device_end": 1585585796.4748976}, "cmdq": 1, "read": {"device_start": -1, "device_end": -1}}, "coalesced_transpose21": {"write": {"device_start": -1, "host_queued_start": 1585585861.885355, "device_queued": -1, "device_end": -1, "host_queued_end": 1585585861.891416}, "device": "cpu", "nd_range": {"device_start": 2253636.108095974, "device_end": 2253636.1083321143}, "cmdq": 0, "read": {"device_start": -1, "device_end": -1}}, "FFC_sans_bias36": {"write": {"device_start": 1585585796.4760919, "host_queued_start": 1585585861.864372, "device_queued": 1585585796.4751115, "device_end": 1585585796.4761238, "host_queued_end": 1585585861.871323}, "device": "gpu", "nd_range": {"device_start": 1585585796.4761276, "device_end": 1585585796.4769678}, "cmdq": 1, "read": {"device_start": -1, "device_end": -1}}, "softmax14": {"write": {"device_start": -1, "host_queued_start": 1585585861.886951, "device_queued": -1, "device_end": -1, "host_queued_end": 1585585861.891416}, "device": "cpu", "nd_range": {"device_start": 2253636.138868173, "device_end": 2253636.139061444}, "cmdq": 1, "read": {"device_start": -1, "device_end": -1}}, "FFC_sans_bias13": {"write": {"device_start": -1, "host_queued_start": 1585585861.886043, "device_queued": -1, "device_end": -1, "host_queued_end": 1585585861.891416}, "device": "cpu", "nd_range": {"device_start": 2253636.1246547583, "device_end": 2253636.1327231443}, "cmdq": 0, "read": {"device_start": -1, "device_end": -1}}, "empty8": {"write": {"device_start": -1, "host_queued_start": 1585585861.872588, "device_queued": -1, "device_end": -1, "host_queued_end": 1585585861.891416}, "device": "cpu", "nd_range": {"device_start": 2253636.081011656, "device_end": 2253636.08101905}, "cmdq": 0, "read": {"device_start": -1, "device_end": -1}}, "FFC_sans_bias42": {"write": {"device_start": -1, "host_queued_start": 1585585861.869095, "device_queued": -1, "device_end": -1, "host_queued_end": 1585585861.871323}, "device": "gpu", "nd_range": {"device_start": 1585585796.4792538, "device_end": 1585585796.4799929}, "cmdq": 1, "read": {"device_start": -1, "device_end": -1}}, "FFC_sans_bias43": {"write": {"device_start": 1585585796.4801176, "host_queued_start": 1585585861.871212, "device_queued": 1585585796.4759085, "device_end": 1585585796.480148, "host_queued_end": 1585585861.871323}, "device": "gpu", "nd_range": {"device_start": 1585585796.4801514, "device_end": 1585585796.480968}, "cmdq": 1, "read": {"device_start": 1585585796.4809697, "device_end": 1585585796.4809926}}, "FFC_sans_bias40": {"write": {"device_start": -1, "host_queued_start": 1585585861.867828, "device_queued": -1, "device_end": -1, "host_queued_end": 1585585861.871323}, "device": "gpu", "nd_range": {"device_start": 1585585796.4783163, "device_end": 1585585796.4789283}, "cmdq": 1, "read": {"device_start": -1, "device_end": -1}}, "softmax32": {"write": {"device_start": -1, "host_queued_start": 1585585861.868081, "device_queued": -1, "device_end": -1, "host_queued_end": 1585585861.871323}, "device": "gpu", "nd_range": {"device_start": 1585585796.478428, "device_end": 1585585796.4789777}, "cmdq": 0, "read": {"device_start": -1, "device_end": -1}}, "FFC_sans_bias33": {"write": {"device_start": -1, "host_queued_start": 1585585861.868769, "device_queued": -1, "device_end": -1, "host_queued_end": 1585585861.871323}, "device": "gpu", "nd_range": {"device_start": 1585585796.4789789, "device_end": 1585585796.4795809}, "cmdq": 0, "read": {"device_start": -1, "device_end": -1}}, "FFC_sans_bias24": {"write": {"device_start": -1, "host_queued_start": 1585585861.888264, "device_queued": -1, "device_end": -1, "host_queued_end": 1585585861.891416}, "device": "cpu", "nd_range": {"device_start": 2253636.148039462, "device_end": 2253636.157301216}, "cmdq": 1, "read": {"device_start": -1, "device_end": -1}}, "FFC_sans_bias25": {"write": {"device_start": -1, "host_queued_start": 1585585861.891371, "device_queued": -1, "device_end": -1, "host_queued_end": 1585585861.891416}, "device": "cpu", "nd_range": {"device_start": 2253636.1573071703, "device_end": 2253636.166305886}, "cmdq": 0, "read": {"device_start": -1, "device_end": -1}}, "FFC_sans_bias27": {"write": {"device_start": 1585585796.4749124, "host_queued_start": 1585585861.861211, "device_queued": 1585585796.4747617, "device_end": 1585585796.4749424, "host_queued_end": 1585585861.871323}, "device": "gpu", "nd_range": {"device_start": 1585585796.4749525, "device_end": 1585585796.4755583}, "cmdq": 0, "read": {"device_start": -1, "device_end": -1}}, "FFC_sans_bias20": {"write": {"device_start": -1, "host_queued_start": 1585585861.88436, "device_queued": -1, "device_end": -1, "host_queued_end": 1585585861.891416}, "device": "cpu", "nd_range": {"device_start": 2253636.1204680023, "device_end": 2253636.124543767}, "cmdq": 1, "read": {"device_start": -1, "device_end": -1}}, "FFC_sans_bias22": {"write": {"device_start": -1, "host_queued_start": 1585585861.886387, "device_queued": -1, "device_end": -1, "host_queued_end": 1585585861.891416}, "device": "cpu", "nd_range": {"device_start": 2253636.133213364, "device_end": 2253636.1388496133}, "cmdq": 1, "read": {"device_start": -1, "device_end": -1}}, "softmax5": {"write": {"device_start": -1, "host_queued_start": 1585585861.886677, "device_queued": -1, "device_end": -1, "host_queued_end": 1585585861.891416}, "device": "cpu", "nd_range": {"device_start": 2253636.133199039, "device_end": 2253636.133424742}, "cmdq": 0, "read": {"device_start": -1, "device_end": -1}}, "FFC_sans_bias28": {"write": {"device_start": 1585585796.4750078, "host_queued_start": 1585585861.862255, "device_queued": 1585585796.4749188, "device_end": 1585585796.4750388, "host_queued_end": 1585585861.871323}, "device": "gpu", "nd_range": {"device_start": 1585585796.4750412, "device_end": 1585585796.475966}, "cmdq": 1, "read": {"device_start": -1, "device_end": -1}}, "FFC_sans_bias29": {"write": {"device_start": 1585585796.4757102, "host_queued_start": 1585585861.863327, "device_queued": 1585585796.474975, "device_end": 1585585796.4757414, "host_queued_end": 1585585861.871323}, "device": "gpu", "nd_range": {"device_start": 1585585796.4757454, "device_end": 1585585796.4765427}, "cmdq": 0, "read": {"device_start": -1, "device_end": -1}}, "empty17": {"write": {"device_start": -1, "host_queued_start": 1585585861.873673, "device_queued": -1, "device_end": -1, "host_queued_end": 1585585861.891416}, "device": "cpu", "nd_range": {"device_start": 2253636.081004652, "device_end": 2253636.0810170183}, "cmdq": 1, "read": {"device_start": -1, "device_end": -1}}, "empty35": {"write": {"device_start": 1585585796.474687, "host_queued_start": 1585585861.859167, "device_queued": 1585585796.4745626, "device_end": 1585585796.4747498, "host_queued_end": 1585585861.871323}, "device": "gpu", "nd_range": {"device_start": 1585585796.474763, "device_end": 1585585796.4747684}, "cmdq": 0, "read": {"device_start": -1, "device_end": -1}}}