{"FFC_sans_bias4": {"write": {"device_start": -1, "host_queued_start": 1585585899.827893, "device_queued": -1, "device_end": -1, "host_queued_end": 1585585899.83743}, "device": "cpu", "nd_range": {"device_start": 2253674.1030407003, "device_end": 2253674.109250835}, "cmdq": 1, "read": {"device_start": -1, "device_end": -1}}, "FFC_sans_bias7": {"write": {"device_start": -1, "host_queued_start": 1585585899.833413, "device_queued": -1, "device_end": -1, "host_queued_end": 1585585899.83743}, "device": "cpu", "nd_range": {"device_start": 2253674.1360118403, "device_end": 2253674.155802972}, "cmdq": 0, "read": {"device_start": -1, "device_end": -1}}, "FFC_sans_bias6": {"write": {"device_start": -1, "host_queued_start": 1585585899.830994, "device_queued": -1, "device_end": -1, "host_queued_end": 1585585899.83743}, "device": "cpu", "nd_range": {"device_start": 2253674.1113526584, "device_end": 2253674.1256457693}, "cmdq": 3, "read": {"device_start": -1, "device_end": -1}}, "FFC_sans_bias1": {"write": {"device_start": -1, "host_queued_start": 1585585899.811928, "device_queued": -1, "device_end": -1, "host_queued_end": 1585585899.83743}, "device": "cpu", "nd_range": {"device_start": 2253674.02773763, "device_end": 2253674.042947698}, "cmdq": 2, "read": {"device_start": -1, "device_end": -1}}, "FFC_sans_bias0": {"write": {"device_start": -1, "host_queued_start": 1585585899.810882, "device_queued": -1, "device_end": -1, "host_queued_end": 1585585899.83743}, "device": "cpu", "nd_range": {"device_start": 2253674.027092228, "device_end": 2253674.0423606173}, "cmdq": 1, "read": {"device_start": -1, "device_end": -1}}, "FFC_sans_bias2": {"write": {"device_start": -1, "host_queued_start": 1585585899.812979, "device_queued": -1, "device_end": -1, "host_queued_end": 1585585899.83743}, "device": "cpu", "nd_range": {"device_start": 2253674.027170914, "device_end": 2253674.044244131}, "cmdq": 3, "read": {"device_start": -1, "device_end": -1}}, "FFC_sans_bias9": {"write": {"device_start": -1, "host_queued_start": 1585585899.814026, "device_queued": -1, "device_end": -1, "host_queued_end": 1585585899.83743}, "device": "cpu", "nd_range": {"device_start": 2253674.0271008713, "device_end": 2253674.042629869}, "cmdq": 0, "read": {"device_start": -1, "device_end": -1}}, "coalesced_transpose39": {"write": {"device_start": -1, "host_queued_start": 1585585899.827553, "device_queued": -1, "device_end": -1, "host_queued_end": 1585585899.83743}, "device": "cpu", "nd_range": {"device_start": 2253674.103044736, "device_end": 2253674.1034895023}, "cmdq": 0, "read": {"device_start": -1, "device_end": -1}}, "softmax23": {"write": {"device_start": -1, "host_queued_start": 1585585899.830098, "device_queued": -1, "device_end": -1, "host_queued_end": 1585585899.83743}, "device": "cpu", "nd_range": {"device_start": 2253674.120573585, "device_end": 2253674.120786556}, "cmdq": 0, "read": {"device_start": -1, "device_end": -1}}, "FFC_sans_bias37": {"write": {"device_start": -1, "host_queued_start": 1585585899.824819, "device_queued": -1, "device_end": -1, "host_queued_end": 1585585899.83743}, "device": "cpu", "nd_range": {"device_start": 2253674.0737342453, "device_end": 2253674.088902972}, "cmdq": 2, "read": {"device_start": -1, "device_end": -1}}, "softmax41": {"write": {"device_start": -1, "host_queued_start": 1585585899.830654, "device_queued": -1, "device_end": -1, "host_queued_end": 1585585899.83743}, "device": "cpu", "nd_range": {"device_start": 2253674.1247991393, "device_end": 2253674.125006427}, "cmdq": 2, "read": {"device_start": -1, "device_end": -1}}, "FFC_sans_bias11": {"write": {"device_start": -1, "host_queued_start": 1585585899.816149, "device_queued": -1, "device_end": -1, "host_queued_end": 1585585899.83743}, "device": "cpu", "nd_range": {"device_start": 2253674.0430689533, "device_end": 2253674.058283947}, "cmdq": 2, "read": {"device_start": -1, "device_end": -1}}, "FFC_sans_bias10": {"write": {"device_start": -1, "host_queued_start": 1585585899.815096, "device_queued": -1, "device_end": -1, "host_queued_end": 1585585899.83743}, "device": "cpu", "nd_range": {"device_start": 2253674.0424989993, "device_end": 2253674.0577154662}, "cmdq": 1, "read": {"device_start": -1, "device_end": -1}}, "coalesced_transpose3": {"write": {"device_start": -1, "host_queued_start": 1585585899.826203, "device_queued": -1, "device_end": -1, "host_queued_end": 1585585899.83743}, "device": "cpu", "nd_range": {"device_start": 2253674.1028358922, "device_end": 2253674.103032054}, "cmdq": 0, "read": {"device_start": -1, "device_end": -1}}, "FFC_sans_bias34": {"write": {"device_start": -1, "host_queued_start": 1585585899.836393, "device_queued": -1, "device_end": -1, "host_queued_end": 1585585899.83743}, "device": "cpu", "nd_range": {"device_start": 2253674.146140078, "device_end": 2253674.15453711}, "cmdq": 3, "read": {"device_start": -1, "device_end": -1}}, "FFC_sans_bias15": {"write": {"device_start": -1, "host_queued_start": 1585585899.831343, "device_queued": -1, "device_end": -1, "host_queued_end": 1585585899.83743}, "device": "cpu", "nd_range": {"device_start": 2253674.1207931913, "device_end": 2253674.136004561}, "cmdq": 0, "read": {"device_start": -1, "device_end": -1}}, "FFC_sans_bias31": {"write": {"device_start": -1, "host_queued_start": 1585585899.828929, "device_queued": -1, "device_end": -1, "host_queued_end": 1585585899.83743}, "device": "cpu", "nd_range": {"device_start": 2253674.10362951, "device_end": 2253674.120564967}, "cmdq": 0, "read": {"device_start": -1, "device_end": -1}}, "FFC_sans_bias16": {"write": {"device_start": -1, "host_queued_start": 1585585899.834405, "device_queued": -1, "device_end": -1, "host_queued_end": 1585585899.83743}, "device": "cpu", "nd_range": {"device_start": 2253674.137128959, "device_end": 2253674.145285033}, "cmdq": 1, "read": {"device_start": -1, "device_end": -1}}, "FFC_sans_bias19": {"write": {"device_start": -1, "host_queued_start": 1585585899.818278, "device_queued": -1, "device_end": -1, "host_queued_end": 1585585899.83743}, "device": "cpu", "nd_range": {"device_start": 2253674.0461325403, "device_end": 2253674.071319905}, "cmdq": 0, "read": {"device_start": -1, "device_end": -1}}, "FFC_sans_bias18": {"write": {"device_start": -1, "host_queued_start": 1585585899.817236, "device_queued": -1, "device_end": -1, "host_queued_end": 1585585899.83743}, "device": "cpu", "nd_range": {"device_start": 2253674.044366015, "device_end": 2253674.060150438}, "cmdq": 3, "read": {"device_start": -1, "device_end": -1}}, "coalesced_transpose30": {"write": {"device_start": -1, "host_queued_start": 1585585899.827229, "device_queued": -1, "device_end": -1, "host_queued_end": 1585585899.83743}, "device": "cpu", "nd_range": {"device_start": 2253674.0923274984, "device_end": 2253674.0925691533}, "cmdq": 3, "read": {"device_start": -1, "device_end": -1}}, "FFC_sans_bias38": {"write": {"device_start": -1, "host_queued_start": 1585585899.825869, "device_queued": -1, "device_end": -1, "host_queued_end": 1585585899.83743}, "device": "cpu", "nd_range": {"device_start": 2253674.077402049, "device_end": 2253674.09220628}, "cmdq": 3, "read": {"device_start": -1, "device_end": -1}}, "empty26": {"write": {"device_start": -1, "host_queued_start": 1585585899.808203, "device_queued": -1, "device_end": -1, "host_queued_end": 1585585899.83743}, "device": "cpu", "nd_range": {"device_start": 2253674.027623909, "device_end": 2253674.027627535}, "cmdq": 2, "read": {"device_start": -1, "device_end": -1}}, "coalesced_transpose12": {"write": {"device_start": -1, "host_queued_start": 1585585899.826535, "device_queued": -1, "device_end": -1, "host_queued_end": 1585585899.83743}, "device": "cpu", "nd_range": {"device_start": 2253674.0885377363, "device_end": 2253674.088786749}, "cmdq": 1, "read": {"device_start": -1, "device_end": -1}}, "empty44": {"write": {"device_start": -1, "host_queued_start": 1585585899.809871, "device_queued": -1, "device_end": -1, "host_queued_end": 1585585899.83743}, "device": "cpu", "nd_range": {"device_start": 2253674.027091639, "device_end": 2253674.027092679}, "cmdq": 0, "read": {"device_start": -1, "device_end": -1}}, "coalesced_transpose21": {"write": {"device_start": -1, "host_queued_start": 1585585899.826898, "device_queued": -1, "device_end": -1, "host_queued_end": 1585585899.83743}, "device": "cpu", "nd_range": {"device_start": 2253674.0890211663, "device_end": 2253674.089267109}, "cmdq": 2, "read": {"device_start": -1, "device_end": -1}}, "FFC_sans_bias36": {"write": {"device_start": -1, "host_queued_start": 1585585899.823778, "device_queued": -1, "device_end": -1, "host_queued_end": 1585585899.83743}, "device": "cpu", "nd_range": {"device_start": 2253674.0732161, "device_end": 2253674.0884156153}, "cmdq": 1, "read": {"device_start": -1, "device_end": -1}}, "softmax14": {"write": {"device_start": -1, "host_queued_start": 1585585899.829821, "device_queued": -1, "device_end": -1, "host_queued_end": 1585585899.83743}, "device": "cpu", "nd_range": {"device_start": 2253674.1035121083, "device_end": 2253674.1037362493}, "cmdq": 3, "read": {"device_start": -1, "device_end": -1}}, "FFC_sans_bias13": {"write": {"device_start": -1, "host_queued_start": 1585585899.828245, "device_queued": -1, "device_end": -1, "host_queued_end": 1585585899.83743}, "device": "cpu", "nd_range": {"device_start": 2253674.089374353, "device_end": 2253674.098306296}, "cmdq": 2, "read": {"device_start": -1, "device_end": -1}}, "empty8": {"write": {"device_start": -1, "host_queued_start": 1585585899.806334, "device_queued": -1, "device_end": -1, "host_queued_end": 1585585899.83743}, "device": "cpu", "nd_range": {"device_start": 2253674.027057363, "device_end": 2253674.027070239}, "cmdq": 0, "read": {"device_start": -1, "device_end": -1}}, "FFC_sans_bias42": {"write": {"device_start": -1, "host_queued_start": 1585585899.832364, "device_queued": -1, "device_end": -1, "host_queued_end": 1585585899.83743}, "device": "cpu", "nd_range": {"device_start": 2253674.1256557973, "device_end": 2253674.140410432}, "cmdq": 3, "read": {"device_start": -1, "device_end": -1}}, "FFC_sans_bias43": {"write": {"device_start": -1, "host_queued_start": 1585585899.837385, "device_queued": -1, "device_end": -1, "host_queued_end": 1585585899.83743}, "device": "cpu", "nd_range": {"device_start": 2253674.155807401, "device_end": 2253674.167910337}, "cmdq": 0, "read": {"device_start": -1, "device_end": -1}}, "FFC_sans_bias40": {"write": {"device_start": -1, "host_queued_start": 1585585899.829271, "device_queued": -1, "device_end": -1, "host_queued_end": 1585585899.83743}, "device": "cpu", "nd_range": {"device_start": 2253674.111046613, "device_end": 2253674.1214882303}, "cmdq": 1, "read": {"device_start": -1, "device_end": -1}}, "softmax32": {"write": {"device_start": -1, "host_queued_start": 1585585899.830371, "device_queued": -1, "device_end": -1, "host_queued_end": 1585585899.83743}, "device": "cpu", "nd_range": {"device_start": 2253674.121603523, "device_end": 2253674.121816542}, "cmdq": 1, "read": {"device_start": -1, "device_end": -1}}, "FFC_sans_bias33": {"write": {"device_start": -1, "host_queued_start": 1585585899.832023, "device_queued": -1, "device_end": -1, "host_queued_end": 1585585899.83743}, "device": "cpu", "nd_range": {"device_start": 2253674.1251177792, "device_end": 2253674.1458085394}, "cmdq": 2, "read": {"device_start": -1, "device_end": -1}}, "FFC_sans_bias24": {"write": {"device_start": -1, "host_queued_start": 1585585899.831684, "device_queued": -1, "device_end": -1, "host_queued_end": 1585585899.83743}, "device": "cpu", "nd_range": {"device_start": 2253674.121926056, "device_end": 2253674.137120233}, "cmdq": 1, "read": {"device_start": -1, "device_end": -1}}, "FFC_sans_bias25": {"write": {"device_start": -1, "host_queued_start": 1585585899.835404, "device_queued": -1, "device_end": -1, "host_queued_end": 1585585899.83743}, "device": "cpu", "nd_range": {"device_start": 2253674.14592118, "device_end": 2253674.158570874}, "cmdq": 2, "read": {"device_start": -1, "device_end": -1}}, "FFC_sans_bias27": {"write": {"device_start": -1, "host_queued_start": 1585585899.82059, "device_queued": -1, "device_end": -1, "host_queued_end": 1585585899.83743}, "device": "cpu", "nd_range": {"device_start": 2253674.058406868, "device_end": 2253674.073617327}, "cmdq": 2, "read": {"device_start": -1, "device_end": -1}}, "FFC_sans_bias20": {"write": {"device_start": -1, "host_queued_start": 1585585899.819363, "device_queued": -1, "device_end": -1, "host_queued_end": 1585585899.83743}, "device": "cpu", "nd_range": {"device_start": 2253674.057852317, "device_end": 2253674.073099065}, "cmdq": 1, "read": {"device_start": -1, "device_end": -1}}, "FFC_sans_bias22": {"write": {"device_start": -1, "host_queued_start": 1585585899.828584, "device_queued": -1, "device_end": -1, "host_queued_end": 1585585899.83743}, "device": "cpu", "nd_range": {"device_start": 2253674.09268473, "device_end": 2253674.103176124}, "cmdq": 3, "read": {"device_start": -1, "device_end": -1}}, "softmax5": {"write": {"device_start": -1, "host_queued_start": 1585585899.829546, "device_queued": -1, "device_end": -1, "host_queued_end": 1585585899.83743}, "device": "cpu", "nd_range": {"device_start": 2253674.110714892, "device_end": 2253674.110926696}, "cmdq": 2, "read": {"device_start": -1, "device_end": -1}}, "FFC_sans_bias28": {"write": {"device_start": -1, "host_queued_start": 1585585899.821657, "device_queued": -1, "device_end": -1, "host_queued_end": 1585585899.83743}, "device": "cpu", "nd_range": {"device_start": 2253674.060270525, "device_end": 2253674.077280829}, "cmdq": 3, "read": {"device_start": -1, "device_end": -1}}, "FFC_sans_bias29": {"write": {"device_start": -1, "host_queued_start": 1585585899.822733, "device_queued": -1, "device_end": -1, "host_queued_end": 1585585899.83743}, "device": "cpu", "nd_range": {"device_start": 2253674.076877551, "device_end": 2253674.096924465}, "cmdq": 0, "read": {"device_start": -1, "device_end": -1}}, "empty17": {"write": {"device_start": -1, "host_queued_start": 1585585899.807365, "device_queued": -1, "device_end": -1, "host_queued_end": 1585585899.83743}, "device": "cpu", "nd_range": {"device_start": 2253674.0270574233, "device_end": 2253674.0270702103}, "cmdq": 1, "read": {"device_start": -1, "device_end": -1}}, "empty35": {"write": {"device_start": -1, "host_queued_start": 1585585899.809038, "device_queued": -1, "device_end": -1, "host_queued_end": 1585585899.83743}, "device": "cpu", "nd_range": {"device_start": 2253674.027118004, "device_end": 2253674.0271225492}, "cmdq": 3, "read": {"device_start": -1, "device_end": -1}}}