{"FFC_sans_bias4": {"write": {"device_start": -1, "host_queued_start": 1585585935.057874, "device_queued": -1, "device_end": -1, "host_queued_end": 1585585935.067536}, "device": "gpu", "nd_range": {"device_start": 1585585869.6770372, "device_end": 1585585869.6780415}, "cmdq": 1, "read": {"device_start": -1, "device_end": -1}}, "FFC_sans_bias7": {"write": {"device_start": 1585585869.6817617, "host_queued_start": 1585585935.063148, "device_queued": 1585585869.6723878, "device_end": 1585585869.681792, "host_queued_end": 1585585935.067536}, "device": "gpu", "nd_range": {"device_start": 1585585869.6818097, "device_end": 1585585869.6831388}, "cmdq": 1, "read": {"device_start": 1585585869.6831427, "device_end": 1585585869.6831658}}, "FFC_sans_bias6": {"write": {"device_start": -1, "host_queued_start": 1585585935.060798, "device_queued": -1, "device_end": -1, "host_queued_end": 1585585935.067536}, "device": "gpu", "nd_range": {"device_start": 1585585869.6796365, "device_end": 1585585869.680243}, "cmdq": 2, "read": {"device_start": -1, "device_end": -1}}, "FFC_sans_bias1": {"write": {"device_start": 1585585869.6696923, "host_queued_start": 1585585935.041812, "device_queued": 1585585869.6694832, "device_end": 1585585869.6697216, "host_queued_end": 1585585935.067536}, "device": "gpu", "nd_range": {"device_start": 1585585869.6697505, "device_end": 1585585869.6706707}, "cmdq": 0, "read": {"device_start": -1, "device_end": -1}}, "FFC_sans_bias0": {"write": {"device_start": 1585585869.6695964, "host_queued_start": 1585585935.040752, "device_queued": 1585585869.6694126, "device_end": 1585585869.6696475, "host_queued_end": 1585585935.067536}, "device": "gpu", "nd_range": {"device_start": 1585585869.6696553, "device_end": 1585585869.6702628}, "cmdq": 2, "read": {"device_start": -1, "device_end": -1}}, "FFC_sans_bias2": {"write": {"device_start": 1585585869.6698568, "host_queued_start": 1585585935.042928, "device_queued": 1585585869.6697612, "device_end": 1585585869.669886, "host_queued_end": 1585585935.067536}, "device": "gpu", "nd_range": {"device_start": 1585585869.6698883, "device_end": 1585585869.6712508}, "cmdq": 1, "read": {"device_start": -1, "device_end": -1}}, "FFC_sans_bias9": {"write": {"device_start": 1585585869.6703691, "host_queued_start": 1585585935.043987, "device_queued": 1585585869.6697867, "device_end": 1585585869.6703942, "host_queued_end": 1585585935.067536}, "device": "gpu", "nd_range": {"device_start": 1585585869.6703978, "device_end": 1585585869.6716611}, "cmdq": 2, "read": {"device_start": -1, "device_end": -1}}, "coalesced_transpose39": {"write": {"device_start": -1, "host_queued_start": 1585585935.05755, "device_queued": -1, "device_end": -1, "host_queued_end": 1585585935.067536}, "device": "gpu", "nd_range": {"device_start": 1585585869.6768923, "device_end": 1585585869.6769223}, "cmdq": 0, "read": {"device_start": -1, "device_end": -1}}, "softmax23": {"write": {"device_start": -1, "host_queued_start": 1585585935.059973, "device_queued": -1, "device_end": -1, "host_queued_end": 1585585935.067536}, "device": "gpu", "nd_range": {"device_start": 1585585869.6790323, "device_end": 1585585869.679594}, "cmdq": 2, "read": {"device_start": -1, "device_end": -1}}, "FFC_sans_bias37": {"write": {"device_start": 1585585869.6751888, "host_queued_start": 1585585935.054906, "device_queued": 1585585869.6709185, "device_end": 1585585869.6752217, "host_queued_end": 1585585935.067536}, "device": "gpu", "nd_range": {"device_start": 1585585869.675227, "device_end": 1585585869.6765609}, "cmdq": 0, "read": {"device_start": -1, "device_end": -1}}, "softmax41": {"write": {"device_start": -1, "host_queued_start": 1585585935.060479, "device_queued": -1, "device_end": -1, "host_queued_end": 1585585935.067536}, "device": "gpu", "nd_range": {"device_start": 1585585869.679784, "device_end": 1585585869.680404}, "cmdq": 1, "read": {"device_start": -1, "device_end": -1}}, "FFC_sans_bias11": {"write": {"device_start": 1585585869.6714053, "host_queued_start": 1585585935.046122, "device_queued": 1585585869.670017, "device_end": 1585585869.6714303, "host_queued_end": 1585585935.067536}, "device": "gpu", "nd_range": {"device_start": 1585585869.6714349, "device_end": 1585585869.672656}, "cmdq": 1, "read": {"device_start": -1, "device_end": -1}}, "FFC_sans_bias10": {"write": {"device_start": 1585585869.6707819, "host_queued_start": 1585585935.045048, "device_queued": 1585585869.669974, "device_end": 1585585869.6708057, "host_queued_end": 1585585935.067536}, "device": "gpu", "nd_range": {"device_start": 1585585869.6708093, "device_end": 1585585869.6722105}, "cmdq": 0, "read": {"device_start": -1, "device_end": -1}}, "coalesced_transpose3": {"write": {"device_start": -1, "host_queued_start": 1585585935.056314, "device_queued": -1, "device_end": -1, "host_queued_end": 1585585935.067536}, "device": "gpu", "nd_range": {"device_start": 1585585869.6760392, "device_end": 1585585869.676876}, "cmdq": 2, "read": {"device_start": -1, "device_end": -1}}, "FFC_sans_bias34": {"write": {"device_start": 1585585869.6833491, "host_queued_start": 1585585935.066357, "device_queued": 1585585869.6726887, "device_end": 1585585869.683379, "host_queued_end": 1585585935.067536}, "device": "gpu", "nd_range": {"device_start": 1585585869.683388, "device_end": 1585585869.6845715}, "cmdq": 1, "read": {"device_start": 1585585869.6845744, "device_end": 1585585869.6845968}}, "FFC_sans_bias15": {"write": {"device_start": -1, "host_queued_start": 1585585935.061122, "device_queued": -1, "device_end": -1, "host_queued_end": 1585585935.067536}, "device": "gpu", "nd_range": {"device_start": 1585585869.6800127, "device_end": 1585585869.6806858}, "cmdq": 0, "read": {"device_start": -1, "device_end": -1}}, "FFC_sans_bias31": {"write": {"device_start": -1, "host_queued_start": 1585585935.058881, "device_queued": -1, "device_end": -1, "host_queued_end": 1585585935.067536}, "device": "gpu", "nd_range": {"device_start": 1585585869.678049, "device_end": 1585585869.6794953}, "cmdq": 1, "read": {"device_start": -1, "device_end": -1}}, "FFC_sans_bias16": {"write": {"device_start": 1585585869.6813374, "host_queued_start": 1585585935.064227, "device_queued": 1585585869.6721737, "device_end": 1585585869.6813674, "host_queued_end": 1585585935.067536}, "device": "gpu", "nd_range": {"device_start": 1585585869.6813738, "device_end": 1585585869.6826131}, "cmdq": 2, "read": {"device_start": 1585585869.6826174, "device_end": 1585585869.6826408}}, "FFC_sans_bias19": {"write": {"device_start": 1585585869.6723337, "host_queued_start": 1585585935.048279, "device_queued": 1585585869.6701999, "device_end": 1585585869.6723661, "host_queued_end": 1585585935.067536}, "device": "gpu", "nd_range": {"device_start": 1585585869.6723702, "device_end": 1585585869.6736376}, "cmdq": 0, "read": {"device_start": -1, "device_end": -1}}, "FFC_sans_bias18": {"write": {"device_start": 1585585869.671784, "host_queued_start": 1585585935.04722, "device_queued": 1585585869.6701503, "device_end": 1585585869.6718092, "host_queued_end": 1585585935.067536}, "device": "gpu", "nd_range": {"device_start": 1585585869.6718144, "device_end": 1585585869.6731873}, "cmdq": 2, "read": {"device_start": -1, "device_end": -1}}, "coalesced_transpose30": {"write": {"device_start": -1, "host_queued_start": 1585585935.057246, "device_queued": -1, "device_end": -1, "host_queued_end": 1585585935.067536}, "device": "gpu", "nd_range": {"device_start": 1585585869.6768832, "device_end": 1585585869.676906}, "cmdq": 2, "read": {"device_start": -1, "device_end": -1}}, "FFC_sans_bias38": {"write": {"device_start": 1585585869.6757014, "host_queued_start": 1585585935.055972, "device_queued": 1585585869.6710653, "device_end": 1585585869.675733, "host_queued_end": 1585585935.067536}, "device": "gpu", "nd_range": {"device_start": 1585585869.6757367, "device_end": 1585585869.6770055}, "cmdq": 1, "read": {"device_start": -1, "device_end": -1}}, "empty26": {"write": {"device_start": 1585585869.6692066, "host_queued_start": 1585585935.038055, "device_queued": 1585585869.6690335, "device_end": 1585585869.669234, "host_queued_end": 1585585935.067536}, "device": "gpu", "nd_range": {"device_start": 1585585869.6692376, "device_end": 1585585869.6692412}, "cmdq": 2, "read": {"device_start": -1, "device_end": -1}}, "coalesced_transpose12": {"write": {"device_start": -1, "host_queued_start": 1585585935.056627, "device_queued": -1, "device_end": -1, "host_queued_end": 1585585935.067536}, "device": "gpu", "nd_range": {"device_start": 1585585869.676562, "device_end": 1585585869.676891}, "cmdq": 0, "read": {"device_start": -1, "device_end": -1}}, "empty44": {"write": {"device_start": 1585585869.6694858, "host_queued_start": 1585585935.039757, "device_queued": 1585585869.669386, "device_end": 1585585869.6695516, "host_queued_end": 1585585935.067536}, "device": "gpu", "nd_range": {"device_start": 1585585869.6695645, "device_end": 1585585869.669568}, "cmdq": 1, "read": {"device_start": -1, "device_end": -1}}, "coalesced_transpose21": {"write": {"device_start": -1, "host_queued_start": 1585585935.05694, "device_queued": -1, "device_end": -1, "host_queued_end": 1585585935.067536}, "device": "gpu", "nd_range": {"device_start": 1585585869.6770105, "device_end": 1585585869.6770284}, "cmdq": 1, "read": {"device_start": -1, "device_end": -1}}, "FFC_sans_bias36": {"write": {"device_start": 1585585869.6747363, "host_queued_start": 1585585935.053822, "device_queued": 1585585869.6708272, "device_end": 1585585869.6747677, "host_queued_end": 1585585935.067536}, "device": "gpu", "nd_range": {"device_start": 1585585869.6747746, "device_end": 1585585869.676038}, "cmdq": 2, "read": {"device_start": -1, "device_end": -1}}, "softmax14": {"write": {"device_start": -1, "host_queued_start": 1585585935.059713, "device_queued": -1, "device_end": -1, "host_queued_end": 1585585935.067536}, "device": "gpu", "nd_range": {"device_start": 1585585869.6795022, "device_end": 1585585869.679777}, "cmdq": 1, "read": {"device_start": -1, "device_end": -1}}, "FFC_sans_bias13": {"write": {"device_start": -1, "host_queued_start": 1585585935.058197, "device_queued": -1, "device_end": -1, "host_queued_end": 1585585935.067536}, "device": "gpu", "nd_range": {"device_start": 1585585869.6770225, "device_end": 1585585869.6776245}, "cmdq": 2, "read": {"device_start": -1, "device_end": -1}}, "empty8": {"write": {"device_start": 1585585869.6689713, "host_queued_start": 1585585935.036115, "device_queued": 1585585869.6688426, "device_end": 1585585869.6689963, "host_queued_end": 1585585935.067536}, "device": "gpu", "nd_range": {"device_start": 1585585869.6690054, "device_end": 1585585869.6690102}, "cmdq": 0, "read": {"device_start": -1, "device_end": -1}}, "FFC_sans_bias42": {"write": {"device_start": -1, "host_queued_start": 1585585935.06208, "device_queued": -1, "device_end": -1, "host_queued_end": 1585585935.067536}, "device": "gpu", "nd_range": {"device_start": 1585585869.6806924, "device_end": 1585585869.6821792}, "cmdq": 0, "read": {"device_start": -1, "device_end": -1}}, "FFC_sans_bias43": {"write": {"device_start": 1585585869.6828213, "host_queued_start": 1585585935.067429, "device_queued": 1585585869.6726477, "device_end": 1585585869.682851, "host_queued_end": 1585585935.067536}, "device": "gpu", "nd_range": {"device_start": 1585585869.6828582, "device_end": 1585585869.6840901}, "cmdq": 2, "read": {"device_start": 1585585869.684093, "device_end": 1585585869.6841147}}, "FFC_sans_bias40": {"write": {"device_start": -1, "host_queued_start": 1585585935.059206, "device_queued": -1, "device_end": -1, "host_queued_end": 1585585935.067536}, "device": "gpu", "nd_range": {"device_start": 1585585869.6776319, "device_end": 1585585869.6790245}, "cmdq": 2, "read": {"device_start": -1, "device_end": -1}}, "softmax32": {"write": {"device_start": -1, "host_queued_start": 1585585935.060225, "device_queued": -1, "device_end": -1, "host_queued_end": 1585585935.067536}, "device": "gpu", "nd_range": {"device_start": 1585585869.679628, "device_end": 1585585869.6800053}, "cmdq": 0, "read": {"device_start": -1, "device_end": -1}}, "FFC_sans_bias33": {"write": {"device_start": -1, "host_queued_start": 1585585935.061762, "device_queued": -1, "device_end": -1, "host_queued_end": 1585585935.067536}, "device": "gpu", "nd_range": {"device_start": 1585585869.6802497, "device_end": 1585585869.6812174}, "cmdq": 2, "read": {"device_start": -1, "device_end": -1}}, "FFC_sans_bias24": {"write": {"device_start": -1, "host_queued_start": 1585585935.061441, "device_queued": -1, "device_end": -1, "host_queued_end": 1585585935.067536}, "device": "gpu", "nd_range": {"device_start": 1585585869.6804118, "device_end": 1585585869.6816406}, "cmdq": 1, "read": {"device_start": -1, "device_end": -1}}, "FFC_sans_bias25": {"write": {"device_start": 1585585869.6822925, "host_queued_start": 1585585935.065295, "device_queued": 1585585869.672472, "device_end": 1585585869.6823242, "host_queued_end": 1585585935.067536}, "device": "gpu", "nd_range": {"device_start": 1585585869.6823337, "device_end": 1585585869.6836028}, "cmdq": 0, "read": {"device_start": 1585585869.683613, "device_end": 1585585869.6836355}}, "FFC_sans_bias27": {"write": {"device_start": 1585585869.6732965, "host_queued_start": 1585585935.050402, "device_queued": 1585585869.670419, "device_end": 1585585869.6733289, "host_queued_end": 1585585935.067536}, "device": "gpu", "nd_range": {"device_start": 1585585869.6733322, "device_end": 1585585869.6746047}, "cmdq": 2, "read": {"device_start": -1, "device_end": -1}}, "FFC_sans_bias20": {"write": {"device_start": 1585585869.6727629, "host_queued_start": 1585585935.049345, "device_queued": 1585585869.6703913, "device_end": 1585585869.6727896, "host_queued_end": 1585585935.067536}, "device": "gpu", "nd_range": {"device_start": 1585585869.6727936, "device_end": 1585585869.6741397}, "cmdq": 1, "read": {"device_start": -1, "device_end": -1}}, "FFC_sans_bias22": {"write": {"device_start": -1, "host_queued_start": 1585585935.058522, "device_queued": -1, "device_end": -1, "host_queued_end": 1585585935.067536}, "device": "gpu", "nd_range": {"device_start": 1585585869.6770499, "device_end": 1585585869.678604}, "cmdq": 0, "read": {"device_start": -1, "device_end": -1}}, "softmax5": {"write": {"device_start": -1, "host_queued_start": 1585585935.05946, "device_queued": -1, "device_end": -1, "host_queued_end": 1585585935.067536}, "device": "gpu", "nd_range": {"device_start": 1585585869.6786113, "device_end": 1585585869.6796207}, "cmdq": 0, "read": {"device_start": -1, "device_end": -1}}, "FFC_sans_bias28": {"write": {"device_start": 1585585869.6737375, "host_queued_start": 1585585935.051637, "device_queued": 1585585869.670612, "device_end": 1585585869.6737685, "host_queued_end": 1585585935.067536}, "device": "gpu", "nd_range": {"device_start": 1585585869.6737742, "device_end": 1585585869.675073}, "cmdq": 0, "read": {"device_start": -1, "device_end": -1}}, "FFC_sans_bias29": {"write": {"device_start": 1585585869.6742413, "host_queued_start": 1585585935.052715, "device_queued": 1585585869.6706543, "device_end": 1585585869.6742735, "host_queued_end": 1585585935.067536}, "device": "gpu", "nd_range": {"device_start": 1585585869.6742804, "device_end": 1585585869.6755846}, "cmdq": 1, "read": {"device_start": -1, "device_end": -1}}, "empty17": {"write": {"device_start": 1585585869.6691124, "host_queued_start": 1585585935.037184, "device_queued": 1585585869.6690078, "device_end": 1585585869.6691985, "host_queued_end": 1585585935.067536}, "device": "gpu", "nd_range": {"device_start": 1585585869.6692033, "device_end": 1585585869.669211}, "cmdq": 1, "read": {"device_start": -1, "device_end": -1}}, "empty35": {"write": {"device_start": 1585585869.6693268, "host_queued_start": 1585585935.038938, "device_queued": 1585585869.6690981, "device_end": 1585585869.669351, "host_queued_end": 1585585935.067536}, "device": "gpu", "nd_range": {"device_start": 1585585869.6693592, "device_end": 1585585869.6693625}, "cmdq": 0, "read": {"device_start": -1, "device_end": -1}}}