{"FFC_sans_bias4": {"write": {"device_start": -1, "host_queued_start": 1585585864.614359, "device_queued": -1, "device_end": -1, "host_queued_end": 1585585864.621936}, "device": "cpu", "nd_range": {"device_start": 2253638.863436695, "device_end": 2253638.872028762}, "cmdq": 0, "read": {"device_start": -1, "device_end": -1}}, "FFC_sans_bias7": {"write": {"device_start": -1, "host_queued_start": 1585585864.618925, "device_queued": -1, "device_end": -1, "host_queued_end": 1585585864.621936}, "device": "cpu", "nd_range": {"device_start": 2253638.8924875134, "device_end": 2253638.9043921693}, "cmdq": 0, "read": {"device_start": -1, "device_end": -1}}, "FFC_sans_bias6": {"write": {"device_start": -1, "host_queued_start": 1585585864.616842, "device_queued": -1, "device_end": -1, "host_queued_end": 1585585864.621936}, "device": "cpu", "nd_range": {"device_start": 2253638.881248963, "device_end": 2253638.886495506}, "cmdq": 0, "read": {"device_start": -1, "device_end": -1}}, "FFC_sans_bias1": {"write": {"device_start": -1, "host_queued_start": 1585585864.602094, "device_queued": -1, "device_end": -1, "host_queued_end": 1585585864.621936}, "device": "cpu", "nd_range": {"device_start": 2253638.81157445, "device_end": 2253638.81949554}, "cmdq": 1, "read": {"device_start": -1, "device_end": -1}}, "FFC_sans_bias0": {"write": {"device_start": -1, "host_queued_start": 1585585864.600899, "device_queued": -1, "device_end": -1, "host_queued_end": 1585585864.621936}, "device": "cpu", "nd_range": {"device_start": 2253638.8115739874, "device_end": 2253638.8194953064}, "cmdq": 0, "read": {"device_start": -1, "device_end": -1}}, "FFC_sans_bias2": {"write": {"device_start": -1, "host_queued_start": 1585585864.603165, "device_queued": -1, "device_end": -1, "host_queued_end": 1585585864.621936}, "device": "cpu", "nd_range": {"device_start": 2253638.819623469, "device_end": 2253638.830823524}, "cmdq": 0, "read": {"device_start": -1, "device_end": -1}}, "FFC_sans_bias9": {"write": {"device_start": -1, "host_queued_start": 1585585864.604202, "device_queued": -1, "device_end": -1, "host_queued_end": 1585585864.621936}, "device": "cpu", "nd_range": {"device_start": 2253638.819505598, "device_end": 2253638.825100736}, "cmdq": 1, "read": {"device_start": -1, "device_end": -1}}, "coalesced_transpose39": {"write": {"device_start": -1, "host_queued_start": 1585585864.594009, "device_queued": -1, "device_end": -1, "host_queued_end": 1585585864.596027}, "device": "gpu", "nd_range": {"device_start": 1585585799.2005153, "device_end": 1585585799.2009127}, "cmdq": 0, "read": {"device_start": -1, "device_end": -1}}, "softmax23": {"write": {"device_start": -1, "host_queued_start": 1585585864.616233, "device_queued": -1, "device_end": -1, "host_queued_end": 1585585864.621936}, "device": "cpu", "nd_range": {"device_start": 2253638.881042345, "device_end": 2253638.881132962}, "cmdq": 0, "read": {"device_start": -1, "device_end": -1}}, "FFC_sans_bias37": {"write": {"device_start": 1585585799.1995203, "host_queued_start": 1585585864.592635, "device_queued": 1585585799.1993504, "device_end": 1585585799.1995466, "host_queued_end": 1585585864.596027}, "device": "gpu", "nd_range": {"device_start": 1585585799.199549, "device_end": 1585585799.2005136}, "cmdq": 0, "read": {"device_start": -1, "device_end": -1}}, "softmax41": {"write": {"device_start": -1, "host_queued_start": 1585585864.594592, "device_queued": -1, "device_end": -1, "host_queued_end": 1585585864.596027}, "device": "gpu", "nd_range": {"device_start": 1585585799.2016995, "device_end": 1585585799.201919}, "cmdq": 0, "read": {"device_start": -1, "device_end": -1}}, "FFC_sans_bias11": {"write": {"device_start": -1, "host_queued_start": 1585585864.606293, "device_queued": -1, "device_end": -1, "host_queued_end": 1585585864.621936}, "device": "cpu", "nd_range": {"device_start": 2253638.8252142053, "device_end": 2253638.831417064}, "cmdq": 1, "read": {"device_start": -1, "device_end": -1}}, "FFC_sans_bias10": {"write": {"device_start": -1, "host_queued_start": 1585585864.605241, "device_queued": -1, "device_end": -1, "host_queued_end": 1585585864.621936}, "device": "cpu", "nd_range": {"device_start": 2253638.837910722, "device_end": 2253638.8504295843}, "cmdq": 0, "read": {"device_start": -1, "device_end": -1}}, "coalesced_transpose3": {"write": {"device_start": -1, "host_queued_start": 1585585864.613022, "device_queued": -1, "device_end": -1, "host_queued_end": 1585585864.621936}, "device": "cpu", "nd_range": {"device_start": 2253638.8628662, "device_end": 2253638.863087716}, "cmdq": 0, "read": {"device_start": -1, "device_end": -1}}, "FFC_sans_bias34": {"write": {"device_start": -1, "host_queued_start": 1585585864.621893, "device_queued": -1, "device_end": -1, "host_queued_end": 1585585864.621936}, "device": "cpu", "nd_range": {"device_start": 2253638.920434168, "device_end": 2253638.924641001}, "cmdq": 1, "read": {"device_start": -1, "device_end": -1}}, "FFC_sans_bias15": {"write": {"device_start": -1, "host_queued_start": 1585585864.617179, "device_queued": -1, "device_end": -1, "host_queued_end": 1585585864.621936}, "device": "cpu", "nd_range": {"device_start": 2253638.887844244, "device_end": 2253638.89524602}, "cmdq": 1, "read": {"device_start": -1, "device_end": -1}}, "FFC_sans_bias31": {"write": {"device_start": -1, "host_queued_start": 1585585864.615413, "device_queued": -1, "device_end": -1, "host_queued_end": 1585585864.621936}, "device": "cpu", "nd_range": {"device_start": 2253638.87169901, "device_end": 2253638.886257059}, "cmdq": 1, "read": {"device_start": -1, "device_end": -1}}, "FFC_sans_bias16": {"write": {"device_start": -1, "host_queued_start": 1585585864.619916, "device_queued": -1, "device_end": -1, "host_queued_end": 1585585864.621936}, "device": "cpu", "nd_range": {"device_start": 2253638.9050619244, "device_end": 2253638.9204301164}, "cmdq": 1, "read": {"device_start": -1, "device_end": -1}}, "FFC_sans_bias19": {"write": {"device_start": -1, "host_queued_start": 1585585864.608405, "device_queued": -1, "device_end": -1, "host_queued_end": 1585585864.621936}, "device": "cpu", "nd_range": {"device_start": 2253638.8315394362, "device_end": 2253638.836760806}, "cmdq": 1, "read": {"device_start": -1, "device_end": -1}}, "FFC_sans_bias18": {"write": {"device_start": -1, "host_queued_start": 1585585864.607363, "device_queued": -1, "device_end": -1, "host_queued_end": 1585585864.621936}, "device": "cpu", "nd_range": {"device_start": 2253638.850447658, "device_end": 2253638.85449069}, "cmdq": 0, "read": {"device_start": -1, "device_end": -1}}, "coalesced_transpose30": {"write": {"device_start": -1, "host_queued_start": 1585585864.614013, "device_queued": -1, "device_end": -1, "host_queued_end": 1585585864.621936}, "device": "cpu", "nd_range": {"device_start": 2253638.86285423, "device_end": 2253638.863065097}, "cmdq": 1, "read": {"device_start": -1, "device_end": -1}}, "FFC_sans_bias38": {"write": {"device_start": 1585585799.20024, "host_queued_start": 1585585864.593689, "device_queued": 1585585799.19956, "device_end": 1585585799.2002704, "host_queued_end": 1585585864.596027}, "device": "gpu", "nd_range": {"device_start": 1585585799.2002733, "device_end": 1585585799.2010837}, "cmdq": 1, "read": {"device_start": -1, "device_end": -1}}, "empty26": {"write": {"device_start": -1, "host_queued_start": 1585585864.599057, "device_queued": -1, "device_end": -1, "host_queued_end": 1585585864.621936}, "device": "cpu", "nd_range": {"device_start": 2253638.811565761, "device_end": 2253638.8115670183}, "cmdq": 0, "read": {"device_start": -1, "device_end": -1}}, "coalesced_transpose12": {"write": {"device_start": -1, "host_queued_start": 1585585864.613358, "device_queued": -1, "device_end": -1, "host_queued_end": 1585585864.621936}, "device": "cpu", "nd_range": {"device_start": 2253638.850436354, "device_end": 2253638.850589165}, "cmdq": 1, "read": {"device_start": -1, "device_end": -1}}, "empty44": {"write": {"device_start": 1585585799.1993024, "host_queued_start": 1585585864.590298, "device_queued": 1585585799.199178, "device_end": 1585585799.1993742, "host_queued_end": 1585585864.596027}, "device": "gpu", "nd_range": {"device_start": 1585585799.1993778, "device_end": 1585585799.1993837}, "cmdq": 0, "read": {"device_start": -1, "device_end": -1}}, "coalesced_transpose21": {"write": {"device_start": -1, "host_queued_start": 1585585864.613686, "device_queued": -1, "device_end": -1, "host_queued_end": 1585585864.621936}, "device": "cpu", "nd_range": {"device_start": 2253638.8630995383, "device_end": 2253638.8633296103}, "cmdq": 0, "read": {"device_start": -1, "device_end": -1}}, "FFC_sans_bias36": {"write": {"device_start": 1585585799.199434, "host_queued_start": 1585585864.591526, "device_queued": 1585585799.199298, "device_end": 1585585799.1994956, "host_queued_end": 1585585864.596027}, "device": "gpu", "nd_range": {"device_start": 1585585799.199499, "device_end": 1585585799.2001083}, "cmdq": 1, "read": {"device_start": -1, "device_end": -1}}, "softmax14": {"write": {"device_start": -1, "host_queued_start": 1585585864.615962, "device_queued": -1, "device_end": -1, "host_queued_end": 1585585864.621936}, "device": "cpu", "nd_range": {"device_start": 2253638.886372306, "device_end": 2253638.886485848}, "cmdq": 1, "read": {"device_start": -1, "device_end": -1}}, "FFC_sans_bias13": {"write": {"device_start": -1, "host_queued_start": 1585585864.614731, "device_queued": -1, "device_end": -1, "host_queued_end": 1585585864.621936}, "device": "cpu", "nd_range": {"device_start": 2253638.8632268393, "device_end": 2253638.8715769514}, "cmdq": 1, "read": {"device_start": -1, "device_end": -1}}, "empty8": {"write": {"device_start": -1, "host_queued_start": 1585585864.597232, "device_queued": -1, "device_end": -1, "host_queued_end": 1585585864.621936}, "device": "cpu", "nd_range": {"device_start": 2253638.8115324574, "device_end": 2253638.8115442554}, "cmdq": 0, "read": {"device_start": -1, "device_end": -1}}, "FFC_sans_bias42": {"write": {"device_start": -1, "host_queued_start": 1585585864.594909, "device_queued": -1, "device_end": -1, "host_queued_end": 1585585864.596027}, "device": "gpu", "nd_range": {"device_start": 1585585799.2019217, "device_end": 1585585799.2025218}, "cmdq": 1, "read": {"device_start": -1, "device_end": -1}}, "FFC_sans_bias43": {"write": {"device_start": 1585585799.2020366, "host_queued_start": 1585585864.595917, "device_queued": 1585585799.1997573, "device_end": 1585585799.2020674, "host_queued_end": 1585585864.596027}, "device": "gpu", "nd_range": {"device_start": 1585585799.2025247, "device_end": 1585585799.2031112}, "cmdq": 0, "read": {"device_start": 1585585799.2031178, "device_end": 1585585799.2031405}}, "FFC_sans_bias40": {"write": {"device_start": -1, "host_queued_start": 1585585864.59432, "device_queued": -1, "device_end": -1, "host_queued_end": 1585585864.596027}, "device": "gpu", "nd_range": {"device_start": 1585585799.201085, "device_end": 1585585799.2016954}, "cmdq": 1, "read": {"device_start": -1, "device_end": -1}}, "softmax32": {"write": {"device_start": -1, "host_queued_start": 1585585864.616506, "device_queued": -1, "device_end": -1, "host_queued_end": 1585585864.621936}, "device": "cpu", "nd_range": {"device_start": 2253638.886617102, "device_end": 2253638.887736185}, "cmdq": 1, "read": {"device_start": -1, "device_end": -1}}, "FFC_sans_bias33": {"write": {"device_start": -1, "host_queued_start": 1585585864.617858, "device_queued": -1, "device_end": -1, "host_queued_end": 1585585864.621936}, "device": "cpu", "nd_range": {"device_start": 2253638.8953761603, "device_end": 2253638.904943452}, "cmdq": 1, "read": {"device_start": -1, "device_end": -1}}, "FFC_sans_bias24": {"write": {"device_start": -1, "host_queued_start": 1585585864.617521, "device_queued": -1, "device_end": -1, "host_queued_end": 1585585864.621936}, "device": "cpu", "nd_range": {"device_start": 2253638.886508036, "device_end": 2253638.892378717}, "cmdq": 0, "read": {"device_start": -1, "device_end": -1}}, "FFC_sans_bias25": {"write": {"device_start": -1, "host_queued_start": 1585585864.620908, "device_queued": -1, "device_end": -1, "host_queued_end": 1585585864.621936}, "device": "cpu", "nd_range": {"device_start": 2253638.90439669, "device_end": 2253638.910331218}, "cmdq": 0, "read": {"device_start": -1, "device_end": -1}}, "FFC_sans_bias27": {"write": {"device_start": -1, "host_queued_start": 1585585864.610501, "device_queued": -1, "device_end": -1, "host_queued_end": 1585585864.621936}, "device": "cpu", "nd_range": {"device_start": 2253638.83688683, "device_end": 2253638.8433795613}, "cmdq": 1, "read": {"device_start": -1, "device_end": -1}}, "FFC_sans_bias20": {"write": {"device_start": -1, "host_queued_start": 1585585864.609458, "device_queued": -1, "device_end": -1, "host_queued_end": 1585585864.621936}, "device": "cpu", "nd_range": {"device_start": 2253638.854496307, "device_end": 2253638.85843225}, "cmdq": 0, "read": {"device_start": -1, "device_end": -1}}, "FFC_sans_bias22": {"write": {"device_start": -1, "host_queued_start": 1585585864.615075, "device_queued": -1, "device_end": -1, "host_queued_end": 1585585864.621936}, "device": "cpu", "nd_range": {"device_start": 2253638.87214394, "device_end": 2253638.880782292}, "cmdq": 0, "read": {"device_start": -1, "device_end": -1}}, "softmax5": {"write": {"device_start": -1, "host_queued_start": 1585585864.61569, "device_queued": -1, "device_end": -1, "host_queued_end": 1585585864.621936}, "device": "cpu", "nd_range": {"device_start": 2253638.880788891, "device_end": 2253638.880920256}, "cmdq": 0, "read": {"device_start": -1, "device_end": -1}}, "FFC_sans_bias28": {"write": {"device_start": -1, "host_queued_start": 1585585864.611585, "device_queued": -1, "device_end": -1, "host_queued_end": 1585585864.621936}, "device": "cpu", "nd_range": {"device_start": 2253638.8585579162, "device_end": 2253638.86284682}, "cmdq": 0, "read": {"device_start": -1, "device_end": -1}}, "FFC_sans_bias29": {"write": {"device_start": -1, "host_queued_start": 1585585864.612688, "device_queued": -1, "device_end": -1, "host_queued_end": 1585585864.621936}, "device": "cpu", "nd_range": {"device_start": 2253638.843505164, "device_end": 2253638.8504300723}, "cmdq": 1, "read": {"device_start": -1, "device_end": -1}}, "empty17": {"write": {"device_start": -1, "host_queued_start": 1585585864.598168, "device_queued": -1, "device_end": -1, "host_queued_end": 1585585864.621936}, "device": "cpu", "nd_range": {"device_start": 2253638.811532529, "device_end": 2253638.811544233}, "cmdq": 1, "read": {"device_start": -1, "device_end": -1}}, "empty35": {"write": {"device_start": -1, "host_queued_start": 1585585864.5999, "device_queued": -1, "device_end": -1, "host_queued_end": 1585585864.621936}, "device": "cpu", "nd_range": {"device_start": 2253638.8115660474, "device_end": 2253638.81156694}, "cmdq": 1, "read": {"device_start": -1, "device_end": -1}}}