{"FFC_sans_bias4": {"write": {"device_start": -1, "host_queued_start": 1585585972.911162, "device_queued": -1, "device_end": -1, "host_queued_end": 1585585972.914818}, "device": "cpu", "nd_range": {"device_start": 2253747.1291270102, "device_end": 2253747.140631819}, "cmdq": 2, "read": {"device_start": -1, "device_end": -1}}, "FFC_sans_bias7": {"write": {"device_start": -1, "host_queued_start": 1585585972.91376, "device_queued": -1, "device_end": -1, "host_queued_end": 1585585972.914818}, "device": "cpu", "nd_range": {"device_start": 2253747.154687154, "device_end": 2253747.158703992}, "cmdq": 0, "read": {"device_start": -1, "device_end": -1}}, "FFC_sans_bias6": {"write": {"device_start": -1, "host_queued_start": 1585585972.912381, "device_queued": -1, "device_end": -1, "host_queued_end": 1585585972.914818}, "device": "cpu", "nd_range": {"device_start": 2253747.141735691, "device_end": 2253747.1546802293}, "cmdq": 2, "read": {"device_start": -1, "device_end": -1}}, "FFC_sans_bias1": {"write": {"device_start": -1, "host_queued_start": 1585585972.905516, "device_queued": -1, "device_end": -1, "host_queued_end": 1585585972.914818}, "device": "cpu", "nd_range": {"device_start": 2253747.10452825, "device_end": 2253747.119734291}, "cmdq": 3, "read": {"device_start": -1, "device_end": -1}}, "FFC_sans_bias0": {"write": {"device_start": -1, "host_queued_start": 1585585972.904343, "device_queued": -1, "device_end": -1, "host_queued_end": 1585585972.914818}, "device": "cpu", "nd_range": {"device_start": 2253747.104456499, "device_end": 2253747.121221762}, "cmdq": 2, "read": {"device_start": -1, "device_end": -1}}, "FFC_sans_bias2": {"write": {"device_start": -1, "host_queued_start": 1585585972.906642, "device_queued": -1, "device_end": -1, "host_queued_end": 1585585972.914818}, "device": "cpu", "nd_range": {"device_start": 2253747.104429185, "device_end": 2253747.119773338}, "cmdq": 0, "read": {"device_start": -1, "device_end": -1}}, "FFC_sans_bias9": {"write": {"device_start": -1, "host_queued_start": 1585585972.907689, "device_queued": -1, "device_end": -1, "host_queued_end": 1585585972.914818}, "device": "cpu", "nd_range": {"device_start": 2253747.104427867, "device_end": 2253747.1198308193}, "cmdq": 1, "read": {"device_start": -1, "device_end": -1}}, "coalesced_transpose39": {"write": {"device_start": -1, "host_queued_start": 1585585972.894747, "device_queued": -1, "device_end": -1, "host_queued_end": 1585585972.90063}, "device": "gpu", "nd_range": {"device_start": 1585585907.505914, "device_end": 1585585907.5067816}, "cmdq": 2, "read": {"device_start": -1, "device_end": -1}}, "softmax23": {"write": {"device_start": -1, "host_queued_start": 1585585972.89594, "device_queued": -1, "device_end": -1, "host_queued_end": 1585585972.90063}, "device": "gpu", "nd_range": {"device_start": 1585585907.5063953, "device_end": 1585585907.5071297}, "cmdq": 0, "read": {"device_start": -1, "device_end": -1}}, "FFC_sans_bias37": {"write": {"device_start": 1585585907.5041287, "host_queued_start": 1585585972.892609, "device_queued": 1585585907.5018828, "device_end": 1585585907.504155, "host_queued_end": 1585585972.90063}, "device": "gpu", "nd_range": {"device_start": 1585585907.5041575, "device_end": 1585585907.5054376}, "cmdq": 1, "read": {"device_start": -1, "device_end": -1}}, "softmax41": {"write": {"device_start": -1, "host_queued_start": 1585585972.896423, "device_queued": -1, "device_end": -1, "host_queued_end": 1585585972.90063}, "device": "gpu", "nd_range": {"device_start": 1585585907.5073886, "device_end": 1585585907.5080345}, "cmdq": 2, "read": {"device_start": -1, "device_end": -1}}, "FFC_sans_bias11": {"write": {"device_start": -1, "host_queued_start": 1585585972.910034, "device_queued": -1, "device_end": -1, "host_queued_end": 1585585972.914818}, "device": "cpu", "nd_range": {"device_start": 2253747.1198556493, "device_end": 2253747.126414201}, "cmdq": 3, "read": {"device_start": -1, "device_end": -1}}, "FFC_sans_bias10": {"write": {"device_start": -1, "host_queued_start": 1585585972.908877, "device_queued": -1, "device_end": -1, "host_queued_end": 1585585972.914818}, "device": "cpu", "nd_range": {"device_start": 2253747.123835219, "device_end": 2253747.129105919}, "cmdq": 2, "read": {"device_start": -1, "device_end": -1}}, "coalesced_transpose3": {"write": {"device_start": -1, "host_queued_start": 1585585972.910409, "device_queued": -1, "device_end": -1, "host_queued_end": 1585585972.914818}, "device": "cpu", "nd_range": {"device_start": 2253747.123242333, "device_end": 2253747.1234779693}, "cmdq": 0, "read": {"device_start": -1, "device_end": -1}}, "FFC_sans_bias34": {"write": {"device_start": 1585585907.5085032, "host_queued_start": 1585585972.899445, "device_queued": 1585585907.5027392, "device_end": 1585585907.5085332, "host_queued_end": 1585585972.90063}, "device": "gpu", "nd_range": {"device_start": 1585585907.5085359, "device_end": 1585585907.5097775}, "cmdq": 1, "read": {"device_start": 1585585907.5097828, "device_end": 1585585907.5098064}}, "FFC_sans_bias15": {"write": {"device_start": -1, "host_queued_start": 1585585972.912722, "device_queued": -1, "device_end": -1, "host_queued_end": 1585585972.914818}, "device": "cpu", "nd_range": {"device_start": 2253747.138781649, "device_end": 2253747.144548315}, "cmdq": 3, "read": {"device_start": -1, "device_end": -1}}, "FFC_sans_bias31": {"write": {"device_start": -1, "host_queued_start": 1585585972.89538, "device_queued": -1, "device_end": -1, "host_queued_end": 1585585972.90063}, "device": "gpu", "nd_range": {"device_start": 1585585907.5057938, "device_end": 1585585907.506848}, "cmdq": 1, "read": {"device_start": -1, "device_end": -1}}, "FFC_sans_bias16": {"write": {"device_start": -1, "host_queued_start": 1585585972.914771, "device_queued": -1, "device_end": -1, "host_queued_end": 1585585972.914818}, "device": "cpu", "nd_range": {"device_start": 2253747.1456181663, "device_end": 2253747.1546806553}, "cmdq": 1, "read": {"device_start": -1, "device_end": -1}}, "FFC_sans_bias19": {"write": {"device_start": 1585585907.5014637, "host_queued_start": 1585585972.886349, "device_queued": 1585585907.5012255, "device_end": 1585585907.5015435, "host_queued_end": 1585585972.90063}, "device": "gpu", "nd_range": {"device_start": 1585585907.5015483, "device_end": 1585585907.5024562}, "cmdq": 1, "read": {"device_start": -1, "device_end": -1}}, "FFC_sans_bias18": {"write": {"device_start": 1585585907.5013635, "host_queued_start": 1585585972.885314, "device_queued": 1585585907.5010576, "device_end": 1585585907.501432, "host_queued_end": 1585585972.90063}, "device": "gpu", "nd_range": {"device_start": 1585585907.5014448, "device_end": 1585585907.5020473}, "cmdq": 0, "read": {"device_start": -1, "device_end": -1}}, "coalesced_transpose30": {"write": {"device_start": -1, "host_queued_start": 1585585972.894407, "device_queued": -1, "device_end": -1, "host_queued_end": 1585585972.90063}, "device": "gpu", "nd_range": {"device_start": 1585585907.5054386, "device_end": 1585585907.5057924}, "cmdq": 1, "read": {"device_start": -1, "device_end": -1}}, "FFC_sans_bias38": {"write": {"device_start": 1585585907.5045617, "host_queued_start": 1585585972.893635, "device_queued": 1585585907.5019076, "device_end": 1585585907.5045872, "host_queued_end": 1585585972.90063}, "device": "gpu", "nd_range": {"device_start": 1585585907.504592, "device_end": 1585585907.5059066}, "cmdq": 2, "read": {"device_start": -1, "device_end": -1}}, "empty26": {"write": {"device_start": 1585585907.5009887, "host_queued_start": 1585585972.882407, "device_queued": 1585585907.5008469, "device_end": 1585585907.5010448, "host_queued_end": 1585585972.90063}, "device": "gpu", "nd_range": {"device_start": 1585585907.5010498, "device_end": 1585585907.5010567}, "cmdq": 0, "read": {"device_start": -1, "device_end": -1}}, "coalesced_transpose12": {"write": {"device_start": -1, "host_queued_start": 1585585972.910823, "device_queued": -1, "device_end": -1, "host_queued_end": 1585585972.914818}, "device": "cpu", "nd_range": {"device_start": 2253747.1291233203, "device_end": 2253747.129367743}, "cmdq": 1, "read": {"device_start": -1, "device_end": -1}}, "empty44": {"write": {"device_start": 1585585907.5012336, "host_queued_start": 1585585972.884315, "device_queued": 1585585907.5009882, "device_end": 1585585907.5012968, "host_queued_end": 1585585972.90063}, "device": "gpu", "nd_range": {"device_start": 1585585907.501303, "device_end": 1585585907.5013084}, "cmdq": 2, "read": {"device_start": -1, "device_end": -1}}, "coalesced_transpose21": {"write": {"device_start": -1, "host_queued_start": 1585585972.893954, "device_queued": -1, "device_end": -1, "host_queued_end": 1585585972.90063}, "device": "gpu", "nd_range": {"device_start": 1585585907.5049272, "device_end": 1585585907.5057778}, "cmdq": 0, "read": {"device_start": -1, "device_end": -1}}, "FFC_sans_bias36": {"write": {"device_start": 1585585907.5035994, "host_queued_start": 1585585972.891575, "device_queued": 1585585907.501735, "device_end": 1585585907.5036309, "host_queued_end": 1585585972.90063}, "device": "gpu", "nd_range": {"device_start": 1585585907.503638, "device_end": 1585585907.5049257}, "cmdq": 0, "read": {"device_start": -1, "device_end": -1}}, "softmax14": {"write": {"device_start": -1, "host_queued_start": 1585585972.912046, "device_queued": -1, "device_end": -1, "host_queued_end": 1585585972.914818}, "device": "cpu", "nd_range": {"device_start": 2253747.138519695, "device_end": 2253747.138647381}, "cmdq": 1, "read": {"device_start": -1, "device_end": -1}}, "FFC_sans_bias13": {"write": {"device_start": -1, "host_queued_start": 1585585972.911502, "device_queued": -1, "device_end": -1, "host_queued_end": 1585585972.914818}, "device": "cpu", "nd_range": {"device_start": 2253747.129484001, "device_end": 2253747.138501109}, "cmdq": 3, "read": {"device_start": -1, "device_end": -1}}, "empty8": {"write": {"device_start": -1, "host_queued_start": 1585585972.902004, "device_queued": -1, "device_end": -1, "host_queued_end": 1585585972.914818}, "device": "cpu", "nd_range": {"device_start": 2253747.1043964364, "device_end": 2253747.1044073333}, "cmdq": 0, "read": {"device_start": -1, "device_end": -1}}, "FFC_sans_bias42": {"write": {"device_start": -1, "host_queued_start": 1585585972.89737, "device_queued": -1, "device_end": -1, "host_queued_end": 1585585972.90063}, "device": "gpu", "nd_range": {"device_start": 1585585907.5080354, "device_end": 1585585907.5093536}, "cmdq": 2, "read": {"device_start": -1, "device_end": -1}}, "FFC_sans_bias43": {"write": {"device_start": 1585585907.509481, "host_queued_start": 1585585972.900527, "device_queued": 1585585907.5028734, "device_end": 1585585907.5095134, "host_queued_end": 1585585972.90063}, "device": "gpu", "nd_range": {"device_start": 1585585907.5095177, "device_end": 1585585907.5102365}, "cmdq": 2, "read": {"device_start": 1585585907.5102425, "device_end": 1585585907.5102654}}, "FFC_sans_bias40": {"write": {"device_start": -1, "host_queued_start": 1585585972.895686, "device_queued": -1, "device_end": -1, "host_queued_end": 1585585972.90063}, "device": "gpu", "nd_range": {"device_start": 1585585907.5067825, "device_end": 1585585907.5073872}, "cmdq": 2, "read": {"device_start": -1, "device_end": -1}}, "softmax32": {"write": {"device_start": -1, "host_queued_start": 1585585972.896182, "device_queued": -1, "device_end": -1, "host_queued_end": 1585585972.90063}, "device": "gpu", "nd_range": {"device_start": 1585585907.5068493, "device_end": 1585585907.507562}, "cmdq": 1, "read": {"device_start": -1, "device_end": -1}}, "FFC_sans_bias33": {"write": {"device_start": -1, "host_queued_start": 1585585972.897059, "device_queued": -1, "device_end": -1, "host_queued_end": 1585585972.90063}, "device": "gpu", "nd_range": {"device_start": 1585585907.5075629, "device_end": 1585585907.5083716}, "cmdq": 1, "read": {"device_start": -1, "device_end": -1}}, "FFC_sans_bias24": {"write": {"device_start": -1, "host_queued_start": 1585585972.896739, "device_queued": -1, "device_end": -1, "host_queued_end": 1585585972.90063}, "device": "gpu", "nd_range": {"device_start": 1585585907.5071306, "device_end": 1585585907.507828}, "cmdq": 0, "read": {"device_start": -1, "device_end": -1}}, "FFC_sans_bias25": {"write": {"device_start": 1585585907.5079665, "host_queued_start": 1585585972.898378, "device_queued": 1585585907.5026915, "device_end": 1585585907.5079973, "host_queued_end": 1585585972.90063}, "device": "gpu", "nd_range": {"device_start": 1585585907.5080018, "device_end": 1585585907.5088067}, "cmdq": 0, "read": {"device_start": 1585585907.5088093, "device_end": 1585585907.5088344}}, "FFC_sans_bias27": {"write": {"device_start": 1585585907.5021768, "host_queued_start": 1585585972.888456, "device_queued": 1585585907.5014791, "device_end": 1585585907.5022016, "host_queued_end": 1585585972.90063}, "device": "gpu", "nd_range": {"device_start": 1585585907.502207, "device_end": 1585585907.503461}, "cmdq": 0, "read": {"device_start": -1, "device_end": -1}}, "FFC_sans_bias20": {"write": {"device_start": 1585585907.5015802, "host_queued_start": 1585585972.887431, "device_queued": 1585585907.5012538, "device_end": 1585585907.5016048, "host_queued_end": 1585585972.90063}, "device": "gpu", "nd_range": {"device_start": 1585585907.501607, "device_end": 1585585907.5030365}, "cmdq": 2, "read": {"device_start": -1, "device_end": -1}}, "FFC_sans_bias22": {"write": {"device_start": -1, "host_queued_start": 1585585972.895065, "device_queued": -1, "device_end": -1, "host_queued_end": 1585585972.90063}, "device": "gpu", "nd_range": {"device_start": 1585585907.505779, "device_end": 1585585907.5063941}, "cmdq": 0, "read": {"device_start": -1, "device_end": -1}}, "softmax5": {"write": {"device_start": -1, "host_queued_start": 1585585972.911778, "device_queued": -1, "device_end": -1, "host_queued_end": 1585585972.914818}, "device": "cpu", "nd_range": {"device_start": 2253747.1412060703, "device_end": 2253747.1414095294}, "cmdq": 0, "read": {"device_start": -1, "device_end": -1}}, "FFC_sans_bias28": {"write": {"device_start": 1585585907.5025887, "host_queued_start": 1585585972.889476, "device_queued": 1585585907.5015316, "device_end": 1585585907.5026195, "host_queued_end": 1585585972.90063}, "device": "gpu", "nd_range": {"device_start": 1585585907.5026233, "device_end": 1585585907.5039976}, "cmdq": 1, "read": {"device_start": -1, "device_end": -1}}, "FFC_sans_bias29": {"write": {"device_start": 1585585907.503171, "host_queued_start": 1585585972.890515, "device_queued": 1585585907.5016809, "device_end": 1585585907.5032027, "host_queued_end": 1585585972.90063}, "device": "gpu", "nd_range": {"device_start": 1585585907.5032065, "device_end": 1585585907.5044549}, "cmdq": 2, "read": {"device_start": -1, "device_end": -1}}, "empty17": {"write": {"device_start": -1, "host_queued_start": 1585585972.903128, "device_queued": -1, "device_end": -1, "host_queued_end": 1585585972.914818}, "device": "cpu", "nd_range": {"device_start": 2253747.104403152, "device_end": 2253747.1044086614}, "cmdq": 1, "read": {"device_start": -1, "device_end": -1}}, "empty35": {"write": {"device_start": 1585585907.5011256, "host_queued_start": 1585585972.883479, "device_queued": 1585585907.5009675, "device_end": 1585585907.5011852, "host_queued_end": 1585585972.90063}, "device": "gpu", "nd_range": {"device_start": 1585585907.5011895, "device_end": 1585585907.5011938}, "cmdq": 1, "read": {"device_start": -1, "device_end": -1}}}