{"FFC_sans_bias4": {"write": {"device_start": -1, "host_queued_start": 1585586100.233278, "device_queued": -1, "device_end": -1, "host_queued_end": 1585586100.235061}, "device": "cpu", "nd_range": {"device_start": 2253874.436951333, "device_end": 2253874.4419895}, "cmdq": 1, "read": {"device_start": -1, "device_end": -1}}, "FFC_sans_bias7": {"write": {"device_start": -1, "host_queued_start": 1585586100.235013, "device_queued": -1, "device_end": -1, "host_queued_end": 1585586100.235061}, "device": "cpu", "nd_range": {"device_start": 2253874.44652251, "device_end": 2253874.451107676}, "cmdq": 0, "read": {"device_start": -1, "device_end": -1}}, "FFC_sans_bias6": {"write": {"device_start": -1, "host_queued_start": 1585586100.233916, "device_queued": -1, "device_end": -1, "host_queued_end": 1585586100.235061}, "device": "cpu", "nd_range": {"device_start": 2253874.442226354, "device_end": 2253874.446514389}, "cmdq": 1, "read": {"device_start": -1, "device_end": -1}}, "FFC_sans_bias1": {"write": {"device_start": -1, "host_queued_start": 1585586100.231385, "device_queued": -1, "device_end": -1, "host_queued_end": 1585586100.235061}, "device": "cpu", "nd_range": {"device_start": 2253874.42466192, "device_end": 2253874.431354197}, "cmdq": 0, "read": {"device_start": -1, "device_end": -1}}, "FFC_sans_bias0": {"write": {"device_start": -1, "host_queued_start": 1585586100.230126, "device_queued": -1, "device_end": -1, "host_queued_end": 1585586100.235061}, "device": "cpu", "nd_range": {"device_start": 2253874.424655945, "device_end": 2253874.4328183574}, "cmdq": 1, "read": {"device_start": -1, "device_end": -1}}, "FFC_sans_bias2": {"write": {"device_start": -1, "host_queued_start": 1585586100.232585, "device_queued": -1, "device_end": -1, "host_queued_end": 1585586100.235061}, "device": "cpu", "nd_range": {"device_start": 2253874.432843379, "device_end": 2253874.436933549}, "cmdq": 1, "read": {"device_start": -1, "device_end": -1}}, "FFC_sans_bias9": {"write": {"device_start": 1585586034.8245885, "host_queued_start": 1585586100.206199, "device_queued": 1585586034.8243709, "device_end": 1585586034.8246481, "host_queued_end": 1585586100.227125}, "device": "gpu", "nd_range": {"device_start": 1585586034.8246536, "device_end": 1585586034.8252609}, "cmdq": 4, "read": {"device_start": -1, "device_end": -1}}, "coalesced_transpose39": {"write": {"device_start": -1, "host_queued_start": 1585586100.219244, "device_queued": -1, "device_end": -1, "host_queued_end": 1585586100.227125}, "device": "gpu", "nd_range": {"device_start": 1585586034.8300607, "device_end": 1585586034.8304644}, "cmdq": 4, "read": {"device_start": -1, "device_end": -1}}, "softmax23": {"write": {"device_start": -1, "host_queued_start": 1585586100.221046, "device_queued": -1, "device_end": -1, "host_queued_end": 1585586100.227125}, "device": "gpu", "nd_range": {"device_start": 1585586034.8316023, "device_end": 1585586034.8329873}, "cmdq": 0, "read": {"device_start": -1, "device_end": -1}}, "FFC_sans_bias37": {"write": {"device_start": 1585586034.828659, "host_queued_start": 1585586100.216923, "device_queued": 1585586034.8254225, "device_end": 1585586034.8287275, "host_queued_end": 1585586100.227125}, "device": "gpu", "nd_range": {"device_start": 1585586034.8287323, "device_end": 1585586034.8300595}, "cmdq": 4, "read": {"device_start": -1, "device_end": -1}}, "softmax41": {"write": {"device_start": -1, "host_queued_start": 1585586100.221555, "device_queued": -1, "device_end": -1, "host_queued_end": 1585586100.227125}, "device": "gpu", "nd_range": {"device_start": 1585586034.8325841, "device_end": 1585586034.8327858}, "cmdq": 2, "read": {"device_start": -1, "device_end": -1}}, "FFC_sans_bias11": {"write": {"device_start": 1585586034.8248274, "host_queued_start": 1585586100.20837, "device_queued": 1585586034.8247213, "device_end": 1585586034.824894, "host_queued_end": 1585586100.227125}, "device": "gpu", "nd_range": {"device_start": 1585586034.824969, "device_end": 1585586034.826229}, "cmdq": 1, "read": {"device_start": -1, "device_end": -1}}, "FFC_sans_bias10": {"write": {"device_start": 1585586034.8246794, "host_queued_start": 1585586100.207324, "device_queued": 1585586034.8245146, "device_end": 1585586034.8247056, "host_queued_end": 1585586100.227125}, "device": "gpu", "nd_range": {"device_start": 1585586034.8247144, "device_end": 1585586034.8256671}, "cmdq": 0, "read": {"device_start": -1, "device_end": -1}}, "coalesced_transpose3": {"write": {"device_start": -1, "host_queued_start": 1585586100.232923, "device_queued": -1, "device_end": -1, "host_queued_end": 1585586100.235061}, "device": "cpu", "nd_range": {"device_start": 2253874.431541194, "device_end": 2253874.43177816}, "cmdq": 0, "read": {"device_start": -1, "device_end": -1}}, "FFC_sans_bias34": {"write": {"device_start": 1585586034.8352146, "host_queued_start": 1585586100.225958, "device_queued": 1585586034.8266175, "device_end": 1585586034.835283, "host_queued_end": 1585586100.227125}, "device": "gpu", "nd_range": {"device_start": 1585586034.8352919, "device_end": 1585586034.836674}, "cmdq": 4, "read": {"device_start": 1585586034.8429737, "device_end": 1585586034.8430152}}, "FFC_sans_bias15": {"write": {"device_start": -1, "host_queued_start": 1585586100.221868, "device_queued": -1, "device_end": -1, "host_queued_end": 1585586100.227125}, "device": "gpu", "nd_range": {"device_start": 1585586034.8330257, "device_end": 1585586034.8350039}, "cmdq": 3, "read": {"device_start": -1, "device_end": -1}}, "FFC_sans_bias31": {"write": {"device_start": -1, "host_queued_start": 1585586100.220218, "device_queued": -1, "device_end": -1, "host_queued_end": 1585586100.227125}, "device": "gpu", "nd_range": {"device_start": 1585586034.8305962, "device_end": 1585586034.832153}, "cmdq": 2, "read": {"device_start": -1, "device_end": -1}}, "FFC_sans_bias16": {"write": {"device_start": 1585586034.8350325, "host_queued_start": 1585586100.223853, "device_queued": 1585586034.8264804, "device_end": 1585586034.8350794, "host_queued_end": 1585586100.227125}, "device": "gpu", "nd_range": {"device_start": 1585586034.83509, "device_end": 1585586034.8356953}, "cmdq": 2, "read": {"device_start": 1585586034.8356993, "device_end": 1585586034.8357234}}, "FFC_sans_bias19": {"write": {"device_start": 1585586034.8250344, "host_queued_start": 1585586100.210446, "device_queued": 1585586034.824762, "device_end": 1585586034.8250647, "host_queued_end": 1585586100.227125}, "device": "gpu", "nd_range": {"device_start": 1585586034.8250744, "device_end": 1585586034.8272204}, "cmdq": 3, "read": {"device_start": -1, "device_end": -1}}, "FFC_sans_bias18": {"write": {"device_start": 1585586034.8249247, "host_queued_start": 1585586100.20941, "device_queued": 1585586034.8247492, "device_end": 1585586034.8249853, "host_queued_end": 1585586100.227125}, "device": "gpu", "nd_range": {"device_start": 1585586034.8249898, "device_end": 1585586034.8266542}, "cmdq": 2, "read": {"device_start": -1, "device_end": -1}}, "coalesced_transpose30": {"write": {"device_start": -1, "host_queued_start": 1585586100.218941, "device_queued": -1, "device_end": -1, "host_queued_end": 1585586100.227125}, "device": "gpu", "nd_range": {"device_start": 1585586034.8296149, "device_end": 1585586034.8304634}, "cmdq": 3, "read": {"device_start": -1, "device_end": -1}}, "FFC_sans_bias38": {"write": {"device_start": 1585586034.828745, "host_queued_start": 1585586100.217965, "device_queued": 1585586034.8256452, "device_end": 1585586034.8287702, "host_queued_end": 1585586100.227125}, "device": "gpu", "nd_range": {"device_start": 1585586034.8287833, "device_end": 1585586034.8305662}, "cmdq": 0, "read": {"device_start": -1, "device_end": -1}}, "empty26": {"write": {"device_start": 1585586034.824261, "host_queued_start": 1585586100.203449, "device_queued": 1585586034.8241036, "device_end": 1585586034.8243346, "host_queued_end": 1585586100.227125}, "device": "gpu", "nd_range": {"device_start": 1585586034.8244271, "device_end": 1585586034.824432}, "cmdq": 1, "read": {"device_start": -1, "device_end": -1}}, "coalesced_transpose12": {"write": {"device_start": -1, "host_queued_start": 1585586100.218296, "device_queued": -1, "device_end": -1, "host_queued_end": 1585586100.227125}, "device": "gpu", "nd_range": {"device_start": 1585586034.8286304, "device_end": 1585586034.8294692}, "cmdq": 1, "read": {"device_start": -1, "device_end": -1}}, "empty44": {"write": {"device_start": 1585586034.824476, "host_queued_start": 1585586100.205193, "device_queued": 1585586034.824173, "device_end": 1585586034.8245478, "host_queued_end": 1585586100.227125}, "device": "gpu", "nd_range": {"device_start": 1585586034.8245559, "device_end": 1585586034.8245664}, "cmdq": 3, "read": {"device_start": -1, "device_end": -1}}, "coalesced_transpose21": {"write": {"device_start": -1, "host_queued_start": 1585586100.21863, "device_queued": -1, "device_end": -1, "host_queued_end": 1585586100.227125}, "device": "gpu", "nd_range": {"device_start": 1585586034.8290982, "device_end": 1585586034.830441}, "cmdq": 2, "read": {"device_start": -1, "device_end": -1}}, "FFC_sans_bias36": {"write": {"device_start": 1585586034.8273351, "host_queued_start": 1585586100.215884, "device_queued": 1585586034.8253987, "device_end": 1585586034.8273618, "host_queued_end": 1585586100.227125}, "device": "gpu", "nd_range": {"device_start": 1585586034.8273778, "device_end": 1585586034.8296072}, "cmdq": 3, "read": {"device_start": -1, "device_end": -1}}, "softmax14": {"write": {"device_start": -1, "host_queued_start": 1585586100.220789, "device_queued": -1, "device_end": -1, "host_queued_end": 1585586100.227125}, "device": "gpu", "nd_range": {"device_start": 1585586034.8311913, "device_end": 1585586034.8329983}, "cmdq": 4, "read": {"device_start": -1, "device_end": -1}}, "FFC_sans_bias13": {"write": {"device_start": -1, "host_queued_start": 1585586100.219573, "device_queued": -1, "device_end": -1, "host_queued_end": 1585586100.227125}, "device": "gpu", "nd_range": {"device_start": 1585586034.8305748, "device_end": 1585586034.8311799}, "cmdq": 0, "read": {"device_start": -1, "device_end": -1}}, "empty8": {"write": {"device_start": -1, "host_queued_start": 1585586100.228773, "device_queued": -1, "device_end": -1, "host_queued_end": 1585586100.235061}, "device": "cpu", "nd_range": {"device_start": 2253874.4246304333, "device_end": 2253874.424644275}, "cmdq": 0, "read": {"device_start": -1, "device_end": -1}}, "FFC_sans_bias42": {"write": {"device_start": -1, "host_queued_start": 1585586100.222835, "device_queued": -1, "device_end": -1, "host_queued_end": 1585586100.227125}, "device": "gpu", "nd_range": {"device_start": 1585586034.8330176, "device_end": 1585586034.8345678}, "cmdq": 1, "read": {"device_start": -1, "device_end": -1}}, "FFC_sans_bias43": {"write": {"device_start": 1585586034.835294, "host_queued_start": 1585586100.227018, "device_queued": 1585586034.8268642, "device_end": 1585586034.8353193, "host_queued_end": 1585586100.227125}, "device": "gpu", "nd_range": {"device_start": 1585586034.8353312, "device_end": 1585586034.8370895}, "cmdq": 0, "read": {"device_start": 1585586034.8430498, "device_end": 1585586034.8431003}}, "FFC_sans_bias40": {"write": {"device_start": -1, "host_queued_start": 1585586100.220536, "device_queued": -1, "device_end": -1, "host_queued_end": 1585586100.227125}, "device": "gpu", "nd_range": {"device_start": 1585586034.830606, "device_end": 1585586034.8325737}, "cmdq": 3, "read": {"device_start": -1, "device_end": -1}}, "softmax32": {"write": {"device_start": -1, "host_queued_start": 1585586100.221303, "device_queued": -1, "device_end": -1, "host_queued_end": 1585586100.227125}, "device": "gpu", "nd_range": {"device_start": 1585586034.832168, "device_end": 1585586034.8329892}, "cmdq": 1, "read": {"device_start": -1, "device_end": -1}}, "FFC_sans_bias33": {"write": {"device_start": -1, "host_queued_start": 1585586100.222508, "device_queued": -1, "device_end": -1, "host_queued_end": 1585586100.227125}, "device": "gpu", "nd_range": {"device_start": 1585586034.8330123, "device_end": 1585586034.834007}, "cmdq": 0, "read": {"device_start": -1, "device_end": -1}}, "FFC_sans_bias24": {"write": {"device_start": -1, "host_queued_start": 1585586100.222188, "device_queued": -1, "device_end": -1, "host_queued_end": 1585586100.227125}, "device": "gpu", "nd_range": {"device_start": 1585586034.8330038, "device_end": 1585586034.8336122}, "cmdq": 4, "read": {"device_start": -1, "device_end": -1}}, "FFC_sans_bias25": {"write": {"device_start": 1585586034.835131, "host_queued_start": 1585586100.224911, "device_queued": 1585586034.8265927, "device_end": 1585586034.8351953, "host_queued_end": 1585586100.227125}, "device": "gpu", "nd_range": {"device_start": 1585586034.8352053, "device_end": 1585586034.8360999}, "cmdq": 3, "read": {"device_start": 1585586034.8361018, "device_end": 1585586034.8361256}}, "FFC_sans_bias27": {"write": {"device_start": 1585586034.8257592, "host_queued_start": 1585586100.212582, "device_queued": 1585586034.8251414, "device_end": 1585586034.8257897, "host_queued_end": 1585586100.227125}, "device": "gpu", "nd_range": {"device_start": 1585586034.8257961, "device_end": 1585586034.8281214}, "cmdq": 0, "read": {"device_start": -1, "device_end": -1}}, "FFC_sans_bias20": {"write": {"device_start": 1585586034.825396, "host_queued_start": 1585586100.211514, "device_queued": 1585586034.8247807, "device_end": 1585586034.8254218, "host_queued_end": 1585586100.227125}, "device": "gpu", "nd_range": {"device_start": 1585586034.8254256, "device_end": 1585586034.827652}, "cmdq": 4, "read": {"device_start": -1, "device_end": -1}}, "FFC_sans_bias22": {"write": {"device_start": -1, "host_queued_start": 1585586100.219895, "device_queued": -1, "device_end": -1, "host_queued_end": 1585586100.227125}, "device": "gpu", "nd_range": {"device_start": 1585586034.8305864, "device_end": 1585586034.8315873}, "cmdq": 1, "read": {"device_start": -1, "device_end": -1}}, "softmax5": {"write": {"device_start": -1, "host_queued_start": 1585586100.233565, "device_queued": -1, "device_end": -1, "host_queued_end": 1585586100.235061}, "device": "cpu", "nd_range": {"device_start": 2253874.442032042, "device_end": 2253874.442210779}, "cmdq": 0, "read": {"device_start": -1, "device_end": -1}}, "FFC_sans_bias28": {"write": {"device_start": 1585586034.8263488, "host_queued_start": 1585586100.213615, "device_queued": 1585586034.825198, "device_end": 1585586034.82638, "host_queued_end": 1585586100.227125}, "device": "gpu", "nd_range": {"device_start": 1585586034.8263848, "device_end": 1585586034.8286278}, "cmdq": 1, "read": {"device_start": -1, "device_end": -1}}, "FFC_sans_bias29": {"write": {"device_start": 1585586034.8267643, "host_queued_start": 1585586100.214688, "device_queued": 1585586034.8252218, "device_end": 1585586034.8267891, "host_queued_end": 1585586100.227125}, "device": "gpu", "nd_range": {"device_start": 1585586034.826792, "device_end": 1585586034.8290958}, "cmdq": 2, "read": {"device_start": -1, "device_end": -1}}, "empty17": {"write": {"device_start": 1585586034.8241224, "host_queued_start": 1585586100.202389, "device_queued": 1585586034.8239932, "device_end": 1585586034.824154, "host_queued_end": 1585586100.227125}, "device": "gpu", "nd_range": {"device_start": 1585586034.8241577, "device_end": 1585586034.8241694}, "cmdq": 0, "read": {"device_start": -1, "device_end": -1}}, "empty35": {"write": {"device_start": 1585586034.824362, "host_queued_start": 1585586100.204305, "device_queued": 1585586034.82414, "device_end": 1585586034.8244286, "host_queued_end": 1585586100.227125}, "device": "gpu", "nd_range": {"device_start": 1585586034.8244367, "device_end": 1585586034.8244457}, "cmdq": 2, "read": {"device_start": -1, "device_end": -1}}}