{"FFC_sans_bias4": {"write": {"device_start": -1, "host_queued_start": 1585585791.436879, "device_queued": -1, "device_end": -1, "host_queued_end": 1585585791.438776}, "device": "cpu", "nd_range": {"device_start": 2253565.6401581373, "device_end": 2253565.6444318183}, "cmdq": 2, "read": {"device_start": -1, "device_end": -1}}, "FFC_sans_bias7": {"write": {"device_start": -1, "host_queued_start": 1585585791.43873, "device_queued": -1, "device_end": -1, "host_queued_end": 1585585791.438776}, "device": "cpu", "nd_range": {"device_start": 2253565.6495945873, "device_end": 2253565.653961845}, "cmdq": 2, "read": {"device_start": -1, "device_end": -1}}, "FFC_sans_bias6": {"write": {"device_start": -1, "host_queued_start": 1585585791.437532, "device_queued": -1, "device_end": -1, "host_queued_end": 1585585791.438776}, "device": "cpu", "nd_range": {"device_start": 2253565.644735572, "device_end": 2253565.6495758193}, "cmdq": 1, "read": {"device_start": -1, "device_end": -1}}, "FFC_sans_bias1": {"write": {"device_start": -1, "host_queued_start": 1585585791.434992, "device_queued": -1, "device_end": -1, "host_queued_end": 1585585791.438776}, "device": "cpu", "nd_range": {"device_start": 2253565.6283916193, "device_end": 2253565.637027524}, "cmdq": 2, "read": {"device_start": -1, "device_end": -1}}, "FFC_sans_bias0": {"write": {"device_start": -1, "host_queued_start": 1585585791.433707, "device_queued": -1, "device_end": -1, "host_queued_end": 1585585791.438776}, "device": "cpu", "nd_range": {"device_start": 2253565.628371356, "device_end": 2253565.6400263933}, "cmdq": 1, "read": {"device_start": -1, "device_end": -1}}, "FFC_sans_bias2": {"write": {"device_start": -1, "host_queued_start": 1585585791.43615, "device_queued": -1, "device_end": -1, "host_queued_end": 1585585791.438776}, "device": "cpu", "nd_range": {"device_start": 2253565.628379776, "device_end": 2253565.639963565}, "cmdq": 0, "read": {"device_start": -1, "device_end": -1}}, "FFC_sans_bias9": {"write": {"device_start": 1585585726.0370471, "host_queued_start": 1585585791.410064, "device_queued": 1585585726.0364823, "device_end": 1585585726.0370758, "host_queued_end": 1585585791.430924}, "device": "gpu", "nd_range": {"device_start": 1585585726.0370846, "device_end": 1585585726.037679}, "cmdq": 0, "read": {"device_start": -1, "device_end": -1}}, "coalesced_transpose39": {"write": {"device_start": -1, "host_queued_start": 1585585791.423092, "device_queued": -1, "device_end": -1, "host_queued_end": 1585585791.430924}, "device": "gpu", "nd_range": {"device_start": 1585585726.0571735, "device_end": 1585585726.0571818}, "cmdq": 0, "read": {"device_start": -1, "device_end": -1}}, "softmax23": {"write": {"device_start": -1, "host_queued_start": 1585585791.424872, "device_queued": -1, "device_end": -1, "host_queued_end": 1585585791.430924}, "device": "gpu", "nd_range": {"device_start": 1585585726.059788, "device_end": 1585585726.0600042}, "cmdq": 0, "read": {"device_start": -1, "device_end": -1}}, "FFC_sans_bias37": {"write": {"device_start": 1585585726.055819, "host_queued_start": 1585585791.420735, "device_queued": 1585585726.0375261, "device_end": 1585585726.0558422, "host_queued_end": 1585585791.430924}, "device": "gpu", "nd_range": {"device_start": 1585585726.0558486, "device_end": 1585585726.0564444}, "cmdq": 0, "read": {"device_start": -1, "device_end": -1}}, "softmax41": {"write": {"device_start": -1, "host_queued_start": 1585585791.42538, "device_queued": -1, "device_end": -1, "host_queued_end": 1585585791.430924}, "device": "gpu", "nd_range": {"device_start": 1585585726.0602179, "device_end": 1585585726.0604274}, "cmdq": 0, "read": {"device_start": -1, "device_end": -1}}, "FFC_sans_bias11": {"write": {"device_start": 1585585726.038571, "host_queued_start": 1585585791.412176, "device_queued": 1585585726.036712, "device_end": 1585585726.0385997, "host_queued_end": 1585585791.430924}, "device": "gpu", "nd_range": {"device_start": 1585585726.0386086, "device_end": 1585585726.0392072}, "cmdq": 0, "read": {"device_start": -1, "device_end": -1}}, "FFC_sans_bias10": {"write": {"device_start": 1585585726.037812, "host_queued_start": 1585585791.411132, "device_queued": 1585585726.0365438, "device_end": 1585585726.0378423, "host_queued_end": 1585585791.430924}, "device": "gpu", "nd_range": {"device_start": 1585585726.0378494, "device_end": 1585585726.0384476}, "cmdq": 0, "read": {"device_start": -1, "device_end": -1}}, "coalesced_transpose3": {"write": {"device_start": -1, "host_queued_start": 1585585791.436515, "device_queued": -1, "device_end": -1, "host_queued_end": 1585585791.438776}, "device": "cpu", "nd_range": {"device_start": 2253565.640055412, "device_end": 2253565.640141976}, "cmdq": 1, "read": {"device_start": -1, "device_end": -1}}, "FFC_sans_bias34": {"write": {"device_start": 1585585726.064484, "host_queued_start": 1585585791.429768, "device_queued": 1585585726.0386577, "device_end": 1585585726.0645072, "host_queued_end": 1585585791.430924}, "device": "gpu", "nd_range": {"device_start": 1585585726.0645123, "device_end": 1585585726.0651126}, "cmdq": 0, "read": {"device_start": 1585585726.0651164, "device_end": 1585585726.0651386}}, "FFC_sans_bias15": {"write": {"device_start": -1, "host_queued_start": 1585585791.425691, "device_queued": -1, "device_end": -1, "host_queued_end": 1585585791.430924}, "device": "gpu", "nd_range": {"device_start": 1585585726.0604286, "device_end": 1585585726.061029}, "cmdq": 0, "read": {"device_start": -1, "device_end": -1}}, "FFC_sans_bias31": {"write": {"device_start": -1, "host_queued_start": 1585585791.424047, "device_queued": -1, "device_end": -1, "host_queued_end": 1585585791.430924}, "device": "gpu", "nd_range": {"device_start": 1585585726.0583816, "device_end": 1585585726.0589814}, "cmdq": 0, "read": {"device_start": -1, "device_end": -1}}, "FFC_sans_bias16": {"write": {"device_start": 1585585726.0629153, "host_queued_start": 1585585791.427675, "device_queued": 1585585726.0384173, "device_end": 1585585726.062938, "host_queued_end": 1585585791.430924}, "device": "gpu", "nd_range": {"device_start": 1585585726.0629437, "device_end": 1585585726.063541}, "cmdq": 0, "read": {"device_start": 1585585726.0635493, "device_end": 1585585726.0635722}}, "FFC_sans_bias19": {"write": {"device_start": 1585585726.04007, "host_queued_start": 1585585791.414258, "device_queued": 1585585726.0369363, "device_end": 1585585726.0400994, "host_queued_end": 1585585791.430924}, "device": "gpu", "nd_range": {"device_start": 1585585726.0401027, "device_end": 1585585726.040699}, "cmdq": 0, "read": {"device_start": -1, "device_end": -1}}, "FFC_sans_bias18": {"write": {"device_start": 1585585726.0393398, "host_queued_start": 1585585791.41321, "device_queued": 1585585726.0367668, "device_end": 1585585726.0393643, "host_queued_end": 1585585791.430924}, "device": "gpu", "nd_range": {"device_start": 1585585726.0393684, "device_end": 1585585726.0399601}, "cmdq": 0, "read": {"device_start": -1, "device_end": -1}}, "coalesced_transpose30": {"write": {"device_start": -1, "host_queued_start": 1585585791.422777, "device_queued": -1, "device_end": -1, "host_queued_end": 1585585791.430924}, "device": "gpu", "nd_range": {"device_start": 1585585726.0571644, "device_end": 1585585726.0571725}, "cmdq": 0, "read": {"device_start": -1, "device_end": -1}}, "FFC_sans_bias38": {"write": {"device_start": 1585585726.0565195, "host_queued_start": 1585585791.421778, "device_queued": 1585585726.0375779, "device_end": 1585585726.0565429, "host_queued_end": 1585585791.430924}, "device": "gpu", "nd_range": {"device_start": 1585585726.05655, "device_end": 1585585726.0571442}, "cmdq": 0, "read": {"device_start": -1, "device_end": -1}}, "empty26": {"write": {"device_start": 1585585726.0363662, "host_queued_start": 1585585791.407437, "device_queued": 1585585726.0361853, "device_end": 1585585726.0363955, "host_queued_end": 1585585791.430924}, "device": "gpu", "nd_range": {"device_start": 1585585726.0364046, "device_end": 1585585726.0364082}, "cmdq": 0, "read": {"device_start": -1, "device_end": -1}}, "coalesced_transpose12": {"write": {"device_start": -1, "host_queued_start": 1585585791.422118, "device_queued": -1, "device_end": -1, "host_queued_end": 1585585791.430924}, "device": "gpu", "nd_range": {"device_start": 1585585726.0571454, "device_end": 1585585726.0571535}, "cmdq": 0, "read": {"device_start": -1, "device_end": -1}}, "empty44": {"write": {"device_start": 1585585726.036821, "host_queued_start": 1585585791.409086, "device_queued": 1585585726.0362556, "device_end": 1585585726.0368528, "host_queued_end": 1585585791.430924}, "device": "gpu", "nd_range": {"device_start": 1585585726.0368626, "device_end": 1585585726.0368729}, "cmdq": 0, "read": {"device_start": -1, "device_end": -1}}, "coalesced_transpose21": {"write": {"device_start": -1, "host_queued_start": 1585585791.422431, "device_queued": -1, "device_end": -1, "host_queued_end": 1585585791.430924}, "device": "gpu", "nd_range": {"device_start": 1585585726.0571547, "device_end": 1585585726.0571628}, "cmdq": 0, "read": {"device_start": -1, "device_end": -1}}, "FFC_sans_bias36": {"write": {"device_start": 1585585726.0551064, "host_queued_start": 1585585791.419544, "device_queued": 1585585726.0373826, "device_end": 1585585726.0551312, "host_queued_end": 1585585791.430924}, "device": "gpu", "nd_range": {"device_start": 1585585726.0551379, "device_end": 1585585726.055739}, "cmdq": 0, "read": {"device_start": -1, "device_end": -1}}, "softmax14": {"write": {"device_start": -1, "host_queued_start": 1585585791.424625, "device_queued": -1, "device_end": -1, "host_queued_end": 1585585791.430924}, "device": "gpu", "nd_range": {"device_start": 1585585726.0595717, "device_end": 1585585726.0597868}, "cmdq": 0, "read": {"device_start": -1, "device_end": -1}}, "FFC_sans_bias13": {"write": {"device_start": -1, "host_queued_start": 1585585791.423403, "device_queued": -1, "device_end": -1, "host_queued_end": 1585585791.430924}, "device": "gpu", "nd_range": {"device_start": 1585585726.0571828, "device_end": 1585585726.0577824}, "cmdq": 0, "read": {"device_start": -1, "device_end": -1}}, "empty8": {"write": {"device_start": -1, "host_queued_start": 1585585791.432476, "device_queued": -1, "device_end": -1, "host_queued_end": 1585585791.438776}, "device": "cpu", "nd_range": {"device_start": 2253565.628348192, "device_end": 2253565.628358954}, "cmdq": 0, "read": {"device_start": -1, "device_end": -1}}, "FFC_sans_bias42": {"write": {"device_start": -1, "host_queued_start": 1585585791.426665, "device_queued": -1, "device_end": -1, "host_queued_end": 1585585791.430924}, "device": "gpu", "nd_range": {"device_start": 1585585726.0622308, "device_end": 1585585726.0628278}, "cmdq": 0, "read": {"device_start": -1, "device_end": -1}}, "FFC_sans_bias43": {"write": {"device_start": 1585585726.0652752, "host_queued_start": 1585585791.430817, "device_queued": 1585585726.038729, "device_end": 1585585726.0653014, "host_queued_end": 1585585791.430924}, "device": "gpu", "nd_range": {"device_start": 1585585726.065309, "device_end": 1585585726.0659053}, "cmdq": 0, "read": {"device_start": 1585585726.0659077, "device_end": 1585585726.0659297}}, "FFC_sans_bias40": {"write": {"device_start": -1, "host_queued_start": 1585585791.424371, "device_queued": -1, "device_end": -1, "host_queued_end": 1585585791.430924}, "device": "gpu", "nd_range": {"device_start": 1585585726.0589833, "device_end": 1585585726.0595708}, "cmdq": 0, "read": {"device_start": -1, "device_end": -1}}, "softmax32": {"write": {"device_start": -1, "host_queued_start": 1585585791.425122, "device_queued": -1, "device_end": -1, "host_queued_end": 1585585791.430924}, "device": "gpu", "nd_range": {"device_start": 1585585726.060006, "device_end": 1585585726.060217}, "cmdq": 0, "read": {"device_start": -1, "device_end": -1}}, "FFC_sans_bias33": {"write": {"device_start": -1, "host_queued_start": 1585585791.426329, "device_queued": -1, "device_end": -1, "host_queued_end": 1585585791.430924}, "device": "gpu", "nd_range": {"device_start": 1585585726.0616305, "device_end": 1585585726.0622296}, "cmdq": 0, "read": {"device_start": -1, "device_end": -1}}, "FFC_sans_bias24": {"write": {"device_start": -1, "host_queued_start": 1585585791.42601, "device_queued": -1, "device_end": -1, "host_queued_end": 1585585791.430924}, "device": "gpu", "nd_range": {"device_start": 1585585726.0610301, "device_end": 1585585726.0616295}, "cmdq": 0, "read": {"device_start": -1, "device_end": -1}}, "FFC_sans_bias25": {"write": {"device_start": 1585585726.0637064, "host_queued_start": 1585585791.428727, "device_queued": 1585585726.0384955, "device_end": 1585585726.0637298, "host_queued_end": 1585585791.430924}, "device": "gpu", "nd_range": {"device_start": 1585585726.0637355, "device_end": 1585585726.0643327}, "cmdq": 0, "read": {"device_start": 1585585726.0643413, "device_end": 1585585726.0643635}}, "FFC_sans_bias27": {"write": {"device_start": 1585585726.0415845, "host_queued_start": 1585585791.416405, "device_queued": 1585585726.0371363, "device_end": 1585585726.0416205, "host_queued_end": 1585585791.430924}, "device": "gpu", "nd_range": {"device_start": 1585585726.041623, "device_end": 1585585726.0422237}, "cmdq": 0, "read": {"device_start": -1, "device_end": -1}}, "FFC_sans_bias20": {"write": {"device_start": 1585585726.0408175, "host_queued_start": 1585585791.415366, "device_queued": 1585585726.0369961, "device_end": 1585585726.0408475, "host_queued_end": 1585585791.430924}, "device": "gpu", "nd_range": {"device_start": 1585585726.0408542, "device_end": 1585585726.0414584}, "cmdq": 0, "read": {"device_start": -1, "device_end": -1}}, "FFC_sans_bias22": {"write": {"device_start": -1, "host_queued_start": 1585585791.423725, "device_queued": -1, "device_end": -1, "host_queued_end": 1585585791.430924}, "device": "gpu", "nd_range": {"device_start": 1585585726.0577834, "device_end": 1585585726.0583806}, "cmdq": 0, "read": {"device_start": -1, "device_end": -1}}, "softmax5": {"write": {"device_start": -1, "host_queued_start": 1585585791.437192, "device_queued": -1, "device_end": -1, "host_queued_end": 1585585791.438776}, "device": "cpu", "nd_range": {"device_start": 2253565.644439434, "device_end": 2253565.6445792313}, "cmdq": 0, "read": {"device_start": -1, "device_end": -1}}, "FFC_sans_bias28": {"write": {"device_start": 1585585726.042373, "host_queued_start": 1585585791.417439, "device_queued": 1585585726.0371795, "device_end": 1585585726.0424025, "host_queued_end": 1585585791.430924}, "device": "gpu", "nd_range": {"device_start": 1585585726.0424051, "device_end": 1585585726.0430114}, "cmdq": 0, "read": {"device_start": -1, "device_end": -1}}, "FFC_sans_bias29": {"write": {"device_start": 1585585726.0431337, "host_queued_start": 1585585791.418473, "device_queued": 1585585726.037339, "device_end": 1585585726.0431633, "host_queued_end": 1585585791.430924}, "device": "gpu", "nd_range": {"device_start": 1585585726.0431662, "device_end": 1585585726.043752}, "cmdq": 0, "read": {"device_start": -1, "device_end": -1}}, "empty17": {"write": {"device_start": 1585585726.0362294, "host_queued_start": 1585585791.406377, "device_queued": 1585585726.036085, "device_end": 1585585726.0362577, "host_queued_end": 1585585791.430924}, "device": "gpu", "nd_range": {"device_start": 1585585726.0362606, "device_end": 1585585726.0362656}, "cmdq": 0, "read": {"device_start": -1, "device_end": -1}}, "empty35": {"write": {"device_start": 1585585726.0365956, "host_queued_start": 1585585791.408248, "device_queued": 1585585726.0362208, "device_end": 1585585726.0366256, "host_queued_end": 1585585791.430924}, "device": "gpu", "nd_range": {"device_start": 1585585726.036631, "device_end": 1585585726.0366347}, "cmdq": 0, "read": {"device_start": -1, "device_end": -1}}}