{"FFC_sans_bias4": {"write": {"device_start": -1, "host_queued_start": 1585586002.739937, "device_queued": -1, "device_end": -1, "host_queued_end": 1585586002.741677}, "device": "cpu", "nd_range": {"device_start": 2253776.944158269, "device_end": 2253776.9480772913}, "cmdq": 0, "read": {"device_start": -1, "device_end": -1}}, "FFC_sans_bias7": {"write": {"device_start": -1, "host_queued_start": 1585586002.741631, "device_queued": -1, "device_end": -1, "host_queued_end": 1585586002.741677}, "device": "cpu", "nd_range": {"device_start": 2253776.9528543353, "device_end": 2253776.957405981}, "cmdq": 0, "read": {"device_start": -1, "device_end": -1}}, "FFC_sans_bias6": {"write": {"device_start": -1, "host_queued_start": 1585586002.740569, "device_queued": -1, "device_end": -1, "host_queued_end": 1585586002.741677}, "device": "cpu", "nd_range": {"device_start": 2253776.9483220493, "device_end": 2253776.952848921}, "cmdq": 0, "read": {"device_start": -1, "device_end": -1}}, "FFC_sans_bias1": {"write": {"device_start": -1, "host_queued_start": 1585586002.737985, "device_queued": -1, "device_end": -1, "host_queued_end": 1585586002.741677}, "device": "cpu", "nd_range": {"device_start": 2253776.935636878, "device_end": 2253776.939820582}, "cmdq": 0, "read": {"device_start": -1, "device_end": -1}}, "FFC_sans_bias0": {"write": {"device_start": -1, "host_queued_start": 1585586002.736565, "device_queued": -1, "device_end": -1, "host_queued_end": 1585586002.741677}, "device": "cpu", "nd_range": {"device_start": 2253776.9312638612, "device_end": 2253776.9353576703}, "cmdq": 0, "read": {"device_start": -1, "device_end": -1}}, "FFC_sans_bias2": {"write": {"device_start": -1, "host_queued_start": 1585586002.739251, "device_queued": -1, "device_end": -1, "host_queued_end": 1585586002.741677}, "device": "cpu", "nd_range": {"device_start": 2253776.9398288, "device_end": 2253776.9439194873}, "cmdq": 0, "read": {"device_start": -1, "device_end": -1}}, "FFC_sans_bias9": {"write": {"device_start": 1585585937.3338506, "host_queued_start": 1585586002.713088, "device_queued": 1585585937.3337457, "device_end": 1585585937.3339243, "host_queued_end": 1585586002.733811}, "device": "gpu", "nd_range": {"device_start": 1585585937.333933, "device_end": 1585585937.3345447}, "cmdq": 0, "read": {"device_start": -1, "device_end": -1}}, "coalesced_transpose39": {"write": {"device_start": -1, "host_queued_start": 1585586002.725975, "device_queued": -1, "device_end": -1, "host_queued_end": 1585586002.733811}, "device": "gpu", "nd_range": {"device_start": 1585585937.3398898, "device_end": 1585585937.341158}, "cmdq": 3, "read": {"device_start": -1, "device_end": -1}}, "softmax23": {"write": {"device_start": -1, "host_queued_start": 1585586002.727753, "device_queued": -1, "device_end": -1, "host_queued_end": 1585586002.733811}, "device": "gpu", "nd_range": {"device_start": 1585585937.3408291, "device_end": 1585585937.3416848}, "cmdq": 1, "read": {"device_start": -1, "device_end": -1}}, "FFC_sans_bias37": {"write": {"device_start": 1585585937.3375192, "host_queued_start": 1585586002.723716, "device_queued": 1585585937.3348105, "device_end": 1585585937.3375518, "host_queued_end": 1585586002.733811}, "device": "gpu", "nd_range": {"device_start": 1585585937.3375673, "device_end": 1585585937.3393524}, "cmdq": 2, "read": {"device_start": -1, "device_end": -1}}, "softmax41": {"write": {"device_start": -1, "host_queued_start": 1585586002.728286, "device_queued": -1, "device_end": -1, "host_queued_end": 1585586002.733811}, "device": "gpu", "nd_range": {"device_start": 1585585937.3418033, "device_end": 1585585937.3429592}, "cmdq": 3, "read": {"device_start": -1, "device_end": -1}}, "FFC_sans_bias11": {"write": {"device_start": 1585585937.3340354, "host_queued_start": 1585586002.715214, "device_queued": 1585585937.3338194, "device_end": 1585585937.334111, "host_queued_end": 1585586002.733811}, "device": "gpu", "nd_range": {"device_start": 1585585937.334115, "device_end": 1585585937.3355227}, "cmdq": 2, "read": {"device_start": -1, "device_end": -1}}, "FFC_sans_bias10": {"write": {"device_start": 1585585937.3339357, "host_queued_start": 1585586002.714124, "device_queued": 1585585937.3337996, "device_end": 1585585937.3340135, "host_queued_end": 1585586002.733811}, "device": "gpu", "nd_range": {"device_start": 1585585937.3340805, "device_end": 1585585937.3349428}, "cmdq": 1, "read": {"device_start": -1, "device_end": -1}}, "coalesced_transpose3": {"write": {"device_start": -1, "host_queued_start": 1585586002.739587, "device_queued": -1, "device_end": -1, "host_queued_end": 1585586002.741677}, "device": "cpu", "nd_range": {"device_start": 2253776.943924692, "device_end": 2253776.9440197693}, "cmdq": 0, "read": {"device_start": -1, "device_end": -1}}, "FFC_sans_bias34": {"write": {"device_start": 1585585937.3433564, "host_queued_start": 1585586002.732672, "device_queued": 1585585937.3360245, "device_end": 1585585937.343382, "host_queued_end": 1585586002.733811}, "device": "gpu", "nd_range": {"device_start": 1585585937.3433883, "device_end": 1585585937.3452017}, "cmdq": 2, "read": {"device_start": 1585585937.3452108, "device_end": 1585585937.3452373}}, "FFC_sans_bias15": {"write": {"device_start": -1, "host_queued_start": 1585586002.728604, "device_queued": -1, "device_end": -1, "host_queued_end": 1585586002.733811}, "device": "gpu", "nd_range": {"device_start": 1585585937.3416946, "device_end": 1585585937.3427737}, "cmdq": 0, "read": {"device_start": -1, "device_end": -1}}, "FFC_sans_bias31": {"write": {"device_start": -1, "host_queued_start": 1585586002.726956, "device_queued": -1, "device_end": -1, "host_queued_end": 1585586002.733811}, "device": "gpu", "nd_range": {"device_start": 1585585937.339748, "device_end": 1585585937.341332}, "cmdq": 2, "read": {"device_start": -1, "device_end": -1}}, "FFC_sans_bias16": {"write": {"device_start": 1585585937.342855, "host_queued_start": 1585586002.730558, "device_queued": 1585585937.3359334, "device_end": 1585585937.3428807, "host_queued_end": 1585586002.733811}, "device": "gpu", "nd_range": {"device_start": 1585585937.3428829, "device_end": 1585585937.344254}, "cmdq": 0, "read": {"device_start": 1585585937.3442574, "device_end": 1585585937.3442805}}, "FFC_sans_bias19": {"write": {"device_start": 1585585937.3346682, "host_queued_start": 1585586002.717282, "device_queued": 1585585937.3342235, "device_end": 1585585937.3346982, "host_queued_end": 1585586002.733811}, "device": "gpu", "nd_range": {"device_start": 1585585937.3347032, "device_end": 1585585937.336505}, "cmdq": 0, "read": {"device_start": -1, "device_end": -1}}, "FFC_sans_bias18": {"write": {"device_start": 1585585937.3341284, "host_queued_start": 1585586002.71625, "device_queued": 1585585937.3340266, "device_end": 1585585937.3341534, "host_queued_end": 1585586002.733811}, "device": "gpu", "nd_range": {"device_start": 1585585937.3341618, "device_end": 1585585937.3359416}, "cmdq": 3, "read": {"device_start": -1, "device_end": -1}}, "coalesced_transpose30": {"write": {"device_start": -1, "host_queued_start": 1585586002.725685, "device_queued": -1, "device_end": -1, "host_queued_end": 1585586002.733811}, "device": "gpu", "nd_range": {"device_start": 1585585937.339358, "device_end": 1585585937.3397465}, "cmdq": 2, "read": {"device_start": -1, "device_end": -1}}, "FFC_sans_bias38": {"write": {"device_start": 1585585937.3380125, "host_queued_start": 1585586002.724754, "device_queued": 1585585937.334937, "device_end": 1585585937.3380387, "host_queued_end": 1585586002.733811}, "device": "gpu", "nd_range": {"device_start": 1585585937.3380544, "device_end": 1585585937.3398821}, "cmdq": 3, "read": {"device_start": -1, "device_end": -1}}, "empty26": {"write": {"device_start": 1585585937.3334851, "host_queued_start": 1585586002.710381, "device_queued": 1585585937.333363, "device_end": 1585585937.3335242, "host_queued_end": 1585586002.733811}, "device": "gpu", "nd_range": {"device_start": 1585585937.3335357, "device_end": 1585585937.333539}, "cmdq": 1, "read": {"device_start": -1, "device_end": -1}}, "coalesced_transpose12": {"write": {"device_start": -1, "host_queued_start": 1585586002.725075, "device_queued": -1, "device_end": -1, "host_queued_end": 1585586002.733811}, "device": "gpu", "nd_range": {"device_start": 1585585937.3383842, "device_end": 1585585937.339739}, "cmdq": 0, "read": {"device_start": -1, "device_end": -1}}, "empty44": {"write": {"device_start": 1585585937.333698, "host_queued_start": 1585586002.71209, "device_queued": 1585585937.3334188, "device_end": 1585585937.333723, "host_queued_end": 1585586002.733811}, "device": "gpu", "nd_range": {"device_start": 1585585937.3337338, "device_end": 1585585937.3337374}, "cmdq": 3, "read": {"device_start": -1, "device_end": -1}}, "coalesced_transpose21": {"write": {"device_start": -1, "host_queued_start": 1585586002.72538, "device_queued": -1, "device_end": -1, "host_queued_end": 1585586002.733811}, "device": "gpu", "nd_range": {"device_start": 1585585937.338904, "device_end": 1585585937.3397427}, "cmdq": 1, "read": {"device_start": -1, "device_end": -1}}, "FFC_sans_bias36": {"write": {"device_start": 1585585937.337071, "host_queued_start": 1585586002.722679, "device_queued": 1585585937.3347843, "device_end": 1585585937.3370965, "host_queued_end": 1585586002.733811}, "device": "gpu", "nd_range": {"device_start": 1585585937.3371034, "device_end": 1585585937.338901}, "cmdq": 1, "read": {"device_start": -1, "device_end": -1}}, "softmax14": {"write": {"device_start": -1, "host_queued_start": 1585586002.727511, "device_queued": -1, "device_end": -1, "host_queued_end": 1585586002.733811}, "device": "gpu", "nd_range": {"device_start": 1585585937.3403485, "device_end": 1585585937.3416936}, "cmdq": 0, "read": {"device_start": -1, "device_end": -1}}, "FFC_sans_bias13": {"write": {"device_start": -1, "host_queued_start": 1585586002.726289, "device_queued": -1, "device_end": -1, "host_queued_end": 1585586002.733811}, "device": "gpu", "nd_range": {"device_start": 1585585937.33974, "device_end": 1585585937.3403473}, "cmdq": 0, "read": {"device_start": -1, "device_end": -1}}, "empty8": {"write": {"device_start": -1, "host_queued_start": 1585586002.735364, "device_queued": -1, "device_end": -1, "host_queued_end": 1585586002.741677}, "device": "cpu", "nd_range": {"device_start": 2253776.931237969, "device_end": 2253776.931248425}, "cmdq": 0, "read": {"device_start": -1, "device_end": -1}}, "FFC_sans_bias42": {"write": {"device_start": -1, "host_queued_start": 1585586002.729556, "device_queued": -1, "device_end": -1, "host_queued_end": 1585586002.733811}, "device": "gpu", "nd_range": {"device_start": 1585585937.3429601, "device_end": 1585585937.344735}, "cmdq": 3, "read": {"device_start": -1, "device_end": -1}}, "FFC_sans_bias43": {"write": {"device_start": 1585585937.3448129, "host_queued_start": 1585586002.73371, "device_queued": 1585585937.3362336, "device_end": 1585585937.3448389, "host_queued_end": 1585586002.733811}, "device": "gpu", "nd_range": {"device_start": 1585585937.3448417, "device_end": 1585585937.3456466}, "cmdq": 3, "read": {"device_start": 1585585937.3456492, "device_end": 1585585937.3456743}}, "FFC_sans_bias40": {"write": {"device_start": -1, "host_queued_start": 1585586002.727265, "device_queued": -1, "device_end": -1, "host_queued_end": 1585586002.733811}, "device": "gpu", "nd_range": {"device_start": 1585585937.341159, "device_end": 1585585937.3418021}, "cmdq": 3, "read": {"device_start": -1, "device_end": -1}}, "softmax32": {"write": {"device_start": -1, "host_queued_start": 1585586002.728034, "device_queued": -1, "device_end": -1, "host_queued_end": 1585586002.733811}, "device": "gpu", "nd_range": {"device_start": 1585585937.3413334, "device_end": 1585585937.3419907}, "cmdq": 2, "read": {"device_start": -1, "device_end": -1}}, "FFC_sans_bias33": {"write": {"device_start": -1, "host_queued_start": 1585586002.729245, "device_queued": -1, "device_end": -1, "host_queued_end": 1585586002.733811}, "device": "gpu", "nd_range": {"device_start": 1585585937.3419921, "device_end": 1585585937.3432772}, "cmdq": 2, "read": {"device_start": -1, "device_end": -1}}, "FFC_sans_bias24": {"write": {"device_start": -1, "host_queued_start": 1585586002.728931, "device_queued": -1, "device_end": -1, "host_queued_end": 1585586002.733811}, "device": "gpu", "nd_range": {"device_start": 1585585937.341686, "device_end": 1585585937.3423033}, "cmdq": 1, "read": {"device_start": -1, "device_end": -1}}, "FFC_sans_bias25": {"write": {"device_start": 1585585937.3423903, "host_queued_start": 1585586002.731631, "device_queued": 1585585937.3359985, "device_end": 1585585937.3424163, "host_queued_end": 1585586002.733811}, "device": "gpu", "nd_range": {"device_start": 1585585937.3424187, "device_end": 1585585937.3437502}, "cmdq": 1, "read": {"device_start": 1585585937.3437517, "device_end": 1585585937.3437748}}, "FFC_sans_bias27": {"write": {"device_start": 1585585937.3356738, "host_queued_start": 1585586002.719412, "device_queued": 1585585937.3343017, "device_end": 1585585937.3357053, "host_queued_end": 1585586002.733811}, "device": "gpu", "nd_range": {"device_start": 1585585937.3357096, "device_end": 1585585937.3374171}, "cmdq": 2, "read": {"device_start": -1, "device_end": -1}}, "FFC_sans_bias20": {"write": {"device_start": 1585585937.335037, "host_queued_start": 1585586002.718345, "device_queued": 1585585937.3342793, "device_end": 1585585937.3350677, "host_queued_end": 1585586002.733811}, "device": "gpu", "nd_range": {"device_start": 1585585937.3350737, "device_end": 1585585937.3369412}, "cmdq": 1, "read": {"device_start": -1, "device_end": -1}}, "FFC_sans_bias22": {"write": {"device_start": -1, "host_queued_start": 1585586002.726639, "device_queued": -1, "device_end": -1, "host_queued_end": 1585586002.733811}, "device": "gpu", "nd_range": {"device_start": 1585585937.3397439, "device_end": 1585585937.340828}, "cmdq": 1, "read": {"device_start": -1, "device_end": -1}}, "softmax5": {"write": {"device_start": -1, "host_queued_start": 1585586002.74022, "device_queued": -1, "device_end": -1, "host_queued_end": 1585586002.741677}, "device": "cpu", "nd_range": {"device_start": 2253776.948201458, "device_end": 2253776.948315706}, "cmdq": 0, "read": {"device_start": -1, "device_end": -1}}, "FFC_sans_bias28": {"write": {"device_start": 1585585937.336049, "host_queued_start": 1585586002.720432, "device_queued": 1585585937.3344197, "device_end": 1585585937.3360739, "host_queued_end": 1585586002.733811}, "device": "gpu", "nd_range": {"device_start": 1585585937.336082, "device_end": 1585585937.3379219}, "cmdq": 3, "read": {"device_start": -1, "device_end": -1}}, "FFC_sans_bias29": {"write": {"device_start": 1585585937.3366315, "host_queued_start": 1585586002.721468, "device_queued": 1585585937.3347168, "device_end": 1585585937.3366642, "host_queued_end": 1585586002.733811}, "device": "gpu", "nd_range": {"device_start": 1585585937.336671, "device_end": 1585585937.3383832}, "cmdq": 0, "read": {"device_start": -1, "device_end": -1}}, "empty17": {"write": {"device_start": 1585585937.333381, "host_queued_start": 1585586002.709345, "device_queued": 1585585937.333251, "device_end": 1585585937.3334327, "host_queued_end": 1585586002.733811}, "device": "gpu", "nd_range": {"device_start": 1585585937.3334434, "device_end": 1585585937.3334496}, "cmdq": 0, "read": {"device_start": -1, "device_end": -1}}, "empty35": {"write": {"device_start": 1585585937.3336048, "host_queued_start": 1585586002.711251, "device_queued": 1585585937.3333943, "device_end": 1585585937.3336778, "host_queued_end": 1585586002.733811}, "device": "gpu", "nd_range": {"device_start": 1585585937.333683, "device_end": 1585585937.3336873}, "cmdq": 2, "read": {"device_start": -1, "device_end": -1}}}