{"FFC_sans_bias4": {"write": {"device_start": -1, "host_queued_start": 1585586073.121888, "device_queued": -1, "device_end": -1, "host_queued_end": 1585586073.127533}, "device": "cpu", "nd_range": {"device_start": 2253847.3569471464, "device_end": 2253847.3655990693}, "cmdq": 0, "read": {"device_start": -1, "device_end": -1}}, "FFC_sans_bias7": {"write": {"device_start": -1, "host_queued_start": 1585586073.125493, "device_queued": -1, "device_end": -1, "host_queued_end": 1585586073.127533}, "device": "cpu", "nd_range": {"device_start": 2253847.382141997, "device_end": 2253847.3960673083}, "cmdq": 4, "read": {"device_start": -1, "device_end": -1}}, "FFC_sans_bias6": {"write": {"device_start": -1, "host_queued_start": 1585586073.123746, "device_queued": -1, "device_end": -1, "host_queued_end": 1585586073.127533}, "device": "cpu", "nd_range": {"device_start": 2253847.3697840953, "device_end": 2253847.3820170322}, "cmdq": 1, "read": {"device_start": -1, "device_end": -1}}, "FFC_sans_bias1": {"write": {"device_start": -1, "host_queued_start": 1585586073.112999, "device_queued": -1, "device_end": -1, "host_queued_end": 1585586073.127533}, "device": "cpu", "nd_range": {"device_start": 2253847.317163341, "device_end": 2253847.3325846773}, "cmdq": 4, "read": {"device_start": -1, "device_end": -1}}, "FFC_sans_bias0": {"write": {"device_start": -1, "host_queued_start": 1585586073.111838, "device_queued": -1, "device_end": -1, "host_queued_end": 1585586073.127533}, "device": "cpu", "nd_range": {"device_start": 2253847.317174728, "device_end": 2253847.332587603}, "cmdq": 3, "read": {"device_start": -1, "device_end": -1}}, "FFC_sans_bias2": {"write": {"device_start": -1, "host_queued_start": 1585586073.114104, "device_queued": -1, "device_end": -1, "host_queued_end": 1585586073.127533}, "device": "cpu", "nd_range": {"device_start": 2253847.317166212, "device_end": 2253847.33277016}, "cmdq": 0, "read": {"device_start": -1, "device_end": -1}}, "FFC_sans_bias9": {"write": {"device_start": -1, "host_queued_start": 1585586073.115228, "device_queued": -1, "device_end": -1, "host_queued_end": 1585586073.127533}, "device": "cpu", "nd_range": {"device_start": 2253847.317470441, "device_end": 2253847.332678272}, "cmdq": 1, "read": {"device_start": -1, "device_end": -1}}, "coalesced_transpose39": {"write": {"device_start": -1, "host_queued_start": 1585586073.102847, "device_queued": -1, "device_end": -1, "host_queued_end": 1585586073.107333}, "device": "gpu", "nd_range": {"device_start": 1585586007.7079353, "device_end": 1585586007.708272}, "cmdq": 1, "read": {"device_start": -1, "device_end": -1}}, "softmax23": {"write": {"device_start": -1, "host_queued_start": 1585586073.123406, "device_queued": -1, "device_end": -1, "host_queued_end": 1585586073.127533}, "device": "cpu", "nd_range": {"device_start": 2253847.3738503032, "device_end": 2253847.374056493}, "cmdq": 0, "read": {"device_start": -1, "device_end": -1}}, "FFC_sans_bias37": {"write": {"device_start": 1585586007.7061622, "host_queued_start": 1585586073.100984, "device_queued": 1585586007.7056227, "device_end": 1585586007.7061946, "host_queued_end": 1585586073.107333}, "device": "gpu", "nd_range": {"device_start": 1585586007.706199, "device_end": 1585586007.7079284}, "cmdq": 2, "read": {"device_start": -1, "device_end": -1}}, "softmax41": {"write": {"device_start": -1, "host_queued_start": 1585586073.104249, "device_queued": -1, "device_end": -1, "host_queued_end": 1585586073.107333}, "device": "gpu", "nd_range": {"device_start": 1585586007.7093885, "device_end": 1585586007.709584}, "cmdq": 1, "read": {"device_start": -1, "device_end": -1}}, "FFC_sans_bias11": {"write": {"device_start": -1, "host_queued_start": 1585586073.117388, "device_queued": -1, "device_end": -1, "host_queued_end": 1585586073.127533}, "device": "cpu", "nd_range": {"device_start": 2253847.332633106, "device_end": 2253847.347865287}, "cmdq": 3, "read": {"device_start": -1, "device_end": -1}}, "FFC_sans_bias10": {"write": {"device_start": -1, "host_queued_start": 1585586073.116302, "device_queued": -1, "device_end": -1, "host_queued_end": 1585586073.127533}, "device": "cpu", "nd_range": {"device_start": 2253847.3480064753, "device_end": 2253847.35625268}, "cmdq": 2, "read": {"device_start": -1, "device_end": -1}}, "coalesced_transpose3": {"write": {"device_start": -1, "host_queued_start": 1585586073.120893, "device_queued": -1, "device_end": -1, "host_queued_end": 1585586073.127533}, "device": "cpu", "nd_range": {"device_start": 2253847.356377183, "device_end": 2253847.356630951}, "cmdq": 2, "read": {"device_start": -1, "device_end": -1}}, "FFC_sans_bias34": {"write": {"device_start": 1585586007.7096786, "host_queued_start": 1585586073.106, "device_queued": 1585586007.7063458, "device_end": 1585586007.7097378, "host_queued_end": 1585586073.107333}, "device": "gpu", "nd_range": {"device_start": 1585586007.7101958, "device_end": 1585586007.7111745}, "cmdq": 0, "read": {"device_start": 1585586007.711178, "device_end": 1585586007.7112017}}, "FFC_sans_bias15": {"write": {"device_start": -1, "host_queued_start": 1585586073.124099, "device_queued": -1, "device_end": -1, "host_queued_end": 1585586073.127533}, "device": "cpu", "nd_range": {"device_start": 2253847.370654238, "device_end": 2253847.383289114}, "cmdq": 2, "read": {"device_start": -1, "device_end": -1}}, "FFC_sans_bias31": {"write": {"device_start": -1, "host_queued_start": 1585586073.103169, "device_queued": -1, "device_end": -1, "host_queued_end": 1585586073.107333}, "device": "gpu", "nd_range": {"device_start": 1585586007.7083793, "device_end": 1585586007.7093775}, "cmdq": 2, "read": {"device_start": -1, "device_end": -1}}, "FFC_sans_bias16": {"write": {"device_start": -1, "host_queued_start": 1585586073.126478, "device_queued": -1, "device_end": -1, "host_queued_end": 1585586073.127533}, "device": "cpu", "nd_range": {"device_start": 2253847.3832988893, "device_end": 2253847.3968874863}, "cmdq": 0, "read": {"device_start": -1, "device_end": -1}}, "FFC_sans_bias19": {"write": {"device_start": -1, "host_queued_start": 1585586073.119513, "device_queued": -1, "device_end": -1, "host_queued_end": 1585586073.127533}, "device": "cpu", "nd_range": {"device_start": 2253847.332777773, "device_end": 2253847.348683888}, "cmdq": 0, "read": {"device_start": -1, "device_end": -1}}, "FFC_sans_bias18": {"write": {"device_start": -1, "host_queued_start": 1585586073.118457, "device_queued": -1, "device_end": -1, "host_queued_end": 1585586073.127533}, "device": "cpu", "nd_range": {"device_start": 2253847.336225043, "device_end": 2253847.357296423}, "cmdq": 4, "read": {"device_start": -1, "device_end": -1}}, "coalesced_transpose30": {"write": {"device_start": -1, "host_queued_start": 1585586073.102471, "device_queued": -1, "device_end": -1, "host_queued_end": 1585586073.107333}, "device": "gpu", "nd_range": {"device_start": 1585586007.7069597, "device_end": 1585586007.7082698}, "cmdq": 0, "read": {"device_start": -1, "device_end": -1}}, "FFC_sans_bias38": {"write": {"device_start": 1585586007.7065096, "host_queued_start": 1585586073.102097, "device_queued": 1585586007.7056417, "device_end": 1585586007.7065408, "host_queued_end": 1585586073.107333}, "device": "gpu", "nd_range": {"device_start": 1585586007.706546, "device_end": 1585586007.7083678}, "cmdq": 3, "read": {"device_start": -1, "device_end": -1}}, "empty26": {"write": {"device_start": -1, "host_queued_start": 1585586073.11084, "device_queued": -1, "device_end": -1, "host_queued_end": 1585586073.127533}, "device": "cpu", "nd_range": {"device_start": 2253847.3171314984, "device_end": 2253847.31714362}, "cmdq": 2, "read": {"device_start": -1, "device_end": -1}}, "coalesced_transpose12": {"write": {"device_start": -1, "host_queued_start": 1585586073.12122, "device_queued": -1, "device_end": -1, "host_queued_end": 1585586073.127533}, "device": "cpu", "nd_range": {"device_start": 2253847.356772725, "device_end": 2253847.3570149844}, "cmdq": 3, "read": {"device_start": -1, "device_end": -1}}, "empty44": {"write": {"device_start": 1585586007.705156, "host_queued_start": 1585586073.095412, "device_queued": 1585586007.7050052, "device_end": 1585586007.7052205, "host_queued_end": 1585586073.107333}, "device": "gpu", "nd_range": {"device_start": 1585586007.705231, "device_end": 1585586007.7052352}, "cmdq": 1, "read": {"device_start": -1, "device_end": -1}}, "coalesced_transpose21": {"write": {"device_start": -1, "host_queued_start": 1585586073.121544, "device_queued": -1, "device_end": -1, "host_queued_end": 1585586073.127533}, "device": "cpu", "nd_range": {"device_start": 2253847.3574167443, "device_end": 2253847.3576585413}, "cmdq": 4, "read": {"device_start": -1, "device_end": -1}}, "FFC_sans_bias36": {"write": {"device_start": 1585586007.705719, "host_queued_start": 1585586073.099861, "device_queued": 1585586007.7055974, "device_end": 1585586007.7057486, "host_queued_end": 1585586073.107333}, "device": "gpu", "nd_range": {"device_start": 1585586007.7057526, "device_end": 1585586007.707402}, "cmdq": 1, "read": {"device_start": -1, "device_end": -1}}, "softmax14": {"write": {"device_start": -1, "host_queued_start": 1585586073.123137, "device_queued": -1, "device_end": -1, "host_queued_end": 1585586073.127533}, "device": "cpu", "nd_range": {"device_start": 2253847.3695939933, "device_end": 2253847.3700067913}, "cmdq": 4, "read": {"device_start": -1, "device_end": -1}}, "FFC_sans_bias13": {"write": {"device_start": -1, "host_queued_start": 1585586073.122228, "device_queued": -1, "device_end": -1, "host_queued_end": 1585586073.127533}, "device": "cpu", "nd_range": {"device_start": 2253847.357152249, "device_end": 2253847.368828042}, "cmdq": 1, "read": {"device_start": -1, "device_end": -1}}, "empty8": {"write": {"device_start": -1, "host_queued_start": 1585586073.108817, "device_queued": -1, "device_end": -1, "host_queued_end": 1585586073.127533}, "device": "cpu", "nd_range": {"device_start": 2253847.317131544, "device_end": 2253847.3171435744}, "cmdq": 0, "read": {"device_start": -1, "device_end": -1}}, "FFC_sans_bias42": {"write": {"device_start": -1, "host_queued_start": 1585586073.104904, "device_queued": -1, "device_end": -1, "host_queued_end": 1585586073.107333}, "device": "gpu", "nd_range": {"device_start": 1585586007.7095935, "device_end": 1585586007.7105985}, "cmdq": 3, "read": {"device_start": -1, "device_end": -1}}, "FFC_sans_bias43": {"write": {"device_start": 1585586007.7097664, "host_queued_start": 1585586073.107223, "device_queued": 1585586007.7065647, "device_end": 1585586007.709799, "host_queued_end": 1585586073.107333}, "device": "gpu", "nd_range": {"device_start": 1585586007.710601, "device_end": 1585586007.711585}, "cmdq": 1, "read": {"device_start": 1585586007.7115912, "device_end": 1585586007.7116146}}, "FFC_sans_bias40": {"write": {"device_start": -1, "host_queued_start": 1585586073.103541, "device_queued": -1, "device_end": -1, "host_queued_end": 1585586073.107333}, "device": "gpu", "nd_range": {"device_start": 1585586007.7083719, "device_end": 1585586007.7089748}, "cmdq": 3, "read": {"device_start": -1, "device_end": -1}}, "softmax32": {"write": {"device_start": -1, "host_queued_start": 1585586073.10379, "device_queued": -1, "device_end": -1, "host_queued_end": 1585586073.107333}, "device": "gpu", "nd_range": {"device_start": 1585586007.7093842, "device_end": 1585586007.7095814}, "cmdq": 0, "read": {"device_start": -1, "device_end": -1}}, "FFC_sans_bias33": {"write": {"device_start": -1, "host_queued_start": 1585586073.104583, "device_queued": -1, "device_end": -1, "host_queued_end": 1585586073.107333}, "device": "gpu", "nd_range": {"device_start": 1585586007.7095883, "device_end": 1585586007.710192}, "cmdq": 2, "read": {"device_start": -1, "device_end": -1}}, "FFC_sans_bias24": {"write": {"device_start": -1, "host_queued_start": 1585586073.124429, "device_queued": -1, "device_end": -1, "host_queued_end": 1585586073.127533}, "device": "cpu", "nd_range": {"device_start": 2253847.374065243, "device_end": 2253847.382154211}, "cmdq": 3, "read": {"device_start": -1, "device_end": -1}}, "FFC_sans_bias25": {"write": {"device_start": -1, "host_queued_start": 1585586073.127489, "device_queued": -1, "device_end": -1, "host_queued_end": 1585586073.127533}, "device": "cpu", "nd_range": {"device_start": 2253847.3827470313, "device_end": 2253847.3969904273}, "cmdq": 1, "read": {"device_start": -1, "device_end": -1}}, "FFC_sans_bias27": {"write": {"device_start": 1585586007.705244, "host_queued_start": 1585586073.096415, "device_queued": 1585586007.7050347, "device_end": 1585586007.7053106, "host_queued_end": 1585586073.107333}, "device": "gpu", "nd_range": {"device_start": 1585586007.705394, "device_end": 1585586007.7060037}, "cmdq": 2, "read": {"device_start": -1, "device_end": -1}}, "FFC_sans_bias20": {"write": {"device_start": -1, "host_queued_start": 1585586073.120563, "device_queued": -1, "device_end": -1, "host_queued_end": 1585586073.127533}, "device": "cpu", "nd_range": {"device_start": 2253847.332700863, "device_end": 2253847.348110959}, "cmdq": 1, "read": {"device_start": -1, "device_end": -1}}, "FFC_sans_bias22": {"write": {"device_start": -1, "host_queued_start": 1585586073.122564, "device_queued": -1, "device_end": -1, "host_queued_end": 1585586073.127533}, "device": "cpu", "nd_range": {"device_start": 2253847.3577717664, "device_end": 2253847.370539228}, "cmdq": 2, "read": {"device_start": -1, "device_end": -1}}, "softmax5": {"write": {"device_start": -1, "host_queued_start": 1585586073.122869, "device_queued": -1, "device_end": -1, "host_queued_end": 1585586073.127533}, "device": "cpu", "nd_range": {"device_start": 2253847.368596956, "device_end": 2253847.369660538}, "cmdq": 3, "read": {"device_start": -1, "device_end": -1}}, "FFC_sans_bias28": {"write": {"device_start": 1585586007.7053685, "host_queued_start": 1585586073.097518, "device_queued": 1585586007.705077, "device_end": 1585586007.705393, "host_queued_end": 1585586073.107333}, "device": "gpu", "nd_range": {"device_start": 1585586007.705419, "device_end": 1585586007.7064068}, "cmdq": 3, "read": {"device_start": -1, "device_end": -1}}, "FFC_sans_bias29": {"write": {"device_start": 1585586007.7055352, "host_queued_start": 1585586073.098671, "device_queued": 1585586007.7054257, "device_end": 1585586007.705567, "host_queued_end": 1585586073.107333}, "device": "gpu", "nd_range": {"device_start": 1585586007.7055717, "device_end": 1585586007.7069573}, "cmdq": 0, "read": {"device_start": -1, "device_end": -1}}, "empty17": {"write": {"device_start": -1, "host_queued_start": 1585586073.109974, "device_queued": -1, "device_end": -1, "host_queued_end": 1585586073.127533}, "device": "cpu", "nd_range": {"device_start": 2253847.317284735, "device_end": 2253847.317288259}, "cmdq": 1, "read": {"device_start": -1, "device_end": -1}}, "empty35": {"write": {"device_start": 1585586007.7050385, "host_queued_start": 1585586073.094331, "device_queued": 1585586007.7049036, "device_end": 1585586007.705082, "host_queued_end": 1585586073.107333}, "device": "gpu", "nd_range": {"device_start": 1585586007.7050877, "device_end": 1585586007.7050982}, "cmdq": 0, "read": {"device_start": -1, "device_end": -1}}}