{"FFC_sans_bias4": {"write": {"device_start": -1, "host_queued_start": 1585586154.264866, "device_queued": -1, "device_end": -1, "host_queued_end": 1585586154.270474}, "device": "cpu", "nd_range": {"device_start": 2253928.499208955, "device_end": 2253928.507736354}, "cmdq": 0, "read": {"device_start": -1, "device_end": -1}}, "FFC_sans_bias7": {"write": {"device_start": -1, "host_queued_start": 1585586154.268456, "device_queued": -1, "device_end": -1, "host_queued_end": 1585586154.270474}, "device": "cpu", "nd_range": {"device_start": 2253928.522873573, "device_end": 2253928.531451908}, "cmdq": 4, "read": {"device_start": -1, "device_end": -1}}, "FFC_sans_bias6": {"write": {"device_start": -1, "host_queued_start": 1585586154.266733, "device_queued": -1, "device_end": -1, "host_queued_end": 1585586154.270474}, "device": "cpu", "nd_range": {"device_start": 2253928.508168523, "device_end": 2253928.517976418}, "cmdq": 1, "read": {"device_start": -1, "device_end": -1}}, "FFC_sans_bias1": {"write": {"device_start": -1, "host_queued_start": 1585586154.256016, "device_queued": -1, "device_end": -1, "host_queued_end": 1585586154.270474}, "device": "cpu", "nd_range": {"device_start": 2253928.4758094973, "device_end": 2253928.4909781544}, "cmdq": 4, "read": {"device_start": -1, "device_end": -1}}, "FFC_sans_bias0": {"write": {"device_start": -1, "host_queued_start": 1585586154.254873, "device_queued": -1, "device_end": -1, "host_queued_end": 1585586154.270474}, "device": "cpu", "nd_range": {"device_start": 2253928.460111229, "device_end": 2253928.476135572}, "cmdq": 3, "read": {"device_start": -1, "device_end": -1}}, "FFC_sans_bias2": {"write": {"device_start": -1, "host_queued_start": 1585586154.257098, "device_queued": -1, "device_end": -1, "host_queued_end": 1585586154.270474}, "device": "cpu", "nd_range": {"device_start": 2253928.460102986, "device_end": 2253928.47548318}, "cmdq": 0, "read": {"device_start": -1, "device_end": -1}}, "FFC_sans_bias9": {"write": {"device_start": -1, "host_queued_start": 1585586154.258225, "device_queued": -1, "device_end": -1, "host_queued_end": 1585586154.270474}, "device": "cpu", "nd_range": {"device_start": 2253928.4601016063, "device_end": 2253928.47558108}, "cmdq": 1, "read": {"device_start": -1, "device_end": -1}}, "coalesced_transpose39": {"write": {"device_start": -1, "host_queued_start": 1585586154.246392, "device_queued": -1, "device_end": -1, "host_queued_end": 1585586154.250555}, "device": "gpu", "nd_range": {"device_start": 1585586088.8493073, "device_end": 1585586088.849325}, "cmdq": 4, "read": {"device_start": -1, "device_end": -1}}, "softmax23": {"write": {"device_start": -1, "host_queued_start": 1585586154.266366, "device_queued": -1, "device_end": -1, "host_queued_end": 1585586154.270474}, "device": "cpu", "nd_range": {"device_start": 2253928.516273173, "device_end": 2253928.5164797353}, "cmdq": 0, "read": {"device_start": -1, "device_end": -1}}, "FFC_sans_bias37": {"write": {"device_start": 1585586088.846835, "host_queued_start": 1585586154.244726, "device_queued": 1585586088.8466835, "device_end": 1585586088.8468587, "host_queued_end": 1585586154.250555}, "device": "gpu", "nd_range": {"device_start": 1585586088.8469152, "device_end": 1585586088.8489847}, "cmdq": 1, "read": {"device_start": -1, "device_end": -1}}, "softmax41": {"write": {"device_start": -1, "host_queued_start": 1585586154.247742, "device_queued": -1, "device_end": -1, "host_queued_end": 1585586154.250555}, "device": "gpu", "nd_range": {"device_start": 1585586088.8504121, "device_end": 1585586088.8507533}, "cmdq": 3, "read": {"device_start": -1, "device_end": -1}}, "FFC_sans_bias11": {"write": {"device_start": -1, "host_queued_start": 1585586154.260354, "device_queued": -1, "device_end": -1, "host_queued_end": 1585586154.270474}, "device": "cpu", "nd_range": {"device_start": 2253928.476270563, "device_end": 2253928.492433241}, "cmdq": 3, "read": {"device_start": -1, "device_end": -1}}, "FFC_sans_bias10": {"write": {"device_start": -1, "host_queued_start": 1585586154.259297, "device_queued": -1, "device_end": -1, "host_queued_end": 1585586154.270474}, "device": "cpu", "nd_range": {"device_start": 2253928.460257119, "device_end": 2253928.4756938}, "cmdq": 2, "read": {"device_start": -1, "device_end": -1}}, "coalesced_transpose3": {"write": {"device_start": -1, "host_queued_start": 1585586154.263868, "device_queued": -1, "device_end": -1, "host_queued_end": 1585586154.270474}, "device": "cpu", "nd_range": {"device_start": 2253928.4987473884, "device_end": 2253928.4990974343}, "cmdq": 2, "read": {"device_start": -1, "device_end": -1}}, "FFC_sans_bias34": {"write": {"device_start": 1585586088.8505242, "host_queued_start": 1585586154.249403, "device_queued": 1585586088.847267, "device_end": 1585586088.850585, "host_queued_end": 1585586154.250555}, "device": "gpu", "nd_range": {"device_start": 1585586088.8510635, "device_end": 1585586088.8520238}, "cmdq": 1, "read": {"device_start": 1585586088.8520288, "device_end": 1585586088.852053}}, "FFC_sans_bias15": {"write": {"device_start": -1, "host_queued_start": 1585586154.267075, "device_queued": -1, "device_end": -1, "host_queued_end": 1585586154.270474}, "device": "cpu", "nd_range": {"device_start": 2253928.5160518573, "device_end": 2253928.529233714}, "cmdq": 2, "read": {"device_start": -1, "device_end": -1}}, "FFC_sans_bias31": {"write": {"device_start": -1, "host_queued_start": 1585586154.246732, "device_queued": -1, "device_end": -1, "host_queued_end": 1585586154.250555}, "device": "gpu", "nd_range": {"device_start": 1585586088.8493118, "device_end": 1585586088.8499262}, "cmdq": 0, "read": {"device_start": -1, "device_end": -1}}, "FFC_sans_bias16": {"write": {"device_start": -1, "host_queued_start": 1585586154.269444, "device_queued": -1, "device_end": -1, "host_queued_end": 1585586154.270474}, "device": "cpu", "nd_range": {"device_start": 2253928.5313829943, "device_end": 2253928.5456884373}, "cmdq": 0, "read": {"device_start": -1, "device_end": -1}}, "FFC_sans_bias19": {"write": {"device_start": -1, "host_queued_start": 1585586154.262459, "device_queued": -1, "device_end": -1, "host_queued_end": 1585586154.270474}, "device": "cpu", "nd_range": {"device_start": 2253928.4787780363, "device_end": 2253928.498952073}, "cmdq": 0, "read": {"device_start": -1, "device_end": -1}}, "FFC_sans_bias18": {"write": {"device_start": -1, "host_queued_start": 1585586154.261396, "device_queued": -1, "device_end": -1, "host_queued_end": 1585586154.270474}, "device": "cpu", "nd_range": {"device_start": 2253928.49113258, "device_end": 2253928.506802706}, "cmdq": 4, "read": {"device_start": -1, "device_end": -1}}, "coalesced_transpose30": {"write": {"device_start": -1, "host_queued_start": 1585586154.246094, "device_queued": -1, "device_end": -1, "host_queued_end": 1585586154.250555}, "device": "gpu", "nd_range": {"device_start": 1585586088.8474593, "device_end": 1585586088.8493035}, "cmdq": 3, "read": {"device_start": -1, "device_end": -1}}, "FFC_sans_bias38": {"write": {"device_start": 1585586088.8471918, "host_queued_start": 1585586154.245769, "device_queued": 1585586088.8467019, "device_end": 1585586088.8472228, "host_queued_end": 1585586154.250555}, "device": "gpu", "nd_range": {"device_start": 1585586088.8472283, "device_end": 1585586088.8494473}, "cmdq": 2, "read": {"device_start": -1, "device_end": -1}}, "empty26": {"write": {"device_start": -1, "host_queued_start": 1585586154.253866, "device_queued": -1, "device_end": -1, "host_queued_end": 1585586154.270474}, "device": "cpu", "nd_range": {"device_start": 2253928.4602280683, "device_end": 2253928.460231429}, "cmdq": 2, "read": {"device_start": -1, "device_end": -1}}, "coalesced_transpose12": {"write": {"device_start": -1, "host_queued_start": 1585586154.264202, "device_queued": -1, "device_end": -1, "host_queued_end": 1585586154.270474}, "device": "cpu", "nd_range": {"device_start": 2253928.492554075, "device_end": 2253928.492799308}, "cmdq": 3, "read": {"device_start": -1, "device_end": -1}}, "empty44": {"write": {"device_start": 1585586088.8462636, "host_queued_start": 1585586154.239401, "device_queued": 1585586088.84609, "device_end": 1585586088.8463373, "host_queued_end": 1585586154.250555}, "device": "gpu", "nd_range": {"device_start": 1585586088.8464205, "device_end": 1585586088.8464441}, "cmdq": 1, "read": {"device_start": -1, "device_end": -1}}, "coalesced_transpose21": {"write": {"device_start": -1, "host_queued_start": 1585586154.264525, "device_queued": -1, "device_end": -1, "host_queued_end": 1585586154.270474}, "device": "cpu", "nd_range": {"device_start": 2253928.506818442, "device_end": 2253928.507092792}, "cmdq": 4, "read": {"device_start": -1, "device_end": -1}}, "FFC_sans_bias36": {"write": {"device_start": 1585586088.8467362, "host_queued_start": 1585586154.243692, "device_queued": 1585586088.8466294, "device_end": 1585586088.8468006, "host_queued_end": 1585586154.250555}, "device": "gpu", "nd_range": {"device_start": 1585586088.8468075, "device_end": 1585586088.8484569}, "cmdq": 0, "read": {"device_start": -1, "device_end": -1}}, "softmax14": {"write": {"device_start": -1, "host_queued_start": 1585586154.266095, "device_queued": -1, "device_end": -1, "host_queued_end": 1585586154.270474}, "device": "cpu", "nd_range": {"device_start": 2253928.507200446, "device_end": 2253928.507416732}, "cmdq": 4, "read": {"device_start": -1, "device_end": -1}}, "FFC_sans_bias13": {"write": {"device_start": -1, "host_queued_start": 1585586154.265209, "device_queued": -1, "device_end": -1, "host_queued_end": 1585586154.270474}, "device": "cpu", "nd_range": {"device_start": 2253928.492910685, "device_end": 2253928.5067882063}, "cmdq": 1, "read": {"device_start": -1, "device_end": -1}}, "empty8": {"write": {"device_start": -1, "host_queued_start": 1585586154.252056, "device_queued": -1, "device_end": -1, "host_queued_end": 1585586154.270474}, "device": "cpu", "nd_range": {"device_start": 2253928.460066616, "device_end": 2253928.4600792183}, "cmdq": 0, "read": {"device_start": -1, "device_end": -1}}, "FFC_sans_bias42": {"write": {"device_start": -1, "host_queued_start": 1585586154.248388, "device_queued": -1, "device_end": -1, "host_queued_end": 1585586154.250555}, "device": "gpu", "nd_range": {"device_start": 1585586088.850756, "device_end": 1585586088.8514652}, "cmdq": 0, "read": {"device_start": -1, "device_end": -1}}, "FFC_sans_bias43": {"write": {"device_start": 1585586088.850608, "host_queued_start": 1585586154.250456, "device_queued": 1585586088.8472939, "device_end": 1585586088.8506405, "host_queued_end": 1585586154.250555}, "device": "gpu", "nd_range": {"device_start": 1585586088.8514707, "device_end": 1585586088.8524404}, "cmdq": 2, "read": {"device_start": 1585586088.852446, "device_end": 1585586088.8524694}}, "FFC_sans_bias40": {"write": {"device_start": -1, "host_queued_start": 1585586154.247065, "device_queued": -1, "device_end": -1, "host_queued_end": 1585586154.250555}, "device": "gpu", "nd_range": {"device_start": 1585586088.849456, "device_end": 1585586088.8503978}, "cmdq": 1, "read": {"device_start": -1, "device_end": -1}}, "softmax32": {"write": {"device_start": -1, "host_queued_start": 1585586154.247324, "device_queued": -1, "device_end": -1, "host_queued_end": 1585586154.250555}, "device": "gpu", "nd_range": {"device_start": 1585586088.8499327, "device_end": 1585586088.8504522}, "cmdq": 2, "read": {"device_start": -1, "device_end": -1}}, "FFC_sans_bias33": {"write": {"device_start": -1, "host_queued_start": 1585586154.24807, "device_queued": -1, "device_end": -1, "host_queued_end": 1585586154.250555}, "device": "gpu", "nd_range": {"device_start": 1585586088.8504553, "device_end": 1585586088.8510609}, "cmdq": 4, "read": {"device_start": -1, "device_end": -1}}, "FFC_sans_bias24": {"write": {"device_start": -1, "host_queued_start": 1585586154.267416, "device_queued": -1, "device_end": -1, "host_queued_end": 1585586154.270474}, "device": "cpu", "nd_range": {"device_start": 2253928.5166020463, "device_end": 2253928.528094362}, "cmdq": 3, "read": {"device_start": -1, "device_end": -1}}, "FFC_sans_bias25": {"write": {"device_start": -1, "host_queued_start": 1585586154.27043, "device_queued": -1, "device_end": -1, "host_queued_end": 1585586154.270474}, "device": "cpu", "nd_range": {"device_start": 2253928.5290607773, "device_end": 2253928.5357195283}, "cmdq": 1, "read": {"device_start": -1, "device_end": -1}}, "FFC_sans_bias27": {"write": {"device_start": 1585586088.8463688, "host_queued_start": 1585586154.240405, "device_queued": 1585586088.8461099, "device_end": 1585586088.846442, "host_queued_end": 1585586154.250555}, "device": "gpu", "nd_range": {"device_start": 1585586088.8464472, "device_end": 1585586088.8470552}, "cmdq": 2, "read": {"device_start": -1, "device_end": -1}}, "FFC_sans_bias20": {"write": {"device_start": -1, "host_queued_start": 1585586154.263536, "device_queued": -1, "device_end": -1, "host_queued_end": 1585586154.270474}, "device": "cpu", "nd_range": {"device_start": 2253928.475704029, "device_end": 2253928.490984614}, "cmdq": 1, "read": {"device_start": -1, "device_end": -1}}, "FFC_sans_bias22": {"write": {"device_start": -1, "host_queued_start": 1585586154.265547, "device_queued": -1, "device_end": -1, "host_queued_end": 1585586154.270474}, "device": "cpu", "nd_range": {"device_start": 2253928.507575882, "device_end": 2253928.515925812}, "cmdq": 2, "read": {"device_start": -1, "device_end": -1}}, "softmax5": {"write": {"device_start": -1, "host_queued_start": 1585586154.265825, "device_queued": -1, "device_end": -1, "host_queued_end": 1585586154.270474}, "device": "cpu", "nd_range": {"device_start": 2253928.5078506293, "device_end": 2253928.508059266}, "cmdq": 3, "read": {"device_start": -1, "device_end": -1}}, "FFC_sans_bias28": {"write": {"device_start": 1585586088.8464727, "host_queued_start": 1585586154.241471, "device_queued": 1585586088.8461287, "device_end": 1585586088.846538, "host_queued_end": 1585586154.250555}, "device": "gpu", "nd_range": {"device_start": 1585586088.8465433, "device_end": 1585586088.8474581}, "cmdq": 3, "read": {"device_start": -1, "device_end": -1}}, "FFC_sans_bias29": {"write": {"device_start": 1585586088.8465714, "host_queued_start": 1585586154.242566, "device_queued": 1585586088.8463535, "device_end": 1585586088.8465958, "host_queued_end": 1585586154.250555}, "device": "gpu", "nd_range": {"device_start": 1585586088.8466039, "device_end": 1585586088.8480132}, "cmdq": 4, "read": {"device_start": -1, "device_end": -1}}, "empty17": {"write": {"device_start": -1, "host_queued_start": 1585586154.253033, "device_queued": -1, "device_end": -1, "host_queued_end": 1585586154.270474}, "device": "cpu", "nd_range": {"device_start": 2253928.460066638, "device_end": 2253928.460079188}, "cmdq": 1, "read": {"device_start": -1, "device_end": -1}}, "empty35": {"write": {"device_start": 1585586088.8461466, "host_queued_start": 1585586154.238324, "device_queued": 1585586088.8460073, "device_end": 1585586088.8461883, "host_queued_end": 1585586154.250555}, "device": "gpu", "nd_range": {"device_start": 1585586088.8461978, "device_end": 1585586088.846203}, "cmdq": 0, "read": {"device_start": -1, "device_end": -1}}}