{"FFC_sans_bias4": {"write": {"device_start": -1, "host_queued_start": 1585585997.31618, "device_queued": -1, "device_end": -1, "host_queued_end": 1585585997.325763}, "device": "cpu", "nd_range": {"device_start": 2253771.607979562, "device_end": 2253771.621378436}, "cmdq": 0, "read": {"device_start": -1, "device_end": -1}}, "FFC_sans_bias7": {"write": {"device_start": -1, "host_queued_start": 1585585997.32171, "device_queued": -1, "device_end": -1, "host_queued_end": 1585585997.325763}, "device": "cpu", "nd_range": {"device_start": 2253771.64007612, "device_end": 2253771.648886472}, "cmdq": 0, "read": {"device_start": -1, "device_end": -1}}, "FFC_sans_bias6": {"write": {"device_start": -1, "host_queued_start": 1585585997.319287, "device_queued": -1, "device_end": -1, "host_queued_end": 1585585997.325763}, "device": "cpu", "nd_range": {"device_start": 2253771.6261287183, "device_end": 2253771.639952364}, "cmdq": 0, "read": {"device_start": -1, "device_end": -1}}, "FFC_sans_bias1": {"write": {"device_start": -1, "host_queued_start": 1585585997.300103, "device_queued": -1, "device_end": -1, "host_queued_end": 1585585997.325763}, "device": "cpu", "nd_range": {"device_start": 2253771.515433248, "device_end": 2253771.530912946}, "cmdq": 1, "read": {"device_start": -1, "device_end": -1}}, "FFC_sans_bias0": {"write": {"device_start": -1, "host_queued_start": 1585585997.299052, "device_queued": -1, "device_end": -1, "host_queued_end": 1585585997.325763}, "device": "cpu", "nd_range": {"device_start": 2253771.5618017223, "device_end": 2253771.576978406}, "cmdq": 0, "read": {"device_start": -1, "device_end": -1}}, "FFC_sans_bias2": {"write": {"device_start": -1, "host_queued_start": 1585585997.30115, "device_queued": -1, "device_end": -1, "host_queued_end": 1585585997.325763}, "device": "cpu", "nd_range": {"device_start": 2253771.515436321, "device_end": 2253771.530780138}, "cmdq": 2, "read": {"device_start": -1, "device_end": -1}}, "FFC_sans_bias9": {"write": {"device_start": -1, "host_queued_start": 1585585997.302192, "device_queued": -1, "device_end": -1, "host_queued_end": 1585585997.325763}, "device": "cpu", "nd_range": {"device_start": 2253771.5155316833, "device_end": 2253771.5318632573}, "cmdq": 3, "read": {"device_start": -1, "device_end": -1}}, "coalesced_transpose39": {"write": {"device_start": -1, "host_queued_start": 1585585997.315828, "device_queued": -1, "device_end": -1, "host_queued_end": 1585585997.325763}, "device": "cpu", "nd_range": {"device_start": 2253771.56411101, "device_end": 2253771.5643482693}, "cmdq": 4, "read": {"device_start": -1, "device_end": -1}}, "softmax23": {"write": {"device_start": -1, "host_queued_start": 1585585997.318371, "device_queued": -1, "device_end": -1, "host_queued_end": 1585585997.325763}, "device": "cpu", "nd_range": {"device_start": 2253771.577351788, "device_end": 2253771.5775705343}, "cmdq": 2, "read": {"device_start": -1, "device_end": -1}}, "FFC_sans_bias37": {"write": {"device_start": -1, "host_queued_start": 1585585997.313065, "device_queued": -1, "device_end": -1, "host_queued_end": 1585585997.325763}, "device": "cpu", "nd_range": {"device_start": 2253771.547641384, "device_end": 2253771.563990258}, "cmdq": 3, "read": {"device_start": -1, "device_end": -1}}, "softmax41": {"write": {"device_start": -1, "host_queued_start": 1585585997.318944, "device_queued": -1, "device_end": -1, "host_queued_end": 1585585997.325763}, "device": "cpu", "nd_range": {"device_start": 2253771.5808708332, "device_end": 2253771.581076464}, "cmdq": 4, "read": {"device_start": -1, "device_end": -1}}, "FFC_sans_bias11": {"write": {"device_start": -1, "host_queued_start": 1585585997.304431, "device_queued": -1, "device_end": -1, "host_queued_end": 1585585997.325763}, "device": "cpu", "nd_range": {"device_start": 2253771.576993402, "device_end": 2253771.592210812}, "cmdq": 0, "read": {"device_start": -1, "device_end": -1}}, "FFC_sans_bias10": {"write": {"device_start": -1, "host_queued_start": 1585585997.303341, "device_queued": -1, "device_end": -1, "host_queued_end": 1585585997.325763}, "device": "cpu", "nd_range": {"device_start": 2253771.515787653, "device_end": 2253771.5310105733}, "cmdq": 4, "read": {"device_start": -1, "device_end": -1}}, "coalesced_transpose3": {"write": {"device_start": -1, "host_queued_start": 1585585997.314441, "device_queued": -1, "device_end": -1, "host_queued_end": 1585585997.325763}, "device": "cpu", "nd_range": {"device_start": 2253771.607619765, "device_end": 2253771.6078664972}, "cmdq": 0, "read": {"device_start": -1, "device_end": -1}}, "FFC_sans_bias34": {"write": {"device_start": -1, "host_queued_start": 1585585997.324704, "device_queued": -1, "device_end": -1, "host_queued_end": 1585585997.325763}, "device": "cpu", "nd_range": {"device_start": 2253771.640015642, "device_end": 2253771.6563802822}, "cmdq": 3, "read": {"device_start": -1, "device_end": -1}}, "FFC_sans_bias15": {"write": {"device_start": -1, "host_queued_start": 1585585997.319633, "device_queued": -1, "device_end": -1, "host_queued_end": 1585585997.325763}, "device": "cpu", "nd_range": {"device_start": 2253771.625482757, "device_end": 2253771.6369740963}, "cmdq": 1, "read": {"device_start": -1, "device_end": -1}}, "FFC_sans_bias31": {"write": {"device_start": -1, "host_queued_start": 1585585997.317213, "device_queued": -1, "device_end": -1, "host_queued_end": 1585585997.325763}, "device": "cpu", "nd_range": {"device_start": 2253771.608689431, "device_end": 2253771.620212422}, "cmdq": 3, "read": {"device_start": -1, "device_end": -1}}, "FFC_sans_bias16": {"write": {"device_start": -1, "host_queued_start": 1585585997.322726, "device_queued": -1, "device_end": -1, "host_queued_end": 1585585997.325763}, "device": "cpu", "nd_range": {"device_start": 2253771.637095794, "device_end": 2253771.6457125773}, "cmdq": 1, "read": {"device_start": -1, "device_end": -1}}, "FFC_sans_bias19": {"write": {"device_start": -1, "host_queued_start": 1585585997.306555, "device_queued": -1, "device_end": -1, "host_queued_end": 1585585997.325763}, "device": "cpu", "nd_range": {"device_start": 2253771.530790259, "device_end": 2253771.546122283}, "cmdq": 2, "read": {"device_start": -1, "device_end": -1}}, "FFC_sans_bias18": {"write": {"device_start": -1, "host_queued_start": 1585585997.3055, "device_queued": -1, "device_end": -1, "host_queued_end": 1585585997.325763}, "device": "cpu", "nd_range": {"device_start": 2253771.5343321944, "device_end": 2253771.559321946}, "cmdq": 1, "read": {"device_start": -1, "device_end": -1}}, "coalesced_transpose30": {"write": {"device_start": -1, "host_queued_start": 1585585997.315501, "device_queued": -1, "device_end": -1, "host_queued_end": 1585585997.325763}, "device": "cpu", "nd_range": {"device_start": 2253771.6083374973, "device_end": 2253771.608572912}, "cmdq": 3, "read": {"device_start": -1, "device_end": -1}}, "FFC_sans_bias38": {"write": {"device_start": -1, "host_queued_start": 1585585997.31411, "device_queued": -1, "device_end": -1, "host_queued_end": 1585585997.325763}, "device": "cpu", "nd_range": {"device_start": 2253771.546452409, "device_end": 2253771.5616875403}, "cmdq": 4, "read": {"device_start": -1, "device_end": -1}}, "empty26": {"write": {"device_start": -1, "host_queued_start": 1585585997.296319, "device_queued": -1, "device_end": -1, "host_queued_end": 1585585997.325763}, "device": "cpu", "nd_range": {"device_start": 2253771.515428224, "device_end": 2253771.515429201}, "cmdq": 2, "read": {"device_start": -1, "device_end": -1}}, "coalesced_transpose12": {"write": {"device_start": -1, "host_queued_start": 1585585997.314807, "device_queued": -1, "device_end": -1, "host_queued_end": 1585585997.325763}, "device": "cpu", "nd_range": {"device_start": 2253771.595732349, "device_end": 2253771.595983045}, "cmdq": 1, "read": {"device_start": -1, "device_end": -1}}, "empty44": {"write": {"device_start": -1, "host_queued_start": 1585585997.298011, "device_queued": -1, "device_end": -1, "host_queued_end": 1585585997.325763}, "device": "cpu", "nd_range": {"device_start": 2253771.515599247, "device_end": 2253771.515603053}, "cmdq": 4, "read": {"device_start": -1, "device_end": -1}}, "coalesced_transpose21": {"write": {"device_start": -1, "host_queued_start": 1585585997.315169, "device_queued": -1, "device_end": -1, "host_queued_end": 1585585997.325763}, "device": "cpu", "nd_range": {"device_start": 2253771.561612571, "device_end": 2253771.5618544803}, "cmdq": 2, "read": {"device_start": -1, "device_end": -1}}, "FFC_sans_bias36": {"write": {"device_start": -1, "host_queued_start": 1585585997.312024, "device_queued": -1, "device_end": -1, "host_queued_end": 1585585997.325763}, "device": "cpu", "nd_range": {"device_start": 2253771.546264024, "device_end": 2253771.5614875713}, "cmdq": 2, "read": {"device_start": -1, "device_end": -1}}, "softmax14": {"write": {"device_start": -1, "host_queued_start": 1585585997.318099, "device_queued": -1, "device_end": -1, "host_queued_end": 1585585997.325763}, "device": "cpu", "nd_range": {"device_start": 2253771.618764394, "device_end": 2253771.625476722}, "cmdq": 1, "read": {"device_start": -1, "device_end": -1}}, "FFC_sans_bias13": {"write": {"device_start": -1, "host_queued_start": 1585585997.316525, "device_queued": -1, "device_end": -1, "host_queued_end": 1585585997.325763}, "device": "cpu", "nd_range": {"device_start": 2253771.596363769, "device_end": 2253771.6187533704}, "cmdq": 1, "read": {"device_start": -1, "device_end": -1}}, "empty8": {"write": {"device_start": -1, "host_queued_start": 1585585997.294428, "device_queued": -1, "device_end": -1, "host_queued_end": 1585585997.325763}, "device": "cpu", "nd_range": {"device_start": 2253771.515402837, "device_end": 2253771.515411878}, "cmdq": 0, "read": {"device_start": -1, "device_end": -1}}, "FFC_sans_bias42": {"write": {"device_start": -1, "host_queued_start": 1585585997.320667, "device_queued": -1, "device_end": -1, "host_queued_end": 1585585997.325763}, "device": "cpu", "nd_range": {"device_start": 2253771.581185665, "device_end": 2253771.59750521}, "cmdq": 4, "read": {"device_start": -1, "device_end": -1}}, "FFC_sans_bias43": {"write": {"device_start": -1, "host_queued_start": 1585585997.325717, "device_queued": -1, "device_end": -1, "host_queued_end": 1585585997.325763}, "device": "cpu", "nd_range": {"device_start": 2253771.597622383, "device_end": 2253771.6128330813}, "cmdq": 4, "read": {"device_start": -1, "device_end": -1}}, "FFC_sans_bias40": {"write": {"device_start": -1, "host_queued_start": 1585585997.317551, "device_queued": -1, "device_end": -1, "host_queued_end": 1585585997.325763}, "device": "cpu", "nd_range": {"device_start": 2253771.564462025, "device_end": 2253771.580751494}, "cmdq": 4, "read": {"device_start": -1, "device_end": -1}}, "softmax32": {"write": {"device_start": -1, "host_queued_start": 1585585997.318671, "device_queued": -1, "device_end": -1, "host_queued_end": 1585585997.325763}, "device": "cpu", "nd_range": {"device_start": 2253771.620310118, "device_end": 2253771.625780282}, "cmdq": 3, "read": {"device_start": -1, "device_end": -1}}, "FFC_sans_bias33": {"write": {"device_start": -1, "host_queued_start": 1585585997.320325, "device_queued": -1, "device_end": -1, "host_queued_end": 1585585997.325763}, "device": "cpu", "nd_range": {"device_start": 2253771.6257949593, "device_end": 2253771.634414426}, "cmdq": 3, "read": {"device_start": -1, "device_end": -1}}, "FFC_sans_bias24": {"write": {"device_start": -1, "host_queued_start": 1585585997.319976, "device_queued": -1, "device_end": -1, "host_queued_end": 1585585997.325763}, "device": "cpu", "nd_range": {"device_start": 2253771.577684589, "device_end": 2253771.5928868502}, "cmdq": 2, "read": {"device_start": -1, "device_end": -1}}, "FFC_sans_bias25": {"write": {"device_start": -1, "host_queued_start": 1585585997.323715, "device_queued": -1, "device_end": -1, "host_queued_end": 1585585997.325763}, "device": "cpu", "nd_range": {"device_start": 2253771.593003735, "device_end": 2253771.608332864}, "cmdq": 2, "read": {"device_start": -1, "device_end": -1}}, "FFC_sans_bias27": {"write": {"device_start": -1, "host_queued_start": 1585585997.308861, "device_queued": -1, "device_end": -1, "host_queued_end": 1585585997.325763}, "device": "cpu", "nd_range": {"device_start": 2253771.531137816, "device_end": 2253771.546335233}, "cmdq": 4, "read": {"device_start": -1, "device_end": -1}}, "FFC_sans_bias20": {"write": {"device_start": -1, "host_queued_start": 1585585997.307653, "device_queued": -1, "device_end": -1, "host_queued_end": 1585585997.325763}, "device": "cpu", "nd_range": {"device_start": 2253771.531979462, "device_end": 2253771.547520733}, "cmdq": 3, "read": {"device_start": -1, "device_end": -1}}, "FFC_sans_bias22": {"write": {"device_start": -1, "host_queued_start": 1585585997.316865, "device_queued": -1, "device_end": -1, "host_queued_end": 1585585997.325763}, "device": "cpu", "nd_range": {"device_start": 2253771.5619698144, "device_end": 2253771.5772321583}, "cmdq": 2, "read": {"device_start": -1, "device_end": -1}}, "softmax5": {"write": {"device_start": -1, "host_queued_start": 1585585997.317824, "device_queued": -1, "device_end": -1, "host_queued_end": 1585585997.325763}, "device": "cpu", "nd_range": {"device_start": 2253771.621385959, "device_end": 2253771.6260164613}, "cmdq": 0, "read": {"device_start": -1, "device_end": -1}}, "FFC_sans_bias28": {"write": {"device_start": -1, "host_queued_start": 1585585997.309904, "device_queued": -1, "device_end": -1, "host_queued_end": 1585585997.325763}, "device": "cpu", "nd_range": {"device_start": 2253771.5922194263, "device_end": 2253771.607491948}, "cmdq": 0, "read": {"device_start": -1, "device_end": -1}}, "FFC_sans_bias29": {"write": {"device_start": -1, "host_queued_start": 1585585997.310981, "device_queued": -1, "device_end": -1, "host_queued_end": 1585585997.325763}, "device": "cpu", "nd_range": {"device_start": 2253771.5593319573, "device_end": 2253771.594645863}, "cmdq": 1, "read": {"device_start": -1, "device_end": -1}}, "empty17": {"write": {"device_start": -1, "host_queued_start": 1585585997.295479, "device_queued": -1, "device_end": -1, "host_queued_end": 1585585997.325763}, "device": "cpu", "nd_range": {"device_start": 2253771.515402789, "device_end": 2253771.515411896}, "cmdq": 1, "read": {"device_start": -1, "device_end": -1}}, "empty35": {"write": {"device_start": -1, "host_queued_start": 1585585997.297156, "device_queued": -1, "device_end": -1, "host_queued_end": 1585585997.325763}, "device": "cpu", "nd_range": {"device_start": 2253771.515508649, "device_end": 2253771.515512668}, "cmdq": 3, "read": {"device_start": -1, "device_end": -1}}}