{"FFC_sans_bias4": {"write": {"device_start": -1, "host_queued_start": 1585586121.784697, "device_queued": -1, "device_end": -1, "host_queued_end": 1585586121.79035}, "device": "cpu", "nd_range": {"device_start": 2253896.009533223, "device_end": 2253896.0214042263}, "cmdq": 0, "read": {"device_start": -1, "device_end": -1}}, "FFC_sans_bias7": {"write": {"device_start": -1, "host_queued_start": 1585586121.788316, "device_queued": -1, "device_end": -1, "host_queued_end": 1585586121.79035}, "device": "cpu", "nd_range": {"device_start": 2253896.0288777594, "device_end": 2253896.040759134}, "cmdq": 0, "read": {"device_start": -1, "device_end": -1}}, "FFC_sans_bias6": {"write": {"device_start": -1, "host_queued_start": 1585586121.786538, "device_queued": -1, "device_end": -1, "host_queued_end": 1585586121.79035}, "device": "cpu", "nd_range": {"device_start": 2253896.0218459372, "device_end": 2253896.028765908}, "cmdq": 0, "read": {"device_start": -1, "device_end": -1}}, "FFC_sans_bias1": {"write": {"device_start": -1, "host_queued_start": 1585586121.77589, "device_queued": -1, "device_end": -1, "host_queued_end": 1585586121.79035}, "device": "cpu", "nd_range": {"device_start": 2253895.9799763123, "device_end": 2253895.991502482}, "cmdq": 1, "read": {"device_start": -1, "device_end": -1}}, "FFC_sans_bias0": {"write": {"device_start": -1, "host_queued_start": 1585586121.774777, "device_queued": -1, "device_end": -1, "host_queued_end": 1585586121.79035}, "device": "cpu", "nd_range": {"device_start": 2253895.9799762582, "device_end": 2253895.9886275833}, "cmdq": 0, "read": {"device_start": -1, "device_end": -1}}, "FFC_sans_bias2": {"write": {"device_start": -1, "host_queued_start": 1585586121.776971, "device_queued": -1, "device_end": -1, "host_queued_end": 1585586121.79035}, "device": "cpu", "nd_range": {"device_start": 2253895.980041006, "device_end": 2253895.997436636}, "cmdq": 2, "read": {"device_start": -1, "device_end": -1}}, "FFC_sans_bias9": {"write": {"device_start": -1, "host_queued_start": 1585586121.778071, "device_queued": -1, "device_end": -1, "host_queued_end": 1585586121.79035}, "device": "cpu", "nd_range": {"device_start": 2253895.9896962564, "device_end": 2253895.9966043443}, "cmdq": 0, "read": {"device_start": -1, "device_end": -1}}, "coalesced_transpose39": {"write": {"device_start": -1, "host_queued_start": 1585586121.766393, "device_queued": -1, "device_end": -1, "host_queued_end": 1585586121.770511}, "device": "gpu", "nd_range": {"device_start": 1585586056.3701742, "device_end": 1585586056.370192}, "cmdq": 4, "read": {"device_start": -1, "device_end": -1}}, "softmax23": {"write": {"device_start": -1, "host_queued_start": 1585586121.786199, "device_queued": -1, "device_end": -1, "host_queued_end": 1585586121.79035}, "device": "cpu", "nd_range": {"device_start": 2253896.0366166793, "device_end": 2253896.0368248513}, "cmdq": 2, "read": {"device_start": -1, "device_end": -1}}, "FFC_sans_bias37": {"write": {"device_start": 1585586056.3676438, "host_queued_start": 1585586121.764727, "device_queued": 1585586056.36752, "device_end": 1585586056.3676739, "host_queued_end": 1585586121.770511}, "device": "gpu", "nd_range": {"device_start": 1585586056.367743, "device_end": 1585586056.3698628}, "cmdq": 1, "read": {"device_start": -1, "device_end": -1}}, "softmax41": {"write": {"device_start": -1, "host_queued_start": 1585586121.767722, "device_queued": -1, "device_end": -1, "host_queued_end": 1585586121.770511}, "device": "gpu", "nd_range": {"device_start": 1585586056.3713176, "device_end": 1585586056.371656}, "cmdq": 3, "read": {"device_start": -1, "device_end": -1}}, "FFC_sans_bias11": {"write": {"device_start": -1, "host_queued_start": 1585586121.78023, "device_queued": -1, "device_end": -1, "host_queued_end": 1585586121.79035}, "device": "cpu", "nd_range": {"device_start": 2253895.9975591153, "device_end": 2253896.010762652}, "cmdq": 2, "read": {"device_start": -1, "device_end": -1}}, "FFC_sans_bias10": {"write": {"device_start": -1, "host_queued_start": 1585586121.77917, "device_queued": -1, "device_end": -1, "host_queued_end": 1585586121.79035}, "device": "cpu", "nd_range": {"device_start": 2253895.991630503, "device_end": 2253896.0080689923}, "cmdq": 1, "read": {"device_start": -1, "device_end": -1}}, "coalesced_transpose3": {"write": {"device_start": -1, "host_queued_start": 1585586121.783704, "device_queued": -1, "device_end": -1, "host_queued_end": 1585586121.79035}, "device": "cpu", "nd_range": {"device_start": 2253896.009178379, "device_end": 2253896.009423818}, "cmdq": 0, "read": {"device_start": -1, "device_end": -1}}, "FFC_sans_bias34": {"write": {"device_start": 1585586056.371423, "host_queued_start": 1585586121.769362, "device_queued": 1585586056.3681302, "device_end": 1585586056.3714762, "host_queued_end": 1585586121.770511}, "device": "gpu", "nd_range": {"device_start": 1585586056.3719614, "device_end": 1585586056.372928}, "cmdq": 1, "read": {"device_start": 1585586056.3729293, "device_end": 1585586056.3729532}}, "FFC_sans_bias15": {"write": {"device_start": -1, "host_queued_start": 1585586121.786906, "device_queued": -1, "device_end": -1, "host_queued_end": 1585586121.79035}, "device": "cpu", "nd_range": {"device_start": 2253896.045642044, "device_end": 2253896.050678745}, "cmdq": 1, "read": {"device_start": -1, "device_end": -1}}, "FFC_sans_bias31": {"write": {"device_start": -1, "host_queued_start": 1585586121.766756, "device_queued": -1, "device_end": -1, "host_queued_end": 1585586121.770511}, "device": "gpu", "nd_range": {"device_start": 1585586056.370179, "device_end": 1585586056.3708026}, "cmdq": 0, "read": {"device_start": -1, "device_end": -1}}, "FFC_sans_bias16": {"write": {"device_start": -1, "host_queued_start": 1585586121.789319, "device_queued": -1, "device_end": -1, "host_queued_end": 1585586121.79035}, "device": "cpu", "nd_range": {"device_start": 2253896.050684558, "device_end": 2253896.0589838712}, "cmdq": 1, "read": {"device_start": -1, "device_end": -1}}, "FFC_sans_bias19": {"write": {"device_start": -1, "host_queued_start": 1585586121.782307, "device_queued": -1, "device_end": -1, "host_queued_end": 1585586121.79035}, "device": "cpu", "nd_range": {"device_start": 2253896.0084192962, "device_end": 2253896.023642924}, "cmdq": 1, "read": {"device_start": -1, "device_end": -1}}, "FFC_sans_bias18": {"write": {"device_start": -1, "host_queued_start": 1585586121.78127, "device_queued": -1, "device_end": -1, "host_queued_end": 1585586121.79035}, "device": "cpu", "nd_range": {"device_start": 2253895.996720437, "device_end": 2253896.0090650953}, "cmdq": 0, "read": {"device_start": -1, "device_end": -1}}, "coalesced_transpose30": {"write": {"device_start": -1, "host_queued_start": 1585586121.76609, "device_queued": -1, "device_end": -1, "host_queued_end": 1585586121.770511}, "device": "gpu", "nd_range": {"device_start": 1585586056.3683326, "device_end": 1585586056.370171}, "cmdq": 3, "read": {"device_start": -1, "device_end": -1}}, "FFC_sans_bias38": {"write": {"device_start": 1585586056.3680346, "host_queued_start": 1585586121.765762, "device_queued": 1585586056.367534, "device_end": 1585586056.3680637, "host_queued_end": 1585586121.770511}, "device": "gpu", "nd_range": {"device_start": 1585586056.3680663, "device_end": 1585586056.370316}, "cmdq": 2, "read": {"device_start": -1, "device_end": -1}}, "empty26": {"write": {"device_start": -1, "host_queued_start": 1585586121.773761, "device_queued": -1, "device_end": -1, "host_queued_end": 1585586121.79035}, "device": "cpu", "nd_range": {"device_start": 2253895.979985326, "device_end": 2253895.9799908553}, "cmdq": 2, "read": {"device_start": -1, "device_end": -1}}, "coalesced_transpose12": {"write": {"device_start": -1, "host_queued_start": 1585586121.784031, "device_queued": -1, "device_end": -1, "host_queued_end": 1585586121.79035}, "device": "cpu", "nd_range": {"device_start": 2253896.023817211, "device_end": 2253896.024069969}, "cmdq": 1, "read": {"device_start": -1, "device_end": -1}}, "empty44": {"write": {"device_start": 1585586056.3670638, "host_queued_start": 1585586121.75945, "device_queued": 1585586056.3669055, "device_end": 1585586056.3671286, "host_queued_end": 1585586121.770511}, "device": "gpu", "nd_range": {"device_start": 1585586056.3672862, "device_end": 1585586056.3673272}, "cmdq": 1, "read": {"device_start": -1, "device_end": -1}}, "coalesced_transpose21": {"write": {"device_start": -1, "host_queued_start": 1585586121.784355, "device_queued": -1, "device_end": -1, "host_queued_end": 1585586121.79035}, "device": "cpu", "nd_range": {"device_start": 2253896.027038123, "device_end": 2253896.027274428}, "cmdq": 2, "read": {"device_start": -1, "device_end": -1}}, "FFC_sans_bias36": {"write": {"device_start": 1585586056.367558, "host_queued_start": 1585586121.763695, "device_queued": 1585586056.3674607, "device_end": 1585586056.3676279, "host_queued_end": 1585586121.770511}, "device": "gpu", "nd_range": {"device_start": 1585586056.367634, "device_end": 1585586056.369329}, "cmdq": 0, "read": {"device_start": -1, "device_end": -1}}, "softmax14": {"write": {"device_start": -1, "host_queued_start": 1585586121.78593, "device_queued": -1, "device_end": -1, "host_queued_end": 1585586121.79035}, "device": "cpu", "nd_range": {"device_start": 2253896.042494468, "device_end": 2253896.0456357473}, "cmdq": 1, "read": {"device_start": -1, "device_end": -1}}, "FFC_sans_bias13": {"write": {"device_start": -1, "host_queued_start": 1585586121.78504, "device_queued": -1, "device_end": -1, "host_queued_end": 1585586121.79035}, "device": "cpu", "nd_range": {"device_start": 2253896.024446316, "device_end": 2253896.042484065}, "cmdq": 1, "read": {"device_start": -1, "device_end": -1}}, "empty8": {"write": {"device_start": -1, "host_queued_start": 1585586121.771966, "device_queued": -1, "device_end": -1, "host_queued_end": 1585586121.79035}, "device": "cpu", "nd_range": {"device_start": 2253895.979943247, "device_end": 2253895.979956286}, "cmdq": 0, "read": {"device_start": -1, "device_end": -1}}, "FFC_sans_bias42": {"write": {"device_start": -1, "host_queued_start": 1585586121.768351, "device_queued": -1, "device_end": -1, "host_queued_end": 1585586121.770511}, "device": "gpu", "nd_range": {"device_start": 1585586056.3716588, "device_end": 1585586056.372367}, "cmdq": 0, "read": {"device_start": -1, "device_end": -1}}, "FFC_sans_bias43": {"write": {"device_start": 1585586056.3715081, "host_queued_start": 1585586121.770411, "device_queued": 1585586056.3681567, "device_end": 1585586056.3715339, "host_queued_end": 1585586121.770511}, "device": "gpu", "nd_range": {"device_start": 1585586056.3723717, "device_end": 1585586056.37335}, "cmdq": 2, "read": {"device_start": 1585586056.3733573, "device_end": 1585586056.3733804}}, "FFC_sans_bias40": {"write": {"device_start": -1, "host_queued_start": 1585586121.767072, "device_queued": -1, "device_end": -1, "host_queued_end": 1585586121.770511}, "device": "gpu", "nd_range": {"device_start": 1585586056.3703249, "device_end": 1585586056.371311}, "cmdq": 1, "read": {"device_start": -1, "device_end": -1}}, "softmax32": {"write": {"device_start": -1, "host_queued_start": 1585586121.767326, "device_queued": -1, "device_end": -1, "host_queued_end": 1585586121.770511}, "device": "gpu", "nd_range": {"device_start": 1585586056.370808, "device_end": 1585586056.3713515}, "cmdq": 2, "read": {"device_start": -1, "device_end": -1}}, "FFC_sans_bias33": {"write": {"device_start": -1, "host_queued_start": 1585586121.76804, "device_queued": -1, "device_end": -1, "host_queued_end": 1585586121.770511}, "device": "gpu", "nd_range": {"device_start": 1585586056.371356, "device_end": 1585586056.3719583}, "cmdq": 4, "read": {"device_start": -1, "device_end": -1}}, "FFC_sans_bias24": {"write": {"device_start": -1, "host_queued_start": 1585586121.787251, "device_queued": -1, "device_end": -1, "host_queued_end": 1585586121.79035}, "device": "cpu", "nd_range": {"device_start": 2253896.036935754, "device_end": 2253896.046665747}, "cmdq": 2, "read": {"device_start": -1, "device_end": -1}}, "FFC_sans_bias25": {"write": {"device_start": -1, "host_queued_start": 1585586121.790306, "device_queued": -1, "device_end": -1, "host_queued_end": 1585586121.79035}, "device": "cpu", "nd_range": {"device_start": 2253896.046673566, "device_end": 2253896.055252999}, "cmdq": 2, "read": {"device_start": -1, "device_end": -1}}, "FFC_sans_bias27": {"write": {"device_start": 1585586056.3671484, "host_queued_start": 1585586121.76046, "device_queued": 1585586056.3669262, "device_end": 1585586056.367219, "host_queued_end": 1585586121.770511}, "device": "gpu", "nd_range": {"device_start": 1585586056.367322, "device_end": 1585586056.3679297}, "cmdq": 2, "read": {"device_start": -1, "device_end": -1}}, "FFC_sans_bias20": {"write": {"device_start": -1, "host_queued_start": 1585586121.783378, "device_queued": -1, "device_end": -1, "host_queued_end": 1585586121.79035}, "device": "cpu", "nd_range": {"device_start": 2253896.010884813, "device_end": 2253896.023231062}, "cmdq": 2, "read": {"device_start": -1, "device_end": -1}}, "FFC_sans_bias22": {"write": {"device_start": -1, "host_queued_start": 1585586121.785382, "device_queued": -1, "device_end": -1, "host_queued_end": 1585586121.79035}, "device": "cpu", "nd_range": {"device_start": 2253896.0274028042, "device_end": 2253896.036498559}, "cmdq": 2, "read": {"device_start": -1, "device_end": -1}}, "softmax5": {"write": {"device_start": -1, "host_queued_start": 1585586121.785658, "device_queued": -1, "device_end": -1, "host_queued_end": 1585586121.79035}, "device": "cpu", "nd_range": {"device_start": 2253896.021517823, "device_end": 2253896.0217345543}, "cmdq": 0, "read": {"device_start": -1, "device_end": -1}}, "FFC_sans_bias28": {"write": {"device_start": 1585586056.3672411, "host_queued_start": 1585586121.761527, "device_queued": 1585586056.3669624, "device_end": 1585586056.3673236, "host_queued_end": 1585586121.770511}, "device": "gpu", "nd_range": {"device_start": 1585586056.3673294, "device_end": 1585586056.3683317}, "cmdq": 3, "read": {"device_start": -1, "device_end": -1}}, "FFC_sans_bias29": {"write": {"device_start": 1585586056.3673294, "host_queued_start": 1585586121.76262, "device_queued": 1585586056.367234, "device_end": 1585586056.3673563, "host_queued_end": 1585586121.770511}, "device": "gpu", "nd_range": {"device_start": 1585586056.36736, "device_end": 1585586056.3689072}, "cmdq": 4, "read": {"device_start": -1, "device_end": -1}}, "empty17": {"write": {"device_start": -1, "host_queued_start": 1585586121.772926, "device_queued": -1, "device_end": -1, "host_queued_end": 1585586121.79035}, "device": "cpu", "nd_range": {"device_start": 2253895.979943139, "device_end": 2253895.979956387}, "cmdq": 1, "read": {"device_start": -1, "device_end": -1}}, "empty35": {"write": {"device_start": 1585586056.3669372, "host_queued_start": 1585586121.758366, "device_queued": 1585586056.3668132, "device_end": 1585586056.3669827, "host_queued_end": 1585586121.770511}, "device": "gpu", "nd_range": {"device_start": 1585586056.3669925, "device_end": 1585586056.3669977}, "cmdq": 0, "read": {"device_start": -1, "device_end": -1}}}