{"FFC_sans_bias4": {"write": {"device_start": -1, "host_queued_start": 1585585929.538354, "device_queued": -1, "device_end": -1, "host_queued_end": 1585585929.54598}, "device": "cpu", "nd_range": {"device_start": 2253703.789786154, "device_end": 2253703.794098548}, "cmdq": 0, "read": {"device_start": -1, "device_end": -1}}, "FFC_sans_bias7": {"write": {"device_start": -1, "host_queued_start": 1585585929.542973, "device_queued": -1, "device_end": -1, "host_queued_end": 1585585929.54598}, "device": "cpu", "nd_range": {"device_start": 2253703.82692063, "device_end": 2253703.831457809}, "cmdq": 0, "read": {"device_start": -1, "device_end": -1}}, "FFC_sans_bias6": {"write": {"device_start": -1, "host_queued_start": 1585585929.540887, "device_queued": -1, "device_end": -1, "host_queued_end": 1585585929.54598}, "device": "cpu", "nd_range": {"device_start": 2253703.8086182033, "device_end": 2253703.8129151342}, "cmdq": 0, "read": {"device_start": -1, "device_end": -1}}, "FFC_sans_bias1": {"write": {"device_start": -1, "host_queued_start": 1585585929.526061, "device_queued": -1, "device_end": -1, "host_queued_end": 1585585929.54598}, "device": "cpu", "nd_range": {"device_start": 2253703.7397369333, "device_end": 2253703.743919175}, "cmdq": 0, "read": {"device_start": -1, "device_end": -1}}, "FFC_sans_bias0": {"write": {"device_start": -1, "host_queued_start": 1585585929.524863, "device_queued": -1, "device_end": -1, "host_queued_end": 1585585929.54598}, "device": "cpu", "nd_range": {"device_start": 2253703.7356272563, "device_end": 2253703.7397176563}, "cmdq": 0, "read": {"device_start": -1, "device_end": -1}}, "FFC_sans_bias2": {"write": {"device_start": -1, "host_queued_start": 1585585929.527146, "device_queued": -1, "device_end": -1, "host_queued_end": 1585585929.54598}, "device": "cpu", "nd_range": {"device_start": 2253703.743928375, "device_end": 2253703.747823162}, "cmdq": 0, "read": {"device_start": -1, "device_end": -1}}, "FFC_sans_bias9": {"write": {"device_start": -1, "host_queued_start": 1585585929.528191, "device_queued": -1, "device_end": -1, "host_queued_end": 1585585929.54598}, "device": "cpu", "nd_range": {"device_start": 2253703.7478289763, "device_end": 2253703.751739604}, "cmdq": 0, "read": {"device_start": -1, "device_end": -1}}, "coalesced_transpose39": {"write": {"device_start": -1, "host_queued_start": 1585585929.51796, "device_queued": -1, "device_end": -1, "host_queued_end": 1585585929.520009}, "device": "gpu", "nd_range": {"device_start": 1585585864.1226947, "device_end": 1585585864.1230874}, "cmdq": 1, "read": {"device_start": -1, "device_end": -1}}, "softmax23": {"write": {"device_start": -1, "host_queued_start": 1585585929.540236, "device_queued": -1, "device_end": -1, "host_queued_end": 1585585929.54598}, "device": "cpu", "nd_range": {"device_start": 2253703.8083226993, "device_end": 2253703.808412421}, "cmdq": 0, "read": {"device_start": -1, "device_end": -1}}, "FFC_sans_bias37": {"write": {"device_start": 1585585864.121687, "host_queued_start": 1585585929.516554, "device_queued": 1585585864.1214755, "device_end": 1585585864.121716, "host_queued_end": 1585585929.520009}, "device": "gpu", "nd_range": {"device_start": 1585585864.1217337, "device_end": 1585585864.1226861}, "cmdq": 2, "read": {"device_start": -1, "device_end": -1}}, "softmax41": {"write": {"device_start": -1, "host_queued_start": 1585585929.518536, "device_queued": -1, "device_end": -1, "host_queued_end": 1585585929.520009}, "device": "gpu", "nd_range": {"device_start": 1585585864.1238582, "device_end": 1585585864.1240509}, "cmdq": 0, "read": {"device_start": -1, "device_end": -1}}, "FFC_sans_bias11": {"write": {"device_start": -1, "host_queued_start": 1585585929.530285, "device_queued": -1, "device_end": -1, "host_queued_end": 1585585929.54598}, "device": "cpu", "nd_range": {"device_start": 2253703.7567989742, "device_end": 2253703.7610867093}, "cmdq": 0, "read": {"device_start": -1, "device_end": -1}}, "FFC_sans_bias10": {"write": {"device_start": -1, "host_queued_start": 1585585929.529234, "device_queued": -1, "device_end": -1, "host_queued_end": 1585585929.54598}, "device": "cpu", "nd_range": {"device_start": 2253703.7517538844, "device_end": 2253703.7567937323}, "cmdq": 0, "read": {"device_start": -1, "device_end": -1}}, "coalesced_transpose3": {"write": {"device_start": -1, "host_queued_start": 1585585929.537014, "device_queued": -1, "device_end": -1, "host_queued_end": 1585585929.54598}, "device": "cpu", "nd_range": {"device_start": 2253703.7887763903, "device_end": 2253703.788946765}, "cmdq": 0, "read": {"device_start": -1, "device_end": -1}}, "FFC_sans_bias34": {"write": {"device_start": -1, "host_queued_start": 1585585929.545936, "device_queued": -1, "device_end": -1, "host_queued_end": 1585585929.54598}, "device": "cpu", "nd_range": {"device_start": 2253703.840461593, "device_end": 2253703.8445342733}, "cmdq": 0, "read": {"device_start": -1, "device_end": -1}}, "FFC_sans_bias15": {"write": {"device_start": -1, "host_queued_start": 1585585929.541227, "device_queued": -1, "device_end": -1, "host_queued_end": 1585585929.54598}, "device": "cpu", "nd_range": {"device_start": 2253703.812920865, "device_end": 2253703.8174911453}, "cmdq": 0, "read": {"device_start": -1, "device_end": -1}}, "FFC_sans_bias31": {"write": {"device_start": -1, "host_queued_start": 1585585929.539409, "device_queued": -1, "device_end": -1, "host_queued_end": 1585585929.54598}, "device": "cpu", "nd_range": {"device_start": 2253703.803312749, "device_end": 2253703.807862231}, "cmdq": 0, "read": {"device_start": -1, "device_end": -1}}, "FFC_sans_bias16": {"write": {"device_start": -1, "host_queued_start": 1585585929.543962, "device_queued": -1, "device_end": -1, "host_queued_end": 1585585929.54598}, "device": "cpu", "nd_range": {"device_start": 2253703.8314611693, "device_end": 2253703.835953886}, "cmdq": 0, "read": {"device_start": -1, "device_end": -1}}, "FFC_sans_bias19": {"write": {"device_start": -1, "host_queued_start": 1585585929.532425, "device_queued": -1, "device_end": -1, "host_queued_end": 1585585929.54598}, "device": "cpu", "nd_range": {"device_start": 2253703.7661063513, "device_end": 2253703.770439612}, "cmdq": 0, "read": {"device_start": -1, "device_end": -1}}, "FFC_sans_bias18": {"write": {"device_start": -1, "host_queued_start": 1585585929.531356, "device_queued": -1, "device_end": -1, "host_queued_end": 1585585929.54598}, "device": "cpu", "nd_range": {"device_start": 2253703.761092265, "device_end": 2253703.765969548}, "cmdq": 0, "read": {"device_start": -1, "device_end": -1}}, "coalesced_transpose30": {"write": {"device_start": -1, "host_queued_start": 1585585929.538007, "device_queued": -1, "device_end": -1, "host_queued_end": 1585585929.54598}, "device": "cpu", "nd_range": {"device_start": 2253703.7895613583, "device_end": 2253703.7896642233}, "cmdq": 0, "read": {"device_start": -1, "device_end": -1}}, "FFC_sans_bias38": {"write": {"device_start": 1585585864.1218345, "host_queued_start": 1585585929.517619, "device_queued": 1585585864.1217456, "device_end": 1585585864.1218646, "host_queued_end": 1585585929.520009}, "device": "gpu", "nd_range": {"device_start": 1585585864.121867, "device_end": 1585585864.1232483}, "cmdq": 0, "read": {"device_start": -1, "device_end": -1}}, "empty26": {"write": {"device_start": -1, "host_queued_start": 1585585929.52307, "device_queued": -1, "device_end": -1, "host_queued_end": 1585585929.54598}, "device": "cpu", "nd_range": {"device_start": 2253703.7356182244, "device_end": 2253703.7356189103}, "cmdq": 0, "read": {"device_start": -1, "device_end": -1}}, "coalesced_transpose12": {"write": {"device_start": -1, "host_queued_start": 1585585929.537353, "device_queued": -1, "device_end": -1, "host_queued_end": 1585585929.54598}, "device": "cpu", "nd_range": {"device_start": 2253703.789079551, "device_end": 2253703.7892014203}, "cmdq": 0, "read": {"device_start": -1, "device_end": -1}}, "empty44": {"write": {"device_start": 1585585864.1214957, "host_queued_start": 1585585929.514225, "device_queued": 1585585864.1213706, "device_end": 1585585864.1215444, "host_queued_end": 1585585929.520009}, "device": "gpu", "nd_range": {"device_start": 1585585864.1215491, "device_end": 1585585864.1215618}, "cmdq": 0, "read": {"device_start": -1, "device_end": -1}}, "coalesced_transpose21": {"write": {"device_start": -1, "host_queued_start": 1585585929.537682, "device_queued": -1, "device_end": -1, "host_queued_end": 1585585929.54598}, "device": "cpu", "nd_range": {"device_start": 2253703.78932623, "device_end": 2253703.789446286}, "cmdq": 0, "read": {"device_start": -1, "device_end": -1}}, "FFC_sans_bias36": {"write": {"device_start": 1585585864.1216054, "host_queued_start": 1585585929.515481, "device_queued": 1585585864.1214554, "device_end": 1585585864.1216624, "host_queued_end": 1585585929.520009}, "device": "gpu", "nd_range": {"device_start": 1585585864.1216707, "device_end": 1585585864.1222782}, "cmdq": 1, "read": {"device_start": -1, "device_end": -1}}, "softmax14": {"write": {"device_start": -1, "host_queued_start": 1585585929.539963, "device_queued": -1, "device_end": -1, "host_queued_end": 1585585929.54598}, "device": "cpu", "nd_range": {"device_start": 2253703.808114712, "device_end": 2253703.808206141}, "cmdq": 0, "read": {"device_start": -1, "device_end": -1}}, "FFC_sans_bias13": {"write": {"device_start": -1, "host_queued_start": 1585585929.538722, "device_queued": -1, "device_end": -1, "host_queued_end": 1585585929.54598}, "device": "cpu", "nd_range": {"device_start": 2253703.794104199, "device_end": 2253703.798765261}, "cmdq": 0, "read": {"device_start": -1, "device_end": -1}}, "empty8": {"write": {"device_start": -1, "host_queued_start": 1585585929.521291, "device_queued": -1, "device_end": -1, "host_queued_end": 1585585929.54598}, "device": "cpu", "nd_range": {"device_start": 2253703.735579663, "device_end": 2253703.735593383}, "cmdq": 0, "read": {"device_start": -1, "device_end": -1}}, "FFC_sans_bias42": {"write": {"device_start": -1, "host_queued_start": 1585585929.518882, "device_queued": -1, "device_end": -1, "host_queued_end": 1585585929.520009}, "device": "gpu", "nd_range": {"device_start": 1585585864.1240554, "device_end": 1585585864.124647}, "cmdq": 1, "read": {"device_start": -1, "device_end": -1}}, "FFC_sans_bias43": {"write": {"device_start": 1585585864.1239746, "host_queued_start": 1585585929.519895, "device_queued": 1585585864.1219425, "device_end": 1585585864.1240053, "host_queued_end": 1585585929.520009}, "device": "gpu", "nd_range": {"device_start": 1585585864.1246502, "device_end": 1585585864.125248}, "cmdq": 2, "read": {"device_start": 1585585864.1252525, "device_end": 1585585864.125275}}, "FFC_sans_bias40": {"write": {"device_start": -1, "host_queued_start": 1585585929.518275, "device_queued": -1, "device_end": -1, "host_queued_end": 1585585929.520009}, "device": "gpu", "nd_range": {"device_start": 1585585864.1232533, "device_end": 1585585864.1238563}, "cmdq": 2, "read": {"device_start": -1, "device_end": -1}}, "softmax32": {"write": {"device_start": -1, "host_queued_start": 1585585929.540509, "device_queued": -1, "device_end": -1, "host_queued_end": 1585585929.54598}, "device": "cpu", "nd_range": {"device_start": 2253703.808524242, "device_end": 2253703.808611832}, "cmdq": 0, "read": {"device_start": -1, "device_end": -1}}, "FFC_sans_bias33": {"write": {"device_start": -1, "host_queued_start": 1585585929.541909, "device_queued": -1, "device_end": -1, "host_queued_end": 1585585929.54598}, "device": "cpu", "nd_range": {"device_start": 2253703.82245054, "device_end": 2253703.826915243}, "cmdq": 0, "read": {"device_start": -1, "device_end": -1}}, "FFC_sans_bias24": {"write": {"device_start": -1, "host_queued_start": 1585585929.54157, "device_queued": -1, "device_end": -1, "host_queued_end": 1585585929.54598}, "device": "cpu", "nd_range": {"device_start": 2253703.817496797, "device_end": 2253703.822444222}, "cmdq": 0, "read": {"device_start": -1, "device_end": -1}}, "FFC_sans_bias25": {"write": {"device_start": -1, "host_queued_start": 1585585929.544952, "device_queued": -1, "device_end": -1, "host_queued_end": 1585585929.54598}, "device": "cpu", "nd_range": {"device_start": 2253703.8359571393, "device_end": 2253703.8404590893}, "cmdq": 0, "read": {"device_start": -1, "device_end": -1}}, "FFC_sans_bias27": {"write": {"device_start": -1, "host_queued_start": 1585585929.534531, "device_queued": -1, "device_end": -1, "host_queued_end": 1585585929.54598}, "device": "cpu", "nd_range": {"device_start": 2253703.7750551524, "device_end": 2253703.779414289}, "cmdq": 0, "read": {"device_start": -1, "device_end": -1}}, "FFC_sans_bias20": {"write": {"device_start": -1, "host_queued_start": 1585585929.533485, "device_queued": -1, "device_end": -1, "host_queued_end": 1585585929.54598}, "device": "cpu", "nd_range": {"device_start": 2253703.770445505, "device_end": 2253703.775049996}, "cmdq": 0, "read": {"device_start": -1, "device_end": -1}}, "FFC_sans_bias22": {"write": {"device_start": -1, "host_queued_start": 1585585929.539067, "device_queued": -1, "device_end": -1, "host_queued_end": 1585585929.54598}, "device": "cpu", "nd_range": {"device_start": 2253703.798770505, "device_end": 2253703.8033078113}, "cmdq": 0, "read": {"device_start": -1, "device_end": -1}}, "softmax5": {"write": {"device_start": -1, "host_queued_start": 1585585929.539687, "device_queued": -1, "device_end": -1, "host_queued_end": 1585585929.54598}, "device": "cpu", "nd_range": {"device_start": 2253703.807867782, "device_end": 2253703.8079904714}, "cmdq": 0, "read": {"device_start": -1, "device_end": -1}}, "FFC_sans_bias28": {"write": {"device_start": -1, "host_queued_start": 1585585929.5356, "device_queued": -1, "device_end": -1, "host_queued_end": 1585585929.54598}, "device": "cpu", "nd_range": {"device_start": 2253703.779419673, "device_end": 2253703.7841999}, "cmdq": 0, "read": {"device_start": -1, "device_end": -1}}, "FFC_sans_bias29": {"write": {"device_start": -1, "host_queued_start": 1585585929.536676, "device_queued": -1, "device_end": -1, "host_queued_end": 1585585929.54598}, "device": "cpu", "nd_range": {"device_start": 2253703.7842048123, "device_end": 2253703.788771274}, "cmdq": 0, "read": {"device_start": -1, "device_end": -1}}, "empty17": {"write": {"device_start": -1, "host_queued_start": 1585585929.522181, "device_queued": -1, "device_end": -1, "host_queued_end": 1585585929.54598}, "device": "cpu", "nd_range": {"device_start": 2253703.735612663, "device_end": 2253703.7356136832}, "cmdq": 0, "read": {"device_start": -1, "device_end": -1}}, "empty35": {"write": {"device_start": -1, "host_queued_start": 1585585929.523881, "device_queued": -1, "device_end": -1, "host_queued_end": 1585585929.54598}, "device": "cpu", "nd_range": {"device_start": 2253703.735622712, "device_end": 2253703.735623301}, "cmdq": 0, "read": {"device_start": -1, "device_end": -1}}}