{"FFC_sans_bias4": {"write": {"device_start": -1, "host_queued_start": 1585585940.367003, "device_queued": -1, "device_end": -1, "host_queued_end": 1585585940.37067}, "device": "cpu", "nd_range": {"device_start": 2253714.58498168, "device_end": 2253714.590229317}, "cmdq": 0, "read": {"device_start": -1, "device_end": -1}}, "FFC_sans_bias7": {"write": {"device_start": -1, "host_queued_start": 1585585940.369606, "device_queued": -1, "device_end": -1, "host_queued_end": 1585585940.37067}, "device": "cpu", "nd_range": {"device_start": 2253714.59776374, "device_end": 2253714.604206912}, "cmdq": 0, "read": {"device_start": -1, "device_end": -1}}, "FFC_sans_bias6": {"write": {"device_start": -1, "host_queued_start": 1585585940.368229, "device_queued": -1, "device_end": -1, "host_queued_end": 1585585940.37067}, "device": "cpu", "nd_range": {"device_start": 2253714.590490865, "device_end": 2253714.597617662}, "cmdq": 0, "read": {"device_start": -1, "device_end": -1}}, "FFC_sans_bias1": {"write": {"device_start": -1, "host_queued_start": 1585585940.36141, "device_queued": -1, "device_end": -1, "host_queued_end": 1585585940.37067}, "device": "cpu", "nd_range": {"device_start": 2253714.560290255, "device_end": 2253714.567931916}, "cmdq": 1, "read": {"device_start": -1, "device_end": -1}}, "FFC_sans_bias0": {"write": {"device_start": -1, "host_queued_start": 1585585940.360298, "device_queued": -1, "device_end": -1, "host_queued_end": 1585585940.37067}, "device": "cpu", "nd_range": {"device_start": 2253714.56029082, "device_end": 2253714.569148579}, "cmdq": 0, "read": {"device_start": -1, "device_end": -1}}, "FFC_sans_bias2": {"write": {"device_start": -1, "host_queued_start": 1585585940.362454, "device_queued": -1, "device_end": -1, "host_queued_end": 1585585940.37067}, "device": "cpu", "nd_range": {"device_start": 2253714.5702818492, "device_end": 2253714.577626957}, "cmdq": 0, "read": {"device_start": -1, "device_end": -1}}, "FFC_sans_bias9": {"write": {"device_start": -1, "host_queued_start": 1585585940.363557, "device_queued": -1, "device_end": -1, "host_queued_end": 1585585940.37067}, "device": "cpu", "nd_range": {"device_start": 2253714.568149541, "device_end": 2253714.5736103742}, "cmdq": 1, "read": {"device_start": -1, "device_end": -1}}, "coalesced_transpose39": {"write": {"device_start": -1, "host_queued_start": 1585585940.350708, "device_queued": -1, "device_end": -1, "host_queued_end": 1585585940.356586}, "device": "gpu", "nd_range": {"device_start": 1585585874.9625912, "device_end": 1585585874.963401}, "cmdq": 2, "read": {"device_start": -1, "device_end": -1}}, "softmax23": {"write": {"device_start": -1, "host_queued_start": 1585585940.351899, "device_queued": -1, "device_end": -1, "host_queued_end": 1585585940.356586}, "device": "gpu", "nd_range": {"device_start": 1585585874.9631004, "device_end": 1585585874.9637659}, "cmdq": 0, "read": {"device_start": -1, "device_end": -1}}, "FFC_sans_bias37": {"write": {"device_start": 1585585874.9608006, "host_queued_start": 1585585940.348561, "device_queued": 1585585874.958819, "device_end": 1585585874.9608274, "host_queued_end": 1585585940.356586}, "device": "gpu", "nd_range": {"device_start": 1585585874.9608328, "device_end": 1585585874.9621449}, "cmdq": 1, "read": {"device_start": -1, "device_end": -1}}, "softmax41": {"write": {"device_start": -1, "host_queued_start": 1585585940.352385, "device_queued": -1, "device_end": -1, "host_queued_end": 1585585940.356586}, "device": "gpu", "nd_range": {"device_start": 1585585874.9640923, "device_end": 1585585874.9647071}, "cmdq": 2, "read": {"device_start": -1, "device_end": -1}}, "FFC_sans_bias11": {"write": {"device_start": -1, "host_queued_start": 1585585940.365896, "device_queued": -1, "device_end": -1, "host_queued_end": 1585585940.37067}, "device": "cpu", "nd_range": {"device_start": 2253714.5748844272, "device_end": 2253714.58252064}, "cmdq": 1, "read": {"device_start": -1, "device_end": -1}}, "FFC_sans_bias10": {"write": {"device_start": -1, "host_queued_start": 1585585940.364749, "device_queued": -1, "device_end": -1, "host_queued_end": 1585585940.37067}, "device": "cpu", "nd_range": {"device_start": 2253714.577639849, "device_end": 2253714.584625461}, "cmdq": 0, "read": {"device_start": -1, "device_end": -1}}, "coalesced_transpose3": {"write": {"device_start": -1, "host_queued_start": 1585585940.366284, "device_queued": -1, "device_end": -1, "host_queued_end": 1585585940.37067}, "device": "cpu", "nd_range": {"device_start": 2253714.584760496, "device_end": 2253714.5848655473}, "cmdq": 0, "read": {"device_start": -1, "device_end": -1}}, "FFC_sans_bias34": {"write": {"device_start": 1585585874.9651961, "host_queued_start": 1585585940.355446, "device_queued": 1585585874.9596925, "device_end": 1585585874.9652267, "host_queued_end": 1585585940.356586}, "device": "gpu", "nd_range": {"device_start": 1585585874.965231, "device_end": 1585585874.9664829}, "cmdq": 1, "read": {"device_start": 1585585874.9664855, "device_end": 1585585874.9665084}}, "FFC_sans_bias15": {"write": {"device_start": -1, "host_queued_start": 1585585940.368568, "device_queued": -1, "device_end": -1, "host_queued_end": 1585585940.37067}, "device": "cpu", "nd_range": {"device_start": 2253714.608023536, "device_end": 2253714.611968467}, "cmdq": 1, "read": {"device_start": -1, "device_end": -1}}, "FFC_sans_bias31": {"write": {"device_start": -1, "host_queued_start": 1585585940.351339, "device_queued": -1, "device_end": -1, "host_queued_end": 1585585940.356586}, "device": "gpu", "nd_range": {"device_start": 1585585874.9625044, "device_end": 1585585874.9635441}, "cmdq": 1, "read": {"device_start": -1, "device_end": -1}}, "FFC_sans_bias16": {"write": {"device_start": -1, "host_queued_start": 1585585940.370616, "device_queued": -1, "device_end": -1, "host_queued_end": 1585585940.37067}, "device": "cpu", "nd_range": {"device_start": 2253714.6119741793, "device_end": 2253714.6169796083}, "cmdq": 1, "read": {"device_start": -1, "device_end": -1}}, "FFC_sans_bias19": {"write": {"device_start": 1585585874.9582646, "host_queued_start": 1585585940.342281, "device_queued": 1585585874.9581637, "device_end": 1585585874.9583414, "host_queued_end": 1585585940.356586}, "device": "gpu", "nd_range": {"device_start": 1585585874.9583468, "device_end": 1585585874.9591665}, "cmdq": 1, "read": {"device_start": -1, "device_end": -1}}, "FFC_sans_bias18": {"write": {"device_start": 1585585874.9581013, "host_queued_start": 1585585940.341237, "device_queued": 1585585874.9579394, "device_end": 1585585874.958127, "host_queued_end": 1585585940.356586}, "device": "gpu", "nd_range": {"device_start": 1585585874.9581556, "device_end": 1585585874.9587636}, "cmdq": 0, "read": {"device_start": -1, "device_end": -1}}, "coalesced_transpose30": {"write": {"device_start": -1, "host_queued_start": 1585585940.350214, "device_queued": -1, "device_end": -1, "host_queued_end": 1585585940.356586}, "device": "gpu", "nd_range": {"device_start": 1585585874.9621465, "device_end": 1585585874.9625032}, "cmdq": 1, "read": {"device_start": -1, "device_end": -1}}, "FFC_sans_bias38": {"write": {"device_start": 1585585874.9612586, "host_queued_start": 1585585940.349593, "device_queued": 1585585874.9588406, "device_end": 1585585874.9612904, "host_queued_end": 1585585940.356586}, "device": "gpu", "nd_range": {"device_start": 1585585874.961296, "device_end": 1585585874.9625847}, "cmdq": 2, "read": {"device_start": -1, "device_end": -1}}, "empty26": {"write": {"device_start": 1585585874.9578114, "host_queued_start": 1585585940.338216, "device_queued": 1585585874.957686, "device_end": 1585585874.9578524, "host_queued_end": 1585585940.356586}, "device": "gpu", "nd_range": {"device_start": 1585585874.9578593, "device_end": 1585585874.9578662}, "cmdq": 0, "read": {"device_start": -1, "device_end": -1}}, "coalesced_transpose12": {"write": {"device_start": -1, "host_queued_start": 1585585940.366659, "device_queued": -1, "device_end": -1, "host_queued_end": 1585585940.37067}, "device": "cpu", "nd_range": {"device_start": 2253714.590280815, "device_end": 2253714.590449191}, "cmdq": 1, "read": {"device_start": -1, "device_end": -1}}, "empty44": {"write": {"device_start": 1585585874.9580066, "host_queued_start": 1585585940.340213, "device_queued": 1585585874.95781, "device_end": 1585585874.9580681, "host_queued_end": 1585585940.356586}, "device": "gpu", "nd_range": {"device_start": 1585585874.958071, "device_end": 1585585874.9580746}, "cmdq": 2, "read": {"device_start": -1, "device_end": -1}}, "coalesced_transpose21": {"write": {"device_start": -1, "host_queued_start": 1585585940.349915, "device_queued": -1, "device_end": -1, "host_queued_end": 1585585940.356586}, "device": "gpu", "nd_range": {"device_start": 1585585874.9616468, "device_end": 1585585874.9624846}, "cmdq": 0, "read": {"device_start": -1, "device_end": -1}}, "FFC_sans_bias36": {"write": {"device_start": 1585585874.9602742, "host_queued_start": 1585585940.347529, "device_queued": 1585585874.9586291, "device_end": 1585585874.9603012, "host_queued_end": 1585585940.356586}, "device": "gpu", "nd_range": {"device_start": 1585585874.9603071, "device_end": 1585585874.9616454}, "cmdq": 0, "read": {"device_start": -1, "device_end": -1}}, "softmax14": {"write": {"device_start": -1, "host_queued_start": 1585585940.367895, "device_queued": -1, "device_end": -1, "host_queued_end": 1585585940.37067}, "device": "cpu", "nd_range": {"device_start": 2253714.607914975, "device_end": 2253714.608012694}, "cmdq": 1, "read": {"device_start": -1, "device_end": -1}}, "FFC_sans_bias13": {"write": {"device_start": -1, "host_queued_start": 1585585940.367346, "device_queued": -1, "device_end": -1, "host_queued_end": 1585585940.37067}, "device": "cpu", "nd_range": {"device_start": 2253714.5905933334, "device_end": 2253714.599191699}, "cmdq": 1, "read": {"device_start": -1, "device_end": -1}}, "empty8": {"write": {"device_start": -1, "host_queued_start": 1585585940.357994, "device_queued": -1, "device_end": -1, "host_queued_end": 1585585940.37067}, "device": "cpu", "nd_range": {"device_start": 2253714.560258912, "device_end": 2253714.5602710093}, "cmdq": 0, "read": {"device_start": -1, "device_end": -1}}, "FFC_sans_bias42": {"write": {"device_start": -1, "host_queued_start": 1585585940.353328, "device_queued": -1, "device_end": -1, "host_queued_end": 1585585940.356586}, "device": "gpu", "nd_range": {"device_start": 1585585874.964709, "device_end": 1585585874.9655044}, "cmdq": 2, "read": {"device_start": -1, "device_end": -1}}, "FFC_sans_bias43": {"write": {"device_start": 1585585874.9656286, "host_queued_start": 1585585940.356479, "device_queued": 1585585874.9598923, "device_end": 1585585874.9656582, "host_queued_end": 1585585940.356586}, "device": "gpu", "nd_range": {"device_start": 1585585874.965661, "device_end": 1585585874.9669437}, "cmdq": 2, "read": {"device_start": 1585585874.9669535, "device_end": 1585585874.9669766}}, "FFC_sans_bias40": {"write": {"device_start": -1, "host_queued_start": 1585585940.351648, "device_queued": -1, "device_end": -1, "host_queued_end": 1585585940.356586}, "device": "gpu", "nd_range": {"device_start": 1585585874.9634023, "device_end": 1585585874.9640913}, "cmdq": 2, "read": {"device_start": -1, "device_end": -1}}, "softmax32": {"write": {"device_start": -1, "host_queued_start": 1585585940.352139, "device_queued": -1, "device_end": -1, "host_queued_end": 1585585940.356586}, "device": "gpu", "nd_range": {"device_start": 1585585874.963545, "device_end": 1585585874.9642713}, "cmdq": 1, "read": {"device_start": -1, "device_end": -1}}, "FFC_sans_bias33": {"write": {"device_start": -1, "host_queued_start": 1585585940.353012, "device_queued": -1, "device_end": -1, "host_queued_end": 1585585940.356586}, "device": "gpu", "nd_range": {"device_start": 1585585874.9642727, "device_end": 1585585874.9650738}, "cmdq": 1, "read": {"device_start": -1, "device_end": -1}}, "FFC_sans_bias24": {"write": {"device_start": -1, "host_queued_start": 1585585940.352689, "device_queued": -1, "device_end": -1, "host_queued_end": 1585585940.356586}, "device": "gpu", "nd_range": {"device_start": 1585585874.963767, "device_end": 1585585874.9645357}, "cmdq": 0, "read": {"device_start": -1, "device_end": -1}}, "FFC_sans_bias25": {"write": {"device_start": 1585585874.964673, "host_queued_start": 1585585940.354351, "device_queued": 1585585874.9596486, "device_end": 1585585874.9647, "host_queued_end": 1585585940.356586}, "device": "gpu", "nd_range": {"device_start": 1585585874.9647121, "device_end": 1585585874.966033}, "cmdq": 0, "read": {"device_start": 1585585874.9660358, "device_end": 1585585874.9660597}}, "FFC_sans_bias27": {"write": {"device_start": 1585585874.9588861, "host_queued_start": 1585585940.344393, "device_queued": 1585585874.9583914, "device_end": 1585585874.9589171, "host_queued_end": 1585585940.356586}, "device": "gpu", "nd_range": {"device_start": 1585585874.958922, "device_end": 1585585874.9601555}, "cmdq": 0, "read": {"device_start": -1, "device_end": -1}}, "FFC_sans_bias20": {"write": {"device_start": 1585585874.9583583, "host_queued_start": 1585585940.343369, "device_queued": 1585585874.9581878, "device_end": 1585585874.9583905, "host_queued_end": 1585585940.356586}, "device": "gpu", "nd_range": {"device_start": 1585585874.9583945, "device_end": 1585585874.9597278}, "cmdq": 2, "read": {"device_start": -1, "device_end": -1}}, "FFC_sans_bias22": {"write": {"device_start": -1, "host_queued_start": 1585585940.351023, "device_queued": -1, "device_end": -1, "host_queued_end": 1585585940.356586}, "device": "gpu", "nd_range": {"device_start": 1585585874.9624858, "device_end": 1585585874.9630995}, "cmdq": 0, "read": {"device_start": -1, "device_end": -1}}, "softmax5": {"write": {"device_start": -1, "host_queued_start": 1585585940.367626, "device_queued": -1, "device_end": -1, "host_queued_end": 1585585940.37067}, "device": "cpu", "nd_range": {"device_start": 2253714.590235279, "device_end": 2253714.5903751333}, "cmdq": 0, "read": {"device_start": -1, "device_end": -1}}, "FFC_sans_bias28": {"write": {"device_start": 1585585874.9592552, "host_queued_start": 1585585940.345423, "device_queued": 1585585874.9584322, "device_end": 1585585874.9592855, "host_queued_end": 1585585940.356586}, "device": "gpu", "nd_range": {"device_start": 1585585874.9592912, "device_end": 1585585874.9606938}, "cmdq": 1, "read": {"device_start": -1, "device_end": -1}}, "FFC_sans_bias29": {"write": {"device_start": 1585585874.959816, "host_queued_start": 1585585940.346458, "device_queued": 1585585874.958565, "device_end": 1585585874.959846, "host_queued_end": 1585585940.356586}, "device": "gpu", "nd_range": {"device_start": 1585585874.9598496, "device_end": 1585585874.9611516}, "cmdq": 2, "read": {"device_start": -1, "device_end": -1}}, "empty17": {"write": {"device_start": -1, "host_queued_start": 1585585940.359033, "device_queued": -1, "device_end": -1, "host_queued_end": 1585585940.37067}, "device": "cpu", "nd_range": {"device_start": 2253714.56025887, "device_end": 2253714.560271055}, "cmdq": 1, "read": {"device_start": -1, "device_end": -1}}, "empty35": {"write": {"device_start": 1585585874.9579124, "host_queued_start": 1585585940.339281, "device_queued": 1585585874.9577868, "device_end": 1585585874.9579818, "host_queued_end": 1585585940.356586}, "device": "gpu", "nd_range": {"device_start": 1585585874.9579957, "device_end": 1585585874.9579997}, "cmdq": 1, "read": {"device_start": -1, "device_end": -1}}}