{"FFC_sans_bias4": {"write": {"device_start": -1, "host_queued_start": 1585585991.848774, "device_queued": -1, "device_end": -1, "host_queued_end": 1585585991.854412}, "device": "cpu", "nd_range": {"device_start": 2253766.0831802413, "device_end": 2253766.106316661}, "cmdq": 0, "read": {"device_start": -1, "device_end": -1}}, "FFC_sans_bias7": {"write": {"device_start": -1, "host_queued_start": 1585585991.852387, "device_queued": -1, "device_end": -1, "host_queued_end": 1585585991.854412}, "device": "cpu", "nd_range": {"device_start": 2253766.1248275363, "device_end": 2253766.140060046}, "cmdq": 4, "read": {"device_start": -1, "device_end": -1}}, "FFC_sans_bias6": {"write": {"device_start": -1, "host_queued_start": 1585585991.850657, "device_queued": -1, "device_end": -1, "host_queued_end": 1585585991.854412}, "device": "cpu", "nd_range": {"device_start": 2253766.111755392, "device_end": 2253766.124617061}, "cmdq": 1, "read": {"device_start": -1, "device_end": -1}}, "FFC_sans_bias1": {"write": {"device_start": -1, "host_queued_start": 1585585991.83985, "device_queued": -1, "device_end": -1, "host_queued_end": 1585585991.854412}, "device": "cpu", "nd_range": {"device_start": 2253766.058973424, "device_end": 2253766.073989366}, "cmdq": 4, "read": {"device_start": -1, "device_end": -1}}, "FFC_sans_bias0": {"write": {"device_start": -1, "host_queued_start": 1585585991.838734, "device_queued": -1, "device_end": -1, "host_queued_end": 1585585991.854412}, "device": "cpu", "nd_range": {"device_start": 2253766.074414844, "device_end": 2253766.089377879}, "cmdq": 3, "read": {"device_start": -1, "device_end": -1}}, "FFC_sans_bias2": {"write": {"device_start": -1, "host_queued_start": 1585585991.840974, "device_queued": -1, "device_end": -1, "host_queued_end": 1585585991.854412}, "device": "cpu", "nd_range": {"device_start": 2253766.044380439, "device_end": 2253766.059358412}, "cmdq": 0, "read": {"device_start": -1, "device_end": -1}}, "FFC_sans_bias9": {"write": {"device_start": -1, "host_queued_start": 1585585991.842089, "device_queued": -1, "device_end": -1, "host_queued_end": 1585585991.854412}, "device": "cpu", "nd_range": {"device_start": 2253766.04401409, "device_end": 2253766.0589867462}, "cmdq": 1, "read": {"device_start": -1, "device_end": -1}}, "coalesced_transpose39": {"write": {"device_start": -1, "host_queued_start": 1585585991.830348, "device_queued": -1, "device_end": -1, "host_queued_end": 1585585991.834467}, "device": "gpu", "nd_range": {"device_start": 1585585926.43711, "device_end": 1585585926.4374583}, "cmdq": 0, "read": {"device_start": -1, "device_end": -1}}, "softmax23": {"write": {"device_start": -1, "host_queued_start": 1585585991.850289, "device_queued": -1, "device_end": -1, "host_queued_end": 1585585991.854412}, "device": "cpu", "nd_range": {"device_start": 2253766.106550176, "device_end": 2253766.1067605843}, "cmdq": 0, "read": {"device_start": -1, "device_end": -1}}, "FFC_sans_bias37": {"write": {"device_start": 1585585926.4357145, "host_queued_start": 1585585991.828687, "device_queued": 1585585926.4348967, "device_end": 1585585926.4357443, "host_queued_end": 1585585991.834467}, "device": "gpu", "nd_range": {"device_start": 1585585926.4357471, "device_end": 1585585926.4371088}, "cmdq": 0, "read": {"device_start": -1, "device_end": -1}}, "softmax41": {"write": {"device_start": -1, "host_queued_start": 1585585991.831504, "device_queued": -1, "device_end": -1, "host_queued_end": 1585585991.834467}, "device": "gpu", "nd_range": {"device_start": 1585585926.438612, "device_end": 1585585926.4388025}, "cmdq": 1, "read": {"device_start": -1, "device_end": -1}}, "FFC_sans_bias11": {"write": {"device_start": -1, "host_queued_start": 1585585991.844252, "device_queued": -1, "device_end": -1, "host_queued_end": 1585585991.854412}, "device": "cpu", "nd_range": {"device_start": 2253766.08955302, "device_end": 2253766.103001158}, "cmdq": 3, "read": {"device_start": -1, "device_end": -1}}, "FFC_sans_bias10": {"write": {"device_start": -1, "host_queued_start": 1585585991.843195, "device_queued": -1, "device_end": -1, "host_queued_end": 1585585991.854412}, "device": "cpu", "nd_range": {"device_start": 2253766.044073936, "device_end": 2253766.058967504}, "cmdq": 2, "read": {"device_start": -1, "device_end": -1}}, "coalesced_transpose3": {"write": {"device_start": -1, "host_queued_start": 1585585991.847769, "device_queued": -1, "device_end": -1, "host_queued_end": 1585585991.854412}, "device": "cpu", "nd_range": {"device_start": 2253766.08290915, "device_end": 2253766.0831628283}, "cmdq": 2, "read": {"device_start": -1, "device_end": -1}}, "FFC_sans_bias34": {"write": {"device_start": 1585585926.4388962, "host_queued_start": 1585585991.833307, "device_queued": 1585585926.4355488, "device_end": 1585585926.4389265, "host_queued_end": 1585585991.834467}, "device": "gpu", "nd_range": {"device_start": 1585585926.4394042, "device_end": 1585585926.4404092}, "cmdq": 1, "read": {"device_start": 1585585926.4404125, "device_end": 1585585926.440436}}, "FFC_sans_bias15": {"write": {"device_start": -1, "host_queued_start": 1585585991.851004, "device_queued": -1, "device_end": -1, "host_queued_end": 1585585991.854412}, "device": "cpu", "nd_range": {"device_start": 2253766.114814298, "device_end": 2253766.132258641}, "cmdq": 2, "read": {"device_start": -1, "device_end": -1}}, "FFC_sans_bias31": {"write": {"device_start": -1, "host_queued_start": 1585585991.83069, "device_queued": -1, "device_end": -1, "host_queued_end": 1585585991.834467}, "device": "gpu", "nd_range": {"device_start": 1585585926.4375887, "device_end": 1585585926.438194}, "cmdq": 1, "read": {"device_start": -1, "device_end": -1}}, "FFC_sans_bias16": {"write": {"device_start": -1, "host_queued_start": 1585585991.853378, "device_queued": -1, "device_end": -1, "host_queued_end": 1585585991.854412}, "device": "cpu", "nd_range": {"device_start": 2253766.132267619, "device_end": 2253766.14014544}, "cmdq": 0, "read": {"device_start": -1, "device_end": -1}}, "FFC_sans_bias19": {"write": {"device_start": -1, "host_queued_start": 1585585991.846363, "device_queued": -1, "device_end": -1, "host_queued_end": 1585585991.854412}, "device": "cpu", "nd_range": {"device_start": 2253766.059365111, "device_end": 2253766.0742924293}, "cmdq": 0, "read": {"device_start": -1, "device_end": -1}}, "FFC_sans_bias18": {"write": {"device_start": -1, "host_queued_start": 1585585991.845316, "device_queued": -1, "device_end": -1, "host_queued_end": 1585585991.854412}, "device": "cpu", "nd_range": {"device_start": 2253766.0741285393, "device_end": 2253766.089041917}, "cmdq": 4, "read": {"device_start": -1, "device_end": -1}}, "coalesced_transpose30": {"write": {"device_start": -1, "host_queued_start": 1585585991.830043, "device_queued": -1, "device_end": -1, "host_queued_end": 1585585991.834467}, "device": "gpu", "nd_range": {"device_start": 1585585926.4366093, "device_end": 1585585926.437455}, "cmdq": 2, "read": {"device_start": -1, "device_end": -1}}, "FFC_sans_bias38": {"write": {"device_start": 1585585926.436255, "host_queued_start": 1585585991.829717, "device_queued": 1585585926.4350414, "device_end": 1585585926.436285, "host_queued_end": 1585585991.834467}, "device": "gpu", "nd_range": {"device_start": 1585585926.4362907, "device_end": 1585585926.4375834}, "cmdq": 1, "read": {"device_start": -1, "device_end": -1}}, "empty26": {"write": {"device_start": -1, "host_queued_start": 1585585991.837728, "device_queued": -1, "device_end": -1, "host_queued_end": 1585585991.854412}, "device": "cpu", "nd_range": {"device_start": 2253766.044052415, "device_end": 2253766.0440572933}, "cmdq": 2, "read": {"device_start": -1, "device_end": -1}}, "coalesced_transpose12": {"write": {"device_start": -1, "host_queued_start": 1585585991.848104, "device_queued": -1, "device_end": -1, "host_queued_end": 1585585991.854412}, "device": "cpu", "nd_range": {"device_start": 2253766.103008455, "device_end": 2253766.103195814}, "cmdq": 3, "read": {"device_start": -1, "device_end": -1}}, "empty44": {"write": {"device_start": 1585585926.4344723, "host_queued_start": 1585585991.823427, "device_queued": 1585585926.4343348, "device_end": 1585585926.4345355, "host_queued_end": 1585585991.834467}, "device": "gpu", "nd_range": {"device_start": 1585585926.4345434, "device_end": 1585585926.4345477}, "cmdq": 1, "read": {"device_start": -1, "device_end": -1}}, "coalesced_transpose21": {"write": {"device_start": -1, "host_queued_start": 1585585991.848428, "device_queued": -1, "device_end": -1, "host_queued_end": 1585585991.854412}, "device": "cpu", "nd_range": {"device_start": 2253766.089048636, "device_end": 2253766.089302898}, "cmdq": 4, "read": {"device_start": -1, "device_end": -1}}, "FFC_sans_bias36": {"write": {"device_start": 1585585926.4353447, "host_queued_start": 1585585991.827663, "device_queued": 1585585926.4346924, "device_end": 1585585926.4353757, "host_queued_end": 1585585991.834467}, "device": "gpu", "nd_range": {"device_start": 1585585926.435378, "device_end": 1585585926.436608}, "cmdq": 2, "read": {"device_start": -1, "device_end": -1}}, "softmax14": {"write": {"device_start": -1, "host_queued_start": 1585585991.850018, "device_queued": -1, "device_end": -1, "host_queued_end": 1585585991.854412}, "device": "cpu", "nd_range": {"device_start": 2253766.114600916, "device_end": 2253766.114806189}, "cmdq": 4, "read": {"device_start": -1, "device_end": -1}}, "FFC_sans_bias13": {"write": {"device_start": -1, "host_queued_start": 1585585991.849118, "device_queued": -1, "device_end": -1, "host_queued_end": 1585585991.854412}, "device": "cpu", "nd_range": {"device_start": 2253766.103205049, "device_end": 2253766.111733408}, "cmdq": 1, "read": {"device_start": -1, "device_end": -1}}, "empty8": {"write": {"device_start": -1, "host_queued_start": 1585585991.835819, "device_queued": -1, "device_end": -1, "host_queued_end": 1585585991.854412}, "device": "cpu", "nd_range": {"device_start": 2253766.043978083, "device_end": 2253766.0439902153}, "cmdq": 0, "read": {"device_start": -1, "device_end": -1}}, "FFC_sans_bias42": {"write": {"device_start": -1, "host_queued_start": 1585585991.832289, "device_queued": -1, "device_end": -1, "host_queued_end": 1585585991.834467}, "device": "gpu", "nd_range": {"device_start": 1585585926.4394, "device_end": 1585585926.4400032}, "cmdq": 0, "read": {"device_start": -1, "device_end": -1}}, "FFC_sans_bias43": {"write": {"device_start": 1585585926.4394937, "host_queued_start": 1585585991.834365, "device_queued": 1585585926.4355223, "device_end": 1585585926.4395192, "host_queued_end": 1585585991.834467}, "device": "gpu", "nd_range": {"device_start": 1585585926.440013, "device_end": 1585585926.4409654}, "cmdq": 2, "read": {"device_start": 1585585926.4409711, "device_end": 1585585926.440997}}, "FFC_sans_bias40": {"write": {"device_start": -1, "host_queued_start": 1585585991.831007, "device_queued": -1, "device_end": -1, "host_queued_end": 1585585991.834467}, "device": "gpu", "nd_range": {"device_start": 1585585926.4375951, "device_end": 1585585926.4386027}, "cmdq": 2, "read": {"device_start": -1, "device_end": -1}}, "softmax32": {"write": {"device_start": -1, "host_queued_start": 1585585991.831257, "device_queued": -1, "device_end": -1, "host_queued_end": 1585585991.834467}, "device": "gpu", "nd_range": {"device_start": 1585585926.4386075, "device_end": 1585585926.438801}, "cmdq": 0, "read": {"device_start": -1, "device_end": -1}}, "FFC_sans_bias33": {"write": {"device_start": -1, "host_queued_start": 1585585991.83197, "device_queued": -1, "device_end": -1, "host_queued_end": 1585585991.834467}, "device": "gpu", "nd_range": {"device_start": 1585585926.4388077, "device_end": 1585585926.4393964}, "cmdq": 2, "read": {"device_start": -1, "device_end": -1}}, "FFC_sans_bias24": {"write": {"device_start": -1, "host_queued_start": 1585585991.851345, "device_queued": -1, "device_end": -1, "host_queued_end": 1585585991.854412}, "device": "cpu", "nd_range": {"device_start": 2253766.106766186, "device_end": 2253766.121015769}, "cmdq": 3, "read": {"device_start": -1, "device_end": -1}}, "FFC_sans_bias25": {"write": {"device_start": -1, "host_queued_start": 1585585991.854367, "device_queued": -1, "device_end": -1, "host_queued_end": 1585585991.854412}, "device": "cpu", "nd_range": {"device_start": 2253766.124729744, "device_end": 2253766.14038984}, "cmdq": 1, "read": {"device_start": -1, "device_end": -1}}, "FFC_sans_bias27": {"write": {"device_start": 1585585926.434566, "host_queued_start": 1585585991.824441, "device_queued": 1585585926.4343567, "device_end": 1585585926.4345915, "host_queued_end": 1585585991.834467}, "device": "gpu", "nd_range": {"device_start": 1585585926.4345953, "device_end": 1585585926.4351985}, "cmdq": 2, "read": {"device_start": -1, "device_end": -1}}, "FFC_sans_bias20": {"write": {"device_start": -1, "host_queued_start": 1585585991.847441, "device_queued": -1, "device_end": -1, "host_queued_end": 1585585991.854412}, "device": "cpu", "nd_range": {"device_start": 2253766.06190659, "device_end": 2253766.082902348}, "cmdq": 1, "read": {"device_start": -1, "device_end": -1}}, "FFC_sans_bias22": {"write": {"device_start": -1, "host_queued_start": 1585585991.849466, "device_queued": -1, "device_end": -1, "host_queued_end": 1585585991.854412}, "device": "cpu", "nd_range": {"device_start": 2253766.089309947, "device_end": 2253766.102758942}, "cmdq": 2, "read": {"device_start": -1, "device_end": -1}}, "softmax5": {"write": {"device_start": -1, "host_queued_start": 1585585991.849743, "device_queued": -1, "device_end": -1, "host_queued_end": 1585585991.854412}, "device": "cpu", "nd_range": {"device_start": 2253766.1063249214, "device_end": 2253766.106545101}, "cmdq": 3, "read": {"device_start": -1, "device_end": -1}}, "FFC_sans_bias28": {"write": {"device_start": 1585585926.4347272, "host_queued_start": 1585585991.825549, "device_queued": 1585585926.434626, "device_end": 1585585926.4347951, "host_queued_end": 1585585991.834467}, "device": "gpu", "nd_range": {"device_start": 1585585926.4348001, "device_end": 1585585926.4356058}, "cmdq": 0, "read": {"device_start": -1, "device_end": -1}}, "FFC_sans_bias29": {"write": {"device_start": 1585585926.4348185, "host_queued_start": 1585585991.826629, "device_queued": 1585585926.4346755, "device_end": 1585585926.4348454, "host_queued_end": 1585585991.834467}, "device": "gpu", "nd_range": {"device_start": 1585585926.4348724, "device_end": 1585585926.4361627}, "cmdq": 1, "read": {"device_start": -1, "device_end": -1}}, "empty17": {"write": {"device_start": -1, "host_queued_start": 1585585991.836849, "device_queued": -1, "device_end": -1, "host_queued_end": 1585585991.854412}, "device": "cpu", "nd_range": {"device_start": 2253766.043978046, "device_end": 2253766.0439902563}, "cmdq": 1, "read": {"device_start": -1, "device_end": -1}}, "empty35": {"write": {"device_start": 1585585926.434368, "host_queued_start": 1585585991.822376, "device_queued": 1585585926.4342172, "device_end": 1585585926.4344194, "host_queued_end": 1585585991.834467}, "device": "gpu", "nd_range": {"device_start": 1585585926.4344244, "device_end": 1585585926.4344335}, "cmdq": 0, "read": {"device_start": -1, "device_end": -1}}}