{"FFC_sans_bias4": {"write": {"device_start": -1, "host_queued_start": 1585585823.984874, "device_queued": -1, "device_end": -1, "host_queued_end": 1585585823.986753}, "device": "cpu", "nd_range": {"device_start": 2253598.203903291, "device_end": 2253598.2081356933}, "cmdq": 0, "read": {"device_start": -1, "device_end": -1}}, "FFC_sans_bias7": {"write": {"device_start": -1, "host_queued_start": 1585585823.986707, "device_queued": -1, "device_end": -1, "host_queued_end": 1585585823.986753}, "device": "cpu", "nd_range": {"device_start": 2253598.2124969773, "device_end": 2253598.2177561293}, "cmdq": 3, "read": {"device_start": -1, "device_end": -1}}, "FFC_sans_bias6": {"write": {"device_start": -1, "host_queued_start": 1585585823.985548, "device_queued": -1, "device_end": -1, "host_queued_end": 1585585823.986753}, "device": "cpu", "nd_range": {"device_start": 2253598.2084234273, "device_end": 2253598.212487081}, "cmdq": 2, "read": {"device_start": -1, "device_end": -1}}, "FFC_sans_bias1": {"write": {"device_start": -1, "host_queued_start": 1585585823.982877, "device_queued": -1, "device_end": -1, "host_queued_end": 1585585823.986753}, "device": "cpu", "nd_range": {"device_start": 2253598.176371003, "device_end": 2253598.191750848}, "cmdq": 2, "read": {"device_start": -1, "device_end": -1}}, "FFC_sans_bias0": {"write": {"device_start": -1, "host_queued_start": 1585585823.981577, "device_queued": -1, "device_end": -1, "host_queued_end": 1585585823.986753}, "device": "cpu", "nd_range": {"device_start": 2253598.176360024, "device_end": 2253598.188761243}, "cmdq": 1, "read": {"device_start": -1, "device_end": -1}}, "FFC_sans_bias2": {"write": {"device_start": -1, "host_queued_start": 1585585823.984035, "device_queued": -1, "device_end": -1, "host_queued_end": 1585585823.986753}, "device": "cpu", "nd_range": {"device_start": 2253598.176370881, "device_end": 2253598.191538366}, "cmdq": 3, "read": {"device_start": -1, "device_end": -1}}, "FFC_sans_bias9": {"write": {"device_start": 1585585758.5840526, "host_queued_start": 1585585823.958134, "device_queued": 1585585758.5835319, "device_end": 1585585758.5840771, "host_queued_end": 1585585823.978909}, "device": "gpu", "nd_range": {"device_start": 1585585758.584086, "device_end": 1585585758.5846863}, "cmdq": 0, "read": {"device_start": -1, "device_end": -1}}, "coalesced_transpose39": {"write": {"device_start": -1, "host_queued_start": 1585585823.971104, "device_queued": -1, "device_end": -1, "host_queued_end": 1585585823.978909}, "device": "gpu", "nd_range": {"device_start": 1585585758.592899, "device_end": 1585585758.5929074}, "cmdq": 0, "read": {"device_start": -1, "device_end": -1}}, "softmax23": {"write": {"device_start": -1, "host_queued_start": 1585585823.972872, "device_queued": -1, "device_end": -1, "host_queued_end": 1585585823.978909}, "device": "gpu", "nd_range": {"device_start": 1585585758.5955176, "device_end": 1585585758.5957267}, "cmdq": 0, "read": {"device_start": -1, "device_end": -1}}, "FFC_sans_bias37": {"write": {"device_start": 1585585758.5915394, "host_queued_start": 1585585823.96881, "device_queued": 1585585758.584537, "device_end": 1585585758.5915625, "host_queued_end": 1585585823.978909}, "device": "gpu", "nd_range": {"device_start": 1585585758.5915694, "device_end": 1585585758.592164}, "cmdq": 0, "read": {"device_start": -1, "device_end": -1}}, "softmax41": {"write": {"device_start": -1, "host_queued_start": 1585585823.973379, "device_queued": -1, "device_end": -1, "host_queued_end": 1585585823.978909}, "device": "gpu", "nd_range": {"device_start": 1585585758.5959384, "device_end": 1585585758.596146}, "cmdq": 0, "read": {"device_start": -1, "device_end": -1}}, "FFC_sans_bias11": {"write": {"device_start": 1585585758.5855682, "host_queued_start": 1585585823.960266, "device_queued": 1585585758.5837197, "device_end": 1585585758.5855973, "host_queued_end": 1585585823.978909}, "device": "gpu", "nd_range": {"device_start": 1585585758.585607, "device_end": 1585585758.5862122}, "cmdq": 0, "read": {"device_start": -1, "device_end": -1}}, "FFC_sans_bias10": {"write": {"device_start": 1585585758.5848258, "host_queued_start": 1585585823.959226, "device_queued": 1585585758.5835671, "device_end": 1585585758.5848544, "host_queued_end": 1585585823.978909}, "device": "gpu", "nd_range": {"device_start": 1585585758.584857, "device_end": 1585585758.5854468}, "cmdq": 0, "read": {"device_start": -1, "device_end": -1}}, "coalesced_transpose3": {"write": {"device_start": -1, "host_queued_start": 1585585823.984451, "device_queued": -1, "device_end": -1, "host_queued_end": 1585585823.986753}, "device": "cpu", "nd_range": {"device_start": 2253598.203530272, "device_end": 2253598.2036389443}, "cmdq": 4, "read": {"device_start": -1, "device_end": -1}}, "FFC_sans_bias34": {"write": {"device_start": 1585585758.6001768, "host_queued_start": 1585585823.97776, "device_queued": 1585585758.5856438, "device_end": 1585585758.6001995, "host_queued_end": 1585585823.978909}, "device": "gpu", "nd_range": {"device_start": 1585585758.600205, "device_end": 1585585758.6008031}, "cmdq": 0, "read": {"device_start": 1585585758.6008108, "device_end": 1585585758.6008332}}, "FFC_sans_bias15": {"write": {"device_start": -1, "host_queued_start": 1585585823.973689, "device_queued": -1, "device_end": -1, "host_queued_end": 1585585823.978909}, "device": "gpu", "nd_range": {"device_start": 1585585758.5961478, "device_end": 1585585758.5967479}, "cmdq": 0, "read": {"device_start": -1, "device_end": -1}}, "FFC_sans_bias31": {"write": {"device_start": -1, "host_queued_start": 1585585823.972066, "device_queued": -1, "device_end": -1, "host_queued_end": 1585585823.978909}, "device": "gpu", "nd_range": {"device_start": 1585585758.5941083, "device_end": 1585585758.5947022}, "cmdq": 0, "read": {"device_start": -1, "device_end": -1}}, "FFC_sans_bias16": {"write": {"device_start": 1585585758.5986087, "host_queued_start": 1585585823.975673, "device_queued": 1585585758.585403, "device_end": 1585585758.5986328, "host_queued_end": 1585585823.978909}, "device": "gpu", "nd_range": {"device_start": 1585585758.598637, "device_end": 1585585758.5992343}, "cmdq": 0, "read": {"device_start": 1585585758.5992427, "device_end": 1585585758.5992653}}, "FFC_sans_bias19": {"write": {"device_start": 1585585758.5870805, "host_queued_start": 1585585823.962372, "device_queued": 1585585758.5839443, "device_end": 1585585758.587104, "host_queued_end": 1585585823.978909}, "device": "gpu", "nd_range": {"device_start": 1585585758.58711, "device_end": 1585585758.587696}, "cmdq": 0, "read": {"device_start": -1, "device_end": -1}}, "FFC_sans_bias18": {"write": {"device_start": 1585585758.586325, "host_queued_start": 1585585823.961294, "device_queued": 1585585758.5837767, "device_end": 1585585758.586358, "host_queued_end": 1585585823.978909}, "device": "gpu", "nd_range": {"device_start": 1585585758.586361, "device_end": 1585585758.586974}, "cmdq": 0, "read": {"device_start": -1, "device_end": -1}}, "coalesced_transpose30": {"write": {"device_start": -1, "host_queued_start": 1585585823.970799, "device_queued": -1, "device_end": -1, "host_queued_end": 1585585823.978909}, "device": "gpu", "nd_range": {"device_start": 1585585758.5928898, "device_end": 1585585758.5928981}, "cmdq": 0, "read": {"device_start": -1, "device_end": -1}}, "FFC_sans_bias38": {"write": {"device_start": 1585585758.5922437, "host_queued_start": 1585585823.969842, "device_queued": 1585585758.584581, "device_end": 1585585758.592267, "host_queued_end": 1585585823.978909}, "device": "gpu", "nd_range": {"device_start": 1585585758.592272, "device_end": 1585585758.5928698}, "cmdq": 0, "read": {"device_start": -1, "device_end": -1}}, "empty26": {"write": {"device_start": 1585585758.5834801, "host_queued_start": 1585585823.955541, "device_queued": 1585585758.583309, "device_end": 1585585758.5835106, "host_queued_end": 1585585823.978909}, "device": "gpu", "nd_range": {"device_start": 1585585758.583526, "device_end": 1585585758.5835295}, "cmdq": 0, "read": {"device_start": -1, "device_end": -1}}, "coalesced_transpose12": {"write": {"device_start": -1, "host_queued_start": 1585585823.970161, "device_queued": -1, "device_end": -1, "host_queued_end": 1585585823.978909}, "device": "gpu", "nd_range": {"device_start": 1585585758.5928712, "device_end": 1585585758.5928795}, "cmdq": 0, "read": {"device_start": -1, "device_end": -1}}, "empty44": {"write": {"device_start": 1585585758.5838375, "host_queued_start": 1585585823.957161, "device_queued": 1585585758.5833695, "device_end": 1585585758.583871, "host_queued_end": 1585585823.978909}, "device": "gpu", "nd_range": {"device_start": 1585585758.5838733, "device_end": 1585585758.5838768}, "cmdq": 0, "read": {"device_start": -1, "device_end": -1}}, "coalesced_transpose21": {"write": {"device_start": -1, "host_queued_start": 1585585823.970468, "device_queued": -1, "device_end": -1, "host_queued_end": 1585585823.978909}, "device": "gpu", "nd_range": {"device_start": 1585585758.5928807, "device_end": 1585585758.5928886}, "cmdq": 0, "read": {"device_start": -1, "device_end": -1}}, "FFC_sans_bias36": {"write": {"device_start": 1585585758.5908191, "host_queued_start": 1585585823.967619, "device_queued": 1585585758.5843918, "device_end": 1585585758.5908506, "host_queued_end": 1585585823.978909}, "device": "gpu", "nd_range": {"device_start": 1585585758.5908577, "device_end": 1585585758.5914543}, "cmdq": 0, "read": {"device_start": -1, "device_end": -1}}, "softmax14": {"write": {"device_start": -1, "host_queued_start": 1585585823.972628, "device_queued": -1, "device_end": -1, "host_queued_end": 1585585823.978909}, "device": "gpu", "nd_range": {"device_start": 1585585758.5953062, "device_end": 1585585758.5955162}, "cmdq": 0, "read": {"device_start": -1, "device_end": -1}}, "FFC_sans_bias13": {"write": {"device_start": -1, "host_queued_start": 1585585823.971419, "device_queued": -1, "device_end": -1, "host_queued_end": 1585585823.978909}, "device": "gpu", "nd_range": {"device_start": 1585585758.5929084, "device_end": 1585585758.593505}, "cmdq": 0, "read": {"device_start": -1, "device_end": -1}}, "empty8": {"write": {"device_start": -1, "host_queued_start": 1585585823.980362, "device_queued": -1, "device_end": -1, "host_queued_end": 1585585823.986753}, "device": "cpu", "nd_range": {"device_start": 2253598.176338323, "device_end": 2253598.176348864}, "cmdq": 0, "read": {"device_start": -1, "device_end": -1}}, "FFC_sans_bias42": {"write": {"device_start": -1, "host_queued_start": 1585585823.974661, "device_queued": -1, "device_end": -1, "host_queued_end": 1585585823.978909}, "device": "gpu", "nd_range": {"device_start": 1585585758.5979354, "device_end": 1585585758.5985322}, "cmdq": 0, "read": {"device_start": -1, "device_end": -1}}, "FFC_sans_bias43": {"write": {"device_start": 1585585758.6009545, "host_queued_start": 1585585823.978808, "device_queued": 1585585758.585706, "device_end": 1585585758.6009781, "host_queued_end": 1585585823.978909}, "device": "gpu", "nd_range": {"device_start": 1585585758.600982, "device_end": 1585585758.601577}, "cmdq": 0, "read": {"device_start": 1585585758.60158, "device_end": 1585585758.6016016}}, "FFC_sans_bias40": {"write": {"device_start": -1, "host_queued_start": 1585585823.972383, "device_queued": -1, "device_end": -1, "host_queued_end": 1585585823.978909}, "device": "gpu", "nd_range": {"device_start": 1585585758.5947032, "device_end": 1585585758.5953047}, "cmdq": 0, "read": {"device_start": -1, "device_end": -1}}, "softmax32": {"write": {"device_start": -1, "host_queued_start": 1585585823.973121, "device_queued": -1, "device_end": -1, "host_queued_end": 1585585823.978909}, "device": "gpu", "nd_range": {"device_start": 1585585758.5957284, "device_end": 1585585758.595937}, "cmdq": 0, "read": {"device_start": -1, "device_end": -1}}, "FFC_sans_bias33": {"write": {"device_start": -1, "host_queued_start": 1585585823.974325, "device_queued": -1, "device_end": -1, "host_queued_end": 1585585823.978909}, "device": "gpu", "nd_range": {"device_start": 1585585758.597336, "device_end": 1585585758.5979345}, "cmdq": 0, "read": {"device_start": -1, "device_end": -1}}, "FFC_sans_bias24": {"write": {"device_start": -1, "host_queued_start": 1585585823.974006, "device_queued": -1, "device_end": -1, "host_queued_end": 1585585823.978909}, "device": "gpu", "nd_range": {"device_start": 1585585758.5967488, "device_end": 1585585758.597335}, "cmdq": 0, "read": {"device_start": -1, "device_end": -1}}, "FFC_sans_bias25": {"write": {"device_start": 1585585758.5993989, "host_queued_start": 1585585823.976721, "device_queued": 1585585758.5854673, "device_end": 1585585758.5994217, "host_queued_end": 1585585823.978909}, "device": "gpu", "nd_range": {"device_start": 1585585758.5994265, "device_end": 1585585758.600025}, "cmdq": 0, "read": {"device_start": 1585585758.6000326, "device_end": 1585585758.600055}}, "FFC_sans_bias27": {"write": {"device_start": 1585585758.5885327, "host_queued_start": 1585585823.964476, "device_queued": 1585585758.5841424, "device_end": 1585585758.5885606, "host_queued_end": 1585585823.978909}, "device": "gpu", "nd_range": {"device_start": 1585585758.5885704, "device_end": 1585585758.5891783}, "cmdq": 0, "read": {"device_start": -1, "device_end": -1}}, "FFC_sans_bias20": {"write": {"device_start": 1585585758.5878015, "host_queued_start": 1585585823.963445, "device_queued": 1585585758.5840037, "device_end": 1585585758.5878305, "host_queued_end": 1585585823.978909}, "device": "gpu", "nd_range": {"device_start": 1585585758.5878334, "device_end": 1585585758.5884187}, "cmdq": 0, "read": {"device_start": -1, "device_end": -1}}, "FFC_sans_bias22": {"write": {"device_start": -1, "host_queued_start": 1585585823.97174, "device_queued": -1, "device_end": -1, "host_queued_end": 1585585823.978909}, "device": "gpu", "nd_range": {"device_start": 1585585758.5935059, "device_end": 1585585758.5941072}, "cmdq": 0, "read": {"device_start": -1, "device_end": -1}}, "softmax5": {"write": {"device_start": -1, "host_queued_start": 1585585823.985168, "device_queued": -1, "device_end": -1, "host_queued_end": 1585585823.986753}, "device": "cpu", "nd_range": {"device_start": 2253598.2083274033, "device_end": 2253598.208412709}, "cmdq": 1, "read": {"device_start": -1, "device_end": -1}}, "FFC_sans_bias28": {"write": {"device_start": 1585585758.5893047, "host_queued_start": 1585585823.965503, "device_queued": 1585585758.5841858, "device_end": 1585585758.5893333, "host_queued_end": 1585585823.978909}, "device": "gpu", "nd_range": {"device_start": 1585585758.5893424, "device_end": 1585585758.5899503}, "cmdq": 0, "read": {"device_start": -1, "device_end": -1}}, "FFC_sans_bias29": {"write": {"device_start": 1585585758.5900767, "host_queued_start": 1585585823.966534, "device_queued": 1585585758.5843475, "device_end": 1585585758.5901058, "host_queued_end": 1585585823.978909}, "device": "gpu", "nd_range": {"device_start": 1585585758.5901158, "device_end": 1585585758.5907133}, "cmdq": 0, "read": {"device_start": -1, "device_end": -1}}, "empty17": {"write": {"device_start": 1585585758.5833287, "host_queued_start": 1585585823.95447, "device_queued": 1585585758.5832012, "device_end": 1585585758.5833554, "host_queued_end": 1585585823.978909}, "device": "gpu", "nd_range": {"device_start": 1585585758.5833611, "device_end": 1585585758.5833657}, "cmdq": 0, "read": {"device_start": -1, "device_end": -1}}, "empty35": {"write": {"device_start": 1585585758.5836358, "host_queued_start": 1585585823.956348, "device_queued": 1585585758.5833452, "device_end": 1585585758.583666, "host_queued_end": 1585585823.978909}, "device": "gpu", "nd_range": {"device_start": 1585585758.583671, "device_end": 1585585758.5836747}, "cmdq": 0, "read": {"device_start": -1, "device_end": -1}}}