{"FFC_sans_bias4": {"write": {"device_start": -1, "host_queued_start": 1585586067.757083, "device_queued": -1, "device_end": -1, "host_queued_end": 1585586067.758809}, "device": "cpu", "nd_range": {"device_start": 2253841.957489349, "device_end": 2253841.964453543}, "cmdq": 0, "read": {"device_start": -1, "device_end": -1}}, "FFC_sans_bias7": {"write": {"device_start": -1, "host_queued_start": 1585586067.758764, "device_queued": -1, "device_end": -1, "host_queued_end": 1585586067.758809}, "device": "cpu", "nd_range": {"device_start": 2253841.969992375, "device_end": 2253841.974508428}, "cmdq": 3, "read": {"device_start": -1, "device_end": -1}}, "FFC_sans_bias6": {"write": {"device_start": -1, "host_queued_start": 1585586067.757698, "device_queued": -1, "device_end": -1, "host_queued_end": 1585586067.758809}, "device": "cpu", "nd_range": {"device_start": 2253841.964738265, "device_end": 2253841.9699744494}, "cmdq": 2, "read": {"device_start": -1, "device_end": -1}}, "FFC_sans_bias1": {"write": {"device_start": -1, "host_queued_start": 1585586067.754953, "device_queued": -1, "device_end": -1, "host_queued_end": 1585586067.758809}, "device": "cpu", "nd_range": {"device_start": 2253841.948418343, "device_end": 2253841.957037474}, "cmdq": 2, "read": {"device_start": -1, "device_end": -1}}, "FFC_sans_bias0": {"write": {"device_start": -1, "host_queued_start": 1585586067.753517, "device_queued": -1, "device_end": -1, "host_queued_end": 1585586067.758809}, "device": "cpu", "nd_range": {"device_start": 2253841.9484070493, "device_end": 2253841.960585831}, "cmdq": 1, "read": {"device_start": -1, "device_end": -1}}, "FFC_sans_bias2": {"write": {"device_start": -1, "host_queued_start": 1585586067.756312, "device_queued": -1, "device_end": -1, "host_queued_end": 1585586067.758809}, "device": "cpu", "nd_range": {"device_start": 2253841.948431807, "device_end": 2253841.963742018}, "cmdq": 3, "read": {"device_start": -1, "device_end": -1}}, "FFC_sans_bias9": {"write": {"device_start": 1585586002.349143, "host_queued_start": 1585586067.730072, "device_queued": 1585586002.3489046, "device_end": 1585586002.3492236, "host_queued_end": 1585586067.750804}, "device": "gpu", "nd_range": {"device_start": 1585586002.3492353, "device_end": 1585586002.3498435}, "cmdq": 0, "read": {"device_start": -1, "device_end": -1}}, "coalesced_transpose39": {"write": {"device_start": -1, "host_queued_start": 1585586067.743004, "device_queued": -1, "device_end": -1, "host_queued_end": 1585586067.750804}, "device": "gpu", "nd_range": {"device_start": 1585586002.3551846, "device_end": 1585586002.3564653}, "cmdq": 3, "read": {"device_start": -1, "device_end": -1}}, "softmax23": {"write": {"device_start": -1, "host_queued_start": 1585586067.74477, "device_queued": -1, "device_end": -1, "host_queued_end": 1585586067.750804}, "device": "gpu", "nd_range": {"device_start": 1585586002.356057, "device_end": 1585586002.3569965}, "cmdq": 1, "read": {"device_start": -1, "device_end": -1}}, "FFC_sans_bias37": {"write": {"device_start": 1585586002.352864, "host_queued_start": 1585586067.740676, "device_queued": 1585586002.3498683, "device_end": 1585586002.3528962, "host_queued_end": 1585586067.750804}, "device": "gpu", "nd_range": {"device_start": 1585586002.352902, "device_end": 1585586002.3546557}, "cmdq": 2, "read": {"device_start": -1, "device_end": -1}}, "softmax41": {"write": {"device_start": -1, "host_queued_start": 1585586067.745266, "device_queued": -1, "device_end": -1, "host_queued_end": 1585586067.750804}, "device": "gpu", "nd_range": {"device_start": 1585586002.3570747, "device_end": 1585586002.3582497}, "cmdq": 3, "read": {"device_start": -1, "device_end": -1}}, "FFC_sans_bias11": {"write": {"device_start": 1585586002.3493652, "host_queued_start": 1585586067.732179, "device_queued": 1585586002.3489823, "device_end": 1585586002.349439, "host_queued_end": 1585586067.750804}, "device": "gpu", "nd_range": {"device_start": 1585586002.3494463, "device_end": 1585586002.3508146}, "cmdq": 2, "read": {"device_start": -1, "device_end": -1}}, "FFC_sans_bias10": {"write": {"device_start": 1585586002.3492608, "host_queued_start": 1585586067.731141, "device_queued": 1585586002.3489656, "device_end": 1585586002.3493414, "host_queued_end": 1585586067.750804}, "device": "gpu", "nd_range": {"device_start": 1585586002.3493478, "device_end": 1585586002.3502436}, "cmdq": 1, "read": {"device_start": -1, "device_end": -1}}, "coalesced_transpose3": {"write": {"device_start": -1, "host_queued_start": 1585586067.75671, "device_queued": -1, "device_end": -1, "host_queued_end": 1585586067.758809}, "device": "cpu", "nd_range": {"device_start": 2253841.9571513953, "device_end": 2253841.957387087}, "cmdq": 4, "read": {"device_start": -1, "device_end": -1}}, "FFC_sans_bias34": {"write": {"device_start": 1585586002.3586698, "host_queued_start": 1585586067.74964, "device_queued": 1585586002.3511329, "device_end": 1585586002.3586957, "host_queued_end": 1585586067.750804}, "device": "gpu", "nd_range": {"device_start": 1585586002.3586981, "device_end": 1585586002.3604724}, "cmdq": 2, "read": {"device_start": 1585586002.3604753, "device_end": 1585586002.3604977}}, "FFC_sans_bias15": {"write": {"device_start": -1, "host_queued_start": 1585586067.745573, "device_queued": -1, "device_end": -1, "host_queued_end": 1585586067.750804}, "device": "gpu", "nd_range": {"device_start": 1585586002.3570192, "device_end": 1585586002.35807}, "cmdq": 0, "read": {"device_start": -1, "device_end": -1}}, "FFC_sans_bias31": {"write": {"device_start": -1, "host_queued_start": 1585586067.743976, "device_queued": -1, "device_end": -1, "host_queued_end": 1585586067.750804}, "device": "gpu", "nd_range": {"device_start": 1585586002.3550532, "device_end": 1585586002.3566327}, "cmdq": 2, "read": {"device_start": -1, "device_end": -1}}, "FFC_sans_bias16": {"write": {"device_start": 1585586002.3581607, "host_queued_start": 1585586067.747556, "device_queued": 1585586002.3510404, "device_end": 1585586002.358186, "host_queued_end": 1585586067.750804}, "device": "gpu", "nd_range": {"device_start": 1585586002.3581932, "device_end": 1585586002.359549}, "cmdq": 0, "read": {"device_start": 1585586002.3595533, "device_end": 1585586002.3595772}}, "FFC_sans_bias19": {"write": {"device_start": 1585586002.34993, "host_queued_start": 1585586067.734238, "device_queued": 1585586002.3493593, "device_end": 1585586002.3499548, "host_queued_end": 1585586067.750804}, "device": "gpu", "nd_range": {"device_start": 1585586002.3499606, "device_end": 1585586002.3518}, "cmdq": 0, "read": {"device_start": -1, "device_end": -1}}, "FFC_sans_bias18": {"write": {"device_start": 1585586002.3494647, "host_queued_start": 1585586067.733209, "device_queued": 1585586002.3491373, "device_end": 1585586002.3494902, "host_queued_end": 1585586067.750804}, "device": "gpu", "nd_range": {"device_start": 1585586002.349493, "device_end": 1585586002.351241}, "cmdq": 3, "read": {"device_start": -1, "device_end": -1}}, "coalesced_transpose30": {"write": {"device_start": -1, "host_queued_start": 1585586067.742689, "device_queued": -1, "device_end": -1, "host_queued_end": 1585586067.750804}, "device": "gpu", "nd_range": {"device_start": 1585586002.354662, "device_end": 1585586002.3550522}, "cmdq": 2, "read": {"device_start": -1, "device_end": -1}}, "FFC_sans_bias38": {"write": {"device_start": 1585586002.3533444, "host_queued_start": 1585586067.741708, "device_queued": 1585586002.3500063, "device_end": 1585586002.3533747, "host_queued_end": 1585586067.750804}, "device": "gpu", "nd_range": {"device_start": 1585586002.3533907, "device_end": 1585586002.355175}, "cmdq": 3, "read": {"device_start": -1, "device_end": -1}}, "empty26": {"write": {"device_start": 1585586002.348818, "host_queued_start": 1585586067.727404, "device_queued": 1585586002.3486638, "device_end": 1585586002.3488872, "host_queued_end": 1585586067.750804}, "device": "gpu", "nd_range": {"device_start": 1585586002.3488932, "device_end": 1585586002.348899}, "cmdq": 1, "read": {"device_start": -1, "device_end": -1}}, "coalesced_transpose12": {"write": {"device_start": -1, "host_queued_start": 1585586067.742043, "device_queued": -1, "device_end": -1, "host_queued_end": 1585586067.750804}, "device": "gpu", "nd_range": {"device_start": 1585586002.3536975, "device_end": 1585586002.3550353}, "cmdq": 0, "read": {"device_start": -1, "device_end": -1}}, "empty44": {"write": {"device_start": 1585586002.3490393, "host_queued_start": 1585586067.729083, "device_queued": 1585586002.348711, "device_end": 1585586002.3491087, "host_queued_end": 1585586067.750804}, "device": "gpu", "nd_range": {"device_start": 1585586002.3491137, "device_end": 1585586002.3491185}, "cmdq": 3, "read": {"device_start": -1, "device_end": -1}}, "coalesced_transpose21": {"write": {"device_start": -1, "host_queued_start": 1585586067.742352, "device_queued": -1, "device_end": -1, "host_queued_end": 1585586067.750804}, "device": "gpu", "nd_range": {"device_start": 1585586002.3542182, "device_end": 1585586002.3550482}, "cmdq": 1, "read": {"device_start": -1, "device_end": -1}}, "FFC_sans_bias36": {"write": {"device_start": 1585586002.3523543, "host_queued_start": 1585586067.739642, "device_queued": 1585586002.3498404, "device_end": 1585586002.3523865, "host_queued_end": 1585586067.750804}, "device": "gpu", "nd_range": {"device_start": 1585586002.3524015, "device_end": 1585586002.3542142}, "cmdq": 1, "read": {"device_start": -1, "device_end": -1}}, "softmax14": {"write": {"device_start": -1, "host_queued_start": 1585586067.744526, "device_queued": -1, "device_end": -1, "host_queued_end": 1585586067.750804}, "device": "gpu", "nd_range": {"device_start": 1585586002.355652, "device_end": 1585586002.3570178}, "cmdq": 0, "read": {"device_start": -1, "device_end": -1}}, "FFC_sans_bias13": {"write": {"device_start": -1, "host_queued_start": 1585586067.743329, "device_queued": -1, "device_end": -1, "host_queued_end": 1585586067.750804}, "device": "gpu", "nd_range": {"device_start": 1585586002.3550363, "device_end": 1585586002.355651}, "cmdq": 0, "read": {"device_start": -1, "device_end": -1}}, "empty8": {"write": {"device_start": -1, "host_queued_start": 1585586067.752312, "device_queued": -1, "device_end": -1, "host_queued_end": 1585586067.758809}, "device": "cpu", "nd_range": {"device_start": 2253841.948386371, "device_end": 2253841.9483952234}, "cmdq": 0, "read": {"device_start": -1, "device_end": -1}}, "FFC_sans_bias42": {"write": {"device_start": -1, "host_queued_start": 1585586067.746516, "device_queued": -1, "device_end": -1, "host_queued_end": 1585586067.750804}, "device": "gpu", "nd_range": {"device_start": 1585586002.3582509, "device_end": 1585586002.3600228}, "cmdq": 3, "read": {"device_start": -1, "device_end": -1}}, "FFC_sans_bias43": {"write": {"device_start": 1585586002.3601098, "host_queued_start": 1585586067.750704, "device_queued": 1585586002.3512602, "device_end": 1585586002.3601363, "host_queued_end": 1585586067.750804}, "device": "gpu", "nd_range": {"device_start": 1585586002.3601398, "device_end": 1585586002.3609624}, "cmdq": 3, "read": {"device_start": 1585586002.3609703, "device_end": 1585586002.3609924}}, "FFC_sans_bias40": {"write": {"device_start": -1, "host_queued_start": 1585586067.744279, "device_queued": -1, "device_end": -1, "host_queued_end": 1585586067.750804}, "device": "gpu", "nd_range": {"device_start": 1585586002.3564663, "device_end": 1585586002.3570738}, "cmdq": 3, "read": {"device_start": -1, "device_end": -1}}, "softmax32": {"write": {"device_start": -1, "host_queued_start": 1585586067.745019, "device_queued": -1, "device_end": -1, "host_queued_end": 1585586067.750804}, "device": "gpu", "nd_range": {"device_start": 1585586002.3566337, "device_end": 1585586002.357287}, "cmdq": 2, "read": {"device_start": -1, "device_end": -1}}, "FFC_sans_bias33": {"write": {"device_start": -1, "host_queued_start": 1585586067.746205, "device_queued": -1, "device_end": -1, "host_queued_end": 1585586067.750804}, "device": "gpu", "nd_range": {"device_start": 1585586002.3572884, "device_end": 1585586002.3585842}, "cmdq": 2, "read": {"device_start": -1, "device_end": -1}}, "FFC_sans_bias24": {"write": {"device_start": -1, "host_queued_start": 1585586067.74589, "device_queued": -1, "device_end": -1, "host_queued_end": 1585586067.750804}, "device": "gpu", "nd_range": {"device_start": 1585586002.3569975, "device_end": 1585586002.3576014}, "cmdq": 1, "read": {"device_start": -1, "device_end": -1}}, "FFC_sans_bias25": {"write": {"device_start": 1585586002.3577049, "host_queued_start": 1585586067.748597, "device_queued": 1585586002.351107, "device_end": 1585586002.3577304, "host_queued_end": 1585586067.750804}, "device": "gpu", "nd_range": {"device_start": 1585586002.3577373, "device_end": 1585586002.359061}, "cmdq": 1, "read": {"device_start": 1585586002.3590648, "device_end": 1585586002.3590882}}, "FFC_sans_bias27": {"write": {"device_start": 1585586002.3509643, "host_queued_start": 1585586067.736359, "device_queued": 1585586002.3494391, "device_end": 1585586002.3509948, "host_queued_end": 1585586067.750804}, "device": "gpu", "nd_range": {"device_start": 1585586002.3509974, "device_end": 1585586002.352741}, "cmdq": 2, "read": {"device_start": -1, "device_end": -1}}, "FFC_sans_bias20": {"write": {"device_start": 1585586002.3503852, "host_queued_start": 1585586067.735322, "device_queued": 1585586002.3494172, "device_end": 1585586002.350417, "host_queued_end": 1585586067.750804}, "device": "gpu", "nd_range": {"device_start": 1585586002.3504221, "device_end": 1585586002.352231}, "cmdq": 1, "read": {"device_start": -1, "device_end": -1}}, "FFC_sans_bias22": {"write": {"device_start": -1, "host_queued_start": 1585586067.743644, "device_queued": -1, "device_end": -1, "host_queued_end": 1585586067.750804}, "device": "gpu", "nd_range": {"device_start": 1585586002.3550496, "device_end": 1585586002.3560555}, "cmdq": 1, "read": {"device_start": -1, "device_end": -1}}, "softmax5": {"write": {"device_start": -1, "host_queued_start": 1585586067.757359, "device_queued": -1, "device_end": -1, "host_queued_end": 1585586067.758809}, "device": "cpu", "nd_range": {"device_start": 2253841.9644598113, "device_end": 2253841.9645700334}, "cmdq": 1, "read": {"device_start": -1, "device_end": -1}}, "FFC_sans_bias28": {"write": {"device_start": 1585586002.351362, "host_queued_start": 1585586067.737389, "device_queued": 1585586002.3496149, "device_end": 1585586002.351393, "host_queued_end": 1585586067.750804}, "device": "gpu", "nd_range": {"device_start": 1585586002.3513997, "device_end": 1585586002.353216}, "cmdq": 3, "read": {"device_start": -1, "device_end": -1}}, "FFC_sans_bias29": {"write": {"device_start": 1585586002.3519316, "host_queued_start": 1585586067.738426, "device_queued": 1585586002.3498, "device_end": 1585586002.3519628, "host_queued_end": 1585586067.750804}, "device": "gpu", "nd_range": {"device_start": 1585586002.3519688, "device_end": 1585586002.353696}, "cmdq": 0, "read": {"device_start": -1, "device_end": -1}}, "empty17": {"write": {"device_start": 1585586002.3486834, "host_queued_start": 1585586067.72633, "device_queued": 1585586002.3485332, "device_end": 1585586002.3487396, "host_queued_end": 1585586067.750804}, "device": "gpu", "nd_range": {"device_start": 1585586002.3487477, "device_end": 1585586002.348754}, "cmdq": 0, "read": {"device_start": -1, "device_end": -1}}, "empty35": {"write": {"device_start": 1585586002.3489256, "host_queued_start": 1585586067.728248, "device_queued": 1585586002.3486867, "device_end": 1585586002.348999, "host_queued_end": 1585586067.750804}, "device": "gpu", "nd_range": {"device_start": 1585586002.3490038, "device_end": 1585586002.3490095}, "cmdq": 2, "read": {"device_start": -1, "device_end": -1}}}