{"FFC_sans_bias4": {"write": {"device_start": -1, "host_queued_start": 1585585878.136481, "device_queued": -1, "device_end": -1, "host_queued_end": 1585585878.142088}, "device": "cpu", "nd_range": {"device_start": 2253652.361036903, "device_end": 2253652.37044371}, "cmdq": 0, "read": {"device_start": -1, "device_end": -1}}, "FFC_sans_bias7": {"write": {"device_start": -1, "host_queued_start": 1585585878.140068, "device_queued": -1, "device_end": -1, "host_queued_end": 1585585878.142088}, "device": "cpu", "nd_range": {"device_start": 2253652.384201451, "device_end": 2253652.395093123}, "cmdq": 0, "read": {"device_start": -1, "device_end": -1}}, "FFC_sans_bias6": {"write": {"device_start": -1, "host_queued_start": 1585585878.138321, "device_queued": -1, "device_end": -1, "host_queued_end": 1585585878.142088}, "device": "cpu", "nd_range": {"device_start": 2253652.37089275, "device_end": 2253652.383982881}, "cmdq": 0, "read": {"device_start": -1, "device_end": -1}}, "FFC_sans_bias1": {"write": {"device_start": -1, "host_queued_start": 1585585878.127633, "device_queued": -1, "device_end": -1, "host_queued_end": 1585585878.142088}, "device": "cpu", "nd_range": {"device_start": 2253652.331751639, "device_end": 2253652.347027996}, "cmdq": 1, "read": {"device_start": -1, "device_end": -1}}, "FFC_sans_bias0": {"write": {"device_start": -1, "host_queued_start": 1585585878.126563, "device_queued": -1, "device_end": -1, "host_queued_end": 1585585878.142088}, "device": "cpu", "nd_range": {"device_start": 2253652.3317156853, "device_end": 2253652.339686823}, "cmdq": 0, "read": {"device_start": -1, "device_end": -1}}, "FFC_sans_bias2": {"write": {"device_start": -1, "host_queued_start": 1585585878.128735, "device_queued": -1, "device_end": -1, "host_queued_end": 1585585878.142088}, "device": "cpu", "nd_range": {"device_start": 2253652.331715635, "device_end": 2253652.34336824}, "cmdq": 2, "read": {"device_start": -1, "device_end": -1}}, "FFC_sans_bias9": {"write": {"device_start": -1, "host_queued_start": 1585585878.129836, "device_queued": -1, "device_end": -1, "host_queued_end": 1585585878.142088}, "device": "cpu", "nd_range": {"device_start": 2253652.339801936, "device_end": 2253652.350486148}, "cmdq": 0, "read": {"device_start": -1, "device_end": -1}}, "coalesced_transpose39": {"write": {"device_start": -1, "host_queued_start": 1585585878.118272, "device_queued": -1, "device_end": -1, "host_queued_end": 1585585878.122346}, "device": "gpu", "nd_range": {"device_start": 1585585812.7285557, "device_end": 1585585812.7288926}, "cmdq": 1, "read": {"device_start": -1, "device_end": -1}}, "softmax23": {"write": {"device_start": -1, "host_queued_start": 1585585878.13798, "device_queued": -1, "device_end": -1, "host_queued_end": 1585585878.142088}, "device": "cpu", "nd_range": {"device_start": 2253652.40038992, "device_end": 2253652.400602227}, "cmdq": 2, "read": {"device_start": -1, "device_end": -1}}, "FFC_sans_bias37": {"write": {"device_start": 1585585812.7272139, "host_queued_start": 1585585878.116613, "device_queued": 1585585812.725808, "device_end": 1585585812.7272458, "host_queued_end": 1585585878.122346}, "device": "gpu", "nd_range": {"device_start": 1585585812.7272496, "device_end": 1585585812.7280629}, "cmdq": 0, "read": {"device_start": -1, "device_end": -1}}, "softmax41": {"write": {"device_start": -1, "host_queued_start": 1585585878.119419, "device_queued": -1, "device_end": -1, "host_queued_end": 1585585878.122346}, "device": "gpu", "nd_range": {"device_start": 1585585812.7295039, "device_end": 1585585812.729825}, "cmdq": 1, "read": {"device_start": -1, "device_end": -1}}, "FFC_sans_bias11": {"write": {"device_start": -1, "host_queued_start": 1585585878.131961, "device_queued": -1, "device_end": -1, "host_queued_end": 1585585878.142088}, "device": "cpu", "nd_range": {"device_start": 2253652.3434880693, "device_end": 2253652.360183087}, "cmdq": 2, "read": {"device_start": -1, "device_end": -1}}, "FFC_sans_bias10": {"write": {"device_start": -1, "host_queued_start": 1585585878.130904, "device_queued": -1, "device_end": -1, "host_queued_end": 1585585878.142088}, "device": "cpu", "nd_range": {"device_start": 2253652.347035664, "device_end": 2253652.362801122}, "cmdq": 1, "read": {"device_start": -1, "device_end": -1}}, "coalesced_transpose3": {"write": {"device_start": -1, "host_queued_start": 1585585878.135495, "device_queued": -1, "device_end": -1, "host_queued_end": 1585585878.142088}, "device": "cpu", "nd_range": {"device_start": 2253652.3606875353, "device_end": 2253652.360930255}, "cmdq": 0, "read": {"device_start": -1, "device_end": -1}}, "FFC_sans_bias34": {"write": {"device_start": 1585585812.73026, "host_queued_start": 1585585878.121189, "device_queued": 1585585812.7264147, "device_end": 1585585812.7302902, "host_queued_end": 1585585878.122346}, "device": "gpu", "nd_range": {"device_start": 1585585812.7302942, "device_end": 1585585812.7311387}, "cmdq": 0, "read": {"device_start": 1585585812.7311487, "device_end": 1585585812.7311718}}, "FFC_sans_bias15": {"write": {"device_start": -1, "host_queued_start": 1585585878.138687, "device_queued": -1, "device_end": -1, "host_queued_end": 1585585878.142088}, "device": "cpu", "nd_range": {"device_start": 2253652.385282235, "device_end": 2253652.3967178413}, "cmdq": 1, "read": {"device_start": -1, "device_end": -1}}, "FFC_sans_bias31": {"write": {"device_start": -1, "host_queued_start": 1585585878.118605, "device_queued": -1, "device_end": -1, "host_queued_end": 1585585878.122346}, "device": "gpu", "nd_range": {"device_start": 1585585812.728398, "device_end": 1585585812.7290046}, "cmdq": 0, "read": {"device_start": -1, "device_end": -1}}, "FFC_sans_bias16": {"write": {"device_start": -1, "host_queued_start": 1585585878.141058, "device_queued": -1, "device_end": -1, "host_queued_end": 1585585878.142088}, "device": "cpu", "nd_range": {"device_start": 2253652.396841492, "device_end": 2253652.4051428232}, "cmdq": 1, "read": {"device_start": -1, "device_end": -1}}, "FFC_sans_bias19": {"write": {"device_start": -1, "host_queued_start": 1585585878.134085, "device_queued": -1, "device_end": -1, "host_queued_end": 1585585878.142088}, "device": "cpu", "nd_range": {"device_start": 2253652.362807676, "device_end": 2253652.374359428}, "cmdq": 1, "read": {"device_start": -1, "device_end": -1}}, "FFC_sans_bias18": {"write": {"device_start": -1, "host_queued_start": 1585585878.133031, "device_queued": -1, "device_end": -1, "host_queued_end": 1585585878.142088}, "device": "cpu", "nd_range": {"device_start": 2253652.350597041, "device_end": 2253652.360575601}, "cmdq": 0, "read": {"device_start": -1, "device_end": -1}}, "coalesced_transpose30": {"write": {"device_start": -1, "host_queued_start": 1585585878.117974, "device_queued": -1, "device_end": -1, "host_queued_end": 1585585878.122346}, "device": "gpu", "nd_range": {"device_start": 1585585812.728064, "device_end": 1585585812.7283971}, "cmdq": 0, "read": {"device_start": -1, "device_end": -1}}, "FFC_sans_bias38": {"write": {"device_start": 1585585812.7276545, "host_queued_start": 1585585878.11765, "device_queued": 1585585812.7259471, "device_end": 1585585812.7276866, "host_queued_end": 1585585878.122346}, "device": "gpu", "nd_range": {"device_start": 1585585812.7276893, "device_end": 1585585812.7285519}, "cmdq": 1, "read": {"device_start": -1, "device_end": -1}}, "empty26": {"write": {"device_start": -1, "host_queued_start": 1585585878.125591, "device_queued": -1, "device_end": -1, "host_queued_end": 1585585878.142088}, "device": "cpu", "nd_range": {"device_start": 2253652.331681915, "device_end": 2253652.331694905}, "cmdq": 2, "read": {"device_start": -1, "device_end": -1}}, "coalesced_transpose12": {"write": {"device_start": -1, "host_queued_start": 1585585878.135824, "device_queued": -1, "device_end": -1, "host_queued_end": 1585585878.142088}, "device": "cpu", "nd_range": {"device_start": 2253652.3743676203, "device_end": 2253652.374618336}, "cmdq": 1, "read": {"device_start": -1, "device_end": -1}}, "empty44": {"write": {"device_start": 1585585812.7254126, "host_queued_start": 1585585878.111394, "device_queued": 1585585812.72528, "device_end": 1585585812.7254727, "host_queued_end": 1585585878.122346}, "device": "gpu", "nd_range": {"device_start": 1585585812.7254765, "device_end": 1585585812.7254815}, "cmdq": 1, "read": {"device_start": -1, "device_end": -1}}, "coalesced_transpose21": {"write": {"device_start": -1, "host_queued_start": 1585585878.136144, "device_queued": -1, "device_end": -1, "host_queued_end": 1585585878.142088}, "device": "cpu", "nd_range": {"device_start": 2253652.383916058, "device_end": 2253652.3843030334}, "cmdq": 2, "read": {"device_start": -1, "device_end": -1}}, "FFC_sans_bias36": {"write": {"device_start": 1585585812.7266667, "host_queued_start": 1585585878.11558, "device_queued": 1585585812.7257555, "device_end": 1585585812.7266986, "host_queued_end": 1585585878.122346}, "device": "gpu", "nd_range": {"device_start": 1585585812.726704, "device_end": 1585585812.7275586}, "cmdq": 1, "read": {"device_start": -1, "device_end": -1}}, "softmax14": {"write": {"device_start": -1, "host_queued_start": 1585585878.137707, "device_queued": -1, "device_end": -1, "host_queued_end": 1585585878.142088}, "device": "cpu", "nd_range": {"device_start": 2253652.3840503893, "device_end": 2253652.385163676}, "cmdq": 1, "read": {"device_start": -1, "device_end": -1}}, "FFC_sans_bias13": {"write": {"device_start": -1, "host_queued_start": 1585585878.136821, "device_queued": -1, "device_end": -1, "host_queued_end": 1585585878.142088}, "device": "cpu", "nd_range": {"device_start": 2253652.374750994, "device_end": 2253652.38402544}, "cmdq": 1, "read": {"device_start": -1, "device_end": -1}}, "empty8": {"write": {"device_start": -1, "host_queued_start": 1585585878.123682, "device_queued": -1, "device_end": -1, "host_queued_end": 1585585878.142088}, "device": "cpu", "nd_range": {"device_start": 2253652.331681976, "device_end": 2253652.331694867}, "cmdq": 0, "read": {"device_start": -1, "device_end": -1}}, "FFC_sans_bias42": {"write": {"device_start": -1, "host_queued_start": 1585585878.120182, "device_queued": -1, "device_end": -1, "host_queued_end": 1585585878.122346}, "device": "gpu", "nd_range": {"device_start": 1585585812.7298265, "device_end": 1585585812.7305722}, "cmdq": 1, "read": {"device_start": -1, "device_end": -1}}, "FFC_sans_bias43": {"write": {"device_start": 1585585812.730673, "host_queued_start": 1585585878.122245, "device_queued": 1585585812.7265391, "device_end": 1585585812.7307029, "host_queued_end": 1585585878.122346}, "device": "gpu", "nd_range": {"device_start": 1585585812.7307057, "device_end": 1585585812.731539}, "cmdq": 1, "read": {"device_start": 1585585812.7315476, "device_end": 1585585812.7315705}}, "FFC_sans_bias40": {"write": {"device_start": -1, "host_queued_start": 1585585878.118924, "device_queued": -1, "device_end": -1, "host_queued_end": 1585585878.122346}, "device": "gpu", "nd_range": {"device_start": 1585585812.7288935, "device_end": 1585585812.729503}, "cmdq": 1, "read": {"device_start": -1, "device_end": -1}}, "softmax32": {"write": {"device_start": -1, "host_queued_start": 1585585878.11917, "device_queued": -1, "device_end": -1, "host_queued_end": 1585585878.122346}, "device": "gpu", "nd_range": {"device_start": 1585585812.7290056, "device_end": 1585585812.7295585}, "cmdq": 0, "read": {"device_start": -1, "device_end": -1}}, "FFC_sans_bias33": {"write": {"device_start": -1, "host_queued_start": 1585585878.119869, "device_queued": -1, "device_end": -1, "host_queued_end": 1585585878.122346}, "device": "gpu", "nd_range": {"device_start": 1585585812.7295597, "device_end": 1585585812.7301636}, "cmdq": 0, "read": {"device_start": -1, "device_end": -1}}, "FFC_sans_bias24": {"write": {"device_start": -1, "host_queued_start": 1585585878.139028, "device_queued": -1, "device_end": -1, "host_queued_end": 1585585878.142088}, "device": "cpu", "nd_range": {"device_start": 2253652.40060963, "device_end": 2253652.405760283}, "cmdq": 2, "read": {"device_start": -1, "device_end": -1}}, "FFC_sans_bias25": {"write": {"device_start": -1, "host_queued_start": 1585585878.142045, "device_queued": -1, "device_end": -1, "host_queued_end": 1585585878.142088}, "device": "cpu", "nd_range": {"device_start": 2253652.405767612, "device_end": 2253652.409703543}, "cmdq": 2, "read": {"device_start": -1, "device_end": -1}}, "FFC_sans_bias27": {"write": {"device_start": 1585585812.725508, "host_queued_start": 1585585878.112396, "device_queued": 1585585812.7253258, "device_end": 1585585812.7255337, "host_queued_end": 1585585878.122346}, "device": "gpu", "nd_range": {"device_start": 1585585812.725542, "device_end": 1585585812.7261457}, "cmdq": 0, "read": {"device_start": -1, "device_end": -1}}, "FFC_sans_bias20": {"write": {"device_start": -1, "host_queued_start": 1585585878.135169, "device_queued": -1, "device_end": -1, "host_queued_end": 1585585878.142088}, "device": "cpu", "nd_range": {"device_start": 2253652.36019105, "device_end": 2253652.379844612}, "cmdq": 2, "read": {"device_start": -1, "device_end": -1}}, "FFC_sans_bias22": {"write": {"device_start": -1, "host_queued_start": 1585585878.137163, "device_queued": -1, "device_end": -1, "host_queued_end": 1585585878.142088}, "device": "cpu", "nd_range": {"device_start": 2253652.384441939, "device_end": 2253652.40038185}, "cmdq": 2, "read": {"device_start": -1, "device_end": -1}}, "softmax5": {"write": {"device_start": -1, "host_queued_start": 1585585878.137437, "device_queued": -1, "device_end": -1, "host_queued_end": 1585585878.142088}, "device": "cpu", "nd_range": {"device_start": 2253652.370564807, "device_end": 2253652.370780507}, "cmdq": 0, "read": {"device_start": -1, "device_end": -1}}, "FFC_sans_bias28": {"write": {"device_start": 1585585812.7256706, "host_queued_start": 1585585878.113436, "device_queued": 1585585812.7255645, "device_end": 1585585812.7257001, "host_queued_end": 1585585878.122346}, "device": "gpu", "nd_range": {"device_start": 1585585812.7257037, "device_end": 1585585812.7265515}, "cmdq": 1, "read": {"device_start": -1, "device_end": -1}}, "FFC_sans_bias29": {"write": {"device_start": 1585585812.7262664, "host_queued_start": 1585585878.114489, "device_queued": 1585585812.7256138, "device_end": 1585585812.7262976, "host_queued_end": 1585585878.122346}, "device": "gpu", "nd_range": {"device_start": 1585585812.7263005, "device_end": 1585585812.727117}, "cmdq": 0, "read": {"device_start": -1, "device_end": -1}}, "empty17": {"write": {"device_start": -1, "host_queued_start": 1585585878.124675, "device_queued": -1, "device_end": -1, "host_queued_end": 1585585878.142088}, "device": "cpu", "nd_range": {"device_start": 2253652.331727248, "device_end": 2253652.331733279}, "cmdq": 1, "read": {"device_start": -1, "device_end": -1}}, "empty35": {"write": {"device_start": 1585585812.7253084, "host_queued_start": 1585585878.110327, "device_queued": 1585585812.7251859, "device_end": 1585585812.7253642, "host_queued_end": 1585585878.122346}, "device": "gpu", "nd_range": {"device_start": 1585585812.7253716, "device_end": 1585585812.7253788}, "cmdq": 0, "read": {"device_start": -1, "device_end": -1}}}