{"FFC_sans_bias4": {"write": {"device_start": -1, "host_queued_start": 1585585986.485058, "device_queued": -1, "device_end": -1, "host_queued_end": 1585585986.486796}, "device": "cpu", "nd_range": {"device_start": 2253760.6882625204, "device_end": 2253760.695511217}, "cmdq": 0, "read": {"device_start": -1, "device_end": -1}}, "FFC_sans_bias7": {"write": {"device_start": -1, "host_queued_start": 1585585986.486749, "device_queued": -1, "device_end": -1, "host_queued_end": 1585585986.486796}, "device": "cpu", "nd_range": {"device_start": 2253760.699782413, "device_end": 2253760.7047756733}, "cmdq": 3, "read": {"device_start": -1, "device_end": -1}}, "FFC_sans_bias6": {"write": {"device_start": -1, "host_queued_start": 1585585986.485672, "device_queued": -1, "device_end": -1, "host_queued_end": 1585585986.486796}, "device": "cpu", "nd_range": {"device_start": 2253760.6958109573, "device_end": 2253760.699766137}, "cmdq": 2, "read": {"device_start": -1, "device_end": -1}}, "FFC_sans_bias1": {"write": {"device_start": -1, "host_queued_start": 1585585986.482895, "device_queued": -1, "device_end": -1, "host_queued_end": 1585585986.486796}, "device": "cpu", "nd_range": {"device_start": 2253760.6763854893, "device_end": 2253760.688049699}, "cmdq": 2, "read": {"device_start": -1, "device_end": -1}}, "FFC_sans_bias0": {"write": {"device_start": -1, "host_queued_start": 1585585986.481493, "device_queued": -1, "device_end": -1, "host_queued_end": 1585585986.486796}, "device": "cpu", "nd_range": {"device_start": 2253760.676374388, "device_end": 2253760.688108052}, "cmdq": 1, "read": {"device_start": -1, "device_end": -1}}, "FFC_sans_bias2": {"write": {"device_start": -1, "host_queued_start": 1585585986.484144, "device_queued": -1, "device_end": -1, "host_queued_end": 1585585986.486796}, "device": "cpu", "nd_range": {"device_start": 2253760.676436365, "device_end": 2253760.684115534}, "cmdq": 3, "read": {"device_start": -1, "device_end": -1}}, "FFC_sans_bias9": {"write": {"device_start": 1585585921.0792713, "host_queued_start": 1585585986.458064, "device_queued": 1585585921.079168, "device_end": 1585585921.0793474, "host_queued_end": 1585585986.478814}, "device": "gpu", "nd_range": {"device_start": 1585585921.0793514, "device_end": 1585585921.0799575}, "cmdq": 1, "read": {"device_start": -1, "device_end": -1}}, "coalesced_transpose39": {"write": {"device_start": -1, "host_queued_start": 1585585986.470978, "device_queued": -1, "device_end": -1, "host_queued_end": 1585585986.478814}, "device": "gpu", "nd_range": {"device_start": 1585585921.085269, "device_end": 1585585921.085288}, "cmdq": 1, "read": {"device_start": -1, "device_end": -1}}, "softmax23": {"write": {"device_start": -1, "host_queued_start": 1585585986.472761, "device_queued": -1, "device_end": -1, "host_queued_end": 1585585986.478814}, "device": "gpu", "nd_range": {"device_start": 1585585921.0870543, "device_end": 1585585921.0874588}, "cmdq": 1, "read": {"device_start": -1, "device_end": -1}}, "FFC_sans_bias37": {"write": {"device_start": 1585585921.0838602, "host_queued_start": 1585585986.468683, "device_queued": 1585585921.0801291, "device_end": 1585585921.083915, "host_queued_end": 1585585986.478814}, "device": "gpu", "nd_range": {"device_start": 1585585921.0839226, "device_end": 1585585921.084861}, "cmdq": 2, "read": {"device_start": -1, "device_end": -1}}, "softmax41": {"write": {"device_start": -1, "host_queued_start": 1585585986.473292, "device_queued": -1, "device_end": -1, "host_queued_end": 1585585986.478814}, "device": "gpu", "nd_range": {"device_start": 1585585921.087511, "device_end": 1585585921.0878801}, "cmdq": 0, "read": {"device_start": -1, "device_end": -1}}, "FFC_sans_bias11": {"write": {"device_start": 1585585921.0794623, "host_queued_start": 1585585986.460167, "device_queued": 1585585921.0793643, "device_end": 1585585921.0794942, "host_queued_end": 1585585986.478814}, "device": "gpu", "nd_range": {"device_start": 1585585921.079499, "device_end": 1585585921.0809305}, "cmdq": 0, "read": {"device_start": -1, "device_end": -1}}, "FFC_sans_bias10": {"write": {"device_start": 1585585921.0793595, "host_queued_start": 1585585986.459129, "device_queued": 1585585921.0791943, "device_end": 1585585921.0794153, "host_queued_end": 1585585986.478814}, "device": "gpu", "nd_range": {"device_start": 1585585921.079419, "device_end": 1585585921.080359}, "cmdq": 2, "read": {"device_start": -1, "device_end": -1}}, "coalesced_transpose3": {"write": {"device_start": -1, "host_queued_start": 1585585986.484652, "device_queued": -1, "device_end": -1, "host_queued_end": 1585585986.486796}, "device": "cpu", "nd_range": {"device_start": 2253760.6880721212, "device_end": 2253760.6882450543}, "cmdq": 4, "read": {"device_start": -1, "device_end": -1}}, "FFC_sans_bias34": {"write": {"device_start": 1585585921.098156, "host_queued_start": 1585585986.477664, "device_queued": 1585585921.0814323, "device_end": 1585585921.0981817, "host_queued_end": 1585585986.478814}, "device": "gpu", "nd_range": {"device_start": 1585585921.0981896, "device_end": 1585585921.099583}, "cmdq": 1, "read": {"device_start": 1585585921.0995855, "device_end": 1585585921.0996082}}, "FFC_sans_bias15": {"write": {"device_start": -1, "host_queued_start": 1585585986.473603, "device_queued": -1, "device_end": -1, "host_queued_end": 1585585986.478814}, "device": "gpu", "nd_range": {"device_start": 1585585921.0875194, "device_end": 1585585921.0881195}, "cmdq": 1, "read": {"device_start": -1, "device_end": -1}}, "FFC_sans_bias31": {"write": {"device_start": -1, "host_queued_start": 1585585986.471934, "device_queued": -1, "device_end": -1, "host_queued_end": 1585585986.478814}, "device": "gpu", "nd_range": {"device_start": 1585585921.0854723, "device_end": 1585585921.0870476}, "cmdq": 1, "read": {"device_start": -1, "device_end": -1}}, "FFC_sans_bias16": {"write": {"device_start": 1585585921.0979328, "host_queued_start": 1585585986.475584, "device_queued": 1585585921.0811973, "device_end": 1585585921.0979867, "host_queued_end": 1585585986.478814}, "device": "gpu", "nd_range": {"device_start": 1585585921.097995, "device_end": 1585585921.0986066}, "cmdq": 2, "read": {"device_start": 1585585921.098608, "device_end": 1585585921.0986314}}, "FFC_sans_bias19": {"write": {"device_start": 1585585921.08048, "host_queued_start": 1585585986.462221, "device_queued": 1585585921.07946, "device_end": 1585585921.0805104, "host_queued_end": 1585585986.478814}, "device": "gpu", "nd_range": {"device_start": 1585585921.0805151, "device_end": 1585585921.0818906}, "cmdq": 2, "read": {"device_start": -1, "device_end": -1}}, "FFC_sans_bias18": {"write": {"device_start": 1585585921.080073, "host_queued_start": 1585585986.461193, "device_queued": 1585585921.0794141, "device_end": 1585585921.0800977, "host_queued_end": 1585585986.478814}, "device": "gpu", "nd_range": {"device_start": 1585585921.0801022, "device_end": 1585585921.0813546}, "cmdq": 1, "read": {"device_start": -1, "device_end": -1}}, "coalesced_transpose30": {"write": {"device_start": -1, "host_queued_start": 1585585986.470681, "device_queued": -1, "device_end": -1, "host_queued_end": 1585585986.478814}, "device": "gpu", "nd_range": {"device_start": 1585585921.0854402, "device_end": 1585585921.085455}, "cmdq": 0, "read": {"device_start": -1, "device_end": -1}}, "FFC_sans_bias38": {"write": {"device_start": 1585585921.0839715, "host_queued_start": 1585585986.469723, "device_queued": 1585585921.0802867, "device_end": 1585585921.0840025, "host_queued_end": 1585585986.478814}, "device": "gpu", "nd_range": {"device_start": 1585585921.0840063, "device_end": 1585585921.085435}, "cmdq": 0, "read": {"device_start": -1, "device_end": -1}}, "empty26": {"write": {"device_start": 1585585921.0789268, "host_queued_start": 1585585986.455416, "device_queued": 1585585921.0788095, "device_end": 1585585921.0790057, "host_queued_end": 1585585986.478814}, "device": "gpu", "nd_range": {"device_start": 1585585921.0790114, "device_end": 1585585921.0790174}, "cmdq": 1, "read": {"device_start": -1, "device_end": -1}}, "coalesced_transpose12": {"write": {"device_start": -1, "host_queued_start": 1585585986.470045, "device_queued": -1, "device_end": -1, "host_queued_end": 1585585986.478814}, "device": "gpu", "nd_range": {"device_start": 1585585921.0844624, "device_end": 1585585921.0852628}, "cmdq": 1, "read": {"device_start": -1, "device_end": -1}}, "empty44": {"write": {"device_start": 1585585921.079118, "host_queued_start": 1585585986.457098, "device_queued": 1585585921.0789692, "device_end": 1585585921.0791435, "host_queued_end": 1585585986.478814}, "device": "gpu", "nd_range": {"device_start": 1585585921.0791478, "device_end": 1585585921.0791514}, "cmdq": 0, "read": {"device_start": -1, "device_end": -1}}, "coalesced_transpose21": {"write": {"device_start": -1, "host_queued_start": 1585585986.470353, "device_queued": -1, "device_end": -1, "host_queued_end": 1585585986.478814}, "device": "gpu", "nd_range": {"device_start": 1585585921.084862, "device_end": 1585585921.0852716}, "cmdq": 2, "read": {"device_start": -1, "device_end": -1}}, "FFC_sans_bias36": {"write": {"device_start": 1585585921.0837755, "host_queued_start": 1585585986.467651, "device_queued": 1585585921.080088, "device_end": 1585585921.0838432, "host_queued_end": 1585585986.478814}, "device": "gpu", "nd_range": {"device_start": 1585585921.0838554, "device_end": 1585585921.0844612}, "cmdq": 1, "read": {"device_start": -1, "device_end": -1}}, "softmax14": {"write": {"device_start": -1, "host_queued_start": 1585585986.472516, "device_queued": -1, "device_end": -1, "host_queued_end": 1585585986.478814}, "device": "gpu", "nd_range": {"device_start": 1585585921.0864697, "device_end": 1585585921.087505}, "cmdq": 0, "read": {"device_start": -1, "device_end": -1}}, "FFC_sans_bias13": {"write": {"device_start": -1, "host_queued_start": 1585585986.471301, "device_queued": -1, "device_end": -1, "host_queued_end": 1585585986.478814}, "device": "gpu", "nd_range": {"device_start": 1585585921.0854514, "device_end": 1585585921.0860586}, "cmdq": 2, "read": {"device_start": -1, "device_end": -1}}, "empty8": {"write": {"device_start": -1, "host_queued_start": 1585585986.480291, "device_queued": -1, "device_end": -1, "host_queued_end": 1585585986.486796}, "device": "cpu", "nd_range": {"device_start": 2253760.676355654, "device_end": 2253760.676363796}, "cmdq": 0, "read": {"device_start": -1, "device_end": -1}}, "FFC_sans_bias42": {"write": {"device_start": -1, "host_queued_start": 1585585986.47454, "device_queued": -1, "device_end": -1, "host_queued_end": 1585585986.478814}, "device": "gpu", "nd_range": {"device_start": 1585585921.088125, "device_end": 1585585921.0895147}, "cmdq": 1, "read": {"device_start": -1, "device_end": -1}}, "FFC_sans_bias43": {"write": {"device_start": 1585585921.0987787, "host_queued_start": 1585585986.478715, "device_queued": 1585585921.0816512, "device_end": 1585585921.0988033, "host_queued_end": 1585585986.478814}, "device": "gpu", "nd_range": {"device_start": 1585585921.0988128, "device_end": 1585585921.0999792}, "cmdq": 2, "read": {"device_start": 1585585921.0999892, "device_end": 1585585921.100012}}, "FFC_sans_bias40": {"write": {"device_start": -1, "host_queued_start": 1585585986.472273, "device_queued": -1, "device_end": -1, "host_queued_end": 1585585986.478814}, "device": "gpu", "nd_range": {"device_start": 1585585921.0860653, "device_end": 1585585921.0874498}, "cmdq": 2, "read": {"device_start": -1, "device_end": -1}}, "softmax32": {"write": {"device_start": -1, "host_queued_start": 1585585986.473043, "device_queued": -1, "device_end": -1, "host_queued_end": 1585585986.478814}, "device": "gpu", "nd_range": {"device_start": 1585585921.0874565, "device_end": 1585585921.0877862}, "cmdq": 2, "read": {"device_start": -1, "device_end": -1}}, "FFC_sans_bias33": {"write": {"device_start": -1, "host_queued_start": 1585585986.474231, "device_queued": -1, "device_end": -1, "host_queued_end": 1585585986.478814}, "device": "gpu", "nd_range": {"device_start": 1585585921.0878859, "device_end": 1585585921.0890827}, "cmdq": 0, "read": {"device_start": -1, "device_end": -1}}, "FFC_sans_bias24": {"write": {"device_start": -1, "host_queued_start": 1585585986.473921, "device_queued": -1, "device_end": -1, "host_queued_end": 1585585986.478814}, "device": "gpu", "nd_range": {"device_start": 1585585921.0877914, "device_end": 1585585921.088532}, "cmdq": 2, "read": {"device_start": -1, "device_end": -1}}, "FFC_sans_bias25": {"write": {"device_start": 1585585921.0980227, "host_queued_start": 1585585986.476626, "device_queued": 1585585921.0813751, "device_end": 1585585921.0980647, "host_queued_end": 1585585986.478814}, "device": "gpu", "nd_range": {"device_start": 1585585921.0980742, "device_end": 1585585921.0990086}, "cmdq": 0, "read": {"device_start": 1585585921.0990205, "device_end": 1585585921.099043}}, "FFC_sans_bias27": {"write": {"device_start": 1585585921.0814838, "host_queued_start": 1585585986.464351, "device_queued": 1585585921.0797975, "device_end": 1585585921.081516, "host_queued_end": 1585585986.478814}, "device": "gpu", "nd_range": {"device_start": 1585585921.0815203, "device_end": 1585585921.0828376}, "cmdq": 1, "read": {"device_start": -1, "device_end": -1}}, "FFC_sans_bias20": {"write": {"device_start": 1585585921.08103, "host_queued_start": 1585585986.463294, "device_queued": 1585585921.0796545, "device_end": 1585585921.0810618, "host_queued_end": 1585585986.478814}, "device": "gpu", "nd_range": {"device_start": 1585585921.081067, "device_end": 1585585921.0823455}, "cmdq": 0, "read": {"device_start": -1, "device_end": -1}}, "FFC_sans_bias22": {"write": {"device_start": -1, "host_queued_start": 1585585986.471617, "device_queued": -1, "device_end": -1, "host_queued_end": 1585585986.478814}, "device": "gpu", "nd_range": {"device_start": 1585585921.0854626, "device_end": 1585585921.0864615}, "cmdq": 0, "read": {"device_start": -1, "device_end": -1}}, "softmax5": {"write": {"device_start": -1, "host_queued_start": 1585585986.485336, "device_queued": -1, "device_end": -1, "host_queued_end": 1585585986.486796}, "device": "cpu", "nd_range": {"device_start": 2253760.695529508, "device_end": 2253760.695662956}, "cmdq": 1, "read": {"device_start": -1, "device_end": -1}}, "FFC_sans_bias28": {"write": {"device_start": 1585585921.0819967, "host_queued_start": 1585585986.465396, "device_queued": 1585585921.0798247, "device_end": 1585585921.0820286, "host_queued_end": 1585585986.478814}, "device": "gpu", "nd_range": {"device_start": 1585585921.0820346, "device_end": 1585585921.08332}, "cmdq": 2, "read": {"device_start": -1, "device_end": -1}}, "FFC_sans_bias29": {"write": {"device_start": 1585585921.082471, "host_queued_start": 1585585986.466428, "device_queued": 1585585921.0800292, "device_end": 1585585921.082503, "host_queued_end": 1585585986.478814}, "device": "gpu", "nd_range": {"device_start": 1585585921.0825102, "device_end": 1585585921.0837939}, "cmdq": 0, "read": {"device_start": -1, "device_end": -1}}, "empty17": {"write": {"device_start": 1585585921.0788214, "host_queued_start": 1585585986.454333, "device_queued": 1585585921.078691, "device_end": 1585585921.0788696, "host_queued_end": 1585585986.478814}, "device": "gpu", "nd_range": {"device_start": 1585585921.0788813, "device_end": 1585585921.0788867}, "cmdq": 0, "read": {"device_start": -1, "device_end": -1}}, "empty35": {"write": {"device_start": 1585585921.0790317, "host_queued_start": 1585585986.456259, "device_queued": 1585585921.0788438, "device_end": 1585585921.079095, "host_queued_end": 1585585986.478814}, "device": "gpu", "nd_range": {"device_start": 1585585921.0791008, "device_end": 1585585921.079106}, "cmdq": 2, "read": {"device_start": -1, "device_end": -1}}}