{"FFC_sans_bias4": {"write": {"device_start": -1, "host_queued_start": 1585586078.58809, "device_queued": -1, "device_end": -1, "host_queued_end": 1585586078.597627}, "device": "cpu", "nd_range": {"device_start": 2253852.864830911, "device_end": 2253852.881077519}, "cmdq": 0, "read": {"device_start": -1, "device_end": -1}}, "FFC_sans_bias7": {"write": {"device_start": -1, "host_queued_start": 1585586078.5936, "device_queued": -1, "device_end": -1, "host_queued_end": 1585586078.597627}, "device": "cpu", "nd_range": {"device_start": 2253852.903396532, "device_end": 2253852.9195728}, "cmdq": 0, "read": {"device_start": -1, "device_end": -1}}, "FFC_sans_bias6": {"write": {"device_start": -1, "host_queued_start": 1585586078.591191, "device_queued": -1, "device_end": -1, "host_queued_end": 1585586078.597627}, "device": "cpu", "nd_range": {"device_start": 2253852.8814704213, "device_end": 2253852.903387418}, "cmdq": 0, "read": {"device_start": -1, "device_end": -1}}, "FFC_sans_bias1": {"write": {"device_start": -1, "host_queued_start": 1585586078.572232, "device_queued": -1, "device_end": -1, "host_queued_end": 1585586078.597627}, "device": "cpu", "nd_range": {"device_start": 2253852.787288546, "device_end": 2253852.803388434}, "cmdq": 1, "read": {"device_start": -1, "device_end": -1}}, "FFC_sans_bias0": {"write": {"device_start": -1, "host_queued_start": 1585586078.571188, "device_queued": -1, "device_end": -1, "host_queued_end": 1585586078.597627}, "device": "cpu", "nd_range": {"device_start": 2253852.78728871, "device_end": 2253852.803590645}, "cmdq": 0, "read": {"device_start": -1, "device_end": -1}}, "FFC_sans_bias2": {"write": {"device_start": -1, "host_queued_start": 1585586078.573281, "device_queued": -1, "device_end": -1, "host_queued_end": 1585586078.597627}, "device": "cpu", "nd_range": {"device_start": 2253852.787321338, "device_end": 2253852.802692085}, "cmdq": 2, "read": {"device_start": -1, "device_end": -1}}, "FFC_sans_bias9": {"write": {"device_start": -1, "host_queued_start": 1585586078.574323, "device_queued": -1, "device_end": -1, "host_queued_end": 1585586078.597627}, "device": "cpu", "nd_range": {"device_start": 2253852.787783441, "device_end": 2253852.8029864524}, "cmdq": 3, "read": {"device_start": -1, "device_end": -1}}, "coalesced_transpose39": {"write": {"device_start": -1, "host_queued_start": 1585586078.587741, "device_queued": -1, "device_end": -1, "host_queued_end": 1585586078.597627}, "device": "cpu", "nd_range": {"device_start": 2253852.85237139, "device_end": 2253852.852631697}, "cmdq": 4, "read": {"device_start": -1, "device_end": -1}}, "softmax23": {"write": {"device_start": -1, "host_queued_start": 1585586078.590275, "device_queued": -1, "device_end": -1, "host_queued_end": 1585586078.597627}, "device": "cpu", "nd_range": {"device_start": 2253852.849135428, "device_end": 2253852.849368452}, "cmdq": 2, "read": {"device_start": -1, "device_end": -1}}, "FFC_sans_bias37": {"write": {"device_start": -1, "host_queued_start": 1585586078.584976, "device_queued": -1, "device_end": -1, "host_queued_end": 1585586078.597627}, "device": "cpu", "nd_range": {"device_start": 2253852.818429525, "device_end": 2253852.833679227}, "cmdq": 3, "read": {"device_start": -1, "device_end": -1}}, "softmax41": {"write": {"device_start": -1, "host_queued_start": 1585586078.59085, "device_queued": -1, "device_end": -1, "host_queued_end": 1585586078.597627}, "device": "cpu", "nd_range": {"device_start": 2253852.877582734, "device_end": 2253852.8777907593}, "cmdq": 4, "read": {"device_start": -1, "device_end": -1}}, "FFC_sans_bias11": {"write": {"device_start": -1, "host_queued_start": 1585586078.576446, "device_queued": -1, "device_end": -1, "host_queued_end": 1585586078.597627}, "device": "cpu", "nd_range": {"device_start": 2253852.8339063833, "device_end": 2253852.8491353053}, "cmdq": 0, "read": {"device_start": -1, "device_end": -1}}, "FFC_sans_bias10": {"write": {"device_start": -1, "host_queued_start": 1585586078.575394, "device_queued": -1, "device_end": -1, "host_queued_end": 1585586078.597627}, "device": "cpu", "nd_range": {"device_start": 2253852.803837688, "device_end": 2253852.820101697}, "cmdq": 4, "read": {"device_start": -1, "device_end": -1}}, "coalesced_transpose3": {"write": {"device_start": -1, "host_queued_start": 1585586078.586372, "device_queued": -1, "device_end": -1, "host_queued_end": 1585586078.597627}, "device": "cpu", "nd_range": {"device_start": 2253852.8645767113, "device_end": 2253852.864823765}, "cmdq": 0, "read": {"device_start": -1, "device_end": -1}}, "FFC_sans_bias34": {"write": {"device_start": -1, "host_queued_start": 1585586078.596592, "device_queued": -1, "device_end": -1, "host_queued_end": 1585586078.597627}, "device": "cpu", "nd_range": {"device_start": 2253852.909696062, "device_end": 2253852.9193375753}, "cmdq": 3, "read": {"device_start": -1, "device_end": -1}}, "FFC_sans_bias15": {"write": {"device_start": -1, "host_queued_start": 1585586078.591534, "device_queued": -1, "device_end": -1, "host_queued_end": 1585586078.597627}, "device": "cpu", "nd_range": {"device_start": 2253852.8753039753, "device_end": 2253852.890658575}, "cmdq": 1, "read": {"device_start": -1, "device_end": -1}}, "FFC_sans_bias31": {"write": {"device_start": -1, "host_queued_start": 1585586078.589115, "device_queued": -1, "device_end": -1, "host_queued_end": 1585586078.597627}, "device": "cpu", "nd_range": {"device_start": 2253852.880784225, "device_end": 2253852.8961453023}, "cmdq": 3, "read": {"device_start": -1, "device_end": -1}}, "FFC_sans_bias16": {"write": {"device_start": -1, "host_queued_start": 1585586078.594605, "device_queued": -1, "device_end": -1, "host_queued_end": 1585586078.597627}, "device": "cpu", "nd_range": {"device_start": 2253852.890667213, "device_end": 2253852.905799549}, "cmdq": 1, "read": {"device_start": -1, "device_end": -1}}, "FFC_sans_bias19": {"write": {"device_start": -1, "host_queued_start": 1585586078.578527, "device_queued": -1, "device_end": -1, "host_queued_end": 1585586078.597627}, "device": "cpu", "nd_range": {"device_start": 2253852.8028280484, "device_end": 2253852.8179712123}, "cmdq": 2, "read": {"device_start": -1, "device_end": -1}}, "FFC_sans_bias18": {"write": {"device_start": -1, "host_queued_start": 1585586078.577492, "device_queued": -1, "device_end": -1, "host_queued_end": 1585586078.597627}, "device": "cpu", "nd_range": {"device_start": 2253852.806236871, "device_end": 2253852.83113466}, "cmdq": 1, "read": {"device_start": -1, "device_end": -1}}, "coalesced_transpose30": {"write": {"device_start": -1, "host_queued_start": 1585586078.587411, "device_queued": -1, "device_end": -1, "host_queued_end": 1585586078.597627}, "device": "cpu", "nd_range": {"device_start": 2253852.880422331, "device_end": 2253852.880665615}, "cmdq": 3, "read": {"device_start": -1, "device_end": -1}}, "FFC_sans_bias38": {"write": {"device_start": -1, "host_queued_start": 1585586078.586034, "device_queued": -1, "device_end": -1, "host_queued_end": 1585586078.597627}, "device": "cpu", "nd_range": {"device_start": 2253852.83641572, "device_end": 2253852.852363591}, "cmdq": 4, "read": {"device_start": -1, "device_end": -1}}, "empty26": {"write": {"device_start": -1, "host_queued_start": 1585586078.568482, "device_queued": -1, "device_end": -1, "host_queued_end": 1585586078.597627}, "device": "cpu", "nd_range": {"device_start": 2253852.787298254, "device_end": 2253852.787303943}, "cmdq": 2, "read": {"device_start": -1, "device_end": -1}}, "coalesced_transpose12": {"write": {"device_start": -1, "host_queued_start": 1585586078.586734, "device_queued": -1, "device_end": -1, "host_queued_end": 1585586078.597627}, "device": "cpu", "nd_range": {"device_start": 2253852.85932306, "device_end": 2253852.859569331}, "cmdq": 1, "read": {"device_start": -1, "device_end": -1}}, "empty44": {"write": {"device_start": -1, "host_queued_start": 1585586078.570155, "device_queued": -1, "device_end": -1, "host_queued_end": 1585586078.597627}, "device": "cpu", "nd_range": {"device_start": 2253852.803721852, "device_end": 2253852.803724497}, "cmdq": 4, "read": {"device_start": -1, "device_end": -1}}, "coalesced_transpose21": {"write": {"device_start": -1, "host_queued_start": 1585586078.587081, "device_queued": -1, "device_end": -1, "host_queued_end": 1585586078.597627}, "device": "cpu", "nd_range": {"device_start": 2253852.833506051, "device_end": 2253852.833744162}, "cmdq": 2, "read": {"device_start": -1, "device_end": -1}}, "FFC_sans_bias36": {"write": {"device_start": -1, "host_queued_start": 1585586078.583935, "device_queued": -1, "device_end": -1, "host_queued_end": 1585586078.597627}, "device": "cpu", "nd_range": {"device_start": 2253852.818114609, "device_end": 2253852.833385495}, "cmdq": 2, "read": {"device_start": -1, "device_end": -1}}, "softmax14": {"write": {"device_start": -1, "host_queued_start": 1585586078.590006, "device_queued": -1, "device_end": -1, "host_queued_end": 1585586078.597627}, "device": "cpu", "nd_range": {"device_start": 2253852.8749827053, "device_end": 2253852.87519113}, "cmdq": 1, "read": {"device_start": -1, "device_end": -1}}, "FFC_sans_bias13": {"write": {"device_start": -1, "host_queued_start": 1585586078.588431, "device_queued": -1, "device_end": -1, "host_queued_end": 1585586078.597627}, "device": "cpu", "nd_range": {"device_start": 2253852.859682496, "device_end": 2253852.8748576823}, "cmdq": 1, "read": {"device_start": -1, "device_end": -1}}, "empty8": {"write": {"device_start": -1, "host_queued_start": 1585586078.566603, "device_queued": -1, "device_end": -1, "host_queued_end": 1585586078.597627}, "device": "cpu", "nd_range": {"device_start": 2253852.787255077, "device_end": 2253852.787266496}, "cmdq": 0, "read": {"device_start": -1, "device_end": -1}}, "FFC_sans_bias42": {"write": {"device_start": -1, "host_queued_start": 1585586078.592559, "device_queued": -1, "device_end": -1, "host_queued_end": 1585586078.597627}, "device": "cpu", "nd_range": {"device_start": 2253852.877903507, "device_end": 2253852.893509203}, "cmdq": 4, "read": {"device_start": -1, "device_end": -1}}, "FFC_sans_bias43": {"write": {"device_start": -1, "host_queued_start": 1585586078.597583, "device_queued": -1, "device_end": -1, "host_queued_end": 1585586078.597627}, "device": "cpu", "nd_range": {"device_start": 2253852.8936217953, "device_end": 2253852.910134523}, "cmdq": 4, "read": {"device_start": -1, "device_end": -1}}, "FFC_sans_bias40": {"write": {"device_start": -1, "host_queued_start": 1585586078.589455, "device_queued": -1, "device_end": -1, "host_queued_end": 1585586078.597627}, "device": "cpu", "nd_range": {"device_start": 2253852.852757945, "device_end": 2253852.8774578893}, "cmdq": 4, "read": {"device_start": -1, "device_end": -1}}, "softmax32": {"write": {"device_start": -1, "host_queued_start": 1585586078.590548, "device_queued": -1, "device_end": -1, "host_queued_end": 1585586078.597627}, "device": "cpu", "nd_range": {"device_start": 2253852.896152867, "device_end": 2253852.896361988}, "cmdq": 3, "read": {"device_start": -1, "device_end": -1}}, "FFC_sans_bias33": {"write": {"device_start": -1, "host_queued_start": 1585586078.59222, "device_queued": -1, "device_end": -1, "host_queued_end": 1585586078.597627}, "device": "cpu", "nd_range": {"device_start": 2253852.8963672454, "device_end": 2253852.909689697}, "cmdq": 3, "read": {"device_start": -1, "device_end": -1}}, "FFC_sans_bias24": {"write": {"device_start": -1, "host_queued_start": 1585586078.591875, "device_queued": -1, "device_end": -1, "host_queued_end": 1585586078.597627}, "device": "cpu", "nd_range": {"device_start": 2253852.849485171, "device_end": 2253852.86512259}, "cmdq": 2, "read": {"device_start": -1, "device_end": -1}}, "FFC_sans_bias25": {"write": {"device_start": -1, "host_queued_start": 1585586078.595603, "device_queued": -1, "device_end": -1, "host_queued_end": 1585586078.597627}, "device": "cpu", "nd_range": {"device_start": 2253852.865229711, "device_end": 2253852.880417343}, "cmdq": 2, "read": {"device_start": -1, "device_end": -1}}, "FFC_sans_bias27": {"write": {"device_start": -1, "host_queued_start": 1585586078.580782, "device_queued": -1, "device_end": -1, "host_queued_end": 1585586078.597627}, "device": "cpu", "nd_range": {"device_start": 2253852.8202231363, "device_end": 2253852.836293959}, "cmdq": 4, "read": {"device_start": -1, "device_end": -1}}, "FFC_sans_bias20": {"write": {"device_start": -1, "host_queued_start": 1585586078.579739, "device_queued": -1, "device_end": -1, "host_queued_end": 1585586078.597627}, "device": "cpu", "nd_range": {"device_start": 2253852.803108977, "device_end": 2253852.818310669}, "cmdq": 3, "read": {"device_start": -1, "device_end": -1}}, "FFC_sans_bias22": {"write": {"device_start": -1, "host_queued_start": 1585586078.588774, "device_queued": -1, "device_end": -1, "host_queued_end": 1585586078.597627}, "device": "cpu", "nd_range": {"device_start": 2253852.83375591, "device_end": 2253852.849001592}, "cmdq": 2, "read": {"device_start": -1, "device_end": -1}}, "softmax5": {"write": {"device_start": -1, "host_queued_start": 1585586078.589731, "device_queued": -1, "device_end": -1, "host_queued_end": 1585586078.597627}, "device": "cpu", "nd_range": {"device_start": 2253852.881085909, "device_end": 2253852.881464711}, "cmdq": 0, "read": {"device_start": -1, "device_end": -1}}, "FFC_sans_bias28": {"write": {"device_start": -1, "host_queued_start": 1585586078.58182, "device_queued": -1, "device_end": -1, "host_queued_end": 1585586078.597627}, "device": "cpu", "nd_range": {"device_start": 2253852.8492666273, "device_end": 2253852.864450462}, "cmdq": 0, "read": {"device_start": -1, "device_end": -1}}, "FFC_sans_bias29": {"write": {"device_start": -1, "host_queued_start": 1585586078.582895, "device_queued": -1, "device_end": -1, "host_queued_end": 1585586078.597627}, "device": "cpu", "nd_range": {"device_start": 2253852.836625941, "device_end": 2253852.85919494}, "cmdq": 1, "read": {"device_start": -1, "device_end": -1}}, "empty17": {"write": {"device_start": -1, "host_queued_start": 1585586078.567637, "device_queued": -1, "device_end": -1, "host_queued_end": 1585586078.597627}, "device": "cpu", "nd_range": {"device_start": 2253852.787255026, "device_end": 2253852.7872664602}, "cmdq": 1, "read": {"device_start": -1, "device_end": -1}}, "empty35": {"write": {"device_start": -1, "host_queued_start": 1585586078.569321, "device_queued": -1, "device_end": -1, "host_queued_end": 1585586078.597627}, "device": "cpu", "nd_range": {"device_start": 2253852.7875080863, "device_end": 2253852.7875116183}, "cmdq": 3, "read": {"device_start": -1, "device_end": -1}}}