{"FFC_sans_bias4": {"write": {"device_start": -1, "host_queued_start": 1585586446.74912, "device_queued": -1, "device_end": -1, "host_queued_end": 1585586446.760573}, "device": "cpu", "nd_range": {"device_start": 2254221.045435375, "device_end": 2254221.060320551}, "cmdq": 0, "read": {"device_start": -1, "device_end": -1}}, "FFC_sans_bias7": {"write": {"device_start": -1, "host_queued_start": 1585586446.755546, "device_queued": -1, "device_end": -1, "host_queued_end": 1585586446.760573}, "device": "cpu", "nd_range": {"device_start": 2254221.082673006, "device_end": 2254221.098028099}, "cmdq": 3, "read": {"device_start": -1, "device_end": -1}}, "FFC_sans_bias6": {"write": {"device_start": -1, "host_queued_start": 1585586446.752788, "device_queued": -1, "device_end": -1, "host_queued_end": 1585586446.760573}, "device": "cpu", "nd_range": {"device_start": 2254221.065435097, "device_end": 2254221.081541154}, "cmdq": 2, "read": {"device_start": -1, "device_end": -1}}, "FFC_sans_bias1": {"write": {"device_start": -1, "host_queued_start": 1585586446.729761, "device_queued": -1, "device_end": -1, "host_queued_end": 1585586446.760573}, "device": "cpu", "nd_range": {"device_start": 2254220.950642366, "device_end": 2254220.965984839}, "cmdq": 2, "read": {"device_start": -1, "device_end": -1}}, "FFC_sans_bias0": {"write": {"device_start": -1, "host_queued_start": 1585586446.728713, "device_queued": -1, "device_end": -1, "host_queued_end": 1585586446.760573}, "device": "cpu", "nd_range": {"device_start": 2254220.950221838, "device_end": 2254220.967477845}, "cmdq": 1, "read": {"device_start": -1, "device_end": -1}}, "FFC_sans_bias2": {"write": {"device_start": -1, "host_queued_start": 1585586446.730839, "device_queued": -1, "device_end": -1, "host_queued_end": 1585586446.760573}, "device": "cpu", "nd_range": {"device_start": 2254220.950235813, "device_end": 2254220.965559951}, "cmdq": 3, "read": {"device_start": -1, "device_end": -1}}, "FFC_sans_bias52": {"write": {"device_start": -1, "host_queued_start": 1585586446.760527, "device_queued": -1, "device_end": -1, "host_queued_end": 1585586446.760573}, "device": "cpu", "nd_range": {"device_start": 2254221.106740315, "device_end": 2254221.124914308}, "cmdq": 3, "read": {"device_start": -1, "device_end": -1}}, "FFC_sans_bias9": {"write": {"device_start": -1, "host_queued_start": 1585586446.731881, "device_queued": -1, "device_end": -1, "host_queued_end": 1585586446.760573}, "device": "cpu", "nd_range": {"device_start": 2254220.951761356, "device_end": 2254220.967272214}, "cmdq": 4, "read": {"device_start": -1, "device_end": -1}}, "coalesced_transpose39": {"write": {"device_start": -1, "host_queued_start": 1585586446.748445, "device_queued": -1, "device_end": -1, "host_queued_end": 1585586446.760573}, "device": "cpu", "nd_range": {"device_start": 2254221.0115796793, "device_end": 2254221.011822121}, "cmdq": 3, "read": {"device_start": -1, "device_end": -1}}, "FFC_sans_bias51": {"write": {"device_start": -1, "host_queued_start": 1585586446.754495, "device_queued": -1, "device_end": -1, "host_queued_end": 1585586446.760573}, "device": "cpu", "nd_range": {"device_start": 2254221.098100338, "device_end": 2254221.106725751}, "cmdq": 2, "read": {"device_start": -1, "device_end": -1}}, "softmax23": {"write": {"device_start": -1, "host_queued_start": 1585586446.751648, "device_queued": -1, "device_end": -1, "host_queued_end": 1585586446.760573}, "device": "cpu", "nd_range": {"device_start": 2254221.043262746, "device_end": 2254221.0434666523}, "cmdq": 3, "read": {"device_start": -1, "device_end": -1}}, "FFC_sans_bias37": {"write": {"device_start": -1, "host_queued_start": 1585586446.74241, "device_queued": -1, "device_end": -1, "host_queued_end": 1585586446.760573}, "device": "cpu", "nd_range": {"device_start": 2254220.98365925, "device_end": 2254220.999914994}, "cmdq": 4, "read": {"device_start": -1, "device_end": -1}}, "softmax41": {"write": {"device_start": -1, "host_queued_start": 1585586446.752195, "device_queued": -1, "device_end": -1, "host_queued_end": 1585586446.760573}, "device": "cpu", "nd_range": {"device_start": 2254221.069237263, "device_end": 2254221.069449548}, "cmdq": 0, "read": {"device_start": -1, "device_end": -1}}, "FFC_sans_bias11": {"write": {"device_start": -1, "host_queued_start": 1585586446.733982, "device_queued": -1, "device_end": -1, "host_queued_end": 1585586446.760573}, "device": "cpu", "nd_range": {"device_start": 2254221.000416975, "device_end": 2254221.0180109553}, "cmdq": 1, "read": {"device_start": -1, "device_end": -1}}, "FFC_sans_bias10": {"write": {"device_start": -1, "host_queued_start": 1585586446.732931, "device_queued": -1, "device_end": -1, "host_queued_end": 1585586446.760573}, "device": "cpu", "nd_range": {"device_start": 2254220.969344012, "device_end": 2254220.991309403}, "cmdq": 0, "read": {"device_start": -1, "device_end": -1}}, "coalesced_transpose3": {"write": {"device_start": -1, "host_queued_start": 1585586446.747112, "device_queued": -1, "device_end": -1, "host_queued_end": 1585586446.760573}, "device": "cpu", "nd_range": {"device_start": 2254221.000050118, "device_end": 2254221.000300413}, "cmdq": 4, "read": {"device_start": -1, "device_end": -1}}, "FFC_sans_bias34": {"write": {"device_start": -1, "host_queued_start": 1585586446.75852, "device_queued": -1, "device_end": -1, "host_queued_end": 1585586446.760573}, "device": "cpu", "nd_range": {"device_start": 2254221.108111041, "device_end": 2254221.124483962}, "cmdq": 1, "read": {"device_start": -1, "device_end": -1}}, "FFC_sans_bias15": {"write": {"device_start": -1, "host_queued_start": 1585586446.753118, "device_queued": -1, "device_end": -1, "host_queued_end": 1585586446.760573}, "device": "cpu", "nd_range": {"device_start": 2254221.066869073, "device_end": 2254221.082559791}, "cmdq": 3, "read": {"device_start": -1, "device_end": -1}}, "FFC_sans_bias31": {"write": {"device_start": -1, "host_queued_start": 1585586446.75014, "device_queued": -1, "device_end": -1, "host_queued_end": 1585586446.760573}, "device": "cpu", "nd_range": {"device_start": 2254221.025560028, "device_end": 2254221.037937974}, "cmdq": 3, "read": {"device_start": -1, "device_end": -1}}, "FFC_sans_bias16": {"write": {"device_start": -1, "host_queued_start": 1585586446.756536, "device_queued": -1, "device_end": -1, "host_queued_end": 1585586446.760573}, "device": "cpu", "nd_range": {"device_start": 2254221.098036623, "device_end": 2254221.110132726}, "cmdq": 4, "read": {"device_start": -1, "device_end": -1}}, "FFC_sans_bias19": {"write": {"device_start": -1, "host_queued_start": 1585586446.736097, "device_queued": -1, "device_end": -1, "host_queued_end": 1585586446.760573}, "device": "cpu", "nd_range": {"device_start": 2254220.965693043, "device_end": 2254220.9808409703}, "cmdq": 3, "read": {"device_start": -1, "device_end": -1}}, "FFC_sans_bias18": {"write": {"device_start": -1, "host_queued_start": 1585586446.73506, "device_queued": -1, "device_end": -1, "host_queued_end": 1585586446.760573}, "device": "cpu", "nd_range": {"device_start": 2254220.966108723, "device_end": 2254220.9813181693}, "cmdq": 2, "read": {"device_start": -1, "device_end": -1}}, "coalesced_transpose30": {"write": {"device_start": -1, "host_queued_start": 1585586446.748118, "device_queued": -1, "device_end": -1, "host_queued_end": 1585586446.760573}, "device": "cpu", "nd_range": {"device_start": 2254221.025190363, "device_end": 2254221.025433237}, "cmdq": 2, "read": {"device_start": -1, "device_end": -1}}, "FFC_sans_bias38": {"write": {"device_start": -1, "host_queued_start": 1585586446.743486, "device_queued": -1, "device_end": -1, "host_queued_end": 1585586446.760573}, "device": "cpu", "nd_range": {"device_start": 2254221.025973087, "device_end": 2254221.0449455823}, "cmdq": 0, "read": {"device_start": -1, "device_end": -1}}, "empty26": {"write": {"device_start": -1, "host_queued_start": 1585586446.72517, "device_queued": -1, "device_end": -1, "host_queued_end": 1585586446.760573}, "device": "cpu", "nd_range": {"device_start": 2254220.950441093, "device_end": 2254220.950444572}, "cmdq": 2, "read": {"device_start": -1, "device_end": -1}}, "coalesced_transpose12": {"write": {"device_start": -1, "host_queued_start": 1585586446.747456, "device_queued": -1, "device_end": -1, "host_queued_end": 1585586446.760573}, "device": "cpu", "nd_range": {"device_start": 2254221.045067129, "device_end": 2254221.045320224}, "cmdq": 0, "read": {"device_start": -1, "device_end": -1}}, "empty44": {"write": {"device_start": -1, "host_queued_start": 1585586446.726887, "device_queued": -1, "device_end": -1, "host_queued_end": 1585586446.760573}, "device": "cpu", "nd_range": {"device_start": 2254220.951743261, "device_end": 2254220.951747448}, "cmdq": 4, "read": {"device_start": -1, "device_end": -1}}, "coalesced_transpose21": {"write": {"device_start": -1, "host_queued_start": 1585586446.747788, "device_queued": -1, "device_end": -1, "host_queued_end": 1585586446.760573}, "device": "cpu", "nd_range": {"device_start": 2254221.0334171033, "device_end": 2254221.033667876}, "cmdq": 1, "read": {"device_start": -1, "device_end": -1}}, "FFC_sans_bias36": {"write": {"device_start": -1, "host_queued_start": 1585586446.741346, "device_queued": -1, "device_end": -1, "host_queued_end": 1585586446.760573}, "device": "cpu", "nd_range": {"device_start": 2254220.980972853, "device_end": 2254220.996136999}, "cmdq": 3, "read": {"device_start": -1, "device_end": -1}}, "softmax14": {"write": {"device_start": -1, "host_queued_start": 1585586446.751378, "device_queued": -1, "device_end": -1, "host_queued_end": 1585586446.760573}, "device": "cpu", "nd_range": {"device_start": 2254221.06033534, "device_end": 2254221.065422939}, "cmdq": 2, "read": {"device_start": -1, "device_end": -1}}, "FFC_sans_bias13": {"write": {"device_start": -1, "host_queued_start": 1585586446.74946, "device_queued": -1, "device_end": -1, "host_queued_end": 1585586446.760573}, "device": "cpu", "nd_range": {"device_start": 2254221.052346844, "device_end": 2254221.060320672}, "cmdq": 1, "read": {"device_start": -1, "device_end": -1}}, "empty8": {"write": {"device_start": -1, "host_queued_start": 1585586446.723248, "device_queued": -1, "device_end": -1, "host_queued_end": 1585586446.760573}, "device": "cpu", "nd_range": {"device_start": 2254220.950173981, "device_end": 2254220.9501874843}, "cmdq": 0, "read": {"device_start": -1, "device_end": -1}}, "FFC_sans_bias42": {"write": {"device_start": -1, "host_queued_start": 1585586446.754153, "device_queued": -1, "device_end": -1, "host_queued_end": 1585586446.760573}, "device": "cpu", "nd_range": {"device_start": 2254221.0818037554, "device_end": 2254221.1081034034}, "cmdq": 1, "read": {"device_start": -1, "device_end": -1}}, "FFC_sans_bias43": {"write": {"device_start": -1, "host_queued_start": 1585586446.75952, "device_queued": -1, "device_end": -1, "host_queued_end": 1585586446.760573}, "device": "cpu", "nd_range": {"device_start": 2254221.1099701864, "device_end": 2254221.118564852}, "cmdq": 2, "read": {"device_start": -1, "device_end": -1}}, "FFC_sans_bias40": {"write": {"device_start": -1, "host_queued_start": 1585586446.750481, "device_queued": -1, "device_end": -1, "host_queued_end": 1585586446.760573}, "device": "cpu", "nd_range": {"device_start": 2254221.012415238, "device_end": 2254221.020724535}, "cmdq": 4, "read": {"device_start": -1, "device_end": -1}}, "softmax32": {"write": {"device_start": -1, "host_queued_start": 1585586446.751924, "device_queued": -1, "device_end": -1, "host_queued_end": 1585586446.760573}, "device": "cpu", "nd_range": {"device_start": 2254221.040864144, "device_end": 2254221.041079538}, "cmdq": 4, "read": {"device_start": -1, "device_end": -1}}, "FFC_sans_bias47": {"write": {"device_start": -1, "host_queued_start": 1585586446.746659, "device_queued": -1, "device_end": -1, "host_queued_end": 1585586446.760573}, "device": "cpu", "nd_range": {"device_start": 2254220.996260783, "device_end": 2254221.011450605}, "cmdq": 3, "read": {"device_start": -1, "device_end": -1}}, "FFC_sans_bias45": {"write": {"device_start": -1, "host_queued_start": 1585586446.744532, "device_queued": -1, "device_end": -1, "host_queued_end": 1585586446.760573}, "device": "cpu", "nd_range": {"device_start": 2254221.02520613, "device_end": 2254221.033291756}, "cmdq": 1, "read": {"device_start": -1, "device_end": -1}}, "softmax50": {"write": {"device_start": -1, "host_queued_start": 1585586446.752463, "device_queued": -1, "device_end": -1, "host_queued_end": 1585586446.760573}, "device": "cpu", "nd_range": {"device_start": 2254221.0815570992, "device_end": 2254221.081793211}, "cmdq": 1, "read": {"device_start": -1, "device_end": -1}}, "FFC_sans_bias33": {"write": {"device_start": -1, "host_queued_start": 1585586446.753808, "device_queued": -1, "device_end": -1, "host_queued_end": 1585586446.760573}, "device": "cpu", "nd_range": {"device_start": 2254221.069457387, "device_end": 2254221.084771927}, "cmdq": 0, "read": {"device_start": -1, "device_end": -1}}, "FFC_sans_bias49": {"write": {"device_start": -1, "host_queued_start": 1585586446.750825, "device_queued": -1, "device_end": -1, "host_queued_end": 1585586446.760573}, "device": "cpu", "nd_range": {"device_start": 2254221.060455305, "device_end": 2254221.069224616}, "cmdq": 0, "read": {"device_start": -1, "device_end": -1}}, "FFC_sans_bias24": {"write": {"device_start": -1, "host_queued_start": 1585586446.753463, "device_queued": -1, "device_end": -1, "host_queued_end": 1585586446.760573}, "device": "cpu", "nd_range": {"device_start": 2254221.043577642, "device_end": 2254221.053240415}, "cmdq": 4, "read": {"device_start": -1, "device_end": -1}}, "FFC_sans_bias25": {"write": {"device_start": -1, "host_queued_start": 1585586446.757531, "device_queued": -1, "device_end": -1, "host_queued_end": 1585586446.760573}, "device": "cpu", "nd_range": {"device_start": 2254221.08477853, "device_end": 2254221.09994764}, "cmdq": 0, "read": {"device_start": -1, "device_end": -1}}, "FFC_sans_bias27": {"write": {"device_start": -1, "host_queued_start": 1585586446.73819, "device_queued": -1, "device_end": -1, "host_queued_end": 1585586446.760573}, "device": "cpu", "nd_range": {"device_start": 2254221.000081651, "device_end": 2254221.0208944213}, "cmdq": 0, "read": {"device_start": -1, "device_end": -1}}, "FFC_sans_bias20": {"write": {"device_start": -1, "host_queued_start": 1585586446.737145, "device_queued": -1, "device_end": -1, "host_queued_end": 1585586446.760573}, "device": "cpu", "nd_range": {"device_start": 2254220.967388493, "device_end": 2254220.983539856}, "cmdq": 4, "read": {"device_start": -1, "device_end": -1}}, "FFC_sans_bias22": {"write": {"device_start": -1, "host_queued_start": 1585586446.7498, "device_queued": -1, "device_end": -1, "host_queued_end": 1585586446.760573}, "device": "cpu", "nd_range": {"device_start": 2254221.033788076, "device_end": 2254221.043149033}, "cmdq": 2, "read": {"device_start": -1, "device_end": -1}}, "softmax5": {"write": {"device_start": -1, "host_queued_start": 1585586446.751105, "device_queued": -1, "device_end": -1, "host_queued_end": 1585586446.760573}, "device": "cpu", "nd_range": {"device_start": 2254221.060449146, "device_end": 2254221.064723969}, "cmdq": 1, "read": {"device_start": -1, "device_end": -1}}, "FFC_sans_bias28": {"write": {"device_start": -1, "host_queued_start": 1585586446.739258, "device_queued": -1, "device_end": -1, "host_queued_end": 1585586446.760573}, "device": "cpu", "nd_range": {"device_start": 2254221.018138425, "device_end": 2254221.025066616}, "cmdq": 1, "read": {"device_start": -1, "device_end": -1}}, "FFC_sans_bias29": {"write": {"device_start": -1, "host_queued_start": 1585586446.740309, "device_queued": -1, "device_end": -1, "host_queued_end": 1585586446.760573}, "device": "cpu", "nd_range": {"device_start": 2254220.9814382843, "device_end": 2254220.9966565273}, "cmdq": 2, "read": {"device_start": -1, "device_end": -1}}, "empty17": {"write": {"device_start": -1, "host_queued_start": 1585586446.724269, "device_queued": -1, "device_end": -1, "host_queued_end": 1585586446.760573}, "device": "cpu", "nd_range": {"device_start": 2254220.950214724, "device_end": 2254220.950215441}, "cmdq": 1, "read": {"device_start": -1, "device_end": -1}}, "empty35": {"write": {"device_start": -1, "host_queued_start": 1585586446.726011, "device_queued": -1, "device_end": -1, "host_queued_end": 1585586446.760573}, "device": "cpu", "nd_range": {"device_start": 2254220.950216407, "device_end": 2254220.950220352}, "cmdq": 3, "read": {"device_start": -1, "device_end": -1}}, "empty53": {"write": {"device_start": -1, "host_queued_start": 1585586446.727739, "device_queued": -1, "device_end": -1, "host_queued_end": 1585586446.760573}, "device": "cpu", "nd_range": {"device_start": 2254220.950208084, "device_end": 2254220.9502090663}, "cmdq": 0, "read": {"device_start": -1, "device_end": -1}}, "FFC_sans_bias46": {"write": {"device_start": -1, "host_queued_start": 1585586446.745581, "device_queued": -1, "device_end": -1, "host_queued_end": 1585586446.760573}, "device": "cpu", "nd_range": {"device_start": 2254220.996773914, "device_end": 2254221.011906416}, "cmdq": 2, "read": {"device_start": -1, "device_end": -1}}, "coalesced_transpose48": {"write": {"device_start": -1, "host_queued_start": 1585586446.748773, "device_queued": -1, "device_end": -1, "host_queued_end": 1585586446.760573}, "device": "cpu", "nd_range": {"device_start": 2254221.012065701, "device_end": 2254221.012299412}, "cmdq": 4, "read": {"device_start": -1, "device_end": -1}}}