{"FFC_sans_bias4": {"write": {"device_start": -1, "host_queued_start": 1585586452.248396, "device_queued": -1, "device_end": -1, "host_queued_end": 1585586452.250234}, "device": "cpu", "nd_range": {"device_start": 2254226.4529983723, "device_end": 2254226.456936606}, "cmdq": 0, "read": {"device_start": -1, "device_end": -1}}, "FFC_sans_bias7": {"write": {"device_start": -1, "host_queued_start": 1585586452.250187, "device_queued": -1, "device_end": -1, "host_queued_end": 1585586452.250234}, "device": "cpu", "nd_range": {"device_start": 2254226.461768539, "device_end": 2254226.466274848}, "cmdq": 0, "read": {"device_start": -1, "device_end": -1}}, "FFC_sans_bias6": {"write": {"device_start": -1, "host_queued_start": 1585586452.249119, "device_queued": -1, "device_end": -1, "host_queued_end": 1585586452.250234}, "device": "cpu", "nd_range": {"device_start": 2254226.4572311724, "device_end": 2254226.4617620152}, "cmdq": 0, "read": {"device_start": -1, "device_end": -1}}, "FFC_sans_bias1": {"write": {"device_start": -1, "host_queued_start": 1585586452.246351, "device_queued": -1, "device_end": -1, "host_queued_end": 1585586452.250234}, "device": "cpu", "nd_range": {"device_start": 2254226.443913524, "device_end": 2254226.448020469}, "cmdq": 0, "read": {"device_start": -1, "device_end": -1}}, "FFC_sans_bias0": {"write": {"device_start": -1, "host_queued_start": 1585586452.245045, "device_queued": -1, "device_end": -1, "host_queued_end": 1585586452.250234}, "device": "cpu", "nd_range": {"device_start": 2254226.43984367, "device_end": 2254226.443904121}, "cmdq": 0, "read": {"device_start": -1, "device_end": -1}}, "FFC_sans_bias2": {"write": {"device_start": -1, "host_queued_start": 1585586452.247671, "device_queued": -1, "device_end": -1, "host_queued_end": 1585586452.250234}, "device": "cpu", "nd_range": {"device_start": 2254226.448038026, "device_end": 2254226.4528405364}, "cmdq": 0, "read": {"device_start": -1, "device_end": -1}}, "FFC_sans_bias52": {"write": {"device_start": 1585586386.8438644, "host_queued_start": 1585586452.24206, "device_queued": 1585586386.8332791, "device_end": 1585586386.8438897, "host_queued_end": 1585586452.242166}, "device": "gpu", "nd_range": {"device_start": 1585586386.843898, "device_end": 1585586386.8456495}, "cmdq": 0, "read": {"device_start": 1585586386.8456528, "device_end": 1585586386.8456762}}, "FFC_sans_bias9": {"write": {"device_start": 1585586386.8302815, "host_queued_start": 1585586452.216045, "device_queued": 1585586386.8301284, "device_end": 1585586386.83036, "host_queued_end": 1585586452.242166}, "device": "gpu", "nd_range": {"device_start": 1585586386.8303843, "device_end": 1585586386.830989}, "cmdq": 1, "read": {"device_start": -1, "device_end": -1}}, "coalesced_transpose39": {"write": {"device_start": -1, "host_queued_start": 1585586452.232019, "device_queued": -1, "device_end": -1, "host_queued_end": 1585586452.242166}, "device": "gpu", "nd_range": {"device_start": 1585586386.8377333, "device_end": 1585586386.8377602}, "cmdq": 3, "read": {"device_start": -1, "device_end": -1}}, "FFC_sans_bias51": {"write": {"device_start": -1, "host_queued_start": 1585586452.236865, "device_queued": -1, "device_end": -1, "host_queued_end": 1585586452.242166}, "device": "gpu", "nd_range": {"device_start": 1585586386.8413284, "device_end": 1585586386.8432577}, "cmdq": 3, "read": {"device_start": -1, "device_end": -1}}, "softmax23": {"write": {"device_start": -1, "host_queued_start": 1585586452.234533, "device_queued": -1, "device_end": -1, "host_queued_end": 1585586452.242166}, "device": "gpu", "nd_range": {"device_start": 1585586386.8393416, "device_end": 1585586386.8407114}, "cmdq": 3, "read": {"device_start": -1, "device_end": -1}}, "FFC_sans_bias37": {"write": {"device_start": 1585586386.8340006, "host_queued_start": 1585586452.226602, "device_queued": 1585586386.8310783, "device_end": 1585586386.834032, "host_queued_end": 1585586452.242166}, "device": "gpu", "nd_range": {"device_start": 1585586386.8340387, "device_end": 1585586386.8358042}, "cmdq": 3, "read": {"device_start": -1, "device_end": -1}}, "softmax41": {"write": {"device_start": -1, "host_queued_start": 1585586452.235052, "device_queued": -1, "device_end": -1, "host_queued_end": 1585586452.242166}, "device": "gpu", "nd_range": {"device_start": 1585586386.840301, "device_end": 1585586386.8405077}, "cmdq": 1, "read": {"device_start": -1, "device_end": -1}}, "FFC_sans_bias11": {"write": {"device_start": 1585586386.830502, "host_queued_start": 1585586452.218162, "device_queued": 1585586386.830164, "device_end": 1585586386.8305805, "host_queued_end": 1585586452.242166}, "device": "gpu", "nd_range": {"device_start": 1585586386.8305848, "device_end": 1585586386.8319657}, "cmdq": 3, "read": {"device_start": -1, "device_end": -1}}, "FFC_sans_bias10": {"write": {"device_start": 1585586386.8303914, "host_queued_start": 1585586452.217121, "device_queued": 1585586386.8301477, "device_end": 1585586386.8304713, "host_queued_end": 1585586452.242166}, "device": "gpu", "nd_range": {"device_start": 1585586386.8304749, "device_end": 1585586386.8314042}, "cmdq": 2, "read": {"device_start": -1, "device_end": -1}}, "coalesced_transpose3": {"write": {"device_start": -1, "host_queued_start": 1585586452.248024, "device_queued": -1, "device_end": -1, "host_queued_end": 1585586452.250234}, "device": "cpu", "nd_range": {"device_start": 2254226.452846132, "device_end": 2254226.452981527}, "cmdq": 0, "read": {"device_start": -1, "device_end": -1}}, "FFC_sans_bias34": {"write": {"device_start": 1585586386.8427956, "host_queued_start": 1585586452.23998, "device_queued": 1585586386.832967, "device_end": 1585586386.8428206, "host_queued_end": 1585586452.242166}, "device": "gpu", "nd_range": {"device_start": 1585586386.8428278, "device_end": 1585586386.8446817}, "cmdq": 2, "read": {"device_start": 1585586386.844687, "device_end": 1585586386.8447094}}, "FFC_sans_bias15": {"write": {"device_start": -1, "host_queued_start": 1585586452.235602, "device_queued": -1, "device_end": -1, "host_queued_end": 1585586452.242166}, "device": "gpu", "nd_range": {"device_start": 1585586386.840719, "device_end": 1585586386.8413203}, "cmdq": 3, "read": {"device_start": -1, "device_end": -1}}, "FFC_sans_bias31": {"write": {"device_start": -1, "host_queued_start": 1585586452.233394, "device_queued": -1, "device_end": -1, "host_queued_end": 1585586452.242166}, "device": "gpu", "nd_range": {"device_start": 1585586386.8377714, "device_end": 1585586386.839334}, "cmdq": 3, "read": {"device_start": -1, "device_end": -1}}, "FFC_sans_bias16": {"write": {"device_start": 1585586386.8418267, "host_queued_start": 1585586452.237884, "device_queued": 1585586386.8327901, "device_end": 1585586386.8418524, "host_queued_end": 1585586452.242166}, "device": "gpu", "nd_range": {"device_start": 1585586386.8418615, "device_end": 1585586386.8436923}, "cmdq": 0, "read": {"device_start": 1585586386.8437028, "device_end": 1585586386.8437262}}, "FFC_sans_bias19": {"write": {"device_start": 1585586386.8311276, "host_queued_start": 1585586452.220258, "device_queued": 1585586386.8306425, "device_end": 1585586386.831158, "host_queued_end": 1585586452.242166}, "device": "gpu", "nd_range": {"device_start": 1585586386.8311615, "device_end": 1585586386.832942}, "cmdq": 1, "read": {"device_start": -1, "device_end": -1}}, "FFC_sans_bias18": {"write": {"device_start": 1585586386.8305826, "host_queued_start": 1585586452.219219, "device_queued": 1585586386.8304403, "device_end": 1585586386.8306074, "host_queued_end": 1585586452.242166}, "device": "gpu", "nd_range": {"device_start": 1585586386.8306336, "device_end": 1585586386.8323905}, "cmdq": 0, "read": {"device_start": -1, "device_end": -1}}, "coalesced_transpose30": {"write": {"device_start": -1, "host_queued_start": 1585586452.231719, "device_queued": -1, "device_end": -1, "host_queued_end": 1585586452.242166}, "device": "gpu", "nd_range": {"device_start": 1585586386.8372319, "device_end": 1585586386.8376184}, "cmdq": 2, "read": {"device_start": -1, "device_end": -1}}, "FFC_sans_bias38": {"write": {"device_start": 1585586386.8344576, "host_queued_start": 1585586452.227646, "device_queued": 1585586386.8313012, "device_end": 1585586386.8344886, "host_queued_end": 1585586452.242166}, "device": "gpu", "nd_range": {"device_start": 1585586386.8345046, "device_end": 1585586386.836328}, "cmdq": 0, "read": {"device_start": -1, "device_end": -1}}, "empty26": {"write": {"device_start": 1585586386.8298576, "host_queued_start": 1585586452.212447, "device_queued": 1585586386.8297145, "device_end": 1585586386.829925, "host_queued_end": 1585586452.242166}, "device": "gpu", "nd_range": {"device_start": 1585586386.8299284, "device_end": 1585586386.8299344}, "cmdq": 1, "read": {"device_start": -1, "device_end": -1}}, "coalesced_transpose12": {"write": {"device_start": -1, "host_queued_start": 1585586452.231107, "device_queued": -1, "device_end": -1, "host_queued_end": 1585586452.242166}, "device": "gpu", "nd_range": {"device_start": 1585586386.8363292, "device_end": 1585586386.8375988}, "cmdq": 0, "read": {"device_start": -1, "device_end": -1}}, "empty44": {"write": {"device_start": 1585586386.830062, "host_queued_start": 1585586452.214204, "device_queued": 1585586386.8297756, "device_end": 1585586386.830097, "host_queued_end": 1585586452.242166}, "device": "gpu", "nd_range": {"device_start": 1585586386.8301063, "device_end": 1585586386.830113}, "cmdq": 3, "read": {"device_start": -1, "device_end": -1}}, "coalesced_transpose21": {"write": {"device_start": -1, "host_queued_start": 1585586452.231412, "device_queued": -1, "device_end": -1, "host_queued_end": 1585586452.242166}, "device": "gpu", "nd_range": {"device_start": 1585586386.8367724, "device_end": 1585586386.8376138}, "cmdq": 1, "read": {"device_start": -1, "device_end": -1}}, "FFC_sans_bias36": {"write": {"device_start": 1585586386.833511, "host_queued_start": 1585586452.225554, "device_queued": 1585586386.8310523, "device_end": 1585586386.8335443, "host_queued_end": 1585586452.242166}, "device": "gpu", "nd_range": {"device_start": 1585586386.8335574, "device_end": 1585586386.8353505}, "cmdq": 2, "read": {"device_start": -1, "device_end": -1}}, "softmax14": {"write": {"device_start": -1, "host_queued_start": 1585586452.234283, "device_queued": -1, "device_end": -1, "host_queued_end": 1585586452.242166}, "device": "gpu", "nd_range": {"device_start": 1585586386.8387675, "device_end": 1585586386.8407016}, "cmdq": 2, "read": {"device_start": -1, "device_end": -1}}, "FFC_sans_bias13": {"write": {"device_start": -1, "host_queued_start": 1585586452.232644, "device_queued": -1, "device_end": -1, "host_queued_end": 1585586452.242166}, "device": "gpu", "nd_range": {"device_start": 1585586386.8377469, "device_end": 1585586386.838353}, "cmdq": 1, "read": {"device_start": -1, "device_end": -1}}, "empty8": {"write": {"device_start": -1, "host_queued_start": 1585586452.243745, "device_queued": -1, "device_end": -1, "host_queued_end": 1585586452.250234}, "device": "cpu", "nd_range": {"device_start": 2254226.439818387, "device_end": 2254226.439827727}, "cmdq": 0, "read": {"device_start": -1, "device_end": -1}}, "FFC_sans_bias42": {"write": {"device_start": -1, "host_queued_start": 1585586452.236553, "device_queued": -1, "device_end": -1, "host_queued_end": 1585586452.242166}, "device": "gpu", "nd_range": {"device_start": 1585586386.841101, "device_end": 1585586386.8427186}, "cmdq": 2, "read": {"device_start": -1, "device_end": -1}}, "FFC_sans_bias43": {"write": {"device_start": 1585586386.8433337, "host_queued_start": 1585586452.241023, "device_queued": 1585586386.8329954, "device_end": 1585586386.843359, "host_queued_end": 1585586452.242166}, "device": "gpu", "nd_range": {"device_start": 1585586386.8433697, "device_end": 1585586386.8451488}, "cmdq": 3, "read": {"device_start": 1585586386.8451538, "device_end": 1585586386.845176}}, "FFC_sans_bias40": {"write": {"device_start": -1, "host_queued_start": 1585586452.233708, "device_queued": -1, "device_end": -1, "host_queued_end": 1585586452.242166}, "device": "gpu", "nd_range": {"device_start": 1585586386.8377795, "device_end": 1585586386.8397517}, "cmdq": 0, "read": {"device_start": -1, "device_end": -1}}, "softmax32": {"write": {"device_start": -1, "host_queued_start": 1585586452.234807, "device_queued": -1, "device_end": -1, "host_queued_end": 1585586452.242166}, "device": "gpu", "nd_range": {"device_start": 1585586386.8397593, "device_end": 1585586386.8407214}, "cmdq": 0, "read": {"device_start": -1, "device_end": -1}}, "FFC_sans_bias47": {"write": {"device_start": 1585586386.8359206, "host_queued_start": 1585586452.230775, "device_queued": 1585586386.831518, "device_end": 1585586386.8359463, "host_queued_end": 1585586452.242166}, "device": "gpu", "nd_range": {"device_start": 1585586386.8359523, "device_end": 1585586386.837732}, "cmdq": 3, "read": {"device_start": -1, "device_end": -1}}, "FFC_sans_bias45": {"write": {"device_start": 1585586386.8349302, "host_queued_start": 1585586452.22868, "device_queued": 1585586386.8314824, "device_end": 1585586386.8349626, "host_queued_end": 1585586452.242166}, "device": "gpu", "nd_range": {"device_start": 1585586386.8349774, "device_end": 1585586386.8367715}, "cmdq": 1, "read": {"device_start": -1, "device_end": -1}}, "softmax50": {"write": {"device_start": -1, "host_queued_start": 1585586452.235297, "device_queued": -1, "device_end": -1, "host_queued_end": 1585586452.242166}, "device": "gpu", "nd_range": {"device_start": 1585586386.840709, "device_end": 1585586386.8410938}, "cmdq": 2, "read": {"device_start": -1, "device_end": -1}}, "FFC_sans_bias33": {"write": {"device_start": -1, "host_queued_start": 1585586452.236239, "device_queued": -1, "device_end": -1, "host_queued_end": 1585586452.242166}, "device": "gpu", "nd_range": {"device_start": 1585586386.8407383, "device_end": 1585586386.8422914}, "cmdq": 1, "read": {"device_start": -1, "device_end": -1}}, "FFC_sans_bias49": {"write": {"device_start": -1, "host_queued_start": 1585586452.234024, "device_queued": -1, "device_end": -1, "host_queued_end": 1585586452.242166}, "device": "gpu", "nd_range": {"device_start": 1585586386.8383615, "device_end": 1585586386.840294}, "cmdq": 1, "read": {"device_start": -1, "device_end": -1}}, "FFC_sans_bias24": {"write": {"device_start": -1, "host_queued_start": 1585586452.235919, "device_queued": -1, "device_end": -1, "host_queued_end": 1585586452.242166}, "device": "gpu", "nd_range": {"device_start": 1585586386.8407288, "device_end": 1585586386.8417325}, "cmdq": 0, "read": {"device_start": -1, "device_end": -1}}, "FFC_sans_bias25": {"write": {"device_start": 1585586386.8423686, "host_queued_start": 1585586452.238939, "device_queued": 1585586386.8329363, "device_end": 1585586386.8423948, "host_queued_end": 1585586452.242166}, "device": "gpu", "nd_range": {"device_start": 1585586386.8424027, "device_end": 1585586386.844207}, "cmdq": 1, "read": {"device_start": 1585586386.844214, "device_end": 1585586386.8442369}}, "FFC_sans_bias27": {"write": {"device_start": 1585586386.8321543, "host_queued_start": 1585586452.222342, "device_queued": 1585586386.8306804, "device_end": 1585586386.832179, "host_queued_end": 1585586452.242166}, "device": "gpu", "nd_range": {"device_start": 1585586386.832184, "device_end": 1585586386.8338764}, "cmdq": 3, "read": {"device_start": -1, "device_end": -1}}, "FFC_sans_bias20": {"write": {"device_start": 1585586386.8315394, "host_queued_start": 1585586452.221306, "device_queued": 1585586386.8306694, "device_end": 1585586386.8315647, "host_queued_end": 1585586452.242166}, "device": "gpu", "nd_range": {"device_start": 1585586386.8315742, "device_end": 1585586386.833379}, "cmdq": 2, "read": {"device_start": -1, "device_end": -1}}, "FFC_sans_bias22": {"write": {"device_start": -1, "host_queued_start": 1585586452.233071, "device_queued": -1, "device_end": -1, "host_queued_end": 1585586452.242166}, "device": "gpu", "nd_range": {"device_start": 1585586386.8377576, "device_end": 1585586386.8387587}, "cmdq": 2, "read": {"device_start": -1, "device_end": -1}}, "softmax5": {"write": {"device_start": -1, "host_queued_start": 1585586452.248726, "device_queued": -1, "device_end": -1, "host_queued_end": 1585586452.250234}, "device": "cpu", "nd_range": {"device_start": 2254226.456953981, "device_end": 2254226.457105183}, "cmdq": 0, "read": {"device_start": -1, "device_end": -1}}, "FFC_sans_bias28": {"write": {"device_start": 1585586386.8324807, "host_queued_start": 1585586452.223477, "device_queued": 1585586386.8308632, "device_end": 1585586386.8325062, "host_queued_end": 1585586452.242166}, "device": "gpu", "nd_range": {"device_start": 1585586386.8325112, "device_end": 1585586386.8343518}, "cmdq": 0, "read": {"device_start": -1, "device_end": -1}}, "FFC_sans_bias29": {"write": {"device_start": 1585586386.83306, "host_queued_start": 1585586452.224521, "device_queued": 1585586386.8310258, "device_end": 1585586386.833086, "host_queued_end": 1585586452.242166}, "device": "gpu", "nd_range": {"device_start": 1585586386.833092, "device_end": 1585586386.8348284}, "cmdq": 1, "read": {"device_start": -1, "device_end": -1}}, "empty17": {"write": {"device_start": 1585586386.8297255, "host_queued_start": 1585586452.211396, "device_queued": 1585586386.8295987, "device_end": 1585586386.8297687, "host_queued_end": 1585586452.242166}, "device": "gpu", "nd_range": {"device_start": 1585586386.8297725, "device_end": 1585586386.829777}, "cmdq": 0, "read": {"device_start": -1, "device_end": -1}}, "empty35": {"write": {"device_start": 1585586386.8299773, "host_queued_start": 1585586452.213357, "device_queued": 1585586386.8297505, "device_end": 1585586386.8300557, "host_queued_end": 1585586452.242166}, "device": "gpu", "nd_range": {"device_start": 1585586386.830061, "device_end": 1585586386.8300736}, "cmdq": 2, "read": {"device_start": -1, "device_end": -1}}, "empty53": {"write": {"device_start": 1585586386.830168, "host_queued_start": 1585586452.215069, "device_queued": 1585586386.830068, "device_end": 1585586386.8302288, "host_queued_end": 1585586452.242166}, "device": "gpu", "nd_range": {"device_start": 1585586386.830239, "device_end": 1585586386.8302426}, "cmdq": 0, "read": {"device_start": -1, "device_end": -1}}, "FFC_sans_bias46": {"write": {"device_start": 1585586386.8354661, "host_queued_start": 1585586452.229713, "device_queued": 1585586386.8315005, "device_end": 1585586386.8354936, "host_queued_end": 1585586452.242166}, "device": "gpu", "nd_range": {"device_start": 1585586386.8355093, "device_end": 1585586386.8372276}, "cmdq": 2, "read": {"device_start": -1, "device_end": -1}}, "coalesced_transpose48": {"write": {"device_start": -1, "host_queued_start": 1585586452.232324, "device_queued": -1, "device_end": -1, "host_queued_end": 1585586452.242166}, "device": "gpu", "nd_range": {"device_start": 1585586386.83761, "device_end": 1585586386.8376305}, "cmdq": 0, "read": {"device_start": -1, "device_end": -1}}}