{"FFC_sans_bias4": {"write": {"device_start": -1, "host_queued_start": 1585586176.09559, "device_queued": -1, "device_end": -1, "host_queued_end": 1585586176.105572}, "device": "cpu", "nd_range": {"device_start": 2253950.363697578, "device_end": 2253950.367765869}, "cmdq": 0, "read": {"device_start": -1, "device_end": -1}}, "FFC_sans_bias7": {"write": {"device_start": -1, "host_queued_start": 1585586176.101275, "device_queued": -1, "device_end": -1, "host_queued_end": 1585586176.105572}, "device": "cpu", "nd_range": {"device_start": 2253950.408824305, "device_end": 2253950.4131133193}, "cmdq": 0, "read": {"device_start": -1, "device_end": -1}}, "FFC_sans_bias6": {"write": {"device_start": -1, "host_queued_start": 1585586176.098736, "device_queued": -1, "device_end": -1, "host_queued_end": 1585586176.105572}, "device": "cpu", "nd_range": {"device_start": 2253950.38646361, "device_end": 2253950.3909285683}, "cmdq": 0, "read": {"device_start": -1, "device_end": -1}}, "FFC_sans_bias1": {"write": {"device_start": -1, "host_queued_start": 1585586176.079806, "device_queued": -1, "device_end": -1, "host_queued_end": 1585586176.105572}, "device": "cpu", "nd_range": {"device_start": 2253950.299273955, "device_end": 2253950.3035460063}, "cmdq": 0, "read": {"device_start": -1, "device_end": -1}}, "FFC_sans_bias0": {"write": {"device_start": -1, "host_queued_start": 1585586176.078764, "device_queued": -1, "device_end": -1, "host_queued_end": 1585586176.105572}, "device": "cpu", "nd_range": {"device_start": 2253950.295175462, "device_end": 2253950.299256949}, "cmdq": 0, "read": {"device_start": -1, "device_end": -1}}, "FFC_sans_bias2": {"write": {"device_start": -1, "host_queued_start": 1585586176.08085, "device_queued": -1, "device_end": -1, "host_queued_end": 1585586176.105572}, "device": "cpu", "nd_range": {"device_start": 2253950.303564221, "device_end": 2253950.3075931473}, "cmdq": 0, "read": {"device_start": -1, "device_end": -1}}, "FFC_sans_bias52": {"write": {"device_start": 1585586110.67162, "host_queued_start": 1585586176.072833, "device_queued": 1585586110.6682563, "device_end": 1585586110.6716483, "host_queued_end": 1585586176.072944}, "device": "gpu", "nd_range": {"device_start": 1585586110.6716542, "device_end": 1585586110.6721578}, "cmdq": 0, "read": {"device_start": 1585586110.6721628, "device_end": 1585586110.6721854}}, "FFC_sans_bias9": {"write": {"device_start": -1, "host_queued_start": 1585586176.081886, "device_queued": -1, "device_end": -1, "host_queued_end": 1585586176.105572}, "device": "cpu", "nd_range": {"device_start": 2253950.307598851, "device_end": 2253950.311560218}, "cmdq": 0, "read": {"device_start": -1, "device_end": -1}}, "coalesced_transpose39": {"write": {"device_start": -1, "host_queued_start": 1585586176.095247, "device_queued": -1, "device_end": -1, "host_queued_end": 1585586176.105572}, "device": "cpu", "nd_range": {"device_start": 2253950.3634823333, "device_end": 2253950.3635811983}, "cmdq": 0, "read": {"device_start": -1, "device_end": -1}}, "FFC_sans_bias51": {"write": {"device_start": -1, "host_queued_start": 1585586176.071825, "device_queued": -1, "device_end": -1, "host_queued_end": 1585586176.072944}, "device": "gpu", "nd_range": {"device_start": 1585586110.6709366, "device_end": 1585586110.6715233}, "cmdq": 0, "read": {"device_start": -1, "device_end": -1}}, "softmax23": {"write": {"device_start": -1, "host_queued_start": 1585586176.097793, "device_queued": -1, "device_end": -1, "host_queued_end": 1585586176.105572}, "device": "cpu", "nd_range": {"device_start": 2253950.386121327, "device_end": 2253950.3862354523}, "cmdq": 0, "read": {"device_start": -1, "device_end": -1}}, "FFC_sans_bias37": {"write": {"device_start": -1, "host_queued_start": 1585586176.092534, "device_queued": -1, "device_end": -1, "host_queued_end": 1585586176.105572}, "device": "cpu", "nd_range": {"device_start": 2253950.352889295, "device_end": 2253950.357892833}, "cmdq": 0, "read": {"device_start": -1, "device_end": -1}}, "softmax41": {"write": {"device_start": -1, "host_queued_start": 1585586176.098364, "device_queued": -1, "device_end": -1, "host_queued_end": 1585586176.105572}, "device": "cpu", "nd_range": {"device_start": 2253950.386352849, "device_end": 2253950.3864580463}, "cmdq": 0, "read": {"device_start": -1, "device_end": -1}}, "FFC_sans_bias11": {"write": {"device_start": -1, "host_queued_start": 1585586176.084003, "device_queued": -1, "device_end": -1, "host_queued_end": 1585586176.105572}, "device": "cpu", "nd_range": {"device_start": 2253950.316582253, "device_end": 2253950.3209079793}, "cmdq": 0, "read": {"device_start": -1, "device_end": -1}}, "FFC_sans_bias10": {"write": {"device_start": -1, "host_queued_start": 1585586176.082958, "device_queued": -1, "device_end": -1, "host_queued_end": 1585586176.105572}, "device": "cpu", "nd_range": {"device_start": 2253950.3115652953, "device_end": 2253950.3165776203}, "cmdq": 0, "read": {"device_start": -1, "device_end": -1}}, "coalesced_transpose3": {"write": {"device_start": -1, "host_queued_start": 1585586176.093905, "device_queued": -1, "device_end": -1, "host_queued_end": 1585586176.105572}, "device": "cpu", "nd_range": {"device_start": 2253950.362500451, "device_end": 2253950.3626567493}, "cmdq": 0, "read": {"device_start": -1, "device_end": -1}}, "FFC_sans_bias34": {"write": {"device_start": -1, "host_queued_start": 1585586176.104467, "device_queued": -1, "device_end": -1, "host_queued_end": 1585586176.105572}, "device": "cpu", "nd_range": {"device_start": 2253950.422243686, "device_end": 2253950.426878528}, "cmdq": 0, "read": {"device_start": -1, "device_end": -1}}, "FFC_sans_bias15": {"write": {"device_start": -1, "host_queued_start": 1585586176.099077, "device_queued": -1, "device_end": -1, "host_queued_end": 1585586176.105572}, "device": "cpu", "nd_range": {"device_start": 2253950.390933786, "device_end": 2253950.395889845}, "cmdq": 0, "read": {"device_start": -1, "device_end": -1}}, "FFC_sans_bias31": {"write": {"device_start": -1, "host_queued_start": 1585586176.096618, "device_queued": -1, "device_end": -1, "host_queued_end": 1585586176.105572}, "device": "cpu", "nd_range": {"device_start": 2253950.376927257, "device_end": 2253950.381441805}, "cmdq": 0, "read": {"device_start": -1, "device_end": -1}}, "FFC_sans_bias16": {"write": {"device_start": -1, "host_queued_start": 1585586176.102369, "device_queued": -1, "device_end": -1, "host_queued_end": 1585586176.105572}, "device": "cpu", "nd_range": {"device_start": 2253950.4131168863, "device_end": 2253950.417918054}, "cmdq": 0, "read": {"device_start": -1, "device_end": -1}}, "FFC_sans_bias19": {"write": {"device_start": -1, "host_queued_start": 1585586176.086091, "device_queued": -1, "device_end": -1, "host_queued_end": 1585586176.105572}, "device": "cpu", "nd_range": {"device_start": 2253950.325741691, "device_end": 2253950.3301870353}, "cmdq": 0, "read": {"device_start": -1, "device_end": -1}}, "FFC_sans_bias18": {"write": {"device_start": -1, "host_queued_start": 1585586176.085044, "device_queued": -1, "device_end": -1, "host_queued_end": 1585586176.105572}, "device": "cpu", "nd_range": {"device_start": 2253950.3209121563, "device_end": 2253950.325728123}, "cmdq": 0, "read": {"device_start": -1, "device_end": -1}}, "coalesced_transpose30": {"write": {"device_start": -1, "host_queued_start": 1585586176.094922, "device_queued": -1, "device_end": -1, "host_queued_end": 1585586176.105572}, "device": "cpu", "nd_range": {"device_start": 2253950.3632598263, "device_end": 2253950.363364919}, "cmdq": 0, "read": {"device_start": -1, "device_end": -1}}, "FFC_sans_bias38": {"write": {"device_start": -1, "host_queued_start": 1585586176.093579, "device_queued": -1, "device_end": -1, "host_queued_end": 1585586176.105572}, "device": "cpu", "nd_range": {"device_start": 2253950.357898008, "device_end": 2253950.362495495}, "cmdq": 0, "read": {"device_start": -1, "device_end": -1}}, "empty26": {"write": {"device_start": -1, "host_queued_start": 1585586176.076079, "device_queued": -1, "device_end": -1, "host_queued_end": 1585586176.105572}, "device": "cpu", "nd_range": {"device_start": 2253950.295162381, "device_end": 2253950.295162981}, "cmdq": 0, "read": {"device_start": -1, "device_end": -1}}, "coalesced_transpose12": {"write": {"device_start": -1, "host_queued_start": 1585586176.094239, "device_queued": -1, "device_end": -1, "host_queued_end": 1585586176.105572}, "device": "cpu", "nd_range": {"device_start": 2253950.362791176, "device_end": 2253950.3629034744}, "cmdq": 0, "read": {"device_start": -1, "device_end": -1}}, "empty44": {"write": {"device_start": -1, "host_queued_start": 1585586176.077725, "device_queued": -1, "device_end": -1, "host_queued_end": 1585586176.105572}, "device": "cpu", "nd_range": {"device_start": 2253950.2951705093, "device_end": 2253950.295171109}, "cmdq": 0, "read": {"device_start": -1, "device_end": -1}}, "coalesced_transpose21": {"write": {"device_start": -1, "host_queued_start": 1585586176.094567, "device_queued": -1, "device_end": -1, "host_queued_end": 1585586176.105572}, "device": "cpu", "nd_range": {"device_start": 2253950.363030037, "device_end": 2253950.3631386952}, "cmdq": 0, "read": {"device_start": -1, "device_end": -1}}, "FFC_sans_bias36": {"write": {"device_start": -1, "host_queued_start": 1585586176.091485, "device_queued": -1, "device_end": -1, "host_queued_end": 1585586176.105572}, "device": "cpu", "nd_range": {"device_start": 2253950.348372171, "device_end": 2253950.352884685}, "cmdq": 0, "read": {"device_start": -1, "device_end": -1}}, "softmax14": {"write": {"device_start": -1, "host_queued_start": 1585586176.097522, "device_queued": -1, "device_end": -1, "host_queued_end": 1585586176.105572}, "device": "cpu", "nd_range": {"device_start": 2253950.3859987264, "device_end": 2253950.3861155054}, "cmdq": 0, "read": {"device_start": -1, "device_end": -1}}, "FFC_sans_bias13": {"write": {"device_start": -1, "host_queued_start": 1585586176.095932, "device_queued": -1, "device_end": -1, "host_queued_end": 1585586176.105572}, "device": "cpu", "nd_range": {"device_start": 2253950.367771903, "device_end": 2253950.372620543}, "cmdq": 0, "read": {"device_start": -1, "device_end": -1}}, "empty8": {"write": {"device_start": -1, "host_queued_start": 1585586176.074194, "device_queued": -1, "device_end": -1, "host_queued_end": 1585586176.105572}, "device": "cpu", "nd_range": {"device_start": 2253950.2951317783, "device_end": 2253950.2951413323}, "cmdq": 0, "read": {"device_start": -1, "device_end": -1}}, "FFC_sans_bias42": {"write": {"device_start": -1, "host_queued_start": 1585586176.100169, "device_queued": -1, "device_end": -1, "host_queued_end": 1585586176.105572}, "device": "cpu", "nd_range": {"device_start": 2253950.404861687, "device_end": 2253950.4087132784}, "cmdq": 0, "read": {"device_start": -1, "device_end": -1}}, "FFC_sans_bias43": {"write": {"device_start": -1, "host_queued_start": 1585586176.105526, "device_queued": -1, "device_end": -1, "host_queued_end": 1585586176.105572}, "device": "cpu", "nd_range": {"device_start": 2253950.426881729, "device_end": 2253950.431387517}, "cmdq": 0, "read": {"device_start": -1, "device_end": -1}}, "FFC_sans_bias40": {"write": {"device_start": -1, "host_queued_start": 1585586176.096955, "device_queued": -1, "device_end": -1, "host_queued_end": 1585586176.105572}, "device": "cpu", "nd_range": {"device_start": 2253950.381447662, "device_end": 2253950.3858543793}, "cmdq": 0, "read": {"device_start": -1, "device_end": -1}}, "softmax32": {"write": {"device_start": -1, "host_queued_start": 1585586176.098065, "device_queued": -1, "device_end": -1, "host_queued_end": 1585586176.105572}, "device": "cpu", "nd_range": {"device_start": 2253950.3862406122, "device_end": 2253950.3863472464}, "cmdq": 0, "read": {"device_start": -1, "device_end": -1}}, "FFC_sans_bias47": {"write": {"device_start": 1585586110.669488, "host_queued_start": 1585586176.070637, "device_queued": 1585586110.6680694, "device_end": 1585586110.6695168, "host_queued_end": 1585586176.072944}, "device": "gpu", "nd_range": {"device_start": 1585586110.6695216, "device_end": 1585586110.6701188}, "cmdq": 0, "read": {"device_start": -1, "device_end": -1}}, "FFC_sans_bias45": {"write": {"device_start": 1585586110.6679916, "host_queued_start": 1585586176.068509, "device_queued": 1585586110.6678536, "device_end": 1585586110.6680171, "host_queued_end": 1585586176.072944}, "device": "gpu", "nd_range": {"device_start": 1585586110.6680334, "device_end": 1585586110.6686363}, "cmdq": 0, "read": {"device_start": -1, "device_end": -1}}, "softmax50": {"write": {"device_start": -1, "host_queued_start": 1585586176.071523, "device_queued": -1, "device_end": -1, "host_queued_end": 1585586176.072944}, "device": "gpu", "nd_range": {"device_start": 1585586110.670735, "device_end": 1585586110.6709356}, "cmdq": 0, "read": {"device_start": -1, "device_end": -1}}, "FFC_sans_bias33": {"write": {"device_start": -1, "host_queued_start": 1585586176.099817, "device_queued": -1, "device_end": -1, "host_queued_end": 1585586176.105572}, "device": "cpu", "nd_range": {"device_start": 2253950.4001834313, "device_end": 2253950.404741552}, "cmdq": 0, "read": {"device_start": -1, "device_end": -1}}, "FFC_sans_bias49": {"write": {"device_start": -1, "host_queued_start": 1585586176.07127, "device_queued": -1, "device_end": -1, "host_queued_end": 1585586176.072944}, "device": "gpu", "nd_range": {"device_start": 1585586110.6701283, "device_end": 1585586110.670734}, "cmdq": 0, "read": {"device_start": -1, "device_end": -1}}, "FFC_sans_bias24": {"write": {"device_start": -1, "host_queued_start": 1585586176.09947, "device_queued": -1, "device_end": -1, "host_queued_end": 1585586176.105572}, "device": "cpu", "nd_range": {"device_start": 2253950.395895016, "device_end": 2253950.400178141}, "cmdq": 0, "read": {"device_start": -1, "device_end": -1}}, "FFC_sans_bias25": {"write": {"device_start": -1, "host_queued_start": 1585586176.10342, "device_queued": -1, "device_end": -1, "host_queued_end": 1585586176.105572}, "device": "cpu", "nd_range": {"device_start": 2253950.417921169, "device_end": 2253950.422241045}, "cmdq": 0, "read": {"device_start": -1, "device_end": -1}}, "FFC_sans_bias27": {"write": {"device_start": -1, "host_queued_start": 1585586176.088222, "device_queued": -1, "device_end": -1, "host_queued_end": 1585586176.105572}, "device": "cpu", "nd_range": {"device_start": 2253950.334728367, "device_end": 2253950.3392702593}, "cmdq": 0, "read": {"device_start": -1, "device_end": -1}}, "FFC_sans_bias20": {"write": {"device_start": -1, "host_queued_start": 1585586176.087182, "device_queued": -1, "device_end": -1, "host_queued_end": 1585586176.105572}, "device": "cpu", "nd_range": {"device_start": 2253950.3301921464, "device_end": 2253950.334723353}, "cmdq": 0, "read": {"device_start": -1, "device_end": -1}}, "FFC_sans_bias22": {"write": {"device_start": -1, "host_queued_start": 1585586176.096274, "device_queued": -1, "device_end": -1, "host_queued_end": 1585586176.105572}, "device": "cpu", "nd_range": {"device_start": 2253950.372627139, "device_end": 2253950.376921495}, "cmdq": 0, "read": {"device_start": -1, "device_end": -1}}, "softmax5": {"write": {"device_start": -1, "host_queued_start": 1585586176.097239, "device_queued": -1, "device_end": -1, "host_queued_end": 1585586176.105572}, "device": "cpu", "nd_range": {"device_start": 2253950.385859622, "device_end": 2253950.3859913102}, "cmdq": 0, "read": {"device_start": -1, "device_end": -1}}, "FFC_sans_bias28": {"write": {"device_start": -1, "host_queued_start": 1585586176.089259, "device_queued": -1, "device_end": -1, "host_queued_end": 1585586176.105572}, "device": "cpu", "nd_range": {"device_start": 2253950.339275027, "device_end": 2253950.343791198}, "cmdq": 0, "read": {"device_start": -1, "device_end": -1}}, "FFC_sans_bias29": {"write": {"device_start": -1, "host_queued_start": 1585586176.090422, "device_queued": -1, "device_end": -1, "host_queued_end": 1585586176.105572}, "device": "cpu", "nd_range": {"device_start": 2253950.3437966653, "device_end": 2253950.34836718}, "cmdq": 0, "read": {"device_start": -1, "device_end": -1}}, "empty17": {"write": {"device_start": -1, "host_queued_start": 1585586176.075276, "device_queued": -1, "device_end": -1, "host_queued_end": 1585586176.105572}, "device": "cpu", "nd_range": {"device_start": 2253950.295157384, "device_end": 2253950.2951582763}, "cmdq": 0, "read": {"device_start": -1, "device_end": -1}}, "empty35": {"write": {"device_start": -1, "host_queued_start": 1585586176.076881, "device_queued": -1, "device_end": -1, "host_queued_end": 1585586176.105572}, "device": "cpu", "nd_range": {"device_start": 2253950.295166384, "device_end": 2253950.295167109}, "cmdq": 0, "read": {"device_start": -1, "device_end": -1}}, "empty53": {"write": {"device_start": 1585586110.6678572, "host_queued_start": 1585586176.067309, "device_queued": 1585586110.6677375, "device_end": 1585586110.6678827, "host_queued_end": 1585586176.072944}, "device": "gpu", "nd_range": {"device_start": 1585586110.667886, "device_end": 1585586110.6678965}, "cmdq": 0, "read": {"device_start": -1, "device_end": -1}}, "FFC_sans_bias46": {"write": {"device_start": 1585586110.668762, "host_queued_start": 1585586176.069551, "device_queued": 1585586110.667901, "device_end": 1585586110.6687853, "host_queued_end": 1585586176.072944}, "device": "gpu", "nd_range": {"device_start": 1585586110.6687913, "device_end": 1585586110.6693835}, "cmdq": 0, "read": {"device_start": -1, "device_end": -1}}, "coalesced_transpose48": {"write": {"device_start": -1, "host_queued_start": 1585586176.070962, "device_queued": -1, "device_end": -1, "host_queued_end": 1585586176.072944}, "device": "gpu", "nd_range": {"device_start": 1585586110.6701198, "device_end": 1585586110.670127}, "cmdq": 0, "read": {"device_start": -1, "device_end": -1}}}