{"FFC_sans_bias4": {"write": {"device_start": -1, "host_queued_start": 1585586550.658849, "device_queued": -1, "device_end": -1, "host_queued_end": 1585586550.66299}, "device": "cpu", "nd_range": {"device_start": 2254324.878702212, "device_end": 2254324.883215311}, "cmdq": 0, "read": {"device_start": -1, "device_end": -1}}, "FFC_sans_bias7": {"write": {"device_start": -1, "host_queued_start": 1585586550.661837, "device_queued": -1, "device_end": -1, "host_queued_end": 1585586550.66299}, "device": "cpu", "nd_range": {"device_start": 2254324.8972337754, "device_end": 2254324.9015333033}, "cmdq": 0, "read": {"device_start": -1, "device_end": -1}}, "FFC_sans_bias6": {"write": {"device_start": -1, "host_queued_start": 1585586550.6603, "device_queued": -1, "device_end": -1, "host_queued_end": 1585586550.66299}, "device": "cpu", "nd_range": {"device_start": 2254324.8879679954, "device_end": 2254324.892577529}, "cmdq": 0, "read": {"device_start": -1, "device_end": -1}}, "FFC_sans_bias1": {"write": {"device_start": -1, "host_queued_start": 1585586550.653511, "device_queued": -1, "device_end": -1, "host_queued_end": 1585586550.66299}, "device": "cpu", "nd_range": {"device_start": 2254324.856776123, "device_end": 2254324.860722994}, "cmdq": 0, "read": {"device_start": -1, "device_end": -1}}, "FFC_sans_bias0": {"write": {"device_start": -1, "host_queued_start": 1585586550.652314, "device_queued": -1, "device_end": -1, "host_queued_end": 1585586550.66299}, "device": "cpu", "nd_range": {"device_start": 2254324.852600587, "device_end": 2254324.8567579603}, "cmdq": 0, "read": {"device_start": -1, "device_end": -1}}, "FFC_sans_bias2": {"write": {"device_start": -1, "host_queued_start": 1585586550.654566, "device_queued": -1, "device_end": -1, "host_queued_end": 1585586550.66299}, "device": "cpu", "nd_range": {"device_start": 2254324.8607312003, "device_end": 2254324.864859472}, "cmdq": 0, "read": {"device_start": -1, "device_end": -1}}, "FFC_sans_bias52": {"write": {"device_start": 1585586485.2443492, "host_queued_start": 1585586550.648263, "device_queued": 1585586485.2361126, "device_end": 1585586485.2443798, "host_queued_end": 1585586550.648369}, "device": "gpu", "nd_range": {"device_start": 1585586485.2443883, "device_end": 1585586485.2461438}, "cmdq": 0, "read": {"device_start": 1585586485.2461517, "device_end": 1585586485.2461743}}, "FFC_sans_bias9": {"write": {"device_start": -1, "host_queued_start": 1585586550.655638, "device_queued": -1, "device_end": -1, "host_queued_end": 1585586550.66299}, "device": "cpu", "nd_range": {"device_start": 2254324.8648649603, "device_end": 2254324.868874464}, "cmdq": 0, "read": {"device_start": -1, "device_end": -1}}, "coalesced_transpose39": {"write": {"device_start": -1, "host_queued_start": 1585586550.64005, "device_queued": -1, "device_end": -1, "host_queued_end": 1585586550.648369}, "device": "gpu", "nd_range": {"device_start": 1585586485.238808, "device_end": 1585586485.2396536}, "cmdq": 3, "read": {"device_start": -1, "device_end": -1}}, "FFC_sans_bias51": {"write": {"device_start": -1, "host_queued_start": 1585586550.644101, "device_queued": -1, "device_end": -1, "host_queued_end": 1585586550.648369}, "device": "gpu", "nd_range": {"device_start": 1585586485.2421765, "device_end": 1585586485.242788}, "cmdq": 1, "read": {"device_start": -1, "device_end": -1}}, "softmax23": {"write": {"device_start": -1, "host_queued_start": 1585586550.641904, "device_queued": -1, "device_end": -1, "host_queued_end": 1585586550.648369}, "device": "gpu", "nd_range": {"device_start": 1585586485.2403574, "device_end": 1585586485.2421582}, "cmdq": 4, "read": {"device_start": -1, "device_end": -1}}, "FFC_sans_bias37": {"write": {"device_start": 1585586485.23556, "host_queued_start": 1585586550.634907, "device_queued": 1585586485.2343214, "device_end": 1585586485.2355912, "host_queued_end": 1585586550.648369}, "device": "gpu", "nd_range": {"device_start": 1585586485.235596, "device_end": 1585586485.2378275}, "cmdq": 1, "read": {"device_start": -1, "device_end": -1}}, "softmax41": {"write": {"device_start": -1, "host_queued_start": 1585586550.642528, "device_queued": -1, "device_end": -1, "host_queued_end": 1585586550.648369}, "device": "gpu", "nd_range": {"device_start": 1585586485.2413423, "device_end": 1585586485.2421691}, "cmdq": 1, "read": {"device_start": -1, "device_end": -1}}, "FFC_sans_bias11": {"write": {"device_start": -1, "host_queued_start": 1585586550.657766, "device_queued": -1, "device_end": -1, "host_queued_end": 1585586550.66299}, "device": "cpu", "nd_range": {"device_start": 2254324.873870483, "device_end": 2254324.878201751}, "cmdq": 0, "read": {"device_start": -1, "device_end": -1}}, "FFC_sans_bias10": {"write": {"device_start": -1, "host_queued_start": 1585586550.656683, "device_queued": -1, "device_end": -1, "host_queued_end": 1585586550.66299}, "device": "cpu", "nd_range": {"device_start": 2254324.8690185472, "device_end": 2254324.873864529}, "cmdq": 0, "read": {"device_start": -1, "device_end": -1}}, "coalesced_transpose3": {"write": {"device_start": -1, "host_queued_start": 1585586550.65814, "device_queued": -1, "device_end": -1, "host_queued_end": 1585586550.66299}, "device": "cpu", "nd_range": {"device_start": 2254324.878207181, "device_end": 2254324.878379464}, "cmdq": 0, "read": {"device_start": -1, "device_end": -1}}, "FFC_sans_bias34": {"write": {"device_start": 1585586485.243332, "host_queued_start": 1585586550.64617, "device_queued": 1585586485.2358286, "device_end": 1585586485.243365, "host_queued_end": 1585586550.648369}, "device": "gpu", "nd_range": {"device_start": 1585586485.2437735, "device_end": 1585586485.2451832}, "cmdq": 3, "read": {"device_start": 1585586485.2451878, "device_end": 1585586485.2452123}}, "FFC_sans_bias15": {"write": {"device_start": -1, "host_queued_start": 1585586550.660702, "device_queued": -1, "device_end": -1, "host_queued_end": 1585586550.66299}, "device": "cpu", "nd_range": {"device_start": 2254324.892583343, "device_end": 2254324.897228817}, "cmdq": 0, "read": {"device_start": -1, "device_end": -1}}, "FFC_sans_bias31": {"write": {"device_start": -1, "host_queued_start": 1585586550.641011, "device_queued": -1, "device_end": -1, "host_queued_end": 1585586550.648369}, "device": "gpu", "nd_range": {"device_start": 1585586485.2397487, "device_end": 1585586485.2407513}, "cmdq": 1, "read": {"device_start": -1, "device_end": -1}}, "FFC_sans_bias16": {"write": {"device_start": -1, "host_queued_start": 1585586550.662945, "device_queued": -1, "device_end": -1, "host_queued_end": 1585586550.66299}, "device": "cpu", "nd_range": {"device_start": 2254324.901536515, "device_end": 2254324.906063979}, "cmdq": 0, "read": {"device_start": -1, "device_end": -1}}, "FFC_sans_bias19": {"write": {"device_start": 1585586485.2338605, "host_queued_start": 1585586550.62856, "device_queued": 1585586485.2336333, "device_end": 1585586485.2339199, "host_queued_end": 1585586550.648369}, "device": "gpu", "nd_range": {"device_start": 1585586485.2339246, "device_end": 1585586485.2348616}, "cmdq": 0, "read": {"device_start": -1, "device_end": -1}}, "FFC_sans_bias18": {"write": {"device_start": 1585586485.23376, "host_queued_start": 1585586550.627548, "device_queued": 1585586485.2335188, "device_end": 1585586485.233846, "host_queued_end": 1585586550.648369}, "device": "gpu", "nd_range": {"device_start": 1585586485.2338498, "device_end": 1585586485.2344468}, "cmdq": 4, "read": {"device_start": -1, "device_end": -1}}, "coalesced_transpose30": {"write": {"device_start": -1, "host_queued_start": 1585586550.639746, "device_queued": -1, "device_end": -1, "host_queued_end": 1585586550.648369}, "device": "gpu", "nd_range": {"device_start": 1585586485.2382915, "device_end": 1585586485.239651}, "cmdq": 2, "read": {"device_start": -1, "device_end": -1}}, "FFC_sans_bias38": {"write": {"device_start": 1585586485.2359962, "host_queued_start": 1585586550.635948, "device_queued": 1585586485.234347, "device_end": 1585586485.2360275, "host_queued_end": 1585586550.648369}, "device": "gpu", "nd_range": {"device_start": 1585586485.2360342, "device_end": 1585586485.2382898}, "cmdq": 2, "read": {"device_start": -1, "device_end": -1}}, "empty26": {"write": {"device_start": 1585586485.2333045, "host_queued_start": 1585586550.623688, "device_queued": 1585586485.2331812, "device_end": 1585586485.2333522, "host_queued_end": 1585586550.648369}, "device": "gpu", "nd_range": {"device_start": 1585586485.2333558, "device_end": 1585586485.2333605}, "cmdq": 0, "read": {"device_start": -1, "device_end": -1}}, "coalesced_transpose12": {"write": {"device_start": -1, "host_queued_start": 1585586550.658473, "device_queued": -1, "device_end": -1, "host_queued_end": 1585586550.66299}, "device": "cpu", "nd_range": {"device_start": 2254324.878501011, "device_end": 2254324.878589344}, "cmdq": 0, "read": {"device_start": -1, "device_end": -1}}, "empty44": {"write": {"device_start": 1585586485.2335515, "host_queued_start": 1585586550.625586, "device_queued": 1585586485.233321, "device_end": 1585586485.2336154, "host_queued_end": 1585586550.648369}, "device": "gpu", "nd_range": {"device_start": 1585586485.2336187, "device_end": 1585586485.233623}, "cmdq": 2, "read": {"device_start": -1, "device_end": -1}}, "coalesced_transpose21": {"write": {"device_start": -1, "host_queued_start": 1585586550.639435, "device_queued": -1, "device_end": -1, "host_queued_end": 1585586550.648369}, "device": "gpu", "nd_range": {"device_start": 1585586485.237829, "device_end": 1585586485.239635}, "cmdq": 1, "read": {"device_start": -1, "device_end": -1}}, "FFC_sans_bias36": {"write": {"device_start": 1585586485.2349985, "host_queued_start": 1585586550.633835, "device_queued": 1585586485.2342622, "device_end": 1585586485.2350285, "host_queued_end": 1585586550.648369}, "device": "gpu", "nd_range": {"device_start": 1585586485.235031, "device_end": 1585586485.2373357}, "cmdq": 0, "read": {"device_start": -1, "device_end": -1}}, "softmax14": {"write": {"device_start": -1, "host_queued_start": 1585586550.659895, "device_queued": -1, "device_end": -1, "host_queued_end": 1585586550.66299}, "device": "cpu", "nd_range": {"device_start": 2254324.88788007, "device_end": 2254324.887961793}, "cmdq": 0, "read": {"device_start": -1, "device_end": -1}}, "FFC_sans_bias13": {"write": {"device_start": -1, "host_queued_start": 1585586550.659281, "device_queued": -1, "device_end": -1, "host_queued_end": 1585586550.66299}, "device": "cpu", "nd_range": {"device_start": 2254324.8832212123, "device_end": 2254324.8876385503}, "cmdq": 0, "read": {"device_start": -1, "device_end": -1}}, "empty8": {"write": {"device_start": -1, "host_queued_start": 1585586550.649858, "device_queued": -1, "device_end": -1, "host_queued_end": 1585586550.66299}, "device": "cpu", "nd_range": {"device_start": 2254324.8525685254, "device_end": 2254324.8525781203}, "cmdq": 0, "read": {"device_start": -1, "device_end": -1}}, "FFC_sans_bias42": {"write": {"device_start": -1, "host_queued_start": 1585586550.643783, "device_queued": -1, "device_end": -1, "host_queued_end": 1585586550.648369}, "device": "gpu", "nd_range": {"device_start": 1585586485.2422073, "device_end": 1585586485.2441952}, "cmdq": 0, "read": {"device_start": -1, "device_end": -1}}, "FFC_sans_bias43": {"write": {"device_start": 1585586485.2438912, "host_queued_start": 1585586550.647219, "device_queued": 1585586485.235847, "device_end": 1585586485.243923, "host_queued_end": 1585586550.648369}, "device": "gpu", "nd_range": {"device_start": 1585586485.2442136, "device_end": 1585586485.245674}, "cmdq": 4, "read": {"device_start": 1585586485.2456782, "device_end": 1585586485.2457013}}, "FFC_sans_bias40": {"write": {"device_start": -1, "host_queued_start": 1585586550.641328, "device_queued": -1, "device_end": -1, "host_queued_end": 1585586550.648369}, "device": "gpu", "nd_range": {"device_start": 1585586485.2397597, "device_end": 1585586485.2413304}, "cmdq": 2, "read": {"device_start": -1, "device_end": -1}}, "softmax32": {"write": {"device_start": -1, "host_queued_start": 1585586550.642162, "device_queued": -1, "device_end": -1, "host_queued_end": 1585586550.648369}, "device": "gpu", "nd_range": {"device_start": 1585586485.2407615, "device_end": 1585586485.2421663}, "cmdq": 0, "read": {"device_start": -1, "device_end": -1}}, "FFC_sans_bias47": {"write": {"device_start": 1585586485.2374597, "host_queued_start": 1585586550.639107, "device_queued": 1585586485.2347848, "device_end": 1585586485.2374902, "host_queued_end": 1585586550.648369}, "device": "gpu", "nd_range": {"device_start": 1585586485.2374973, "device_end": 1585586485.239728}, "cmdq": 0, "read": {"device_start": -1, "device_end": -1}}, "FFC_sans_bias45": {"write": {"device_start": 1585586485.2365017, "host_queued_start": 1585586550.636986, "device_queued": 1585586485.2344902, "device_end": 1585586485.236528, "host_queued_end": 1585586550.648369}, "device": "gpu", "nd_range": {"device_start": 1585586485.2365313, "device_end": 1585586485.2388003}, "cmdq": 3, "read": {"device_start": -1, "device_end": -1}}, "softmax50": {"write": {"device_start": -1, "host_queued_start": 1585586550.642816, "device_queued": -1, "device_end": -1, "host_queued_end": 1585586550.648369}, "device": "gpu", "nd_range": {"device_start": 1585586485.2417483, "device_end": 1585586485.2419522}, "cmdq": 2, "read": {"device_start": -1, "device_end": -1}}, "FFC_sans_bias33": {"write": {"device_start": -1, "host_queued_start": 1585586550.643468, "device_queued": -1, "device_end": -1, "host_queued_end": 1585586550.648369}, "device": "gpu", "nd_range": {"device_start": 1585586485.2421932, "device_end": 1585586485.243759}, "cmdq": 4, "read": {"device_start": -1, "device_end": -1}}, "FFC_sans_bias49": {"write": {"device_start": -1, "host_queued_start": 1585586550.641645, "device_queued": -1, "device_end": -1, "host_queued_end": 1585586550.648369}, "device": "gpu", "nd_range": {"device_start": 1585586485.239769, "device_end": 1585586485.2417367}, "cmdq": 3, "read": {"device_start": -1, "device_end": -1}}, "FFC_sans_bias24": {"write": {"device_start": -1, "host_queued_start": 1585586550.643147, "device_queued": -1, "device_end": -1, "host_queued_end": 1585586550.648369}, "device": "gpu", "nd_range": {"device_start": 1585586485.2421863, "device_end": 1585586485.2431948}, "cmdq": 3, "read": {"device_start": -1, "device_end": -1}}, "FFC_sans_bias25": {"write": {"device_start": 1585586485.2420897, "host_queued_start": 1585586550.645118, "device_queued": 1585586485.2357042, "device_end": 1585586485.2421157, "host_queued_end": 1585586550.648369}, "device": "gpu", "nd_range": {"device_start": 1585586485.2432148, "device_end": 1585586485.2447536}, "cmdq": 2, "read": {"device_start": 1585586485.244755, "device_end": 1585586485.244779}}, "FFC_sans_bias27": {"write": {"device_start": 1585586485.2340693, "host_queued_start": 1585586550.630697, "device_queued": 1585586485.23389, "device_end": 1585586485.2341115, "host_queued_end": 1585586550.648369}, "device": "gpu", "nd_range": {"device_start": 1585586485.2341187, "device_end": 1585586485.2358565}, "cmdq": 2, "read": {"device_start": -1, "device_end": -1}}, "FFC_sans_bias20": {"write": {"device_start": 1585586485.23398, "host_queued_start": 1585586550.629599, "device_queued": 1585586485.2338667, "device_end": 1585586485.2340627, "host_queued_end": 1585586550.648369}, "device": "gpu", "nd_range": {"device_start": 1585586485.2341037, "device_end": 1585586485.2354155}, "cmdq": 1, "read": {"device_start": -1, "device_end": -1}}, "FFC_sans_bias22": {"write": {"device_start": -1, "host_queued_start": 1585586550.640693, "device_queued": -1, "device_end": -1, "host_queued_end": 1585586550.648369}, "device": "gpu", "nd_range": {"device_start": 1585586485.2397373, "device_end": 1585586485.2403438}, "cmdq": 0, "read": {"device_start": -1, "device_end": -1}}, "softmax5": {"write": {"device_start": -1, "host_queued_start": 1585586550.659616, "device_queued": -1, "device_end": -1, "host_queued_end": 1585586550.66299}, "device": "cpu", "nd_range": {"device_start": 2254324.887644391, "device_end": 2254324.887764341}, "cmdq": 0, "read": {"device_start": -1, "device_end": -1}}, "FFC_sans_bias28": {"write": {"device_start": 1585586485.2341733, "host_queued_start": 1585586550.631744, "device_queued": 1585586485.2339072, "device_end": 1585586485.234198, "host_queued_end": 1585586550.648369}, "device": "gpu", "nd_range": {"device_start": 1585586485.2342014, "device_end": 1585586485.2363708}, "cmdq": 3, "read": {"device_start": -1, "device_end": -1}}, "FFC_sans_bias29": {"write": {"device_start": 1585586485.2345874, "host_queued_start": 1585586550.632793, "device_queued": 1585586485.2339263, "device_end": 1585586485.2346122, "host_queued_end": 1585586550.648369}, "device": "gpu", "nd_range": {"device_start": 1585586485.2346218, "device_end": 1585586485.2368395}, "cmdq": 4, "read": {"device_start": -1, "device_end": -1}}, "empty17": {"write": {"device_start": -1, "host_queued_start": 1585586550.651038, "device_queued": -1, "device_end": -1, "host_queued_end": 1585586550.66299}, "device": "cpu", "nd_range": {"device_start": 2254324.8525939593, "device_end": 2254324.852595203}, "cmdq": 0, "read": {"device_start": -1, "device_end": -1}}, "empty35": {"write": {"device_start": 1585586485.2334342, "host_queued_start": 1585586550.624736, "device_queued": 1585586485.2332883, "device_end": 1585586485.2335067, "host_queued_end": 1585586550.648369}, "device": "gpu", "nd_range": {"device_start": 1585586485.2335508, "device_end": 1585586485.233597}, "cmdq": 1, "read": {"device_start": -1, "device_end": -1}}, "empty53": {"write": {"device_start": 1585586485.2336538, "host_queued_start": 1585586550.626434, "device_queued": 1585586485.233351, "device_end": 1585586485.233736, "host_queued_end": 1585586550.648369}, "device": "gpu", "nd_range": {"device_start": 1585586485.2337406, "device_end": 1585586485.233746}, "cmdq": 3, "read": {"device_start": -1, "device_end": -1}}, "FFC_sans_bias46": {"write": {"device_start": 1585586485.236946, "host_queued_start": 1585586550.638022, "device_queued": 1585586485.2345288, "device_end": 1585586485.2369719, "host_queued_end": 1585586550.648369}, "device": "gpu", "nd_range": {"device_start": 1585586485.2369761, "device_end": 1585586485.2392557}, "cmdq": 4, "read": {"device_start": -1, "device_end": -1}}, "coalesced_transpose48": {"write": {"device_start": -1, "host_queued_start": 1585586550.640369, "device_queued": -1, "device_end": -1, "host_queued_end": 1585586550.648369}, "device": "gpu", "nd_range": {"device_start": 1585586485.2392569, "device_end": 1585586485.2396555}, "cmdq": 4, "read": {"device_start": -1, "device_end": -1}}}