{"FFC_sans_bias4": {"write": {"device_start": -1, "host_queued_start": 1585586485.05287, "device_queued": -1, "device_end": -1, "host_queued_end": 1585586485.064575}, "device": "cpu", "nd_range": {"device_start": 2254259.326558559, "device_end": 2254259.338677883}, "cmdq": 0, "read": {"device_start": -1, "device_end": -1}}, "FFC_sans_bias7": {"write": {"device_start": -1, "host_queued_start": 1585586485.059462, "device_queued": -1, "device_end": -1, "host_queued_end": 1585586485.064575}, "device": "cpu", "nd_range": {"device_start": 2254259.3906427333, "device_end": 2254259.402300632}, "cmdq": 0, "read": {"device_start": -1, "device_end": -1}}, "FFC_sans_bias6": {"write": {"device_start": -1, "host_queued_start": 1585586485.05665, "device_queued": -1, "device_end": -1, "host_queued_end": 1585586485.064575}, "device": "cpu", "nd_range": {"device_start": 2254259.3606414422, "device_end": 2254259.371139151}, "cmdq": 0, "read": {"device_start": -1, "device_end": -1}}, "FFC_sans_bias1": {"write": {"device_start": -1, "host_queued_start": 1585586485.033087, "device_queued": -1, "device_end": -1, "host_queued_end": 1585586485.064575}, "device": "cpu", "nd_range": {"device_start": 2254259.254247154, "device_end": 2254259.262293354}, "cmdq": 1, "read": {"device_start": -1, "device_end": -1}}, "FFC_sans_bias0": {"write": {"device_start": -1, "host_queued_start": 1585586485.031976, "device_queued": -1, "device_end": -1, "host_queued_end": 1585586485.064575}, "device": "cpu", "nd_range": {"device_start": 2254259.2542473204, "device_end": 2254259.2624757113}, "cmdq": 0, "read": {"device_start": -1, "device_end": -1}}, "FFC_sans_bias2": {"write": {"device_start": -1, "host_queued_start": 1585586485.034193, "device_queued": -1, "device_end": -1, "host_queued_end": 1585586485.064575}, "device": "cpu", "nd_range": {"device_start": 2254259.262605878, "device_end": 2254259.271968285}, "cmdq": 0, "read": {"device_start": -1, "device_end": -1}}, "FFC_sans_bias52": {"write": {"device_start": -1, "host_queued_start": 1585586485.06453, "device_queued": -1, "device_end": -1, "host_queued_end": 1585586485.064575}, "device": "cpu", "nd_range": {"device_start": 2254259.428264451, "device_end": 2254259.433512267}, "cmdq": 1, "read": {"device_start": -1, "device_end": -1}}, "FFC_sans_bias9": {"write": {"device_start": -1, "host_queued_start": 1585586485.035286, "device_queued": -1, "device_end": -1, "host_queued_end": 1585586485.064575}, "device": "cpu", "nd_range": {"device_start": 2254259.262401185, "device_end": 2254259.267636763}, "cmdq": 1, "read": {"device_start": -1, "device_end": -1}}, "coalesced_transpose39": {"write": {"device_start": -1, "host_queued_start": 1585586485.052191, "device_queued": -1, "device_end": -1, "host_queued_end": 1585586485.064575}, "device": "cpu", "nd_range": {"device_start": 2254259.3261604384, "device_end": 2254259.326421781}, "cmdq": 0, "read": {"device_start": -1, "device_end": -1}}, "FFC_sans_bias51": {"write": {"device_start": -1, "host_queued_start": 1585586485.05839, "device_queued": -1, "device_end": -1, "host_queued_end": 1585586485.064575}, "device": "cpu", "nd_range": {"device_start": 2254259.397663795, "device_end": 2254259.407418062}, "cmdq": 1, "read": {"device_start": -1, "device_end": -1}}, "softmax23": {"write": {"device_start": -1, "host_queued_start": 1585586485.055469, "device_queued": -1, "device_end": -1, "host_queued_end": 1585586485.064575}, "device": "cpu", "nd_range": {"device_start": 2254259.360008595, "device_end": 2254259.3602165934}, "cmdq": 0, "read": {"device_start": -1, "device_end": -1}}, "FFC_sans_bias37": {"write": {"device_start": -1, "host_queued_start": 1585586485.046035, "device_queued": -1, "device_end": -1, "host_queued_end": 1585586485.064575}, "device": "cpu", "nd_range": {"device_start": 2254259.320871394, "device_end": 2254259.32611731}, "cmdq": 1, "read": {"device_start": -1, "device_end": -1}}, "softmax41": {"write": {"device_start": -1, "host_queued_start": 1585586485.056026, "device_queued": -1, "device_end": -1, "host_queued_end": 1585586485.064575}, "device": "cpu", "nd_range": {"device_start": 2254259.360332473, "device_end": 2254259.36053704}, "cmdq": 0, "read": {"device_start": -1, "device_end": -1}}, "FFC_sans_bias11": {"write": {"device_start": -1, "host_queued_start": 1585586485.037426, "device_queued": -1, "device_end": -1, "host_queued_end": 1585586485.064575}, "device": "cpu", "nd_range": {"device_start": 2254259.2687210073, "device_end": 2254259.27581834}, "cmdq": 1, "read": {"device_start": -1, "device_end": -1}}, "FFC_sans_bias10": {"write": {"device_start": -1, "host_queued_start": 1585586485.036353, "device_queued": -1, "device_end": -1, "host_queued_end": 1585586485.064575}, "device": "cpu", "nd_range": {"device_start": 2254259.272094543, "device_end": 2254259.2790038073}, "cmdq": 0, "read": {"device_start": -1, "device_end": -1}}, "coalesced_transpose3": {"write": {"device_start": -1, "host_queued_start": 1585586485.05071, "device_queued": -1, "device_end": -1, "host_queued_end": 1585586485.064575}, "device": "cpu", "nd_range": {"device_start": 2254259.3199126893, "device_end": 2254259.320078608}, "cmdq": 0, "read": {"device_start": -1, "device_end": -1}}, "FFC_sans_bias34": {"write": {"device_start": -1, "host_queued_start": 1585586485.062492, "device_queued": -1, "device_end": -1, "host_queued_end": 1585586485.064575}, "device": "cpu", "nd_range": {"device_start": 2254259.4229969783, "device_end": 2254259.428259169}, "cmdq": 1, "read": {"device_start": -1, "device_end": -1}}, "FFC_sans_bias15": {"write": {"device_start": -1, "host_queued_start": 1585586485.056998, "device_queued": -1, "device_end": -1, "host_queued_end": 1585586485.064575}, "device": "cpu", "nd_range": {"device_start": 2254259.376695291, "device_end": 2254259.389088353}, "cmdq": 1, "read": {"device_start": -1, "device_end": -1}}, "FFC_sans_bias31": {"write": {"device_start": -1, "host_queued_start": 1585586485.053917, "device_queued": -1, "device_end": -1, "host_queued_end": 1585586485.064575}, "device": "cpu", "nd_range": {"device_start": 2254259.356033916, "device_end": 2254259.365381158}, "cmdq": 1, "read": {"device_start": -1, "device_end": -1}}, "FFC_sans_bias16": {"write": {"device_start": -1, "host_queued_start": 1585586485.060474, "device_queued": -1, "device_end": -1, "host_queued_end": 1585586485.064575}, "device": "cpu", "nd_range": {"device_start": 2254259.407424009, "device_end": 2254259.41698677}, "cmdq": 1, "read": {"device_start": -1, "device_end": -1}}, "FFC_sans_bias19": {"write": {"device_start": -1, "host_queued_start": 1585586485.039568, "device_queued": -1, "device_end": -1, "host_queued_end": 1585586485.064575}, "device": "cpu", "nd_range": {"device_start": 2254259.283051195, "device_end": 2254259.289470871}, "cmdq": 1, "read": {"device_start": -1, "device_end": -1}}, "FFC_sans_bias18": {"write": {"device_start": -1, "host_queued_start": 1585586485.038493, "device_queued": -1, "device_end": -1, "host_queued_end": 1585586485.064575}, "device": "cpu", "nd_range": {"device_start": 2254259.2790112663, "device_end": 2254259.284952145}, "cmdq": 0, "read": {"device_start": -1, "device_end": -1}}, "coalesced_transpose30": {"write": {"device_start": -1, "host_queued_start": 1585586485.051855, "device_queued": -1, "device_end": -1, "host_queued_end": 1585586485.064575}, "device": "cpu", "nd_range": {"device_start": 2254259.344690606, "device_end": 2254259.344944177}, "cmdq": 1, "read": {"device_start": -1, "device_end": -1}}, "FFC_sans_bias38": {"write": {"device_start": -1, "host_queued_start": 1585586485.047112, "device_queued": -1, "device_end": -1, "host_queued_end": 1585586485.064575}, "device": "cpu", "nd_range": {"device_start": 2254259.3058152744, "device_end": 2254259.311546428}, "cmdq": 0, "read": {"device_start": -1, "device_end": -1}}, "empty26": {"write": {"device_start": -1, "host_queued_start": 1585586485.028387, "device_queued": -1, "device_end": -1, "host_queued_end": 1585586485.064575}, "device": "cpu", "nd_range": {"device_start": 2254259.2542333803, "device_end": 2254259.2542347102}, "cmdq": 0, "read": {"device_start": -1, "device_end": -1}}, "coalesced_transpose12": {"write": {"device_start": -1, "host_queued_start": 1585586485.051173, "device_queued": -1, "device_end": -1, "host_queued_end": 1585586485.064575}, "device": "cpu", "nd_range": {"device_start": 2254259.3443056243, "device_end": 2254259.3445762843}, "cmdq": 1, "read": {"device_start": -1, "device_end": -1}}, "empty44": {"write": {"device_start": -1, "host_queued_start": 1585586485.030077, "device_queued": -1, "device_end": -1, "host_queued_end": 1585586485.064575}, "device": "cpu", "nd_range": {"device_start": 2254259.2542409953, "device_end": 2254259.254241947}, "cmdq": 0, "read": {"device_start": -1, "device_end": -1}}, "coalesced_transpose21": {"write": {"device_start": -1, "host_queued_start": 1585586485.05152, "device_queued": -1, "device_end": -1, "host_queued_end": 1585586485.064575}, "device": "cpu", "nd_range": {"device_start": 2254259.3202102203, "device_end": 2254259.3203222523}, "cmdq": 0, "read": {"device_start": -1, "device_end": -1}}, "FFC_sans_bias36": {"write": {"device_start": -1, "host_queued_start": 1585586485.044966, "device_queued": -1, "device_end": -1, "host_queued_end": 1585586485.064575}, "device": "cpu", "nd_range": {"device_start": 2254259.298284416, "device_end": 2254259.3058082974}, "cmdq": 0, "read": {"device_start": -1, "device_end": -1}}, "softmax14": {"write": {"device_start": -1, "host_queued_start": 1585586485.055187, "device_queued": -1, "device_end": -1, "host_queued_end": 1585586485.064575}, "device": "cpu", "nd_range": {"device_start": 2254259.3760424, "device_end": 2254259.376260016}, "cmdq": 1, "read": {"device_start": -1, "device_end": -1}}, "FFC_sans_bias13": {"write": {"device_start": -1, "host_queued_start": 1585586485.053222, "device_queued": -1, "device_end": -1, "host_queued_end": 1585586485.064575}, "device": "cpu", "nd_range": {"device_start": 2254259.345404665, "device_end": 2254259.355913843}, "cmdq": 1, "read": {"device_start": -1, "device_end": -1}}, "empty8": {"write": {"device_start": -1, "host_queued_start": 1585586485.026254, "device_queued": -1, "device_end": -1, "host_queued_end": 1585586485.064575}, "device": "cpu", "nd_range": {"device_start": 2254259.2541982, "device_end": 2254259.254209556}, "cmdq": 0, "read": {"device_start": -1, "device_end": -1}}, "FFC_sans_bias42": {"write": {"device_start": -1, "host_queued_start": 1585586485.058042, "device_queued": -1, "device_end": -1, "host_queued_end": 1585586485.064575}, "device": "cpu", "nd_range": {"device_start": 2254259.381130107, "device_end": 2254259.390635829}, "cmdq": 0, "read": {"device_start": -1, "device_end": -1}}, "FFC_sans_bias43": {"write": {"device_start": -1, "host_queued_start": 1585586485.063515, "device_queued": -1, "device_end": -1, "host_queued_end": 1585586485.064575}, "device": "cpu", "nd_range": {"device_start": 2254259.4152473384, "device_end": 2254259.421194199}, "cmdq": 0, "read": {"device_start": -1, "device_end": -1}}, "FFC_sans_bias40": {"write": {"device_start": -1, "host_queued_start": 1585586485.054267, "device_queued": -1, "device_end": -1, "host_queued_end": 1585586485.064575}, "device": "cpu", "nd_range": {"device_start": 2254259.3489503004, "device_end": 2254259.359553393}, "cmdq": 0, "read": {"device_start": -1, "device_end": -1}}, "softmax32": {"write": {"device_start": -1, "host_queued_start": 1585586485.055749, "device_queued": -1, "device_end": -1, "host_queued_end": 1585586485.064575}, "device": "cpu", "nd_range": {"device_start": 2254259.376265104, "device_end": 2254259.376475384}, "cmdq": 1, "read": {"device_start": -1, "device_end": -1}}, "FFC_sans_bias47": {"write": {"device_start": -1, "host_queued_start": 1585586485.050352, "device_queued": -1, "device_end": -1, "host_queued_end": 1585586485.064575}, "device": "cpu", "nd_range": {"device_start": 2254259.334878803, "device_end": 2254259.344185731}, "cmdq": 1, "read": {"device_start": -1, "device_end": -1}}, "FFC_sans_bias45": {"write": {"device_start": -1, "host_queued_start": 1585586485.048185, "device_queued": -1, "device_end": -1, "host_queued_end": 1585586485.064575}, "device": "cpu", "nd_range": {"device_start": 2254259.326136224, "device_end": 2254259.3347522193}, "cmdq": 1, "read": {"device_start": -1, "device_end": -1}}, "softmax50": {"write": {"device_start": -1, "host_queued_start": 1585586485.056303, "device_queued": -1, "device_end": -1, "host_queued_end": 1585586485.064575}, "device": "cpu", "nd_range": {"device_start": 2254259.376480941, "device_end": 2254259.376688267}, "cmdq": 1, "read": {"device_start": -1, "device_end": -1}}, "FFC_sans_bias33": {"write": {"device_start": -1, "host_queued_start": 1585586485.057694, "device_queued": -1, "device_end": -1, "host_queued_end": 1585586485.064575}, "device": "cpu", "nd_range": {"device_start": 2254259.38909491, "device_end": 2254259.3976576673}, "cmdq": 1, "read": {"device_start": -1, "device_end": -1}}, "FFC_sans_bias49": {"write": {"device_start": -1, "host_queued_start": 1585586485.054618, "device_queued": -1, "device_end": -1, "host_queued_end": 1585586485.064575}, "device": "cpu", "nd_range": {"device_start": 2254259.365496526, "device_end": 2254259.376035031}, "cmdq": 1, "read": {"device_start": -1, "device_end": -1}}, "FFC_sans_bias24": {"write": {"device_start": -1, "host_queued_start": 1585586485.057343, "device_queued": -1, "device_end": -1, "host_queued_end": 1585586485.064575}, "device": "cpu", "nd_range": {"device_start": 2254259.3712563682, "device_end": 2254259.381122167}, "cmdq": 0, "read": {"device_start": -1, "device_end": -1}}, "FFC_sans_bias25": {"write": {"device_start": -1, "host_queued_start": 1585586485.061481, "device_queued": -1, "device_end": -1, "host_queued_end": 1585586485.064575}, "device": "cpu", "nd_range": {"device_start": 2254259.402306851, "device_end": 2254259.415244357}, "cmdq": 0, "read": {"device_start": -1, "device_end": -1}}, "FFC_sans_bias27": {"write": {"device_start": -1, "host_queued_start": 1585586485.041711, "device_queued": -1, "device_end": -1, "host_queued_end": 1585586485.064575}, "device": "cpu", "nd_range": {"device_start": 2254259.296019285, "device_end": 2254259.303142523}, "cmdq": 1, "read": {"device_start": -1, "device_end": -1}}, "FFC_sans_bias20": {"write": {"device_start": -1, "host_queued_start": 1585586485.040644, "device_queued": -1, "device_end": -1, "host_queued_end": 1585586485.064575}, "device": "cpu", "nd_range": {"device_start": 2254259.285078591, "device_end": 2254259.2923339154}, "cmdq": 0, "read": {"device_start": -1, "device_end": -1}}, "FFC_sans_bias22": {"write": {"device_start": -1, "host_queued_start": 1585586485.05357, "device_queued": -1, "device_end": -1, "host_queued_end": 1585586485.064575}, "device": "cpu", "nd_range": {"device_start": 2254259.338800169, "device_end": 2254259.348833388}, "cmdq": 0, "read": {"device_start": -1, "device_end": -1}}, "softmax5": {"write": {"device_start": -1, "host_queued_start": 1585586485.054902, "device_queued": -1, "device_end": -1, "host_queued_end": 1585586485.064575}, "device": "cpu", "nd_range": {"device_start": 2254259.3596669463, "device_end": 2254259.3598933923}, "cmdq": 0, "read": {"device_start": -1, "device_end": -1}}, "FFC_sans_bias28": {"write": {"device_start": -1, "host_queued_start": 1585586485.042803, "device_queued": -1, "device_end": -1, "host_queued_end": 1585586485.064575}, "device": "cpu", "nd_range": {"device_start": 2254259.292457721, "device_end": 2254259.2981708283}, "cmdq": 0, "read": {"device_start": -1, "device_end": -1}}, "FFC_sans_bias29": {"write": {"device_start": -1, "host_queued_start": 1585586485.04388, "device_queued": -1, "device_end": -1, "host_queued_end": 1585586485.064575}, "device": "cpu", "nd_range": {"device_start": 2254259.3103970042, "device_end": 2254259.320864004}, "cmdq": 1, "read": {"device_start": -1, "device_end": -1}}, "empty17": {"write": {"device_start": -1, "host_queued_start": 1585586485.027404, "device_queued": -1, "device_end": -1, "host_queued_end": 1585586485.064575}, "device": "cpu", "nd_range": {"device_start": 2254259.254198126, "device_end": 2254259.254209719}, "cmdq": 1, "read": {"device_start": -1, "device_end": -1}}, "empty35": {"write": {"device_start": -1, "host_queued_start": 1585586485.029241, "device_queued": -1, "device_end": -1, "host_queued_end": 1585586485.064575}, "device": "cpu", "nd_range": {"device_start": 2254259.2542333864, "device_end": 2254259.254234863}, "cmdq": 1, "read": {"device_start": -1, "device_end": -1}}, "empty53": {"write": {"device_start": -1, "host_queued_start": 1585586485.030963, "device_queued": -1, "device_end": -1, "host_queued_end": 1585586485.064575}, "device": "cpu", "nd_range": {"device_start": 2254259.254241343, "device_end": 2254259.254241954}, "cmdq": 1, "read": {"device_start": -1, "device_end": -1}}, "FFC_sans_bias46": {"write": {"device_start": -1, "host_queued_start": 1585586485.049254, "device_queued": -1, "device_end": -1, "host_queued_end": 1585586485.064575}, "device": "cpu", "nd_range": {"device_start": 2254259.311666876, "device_end": 2254259.319904713}, "cmdq": 0, "read": {"device_start": -1, "device_end": -1}}, "coalesced_transpose48": {"write": {"device_start": -1, "host_queued_start": 1585586485.052524, "device_queued": -1, "device_end": -1, "host_queued_end": 1585586485.064575}, "device": "cpu", "nd_range": {"device_start": 2254259.345053254, "device_end": 2254259.345298661}, "cmdq": 1, "read": {"device_start": -1, "device_end": -1}}}