{"FFC_sans_bias4": {"write": {"device_start": -1, "host_queued_start": 1585586468.736617, "device_queued": -1, "device_end": -1, "host_queued_end": 1585586468.747898}, "device": "gpu", "nd_range": {"device_start": 1585586403.3445356, "device_end": 1585586403.3455317}, "cmdq": 2, "read": {"device_start": -1, "device_end": -1}}, "FFC_sans_bias7": {"write": {"device_start": 1585586403.3486884, "host_queued_start": 1585586468.742559, "device_queued": 1585586403.3388996, "device_end": 1585586403.3487191, "host_queued_end": 1585586468.747898}, "device": "gpu", "nd_range": {"device_start": 1585586403.3487384, "device_end": 1585586403.350561}, "cmdq": 0, "read": {"device_start": 1585586403.3505678, "device_end": 1585586403.3505907}}, "FFC_sans_bias6": {"write": {"device_start": -1, "host_queued_start": 1585586468.739964, "device_queued": -1, "device_end": -1, "host_queued_end": 1585586468.747898}, "device": "gpu", "nd_range": {"device_start": 1585586403.3475676, "device_end": 1585586403.3481686}, "cmdq": 2, "read": {"device_start": -1, "device_end": -1}}, "FFC_sans_bias1": {"write": {"device_start": 1585586403.3357553, "host_queued_start": 1585586468.717718, "device_queued": 1585586403.3354871, "device_end": 1585586403.3358245, "host_queued_end": 1585586468.747898}, "device": "gpu", "nd_range": {"device_start": 1585586403.3358305, "device_end": 1585586403.336731}, "cmdq": 3, "read": {"device_start": -1, "device_end": -1}}, "FFC_sans_bias0": {"write": {"device_start": 1585586403.3356614, "host_queued_start": 1585586468.716684, "device_queued": 1585586403.3354712, "device_end": 1585586403.33572, "host_queued_end": 1585586468.747898}, "device": "gpu", "nd_range": {"device_start": 1585586403.3357232, "device_end": 1585586403.3363256}, "cmdq": 2, "read": {"device_start": -1, "device_end": -1}}, "FFC_sans_bias2": {"write": {"device_start": 1585586403.3358457, "host_queued_start": 1585586468.718812, "device_queued": 1585586403.3357217, "device_end": 1585586403.33587, "host_queued_end": 1585586468.747898}, "device": "gpu", "nd_range": {"device_start": 1585586403.3358734, "device_end": 1585586403.3373058}, "cmdq": 0, "read": {"device_start": -1, "device_end": -1}}, "FFC_sans_bias52": {"write": {"device_start": 1585586403.3522232, "host_queued_start": 1585586468.747799, "device_queued": 1585586403.3395941, "device_end": 1585586403.352254, "host_queued_end": 1585586468.747898}, "device": "gpu", "nd_range": {"device_start": 1585586403.352262, "device_end": 1585586403.3534374}, "cmdq": 1, "read": {"device_start": 1585586403.3534455, "device_end": 1585586403.3534675}}, "FFC_sans_bias9": {"write": {"device_start": 1585586403.3359852, "host_queued_start": 1585586468.719837, "device_queued": 1585586403.3358912, "device_end": 1585586403.3360152, "host_queued_end": 1585586468.747898}, "device": "gpu", "nd_range": {"device_start": 1585586403.3360176, "device_end": 1585586403.3377216}, "cmdq": 1, "read": {"device_start": -1, "device_end": -1}}, "coalesced_transpose39": {"write": {"device_start": -1, "host_queued_start": 1585586468.735999, "device_queued": -1, "device_end": -1, "host_queued_end": 1585586468.747898}, "device": "gpu", "nd_range": {"device_start": 1585586403.344397, "device_end": 1585586403.344425}, "cmdq": 0, "read": {"device_start": -1, "device_end": -1}}, "FFC_sans_bias51": {"write": {"device_start": -1, "host_queued_start": 1585586468.741526, "device_queued": -1, "device_end": -1, "host_queued_end": 1585586468.747898}, "device": "gpu", "nd_range": {"device_start": 1585586403.3491647, "device_end": 1585586403.3510897}, "cmdq": 3, "read": {"device_start": -1, "device_end": -1}}, "softmax23": {"write": {"device_start": -1, "host_queued_start": 1585586468.738928, "device_queued": -1, "device_end": -1, "host_queued_end": 1585586468.747898}, "device": "gpu", "nd_range": {"device_start": 1585586403.3470755, "device_end": 1585586403.3475587}, "cmdq": 2, "read": {"device_start": -1, "device_end": -1}}, "FFC_sans_bias37": {"write": {"device_start": 1585586403.340817, "host_queued_start": 1585586468.730198, "device_queued": 1585586403.336862, "device_end": 1585586403.3408487, "host_queued_end": 1585586468.747898}, "device": "gpu", "nd_range": {"device_start": 1585586403.3408523, "device_end": 1585586403.342571}, "cmdq": 3, "read": {"device_start": -1, "device_end": -1}}, "softmax41": {"write": {"device_start": -1, "host_queued_start": 1585586468.739411, "device_queued": -1, "device_end": -1, "host_queued_end": 1585586468.747898}, "device": "gpu", "nd_range": {"device_start": 1585586403.3472555, "device_end": 1585586403.3477905}, "cmdq": 0, "read": {"device_start": -1, "device_end": -1}}, "FFC_sans_bias11": {"write": {"device_start": 1585586403.3368378, "host_queued_start": 1585586468.721896, "device_queued": 1585586403.3359332, "device_end": 1585586403.3368628, "host_queued_end": 1585586468.747898}, "device": "gpu", "nd_range": {"device_start": 1585586403.3368733, "device_end": 1585586403.338714}, "cmdq": 3, "read": {"device_start": -1, "device_end": -1}}, "FFC_sans_bias10": {"write": {"device_start": 1585586403.3364856, "host_queued_start": 1585586468.720865, "device_queued": 1585586403.3359184, "device_end": 1585586403.3365147, "host_queued_end": 1585586468.747898}, "device": "gpu", "nd_range": {"device_start": 1585586403.3365228, "device_end": 1585586403.3382683}, "cmdq": 2, "read": {"device_start": -1, "device_end": -1}}, "coalesced_transpose3": {"write": {"device_start": -1, "host_queued_start": 1585586468.734673, "device_queued": -1, "device_end": -1, "host_queued_end": 1585586468.747898}, "device": "gpu", "nd_range": {"device_start": 1585586403.3430939, "device_end": 1585586403.3443885}, "cmdq": 0, "read": {"device_start": -1, "device_end": -1}}, "FFC_sans_bias34": {"write": {"device_start": 1585586403.3512042, "host_queued_start": 1585586468.745703, "device_queued": 1585586403.3390949, "device_end": 1585586403.3512352, "host_queued_end": 1585586468.747898}, "device": "gpu", "nd_range": {"device_start": 1585586403.35125, "device_end": 1585586403.3529913}, "cmdq": 3, "read": {"device_start": 1585586403.352994, "device_end": 1585586403.3530161}}, "FFC_sans_bias15": {"write": {"device_start": -1, "host_queued_start": 1585586468.740276, "device_queued": -1, "device_end": -1, "host_queued_end": 1585586468.747898}, "device": "gpu", "nd_range": {"device_start": 1585586403.3478816, "device_end": 1585586403.3491569}, "cmdq": 3, "read": {"device_start": -1, "device_end": -1}}, "FFC_sans_bias31": {"write": {"device_start": -1, "host_queued_start": 1585586468.737561, "device_queued": -1, "device_end": -1, "host_queued_end": 1585586468.747898}, "device": "gpu", "nd_range": {"device_start": 1585586403.3445616, "device_end": 1585586403.3465219}, "cmdq": 1, "read": {"device_start": -1, "device_end": -1}}, "FFC_sans_bias16": {"write": {"device_start": 1585586403.3502433, "host_queued_start": 1585586468.743618, "device_queued": 1585586403.339056, "device_end": 1585586403.3502746, "host_queued_end": 1585586468.747898}, "device": "gpu", "nd_range": {"device_start": 1585586403.3502915, "device_end": 1585586403.3520324}, "cmdq": 1, "read": {"device_start": 1585586403.352036, "device_end": 1585586403.352059}}, "FFC_sans_bias19": {"write": {"device_start": 1585586403.3378515, "host_queued_start": 1585586468.723973, "device_queued": 1585586403.3362854, "device_end": 1585586403.3378813, "host_queued_end": 1585586468.747898}, "device": "gpu", "nd_range": {"device_start": 1585586403.337887, "device_end": 1585586403.3396978}, "cmdq": 1, "read": {"device_start": -1, "device_end": -1}}, "FFC_sans_bias18": {"write": {"device_start": 1585586403.33741, "host_queued_start": 1585586468.722944, "device_queued": 1585586403.3361404, "device_end": 1585586403.3374403, "host_queued_end": 1585586468.747898}, "device": "gpu", "nd_range": {"device_start": 1585586403.3374455, "device_end": 1585586403.3392038}, "cmdq": 0, "read": {"device_start": -1, "device_end": -1}}, "coalesced_transpose30": {"write": {"device_start": -1, "host_queued_start": 1585586468.735665, "device_queued": -1, "device_end": -1, "host_queued_end": 1585586468.747898}, "device": "gpu", "nd_range": {"device_start": 1585586403.3445091, "device_end": 1585586403.3445392}, "cmdq": 3, "read": {"device_start": -1, "device_end": -1}}, "FFC_sans_bias38": {"write": {"device_start": 1585586403.3412464, "host_queued_start": 1585586468.731267, "device_queued": 1585586403.3370798, "device_end": 1585586403.3412783, "host_queued_end": 1585586468.747898}, "device": "gpu", "nd_range": {"device_start": 1585586403.3412848, "device_end": 1585586403.3430927}, "cmdq": 0, "read": {"device_start": -1, "device_end": -1}}, "empty26": {"write": {"device_start": 1585586403.335312, "host_queued_start": 1585586468.713156, "device_queued": 1585586403.335112, "device_end": 1585586403.335378, "host_queued_end": 1585586468.747898}, "device": "gpu", "nd_range": {"device_start": 1585586403.3353848, "device_end": 1585586403.335391}, "cmdq": 2, "read": {"device_start": -1, "device_end": -1}}, "coalesced_transpose12": {"write": {"device_start": -1, "host_queued_start": 1585586468.734979, "device_queued": -1, "device_end": -1, "host_queued_end": 1585586468.747898}, "device": "gpu", "nd_range": {"device_start": 1585586403.343542, "device_end": 1585586403.3444016}, "cmdq": 1, "read": {"device_start": -1, "device_end": -1}}, "empty44": {"write": {"device_start": 1585586403.3354907, "host_queued_start": 1585586468.714903, "device_queued": 1585586403.3353977, "device_end": 1585586403.3355668, "host_queued_end": 1585586468.747898}, "device": "gpu", "nd_range": {"device_start": 1585586403.3355708, "device_end": 1585586403.3355753}, "cmdq": 0, "read": {"device_start": -1, "device_end": -1}}, "coalesced_transpose21": {"write": {"device_start": -1, "host_queued_start": 1585586468.735282, "device_queued": -1, "device_end": -1, "host_queued_end": 1585586468.747898}, "device": "gpu", "nd_range": {"device_start": 1585586403.3440654, "device_end": 1585586403.3444173}, "cmdq": 2, "read": {"device_start": -1, "device_end": -1}}, "FFC_sans_bias36": {"write": {"device_start": 1585586403.3402834, "host_queued_start": 1585586468.729172, "device_queued": 1585586403.3368437, "device_end": 1585586403.340317, "host_queued_end": 1585586468.747898}, "device": "gpu", "nd_range": {"device_start": 1585586403.3403363, "device_end": 1585586403.3421116}, "cmdq": 2, "read": {"device_start": -1, "device_end": -1}}, "softmax14": {"write": {"device_start": -1, "host_queued_start": 1585586468.738685, "device_queued": -1, "device_end": -1, "host_queued_end": 1585586468.747898}, "device": "gpu", "nd_range": {"device_start": 1585586403.3465312, "device_end": 1585586403.3477762}, "cmdq": 1, "read": {"device_start": -1, "device_end": -1}}, "FFC_sans_bias13": {"write": {"device_start": -1, "host_queued_start": 1585586468.736932, "device_queued": -1, "device_end": -1, "host_queued_end": 1585586468.747898}, "device": "gpu", "nd_range": {"device_start": 1585586403.34455, "device_end": 1585586403.3461123}, "cmdq": 3, "read": {"device_start": -1, "device_end": -1}}, "empty8": {"write": {"device_start": 1585586403.335091, "host_queued_start": 1585586468.711206, "device_queued": 1585586403.3349357, "device_end": 1585586403.3351333, "host_queued_end": 1585586468.747898}, "device": "gpu", "nd_range": {"device_start": 1585586403.335137, "device_end": 1585586403.3351498}, "cmdq": 0, "read": {"device_start": -1, "device_end": -1}}, "FFC_sans_bias42": {"write": {"device_start": -1, "host_queued_start": 1585586468.74121, "device_queued": -1, "device_end": -1, "host_queued_end": 1585586468.747898}, "device": "gpu", "nd_range": {"device_start": 1585586403.3481762, "device_end": 1585586403.3495743}, "cmdq": 2, "read": {"device_start": -1, "device_end": -1}}, "FFC_sans_bias43": {"write": {"device_start": 1585586403.3507693, "host_queued_start": 1585586468.746766, "device_queued": 1585586403.3394432, "device_end": 1585586403.3508, "host_queued_end": 1585586468.747898}, "device": "gpu", "nd_range": {"device_start": 1585586403.3508108, "device_end": 1585586403.35251}, "cmdq": 0, "read": {"device_start": 1585586403.3525195, "device_end": 1585586403.3525498}}, "FFC_sans_bias40": {"write": {"device_start": -1, "host_queued_start": 1585586468.737871, "device_queued": -1, "device_end": -1, "host_queued_end": 1585586468.747898}, "device": "gpu", "nd_range": {"device_start": 1585586403.3455415, "device_end": 1585586403.3470666}, "cmdq": 2, "read": {"device_start": -1, "device_end": -1}}, "softmax32": {"write": {"device_start": -1, "host_queued_start": 1585586468.739172, "device_queued": -1, "device_end": -1, "host_queued_end": 1585586468.747898}, "device": "gpu", "nd_range": {"device_start": 1585586403.3475192, "device_end": 1585586403.3478725}, "cmdq": 3, "read": {"device_start": -1, "device_end": -1}}, "FFC_sans_bias47": {"write": {"device_start": 1585586403.3426883, "host_queued_start": 1585586468.734338, "device_queued": 1585586403.3372812, "device_end": 1585586403.3427198, "host_queued_end": 1585586468.747898}, "device": "gpu", "nd_range": {"device_start": 1585586403.3427262, "device_end": 1585586403.3445024}, "cmdq": 3, "read": {"device_start": -1, "device_end": -1}}, "FFC_sans_bias45": {"write": {"device_start": 1585586403.341781, "host_queued_start": 1585586468.732288, "device_queued": 1585586403.3372386, "device_end": 1585586403.3418121, "host_queued_end": 1585586468.747898}, "device": "gpu", "nd_range": {"device_start": 1585586403.3418167, "device_end": 1585586403.343541}, "cmdq": 1, "read": {"device_start": -1, "device_end": -1}}, "softmax50": {"write": {"device_start": -1, "host_queued_start": 1585586468.739655, "device_queued": -1, "device_end": -1, "host_queued_end": 1585586468.747898}, "device": "gpu", "nd_range": {"device_start": 1585586403.347784, "device_end": 1585586403.3483465}, "cmdq": 1, "read": {"device_start": -1, "device_end": -1}}, "FFC_sans_bias33": {"write": {"device_start": -1, "host_queued_start": 1585586468.740898, "device_queued": -1, "device_end": -1, "host_queued_end": 1585586468.747898}, "device": "gpu", "nd_range": {"device_start": 1585586403.3483546, "device_end": 1585586403.350117}, "cmdq": 1, "read": {"device_start": -1, "device_end": -1}}, "FFC_sans_bias49": {"write": {"device_start": -1, "host_queued_start": 1585586468.738182, "device_queued": -1, "device_end": -1, "host_queued_end": 1585586468.747898}, "device": "gpu", "nd_range": {"device_start": 1585586403.3461213, "device_end": 1585586403.34751}, "cmdq": 3, "read": {"device_start": -1, "device_end": -1}}, "FFC_sans_bias24": {"write": {"device_start": -1, "host_queued_start": 1585586468.740585, "device_queued": -1, "device_end": -1, "host_queued_end": 1585586468.747898}, "device": "gpu", "nd_range": {"device_start": 1585586403.347805, "device_end": 1585586403.3485806}, "cmdq": 0, "read": {"device_start": -1, "device_end": -1}}, "FFC_sans_bias25": {"write": {"device_start": 1585586403.3496885, "host_queued_start": 1585586468.744645, "device_queued": 1585586403.339075, "device_end": 1585586403.3497188, "host_queued_end": 1585586468.747898}, "device": "gpu", "nd_range": {"device_start": 1585586403.3497336, "device_end": 1585586403.3515332}, "cmdq": 2, "read": {"device_start": 1585586403.3515406, "device_end": 1585586403.3515627}}, "FFC_sans_bias27": {"write": {"device_start": 1585586403.338835, "host_queued_start": 1585586468.726061, "device_queued": 1585586403.336335, "device_end": 1585586403.3388665, "host_queued_end": 1585586468.747898}, "device": "gpu", "nd_range": {"device_start": 1585586403.338874, "device_end": 1585586403.340685}, "cmdq": 3, "read": {"device_start": -1, "device_end": -1}}, "FFC_sans_bias20": {"write": {"device_start": 1585586403.3384147, "host_queued_start": 1585586468.725005, "device_queued": 1585586403.3363152, "device_end": 1585586403.338446, "host_queued_end": 1585586468.747898}, "device": "gpu", "nd_range": {"device_start": 1585586403.3384528, "device_end": 1585586403.3401718}, "cmdq": 2, "read": {"device_start": -1, "device_end": -1}}, "FFC_sans_bias22": {"write": {"device_start": -1, "host_queued_start": 1585586468.737245, "device_queued": -1, "device_end": -1, "host_queued_end": 1585586468.747898}, "device": "gpu", "nd_range": {"device_start": 1585586403.3445222, "device_end": 1585586403.3451288}, "cmdq": 0, "read": {"device_start": -1, "device_end": -1}}, "softmax5": {"write": {"device_start": -1, "host_queued_start": 1585586468.738432, "device_queued": -1, "device_end": -1, "host_queued_end": 1585586468.747898}, "device": "gpu", "nd_range": {"device_start": 1585586403.345552, "device_end": 1585586403.3472464}, "cmdq": 0, "read": {"device_start": -1, "device_end": -1}}, "FFC_sans_bias28": {"write": {"device_start": 1585586403.3393826, "host_queued_start": 1585586468.727119, "device_queued": 1585586403.336611, "device_end": 1585586403.339409, "host_queued_end": 1585586468.747898}, "device": "gpu", "nd_range": {"device_start": 1585586403.3394203, "device_end": 1585586403.3411202}, "cmdq": 0, "read": {"device_start": -1, "device_end": -1}}, "FFC_sans_bias29": {"write": {"device_start": 1585586403.3398123, "host_queued_start": 1585586468.728151, "device_queued": 1585586403.3368194, "device_end": 1585586403.339838, "host_queued_end": 1585586468.747898}, "device": "gpu", "nd_range": {"device_start": 1585586403.3398428, "device_end": 1585586403.341659}, "cmdq": 1, "read": {"device_start": -1, "device_end": -1}}, "empty17": {"write": {"device_start": 1585586403.3352194, "host_queued_start": 1585586468.712247, "device_queued": 1585586403.3350806, "device_end": 1585586403.3352828, "host_queued_end": 1585586468.747898}, "device": "gpu", "nd_range": {"device_start": 1585586403.335298, "device_end": 1585586403.335304}, "cmdq": 1, "read": {"device_start": -1, "device_end": -1}}, "empty35": {"write": {"device_start": 1585586403.3353992, "host_queued_start": 1585586468.714008, "device_queued": 1585586403.3351548, "device_end": 1585586403.3354743, "host_queued_end": 1585586468.747898}, "device": "gpu", "nd_range": {"device_start": 1585586403.33548, "device_end": 1585586403.335485}, "cmdq": 3, "read": {"device_start": -1, "device_end": -1}}, "empty53": {"write": {"device_start": 1585586403.3355775, "host_queued_start": 1585586468.715708, "device_queued": 1585586403.33545, "device_end": 1585586403.3356495, "host_queued_end": 1585586468.747898}, "device": "gpu", "nd_range": {"device_start": 1585586403.3356593, "device_end": 1585586403.3356643}, "cmdq": 1, "read": {"device_start": -1, "device_end": -1}}, "FFC_sans_bias46": {"write": {"device_start": 1585586403.3422332, "host_queued_start": 1585586468.733312, "device_queued": 1585586403.3372662, "device_end": 1585586403.3422663, "host_queued_end": 1585586468.747898}, "device": "gpu", "nd_range": {"device_start": 1585586403.3422737, "device_end": 1585586403.3440597}, "cmdq": 2, "read": {"device_start": -1, "device_end": -1}}, "coalesced_transpose48": {"write": {"device_start": -1, "host_queued_start": 1585586468.7363, "device_queued": -1, "device_end": -1, "host_queued_end": 1585586468.747898}, "device": "gpu", "nd_range": {"device_start": 1585586403.3444135, "device_end": 1585586403.3444347}, "cmdq": 1, "read": {"device_start": -1, "device_end": -1}}}