{"FFC_sans_bias4": {"write": {"device_start": -1, "host_queued_start": 1585586342.88068, "device_queued": -1, "device_end": -1, "host_queued_end": 1585586342.886317}, "device": "cpu", "nd_range": {"device_start": 2254117.116187002, "device_end": 2254117.1321400963}, "cmdq": 0, "read": {"device_start": -1, "device_end": -1}}, "FFC_sans_bias7": {"write": {"device_start": -1, "host_queued_start": 1585586342.884264, "device_queued": -1, "device_end": -1, "host_queued_end": 1585586342.886317}, "device": "cpu", "nd_range": {"device_start": 2254117.147180674, "device_end": 2254117.1547948453}, "cmdq": 4, "read": {"device_start": -1, "device_end": -1}}, "FFC_sans_bias6": {"write": {"device_start": -1, "host_queued_start": 1585586342.882529, "device_queued": -1, "device_end": -1, "host_queued_end": 1585586342.886317}, "device": "cpu", "nd_range": {"device_start": 2254117.133119019, "device_end": 2254117.147173338}, "cmdq": 1, "read": {"device_start": -1, "device_end": -1}}, "FFC_sans_bias1": {"write": {"device_start": -1, "host_queued_start": 1585586342.871586, "device_queued": -1, "device_end": -1, "host_queued_end": 1585586342.886317}, "device": "cpu", "nd_range": {"device_start": 2254117.0760726603, "device_end": 2254117.0913062333}, "cmdq": 4, "read": {"device_start": -1, "device_end": -1}}, "FFC_sans_bias0": {"write": {"device_start": -1, "host_queued_start": 1585586342.870478, "device_queued": -1, "device_end": -1, "host_queued_end": 1585586342.886317}, "device": "cpu", "nd_range": {"device_start": 2254117.091731648, "device_end": 2254117.106957888}, "cmdq": 3, "read": {"device_start": -1, "device_end": -1}}, "FFC_sans_bias2": {"write": {"device_start": -1, "host_queued_start": 1585586342.872672, "device_queued": -1, "device_end": -1, "host_queued_end": 1585586342.886317}, "device": "cpu", "nd_range": {"device_start": 2254117.075942094, "device_end": 2254117.091438907}, "cmdq": 0, "read": {"device_start": -1, "device_end": -1}}, "FFC_sans_bias52": {"write": {"device_start": 1585586277.4649298, "host_queued_start": 1585586342.865446, "device_queued": 1585586277.4581163, "device_end": 1585586277.464961, "host_queued_end": 1585586342.865643}, "device": "gpu", "nd_range": {"device_start": 1585586277.4649673, "device_end": 1585586277.4656684}, "cmdq": 0, "read": {"device_start": 1585586277.4656758, "device_end": 1585586277.4656997}}, "FFC_sans_bias9": {"write": {"device_start": -1, "host_queued_start": 1585586342.873715, "device_queued": -1, "device_end": -1, "host_queued_end": 1585586342.886317}, "device": "cpu", "nd_range": {"device_start": 2254117.0759411743, "device_end": 2254117.0921646873}, "cmdq": 1, "read": {"device_start": -1, "device_end": -1}}, "coalesced_transpose39": {"write": {"device_start": -1, "host_queued_start": 1585586342.859383, "device_queued": -1, "device_end": -1, "host_queued_end": 1585586342.865643}, "device": "gpu", "nd_range": {"device_start": 1585586277.4609551, "device_end": 1585586277.4609654}, "cmdq": 1, "read": {"device_start": -1, "device_end": -1}}, "FFC_sans_bias51": {"write": {"device_start": -1, "host_queued_start": 1585586342.862329, "device_queued": -1, "device_end": -1, "host_queued_end": 1585586342.865643}, "device": "gpu", "nd_range": {"device_start": 1585586277.4632795, "device_end": 1585586277.4642582}, "cmdq": 1, "read": {"device_start": -1, "device_end": -1}}, "softmax23": {"write": {"device_start": -1, "host_queued_start": 1585586342.882192, "device_queued": -1, "device_end": -1, "host_queued_end": 1585586342.886317}, "device": "cpu", "nd_range": {"device_start": 2254117.133149603, "device_end": 2254117.134193834}, "cmdq": 0, "read": {"device_start": -1, "device_end": -1}}, "FFC_sans_bias37": {"write": {"device_start": 1585586277.458209, "host_queued_start": 1585586342.854521, "device_queued": 1585586277.4567084, "device_end": 1585586277.458242, "host_queued_end": 1585586342.865643}, "device": "gpu", "nd_range": {"device_start": 1585586277.458246, "device_end": 1585586277.4590137}, "cmdq": 1, "read": {"device_start": -1, "device_end": -1}}, "softmax41": {"write": {"device_start": -1, "host_queued_start": 1585586342.861143, "device_queued": -1, "device_end": -1, "host_queued_end": 1585586342.865643}, "device": "gpu", "nd_range": {"device_start": 1585586277.462462, "device_end": 1585586277.4626675}, "cmdq": 1, "read": {"device_start": -1, "device_end": -1}}, "FFC_sans_bias11": {"write": {"device_start": -1, "host_queued_start": 1585586342.87615, "device_queued": -1, "device_end": -1, "host_queued_end": 1585586342.886317}, "device": "cpu", "nd_range": {"device_start": 2254117.106967633, "device_end": 2254117.114583162}, "cmdq": 3, "read": {"device_start": -1, "device_end": -1}}, "FFC_sans_bias10": {"write": {"device_start": -1, "host_queued_start": 1585586342.874915, "device_queued": -1, "device_end": -1, "host_queued_end": 1585586342.886317}, "device": "cpu", "nd_range": {"device_start": 2254117.075986214, "device_end": 2254117.0912213502}, "cmdq": 2, "read": {"device_start": -1, "device_end": -1}}, "coalesced_transpose3": {"write": {"device_start": -1, "host_queued_start": 1585586342.87966, "device_queued": -1, "device_end": -1, "host_queued_end": 1585586342.886317}, "device": "cpu", "nd_range": {"device_start": 2254117.0913516274, "device_end": 2254117.091610651}, "cmdq": 2, "read": {"device_start": -1, "device_end": -1}}, "FFC_sans_bias34": {"write": {"device_start": 1585586277.4638133, "host_queued_start": 1585586342.863376, "device_queued": 1585586277.4578824, "device_end": 1585586277.4638386, "host_queued_end": 1585586342.865643}, "device": "gpu", "nd_range": {"device_start": 1585586277.4638515, "device_end": 1585586277.4646795}, "cmdq": 0, "read": {"device_start": 1585586277.464682, "device_end": 1585586277.464706}}, "FFC_sans_bias15": {"write": {"device_start": -1, "host_queued_start": 1585586342.882876, "device_queued": -1, "device_end": -1, "host_queued_end": 1585586342.886317}, "device": "cpu", "nd_range": {"device_start": 2254117.127941608, "device_end": 2254117.133527562}, "cmdq": 2, "read": {"device_start": -1, "device_end": -1}}, "FFC_sans_bias31": {"write": {"device_start": -1, "host_queued_start": 1585586342.860002, "device_queued": -1, "device_end": -1, "host_queued_end": 1585586342.865643}, "device": "gpu", "nd_range": {"device_start": 1585586277.460971, "device_end": 1585586277.4615748}, "cmdq": 1, "read": {"device_start": -1, "device_end": -1}}, "FFC_sans_bias16": {"write": {"device_start": -1, "host_queued_start": 1585586342.885254, "device_queued": -1, "device_end": -1, "host_queued_end": 1585586342.886317}, "device": "cpu", "nd_range": {"device_start": 2254117.1343183, "device_end": 2254117.146353917}, "cmdq": 0, "read": {"device_start": -1, "device_end": -1}}, "FFC_sans_bias19": {"write": {"device_start": -1, "host_queued_start": 1585586342.878243, "device_queued": -1, "device_end": -1, "host_queued_end": 1585586342.886317}, "device": "cpu", "nd_range": {"device_start": 2254117.095001243, "device_end": 2254117.11580447}, "cmdq": 0, "read": {"device_start": -1, "device_end": -1}}, "FFC_sans_bias18": {"write": {"device_start": -1, "host_queued_start": 1585586342.8772, "device_queued": -1, "device_end": -1, "host_queued_end": 1585586342.886317}, "device": "cpu", "nd_range": {"device_start": 2254117.09146209, "device_end": 2254117.106705165}, "cmdq": 4, "read": {"device_start": -1, "device_end": -1}}, "coalesced_transpose30": {"write": {"device_start": -1, "host_queued_start": 1585586342.859075, "device_queued": -1, "device_end": -1, "host_queued_end": 1585586342.865643}, "device": "gpu", "nd_range": {"device_start": 1585586277.4604933, "device_end": 1585586277.460833}, "cmdq": 0, "read": {"device_start": -1, "device_end": -1}}, "FFC_sans_bias38": {"write": {"device_start": 1585586277.4586358, "host_queued_start": 1585586342.855623, "device_queued": 1585586277.4568586, "device_end": 1585586277.4586687, "host_queued_end": 1585586342.865643}, "device": "gpu", "nd_range": {"device_start": 1585586277.4586737, "device_end": 1585586277.4595094}, "cmdq": 0, "read": {"device_start": -1, "device_end": -1}}, "empty26": {"write": {"device_start": -1, "host_queued_start": 1585586342.86923, "device_queued": -1, "device_end": -1, "host_queued_end": 1585586342.886317}, "device": "cpu", "nd_range": {"device_start": 2254117.0759641863, "device_end": 2254117.075969965}, "cmdq": 2, "read": {"device_start": -1, "device_end": -1}}, "coalesced_transpose12": {"write": {"device_start": -1, "host_queued_start": 1585586342.879998, "device_queued": -1, "device_end": -1, "host_queued_end": 1585586342.886317}, "device": "cpu", "nd_range": {"device_start": 2254117.114708768, "device_end": 2254117.1148192943}, "cmdq": 3, "read": {"device_start": -1, "device_end": -1}}, "empty44": {"write": {"device_start": 1585586277.4562259, "host_queued_start": 1585586342.84841, "device_queued": 1585586277.45609, "device_end": 1585586277.4562886, "host_queued_end": 1585586342.865643}, "device": "gpu", "nd_range": {"device_start": 1585586277.4562986, "device_end": 1585586277.4563031}, "cmdq": 1, "read": {"device_start": -1, "device_end": -1}}, "coalesced_transpose21": {"write": {"device_start": -1, "host_queued_start": 1585586342.880337, "device_queued": -1, "device_end": -1, "host_queued_end": 1585586342.886317}, "device": "cpu", "nd_range": {"device_start": 2254117.1188259963, "device_end": 2254117.119063714}, "cmdq": 4, "read": {"device_start": -1, "device_end": -1}}, "FFC_sans_bias36": {"write": {"device_start": 1585586277.4576738, "host_queued_start": 1585586342.85349, "device_queued": 1585586277.4566684, "device_end": 1585586277.457705, "host_queued_end": 1585586342.865643}, "device": "gpu", "nd_range": {"device_start": 1585586277.457709, "device_end": 1585586277.458513}, "cmdq": 0, "read": {"device_start": -1, "device_end": -1}}, "softmax14": {"write": {"device_start": -1, "host_queued_start": 1585586342.881916, "device_queued": -1, "device_end": -1, "host_queued_end": 1585586342.886317}, "device": "cpu", "nd_range": {"device_start": 2254117.124621826, "device_end": 2254117.124840152}, "cmdq": 4, "read": {"device_start": -1, "device_end": -1}}, "FFC_sans_bias13": {"write": {"device_start": -1, "host_queued_start": 1585586342.881028, "device_queued": -1, "device_end": -1, "host_queued_end": 1585586342.886317}, "device": "cpu", "nd_range": {"device_start": 2254117.1149376123, "device_end": 2254117.1234943094}, "cmdq": 1, "read": {"device_start": -1, "device_end": -1}}, "empty8": {"write": {"device_start": -1, "host_queued_start": 1585586342.867069, "device_queued": -1, "device_end": -1, "host_queued_end": 1585586342.886317}, "device": "cpu", "nd_range": {"device_start": 2254117.075907567, "device_end": 2254117.075919021}, "cmdq": 0, "read": {"device_start": -1, "device_end": -1}}, "FFC_sans_bias42": {"write": {"device_start": -1, "host_queued_start": 1585586342.862015, "device_queued": -1, "device_end": -1, "host_queued_end": 1585586342.865643}, "device": "gpu", "nd_range": {"device_start": 1585586277.462909, "device_end": 1585586277.4636805}, "cmdq": 0, "read": {"device_start": -1, "device_end": -1}}, "FFC_sans_bias43": {"write": {"device_start": 1585586277.4643722, "host_queued_start": 1585586342.864418, "device_queued": 1585586277.4579144, "device_end": 1585586277.464404, "host_queued_end": 1585586342.865643}, "device": "gpu", "nd_range": {"device_start": 1585586277.4644103, "device_end": 1585586277.465213}, "cmdq": 1, "read": {"device_start": 1585586277.4652164, "device_end": 1585586277.4652398}}, "FFC_sans_bias40": {"write": {"device_start": -1, "host_queued_start": 1585586342.860326, "device_queued": -1, "device_end": -1, "host_queued_end": 1585586342.865643}, "device": "gpu", "nd_range": {"device_start": 1585586277.4609785, "device_end": 1585586277.4619753}, "cmdq": 0, "read": {"device_start": -1, "device_end": -1}}, "softmax32": {"write": {"device_start": -1, "host_queued_start": 1585586342.860899, "device_queued": -1, "device_end": -1, "host_queued_end": 1585586342.865643}, "device": "gpu", "nd_range": {"device_start": 1585586277.4619808, "device_end": 1585586277.4625993}, "cmdq": 0, "read": {"device_start": -1, "device_end": -1}}, "FFC_sans_bias47": {"write": {"device_start": 1585586277.4601316, "host_queued_start": 1585586342.858759, "device_queued": 1585586277.4570854, "device_end": 1585586277.4601636, "host_queued_end": 1585586342.865643}, "device": "gpu", "nd_range": {"device_start": 1585586277.4601681, "device_end": 1585586277.4609542}, "cmdq": 1, "read": {"device_start": -1, "device_end": -1}}, "FFC_sans_bias45": {"write": {"device_start": 1585586277.4591384, "host_queued_start": 1585586342.85666, "device_queued": 1585586277.4568985, "device_end": 1585586277.4591694, "host_queued_end": 1585586342.865643}, "device": "gpu", "nd_range": {"device_start": 1585586277.4591758, "device_end": 1585586277.459986}, "cmdq": 1, "read": {"device_start": -1, "device_end": -1}}, "softmax50": {"write": {"device_start": -1, "host_queued_start": 1585586342.861382, "device_queued": -1, "device_end": -1, "host_queued_end": 1585586342.865643}, "device": "gpu", "nd_range": {"device_start": 1585586277.4626038, "device_end": 1585586277.4629045}, "cmdq": 0, "read": {"device_start": -1, "device_end": -1}}, "FFC_sans_bias33": {"write": {"device_start": -1, "host_queued_start": 1585586342.861693, "device_queued": -1, "device_end": -1, "host_queued_end": 1585586342.865643}, "device": "gpu", "nd_range": {"device_start": 1585586277.462672, "device_end": 1585586277.463275}, "cmdq": 1, "read": {"device_start": -1, "device_end": -1}}, "FFC_sans_bias49": {"write": {"device_start": -1, "host_queued_start": 1585586342.860654, "device_queued": -1, "device_end": -1, "host_queued_end": 1585586342.865643}, "device": "gpu", "nd_range": {"device_start": 1585586277.4615796, "device_end": 1585586277.4624577}, "cmdq": 1, "read": {"device_start": -1, "device_end": -1}}, "FFC_sans_bias24": {"write": {"device_start": -1, "host_queued_start": 1585586342.88322, "device_queued": -1, "device_end": -1, "host_queued_end": 1585586342.886317}, "device": "cpu", "nd_range": {"device_start": 2254117.1371443453, "device_end": 2254117.147174008}, "cmdq": 3, "read": {"device_start": -1, "device_end": -1}}, "FFC_sans_bias25": {"write": {"device_start": -1, "host_queued_start": 1585586342.886272, "device_queued": -1, "device_end": -1, "host_queued_end": 1585586342.886317}, "device": "cpu", "nd_range": {"device_start": 2254117.147194102, "device_end": 2254117.162756366}, "cmdq": 1, "read": {"device_start": -1, "device_end": -1}}, "FFC_sans_bias27": {"write": {"device_start": 1585586277.4564443, "host_queued_start": 1585586342.850291, "device_queued": 1585586277.4561882, "device_end": 1585586277.4565005, "host_queued_end": 1585586342.865643}, "device": "gpu", "nd_range": {"device_start": 1585586277.456506, "device_end": 1585586277.4571047}, "cmdq": 1, "read": {"device_start": -1, "device_end": -1}}, "FFC_sans_bias20": {"write": {"device_start": -1, "host_queued_start": 1585586342.879316, "device_queued": -1, "device_end": -1, "host_queued_end": 1585586342.886317}, "device": "cpu", "nd_range": {"device_start": 2254117.0922866543, "device_end": 2254117.107607109}, "cmdq": 1, "read": {"device_start": -1, "device_end": -1}}, "FFC_sans_bias22": {"write": {"device_start": -1, "host_queued_start": 1585586342.881369, "device_queued": -1, "device_end": -1, "host_queued_end": 1585586342.886317}, "device": "cpu", "nd_range": {"device_start": 2254117.1192039982, "device_end": 2254117.127824276}, "cmdq": 2, "read": {"device_start": -1, "device_end": -1}}, "softmax5": {"write": {"device_start": -1, "host_queued_start": 1585586342.881645, "device_queued": -1, "device_end": -1, "host_queued_end": 1585586342.886317}, "device": "cpu", "nd_range": {"device_start": 2254117.1325766332, "device_end": 2254117.132783494}, "cmdq": 3, "read": {"device_start": -1, "device_end": -1}}, "FFC_sans_bias28": {"write": {"device_start": 1585586277.4565475, "host_queued_start": 1585586342.851386, "device_queued": 1585586277.4564445, "device_end": 1585586277.456573, "host_queued_end": 1585586342.865643}, "device": "gpu", "nd_range": {"device_start": 1585586277.456581, "device_end": 1585586277.4575346}, "cmdq": 0, "read": {"device_start": -1, "device_end": -1}}, "FFC_sans_bias29": {"write": {"device_start": 1585586277.457228, "host_queued_start": 1585586342.852461, "device_queued": 1585586277.4564862, "device_end": 1585586277.4572587, "host_queued_end": 1585586342.865643}, "device": "gpu", "nd_range": {"device_start": 1585586277.4572616, "device_end": 1585586277.4580688}, "cmdq": 1, "read": {"device_start": -1, "device_end": -1}}, "empty17": {"write": {"device_start": -1, "host_queued_start": 1585586342.868186, "device_queued": -1, "device_end": -1, "host_queued_end": 1585586342.886317}, "device": "cpu", "nd_range": {"device_start": 2254117.0759134283, "device_end": 2254117.0759191113}, "cmdq": 1, "read": {"device_start": -1, "device_end": -1}}, "empty35": {"write": {"device_start": 1585586277.456108, "host_queued_start": 1585586342.847364, "device_queued": 1585586277.4559863, "device_end": 1585586277.4561589, "host_queued_end": 1585586342.865643}, "device": "gpu", "nd_range": {"device_start": 1585586277.4561632, "device_end": 1585586277.456175}, "cmdq": 0, "read": {"device_start": -1, "device_end": -1}}, "empty53": {"write": {"device_start": 1585586277.456332, "host_queued_start": 1585586342.849319, "device_queued": 1585586277.4561346, "device_end": 1585586277.456392, "host_queued_end": 1585586342.865643}, "device": "gpu", "nd_range": {"device_start": 1585586277.456404, "device_end": 1585586277.456408}, "cmdq": 0, "read": {"device_start": -1, "device_end": -1}}, "FFC_sans_bias46": {"write": {"device_start": 1585586277.4596314, "host_queued_start": 1585586342.85769, "device_queued": 1585586277.4570453, "device_end": 1585586277.4596636, "host_queued_end": 1585586342.865643}, "device": "gpu", "nd_range": {"device_start": 1585586277.4596674, "device_end": 1585586277.4604924}, "cmdq": 0, "read": {"device_start": -1, "device_end": -1}}, "coalesced_transpose48": {"write": {"device_start": -1, "host_queued_start": 1585586342.859683, "device_queued": -1, "device_end": -1, "host_queued_end": 1585586342.865643}, "device": "gpu", "nd_range": {"device_start": 1585586277.4608345, "device_end": 1585586277.460851}, "cmdq": 0, "read": {"device_start": -1, "device_end": -1}}}