{"FFC_sans_bias4": {"write": {"device_start": -1, "host_queued_start": 1585586271.783769, "device_queued": -1, "device_end": -1, "host_queued_end": 1585586271.793326}, "device": "cpu", "nd_range": {"device_start": 2254046.050505407, "device_end": 2254046.054825189}, "cmdq": 0, "read": {"device_start": -1, "device_end": -1}}, "FFC_sans_bias7": {"write": {"device_start": -1, "host_queued_start": 1585586271.789313, "device_queued": -1, "device_end": -1, "host_queued_end": 1585586271.793326}, "device": "cpu", "nd_range": {"device_start": 2254046.104797847, "device_end": 2254046.110078344}, "cmdq": 0, "read": {"device_start": -1, "device_end": -1}}, "FFC_sans_bias6": {"write": {"device_start": -1, "host_queued_start": 1585586271.786897, "device_queued": -1, "device_end": -1, "host_queued_end": 1585586271.793326}, "device": "cpu", "nd_range": {"device_start": 2254046.073936027, "device_end": 2254046.0796492393}, "cmdq": 0, "read": {"device_start": -1, "device_end": -1}}, "FFC_sans_bias1": {"write": {"device_start": -1, "host_queued_start": 1585586271.767932, "device_queued": -1, "device_end": -1, "host_queued_end": 1585586271.793326}, "device": "cpu", "nd_range": {"device_start": 2254045.9874067903, "device_end": 2254045.991381647}, "cmdq": 0, "read": {"device_start": -1, "device_end": -1}}, "FFC_sans_bias0": {"write": {"device_start": -1, "host_queued_start": 1585586271.766893, "device_queued": -1, "device_end": -1, "host_queued_end": 1585586271.793326}, "device": "cpu", "nd_range": {"device_start": 2254045.983053395, "device_end": 2254045.987387211}, "cmdq": 0, "read": {"device_start": -1, "device_end": -1}}, "FFC_sans_bias2": {"write": {"device_start": -1, "host_queued_start": 1585586271.768978, "device_queued": -1, "device_end": -1, "host_queued_end": 1585586271.793326}, "device": "cpu", "nd_range": {"device_start": 2254045.991389844, "device_end": 2254045.9960612752}, "cmdq": 0, "read": {"device_start": -1, "device_end": -1}}, "FFC_sans_bias52": {"write": {"device_start": 1585586206.3561797, "host_queued_start": 1585586271.7611, "device_queued": 1585586206.3539858, "device_end": 1585586206.3562102, "host_queued_end": 1585586271.761204}, "device": "gpu", "nd_range": {"device_start": 1585586206.3566573, "device_end": 1585586206.3572524}, "cmdq": 0, "read": {"device_start": 1585586206.3572602, "device_end": 1585586206.3572826}}, "FFC_sans_bias9": {"write": {"device_start": -1, "host_queued_start": 1585586271.770017, "device_queued": -1, "device_end": -1, "host_queued_end": 1585586271.793326}, "device": "cpu", "nd_range": {"device_start": 2254045.9960667, "device_end": 2254046.000032945}, "cmdq": 0, "read": {"device_start": -1, "device_end": -1}}, "coalesced_transpose39": {"write": {"device_start": -1, "host_queued_start": 1585586271.783424, "device_queued": -1, "device_end": -1, "host_queued_end": 1585586271.793326}, "device": "cpu", "nd_range": {"device_start": 2254046.050292037, "device_end": 2254046.0503907073}, "cmdq": 0, "read": {"device_start": -1, "device_end": -1}}, "FFC_sans_bias51": {"write": {"device_start": -1, "host_queued_start": 1585586271.760091, "device_queued": -1, "device_end": -1, "host_queued_end": 1585586271.761204}, "device": "gpu", "nd_range": {"device_start": 1585586206.3560565, "device_end": 1585586206.356654}, "cmdq": 1, "read": {"device_start": -1, "device_end": -1}}, "softmax23": {"write": {"device_start": -1, "host_queued_start": 1585586271.785971, "device_queued": -1, "device_end": -1, "host_queued_end": 1585586271.793326}, "device": "cpu", "nd_range": {"device_start": 2254046.073511665, "device_end": 2254046.073591858}, "cmdq": 0, "read": {"device_start": -1, "device_end": -1}}, "FFC_sans_bias37": {"write": {"device_start": -1, "host_queued_start": 1585586271.780719, "device_queued": -1, "device_end": -1, "host_queued_end": 1585586271.793326}, "device": "cpu", "nd_range": {"device_start": 2254046.040254041, "device_end": 2254046.0451643122}, "cmdq": 0, "read": {"device_start": -1, "device_end": -1}}, "softmax41": {"write": {"device_start": -1, "host_queued_start": 1585586271.786552, "device_queued": -1, "device_end": -1, "host_queued_end": 1585586271.793326}, "device": "cpu", "nd_range": {"device_start": 2254046.073793582, "device_end": 2254046.073925738}, "cmdq": 0, "read": {"device_start": -1, "device_end": -1}}, "FFC_sans_bias11": {"write": {"device_start": -1, "host_queued_start": 1585586271.772136, "device_queued": -1, "device_end": -1, "host_queued_end": 1585586271.793326}, "device": "cpu", "nd_range": {"device_start": 2254046.00472979, "device_end": 2254046.009183934}, "cmdq": 0, "read": {"device_start": -1, "device_end": -1}}, "FFC_sans_bias10": {"write": {"device_start": -1, "host_queued_start": 1585586271.771085, "device_queued": -1, "device_end": -1, "host_queued_end": 1585586271.793326}, "device": "cpu", "nd_range": {"device_start": 2254046.000171182, "device_end": 2254046.00472358}, "cmdq": 0, "read": {"device_start": -1, "device_end": -1}}, "coalesced_transpose3": {"write": {"device_start": -1, "host_queued_start": 1585586271.782101, "device_queued": -1, "device_end": -1, "host_queued_end": 1585586271.793326}, "device": "cpu", "nd_range": {"device_start": 2254046.049320783, "device_end": 2254046.049473709}, "cmdq": 0, "read": {"device_start": -1, "device_end": -1}}, "FFC_sans_bias34": {"write": {"device_start": -1, "host_queued_start": 1585586271.792287, "device_queued": -1, "device_end": -1, "host_queued_end": 1585586271.793326}, "device": "cpu", "nd_range": {"device_start": 2254046.12248349, "device_end": 2254046.12775915}, "cmdq": 0, "read": {"device_start": -1, "device_end": -1}}, "FFC_sans_bias15": {"write": {"device_start": -1, "host_queued_start": 1585586271.787238, "device_queued": -1, "device_end": -1, "host_queued_end": 1585586271.793326}, "device": "cpu", "nd_range": {"device_start": 2254046.079655935, "device_end": 2254046.08631337}, "cmdq": 0, "read": {"device_start": -1, "device_end": -1}}, "FFC_sans_bias31": {"write": {"device_start": -1, "host_queued_start": 1585586271.7848, "device_queued": -1, "device_end": -1, "host_queued_end": 1585586271.793326}, "device": "cpu", "nd_range": {"device_start": 2254046.064024641, "device_end": 2254046.0685737333}, "cmdq": 0, "read": {"device_start": -1, "device_end": -1}}, "FFC_sans_bias16": {"write": {"device_start": -1, "host_queued_start": 1585586271.790301, "device_queued": -1, "device_end": -1, "host_queued_end": 1585586271.793326}, "device": "cpu", "nd_range": {"device_start": 2254046.110081768, "device_end": 2254046.117245723}, "cmdq": 0, "read": {"device_start": -1, "device_end": -1}}, "FFC_sans_bias19": {"write": {"device_start": -1, "host_queued_start": 1585586271.774217, "device_queued": -1, "device_end": -1, "host_queued_end": 1585586271.793326}, "device": "cpu", "nd_range": {"device_start": 2254046.013753092, "device_end": 2254046.0183676262}, "cmdq": 0, "read": {"device_start": -1, "device_end": -1}}, "FFC_sans_bias18": {"write": {"device_start": -1, "host_queued_start": 1585586271.773175, "device_queued": -1, "device_end": -1, "host_queued_end": 1585586271.793326}, "device": "cpu", "nd_range": {"device_start": 2254046.009189065, "device_end": 2254046.0137479734}, "cmdq": 0, "read": {"device_start": -1, "device_end": -1}}, "coalesced_transpose30": {"write": {"device_start": -1, "host_queued_start": 1585586271.783098, "device_queued": -1, "device_end": -1, "host_queued_end": 1585586271.793326}, "device": "cpu", "nd_range": {"device_start": 2254046.050070303, "device_end": 2254046.050173624}, "cmdq": 0, "read": {"device_start": -1, "device_end": -1}}, "FFC_sans_bias38": {"write": {"device_start": -1, "host_queued_start": 1585586271.78177, "device_queued": -1, "device_end": -1, "host_queued_end": 1585586271.793326}, "device": "cpu", "nd_range": {"device_start": 2254046.0451698983, "device_end": 2254046.049315552}, "cmdq": 0, "read": {"device_start": -1, "device_end": -1}}, "empty26": {"write": {"device_start": -1, "host_queued_start": 1585586271.764206, "device_queued": -1, "device_end": -1, "host_queued_end": 1585586271.793326}, "device": "cpu", "nd_range": {"device_start": 2254045.9830088452, "device_end": 2254045.983009751}, "cmdq": 0, "read": {"device_start": -1, "device_end": -1}}, "coalesced_transpose12": {"write": {"device_start": -1, "host_queued_start": 1585586271.782434, "device_queued": -1, "device_end": -1, "host_queued_end": 1585586271.793326}, "device": "cpu", "nd_range": {"device_start": 2254046.049603939, "device_end": 2254046.049713151}, "cmdq": 0, "read": {"device_start": -1, "device_end": -1}}, "empty44": {"write": {"device_start": -1, "host_queued_start": 1585586271.765898, "device_queued": -1, "device_end": -1, "host_queued_end": 1585586271.793326}, "device": "cpu", "nd_range": {"device_start": 2254045.9830271914, "device_end": 2254045.9830278833}, "cmdq": 0, "read": {"device_start": -1, "device_end": -1}}, "coalesced_transpose21": {"write": {"device_start": -1, "host_queued_start": 1585586271.782772, "device_queued": -1, "device_end": -1, "host_queued_end": 1585586271.793326}, "device": "cpu", "nd_range": {"device_start": 2254046.049842751, "device_end": 2254046.0499502243}, "cmdq": 0, "read": {"device_start": -1, "device_end": -1}}, "FFC_sans_bias36": {"write": {"device_start": -1, "host_queued_start": 1585586271.779666, "device_queued": -1, "device_end": -1, "host_queued_end": 1585586271.793326}, "device": "cpu", "nd_range": {"device_start": 2254046.036193056, "device_end": 2254046.040248944}, "cmdq": 0, "read": {"device_start": -1, "device_end": -1}}, "softmax14": {"write": {"device_start": -1, "host_queued_start": 1585586271.785694, "device_queued": -1, "device_end": -1, "host_queued_end": 1585586271.793326}, "device": "cpu", "nd_range": {"device_start": 2254046.073321903, "device_end": 2254046.073404422}, "cmdq": 0, "read": {"device_start": -1, "device_end": -1}}, "FFC_sans_bias13": {"write": {"device_start": -1, "host_queued_start": 1585586271.784115, "device_queued": -1, "device_end": -1, "host_queued_end": 1585586271.793326}, "device": "cpu", "nd_range": {"device_start": 2254046.0548316333, "device_end": 2254046.0595740103}, "cmdq": 0, "read": {"device_start": -1, "device_end": -1}}, "empty8": {"write": {"device_start": -1, "host_queued_start": 1585586271.762445, "device_queued": -1, "device_end": -1, "host_queued_end": 1585586271.793326}, "device": "cpu", "nd_range": {"device_start": 2254045.982928486, "device_end": 2254045.9829425393}, "cmdq": 0, "read": {"device_start": -1, "device_end": -1}}, "FFC_sans_bias42": {"write": {"device_start": -1, "host_queued_start": 1585586271.788267, "device_queued": -1, "device_end": -1, "host_queued_end": 1585586271.793326}, "device": "cpu", "nd_range": {"device_start": 2254046.0995051893, "device_end": 2254046.1047918173}, "cmdq": 0, "read": {"device_start": -1, "device_end": -1}}, "FFC_sans_bias43": {"write": {"device_start": -1, "host_queued_start": 1585586271.793282, "device_queued": -1, "device_end": -1, "host_queued_end": 1585586271.793326}, "device": "cpu", "nd_range": {"device_start": 2254046.127761995, "device_end": 2254046.134191965}, "cmdq": 0, "read": {"device_start": -1, "device_end": -1}}, "FFC_sans_bias40": {"write": {"device_start": -1, "host_queued_start": 1585586271.785143, "device_queued": -1, "device_end": -1, "host_queued_end": 1585586271.793326}, "device": "cpu", "nd_range": {"device_start": 2254046.068579127, "device_end": 2254046.0730777914}, "cmdq": 0, "read": {"device_start": -1, "device_end": -1}}, "softmax32": {"write": {"device_start": -1, "host_queued_start": 1585586271.786264, "device_queued": -1, "device_end": -1, "host_queued_end": 1585586271.793326}, "device": "cpu", "nd_range": {"device_start": 2254046.073704069, "device_end": 2254046.073787949}, "cmdq": 0, "read": {"device_start": -1, "device_end": -1}}, "FFC_sans_bias47": {"write": {"device_start": 1585586206.3544185, "host_queued_start": 1585586271.758869, "device_queued": 1585586206.353787, "device_end": 1585586206.3544495, "host_queued_end": 1585586271.761204}, "device": "gpu", "nd_range": {"device_start": 1585586206.3544526, "device_end": 1585586206.355218}, "cmdq": 1, "read": {"device_start": -1, "device_end": -1}}, "FFC_sans_bias45": {"write": {"device_start": 1585586206.3536413, "host_queued_start": 1585586271.756752, "device_queued": 1585586206.3534918, "device_end": 1585586206.3537016, "host_queued_end": 1585586271.761204}, "device": "gpu", "nd_range": {"device_start": 1585586206.3537064, "device_end": 1585586206.3543134}, "cmdq": 1, "read": {"device_start": -1, "device_end": -1}}, "softmax50": {"write": {"device_start": -1, "host_queued_start": 1585586271.759775, "device_queued": -1, "device_end": -1, "host_queued_end": 1585586271.761204}, "device": "gpu", "nd_range": {"device_start": 1585586206.3558252, "device_end": 1585586206.3560536}, "cmdq": 0, "read": {"device_start": -1, "device_end": -1}}, "FFC_sans_bias33": {"write": {"device_start": -1, "host_queued_start": 1585586271.787922, "device_queued": -1, "device_end": -1, "host_queued_end": 1585586271.793326}, "device": "cpu", "nd_range": {"device_start": 2254046.0930510364, "device_end": 2254046.099494989}, "cmdq": 0, "read": {"device_start": -1, "device_end": -1}}, "FFC_sans_bias49": {"write": {"device_start": -1, "host_queued_start": 1585586271.75952, "device_queued": -1, "device_end": -1, "host_queued_end": 1585586271.761204}, "device": "gpu", "nd_range": {"device_start": 1585586206.3552194, "device_end": 1585586206.3558216}, "cmdq": 1, "read": {"device_start": -1, "device_end": -1}}, "FFC_sans_bias24": {"write": {"device_start": -1, "host_queued_start": 1585586271.78758, "device_queued": -1, "device_end": -1, "host_queued_end": 1585586271.793326}, "device": "cpu", "nd_range": {"device_start": 2254046.0863189274, "device_end": 2254046.093045495}, "cmdq": 0, "read": {"device_start": -1, "device_end": -1}}, "FFC_sans_bias25": {"write": {"device_start": -1, "host_queued_start": 1585586271.7913, "device_queued": -1, "device_end": -1, "host_queued_end": 1585586271.793326}, "device": "cpu", "nd_range": {"device_start": 2254046.117248551, "device_end": 2254046.122480931}, "cmdq": 0, "read": {"device_start": -1, "device_end": -1}}, "FFC_sans_bias27": {"write": {"device_start": -1, "host_queued_start": 1585586271.776376, "device_queued": -1, "device_end": -1, "host_queued_end": 1585586271.793326}, "device": "cpu", "nd_range": {"device_start": 2254046.02295241, "device_end": 2254046.027307718}, "cmdq": 0, "read": {"device_start": -1, "device_end": -1}}, "FFC_sans_bias20": {"write": {"device_start": -1, "host_queued_start": 1585586271.775328, "device_queued": -1, "device_end": -1, "host_queued_end": 1585586271.793326}, "device": "cpu", "nd_range": {"device_start": 2254046.018372538, "device_end": 2254046.0229471712}, "cmdq": 0, "read": {"device_start": -1, "device_end": -1}}, "FFC_sans_bias22": {"write": {"device_start": -1, "host_queued_start": 1585586271.784459, "device_queued": -1, "device_end": -1, "host_queued_end": 1585586271.793326}, "device": "cpu", "nd_range": {"device_start": 2254046.059579844, "device_end": 2254046.064019274}, "cmdq": 0, "read": {"device_start": -1, "device_end": -1}}, "softmax5": {"write": {"device_start": -1, "host_queued_start": 1585586271.785421, "device_queued": -1, "device_end": -1, "host_queued_end": 1585586271.793326}, "device": "cpu", "nd_range": {"device_start": 2254046.0730832433, "device_end": 2254046.07320631}, "cmdq": 0, "read": {"device_start": -1, "device_end": -1}}, "FFC_sans_bias28": {"write": {"device_start": -1, "host_queued_start": 1585586271.77742, "device_queued": -1, "device_end": -1, "host_queued_end": 1585586271.793326}, "device": "cpu", "nd_range": {"device_start": 2254046.0273130164, "device_end": 2254046.0320858504}, "cmdq": 0, "read": {"device_start": -1, "device_end": -1}}, "FFC_sans_bias29": {"write": {"device_start": -1, "host_queued_start": 1585586271.778609, "device_queued": -1, "device_end": -1, "host_queued_end": 1585586271.793326}, "device": "cpu", "nd_range": {"device_start": 2254046.032091474, "device_end": 2254046.036188121}, "cmdq": 0, "read": {"device_start": -1, "device_end": -1}}, "empty17": {"write": {"device_start": -1, "host_queued_start": 1585586271.763398, "device_queued": -1, "device_end": -1, "host_queued_end": 1585586271.793326}, "device": "cpu", "nd_range": {"device_start": 2254045.9829896623, "device_end": 2254045.982993621}, "cmdq": 0, "read": {"device_start": -1, "device_end": -1}}, "empty35": {"write": {"device_start": -1, "host_queued_start": 1585586271.765052, "device_queued": -1, "device_end": -1, "host_queued_end": 1585586271.793326}, "device": "cpu", "nd_range": {"device_start": 2254045.983014475, "device_end": 2254045.9830151913}, "cmdq": 0, "read": {"device_start": -1, "device_end": -1}}, "empty53": {"write": {"device_start": 1585586206.3535473, "host_queued_start": 1585586271.755475, "device_queued": 1585586206.3534184, "device_end": 1585586206.3535883, "host_queued_end": 1585586271.761204}, "device": "gpu", "nd_range": {"device_start": 1585586206.3535936, "device_end": 1585586206.3536067}, "cmdq": 0, "read": {"device_start": -1, "device_end": -1}}, "FFC_sans_bias46": {"write": {"device_start": 1585586206.3537295, "host_queued_start": 1585586271.757782, "device_queued": 1585586206.3535361, "device_end": 1585586206.353754, "host_queued_end": 1585586271.761204}, "device": "gpu", "nd_range": {"device_start": 1585586206.3537765, "device_end": 1585586206.3547244}, "cmdq": 0, "read": {"device_start": -1, "device_end": -1}}, "coalesced_transpose48": {"write": {"device_start": -1, "host_queued_start": 1585586271.759202, "device_queued": -1, "device_end": -1, "host_queued_end": 1585586271.761204}, "device": "gpu", "nd_range": {"device_start": 1585586206.3547254, "device_end": 1585586206.3551173}, "cmdq": 0, "read": {"device_start": -1, "device_end": -1}}}