{"FFC_sans_bias4": {"write": {"device_start": -1, "host_queued_start": 1585586572.516332, "device_queued": -1, "device_end": -1, "host_queued_end": 1585586572.521935}, "device": "cpu", "nd_range": {"device_start": 2254346.7547491663, "device_end": 2254346.762142335}, "cmdq": 1, "read": {"device_start": -1, "device_end": -1}}, "FFC_sans_bias7": {"write": {"device_start": -1, "host_queued_start": 1585586572.519921, "device_queued": -1, "device_end": -1, "host_queued_end": 1585586572.521935}, "device": "cpu", "nd_range": {"device_start": 2254346.778853969, "device_end": 2254346.790277889}, "cmdq": 0, "read": {"device_start": -1, "device_end": -1}}, "FFC_sans_bias6": {"write": {"device_start": -1, "host_queued_start": 1585586572.518173, "device_queued": -1, "device_end": -1, "host_queued_end": 1585586572.521935}, "device": "cpu", "nd_range": {"device_start": 2254346.7705632793, "device_end": 2254346.778835397}, "cmdq": 1, "read": {"device_start": -1, "device_end": -1}}, "FFC_sans_bias1": {"write": {"device_start": -1, "host_queued_start": 1585586572.507264, "device_queued": -1, "device_end": -1, "host_queued_end": 1585586572.521935}, "device": "cpu", "nd_range": {"device_start": 2254346.7115658834, "device_end": 2254346.72087471}, "cmdq": 0, "read": {"device_start": -1, "device_end": -1}}, "FFC_sans_bias0": {"write": {"device_start": -1, "host_queued_start": 1585586572.506192, "device_queued": -1, "device_end": -1, "host_queued_end": 1585586572.521935}, "device": "cpu", "nd_range": {"device_start": 2254346.711557007, "device_end": 2254346.718779421}, "cmdq": 1, "read": {"device_start": -1, "device_end": -1}}, "FFC_sans_bias2": {"write": {"device_start": -1, "host_queued_start": 1585586572.508314, "device_queued": -1, "device_end": -1, "host_queued_end": 1585586572.521935}, "device": "cpu", "nd_range": {"device_start": 2254346.719056824, "device_end": 2254346.7252145093}, "cmdq": 1, "read": {"device_start": -1, "device_end": -1}}, "FFC_sans_bias52": {"write": {"device_start": 1585586507.0931344, "host_queued_start": 1585586572.501583, "device_queued": 1585586507.0883675, "device_end": 1585586507.0931654, "host_queued_end": 1585586572.501681}, "device": "gpu", "nd_range": {"device_start": 1585586507.0939958, "device_end": 1585586507.094962}, "cmdq": 1, "read": {"device_start": 1585586507.0949667, "device_end": 1585586507.09499}}, "FFC_sans_bias9": {"write": {"device_start": -1, "host_queued_start": 1585586572.509585, "device_queued": -1, "device_end": -1, "host_queued_end": 1585586572.521935}, "device": "cpu", "nd_range": {"device_start": 2254346.720980723, "device_end": 2254346.729092752}, "cmdq": 0, "read": {"device_start": -1, "device_end": -1}}, "coalesced_transpose39": {"write": {"device_start": -1, "host_queued_start": 1585586572.495451, "device_queued": -1, "device_end": -1, "host_queued_end": 1585586572.501681}, "device": "gpu", "nd_range": {"device_start": 1585586507.0894501, "device_end": 1585586507.0907686}, "cmdq": 3, "read": {"device_start": -1, "device_end": -1}}, "FFC_sans_bias51": {"write": {"device_start": -1, "host_queued_start": 1585586572.49835, "device_queued": -1, "device_end": -1, "host_queued_end": 1585586572.501681}, "device": "gpu", "nd_range": {"device_start": 1585586507.0927978, "device_end": 1585586507.093991}, "cmdq": 3, "read": {"device_start": -1, "device_end": -1}}, "softmax23": {"write": {"device_start": -1, "host_queued_start": 1585586572.517836, "device_queued": -1, "device_end": -1, "host_queued_end": 1585586572.521935}, "device": "cpu", "nd_range": {"device_start": 2254346.770264451, "device_end": 2254346.770443226}, "cmdq": 0, "read": {"device_start": -1, "device_end": -1}}, "FFC_sans_bias37": {"write": {"device_start": 1585586507.086808, "host_queued_start": 1585586572.490622, "device_queued": 1585586507.086651, "device_end": 1585586507.0868328, "host_queued_end": 1585586572.501681}, "device": "gpu", "nd_range": {"device_start": 1585586507.086901, "device_end": 1585586507.088952}, "cmdq": 2, "read": {"device_start": -1, "device_end": -1}}, "softmax41": {"write": {"device_start": -1, "host_queued_start": 1585586572.497176, "device_queued": -1, "device_end": -1, "host_queued_end": 1585586572.501681}, "device": "gpu", "nd_range": {"device_start": 1585586507.0923986, "device_end": 1585586507.0927877}, "cmdq": 4, "read": {"device_start": -1, "device_end": -1}}, "FFC_sans_bias11": {"write": {"device_start": -1, "host_queued_start": 1585586572.511797, "device_queued": -1, "device_end": -1, "host_queued_end": 1585586572.521935}, "device": "cpu", "nd_range": {"device_start": 2254346.7344461423, "device_end": 2254346.741823792}, "cmdq": 0, "read": {"device_start": -1, "device_end": -1}}, "FFC_sans_bias10": {"write": {"device_start": -1, "host_queued_start": 1585586572.510666, "device_queued": -1, "device_end": -1, "host_queued_end": 1585586572.521935}, "device": "cpu", "nd_range": {"device_start": 2254346.7254557153, "device_end": 2254346.732150219}, "cmdq": 1, "read": {"device_start": -1, "device_end": -1}}, "coalesced_transpose3": {"write": {"device_start": -1, "host_queued_start": 1585586572.51534, "device_queued": -1, "device_end": -1, "host_queued_end": 1585586572.521935}, "device": "cpu", "nd_range": {"device_start": 2254346.754515353, "device_end": 2254346.7547274292}, "cmdq": 0, "read": {"device_start": -1, "device_end": -1}}, "FFC_sans_bias34": {"write": {"device_start": 1585586507.0929043, "host_queued_start": 1585586572.499395, "device_queued": 1585586507.088033, "device_end": 1585586507.0929422, "host_queued_end": 1585586572.501681}, "device": "gpu", "nd_range": {"device_start": 1585586507.0940013, "device_end": 1585586507.0953884}, "cmdq": 4, "read": {"device_start": 1585586507.0953956, "device_end": 1585586507.0954192}}, "FFC_sans_bias15": {"write": {"device_start": -1, "host_queued_start": 1585586572.518518, "device_queued": -1, "device_end": -1, "host_queued_end": 1585586572.521935}, "device": "cpu", "nd_range": {"device_start": 2254346.770556907, "device_end": 2254346.7763135564}, "cmdq": 0, "read": {"device_start": -1, "device_end": -1}}, "FFC_sans_bias31": {"write": {"device_start": -1, "host_queued_start": 1585586572.496061, "device_queued": -1, "device_end": -1, "host_queued_end": 1585586572.501681}, "device": "gpu", "nd_range": {"device_start": 1585586507.090754, "device_end": 1585586507.0913637}, "cmdq": 0, "read": {"device_start": -1, "device_end": -1}}, "FFC_sans_bias16": {"write": {"device_start": -1, "host_queued_start": 1585586572.520906, "device_queued": -1, "device_end": -1, "host_queued_end": 1585586572.521935}, "device": "cpu", "nd_range": {"device_start": 2254346.786902264, "device_end": 2254346.798675924}, "cmdq": 1, "read": {"device_start": -1, "device_end": -1}}, "FFC_sans_bias19": {"write": {"device_start": -1, "host_queued_start": 1585586572.513928, "device_queued": -1, "device_end": -1, "host_queued_end": 1585586572.521935}, "device": "cpu", "nd_range": {"device_start": 2254346.7493232973, "device_end": 2254346.754509616}, "cmdq": 0, "read": {"device_start": -1, "device_end": -1}}, "FFC_sans_bias18": {"write": {"device_start": -1, "host_queued_start": 1585586572.512889, "device_queued": -1, "device_end": -1, "host_queued_end": 1585586572.521935}, "device": "cpu", "nd_range": {"device_start": 2254346.7321576034, "device_end": 2254346.73883462}, "cmdq": 1, "read": {"device_start": -1, "device_end": -1}}, "coalesced_transpose30": {"write": {"device_start": -1, "host_queued_start": 1585586572.495153, "device_queued": -1, "device_end": -1, "host_queued_end": 1585586572.501681}, "device": "gpu", "nd_range": {"device_start": 1585586507.0889535, "device_end": 1585586507.090743}, "cmdq": 2, "read": {"device_start": -1, "device_end": -1}}, "FFC_sans_bias38": {"write": {"device_start": 1585586507.0871723, "host_queued_start": 1585586572.491667, "device_queued": 1585586507.0866652, "device_end": 1585586507.0872018, "host_queued_end": 1585586572.501681}, "device": "gpu", "nd_range": {"device_start": 1585586507.087208, "device_end": 1585586507.0894458}, "cmdq": 3, "read": {"device_start": -1, "device_end": -1}}, "empty26": {"write": {"device_start": -1, "host_queued_start": 1585586572.505236, "device_queued": -1, "device_end": -1, "host_queued_end": 1585586572.521935}, "device": "cpu", "nd_range": {"device_start": 2254346.711556685, "device_end": 2254346.711557738}, "cmdq": 0, "read": {"device_start": -1, "device_end": -1}}, "coalesced_transpose12": {"write": {"device_start": -1, "host_queued_start": 1585586572.515665, "device_queued": -1, "device_end": -1, "host_queued_end": 1585586572.521935}, "device": "cpu", "nd_range": {"device_start": 2254346.745556022, "device_end": 2254346.745660061}, "cmdq": 1, "read": {"device_start": -1, "device_end": -1}}, "empty44": {"write": {"device_start": 1585586507.086159, "host_queued_start": 1585586572.484392, "device_queued": 1585586507.0860217, "device_end": 1585586507.0862298, "host_queued_end": 1585586572.501681}, "device": "gpu", "nd_range": {"device_start": 1585586507.086376, "device_end": 1585586507.0864315}, "cmdq": 1, "read": {"device_start": -1, "device_end": -1}}, "coalesced_transpose21": {"write": {"device_start": -1, "host_queued_start": 1585586572.515991, "device_queued": -1, "device_end": -1, "host_queued_end": 1585586572.521935}, "device": "cpu", "nd_range": {"device_start": 2254346.754753813, "device_end": 2254346.755874177}, "cmdq": 0, "read": {"device_start": -1, "device_end": -1}}, "FFC_sans_bias36": {"write": {"device_start": 1585586507.0867252, "host_queued_start": 1585586572.48955, "device_queued": 1585586507.086625, "device_end": 1585586507.0867999, "host_queued_end": 1585586572.501681}, "device": "gpu", "nd_range": {"device_start": 1585586507.086882, "device_end": 1585586507.0884502}, "cmdq": 1, "read": {"device_start": -1, "device_end": -1}}, "softmax14": {"write": {"device_start": -1, "host_queued_start": 1585586572.517564, "device_queued": -1, "device_end": -1, "host_queued_end": 1585586572.521935}, "device": "cpu", "nd_range": {"device_start": 2254346.770276858, "device_end": 2254346.770480765}, "cmdq": 1, "read": {"device_start": -1, "device_end": -1}}, "FFC_sans_bias13": {"write": {"device_start": -1, "host_queued_start": 1585586572.516681, "device_queued": -1, "device_end": -1, "host_queued_end": 1585586572.521935}, "device": "cpu", "nd_range": {"device_start": 2254346.7560081272, "device_end": 2254346.7635913603}, "cmdq": 0, "read": {"device_start": -1, "device_end": -1}}, "empty8": {"write": {"device_start": -1, "host_queued_start": 1585586572.503179, "device_queued": -1, "device_end": -1, "host_queued_end": 1585586572.521935}, "device": "cpu", "nd_range": {"device_start": 2254346.711525605, "device_end": 2254346.71153737}, "cmdq": 0, "read": {"device_start": -1, "device_end": -1}}, "FFC_sans_bias42": {"write": {"device_start": -1, "host_queued_start": 1585586572.498043, "device_queued": -1, "device_end": -1, "host_queued_end": 1585586572.501681}, "device": "gpu", "nd_range": {"device_start": 1585586507.0927937, "device_end": 1585586507.0934205}, "cmdq": 2, "read": {"device_start": -1, "device_end": -1}}, "FFC_sans_bias43": {"write": {"device_start": 1585586507.0925417, "host_queued_start": 1585586572.500431, "device_queued": 1585586507.0881143, "device_end": 1585586507.0925798, "host_queued_end": 1585586572.501681}, "device": "gpu", "nd_range": {"device_start": 1585586507.0934265, "device_end": 1585586507.0944042}, "cmdq": 0, "read": {"device_start": 1585586507.0955467, "device_end": 1585586507.0955765}}, "FFC_sans_bias40": {"write": {"device_start": -1, "host_queued_start": 1585586572.496374, "device_queued": -1, "device_end": -1, "host_queued_end": 1585586572.501681}, "device": "gpu", "nd_range": {"device_start": 1585586507.0908797, "device_end": 1585586507.092351}, "cmdq": 1, "read": {"device_start": -1, "device_end": -1}}, "softmax32": {"write": {"device_start": -1, "host_queued_start": 1585586572.49693, "device_queued": -1, "device_end": -1, "host_queued_end": 1585586572.501681}, "device": "gpu", "nd_range": {"device_start": 1585586507.091375, "device_end": 1585586507.0923946}, "cmdq": 3, "read": {"device_start": -1, "device_end": -1}}, "FFC_sans_bias47": {"write": {"device_start": 1585586507.0885494, "host_queued_start": 1585586572.494831, "device_queued": 1585586507.087138, "device_end": 1585586507.0885756, "host_queued_end": 1585586572.501681}, "device": "gpu", "nd_range": {"device_start": 1585586507.0885906, "device_end": 1585586507.0908744}, "cmdq": 1, "read": {"device_start": -1, "device_end": -1}}, "FFC_sans_bias45": {"write": {"device_start": 1585586507.087562, "host_queued_start": 1585586572.492701, "device_queued": 1585586507.086832, "device_end": 1585586507.087587, "host_queued_end": 1585586572.501681}, "device": "gpu", "nd_range": {"device_start": 1585586507.0875902, "device_end": 1585586507.089908}, "cmdq": 4, "read": {"device_start": -1, "device_end": -1}}, "softmax50": {"write": {"device_start": -1, "host_queued_start": 1585586572.497417, "device_queued": -1, "device_end": -1, "host_queued_end": 1585586572.501681}, "device": "gpu", "nd_range": {"device_start": 1585586507.091836, "device_end": 1585586507.0924013}, "cmdq": 0, "read": {"device_start": -1, "device_end": -1}}, "FFC_sans_bias33": {"write": {"device_start": -1, "host_queued_start": 1585586572.497726, "device_queued": -1, "device_end": -1, "host_queued_end": 1585586572.501681}, "device": "gpu", "nd_range": {"device_start": 1585586507.0924063, "device_end": 1585586507.0930161}, "cmdq": 1, "read": {"device_start": -1, "device_end": -1}}, "FFC_sans_bias49": {"write": {"device_start": -1, "host_queued_start": 1585586572.496685, "device_queued": -1, "device_end": -1, "host_queued_end": 1585586572.501681}, "device": "gpu", "nd_range": {"device_start": 1585586507.0907784, "device_end": 1585586507.0918257}, "cmdq": 2, "read": {"device_start": -1, "device_end": -1}}, "FFC_sans_bias24": {"write": {"device_start": -1, "host_queued_start": 1585586572.518885, "device_queued": -1, "device_end": -1, "host_queued_end": 1585586572.521935}, "device": "cpu", "nd_range": {"device_start": 2254346.7788569042, "device_end": 2254346.78678438}, "cmdq": 1, "read": {"device_start": -1, "device_end": -1}}, "FFC_sans_bias25": {"write": {"device_start": -1, "host_queued_start": 1585586572.521891, "device_queued": -1, "device_end": -1, "host_queued_end": 1585586572.521935}, "device": "cpu", "nd_range": {"device_start": 2254346.790288255, "device_end": 2254346.797361818}, "cmdq": 0, "read": {"device_start": -1, "device_end": -1}}, "FFC_sans_bias27": {"write": {"device_start": 1585586507.086364, "host_queued_start": 1585586572.486298, "device_queued": 1585586507.086073, "device_end": 1585586507.0864325, "host_queued_end": 1585586572.501681}, "device": "gpu", "nd_range": {"device_start": 1585586507.0864363, "device_end": 1585586507.0870404}, "cmdq": 3, "read": {"device_start": -1, "device_end": -1}}, "FFC_sans_bias20": {"write": {"device_start": -1, "host_queued_start": 1585586572.51501, "device_queued": -1, "device_end": -1, "host_queued_end": 1585586572.521935}, "device": "cpu", "nd_range": {"device_start": 2254346.738956389, "device_end": 2254346.7454324244}, "cmdq": 1, "read": {"device_start": -1, "device_end": -1}}, "FFC_sans_bias22": {"write": {"device_start": -1, "host_queued_start": 1585586572.51702, "device_queued": -1, "device_end": -1, "host_queued_end": 1585586572.521935}, "device": "cpu", "nd_range": {"device_start": 2254346.7622634773, "device_end": 2254346.770257161}, "cmdq": 1, "read": {"device_start": -1, "device_end": -1}}, "softmax5": {"write": {"device_start": -1, "host_queued_start": 1585586572.517296, "device_queued": -1, "device_end": -1, "host_queued_end": 1585586572.521935}, "device": "cpu", "nd_range": {"device_start": 2254346.763707425, "device_end": 2254346.763924338}, "cmdq": 0, "read": {"device_start": -1, "device_end": -1}}, "FFC_sans_bias28": {"write": {"device_start": 1585586507.0864618, "host_queued_start": 1585586572.487404, "device_queued": 1585586507.0863264, "device_end": 1585586507.0865376, "host_queued_end": 1585586572.501681}, "device": "gpu", "nd_range": {"device_start": 1585586507.0865405, "device_end": 1585586507.0874484}, "cmdq": 4, "read": {"device_start": -1, "device_end": -1}}, "FFC_sans_bias29": {"write": {"device_start": 1585586507.0865612, "host_queued_start": 1585586572.488494, "device_queued": 1585586507.0864584, "device_end": 1585586507.0865932, "host_queued_end": 1585586572.501681}, "device": "gpu", "nd_range": {"device_start": 1585586507.0866175, "device_end": 1585586507.087997}, "cmdq": 0, "read": {"device_start": -1, "device_end": -1}}, "empty17": {"write": {"device_start": -1, "host_queued_start": 1585586572.504238, "device_queued": -1, "device_end": -1, "host_queued_end": 1585586572.521935}, "device": "cpu", "nd_range": {"device_start": 2254346.7115256963, "device_end": 2254346.711536936}, "cmdq": 1, "read": {"device_start": -1, "device_end": -1}}, "empty35": {"write": {"device_start": 1585586507.0860548, "host_queued_start": 1585586572.483352, "device_queued": 1585586507.0859208, "device_end": 1585586507.086104, "host_queued_end": 1585586572.501681}, "device": "gpu", "nd_range": {"device_start": 1585586507.086113, "device_end": 1585586507.086118}, "cmdq": 0, "read": {"device_start": -1, "device_end": -1}}, "empty53": {"write": {"device_start": 1585586507.0862544, "host_queued_start": 1585586572.485301, "device_queued": 1585586507.086043, "device_end": 1585586507.0863044, "host_queued_end": 1585586572.501681}, "device": "gpu", "nd_range": {"device_start": 1585586507.08641, "device_end": 1585586507.0864348}, "cmdq": 2, "read": {"device_start": -1, "device_end": -1}}, "FFC_sans_bias46": {"write": {"device_start": 1585586507.088114, "host_queued_start": 1585586572.493755, "device_queued": 1585586507.0870416, "device_end": 1585586507.088139, "host_queued_end": 1585586572.501681}, "device": "gpu", "nd_range": {"device_start": 1585586507.0881462, "device_end": 1585586507.0904284}, "cmdq": 0, "read": {"device_start": -1, "device_end": -1}}, "coalesced_transpose48": {"write": {"device_start": -1, "host_queued_start": 1585586572.495747, "device_queued": -1, "device_end": -1, "host_queued_end": 1585586572.501681}, "device": "gpu", "nd_range": {"device_start": 1585586507.0904374, "device_end": 1585586507.0907712}, "cmdq": 4, "read": {"device_start": -1, "device_end": -1}}}