{"FFC_sans_bias4": {"write": {"device_start": -1, "host_queued_start": 1585586353.943995, "device_queued": -1, "device_end": -1, "host_queued_end": 1585586353.955357}, "device": "gpu", "nd_range": {"device_start": 1585586288.554957, "device_end": 1585586288.5555685}, "cmdq": 0, "read": {"device_start": -1, "device_end": -1}}, "FFC_sans_bias7": {"write": {"device_start": 1585586288.5602872, "host_queued_start": 1585586353.950016, "device_queued": 1585586288.549181, "device_end": 1585586288.5603182, "host_queued_end": 1585586353.955357}, "device": "gpu", "nd_range": {"device_start": 1585586288.5603228, "device_end": 1585586288.5616596}, "cmdq": 0, "read": {"device_start": 1585586288.5616615, "device_end": 1585586288.5616856}}, "FFC_sans_bias6": {"write": {"device_start": -1, "host_queued_start": 1585586353.947409, "device_queued": -1, "device_end": -1, "host_queued_end": 1585586353.955357}, "device": "gpu", "nd_range": {"device_start": 1585586288.5581663, "device_end": 1585586288.5591652}, "cmdq": 0, "read": {"device_start": -1, "device_end": -1}}, "FFC_sans_bias1": {"write": {"device_start": 1585586288.5463026, "host_queued_start": 1585586353.924883, "device_queued": 1585586288.546209, "device_end": 1585586288.5463655, "host_queued_end": 1585586353.955357}, "device": "gpu", "nd_range": {"device_start": 1585586288.5463688, "device_end": 1585586288.5472655}, "cmdq": 1, "read": {"device_start": -1, "device_end": -1}}, "FFC_sans_bias0": {"write": {"device_start": 1585586288.5462034, "host_queued_start": 1585586353.923842, "device_queued": 1585586288.5460079, "device_end": 1585586288.546241, "host_queued_end": 1585586353.955357}, "device": "gpu", "nd_range": {"device_start": 1585586288.5462446, "device_end": 1585586288.5468554}, "cmdq": 0, "read": {"device_start": -1, "device_end": -1}}, "FFC_sans_bias2": {"write": {"device_start": 1585586288.5463867, "host_queued_start": 1585586353.925926, "device_queued": 1585586288.5462332, "device_end": 1585586288.5464172, "host_queued_end": 1585586353.955357}, "device": "gpu", "nd_range": {"device_start": 1585586288.5464199, "device_end": 1585586288.5478313}, "cmdq": 2, "read": {"device_start": -1, "device_end": -1}}, "FFC_sans_bias52": {"write": {"device_start": 1585586288.5633008, "host_queued_start": 1585586353.955258, "device_queued": 1585586288.5496812, "device_end": 1585586288.5633314, "host_queued_end": 1585586353.955357}, "device": "gpu", "nd_range": {"device_start": 1585586288.5633352, "device_end": 1585586288.5640433}, "cmdq": 2, "read": {"device_start": 1585586288.56405, "device_end": 1585586288.5640721}}, "FFC_sans_bias9": {"write": {"device_start": 1585586288.546969, "host_queued_start": 1585586353.927021, "device_queued": 1585586288.5464272, "device_end": 1585586288.546999, "host_queued_end": 1585586353.955357}, "device": "gpu", "nd_range": {"device_start": 1585586288.547004, "device_end": 1585586288.5482538}, "cmdq": 0, "read": {"device_start": -1, "device_end": -1}}, "coalesced_transpose39": {"write": {"device_start": -1, "host_queued_start": 1585586353.943374, "device_queued": -1, "device_end": -1, "host_queued_end": 1585586353.955357}, "device": "gpu", "nd_range": {"device_start": 1585586288.554935, "device_end": 1585586288.5549679}, "cmdq": 1, "read": {"device_start": -1, "device_end": -1}}, "FFC_sans_bias51": {"write": {"device_start": -1, "host_queued_start": 1585586353.948997, "device_queued": -1, "device_end": -1, "host_queued_end": 1585586353.955357}, "device": "gpu", "nd_range": {"device_start": 1585586288.5607228, "device_end": 1585586288.5621376}, "cmdq": 2, "read": {"device_start": -1, "device_end": -1}}, "softmax23": {"write": {"device_start": -1, "host_queued_start": 1585586353.946352, "device_queued": -1, "device_end": -1, "host_queued_end": 1585586353.955357}, "device": "gpu", "nd_range": {"device_start": 1585586288.5581083, "device_end": 1585586288.558451}, "cmdq": 2, "read": {"device_start": -1, "device_end": -1}}, "FFC_sans_bias37": {"write": {"device_start": 1585586288.5517714, "host_queued_start": 1585586353.9375, "device_queued": 1585586288.5475237, "device_end": 1585586288.5518036, "host_queued_end": 1585586353.955357}, "device": "gpu", "nd_range": {"device_start": 1585586288.5518093, "device_end": 1585586288.5531342}, "cmdq": 1, "read": {"device_start": -1, "device_end": -1}}, "softmax41": {"write": {"device_start": -1, "host_queued_start": 1585586353.946853, "device_queued": -1, "device_end": -1, "host_queued_end": 1585586353.955357}, "device": "gpu", "nd_range": {"device_start": 1585586288.5576224, "device_end": 1585586288.5581594}, "cmdq": 1, "read": {"device_start": -1, "device_end": -1}}, "FFC_sans_bias11": {"write": {"device_start": 1585586288.5479584, "host_queued_start": 1585586353.929146, "device_queued": 1585586288.5465035, "device_end": 1585586288.5479894, "host_queued_end": 1585586353.955357}, "device": "gpu", "nd_range": {"device_start": 1585586288.547994, "device_end": 1585586288.5492408}, "cmdq": 2, "read": {"device_start": -1, "device_end": -1}}, "FFC_sans_bias10": {"write": {"device_start": 1585586288.5473711, "host_queued_start": 1585586353.928056, "device_queued": 1585586288.5464725, "device_end": 1585586288.5474088, "host_queued_end": 1585586353.955357}, "device": "gpu", "nd_range": {"device_start": 1585586288.5474133, "device_end": 1585586288.548796}, "cmdq": 1, "read": {"device_start": -1, "device_end": -1}}, "coalesced_transpose3": {"write": {"device_start": -1, "host_queued_start": 1585586353.942008, "device_queued": -1, "device_end": -1, "host_queued_end": 1585586353.955357}, "device": "gpu", "nd_range": {"device_start": 1585586288.554087, "device_end": 1585586288.5549054}, "cmdq": 0, "read": {"device_start": -1, "device_end": -1}}, "FFC_sans_bias34": {"write": {"device_start": 1585586288.562414, "host_queued_start": 1585586353.95317, "device_queued": 1585586288.5496235, "device_end": 1585586288.5624452, "host_queued_end": 1585586353.955357}, "device": "gpu", "nd_range": {"device_start": 1585586288.5624485, "device_end": 1585586288.5635898}, "cmdq": 0, "read": {"device_start": 1585586288.5635967, "device_end": 1585586288.563619}}, "FFC_sans_bias15": {"write": {"device_start": -1, "host_queued_start": 1585586353.947729, "device_queued": -1, "device_end": -1, "host_queued_end": 1585586353.955357}, "device": "gpu", "nd_range": {"device_start": 1585586288.5581605, "device_end": 1585586288.5587683}, "cmdq": 1, "read": {"device_start": -1, "device_end": -1}}, "FFC_sans_bias31": {"write": {"device_start": -1, "host_queued_start": 1585586353.94496, "device_queued": -1, "device_end": -1, "host_queued_end": 1585586353.955357}, "device": "gpu", "nd_range": {"device_start": 1585586288.5555696, "device_end": 1585586288.556539}, "cmdq": 0, "read": {"device_start": -1, "device_end": -1}}, "FFC_sans_bias16": {"write": {"device_start": 1585586288.559863, "host_queued_start": 1585586353.951095, "device_queued": 1585586288.5493596, "device_end": 1585586288.5598938, "host_queued_end": 1585586353.955357}, "device": "gpu", "nd_range": {"device_start": 1585586288.5598967, "device_end": 1585586288.5611563}, "cmdq": 1, "read": {"device_start": 1585586288.5611584, "device_end": 1585586288.5611825}}, "FFC_sans_bias19": {"write": {"device_start": 1585586288.5489364, "host_queued_start": 1585586353.93126, "device_queued": 1585586288.5467954, "device_end": 1585586288.5489678, "host_queued_end": 1585586353.955357}, "device": "gpu", "nd_range": {"device_start": 1585586288.5489736, "device_end": 1585586288.550226}, "cmdq": 1, "read": {"device_start": -1, "device_end": -1}}, "FFC_sans_bias18": {"write": {"device_start": 1585586288.5483782, "host_queued_start": 1585586353.930192, "device_queued": 1585586288.5466516, "device_end": 1585586288.5484095, "host_queued_end": 1585586353.955357}, "device": "gpu", "nd_range": {"device_start": 1585586288.5484138, "device_end": 1585586288.5497339}, "cmdq": 0, "read": {"device_start": -1, "device_end": -1}}, "coalesced_transpose30": {"write": {"device_start": -1, "host_queued_start": 1585586353.942957, "device_queued": -1, "device_end": -1, "host_queued_end": 1585586353.955357}, "device": "gpu", "nd_range": {"device_start": 1585586288.5549128, "device_end": 1585586288.554956}, "cmdq": 0, "read": {"device_start": -1, "device_end": -1}}, "FFC_sans_bias38": {"write": {"device_start": 1585586288.552281, "host_queued_start": 1585586353.938545, "device_queued": 1585586288.5475533, "device_end": 1585586288.5523183, "host_queued_end": 1585586353.955357}, "device": "gpu", "nd_range": {"device_start": 1585586288.552323, "device_end": 1585586288.5536191}, "cmdq": 2, "read": {"device_start": -1, "device_end": -1}}, "empty26": {"write": {"device_start": 1585586288.5457935, "host_queued_start": 1585586353.920317, "device_queued": 1585586288.5456324, "device_end": 1585586288.5458612, "host_queued_end": 1585586353.955357}, "device": "gpu", "nd_range": {"device_start": 1585586288.5458663, "device_end": 1585586288.5458705}, "cmdq": 2, "read": {"device_start": -1, "device_end": -1}}, "coalesced_transpose12": {"write": {"device_start": -1, "host_queued_start": 1585586353.942336, "device_queued": -1, "device_end": -1, "host_queued_end": 1585586353.955357}, "device": "gpu", "nd_range": {"device_start": 1585586288.5546021, "device_end": 1585586288.5549338}, "cmdq": 1, "read": {"device_start": -1, "device_end": -1}}, "empty44": {"write": {"device_start": 1585586288.5460293, "host_queued_start": 1585586353.921999, "device_queued": 1585586288.5459316, "device_end": 1585586288.5460916, "host_queued_end": 1585586353.955357}, "device": "gpu", "nd_range": {"device_start": 1585586288.5460978, "device_end": 1585586288.5461035}, "cmdq": 1, "read": {"device_start": -1, "device_end": -1}}, "coalesced_transpose21": {"write": {"device_start": -1, "host_queued_start": 1585586353.942653, "device_queued": -1, "device_end": -1, "host_queued_end": 1585586353.955357}, "device": "gpu", "nd_range": {"device_start": 1585586288.5550616, "device_end": 1585586288.5559313}, "cmdq": 2, "read": {"device_start": -1, "device_end": -1}}, "FFC_sans_bias36": {"write": {"device_start": 1585586288.5513127, "host_queued_start": 1585586353.936461, "device_queued": 1585586288.5473151, "device_end": 1585586288.5513446, "host_queued_end": 1585586353.955357}, "device": "gpu", "nd_range": {"device_start": 1585586288.551349, "device_end": 1585586288.5526452}, "cmdq": 0, "read": {"device_start": -1, "device_end": -1}}, "softmax14": {"write": {"device_start": -1, "host_queued_start": 1585586353.946104, "device_queued": -1, "device_end": -1, "host_queued_end": 1585586353.955357}, "device": "gpu", "nd_range": {"device_start": 1585586288.5569785, "device_end": 1585586288.5576208}, "cmdq": 1, "read": {"device_start": -1, "device_end": -1}}, "FFC_sans_bias13": {"write": {"device_start": -1, "host_queued_start": 1585586353.94432, "device_queued": -1, "device_end": -1, "host_queued_end": 1585586353.955357}, "device": "gpu", "nd_range": {"device_start": 1585586288.5549695, "device_end": 1585586288.5559914}, "cmdq": 1, "read": {"device_start": -1, "device_end": -1}}, "empty8": {"write": {"device_start": 1585586288.545592, "host_queued_start": 1585586353.918303, "device_queued": 1585586288.545472, "device_end": 1585586288.5456195, "host_queued_end": 1585586353.955357}, "device": "gpu", "nd_range": {"device_start": 1585586288.545623, "device_end": 1585586288.545628}, "cmdq": 0, "read": {"device_start": -1, "device_end": -1}}, "FFC_sans_bias42": {"write": {"device_start": -1, "host_queued_start": 1585586353.948674, "device_queued": -1, "device_end": -1, "host_queued_end": 1585586353.955357}, "device": "gpu", "nd_range": {"device_start": 1585586288.5587692, "device_end": 1585586288.5597408}, "cmdq": 1, "read": {"device_start": -1, "device_end": -1}}, "FFC_sans_bias43": {"write": {"device_start": 1585586288.561359, "host_queued_start": 1585586353.954206, "device_queued": 1585586288.5496628, "device_end": 1585586288.5613904, "host_queued_end": 1585586353.955357}, "device": "gpu", "nd_range": {"device_start": 1585586288.561395, "device_end": 1585586288.5626235}, "cmdq": 1, "read": {"device_start": 1585586288.5626268, "device_end": 1585586288.5626497}}, "FFC_sans_bias40": {"write": {"device_start": -1, "host_queued_start": 1585586353.94528, "device_queued": -1, "device_end": -1, "host_queued_end": 1585586353.955357}, "device": "gpu", "nd_range": {"device_start": 1585586288.5559926, "device_end": 1585586288.5569775}, "cmdq": 1, "read": {"device_start": -1, "device_end": -1}}, "softmax32": {"write": {"device_start": -1, "host_queued_start": 1585586353.946603, "device_queued": -1, "device_end": -1, "host_queued_end": 1585586353.955357}, "device": "gpu", "nd_range": {"device_start": 1585586288.5576286, "device_end": 1585586288.558165}, "cmdq": 0, "read": {"device_start": -1, "device_end": -1}}, "FFC_sans_bias47": {"write": {"device_start": 1585586288.5537465, "host_queued_start": 1585586353.941677, "device_queued": 1585586288.5477567, "device_end": 1585586288.5537786, "host_queued_end": 1585586353.955357}, "device": "gpu", "nd_range": {"device_start": 1585586288.5537825, "device_end": 1585586288.5550566}, "cmdq": 2, "read": {"device_start": -1, "device_end": -1}}, "FFC_sans_bias45": {"write": {"device_start": 1585586288.5527723, "host_queued_start": 1585586353.939606, "device_queued": 1585586288.5477023, "device_end": 1585586288.5528038, "host_queued_end": 1585586353.955357}, "device": "gpu", "nd_range": {"device_start": 1585586288.552812, "device_end": 1585586288.5540848}, "cmdq": 0, "read": {"device_start": -1, "device_end": -1}}, "softmax50": {"write": {"device_start": -1, "host_queued_start": 1585586353.947098, "device_queued": -1, "device_end": -1, "host_queued_end": 1585586353.955357}, "device": "gpu", "nd_range": {"device_start": 1585586288.5584521, "device_end": 1585586288.5593436}, "cmdq": 2, "read": {"device_start": -1, "device_end": -1}}, "FFC_sans_bias33": {"write": {"device_start": -1, "host_queued_start": 1585586353.948361, "device_queued": -1, "device_end": -1, "host_queued_end": 1585586353.955357}, "device": "gpu", "nd_range": {"device_start": 1585586288.5591662, "device_end": 1585586288.560163}, "cmdq": 0, "read": {"device_start": -1, "device_end": -1}}, "FFC_sans_bias49": {"write": {"device_start": -1, "host_queued_start": 1585586353.945595, "device_queued": -1, "device_end": -1, "host_queued_end": 1585586353.955357}, "device": "gpu", "nd_range": {"device_start": 1585586288.5575092, "device_end": 1585586288.5581071}, "cmdq": 2, "read": {"device_start": -1, "device_end": -1}}, "FFC_sans_bias24": {"write": {"device_start": -1, "host_queued_start": 1585586353.948044, "device_queued": -1, "device_end": -1, "host_queued_end": 1585586353.955357}, "device": "gpu", "nd_range": {"device_start": 1585586288.5593448, "device_end": 1585586288.5607214}, "cmdq": 2, "read": {"device_start": -1, "device_end": -1}}, "FFC_sans_bias25": {"write": {"device_start": 1585586288.5622613, "host_queued_start": 1585586353.952136, "device_queued": 1585586288.5493958, "device_end": 1585586288.5622923, "host_queued_end": 1585586353.955357}, "device": "gpu", "nd_range": {"device_start": 1585586288.5622969, "device_end": 1585586288.5631106}, "cmdq": 2, "read": {"device_start": 1585586288.5631166, "device_end": 1585586288.5631394}}, "FFC_sans_bias27": {"write": {"device_start": 1585586288.54992, "host_queued_start": 1585586353.933331, "device_queued": 1585586288.5470164, "device_end": 1585586288.5499516, "host_queued_end": 1585586353.955357}, "device": "gpu", "nd_range": {"device_start": 1585586288.5499566, "device_end": 1585586288.5512135}, "cmdq": 0, "read": {"device_start": -1, "device_end": -1}}, "FFC_sans_bias20": {"write": {"device_start": 1585586288.5494332, "host_queued_start": 1585586353.932298, "device_queued": 1585586288.5468225, "device_end": 1585586288.5494592, "host_queued_end": 1585586353.955357}, "device": "gpu", "nd_range": {"device_start": 1585586288.5494637, "device_end": 1585586288.5506997}, "cmdq": 2, "read": {"device_start": -1, "device_end": -1}}, "FFC_sans_bias22": {"write": {"device_start": -1, "host_queued_start": 1585586353.944636, "device_queued": -1, "device_end": -1, "host_queued_end": 1585586353.955357}, "device": "gpu", "nd_range": {"device_start": 1585586288.5563745, "device_end": 1585586288.5575082}, "cmdq": 2, "read": {"device_start": -1, "device_end": -1}}, "softmax5": {"write": {"device_start": -1, "host_queued_start": 1585586353.945853, "device_queued": -1, "device_end": -1, "host_queued_end": 1585586353.955357}, "device": "gpu", "nd_range": {"device_start": 1585586288.5565403, "device_end": 1585586288.557627}, "cmdq": 0, "read": {"device_start": -1, "device_end": -1}}, "FFC_sans_bias28": {"write": {"device_start": 1585586288.5503132, "host_queued_start": 1585586353.934359, "device_queued": 1585586288.5470831, "device_end": 1585586288.5503454, "host_queued_end": 1585586353.955357}, "device": "gpu", "nd_range": {"device_start": 1585586288.5503502, "device_end": 1585586288.5516646}, "cmdq": 1, "read": {"device_start": -1, "device_end": -1}}, "FFC_sans_bias29": {"write": {"device_start": 1585586288.550804, "host_queued_start": 1585586353.935429, "device_queued": 1585586288.547108, "device_end": 1585586288.5508351, "host_queued_end": 1585586353.955357}, "device": "gpu", "nd_range": {"device_start": 1585586288.5508413, "device_end": 1585586288.5521736}, "cmdq": 2, "read": {"device_start": -1, "device_end": -1}}, "empty17": {"write": {"device_start": 1585586288.545694, "host_queued_start": 1585586353.91947, "device_queued": 1585586288.545611, "device_end": 1585586288.5457525, "host_queued_end": 1585586353.955357}, "device": "gpu", "nd_range": {"device_start": 1585586288.5457587, "device_end": 1585586288.5457666}, "cmdq": 1, "read": {"device_start": -1, "device_end": -1}}, "empty35": {"write": {"device_start": 1585586288.5458913, "host_queued_start": 1585586353.921159, "device_queued": 1585586288.5456908, "device_end": 1585586288.5459156, "host_queued_end": 1585586353.955357}, "device": "gpu", "nd_range": {"device_start": 1585586288.5459235, "device_end": 1585586288.5459273}, "cmdq": 0, "read": {"device_start": -1, "device_end": -1}}, "empty53": {"write": {"device_start": 1585586288.5461233, "host_queued_start": 1585586353.92286, "device_queued": 1585586288.545958, "device_end": 1585586288.5461943, "host_queued_end": 1585586353.955357}, "device": "gpu", "nd_range": {"device_start": 1585586288.546203, "device_end": 1585586288.54621}, "cmdq": 2, "read": {"device_start": -1, "device_end": -1}}, "FFC_sans_bias46": {"write": {"device_start": 1585586288.5532598, "host_queued_start": 1585586353.94064, "device_queued": 1585586288.5477405, "device_end": 1585586288.5532916, "host_queued_end": 1585586353.955357}, "device": "gpu", "nd_range": {"device_start": 1585586288.5532963, "device_end": 1585586288.554601}, "cmdq": 1, "read": {"device_start": -1, "device_end": -1}}, "coalesced_transpose48": {"write": {"device_start": -1, "host_queued_start": 1585586353.943678, "device_queued": -1, "device_end": -1, "host_queued_end": 1585586353.955357}, "device": "gpu", "nd_range": {"device_start": 1585586288.5559433, "device_end": 1585586288.5563734}, "cmdq": 2, "read": {"device_start": -1, "device_end": -1}}}