{"FFC_sans_bias4": {"write": {"device_start": -1, "host_queued_start": 1585586211.666013, "device_queued": -1, "device_end": -1, "host_queued_end": 1585586211.673593}, "device": "cpu", "nd_range": {"device_start": 2253985.920695639, "device_end": 2253985.930299965}, "cmdq": 2, "read": {"device_start": -1, "device_end": -1}}, "FFC_sans_bias7": {"write": {"device_start": -1, "host_queued_start": 1585586211.670524, "device_queued": -1, "device_end": -1, "host_queued_end": 1585586211.673593}, "device": "cpu", "nd_range": {"device_start": 2253985.9510091343, "device_end": 2253985.961319014}, "cmdq": 2, "read": {"device_start": -1, "device_end": -1}}, "FFC_sans_bias6": {"write": {"device_start": -1, "host_queued_start": 1585586211.668472, "device_queued": -1, "device_end": -1, "host_queued_end": 1585586211.673593}, "device": "cpu", "nd_range": {"device_start": 2253985.936754653, "device_end": 2253985.944130314}, "cmdq": 1, "read": {"device_start": -1, "device_end": -1}}, "FFC_sans_bias1": {"write": {"device_start": -1, "host_queued_start": 1585586211.653467, "device_queued": -1, "device_end": -1, "host_queued_end": 1585586211.673593}, "device": "cpu", "nd_range": {"device_start": 2253985.863251368, "device_end": 2253985.8791884873}, "cmdq": 2, "read": {"device_start": -1, "device_end": -1}}, "FFC_sans_bias0": {"write": {"device_start": -1, "host_queued_start": 1585586211.652412, "device_queued": -1, "device_end": -1, "host_queued_end": 1585586211.673593}, "device": "cpu", "nd_range": {"device_start": 2253985.8632357693, "device_end": 2253985.875975104}, "cmdq": 1, "read": {"device_start": -1, "device_end": -1}}, "FFC_sans_bias2": {"write": {"device_start": -1, "host_queued_start": 1585586211.654534, "device_queued": -1, "device_end": -1, "host_queued_end": 1585586211.673593}, "device": "cpu", "nd_range": {"device_start": 2253985.863244736, "device_end": 2253985.871477629}, "cmdq": 0, "read": {"device_start": -1, "device_end": -1}}, "FFC_sans_bias52": {"write": {"device_start": 1585586146.2496536, "host_queued_start": 1585586211.64703, "device_queued": 1585586146.2423835, "device_end": 1585586146.2496831, "host_queued_end": 1585586211.647138}, "device": "gpu", "nd_range": {"device_start": 1585586146.2496905, "device_end": 1585586146.2502856}, "cmdq": 0, "read": {"device_start": 1585586146.2502885, "device_end": 1585586146.2503123}}, "FFC_sans_bias9": {"write": {"device_start": -1, "host_queued_start": 1585586211.65572, "device_queued": -1, "device_end": -1, "host_queued_end": 1585586211.673593}, "device": "cpu", "nd_range": {"device_start": 2253985.8770247, "device_end": 2253985.886259385}, "cmdq": 1, "read": {"device_start": -1, "device_end": -1}}, "coalesced_transpose39": {"write": {"device_start": -1, "host_queued_start": 1585586211.642893, "device_queued": -1, "device_end": -1, "host_queued_end": 1585586211.647138}, "device": "gpu", "nd_range": {"device_start": 1585586146.245822, "device_end": 1585586146.2458305}, "cmdq": 0, "read": {"device_start": -1, "device_end": -1}}, "FFC_sans_bias51": {"write": {"device_start": -1, "host_queued_start": 1585586211.644933, "device_queued": -1, "device_end": -1, "host_queued_end": 1585586211.647138}, "device": "gpu", "nd_range": {"device_start": 1585586146.248057, "device_end": 1585586146.2486565}, "cmdq": 0, "read": {"device_start": -1, "device_end": -1}}, "softmax23": {"write": {"device_start": -1, "host_queued_start": 1585586211.667869, "device_queued": -1, "device_end": -1, "host_queued_end": 1585586211.673593}, "device": "cpu", "nd_range": {"device_start": 2253985.941183375, "device_end": 2253985.941394246}, "cmdq": 2, "read": {"device_start": -1, "device_end": -1}}, "FFC_sans_bias37": {"write": {"device_start": 1585586146.242159, "host_queued_start": 1585586211.638351, "device_queued": 1585586146.2413838, "device_end": 1585586146.2421892, "host_queued_end": 1585586211.647138}, "device": "gpu", "nd_range": {"device_start": 1585586146.2422047, "device_end": 1585586146.2428033}, "cmdq": 0, "read": {"device_start": -1, "device_end": -1}}, "softmax41": {"write": {"device_start": -1, "host_queued_start": 1585586211.644074, "device_queued": -1, "device_end": -1, "host_queued_end": 1585586211.647138}, "device": "gpu", "nd_range": {"device_start": 1585586146.2470517, "device_end": 1585586146.2472537}, "cmdq": 0, "read": {"device_start": -1, "device_end": -1}}, "FFC_sans_bias11": {"write": {"device_start": -1, "host_queued_start": 1585586211.658044, "device_queued": -1, "device_end": -1, "host_queued_end": 1585586211.673593}, "device": "cpu", "nd_range": {"device_start": 2253985.871613063, "device_end": 2253985.881844238}, "cmdq": 0, "read": {"device_start": -1, "device_end": -1}}, "FFC_sans_bias10": {"write": {"device_start": -1, "host_queued_start": 1585586211.65682, "device_queued": -1, "device_end": -1, "host_queued_end": 1585586211.673593}, "device": "cpu", "nd_range": {"device_start": 2253985.8793121083, "device_end": 2253985.890759711}, "cmdq": 2, "read": {"device_start": -1, "device_end": -1}}, "coalesced_transpose3": {"write": {"device_start": -1, "host_queued_start": 1585586211.664695, "device_queued": -1, "device_end": -1, "host_queued_end": 1585586211.673593}, "device": "cpu", "nd_range": {"device_start": 2253985.920254021, "device_end": 2253985.920630337}, "cmdq": 1, "read": {"device_start": -1, "device_end": -1}}, "FFC_sans_bias34": {"write": {"device_start": -1, "host_queued_start": 1585586211.673549, "device_queued": -1, "device_end": -1, "host_queued_end": 1585586211.673593}, "device": "cpu", "nd_range": {"device_start": 2253985.9642311144, "device_end": 2253985.972523839}, "cmdq": 2, "read": {"device_start": -1, "device_end": -1}}, "FFC_sans_bias15": {"write": {"device_start": -1, "host_queued_start": 1585586211.668811, "device_queued": -1, "device_end": -1, "host_queued_end": 1585586211.673593}, "device": "cpu", "nd_range": {"device_start": 2253985.941504546, "device_end": 2253985.950891601}, "cmdq": 2, "read": {"device_start": -1, "device_end": -1}}, "FFC_sans_bias31": {"write": {"device_start": -1, "host_queued_start": 1585586211.667043, "device_queued": -1, "device_end": -1, "host_queued_end": 1585586211.673593}, "device": "cpu", "nd_range": {"device_start": 2253985.9304423933, "device_end": 2253985.941058727}, "cmdq": 2, "read": {"device_start": -1, "device_end": -1}}, "FFC_sans_bias16": {"write": {"device_start": -1, "host_queued_start": 1585586211.671533, "device_queued": -1, "device_end": -1, "host_queued_end": 1585586211.673593}, "device": "cpu", "nd_range": {"device_start": 2253985.959672091, "device_end": 2253985.967615976}, "cmdq": 0, "read": {"device_start": -1, "device_end": -1}}, "FFC_sans_bias19": {"write": {"device_start": -1, "host_queued_start": 1585586211.660181, "device_queued": -1, "device_end": -1, "host_queued_end": 1585586211.673593}, "device": "cpu", "nd_range": {"device_start": 2253985.890882518, "device_end": 2253985.902763985}, "cmdq": 2, "read": {"device_start": -1, "device_end": -1}}, "FFC_sans_bias18": {"write": {"device_start": -1, "host_queued_start": 1585586211.65913, "device_queued": -1, "device_end": -1, "host_queued_end": 1585586211.673593}, "device": "cpu", "nd_range": {"device_start": 2253985.886379342, "device_end": 2253985.900112519}, "cmdq": 1, "read": {"device_start": -1, "device_end": -1}}, "coalesced_transpose30": {"write": {"device_start": -1, "host_queued_start": 1585586211.66567, "device_queued": -1, "device_end": -1, "host_queued_end": 1585586211.673593}, "device": "cpu", "nd_range": {"device_start": 2253985.9206557022, "device_end": 2253985.9209069973}, "cmdq": 1, "read": {"device_start": -1, "device_end": -1}}, "FFC_sans_bias38": {"write": {"device_start": 1585586146.2429297, "host_queued_start": 1585586211.639444, "device_queued": 1585586146.2414403, "device_end": 1585586146.24296, "host_queued_end": 1585586211.647138}, "device": "gpu", "nd_range": {"device_start": 1585586146.242963, "device_end": 1585586146.2435653}, "cmdq": 0, "read": {"device_start": -1, "device_end": -1}}, "empty26": {"write": {"device_start": -1, "host_queued_start": 1585586211.650497, "device_queued": -1, "device_end": -1, "host_queued_end": 1585586211.673593}, "device": "cpu", "nd_range": {"device_start": 2253985.86319225, "device_end": 2253985.8632050944}, "cmdq": 2, "read": {"device_start": -1, "device_end": -1}}, "coalesced_transpose12": {"write": {"device_start": -1, "host_queued_start": 1585586211.665021, "device_queued": -1, "device_end": -1, "host_queued_end": 1585586211.673593}, "device": "cpu", "nd_range": {"device_start": 2253985.914256081, "device_end": 2253985.9144082894}, "cmdq": 2, "read": {"device_start": -1, "device_end": -1}}, "empty44": {"write": {"device_start": 1585586146.241139, "host_queued_start": 1585586211.635249, "device_queued": 1585586146.2410135, "device_end": 1585586146.2411668, "host_queued_end": 1585586211.647138}, "device": "gpu", "nd_range": {"device_start": 1585586146.2411728, "device_end": 1585586146.2411828}, "cmdq": 0, "read": {"device_start": -1, "device_end": -1}}, "coalesced_transpose21": {"write": {"device_start": -1, "host_queued_start": 1585586211.665343, "device_queued": -1, "device_end": -1, "host_queued_end": 1585586211.673593}, "device": "cpu", "nd_range": {"device_start": 2253985.920241714, "device_end": 2253985.920459556}, "cmdq": 0, "read": {"device_start": -1, "device_end": -1}}, "FFC_sans_bias36": {"write": {"device_start": 1585586146.2414927, "host_queued_start": 1585586211.637321, "device_queued": 1585586146.241157, "device_end": 1585586146.2415233, "host_queued_end": 1585586211.647138}, "device": "gpu", "nd_range": {"device_start": 1585586146.2415292, "device_end": 1585586146.2420292}, "cmdq": 0, "read": {"device_start": -1, "device_end": -1}}, "softmax14": {"write": {"device_start": -1, "host_queued_start": 1585586211.667598, "device_queued": -1, "device_end": -1, "host_queued_end": 1585586211.673593}, "device": "cpu", "nd_range": {"device_start": 2253985.936435304, "device_end": 2253985.936644568}, "cmdq": 1, "read": {"device_start": -1, "device_end": -1}}, "FFC_sans_bias13": {"write": {"device_start": -1, "host_queued_start": 1585586211.666352, "device_queued": -1, "device_end": -1, "host_queued_end": 1585586211.673593}, "device": "cpu", "nd_range": {"device_start": 2253985.92083009, "device_end": 2253985.935399354}, "cmdq": 0, "read": {"device_start": -1, "device_end": -1}}, "empty8": {"write": {"device_start": -1, "host_queued_start": 1585586211.648485, "device_queued": -1, "device_end": -1, "host_queued_end": 1585586211.673593}, "device": "cpu", "nd_range": {"device_start": 2253985.8632253003, "device_end": 2253985.86322647}, "cmdq": 0, "read": {"device_start": -1, "device_end": -1}}, "FFC_sans_bias42": {"write": {"device_start": -1, "host_queued_start": 1585586211.644625, "device_queued": -1, "device_end": -1, "host_queued_end": 1585586211.647138}, "device": "gpu", "nd_range": {"device_start": 1585586146.2474542, "device_end": 1585586146.2480552}, "cmdq": 0, "read": {"device_start": -1, "device_end": -1}}, "FFC_sans_bias43": {"write": {"device_start": 1585586146.248792, "host_queued_start": 1585586211.645947, "device_queued": 1585586146.242207, "device_end": 1585586146.248825, "host_queued_end": 1585586211.647138}, "device": "gpu", "nd_range": {"device_start": 1585586146.2488334, "device_end": 1585586146.2494287}, "cmdq": 0, "read": {"device_start": 1585586146.249433, "device_end": 1585586146.249457}}, "FFC_sans_bias40": {"write": {"device_start": -1, "host_queued_start": 1585586211.643505, "device_queued": -1, "device_end": -1, "host_queued_end": 1585586211.647138}, "device": "gpu", "nd_range": {"device_start": 1585586146.2458456, "device_end": 1585586146.2464411}, "cmdq": 0, "read": {"device_start": -1, "device_end": -1}}, "softmax32": {"write": {"device_start": -1, "host_queued_start": 1585586211.668138, "device_queued": -1, "device_end": -1, "host_queued_end": 1585586211.673593}, "device": "cpu", "nd_range": {"device_start": 2253985.941902787, "device_end": 2253985.94211205}, "cmdq": 0, "read": {"device_start": -1, "device_end": -1}}, "FFC_sans_bias47": {"write": {"device_start": 1585586146.2451987, "host_queued_start": 1585586211.64252, "device_queued": 1585586146.2417626, "device_end": 1585586146.245229, "host_queued_end": 1585586211.647138}, "device": "gpu", "nd_range": {"device_start": 1585586146.2452316, "device_end": 1585586146.2458208}, "cmdq": 0, "read": {"device_start": -1, "device_end": -1}}, "FFC_sans_bias45": {"write": {"device_start": 1585586146.2436895, "host_queued_start": 1585586211.640464, "device_queued": 1585586146.2415793, "device_end": 1585586146.2437205, "host_queued_end": 1585586211.647138}, "device": "gpu", "nd_range": {"device_start": 1585586146.2437232, "device_end": 1585586146.2443285}, "cmdq": 0, "read": {"device_start": -1, "device_end": -1}}, "softmax50": {"write": {"device_start": -1, "host_queued_start": 1585586211.644318, "device_queued": -1, "device_end": -1, "host_queued_end": 1585586211.647138}, "device": "gpu", "nd_range": {"device_start": 1585586146.2472546, "device_end": 1585586146.2474527}, "cmdq": 0, "read": {"device_start": -1, "device_end": -1}}, "FFC_sans_bias33": {"write": {"device_start": -1, "host_queued_start": 1585586211.66949, "device_queued": -1, "device_end": -1, "host_queued_end": 1585586211.673593}, "device": "cpu", "nd_range": {"device_start": 2253985.944243186, "device_end": 2253985.958084916}, "cmdq": 1, "read": {"device_start": -1, "device_end": -1}}, "FFC_sans_bias49": {"write": {"device_start": -1, "host_queued_start": 1585586211.643826, "device_queued": -1, "device_end": -1, "host_queued_end": 1585586211.647138}, "device": "gpu", "nd_range": {"device_start": 1585586146.2464423, "device_end": 1585586146.2470505}, "cmdq": 0, "read": {"device_start": -1, "device_end": -1}}, "FFC_sans_bias24": {"write": {"device_start": -1, "host_queued_start": 1585586211.669148, "device_queued": -1, "device_end": -1, "host_queued_end": 1585586211.673593}, "device": "cpu", "nd_range": {"device_start": 2253985.94223694, "device_end": 2253985.95952749}, "cmdq": 0, "read": {"device_start": -1, "device_end": -1}}, "FFC_sans_bias25": {"write": {"device_start": -1, "host_queued_start": 1585586211.672546, "device_queued": -1, "device_end": -1, "host_queued_end": 1585586211.673593}, "device": "cpu", "nd_range": {"device_start": 2253985.960148659, "device_end": 2253985.9719947}, "cmdq": 1, "read": {"device_start": -1, "device_end": -1}}, "FFC_sans_bias27": {"write": {"device_start": -1, "host_queued_start": 1585586211.662258, "device_queued": -1, "device_end": -1, "host_queued_end": 1585586211.673593}, "device": "cpu", "nd_range": {"device_start": 2253985.9002307733, "device_end": 2253985.920236422}, "cmdq": 1, "read": {"device_start": -1, "device_end": -1}}, "FFC_sans_bias20": {"write": {"device_start": -1, "host_queued_start": 1585586211.66122, "device_queued": -1, "device_end": -1, "host_queued_end": 1585586211.673593}, "device": "cpu", "nd_range": {"device_start": 2253985.8881140132, "device_end": 2253985.9040752864}, "cmdq": 0, "read": {"device_start": -1, "device_end": -1}}, "FFC_sans_bias22": {"write": {"device_start": -1, "host_queued_start": 1585586211.666702, "device_queued": -1, "device_end": -1, "host_queued_end": 1585586211.673593}, "device": "cpu", "nd_range": {"device_start": 2253985.9210229623, "device_end": 2253985.936316077}, "cmdq": 1, "read": {"device_start": -1, "device_end": -1}}, "softmax5": {"write": {"device_start": -1, "host_queued_start": 1585586211.667322, "device_queued": -1, "device_end": -1, "host_queued_end": 1585586211.673593}, "device": "cpu", "nd_range": {"device_start": 2253985.935752719, "device_end": 2253985.93597423}, "cmdq": 0, "read": {"device_start": -1, "device_end": -1}}, "FFC_sans_bias28": {"write": {"device_start": -1, "host_queued_start": 1585586211.663322, "device_queued": -1, "device_end": -1, "host_queued_end": 1585586211.673593}, "device": "cpu", "nd_range": {"device_start": 2253985.902880732, "device_end": 2253985.914237285}, "cmdq": 2, "read": {"device_start": -1, "device_end": -1}}, "FFC_sans_bias29": {"write": {"device_start": -1, "host_queued_start": 1585586211.664368, "device_queued": -1, "device_end": -1, "host_queued_end": 1585586211.673593}, "device": "cpu", "nd_range": {"device_start": 2253985.904086432, "device_end": 2253985.920235884}, "cmdq": 0, "read": {"device_start": -1, "device_end": -1}}, "empty17": {"write": {"device_start": -1, "host_queued_start": 1585586211.64955, "device_queued": -1, "device_end": -1, "host_queued_end": 1585586211.673593}, "device": "cpu", "nd_range": {"device_start": 2253985.863192303, "device_end": 2253985.863205103}, "cmdq": 1, "read": {"device_start": -1, "device_end": -1}}, "empty35": {"write": {"device_start": -1, "host_queued_start": 1585586211.651391, "device_queued": -1, "device_end": -1, "host_queued_end": 1585586211.673593}, "device": "cpu", "nd_range": {"device_start": 2253985.863236995, "device_end": 2253985.8632385363}, "cmdq": 0, "read": {"device_start": -1, "device_end": -1}}, "empty53": {"write": {"device_start": 1585586146.2413156, "host_queued_start": 1585586211.636352, "device_queued": 1585586146.2411118, "device_end": 1585586146.241345, "host_queued_end": 1585586211.647138}, "device": "gpu", "nd_range": {"device_start": 1585586146.24135, "device_end": 1585586146.2413535}, "cmdq": 0, "read": {"device_start": -1, "device_end": -1}}, "FFC_sans_bias46": {"write": {"device_start": 1585586146.244445, "host_queued_start": 1585586211.641495, "device_queued": 1585586146.241621, "device_end": 1585586146.2444746, "host_queued_end": 1585586211.647138}, "device": "gpu", "nd_range": {"device_start": 1585586146.2444816, "device_end": 1585586146.2450817}, "cmdq": 0, "read": {"device_start": -1, "device_end": -1}}, "coalesced_transpose48": {"write": {"device_start": -1, "host_queued_start": 1585586211.643187, "device_queued": -1, "device_end": -1, "host_queued_end": 1585586211.647138}, "device": "gpu", "nd_range": {"device_start": 1585586146.2458375, "device_end": 1585586146.2458444}, "cmdq": 0, "read": {"device_start": -1, "device_end": -1}}}