{"FFC_sans_bias4": {"write": {"device_start": -1, "host_queued_start": 1585586616.31293, "device_queued": -1, "device_end": -1, "host_queued_end": 1585586616.32248}, "device": "cpu", "nd_range": {"device_start": 2254390.5861887373, "device_end": 2254390.596886422}, "cmdq": 1, "read": {"device_start": -1, "device_end": -1}}, "FFC_sans_bias7": {"write": {"device_start": -1, "host_queued_start": 1585586616.318478, "device_queued": -1, "device_end": -1, "host_queued_end": 1585586616.32248}, "device": "cpu", "nd_range": {"device_start": 2254390.6168777454, "device_end": 2254390.633332152}, "cmdq": 0, "read": {"device_start": -1, "device_end": -1}}, "FFC_sans_bias6": {"write": {"device_start": -1, "host_queued_start": 1585586616.316033, "device_queued": -1, "device_end": -1, "host_queued_end": 1585586616.32248}, "device": "cpu", "nd_range": {"device_start": 2254390.601150113, "device_end": 2254390.616404104}, "cmdq": 3, "read": {"device_start": -1, "device_end": -1}}, "FFC_sans_bias1": {"write": {"device_start": -1, "host_queued_start": 1585586616.297084, "device_queued": -1, "device_end": -1, "host_queued_end": 1585586616.32248}, "device": "cpu", "nd_range": {"device_start": 2254390.512590385, "device_end": 2254390.5277411183}, "cmdq": 2, "read": {"device_start": -1, "device_end": -1}}, "FFC_sans_bias0": {"write": {"device_start": -1, "host_queued_start": 1585586616.296025, "device_queued": -1, "device_end": -1, "host_queued_end": 1585586616.32248}, "device": "cpu", "nd_range": {"device_start": 2254390.51211781, "device_end": 2254390.5284269243}, "cmdq": 1, "read": {"device_start": -1, "device_end": -1}}, "FFC_sans_bias2": {"write": {"device_start": -1, "host_queued_start": 1585586616.298128, "device_queued": -1, "device_end": -1, "host_queued_end": 1585586616.32248}, "device": "cpu", "nd_range": {"device_start": 2254390.512157604, "device_end": 2254390.527474565}, "cmdq": 3, "read": {"device_start": -1, "device_end": -1}}, "FFC_sans_bias52": {"write": {"device_start": 1585586550.875388, "host_queued_start": 1585586616.290233, "device_queued": 1585586550.8739612, "device_end": 1585586550.8754182, "host_queued_end": 1585586616.290345}, "device": "gpu", "nd_range": {"device_start": 1585586550.87671, "device_end": 1585586550.8773074}, "cmdq": 3, "read": {"device_start": 1585586550.8773093, "device_end": 1585586550.877332}}, "FFC_sans_bias9": {"write": {"device_start": -1, "host_queued_start": 1585586616.299217, "device_queued": -1, "device_end": -1, "host_queued_end": 1585586616.32248}, "device": "cpu", "nd_range": {"device_start": 2254390.512126095, "device_end": 2254390.52777451}, "cmdq": 0, "read": {"device_start": -1, "device_end": -1}}, "coalesced_transpose39": {"write": {"device_start": -1, "host_queued_start": 1585586616.312582, "device_queued": -1, "device_end": -1, "host_queued_end": 1585586616.32248}, "device": "cpu", "nd_range": {"device_start": 2254390.583677173, "device_end": 2254390.5839309823}, "cmdq": 0, "read": {"device_start": -1, "device_end": -1}}, "FFC_sans_bias51": {"write": {"device_start": -1, "host_queued_start": 1585586616.289213, "device_queued": -1, "device_end": -1, "host_queued_end": 1585586616.290345}, "device": "gpu", "nd_range": {"device_start": 1585586550.8761084, "device_end": 1585586550.8767061}, "cmdq": 2, "read": {"device_start": -1, "device_end": -1}}, "softmax23": {"write": {"device_start": -1, "host_queued_start": 1585586616.315147, "device_queued": -1, "device_end": -1, "host_queued_end": 1585586616.32248}, "device": "cpu", "nd_range": {"device_start": 2254390.5951545653, "device_end": 2254390.5953750103}, "cmdq": 0, "read": {"device_start": -1, "device_end": -1}}, "FFC_sans_bias37": {"write": {"device_start": -1, "host_queued_start": 1585586616.309855, "device_queued": -1, "device_end": -1, "host_queued_end": 1585586616.32248}, "device": "cpu", "nd_range": {"device_start": 2254390.558567394, "device_end": 2254390.57376968}, "cmdq": 2, "read": {"device_start": -1, "device_end": -1}}, "softmax41": {"write": {"device_start": -1, "host_queued_start": 1585586616.31569, "device_queued": -1, "device_end": -1, "host_queued_end": 1585586616.32248}, "device": "cpu", "nd_range": {"device_start": 2254390.6050628633, "device_end": 2254390.605268407}, "cmdq": 2, "read": {"device_start": -1, "device_end": -1}}, "FFC_sans_bias11": {"write": {"device_start": -1, "host_queued_start": 1585586616.301303, "device_queued": -1, "device_end": -1, "host_queued_end": 1585586616.32248}, "device": "cpu", "nd_range": {"device_start": 2254390.527961215, "device_end": 2254390.543126172}, "cmdq": 2, "read": {"device_start": -1, "device_end": -1}}, "FFC_sans_bias10": {"write": {"device_start": -1, "host_queued_start": 1585586616.300255, "device_queued": -1, "device_end": -1, "host_queued_end": 1585586616.32248}, "device": "cpu", "nd_range": {"device_start": 2254390.5285552973, "device_end": 2254390.5437537744}, "cmdq": 1, "read": {"device_start": -1, "device_end": -1}}, "coalesced_transpose3": {"write": {"device_start": -1, "host_queued_start": 1585586616.311268, "device_queued": -1, "device_end": -1, "host_queued_end": 1585586616.32248}, "device": "cpu", "nd_range": {"device_start": 2254390.583387127, "device_end": 2254390.5836557983}, "cmdq": 0, "read": {"device_start": -1, "device_end": -1}}, "FFC_sans_bias34": {"write": {"device_start": -1, "host_queued_start": 1585586616.321448, "device_queued": -1, "device_end": -1, "host_queued_end": 1585586616.32248}, "device": "cpu", "nd_range": {"device_start": 2254390.631759001, "device_end": 2254390.64105672}, "cmdq": 3, "read": {"device_start": -1, "device_end": -1}}, "FFC_sans_bias15": {"write": {"device_start": -1, "host_queued_start": 1585586616.316388, "device_queued": -1, "device_end": -1, "host_queued_end": 1585586616.32248}, "device": "cpu", "nd_range": {"device_start": 2254390.601151797, "device_end": 2254390.616861712}, "cmdq": 0, "read": {"device_start": -1, "device_end": -1}}, "FFC_sans_bias31": {"write": {"device_start": -1, "host_queued_start": 1585586616.313955, "device_queued": -1, "device_end": -1, "host_queued_end": 1585586616.32248}, "device": "cpu", "nd_range": {"device_start": 2254390.584056262, "device_end": 2254390.595028332}, "cmdq": 0, "read": {"device_start": -1, "device_end": -1}}, "FFC_sans_bias16": {"write": {"device_start": -1, "host_queued_start": 1585586616.319471, "device_queued": -1, "device_end": -1, "host_queued_end": 1585586616.32248}, "device": "cpu", "nd_range": {"device_start": 2254390.617068855, "device_end": 2254390.63235009}, "cmdq": 1, "read": {"device_start": -1, "device_end": -1}}, "FFC_sans_bias19": {"write": {"device_start": -1, "host_queued_start": 1585586616.303412, "device_queued": -1, "device_end": -1, "host_queued_end": 1585586616.32248}, "device": "cpu", "nd_range": {"device_start": 2254390.53118663, "device_end": 2254390.555317616}, "cmdq": 0, "read": {"device_start": -1, "device_end": -1}}, "FFC_sans_bias18": {"write": {"device_start": -1, "host_queued_start": 1585586616.30235, "device_queued": -1, "device_end": -1, "host_queued_end": 1585586616.32248}, "device": "cpu", "nd_range": {"device_start": 2254390.52761297, "device_end": 2254390.542902553}, "cmdq": 3, "read": {"device_start": -1, "device_end": -1}}, "coalesced_transpose30": {"write": {"device_start": -1, "host_queued_start": 1585586616.312257, "device_queued": -1, "device_end": -1, "host_queued_end": 1585586616.32248}, "device": "cpu", "nd_range": {"device_start": 2254390.5738976123, "device_end": 2254390.574170457}, "cmdq": 3, "read": {"device_start": -1, "device_end": -1}}, "FFC_sans_bias38": {"write": {"device_start": -1, "host_queued_start": 1585586616.310937, "device_queued": -1, "device_end": -1, "host_queued_end": 1585586616.32248}, "device": "cpu", "nd_range": {"device_start": 2254390.558468312, "device_end": 2254390.5737423003}, "cmdq": 3, "read": {"device_start": -1, "device_end": -1}}, "empty26": {"write": {"device_start": -1, "host_queued_start": 1585586616.293355, "device_queued": -1, "device_end": -1, "host_queued_end": 1585586616.32248}, "device": "cpu", "nd_range": {"device_start": 2254390.5123136314, "device_end": 2254390.512317664}, "cmdq": 2, "read": {"device_start": -1, "device_end": -1}}, "coalesced_transpose12": {"write": {"device_start": -1, "host_queued_start": 1585586616.311602, "device_queued": -1, "device_end": -1, "host_queued_end": 1585586616.32248}, "device": "cpu", "nd_range": {"device_start": 2254390.5773133263, "device_end": 2254390.577563257}, "cmdq": 1, "read": {"device_start": -1, "device_end": -1}}, "empty44": {"write": {"device_start": -1, "host_queued_start": 1585586616.29508, "device_queued": -1, "device_end": -1, "host_queued_end": 1585586616.32248}, "device": "cpu", "nd_range": {"device_start": 2254390.5121174743, "device_end": 2254390.512118934}, "cmdq": 0, "read": {"device_start": -1, "device_end": -1}}, "coalesced_transpose21": {"write": {"device_start": -1, "host_queued_start": 1585586616.311932, "device_queued": -1, "device_end": -1, "host_queued_end": 1585586616.32248}, "device": "cpu", "nd_range": {"device_start": 2254390.573784493, "device_end": 2254390.57418712}, "cmdq": 2, "read": {"device_start": -1, "device_end": -1}}, "FFC_sans_bias36": {"write": {"device_start": -1, "host_queued_start": 1585586616.30881, "device_queued": -1, "device_end": -1, "host_queued_end": 1585586616.32248}, "device": "cpu", "nd_range": {"device_start": 2254390.560158924, "device_end": 2254390.5771902003}, "cmdq": 1, "read": {"device_start": -1, "device_end": -1}}, "softmax14": {"write": {"device_start": -1, "host_queued_start": 1585586616.314877, "device_queued": -1, "device_end": -1, "host_queued_end": 1585586616.32248}, "device": "cpu", "nd_range": {"device_start": 2254390.600841817, "device_end": 2254390.601036253}, "cmdq": 3, "read": {"device_start": -1, "device_end": -1}}, "FFC_sans_bias13": {"write": {"device_start": -1, "host_queued_start": 1585586616.313273, "device_queued": -1, "device_end": -1, "host_queued_end": 1585586616.32248}, "device": "cpu", "nd_range": {"device_start": 2254390.5786297233, "device_end": 2254390.597859243}, "cmdq": 2, "read": {"device_start": -1, "device_end": -1}}, "empty8": {"write": {"device_start": -1, "host_queued_start": 1585586616.291614, "device_queued": -1, "device_end": -1, "host_queued_end": 1585586616.32248}, "device": "cpu", "nd_range": {"device_start": 2254390.512083087, "device_end": 2254390.5120953363}, "cmdq": 0, "read": {"device_start": -1, "device_end": -1}}, "FFC_sans_bias42": {"write": {"device_start": -1, "host_queued_start": 1585586616.317439, "device_queued": -1, "device_end": -1, "host_queued_end": 1585586616.32248}, "device": "cpu", "nd_range": {"device_start": 2254390.6165350704, "device_end": 2254390.631749975}, "cmdq": 3, "read": {"device_start": -1, "device_end": -1}}, "FFC_sans_bias43": {"write": {"device_start": -1, "host_queued_start": 1585586616.322436, "device_queued": -1, "device_end": -1, "host_queued_end": 1585586616.32248}, "device": "cpu", "nd_range": {"device_start": 2254390.633339373, "device_end": 2254390.64495323}, "cmdq": 0, "read": {"device_start": -1, "device_end": -1}}, "FFC_sans_bias40": {"write": {"device_start": -1, "host_queued_start": 1585586616.314296, "device_queued": -1, "device_end": -1, "host_queued_end": 1585586616.32248}, "device": "cpu", "nd_range": {"device_start": 2254390.5969011043, "device_end": 2254390.601232972}, "cmdq": 1, "read": {"device_start": -1, "device_end": -1}}, "softmax32": {"write": {"device_start": -1, "host_queued_start": 1585586616.31542, "device_queued": -1, "device_end": -1, "host_queued_end": 1585586616.32248}, "device": "cpu", "nd_range": {"device_start": 2254390.601243347, "device_end": 2254390.6014530063}, "cmdq": 1, "read": {"device_start": -1, "device_end": -1}}, "FFC_sans_bias47": {"write": {"device_start": 1585586550.8737657, "host_queued_start": 1585586616.287948, "device_queued": 1585586550.8734984, "device_end": 1585586550.8737905, "host_queued_end": 1585586616.290345}, "device": "gpu", "nd_range": {"device_start": 1585586550.8738303, "device_end": 1585586550.8753006}, "cmdq": 3, "read": {"device_start": -1, "device_end": -1}}, "FFC_sans_bias45": {"write": {"device_start": 1585586550.8735926, "host_queued_start": 1585586616.285776, "device_queued": 1585586550.873463, "device_end": 1585586550.8736646, "host_queued_end": 1585586616.290345}, "device": "gpu", "nd_range": {"device_start": 1585586550.873792, "device_end": 1585586550.8744144}, "cmdq": 1, "read": {"device_start": -1, "device_end": -1}}, "softmax50": {"write": {"device_start": -1, "host_queued_start": 1585586616.288906, "device_queued": -1, "device_end": -1, "host_queued_end": 1585586616.290345}, "device": "gpu", "nd_range": {"device_start": 1585586550.8759105, "device_end": 1585586550.8761017}, "cmdq": 1, "read": {"device_start": -1, "device_end": -1}}, "FFC_sans_bias33": {"write": {"device_start": -1, "host_queued_start": 1585586616.317097, "device_queued": -1, "device_end": -1, "host_queued_end": 1585586616.32248}, "device": "cpu", "nd_range": {"device_start": 2254390.605595205, "device_end": 2254390.62726042}, "cmdq": 2, "read": {"device_start": -1, "device_end": -1}}, "FFC_sans_bias49": {"write": {"device_start": -1, "host_queued_start": 1585586616.288652, "device_queued": -1, "device_end": -1, "host_queued_end": 1585586616.290345}, "device": "gpu", "nd_range": {"device_start": 1585586550.8753033, "device_end": 1585586550.8759031}, "cmdq": 0, "read": {"device_start": -1, "device_end": -1}}, "FFC_sans_bias24": {"write": {"device_start": -1, "host_queued_start": 1585586616.31674, "device_queued": -1, "device_end": -1, "host_queued_end": 1585586616.32248}, "device": "cpu", "nd_range": {"device_start": 2254390.6015753644, "device_end": 2254390.616841568}, "cmdq": 1, "read": {"device_start": -1, "device_end": -1}}, "FFC_sans_bias25": {"write": {"device_start": -1, "host_queued_start": 1585586616.32046, "device_queued": -1, "device_end": -1, "host_queued_end": 1585586616.32248}, "device": "cpu", "nd_range": {"device_start": 2254390.627270914, "device_end": 2254390.650754298}, "cmdq": 2, "read": {"device_start": -1, "device_end": -1}}, "FFC_sans_bias27": {"write": {"device_start": -1, "host_queued_start": 1585586616.305625, "device_queued": -1, "device_end": -1, "host_queued_end": 1585586616.32248}, "device": "cpu", "nd_range": {"device_start": 2254390.543240811, "device_end": 2254390.5584493703}, "cmdq": 2, "read": {"device_start": -1, "device_end": -1}}, "FFC_sans_bias20": {"write": {"device_start": -1, "host_queued_start": 1585586616.304456, "device_queued": -1, "device_end": -1, "host_queued_end": 1585586616.32248}, "device": "cpu", "nd_range": {"device_start": 2254390.5438717203, "device_end": 2254390.560037881}, "cmdq": 1, "read": {"device_start": -1, "device_end": -1}}, "FFC_sans_bias22": {"write": {"device_start": -1, "host_queued_start": 1585586616.313613, "device_queued": -1, "device_end": -1, "host_queued_end": 1585586616.32248}, "device": "cpu", "nd_range": {"device_start": 2254390.574310757, "device_end": 2254390.586744558}, "cmdq": 3, "read": {"device_start": -1, "device_end": -1}}, "softmax5": {"write": {"device_start": -1, "host_queued_start": 1585586616.314591, "device_queued": -1, "device_end": -1, "host_queued_end": 1585586616.32248}, "device": "cpu", "nd_range": {"device_start": 2254390.59798312, "device_end": 2254390.598188695}, "cmdq": 2, "read": {"device_start": -1, "device_end": -1}}, "FFC_sans_bias28": {"write": {"device_start": -1, "host_queued_start": 1585586616.306696, "device_queued": -1, "device_end": -1, "host_queued_end": 1585586616.32248}, "device": "cpu", "nd_range": {"device_start": 2254390.543034938, "device_end": 2254390.5583510543}, "cmdq": 3, "read": {"device_start": -1, "device_end": -1}}, "FFC_sans_bias29": {"write": {"device_start": -1, "host_queued_start": 1585586616.307762, "device_queued": -1, "device_end": -1, "host_queued_end": 1585586616.32248}, "device": "cpu", "nd_range": {"device_start": 2254390.56194273, "device_end": 2254390.583379495}, "cmdq": 0, "read": {"device_start": -1, "device_end": -1}}, "empty17": {"write": {"device_start": -1, "host_queued_start": 1585586616.292503, "device_queued": -1, "device_end": -1, "host_queued_end": 1585586616.32248}, "device": "cpu", "nd_range": {"device_start": 2254390.512088249, "device_end": 2254390.512095345}, "cmdq": 1, "read": {"device_start": -1, "device_end": -1}}, "empty35": {"write": {"device_start": -1, "host_queued_start": 1585586616.294193, "device_queued": -1, "device_end": -1, "host_queued_end": 1585586616.32248}, "device": "cpu", "nd_range": {"device_start": 2254390.512136105, "device_end": 2254390.512140402}, "cmdq": 3, "read": {"device_start": -1, "device_end": -1}}, "empty53": {"write": {"device_start": 1585586550.8735006, "host_queued_start": 1585586616.284577, "device_queued": 1585586550.8733563, "device_end": 1585586550.8735669, "host_queued_end": 1585586616.290345}, "device": "gpu", "nd_range": {"device_start": 1585586550.8735793, "device_end": 1585586550.8735843}, "cmdq": 0, "read": {"device_start": -1, "device_end": -1}}, "FFC_sans_bias46": {"write": {"device_start": 1585586550.8736897, "host_queued_start": 1585586616.286881, "device_queued": 1585586550.873481, "device_end": 1585586550.8737607, "host_queued_end": 1585586616.290345}, "device": "gpu", "nd_range": {"device_start": 1585586550.8738163, "device_end": 1585586550.8748198}, "cmdq": 2, "read": {"device_start": -1, "device_end": -1}}, "coalesced_transpose48": {"write": {"device_start": -1, "host_queued_start": 1585586616.288299, "device_queued": -1, "device_end": -1, "host_queued_end": 1585586616.290345}, "device": "gpu", "nd_range": {"device_start": 1585586550.8748229, "device_end": 1585586550.8752303}, "cmdq": 4, "read": {"device_start": -1, "device_end": -1}}}