{"FFC_sans_bias4": {"write": {"device_start": -1, "host_queued_start": 1585586321.076289, "device_queued": -1, "device_end": -1, "host_queued_end": 1585586321.080397}, "device": "cpu", "nd_range": {"device_start": 2254095.295190968, "device_end": 2254095.303386157}, "cmdq": 2, "read": {"device_start": -1, "device_end": -1}}, "FFC_sans_bias7": {"write": {"device_start": -1, "host_queued_start": 1585586321.079337, "device_queued": -1, "device_end": -1, "host_queued_end": 1585586321.080397}, "device": "cpu", "nd_range": {"device_start": 2254095.317037507, "device_end": 2254095.328171294}, "cmdq": 0, "read": {"device_start": -1, "device_end": -1}}, "FFC_sans_bias6": {"write": {"device_start": -1, "host_queued_start": 1585586321.077746, "device_queued": -1, "device_end": -1, "host_queued_end": 1585586321.080397}, "device": "cpu", "nd_range": {"device_start": 2254095.303831621, "device_end": 2254095.316712243}, "cmdq": 2, "read": {"device_start": -1, "device_end": -1}}, "FFC_sans_bias1": {"write": {"device_start": -1, "host_queued_start": 1585586321.070739, "device_queued": -1, "device_end": -1, "host_queued_end": 1585586321.080397}, "device": "cpu", "nd_range": {"device_start": 2254095.270111861, "device_end": 2254095.2854022323}, "cmdq": 3, "read": {"device_start": -1, "device_end": -1}}, "FFC_sans_bias0": {"write": {"device_start": -1, "host_queued_start": 1585586321.069464, "device_queued": -1, "device_end": -1, "host_queued_end": 1585586321.080397}, "device": "cpu", "nd_range": {"device_start": 2254095.270025553, "device_end": 2254095.2864586473}, "cmdq": 2, "read": {"device_start": -1, "device_end": -1}}, "FFC_sans_bias2": {"write": {"device_start": -1, "host_queued_start": 1585586321.072111, "device_queued": -1, "device_end": -1, "host_queued_end": 1585586321.080397}, "device": "cpu", "nd_range": {"device_start": 2254095.270014007, "device_end": 2254095.285502286}, "cmdq": 0, "read": {"device_start": -1, "device_end": -1}}, "FFC_sans_bias52": {"write": {"device_start": 1585586255.6685913, "host_queued_start": 1585586321.065521, "device_queued": 1585586255.6596768, "device_end": 1585586255.6686225, "host_queued_end": 1585586321.065628}, "device": "gpu", "nd_range": {"device_start": 1585586255.6686263, "device_end": 1585586255.6693418}, "cmdq": 1, "read": {"device_start": 1585586255.6693487, "device_end": 1585586255.6693718}}, "FFC_sans_bias9": {"write": {"device_start": -1, "host_queued_start": 1585586321.073155, "device_queued": -1, "device_end": -1, "host_queued_end": 1585586321.080397}, "device": "cpu", "nd_range": {"device_start": 2254095.270010958, "device_end": 2254095.285532399}, "cmdq": 1, "read": {"device_start": -1, "device_end": -1}}, "coalesced_transpose39": {"write": {"device_start": -1, "host_queued_start": 1585586321.057341, "device_queued": -1, "device_end": -1, "host_queued_end": 1585586321.065628}, "device": "gpu", "nd_range": {"device_start": 1585586255.6630697, "device_end": 1585586255.6630883}, "cmdq": 0, "read": {"device_start": -1, "device_end": -1}}, "FFC_sans_bias51": {"write": {"device_start": -1, "host_queued_start": 1585586321.061325, "device_queued": -1, "device_end": -1, "host_queued_end": 1585586321.065628}, "device": "gpu", "nd_range": {"device_start": 1585586255.6663992, "device_end": 1585586255.6673884}, "cmdq": 1, "read": {"device_start": -1, "device_end": -1}}, "softmax23": {"write": {"device_start": -1, "host_queued_start": 1585586321.059209, "device_queued": -1, "device_end": -1, "host_queued_end": 1585586321.065628}, "device": "gpu", "nd_range": {"device_start": 1585586255.6646795, "device_end": 1585586255.6651835}, "cmdq": 0, "read": {"device_start": -1, "device_end": -1}}, "FFC_sans_bias37": {"write": {"device_start": 1585586255.6603816, "host_queued_start": 1585586321.052204, "device_queued": 1585586255.6578255, "device_end": 1585586255.6604145, "host_queued_end": 1585586321.065628}, "device": "gpu", "nd_range": {"device_start": 1585586255.6604195, "device_end": 1585586255.6612551}, "cmdq": 1, "read": {"device_start": -1, "device_end": -1}}, "softmax41": {"write": {"device_start": -1, "host_queued_start": 1585586321.059697, "device_queued": -1, "device_end": -1, "host_queued_end": 1585586321.065628}, "device": "gpu", "nd_range": {"device_start": 1585586255.6651852, "device_end": 1585586255.6653905}, "cmdq": 0, "read": {"device_start": -1, "device_end": -1}}, "FFC_sans_bias11": {"write": {"device_start": -1, "host_queued_start": 1585586321.075282, "device_queued": -1, "device_end": -1, "host_queued_end": 1585586321.080397}, "device": "cpu", "nd_range": {"device_start": 2254095.285663479, "device_end": 2254095.293910304}, "cmdq": 3, "read": {"device_start": -1, "device_end": -1}}, "FFC_sans_bias10": {"write": {"device_start": -1, "host_queued_start": 1585586321.074198, "device_queued": -1, "device_end": -1, "host_queued_end": 1585586321.080397}, "device": "cpu", "nd_range": {"device_start": 2254095.286575614, "device_end": 2254095.295060091}, "cmdq": 2, "read": {"device_start": -1, "device_end": -1}}, "coalesced_transpose3": {"write": {"device_start": -1, "host_queued_start": 1585586321.075607, "device_queued": -1, "device_end": -1, "host_queued_end": 1585586321.080397}, "device": "cpu", "nd_range": {"device_start": 2254095.2855247213, "device_end": 2254095.28576475}, "cmdq": 0, "read": {"device_start": -1, "device_end": -1}}, "FFC_sans_bias34": {"write": {"device_start": 1585586255.6675434, "host_queued_start": 1585586321.063424, "device_queued": 1585586255.6593966, "device_end": 1585586255.6675744, "host_queued_end": 1585586321.065628}, "device": "gpu", "nd_range": {"device_start": 1585586255.6675775, "device_end": 1585586255.6683776}, "cmdq": 1, "read": {"device_start": 1585586255.6683812, "device_end": 1585586255.6684055}}, "FFC_sans_bias15": {"write": {"device_start": -1, "host_queued_start": 1585586321.078143, "device_queued": -1, "device_end": -1, "host_queued_end": 1585586321.080397}, "device": "cpu", "nd_range": {"device_start": 2254095.3076575873, "device_end": 2254095.3137352583}, "cmdq": 3, "read": {"device_start": -1, "device_end": -1}}, "FFC_sans_bias31": {"write": {"device_start": -1, "host_queued_start": 1585586321.058297, "device_queued": -1, "device_end": -1, "host_queued_end": 1585586321.065628}, "device": "gpu", "nd_range": {"device_start": 1585586255.663534, "device_end": 1585586255.6641462}, "cmdq": 1, "read": {"device_start": -1, "device_end": -1}}, "FFC_sans_bias16": {"write": {"device_start": -1, "host_queued_start": 1585586321.080352, "device_queued": -1, "device_end": -1, "host_queued_end": 1585586321.080397}, "device": "cpu", "nd_range": {"device_start": 2254095.3138480834, "device_end": 2254095.320046414}, "cmdq": 1, "read": {"device_start": -1, "device_end": -1}}, "FFC_sans_bias19": {"write": {"device_start": 1585586255.6572804, "host_queued_start": 1585586321.045913, "device_queued": 1585586255.657142, "device_end": 1585586255.657311, "host_queued_end": 1585586321.065628}, "device": "gpu", "nd_range": {"device_start": 1585586255.657314, "device_end": 1585586255.6582825}, "cmdq": 1, "read": {"device_start": -1, "device_end": -1}}, "FFC_sans_bias18": {"write": {"device_start": 1585586255.65719, "host_queued_start": 1585586321.044935, "device_queued": 1585586255.6570878, "device_end": 1585586255.65726, "host_queued_end": 1585586321.065628}, "device": "gpu", "nd_range": {"device_start": 1585586255.6572652, "device_end": 1585586255.6578696}, "cmdq": 0, "read": {"device_start": -1, "device_end": -1}}, "coalesced_transpose30": {"write": {"device_start": -1, "host_queued_start": 1585586321.057037, "device_queued": -1, "device_end": -1, "host_queued_end": 1585586321.065628}, "device": "gpu", "nd_range": {"device_start": 1585586255.6631775, "device_end": 1585586255.6635075}, "cmdq": 1, "read": {"device_start": -1, "device_end": -1}}, "FFC_sans_bias38": {"write": {"device_start": 1585586255.6608698, "host_queued_start": 1585586321.053236, "device_queued": 1585586255.658058, "device_end": 1585586255.660897, "host_queued_end": 1585586321.065628}, "device": "gpu", "nd_range": {"device_start": 1585586255.6609015, "device_end": 1585586255.6617212}, "cmdq": 0, "read": {"device_start": -1, "device_end": -1}}, "empty26": {"write": {"device_start": 1585586255.6566763, "host_queued_start": 1585586321.041164, "device_queued": 1585586255.6565342, "device_end": 1585586255.6567235, "host_queued_end": 1585586321.065628}, "device": "gpu", "nd_range": {"device_start": 1585586255.65673, "device_end": 1585586255.6567364}, "cmdq": 0, "read": {"device_start": -1, "device_end": -1}}, "coalesced_transpose12": {"write": {"device_start": -1, "host_queued_start": 1585586321.075938, "device_queued": -1, "device_end": -1, "host_queued_end": 1585586321.080397}, "device": "cpu", "nd_range": {"device_start": 2254095.295185924, "device_end": 2254095.29533457}, "cmdq": 1, "read": {"device_start": -1, "device_end": -1}}, "empty44": {"write": {"device_start": 1585586255.6568987, "host_queued_start": 1585586321.043094, "device_queued": 1585586255.656749, "device_end": 1585586255.6569562, "host_queued_end": 1585586321.065628}, "device": "gpu", "nd_range": {"device_start": 1585586255.6569602, "device_end": 1585586255.6569643}, "cmdq": 0, "read": {"device_start": -1, "device_end": -1}}, "coalesced_transpose21": {"write": {"device_start": -1, "host_queued_start": 1585586321.056732, "device_queued": -1, "device_end": -1, "host_queued_end": 1585586321.065628}, "device": "gpu", "nd_range": {"device_start": 1585586255.6626978, "device_end": 1585586255.6630652}, "cmdq": 0, "read": {"device_start": -1, "device_end": -1}}, "FFC_sans_bias36": {"write": {"device_start": 1585586255.6599095, "host_queued_start": 1585586321.051175, "device_queued": 1585586255.657782, "device_end": 1585586255.6599364, "host_queued_end": 1585586321.065628}, "device": "gpu", "nd_range": {"device_start": 1585586255.6599412, "device_end": 1585586255.6607502}, "cmdq": 0, "read": {"device_start": -1, "device_end": -1}}, "softmax14": {"write": {"device_start": -1, "host_queued_start": 1585586321.077357, "device_queued": -1, "device_end": -1, "host_queued_end": 1585586321.080397}, "device": "cpu", "nd_range": {"device_start": 2254095.306486789, "device_end": 2254095.307525599}, "cmdq": 1, "read": {"device_start": -1, "device_end": -1}}, "FFC_sans_bias13": {"write": {"device_start": -1, "host_queued_start": 1585586321.076664, "device_queued": -1, "device_end": -1, "host_queued_end": 1585586321.080397}, "device": "cpu", "nd_range": {"device_start": 2254095.295345995, "device_end": 2254095.30548194}, "cmdq": 3, "read": {"device_start": -1, "device_end": -1}}, "empty8": {"write": {"device_start": -1, "host_queued_start": 1585586321.067077, "device_queued": -1, "device_end": -1, "host_queued_end": 1585586321.080397}, "device": "cpu", "nd_range": {"device_start": 2254095.269980376, "device_end": 2254095.269990814}, "cmdq": 0, "read": {"device_start": -1, "device_end": -1}}, "FFC_sans_bias42": {"write": {"device_start": -1, "host_queued_start": 1585586321.061008, "device_queued": -1, "device_end": -1, "host_queued_end": 1585586321.065628}, "device": "gpu", "nd_range": {"device_start": 1585586255.6660008, "device_end": 1585586255.6669686}, "cmdq": 0, "read": {"device_start": -1, "device_end": -1}}, "FFC_sans_bias43": {"write": {"device_start": 1585586255.6681662, "host_queued_start": 1585586321.064471, "device_queued": 1585586255.6596236, "device_end": 1585586255.6681964, "host_queued_end": 1585586321.065628}, "device": "gpu", "nd_range": {"device_start": 1585586255.6682, "device_end": 1585586255.668901}, "cmdq": 0, "read": {"device_start": 1585586255.668911, "device_end": 1585586255.6689336}}, "FFC_sans_bias40": {"write": {"device_start": -1, "host_queued_start": 1585586321.058639, "device_queued": -1, "device_end": -1, "host_queued_end": 1585586321.065628}, "device": "gpu", "nd_range": {"device_start": 1585586255.6636956, "device_end": 1585586255.6646786}, "cmdq": 0, "read": {"device_start": -1, "device_end": -1}}, "softmax32": {"write": {"device_start": -1, "host_queued_start": 1585586321.059452, "device_queued": -1, "device_end": -1, "host_queued_end": 1585586321.065628}, "device": "gpu", "nd_range": {"device_start": 1585586255.6651082, "device_end": 1585586255.6653123}, "cmdq": 1, "read": {"device_start": -1, "device_end": -1}}, "FFC_sans_bias47": {"write": {"device_start": 1585586255.6623576, "host_queued_start": 1585586321.056406, "device_queued": 1585586255.6583228, "device_end": 1585586255.6623893, "host_queued_end": 1585586321.065628}, "device": "gpu", "nd_range": {"device_start": 1585586255.6623938, "device_end": 1585586255.6631749}, "cmdq": 1, "read": {"device_start": -1, "device_end": -1}}, "FFC_sans_bias45": {"write": {"device_start": 1585586255.6613908, "host_queued_start": 1585586321.054269, "device_queued": 1585586255.6581018, "device_end": 1585586255.6614223, "host_queued_end": 1585586321.065628}, "device": "gpu", "nd_range": {"device_start": 1585586255.6614263, "device_end": 1585586255.6622312}, "cmdq": 1, "read": {"device_start": -1, "device_end": -1}}, "softmax50": {"write": {"device_start": -1, "host_queued_start": 1585586321.060054, "device_queued": -1, "device_end": -1, "host_queued_end": 1585586321.065628}, "device": "gpu", "nd_range": {"device_start": 1585586255.6653135, "device_end": 1585586255.6656344}, "cmdq": 1, "read": {"device_start": -1, "device_end": -1}}, "FFC_sans_bias33": {"write": {"device_start": -1, "host_queued_start": 1585586321.060691, "device_queued": -1, "device_end": -1, "host_queued_end": 1585586321.065628}, "device": "gpu", "nd_range": {"device_start": 1585586255.6656358, "device_end": 1585586255.666398}, "cmdq": 1, "read": {"device_start": -1, "device_end": -1}}, "FFC_sans_bias49": {"write": {"device_start": -1, "host_queued_start": 1585586321.058957, "device_queued": -1, "device_end": -1, "host_queued_end": 1585586321.065628}, "device": "gpu", "nd_range": {"device_start": 1585586255.664148, "device_end": 1585586255.6651073}, "cmdq": 1, "read": {"device_start": -1, "device_end": -1}}, "FFC_sans_bias24": {"write": {"device_start": -1, "host_queued_start": 1585586321.060369, "device_queued": -1, "device_end": -1, "host_queued_end": 1585586321.065628}, "device": "gpu", "nd_range": {"device_start": 1585586255.6653917, "device_end": 1585586255.6659992}, "cmdq": 0, "read": {"device_start": -1, "device_end": -1}}, "FFC_sans_bias25": {"write": {"device_start": 1585586255.6671097, "host_queued_start": 1585586321.062343, "device_queued": 1585586255.6593463, "device_end": 1585586255.6671364, "host_queued_end": 1585586321.065628}, "device": "gpu", "nd_range": {"device_start": 1585586255.6671395, "device_end": 1585586255.6679423}, "cmdq": 0, "read": {"device_start": 1585586255.6679525, "device_end": 1585586255.667977}}, "FFC_sans_bias27": {"write": {"device_start": 1585586255.658379, "host_queued_start": 1585586321.048015, "device_queued": 1585586255.6574152, "device_end": 1585586255.658411, "host_queued_end": 1585586321.065628}, "device": "gpu", "nd_range": {"device_start": 1585586255.6584141, "device_end": 1585586255.6592648}, "cmdq": 1, "read": {"device_start": -1, "device_end": -1}}, "FFC_sans_bias20": {"write": {"device_start": 1585586255.6580043, "host_queued_start": 1585586321.046982, "device_queued": 1585586255.6573603, "device_end": 1585586255.6580293, "host_queued_end": 1585586321.065628}, "device": "gpu", "nd_range": {"device_start": 1585586255.6580389, "device_end": 1585586255.6588316}, "cmdq": 0, "read": {"device_start": -1, "device_end": -1}}, "FFC_sans_bias22": {"write": {"device_start": -1, "host_queued_start": 1585586321.057963, "device_queued": -1, "device_end": -1, "host_queued_end": 1585586321.065628}, "device": "gpu", "nd_range": {"device_start": 1585586255.6630893, "device_end": 1585586255.6636934}, "cmdq": 0, "read": {"device_start": -1, "device_end": -1}}, "softmax5": {"write": {"device_start": -1, "host_queued_start": 1585586321.076974, "device_queued": -1, "device_end": -1, "host_queued_end": 1585586321.080397}, "device": "cpu", "nd_range": {"device_start": 2254095.3035046, "device_end": 2254095.303719417}, "cmdq": 0, "read": {"device_start": -1, "device_end": -1}}, "FFC_sans_bias28": {"write": {"device_start": 1585586255.6589594, "host_queued_start": 1585586321.04905, "device_queued": 1585586255.6575658, "device_end": 1585586255.6589904, "host_queued_end": 1585586321.065628}, "device": "gpu", "nd_range": {"device_start": 1585586255.6589944, "device_end": 1585586255.6597981}, "cmdq": 0, "read": {"device_start": -1, "device_end": -1}}, "FFC_sans_bias29": {"write": {"device_start": 1585586255.6593966, "host_queued_start": 1585586321.050092, "device_queued": 1585586255.6576116, "device_end": 1585586255.6594305, "host_queued_end": 1585586321.065628}, "device": "gpu", "nd_range": {"device_start": 1585586255.6594343, "device_end": 1585586255.6602666}, "cmdq": 1, "read": {"device_start": -1, "device_end": -1}}, "empty17": {"write": {"device_start": -1, "host_queued_start": 1585586321.068227, "device_queued": -1, "device_end": -1, "host_queued_end": 1585586321.080397}, "device": "cpu", "nd_range": {"device_start": 2254095.269980433, "device_end": 2254095.269990857}, "cmdq": 1, "read": {"device_start": -1, "device_end": -1}}, "empty35": {"write": {"device_start": 1585586255.656772, "host_queued_start": 1585586321.042208, "device_queued": 1585586255.656668, "device_end": 1585586255.6568444, "host_queued_end": 1585586321.065628}, "device": "gpu", "nd_range": {"device_start": 1585586255.6568487, "device_end": 1585586255.6568525}, "cmdq": 1, "read": {"device_start": -1, "device_end": -1}}, "empty53": {"write": {"device_start": 1585586255.65701, "host_queued_start": 1585586321.043901, "device_queued": 1585586255.65679, "device_end": 1585586255.6570387, "host_queued_end": 1585586321.065628}, "device": "gpu", "nd_range": {"device_start": 1585586255.6570423, "device_end": 1585586255.6570504}, "cmdq": 1, "read": {"device_start": -1, "device_end": -1}}, "FFC_sans_bias46": {"write": {"device_start": 1585586255.6618564, "host_queued_start": 1585586321.055353, "device_queued": 1585586255.6582632, "device_end": 1585586255.661889, "host_queued_end": 1585586321.065628}, "device": "gpu", "nd_range": {"device_start": 1585586255.6618938, "device_end": 1585586255.6626964}, "cmdq": 0, "read": {"device_start": -1, "device_end": -1}}, "coalesced_transpose48": {"write": {"device_start": -1, "host_queued_start": 1585586321.057644, "device_queued": -1, "device_end": -1, "host_queued_end": 1585586321.065628}, "device": "gpu", "nd_range": {"device_start": 1585586255.6635141, "device_end": 1585586255.6635327}, "cmdq": 1, "read": {"device_start": -1, "device_end": -1}}}