{"FFC_sans_bias4": {"write": {"device_start": -1, "host_queued_start": 1585586329.255682, "device_queued": -1, "device_end": -1, "host_queued_end": 1585586329.265305}, "device": "cpu", "nd_range": {"device_start": 2254103.536661021, "device_end": 2254103.545255658}, "cmdq": 1, "read": {"device_start": -1, "device_end": -1}}, "FFC_sans_bias7": {"write": {"device_start": -1, "host_queued_start": 1585586329.261236, "device_queued": -1, "device_end": -1, "host_queued_end": 1585586329.265305}, "device": "cpu", "nd_range": {"device_start": 2254103.558385507, "device_end": 2254103.565983722}, "cmdq": 0, "read": {"device_start": -1, "device_end": -1}}, "FFC_sans_bias6": {"write": {"device_start": -1, "host_queued_start": 1585586329.258818, "device_queued": -1, "device_end": -1, "host_queued_end": 1585586329.265305}, "device": "cpu", "nd_range": {"device_start": 2254103.547023143, "device_end": 2254103.558275706}, "cmdq": 3, "read": {"device_start": -1, "device_end": -1}}, "FFC_sans_bias1": {"write": {"device_start": -1, "host_queued_start": 1585586329.239851, "device_queued": -1, "device_end": -1, "host_queued_end": 1585586329.265305}, "device": "cpu", "nd_range": {"device_start": 2254103.454940678, "device_end": 2254103.4704844053}, "cmdq": 2, "read": {"device_start": -1, "device_end": -1}}, "FFC_sans_bias0": {"write": {"device_start": -1, "host_queued_start": 1585586329.238808, "device_queued": -1, "device_end": -1, "host_queued_end": 1585586329.265305}, "device": "cpu", "nd_range": {"device_start": 2254103.4549593823, "device_end": 2254103.470492322}, "cmdq": 1, "read": {"device_start": -1, "device_end": -1}}, "FFC_sans_bias2": {"write": {"device_start": -1, "host_queued_start": 1585586329.240903, "device_queued": -1, "device_end": -1, "host_queued_end": 1585586329.265305}, "device": "cpu", "nd_range": {"device_start": 2254103.4549847553, "device_end": 2254103.4711368294}, "cmdq": 3, "read": {"device_start": -1, "device_end": -1}}, "FFC_sans_bias52": {"write": {"device_start": 1585586263.8265402, "host_queued_start": 1585586329.23295, "device_queued": 1585586263.824383, "device_end": 1585586263.8265653, "host_queued_end": 1585586329.23306}, "device": "gpu", "nd_range": {"device_start": 1585586263.827057, "device_end": 1585586263.827654}, "cmdq": 0, "read": {"device_start": 1585586263.8276627, "device_end": 1585586263.8276854}}, "FFC_sans_bias9": {"write": {"device_start": -1, "host_queued_start": 1585586329.241948, "device_queued": -1, "device_end": -1, "host_queued_end": 1585586329.265305}, "device": "cpu", "nd_range": {"device_start": 2254103.455155915, "device_end": 2254103.470388497}, "cmdq": 0, "read": {"device_start": -1, "device_end": -1}}, "coalesced_transpose39": {"write": {"device_start": -1, "host_queued_start": 1585586329.255326, "device_queued": -1, "device_end": -1, "host_queued_end": 1585586329.265305}, "device": "cpu", "nd_range": {"device_start": 2254103.513115865, "device_end": 2254103.513253853}, "cmdq": 0, "read": {"device_start": -1, "device_end": -1}}, "FFC_sans_bias51": {"write": {"device_start": -1, "host_queued_start": 1585586329.231939, "device_queued": -1, "device_end": -1, "host_queued_end": 1585586329.23306}, "device": "gpu", "nd_range": {"device_start": 1585586263.8264537, "device_end": 1585586263.8270538}, "cmdq": 1, "read": {"device_start": -1, "device_end": -1}}, "softmax23": {"write": {"device_start": -1, "host_queued_start": 1585586329.257921, "device_queued": -1, "device_end": -1, "host_queued_end": 1585586329.265305}, "device": "cpu", "nd_range": {"device_start": 2254103.527650615, "device_end": 2254103.527865834}, "cmdq": 0, "read": {"device_start": -1, "device_end": -1}}, "FFC_sans_bias37": {"write": {"device_start": -1, "host_queued_start": 1585586329.252587, "device_queued": -1, "device_end": -1, "host_queued_end": 1585586329.265305}, "device": "cpu", "nd_range": {"device_start": 2254103.501193237, "device_end": 2254103.5097894752}, "cmdq": 2, "read": {"device_start": -1, "device_end": -1}}, "softmax41": {"write": {"device_start": -1, "host_queued_start": 1585586329.258473, "device_queued": -1, "device_end": -1, "host_queued_end": 1585586329.265305}, "device": "cpu", "nd_range": {"device_start": 2254103.559546823, "device_end": 2254103.559757444}, "cmdq": 2, "read": {"device_start": -1, "device_end": -1}}, "FFC_sans_bias11": {"write": {"device_start": -1, "host_queued_start": 1585586329.244063, "device_queued": -1, "device_end": -1, "host_queued_end": 1585586329.265305}, "device": "cpu", "nd_range": {"device_start": 2254103.47051509, "device_end": 2254103.4857113874}, "cmdq": 2, "read": {"device_start": -1, "device_end": -1}}, "FFC_sans_bias10": {"write": {"device_start": -1, "host_queued_start": 1585586329.24301, "device_queued": -1, "device_end": -1, "host_queued_end": 1585586329.265305}, "device": "cpu", "nd_range": {"device_start": 2254103.474012888, "device_end": 2254103.4992118003}, "cmdq": 1, "read": {"device_start": -1, "device_end": -1}}, "coalesced_transpose3": {"write": {"device_start": -1, "host_queued_start": 1585586329.253973, "device_queued": -1, "device_end": -1, "host_queued_end": 1585586329.265305}, "device": "cpu", "nd_range": {"device_start": 2254103.501317794, "device_end": 2254103.5015707193}, "cmdq": 0, "read": {"device_start": -1, "device_end": -1}}, "FFC_sans_bias34": {"write": {"device_start": -1, "host_queued_start": 1585586329.264241, "device_queued": -1, "device_end": -1, "host_queued_end": 1585586329.265305}, "device": "cpu", "nd_range": {"device_start": 2254103.578401408, "device_end": 2254103.5927337552}, "cmdq": 3, "read": {"device_start": -1, "device_end": -1}}, "FFC_sans_bias15": {"write": {"device_start": -1, "host_queued_start": 1585586329.25915, "device_queued": -1, "device_end": -1, "host_queued_end": 1585586329.265305}, "device": "cpu", "nd_range": {"device_start": 2254103.543838759, "device_end": 2254103.5544423154}, "cmdq": 0, "read": {"device_start": -1, "device_end": -1}}, "FFC_sans_bias31": {"write": {"device_start": -1, "host_queued_start": 1585586329.256751, "device_queued": -1, "device_end": -1, "host_queued_end": 1585586329.265305}, "device": "cpu", "nd_range": {"device_start": 2254103.515579897, "device_end": 2254103.527527998}, "cmdq": 0, "read": {"device_start": -1, "device_end": -1}}, "FFC_sans_bias16": {"write": {"device_start": -1, "host_queued_start": 1585586329.26223, "device_queued": -1, "device_end": -1, "host_queued_end": 1585586329.265305}, "device": "cpu", "nd_range": {"device_start": 2254103.5742980894, "device_end": 2254103.590473513}, "cmdq": 1, "read": {"device_start": -1, "device_end": -1}}, "FFC_sans_bias19": {"write": {"device_start": -1, "host_queued_start": 1585586329.246146, "device_queued": -1, "device_end": -1, "host_queued_end": 1585586329.265305}, "device": "cpu", "nd_range": {"device_start": 2254103.470530292, "device_end": 2254103.485775685}, "cmdq": 0, "read": {"device_start": -1, "device_end": -1}}, "FFC_sans_bias18": {"write": {"device_start": -1, "host_queued_start": 1585586329.245103, "device_queued": -1, "device_end": -1, "host_queued_end": 1585586329.265305}, "device": "cpu", "nd_range": {"device_start": 2254103.471268576, "device_end": 2254103.487678164}, "cmdq": 3, "read": {"device_start": -1, "device_end": -1}}, "coalesced_transpose30": {"write": {"device_start": -1, "host_queued_start": 1585586329.254999, "device_queued": -1, "device_end": -1, "host_queued_end": 1585586329.265305}, "device": "cpu", "nd_range": {"device_start": 2254103.515291322, "device_end": 2254103.5154486}, "cmdq": 3, "read": {"device_start": -1, "device_end": -1}}, "FFC_sans_bias38": {"write": {"device_start": -1, "host_queued_start": 1585586329.253638, "device_queued": -1, "device_end": -1, "host_queued_end": 1585586329.265305}, "device": "cpu", "nd_range": {"device_start": 2254103.5031252303, "device_end": 2254103.515284048}, "cmdq": 3, "read": {"device_start": -1, "device_end": -1}}, "empty26": {"write": {"device_start": -1, "host_queued_start": 1585586329.236065, "device_queued": -1, "device_end": -1, "host_queued_end": 1585586329.265305}, "device": "cpu", "nd_range": {"device_start": 2254103.454911097, "device_end": 2254103.4549179804}, "cmdq": 2, "read": {"device_start": -1, "device_end": -1}}, "coalesced_transpose12": {"write": {"device_start": -1, "host_queued_start": 1585586329.25431, "device_queued": -1, "device_end": -1, "host_queued_end": 1585586329.265305}, "device": "cpu", "nd_range": {"device_start": 2254103.536393234, "device_end": 2254103.536506513}, "cmdq": 1, "read": {"device_start": -1, "device_end": -1}}, "empty44": {"write": {"device_start": -1, "host_queued_start": 1585586329.237831, "device_queued": -1, "device_end": -1, "host_queued_end": 1585586329.265305}, "device": "cpu", "nd_range": {"device_start": 2254103.454939866, "device_end": 2254103.454940992}, "cmdq": 0, "read": {"device_start": -1, "device_end": -1}}, "coalesced_transpose21": {"write": {"device_start": -1, "host_queued_start": 1585586329.254669, "device_queued": -1, "device_end": -1, "host_queued_end": 1585586329.265305}, "device": "cpu", "nd_range": {"device_start": 2254103.509910974, "device_end": 2254103.510156075}, "cmdq": 2, "read": {"device_start": -1, "device_end": -1}}, "FFC_sans_bias36": {"write": {"device_start": -1, "host_queued_start": 1585586329.251545, "device_queued": -1, "device_end": -1, "host_queued_end": 1585586329.265305}, "device": "cpu", "nd_range": {"device_start": 2254103.5199388224, "device_end": 2254103.5363741852}, "cmdq": 1, "read": {"device_start": -1, "device_end": -1}}, "softmax14": {"write": {"device_start": -1, "host_queued_start": 1585586329.257646, "device_queued": -1, "device_end": -1, "host_queued_end": 1585586329.265305}, "device": "cpu", "nd_range": {"device_start": 2254103.543514041, "device_end": 2254103.5437200554}, "cmdq": 3, "read": {"device_start": -1, "device_end": -1}}, "FFC_sans_bias13": {"write": {"device_start": -1, "host_queued_start": 1585586329.256041, "device_queued": -1, "device_end": -1, "host_queued_end": 1585586329.265305}, "device": "cpu", "nd_range": {"device_start": 2254103.536655434, "device_end": 2254103.5433309954}, "cmdq": 2, "read": {"device_start": -1, "device_end": -1}}, "empty8": {"write": {"device_start": -1, "host_queued_start": 1585586329.234284, "device_queued": -1, "device_end": -1, "host_queued_end": 1585586329.265305}, "device": "cpu", "nd_range": {"device_start": 2254103.4549043393, "device_end": 2254103.4549180213}, "cmdq": 0, "read": {"device_start": -1, "device_end": -1}}, "FFC_sans_bias42": {"write": {"device_start": -1, "host_queued_start": 1585586329.260174, "device_queued": -1, "device_end": -1, "host_queued_end": 1585586329.265305}, "device": "cpu", "nd_range": {"device_start": 2254103.565976061, "device_end": 2254103.578280238}, "cmdq": 3, "read": {"device_start": -1, "device_end": -1}}, "FFC_sans_bias43": {"write": {"device_start": -1, "host_queued_start": 1585586329.265257, "device_queued": -1, "device_end": -1, "host_queued_end": 1585586329.265305}, "device": "cpu", "nd_range": {"device_start": 2254103.581179053, "device_end": 2254103.594022234}, "cmdq": 0, "read": {"device_start": -1, "device_end": -1}}, "FFC_sans_bias40": {"write": {"device_start": -1, "host_queued_start": 1585586329.257094, "device_queued": -1, "device_end": -1, "host_queued_end": 1585586329.265305}, "device": "cpu", "nd_range": {"device_start": 2254103.545264717, "device_end": 2254103.558427834}, "cmdq": 1, "read": {"device_start": -1, "device_end": -1}}, "softmax32": {"write": {"device_start": -1, "host_queued_start": 1585586329.258197, "device_queued": -1, "device_end": -1, "host_queued_end": 1585586329.265305}, "device": "cpu", "nd_range": {"device_start": 2254103.55854708, "device_end": 2254103.558759266}, "cmdq": 1, "read": {"device_start": -1, "device_end": -1}}, "FFC_sans_bias47": {"write": {"device_start": 1585586263.8247566, "host_queued_start": 1585586329.230722, "device_queued": 1585586263.8241699, "device_end": 1585586263.8247852, "host_queued_end": 1585586329.23306}, "device": "gpu", "nd_range": {"device_start": 1585586263.8247888, "device_end": 1585586263.825621}, "cmdq": 1, "read": {"device_start": -1, "device_end": -1}}, "FFC_sans_bias45": {"write": {"device_start": 1585586263.823985, "host_queued_start": 1585586329.228569, "device_queued": 1585586263.8238437, "device_end": 1585586263.8240318, "host_queued_end": 1585586329.23306}, "device": "gpu", "nd_range": {"device_start": 1585586263.8240402, "device_end": 1585586263.824653}, "cmdq": 1, "read": {"device_start": -1, "device_end": -1}}, "softmax50": {"write": {"device_start": -1, "host_queued_start": 1585586329.231634, "device_queued": -1, "device_end": -1, "host_queued_end": 1585586329.23306}, "device": "gpu", "nd_range": {"device_start": 1585586263.8262181, "device_end": 1585586263.82645}, "cmdq": 0, "read": {"device_start": -1, "device_end": -1}}, "FFC_sans_bias33": {"write": {"device_start": -1, "host_queued_start": 1585586329.259828, "device_queued": -1, "device_end": -1, "host_queued_end": 1585586329.265305}, "device": "cpu", "nd_range": {"device_start": 2254103.5601001442, "device_end": 2254103.5736359144}, "cmdq": 2, "read": {"device_start": -1, "device_end": -1}}, "FFC_sans_bias49": {"write": {"device_start": -1, "host_queued_start": 1585586329.231385, "device_queued": -1, "device_end": -1, "host_queued_end": 1585586329.23306}, "device": "gpu", "nd_range": {"device_start": 1585586263.8256223, "device_end": 1585586263.8262131}, "cmdq": 1, "read": {"device_start": -1, "device_end": -1}}, "FFC_sans_bias24": {"write": {"device_start": -1, "host_queued_start": 1585586329.259484, "device_queued": -1, "device_end": -1, "host_queued_end": 1585586329.265305}, "device": "cpu", "nd_range": {"device_start": 2254103.558867345, "device_end": 2254103.574178255}, "cmdq": 1, "read": {"device_start": -1, "device_end": -1}}, "FFC_sans_bias25": {"write": {"device_start": -1, "host_queued_start": 1585586329.263225, "device_queued": -1, "device_end": -1, "host_queued_end": 1585586329.265305}, "device": "cpu", "nd_range": {"device_start": 2254103.576041631, "device_end": 2254103.594305024}, "cmdq": 2, "read": {"device_start": -1, "device_end": -1}}, "FFC_sans_bias27": {"write": {"device_start": -1, "host_queued_start": 1585586329.248266, "device_queued": -1, "device_end": -1, "host_queued_end": 1585586329.265305}, "device": "cpu", "nd_range": {"device_start": 2254103.485850456, "device_end": 2254103.501074904}, "cmdq": 2, "read": {"device_start": -1, "device_end": -1}}, "FFC_sans_bias20": {"write": {"device_start": -1, "host_queued_start": 1585586329.24722, "device_queued": -1, "device_end": -1, "host_queued_end": 1585586329.265305}, "device": "cpu", "nd_range": {"device_start": 2254103.504549649, "device_end": 2254103.519639173}, "cmdq": 1, "read": {"device_start": -1, "device_end": -1}}, "FFC_sans_bias22": {"write": {"device_start": -1, "host_queued_start": 1585586329.256394, "device_queued": -1, "device_end": -1, "host_queued_end": 1585586329.265305}, "device": "cpu", "nd_range": {"device_start": 2254103.51559458, "device_end": 2254103.523800901}, "cmdq": 3, "read": {"device_start": -1, "device_end": -1}}, "softmax5": {"write": {"device_start": -1, "host_queued_start": 1585586329.257372, "device_queued": -1, "device_end": -1, "host_queued_end": 1585586329.265305}, "device": "cpu", "nd_range": {"device_start": 2254103.54670321, "device_end": 2254103.5469073663}, "cmdq": 2, "read": {"device_start": -1, "device_end": -1}}, "FFC_sans_bias28": {"write": {"device_start": -1, "host_queued_start": 1585586329.249432, "device_queued": -1, "device_end": -1, "host_queued_end": 1585586329.265305}, "device": "cpu", "nd_range": {"device_start": 2254103.4877974424, "device_end": 2254103.503010605}, "cmdq": 3, "read": {"device_start": -1, "device_end": -1}}, "FFC_sans_bias29": {"write": {"device_start": -1, "host_queued_start": 1585586329.250484, "device_queued": -1, "device_end": -1, "host_queued_end": 1585586329.265305}, "device": "cpu", "nd_range": {"device_start": 2254103.485795211, "device_end": 2254103.501203999}, "cmdq": 0, "read": {"device_start": -1, "device_end": -1}}, "empty17": {"write": {"device_start": -1, "host_queued_start": 1585586329.235229, "device_queued": -1, "device_end": -1, "host_queued_end": 1585586329.265305}, "device": "cpu", "nd_range": {"device_start": 2254103.4549491303, "device_end": 2254103.454950395}, "cmdq": 1, "read": {"device_start": -1, "device_end": -1}}, "empty35": {"write": {"device_start": -1, "host_queued_start": 1585586329.236952, "device_queued": -1, "device_end": -1, "host_queued_end": 1585586329.265305}, "device": "cpu", "nd_range": {"device_start": 2254103.4549624543, "device_end": 2254103.454967815}, "cmdq": 3, "read": {"device_start": -1, "device_end": -1}}, "empty53": {"write": {"device_start": 1585586263.8238783, "host_queued_start": 1585586329.227368, "device_queued": 1585586263.823745, "device_end": 1585586263.8239045, "host_queued_end": 1585586329.23306}, "device": "gpu", "nd_range": {"device_start": 1585586263.823908, "device_end": 1585586263.8239145}, "cmdq": 0, "read": {"device_start": -1, "device_end": -1}}, "FFC_sans_bias46": {"write": {"device_start": 1585586263.8240798, "host_queued_start": 1585586329.229647, "device_queued": 1585586263.8239067, "device_end": 1585586263.8241045, "host_queued_end": 1585586329.23306}, "device": "gpu", "nd_range": {"device_start": 1585586263.8241577, "device_end": 1585586263.8250628}, "cmdq": 0, "read": {"device_start": -1, "device_end": -1}}, "coalesced_transpose48": {"write": {"device_start": -1, "host_queued_start": 1585586329.231066, "device_queued": -1, "device_end": -1, "host_queued_end": 1585586329.23306}, "device": "gpu", "nd_range": {"device_start": 1585586263.825064, "device_end": 1585586263.82546}, "cmdq": 0, "read": {"device_start": -1, "device_end": -1}}}