{"FFC_sans_bias4": {"write": {"device_start": -1, "host_queued_start": 1585586569.798486, "device_queued": -1, "device_end": -1, "host_queued_end": 1585586569.802505}, "device": "cpu", "nd_range": {"device_start": 2254344.0128040262, "device_end": 2254344.020683568}, "cmdq": 0, "read": {"device_start": -1, "device_end": -1}}, "FFC_sans_bias7": {"write": {"device_start": -1, "host_queued_start": 1585586569.801428, "device_queued": -1, "device_end": -1, "host_queued_end": 1585586569.802505}, "device": "cpu", "nd_range": {"device_start": 2254344.026173681, "device_end": 2254344.031906458}, "cmdq": 0, "read": {"device_start": -1, "device_end": -1}}, "FFC_sans_bias6": {"write": {"device_start": -1, "host_queued_start": 1585586569.79989, "device_queued": -1, "device_end": -1, "host_queued_end": 1585586569.802505}, "device": "cpu", "nd_range": {"device_start": 2254344.0211321684, "device_end": 2254344.026054903}, "cmdq": 0, "read": {"device_start": -1, "device_end": -1}}, "FFC_sans_bias1": {"write": {"device_start": -1, "host_queued_start": 1585586569.793112, "device_queued": -1, "device_end": -1, "host_queued_end": 1585586569.802505}, "device": "cpu", "nd_range": {"device_start": 2254343.992115729, "device_end": 2254344.002727896}, "cmdq": 1, "read": {"device_start": -1, "device_end": -1}}, "FFC_sans_bias0": {"write": {"device_start": -1, "host_queued_start": 1585586569.791944, "device_queued": -1, "device_end": -1, "host_queued_end": 1585586569.802505}, "device": "cpu", "nd_range": {"device_start": 2254343.992116744, "device_end": 2254343.998470509}, "cmdq": 0, "read": {"device_start": -1, "device_end": -1}}, "FFC_sans_bias2": {"write": {"device_start": -1, "host_queued_start": 1585586569.794162, "device_queued": -1, "device_end": -1, "host_queued_end": 1585586569.802505}, "device": "cpu", "nd_range": {"device_start": 2254343.998582438, "device_end": 2254344.0058211223}, "cmdq": 0, "read": {"device_start": -1, "device_end": -1}}, "FFC_sans_bias52": {"write": {"device_start": 1585586504.3834212, "host_queued_start": 1585586569.787911, "device_queued": 1585586504.3752213, "device_end": 1585586504.3834512, "host_queued_end": 1585586569.788018}, "device": "gpu", "nd_range": {"device_start": 1585586504.3834608, "device_end": 1585586504.385201}, "cmdq": 0, "read": {"device_start": 1585586504.3852043, "device_end": 1585586504.3852265}}, "FFC_sans_bias9": {"write": {"device_start": -1, "host_queued_start": 1585586569.795233, "device_queued": -1, "device_end": -1, "host_queued_end": 1585586569.802505}, "device": "cpu", "nd_range": {"device_start": 2254344.002837778, "device_end": 2254344.0094722384}, "cmdq": 1, "read": {"device_start": -1, "device_end": -1}}, "coalesced_transpose39": {"write": {"device_start": -1, "host_queued_start": 1585586569.779684, "device_queued": -1, "device_end": -1, "host_queued_end": 1585586569.788018}, "device": "gpu", "nd_range": {"device_start": 1585586504.3779023, "device_end": 1585586504.3787374}, "cmdq": 3, "read": {"device_start": -1, "device_end": -1}}, "FFC_sans_bias51": {"write": {"device_start": -1, "host_queued_start": 1585586569.783723, "device_queued": -1, "device_end": -1, "host_queued_end": 1585586569.788018}, "device": "gpu", "nd_range": {"device_start": 1585586504.3812666, "device_end": 1585586504.3822649}, "cmdq": 1, "read": {"device_start": -1, "device_end": -1}}, "softmax23": {"write": {"device_start": -1, "host_queued_start": 1585586569.781516, "device_queued": -1, "device_end": -1, "host_queued_end": 1585586569.788018}, "device": "gpu", "nd_range": {"device_start": 1585586504.3794408, "device_end": 1585586504.381244}, "cmdq": 4, "read": {"device_start": -1, "device_end": -1}}, "FFC_sans_bias37": {"write": {"device_start": 1585586504.374643, "host_queued_start": 1585586569.77451, "device_queued": 1585586504.3734303, "device_end": 1585586504.374674, "host_queued_end": 1585586569.788018}, "device": "gpu", "nd_range": {"device_start": 1585586504.374677, "device_end": 1585586504.3769202}, "cmdq": 1, "read": {"device_start": -1, "device_end": -1}}, "softmax41": {"write": {"device_start": -1, "host_queued_start": 1585586569.782155, "device_queued": -1, "device_end": -1, "host_queued_end": 1585586569.788018}, "device": "gpu", "nd_range": {"device_start": 1585586504.3804226, "device_end": 1585586504.3812597}, "cmdq": 1, "read": {"device_start": -1, "device_end": -1}}, "FFC_sans_bias11": {"write": {"device_start": -1, "host_queued_start": 1585586569.797365, "device_queued": -1, "device_end": -1, "host_queued_end": 1585586569.802505}, "device": "cpu", "nd_range": {"device_start": 2254344.0147827254, "device_end": 2254344.02216835}, "cmdq": 1, "read": {"device_start": -1, "device_end": -1}}, "FFC_sans_bias10": {"write": {"device_start": -1, "host_queued_start": 1585586569.796279, "device_queued": -1, "device_end": -1, "host_queued_end": 1585586569.802505}, "device": "cpu", "nd_range": {"device_start": 2254344.005950288, "device_end": 2254344.012568767}, "cmdq": 0, "read": {"device_start": -1, "device_end": -1}}, "coalesced_transpose3": {"write": {"device_start": -1, "host_queued_start": 1585586569.797741, "device_queued": -1, "device_end": -1, "host_queued_end": 1585586569.802505}, "device": "cpu", "nd_range": {"device_start": 2254344.0126924803, "device_end": 2254344.0127975373}, "cmdq": 0, "read": {"device_start": -1, "device_end": -1}}, "FFC_sans_bias34": {"write": {"device_start": 1585586504.3829794, "host_queued_start": 1585586569.785791, "device_queued": 1585586504.3749642, "device_end": 1585586504.3830106, "host_queued_end": 1585586569.788018}, "device": "gpu", "nd_range": {"device_start": 1585586504.3830163, "device_end": 1585586504.3842437}, "cmdq": 3, "read": {"device_start": 1585586504.3842483, "device_end": 1585586504.3842723}}, "FFC_sans_bias15": {"write": {"device_start": -1, "host_queued_start": 1585586569.800298, "device_queued": -1, "device_end": -1, "host_queued_end": 1585586569.802505}, "device": "cpu", "nd_range": {"device_start": 2254344.039859328, "device_end": 2254344.043796917}, "cmdq": 1, "read": {"device_start": -1, "device_end": -1}}, "FFC_sans_bias31": {"write": {"device_start": -1, "host_queued_start": 1585586569.780623, "device_queued": -1, "device_end": -1, "host_queued_end": 1585586569.788018}, "device": "gpu", "nd_range": {"device_start": 1585586504.3788335, "device_end": 1585586504.3798363}, "cmdq": 1, "read": {"device_start": -1, "device_end": -1}}, "FFC_sans_bias16": {"write": {"device_start": -1, "host_queued_start": 1585586569.802462, "device_queued": -1, "device_end": -1, "host_queued_end": 1585586569.802505}, "device": "cpu", "nd_range": {"device_start": 2254344.043804028, "device_end": 2254344.0486740703}, "cmdq": 1, "read": {"device_start": -1, "device_end": -1}}, "FFC_sans_bias19": {"write": {"device_start": 1585586504.3729753, "host_queued_start": 1585586569.768167, "device_queued": 1585586504.3727674, "device_end": 1585586504.3730447, "host_queued_end": 1585586569.788018}, "device": "gpu", "nd_range": {"device_start": 1585586504.373049, "device_end": 1585586504.3739393}, "cmdq": 0, "read": {"device_start": -1, "device_end": -1}}, "FFC_sans_bias18": {"write": {"device_start": 1585586504.3728738, "host_queued_start": 1585586569.767157, "device_queued": 1585586504.3726466, "device_end": 1585586504.37293, "host_queued_end": 1585586569.788018}, "device": "gpu", "nd_range": {"device_start": 1585586504.3729331, "device_end": 1585586504.3735366}, "cmdq": 4, "read": {"device_start": -1, "device_end": -1}}, "coalesced_transpose30": {"write": {"device_start": -1, "host_queued_start": 1585586569.779378, "device_queued": -1, "device_end": -1, "host_queued_end": 1585586569.788018}, "device": "gpu", "nd_range": {"device_start": 1585586504.3773773, "device_end": 1585586504.378723}, "cmdq": 2, "read": {"device_start": -1, "device_end": -1}}, "FFC_sans_bias38": {"write": {"device_start": 1585586504.3750465, "host_queued_start": 1585586569.775573, "device_queued": 1585586504.3734565, "device_end": 1585586504.375073, "host_queued_end": 1585586569.788018}, "device": "gpu", "nd_range": {"device_start": 1585586504.375076, "device_end": 1585586504.377375}, "cmdq": 2, "read": {"device_start": -1, "device_end": -1}}, "empty26": {"write": {"device_start": 1585586504.3724253, "host_queued_start": 1585586569.763329, "device_queued": 1585586504.3723, "device_end": 1585586504.3724887, "host_queued_end": 1585586569.788018}, "device": "gpu", "nd_range": {"device_start": 1585586504.3724933, "device_end": 1585586504.372498}, "cmdq": 0, "read": {"device_start": -1, "device_end": -1}}, "coalesced_transpose12": {"write": {"device_start": -1, "host_queued_start": 1585586569.798073, "device_queued": -1, "device_end": -1, "host_queued_end": 1585586569.802505}, "device": "cpu", "nd_range": {"device_start": 2254344.029678924, "device_end": 2254344.029918843}, "cmdq": 1, "read": {"device_start": -1, "device_end": -1}}, "empty44": {"write": {"device_start": 1585586504.3726783, "host_queued_start": 1585586569.765219, "device_queued": 1585586504.3724272, "device_end": 1585586504.3727558, "host_queued_end": 1585586569.788018}, "device": "gpu", "nd_range": {"device_start": 1585586504.3727634, "device_end": 1585586504.3727684}, "cmdq": 2, "read": {"device_start": -1, "device_end": -1}}, "coalesced_transpose21": {"write": {"device_start": -1, "host_queued_start": 1585586569.779061, "device_queued": -1, "device_end": -1, "host_queued_end": 1585586569.788018}, "device": "gpu", "nd_range": {"device_start": 1585586504.3769212, "device_end": 1585586504.3787127}, "cmdq": 1, "read": {"device_start": -1, "device_end": -1}}, "FFC_sans_bias36": {"write": {"device_start": 1585586504.3740695, "host_queued_start": 1585586569.773477, "device_queued": 1585586504.37337, "device_end": 1585586504.374101, "host_queued_end": 1585586569.788018}, "device": "gpu", "nd_range": {"device_start": 1585586504.3741043, "device_end": 1585586504.3764176}, "cmdq": 0, "read": {"device_start": -1, "device_end": -1}}, "softmax14": {"write": {"device_start": -1, "host_queued_start": 1585586569.799486, "device_queued": -1, "device_end": -1, "host_queued_end": 1585586569.802505}, "device": "cpu", "nd_range": {"device_start": 2254344.0397537514, "device_end": 2254344.039847189}, "cmdq": 1, "read": {"device_start": -1, "device_end": -1}}, "FFC_sans_bias13": {"write": {"device_start": -1, "host_queued_start": 1585586569.798857, "device_queued": -1, "device_end": -1, "host_queued_end": 1585586569.802505}, "device": "cpu", "nd_range": {"device_start": 2254344.0299261194, "device_end": 2254344.039737129}, "cmdq": 1, "read": {"device_start": -1, "device_end": -1}}, "empty8": {"write": {"device_start": -1, "host_queued_start": 1585586569.789533, "device_queued": -1, "device_end": -1, "host_queued_end": 1585586569.802505}, "device": "cpu", "nd_range": {"device_start": 2254343.992088886, "device_end": 2254343.9920993163}, "cmdq": 0, "read": {"device_start": -1, "device_end": -1}}, "FFC_sans_bias42": {"write": {"device_start": -1, "host_queued_start": 1585586569.783409, "device_queued": -1, "device_end": -1, "host_queued_end": 1585586569.788018}, "device": "gpu", "nd_range": {"device_start": 1585586504.3812895, "device_end": 1585586504.38327}, "cmdq": 0, "read": {"device_start": -1, "device_end": -1}}, "FFC_sans_bias43": {"write": {"device_start": 1585586504.382003, "host_queued_start": 1585586569.786861, "device_queued": 1585586504.3749864, "device_end": 1585586504.382033, "host_queued_end": 1585586569.788018}, "device": "gpu", "nd_range": {"device_start": 1585586504.3832884, "device_end": 1585586504.3847525}, "cmdq": 4, "read": {"device_start": 1585586504.3847585, "device_end": 1585586504.3847816}}, "FFC_sans_bias40": {"write": {"device_start": -1, "host_queued_start": 1585586569.780943, "device_queued": -1, "device_end": -1, "host_queued_end": 1585586569.788018}, "device": "gpu", "nd_range": {"device_start": 1585586504.3788438, "device_end": 1585586504.380413}, "cmdq": 2, "read": {"device_start": -1, "device_end": -1}}, "softmax32": {"write": {"device_start": -1, "host_queued_start": 1585586569.781764, "device_queued": -1, "device_end": -1, "host_queued_end": 1585586569.788018}, "device": "gpu", "nd_range": {"device_start": 1585586504.3798509, "device_end": 1585586504.381236}, "cmdq": 0, "read": {"device_start": -1, "device_end": -1}}, "FFC_sans_bias47": {"write": {"device_start": 1585586504.3765233, "host_queued_start": 1585586569.778731, "device_queued": 1585586504.373885, "device_end": 1585586504.376555, "host_queued_end": 1585586569.788018}, "device": "gpu", "nd_range": {"device_start": 1585586504.3765612, "device_end": 1585586504.3788135}, "cmdq": 0, "read": {"device_start": -1, "device_end": -1}}, "FFC_sans_bias45": {"write": {"device_start": 1585586504.375576, "host_queued_start": 1585586569.776617, "device_queued": 1585586504.3735926, "device_end": 1585586504.3756022, "host_queued_end": 1585586569.788018}, "device": "gpu", "nd_range": {"device_start": 1585586504.375606, "device_end": 1585586504.377895}, "cmdq": 3, "read": {"device_start": -1, "device_end": -1}}, "softmax50": {"write": {"device_start": -1, "host_queued_start": 1585586569.782416, "device_queued": -1, "device_end": -1, "host_queued_end": 1585586569.788018}, "device": "gpu", "nd_range": {"device_start": 1585586504.3808327, "device_end": 1585586504.3810425}, "cmdq": 2, "read": {"device_start": -1, "device_end": -1}}, "FFC_sans_bias33": {"write": {"device_start": -1, "host_queued_start": 1585586569.783093, "device_queued": -1, "device_end": -1, "host_queued_end": 1585586569.788018}, "device": "gpu", "nd_range": {"device_start": 1585586504.38125, "device_end": 1585586504.3818548}, "cmdq": 4, "read": {"device_start": -1, "device_end": -1}}, "FFC_sans_bias49": {"write": {"device_start": -1, "host_queued_start": 1585586569.781261, "device_queued": -1, "device_end": -1, "host_queued_end": 1585586569.788018}, "device": "gpu", "nd_range": {"device_start": 1585586504.3788536, "device_end": 1585586504.3808186}, "cmdq": 3, "read": {"device_start": -1, "device_end": -1}}, "FFC_sans_bias24": {"write": {"device_start": -1, "host_queued_start": 1585586569.782771, "device_queued": -1, "device_end": -1, "host_queued_end": 1585586569.788018}, "device": "gpu", "nd_range": {"device_start": 1585586504.3812737, "device_end": 1585586504.3828373}, "cmdq": 3, "read": {"device_start": -1, "device_end": -1}}, "FFC_sans_bias25": {"write": {"device_start": 1585586504.381187, "host_queued_start": 1585586569.784736, "device_queued": 1585586504.3748448, "device_end": 1585586504.3812184, "host_queued_end": 1585586569.788018}, "device": "gpu", "nd_range": {"device_start": 1585586504.382857, "device_end": 1585586504.3837953}, "cmdq": 2, "read": {"device_start": 1585586504.3837967, "device_end": 1585586504.3838258}}, "FFC_sans_bias27": {"write": {"device_start": 1585586504.3731818, "host_queued_start": 1585586569.770285, "device_queued": 1585586504.372972, "device_end": 1585586504.3732271, "host_queued_end": 1585586569.788018}, "device": "gpu", "nd_range": {"device_start": 1585586504.3732357, "device_end": 1585586504.3749313}, "cmdq": 2, "read": {"device_start": -1, "device_end": -1}}, "FFC_sans_bias20": {"write": {"device_start": 1585586504.3730934, "host_queued_start": 1585586569.769249, "device_queued": 1585586504.3729491, "device_end": 1585586504.3731728, "host_queued_end": 1585586569.788018}, "device": "gpu", "nd_range": {"device_start": 1585586504.3732278, "device_end": 1585586504.3745017}, "cmdq": 1, "read": {"device_start": -1, "device_end": -1}}, "FFC_sans_bias22": {"write": {"device_start": -1, "host_queued_start": 1585586569.78031, "device_queued": -1, "device_end": -1, "host_queued_end": 1585586569.788018}, "device": "gpu", "nd_range": {"device_start": 1585586504.3788214, "device_end": 1585586504.3794284}, "cmdq": 0, "read": {"device_start": -1, "device_end": -1}}, "softmax5": {"write": {"device_start": -1, "host_queued_start": 1585586569.799178, "device_queued": -1, "device_end": -1, "host_queued_end": 1585586569.802505}, "device": "cpu", "nd_range": {"device_start": 2254344.020806665, "device_end": 2254344.021021285}, "cmdq": 0, "read": {"device_start": -1, "device_end": -1}}, "FFC_sans_bias28": {"write": {"device_start": 1585586504.3732927, "host_queued_start": 1585586569.771379, "device_queued": 1585586504.3729959, "device_end": 1585586504.3733184, "host_queued_end": 1585586569.788018}, "device": "gpu", "nd_range": {"device_start": 1585586504.373324, "device_end": 1585586504.3754582}, "cmdq": 3, "read": {"device_start": -1, "device_end": -1}}, "FFC_sans_bias29": {"write": {"device_start": 1585586504.373691, "host_queued_start": 1585586569.77243, "device_queued": 1585586504.3730159, "device_end": 1585586504.373721, "host_queued_end": 1585586569.788018}, "device": "gpu", "nd_range": {"device_start": 1585586504.3737268, "device_end": 1585586504.3759258}, "cmdq": 4, "read": {"device_start": -1, "device_end": -1}}, "empty17": {"write": {"device_start": -1, "host_queued_start": 1585586569.790681, "device_queued": -1, "device_end": -1, "host_queued_end": 1585586569.802505}, "device": "cpu", "nd_range": {"device_start": 2254343.9920888203, "device_end": 2254343.99209936}, "cmdq": 1, "read": {"device_start": -1, "device_end": -1}}, "empty35": {"write": {"device_start": 1585586504.3725634, "host_queued_start": 1585586569.764379, "device_queued": 1585586504.372406, "device_end": 1585586504.3726346, "host_queued_end": 1585586569.788018}, "device": "gpu", "nd_range": {"device_start": 1585586504.3726776, "device_end": 1585586504.3727324}, "cmdq": 1, "read": {"device_start": -1, "device_end": -1}}, "empty53": {"write": {"device_start": 1585586504.372779, "host_queued_start": 1585586569.766066, "device_queued": 1585586504.3724527, "device_end": 1585586504.3728542, "host_queued_end": 1585586569.788018}, "device": "gpu", "nd_range": {"device_start": 1585586504.372861, "device_end": 1585586504.3728683}, "cmdq": 3, "read": {"device_start": -1, "device_end": -1}}, "FFC_sans_bias46": {"write": {"device_start": 1585586504.3760269, "host_queued_start": 1585586569.777656, "device_queued": 1585586504.3736312, "device_end": 1585586504.3760543, "host_queued_end": 1585586569.788018}, "device": "gpu", "nd_range": {"device_start": 1585586504.3760698, "device_end": 1585586504.3783467}, "cmdq": 4, "read": {"device_start": -1, "device_end": -1}}, "coalesced_transpose48": {"write": {"device_start": -1, "host_queued_start": 1585586569.779985, "device_queued": -1, "device_end": -1, "host_queued_end": 1585586569.788018}, "device": "gpu", "nd_range": {"device_start": 1585586504.378348, "device_end": 1585586504.3787394}, "cmdq": 4, "read": {"device_start": -1, "device_end": -1}}}