{"FFC_sans_bias4": {"write": {"device_start": -1, "host_queued_start": 1585586476.75252, "device_queued": -1, "device_end": -1, "host_queued_end": 1585586476.758138}, "device": "cpu", "nd_range": {"device_start": 2254250.994267315, "device_end": 2254251.001917708}, "cmdq": 1, "read": {"device_start": -1, "device_end": -1}}, "FFC_sans_bias7": {"write": {"device_start": -1, "host_queued_start": 1585586476.75611, "device_queued": -1, "device_end": -1, "host_queued_end": 1585586476.758138}, "device": "cpu", "nd_range": {"device_start": 2254251.0241310312, "device_end": 2254251.031512223}, "cmdq": 0, "read": {"device_start": -1, "device_end": -1}}, "FFC_sans_bias6": {"write": {"device_start": -1, "host_queued_start": 1585586476.754373, "device_queued": -1, "device_end": -1, "host_queued_end": 1585586476.758138}, "device": "cpu", "nd_range": {"device_start": 2254251.0139940633, "device_end": 2254251.020798886}, "cmdq": 1, "read": {"device_start": -1, "device_end": -1}}, "FFC_sans_bias1": {"write": {"device_start": -1, "host_queued_start": 1585586476.743438, "device_queued": -1, "device_end": -1, "host_queued_end": 1585586476.758138}, "device": "cpu", "nd_range": {"device_start": 2254250.9477677722, "device_end": 2254250.953818}, "cmdq": 0, "read": {"device_start": -1, "device_end": -1}}, "FFC_sans_bias0": {"write": {"device_start": -1, "host_queued_start": 1585586476.742387, "device_queued": -1, "device_end": -1, "host_queued_end": 1585586476.758138}, "device": "cpu", "nd_range": {"device_start": 2254250.9477581293, "device_end": 2254250.956746968}, "cmdq": 1, "read": {"device_start": -1, "device_end": -1}}, "FFC_sans_bias2": {"write": {"device_start": -1, "host_queued_start": 1585586476.744488, "device_queued": -1, "device_end": -1, "host_queued_end": 1585586476.758138}, "device": "cpu", "nd_range": {"device_start": 2254250.9568664692, "device_end": 2254250.964305582}, "cmdq": 1, "read": {"device_start": -1, "device_end": -1}}, "FFC_sans_bias52": {"write": {"device_start": 1585586411.3328013, "host_queued_start": 1585586476.737418, "device_queued": 1585586411.3266208, "device_end": 1585586411.3328333, "host_queued_end": 1585586476.737612}, "device": "gpu", "nd_range": {"device_start": 1585586411.3328388, "device_end": 1585586411.3340793}, "cmdq": 2, "read": {"device_start": 1585586411.3340847, "device_end": 1585586411.3341076}}, "FFC_sans_bias9": {"write": {"device_start": -1, "host_queued_start": 1585586476.745621, "device_queued": -1, "device_end": -1, "host_queued_end": 1585586476.758138}, "device": "cpu", "nd_range": {"device_start": 2254250.9539220333, "device_end": 2254250.96159316}, "cmdq": 0, "read": {"device_start": -1, "device_end": -1}}, "coalesced_transpose39": {"write": {"device_start": -1, "host_queued_start": 1585586476.731368, "device_queued": -1, "device_end": -1, "host_queued_end": 1585586476.737612}, "device": "gpu", "nd_range": {"device_start": 1585586411.3283405, "device_end": 1585586411.329201}, "cmdq": 1, "read": {"device_start": -1, "device_end": -1}}, "FFC_sans_bias51": {"write": {"device_start": -1, "host_queued_start": 1585586476.734297, "device_queued": -1, "device_end": -1, "host_queued_end": 1585586476.737612}, "device": "gpu", "nd_range": {"device_start": 1585586411.3311033, "device_end": 1585586411.3317065}, "cmdq": 3, "read": {"device_start": -1, "device_end": -1}}, "softmax23": {"write": {"device_start": -1, "host_queued_start": 1585586476.754037, "device_queued": -1, "device_end": -1, "host_queued_end": 1585586476.758138}, "device": "cpu", "nd_range": {"device_start": 2254251.013806919, "device_end": 2254251.0139475493}, "cmdq": 0, "read": {"device_start": -1, "device_end": -1}}, "FFC_sans_bias37": {"write": {"device_start": 1585586411.3256125, "host_queued_start": 1585586476.726473, "device_queued": 1585586411.32507, "device_end": 1585586411.325643, "host_queued_end": 1585586476.737612}, "device": "gpu", "nd_range": {"device_start": 1585586411.325648, "device_end": 1585586411.327387}, "cmdq": 3, "read": {"device_start": -1, "device_end": -1}}, "softmax41": {"write": {"device_start": -1, "host_queued_start": 1585586476.733114, "device_queued": -1, "device_end": -1, "host_queued_end": 1585586476.737612}, "device": "gpu", "nd_range": {"device_start": 1585586411.3303142, "device_end": 1585586411.3310988}, "cmdq": 3, "read": {"device_start": -1, "device_end": -1}}, "FFC_sans_bias11": {"write": {"device_start": -1, "host_queued_start": 1585586476.747996, "device_queued": -1, "device_end": -1, "host_queued_end": 1585586476.758138}, "device": "cpu", "nd_range": {"device_start": 2254250.961707104, "device_end": 2254250.968515371}, "cmdq": 0, "read": {"device_start": -1, "device_end": -1}}, "FFC_sans_bias10": {"write": {"device_start": -1, "host_queued_start": 1585586476.746802, "device_queued": -1, "device_end": -1, "host_queued_end": 1585586476.758138}, "device": "cpu", "nd_range": {"device_start": 2254250.968810949, "device_end": 2254250.97758569}, "cmdq": 1, "read": {"device_start": -1, "device_end": -1}}, "coalesced_transpose3": {"write": {"device_start": -1, "host_queued_start": 1585586476.751517, "device_queued": -1, "device_end": -1, "host_queued_end": 1585586476.758138}, "device": "cpu", "nd_range": {"device_start": 2254250.974472743, "device_end": 2254250.974716498}, "cmdq": 0, "read": {"device_start": -1, "device_end": -1}}, "FFC_sans_bias34": {"write": {"device_start": 1585586411.3312204, "host_queued_start": 1585586476.735338, "device_queued": 1585586411.3263958, "device_end": 1585586411.3312511, "host_queued_end": 1585586476.737612}, "device": "gpu", "nd_range": {"device_start": 1585586411.332131, "device_end": 1585586411.333116}, "cmdq": 0, "read": {"device_start": 1585586411.3331265, "device_end": 1585586411.3331578}}, "FFC_sans_bias15": {"write": {"device_start": -1, "host_queued_start": 1585586476.754726, "device_queued": -1, "device_end": -1, "host_queued_end": 1585586476.758138}, "device": "cpu", "nd_range": {"device_start": 2254251.0140894833, "device_end": 2254251.024122998}, "cmdq": 0, "read": {"device_start": -1, "device_end": -1}}, "FFC_sans_bias31": {"write": {"device_start": -1, "host_queued_start": 1585586476.731986, "device_queued": -1, "device_end": -1, "host_queued_end": 1585586476.737612}, "device": "gpu", "nd_range": {"device_start": 1585586411.3292994, "device_end": 1585586411.3299117}, "cmdq": 3, "read": {"device_start": -1, "device_end": -1}}, "FFC_sans_bias16": {"write": {"device_start": -1, "host_queued_start": 1585586476.757106, "device_queued": -1, "device_end": -1, "host_queued_end": 1585586476.758138}, "device": "cpu", "nd_range": {"device_start": 2254251.028884379, "device_end": 2254251.0374391503}, "cmdq": 1, "read": {"device_start": -1, "device_end": -1}}, "FFC_sans_bias19": {"write": {"device_start": -1, "host_queued_start": 1585586476.750112, "device_queued": -1, "device_end": -1, "host_queued_end": 1585586476.758138}, "device": "cpu", "nd_range": {"device_start": 2254250.968626942, "device_end": 2254250.974359644}, "cmdq": 0, "read": {"device_start": -1, "device_end": -1}}, "FFC_sans_bias18": {"write": {"device_start": -1, "host_queued_start": 1585586476.74907, "device_queued": -1, "device_end": -1, "host_queued_end": 1585586476.758138}, "device": "cpu", "nd_range": {"device_start": 2254250.978505933, "device_end": 2254250.986190705}, "cmdq": 1, "read": {"device_start": -1, "device_end": -1}}, "coalesced_transpose30": {"write": {"device_start": -1, "host_queued_start": 1585586476.731066, "device_queued": -1, "device_end": -1, "host_queued_end": 1585586476.737612}, "device": "gpu", "nd_range": {"device_start": 1585586411.3278801, "device_end": 1585586411.3291745}, "cmdq": 0, "read": {"device_start": -1, "device_end": -1}}, "FFC_sans_bias38": {"write": {"device_start": 1585586411.3260548, "host_queued_start": 1585586476.727553, "device_queued": 1585586411.3252993, "device_end": 1585586411.326086, "host_queued_end": 1585586476.737612}, "device": "gpu", "nd_range": {"device_start": 1585586411.3260908, "device_end": 1585586411.3278787}, "cmdq": 0, "read": {"device_start": -1, "device_end": -1}}, "empty26": {"write": {"device_start": -1, "host_queued_start": 1585586476.741437, "device_queued": -1, "device_end": -1, "host_queued_end": 1585586476.758138}, "device": "cpu", "nd_range": {"device_start": 2254250.9477589442, "device_end": 2254250.947759968}, "cmdq": 0, "read": {"device_start": -1, "device_end": -1}}, "coalesced_transpose12": {"write": {"device_start": -1, "host_queued_start": 1585586476.751846, "device_queued": -1, "device_end": -1, "host_queued_end": 1585586476.758138}, "device": "cpu", "nd_range": {"device_start": 2254250.993876256, "device_end": 2254250.9939915882}, "cmdq": 1, "read": {"device_start": -1, "device_end": -1}}, "empty44": {"write": {"device_start": 1585586411.324638, "host_queued_start": 1585586476.720394, "device_queued": 1585586411.3244913, "device_end": 1585586411.3247073, "host_queued_end": 1585586476.737612}, "device": "gpu", "nd_range": {"device_start": 1585586411.3247135, "device_end": 1585586411.3247187}, "cmdq": 1, "read": {"device_start": -1, "device_end": -1}}, "coalesced_transpose21": {"write": {"device_start": -1, "host_queued_start": 1585586476.752173, "device_queued": -1, "device_end": -1, "host_queued_end": 1585586476.758138}, "device": "cpu", "nd_range": {"device_start": 2254250.974827155, "device_end": 2254250.975061426}, "cmdq": 0, "read": {"device_start": -1, "device_end": -1}}, "FFC_sans_bias36": {"write": {"device_start": 1585586411.3251626, "host_queued_start": 1585586476.725447, "device_queued": 1585586411.3250413, "device_end": 1585586411.325194, "host_queued_end": 1585586476.737612}, "device": "gpu", "nd_range": {"device_start": 1585586411.325197, "device_end": 1585586411.3268774}, "cmdq": 2, "read": {"device_start": -1, "device_end": -1}}, "softmax14": {"write": {"device_start": -1, "host_queued_start": 1585586476.753763, "device_queued": -1, "device_end": -1, "host_queued_end": 1585586476.758138}, "device": "cpu", "nd_range": {"device_start": 2254251.0138206943, "device_end": 2254251.0139798033}, "cmdq": 1, "read": {"device_start": -1, "device_end": -1}}, "FFC_sans_bias13": {"write": {"device_start": -1, "host_queued_start": 1585586476.752866, "device_queued": -1, "device_end": -1, "host_queued_end": 1585586476.758138}, "device": "cpu", "nd_range": {"device_start": 2254250.994253396, "device_end": 2254251.0024184952}, "cmdq": 0, "read": {"device_start": -1, "device_end": -1}}, "empty8": {"write": {"device_start": -1, "host_queued_start": 1585586476.739126, "device_queued": -1, "device_end": -1, "host_queued_end": 1585586476.758138}, "device": "cpu", "nd_range": {"device_start": 2254250.94772667, "device_end": 2254250.9477374833}, "cmdq": 0, "read": {"device_start": -1, "device_end": -1}}, "FFC_sans_bias42": {"write": {"device_start": -1, "host_queued_start": 1585586476.733989, "device_queued": -1, "device_end": -1, "host_queued_end": 1585586476.737612}, "device": "gpu", "nd_range": {"device_start": 1585586411.3311145, "device_end": 1585586411.33267}, "cmdq": 2, "read": {"device_start": -1, "device_end": -1}}, "FFC_sans_bias43": {"write": {"device_start": 1585586411.3322484, "host_queued_start": 1585586476.736375, "device_queued": 1585586411.3264506, "device_end": 1585586411.3322797, "host_queued_end": 1585586476.737612}, "device": "gpu", "nd_range": {"device_start": 1585586411.3326843, "device_end": 1585586411.3336365}, "cmdq": 1, "read": {"device_start": 1585586411.3336415, "device_end": 1585586411.3336647}}, "FFC_sans_bias40": {"write": {"device_start": -1, "host_queued_start": 1585586476.732302, "device_queued": -1, "device_end": -1, "host_queued_end": 1585586476.737612}, "device": "gpu", "nd_range": {"device_start": 1585586411.3293087, "device_end": 1585586411.3303072}, "cmdq": 0, "read": {"device_start": -1, "device_end": -1}}, "softmax32": {"write": {"device_start": -1, "host_queued_start": 1585586476.732869, "device_queued": -1, "device_end": -1, "host_queued_end": 1585586476.737612}, "device": "gpu", "nd_range": {"device_start": 1585586411.3299193, "device_end": 1585586411.3310885}, "cmdq": 2, "read": {"device_start": -1, "device_end": -1}}, "FFC_sans_bias47": {"write": {"device_start": 1585586411.3275182, "host_queued_start": 1585586476.730741, "device_queued": 1585586411.3255162, "device_end": 1585586411.3275506, "host_queued_end": 1585586476.737612}, "device": "gpu", "nd_range": {"device_start": 1585586411.3275647, "device_end": 1585586411.3292913}, "cmdq": 3, "read": {"device_start": -1, "device_end": -1}}, "FFC_sans_bias45": {"write": {"device_start": 1585586411.3265667, "host_queued_start": 1585586476.728599, "device_queued": 1585586411.3253415, "device_end": 1585586411.326598, "host_queued_end": 1585586476.737612}, "device": "gpu", "nd_range": {"device_start": 1585586411.3266041, "device_end": 1585586411.3283384}, "cmdq": 1, "read": {"device_start": -1, "device_end": -1}}, "softmax50": {"write": {"device_start": -1, "host_queued_start": 1585586476.733358, "device_queued": -1, "device_end": -1, "host_queued_end": 1585586476.737612}, "device": "gpu", "nd_range": {"device_start": 1585586411.3308804, "device_end": 1585586411.3310852}, "cmdq": 0, "read": {"device_start": -1, "device_end": -1}}, "FFC_sans_bias33": {"write": {"device_start": -1, "host_queued_start": 1585586476.733673, "device_queued": -1, "device_end": -1, "host_queued_end": 1585586476.737612}, "device": "gpu", "nd_range": {"device_start": 1585586411.3311098, "device_end": 1585586411.3321164}, "cmdq": 1, "read": {"device_start": -1, "device_end": -1}}, "FFC_sans_bias49": {"write": {"device_start": -1, "host_queued_start": 1585586476.732612, "device_queued": -1, "device_end": -1, "host_queued_end": 1585586476.737612}, "device": "gpu", "nd_range": {"device_start": 1585586411.3293166, "device_end": 1585586411.3308685}, "cmdq": 1, "read": {"device_start": -1, "device_end": -1}}, "FFC_sans_bias24": {"write": {"device_start": -1, "host_queued_start": 1585586476.755073, "device_queued": -1, "device_end": -1, "host_queued_end": 1585586476.758138}, "device": "cpu", "nd_range": {"device_start": 2254251.020808806, "device_end": 2254251.028874982}, "cmdq": 1, "read": {"device_start": -1, "device_end": -1}}, "FFC_sans_bias25": {"write": {"device_start": -1, "host_queued_start": 1585586476.758094, "device_queued": -1, "device_end": -1, "host_queued_end": 1585586476.758138}, "device": "cpu", "nd_range": {"device_start": 2254251.0315161194, "device_end": 2254251.040474935}, "cmdq": 0, "read": {"device_start": -1, "device_end": -1}}, "FFC_sans_bias27": {"write": {"device_start": 1585586411.3248262, "host_queued_start": 1585586476.722243, "device_queued": 1585586411.3245366, "device_end": 1585586411.324857, "host_queued_end": 1585586476.737612}, "device": "gpu", "nd_range": {"device_start": 1585586411.3248658, "device_end": 1585586411.3254697}, "cmdq": 3, "read": {"device_start": -1, "device_end": -1}}, "FFC_sans_bias20": {"write": {"device_start": -1, "host_queued_start": 1585586476.751189, "device_queued": -1, "device_end": -1, "host_queued_end": 1585586476.758138}, "device": "cpu", "nd_range": {"device_start": 2254250.9861972053, "device_end": 2254250.993871365}, "cmdq": 1, "read": {"device_start": -1, "device_end": -1}}, "FFC_sans_bias22": {"write": {"device_start": -1, "host_queued_start": 1585586476.75321, "device_queued": -1, "device_end": -1, "host_queued_end": 1585586476.758138}, "device": "cpu", "nd_range": {"device_start": 2254251.0097230324, "device_end": 2254251.013799995}, "cmdq": 1, "read": {"device_start": -1, "device_end": -1}}, "softmax5": {"write": {"device_start": -1, "host_queued_start": 1585586476.75349, "device_queued": -1, "device_end": -1, "host_queued_end": 1585586476.758138}, "device": "cpu", "nd_range": {"device_start": 2254251.009708406, "device_end": 2254251.0098570543}, "cmdq": 0, "read": {"device_start": -1, "device_end": -1}}, "FFC_sans_bias28": {"write": {"device_start": 1585586411.324954, "host_queued_start": 1585586476.723376, "device_queued": 1585586411.324862, "device_end": 1585586411.3250206, "host_queued_end": 1585586476.737612}, "device": "gpu", "nd_range": {"device_start": 1585586411.3250248, "device_end": 1585586411.3258727}, "cmdq": 0, "read": {"device_start": -1, "device_end": -1}}, "FFC_sans_bias29": {"write": {"device_start": 1585586411.3250518, "host_queued_start": 1585586476.724419, "device_queued": 1585586411.3249114, "device_end": 1585586411.3251276, "host_queued_end": 1585586476.737612}, "device": "gpu", "nd_range": {"device_start": 1585586411.3251345, "device_end": 1585586411.32643}, "cmdq": 1, "read": {"device_start": -1, "device_end": -1}}, "empty17": {"write": {"device_start": -1, "host_queued_start": 1585586476.740385, "device_queued": -1, "device_end": -1, "host_queued_end": 1585586476.758138}, "device": "cpu", "nd_range": {"device_start": 2254250.947723659, "device_end": 2254250.947737474}, "cmdq": 1, "read": {"device_start": -1, "device_end": -1}}, "empty35": {"write": {"device_start": 1585586411.3245184, "host_queued_start": 1585586476.719346, "device_queued": 1585586411.3243868, "device_end": 1585586411.3245695, "host_queued_end": 1585586476.737612}, "device": "gpu", "nd_range": {"device_start": 1585586411.3245754, "device_end": 1585586411.3245869}, "cmdq": 0, "read": {"device_start": -1, "device_end": -1}}, "empty53": {"write": {"device_start": 1585586411.324732, "host_queued_start": 1585586476.721239, "device_queued": 1585586411.324512, "device_end": 1585586411.3248022, "host_queued_end": 1585586476.737612}, "device": "gpu", "nd_range": {"device_start": 1585586411.3248131, "device_end": 1585586411.3248174}, "cmdq": 2, "read": {"device_start": -1, "device_end": -1}}, "FFC_sans_bias46": {"write": {"device_start": 1585586411.3270013, "host_queued_start": 1585586476.729657, "device_queued": 1585586411.3254764, "device_end": 1585586411.327033, "host_queued_end": 1585586476.737612}, "device": "gpu", "nd_range": {"device_start": 1585586411.3270357, "device_end": 1585586411.3288612}, "cmdq": 2, "read": {"device_start": -1, "device_end": -1}}, "coalesced_transpose48": {"write": {"device_start": -1, "host_queued_start": 1585586476.731669, "device_queued": -1, "device_end": -1, "host_queued_end": 1585586476.737612}, "device": "gpu", "nd_range": {"device_start": 1585586411.328863, "device_end": 1585586411.329204}, "cmdq": 2, "read": {"device_start": -1, "device_end": -1}}}