{"FFC_sans_bias4": {"write": {"device_start": -1, "host_queued_start": 1585586523.36627, "device_queued": -1, "device_end": -1, "host_queued_end": 1585586523.378029}, "device": "cpu", "nd_range": {"device_start": 2254297.666694613, "device_end": 2254297.679981146}, "cmdq": 2, "read": {"device_start": -1, "device_end": -1}}, "FFC_sans_bias7": {"write": {"device_start": -1, "host_queued_start": 1585586523.372922, "device_queued": -1, "device_end": -1, "host_queued_end": 1585586523.378029}, "device": "cpu", "nd_range": {"device_start": 2254297.719502199, "device_end": 2254297.7307374133}, "cmdq": 0, "read": {"device_start": -1, "device_end": -1}}, "FFC_sans_bias6": {"write": {"device_start": -1, "host_queued_start": 1585586523.370082, "device_queued": -1, "device_end": -1, "host_queued_end": 1585586523.378029}, "device": "cpu", "nd_range": {"device_start": 2254297.696136828, "device_end": 2254297.71605844}, "cmdq": 2, "read": {"device_start": -1, "device_end": -1}}, "FFC_sans_bias1": {"write": {"device_start": -1, "host_queued_start": 1585586523.346532, "device_queued": -1, "device_end": -1, "host_queued_end": 1585586523.378029}, "device": "cpu", "nd_range": {"device_start": 2254297.5677363323, "device_end": 2254297.583069832}, "cmdq": 3, "read": {"device_start": -1, "device_end": -1}}, "FFC_sans_bias0": {"write": {"device_start": -1, "host_queued_start": 1585586523.345475, "device_queued": -1, "device_end": -1, "host_queued_end": 1585586523.378029}, "device": "cpu", "nd_range": {"device_start": 2254297.5833079843, "device_end": 2254297.598626283}, "cmdq": 2, "read": {"device_start": -1, "device_end": -1}}, "FFC_sans_bias2": {"write": {"device_start": -1, "host_queued_start": 1585586523.347643, "device_queued": -1, "device_end": -1, "host_queued_end": 1585586523.378029}, "device": "cpu", "nd_range": {"device_start": 2254297.567696146, "device_end": 2254297.582945264}, "cmdq": 0, "read": {"device_start": -1, "device_end": -1}}, "FFC_sans_bias52": {"write": {"device_start": -1, "host_queued_start": 1585586523.377981, "device_queued": -1, "device_end": -1, "host_queued_end": 1585586523.378029}, "device": "cpu", "nd_range": {"device_start": 2254297.7170661073, "device_end": 2254297.730612648}, "cmdq": 1, "read": {"device_start": -1, "device_end": -1}}, "FFC_sans_bias9": {"write": {"device_start": -1, "host_queued_start": 1585586523.348698, "device_queued": -1, "device_end": -1, "host_queued_end": 1585586523.378029}, "device": "cpu", "nd_range": {"device_start": 2254297.5676960032, "device_end": 2254297.5833470663}, "cmdq": 1, "read": {"device_start": -1, "device_end": -1}}, "coalesced_transpose39": {"write": {"device_start": -1, "host_queued_start": 1585586523.365569, "device_queued": -1, "device_end": -1, "host_queued_end": 1585586523.378029}, "device": "cpu", "nd_range": {"device_start": 2254297.666661953, "device_end": 2254297.666915617}, "cmdq": 0, "read": {"device_start": -1, "device_end": -1}}, "FFC_sans_bias51": {"write": {"device_start": -1, "host_queued_start": 1585586523.371856, "device_queued": -1, "device_end": -1, "host_queued_end": 1585586523.378029}, "device": "cpu", "nd_range": {"device_start": 2254297.6948354742, "device_end": 2254297.711589613}, "cmdq": 3, "read": {"device_start": -1, "device_end": -1}}, "softmax23": {"write": {"device_start": -1, "host_queued_start": 1585586523.368891, "device_queued": -1, "device_end": -1, "host_queued_end": 1585586523.378029}, "device": "cpu", "nd_range": {"device_start": 2254297.695904632, "device_end": 2254297.6961303484}, "cmdq": 2, "read": {"device_start": -1, "device_end": -1}}, "FFC_sans_bias37": {"write": {"device_start": -1, "host_queued_start": 1585586523.359427, "device_queued": -1, "device_end": -1, "host_queued_end": 1585586523.378029}, "device": "cpu", "nd_range": {"device_start": 2254297.613553765, "device_end": 2254297.628809402}, "cmdq": 3, "read": {"device_start": -1, "device_end": -1}}, "softmax41": {"write": {"device_start": -1, "host_queued_start": 1585586523.36945, "device_queued": -1, "device_end": -1, "host_queued_end": 1585586523.378029}, "device": "cpu", "nd_range": {"device_start": 2254297.69938345, "device_end": 2254297.699594233}, "cmdq": 0, "read": {"device_start": -1, "device_end": -1}}, "FFC_sans_bias11": {"write": {"device_start": -1, "host_queued_start": 1585586523.350849, "device_queued": -1, "device_end": -1, "host_queued_end": 1585586523.378029}, "device": "cpu", "nd_range": {"device_start": 2254297.5830773413, "device_end": 2254297.5983192353}, "cmdq": 3, "read": {"device_start": -1, "device_end": -1}}, "FFC_sans_bias10": {"write": {"device_start": -1, "host_queued_start": 1585586523.349759, "device_queued": -1, "device_end": -1, "host_queued_end": 1585586523.378029}, "device": "cpu", "nd_range": {"device_start": 2254297.598749107, "device_end": 2254297.613994883}, "cmdq": 2, "read": {"device_start": -1, "device_end": -1}}, "coalesced_transpose3": {"write": {"device_start": -1, "host_queued_start": 1585586523.364174, "device_queued": -1, "device_end": -1, "host_queued_end": 1585586523.378029}, "device": "cpu", "nd_range": {"device_start": 2254297.665490143, "device_end": 2254297.666540625}, "cmdq": 0, "read": {"device_start": -1, "device_end": -1}}, "FFC_sans_bias34": {"write": {"device_start": -1, "host_queued_start": 1585586523.375934, "device_queued": -1, "device_end": -1, "host_queued_end": 1585586523.378029}, "device": "cpu", "nd_range": {"device_start": 2254297.7117052954, "device_end": 2254297.723307225}, "cmdq": 3, "read": {"device_start": -1, "device_end": -1}}, "FFC_sans_bias15": {"write": {"device_start": -1, "host_queued_start": 1585586523.370432, "device_queued": -1, "device_end": -1, "host_queued_end": 1585586523.378029}, "device": "cpu", "nd_range": {"device_start": 2254297.684941546, "device_end": 2254297.694706805}, "cmdq": 3, "read": {"device_start": -1, "device_end": -1}}, "FFC_sans_bias31": {"write": {"device_start": -1, "host_queued_start": 1585586523.367332, "device_queued": -1, "device_end": -1, "host_queued_end": 1585586523.378029}, "device": "cpu", "nd_range": {"device_start": 2254297.664446849, "device_end": 2254297.673070942}, "cmdq": 1, "read": {"device_start": -1, "device_end": -1}}, "FFC_sans_bias16": {"write": {"device_start": -1, "host_queued_start": 1585586523.373923, "device_queued": -1, "device_end": -1, "host_queued_end": 1585586523.378029}, "device": "cpu", "nd_range": {"device_start": 2254297.703236722, "device_end": 2254297.717062685}, "cmdq": 1, "read": {"device_start": -1, "device_end": -1}}, "FFC_sans_bias19": {"write": {"device_start": -1, "host_queued_start": 1585586523.352961, "device_queued": -1, "device_end": -1, "host_queued_end": 1585586523.378029}, "device": "cpu", "nd_range": {"device_start": 2254297.583459604, "device_end": 2254297.599842228}, "cmdq": 1, "read": {"device_start": -1, "device_end": -1}}, "FFC_sans_bias18": {"write": {"device_start": -1, "host_queued_start": 1585586523.351904, "device_queued": -1, "device_end": -1, "host_queued_end": 1585586523.378029}, "device": "cpu", "nd_range": {"device_start": 2254297.633031762, "device_end": 2254297.647388679}, "cmdq": 0, "read": {"device_start": -1, "device_end": -1}}, "coalesced_transpose30": {"write": {"device_start": -1, "host_queued_start": 1585586523.365225, "device_queued": -1, "device_end": -1, "host_queued_end": 1585586523.378029}, "device": "cpu", "nd_range": {"device_start": 2254297.6568509173, "device_end": 2254297.657088056}, "cmdq": 3, "read": {"device_start": -1, "device_end": -1}}, "FFC_sans_bias38": {"write": {"device_start": -1, "host_queued_start": 1585586523.360497, "device_queued": -1, "device_end": -1, "host_queued_end": 1585586523.378029}, "device": "cpu", "nd_range": {"device_start": 2254297.6568314703, "device_end": 2254297.665370182}, "cmdq": 0, "read": {"device_start": -1, "device_end": -1}}, "empty26": {"write": {"device_start": -1, "host_queued_start": 1585586523.341962, "device_queued": -1, "device_end": -1, "host_queued_end": 1585586523.378029}, "device": "cpu", "nd_range": {"device_start": 2254297.583083327, "device_end": 2254297.583086105}, "cmdq": 2, "read": {"device_start": -1, "device_end": -1}}, "coalesced_transpose12": {"write": {"device_start": -1, "host_queued_start": 1585586523.36453, "device_queued": -1, "device_end": -1, "host_queued_end": 1585586523.378029}, "device": "cpu", "nd_range": {"device_start": 2254297.6326686284, "device_end": 2254297.632915595}, "cmdq": 1, "read": {"device_start": -1, "device_end": -1}}, "empty44": {"write": {"device_start": -1, "host_queued_start": 1585586523.343678, "device_queued": -1, "device_end": -1, "host_queued_end": 1585586523.378029}, "device": "cpu", "nd_range": {"device_start": 2254297.5676894253, "device_end": 2254297.5676903552}, "cmdq": 0, "read": {"device_start": -1, "device_end": -1}}, "coalesced_transpose21": {"write": {"device_start": -1, "host_queued_start": 1585586523.36487, "device_queued": -1, "device_end": -1, "host_queued_end": 1585586523.378029}, "device": "cpu", "nd_range": {"device_start": 2254297.6533616413, "device_end": 2254297.653609766}, "cmdq": 2, "read": {"device_start": -1, "device_end": -1}}, "FFC_sans_bias36": {"write": {"device_start": -1, "host_queued_start": 1585586523.358343, "device_queued": -1, "device_end": -1, "host_queued_end": 1585586523.378029}, "device": "cpu", "nd_range": {"device_start": 2254297.6294475463, "device_end": 2254297.64496586}, "cmdq": 2, "read": {"device_start": -1, "device_end": -1}}, "softmax14": {"write": {"device_start": -1, "host_queued_start": 1585586523.368612, "device_queued": -1, "device_end": -1, "host_queued_end": 1585586523.378029}, "device": "cpu", "nd_range": {"device_start": 2254297.6781826383, "device_end": 2254297.6784025133}, "cmdq": 1, "read": {"device_start": -1, "device_end": -1}}, "FFC_sans_bias13": {"write": {"device_start": -1, "host_queued_start": 1585586523.366628, "device_queued": -1, "device_end": -1, "host_queued_end": 1585586523.378029}, "device": "cpu", "nd_range": {"device_start": 2254297.657239295, "device_end": 2254297.676606338}, "cmdq": 3, "read": {"device_start": -1, "device_end": -1}}, "empty8": {"write": {"device_start": -1, "host_queued_start": 1585586523.339999, "device_queued": -1, "device_end": -1, "host_queued_end": 1585586523.378029}, "device": "cpu", "nd_range": {"device_start": 2254297.567655206, "device_end": 2254297.567667644}, "cmdq": 0, "read": {"device_start": -1, "device_end": -1}}, "FFC_sans_bias42": {"write": {"device_start": -1, "host_queued_start": 1585586523.371497, "device_queued": -1, "device_end": -1, "host_queued_end": 1585586523.378029}, "device": "cpu", "nd_range": {"device_start": 2254297.716068712, "device_end": 2254297.736038683}, "cmdq": 2, "read": {"device_start": -1, "device_end": -1}}, "FFC_sans_bias43": {"write": {"device_start": -1, "host_queued_start": 1585586523.376959, "device_queued": -1, "device_end": -1, "host_queued_end": 1585586523.378029}, "device": "cpu", "nd_range": {"device_start": 2254297.7360646264, "device_end": 2254297.746596483}, "cmdq": 0, "read": {"device_start": -1, "device_end": -1}}, "FFC_sans_bias40": {"write": {"device_start": -1, "host_queued_start": 1585586523.367688, "device_queued": -1, "device_end": -1, "host_queued_end": 1585586523.378029}, "device": "cpu", "nd_range": {"device_start": 2254297.6816579853, "device_end": 2254297.695894441}, "cmdq": 2, "read": {"device_start": -1, "device_end": -1}}, "softmax32": {"write": {"device_start": -1, "host_queued_start": 1585586523.369171, "device_queued": -1, "device_end": -1, "host_queued_end": 1585586523.378029}, "device": "cpu", "nd_range": {"device_start": 2254297.684616474, "device_end": 2254297.684827077}, "cmdq": 3, "read": {"device_start": -1, "device_end": -1}}, "FFC_sans_bias47": {"write": {"device_start": -1, "host_queued_start": 1585586523.363715, "device_queued": -1, "device_end": -1, "host_queued_end": 1585586523.378029}, "device": "cpu", "nd_range": {"device_start": 2254297.628953834, "device_end": 2254297.644230666}, "cmdq": 3, "read": {"device_start": -1, "device_end": -1}}, "FFC_sans_bias45": {"write": {"device_start": -1, "host_queued_start": 1585586523.361561, "device_queued": -1, "device_end": -1, "host_queued_end": 1585586523.378029}, "device": "cpu", "nd_range": {"device_start": 2254297.6161359022, "device_end": 2254297.632552362}, "cmdq": 1, "read": {"device_start": -1, "device_end": -1}}, "softmax50": {"write": {"device_start": -1, "host_queued_start": 1585586523.369733, "device_queued": -1, "device_end": -1, "host_queued_end": 1585586523.378029}, "device": "cpu", "nd_range": {"device_start": 2254297.6876613703, "device_end": 2254297.6878677593}, "cmdq": 1, "read": {"device_start": -1, "device_end": -1}}, "FFC_sans_bias33": {"write": {"device_start": -1, "host_queued_start": 1585586523.371144, "device_queued": -1, "device_end": -1, "host_queued_end": 1585586523.378029}, "device": "cpu", "nd_range": {"device_start": 2254297.68798761, "device_end": 2254297.7032275894}, "cmdq": 1, "read": {"device_start": -1, "device_end": -1}}, "FFC_sans_bias49": {"write": {"device_start": -1, "host_queued_start": 1585586523.368043, "device_queued": -1, "device_end": -1, "host_queued_end": 1585586523.378029}, "device": "cpu", "nd_range": {"device_start": 2254297.6767359683, "device_end": 2254297.684500717}, "cmdq": 3, "read": {"device_start": -1, "device_end": -1}}, "FFC_sans_bias24": {"write": {"device_start": -1, "host_queued_start": 1585586523.37079, "device_queued": -1, "device_end": -1, "host_queued_end": 1585586523.378029}, "device": "cpu", "nd_range": {"device_start": 2254297.699603313, "device_end": 2254297.7104557822}, "cmdq": 0, "read": {"device_start": -1, "device_end": -1}}, "FFC_sans_bias25": {"write": {"device_start": -1, "host_queued_start": 1585586523.374934, "device_queued": -1, "device_end": -1, "host_queued_end": 1585586523.378029}, "device": "cpu", "nd_range": {"device_start": 2254297.741086379, "device_end": 2254297.746711538}, "cmdq": 2, "read": {"device_start": -1, "device_end": -1}}, "FFC_sans_bias27": {"write": {"device_start": -1, "host_queued_start": 1585586523.355123, "device_queued": -1, "device_end": -1, "host_queued_end": 1585586523.378029}, "device": "cpu", "nd_range": {"device_start": 2254297.5983262723, "device_end": 2254297.6135474173}, "cmdq": 3, "read": {"device_start": -1, "device_end": -1}}, "FFC_sans_bias20": {"write": {"device_start": -1, "host_queued_start": 1585586523.354028, "device_queued": -1, "device_end": -1, "host_queued_end": 1585586523.378029}, "device": "cpu", "nd_range": {"device_start": 2254297.6141122403, "device_end": 2254297.629437194}, "cmdq": 2, "read": {"device_start": -1, "device_end": -1}}, "FFC_sans_bias22": {"write": {"device_start": -1, "host_queued_start": 1585586523.366982, "device_queued": -1, "device_end": -1, "host_queued_end": 1585586523.378029}, "device": "cpu", "nd_range": {"device_start": 2254297.667030891, "device_end": 2254297.679390593}, "cmdq": 0, "read": {"device_start": -1, "device_end": -1}}, "softmax5": {"write": {"device_start": -1, "host_queued_start": 1585586523.368329, "device_queued": -1, "device_end": -1, "host_queued_end": 1585586523.378029}, "device": "cpu", "nd_range": {"device_start": 2254297.681444014, "device_end": 2254297.6816509874}, "cmdq": 0, "read": {"device_start": -1, "device_end": -1}}, "FFC_sans_bias28": {"write": {"device_start": -1, "host_queued_start": 1585586523.356198, "device_queued": -1, "device_end": -1, "host_queued_end": 1585586523.378029}, "device": "cpu", "nd_range": {"device_start": 2254297.6475159433, "device_end": 2254297.656681633}, "cmdq": 0, "read": {"device_start": -1, "device_end": -1}}, "FFC_sans_bias29": {"write": {"device_start": -1, "host_queued_start": 1585586523.357278, "device_queued": -1, "device_end": -1, "host_queued_end": 1585586523.378029}, "device": "cpu", "nd_range": {"device_start": 2254297.599960482, "device_end": 2254297.6160246492}, "cmdq": 1, "read": {"device_start": -1, "device_end": -1}}, "empty17": {"write": {"device_start": -1, "host_queued_start": 1585586523.341026, "device_queued": -1, "device_end": -1, "host_queued_end": 1585586523.378029}, "device": "cpu", "nd_range": {"device_start": 2254297.567655915, "device_end": 2254297.567667638}, "cmdq": 1, "read": {"device_start": -1, "device_end": -1}}, "empty35": {"write": {"device_start": -1, "host_queued_start": 1585586523.342835, "device_queued": -1, "device_end": -1, "host_queued_end": 1585586523.378029}, "device": "cpu", "nd_range": {"device_start": 2254297.567715202, "device_end": 2254297.567720003}, "cmdq": 3, "read": {"device_start": -1, "device_end": -1}}, "empty53": {"write": {"device_start": -1, "host_queued_start": 1585586523.344484, "device_queued": -1, "device_end": -1, "host_queued_end": 1585586523.378029}, "device": "cpu", "nd_range": {"device_start": 2254297.5676895403, "device_end": 2254297.5676904293}, "cmdq": 1, "read": {"device_start": -1, "device_end": -1}}, "FFC_sans_bias46": {"write": {"device_start": -1, "host_queued_start": 1585586523.362656, "device_queued": -1, "device_end": -1, "host_queued_end": 1585586523.378029}, "device": "cpu", "nd_range": {"device_start": 2254297.6450853543, "device_end": 2254297.653239048}, "cmdq": 2, "read": {"device_start": -1, "device_end": -1}}, "coalesced_transpose48": {"write": {"device_start": -1, "host_queued_start": 1585586523.365917, "device_queued": -1, "device_end": -1, "host_queued_end": 1585586523.378029}, "device": "cpu", "nd_range": {"device_start": 2254297.653724071, "device_end": 2254297.653956654}, "cmdq": 1, "read": {"device_start": -1, "device_end": -1}}}