{"FFC_sans_bias4": {"write": {"device_start": -1, "host_queued_start": 1585586580.833179, "device_queued": -1, "device_end": -1, "host_queued_end": 1585586580.844694}, "device": "cpu", "nd_range": {"device_start": 2254355.1149131693, "device_end": 2254355.124084994}, "cmdq": 0, "read": {"device_start": -1, "device_end": -1}}, "FFC_sans_bias7": {"write": {"device_start": -1, "host_queued_start": 1585586580.839675, "device_queued": -1, "device_end": -1, "host_queued_end": 1585586580.844694}, "device": "cpu", "nd_range": {"device_start": 2254355.1702732653, "device_end": 2254355.1839419003}, "cmdq": 0, "read": {"device_start": -1, "device_end": -1}}, "FFC_sans_bias6": {"write": {"device_start": -1, "host_queued_start": 1585586580.836892, "device_queued": -1, "device_end": -1, "host_queued_end": 1585586580.844694}, "device": "cpu", "nd_range": {"device_start": 2254355.1497532423, "device_end": 2254355.156667234}, "cmdq": 0, "read": {"device_start": -1, "device_end": -1}}, "FFC_sans_bias1": {"write": {"device_start": -1, "host_queued_start": 1585586580.813722, "device_queued": -1, "device_end": -1, "host_queued_end": 1585586580.844694}, "device": "cpu", "nd_range": {"device_start": 2254355.034371566, "device_end": 2254355.0424734433}, "cmdq": 1, "read": {"device_start": -1, "device_end": -1}}, "FFC_sans_bias0": {"write": {"device_start": -1, "host_queued_start": 1585586580.812669, "device_queued": -1, "device_end": -1, "host_queued_end": 1585586580.844694}, "device": "cpu", "nd_range": {"device_start": 2254355.0343713514, "device_end": 2254355.043559345}, "cmdq": 0, "read": {"device_start": -1, "device_end": -1}}, "FFC_sans_bias2": {"write": {"device_start": -1, "host_queued_start": 1585586580.814844, "device_queued": -1, "device_end": -1, "host_queued_end": 1585586580.844694}, "device": "cpu", "nd_range": {"device_start": 2254355.0445249123, "device_end": 2254355.0506811393}, "cmdq": 0, "read": {"device_start": -1, "device_end": -1}}, "FFC_sans_bias52": {"write": {"device_start": -1, "host_queued_start": 1585586580.844651, "device_queued": -1, "device_end": -1, "host_queued_end": 1585586580.844694}, "device": "cpu", "nd_range": {"device_start": 2254355.181001183, "device_end": 2254355.1879226454}, "cmdq": 1, "read": {"device_start": -1, "device_end": -1}}, "FFC_sans_bias9": {"write": {"device_start": -1, "host_queued_start": 1585586580.815891, "device_queued": -1, "device_end": -1, "host_queued_end": 1585586580.844694}, "device": "cpu", "nd_range": {"device_start": 2254355.042590546, "device_end": 2254355.0506803873}, "cmdq": 1, "read": {"device_start": -1, "device_end": -1}}, "coalesced_transpose39": {"write": {"device_start": -1, "host_queued_start": 1585586580.832504, "device_queued": -1, "device_end": -1, "host_queued_end": 1585586580.844694}, "device": "cpu", "nd_range": {"device_start": 2254355.114553823, "device_end": 2254355.114800392}, "cmdq": 0, "read": {"device_start": -1, "device_end": -1}}, "FFC_sans_bias51": {"write": {"device_start": -1, "host_queued_start": 1585586580.838627, "device_queued": -1, "device_end": -1, "host_queued_end": 1585586580.844694}, "device": "cpu", "nd_range": {"device_start": 2254355.1522912052, "device_end": 2254355.164746577}, "cmdq": 1, "read": {"device_start": -1, "device_end": -1}}, "softmax23": {"write": {"device_start": -1, "host_queued_start": 1585586580.835729, "device_queued": -1, "device_end": -1, "host_queued_end": 1585586580.844694}, "device": "cpu", "nd_range": {"device_start": 2254355.1491454653, "device_end": 2254355.149353011}, "cmdq": 0, "read": {"device_start": -1, "device_end": -1}}, "FFC_sans_bias37": {"write": {"device_start": -1, "host_queued_start": 1585586580.826456, "device_queued": -1, "device_end": -1, "host_queued_end": 1585586580.844694}, "device": "cpu", "nd_range": {"device_start": 2254355.0791619862, "device_end": 2254355.0930290143}, "cmdq": 1, "read": {"device_start": -1, "device_end": -1}}, "softmax41": {"write": {"device_start": -1, "host_queued_start": 1585586580.836283, "device_queued": -1, "device_end": -1, "host_queued_end": 1585586580.844694}, "device": "cpu", "nd_range": {"device_start": 2254355.149357942, "device_end": 2254355.149747318}, "cmdq": 0, "read": {"device_start": -1, "device_end": -1}}, "FFC_sans_bias11": {"write": {"device_start": -1, "host_queued_start": 1585586580.817989, "device_queued": -1, "device_end": -1, "host_queued_end": 1585586580.844694}, "device": "cpu", "nd_range": {"device_start": 2254355.050699186, "device_end": 2254355.0588106234}, "cmdq": 1, "read": {"device_start": -1, "device_end": -1}}, "FFC_sans_bias10": {"write": {"device_start": -1, "host_queued_start": 1585586580.816934, "device_queued": -1, "device_end": -1, "host_queued_end": 1585586580.844694}, "device": "cpu", "nd_range": {"device_start": 2254355.0509248353, "device_end": 2254355.06062607}, "cmdq": 0, "read": {"device_start": -1, "device_end": -1}}, "coalesced_transpose3": {"write": {"device_start": -1, "host_queued_start": 1585586580.831045, "device_queued": -1, "device_end": -1, "host_queued_end": 1585586580.844694}, "device": "cpu", "nd_range": {"device_start": 2254355.114004758, "device_end": 2254355.114170658}, "cmdq": 0, "read": {"device_start": -1, "device_end": -1}}, "FFC_sans_bias34": {"write": {"device_start": -1, "host_queued_start": 1585586580.842659, "device_queued": -1, "device_end": -1, "host_queued_end": 1585586580.844694}, "device": "cpu", "nd_range": {"device_start": 2254355.1733400133, "device_end": 2254355.180998308}, "cmdq": 1, "read": {"device_start": -1, "device_end": -1}}, "FFC_sans_bias15": {"write": {"device_start": -1, "host_queued_start": 1585586580.837238, "device_queued": -1, "device_end": -1, "host_queued_end": 1585586580.844694}, "device": "cpu", "nd_range": {"device_start": 2254355.1390628563, "device_end": 2254355.1460435693}, "cmdq": 1, "read": {"device_start": -1, "device_end": -1}}, "FFC_sans_bias31": {"write": {"device_start": -1, "host_queued_start": 1585586580.83421, "device_queued": -1, "device_end": -1, "host_queued_end": 1585586580.844694}, "device": "cpu", "nd_range": {"device_start": 2254355.122124086, "device_end": 2254355.1321574734}, "cmdq": 1, "read": {"device_start": -1, "device_end": -1}}, "FFC_sans_bias16": {"write": {"device_start": -1, "host_queued_start": 1585586580.840669, "device_queued": -1, "device_end": -1, "host_queued_end": 1585586580.844694}, "device": "cpu", "nd_range": {"device_start": 2254355.1647535004, "device_end": 2254355.1733363993}, "cmdq": 1, "read": {"device_start": -1, "device_end": -1}}, "FFC_sans_bias19": {"write": {"device_start": -1, "host_queued_start": 1585586580.82011, "device_queued": -1, "device_end": -1, "host_queued_end": 1585586580.844694}, "device": "cpu", "nd_range": {"device_start": 2254355.058920125, "device_end": 2254355.065572233}, "cmdq": 1, "read": {"device_start": -1, "device_end": -1}}, "FFC_sans_bias18": {"write": {"device_start": -1, "host_queued_start": 1585586580.819066, "device_queued": -1, "device_end": -1, "host_queued_end": 1585586580.844694}, "device": "cpu", "nd_range": {"device_start": 2254355.060747519, "device_end": 2254355.0748070492}, "cmdq": 0, "read": {"device_start": -1, "device_end": -1}}, "coalesced_transpose30": {"write": {"device_start": -1, "host_queued_start": 1585586580.832173, "device_queued": -1, "device_end": -1, "host_queued_end": 1585586580.844694}, "device": "cpu", "nd_range": {"device_start": 2254355.109260233, "device_end": 2254355.109410964}, "cmdq": 1, "read": {"device_start": -1, "device_end": -1}}, "FFC_sans_bias38": {"write": {"device_start": -1, "host_queued_start": 1585586580.827526, "device_queued": -1, "device_end": -1, "host_queued_end": 1585586580.844694}, "device": "cpu", "nd_range": {"device_start": 2254355.09743771, "device_end": 2254355.109233459}, "cmdq": 0, "read": {"device_start": -1, "device_end": -1}}, "empty26": {"write": {"device_start": -1, "host_queued_start": 1585586580.80921, "device_queued": -1, "device_end": -1, "host_queued_end": 1585586580.844694}, "device": "cpu", "nd_range": {"device_start": 2254355.034358859, "device_end": 2254355.034359637}, "cmdq": 0, "read": {"device_start": -1, "device_end": -1}}, "coalesced_transpose12": {"write": {"device_start": -1, "host_queued_start": 1585586580.831504, "device_queued": -1, "device_end": -1, "host_queued_end": 1585586580.844694}, "device": "cpu", "nd_range": {"device_start": 2254355.109097369, "device_end": 2254355.1092486233}, "cmdq": 1, "read": {"device_start": -1, "device_end": -1}}, "empty44": {"write": {"device_start": -1, "host_queued_start": 1585586580.810893, "device_queued": -1, "device_end": -1, "host_queued_end": 1585586580.844694}, "device": "cpu", "nd_range": {"device_start": 2254355.034365142, "device_end": 2254355.0343658263}, "cmdq": 0, "read": {"device_start": -1, "device_end": -1}}, "coalesced_transpose21": {"write": {"device_start": -1, "host_queued_start": 1585586580.831842, "device_queued": -1, "device_end": -1, "host_queued_end": 1585586580.844694}, "device": "cpu", "nd_range": {"device_start": 2254355.1142314, "device_end": 2254355.114443013}, "cmdq": 0, "read": {"device_start": -1, "device_end": -1}}, "FFC_sans_bias36": {"write": {"device_start": -1, "host_queued_start": 1585586580.825387, "device_queued": -1, "device_end": -1, "host_queued_end": 1585586580.844694}, "device": "cpu", "nd_range": {"device_start": 2254355.091349995, "device_end": 2254355.097324069}, "cmdq": 0, "read": {"device_start": -1, "device_end": -1}}, "softmax14": {"write": {"device_start": -1, "host_queued_start": 1585586580.835456, "device_queued": -1, "device_end": -1, "host_queued_end": 1585586580.844694}, "device": "cpu", "nd_range": {"device_start": 2254355.138118767, "device_end": 2254355.1383368443}, "cmdq": 1, "read": {"device_start": -1, "device_end": -1}}, "FFC_sans_bias13": {"write": {"device_start": -1, "host_queued_start": 1585586580.833526, "device_queued": -1, "device_end": -1, "host_queued_end": 1585586580.844694}, "device": "cpu", "nd_range": {"device_start": 2254355.114354914, "device_end": 2254355.121999327}, "cmdq": 1, "read": {"device_start": -1, "device_end": -1}}, "empty8": {"write": {"device_start": -1, "host_queued_start": 1585586580.807278, "device_queued": -1, "device_end": -1, "host_queued_end": 1585586580.844694}, "device": "cpu", "nd_range": {"device_start": 2254355.0343235433, "device_end": 2254355.03433756}, "cmdq": 0, "read": {"device_start": -1, "device_end": -1}}, "FFC_sans_bias42": {"write": {"device_start": -1, "host_queued_start": 1585586580.838277, "device_queued": -1, "device_end": -1, "host_queued_end": 1585586580.844694}, "device": "cpu", "nd_range": {"device_start": 2254355.164299615, "device_end": 2254355.170267404}, "cmdq": 0, "read": {"device_start": -1, "device_end": -1}}, "FFC_sans_bias43": {"write": {"device_start": -1, "host_queued_start": 1585586580.843658, "device_queued": -1, "device_end": -1, "host_queued_end": 1585586580.844694}, "device": "cpu", "nd_range": {"device_start": 2254355.1964342743, "device_end": 2254355.202458851}, "cmdq": 0, "read": {"device_start": -1, "device_end": -1}}, "FFC_sans_bias40": {"write": {"device_start": -1, "host_queued_start": 1585586580.834552, "device_queued": -1, "device_end": -1, "host_queued_end": 1585586580.844694}, "device": "cpu", "nd_range": {"device_start": 2254355.133617702, "device_end": 2254355.148916556}, "cmdq": 0, "read": {"device_start": -1, "device_end": -1}}, "softmax32": {"write": {"device_start": -1, "host_queued_start": 1585586580.836007, "device_queued": -1, "device_end": -1, "host_queued_end": 1585586580.844694}, "device": "cpu", "nd_range": {"device_start": 2254355.138444505, "device_end": 2254355.138650443}, "cmdq": 1, "read": {"device_start": -1, "device_end": -1}}, "FFC_sans_bias47": {"write": {"device_start": -1, "host_queued_start": 1585586580.83071, "device_queued": -1, "device_end": -1, "host_queued_end": 1585586580.844694}, "device": "cpu", "nd_range": {"device_start": 2254355.100893254, "device_end": 2254355.1089812303}, "cmdq": 1, "read": {"device_start": -1, "device_end": -1}}, "FFC_sans_bias45": {"write": {"device_start": -1, "host_queued_start": 1585586580.828575, "device_queued": -1, "device_end": -1, "host_queued_end": 1585586580.844694}, "device": "cpu", "nd_range": {"device_start": 2254355.09314215, "device_end": 2254355.100776284}, "cmdq": 1, "read": {"device_start": -1, "device_end": -1}}, "softmax50": {"write": {"device_start": -1, "host_queued_start": 1585586580.836555, "device_queued": -1, "device_end": -1, "host_queued_end": 1585586580.844694}, "device": "cpu", "nd_range": {"device_start": 2254355.1387574472, "device_end": 2254355.138960932}, "cmdq": 1, "read": {"device_start": -1, "device_end": -1}}, "FFC_sans_bias33": {"write": {"device_start": -1, "host_queued_start": 1585586580.837927, "device_queued": -1, "device_end": -1, "host_queued_end": 1585586580.844694}, "device": "cpu", "nd_range": {"device_start": 2254355.146049831, "device_end": 2254355.152284904}, "cmdq": 1, "read": {"device_start": -1, "device_end": -1}}, "FFC_sans_bias49": {"write": {"device_start": -1, "host_queued_start": 1585586580.8349, "device_queued": -1, "device_end": -1, "host_queued_end": 1585586580.844694}, "device": "cpu", "nd_range": {"device_start": 2254355.132276651, "device_end": 2254355.138001264}, "cmdq": 1, "read": {"device_start": -1, "device_end": -1}}, "FFC_sans_bias24": {"write": {"device_start": -1, "host_queued_start": 1585586580.837583, "device_queued": -1, "device_end": -1, "host_queued_end": 1585586580.844694}, "device": "cpu", "nd_range": {"device_start": 2254355.156673239, "device_end": 2254355.164292689}, "cmdq": 0, "read": {"device_start": -1, "device_end": -1}}, "FFC_sans_bias25": {"write": {"device_start": -1, "host_queued_start": 1585586580.841656, "device_queued": -1, "device_end": -1, "host_queued_end": 1585586580.844694}, "device": "cpu", "nd_range": {"device_start": 2254355.183949429, "device_end": 2254355.196424814}, "cmdq": 0, "read": {"device_start": -1, "device_end": -1}}, "FFC_sans_bias27": {"write": {"device_start": -1, "host_queued_start": 1585586580.822212, "device_queued": -1, "device_end": -1, "host_queued_end": 1585586580.844694}, "device": "cpu", "nd_range": {"device_start": 2254355.0656856853, "device_end": 2254355.073274257}, "cmdq": 1, "read": {"device_start": -1, "device_end": -1}}, "FFC_sans_bias20": {"write": {"device_start": -1, "host_queued_start": 1585586580.821162, "device_queued": -1, "device_end": -1, "host_queued_end": 1585586580.844694}, "device": "cpu", "nd_range": {"device_start": 2254355.0749235023, "device_end": 2254355.083670737}, "cmdq": 0, "read": {"device_start": -1, "device_end": -1}}, "FFC_sans_bias22": {"write": {"device_start": -1, "host_queued_start": 1585586580.833869, "device_queued": -1, "device_end": -1, "host_queued_end": 1585586580.844694}, "device": "cpu", "nd_range": {"device_start": 2254355.124203965, "device_end": 2254355.1335038194}, "cmdq": 0, "read": {"device_start": -1, "device_end": -1}}, "softmax5": {"write": {"device_start": -1, "host_queued_start": 1585586580.835182, "device_queued": -1, "device_end": -1, "host_queued_end": 1585586580.844694}, "device": "cpu", "nd_range": {"device_start": 2254355.148926761, "device_end": 2254355.14914016}, "cmdq": 0, "read": {"device_start": -1, "device_end": -1}}, "FFC_sans_bias28": {"write": {"device_start": -1, "host_queued_start": 1585586580.823294, "device_queued": -1, "device_end": -1, "host_queued_end": 1585586580.844694}, "device": "cpu", "nd_range": {"device_start": 2254355.083788867, "device_end": 2254355.0912357043}, "cmdq": 0, "read": {"device_start": -1, "device_end": -1}}, "FFC_sans_bias29": {"write": {"device_start": -1, "host_queued_start": 1585586580.824347, "device_queued": -1, "device_end": -1, "host_queued_end": 1585586580.844694}, "device": "cpu", "nd_range": {"device_start": 2254355.0733815352, "device_end": 2254355.079055549}, "cmdq": 1, "read": {"device_start": -1, "device_end": -1}}, "empty17": {"write": {"device_start": -1, "host_queued_start": 1585586580.808298, "device_queued": -1, "device_end": -1, "host_queued_end": 1585586580.844694}, "device": "cpu", "nd_range": {"device_start": 2254355.0343302, "device_end": 2254355.0343376053}, "cmdq": 1, "read": {"device_start": -1, "device_end": -1}}, "empty35": {"write": {"device_start": -1, "host_queued_start": 1585586580.810027, "device_queued": -1, "device_end": -1, "host_queued_end": 1585586580.844694}, "device": "cpu", "nd_range": {"device_start": 2254355.0343595273, "device_end": 2254355.034360583}, "cmdq": 1, "read": {"device_start": -1, "device_end": -1}}, "empty53": {"write": {"device_start": -1, "host_queued_start": 1585586580.811695, "device_queued": -1, "device_end": -1, "host_queued_end": 1585586580.844694}, "device": "cpu", "nd_range": {"device_start": 2254355.034366094, "device_end": 2254355.034366953}, "cmdq": 1, "read": {"device_start": -1, "device_end": -1}}, "FFC_sans_bias46": {"write": {"device_start": -1, "host_queued_start": 1585586580.829639, "device_queued": -1, "device_end": -1, "host_queued_end": 1585586580.844694}, "device": "cpu", "nd_range": {"device_start": 2254355.109565412, "device_end": 2254355.113882665}, "cmdq": 0, "read": {"device_start": -1, "device_end": -1}}, "coalesced_transpose48": {"write": {"device_start": -1, "host_queued_start": 1585586580.832832, "device_queued": -1, "device_end": -1, "host_queued_end": 1585586580.844694}, "device": "cpu", "nd_range": {"device_start": 2254355.1140017263, "device_end": 2254355.114216262}, "cmdq": 1, "read": {"device_start": -1, "device_end": -1}}}