{"FFC_sans_bias4": {"write": {"device_start": -1, "host_queued_start": 1585586200.88892, "device_queued": -1, "device_end": -1, "host_queued_end": 1585586200.900404}, "device": "gpu", "nd_range": {"device_start": 1585586135.5085204, "device_end": 1585586135.5091197}, "cmdq": 0, "read": {"device_start": -1, "device_end": -1}}, "FFC_sans_bias7": {"write": {"device_start": 1585586135.5170617, "host_queued_start": 1585586200.895028, "device_queued": 1585586135.497959, "device_end": 1585586135.5170906, "host_queued_end": 1585586200.900404}, "device": "gpu", "nd_range": {"device_start": 1585586135.5170994, "device_end": 1585586135.5176964}, "cmdq": 0, "read": {"device_start": 1585586135.5176978, "device_end": 1585586135.5177212}}, "FFC_sans_bias6": {"write": {"device_start": -1, "host_queued_start": 1585586200.892404, "device_queued": -1, "device_end": -1, "host_queued_end": 1585586200.900404}, "device": "gpu", "nd_range": {"device_start": 1585586135.5133898, "device_end": 1585586135.513986}, "cmdq": 0, "read": {"device_start": -1, "device_end": -1}}, "FFC_sans_bias1": {"write": {"device_start": 1585586135.4963634, "host_queued_start": 1585586200.869813, "device_queued": 1585586135.4953516, "device_end": 1585586135.4963875, "host_queued_end": 1585586200.900404}, "device": "gpu", "nd_range": {"device_start": 1585586135.4963956, "device_end": 1585586135.4969902}, "cmdq": 0, "read": {"device_start": -1, "device_end": -1}}, "FFC_sans_bias0": {"write": {"device_start": 1585586135.4956183, "host_queued_start": 1585586200.868767, "device_queued": 1585586135.495171, "device_end": 1585586135.4956427, "host_queued_end": 1585586200.900404}, "device": "gpu", "nd_range": {"device_start": 1585586135.495646, "device_end": 1585586135.4962444}, "cmdq": 0, "read": {"device_start": -1, "device_end": -1}}, "FFC_sans_bias2": {"write": {"device_start": 1585586135.4970868, "host_queued_start": 1585586200.870885, "device_queued": 1585586135.4954305, "device_end": 1585586135.497117, "host_queued_end": 1585586200.900404}, "device": "gpu", "nd_range": {"device_start": 1585586135.4971197, "device_end": 1585586135.497718}, "cmdq": 0, "read": {"device_start": -1, "device_end": -1}}, "FFC_sans_bias52": {"write": {"device_start": 1585586135.5210361, "host_queued_start": 1585586200.900303, "device_queued": 1585586135.498627, "device_end": 1585586135.5210655, "host_queued_end": 1585586200.900404}, "device": "gpu", "nd_range": {"device_start": 1585586135.5210686, "device_end": 1585586135.5216668}, "cmdq": 0, "read": {"device_start": 1585586135.5216725, "device_end": 1585586135.5216944}}, "FFC_sans_bias9": {"write": {"device_start": 1585586135.4978108, "host_queued_start": 1585586200.871951, "device_queued": 1585586135.4955842, "device_end": 1585586135.4978423, "host_queued_end": 1585586200.900404}, "device": "gpu", "nd_range": {"device_start": 1585586135.4978483, "device_end": 1585586135.498453}, "cmdq": 0, "read": {"device_start": -1, "device_end": -1}}, "coalesced_transpose39": {"write": {"device_start": -1, "host_queued_start": 1585586200.888185, "device_queued": -1, "device_end": -1, "host_queued_end": 1585586200.900404}, "device": "gpu", "nd_range": {"device_start": 1585586135.508501, "device_end": 1585586135.5085096}, "cmdq": 0, "read": {"device_start": -1, "device_end": -1}}, "FFC_sans_bias51": {"write": {"device_start": -1, "host_queued_start": 1585586200.893999, "device_queued": -1, "device_end": -1, "host_queued_end": 1585586200.900404}, "device": "gpu", "nd_range": {"device_start": 1585586135.516386, "device_end": 1585586135.5169775}, "cmdq": 0, "read": {"device_start": -1, "device_end": -1}}, "softmax23": {"write": {"device_start": -1, "host_queued_start": 1585586200.89132, "device_queued": -1, "device_end": -1, "host_queued_end": 1585586200.900404}, "device": "gpu", "nd_range": {"device_start": 1585586135.5125484, "device_end": 1585586135.5127568}, "cmdq": 0, "read": {"device_start": -1, "device_end": -1}}, "FFC_sans_bias37": {"write": {"device_start": 1585586135.5049593, "host_queued_start": 1585586200.882391, "device_queued": 1585586135.49649, "device_end": 1585586135.50499, "host_queued_end": 1585586200.900404}, "device": "gpu", "nd_range": {"device_start": 1585586135.5050044, "device_end": 1585586135.5056026}, "cmdq": 0, "read": {"device_start": -1, "device_end": -1}}, "softmax41": {"write": {"device_start": -1, "host_queued_start": 1585586200.891834, "device_queued": -1, "device_end": -1, "host_queued_end": 1585586200.900404}, "device": "gpu", "nd_range": {"device_start": 1585586135.512969, "device_end": 1585586135.513178}, "cmdq": 0, "read": {"device_start": -1, "device_end": -1}}, "FFC_sans_bias11": {"write": {"device_start": 1585586135.4992416, "host_queued_start": 1585586200.874028, "device_queued": 1585586135.4957778, "device_end": 1585586135.4992657, "host_queued_end": 1585586200.900404}, "device": "gpu", "nd_range": {"device_start": 1585586135.4992688, "device_end": 1585586135.499869}, "cmdq": 0, "read": {"device_start": -1, "device_end": -1}}, "FFC_sans_bias10": {"write": {"device_start": 1585586135.4985368, "host_queued_start": 1585586200.872985, "device_queued": 1585586135.4956377, "device_end": 1585586135.498561, "host_queued_end": 1585586200.900404}, "device": "gpu", "nd_range": {"device_start": 1585586135.4985683, "device_end": 1585586135.4991686}, "cmdq": 0, "read": {"device_start": -1, "device_end": -1}}, "coalesced_transpose3": {"write": {"device_start": -1, "host_queued_start": 1585586200.886948, "device_queued": -1, "device_end": -1, "host_queued_end": 1585586200.900404}, "device": "gpu", "nd_range": {"device_start": 1585586135.5084636, "device_end": 1585586135.508472}, "cmdq": 0, "read": {"device_start": -1, "device_end": -1}}, "FFC_sans_bias34": {"write": {"device_start": 1585586135.5194721, "host_queued_start": 1585586200.898201, "device_queued": 1585586135.4983675, "device_end": 1585586135.5195017, "host_queued_end": 1585586200.900404}, "device": "gpu", "nd_range": {"device_start": 1585586135.5195048, "device_end": 1585586135.5201027}, "cmdq": 0, "read": {"device_start": 1585586135.520108, "device_end": 1585586135.52013}}, "FFC_sans_bias15": {"write": {"device_start": -1, "host_queued_start": 1585586200.892722, "device_queued": -1, "device_end": -1, "host_queued_end": 1585586200.900404}, "device": "gpu", "nd_range": {"device_start": 1585586135.513987, "device_end": 1585586135.5145857}, "cmdq": 0, "read": {"device_start": -1, "device_end": -1}}, "FFC_sans_bias31": {"write": {"device_start": -1, "host_queued_start": 1585586200.88988, "device_queued": -1, "device_end": -1, "host_queued_end": 1585586200.900404}, "device": "gpu", "nd_range": {"device_start": 1585586135.5103164, "device_end": 1585586135.5109136}, "cmdq": 0, "read": {"device_start": -1, "device_end": -1}}, "FFC_sans_bias16": {"write": {"device_start": 1585586135.5178633, "host_queued_start": 1585586200.896096, "device_queued": 1585586135.4981322, "device_end": 1585586135.5178921, "host_queued_end": 1585586200.900404}, "device": "gpu", "nd_range": {"device_start": 1585586135.5178993, "device_end": 1585586135.5184937}, "cmdq": 0, "read": {"device_start": 1585586135.5185, "device_end": 1585586135.5185223}}, "FFC_sans_bias19": {"write": {"device_start": 1585586135.5006433, "host_queued_start": 1585586200.87614, "device_queued": 1585586135.495929, "device_end": 1585586135.5006726, "host_queued_end": 1585586200.900404}, "device": "gpu", "nd_range": {"device_start": 1585586135.500676, "device_end": 1585586135.5012755}, "cmdq": 0, "read": {"device_start": -1, "device_end": -1}}, "FFC_sans_bias18": {"write": {"device_start": 1585586135.4999428, "host_queued_start": 1585586200.875099, "device_queued": 1585586135.49581, "device_end": 1585586135.4999669, "host_queued_end": 1585586200.900404}, "device": "gpu", "nd_range": {"device_start": 1585586135.4999743, "device_end": 1585586135.5005693}, "cmdq": 0, "read": {"device_start": -1, "device_end": -1}}, "coalesced_transpose30": {"write": {"device_start": -1, "host_queued_start": 1585586200.887877, "device_queued": -1, "device_end": -1, "host_queued_end": 1585586200.900404}, "device": "gpu", "nd_range": {"device_start": 1585586135.5084922, "device_end": 1585586135.5085}, "cmdq": 0, "read": {"device_start": -1, "device_end": -1}}, "FFC_sans_bias38": {"write": {"device_start": 1585586135.505694, "host_queued_start": 1585586200.88347, "device_queued": 1585586135.496533, "device_end": 1585586135.505724, "host_queued_end": 1585586200.900404}, "device": "gpu", "nd_range": {"device_start": 1585586135.505727, "device_end": 1585586135.506323}, "cmdq": 0, "read": {"device_start": -1, "device_end": -1}}, "empty26": {"write": {"device_start": 1585586135.4950736, "host_queued_start": 1585586200.865309, "device_queued": 1585586135.4947941, "device_end": 1585586135.4951038, "host_queued_end": 1585586200.900404}, "device": "gpu", "nd_range": {"device_start": 1585586135.495107, "device_end": 1585586135.4951108}, "cmdq": 0, "read": {"device_start": -1, "device_end": -1}}, "coalesced_transpose12": {"write": {"device_start": -1, "host_queued_start": 1585586200.887256, "device_queued": -1, "device_end": -1, "host_queued_end": 1585586200.900404}, "device": "gpu", "nd_range": {"device_start": 1585586135.508473, "device_end": 1585586135.5084805}, "cmdq": 0, "read": {"device_start": -1, "device_end": -1}}, "empty44": {"write": {"device_start": 1585586135.4953654, "host_queued_start": 1585586200.866978, "device_queued": 1585586135.495061, "device_end": 1585586135.4953942, "host_queued_end": 1585586200.900404}, "device": "gpu", "nd_range": {"device_start": 1585586135.4954019, "device_end": 1585586135.4954054}, "cmdq": 0, "read": {"device_start": -1, "device_end": -1}}, "coalesced_transpose21": {"write": {"device_start": -1, "host_queued_start": 1585586200.887568, "device_queued": -1, "device_end": -1, "host_queued_end": 1585586200.900404}, "device": "gpu", "nd_range": {"device_start": 1585586135.5084817, "device_end": 1585586135.5084903}, "cmdq": 0, "read": {"device_start": -1, "device_end": -1}}, "FFC_sans_bias36": {"write": {"device_start": 1585586135.5042405, "host_queued_start": 1585586200.881353, "device_queued": 1585586135.4963605, "device_end": 1585586135.5042696, "host_queued_end": 1585586200.900404}, "device": "gpu", "nd_range": {"device_start": 1585586135.504273, "device_end": 1585586135.5048783}, "cmdq": 0, "read": {"device_start": -1, "device_end": -1}}, "softmax14": {"write": {"device_start": -1, "host_queued_start": 1585586200.891067, "device_queued": -1, "device_end": -1, "host_queued_end": 1585586200.900404}, "device": "gpu", "nd_range": {"device_start": 1585586135.5123374, "device_end": 1585586135.512547}, "cmdq": 0, "read": {"device_start": -1, "device_end": -1}}, "FFC_sans_bias13": {"write": {"device_start": -1, "host_queued_start": 1585586200.889241, "device_queued": -1, "device_end": -1, "host_queued_end": 1585586200.900404}, "device": "gpu", "nd_range": {"device_start": 1585586135.5091212, "device_end": 1585586135.509718}, "cmdq": 0, "read": {"device_start": -1, "device_end": -1}}, "empty8": {"write": {"device_start": 1585586135.4947531, "host_queued_start": 1585586200.863345, "device_queued": 1585586135.4945993, "device_end": 1585586135.4947846, "host_queued_end": 1585586200.900404}, "device": "gpu", "nd_range": {"device_start": 1585586135.4947877, "device_end": 1585586135.4947922}, "cmdq": 0, "read": {"device_start": -1, "device_end": -1}}, "FFC_sans_bias42": {"write": {"device_start": -1, "host_queued_start": 1585586200.893676, "device_queued": -1, "device_end": -1, "host_queued_end": 1585586200.900404}, "device": "gpu", "nd_range": {"device_start": 1585586135.515793, "device_end": 1585586135.5163846}, "cmdq": 0, "read": {"device_start": -1, "device_end": -1}}, "FFC_sans_bias43": {"write": {"device_start": 1585586135.5202584, "host_queued_start": 1585586200.899256, "device_queued": 1585586135.498443, "device_end": 1585586135.5202823, "host_queued_end": 1585586200.900404}, "device": "gpu", "nd_range": {"device_start": 1585586135.520288, "device_end": 1585586135.5208874}, "cmdq": 0, "read": {"device_start": 1585586135.5208943, "device_end": 1585586135.5209162}}, "FFC_sans_bias40": {"write": {"device_start": -1, "host_queued_start": 1585586200.890196, "device_queued": -1, "device_end": -1, "host_queued_end": 1585586200.900404}, "device": "gpu", "nd_range": {"device_start": 1585586135.5109146, "device_end": 1585586135.5115132}, "cmdq": 0, "read": {"device_start": -1, "device_end": -1}}, "softmax32": {"write": {"device_start": -1, "host_queued_start": 1585586200.89157, "device_queued": -1, "device_end": -1, "host_queued_end": 1585586200.900404}, "device": "gpu", "nd_range": {"device_start": 1585586135.5127578, "device_end": 1585586135.512968}, "cmdq": 0, "read": {"device_start": -1, "device_end": -1}}, "FFC_sans_bias47": {"write": {"device_start": 1585586135.5078306, "host_queued_start": 1585586200.886606, "device_queued": 1585586135.4968638, "device_end": 1585586135.5078607, "host_queued_end": 1585586200.900404}, "device": "gpu", "nd_range": {"device_start": 1585586135.5078652, "device_end": 1585586135.5084627}, "cmdq": 0, "read": {"device_start": -1, "device_end": -1}}, "FFC_sans_bias45": {"write": {"device_start": 1585586135.506405, "host_queued_start": 1585586200.884505, "device_queued": 1585586135.4966772, "device_end": 1585586135.5064344, "host_queued_end": 1585586200.900404}, "device": "gpu", "nd_range": {"device_start": 1585586135.506438, "device_end": 1585586135.507038}, "cmdq": 0, "read": {"device_start": -1, "device_end": -1}}, "softmax50": {"write": {"device_start": -1, "host_queued_start": 1585586200.892094, "device_queued": -1, "device_end": -1, "host_queued_end": 1585586200.900404}, "device": "gpu", "nd_range": {"device_start": 1585586135.5131795, "device_end": 1585586135.5133889}, "cmdq": 0, "read": {"device_start": -1, "device_end": -1}}, "FFC_sans_bias33": {"write": {"device_start": -1, "host_queued_start": 1585586200.893354, "device_queued": -1, "device_end": -1, "host_queued_end": 1585586200.900404}, "device": "gpu", "nd_range": {"device_start": 1585586135.51519, "device_end": 1585586135.515792}, "cmdq": 0, "read": {"device_start": -1, "device_end": -1}}, "FFC_sans_bias49": {"write": {"device_start": -1, "host_queued_start": 1585586200.890515, "device_queued": -1, "device_end": -1, "host_queued_end": 1585586200.900404}, "device": "gpu", "nd_range": {"device_start": 1585586135.5115151, "device_end": 1585586135.5121138}, "cmdq": 0, "read": {"device_start": -1, "device_end": -1}}, "FFC_sans_bias24": {"write": {"device_start": -1, "host_queued_start": 1585586200.893035, "device_queued": -1, "device_end": -1, "host_queued_end": 1585586200.900404}, "device": "gpu", "nd_range": {"device_start": 1585586135.514588, "device_end": 1585586135.515189}, "cmdq": 0, "read": {"device_start": -1, "device_end": -1}}, "FFC_sans_bias25": {"write": {"device_start": 1585586135.5186713, "host_queued_start": 1585586200.89714, "device_queued": 1585586135.4982083, "device_end": 1585586135.5187008, "host_queued_end": 1585586200.900404}, "device": "gpu", "nd_range": {"device_start": 1585586135.5187035, "device_end": 1585586135.5193007}, "cmdq": 0, "read": {"device_start": 1585586135.519309, "device_end": 1585586135.5193315}}, "FFC_sans_bias27": {"write": {"device_start": 1585586135.502085, "host_queued_start": 1585586200.878221, "device_queued": 1585586135.4960794, "device_end": 1585586135.5021152, "host_queued_end": 1585586200.900404}, "device": "gpu", "nd_range": {"device_start": 1585586135.5021217, "device_end": 1585586135.502712}, "cmdq": 0, "read": {"device_start": -1, "device_end": -1}}, "FFC_sans_bias20": {"write": {"device_start": 1585586135.5013652, "host_queued_start": 1585586200.877183, "device_queued": 1585586135.4959612, "device_end": 1585586135.5013952, "host_queued_end": 1585586200.900404}, "device": "gpu", "nd_range": {"device_start": 1585586135.501398, "device_end": 1585586135.5019958}, "cmdq": 0, "read": {"device_start": -1, "device_end": -1}}, "FFC_sans_bias22": {"write": {"device_start": -1, "host_queued_start": 1585586200.889558, "device_queued": -1, "device_end": -1, "host_queued_end": 1585586200.900404}, "device": "gpu", "nd_range": {"device_start": 1585586135.509719, "device_end": 1585586135.5103154}, "cmdq": 0, "read": {"device_start": -1, "device_end": -1}}, "softmax5": {"write": {"device_start": -1, "host_queued_start": 1585586200.890796, "device_queued": -1, "device_end": -1, "host_queued_end": 1585586200.900404}, "device": "gpu", "nd_range": {"device_start": 1585586135.5121148, "device_end": 1585586135.5123365}, "cmdq": 0, "read": {"device_start": -1, "device_end": -1}}, "FFC_sans_bias28": {"write": {"device_start": 1585586135.5027957, "host_queued_start": 1585586200.879284, "device_queued": 1585586135.4961197, "device_end": 1585586135.5028257, "host_queued_end": 1585586200.900404}, "device": "gpu", "nd_range": {"device_start": 1585586135.5028322, "device_end": 1585586135.5034206}, "cmdq": 0, "read": {"device_start": -1, "device_end": -1}}, "FFC_sans_bias29": {"write": {"device_start": 1585586135.5035012, "host_queued_start": 1585586200.880321, "device_queued": 1585586135.496314, "device_end": 1585586135.5035305, "host_queued_end": 1585586200.900404}, "device": "gpu", "nd_range": {"device_start": 1585586135.5035388, "device_end": 1585586135.5041394}, "cmdq": 0, "read": {"device_start": -1, "device_end": -1}}, "empty17": {"write": {"device_start": 1585586135.494923, "host_queued_start": 1585586200.864478, "device_queued": 1585586135.494752, "device_end": 1585586135.4949474, "host_queued_end": 1585586200.900404}, "device": "gpu", "nd_range": {"device_start": 1585586135.4949512, "device_end": 1585586135.4949608}, "cmdq": 0, "read": {"device_start": -1, "device_end": -1}}, "empty35": {"write": {"device_start": 1585586135.4952128, "host_queued_start": 1585586200.866125, "device_queued": 1585586135.4948773, "device_end": 1585586135.4952426, "host_queued_end": 1585586200.900404}, "device": "gpu", "nd_range": {"device_start": 1585586135.4952493, "device_end": 1585586135.4952526}, "cmdq": 0, "read": {"device_start": -1, "device_end": -1}}, "empty53": {"write": {"device_start": 1585586135.4955006, "host_queued_start": 1585586200.867789, "device_queued": 1585586135.4950953, "device_end": 1585586135.4955251, "host_queued_end": 1585586200.900404}, "device": "gpu", "nd_range": {"device_start": 1585586135.4955318, "device_end": 1585586135.4955351}, "cmdq": 0, "read": {"device_start": -1, "device_end": -1}}, "FFC_sans_bias46": {"write": {"device_start": 1585586135.507119, "host_queued_start": 1585586200.885537, "device_queued": 1585586135.4967227, "device_end": 1585586135.5071487, "host_queued_end": 1585586200.900404}, "device": "gpu", "nd_range": {"device_start": 1585586135.5071516, "device_end": 1585586135.507751}, "cmdq": 0, "read": {"device_start": -1, "device_end": -1}}, "coalesced_transpose48": {"write": {"device_start": -1, "host_queued_start": 1585586200.888597, "device_queued": -1, "device_end": -1, "host_queued_end": 1585586200.900404}, "device": "gpu", "nd_range": {"device_start": 1585586135.5085108, "device_end": 1585586135.508519}, "cmdq": 0, "read": {"device_start": -1, "device_end": -1}}}