{"FFC_sans_bias4": {"write": {"device_start": -1, "host_queued_start": 1585586348.371832, "device_queued": -1, "device_end": -1, "host_queued_end": 1585586348.381375}, "device": "cpu", "nd_range": {"device_start": 2254122.664080347, "device_end": 2254122.676992305}, "cmdq": 0, "read": {"device_start": -1, "device_end": -1}}, "FFC_sans_bias7": {"write": {"device_start": -1, "host_queued_start": 1585586348.377339, "device_queued": -1, "device_end": -1, "host_queued_end": 1585586348.381375}, "device": "cpu", "nd_range": {"device_start": 2254122.691022274, "device_end": 2254122.703440222}, "cmdq": 0, "read": {"device_start": -1, "device_end": -1}}, "FFC_sans_bias6": {"write": {"device_start": -1, "host_queued_start": 1585586348.374918, "device_queued": -1, "device_end": -1, "host_queued_end": 1585586348.381375}, "device": "cpu", "nd_range": {"device_start": 2254122.677220265, "device_end": 2254122.691015356}, "cmdq": 0, "read": {"device_start": -1, "device_end": -1}}, "FFC_sans_bias1": {"write": {"device_start": -1, "host_queued_start": 1585586348.355982, "device_queued": -1, "device_end": -1, "host_queued_end": 1585586348.381375}, "device": "cpu", "nd_range": {"device_start": 2254122.571008962, "device_end": 2254122.586625363}, "cmdq": 1, "read": {"device_start": -1, "device_end": -1}}, "FFC_sans_bias0": {"write": {"device_start": -1, "host_queued_start": 1585586348.354937, "device_queued": -1, "device_end": -1, "host_queued_end": 1585586348.381375}, "device": "cpu", "nd_range": {"device_start": 2254122.5710091433, "device_end": 2254122.5864354824}, "cmdq": 0, "read": {"device_start": -1, "device_end": -1}}, "FFC_sans_bias2": {"write": {"device_start": -1, "host_queued_start": 1585586348.357028, "device_queued": -1, "device_end": -1, "host_queued_end": 1585586348.381375}, "device": "cpu", "nd_range": {"device_start": 2254122.571058141, "device_end": 2254122.586554184}, "cmdq": 2, "read": {"device_start": -1, "device_end": -1}}, "FFC_sans_bias52": {"write": {"device_start": 1585586282.9420257, "host_queued_start": 1585586348.348964, "device_queued": 1585586282.939846, "device_end": 1585586282.9420555, "host_queued_end": 1585586348.349076}, "device": "gpu", "nd_range": {"device_start": 1585586282.9424856, "device_end": 1585586282.9430807}, "cmdq": 0, "read": {"device_start": 1585586282.9430823, "device_end": 1585586282.943105}}, "FFC_sans_bias9": {"write": {"device_start": -1, "host_queued_start": 1585586348.358072, "device_queued": -1, "device_end": -1, "host_queued_end": 1585586348.381375}, "device": "cpu", "nd_range": {"device_start": 2254122.586722787, "device_end": 2254122.602196723}, "cmdq": 3, "read": {"device_start": -1, "device_end": -1}}, "coalesced_transpose39": {"write": {"device_start": -1, "host_queued_start": 1585586348.371483, "device_queued": -1, "device_end": -1, "host_queued_end": 1585586348.381375}, "device": "cpu", "nd_range": {"device_start": 2254122.6509524933, "device_end": 2254122.651196881}, "cmdq": 4, "read": {"device_start": -1, "device_end": -1}}, "FFC_sans_bias51": {"write": {"device_start": -1, "host_queued_start": 1585586348.347954, "device_queued": -1, "device_end": -1, "host_queued_end": 1585586348.349076}, "device": "gpu", "nd_range": {"device_start": 1585586282.9418917, "device_end": 1585586282.9424822}, "cmdq": 1, "read": {"device_start": -1, "device_end": -1}}, "softmax23": {"write": {"device_start": -1, "host_queued_start": 1585586348.374024, "device_queued": -1, "device_end": -1, "host_queued_end": 1585586348.381375}, "device": "cpu", "nd_range": {"device_start": 2254122.633382455, "device_end": 2254122.6335994913}, "cmdq": 2, "read": {"device_start": -1, "device_end": -1}}, "FFC_sans_bias37": {"write": {"device_start": -1, "host_queued_start": 1585586348.368755, "device_queued": -1, "device_end": -1, "host_queued_end": 1585586348.381375}, "device": "cpu", "nd_range": {"device_start": 2254122.617504218, "device_end": 2254122.6329100323}, "cmdq": 3, "read": {"device_start": -1, "device_end": -1}}, "softmax41": {"write": {"device_start": -1, "host_queued_start": 1585586348.374577, "device_queued": -1, "device_end": -1, "host_queued_end": 1585586348.381375}, "device": "cpu", "nd_range": {"device_start": 2254122.675210685, "device_end": 2254122.675421671}, "cmdq": 4, "read": {"device_start": -1, "device_end": -1}}, "FFC_sans_bias11": {"write": {"device_start": -1, "host_queued_start": 1585586348.360191, "device_queued": -1, "device_end": -1, "host_queued_end": 1585586348.381375}, "device": "cpu", "nd_range": {"device_start": 2254122.633037295, "device_end": 2254122.648340833}, "cmdq": 0, "read": {"device_start": -1, "device_end": -1}}, "FFC_sans_bias10": {"write": {"device_start": -1, "host_queued_start": 1585586348.359144, "device_queued": -1, "device_end": -1, "host_queued_end": 1585586348.381375}, "device": "cpu", "nd_range": {"device_start": 2254122.571253796, "device_end": 2254122.5866416954}, "cmdq": 4, "read": {"device_start": -1, "device_end": -1}}, "coalesced_transpose3": {"write": {"device_start": -1, "host_queued_start": 1585586348.370137, "device_queued": -1, "device_end": -1, "host_queued_end": 1585586348.381375}, "device": "cpu", "nd_range": {"device_start": 2254122.663710188, "device_end": 2254122.663962162}, "cmdq": 0, "read": {"device_start": -1, "device_end": -1}}, "FFC_sans_bias34": {"write": {"device_start": -1, "host_queued_start": 1585586348.380306, "device_queued": -1, "device_end": -1, "host_queued_end": 1585586348.381375}, "device": "cpu", "nd_range": {"device_start": 2254122.689612436, "device_end": 2254122.70331424}, "cmdq": 3, "read": {"device_start": -1, "device_end": -1}}, "FFC_sans_bias15": {"write": {"device_start": -1, "host_queued_start": 1585586348.375264, "device_queued": -1, "device_end": -1, "host_queued_end": 1585586348.381375}, "device": "cpu", "nd_range": {"device_start": 2254122.636160235, "device_end": 2254122.652330777}, "cmdq": 1, "read": {"device_start": -1, "device_end": -1}}, "FFC_sans_bias31": {"write": {"device_start": -1, "host_queued_start": 1585586348.372861, "device_queued": -1, "device_end": -1, "host_queued_end": 1585586348.381375}, "device": "cpu", "nd_range": {"device_start": 2254122.664812048, "device_end": 2254122.676248123}, "cmdq": 3, "read": {"device_start": -1, "device_end": -1}}, "FFC_sans_bias16": {"write": {"device_start": -1, "host_queued_start": 1585586348.37833, "device_queued": -1, "device_end": -1, "host_queued_end": 1585586348.381375}, "device": "cpu", "nd_range": {"device_start": 2254122.652446317, "device_end": 2254122.6684337733}, "cmdq": 1, "read": {"device_start": -1, "device_end": -1}}, "FFC_sans_bias19": {"write": {"device_start": -1, "host_queued_start": 1585586348.362308, "device_queued": -1, "device_end": -1, "host_queued_end": 1585586348.381375}, "device": "cpu", "nd_range": {"device_start": 2254122.586689679, "device_end": 2254122.602033975}, "cmdq": 2, "read": {"device_start": -1, "device_end": -1}}, "FFC_sans_bias18": {"write": {"device_start": -1, "host_queued_start": 1585586348.36126, "device_queued": -1, "device_end": -1, "host_queued_end": 1585586348.381375}, "device": "cpu", "nd_range": {"device_start": 2254122.586635311, "device_end": 2254122.60363828}, "cmdq": 1, "read": {"device_start": -1, "device_end": -1}}, "coalesced_transpose30": {"write": {"device_start": -1, "host_queued_start": 1585586348.371159, "device_queued": -1, "device_end": -1, "host_queued_end": 1585586348.381375}, "device": "cpu", "nd_range": {"device_start": 2254122.664451256, "device_end": 2254122.6646868573}, "cmdq": 3, "read": {"device_start": -1, "device_end": -1}}, "FFC_sans_bias38": {"write": {"device_start": -1, "host_queued_start": 1585586348.369803, "device_queued": -1, "device_end": -1, "host_queued_end": 1585586348.381375}, "device": "cpu", "nd_range": {"device_start": 2254122.620471782, "device_end": 2254122.6431802902}, "cmdq": 4, "read": {"device_start": -1, "device_end": -1}}, "empty26": {"write": {"device_start": -1, "host_queued_start": 1585586348.352171, "device_queued": -1, "device_end": -1, "host_queued_end": 1585586348.381375}, "device": "cpu", "nd_range": {"device_start": 2254122.571035303, "device_end": 2254122.5710415603}, "cmdq": 2, "read": {"device_start": -1, "device_end": -1}}, "coalesced_transpose12": {"write": {"device_start": -1, "host_queued_start": 1585586348.370471, "device_queued": -1, "device_end": -1, "host_queued_end": 1585586348.381375}, "device": "cpu", "nd_range": {"device_start": 2254122.619321958, "device_end": 2254122.6195656923}, "cmdq": 1, "read": {"device_start": -1, "device_end": -1}}, "empty44": {"write": {"device_start": -1, "host_queued_start": 1585586348.353938, "device_queued": -1, "device_end": -1, "host_queued_end": 1585586348.381375}, "device": "cpu", "nd_range": {"device_start": 2254122.571220621, "device_end": 2254122.571224065}, "cmdq": 4, "read": {"device_start": -1, "device_end": -1}}, "coalesced_transpose21": {"write": {"device_start": -1, "host_queued_start": 1585586348.370829, "device_queued": -1, "device_end": -1, "host_queued_end": 1585586348.381375}, "device": "cpu", "nd_range": {"device_start": 2254122.617546072, "device_end": 2254122.617888518}, "cmdq": 2, "read": {"device_start": -1, "device_end": -1}}, "FFC_sans_bias36": {"write": {"device_start": -1, "host_queued_start": 1585586348.367714, "device_queued": -1, "device_end": -1, "host_queued_end": 1585586348.381375}, "device": "cpu", "nd_range": {"device_start": 2254122.602170314, "device_end": 2254122.617484408}, "cmdq": 2, "read": {"device_start": -1, "device_end": -1}}, "softmax14": {"write": {"device_start": -1, "host_queued_start": 1585586348.373743, "device_queued": -1, "device_end": -1, "host_queued_end": 1585586348.381375}, "device": "cpu", "nd_range": {"device_start": 2254122.635838177, "device_end": 2254122.636046714}, "cmdq": 1, "read": {"device_start": -1, "device_end": -1}}, "FFC_sans_bias13": {"write": {"device_start": -1, "host_queued_start": 1585586348.372179, "device_queued": -1, "device_end": -1, "host_queued_end": 1585586348.381375}, "device": "cpu", "nd_range": {"device_start": 2254122.619677579, "device_end": 2254122.635713118}, "cmdq": 1, "read": {"device_start": -1, "device_end": -1}}, "empty8": {"write": {"device_start": -1, "host_queued_start": 1585586348.350362, "device_queued": -1, "device_end": -1, "host_queued_end": 1585586348.381375}, "device": "cpu", "nd_range": {"device_start": 2254122.5709743, "device_end": 2254122.570987582}, "cmdq": 0, "read": {"device_start": -1, "device_end": -1}}, "FFC_sans_bias42": {"write": {"device_start": -1, "host_queued_start": 1585586348.376297, "device_queued": -1, "device_end": -1, "host_queued_end": 1585586348.381375}, "device": "cpu", "nd_range": {"device_start": 2254122.675429602, "device_end": 2254122.688495087}, "cmdq": 4, "read": {"device_start": -1, "device_end": -1}}, "FFC_sans_bias43": {"write": {"device_start": -1, "host_queued_start": 1585586348.381331, "device_queued": -1, "device_end": -1, "host_queued_end": 1585586348.381375}, "device": "cpu", "nd_range": {"device_start": 2254122.688502274, "device_end": 2254122.701702769}, "cmdq": 4, "read": {"device_start": -1, "device_end": -1}}, "FFC_sans_bias40": {"write": {"device_start": -1, "host_queued_start": 1585586348.373203, "device_queued": -1, "device_end": -1, "host_queued_end": 1585586348.381375}, "device": "cpu", "nd_range": {"device_start": 2254122.651568224, "device_end": 2254122.675202763}, "cmdq": 4, "read": {"device_start": -1, "device_end": -1}}, "softmax32": {"write": {"device_start": -1, "host_queued_start": 1585586348.374299, "device_queued": -1, "device_end": -1, "host_queued_end": 1585586348.381375}, "device": "cpu", "nd_range": {"device_start": 2254122.6762555763, "device_end": 2254122.676463297}, "cmdq": 3, "read": {"device_start": -1, "device_end": -1}}, "FFC_sans_bias47": {"write": {"device_start": 1585586282.940276, "host_queued_start": 1585586348.346746, "device_queued": 1585586282.9396482, "device_end": 1585586282.9403124, "host_queued_end": 1585586348.349076}, "device": "gpu", "nd_range": {"device_start": 1585586282.9403162, "device_end": 1585586282.9410613}, "cmdq": 1, "read": {"device_start": -1, "device_end": -1}}, "FFC_sans_bias45": {"write": {"device_start": 1585586282.9394886, "host_queued_start": 1585586348.344574, "device_queued": 1585586282.9393516, "device_end": 1585586282.9395652, "host_queued_end": 1585586348.349076}, "device": "gpu", "nd_range": {"device_start": 1585586282.939572, "device_end": 1585586282.9401596}, "cmdq": 1, "read": {"device_start": -1, "device_end": -1}}, "softmax50": {"write": {"device_start": -1, "host_queued_start": 1585586348.347645, "device_queued": -1, "device_end": -1, "host_queued_end": 1585586348.349076}, "device": "gpu", "nd_range": {"device_start": 1585586282.9416718, "device_end": 1585586282.9418888}, "cmdq": 0, "read": {"device_start": -1, "device_end": -1}}, "FFC_sans_bias33": {"write": {"device_start": -1, "host_queued_start": 1585586348.375949, "device_queued": -1, "device_end": -1, "host_queued_end": 1585586348.381375}, "device": "cpu", "nd_range": {"device_start": 2254122.6764694173, "device_end": 2254122.6896054693}, "cmdq": 3, "read": {"device_start": -1, "device_end": -1}}, "FFC_sans_bias49": {"write": {"device_start": -1, "host_queued_start": 1585586348.347393, "device_queued": -1, "device_end": -1, "host_queued_end": 1585586348.349076}, "device": "gpu", "nd_range": {"device_start": 1585586282.9410627, "device_end": 1585586282.9416683}, "cmdq": 1, "read": {"device_start": -1, "device_end": -1}}, "FFC_sans_bias24": {"write": {"device_start": -1, "host_queued_start": 1585586348.375604, "device_queued": -1, "device_end": -1, "host_queued_end": 1585586348.381375}, "device": "cpu", "nd_range": {"device_start": 2254122.633713929, "device_end": 2254122.649020691}, "cmdq": 2, "read": {"device_start": -1, "device_end": -1}}, "FFC_sans_bias25": {"write": {"device_start": -1, "host_queued_start": 1585586348.379321, "device_queued": -1, "device_end": -1, "host_queued_end": 1585586348.381375}, "device": "cpu", "nd_range": {"device_start": 2254122.649126089, "device_end": 2254122.664445747}, "cmdq": 2, "read": {"device_start": -1, "device_end": -1}}, "FFC_sans_bias27": {"write": {"device_start": -1, "host_queued_start": 1585586348.364545, "device_queued": -1, "device_end": -1, "host_queued_end": 1585586348.381375}, "device": "cpu", "nd_range": {"device_start": 2254122.589889998, "device_end": 2254122.611230045}, "cmdq": 4, "read": {"device_start": -1, "device_end": -1}}, "FFC_sans_bias20": {"write": {"device_start": -1, "host_queued_start": 1585586348.36338, "device_queued": -1, "device_end": -1, "host_queued_end": 1585586348.381375}, "device": "cpu", "nd_range": {"device_start": 2254122.602319558, "device_end": 2254122.6174893524}, "cmdq": 3, "read": {"device_start": -1, "device_end": -1}}, "FFC_sans_bias22": {"write": {"device_start": -1, "host_queued_start": 1585586348.37252, "device_queued": -1, "device_end": -1, "host_queued_end": 1585586348.381375}, "device": "cpu", "nd_range": {"device_start": 2254122.618022814, "device_end": 2254122.633259899}, "cmdq": 2, "read": {"device_start": -1, "device_end": -1}}, "softmax5": {"write": {"device_start": -1, "host_queued_start": 1585586348.373476, "device_queued": -1, "device_end": -1, "host_queued_end": 1585586348.381375}, "device": "cpu", "nd_range": {"device_start": 2254122.6770013813, "device_end": 2254122.6772149443}, "cmdq": 0, "read": {"device_start": -1, "device_end": -1}}, "FFC_sans_bias28": {"write": {"device_start": -1, "host_queued_start": 1585586348.365589, "device_queued": -1, "device_end": -1, "host_queued_end": 1585586348.381375}, "device": "cpu", "nd_range": {"device_start": 2254122.6483526123, "device_end": 2254122.663565028}, "cmdq": 0, "read": {"device_start": -1, "device_end": -1}}, "FFC_sans_bias29": {"write": {"device_start": -1, "host_queued_start": 1585586348.366661, "device_queued": -1, "device_end": -1, "host_queued_end": 1585586348.381375}, "device": "cpu", "nd_range": {"device_start": 2254122.6037646583, "device_end": 2254122.6192011302}, "cmdq": 1, "read": {"device_start": -1, "device_end": -1}}, "empty17": {"write": {"device_start": -1, "host_queued_start": 1585586348.351335, "device_queued": -1, "device_end": -1, "host_queued_end": 1585586348.381375}, "device": "cpu", "nd_range": {"device_start": 2254122.5709808273, "device_end": 2254122.57098757}, "cmdq": 1, "read": {"device_start": -1, "device_end": -1}}, "empty35": {"write": {"device_start": -1, "host_queued_start": 1585586348.353064, "device_queued": -1, "device_end": -1, "host_queued_end": 1585586348.381375}, "device": "cpu", "nd_range": {"device_start": 2254122.5866580713, "device_end": 2254122.5866711223}, "cmdq": 3, "read": {"device_start": -1, "device_end": -1}}, "empty53": {"write": {"device_start": 1585586282.9393852, "host_queued_start": 1585586348.343374, "device_queued": 1585586282.9392676, "device_end": 1585586282.9394438, "host_queued_end": 1585586348.349076}, "device": "gpu", "nd_range": {"device_start": 1585586282.9394484, "device_end": 1585586282.939454}, "cmdq": 0, "read": {"device_start": -1, "device_end": -1}}, "FFC_sans_bias46": {"write": {"device_start": 1585586282.9395792, "host_queued_start": 1585586348.345649, "device_queued": 1585586282.93941, "device_end": 1585586282.9396033, "host_queued_end": 1585586348.349076}, "device": "gpu", "nd_range": {"device_start": 1585586282.939638, "device_end": 1585586282.9405806}, "cmdq": 0, "read": {"device_start": -1, "device_end": -1}}, "coalesced_transpose48": {"write": {"device_start": -1, "host_queued_start": 1585586348.347071, "device_queued": -1, "device_end": -1, "host_queued_end": 1585586348.349076}, "device": "gpu", "nd_range": {"device_start": 1585586282.940582, "device_end": 1585586282.9409728}, "cmdq": 0, "read": {"device_start": -1, "device_end": -1}}}