{"FFC_sans_bias4": {"write": {"device_start": -1, "host_queued_start": 1585586375.72417, "device_queued": -1, "device_end": -1, "host_queued_end": 1585586375.726021}, "device": "cpu", "nd_range": {"device_start": 2254149.93118646, "device_end": 2254149.9389040293}, "cmdq": 1, "read": {"device_start": -1, "device_end": -1}}, "FFC_sans_bias7": {"write": {"device_start": -1, "host_queued_start": 1585586375.725974, "device_queued": -1, "device_end": -1, "host_queued_end": 1585586375.726021}, "device": "cpu", "nd_range": {"device_start": 2254149.946814342, "device_end": 2254149.9507609312}, "cmdq": 0, "read": {"device_start": -1, "device_end": -1}}, "FFC_sans_bias6": {"write": {"device_start": -1, "host_queued_start": 1585586375.724874, "device_queued": -1, "device_end": -1, "host_queued_end": 1585586375.726021}, "device": "cpu", "nd_range": {"device_start": 2254149.939201346, "device_end": 2254149.9468092653}, "cmdq": 1, "read": {"device_start": -1, "device_end": -1}}, "FFC_sans_bias1": {"write": {"device_start": -1, "host_queued_start": 1585586375.722229, "device_queued": -1, "device_end": -1, "host_queued_end": 1585586375.726021}, "device": "cpu", "nd_range": {"device_start": 2254149.915590213, "device_end": 2254149.927434578}, "cmdq": 0, "read": {"device_start": -1, "device_end": -1}}, "FFC_sans_bias0": {"write": {"device_start": -1, "host_queued_start": 1585586375.720878, "device_queued": -1, "device_end": -1, "host_queued_end": 1585586375.726021}, "device": "cpu", "nd_range": {"device_start": 2254149.915582077, "device_end": 2254149.921330924}, "cmdq": 1, "read": {"device_start": -1, "device_end": -1}}, "FFC_sans_bias2": {"write": {"device_start": -1, "host_queued_start": 1585586375.723423, "device_queued": -1, "device_end": -1, "host_queued_end": 1585586375.726021}, "device": "cpu", "nd_range": {"device_start": 2254149.9215194513, "device_end": 2254149.9311802504}, "cmdq": 1, "read": {"device_start": -1, "device_end": -1}}, "FFC_sans_bias52": {"write": {"device_start": 1585586310.3244452, "host_queued_start": 1585586375.717969, "device_queued": 1585586310.311221, "device_end": 1585586310.3244698, "host_queued_end": 1585586375.718073}, "device": "gpu", "nd_range": {"device_start": 1585586310.3244786, "device_end": 1585586310.325671}, "cmdq": 2, "read": {"device_start": 1585586310.3256736, "device_end": 1585586310.325696}}, "FFC_sans_bias9": {"write": {"device_start": 1585586310.3082337, "host_queued_start": 1585586375.692248, "device_queued": 1585586310.3080666, "device_end": 1585586310.3083138, "host_queued_end": 1585586375.718073}, "device": "gpu", "nd_range": {"device_start": 1585586310.308323, "device_end": 1585586310.3089306}, "cmdq": 2, "read": {"device_start": -1, "device_end": -1}}, "coalesced_transpose39": {"write": {"device_start": -1, "host_queued_start": 1585586375.707997, "device_queued": -1, "device_end": -1, "host_queued_end": 1585586375.718073}, "device": "gpu", "nd_range": {"device_start": 1585586310.3155468, "device_end": 1585586310.3155692}, "cmdq": 2, "read": {"device_start": -1, "device_end": -1}}, "FFC_sans_bias51": {"write": {"device_start": -1, "host_queued_start": 1585586375.712797, "device_queued": -1, "device_end": -1, "host_queued_end": 1585586375.718073}, "device": "gpu", "nd_range": {"device_start": 1585586310.3193119, "device_end": 1585586310.3207521}, "cmdq": 0, "read": {"device_start": -1, "device_end": -1}}, "softmax23": {"write": {"device_start": -1, "host_queued_start": 1585586375.710491, "device_queued": -1, "device_end": -1, "host_queued_end": 1585586375.718073}, "device": "gpu", "nd_range": {"device_start": 1585586310.318159, "device_end": 1585586310.3184354}, "cmdq": 1, "read": {"device_start": -1, "device_end": -1}}, "FFC_sans_bias37": {"write": {"device_start": 1585586310.3124034, "host_queued_start": 1585586375.702627, "device_queued": 1585586310.3091784, "device_end": 1585586310.3124287, "host_queued_end": 1585586375.718073}, "device": "gpu", "nd_range": {"device_start": 1585586310.3124337, "device_end": 1585586310.3137534}, "cmdq": 0, "read": {"device_start": -1, "device_end": -1}}, "softmax41": {"write": {"device_start": -1, "host_queued_start": 1585586375.711012, "device_queued": -1, "device_end": -1, "host_queued_end": 1585586375.718073}, "device": "gpu", "nd_range": {"device_start": 1585586310.3182647, "device_end": 1585586310.3186378}, "cmdq": 0, "read": {"device_start": -1, "device_end": -1}}, "FFC_sans_bias11": {"write": {"device_start": 1585586310.3084705, "host_queued_start": 1585586375.694309, "device_queued": 1585586310.3083494, "device_end": 1585586310.3085, "host_queued_end": 1585586375.718073}, "device": "gpu", "nd_range": {"device_start": 1585586310.3085046, "device_end": 1585586310.3098993}, "cmdq": 1, "read": {"device_start": -1, "device_end": -1}}, "FFC_sans_bias10": {"write": {"device_start": 1585586310.3083324, "host_queued_start": 1585586375.693276, "device_queued": 1585586310.3081248, "device_end": 1585586310.3083637, "host_queued_end": 1585586375.718073}, "device": "gpu", "nd_range": {"device_start": 1585586310.308367, "device_end": 1585586310.30933}, "cmdq": 0, "read": {"device_start": -1, "device_end": -1}}, "coalesced_transpose3": {"write": {"device_start": -1, "host_queued_start": 1585586375.723773, "device_queued": -1, "device_end": -1, "host_queued_end": 1585586375.726021}, "device": "cpu", "nd_range": {"device_start": 2254149.9275451703, "device_end": 2254149.927681448}, "cmdq": 0, "read": {"device_start": -1, "device_end": -1}}, "FFC_sans_bias34": {"write": {"device_start": 1585586310.3237634, "host_queued_start": 1585586375.71588, "device_queued": 1585586310.3109522, "device_end": 1585586310.323789, "host_queued_end": 1585586375.718073}, "device": "gpu", "nd_range": {"device_start": 1585586310.3237965, "device_end": 1585586310.325262}, "cmdq": 0, "read": {"device_start": 1585586310.3252683, "device_end": 1585586310.3252912}}, "FFC_sans_bias15": {"write": {"device_start": -1, "host_queued_start": 1585586375.711561, "device_queued": -1, "device_end": -1, "host_queued_end": 1585586375.718073}, "device": "gpu", "nd_range": {"device_start": 1585586310.3182752, "device_end": 1585586310.3188806}, "cmdq": 2, "read": {"device_start": -1, "device_end": -1}}, "FFC_sans_bias31": {"write": {"device_start": -1, "host_queued_start": 1585586375.709364, "device_queued": -1, "device_end": -1, "host_queued_end": 1585586375.718073}, "device": "gpu", "nd_range": {"device_start": 1585586310.3157012, "device_end": 1585586310.317263}, "cmdq": 0, "read": {"device_start": -1, "device_end": -1}}, "FFC_sans_bias16": {"write": {"device_start": 1585586310.3236825, "host_queued_start": 1585586375.713806, "device_queued": 1585586310.310858, "device_end": 1585586310.3237412, "host_queued_end": 1585586375.718073}, "device": "gpu", "nd_range": {"device_start": 1585586310.323754, "device_end": 1585586310.3246794}, "cmdq": 1, "read": {"device_start": 1585586310.3246837, "device_end": 1585586310.324707}}, "FFC_sans_bias19": {"write": {"device_start": 1585586310.3094594, "host_queued_start": 1585586375.696392, "device_queued": 1585586310.3085446, "device_end": 1585586310.3094926, "host_queued_end": 1585586375.718073}, "device": "gpu", "nd_range": {"device_start": 1585586310.3094966, "device_end": 1585586310.3108675}, "cmdq": 0, "read": {"device_start": -1, "device_end": -1}}, "FFC_sans_bias18": {"write": {"device_start": 1585586310.3090384, "host_queued_start": 1585586375.695362, "device_queued": 1585586310.3083746, "device_end": 1585586310.3090692, "host_queued_end": 1585586375.718073}, "device": "gpu", "nd_range": {"device_start": 1585586310.3090732, "device_end": 1585586310.3103125}, "cmdq": 2, "read": {"device_start": -1, "device_end": -1}}, "coalesced_transpose30": {"write": {"device_start": -1, "host_queued_start": 1585586375.7077, "device_queued": -1, "device_end": -1, "host_queued_end": 1585586375.718073}, "device": "gpu", "nd_range": {"device_start": 1585586310.3156652, "device_end": 1585586310.315681}, "cmdq": 1, "read": {"device_start": -1, "device_end": -1}}, "FFC_sans_bias38": {"write": {"device_start": 1585586310.3129025, "host_queued_start": 1585586375.703659, "device_queued": 1585586310.3092213, "device_end": 1585586310.3129284, "host_queued_end": 1585586375.718073}, "device": "gpu", "nd_range": {"device_start": 1585586310.312934, "device_end": 1585586310.314231}, "cmdq": 1, "read": {"device_start": -1, "device_end": -1}}, "empty26": {"write": {"device_start": 1585586310.3078024, "host_queued_start": 1585586375.688658, "device_queued": 1585586310.3076801, "device_end": 1585586310.3078828, "host_queued_end": 1585586375.718073}, "device": "gpu", "nd_range": {"device_start": 1585586310.3078892, "device_end": 1585586310.3078954}, "cmdq": 1, "read": {"device_start": -1, "device_end": -1}}, "coalesced_transpose12": {"write": {"device_start": -1, "host_queued_start": 1585586375.707103, "device_queued": -1, "device_end": -1, "host_queued_end": 1585586375.718073}, "device": "gpu", "nd_range": {"device_start": 1585586310.3147118, "device_end": 1585586310.3155396}, "cmdq": 2, "read": {"device_start": -1, "device_end": -1}}, "empty44": {"write": {"device_start": 1585586310.3079915, "host_queued_start": 1585586375.690434, "device_queued": 1585586310.3078358, "device_end": 1585586310.3080177, "host_queued_end": 1585586375.718073}, "device": "gpu", "nd_range": {"device_start": 1585586310.3080208, "device_end": 1585586310.3080244}, "cmdq": 0, "read": {"device_start": -1, "device_end": -1}}, "coalesced_transpose21": {"write": {"device_start": -1, "host_queued_start": 1585586375.707406, "device_queued": -1, "device_end": -1, "host_queued_end": 1585586375.718073}, "device": "gpu", "nd_range": {"device_start": 1585586310.3151608, "device_end": 1585586310.3155491}, "cmdq": 0, "read": {"device_start": -1, "device_end": -1}}, "FFC_sans_bias36": {"write": {"device_start": 1585586310.3119576, "host_queued_start": 1585586375.70158, "device_queued": 1585586310.3089743, "device_end": 1585586310.311984, "host_queued_end": 1585586375.718073}, "device": "gpu", "nd_range": {"device_start": 1585586310.3119907, "device_end": 1585586310.313273}, "cmdq": 2, "read": {"device_start": -1, "device_end": -1}}, "softmax14": {"write": {"device_start": -1, "host_queued_start": 1585586375.710247, "device_queued": -1, "device_end": -1, "host_queued_end": 1585586375.718073}, "device": "gpu", "nd_range": {"device_start": 1585586310.3172705, "device_end": 1585586310.3182576}, "cmdq": 0, "read": {"device_start": -1, "device_end": -1}}, "FFC_sans_bias13": {"write": {"device_start": -1, "host_queued_start": 1585586375.708607, "device_queued": -1, "device_end": -1, "host_queued_end": 1585586375.718073}, "device": "gpu", "nd_range": {"device_start": 1585586310.31569, "device_end": 1585586310.3166864}, "cmdq": 1, "read": {"device_start": -1, "device_end": -1}}, "empty8": {"write": {"device_start": -1, "host_queued_start": 1585586375.719636, "device_queued": -1, "device_end": -1, "host_queued_end": 1585586375.726021}, "device": "cpu", "nd_range": {"device_start": 2254149.915557768, "device_end": 2254149.9155709133}, "cmdq": 0, "read": {"device_start": -1, "device_end": -1}}, "FFC_sans_bias42": {"write": {"device_start": -1, "host_queued_start": 1585586375.712493, "device_queued": -1, "device_end": -1, "host_queued_end": 1585586375.718073}, "device": "gpu", "nd_range": {"device_start": 1585586310.3188877, "device_end": 1585586310.3198388}, "cmdq": 2, "read": {"device_start": -1, "device_end": -1}}, "FFC_sans_bias43": {"write": {"device_start": 1585586310.324842, "host_queued_start": 1585586375.716939, "device_queued": 1585586310.311253, "device_end": 1585586310.3248672, "host_queued_end": 1585586375.718073}, "device": "gpu", "nd_range": {"device_start": 1585586310.3248746, "device_end": 1585586310.3261487}, "cmdq": 1, "read": {"device_start": 1585586310.3261518, "device_end": 1585586310.3261738}}, "FFC_sans_bias40": {"write": {"device_start": -1, "host_queued_start": 1585586375.709691, "device_queued": -1, "device_end": -1, "host_queued_end": 1585586375.718073}, "device": "gpu", "nd_range": {"device_start": 1585586310.316695, "device_end": 1585586310.3181512}, "cmdq": 1, "read": {"device_start": -1, "device_end": -1}}, "softmax32": {"write": {"device_start": -1, "host_queued_start": 1585586375.710766, "device_queued": -1, "device_end": -1, "host_queued_end": 1585586375.718073}, "device": "gpu", "nd_range": {"device_start": 1585586310.3176801, "device_end": 1585586310.3182554}, "cmdq": 2, "read": {"device_start": -1, "device_end": -1}}, "FFC_sans_bias47": {"write": {"device_start": 1585586310.31432, "host_queued_start": 1585586375.706764, "device_queued": 1585586310.3096447, "device_end": 1585586310.3143458, "host_queued_end": 1585586375.718073}, "device": "gpu", "nd_range": {"device_start": 1585586310.3143508, "device_end": 1585586310.3156598}, "cmdq": 1, "read": {"device_start": -1, "device_end": -1}}, "FFC_sans_bias45": {"write": {"device_start": 1585586310.3133872, "host_queued_start": 1585586375.704679, "device_queued": 1585586310.3093832, "device_end": 1585586310.3134134, "host_queued_end": 1585586375.718073}, "device": "gpu", "nd_range": {"device_start": 1585586310.3134224, "device_end": 1585586310.3147106}, "cmdq": 2, "read": {"device_start": -1, "device_end": -1}}, "softmax50": {"write": {"device_start": -1, "host_queued_start": 1585586375.711254, "device_queued": -1, "device_end": -1, "host_queued_end": 1585586375.718073}, "device": "gpu", "nd_range": {"device_start": 1585586310.3184423, "device_end": 1585586310.3190396}, "cmdq": 1, "read": {"device_start": -1, "device_end": -1}}, "FFC_sans_bias33": {"write": {"device_start": -1, "host_queued_start": 1585586375.712181, "device_queued": -1, "device_end": -1, "host_queued_end": 1585586375.718073}, "device": "gpu", "nd_range": {"device_start": 1585586310.3190472, "device_end": 1585586310.3202844}, "cmdq": 1, "read": {"device_start": -1, "device_end": -1}}, "FFC_sans_bias49": {"write": {"device_start": -1, "host_queued_start": 1585586375.709999, "device_queued": -1, "device_end": -1, "host_queued_end": 1585586375.718073}, "device": "gpu", "nd_range": {"device_start": 1585586310.3162904, "device_end": 1585586310.3176732}, "cmdq": 2, "read": {"device_start": -1, "device_end": -1}}, "FFC_sans_bias24": {"write": {"device_start": -1, "host_queued_start": 1585586375.711869, "device_queued": -1, "device_end": -1, "host_queued_end": 1585586375.718073}, "device": "gpu", "nd_range": {"device_start": 1585586310.3186445, "device_end": 1585586310.3193047}, "cmdq": 0, "read": {"device_start": -1, "device_end": -1}}, "FFC_sans_bias25": {"write": {"device_start": 1585586310.3235958, "host_queued_start": 1585586375.714855, "device_queued": 1585586310.3107247, "device_end": 1585586310.3236547, "host_queued_end": 1585586375.718073}, "device": "gpu", "nd_range": {"device_start": 1585586310.3236666, "device_end": 1585586310.3242707}, "cmdq": 2, "read": {"device_start": 1585586310.324278, "device_end": 1585586310.3243015}}, "FFC_sans_bias27": {"write": {"device_start": 1585586310.3103974, "host_queued_start": 1585586375.698453, "device_queued": 1585586310.3087184, "device_end": 1585586310.3104281, "host_queued_end": 1585586375.718073}, "device": "gpu", "nd_range": {"device_start": 1585586310.3104334, "device_end": 1585586310.3118443}, "cmdq": 2, "read": {"device_start": -1, "device_end": -1}}, "FFC_sans_bias20": {"write": {"device_start": 1585586310.3100178, "host_queued_start": 1585586375.697429, "device_queued": 1585586310.3085852, "device_end": 1585586310.3100502, "host_queued_end": 1585586375.718073}, "device": "gpu", "nd_range": {"device_start": 1585586310.310056, "device_end": 1585586310.3113015}, "cmdq": 1, "read": {"device_start": -1, "device_end": -1}}, "FFC_sans_bias22": {"write": {"device_start": -1, "host_queued_start": 1585586375.70892, "device_queued": -1, "device_end": -1, "host_queued_end": 1585586375.718073}, "device": "gpu", "nd_range": {"device_start": 1585586310.3156767, "device_end": 1585586310.3162823}, "cmdq": 2, "read": {"device_start": -1, "device_end": -1}}, "softmax5": {"write": {"device_start": -1, "host_queued_start": 1585586375.724501, "device_queued": -1, "device_end": -1, "host_queued_end": 1585586375.726021}, "device": "cpu", "nd_range": {"device_start": 2254149.938910059, "device_end": 2254149.939178552}, "cmdq": 0, "read": {"device_start": -1, "device_end": -1}}, "FFC_sans_bias28": {"write": {"device_start": 1585586310.3109682, "host_queued_start": 1585586375.699519, "device_queued": 1585586310.308785, "device_end": 1585586310.3109953, "host_queued_end": 1585586375.718073}, "device": "gpu", "nd_range": {"device_start": 1585586310.3110085, "device_end": 1585586310.312294}, "cmdq": 0, "read": {"device_start": -1, "device_end": -1}}, "FFC_sans_bias29": {"write": {"device_start": 1585586310.3114069, "host_queued_start": 1585586375.700553, "device_queued": 1585586310.3089259, "device_end": 1585586310.3114343, "host_queued_end": 1585586375.718073}, "device": "gpu", "nd_range": {"device_start": 1585586310.3114421, "device_end": 1585586310.312796}, "cmdq": 1, "read": {"device_start": -1, "device_end": -1}}, "empty17": {"write": {"device_start": 1585586310.307699, "host_queued_start": 1585586375.687619, "device_queued": 1585586310.3075557, "device_end": 1585586310.3077488, "host_queued_end": 1585586375.718073}, "device": "gpu", "nd_range": {"device_start": 1585586310.3077533, "device_end": 1585586310.30776}, "cmdq": 0, "read": {"device_start": -1, "device_end": -1}}, "empty35": {"write": {"device_start": 1585586310.307902, "host_queued_start": 1585586375.689595, "device_queued": 1585586310.30771, "device_end": 1585586310.3079765, "host_queued_end": 1585586375.718073}, "device": "gpu", "nd_range": {"device_start": 1585586310.307984, "device_end": 1585586310.3079891}, "cmdq": 2, "read": {"device_start": -1, "device_end": -1}}, "empty53": {"write": {"device_start": 1585586310.3081415, "host_queued_start": 1585586375.691284, "device_queued": 1585586310.3080404, "device_end": 1585586310.3082132, "host_queued_end": 1585586375.718073}, "device": "gpu", "nd_range": {"device_start": 1585586310.308218, "device_end": 1585586310.308226}, "cmdq": 1, "read": {"device_start": -1, "device_end": -1}}, "FFC_sans_bias46": {"write": {"device_start": 1585586310.3138607, "host_queued_start": 1585586375.705709, "device_queued": 1585586310.30946, "device_end": 1585586310.3138871, "host_queued_end": 1585586375.718073}, "device": "gpu", "nd_range": {"device_start": 1585586310.313892, "device_end": 1585586310.3151596}, "cmdq": 0, "read": {"device_start": -1, "device_end": -1}}, "coalesced_transpose48": {"write": {"device_start": -1, "host_queued_start": 1585586375.708289, "device_queued": -1, "device_end": -1, "host_queued_end": 1585586375.718073}, "device": "gpu", "nd_range": {"device_start": 1585586310.3155506, "device_end": 1585586310.3155785}, "cmdq": 0, "read": {"device_start": -1, "device_end": -1}}}