{"FFC_sans_bias4": {"write": {"device_start": -1, "host_queued_start": 1585586594.433785, "device_queued": -1, "device_end": -1, "host_queued_end": 1585586594.441369}, "device": "cpu", "nd_range": {"device_start": 2254368.683214649, "device_end": 2254368.689898216}, "cmdq": 2, "read": {"device_start": -1, "device_end": -1}}, "FFC_sans_bias7": {"write": {"device_start": -1, "host_queued_start": 1585586594.438342, "device_queued": -1, "device_end": -1, "host_queued_end": 1585586594.441369}, "device": "cpu", "nd_range": {"device_start": 2254368.7223091093, "device_end": 2254368.7346724044}, "cmdq": 2, "read": {"device_start": -1, "device_end": -1}}, "FFC_sans_bias6": {"write": {"device_start": -1, "host_queued_start": 1585586594.436277, "device_queued": -1, "device_end": -1, "host_queued_end": 1585586594.441369}, "device": "cpu", "nd_range": {"device_start": 2254368.70200686, "device_end": 2254368.721876298}, "cmdq": 1, "read": {"device_start": -1, "device_end": -1}}, "FFC_sans_bias1": {"write": {"device_start": -1, "host_queued_start": 1585586594.421424, "device_queued": -1, "device_end": -1, "host_queued_end": 1585586594.441369}, "device": "cpu", "nd_range": {"device_start": 2254368.631038056, "device_end": 2254368.6434055082}, "cmdq": 2, "read": {"device_start": -1, "device_end": -1}}, "FFC_sans_bias0": {"write": {"device_start": -1, "host_queued_start": 1585586594.420324, "device_queued": -1, "device_end": -1, "host_queued_end": 1585586594.441369}, "device": "cpu", "nd_range": {"device_start": 2254368.63099221, "device_end": 2254368.647727712}, "cmdq": 1, "read": {"device_start": -1, "device_end": -1}}, "FFC_sans_bias2": {"write": {"device_start": -1, "host_queued_start": 1585586594.422521, "device_queued": -1, "device_end": -1, "host_queued_end": 1585586594.441369}, "device": "cpu", "nd_range": {"device_start": 2254368.630999986, "device_end": 2254368.63883006}, "cmdq": 0, "read": {"device_start": -1, "device_end": -1}}, "FFC_sans_bias52": {"write": {"device_start": 1585586529.0036416, "host_queued_start": 1585586594.41521, "device_queued": 1585586529.0003037, "device_end": 1585586529.0036724, "host_queued_end": 1585586594.415312}, "device": "gpu", "nd_range": {"device_start": 1585586529.0045104, "device_end": 1585586529.005476}, "cmdq": 2, "read": {"device_start": 1585586529.0054777, "device_end": 1585586529.0055015}}, "FFC_sans_bias9": {"write": {"device_start": -1, "host_queued_start": 1585586594.423704, "device_queued": -1, "device_end": -1, "host_queued_end": 1585586594.441369}, "device": "cpu", "nd_range": {"device_start": 2254368.6488012113, "device_end": 2254368.659442536}, "cmdq": 1, "read": {"device_start": -1, "device_end": -1}}, "coalesced_transpose39": {"write": {"device_start": -1, "host_queued_start": 1585586594.411004, "device_queued": -1, "device_end": -1, "host_queued_end": 1585586594.415312}, "device": "gpu", "nd_range": {"device_start": 1585586529.000474, "device_end": 1585586529.0023139}, "cmdq": 3, "read": {"device_start": -1, "device_end": -1}}, "FFC_sans_bias51": {"write": {"device_start": -1, "host_queued_start": 1585586594.413087, "device_queued": -1, "device_end": -1, "host_queued_end": 1585586594.415312}, "device": "gpu", "nd_range": {"device_start": 1585586529.0038214, "device_end": 1585586529.0045042}, "cmdq": 0, "read": {"device_start": -1, "device_end": -1}}, "softmax23": {"write": {"device_start": -1, "host_queued_start": 1585586594.435667, "device_queued": -1, "device_end": -1, "host_queued_end": 1585586594.441369}, "device": "cpu", "nd_range": {"device_start": 2254368.7010766882, "device_end": 2254368.7029701993}, "cmdq": 2, "read": {"device_start": -1, "device_end": -1}}, "FFC_sans_bias37": {"write": {"device_start": 1585586528.999384, "host_queued_start": 1585586594.406393, "device_queued": 1585586528.9991136, "device_end": 1585586528.9994595, "host_queued_end": 1585586594.415312}, "device": "gpu", "nd_range": {"device_start": 1585586528.9994805, "device_end": 1585586529.0004728}, "cmdq": 3, "read": {"device_start": -1, "device_end": -1}}, "softmax41": {"write": {"device_start": -1, "host_queued_start": 1585586594.412204, "device_queued": -1, "device_end": -1, "host_queued_end": 1585586594.415312}, "device": "gpu", "nd_range": {"device_start": 1585586529.0029433, "device_end": 1585586529.0034745}, "cmdq": 2, "read": {"device_start": -1, "device_end": -1}}, "FFC_sans_bias11": {"write": {"device_start": -1, "host_queued_start": 1585586594.425801, "device_queued": -1, "device_end": -1, "host_queued_end": 1585586594.441369}, "device": "cpu", "nd_range": {"device_start": 2254368.6389448983, "device_end": 2254368.65320014}, "cmdq": 0, "read": {"device_start": -1, "device_end": -1}}, "FFC_sans_bias10": {"write": {"device_start": -1, "host_queued_start": 1585586594.424756, "device_queued": -1, "device_end": -1, "host_queued_end": 1585586594.441369}, "device": "cpu", "nd_range": {"device_start": 2254368.643412991, "device_end": 2254368.653406519}, "cmdq": 2, "read": {"device_start": -1, "device_end": -1}}, "coalesced_transpose3": {"write": {"device_start": -1, "host_queued_start": 1585586594.432438, "device_queued": -1, "device_end": -1, "host_queued_end": 1585586594.441369}, "device": "cpu", "nd_range": {"device_start": 2254368.682936607, "device_end": 2254368.6830948084}, "cmdq": 1, "read": {"device_start": -1, "device_end": -1}}, "FFC_sans_bias34": {"write": {"device_start": -1, "host_queued_start": 1585586594.441325, "device_queued": -1, "device_end": -1, "host_queued_end": 1585586594.441369}, "device": "cpu", "nd_range": {"device_start": 2254368.7351651853, "device_end": 2254368.74328958}, "cmdq": 2, "read": {"device_start": -1, "device_end": -1}}, "FFC_sans_bias15": {"write": {"device_start": -1, "host_queued_start": 1585586594.43662, "device_queued": -1, "device_end": -1, "host_queued_end": 1585586594.441369}, "device": "cpu", "nd_range": {"device_start": 2254368.703092113, "device_end": 2254368.71433279}, "cmdq": 2, "read": {"device_start": -1, "device_end": -1}}, "FFC_sans_bias31": {"write": {"device_start": -1, "host_queued_start": 1585586594.434839, "device_queued": -1, "device_end": -1, "host_queued_end": 1585586594.441369}, "device": "cpu", "nd_range": {"device_start": 2254368.690036978, "device_end": 2254368.701068635}, "cmdq": 2, "read": {"device_start": -1, "device_end": -1}}, "FFC_sans_bias16": {"write": {"device_start": -1, "host_queued_start": 1585586594.439356, "device_queued": -1, "device_end": -1, "host_queued_end": 1585586594.441369}, "device": "cpu", "nd_range": {"device_start": 2254368.721883737, "device_end": 2254368.734685456}, "cmdq": 0, "read": {"device_start": -1, "device_end": -1}}, "FFC_sans_bias19": {"write": {"device_start": -1, "host_queued_start": 1585586594.427898, "device_queued": -1, "device_end": -1, "host_queued_end": 1585586594.441369}, "device": "cpu", "nd_range": {"device_start": 2254368.6534139393, "device_end": 2254368.6687077982}, "cmdq": 2, "read": {"device_start": -1, "device_end": -1}}, "FFC_sans_bias18": {"write": {"device_start": -1, "host_queued_start": 1585586594.426864, "device_queued": -1, "device_end": -1, "host_queued_end": 1585586594.441369}, "device": "cpu", "nd_range": {"device_start": 2254368.659555646, "device_end": 2254368.6706598992}, "cmdq": 1, "read": {"device_start": -1, "device_end": -1}}, "coalesced_transpose30": {"write": {"device_start": -1, "host_queued_start": 1585586594.433446, "device_queued": -1, "device_end": -1, "host_queued_end": 1585586594.441369}, "device": "cpu", "nd_range": {"device_start": 2254368.683230246, "device_end": 2254368.683440682}, "cmdq": 1, "read": {"device_start": -1, "device_end": -1}}, "FFC_sans_bias38": {"write": {"device_start": 1585586528.9994764, "host_queued_start": 1585586594.407489, "device_queued": 1585586528.9993758, "device_end": 1585586528.9995027, "host_queued_end": 1585586594.415312}, "device": "gpu", "nd_range": {"device_start": 1585586528.9995065, "device_end": 1585586529.0010345}, "cmdq": 4, "read": {"device_start": -1, "device_end": -1}}, "empty26": {"write": {"device_start": -1, "host_queued_start": 1585586594.418521, "device_queued": -1, "device_end": -1, "host_queued_end": 1585586594.441369}, "device": "cpu", "nd_range": {"device_start": 2254368.6310175853, "device_end": 2254368.631022513}, "cmdq": 2, "read": {"device_start": -1, "device_end": -1}}, "coalesced_transpose12": {"write": {"device_start": -1, "host_queued_start": 1585586594.432785, "device_queued": -1, "device_end": -1, "host_queued_end": 1585586594.441369}, "device": "cpu", "nd_range": {"device_start": 2254368.682280927, "device_end": 2254368.6824399834}, "cmdq": 2, "read": {"device_start": -1, "device_end": -1}}, "empty44": {"write": {"device_start": 1585586528.999097, "host_queued_start": 1585586594.40329, "device_queued": 1585586528.9989455, "device_end": 1585586528.9991355, "host_queued_end": 1585586594.415312}, "device": "gpu", "nd_range": {"device_start": 1585586528.9991462, "device_end": 1585586528.9991512}, "cmdq": 0, "read": {"device_start": -1, "device_end": -1}}, "coalesced_transpose21": {"write": {"device_start": -1, "host_queued_start": 1585586594.433118, "device_queued": -1, "device_end": -1, "host_queued_end": 1585586594.441369}, "device": "cpu", "nd_range": {"device_start": 2254368.683272581, "device_end": 2254368.684026503}, "cmdq": 0, "read": {"device_start": -1, "device_end": -1}}, "FFC_sans_bias36": {"write": {"device_start": 1585586528.9992929, "host_queued_start": 1585586594.40539, "device_queued": 1585586528.999083, "device_end": 1585586528.999362, "host_queued_end": 1585586594.415312}, "device": "gpu", "nd_range": {"device_start": 1585586528.9994605, "device_end": 1585586529.0000694}, "cmdq": 2, "read": {"device_start": -1, "device_end": -1}}, "softmax14": {"write": {"device_start": -1, "host_queued_start": 1585586594.435392, "device_queued": -1, "device_end": -1, "host_queued_end": 1585586594.441369}, "device": "cpu", "nd_range": {"device_start": 2254368.701663955, "device_end": 2254368.7019034303}, "cmdq": 1, "read": {"device_start": -1, "device_end": -1}}, "FFC_sans_bias13": {"write": {"device_start": -1, "host_queued_start": 1585586594.434127, "device_queued": -1, "device_end": -1, "host_queued_end": 1585586594.441369}, "device": "cpu", "nd_range": {"device_start": 2254368.684291995, "device_end": 2254368.700624716}, "cmdq": 0, "read": {"device_start": -1, "device_end": -1}}, "empty8": {"write": {"device_start": -1, "host_queued_start": 1585586594.416715, "device_queued": -1, "device_end": -1, "host_queued_end": 1585586594.441369}, "device": "cpu", "nd_range": {"device_start": 2254368.630956546, "device_end": 2254368.6309707523}, "cmdq": 0, "read": {"device_start": -1, "device_end": -1}}, "FFC_sans_bias42": {"write": {"device_start": -1, "host_queued_start": 1585586594.412777, "device_queued": -1, "device_end": -1, "host_queued_end": 1585586594.415312}, "device": "gpu", "nd_range": {"device_start": 1585586529.0034776, "device_end": 1585586529.0040953}, "cmdq": 4, "read": {"device_start": -1, "device_end": -1}}, "FFC_sans_bias43": {"write": {"device_start": 1585586529.0035546, "host_queued_start": 1585586594.414106, "device_queued": 1585586529.000276, "device_end": 1585586529.0036192, "host_queued_end": 1585586594.415312}, "device": "gpu", "nd_range": {"device_start": 1585586529.0040987, "device_end": 1585586529.005077}, "cmdq": 1, "read": {"device_start": 1585586529.0050797, "device_end": 1585586529.005103}}, "FFC_sans_bias40": {"write": {"device_start": -1, "host_queued_start": 1585586594.41162, "device_queued": -1, "device_end": -1, "host_queued_end": 1585586594.415312}, "device": "gpu", "nd_range": {"device_start": 1585586529.0023224, "device_end": 1585586529.0029376}, "cmdq": 0, "read": {"device_start": -1, "device_end": -1}}, "softmax32": {"write": {"device_start": -1, "host_queued_start": 1585586594.435942, "device_queued": -1, "device_end": -1, "host_queued_end": 1585586594.441369}, "device": "cpu", "nd_range": {"device_start": 2254368.701785203, "device_end": 2254368.70217832}, "cmdq": 0, "read": {"device_start": -1, "device_end": -1}}, "FFC_sans_bias47": {"write": {"device_start": 1585586529.0001745, "host_queued_start": 1585586594.410674, "device_queued": 1585586528.9996943, "device_end": 1585586529.000205, "host_queued_end": 1585586594.415312}, "device": "gpu", "nd_range": {"device_start": 1585586529.0002112, "device_end": 1585586529.0024633}, "cmdq": 2, "read": {"device_start": -1, "device_end": -1}}, "FFC_sans_bias45": {"write": {"device_start": 1585586528.9997149, "host_queued_start": 1585586594.408576, "device_queued": 1585586528.999618, "device_end": 1585586528.9997828, "host_queued_end": 1585586594.415312}, "device": "gpu", "nd_range": {"device_start": 1585586528.9997904, "device_end": 1585586529.0014658}, "cmdq": 0, "read": {"device_start": -1, "device_end": -1}}, "softmax50": {"write": {"device_start": -1, "host_queued_start": 1585586594.412454, "device_queued": -1, "device_end": -1, "host_queued_end": 1585586594.415312}, "device": "gpu", "nd_range": {"device_start": 1585586529.003448, "device_end": 1585586529.003818}, "cmdq": 3, "read": {"device_start": -1, "device_end": -1}}, "FFC_sans_bias33": {"write": {"device_start": -1, "host_queued_start": 1585586594.437301, "device_queued": -1, "device_end": -1, "host_queued_end": 1585586594.441369}, "device": "cpu", "nd_range": {"device_start": 2254368.722087726, "device_end": 2254368.7351579093}, "cmdq": 1, "read": {"device_start": -1, "device_end": -1}}, "FFC_sans_bias49": {"write": {"device_start": -1, "host_queued_start": 1585586594.411945, "device_queued": -1, "device_end": -1, "host_queued_end": 1585586594.415312}, "device": "gpu", "nd_range": {"device_start": 1585586529.0024726, "device_end": 1585586529.003441}, "cmdq": 1, "read": {"device_start": -1, "device_end": -1}}, "FFC_sans_bias24": {"write": {"device_start": -1, "host_queued_start": 1585586594.436962, "device_queued": -1, "device_end": -1, "host_queued_end": 1585586594.441369}, "device": "cpu", "nd_range": {"device_start": 2254368.7041267743, "device_end": 2254368.721875971}, "cmdq": 0, "read": {"device_start": -1, "device_end": -1}}, "FFC_sans_bias25": {"write": {"device_start": -1, "host_queued_start": 1585586594.44034, "device_queued": -1, "device_end": -1, "host_queued_end": 1585586594.441369}, "device": "cpu", "nd_range": {"device_start": 2254368.73517763, "device_end": 2254368.742091094}, "cmdq": 1, "read": {"device_start": -1, "device_end": -1}}, "FFC_sans_bias27": {"write": {"device_start": -1, "host_queued_start": 1585586594.429984, "device_queued": -1, "device_end": -1, "host_queued_end": 1585586594.441369}, "device": "cpu", "nd_range": {"device_start": 2254368.67077148, "device_end": 2254368.682928507}, "cmdq": 1, "read": {"device_start": -1, "device_end": -1}}, "FFC_sans_bias20": {"write": {"device_start": -1, "host_queued_start": 1585586594.428944, "device_queued": -1, "device_end": -1, "host_queued_end": 1585586594.441369}, "device": "cpu", "nd_range": {"device_start": 2254368.6537622563, "device_end": 2254368.667642748}, "cmdq": 0, "read": {"device_start": -1, "device_end": -1}}, "FFC_sans_bias22": {"write": {"device_start": -1, "host_queued_start": 1585586594.434469, "device_queued": -1, "device_end": -1, "host_queued_end": 1585586594.441369}, "device": "cpu", "nd_range": {"device_start": 2254368.687196303, "device_end": 2254368.6966921883}, "cmdq": 1, "read": {"device_start": -1, "device_end": -1}}, "softmax5": {"write": {"device_start": -1, "host_queued_start": 1585586594.435118, "device_queued": -1, "device_end": -1, "host_queued_end": 1585586594.441369}, "device": "cpu", "nd_range": {"device_start": 2254368.7016458753, "device_end": 2254368.7017786293}, "cmdq": 0, "read": {"device_start": -1, "device_end": -1}}, "FFC_sans_bias28": {"write": {"device_start": -1, "host_queued_start": 1585586594.431052, "device_queued": -1, "device_end": -1, "host_queued_end": 1585586594.441369}, "device": "cpu", "nd_range": {"device_start": 2254368.6687148833, "device_end": 2254368.6822744124}, "cmdq": 2, "read": {"device_start": -1, "device_end": -1}}, "FFC_sans_bias29": {"write": {"device_start": -1, "host_queued_start": 1585586594.432117, "device_queued": -1, "device_end": -1, "host_queued_end": 1585586594.441369}, "device": "cpu", "nd_range": {"device_start": 2254368.66915697, "device_end": 2254368.683263552}, "cmdq": 0, "read": {"device_start": -1, "device_end": -1}}, "empty17": {"write": {"device_start": -1, "host_queued_start": 1585586594.417687, "device_queued": -1, "device_end": -1, "host_queued_end": 1585586594.441369}, "device": "cpu", "nd_range": {"device_start": 2254368.630959282, "device_end": 2254368.6309707053}, "cmdq": 1, "read": {"device_start": -1, "device_end": -1}}, "empty35": {"write": {"device_start": -1, "host_queued_start": 1585586594.419381, "device_queued": -1, "device_end": -1, "host_queued_end": 1585586594.441369}, "device": "cpu", "nd_range": {"device_start": 2254368.63099227, "device_end": 2254368.6309932843}, "cmdq": 0, "read": {"device_start": -1, "device_end": -1}}, "empty53": {"write": {"device_start": 1585586528.999201, "host_queued_start": 1585586594.404329, "device_queued": 1585586528.9990613, "device_end": 1585586528.9992654, "host_queued_end": 1585586594.415312}, "device": "gpu", "nd_range": {"device_start": 1585586528.9994326, "device_end": 1585586528.9994643}, "cmdq": 1, "read": {"device_start": -1, "device_end": -1}}, "FFC_sans_bias46": {"write": {"device_start": 1585586528.9998085, "host_queued_start": 1585586594.409607, "device_queued": 1585586528.9996781, "device_end": 1585586528.999833, "host_queued_end": 1585586594.415312}, "device": "gpu", "nd_range": {"device_start": 1585586528.9998841, "device_end": 1585586529.002003}, "cmdq": 1, "read": {"device_start": -1, "device_end": -1}}, "coalesced_transpose48": {"write": {"device_start": -1, "host_queued_start": 1585586594.411303, "device_queued": -1, "device_end": -1, "host_queued_end": 1585586594.415312}, "device": "gpu", "nd_range": {"device_start": 1585586529.0023184, "device_end": 1585586529.0023315}, "cmdq": 4, "read": {"device_start": -1, "device_end": -1}}}