{"FFC_sans_bias4": {"write": {"device_start": -1, "host_queued_start": 1585586323.776409, "device_queued": -1, "device_end": -1, "host_queued_end": 1585586323.78207}, "device": "cpu", "nd_range": {"device_start": 2254098.015943426, "device_end": 2254098.026245473}, "cmdq": 3, "read": {"device_start": -1, "device_end": -1}}, "FFC_sans_bias7": {"write": {"device_start": -1, "host_queued_start": 1585586323.780034, "device_queued": -1, "device_end": -1, "host_queued_end": 1585586323.78207}, "device": "cpu", "nd_range": {"device_start": 2254098.0334688323, "device_end": 2254098.0415479112}, "cmdq": 0, "read": {"device_start": -1, "device_end": -1}}, "FFC_sans_bias6": {"write": {"device_start": -1, "host_queued_start": 1585586323.778281, "device_queued": -1, "device_end": -1, "host_queued_end": 1585586323.78207}, "device": "cpu", "nd_range": {"device_start": 2254098.02681197, "device_end": 2254098.03345736}, "cmdq": 1, "read": {"device_start": -1, "device_end": -1}}, "FFC_sans_bias1": {"write": {"device_start": -1, "host_queued_start": 1585586323.767372, "device_queued": -1, "device_end": -1, "host_queued_end": 1585586323.78207}, "device": "cpu", "nd_range": {"device_start": 2254097.971699248, "device_end": 2254097.987496817}, "cmdq": 0, "read": {"device_start": -1, "device_end": -1}}, "FFC_sans_bias0": {"write": {"device_start": -1, "host_queued_start": 1585586323.766266, "device_queued": -1, "device_end": -1, "host_queued_end": 1585586323.78207}, "device": "cpu", "nd_range": {"device_start": 2254097.971820762, "device_end": 2254097.9870262253}, "cmdq": 3, "read": {"device_start": -1, "device_end": -1}}, "FFC_sans_bias2": {"write": {"device_start": -1, "host_queued_start": 1585586323.768424, "device_queued": -1, "device_end": -1, "host_queued_end": 1585586323.78207}, "device": "cpu", "nd_range": {"device_start": 2254097.9717075713, "device_end": 2254097.98712348}, "cmdq": 1, "read": {"device_start": -1, "device_end": -1}}, "FFC_sans_bias52": {"write": {"device_start": 1585586258.3613465, "host_queued_start": 1585586323.761278, "device_queued": 1585586258.354374, "device_end": 1585586258.3613772, "host_queued_end": 1585586323.761383}, "device": "gpu", "nd_range": {"device_start": 1585586258.3613827, "device_end": 1585586258.36208}, "cmdq": 0, "read": {"device_start": 1585586258.3620884, "device_end": 1585586258.3621116}}, "FFC_sans_bias9": {"write": {"device_start": -1, "host_queued_start": 1585586323.769469, "device_queued": -1, "device_end": -1, "host_queued_end": 1585586323.78207}, "device": "cpu", "nd_range": {"device_start": 2254097.971704145, "device_end": 2254097.9871805203}, "cmdq": 2, "read": {"device_start": -1, "device_end": -1}}, "coalesced_transpose39": {"write": {"device_start": -1, "host_queued_start": 1585586323.75519, "device_queued": -1, "device_end": -1, "host_queued_end": 1585586323.761383}, "device": "gpu", "nd_range": {"device_start": 1585586258.3572958, "device_end": 1585586258.3573074}, "cmdq": 1, "read": {"device_start": -1, "device_end": -1}}, "FFC_sans_bias51": {"write": {"device_start": -1, "host_queued_start": 1585586323.758162, "device_queued": -1, "device_end": -1, "host_queued_end": 1585586323.761383}, "device": "gpu", "nd_range": {"device_start": 1585586258.359698, "device_end": 1585586258.3606641}, "cmdq": 1, "read": {"device_start": -1, "device_end": -1}}, "softmax23": {"write": {"device_start": -1, "host_queued_start": 1585586323.777941, "device_queued": -1, "device_end": -1, "host_queued_end": 1585586323.78207}, "device": "cpu", "nd_range": {"device_start": 2254098.026264462, "device_end": 2254098.02683188}, "cmdq": 0, "read": {"device_start": -1, "device_end": -1}}, "FFC_sans_bias37": {"write": {"device_start": 1585586258.35456, "host_queued_start": 1585586323.750342, "device_queued": 1585586258.3529801, "device_end": 1585586258.3545916, "host_queued_end": 1585586323.761383}, "device": "gpu", "nd_range": {"device_start": 1585586258.3545957, "device_end": 1585586258.355387}, "cmdq": 1, "read": {"device_start": -1, "device_end": -1}}, "softmax41": {"write": {"device_start": -1, "host_queued_start": 1585586323.756977, "device_queued": -1, "device_end": -1, "host_queued_end": 1585586323.761383}, "device": "gpu", "nd_range": {"device_start": 1585586258.3588836, "device_end": 1585586258.3590837}, "cmdq": 1, "read": {"device_start": -1, "device_end": -1}}, "FFC_sans_bias11": {"write": {"device_start": -1, "host_queued_start": 1585586323.77187, "device_queued": -1, "device_end": -1, "host_queued_end": 1585586323.78207}, "device": "cpu", "nd_range": {"device_start": 2254097.987619495, "device_end": 2254098.003777677}, "cmdq": 0, "read": {"device_start": -1, "device_end": -1}}, "FFC_sans_bias10": {"write": {"device_start": -1, "host_queued_start": 1585586323.77067, "device_queued": -1, "device_end": -1, "host_queued_end": 1585586323.78207}, "device": "cpu", "nd_range": {"device_start": 2254097.987255147, "device_end": 2254098.0024342933}, "cmdq": 3, "read": {"device_start": -1, "device_end": -1}}, "coalesced_transpose3": {"write": {"device_start": -1, "host_queued_start": 1585586323.775386, "device_queued": -1, "device_end": -1, "host_queued_end": 1585586323.78207}, "device": "cpu", "nd_range": {"device_start": 2254098.0038945563, "device_end": 2254098.004144071}, "cmdq": 0, "read": {"device_start": -1, "device_end": -1}}, "FFC_sans_bias34": {"write": {"device_start": 1585586258.3602448, "host_queued_start": 1585586323.759198, "device_queued": 1585586258.3541427, "device_end": 1585586258.3602757, "host_queued_end": 1585586323.761383}, "device": "gpu", "nd_range": {"device_start": 1585586258.3602815, "device_end": 1585586258.361103}, "cmdq": 0, "read": {"device_start": 1585586258.36111, "device_end": 1585586258.3611345}}, "FFC_sans_bias15": {"write": {"device_start": -1, "host_queued_start": 1585586323.778649, "device_queued": -1, "device_end": -1, "host_queued_end": 1585586323.78207}, "device": "cpu", "nd_range": {"device_start": 2254098.0307389693, "device_end": 2254098.0453445003}, "cmdq": 2, "read": {"device_start": -1, "device_end": -1}}, "FFC_sans_bias31": {"write": {"device_start": -1, "host_queued_start": 1585586323.75583, "device_queued": -1, "device_end": -1, "host_queued_end": 1585586323.761383}, "device": "gpu", "nd_range": {"device_start": 1585586258.357313, "device_end": 1585586258.3579254}, "cmdq": 1, "read": {"device_start": -1, "device_end": -1}}, "FFC_sans_bias16": {"write": {"device_start": -1, "host_queued_start": 1585586323.78103, "device_queued": -1, "device_end": -1, "host_queued_end": 1585586323.78207}, "device": "cpu", "nd_range": {"device_start": 2254098.0453510843, "device_end": 2254098.053482544}, "cmdq": 1, "read": {"device_start": -1, "device_end": -1}}, "FFC_sans_bias19": {"write": {"device_start": -1, "host_queued_start": 1585586323.773973, "device_queued": -1, "device_end": -1, "host_queued_end": 1585586323.78207}, "device": "cpu", "nd_range": {"device_start": 2254097.990682835, "device_end": 2254098.01134683}, "cmdq": 2, "read": {"device_start": -1, "device_end": -1}}, "FFC_sans_bias18": {"write": {"device_start": -1, "host_queued_start": 1585586323.772928, "device_queued": -1, "device_end": -1, "host_queued_end": 1585586323.78207}, "device": "cpu", "nd_range": {"device_start": 2254097.987143983, "device_end": 2254098.002445835}, "cmdq": 1, "read": {"device_start": -1, "device_end": -1}}, "coalesced_transpose30": {"write": {"device_start": -1, "host_queued_start": 1585586323.754892, "device_queued": -1, "device_end": -1, "host_queued_end": 1585586323.761383}, "device": "gpu", "nd_range": {"device_start": 1585586258.3568604, "device_end": 1585586258.3571897}, "cmdq": 0, "read": {"device_start": -1, "device_end": -1}}, "FFC_sans_bias38": {"write": {"device_start": 1585586258.3550162, "host_queued_start": 1585586323.75141, "device_queued": 1585586258.353115, "device_end": 1585586258.355049, "host_queued_end": 1585586323.761383}, "device": "gpu", "nd_range": {"device_start": 1585586258.355054, "device_end": 1585586258.3558733}, "cmdq": 0, "read": {"device_start": -1, "device_end": -1}}, "empty26": {"write": {"device_start": -1, "host_queued_start": 1585586323.765004, "device_queued": -1, "device_end": -1, "host_queued_end": 1585586323.78207}, "device": "cpu", "nd_range": {"device_start": 2254097.971694834, "device_end": 2254097.971695914}, "cmdq": 2, "read": {"device_start": -1, "device_end": -1}}, "coalesced_transpose12": {"write": {"device_start": -1, "host_queued_start": 1585586323.775724, "device_queued": -1, "device_end": -1, "host_queued_end": 1585586323.78207}, "device": "cpu", "nd_range": {"device_start": 2254098.004252599, "device_end": 2254098.004488813}, "cmdq": 1, "read": {"device_start": -1, "device_end": -1}}, "empty44": {"write": {"device_start": 1585586258.3525736, "host_queued_start": 1585586323.74434, "device_queued": 1585586258.3524036, "device_end": 1585586258.352638, "host_queued_end": 1585586323.761383}, "device": "gpu", "nd_range": {"device_start": 1585586258.3526416, "device_end": 1585586258.3526456}, "cmdq": 1, "read": {"device_start": -1, "device_end": -1}}, "coalesced_transpose21": {"write": {"device_start": -1, "host_queued_start": 1585586323.776057, "device_queued": -1, "device_end": -1, "host_queued_end": 1585586323.78207}, "device": "cpu", "nd_range": {"device_start": 2254098.011354388, "device_end": 2254098.013713207}, "cmdq": 2, "read": {"device_start": -1, "device_end": -1}}, "FFC_sans_bias36": {"write": {"device_start": 1585586258.3540385, "host_queued_start": 1585586323.749307, "device_queued": 1585586258.3529394, "device_end": 1585586258.35407, "host_queued_end": 1585586323.761383}, "device": "gpu", "nd_range": {"device_start": 1585586258.354074, "device_end": 1585586258.3548872}, "cmdq": 0, "read": {"device_start": -1, "device_end": -1}}, "softmax14": {"write": {"device_start": -1, "host_queued_start": 1585586323.777668, "device_queued": -1, "device_end": -1, "host_queued_end": 1585586323.78207}, "device": "cpu", "nd_range": {"device_start": 2254098.026266417, "device_end": 2254098.026779598}, "cmdq": 3, "read": {"device_start": -1, "device_end": -1}}, "FFC_sans_bias13": {"write": {"device_start": -1, "host_queued_start": 1585586323.776772, "device_queued": -1, "device_end": -1, "host_queued_end": 1585586323.78207}, "device": "cpu", "nd_range": {"device_start": 2254098.005429338, "device_end": 2254098.014210658}, "cmdq": 0, "read": {"device_start": -1, "device_end": -1}}, "empty8": {"write": {"device_start": -1, "host_queued_start": 1585586323.762842, "device_queued": -1, "device_end": -1, "host_queued_end": 1585586323.78207}, "device": "cpu", "nd_range": {"device_start": 2254097.971663278, "device_end": 2254097.971673862}, "cmdq": 0, "read": {"device_start": -1, "device_end": -1}}, "FFC_sans_bias42": {"write": {"device_start": -1, "host_queued_start": 1585586323.757842, "device_queued": -1, "device_end": -1, "host_queued_end": 1585586323.761383}, "device": "gpu", "nd_range": {"device_start": 1585586258.3591251, "device_end": 1585586258.360101}, "cmdq": 0, "read": {"device_start": -1, "device_end": -1}}, "FFC_sans_bias43": {"write": {"device_start": 1585586258.360796, "host_queued_start": 1585586323.760245, "device_queued": 1585586258.3541918, "device_end": 1585586258.3608212, "host_queued_end": 1585586323.761383}, "device": "gpu", "nd_range": {"device_start": 1585586258.3608274, "device_end": 1585586258.3616247}, "cmdq": 1, "read": {"device_start": 1585586258.3616343, "device_end": 1585586258.3616576}}, "FFC_sans_bias40": {"write": {"device_start": -1, "host_queued_start": 1585586323.756164, "device_queued": -1, "device_end": -1, "host_queued_end": 1585586323.761383}, "device": "gpu", "nd_range": {"device_start": 1585586258.3573205, "device_end": 1585586258.3583279}, "cmdq": 0, "read": {"device_start": -1, "device_end": -1}}, "softmax32": {"write": {"device_start": -1, "host_queued_start": 1585586323.756736, "device_queued": -1, "device_end": -1, "host_queued_end": 1585586323.761383}, "device": "gpu", "nd_range": {"device_start": 1585586258.3583333, "device_end": 1585586258.35891}, "cmdq": 0, "read": {"device_start": -1, "device_end": -1}}, "FFC_sans_bias47": {"write": {"device_start": 1585586258.356482, "host_queued_start": 1585586323.754528, "device_queued": 1585586258.353355, "device_end": 1585586258.3565137, "host_queued_end": 1585586323.761383}, "device": "gpu", "nd_range": {"device_start": 1585586258.3565178, "device_end": 1585586258.3572948}, "cmdq": 1, "read": {"device_start": -1, "device_end": -1}}, "FFC_sans_bias45": {"write": {"device_start": 1585586258.3555162, "host_queued_start": 1585586323.752448, "device_queued": 1585586258.3531573, "device_end": 1585586258.3555474, "host_queued_end": 1585586323.761383}, "device": "gpu", "nd_range": {"device_start": 1585586258.3555512, "device_end": 1585586258.356345}, "cmdq": 1, "read": {"device_start": -1, "device_end": -1}}, "softmax50": {"write": {"device_start": -1, "host_queued_start": 1585586323.757219, "device_queued": -1, "device_end": -1, "host_queued_end": 1585586323.761383}, "device": "gpu", "nd_range": {"device_start": 1585586258.358915, "device_end": 1585586258.35912}, "cmdq": 0, "read": {"device_start": -1, "device_end": -1}}, "FFC_sans_bias33": {"write": {"device_start": -1, "host_queued_start": 1585586323.757523, "device_queued": -1, "device_end": -1, "host_queued_end": 1585586323.761383}, "device": "gpu", "nd_range": {"device_start": 1585586258.359089, "device_end": 1585586258.3596938}, "cmdq": 1, "read": {"device_start": -1, "device_end": -1}}, "FFC_sans_bias49": {"write": {"device_start": -1, "host_queued_start": 1585586323.756482, "device_queued": -1, "device_end": -1, "host_queued_end": 1585586323.761383}, "device": "gpu", "nd_range": {"device_start": 1585586258.357931, "device_end": 1585586258.3588784}, "cmdq": 1, "read": {"device_start": -1, "device_end": -1}}, "FFC_sans_bias24": {"write": {"device_start": -1, "host_queued_start": 1585586323.778994, "device_queued": -1, "device_end": -1, "host_queued_end": 1585586323.78207}, "device": "cpu", "nd_range": {"device_start": 2254098.0269257883, "device_end": 2254098.040250916}, "cmdq": 3, "read": {"device_start": -1, "device_end": -1}}, "FFC_sans_bias25": {"write": {"device_start": -1, "host_queued_start": 1585586323.782026, "device_queued": -1, "device_end": -1, "host_queued_end": 1585586323.78207}, "device": "cpu", "nd_range": {"device_start": 2254098.0453683953, "device_end": 2254098.058957716}, "cmdq": 2, "read": {"device_start": -1, "device_end": -1}}, "FFC_sans_bias27": {"write": {"device_start": 1585586258.3527944, "host_queued_start": 1585586323.74615, "device_queued": 1585586258.3525257, "device_end": 1585586258.3528624, "host_queued_end": 1585586323.761383}, "device": "gpu", "nd_range": {"device_start": 1585586258.3528678, "device_end": 1585586258.3534591}, "cmdq": 1, "read": {"device_start": -1, "device_end": -1}}, "FFC_sans_bias20": {"write": {"device_start": -1, "host_queued_start": 1585586323.775065, "device_queued": -1, "device_end": -1, "host_queued_end": 1585586323.78207}, "device": "cpu", "nd_range": {"device_start": 2254098.002663137, "device_end": 2254098.015934954}, "cmdq": 3, "read": {"device_start": -1, "device_end": -1}}, "FFC_sans_bias22": {"write": {"device_start": -1, "host_queued_start": 1585586323.777117, "device_queued": -1, "device_end": -1, "host_queued_end": 1585586323.78207}, "device": "cpu", "nd_range": {"device_start": 2254098.0139721553, "device_end": 2254098.026245234}, "cmdq": 1, "read": {"device_start": -1, "device_end": -1}}, "softmax5": {"write": {"device_start": -1, "host_queued_start": 1585586323.777396, "device_queued": -1, "device_end": -1, "host_queued_end": 1585586323.78207}, "device": "cpu", "nd_range": {"device_start": 2254098.0262908363, "device_end": 2254098.026792874}, "cmdq": 2, "read": {"device_start": -1, "device_end": -1}}, "FFC_sans_bias28": {"write": {"device_start": 1585586258.3529046, "host_queued_start": 1585586323.747235, "device_queued": 1585586258.3527064, "device_end": 1585586258.3529415, "host_queued_end": 1585586323.761383}, "device": "gpu", "nd_range": {"device_start": 1585586258.352945, "device_end": 1585586258.3538969}, "cmdq": 0, "read": {"device_start": -1, "device_end": -1}}, "FFC_sans_bias29": {"write": {"device_start": 1585586258.3536031, "host_queued_start": 1585586323.748277, "device_queued": 1585586258.3527565, "device_end": 1585586258.3536339, "host_queued_end": 1585586323.761383}, "device": "gpu", "nd_range": {"device_start": 1585586258.3536375, "device_end": 1585586258.3544133}, "cmdq": 1, "read": {"device_start": -1, "device_end": -1}}, "empty17": {"write": {"device_start": -1, "host_queued_start": 1585586323.763981, "device_queued": -1, "device_end": -1, "host_queued_end": 1585586323.78207}, "device": "cpu", "nd_range": {"device_start": 2254097.971663156, "device_end": 2254097.971673862}, "cmdq": 1, "read": {"device_start": -1, "device_end": -1}}, "empty35": {"write": {"device_start": 1585586258.3524287, "host_queued_start": 1585586323.743302, "device_queued": 1585586258.3523042, "device_end": 1585586258.3524966, "host_queued_end": 1585586323.761383}, "device": "gpu", "nd_range": {"device_start": 1585586258.3525023, "device_end": 1585586258.3525078}, "cmdq": 0, "read": {"device_start": -1, "device_end": -1}}, "empty53": {"write": {"device_start": 1585586258.3526847, "host_queued_start": 1585586323.745182, "device_queued": 1585586258.3524466, "device_end": 1585586258.3527553, "host_queued_end": 1585586323.761383}, "device": "gpu", "nd_range": {"device_start": 1585586258.3527625, "device_end": 1585586258.3527665}, "cmdq": 0, "read": {"device_start": -1, "device_end": -1}}, "FFC_sans_bias46": {"write": {"device_start": 1585586258.3559973, "host_queued_start": 1585586323.753489, "device_queued": 1585586258.3533058, "device_end": 1585586258.3560295, "host_queued_end": 1585586323.761383}, "device": "gpu", "nd_range": {"device_start": 1585586258.3560328, "device_end": 1585586258.3568592}, "cmdq": 0, "read": {"device_start": -1, "device_end": -1}}, "coalesced_transpose48": {"write": {"device_start": -1, "host_queued_start": 1585586323.755506, "device_queued": -1, "device_end": -1, "host_queued_end": 1585586323.761383}, "device": "gpu", "nd_range": {"device_start": 1585586258.3571913, "device_end": 1585586258.3572094}, "cmdq": 0, "read": {"device_start": -1, "device_end": -1}}}