{"FFC_sans_bias4": {"write": {"device_start": -1, "host_queued_start": 1585586553.363964, "device_queued": -1, "device_end": -1, "host_queued_end": 1585586553.369579}, "device": "cpu", "nd_range": {"device_start": 2254327.598956387, "device_end": 2254327.603277528}, "cmdq": 0, "read": {"device_start": -1, "device_end": -1}}, "FFC_sans_bias7": {"write": {"device_start": -1, "host_queued_start": 1585586553.367551, "device_queued": -1, "device_end": -1, "host_queued_end": 1585586553.369579}, "device": "cpu", "nd_range": {"device_start": 2254327.627000031, "device_end": 2254327.6315242234}, "cmdq": 0, "read": {"device_start": -1, "device_end": -1}}, "FFC_sans_bias6": {"write": {"device_start": -1, "host_queued_start": 1585586553.365806, "device_queued": -1, "device_end": -1, "host_queued_end": 1585586553.369579}, "device": "cpu", "nd_range": {"device_start": 2254327.613606424, "device_end": 2254327.6179274083}, "cmdq": 0, "read": {"device_start": -1, "device_end": -1}}, "FFC_sans_bias1": {"write": {"device_start": -1, "host_queued_start": 1585586553.355, "device_queued": -1, "device_end": -1, "host_queued_end": 1585586553.369579}, "device": "cpu", "nd_range": {"device_start": 2254327.563427212, "device_end": 2254327.5672594123}, "cmdq": 0, "read": {"device_start": -1, "device_end": -1}}, "FFC_sans_bias0": {"write": {"device_start": -1, "host_queued_start": 1585586553.353929, "device_queued": -1, "device_end": -1, "host_queued_end": 1585586553.369579}, "device": "cpu", "nd_range": {"device_start": 2254327.5592197073, "device_end": 2254327.563316051}, "cmdq": 0, "read": {"device_start": -1, "device_end": -1}}, "FFC_sans_bias2": {"write": {"device_start": -1, "host_queued_start": 1585586553.356052, "device_queued": -1, "device_end": -1, "host_queued_end": 1585586553.369579}, "device": "cpu", "nd_range": {"device_start": 2254327.5674050204, "device_end": 2254327.571227549}, "cmdq": 0, "read": {"device_start": -1, "device_end": -1}}, "FFC_sans_bias52": {"write": {"device_start": 1585586487.941491, "host_queued_start": 1585586553.349406, "device_queued": 1585586487.9365284, "device_end": 1585586487.9415295, "host_queued_end": 1585586553.349513}, "device": "gpu", "nd_range": {"device_start": 1585586487.9423492, "device_end": 1585586487.9432971}, "cmdq": 1, "read": {"device_start": 1585586487.9433024, "device_end": 1585586487.9433289}}, "FFC_sans_bias9": {"write": {"device_start": -1, "host_queued_start": 1585586553.357198, "device_queued": -1, "device_end": -1, "host_queued_end": 1585586553.369579}, "device": "cpu", "nd_range": {"device_start": 2254327.571358187, "device_end": 2254327.575684157}, "cmdq": 0, "read": {"device_start": -1, "device_end": -1}}, "coalesced_transpose39": {"write": {"device_start": -1, "host_queued_start": 1585586553.343233, "device_queued": -1, "device_end": -1, "host_queued_end": 1585586553.349513}, "device": "gpu", "nd_range": {"device_start": 1585586487.9377906, "device_end": 1585586487.9391408}, "cmdq": 3, "read": {"device_start": -1, "device_end": -1}}, "FFC_sans_bias51": {"write": {"device_start": -1, "host_queued_start": 1585586553.34615, "device_queued": -1, "device_end": -1, "host_queued_end": 1585586553.349513}, "device": "gpu", "nd_range": {"device_start": 1585586487.9411764, "device_end": 1585586487.9423432}, "cmdq": 3, "read": {"device_start": -1, "device_end": -1}}, "softmax23": {"write": {"device_start": -1, "host_queued_start": 1585586553.365471, "device_queued": -1, "device_end": -1, "host_queued_end": 1585586553.369579}, "device": "cpu", "nd_range": {"device_start": 2254327.6133776293, "device_end": 2254327.613482694}, "cmdq": 0, "read": {"device_start": -1, "device_end": -1}}, "FFC_sans_bias37": {"write": {"device_start": 1585586487.935176, "host_queued_start": 1585586553.338372, "device_queued": 1585586487.935014, "device_end": 1585586487.9352007, "host_queued_end": 1585586553.349513}, "device": "gpu", "nd_range": {"device_start": 1585586487.9352727, "device_end": 1585586487.9373515}, "cmdq": 2, "read": {"device_start": -1, "device_end": -1}}, "softmax41": {"write": {"device_start": -1, "host_queued_start": 1585586553.344983, "device_queued": -1, "device_end": -1, "host_queued_end": 1585586553.349513}, "device": "gpu", "nd_range": {"device_start": 1585586487.9407704, "device_end": 1585586487.9411654}, "cmdq": 4, "read": {"device_start": -1, "device_end": -1}}, "FFC_sans_bias11": {"write": {"device_start": -1, "host_queued_start": 1585586553.359395, "device_queued": -1, "device_end": -1, "host_queued_end": 1585586553.369579}, "device": "cpu", "nd_range": {"device_start": 2254327.580539305, "device_end": 2254327.584753678}, "cmdq": 0, "read": {"device_start": -1, "device_end": -1}}, "FFC_sans_bias10": {"write": {"device_start": -1, "host_queued_start": 1585586553.358271, "device_queued": -1, "device_end": -1, "host_queued_end": 1585586553.369579}, "device": "cpu", "nd_range": {"device_start": 2254327.575689889, "device_end": 2254327.580533063}, "cmdq": 0, "read": {"device_start": -1, "device_end": -1}}, "coalesced_transpose3": {"write": {"device_start": -1, "host_queued_start": 1585586553.362948, "device_queued": -1, "device_end": -1, "host_queued_end": 1585586553.369579}, "device": "cpu", "nd_range": {"device_start": 2254327.5983743863, "device_end": 2254327.598547093}, "cmdq": 0, "read": {"device_start": -1, "device_end": -1}}, "FFC_sans_bias34": {"write": {"device_start": 1585586487.9412618, "host_queued_start": 1585586553.347199, "device_queued": 1585586487.9362326, "device_end": 1585586487.9412932, "host_queued_end": 1585586553.349513}, "device": "gpu", "nd_range": {"device_start": 1585586487.9423552, "device_end": 1585586487.9437513}, "cmdq": 4, "read": {"device_start": 1585586487.9437542, "device_end": 1585586487.9437773}}, "FFC_sans_bias15": {"write": {"device_start": -1, "host_queued_start": 1585586553.366147, "device_queued": -1, "device_end": -1, "host_queued_end": 1585586553.369579}, "device": "cpu", "nd_range": {"device_start": 2254327.617933149, "device_end": 2254327.6226663142}, "cmdq": 0, "read": {"device_start": -1, "device_end": -1}}, "FFC_sans_bias31": {"write": {"device_start": -1, "host_queued_start": 1585586553.343858, "device_queued": -1, "device_end": -1, "host_queued_end": 1585586553.349513}, "device": "gpu", "nd_range": {"device_start": 1585586487.9391503, "device_end": 1585586487.9397562}, "cmdq": 0, "read": {"device_start": -1, "device_end": -1}}, "FFC_sans_bias16": {"write": {"device_start": -1, "host_queued_start": 1585586553.368547, "device_queued": -1, "device_end": -1, "host_queued_end": 1585586553.369579}, "device": "cpu", "nd_range": {"device_start": 2254327.6315277372, "device_end": 2254327.636104457}, "cmdq": 0, "read": {"device_start": -1, "device_end": -1}}, "FFC_sans_bias19": {"write": {"device_start": -1, "host_queued_start": 1585586553.361534, "device_queued": -1, "device_end": -1, "host_queued_end": 1585586553.369579}, "device": "cpu", "nd_range": {"device_start": 2254327.589485418, "device_end": 2254327.593794772}, "cmdq": 0, "read": {"device_start": -1, "device_end": -1}}, "FFC_sans_bias18": {"write": {"device_start": -1, "host_queued_start": 1585586553.360491, "device_queued": -1, "device_end": -1, "host_queued_end": 1585586553.369579}, "device": "cpu", "nd_range": {"device_start": 2254327.5847595283, "device_end": 2254327.589480413}, "cmdq": 0, "read": {"device_start": -1, "device_end": -1}}, "coalesced_transpose30": {"write": {"device_start": -1, "host_queued_start": 1585586553.342915, "device_queued": -1, "device_end": -1, "host_queued_end": 1585586553.349513}, "device": "gpu", "nd_range": {"device_start": 1585586487.9373527, "device_end": 1585586487.9391375}, "cmdq": 2, "read": {"device_start": -1, "device_end": -1}}, "FFC_sans_bias38": {"write": {"device_start": 1585586487.9355211, "host_queued_start": 1585586553.339444, "device_queued": 1585586487.9350297, "device_end": 1585586487.9355514, "host_queued_end": 1585586553.349513}, "device": "gpu", "nd_range": {"device_start": 1585586487.9355567, "device_end": 1585586487.937786}, "cmdq": 3, "read": {"device_start": -1, "device_end": -1}}, "empty26": {"write": {"device_start": -1, "host_queued_start": 1585586553.352956, "device_queued": -1, "device_end": -1, "host_queued_end": 1585586553.369579}, "device": "cpu", "nd_range": {"device_start": 2254327.559214271, "device_end": 2254327.5592148853}, "cmdq": 0, "read": {"device_start": -1, "device_end": -1}}, "coalesced_transpose12": {"write": {"device_start": -1, "host_queued_start": 1585586553.363281, "device_queued": -1, "device_end": -1, "host_queued_end": 1585586553.369579}, "device": "cpu", "nd_range": {"device_start": 2254327.598553705, "device_end": 2254327.598692748}, "cmdq": 0, "read": {"device_start": -1, "device_end": -1}}, "empty44": {"write": {"device_start": 1585586487.934497, "host_queued_start": 1585586553.332312, "device_queued": 1585586487.9343615, "device_end": 1585586487.934581, "host_queued_end": 1585586553.349513}, "device": "gpu", "nd_range": {"device_start": 1585586487.9347389, "device_end": 1585586487.9347901}, "cmdq": 1, "read": {"device_start": -1, "device_end": -1}}, "coalesced_transpose21": {"write": {"device_start": -1, "host_queued_start": 1585586553.363622, "device_queued": -1, "device_end": -1, "host_queued_end": 1585586553.369579}, "device": "cpu", "nd_range": {"device_start": 2254327.5986982333, "device_end": 2254327.5988348983}, "cmdq": 0, "read": {"device_start": -1, "device_end": -1}}, "FFC_sans_bias36": {"write": {"device_start": 1585586487.9350872, "host_queued_start": 1585586553.337348, "device_queued": 1585586487.9349875, "device_end": 1585586487.93515, "host_queued_end": 1585586553.349513}, "device": "gpu", "nd_range": {"device_start": 1585586487.935254, "device_end": 1585586487.9367921}, "cmdq": 1, "read": {"device_start": -1, "device_end": -1}}, "softmax14": {"write": {"device_start": -1, "host_queued_start": 1585586553.365198, "device_queued": -1, "device_end": -1, "host_queued_end": 1585586553.369579}, "device": "cpu", "nd_range": {"device_start": 2254327.6131443554, "device_end": 2254327.613254936}, "cmdq": 0, "read": {"device_start": -1, "device_end": -1}}, "FFC_sans_bias13": {"write": {"device_start": -1, "host_queued_start": 1585586553.364304, "device_queued": -1, "device_end": -1, "host_queued_end": 1585586553.369579}, "device": "cpu", "nd_range": {"device_start": 2254327.603283369, "device_end": 2254327.608063144}, "cmdq": 0, "read": {"device_start": -1, "device_end": -1}}, "empty8": {"write": {"device_start": -1, "host_queued_start": 1585586553.351016, "device_queued": -1, "device_end": -1, "host_queued_end": 1585586553.369579}, "device": "cpu", "nd_range": {"device_start": 2254327.559178127, "device_end": 2254327.559191386}, "cmdq": 0, "read": {"device_start": -1, "device_end": -1}}, "FFC_sans_bias42": {"write": {"device_start": -1, "host_queued_start": 1585586553.345845, "device_queued": -1, "device_end": -1, "host_queued_end": 1585586553.349513}, "device": "gpu", "nd_range": {"device_start": 1585586487.9411726, "device_end": 1585586487.941788}, "cmdq": 2, "read": {"device_start": -1, "device_end": -1}}, "FFC_sans_bias43": {"write": {"device_start": 1585586487.9409118, "host_queued_start": 1585586553.348245, "device_queued": 1585586487.9362872, "device_end": 1585586487.9409382, "host_queued_end": 1585586553.349513}, "device": "gpu", "nd_range": {"device_start": 1585586487.9417949, "device_end": 1585586487.942788}, "cmdq": 0, "read": {"device_start": 1585586487.9438856, "device_end": 1585586487.943914}}, "FFC_sans_bias40": {"write": {"device_start": -1, "host_queued_start": 1585586553.34417, "device_queued": -1, "device_end": -1, "host_queued_end": 1585586553.349513}, "device": "gpu", "nd_range": {"device_start": 1585586487.9392421, "device_end": 1585586487.940738}, "cmdq": 1, "read": {"device_start": -1, "device_end": -1}}, "softmax32": {"write": {"device_start": -1, "host_queued_start": 1585586553.34474, "device_queued": -1, "device_end": -1, "host_queued_end": 1585586553.349513}, "device": "gpu", "nd_range": {"device_start": 1585586487.939767, "device_end": 1585586487.9407659}, "cmdq": 3, "read": {"device_start": -1, "device_end": -1}}, "FFC_sans_bias47": {"write": {"device_start": 1585586487.936868, "host_queued_start": 1585586553.342545, "device_queued": 1585586487.9355037, "device_end": 1585586487.9369004, "host_queued_end": 1585586553.349513}, "device": "gpu", "nd_range": {"device_start": 1585586487.9369075, "device_end": 1585586487.9392364}, "cmdq": 1, "read": {"device_start": -1, "device_end": -1}}, "FFC_sans_bias45": {"write": {"device_start": 1585586487.9359148, "host_queued_start": 1585586553.340471, "device_queued": 1585586487.9351804, "device_end": 1585586487.9359446, "host_queued_end": 1585586553.349513}, "device": "gpu", "nd_range": {"device_start": 1585586487.9359505, "device_end": 1585586487.938279}, "cmdq": 4, "read": {"device_start": -1, "device_end": -1}}, "softmax50": {"write": {"device_start": -1, "host_queued_start": 1585586553.345222, "device_queued": -1, "device_end": -1, "host_queued_end": 1585586553.349513}, "device": "gpu", "nd_range": {"device_start": 1585586487.9402103, "device_end": 1585586487.9408073}, "cmdq": 0, "read": {"device_start": -1, "device_end": -1}}, "FFC_sans_bias33": {"write": {"device_start": -1, "host_queued_start": 1585586553.345535, "device_queued": -1, "device_end": -1, "host_queued_end": 1585586553.349513}, "device": "gpu", "nd_range": {"device_start": 1585586487.9407752, "device_end": 1585586487.941392}, "cmdq": 1, "read": {"device_start": -1, "device_end": -1}}, "FFC_sans_bias49": {"write": {"device_start": -1, "host_queued_start": 1585586553.344488, "device_queued": -1, "device_end": -1, "host_queued_end": 1585586553.349513}, "device": "gpu", "nd_range": {"device_start": 1585586487.939158, "device_end": 1585586487.940202}, "cmdq": 2, "read": {"device_start": -1, "device_end": -1}}, "FFC_sans_bias24": {"write": {"device_start": -1, "host_queued_start": 1585586553.366486, "device_queued": -1, "device_end": -1, "host_queued_end": 1585586553.369579}, "device": "cpu", "nd_range": {"device_start": 2254327.622671485, "device_end": 2254327.626994525}, "cmdq": 0, "read": {"device_start": -1, "device_end": -1}}, "FFC_sans_bias25": {"write": {"device_start": -1, "host_queued_start": 1585586553.369535, "device_queued": -1, "device_end": -1, "host_queued_end": 1585586553.369579}, "device": "cpu", "nd_range": {"device_start": 2254327.63610692, "device_end": 2254327.6412914013}, "cmdq": 0, "read": {"device_start": -1, "device_end": -1}}, "FFC_sans_bias27": {"write": {"device_start": 1585586487.9346871, "host_queued_start": 1585586553.334156, "device_queued": 1585586487.9344153, "device_end": 1585586487.9347875, "host_queued_end": 1585586553.349513}, "device": "gpu", "nd_range": {"device_start": 1585586487.9347928, "device_end": 1585586487.9354012}, "cmdq": 3, "read": {"device_start": -1, "device_end": -1}}, "FFC_sans_bias20": {"write": {"device_start": -1, "host_queued_start": 1585586553.362601, "device_queued": -1, "device_end": -1, "host_queued_end": 1585586553.369579}, "device": "cpu", "nd_range": {"device_start": 2254327.593799816, "device_end": 2254327.598369298}, "cmdq": 0, "read": {"device_start": -1, "device_end": -1}}, "FFC_sans_bias22": {"write": {"device_start": -1, "host_queued_start": 1585586553.364646, "device_queued": -1, "device_end": -1, "host_queued_end": 1585586553.369579}, "device": "cpu", "nd_range": {"device_start": 2254327.608068093, "device_end": 2254327.6128669432}, "cmdq": 0, "read": {"device_start": -1, "device_end": -1}}, "softmax5": {"write": {"device_start": -1, "host_queued_start": 1585586553.364925, "device_queued": -1, "device_end": -1, "host_queued_end": 1585586553.369579}, "device": "cpu", "nd_range": {"device_start": 2254327.612872415, "device_end": 2254327.613014555}, "cmdq": 0, "read": {"device_start": -1, "device_end": -1}}, "FFC_sans_bias28": {"write": {"device_start": 1585586487.9347925, "host_queued_start": 1585586553.335254, "device_queued": 1585586487.934675, "device_end": 1585586487.9348233, "host_queued_end": 1585586553.349513}, "device": "gpu", "nd_range": {"device_start": 1585586487.9348266, "device_end": 1585586487.935802}, "cmdq": 4, "read": {"device_start": -1, "device_end": -1}}, "FFC_sans_bias29": {"write": {"device_start": 1585586487.9349174, "host_queued_start": 1585586553.33632, "device_queued": 1585586487.9348292, "device_end": 1585586487.9349492, "host_queued_end": 1585586553.349513}, "device": "gpu", "nd_range": {"device_start": 1585586487.9349804, "device_end": 1585586487.9363756}, "cmdq": 0, "read": {"device_start": -1, "device_end": -1}}, "empty17": {"write": {"device_start": -1, "host_queued_start": 1585586553.352045, "device_queued": -1, "device_end": -1, "host_queued_end": 1585586553.369579}, "device": "cpu", "nd_range": {"device_start": 2254327.559209289, "device_end": 2254327.559210151}, "cmdq": 0, "read": {"device_start": -1, "device_end": -1}}, "empty35": {"write": {"device_start": 1585586487.9343796, "host_queued_start": 1585586553.331265, "device_queued": 1585586487.934258, "device_end": 1585586487.9344413, "host_queued_end": 1585586553.349513}, "device": "gpu", "nd_range": {"device_start": 1585586487.9344516, "device_end": 1585586487.9344568}, "cmdq": 0, "read": {"device_start": -1, "device_end": -1}}, "empty53": {"write": {"device_start": 1585586487.934597, "host_queued_start": 1585586553.333151, "device_queued": 1585586487.9343815, "device_end": 1585586487.9346607, "host_queued_end": 1585586553.349513}, "device": "gpu", "nd_range": {"device_start": 1585586487.934783, "device_end": 1585586487.9348004}, "cmdq": 2, "read": {"device_start": -1, "device_end": -1}}, "FFC_sans_bias46": {"write": {"device_start": 1585586487.9364724, "host_queued_start": 1585586553.341503, "device_queued": 1585586487.935452, "device_end": 1585586487.936498, "host_queued_end": 1585586553.349513}, "device": "gpu", "nd_range": {"device_start": 1585586487.9365005, "device_end": 1585586487.9387803}, "cmdq": 0, "read": {"device_start": -1, "device_end": -1}}, "coalesced_transpose48": {"write": {"device_start": -1, "host_queued_start": 1585586553.34354, "device_queued": -1, "device_end": -1, "host_queued_end": 1585586553.349513}, "device": "gpu", "nd_range": {"device_start": 1585586487.9387898, "device_end": 1585586487.9391427}, "cmdq": 4, "read": {"device_start": -1, "device_end": -1}}}