{"FFC_sans_bias4": {"write": {"device_start": -1, "host_queued_start": 1585586381.081904, "device_queued": -1, "device_end": -1, "host_queued_end": 1585586381.087571}, "device": "cpu", "nd_range": {"device_start": 2254155.3165557873, "device_end": 2254155.330460519}, "cmdq": 1, "read": {"device_start": -1, "device_end": -1}}, "FFC_sans_bias7": {"write": {"device_start": -1, "host_queued_start": 1585586381.085519, "device_queued": -1, "device_end": -1, "host_queued_end": 1585586381.087571}, "device": "cpu", "nd_range": {"device_start": 2254155.344634692, "device_end": 2254155.353901224}, "cmdq": 0, "read": {"device_start": -1, "device_end": -1}}, "FFC_sans_bias6": {"write": {"device_start": -1, "host_queued_start": 1585586381.08379, "device_queued": -1, "device_end": -1, "host_queued_end": 1585586381.087571}, "device": "cpu", "nd_range": {"device_start": 2254155.334778253, "device_end": 2254155.341592811}, "cmdq": 1, "read": {"device_start": -1, "device_end": -1}}, "FFC_sans_bias1": {"write": {"device_start": -1, "host_queued_start": 1585586381.072821, "device_queued": -1, "device_end": -1, "host_queued_end": 1585586381.087571}, "device": "cpu", "nd_range": {"device_start": 2254155.277210865, "device_end": 2254155.2851819634}, "cmdq": 0, "read": {"device_start": -1, "device_end": -1}}, "FFC_sans_bias0": {"write": {"device_start": -1, "host_queued_start": 1585586381.071772, "device_queued": -1, "device_end": -1, "host_queued_end": 1585586381.087571}, "device": "cpu", "nd_range": {"device_start": 2254155.277200952, "device_end": 2254155.2861760072}, "cmdq": 1, "read": {"device_start": -1, "device_end": -1}}, "FFC_sans_bias2": {"write": {"device_start": -1, "host_queued_start": 1585586381.073878, "device_queued": -1, "device_end": -1, "host_queued_end": 1585586381.087571}, "device": "cpu", "nd_range": {"device_start": 2254155.287146797, "device_end": 2254155.294549818}, "cmdq": 1, "read": {"device_start": -1, "device_end": -1}}, "FFC_sans_bias52": {"write": {"device_start": 1585586315.6651227, "host_queued_start": 1585586381.067024, "device_queued": 1585586315.6588411, "device_end": 1585586315.6651542, "host_queued_end": 1585586381.067216}, "device": "gpu", "nd_range": {"device_start": 1585586315.6651578, "device_end": 1585586315.6659021}, "cmdq": 2, "read": {"device_start": 1585586315.6659067, "device_end": 1585586315.665932}}, "FFC_sans_bias9": {"write": {"device_start": -1, "host_queued_start": 1585586381.075057, "device_queued": -1, "device_end": -1, "host_queued_end": 1585586381.087571}, "device": "cpu", "nd_range": {"device_start": 2254155.285190551, "device_end": 2254155.292374954}, "cmdq": 0, "read": {"device_start": -1, "device_end": -1}}, "coalesced_transpose39": {"write": {"device_start": -1, "host_queued_start": 1585586381.060873, "device_queued": -1, "device_end": -1, "host_queued_end": 1585586381.067216}, "device": "gpu", "nd_range": {"device_start": 1585586315.661095, "device_end": 1585586315.661461}, "cmdq": 1, "read": {"device_start": -1, "device_end": -1}}, "FFC_sans_bias51": {"write": {"device_start": -1, "host_queued_start": 1585586381.06388, "device_queued": -1, "device_end": -1, "host_queued_end": 1585586381.067216}, "device": "gpu", "nd_range": {"device_start": 1585586315.6636891, "device_end": 1585586315.6649864}, "cmdq": 2, "read": {"device_start": -1, "device_end": -1}}, "softmax23": {"write": {"device_start": -1, "host_queued_start": 1585586381.083451, "device_queued": -1, "device_end": -1, "host_queued_end": 1585586381.087571}, "device": "cpu", "nd_range": {"device_start": 2254155.334603977, "device_end": 2254155.3347632}, "cmdq": 0, "read": {"device_start": -1, "device_end": -1}}, "FFC_sans_bias37": {"write": {"device_start": 1585586315.6582372, "host_queued_start": 1585586381.056057, "device_queued": 1585586315.6574428, "device_end": 1585586315.6582682, "host_queued_end": 1585586381.067216}, "device": "gpu", "nd_range": {"device_start": 1585586315.658272, "device_end": 1585586315.6596458}, "cmdq": 1, "read": {"device_start": -1, "device_end": -1}}, "softmax41": {"write": {"device_start": -1, "host_queued_start": 1585586381.062673, "device_queued": -1, "device_end": -1, "host_queued_end": 1585586381.067216}, "device": "gpu", "nd_range": {"device_start": 1585586315.6625261, "device_end": 1585586315.6632109}, "cmdq": 1, "read": {"device_start": -1, "device_end": -1}}, "FFC_sans_bias11": {"write": {"device_start": -1, "host_queued_start": 1585586381.077425, "device_queued": -1, "device_end": -1, "host_queued_end": 1585586381.087571}, "device": "cpu", "nd_range": {"device_start": 2254155.2924994323, "device_end": 2254155.302759351}, "cmdq": 0, "read": {"device_start": -1, "device_end": -1}}, "FFC_sans_bias10": {"write": {"device_start": -1, "host_queued_start": 1585586381.076205, "device_queued": -1, "device_end": -1, "host_queued_end": 1585586381.087571}, "device": "cpu", "nd_range": {"device_start": 2254155.294681556, "device_end": 2254155.302755693}, "cmdq": 1, "read": {"device_start": -1, "device_end": -1}}, "coalesced_transpose3": {"write": {"device_start": -1, "host_queued_start": 1585586381.0809, "device_queued": -1, "device_end": -1, "host_queued_end": 1585586381.087571}, "device": "cpu", "nd_range": {"device_start": 2254155.310823752, "device_end": 2254155.311097817}, "cmdq": 0, "read": {"device_start": -1, "device_end": -1}}, "FFC_sans_bias34": {"write": {"device_start": 1585586315.6636229, "host_queued_start": 1585586381.064896, "device_queued": 1585586315.658656, "device_end": 1585586315.6636474, "host_queued_end": 1585586381.067216}, "device": "gpu", "nd_range": {"device_start": 1585586315.6636553, "device_end": 1585586315.6644647}, "cmdq": 0, "read": {"device_start": 1585586315.6644683, "device_end": 1585586315.664492}}, "FFC_sans_bias15": {"write": {"device_start": -1, "host_queued_start": 1585586381.084135, "device_queued": -1, "device_end": -1, "host_queued_end": 1585586381.087571}, "device": "cpu", "nd_range": {"device_start": 2254155.3349177074, "device_end": 2254155.3445120133}, "cmdq": 0, "read": {"device_start": -1, "device_end": -1}}, "FFC_sans_bias31": {"write": {"device_start": -1, "host_queued_start": 1585586381.061492, "device_queued": -1, "device_end": -1, "host_queued_end": 1585586381.067216}, "device": "gpu", "nd_range": {"device_start": 1585586315.661446, "device_end": 1585586315.6620536}, "cmdq": 0, "read": {"device_start": -1, "device_end": -1}}, "FFC_sans_bias16": {"write": {"device_start": -1, "host_queued_start": 1585586381.08651, "device_queued": -1, "device_end": -1, "host_queued_end": 1585586381.087571}, "device": "cpu", "nd_range": {"device_start": 2254155.350950527, "device_end": 2254155.359761291}, "cmdq": 1, "read": {"device_start": -1, "device_end": -1}}, "FFC_sans_bias19": {"write": {"device_start": -1, "host_queued_start": 1585586381.07952, "device_queued": -1, "device_end": -1, "host_queued_end": 1585586381.087571}, "device": "cpu", "nd_range": {"device_start": 2254155.302788534, "device_end": 2254155.310679074}, "cmdq": 0, "read": {"device_start": -1, "device_end": -1}}, "FFC_sans_bias18": {"write": {"device_start": -1, "host_queued_start": 1585586381.078469, "device_queued": -1, "device_end": -1, "host_queued_end": 1585586381.087571}, "device": "cpu", "nd_range": {"device_start": 2254155.302762032, "device_end": 2254155.310696227}, "cmdq": 1, "read": {"device_start": -1, "device_end": -1}}, "coalesced_transpose30": {"write": {"device_start": -1, "host_queued_start": 1585586381.060571, "device_queued": -1, "device_end": -1, "host_queued_end": 1585586381.067216}, "device": "gpu", "nd_range": {"device_start": 1585586315.6606154, "device_end": 1585586315.6614447}, "cmdq": 0, "read": {"device_start": -1, "device_end": -1}}, "FFC_sans_bias38": {"write": {"device_start": 1585586315.6587942, "host_queued_start": 1585586381.057104, "device_queued": 1585586315.6575866, "device_end": 1585586315.6588256, "host_queued_end": 1585586381.067216}, "device": "gpu", "nd_range": {"device_start": 1585586315.658831, "device_end": 1585586315.6601133}, "cmdq": 2, "read": {"device_start": -1, "device_end": -1}}, "empty26": {"write": {"device_start": -1, "host_queued_start": 1585586381.07067, "device_queued": -1, "device_end": -1, "host_queued_end": 1585586381.087571}, "device": "cpu", "nd_range": {"device_start": 2254155.277202086, "device_end": 2254155.2772032702}, "cmdq": 0, "read": {"device_start": -1, "device_end": -1}}, "coalesced_transpose12": {"write": {"device_start": -1, "host_queued_start": 1585586381.081234, "device_queued": -1, "device_end": -1, "host_queued_end": 1585586381.087571}, "device": "cpu", "nd_range": {"device_start": 2254155.316249073, "device_end": 2254155.316408173}, "cmdq": 1, "read": {"device_start": -1, "device_end": -1}}, "empty44": {"write": {"device_start": 1585586315.6568203, "host_queued_start": 1585586381.049594, "device_queued": 1585586315.6566796, "device_end": 1585586315.6568823, "host_queued_end": 1585586381.067216}, "device": "gpu", "nd_range": {"device_start": 1585586315.6569004, "device_end": 1585586315.6569047}, "cmdq": 1, "read": {"device_start": -1, "device_end": -1}}, "coalesced_transpose21": {"write": {"device_start": -1, "host_queued_start": 1585586381.08156, "device_queued": -1, "device_end": -1, "host_queued_end": 1585586381.087571}, "device": "cpu", "nd_range": {"device_start": 2254155.311216067, "device_end": 2254155.311451903}, "cmdq": 0, "read": {"device_start": -1, "device_end": -1}}, "FFC_sans_bias36": {"write": {"device_start": 1585586315.657863, "host_queued_start": 1585586381.054985, "device_queued": 1585586315.6574004, "device_end": 1585586315.6578937, "host_queued_end": 1585586381.067216}, "device": "gpu", "nd_range": {"device_start": 1585586315.6578984, "device_end": 1585586315.6591175}, "cmdq": 0, "read": {"device_start": -1, "device_end": -1}}, "softmax14": {"write": {"device_start": -1, "host_queued_start": 1585586381.083172, "device_queued": -1, "device_end": -1, "host_queued_end": 1585586381.087571}, "device": "cpu", "nd_range": {"device_start": 2254155.334601193, "device_end": 2254155.334734476}, "cmdq": 1, "read": {"device_start": -1, "device_end": -1}}, "FFC_sans_bias13": {"write": {"device_start": -1, "host_queued_start": 1585586381.082247, "device_queued": -1, "device_end": -1, "host_queued_end": 1585586381.087571}, "device": "cpu", "nd_range": {"device_start": 2254155.316563238, "device_end": 2254155.32414573}, "cmdq": 0, "read": {"device_start": -1, "device_end": -1}}, "empty8": {"write": {"device_start": -1, "host_queued_start": 1585586381.068679, "device_queued": -1, "device_end": -1, "host_queued_end": 1585586381.087571}, "device": "cpu", "nd_range": {"device_start": 2254155.2771697193, "device_end": 2254155.277181011}, "cmdq": 0, "read": {"device_start": -1, "device_end": -1}}, "FFC_sans_bias42": {"write": {"device_start": -1, "host_queued_start": 1585586381.063564, "device_queued": -1, "device_end": -1, "host_queued_end": 1585586381.067216}, "device": "gpu", "nd_range": {"device_start": 1585586315.6632118, "device_end": 1585586315.6640255}, "cmdq": 1, "read": {"device_start": -1, "device_end": -1}}, "FFC_sans_bias43": {"write": {"device_start": 1585586315.6641593, "host_queued_start": 1585586381.065947, "device_queued": 1585586315.6586978, "device_end": 1585586315.6641903, "host_queued_end": 1585586381.067216}, "device": "gpu", "nd_range": {"device_start": 1585586315.6641934, "device_end": 1585586315.6654437}, "cmdq": 1, "read": {"device_start": 1585586315.6654494, "device_end": 1585586315.6654725}}, "FFC_sans_bias40": {"write": {"device_start": -1, "host_queued_start": 1585586381.061813, "device_queued": -1, "device_end": -1, "host_queued_end": 1585586381.067216}, "device": "gpu", "nd_range": {"device_start": 1585586315.661462, "device_end": 1585586315.662525}, "cmdq": 1, "read": {"device_start": -1, "device_end": -1}}, "softmax32": {"write": {"device_start": -1, "host_queued_start": 1585586381.062383, "device_queued": -1, "device_end": -1, "host_queued_end": 1585586381.067216}, "device": "gpu", "nd_range": {"device_start": 1585586315.6620548, "device_end": 1585586315.6627738}, "cmdq": 0, "read": {"device_start": -1, "device_end": -1}}, "FFC_sans_bias47": {"write": {"device_start": 1585586315.660246, "host_queued_start": 1585586381.060252, "device_queued": 1585586315.6579154, "device_end": 1585586315.6602783, "host_queued_end": 1585586381.067216}, "device": "gpu", "nd_range": {"device_start": 1585586315.6602845, "device_end": 1585586315.661572}, "cmdq": 2, "read": {"device_start": -1, "device_end": -1}}, "FFC_sans_bias45": {"write": {"device_start": 1585586315.6592011, "host_queued_start": 1585586381.058135, "device_queued": 1585586315.657663, "device_end": 1585586315.659228, "host_queued_end": 1585586381.067216}, "device": "gpu", "nd_range": {"device_start": 1585586315.6592324, "device_end": 1585586315.6606133}, "cmdq": 0, "read": {"device_start": -1, "device_end": -1}}, "softmax50": {"write": {"device_start": -1, "host_queued_start": 1585586381.062919, "device_queued": -1, "device_end": -1, "host_queued_end": 1585586381.067216}, "device": "gpu", "nd_range": {"device_start": 1585586315.6630468, "device_end": 1585586315.663688}, "cmdq": 2, "read": {"device_start": -1, "device_end": -1}}, "FFC_sans_bias33": {"write": {"device_start": -1, "host_queued_start": 1585586381.063234, "device_queued": -1, "device_end": -1, "host_queued_end": 1585586381.067216}, "device": "gpu", "nd_range": {"device_start": 1585586315.6627808, "device_end": 1585586315.6634858}, "cmdq": 0, "read": {"device_start": -1, "device_end": -1}}, "FFC_sans_bias49": {"write": {"device_start": -1, "host_queued_start": 1585586381.062124, "device_queued": -1, "device_end": -1, "host_queued_end": 1585586381.067216}, "device": "gpu", "nd_range": {"device_start": 1585586315.66242, "device_end": 1585586315.6630454}, "cmdq": 2, "read": {"device_start": -1, "device_end": -1}}, "FFC_sans_bias24": {"write": {"device_start": -1, "host_queued_start": 1585586381.084476, "device_queued": -1, "device_end": -1, "host_queued_end": 1585586381.087571}, "device": "cpu", "nd_range": {"device_start": 2254155.341718874, "device_end": 2254155.3508290923}, "cmdq": 1, "read": {"device_start": -1, "device_end": -1}}, "FFC_sans_bias25": {"write": {"device_start": -1, "host_queued_start": 1585586381.087526, "device_queued": -1, "device_end": -1, "host_queued_end": 1585586381.087571}, "device": "cpu", "nd_range": {"device_start": 2254155.353904916, "device_end": 2254155.361803045}, "cmdq": 0, "read": {"device_start": -1, "device_end": -1}}, "FFC_sans_bias27": {"write": {"device_start": 1585586315.657015, "host_queued_start": 1585586381.051689, "device_queued": 1585586315.656816, "device_end": 1585586315.6570394, "host_queued_end": 1585586381.067216}, "device": "gpu", "nd_range": {"device_start": 1585586315.6571107, "device_end": 1585586315.6577146}, "cmdq": 0, "read": {"device_start": -1, "device_end": -1}}, "FFC_sans_bias20": {"write": {"device_start": -1, "host_queued_start": 1585586381.080565, "device_queued": -1, "device_end": -1, "host_queued_end": 1585586381.087571}, "device": "cpu", "nd_range": {"device_start": 2254155.310708748, "device_end": 2254155.3162275963}, "cmdq": 1, "read": {"device_start": -1, "device_end": -1}}, "FFC_sans_bias22": {"write": {"device_start": -1, "host_queued_start": 1585586381.082618, "device_queued": -1, "device_end": -1, "host_queued_end": 1585586381.087571}, "device": "cpu", "nd_range": {"device_start": 2254155.330480764, "device_end": 2254155.334581595}, "cmdq": 1, "read": {"device_start": -1, "device_end": -1}}, "softmax5": {"write": {"device_start": -1, "host_queued_start": 1585586381.082898, "device_queued": -1, "device_end": -1, "host_queued_end": 1585586381.087571}, "device": "cpu", "nd_range": {"device_start": 2254155.3305046232, "device_end": 2254155.330728129}, "cmdq": 0, "read": {"device_start": -1, "device_end": -1}}, "FFC_sans_bias28": {"write": {"device_start": 1585586315.657232, "host_queued_start": 1585586381.052776, "device_queued": 1585586315.6571221, "device_end": 1585586315.6573162, "host_queued_end": 1585586381.067216}, "device": "gpu", "nd_range": {"device_start": 1585586315.6573203, "device_end": 1585586315.6581254}, "cmdq": 1, "read": {"device_start": -1, "device_end": -1}}, "FFC_sans_bias29": {"write": {"device_start": 1585586315.6573184, "host_queued_start": 1585586381.053871, "device_queued": 1585586315.6571472, "device_end": 1585586315.6573436, "host_queued_end": 1585586381.067216}, "device": "gpu", "nd_range": {"device_start": 1585586315.6573918, "device_end": 1585586315.6586876}, "cmdq": 2, "read": {"device_start": -1, "device_end": -1}}, "empty17": {"write": {"device_start": -1, "host_queued_start": 1585586381.069745, "device_queued": -1, "device_end": -1, "host_queued_end": 1585586381.087571}, "device": "cpu", "nd_range": {"device_start": 2254155.277169642, "device_end": 2254155.277181078}, "cmdq": 1, "read": {"device_start": -1, "device_end": -1}}, "empty35": {"write": {"device_start": 1585586315.6567044, "host_queued_start": 1585586381.048507, "device_queued": 1585586315.6565704, "device_end": 1585586315.6567302, "host_queued_end": 1585586381.067216}, "device": "gpu", "nd_range": {"device_start": 1585586315.6567335, "device_end": 1585586315.6567395}, "cmdq": 0, "read": {"device_start": -1, "device_end": -1}}, "empty53": {"write": {"device_start": 1585586315.656931, "host_queued_start": 1585586381.050652, "device_queued": 1585586315.6567297, "device_end": 1585586315.6569896, "host_queued_end": 1585586381.067216}, "device": "gpu", "nd_range": {"device_start": 1585586315.6569927, "device_end": 1585586315.6569965}, "cmdq": 2, "read": {"device_start": -1, "device_end": -1}}, "FFC_sans_bias46": {"write": {"device_start": 1585586315.6597538, "host_queued_start": 1585586381.059219, "device_queued": 1585586315.6578734, "device_end": 1585586315.659785, "host_queued_end": 1585586381.067216}, "device": "gpu", "nd_range": {"device_start": 1585586315.659791, "device_end": 1585586315.6610937}, "cmdq": 1, "read": {"device_start": -1, "device_end": -1}}, "coalesced_transpose48": {"write": {"device_start": -1, "host_queued_start": 1585586381.061173, "device_queued": -1, "device_end": -1, "host_queued_end": 1585586381.067216}, "device": "gpu", "nd_range": {"device_start": 1585586315.6615794, "device_end": 1585586315.6624186}, "cmdq": 2, "read": {"device_start": -1, "device_end": -1}}}