{"FFC_sans_bias4": {"write": {"device_start": -1, "host_queued_start": 1585586575.254437, "device_queued": -1, "device_end": -1, "host_queued_end": 1585586575.262114}, "device": "cpu", "nd_range": {"device_start": 2254349.5159204123, "device_end": 2254349.531910628}, "cmdq": 0, "read": {"device_start": -1, "device_end": -1}}, "FFC_sans_bias7": {"write": {"device_start": -1, "host_queued_start": 1585586575.259004, "device_queued": -1, "device_end": -1, "host_queued_end": 1585586575.262114}, "device": "cpu", "nd_range": {"device_start": 2254349.574859313, "device_end": 2254349.5802453193}, "cmdq": 0, "read": {"device_start": -1, "device_end": -1}}, "FFC_sans_bias6": {"write": {"device_start": -1, "host_queued_start": 1585586575.256934, "device_queued": -1, "device_end": -1, "host_queued_end": 1585586575.262114}, "device": "cpu", "nd_range": {"device_start": 2254349.553223607, "device_end": 2254349.5696022483}, "cmdq": 0, "read": {"device_start": -1, "device_end": -1}}, "FFC_sans_bias1": {"write": {"device_start": -1, "host_queued_start": 1585586575.241758, "device_queued": -1, "device_end": -1, "host_queued_end": 1585586575.262114}, "device": "cpu", "nd_range": {"device_start": 2254349.4517584713, "device_end": 2254349.462520452}, "cmdq": 1, "read": {"device_start": -1, "device_end": -1}}, "FFC_sans_bias0": {"write": {"device_start": -1, "host_queued_start": 1585586575.240684, "device_queued": -1, "device_end": -1, "host_queued_end": 1585586575.262114}, "device": "cpu", "nd_range": {"device_start": 2254349.451779709, "device_end": 2254349.459531785}, "cmdq": 0, "read": {"device_start": -1, "device_end": -1}}, "FFC_sans_bias2": {"write": {"device_start": -1, "host_queued_start": 1585586575.242939, "device_queued": -1, "device_end": -1, "host_queued_end": 1585586575.262114}, "device": "cpu", "nd_range": {"device_start": 2254349.467594054, "device_end": 2254349.4779250063}, "cmdq": 0, "read": {"device_start": -1, "device_end": -1}}, "FFC_sans_bias52": {"write": {"device_start": 1585586509.8243768, "host_queued_start": 1585586575.235482, "device_queued": 1585586509.821033, "device_end": 1585586509.8244085, "host_queued_end": 1585586575.235587}, "device": "gpu", "nd_range": {"device_start": 1585586509.825236, "device_end": 1585586509.8262074}, "cmdq": 2, "read": {"device_start": 1585586509.826211, "device_end": 1585586509.826243}}, "FFC_sans_bias9": {"write": {"device_start": -1, "host_queued_start": 1585586575.24408, "device_queued": -1, "device_end": -1, "host_queued_end": 1585586575.262114}, "device": "cpu", "nd_range": {"device_start": 2254349.462535208, "device_end": 2254349.467813222}, "cmdq": 1, "read": {"device_start": -1, "device_end": -1}}, "coalesced_transpose39": {"write": {"device_start": -1, "host_queued_start": 1585586575.231308, "device_queued": -1, "device_end": -1, "host_queued_end": 1585586575.235587}, "device": "gpu", "nd_range": {"device_start": 1585586509.8212047, "device_end": 1585586509.823011}, "cmdq": 3, "read": {"device_start": -1, "device_end": -1}}, "FFC_sans_bias51": {"write": {"device_start": -1, "host_queued_start": 1585586575.233371, "device_queued": -1, "device_end": -1, "host_queued_end": 1585586575.235587}, "device": "gpu", "nd_range": {"device_start": 1585586509.8244936, "device_end": 1585586509.8252316}, "cmdq": 0, "read": {"device_start": -1, "device_end": -1}}, "softmax23": {"write": {"device_start": -1, "host_queued_start": 1585586575.256318, "device_queued": -1, "device_end": -1, "host_queued_end": 1585586575.262114}, "device": "cpu", "nd_range": {"device_start": 2254349.5439218683, "device_end": 2254349.553217745}, "cmdq": 0, "read": {"device_start": -1, "device_end": -1}}, "FFC_sans_bias37": {"write": {"device_start": 1585586509.8202107, "host_queued_start": 1585586575.226705, "device_queued": 1585586509.8199258, "device_end": 1585586509.820284, "host_queued_end": 1585586575.235587}, "device": "gpu", "nd_range": {"device_start": 1585586509.8202894, "device_end": 1585586509.8212032}, "cmdq": 3, "read": {"device_start": -1, "device_end": -1}}, "softmax41": {"write": {"device_start": -1, "host_queued_start": 1585586575.232503, "device_queued": -1, "device_end": -1, "host_queued_end": 1585586575.235587}, "device": "gpu", "nd_range": {"device_start": 1585586509.8237016, "device_end": 1585586509.8242092}, "cmdq": 2, "read": {"device_start": -1, "device_end": -1}}, "FFC_sans_bias11": {"write": {"device_start": -1, "host_queued_start": 1585586575.246229, "device_queued": -1, "device_end": -1, "host_queued_end": 1585586575.262114}, "device": "cpu", "nd_range": {"device_start": 2254349.467942783, "device_end": 2254349.478851697}, "cmdq": 1, "read": {"device_start": -1, "device_end": -1}}, "FFC_sans_bias10": {"write": {"device_start": -1, "host_queued_start": 1585586575.245163, "device_queued": -1, "device_end": -1, "host_queued_end": 1585586575.262114}, "device": "cpu", "nd_range": {"device_start": 2254349.4780494682, "device_end": 2254349.4895171463}, "cmdq": 0, "read": {"device_start": -1, "device_end": -1}}, "coalesced_transpose3": {"write": {"device_start": -1, "host_queued_start": 1585586575.253101, "device_queued": -1, "device_end": -1, "host_queued_end": 1585586575.262114}, "device": "cpu", "nd_range": {"device_start": 2254349.51528612, "device_end": 2254349.515446938}, "cmdq": 0, "read": {"device_start": -1, "device_end": -1}}, "FFC_sans_bias34": {"write": {"device_start": -1, "host_queued_start": 1585586575.262068, "device_queued": -1, "device_end": -1, "host_queued_end": 1585586575.262114}, "device": "cpu", "nd_range": {"device_start": 2254349.553196197, "device_end": 2254349.5625363453}, "cmdq": 1, "read": {"device_start": -1, "device_end": -1}}, "FFC_sans_bias15": {"write": {"device_start": -1, "host_queued_start": 1585586575.257274, "device_queued": -1, "device_end": -1, "host_queued_end": 1585586575.262114}, "device": "cpu", "nd_range": {"device_start": 2254349.53196222, "device_end": 2254349.5401543393}, "cmdq": 1, "read": {"device_start": -1, "device_end": -1}}, "FFC_sans_bias31": {"write": {"device_start": -1, "host_queued_start": 1585586575.255476, "device_queued": -1, "device_end": -1, "host_queued_end": 1585586575.262114}, "device": "cpu", "nd_range": {"device_start": 2254349.524389333, "device_end": 2254349.5314154173}, "cmdq": 1, "read": {"device_start": -1, "device_end": -1}}, "FFC_sans_bias16": {"write": {"device_start": -1, "host_queued_start": 1585586575.26003, "device_queued": -1, "device_end": -1, "host_queued_end": 1585586575.262114}, "device": "cpu", "nd_range": {"device_start": 2254349.547940492, "device_end": 2254349.5531933503}, "cmdq": 1, "read": {"device_start": -1, "device_end": -1}}, "FFC_sans_bias19": {"write": {"device_start": -1, "host_queued_start": 1585586575.248506, "device_queued": -1, "device_end": -1, "host_queued_end": 1585586575.262114}, "device": "cpu", "nd_range": {"device_start": 2254349.478975994, "device_end": 2254349.488322766}, "cmdq": 1, "read": {"device_start": -1, "device_end": -1}}, "FFC_sans_bias18": {"write": {"device_start": -1, "host_queued_start": 1585586575.247405, "device_queued": -1, "device_end": -1, "host_queued_end": 1585586575.262114}, "device": "cpu", "nd_range": {"device_start": 2254349.489636875, "device_end": 2254349.504451898}, "cmdq": 0, "read": {"device_start": -1, "device_end": -1}}, "coalesced_transpose30": {"write": {"device_start": -1, "host_queued_start": 1585586575.254097, "device_queued": -1, "device_end": -1, "host_queued_end": 1585586575.262114}, "device": "cpu", "nd_range": {"device_start": 2254349.515289917, "device_end": 2254349.515498076}, "cmdq": 1, "read": {"device_start": -1, "device_end": -1}}, "FFC_sans_bias38": {"write": {"device_start": 1585586509.820311, "host_queued_start": 1585586575.227777, "device_queued": 1585586509.820081, "device_end": 1585586509.82037, "host_queued_end": 1585586575.235587}, "device": "gpu", "nd_range": {"device_start": 1585586509.82038, "device_end": 1585586509.8217785}, "cmdq": 4, "read": {"device_start": -1, "device_end": -1}}, "empty26": {"write": {"device_start": -1, "host_queued_start": 1585586575.238865, "device_queued": -1, "device_end": -1, "host_queued_end": 1585586575.262114}, "device": "cpu", "nd_range": {"device_start": 2254349.45176687, "device_end": 2254349.4517682893}, "cmdq": 0, "read": {"device_start": -1, "device_end": -1}}, "coalesced_transpose12": {"write": {"device_start": -1, "host_queued_start": 1585586575.253432, "device_queued": -1, "device_end": -1, "host_queued_end": 1585586575.262114}, "device": "cpu", "nd_range": {"device_start": 2254349.5044610524, "device_end": 2254349.504832465}, "cmdq": 1, "read": {"device_start": -1, "device_end": -1}}, "empty44": {"write": {"device_start": 1585586509.8198671, "host_queued_start": 1585586575.223467, "device_queued": 1585586509.819735, "device_end": 1585586509.8199258, "host_queued_end": 1585586575.235587}, "device": "gpu", "nd_range": {"device_start": 1585586509.8199308, "device_end": 1585586509.819936}, "cmdq": 0, "read": {"device_start": -1, "device_end": -1}}, "coalesced_transpose21": {"write": {"device_start": -1, "host_queued_start": 1585586575.253766, "device_queued": -1, "device_end": -1, "host_queued_end": 1585586575.262114}, "device": "cpu", "nd_range": {"device_start": 2254349.515569243, "device_end": 2254349.5158117963}, "cmdq": 0, "read": {"device_start": -1, "device_end": -1}}, "FFC_sans_bias36": {"write": {"device_start": 1585586509.8201067, "host_queued_start": 1585586575.225592, "device_queued": 1585586509.819896, "device_end": 1585586509.8201783, "host_queued_end": 1585586575.235587}, "device": "gpu", "nd_range": {"device_start": 1585586509.820185, "device_end": 1585586509.8207917}, "cmdq": 2, "read": {"device_start": -1, "device_end": -1}}, "softmax14": {"write": {"device_start": -1, "host_queued_start": 1585586575.25604, "device_queued": -1, "device_end": -1, "host_queued_end": 1585586575.262114}, "device": "cpu", "nd_range": {"device_start": 2254349.5315449582, "device_end": 2254349.531687063}, "cmdq": 1, "read": {"device_start": -1, "device_end": -1}}, "FFC_sans_bias13": {"write": {"device_start": -1, "host_queued_start": 1585586575.254789, "device_queued": -1, "device_end": -1, "host_queued_end": 1585586575.262114}, "device": "cpu", "nd_range": {"device_start": 2254349.515515434, "device_end": 2254349.524271638}, "cmdq": 1, "read": {"device_start": -1, "device_end": -1}}, "empty8": {"write": {"device_start": -1, "host_queued_start": 1585586575.236997, "device_queued": -1, "device_end": -1, "host_queued_end": 1585586575.262114}, "device": "cpu", "nd_range": {"device_start": 2254349.451707742, "device_end": 2254349.45172058}, "cmdq": 0, "read": {"device_start": -1, "device_end": -1}}, "FFC_sans_bias42": {"write": {"device_start": -1, "host_queued_start": 1585586575.233064, "device_queued": -1, "device_end": -1, "host_queued_end": 1585586575.235587}, "device": "gpu", "nd_range": {"device_start": 1585586509.8242185, "device_end": 1585586509.8248246}, "cmdq": 4, "read": {"device_start": -1, "device_end": -1}}, "FFC_sans_bias43": {"write": {"device_start": 1585586509.8242962, "host_queued_start": 1585586575.234383, "device_queued": 1585586509.8210049, "device_end": 1585586509.8243532, "host_queued_end": 1585586575.235587}, "device": "gpu", "nd_range": {"device_start": 1585586509.8248272, "device_end": 1585586509.8258069}, "cmdq": 1, "read": {"device_start": 1585586509.8258107, "device_end": 1585586509.8258343}}, "FFC_sans_bias40": {"write": {"device_start": -1, "host_queued_start": 1585586575.231934, "device_queued": -1, "device_end": -1, "host_queued_end": 1585586575.235587}, "device": "gpu", "nd_range": {"device_start": 1585586509.82302, "device_end": 1585586509.8236957}, "cmdq": 0, "read": {"device_start": -1, "device_end": -1}}, "softmax32": {"write": {"device_start": -1, "host_queued_start": 1585586575.25659, "device_queued": -1, "device_end": -1, "host_queued_end": 1585586575.262114}, "device": "cpu", "nd_range": {"device_start": 2254349.531800371, "device_end": 2254349.5319484724}, "cmdq": 1, "read": {"device_start": -1, "device_end": -1}}, "FFC_sans_bias47": {"write": {"device_start": 1585586509.820938, "host_queued_start": 1585586575.230988, "device_queued": 1585586509.8204052, "device_end": 1585586509.820963, "host_queued_end": 1585586575.235587}, "device": "gpu", "nd_range": {"device_start": 1585586509.8209689, "device_end": 1585586509.823175}, "cmdq": 2, "read": {"device_start": -1, "device_end": -1}}, "FFC_sans_bias45": {"write": {"device_start": 1585586509.820413, "host_queued_start": 1585586575.228868, "device_queued": 1585586509.8203166, "device_end": 1585586509.8204951, "host_queued_end": 1585586575.235587}, "device": "gpu", "nd_range": {"device_start": 1585586509.8205004, "device_end": 1585586509.8221881}, "cmdq": 0, "read": {"device_start": -1, "device_end": -1}}, "softmax50": {"write": {"device_start": -1, "host_queued_start": 1585586575.232751, "device_queued": -1, "device_end": -1, "host_queued_end": 1585586575.235587}, "device": "gpu", "nd_range": {"device_start": 1585586509.8241522, "device_end": 1585586509.824491}, "cmdq": 3, "read": {"device_start": -1, "device_end": -1}}, "FFC_sans_bias33": {"write": {"device_start": -1, "host_queued_start": 1585586575.257946, "device_queued": -1, "device_end": -1, "host_queued_end": 1585586575.262114}, "device": "cpu", "nd_range": {"device_start": 2254349.540266119, "device_end": 2254349.547932196}, "cmdq": 1, "read": {"device_start": -1, "device_end": -1}}, "FFC_sans_bias49": {"write": {"device_start": -1, "host_queued_start": 1585586575.232252, "device_queued": -1, "device_end": -1, "host_queued_end": 1585586575.235587}, "device": "gpu", "nd_range": {"device_start": 1585586509.823183, "device_end": 1585586509.8241456}, "cmdq": 1, "read": {"device_start": -1, "device_end": -1}}, "FFC_sans_bias24": {"write": {"device_start": -1, "host_queued_start": 1585586575.257609, "device_queued": -1, "device_end": -1, "host_queued_end": 1585586575.262114}, "device": "cpu", "nd_range": {"device_start": 2254349.5696076, "device_end": 2254349.574853702}, "cmdq": 0, "read": {"device_start": -1, "device_end": -1}}, "FFC_sans_bias25": {"write": {"device_start": -1, "host_queued_start": 1585586575.261047, "device_queued": -1, "device_end": -1, "host_queued_end": 1585586575.262114}, "device": "cpu", "nd_range": {"device_start": 2254349.580248645, "device_end": 2254349.58552194}, "cmdq": 0, "read": {"device_start": -1, "device_end": -1}}, "FFC_sans_bias27": {"write": {"device_start": -1, "host_queued_start": 1585586575.250666, "device_queued": -1, "device_end": -1, "host_queued_end": 1585586575.262114}, "device": "cpu", "nd_range": {"device_start": 2254349.48844217, "device_end": 2254349.494766569}, "cmdq": 1, "read": {"device_start": -1, "device_end": -1}}, "FFC_sans_bias20": {"write": {"device_start": -1, "host_queued_start": 1585586575.249594, "device_queued": -1, "device_end": -1, "host_queued_end": 1585586575.262114}, "device": "cpu", "nd_range": {"device_start": 2254349.504462214, "device_end": 2254349.5098347333}, "cmdq": 0, "read": {"device_start": -1, "device_end": -1}}, "FFC_sans_bias22": {"write": {"device_start": -1, "host_queued_start": 1585586575.255133, "device_queued": -1, "device_end": -1, "host_queued_end": 1585586575.262114}, "device": "cpu", "nd_range": {"device_start": 2254349.532053863, "device_end": 2254349.5436939723}, "cmdq": 0, "read": {"device_start": -1, "device_end": -1}}, "softmax5": {"write": {"device_start": -1, "host_queued_start": 1585586575.255759, "device_queued": -1, "device_end": -1, "host_queued_end": 1585586575.262114}, "device": "cpu", "nd_range": {"device_start": 2254349.543702564, "device_end": 2254349.543917191}, "cmdq": 0, "read": {"device_start": -1, "device_end": -1}}, "FFC_sans_bias28": {"write": {"device_start": -1, "host_queued_start": 1585586575.251716, "device_queued": -1, "device_end": -1, "host_queued_end": 1585586575.262114}, "device": "cpu", "nd_range": {"device_start": 2254349.509840817, "device_end": 2254349.515141818}, "cmdq": 0, "read": {"device_start": -1, "device_end": -1}}, "FFC_sans_bias29": {"write": {"device_start": -1, "host_queued_start": 1585586575.252768, "device_queued": -1, "device_end": -1, "host_queued_end": 1585586575.262114}, "device": "cpu", "nd_range": {"device_start": 2254349.49488657, "device_end": 2254349.504452653}, "cmdq": 1, "read": {"device_start": -1, "device_end": -1}}, "empty17": {"write": {"device_start": -1, "host_queued_start": 1585586575.237998, "device_queued": -1, "device_end": -1, "host_queued_end": 1585586575.262114}, "device": "cpu", "nd_range": {"device_start": 2254349.451707655, "device_end": 2254349.451720588}, "cmdq": 1, "read": {"device_start": -1, "device_end": -1}}, "empty35": {"write": {"device_start": -1, "host_queued_start": 1585586575.239671, "device_queued": -1, "device_end": -1, "host_queued_end": 1585586575.262114}, "device": "cpu", "nd_range": {"device_start": 2254349.4517396092, "device_end": 2254349.4517406113}, "cmdq": 1, "read": {"device_start": -1, "device_end": -1}}, "empty53": {"write": {"device_start": 1585586509.8199973, "host_queued_start": 1585586575.224586, "device_queued": 1585586509.8198695, "device_end": 1585586509.820058, "host_queued_end": 1585586575.235587}, "device": "gpu", "nd_range": {"device_start": 1585586509.8201265, "device_end": 1585586509.820169}, "cmdq": 1, "read": {"device_start": -1, "device_end": -1}}, "FFC_sans_bias46": {"write": {"device_start": 1585586509.8205087, "host_queued_start": 1585586575.229924, "device_queued": 1585586509.8203855, "device_end": 1585586509.8205338, "host_queued_end": 1585586575.235587}, "device": "gpu", "nd_range": {"device_start": 1585586509.820597, "device_end": 1585586509.8227577}, "cmdq": 1, "read": {"device_start": -1, "device_end": -1}}, "coalesced_transpose48": {"write": {"device_start": -1, "host_queued_start": 1585586575.231611, "device_queued": -1, "device_end": -1, "host_queued_end": 1585586575.235587}, "device": "gpu", "nd_range": {"device_start": 1585586509.8230147, "device_end": 1585586509.8230467}, "cmdq": 4, "read": {"device_start": -1, "device_end": -1}}}