{"FFC_sans_bias4": {"write": {"device_start": -1, "host_queued_start": 1585586367.467564, "device_queued": -1, "device_end": -1, "host_queued_end": 1585586367.477093}, "device": "cpu", "nd_range": {"device_start": 2254141.756122829, "device_end": 2254141.7604257152}, "cmdq": 0, "read": {"device_start": -1, "device_end": -1}}, "FFC_sans_bias7": {"write": {"device_start": -1, "host_queued_start": 1585586367.473097, "device_queued": -1, "device_end": -1, "host_queued_end": 1585586367.477093}, "device": "cpu", "nd_range": {"device_start": 2254141.801688793, "device_end": 2254141.8061837293}, "cmdq": 0, "read": {"device_start": -1, "device_end": -1}}, "FFC_sans_bias6": {"write": {"device_start": -1, "host_queued_start": 1585586367.470671, "device_queued": -1, "device_end": -1, "host_queued_end": 1585586367.477093}, "device": "cpu", "nd_range": {"device_start": 2254141.7793454113, "device_end": 2254141.783641464}, "cmdq": 0, "read": {"device_start": -1, "device_end": -1}}, "FFC_sans_bias1": {"write": {"device_start": -1, "host_queued_start": 1585586367.451706, "device_queued": -1, "device_end": -1, "host_queued_end": 1585586367.477093}, "device": "cpu", "nd_range": {"device_start": 2254141.671008551, "device_end": 2254141.675305177}, "cmdq": 0, "read": {"device_start": -1, "device_end": -1}}, "FFC_sans_bias0": {"write": {"device_start": -1, "host_queued_start": 1585586367.450641, "device_queued": -1, "device_end": -1, "host_queued_end": 1585586367.477093}, "device": "cpu", "nd_range": {"device_start": 2254141.666755263, "device_end": 2254141.670992065}, "cmdq": 0, "read": {"device_start": -1, "device_end": -1}}, "FFC_sans_bias2": {"write": {"device_start": -1, "host_queued_start": 1585586367.452755, "device_queued": -1, "device_end": -1, "host_queued_end": 1585586367.477093}, "device": "cpu", "nd_range": {"device_start": 2254141.6753270873, "device_end": 2254141.6793694603}, "cmdq": 0, "read": {"device_start": -1, "device_end": -1}}, "FFC_sans_bias52": {"write": {"device_start": 1585586302.0372274, "host_queued_start": 1585586367.444878, "device_queued": 1585586302.035211, "device_end": 1585586302.0372586, "host_queued_end": 1585586367.444998}, "device": "gpu", "nd_range": {"device_start": 1585586302.03792, "device_end": 1585586302.038515}, "cmdq": 2, "read": {"device_start": 1585586302.0385206, "device_end": 1585586302.0385432}}, "FFC_sans_bias9": {"write": {"device_start": -1, "host_queued_start": 1585586367.453797, "device_queued": -1, "device_end": -1, "host_queued_end": 1585586367.477093}, "device": "cpu", "nd_range": {"device_start": 2254141.6793753393, "device_end": 2254141.687034067}, "cmdq": 0, "read": {"device_start": -1, "device_end": -1}}, "coalesced_transpose39": {"write": {"device_start": -1, "host_queued_start": 1585586367.467218, "device_queued": -1, "device_end": -1, "host_queued_end": 1585586367.477093}, "device": "cpu", "nd_range": {"device_start": 2254141.7559220963, "device_end": 2254141.75600747}, "cmdq": 0, "read": {"device_start": -1, "device_end": -1}}, "FFC_sans_bias51": {"write": {"device_start": -1, "host_queued_start": 1585586367.443866, "device_queued": -1, "device_end": -1, "host_queued_end": 1585586367.444998}, "device": "gpu", "nd_range": {"device_start": 1585586302.0373209, "device_end": 1585586302.0379167}, "cmdq": 1, "read": {"device_start": -1, "device_end": -1}}, "softmax23": {"write": {"device_start": -1, "host_queued_start": 1585586367.469781, "device_queued": -1, "device_end": -1, "host_queued_end": 1585586367.477093}, "device": "cpu", "nd_range": {"device_start": 2254141.779021021, "device_end": 2254141.7791347452}, "cmdq": 0, "read": {"device_start": -1, "device_end": -1}}, "FFC_sans_bias37": {"write": {"device_start": -1, "host_queued_start": 1585586367.464483, "device_queued": -1, "device_end": -1, "host_queued_end": 1585586367.477093}, "device": "cpu", "nd_range": {"device_start": 2254141.746673617, "device_end": 2254141.750981138}, "cmdq": 0, "read": {"device_start": -1, "device_end": -1}}, "softmax41": {"write": {"device_start": -1, "host_queued_start": 1585586367.470329, "device_queued": -1, "device_end": -1, "host_queued_end": 1585586367.477093}, "device": "cpu", "nd_range": {"device_start": 2254141.7792626503, "device_end": 2254141.7793404954}, "cmdq": 0, "read": {"device_start": -1, "device_end": -1}}, "FFC_sans_bias11": {"write": {"device_start": -1, "host_queued_start": 1585586367.455918, "device_queued": -1, "device_end": -1, "host_queued_end": 1585586367.477093}, "device": "cpu", "nd_range": {"device_start": 2254141.694715448, "device_end": 2254141.702855687}, "cmdq": 0, "read": {"device_start": -1, "device_end": -1}}, "FFC_sans_bias10": {"write": {"device_start": -1, "host_queued_start": 1585586367.454864, "device_queued": -1, "device_end": -1, "host_queued_end": 1585586367.477093}, "device": "cpu", "nd_range": {"device_start": 2254141.687038807, "device_end": 2254141.694710329}, "cmdq": 0, "read": {"device_start": -1, "device_end": -1}}, "coalesced_transpose3": {"write": {"device_start": -1, "host_queued_start": 1585586367.465862, "device_queued": -1, "device_end": -1, "host_queued_end": 1585586367.477093}, "device": "cpu", "nd_range": {"device_start": 2254141.755048248, "device_end": 2254141.75516167}, "cmdq": 0, "read": {"device_start": -1, "device_end": -1}}, "FFC_sans_bias34": {"write": {"device_start": -1, "host_queued_start": 1585586367.476062, "device_queued": -1, "device_end": -1, "host_queued_end": 1585586367.477093}, "device": "cpu", "nd_range": {"device_start": 2254141.8151852223, "device_end": 2254141.8197415853}, "cmdq": 0, "read": {"device_start": -1, "device_end": -1}}, "FFC_sans_bias15": {"write": {"device_start": -1, "host_queued_start": 1585586367.471015, "device_queued": -1, "device_end": -1, "host_queued_end": 1585586367.477093}, "device": "cpu", "nd_range": {"device_start": 2254141.783646495, "device_end": 2254141.787973695}, "cmdq": 0, "read": {"device_start": -1, "device_end": -1}}, "FFC_sans_bias31": {"write": {"device_start": -1, "host_queued_start": 1585586367.468613, "device_queued": -1, "device_end": -1, "host_queued_end": 1585586367.477093}, "device": "cpu", "nd_range": {"device_start": 2254141.769385231, "device_end": 2254141.77370557}, "cmdq": 0, "read": {"device_start": -1, "device_end": -1}}, "FFC_sans_bias16": {"write": {"device_start": -1, "host_queued_start": 1585586367.474086, "device_queued": -1, "device_end": -1, "host_queued_end": 1585586367.477093}, "device": "cpu", "nd_range": {"device_start": 2254141.8061897773, "device_end": 2254141.8108727373}, "cmdq": 0, "read": {"device_start": -1, "device_end": -1}}, "FFC_sans_bias19": {"write": {"device_start": -1, "host_queued_start": 1585586367.458006, "device_queued": -1, "device_end": -1, "host_queued_end": 1585586367.477093}, "device": "cpu", "nd_range": {"device_start": 2254141.710502652, "device_end": 2254141.718172143}, "cmdq": 0, "read": {"device_start": -1, "device_end": -1}}, "FFC_sans_bias18": {"write": {"device_start": -1, "host_queued_start": 1585586367.456961, "device_queued": -1, "device_end": -1, "host_queued_end": 1585586367.477093}, "device": "cpu", "nd_range": {"device_start": 2254141.702860651, "device_end": 2254141.71049789}, "cmdq": 0, "read": {"device_start": -1, "device_end": -1}}, "coalesced_transpose30": {"write": {"device_start": -1, "host_queued_start": 1585586367.466886, "device_queued": -1, "device_end": -1, "host_queued_end": 1585586367.477093}, "device": "cpu", "nd_range": {"device_start": 2254141.7557311254, "device_end": 2254141.755816574}, "cmdq": 0, "read": {"device_start": -1, "device_end": -1}}, "FFC_sans_bias38": {"write": {"device_start": -1, "host_queued_start": 1585586367.46553, "device_queued": -1, "device_end": -1, "host_queued_end": 1585586367.477093}, "device": "cpu", "nd_range": {"device_start": 2254141.7509868434, "device_end": 2254141.7549248124}, "cmdq": 0, "read": {"device_start": -1, "device_end": -1}}, "empty26": {"write": {"device_start": -1, "host_queued_start": 1585586367.447971, "device_queued": -1, "device_end": -1, "host_queued_end": 1585586367.477093}, "device": "cpu", "nd_range": {"device_start": 2254141.6667397413, "device_end": 2254141.666740395}, "cmdq": 0, "read": {"device_start": -1, "device_end": -1}}, "coalesced_transpose12": {"write": {"device_start": -1, "host_queued_start": 1585586367.466197, "device_queued": -1, "device_end": -1, "host_queued_end": 1585586367.477093}, "device": "cpu", "nd_range": {"device_start": 2254141.7552853683, "device_end": 2254141.755395107}, "cmdq": 0, "read": {"device_start": -1, "device_end": -1}}, "empty44": {"write": {"device_start": -1, "host_queued_start": 1585586367.449657, "device_queued": -1, "device_end": -1, "host_queued_end": 1585586367.477093}, "device": "cpu", "nd_range": {"device_start": 2254141.6667498723, "device_end": 2254141.6667504963}, "cmdq": 0, "read": {"device_start": -1, "device_end": -1}}, "coalesced_transpose21": {"write": {"device_start": -1, "host_queued_start": 1585586367.466531, "device_queued": -1, "device_end": -1, "host_queued_end": 1585586367.477093}, "device": "cpu", "nd_range": {"device_start": 2254141.755518124, "device_end": 2254141.7556126174}, "cmdq": 0, "read": {"device_start": -1, "device_end": -1}}, "FFC_sans_bias36": {"write": {"device_start": -1, "host_queued_start": 1585586367.463442, "device_queued": -1, "device_end": -1, "host_queued_end": 1585586367.477093}, "device": "cpu", "nd_range": {"device_start": 2254141.742216301, "device_end": 2254141.7465487192}, "cmdq": 0, "read": {"device_start": -1, "device_end": -1}}, "softmax14": {"write": {"device_start": -1, "host_queued_start": 1585586367.469507, "device_queued": -1, "device_end": -1, "host_queued_end": 1585586367.477093}, "device": "cpu", "nd_range": {"device_start": 2254141.778903741, "device_end": 2254141.7790153343}, "cmdq": 0, "read": {"device_start": -1, "device_end": -1}}, "FFC_sans_bias13": {"write": {"device_start": -1, "host_queued_start": 1585586367.467916, "device_queued": -1, "device_end": -1, "host_queued_end": 1585586367.477093}, "device": "cpu", "nd_range": {"device_start": 2254141.760541556, "device_end": 2254141.764604059}, "cmdq": 0, "read": {"device_start": -1, "device_end": -1}}, "empty8": {"write": {"device_start": -1, "host_queued_start": 1585586367.446244, "device_queued": -1, "device_end": -1, "host_queued_end": 1585586367.477093}, "device": "cpu", "nd_range": {"device_start": 2254141.666699142, "device_end": 2254141.66671234}, "cmdq": 0, "read": {"device_start": -1, "device_end": -1}}, "FFC_sans_bias42": {"write": {"device_start": -1, "host_queued_start": 1585586367.472052, "device_queued": -1, "device_end": -1, "host_queued_end": 1585586367.477093}, "device": "cpu", "nd_range": {"device_start": 2254141.796926903, "device_end": 2254141.801683267}, "cmdq": 0, "read": {"device_start": -1, "device_end": -1}}, "FFC_sans_bias43": {"write": {"device_start": -1, "host_queued_start": 1585586367.477049, "device_queued": -1, "device_end": -1, "host_queued_end": 1585586367.477093}, "device": "cpu", "nd_range": {"device_start": 2254141.8197446153, "device_end": 2254141.824254355}, "cmdq": 0, "read": {"device_start": -1, "device_end": -1}}, "FFC_sans_bias40": {"write": {"device_start": -1, "host_queued_start": 1585586367.468952, "device_queued": -1, "device_end": -1, "host_queued_end": 1585586367.477093}, "device": "cpu", "nd_range": {"device_start": 2254141.773711298, "device_end": 2254141.77875611}, "cmdq": 0, "read": {"device_start": -1, "device_end": -1}}, "softmax32": {"write": {"device_start": -1, "host_queued_start": 1585586367.470058, "device_queued": -1, "device_end": -1, "host_queued_end": 1585586367.477093}, "device": "cpu", "nd_range": {"device_start": 2254141.7791400533, "device_end": 2254141.779254837}, "cmdq": 0, "read": {"device_start": -1, "device_end": -1}}, "FFC_sans_bias47": {"write": {"device_start": 1585586302.0351048, "host_queued_start": 1585586367.442663, "device_queued": 1585586302.0350158, "device_end": 1585586302.0351355, "host_queued_end": 1585586367.444998}, "device": "gpu", "nd_range": {"device_start": 1585586302.0351384, "device_end": 1585586302.0365114}, "cmdq": 0, "read": {"device_start": -1, "device_end": -1}}, "FFC_sans_bias45": {"write": {"device_start": 1585586302.0348594, "host_queued_start": 1585586367.440531, "device_queued": 1585586302.0347571, "device_end": 1585586302.0349321, "host_queued_end": 1585586367.444998}, "device": "gpu", "nd_range": {"device_start": 1585586302.0349352, "device_end": 1585586302.0355387}, "cmdq": 1, "read": {"device_start": -1, "device_end": -1}}, "softmax50": {"write": {"device_start": -1, "host_queued_start": 1585586367.443557, "device_queued": -1, "device_end": -1, "host_queued_end": 1585586367.444998}, "device": "gpu", "nd_range": {"device_start": 1585586302.0371244, "device_end": 1585586302.037316}, "cmdq": 0, "read": {"device_start": -1, "device_end": -1}}, "FFC_sans_bias33": {"write": {"device_start": -1, "host_queued_start": 1585586367.471705, "device_queued": -1, "device_end": -1, "host_queued_end": 1585586367.477093}, "device": "cpu", "nd_range": {"device_start": 2254141.792541697, "device_end": 2254141.796921416}, "cmdq": 0, "read": {"device_start": -1, "device_end": -1}}, "FFC_sans_bias49": {"write": {"device_start": -1, "host_queued_start": 1585586367.443302, "device_queued": -1, "device_end": -1, "host_queued_end": 1585586367.444998}, "device": "gpu", "nd_range": {"device_start": 1585586302.036516, "device_end": 1585586302.0371225}, "cmdq": 2, "read": {"device_start": -1, "device_end": -1}}, "FFC_sans_bias24": {"write": {"device_start": -1, "host_queued_start": 1585586367.471359, "device_queued": -1, "device_end": -1, "host_queued_end": 1585586367.477093}, "device": "cpu", "nd_range": {"device_start": 2254141.787979208, "device_end": 2254141.792536337}, "cmdq": 0, "read": {"device_start": -1, "device_end": -1}}, "FFC_sans_bias25": {"write": {"device_start": -1, "host_queued_start": 1585586367.475078, "device_queued": -1, "device_end": -1, "host_queued_end": 1585586367.477093}, "device": "cpu", "nd_range": {"device_start": 2254141.810875772, "device_end": 2254141.815182284}, "cmdq": 0, "read": {"device_start": -1, "device_end": -1}}, "FFC_sans_bias27": {"write": {"device_start": -1, "host_queued_start": 1585586367.460137, "device_queued": -1, "device_end": -1, "host_queued_end": 1585586367.477093}, "device": "cpu", "nd_range": {"device_start": 2254141.725871792, "device_end": 2254141.733550885}, "cmdq": 0, "read": {"device_start": -1, "device_end": -1}}, "FFC_sans_bias20": {"write": {"device_start": -1, "host_queued_start": 1585586367.459086, "device_queued": -1, "device_end": -1, "host_queued_end": 1585586367.477093}, "device": "cpu", "nd_range": {"device_start": 2254141.718189089, "device_end": 2254141.725866444}, "cmdq": 0, "read": {"device_start": -1, "device_end": -1}}, "FFC_sans_bias22": {"write": {"device_start": -1, "host_queued_start": 1585586367.468269, "device_queued": -1, "device_end": -1, "host_queued_end": 1585586367.477093}, "device": "cpu", "nd_range": {"device_start": 2254141.764609707, "device_end": 2254141.769376667}, "cmdq": 0, "read": {"device_start": -1, "device_end": -1}}, "softmax5": {"write": {"device_start": -1, "host_queued_start": 1585586367.469229, "device_queued": -1, "device_end": -1, "host_queued_end": 1585586367.477093}, "device": "cpu", "nd_range": {"device_start": 2254141.77876135, "device_end": 2254141.778897474}, "cmdq": 0, "read": {"device_start": -1, "device_end": -1}}, "FFC_sans_bias28": {"write": {"device_start": -1, "host_queued_start": 1585586367.461184, "device_queued": -1, "device_end": -1, "host_queued_end": 1585586367.477093}, "device": "cpu", "nd_range": {"device_start": 2254141.733556007, "device_end": 2254141.737863418}, "cmdq": 0, "read": {"device_start": -1, "device_end": -1}}, "FFC_sans_bias29": {"write": {"device_start": -1, "host_queued_start": 1585586367.46236, "device_queued": -1, "device_end": -1, "host_queued_end": 1585586367.477093}, "device": "cpu", "nd_range": {"device_start": 2254141.738003035, "device_end": 2254141.742095117}, "cmdq": 0, "read": {"device_start": -1, "device_end": -1}}, "empty17": {"write": {"device_start": -1, "host_queued_start": 1585586367.447134, "device_queued": -1, "device_end": -1, "host_queued_end": 1585586367.477093}, "device": "cpu", "nd_range": {"device_start": 2254141.666733105, "device_end": 2254141.6667341413}, "cmdq": 0, "read": {"device_start": -1, "device_end": -1}}, "empty35": {"write": {"device_start": -1, "host_queued_start": 1585586367.4488, "device_queued": -1, "device_end": -1, "host_queued_end": 1585586367.477093}, "device": "cpu", "nd_range": {"device_start": 2254141.666744907, "device_end": 2254141.6667454573}, "cmdq": 0, "read": {"device_start": -1, "device_end": -1}}, "empty53": {"write": {"device_start": 1585586302.0347617, "host_queued_start": 1585586367.439261, "device_queued": 1585586302.0346415, "device_end": 1585586302.0347981, "host_queued_end": 1585586367.444998}, "device": "gpu", "nd_range": {"device_start": 1585586302.0348017, "device_end": 1585586302.0348072}, "cmdq": 0, "read": {"device_start": -1, "device_end": -1}}, "FFC_sans_bias46": {"write": {"device_start": 1585586302.034949, "host_queued_start": 1585586367.441542, "device_queued": 1585586302.0347857, "device_end": 1585586302.0349782, "host_queued_end": 1585586367.444998}, "device": "gpu", "nd_range": {"device_start": 1585586302.035005, "device_end": 1585586302.0359597}, "cmdq": 2, "read": {"device_start": -1, "device_end": -1}}, "coalesced_transpose48": {"write": {"device_start": -1, "host_queued_start": 1585586367.442985, "device_queued": -1, "device_end": -1, "host_queued_end": 1585586367.444998}, "device": "gpu", "nd_range": {"device_start": 1585586302.0359626, "device_end": 1585586302.0363507}, "cmdq": 1, "read": {"device_start": -1, "device_end": -1}}}