{"FFC_sans_bias4": {"write": {"device_start": -1, "host_queued_start": 1585586536.965654, "device_queued": -1, "device_end": -1, "host_queued_end": 1585586536.973192}, "device": "cpu", "nd_range": {"device_start": 2254311.2249170933, "device_end": 2254311.240770947}, "cmdq": 0, "read": {"device_start": -1, "device_end": -1}}, "FFC_sans_bias7": {"write": {"device_start": -1, "host_queued_start": 1585586536.970166, "device_queued": -1, "device_end": -1, "host_queued_end": 1585586536.973192}, "device": "cpu", "nd_range": {"device_start": 2254311.2661633682, "device_end": 2254311.277065014}, "cmdq": 2, "read": {"device_start": -1, "device_end": -1}}, "FFC_sans_bias6": {"write": {"device_start": -1, "host_queued_start": 1585586536.968118, "device_queued": -1, "device_end": -1, "host_queued_end": 1585586536.973192}, "device": "cpu", "nd_range": {"device_start": 2254311.245639304, "device_end": 2254311.262263662}, "cmdq": 3, "read": {"device_start": -1, "device_end": -1}}, "FFC_sans_bias1": {"write": {"device_start": -1, "host_queued_start": 1585586536.953235, "device_queued": -1, "device_end": -1, "host_queued_end": 1585586536.973192}, "device": "cpu", "nd_range": {"device_start": 2254311.162815315, "device_end": 2254311.179349497}, "cmdq": 0, "read": {"device_start": -1, "device_end": -1}}, "FFC_sans_bias0": {"write": {"device_start": -1, "host_queued_start": 1585586536.952059, "device_queued": -1, "device_end": -1, "host_queued_end": 1585586536.973192}, "device": "cpu", "nd_range": {"device_start": 2254311.193903294, "device_end": 2254311.206017272}, "cmdq": 4, "read": {"device_start": -1, "device_end": -1}}, "FFC_sans_bias2": {"write": {"device_start": -1, "host_queued_start": 1585586536.954386, "device_queued": -1, "device_end": -1, "host_queued_end": 1585586536.973192}, "device": "cpu", "nd_range": {"device_start": 2254311.1628120174, "device_end": 2254311.178173778}, "cmdq": 1, "read": {"device_start": -1, "device_end": -1}}, "FFC_sans_bias52": {"write": {"device_start": 1585586471.5369296, "host_queued_start": 1585586536.946757, "device_queued": 1585586471.5334766, "device_end": 1585586471.5369601, "host_queued_end": 1585586536.946856}, "device": "gpu", "nd_range": {"device_start": 1585586471.5377429, "device_end": 1585586471.5387256}, "cmdq": 1, "read": {"device_start": 1585586471.5387278, "device_end": 1585586471.538753}}, "FFC_sans_bias9": {"write": {"device_start": -1, "host_queued_start": 1585586536.955572, "device_queued": -1, "device_end": -1, "host_queued_end": 1585586536.973192}, "device": "cpu", "nd_range": {"device_start": 2254311.1634101453, "device_end": 2254311.178545976}, "cmdq": 2, "read": {"device_start": -1, "device_end": -1}}, "coalesced_transpose39": {"write": {"device_start": -1, "host_queued_start": 1585586536.942654, "device_queued": -1, "device_end": -1, "host_queued_end": 1585586536.946856}, "device": "gpu", "nd_range": {"device_start": 1585586471.5340827, "device_end": 1585586471.5353706}, "cmdq": 0, "read": {"device_start": -1, "device_end": -1}}, "FFC_sans_bias51": {"write": {"device_start": -1, "host_queued_start": 1585586536.944658, "device_queued": -1, "device_end": -1, "host_queued_end": 1585586536.946856}, "device": "gpu", "nd_range": {"device_start": 1585586471.5367289, "device_end": 1585586471.5377395}, "cmdq": 3, "read": {"device_start": -1, "device_end": -1}}, "softmax23": {"write": {"device_start": -1, "host_queued_start": 1585586536.967516, "device_queued": -1, "device_end": -1, "host_queued_end": 1585586536.973192}, "device": "cpu", "nd_range": {"device_start": 2254311.240624748, "device_end": 2254311.24084891}, "cmdq": 1, "read": {"device_start": -1, "device_end": -1}}, "FFC_sans_bias37": {"write": {"device_start": 1585586471.532508, "host_queued_start": 1585586536.938034, "device_queued": 1585586471.5321736, "device_end": 1585586471.5325391, "host_queued_end": 1585586536.946856}, "device": "gpu", "nd_range": {"device_start": 1585586471.532542, "device_end": 1585586471.5335083}, "cmdq": 3, "read": {"device_start": -1, "device_end": -1}}, "softmax41": {"write": {"device_start": -1, "host_queued_start": 1585586536.943813, "device_queued": -1, "device_end": -1, "host_queued_end": 1585586536.946856}, "device": "gpu", "nd_range": {"device_start": 1585586471.5365145, "device_end": 1585586471.5367107}, "cmdq": 0, "read": {"device_start": -1, "device_end": -1}}, "FFC_sans_bias11": {"write": {"device_start": -1, "host_queued_start": 1585586536.957666, "device_queued": -1, "device_end": -1, "host_queued_end": 1585586536.973192}, "device": "cpu", "nd_range": {"device_start": 2254311.206044333, "device_end": 2254311.213649277}, "cmdq": 4, "read": {"device_start": -1, "device_end": -1}}, "FFC_sans_bias10": {"write": {"device_start": -1, "host_queued_start": 1585586536.956623, "device_queued": -1, "device_end": -1, "host_queued_end": 1585586536.973192}, "device": "cpu", "nd_range": {"device_start": 2254311.1628625533, "device_end": 2254311.1780778}, "cmdq": 3, "read": {"device_start": -1, "device_end": -1}}, "coalesced_transpose3": {"write": {"device_start": -1, "host_queued_start": 1585586536.964335, "device_queued": -1, "device_end": -1, "host_queued_end": 1585586536.973192}, "device": "cpu", "nd_range": {"device_start": 2254311.224660734, "device_end": 2254311.224910167}, "cmdq": 1, "read": {"device_start": -1, "device_end": -1}}, "FFC_sans_bias34": {"write": {"device_start": -1, "host_queued_start": 1585586536.973148, "device_queued": -1, "device_end": -1, "host_queued_end": 1585586536.973192}, "device": "cpu", "nd_range": {"device_start": 2254311.260083062, "device_end": 2254311.272400541}, "cmdq": 0, "read": {"device_start": -1, "device_end": -1}}, "FFC_sans_bias15": {"write": {"device_start": -1, "host_queued_start": 1585586536.968455, "device_queued": -1, "device_end": -1, "host_queued_end": 1585586536.973192}, "device": "cpu", "nd_range": {"device_start": 2254311.241841855, "device_end": 2254311.2540863194}, "cmdq": 4, "read": {"device_start": -1, "device_end": -1}}, "FFC_sans_bias31": {"write": {"device_start": -1, "host_queued_start": 1585586536.966691, "device_queued": -1, "device_end": -1, "host_queued_end": 1585586536.973192}, "device": "cpu", "nd_range": {"device_start": 2254311.224977062, "device_end": 2254311.2429324193}, "cmdq": 3, "read": {"device_start": -1, "device_end": -1}}, "FFC_sans_bias16": {"write": {"device_start": -1, "host_queued_start": 1585586536.971171, "device_queued": -1, "device_end": -1, "host_queued_end": 1585586536.973192}, "device": "cpu", "nd_range": {"device_start": 2254311.2630264233, "device_end": 2254311.281039856}, "cmdq": 3, "read": {"device_start": -1, "device_end": -1}}, "FFC_sans_bias19": {"write": {"device_start": -1, "host_queued_start": 1585586536.959784, "device_queued": -1, "device_end": -1, "host_queued_end": 1585586536.973192}, "device": "cpu", "nd_range": {"device_start": 2254311.1815965623, "device_end": 2254311.224619448}, "cmdq": 1, "read": {"device_start": -1, "device_end": -1}}, "FFC_sans_bias18": {"write": {"device_start": -1, "host_queued_start": 1585586536.958734, "device_queued": -1, "device_end": -1, "host_queued_end": 1585586536.973192}, "device": "cpu", "nd_range": {"device_start": 2254311.179479494, "device_end": 2254311.195260392}, "cmdq": 0, "read": {"device_start": -1, "device_end": -1}}, "coalesced_transpose30": {"write": {"device_start": -1, "host_queued_start": 1585586536.965315, "device_queued": -1, "device_end": -1, "host_queued_end": 1585586536.973192}, "device": "cpu", "nd_range": {"device_start": 2254311.21912372, "device_end": 2254311.219235308}, "cmdq": 4, "read": {"device_start": -1, "device_end": -1}}, "FFC_sans_bias38": {"write": {"device_start": 1585586471.5326383, "host_queued_start": 1585586536.939156, "device_queued": 1585586471.53254, "device_end": 1585586471.532669, "host_queued_end": 1585586536.946856}, "device": "gpu", "nd_range": {"device_start": 1585586471.5326722, "device_end": 1585586471.534081}, "cmdq": 0, "read": {"device_start": -1, "device_end": -1}}, "empty26": {"write": {"device_start": -1, "host_queued_start": 1585586536.950211, "device_queued": -1, "device_end": -1, "host_queued_end": 1585586536.973192}, "device": "cpu", "nd_range": {"device_start": 2254311.163302426, "device_end": 2254311.163306275}, "cmdq": 2, "read": {"device_start": -1, "device_end": -1}}, "coalesced_transpose12": {"write": {"device_start": -1, "host_queued_start": 1585586536.964665, "device_queued": -1, "device_end": -1, "host_queued_end": 1585586536.973192}, "device": "cpu", "nd_range": {"device_start": 2254311.19412592, "device_end": 2254311.1944214953}, "cmdq": 2, "read": {"device_start": -1, "device_end": -1}}, "empty44": {"write": {"device_start": 1585586471.5321639, "host_queued_start": 1585586536.934932, "device_queued": 1585586471.5320299, "device_end": 1585586471.5322146, "host_queued_end": 1585586536.946856}, "device": "gpu", "nd_range": {"device_start": 1585586471.5322206, "device_end": 1585586471.5322328}, "cmdq": 0, "read": {"device_start": -1, "device_end": -1}}, "coalesced_transpose21": {"write": {"device_start": -1, "host_queued_start": 1585586536.964994, "device_queued": -1, "device_end": -1, "host_queued_end": 1585586536.973192}, "device": "cpu", "nd_range": {"device_start": 2254311.224662742, "device_end": 2254311.224862196}, "cmdq": 3, "read": {"device_start": -1, "device_end": -1}}, "FFC_sans_bias36": {"write": {"device_start": 1585586471.5324018, "host_queued_start": 1585586536.937027, "device_queued": 1585586471.5321524, "device_end": 1585586471.5324664, "host_queued_end": 1585586536.946856}, "device": "gpu", "nd_range": {"device_start": 1585586471.5324926, "device_end": 1585586471.5331028}, "cmdq": 2, "read": {"device_start": -1, "device_end": -1}}, "softmax14": {"write": {"device_start": -1, "host_queued_start": 1585586536.967244, "device_queued": -1, "device_end": -1, "host_queued_end": 1585586536.973192}, "device": "cpu", "nd_range": {"device_start": 2254311.240921719, "device_end": 2254311.241137383}, "cmdq": 0, "read": {"device_start": -1, "device_end": -1}}, "FFC_sans_bias13": {"write": {"device_start": -1, "host_queued_start": 1585586536.96599, "device_queued": -1, "device_end": -1, "host_queued_end": 1585586536.973192}, "device": "cpu", "nd_range": {"device_start": 2254311.224930312, "device_end": 2254311.2401532563}, "cmdq": 1, "read": {"device_start": -1, "device_end": -1}}, "empty8": {"write": {"device_start": -1, "host_queued_start": 1585586536.948339, "device_queued": -1, "device_end": -1, "host_queued_end": 1585586536.973192}, "device": "cpu", "nd_range": {"device_start": 2254311.162781598, "device_end": 2254311.162792479}, "cmdq": 0, "read": {"device_start": -1, "device_end": -1}}, "FFC_sans_bias42": {"write": {"device_start": -1, "host_queued_start": 1585586536.944357, "device_queued": -1, "device_end": -1, "host_queued_end": 1585586536.946856}, "device": "gpu", "nd_range": {"device_start": 1585586471.536724, "device_end": 1585586471.5373294}, "cmdq": 2, "read": {"device_start": -1, "device_end": -1}}, "FFC_sans_bias43": {"write": {"device_start": 1585586471.5368419, "host_queued_start": 1585586536.945666, "device_queued": 1585586471.533335, "device_end": 1585586471.5369046, "host_queued_end": 1585586536.946856}, "device": "gpu", "nd_range": {"device_start": 1585586471.5373342, "device_end": 1585586471.5382903}, "cmdq": 0, "read": {"device_start": 1585586471.5382917, "device_end": 1585586471.5383153}}, "FFC_sans_bias40": {"write": {"device_start": -1, "host_queued_start": 1585586536.943264, "device_queued": -1, "device_end": -1, "host_queued_end": 1585586536.946856}, "device": "gpu", "nd_range": {"device_start": 1585586471.5355182, "device_end": 1585586471.5365076}, "cmdq": 2, "read": {"device_start": -1, "device_end": -1}}, "softmax32": {"write": {"device_start": -1, "host_queued_start": 1585586536.967784, "device_queued": -1, "device_end": -1, "host_queued_end": 1585586536.973192}, "device": "cpu", "nd_range": {"device_start": 2254311.246281532, "device_end": 2254311.2464928012}, "cmdq": 2, "read": {"device_start": -1, "device_end": -1}}, "FFC_sans_bias47": {"write": {"device_start": 1585586471.533602, "host_queued_start": 1585586536.942302, "device_queued": 1585586471.5327423, "device_end": 1585586471.5336328, "host_queued_end": 1585586536.946856}, "device": "gpu", "nd_range": {"device_start": 1585586471.5336382, "device_end": 1585586471.535505}, "cmdq": 3, "read": {"device_start": -1, "device_end": -1}}, "FFC_sans_bias45": {"write": {"device_start": 1585586471.532807, "host_queued_start": 1585586536.940224, "device_queued": 1585586471.5326953, "device_end": 1585586471.5328398, "host_queued_end": 1585586536.946856}, "device": "gpu", "nd_range": {"device_start": 1585586471.5328424, "device_end": 1585586471.534511}, "cmdq": 1, "read": {"device_start": -1, "device_end": -1}}, "softmax50": {"write": {"device_start": -1, "host_queued_start": 1585586536.944054, "device_queued": -1, "device_end": -1, "host_queued_end": 1585586536.946856}, "device": "gpu", "nd_range": {"device_start": 1585586471.5365193, "device_end": 1585586471.5367134}, "cmdq": 1, "read": {"device_start": -1, "device_end": -1}}, "FFC_sans_bias33": {"write": {"device_start": -1, "host_queued_start": 1585586536.969132, "device_queued": -1, "device_end": -1, "host_queued_end": 1585586536.973192}, "device": "cpu", "nd_range": {"device_start": 2254311.24661672, "device_end": 2254311.259009226}, "cmdq": 1, "read": {"device_start": -1, "device_end": -1}}, "FFC_sans_bias49": {"write": {"device_start": -1, "host_queued_start": 1585586536.943566, "device_queued": -1, "device_end": -1, "host_queued_end": 1585586536.946856}, "device": "gpu", "nd_range": {"device_start": 1585586471.535509, "device_end": 1585586471.5361156}, "cmdq": 3, "read": {"device_start": -1, "device_end": -1}}, "FFC_sans_bias24": {"write": {"device_start": -1, "host_queued_start": 1585586536.968793, "device_queued": -1, "device_end": -1, "host_queued_end": 1585586536.973192}, "device": "cpu", "nd_range": {"device_start": 2254311.241257307, "device_end": 2254311.257437836}, "cmdq": 0, "read": {"device_start": -1, "device_end": -1}}, "FFC_sans_bias25": {"write": {"device_start": -1, "host_queued_start": 1585586536.972163, "device_queued": -1, "device_end": -1, "host_queued_end": 1585586536.973192}, "device": "cpu", "nd_range": {"device_start": 2254311.258243369, "device_end": 2254311.2677058512}, "cmdq": 4, "read": {"device_start": -1, "device_end": -1}}, "FFC_sans_bias27": {"write": {"device_start": -1, "host_queued_start": 1585586536.961901, "device_queued": -1, "device_end": -1, "host_queued_end": 1585586536.973192}, "device": "cpu", "nd_range": {"device_start": 2254311.178223196, "device_end": 2254311.1935596}, "cmdq": 3, "read": {"device_start": -1, "device_end": -1}}, "FFC_sans_bias20": {"write": {"device_start": -1, "host_queued_start": 1585586536.960863, "device_queued": -1, "device_end": -1, "host_queued_end": 1585586536.973192}, "device": "cpu", "nd_range": {"device_start": 2254311.178659296, "device_end": 2254311.193969958}, "cmdq": 2, "read": {"device_start": -1, "device_end": -1}}, "FFC_sans_bias22": {"write": {"device_start": -1, "host_queued_start": 1585586536.966327, "device_queued": -1, "device_end": -1, "host_queued_end": 1585586536.973192}, "device": "cpu", "nd_range": {"device_start": 2254311.225196092, "device_end": 2254311.240487753}, "cmdq": 2, "read": {"device_start": -1, "device_end": -1}}, "softmax5": {"write": {"device_start": -1, "host_queued_start": 1585586536.96697, "device_queued": -1, "device_end": -1, "host_queued_end": 1585586536.973192}, "device": "cpu", "nd_range": {"device_start": 2254311.241510828, "device_end": 2254311.2417198163}, "cmdq": 4, "read": {"device_start": -1, "device_end": -1}}, "FFC_sans_bias28": {"write": {"device_start": -1, "host_queued_start": 1585586536.962965, "device_queued": -1, "device_end": -1, "host_queued_end": 1585586536.973192}, "device": "cpu", "nd_range": {"device_start": 2254311.21368457, "device_end": 2254311.21894011}, "cmdq": 4, "read": {"device_start": -1, "device_end": -1}}, "FFC_sans_bias29": {"write": {"device_start": -1, "host_queued_start": 1585586536.964011, "device_queued": -1, "device_end": -1, "host_queued_end": 1585586536.973192}, "device": "cpu", "nd_range": {"device_start": 2254311.1955048293, "device_end": 2254311.2103809323}, "cmdq": 0, "read": {"device_start": -1, "device_end": -1}}, "empty17": {"write": {"device_start": -1, "host_queued_start": 1585586536.949383, "device_queued": -1, "device_end": -1, "host_queued_end": 1585586536.973192}, "device": "cpu", "nd_range": {"device_start": 2254311.162781559, "device_end": 2254311.162792495}, "cmdq": 1, "read": {"device_start": -1, "device_end": -1}}, "empty35": {"write": {"device_start": -1, "host_queued_start": 1585586536.951075, "device_queued": -1, "device_end": -1, "host_queued_end": 1585586536.973192}, "device": "cpu", "nd_range": {"device_start": 2254311.1628412274, "device_end": 2254311.162846602}, "cmdq": 3, "read": {"device_start": -1, "device_end": -1}}, "empty53": {"write": {"device_start": 1585586471.5322819, "host_queued_start": 1585586536.935969, "device_queued": 1585586471.5321312, "device_end": 1585586471.5323427, "host_queued_end": 1585586536.946856}, "device": "gpu", "nd_range": {"device_start": 1585586471.532346, "device_end": 1585586471.5323508}, "cmdq": 1, "read": {"device_start": -1, "device_end": -1}}, "FFC_sans_bias46": {"write": {"device_start": 1585586471.5332353, "host_queued_start": 1585586536.941267, "device_queued": 1585586471.5327225, "device_end": 1585586471.5332646, "host_queued_end": 1585586536.946856}, "device": "gpu", "nd_range": {"device_start": 1585586471.5332701, "device_end": 1585586471.5350447}, "cmdq": 2, "read": {"device_start": -1, "device_end": -1}}, "coalesced_transpose48": {"write": {"device_start": -1, "host_queued_start": 1585586536.94295, "device_queued": -1, "device_end": -1, "host_queued_end": 1585586536.946856}, "device": "gpu", "nd_range": {"device_start": 1585586471.5350535, "device_end": 1585586471.5353801}, "cmdq": 1, "read": {"device_start": -1, "device_end": -1}}}