{"FFC_sans_bias4": {"write": {"device_start": -1, "host_queued_start": 1585586285.428194, "device_queued": -1, "device_end": -1, "host_queued_end": 1585586285.433823}, "device": "cpu", "nd_range": {"device_start": 2254059.666650926, "device_end": 2254059.672887721}, "cmdq": 1, "read": {"device_start": -1, "device_end": -1}}, "FFC_sans_bias7": {"write": {"device_start": -1, "host_queued_start": 1585586285.431807, "device_queued": -1, "device_end": -1, "host_queued_end": 1585586285.433823}, "device": "cpu", "nd_range": {"device_start": 2254059.691112645, "device_end": 2254059.7025838373}, "cmdq": 0, "read": {"device_start": -1, "device_end": -1}}, "FFC_sans_bias6": {"write": {"device_start": -1, "host_queued_start": 1585586285.430056, "device_queued": -1, "device_end": -1, "host_queued_end": 1585586285.433823}, "device": "cpu", "nd_range": {"device_start": 2254059.682670867, "device_end": 2254059.6893596184}, "cmdq": 1, "read": {"device_start": -1, "device_end": -1}}, "FFC_sans_bias1": {"write": {"device_start": -1, "host_queued_start": 1585586285.419183, "device_queued": -1, "device_end": -1, "host_queued_end": 1585586285.433823}, "device": "cpu", "nd_range": {"device_start": 2254059.623452388, "device_end": 2254059.631363998}, "cmdq": 0, "read": {"device_start": -1, "device_end": -1}}, "FFC_sans_bias0": {"write": {"device_start": -1, "host_queued_start": 1585586285.418074, "device_queued": -1, "device_end": -1, "host_queued_end": 1585586285.433823}, "device": "cpu", "nd_range": {"device_start": 2254059.6234432533, "device_end": 2254059.6312573683}, "cmdq": 1, "read": {"device_start": -1, "device_end": -1}}, "FFC_sans_bias2": {"write": {"device_start": -1, "host_queued_start": 1585586285.420234, "device_queued": -1, "device_end": -1, "host_queued_end": 1585586285.433823}, "device": "cpu", "nd_range": {"device_start": 2254059.631277236, "device_end": 2254059.6379227843}, "cmdq": 1, "read": {"device_start": -1, "device_end": -1}}, "FFC_sans_bias52": {"write": {"device_start": 1585586220.014149, "host_queued_start": 1585586285.413183, "device_queued": 1585586220.0075474, "device_end": 1585586220.0141802, "host_queued_end": 1585586285.413293}, "device": "gpu", "nd_range": {"device_start": 1585586220.0141861, "device_end": 1585586220.0148728}, "cmdq": 0, "read": {"device_start": 1585586220.01488, "device_end": 1585586220.0149024}}, "FFC_sans_bias9": {"write": {"device_start": -1, "host_queued_start": 1585586285.42128, "device_queued": -1, "device_end": -1, "host_queued_end": 1585586285.433823}, "device": "cpu", "nd_range": {"device_start": 2254059.631388686, "device_end": 2254059.6396688293}, "cmdq": 0, "read": {"device_start": -1, "device_end": -1}}, "coalesced_transpose39": {"write": {"device_start": -1, "host_queued_start": 1585586285.407093, "device_queued": -1, "device_end": -1, "host_queued_end": 1585586285.413293}, "device": "gpu", "nd_range": {"device_start": 1585586220.0101745, "device_end": 1585586220.0101857}, "cmdq": 1, "read": {"device_start": -1, "device_end": -1}}, "FFC_sans_bias51": {"write": {"device_start": -1, "host_queued_start": 1585586285.410067, "device_queued": -1, "device_end": -1, "host_queued_end": 1585586285.413293}, "device": "gpu", "nd_range": {"device_start": 1585586220.0124996, "device_end": 1585586220.013489}, "cmdq": 1, "read": {"device_start": -1, "device_end": -1}}, "softmax23": {"write": {"device_start": -1, "host_queued_start": 1585586285.429723, "device_queued": -1, "device_end": -1, "host_queued_end": 1585586285.433823}, "device": "cpu", "nd_range": {"device_start": 2254059.682606481, "device_end": 2254059.68369863}, "cmdq": 0, "read": {"device_start": -1, "device_end": -1}}, "FFC_sans_bias37": {"write": {"device_start": 1585586220.0074282, "host_queued_start": 1585586285.402252, "device_queued": 1585586220.0060058, "device_end": 1585586220.0074606, "host_queued_end": 1585586285.413293}, "device": "gpu", "nd_range": {"device_start": 1585586220.0074635, "device_end": 1585586220.0083175}, "cmdq": 1, "read": {"device_start": -1, "device_end": -1}}, "softmax41": {"write": {"device_start": -1, "host_queued_start": 1585586285.408871, "device_queued": -1, "device_end": -1, "host_queued_end": 1585586285.413293}, "device": "gpu", "nd_range": {"device_start": 1585586220.0116923, "device_end": 1585586220.0118892}, "cmdq": 1, "read": {"device_start": -1, "device_end": -1}}, "FFC_sans_bias11": {"write": {"device_start": -1, "host_queued_start": 1585586285.423678, "device_queued": -1, "device_end": -1, "host_queued_end": 1585586285.433823}, "device": "cpu", "nd_range": {"device_start": 2254059.643850274, "device_end": 2254059.648846894}, "cmdq": 0, "read": {"device_start": -1, "device_end": -1}}, "FFC_sans_bias10": {"write": {"device_start": -1, "host_queued_start": 1585586285.422475, "device_queued": -1, "device_end": -1, "host_queued_end": 1585586285.433823}, "device": "cpu", "nd_range": {"device_start": 2254059.638051629, "device_end": 2254059.644930113}, "cmdq": 1, "read": {"device_start": -1, "device_end": -1}}, "coalesced_transpose3": {"write": {"device_start": -1, "host_queued_start": 1585586285.427183, "device_queued": -1, "device_end": -1, "host_queued_end": 1585586285.433823}, "device": "cpu", "nd_range": {"device_start": 2254059.666173269, "device_end": 2254059.6666131793}, "cmdq": 0, "read": {"device_start": -1, "device_end": -1}}, "FFC_sans_bias34": {"write": {"device_start": 1585586220.0130315, "host_queued_start": 1585586285.411103, "device_queued": 1585586220.0072474, "device_end": 1585586220.0130577, "host_queued_end": 1585586285.413293}, "device": "gpu", "nd_range": {"device_start": 1585586220.013069, "device_end": 1585586220.0138996}, "cmdq": 0, "read": {"device_start": 1585586220.0139084, "device_end": 1585586220.0139415}}, "FFC_sans_bias15": {"write": {"device_start": -1, "host_queued_start": 1585586285.430399, "device_queued": -1, "device_end": -1, "host_queued_end": 1585586285.433823}, "device": "cpu", "nd_range": {"device_start": 2254059.6837053034, "device_end": 2254059.691106062}, "cmdq": 0, "read": {"device_start": -1, "device_end": -1}}, "FFC_sans_bias31": {"write": {"device_start": -1, "host_queued_start": 1585586285.407708, "device_queued": -1, "device_end": -1, "host_queued_end": 1585586285.413293}, "device": "gpu", "nd_range": {"device_start": 1585586220.010192, "device_end": 1585586220.0107954}, "cmdq": 1, "read": {"device_start": -1, "device_end": -1}}, "FFC_sans_bias16": {"write": {"device_start": -1, "host_queued_start": 1585586285.432793, "device_queued": -1, "device_end": -1, "host_queued_end": 1585586285.433823}, "device": "cpu", "nd_range": {"device_start": 2254059.6967587513, "device_end": 2254059.706102379}, "cmdq": 1, "read": {"device_start": -1, "device_end": -1}}, "FFC_sans_bias19": {"write": {"device_start": -1, "host_queued_start": 1585586285.425773, "device_queued": -1, "device_end": -1, "host_queued_end": 1585586285.433823}, "device": "cpu", "nd_range": {"device_start": 2254059.653967643, "device_end": 2254059.666166672}, "cmdq": 0, "read": {"device_start": -1, "device_end": -1}}, "FFC_sans_bias18": {"write": {"device_start": -1, "host_queued_start": 1585586285.42473, "device_queued": -1, "device_end": -1, "host_queued_end": 1585586285.433823}, "device": "cpu", "nd_range": {"device_start": 2254059.6450460693, "device_end": 2254059.65289312}, "cmdq": 1, "read": {"device_start": -1, "device_end": -1}}, "coalesced_transpose30": {"write": {"device_start": -1, "host_queued_start": 1585586285.406793, "device_queued": -1, "device_end": -1, "host_queued_end": 1585586285.413293}, "device": "gpu", "nd_range": {"device_start": 1585586220.0097475, "device_end": 1585586220.0101004}, "cmdq": 0, "read": {"device_start": -1, "device_end": -1}}, "FFC_sans_bias38": {"write": {"device_start": 1585586220.007871, "host_queued_start": 1585586285.403319, "device_queued": 1585586220.006161, "device_end": 1585586220.007903, "host_queued_end": 1585586285.413293}, "device": "gpu", "nd_range": {"device_start": 1585586220.0079083, "device_end": 1585586220.008744}, "cmdq": 0, "read": {"device_start": -1, "device_end": -1}}, "empty26": {"write": {"device_start": -1, "host_queued_start": 1585586285.416913, "device_queued": -1, "device_end": -1, "host_queued_end": 1585586285.433823}, "device": "cpu", "nd_range": {"device_start": 2254059.623443223, "device_end": 2254059.623444147}, "cmdq": 0, "read": {"device_start": -1, "device_end": -1}}, "coalesced_transpose12": {"write": {"device_start": -1, "host_queued_start": 1585586285.427509, "device_queued": -1, "device_end": -1, "host_queued_end": 1585586285.433823}, "device": "cpu", "nd_range": {"device_start": 2254059.659334498, "device_end": 2254059.659576685}, "cmdq": 1, "read": {"device_start": -1, "device_end": -1}}, "empty44": {"write": {"device_start": 1585586220.0054843, "host_queued_start": 1585586285.396281, "device_queued": 1585586220.0053506, "device_end": 1585586220.0055497, "host_queued_end": 1585586285.413293}, "device": "gpu", "nd_range": {"device_start": 1585586220.0055542, "device_end": 1585586220.0055597}, "cmdq": 1, "read": {"device_start": -1, "device_end": -1}}, "coalesced_transpose21": {"write": {"device_start": -1, "host_queued_start": 1585586285.427833, "device_queued": -1, "device_end": -1, "host_queued_end": 1585586285.433823}, "device": "cpu", "nd_range": {"device_start": 2254059.6666257563, "device_end": 2254059.667739275}, "cmdq": 0, "read": {"device_start": -1, "device_end": -1}}, "FFC_sans_bias36": {"write": {"device_start": 1585586220.0068734, "host_queued_start": 1585586285.401223, "device_queued": 1585586220.005964, "device_end": 1585586220.0069044, "host_queued_end": 1585586285.413293}, "device": "gpu", "nd_range": {"device_start": 1585586220.0069098, "device_end": 1585586220.007747}, "cmdq": 0, "read": {"device_start": -1, "device_end": -1}}, "softmax14": {"write": {"device_start": -1, "host_queued_start": 1585586285.429453, "device_queued": -1, "device_end": -1, "host_queued_end": 1585586285.433823}, "device": "cpu", "nd_range": {"device_start": 2254059.682466356, "device_end": 2254059.6826538043}, "cmdq": 1, "read": {"device_start": -1, "device_end": -1}}, "FFC_sans_bias13": {"write": {"device_start": -1, "host_queued_start": 1585586285.428542, "device_queued": -1, "device_end": -1, "host_queued_end": 1585586285.433823}, "device": "cpu", "nd_range": {"device_start": 2254059.668985519, "device_end": 2254059.675656964}, "cmdq": 0, "read": {"device_start": -1, "device_end": -1}}, "empty8": {"write": {"device_start": -1, "host_queued_start": 1585586285.414798, "device_queued": -1, "device_end": -1, "host_queued_end": 1585586285.433823}, "device": "cpu", "nd_range": {"device_start": 2254059.6234108713, "device_end": 2254059.623422874}, "cmdq": 0, "read": {"device_start": -1, "device_end": -1}}, "FFC_sans_bias42": {"write": {"device_start": -1, "host_queued_start": 1585586285.409752, "device_queued": -1, "device_end": -1, "host_queued_end": 1585586285.413293}, "device": "gpu", "nd_range": {"device_start": 1585586220.0121195, "device_end": 1585586220.0129004}, "cmdq": 0, "read": {"device_start": -1, "device_end": -1}}, "FFC_sans_bias43": {"write": {"device_start": 1585586220.0136175, "host_queued_start": 1585586285.412148, "device_queued": 1585586220.0072913, "device_end": 1585586220.0136492, "host_queued_end": 1585586285.413293}, "device": "gpu", "nd_range": {"device_start": 1585586220.0136557, "device_end": 1585586220.014441}, "cmdq": 1, "read": {"device_start": 1585586220.0144444, "device_end": 1585586220.0144677}}, "FFC_sans_bias40": {"write": {"device_start": -1, "host_queued_start": 1585586285.408023, "device_queued": -1, "device_end": -1, "host_queued_end": 1585586285.413293}, "device": "gpu", "nd_range": {"device_start": 1585586220.010199, "device_end": 1585586220.0111983}, "cmdq": 0, "read": {"device_start": -1, "device_end": -1}}, "softmax32": {"write": {"device_start": -1, "host_queued_start": 1585586285.408615, "device_queued": -1, "device_end": -1, "host_queued_end": 1585586285.413293}, "device": "gpu", "nd_range": {"device_start": 1585586220.0112033, "device_end": 1585586220.0118139}, "cmdq": 0, "read": {"device_start": -1, "device_end": -1}}, "FFC_sans_bias47": {"write": {"device_start": 1585586220.0094016, "host_queued_start": 1585586285.406415, "device_queued": 1585586220.006399, "device_end": 1585586220.0094342, "host_queued_end": 1585586285.413293}, "device": "gpu", "nd_range": {"device_start": 1585586220.0094378, "device_end": 1585586220.0101733}, "cmdq": 1, "read": {"device_start": -1, "device_end": -1}}, "FFC_sans_bias45": {"write": {"device_start": 1585586220.0084426, "host_queued_start": 1585586285.404349, "device_queued": 1585586220.0062017, "device_end": 1585586220.0084753, "host_queued_end": 1585586285.413293}, "device": "gpu", "nd_range": {"device_start": 1585586220.0084803, "device_end": 1585586220.0092814}, "cmdq": 1, "read": {"device_start": -1, "device_end": -1}}, "softmax50": {"write": {"device_start": -1, "host_queued_start": 1585586285.409122, "device_queued": -1, "device_end": -1, "host_queued_end": 1585586285.413293}, "device": "gpu", "nd_range": {"device_start": 1585586220.0118184, "device_end": 1585586220.0121145}, "cmdq": 0, "read": {"device_start": -1, "device_end": -1}}, "FFC_sans_bias33": {"write": {"device_start": -1, "host_queued_start": 1585586285.40943, "device_queued": -1, "device_end": -1, "host_queued_end": 1585586285.413293}, "device": "gpu", "nd_range": {"device_start": 1585586220.0118942, "device_end": 1585586220.012495}, "cmdq": 1, "read": {"device_start": -1, "device_end": -1}}, "FFC_sans_bias49": {"write": {"device_start": -1, "host_queued_start": 1585586285.40836, "device_queued": -1, "device_end": -1, "host_queued_end": 1585586285.413293}, "device": "gpu", "nd_range": {"device_start": 1585586220.0108006, "device_end": 1585586220.0116882}, "cmdq": 1, "read": {"device_start": -1, "device_end": -1}}, "FFC_sans_bias24": {"write": {"device_start": -1, "host_queued_start": 1585586285.430771, "device_queued": -1, "device_end": -1, "host_queued_end": 1585586285.433823}, "device": "cpu", "nd_range": {"device_start": 2254059.689370729, "device_end": 2254059.696751891}, "cmdq": 1, "read": {"device_start": -1, "device_end": -1}}, "FFC_sans_bias25": {"write": {"device_start": -1, "host_queued_start": 1585586285.433778, "device_queued": -1, "device_end": -1, "host_queued_end": 1585586285.433823}, "device": "cpu", "nd_range": {"device_start": 2254059.7025898993, "device_end": 2254059.714512328}, "cmdq": 0, "read": {"device_start": -1, "device_end": -1}}, "FFC_sans_bias27": {"write": {"device_start": 1585586220.005682, "host_queued_start": 1585586285.398098, "device_queued": 1585586220.0054817, "device_end": 1585586220.005707, "host_queued_end": 1585586285.413293}, "device": "gpu", "nd_range": {"device_start": 1585586220.0057414, "device_end": 1585586220.0063486}, "cmdq": 1, "read": {"device_start": -1, "device_end": -1}}, "FFC_sans_bias20": {"write": {"device_start": -1, "host_queued_start": 1585586285.426849, "device_queued": -1, "device_end": -1, "host_queued_end": 1585586285.433823}, "device": "cpu", "nd_range": {"device_start": 2254059.6530268323, "device_end": 2254059.659219982}, "cmdq": 1, "read": {"device_start": -1, "device_end": -1}}, "FFC_sans_bias22": {"write": {"device_start": -1, "host_queued_start": 1585586285.428888, "device_queued": -1, "device_end": -1, "host_queued_end": 1585586285.433823}, "device": "cpu", "nd_range": {"device_start": 2254059.673493076, "device_end": 2254059.6799541283}, "cmdq": 1, "read": {"device_start": -1, "device_end": -1}}, "softmax5": {"write": {"device_start": -1, "host_queued_start": 1585586285.429184, "device_queued": -1, "device_end": -1, "host_queued_end": 1585586285.433823}, "device": "cpu", "nd_range": {"device_start": 2254059.682453318, "device_end": 2254059.682598695}, "cmdq": 0, "read": {"device_start": -1, "device_end": -1}}, "FFC_sans_bias28": {"write": {"device_start": 1585586220.0058475, "host_queued_start": 1585586285.399159, "device_queued": 1585586220.005755, "device_end": 1585586220.0058749, "host_queued_end": 1585586285.413293}, "device": "gpu", "nd_range": {"device_start": 1585586220.005878, "device_end": 1585586220.0067544}, "cmdq": 0, "read": {"device_start": -1, "device_end": -1}}, "FFC_sans_bias29": {"write": {"device_start": 1585586220.006456, "host_queued_start": 1585586285.400194, "device_queued": 1585586220.005804, "device_end": 1585586220.006486, "host_queued_end": 1585586285.413293}, "device": "gpu", "nd_range": {"device_start": 1585586220.0064893, "device_end": 1585586220.0073292}, "cmdq": 1, "read": {"device_start": -1, "device_end": -1}}, "empty17": {"write": {"device_start": -1, "host_queued_start": 1585586285.415849, "device_queued": -1, "device_end": -1, "host_queued_end": 1585586285.433823}, "device": "cpu", "nd_range": {"device_start": 2254059.623410956, "device_end": 2254059.623423049}, "cmdq": 1, "read": {"device_start": -1, "device_end": -1}}, "empty35": {"write": {"device_start": 1585586220.0053828, "host_queued_start": 1585586285.395243, "device_queued": 1585586220.0052328, "device_end": 1585586220.0054243, "host_queued_end": 1585586285.413293}, "device": "gpu", "nd_range": {"device_start": 1585586220.0054295, "device_end": 1585586220.0054367}, "cmdq": 0, "read": {"device_start": -1, "device_end": -1}}, "empty53": {"write": {"device_start": 1585586220.0055902, "host_queued_start": 1585586285.397128, "device_queued": 1585586220.0053966, "device_end": 1585586220.0056715, "host_queued_end": 1585586285.413293}, "device": "gpu", "nd_range": {"device_start": 1585586220.0056827, "device_end": 1585586220.0056946}, "cmdq": 0, "read": {"device_start": -1, "device_end": -1}}, "FFC_sans_bias46": {"write": {"device_start": 1585586220.008849, "host_queued_start": 1585586285.405384, "device_queued": 1585586220.006353, "device_end": 1585586220.0088823, "host_queued_end": 1585586285.413293}, "device": "gpu", "nd_range": {"device_start": 1585586220.0088854, "device_end": 1585586220.0097463}, "cmdq": 0, "read": {"device_start": -1, "device_end": -1}}, "coalesced_transpose48": {"write": {"device_start": -1, "host_queued_start": 1585586285.407394, "device_queued": -1, "device_end": -1, "host_queued_end": 1585586285.413293}, "device": "gpu", "nd_range": {"device_start": 1585586220.0101013, "device_end": 1585586220.0101137}, "cmdq": 0, "read": {"device_start": -1, "device_end": -1}}}