{"FFC_sans_bias4": {"write": {"device_start": -1, "host_queued_start": 1585586624.584995, "device_queued": -1, "device_end": -1, "host_queued_end": 1585586624.586752}, "device": "cpu", "nd_range": {"device_start": 2254398.788584349, "device_end": 2254398.7928501964}, "cmdq": 0, "read": {"device_start": -1, "device_end": -1}}, "FFC_sans_bias7": {"write": {"device_start": -1, "host_queued_start": 1585586624.586705, "device_queued": -1, "device_end": -1, "host_queued_end": 1585586624.586752}, "device": "cpu", "nd_range": {"device_start": 2254398.798138842, "device_end": 2254398.802336552}, "cmdq": 3, "read": {"device_start": -1, "device_end": -1}}, "FFC_sans_bias6": {"write": {"device_start": -1, "host_queued_start": 1585586624.585626, "device_queued": -1, "device_end": -1, "host_queued_end": 1585586624.586752}, "device": "cpu", "nd_range": {"device_start": 2254398.7932253773, "device_end": 2254398.798002154}, "cmdq": 2, "read": {"device_start": -1, "device_end": -1}}, "FFC_sans_bias1": {"write": {"device_start": -1, "host_queued_start": 1585586624.582664, "device_queued": -1, "device_end": -1, "host_queued_end": 1585586624.586752}, "device": "cpu", "nd_range": {"device_start": 2254398.776360765, "device_end": 2254398.7883171923}, "cmdq": 2, "read": {"device_start": -1, "device_end": -1}}, "FFC_sans_bias0": {"write": {"device_start": -1, "host_queued_start": 1585586624.581212, "device_queued": -1, "device_end": -1, "host_queued_end": 1585586624.586752}, "device": "cpu", "nd_range": {"device_start": 2254398.776347652, "device_end": 2254398.788351062}, "cmdq": 1, "read": {"device_start": -1, "device_end": -1}}, "FFC_sans_bias2": {"write": {"device_start": -1, "host_queued_start": 1585586624.584073, "device_queued": -1, "device_end": -1, "host_queued_end": 1585586624.586752}, "device": "cpu", "nd_range": {"device_start": 2254398.776378288, "device_end": 2254398.784865507}, "cmdq": 3, "read": {"device_start": -1, "device_end": -1}}, "FFC_sans_bias52": {"write": {"device_start": 1585586559.1744452, "host_queued_start": 1585586624.578295, "device_queued": 1585586559.164507, "device_end": 1585586559.1744704, "host_queued_end": 1585586624.578403}, "device": "gpu", "nd_range": {"device_start": 1585586559.174475, "device_end": 1585586559.1767461}, "cmdq": 4, "read": {"device_start": 1585586559.1767492, "device_end": 1585586559.1767712}}, "FFC_sans_bias9": {"write": {"device_start": 1585586559.1619267, "host_queued_start": 1585586624.552066, "device_queued": 1585586559.1616921, "device_end": 1585586559.1619806, "host_queued_end": 1585586624.578403}, "device": "gpu", "nd_range": {"device_start": 1585586559.161987, "device_end": 1585586559.1625943}, "cmdq": 0, "read": {"device_start": -1, "device_end": -1}}, "coalesced_transpose39": {"write": {"device_start": -1, "host_queued_start": 1585586624.568151, "device_queued": -1, "device_end": -1, "host_queued_end": 1585586624.578403}, "device": "gpu", "nd_range": {"device_start": 1585586559.1688569, "device_end": 1585586559.1692324}, "cmdq": 3, "read": {"device_start": -1, "device_end": -1}}, "FFC_sans_bias51": {"write": {"device_start": -1, "host_queued_start": 1585586624.57306, "device_queued": -1, "device_end": -1, "host_queued_end": 1585586624.578403}, "device": "gpu", "nd_range": {"device_start": 1585586559.1721425, "device_end": 1585586559.1743708}, "cmdq": 4, "read": {"device_start": -1, "device_end": -1}}, "softmax23": {"write": {"device_start": -1, "host_queued_start": 1585586624.570708, "device_queued": -1, "device_end": -1, "host_queued_end": 1585586624.578403}, "device": "gpu", "nd_range": {"device_start": 1585586559.1703315, "device_end": 1585586559.1718655}, "cmdq": 1, "read": {"device_start": -1, "device_end": -1}}, "FFC_sans_bias37": {"write": {"device_start": 1585586559.1651354, "host_queued_start": 1585586624.562651, "device_queued": 1585586559.1627915, "device_end": 1585586559.165173, "host_queued_end": 1585586624.578403}, "device": "gpu", "nd_range": {"device_start": 1585586559.1651897, "device_end": 1585586559.1673934}, "cmdq": 0, "read": {"device_start": -1, "device_end": -1}}, "softmax41": {"write": {"device_start": -1, "host_queued_start": 1585586624.571205, "device_queued": -1, "device_end": -1, "host_queued_end": 1585586624.578403}, "device": "gpu", "nd_range": {"device_start": 1585586559.1713014, "device_end": 1585586559.1718402}, "cmdq": 3, "read": {"device_start": -1, "device_end": -1}}, "FFC_sans_bias11": {"write": {"device_start": 1585586559.1621397, "host_queued_start": 1585586624.554166, "device_queued": 1585586559.161934, "device_end": 1585586559.1622128, "host_queued_end": 1585586624.578403}, "device": "gpu", "nd_range": {"device_start": 1585586559.1622171, "device_end": 1585586559.1635659}, "cmdq": 2, "read": {"device_start": -1, "device_end": -1}}, "FFC_sans_bias10": {"write": {"device_start": 1585586559.1620317, "host_queued_start": 1585586624.553115, "device_queued": 1585586559.161742, "device_end": 1585586559.1621149, "host_queued_end": 1585586624.578403}, "device": "gpu", "nd_range": {"device_start": 1585586559.1621182, "device_end": 1585586559.162996}, "cmdq": 1, "read": {"device_start": -1, "device_end": -1}}, "coalesced_transpose3": {"write": {"device_start": -1, "host_queued_start": 1585586624.584529, "device_queued": -1, "device_end": -1, "host_queued_end": 1585586624.586752}, "device": "cpu", "nd_range": {"device_start": 2254398.788381601, "device_end": 2254398.7885289923}, "cmdq": 4, "read": {"device_start": -1, "device_end": -1}}, "FFC_sans_bias34": {"write": {"device_start": 1585586559.1736279, "host_queued_start": 1585586624.576194, "device_queued": 1585586559.1643574, "device_end": 1585586559.1736536, "host_queued_end": 1585586624.578403}, "device": "gpu", "nd_range": {"device_start": 1585586559.1736586, "device_end": 1585586559.1753263}, "cmdq": 2, "read": {"device_start": 1585586559.175334, "device_end": 1585586559.1753566}}, "FFC_sans_bias15": {"write": {"device_start": -1, "host_queued_start": 1585586624.571777, "device_queued": -1, "device_end": -1, "host_queued_end": 1585586624.578403}, "device": "gpu", "nd_range": {"device_start": 1585586559.171863, "device_end": 1585586559.1734226}, "cmdq": 0, "read": {"device_start": -1, "device_end": -1}}, "FFC_sans_bias31": {"write": {"device_start": -1, "host_queued_start": 1585586624.569548, "device_queued": -1, "device_end": -1, "host_queued_end": 1585586624.578403}, "device": "gpu", "nd_range": {"device_start": 1585586559.1692283, "device_end": 1585586559.170818}, "cmdq": 2, "read": {"device_start": -1, "device_end": -1}}, "FFC_sans_bias16": {"write": {"device_start": 1585586559.1735137, "host_queued_start": 1585586624.574079, "device_queued": 1585586559.1641626, "device_end": 1585586559.1735404, "host_queued_end": 1585586624.578403}, "device": "gpu", "nd_range": {"device_start": 1585586559.1735501, "device_end": 1585586559.174835}, "cmdq": 0, "read": {"device_start": 1585586559.1748421, "device_end": 1585586559.1748652}}, "FFC_sans_bias19": {"write": {"device_start": 1585586559.1623285, "host_queued_start": 1585586624.556305, "device_queued": 1585586559.1619778, "device_end": 1585586559.1623547, "host_queued_end": 1585586624.578403}, "device": "gpu", "nd_range": {"device_start": 1585586559.1623614, "device_end": 1585586559.164529}, "cmdq": 4, "read": {"device_start": -1, "device_end": -1}}, "FFC_sans_bias18": {"write": {"device_start": 1585586559.1622448, "host_queued_start": 1585586624.55526, "device_queued": 1585586559.1619563, "device_end": 1585586559.1623123, "host_queued_end": 1585586624.578403}, "device": "gpu", "nd_range": {"device_start": 1585586559.1623187, "device_end": 1585586559.1639948}, "cmdq": 3, "read": {"device_start": -1, "device_end": -1}}, "coalesced_transpose30": {"write": {"device_start": -1, "host_queued_start": 1585586624.567844, "device_queued": -1, "device_end": -1, "host_queued_end": 1585586624.578403}, "device": "gpu", "nd_range": {"device_start": 1585586559.168374, "device_end": 1585586559.1692262}, "cmdq": 2, "read": {"device_start": -1, "device_end": -1}}, "FFC_sans_bias38": {"write": {"device_start": 1585586559.1656032, "host_queued_start": 1585586624.563693, "device_queued": 1585586559.1628485, "device_end": 1585586559.1656356, "host_queued_end": 1585586624.578403}, "device": "gpu", "nd_range": {"device_start": 1585586559.165639, "device_end": 1585586559.1679285}, "cmdq": 1, "read": {"device_start": -1, "device_end": -1}}, "empty26": {"write": {"device_start": 1585586559.1615, "host_queued_start": 1585586624.548416, "device_queued": 1585586559.161361, "device_end": 1585586559.1615686, "host_queued_end": 1585586624.578403}, "device": "gpu", "nd_range": {"device_start": 1585586559.1616108, "device_end": 1585586559.1616662}, "cmdq": 1, "read": {"device_start": -1, "device_end": -1}}, "coalesced_transpose12": {"write": {"device_start": -1, "host_queued_start": 1585586624.567224, "device_queued": -1, "device_end": -1, "host_queued_end": 1585586624.578403}, "device": "gpu", "nd_range": {"device_start": 1585586559.1673946, "device_end": 1585586559.1692057}, "cmdq": 0, "read": {"device_start": -1, "device_end": -1}}, "empty44": {"write": {"device_start": 1585586559.1617184, "host_queued_start": 1585586624.550182, "device_queued": 1585586559.1614118, "device_end": 1585586559.161785, "host_queued_end": 1585586624.578403}, "device": "gpu", "nd_range": {"device_start": 1585586559.1617904, "device_end": 1585586559.1617966}, "cmdq": 3, "read": {"device_start": -1, "device_end": -1}}, "coalesced_transpose21": {"write": {"device_start": -1, "host_queued_start": 1585586624.567533, "device_queued": -1, "device_end": -1, "host_queued_end": 1585586624.578403}, "device": "gpu", "nd_range": {"device_start": 1585586559.1679318, "device_end": 1585586559.1692207}, "cmdq": 1, "read": {"device_start": -1, "device_end": -1}}, "FFC_sans_bias36": {"write": {"device_start": 1585586559.1646254, "host_queued_start": 1585586624.561583, "device_queued": 1585586559.162565, "device_end": 1585586559.1646566, "host_queued_end": 1585586624.578403}, "device": "gpu", "nd_range": {"device_start": 1585586559.1646624, "device_end": 1585586559.1669486}, "cmdq": 4, "read": {"device_start": -1, "device_end": -1}}, "softmax14": {"write": {"device_start": -1, "host_queued_start": 1585586624.570444, "device_queued": -1, "device_end": -1, "host_queued_end": 1585586624.578403}, "device": "gpu", "nd_range": {"device_start": 1585586559.169829, "device_end": 1585586559.171862}, "cmdq": 0, "read": {"device_start": -1, "device_end": -1}}, "FFC_sans_bias13": {"write": {"device_start": -1, "host_queued_start": 1585586624.568896, "device_queued": -1, "device_end": -1, "host_queued_end": 1585586624.578403}, "device": "gpu", "nd_range": {"device_start": 1585586559.1692069, "device_end": 1585586559.169828}, "cmdq": 0, "read": {"device_start": -1, "device_end": -1}}, "empty8": {"write": {"device_start": -1, "host_queued_start": 1585586624.579958, "device_queued": -1, "device_end": -1, "host_queued_end": 1585586624.586752}, "device": "cpu", "nd_range": {"device_start": 2254398.776326273, "device_end": 2254398.776335576}, "cmdq": 0, "read": {"device_start": -1, "device_end": -1}}, "FFC_sans_bias42": {"write": {"device_start": -1, "host_queued_start": 1585586624.57274, "device_queued": -1, "device_end": -1, "host_queued_end": 1585586624.578403}, "device": "gpu", "nd_range": {"device_start": 1585586559.1718414, "device_end": 1585586559.1724434}, "cmdq": 3, "read": {"device_start": -1, "device_end": -1}}, "FFC_sans_bias43": {"write": {"device_start": 1585586559.174024, "host_queued_start": 1585586624.577245, "device_queued": 1585586559.1643717, "device_end": 1585586559.1740494, "host_queued_end": 1585586624.578403}, "device": "gpu", "nd_range": {"device_start": 1585586559.1740577, "device_end": 1585586559.1762917}, "cmdq": 3, "read": {"device_start": 1585586559.176297, "device_end": 1585586559.1763191}}, "FFC_sans_bias40": {"write": {"device_start": -1, "host_queued_start": 1585586624.56987, "device_queued": -1, "device_end": -1, "host_queued_end": 1585586624.578403}, "device": "gpu", "nd_range": {"device_start": 1585586559.1692343, "device_end": 1585586559.1713004}, "cmdq": 3, "read": {"device_start": -1, "device_end": -1}}, "softmax32": {"write": {"device_start": -1, "host_queued_start": 1585586624.570954, "device_queued": -1, "device_end": -1, "host_queued_end": 1585586624.578403}, "device": "gpu", "nd_range": {"device_start": 1585586559.1708193, "device_end": 1585586559.1718557}, "cmdq": 2, "read": {"device_start": -1, "device_end": -1}}, "FFC_sans_bias47": {"write": {"device_start": 1585586559.167068, "host_queued_start": 1585586624.566892, "device_queued": 1585586559.1630137, "device_end": 1585586559.1671004, "host_queued_end": 1585586624.578403}, "device": "gpu", "nd_range": {"device_start": 1585586559.1671054, "device_end": 1585586559.1693542}, "cmdq": 4, "read": {"device_start": -1, "device_end": -1}}, "FFC_sans_bias45": {"write": {"device_start": 1585586559.1660995, "host_queued_start": 1585586624.564752, "device_queued": 1585586559.1629686, "device_end": 1585586559.1661305, "host_queued_end": 1585586624.578403}, "device": "gpu", "nd_range": {"device_start": 1585586559.166146, "device_end": 1585586559.1683729}, "cmdq": 2, "read": {"device_start": -1, "device_end": -1}}, "softmax50": {"write": {"device_start": -1, "host_queued_start": 1585586624.571458, "device_queued": -1, "device_end": -1, "host_queued_end": 1585586624.578403}, "device": "gpu", "nd_range": {"device_start": 1585586559.1717956, "device_end": 1585586559.1721413}, "cmdq": 4, "read": {"device_start": -1, "device_end": -1}}, "FFC_sans_bias33": {"write": {"device_start": -1, "host_queued_start": 1585586624.572423, "device_queued": -1, "device_end": -1, "host_queued_end": 1585586624.578403}, "device": "gpu", "nd_range": {"device_start": 1585586559.1718569, "device_end": 1585586559.172858}, "cmdq": 2, "read": {"device_start": -1, "device_end": -1}}, "FFC_sans_bias49": {"write": {"device_start": -1, "host_queued_start": 1585586624.570189, "device_queued": -1, "device_end": -1, "host_queued_end": 1585586624.578403}, "device": "gpu", "nd_range": {"device_start": 1585586559.1711922, "device_end": 1585586559.1717944}, "cmdq": 4, "read": {"device_start": -1, "device_end": -1}}, "FFC_sans_bias24": {"write": {"device_start": -1, "host_queued_start": 1585586624.572101, "device_queued": -1, "device_end": -1, "host_queued_end": 1585586624.578403}, "device": "gpu", "nd_range": {"device_start": 1585586559.171867, "device_end": 1585586559.1738417}, "cmdq": 1, "read": {"device_start": -1, "device_end": -1}}, "FFC_sans_bias25": {"write": {"device_start": 1585586559.1739204, "host_queued_start": 1585586624.57514, "device_queued": 1585586559.1643298, "device_end": 1585586559.1739454, "host_queued_end": 1585586624.578403}, "device": "gpu", "nd_range": {"device_start": 1585586559.1739542, "device_end": 1585586559.175822}, "cmdq": 1, "read": {"device_start": 1585586559.1758246, "device_end": 1585586559.1758475}}, "FFC_sans_bias27": {"write": {"device_start": 1585586559.1630857, "host_queued_start": 1585586624.558392, "device_queued": 1585586559.1623843, "device_end": 1585586559.1631105, "host_queued_end": 1585586624.578403}, "device": "gpu", "nd_range": {"device_start": 1585586559.1631165, "device_end": 1585586559.165475}, "cmdq": 1, "read": {"device_start": -1, "device_end": -1}}, "FFC_sans_bias20": {"write": {"device_start": 1585586559.1626785, "host_queued_start": 1585586624.557354, "device_queued": 1585586559.1622105, "device_end": 1585586559.1627083, "host_queued_end": 1585586624.578403}, "device": "gpu", "nd_range": {"device_start": 1585586559.1627162, "device_end": 1585586559.1649845}, "cmdq": 0, "read": {"device_start": -1, "device_end": -1}}, "FFC_sans_bias22": {"write": {"device_start": -1, "host_queued_start": 1585586624.569222, "device_queued": -1, "device_end": -1, "host_queued_end": 1585586624.578403}, "device": "gpu", "nd_range": {"device_start": 1585586559.1692219, "device_end": 1585586559.1703305}, "cmdq": 1, "read": {"device_start": -1, "device_end": -1}}, "softmax5": {"write": {"device_start": -1, "host_queued_start": 1585586624.58528, "device_queued": -1, "device_end": -1, "host_queued_end": 1585586624.586752}, "device": "cpu", "nd_range": {"device_start": 2254398.7929709973, "device_end": 2254398.793069453}, "cmdq": 1, "read": {"device_start": -1, "device_end": -1}}, "FFC_sans_bias28": {"write": {"device_start": 1585586559.1636875, "host_queued_start": 1585586624.559454, "device_queued": 1585586559.1624188, "device_end": 1585586559.1637182, "host_queued_end": 1585586624.578403}, "device": "gpu", "nd_range": {"device_start": 1585586559.163724, "device_end": 1585586559.1659722}, "cmdq": 2, "read": {"device_start": -1, "device_end": -1}}, "FFC_sans_bias29": {"write": {"device_start": 1585586559.1641054, "host_queued_start": 1585586624.560544, "device_queued": 1585586559.1624336, "device_end": 1585586559.164136, "host_queued_end": 1585586624.578403}, "device": "gpu", "nd_range": {"device_start": 1585586559.1641405, "device_end": 1585586559.1664383}, "cmdq": 3, "read": {"device_start": -1, "device_end": -1}}, "empty17": {"write": {"device_start": 1585586559.161365, "host_queued_start": 1585586624.547368, "device_queued": 1585586559.1612394, "device_end": 1585586559.1614244, "host_queued_end": 1585586624.578403}, "device": "gpu", "nd_range": {"device_start": 1585586559.1614347, "device_end": 1585586559.1614394}, "cmdq": 0, "read": {"device_start": -1, "device_end": -1}}, "empty35": {"write": {"device_start": 1585586559.161611, "host_queued_start": 1585586624.549334, "device_queued": 1585586559.161388, "device_end": 1585586559.161696, "host_queued_end": 1585586624.578403}, "device": "gpu", "nd_range": {"device_start": 1585586559.1617043, "device_end": 1585586559.1617098}, "cmdq": 2, "read": {"device_start": -1, "device_end": -1}}, "empty53": {"write": {"device_start": 1585586559.1618328, "host_queued_start": 1585586624.551056, "device_queued": 1585586559.161581, "device_end": 1585586559.16192, "host_queued_end": 1585586624.578403}, "device": "gpu", "nd_range": {"device_start": 1585586559.1619246, "device_end": 1585586559.1619349}, "cmdq": 4, "read": {"device_start": -1, "device_end": -1}}, "FFC_sans_bias46": {"write": {"device_start": 1585586559.1665711, "host_queued_start": 1585586624.565812, "device_queued": 1585586559.1629958, "device_end": 1585586559.1666021, "host_queued_end": 1585586624.578403}, "device": "gpu", "nd_range": {"device_start": 1585586559.1666057, "device_end": 1585586559.1688485}, "cmdq": 3, "read": {"device_start": -1, "device_end": -1}}, "coalesced_transpose48": {"write": {"device_start": -1, "host_queued_start": 1585586624.568459, "device_queued": -1, "device_end": -1, "host_queued_end": 1585586624.578403}, "device": "gpu", "nd_range": {"device_start": 1585586559.1693661, "device_end": 1585586559.1711912}, "cmdq": 4, "read": {"device_start": -1, "device_end": -1}}}