{"FFC_sans_bias4": {"write": {"device_start": -1, "host_queued_start": 1585586178.869101, "device_queued": -1, "device_end": -1, "host_queued_end": 1585586178.880667}, "device": "cpu", "nd_range": {"device_start": 2253953.168116326, "device_end": 2253953.1735314983}, "cmdq": 0, "read": {"device_start": -1, "device_end": -1}}, "FFC_sans_bias7": {"write": {"device_start": -1, "host_queued_start": 1585586178.875625, "device_queued": -1, "device_end": -1, "host_queued_end": 1585586178.880667}, "device": "cpu", "nd_range": {"device_start": 2253953.2460383303, "device_end": 2253953.251334789}, "cmdq": 0, "read": {"device_start": -1, "device_end": -1}}, "FFC_sans_bias6": {"write": {"device_start": -1, "host_queued_start": 1585586178.872846, "device_queued": -1, "device_end": -1, "host_queued_end": 1585586178.880667}, "device": "cpu", "nd_range": {"device_start": 2253953.208717389, "device_end": 2253953.216757512}, "cmdq": 0, "read": {"device_start": -1, "device_end": -1}}, "FFC_sans_bias1": {"write": {"device_start": -1, "host_queued_start": 1585586178.849637, "device_queued": -1, "device_end": -1, "host_queued_end": 1585586178.880667}, "device": "cpu", "nd_range": {"device_start": 2253953.075974055, "device_end": 2253953.081501971}, "cmdq": 0, "read": {"device_start": -1, "device_end": -1}}, "FFC_sans_bias0": {"write": {"device_start": -1, "host_queued_start": 1585586178.848585, "device_queued": -1, "device_end": -1, "host_queued_end": 1585586178.880667}, "device": "cpu", "nd_range": {"device_start": 2253953.070364696, "device_end": 2253953.0759642683}, "cmdq": 0, "read": {"device_start": -1, "device_end": -1}}, "FFC_sans_bias2": {"write": {"device_start": -1, "host_queued_start": 1585586178.850712, "device_queued": -1, "device_end": -1, "host_queued_end": 1585586178.880667}, "device": "cpu", "nd_range": {"device_start": 2253953.081513184, "device_end": 2253953.086781761}, "cmdq": 0, "read": {"device_start": -1, "device_end": -1}}, "FFC_sans_bias52": {"write": {"device_start": -1, "host_queued_start": 1585586178.880622, "device_queued": -1, "device_end": -1, "host_queued_end": 1585586178.880667}, "device": "cpu", "nd_range": {"device_start": 2253953.272830484, "device_end": 2253953.278339526}, "cmdq": 0, "read": {"device_start": -1, "device_end": -1}}, "FFC_sans_bias9": {"write": {"device_start": -1, "host_queued_start": 1585586178.851757, "device_queued": -1, "device_end": -1, "host_queued_end": 1585586178.880667}, "device": "cpu", "nd_range": {"device_start": 2253953.086787391, "device_end": 2253953.092059328}, "cmdq": 0, "read": {"device_start": -1, "device_end": -1}}, "coalesced_transpose39": {"write": {"device_start": -1, "host_queued_start": 1585586178.868424, "device_queued": -1, "device_end": -1, "host_queued_end": 1585586178.880667}, "device": "cpu", "nd_range": {"device_start": 2253953.167709094, "device_end": 2253953.167800519}, "cmdq": 0, "read": {"device_start": -1, "device_end": -1}}, "FFC_sans_bias51": {"write": {"device_start": -1, "host_queued_start": 1585586178.874577, "device_queued": -1, "device_end": -1, "host_queued_end": 1585586178.880667}, "device": "cpu", "nd_range": {"device_start": 2253953.240758575, "device_end": 2253953.246031622}, "cmdq": 0, "read": {"device_start": -1, "device_end": -1}}, "softmax23": {"write": {"device_start": -1, "host_queued_start": 1585586178.871669, "device_queued": -1, "device_end": -1, "host_queued_end": 1585586178.880667}, "device": "cpu", "nd_range": {"device_start": 2253953.207771221, "device_end": 2253953.207895573}, "cmdq": 0, "read": {"device_start": -1, "device_end": -1}}, "FFC_sans_bias37": {"write": {"device_start": -1, "host_queued_start": 1585586178.862333, "device_queued": -1, "device_end": -1, "host_queued_end": 1585586178.880667}, "device": "cpu", "nd_range": {"device_start": 2253953.140310943, "device_end": 2253953.145553978}, "cmdq": 0, "read": {"device_start": -1, "device_end": -1}}, "softmax41": {"write": {"device_start": -1, "host_queued_start": 1585586178.872225, "device_queued": -1, "device_end": -1, "host_queued_end": 1585586178.880667}, "device": "cpu", "nd_range": {"device_start": 2253953.2082634633, "device_end": 2253953.2083863053}, "cmdq": 0, "read": {"device_start": -1, "device_end": -1}}, "FFC_sans_bias11": {"write": {"device_start": -1, "host_queued_start": 1585586178.853853, "device_queued": -1, "device_end": -1, "host_queued_end": 1585586178.880667}, "device": "cpu", "nd_range": {"device_start": 2253953.09753779, "device_end": 2253953.1028386103}, "cmdq": 0, "read": {"device_start": -1, "device_end": -1}}, "FFC_sans_bias10": {"write": {"device_start": -1, "host_queued_start": 1585586178.852804, "device_queued": -1, "device_end": -1, "host_queued_end": 1585586178.880667}, "device": "cpu", "nd_range": {"device_start": 2253953.0920647313, "device_end": 2253953.0975315752}, "cmdq": 0, "read": {"device_start": -1, "device_end": -1}}, "coalesced_transpose3": {"write": {"device_start": -1, "host_queued_start": 1585586178.866966, "device_queued": -1, "device_end": -1, "host_queued_end": 1585586178.880667}, "device": "cpu", "nd_range": {"device_start": 2253953.166784156, "device_end": 2253953.166945301}, "cmdq": 0, "read": {"device_start": -1, "device_end": -1}}, "FFC_sans_bias34": {"write": {"device_start": -1, "host_queued_start": 1585586178.878601, "device_queued": -1, "device_end": -1, "host_queued_end": 1585586178.880667}, "device": "cpu", "nd_range": {"device_start": 2253953.2620979534, "device_end": 2253953.267328387}, "cmdq": 0, "read": {"device_start": -1, "device_end": -1}}, "FFC_sans_bias15": {"write": {"device_start": -1, "host_queued_start": 1585586178.873191, "device_queued": -1, "device_end": -1, "host_queued_end": 1585586178.880667}, "device": "cpu", "nd_range": {"device_start": 2253953.216960891, "device_end": 2253953.2241592663}, "cmdq": 0, "read": {"device_start": -1, "device_end": -1}}, "FFC_sans_bias31": {"write": {"device_start": -1, "host_queued_start": 1585586178.870137, "device_queued": -1, "device_end": -1, "host_queued_end": 1585586178.880667}, "device": "cpu", "nd_range": {"device_start": 2253953.1852677413, "device_end": 2253953.190866879}, "cmdq": 0, "read": {"device_start": -1, "device_end": -1}}, "FFC_sans_bias16": {"write": {"device_start": -1, "host_queued_start": 1585586178.876617, "device_queued": -1, "device_end": -1, "host_queued_end": 1585586178.880667}, "device": "cpu", "nd_range": {"device_start": 2253953.2513389713, "device_end": 2253953.256852689}, "cmdq": 0, "read": {"device_start": -1, "device_end": -1}}, "FFC_sans_bias19": {"write": {"device_start": -1, "host_queued_start": 1585586178.855992, "device_queued": -1, "device_end": -1, "host_queued_end": 1585586178.880667}, "device": "cpu", "nd_range": {"device_start": 2253953.1081167823, "device_end": 2253953.1133753913}, "cmdq": 0, "read": {"device_start": -1, "device_end": -1}}, "FFC_sans_bias18": {"write": {"device_start": -1, "host_queued_start": 1585586178.854944, "device_queued": -1, "device_end": -1, "host_queued_end": 1585586178.880667}, "device": "cpu", "nd_range": {"device_start": 2253953.1028445372, "device_end": 2253953.108112017}, "cmdq": 0, "read": {"device_start": -1, "device_end": -1}}, "coalesced_transpose30": {"write": {"device_start": -1, "host_queued_start": 1585586178.868094, "device_queued": -1, "device_end": -1, "host_queued_end": 1585586178.880667}, "device": "cpu", "nd_range": {"device_start": 2253953.167500277, "device_end": 2253953.1676008333}, "cmdq": 0, "read": {"device_start": -1, "device_end": -1}}, "FFC_sans_bias38": {"write": {"device_start": -1, "host_queued_start": 1585586178.863416, "device_queued": -1, "device_end": -1, "host_queued_end": 1585586178.880667}, "device": "cpu", "nd_range": {"device_start": 2253953.145558944, "device_end": 2253953.150825934}, "cmdq": 0, "read": {"device_start": -1, "device_end": -1}}, "empty26": {"write": {"device_start": -1, "host_queued_start": 1585586178.845139, "device_queued": -1, "device_end": -1, "host_queued_end": 1585586178.880667}, "device": "cpu", "nd_range": {"device_start": 2253953.070344229, "device_end": 2253953.0703448923}, "cmdq": 0, "read": {"device_start": -1, "device_end": -1}}, "coalesced_transpose12": {"write": {"device_start": -1, "host_queued_start": 1585586178.867411, "device_queued": -1, "device_end": -1, "host_queued_end": 1585586178.880667}, "device": "cpu", "nd_range": {"device_start": 2253953.167080528, "device_end": 2253953.1671787733}, "cmdq": 0, "read": {"device_start": -1, "device_end": -1}}, "empty44": {"write": {"device_start": -1, "host_queued_start": 1585586178.846806, "device_queued": -1, "device_end": -1, "host_queued_end": 1585586178.880667}, "device": "cpu", "nd_range": {"device_start": 2253953.070354335, "device_end": 2253953.070355236}, "cmdq": 0, "read": {"device_start": -1, "device_end": -1}}, "coalesced_transpose21": {"write": {"device_start": -1, "host_queued_start": 1585586178.867759, "device_queued": -1, "device_end": -1, "host_queued_end": 1585586178.880667}, "device": "cpu", "nd_range": {"device_start": 2253953.167292533, "device_end": 2253953.167389622}, "cmdq": 0, "read": {"device_start": -1, "device_end": -1}}, "FFC_sans_bias36": {"write": {"device_start": -1, "host_queued_start": 1585586178.861278, "device_queued": -1, "device_end": -1, "host_queued_end": 1585586178.880667}, "device": "cpu", "nd_range": {"device_start": 2253953.134706975, "device_end": 2253953.140304346}, "cmdq": 0, "read": {"device_start": -1, "device_end": -1}}, "softmax14": {"write": {"device_start": -1, "host_queued_start": 1585586178.871392, "device_queued": -1, "device_end": -1, "host_queued_end": 1585586178.880667}, "device": "cpu", "nd_range": {"device_start": 2253953.2074991614, "device_end": 2253953.20763314}, "cmdq": 0, "read": {"device_start": -1, "device_end": -1}}, "FFC_sans_bias13": {"write": {"device_start": -1, "host_queued_start": 1585586178.869445, "device_queued": -1, "device_end": -1, "host_queued_end": 1585586178.880667}, "device": "cpu", "nd_range": {"device_start": 2253953.173539691, "device_end": 2253953.179100066}, "cmdq": 0, "read": {"device_start": -1, "device_end": -1}}, "empty8": {"write": {"device_start": -1, "host_queued_start": 1585586178.843243, "device_queued": -1, "device_end": -1, "host_queued_end": 1585586178.880667}, "device": "cpu", "nd_range": {"device_start": 2253953.070306246, "device_end": 2253953.07031802}, "cmdq": 0, "read": {"device_start": -1, "device_end": -1}}, "FFC_sans_bias42": {"write": {"device_start": -1, "host_queued_start": 1585586178.874222, "device_queued": -1, "device_end": -1, "host_queued_end": 1585586178.880667}, "device": "cpu", "nd_range": {"device_start": 2253953.2350819553, "device_end": 2253953.24062429}, "cmdq": 0, "read": {"device_start": -1, "device_end": -1}}, "FFC_sans_bias43": {"write": {"device_start": -1, "host_queued_start": 1585586178.879632, "device_queued": -1, "device_end": -1, "host_queued_end": 1585586178.880667}, "device": "cpu", "nd_range": {"device_start": 2253953.2673310162, "device_end": 2253953.272826552}, "cmdq": 0, "read": {"device_start": -1, "device_end": -1}}, "FFC_sans_bias40": {"write": {"device_start": -1, "host_queued_start": 1585586178.870478, "device_queued": -1, "device_end": -1, "host_queued_end": 1585586178.880667}, "device": "cpu", "nd_range": {"device_start": 2253953.1910873502, "device_end": 2253953.1996782473}, "cmdq": 0, "read": {"device_start": -1, "device_end": -1}}, "softmax32": {"write": {"device_start": -1, "host_queued_start": 1585586178.871949, "device_queued": -1, "device_end": -1, "host_queued_end": 1585586178.880667}, "device": "cpu", "nd_range": {"device_start": 2253953.208031149, "device_end": 2253953.208152628}, "cmdq": 0, "read": {"device_start": -1, "device_end": -1}}, "FFC_sans_bias47": {"write": {"device_start": -1, "host_queued_start": 1585586178.866619, "device_queued": -1, "device_end": -1, "host_queued_end": 1585586178.880667}, "device": "cpu", "nd_range": {"device_start": 2253953.1615546513, "device_end": 2253953.1667785323}, "cmdq": 0, "read": {"device_start": -1, "device_end": -1}}, "FFC_sans_bias45": {"write": {"device_start": -1, "host_queued_start": 1585586178.864459, "device_queued": -1, "device_end": -1, "host_queued_end": 1585586178.880667}, "device": "cpu", "nd_range": {"device_start": 2253953.150830648, "device_end": 2253953.156325329}, "cmdq": 0, "read": {"device_start": -1, "device_end": -1}}, "softmax50": {"write": {"device_start": -1, "host_queued_start": 1585586178.872503, "device_queued": -1, "device_end": -1, "host_queued_end": 1585586178.880667}, "device": "cpu", "nd_range": {"device_start": 2253953.2084895223, "device_end": 2253953.208604602}, "cmdq": 0, "read": {"device_start": -1, "device_end": -1}}, "FFC_sans_bias33": {"write": {"device_start": -1, "host_queued_start": 1585586178.873877, "device_queued": -1, "device_end": -1, "host_queued_end": 1585586178.880667}, "device": "cpu", "nd_range": {"device_start": 2253953.2295745662, "device_end": 2253953.235074941}, "cmdq": 0, "read": {"device_start": -1, "device_end": -1}}, "FFC_sans_bias49": {"write": {"device_start": -1, "host_queued_start": 1585586178.87083, "device_queued": -1, "device_end": -1, "host_queued_end": 1585586178.880667}, "device": "cpu", "nd_range": {"device_start": 2253953.1999805593, "device_end": 2253953.206985855}, "cmdq": 0, "read": {"device_start": -1, "device_end": -1}}, "FFC_sans_bias24": {"write": {"device_start": -1, "host_queued_start": 1585586178.873532, "device_queued": -1, "device_end": -1, "host_queued_end": 1585586178.880667}, "device": "cpu", "nd_range": {"device_start": 2253953.224180324, "device_end": 2253953.2294261553}, "cmdq": 0, "read": {"device_start": -1, "device_end": -1}}, "FFC_sans_bias25": {"write": {"device_start": -1, "host_queued_start": 1585586178.877606, "device_queued": -1, "device_end": -1, "host_queued_end": 1585586178.880667}, "device": "cpu", "nd_range": {"device_start": 2253953.256859415, "device_end": 2253953.262095026}, "cmdq": 0, "read": {"device_start": -1, "device_end": -1}}, "FFC_sans_bias27": {"write": {"device_start": -1, "host_queued_start": 1585586178.858101, "device_queued": -1, "device_end": -1, "host_queued_end": 1585586178.880667}, "device": "cpu", "nd_range": {"device_start": 2253953.1188489744, "device_end": 2253953.1241356824}, "cmdq": 0, "read": {"device_start": -1, "device_end": -1}}, "FFC_sans_bias20": {"write": {"device_start": -1, "host_queued_start": 1585586178.857052, "device_queued": -1, "device_end": -1, "host_queued_end": 1585586178.880667}, "device": "cpu", "nd_range": {"device_start": 2253953.113380462, "device_end": 2253953.118842951}, "cmdq": 0, "read": {"device_start": -1, "device_end": -1}}, "FFC_sans_bias22": {"write": {"device_start": -1, "host_queued_start": 1585586178.869791, "device_queued": -1, "device_end": -1, "host_queued_end": 1585586178.880667}, "device": "cpu", "nd_range": {"device_start": 2253953.1792160734, "device_end": 2253953.185261357}, "cmdq": 0, "read": {"device_start": -1, "device_end": -1}}, "softmax5": {"write": {"device_start": -1, "host_queued_start": 1585586178.871111, "device_queued": -1, "device_end": -1, "host_queued_end": 1585586178.880667}, "device": "cpu", "nd_range": {"device_start": 2253953.2072113263, "device_end": 2253953.207357265}, "cmdq": 0, "read": {"device_start": -1, "device_end": -1}}, "FFC_sans_bias28": {"write": {"device_start": -1, "host_queued_start": 1585586178.859175, "device_queued": -1, "device_end": -1, "host_queued_end": 1585586178.880667}, "device": "cpu", "nd_range": {"device_start": 2253953.1241435483, "device_end": 2253953.129414854}, "cmdq": 0, "read": {"device_start": -1, "device_end": -1}}, "FFC_sans_bias29": {"write": {"device_start": -1, "host_queued_start": 1585586178.860229, "device_queued": -1, "device_end": -1, "host_queued_end": 1585586178.880667}, "device": "cpu", "nd_range": {"device_start": 2253953.129419521, "device_end": 2253953.134701008}, "cmdq": 0, "read": {"device_start": -1, "device_end": -1}}, "empty17": {"write": {"device_start": -1, "host_queued_start": 1585586178.844271, "device_queued": -1, "device_end": -1, "host_queued_end": 1585586178.880667}, "device": "cpu", "nd_range": {"device_start": 2253953.0703386674, "device_end": 2253953.070339566}, "cmdq": 0, "read": {"device_start": -1, "device_end": -1}}, "empty35": {"write": {"device_start": -1, "host_queued_start": 1585586178.845957, "device_queued": -1, "device_end": -1, "host_queued_end": 1585586178.880667}, "device": "cpu", "nd_range": {"device_start": 2253953.070348375, "device_end": 2253953.07034891}, "cmdq": 0, "read": {"device_start": -1, "device_end": -1}}, "empty53": {"write": {"device_start": -1, "host_queued_start": 1585586178.847612, "device_queued": -1, "device_end": -1, "host_queued_end": 1585586178.880667}, "device": "cpu", "nd_range": {"device_start": 2253953.070359908, "device_end": 2253953.0703604463}, "cmdq": 0, "read": {"device_start": -1, "device_end": -1}}, "FFC_sans_bias46": {"write": {"device_start": -1, "host_queued_start": 1585586178.865508, "device_queued": -1, "device_end": -1, "host_queued_end": 1585586178.880667}, "device": "cpu", "nd_range": {"device_start": 2253953.156330678, "device_end": 2253953.1615473623}, "cmdq": 0, "read": {"device_start": -1, "device_end": -1}}, "coalesced_transpose48": {"write": {"device_start": -1, "host_queued_start": 1585586178.868756, "device_queued": -1, "device_end": -1, "host_queued_end": 1585586178.880667}, "device": "cpu", "nd_range": {"device_start": 2253953.167904376, "device_end": 2253953.167994013}, "cmdq": 0, "read": {"device_start": -1, "device_end": -1}}}