{"FFC_sans_bias4": {"write": {"device_start": -1, "host_queued_start": 1585586427.645646, "device_queued": -1, "device_end": -1, "host_queued_end": 1585586427.657202}, "device": "cpu", "nd_range": {"device_start": 2254201.949888402, "device_end": 2254201.9609622452}, "cmdq": 2, "read": {"device_start": -1, "device_end": -1}}, "FFC_sans_bias7": {"write": {"device_start": -1, "host_queued_start": 1585586427.652158, "device_queued": -1, "device_end": -1, "host_queued_end": 1585586427.657202}, "device": "cpu", "nd_range": {"device_start": 2254201.991536577, "device_end": 2254202.00678103}, "cmdq": 0, "read": {"device_start": -1, "device_end": -1}}, "FFC_sans_bias6": {"write": {"device_start": -1, "host_queued_start": 1585586427.649368, "device_queued": -1, "device_end": -1, "host_queued_end": 1585586427.657202}, "device": "cpu", "nd_range": {"device_start": 2254201.9695224334, "device_end": 2254201.981186267}, "cmdq": 2, "read": {"device_start": -1, "device_end": -1}}, "FFC_sans_bias1": {"write": {"device_start": -1, "host_queued_start": 1585586427.626238, "device_queued": -1, "device_end": -1, "host_queued_end": 1585586427.657202}, "device": "cpu", "nd_range": {"device_start": 2254201.846902763, "device_end": 2254201.862308301}, "cmdq": 3, "read": {"device_start": -1, "device_end": -1}}, "FFC_sans_bias0": {"write": {"device_start": -1, "host_queued_start": 1585586427.625191, "device_queued": -1, "device_end": -1, "host_queued_end": 1585586427.657202}, "device": "cpu", "nd_range": {"device_start": 2254201.862382208, "device_end": 2254201.877626448}, "cmdq": 2, "read": {"device_start": -1, "device_end": -1}}, "FFC_sans_bias2": {"write": {"device_start": -1, "host_queued_start": 1585586427.627323, "device_queued": -1, "device_end": -1, "host_queued_end": 1585586427.657202}, "device": "cpu", "nd_range": {"device_start": 2254201.8468796914, "device_end": 2254201.8622325133}, "cmdq": 0, "read": {"device_start": -1, "device_end": -1}}, "FFC_sans_bias52": {"write": {"device_start": -1, "host_queued_start": 1585586427.657157, "device_queued": -1, "device_end": -1, "host_queued_end": 1585586427.657202}, "device": "cpu", "nd_range": {"device_start": 2254202.017186012, "device_end": 2254202.0275133583}, "cmdq": 1, "read": {"device_start": -1, "device_end": -1}}, "FFC_sans_bias9": {"write": {"device_start": -1, "host_queued_start": 1585586427.628368, "device_queued": -1, "device_end": -1, "host_queued_end": 1585586427.657202}, "device": "cpu", "nd_range": {"device_start": 2254201.846878277, "device_end": 2254201.862781931}, "cmdq": 1, "read": {"device_start": -1, "device_end": -1}}, "coalesced_transpose39": {"write": {"device_start": -1, "host_queued_start": 1585586427.644977, "device_queued": -1, "device_end": -1, "host_queued_end": 1585586427.657202}, "device": "cpu", "nd_range": {"device_start": 2254201.949853262, "device_end": 2254201.9501051824}, "cmdq": 0, "read": {"device_start": -1, "device_end": -1}}, "FFC_sans_bias51": {"write": {"device_start": -1, "host_queued_start": 1585586427.651109, "device_queued": -1, "device_end": -1, "host_queued_end": 1585586427.657202}, "device": "cpu", "nd_range": {"device_start": 2254201.9915444013, "device_end": 2254202.01716563}, "cmdq": 3, "read": {"device_start": -1, "device_end": -1}}, "softmax23": {"write": {"device_start": -1, "host_queued_start": 1585586427.648208, "device_queued": -1, "device_end": -1, "host_queued_end": 1585586427.657202}, "device": "cpu", "nd_range": {"device_start": 2254201.969205379, "device_end": 2254201.9694147413}, "cmdq": 2, "read": {"device_start": -1, "device_end": -1}}, "FFC_sans_bias37": {"write": {"device_start": -1, "host_queued_start": 1585586427.638948, "device_queued": -1, "device_end": -1, "host_queued_end": 1585586427.657202}, "device": "cpu", "nd_range": {"device_start": 2254201.893462536, "device_end": 2254201.908803762}, "cmdq": 3, "read": {"device_start": -1, "device_end": -1}}, "softmax41": {"write": {"device_start": -1, "host_queued_start": 1585586427.648757, "device_queued": -1, "device_end": -1, "host_queued_end": 1585586427.657202}, "device": "cpu", "nd_range": {"device_start": 2254201.977564806, "device_end": 2254201.977769983}, "cmdq": 0, "read": {"device_start": -1, "device_end": -1}}, "FFC_sans_bias11": {"write": {"device_start": -1, "host_queued_start": 1585586427.630473, "device_queued": -1, "device_end": -1, "host_queued_end": 1585586427.657202}, "device": "cpu", "nd_range": {"device_start": 2254201.86232178, "device_end": 2254201.878004718}, "cmdq": 3, "read": {"device_start": -1, "device_end": -1}}, "FFC_sans_bias10": {"write": {"device_start": -1, "host_queued_start": 1585586427.629419, "device_queued": -1, "device_end": -1, "host_queued_end": 1585586427.657202}, "device": "cpu", "nd_range": {"device_start": 2254201.8776359824, "device_end": 2254201.89288416}, "cmdq": 2, "read": {"device_start": -1, "device_end": -1}}, "coalesced_transpose3": {"write": {"device_start": -1, "host_queued_start": 1585586427.643632, "device_queued": -1, "device_end": -1, "host_queued_end": 1585586427.657202}, "device": "cpu", "nd_range": {"device_start": 2254201.9494803674, "device_end": 2254201.949736245}, "cmdq": 0, "read": {"device_start": -1, "device_end": -1}}, "FFC_sans_bias34": {"write": {"device_start": -1, "host_queued_start": 1585586427.655178, "device_queued": -1, "device_end": -1, "host_queued_end": 1585586427.657202}, "device": "cpu", "nd_range": {"device_start": 2254202.017178967, "device_end": 2254202.0257546203}, "cmdq": 3, "read": {"device_start": -1, "device_end": -1}}, "FFC_sans_bias15": {"write": {"device_start": -1, "host_queued_start": 1585586427.649707, "device_queued": -1, "device_end": -1, "host_queued_end": 1585586427.657202}, "device": "cpu", "nd_range": {"device_start": 2254201.962765694, "device_end": 2254201.991516982}, "cmdq": 3, "read": {"device_start": -1, "device_end": -1}}, "FFC_sans_bias31": {"write": {"device_start": -1, "host_queued_start": 1585586427.646697, "device_queued": -1, "device_end": -1, "host_queued_end": 1585586427.657202}, "device": "cpu", "nd_range": {"device_start": 2254201.938643862, "device_end": 2254201.9496092903}, "cmdq": 1, "read": {"device_start": -1, "device_end": -1}}, "FFC_sans_bias16": {"write": {"device_start": -1, "host_queued_start": 1585586427.653148, "device_queued": -1, "device_end": -1, "host_queued_end": 1585586427.657202}, "device": "cpu", "nd_range": {"device_start": 2254201.991765656, "device_end": 2254202.006952484}, "cmdq": 1, "read": {"device_start": -1, "device_end": -1}}, "FFC_sans_bias19": {"write": {"device_start": -1, "host_queued_start": 1585586427.632584, "device_queued": -1, "device_end": -1, "host_queued_end": 1585586427.657202}, "device": "cpu", "nd_range": {"device_start": 2254201.86289141, "device_end": 2254201.878081935}, "cmdq": 1, "read": {"device_start": -1, "device_end": -1}}, "FFC_sans_bias18": {"write": {"device_start": -1, "host_queued_start": 1585586427.631545, "device_queued": -1, "device_end": -1, "host_queued_end": 1585586427.657202}, "device": "cpu", "nd_range": {"device_start": 2254201.9091206254, "device_end": 2254201.9243550193}, "cmdq": 0, "read": {"device_start": -1, "device_end": -1}}, "coalesced_transpose30": {"write": {"device_start": -1, "host_queued_start": 1585586427.644649, "device_queued": -1, "device_end": -1, "host_queued_end": 1585586427.657202}, "device": "cpu", "nd_range": {"device_start": 2254201.934653675, "device_end": 2254201.935778384}, "cmdq": 3, "read": {"device_start": -1, "device_end": -1}}, "FFC_sans_bias38": {"write": {"device_start": -1, "host_queued_start": 1585586427.639997, "device_queued": -1, "device_end": -1, "host_queued_end": 1585586427.657202}, "device": "cpu", "nd_range": {"device_start": 2254201.9346449072, "device_end": 2254201.949361612}, "cmdq": 0, "read": {"device_start": -1, "device_end": -1}}, "empty26": {"write": {"device_start": -1, "host_queued_start": 1585586427.62171, "device_queued": -1, "device_end": -1, "host_queued_end": 1585586427.657202}, "device": "cpu", "nd_range": {"device_start": 2254201.8623709143, "device_end": 2254201.862373682}, "cmdq": 2, "read": {"device_start": -1, "device_end": -1}}, "coalesced_transpose12": {"write": {"device_start": -1, "host_queued_start": 1585586427.643983, "device_queued": -1, "device_end": -1, "host_queued_end": 1585586427.657202}, "device": "cpu", "nd_range": {"device_start": 2254201.908762711, "device_end": 2254201.909008588}, "cmdq": 1, "read": {"device_start": -1, "device_end": -1}}, "empty44": {"write": {"device_start": -1, "host_queued_start": 1585586427.623413, "device_queued": -1, "device_end": -1, "host_queued_end": 1585586427.657202}, "device": "cpu", "nd_range": {"device_start": 2254201.846871658, "device_end": 2254201.8468726003}, "cmdq": 0, "read": {"device_start": -1, "device_end": -1}}, "coalesced_transpose21": {"write": {"device_start": -1, "host_queued_start": 1585586427.644314, "device_queued": -1, "device_end": -1, "host_queued_end": 1585586427.657202}, "device": "cpu", "nd_range": {"device_start": 2254201.931757166, "device_end": 2254201.932016631}, "cmdq": 2, "read": {"device_start": -1, "device_end": -1}}, "FFC_sans_bias36": {"write": {"device_start": -1, "host_queued_start": 1585586427.637857, "device_queued": -1, "device_end": -1, "host_queued_end": 1585586427.657202}, "device": "cpu", "nd_range": {"device_start": 2254201.9083177582, "device_end": 2254201.923474072}, "cmdq": 2, "read": {"device_start": -1, "device_end": -1}}, "softmax14": {"write": {"device_start": -1, "host_queued_start": 1585586427.647935, "device_queued": -1, "device_end": -1, "host_queued_end": 1585586427.657202}, "device": "cpu", "nd_range": {"device_start": 2254201.958087283, "device_end": 2254201.958306087}, "cmdq": 1, "read": {"device_start": -1, "device_end": -1}}, "FFC_sans_bias13": {"write": {"device_start": -1, "host_queued_start": 1585586427.64599, "device_queued": -1, "device_end": -1, "host_queued_end": 1585586427.657202}, "device": "cpu", "nd_range": {"device_start": 2254201.9359276933, "device_end": 2254201.95052703}, "cmdq": 3, "read": {"device_start": -1, "device_end": -1}}, "empty8": {"write": {"device_start": -1, "host_queued_start": 1585586427.619751, "device_queued": -1, "device_end": -1, "host_queued_end": 1585586427.657202}, "device": "cpu", "nd_range": {"device_start": 2254201.84683782, "device_end": 2254201.846850365}, "cmdq": 0, "read": {"device_start": -1, "device_end": -1}}, "FFC_sans_bias42": {"write": {"device_start": -1, "host_queued_start": 1585586427.650761, "device_queued": -1, "device_end": -1, "host_queued_end": 1585586427.657202}, "device": "cpu", "nd_range": {"device_start": 2254201.981291876, "device_end": 2254201.991166804}, "cmdq": 2, "read": {"device_start": -1, "device_end": -1}}, "FFC_sans_bias43": {"write": {"device_start": -1, "host_queued_start": 1585586427.656166, "device_queued": -1, "device_end": -1, "host_queued_end": 1585586427.657202}, "device": "cpu", "nd_range": {"device_start": 2254202.0067858403, "device_end": 2254202.017025304}, "cmdq": 0, "read": {"device_start": -1, "device_end": -1}}, "FFC_sans_bias40": {"write": {"device_start": -1, "host_queued_start": 1585586427.647041, "device_queued": -1, "device_end": -1, "host_queued_end": 1585586427.657202}, "device": "cpu", "nd_range": {"device_start": 2254201.961303891, "device_end": 2254201.969091623}, "cmdq": 2, "read": {"device_start": -1, "device_end": -1}}, "softmax32": {"write": {"device_start": -1, "host_queued_start": 1585586427.648484, "device_queued": -1, "device_end": -1, "host_queued_end": 1585586427.657202}, "device": "cpu", "nd_range": {"device_start": 2254201.962442438, "device_end": 2254201.962654375}, "cmdq": 3, "read": {"device_start": -1, "device_end": -1}}, "FFC_sans_bias47": {"write": {"device_start": -1, "host_queued_start": 1585586427.643161, "device_queued": -1, "device_end": -1, "host_queued_end": 1585586427.657202}, "device": "cpu", "nd_range": {"device_start": 2254201.908920274, "device_end": 2254201.9240992963}, "cmdq": 3, "read": {"device_start": -1, "device_end": -1}}, "FFC_sans_bias45": {"write": {"device_start": -1, "host_queued_start": 1585586427.641043, "device_queued": -1, "device_end": -1, "host_queued_end": 1585586427.657202}, "device": "cpu", "nd_range": {"device_start": 2254201.8935210193, "device_end": 2254201.9086470003}, "cmdq": 1, "read": {"device_start": -1, "device_end": -1}}, "softmax50": {"write": {"device_start": -1, "host_queued_start": 1585586427.649033, "device_queued": -1, "device_end": -1, "host_queued_end": 1585586427.657202}, "device": "cpu", "nd_range": {"device_start": 2254201.9658801523, "device_end": 2254201.966085947}, "cmdq": 1, "read": {"device_start": -1, "device_end": -1}}, "FFC_sans_bias33": {"write": {"device_start": -1, "host_queued_start": 1585586427.650393, "device_queued": -1, "device_end": -1, "host_queued_end": 1585586427.657202}, "device": "cpu", "nd_range": {"device_start": 2254201.966094112, "device_end": 2254201.977557967}, "cmdq": 1, "read": {"device_start": -1, "device_end": -1}}, "FFC_sans_bias49": {"write": {"device_start": -1, "host_queued_start": 1585586427.647384, "device_queued": -1, "device_end": -1, "host_queued_end": 1585586427.657202}, "device": "cpu", "nd_range": {"device_start": 2254201.9506485662, "device_end": 2254201.96232505}, "cmdq": 3, "read": {"device_start": -1, "device_end": -1}}, "FFC_sans_bias24": {"write": {"device_start": -1, "host_queued_start": 1585586427.650048, "device_queued": -1, "device_end": -1, "host_queued_end": 1585586427.657202}, "device": "cpu", "nd_range": {"device_start": 2254201.9777774843, "device_end": 2254201.9915191503}, "cmdq": 0, "read": {"device_start": -1, "device_end": -1}}, "FFC_sans_bias25": {"write": {"device_start": -1, "host_queued_start": 1585586427.65415, "device_queued": -1, "device_end": -1, "host_queued_end": 1585586427.657202}, "device": "cpu", "nd_range": {"device_start": 2254201.9960050983, "device_end": 2254202.011840654}, "cmdq": 2, "read": {"device_start": -1, "device_end": -1}}, "FFC_sans_bias27": {"write": {"device_start": -1, "host_queued_start": 1585586427.634713, "device_queued": -1, "device_end": -1, "host_queued_end": 1585586427.657202}, "device": "cpu", "nd_range": {"device_start": 2254201.878114099, "device_end": 2254201.8934444063}, "cmdq": 3, "read": {"device_start": -1, "device_end": -1}}, "FFC_sans_bias20": {"write": {"device_start": -1, "host_queued_start": 1585586427.633636, "device_queued": -1, "device_end": -1, "host_queued_end": 1585586427.657202}, "device": "cpu", "nd_range": {"device_start": 2254201.893020669, "device_end": 2254201.90819642}, "cmdq": 2, "read": {"device_start": -1, "device_end": -1}}, "FFC_sans_bias22": {"write": {"device_start": -1, "host_queued_start": 1585586427.64633, "device_queued": -1, "device_end": -1, "host_queued_end": 1585586427.657202}, "device": "cpu", "nd_range": {"device_start": 2254201.950224711, "device_end": 2254201.958868517}, "cmdq": 0, "read": {"device_start": -1, "device_end": -1}}, "softmax5": {"write": {"device_start": -1, "host_queued_start": 1585586427.647664, "device_queued": -1, "device_end": -1, "host_queued_end": 1585586427.657202}, "device": "cpu", "nd_range": {"device_start": 2254201.9618123583, "device_end": 2254201.962026059}, "cmdq": 0, "read": {"device_start": -1, "device_end": -1}}, "FFC_sans_bias28": {"write": {"device_start": -1, "host_queued_start": 1585586427.635756, "device_queued": -1, "device_end": -1, "host_queued_end": 1585586427.657202}, "device": "cpu", "nd_range": {"device_start": 2254201.9244726943, "device_end": 2254201.9346224}, "cmdq": 0, "read": {"device_start": -1, "device_end": -1}}, "FFC_sans_bias29": {"write": {"device_start": -1, "host_queued_start": 1585586427.636812, "device_queued": -1, "device_end": -1, "host_queued_end": 1585586427.657202}, "device": "cpu", "nd_range": {"device_start": 2254201.878205853, "device_end": 2254201.893395821}, "cmdq": 1, "read": {"device_start": -1, "device_end": -1}}, "empty17": {"write": {"device_start": -1, "host_queued_start": 1585586427.620805, "device_queued": -1, "device_end": -1, "host_queued_end": 1585586427.657202}, "device": "cpu", "nd_range": {"device_start": 2254201.8468377413, "device_end": 2254201.846850372}, "cmdq": 1, "read": {"device_start": -1, "device_end": -1}}, "empty35": {"write": {"device_start": -1, "host_queued_start": 1585586427.622551, "device_queued": -1, "device_end": -1, "host_queued_end": 1585586427.657202}, "device": "cpu", "nd_range": {"device_start": 2254201.846880169, "device_end": 2254201.846885485}, "cmdq": 3, "read": {"device_start": -1, "device_end": -1}}, "empty53": {"write": {"device_start": -1, "host_queued_start": 1585586427.624215, "device_queued": -1, "device_end": -1, "host_queued_end": 1585586427.657202}, "device": "cpu", "nd_range": {"device_start": 2254201.846871681, "device_end": 2254201.846872541}, "cmdq": 1, "read": {"device_start": -1, "device_end": -1}}, "FFC_sans_bias46": {"write": {"device_start": -1, "host_queued_start": 1585586427.642087, "device_queued": -1, "device_end": -1, "host_queued_end": 1585586427.657202}, "device": "cpu", "nd_range": {"device_start": 2254201.923592934, "device_end": 2254201.931639388}, "cmdq": 2, "read": {"device_start": -1, "device_end": -1}}, "coalesced_transpose48": {"write": {"device_start": -1, "host_queued_start": 1585586427.645303, "device_queued": -1, "device_end": -1, "host_queued_end": 1585586427.657202}, "device": "cpu", "nd_range": {"device_start": 2254201.9321278413, "device_end": 2254201.932362921}, "cmdq": 1, "read": {"device_start": -1, "device_end": -1}}}