{"FFC_sans_bias4": {"write": {"device_start": -1, "host_queued_start": 1585586247.160413, "device_queued": -1, "device_end": -1, "host_queued_end": 1585586247.16608}, "device": "cpu", "nd_range": {"device_start": 2254021.388852062, "device_end": 2254021.3986563133}, "cmdq": 0, "read": {"device_start": -1, "device_end": -1}}, "FFC_sans_bias7": {"write": {"device_start": -1, "host_queued_start": 1585586247.164053, "device_queued": -1, "device_end": -1, "host_queued_end": 1585586247.16608}, "device": "cpu", "nd_range": {"device_start": 2254021.419235813, "device_end": 2254021.427097132}, "cmdq": 4, "read": {"device_start": -1, "device_end": -1}}, "FFC_sans_bias6": {"write": {"device_start": -1, "host_queued_start": 1585586247.162298, "device_queued": -1, "device_end": -1, "host_queued_end": 1585586247.16608}, "device": "cpu", "nd_range": {"device_start": 2254021.406732841, "device_end": 2254021.41908336}, "cmdq": 1, "read": {"device_start": -1, "device_end": -1}}, "FFC_sans_bias1": {"write": {"device_start": -1, "host_queued_start": 1585586247.151363, "device_queued": -1, "device_end": -1, "host_queued_end": 1585586247.16608}, "device": "cpu", "nd_range": {"device_start": 2254021.3714004783, "device_end": 2254021.386680665}, "cmdq": 4, "read": {"device_start": -1, "device_end": -1}}, "FFC_sans_bias0": {"write": {"device_start": -1, "host_queued_start": 1585586247.150182, "device_queued": -1, "device_end": -1, "host_queued_end": 1585586247.16608}, "device": "cpu", "nd_range": {"device_start": 2254021.3557107802, "device_end": 2254021.372701654}, "cmdq": 3, "read": {"device_start": -1, "device_end": -1}}, "FFC_sans_bias2": {"write": {"device_start": -1, "host_queued_start": 1585586247.152471, "device_queued": -1, "device_end": -1, "host_queued_end": 1585586247.16608}, "device": "cpu", "nd_range": {"device_start": 2254021.355701439, "device_end": 2254021.3711110963}, "cmdq": 0, "read": {"device_start": -1, "device_end": -1}}, "FFC_sans_bias52": {"write": {"device_start": 1585586181.7516642, "host_queued_start": 1585586247.1456, "device_queued": 1585586181.7406144, "device_end": 1585586181.7516923, "host_queued_end": 1585586247.145707}, "device": "gpu", "nd_range": {"device_start": 1585586181.7517, "device_end": 1585586181.752298}, "cmdq": 0, "read": {"device_start": 1585586181.7523007, "device_end": 1585586181.7523227}}, "FFC_sans_bias9": {"write": {"device_start": -1, "host_queued_start": 1585586247.153578, "device_queued": -1, "device_end": -1, "host_queued_end": 1585586247.16608}, "device": "cpu", "nd_range": {"device_start": 2254021.3556971042, "device_end": 2254021.371090386}, "cmdq": 1, "read": {"device_start": -1, "device_end": -1}}, "coalesced_transpose39": {"write": {"device_start": -1, "host_queued_start": 1585586247.139452, "device_queued": -1, "device_end": -1, "host_queued_end": 1585586247.145707}, "device": "gpu", "nd_range": {"device_start": 1585586181.7456021, "device_end": 1585586181.7456102}, "cmdq": 0, "read": {"device_start": -1, "device_end": -1}}, "FFC_sans_bias51": {"write": {"device_start": -1, "host_queued_start": 1585586247.142439, "device_queued": -1, "device_end": -1, "host_queued_end": 1585586247.145707}, "device": "gpu", "nd_range": {"device_start": 1585586181.7492437, "device_end": 1585586181.7498384}, "cmdq": 0, "read": {"device_start": -1, "device_end": -1}}, "softmax23": {"write": {"device_start": -1, "host_queued_start": 1585586247.16194, "device_queued": -1, "device_end": -1, "host_queued_end": 1585586247.16608}, "device": "cpu", "nd_range": {"device_start": 2254021.418284508, "device_end": 2254021.418491707}, "cmdq": 0, "read": {"device_start": -1, "device_end": -1}}, "FFC_sans_bias37": {"write": {"device_start": 1585586181.742168, "host_queued_start": 1585586247.134622, "device_queued": 1585586181.7394545, "device_end": 1585586181.7421978, "host_queued_end": 1585586247.145707}, "device": "gpu", "nd_range": {"device_start": 1585586181.7422004, "device_end": 1585586181.7427943}, "cmdq": 0, "read": {"device_start": -1, "device_end": -1}}, "softmax41": {"write": {"device_start": -1, "host_queued_start": 1585586247.141214, "device_queued": -1, "device_end": -1, "host_queued_end": 1585586247.145707}, "device": "gpu", "nd_range": {"device_start": 1585586181.7476301, "device_end": 1585586181.7478366}, "cmdq": 0, "read": {"device_start": -1, "device_end": -1}}, "FFC_sans_bias11": {"write": {"device_start": -1, "host_queued_start": 1585586247.1557, "device_queued": -1, "device_end": -1, "host_queued_end": 1585586247.16608}, "device": "cpu", "nd_range": {"device_start": 2254021.3728406443, "device_end": 2254021.3880337}, "cmdq": 3, "read": {"device_start": -1, "device_end": -1}}, "FFC_sans_bias10": {"write": {"device_start": -1, "host_queued_start": 1585586247.154649, "device_queued": -1, "device_end": -1, "host_queued_end": 1585586247.16608}, "device": "cpu", "nd_range": {"device_start": 2254021.356105356, "device_end": 2254021.371272119}, "cmdq": 2, "read": {"device_start": -1, "device_end": -1}}, "coalesced_transpose3": {"write": {"device_start": -1, "host_queued_start": 1585586247.159391, "device_queued": -1, "device_end": -1, "host_queued_end": 1585586247.16608}, "device": "cpu", "nd_range": {"device_start": 2254021.388508339, "device_end": 2254021.3887424343}, "cmdq": 2, "read": {"device_start": -1, "device_end": -1}}, "FFC_sans_bias34": {"write": {"device_start": 1585586181.7499678, "host_queued_start": 1585586247.143486, "device_queued": 1585586181.740396, "device_end": 1585586181.7499974, "host_queued_end": 1585586247.145707}, "device": "gpu", "nd_range": {"device_start": 1585586181.7500052, "device_end": 1585586181.7506032}, "cmdq": 0, "read": {"device_start": 1585586181.7506118, "device_end": 1585586181.7506359}}, "FFC_sans_bias15": {"write": {"device_start": -1, "host_queued_start": 1585586247.162669, "device_queued": -1, "device_end": -1, "host_queued_end": 1585586247.16608}, "device": "cpu", "nd_range": {"device_start": 2254021.412342187, "device_end": 2254021.422893856}, "cmdq": 2, "read": {"device_start": -1, "device_end": -1}}, "FFC_sans_bias31": {"write": {"device_start": -1, "host_queued_start": 1585586247.140069, "device_queued": -1, "device_end": -1, "host_queued_end": 1585586247.145707}, "device": "gpu", "nd_range": {"device_start": 1585586181.7456203, "device_end": 1585586181.7462218}, "cmdq": 0, "read": {"device_start": -1, "device_end": -1}}, "FFC_sans_bias16": {"write": {"device_start": -1, "host_queued_start": 1585586247.165048, "device_queued": -1, "device_end": -1, "host_queued_end": 1585586247.16608}, "device": "cpu", "nd_range": {"device_start": 2254021.4267001203, "device_end": 2254021.4329900583}, "cmdq": 0, "read": {"device_start": -1, "device_end": -1}}, "FFC_sans_bias19": {"write": {"device_start": -1, "host_queued_start": 1585586247.157859, "device_queued": -1, "device_end": -1, "host_queued_end": 1585586247.16608}, "device": "cpu", "nd_range": {"device_start": 2254021.3711244604, "device_end": 2254021.386326904}, "cmdq": 0, "read": {"device_start": -1, "device_end": -1}}, "FFC_sans_bias18": {"write": {"device_start": -1, "host_queued_start": 1585586247.156741, "device_queued": -1, "device_end": -1, "host_queued_end": 1585586247.16608}, "device": "cpu", "nd_range": {"device_start": 2254021.386805442, "device_end": 2254021.402059414}, "cmdq": 4, "read": {"device_start": -1, "device_end": -1}}, "coalesced_transpose30": {"write": {"device_start": -1, "host_queued_start": 1585586247.139152, "device_queued": -1, "device_end": -1, "host_queued_end": 1585586247.145707}, "device": "gpu", "nd_range": {"device_start": 1585586181.7455928, "device_end": 1585586181.7456012}, "cmdq": 0, "read": {"device_start": -1, "device_end": -1}}, "FFC_sans_bias38": {"write": {"device_start": 1585586181.7428837, "host_queued_start": 1585586247.135673, "device_queued": 1585586181.7395756, "device_end": 1585586181.7429128, "host_queued_end": 1585586247.145707}, "device": "gpu", "nd_range": {"device_start": 1585586181.7429173, "device_end": 1585586181.7435076}, "cmdq": 0, "read": {"device_start": -1, "device_end": -1}}, "empty26": {"write": {"device_start": -1, "host_queued_start": 1585586247.149162, "device_queued": -1, "device_end": -1, "host_queued_end": 1585586247.16608}, "device": "cpu", "nd_range": {"device_start": 2254021.355817752, "device_end": 2254021.355822282}, "cmdq": 2, "read": {"device_start": -1, "device_end": -1}}, "coalesced_transpose12": {"write": {"device_start": -1, "host_queued_start": 1585586247.159719, "device_queued": -1, "device_end": -1, "host_queued_end": 1585586247.16608}, "device": "cpu", "nd_range": {"device_start": 2254021.388152042, "device_end": 2254021.388396306}, "cmdq": 3, "read": {"device_start": -1, "device_end": -1}}, "empty44": {"write": {"device_start": 1585586181.7390254, "host_queued_start": 1585586247.128585, "device_queued": 1585586181.7388241, "device_end": 1585586181.7390544, "host_queued_end": 1585586247.145707}, "device": "gpu", "nd_range": {"device_start": 1585586181.7390625, "device_end": 1585586181.7390661}, "cmdq": 0, "read": {"device_start": -1, "device_end": -1}}, "coalesced_transpose21": {"write": {"device_start": -1, "host_queued_start": 1585586247.160072, "device_queued": -1, "device_end": -1, "host_queued_end": 1585586247.16608}, "device": "cpu", "nd_range": {"device_start": 2254021.4021767993, "device_end": 2254021.40241766}, "cmdq": 4, "read": {"device_start": -1, "device_end": -1}}, "FFC_sans_bias36": {"write": {"device_start": 1585586181.7414382, "host_queued_start": 1585586247.133552, "device_queued": 1585586181.739407, "device_end": 1585586181.7414687, "host_queued_end": 1585586247.145707}, "device": "gpu", "nd_range": {"device_start": 1585586181.7414722, "device_end": 1585586181.742078}, "cmdq": 0, "read": {"device_start": -1, "device_end": -1}}, "softmax14": {"write": {"device_start": -1, "host_queued_start": 1585586247.161654, "device_queued": -1, "device_end": -1, "host_queued_end": 1585586247.16608}, "device": "cpu", "nd_range": {"device_start": 2254021.4119005953, "device_end": 2254021.4122333983}, "cmdq": 4, "read": {"device_start": -1, "device_end": -1}}, "FFC_sans_bias13": {"write": {"device_start": -1, "host_queued_start": 1585586247.160757, "device_queued": -1, "device_end": -1, "host_queued_end": 1585586247.16608}, "device": "cpu", "nd_range": {"device_start": 2254021.3937270483, "device_end": 2254021.406723007}, "cmdq": 1, "read": {"device_start": -1, "device_end": -1}}, "empty8": {"write": {"device_start": -1, "host_queued_start": 1585586247.1472, "device_queued": -1, "device_end": -1, "host_queued_end": 1585586247.16608}, "device": "cpu", "nd_range": {"device_start": 2254021.355670594, "device_end": 2254021.355677308}, "cmdq": 0, "read": {"device_start": -1, "device_end": -1}}, "FFC_sans_bias42": {"write": {"device_start": -1, "host_queued_start": 1585586247.14213, "device_queued": -1, "device_end": -1, "host_queued_end": 1585586247.145707}, "device": "gpu", "nd_range": {"device_start": 1585586181.7486444, "device_end": 1585586181.749242}, "cmdq": 0, "read": {"device_start": -1, "device_end": -1}}, "FFC_sans_bias43": {"write": {"device_start": 1585586181.750821, "host_queued_start": 1585586247.144535, "device_queued": 1585586181.7404542, "device_end": 1585586181.7508502, "host_queued_end": 1585586247.145707}, "device": "gpu", "nd_range": {"device_start": 1585586181.750858, "device_end": 1585586181.7514584}, "cmdq": 0, "read": {"device_start": 1585586181.7514675, "device_end": 1585586181.751496}}, "FFC_sans_bias40": {"write": {"device_start": -1, "host_queued_start": 1585586247.140381, "device_queued": -1, "device_end": -1, "host_queued_end": 1585586247.145707}, "device": "gpu", "nd_range": {"device_start": 1585586181.7462227, "device_end": 1585586181.7468193}, "cmdq": 0, "read": {"device_start": -1, "device_end": -1}}, "softmax32": {"write": {"device_start": -1, "host_queued_start": 1585586247.140951, "device_queued": -1, "device_end": -1, "host_queued_end": 1585586247.145707}, "device": "gpu", "nd_range": {"device_start": 1585586181.7474196, "device_end": 1585586181.7476292}, "cmdq": 0, "read": {"device_start": -1, "device_end": -1}}, "FFC_sans_bias47": {"write": {"device_start": 1585586181.7449634, "host_queued_start": 1585586247.138823, "device_queued": 1585586181.7397766, "device_end": 1585586181.7449868, "host_queued_end": 1585586247.145707}, "device": "gpu", "nd_range": {"device_start": 1585586181.7449958, "device_end": 1585586181.7455919}, "cmdq": 0, "read": {"device_start": -1, "device_end": -1}}, "FFC_sans_bias45": {"write": {"device_start": 1585586181.7435985, "host_queued_start": 1585586247.136707, "device_queued": 1585586181.739607, "device_end": 1585586181.7436278, "host_queued_end": 1585586247.145707}, "device": "gpu", "nd_range": {"device_start": 1585586181.743631, "device_end": 1585586181.744232}, "cmdq": 0, "read": {"device_start": -1, "device_end": -1}}, "softmax50": {"write": {"device_start": -1, "host_queued_start": 1585586247.14147, "device_queued": -1, "device_end": -1, "host_queued_end": 1585586247.145707}, "device": "gpu", "nd_range": {"device_start": 1585586181.7478375, "device_end": 1585586181.7480366}, "cmdq": 0, "read": {"device_start": -1, "device_end": -1}}, "FFC_sans_bias33": {"write": {"device_start": -1, "host_queued_start": 1585586247.141787, "device_queued": -1, "device_end": -1, "host_queued_end": 1585586247.145707}, "device": "gpu", "nd_range": {"device_start": 1585586181.7480388, "device_end": 1585586181.7486434}, "cmdq": 0, "read": {"device_start": -1, "device_end": -1}}, "FFC_sans_bias49": {"write": {"device_start": -1, "host_queued_start": 1585586247.140693, "device_queued": -1, "device_end": -1, "host_queued_end": 1585586247.145707}, "device": "gpu", "nd_range": {"device_start": 1585586181.7468214, "device_end": 1585586181.7474182}, "cmdq": 0, "read": {"device_start": -1, "device_end": -1}}, "FFC_sans_bias24": {"write": {"device_start": -1, "host_queued_start": 1585586247.163013, "device_queued": -1, "device_end": -1, "host_queued_end": 1585586247.16608}, "device": "cpu", "nd_range": {"device_start": 2254021.418498802, "device_end": 2254021.4288265603}, "cmdq": 3, "read": {"device_start": -1, "device_end": -1}}, "FFC_sans_bias25": {"write": {"device_start": -1, "host_queued_start": 1585586247.166035, "device_queued": -1, "device_end": -1, "host_queued_end": 1585586247.16608}, "device": "cpu", "nd_range": {"device_start": 2254021.4297671863, "device_end": 2254021.4357999573}, "cmdq": 1, "read": {"device_start": -1, "device_end": -1}}, "FFC_sans_bias27": {"write": {"device_start": 1585586181.7393181, "host_queued_start": 1585586247.130377, "device_queued": 1585586181.738937, "device_end": 1585586181.7393496, "host_queued_end": 1585586247.145707}, "device": "gpu", "nd_range": {"device_start": 1585586181.7393522, "device_end": 1585586181.7399504}, "cmdq": 0, "read": {"device_start": -1, "device_end": -1}}, "FFC_sans_bias20": {"write": {"device_start": -1, "host_queued_start": 1585586247.158996, "device_queued": -1, "device_end": -1, "host_queued_end": 1585586247.16608}, "device": "cpu", "nd_range": {"device_start": 2254021.374643879, "device_end": 2254021.393501732}, "cmdq": 1, "read": {"device_start": -1, "device_end": -1}}, "FFC_sans_bias22": {"write": {"device_start": -1, "host_queued_start": 1585586247.161101, "device_queued": -1, "device_end": -1, "host_queued_end": 1585586247.16608}, "device": "cpu", "nd_range": {"device_start": 2254021.402577858, "device_end": 2254021.412108948}, "cmdq": 2, "read": {"device_start": -1, "device_end": -1}}, "softmax5": {"write": {"device_start": -1, "host_queued_start": 1585586247.161382, "device_queued": -1, "device_end": -1, "host_queued_end": 1585586247.16608}, "device": "cpu", "nd_range": {"device_start": 2254021.398779354, "device_end": 2254021.398996648}, "cmdq": 3, "read": {"device_start": -1, "device_end": -1}}, "FFC_sans_bias28": {"write": {"device_start": 1585586181.7400496, "host_queued_start": 1585586247.131471, "device_queued": 1585586181.7391653, "device_end": 1585586181.7400782, "host_queued_end": 1585586247.145707}, "device": "gpu", "nd_range": {"device_start": 1585586181.7400835, "device_end": 1585586181.7406867}, "cmdq": 0, "read": {"device_start": -1, "device_end": -1}}, "FFC_sans_bias29": {"write": {"device_start": 1585586181.740806, "host_queued_start": 1585586247.13251, "device_queued": 1585586181.7392044, "device_end": 1585586181.740836, "host_queued_end": 1585586247.145707}, "device": "gpu", "nd_range": {"device_start": 1585586181.7408395, "device_end": 1585586181.7413418}, "cmdq": 0, "read": {"device_start": -1, "device_end": -1}}, "empty17": {"write": {"device_start": -1, "host_queued_start": 1585586247.148186, "device_queued": -1, "device_end": -1, "host_queued_end": 1585586247.16608}, "device": "cpu", "nd_range": {"device_start": 2254021.355665685, "device_end": 2254021.35567733}, "cmdq": 1, "read": {"device_start": -1, "device_end": -1}}, "empty35": {"write": {"device_start": 1585586181.738847, "host_queued_start": 1585586247.127539, "device_queued": 1585586181.7387173, "device_end": 1585586181.7388816, "host_queued_end": 1585586247.145707}, "device": "gpu", "nd_range": {"device_start": 1585586181.7388887, "device_end": 1585586181.7388937}, "cmdq": 0, "read": {"device_start": -1, "device_end": -1}}, "empty53": {"write": {"device_start": 1585586181.739184, "host_queued_start": 1585586247.129403, "device_queued": 1585586181.738873, "device_end": 1585586181.7392097, "host_queued_end": 1585586247.145707}, "device": "gpu", "nd_range": {"device_start": 1585586181.7392182, "device_end": 1585586181.739222}, "cmdq": 0, "read": {"device_start": -1, "device_end": -1}}, "FFC_sans_bias46": {"write": {"device_start": 1585586181.7443216, "host_queued_start": 1585586247.137739, "device_queued": 1585586181.7397285, "device_end": 1585586181.7443502, "host_queued_end": 1585586247.145707}, "device": "gpu", "nd_range": {"device_start": 1585586181.7443569, "device_end": 1585586181.7448592}, "cmdq": 0, "read": {"device_start": -1, "device_end": -1}}, "coalesced_transpose48": {"write": {"device_start": -1, "host_queued_start": 1585586247.139753, "device_queued": -1, "device_end": -1, "host_queued_end": 1585586247.145707}, "device": "gpu", "nd_range": {"device_start": 1585586181.7456114, "device_end": 1585586181.7456193}, "cmdq": 0, "read": {"device_start": -1, "device_end": -1}}}