{"FFC_sans_bias60": {"write": {"device_start": -1, "host_queued_start": 1585586776.214948, "device_queued": -1, "device_end": -1, "host_queued_end": 1585586776.221353}, "device": "gpu", "nd_range": {"device_start": 1585586710.8154914, "device_end": 1585586710.8164763}, "cmdq": 1, "read": {"device_start": -1, "device_end": -1}}, "FFC_sans_bias4": {"write": {"device_start": -1, "host_queued_start": 1585586776.228052, "device_queued": -1, "device_end": -1, "host_queued_end": 1585586776.230036}, "device": "cpu", "nd_range": {"device_start": 2254550.432254482, "device_end": 2254550.436191896}, "cmdq": 1, "read": {"device_start": -1, "device_end": -1}}, "FFC_sans_bias7": {"write": {"device_start": -1, "host_queued_start": 1585586776.229988, "device_queued": -1, "device_end": -1, "host_queued_end": 1585586776.230036}, "device": "cpu", "nd_range": {"device_start": 2254550.4412710173, "device_end": 2254550.445591031}, "cmdq": 0, "read": {"device_start": -1, "device_end": -1}}, "FFC_sans_bias6": {"write": {"device_start": -1, "host_queued_start": 1585586776.228733, "device_queued": -1, "device_end": -1, "host_queued_end": 1585586776.230036}, "device": "cpu", "nd_range": {"device_start": 2254550.4365131264, "device_end": 2254550.4412652403}, "cmdq": 1, "read": {"device_start": -1, "device_end": -1}}, "FFC_sans_bias1": {"write": {"device_start": -1, "host_queued_start": 1585586776.225727, "device_queued": -1, "device_end": -1, "host_queued_end": 1585586776.230036}, "device": "cpu", "nd_range": {"device_start": 2254550.419629193, "device_end": 2254550.425394901}, "cmdq": 0, "read": {"device_start": -1, "device_end": -1}}, "FFC_sans_bias0": {"write": {"device_start": -1, "host_queued_start": 1585586776.224291, "device_queued": -1, "device_end": -1, "host_queued_end": 1585586776.230036}, "device": "cpu", "nd_range": {"device_start": 2254550.419622802, "device_end": 2254550.427674091}, "cmdq": 1, "read": {"device_start": -1, "device_end": -1}}, "FFC_sans_bias2": {"write": {"device_start": -1, "host_queued_start": 1585586776.227165, "device_queued": -1, "device_end": -1, "host_queued_end": 1585586776.230036}, "device": "cpu", "nd_range": {"device_start": 2254550.4278706843, "device_end": 2254550.432235165}, "cmdq": 1, "read": {"device_start": -1, "device_end": -1}}, "FFC_sans_bias61": {"write": {"device_start": 1585586710.8186061, "host_queued_start": 1585586776.221246, "device_queued": 1585586710.8048694, "device_end": 1585586710.8186338, "host_queued_end": 1585586776.221353}, "device": "gpu", "nd_range": {"device_start": 1585586710.818639, "device_end": 1585586710.8193738}, "cmdq": 1, "read": {"device_start": 1585586710.8193796, "device_end": 1585586710.8194015}}, "FFC_sans_bias52": {"write": {"device_start": 1585586710.8181322, "host_queued_start": 1585586776.220198, "device_queued": 1585586710.8046777, "device_end": 1585586710.8181589, "host_queued_end": 1585586776.221353}, "device": "gpu", "nd_range": {"device_start": 1585586710.8181634, "device_end": 1585586710.818914}, "cmdq": 0, "read": {"device_start": 1585586710.8189192, "device_end": 1585586710.8189418}}, "FFC_sans_bias9": {"write": {"device_start": 1585586710.8010473, "host_queued_start": 1585586776.189815, "device_queued": 1585586710.800809, "device_end": 1585586710.8010778, "host_queued_end": 1585586776.221353}, "device": "gpu", "nd_range": {"device_start": 1585586710.8010836, "device_end": 1585586710.8016865}, "cmdq": 0, "read": {"device_start": -1, "device_end": -1}}, "coalesced_transpose39": {"write": {"device_start": -1, "host_queued_start": 1585586776.208958, "device_queued": -1, "device_end": -1, "host_queued_end": 1585586776.221353}, "device": "gpu", "nd_range": {"device_start": 1585586710.8104534, "device_end": 1585586710.8104763}, "cmdq": 1, "read": {"device_start": -1, "device_end": -1}}, "FFC_sans_bias55": {"write": {"device_start": 1585586710.8090274, "host_queued_start": 1585586776.207717, "device_queued": 1585586710.8029146, "device_end": 1585586710.8090572, "host_queued_end": 1585586776.221353}, "device": "gpu", "nd_range": {"device_start": 1585586710.809062, "device_end": 1585586710.8100414}, "cmdq": 1, "read": {"device_start": -1, "device_end": -1}}, "FFC_sans_bias54": {"write": {"device_start": 1585586710.8089433, "host_queued_start": 1585586776.206683, "device_queued": 1585586710.8026226, "device_end": 1585586710.809021, "host_queued_end": 1585586776.221353}, "device": "gpu", "nd_range": {"device_start": 1585586710.8090334, "device_end": 1585586710.809645}, "cmdq": 0, "read": {"device_start": -1, "device_end": -1}}, "FFC_sans_bias56": {"write": {"device_start": 1585586710.8080802, "host_queued_start": 1585586776.205617, "device_queued": 1585586710.8025663, "device_end": 1585586710.8081055, "host_queued_end": 1585586776.221353}, "device": "gpu", "nd_range": {"device_start": 1585586710.8081105, "device_end": 1585586710.8089068}, "cmdq": 1, "read": {"device_start": -1, "device_end": -1}}, "FFC_sans_bias51": {"write": {"device_start": -1, "host_queued_start": 1585586776.214631, "device_queued": -1, "device_end": -1, "host_queued_end": 1585586776.221353}, "device": "gpu", "nd_range": {"device_start": 1585586710.815084, "device_end": 1585586710.8160493}, "cmdq": 0, "read": {"device_start": -1, "device_end": -1}}, "softmax23": {"write": {"device_start": -1, "host_queued_start": 1585586776.211956, "device_queued": -1, "device_end": -1, "host_queued_end": 1585586776.221353}, "device": "gpu", "nd_range": {"device_start": 1585586710.8129864, "device_end": 1585586710.8131921}, "cmdq": 1, "read": {"device_start": -1, "device_end": -1}}, "FFC_sans_bias37": {"write": {"device_start": 1585586710.805697, "host_queued_start": 1585586776.200355, "device_queued": 1585586710.8020318, "device_end": 1585586710.8057292, "host_queued_end": 1585586776.221353}, "device": "gpu", "nd_range": {"device_start": 1585586710.805735, "device_end": 1585586710.806494}, "cmdq": 0, "read": {"device_start": -1, "device_end": -1}}, "empty62": {"write": {"device_start": 1585586710.8009508, "host_queued_start": 1585586776.188833, "device_queued": 1585586710.8007708, "device_end": 1585586710.801029, "host_queued_end": 1585586776.221353}, "device": "gpu", "nd_range": {"device_start": 1585586710.8010354, "device_end": 1585586710.8010395}, "cmdq": 1, "read": {"device_start": -1, "device_end": -1}}, "FFC_sans_bias58": {"write": {"device_start": -1, "host_queued_start": 1585586776.211458, "device_queued": -1, "device_end": -1, "host_queued_end": 1585586776.221353}, "device": "gpu", "nd_range": {"device_start": 1585586710.8120863, "device_end": 1585586710.8129852}, "cmdq": 1, "read": {"device_start": -1, "device_end": -1}}, "softmax41": {"write": {"device_start": -1, "host_queued_start": 1585586776.212454, "device_queued": -1, "device_end": -1, "host_queued_end": 1585586776.221353}, "device": "gpu", "nd_range": {"device_start": 1585586710.8131933, "device_end": 1585586710.8133976}, "cmdq": 1, "read": {"device_start": -1, "device_end": -1}}, "FFC_sans_bias11": {"write": {"device_start": 1585586710.8018305, "host_queued_start": 1585586776.191964, "device_queued": 1585586710.801153, "device_end": 1585586710.8018615, "host_queued_end": 1585586776.221353}, "device": "gpu", "nd_range": {"device_start": 1585586710.8018653, "device_end": 1585586710.8026633}, "cmdq": 0, "read": {"device_start": -1, "device_end": -1}}, "FFC_sans_bias10": {"write": {"device_start": 1585586710.801201, "host_queued_start": 1585586776.190897, "device_queued": 1585586710.801093, "device_end": 1585586710.8012311, "host_queued_end": 1585586776.221353}, "device": "gpu", "nd_range": {"device_start": 1585586710.801235, "device_end": 1585586710.8020902}, "cmdq": 1, "read": {"device_start": -1, "device_end": -1}}, "coalesced_transpose3": {"write": {"device_start": -1, "host_queued_start": 1585586776.227608, "device_queued": -1, "device_end": -1, "host_queued_end": 1585586776.230036}, "device": "cpu", "nd_range": {"device_start": 2254550.425662719, "device_end": 2254550.425898767}, "cmdq": 0, "read": {"device_start": -1, "device_end": -1}}, "FFC_sans_bias34": {"write": {"device_start": 1585586710.8172028, "host_queued_start": 1585586776.21808, "device_queued": 1585586710.8044438, "device_end": 1585586710.817228, "host_queued_end": 1585586776.221353}, "device": "gpu", "nd_range": {"device_start": 1585586710.8172317, "device_end": 1585586710.8179698}, "cmdq": 0, "read": {"device_start": 1585586710.817978, "device_end": 1585586710.8180017}}, "FFC_sans_bias15": {"write": {"device_start": -1, "host_queued_start": 1585586776.213349, "device_queued": -1, "device_end": -1, "host_queued_end": 1585586776.221353}, "device": "gpu", "nd_range": {"device_start": 1585586710.813493, "device_end": 1585586710.8141005}, "cmdq": 0, "read": {"device_start": -1, "device_end": -1}}, "FFC_sans_bias31": {"write": {"device_start": -1, "host_queued_start": 1585586776.210506, "device_queued": -1, "device_end": -1, "host_queued_end": 1585586776.221353}, "device": "gpu", "nd_range": {"device_start": 1585586710.8106217, "device_end": 1585586710.8115344}, "cmdq": 0, "read": {"device_start": -1, "device_end": -1}}, "FFC_sans_bias16": {"write": {"device_start": 1585586710.8161323, "host_queued_start": 1585586776.215972, "device_queued": 1585586710.8041463, "device_end": 1585586710.8161583, "host_queued_end": 1585586776.221353}, "device": "gpu", "nd_range": {"device_start": 1585586710.816161, "device_end": 1585586710.8170147}, "cmdq": 0, "read": {"device_start": 1585586710.817019, "device_end": 1585586710.8170435}}, "FFC_sans_bias19": {"write": {"device_start": 1585586710.802802, "host_queued_start": 1585586776.194024, "device_queued": 1585586710.8013654, "device_end": 1585586710.8028274, "host_queued_end": 1585586776.221353}, "device": "gpu", "nd_range": {"device_start": 1585586710.8028307, "device_end": 1585586710.8036306}, "cmdq": 0, "read": {"device_start": -1, "device_end": -1}}, "FFC_sans_bias18": {"write": {"device_start": 1585586710.8022335, "host_queued_start": 1585586776.192997, "device_queued": 1585586710.8013124, "device_end": 1585586710.8022609, "host_queued_end": 1585586776.221353}, "device": "gpu", "nd_range": {"device_start": 1585586710.8022642, "device_end": 1585586710.8030787}, "cmdq": 1, "read": {"device_start": -1, "device_end": -1}}, "coalesced_transpose30": {"write": {"device_start": -1, "host_queued_start": 1585586776.208655, "device_queued": -1, "device_end": -1, "host_queued_end": 1585586776.221353}, "device": "gpu", "nd_range": {"device_start": 1585586710.8099604, "device_end": 1585586710.809983}, "cmdq": 0, "read": {"device_start": -1, "device_end": -1}}, "FFC_sans_bias38": {"write": {"device_start": 1585586710.8061762, "host_queued_start": 1585586776.201395, "device_queued": 1585586710.802227, "device_end": 1585586710.806208, "host_queued_end": 1585586776.221353}, "device": "gpu", "nd_range": {"device_start": 1585586710.8062117, "device_end": 1585586710.8070133}, "cmdq": 1, "read": {"device_start": -1, "device_end": -1}}, "coalesced_transpose57": {"write": {"device_start": -1, "host_queued_start": 1585586776.209558, "device_queued": -1, "device_end": -1, "host_queued_end": 1585586776.221353}, "device": "gpu", "nd_range": {"device_start": 1585586710.8104782, "device_end": 1585586710.8104992}, "cmdq": 1, "read": {"device_start": -1, "device_end": -1}}, "empty26": {"write": {"device_start": 1585586710.8004303, "host_queued_start": 1585586776.185419, "device_queued": 1585586710.8002915, "device_end": 1585586710.8005, "host_queued_end": 1585586776.221353}, "device": "gpu", "nd_range": {"device_start": 1585586710.8005044, "device_end": 1585586710.8005085}, "cmdq": 1, "read": {"device_start": -1, "device_end": -1}}, "coalesced_transpose12": {"write": {"device_start": -1, "host_queued_start": 1585586776.208045, "device_queued": -1, "device_end": -1, "host_queued_end": 1585586776.221353}, "device": "gpu", "nd_range": {"device_start": 1585586710.8096466, "device_end": 1585586710.809957}, "cmdq": 0, "read": {"device_start": -1, "device_end": -1}}, "empty44": {"write": {"device_start": 1585586710.800639, "host_queued_start": 1585586776.18715, "device_queued": 1585586710.8004262, "device_end": 1585586710.800664, "host_queued_end": 1585586776.221353}, "device": "gpu", "nd_range": {"device_start": 1585586710.8006728, "device_end": 1585586710.800676}, "cmdq": 1, "read": {"device_start": -1, "device_end": -1}}, "coalesced_transpose21": {"write": {"device_start": -1, "host_queued_start": 1585586776.208353, "device_queued": -1, "device_end": -1, "host_queued_end": 1585586776.221353}, "device": "gpu", "nd_range": {"device_start": 1585586710.8100433, "device_end": 1585586710.810447}, "cmdq": 1, "read": {"device_start": -1, "device_end": -1}}, "FFC_sans_bias36": {"write": {"device_start": 1585586710.805164, "host_queued_start": 1585586776.199291, "device_queued": 1585586710.8019817, "device_end": 1585586710.8051965, "host_queued_end": 1585586776.221353}, "device": "gpu", "nd_range": {"device_start": 1585586710.8052018, "device_end": 1585586710.8060408}, "cmdq": 1, "read": {"device_start": -1, "device_end": -1}}, "softmax14": {"write": {"device_start": -1, "host_queued_start": 1585586776.211708, "device_queued": -1, "device_end": -1, "host_queued_end": 1585586776.221353}, "device": "gpu", "nd_range": {"device_start": 1585586710.8125021, "device_end": 1585586710.8130817}, "cmdq": 0, "read": {"device_start": -1, "device_end": -1}}, "FFC_sans_bias13": {"write": {"device_start": -1, "host_queued_start": 1585586776.209872, "device_queued": -1, "device_end": -1, "host_queued_end": 1585586776.221353}, "device": "gpu", "nd_range": {"device_start": 1585586710.8100204, "device_end": 1585586710.8106203}, "cmdq": 0, "read": {"device_start": -1, "device_end": -1}}, "empty8": {"write": {"device_start": -1, "host_queued_start": 1585586776.222988, "device_queued": -1, "device_end": -1, "host_queued_end": 1585586776.230036}, "device": "cpu", "nd_range": {"device_start": 2254550.419598611, "device_end": 2254550.4196106773}, "cmdq": 0, "read": {"device_start": -1, "device_end": -1}}, "FFC_sans_bias42": {"write": {"device_start": -1, "host_queued_start": 1585586776.214307, "device_queued": -1, "device_end": -1, "host_queued_end": 1585586776.221353}, "device": "gpu", "nd_range": {"device_start": 1585586710.8145003, "device_end": 1585586710.8154905}, "cmdq": 1, "read": {"device_start": -1, "device_end": -1}}, "FFC_sans_bias43": {"write": {"device_start": 1585586710.8176293, "host_queued_start": 1585586776.219123, "device_queued": 1585586710.8045814, "device_end": 1585586710.8176548, "host_queued_end": 1585586776.221353}, "device": "gpu", "nd_range": {"device_start": 1585586710.8176591, "device_end": 1585586710.8184218}, "cmdq": 1, "read": {"device_start": 1585586710.818425, "device_end": 1585586710.8184507}}, "FFC_sans_bias40": {"write": {"device_start": -1, "host_queued_start": 1585586776.210831, "device_queued": -1, "device_end": -1, "host_queued_end": 1585586776.221353}, "device": "gpu", "nd_range": {"device_start": 1585586710.8111143, "device_end": 1585586710.812085}, "cmdq": 1, "read": {"device_start": -1, "device_end": -1}}, "softmax32": {"write": {"device_start": -1, "host_queued_start": 1585586776.212207, "device_queued": -1, "device_end": -1, "host_queued_end": 1585586776.221353}, "device": "gpu", "nd_range": {"device_start": 1585586710.8130827, "device_end": 1585586710.8132873}, "cmdq": 0, "read": {"device_start": -1, "device_end": -1}}, "FFC_sans_bias47": {"write": {"device_start": 1585586710.807591, "host_queued_start": 1585586776.20458, "device_queued": 1585586710.8024416, "device_end": 1585586710.807618, "host_queued_end": 1585586776.221353}, "device": "gpu", "nd_range": {"device_start": 1585586710.8076231, "device_end": 1585586710.8084624}, "cmdq": 0, "read": {"device_start": -1, "device_end": -1}}, "FFC_sans_bias45": {"write": {"device_start": 1585586710.8066294, "host_queued_start": 1585586776.202425, "device_queued": 1585586710.8022661, "device_end": 1585586710.8066556, "host_queued_end": 1585586776.221353}, "device": "gpu", "nd_range": {"device_start": 1585586710.8066602, "device_end": 1585586710.8074732}, "cmdq": 0, "read": {"device_start": -1, "device_end": -1}}, "softmax50": {"write": {"device_start": -1, "host_queued_start": 1585586776.212699, "device_queued": -1, "device_end": -1, "host_queued_end": 1585586776.221353}, "device": "gpu", "nd_range": {"device_start": 1585586710.8132885, "device_end": 1585586710.813492}, "cmdq": 0, "read": {"device_start": -1, "device_end": -1}}, "FFC_sans_bias33": {"write": {"device_start": -1, "host_queued_start": 1585586776.213988, "device_queued": -1, "device_end": -1, "host_queued_end": 1585586776.221353}, "device": "gpu", "nd_range": {"device_start": 1585586710.8141022, "device_end": 1585586710.8150828}, "cmdq": 0, "read": {"device_start": -1, "device_end": -1}}, "FFC_sans_bias49": {"write": {"device_start": -1, "host_queued_start": 1585586776.211146, "device_queued": -1, "device_end": -1, "host_queued_end": 1585586776.221353}, "device": "gpu", "nd_range": {"device_start": 1585586710.811536, "device_end": 1585586710.8125012}, "cmdq": 0, "read": {"device_start": -1, "device_end": -1}}, "FFC_sans_bias24": {"write": {"device_start": -1, "host_queued_start": 1585586776.21367, "device_queued": -1, "device_end": -1, "host_queued_end": 1585586776.221353}, "device": "gpu", "nd_range": {"device_start": 1585586710.8136983, "device_end": 1585586710.8144994}, "cmdq": 1, "read": {"device_start": -1, "device_end": -1}}, "FFC_sans_bias25": {"write": {"device_start": 1585586710.8165724, "host_queued_start": 1585586776.217042, "device_queued": 1585586710.804342, "device_end": 1585586710.816604, "host_queued_end": 1585586776.221353}, "device": "gpu", "nd_range": {"device_start": 1585586710.816608, "device_end": 1585586710.8174565}, "cmdq": 1, "read": {"device_start": 1585586710.817461, "device_end": 1585586710.8174849}}, "FFC_sans_bias27": {"write": {"device_start": 1585586710.8038, "host_queued_start": 1585586776.196142, "device_queued": 1585586710.8015797, "device_end": 1585586710.8038263, "host_queued_end": 1585586776.221353}, "device": "gpu", "nd_range": {"device_start": 1585586710.8038304, "device_end": 1585586710.8045845}, "cmdq": 0, "read": {"device_start": -1, "device_end": -1}}, "FFC_sans_bias20": {"write": {"device_start": 1585586710.8032093, "host_queued_start": 1585586776.195115, "device_queued": 1585586710.8015287, "device_end": 1585586710.803242, "host_queued_end": 1585586776.221353}, "device": "gpu", "nd_range": {"device_start": 1585586710.803246, "device_end": 1585586710.8040655}, "cmdq": 1, "read": {"device_start": -1, "device_end": -1}}, "FFC_sans_bias22": {"write": {"device_start": -1, "host_queued_start": 1585586776.210192, "device_queued": -1, "device_end": -1, "host_queued_end": 1585586776.221353}, "device": "gpu", "nd_range": {"device_start": 1585586710.8105006, "device_end": 1585586710.811113}, "cmdq": 1, "read": {"device_start": -1, "device_end": -1}}, "softmax5": {"write": {"device_start": -1, "host_queued_start": 1585586776.228386, "device_queued": -1, "device_end": -1, "host_queued_end": 1585586776.230036}, "device": "cpu", "nd_range": {"device_start": 2254550.436225254, "device_end": 2254550.436347723}, "cmdq": 0, "read": {"device_start": -1, "device_end": -1}}, "FFC_sans_bias28": {"write": {"device_start": 1585586710.8042288, "host_queued_start": 1585586776.197175, "device_queued": 1585586710.801725, "device_end": 1585586710.8042603, "host_queued_end": 1585586776.221353}, "device": "gpu", "nd_range": {"device_start": 1585586710.8042667, "device_end": 1585586710.8050628}, "cmdq": 1, "read": {"device_start": -1, "device_end": -1}}, "FFC_sans_bias29": {"write": {"device_start": 1585586710.8046997, "host_queued_start": 1585586776.198218, "device_queued": 1585586710.8017843, "device_end": 1585586710.8047261, "host_queued_end": 1585586776.221353}, "device": "gpu", "nd_range": {"device_start": 1585586710.804731, "device_end": 1585586710.8055587}, "cmdq": 0, "read": {"device_start": -1, "device_end": -1}}, "empty17": {"write": {"device_start": 1585586710.8003168, "host_queued_start": 1585586776.18422, "device_queued": 1585586710.8001614, "device_end": 1585586710.8003733, "host_queued_end": 1585586776.221353}, "device": "gpu", "nd_range": {"device_start": 1585586710.8003805, "device_end": 1585586710.8003943}, "cmdq": 0, "read": {"device_start": -1, "device_end": -1}}, "softmax59": {"write": {"device_start": -1, "host_queued_start": 1585586776.213036, "device_queued": -1, "device_end": -1, "host_queued_end": 1585586776.221353}, "device": "gpu", "nd_range": {"device_start": 1585586710.8133988, "device_end": 1585586710.813697}, "cmdq": 1, "read": {"device_start": -1, "device_end": -1}}, "empty35": {"write": {"device_start": 1585586710.8005462, "host_queued_start": 1585586776.186268, "device_queued": 1585586710.8003647, "device_end": 1585586710.8006225, "host_queued_end": 1585586776.221353}, "device": "gpu", "nd_range": {"device_start": 1585586710.8006272, "device_end": 1585586710.8006318}, "cmdq": 0, "read": {"device_start": -1, "device_end": -1}}, "empty53": {"write": {"device_start": 1585586710.8008227, "host_queued_start": 1585586776.18796, "device_queued": 1585586710.8007243, "device_end": 1585586710.8008723, "host_queued_end": 1585586776.221353}, "device": "gpu", "nd_range": {"device_start": 1585586710.8008783, "device_end": 1585586710.8008826}, "cmdq": 0, "read": {"device_start": -1, "device_end": -1}}, "FFC_sans_bias46": {"write": {"device_start": 1585586710.8071427, "host_queued_start": 1585586776.203519, "device_queued": 1585586710.8024082, "device_end": 1585586710.807169, "host_queued_end": 1585586776.221353}, "device": "gpu", "nd_range": {"device_start": 1585586710.8071752, "device_end": 1585586710.8079743}, "cmdq": 1, "read": {"device_start": -1, "device_end": -1}}, "coalesced_transpose48": {"write": {"device_start": -1, "host_queued_start": 1585586776.209257, "device_queued": -1, "device_end": -1, "host_queued_end": 1585586776.221353}, "device": "gpu", "nd_range": {"device_start": 1585586710.8099911, "device_end": 1585586710.810019}, "cmdq": 0, "read": {"device_start": -1, "device_end": -1}}}