{"FFC_sans_bias60": {"write": {"device_start": -1, "host_queued_start": 1585587054.688659, "device_queued": -1, "device_end": -1, "host_queued_end": 1585587054.689765}, "device": "gpu", "nd_range": {"device_start": 1585586989.2638552, "device_end": 1585586989.26445}, "cmdq": 3, "read": {"device_start": -1, "device_end": -1}}, "FFC_sans_bias4": {"write": {"device_start": -1, "host_queued_start": 1585587054.716592, "device_queued": -1, "device_end": -1, "host_queued_end": 1585587054.728018}, "device": "cpu", "nd_range": {"device_start": 2254829.016051073, "device_end": 2254829.027519964}, "cmdq": 2, "read": {"device_start": -1, "device_end": -1}}, "FFC_sans_bias7": {"write": {"device_start": -1, "host_queued_start": 1585587054.722991, "device_queued": -1, "device_end": -1, "host_queued_end": 1585587054.728018}, "device": "cpu", "nd_range": {"device_start": 2254829.06088554, "device_end": 2254829.0819438}, "cmdq": 0, "read": {"device_start": -1, "device_end": -1}}, "FFC_sans_bias6": {"write": {"device_start": -1, "host_queued_start": 1585587054.720244, "device_queued": -1, "device_end": -1, "host_queued_end": 1585587054.728018}, "device": "cpu", "nd_range": {"device_start": 2254829.035273497, "device_end": 2254829.06033266}, "cmdq": 2, "read": {"device_start": -1, "device_end": -1}}, "FFC_sans_bias1": {"write": {"device_start": -1, "host_queued_start": 1585587054.697376, "device_queued": -1, "device_end": -1, "host_queued_end": 1585587054.728018}, "device": "cpu", "nd_range": {"device_start": 2254828.917844811, "device_end": 2254828.9335163273}, "cmdq": 3, "read": {"device_start": -1, "device_end": -1}}, "FFC_sans_bias0": {"write": {"device_start": -1, "host_queued_start": 1585587054.696348, "device_queued": -1, "device_end": -1, "host_queued_end": 1585587054.728018}, "device": "cpu", "nd_range": {"device_start": 2254828.9332426554, "device_end": 2254828.9484464233}, "cmdq": 2, "read": {"device_start": -1, "device_end": -1}}, "FFC_sans_bias2": {"write": {"device_start": -1, "host_queued_start": 1585587054.698417, "device_queued": -1, "device_end": -1, "host_queued_end": 1585587054.728018}, "device": "cpu", "nd_range": {"device_start": 2254828.9176768754, "device_end": 2254828.933095314}, "cmdq": 0, "read": {"device_start": -1, "device_end": -1}}, "FFC_sans_bias61": {"write": {"device_start": 1585586989.2631469, "host_queued_start": 1585587054.689657, "device_queued": 1585586989.261721, "device_end": 1585586989.2631774, "host_queued_end": 1585587054.689765}, "device": "gpu", "nd_range": {"device_start": 1585586989.2644534, "device_end": 1585586989.2650495}, "cmdq": 0, "read": {"device_start": 1585586989.2650576, "device_end": 1585586989.2650805}}, "FFC_sans_bias52": {"write": {"device_start": -1, "host_queued_start": 1585587054.727973, "device_queued": -1, "device_end": -1, "host_queued_end": 1585587054.728018}, "device": "cpu", "nd_range": {"device_start": 2254829.0724975113, "device_end": 2254829.081778489}, "cmdq": 1, "read": {"device_start": -1, "device_end": -1}}, "FFC_sans_bias9": {"write": {"device_start": -1, "host_queued_start": 1585587054.699479, "device_queued": -1, "device_end": -1, "host_queued_end": 1585587054.728018}, "device": "cpu", "nd_range": {"device_start": 2254828.9176768553, "device_end": 2254828.933529683}, "cmdq": 1, "read": {"device_start": -1, "device_end": -1}}, "coalesced_transpose39": {"write": {"device_start": -1, "host_queued_start": 1585587054.715908, "device_queued": -1, "device_end": -1, "host_queued_end": 1585587054.728018}, "device": "cpu", "nd_range": {"device_start": 2254829.016016024, "device_end": 2254829.0162713793}, "cmdq": 0, "read": {"device_start": -1, "device_end": -1}}, "FFC_sans_bias55": {"write": {"device_start": 1585586989.2614858, "host_queued_start": 1585587054.687451, "device_queued": 1585586989.2612593, "device_end": 1585586989.261516, "host_queued_end": 1585587054.689765}, "device": "gpu", "nd_range": {"device_start": 1585586989.2615712, "device_end": 1585586989.2630346}, "cmdq": 3, "read": {"device_start": -1, "device_end": -1}}, "FFC_sans_bias54": {"write": {"device_start": 1585586989.2613926, "host_queued_start": 1585587054.686365, "device_queued": 1585586989.2612307, "device_end": 1585586989.2614357, "host_queued_end": 1585587054.689765}, "device": "gpu", "nd_range": {"device_start": 1585586989.261557, "device_end": 1585586989.262557}, "cmdq": 2, "read": {"device_start": -1, "device_end": -1}}, "FFC_sans_bias56": {"write": {"device_start": 1585586989.2613053, "host_queued_start": 1585587054.685302, "device_queued": 1585586989.2611978, "device_end": 1585586989.2613766, "host_queued_end": 1585587054.689765}, "device": "gpu", "nd_range": {"device_start": 1585586989.2615392, "device_end": 1585586989.2621431}, "cmdq": 1, "read": {"device_start": -1, "device_end": -1}}, "FFC_sans_bias51": {"write": {"device_start": -1, "host_queued_start": 1585587054.721943, "device_queued": -1, "device_end": -1, "host_queued_end": 1585587054.728018}, "device": "cpu", "nd_range": {"device_start": 2254829.0556520433, "device_end": 2254829.068859917}, "cmdq": 3, "read": {"device_start": -1, "device_end": -1}}, "softmax23": {"write": {"device_start": -1, "host_queued_start": 1585587054.719104, "device_queued": -1, "device_end": -1, "host_queued_end": 1585587054.728018}, "device": "cpu", "nd_range": {"device_start": 2254829.035056389, "device_end": 2254829.0352664473}, "cmdq": 2, "read": {"device_start": -1, "device_end": -1}}, "FFC_sans_bias37": {"write": {"device_start": -1, "host_queued_start": 1585587054.709943, "device_queued": -1, "device_end": -1, "host_queued_end": 1585587054.728018}, "device": "cpu", "nd_range": {"device_start": 2254828.96629673, "device_end": 2254828.981559607}, "cmdq": 3, "read": {"device_start": -1, "device_end": -1}}, "empty62": {"write": {"device_start": 1585586989.2612033, "host_queued_start": 1585587054.683956, "device_queued": 1585586989.2610795, "device_end": 1585586989.2612576, "host_queued_end": 1585587054.689765}, "device": "gpu", "nd_range": {"device_start": 1585586989.261265, "device_end": 1585586989.2612698}, "cmdq": 0, "read": {"device_start": -1, "device_end": -1}}, "FFC_sans_bias58": {"write": {"device_start": -1, "host_queued_start": 1585587054.688112, "device_queued": -1, "device_end": -1, "host_queued_end": 1585587054.689765}, "device": "gpu", "nd_range": {"device_start": 1585586989.2630515, "device_end": 1585586989.2636518}, "cmdq": 1, "read": {"device_start": -1, "device_end": -1}}, "softmax41": {"write": {"device_start": -1, "host_queued_start": 1585587054.719641, "device_queued": -1, "device_end": -1, "host_queued_end": 1585587054.728018}, "device": "cpu", "nd_range": {"device_start": 2254829.036708534, "device_end": 2254829.036915502}, "cmdq": 0, "read": {"device_start": -1, "device_end": -1}}, "FFC_sans_bias11": {"write": {"device_start": -1, "host_queued_start": 1585587054.701563, "device_queued": -1, "device_end": -1, "host_queued_end": 1585587054.728018}, "device": "cpu", "nd_range": {"device_start": 2254828.9336486473, "device_end": 2254828.949890628}, "cmdq": 3, "read": {"device_start": -1, "device_end": -1}}, "FFC_sans_bias10": {"write": {"device_start": -1, "host_queued_start": 1585587054.700516, "device_queued": -1, "device_end": -1, "host_queued_end": 1585587054.728018}, "device": "cpu", "nd_range": {"device_start": 2254828.948455639, "device_end": 2254828.9636642872}, "cmdq": 2, "read": {"device_start": -1, "device_end": -1}}, "coalesced_transpose3": {"write": {"device_start": -1, "host_queued_start": 1585587054.714451, "device_queued": -1, "device_end": -1, "host_queued_end": 1585587054.728018}, "device": "cpu", "nd_range": {"device_start": 2254829.0156380692, "device_end": 2254829.015893176}, "cmdq": 0, "read": {"device_start": -1, "device_end": -1}}, "FFC_sans_bias34": {"write": {"device_start": -1, "host_queued_start": 1585587054.725969, "device_queued": -1, "device_end": -1, "host_queued_end": 1585587054.728018}, "device": "cpu", "nd_range": {"device_start": 2254829.068868357, "device_end": 2254829.0840422153}, "cmdq": 3, "read": {"device_start": -1, "device_end": -1}}, "FFC_sans_bias15": {"write": {"device_start": -1, "host_queued_start": 1585587054.720587, "device_queued": -1, "device_end": -1, "host_queued_end": 1585587054.728018}, "device": "cpu", "nd_range": {"device_start": 2254829.038695421, "device_end": 2254829.055642704}, "cmdq": 3, "read": {"device_start": -1, "device_end": -1}}, "FFC_sans_bias31": {"write": {"device_start": -1, "host_queued_start": 1585587054.71761, "device_queued": -1, "device_end": -1, "host_queued_end": 1585587054.728018}, "device": "cpu", "nd_range": {"device_start": 2254829.014742821, "device_end": 2254829.027638413}, "cmdq": 1, "read": {"device_start": -1, "device_end": -1}}, "FFC_sans_bias16": {"write": {"device_start": -1, "host_queued_start": 1585587054.72398, "device_queued": -1, "device_end": -1, "host_queued_end": 1585587054.728018}, "device": "cpu", "nd_range": {"device_start": 2254829.060574308, "device_end": 2254829.0724936873}, "cmdq": 1, "read": {"device_start": -1, "device_end": -1}}, "FFC_sans_bias19": {"write": {"device_start": -1, "host_queued_start": 1585587054.703665, "device_queued": -1, "device_end": -1, "host_queued_end": 1585587054.728018}, "device": "cpu", "nd_range": {"device_start": 2254828.933544392, "device_end": 2254828.948963112}, "cmdq": 1, "read": {"device_start": -1, "device_end": -1}}, "FFC_sans_bias18": {"write": {"device_start": -1, "host_queued_start": 1585587054.702625, "device_queued": -1, "device_end": -1, "host_queued_end": 1585587054.728018}, "device": "cpu", "nd_range": {"device_start": 2254828.980114898, "device_end": 2254828.99546646}, "cmdq": 0, "read": {"device_start": -1, "device_end": -1}}, "coalesced_transpose30": {"write": {"device_start": -1, "host_queued_start": 1585587054.715573, "device_queued": -1, "device_end": -1, "host_queued_end": 1585587054.728018}, "device": "cpu", "nd_range": {"device_start": 2254829.006909164, "device_end": 2254829.007103188}, "cmdq": 3, "read": {"device_start": -1, "device_end": -1}}, "FFC_sans_bias38": {"write": {"device_start": -1, "host_queued_start": 1585587054.711009, "device_queued": -1, "device_end": -1, "host_queued_end": 1585587054.728018}, "device": "cpu", "nd_range": {"device_start": 2254829.0068855803, "device_end": 2254829.0155170653}, "cmdq": 0, "read": {"device_start": -1, "device_end": -1}}, "coalesced_transpose57": {"write": {"device_start": -1, "host_queued_start": 1585587054.687798, "device_queued": -1, "device_end": -1, "host_queued_end": 1585587054.689765}, "device": "gpu", "nd_range": {"device_start": 1585586989.2630367, "device_end": 1585586989.2630475}, "cmdq": 0, "read": {"device_start": -1, "device_end": -1}}, "empty26": {"write": {"device_start": -1, "host_queued_start": 1585587054.692829, "device_queued": -1, "device_end": -1, "host_queued_end": 1585587054.728018}, "device": "cpu", "nd_range": {"device_start": 2254828.9332291014, "device_end": 2254828.9332319372}, "cmdq": 2, "read": {"device_start": -1, "device_end": -1}}, "coalesced_transpose12": {"write": {"device_start": -1, "host_queued_start": 1585587054.714906, "device_queued": -1, "device_end": -1, "host_queued_end": 1585587054.728018}, "device": "cpu", "nd_range": {"device_start": 2254828.979754148, "device_end": 2254828.979997022}, "cmdq": 1, "read": {"device_start": -1, "device_end": -1}}, "empty44": {"write": {"device_start": -1, "host_queued_start": 1585587054.694546, "device_queued": -1, "device_end": -1, "host_queued_end": 1585587054.728018}, "device": "cpu", "nd_range": {"device_start": 2254828.917669986, "device_end": 2254828.917671026}, "cmdq": 0, "read": {"device_start": -1, "device_end": -1}}, "coalesced_transpose21": {"write": {"device_start": -1, "host_queued_start": 1585587054.715235, "device_queued": -1, "device_end": -1, "host_queued_end": 1585587054.728018}, "device": "cpu", "nd_range": {"device_start": 2254829.004055983, "device_end": 2254829.0043107783}, "cmdq": 2, "read": {"device_start": -1, "device_end": -1}}, "FFC_sans_bias36": {"write": {"device_start": -1, "host_queued_start": 1585587054.70891, "device_queued": -1, "device_end": -1, "host_queued_end": 1585587054.728018}, "device": "cpu", "nd_range": {"device_start": 2254828.979139603, "device_end": 2254828.994319741}, "cmdq": 2, "read": {"device_start": -1, "device_end": -1}}, "softmax14": {"write": {"device_start": -1, "host_queued_start": 1585587054.718836, "device_queued": -1, "device_end": -1, "host_queued_end": 1585587054.728018}, "device": "cpu", "nd_range": {"device_start": 2254829.030157242, "device_end": 2254829.0303820954}, "cmdq": 1, "read": {"device_start": -1, "device_end": -1}}, "FFC_sans_bias13": {"write": {"device_start": -1, "host_queued_start": 1585587054.716936, "device_queued": -1, "device_end": -1, "host_queued_end": 1585587054.728018}, "device": "cpu", "nd_range": {"device_start": 2254829.007244403, "device_end": 2254829.0282934783}, "cmdq": 3, "read": {"device_start": -1, "device_end": -1}}, "empty8": {"write": {"device_start": -1, "host_queued_start": 1585587054.691058, "device_queued": -1, "device_end": -1, "host_queued_end": 1585587054.728018}, "device": "cpu", "nd_range": {"device_start": 2254828.917642311, "device_end": 2254828.917650933}, "cmdq": 0, "read": {"device_start": -1, "device_end": -1}}, "FFC_sans_bias42": {"write": {"device_start": -1, "host_queued_start": 1585587054.721601, "device_queued": -1, "device_end": -1, "host_queued_end": 1585587054.728018}, "device": "cpu", "nd_range": {"device_start": 2254829.060343462, "device_end": 2254829.080408165}, "cmdq": 2, "read": {"device_start": -1, "device_end": -1}}, "FFC_sans_bias43": {"write": {"device_start": -1, "host_queued_start": 1585587054.726963, "device_queued": -1, "device_end": -1, "host_queued_end": 1585587054.728018}, "device": "cpu", "nd_range": {"device_start": 2254829.081950475, "device_end": 2254829.091755202}, "cmdq": 0, "read": {"device_start": -1, "device_end": -1}}, "FFC_sans_bias40": {"write": {"device_start": -1, "host_queued_start": 1585587054.717947, "device_queued": -1, "device_end": -1, "host_queued_end": 1585587054.728018}, "device": "cpu", "nd_range": {"device_start": 2254829.027675618, "device_end": 2254829.0350446682}, "cmdq": 2, "read": {"device_start": -1, "device_end": -1}}, "softmax32": {"write": {"device_start": -1, "host_queued_start": 1585587054.719372, "device_queued": -1, "device_end": -1, "host_queued_end": 1585587054.728018}, "device": "cpu", "nd_range": {"device_start": 2254829.0384720913, "device_end": 2254829.038688601}, "cmdq": 3, "read": {"device_start": -1, "device_end": -1}}, "FFC_sans_bias47": {"write": {"device_start": -1, "host_queued_start": 1585587054.714122, "device_queued": -1, "device_end": -1, "host_queued_end": 1585587054.728018}, "device": "cpu", "nd_range": {"device_start": 2254828.981676869, "device_end": 2254828.997936525}, "cmdq": 3, "read": {"device_start": -1, "device_end": -1}}, "FFC_sans_bias45": {"write": {"device_start": -1, "host_queued_start": 1585587054.712048, "device_queued": -1, "device_end": -1, "host_queued_end": 1585587054.728018}, "device": "cpu", "nd_range": {"device_start": 2254828.964448383, "device_end": 2254828.9796381453}, "cmdq": 1, "read": {"device_start": -1, "device_end": -1}}, "softmax50": {"write": {"device_start": -1, "host_queued_start": 1585587054.71991, "device_queued": -1, "device_end": -1, "host_queued_end": 1585587054.728018}, "device": "cpu", "nd_range": {"device_start": 2254829.0421752064, "device_end": 2254829.042384039}, "cmdq": 1, "read": {"device_start": -1, "device_end": -1}}, "FFC_sans_bias33": {"write": {"device_start": -1, "host_queued_start": 1585587054.721261, "device_queued": -1, "device_end": -1, "host_queued_end": 1585587054.728018}, "device": "cpu", "nd_range": {"device_start": 2254829.042395012, "device_end": 2254829.060566789}, "cmdq": 1, "read": {"device_start": -1, "device_end": -1}}, "FFC_sans_bias49": {"write": {"device_start": -1, "host_queued_start": 1585587054.718284, "device_queued": -1, "device_end": -1, "host_queued_end": 1585587054.728018}, "device": "cpu", "nd_range": {"device_start": 2254829.02842743, "device_end": 2254829.0384622454}, "cmdq": 3, "read": {"device_start": -1, "device_end": -1}}, "FFC_sans_bias24": {"write": {"device_start": -1, "host_queued_start": 1585587054.720925, "device_queued": -1, "device_end": -1, "host_queued_end": 1585587054.728018}, "device": "cpu", "nd_range": {"device_start": 2254829.037025919, "device_end": 2254829.0525727742}, "cmdq": 0, "read": {"device_start": -1, "device_end": -1}}, "FFC_sans_bias25": {"write": {"device_start": -1, "host_queued_start": 1585587054.724985, "device_queued": -1, "device_end": -1, "host_queued_end": 1585587054.728018}, "device": "cpu", "nd_range": {"device_start": 2254829.08041699, "device_end": 2254829.092025681}, "cmdq": 2, "read": {"device_start": -1, "device_end": -1}}, "FFC_sans_bias27": {"write": {"device_start": -1, "host_queued_start": 1585587054.705751, "device_queued": -1, "device_end": -1, "host_queued_end": 1585587054.728018}, "device": "cpu", "nd_range": {"device_start": 2254828.950006172, "device_end": 2254828.966175672}, "cmdq": 3, "read": {"device_start": -1, "device_end": -1}}, "FFC_sans_bias20": {"write": {"device_start": -1, "host_queued_start": 1585587054.704708, "device_queued": -1, "device_end": -1, "host_queued_end": 1585587054.728018}, "device": "cpu", "nd_range": {"device_start": 2254828.96378606, "device_end": 2254828.979013467}, "cmdq": 2, "read": {"device_start": -1, "device_end": -1}}, "FFC_sans_bias22": {"write": {"device_start": -1, "host_queued_start": 1585587054.717274, "device_queued": -1, "device_end": -1, "host_queued_end": 1585587054.728018}, "device": "cpu", "nd_range": {"device_start": 2254829.016384149, "device_end": 2254829.030764793}, "cmdq": 0, "read": {"device_start": -1, "device_end": -1}}, "softmax5": {"write": {"device_start": -1, "host_queued_start": 1585587054.718556, "device_queued": -1, "device_end": -1, "host_queued_end": 1585587054.728018}, "device": "cpu", "nd_range": {"device_start": 2254829.0308801583, "device_end": 2254829.0310890493}, "cmdq": 0, "read": {"device_start": -1, "device_end": -1}}, "FFC_sans_bias28": {"write": {"device_start": -1, "host_queued_start": 1585587054.706826, "device_queued": -1, "device_end": -1, "host_queued_end": 1585587054.728018}, "device": "cpu", "nd_range": {"device_start": 2254828.995589625, "device_end": 2254829.0068644183}, "cmdq": 0, "read": {"device_start": -1, "device_end": -1}}, "FFC_sans_bias29": {"write": {"device_start": -1, "host_queued_start": 1585587054.707869, "device_queued": -1, "device_end": -1, "host_queued_end": 1585587054.728018}, "device": "cpu", "nd_range": {"device_start": 2254828.949079391, "device_end": 2254828.964335252}, "cmdq": 1, "read": {"device_start": -1, "device_end": -1}}, "empty17": {"write": {"device_start": -1, "host_queued_start": 1585587054.691951, "device_queued": -1, "device_end": -1, "host_queued_end": 1585587054.728018}, "device": "cpu", "nd_range": {"device_start": 2254828.9176422562, "device_end": 2254828.9176509073}, "cmdq": 1, "read": {"device_start": -1, "device_end": -1}}, "softmax59": {"write": {"device_start": -1, "host_queued_start": 1585587054.688358, "device_queued": -1, "device_end": -1, "host_queued_end": 1585587054.689765}, "device": "gpu", "nd_range": {"device_start": 1585586989.2636585, "device_end": 1585586989.2638514}, "cmdq": 2, "read": {"device_start": -1, "device_end": -1}}, "empty35": {"write": {"device_start": -1, "host_queued_start": 1585587054.693663, "device_queued": -1, "device_end": -1, "host_queued_end": 1585587054.728018}, "device": "cpu", "nd_range": {"device_start": 2254828.9178240662, "device_end": 2254828.9178284802}, "cmdq": 3, "read": {"device_start": -1, "device_end": -1}}, "empty53": {"write": {"device_start": -1, "host_queued_start": 1585587054.695376, "device_queued": -1, "device_end": -1, "host_queued_end": 1585587054.728018}, "device": "cpu", "nd_range": {"device_start": 2254828.917669733, "device_end": 2254828.9176707603}, "cmdq": 1, "read": {"device_start": -1, "device_end": -1}}, "FFC_sans_bias46": {"write": {"device_start": -1, "host_queued_start": 1585587054.713083, "device_queued": -1, "device_end": -1, "host_queued_end": 1585587054.728018}, "device": "cpu", "nd_range": {"device_start": 2254828.994445824, "device_end": 2254829.003927078}, "cmdq": 2, "read": {"device_start": -1, "device_end": -1}}, "coalesced_transpose48": {"write": {"device_start": -1, "host_queued_start": 1585587054.716236, "device_queued": -1, "device_end": -1, "host_queued_end": 1585587054.728018}, "device": "cpu", "nd_range": {"device_start": 2254829.004422387, "device_end": 2254829.00465991}, "cmdq": 1, "read": {"device_start": -1, "device_end": -1}}}