{"FFC_sans_bias60": {"write": {"device_start": -1, "host_queued_start": 1585586781.61645, "device_queued": -1, "device_end": -1, "host_queued_end": 1585586781.620702}, "device": "gpu", "nd_range": {"device_start": 1585586716.2091947, "device_end": 1585586716.2101877}, "cmdq": 1, "read": {"device_start": -1, "device_end": -1}}, "FFC_sans_bias4": {"write": {"device_start": -1, "host_queued_start": 1585586781.635951, "device_queued": -1, "device_end": -1, "host_queued_end": 1585586781.6416}, "device": "cpu", "nd_range": {"device_start": 2254555.875323357, "device_end": 2254555.881990964}, "cmdq": 1, "read": {"device_start": -1, "device_end": -1}}, "FFC_sans_bias7": {"write": {"device_start": -1, "host_queued_start": 1585586781.639521, "device_queued": -1, "device_end": -1, "host_queued_end": 1585586781.6416}, "device": "cpu", "nd_range": {"device_start": 2254555.907406643, "device_end": 2254555.915966459}, "cmdq": 0, "read": {"device_start": -1, "device_end": -1}}, "FFC_sans_bias6": {"write": {"device_start": -1, "host_queued_start": 1585586781.63778, "device_queued": -1, "device_end": -1, "host_queued_end": 1585586781.6416}, "device": "cpu", "nd_range": {"device_start": 2254555.892937735, "device_end": 2254555.900549861}, "cmdq": 1, "read": {"device_start": -1, "device_end": -1}}, "FFC_sans_bias1": {"write": {"device_start": -1, "host_queued_start": 1585586781.626562, "device_queued": -1, "device_end": -1, "host_queued_end": 1585586781.6416}, "device": "cpu", "nd_range": {"device_start": 2254555.831233064, "device_end": 2254555.839097847}, "cmdq": 0, "read": {"device_start": -1, "device_end": -1}}, "FFC_sans_bias0": {"write": {"device_start": -1, "host_queued_start": 1585586781.625323, "device_queued": -1, "device_end": -1, "host_queued_end": 1585586781.6416}, "device": "cpu", "nd_range": {"device_start": 2254555.831226965, "device_end": 2254555.8402997}, "cmdq": 1, "read": {"device_start": -1, "device_end": -1}}, "FFC_sans_bias2": {"write": {"device_start": -1, "host_queued_start": 1585586781.627733, "device_queued": -1, "device_end": -1, "host_queued_end": 1585586781.6416}, "device": "cpu", "nd_range": {"device_start": 2254555.841250157, "device_end": 2254555.848368192}, "cmdq": 1, "read": {"device_start": -1, "device_end": -1}}, "FFC_sans_bias61": {"write": {"device_start": 1585586716.2114484, "host_queued_start": 1585586781.6206, "device_queued": 1585586716.2023108, "device_end": 1585586716.2114856, "host_queued_end": 1585586781.620702}, "device": "gpu", "nd_range": {"device_start": 1585586716.211488, "device_end": 1585586716.2121582}, "cmdq": 1, "read": {"device_start": 1585586716.2121673, "device_end": 1585586716.2121894}}, "FFC_sans_bias52": {"write": {"device_start": 1585586716.2109947, "host_queued_start": 1585586781.619563, "device_queued": 1585586716.2022555, "device_end": 1585586716.211026, "host_queued_end": 1585586781.620702}, "device": "gpu", "nd_range": {"device_start": 1585586716.211031, "device_end": 1585586716.2116866}, "cmdq": 0, "read": {"device_start": 1585586716.2116916, "device_end": 1585586716.2117155}}, "FFC_sans_bias9": {"write": {"device_start": -1, "host_queued_start": 1585586781.628776, "device_queued": -1, "device_end": -1, "host_queued_end": 1585586781.6416}, "device": "cpu", "nd_range": {"device_start": 2254555.839197801, "device_end": 2254555.8449013242}, "cmdq": 0, "read": {"device_start": -1, "device_end": -1}}, "coalesced_transpose39": {"write": {"device_start": -1, "host_queued_start": 1585586781.612253, "device_queued": -1, "device_end": -1, "host_queued_end": 1585586781.620702}, "device": "gpu", "nd_range": {"device_start": 1585586716.2060027, "device_end": 1585586716.2062953}, "cmdq": 1, "read": {"device_start": -1, "device_end": -1}}, "FFC_sans_bias55": {"write": {"device_start": 1585586716.2051394, "host_queued_start": 1585586781.611618, "device_queued": 1585586716.201012, "device_end": 1585586716.2051709, "host_queued_end": 1585586781.620702}, "device": "gpu", "nd_range": {"device_start": 1585586716.2051759, "device_end": 1585586716.2059991}, "cmdq": 1, "read": {"device_start": -1, "device_end": -1}}, "FFC_sans_bias54": {"write": {"device_start": 1585586716.204622, "host_queued_start": 1585586781.610541, "device_queued": 1585586716.2009642, "device_end": 1585586716.2046478, "host_queued_end": 1585586781.620702}, "device": "gpu", "nd_range": {"device_start": 1585586716.2046514, "device_end": 1585586716.2054636}, "cmdq": 0, "read": {"device_start": -1, "device_end": -1}}, "FFC_sans_bias56": {"write": {"device_start": 1585586716.204176, "host_queued_start": 1585586781.609511, "device_queued": 1585586716.2007258, "device_end": 1585586716.2042081, "host_queued_end": 1585586781.620702}, "device": "gpu", "nd_range": {"device_start": 1585586716.2042139, "device_end": 1585586716.2050264}, "cmdq": 1, "read": {"device_start": -1, "device_end": -1}}, "FFC_sans_bias51": {"write": {"device_start": -1, "host_queued_start": 1585586781.616131, "device_queued": -1, "device_end": -1, "host_queued_end": 1585586781.620702}, "device": "gpu", "nd_range": {"device_start": 1585586716.2087924, "device_end": 1585586716.2097712}, "cmdq": 0, "read": {"device_start": -1, "device_end": -1}}, "softmax23": {"write": {"device_start": -1, "host_queued_start": 1585586781.637445, "device_queued": -1, "device_end": -1, "host_queued_end": 1585586781.6416}, "device": "cpu", "nd_range": {"device_start": 2254555.892918027, "device_end": 2254555.893082555}, "cmdq": 0, "read": {"device_start": -1, "device_end": -1}}, "FFC_sans_bias37": {"write": {"device_start": 1585586716.2017286, "host_queued_start": 1585586781.604305, "device_queued": 1585586716.2002497, "device_end": 1585586716.201755, "host_queued_end": 1585586781.620702}, "device": "gpu", "nd_range": {"device_start": 1585586716.2017596, "device_end": 1585586716.2025795}, "cmdq": 0, "read": {"device_start": -1, "device_end": -1}}, "empty62": {"write": {"device_start": 1585586716.1998515, "host_queued_start": 1585586781.599094, "device_queued": 1585586716.1995647, "device_end": 1585586716.1998775, "host_queued_end": 1585586781.620702}, "device": "gpu", "nd_range": {"device_start": 1585586716.1998813, "device_end": 1585586716.1998854}, "cmdq": 1, "read": {"device_start": -1, "device_end": -1}}, "FFC_sans_bias58": {"write": {"device_start": -1, "host_queued_start": 1585586781.614166, "device_queued": -1, "device_end": -1, "host_queued_end": 1585586781.620702}, "device": "gpu", "nd_range": {"device_start": 1585586716.20693, "device_end": 1585586716.2079146}, "cmdq": 1, "read": {"device_start": -1, "device_end": -1}}, "softmax41": {"write": {"device_start": -1, "host_queued_start": 1585586781.61469, "device_queued": -1, "device_end": -1, "host_queued_end": 1585586781.620702}, "device": "gpu", "nd_range": {"device_start": 1585586716.2079155, "device_end": 1585586716.2081263}, "cmdq": 1, "read": {"device_start": -1, "device_end": -1}}, "FFC_sans_bias11": {"write": {"device_start": -1, "host_queued_start": 1585586781.630999, "device_queued": -1, "device_end": -1, "host_queued_end": 1585586781.6416}, "device": "cpu", "nd_range": {"device_start": 2254555.846436141, "device_end": 2254555.853094703}, "cmdq": 0, "read": {"device_start": -1, "device_end": -1}}, "FFC_sans_bias10": {"write": {"device_start": -1, "host_queued_start": 1585586781.62991, "device_queued": -1, "device_end": -1, "host_queued_end": 1585586781.6416}, "device": "cpu", "nd_range": {"device_start": 2254555.848500914, "device_end": 2254555.85599324}, "cmdq": 1, "read": {"device_start": -1, "device_end": -1}}, "coalesced_transpose3": {"write": {"device_start": -1, "host_queued_start": 1585586781.634954, "device_queued": -1, "device_end": -1, "host_queued_end": 1585586781.6416}, "device": "cpu", "nd_range": {"device_start": 2254555.8751910264, "device_end": 2254555.8753130073}, "cmdq": 0, "read": {"device_start": -1, "device_end": -1}}, "FFC_sans_bias34": {"write": {"device_start": 1585586716.2099144, "host_queued_start": 1585586781.617464, "device_queued": 1585586716.2019396, "device_end": 1585586716.2099457, "host_queued_end": 1585586781.620702}, "device": "gpu", "nd_range": {"device_start": 1585586716.2099488, "device_end": 1585586716.2107408}, "cmdq": 0, "read": {"device_start": 1585586716.2107503, "device_end": 1585586716.2107747}}, "FFC_sans_bias15": {"write": {"device_start": -1, "host_queued_start": 1585586781.638126, "device_queued": -1, "device_end": -1, "host_queued_end": 1585586781.6416}, "device": "cpu", "nd_range": {"device_start": 2254555.893088793, "device_end": 2254555.9073869}, "cmdq": 0, "read": {"device_start": -1, "device_end": -1}}, "FFC_sans_bias31": {"write": {"device_start": -1, "host_queued_start": 1585586781.613182, "device_queued": -1, "device_end": -1, "host_queued_end": 1585586781.620702}, "device": "gpu", "nd_range": {"device_start": 1585586716.2058735, "device_end": 1585586716.2064734}, "cmdq": 0, "read": {"device_start": -1, "device_end": -1}}, "FFC_sans_bias16": {"write": {"device_start": -1, "host_queued_start": 1585586781.640542, "device_queued": -1, "device_end": -1, "host_queued_end": 1585586781.6416}, "device": "cpu", "nd_range": {"device_start": 2254555.9074289873, "device_end": 2254555.9179808893}, "cmdq": 1, "read": {"device_start": -1, "device_end": -1}}, "FFC_sans_bias19": {"write": {"device_start": -1, "host_queued_start": 1585586781.633445, "device_queued": -1, "device_end": -1, "host_queued_end": 1585586781.6416}, "device": "cpu", "nd_range": {"device_start": 2254555.8598779594, "device_end": 2254555.867474106}, "cmdq": 0, "read": {"device_start": -1, "device_end": -1}}, "FFC_sans_bias18": {"write": {"device_start": -1, "host_queued_start": 1585586781.632179, "device_queued": -1, "device_end": -1, "host_queued_end": 1585586781.6416}, "device": "cpu", "nd_range": {"device_start": 2254555.856119521, "device_end": 2254555.863724255}, "cmdq": 1, "read": {"device_start": -1, "device_end": -1}}, "coalesced_transpose30": {"write": {"device_start": -1, "host_queued_start": 1585586781.611947, "device_queued": -1, "device_end": -1, "host_queued_end": 1585586781.620702}, "device": "gpu", "nd_range": {"device_start": 1585586716.2054656, "device_end": 1585586716.2058527}, "cmdq": 0, "read": {"device_start": -1, "device_end": -1}}, "FFC_sans_bias38": {"write": {"device_start": 1585586716.2021992, "host_queued_start": 1585586781.605348, "device_queued": 1585586716.2002945, "device_end": 1585586716.202227, "host_queued_end": 1585586781.620702}, "device": "gpu", "nd_range": {"device_start": 1585586716.2022336, "device_end": 1585586716.203051}, "cmdq": 1, "read": {"device_start": -1, "device_end": -1}}, "coalesced_transpose57": {"write": {"device_start": -1, "host_queued_start": 1585586781.61285, "device_queued": -1, "device_end": -1, "host_queued_end": 1585586781.620702}, "device": "gpu", "nd_range": {"device_start": 1585586716.2062967, "device_end": 1585586716.2063136}, "cmdq": 1, "read": {"device_start": -1, "device_end": -1}}, "empty26": {"write": {"device_start": -1, "host_queued_start": 1585586781.624261, "device_queued": -1, "device_end": -1, "host_queued_end": 1585586781.6416}, "device": "cpu", "nd_range": {"device_start": 2254555.831225749, "device_end": 2254555.831226711}, "cmdq": 0, "read": {"device_start": -1, "device_end": -1}}, "coalesced_transpose12": {"write": {"device_start": -1, "host_queued_start": 1585586781.635285, "device_queued": -1, "device_end": -1, "host_queued_end": 1585586781.6416}, "device": "cpu", "nd_range": {"device_start": 2254555.8689990113, "device_end": 2254555.869151941}, "cmdq": 1, "read": {"device_start": -1, "device_end": -1}}, "empty44": {"write": {"device_start": 1585586716.1996493, "host_queued_start": 1585586781.597323, "device_queued": 1585586716.199478, "device_end": 1585586716.1997297, "host_queued_end": 1585586781.620702}, "device": "gpu", "nd_range": {"device_start": 1585586716.199735, "device_end": 1585586716.1997395}, "cmdq": 1, "read": {"device_start": -1, "device_end": -1}}, "coalesced_transpose21": {"write": {"device_start": -1, "host_queued_start": 1585586781.635609, "device_queued": -1, "device_end": -1, "host_queued_end": 1585586781.6416}, "device": "cpu", "nd_range": {"device_start": 2254555.87532641, "device_end": 2254555.875670004}, "cmdq": 0, "read": {"device_start": -1, "device_end": -1}}, "FFC_sans_bias36": {"write": {"device_start": 1585586716.2011955, "host_queued_start": 1585586781.603276, "device_queued": 1585586716.2001026, "device_end": 1585586716.2012215, "host_queued_end": 1585586781.620702}, "device": "gpu", "nd_range": {"device_start": 1585586716.2012267, "device_end": 1585586716.2020574}, "cmdq": 1, "read": {"device_start": -1, "device_end": -1}}, "softmax14": {"write": {"device_start": -1, "host_queued_start": 1585586781.637176, "device_queued": -1, "device_end": -1, "host_queued_end": 1585586781.6416}, "device": "cpu", "nd_range": {"device_start": 2254555.892370771, "device_end": 2254555.8925749743}, "cmdq": 1, "read": {"device_start": -1, "device_end": -1}}, "FFC_sans_bias13": {"write": {"device_start": -1, "host_queued_start": 1585586781.636294, "device_queued": -1, "device_end": -1, "host_queued_end": 1585586781.6416}, "device": "cpu", "nd_range": {"device_start": 2254555.875796774, "device_end": 2254555.8923479}, "cmdq": 0, "read": {"device_start": -1, "device_end": -1}}, "empty8": {"write": {"device_start": -1, "host_queued_start": 1585586781.622149, "device_queued": -1, "device_end": -1, "host_queued_end": 1585586781.6416}, "device": "cpu", "nd_range": {"device_start": 2254555.831194609, "device_end": 2254555.83120728}, "cmdq": 0, "read": {"device_start": -1, "device_end": -1}}, "FFC_sans_bias42": {"write": {"device_start": -1, "host_queued_start": 1585586781.615815, "device_queued": -1, "device_end": -1, "host_queued_end": 1585586781.620702}, "device": "gpu", "nd_range": {"device_start": 1585586716.2084491, "device_end": 1585586716.2091935}, "cmdq": 1, "read": {"device_start": -1, "device_end": -1}}, "FFC_sans_bias43": {"write": {"device_start": 1585586716.2103167, "host_queued_start": 1585586781.618515, "device_queued": 1585586716.2019765, "device_end": 1585586716.2103481, "host_queued_end": 1585586781.620702}, "device": "gpu", "nd_range": {"device_start": 1585586716.2103522, "device_end": 1585586716.211182}, "cmdq": 1, "read": {"device_start": 1585586716.2111871, "device_end": 1585586716.2112145}}, "FFC_sans_bias40": {"write": {"device_start": -1, "host_queued_start": 1585586781.613514, "device_queued": -1, "device_end": -1, "host_queued_end": 1585586781.620702}, "device": "gpu", "nd_range": {"device_start": 1585586716.2063148, "device_end": 1585586716.2069283}, "cmdq": 1, "read": {"device_start": -1, "device_end": -1}}, "softmax32": {"write": {"device_start": -1, "host_queued_start": 1585586781.614414, "device_queued": -1, "device_end": -1, "host_queued_end": 1585586781.620702}, "device": "gpu", "nd_range": {"device_start": 1585586716.2074556, "device_end": 1585586716.207973}, "cmdq": 0, "read": {"device_start": -1, "device_end": -1}}, "FFC_sans_bias47": {"write": {"device_start": 1585586716.2036386, "host_queued_start": 1585586781.608482, "device_queued": 1585586716.2006466, "device_end": 1585586716.203664, "host_queued_end": 1585586781.620702}, "device": "gpu", "nd_range": {"device_start": 1585586716.2036688, "device_end": 1585586716.2044952}, "cmdq": 0, "read": {"device_start": -1, "device_end": -1}}, "FFC_sans_bias45": {"write": {"device_start": 1585586716.2027006, "host_queued_start": 1585586781.606378, "device_queued": 1585586716.200448, "device_end": 1585586716.2027266, "host_queued_end": 1585586781.620702}, "device": "gpu", "nd_range": {"device_start": 1585586716.2027304, "device_end": 1585586716.203527}, "cmdq": 0, "read": {"device_start": -1, "device_end": -1}}, "softmax50": {"write": {"device_start": -1, "host_queued_start": 1585586781.614939, "device_queued": -1, "device_end": -1, "host_queued_end": 1585586781.620702}, "device": "gpu", "nd_range": {"device_start": 1585586716.207974, "device_end": 1585586716.208184}, "cmdq": 0, "read": {"device_start": -1, "device_end": -1}}, "FFC_sans_bias33": {"write": {"device_start": -1, "host_queued_start": 1585586781.6155, "device_queued": -1, "device_end": -1, "host_queued_end": 1585586781.620702}, "device": "gpu", "nd_range": {"device_start": 1585586716.208185, "device_end": 1585586716.2087913}, "cmdq": 0, "read": {"device_start": -1, "device_end": -1}}, "FFC_sans_bias49": {"write": {"device_start": -1, "host_queued_start": 1585586781.613849, "device_queued": -1, "device_end": -1, "host_queued_end": 1585586781.620702}, "device": "gpu", "nd_range": {"device_start": 1585586716.2064743, "device_end": 1585586716.2074542}, "cmdq": 0, "read": {"device_start": -1, "device_end": -1}}, "FFC_sans_bias24": {"write": {"device_start": -1, "host_queued_start": 1585586781.638461, "device_queued": -1, "device_end": -1, "host_queued_end": 1585586781.6416}, "device": "cpu", "nd_range": {"device_start": 2254555.9006896853, "device_end": 2254555.906465709}, "cmdq": 1, "read": {"device_start": -1, "device_end": -1}}, "FFC_sans_bias25": {"write": {"device_start": -1, "host_queued_start": 1585586781.641557, "device_queued": -1, "device_end": -1, "host_queued_end": 1585586781.6416}, "device": "cpu", "nd_range": {"device_start": 2254555.92197651, "device_end": 2254555.9272301323}, "cmdq": 0, "read": {"device_start": -1, "device_end": -1}}, "FFC_sans_bias27": {"write": {"device_start": 1585586716.1999674, "host_queued_start": 1585586781.600062, "device_queued": 1585586716.1997433, "device_end": 1585586716.2000477, "host_queued_end": 1585586781.620702}, "device": "gpu", "nd_range": {"device_start": 1585586716.200051, "device_end": 1585586716.2006557}, "cmdq": 0, "read": {"device_start": -1, "device_end": -1}}, "FFC_sans_bias20": {"write": {"device_start": -1, "host_queued_start": 1585586781.634616, "device_queued": -1, "device_end": -1, "host_queued_end": 1585586781.6416}, "device": "cpu", "nd_range": {"device_start": 2254555.863731728, "device_end": 2254555.8689936283}, "cmdq": 1, "read": {"device_start": -1, "device_end": -1}}, "FFC_sans_bias22": {"write": {"device_start": -1, "host_queued_start": 1585586781.636631, "device_queued": -1, "device_end": -1, "host_queued_end": 1585586781.6416}, "device": "cpu", "nd_range": {"device_start": 2254555.882283186, "device_end": 2254555.892348234}, "cmdq": 1, "read": {"device_start": -1, "device_end": -1}}, "softmax5": {"write": {"device_start": -1, "host_queued_start": 1585586781.636903, "device_queued": -1, "device_end": -1, "host_queued_end": 1585586781.6416}, "device": "cpu", "nd_range": {"device_start": 2254555.892355033, "device_end": 2254555.892899442}, "cmdq": 0, "read": {"device_start": -1, "device_end": -1}}, "FFC_sans_bias28": {"write": {"device_start": 1585586716.2000675, "host_queued_start": 1585586781.601134, "device_queued": 1585586716.1997938, "device_end": 1585586716.2000968, "host_queued_end": 1585586781.620702}, "device": "gpu", "nd_range": {"device_start": 1585586716.2001002, "device_end": 1585586716.2010586}, "cmdq": 1, "read": {"device_start": -1, "device_end": -1}}, "FFC_sans_bias29": {"write": {"device_start": 1585586716.2007947, "host_queued_start": 1585586781.602179, "device_queued": 1585586716.2000632, "device_end": 1585586716.2008247, "host_queued_end": 1585586781.620702}, "device": "gpu", "nd_range": {"device_start": 1585586716.2008276, "device_end": 1585586716.201613}, "cmdq": 0, "read": {"device_start": -1, "device_end": -1}}, "empty17": {"write": {"device_start": -1, "host_queued_start": 1585586781.623292, "device_queued": -1, "device_end": -1, "host_queued_end": 1585586781.6416}, "device": "cpu", "nd_range": {"device_start": 2254555.8311946583, "device_end": 2254555.83120724}, "cmdq": 1, "read": {"device_start": -1, "device_end": -1}}, "softmax59": {"write": {"device_start": -1, "host_queued_start": 1585586781.615188, "device_queued": -1, "device_end": -1, "host_queued_end": 1585586781.620702}, "device": "gpu", "nd_range": {"device_start": 1585586716.2081273, "device_end": 1585586716.2084482}, "cmdq": 1, "read": {"device_start": -1, "device_end": -1}}, "empty35": {"write": {"device_start": 1585586716.1995027, "host_queued_start": 1585586781.596123, "device_queued": 1585586716.1993613, "device_end": 1585586716.1995447, "host_queued_end": 1585586781.620702}, "device": "gpu", "nd_range": {"device_start": 1585586716.1995518, "device_end": 1585586716.1995575}, "cmdq": 0, "read": {"device_start": -1, "device_end": -1}}, "empty53": {"write": {"device_start": 1585586716.1997538, "host_queued_start": 1585586781.598238, "device_queued": 1585586716.199536, "device_end": 1585586716.1998398, "host_queued_end": 1585586781.620702}, "device": "gpu", "nd_range": {"device_start": 1585586716.1998515, "device_end": 1585586716.1998582}, "cmdq": 0, "read": {"device_start": -1, "device_end": -1}}, "FFC_sans_bias46": {"write": {"device_start": 1585586716.2031653, "host_queued_start": 1585586781.607444, "device_queued": 1585586716.2005029, "device_end": 1585586716.2031918, "host_queued_end": 1585586781.620702}, "device": "gpu", "nd_range": {"device_start": 1585586716.2031963, "device_end": 1585586716.2040503}, "cmdq": 1, "read": {"device_start": -1, "device_end": -1}}, "coalesced_transpose48": {"write": {"device_start": -1, "host_queued_start": 1585586781.612554, "device_queued": -1, "device_end": -1, "host_queued_end": 1585586781.620702}, "device": "gpu", "nd_range": {"device_start": 1585586716.205858, "device_end": 1585586716.2058723}, "cmdq": 0, "read": {"device_start": -1, "device_end": -1}}}