{"FFC_sans_bias60": {"write": {"device_start": -1, "host_queued_start": 1585586985.6261, "device_queued": -1, "device_end": -1, "host_queued_end": 1585586985.628315}, "device": "gpu", "nd_range": {"device_start": 1585586920.2063522, "device_end": 1585586920.207067}, "cmdq": 3, "read": {"device_start": -1, "device_end": -1}}, "FFC_sans_bias4": {"write": {"device_start": -1, "host_queued_start": 1585586985.651349, "device_queued": -1, "device_end": -1, "host_queued_end": 1585586985.661093}, "device": "cpu", "nd_range": {"device_start": 2254759.91899196, "device_end": 2254759.923040125}, "cmdq": 0, "read": {"device_start": -1, "device_end": -1}}, "FFC_sans_bias7": {"write": {"device_start": -1, "host_queued_start": 1585586985.656982, "device_queued": -1, "device_end": -1, "host_queued_end": 1585586985.661093}, "device": "cpu", "nd_range": {"device_start": 2254759.964873224, "device_end": 2254759.969406551}, "cmdq": 0, "read": {"device_start": -1, "device_end": -1}}, "FFC_sans_bias6": {"write": {"device_start": -1, "host_queued_start": 1585586985.654479, "device_queued": -1, "device_end": -1, "host_queued_end": 1585586985.661093}, "device": "cpu", "nd_range": {"device_start": 2254759.9419844532, "device_end": 2254759.9465064723}, "cmdq": 0, "read": {"device_start": -1, "device_end": -1}}, "FFC_sans_bias1": {"write": {"device_start": -1, "host_queued_start": 1585586985.635405, "device_queued": -1, "device_end": -1, "host_queued_end": 1585586985.661093}, "device": "cpu", "nd_range": {"device_start": 2254759.854807483, "device_end": 2254759.85886175}, "cmdq": 0, "read": {"device_start": -1, "device_end": -1}}, "FFC_sans_bias0": {"write": {"device_start": -1, "host_queued_start": 1585586985.634263, "device_queued": -1, "device_end": -1, "host_queued_end": 1585586985.661093}, "device": "cpu", "nd_range": {"device_start": 2254759.850710242, "device_end": 2254759.854790986}, "cmdq": 0, "read": {"device_start": -1, "device_end": -1}}, "FFC_sans_bias2": {"write": {"device_start": -1, "host_queued_start": 1585586985.636515, "device_queued": -1, "device_end": -1, "host_queued_end": 1585586985.661093}, "device": "cpu", "nd_range": {"device_start": 2254759.8588802093, "device_end": 2254759.862827854}, "cmdq": 0, "read": {"device_start": -1, "device_end": -1}}, "FFC_sans_bias61": {"write": {"device_start": 1585586920.2064636, "host_queued_start": 1585586985.628207, "device_queued": 1585586920.2030122, "device_end": 1585586920.2064946, "host_queued_end": 1585586985.628315}, "device": "gpu", "nd_range": {"device_start": 1585586920.2070706, "device_end": 1585586920.208052}, "cmdq": 1, "read": {"device_start": 1585586920.208054, "device_end": 1585586920.2080772}}, "FFC_sans_bias52": {"write": {"device_start": 1585586920.2061687, "host_queued_start": 1585586985.627157, "device_queued": 1585586920.2028627, "device_end": 1585586920.2062, "host_queued_end": 1585586985.628315}, "device": "gpu", "nd_range": {"device_start": 1585586920.2066708, "device_end": 1585586920.2076468}, "cmdq": 0, "read": {"device_start": 1585586920.2076552, "device_end": 1585586920.2076788}}, "FFC_sans_bias9": {"write": {"device_start": -1, "host_queued_start": 1585586985.63756, "device_queued": -1, "device_end": -1, "host_queued_end": 1585586985.661093}, "device": "cpu", "nd_range": {"device_start": 2254759.862834157, "device_end": 2254759.866812671}, "cmdq": 0, "read": {"device_start": -1, "device_end": -1}}, "coalesced_transpose39": {"write": {"device_start": -1, "host_queued_start": 1585586985.651004, "device_queued": -1, "device_end": -1, "host_queued_end": 1585586985.661093}, "device": "cpu", "nd_range": {"device_start": 2254759.9187835082, "device_end": 2254759.918886028}, "cmdq": 0, "read": {"device_start": -1, "device_end": -1}}, "FFC_sans_bias55": {"write": {"device_start": 1585586920.203106, "host_queued_start": 1585586985.623709, "device_queued": 1585586920.2022147, "device_end": 1585586920.2031305, "host_queued_end": 1585586985.628315}, "device": "gpu", "nd_range": {"device_start": 1585586920.2031355, "device_end": 1585586920.2049687}, "cmdq": 3, "read": {"device_start": -1, "device_end": -1}}, "FFC_sans_bias54": {"write": {"device_start": 1585586920.2027302, "host_queued_start": 1585586985.622677, "device_queued": 1585586920.2021956, "device_end": 1585586920.2027607, "host_queued_end": 1585586985.628315}, "device": "gpu", "nd_range": {"device_start": 1585586920.2027652, "device_end": 1585586920.2045374}, "cmdq": 2, "read": {"device_start": -1, "device_end": -1}}, "FFC_sans_bias56": {"write": {"device_start": 1585586920.2022634, "host_queued_start": 1585586985.621578, "device_queued": 1585586920.20217, "device_end": 1585586920.202294, "host_queued_end": 1585586985.628315}, "device": "gpu", "nd_range": {"device_start": 1585586920.2022984, "device_end": 1585586920.2039862}, "cmdq": 1, "read": {"device_start": -1, "device_end": -1}}, "FFC_sans_bias51": {"write": {"device_start": -1, "host_queued_start": 1585586985.625789, "device_queued": -1, "device_end": -1, "host_queued_end": 1585586985.628315}, "device": "gpu", "nd_range": {"device_start": 1585586920.2060556, "device_end": 1585586920.206667}, "cmdq": 2, "read": {"device_start": -1, "device_end": -1}}, "softmax23": {"write": {"device_start": -1, "host_queued_start": 1585586985.653594, "device_queued": -1, "device_end": -1, "host_queued_end": 1585586985.661093}, "device": "cpu", "nd_range": {"device_start": 2254759.9416296803, "device_end": 2254759.941744815}, "cmdq": 0, "read": {"device_start": -1, "device_end": -1}}, "FFC_sans_bias37": {"write": {"device_start": -1, "host_queued_start": 1585586985.648161, "device_queued": -1, "device_end": -1, "host_queued_end": 1585586985.661093}, "device": "cpu", "nd_range": {"device_start": 2254759.908050848, "device_end": 2254759.913071713}, "cmdq": 0, "read": {"device_start": -1, "device_end": -1}}, "empty62": {"write": {"device_start": 1585586920.2017603, "host_queued_start": 1585586985.617287, "device_queued": 1585586920.2016191, "device_end": 1585586920.2018228, "host_queued_end": 1585586985.628315}, "device": "gpu", "nd_range": {"device_start": 1585586920.2018263, "device_end": 1585586920.2018301}, "cmdq": 1, "read": {"device_start": -1, "device_end": -1}}, "FFC_sans_bias58": {"write": {"device_start": -1, "host_queued_start": 1585586985.624983, "device_queued": -1, "device_end": -1, "host_queued_end": 1585586985.628315}, "device": "gpu", "nd_range": {"device_start": 1585586920.204996, "device_end": 1585586920.2059925}, "cmdq": 3, "read": {"device_start": -1, "device_end": -1}}, "softmax41": {"write": {"device_start": -1, "host_queued_start": 1585586985.65414, "device_queued": -1, "device_end": -1, "host_queued_end": 1585586985.661093}, "device": "cpu", "nd_range": {"device_start": 2254759.941864869, "device_end": 2254759.941979104}, "cmdq": 0, "read": {"device_start": -1, "device_end": -1}}, "FFC_sans_bias11": {"write": {"device_start": -1, "host_queued_start": 1585586985.639696, "device_queued": -1, "device_end": -1, "host_queued_end": 1585586985.661093}, "device": "cpu", "nd_range": {"device_start": 2254759.871834752, "device_end": 2254759.876134797}, "cmdq": 0, "read": {"device_start": -1, "device_end": -1}}, "FFC_sans_bias10": {"write": {"device_start": -1, "host_queued_start": 1585586985.638641, "device_queued": -1, "device_end": -1, "host_queued_end": 1585586985.661093}, "device": "cpu", "nd_range": {"device_start": 2254759.866818198, "device_end": 2254759.871704454}, "cmdq": 0, "read": {"device_start": -1, "device_end": -1}}, "coalesced_transpose3": {"write": {"device_start": -1, "host_queued_start": 1585586985.649647, "device_queued": -1, "device_end": -1, "host_queued_end": 1585586985.661093}, "device": "cpu", "nd_range": {"device_start": 2254759.917731568, "device_end": 2254759.917909958}, "cmdq": 0, "read": {"device_start": -1, "device_end": -1}}, "FFC_sans_bias34": {"write": {"device_start": -1, "host_queued_start": 1585586985.660041, "device_queued": -1, "device_end": -1, "host_queued_end": 1585586985.661093}, "device": "cpu", "nd_range": {"device_start": 2254759.979349369, "device_end": 2254759.983650452}, "cmdq": 0, "read": {"device_start": -1, "device_end": -1}}, "FFC_sans_bias15": {"write": {"device_start": -1, "host_queued_start": 1585586985.654863, "device_queued": -1, "device_end": -1, "host_queued_end": 1585586985.661093}, "device": "cpu", "nd_range": {"device_start": 2254759.9465121673, "device_end": 2254759.951257441}, "cmdq": 0, "read": {"device_start": -1, "device_end": -1}}, "FFC_sans_bias31": {"write": {"device_start": -1, "host_queued_start": 1585586985.652382, "device_queued": -1, "device_end": -1, "host_queued_end": 1585586985.661093}, "device": "cpu", "nd_range": {"device_start": 2254759.9323873133, "device_end": 2254759.9370616144}, "cmdq": 0, "read": {"device_start": -1, "device_end": -1}}, "FFC_sans_bias16": {"write": {"device_start": -1, "host_queued_start": 1585586985.658001, "device_queued": -1, "device_end": -1, "host_queued_end": 1585586985.661093}, "device": "cpu", "nd_range": {"device_start": 2254759.969409591, "device_end": 2254759.974129136}, "cmdq": 0, "read": {"device_start": -1, "device_end": -1}}, "FFC_sans_bias19": {"write": {"device_start": -1, "host_queued_start": 1585586985.641816, "device_queued": -1, "device_end": -1, "host_queued_end": 1585586985.661093}, "device": "cpu", "nd_range": {"device_start": 2254759.880918135, "device_end": 2254759.885349532}, "cmdq": 0, "read": {"device_start": -1, "device_end": -1}}, "FFC_sans_bias18": {"write": {"device_start": -1, "host_queued_start": 1585586985.640741, "device_queued": -1, "device_end": -1, "host_queued_end": 1585586985.661093}, "device": "cpu", "nd_range": {"device_start": 2254759.8761408073, "device_end": 2254759.880912246}, "cmdq": 0, "read": {"device_start": -1, "device_end": -1}}, "coalesced_transpose30": {"write": {"device_start": -1, "host_queued_start": 1585586985.650677, "device_queued": -1, "device_end": -1, "host_queued_end": 1585586985.661093}, "device": "cpu", "nd_range": {"device_start": 2254759.9185517593, "device_end": 2254759.918670176}, "cmdq": 0, "read": {"device_start": -1, "device_end": -1}}, "FFC_sans_bias38": {"write": {"device_start": -1, "host_queued_start": 1585586985.649313, "device_queued": -1, "device_end": -1, "host_queued_end": 1585586985.661093}, "device": "cpu", "nd_range": {"device_start": 2254759.913076276, "device_end": 2254759.917726975}, "cmdq": 0, "read": {"device_start": -1, "device_end": -1}}, "coalesced_transpose57": {"write": {"device_start": -1, "host_queued_start": 1585586985.62435, "device_queued": -1, "device_end": -1, "host_queued_end": 1585586985.628315}, "device": "gpu", "nd_range": {"device_start": 1585586920.2049778, "device_end": 1585586920.2049894}, "cmdq": 1, "read": {"device_start": -1, "device_end": -1}}, "empty26": {"write": {"device_start": -1, "host_queued_start": 1585586985.631628, "device_queued": -1, "device_end": -1, "host_queued_end": 1585586985.661093}, "device": "cpu", "nd_range": {"device_start": 2254759.8506949823, "device_end": 2254759.850695692}, "cmdq": 0, "read": {"device_start": -1, "device_end": -1}}, "coalesced_transpose12": {"write": {"device_start": -1, "host_queued_start": 1585586985.649986, "device_queued": -1, "device_end": -1, "host_queued_end": 1585586985.661093}, "device": "cpu", "nd_range": {"device_start": 2254759.918048417, "device_end": 2254759.9181687473}, "cmdq": 0, "read": {"device_start": -1, "device_end": -1}}, "empty44": {"write": {"device_start": -1, "host_queued_start": 1585586985.633232, "device_queued": -1, "device_end": -1, "host_queued_end": 1585586985.661093}, "device": "cpu", "nd_range": {"device_start": 2254759.8507053773, "device_end": 2254759.850705999}, "cmdq": 0, "read": {"device_start": -1, "device_end": -1}}, "coalesced_transpose21": {"write": {"device_start": -1, "host_queued_start": 1585586985.650321, "device_queued": -1, "device_end": -1, "host_queued_end": 1585586985.661093}, "device": "cpu", "nd_range": {"device_start": 2254759.918307361, "device_end": 2254759.91842726}, "cmdq": 0, "read": {"device_start": -1, "device_end": -1}}, "FFC_sans_bias36": {"write": {"device_start": -1, "host_queued_start": 1585586985.647117, "device_queued": -1, "device_end": -1, "host_queued_end": 1585586985.661093}, "device": "cpu", "nd_range": {"device_start": 2254759.903486514, "device_end": 2254759.908045878}, "cmdq": 0, "read": {"device_start": -1, "device_end": -1}}, "softmax14": {"write": {"device_start": -1, "host_queued_start": 1585586985.653276, "device_queued": -1, "device_end": -1, "host_queued_end": 1585586985.661093}, "device": "cpu", "nd_range": {"device_start": 2254759.94151161, "device_end": 2254759.941624363}, "cmdq": 0, "read": {"device_start": -1, "device_end": -1}}, "FFC_sans_bias13": {"write": {"device_start": -1, "host_queued_start": 1585586985.651696, "device_queued": -1, "device_end": -1, "host_queued_end": 1585586985.661093}, "device": "cpu", "nd_range": {"device_start": 2254759.9230463053, "device_end": 2254759.9278444243}, "cmdq": 0, "read": {"device_start": -1, "device_end": -1}}, "empty8": {"write": {"device_start": -1, "host_queued_start": 1585586985.629759, "device_queued": -1, "device_end": -1, "host_queued_end": 1585586985.661093}, "device": "cpu", "nd_range": {"device_start": 2254759.850657468, "device_end": 2254759.850669878}, "cmdq": 0, "read": {"device_start": -1, "device_end": -1}}, "FFC_sans_bias42": {"write": {"device_start": -1, "host_queued_start": 1585586985.65593, "device_queued": -1, "device_end": -1, "host_queued_end": 1585586985.661093}, "device": "cpu", "nd_range": {"device_start": 2254759.960325768, "device_end": 2254759.964867821}, "cmdq": 0, "read": {"device_start": -1, "device_end": -1}}, "FFC_sans_bias43": {"write": {"device_start": -1, "host_queued_start": 1585586985.661046, "device_queued": -1, "device_end": -1, "host_queued_end": 1585586985.661093}, "device": "cpu", "nd_range": {"device_start": 2254759.9836533153, "device_end": 2254759.988156925}, "cmdq": 0, "read": {"device_start": -1, "device_end": -1}}, "FFC_sans_bias40": {"write": {"device_start": -1, "host_queued_start": 1585586985.652723, "device_queued": -1, "device_end": -1, "host_queued_end": 1585586985.661093}, "device": "cpu", "nd_range": {"device_start": 2254759.937066674, "device_end": 2254759.9413721883}, "cmdq": 0, "read": {"device_start": -1, "device_end": -1}}, "softmax32": {"write": {"device_start": -1, "host_queued_start": 1585586985.653868, "device_queued": -1, "device_end": -1, "host_queued_end": 1585586985.661093}, "device": "cpu", "nd_range": {"device_start": 2254759.941749854, "device_end": 2254759.941858803}, "cmdq": 0, "read": {"device_start": -1, "device_end": -1}}, "FFC_sans_bias47": {"write": {"device_start": 1585586920.2021027, "host_queued_start": 1585586985.620506, "device_queued": 1585586920.2020063, "device_end": 1585586920.2021358, "host_queued_end": 1585586985.628315}, "device": "gpu", "nd_range": {"device_start": 1585586920.2021384, "device_end": 1585586920.20356}, "cmdq": 0, "read": {"device_start": -1, "device_end": -1}}, "FFC_sans_bias45": {"write": {"device_start": 1585586920.201874, "host_queued_start": 1585586985.618299, "device_queued": 1585586920.2016428, "device_end": 1585586920.201938, "host_queued_end": 1585586985.628315}, "device": "gpu", "nd_range": {"device_start": 1585586920.2019708, "device_end": 1585586920.2025857}, "cmdq": 2, "read": {"device_start": -1, "device_end": -1}}, "softmax50": {"write": {"device_start": -1, "host_queued_start": 1585586985.625231, "device_queued": -1, "device_end": -1, "host_queued_end": 1585586985.628315}, "device": "gpu", "nd_range": {"device_start": 1585586920.2055979, "device_end": 1585586920.206041}, "cmdq": 0, "read": {"device_start": -1, "device_end": -1}}, "FFC_sans_bias33": {"write": {"device_start": -1, "host_queued_start": 1585586985.65557, "device_queued": -1, "device_end": -1, "host_queued_end": 1585586985.661093}, "device": "cpu", "nd_range": {"device_start": 2254759.9557799543, "device_end": 2254759.960321134}, "cmdq": 0, "read": {"device_start": -1, "device_end": -1}}, "FFC_sans_bias49": {"write": {"device_start": -1, "host_queued_start": 1585586985.624668, "device_queued": -1, "device_end": -1, "host_queued_end": 1585586985.628315}, "device": "gpu", "nd_range": {"device_start": 1585586920.204983, "device_end": 1585586920.205589}, "cmdq": 2, "read": {"device_start": -1, "device_end": -1}}, "FFC_sans_bias24": {"write": {"device_start": -1, "host_queued_start": 1585586985.655215, "device_queued": -1, "device_end": -1, "host_queued_end": 1585586985.661093}, "device": "cpu", "nd_range": {"device_start": 2254759.9512624973, "device_end": 2254759.9557752423}, "cmdq": 0, "read": {"device_start": -1, "device_end": -1}}, "FFC_sans_bias25": {"write": {"device_start": -1, "host_queued_start": 1585586985.659045, "device_queued": -1, "device_end": -1, "host_queued_end": 1585586985.661093}, "device": "cpu", "nd_range": {"device_start": 2254759.974131906, "device_end": 2254759.979346701}, "cmdq": 0, "read": {"device_start": -1, "device_end": -1}}, "FFC_sans_bias27": {"write": {"device_start": -1, "host_queued_start": 1585586985.643943, "device_queued": -1, "device_end": -1, "host_queued_end": 1585586985.661093}, "device": "cpu", "nd_range": {"device_start": 2254759.889914452, "device_end": 2254759.894463721}, "cmdq": 0, "read": {"device_start": -1, "device_end": -1}}, "FFC_sans_bias20": {"write": {"device_start": -1, "host_queued_start": 1585586985.642896, "device_queued": -1, "device_end": -1, "host_queued_end": 1585586985.661093}, "device": "cpu", "nd_range": {"device_start": 2254759.885354878, "device_end": 2254759.889909122}, "cmdq": 0, "read": {"device_start": -1, "device_end": -1}}, "FFC_sans_bias22": {"write": {"device_start": -1, "host_queued_start": 1585586985.652039, "device_queued": -1, "device_end": -1, "host_queued_end": 1585586985.661093}, "device": "cpu", "nd_range": {"device_start": 2254759.927850534, "device_end": 2254759.93238185}, "cmdq": 0, "read": {"device_start": -1, "device_end": -1}}, "softmax5": {"write": {"device_start": -1, "host_queued_start": 1585586985.653001, "device_queued": -1, "device_end": -1, "host_queued_end": 1585586985.661093}, "device": "cpu", "nd_range": {"device_start": 2254759.941377201, "device_end": 2254759.9415053693}, "cmdq": 0, "read": {"device_start": -1, "device_end": -1}}, "FFC_sans_bias28": {"write": {"device_start": -1, "host_queued_start": 1585586985.644988, "device_queued": -1, "device_end": -1, "host_queued_end": 1585586985.661093}, "device": "cpu", "nd_range": {"device_start": 2254759.894469491, "device_end": 2254759.899029612}, "cmdq": 0, "read": {"device_start": -1, "device_end": -1}}, "FFC_sans_bias29": {"write": {"device_start": -1, "host_queued_start": 1585586985.64604, "device_queued": -1, "device_end": -1, "host_queued_end": 1585586985.661093}, "device": "cpu", "nd_range": {"device_start": 2254759.899035437, "device_end": 2254759.9034810932}, "cmdq": 0, "read": {"device_start": -1, "device_end": -1}}, "empty17": {"write": {"device_start": -1, "host_queued_start": 1585586985.630823, "device_queued": -1, "device_end": -1, "host_queued_end": 1585586985.661093}, "device": "cpu", "nd_range": {"device_start": 2254759.85068875, "device_end": 2254759.850689705}, "cmdq": 0, "read": {"device_start": -1, "device_end": -1}}, "softmax59": {"write": {"device_start": -1, "host_queued_start": 1585586985.625475, "device_queued": -1, "device_end": -1, "host_queued_end": 1585586985.628315}, "device": "gpu", "nd_range": {"device_start": 1585586920.2059968, "device_end": 1585586920.2063458}, "cmdq": 1, "read": {"device_start": -1, "device_end": -1}}, "empty35": {"write": {"device_start": -1, "host_queued_start": 1585586985.63243, "device_queued": -1, "device_end": -1, "host_queued_end": 1585586985.661093}, "device": "cpu", "nd_range": {"device_start": 2254759.850699943, "device_end": 2254759.850700572}, "cmdq": 0, "read": {"device_start": -1, "device_end": -1}}, "empty53": {"write": {"device_start": 1585586920.2016442, "host_queued_start": 1585586985.616085, "device_queued": 1585586920.201519, "device_end": 1585586920.2016907, "host_queued_end": 1585586985.628315}, "device": "gpu", "nd_range": {"device_start": 1585586920.2017071, "device_end": 1585586920.201712}, "cmdq": 0, "read": {"device_start": -1, "device_end": -1}}, "FFC_sans_bias46": {"write": {"device_start": 1585586920.201962, "host_queued_start": 1585586985.619424, "device_queued": 1585586920.2016716, "device_end": 1585586920.2019885, "host_queued_end": 1585586985.628315}, "device": "gpu", "nd_range": {"device_start": 1585586920.201997, "device_end": 1585586920.2029896}, "cmdq": 3, "read": {"device_start": -1, "device_end": -1}}, "coalesced_transpose48": {"write": {"device_start": -1, "host_queued_start": 1585586985.624043, "device_queued": -1, "device_end": -1, "host_queued_end": 1585586985.628315}, "device": "gpu", "nd_range": {"device_start": 1585586920.203562, "device_end": 1585586920.2048368}, "cmdq": 0, "read": {"device_start": -1, "device_end": -1}}}