{"FFC_sans_bias60": {"write": {"device_start": -1, "host_queued_start": 1585586836.893004, "device_queued": -1, "device_end": -1, "host_queued_end": 1585586836.900091}, "device": "cpu", "nd_range": {"device_start": 2254611.295475548, "device_end": 2254611.3092118343}, "cmdq": 3, "read": {"device_start": -1, "device_end": -1}}, "FFC_sans_bias4": {"write": {"device_start": -1, "host_queued_start": 1585586836.88653, "device_queued": -1, "device_end": -1, "host_queued_end": 1585586836.900091}, "device": "cpu", "nd_range": {"device_start": 2254611.213420223, "device_end": 2254611.225930002}, "cmdq": 3, "read": {"device_start": -1, "device_end": -1}}, "FFC_sans_bias7": {"write": {"device_start": -1, "host_queued_start": 1585586836.894056, "device_queued": -1, "device_end": -1, "host_queued_end": 1585586836.900091}, "device": "cpu", "nd_range": {"device_start": 2254611.2922255313, "device_end": 2254611.307378991}, "cmdq": 0, "read": {"device_start": -1, "device_end": -1}}, "FFC_sans_bias6": {"write": {"device_start": -1, "host_queued_start": 1585586836.8909, "device_queued": -1, "device_end": -1, "host_queued_end": 1585586836.900091}, "device": "cpu", "nd_range": {"device_start": 2254611.263401331, "device_end": 2254611.278638142}, "cmdq": 1, "read": {"device_start": -1, "device_end": -1}}, "FFC_sans_bias1": {"write": {"device_start": -1, "host_queued_start": 1585586836.863707, "device_queued": -1, "device_end": -1, "host_queued_end": 1585586836.900091}, "device": "cpu", "nd_range": {"device_start": 2254611.089779634, "device_end": 2254611.111260415}, "cmdq": 0, "read": {"device_start": -1, "device_end": -1}}, "FFC_sans_bias0": {"write": {"device_start": -1, "host_queued_start": 1585586836.862651, "device_queued": -1, "device_end": -1, "host_queued_end": 1585586836.900091}, "device": "cpu", "nd_range": {"device_start": 2254611.126525945, "device_end": 2254611.1416290193}, "cmdq": 3, "read": {"device_start": -1, "device_end": -1}}, "FFC_sans_bias2": {"write": {"device_start": -1, "host_queued_start": 1585586836.864763, "device_queued": -1, "device_end": -1, "host_queued_end": 1585586836.900091}, "device": "cpu", "nd_range": {"device_start": 2254611.089779458, "device_end": 2254611.111417196}, "cmdq": 1, "read": {"device_start": -1, "device_end": -1}}, "FFC_sans_bias61": {"write": {"device_start": -1, "host_queued_start": 1585586836.900046, "device_queued": -1, "device_end": -1, "host_queued_end": 1585586836.900091}, "device": "cpu", "nd_range": {"device_start": 2254611.316864246, "device_end": 2254611.329717164}, "cmdq": 2, "read": {"device_start": -1, "device_end": -1}}, "FFC_sans_bias52": {"write": {"device_start": -1, "host_queued_start": 1585586836.899051, "device_queued": -1, "device_end": -1, "host_queued_end": 1585586836.900091}, "device": "cpu", "nd_range": {"device_start": 2254611.3092160583, "device_end": 2254611.317813051}, "cmdq": 1, "read": {"device_start": -1, "device_end": -1}}, "FFC_sans_bias9": {"write": {"device_start": -1, "host_queued_start": 1585586836.865812, "device_queued": -1, "device_end": -1, "host_queued_end": 1585586836.900091}, "device": "cpu", "nd_range": {"device_start": 2254611.096093703, "device_end": 2254611.111554391}, "cmdq": 2, "read": {"device_start": -1, "device_end": -1}}, "coalesced_transpose39": {"write": {"device_start": -1, "host_queued_start": 1585586836.885469, "device_queued": -1, "device_end": -1, "host_queued_end": 1585586836.900091}, "device": "cpu", "nd_range": {"device_start": 2254611.1929003303, "device_end": 2254611.193193409}, "cmdq": 0, "read": {"device_start": -1, "device_end": -1}}, "FFC_sans_bias55": {"write": {"device_start": -1, "host_queued_start": 1585586836.883794, "device_queued": -1, "device_end": -1, "host_queued_end": 1585586836.900091}, "device": "cpu", "nd_range": {"device_start": 2254611.201398691, "device_end": 2254611.212930383}, "cmdq": 3, "read": {"device_start": -1, "device_end": -1}}, "FFC_sans_bias54": {"write": {"device_start": -1, "host_queued_start": 1585586836.88275, "device_queued": -1, "device_end": -1, "host_queued_end": 1585586836.900091}, "device": "cpu", "nd_range": {"device_start": 2254611.156598937, "device_end": 2254611.1717832764}, "cmdq": 2, "read": {"device_start": -1, "device_end": -1}}, "FFC_sans_bias56": {"write": {"device_start": -1, "host_queued_start": 1585586836.881702, "device_queued": -1, "device_end": -1, "host_queued_end": 1585586836.900091}, "device": "cpu", "nd_range": {"device_start": 2254611.207132143, "device_end": 2254611.217586475}, "cmdq": 1, "read": {"device_start": -1, "device_end": -1}}, "FFC_sans_bias51": {"write": {"device_start": -1, "host_queued_start": 1585586836.892662, "device_queued": -1, "device_end": -1, "host_queued_end": 1585586836.900091}, "device": "cpu", "nd_range": {"device_start": 2254611.264130101, "device_end": 2254611.279813075}, "cmdq": 2, "read": {"device_start": -1, "device_end": -1}}, "softmax23": {"write": {"device_start": -1, "host_queued_start": 1585586836.889453, "device_queued": -1, "device_end": -1, "host_queued_end": 1585586836.900091}, "device": "cpu", "nd_range": {"device_start": 2254611.260940173, "device_end": 2254611.261163302}, "cmdq": 0, "read": {"device_start": -1, "device_end": -1}}, "FFC_sans_bias37": {"write": {"device_start": -1, "host_queued_start": 1585586836.876437, "device_queued": -1, "device_end": -1, "host_queued_end": 1585586836.900091}, "device": "cpu", "nd_range": {"device_start": 2254611.161586251, "device_end": 2254611.1767507293}, "cmdq": 0, "read": {"device_start": -1, "device_end": -1}}, "empty62": {"write": {"device_start": -1, "host_queued_start": 1585586836.861633, "device_queued": -1, "device_end": -1, "host_queued_end": 1585586836.900091}, "device": "cpu", "nd_range": {"device_start": 2254611.096074658, "device_end": 2254611.096077694}, "cmdq": 2, "read": {"device_start": -1, "device_end": -1}}, "FFC_sans_bias58": {"write": {"device_start": -1, "host_queued_start": 1585586836.888613, "device_queued": -1, "device_end": -1, "host_queued_end": 1585586836.900091}, "device": "cpu", "nd_range": {"device_start": 2254611.247976909, "device_end": 2254611.263170155}, "cmdq": 1, "read": {"device_start": -1, "device_end": -1}}, "softmax41": {"write": {"device_start": -1, "host_queued_start": 1585586836.890003, "device_queued": -1, "device_end": -1, "host_queued_end": 1585586836.900091}, "device": "cpu", "nd_range": {"device_start": 2254611.238142759, "device_end": 2254611.238352348}, "cmdq": 2, "read": {"device_start": -1, "device_end": -1}}, "FFC_sans_bias11": {"write": {"device_start": -1, "host_queued_start": 1585586836.867975, "device_queued": -1, "device_end": -1, "host_queued_end": 1585586836.900091}, "device": "cpu", "nd_range": {"device_start": 2254611.1112669553, "device_end": 2254611.1384036504}, "cmdq": 0, "read": {"device_start": -1, "device_end": -1}}, "FFC_sans_bias10": {"write": {"device_start": -1, "host_queued_start": 1585586836.866902, "device_queued": -1, "device_end": -1, "host_queued_end": 1585586836.900091}, "device": "cpu", "nd_range": {"device_start": 2254611.1416380783, "device_end": 2254611.156849719}, "cmdq": 3, "read": {"device_start": -1, "device_end": -1}}, "coalesced_transpose3": {"write": {"device_start": -1, "host_queued_start": 1585586836.884142, "device_queued": -1, "device_end": -1, "host_queued_end": 1585586836.900091}, "device": "cpu", "nd_range": {"device_start": 2254611.192437416, "device_end": 2254611.1927276803}, "cmdq": 0, "read": {"device_start": -1, "device_end": -1}}, "FFC_sans_bias34": {"write": {"device_start": -1, "host_queued_start": 1585586836.897043, "device_queued": -1, "device_end": -1, "host_queued_end": 1585586836.900091}, "device": "cpu", "nd_range": {"device_start": 2254611.3093430693, "device_end": 2254611.320824134}, "cmdq": 3, "read": {"device_start": -1, "device_end": -1}}, "FFC_sans_bias15": {"write": {"device_start": -1, "host_queued_start": 1585586836.891246, "device_queued": -1, "device_end": -1, "host_queued_end": 1585586836.900091}, "device": "cpu", "nd_range": {"device_start": 2254611.247955787, "device_end": 2254611.264021656}, "cmdq": 2, "read": {"device_start": -1, "device_end": -1}}, "FFC_sans_bias31": {"write": {"device_start": -1, "host_queued_start": 1585586836.887577, "device_queued": -1, "device_end": -1, "host_queued_end": 1585586836.900091}, "device": "cpu", "nd_range": {"device_start": 2254611.2175677773, "device_end": 2254611.232921034}, "cmdq": 2, "read": {"device_start": -1, "device_end": -1}}, "FFC_sans_bias16": {"write": {"device_start": -1, "host_queued_start": 1585586836.895056, "device_queued": -1, "device_end": -1, "host_queued_end": 1585586836.900091}, "device": "cpu", "nd_range": {"device_start": 2254611.2939661923, "device_end": 2254611.309211485}, "cmdq": 1, "read": {"device_start": -1, "device_end": -1}}, "FFC_sans_bias19": {"write": {"device_start": -1, "host_queued_start": 1585586836.870063, "device_queued": -1, "device_end": -1, "host_queued_end": 1585586836.900091}, "device": "cpu", "nd_range": {"device_start": 2254611.111563106, "device_end": 2254611.126521108}, "cmdq": 2, "read": {"device_start": -1, "device_end": -1}}, "FFC_sans_bias18": {"write": {"device_start": -1, "host_queued_start": 1585586836.86902, "device_queued": -1, "device_end": -1, "host_queued_end": 1585586836.900091}, "device": "cpu", "nd_range": {"device_start": 2254611.111436257, "device_end": 2254611.126491464}, "cmdq": 1, "read": {"device_start": -1, "device_end": -1}}, "coalesced_transpose30": {"write": {"device_start": -1, "host_queued_start": 1585586836.88514, "device_queued": -1, "device_end": -1, "host_queued_end": 1585586836.900091}, "device": "cpu", "nd_range": {"device_start": 2254611.2130649853, "device_end": 2254611.213311205}, "cmdq": 3, "read": {"device_start": -1, "device_end": -1}}, "FFC_sans_bias38": {"write": {"device_start": -1, "host_queued_start": 1585586836.877486, "device_queued": -1, "device_end": -1, "host_queued_end": 1585586836.900091}, "device": "cpu", "nd_range": {"device_start": 2254611.187562698, "device_end": 2254611.2058262574}, "cmdq": 1, "read": {"device_start": -1, "device_end": -1}}, "coalesced_transpose57": {"write": {"device_start": -1, "host_queued_start": 1585586836.886186, "device_queued": -1, "device_end": -1, "host_queued_end": 1585586836.900091}, "device": "cpu", "nd_range": {"device_start": 2254611.2172083743, "device_end": 2254611.217445883}, "cmdq": 2, "read": {"device_start": -1, "device_end": -1}}, "empty26": {"write": {"device_start": -1, "host_queued_start": 1585586836.85826, "device_queued": -1, "device_end": -1, "host_queued_end": 1585586836.900091}, "device": "cpu", "nd_range": {"device_start": 2254611.089780516, "device_end": 2254611.089785365}, "cmdq": 2, "read": {"device_start": -1, "device_end": -1}}, "coalesced_transpose12": {"write": {"device_start": -1, "host_queued_start": 1585586836.884476, "device_queued": -1, "device_end": -1, "host_queued_end": 1585586836.900091}, "device": "cpu", "nd_range": {"device_start": 2254611.2340268074, "device_end": 2254611.234284556}, "cmdq": 1, "read": {"device_start": -1, "device_end": -1}}, "empty44": {"write": {"device_start": -1, "host_queued_start": 1585586836.860027, "device_queued": -1, "device_end": -1, "host_queued_end": 1585586836.900091}, "device": "cpu", "nd_range": {"device_start": 2254611.089772724, "device_end": 2254611.089773824}, "cmdq": 0, "read": {"device_start": -1, "device_end": -1}}, "coalesced_transpose21": {"write": {"device_start": -1, "host_queued_start": 1585586836.884807, "device_queued": -1, "device_end": -1, "host_queued_end": 1585586836.900091}, "device": "cpu", "nd_range": {"device_start": 2254611.171907611, "device_end": 2254611.1721590892}, "cmdq": 2, "read": {"device_start": -1, "device_end": -1}}, "FFC_sans_bias36": {"write": {"device_start": -1, "host_queued_start": 1585586836.875396, "device_queued": -1, "device_end": -1, "host_queued_end": 1585586836.900091}, "device": "cpu", "nd_range": {"device_start": 2254611.172412903, "device_end": 2254611.187644976}, "cmdq": 3, "read": {"device_start": -1, "device_end": -1}}, "softmax14": {"write": {"device_start": -1, "host_queued_start": 1585586836.889176, "device_queued": -1, "device_end": -1, "host_queued_end": 1585586836.900091}, "device": "cpu", "nd_range": {"device_start": 2254611.247631153, "device_end": 2254611.2478397703}, "cmdq": 3, "read": {"device_start": -1, "device_end": -1}}, "FFC_sans_bias13": {"write": {"device_start": -1, "host_queued_start": 1585586836.886889, "device_queued": -1, "device_end": -1, "host_queued_end": 1585586836.900091}, "device": "cpu", "nd_range": {"device_start": 2254611.237517733, "device_end": 2254611.2456212803}, "cmdq": 0, "read": {"device_start": -1, "device_end": -1}}, "empty8": {"write": {"device_start": -1, "host_queued_start": 1585586836.85623, "device_queued": -1, "device_end": -1, "host_queued_end": 1585586836.900091}, "device": "cpu", "nd_range": {"device_start": 2254611.089737188, "device_end": 2254611.0897493144}, "cmdq": 0, "read": {"device_start": -1, "device_end": -1}}, "FFC_sans_bias42": {"write": {"device_start": -1, "host_queued_start": 1585586836.892302, "device_queued": -1, "device_end": -1, "host_queued_end": 1585586836.900091}, "device": "cpu", "nd_range": {"device_start": 2254611.278647933, "device_end": 2254611.293959224}, "cmdq": 1, "read": {"device_start": -1, "device_end": -1}}, "FFC_sans_bias43": {"write": {"device_start": -1, "host_queued_start": 1585586836.898053, "device_queued": -1, "device_end": -1, "host_queued_end": 1585586836.900091}, "device": "cpu", "nd_range": {"device_start": 2254611.32000491, "device_end": 2254611.328556166}, "cmdq": 0, "read": {"device_start": -1, "device_end": -1}}, "FFC_sans_bias40": {"write": {"device_start": -1, "host_queued_start": 1585586836.887919, "device_queued": -1, "device_end": -1, "host_queued_end": 1585586836.900091}, "device": "cpu", "nd_range": {"device_start": 2254611.226235708, "device_end": 2254611.2380174133}, "cmdq": 3, "read": {"device_start": -1, "device_end": -1}}, "softmax32": {"write": {"device_start": -1, "host_queued_start": 1585586836.889729, "device_queued": -1, "device_end": -1, "host_queued_end": 1585586836.900091}, "device": "cpu", "nd_range": {"device_start": 2254611.26318049, "device_end": 2254611.263394962}, "cmdq": 1, "read": {"device_start": -1, "device_end": -1}}, "FFC_sans_bias47": {"write": {"device_start": -1, "host_queued_start": 1585586836.880648, "device_queued": -1, "device_end": -1, "host_queued_end": 1585586836.900091}, "device": "cpu", "nd_range": {"device_start": 2254611.176879674, "device_end": 2254611.1921176054}, "cmdq": 0, "read": {"device_start": -1, "device_end": -1}}, "FFC_sans_bias45": {"write": {"device_start": -1, "host_queued_start": 1585586836.878531, "device_queued": -1, "device_end": -1, "host_queued_end": 1585586836.900091}, "device": "cpu", "nd_range": {"device_start": 2254611.141404656, "device_end": 2254611.1564685553}, "cmdq": 2, "read": {"device_start": -1, "device_end": -1}}, "softmax50": {"write": {"device_start": -1, "host_queued_start": 1585586836.890277, "device_queued": -1, "device_end": -1, "host_queued_end": 1585586836.900091}, "device": "cpu", "nd_range": {"device_start": 2254611.2611702, "device_end": 2254611.2613772503}, "cmdq": 3, "read": {"device_start": -1, "device_end": -1}}, "FFC_sans_bias33": {"write": {"device_start": -1, "host_queued_start": 1585586836.891951, "device_queued": -1, "device_end": -1, "host_queued_end": 1585586836.900091}, "device": "cpu", "nd_range": {"device_start": 2254611.276941658, "device_end": 2254611.2922177273}, "cmdq": 0, "read": {"device_start": -1, "device_end": -1}}, "FFC_sans_bias49": {"write": {"device_start": -1, "host_queued_start": 1585586836.888268, "device_queued": -1, "device_end": -1, "host_queued_end": 1585586836.900091}, "device": "cpu", "nd_range": {"device_start": 2254611.2456325414, "device_end": 2254611.2609247062}, "cmdq": 0, "read": {"device_start": -1, "device_end": -1}}, "FFC_sans_bias24": {"write": {"device_start": -1, "host_queued_start": 1585586836.891591, "device_queued": -1, "device_end": -1, "host_queued_end": 1585586836.900091}, "device": "cpu", "nd_range": {"device_start": 2254611.261383608, "device_end": 2254611.2767037833}, "cmdq": 3, "read": {"device_start": -1, "device_end": -1}}, "FFC_sans_bias25": {"write": {"device_start": -1, "host_queued_start": 1585586836.896048, "device_queued": -1, "device_end": -1, "host_queued_end": 1585586836.900091}, "device": "cpu", "nd_range": {"device_start": 2254611.279924543, "device_end": 2254611.295470092}, "cmdq": 2, "read": {"device_start": -1, "device_end": -1}}, "FFC_sans_bias27": {"write": {"device_start": -1, "host_queued_start": 1585586836.872197, "device_queued": -1, "device_end": -1, "host_queued_end": 1585586836.900091}, "device": "cpu", "nd_range": {"device_start": 2254611.1384120123, "device_end": 2254611.161449293}, "cmdq": 0, "read": {"device_start": -1, "device_end": -1}}, "FFC_sans_bias20": {"write": {"device_start": -1, "host_queued_start": 1585586836.871151, "device_queued": -1, "device_end": -1, "host_queued_end": 1585586836.900091}, "device": "cpu", "nd_range": {"device_start": 2254611.1569817984, "device_end": 2254611.172290586}, "cmdq": 3, "read": {"device_start": -1, "device_end": -1}}, "FFC_sans_bias22": {"write": {"device_start": -1, "host_queued_start": 1585586836.887233, "device_queued": -1, "device_end": -1, "host_queued_end": 1585586836.900091}, "device": "cpu", "nd_range": {"device_start": 2254611.234571093, "device_end": 2254611.247969566}, "cmdq": 1, "read": {"device_start": -1, "device_end": -1}}, "softmax5": {"write": {"device_start": -1, "host_queued_start": 1585586836.888894, "device_queued": -1, "device_end": -1, "host_queued_end": 1585586836.900091}, "device": "cpu", "nd_range": {"device_start": 2254611.233197451, "device_end": 2254611.233468716}, "cmdq": 2, "read": {"device_start": -1, "device_end": -1}}, "FFC_sans_bias28": {"write": {"device_start": -1, "host_queued_start": 1585586836.873275, "device_queued": -1, "device_end": -1, "host_queued_end": 1585586836.900091}, "device": "cpu", "nd_range": {"device_start": 2254611.17227345, "device_end": 2254611.18744208}, "cmdq": 1, "read": {"device_start": -1, "device_end": -1}}, "FFC_sans_bias29": {"write": {"device_start": -1, "host_queued_start": 1585586836.874325, "device_queued": -1, "device_end": -1, "host_queued_end": 1585586836.900091}, "device": "cpu", "nd_range": {"device_start": 2254611.1265333993, "device_end": 2254611.141398916}, "cmdq": 2, "read": {"device_start": -1, "device_end": -1}}, "empty17": {"write": {"device_start": -1, "host_queued_start": 1585586836.857412, "device_queued": -1, "device_end": -1, "host_queued_end": 1585586836.900091}, "device": "cpu", "nd_range": {"device_start": 2254611.089737242, "device_end": 2254611.089749339}, "cmdq": 1, "read": {"device_start": -1, "device_end": -1}}, "softmax59": {"write": {"device_start": -1, "host_queued_start": 1585586836.890554, "device_queued": -1, "device_end": -1, "host_queued_end": 1585586836.900091}, "device": "cpu", "nd_range": {"device_start": 2254611.2767105233, "device_end": 2254611.276933188}, "cmdq": 0, "read": {"device_start": -1, "device_end": -1}}, "empty35": {"write": {"device_start": -1, "host_queued_start": 1585586836.85919, "device_queued": -1, "device_end": -1, "host_queued_end": 1585586836.900091}, "device": "cpu", "nd_range": {"device_start": 2254611.12649859, "device_end": 2254611.1265100483}, "cmdq": 3, "read": {"device_start": -1, "device_end": -1}}, "empty53": {"write": {"device_start": -1, "host_queued_start": 1585586836.860831, "device_queued": -1, "device_end": -1, "host_queued_end": 1585586836.900091}, "device": "cpu", "nd_range": {"device_start": 2254611.089772719, "device_end": 2254611.089773556}, "cmdq": 1, "read": {"device_start": -1, "device_end": -1}}, "FFC_sans_bias46": {"write": {"device_start": -1, "host_queued_start": 1585586836.879595, "device_queued": -1, "device_end": -1, "host_queued_end": 1585586836.900091}, "device": "cpu", "nd_range": {"device_start": 2254611.187760448, "device_end": 2254611.201087111}, "cmdq": 3, "read": {"device_start": -1, "device_end": -1}}, "coalesced_transpose48": {"write": {"device_start": -1, "host_queued_start": 1585586836.885801, "device_queued": -1, "device_end": -1, "host_queued_end": 1585586836.900091}, "device": "cpu", "nd_range": {"device_start": 2254611.2342974413, "device_end": 2254611.234562708}, "cmdq": 1, "read": {"device_start": -1, "device_end": -1}}}