{"FFC_sans_bias60": {"write": {"device_start": -1, "host_queued_start": 1585586974.730722, "device_queued": -1, "device_end": -1, "host_queued_end": 1585586974.737053}, "device": "gpu", "nd_range": {"device_start": 1585586909.3246675, "device_end": 1585586909.3266428}, "cmdq": 3, "read": {"device_start": -1, "device_end": -1}}, "FFC_sans_bias4": {"write": {"device_start": -1, "host_queued_start": 1585586974.743503, "device_queued": -1, "device_end": -1, "host_queued_end": 1585586974.745469}, "device": "cpu", "nd_range": {"device_start": 2254748.947796183, "device_end": 2254748.95198014}, "cmdq": 0, "read": {"device_start": -1, "device_end": -1}}, "FFC_sans_bias7": {"write": {"device_start": -1, "host_queued_start": 1585586974.745405, "device_queued": -1, "device_end": -1, "host_queued_end": 1585586974.745469}, "device": "cpu", "nd_range": {"device_start": 2254748.957010392, "device_end": 2254748.96128861}, "cmdq": 0, "read": {"device_start": -1, "device_end": -1}}, "FFC_sans_bias6": {"write": {"device_start": -1, "host_queued_start": 1585586974.744258, "device_queued": -1, "device_end": -1, "host_queued_end": 1585586974.745469}, "device": "cpu", "nd_range": {"device_start": 2254748.952238439, "device_end": 2254748.9570042323}, "cmdq": 0, "read": {"device_start": -1, "device_end": -1}}, "FFC_sans_bias1": {"write": {"device_start": -1, "host_queued_start": 1585586974.741319, "device_queued": -1, "device_end": -1, "host_queued_end": 1585586974.745469}, "device": "cpu", "nd_range": {"device_start": 2254748.93936567, "device_end": 2254748.9434179463}, "cmdq": 0, "read": {"device_start": -1, "device_end": -1}}, "FFC_sans_bias0": {"write": {"device_start": -1, "host_queued_start": 1585586974.739994, "device_queued": -1, "device_end": -1, "host_queued_end": 1585586974.745469}, "device": "cpu", "nd_range": {"device_start": 2254748.9350683433, "device_end": 2254748.939356132}, "cmdq": 0, "read": {"device_start": -1, "device_end": -1}}, "FFC_sans_bias2": {"write": {"device_start": -1, "host_queued_start": 1585586974.742722, "device_queued": -1, "device_end": -1, "host_queued_end": 1585586974.745469}, "device": "cpu", "nd_range": {"device_start": 2254748.943434914, "device_end": 2254748.947528364}, "cmdq": 0, "read": {"device_start": -1, "device_end": -1}}, "FFC_sans_bias61": {"write": {"device_start": 1585586909.3277888, "host_queued_start": 1585586974.736956, "device_queued": 1585586909.3151677, "device_end": 1585586909.3278134, "host_queued_end": 1585586974.737053}, "device": "gpu", "nd_range": {"device_start": 1585586909.3278217, "device_end": 1585586909.3295414}, "cmdq": 1, "read": {"device_start": 1585586909.3295507, "device_end": 1585586909.3295727}}, "FFC_sans_bias52": {"write": {"device_start": 1585586909.327363, "host_queued_start": 1585586974.735914, "device_queued": 1585586909.3149416, "device_end": 1585586909.3273883, "host_queued_end": 1585586974.737053}, "device": "gpu", "nd_range": {"device_start": 1585586909.3273993, "device_end": 1585586909.3290906}, "cmdq": 0, "read": {"device_start": 1585586909.3290963, "device_end": 1585586909.329118}}, "FFC_sans_bias9": {"write": {"device_start": 1585586909.3113723, "host_queued_start": 1585586974.705701, "device_queued": 1585586909.3110557, "device_end": 1585586909.31144, "host_queued_end": 1585586974.737053}, "device": "gpu", "nd_range": {"device_start": 1585586909.3114429, "device_end": 1585586909.3120518}, "cmdq": 2, "read": {"device_start": -1, "device_end": -1}}, "coalesced_transpose39": {"write": {"device_start": -1, "host_queued_start": 1585586974.724729, "device_queued": -1, "device_end": -1, "host_queued_end": 1585586974.737053}, "device": "gpu", "nd_range": {"device_start": 1585586909.3202176, "device_end": 1585586909.320259}, "cmdq": 3, "read": {"device_start": -1, "device_end": -1}}, "FFC_sans_bias55": {"write": {"device_start": 1585586909.3184087, "host_queued_start": 1585586974.723499, "device_queued": 1585586909.3128204, "device_end": 1585586909.3184342, "host_queued_end": 1585586974.737053}, "device": "gpu", "nd_range": {"device_start": 1585586909.318444, "device_end": 1585586909.3202102}, "cmdq": 3, "read": {"device_start": -1, "device_end": -1}}, "FFC_sans_bias54": {"write": {"device_start": 1585586909.3179376, "host_queued_start": 1585586974.722444, "device_queued": 1585586909.312786, "device_end": 1585586909.317963, "host_queued_end": 1585586974.737053}, "device": "gpu", "nd_range": {"device_start": 1585586909.3179684, "device_end": 1585586909.3197973}, "cmdq": 2, "read": {"device_start": -1, "device_end": -1}}, "FFC_sans_bias56": {"write": {"device_start": 1585586909.3174727, "host_queued_start": 1585586974.721408, "device_queued": 1585586909.3127668, "device_end": 1585586909.3175042, "host_queued_end": 1585586974.737053}, "device": "gpu", "nd_range": {"device_start": 1585586909.3175116, "device_end": 1585586909.3192723}, "cmdq": 1, "read": {"device_start": -1, "device_end": -1}}, "FFC_sans_bias51": {"write": {"device_start": -1, "host_queued_start": 1585586974.730405, "device_queued": -1, "device_end": -1, "host_queued_end": 1585586974.737053}, "device": "gpu", "nd_range": {"device_start": 1585586909.32427, "device_end": 1585586909.326205}, "cmdq": 2, "read": {"device_start": -1, "device_end": -1}}, "softmax23": {"write": {"device_start": -1, "host_queued_start": 1585586974.727772, "device_queued": -1, "device_end": -1, "host_queued_end": 1585586974.737053}, "device": "gpu", "nd_range": {"device_start": 1585586909.322248, "device_end": 1585586909.323633}, "cmdq": 1, "read": {"device_start": -1, "device_end": -1}}, "FFC_sans_bias37": {"write": {"device_start": 1585586909.3151102, "host_queued_start": 1585586974.71616, "device_queued": 1585586909.3122785, "device_end": 1585586909.315143, "host_queued_end": 1585586974.737053}, "device": "gpu", "nd_range": {"device_start": 1585586909.3151498, "device_end": 1585586909.316859}, "cmdq": 0, "read": {"device_start": -1, "device_end": -1}}, "empty62": {"write": {"device_start": 1585586909.3112547, "host_queued_start": 1585586974.704732, "device_queued": 1585586909.3110313, "device_end": 1585586909.3113105, "host_queued_end": 1585586974.737053}, "device": "gpu", "nd_range": {"device_start": 1585586909.311318, "device_end": 1585586909.3113232}, "cmdq": 1, "read": {"device_start": -1, "device_end": -1}}, "FFC_sans_bias58": {"write": {"device_start": -1, "host_queued_start": 1585586974.727271, "device_queued": -1, "device_end": -1, "host_queued_end": 1585586974.737053}, "device": "gpu", "nd_range": {"device_start": 1585586909.3218305, "device_end": 1585586909.3232234}, "cmdq": 3, "read": {"device_start": -1, "device_end": -1}}, "softmax41": {"write": {"device_start": -1, "host_queued_start": 1585586974.728257, "device_queued": -1, "device_end": -1, "host_queued_end": 1585586974.737053}, "device": "gpu", "nd_range": {"device_start": 1585586909.3232334, "device_end": 1585586909.3234384}, "cmdq": 3, "read": {"device_start": -1, "device_end": -1}}, "FFC_sans_bias11": {"write": {"device_start": 1585586909.3115845, "host_queued_start": 1585586974.707795, "device_queued": 1585586909.3113213, "device_end": 1585586909.3116508, "host_queued_end": 1585586974.737053}, "device": "gpu", "nd_range": {"device_start": 1585586909.3116562, "device_end": 1585586909.3130236}, "cmdq": 0, "read": {"device_start": -1, "device_end": -1}}, "FFC_sans_bias10": {"write": {"device_start": 1585586909.3114777, "host_queued_start": 1585586974.706761, "device_queued": 1585586909.3110733, "device_end": 1585586909.311535, "host_queued_end": 1585586974.737053}, "device": "gpu", "nd_range": {"device_start": 1585586909.3115401, "device_end": 1585586909.3124516}, "cmdq": 3, "read": {"device_start": -1, "device_end": -1}}, "coalesced_transpose3": {"write": {"device_start": -1, "host_queued_start": 1585586974.743117, "device_queued": -1, "device_end": -1, "host_queued_end": 1585586974.745469}, "device": "cpu", "nd_range": {"device_start": 2254748.9475339893, "device_end": 2254748.9476428153}, "cmdq": 0, "read": {"device_start": -1, "device_end": -1}}, "FFC_sans_bias34": {"write": {"device_start": 1585586909.3262851, "host_queued_start": 1585586974.733829, "device_queued": 1585586909.3146467, "device_end": 1585586909.3263109, "host_queued_end": 1585586974.737053}, "device": "gpu", "nd_range": {"device_start": 1585586909.3263242, "device_end": 1585586909.3281376}, "cmdq": 2, "read": {"device_start": 1585586909.3281415, "device_end": 1585586909.3281643}}, "FFC_sans_bias15": {"write": {"device_start": -1, "host_queued_start": 1585586974.729143, "device_queued": -1, "device_end": -1, "host_queued_end": 1585586974.737053}, "device": "gpu", "nd_range": {"device_start": 1585586909.3236537, "device_end": 1585586909.3242614}, "cmdq": 2, "read": {"device_start": -1, "device_end": -1}}, "FFC_sans_bias31": {"write": {"device_start": -1, "host_queued_start": 1585586974.726311, "device_queued": -1, "device_end": -1, "host_queued_end": 1585586974.737053}, "device": "gpu", "nd_range": {"device_start": 1585586909.3202307, "device_end": 1585586909.320833}, "cmdq": 0, "read": {"device_start": -1, "device_end": -1}}, "FFC_sans_bias16": {"write": {"device_start": 1585586909.325338, "host_queued_start": 1585586974.731745, "device_queued": 1585586909.3143907, "device_end": 1585586909.3253634, "host_queued_end": 1585586974.737053}, "device": "gpu", "nd_range": {"device_start": 1585586909.325372, "device_end": 1585586909.3271818}, "cmdq": 0, "read": {"device_start": 1585586909.3271854, "device_end": 1585586909.3272102}}, "FFC_sans_bias19": {"write": {"device_start": 1585586909.312157, "host_queued_start": 1585586974.709863, "device_queued": 1585586909.3115876, "device_end": 1585586909.3121822, "host_queued_end": 1585586974.737053}, "device": "gpu", "nd_range": {"device_start": 1585586909.3121846, "device_end": 1585586909.3139966}, "cmdq": 2, "read": {"device_start": -1, "device_end": -1}}, "FFC_sans_bias18": {"write": {"device_start": 1585586909.3116937, "host_queued_start": 1585586974.708829, "device_queued": 1585586909.3115628, "device_end": 1585586909.3117204, "host_queued_end": 1585586974.737053}, "device": "gpu", "nd_range": {"device_start": 1585586909.3117247, "device_end": 1585586909.3134463}, "cmdq": 1, "read": {"device_start": -1, "device_end": -1}}, "coalesced_transpose30": {"write": {"device_start": -1, "host_queued_start": 1585586974.72443, "device_queued": -1, "device_end": -1, "host_queued_end": 1585586974.737053}, "device": "gpu", "nd_range": {"device_start": 1585586909.3198032, "device_end": 1585586909.3201432}, "cmdq": 2, "read": {"device_start": -1, "device_end": -1}}, "FFC_sans_bias38": {"write": {"device_start": 1585586909.3155262, "host_queued_start": 1585586974.7172, "device_queued": 1585586909.3124053, "device_end": 1585586909.31556, "host_queued_end": 1585586974.737053}, "device": "gpu", "nd_range": {"device_start": 1585586909.3155684, "device_end": 1585586909.3173552}, "cmdq": 1, "read": {"device_start": -1, "device_end": -1}}, "coalesced_transpose57": {"write": {"device_start": -1, "host_queued_start": 1585586974.725347, "device_queued": -1, "device_end": -1, "host_queued_end": 1585586974.737053}, "device": "gpu", "nd_range": {"device_start": 1585586909.320244, "device_end": 1585586909.3206513}, "cmdq": 1, "read": {"device_start": -1, "device_end": -1}}, "empty26": {"write": {"device_start": 1585586909.310825, "host_queued_start": 1585586974.701285, "device_queued": 1585586909.310697, "device_end": 1585586909.3108945, "host_queued_end": 1585586974.737053}, "device": "gpu", "nd_range": {"device_start": 1585586909.3109014, "device_end": 1585586909.3109062}, "cmdq": 1, "read": {"device_start": -1, "device_end": -1}}, "coalesced_transpose12": {"write": {"device_start": -1, "host_queued_start": 1585586974.723832, "device_queued": -1, "device_end": -1, "host_queued_end": 1585586974.737053}, "device": "gpu", "nd_range": {"device_start": 1585586909.3188105, "device_end": 1585586909.3201015}, "cmdq": 0, "read": {"device_start": -1, "device_end": -1}}, "empty44": {"write": {"device_start": 1585586909.3110337, "host_queued_start": 1585586974.703081, "device_queued": 1585586909.3107474, "device_end": 1585586909.311105, "host_queued_end": 1585586974.737053}, "device": "gpu", "nd_range": {"device_start": 1585586909.311114, "device_end": 1585586909.3111198}, "cmdq": 3, "read": {"device_start": -1, "device_end": -1}}, "coalesced_transpose21": {"write": {"device_start": -1, "host_queued_start": 1585586974.724131, "device_queued": -1, "device_end": -1, "host_queued_end": 1585586974.737053}, "device": "gpu", "nd_range": {"device_start": 1585586909.319275, "device_end": 1585586909.3201282}, "cmdq": 1, "read": {"device_start": -1, "device_end": -1}}, "FFC_sans_bias36": {"write": {"device_start": 1585586909.3145642, "host_queued_start": 1585586974.715128, "device_queued": 1585586909.3120582, "device_end": 1585586909.3145955, "host_queued_end": 1585586974.737053}, "device": "gpu", "nd_range": {"device_start": 1585586909.314602, "device_end": 1585586909.3164003}, "cmdq": 3, "read": {"device_start": -1, "device_end": -1}}, "softmax14": {"write": {"device_start": -1, "host_queued_start": 1585586974.727525, "device_queued": -1, "device_end": -1, "host_queued_end": 1585586974.737053}, "device": "gpu", "nd_range": {"device_start": 1585586909.3212686, "device_end": 1585586909.3229663}, "cmdq": 0, "read": {"device_start": -1, "device_end": -1}}, "FFC_sans_bias13": {"write": {"device_start": -1, "host_queued_start": 1585586974.725665, "device_queued": -1, "device_end": -1, "host_queued_end": 1585586974.737053}, "device": "gpu", "nd_range": {"device_start": 1585586909.3202567, "device_end": 1585586909.3212473}, "cmdq": 2, "read": {"device_start": -1, "device_end": -1}}, "empty8": {"write": {"device_start": -1, "host_queued_start": 1585586974.738703, "device_queued": -1, "device_end": -1, "host_queued_end": 1585586974.745469}, "device": "cpu", "nd_range": {"device_start": 2254748.9350439003, "device_end": 2254748.9350535013}, "cmdq": 0, "read": {"device_start": -1, "device_end": -1}}, "FFC_sans_bias42": {"write": {"device_start": -1, "host_queued_start": 1585586974.730089, "device_queued": -1, "device_end": -1, "host_queued_end": 1585586974.737053}, "device": "gpu", "nd_range": {"device_start": 1585586909.324035, "device_end": 1585586909.3256505}, "cmdq": 1, "read": {"device_start": -1, "device_end": -1}}, "FFC_sans_bias43": {"write": {"device_start": 1585586909.3267257, "host_queued_start": 1585586974.734872, "device_queued": 1585586909.3146756, "device_end": 1585586909.3267508, "host_queued_end": 1585586974.737053}, "device": "gpu", "nd_range": {"device_start": 1585586909.32676, "device_end": 1585586909.3286014}, "cmdq": 3, "read": {"device_start": 1585586909.3286064, "device_end": 1585586909.328629}}, "FFC_sans_bias40": {"write": {"device_start": -1, "host_queued_start": 1585586974.726654, "device_queued": -1, "device_end": -1, "host_queued_end": 1585586974.737053}, "device": "gpu", "nd_range": {"device_start": 1585586909.320662, "device_end": 1585586909.3222384}, "cmdq": 1, "read": {"device_start": -1, "device_end": -1}}, "softmax32": {"write": {"device_start": -1, "host_queued_start": 1585586974.728015, "device_queued": -1, "device_end": -1, "host_queued_end": 1585586974.737053}, "device": "gpu", "nd_range": {"device_start": 1585586909.3227909, "device_end": 1585586909.3236454}, "cmdq": 2, "read": {"device_start": -1, "device_end": -1}}, "FFC_sans_bias47": {"write": {"device_start": 1585586909.3169873, "host_queued_start": 1585586974.720376, "device_queued": 1585586909.3126335, "device_end": 1585586909.3170204, "host_queued_end": 1585586974.737053}, "device": "gpu", "nd_range": {"device_start": 1585586909.317035, "device_end": 1585586909.3188093}, "cmdq": 0, "read": {"device_start": -1, "device_end": -1}}, "FFC_sans_bias45": {"write": {"device_start": 1585586909.3160262, "host_queued_start": 1585586974.718233, "device_queued": 1585586909.3124347, "device_end": 1585586909.3160517, "host_queued_end": 1585586974.737053}, "device": "gpu", "nd_range": {"device_start": 1585586909.3160565, "device_end": 1585586909.3178248}, "cmdq": 2, "read": {"device_start": -1, "device_end": -1}}, "softmax50": {"write": {"device_start": -1, "host_queued_start": 1585586974.728557, "device_queued": -1, "device_end": -1, "host_queued_end": 1585586974.737053}, "device": "gpu", "nd_range": {"device_start": 1585586909.3229756, "device_end": 1585586909.3236673}, "cmdq": 0, "read": {"device_start": -1, "device_end": -1}}, "FFC_sans_bias33": {"write": {"device_start": -1, "host_queued_start": 1585586974.729771, "device_queued": -1, "device_end": -1, "host_queued_end": 1585586974.737053}, "device": "gpu", "nd_range": {"device_start": 1585586909.3236773, "device_end": 1585586909.3252394}, "cmdq": 0, "read": {"device_start": -1, "device_end": -1}}, "FFC_sans_bias49": {"write": {"device_start": -1, "host_queued_start": 1585586974.726964, "device_queued": -1, "device_end": -1, "host_queued_end": 1585586974.737053}, "device": "gpu", "nd_range": {"device_start": 1585586909.3212564, "device_end": 1585586909.322782}, "cmdq": 2, "read": {"device_start": -1, "device_end": -1}}, "FFC_sans_bias24": {"write": {"device_start": -1, "host_queued_start": 1585586974.729457, "device_queued": -1, "device_end": -1, "host_queued_end": 1585586974.737053}, "device": "gpu", "nd_range": {"device_start": 1585586909.3236642, "device_end": 1585586909.3246593}, "cmdq": 3, "read": {"device_start": -1, "device_end": -1}}, "FFC_sans_bias25": {"write": {"device_start": 1585586909.325729, "host_queued_start": 1585586974.732792, "device_queued": 1585586909.3146172, "device_end": 1585586909.3257537, "host_queued_end": 1585586974.737053}, "device": "gpu", "nd_range": {"device_start": 1585586909.3257613, "device_end": 1585586909.327622}, "cmdq": 1, "read": {"device_start": 1585586909.3276267, "device_end": 1585586909.3276503}}, "FFC_sans_bias27": {"write": {"device_start": 1585586909.313118, "host_queued_start": 1585586974.711966, "device_queued": 1585586909.3118346, "device_end": 1585586909.3131444, "host_queued_end": 1585586974.737053}, "device": "gpu", "nd_range": {"device_start": 1585586909.3131492, "device_end": 1585586909.314966}, "cmdq": 0, "read": {"device_start": -1, "device_end": -1}}, "FFC_sans_bias20": {"write": {"device_start": 1585586909.3125474, "host_queued_start": 1585586974.710936, "device_queued": 1585586909.3116174, "device_end": 1585586909.3125777, "host_queued_end": 1585586974.737053}, "device": "gpu", "nd_range": {"device_start": 1585586909.3125803, "device_end": 1585586909.314425}, "cmdq": 3, "read": {"device_start": -1, "device_end": -1}}, "FFC_sans_bias22": {"write": {"device_start": -1, "host_queued_start": 1585586974.725996, "device_queued": -1, "device_end": -1, "host_queued_end": 1585586974.737053}, "device": "gpu", "nd_range": {"device_start": 1585586909.3202708, "device_end": 1585586909.3218215}, "cmdq": 3, "read": {"device_start": -1, "device_end": -1}}, "softmax5": {"write": {"device_start": -1, "host_queued_start": 1585586974.743831, "device_queued": -1, "device_end": -1, "host_queued_end": 1585586974.745469}, "device": "cpu", "nd_range": {"device_start": 2254748.951986596, "device_end": 2254748.952113089}, "cmdq": 0, "read": {"device_start": -1, "device_end": -1}}, "FFC_sans_bias28": {"write": {"device_start": 1585586909.3135636, "host_queued_start": 1585586974.713031, "device_queued": 1585586909.3120067, "device_end": 1585586909.3135946, "host_queued_end": 1585586974.737053}, "device": "gpu", "nd_range": {"device_start": 1585586909.3136008, "device_end": 1585586909.3154151}, "cmdq": 1, "read": {"device_start": -1, "device_end": -1}}, "FFC_sans_bias29": {"write": {"device_start": 1585586909.3141446, "host_queued_start": 1585586974.71407, "device_queued": 1585586909.312036, "device_end": 1585586909.3141763, "host_queued_end": 1585586974.737053}, "device": "gpu", "nd_range": {"device_start": 1585586909.3141928, "device_end": 1585586909.3159118}, "cmdq": 2, "read": {"device_start": -1, "device_end": -1}}, "empty17": {"write": {"device_start": 1585586909.310669, "host_queued_start": 1585586974.700089, "device_queued": 1585586909.3105357, "device_end": 1585586909.3106973, "host_queued_end": 1585586974.737053}, "device": "gpu", "nd_range": {"device_start": 1585586909.3107011, "device_end": 1585586909.3107097}, "cmdq": 0, "read": {"device_start": -1, "device_end": -1}}, "softmax59": {"write": {"device_start": -1, "host_queued_start": 1585586974.728827, "device_queued": -1, "device_end": -1, "host_queued_end": 1585586974.737053}, "device": "gpu", "nd_range": {"device_start": 1585586909.3236427, "device_end": 1585586909.3240266}, "cmdq": 1, "read": {"device_start": -1, "device_end": -1}}, "empty35": {"write": {"device_start": 1585586909.31092, "host_queued_start": 1585586974.702193, "device_queued": 1585586909.3107312, "device_end": 1585586909.310948, "host_queued_end": 1585586974.737053}, "device": "gpu", "nd_range": {"device_start": 1585586909.3109531, "device_end": 1585586909.3109572}, "cmdq": 2, "read": {"device_start": -1, "device_end": -1}}, "empty53": {"write": {"device_start": 1585586909.3111596, "host_queued_start": 1585586974.703918, "device_queued": 1585586909.310986, "device_end": 1585586909.3112438, "host_queued_end": 1585586974.737053}, "device": "gpu", "nd_range": {"device_start": 1585586909.3112485, "device_end": 1585586909.311252}, "cmdq": 0, "read": {"device_start": -1, "device_end": -1}}, "FFC_sans_bias46": {"write": {"device_start": 1585586909.3165078, "host_queued_start": 1585586974.719296, "device_queued": 1585586909.3124511, "device_end": 1585586909.3165395, "host_queued_end": 1585586974.737053}, "device": "gpu", "nd_range": {"device_start": 1585586909.3165536, "device_end": 1585586909.3183165}, "cmdq": 3, "read": {"device_start": -1, "device_end": -1}}, "coalesced_transpose48": {"write": {"device_start": -1, "host_queued_start": 1585586974.725023, "device_queued": -1, "device_end": -1, "host_queued_end": 1585586974.737053}, "device": "gpu", "nd_range": {"device_start": 1585586909.32011, "device_end": 1585586909.3201478}, "cmdq": 0, "read": {"device_start": -1, "device_end": -1}}}