{"FFC_sans_bias60": {"write": {"device_start": -1, "host_queued_start": 1585586891.956403, "device_queued": -1, "device_end": -1, "host_queued_end": 1585586891.96066}, "device": "gpu", "nd_range": {"device_start": 1585586826.5457628, "device_end": 1585586826.5471575}, "cmdq": 1, "read": {"device_start": -1, "device_end": -1}}, "FFC_sans_bias4": {"write": {"device_start": -1, "host_queued_start": 1585586891.975931, "device_queued": -1, "device_end": -1, "host_queued_end": 1585586891.981528}, "device": "cpu", "nd_range": {"device_start": 2254666.215893919, "device_end": 2254666.223517008}, "cmdq": 1, "read": {"device_start": -1, "device_end": -1}}, "FFC_sans_bias7": {"write": {"device_start": -1, "host_queued_start": 1585586891.979494, "device_queued": -1, "device_end": -1, "host_queued_end": 1585586891.981528}, "device": "cpu", "nd_range": {"device_start": 2254666.2466725763, "device_end": 2254666.25571076}, "cmdq": 0, "read": {"device_start": -1, "device_end": -1}}, "FFC_sans_bias6": {"write": {"device_start": -1, "host_queued_start": 1585586891.977753, "device_queued": -1, "device_end": -1, "host_queued_end": 1585586891.981528}, "device": "cpu", "nd_range": {"device_start": 2254666.238130373, "device_end": 2254666.244839868}, "cmdq": 1, "read": {"device_start": -1, "device_end": -1}}, "FFC_sans_bias1": {"write": {"device_start": -1, "host_queued_start": 1585586891.966685, "device_queued": -1, "device_end": -1, "host_queued_end": 1585586891.981528}, "device": "cpu", "nd_range": {"device_start": 2254666.1711552544, "device_end": 2254666.179029704}, "cmdq": 0, "read": {"device_start": -1, "device_end": -1}}, "FFC_sans_bias0": {"write": {"device_start": -1, "host_queued_start": 1585586891.965394, "device_queued": -1, "device_end": -1, "host_queued_end": 1585586891.981528}, "device": "cpu", "nd_range": {"device_start": 2254666.171146384, "device_end": 2254666.1795163183}, "cmdq": 1, "read": {"device_start": -1, "device_end": -1}}, "FFC_sans_bias2": {"write": {"device_start": -1, "host_queued_start": 1585586891.967749, "device_queued": -1, "device_end": -1, "host_queued_end": 1585586891.981528}, "device": "cpu", "nd_range": {"device_start": 2254666.179650401, "device_end": 2254666.188475797}, "cmdq": 1, "read": {"device_start": -1, "device_end": -1}}, "FFC_sans_bias61": {"write": {"device_start": 1585586826.5479228, "host_queued_start": 1585586891.960557, "device_queued": 1585586826.5392199, "device_end": 1585586826.5479546, "host_queued_end": 1585586891.96066}, "device": "gpu", "nd_range": {"device_start": 1585586826.5479615, "device_end": 1585586826.549092}, "cmdq": 2, "read": {"device_start": 1585586826.5491006, "device_end": 1585586826.5491238}}, "FFC_sans_bias52": {"write": {"device_start": 1585586826.547302, "host_queued_start": 1585586891.959521, "device_queued": 1585586826.5390053, "device_end": 1585586826.5473325, "host_queued_end": 1585586891.96066}, "device": "gpu", "nd_range": {"device_start": 1585586826.5473382, "device_end": 1585586826.5486276}, "cmdq": 1, "read": {"device_start": 1585586826.5486321, "device_end": 1585586826.548655}}, "FFC_sans_bias9": {"write": {"device_start": -1, "host_queued_start": 1585586891.968793, "device_queued": -1, "device_end": -1, "host_queued_end": 1585586891.981528}, "device": "cpu", "nd_range": {"device_start": 2254666.1791298133, "device_end": 2254666.185354265}, "cmdq": 0, "read": {"device_start": -1, "device_end": -1}}, "coalesced_transpose39": {"write": {"device_start": -1, "host_queued_start": 1585586891.952217, "device_queued": -1, "device_end": -1, "host_queued_end": 1585586891.96066}, "device": "gpu", "nd_range": {"device_start": 1585586826.542443, "device_end": 1585586826.54282}, "cmdq": 2, "read": {"device_start": -1, "device_end": -1}}, "FFC_sans_bias55": {"write": {"device_start": 1585586826.5415773, "host_queued_start": 1585586891.951582, "device_queued": 1585586826.537931, "device_end": 1585586826.5416105, "host_queued_end": 1585586891.96066}, "device": "gpu", "nd_range": {"device_start": 1585586826.5416152, "device_end": 1585586826.5428905}, "cmdq": 0, "read": {"device_start": -1, "device_end": -1}}, "FFC_sans_bias54": {"write": {"device_start": 1585586826.5411158, "host_queued_start": 1585586891.950526, "device_queued": 1585586826.5377011, "device_end": 1585586826.5411477, "host_queued_end": 1585586891.96066}, "device": "gpu", "nd_range": {"device_start": 1585586826.5411513, "device_end": 1585586826.5424411}, "cmdq": 2, "read": {"device_start": -1, "device_end": -1}}, "FFC_sans_bias56": {"write": {"device_start": 1585586826.540625, "host_queued_start": 1585586891.949491, "device_queued": 1585586826.5376816, "device_end": 1585586826.540657, "host_queued_end": 1585586891.96066}, "device": "gpu", "nd_range": {"device_start": 1585586826.540662, "device_end": 1585586826.5419838}, "cmdq": 1, "read": {"device_start": -1, "device_end": -1}}, "FFC_sans_bias51": {"write": {"device_start": -1, "host_queued_start": 1585586891.956098, "device_queued": -1, "device_end": -1, "host_queued_end": 1585586891.96066}, "device": "gpu", "nd_range": {"device_start": 1585586826.5455227, "device_end": 1585586826.5467343}, "cmdq": 0, "read": {"device_start": -1, "device_end": -1}}, "softmax23": {"write": {"device_start": -1, "host_queued_start": 1585586891.977419, "device_queued": -1, "device_end": -1, "host_queued_end": 1585586891.981528}, "device": "cpu", "nd_range": {"device_start": 2254666.2378318063, "device_end": 2254666.2381240823}, "cmdq": 0, "read": {"device_start": -1, "device_end": -1}}, "FFC_sans_bias37": {"write": {"device_start": 1585586826.5382197, "host_queued_start": 1585586891.944294, "device_queued": 1585586826.5371063, "device_end": 1585586826.5382507, "host_queued_end": 1585586891.96066}, "device": "gpu", "nd_range": {"device_start": 1585586826.538255, "device_end": 1585586826.53956}, "cmdq": 2, "read": {"device_start": -1, "device_end": -1}}, "empty62": {"write": {"device_start": 1585586826.53683, "host_queued_start": 1585586891.939079, "device_queued": 1585586826.5365975, "device_end": 1585586826.5368972, "host_queued_end": 1585586891.96066}, "device": "gpu", "nd_range": {"device_start": 1585586826.5369034, "device_end": 1585586826.5369074}, "cmdq": 0, "read": {"device_start": -1, "device_end": -1}}, "FFC_sans_bias58": {"write": {"device_start": -1, "host_queued_start": 1585586891.954114, "device_queued": -1, "device_end": -1, "host_queued_end": 1585586891.96066}, "device": "gpu", "nd_range": {"device_start": 1585586826.5435271, "device_end": 1585586826.5449135}, "cmdq": 2, "read": {"device_start": -1, "device_end": -1}}, "softmax41": {"write": {"device_start": -1, "host_queued_start": 1585586891.954643, "device_queued": -1, "device_end": -1, "host_queued_end": 1585586891.96066}, "device": "gpu", "nd_range": {"device_start": 1585586826.544509, "device_end": 1585586826.5451355}, "cmdq": 1, "read": {"device_start": -1, "device_end": -1}}, "FFC_sans_bias11": {"write": {"device_start": -1, "host_queued_start": 1585586891.971026, "device_queued": -1, "device_end": -1, "host_queued_end": 1585586891.981528}, "device": "cpu", "nd_range": {"device_start": 2254666.187437965, "device_end": 2254666.208775454}, "cmdq": 0, "read": {"device_start": -1, "device_end": -1}}, "FFC_sans_bias10": {"write": {"device_start": -1, "host_queued_start": 1585586891.969927, "device_queued": -1, "device_end": -1, "host_queued_end": 1585586891.981528}, "device": "cpu", "nd_range": {"device_start": 2254666.188588683, "device_end": 2254666.1971276933}, "cmdq": 1, "read": {"device_start": -1, "device_end": -1}}, "coalesced_transpose3": {"write": {"device_start": -1, "host_queued_start": 1585586891.974937, "device_queued": -1, "device_end": -1, "host_queued_end": 1585586891.981528}, "device": "cpu", "nd_range": {"device_start": 2254666.215365669, "device_end": 2254666.215710828}, "cmdq": 0, "read": {"device_start": -1, "device_end": -1}}, "FFC_sans_bias34": {"write": {"device_start": 1585586826.546302, "host_queued_start": 1585586891.957423, "device_queued": 1585586826.5388227, "device_end": 1585586826.546336, "host_queued_end": 1585586891.96066}, "device": "gpu", "nd_range": {"device_start": 1585586826.5463479, "device_end": 1585586826.547685}, "cmdq": 2, "read": {"device_start": 1585586826.5476863, "device_end": 1585586826.5477111}}, "FFC_sans_bias15": {"write": {"device_start": -1, "host_queued_start": 1585586891.978094, "device_queued": -1, "device_end": -1, "host_queued_end": 1585586891.981528}, "device": "cpu", "nd_range": {"device_start": 2254666.2381527973, "device_end": 2254666.2465406163}, "cmdq": 0, "read": {"device_start": -1, "device_end": -1}}, "FFC_sans_bias31": {"write": {"device_start": -1, "host_queued_start": 1585586891.953127, "device_queued": -1, "device_end": -1, "host_queued_end": 1585586891.96066}, "device": "gpu", "nd_range": {"device_start": 1585586826.542918, "device_end": 1585586826.5435202}, "cmdq": 2, "read": {"device_start": -1, "device_end": -1}}, "FFC_sans_bias16": {"write": {"device_start": -1, "host_queued_start": 1585586891.980498, "device_queued": -1, "device_end": -1, "host_queued_end": 1585586891.981528}, "device": "cpu", "nd_range": {"device_start": 2254666.258080189, "device_end": 2254666.264263535}, "cmdq": 1, "read": {"device_start": -1, "device_end": -1}}, "FFC_sans_bias19": {"write": {"device_start": -1, "host_queued_start": 1585586891.973438, "device_queued": -1, "device_end": -1, "host_queued_end": 1585586891.981528}, "device": "cpu", "nd_range": {"device_start": 2254666.208788542, "device_end": 2254666.215338036}, "cmdq": 0, "read": {"device_start": -1, "device_end": -1}}, "FFC_sans_bias18": {"write": {"device_start": -1, "host_queued_start": 1585586891.972288, "device_queued": -1, "device_end": -1, "host_queued_end": 1585586891.981528}, "device": "cpu", "nd_range": {"device_start": 2254666.197167259, "device_end": 2254666.2024764763}, "cmdq": 1, "read": {"device_start": -1, "device_end": -1}}, "coalesced_transpose30": {"write": {"device_start": -1, "host_queued_start": 1585586891.951914, "device_queued": -1, "device_end": -1, "host_queued_end": 1585586891.96066}, "device": "gpu", "nd_range": {"device_start": 1585586826.541985, "device_end": 1585586826.5428076}, "cmdq": 1, "read": {"device_start": -1, "device_end": -1}}, "FFC_sans_bias38": {"write": {"device_start": 1585586826.538715, "host_queued_start": 1585586891.945326, "device_queued": 1585586826.537305, "device_end": 1585586826.5387454, "host_queued_end": 1585586891.96066}, "device": "gpu", "nd_range": {"device_start": 1585586826.5387492, "device_end": 1585586826.540007}, "cmdq": 0, "read": {"device_start": -1, "device_end": -1}}, "coalesced_transpose57": {"write": {"device_start": -1, "host_queued_start": 1585586891.952818, "device_queued": -1, "device_end": -1, "host_queued_end": 1585586891.96066}, "device": "gpu", "nd_range": {"device_start": 1585586826.5429082, "device_end": 1585586826.5429327}, "cmdq": 1, "read": {"device_start": -1, "device_end": -1}}, "empty26": {"write": {"device_start": -1, "host_queued_start": 1585586891.964257, "device_queued": -1, "device_end": -1, "host_queued_end": 1585586891.981528}, "device": "cpu", "nd_range": {"device_start": 2254666.1711460883, "device_end": 2254666.171147249}, "cmdq": 0, "read": {"device_start": -1, "device_end": -1}}, "coalesced_transpose12": {"write": {"device_start": -1, "host_queued_start": 1585586891.975269, "device_queued": -1, "device_end": -1, "host_queued_end": 1585586891.981528}, "device": "cpu", "nd_range": {"device_start": 2254666.2080952213, "device_end": 2254666.208235872}, "cmdq": 1, "read": {"device_start": -1, "device_end": -1}}, "empty44": {"write": {"device_start": 1585586826.5366251, "host_queued_start": 1585586891.937294, "device_queued": 1585586826.5364695, "device_end": 1585586826.5367, "host_queued_end": 1585586891.96066}, "device": "gpu", "nd_range": {"device_start": 1585586826.536707, "device_end": 1585586826.536712}, "cmdq": 1, "read": {"device_start": -1, "device_end": -1}}, "coalesced_transpose21": {"write": {"device_start": -1, "host_queued_start": 1585586891.97559, "device_queued": -1, "device_end": -1, "host_queued_end": 1585586891.981528}, "device": "cpu", "nd_range": {"device_start": 2254666.215896597, "device_end": 2254666.216139826}, "cmdq": 0, "read": {"device_start": -1, "device_end": -1}}, "FFC_sans_bias36": {"write": {"device_start": 1585586826.5377352, "host_queued_start": 1585586891.94322, "device_queued": 1585586826.5370822, "device_end": 1585586826.53776, "host_queued_end": 1585586891.96066}, "device": "gpu", "nd_range": {"device_start": 1585586826.5377686, "device_end": 1585586826.5390272}, "cmdq": 1, "read": {"device_start": -1, "device_end": -1}}, "softmax14": {"write": {"device_start": -1, "host_queued_start": 1585586891.977152, "device_queued": -1, "device_end": -1, "host_queued_end": 1585586891.981528}, "device": "cpu", "nd_range": {"device_start": 2254666.237835808, "device_end": 2254666.237997616}, "cmdq": 1, "read": {"device_start": -1, "device_end": -1}}, "FFC_sans_bias13": {"write": {"device_start": -1, "host_queued_start": 1585586891.97627, "device_queued": -1, "device_end": -1, "host_queued_end": 1585586891.981528}, "device": "cpu", "nd_range": {"device_start": 2254666.216258575, "device_end": 2254666.2248421973}, "cmdq": 0, "read": {"device_start": -1, "device_end": -1}}, "empty8": {"write": {"device_start": -1, "host_queued_start": 1585586891.962143, "device_queued": -1, "device_end": -1, "host_queued_end": 1585586891.981528}, "device": "cpu", "nd_range": {"device_start": 2254666.171115668, "device_end": 2254666.171125844}, "cmdq": 0, "read": {"device_start": -1, "device_end": -1}}, "FFC_sans_bias42": {"write": {"device_start": -1, "host_queued_start": 1585586891.95578, "device_queued": -1, "device_end": -1, "host_queued_end": 1585586891.96066}, "device": "gpu", "nd_range": {"device_start": 1585586826.5451615, "device_end": 1585586826.5461614}, "cmdq": 2, "read": {"device_start": -1, "device_end": -1}}, "FFC_sans_bias43": {"write": {"device_start": 1585586826.5468755, "host_queued_start": 1585586891.95846, "device_queued": 1585586826.5389745, "device_end": 1585586826.5469062, "host_queued_end": 1585586891.96066}, "device": "gpu", "nd_range": {"device_start": 1585586826.5469139, "device_end": 1585586826.5481448}, "cmdq": 0, "read": {"device_start": 1585586826.5481544, "device_end": 1585586826.548178}}, "FFC_sans_bias40": {"write": {"device_start": -1, "host_queued_start": 1585586891.953471, "device_queued": -1, "device_end": -1, "host_queued_end": 1585586891.96066}, "device": "gpu", "nd_range": {"device_start": 1585586826.5429296, "device_end": 1585586826.5439236}, "cmdq": 0, "read": {"device_start": -1, "device_end": -1}}, "softmax32": {"write": {"device_start": -1, "host_queued_start": 1585586891.954365, "device_queued": -1, "device_end": -1, "host_queued_end": 1585586891.96066}, "device": "gpu", "nd_range": {"device_start": 1585586826.54393, "device_end": 1585586826.5451396}, "cmdq": 0, "read": {"device_start": -1, "device_end": -1}}, "FFC_sans_bias47": {"write": {"device_start": 1585586826.5401316, "host_queued_start": 1585586891.948464, "device_queued": 1585586826.5376186, "device_end": 1585586826.5401647, "host_queued_end": 1585586891.96066}, "device": "gpu", "nd_range": {"device_start": 1585586826.5401685, "device_end": 1585586826.541466}, "cmdq": 0, "read": {"device_start": -1, "device_end": -1}}, "FFC_sans_bias45": {"write": {"device_start": 1585586826.5391567, "host_queued_start": 1585586891.946358, "device_queued": 1585586826.5374484, "device_end": 1585586826.539188, "host_queued_end": 1585586891.96066}, "device": "gpu", "nd_range": {"device_start": 1585586826.539193, "device_end": 1585586826.5405054}, "cmdq": 1, "read": {"device_start": -1, "device_end": -1}}, "softmax50": {"write": {"device_start": -1, "host_queued_start": 1585586891.954891, "device_queued": -1, "device_end": -1, "host_queued_end": 1585586891.96066}, "device": "gpu", "nd_range": {"device_start": 1585586826.5449195, "device_end": 1585586826.5451212}, "cmdq": 2, "read": {"device_start": -1, "device_end": -1}}, "FFC_sans_bias33": {"write": {"device_start": -1, "host_queued_start": 1585586891.955468, "device_queued": -1, "device_end": -1, "host_queued_end": 1585586891.96066}, "device": "gpu", "nd_range": {"device_start": 1585586826.5451536, "device_end": 1585586826.545757}, "cmdq": 1, "read": {"device_start": -1, "device_end": -1}}, "FFC_sans_bias49": {"write": {"device_start": -1, "host_queued_start": 1585586891.953801, "device_queued": -1, "device_end": -1, "host_queued_end": 1585586891.96066}, "device": "gpu", "nd_range": {"device_start": 1585586826.5429387, "device_end": 1585586826.544503}, "cmdq": 1, "read": {"device_start": -1, "device_end": -1}}, "FFC_sans_bias24": {"write": {"device_start": -1, "host_queued_start": 1585586891.978429, "device_queued": -1, "device_end": -1, "host_queued_end": 1585586891.981528}, "device": "cpu", "nd_range": {"device_start": 2254666.2449695263, "device_end": 2254666.258058905}, "cmdq": 1, "read": {"device_start": -1, "device_end": -1}}, "FFC_sans_bias25": {"write": {"device_start": -1, "host_queued_start": 1585586891.981485, "device_queued": -1, "device_end": -1, "host_queued_end": 1585586891.981528}, "device": "cpu", "nd_range": {"device_start": 2254666.2580660842, "device_end": 2254666.265851215}, "cmdq": 0, "read": {"device_start": -1, "device_end": -1}}, "FFC_sans_bias27": {"write": {"device_start": 1585586826.5369315, "host_queued_start": 1585586891.940059, "device_queued": 1585586826.5368228, "device_end": 1585586826.5370123, "host_queued_end": 1585586891.96066}, "device": "gpu", "nd_range": {"device_start": 1585586826.5370193, "device_end": 1585586826.537625}, "cmdq": 1, "read": {"device_start": -1, "device_end": -1}}, "FFC_sans_bias20": {"write": {"device_start": -1, "host_queued_start": 1585586891.9746, "device_queued": -1, "device_end": -1, "host_queued_end": 1585586891.981528}, "device": "cpu", "nd_range": {"device_start": 2254666.202506929, "device_end": 2254666.207820766}, "cmdq": 1, "read": {"device_start": -1, "device_end": -1}}, "FFC_sans_bias22": {"write": {"device_start": -1, "host_queued_start": 1585586891.976609, "device_queued": -1, "device_end": -1, "host_queued_end": 1585586891.981528}, "device": "cpu", "nd_range": {"device_start": 2254666.223645594, "device_end": 2254666.237812894}, "cmdq": 1, "read": {"device_start": -1, "device_end": -1}}, "softmax5": {"write": {"device_start": -1, "host_queued_start": 1585586891.976883, "device_queued": -1, "device_end": -1, "host_queued_end": 1585586891.981528}, "device": "cpu", "nd_range": {"device_start": 2254666.224961242, "device_end": 2254666.2251846483}, "cmdq": 0, "read": {"device_start": -1, "device_end": -1}}, "FFC_sans_bias28": {"write": {"device_start": 1585586826.5370336, "host_queued_start": 1585586891.941096, "device_queued": 1585586826.5368447, "device_end": 1585586826.5371048, "host_queued_end": 1585586891.96066}, "device": "gpu", "nd_range": {"device_start": 1585586826.5371106, "device_end": 1585586826.5380309}, "cmdq": 2, "read": {"device_start": -1, "device_end": -1}}, "FFC_sans_bias29": {"write": {"device_start": 1585586826.537152, "host_queued_start": 1585586891.94214, "device_queued": 1585586826.5370302, "device_end": 1585586826.537177, "host_queued_end": 1585586891.96066}, "device": "gpu", "nd_range": {"device_start": 1585586826.5371797, "device_end": 1585586826.5385995}, "cmdq": 0, "read": {"device_start": -1, "device_end": -1}}, "empty17": {"write": {"device_start": -1, "host_queued_start": 1585586891.963273, "device_queued": -1, "device_end": -1, "host_queued_end": 1585586891.981528}, "device": "cpu", "nd_range": {"device_start": 2254666.171115742, "device_end": 2254666.17112606}, "cmdq": 1, "read": {"device_start": -1, "device_end": -1}}, "softmax59": {"write": {"device_start": -1, "host_queued_start": 1585586891.955159, "device_queued": -1, "device_end": -1, "host_queued_end": 1585586891.96066}, "device": "gpu", "nd_range": {"device_start": 1585586826.5451465, "device_end": 1585586826.5455167}, "cmdq": 0, "read": {"device_start": -1, "device_end": -1}}, "empty35": {"write": {"device_start": 1585586826.5364876, "host_queued_start": 1585586891.936098, "device_queued": 1585586826.5363626, "device_end": 1585586826.5365503, "host_queued_end": 1585586891.96066}, "device": "gpu", "nd_range": {"device_start": 1585586826.5365543, "device_end": 1585586826.536559}, "cmdq": 0, "read": {"device_start": -1, "device_end": -1}}, "empty53": {"write": {"device_start": 1585586826.5367415, "host_queued_start": 1585586891.938209, "device_queued": 1585586826.5365007, "device_end": 1585586826.5368066, "host_queued_end": 1585586891.96066}, "device": "gpu", "nd_range": {"device_start": 1585586826.5368104, "device_end": 1585586826.5368176}, "cmdq": 2, "read": {"device_start": -1, "device_end": -1}}, "FFC_sans_bias46": {"write": {"device_start": 1585586826.5396793, "host_queued_start": 1585586891.947432, "device_queued": 1585586826.537477, "device_end": 1585586826.5397122, "host_queued_end": 1585586891.96066}, "device": "gpu", "nd_range": {"device_start": 1585586826.5397196, "device_end": 1585586826.5409942}, "cmdq": 2, "read": {"device_start": -1, "device_end": -1}}, "coalesced_transpose48": {"write": {"device_start": -1, "host_queued_start": 1585586891.952517, "device_queued": -1, "device_end": -1, "host_queued_end": 1585586891.96066}, "device": "gpu", "nd_range": {"device_start": 1585586826.5428972, "device_end": 1585586826.5429215}, "cmdq": 0, "read": {"device_start": -1, "device_end": -1}}}