{"FFC_sans_bias60": {"write": {"device_start": -1, "host_queued_start": 1585587040.974831, "device_queued": -1, "device_end": -1, "host_queued_end": 1585587040.98119}, "device": "gpu", "nd_range": {"device_start": 1585586975.5670044, "device_end": 1585586975.5689654}, "cmdq": 3, "read": {"device_start": -1, "device_end": -1}}, "FFC_sans_bias4": {"write": {"device_start": -1, "host_queued_start": 1585587040.987866, "device_queued": -1, "device_end": -1, "host_queued_end": 1585587040.989755}, "device": "cpu", "nd_range": {"device_start": 2254815.203576454, "device_end": 2254815.2083572983}, "cmdq": 1, "read": {"device_start": -1, "device_end": -1}}, "FFC_sans_bias7": {"write": {"device_start": -1, "host_queued_start": 1585587040.989704, "device_queued": -1, "device_end": -1, "host_queued_end": 1585587040.989755}, "device": "cpu", "nd_range": {"device_start": 2254815.2157296473, "device_end": 2254815.222128197}, "cmdq": 0, "read": {"device_start": -1, "device_end": -1}}, "FFC_sans_bias6": {"write": {"device_start": -1, "host_queued_start": 1585587040.988517, "device_queued": -1, "device_end": -1, "host_queued_end": 1585587040.989755}, "device": "cpu", "nd_range": {"device_start": 2254815.208895294, "device_end": 2254815.215382059}, "cmdq": 3, "read": {"device_start": -1, "device_end": -1}}, "FFC_sans_bias1": {"write": {"device_start": -1, "host_queued_start": 1585587040.985564, "device_queued": -1, "device_end": -1, "host_queued_end": 1585587040.989755}, "device": "cpu", "nd_range": {"device_start": 2254815.179367431, "device_end": 2254815.203440053}, "cmdq": 2, "read": {"device_start": -1, "device_end": -1}}, "FFC_sans_bias0": {"write": {"device_start": -1, "host_queued_start": 1585587040.984212, "device_queued": -1, "device_end": -1, "host_queued_end": 1585587040.989755}, "device": "cpu", "nd_range": {"device_start": 2254815.1793564484, "device_end": 2254815.2034390504}, "cmdq": 1, "read": {"device_start": -1, "device_end": -1}}, "FFC_sans_bias2": {"write": {"device_start": -1, "host_queued_start": 1585587040.986986, "device_queued": -1, "device_end": -1, "host_queued_end": 1585587040.989755}, "device": "cpu", "nd_range": {"device_start": 2254815.179376088, "device_end": 2254815.187088891}, "cmdq": 3, "read": {"device_start": -1, "device_end": -1}}, "FFC_sans_bias61": {"write": {"device_start": 1585586975.5705988, "host_queued_start": 1585587040.981091, "device_queued": 1585586975.5575156, "device_end": 1585586975.570624, "host_queued_end": 1585587040.98119}, "device": "gpu", "nd_range": {"device_start": 1585586975.5706322, "device_end": 1585586975.5718465}, "cmdq": 1, "read": {"device_start": 1585586975.5718493, "device_end": 1585586975.5718727}}, "FFC_sans_bias52": {"write": {"device_start": 1585586975.5696578, "host_queued_start": 1585587040.980054, "device_queued": 1585586975.5572915, "device_end": 1585586975.5696828, "host_queued_end": 1585587040.98119}, "device": "gpu", "nd_range": {"device_start": 1585586975.5696924, "device_end": 1585586975.5713885}, "cmdq": 0, "read": {"device_start": 1585586975.5713973, "device_end": 1585586975.5714195}}, "FFC_sans_bias9": {"write": {"device_start": 1585586975.5537114, "host_queued_start": 1585587040.949752, "device_queued": 1585586975.5534716, "device_end": 1585586975.5537722, "host_queued_end": 1585587040.98119}, "device": "gpu", "nd_range": {"device_start": 1585586975.5537767, "device_end": 1585586975.554383}, "cmdq": 2, "read": {"device_start": -1, "device_end": -1}}, "coalesced_transpose39": {"write": {"device_start": -1, "host_queued_start": 1585587040.968783, "device_queued": -1, "device_end": -1, "host_queued_end": 1585587040.98119}, "device": "gpu", "nd_range": {"device_start": 1585586975.5625484, "device_end": 1585586975.56259}, "cmdq": 3, "read": {"device_start": -1, "device_end": -1}}, "FFC_sans_bias55": {"write": {"device_start": 1585586975.5607255, "host_queued_start": 1585587040.967535, "device_queued": 1585586975.5552328, "device_end": 1585586975.5607522, "host_queued_end": 1585587040.98119}, "device": "gpu", "nd_range": {"device_start": 1585586975.560756, "device_end": 1585586975.5625405}, "cmdq": 3, "read": {"device_start": -1, "device_end": -1}}, "FFC_sans_bias54": {"write": {"device_start": 1585586975.5602412, "host_queued_start": 1585587040.966492, "device_queued": 1585586975.5551932, "device_end": 1585586975.5602684, "host_queued_end": 1585587040.98119}, "device": "gpu", "nd_range": {"device_start": 1585586975.5602746, "device_end": 1585586975.562102}, "cmdq": 2, "read": {"device_start": -1, "device_end": -1}}, "FFC_sans_bias56": {"write": {"device_start": 1585586975.5598, "host_queued_start": 1585587040.965464, "device_queued": 1585586975.5551746, "device_end": 1585586975.5598311, "host_queued_end": 1585587040.98119}, "device": "gpu", "nd_range": {"device_start": 1585586975.559838, "device_end": 1585586975.5615878}, "cmdq": 1, "read": {"device_start": -1, "device_end": -1}}, "FFC_sans_bias51": {"write": {"device_start": -1, "host_queued_start": 1585587040.974494, "device_queued": -1, "device_end": -1, "host_queued_end": 1585587040.98119}, "device": "gpu", "nd_range": {"device_start": 1585586975.5665958, "device_end": 1585586975.5679774}, "cmdq": 2, "read": {"device_start": -1, "device_end": -1}}, "softmax23": {"write": {"device_start": -1, "host_queued_start": 1585587040.971797, "device_queued": -1, "device_end": -1, "host_queued_end": 1585587040.98119}, "device": "gpu", "nd_range": {"device_start": 1585586975.564591, "device_end": 1585586975.5659902}, "cmdq": 1, "read": {"device_start": -1, "device_end": -1}}, "FFC_sans_bias37": {"write": {"device_start": 1585586975.5573428, "host_queued_start": 1585587040.960246, "device_queued": 1585586975.5546753, "device_end": 1585586975.5573697, "host_queued_end": 1585587040.98119}, "device": "gpu", "nd_range": {"device_start": 1585586975.5573828, "device_end": 1585586975.5591743}, "cmdq": 0, "read": {"device_start": -1, "device_end": -1}}, "empty62": {"write": {"device_start": 1585586975.5536096, "host_queued_start": 1585587040.948787, "device_queued": 1585586975.553445, "device_end": 1585586975.553675, "host_queued_end": 1585587040.98119}, "device": "gpu", "nd_range": {"device_start": 1585586975.5536807, "device_end": 1585586975.55369}, "cmdq": 1, "read": {"device_start": -1, "device_end": -1}}, "FFC_sans_bias58": {"write": {"device_start": -1, "host_queued_start": 1585587040.97129, "device_queued": -1, "device_end": -1, "host_queued_end": 1585587040.98119}, "device": "gpu", "nd_range": {"device_start": 1585586975.5641162, "device_end": 1585586975.5655537}, "cmdq": 3, "read": {"device_start": -1, "device_end": -1}}, "softmax41": {"write": {"device_start": -1, "host_queued_start": 1585587040.972309, "device_queued": -1, "device_end": -1, "host_queued_end": 1585587040.98119}, "device": "gpu", "nd_range": {"device_start": 1585586975.5655632, "device_end": 1585586975.5657718}, "cmdq": 3, "read": {"device_start": -1, "device_end": -1}}, "FFC_sans_bias11": {"write": {"device_start": 1585586975.5539277, "host_queued_start": 1585587040.951892, "device_queued": 1585586975.553807, "device_end": 1585586975.553953, "host_queued_end": 1585587040.98119}, "device": "gpu", "nd_range": {"device_start": 1585586975.5539553, "device_end": 1585586975.555359}, "cmdq": 0, "read": {"device_start": -1, "device_end": -1}}, "FFC_sans_bias10": {"write": {"device_start": 1585586975.5538368, "host_queued_start": 1585587040.950848, "device_queued": 1585586975.5534885, "device_end": 1585586975.5539043, "host_queued_end": 1585587040.98119}, "device": "gpu", "nd_range": {"device_start": 1585586975.55391, "device_end": 1585586975.5547812}, "cmdq": 3, "read": {"device_start": -1, "device_end": -1}}, "coalesced_transpose3": {"write": {"device_start": -1, "host_queued_start": 1585587040.98744, "device_queued": -1, "device_end": -1, "host_queued_end": 1585587040.989755}, "device": "cpu", "nd_range": {"device_start": 2254815.2034680033, "device_end": 2254815.2035637973}, "cmdq": 0, "read": {"device_start": -1, "device_end": -1}}, "FFC_sans_bias34": {"write": {"device_start": 1585586975.5680542, "host_queued_start": 1585587040.977973, "device_queued": 1585586975.556985, "device_end": 1585586975.56808, "host_queued_end": 1585587040.98119}, "device": "gpu", "nd_range": {"device_start": 1585586975.5680888, "device_end": 1585586975.5699623}, "cmdq": 2, "read": {"device_start": 1585586975.569966, "device_end": 1585586975.5699892}}, "FFC_sans_bias15": {"write": {"device_start": -1, "host_queued_start": 1585587040.973228, "device_queued": -1, "device_end": -1, "host_queued_end": 1585587040.98119}, "device": "gpu", "nd_range": {"device_start": 1585586975.565982, "device_end": 1585586975.5665865}, "cmdq": 2, "read": {"device_start": -1, "device_end": -1}}, "FFC_sans_bias31": {"write": {"device_start": -1, "host_queued_start": 1585587040.970336, "device_queued": -1, "device_end": -1, "host_queued_end": 1585587040.98119}, "device": "gpu", "nd_range": {"device_start": 1585586975.5625613, "device_end": 1585586975.563157}, "cmdq": 0, "read": {"device_start": -1, "device_end": -1}}, "FFC_sans_bias16": {"write": {"device_start": 1585586975.567648, "host_queued_start": 1585587040.975887, "device_queued": 1585586975.5567555, "device_end": 1585586975.5676734, "host_queued_end": 1585587040.98119}, "device": "gpu", "nd_range": {"device_start": 1585586975.5676866, "device_end": 1585586975.5694811}, "cmdq": 0, "read": {"device_start": 1585586975.5694885, "device_end": 1585586975.5695124}}, "FFC_sans_bias19": {"write": {"device_start": 1585586975.5545225, "host_queued_start": 1585587040.954002, "device_queued": 1585586975.5540013, "device_end": 1585586975.5545528, "host_queued_end": 1585587040.98119}, "device": "gpu", "nd_range": {"device_start": 1585586975.55456, "device_end": 1585586975.556324}, "cmdq": 2, "read": {"device_start": -1, "device_end": -1}}, "FFC_sans_bias18": {"write": {"device_start": 1585586975.5540814, "host_queued_start": 1585587040.952972, "device_queued": 1585586975.553965, "device_end": 1585586975.5541124, "host_queued_end": 1585587040.98119}, "device": "gpu", "nd_range": {"device_start": 1585586975.5541158, "device_end": 1585586975.5557785}, "cmdq": 1, "read": {"device_start": -1, "device_end": -1}}, "coalesced_transpose30": {"write": {"device_start": -1, "host_queued_start": 1585587040.968477, "device_queued": -1, "device_end": -1, "host_queued_end": 1585587040.98119}, "device": "gpu", "nd_range": {"device_start": 1585586975.562108, "device_end": 1585586975.5624642}, "cmdq": 2, "read": {"device_start": -1, "device_end": -1}}, "FFC_sans_bias38": {"write": {"device_start": 1585586975.5578907, "host_queued_start": 1585587040.961284, "device_queued": 1585586975.554811, "device_end": 1585586975.557918, "host_queued_end": 1585587040.98119}, "device": "gpu", "nd_range": {"device_start": 1585586975.5579224, "device_end": 1585586975.5597117}, "cmdq": 1, "read": {"device_start": -1, "device_end": -1}}, "coalesced_transpose57": {"write": {"device_start": -1, "host_queued_start": 1585587040.969384, "device_queued": -1, "device_end": -1, "host_queued_end": 1585587040.98119}, "device": "gpu", "nd_range": {"device_start": 1585586975.5625746, "device_end": 1585586975.5629902}, "cmdq": 1, "read": {"device_start": -1, "device_end": -1}}, "empty26": {"write": {"device_start": 1585586975.5531857, "host_queued_start": 1585587040.945327, "device_queued": 1585586975.5530272, "device_end": 1585586975.553264, "host_queued_end": 1585587040.98119}, "device": "gpu", "nd_range": {"device_start": 1585586975.5532708, "device_end": 1585586975.553283}, "cmdq": 1, "read": {"device_start": -1, "device_end": -1}}, "coalesced_transpose12": {"write": {"device_start": -1, "host_queued_start": 1585587040.967868, "device_queued": -1, "device_end": -1, "host_queued_end": 1585587040.98119}, "device": "gpu", "nd_range": {"device_start": 1585586975.5611303, "device_end": 1585586975.56243}, "cmdq": 0, "read": {"device_start": -1, "device_end": -1}}, "empty44": {"write": {"device_start": 1585586975.5534027, "host_queued_start": 1585587040.947135, "device_queued": 1585586975.5530803, "device_end": 1585586975.5534813, "host_queued_end": 1585587040.98119}, "device": "gpu", "nd_range": {"device_start": 1585586975.5534866, "device_end": 1585586975.5534909}, "cmdq": 3, "read": {"device_start": -1, "device_end": -1}}, "coalesced_transpose21": {"write": {"device_start": -1, "host_queued_start": 1585587040.968169, "device_queued": -1, "device_end": -1, "host_queued_end": 1585587040.98119}, "device": "gpu", "nd_range": {"device_start": 1585586975.5615902, "device_end": 1585586975.562451}, "cmdq": 1, "read": {"device_start": -1, "device_end": -1}}, "FFC_sans_bias36": {"write": {"device_start": 1585586975.5568776, "host_queued_start": 1585587040.959219, "device_queued": 1585586975.5544684, "device_end": 1585586975.5569081, "host_queued_end": 1585587040.98119}, "device": "gpu", "nd_range": {"device_start": 1585586975.5569131, "device_end": 1585586975.5587265}, "cmdq": 3, "read": {"device_start": -1, "device_end": -1}}, "softmax14": {"write": {"device_start": -1, "host_queued_start": 1585587040.971548, "device_queued": -1, "device_end": -1, "host_queued_end": 1585587040.98119}, "device": "gpu", "nd_range": {"device_start": 1585586975.563613, "device_end": 1585586975.565232}, "cmdq": 0, "read": {"device_start": -1, "device_end": -1}}, "FFC_sans_bias13": {"write": {"device_start": -1, "host_queued_start": 1585587040.969703, "device_queued": -1, "device_end": -1, "host_queued_end": 1585587040.98119}, "device": "gpu", "nd_range": {"device_start": 1585586975.5625868, "device_end": 1585586975.5635912}, "cmdq": 2, "read": {"device_start": -1, "device_end": -1}}, "empty8": {"write": {"device_start": -1, "host_queued_start": 1585587040.982964, "device_queued": -1, "device_end": -1, "host_queued_end": 1585587040.989755}, "device": "cpu", "nd_range": {"device_start": 2254815.179331451, "device_end": 2254815.179343015}, "cmdq": 0, "read": {"device_start": -1, "device_end": -1}}, "FFC_sans_bias42": {"write": {"device_start": -1, "host_queued_start": 1585587040.97417, "device_queued": -1, "device_end": -1, "host_queued_end": 1585587040.98119}, "device": "gpu", "nd_range": {"device_start": 1585586975.5667686, "device_end": 1585586975.568538}, "cmdq": 1, "read": {"device_start": -1, "device_end": -1}}, "FFC_sans_bias43": {"write": {"device_start": 1585586975.5690475, "host_queued_start": 1585587040.979017, "device_queued": 1585586975.5570207, "device_end": 1585586975.5690718, "host_queued_end": 1585587040.98119}, "device": "gpu", "nd_range": {"device_start": 1585586975.56908, "device_end": 1585586975.5709338}, "cmdq": 3, "read": {"device_start": 1585586975.5709438, "device_end": 1585586975.5709667}}, "FFC_sans_bias40": {"write": {"device_start": -1, "host_queued_start": 1585587040.970656, "device_queued": -1, "device_end": -1, "host_queued_end": 1585587040.98119}, "device": "gpu", "nd_range": {"device_start": 1585586975.5630002, "device_end": 1585586975.564581}, "cmdq": 1, "read": {"device_start": -1, "device_end": -1}}, "softmax32": {"write": {"device_start": -1, "host_queued_start": 1585587040.972061, "device_queued": -1, "device_end": -1, "host_queued_end": 1585587040.98119}, "device": "gpu", "nd_range": {"device_start": 1585586975.5650685, "device_end": 1585586975.5659738}, "cmdq": 2, "read": {"device_start": -1, "device_end": -1}}, "FFC_sans_bias47": {"write": {"device_start": 1585586975.5592754, "host_queued_start": 1585587040.96443, "device_queued": 1585586975.5550406, "device_end": 1585586975.5593016, "host_queued_end": 1585587040.98119}, "device": "gpu", "nd_range": {"device_start": 1585586975.5593064, "device_end": 1585586975.5611284}, "cmdq": 0, "read": {"device_start": -1, "device_end": -1}}, "FFC_sans_bias45": {"write": {"device_start": 1585586975.5583317, "host_queued_start": 1585587040.962315, "device_queued": 1585586975.5548344, "device_end": 1585586975.5583642, "host_queued_end": 1585587040.98119}, "device": "gpu", "nd_range": {"device_start": 1585586975.5583797, "device_end": 1585586975.5601587}, "cmdq": 2, "read": {"device_start": -1, "device_end": -1}}, "softmax50": {"write": {"device_start": -1, "host_queued_start": 1585587040.972646, "device_queued": -1, "device_end": -1, "host_queued_end": 1585587040.98119}, "device": "gpu", "nd_range": {"device_start": 1585586975.5652413, "device_end": 1585586975.5659869}, "cmdq": 0, "read": {"device_start": -1, "device_end": -1}}, "FFC_sans_bias33": {"write": {"device_start": -1, "host_queued_start": 1585587040.973857, "device_queued": -1, "device_end": -1, "host_queued_end": 1585587040.98119}, "device": "gpu", "nd_range": {"device_start": 1585586975.5660207, "device_end": 1585586975.567556}, "cmdq": 0, "read": {"device_start": -1, "device_end": -1}}, "FFC_sans_bias49": {"write": {"device_start": -1, "host_queued_start": 1585587040.970974, "device_queued": -1, "device_end": -1, "host_queued_end": 1585587040.98119}, "device": "gpu", "nd_range": {"device_start": 1585586975.5636005, "device_end": 1585586975.5650597}, "cmdq": 2, "read": {"device_start": -1, "device_end": -1}}, "FFC_sans_bias24": {"write": {"device_start": -1, "host_queued_start": 1585587040.973541, "device_queued": -1, "device_end": -1, "host_queued_end": 1585587040.98119}, "device": "gpu", "nd_range": {"device_start": 1585586975.5660105, "device_end": 1585586975.5669956}, "cmdq": 3, "read": {"device_start": -1, "device_end": -1}}, "FFC_sans_bias25": {"write": {"device_start": 1585586975.5686147, "host_queued_start": 1585587040.976934, "device_queued": 1585586975.5569572, "device_end": 1585586975.5686405, "host_queued_end": 1585587040.98119}, "device": "gpu", "nd_range": {"device_start": 1585586975.5686495, "device_end": 1585586975.5704443}, "cmdq": 1, "read": {"device_start": 1585586975.5704458, "device_end": 1585586975.5704687}}, "FFC_sans_bias27": {"write": {"device_start": 1585586975.5554705, "host_queued_start": 1585587040.956091, "device_queued": 1585586975.5542505, "device_end": 1585586975.5555015, "host_queued_end": 1585587040.98119}, "device": "gpu", "nd_range": {"device_start": 1585586975.5555062, "device_end": 1585586975.5572512}, "cmdq": 0, "read": {"device_start": -1, "device_end": -1}}, "FFC_sans_bias20": {"write": {"device_start": 1585586975.5548868, "host_queued_start": 1585587040.955071, "device_queued": 1585586975.5540164, "device_end": 1585586975.5549116, "host_queued_end": 1585587040.98119}, "device": "gpu", "nd_range": {"device_start": 1585586975.5549157, "device_end": 1585586975.5567746}, "cmdq": 3, "read": {"device_start": -1, "device_end": -1}}, "FFC_sans_bias22": {"write": {"device_start": -1, "host_queued_start": 1585587040.970018, "device_queued": -1, "device_end": -1, "host_queued_end": 1585587040.98119}, "device": "gpu", "nd_range": {"device_start": 1585586975.5626013, "device_end": 1585586975.564108}, "cmdq": 3, "read": {"device_start": -1, "device_end": -1}}, "softmax5": {"write": {"device_start": -1, "host_queued_start": 1585587040.988181, "device_queued": -1, "device_end": -1, "host_queued_end": 1585587040.989755}, "device": "cpu", "nd_range": {"device_start": 2254815.208754063, "device_end": 2254815.2088827672}, "cmdq": 2, "read": {"device_start": -1, "device_end": -1}}, "FFC_sans_bias28": {"write": {"device_start": 1585586975.555925, "host_queued_start": 1585587040.957118, "device_queued": 1585586975.5544212, "device_end": 1585586975.5559564, "host_queued_end": 1585587040.98119}, "device": "gpu", "nd_range": {"device_start": 1585586975.5559604, "device_end": 1585586975.5577567}, "cmdq": 1, "read": {"device_start": -1, "device_end": -1}}, "FFC_sans_bias29": {"write": {"device_start": 1585586975.5564637, "host_queued_start": 1585587040.958151, "device_queued": 1585586975.5544522, "device_end": 1585586975.5564954, "host_queued_end": 1585587040.98119}, "device": "gpu", "nd_range": {"device_start": 1585586975.556502, "device_end": 1585586975.5582147}, "cmdq": 2, "read": {"device_start": -1, "device_end": -1}}, "empty17": {"write": {"device_start": 1585586975.5530624, "host_queued_start": 1585587040.944139, "device_queued": 1585586975.5529165, "device_end": 1585586975.553104, "host_queued_end": 1585587040.98119}, "device": "gpu", "nd_range": {"device_start": 1585586975.5531204, "device_end": 1585586975.5531251}, "cmdq": 0, "read": {"device_start": -1, "device_end": -1}}, "softmax59": {"write": {"device_start": -1, "host_queued_start": 1585587040.972906, "device_queued": -1, "device_end": -1, "host_queued_end": 1585587040.98119}, "device": "gpu", "nd_range": {"device_start": 1585586975.5659993, "device_end": 1585586975.5667598}, "cmdq": 1, "read": {"device_start": -1, "device_end": -1}}, "empty35": {"write": {"device_start": 1585586975.553295, "host_queued_start": 1585587040.946246, "device_queued": 1585586975.553049, "device_end": 1585586975.5533805, "host_queued_end": 1585587040.98119}, "device": "gpu", "nd_range": {"device_start": 1585586975.5533845, "device_end": 1585586975.5533903}, "cmdq": 2, "read": {"device_start": -1, "device_end": -1}}, "empty53": {"write": {"device_start": 1585586975.5535057, "host_queued_start": 1585587040.947972, "device_queued": 1585586975.5533934, "device_end": 1585586975.5535693, "host_queued_end": 1585587040.98119}, "device": "gpu", "nd_range": {"device_start": 1585586975.5535734, "device_end": 1585586975.553578}, "cmdq": 0, "read": {"device_start": -1, "device_end": -1}}, "FFC_sans_bias46": {"write": {"device_start": 1585586975.5588593, "host_queued_start": 1585587040.963384, "device_queued": 1585586975.5548534, "device_end": 1585586975.5588844, "host_queued_end": 1585587040.98119}, "device": "gpu", "nd_range": {"device_start": 1585586975.558901, "device_end": 1585586975.5606315}, "cmdq": 3, "read": {"device_start": -1, "device_end": -1}}, "coalesced_transpose48": {"write": {"device_start": -1, "host_queued_start": 1585587040.96908, "device_queued": -1, "device_end": -1, "host_queued_end": 1585587040.98119}, "device": "gpu", "nd_range": {"device_start": 1585586975.562439, "device_end": 1585586975.5624702}, "cmdq": 0, "read": {"device_start": -1, "device_end": -1}}}