{"FFC_sans_bias60": {"write": {"device_start": -1, "host_queued_start": 1585587159.559316, "device_queued": -1, "device_end": -1, "host_queued_end": 1585587159.562513}, "device": "gpu", "nd_range": {"device_start": 1585587094.138016, "device_end": 1585587094.1392145}, "cmdq": 3, "read": {"device_start": -1, "device_end": -1}}, "FFC_sans_bias4": {"write": {"device_start": -1, "host_queued_start": 1585587159.581805, "device_queued": -1, "device_end": -1, "host_queued_end": 1585587159.589465}, "device": "cpu", "nd_range": {"device_start": 2254933.858821391, "device_end": 2254933.877496077}, "cmdq": 0, "read": {"device_start": -1, "device_end": -1}}, "FFC_sans_bias7": {"write": {"device_start": -1, "host_queued_start": 1585587159.586394, "device_queued": -1, "device_end": -1, "host_queued_end": 1585587159.589465}, "device": "cpu", "nd_range": {"device_start": 2254933.8829328544, "device_end": 2254933.8890246223}, "cmdq": 0, "read": {"device_start": -1, "device_end": -1}}, "FFC_sans_bias6": {"write": {"device_start": -1, "host_queued_start": 1585587159.584303, "device_queued": -1, "device_end": -1, "host_queued_end": 1585587159.589465}, "device": "cpu", "nd_range": {"device_start": 2254933.877613473, "device_end": 2254933.882927388}, "cmdq": 0, "read": {"device_start": -1, "device_end": -1}}, "FFC_sans_bias1": {"write": {"device_start": -1, "host_queued_start": 1585587159.569118, "device_queued": -1, "device_end": -1, "host_queued_end": 1585587159.589465}, "device": "cpu", "nd_range": {"device_start": 2254933.7792122983, "device_end": 2254933.7943778574}, "cmdq": 1, "read": {"device_start": -1, "device_end": -1}}, "FFC_sans_bias0": {"write": {"device_start": -1, "host_queued_start": 1585587159.568067, "device_queued": -1, "device_end": -1, "host_queued_end": 1585587159.589465}, "device": "cpu", "nd_range": {"device_start": 2254933.779066121, "device_end": 2254933.795312934}, "cmdq": 0, "read": {"device_start": -1, "device_end": -1}}, "FFC_sans_bias2": {"write": {"device_start": -1, "host_queued_start": 1585587159.570352, "device_queued": -1, "device_end": -1, "host_queued_end": 1585587159.589465}, "device": "cpu", "nd_range": {"device_start": 2254933.7793544633, "device_end": 2254933.794703635}, "cmdq": 2, "read": {"device_start": -1, "device_end": -1}}, "FFC_sans_bias61": {"write": {"device_start": 1585587094.1383586, "host_queued_start": 1585587159.562413, "device_queued": 1585587094.1333559, "device_end": 1585587094.1383893, "host_queued_end": 1585587159.562513}, "device": "gpu", "nd_range": {"device_start": 1585587094.1392193, "device_end": 1585587094.1401532}, "cmdq": 1, "read": {"device_start": 1585587094.1401613, "device_end": 1585587094.1401849}}, "FFC_sans_bias52": {"write": {"device_start": 1585587094.138026, "host_queued_start": 1585587159.561366, "device_queued": 1585587094.1331434, "device_end": 1585587094.138079, "host_queued_end": 1585587159.562513}, "device": "gpu", "nd_range": {"device_start": 1585587094.13865, "device_end": 1585587094.1396396}, "cmdq": 0, "read": {"device_start": 1585587094.1407702, "device_end": 1585587094.1407983}}, "FFC_sans_bias9": {"write": {"device_start": -1, "host_queued_start": 1585587159.571431, "device_queued": -1, "device_end": -1, "host_queued_end": 1585587159.589465}, "device": "cpu", "nd_range": {"device_start": 2254933.7790864822, "device_end": 2254933.79434977}, "cmdq": 3, "read": {"device_start": -1, "device_end": -1}}, "coalesced_transpose39": {"write": {"device_start": -1, "host_queued_start": 1585587159.556024, "device_queued": -1, "device_end": -1, "host_queued_end": 1585587159.562513}, "device": "gpu", "nd_range": {"device_start": 1585587094.1341782, "device_end": 1585587094.1359406}, "cmdq": 2, "read": {"device_start": -1, "device_end": -1}}, "FFC_sans_bias55": {"write": {"device_start": 1585587094.1337943, "host_queued_start": 1585587159.555699, "device_queued": 1585587094.1323173, "device_end": 1585587094.1338258, "host_queued_end": 1585587159.562513}, "device": "gpu", "nd_range": {"device_start": 1585587094.1338334, "device_end": 1585587094.1360886}, "cmdq": 1, "read": {"device_start": -1, "device_end": -1}}, "FFC_sans_bias54": {"write": {"device_start": 1585587094.133394, "host_queued_start": 1585587159.554665, "device_queued": 1585587094.132255, "device_end": 1585587094.1334264, "host_queued_end": 1585587159.562513}, "device": "gpu", "nd_range": {"device_start": 1585587094.1334312, "device_end": 1585587094.1356437}, "cmdq": 0, "read": {"device_start": -1, "device_end": -1}}, "FFC_sans_bias56": {"write": {"device_start": 1585587094.1328, "host_queued_start": 1585587159.553599, "device_queued": 1585587094.1320393, "device_end": 1585587094.1328294, "host_queued_end": 1585587159.562513}, "device": "gpu", "nd_range": {"device_start": 1585587094.1328347, "device_end": 1585587094.1351223}, "cmdq": 4, "read": {"device_start": -1, "device_end": -1}}, "FFC_sans_bias51": {"write": {"device_start": -1, "host_queued_start": 1585587159.559001, "device_queued": -1, "device_end": -1, "host_queued_end": 1585587159.562513}, "device": "gpu", "nd_range": {"device_start": 1585587094.1380062, "device_end": 1585587094.138642}, "cmdq": 2, "read": {"device_start": -1, "device_end": -1}}, "softmax23": {"write": {"device_start": -1, "host_queued_start": 1585587159.58369, "device_queued": -1, "device_end": -1, "host_queued_end": 1585587159.589465}, "device": "cpu", "nd_range": {"device_start": 2254933.835412138, "device_end": 2254933.835629127}, "cmdq": 2, "read": {"device_start": -1, "device_end": -1}}, "FFC_sans_bias37": {"write": {"device_start": 1585587094.1316843, "host_queued_start": 1585587159.548332, "device_queued": 1585587094.1315548, "device_end": 1585587094.1317506, "host_queued_end": 1585587159.562513}, "device": "gpu", "nd_range": {"device_start": 1585587094.1317537, "device_end": 1585587094.1326692}, "cmdq": 4, "read": {"device_start": -1, "device_end": -1}}, "empty62": {"write": {"device_start": 1585587094.1314805, "host_queued_start": 1585587159.546201, "device_queued": 1585587094.1312683, "device_end": 1585587094.131537, "host_queued_end": 1585587159.562513}, "device": "gpu", "nd_range": {"device_start": 1585587094.1316311, "device_end": 1585587094.1316586}, "cmdq": 2, "read": {"device_start": -1, "device_end": -1}}, "FFC_sans_bias58": {"write": {"device_start": -1, "host_queued_start": 1585587159.557582, "device_queued": -1, "device_end": -1, "host_queued_end": 1585587159.562513}, "device": "gpu", "nd_range": {"device_start": 1585587094.1369371, "device_end": 1585587094.137559}, "cmdq": 2, "read": {"device_start": -1, "device_end": -1}}, "softmax41": {"write": {"device_start": -1, "host_queued_start": 1585587159.557839, "device_queued": -1, "device_end": -1, "host_queued_end": 1585587159.562513}, "device": "gpu", "nd_range": {"device_start": 1585587094.136943, "device_end": 1585587094.1376147}, "cmdq": 3, "read": {"device_start": -1, "device_end": -1}}, "FFC_sans_bias11": {"write": {"device_start": -1, "host_queued_start": 1585587159.573679, "device_queued": -1, "device_end": -1, "host_queued_end": 1585587159.589465}, "device": "cpu", "nd_range": {"device_start": 2254933.794408703, "device_end": 2254933.809719387}, "cmdq": 1, "read": {"device_start": -1, "device_end": -1}}, "FFC_sans_bias10": {"write": {"device_start": -1, "host_queued_start": 1585587159.57254, "device_queued": -1, "device_end": -1, "host_queued_end": 1585587159.589465}, "device": "cpu", "nd_range": {"device_start": 2254933.795324141, "device_end": 2254933.82623466}, "cmdq": 0, "read": {"device_start": -1, "device_end": -1}}, "coalesced_transpose3": {"write": {"device_start": -1, "host_queued_start": 1585587159.580475, "device_queued": -1, "device_end": -1, "host_queued_end": 1585587159.589465}, "device": "cpu", "nd_range": {"device_start": 2254933.8553390563, "device_end": 2254933.8588122753}, "cmdq": 0, "read": {"device_start": -1, "device_end": -1}}, "FFC_sans_bias34": {"write": {"device_start": -1, "host_queued_start": 1585587159.589419, "device_queued": -1, "device_end": -1, "host_queued_end": 1585587159.589465}, "device": "cpu", "nd_range": {"device_start": 2254933.857810094, "device_end": 2254933.8730977583}, "cmdq": 3, "read": {"device_start": -1, "device_end": -1}}, "FFC_sans_bias15": {"write": {"device_start": -1, "host_queued_start": 1585587159.584644, "device_queued": -1, "device_end": -1, "host_queued_end": 1585587159.589465}, "device": "cpu", "nd_range": {"device_start": 2254933.8504544473, "device_end": 2254933.866030109}, "cmdq": 1, "read": {"device_start": -1, "device_end": -1}}, "FFC_sans_bias31": {"write": {"device_start": -1, "host_queued_start": 1585587159.582863, "device_queued": -1, "device_end": -1, "host_queued_end": 1585587159.589465}, "device": "cpu", "nd_range": {"device_start": 2254933.8267633403, "device_end": 2254933.842046854}, "cmdq": 3, "read": {"device_start": -1, "device_end": -1}}, "FFC_sans_bias16": {"write": {"device_start": -1, "host_queued_start": 1585587159.587405, "device_queued": -1, "device_end": -1, "host_queued_end": 1585587159.589465}, "device": "cpu", "nd_range": {"device_start": 2254933.8661542963, "device_end": 2254933.875406405}, "cmdq": 1, "read": {"device_start": -1, "device_end": -1}}, "FFC_sans_bias19": {"write": {"device_start": -1, "host_queued_start": 1585587159.575817, "device_queued": -1, "device_end": -1, "host_queued_end": 1585587159.589465}, "device": "cpu", "nd_range": {"device_start": 2254933.794507406, "device_end": 2254933.809822876}, "cmdq": 3, "read": {"device_start": -1, "device_end": -1}}, "FFC_sans_bias18": {"write": {"device_start": -1, "host_queued_start": 1585587159.57477, "device_queued": -1, "device_end": -1, "host_queued_end": 1585587159.589465}, "device": "cpu", "nd_range": {"device_start": 2254933.7948174723, "device_end": 2254933.811107939}, "cmdq": 2, "read": {"device_start": -1, "device_end": -1}}, "coalesced_transpose30": {"write": {"device_start": -1, "host_queued_start": 1585587159.581459, "device_queued": -1, "device_end": -1, "host_queued_end": 1585587159.589465}, "device": "cpu", "nd_range": {"device_start": 2254933.826462883, "device_end": 2254933.826631015}, "cmdq": 3, "read": {"device_start": -1, "device_end": -1}}, "FFC_sans_bias38": {"write": {"device_start": 1585587094.1317835, "host_queued_start": 1585587159.549407, "device_queued": 1585587094.1316814, "device_end": 1585587094.131811, "host_queued_end": 1585587159.562513}, "device": "gpu", "nd_range": {"device_start": 1585587094.1318421, "device_end": 1585587094.1332495}, "cmdq": 0, "read": {"device_start": -1, "device_end": -1}}, "coalesced_transpose57": {"write": {"device_start": -1, "host_queued_start": 1585587159.55663, "device_queued": -1, "device_end": -1, "host_queued_end": 1585587159.562513}, "device": "gpu", "nd_range": {"device_start": 1585587094.1361077, "device_end": 1585587094.136926}, "cmdq": 4, "read": {"device_start": -1, "device_end": -1}}, "empty26": {"write": {"device_start": -1, "host_queued_start": 1585587159.566221, "device_queued": -1, "device_end": -1, "host_queued_end": 1585587159.589465}, "device": "cpu", "nd_range": {"device_start": 2254933.779336932, "device_end": 2254933.7793405834}, "cmdq": 2, "read": {"device_start": -1, "device_end": -1}}, "coalesced_transpose12": {"write": {"device_start": -1, "host_queued_start": 1585587159.580809, "device_queued": -1, "device_end": -1, "host_queued_end": 1585587159.589465}, "device": "cpu", "nd_range": {"device_start": 2254933.8343392443, "device_end": 2254933.834585593}, "cmdq": 1, "read": {"device_start": -1, "device_end": -1}}, "empty44": {"write": {"device_start": 1585587094.1312683, "host_queued_start": 1585587159.544093, "device_queued": 1585587094.131141, "device_end": 1585587094.1313298, "host_queued_end": 1585587159.562513}, "device": "gpu", "nd_range": {"device_start": 1585587094.1313338, "device_end": 1585587094.1313393}, "cmdq": 0, "read": {"device_start": -1, "device_end": -1}}, "coalesced_transpose21": {"write": {"device_start": -1, "host_queued_start": 1585587159.581135, "device_queued": -1, "device_end": -1, "host_queued_end": 1585587159.589465}, "device": "cpu", "nd_range": {"device_start": 2254933.8264669473, "device_end": 2254933.8266710863}, "cmdq": 2, "read": {"device_start": -1, "device_end": -1}}, "FFC_sans_bias36": {"write": {"device_start": 1585587094.131588, "host_queued_start": 1585587159.54725, "device_queued": 1585587094.1312964, "device_end": 1585587094.1316557, "host_queued_end": 1585587159.562513}, "device": "gpu", "nd_range": {"device_start": 1585587094.13166, "device_end": 1585587094.132265}, "cmdq": 3, "read": {"device_start": -1, "device_end": -1}}, "softmax14": {"write": {"device_start": -1, "host_queued_start": 1585587159.583413, "device_queued": -1, "device_end": -1, "host_queued_end": 1585587159.589465}, "device": "cpu", "nd_range": {"device_start": 2254933.850139845, "device_end": 2254933.850345644}, "cmdq": 1, "read": {"device_start": -1, "device_end": -1}}, "FFC_sans_bias13": {"write": {"device_start": -1, "host_queued_start": 1585587159.582149, "device_queued": -1, "device_end": -1, "host_queued_end": 1585587159.589465}, "device": "cpu", "nd_range": {"device_start": 2254933.834735388, "device_end": 2254933.850012065}, "cmdq": 1, "read": {"device_start": -1, "device_end": -1}}, "empty8": {"write": {"device_start": -1, "host_queued_start": 1585587159.564083, "device_queued": -1, "device_end": -1, "host_queued_end": 1585587159.589465}, "device": "cpu", "nd_range": {"device_start": 2254933.7790569123, "device_end": 2254933.779057931}, "cmdq": 0, "read": {"device_start": -1, "device_end": -1}}, "FFC_sans_bias42": {"write": {"device_start": -1, "host_queued_start": 1585587159.558681, "device_queued": -1, "device_end": -1, "host_queued_end": 1585587159.562513}, "device": "gpu", "nd_range": {"device_start": 1585587094.1376243, "device_end": 1585587094.1382291}, "cmdq": 1, "read": {"device_start": -1, "device_end": -1}}, "FFC_sans_bias43": {"write": {"device_start": 1585587094.138139, "host_queued_start": 1585587159.560328, "device_queued": 1585587094.1330962, "device_end": 1585587094.138175, "host_queued_end": 1585587159.562513}, "device": "gpu", "nd_range": {"device_start": 1585587094.139225, "device_end": 1585587094.1406012}, "cmdq": 4, "read": {"device_start": 1585587094.140611, "device_end": 1585587094.1406345}}, "FFC_sans_bias40": {"write": {"device_start": -1, "host_queued_start": 1585587159.55695, "device_queued": -1, "device_end": -1, "host_queued_end": 1585587159.562513}, "device": "gpu", "nd_range": {"device_start": 1585587094.135952, "device_end": 1585587094.1366062}, "cmdq": 0, "read": {"device_start": -1, "device_end": -1}}, "softmax32": {"write": {"device_start": -1, "host_queued_start": 1585587159.583959, "device_queued": -1, "device_end": -1, "host_queued_end": 1585587159.589465}, "device": "cpu", "nd_range": {"device_start": 2254933.842176003, "device_end": 2254933.8423835123}, "cmdq": 3, "read": {"device_start": -1, "device_end": -1}}, "FFC_sans_bias47": {"write": {"device_start": 1585587094.1323786, "host_queued_start": 1585587159.552564, "device_queued": 1585587094.131891, "device_end": 1585587094.132408, "host_queued_end": 1585587159.562513}, "device": "gpu", "nd_range": {"device_start": 1585587094.132414, "device_end": 1585587094.1346643}, "cmdq": 3, "read": {"device_start": -1, "device_end": -1}}, "FFC_sans_bias45": {"write": {"device_start": 1585587094.13195, "host_queued_start": 1585587159.550471, "device_queued": 1585587094.1318495, "device_end": 1585587094.1320157, "host_queued_end": 1585587159.562513}, "device": "gpu", "nd_range": {"device_start": 1585587094.1320877, "device_end": 1585587094.1336737}, "cmdq": 1, "read": {"device_start": -1, "device_end": -1}}, "softmax50": {"write": {"device_start": -1, "host_queued_start": 1585587159.558089, "device_queued": -1, "device_end": -1, "host_queued_end": 1585587159.562513}, "device": "gpu", "nd_range": {"device_start": 1585587094.1376188, "device_end": 1585587094.1379972}, "cmdq": 4, "read": {"device_start": -1, "device_end": -1}}, "FFC_sans_bias33": {"write": {"device_start": -1, "host_queued_start": 1585587159.58533, "device_queued": -1, "device_end": -1, "host_queued_end": 1585587159.589465}, "device": "cpu", "nd_range": {"device_start": 2254933.842499387, "device_end": 2254933.8577064513}, "cmdq": 3, "read": {"device_start": -1, "device_end": -1}}, "FFC_sans_bias49": {"write": {"device_start": -1, "host_queued_start": 1585587159.557268, "device_queued": -1, "device_end": -1, "host_queued_end": 1585587159.562513}, "device": "gpu", "nd_range": {"device_start": 1585587094.136095, "device_end": 1585587094.1370723}, "cmdq": 1, "read": {"device_start": -1, "device_end": -1}}, "FFC_sans_bias24": {"write": {"device_start": -1, "host_queued_start": 1585587159.584984, "device_queued": -1, "device_end": -1, "host_queued_end": 1585587159.589465}, "device": "cpu", "nd_range": {"device_start": 2254933.835738526, "device_end": 2254933.851128302}, "cmdq": 2, "read": {"device_start": -1, "device_end": -1}}, "FFC_sans_bias25": {"write": {"device_start": -1, "host_queued_start": 1585587159.588403, "device_queued": -1, "device_end": -1, "host_queued_end": 1585587159.589465}, "device": "cpu", "nd_range": {"device_start": 2254933.8512507263, "device_end": 2254933.86780146}, "cmdq": 2, "read": {"device_start": -1, "device_end": -1}}, "FFC_sans_bias27": {"write": {"device_start": -1, "host_queued_start": 1585587159.578016, "device_queued": -1, "device_end": -1, "host_queued_end": 1585587159.589465}, "device": "cpu", "nd_range": {"device_start": 2254933.809946496, "device_end": 2254933.825170075}, "cmdq": 1, "read": {"device_start": -1, "device_end": -1}}, "FFC_sans_bias20": {"write": {"device_start": -1, "host_queued_start": 1585587159.576966, "device_queued": -1, "device_end": -1, "host_queued_end": 1585587159.589465}, "device": "cpu", "nd_range": {"device_start": 2254933.827681389, "device_end": 2254933.855328267}, "cmdq": 0, "read": {"device_start": -1, "device_end": -1}}, "FFC_sans_bias22": {"write": {"device_start": -1, "host_queued_start": 1585587159.582493, "device_queued": -1, "device_end": -1, "host_queued_end": 1585587159.589465}, "device": "cpu", "nd_range": {"device_start": 2254933.8266850533, "device_end": 2254933.835295658}, "cmdq": 2, "read": {"device_start": -1, "device_end": -1}}, "softmax5": {"write": {"device_start": -1, "host_queued_start": 1585587159.58314, "device_queued": -1, "device_end": -1, "host_queued_end": 1585587159.589465}, "device": "cpu", "nd_range": {"device_start": 2254933.877502711, "device_end": 2254933.87760868}, "cmdq": 0, "read": {"device_start": -1, "device_end": -1}}, "FFC_sans_bias28": {"write": {"device_start": -1, "host_queued_start": 1585587159.57909, "device_queued": -1, "device_end": -1, "host_queued_end": 1585587159.589465}, "device": "cpu", "nd_range": {"device_start": 2254933.811232142, "device_end": 2254933.8262349362}, "cmdq": 2, "read": {"device_start": -1, "device_end": -1}}, "FFC_sans_bias29": {"write": {"device_start": -1, "host_queued_start": 1585587159.580144, "device_queued": -1, "device_end": -1, "host_queued_end": 1585587159.589465}, "device": "cpu", "nd_range": {"device_start": 2254933.809849508, "device_end": 2254933.825120584}, "cmdq": 3, "read": {"device_start": -1, "device_end": -1}}, "empty17": {"write": {"device_start": -1, "host_queued_start": 1585587159.565214, "device_queued": -1, "device_end": -1, "host_queued_end": 1585587159.589465}, "device": "cpu", "nd_range": {"device_start": 2254933.7790275, "device_end": 2254933.779039712}, "cmdq": 1, "read": {"device_start": -1, "device_end": -1}}, "softmax59": {"write": {"device_start": -1, "host_queued_start": 1585587159.558329, "device_queued": -1, "device_end": -1, "host_queued_end": 1585587159.562513}, "device": "gpu", "nd_range": {"device_start": 1585587094.1375685, "device_end": 1585587094.1378775}, "cmdq": 0, "read": {"device_start": -1, "device_end": -1}}, "empty35": {"write": {"device_start": -1, "host_queued_start": 1585587159.567082, "device_queued": -1, "device_end": -1, "host_queued_end": 1585587159.589465}, "device": "cpu", "nd_range": {"device_start": 2254933.779065037, "device_end": 2254933.7790701813}, "cmdq": 3, "read": {"device_start": -1, "device_end": -1}}, "empty53": {"write": {"device_start": 1585587094.1313896, "host_queued_start": 1585587159.54528, "device_queued": 1585587094.1312459, "device_end": 1585587094.131458, "host_queued_end": 1585587159.562513}, "device": "gpu", "nd_range": {"device_start": 1585587094.1315956, "device_end": 1585587094.1316545}, "cmdq": 1, "read": {"device_start": -1, "device_end": -1}}, "FFC_sans_bias46": {"write": {"device_start": 1585587094.1320462, "host_queued_start": 1585587159.551526, "device_queued": 1585587094.1318758, "device_end": 1585587094.1320715, "host_queued_end": 1585587159.562513}, "device": "gpu", "nd_range": {"device_start": 1585587094.1321023, "device_end": 1585587094.134177}, "cmdq": 2, "read": {"device_start": -1, "device_end": -1}}, "coalesced_transpose48": {"write": {"device_start": -1, "host_queued_start": 1585587159.556323, "device_queued": -1, "device_end": -1, "host_queued_end": 1585587159.562513}, "device": "gpu", "nd_range": {"device_start": 1585587094.1346686, "device_end": 1585587094.135972}, "cmdq": 3, "read": {"device_start": -1, "device_end": -1}}}