{"FFC_sans_bias60": {"write": {"device_start": -1, "host_queued_start": 1585586803.708507, "device_queued": -1, "device_end": -1, "host_queued_end": 1585586803.712781}, "device": "gpu", "nd_range": {"device_start": 1585586738.3005514, "device_end": 1585586738.3015416}, "cmdq": 1, "read": {"device_start": -1, "device_end": -1}}, "FFC_sans_bias4": {"write": {"device_start": -1, "host_queued_start": 1585586803.728084, "device_queued": -1, "device_end": -1, "host_queued_end": 1585586803.733737}, "device": "cpu", "nd_range": {"device_start": 2254577.966095555, "device_end": 2254577.9737300803}, "cmdq": 0, "read": {"device_start": -1, "device_end": -1}}, "FFC_sans_bias7": {"write": {"device_start": -1, "host_queued_start": 1585586803.731687, "device_queued": -1, "device_end": -1, "host_queued_end": 1585586803.733737}, "device": "cpu", "nd_range": {"device_start": 2254577.98877362, "device_end": 2254578.000567003}, "cmdq": 0, "read": {"device_start": -1, "device_end": -1}}, "FFC_sans_bias6": {"write": {"device_start": -1, "host_queued_start": 1585586803.729943, "device_queued": -1, "device_end": -1, "host_queued_end": 1585586803.733737}, "device": "cpu", "nd_range": {"device_start": 2254577.9741639243, "device_end": 2254577.988765446}, "cmdq": 0, "read": {"device_start": -1, "device_end": -1}}, "FFC_sans_bias1": {"write": {"device_start": -1, "host_queued_start": 1585586803.718754, "device_queued": -1, "device_end": -1, "host_queued_end": 1585586803.733737}, "device": "cpu", "nd_range": {"device_start": 2254577.923353737, "device_end": 2254577.931857591}, "cmdq": 1, "read": {"device_start": -1, "device_end": -1}}, "FFC_sans_bias0": {"write": {"device_start": -1, "host_queued_start": 1585586803.717618, "device_queued": -1, "device_end": -1, "host_queued_end": 1585586803.733737}, "device": "cpu", "nd_range": {"device_start": 2254577.9233536823, "device_end": 2254577.93587218}, "cmdq": 0, "read": {"device_start": -1, "device_end": -1}}, "FFC_sans_bias2": {"write": {"device_start": -1, "host_queued_start": 1585586803.719851, "device_queued": -1, "device_end": -1, "host_queued_end": 1585586803.733737}, "device": "cpu", "nd_range": {"device_start": 2254577.923404727, "device_end": 2254577.93892048}, "cmdq": 2, "read": {"device_start": -1, "device_end": -1}}, "FFC_sans_bias61": {"write": {"device_start": 1585586738.302734, "host_queued_start": 1585586803.71268, "device_queued": 1585586738.2939122, "device_end": 1585586738.3027647, "host_queued_end": 1585586803.712781}, "device": "gpu", "nd_range": {"device_start": 1585586738.3027675, "device_end": 1585586738.3035004}, "cmdq": 1, "read": {"device_start": 1585586738.3035078, "device_end": 1585586738.3035316}}, "FFC_sans_bias52": {"write": {"device_start": 1585586738.3023043, "host_queued_start": 1585586803.711643, "device_queued": 1585586738.2938766, "device_end": 1585586738.3023353, "host_queued_end": 1585586803.712781}, "device": "gpu", "nd_range": {"device_start": 1585586738.3023381, "device_end": 1585586738.3030255}, "cmdq": 0, "read": {"device_start": 1585586738.30303, "device_end": 1585586738.3030531}}, "FFC_sans_bias9": {"write": {"device_start": -1, "host_queued_start": 1585586803.720938, "device_queued": -1, "device_end": -1, "host_queued_end": 1585586803.733737}, "device": "cpu", "nd_range": {"device_start": 2254577.938818687, "device_end": 2254577.952971624}, "cmdq": 0, "read": {"device_start": -1, "device_end": -1}}, "coalesced_transpose39": {"write": {"device_start": -1, "host_queued_start": 1585586803.704311, "device_queued": -1, "device_end": -1, "host_queued_end": 1585586803.712781}, "device": "gpu", "nd_range": {"device_start": 1585586738.2973902, "device_end": 1585586738.2976992}, "cmdq": 1, "read": {"device_start": -1, "device_end": -1}}, "FFC_sans_bias55": {"write": {"device_start": 1585586738.2964926, "host_queued_start": 1585586803.703676, "device_queued": 1585586738.2925513, "device_end": 1585586738.2965188, "host_queued_end": 1585586803.712781}, "device": "gpu", "nd_range": {"device_start": 1585586738.2965243, "device_end": 1585586738.2973874}, "cmdq": 1, "read": {"device_start": -1, "device_end": -1}}, "FFC_sans_bias54": {"write": {"device_start": 1585586738.2960415, "host_queued_start": 1585586803.702642, "device_queued": 1585586738.292483, "device_end": 1585586738.2960694, "host_queued_end": 1585586803.712781}, "device": "gpu", "nd_range": {"device_start": 1585586738.296074, "device_end": 1585586738.2968764}, "cmdq": 0, "read": {"device_start": -1, "device_end": -1}}, "FFC_sans_bias56": {"write": {"device_start": 1585586738.2955348, "host_queued_start": 1585586803.701533, "device_queued": 1585586738.2923422, "device_end": 1585586738.2955608, "host_queued_end": 1585586803.712781}, "device": "gpu", "nd_range": {"device_start": 1585586738.2955654, "device_end": 1585586738.296407}, "cmdq": 1, "read": {"device_start": -1, "device_end": -1}}, "FFC_sans_bias51": {"write": {"device_start": -1, "host_queued_start": 1585586803.708196, "device_queued": -1, "device_end": -1, "host_queued_end": 1585586803.712781}, "device": "gpu", "nd_range": {"device_start": 1585586738.3001463, "device_end": 1585586738.301122}, "cmdq": 0, "read": {"device_start": -1, "device_end": -1}}, "softmax23": {"write": {"device_start": -1, "host_queued_start": 1585586803.729604, "device_queued": -1, "device_end": -1, "host_queued_end": 1585586803.733737}, "device": "cpu", "nd_range": {"device_start": 2254577.984282556, "device_end": 2254577.9844887913}, "cmdq": 2, "read": {"device_start": -1, "device_end": -1}}, "FFC_sans_bias37": {"write": {"device_start": 1585586738.2932644, "host_queued_start": 1585586803.696299, "device_queued": 1585586738.2917318, "device_end": 1585586738.2932954, "host_queued_end": 1585586803.712781}, "device": "gpu", "nd_range": {"device_start": 1585586738.2933, "device_end": 1585586738.294017}, "cmdq": 0, "read": {"device_start": -1, "device_end": -1}}, "empty62": {"write": {"device_start": 1585586738.2912931, "host_queued_start": 1585586803.691111, "device_queued": 1585586738.291069, "device_end": 1585586738.291348, "host_queued_end": 1585586803.712781}, "device": "gpu", "nd_range": {"device_start": 1585586738.2913547, "device_end": 1585586738.2913587}, "cmdq": 1, "read": {"device_start": -1, "device_end": -1}}, "FFC_sans_bias58": {"write": {"device_start": -1, "host_queued_start": 1585586803.706235, "device_queued": -1, "device_end": -1, "host_queued_end": 1585586803.712781}, "device": "gpu", "nd_range": {"device_start": 1585586738.2983315, "device_end": 1585586738.2993066}, "cmdq": 1, "read": {"device_start": -1, "device_end": -1}}, "softmax41": {"write": {"device_start": -1, "host_queued_start": 1585586803.706764, "device_queued": -1, "device_end": -1, "host_queued_end": 1585586803.712781}, "device": "gpu", "nd_range": {"device_start": 1585586738.299308, "device_end": 1585586738.299513}, "cmdq": 1, "read": {"device_start": -1, "device_end": -1}}, "FFC_sans_bias11": {"write": {"device_start": -1, "host_queued_start": 1585586803.723183, "device_queued": -1, "device_end": -1, "host_queued_end": 1585586803.733737}, "device": "cpu", "nd_range": {"device_start": 2254577.939044419, "device_end": 2254577.952936715}, "cmdq": 2, "read": {"device_start": -1, "device_end": -1}}, "FFC_sans_bias10": {"write": {"device_start": -1, "host_queued_start": 1585586803.722099, "device_queued": -1, "device_end": -1, "host_queued_end": 1585586803.733737}, "device": "cpu", "nd_range": {"device_start": 2254577.9319785982, "device_end": 2254577.9400118804}, "cmdq": 1, "read": {"device_start": -1, "device_end": -1}}, "coalesced_transpose3": {"write": {"device_start": -1, "host_queued_start": 1585586803.727075, "device_queued": -1, "device_end": -1, "host_queued_end": 1585586803.733737}, "device": "cpu", "nd_range": {"device_start": 2254577.965545757, "device_end": 2254577.965979841}, "cmdq": 0, "read": {"device_start": -1, "device_end": -1}}, "FFC_sans_bias34": {"write": {"device_start": 1585586738.301281, "host_queued_start": 1585586803.709517, "device_queued": 1585586738.2936447, "device_end": 1585586738.301313, "host_queued_end": 1585586803.712781}, "device": "gpu", "nd_range": {"device_start": 1585586738.301316, "device_end": 1585586738.3020816}, "cmdq": 0, "read": {"device_start": 1585586738.3020844, "device_end": 1585586738.302109}}, "FFC_sans_bias15": {"write": {"device_start": -1, "host_queued_start": 1585586803.73029, "device_queued": -1, "device_end": -1, "host_queued_end": 1585586803.733737}, "device": "cpu", "nd_range": {"device_start": 2254577.969441633, "device_end": 2254577.981713734}, "cmdq": 1, "read": {"device_start": -1, "device_end": -1}}, "FFC_sans_bias31": {"write": {"device_start": -1, "host_queued_start": 1585586803.705261, "device_queued": -1, "device_end": -1, "host_queued_end": 1585586803.712781}, "device": "gpu", "nd_range": {"device_start": 1585586738.2972758, "device_end": 1585586738.2978776}, "cmdq": 0, "read": {"device_start": -1, "device_end": -1}}, "FFC_sans_bias16": {"write": {"device_start": -1, "host_queued_start": 1585586803.732698, "device_queued": -1, "device_end": -1, "host_queued_end": 1585586803.733737}, "device": "cpu", "nd_range": {"device_start": 2254577.9818349853, "device_end": 2254577.991427264}, "cmdq": 1, "read": {"device_start": -1, "device_end": -1}}, "FFC_sans_bias19": {"write": {"device_start": -1, "host_queued_start": 1585586803.725598, "device_queued": -1, "device_end": -1, "host_queued_end": 1585586803.733737}, "device": "cpu", "nd_range": {"device_start": 2254577.940019811, "device_end": 2254577.9519464322}, "cmdq": 1, "read": {"device_start": -1, "device_end": -1}}, "FFC_sans_bias18": {"write": {"device_start": -1, "host_queued_start": 1585586803.724424, "device_queued": -1, "device_end": -1, "host_queued_end": 1585586803.733737}, "device": "cpu", "nd_range": {"device_start": 2254577.9529830674, "device_end": 2254577.9654114502}, "cmdq": 0, "read": {"device_start": -1, "device_end": -1}}, "coalesced_transpose30": {"write": {"device_start": -1, "host_queued_start": 1585586803.704007, "device_queued": -1, "device_end": -1, "host_queued_end": 1585586803.712781}, "device": "gpu", "nd_range": {"device_start": 1585586738.2968776, "device_end": 1585586738.2972517}, "cmdq": 0, "read": {"device_start": -1, "device_end": -1}}, "FFC_sans_bias38": {"write": {"device_start": 1585586738.2935915, "host_queued_start": 1585586803.697336, "device_queued": 1585586738.2917757, "device_end": 1585586738.293624, "host_queued_end": 1585586803.712781}, "device": "gpu", "nd_range": {"device_start": 1585586738.2936277, "device_end": 1585586738.2944627}, "cmdq": 1, "read": {"device_start": -1, "device_end": -1}}, "coalesced_transpose57": {"write": {"device_start": -1, "host_queued_start": 1585586803.704935, "device_queued": -1, "device_end": -1, "host_queued_end": 1585586803.712781}, "device": "gpu", "nd_range": {"device_start": 1585586738.2977006, "device_end": 1585586738.2977197}, "cmdq": 1, "read": {"device_start": -1, "device_end": -1}}, "empty26": {"write": {"device_start": -1, "host_queued_start": 1585586803.716549, "device_queued": -1, "device_end": -1, "host_queued_end": 1585586803.733737}, "device": "cpu", "nd_range": {"device_start": 2254577.923384385, "device_end": 2254577.9233896784}, "cmdq": 2, "read": {"device_start": -1, "device_end": -1}}, "coalesced_transpose12": {"write": {"device_start": -1, "host_queued_start": 1585586803.72741, "device_queued": -1, "device_end": -1, "host_queued_end": 1585586803.733737}, "device": "cpu", "nd_range": {"device_start": 2254577.952075538, "device_end": 2254577.952310612}, "cmdq": 1, "read": {"device_start": -1, "device_end": -1}}, "empty44": {"write": {"device_start": 1585586738.2910817, "host_queued_start": 1585586803.68931, "device_queued": 1585586738.2909744, "device_end": 1585586738.2911456, "host_queued_end": 1585586803.712781}, "device": "gpu", "nd_range": {"device_start": 1585586738.2911494, "device_end": 1585586738.2911537}, "cmdq": 1, "read": {"device_start": -1, "device_end": -1}}, "coalesced_transpose21": {"write": {"device_start": -1, "host_queued_start": 1585586803.727738, "device_queued": -1, "device_end": -1, "host_queued_end": 1585586803.733737}, "device": "cpu", "nd_range": {"device_start": 2254577.967159743, "device_end": 2254577.967399356}, "cmdq": 2, "read": {"device_start": -1, "device_end": -1}}, "FFC_sans_bias36": {"write": {"device_start": 1585586738.292606, "host_queued_start": 1585586803.695257, "device_queued": 1585586738.2915866, "device_end": 1585586738.292637, "host_queued_end": 1585586803.712781}, "device": "gpu", "nd_range": {"device_start": 1585586738.292641, "device_end": 1585586738.2934675}, "cmdq": 1, "read": {"device_start": -1, "device_end": -1}}, "softmax14": {"write": {"device_start": -1, "host_queued_start": 1585586803.72933, "device_queued": -1, "device_end": -1, "host_queued_end": 1585586803.733737}, "device": "cpu", "nd_range": {"device_start": 2254577.969115747, "device_end": 2254577.969332031}, "cmdq": 1, "read": {"device_start": -1, "device_end": -1}}, "FFC_sans_bias13": {"write": {"device_start": -1, "host_queued_start": 1585586803.728431, "device_queued": -1, "device_end": -1, "host_queued_end": 1585586803.733737}, "device": "cpu", "nd_range": {"device_start": 2254577.952422453, "device_end": 2254577.968997971}, "cmdq": 1, "read": {"device_start": -1, "device_end": -1}}, "empty8": {"write": {"device_start": -1, "host_queued_start": 1585586803.714227, "device_queued": -1, "device_end": -1, "host_queued_end": 1585586803.733737}, "device": "cpu", "nd_range": {"device_start": 2254577.9233214282, "device_end": 2254577.923333942}, "cmdq": 0, "read": {"device_start": -1, "device_end": -1}}, "FFC_sans_bias42": {"write": {"device_start": -1, "host_queued_start": 1585586803.707882, "device_queued": -1, "device_end": -1, "host_queued_end": 1585586803.712781}, "device": "gpu", "nd_range": {"device_start": 1585586738.2998827, "device_end": 1585586738.3005505}, "cmdq": 1, "read": {"device_start": -1, "device_end": -1}}, "FFC_sans_bias43": {"write": {"device_start": 1585586738.3016932, "host_queued_start": 1585586803.710568, "device_queued": 1585586738.293699, "device_end": 1585586738.301725, "host_queued_end": 1585586803.712781}, "device": "gpu", "nd_range": {"device_start": 1585586738.301729, "device_end": 1585586738.3025265}, "cmdq": 1, "read": {"device_start": 1585586738.302529, "device_end": 1585586738.3025532}}, "FFC_sans_bias40": {"write": {"device_start": -1, "host_queued_start": 1585586803.705603, "device_queued": -1, "device_end": -1, "host_queued_end": 1585586803.712781}, "device": "gpu", "nd_range": {"device_start": 1585586738.297721, "device_end": 1585586738.2983303}, "cmdq": 1, "read": {"device_start": -1, "device_end": -1}}, "softmax32": {"write": {"device_start": -1, "host_queued_start": 1585586803.706486, "device_queued": -1, "device_end": -1, "host_queued_end": 1585586803.712781}, "device": "gpu", "nd_range": {"device_start": 1585586738.2988663, "device_end": 1585586738.2993348}, "cmdq": 0, "read": {"device_start": -1, "device_end": -1}}, "FFC_sans_bias47": {"write": {"device_start": 1585586738.2950473, "host_queued_start": 1585586803.700495, "device_queued": 1585586738.2922802, "device_end": 1585586738.2950716, "host_queued_end": 1585586803.712781}, "device": "gpu", "nd_range": {"device_start": 1585586738.2950752, "device_end": 1585586738.2959383}, "cmdq": 0, "read": {"device_start": -1, "device_end": -1}}, "FFC_sans_bias45": {"write": {"device_start": 1585586738.2941039, "host_queued_start": 1585586803.698366, "device_queued": 1585586738.2919326, "device_end": 1585586738.2941322, "host_queued_end": 1585586803.712781}, "device": "gpu", "nd_range": {"device_start": 1585586738.294138, "device_end": 1585586738.29496}, "cmdq": 0, "read": {"device_start": -1, "device_end": -1}}, "softmax50": {"write": {"device_start": -1, "host_queued_start": 1585586803.707012, "device_queued": -1, "device_end": -1, "host_queued_end": 1585586803.712781}, "device": "gpu", "nd_range": {"device_start": 1585586738.299336, "device_end": 1585586738.2995403}, "cmdq": 0, "read": {"device_start": -1, "device_end": -1}}, "FFC_sans_bias33": {"write": {"device_start": -1, "host_queued_start": 1585586803.707568, "device_queued": -1, "device_end": -1, "host_queued_end": 1585586803.712781}, "device": "gpu", "nd_range": {"device_start": 1585586738.2995412, "device_end": 1585586738.3001447}, "cmdq": 0, "read": {"device_start": -1, "device_end": -1}}, "FFC_sans_bias49": {"write": {"device_start": -1, "host_queued_start": 1585586803.705921, "device_queued": -1, "device_end": -1, "host_queued_end": 1585586803.712781}, "device": "gpu", "nd_range": {"device_start": 1585586738.2978787, "device_end": 1585586738.298865}, "cmdq": 0, "read": {"device_start": -1, "device_end": -1}}, "FFC_sans_bias24": {"write": {"device_start": -1, "host_queued_start": 1585586803.730642, "device_queued": -1, "device_end": -1, "host_queued_end": 1585586803.733737}, "device": "cpu", "nd_range": {"device_start": 2254577.984603736, "device_end": 2254577.997680665}, "cmdq": 2, "read": {"device_start": -1, "device_end": -1}}, "FFC_sans_bias25": {"write": {"device_start": -1, "host_queued_start": 1585586803.733693, "device_queued": -1, "device_end": -1, "host_queued_end": 1585586803.733737}, "device": "cpu", "nd_range": {"device_start": 2254577.9976889063, "device_end": 2254578.0023849853}, "cmdq": 2, "read": {"device_start": -1, "device_end": -1}}, "FFC_sans_bias27": {"write": {"device_start": 1585586738.2913964, "host_queued_start": 1585586803.692092, "device_queued": 1585586738.2912986, "device_end": 1585586738.2914622, "host_queued_end": 1585586803.712781}, "device": "gpu", "nd_range": {"device_start": 1585586738.2914681, "device_end": 1585586738.2920713}, "cmdq": 0, "read": {"device_start": -1, "device_end": -1}}, "FFC_sans_bias20": {"write": {"device_start": -1, "host_queued_start": 1585586803.726738, "device_queued": -1, "device_end": -1, "host_queued_end": 1585586803.733737}, "device": "cpu", "nd_range": {"device_start": 2254577.953139124, "device_end": 2254577.967047415}, "cmdq": 2, "read": {"device_start": -1, "device_end": -1}}, "FFC_sans_bias22": {"write": {"device_start": -1, "host_queued_start": 1585586803.72878, "device_queued": -1, "device_end": -1, "host_queued_end": 1585586803.733737}, "device": "cpu", "nd_range": {"device_start": 2254577.967509191, "device_end": 2254577.984166537}, "cmdq": 2, "read": {"device_start": -1, "device_end": -1}}, "softmax5": {"write": {"device_start": -1, "host_queued_start": 1585586803.729058, "device_queued": -1, "device_end": -1, "host_queued_end": 1585586803.733737}, "device": "cpu", "nd_range": {"device_start": 2254577.973848387, "device_end": 2254577.974056576}, "cmdq": 0, "read": {"device_start": -1, "device_end": -1}}, "FFC_sans_bias28": {"write": {"device_start": 1585586738.2914999, "host_queued_start": 1585586803.693136, "device_queued": 1585586738.2913496, "device_end": 1585586738.291533, "host_queued_end": 1585586803.712781}, "device": "gpu", "nd_range": {"device_start": 1585586738.2915366, "device_end": 1585586738.2924771}, "cmdq": 1, "read": {"device_start": -1, "device_end": -1}}, "FFC_sans_bias29": {"write": {"device_start": 1585586738.2922163, "host_queued_start": 1585586803.694187, "device_queued": 1585586738.2915432, "device_end": 1585586738.292242, "host_queued_end": 1585586803.712781}, "device": "gpu", "nd_range": {"device_start": 1585586738.292245, "device_end": 1585586738.293044}, "cmdq": 0, "read": {"device_start": -1, "device_end": -1}}, "empty17": {"write": {"device_start": -1, "host_queued_start": 1585586803.715432, "device_queued": -1, "device_end": -1, "host_queued_end": 1585586803.733737}, "device": "cpu", "nd_range": {"device_start": 2254577.923321648, "device_end": 2254577.923333911}, "cmdq": 1, "read": {"device_start": -1, "device_end": -1}}, "softmax59": {"write": {"device_start": -1, "host_queued_start": 1585586803.707259, "device_queued": -1, "device_end": -1, "host_queued_end": 1585586803.712781}, "device": "gpu", "nd_range": {"device_start": 1585586738.2995143, "device_end": 1585586738.299881}, "cmdq": 1, "read": {"device_start": -1, "device_end": -1}}, "empty35": {"write": {"device_start": 1585586738.2909777, "host_queued_start": 1585586803.68811, "device_queued": 1585586738.290861, "device_end": 1585586738.2910228, "host_queued_end": 1585586803.712781}, "device": "gpu", "nd_range": {"device_start": 1585586738.2910278, "device_end": 1585586738.2910342}, "cmdq": 0, "read": {"device_start": -1, "device_end": -1}}, "empty53": {"write": {"device_start": 1585586738.2911916, "host_queued_start": 1585586803.690231, "device_queued": 1585586738.2910364, "device_end": 1585586738.29126, "host_queued_end": 1585586803.712781}, "device": "gpu", "nd_range": {"device_start": 1585586738.291265, "device_end": 1585586738.2912695}, "cmdq": 0, "read": {"device_start": -1, "device_end": -1}}, "FFC_sans_bias46": {"write": {"device_start": 1585586738.2945507, "host_queued_start": 1585586803.699448, "device_queued": 1585586738.291989, "device_end": 1585586738.2945766, "host_queued_end": 1585586803.712781}, "device": "gpu", "nd_range": {"device_start": 1585586738.2945802, "device_end": 1585586738.2954364}, "cmdq": 1, "read": {"device_start": -1, "device_end": -1}}, "coalesced_transpose48": {"write": {"device_start": -1, "host_queued_start": 1585586803.704624, "device_queued": -1, "device_end": -1, "host_queued_end": 1585586803.712781}, "device": "gpu", "nd_range": {"device_start": 1585586738.2972565, "device_end": 1585586738.2972748}, "cmdq": 0, "read": {"device_start": -1, "device_end": -1}}}