{"FFC_sans_bias60": {"write": {"device_start": -1, "host_queued_start": 1585587165.085152, "device_queued": -1, "device_end": -1, "host_queued_end": 1585587165.086262}, "device": "gpu", "nd_range": {"device_start": 1585587099.6574738, "device_end": 1585587099.658074}, "cmdq": 2, "read": {"device_start": -1, "device_end": -1}}, "FFC_sans_bias4": {"write": {"device_start": -1, "host_queued_start": 1585587165.113305, "device_queued": -1, "device_end": -1, "host_queued_end": 1585587165.124786}, "device": "cpu", "nd_range": {"device_start": 2254939.413667484, "device_end": 2254939.429680806}, "cmdq": 2, "read": {"device_start": -1, "device_end": -1}}, "FFC_sans_bias7": {"write": {"device_start": -1, "host_queued_start": 1585587165.119759, "device_queued": -1, "device_end": -1, "host_queued_end": 1585587165.124786}, "device": "cpu", "nd_range": {"device_start": 2254939.469112481, "device_end": 2254939.47762872}, "cmdq": 0, "read": {"device_start": -1, "device_end": -1}}, "FFC_sans_bias6": {"write": {"device_start": -1, "host_queued_start": 1585587165.116997, "device_queued": -1, "device_end": -1, "host_queued_end": 1585587165.124786}, "device": "cpu", "nd_range": {"device_start": 2254939.4431852293, "device_end": 2254939.4691037643}, "cmdq": 2, "read": {"device_start": -1, "device_end": -1}}, "FFC_sans_bias1": {"write": {"device_start": -1, "host_queued_start": 1585587165.093951, "device_queued": -1, "device_end": -1, "host_queued_end": 1585587165.124786}, "device": "cpu", "nd_range": {"device_start": 2254939.314463497, "device_end": 2254939.32984239}, "cmdq": 3, "read": {"device_start": -1, "device_end": -1}}, "FFC_sans_bias0": {"write": {"device_start": -1, "host_queued_start": 1585587165.092911, "device_queued": -1, "device_end": -1, "host_queued_end": 1585587165.124786}, "device": "cpu", "nd_range": {"device_start": 2254939.3300929493, "device_end": 2254939.350764716}, "cmdq": 2, "read": {"device_start": -1, "device_end": -1}}, "FFC_sans_bias2": {"write": {"device_start": -1, "host_queued_start": 1585587165.095025, "device_queued": -1, "device_end": -1, "host_queued_end": 1585587165.124786}, "device": "cpu", "nd_range": {"device_start": 2254939.31443628, "device_end": 2254939.329880021}, "cmdq": 0, "read": {"device_start": -1, "device_end": -1}}, "FFC_sans_bias61": {"write": {"device_start": 1585587099.65675, "host_queued_start": 1585587165.086155, "device_queued": 1585587099.6553187, "device_end": 1585587099.6567805, "host_queued_end": 1585587165.086262}, "device": "gpu", "nd_range": {"device_start": 1585587099.6580775, "device_end": 1585587099.6586618}, "cmdq": 3, "read": {"device_start": 1585587099.6586678, "device_end": 1585587099.6586905}}, "FFC_sans_bias52": {"write": {"device_start": -1, "host_queued_start": 1585587165.124742, "device_queued": -1, "device_end": -1, "host_queued_end": 1585587165.124786}, "device": "cpu", "nd_range": {"device_start": 2254939.457818826, "device_end": 2254939.470076222}, "cmdq": 1, "read": {"device_start": -1, "device_end": -1}}, "FFC_sans_bias9": {"write": {"device_start": -1, "host_queued_start": 1585587165.096097, "device_queued": -1, "device_end": -1, "host_queued_end": 1585587165.124786}, "device": "cpu", "nd_range": {"device_start": 2254939.314437034, "device_end": 2254939.329644667}, "cmdq": 1, "read": {"device_start": -1, "device_end": -1}}, "coalesced_transpose39": {"write": {"device_start": -1, "host_queued_start": 1585587165.112628, "device_queued": -1, "device_end": -1, "host_queued_end": 1585587165.124786}, "device": "cpu", "nd_range": {"device_start": 2254939.413628044, "device_end": 2254939.4138760744}, "cmdq": 0, "read": {"device_start": -1, "device_end": -1}}, "FFC_sans_bias55": {"write": {"device_start": 1585587099.6551013, "host_queued_start": 1585587165.083866, "device_queued": 1585587099.6548936, "device_end": 1585587099.6551301, "host_queued_end": 1585587165.086262}, "device": "gpu", "nd_range": {"device_start": 1585587099.6551826, "device_end": 1585587099.656651}, "cmdq": 3, "read": {"device_start": -1, "device_end": -1}}, "FFC_sans_bias54": {"write": {"device_start": 1585587099.6550179, "host_queued_start": 1585587165.082804, "device_queued": 1585587099.6548624, "device_end": 1585587099.65509, "host_queued_end": 1585587165.086262}, "device": "gpu", "nd_range": {"device_start": 1585587099.6551685, "device_end": 1585587099.6561658}, "cmdq": 2, "read": {"device_start": -1, "device_end": -1}}, "FFC_sans_bias56": {"write": {"device_start": 1585587099.6549413, "host_queued_start": 1585587165.081698, "device_queued": 1585587099.654815, "device_end": 1585587099.655002, "host_queued_end": 1585587165.086262}, "device": "gpu", "nd_range": {"device_start": 1585587099.6551507, "device_end": 1585587099.6557553}, "cmdq": 1, "read": {"device_start": -1, "device_end": -1}}, "FFC_sans_bias51": {"write": {"device_start": -1, "host_queued_start": 1585587165.118715, "device_queued": -1, "device_end": -1, "host_queued_end": 1585587165.124786}, "device": "cpu", "nd_range": {"device_start": 2254939.442480167, "device_end": 2254939.45030192}, "cmdq": 3, "read": {"device_start": -1, "device_end": -1}}, "softmax23": {"write": {"device_start": -1, "host_queued_start": 1585587165.115842, "device_queued": -1, "device_end": -1, "host_queued_end": 1585587165.124786}, "device": "cpu", "nd_range": {"device_start": 2254939.442968875, "device_end": 2254939.44317896}, "cmdq": 2, "read": {"device_start": -1, "device_end": -1}}, "FFC_sans_bias37": {"write": {"device_start": -1, "host_queued_start": 1585587165.106658, "device_queued": -1, "device_end": -1, "host_queued_end": 1585587165.124786}, "device": "cpu", "nd_range": {"device_start": 2254939.3567468473, "device_end": 2254939.3681912413}, "cmdq": 3, "read": {"device_start": -1, "device_end": -1}}, "empty62": {"write": {"device_start": 1585587099.6548367, "host_queued_start": 1585587165.080356, "device_queued": 1585587099.654701, "device_end": 1585587099.6548784, "host_queued_end": 1585587165.086262}, "device": "gpu", "nd_range": {"device_start": 1585587099.654883, "device_end": 1585587099.6548884}, "cmdq": 0, "read": {"device_start": -1, "device_end": -1}}, "FFC_sans_bias58": {"write": {"device_start": -1, "host_queued_start": 1585587165.084588, "device_queued": -1, "device_end": -1, "host_queued_end": 1585587165.086262}, "device": "gpu", "nd_range": {"device_start": 1585587099.656668, "device_end": 1585587099.6572642}, "cmdq": 0, "read": {"device_start": -1, "device_end": -1}}, "softmax41": {"write": {"device_start": -1, "host_queued_start": 1585587165.116387, "device_queued": -1, "device_end": -1, "host_queued_end": 1585587165.124786}, "device": "cpu", "nd_range": {"device_start": 2254939.450131297, "device_end": 2254939.450466337}, "cmdq": 0, "read": {"device_start": -1, "device_end": -1}}, "FFC_sans_bias11": {"write": {"device_start": -1, "host_queued_start": 1585587165.098194, "device_queued": -1, "device_end": -1, "host_queued_end": 1585587165.124786}, "device": "cpu", "nd_range": {"device_start": 2254939.329866675, "device_end": 2254939.3384064613}, "cmdq": 3, "read": {"device_start": -1, "device_end": -1}}, "FFC_sans_bias10": {"write": {"device_start": -1, "host_queued_start": 1585587165.097141, "device_queued": -1, "device_end": -1, "host_queued_end": 1585587165.124786}, "device": "cpu", "nd_range": {"device_start": 2254939.350887449, "device_end": 2254939.3694065413}, "cmdq": 2, "read": {"device_start": -1, "device_end": -1}}, "coalesced_transpose3": {"write": {"device_start": -1, "host_queued_start": 1585587165.111304, "device_queued": -1, "device_end": -1, "host_queued_end": 1585587165.124786}, "device": "cpu", "nd_range": {"device_start": 2254939.413268113, "device_end": 2254939.413514893}, "cmdq": 0, "read": {"device_start": -1, "device_end": -1}}, "FFC_sans_bias34": {"write": {"device_start": -1, "host_queued_start": 1585587165.122761, "device_queued": -1, "device_end": -1, "host_queued_end": 1585587165.124786}, "device": "cpu", "nd_range": {"device_start": 2254939.450312418, "device_end": 2254939.465663283}, "cmdq": 3, "read": {"device_start": -1, "device_end": -1}}, "FFC_sans_bias15": {"write": {"device_start": -1, "host_queued_start": 1585587165.117341, "device_queued": -1, "device_end": -1, "host_queued_end": 1585587165.124786}, "device": "cpu", "nd_range": {"device_start": 2254939.428321122, "device_end": 2254939.442359684}, "cmdq": 3, "read": {"device_start": -1, "device_end": -1}}, "FFC_sans_bias31": {"write": {"device_start": -1, "host_queued_start": 1585587165.114327, "device_queued": -1, "device_end": -1, "host_queued_end": 1585587165.124786}, "device": "cpu", "nd_range": {"device_start": 2254939.404479078, "device_end": 2254939.4197752043}, "cmdq": 1, "read": {"device_start": -1, "device_end": -1}}, "FFC_sans_bias16": {"write": {"device_start": -1, "host_queued_start": 1585587165.120752, "device_queued": -1, "device_end": -1, "host_queued_end": 1585587165.124786}, "device": "cpu", "nd_range": {"device_start": 2254939.4424803383, "device_end": 2254939.457813932}, "cmdq": 1, "read": {"device_start": -1, "device_end": -1}}, "FFC_sans_bias19": {"write": {"device_start": -1, "host_queued_start": 1585587165.100315, "device_queued": -1, "device_end": -1, "host_queued_end": 1585587165.124786}, "device": "cpu", "nd_range": {"device_start": 2254939.337471019, "device_end": 2254939.348409722}, "cmdq": 1, "read": {"device_start": -1, "device_end": -1}}, "FFC_sans_bias18": {"write": {"device_start": -1, "host_queued_start": 1585587165.09927, "device_queued": -1, "device_end": -1, "host_queued_end": 1585587165.124786}, "device": "cpu", "nd_range": {"device_start": 2254939.375169711, "device_end": 2254939.3874978903}, "cmdq": 0, "read": {"device_start": -1, "device_end": -1}}, "coalesced_transpose30": {"write": {"device_start": -1, "host_queued_start": 1585587165.1123, "device_queued": -1, "device_end": -1, "host_queued_end": 1585587165.124786}, "device": "cpu", "nd_range": {"device_start": 2254939.4034933313, "device_end": 2254939.403731399}, "cmdq": 3, "read": {"device_start": -1, "device_end": -1}}, "FFC_sans_bias38": {"write": {"device_start": -1, "host_queued_start": 1585587165.107706, "device_queued": -1, "device_end": -1, "host_queued_end": 1585587165.124786}, "device": "cpu", "nd_range": {"device_start": 2254939.397942989, "device_end": 2254939.4131519264}, "cmdq": 0, "read": {"device_start": -1, "device_end": -1}}, "coalesced_transpose57": {"write": {"device_start": -1, "host_queued_start": 1585587165.084224, "device_queued": -1, "device_end": -1, "host_queued_end": 1585587165.086262}, "device": "gpu", "nd_range": {"device_start": 1585587099.6566541, "device_end": 1585587099.6566625}, "cmdq": 4, "read": {"device_start": -1, "device_end": -1}}, "empty26": {"write": {"device_start": -1, "host_queued_start": 1585587165.089396, "device_queued": -1, "device_end": -1, "host_queued_end": 1585587165.124786}, "device": "cpu", "nd_range": {"device_start": 2254939.329779222, "device_end": 2254939.329781707}, "cmdq": 2, "read": {"device_start": -1, "device_end": -1}}, "coalesced_transpose12": {"write": {"device_start": -1, "host_queued_start": 1585587165.111641, "device_queued": -1, "device_end": -1, "host_queued_end": 1585587165.124786}, "device": "cpu", "nd_range": {"device_start": 2254939.374821889, "device_end": 2254939.375059355}, "cmdq": 1, "read": {"device_start": -1, "device_end": -1}}, "empty44": {"write": {"device_start": -1, "host_queued_start": 1585587165.091164, "device_queued": -1, "device_end": -1, "host_queued_end": 1585587165.124786}, "device": "cpu", "nd_range": {"device_start": 2254939.314429608, "device_end": 2254939.314430564}, "cmdq": 0, "read": {"device_start": -1, "device_end": -1}}, "coalesced_transpose21": {"write": {"device_start": -1, "host_queued_start": 1585587165.11197, "device_queued": -1, "device_end": -1, "host_queued_end": 1585587165.124786}, "device": "cpu", "nd_range": {"device_start": 2254939.4037422463, "device_end": 2254939.404018543}, "cmdq": 2, "read": {"device_start": -1, "device_end": -1}}, "FFC_sans_bias36": {"write": {"device_start": -1, "host_queued_start": 1585587165.105588, "device_queued": -1, "device_end": -1, "host_queued_end": 1585587165.124786}, "device": "cpu", "nd_range": {"device_start": 2254939.384856938, "device_end": 2254939.393931217}, "cmdq": 2, "read": {"device_start": -1, "device_end": -1}}, "softmax14": {"write": {"device_start": -1, "host_queued_start": 1585587165.115571, "device_queued": -1, "device_end": -1, "host_queued_end": 1585587165.124786}, "device": "cpu", "nd_range": {"device_start": 2254939.419899406, "device_end": 2254939.4201234384}, "cmdq": 1, "read": {"device_start": -1, "device_end": -1}}, "FFC_sans_bias13": {"write": {"device_start": -1, "host_queued_start": 1585587165.113648, "device_queued": -1, "device_end": -1, "host_queued_end": 1585587165.124786}, "device": "cpu", "nd_range": {"device_start": 2254939.4038563673, "device_end": 2254939.4191230973}, "cmdq": 3, "read": {"device_start": -1, "device_end": -1}}, "empty8": {"write": {"device_start": -1, "host_queued_start": 1585587165.087618, "device_queued": -1, "device_end": -1, "host_queued_end": 1585587165.124786}, "device": "cpu", "nd_range": {"device_start": 2254939.314394481, "device_end": 2254939.314406083}, "cmdq": 0, "read": {"device_start": -1, "device_end": -1}}, "FFC_sans_bias42": {"write": {"device_start": -1, "host_queued_start": 1585587165.118363, "device_queued": -1, "device_end": -1, "host_queued_end": 1585587165.124786}, "device": "cpu", "nd_range": {"device_start": 2254939.469114177, "device_end": 2254939.478351145}, "cmdq": 2, "read": {"device_start": -1, "device_end": -1}}, "FFC_sans_bias43": {"write": {"device_start": -1, "host_queued_start": 1585587165.123752, "device_queued": -1, "device_end": -1, "host_queued_end": 1585587165.124786}, "device": "cpu", "nd_range": {"device_start": 2254939.478373803, "device_end": 2254939.48600429}, "cmdq": 0, "read": {"device_start": -1, "device_end": -1}}, "FFC_sans_bias40": {"write": {"device_start": -1, "host_queued_start": 1585587165.114674, "device_queued": -1, "device_end": -1, "host_queued_end": 1585587165.124786}, "device": "cpu", "nd_range": {"device_start": 2254939.429917768, "device_end": 2254939.4429586492}, "cmdq": 2, "read": {"device_start": -1, "device_end": -1}}, "softmax32": {"write": {"device_start": -1, "host_queued_start": 1585587165.116113, "device_queued": -1, "device_end": -1, "host_queued_end": 1585587165.124786}, "device": "cpu", "nd_range": {"device_start": 2254939.427991994, "device_end": 2254939.428207676}, "cmdq": 3, "read": {"device_start": -1, "device_end": -1}}, "FFC_sans_bias47": {"write": {"device_start": -1, "host_queued_start": 1585587165.110879, "device_queued": -1, "device_end": -1, "host_queued_end": 1585587165.124786}, "device": "cpu", "nd_range": {"device_start": 2254939.368309258, "device_end": 2254939.3835725}, "cmdq": 3, "read": {"device_start": -1, "device_end": -1}}, "FFC_sans_bias45": {"write": {"device_start": -1, "host_queued_start": 1585587165.108745, "device_queued": -1, "device_end": -1, "host_queued_end": 1585587165.124786}, "device": "cpu", "nd_range": {"device_start": 2254939.3593787514, "device_end": 2254939.3747025663}, "cmdq": 1, "read": {"device_start": -1, "device_end": -1}}, "softmax50": {"write": {"device_start": -1, "host_queued_start": 1585587165.116658, "device_queued": -1, "device_end": -1, "host_queued_end": 1585587165.124786}, "device": "cpu", "nd_range": {"device_start": 2254939.428095975, "device_end": 2254939.4283018922}, "cmdq": 1, "read": {"device_start": -1, "device_end": -1}}, "FFC_sans_bias33": {"write": {"device_start": -1, "host_queued_start": 1585587165.118024, "device_queued": -1, "device_end": -1, "host_queued_end": 1585587165.124786}, "device": "cpu", "nd_range": {"device_start": 2254939.428423971, "device_end": 2254939.437490461}, "cmdq": 1, "read": {"device_start": -1, "device_end": -1}}, "FFC_sans_bias49": {"write": {"device_start": -1, "host_queued_start": 1585587165.115014, "device_queued": -1, "device_end": -1, "host_queued_end": 1585587165.124786}, "device": "cpu", "nd_range": {"device_start": 2254939.419247257, "device_end": 2254939.4278775863}, "cmdq": 3, "read": {"device_start": -1, "device_end": -1}}, "FFC_sans_bias24": {"write": {"device_start": -1, "host_queued_start": 1585587165.117682, "device_queued": -1, "device_end": -1, "host_queued_end": 1585587165.124786}, "device": "cpu", "nd_range": {"device_start": 2254939.450478014, "device_end": 2254939.465767112}, "cmdq": 0, "read": {"device_start": -1, "device_end": -1}}, "FFC_sans_bias25": {"write": {"device_start": -1, "host_queued_start": 1585587165.12176, "device_queued": -1, "device_end": -1, "host_queued_end": 1585587165.124786}, "device": "cpu", "nd_range": {"device_start": 2254939.478371565, "device_end": 2254939.487484881}, "cmdq": 2, "read": {"device_start": -1, "device_end": -1}}, "FFC_sans_bias27": {"write": {"device_start": -1, "host_queued_start": 1585587165.102414, "device_queued": -1, "device_end": -1, "host_queued_end": 1585587165.124786}, "device": "cpu", "nd_range": {"device_start": 2254939.3385256873, "device_end": 2254939.356622889}, "cmdq": 3, "read": {"device_start": -1, "device_end": -1}}, "FFC_sans_bias20": {"write": {"device_start": -1, "host_queued_start": 1585587165.101368, "device_queued": -1, "device_end": -1, "host_queued_end": 1585587165.124786}, "device": "cpu", "nd_range": {"device_start": 2254939.36952494, "device_end": 2254939.384744015}, "cmdq": 2, "read": {"device_start": -1, "device_end": -1}}, "FFC_sans_bias22": {"write": {"device_start": -1, "host_queued_start": 1585587165.113989, "device_queued": -1, "device_end": -1, "host_queued_end": 1585587165.124786}, "device": "cpu", "nd_range": {"device_start": 2254939.413983669, "device_end": 2254939.4291879702}, "cmdq": 0, "read": {"device_start": -1, "device_end": -1}}, "softmax5": {"write": {"device_start": -1, "host_queued_start": 1585587165.115293, "device_queued": -1, "device_end": -1, "host_queued_end": 1585587165.124786}, "device": "cpu", "nd_range": {"device_start": 2254939.429704336, "device_end": 2254939.429912081}, "cmdq": 0, "read": {"device_start": -1, "device_end": -1}}, "FFC_sans_bias28": {"write": {"device_start": -1, "host_queued_start": 1585587165.103497, "device_queued": -1, "device_end": -1, "host_queued_end": 1585587165.124786}, "device": "cpu", "nd_range": {"device_start": 2254939.387611779, "device_end": 2254939.397825778}, "cmdq": 0, "read": {"device_start": -1, "device_end": -1}}, "FFC_sans_bias29": {"write": {"device_start": -1, "host_queued_start": 1585587165.104544, "device_queued": -1, "device_end": -1, "host_queued_end": 1585587165.124786}, "device": "cpu", "nd_range": {"device_start": 2254939.348539377, "device_end": 2254939.359262613}, "cmdq": 1, "read": {"device_start": -1, "device_end": -1}}, "empty17": {"write": {"device_start": -1, "host_queued_start": 1585587165.088504, "device_queued": -1, "device_end": -1, "host_queued_end": 1585587165.124786}, "device": "cpu", "nd_range": {"device_start": 2254939.3143944573, "device_end": 2254939.3144061673}, "cmdq": 1, "read": {"device_start": -1, "device_end": -1}}, "softmax59": {"write": {"device_start": -1, "host_queued_start": 1585587165.084838, "device_queued": -1, "device_end": -1, "host_queued_end": 1585587165.086262}, "device": "gpu", "nd_range": {"device_start": 1585587099.657272, "device_end": 1585587099.657467}, "cmdq": 1, "read": {"device_start": -1, "device_end": -1}}, "empty35": {"write": {"device_start": -1, "host_queued_start": 1585587165.090236, "device_queued": -1, "device_end": -1, "host_queued_end": 1585587165.124786}, "device": "cpu", "nd_range": {"device_start": 2254939.314441101, "device_end": 2254939.3144456223}, "cmdq": 3, "read": {"device_start": -1, "device_end": -1}}, "empty53": {"write": {"device_start": -1, "host_queued_start": 1585587165.091966, "device_queued": -1, "device_end": -1, "host_queued_end": 1585587165.124786}, "device": "cpu", "nd_range": {"device_start": 2254939.31443005, "device_end": 2254939.31443135}, "cmdq": 1, "read": {"device_start": -1, "device_end": -1}}, "FFC_sans_bias46": {"write": {"device_start": -1, "host_queued_start": 1585587165.109797, "device_queued": -1, "device_end": -1, "host_queued_end": 1585587165.124786}, "device": "cpu", "nd_range": {"device_start": 2254939.394051977, "device_end": 2254939.403626785}, "cmdq": 2, "read": {"device_start": -1, "device_end": -1}}, "coalesced_transpose48": {"write": {"device_start": -1, "host_queued_start": 1585587165.112958, "device_queued": -1, "device_end": -1, "host_queued_end": 1585587165.124786}, "device": "cpu", "nd_range": {"device_start": 2254939.4041307843, "device_end": 2254939.4043698222}, "cmdq": 1, "read": {"device_start": -1, "device_end": -1}}}