{"FFC_sans_bias60": {"write": {"device_start": -1, "host_queued_start": 1585587178.845025, "device_queued": -1, "device_end": -1, "host_queued_end": 1585587178.84929}, "device": "gpu", "nd_range": {"device_start": 1585587113.4270709, "device_end": 1585587113.4284065}, "cmdq": 1, "read": {"device_start": -1, "device_end": -1}}, "FFC_sans_bias4": {"write": {"device_start": -1, "host_queued_start": 1585587178.864727, "device_queued": -1, "device_end": -1, "host_queued_end": 1585587178.870329}, "device": "cpu", "nd_range": {"device_start": 2254953.096660722, "device_end": 2254953.106303451}, "cmdq": 0, "read": {"device_start": -1, "device_end": -1}}, "FFC_sans_bias7": {"write": {"device_start": -1, "host_queued_start": 1585587178.868315, "device_queued": -1, "device_end": -1, "host_queued_end": 1585587178.870329}, "device": "cpu", "nd_range": {"device_start": 2254953.136339941, "device_end": 2254953.148796829}, "cmdq": 4, "read": {"device_start": -1, "device_end": -1}}, "FFC_sans_bias6": {"write": {"device_start": -1, "host_queued_start": 1585587178.866556, "device_queued": -1, "device_end": -1, "host_queued_end": 1585587178.870329}, "device": "cpu", "nd_range": {"device_start": 2254953.123986092, "device_end": 2254953.135434485}, "cmdq": 1, "read": {"device_start": -1, "device_end": -1}}, "FFC_sans_bias1": {"write": {"device_start": -1, "host_queued_start": 1585587178.855425, "device_queued": -1, "device_end": -1, "host_queued_end": 1585587178.870329}, "device": "cpu", "nd_range": {"device_start": 2254953.072412642, "device_end": 2254953.0878317533}, "cmdq": 4, "read": {"device_start": -1, "device_end": -1}}, "FFC_sans_bias0": {"write": {"device_start": -1, "host_queued_start": 1585587178.85433, "device_queued": -1, "device_end": -1, "host_queued_end": 1585587178.870329}, "device": "cpu", "nd_range": {"device_start": 2254953.087278576, "device_end": 2254953.100944391}, "cmdq": 3, "read": {"device_start": -1, "device_end": -1}}, "FFC_sans_bias2": {"write": {"device_start": -1, "host_queued_start": 1585587178.856565, "device_queued": -1, "device_end": -1, "host_queued_end": 1585587178.870329}, "device": "cpu", "nd_range": {"device_start": 2254953.059949915, "device_end": 2254953.0752271963}, "cmdq": 0, "read": {"device_start": -1, "device_end": -1}}, "FFC_sans_bias61": {"write": {"device_start": 1585587113.4275439, "host_queued_start": 1585587178.84919, "device_queued": 1585587113.4202077, "device_end": 1585587113.4275746, "host_queued_end": 1585587178.84929}, "device": "gpu", "nd_range": {"device_start": 1585587113.4284182, "device_end": 1585587113.429806}, "cmdq": 0, "read": {"device_start": 1585587113.4298093, "device_end": 1585587113.4298322}}, "FFC_sans_bias52": {"write": {"device_start": 1585587113.4273, "host_queued_start": 1585587178.848141, "device_queued": 1585587113.4200184, "device_end": 1585587113.4273303, "host_queued_end": 1585587178.84929}, "device": "gpu", "nd_range": {"device_start": 1585587113.4274473, "device_end": 1585587113.4293432}, "cmdq": 4, "read": {"device_start": 1585587113.4293463, "device_end": 1585587113.429369}}, "FFC_sans_bias9": {"write": {"device_start": -1, "host_queued_start": 1585587178.857604, "device_queued": -1, "device_end": -1, "host_queued_end": 1585587178.870329}, "device": "cpu", "nd_range": {"device_start": 2254953.059945044, "device_end": 2254953.075163267}, "cmdq": 1, "read": {"device_start": -1, "device_end": -1}}, "coalesced_transpose39": {"write": {"device_start": -1, "host_queued_start": 1585587178.840909, "device_queued": -1, "device_end": -1, "host_queued_end": 1585587178.84929}, "device": "gpu", "nd_range": {"device_start": 1585587113.4223776, "device_end": 1585587113.4237154}, "cmdq": 2, "read": {"device_start": -1, "device_end": -1}}, "FFC_sans_bias55": {"write": {"device_start": 1585587113.4215302, "host_queued_start": 1585587178.840279, "device_queued": 1585587113.4189954, "device_end": 1585587113.4215624, "host_queued_end": 1585587178.84929}, "device": "gpu", "nd_range": {"device_start": 1585587113.4215693, "device_end": 1585587113.4237778}, "cmdq": 0, "read": {"device_start": -1, "device_end": -1}}, "FFC_sans_bias54": {"write": {"device_start": 1585587113.42101, "host_queued_start": 1585587178.839252, "device_queued": 1585587113.41879, "device_end": 1585587113.4210417, "host_queued_end": 1585587178.84929}, "device": "gpu", "nd_range": {"device_start": 1585587113.4210472, "device_end": 1585587113.423328}, "cmdq": 4, "read": {"device_start": -1, "device_end": -1}}, "FFC_sans_bias56": {"write": {"device_start": 1585587113.4205468, "host_queued_start": 1585587178.838192, "device_queued": 1585587113.4187624, "device_end": 1585587113.4205737, "host_queued_end": 1585587178.84929}, "device": "gpu", "nd_range": {"device_start": 1585587113.4205823, "device_end": 1585587113.4228594}, "cmdq": 3, "read": {"device_start": -1, "device_end": -1}}, "FFC_sans_bias51": {"write": {"device_start": -1, "host_queued_start": 1585587178.844717, "device_queued": -1, "device_end": -1, "host_queued_end": 1585587178.84929}, "device": "gpu", "nd_range": {"device_start": 1585587113.4259472, "device_end": 1585587113.427438}, "cmdq": 0, "read": {"device_start": -1, "device_end": -1}}, "softmax23": {"write": {"device_start": -1, "host_queued_start": 1585587178.86622, "device_queued": -1, "device_end": -1, "host_queued_end": 1585587178.870329}, "device": "cpu", "nd_range": {"device_start": 2254953.111813925, "device_end": 2254953.111954057}, "cmdq": 0, "read": {"device_start": -1, "device_end": -1}}, "FFC_sans_bias37": {"write": {"device_start": 1585587113.4183493, "host_queued_start": 1585587178.832962, "device_queued": 1585587113.418097, "device_end": 1585587113.4183748, "host_queued_end": 1585587178.84929}, "device": "gpu", "nd_range": {"device_start": 1585587113.418399, "device_end": 1585587113.4204662}, "cmdq": 3, "read": {"device_start": -1, "device_end": -1}}, "empty62": {"write": {"device_start": 1585587113.417775, "host_queued_start": 1585587178.827759, "device_queued": 1585587113.4175594, "device_end": 1585587113.4178011, "host_queued_end": 1585587178.84929}, "device": "gpu", "nd_range": {"device_start": 1585587113.417857, "device_end": 1585587113.4178607}, "cmdq": 3, "read": {"device_start": -1, "device_end": -1}}, "FFC_sans_bias58": {"write": {"device_start": -1, "host_queued_start": 1585587178.842786, "device_queued": -1, "device_end": -1, "host_queued_end": 1585587178.84929}, "device": "gpu", "nd_range": {"device_start": 1585587113.4252439, "device_end": 1585587113.4258473}, "cmdq": 3, "read": {"device_start": -1, "device_end": -1}}, "softmax41": {"write": {"device_start": -1, "host_queued_start": 1585587178.843283, "device_queued": -1, "device_end": -1, "host_queued_end": 1585587178.84929}, "device": "gpu", "nd_range": {"device_start": 1585587113.4252293, "device_end": 1585587113.425599}, "cmdq": 0, "read": {"device_start": -1, "device_end": -1}}, "FFC_sans_bias11": {"write": {"device_start": -1, "host_queued_start": 1585587178.860013, "device_queued": -1, "device_end": -1, "host_queued_end": 1585587178.870329}, "device": "cpu", "nd_range": {"device_start": 2254953.100952988, "device_end": 2254953.1161600673}, "cmdq": 3, "read": {"device_start": -1, "device_end": -1}}, "FFC_sans_bias10": {"write": {"device_start": -1, "host_queued_start": 1585587178.858666, "device_queued": -1, "device_end": -1, "host_queued_end": 1585587178.870329}, "device": "cpu", "nd_range": {"device_start": 2254953.059989566, "device_end": 2254953.087267186}, "cmdq": 2, "read": {"device_start": -1, "device_end": -1}}, "coalesced_transpose3": {"write": {"device_start": -1, "host_queued_start": 1585587178.863725, "device_queued": -1, "device_end": -1, "host_queued_end": 1585587178.870329}, "device": "cpu", "nd_range": {"device_start": 2254953.0906680133, "device_end": 2254953.091877994}, "cmdq": 2, "read": {"device_start": -1, "device_end": -1}}, "FFC_sans_bias34": {"write": {"device_start": 1585587113.4271603, "host_queued_start": 1585587178.846032, "device_queued": 1585587113.4198396, "device_end": 1585587113.4271924, "host_queued_end": 1585587178.84929}, "device": "gpu", "nd_range": {"device_start": 1585587113.4271996, "device_end": 1585587113.4288397}, "cmdq": 2, "read": {"device_start": 1585587113.4288442, "device_end": 1585587113.428868}}, "FFC_sans_bias15": {"write": {"device_start": -1, "host_queued_start": 1585587178.866923, "device_queued": -1, "device_end": -1, "host_queued_end": 1585587178.870329}, "device": "cpu", "nd_range": {"device_start": 2254953.12457488, "device_end": 2254953.132897192}, "cmdq": 2, "read": {"device_start": -1, "device_end": -1}}, "FFC_sans_bias31": {"write": {"device_start": -1, "host_queued_start": 1585587178.841827, "device_queued": -1, "device_end": -1, "host_queued_end": 1585587178.84929}, "device": "gpu", "nd_range": {"device_start": 1585587113.4237866, "device_end": 1585587113.4243946}, "cmdq": 0, "read": {"device_start": -1, "device_end": -1}}, "FFC_sans_bias16": {"write": {"device_start": -1, "host_queued_start": 1585587178.8693, "device_queued": -1, "device_end": -1, "host_queued_end": 1585587178.870329}, "device": "cpu", "nd_range": {"device_start": 2254953.1332551343, "device_end": 2254953.1453834553}, "cmdq": 0, "read": {"device_start": -1, "device_end": -1}}, "FFC_sans_bias19": {"write": {"device_start": -1, "host_queued_start": 1585587178.862257, "device_queued": -1, "device_end": -1, "host_queued_end": 1585587178.870329}, "device": "cpu", "nd_range": {"device_start": 2254953.0752418754, "device_end": 2254953.090653332}, "cmdq": 0, "read": {"device_start": -1, "device_end": -1}}, "FFC_sans_bias18": {"write": {"device_start": -1, "host_queued_start": 1585587178.861122, "device_queued": -1, "device_end": -1, "host_queued_end": 1585587178.870329}, "device": "cpu", "nd_range": {"device_start": 2254953.087962345, "device_end": 2254953.0989262382}, "cmdq": 4, "read": {"device_start": -1, "device_end": -1}}, "coalesced_transpose30": {"write": {"device_start": -1, "host_queued_start": 1585587178.840608, "device_queued": -1, "device_end": -1, "host_queued_end": 1585587178.84929}, "device": "gpu", "nd_range": {"device_start": 1585587113.4218864, "device_end": 1585587113.4237044}, "cmdq": 1, "read": {"device_start": -1, "device_end": -1}}, "FFC_sans_bias38": {"write": {"device_start": 1585587113.4186091, "host_queued_start": 1585587178.834042, "device_queued": 1585587113.4181318, "device_end": 1585587113.4186394, "host_queued_end": 1585587178.84929}, "device": "gpu", "nd_range": {"device_start": 1585587113.418645, "device_end": 1585587113.4208946}, "cmdq": 4, "read": {"device_start": -1, "device_end": -1}}, "coalesced_transpose57": {"write": {"device_start": -1, "host_queued_start": 1585587178.841506, "device_queued": -1, "device_end": -1, "host_queued_end": 1585587178.84929}, "device": "gpu", "nd_range": {"device_start": 1585587113.4238229, "device_end": 1585587113.425217}, "cmdq": 4, "read": {"device_start": -1, "device_end": -1}}, "empty26": {"write": {"device_start": -1, "host_queued_start": 1585587178.85315, "device_queued": -1, "device_end": -1, "host_queued_end": 1585587178.870329}, "device": "cpu", "nd_range": {"device_start": 2254953.059968716, "device_end": 2254953.05997411}, "cmdq": 2, "read": {"device_start": -1, "device_end": -1}}, "coalesced_transpose12": {"write": {"device_start": -1, "host_queued_start": 1585587178.864056, "device_queued": -1, "device_end": -1, "host_queued_end": 1585587178.870329}, "device": "cpu", "nd_range": {"device_start": 2254953.116165751, "device_end": 2254953.116276124}, "cmdq": 3, "read": {"device_start": -1, "device_end": -1}}, "empty44": {"write": {"device_start": 1585587113.4175913, "host_queued_start": 1585587178.825965, "device_queued": 1585587113.417462, "device_end": 1585587113.4176607, "host_queued_end": 1585587178.84929}, "device": "gpu", "nd_range": {"device_start": 1585587113.4178224, "device_end": 1585587113.417829}, "cmdq": 1, "read": {"device_start": -1, "device_end": -1}}, "coalesced_transpose21": {"write": {"device_start": -1, "host_queued_start": 1585587178.864385, "device_queued": -1, "device_end": -1, "host_queued_end": 1585587178.870329}, "device": "cpu", "nd_range": {"device_start": 2254953.099041404, "device_end": 2254953.099289488}, "cmdq": 4, "read": {"device_start": -1, "device_end": -1}}, "FFC_sans_bias36": {"write": {"device_start": 1585587113.4182675, "host_queued_start": 1585587178.831915, "device_queued": 1585587113.4180796, "device_end": 1585587113.4183285, "host_queued_end": 1585587178.84929}, "device": "gpu", "nd_range": {"device_start": 1585587113.4183779, "device_end": 1585587113.4199107}, "cmdq": 2, "read": {"device_start": -1, "device_end": -1}}, "softmax14": {"write": {"device_start": -1, "host_queued_start": 1585587178.865948, "device_queued": -1, "device_end": -1, "host_queued_end": 1585587178.870329}, "device": "cpu", "nd_range": {"device_start": 2254953.124124283, "device_end": 2254953.124448948}, "cmdq": 4, "read": {"device_start": -1, "device_end": -1}}, "FFC_sans_bias13": {"write": {"device_start": -1, "host_queued_start": 1585587178.865066, "device_queued": -1, "device_end": -1, "host_queued_end": 1585587178.870329}, "device": "cpu", "nd_range": {"device_start": 2254953.116493122, "device_end": 2254953.1238640803}, "cmdq": 1, "read": {"device_start": -1, "device_end": -1}}, "empty8": {"write": {"device_start": -1, "host_queued_start": 1585587178.850917, "device_queued": -1, "device_end": -1, "host_queued_end": 1585587178.870329}, "device": "cpu", "nd_range": {"device_start": 2254953.059914809, "device_end": 2254953.05992509}, "cmdq": 0, "read": {"device_start": -1, "device_end": -1}}, "FFC_sans_bias42": {"write": {"device_start": -1, "host_queued_start": 1585587178.844407, "device_queued": -1, "device_end": -1, "host_queued_end": 1585587178.84929}, "device": "gpu", "nd_range": {"device_start": 1585587113.4258587, "device_end": 1585587113.4268591}, "cmdq": 4, "read": {"device_start": -1, "device_end": -1}}, "FFC_sans_bias43": {"write": {"device_start": 1585587113.426591, "host_queued_start": 1585587178.847096, "device_queued": 1585587113.4199953, "device_end": 1585587113.4266212, "host_queued_end": 1585587178.84929}, "device": "gpu", "nd_range": {"device_start": 1585587113.4270566, "device_end": 1585587113.4278605}, "cmdq": 3, "read": {"device_start": 1585587113.4278622, "device_end": 1585587113.4278865}}, "FFC_sans_bias40": {"write": {"device_start": -1, "host_queued_start": 1585587178.842139, "device_queued": -1, "device_end": -1, "host_queued_end": 1585587178.84929}, "device": "gpu", "nd_range": {"device_start": 1585587113.4237974, "device_end": 1585587113.4248078}, "cmdq": 1, "read": {"device_start": -1, "device_end": -1}}, "softmax32": {"write": {"device_start": -1, "host_queued_start": 1585587178.843037, "device_queued": -1, "device_end": -1, "host_queued_end": 1585587178.84929}, "device": "gpu", "nd_range": {"device_start": 1585587113.4252234, "device_end": 1585587113.42559}, "cmdq": 4, "read": {"device_start": -1, "device_end": -1}}, "FFC_sans_bias47": {"write": {"device_start": 1585587113.4199915, "host_queued_start": 1585587178.837165, "device_queued": 1585587113.4185839, "device_end": 1585587113.4200163, "host_queued_end": 1585587178.84929}, "device": "gpu", "nd_range": {"device_start": 1585587113.4200218, "device_end": 1585587113.4223754}, "cmdq": 2, "read": {"device_start": -1, "device_end": -1}}, "FFC_sans_bias45": {"write": {"device_start": 1585587113.4190314, "host_queued_start": 1585587178.835106, "device_queued": 1585587113.4185073, "device_end": 1585587113.419061, "host_queued_end": 1585587178.84929}, "device": "gpu", "nd_range": {"device_start": 1585587113.419067, "device_end": 1585587113.4214292}, "cmdq": 0, "read": {"device_start": -1, "device_end": -1}}, "softmax50": {"write": {"device_start": -1, "host_queued_start": 1585587178.843533, "device_queued": -1, "device_end": -1, "host_queued_end": 1585587178.84929}, "device": "gpu", "nd_range": {"device_start": 1585587113.4253988, "device_end": 1585587113.425934}, "cmdq": 1, "read": {"device_start": -1, "device_end": -1}}, "FFC_sans_bias33": {"write": {"device_start": -1, "host_queued_start": 1585587178.844093, "device_queued": -1, "device_end": -1, "host_queued_end": 1585587178.84929}, "device": "gpu", "nd_range": {"device_start": 1585587113.4258533, "device_end": 1585587113.426459}, "cmdq": 3, "read": {"device_start": -1, "device_end": -1}}, "FFC_sans_bias49": {"write": {"device_start": -1, "host_queued_start": 1585587178.842446, "device_queued": -1, "device_end": -1, "host_queued_end": 1585587178.84929}, "device": "gpu", "nd_range": {"device_start": 1585587113.4238083, "device_end": 1585587113.4253871}, "cmdq": 2, "read": {"device_start": -1, "device_end": -1}}, "FFC_sans_bias24": {"write": {"device_start": -1, "host_queued_start": 1585587178.867263, "device_queued": -1, "device_end": -1, "host_queued_end": 1585587178.870329}, "device": "cpu", "nd_range": {"device_start": 2254953.1170653543, "device_end": 2254953.131160596}, "cmdq": 3, "read": {"device_start": -1, "device_end": -1}}, "FFC_sans_bias25": {"write": {"device_start": -1, "host_queued_start": 1585587178.870283, "device_queued": -1, "device_end": -1, "host_queued_end": 1585587178.870329}, "device": "cpu", "nd_range": {"device_start": 2254953.1355520883, "device_end": 2254953.147527878}, "cmdq": 1, "read": {"device_start": -1, "device_end": -1}}, "FFC_sans_bias27": {"write": {"device_start": 1585587113.417875, "host_queued_start": 1585587178.828754, "device_queued": 1585587113.4177806, "device_end": 1585587113.417905, "host_queued_end": 1585587178.84929}, "device": "gpu", "nd_range": {"device_start": 1585587113.4179077, "device_end": 1585587113.4185245}, "cmdq": 4, "read": {"device_start": -1, "device_end": -1}}, "FFC_sans_bias20": {"write": {"device_start": -1, "host_queued_start": 1585587178.863394, "device_queued": -1, "device_end": -1, "host_queued_end": 1585587178.870329}, "device": "cpu", "nd_range": {"device_start": 2254953.0754048023, "device_end": 2254953.090610621}, "cmdq": 1, "read": {"device_start": -1, "device_end": -1}}, "FFC_sans_bias22": {"write": {"device_start": -1, "host_queued_start": 1585587178.865403, "device_queued": -1, "device_end": -1, "host_queued_end": 1585587178.870329}, "device": "cpu", "nd_range": {"device_start": 2254953.100572139, "device_end": 2254953.111805743}, "cmdq": 2, "read": {"device_start": -1, "device_end": -1}}, "softmax5": {"write": {"device_start": -1, "host_queued_start": 1585587178.865678, "device_queued": -1, "device_end": -1, "host_queued_end": 1585587178.870329}, "device": "cpu", "nd_range": {"device_start": 2254953.1164962463, "device_end": 2254953.116712821}, "cmdq": 3, "read": {"device_start": -1, "device_end": -1}}, "FFC_sans_bias28": {"write": {"device_start": 1585587113.4179952, "host_queued_start": 1585587178.829826, "device_queued": 1585587113.4179006, "device_end": 1585587113.4180267, "host_queued_end": 1585587178.84929}, "device": "gpu", "nd_range": {"device_start": 1585587113.4180298, "device_end": 1585587113.418928}, "cmdq": 0, "read": {"device_start": -1, "device_end": -1}}, "FFC_sans_bias29": {"write": {"device_start": 1585587113.4181793, "host_queued_start": 1585587178.830888, "device_queued": 1585587113.418054, "device_end": 1585587113.4182417, "host_queued_end": 1585587178.84929}, "device": "gpu", "nd_range": {"device_start": 1585587113.4183593, "device_end": 1585587113.4195006}, "cmdq": 1, "read": {"device_start": -1, "device_end": -1}}, "empty17": {"write": {"device_start": -1, "host_queued_start": 1585587178.852111, "device_queued": -1, "device_end": -1, "host_queued_end": 1585587178.870329}, "device": "cpu", "nd_range": {"device_start": 2254953.0599147324, "device_end": 2254953.059925085}, "cmdq": 1, "read": {"device_start": -1, "device_end": -1}}, "softmax59": {"write": {"device_start": -1, "host_queued_start": 1585587178.84378, "device_queued": -1, "device_end": -1, "host_queued_end": 1585587178.84929}, "device": "gpu", "nd_range": {"device_start": 1585587113.4258692, "device_end": 1585587113.4270463}, "cmdq": 2, "read": {"device_start": -1, "device_end": -1}}, "empty35": {"write": {"device_start": 1585587113.417473, "host_queued_start": 1585587178.824779, "device_queued": 1585587113.41735, "device_end": 1585587113.4175394, "host_queued_end": 1585587178.84929}, "device": "gpu", "nd_range": {"device_start": 1585587113.417543, "device_end": 1585587113.417548}, "cmdq": 0, "read": {"device_start": -1, "device_end": -1}}, "empty53": {"write": {"device_start": 1585587113.4176886, "host_queued_start": 1585587178.826922, "device_queued": 1585587113.417538, "device_end": 1585587113.4177697, "host_queued_end": 1585587178.84929}, "device": "gpu", "nd_range": {"device_start": 1585587113.4178402, "device_end": 1585587113.4178445}, "cmdq": 2, "read": {"device_start": -1, "device_end": -1}}, "FFC_sans_bias46": {"write": {"device_start": 1585587113.4196062, "host_queued_start": 1585587178.836136, "device_queued": 1585587113.4185627, "device_end": 1585587113.4196377, "host_queued_end": 1585587178.84929}, "device": "gpu", "nd_range": {"device_start": 1585587113.41964, "device_end": 1585587113.4218855}, "cmdq": 1, "read": {"device_start": -1, "device_end": -1}}, "coalesced_transpose48": {"write": {"device_start": -1, "host_queued_start": 1585587178.841207, "device_queued": -1, "device_end": -1, "host_queued_end": 1585587178.84929}, "device": "gpu", "nd_range": {"device_start": 1585587113.422867, "device_end": 1585587113.4237275}, "cmdq": 3, "read": {"device_start": -1, "device_end": -1}}}