{"FFC_sans_bias60": {"write": {"device_start": -1, "host_queued_start": 1585586845.137345, "device_queued": -1, "device_end": -1, "host_queued_end": 1585586845.142735}, "device": "gpu", "nd_range": {"device_start": 1585586779.7325692, "device_end": 1585586779.7335486}, "cmdq": 1, "read": {"device_start": -1, "device_end": -1}}, "FFC_sans_bias4": {"write": {"device_start": -1, "host_queued_start": 1585586845.153433, "device_queued": -1, "device_end": -1, "host_queued_end": 1585586845.157435}, "device": "cpu", "nd_range": {"device_start": 2254619.363714647, "device_end": 2254619.379373854}, "cmdq": 0, "read": {"device_start": -1, "device_end": -1}}, "FFC_sans_bias7": {"write": {"device_start": -1, "host_queued_start": 1585586845.156204, "device_queued": -1, "device_end": -1, "host_queued_end": 1585586845.157435}, "device": "cpu", "nd_range": {"device_start": 2254619.394892936, "device_end": 2254619.399887727}, "cmdq": 1, "read": {"device_start": -1, "device_end": -1}}, "FFC_sans_bias6": {"write": {"device_start": -1, "host_queued_start": 1585586845.154684, "device_queued": -1, "device_end": -1, "host_queued_end": 1585586845.157435}, "device": "cpu", "nd_range": {"device_start": 2254619.3823610563, "device_end": 2254619.3921208023}, "cmdq": 4, "read": {"device_start": -1, "device_end": -1}}, "FFC_sans_bias1": {"write": {"device_start": -1, "host_queued_start": 1585586845.147792, "device_queued": -1, "device_end": -1, "host_queued_end": 1585586845.157435}, "device": "cpu", "nd_range": {"device_start": 2254619.347075316, "device_end": 2254619.362392261}, "cmdq": 3, "read": {"device_start": -1, "device_end": -1}}, "FFC_sans_bias0": {"write": {"device_start": -1, "host_queued_start": 1585586845.1464, "device_queued": -1, "device_end": -1, "host_queued_end": 1585586845.157435}, "device": "cpu", "nd_range": {"device_start": 2254619.362636791, "device_end": 2254619.370211827}, "cmdq": 2, "read": {"device_start": -1, "device_end": -1}}, "FFC_sans_bias2": {"write": {"device_start": -1, "host_queued_start": 1585586845.149007, "device_queued": -1, "device_end": -1, "host_queued_end": 1585586845.157435}, "device": "cpu", "nd_range": {"device_start": 2254619.347151388, "device_end": 2254619.3624245333}, "cmdq": 4, "read": {"device_start": -1, "device_end": -1}}, "FFC_sans_bias61": {"write": {"device_start": 1585586779.7433226, "host_queued_start": 1585586845.142627, "device_queued": 1585586779.723388, "device_end": 1585586779.7433488, "host_queued_end": 1585586845.142735}, "device": "gpu", "nd_range": {"device_start": 1585586779.7433565, "device_end": 1585586779.7443216}, "cmdq": 0, "read": {"device_start": 1585586779.74433, "device_end": 1585586779.7443519}}, "FFC_sans_bias52": {"write": {"device_start": 1585586779.7432456, "host_queued_start": 1585586845.141562, "device_queued": 1585586779.7232847, "device_end": 1585586779.7433095, "host_queued_end": 1585586845.142735}, "device": "gpu", "nd_range": {"device_start": 1585586779.7433188, "device_end": 1585586779.743924}, "cmdq": 1, "read": {"device_start": 1585586779.7439258, "device_end": 1585586779.7439475}}, "FFC_sans_bias9": {"write": {"device_start": -1, "host_queued_start": 1585586845.150242, "device_queued": -1, "device_end": -1, "host_queued_end": 1585586845.157435}, "device": "cpu", "nd_range": {"device_start": 2254619.3470524973, "device_end": 2254619.3637037673}, "cmdq": 0, "read": {"device_start": -1, "device_end": -1}}, "coalesced_transpose39": {"write": {"device_start": -1, "host_queued_start": 1585586845.132369, "device_queued": -1, "device_end": -1, "host_queued_end": 1585586845.142735}, "device": "gpu", "nd_range": {"device_start": 1585586779.7276046, "device_end": 1585586779.727631}, "cmdq": 0, "read": {"device_start": -1, "device_end": -1}}, "FFC_sans_bias55": {"write": {"device_start": 1585586779.7268786, "host_queued_start": 1585586845.131419, "device_queued": 1585586779.7216825, "device_end": 1585586779.7269046, "host_queued_end": 1585586845.142735}, "device": "gpu", "nd_range": {"device_start": 1585586779.726912, "device_end": 1585586779.7276664}, "cmdq": 1, "read": {"device_start": -1, "device_end": -1}}, "FFC_sans_bias54": {"write": {"device_start": 1585586779.7263985, "host_queued_start": 1585586845.130359, "device_queued": 1585586779.7215555, "device_end": 1585586779.7264264, "host_queued_end": 1585586845.142735}, "device": "gpu", "nd_range": {"device_start": 1585586779.7264328, "device_end": 1585586779.727244}, "cmdq": 0, "read": {"device_start": -1, "device_end": -1}}, "FFC_sans_bias56": {"write": {"device_start": 1585586779.7258973, "host_queued_start": 1585586845.129336, "device_queued": 1585586779.7214816, "device_end": 1585586779.7259252, "host_queued_end": 1585586845.142735}, "device": "gpu", "nd_range": {"device_start": 1585586779.7259316, "device_end": 1585586779.7267652}, "cmdq": 1, "read": {"device_start": -1, "device_end": -1}}, "FFC_sans_bias51": {"write": {"device_start": -1, "host_queued_start": 1585586845.137031, "device_queued": -1, "device_end": -1, "host_queued_end": 1585586845.142735}, "device": "gpu", "nd_range": {"device_start": 1585586779.731161, "device_end": 1585586779.7321427}, "cmdq": 0, "read": {"device_start": -1, "device_end": -1}}, "softmax23": {"write": {"device_start": -1, "host_queued_start": 1585586845.134807, "device_queued": -1, "device_end": -1, "host_queued_end": 1585586845.142735}, "device": "gpu", "nd_range": {"device_start": 1585586779.729301, "device_end": 1585586779.7298064}, "cmdq": 0, "read": {"device_start": -1, "device_end": -1}}, "FFC_sans_bias37": {"write": {"device_start": 1585586779.7235093, "host_queued_start": 1585586845.124084, "device_queued": 1585586779.7208858, "device_end": 1585586779.7235386, "host_queued_end": 1585586845.142735}, "device": "gpu", "nd_range": {"device_start": 1585586779.723543, "device_end": 1585586779.7243454}, "cmdq": 0, "read": {"device_start": -1, "device_end": -1}}, "empty62": {"write": {"device_start": 1585586779.7202384, "host_queued_start": 1585586845.115802, "device_queued": 1585586779.7201254, "device_end": 1585586779.7203145, "host_queued_end": 1585586845.142735}, "device": "gpu", "nd_range": {"device_start": 1585586779.7203224, "device_end": 1585586779.7203345}, "cmdq": 0, "read": {"device_start": -1, "device_end": -1}}, "FFC_sans_bias58": {"write": {"device_start": -1, "host_queued_start": 1585586845.134552, "device_queued": -1, "device_end": -1, "host_queued_end": 1585586845.142735}, "device": "gpu", "nd_range": {"device_start": 1585586779.7297125, "device_end": 1585586779.7303188}, "cmdq": 1, "read": {"device_start": -1, "device_end": -1}}, "softmax41": {"write": {"device_start": -1, "host_queued_start": 1585586845.1353, "device_queued": -1, "device_end": -1, "host_queued_end": 1585586845.142735}, "device": "gpu", "nd_range": {"device_start": 1585586779.7298148, "device_end": 1585586779.7303298}, "cmdq": 0, "read": {"device_start": -1, "device_end": -1}}, "FFC_sans_bias11": {"write": {"device_start": -1, "host_queued_start": 1585586845.152429, "device_queued": -1, "device_end": -1, "host_queued_end": 1585586845.157435}, "device": "cpu", "nd_range": {"device_start": 2254619.3703332823, "device_end": 2254619.381112377}, "cmdq": 2, "read": {"device_start": -1, "device_end": -1}}, "FFC_sans_bias10": {"write": {"device_start": -1, "host_queued_start": 1585586845.151356, "device_queued": -1, "device_end": -1, "host_queued_end": 1585586845.157435}, "device": "cpu", "nd_range": {"device_start": 2254619.347050886, "device_end": 2254619.363985559}, "cmdq": 1, "read": {"device_start": -1, "device_end": -1}}, "coalesced_transpose3": {"write": {"device_start": -1, "host_queued_start": 1585586845.152766, "device_queued": -1, "device_end": -1, "host_queued_end": 1585586845.157435}, "device": "cpu", "nd_range": {"device_start": 2254619.362410421, "device_end": 2254619.362643722}, "cmdq": 3, "read": {"device_start": -1, "device_end": -1}}, "FFC_sans_bias34": {"write": {"device_start": 1585586779.7336757, "host_queued_start": 1585586845.13948, "device_queued": 1585586779.7229125, "device_end": 1585586779.7337074, "host_queued_end": 1585586845.142735}, "device": "gpu", "nd_range": {"device_start": 1585586779.7337246, "device_end": 1585586779.7345364}, "cmdq": 1, "read": {"device_start": 1585586779.7345405, "device_end": 1585586779.7345665}}, "FFC_sans_bias15": {"write": {"device_start": -1, "host_queued_start": 1585586845.155026, "device_queued": -1, "device_end": -1, "host_queued_end": 1585586845.157435}, "device": "cpu", "nd_range": {"device_start": 2254619.3821547413, "device_end": 2254619.390919879}, "cmdq": 0, "read": {"device_start": -1, "device_end": -1}}, "FFC_sans_bias31": {"write": {"device_start": -1, "host_queued_start": 1585586845.133609, "device_queued": -1, "device_end": -1, "host_queued_end": 1585586845.142735}, "device": "gpu", "nd_range": {"device_start": 1585586779.727697, "device_end": 1585586779.7283041}, "cmdq": 0, "read": {"device_start": -1, "device_end": -1}}, "FFC_sans_bias16": {"write": {"device_start": -1, "host_queued_start": 1585586845.157391, "device_queued": -1, "device_end": -1, "host_queued_end": 1585586845.157435}, "device": "cpu", "nd_range": {"device_start": 2254619.390928829, "device_end": 2254619.3987391302}, "cmdq": 2, "read": {"device_start": -1, "device_end": -1}}, "FFC_sans_bias19": {"write": {"device_start": 1585586779.7204516, "host_queued_start": 1585586845.117818, "device_queued": 1585586779.7202144, "device_end": 1585586779.7204838, "host_queued_end": 1585586845.142735}, "device": "gpu", "nd_range": {"device_start": 1585586779.720486, "device_end": 1585586779.7213697}, "cmdq": 0, "read": {"device_start": -1, "device_end": -1}}, "FFC_sans_bias18": {"write": {"device_start": 1585586779.7203171, "host_queued_start": 1585586845.116768, "device_queued": 1585586779.7201726, "device_end": 1585586779.7203498, "host_queued_end": 1585586845.142735}, "device": "gpu", "nd_range": {"device_start": 1585586779.7203586, "device_end": 1585586779.72097}, "cmdq": 1, "read": {"device_start": -1, "device_end": -1}}, "coalesced_transpose30": {"write": {"device_start": -1, "host_queued_start": 1585586845.132069, "device_queued": -1, "device_end": -1, "host_queued_end": 1585586845.142735}, "device": "gpu", "nd_range": {"device_start": 1585586779.7276673, "device_end": 1585586779.7276828}, "cmdq": 1, "read": {"device_start": -1, "device_end": -1}}, "FFC_sans_bias38": {"write": {"device_start": 1585586779.7240121, "host_queued_start": 1585586845.125122, "device_queued": 1585586779.7210803, "device_end": 1585586779.7240396, "host_queued_end": 1585586845.142735}, "device": "gpu", "nd_range": {"device_start": 1585586779.7240443, "device_end": 1585586779.724841}, "cmdq": 1, "read": {"device_start": -1, "device_end": -1}}, "coalesced_transpose57": {"write": {"device_start": -1, "host_queued_start": 1585586845.132972, "device_queued": -1, "device_end": -1, "host_queued_end": 1585586845.142735}, "device": "gpu", "nd_range": {"device_start": 1585586779.7276795, "device_end": 1585586779.7276895}, "cmdq": 0, "read": {"device_start": -1, "device_end": -1}}, "empty26": {"write": {"device_start": 1585586779.7198048, "host_queued_start": 1585586845.112008, "device_queued": 1585586779.7196796, "device_end": 1585586779.7198322, "host_queued_end": 1585586845.142735}, "device": "gpu", "nd_range": {"device_start": 1585586779.719835, "device_end": 1585586779.7198431}, "cmdq": 0, "read": {"device_start": -1, "device_end": -1}}, "coalesced_transpose12": {"write": {"device_start": -1, "host_queued_start": 1585586845.153084, "device_queued": -1, "device_end": -1, "host_queued_end": 1585586845.157435}, "device": "cpu", "nd_range": {"device_start": 2254619.364103738, "device_end": 2254619.364342263}, "cmdq": 4, "read": {"device_start": -1, "device_end": -1}}, "empty44": {"write": {"device_start": 1585586779.720001, "host_queued_start": 1585586845.11416, "device_queued": 1585586779.719859, "device_end": 1585586779.7200706, "host_queued_end": 1585586845.142735}, "device": "gpu", "nd_range": {"device_start": 1585586779.7200747, "device_end": 1585586779.7200792}, "cmdq": 0, "read": {"device_start": -1, "device_end": -1}}, "coalesced_transpose21": {"write": {"device_start": -1, "host_queued_start": 1585586845.131768, "device_queued": -1, "device_end": -1, "host_queued_end": 1585586845.142735}, "device": "gpu", "nd_range": {"device_start": 1585586779.7272458, "device_end": 1585586779.7276027}, "cmdq": 0, "read": {"device_start": -1, "device_end": -1}}, "FFC_sans_bias36": {"write": {"device_start": 1585586779.7230515, "host_queued_start": 1585586845.123058, "device_queued": 1585586779.720846, "device_end": 1585586779.7230864, "host_queued_end": 1585586845.142735}, "device": "gpu", "nd_range": {"device_start": 1585586779.7230914, "device_end": 1585586779.7238874}, "cmdq": 1, "read": {"device_start": -1, "device_end": -1}}, "softmax14": {"write": {"device_start": -1, "host_queued_start": 1585586845.154337, "device_queued": -1, "device_end": -1, "host_queued_end": 1585586845.157435}, "device": "cpu", "nd_range": {"device_start": 2254619.3798234, "device_end": 2254619.3800432403}, "cmdq": 3, "read": {"device_start": -1, "device_end": -1}}, "FFC_sans_bias13": {"write": {"device_start": -1, "host_queued_start": 1585586845.153789, "device_queued": -1, "device_end": -1, "host_queued_end": 1585586845.157435}, "device": "cpu", "nd_range": {"device_start": 2254619.3644527313, "device_end": 2254619.379706541}, "cmdq": 1, "read": {"device_start": -1, "device_end": -1}}, "empty8": {"write": {"device_start": -1, "host_queued_start": 1585586845.144175, "device_queued": -1, "device_end": -1, "host_queued_end": 1585586845.157435}, "device": "cpu", "nd_range": {"device_start": 2254619.347015119, "device_end": 2254619.3470249013}, "cmdq": 0, "read": {"device_start": -1, "device_end": -1}}, "FFC_sans_bias42": {"write": {"device_start": -1, "host_queued_start": 1585586845.136716, "device_queued": -1, "device_end": -1, "host_queued_end": 1585586845.142735}, "device": "gpu", "nd_range": {"device_start": 1585586779.7315784, "device_end": 1585586779.7325623}, "cmdq": 1, "read": {"device_start": -1, "device_end": -1}}, "FFC_sans_bias43": {"write": {"device_start": 1585586779.7333376, "host_queued_start": 1585586845.140526, "device_queued": 1585586779.7230322, "device_end": 1585586779.7333689, "host_queued_end": 1585586845.142735}, "device": "gpu", "nd_range": {"device_start": 1585586779.7333825, "device_end": 1585586779.7340262}, "cmdq": 0, "read": {"device_start": 1585586779.7340374, "device_end": 1585586779.734107}}, "FFC_sans_bias40": {"write": {"device_start": -1, "host_queued_start": 1585586845.133934, "device_queued": -1, "device_end": -1, "host_queued_end": 1585586845.142735}, "device": "gpu", "nd_range": {"device_start": 1585586779.72872, "device_end": 1585586779.7297053}, "cmdq": 1, "read": {"device_start": -1, "device_end": -1}}, "softmax32": {"write": {"device_start": -1, "host_queued_start": 1585586845.135054, "device_queued": -1, "device_end": -1, "host_queued_end": 1585586845.142735}, "device": "gpu", "nd_range": {"device_start": 1585586779.7303267, "device_end": 1585586779.730535}, "cmdq": 1, "read": {"device_start": -1, "device_end": -1}}, "FFC_sans_bias47": {"write": {"device_start": 1585586779.7254584, "host_queued_start": 1585586845.128304, "device_queued": 1585586779.7213106, "device_end": 1585586779.725484, "host_queued_end": 1585586845.142735}, "device": "gpu", "nd_range": {"device_start": 1585586779.7254877, "device_end": 1585586779.72628}, "cmdq": 0, "read": {"device_start": -1, "device_end": -1}}, "FFC_sans_bias45": {"write": {"device_start": 1585586779.7244709, "host_queued_start": 1585586845.126168, "device_queued": 1585586779.7211444, "device_end": 1585586779.7244985, "host_queued_end": 1585586845.142735}, "device": "gpu", "nd_range": {"device_start": 1585586779.724504, "device_end": 1585586779.7253394}, "cmdq": 0, "read": {"device_start": -1, "device_end": -1}}, "softmax50": {"write": {"device_start": -1, "host_queued_start": 1585586845.135544, "device_queued": -1, "device_end": -1, "host_queued_end": 1585586845.142735}, "device": "gpu", "nd_range": {"device_start": 1585586779.7305417, "device_end": 1585586779.730943}, "cmdq": 1, "read": {"device_start": -1, "device_end": -1}}, "FFC_sans_bias33": {"write": {"device_start": -1, "host_queued_start": 1585586845.136403, "device_queued": -1, "device_end": -1, "host_queued_end": 1585586845.142735}, "device": "gpu", "nd_range": {"device_start": 1585586779.7305503, "device_end": 1585586779.7311542}, "cmdq": 0, "read": {"device_start": -1, "device_end": -1}}, "FFC_sans_bias49": {"write": {"device_start": -1, "host_queued_start": 1585586845.134243, "device_queued": -1, "device_end": -1, "host_queued_end": 1585586845.142735}, "device": "gpu", "nd_range": {"device_start": 1585586779.728313, "device_end": 1585586779.729293}, "cmdq": 0, "read": {"device_start": -1, "device_end": -1}}, "FFC_sans_bias24": {"write": {"device_start": -1, "host_queued_start": 1585586845.136089, "device_queued": -1, "device_end": -1, "host_queued_end": 1585586845.142735}, "device": "gpu", "nd_range": {"device_start": 1585586779.7309504, "device_end": 1585586779.7315657}, "cmdq": 1, "read": {"device_start": -1, "device_end": -1}}, "FFC_sans_bias25": {"write": {"device_start": 1585586779.7323024, "host_queued_start": 1585586845.138351, "device_queued": 1585586779.722761, "device_end": 1585586779.7323344, "host_queued_end": 1585586845.142735}, "device": "gpu", "nd_range": {"device_start": 1585586779.7323442, "device_end": 1585586779.733088}, "cmdq": 0, "read": {"device_start": 1585586779.7330976, "device_end": 1585586779.733124}}, "FFC_sans_bias27": {"write": {"device_start": 1585586779.721478, "host_queued_start": 1585586845.119943, "device_queued": 1585586779.7204962, "device_end": 1585586779.7215056, "host_queued_end": 1585586845.142735}, "device": "gpu", "nd_range": {"device_start": 1585586779.7215166, "device_end": 1585586779.7223632}, "cmdq": 0, "read": {"device_start": -1, "device_end": -1}}, "FFC_sans_bias20": {"write": {"device_start": 1585586779.721076, "host_queued_start": 1585586845.118908, "device_queued": 1585586779.720448, "device_end": 1585586779.7211018, "host_queued_end": 1585586845.142735}, "device": "gpu", "nd_range": {"device_start": 1585586779.7211056, "device_end": 1585586779.7219405}, "cmdq": 1, "read": {"device_start": -1, "device_end": -1}}, "FFC_sans_bias22": {"write": {"device_start": -1, "host_queued_start": 1585586845.133291, "device_queued": -1, "device_end": -1, "host_queued_end": 1585586845.142735}, "device": "gpu", "nd_range": {"device_start": 1585586779.7277093, "device_end": 1585586779.728712}, "cmdq": 1, "read": {"device_start": -1, "device_end": -1}}, "softmax5": {"write": {"device_start": -1, "host_queued_start": 1585586845.154064, "device_queued": -1, "device_end": -1, "host_queued_end": 1585586845.157435}, "device": "cpu", "nd_range": {"device_start": 2254619.382137649, "device_end": 2254619.3822417473}, "cmdq": 2, "read": {"device_start": -1, "device_end": -1}}, "FFC_sans_bias28": {"write": {"device_start": 1585586779.722071, "host_queued_start": 1585586845.120964, "device_queued": 1585586779.7206407, "device_end": 1585586779.7221034, "host_queued_end": 1585586845.142735}, "device": "gpu", "nd_range": {"device_start": 1585586779.722107, "device_end": 1585586779.7229102}, "cmdq": 1, "read": {"device_start": -1, "device_end": -1}}, "FFC_sans_bias29": {"write": {"device_start": 1585586779.7224734, "host_queued_start": 1585586845.122003, "device_queued": 1585586779.720681, "device_end": 1585586779.7225065, "host_queued_end": 1585586845.142735}, "device": "gpu", "nd_range": {"device_start": 1585586779.7225103, "device_end": 1585586779.7233627}, "cmdq": 0, "read": {"device_start": -1, "device_end": -1}}, "empty17": {"write": {"device_start": -1, "host_queued_start": 1585586845.145241, "device_queued": -1, "device_end": -1, "host_queued_end": 1585586845.157435}, "device": "cpu", "nd_range": {"device_start": 2254619.347015482, "device_end": 2254619.3470248394}, "cmdq": 1, "read": {"device_start": -1, "device_end": -1}}, "softmax59": {"write": {"device_start": -1, "host_queued_start": 1585586845.135786, "device_queued": -1, "device_end": -1, "host_queued_end": 1585586845.142735}, "device": "gpu", "nd_range": {"device_start": 1585586779.7303367, "device_end": 1585586779.7305279}, "cmdq": 0, "read": {"device_start": -1, "device_end": -1}}, "empty35": {"write": {"device_start": 1585586779.719903, "host_queued_start": 1585586845.113224, "device_queued": 1585586779.7198007, "device_end": 1585586779.7199469, "host_queued_end": 1585586845.142735}, "device": "gpu", "nd_range": {"device_start": 1585586779.7199526, "device_end": 1585586779.7199585}, "cmdq": 1, "read": {"device_start": -1, "device_end": -1}}, "empty53": {"write": {"device_start": 1585586779.7200904, "host_queued_start": 1585586845.114999, "device_queued": 1585586779.7198875, "device_end": 1585586779.7201157, "host_queued_end": 1585586845.142735}, "device": "gpu", "nd_range": {"device_start": 1585586779.7201183, "device_end": 1585586779.7201226}, "cmdq": 1, "read": {"device_start": -1, "device_end": -1}}, "FFC_sans_bias46": {"write": {"device_start": 1585586779.7249656, "host_queued_start": 1585586845.127273, "device_queued": 1585586779.72128, "device_end": 1585586779.7249913, "host_queued_end": 1585586845.142735}, "device": "gpu", "nd_range": {"device_start": 1585586779.7249985, "device_end": 1585586779.7257853}, "cmdq": 1, "read": {"device_start": -1, "device_end": -1}}, "coalesced_transpose48": {"write": {"device_start": -1, "host_queued_start": 1585586845.132668, "device_queued": -1, "device_end": -1, "host_queued_end": 1585586845.142735}, "device": "gpu", "nd_range": {"device_start": 1585586779.727685, "device_end": 1585586779.7277014}, "cmdq": 1, "read": {"device_start": -1, "device_end": -1}}}