{"FFC_sans_bias60": {"write": {"device_start": -1, "host_queued_start": 1585586950.027784, "device_queued": -1, "device_end": -1, "host_queued_end": 1585586950.035536}, "device": "gpu", "nd_range": {"device_start": 1585586884.62678, "device_end": 1585586884.6282585}, "cmdq": 1, "read": {"device_start": -1, "device_end": -1}}, "FFC_sans_bias4": {"write": {"device_start": -1, "host_queued_start": 1585586950.021176, "device_queued": -1, "device_end": -1, "host_queued_end": 1585586950.035536}, "device": "gpu", "nd_range": {"device_start": 1585586884.6208942, "device_end": 1585586884.6214957}, "cmdq": 2, "read": {"device_start": -1, "device_end": -1}}, "FFC_sans_bias7": {"write": {"device_start": 1585586884.6264586, "host_queued_start": 1585586950.028847, "device_queued": 1585586884.614044, "device_end": 1585586884.62649, "host_queued_end": 1585586950.035536}, "device": "gpu", "nd_range": {"device_start": 1585586884.6265037, "device_end": 1585586884.6277673}, "cmdq": 2, "read": {"device_start": 1585586884.6277754, "device_end": 1585586884.6278002}}, "FFC_sans_bias6": {"write": {"device_start": -1, "host_queued_start": 1585586950.025748, "device_queued": -1, "device_end": -1, "host_queued_end": 1585586950.035536}, "device": "gpu", "nd_range": {"device_start": 1585586884.6248522, "device_end": 1585586884.6257803}, "cmdq": 1, "read": {"device_start": -1, "device_end": -1}}, "FFC_sans_bias1": {"write": {"device_start": 1585586884.6106408, "host_queued_start": 1585586949.995196, "device_queued": 1585586884.6105447, "device_end": 1585586884.6107, "host_queued_end": 1585586950.035536}, "device": "gpu", "nd_range": {"device_start": 1585586884.6107044, "device_end": 1585586884.6116369}, "cmdq": 2, "read": {"device_start": -1, "device_end": -1}}, "FFC_sans_bias0": {"write": {"device_start": 1585586884.6105537, "host_queued_start": 1585586949.994098, "device_queued": 1585586884.6103384, "device_end": 1585586884.610619, "host_queued_end": 1585586950.035536}, "device": "gpu", "nd_range": {"device_start": 1585586884.6106248, "device_end": 1585586884.6112337}, "cmdq": 1, "read": {"device_start": -1, "device_end": -1}}, "FFC_sans_bias2": {"write": {"device_start": 1585586884.6107247, "host_queued_start": 1585586949.996263, "device_queued": 1585586884.6106367, "device_end": 1585586884.6107495, "host_queued_end": 1585586950.035536}, "device": "gpu", "nd_range": {"device_start": 1585586884.610816, "device_end": 1585586884.6122174}, "cmdq": 0, "read": {"device_start": -1, "device_end": -1}}, "FFC_sans_bias61": {"write": {"device_start": 1585586884.6304972, "host_queued_start": 1585586950.035426, "device_queued": 1585586884.6147575, "device_end": 1585586884.6305268, "host_queued_end": 1585586950.035536}, "device": "gpu", "nd_range": {"device_start": 1585586884.6305368, "device_end": 1585586884.6315737}, "cmdq": 2, "read": {"device_start": 1585586884.6315808, "device_end": 1585586884.6316028}}, "FFC_sans_bias52": {"write": {"device_start": 1585586884.6303713, "host_queued_start": 1585586950.034323, "device_queued": 1585586884.6145463, "device_end": 1585586884.630428, "host_queued_end": 1585586950.035536}, "device": "gpu", "nd_range": {"device_start": 1585586884.630444, "device_end": 1585586884.6311512}, "cmdq": 1, "read": {"device_start": 1585586884.631154, "device_end": 1585586884.6311765}}, "FFC_sans_bias9": {"write": {"device_start": 1585586884.611336, "host_queued_start": 1585586949.997308, "device_queued": 1585586884.6108248, "device_end": 1585586884.6113665, "host_queued_end": 1585586950.035536}, "device": "gpu", "nd_range": {"device_start": 1585586884.6113713, "device_end": 1585586884.6126325}, "cmdq": 1, "read": {"device_start": -1, "device_end": -1}}, "coalesced_transpose39": {"write": {"device_start": -1, "host_queued_start": 1585586950.020129, "device_queued": -1, "device_end": -1, "host_queued_end": 1585586950.035536}, "device": "gpu", "nd_range": {"device_start": 1585586884.6207545, "device_end": 1585586884.6207786}, "cmdq": 2, "read": {"device_start": -1, "device_end": -1}}, "FFC_sans_bias55": {"write": {"device_start": 1585586884.619494, "host_queued_start": 1585586950.018336, "device_queued": 1585586884.6125286, "device_end": 1585586884.6195204, "host_queued_end": 1585586950.035536}, "device": "gpu", "nd_range": {"device_start": 1585586884.619526, "device_end": 1585586884.6208584}, "cmdq": 0, "read": {"device_start": -1, "device_end": -1}}, "FFC_sans_bias54": {"write": {"device_start": 1585586884.6190388, "host_queued_start": 1585586950.017189, "device_queued": 1585586884.6124616, "device_end": 1585586884.6190643, "host_queued_end": 1585586950.035536}, "device": "gpu", "nd_range": {"device_start": 1585586884.6190708, "device_end": 1585586884.6203852}, "cmdq": 2, "read": {"device_start": -1, "device_end": -1}}, "FFC_sans_bias56": {"write": {"device_start": 1585586884.6185107, "host_queued_start": 1585586950.016058, "device_queued": 1585586884.6123097, "device_end": 1585586884.618536, "host_queued_end": 1585586950.035536}, "device": "gpu", "nd_range": {"device_start": 1585586884.6185455, "device_end": 1585586884.6199083}, "cmdq": 1, "read": {"device_start": -1, "device_end": -1}}, "FFC_sans_bias51": {"write": {"device_start": -1, "host_queued_start": 1585586950.027451, "device_queued": -1, "device_end": -1, "host_queued_end": 1585586950.035536}, "device": "gpu", "nd_range": {"device_start": 1585586884.6273334, "device_end": 1585586884.6287563}, "cmdq": 0, "read": {"device_start": -1, "device_end": -1}}, "softmax23": {"write": {"device_start": -1, "host_queued_start": 1585586950.024272, "device_queued": -1, "device_end": -1, "host_queued_end": 1585586950.035536}, "device": "gpu", "nd_range": {"device_start": 1585586884.6243427, "device_end": 1585586884.624548}, "cmdq": 2, "read": {"device_start": -1, "device_end": -1}}, "FFC_sans_bias37": {"write": {"device_start": 1585586884.6161187, "host_queued_start": 1585586950.010367, "device_queued": 1585586884.6118534, "device_end": 1585586884.616144, "host_queued_end": 1585586950.035536}, "device": "gpu", "nd_range": {"device_start": 1585586884.616149, "device_end": 1585586884.6174538}, "cmdq": 2, "read": {"device_start": -1, "device_end": -1}}, "empty62": {"write": {"device_start": 1585586884.610471, "host_queued_start": 1585586949.993128, "device_queued": 1585586884.6102917, "device_end": 1585586884.6105273, "host_queued_end": 1585586950.035536}, "device": "gpu", "nd_range": {"device_start": 1585586884.610531, "device_end": 1585586884.6105354}, "cmdq": 0, "read": {"device_start": -1, "device_end": -1}}, "FFC_sans_bias58": {"write": {"device_start": -1, "host_queued_start": 1585586950.023307, "device_queued": -1, "device_end": -1, "host_queued_end": 1585586950.035536}, "device": "gpu", "nd_range": {"device_start": 1585586884.6229296, "device_end": 1585586884.6243324}, "cmdq": 2, "read": {"device_start": -1, "device_end": -1}}, "softmax41": {"write": {"device_start": -1, "host_queued_start": 1585586950.024822, "device_queued": -1, "device_end": -1, "host_queued_end": 1585586950.035536}, "device": "gpu", "nd_range": {"device_start": 1585586884.624603, "device_end": 1585586884.624842}, "cmdq": 1, "read": {"device_start": -1, "device_end": -1}}, "FFC_sans_bias11": {"write": {"device_start": 1585586884.6123252, "host_queued_start": 1585586949.999401, "device_queued": 1585586884.6110015, "device_end": 1585586884.612357, "host_queued_end": 1585586950.035536}, "device": "gpu", "nd_range": {"device_start": 1585586884.6123624, "device_end": 1585586884.6136262}, "cmdq": 0, "read": {"device_start": -1, "device_end": -1}}, "FFC_sans_bias10": {"write": {"device_start": 1585586884.6117108, "host_queued_start": 1585586949.998333, "device_queued": 1585586884.610852, "device_end": 1585586884.6117349, "host_queued_end": 1585586950.035536}, "device": "gpu", "nd_range": {"device_start": 1585586884.6117444, "device_end": 1585586884.6131718}, "cmdq": 2, "read": {"device_start": -1, "device_end": -1}}, "coalesced_transpose3": {"write": {"device_start": -1, "host_queued_start": 1585586950.018744, "device_queued": -1, "device_end": -1, "host_queued_end": 1585586950.035536}, "device": "gpu", "nd_range": {"device_start": 1585586884.6199102, "device_end": 1585586884.6207366}, "cmdq": 1, "read": {"device_start": -1, "device_end": -1}}, "FFC_sans_bias34": {"write": {"device_start": 1585586884.6279554, "host_queued_start": 1585586950.032142, "device_queued": 1585586884.6143403, "device_end": 1585586884.627986, "host_queued_end": 1585586950.035536}, "device": "gpu", "nd_range": {"device_start": 1585586884.6279976, "device_end": 1585586884.6292303}, "cmdq": 2, "read": {"device_start": 1585586884.6302974, "device_end": 1585586884.630353}}, "FFC_sans_bias15": {"write": {"device_start": -1, "host_queued_start": 1585586950.026096, "device_queued": -1, "device_end": -1, "host_queued_end": 1585586950.035536}, "device": "gpu", "nd_range": {"device_start": 1585586884.6247733, "device_end": 1585586884.6253765}, "cmdq": 2, "read": {"device_start": -1, "device_end": -1}}, "FFC_sans_bias31": {"write": {"device_start": -1, "host_queued_start": 1585586950.022234, "device_queued": -1, "device_end": -1, "host_queued_end": 1585586950.035536}, "device": "gpu", "nd_range": {"device_start": 1585586884.6215081, "device_end": 1585586884.622912}, "cmdq": 2, "read": {"device_start": -1, "device_end": -1}}, "FFC_sans_bias16": {"write": {"device_start": 1585586884.6288474, "host_queued_start": 1585586950.02995, "device_queued": 1585586884.6141105, "device_end": 1585586884.6288786, "host_queued_end": 1585586950.035536}, "device": "gpu", "nd_range": {"device_start": 1585586884.6288905, "device_end": 1585586884.629738}, "cmdq": 0, "read": {"device_start": 1585586884.6297483, "device_end": 1585586884.6297727}}, "FFC_sans_bias19": {"write": {"device_start": 1585586884.6132715, "host_queued_start": 1585586950.00215, "device_queued": 1585586884.6111813, "device_end": 1585586884.6132967, "host_queued_end": 1585586950.035536}, "device": "gpu", "nd_range": {"device_start": 1585586884.6133008, "device_end": 1585586884.6146038}, "cmdq": 2, "read": {"device_start": -1, "device_end": -1}}, "FFC_sans_bias18": {"write": {"device_start": 1585586884.6127186, "host_queued_start": 1585586950.000486, "device_queued": 1585586884.6110444, "device_end": 1585586884.6127448, "host_queued_end": 1585586950.035536}, "device": "gpu", "nd_range": {"device_start": 1585586884.6127493, "device_end": 1585586884.6141114}, "cmdq": 1, "read": {"device_start": -1, "device_end": -1}}, "coalesced_transpose30": {"write": {"device_start": -1, "host_queued_start": 1585586950.01979, "device_queued": -1, "device_end": -1, "host_queued_end": 1585586950.035536}, "device": "gpu", "nd_range": {"device_start": 1585586884.6207428, "device_end": 1585586884.6207683}, "cmdq": 1, "read": {"device_start": -1, "device_end": -1}}, "FFC_sans_bias38": {"write": {"device_start": 1585586884.6166298, "host_queued_start": 1585586950.011521, "device_queued": 1585586884.6119132, "device_end": 1585586884.616656, "host_queued_end": 1585586950.035536}, "device": "gpu", "nd_range": {"device_start": 1585586884.616662, "device_end": 1585586884.6179788}, "cmdq": 0, "read": {"device_start": -1, "device_end": -1}}, "coalesced_transpose57": {"write": {"device_start": -1, "host_queued_start": 1585586950.020813, "device_queued": -1, "device_end": -1, "host_queued_end": 1585586950.035536}, "device": "gpu", "nd_range": {"device_start": 1585586884.6208787, "device_end": 1585586884.6209104}, "cmdq": 1, "read": {"device_start": -1, "device_end": -1}}, "empty26": {"write": {"device_start": 1585586884.6100311, "host_queued_start": 1585586949.989828, "device_queued": 1585586884.6098535, "device_end": 1585586884.6101167, "host_queued_end": 1585586950.035536}, "device": "gpu", "nd_range": {"device_start": 1585586884.6101248, "device_end": 1585586884.6101391}, "cmdq": 2, "read": {"device_start": -1, "device_end": -1}}, "coalesced_transpose12": {"write": {"device_start": -1, "host_queued_start": 1585586950.019109, "device_queued": -1, "device_end": -1, "host_queued_end": 1585586950.035536}, "device": "gpu", "nd_range": {"device_start": 1585586884.6203866, "device_end": 1585586884.620753}, "cmdq": 2, "read": {"device_start": -1, "device_end": -1}}, "empty44": {"write": {"device_start": 1585586884.6103024, "host_queued_start": 1585586949.99151, "device_queued": 1585586884.61021, "device_end": 1585586884.6103556, "host_queued_end": 1585586950.035536}, "device": "gpu", "nd_range": {"device_start": 1585586884.6103604, "device_end": 1585586884.610368}, "cmdq": 1, "read": {"device_start": -1, "device_end": -1}}, "coalesced_transpose21": {"write": {"device_start": -1, "host_queued_start": 1585586950.019449, "device_queued": -1, "device_end": -1, "host_queued_end": 1585586950.035536}, "device": "gpu", "nd_range": {"device_start": 1585586884.6208625, "device_end": 1585586884.6208973}, "cmdq": 0, "read": {"device_start": -1, "device_end": -1}}, "FFC_sans_bias36": {"write": {"device_start": 1585586884.6156733, "host_queued_start": 1585586950.009219, "device_queued": 1585586884.6116924, "device_end": 1585586884.6156995, "host_queued_end": 1585586950.035536}, "device": "gpu", "nd_range": {"device_start": 1585586884.6157053, "device_end": 1585586884.617011}, "cmdq": 1, "read": {"device_start": -1, "device_end": -1}}, "softmax14": {"write": {"device_start": -1, "host_queued_start": 1585586950.023999, "device_queued": -1, "device_end": -1, "host_queued_end": 1585586950.035536}, "device": "gpu", "nd_range": {"device_start": 1585586884.6234446, "device_end": 1585586884.624593}, "cmdq": 1, "read": {"device_start": -1, "device_end": -1}}, "FFC_sans_bias13": {"write": {"device_start": -1, "host_queued_start": 1585586950.021532, "device_queued": -1, "device_end": -1, "host_queued_end": 1585586950.035536}, "device": "gpu", "nd_range": {"device_start": 1585586884.6213315, "device_end": 1585586884.622479}, "cmdq": 0, "read": {"device_start": -1, "device_end": -1}}, "empty8": {"write": {"device_start": 1585586884.6097786, "host_queued_start": 1585586949.987724, "device_queued": 1585586884.609679, "device_end": 1585586884.6098094, "host_queued_end": 1585586950.035536}, "device": "gpu", "nd_range": {"device_start": 1585586884.6098561, "device_end": 1585586884.609861}, "cmdq": 0, "read": {"device_start": -1, "device_end": -1}}, "FFC_sans_bias42": {"write": {"device_start": -1, "host_queued_start": 1585586950.02712, "device_queued": -1, "device_end": -1, "host_queued_end": 1585586950.035536}, "device": "gpu", "nd_range": {"device_start": 1585586884.625386, "device_end": 1585586884.6263602}, "cmdq": 2, "read": {"device_start": -1, "device_end": -1}}, "FFC_sans_bias43": {"write": {"device_start": 1585586884.6299407, "host_queued_start": 1585586950.033231, "device_queued": 1585586884.614512, "device_end": 1585586884.6299732, "host_queued_end": 1585586950.035536}, "device": "gpu", "nd_range": {"device_start": 1585586884.6299834, "device_end": 1585586884.630713}, "cmdq": 0, "read": {"device_start": 1585586884.6307166, "device_end": 1585586884.6307395}}, "FFC_sans_bias40": {"write": {"device_start": -1, "host_queued_start": 1585586950.022591, "device_queued": -1, "device_end": -1, "host_queued_end": 1585586950.035536}, "device": "gpu", "nd_range": {"device_start": 1585586884.62249, "device_end": 1585586884.623893}, "cmdq": 0, "read": {"device_start": -1, "device_end": -1}}, "softmax32": {"write": {"device_start": -1, "host_queued_start": 1585586950.024551, "device_queued": -1, "device_end": -1, "host_queued_end": 1585586950.035536}, "device": "gpu", "nd_range": {"device_start": 1585586884.624618, "device_end": 1585586884.624865}, "cmdq": 0, "read": {"device_start": -1, "device_end": -1}}, "FFC_sans_bias47": {"write": {"device_start": 1585586884.6180599, "host_queued_start": 1585586950.014931, "device_queued": 1585586884.6122522, "device_end": 1585586884.6180866, "host_queued_end": 1585586950.035536}, "device": "gpu", "nd_range": {"device_start": 1585586884.618094, "device_end": 1585586884.6194077}, "cmdq": 0, "read": {"device_start": -1, "device_end": -1}}, "FFC_sans_bias45": {"write": {"device_start": 1585586884.6170914, "host_queued_start": 1585586950.012641, "device_queued": 1585586884.612051, "device_end": 1585586884.6171188, "host_queued_end": 1585586950.035536}, "device": "gpu", "nd_range": {"device_start": 1585586884.6171257, "device_end": 1585586884.6184316}, "cmdq": 1, "read": {"device_start": -1, "device_end": -1}}, "softmax50": {"write": {"device_start": -1, "host_queued_start": 1585586950.02512, "device_queued": -1, "device_end": -1, "host_queued_end": 1585586950.035536}, "device": "gpu", "nd_range": {"device_start": 1585586884.6245582, "device_end": 1585586884.6247644}, "cmdq": 2, "read": {"device_start": -1, "device_end": -1}}, "FFC_sans_bias33": {"write": {"device_start": -1, "host_queued_start": 1585586950.026792, "device_queued": -1, "device_end": -1, "host_queued_end": 1585586950.035536}, "device": "gpu", "nd_range": {"device_start": 1585586884.62579, "device_end": 1585586884.6267705}, "cmdq": 1, "read": {"device_start": -1, "device_end": -1}}, "FFC_sans_bias49": {"write": {"device_start": -1, "host_queued_start": 1585586950.022953, "device_queued": -1, "device_end": -1, "host_queued_end": 1585586950.035536}, "device": "gpu", "nd_range": {"device_start": 1585586884.621928, "device_end": 1585586884.6234336}, "cmdq": 1, "read": {"device_start": -1, "device_end": -1}}, "FFC_sans_bias24": {"write": {"device_start": -1, "host_queued_start": 1585586950.02644, "device_queued": -1, "device_end": -1, "host_queued_end": 1585586950.035536}, "device": "gpu", "nd_range": {"device_start": 1585586884.6260092, "device_end": 1585586884.6273243}, "cmdq": 0, "read": {"device_start": -1, "device_end": -1}}, "FFC_sans_bias25": {"write": {"device_start": 1585586884.6289668, "host_queued_start": 1585586950.031049, "device_queued": 1585586884.6142762, "device_end": 1585586884.6289978, "host_queued_end": 1585586950.035536}, "device": "gpu", "nd_range": {"device_start": 1585586884.6290114, "device_end": 1585586884.630173}, "cmdq": 1, "read": {"device_start": 1585586884.6301796, "device_end": 1585586884.6302042}}, "FFC_sans_bias27": {"write": {"device_start": 1585586884.6141913, "host_queued_start": 1585586950.005768, "device_queued": 1585586884.6114306, "device_end": 1585586884.614217, "host_queued_end": 1585586950.035536}, "device": "gpu", "nd_range": {"device_start": 1585586884.614224, "device_end": 1585586884.6155865}, "cmdq": 1, "read": {"device_start": -1, "device_end": -1}}, "FFC_sans_bias20": {"write": {"device_start": 1585586884.6137133, "host_queued_start": 1585586950.004246, "device_queued": 1585586884.6112611, "device_end": 1585586884.6137385, "host_queued_end": 1585586950.035536}, "device": "gpu", "nd_range": {"device_start": 1585586884.613744, "device_end": 1585586884.6150718}, "cmdq": 0, "read": {"device_start": -1, "device_end": -1}}, "FFC_sans_bias22": {"write": {"device_start": -1, "host_queued_start": 1585586950.021889, "device_queued": -1, "device_end": -1, "host_queued_end": 1585586950.035536}, "device": "gpu", "nd_range": {"device_start": 1585586884.6209219, "device_end": 1585586884.6219177}, "cmdq": 1, "read": {"device_start": -1, "device_end": -1}}, "softmax5": {"write": {"device_start": -1, "host_queued_start": 1585586950.023719, "device_queued": -1, "device_end": -1, "host_queued_end": 1585586950.035536}, "device": "gpu", "nd_range": {"device_start": 1585586884.623903, "device_end": 1585586884.6246076}, "cmdq": 0, "read": {"device_start": -1, "device_end": -1}}, "FFC_sans_bias28": {"write": {"device_start": 1585586884.614693, "host_queued_start": 1585586950.006967, "device_queued": 1585586884.6114662, "device_end": 1585586884.6147194, "host_queued_end": 1585586950.035536}, "device": "gpu", "nd_range": {"device_start": 1585586884.6147244, "device_end": 1585586884.6160314}, "cmdq": 2, "read": {"device_start": -1, "device_end": -1}}, "FFC_sans_bias29": {"write": {"device_start": 1585586884.6151614, "host_queued_start": 1585586950.008105, "device_queued": 1585586884.6116142, "device_end": 1585586884.615187, "host_queued_end": 1585586950.035536}, "device": "gpu", "nd_range": {"device_start": 1585586884.615192, "device_end": 1585586884.6165516}, "cmdq": 0, "read": {"device_start": -1, "device_end": -1}}, "empty17": {"write": {"device_start": 1585586884.609943, "host_queued_start": 1585586949.988917, "device_queued": 1585586884.6098197, "device_end": 1585586884.610014, "host_queued_end": 1585586950.035536}, "device": "gpu", "nd_range": {"device_start": 1585586884.6100192, "device_end": 1585586884.610026}, "cmdq": 1, "read": {"device_start": -1, "device_end": -1}}, "softmax59": {"write": {"device_start": -1, "host_queued_start": 1585586950.025398, "device_queued": -1, "device_end": -1, "host_queued_end": 1585586950.035536}, "device": "gpu", "nd_range": {"device_start": 1585586884.6248755, "device_end": 1585586884.626}, "cmdq": 0, "read": {"device_start": -1, "device_end": -1}}, "empty35": {"write": {"device_start": 1585586884.6101177, "host_queued_start": 1585586949.990702, "device_queued": 1585586884.609924, "device_end": 1585586884.6101422, "host_queued_end": 1585586950.035536}, "device": "gpu", "nd_range": {"device_start": 1585586884.610157, "device_end": 1585586884.61016}, "cmdq": 0, "read": {"device_start": -1, "device_end": -1}}, "empty53": {"write": {"device_start": 1585586884.610387, "host_queued_start": 1585586949.992321, "device_queued": 1585586884.6102376, "device_end": 1585586884.6104443, "host_queued_end": 1585586950.035536}, "device": "gpu", "nd_range": {"device_start": 1585586884.6104496, "device_end": 1585586884.6104548}, "cmdq": 2, "read": {"device_start": -1, "device_end": -1}}, "FFC_sans_bias46": {"write": {"device_start": 1585586884.617532, "host_queued_start": 1585586950.013776, "device_queued": 1585586884.612076, "device_end": 1585586884.6175575, "host_queued_end": 1585586950.035536}, "device": "gpu", "nd_range": {"device_start": 1585586884.6175618, "device_end": 1585586884.6189532}, "cmdq": 2, "read": {"device_start": -1, "device_end": -1}}, "coalesced_transpose48": {"write": {"device_start": -1, "host_queued_start": 1585586950.020475, "device_queued": -1, "device_end": -1, "host_queued_end": 1585586950.035536}, "device": "gpu", "nd_range": {"device_start": 1585586884.6209075, "device_end": 1585586884.6213188}, "cmdq": 0, "read": {"device_start": -1, "device_end": -1}}}