{"FFC_sans_bias60": {"write": {"device_start": -1, "host_queued_start": 1585587007.745923, "device_queued": -1, "device_end": -1, "host_queued_end": 1585587007.748115}, "device": "gpu", "nd_range": {"device_start": 1585586942.3255754, "device_end": 1585586942.3262863}, "cmdq": 3, "read": {"device_start": -1, "device_end": -1}}, "FFC_sans_bias4": {"write": {"device_start": -1, "host_queued_start": 1585587007.771052, "device_queued": -1, "device_end": -1, "host_queued_end": 1585587007.780622}, "device": "cpu", "nd_range": {"device_start": 2254782.042689255, "device_end": 2254782.052287753}, "cmdq": 1, "read": {"device_start": -1, "device_end": -1}}, "FFC_sans_bias7": {"write": {"device_start": -1, "host_queued_start": 1585587007.776559, "device_queued": -1, "device_end": -1, "host_queued_end": 1585587007.780622}, "device": "cpu", "nd_range": {"device_start": 2254782.080016524, "device_end": 2254782.09073967}, "cmdq": 0, "read": {"device_start": -1, "device_end": -1}}, "FFC_sans_bias6": {"write": {"device_start": -1, "host_queued_start": 1585587007.774121, "device_queued": -1, "device_end": -1, "host_queued_end": 1585587007.780622}, "device": "cpu", "nd_range": {"device_start": 2254782.0660287673, "device_end": 2254782.0758373393}, "cmdq": 1, "read": {"device_start": -1, "device_end": -1}}, "FFC_sans_bias1": {"write": {"device_start": -1, "host_queued_start": 1585587007.755189, "device_queued": -1, "device_end": -1, "host_queued_end": 1585587007.780622}, "device": "cpu", "nd_range": {"device_start": 2254781.970275306, "device_end": 2254781.9784125783}, "cmdq": 0, "read": {"device_start": -1, "device_end": -1}}, "FFC_sans_bias0": {"write": {"device_start": -1, "host_queued_start": 1585587007.754064, "device_queued": -1, "device_end": -1, "host_queued_end": 1585587007.780622}, "device": "cpu", "nd_range": {"device_start": 2254781.970268885, "device_end": 2254781.9784119353}, "cmdq": 1, "read": {"device_start": -1, "device_end": -1}}, "FFC_sans_bias2": {"write": {"device_start": -1, "host_queued_start": 1585587007.756292, "device_queued": -1, "device_end": -1, "host_queued_end": 1585587007.780622}, "device": "cpu", "nd_range": {"device_start": 2254781.978627642, "device_end": 2254781.98630813}, "cmdq": 1, "read": {"device_start": -1, "device_end": -1}}, "FFC_sans_bias61": {"write": {"device_start": 1585586942.3256984, "host_queued_start": 1585587007.748017, "device_queued": 1585586942.3221138, "device_end": 1585586942.3257284, "host_queued_end": 1585587007.748115}, "device": "gpu", "nd_range": {"device_start": 1585586942.3262894, "device_end": 1585586942.327254}, "cmdq": 1, "read": {"device_start": 1585586942.3272555, "device_end": 1585586942.3272781}}, "FFC_sans_bias52": {"write": {"device_start": 1585586942.3253875, "host_queued_start": 1585587007.746981, "device_queued": 1585586942.321968, "device_end": 1585586942.3254197, "host_queued_end": 1585587007.748115}, "device": "gpu", "nd_range": {"device_start": 1585586942.325871, "device_end": 1585586942.3268309}, "cmdq": 0, "read": {"device_start": 1585586942.326833, "device_end": 1585586942.3268564}}, "FFC_sans_bias9": {"write": {"device_start": -1, "host_queued_start": 1585587007.757354, "device_queued": -1, "device_end": -1, "host_queued_end": 1585587007.780622}, "device": "cpu", "nd_range": {"device_start": 2254781.978437109, "device_end": 2254781.986089304}, "cmdq": 0, "read": {"device_start": -1, "device_end": -1}}, "coalesced_transpose39": {"write": {"device_start": -1, "host_queued_start": 1585587007.770711, "device_queued": -1, "device_end": -1, "host_queued_end": 1585587007.780622}, "device": "cpu", "nd_range": {"device_start": 2254782.020647706, "device_end": 2254782.020879733}, "cmdq": 0, "read": {"device_start": -1, "device_end": -1}}, "FFC_sans_bias55": {"write": {"device_start": 1585586942.3223064, "host_queued_start": 1585587007.743558, "device_queued": 1585586942.321362, "device_end": 1585586942.3223379, "host_queued_end": 1585587007.748115}, "device": "gpu", "nd_range": {"device_start": 1585586942.322344, "device_end": 1585586942.324187}, "cmdq": 3, "read": {"device_start": -1, "device_end": -1}}, "FFC_sans_bias54": {"write": {"device_start": 1585586942.321923, "host_queued_start": 1585587007.742506, "device_queued": 1585586942.3213425, "device_end": 1585586942.321953, "host_queued_end": 1585587007.748115}, "device": "gpu", "nd_range": {"device_start": 1585586942.3219569, "device_end": 1585586942.3237689}, "cmdq": 2, "read": {"device_start": -1, "device_end": -1}}, "FFC_sans_bias56": {"write": {"device_start": 1585586942.3214223, "host_queued_start": 1585587007.741443, "device_queued": 1585586942.321317, "device_end": 1585586942.321448, "host_queued_end": 1585587007.748115}, "device": "gpu", "nd_range": {"device_start": 1585586942.3214576, "device_end": 1585586942.3232024}, "cmdq": 1, "read": {"device_start": -1, "device_end": -1}}, "FFC_sans_bias51": {"write": {"device_start": -1, "host_queued_start": 1585587007.745617, "device_queued": -1, "device_end": -1, "host_queued_end": 1585587007.748115}, "device": "gpu", "nd_range": {"device_start": 1585586942.3252656, "device_end": 1585586942.3258672}, "cmdq": 2, "read": {"device_start": -1, "device_end": -1}}, "softmax23": {"write": {"device_start": -1, "host_queued_start": 1585587007.773245, "device_queued": -1, "device_end": -1, "host_queued_end": 1585587007.780622}, "device": "cpu", "nd_range": {"device_start": 2254782.06063401, "device_end": 2254782.061722333}, "cmdq": 0, "read": {"device_start": -1, "device_end": -1}}, "FFC_sans_bias37": {"write": {"device_start": -1, "host_queued_start": 1585587007.767961, "device_queued": -1, "device_end": -1, "host_queued_end": 1585587007.780622}, "device": "cpu", "nd_range": {"device_start": 2254782.013694622, "device_end": 2254782.0198051212}, "cmdq": 0, "read": {"device_start": -1, "device_end": -1}}, "empty62": {"write": {"device_start": 1585586942.320999, "host_queued_start": 1585587007.737216, "device_queued": 1585586942.320797, "device_end": 1585586942.321069, "host_queued_end": 1585587007.748115}, "device": "gpu", "nd_range": {"device_start": 1585586942.32108, "device_end": 1585586942.3210838}, "cmdq": 1, "read": {"device_start": -1, "device_end": -1}}, "FFC_sans_bias58": {"write": {"device_start": -1, "host_queued_start": 1585587007.744822, "device_queued": -1, "device_end": -1, "host_queued_end": 1585587007.748115}, "device": "gpu", "nd_range": {"device_start": 1585586942.324213, "device_end": 1585586942.3252037}, "cmdq": 3, "read": {"device_start": -1, "device_end": -1}}, "softmax41": {"write": {"device_start": -1, "host_queued_start": 1585587007.773785, "device_queued": -1, "device_end": -1, "host_queued_end": 1585587007.780622}, "device": "cpu", "nd_range": {"device_start": 2254782.0646916833, "device_end": 2254782.0648608403}, "cmdq": 0, "read": {"device_start": -1, "device_end": -1}}, "FFC_sans_bias11": {"write": {"device_start": -1, "host_queued_start": 1585587007.759475, "device_queued": -1, "device_end": -1, "host_queued_end": 1585587007.780622}, "device": "cpu", "nd_range": {"device_start": 2254781.98621926, "device_end": 2254781.991957434}, "cmdq": 0, "read": {"device_start": -1, "device_end": -1}}, "FFC_sans_bias10": {"write": {"device_start": -1, "host_queued_start": 1585587007.758402, "device_queued": -1, "device_end": -1, "host_queued_end": 1585587007.780622}, "device": "cpu", "nd_range": {"device_start": 2254781.990089245, "device_end": 2254781.996536877}, "cmdq": 1, "read": {"device_start": -1, "device_end": -1}}, "coalesced_transpose3": {"write": {"device_start": -1, "host_queued_start": 1585587007.76937, "device_queued": -1, "device_end": -1, "host_queued_end": 1585587007.780622}, "device": "cpu", "nd_range": {"device_start": 2254782.01993254, "device_end": 2254782.020186296}, "cmdq": 0, "read": {"device_start": -1, "device_end": -1}}, "FFC_sans_bias34": {"write": {"device_start": -1, "host_queued_start": 1585587007.779571, "device_queued": -1, "device_end": -1, "host_queued_end": 1585587007.780622}, "device": "cpu", "nd_range": {"device_start": 2254782.101666394, "device_end": 2254782.1091328133}, "cmdq": 1, "read": {"device_start": -1, "device_end": -1}}, "FFC_sans_bias15": {"write": {"device_start": -1, "host_queued_start": 1585587007.774461, "device_queued": -1, "device_end": -1, "host_queued_end": 1585587007.780622}, "device": "cpu", "nd_range": {"device_start": 2254782.0649769343, "device_end": 2254782.0709063653}, "cmdq": 0, "read": {"device_start": -1, "device_end": -1}}, "FFC_sans_bias31": {"write": {"device_start": -1, "host_queued_start": 1585587007.772077, "device_queued": -1, "device_end": -1, "host_queued_end": 1585587007.780622}, "device": "cpu", "nd_range": {"device_start": 2254782.04919194, "device_end": 2254782.059144216}, "cmdq": 0, "read": {"device_start": -1, "device_end": -1}}, "FFC_sans_bias16": {"write": {"device_start": -1, "host_queued_start": 1585587007.777548, "device_queued": -1, "device_end": -1, "host_queued_end": 1585587007.780622}, "device": "cpu", "nd_range": {"device_start": 2254782.09182323, "device_end": 2254782.1016632672}, "cmdq": 1, "read": {"device_start": -1, "device_end": -1}}, "FFC_sans_bias19": {"write": {"device_start": -1, "host_queued_start": 1585587007.761549, "device_queued": -1, "device_end": -1, "host_queued_end": 1585587007.780622}, "device": "cpu", "nd_range": {"device_start": 2254781.992079791, "device_end": 2254782.0000610393}, "cmdq": 0, "read": {"device_start": -1, "device_end": -1}}, "FFC_sans_bias18": {"write": {"device_start": -1, "host_queued_start": 1585587007.760511, "device_queued": -1, "device_end": -1, "host_queued_end": 1585587007.780622}, "device": "cpu", "nd_range": {"device_start": 2254782.003104725, "device_end": 2254782.0088747703}, "cmdq": 1, "read": {"device_start": -1, "device_end": -1}}, "coalesced_transpose30": {"write": {"device_start": -1, "host_queued_start": 1585587007.770357, "device_queued": -1, "device_end": -1, "host_queued_end": 1585587007.780622}, "device": "cpu", "nd_range": {"device_start": 2254782.042334985, "device_end": 2254782.042579172}, "cmdq": 1, "read": {"device_start": -1, "device_end": -1}}, "FFC_sans_bias38": {"write": {"device_start": -1, "host_queued_start": 1585587007.769039, "device_queued": -1, "device_end": -1, "host_queued_end": 1585587007.780622}, "device": "cpu", "nd_range": {"device_start": 2254782.0379110523, "device_end": 2254782.041988682}, "cmdq": 1, "read": {"device_start": -1, "device_end": -1}}, "coalesced_transpose57": {"write": {"device_start": -1, "host_queued_start": 1585587007.744194, "device_queued": -1, "device_end": -1, "host_queued_end": 1585587007.748115}, "device": "gpu", "nd_range": {"device_start": 1585586942.3241951, "device_end": 1585586942.3242068}, "cmdq": 1, "read": {"device_start": -1, "device_end": -1}}, "empty26": {"write": {"device_start": -1, "host_queued_start": 1585587007.751432, "device_queued": -1, "device_end": -1, "host_queued_end": 1585587007.780622}, "device": "cpu", "nd_range": {"device_start": 2254781.970262307, "device_end": 2254781.9702631743}, "cmdq": 0, "read": {"device_start": -1, "device_end": -1}}, "coalesced_transpose12": {"write": {"device_start": -1, "host_queued_start": 1585587007.769704, "device_queued": -1, "device_end": -1, "host_queued_end": 1585587007.780622}, "device": "cpu", "nd_range": {"device_start": 2254782.042104689, "device_end": 2254782.0422150623}, "cmdq": 1, "read": {"device_start": -1, "device_end": -1}}, "empty44": {"write": {"device_start": -1, "host_queued_start": 1585587007.753036, "device_queued": -1, "device_end": -1, "host_queued_end": 1585587007.780622}, "device": "cpu", "nd_range": {"device_start": 2254781.9702689913, "device_end": 2254781.9702695874}, "cmdq": 0, "read": {"device_start": -1, "device_end": -1}}, "coalesced_transpose21": {"write": {"device_start": -1, "host_queued_start": 1585587007.770032, "device_queued": -1, "device_end": -1, "host_queued_end": 1585587007.780622}, "device": "cpu", "nd_range": {"device_start": 2254782.020298383, "device_end": 2254782.020537043}, "cmdq": 0, "read": {"device_start": -1, "device_end": -1}}, "FFC_sans_bias36": {"write": {"device_start": -1, "host_queued_start": 1585587007.766854, "device_queued": -1, "device_end": -1, "host_queued_end": 1585587007.780622}, "device": "cpu", "nd_range": {"device_start": 2254782.033517886, "device_end": 2254782.0377872363}, "cmdq": 1, "read": {"device_start": -1, "device_end": -1}}, "softmax14": {"write": {"device_start": -1, "host_queued_start": 1585587007.772972, "device_queued": -1, "device_end": -1, "host_queued_end": 1585587007.780622}, "device": "cpu", "nd_range": {"device_start": 2254782.064692865, "device_end": 2254782.064971251}, "cmdq": 1, "read": {"device_start": -1, "device_end": -1}}, "FFC_sans_bias13": {"write": {"device_start": -1, "host_queued_start": 1585587007.771398, "device_queued": -1, "device_end": -1, "host_queued_end": 1585587007.780622}, "device": "cpu", "nd_range": {"device_start": 2254782.042331335, "device_end": 2254782.0490531633}, "cmdq": 0, "read": {"device_start": -1, "device_end": -1}}, "empty8": {"write": {"device_start": -1, "host_queued_start": 1585587007.749504, "device_queued": -1, "device_end": -1, "host_queued_end": 1585587007.780622}, "device": "cpu", "nd_range": {"device_start": 2254781.970228245, "device_end": 2254781.970241296}, "cmdq": 0, "read": {"device_start": -1, "device_end": -1}}, "FFC_sans_bias42": {"write": {"device_start": -1, "host_queued_start": 1585587007.775508, "device_queued": -1, "device_end": -1, "host_queued_end": 1585587007.780622}, "device": "cpu", "nd_range": {"device_start": 2254782.083798848, "device_end": 2254782.091713015}, "cmdq": 1, "read": {"device_start": -1, "device_end": -1}}, "FFC_sans_bias43": {"write": {"device_start": -1, "host_queued_start": 1585587007.780578, "device_queued": -1, "device_end": -1, "host_queued_end": 1585587007.780622}, "device": "cpu", "nd_range": {"device_start": 2254782.0984116653, "device_end": 2254782.108610236}, "cmdq": 0, "read": {"device_start": -1, "device_end": -1}}, "FFC_sans_bias40": {"write": {"device_start": -1, "host_queued_start": 1585587007.772416, "device_queued": -1, "device_end": -1, "host_queued_end": 1585587007.780622}, "device": "cpu", "nd_range": {"device_start": 2254782.060638344, "device_end": 2254782.064685348}, "cmdq": 1, "read": {"device_start": -1, "device_end": -1}}, "softmax32": {"write": {"device_start": -1, "host_queued_start": 1585587007.773515, "device_queued": -1, "device_end": -1, "host_queued_end": 1585587007.780622}, "device": "cpu", "nd_range": {"device_start": 2254782.064978557, "device_end": 2254782.0660225563}, "cmdq": 1, "read": {"device_start": -1, "device_end": -1}}, "FFC_sans_bias47": {"write": {"device_start": 1585586942.3213115, "host_queued_start": 1585587007.740416, "device_queued": 1585586942.3211274, "device_end": 1585586942.3213685, "host_queued_end": 1585587007.748115}, "device": "gpu", "nd_range": {"device_start": 1585586942.3213737, "device_end": 1585586942.3227932}, "cmdq": 0, "read": {"device_start": -1, "device_end": -1}}, "FFC_sans_bias45": {"write": {"device_start": 1585586942.3211064, "host_queued_start": 1585587007.738283, "device_queued": 1585586942.3208508, "device_end": 1585586942.3211818, "host_queued_end": 1585587007.748115}, "device": "gpu", "nd_range": {"device_start": 1585586942.3211882, "device_end": 1585586942.321793}, "cmdq": 2, "read": {"device_start": -1, "device_end": -1}}, "softmax50": {"write": {"device_start": -1, "host_queued_start": 1585587007.745065, "device_queued": -1, "device_end": -1, "host_queued_end": 1585587007.748115}, "device": "gpu", "nd_range": {"device_start": 1585586942.3248088, "device_end": 1585586942.3252609}, "cmdq": 0, "read": {"device_start": -1, "device_end": -1}}, "FFC_sans_bias33": {"write": {"device_start": -1, "host_queued_start": 1585587007.775156, "device_queued": -1, "device_end": -1, "host_queued_end": 1585587007.780622}, "device": "cpu", "nd_range": {"device_start": 2254782.0710229683, "device_end": 2254782.079895316}, "cmdq": 0, "read": {"device_start": -1, "device_end": -1}}, "FFC_sans_bias49": {"write": {"device_start": -1, "host_queued_start": 1585587007.744505, "device_queued": -1, "device_end": -1, "host_queued_end": 1585587007.748115}, "device": "gpu", "nd_range": {"device_start": 1585586942.3241994, "device_end": 1585586942.3248029}, "cmdq": 2, "read": {"device_start": -1, "device_end": -1}}, "FFC_sans_bias24": {"write": {"device_start": -1, "host_queued_start": 1585587007.77481, "device_queued": -1, "device_end": -1, "host_queued_end": 1585587007.780622}, "device": "cpu", "nd_range": {"device_start": 2254782.075845159, "device_end": 2254782.083682266}, "cmdq": 1, "read": {"device_start": -1, "device_end": -1}}, "FFC_sans_bias25": {"write": {"device_start": -1, "host_queued_start": 1585587007.778552, "device_queued": -1, "device_end": -1, "host_queued_end": 1585587007.780622}, "device": "cpu", "nd_range": {"device_start": 2254782.0907435534, "device_end": 2254782.0984081803}, "cmdq": 0, "read": {"device_start": -1, "device_end": -1}}, "FFC_sans_bias27": {"write": {"device_start": -1, "host_queued_start": 1585587007.763671, "device_queued": -1, "device_end": -1, "host_queued_end": 1585587007.780622}, "device": "cpu", "nd_range": {"device_start": 2254782.000193295, "device_end": 2254782.0078159124}, "cmdq": 0, "read": {"device_start": -1, "device_end": -1}}, "FFC_sans_bias20": {"write": {"device_start": -1, "host_queued_start": 1585587007.762625, "device_queued": -1, "device_end": -1, "host_queued_end": 1585587007.780622}, "device": "cpu", "nd_range": {"device_start": 2254782.014768899, "device_end": 2254782.0291329874}, "cmdq": 1, "read": {"device_start": -1, "device_end": -1}}, "FFC_sans_bias22": {"write": {"device_start": -1, "host_queued_start": 1585587007.771738, "device_queued": -1, "device_end": -1, "host_queued_end": 1585587007.780622}, "device": "cpu", "nd_range": {"device_start": 2254782.052396431, "device_end": 2254782.0606238362}, "cmdq": 1, "read": {"device_start": -1, "device_end": -1}}, "softmax5": {"write": {"device_start": -1, "host_queued_start": 1585587007.772698, "device_queued": -1, "device_end": -1, "host_queued_end": 1585587007.780622}, "device": "cpu", "nd_range": {"device_start": 2254782.059263781, "device_end": 2254782.059484708}, "cmdq": 0, "read": {"device_start": -1, "device_end": -1}}, "FFC_sans_bias28": {"write": {"device_start": -1, "host_queued_start": 1585587007.764712, "device_queued": -1, "device_end": -1, "host_queued_end": 1585587007.780622}, "device": "cpu", "nd_range": {"device_start": 2254782.029151386, "device_end": 2254782.033393869}, "cmdq": 1, "read": {"device_start": -1, "device_end": -1}}, "FFC_sans_bias29": {"write": {"device_start": -1, "host_queued_start": 1585587007.765772, "device_queued": -1, "device_end": -1, "host_queued_end": 1585587007.780622}, "device": "cpu", "nd_range": {"device_start": 2254782.0079279253, "device_end": 2254782.013688617}, "cmdq": 0, "read": {"device_start": -1, "device_end": -1}}, "empty17": {"write": {"device_start": -1, "host_queued_start": 1585587007.750583, "device_queued": -1, "device_end": -1, "host_queued_end": 1585587007.780622}, "device": "cpu", "nd_range": {"device_start": 2254781.970228161, "device_end": 2254781.9702412933}, "cmdq": 1, "read": {"device_start": -1, "device_end": -1}}, "softmax59": {"write": {"device_start": -1, "host_queued_start": 1585587007.745308, "device_queued": -1, "device_end": -1, "host_queued_end": 1585587007.748115}, "device": "gpu", "nd_range": {"device_start": 1585586942.325208, "device_end": 1585586942.3255694}, "cmdq": 1, "read": {"device_start": -1, "device_end": -1}}, "empty35": {"write": {"device_start": -1, "host_queued_start": 1585587007.752235, "device_queued": -1, "device_end": -1, "host_queued_end": 1585587007.780622}, "device": "cpu", "nd_range": {"device_start": 2254781.970261522, "device_end": 2254781.970262596}, "cmdq": 1, "read": {"device_start": -1, "device_end": -1}}, "empty53": {"write": {"device_start": 1585586942.3208718, "host_queued_start": 1585587007.736023, "device_queued": 1585586942.3206978, "device_end": 1585586942.3208988, "host_queued_end": 1585587007.748115}, "device": "gpu", "nd_range": {"device_start": 1585586942.3209028, "device_end": 1585586942.3209074}, "cmdq": 0, "read": {"device_start": -1, "device_end": -1}}, "FFC_sans_bias46": {"write": {"device_start": 1585586942.3212118, "host_queued_start": 1585587007.739338, "device_queued": 1585586942.320885, "device_end": 1585586942.3213067, "host_queued_end": 1585587007.748115}, "device": "gpu", "nd_range": {"device_start": 1585586942.3213103, "device_end": 1585586942.3222036}, "cmdq": 3, "read": {"device_start": -1, "device_end": -1}}, "coalesced_transpose48": {"write": {"device_start": -1, "host_queued_start": 1585587007.74389, "device_queued": -1, "device_end": -1, "host_queued_end": 1585587007.748115}, "device": "gpu", "nd_range": {"device_start": 1585586942.322795, "device_end": 1585586942.3240445}, "cmdq": 0, "read": {"device_start": -1, "device_end": -1}}}