{"FFC_sans_bias60": {"write": {"device_start": -1, "host_queued_start": 1585587027.054449, "device_queued": -1, "device_end": -1, "host_queued_end": 1585587027.057691}, "device": "gpu", "nd_range": {"device_start": 1585586961.6371317, "device_end": 1585586961.6378748}, "cmdq": 3, "read": {"device_start": -1, "device_end": -1}}, "FFC_sans_bias4": {"write": {"device_start": -1, "host_queued_start": 1585587027.07689, "device_queued": -1, "device_end": -1, "host_queued_end": 1585587027.084481}, "device": "cpu", "nd_range": {"device_start": 2254801.326087153, "device_end": 2254801.342571442}, "cmdq": 2, "read": {"device_start": -1, "device_end": -1}}, "FFC_sans_bias7": {"write": {"device_start": -1, "host_queued_start": 1585587027.081412, "device_queued": -1, "device_end": -1, "host_queued_end": 1585587027.084481}, "device": "cpu", "nd_range": {"device_start": 2254801.360118464, "device_end": 2254801.375670141}, "cmdq": 2, "read": {"device_start": -1, "device_end": -1}}, "FFC_sans_bias6": {"write": {"device_start": -1, "host_queued_start": 1585587027.079357, "device_queued": -1, "device_end": -1, "host_queued_end": 1585587027.084481}, "device": "cpu", "nd_range": {"device_start": 2254801.344974533, "device_end": 2254801.35834723}, "cmdq": 1, "read": {"device_start": -1, "device_end": -1}}, "FFC_sans_bias1": {"write": {"device_start": -1, "host_queued_start": 1585587027.064219, "device_queued": -1, "device_end": -1, "host_queued_end": 1585587027.084481}, "device": "cpu", "nd_range": {"device_start": 2254801.274147359, "device_end": 2254801.287629973}, "cmdq": 2, "read": {"device_start": -1, "device_end": -1}}, "FFC_sans_bias0": {"write": {"device_start": -1, "host_queued_start": 1585587027.063169, "device_queued": -1, "device_end": -1, "host_queued_end": 1585587027.084481}, "device": "cpu", "nd_range": {"device_start": 2254801.2741363863, "device_end": 2254801.286779007}, "cmdq": 1, "read": {"device_start": -1, "device_end": -1}}, "FFC_sans_bias2": {"write": {"device_start": -1, "host_queued_start": 1585587027.065274, "device_queued": -1, "device_end": -1, "host_queued_end": 1585587027.084481}, "device": "cpu", "nd_range": {"device_start": 2254801.274111783, "device_end": 2254801.2848012703}, "cmdq": 0, "read": {"device_start": -1, "device_end": -1}}, "FFC_sans_bias61": {"write": {"device_start": 1585586961.6374843, "host_queued_start": 1585587027.05759, "device_queued": 1585586961.6320744, "device_end": 1585586961.6375136, "host_queued_end": 1585587027.057691}, "device": "gpu", "nd_range": {"device_start": 1585586961.6378798, "device_end": 1585586961.6392913}, "cmdq": 2, "read": {"device_start": 1585586961.6392982, "device_end": 1585586961.639327}}, "FFC_sans_bias52": {"write": {"device_start": 1585586961.6370323, "host_queued_start": 1585587027.056546, "device_queued": 1585586961.6319253, "device_end": 1585586961.6370583, "host_queued_end": 1585587027.057691}, "device": "gpu", "nd_range": {"device_start": 1585586961.6373546, "device_end": 1585586961.6388245}, "cmdq": 1, "read": {"device_start": 1585586961.6388261, "device_end": 1585586961.6388497}}, "FFC_sans_bias9": {"write": {"device_start": -1, "host_queued_start": 1585587027.066473, "device_queued": -1, "device_end": -1, "host_queued_end": 1585587027.084481}, "device": "cpu", "nd_range": {"device_start": 2254801.2869041003, "device_end": 2254801.295900103}, "cmdq": 1, "read": {"device_start": -1, "device_end": -1}}, "coalesced_transpose39": {"write": {"device_start": -1, "host_queued_start": 1585587027.05121, "device_queued": -1, "device_end": -1, "host_queued_end": 1585587027.057691}, "device": "gpu", "nd_range": {"device_start": 1585586961.6332977, "device_end": 1585586961.634608}, "cmdq": 0, "read": {"device_start": -1, "device_end": -1}}, "FFC_sans_bias55": {"write": {"device_start": 1585586961.632929, "host_queued_start": 1585587027.05089, "device_queued": 1585586961.6310272, "device_end": 1585586961.6329603, "host_queued_end": 1585587027.057691}, "device": "gpu", "nd_range": {"device_start": 1585586961.6329648, "device_end": 1585586961.6347132}, "cmdq": 3, "read": {"device_start": -1, "device_end": -1}}, "FFC_sans_bias54": {"write": {"device_start": 1585586961.6324387, "host_queued_start": 1585587027.049818, "device_queued": 1585586961.6310003, "device_end": 1585586961.63247, "host_queued_end": 1585587027.057691}, "device": "gpu", "nd_range": {"device_start": 1585586961.6324778, "device_end": 1585586961.6342816}, "cmdq": 2, "read": {"device_start": -1, "device_end": -1}}, "FFC_sans_bias56": {"write": {"device_start": 1585586961.6319866, "host_queued_start": 1585587027.048758, "device_queued": 1585586961.6308374, "device_end": 1585586961.6320176, "host_queued_end": 1585587027.057691}, "device": "gpu", "nd_range": {"device_start": 1585586961.632023, "device_end": 1585586961.6337671}, "cmdq": 1, "read": {"device_start": -1, "device_end": -1}}, "FFC_sans_bias51": {"write": {"device_start": -1, "host_queued_start": 1585587027.054136, "device_queued": -1, "device_end": -1, "host_queued_end": 1585587027.057691}, "device": "gpu", "nd_range": {"device_start": 1585586961.636405, "device_end": 1585586961.6373458}, "cmdq": 2, "read": {"device_start": -1, "device_end": -1}}, "softmax23": {"write": {"device_start": -1, "host_queued_start": 1585587027.078749, "device_queued": -1, "device_end": -1, "host_queued_end": 1585587027.084481}, "device": "cpu", "nd_range": {"device_start": 2254801.3514861544, "device_end": 2254801.3516934253}, "cmdq": 2, "read": {"device_start": -1, "device_end": -1}}, "FFC_sans_bias37": {"write": {"device_start": 1585586961.630409, "host_queued_start": 1585587027.043455, "device_queued": 1585586961.6303086, "device_end": 1585586961.630464, "host_queued_end": 1585587027.057691}, "device": "gpu", "nd_range": {"device_start": 1585586961.6304677, "device_end": 1585586961.6313095}, "cmdq": 0, "read": {"device_start": -1, "device_end": -1}}, "empty62": {"write": {"device_start": 1585586961.6301224, "host_queued_start": 1585587027.041299, "device_queued": 1585586961.6299396, "device_end": 1585586961.6301572, "host_queued_end": 1585587027.057691}, "device": "gpu", "nd_range": {"device_start": 1585586961.6301656, "device_end": 1585586961.6301696}, "cmdq": 2, "read": {"device_start": -1, "device_end": -1}}, "FFC_sans_bias58": {"write": {"device_start": -1, "host_queued_start": 1585587027.05277, "device_queued": -1, "device_end": -1, "host_queued_end": 1585587027.057691}, "device": "gpu", "nd_range": {"device_start": 1585586961.6356552, "device_end": 1585586961.6363003}, "cmdq": 1, "read": {"device_start": -1, "device_end": -1}}, "softmax41": {"write": {"device_start": -1, "host_queued_start": 1585587027.053023, "device_queued": -1, "device_end": -1, "host_queued_end": 1585587027.057691}, "device": "gpu", "nd_range": {"device_start": 1585586961.6356437, "device_end": 1585586961.6360154}, "cmdq": 2, "read": {"device_start": -1, "device_end": -1}}, "FFC_sans_bias11": {"write": {"device_start": -1, "host_queued_start": 1585587027.068757, "device_queued": -1, "device_end": -1, "host_queued_end": 1585587027.084481}, "device": "cpu", "nd_range": {"device_start": 2254801.28491846, "device_end": 2254801.305924457}, "cmdq": 0, "read": {"device_start": -1, "device_end": -1}}, "FFC_sans_bias10": {"write": {"device_start": -1, "host_queued_start": 1585587027.067651, "device_queued": -1, "device_end": -1, "host_queued_end": 1585587027.084481}, "device": "cpu", "nd_range": {"device_start": 2254801.2877433, "device_end": 2254801.307782799}, "cmdq": 2, "read": {"device_start": -1, "device_end": -1}}, "coalesced_transpose3": {"write": {"device_start": -1, "host_queued_start": 1585587027.075564, "device_queued": -1, "device_end": -1, "host_queued_end": 1585587027.084481}, "device": "cpu", "nd_range": {"device_start": 2254801.3102693213, "device_end": 2254801.3105165632}, "cmdq": 1, "read": {"device_start": -1, "device_end": -1}}, "FFC_sans_bias34": {"write": {"device_start": -1, "host_queued_start": 1585587027.084436, "device_queued": -1, "device_end": -1, "host_queued_end": 1585587027.084481}, "device": "cpu", "nd_range": {"device_start": 2254801.375679043, "device_end": 2254801.3868227443}, "cmdq": 2, "read": {"device_start": -1, "device_end": -1}}, "FFC_sans_bias15": {"write": {"device_start": -1, "host_queued_start": 1585587027.079695, "device_queued": -1, "device_end": -1, "host_queued_end": 1585587027.084481}, "device": "cpu", "nd_range": {"device_start": 2254801.351803025, "device_end": 2254801.3600039533}, "cmdq": 2, "read": {"device_start": -1, "device_end": -1}}, "FFC_sans_bias31": {"write": {"device_start": -1, "host_queued_start": 1585587027.077905, "device_queued": -1, "device_end": -1, "host_queued_end": 1585587027.084481}, "device": "cpu", "nd_range": {"device_start": 2254801.342694798, "device_end": 2254801.351373127}, "cmdq": 2, "read": {"device_start": -1, "device_end": -1}}, "FFC_sans_bias16": {"write": {"device_start": -1, "host_queued_start": 1585587027.082423, "device_queued": -1, "device_end": -1, "host_queued_end": 1585587027.084481}, "device": "cpu", "nd_range": {"device_start": 2254801.3739586463, "device_end": 2254801.385870012}, "cmdq": 0, "read": {"device_start": -1, "device_end": -1}}, "FFC_sans_bias19": {"write": {"device_start": -1, "host_queued_start": 1585587027.070912, "device_queued": -1, "device_end": -1, "host_queued_end": 1585587027.084481}, "device": "cpu", "nd_range": {"device_start": 2254801.307895843, "device_end": 2254801.317419445}, "cmdq": 2, "read": {"device_start": -1, "device_end": -1}}, "FFC_sans_bias18": {"write": {"device_start": -1, "host_queued_start": 1585587027.069822, "device_queued": -1, "device_end": -1, "host_queued_end": 1585587027.084481}, "device": "cpu", "nd_range": {"device_start": 2254801.2960206643, "device_end": 2254801.303364959}, "cmdq": 1, "read": {"device_start": -1, "device_end": -1}}, "coalesced_transpose30": {"write": {"device_start": -1, "host_queued_start": 1585587027.076551, "device_queued": -1, "device_end": -1, "host_queued_end": 1585587027.084481}, "device": "cpu", "nd_range": {"device_start": 2254801.32842343, "device_end": 2254801.32865655}, "cmdq": 1, "read": {"device_start": -1, "device_end": -1}}, "FFC_sans_bias38": {"write": {"device_start": 1585586961.6305058, "host_queued_start": 1585587027.044528, "device_queued": 1585586961.6303546, "device_end": 1585586961.6305375, "host_queued_end": 1585587027.057691}, "device": "gpu", "nd_range": {"device_start": 1585586961.6306164, "device_end": 1585586961.6318636}, "cmdq": 1, "read": {"device_start": -1, "device_end": -1}}, "coalesced_transpose57": {"write": {"device_start": -1, "host_queued_start": 1585587027.051804, "device_queued": -1, "device_end": -1, "host_queued_end": 1585587027.057691}, "device": "gpu", "nd_range": {"device_start": 1585586961.6347353, "device_end": 1585586961.6356392}, "cmdq": 2, "read": {"device_start": -1, "device_end": -1}}, "empty26": {"write": {"device_start": -1, "host_queued_start": 1585587027.061321, "device_queued": -1, "device_end": -1, "host_queued_end": 1585587027.084481}, "device": "cpu", "nd_range": {"device_start": 2254801.2741260333, "device_end": 2254801.2741304464}, "cmdq": 2, "read": {"device_start": -1, "device_end": -1}}, "coalesced_transpose12": {"write": {"device_start": -1, "host_queued_start": 1585587027.075896, "device_queued": -1, "device_end": -1, "host_queued_end": 1585587027.084481}, "device": "cpu", "nd_range": {"device_start": 2254801.325731054, "device_end": 2254801.325975342}, "cmdq": 2, "read": {"device_start": -1, "device_end": -1}}, "empty44": {"write": {"device_start": 1585586961.6298985, "host_queued_start": 1585587027.039149, "device_queued": 1585586961.6297674, "device_end": 1585586961.6299288, "host_queued_end": 1585587027.057691}, "device": "gpu", "nd_range": {"device_start": 1585586961.6299324, "device_end": 1585586961.6299384}, "cmdq": 0, "read": {"device_start": -1, "device_end": -1}}, "coalesced_transpose21": {"write": {"device_start": -1, "host_queued_start": 1585587027.076224, "device_queued": -1, "device_end": -1, "host_queued_end": 1585587027.084481}, "device": "cpu", "nd_range": {"device_start": 2254801.3300771913, "device_end": 2254801.330316148}, "cmdq": 0, "read": {"device_start": -1, "device_end": -1}}, "FFC_sans_bias36": {"write": {"device_start": 1585586961.6302323, "host_queued_start": 1585587027.042324, "device_queued": 1585586961.6299603, "device_end": 1585586961.6302567, "host_queued_end": 1585587027.057691}, "device": "gpu", "nd_range": {"device_start": 1585586961.6302977, "device_end": 1585586961.6309035}, "cmdq": 3, "read": {"device_start": -1, "device_end": -1}}, "softmax14": {"write": {"device_start": -1, "host_queued_start": 1585587027.078451, "device_queued": -1, "device_end": -1, "host_queued_end": 1585587027.084481}, "device": "cpu", "nd_range": {"device_start": 2254801.344662417, "device_end": 2254801.344865744}, "cmdq": 1, "read": {"device_start": -1, "device_end": -1}}, "FFC_sans_bias13": {"write": {"device_start": -1, "host_queued_start": 1585587027.077229, "device_queued": -1, "device_end": -1, "host_queued_end": 1585587027.084481}, "device": "cpu", "nd_range": {"device_start": 2254801.330431101, "device_end": 2254801.344222728}, "cmdq": 0, "read": {"device_start": -1, "device_end": -1}}, "empty8": {"write": {"device_start": -1, "host_queued_start": 1585587027.059158, "device_queued": -1, "device_end": -1, "host_queued_end": 1585587027.084481}, "device": "cpu", "nd_range": {"device_start": 2254801.274071089, "device_end": 2254801.274082207}, "cmdq": 0, "read": {"device_start": -1, "device_end": -1}}, "FFC_sans_bias42": {"write": {"device_start": -1, "host_queued_start": 1585587027.053824, "device_queued": -1, "device_end": -1, "host_queued_end": 1585587027.057691}, "device": "gpu", "nd_range": {"device_start": 1585586961.6363049, "device_end": 1585586961.636913}, "cmdq": 1, "read": {"device_start": -1, "device_end": -1}}, "FFC_sans_bias43": {"write": {"device_start": 1585586961.637241, "host_queued_start": 1585587027.055497, "device_queued": 1585586961.6318638, "device_end": 1585586961.6372712, "host_queued_end": 1585587027.057691}, "device": "gpu", "nd_range": {"device_start": 1585586961.6372783, "device_end": 1585586961.638331}, "cmdq": 0, "read": {"device_start": 1585586961.6383326, "device_end": 1585586961.6383567}}, "FFC_sans_bias40": {"write": {"device_start": -1, "host_queued_start": 1585587027.052133, "device_queued": -1, "device_end": -1, "host_queued_end": 1585587027.057691}, "device": "gpu", "nd_range": {"device_start": 1585586961.634719, "device_end": 1585586961.6353312}, "cmdq": 3, "read": {"device_start": -1, "device_end": -1}}, "softmax32": {"write": {"device_start": -1, "host_queued_start": 1585587027.079019, "device_queued": -1, "device_end": -1, "host_queued_end": 1585587027.084481}, "device": "cpu", "nd_range": {"device_start": 2254801.358303132, "device_end": 2254801.3585127713}, "cmdq": 0, "read": {"device_start": -1, "device_end": -1}}, "FFC_sans_bias47": {"write": {"device_start": 1585586961.6314385, "host_queued_start": 1585587027.047725, "device_queued": 1585586961.6307833, "device_end": 1585586961.6314695, "host_queued_end": 1585587027.057691}, "device": "gpu", "nd_range": {"device_start": 1585586961.6314762, "device_end": 1585586961.6332967}, "cmdq": 0, "read": {"device_start": -1, "device_end": -1}}, "FFC_sans_bias45": {"write": {"device_start": 1585586961.6306553, "host_queued_start": 1585587027.045582, "device_queued": 1585586961.6305528, "device_end": 1585586961.6306858, "host_queued_end": 1585587027.057691}, "device": "gpu", "nd_range": {"device_start": 1585586961.6306884, "device_end": 1585586961.632306}, "cmdq": 2, "read": {"device_start": -1, "device_end": -1}}, "softmax50": {"write": {"device_start": -1, "host_queued_start": 1585587027.053272, "device_queued": -1, "device_end": -1, "host_queued_end": 1585587027.057691}, "device": "gpu", "nd_range": {"device_start": 1585586961.635741, "device_end": 1585586961.6363993}, "cmdq": 3, "read": {"device_start": -1, "device_end": -1}}, "FFC_sans_bias33": {"write": {"device_start": -1, "host_queued_start": 1585587027.080368, "device_queued": -1, "device_end": -1, "host_queued_end": 1585587027.084481}, "device": "cpu", "nd_range": {"device_start": 2254801.3598965392, "device_end": 2254801.3750939}, "cmdq": 1, "read": {"device_start": -1, "device_end": -1}}, "FFC_sans_bias49": {"write": {"device_start": -1, "host_queued_start": 1585587027.052458, "device_queued": -1, "device_end": -1, "host_queued_end": 1585587027.057691}, "device": "gpu", "nd_range": {"device_start": 1585586961.6347258, "device_end": 1585586961.6357322}, "cmdq": 0, "read": {"device_start": -1, "device_end": -1}}, "FFC_sans_bias24": {"write": {"device_start": -1, "host_queued_start": 1585587027.080033, "device_queued": -1, "device_end": -1, "host_queued_end": 1585587027.084481}, "device": "cpu", "nd_range": {"device_start": 2254801.358632467, "device_end": 2254801.373949483}, "cmdq": 0, "read": {"device_start": -1, "device_end": -1}}, "FFC_sans_bias25": {"write": {"device_start": -1, "host_queued_start": 1585587027.083443, "device_queued": -1, "device_end": -1, "host_queued_end": 1585587027.084481}, "device": "cpu", "nd_range": {"device_start": 2254801.375102558, "device_end": 2254801.384098288}, "cmdq": 1, "read": {"device_start": -1, "device_end": -1}}, "FFC_sans_bias27": {"write": {"device_start": -1, "host_queued_start": 1585587027.073108, "device_queued": -1, "device_end": -1, "host_queued_end": 1585587027.084481}, "device": "cpu", "nd_range": {"device_start": 2254801.303476793, "device_end": 2254801.310155557}, "cmdq": 1, "read": {"device_start": -1, "device_end": -1}}, "FFC_sans_bias20": {"write": {"device_start": -1, "host_queued_start": 1585587027.072035, "device_queued": -1, "device_end": -1, "host_queued_end": 1585587027.084481}, "device": "cpu", "nd_range": {"device_start": 2254801.3063302143, "device_end": 2254801.318690693}, "cmdq": 0, "read": {"device_start": -1, "device_end": -1}}, "FFC_sans_bias22": {"write": {"device_start": -1, "host_queued_start": 1585587027.077568, "device_queued": -1, "device_end": -1, "host_queued_end": 1585587027.084481}, "device": "cpu", "nd_range": {"device_start": 2254801.333088934, "device_end": 2254801.3417043993}, "cmdq": 1, "read": {"device_start": -1, "device_end": -1}}, "softmax5": {"write": {"device_start": -1, "host_queued_start": 1585587027.07818, "device_queued": -1, "device_end": -1, "host_queued_end": 1585587027.084481}, "device": "cpu", "nd_range": {"device_start": 2254801.344336213, "device_end": 2254801.3445521863}, "cmdq": 0, "read": {"device_start": -1, "device_end": -1}}, "FFC_sans_bias28": {"write": {"device_start": -1, "host_queued_start": 1585587027.074157, "device_queued": -1, "device_end": -1, "host_queued_end": 1585587027.084481}, "device": "cpu", "nd_range": {"device_start": 2254801.317531412, "device_end": 2254801.3256159453}, "cmdq": 2, "read": {"device_start": -1, "device_end": -1}}, "FFC_sans_bias29": {"write": {"device_start": -1, "host_queued_start": 1585587027.075235, "device_queued": -1, "device_end": -1, "host_queued_end": 1585587027.084481}, "device": "cpu", "nd_range": {"device_start": 2254801.3188083703, "device_end": 2254801.329964808}, "cmdq": 0, "read": {"device_start": -1, "device_end": -1}}, "empty17": {"write": {"device_start": -1, "host_queued_start": 1585587027.060251, "device_queued": -1, "device_end": -1, "host_queued_end": 1585587027.084481}, "device": "cpu", "nd_range": {"device_start": 2254801.274071108, "device_end": 2254801.274082227}, "cmdq": 1, "read": {"device_start": -1, "device_end": -1}}, "softmax59": {"write": {"device_start": -1, "host_queued_start": 1585587027.053512, "device_queued": -1, "device_end": -1, "host_queued_end": 1585587027.057691}, "device": "gpu", "nd_range": {"device_start": 1585586961.6363163, "device_end": 1585586961.6371145}, "cmdq": 0, "read": {"device_start": -1, "device_end": -1}}, "empty35": {"write": {"device_start": -1, "host_queued_start": 1585587027.062199, "device_queued": -1, "device_end": -1, "host_queued_end": 1585587027.084481}, "device": "cpu", "nd_range": {"device_start": 2254801.274102882, "device_end": 2254801.274104183}, "cmdq": 0, "read": {"device_start": -1, "device_end": -1}}, "empty53": {"write": {"device_start": 1585586961.629999, "host_queued_start": 1585587027.040367, "device_queued": 1585586961.6298933, "device_end": 1585586961.630051, "host_queued_end": 1585587027.057691}, "device": "gpu", "nd_range": {"device_start": 1585586961.630057, "device_end": 1585586961.6300607}, "cmdq": 1, "read": {"device_start": -1, "device_end": -1}}, "FFC_sans_bias46": {"write": {"device_start": 1585586961.6311033, "host_queued_start": 1585587027.046681, "device_queued": 1585586961.630579, "device_end": 1585586961.631128, "host_queued_end": 1585587027.057691}, "device": "gpu", "nd_range": {"device_start": 1585586961.6311383, "device_end": 1585586961.6328056}, "cmdq": 3, "read": {"device_start": -1, "device_end": -1}}, "coalesced_transpose48": {"write": {"device_start": -1, "host_queued_start": 1585587027.05151, "device_queued": -1, "device_end": -1, "host_queued_end": 1585587027.057691}, "device": "gpu", "nd_range": {"device_start": 1585586961.63377, "device_end": 1585586961.6346328}, "cmdq": 1, "read": {"device_start": -1, "device_end": -1}}}