{"FFC_sans_bias60": {"write": {"device_start": -1, "host_queued_start": 1585586886.571049, "device_queued": -1, "device_end": -1, "host_queued_end": 1585586886.57743}, "device": "gpu", "nd_range": {"device_start": 1585586821.1734242, "device_end": 1585586821.17402}, "cmdq": 2, "read": {"device_start": -1, "device_end": -1}}, "FFC_sans_bias4": {"write": {"device_start": -1, "host_queued_start": 1585586886.583751, "device_queued": -1, "device_end": -1, "host_queued_end": 1585586886.585764}, "device": "cpu", "nd_range": {"device_start": 2254660.7876003673, "device_end": 2254660.791928449}, "cmdq": 1, "read": {"device_start": -1, "device_end": -1}}, "FFC_sans_bias7": {"write": {"device_start": -1, "host_queued_start": 1585586886.585717, "device_queued": -1, "device_end": -1, "host_queued_end": 1585586886.585764}, "device": "cpu", "nd_range": {"device_start": 2254660.797050129, "device_end": 2254660.8013358642}, "cmdq": 0, "read": {"device_start": -1, "device_end": -1}}, "FFC_sans_bias6": {"write": {"device_start": -1, "host_queued_start": 1585586886.58456, "device_queued": -1, "device_end": -1, "host_queued_end": 1585586886.585764}, "device": "cpu", "nd_range": {"device_start": 2254660.7921002163, "device_end": 2254660.797044353}, "cmdq": 1, "read": {"device_start": -1, "device_end": -1}}, "FFC_sans_bias1": {"write": {"device_start": -1, "host_queued_start": 1585586886.581773, "device_queued": -1, "device_end": -1, "host_queued_end": 1585586886.585764}, "device": "cpu", "nd_range": {"device_start": 2254660.775432414, "device_end": 2254660.782574776}, "cmdq": 0, "read": {"device_start": -1, "device_end": -1}}, "FFC_sans_bias0": {"write": {"device_start": -1, "host_queued_start": 1585586886.580443, "device_queued": -1, "device_end": -1, "host_queued_end": 1585586886.585764}, "device": "cpu", "nd_range": {"device_start": 2254660.775424084, "device_end": 2254660.783315889}, "cmdq": 1, "read": {"device_start": -1, "device_end": -1}}, "FFC_sans_bias2": {"write": {"device_start": -1, "host_queued_start": 1585586886.582967, "device_queued": -1, "device_end": -1, "host_queued_end": 1585586886.585764}, "device": "cpu", "nd_range": {"device_start": 2254660.7834862163, "device_end": 2254660.78758283}, "cmdq": 1, "read": {"device_start": -1, "device_end": -1}}, "FFC_sans_bias61": {"write": {"device_start": 1585586821.1750765, "host_queued_start": 1585586886.57733, "device_queued": 1585586821.1576536, "device_end": 1585586821.1751015, "host_queued_end": 1585586886.57743}, "device": "gpu", "nd_range": {"device_start": 1585586821.1751046, "device_end": 1585586821.1758792}, "cmdq": 2, "read": {"device_start": 1585586821.1758828, "device_end": 1585586821.1759048}}, "FFC_sans_bias52": {"write": {"device_start": 1585586821.1711705, "host_queued_start": 1585586886.576278, "device_queued": 1585586821.1576364, "device_end": 1585586821.171196, "host_queued_end": 1585586886.57743}, "device": "gpu", "nd_range": {"device_start": 1585586821.1711996, "device_end": 1585586821.1719348}, "cmdq": 1, "read": {"device_start": 1585586821.1719368, "device_end": 1585586821.17196}}, "FFC_sans_bias9": {"write": {"device_start": 1585586821.1541378, "host_queued_start": 1585586886.545901, "device_queued": 1585586821.1538715, "device_end": 1585586821.15422, "host_queued_end": 1585586886.57743}, "device": "gpu", "nd_range": {"device_start": 1585586821.154228, "device_end": 1585586821.154831}, "cmdq": 0, "read": {"device_start": -1, "device_end": -1}}, "coalesced_transpose39": {"write": {"device_start": -1, "host_queued_start": 1585586886.564999, "device_queued": -1, "device_end": -1, "host_queued_end": 1585586886.57743}, "device": "gpu", "nd_range": {"device_start": 1585586821.1624281, "device_end": 1585586821.162444}, "cmdq": 0, "read": {"device_start": -1, "device_end": -1}}, "FFC_sans_bias55": {"write": {"device_start": 1585586821.16933, "host_queued_start": 1585586886.563754, "device_queued": 1585586821.1557148, "device_end": 1585586821.1694043, "host_queued_end": 1585586886.57743}, "device": "gpu", "nd_range": {"device_start": 1585586821.1694138, "device_end": 1585586821.170019}, "cmdq": 2, "read": {"device_start": -1, "device_end": -1}}, "FFC_sans_bias54": {"write": {"device_start": 1585586821.1612246, "host_queued_start": 1585586886.562721, "device_queued": 1585586821.1556904, "device_end": 1585586821.1612582, "host_queued_end": 1585586886.57743}, "device": "gpu", "nd_range": {"device_start": 1585586821.161264, "device_end": 1585586821.162559}, "cmdq": 1, "read": {"device_start": -1, "device_end": -1}}, "FFC_sans_bias56": {"write": {"device_start": 1585586821.1607177, "host_queued_start": 1585586886.561656, "device_queued": 1585586821.155637, "device_end": 1585586821.1607506, "host_queued_end": 1585586886.57743}, "device": "gpu", "nd_range": {"device_start": 1585586821.1607547, "device_end": 1585586821.1620567}, "cmdq": 0, "read": {"device_start": -1, "device_end": -1}}, "FFC_sans_bias51": {"write": {"device_start": -1, "host_queued_start": 1585586886.570734, "device_queued": -1, "device_end": -1, "host_queued_end": 1585586886.57743}, "device": "gpu", "nd_range": {"device_start": 1585586821.165792, "device_end": 1585586821.1667612}, "cmdq": 1, "read": {"device_start": -1, "device_end": -1}}, "softmax23": {"write": {"device_start": -1, "host_queued_start": 1585586886.568053, "device_queued": -1, "device_end": -1, "host_queued_end": 1585586886.57743}, "device": "gpu", "nd_range": {"device_start": 1585586821.164492, "device_end": 1585586821.1647038}, "cmdq": 1, "read": {"device_start": -1, "device_end": -1}}, "FFC_sans_bias37": {"write": {"device_start": 1585586821.1583147, "host_queued_start": 1585586886.556413, "device_queued": 1585586821.15506, "device_end": 1585586821.1583402, "host_queued_end": 1585586886.57743}, "device": "gpu", "nd_range": {"device_start": 1585586821.158344, "device_end": 1585586821.1596498}, "cmdq": 1, "read": {"device_start": -1, "device_end": -1}}, "empty62": {"write": {"device_start": 1585586821.1540136, "host_queued_start": 1585586886.544899, "device_queued": 1585586821.153827, "device_end": 1585586821.1540804, "host_queued_end": 1585586886.57743}, "device": "gpu", "nd_range": {"device_start": 1585586821.154084, "device_end": 1585586821.1540885}, "cmdq": 2, "read": {"device_start": -1, "device_end": -1}}, "FFC_sans_bias58": {"write": {"device_start": -1, "host_queued_start": 1585586886.567548, "device_queued": -1, "device_end": -1, "host_queued_end": 1585586886.57743}, "device": "gpu", "nd_range": {"device_start": 1585586821.1714604, "device_end": 1585586821.1724286}, "cmdq": 2, "read": {"device_start": -1, "device_end": -1}}, "softmax41": {"write": {"device_start": -1, "host_queued_start": 1585586886.568552, "device_queued": -1, "device_end": -1, "host_queued_end": 1585586886.57743}, "device": "gpu", "nd_range": {"device_start": 1585586821.1645677, "device_end": 1585586821.1647737}, "cmdq": 0, "read": {"device_start": -1, "device_end": -1}}, "FFC_sans_bias11": {"write": {"device_start": 1585586821.1543367, "host_queued_start": 1585586886.548037, "device_queued": 1585586821.1541345, "device_end": 1585586821.1543612, "host_queued_end": 1585586886.57743}, "device": "gpu", "nd_range": {"device_start": 1585586821.1543648, "device_end": 1585586821.1558168}, "cmdq": 2, "read": {"device_start": -1, "device_end": -1}}, "FFC_sans_bias10": {"write": {"device_start": 1585586821.1542504, "host_queued_start": 1585586886.546993, "device_queued": 1585586821.1541023, "device_end": 1585586821.1543045, "host_queued_end": 1585586886.57743}, "device": "gpu", "nd_range": {"device_start": 1585586821.1543093, "device_end": 1585586821.1552362}, "cmdq": 1, "read": {"device_start": -1, "device_end": -1}}, "coalesced_transpose3": {"write": {"device_start": -1, "host_queued_start": 1585586886.583335, "device_queued": -1, "device_end": -1, "host_queued_end": 1585586886.585764}, "device": "cpu", "nd_range": {"device_start": 2254660.782581551, "device_end": 2254660.782818334}, "cmdq": 0, "read": {"device_start": -1, "device_end": -1}}, "FFC_sans_bias34": {"write": {"device_start": 1585586821.1742847, "host_queued_start": 1585586886.574191, "device_queued": 1585586821.1574004, "device_end": 1585586821.1743097, "host_queued_end": 1585586886.57743}, "device": "gpu", "nd_range": {"device_start": 1585586821.1743145, "device_end": 1585586821.1749187}, "cmdq": 2, "read": {"device_start": 1585586821.1749249, "device_end": 1585586821.1749482}}, "FFC_sans_bias15": {"write": {"device_start": -1, "host_queued_start": 1585586886.569442, "device_queued": -1, "device_end": -1, "host_queued_end": 1585586886.57743}, "device": "gpu", "nd_range": {"device_start": 1585586821.1647756, "device_end": 1585586821.1653812}, "cmdq": 0, "read": {"device_start": -1, "device_end": -1}}, "FFC_sans_bias31": {"write": {"device_start": -1, "host_queued_start": 1585586886.566594, "device_queued": -1, "device_end": -1, "host_queued_end": 1585586886.57743}, "device": "gpu", "nd_range": {"device_start": 1585586821.1708488, "device_end": 1585586821.1714592}, "cmdq": 2, "read": {"device_start": -1, "device_end": -1}}, "FFC_sans_bias16": {"write": {"device_start": 1585586821.1694157, "host_queued_start": 1585586886.572077, "device_queued": 1585586821.1571944, "device_end": 1585586821.1694925, "host_queued_end": 1585586886.57743}, "device": "gpu", "nd_range": {"device_start": 1585586821.1695013, "device_end": 1585586821.1704228}, "cmdq": 0, "read": {"device_start": 1585586821.1704311, "device_end": 1585586821.170456}}, "FFC_sans_bias19": {"write": {"device_start": 1585586821.1553996, "host_queued_start": 1585586886.550113, "device_queued": 1585586821.1544323, "device_end": 1585586821.1554315, "host_queued_end": 1585586886.57743}, "device": "gpu", "nd_range": {"device_start": 1585586821.1554353, "device_end": 1585586821.1567562}, "cmdq": 1, "read": {"device_start": -1, "device_end": -1}}, "FFC_sans_bias18": {"write": {"device_start": 1585586821.1549525, "host_queued_start": 1585586886.549074, "device_queued": 1585586821.154379, "device_end": 1585586821.1549826, "host_queued_end": 1585586886.57743}, "device": "gpu", "nd_range": {"device_start": 1585586821.1549885, "device_end": 1585586821.156236}, "cmdq": 0, "read": {"device_start": -1, "device_end": -1}}, "coalesced_transpose30": {"write": {"device_start": -1, "host_queued_start": 1585586886.564699, "device_queued": -1, "device_end": -1, "host_queued_end": 1585586886.57743}, "device": "gpu", "nd_range": {"device_start": 1585586821.170024, "device_end": 1585586821.1708255}, "cmdq": 2, "read": {"device_start": -1, "device_end": -1}}, "FFC_sans_bias38": {"write": {"device_start": 1585586821.1588128, "host_queued_start": 1585586886.557452, "device_queued": 1585586821.155083, "device_end": 1585586821.1588397, "host_queued_end": 1585586886.57743}, "device": "gpu", "nd_range": {"device_start": 1585586821.1588435, "device_end": 1585586821.1601477}, "cmdq": 2, "read": {"device_start": -1, "device_end": -1}}, "coalesced_transpose57": {"write": {"device_start": -1, "host_queued_start": 1585586886.56563, "device_queued": -1, "device_end": -1, "host_queued_end": 1585586886.57743}, "device": "gpu", "nd_range": {"device_start": 1585586821.170827, "device_end": 1585586821.1708477}, "cmdq": 2, "read": {"device_start": -1, "device_end": -1}}, "empty26": {"write": {"device_start": 1585586821.1535475, "host_queued_start": 1585586886.541468, "device_queued": 1585586821.1534245, "device_end": 1585586821.1536062, "host_queued_end": 1585586886.57743}, "device": "gpu", "nd_range": {"device_start": 1585586821.1536098, "device_end": 1585586821.1536164}, "cmdq": 1, "read": {"device_start": -1, "device_end": -1}}, "coalesced_transpose12": {"write": {"device_start": -1, "host_queued_start": 1585586886.56409, "device_queued": -1, "device_end": -1, "host_queued_end": 1585586886.57743}, "device": "gpu", "nd_range": {"device_start": 1585586821.1620584, "device_end": 1585586821.16242}, "cmdq": 0, "read": {"device_start": -1, "device_end": -1}}, "empty44": {"write": {"device_start": 1585586821.153759, "host_queued_start": 1585586886.543283, "device_queued": 1585586821.153545, "device_end": 1585586821.1537888, "host_queued_end": 1585586886.57743}, "device": "gpu", "nd_range": {"device_start": 1585586821.1538, "device_end": 1585586821.1538036}, "cmdq": 0, "read": {"device_start": -1, "device_end": -1}}, "coalesced_transpose21": {"write": {"device_start": -1, "host_queued_start": 1585586886.564398, "device_queued": -1, "device_end": -1, "host_queued_end": 1585586886.57743}, "device": "gpu", "nd_range": {"device_start": 1585586821.16256, "device_end": 1585586821.1628883}, "cmdq": 1, "read": {"device_start": -1, "device_end": -1}}, "FFC_sans_bias36": {"write": {"device_start": 1585586821.1578217, "host_queued_start": 1585586886.555383, "device_queued": 1585586821.1549983, "device_end": 1585586821.1578476, "host_queued_end": 1585586886.57743}, "device": "gpu", "nd_range": {"device_start": 1585586821.157862, "device_end": 1585586821.1591883}, "cmdq": 0, "read": {"device_start": -1, "device_end": -1}}, "softmax14": {"write": {"device_start": -1, "host_queued_start": 1585586886.567805, "device_queued": -1, "device_end": -1, "host_queued_end": 1585586886.57743}, "device": "gpu", "nd_range": {"device_start": 1585586821.1640468, "device_end": 1585586821.1645665}, "cmdq": 0, "read": {"device_start": -1, "device_end": -1}}, "FFC_sans_bias13": {"write": {"device_start": -1, "host_queued_start": 1585586886.56595, "device_queued": -1, "device_end": -1, "host_queued_end": 1585586886.57743}, "device": "gpu", "nd_range": {"device_start": 1585586821.162445, "device_end": 1585586821.1630535}, "cmdq": 0, "read": {"device_start": -1, "device_end": -1}}, "empty8": {"write": {"device_start": -1, "host_queued_start": 1585586886.579134, "device_queued": -1, "device_end": -1, "host_queued_end": 1585586886.585764}, "device": "cpu", "nd_range": {"device_start": 2254660.7753999024, "device_end": 2254660.7754126242}, "cmdq": 0, "read": {"device_start": -1, "device_end": -1}}, "FFC_sans_bias42": {"write": {"device_start": -1, "host_queued_start": 1585586886.570403, "device_queued": -1, "device_end": -1, "host_queued_end": 1585586886.57743}, "device": "gpu", "nd_range": {"device_start": 1585586821.1653829, "device_end": 1585586821.166344}, "cmdq": 0, "read": {"device_start": -1, "device_end": -1}}, "FFC_sans_bias43": {"write": {"device_start": 1585586821.174386, "host_queued_start": 1585586886.575236, "device_queued": 1585586821.157598, "device_end": 1585586821.1744106, "host_queued_end": 1585586886.57743}, "device": "gpu", "nd_range": {"device_start": 1585586821.1744134, "device_end": 1585586821.1753244}, "cmdq": 0, "read": {"device_start": 1585586821.1753314, "device_end": 1585586821.1753535}}, "FFC_sans_bias40": {"write": {"device_start": -1, "host_queued_start": 1585586886.566911, "device_queued": -1, "device_end": -1, "host_queued_end": 1585586886.57743}, "device": "gpu", "nd_range": {"device_start": 1585586821.1630547, "device_end": 1585586821.1640453}, "cmdq": 0, "read": {"device_start": -1, "device_end": -1}}, "softmax32": {"write": {"device_start": -1, "host_queued_start": 1585586886.568301, "device_queued": -1, "device_end": -1, "host_queued_end": 1585586886.57743}, "device": "gpu", "nd_range": {"device_start": 1585586821.1724296, "device_end": 1585586821.172632}, "cmdq": 2, "read": {"device_start": -1, "device_end": -1}}, "FFC_sans_bias47": {"write": {"device_start": 1585586821.160256, "host_queued_start": 1585586886.5606, "device_queued": 1585586821.1554828, "device_end": 1585586821.160288, "host_queued_end": 1585586886.57743}, "device": "gpu", "nd_range": {"device_start": 1585586821.1602929, "device_end": 1585586821.1616006}, "cmdq": 2, "read": {"device_start": -1, "device_end": -1}}, "FFC_sans_bias45": {"write": {"device_start": 1585586821.159303, "host_queued_start": 1585586886.558488, "device_queued": 1585586821.1552215, "device_end": 1585586821.1593347, "host_queued_end": 1585586886.57743}, "device": "gpu", "nd_range": {"device_start": 1585586821.1593394, "device_end": 1585586821.160616}, "cmdq": 0, "read": {"device_start": -1, "device_end": -1}}, "softmax50": {"write": {"device_start": -1, "host_queued_start": 1585586886.568794, "device_queued": -1, "device_end": -1, "host_queued_end": 1585586886.57743}, "device": "gpu", "nd_range": {"device_start": 1585586821.1647048, "device_end": 1585586821.165023}, "cmdq": 1, "read": {"device_start": -1, "device_end": -1}}, "FFC_sans_bias33": {"write": {"device_start": -1, "host_queued_start": 1585586886.570085, "device_queued": -1, "device_end": -1, "host_queued_end": 1585586886.57743}, "device": "gpu", "nd_range": {"device_start": 1585586821.1728237, "device_end": 1585586821.173423}, "cmdq": 2, "read": {"device_start": -1, "device_end": -1}}, "FFC_sans_bias49": {"write": {"device_start": -1, "host_queued_start": 1585586886.567228, "device_queued": -1, "device_end": -1, "host_queued_end": 1585586886.57743}, "device": "gpu", "nd_range": {"device_start": 1585586821.1635268, "device_end": 1585586821.1644907}, "cmdq": 1, "read": {"device_start": -1, "device_end": -1}}, "FFC_sans_bias24": {"write": {"device_start": -1, "host_queued_start": 1585586886.569767, "device_queued": -1, "device_end": -1, "host_queued_end": 1585586886.57743}, "device": "gpu", "nd_range": {"device_start": 1585586821.165024, "device_end": 1585586821.1657908}, "cmdq": 1, "read": {"device_start": -1, "device_end": -1}}, "FFC_sans_bias25": {"write": {"device_start": 1585586821.1695044, "host_queued_start": 1585586886.57315, "device_queued": 1585586821.157378, "device_end": 1585586821.1695309, "host_queued_end": 1585586886.57743}, "device": "gpu", "nd_range": {"device_start": 1585586821.1695387, "device_end": 1585586821.1709895}, "cmdq": 1, "read": {"device_start": 1585586821.170997, "device_end": 1585586821.171022}}, "FFC_sans_bias27": {"write": {"device_start": 1585586821.1563354, "host_queued_start": 1585586886.552219, "device_queued": 1585586821.1546025, "device_end": 1585586821.1563673, "host_queued_end": 1585586886.57743}, "device": "gpu", "nd_range": {"device_start": 1585586821.1563716, "device_end": 1585586821.1577013}, "cmdq": 0, "read": {"device_start": -1, "device_end": -1}}, "FFC_sans_bias20": {"write": {"device_start": 1585586821.1559389, "host_queued_start": 1585586886.55118, "device_queued": 1585586821.1544545, "device_end": 1585586821.1559691, "host_queued_end": 1585586886.57743}, "device": "gpu", "nd_range": {"device_start": 1585586821.1559787, "device_end": 1585586821.157232}, "cmdq": 2, "read": {"device_start": -1, "device_end": -1}}, "FFC_sans_bias22": {"write": {"device_start": -1, "host_queued_start": 1585586886.566267, "device_queued": -1, "device_end": -1, "host_queued_end": 1585586886.57743}, "device": "gpu", "nd_range": {"device_start": 1585586821.162914, "device_end": 1585586821.1635258}, "cmdq": 1, "read": {"device_start": -1, "device_end": -1}}, "softmax5": {"write": {"device_start": -1, "host_queued_start": 1585586886.584119, "device_queued": -1, "device_end": -1, "host_queued_end": 1585586886.585764}, "device": "cpu", "nd_range": {"device_start": 2254660.791963567, "device_end": 2254660.792090313}, "cmdq": 0, "read": {"device_start": -1, "device_end": -1}}, "FFC_sans_bias28": {"write": {"device_start": 1585586821.1568573, "host_queued_start": 1585586886.553253, "device_queued": 1585586821.1547623, "device_end": 1585586821.1568837, "host_queued_end": 1585586886.57743}, "device": "gpu", "nd_range": {"device_start": 1585586821.1568894, "device_end": 1585586821.1582036}, "cmdq": 1, "read": {"device_start": -1, "device_end": -1}}, "FFC_sans_bias29": {"write": {"device_start": 1585586821.1573267, "host_queued_start": 1585586886.554316, "device_queued": 1585586821.154789, "device_end": 1585586821.1573527, "host_queued_end": 1585586886.57743}, "device": "gpu", "nd_range": {"device_start": 1585586821.1573572, "device_end": 1585586821.158683}, "cmdq": 2, "read": {"device_start": -1, "device_end": -1}}, "empty17": {"write": {"device_start": 1585586821.1534293, "host_queued_start": 1585586886.540273, "device_queued": 1585586821.1533012, "device_end": 1585586821.1534562, "host_queued_end": 1585586886.57743}, "device": "gpu", "nd_range": {"device_start": 1585586821.1534595, "device_end": 1585586821.1534638}, "cmdq": 0, "read": {"device_start": -1, "device_end": -1}}, "softmax59": {"write": {"device_start": -1, "host_queued_start": 1585586886.569121, "device_queued": -1, "device_end": -1, "host_queued_end": 1585586886.57743}, "device": "gpu", "nd_range": {"device_start": 1585586821.1726334, "device_end": 1585586821.1728227}, "cmdq": 2, "read": {"device_start": -1, "device_end": -1}}, "empty35": {"write": {"device_start": 1585586821.1536632, "host_queued_start": 1585586886.54241, "device_queued": 1585586821.153485, "device_end": 1585586821.1537416, "host_queued_end": 1585586886.57743}, "device": "gpu", "nd_range": {"device_start": 1585586821.1537445, "device_end": 1585586821.1537495}, "cmdq": 2, "read": {"device_start": -1, "device_end": -1}}, "empty53": {"write": {"device_start": 1585586821.1539025, "host_queued_start": 1585586886.544093, "device_queued": 1585586821.1538007, "device_end": 1585586821.1539495, "host_queued_end": 1585586886.57743}, "device": "gpu", "nd_range": {"device_start": 1585586821.153955, "device_end": 1585586821.1539607}, "cmdq": 1, "read": {"device_start": -1, "device_end": -1}}, "FFC_sans_bias46": {"write": {"device_start": 1585586821.1597764, "host_queued_start": 1585586886.559548, "device_queued": 1585586821.1554534, "device_end": 1585586821.159808, "host_queued_end": 1585586886.57743}, "device": "gpu", "nd_range": {"device_start": 1585586821.1598127, "device_end": 1585586821.16112}, "cmdq": 1, "read": {"device_start": -1, "device_end": -1}}, "coalesced_transpose48": {"write": {"device_start": -1, "host_queued_start": 1585586886.565325, "device_queued": -1, "device_end": -1, "host_queued_end": 1585586886.57743}, "device": "gpu", "nd_range": {"device_start": 1585586821.1628892, "device_end": 1585586821.1629128}, "cmdq": 1, "read": {"device_start": -1, "device_end": -1}}}