{"FFC_sans_bias60": {"write": {"device_start": -1, "host_queued_start": 1585587032.624772, "device_queued": -1, "device_end": -1, "host_queued_end": 1585587032.625891}, "device": "gpu", "nd_range": {"device_start": 1585586967.2005792, "device_end": 1585586967.2011743}, "cmdq": 3, "read": {"device_start": -1, "device_end": -1}}, "FFC_sans_bias4": {"write": {"device_start": -1, "host_queued_start": 1585587032.652735, "device_queued": -1, "device_end": -1, "host_queued_end": 1585587032.664221}, "device": "cpu", "nd_range": {"device_start": 2254806.953976604, "device_end": 2254806.968589857}, "cmdq": 0, "read": {"device_start": -1, "device_end": -1}}, "FFC_sans_bias7": {"write": {"device_start": -1, "host_queued_start": 1585587032.659224, "device_queued": -1, "device_end": -1, "host_queued_end": 1585587032.664221}, "device": "cpu", "nd_range": {"device_start": 2254807.0106487293, "device_end": 2254807.01832426}, "cmdq": 0, "read": {"device_start": -1, "device_end": -1}}, "FFC_sans_bias6": {"write": {"device_start": -1, "host_queued_start": 1585587032.656433, "device_queued": -1, "device_end": -1, "host_queued_end": 1585587032.664221}, "device": "cpu", "nd_range": {"device_start": 2254806.989434531, "device_end": 2254807.002810006}, "cmdq": 0, "read": {"device_start": -1, "device_end": -1}}, "FFC_sans_bias1": {"write": {"device_start": -1, "host_queued_start": 1585587032.633422, "device_queued": -1, "device_end": -1, "host_queued_end": 1585587032.664221}, "device": "cpu", "nd_range": {"device_start": 2254806.853862335, "device_end": 2254806.8631906183}, "cmdq": 1, "read": {"device_start": -1, "device_end": -1}}, "FFC_sans_bias0": {"write": {"device_start": -1, "host_queued_start": 1585587032.632386, "device_queued": -1, "device_end": -1, "host_queued_end": 1585587032.664221}, "device": "cpu", "nd_range": {"device_start": 2254806.853863037, "device_end": 2254806.8663087212}, "cmdq": 0, "read": {"device_start": -1, "device_end": -1}}, "FFC_sans_bias2": {"write": {"device_start": -1, "host_queued_start": 1585587032.634466, "device_queued": -1, "device_end": -1, "host_queued_end": 1585587032.664221}, "device": "cpu", "nd_range": {"device_start": 2254806.853910252, "device_end": 2254806.8669225033}, "cmdq": 2, "read": {"device_start": -1, "device_end": -1}}, "FFC_sans_bias61": {"write": {"device_start": 1585586967.1998813, "host_queued_start": 1585587032.625776, "device_queued": 1585586967.1983843, "device_end": 1585586967.1999123, "host_queued_end": 1585587032.625891}, "device": "gpu", "nd_range": {"device_start": 1585586967.2011776, "device_end": 1585586967.2017639}, "cmdq": 0, "read": {"device_start": 1585586967.2017653, "device_end": 1585586967.201788}}, "FFC_sans_bias52": {"write": {"device_start": -1, "host_queued_start": 1585587032.664177, "device_queued": -1, "device_end": -1, "host_queued_end": 1585587032.664221}, "device": "cpu", "nd_range": {"device_start": 2254806.9847431253, "device_end": 2254806.997202556}, "cmdq": 2, "read": {"device_start": -1, "device_end": -1}}, "FFC_sans_bias9": {"write": {"device_start": -1, "host_queued_start": 1585587032.635541, "device_queued": -1, "device_end": -1, "host_queued_end": 1585587032.664221}, "device": "cpu", "nd_range": {"device_start": 2254806.866767969, "device_end": 2254806.8855188033}, "cmdq": 0, "read": {"device_start": -1, "device_end": -1}}, "coalesced_transpose39": {"write": {"device_start": -1, "host_queued_start": 1585587032.652071, "device_queued": -1, "device_end": -1, "host_queued_end": 1585587032.664221}, "device": "cpu", "nd_range": {"device_start": 2254806.917493334, "device_end": 2254806.91773388}, "cmdq": 1, "read": {"device_start": -1, "device_end": -1}}, "FFC_sans_bias55": {"write": {"device_start": 1585586967.198259, "host_queued_start": 1585587032.623527, "device_queued": 1585586967.1979644, "device_end": 1585586967.198283, "host_queued_end": 1585587032.625891}, "device": "gpu", "nd_range": {"device_start": 1585586967.1982942, "device_end": 1585586967.199744}, "cmdq": 3, "read": {"device_start": -1, "device_end": -1}}, "FFC_sans_bias54": {"write": {"device_start": 1585586967.1981764, "host_queued_start": 1585587032.622434, "device_queued": 1585586967.1979363, "device_end": 1585586967.198243, "host_queued_end": 1585587032.625891}, "device": "gpu", "nd_range": {"device_start": 1585586967.1982522, "device_end": 1585586967.199176}, "cmdq": 2, "read": {"device_start": -1, "device_end": -1}}, "FFC_sans_bias56": {"write": {"device_start": 1585586967.1980643, "host_queued_start": 1585587032.621358, "device_queued": 1585586967.1979072, "device_end": 1585586967.198134, "host_queued_end": 1585587032.625891}, "device": "gpu", "nd_range": {"device_start": 1585586967.1981585, "device_end": 1585586967.1987715}, "cmdq": 1, "read": {"device_start": -1, "device_end": -1}}, "FFC_sans_bias51": {"write": {"device_start": -1, "host_queued_start": 1585587032.658147, "device_queued": -1, "device_end": -1, "host_queued_end": 1585587032.664221}, "device": "cpu", "nd_range": {"device_start": 2254806.962551636, "device_end": 2254806.9751089523}, "cmdq": 2, "read": {"device_start": -1, "device_end": -1}}, "softmax23": {"write": {"device_start": -1, "host_queued_start": 1585587032.655277, "device_queued": -1, "device_end": -1, "host_queued_end": 1585587032.664221}, "device": "cpu", "nd_range": {"device_start": 2254806.950380763, "device_end": 2254806.950598332}, "cmdq": 2, "read": {"device_start": -1, "device_end": -1}}, "FFC_sans_bias37": {"write": {"device_start": -1, "host_queued_start": 1585587032.64606, "device_queued": -1, "device_end": -1, "host_queued_end": 1585587032.664221}, "device": "cpu", "nd_range": {"device_start": 2254806.8978956263, "device_end": 2254806.9072596813}, "cmdq": 1, "read": {"device_start": -1, "device_end": -1}}, "empty62": {"write": {"device_start": 1585586967.197912, "host_queued_start": 1585587032.620008, "device_queued": 1585586967.19779, "device_end": 1585586967.1979609, "host_queued_end": 1585587032.625891}, "device": "gpu", "nd_range": {"device_start": 1585586967.1979678, "device_end": 1585586967.1979725}, "cmdq": 0, "read": {"device_start": -1, "device_end": -1}}, "FFC_sans_bias58": {"write": {"device_start": -1, "host_queued_start": 1585587032.624224, "device_queued": -1, "device_end": -1, "host_queued_end": 1585587032.625891}, "device": "gpu", "nd_range": {"device_start": 1585586967.199764, "device_end": 1585586967.2003765}, "cmdq": 1, "read": {"device_start": -1, "device_end": -1}}, "softmax41": {"write": {"device_start": -1, "host_queued_start": 1585587032.655821, "device_queued": -1, "device_end": -1, "host_queued_end": 1585587032.664221}, "device": "cpu", "nd_range": {"device_start": 2254806.951969208, "device_end": 2254806.95218341}, "cmdq": 1, "read": {"device_start": -1, "device_end": -1}}, "FFC_sans_bias11": {"write": {"device_start": -1, "host_queued_start": 1585587032.637626, "device_queued": -1, "device_end": -1, "host_queued_end": 1585587032.664221}, "device": "cpu", "nd_range": {"device_start": 2254806.867041306, "device_end": 2254806.882351412}, "cmdq": 2, "read": {"device_start": -1, "device_end": -1}}, "FFC_sans_bias10": {"write": {"device_start": -1, "host_queued_start": 1585587032.636581, "device_queued": -1, "device_end": -1, "host_queued_end": 1585587032.664221}, "device": "cpu", "nd_range": {"device_start": 2254806.863316315, "device_end": 2254806.8735274863}, "cmdq": 1, "read": {"device_start": -1, "device_end": -1}}, "coalesced_transpose3": {"write": {"device_start": -1, "host_queued_start": 1585587032.65061, "device_queued": -1, "device_end": -1, "host_queued_end": 1585587032.664221}, "device": "cpu", "nd_range": {"device_start": 2254806.9507674733, "device_end": 2254806.952498003}, "cmdq": 0, "read": {"device_start": -1, "device_end": -1}}, "FFC_sans_bias34": {"write": {"device_start": -1, "host_queued_start": 1585587032.662199, "device_queued": -1, "device_end": -1, "host_queued_end": 1585587032.664221}, "device": "cpu", "nd_range": {"device_start": 2254807.018327589, "device_end": 2254807.022651796}, "cmdq": 0, "read": {"device_start": -1, "device_end": -1}}, "FFC_sans_bias15": {"write": {"device_start": -1, "host_queued_start": 1585587032.656759, "device_queued": -1, "device_end": -1, "host_queued_end": 1585587032.664221}, "device": "cpu", "nd_range": {"device_start": 2254806.95229052, "device_end": 2254806.9617389482}, "cmdq": 1, "read": {"device_start": -1, "device_end": -1}}, "FFC_sans_bias31": {"write": {"device_start": -1, "host_queued_start": 1585587032.653764, "device_queued": -1, "device_end": -1, "host_queued_end": 1585587032.664221}, "device": "cpu", "nd_range": {"device_start": 2254806.968596891, "device_end": 2254806.987241569}, "cmdq": 0, "read": {"device_start": -1, "device_end": -1}}, "FFC_sans_bias16": {"write": {"device_start": -1, "host_queued_start": 1585587032.660211, "device_queued": -1, "device_end": -1, "host_queued_end": 1585587032.664221}, "device": "cpu", "nd_range": {"device_start": 2254806.97632975, "device_end": 2254806.992284092}, "cmdq": 1, "read": {"device_start": -1, "device_end": -1}}, "FFC_sans_bias19": {"write": {"device_start": -1, "host_queued_start": 1585587032.63973, "device_queued": -1, "device_end": -1, "host_queued_end": 1585587032.664221}, "device": "cpu", "nd_range": {"device_start": 2254806.873647801, "device_end": 2254806.8857703633}, "cmdq": 1, "read": {"device_start": -1, "device_end": -1}}, "FFC_sans_bias18": {"write": {"device_start": -1, "host_queued_start": 1585587032.63869, "device_queued": -1, "device_end": -1, "host_queued_end": 1585587032.664221}, "device": "cpu", "nd_range": {"device_start": 2254806.885670402, "device_end": 2254806.898695242}, "cmdq": 0, "read": {"device_start": -1, "device_end": -1}}, "coalesced_transpose30": {"write": {"device_start": -1, "host_queued_start": 1585587032.651741, "device_queued": -1, "device_end": -1, "host_queued_end": 1585587032.664221}, "device": "cpu", "nd_range": {"device_start": 2254806.9525055243, "device_end": 2254806.953971358}, "cmdq": 0, "read": {"device_start": -1, "device_end": -1}}, "FFC_sans_bias38": {"write": {"device_start": -1, "host_queued_start": 1585587032.647142, "device_queued": -1, "device_end": -1, "host_queued_end": 1585587032.664221}, "device": "cpu", "nd_range": {"device_start": 2254806.907969838, "device_end": 2254806.9207716053}, "cmdq": 2, "read": {"device_start": -1, "device_end": -1}}, "coalesced_transpose57": {"write": {"device_start": -1, "host_queued_start": 1585587032.623879, "device_queued": -1, "device_end": -1, "host_queued_end": 1585587032.625891}, "device": "gpu", "nd_range": {"device_start": 1585586967.1997488, "device_end": 1585586967.1997604}, "cmdq": 0, "read": {"device_start": -1, "device_end": -1}}, "empty26": {"write": {"device_start": -1, "host_queued_start": 1585587032.628919, "device_queued": -1, "device_end": -1, "host_queued_end": 1585587032.664221}, "device": "cpu", "nd_range": {"device_start": 2254806.853882172, "device_end": 2254806.8538881303}, "cmdq": 2, "read": {"device_start": -1, "device_end": -1}}, "coalesced_transpose12": {"write": {"device_start": -1, "host_queued_start": 1585587032.651047, "device_queued": -1, "device_end": -1, "host_queued_end": 1585587032.664221}, "device": "cpu", "nd_range": {"device_start": 2254806.917131577, "device_end": 2254806.917382014}, "cmdq": 1, "read": {"device_start": -1, "device_end": -1}}, "empty44": {"write": {"device_start": -1, "host_queued_start": 1585587032.630624, "device_queued": -1, "device_end": -1, "host_queued_end": 1585587032.664221}, "device": "cpu", "nd_range": {"device_start": 2254806.853855086, "device_end": 2254806.853856042}, "cmdq": 1, "read": {"device_start": -1, "device_end": -1}}, "coalesced_transpose21": {"write": {"device_start": -1, "host_queued_start": 1585587032.651386, "device_queued": -1, "device_end": -1, "host_queued_end": 1585587032.664221}, "device": "cpu", "nd_range": {"device_start": 2254806.931733983, "device_end": 2254806.931888043}, "cmdq": 2, "read": {"device_start": -1, "device_end": -1}}, "FFC_sans_bias36": {"write": {"device_start": -1, "host_queued_start": 1585587032.645022, "device_queued": -1, "device_end": -1, "host_queued_end": 1585587032.664221}, "device": "cpu", "nd_range": {"device_start": 2254806.9183722883, "device_end": 2254806.937742353}, "cmdq": 0, "read": {"device_start": -1, "device_end": -1}}, "softmax14": {"write": {"device_start": -1, "host_queued_start": 1585587032.655004, "device_queued": -1, "device_end": -1, "host_queued_end": 1585587032.664221}, "device": "cpu", "nd_range": {"device_start": 2254806.951652875, "device_end": 2254806.9518617983}, "cmdq": 1, "read": {"device_start": -1, "device_end": -1}}, "FFC_sans_bias13": {"write": {"device_start": -1, "host_queued_start": 1585587032.653078, "device_queued": -1, "device_end": -1, "host_queued_end": 1585587032.664221}, "device": "cpu", "nd_range": {"device_start": 2254806.917847764, "device_end": 2254806.937941717}, "cmdq": 1, "read": {"device_start": -1, "device_end": -1}}, "empty8": {"write": {"device_start": -1, "host_queued_start": 1585587032.627163, "device_queued": -1, "device_end": -1, "host_queued_end": 1585587032.664221}, "device": "cpu", "nd_range": {"device_start": 2254806.853820722, "device_end": 2254806.853832317}, "cmdq": 0, "read": {"device_start": -1, "device_end": -1}}, "FFC_sans_bias42": {"write": {"device_start": -1, "host_queued_start": 1585587032.65776, "device_queued": -1, "device_end": -1, "host_queued_end": 1585587032.664221}, "device": "cpu", "nd_range": {"device_start": 2254806.9617481884, "device_end": 2254806.976319821}, "cmdq": 1, "read": {"device_start": -1, "device_end": -1}}, "FFC_sans_bias43": {"write": {"device_start": -1, "host_queued_start": 1585587032.663189, "device_queued": -1, "device_end": -1, "host_queued_end": 1585587032.664221}, "device": "cpu", "nd_range": {"device_start": 2254806.9922888894, "device_end": 2254807.000102416}, "cmdq": 1, "read": {"device_start": -1, "device_end": -1}}, "FFC_sans_bias40": {"write": {"device_start": -1, "host_queued_start": 1585587032.654109, "device_queued": -1, "device_end": -1, "host_queued_end": 1585587032.664221}, "device": "cpu", "nd_range": {"device_start": 2254806.938049003, "device_end": 2254806.9515408073}, "cmdq": 1, "read": {"device_start": -1, "device_end": -1}}, "softmax32": {"write": {"device_start": -1, "host_queued_start": 1585587032.655546, "device_queued": -1, "device_end": -1, "host_queued_end": 1585587032.664221}, "device": "cpu", "nd_range": {"device_start": 2254806.9890103564, "device_end": 2254806.989428768}, "cmdq": 0, "read": {"device_start": -1, "device_end": -1}}, "FFC_sans_bias47": {"write": {"device_start": -1, "host_queued_start": 1585587032.650273, "device_queued": -1, "device_end": -1, "host_queued_end": 1585587032.664221}, "device": "cpu", "nd_range": {"device_start": 2254806.92078041, "device_end": 2254806.931727191}, "cmdq": 2, "read": {"device_start": -1, "device_end": -1}}, "FFC_sans_bias45": {"write": {"device_start": -1, "host_queued_start": 1585587032.648184, "device_queued": -1, "device_end": -1, "host_queued_end": 1585587032.664221}, "device": "cpu", "nd_range": {"device_start": 2254806.9377526063, "device_end": 2254806.950760819}, "cmdq": 0, "read": {"device_start": -1, "device_end": -1}}, "softmax50": {"write": {"device_start": -1, "host_queued_start": 1585587032.656097, "device_queued": -1, "device_end": -1, "host_queued_end": 1585587032.664221}, "device": "cpu", "nd_range": {"device_start": 2254806.9507119223, "device_end": 2254806.9509345093}, "cmdq": 2, "read": {"device_start": -1, "device_end": -1}}, "FFC_sans_bias33": {"write": {"device_start": -1, "host_queued_start": 1585587032.657422, "device_queued": -1, "device_end": -1, "host_queued_end": 1585587032.664221}, "device": "cpu", "nd_range": {"device_start": 2254807.0028267372, "device_end": 2254807.010642923}, "cmdq": 0, "read": {"device_start": -1, "device_end": -1}}, "FFC_sans_bias49": {"write": {"device_start": -1, "host_queued_start": 1585587032.654447, "device_queued": -1, "device_end": -1, "host_queued_end": 1585587032.664221}, "device": "cpu", "nd_range": {"device_start": 2254806.9381430093, "device_end": 2254806.950270085}, "cmdq": 2, "read": {"device_start": -1, "device_end": -1}}, "FFC_sans_bias24": {"write": {"device_start": -1, "host_queued_start": 1585587032.657089, "device_queued": -1, "device_end": -1, "host_queued_end": 1585587032.664221}, "device": "cpu", "nd_range": {"device_start": 2254806.951032828, "device_end": 2254806.962444432}, "cmdq": 2, "read": {"device_start": -1, "device_end": -1}}, "FFC_sans_bias25": {"write": {"device_start": -1, "host_queued_start": 1585587032.661213, "device_queued": -1, "device_end": -1, "host_queued_end": 1585587032.664221}, "device": "cpu", "nd_range": {"device_start": 2254806.9751197393, "device_end": 2254806.984737122}, "cmdq": 2, "read": {"device_start": -1, "device_end": -1}}, "FFC_sans_bias27": {"write": {"device_start": -1, "host_queued_start": 1585587032.641829, "device_queued": -1, "device_end": -1, "host_queued_end": 1585587032.664221}, "device": "cpu", "nd_range": {"device_start": 2254806.8991652243, "device_end": 2254806.9175492083}, "cmdq": 0, "read": {"device_start": -1, "device_end": -1}}, "FFC_sans_bias20": {"write": {"device_start": -1, "host_queued_start": 1585587032.640781, "device_queued": -1, "device_end": -1, "host_queued_end": 1585587032.664221}, "device": "cpu", "nd_range": {"device_start": 2254806.882473499, "device_end": 2254806.892940159}, "cmdq": 2, "read": {"device_start": -1, "device_end": -1}}, "FFC_sans_bias22": {"write": {"device_start": -1, "host_queued_start": 1585587032.65342, "device_queued": -1, "device_end": -1, "host_queued_end": 1585587032.664221}, "device": "cpu", "nd_range": {"device_start": 2254806.932794757, "device_end": 2254806.9380331472}, "cmdq": 2, "read": {"device_start": -1, "device_end": -1}}, "softmax5": {"write": {"device_start": -1, "host_queued_start": 1585587032.654732, "device_queued": -1, "device_end": -1, "host_queued_end": 1585587032.664221}, "device": "cpu", "nd_range": {"device_start": 2254806.987248518, "device_end": 2254806.989004597}, "cmdq": 0, "read": {"device_start": -1, "device_end": -1}}, "FFC_sans_bias28": {"write": {"device_start": -1, "host_queued_start": 1585587032.642915, "device_queued": -1, "device_end": -1, "host_queued_end": 1585587032.664221}, "device": "cpu", "nd_range": {"device_start": 2254806.88588772, "device_end": 2254806.897778556}, "cmdq": 1, "read": {"device_start": -1, "device_end": -1}}, "FFC_sans_bias29": {"write": {"device_start": -1, "host_queued_start": 1585587032.643981, "device_queued": -1, "device_end": -1, "host_queued_end": 1585587032.664221}, "device": "cpu", "nd_range": {"device_start": 2254806.8930566213, "device_end": 2254806.90796149}, "cmdq": 2, "read": {"device_start": -1, "device_end": -1}}, "empty17": {"write": {"device_start": -1, "host_queued_start": 1585587032.628045, "device_queued": -1, "device_end": -1, "host_queued_end": 1585587032.664221}, "device": "cpu", "nd_range": {"device_start": 2254806.8538208003, "device_end": 2254806.853832241}, "cmdq": 1, "read": {"device_start": -1, "device_end": -1}}, "softmax59": {"write": {"device_start": -1, "host_queued_start": 1585587032.624467, "device_queued": -1, "device_end": -1, "host_queued_end": 1585587032.625891}, "device": "gpu", "nd_range": {"device_start": 1585586967.2003832, "device_end": 1585586967.200575}, "cmdq": 2, "read": {"device_start": -1, "device_end": -1}}, "empty35": {"write": {"device_start": -1, "host_queued_start": 1585587032.629759, "device_queued": -1, "device_end": -1, "host_queued_end": 1585587032.664221}, "device": "cpu", "nd_range": {"device_start": 2254806.853854793, "device_end": 2254806.8538560383}, "cmdq": 0, "read": {"device_start": -1, "device_end": -1}}, "empty53": {"write": {"device_start": -1, "host_queued_start": 1585587032.631427, "device_queued": -1, "device_end": -1, "host_queued_end": 1585587032.664221}, "device": "cpu", "nd_range": {"device_start": 2254806.8539045043, "device_end": 2254806.8539053854}, "cmdq": 2, "read": {"device_start": -1, "device_end": -1}}, "FFC_sans_bias46": {"write": {"device_start": -1, "host_queued_start": 1585587032.649225, "device_queued": -1, "device_end": -1, "host_queued_end": 1585587032.664221}, "device": "cpu", "nd_range": {"device_start": 2254806.907390281, "device_end": 2254806.917018734}, "cmdq": 1, "read": {"device_start": -1, "device_end": -1}}, "coalesced_transpose48": {"write": {"device_start": -1, "host_queued_start": 1585587032.652396, "device_queued": -1, "device_end": -1, "host_queued_end": 1585587032.664221}, "device": "cpu", "nd_range": {"device_start": 2254806.9320129473, "device_end": 2254806.9326821123}, "cmdq": 2, "read": {"device_start": -1, "device_end": -1}}}