{"FFC_sans_bias60": {"write": {"device_start": -1, "host_queued_start": 1585586668.425527, "device_queued": -1, "device_end": -1, "host_queued_end": 1585586668.430913}, "device": "gpu", "nd_range": {"device_start": 1585586603.0309458, "device_end": 1585586603.0315437}, "cmdq": 0, "read": {"device_start": -1, "device_end": -1}}, "FFC_sans_bias4": {"write": {"device_start": -1, "host_queued_start": 1585586668.441566, "device_queued": -1, "device_end": -1, "host_queued_end": 1585586668.445292}, "device": "cpu", "nd_range": {"device_start": 2254442.66563395, "device_end": 2254442.673205369}, "cmdq": 0, "read": {"device_start": -1, "device_end": -1}}, "FFC_sans_bias7": {"write": {"device_start": -1, "host_queued_start": 1585586668.444218, "device_queued": -1, "device_end": -1, "host_queued_end": 1585586668.445292}, "device": "cpu", "nd_range": {"device_start": 2254442.679160356, "device_end": 2254442.687103313}, "cmdq": 0, "read": {"device_start": -1, "device_end": -1}}, "FFC_sans_bias6": {"write": {"device_start": -1, "host_queued_start": 1585586668.44284, "device_queued": -1, "device_end": -1, "host_queued_end": 1585586668.445292}, "device": "cpu", "nd_range": {"device_start": 2254442.673641757, "device_end": 2254442.6790474784}, "cmdq": 0, "read": {"device_start": -1, "device_end": -1}}, "FFC_sans_bias1": {"write": {"device_start": -1, "host_queued_start": 1585586668.435938, "device_queued": -1, "device_end": -1, "host_queued_end": 1585586668.445292}, "device": "cpu", "nd_range": {"device_start": 2254442.6348981503, "device_end": 2254442.6413316}, "cmdq": 1, "read": {"device_start": -1, "device_end": -1}}, "FFC_sans_bias0": {"write": {"device_start": -1, "host_queued_start": 1585586668.434828, "device_queued": -1, "device_end": -1, "host_queued_end": 1585586668.445292}, "device": "cpu", "nd_range": {"device_start": 2254442.63489801, "device_end": 2254442.6443652203}, "cmdq": 0, "read": {"device_start": -1, "device_end": -1}}, "FFC_sans_bias2": {"write": {"device_start": -1, "host_queued_start": 1585586668.437094, "device_queued": -1, "device_end": -1, "host_queued_end": 1585586668.445292}, "device": "cpu", "nd_range": {"device_start": 2254442.64525493, "device_end": 2254442.652359831}, "cmdq": 0, "read": {"device_start": -1, "device_end": -1}}, "FFC_sans_bias61": {"write": {"device_start": 1585586603.03481, "host_queued_start": 1585586668.430814, "device_queued": 1585586603.0158098, "device_end": 1585586603.0348327, "host_queued_end": 1585586668.430913}, "device": "gpu", "nd_range": {"device_start": 1585586603.0348372, "device_end": 1585586603.035433}, "cmdq": 0, "read": {"device_start": 1585586603.0354354, "device_end": 1585586603.035458}}, "FFC_sans_bias52": {"write": {"device_start": 1585586603.034028, "host_queued_start": 1585586668.42977, "device_queued": 1585586603.0157604, "device_end": 1585586603.0340517, "host_queued_end": 1585586668.430913}, "device": "gpu", "nd_range": {"device_start": 1585586603.0340543, "device_end": 1585586603.034652}, "cmdq": 0, "read": {"device_start": 1585586603.03466, "device_end": 1585586603.034683}}, "FFC_sans_bias9": {"write": {"device_start": -1, "host_queued_start": 1585586668.438164, "device_queued": -1, "device_end": -1, "host_queued_end": 1585586668.445292}, "device": "cpu", "nd_range": {"device_start": 2254442.641464863, "device_end": 2254442.648169218}, "cmdq": 1, "read": {"device_start": -1, "device_end": -1}}, "coalesced_transpose39": {"write": {"device_start": -1, "host_queued_start": 1585586668.420496, "device_queued": -1, "device_end": -1, "host_queued_end": 1585586668.430913}, "device": "gpu", "nd_range": {"device_start": 1585586603.0244622, "device_end": 1585586603.0244706}, "cmdq": 0, "read": {"device_start": -1, "device_end": -1}}, "FFC_sans_bias55": {"write": {"device_start": 1585586603.0238104, "host_queued_start": 1585586668.419538, "device_queued": 1585586603.0145402, "device_end": 1585586603.0238335, "host_queued_end": 1585586668.430913}, "device": "gpu", "nd_range": {"device_start": 1585586603.02384, "device_end": 1585586603.0244417}, "cmdq": 0, "read": {"device_start": -1, "device_end": -1}}, "FFC_sans_bias54": {"write": {"device_start": 1585586603.0230744, "host_queued_start": 1585586668.418481, "device_queued": 1585586603.0144043, "device_end": 1585586603.023098, "host_queued_end": 1585586668.430913}, "device": "gpu", "nd_range": {"device_start": 1585586603.0231025, "device_end": 1585586603.0236995}, "cmdq": 0, "read": {"device_start": -1, "device_end": -1}}, "FFC_sans_bias56": {"write": {"device_start": 1585586603.022344, "host_queued_start": 1585586668.417462, "device_queued": 1585586603.0143504, "device_end": 1585586603.0223756, "host_queued_end": 1585586668.430913}, "device": "gpu", "nd_range": {"device_start": 1585586603.022385, "device_end": 1585586603.022974}, "cmdq": 0, "read": {"device_start": -1, "device_end": -1}}, "FFC_sans_bias51": {"write": {"device_start": -1, "host_queued_start": 1585586668.42522, "device_queued": -1, "device_end": -1, "host_queued_end": 1585586668.430913}, "device": "gpu", "nd_range": {"device_start": 1585586603.0303469, "device_end": 1585586603.0309446}, "cmdq": 0, "read": {"device_start": -1, "device_end": -1}}, "softmax23": {"write": {"device_start": -1, "host_queued_start": 1585586668.422967, "device_queued": -1, "device_end": -1, "host_queued_end": 1585586668.430913}, "device": "gpu", "nd_range": {"device_start": 1585586603.0274925, "device_end": 1585586603.0277045}, "cmdq": 0, "read": {"device_start": -1, "device_end": -1}}, "FFC_sans_bias37": {"write": {"device_start": 1585586603.0186713, "host_queued_start": 1585586668.412257, "device_queued": 1585586603.0137641, "device_end": 1585586603.018695, "host_queued_end": 1585586668.430913}, "device": "gpu", "nd_range": {"device_start": 1585586603.0186994, "device_end": 1585586603.0192945}, "cmdq": 0, "read": {"device_start": -1, "device_end": -1}}, "empty62": {"write": {"device_start": 1585586603.0134342, "host_queued_start": 1585586668.403942, "device_queued": 1585586603.01298, "device_end": 1585586603.0134664, "host_queued_end": 1585586668.430913}, "device": "gpu", "nd_range": {"device_start": 1585586603.0134704, "device_end": 1585586603.0134745}, "cmdq": 0, "read": {"device_start": -1, "device_end": -1}}, "FFC_sans_bias58": {"write": {"device_start": -1, "host_queued_start": 1585586668.422718, "device_queued": -1, "device_end": -1, "host_queued_end": 1585586668.430913}, "device": "gpu", "nd_range": {"device_start": 1585586603.0268884, "device_end": 1585586603.0274913}, "cmdq": 0, "read": {"device_start": -1, "device_end": -1}}, "softmax41": {"write": {"device_start": -1, "host_queued_start": 1585586668.423457, "device_queued": -1, "device_end": -1, "host_queued_end": 1585586668.430913}, "device": "gpu", "nd_range": {"device_start": 1585586603.027916, "device_end": 1585586603.0281258}, "cmdq": 0, "read": {"device_start": -1, "device_end": -1}}, "FFC_sans_bias11": {"write": {"device_start": -1, "host_queued_start": 1585586668.440466, "device_queued": -1, "device_end": -1, "host_queued_end": 1585586668.445292}, "device": "cpu", "nd_range": {"device_start": 2254442.648175816, "device_end": 2254442.656280498}, "cmdq": 1, "read": {"device_start": -1, "device_end": -1}}, "FFC_sans_bias10": {"write": {"device_start": -1, "host_queued_start": 1585586668.439347, "device_queued": -1, "device_end": -1, "host_queued_end": 1585586668.445292}, "device": "cpu", "nd_range": {"device_start": 2254442.652511626, "device_end": 2254442.665282798}, "cmdq": 0, "read": {"device_start": -1, "device_end": -1}}, "coalesced_transpose3": {"write": {"device_start": -1, "host_queued_start": 1585586668.440809, "device_queued": -1, "device_end": -1, "host_queued_end": 1585586668.445292}, "device": "cpu", "nd_range": {"device_start": 2254442.6653055022, "device_end": 2254442.66551862}, "cmdq": 0, "read": {"device_start": -1, "device_end": -1}}, "FFC_sans_bias34": {"write": {"device_start": 1585586603.0324557, "host_queued_start": 1585586668.427593, "device_queued": 1585586603.0155106, "device_end": 1585586603.032479, "host_queued_end": 1585586668.430913}, "device": "gpu", "nd_range": {"device_start": 1585586603.032483, "device_end": 1585586603.0330803}, "cmdq": 0, "read": {"device_start": 1585586603.0330894, "device_end": 1585586603.0331125}}, "FFC_sans_bias15": {"write": {"device_start": -1, "host_queued_start": 1585586668.443175, "device_queued": -1, "device_end": -1, "host_queued_end": 1585586668.445292}, "device": "cpu", "nd_range": {"device_start": 2254442.6790603832, "device_end": 2254442.68710352}, "cmdq": 1, "read": {"device_start": -1, "device_end": -1}}, "FFC_sans_bias31": {"write": {"device_start": -1, "host_queued_start": 1585586668.421732, "device_queued": -1, "device_end": -1, "host_queued_end": 1585586668.430913}, "device": "gpu", "nd_range": {"device_start": 1585586603.0250888, "device_end": 1585586603.0256867}, "cmdq": 0, "read": {"device_start": -1, "device_end": -1}}, "FFC_sans_bias16": {"write": {"device_start": -1, "host_queued_start": 1585586668.445247, "device_queued": -1, "device_end": -1, "host_queued_end": 1585586668.445292}, "device": "cpu", "nd_range": {"device_start": 2254442.6871127463, "device_end": 2254442.6911576022}, "cmdq": 1, "read": {"device_start": -1, "device_end": -1}}, "FFC_sans_bias19": {"write": {"device_start": 1585586603.0142584, "host_queued_start": 1585586668.405983, "device_queued": 1585586603.0130763, "device_end": 1585586603.014288, "host_queued_end": 1585586668.430913}, "device": "gpu", "nd_range": {"device_start": 1585586603.0142906, "device_end": 1585586603.0148816}, "cmdq": 0, "read": {"device_start": -1, "device_end": -1}}, "FFC_sans_bias18": {"write": {"device_start": 1585586603.0136104, "host_queued_start": 1585586668.40491, "device_queued": 1585586603.0130339, "device_end": 1585586603.0136414, "host_queued_end": 1585586668.430913}, "device": "gpu", "nd_range": {"device_start": 1585586603.013651, "device_end": 1585586603.0141554}, "cmdq": 0, "read": {"device_start": -1, "device_end": -1}}, "coalesced_transpose30": {"write": {"device_start": -1, "host_queued_start": 1585586668.420189, "device_queued": -1, "device_end": -1, "host_queued_end": 1585586668.430913}, "device": "gpu", "nd_range": {"device_start": 1585586603.0244522, "device_end": 1585586603.0244608}, "cmdq": 0, "read": {"device_start": -1, "device_end": -1}}, "FFC_sans_bias38": {"write": {"device_start": 1585586603.0194104, "host_queued_start": 1585586668.413288, "device_queued": 1585586603.0139186, "device_end": 1585586603.0194395, "host_queued_end": 1585586668.430913}, "device": "gpu", "nd_range": {"device_start": 1585586603.019442, "device_end": 1585586603.020037}, "cmdq": 0, "read": {"device_start": -1, "device_end": -1}}, "coalesced_transpose57": {"write": {"device_start": -1, "host_queued_start": 1585586668.4211, "device_queued": -1, "device_end": -1, "host_queued_end": 1585586668.430913}, "device": "gpu", "nd_range": {"device_start": 1585586603.0244808, "device_end": 1585586603.0244896}, "cmdq": 0, "read": {"device_start": -1, "device_end": -1}}, "empty26": {"write": {"device_start": 1585586603.0127094, "host_queued_start": 1585586668.400188, "device_queued": 1585586603.0125635, "device_end": 1585586603.012737, "host_queued_end": 1585586668.430913}, "device": "gpu", "nd_range": {"device_start": 1585586603.0127394, "device_end": 1585586603.0127487}, "cmdq": 0, "read": {"device_start": -1, "device_end": -1}}, "coalesced_transpose12": {"write": {"device_start": -1, "host_queued_start": 1585586668.441152, "device_queued": -1, "device_end": -1, "host_queued_end": 1585586668.445292}, "device": "cpu", "nd_range": {"device_start": 2254442.665327378, "device_end": 2254442.6660243333}, "cmdq": 1, "read": {"device_start": -1, "device_end": -1}}, "empty44": {"write": {"device_start": 1585586603.0130954, "host_queued_start": 1585586668.402266, "device_queued": 1585586603.0127068, "device_end": 1585586603.013125, "host_queued_end": 1585586668.430913}, "device": "gpu", "nd_range": {"device_start": 1585586603.013128, "device_end": 1585586603.0131316}, "cmdq": 0, "read": {"device_start": -1, "device_end": -1}}, "coalesced_transpose21": {"write": {"device_start": -1, "host_queued_start": 1585586668.419886, "device_queued": -1, "device_end": -1, "host_queued_end": 1585586668.430913}, "device": "gpu", "nd_range": {"device_start": 1585586603.0244427, "device_end": 1585586603.024451}, "cmdq": 0, "read": {"device_start": -1, "device_end": -1}}, "FFC_sans_bias36": {"write": {"device_start": 1585586603.0179532, "host_queued_start": 1585586668.411234, "device_queued": 1585586603.013718, "device_end": 1585586603.0179782, "host_queued_end": 1585586668.430913}, "device": "gpu", "nd_range": {"device_start": 1585586603.0179837, "device_end": 1585586603.0185704}, "cmdq": 0, "read": {"device_start": -1, "device_end": -1}}, "softmax14": {"write": {"device_start": -1, "host_queued_start": 1585586668.442445, "device_queued": -1, "device_end": -1, "host_queued_end": 1585586668.445292}, "device": "cpu", "nd_range": {"device_start": 2254442.678841502, "device_end": 2254442.678951975}, "cmdq": 1, "read": {"device_start": -1, "device_end": -1}}, "FFC_sans_bias13": {"write": {"device_start": -1, "host_queued_start": 1585586668.441913, "device_queued": -1, "device_end": -1, "host_queued_end": 1585586668.445292}, "device": "cpu", "nd_range": {"device_start": 2254442.666163287, "device_end": 2254442.6787251323}, "cmdq": 1, "read": {"device_start": -1, "device_end": -1}}, "empty8": {"write": {"device_start": -1, "host_queued_start": 1585586668.432532, "device_queued": -1, "device_end": -1, "host_queued_end": 1585586668.445292}, "device": "cpu", "nd_range": {"device_start": 2254442.6348672123, "device_end": 2254442.6348792124}, "cmdq": 0, "read": {"device_start": -1, "device_end": -1}}, "FFC_sans_bias42": {"write": {"device_start": -1, "host_queued_start": 1585586668.424913, "device_queued": -1, "device_end": -1, "host_queued_end": 1585586668.430913}, "device": "gpu", "nd_range": {"device_start": 1585586603.0297472, "device_end": 1585586603.030346}, "cmdq": 0, "read": {"device_start": -1, "device_end": -1}}, "FFC_sans_bias43": {"write": {"device_start": 1585586603.0332572, "host_queued_start": 1585586668.428722, "device_queued": 1585586603.0155506, "device_end": 1585586603.0332825, "host_queued_end": 1585586668.430913}, "device": "gpu", "nd_range": {"device_start": 1585586603.033285, "device_end": 1585586603.0338736}, "cmdq": 0, "read": {"device_start": 1585586603.0338755, "device_end": 1585586603.0338976}}, "FFC_sans_bias40": {"write": {"device_start": -1, "host_queued_start": 1585586668.422045, "device_queued": -1, "device_end": -1, "host_queued_end": 1585586668.430913}, "device": "gpu", "nd_range": {"device_start": 1585586603.0256877, "device_end": 1585586603.0262861}, "cmdq": 0, "read": {"device_start": -1, "device_end": -1}}, "softmax32": {"write": {"device_start": -1, "host_queued_start": 1585586668.42321, "device_queued": -1, "device_end": -1, "host_queued_end": 1585586668.430913}, "device": "gpu", "nd_range": {"device_start": 1585586603.0277054, "device_end": 1585586603.0279148}, "cmdq": 0, "read": {"device_start": -1, "device_end": -1}}, "FFC_sans_bias47": {"write": {"device_start": 1585586603.0216036, "host_queued_start": 1585586668.416423, "device_queued": 1585586603.0141501, "device_end": 1585586603.0216331, "host_queued_end": 1585586668.430913}, "device": "gpu", "nd_range": {"device_start": 1585586603.0216393, "device_end": 1585586603.022227}, "cmdq": 0, "read": {"device_start": -1, "device_end": -1}}, "FFC_sans_bias45": {"write": {"device_start": 1585586603.0201368, "host_queued_start": 1585586668.414312, "device_queued": 1585586603.0139577, "device_end": 1585586603.0201607, "host_queued_end": 1585586668.430913}, "device": "gpu", "nd_range": {"device_start": 1585586603.0201657, "device_end": 1585586603.0207646}, "cmdq": 0, "read": {"device_start": -1, "device_end": -1}}, "softmax50": {"write": {"device_start": -1, "host_queued_start": 1585586668.423708, "device_queued": -1, "device_end": -1, "host_queued_end": 1585586668.430913}, "device": "gpu", "nd_range": {"device_start": 1585586603.0281272, "device_end": 1585586603.0283363}, "cmdq": 0, "read": {"device_start": -1, "device_end": -1}}, "FFC_sans_bias33": {"write": {"device_start": -1, "host_queued_start": 1585586668.424598, "device_queued": -1, "device_end": -1, "host_queued_end": 1585586668.430913}, "device": "gpu", "nd_range": {"device_start": 1585586603.0291471, "device_end": 1585586603.029746}, "cmdq": 0, "read": {"device_start": -1, "device_end": -1}}, "FFC_sans_bias49": {"write": {"device_start": -1, "host_queued_start": 1585586668.422357, "device_queued": -1, "device_end": -1, "host_queued_end": 1585586668.430913}, "device": "gpu", "nd_range": {"device_start": 1585586603.0262878, "device_end": 1585586603.0268872}, "cmdq": 0, "read": {"device_start": -1, "device_end": -1}}, "FFC_sans_bias24": {"write": {"device_start": -1, "host_queued_start": 1585586668.424281, "device_queued": -1, "device_end": -1, "host_queued_end": 1585586668.430913}, "device": "gpu", "nd_range": {"device_start": 1585586603.0285485, "device_end": 1585586603.0291457}, "cmdq": 0, "read": {"device_start": -1, "device_end": -1}}, "FFC_sans_bias25": {"write": {"device_start": 1585586603.031646, "host_queued_start": 1585586668.426535, "device_queued": 1585586603.0153742, "device_end": 1585586603.0316703, "host_queued_end": 1585586668.430913}, "device": "gpu", "nd_range": {"device_start": 1585586603.0316753, "device_end": 1585586603.0322728}, "cmdq": 0, "read": {"device_start": 1585586603.032281, "device_end": 1585586603.0323038}}, "FFC_sans_bias27": {"write": {"device_start": 1585586603.0157874, "host_queued_start": 1585586668.408067, "device_queued": 1585586603.0133119, "device_end": 1585586603.0158136, "host_queued_end": 1585586668.430913}, "device": "gpu", "nd_range": {"device_start": 1585586603.0158193, "device_end": 1585586603.0164146}, "cmdq": 0, "read": {"device_start": -1, "device_end": -1}}, "FFC_sans_bias20": {"write": {"device_start": 1585586603.0149856, "host_queued_start": 1585586668.407041, "device_queued": 1585586603.0132713, "device_end": 1585586603.0150094, "host_queued_end": 1585586668.430913}, "device": "gpu", "nd_range": {"device_start": 1585586603.0150137, "device_end": 1585586603.0156157}, "cmdq": 0, "read": {"device_start": -1, "device_end": -1}}, "FFC_sans_bias22": {"write": {"device_start": -1, "host_queued_start": 1585586668.421418, "device_queued": -1, "device_end": -1, "host_queued_end": 1585586668.430913}, "device": "gpu", "nd_range": {"device_start": 1585586603.0244906, "device_end": 1585586603.0250878}, "cmdq": 0, "read": {"device_start": -1, "device_end": -1}}, "softmax5": {"write": {"device_start": -1, "host_queued_start": 1585586668.442184, "device_queued": -1, "device_end": -1, "host_queued_end": 1585586668.445292}, "device": "cpu", "nd_range": {"device_start": 2254442.673317191, "device_end": 2254442.6735319193}, "cmdq": 0, "read": {"device_start": -1, "device_end": -1}}, "FFC_sans_bias28": {"write": {"device_start": 1585586603.0165145, "host_queued_start": 1585586668.409124, "device_queued": 1585586603.0135088, "device_end": 1585586603.016539, "host_queued_end": 1585586668.430913}, "device": "gpu", "nd_range": {"device_start": 1585586603.0165458, "device_end": 1585586603.0171416}, "cmdq": 0, "read": {"device_start": -1, "device_end": -1}}, "FFC_sans_bias29": {"write": {"device_start": 1585586603.0172179, "host_queued_start": 1585586668.410153, "device_queued": 1585586603.0135598, "device_end": 1585586603.0172417, "host_queued_end": 1585586668.430913}, "device": "gpu", "nd_range": {"device_start": 1585586603.0172462, "device_end": 1585586603.0178435}, "cmdq": 0, "read": {"device_start": -1, "device_end": -1}}, "empty17": {"write": {"device_start": -1, "host_queued_start": 1585586668.433679, "device_queued": -1, "device_end": -1, "host_queued_end": 1585586668.445292}, "device": "cpu", "nd_range": {"device_start": 2254442.634867312, "device_end": 2254442.6348790973}, "cmdq": 1, "read": {"device_start": -1, "device_end": -1}}, "softmax59": {"write": {"device_start": -1, "host_queued_start": 1585586668.423955, "device_queued": -1, "device_end": -1, "host_queued_end": 1585586668.430913}, "device": "gpu", "nd_range": {"device_start": 1585586603.0283372, "device_end": 1585586603.0285473}, "cmdq": 0, "read": {"device_start": -1, "device_end": -1}}, "empty35": {"write": {"device_start": 1585586603.01287, "host_queued_start": 1585586668.401383, "device_queued": 1585586603.0126715, "device_end": 1585586603.0128994, "host_queued_end": 1585586668.430913}, "device": "gpu", "nd_range": {"device_start": 1585586603.012909, "device_end": 1585586603.0129123}, "cmdq": 0, "read": {"device_start": -1, "device_end": -1}}, "empty53": {"write": {"device_start": 1585586603.0132747, "host_queued_start": 1585586668.403136, "device_queued": 1585586603.012738, "device_end": 1585586603.0133064, "host_queued_end": 1585586668.430913}, "device": "gpu", "nd_range": {"device_start": 1585586603.0133119, "device_end": 1585586603.0133224}, "cmdq": 0, "read": {"device_start": -1, "device_end": -1}}, "FFC_sans_bias46": {"write": {"device_start": 1585586603.0208652, "host_queued_start": 1585586668.415368, "device_queued": 1585586603.0141032, "device_end": 1585586603.0208886, "host_queued_end": 1585586668.430913}, "device": "gpu", "nd_range": {"device_start": 1585586603.020896, "device_end": 1585586603.021501}, "cmdq": 0, "read": {"device_start": -1, "device_end": -1}}, "coalesced_transpose48": {"write": {"device_start": -1, "host_queued_start": 1585586668.420798, "device_queued": -1, "device_end": -1, "host_queued_end": 1585586668.430913}, "device": "gpu", "nd_range": {"device_start": 1585586603.0244718, "device_end": 1585586603.0244796}, "cmdq": 0, "read": {"device_start": -1, "device_end": -1}}}