{"FFC_sans_bias60": {"write": {"device_start": -1, "host_queued_start": 1585586687.898775, "device_queued": -1, "device_end": -1, "host_queued_end": 1585586687.905199}, "device": "gpu", "nd_range": {"device_start": 1585586622.5165963, "device_end": 1585586622.5171955}, "cmdq": 0, "read": {"device_start": -1, "device_end": -1}}, "FFC_sans_bias4": {"write": {"device_start": -1, "host_queued_start": 1585586687.911489, "device_queued": -1, "device_end": -1, "host_queued_end": 1585586687.913285}, "device": "cpu", "nd_range": {"device_start": 2254462.114983365, "device_end": 2254462.1190564632}, "cmdq": 2, "read": {"device_start": -1, "device_end": -1}}, "FFC_sans_bias7": {"write": {"device_start": -1, "host_queued_start": 1585586687.913239, "device_queued": -1, "device_end": -1, "host_queued_end": 1585586687.913285}, "device": "cpu", "nd_range": {"device_start": 2254462.1242922, "device_end": 2254462.128546209}, "cmdq": 2, "read": {"device_start": -1, "device_end": -1}}, "FFC_sans_bias6": {"write": {"device_start": -1, "host_queued_start": 1585586687.912122, "device_queued": -1, "device_end": -1, "host_queued_end": 1585586687.913285}, "device": "cpu", "nd_range": {"device_start": 2254462.119351429, "device_end": 2254462.1241678433}, "cmdq": 1, "read": {"device_start": -1, "device_end": -1}}, "FFC_sans_bias1": {"write": {"device_start": -1, "host_queued_start": 1585586687.909517, "device_queued": -1, "device_end": -1, "host_queued_end": 1585586687.913285}, "device": "cpu", "nd_range": {"device_start": 2254462.1029462, "device_end": 2254462.110814332}, "cmdq": 2, "read": {"device_start": -1, "device_end": -1}}, "FFC_sans_bias0": {"write": {"device_start": -1, "host_queued_start": 1585586687.908161, "device_queued": -1, "device_end": -1, "host_queued_end": 1585586687.913285}, "device": "cpu", "nd_range": {"device_start": 2254462.1029235353, "device_end": 2254462.114820205}, "cmdq": 1, "read": {"device_start": -1, "device_end": -1}}, "FFC_sans_bias2": {"write": {"device_start": -1, "host_queued_start": 1585586687.910784, "device_queued": -1, "device_end": -1, "host_queued_end": 1585586687.913285}, "device": "cpu", "nd_range": {"device_start": 2254462.1029330064, "device_end": 2254462.114821283}, "cmdq": 0, "read": {"device_start": -1, "device_end": -1}}, "FFC_sans_bias61": {"write": {"device_start": 1585586622.521208, "host_queued_start": 1585586687.905094, "device_queued": 1585586622.4903443, "device_end": 1585586622.521237, "host_queued_end": 1585586687.905199}, "device": "gpu", "nd_range": {"device_start": 1585586622.521245, "device_end": 1585586622.5218453}, "cmdq": 0, "read": {"device_start": 1585586622.5218513, "device_end": 1585586622.5218732}}, "FFC_sans_bias52": {"write": {"device_start": 1585586622.5203953, "host_queued_start": 1585586687.904053, "device_queued": 1585586622.4901874, "device_end": 1585586622.5204246, "host_queued_end": 1585586687.905199}, "device": "gpu", "nd_range": {"device_start": 1585586622.520433, "device_end": 1585586622.521031}, "cmdq": 0, "read": {"device_start": 1585586622.5210402, "device_end": 1585586622.5210621}}, "FFC_sans_bias9": {"write": {"device_start": 1585586622.4875915, "host_queued_start": 1585586687.873639, "device_queued": 1585586622.486809, "device_end": 1585586622.4876223, "host_queued_end": 1585586687.905199}, "device": "gpu", "nd_range": {"device_start": 1585586622.4876251, "device_end": 1585586622.488226}, "cmdq": 0, "read": {"device_start": -1, "device_end": -1}}, "coalesced_transpose39": {"write": {"device_start": -1, "host_queued_start": 1585586687.892727, "device_queued": -1, "device_end": -1, "host_queued_end": 1585586687.905199}, "device": "gpu", "nd_range": {"device_start": 1585586622.5086987, "device_end": 1585586622.5087068}, "cmdq": 0, "read": {"device_start": -1, "device_end": -1}}, "FFC_sans_bias55": {"write": {"device_start": 1585586622.5080442, "host_queued_start": 1585586687.891469, "device_queued": 1585586622.4886327, "device_end": 1585586622.508068, "host_queued_end": 1585586687.905199}, "device": "gpu", "nd_range": {"device_start": 1585586622.5080745, "device_end": 1585586622.508668}, "cmdq": 0, "read": {"device_start": -1, "device_end": -1}}, "FFC_sans_bias54": {"write": {"device_start": 1585586622.5073528, "host_queued_start": 1585586687.890425, "device_queued": 1585586622.4884984, "device_end": 1585586622.5073788, "host_queued_end": 1585586687.905199}, "device": "gpu", "nd_range": {"device_start": 1585586622.5073817, "device_end": 1585586622.5079763}, "cmdq": 0, "read": {"device_start": -1, "device_end": -1}}, "FFC_sans_bias56": {"write": {"device_start": 1585586622.5066605, "host_queued_start": 1585586687.889389, "device_queued": 1585586622.4884453, "device_end": 1585586622.506685, "host_queued_end": 1585586687.905199}, "device": "gpu", "nd_range": {"device_start": 1585586622.506688, "device_end": 1585586622.5072825}, "cmdq": 0, "read": {"device_start": -1, "device_end": -1}}, "FFC_sans_bias51": {"write": {"device_start": -1, "host_queued_start": 1585586687.898448, "device_queued": -1, "device_end": -1, "host_queued_end": 1585586687.905199}, "device": "gpu", "nd_range": {"device_start": 1585586622.515999, "device_end": 1585586622.5165954}, "cmdq": 0, "read": {"device_start": -1, "device_end": -1}}, "softmax23": {"write": {"device_start": -1, "host_queued_start": 1585586687.895765, "device_queued": -1, "device_end": -1, "host_queued_end": 1585586687.905199}, "device": "gpu", "nd_range": {"device_start": 1585586622.5125368, "device_end": 1585586622.5127485}, "cmdq": 0, "read": {"device_start": -1, "device_end": -1}}, "FFC_sans_bias37": {"write": {"device_start": 1585586622.5032465, "host_queued_start": 1585586687.88417, "device_queued": 1585586622.4879246, "device_end": 1585586622.5032716, "host_queued_end": 1585586687.905199}, "device": "gpu", "nd_range": {"device_start": 1585586622.5032752, "device_end": 1585586622.5037792}, "cmdq": 0, "read": {"device_start": -1, "device_end": -1}}, "empty62": {"write": {"device_start": 1585586622.4873633, "host_queued_start": 1585586687.872635, "device_queued": 1585586622.4867744, "device_end": 1585586622.487394, "host_queued_end": 1585586687.905199}, "device": "gpu", "nd_range": {"device_start": 1585586622.487403, "device_end": 1585586622.4874065}, "cmdq": 0, "read": {"device_start": -1, "device_end": -1}}, "FFC_sans_bias58": {"write": {"device_start": -1, "host_queued_start": 1585586687.89525, "device_queued": -1, "device_end": -1, "host_queued_end": 1585586687.905199}, "device": "gpu", "nd_range": {"device_start": 1585586622.51173, "device_end": 1585586622.512322}, "cmdq": 0, "read": {"device_start": -1, "device_end": -1}}, "softmax41": {"write": {"device_start": -1, "host_queued_start": 1585586687.896267, "device_queued": -1, "device_end": -1, "host_queued_end": 1585586687.905199}, "device": "gpu", "nd_range": {"device_start": 1585586622.5129616, "device_end": 1585586622.5131712}, "cmdq": 0, "read": {"device_start": -1, "device_end": -1}}, "FFC_sans_bias11": {"write": {"device_start": 1585586622.489097, "host_queued_start": 1585586687.875771, "device_queued": 1585586622.4870498, "device_end": 1585586622.4891262, "host_queued_end": 1585586687.905199}, "device": "gpu", "nd_range": {"device_start": 1585586622.4891315, "device_end": 1585586622.4897208}, "cmdq": 0, "read": {"device_start": -1, "device_end": -1}}, "FFC_sans_bias10": {"write": {"device_start": 1585586622.4883506, "host_queued_start": 1585586687.874722, "device_queued": 1585586622.4870055, "device_end": 1585586622.4883795, "host_queued_end": 1585586687.905199}, "device": "gpu", "nd_range": {"device_start": 1585586622.4883823, "device_end": 1585586622.4889815}, "cmdq": 0, "read": {"device_start": -1, "device_end": -1}}, "coalesced_transpose3": {"write": {"device_start": -1, "host_queued_start": 1585586687.911125, "device_queued": -1, "device_end": -1, "host_queued_end": 1585586687.913285}, "device": "cpu", "nd_range": {"device_start": 2254462.114860806, "device_end": 2254462.1149672563}, "cmdq": 1, "read": {"device_start": -1, "device_end": -1}}, "FFC_sans_bias34": {"write": {"device_start": 1585586622.5188274, "host_queued_start": 1585586687.901957, "device_queued": 1585586622.4899707, "device_end": 1585586622.5188515, "host_queued_end": 1585586687.905199}, "device": "gpu", "nd_range": {"device_start": 1585586622.5188541, "device_end": 1585586622.519452}, "cmdq": 0, "read": {"device_start": 1585586622.5194592, "device_end": 1585586622.5194812}}, "FFC_sans_bias15": {"write": {"device_start": -1, "host_queued_start": 1585586687.897161, "device_queued": -1, "device_end": -1, "host_queued_end": 1585586687.905199}, "device": "gpu", "nd_range": {"device_start": 1585586622.5135949, "device_end": 1585586622.5141943}, "cmdq": 0, "read": {"device_start": -1, "device_end": -1}}, "FFC_sans_bias31": {"write": {"device_start": -1, "host_queued_start": 1585586687.894288, "device_queued": -1, "device_end": -1, "host_queued_end": 1585586687.905199}, "device": "gpu", "nd_range": {"device_start": 1585586622.509925, "device_end": 1585586622.5105276}, "cmdq": 0, "read": {"device_start": -1, "device_end": -1}}, "FFC_sans_bias16": {"write": {"device_start": 1585586622.5172796, "host_queued_start": 1585586687.899811, "device_queued": 1585586622.4897013, "device_end": 1585586622.517304, "host_queued_end": 1585586687.905199}, "device": "gpu", "nd_range": {"device_start": 1585586622.5173066, "device_end": 1585586622.5179048}, "cmdq": 0, "read": {"device_start": 1585586622.5179114, "device_end": 1585586622.517934}}, "FFC_sans_bias19": {"write": {"device_start": 1585586622.4905705, "host_queued_start": 1585586687.877846, "device_queued": 1585586622.487313, "device_end": 1585586622.4905944, "host_queued_end": 1585586687.905199}, "device": "gpu", "nd_range": {"device_start": 1585586622.490601, "device_end": 1585586622.491212}, "cmdq": 0, "read": {"device_start": -1, "device_end": -1}}, "FFC_sans_bias18": {"write": {"device_start": 1585586622.4898098, "host_queued_start": 1585586687.876807, "device_queued": 1585586622.4872546, "device_end": 1585586622.4898417, "host_queued_end": 1585586687.905199}, "device": "gpu", "nd_range": {"device_start": 1585586622.4898517, "device_end": 1585586622.4904602}, "cmdq": 0, "read": {"device_start": -1, "device_end": -1}}, "coalesced_transpose30": {"write": {"device_start": -1, "host_queued_start": 1585586687.892422, "device_queued": -1, "device_end": -1, "host_queued_end": 1585586687.905199}, "device": "gpu", "nd_range": {"device_start": 1585586622.5086894, "device_end": 1585586622.5086977}, "cmdq": 0, "read": {"device_start": -1, "device_end": -1}}, "FFC_sans_bias38": {"write": {"device_start": 1585586622.503857, "host_queued_start": 1585586687.885215, "device_queued": 1585586622.4880655, "device_end": 1585586622.503881, "host_queued_end": 1585586687.905199}, "device": "gpu", "nd_range": {"device_start": 1585586622.5038874, "device_end": 1585586622.5044818}, "cmdq": 0, "read": {"device_start": -1, "device_end": -1}}, "coalesced_transpose57": {"write": {"device_start": -1, "host_queued_start": 1585586687.893336, "device_queued": -1, "device_end": -1, "host_queued_end": 1585586687.905199}, "device": "gpu", "nd_range": {"device_start": 1585586622.5087173, "device_end": 1585586622.508726}, "cmdq": 0, "read": {"device_start": -1, "device_end": -1}}, "empty26": {"write": {"device_start": 1585586622.4866302, "host_queued_start": 1585586687.86935, "device_queued": 1585586622.4864993, "device_end": 1585586622.4866562, "host_queued_end": 1585586687.905199}, "device": "gpu", "nd_range": {"device_start": 1585586622.4866607, "device_end": 1585586622.4866643}, "cmdq": 0, "read": {"device_start": -1, "device_end": -1}}, "coalesced_transpose12": {"write": {"device_start": -1, "host_queued_start": 1585586687.891808, "device_queued": -1, "device_end": -1, "host_queued_end": 1585586687.905199}, "device": "gpu", "nd_range": {"device_start": 1585586622.5086694, "device_end": 1585586622.5086784}, "cmdq": 0, "read": {"device_start": -1, "device_end": -1}}, "empty44": {"write": {"device_start": 1585586622.4870093, "host_queued_start": 1585586687.871011, "device_queued": 1585586622.48656, "device_end": 1585586622.4870389, "host_queued_end": 1585586687.905199}, "device": "gpu", "nd_range": {"device_start": 1585586622.487043, "device_end": 1585586622.4870465}, "cmdq": 0, "read": {"device_start": -1, "device_end": -1}}, "coalesced_transpose21": {"write": {"device_start": -1, "host_queued_start": 1585586687.892116, "device_queued": -1, "device_end": -1, "host_queued_end": 1585586687.905199}, "device": "gpu", "nd_range": {"device_start": 1585586622.5086796, "device_end": 1585586622.508688}, "cmdq": 0, "read": {"device_start": -1, "device_end": -1}}, "FFC_sans_bias36": {"write": {"device_start": 1585586622.494045, "host_queued_start": 1585586687.883137, "device_queued": 1585586622.4878824, "device_end": 1585586622.4940767, "host_queued_end": 1585586687.905199}, "device": "gpu", "nd_range": {"device_start": 1585586622.4940863, "device_end": 1585586622.4945867}, "cmdq": 0, "read": {"device_start": -1, "device_end": -1}}, "softmax14": {"write": {"device_start": -1, "host_queued_start": 1585586687.89551, "device_queued": -1, "device_end": -1, "host_queued_end": 1585586687.905199}, "device": "gpu", "nd_range": {"device_start": 1585586622.512323, "device_end": 1585586622.5125356}, "cmdq": 0, "read": {"device_start": -1, "device_end": -1}}, "FFC_sans_bias13": {"write": {"device_start": -1, "host_queued_start": 1585586687.893651, "device_queued": -1, "device_end": -1, "host_queued_end": 1585586687.905199}, "device": "gpu", "nd_range": {"device_start": 1585586622.5087268, "device_end": 1585586622.5093248}, "cmdq": 0, "read": {"device_start": -1, "device_end": -1}}, "empty8": {"write": {"device_start": -1, "host_queued_start": 1585586687.906799, "device_queued": -1, "device_end": -1, "host_queued_end": 1585586687.913285}, "device": "cpu", "nd_range": {"device_start": 2254462.102902547, "device_end": 2254462.1029111873}, "cmdq": 0, "read": {"device_start": -1, "device_end": -1}}, "FFC_sans_bias42": {"write": {"device_start": -1, "host_queued_start": 1585586687.898126, "device_queued": -1, "device_end": -1, "host_queued_end": 1585586687.905199}, "device": "gpu", "nd_range": {"device_start": 1585586622.5153995, "device_end": 1585586622.5159981}, "cmdq": 0, "read": {"device_start": -1, "device_end": -1}}, "FFC_sans_bias43": {"write": {"device_start": 1585586622.5196018, "host_queued_start": 1585586687.903006, "device_queued": 1585586622.49013, "device_end": 1585586622.519625, "host_queued_end": 1585586687.905199}, "device": "gpu", "nd_range": {"device_start": 1585586622.5196276, "device_end": 1585586622.5202217}, "cmdq": 0, "read": {"device_start": 1585586622.5202262, "device_end": 1585586622.5202484}}, "FFC_sans_bias40": {"write": {"device_start": -1, "host_queued_start": 1585586687.894615, "device_queued": -1, "device_end": -1, "host_queued_end": 1585586687.905199}, "device": "gpu", "nd_range": {"device_start": 1585586622.5105286, "device_end": 1585586622.5111308}, "cmdq": 0, "read": {"device_start": -1, "device_end": -1}}, "softmax32": {"write": {"device_start": -1, "host_queued_start": 1585586687.896017, "device_queued": -1, "device_end": -1, "host_queued_end": 1585586687.905199}, "device": "gpu", "nd_range": {"device_start": 1585586622.5127497, "device_end": 1585586622.5129604}, "cmdq": 0, "read": {"device_start": -1, "device_end": -1}}, "FFC_sans_bias47": {"write": {"device_start": 1585586622.505949, "host_queued_start": 1585586687.888362, "device_queued": 1585586622.4883077, "device_end": 1585586622.5059793, "host_queued_end": 1585586687.905199}, "device": "gpu", "nd_range": {"device_start": 1585586622.5059867, "device_end": 1585586622.5065832}, "cmdq": 0, "read": {"device_start": -1, "device_end": -1}}, "FFC_sans_bias45": {"write": {"device_start": 1585586622.5045595, "host_queued_start": 1585586687.88624, "device_queued": 1585586622.4881074, "device_end": 1585586622.5045831, "host_queued_end": 1585586687.905199}, "device": "gpu", "nd_range": {"device_start": 1585586622.504586, "device_end": 1585586622.5051885}, "cmdq": 0, "read": {"device_start": -1, "device_end": -1}}, "softmax50": {"write": {"device_start": -1, "host_queued_start": 1585586687.896517, "device_queued": -1, "device_end": -1, "host_queued_end": 1585586687.905199}, "device": "gpu", "nd_range": {"device_start": 1585586622.513173, "device_end": 1585586622.5133822}, "cmdq": 0, "read": {"device_start": -1, "device_end": -1}}, "FFC_sans_bias33": {"write": {"device_start": -1, "host_queued_start": 1585586687.897805, "device_queued": -1, "device_end": -1, "host_queued_end": 1585586687.905199}, "device": "gpu", "nd_range": {"device_start": 1585586622.514797, "device_end": 1585586622.5153983}, "cmdq": 0, "read": {"device_start": -1, "device_end": -1}}, "FFC_sans_bias49": {"write": {"device_start": -1, "host_queued_start": 1585586687.894935, "device_queued": -1, "device_end": -1, "host_queued_end": 1585586687.905199}, "device": "gpu", "nd_range": {"device_start": 1585586622.511132, "device_end": 1585586622.511729}, "cmdq": 0, "read": {"device_start": -1, "device_end": -1}}, "FFC_sans_bias24": {"write": {"device_start": -1, "host_queued_start": 1585586687.897489, "device_queued": -1, "device_end": -1, "host_queued_end": 1585586687.905199}, "device": "gpu", "nd_range": {"device_start": 1585586622.5141952, "device_end": 1585586622.5147958}, "cmdq": 0, "read": {"device_start": -1, "device_end": -1}}, "FFC_sans_bias25": {"write": {"device_start": 1585586622.518061, "host_queued_start": 1585586687.900905, "device_queued": 1585586622.489891, "device_end": 1585586622.5180848, "host_queued_end": 1585586687.905199}, "device": "gpu", "nd_range": {"device_start": 1585586622.5180876, "device_end": 1585586622.5186832}, "cmdq": 0, "read": {"device_start": 1585586622.518685, "device_end": 1585586622.518707}}, "FFC_sans_bias27": {"write": {"device_start": 1585586622.4920208, "host_queued_start": 1585586687.879985, "device_queued": 1585586622.4875386, "device_end": 1585586622.492045, "host_queued_end": 1585586687.905199}, "device": "gpu", "nd_range": {"device_start": 1585586622.492048, "device_end": 1585586622.4926474}, "cmdq": 0, "read": {"device_start": -1, "device_end": -1}}, "FFC_sans_bias20": {"write": {"device_start": 1585586622.491314, "host_queued_start": 1585586687.878927, "device_queued": 1585586622.4874814, "device_end": 1585586622.4913373, "host_queued_end": 1585586687.905199}, "device": "gpu", "nd_range": {"device_start": 1585586622.4913435, "device_end": 1585586622.4919403}, "cmdq": 0, "read": {"device_start": -1, "device_end": -1}}, "FFC_sans_bias22": {"write": {"device_start": -1, "host_queued_start": 1585586687.893972, "device_queued": -1, "device_end": -1, "host_queued_end": 1585586687.905199}, "device": "gpu", "nd_range": {"device_start": 1585586622.5093262, "device_end": 1585586622.5099237}, "cmdq": 0, "read": {"device_start": -1, "device_end": -1}}, "softmax5": {"write": {"device_start": -1, "host_queued_start": 1585586687.911761, "device_queued": -1, "device_end": -1, "host_queued_end": 1585586687.913285}, "device": "cpu", "nd_range": {"device_start": 2254462.1190649113, "device_end": 2254462.119202502}, "cmdq": 0, "read": {"device_start": -1, "device_end": -1}}, "FFC_sans_bias28": {"write": {"device_start": 1585586622.4927497, "host_queued_start": 1585586687.881029, "device_queued": 1585586622.487688, "device_end": 1585586622.4927733, "host_queued_end": 1585586687.905199}, "device": "gpu", "nd_range": {"device_start": 1585586622.4927802, "device_end": 1585586622.493284}, "cmdq": 0, "read": {"device_start": -1, "device_end": -1}}, "FFC_sans_bias29": {"write": {"device_start": 1585586622.4933918, "host_queued_start": 1585586687.882068, "device_queued": 1585586622.4877412, "device_end": 1585586622.4934156, "host_queued_end": 1585586687.905199}, "device": "gpu", "nd_range": {"device_start": 1585586622.4934192, "device_end": 1585586622.4939194}, "cmdq": 0, "read": {"device_start": -1, "device_end": -1}}, "empty17": {"write": {"device_start": 1585586622.4864643, "host_queued_start": 1585586687.868081, "device_queued": 1585586622.4863331, "device_end": 1585586622.4864988, "host_queued_end": 1585586687.905199}, "device": "gpu", "nd_range": {"device_start": 1585586622.4865036, "device_end": 1585586622.486508}, "cmdq": 0, "read": {"device_start": -1, "device_end": -1}}, "softmax59": {"write": {"device_start": -1, "host_queued_start": 1585586687.896763, "device_queued": -1, "device_end": -1, "host_queued_end": 1585586687.905199}, "device": "gpu", "nd_range": {"device_start": 1585586622.5133836, "device_end": 1585586622.513594}, "cmdq": 0, "read": {"device_start": -1, "device_end": -1}}, "empty35": {"write": {"device_start": 1585586622.4868302, "host_queued_start": 1585586687.870169, "device_queued": 1585586622.4865348, "device_end": 1585586622.4868565, "host_queued_end": 1585586687.905199}, "device": "gpu", "nd_range": {"device_start": 1585586622.486866, "device_end": 1585586622.4868693}, "cmdq": 0, "read": {"device_start": -1, "device_end": -1}}, "empty53": {"write": {"device_start": 1585586622.487175, "host_queued_start": 1585586687.871825, "device_queued": 1585586622.4867234, "device_end": 1585586622.487206, "host_queued_end": 1585586687.905199}, "device": "gpu", "nd_range": {"device_start": 1585586622.487216, "device_end": 1585586622.4872193}, "cmdq": 0, "read": {"device_start": -1, "device_end": -1}}, "FFC_sans_bias46": {"write": {"device_start": 1585586622.5052586, "host_queued_start": 1585586687.887303, "device_queued": 1585586622.488258, "device_end": 1585586622.5052824, "host_queued_end": 1585586687.905199}, "device": "gpu", "nd_range": {"device_start": 1585586622.5052853, "device_end": 1585586622.505875}, "cmdq": 0, "read": {"device_start": -1, "device_end": -1}}, "coalesced_transpose48": {"write": {"device_start": -1, "host_queued_start": 1585586687.893028, "device_queued": -1, "device_end": -1, "host_queued_end": 1585586687.905199}, "device": "gpu", "nd_range": {"device_start": 1585586622.508708, "device_end": 1585586622.5087163}, "cmdq": 0, "read": {"device_start": -1, "device_end": -1}}}