{"FFC_sans_bias60": {"write": {"device_start": -1, "host_queued_start": 1585586707.367543, "device_queued": -1, "device_end": -1, "host_queued_end": 1585586707.374889}, "device": "gpu", "nd_range": {"device_start": 1585586641.9821563, "device_end": 1585586641.9827573}, "cmdq": 0, "read": {"device_start": -1, "device_end": -1}}, "FFC_sans_bias4": {"write": {"device_start": -1, "host_queued_start": 1585586707.361619, "device_queued": -1, "device_end": -1, "host_queued_end": 1585586707.374889}, "device": "gpu", "nd_range": {"device_start": 1585586641.9728854, "device_end": 1585586641.973487}, "cmdq": 0, "read": {"device_start": -1, "device_end": -1}}, "FFC_sans_bias7": {"write": {"device_start": 1585586641.9828765, "host_queued_start": 1585586707.368548, "device_queued": 1585586641.95965, "device_end": 1585586641.982906, "host_queued_end": 1585586707.374889}, "device": "gpu", "nd_range": {"device_start": 1585586641.9829118, "device_end": 1585586641.9835076}, "cmdq": 0, "read": {"device_start": 1585586641.9835114, "device_end": 1585586641.9835343}}, "FFC_sans_bias6": {"write": {"device_start": -1, "host_queued_start": 1585586707.365658, "device_queued": -1, "device_end": -1, "host_queued_end": 1585586707.374889}, "device": "gpu", "nd_range": {"device_start": 1585586641.978554, "device_end": 1585586641.9791553}, "cmdq": 0, "read": {"device_start": -1, "device_end": -1}}, "FFC_sans_bias1": {"write": {"device_start": 1585586641.9575489, "host_queued_start": 1585586707.339415, "device_queued": 1585586641.956418, "device_end": 1585586641.957578, "host_queued_end": 1585586707.374889}, "device": "gpu", "nd_range": {"device_start": 1585586641.9575832, "device_end": 1585586641.958085}, "cmdq": 0, "read": {"device_start": -1, "device_end": -1}}, "FFC_sans_bias0": {"write": {"device_start": 1585586641.9568107, "host_queued_start": 1585586707.338355, "device_queued": 1585586641.9562333, "device_end": 1585586641.956834, "host_queued_end": 1585586707.374889}, "device": "gpu", "nd_range": {"device_start": 1585586641.956839, "device_end": 1585586641.9574418}, "cmdq": 0, "read": {"device_start": -1, "device_end": -1}}, "FFC_sans_bias2": {"write": {"device_start": 1585586641.9581716, "host_queued_start": 1585586707.340446, "device_queued": 1585586641.9564595, "device_end": 1585586641.9582012, "host_queued_end": 1585586707.374889}, "device": "gpu", "nd_range": {"device_start": 1585586641.958207, "device_end": 1585586641.958801}, "cmdq": 0, "read": {"device_start": -1, "device_end": -1}}, "FFC_sans_bias61": {"write": {"device_start": 1585586641.9883246, "host_queued_start": 1585586707.374781, "device_queued": 1585586641.9603233, "device_end": 1585586641.9883537, "host_queued_end": 1585586707.374889}, "device": "gpu", "nd_range": {"device_start": 1585586641.988356, "device_end": 1585586641.9889557}, "cmdq": 0, "read": {"device_start": 1585586641.9889617, "device_end": 1585586641.9889834}}, "FFC_sans_bias52": {"write": {"device_start": 1585586641.9875066, "host_queued_start": 1585586707.373739, "device_queued": 1585586641.9601681, "device_end": 1585586641.9875355, "host_queued_end": 1585586707.374889}, "device": "gpu", "nd_range": {"device_start": 1585586641.9875393, "device_end": 1585586641.9881368}, "cmdq": 0, "read": {"device_start": 1585586641.9881434, "device_end": 1585586641.9881656}}, "FFC_sans_bias9": {"write": {"device_start": 1585586641.958915, "host_queued_start": 1585586707.341465, "device_queued": 1585586641.9566295, "device_end": 1585586641.9589446, "host_queued_end": 1585586707.374889}, "device": "gpu", "nd_range": {"device_start": 1585586641.9589493, "device_end": 1585586641.9595494}, "cmdq": 0, "read": {"device_start": -1, "device_end": -1}}, "coalesced_transpose39": {"write": {"device_start": -1, "host_queued_start": 1585586707.360716, "device_queued": -1, "device_end": -1, "host_queued_end": 1585586707.374889}, "device": "gpu", "nd_range": {"device_start": 1585586641.972856, "device_end": 1585586641.9728644}, "cmdq": 0, "read": {"device_start": -1, "device_end": -1}}, "FFC_sans_bias55": {"write": {"device_start": 1585586641.972185, "host_queued_start": 1585586707.359192, "device_queued": 1585586641.9583204, "device_end": 1585586641.9722133, "host_queued_end": 1585586707.374889}, "device": "gpu", "nd_range": {"device_start": 1585586641.9722195, "device_end": 1585586641.9728162}, "cmdq": 0, "read": {"device_start": -1, "device_end": -1}}, "FFC_sans_bias54": {"write": {"device_start": 1585586641.9714406, "host_queued_start": 1585586707.358162, "device_queued": 1585586641.958271, "device_end": 1585586641.9714704, "host_queued_end": 1585586707.374889}, "device": "gpu", "nd_range": {"device_start": 1585586641.9714732, "device_end": 1585586641.972073}, "cmdq": 0, "read": {"device_start": -1, "device_end": -1}}, "FFC_sans_bias56": {"write": {"device_start": 1585586641.9706826, "host_queued_start": 1585586707.35714, "device_queued": 1585586641.9581275, "device_end": 1585586641.9707172, "host_queued_end": 1585586707.374889}, "device": "gpu", "nd_range": {"device_start": 1585586641.9707236, "device_end": 1585586641.9713233}, "cmdq": 0, "read": {"device_start": -1, "device_end": -1}}, "FFC_sans_bias51": {"write": {"device_start": -1, "host_queued_start": 1585586707.367228, "device_queued": -1, "device_end": -1, "host_queued_end": 1585586707.374889}, "device": "gpu", "nd_range": {"device_start": 1585586641.981561, "device_end": 1585586641.982155}, "cmdq": 0, "read": {"device_start": -1, "device_end": -1}}, "softmax23": {"write": {"device_start": -1, "host_queued_start": 1585586707.364322, "device_queued": -1, "device_end": -1, "host_queued_end": 1585586707.374889}, "device": "gpu", "nd_range": {"device_start": 1585586641.977495, "device_end": 1585586641.9777062}, "cmdq": 0, "read": {"device_start": -1, "device_end": -1}}, "FFC_sans_bias37": {"write": {"device_start": 1585586641.9671786, "host_queued_start": 1585586707.351922, "device_queued": 1585586641.9576766, "device_end": 1585586641.9672081, "host_queued_end": 1585586707.374889}, "device": "gpu", "nd_range": {"device_start": 1585586641.9672112, "device_end": 1585586641.9677198}, "cmdq": 0, "read": {"device_start": -1, "device_end": -1}}, "empty62": {"write": {"device_start": 1585586641.9566777, "host_queued_start": 1585586707.337376, "device_queued": 1585586641.9561973, "device_end": 1585586641.9567015, "host_queued_end": 1585586707.374889}, "device": "gpu", "nd_range": {"device_start": 1585586641.9567068, "device_end": 1585586641.9567156}, "cmdq": 0, "read": {"device_start": -1, "device_end": -1}}, "FFC_sans_bias58": {"write": {"device_start": -1, "host_queued_start": 1585586707.363491, "device_queued": -1, "device_end": -1, "host_queued_end": 1585586707.374889}, "device": "gpu", "nd_range": {"device_start": 1585586641.9764712, "device_end": 1585586641.9770696}, "cmdq": 0, "read": {"device_start": -1, "device_end": -1}}, "softmax41": {"write": {"device_start": -1, "host_queued_start": 1585586707.364825, "device_queued": -1, "device_end": -1, "host_queued_end": 1585586707.374889}, "device": "gpu", "nd_range": {"device_start": 1585586641.9779181, "device_end": 1585586641.9781287}, "cmdq": 0, "read": {"device_start": -1, "device_end": -1}}, "FFC_sans_bias11": {"write": {"device_start": 1585586641.9604707, "host_queued_start": 1585586707.343569, "device_queued": 1585586641.956876, "device_end": 1585586641.9605002, "host_queued_end": 1585586707.374889}, "device": "gpu", "nd_range": {"device_start": 1585586641.960506, "device_end": 1585586641.9610946}, "cmdq": 0, "read": {"device_start": -1, "device_end": -1}}, "FFC_sans_bias10": {"write": {"device_start": 1585586641.9597123, "host_queued_start": 1585586707.342499, "device_queued": 1585586641.9566686, "device_end": 1585586641.9597359, "host_queued_end": 1585586707.374889}, "device": "gpu", "nd_range": {"device_start": 1585586641.959742, "device_end": 1585586641.960342}, "cmdq": 0, "read": {"device_start": -1, "device_end": -1}}, "coalesced_transpose3": {"write": {"device_start": -1, "host_queued_start": 1585586707.359516, "device_queued": -1, "device_end": -1, "host_queued_end": 1585586707.374889}, "device": "gpu", "nd_range": {"device_start": 1585586641.9728181, "device_end": 1585586641.9728272}, "cmdq": 0, "read": {"device_start": -1, "device_end": -1}}, "FFC_sans_bias34": {"write": {"device_start": 1585586641.9858384, "host_queued_start": 1585586707.371669, "device_queued": 1585586641.9599411, "device_end": 1585586641.9858673, "host_queued_end": 1585586707.374889}, "device": "gpu", "nd_range": {"device_start": 1585586641.98587, "device_end": 1585586641.986467}, "cmdq": 0, "read": {"device_start": 1585586641.9864757, "device_end": 1585586641.9864976}}, "FFC_sans_bias15": {"write": {"device_start": -1, "host_queued_start": 1585586707.365971, "device_queued": -1, "device_end": -1, "host_queued_end": 1585586707.374889}, "device": "gpu", "nd_range": {"device_start": 1585586641.9791563, "device_end": 1585586641.9797566}, "cmdq": 0, "read": {"device_start": -1, "device_end": -1}}, "FFC_sans_bias31": {"write": {"device_start": -1, "host_queued_start": 1585586707.362556, "device_queued": -1, "device_end": -1, "host_queued_end": 1585586707.374889}, "device": "gpu", "nd_range": {"device_start": 1585586641.9746845, "device_end": 1585586641.9752707}, "cmdq": 0, "read": {"device_start": -1, "device_end": -1}}, "FFC_sans_bias16": {"write": {"device_start": 1585586641.983708, "host_queued_start": 1585586707.369588, "device_queued": 1585586641.9597192, "device_end": 1585586641.983737, "host_queued_end": 1585586707.374889}, "device": "gpu", "nd_range": {"device_start": 1585586641.9837399, "device_end": 1585586641.9843369}, "cmdq": 0, "read": {"device_start": 1585586641.9843392, "device_end": 1585586641.9843614}}, "FFC_sans_bias19": {"write": {"device_start": 1585586641.961935, "host_queued_start": 1585586707.345671, "device_queued": 1585586641.9570413, "device_end": 1585586641.961964, "host_queued_end": 1585586707.374889}, "device": "gpu", "nd_range": {"device_start": 1585586641.9619703, "device_end": 1585586641.9625602}, "cmdq": 0, "read": {"device_start": -1, "device_end": -1}}, "FFC_sans_bias18": {"write": {"device_start": 1585586641.9611933, "host_queued_start": 1585586707.344628, "device_queued": 1585586641.9569101, "device_end": 1585586641.9612231, "host_queued_end": 1585586707.374889}, "device": "gpu", "nd_range": {"device_start": 1585586641.9612255, "device_end": 1585586641.9618263}, "cmdq": 0, "read": {"device_start": -1, "device_end": -1}}, "coalesced_transpose30": {"write": {"device_start": -1, "host_queued_start": 1585586707.360421, "device_queued": -1, "device_end": -1, "host_queued_end": 1585586707.374889}, "device": "gpu", "nd_range": {"device_start": 1585586641.972847, "device_end": 1585586641.972855}, "cmdq": 0, "read": {"device_start": -1, "device_end": -1}}, "FFC_sans_bias38": {"write": {"device_start": 1585586641.967836, "host_queued_start": 1585586707.352958, "device_queued": 1585586641.9577332, "device_end": 1585586641.967865, "host_queued_end": 1585586707.374889}, "device": "gpu", "nd_range": {"device_start": 1585586641.9678686, "device_end": 1585586641.9684608}, "cmdq": 0, "read": {"device_start": -1, "device_end": -1}}, "coalesced_transpose57": {"write": {"device_start": -1, "host_queued_start": 1585586707.361303, "device_queued": -1, "device_end": -1, "host_queued_end": 1585586707.374889}, "device": "gpu", "nd_range": {"device_start": 1585586641.9728758, "device_end": 1585586641.9728844}, "cmdq": 0, "read": {"device_start": -1, "device_end": -1}}, "empty26": {"write": {"device_start": 1585586641.95606, "host_queued_start": 1585586707.3341, "device_queued": 1585586641.9558253, "device_end": 1585586641.956089, "host_queued_end": 1585586707.374889}, "device": "gpu", "nd_range": {"device_start": 1585586641.9560921, "device_end": 1585586641.956096}, "cmdq": 0, "read": {"device_start": -1, "device_end": -1}}, "coalesced_transpose12": {"write": {"device_start": -1, "host_queued_start": 1585586707.359818, "device_queued": -1, "device_end": -1, "host_queued_end": 1585586707.374889}, "device": "gpu", "nd_range": {"device_start": 1585586641.9728281, "device_end": 1585586641.9728365}, "cmdq": 0, "read": {"device_start": -1, "device_end": -1}}, "empty44": {"write": {"device_start": 1585586641.9563324, "host_queued_start": 1585586707.335759, "device_queued": 1585586641.9561176, "device_end": 1585586641.9563606, "host_queued_end": 1585586707.374889}, "device": "gpu", "nd_range": {"device_start": 1585586641.9563656, "device_end": 1585586641.956369}, "cmdq": 0, "read": {"device_start": -1, "device_end": -1}}, "coalesced_transpose21": {"write": {"device_start": -1, "host_queued_start": 1585586707.360123, "device_queued": -1, "device_end": -1, "host_queued_end": 1585586707.374889}, "device": "gpu", "nd_range": {"device_start": 1585586641.9728374, "device_end": 1585586641.9728456}, "cmdq": 0, "read": {"device_start": -1, "device_end": -1}}, "FFC_sans_bias36": {"write": {"device_start": 1585586641.9664385, "host_queued_start": 1585586707.35088, "device_queued": 1585586641.9574099, "device_end": 1585586641.9664674, "host_queued_end": 1585586707.374889}, "device": "gpu", "nd_range": {"device_start": 1585586641.9664738, "device_end": 1585586641.967062}, "cmdq": 0, "read": {"device_start": -1, "device_end": -1}}, "softmax14": {"write": {"device_start": -1, "host_queued_start": 1585586707.364074, "device_queued": -1, "device_end": -1, "host_queued_end": 1585586707.374889}, "device": "gpu", "nd_range": {"device_start": 1585586641.9772842, "device_end": 1585586641.9774938}, "cmdq": 0, "read": {"device_start": -1, "device_end": -1}}, "FFC_sans_bias13": {"write": {"device_start": -1, "host_queued_start": 1585586707.361935, "device_queued": -1, "device_end": -1, "host_queued_end": 1585586707.374889}, "device": "gpu", "nd_range": {"device_start": 1585586641.9734879, "device_end": 1585586641.974083}, "cmdq": 0, "read": {"device_start": -1, "device_end": -1}}, "empty8": {"write": {"device_start": 1585586641.955727, "host_queued_start": 1585586707.332027, "device_queued": 1585586641.9555788, "device_end": 1585586641.955759, "host_queued_end": 1585586707.374889}, "device": "gpu", "nd_range": {"device_start": 1585586641.9557614, "device_end": 1585586641.9557662}, "cmdq": 0, "read": {"device_start": -1, "device_end": -1}}, "FFC_sans_bias42": {"write": {"device_start": -1, "host_queued_start": 1585586707.366912, "device_queued": -1, "device_end": -1, "host_queued_end": 1585586707.374889}, "device": "gpu", "nd_range": {"device_start": 1585586641.9809577, "device_end": 1585586641.98156}, "cmdq": 0, "read": {"device_start": -1, "device_end": -1}}, "FFC_sans_bias43": {"write": {"device_start": 1585586641.986676, "host_queued_start": 1585586707.372706, "device_queued": 1585586641.9601038, "device_end": 1585586641.986706, "host_queued_end": 1585586707.374889}, "device": "gpu", "nd_range": {"device_start": 1585586641.9867108, "device_end": 1585586641.987309}, "cmdq": 0, "read": {"device_start": 1585586641.9873161, "device_end": 1585586641.987338}}, "FFC_sans_bias40": {"write": {"device_start": -1, "host_queued_start": 1585586707.362878, "device_queued": -1, "device_end": -1, "host_queued_end": 1585586707.374889}, "device": "gpu", "nd_range": {"device_start": 1585586641.9752722, "device_end": 1585586641.9758706}, "cmdq": 0, "read": {"device_start": -1, "device_end": -1}}, "softmax32": {"write": {"device_start": -1, "host_queued_start": 1585586707.36457, "device_queued": -1, "device_end": -1, "host_queued_end": 1585586707.374889}, "device": "gpu", "nd_range": {"device_start": 1585586641.9777071, "device_end": 1585586641.977917}, "cmdq": 0, "read": {"device_start": -1, "device_end": -1}}, "FFC_sans_bias47": {"write": {"device_start": 1585586641.9700468, "host_queued_start": 1585586707.356105, "device_queued": 1585586641.9580774, "device_end": 1585586641.9700763, "host_queued_end": 1585586707.374889}, "device": "gpu", "nd_range": {"device_start": 1585586641.9700797, "device_end": 1585586641.9705777}, "cmdq": 0, "read": {"device_start": -1, "device_end": -1}}, "FFC_sans_bias45": {"write": {"device_start": 1585586641.9685774, "host_queued_start": 1585586707.353983, "device_queued": 1585586641.9578855, "device_end": 1585586641.9686074, "host_queued_end": 1585586707.374889}, "device": "gpu", "nd_range": {"device_start": 1585586641.968613, "device_end": 1585586641.9692013}, "cmdq": 0, "read": {"device_start": -1, "device_end": -1}}, "softmax50": {"write": {"device_start": -1, "host_queued_start": 1585586707.365087, "device_queued": -1, "device_end": -1, "host_queued_end": 1585586707.374889}, "device": "gpu", "nd_range": {"device_start": 1585586641.97813, "device_end": 1585586641.9783418}, "cmdq": 0, "read": {"device_start": -1, "device_end": -1}}, "FFC_sans_bias33": {"write": {"device_start": -1, "host_queued_start": 1585586707.366602, "device_queued": -1, "device_end": -1, "host_queued_end": 1585586707.374889}, "device": "gpu", "nd_range": {"device_start": 1585586641.980355, "device_end": 1585586641.9809568}, "cmdq": 0, "read": {"device_start": -1, "device_end": -1}}, "FFC_sans_bias49": {"write": {"device_start": -1, "host_queued_start": 1585586707.363185, "device_queued": -1, "device_end": -1, "host_queued_end": 1585586707.374889}, "device": "gpu", "nd_range": {"device_start": 1585586641.9758716, "device_end": 1585586641.9764702}, "cmdq": 0, "read": {"device_start": -1, "device_end": -1}}, "FFC_sans_bias24": {"write": {"device_start": -1, "host_queued_start": 1585586707.366281, "device_queued": -1, "device_end": -1, "host_queued_end": 1585586707.374889}, "device": "gpu", "nd_range": {"device_start": 1585586641.9797578, "device_end": 1585586641.9803538}, "cmdq": 0, "read": {"device_start": -1, "device_end": -1}}, "FFC_sans_bias25": {"write": {"device_start": 1585586641.9849925, "host_queued_start": 1585586707.370627, "device_queued": 1585586641.9598765, "device_end": 1585586641.985021, "host_queued_end": 1585586707.374889}, "device": "gpu", "nd_range": {"device_start": 1585586641.9850361, "device_end": 1585586641.9856346}, "cmdq": 0, "read": {"device_start": 1585586641.9856377, "device_end": 1585586641.98566}}, "FFC_sans_bias27": {"write": {"device_start": 1585586641.9634216, "host_queued_start": 1585586707.347766, "device_queued": 1585586641.9571936, "device_end": 1585586641.963451, "host_queued_end": 1585586707.374889}, "device": "gpu", "nd_range": {"device_start": 1585586641.9634562, "device_end": 1585586641.9640508}, "cmdq": 0, "read": {"device_start": -1, "device_end": -1}}, "FFC_sans_bias20": {"write": {"device_start": 1585586641.962667, "host_queued_start": 1585586707.346744, "device_queued": 1585586641.9570715, "device_end": 1585586641.9626956, "host_queued_end": 1585586707.374889}, "device": "gpu", "nd_range": {"device_start": 1585586641.962708, "device_end": 1585586641.9633043}, "cmdq": 0, "read": {"device_start": -1, "device_end": -1}}, "FFC_sans_bias22": {"write": {"device_start": -1, "host_queued_start": 1585586707.362245, "device_queued": -1, "device_end": -1, "host_queued_end": 1585586707.374889}, "device": "gpu", "nd_range": {"device_start": 1585586641.974084, "device_end": 1585586641.9746828}, "cmdq": 0, "read": {"device_start": -1, "device_end": -1}}, "softmax5": {"write": {"device_start": -1, "host_queued_start": 1585586707.363742, "device_queued": -1, "device_end": -1, "host_queued_end": 1585586707.374889}, "device": "gpu", "nd_range": {"device_start": 1585586641.9770713, "device_end": 1585586641.9772828}, "cmdq": 0, "read": {"device_start": -1, "device_end": -1}}, "FFC_sans_bias28": {"write": {"device_start": 1585586641.9649575, "host_queued_start": 1585586707.348789, "device_queued": 1585586641.9572318, "device_end": 1585586641.9649866, "host_queued_end": 1585586707.374889}, "device": "gpu", "nd_range": {"device_start": 1585586641.9649932, "device_end": 1585586641.9655814}, "cmdq": 0, "read": {"device_start": -1, "device_end": -1}}, "FFC_sans_bias29": {"write": {"device_start": 1585586641.9656906, "host_queued_start": 1585586707.349824, "device_queued": 1585586641.957371, "device_end": 1585586641.9657207, "host_queued_end": 1585586707.374889}, "device": "gpu", "nd_range": {"device_start": 1585586641.9657264, "device_end": 1585586641.9663267}, "cmdq": 0, "read": {"device_start": -1, "device_end": -1}}, "empty17": {"write": {"device_start": 1585586641.9559014, "host_queued_start": 1585586707.333286, "device_queued": 1585586641.9557333, "device_end": 1585586641.9559264, "host_queued_end": 1585586707.374889}, "device": "gpu", "nd_range": {"device_start": 1585586641.955936, "device_end": 1585586641.955939}, "cmdq": 0, "read": {"device_start": -1, "device_end": -1}}, "softmax59": {"write": {"device_start": -1, "host_queued_start": 1585586707.365345, "device_queued": -1, "device_end": -1, "host_queued_end": 1585586707.374889}, "device": "gpu", "nd_range": {"device_start": 1585586641.9783428, "device_end": 1585586641.9785528}, "cmdq": 0, "read": {"device_start": -1, "device_end": -1}}, "empty35": {"write": {"device_start": 1585586641.9561954, "host_queued_start": 1585586707.334959, "device_queued": 1585586641.9558642, "device_end": 1585586641.95622, "host_queued_end": 1585586707.374889}, "device": "gpu", "nd_range": {"device_start": 1585586641.95623, "device_end": 1585586641.9562335}, "cmdq": 0, "read": {"device_start": -1, "device_end": -1}}, "empty53": {"write": {"device_start": 1585586641.9564788, "host_queued_start": 1585586707.336568, "device_queued": 1585586641.9561634, "device_end": 1585586641.9565022, "host_queued_end": 1585586707.374889}, "device": "gpu", "nd_range": {"device_start": 1585586641.956508, "device_end": 1585586641.9565115}, "cmdq": 0, "read": {"device_start": -1, "device_end": -1}}, "FFC_sans_bias46": {"write": {"device_start": 1585586641.9693086, "host_queued_start": 1585586707.355053, "device_queued": 1585586641.9579356, "device_end": 1585586641.9693375, "host_queued_end": 1585586707.374889}, "device": "gpu", "nd_range": {"device_start": 1585586641.9693441, "device_end": 1585586641.9699392}, "cmdq": 0, "read": {"device_start": -1, "device_end": -1}}, "coalesced_transpose48": {"write": {"device_start": -1, "host_queued_start": 1585586707.361009, "device_queued": -1, "device_end": -1, "host_queued_end": 1585586707.374889}, "device": "gpu", "nd_range": {"device_start": 1585586641.9728656, "device_end": 1585586641.9728744}, "cmdq": 0, "read": {"device_start": -1, "device_end": -1}}}