{"FFC_sans_bias60": {"write": {"device_start": -1, "host_queued_start": 1585586759.49616, "device_queued": -1, "device_end": -1, "host_queued_end": 1585586759.50039}, "device": "gpu", "nd_range": {"device_start": 1585586694.0893257, "device_end": 1585586694.0903146}, "cmdq": 1, "read": {"device_start": -1, "device_end": -1}}, "FFC_sans_bias4": {"write": {"device_start": -1, "host_queued_start": 1585586759.515634, "device_queued": -1, "device_end": -1, "host_queued_end": 1585586759.521227}, "device": "cpu", "nd_range": {"device_start": 2254533.7514524693, "device_end": 2254533.7556662643}, "cmdq": 0, "read": {"device_start": -1, "device_end": -1}}, "FFC_sans_bias7": {"write": {"device_start": -1, "host_queued_start": 1585586759.519195, "device_queued": -1, "device_end": -1, "host_queued_end": 1585586759.521227}, "device": "cpu", "nd_range": {"device_start": 2254533.779223145, "device_end": 2254533.784345448}, "cmdq": 0, "read": {"device_start": -1, "device_end": -1}}, "FFC_sans_bias6": {"write": {"device_start": -1, "host_queued_start": 1585586759.517457, "device_queued": -1, "device_end": -1, "host_queued_end": 1585586759.521227}, "device": "cpu", "nd_range": {"device_start": 2254533.7656712104, "device_end": 2254533.770156741}, "cmdq": 0, "read": {"device_start": -1, "device_end": -1}}, "FFC_sans_bias1": {"write": {"device_start": -1, "host_queued_start": 1585586759.506277, "device_queued": -1, "device_end": -1, "host_queued_end": 1585586759.521227}, "device": "cpu", "nd_range": {"device_start": 2254533.7150826682, "device_end": 2254533.719133962}, "cmdq": 0, "read": {"device_start": -1, "device_end": -1}}, "FFC_sans_bias0": {"write": {"device_start": -1, "host_queued_start": 1585586759.505046, "device_queued": -1, "device_end": -1, "host_queued_end": 1585586759.521227}, "device": "cpu", "nd_range": {"device_start": 2254533.7108514393, "device_end": 2254533.715063028}, "cmdq": 0, "read": {"device_start": -1, "device_end": -1}}, "FFC_sans_bias2": {"write": {"device_start": -1, "host_queued_start": 1585586759.507413, "device_queued": -1, "device_end": -1, "host_queued_end": 1585586759.521227}, "device": "cpu", "nd_range": {"device_start": 2254533.71915113, "device_end": 2254533.723108646}, "cmdq": 0, "read": {"device_start": -1, "device_end": -1}}, "FFC_sans_bias61": {"write": {"device_start": 1585586694.0915442, "host_queued_start": 1585586759.500295, "device_queued": 1585586694.0824876, "device_end": 1585586694.0915766, "host_queued_end": 1585586759.50039}, "device": "gpu", "nd_range": {"device_start": 1585586694.09158, "device_end": 1585586694.0922613}, "cmdq": 1, "read": {"device_start": 1585586694.092269, "device_end": 1585586694.0922918}}, "FFC_sans_bias52": {"write": {"device_start": 1585586694.0911028, "host_queued_start": 1585586759.499266, "device_queued": 1585586694.0824418, "device_end": 1585586694.0911334, "host_queued_end": 1585586759.50039}, "device": "gpu", "nd_range": {"device_start": 1585586694.0911365, "device_end": 1585586694.0917869}, "cmdq": 0, "read": {"device_start": 1585586694.0917912, "device_end": 1585586694.0918133}}, "FFC_sans_bias9": {"write": {"device_start": -1, "host_queued_start": 1585586759.508482, "device_queued": -1, "device_end": -1, "host_queued_end": 1585586759.521227}, "device": "cpu", "nd_range": {"device_start": 2254533.723114462, "device_end": 2254533.727220119}, "cmdq": 0, "read": {"device_start": -1, "device_end": -1}}, "coalesced_transpose39": {"write": {"device_start": -1, "host_queued_start": 1585586759.491986, "device_queued": -1, "device_end": -1, "host_queued_end": 1585586759.50039}, "device": "gpu", "nd_range": {"device_start": 1585586694.0862024, "device_end": 1585586694.0864844}, "cmdq": 1, "read": {"device_start": -1, "device_end": -1}}, "FFC_sans_bias55": {"write": {"device_start": 1585586694.0853577, "host_queued_start": 1585586759.491359, "device_queued": 1585586694.081203, "device_end": 1585586694.0853848, "host_queued_end": 1585586759.50039}, "device": "gpu", "nd_range": {"device_start": 1585586694.085388, "device_end": 1585586694.0862}, "cmdq": 1, "read": {"device_start": -1, "device_end": -1}}, "FFC_sans_bias54": {"write": {"device_start": 1585586694.0848114, "host_queued_start": 1585586759.490292, "device_queued": 1585586694.0811498, "device_end": 1585586694.084837, "host_queued_end": 1585586759.50039}, "device": "gpu", "nd_range": {"device_start": 1585586694.0848413, "device_end": 1585586694.0856512}, "cmdq": 0, "read": {"device_start": -1, "device_end": -1}}, "FFC_sans_bias56": {"write": {"device_start": 1585586694.084338, "host_queued_start": 1585586759.489272, "device_queued": 1585586694.0809531, "device_end": 1585586694.084364, "host_queued_end": 1585586759.50039}, "device": "gpu", "nd_range": {"device_start": 1585586694.084367, "device_end": 1585586694.0852225}, "cmdq": 1, "read": {"device_start": -1, "device_end": -1}}, "FFC_sans_bias51": {"write": {"device_start": -1, "host_queued_start": 1585586759.495848, "device_queued": -1, "device_end": -1, "host_queued_end": 1585586759.50039}, "device": "gpu", "nd_range": {"device_start": 1585586694.0889218, "device_end": 1585586694.089892}, "cmdq": 0, "read": {"device_start": -1, "device_end": -1}}, "softmax23": {"write": {"device_start": -1, "host_queued_start": 1585586759.517121, "device_queued": -1, "device_end": -1, "host_queued_end": 1585586759.521227}, "device": "cpu", "nd_range": {"device_start": 2254533.765573385, "device_end": 2254533.765665261}, "cmdq": 0, "read": {"device_start": -1, "device_end": -1}}, "FFC_sans_bias37": {"write": {"device_start": 1585586694.0819533, "host_queued_start": 1585586759.484064, "device_queued": 1585586694.0804935, "device_end": 1585586694.0819852, "host_queued_end": 1585586759.50039}, "device": "gpu", "nd_range": {"device_start": 1585586694.0819876, "device_end": 1585586694.0827746}, "cmdq": 0, "read": {"device_start": -1, "device_end": -1}}, "empty62": {"write": {"device_start": 1585586694.0800633, "host_queued_start": 1585586759.47893, "device_queued": 1585586694.0798342, "device_end": 1585586694.0801167, "host_queued_end": 1585586759.50039}, "device": "gpu", "nd_range": {"device_start": 1585586694.0801203, "device_end": 1585586694.0801246}, "cmdq": 1, "read": {"device_start": -1, "device_end": -1}}, "FFC_sans_bias58": {"write": {"device_start": -1, "host_queued_start": 1585586759.493882, "device_queued": -1, "device_end": -1, "host_queued_end": 1585586759.50039}, "device": "gpu", "nd_range": {"device_start": 1585586694.0871122, "device_end": 1585586694.0881062}, "cmdq": 1, "read": {"device_start": -1, "device_end": -1}}, "softmax41": {"write": {"device_start": -1, "host_queued_start": 1585586759.494387, "device_queued": -1, "device_end": -1, "host_queued_end": 1585586759.50039}, "device": "gpu", "nd_range": {"device_start": 1585586694.0881073, "device_end": 1585586694.088312}, "cmdq": 1, "read": {"device_start": -1, "device_end": -1}}, "FFC_sans_bias11": {"write": {"device_start": -1, "host_queued_start": 1585586759.510713, "device_queued": -1, "device_end": -1, "host_queued_end": 1585586759.521227}, "device": "cpu", "nd_range": {"device_start": 2254533.732182268, "device_end": 2254533.736263228}, "cmdq": 0, "read": {"device_start": -1, "device_end": -1}}, "FFC_sans_bias10": {"write": {"device_start": -1, "host_queued_start": 1585586759.509611, "device_queued": -1, "device_end": -1, "host_queued_end": 1585586759.521227}, "device": "cpu", "nd_range": {"device_start": 2254533.727225244, "device_end": 2254533.732176403}, "cmdq": 0, "read": {"device_start": -1, "device_end": -1}}, "coalesced_transpose3": {"write": {"device_start": -1, "host_queued_start": 1585586759.514638, "device_queued": -1, "device_end": -1, "host_queued_end": 1585586759.521227}, "device": "cpu", "nd_range": {"device_start": 2254533.7506537563, "device_end": 2254533.7508217823}, "cmdq": 0, "read": {"device_start": -1, "device_end": -1}}, "FFC_sans_bias34": {"write": {"device_start": 1585586694.0900388, "host_queued_start": 1585586759.497167, "device_queued": 1585586694.0821812, "device_end": 1585586694.090071, "host_queued_end": 1585586759.50039}, "device": "gpu", "nd_range": {"device_start": 1585586694.0900736, "device_end": 1585586694.090864}, "cmdq": 0, "read": {"device_start": 1585586694.090866, "device_end": 1585586694.090891}}, "FFC_sans_bias15": {"write": {"device_start": -1, "host_queued_start": 1585586759.517802, "device_queued": -1, "device_end": -1, "host_queued_end": 1585586759.521227}, "device": "cpu", "nd_range": {"device_start": 2254533.770162354, "device_end": 2254533.774705259}, "cmdq": 0, "read": {"device_start": -1, "device_end": -1}}, "FFC_sans_bias31": {"write": {"device_start": -1, "host_queued_start": 1585586759.492911, "device_queued": -1, "device_end": -1, "host_queued_end": 1585586759.50039}, "device": "gpu", "nd_range": {"device_start": 1585586694.0860617, "device_end": 1585586694.086664}, "cmdq": 0, "read": {"device_start": -1, "device_end": -1}}, "FFC_sans_bias16": {"write": {"device_start": -1, "host_queued_start": 1585586759.520178, "device_queued": -1, "device_end": -1, "host_queued_end": 1585586759.521227}, "device": "cpu", "nd_range": {"device_start": 2254533.784348885, "device_end": 2254533.7886290033}, "cmdq": 0, "read": {"device_start": -1, "device_end": -1}}, "FFC_sans_bias19": {"write": {"device_start": -1, "host_queued_start": 1585586759.513127, "device_queued": -1, "device_end": -1, "host_queued_end": 1585586759.521227}, "device": "cpu", "nd_range": {"device_start": 2254533.74108548, "device_end": 2254533.745668968}, "cmdq": 0, "read": {"device_start": -1, "device_end": -1}}, "FFC_sans_bias18": {"write": {"device_start": -1, "host_queued_start": 1585586759.511949, "device_queued": -1, "device_end": -1, "host_queued_end": 1585586759.521227}, "device": "cpu", "nd_range": {"device_start": 2254533.736268857, "device_end": 2254533.7410807763}, "cmdq": 0, "read": {"device_start": -1, "device_end": -1}}, "coalesced_transpose30": {"write": {"device_start": -1, "host_queued_start": 1585586759.491684, "device_queued": -1, "device_end": -1, "host_queued_end": 1585586759.50039}, "device": "gpu", "nd_range": {"device_start": 1585586694.0856526, "device_end": 1585586694.0860405}, "cmdq": 0, "read": {"device_start": -1, "device_end": -1}}, "FFC_sans_bias38": {"write": {"device_start": 1585586694.0823917, "host_queued_start": 1585586759.485107, "device_queued": 1585586694.0805383, "device_end": 1585586694.0824187, "host_queued_end": 1585586759.50039}, "device": "gpu", "nd_range": {"device_start": 1585586694.0824242, "device_end": 1585586694.08324}, "cmdq": 1, "read": {"device_start": -1, "device_end": -1}}, "coalesced_transpose57": {"write": {"device_start": -1, "host_queued_start": 1585586759.492577, "device_queued": -1, "device_end": -1, "host_queued_end": 1585586759.50039}, "device": "gpu", "nd_range": {"device_start": 1585586694.086486, "device_end": 1585586694.0865068}, "cmdq": 1, "read": {"device_start": -1, "device_end": -1}}, "empty26": {"write": {"device_start": -1, "host_queued_start": 1585586759.503982, "device_queued": -1, "device_end": -1, "host_queued_end": 1585586759.521227}, "device": "cpu", "nd_range": {"device_start": 2254533.710846294, "device_end": 2254533.710846981}, "cmdq": 0, "read": {"device_start": -1, "device_end": -1}}, "coalesced_transpose12": {"write": {"device_start": -1, "host_queued_start": 1585586759.514969, "device_queued": -1, "device_end": -1, "host_queued_end": 1585586759.521227}, "device": "cpu", "nd_range": {"device_start": 2254533.750963571, "device_end": 2254533.751081931}, "cmdq": 0, "read": {"device_start": -1, "device_end": -1}}, "empty44": {"write": {"device_start": 1585586694.0798583, "host_queued_start": 1585586759.477159, "device_queued": 1585586694.0797217, "device_end": 1585586694.0799246, "host_queued_end": 1585586759.50039}, "device": "gpu", "nd_range": {"device_start": 1585586694.079928, "device_end": 1585586694.079932}, "cmdq": 1, "read": {"device_start": -1, "device_end": -1}}, "coalesced_transpose21": {"write": {"device_start": -1, "host_queued_start": 1585586759.515294, "device_queued": -1, "device_end": -1, "host_queued_end": 1585586759.521227}, "device": "cpu", "nd_range": {"device_start": 2254533.751210508, "device_end": 2254533.7513297573}, "cmdq": 0, "read": {"device_start": -1, "device_end": -1}}, "FFC_sans_bias36": {"write": {"device_start": 1585586694.081377, "host_queued_start": 1585586759.483042, "device_queued": 1585586694.0803468, "device_end": 1585586694.0814097, "host_queued_end": 1585586759.50039}, "device": "gpu", "nd_range": {"device_start": 1585586694.0814135, "device_end": 1585586694.082248}, "cmdq": 1, "read": {"device_start": -1, "device_end": -1}}, "softmax14": {"write": {"device_start": -1, "host_queued_start": 1585586759.516854, "device_queued": -1, "device_end": -1, "host_queued_end": 1585586759.521227}, "device": "cpu", "nd_range": {"device_start": 2254533.765368117, "device_end": 2254533.765459604}, "cmdq": 0, "read": {"device_start": -1, "device_end": -1}}, "FFC_sans_bias13": {"write": {"device_start": -1, "host_queued_start": 1585586759.515977, "device_queued": -1, "device_end": -1, "host_queued_end": 1585586759.521227}, "device": "cpu", "nd_range": {"device_start": 2254533.75567208, "device_end": 2254533.760433628}, "cmdq": 0, "read": {"device_start": -1, "device_end": -1}}, "empty8": {"write": {"device_start": -1, "host_queued_start": 1585586759.501872, "device_queued": -1, "device_end": -1, "host_queued_end": 1585586759.521227}, "device": "cpu", "nd_range": {"device_start": 2254533.7108127223, "device_end": 2254533.7108222083}, "cmdq": 0, "read": {"device_start": -1, "device_end": -1}}, "FFC_sans_bias42": {"write": {"device_start": -1, "host_queued_start": 1585586759.495541, "device_queued": -1, "device_end": -1, "host_queued_end": 1585586759.50039}, "device": "gpu", "nd_range": {"device_start": 1585586694.0887067, "device_end": 1585586694.0893247}, "cmdq": 1, "read": {"device_start": -1, "device_end": -1}}, "FFC_sans_bias43": {"write": {"device_start": 1585586694.0904412, "host_queued_start": 1585586759.498208, "device_queued": 1585586694.0822241, "device_end": 1585586694.0904727, "host_queued_end": 1585586759.50039}, "device": "gpu", "nd_range": {"device_start": 1585586694.0904756, "device_end": 1585586694.0913115}, "cmdq": 1, "read": {"device_start": 1585586694.0913143, "device_end": 1585586694.0913386}}, "FFC_sans_bias40": {"write": {"device_start": -1, "host_queued_start": 1585586759.49324, "device_queued": -1, "device_end": -1, "host_queued_end": 1585586759.50039}, "device": "gpu", "nd_range": {"device_start": 1585586694.0865078, "device_end": 1585586694.0871112}, "cmdq": 1, "read": {"device_start": -1, "device_end": -1}}, "softmax32": {"write": {"device_start": -1, "host_queued_start": 1585586759.494137, "device_queued": -1, "device_end": -1, "host_queued_end": 1585586759.50039}, "device": "gpu", "nd_range": {"device_start": 1585586694.0876596, "device_end": 1585586694.0881119}, "cmdq": 0, "read": {"device_start": -1, "device_end": -1}}, "FFC_sans_bias47": {"write": {"device_start": 1585586694.0838344, "host_queued_start": 1585586759.488239, "device_queued": 1585586694.0808904, "device_end": 1585586694.083867, "host_queued_end": 1585586759.50039}, "device": "gpu", "nd_range": {"device_start": 1585586694.0838795, "device_end": 1585586694.0846996}, "cmdq": 0, "read": {"device_start": -1, "device_end": -1}}, "FFC_sans_bias45": {"write": {"device_start": 1585586694.0829098, "host_queued_start": 1585586759.486127, "device_queued": 1585586694.0806844, "device_end": 1585586694.0829353, "host_queued_end": 1585586759.50039}, "device": "gpu", "nd_range": {"device_start": 1585586694.0829394, "device_end": 1585586694.0837226}, "cmdq": 0, "read": {"device_start": -1, "device_end": -1}}, "softmax50": {"write": {"device_start": -1, "host_queued_start": 1585586759.494663, "device_queued": -1, "device_end": -1, "host_queued_end": 1585586759.50039}, "device": "gpu", "nd_range": {"device_start": 1585586694.0881133, "device_end": 1585586694.0883155}, "cmdq": 0, "read": {"device_start": -1, "device_end": -1}}, "FFC_sans_bias33": {"write": {"device_start": -1, "host_queued_start": 1585586759.49523, "device_queued": -1, "device_end": -1, "host_queued_end": 1585586759.50039}, "device": "gpu", "nd_range": {"device_start": 1585586694.0883164, "device_end": 1585586694.0889204}, "cmdq": 0, "read": {"device_start": -1, "device_end": -1}}, "FFC_sans_bias49": {"write": {"device_start": -1, "host_queued_start": 1585586759.493564, "device_queued": -1, "device_end": -1, "host_queued_end": 1585586759.50039}, "device": "gpu", "nd_range": {"device_start": 1585586694.0866654, "device_end": 1585586694.0876582}, "cmdq": 0, "read": {"device_start": -1, "device_end": -1}}, "FFC_sans_bias24": {"write": {"device_start": -1, "host_queued_start": 1585586759.518138, "device_queued": -1, "device_end": -1, "host_queued_end": 1585586759.521227}, "device": "cpu", "nd_range": {"device_start": 2254533.77471069, "device_end": 2254533.7792175543}, "cmdq": 0, "read": {"device_start": -1, "device_end": -1}}, "FFC_sans_bias25": {"write": {"device_start": -1, "host_queued_start": 1585586759.521183, "device_queued": -1, "device_end": -1, "host_queued_end": 1585586759.521227}, "device": "cpu", "nd_range": {"device_start": 2254533.788631965, "device_end": 2254533.793147454}, "cmdq": 0, "read": {"device_start": -1, "device_end": -1}}, "FFC_sans_bias27": {"write": {"device_start": 1585586694.0801735, "host_queued_start": 1585586759.4799, "device_queued": 1585586694.0800629, "device_end": 1585586694.0802398, "host_queued_end": 1585586759.50039}, "device": "gpu", "nd_range": {"device_start": 1585586694.0802438, "device_end": 1585586694.0808473}, "cmdq": 0, "read": {"device_start": -1, "device_end": -1}}, "FFC_sans_bias20": {"write": {"device_start": -1, "host_queued_start": 1585586759.514286, "device_queued": -1, "device_end": -1, "host_queued_end": 1585586759.521227}, "device": "cpu", "nd_range": {"device_start": 2254533.7456741463, "device_end": 2254533.750648778}, "cmdq": 0, "read": {"device_start": -1, "device_end": -1}}, "FFC_sans_bias22": {"write": {"device_start": -1, "host_queued_start": 1585586759.516313, "device_queued": -1, "device_end": -1, "host_queued_end": 1585586759.521227}, "device": "cpu", "nd_range": {"device_start": 2254533.7604389302, "device_end": 2254533.765114052}, "cmdq": 0, "read": {"device_start": -1, "device_end": -1}}, "softmax5": {"write": {"device_start": -1, "host_queued_start": 1585586759.516587, "device_queued": -1, "device_end": -1, "host_queued_end": 1585586759.521227}, "device": "cpu", "nd_range": {"device_start": 2254533.7651199424, "device_end": 2254533.765246944}, "cmdq": 0, "read": {"device_start": -1, "device_end": -1}}, "FFC_sans_bias28": {"write": {"device_start": 1585586694.08026, "host_queued_start": 1585586759.480933, "device_queued": 1585586694.080117, "device_end": 1585586694.0802853, "host_queued_end": 1585586759.50039}, "device": "gpu", "nd_range": {"device_start": 1585586694.0802891, "device_end": 1585586694.0812483}, "cmdq": 1, "read": {"device_start": -1, "device_end": -1}}, "FFC_sans_bias29": {"write": {"device_start": 1585586694.0809958, "host_queued_start": 1585586759.481981, "device_queued": 1585586694.0803027, "device_end": 1585586694.0810256, "host_queued_end": 1585586759.50039}, "device": "gpu", "nd_range": {"device_start": 1585586694.0810292, "device_end": 1585586694.0818088}, "cmdq": 0, "read": {"device_start": -1, "device_end": -1}}, "empty17": {"write": {"device_start": -1, "host_queued_start": 1585586759.503014, "device_queued": -1, "device_end": -1, "host_queued_end": 1585586759.521227}, "device": "cpu", "nd_range": {"device_start": 2254533.7108396604, "device_end": 2254533.710840832}, "cmdq": 0, "read": {"device_start": -1, "device_end": -1}}, "softmax59": {"write": {"device_start": -1, "host_queued_start": 1585586759.494925, "device_queued": -1, "device_end": -1, "host_queued_end": 1585586759.50039}, "device": "gpu", "nd_range": {"device_start": 1585586694.088313, "device_end": 1585586694.0887053}, "cmdq": 1, "read": {"device_start": -1, "device_end": -1}}, "empty35": {"write": {"device_start": 1585586694.0797336, "host_queued_start": 1585586759.47597, "device_queued": 1585586694.0796087, "device_end": 1585586694.07978, "host_queued_end": 1585586759.50039}, "device": "gpu", "nd_range": {"device_start": 1585586694.079783, "device_end": 1585586694.0797899}, "cmdq": 0, "read": {"device_start": -1, "device_end": -1}}, "empty53": {"write": {"device_start": 1585586694.0799675, "host_queued_start": 1585586759.478067, "device_queued": 1585586694.0797853, "device_end": 1585586694.080047, "host_queued_end": 1585586759.50039}, "device": "gpu", "nd_range": {"device_start": 1585586694.0800533, "device_end": 1585586694.0800588}, "cmdq": 0, "read": {"device_start": -1, "device_end": -1}}, "FFC_sans_bias46": {"write": {"device_start": 1585586694.0833468, "host_queued_start": 1585586759.487202, "device_queued": 1585586694.0807273, "device_end": 1585586694.0833743, "host_queued_end": 1585586759.50039}, "device": "gpu", "nd_range": {"device_start": 1585586694.083379, "device_end": 1585586694.0842288}, "cmdq": 1, "read": {"device_start": -1, "device_end": -1}}, "coalesced_transpose48": {"write": {"device_start": -1, "host_queued_start": 1585586759.49228, "device_queued": -1, "device_end": -1, "host_queued_end": 1585586759.50039}, "device": "gpu", "nd_range": {"device_start": 1585586694.086045, "device_end": 1585586694.0860603}, "cmdq": 0, "read": {"device_start": -1, "device_end": -1}}}