{"FFC_sans_bias60": {"write": {"device_start": -1, "host_queued_start": 1585587060.432208, "device_queued": -1, "device_end": -1, "host_queued_end": 1585587060.439653}, "device": "gpu", "nd_range": {"device_start": 1585586995.0267484, "device_end": 1585586995.0286703}, "cmdq": 3, "read": {"device_start": -1, "device_end": -1}}, "FFC_sans_bias4": {"write": {"device_start": -1, "host_queued_start": 1585587060.426258, "device_queued": -1, "device_end": -1, "host_queued_end": 1585587060.439653}, "device": "gpu", "nd_range": {"device_start": 1585586995.0222163, "device_end": 1585586995.0237513}, "cmdq": 3, "read": {"device_start": -1, "device_end": -1}}, "FFC_sans_bias7": {"write": {"device_start": 1585586995.0278223, "host_queued_start": 1585587060.433227, "device_queued": 1585586995.0157762, "device_end": 1585586995.027853, "host_queued_end": 1585587060.439653}, "device": "gpu", "nd_range": {"device_start": 1585586995.027867, "device_end": 1585586995.0296185}, "cmdq": 0, "read": {"device_start": 1585586995.0296245, "device_end": 1585586995.0296485}}, "FFC_sans_bias6": {"write": {"device_start": -1, "host_queued_start": 1585587060.430301, "device_queued": -1, "device_end": -1, "host_queued_end": 1585587060.439653}, "device": "gpu", "nd_range": {"device_start": 1585586995.0261436, "device_end": 1585586995.027137}, "cmdq": 1, "read": {"device_start": -1, "device_end": -1}}, "FFC_sans_bias1": {"write": {"device_start": 1585586995.0118933, "host_queued_start": 1585587060.403841, "device_queued": 1585586995.011708, "device_end": 1585586995.011958, "host_queued_end": 1585587060.439653}, "device": "gpu", "nd_range": {"device_start": 1585586995.011962, "device_end": 1585586995.0128827}, "cmdq": 0, "read": {"device_start": -1, "device_end": -1}}, "FFC_sans_bias0": {"write": {"device_start": 1585586995.0117962, "host_queued_start": 1585587060.402795, "device_queued": 1585586995.011488, "device_end": 1585586995.0118659, "host_queued_end": 1585587060.439653}, "device": "gpu", "nd_range": {"device_start": 1585586995.01187, "device_end": 1585586995.0124776}, "cmdq": 3, "read": {"device_start": -1, "device_end": -1}}, "FFC_sans_bias2": {"write": {"device_start": 1585586995.01198, "host_queued_start": 1585587060.404882, "device_queued": 1585586995.011762, "device_end": 1585586995.0120325, "host_queued_end": 1585587060.439653}, "device": "gpu", "nd_range": {"device_start": 1585586995.0120568, "device_end": 1585586995.0134685}, "cmdq": 1, "read": {"device_start": -1, "device_end": -1}}, "FFC_sans_bias61": {"write": {"device_start": 1585586995.031732, "host_queued_start": 1585587060.439552, "device_queued": 1585586995.0164802, "device_end": 1585586995.031763, "host_queued_end": 1585587060.439653}, "device": "gpu", "nd_range": {"device_start": 1585586995.0317712, "device_end": 1585586995.0329468}, "cmdq": 2, "read": {"device_start": 1585586995.032956, "device_end": 1585586995.032978}}, "FFC_sans_bias52": {"write": {"device_start": 1585586995.0307834, "host_queued_start": 1585587060.438495, "device_queued": 1585586995.0163379, "device_end": 1585586995.0308137, "host_queued_end": 1585587060.439653}, "device": "gpu", "nd_range": {"device_start": 1585586995.0308218, "device_end": 1585586995.0325086}, "cmdq": 1, "read": {"device_start": 1585586995.032518, "device_end": 1585586995.0325403}}, "FFC_sans_bias9": {"write": {"device_start": 1585586995.012101, "host_queued_start": 1585587060.405919, "device_queued": 1585586995.0119731, "device_end": 1585586995.012126, "host_queued_end": 1585587060.439653}, "device": "gpu", "nd_range": {"device_start": 1585586995.0121315, "device_end": 1585586995.0138738}, "cmdq": 2, "read": {"device_start": -1, "device_end": -1}}, "coalesced_transpose39": {"write": {"device_start": -1, "host_queued_start": 1585587060.425328, "device_queued": -1, "device_end": -1, "host_queued_end": 1585587060.439653}, "device": "gpu", "nd_range": {"device_start": 1585586995.021999, "device_end": 1585586995.0220368}, "cmdq": 0, "read": {"device_start": -1, "device_end": -1}}, "FFC_sans_bias55": {"write": {"device_start": 1585586995.020303, "host_queued_start": 1585587060.423759, "device_queued": 1585586995.0138764, "device_end": 1585586995.020329, "host_queued_end": 1585587060.439653}, "device": "gpu", "nd_range": {"device_start": 1585586995.0203357, "device_end": 1585586995.0221493}, "cmdq": 3, "read": {"device_start": -1, "device_end": -1}}, "FFC_sans_bias54": {"write": {"device_start": 1585586995.01982, "host_queued_start": 1585587060.422719, "device_queued": 1585586995.0138488, "device_end": 1585586995.0198464, "host_queued_end": 1585587060.439653}, "device": "gpu", "nd_range": {"device_start": 1585586995.0198627, "device_end": 1585586995.0216436}, "cmdq": 2, "read": {"device_start": -1, "device_end": -1}}, "FFC_sans_bias56": {"write": {"device_start": 1585586995.0193262, "host_queued_start": 1585587060.421661, "device_queued": 1585586995.013704, "device_end": 1585586995.0193524, "host_queued_end": 1585587060.439653}, "device": "gpu", "nd_range": {"device_start": 1585586995.0193686, "device_end": 1585586995.0211806}, "cmdq": 1, "read": {"device_start": -1, "device_end": -1}}, "FFC_sans_bias51": {"write": {"device_start": -1, "host_queued_start": 1585587060.431889, "device_queued": -1, "device_end": -1, "host_queued_end": 1585587060.439653}, "device": "gpu", "nd_range": {"device_start": 1585586995.0281456, "device_end": 1585586995.03011}, "cmdq": 2, "read": {"device_start": -1, "device_end": -1}}, "softmax23": {"write": {"device_start": -1, "host_queued_start": 1585587060.42898, "device_queued": -1, "device_end": -1, "host_queued_end": 1585587060.439653}, "device": "gpu", "nd_range": {"device_start": 1585586995.0241857, "device_end": 1585586995.0260952}, "cmdq": 0, "read": {"device_start": -1, "device_end": -1}}, "FFC_sans_bias37": {"write": {"device_start": 1585586995.0169349, "host_queued_start": 1585587060.416407, "device_queued": 1585586995.0131817, "device_end": 1585586995.01696, "host_queued_end": 1585587060.439653}, "device": "gpu", "nd_range": {"device_start": 1585586995.0169683, "device_end": 1585586995.0187914}, "cmdq": 0, "read": {"device_start": -1, "device_end": -1}}, "empty62": {"write": {"device_start": 1585586995.0116942, "host_queued_start": 1585587060.401794, "device_queued": 1585586995.0114717, "device_end": 1585586995.0117712, "host_queued_end": 1585587060.439653}, "device": "gpu", "nd_range": {"device_start": 1585586995.011778, "device_end": 1585586995.011784}, "cmdq": 2, "read": {"device_start": -1, "device_end": -1}}, "FFC_sans_bias58": {"write": {"device_start": -1, "host_queued_start": 1585587060.428227, "device_queued": -1, "device_end": -1, "host_queued_end": 1585587060.439653}, "device": "gpu", "nd_range": {"device_start": 1585586995.0231953, "device_end": 1585586995.0251548}, "cmdq": 1, "read": {"device_start": -1, "device_end": -1}}, "softmax41": {"write": {"device_start": -1, "host_queued_start": 1585587060.429473, "device_queued": -1, "device_end": -1, "host_queued_end": 1585587060.439653}, "device": "gpu", "nd_range": {"device_start": 1585586995.0261214, "device_end": 1585586995.0265002}, "cmdq": 2, "read": {"device_start": -1, "device_end": -1}}, "FFC_sans_bias11": {"write": {"device_start": 1585586995.0130122, "host_queued_start": 1585587060.408053, "device_queued": 1585586995.012206, "device_end": 1585586995.0130424, "host_queued_end": 1585587060.439653}, "device": "gpu", "nd_range": {"device_start": 1585586995.0130472, "device_end": 1585586995.014864}, "cmdq": 0, "read": {"device_start": -1, "device_end": -1}}, "FFC_sans_bias10": {"write": {"device_start": 1585586995.0126076, "host_queued_start": 1585587060.407006, "device_queued": 1585586995.0120165, "device_end": 1585586995.0126376, "host_queued_end": 1585587060.439653}, "device": "gpu", "nd_range": {"device_start": 1585586995.0126426, "device_end": 1585586995.0144355}, "cmdq": 3, "read": {"device_start": -1, "device_end": -1}}, "coalesced_transpose3": {"write": {"device_start": -1, "host_queued_start": 1585587060.424095, "device_queued": -1, "device_end": -1, "host_queued_end": 1585587060.439653}, "device": "gpu", "nd_range": {"device_start": 1585586995.0206757, "device_end": 1585586995.021998}, "cmdq": 0, "read": {"device_start": -1, "device_end": -1}}, "FFC_sans_bias34": {"write": {"device_start": 1585586995.029438, "host_queued_start": 1585587060.436374, "device_queued": 1585586995.0160444, "device_end": 1585586995.0294693, "host_queued_end": 1585587060.439653}, "device": "gpu", "nd_range": {"device_start": 1585586995.029487, "device_end": 1585586995.0311038}, "cmdq": 3, "read": {"device_start": 1585586995.0311077, "device_end": 1585586995.0311303}}, "FFC_sans_bias15": {"write": {"device_start": -1, "host_queued_start": 1585587060.430625, "device_queued": -1, "device_end": -1, "host_queued_end": 1585587060.439653}, "device": "gpu", "nd_range": {"device_start": 1585586995.0265098, "device_end": 1585586995.0281367}, "cmdq": 2, "read": {"device_start": -1, "device_end": -1}}, "FFC_sans_bias31": {"write": {"device_start": -1, "host_queued_start": 1585587060.427217, "device_queued": -1, "device_end": -1, "host_queued_end": 1585587060.439653}, "device": "gpu", "nd_range": {"device_start": 1585586995.0231104, "device_end": 1585586995.0247085}, "cmdq": 2, "read": {"device_start": -1, "device_end": -1}}, "FFC_sans_bias16": {"write": {"device_start": 1585586995.0292747, "host_queued_start": 1585587060.434285, "device_queued": 1585586995.0158367, "device_end": 1585586995.0293117, "host_queued_end": 1585587060.439653}, "device": "gpu", "nd_range": {"device_start": 1585586995.029327, "device_end": 1585586995.0305848}, "cmdq": 1, "read": {"device_start": 1585586995.0305903, "device_end": 1585586995.0306137}}, "FFC_sans_bias19": {"write": {"device_start": 1585586995.0139616, "host_queued_start": 1585587060.410117, "device_queued": 1585586995.0123854, "device_end": 1585586995.0139925, "host_queued_end": 1585587060.439653}, "device": "gpu", "nd_range": {"device_start": 1585586995.0139987, "device_end": 1585586995.0158453}, "cmdq": 2, "read": {"device_start": -1, "device_end": -1}}, "FFC_sans_bias18": {"write": {"device_start": 1585586995.013614, "host_queued_start": 1585587060.409087, "device_queued": 1585586995.0122488, "device_end": 1585586995.0136447, "host_queued_end": 1585587060.439653}, "device": "gpu", "nd_range": {"device_start": 1585586995.0136478, "device_end": 1585586995.01536}, "cmdq": 1, "read": {"device_start": -1, "device_end": -1}}, "coalesced_transpose30": {"write": {"device_start": -1, "host_queued_start": 1585587060.425026, "device_queued": -1, "device_end": -1, "host_queued_end": 1585587060.439653}, "device": "gpu", "nd_range": {"device_start": 1585586995.0221567, "device_end": 1585586995.0222034}, "cmdq": 3, "read": {"device_start": -1, "device_end": -1}}, "FFC_sans_bias38": {"write": {"device_start": 1585586995.0173533, "host_queued_start": 1585587060.417479, "device_queued": 1585586995.013226, "device_end": 1585586995.0173798, "host_queued_end": 1585587060.439653}, "device": "gpu", "nd_range": {"device_start": 1585586995.017397, "device_end": 1585586995.0192282}, "cmdq": 1, "read": {"device_start": -1, "device_end": -1}}, "coalesced_transpose57": {"write": {"device_start": -1, "host_queued_start": 1585587060.425933, "device_queued": -1, "device_end": -1, "host_queued_end": 1585587060.439653}, "device": "gpu", "nd_range": {"device_start": 1585586995.0222003, "device_end": 1585586995.0231004}, "cmdq": 2, "read": {"device_start": -1, "device_end": -1}}, "empty26": {"write": {"device_start": 1585586995.0113149, "host_queued_start": 1585587060.398418, "device_queued": 1585586995.011112, "device_end": 1585586995.011384, "host_queued_end": 1585587060.439653}, "device": "gpu", "nd_range": {"device_start": 1585586995.011388, "device_end": 1585586995.0113935}, "cmdq": 2, "read": {"device_start": -1, "device_end": -1}}, "coalesced_transpose12": {"write": {"device_start": -1, "host_queued_start": 1585587060.424416, "device_queued": -1, "device_end": -1, "host_queued_end": 1585587060.439653}, "device": "gpu", "nd_range": {"device_start": 1585586995.021182, "device_end": 1585586995.0220165}, "cmdq": 1, "read": {"device_start": -1, "device_end": -1}}, "empty44": {"write": {"device_start": 1585586995.0114896, "host_queued_start": 1585587060.400136, "device_queued": 1585586995.0114005, "device_end": 1585586995.0115628, "host_queued_end": 1585587060.439653}, "device": "gpu", "nd_range": {"device_start": 1585586995.0115714, "device_end": 1585586995.0115767}, "cmdq": 0, "read": {"device_start": -1, "device_end": -1}}, "coalesced_transpose21": {"write": {"device_start": -1, "host_queued_start": 1585587060.42472, "device_queued": -1, "device_end": -1, "host_queued_end": 1585587060.439653}, "device": "gpu", "nd_range": {"device_start": 1585586995.0216458, "device_end": 1585586995.0220304}, "cmdq": 2, "read": {"device_start": -1, "device_end": -1}}, "FFC_sans_bias36": {"write": {"device_start": 1585586995.0163975, "host_queued_start": 1585587060.415372, "device_queued": 1585586995.0129313, "device_end": 1585586995.016425, "host_queued_end": 1585587060.439653}, "device": "gpu", "nd_range": {"device_start": 1585586995.016431, "device_end": 1585586995.018262}, "cmdq": 3, "read": {"device_start": -1, "device_end": -1}}, "softmax14": {"write": {"device_start": -1, "host_queued_start": 1585587060.428733, "device_queued": -1, "device_end": -1, "host_queued_end": 1585587060.439653}, "device": "gpu", "nd_range": {"device_start": 1585586995.0256743, "device_end": 1585586995.0258806}, "cmdq": 3, "read": {"device_start": -1, "device_end": -1}}, "FFC_sans_bias13": {"write": {"device_start": -1, "host_queued_start": 1585587060.426585, "device_queued": -1, "device_end": -1, "host_queued_end": 1585587060.439653}, "device": "gpu", "nd_range": {"device_start": 1585586995.022172, "device_end": 1585586995.0227785}, "cmdq": 0, "read": {"device_start": -1, "device_end": -1}}, "empty8": {"write": {"device_start": 1585586995.011044, "host_queued_start": 1585587060.396325, "device_queued": 1585586995.0109227, "device_end": 1585586995.0110705, "host_queued_end": 1585587060.439653}, "device": "gpu", "nd_range": {"device_start": 1585586995.0110836, "device_end": 1585586995.011088}, "cmdq": 0, "read": {"device_start": -1, "device_end": -1}}, "FFC_sans_bias42": {"write": {"device_start": -1, "host_queued_start": 1585587060.431568, "device_queued": -1, "device_end": -1, "host_queued_end": 1585587060.439653}, "device": "gpu", "nd_range": {"device_start": 1585586995.027146, "device_end": 1585586995.0291364}, "cmdq": 1, "read": {"device_start": -1, "device_end": -1}}, "FFC_sans_bias43": {"write": {"device_start": 1585586995.0303812, "host_queued_start": 1585587060.437444, "device_queued": 1585586995.016291, "device_end": 1585586995.0304117, "host_queued_end": 1585587060.439653}, "device": "gpu", "nd_range": {"device_start": 1585586995.03042, "device_end": 1585586995.0320556}, "cmdq": 0, "read": {"device_start": 1585586995.0320635, "device_end": 1585586995.0320857}}, "FFC_sans_bias40": {"write": {"device_start": -1, "host_queued_start": 1585587060.427534, "device_queued": -1, "device_end": -1, "host_queued_end": 1585587060.439653}, "device": "gpu", "nd_range": {"device_start": 1585586995.0237615, "device_end": 1585586995.0256643}, "cmdq": 3, "read": {"device_start": -1, "device_end": -1}}, "softmax32": {"write": {"device_start": -1, "host_queued_start": 1585587060.429227, "device_queued": -1, "device_end": -1, "host_queued_end": 1585587060.439653}, "device": "gpu", "nd_range": {"device_start": 1585586995.0251644, "device_end": 1585586995.0261085}, "cmdq": 1, "read": {"device_start": -1, "device_end": -1}}, "FFC_sans_bias47": {"write": {"device_start": 1585586995.0188923, "host_queued_start": 1585587060.420627, "device_queued": 1585586995.0136485, "device_end": 1585586995.0189185, "host_queued_end": 1585587060.439653}, "device": "gpu", "nd_range": {"device_start": 1585586995.0189245, "device_end": 1585586995.0206742}, "cmdq": 0, "read": {"device_start": -1, "device_end": -1}}, "FFC_sans_bias45": {"write": {"device_start": 1585586995.017918, "host_queued_start": 1585587060.418528, "device_queued": 1585586995.0133862, "device_end": 1585586995.017944, "host_queued_end": 1585587060.439653}, "device": "gpu", "nd_range": {"device_start": 1585586995.0179586, "device_end": 1585586995.0197122}, "cmdq": 2, "read": {"device_start": -1, "device_end": -1}}, "softmax50": {"write": {"device_start": -1, "host_queued_start": 1585587060.429738, "device_queued": -1, "device_end": -1, "host_queued_end": 1585587060.439653}, "device": "gpu", "nd_range": {"device_start": 1585586995.025891, "device_end": 1585586995.026093}, "cmdq": 3, "read": {"device_start": -1, "device_end": -1}}, "FFC_sans_bias33": {"write": {"device_start": -1, "host_queued_start": 1585587060.431251, "device_queued": -1, "device_end": -1, "host_queued_end": 1585587060.439653}, "device": "gpu", "nd_range": {"device_start": 1585586995.026477, "device_end": 1585586995.0277207}, "cmdq": 0, "read": {"device_start": -1, "device_end": -1}}, "FFC_sans_bias49": {"write": {"device_start": -1, "host_queued_start": 1585587060.427852, "device_queued": -1, "device_end": -1, "host_queued_end": 1585587060.439653}, "device": "gpu", "nd_range": {"device_start": 1585586995.0227885, "device_end": 1585586995.0241752}, "cmdq": 0, "read": {"device_start": -1, "device_end": -1}}, "FFC_sans_bias24": {"write": {"device_start": -1, "host_queued_start": 1585587060.430938, "device_queued": -1, "device_end": -1, "host_queued_end": 1585587060.439653}, "device": "gpu", "nd_range": {"device_start": 1585586995.026132, "device_end": 1585586995.0267398}, "cmdq": 3, "read": {"device_start": -1, "device_end": -1}}, "FFC_sans_bias25": {"write": {"device_start": 1585586995.0302374, "host_queued_start": 1585587060.435331, "device_queued": 1585586995.0160246, "device_end": 1585586995.0302684, "host_queued_end": 1585587060.439653}, "device": "gpu", "nd_range": {"device_start": 1585586995.0302873, "device_end": 1585586995.031535}, "cmdq": 2, "read": {"device_start": 1585586995.031539, "device_end": 1585586995.0315626}}, "FFC_sans_bias27": {"write": {"device_start": 1585586995.0150645, "host_queued_start": 1585587060.412225, "device_queued": 1585586995.0126917, "device_end": 1585586995.0150962, "host_queued_end": 1585587060.439653}, "device": "gpu", "nd_range": {"device_start": 1585586995.0151029, "device_end": 1585586995.0168304}, "cmdq": 0, "read": {"device_start": -1, "device_end": -1}}, "FFC_sans_bias20": {"write": {"device_start": 1585586995.014569, "host_queued_start": 1585587060.411187, "device_queued": 1585586995.0124156, "device_end": 1585586995.0145998, "host_queued_end": 1585587060.439653}, "device": "gpu", "nd_range": {"device_start": 1585586995.0146062, "device_end": 1585586995.016314}, "cmdq": 3, "read": {"device_start": -1, "device_end": -1}}, "FFC_sans_bias22": {"write": {"device_start": -1, "host_queued_start": 1585587060.426903, "device_queued": -1, "device_end": -1, "host_queued_end": 1585587060.439653}, "device": "gpu", "nd_range": {"device_start": 1585586995.0221865, "device_end": 1585586995.0231833}, "cmdq": 1, "read": {"device_start": -1, "device_end": -1}}, "softmax5": {"write": {"device_start": -1, "host_queued_start": 1585587060.428483, "device_queued": -1, "device_end": -1, "host_queued_end": 1585587060.439653}, "device": "gpu", "nd_range": {"device_start": 1585586995.0247185, "device_end": 1585586995.0261123}, "cmdq": 2, "read": {"device_start": -1, "device_end": -1}}, "FFC_sans_bias28": {"write": {"device_start": 1585586995.0155654, "host_queued_start": 1585587060.41326, "device_queued": 1585586995.0127552, "device_end": 1585586995.0155966, "host_queued_end": 1585587060.439653}, "device": "gpu", "nd_range": {"device_start": 1585586995.0156038, "device_end": 1585586995.017265}, "cmdq": 1, "read": {"device_start": -1, "device_end": -1}}, "FFC_sans_bias29": {"write": {"device_start": 1585586995.0159328, "host_queued_start": 1585587060.414298, "device_queued": 1585586995.0129018, "device_end": 1585586995.015964, "host_queued_end": 1585587060.439653}, "device": "gpu", "nd_range": {"device_start": 1585586995.0159714, "device_end": 1585586995.0178182}, "cmdq": 2, "read": {"device_start": -1, "device_end": -1}}, "empty17": {"write": {"device_start": 1585586995.0111885, "host_queued_start": 1585587060.397554, "device_queued": 1585586995.0110874, "device_end": 1585586995.011256, "host_queued_end": 1585587060.439653}, "device": "gpu", "nd_range": {"device_start": 1585586995.0112693, "device_end": 1585586995.0112746}, "cmdq": 1, "read": {"device_start": -1, "device_end": -1}}, "softmax59": {"write": {"device_start": -1, "host_queued_start": 1585587060.429988, "device_queued": -1, "device_end": -1, "host_queued_end": 1585587060.439653}, "device": "gpu", "nd_range": {"device_start": 1585586995.0261052, "device_end": 1585586995.0264673}, "cmdq": 0, "read": {"device_start": -1, "device_end": -1}}, "empty35": {"write": {"device_start": 1585586995.0113974, "host_queued_start": 1585587060.399295, "device_queued": 1585586995.011129, "device_end": 1585586995.0114305, "host_queued_end": 1585587060.439653}, "device": "gpu", "nd_range": {"device_start": 1585586995.0114403, "device_end": 1585586995.0114465}, "cmdq": 3, "read": {"device_start": -1, "device_end": -1}}, "empty53": {"write": {"device_start": 1585586995.0115938, "host_queued_start": 1585587060.400987, "device_queued": 1585586995.011454, "device_end": 1585586995.0116553, "host_queued_end": 1585587060.439653}, "device": "gpu", "nd_range": {"device_start": 1585586995.0116625, "device_end": 1585586995.0116668}, "cmdq": 1, "read": {"device_start": -1, "device_end": -1}}, "FFC_sans_bias46": {"write": {"device_start": 1585586995.018366, "host_queued_start": 1585587060.419586, "device_queued": 1585586995.013414, "device_end": 1585586995.018391, "host_queued_end": 1585587060.439653}, "device": "gpu", "nd_range": {"device_start": 1585586995.0184069, "device_end": 1585586995.0201993}, "cmdq": 3, "read": {"device_start": -1, "device_end": -1}}, "coalesced_transpose48": {"write": {"device_start": -1, "host_queued_start": 1585587060.425632, "device_queued": -1, "device_end": -1, "host_queued_end": 1585587060.439653}, "device": "gpu", "nd_range": {"device_start": 1585586995.0220265, "device_end": 1585586995.0220504}, "cmdq": 1, "read": {"device_start": -1, "device_end": -1}}}