{"FFC_sans_bias60": {"write": {"device_start": -1, "host_queued_start": 1585586809.246034, "device_queued": -1, "device_end": -1, "host_queued_end": 1585586809.248237}, "device": "gpu", "nd_range": {"device_start": 1585586743.830817, "device_end": 1585586743.8315318}, "cmdq": 1, "read": {"device_start": -1, "device_end": -1}}, "FFC_sans_bias4": {"write": {"device_start": -1, "host_queued_start": 1585586809.27134, "device_queued": -1, "device_end": -1, "host_queued_end": 1585586809.280822}, "device": "cpu", "nd_range": {"device_start": 2254583.5367571763, "device_end": 2254583.5443427833}, "cmdq": 1, "read": {"device_start": -1, "device_end": -1}}, "FFC_sans_bias7": {"write": {"device_start": -1, "host_queued_start": 1585586809.276804, "device_queued": -1, "device_end": -1, "host_queued_end": 1585586809.280822}, "device": "cpu", "nd_range": {"device_start": 2254583.584089825, "device_end": 2254583.59960962}, "cmdq": 1, "read": {"device_start": -1, "device_end": -1}}, "FFC_sans_bias6": {"write": {"device_start": -1, "host_queued_start": 1585586809.274399, "device_queued": -1, "device_end": -1, "host_queued_end": 1585586809.280822}, "device": "cpu", "nd_range": {"device_start": 2254583.5677762954, "device_end": 2254583.583026148}, "cmdq": 2, "read": {"device_start": -1, "device_end": -1}}, "FFC_sans_bias1": {"write": {"device_start": -1, "host_queued_start": 1585586809.255493, "device_queued": -1, "device_end": -1, "host_queued_end": 1585586809.280822}, "device": "cpu", "nd_range": {"device_start": 2254583.47045484, "device_end": 2254583.483393162}, "cmdq": 0, "read": {"device_start": -1, "device_end": -1}}, "FFC_sans_bias0": {"write": {"device_start": -1, "host_queued_start": 1585586809.254326, "device_queued": -1, "device_end": -1, "host_queued_end": 1585586809.280822}, "device": "cpu", "nd_range": {"device_start": 2254583.470499298, "device_end": 2254583.479242592}, "cmdq": 2, "read": {"device_start": -1, "device_end": -1}}, "FFC_sans_bias2": {"write": {"device_start": -1, "host_queued_start": 1585586809.256537, "device_queued": -1, "device_end": -1, "host_queued_end": 1585586809.280822}, "device": "cpu", "nd_range": {"device_start": 2254583.470454946, "device_end": 2254583.483736693}, "cmdq": 1, "read": {"device_start": -1, "device_end": -1}}, "FFC_sans_bias61": {"write": {"device_start": 1585586743.8316574, "host_queued_start": 1585586809.248132, "device_queued": 1585586743.8276913, "device_end": 1585586743.831688, "host_queued_end": 1585586809.248237}, "device": "gpu", "nd_range": {"device_start": 1585586743.8316903, "device_end": 1585586743.8325133}, "cmdq": 1, "read": {"device_start": 1585586743.8325152, "device_end": 1585586743.8325393}}, "FFC_sans_bias52": {"write": {"device_start": 1585586743.831262, "host_queued_start": 1585586809.247087, "device_queued": 1585586743.8274992, "device_end": 1585586743.8312917, "host_queued_end": 1585586809.248237}, "device": "gpu", "nd_range": {"device_start": 1585586743.8312948, "device_end": 1585586743.832094}, "cmdq": 0, "read": {"device_start": 1585586743.8320973, "device_end": 1585586743.8321207}}, "FFC_sans_bias9": {"write": {"device_start": -1, "host_queued_start": 1585586809.257581, "device_queued": -1, "device_end": -1, "host_queued_end": 1585586809.280822}, "device": "cpu", "nd_range": {"device_start": 2254583.482387225, "device_end": 2254583.493548631}, "cmdq": 2, "read": {"device_start": -1, "device_end": -1}}, "coalesced_transpose39": {"write": {"device_start": -1, "host_queued_start": 1585586809.270996, "device_queued": -1, "device_end": -1, "host_queued_end": 1585586809.280822}, "device": "cpu", "nd_range": {"device_start": 2254583.5401513893, "device_end": 2254583.540394172}, "cmdq": 0, "read": {"device_start": -1, "device_end": -1}}, "FFC_sans_bias55": {"write": {"device_start": 1585586743.828653, "host_queued_start": 1585586809.243636, "device_queued": 1585586743.826983, "device_end": 1585586743.8286843, "host_queued_end": 1585586809.248237}, "device": "gpu", "nd_range": {"device_start": 1585586743.8286886, "device_end": 1585586743.829523}, "cmdq": 1, "read": {"device_start": -1, "device_end": -1}}, "FFC_sans_bias54": {"write": {"device_start": 1585586743.8282242, "host_queued_start": 1585586809.242603, "device_queued": 1585586743.8268278, "device_end": 1585586743.8282511, "host_queued_end": 1585586809.248237}, "device": "gpu", "nd_range": {"device_start": 1585586743.8282614, "device_end": 1585586743.8290477}, "cmdq": 0, "read": {"device_start": -1, "device_end": -1}}, "FFC_sans_bias56": {"write": {"device_start": 1585586743.8276205, "host_queued_start": 1585586809.241555, "device_queued": 1585586743.8267844, "device_end": 1585586743.8276517, "host_queued_end": 1585586809.248237}, "device": "gpu", "nd_range": {"device_start": 1585586743.8276548, "device_end": 1585586743.828515}, "cmdq": 1, "read": {"device_start": -1, "device_end": -1}}, "FFC_sans_bias51": {"write": {"device_start": -1, "host_queued_start": 1585586809.245711, "device_queued": -1, "device_end": -1, "host_queued_end": 1585586809.248237}, "device": "gpu", "nd_range": {"device_start": 1585586743.8305237, "device_end": 1585586743.8311307}, "cmdq": 0, "read": {"device_start": -1, "device_end": -1}}, "softmax23": {"write": {"device_start": -1, "host_queued_start": 1585586809.273521, "device_queued": -1, "device_end": -1, "host_queued_end": 1585586809.280822}, "device": "cpu", "nd_range": {"device_start": 2254583.5674581663, "device_end": 2254583.5676669083}, "cmdq": 2, "read": {"device_start": -1, "device_end": -1}}, "FFC_sans_bias37": {"write": {"device_start": -1, "host_queued_start": 1585586809.268194, "device_queued": -1, "device_end": -1, "host_queued_end": 1585586809.280822}, "device": "cpu", "nd_range": {"device_start": 2254583.5245675743, "device_end": 2254583.539593372}, "cmdq": 0, "read": {"device_start": -1, "device_end": -1}}, "empty62": {"write": {"device_start": 1585586743.826389, "host_queued_start": 1585586809.237353, "device_queued": 1585586743.8262846, "device_end": 1585586743.8264472, "host_queued_end": 1585586809.248237}, "device": "gpu", "nd_range": {"device_start": 1585586743.8264542, "device_end": 1585586743.8264606}, "cmdq": 1, "read": {"device_start": -1, "device_end": -1}}, "FFC_sans_bias58": {"write": {"device_start": -1, "host_queued_start": 1585586809.24489, "device_queued": -1, "device_end": -1, "host_queued_end": 1585586809.248237}, "device": "gpu", "nd_range": {"device_start": 1585586743.8298652, "device_end": 1585586743.8304777}, "cmdq": 1, "read": {"device_start": -1, "device_end": -1}}, "softmax41": {"write": {"device_start": -1, "host_queued_start": 1585586809.274065, "device_queued": -1, "device_end": -1, "host_queued_end": 1585586809.280822}, "device": "cpu", "nd_range": {"device_start": 2254583.56830079, "device_end": 2254583.5685053533}, "cmdq": 1, "read": {"device_start": -1, "device_end": -1}}, "FFC_sans_bias11": {"write": {"device_start": -1, "host_queued_start": 1585586809.259746, "device_queued": -1, "device_end": -1, "host_queued_end": 1585586809.280822}, "device": "cpu", "nd_range": {"device_start": 2254583.483857979, "device_end": 2254583.499182152}, "cmdq": 1, "read": {"device_start": -1, "device_end": -1}}, "FFC_sans_bias10": {"write": {"device_start": -1, "host_queued_start": 1585586809.258685, "device_queued": -1, "device_end": -1, "host_queued_end": 1585586809.280822}, "device": "cpu", "nd_range": {"device_start": 2254583.484293988, "device_end": 2254583.4918886214}, "cmdq": 0, "read": {"device_start": -1, "device_end": -1}}, "coalesced_transpose3": {"write": {"device_start": -1, "host_queued_start": 1585586809.269674, "device_queued": -1, "device_end": -1, "host_queued_end": 1585586809.280822}, "device": "cpu", "nd_range": {"device_start": 2254583.5314986943, "device_end": 2254583.5317490404}, "cmdq": 2, "read": {"device_start": -1, "device_end": -1}}, "FFC_sans_bias34": {"write": {"device_start": -1, "host_queued_start": 1585586809.279795, "device_queued": -1, "device_end": -1, "host_queued_end": 1585586809.280822}, "device": "cpu", "nd_range": {"device_start": 2254583.599618882, "device_end": 2254583.608153215}, "cmdq": 1, "read": {"device_start": -1, "device_end": -1}}, "FFC_sans_bias15": {"write": {"device_start": -1, "host_queued_start": 1585586809.274736, "device_queued": -1, "device_end": -1, "host_queued_end": 1585586809.280822}, "device": "cpu", "nd_range": {"device_start": 2254583.559112226, "device_end": 2254583.571429998}, "cmdq": 0, "read": {"device_start": -1, "device_end": -1}}, "FFC_sans_bias31": {"write": {"device_start": -1, "host_queued_start": 1585586809.27236, "device_queued": -1, "device_end": -1, "host_queued_end": 1585586809.280822}, "device": "cpu", "nd_range": {"device_start": 2254583.544460967, "device_end": 2254583.558244295}, "cmdq": 1, "read": {"device_start": -1, "device_end": -1}}, "FFC_sans_bias16": {"write": {"device_start": -1, "host_queued_start": 1585586809.277794, "device_queued": -1, "device_end": -1, "host_queued_end": 1585586809.280822}, "device": "cpu", "nd_range": {"device_start": 2254583.598296383, "device_end": 2254583.605945217}, "cmdq": 2, "read": {"device_start": -1, "device_end": -1}}, "FFC_sans_bias19": {"write": {"device_start": -1, "host_queued_start": 1585586809.261832, "device_queued": -1, "device_end": -1, "host_queued_end": 1585586809.280822}, "device": "cpu", "nd_range": {"device_start": 2254583.4918963993, "device_end": 2254583.504376011}, "cmdq": 0, "read": {"device_start": -1, "device_end": -1}}, "FFC_sans_bias18": {"write": {"device_start": -1, "host_queued_start": 1585586809.260786, "device_queued": -1, "device_end": -1, "host_queued_end": 1585586809.280822}, "device": "cpu", "nd_range": {"device_start": 2254583.4936613683, "device_end": 2254583.50780114}, "cmdq": 2, "read": {"device_start": -1, "device_end": -1}}, "coalesced_transpose30": {"write": {"device_start": -1, "host_queued_start": 1585586809.270672, "device_queued": -1, "device_end": -1, "host_queued_end": 1585586809.280822}, "device": "cpu", "nd_range": {"device_start": 2254583.531864435, "device_end": 2254583.5321111293}, "cmdq": 2, "read": {"device_start": -1, "device_end": -1}}, "FFC_sans_bias38": {"write": {"device_start": -1, "host_queued_start": 1585586809.269342, "device_queued": -1, "device_end": -1, "host_queued_end": 1585586809.280822}, "device": "cpu", "nd_range": {"device_start": 2254583.526286934, "device_end": 2254583.5365589513}, "cmdq": 1, "read": {"device_start": -1, "device_end": -1}}, "coalesced_transpose57": {"write": {"device_start": -1, "host_queued_start": 1585586809.24426, "device_queued": -1, "device_end": -1, "host_queued_end": 1585586809.248237}, "device": "gpu", "nd_range": {"device_start": 1585586743.829524, "device_end": 1585586743.8298643}, "cmdq": 1, "read": {"device_start": -1, "device_end": -1}}, "empty26": {"write": {"device_start": -1, "host_queued_start": 1585586809.251638, "device_queued": -1, "device_end": -1, "host_queued_end": 1585586809.280822}, "device": "cpu", "nd_range": {"device_start": 2254583.470477578, "device_end": 2254583.4704832053}, "cmdq": 2, "read": {"device_start": -1, "device_end": -1}}, "coalesced_transpose12": {"write": {"device_start": -1, "host_queued_start": 1585586809.270005, "device_queued": -1, "device_end": -1, "host_queued_end": 1585586809.280822}, "device": "cpu", "nd_range": {"device_start": 2254583.539612411, "device_end": 2254583.540134061}, "cmdq": 0, "read": {"device_start": -1, "device_end": -1}}, "empty44": {"write": {"device_start": -1, "host_queued_start": 1585586809.253274, "device_queued": -1, "device_end": -1, "host_queued_end": 1585586809.280822}, "device": "cpu", "nd_range": {"device_start": 2254583.4704472884, "device_end": 2254583.470448329}, "cmdq": 1, "read": {"device_start": -1, "device_end": -1}}, "coalesced_transpose21": {"write": {"device_start": -1, "host_queued_start": 1585586809.270337, "device_queued": -1, "device_end": -1, "host_queued_end": 1585586809.280822}, "device": "cpu", "nd_range": {"device_start": 2254583.536569112, "device_end": 2254583.536750862}, "cmdq": 1, "read": {"device_start": -1, "device_end": -1}}, "FFC_sans_bias36": {"write": {"device_start": -1, "host_queued_start": 1585586809.267155, "device_queued": -1, "device_end": -1, "host_queued_end": 1585586809.280822}, "device": "cpu", "nd_range": {"device_start": 2254583.515531145, "device_end": 2254583.531381191}, "cmdq": 2, "read": {"device_start": -1, "device_end": -1}}, "softmax14": {"write": {"device_start": -1, "host_queued_start": 1585586809.27325, "device_queued": -1, "device_end": -1, "host_queued_end": 1585586809.280822}, "device": "cpu", "nd_range": {"device_start": 2254583.558785301, "device_end": 2254583.558992819}, "cmdq": 1, "read": {"device_start": -1, "device_end": -1}}, "FFC_sans_bias13": {"write": {"device_start": -1, "host_queued_start": 1585586809.271683, "device_queued": -1, "device_end": -1, "host_queued_end": 1585586809.280822}, "device": "cpu", "nd_range": {"device_start": 2254583.5443341653, "device_end": 2254583.558644696}, "cmdq": 2, "read": {"device_start": -1, "device_end": -1}}, "empty8": {"write": {"device_start": -1, "host_queued_start": 1585586809.249531, "device_queued": -1, "device_end": -1, "host_queued_end": 1585586809.280822}, "device": "cpu", "nd_range": {"device_start": 2254583.4704143372, "device_end": 2254583.4704268184}, "cmdq": 0, "read": {"device_start": -1, "device_end": -1}}, "FFC_sans_bias42": {"write": {"device_start": -1, "host_queued_start": 1585586809.275759, "device_queued": -1, "device_end": -1, "host_queued_end": 1585586809.280822}, "device": "cpu", "nd_range": {"device_start": 2254583.5714384373, "device_end": 2254583.586760416}, "cmdq": 0, "read": {"device_start": -1, "device_end": -1}}, "FFC_sans_bias43": {"write": {"device_start": -1, "host_queued_start": 1585586809.280778, "device_queued": -1, "device_end": -1, "host_queued_end": 1585586809.280822}, "device": "cpu", "nd_range": {"device_start": 2254583.60699015, "device_end": 2254583.61138931}, "cmdq": 2, "read": {"device_start": -1, "device_end": -1}}, "FFC_sans_bias40": {"write": {"device_start": -1, "host_queued_start": 1585586809.272704, "device_queued": -1, "device_end": -1, "host_queued_end": 1585586809.280822}, "device": "cpu", "nd_range": {"device_start": 2254583.558784561, "device_end": 2254583.567339513}, "cmdq": 2, "read": {"device_start": -1, "device_end": -1}}, "softmax32": {"write": {"device_start": -1, "host_queued_start": 1585586809.273794, "device_queued": -1, "device_end": -1, "host_queued_end": 1585586809.280822}, "device": "cpu", "nd_range": {"device_start": 2254583.558364972, "device_end": 2254583.5585126863}, "cmdq": 0, "read": {"device_start": -1, "device_end": -1}}, "FFC_sans_bias47": {"write": {"device_start": 1585586743.827275, "host_queued_start": 1585586809.240522, "device_queued": 1585586743.8266246, "device_end": 1585586743.8273065, "host_queued_end": 1585586809.248237}, "device": "gpu", "nd_range": {"device_start": 1585586743.8273115, "device_end": 1585586743.8280857}, "cmdq": 0, "read": {"device_start": -1, "device_end": -1}}, "FFC_sans_bias45": {"write": {"device_start": 1585586743.826478, "host_queued_start": 1585586809.238444, "device_queued": 1585586743.8263457, "device_end": 1585586743.8265028, "host_queued_end": 1585586809.248237}, "device": "gpu", "nd_range": {"device_start": 1585586743.8265114, "device_end": 1585586743.8271117}, "cmdq": 0, "read": {"device_start": -1, "device_end": -1}}, "softmax50": {"write": {"device_start": -1, "host_queued_start": 1585586809.245141, "device_queued": -1, "device_end": -1, "host_queued_end": 1585586809.248237}, "device": "gpu", "nd_range": {"device_start": 1585586743.8299878, "device_end": 1585586743.8305225}, "cmdq": 0, "read": {"device_start": -1, "device_end": -1}}, "FFC_sans_bias33": {"write": {"device_start": -1, "host_queued_start": 1585586809.275416, "device_queued": -1, "device_end": -1, "host_queued_end": 1585586809.280822}, "device": "cpu", "nd_range": {"device_start": 2254583.5830369443, "device_end": 2254583.598288944}, "cmdq": 2, "read": {"device_start": -1, "device_end": -1}}, "FFC_sans_bias49": {"write": {"device_start": -1, "host_queued_start": 1585586809.244574, "device_queued": -1, "device_end": -1, "host_queued_end": 1585586809.248237}, "device": "gpu", "nd_range": {"device_start": 1585586743.8293798, "device_end": 1585586743.8299863}, "cmdq": 0, "read": {"device_start": -1, "device_end": -1}}, "FFC_sans_bias24": {"write": {"device_start": -1, "host_queued_start": 1585586809.275078, "device_queued": -1, "device_end": -1, "host_queued_end": 1585586809.280822}, "device": "cpu", "nd_range": {"device_start": 2254583.568619024, "device_end": 2254583.5839763163}, "cmdq": 1, "read": {"device_start": -1, "device_end": -1}}, "FFC_sans_bias25": {"write": {"device_start": -1, "host_queued_start": 1585586809.278805, "device_queued": -1, "device_end": -1, "host_queued_end": 1585586809.280822}, "device": "cpu", "nd_range": {"device_start": 2254583.586767409, "device_end": 2254583.601990582}, "cmdq": 0, "read": {"device_start": -1, "device_end": -1}}, "FFC_sans_bias27": {"write": {"device_start": -1, "host_queued_start": 1585586809.263953, "device_queued": -1, "device_end": -1, "host_queued_end": 1585586809.280822}, "device": "cpu", "nd_range": {"device_start": 2254583.5079278853, "device_end": 2254583.514587815}, "cmdq": 2, "read": {"device_start": -1, "device_end": -1}}, "FFC_sans_bias20": {"write": {"device_start": -1, "host_queued_start": 1585586809.26291, "device_queued": -1, "device_end": -1, "host_queued_end": 1585586809.280822}, "device": "cpu", "nd_range": {"device_start": 2254583.499298428, "device_end": 2254583.5135866413}, "cmdq": 1, "read": {"device_start": -1, "device_end": -1}}, "FFC_sans_bias22": {"write": {"device_start": -1, "host_queued_start": 1585586809.272022, "device_queued": -1, "device_end": -1, "host_queued_end": 1585586809.280822}, "device": "cpu", "nd_range": {"device_start": 2254583.5403991602, "device_end": 2254583.555558435}, "cmdq": 0, "read": {"device_start": -1, "device_end": -1}}, "softmax5": {"write": {"device_start": -1, "host_queued_start": 1585586809.272978, "device_queued": -1, "device_end": -1, "host_queued_end": 1585586809.280822}, "device": "cpu", "nd_range": {"device_start": 2254583.555699515, "device_end": 2254583.555918573}, "cmdq": 0, "read": {"device_start": -1, "device_end": -1}}, "FFC_sans_bias28": {"write": {"device_start": -1, "host_queued_start": 1585586809.264998, "device_queued": -1, "device_end": -1, "host_queued_end": 1585586809.280822}, "device": "cpu", "nd_range": {"device_start": 2254583.509154697, "device_end": 2254583.5236469293}, "cmdq": 0, "read": {"device_start": -1, "device_end": -1}}, "FFC_sans_bias29": {"write": {"device_start": -1, "host_queued_start": 1585586809.266087, "device_queued": -1, "device_end": -1, "host_queued_end": 1585586809.280822}, "device": "cpu", "nd_range": {"device_start": 2254583.513702804, "device_end": 2254583.526166541}, "cmdq": 1, "read": {"device_start": -1, "device_end": -1}}, "empty17": {"write": {"device_start": -1, "host_queued_start": 1585586809.250633, "device_queued": -1, "device_end": -1, "host_queued_end": 1585586809.280822}, "device": "cpu", "nd_range": {"device_start": 2254583.4704159233, "device_end": 2254583.470426836}, "cmdq": 1, "read": {"device_start": -1, "device_end": -1}}, "softmax59": {"write": {"device_start": -1, "host_queued_start": 1585586809.245398, "device_queued": -1, "device_end": -1, "host_queued_end": 1585586809.248237}, "device": "gpu", "nd_range": {"device_start": 1585586743.8304787, "device_end": 1585586743.8308156}, "cmdq": 1, "read": {"device_start": -1, "device_end": -1}}, "empty35": {"write": {"device_start": -1, "host_queued_start": 1585586809.252472, "device_queued": -1, "device_end": -1, "host_queued_end": 1585586809.280822}, "device": "cpu", "nd_range": {"device_start": 2254583.4704469442, "device_end": 2254583.470447959}, "cmdq": 0, "read": {"device_start": -1, "device_end": -1}}, "empty53": {"write": {"device_start": 1585586743.8262892, "host_queued_start": 1585586809.236159, "device_queued": 1585586743.8261664, "device_end": 1585586743.8263183, "host_queued_end": 1585586809.248237}, "device": "gpu", "nd_range": {"device_start": 1585586743.8263223, "device_end": 1585586743.826329}, "cmdq": 0, "read": {"device_start": -1, "device_end": -1}}, "FFC_sans_bias46": {"write": {"device_start": 1585586743.8266711, "host_queued_start": 1585586809.239482, "device_queued": 1585586743.8265688, "device_end": 1585586743.8267026, "host_queued_end": 1585586809.248237}, "device": "gpu", "nd_range": {"device_start": 1585586743.826706, "device_end": 1585586743.8275168}, "cmdq": 1, "read": {"device_start": -1, "device_end": -1}}, "coalesced_transpose48": {"write": {"device_start": -1, "host_queued_start": 1585586809.243961, "device_queued": -1, "device_end": -1, "host_queued_end": 1585586809.248237}, "device": "gpu", "nd_range": {"device_start": 1585586743.82905, "device_end": 1585586743.8293786}, "cmdq": 0, "read": {"device_start": -1, "device_end": -1}}}