{"FFC_sans_bias60": {"write": {"device_start": -1, "host_queued_start": 1585586712.721359, "device_queued": -1, "device_end": -1, "host_queued_end": 1585586712.726774}, "device": "gpu", "nd_range": {"device_start": 1585586647.3259974, "device_end": 1585586647.3265975}, "cmdq": 0, "read": {"device_start": -1, "device_end": -1}}, "FFC_sans_bias4": {"write": {"device_start": -1, "host_queued_start": 1585586712.737588, "device_queued": -1, "device_end": -1, "host_queued_end": 1585586712.741411}, "device": "cpu", "nd_range": {"device_start": 2254486.954260035, "device_end": 2254486.9610140272}, "cmdq": 2, "read": {"device_start": -1, "device_end": -1}}, "FFC_sans_bias7": {"write": {"device_start": -1, "host_queued_start": 1585586712.740377, "device_queued": -1, "device_end": -1, "host_queued_end": 1585586712.741411}, "device": "cpu", "nd_range": {"device_start": 2254486.96818633, "device_end": 2254486.975997933}, "cmdq": 0, "read": {"device_start": -1, "device_end": -1}}, "FFC_sans_bias6": {"write": {"device_start": -1, "host_queued_start": 1585586712.738978, "device_queued": -1, "device_end": -1, "host_queued_end": 1585586712.741411}, "device": "cpu", "nd_range": {"device_start": 2254486.961296095, "device_end": 2254486.96776284}, "cmdq": 2, "read": {"device_start": -1, "device_end": -1}}, "FFC_sans_bias1": {"write": {"device_start": -1, "host_queued_start": 1585586712.731782, "device_queued": -1, "device_end": -1, "host_queued_end": 1585586712.741411}, "device": "cpu", "nd_range": {"device_start": 2254486.931109276, "device_end": 2254486.9464003514}, "cmdq": 3, "read": {"device_start": -1, "device_end": -1}}, "FFC_sans_bias0": {"write": {"device_start": -1, "host_queued_start": 1585586712.730565, "device_queued": -1, "device_end": -1, "host_queued_end": 1585586712.741411}, "device": "cpu", "nd_range": {"device_start": 2254486.9310303573, "device_end": 2254486.946892021}, "cmdq": 2, "read": {"device_start": -1, "device_end": -1}}, "FFC_sans_bias2": {"write": {"device_start": -1, "host_queued_start": 1585586712.733007, "device_queued": -1, "device_end": -1, "host_queued_end": 1585586712.741411}, "device": "cpu", "nd_range": {"device_start": 2254486.931018329, "device_end": 2254486.946525834}, "cmdq": 0, "read": {"device_start": -1, "device_end": -1}}, "FFC_sans_bias61": {"write": {"device_start": 1585586647.3298283, "host_queued_start": 1585586712.726676, "device_queued": 1585586647.3103974, "device_end": 1585586647.329852, "host_queued_end": 1585586712.726774}, "device": "gpu", "nd_range": {"device_start": 1585586647.3298562, "device_end": 1585586647.330455}, "cmdq": 0, "read": {"device_start": 1585586647.330462, "device_end": 1585586647.3304853}}, "FFC_sans_bias52": {"write": {"device_start": 1585586647.329053, "host_queued_start": 1585586712.725617, "device_queued": 1585586647.3103406, "device_end": 1585586647.329077, "host_queued_end": 1585586712.726774}, "device": "gpu", "nd_range": {"device_start": 1585586647.3290796, "device_end": 1585586647.3296754}, "cmdq": 0, "read": {"device_start": 1585586647.3296776, "device_end": 1585586647.3297005}}, "FFC_sans_bias9": {"write": {"device_start": -1, "host_queued_start": 1585586712.734143, "device_queued": -1, "device_end": -1, "host_queued_end": 1585586712.741411}, "device": "cpu", "nd_range": {"device_start": 2254486.931019166, "device_end": 2254486.947346496}, "cmdq": 1, "read": {"device_start": -1, "device_end": -1}}, "coalesced_transpose39": {"write": {"device_start": -1, "host_queued_start": 1585586712.716397, "device_queued": -1, "device_end": -1, "host_queued_end": 1585586712.726774}, "device": "gpu", "nd_range": {"device_start": 1585586647.3195076, "device_end": 1585586647.3195157}, "cmdq": 0, "read": {"device_start": -1, "device_end": -1}}, "FFC_sans_bias55": {"write": {"device_start": 1585586647.3188586, "host_queued_start": 1585586712.71543, "device_queued": 1585586647.3091078, "device_end": 1585586647.3188877, "host_queued_end": 1585586712.726774}, "device": "gpu", "nd_range": {"device_start": 1585586647.3188941, "device_end": 1585586647.319487}, "cmdq": 0, "read": {"device_start": -1, "device_end": -1}}, "FFC_sans_bias54": {"write": {"device_start": 1585586647.3180978, "host_queued_start": 1585586712.714375, "device_queued": 1585586647.3089478, "device_end": 1585586647.318127, "host_queued_end": 1585586712.726774}, "device": "gpu", "nd_range": {"device_start": 1585586647.3181298, "device_end": 1585586647.3187416}, "cmdq": 0, "read": {"device_start": -1, "device_end": -1}}, "FFC_sans_bias56": {"write": {"device_start": 1585586647.3173287, "host_queued_start": 1585586712.713345, "device_queued": 1585586647.3088963, "device_end": 1585586647.3173583, "host_queued_end": 1585586712.726774}, "device": "gpu", "nd_range": {"device_start": 1585586647.3173642, "device_end": 1585586647.3179677}, "cmdq": 0, "read": {"device_start": -1, "device_end": -1}}, "FFC_sans_bias51": {"write": {"device_start": -1, "host_queued_start": 1585586712.72105, "device_queued": -1, "device_end": -1, "host_queued_end": 1585586712.726774}, "device": "gpu", "nd_range": {"device_start": 1585586647.325403, "device_end": 1585586647.3259962}, "cmdq": 0, "read": {"device_start": -1, "device_end": -1}}, "softmax23": {"write": {"device_start": -1, "host_queued_start": 1585586712.71881, "device_queued": -1, "device_end": -1, "host_queued_end": 1585586712.726774}, "device": "gpu", "nd_range": {"device_start": 1585586647.3225424, "device_end": 1585586647.3227549}, "cmdq": 0, "read": {"device_start": -1, "device_end": -1}}, "FFC_sans_bias37": {"write": {"device_start": 1585586647.313544, "host_queued_start": 1585586712.708086, "device_queued": 1585586647.3083556, "device_end": 1585586647.3135743, "host_queued_end": 1585586712.726774}, "device": "gpu", "nd_range": {"device_start": 1585586647.3135774, "device_end": 1585586647.3141887}, "cmdq": 0, "read": {"device_start": -1, "device_end": -1}}, "empty62": {"write": {"device_start": 1585586647.3080513, "host_queued_start": 1585586712.699748, "device_queued": 1585586647.3076055, "device_end": 1585586647.308081, "host_queued_end": 1585586712.726774}, "device": "gpu", "nd_range": {"device_start": 1585586647.3080845, "device_end": 1585586647.308088}, "cmdq": 0, "read": {"device_start": -1, "device_end": -1}}, "FFC_sans_bias58": {"write": {"device_start": -1, "host_queued_start": 1585586712.718554, "device_queued": -1, "device_end": -1, "host_queued_end": 1585586712.726774}, "device": "gpu", "nd_range": {"device_start": 1585586647.321943, "device_end": 1585586647.3225412}, "cmdq": 0, "read": {"device_start": -1, "device_end": -1}}, "softmax41": {"write": {"device_start": -1, "host_queued_start": 1585586712.719304, "device_queued": -1, "device_end": -1, "host_queued_end": 1585586712.726774}, "device": "gpu", "nd_range": {"device_start": 1585586647.3229673, "device_end": 1585586647.323177}, "cmdq": 0, "read": {"device_start": -1, "device_end": -1}}, "FFC_sans_bias11": {"write": {"device_start": -1, "host_queued_start": 1585586712.736461, "device_queued": -1, "device_end": -1, "host_queued_end": 1585586712.741411}, "device": "cpu", "nd_range": {"device_start": 2254486.9465279332, "device_end": 2254486.9565455983}, "cmdq": 3, "read": {"device_start": -1, "device_end": -1}}, "FFC_sans_bias10": {"write": {"device_start": -1, "host_queued_start": 1585586712.735356, "device_queued": -1, "device_end": -1, "host_queued_end": 1585586712.741411}, "device": "cpu", "nd_range": {"device_start": 2254486.947038143, "device_end": 2254486.954138662}, "cmdq": 2, "read": {"device_start": -1, "device_end": -1}}, "coalesced_transpose3": {"write": {"device_start": -1, "host_queued_start": 1585586712.73687, "device_queued": -1, "device_end": -1, "host_queued_end": 1585586712.741411}, "device": "cpu", "nd_range": {"device_start": 2254486.9500281913, "device_end": 2254486.95026288}, "cmdq": 0, "read": {"device_start": -1, "device_end": -1}}, "FFC_sans_bias34": {"write": {"device_start": 1585586647.3274996, "host_queued_start": 1585586712.723427, "device_queued": 1585586647.3101256, "device_end": 1585586647.3275228, "host_queued_end": 1585586712.726774}, "device": "gpu", "nd_range": {"device_start": 1585586647.3275263, "device_end": 1585586647.3281236}, "cmdq": 0, "read": {"device_start": 1585586647.3281324, "device_end": 1585586647.328155}}, "FFC_sans_bias15": {"write": {"device_start": -1, "host_queued_start": 1585586712.739319, "device_queued": -1, "device_end": -1, "host_queued_end": 1585586712.741411}, "device": "cpu", "nd_range": {"device_start": 2254486.975032596, "device_end": 2254486.982699349}, "cmdq": 3, "read": {"device_start": -1, "device_end": -1}}, "FFC_sans_bias31": {"write": {"device_start": -1, "host_queued_start": 1585586712.71762, "device_queued": -1, "device_end": -1, "host_queued_end": 1585586712.726774}, "device": "gpu", "nd_range": {"device_start": 1585586647.3201401, "device_end": 1585586647.320736}, "cmdq": 0, "read": {"device_start": -1, "device_end": -1}}, "FFC_sans_bias16": {"write": {"device_start": -1, "host_queued_start": 1585586712.741367, "device_queued": -1, "device_end": -1, "host_queued_end": 1585586712.741411}, "device": "cpu", "nd_range": {"device_start": 2254486.982716551, "device_end": 2254486.9866667823}, "cmdq": 1, "read": {"device_start": -1, "device_end": -1}}, "FFC_sans_bias19": {"write": {"device_start": 1585586647.3089943, "host_queued_start": 1585586712.701752, "device_queued": 1585586647.307698, "device_end": 1585586647.3090236, "host_queued_end": 1585586712.726774}, "device": "gpu", "nd_range": {"device_start": 1585586647.3090298, "device_end": 1585586647.3096309}, "cmdq": 0, "read": {"device_start": -1, "device_end": -1}}, "FFC_sans_bias18": {"write": {"device_start": 1585586647.3082223, "host_queued_start": 1585586712.700711, "device_queued": 1585586647.3076553, "device_end": 1585586647.3082542, "host_queued_end": 1585586712.726774}, "device": "gpu", "nd_range": {"device_start": 1585586647.3082628, "device_end": 1585586647.3088598}, "cmdq": 0, "read": {"device_start": -1, "device_end": -1}}, "coalesced_transpose30": {"write": {"device_start": -1, "host_queued_start": 1585586712.71607, "device_queued": -1, "device_end": -1, "host_queued_end": 1585586712.726774}, "device": "gpu", "nd_range": {"device_start": 1585586647.3194973, "device_end": 1585586647.319506}, "cmdq": 0, "read": {"device_start": -1, "device_end": -1}}, "FFC_sans_bias38": {"write": {"device_start": 1585586647.314315, "host_queued_start": 1585586712.709122, "device_queued": 1585586647.3085191, "device_end": 1585586647.3143446, "host_queued_end": 1585586712.726774}, "device": "gpu", "nd_range": {"device_start": 1585586647.3143475, "device_end": 1585586647.314946}, "cmdq": 0, "read": {"device_start": -1, "device_end": -1}}, "coalesced_transpose57": {"write": {"device_start": -1, "host_queued_start": 1585586712.716989, "device_queued": -1, "device_end": -1, "host_queued_end": 1585586712.726774}, "device": "gpu", "nd_range": {"device_start": 1585586647.319526, "device_end": 1585586647.3195345}, "cmdq": 0, "read": {"device_start": -1, "device_end": -1}}, "empty26": {"write": {"device_start": 1585586647.3073695, "host_queued_start": 1585586712.69603, "device_queued": 1585586647.3072362, "device_end": 1585586647.3073967, "host_queued_end": 1585586712.726774}, "device": "gpu", "nd_range": {"device_start": 1585586647.3073995, "device_end": 1585586647.3074043}, "cmdq": 0, "read": {"device_start": -1, "device_end": -1}}, "coalesced_transpose12": {"write": {"device_start": -1, "host_queued_start": 1585586712.737196, "device_queued": -1, "device_end": -1, "host_queued_end": 1585586712.741411}, "device": "cpu", "nd_range": {"device_start": 2254486.955840027, "device_end": 2254486.9560760413}, "cmdq": 1, "read": {"device_start": -1, "device_end": -1}}, "empty44": {"write": {"device_start": 1585586647.3077154, "host_queued_start": 1585586712.698105, "device_queued": 1585586647.3074145, "device_end": 1585586647.3077455, "host_queued_end": 1585586712.726774}, "device": "gpu", "nd_range": {"device_start": 1585586647.3077478, "device_end": 1585586647.3077514}, "cmdq": 0, "read": {"device_start": -1, "device_end": -1}}, "coalesced_transpose21": {"write": {"device_start": -1, "host_queued_start": 1585586712.715767, "device_queued": -1, "device_end": -1, "host_queued_end": 1585586712.726774}, "device": "gpu", "nd_range": {"device_start": 1585586647.319488, "device_end": 1585586647.3194964}, "cmdq": 0, "read": {"device_start": -1, "device_end": -1}}, "FFC_sans_bias36": {"write": {"device_start": 1585586647.3127851, "host_queued_start": 1585586712.707054, "device_queued": 1585586647.308316, "device_end": 1585586647.3128145, "host_queued_end": 1585586712.726774}, "device": "gpu", "nd_range": {"device_start": 1585586647.3128173, "device_end": 1585586647.3134193}, "cmdq": 0, "read": {"device_start": -1, "device_end": -1}}, "softmax14": {"write": {"device_start": -1, "host_queued_start": 1585586712.738579, "device_queued": -1, "device_end": -1, "host_queued_end": 1585586712.741411}, "device": "cpu", "nd_range": {"device_start": 2254486.9745194362, "device_end": 2254486.975015284}, "cmdq": 1, "read": {"device_start": -1, "device_end": -1}}, "FFC_sans_bias13": {"write": {"device_start": -1, "host_queued_start": 1585586712.737928, "device_queued": -1, "device_end": -1, "host_queued_end": 1585586712.741411}, "device": "cpu", "nd_range": {"device_start": 2254486.961658509, "device_end": 2254486.974510841}, "cmdq": 3, "read": {"device_start": -1, "device_end": -1}}, "empty8": {"write": {"device_start": -1, "host_queued_start": 1585586712.728315, "device_queued": -1, "device_end": -1, "host_queued_end": 1585586712.741411}, "device": "cpu", "nd_range": {"device_start": 2254486.930987888, "device_end": 2254486.930997446}, "cmdq": 0, "read": {"device_start": -1, "device_end": -1}}, "FFC_sans_bias42": {"write": {"device_start": -1, "host_queued_start": 1585586712.720737, "device_queued": -1, "device_end": -1, "host_queued_end": 1585586712.726774}, "device": "gpu", "nd_range": {"device_start": 1585586647.3248024, "device_end": 1585586647.325402}, "cmdq": 0, "read": {"device_start": -1, "device_end": -1}}, "FFC_sans_bias43": {"write": {"device_start": 1585586647.328285, "host_queued_start": 1585586712.72455, "device_queued": 1585586647.3101828, "device_end": 1585586647.3283088, "host_queued_end": 1585586712.726774}, "device": "gpu", "nd_range": {"device_start": 1585586647.3283126, "device_end": 1585586647.3288991}, "cmdq": 0, "read": {"device_start": 1585586647.3289025, "device_end": 1585586647.3289247}}, "FFC_sans_bias40": {"write": {"device_start": -1, "host_queued_start": 1585586712.717932, "device_queued": -1, "device_end": -1, "host_queued_end": 1585586712.726774}, "device": "gpu", "nd_range": {"device_start": 1585586647.3207376, "device_end": 1585586647.3213382}, "cmdq": 0, "read": {"device_start": -1, "device_end": -1}}, "softmax32": {"write": {"device_start": -1, "host_queued_start": 1585586712.719056, "device_queued": -1, "device_end": -1, "host_queued_end": 1585586712.726774}, "device": "gpu", "nd_range": {"device_start": 1585586647.322756, "device_end": 1585586647.3229663}, "cmdq": 0, "read": {"device_start": -1, "device_end": -1}}, "FFC_sans_bias47": {"write": {"device_start": 1585586647.316572, "host_queued_start": 1585586712.712315, "device_queued": 1585586647.3087435, "device_end": 1585586647.3166046, "host_queued_end": 1585586712.726774}, "device": "gpu", "nd_range": {"device_start": 1585586647.3166184, "device_end": 1585586647.3172166}, "cmdq": 0, "read": {"device_start": -1, "device_end": -1}}, "FFC_sans_bias45": {"write": {"device_start": 1585586647.3150625, "host_queued_start": 1585586712.710191, "device_queued": 1585586647.3085582, "device_end": 1585586647.3150926, "host_queued_end": 1585586712.726774}, "device": "gpu", "nd_range": {"device_start": 1585586647.315097, "device_end": 1585586647.3157003}, "cmdq": 0, "read": {"device_start": -1, "device_end": -1}}, "softmax50": {"write": {"device_start": -1, "host_queued_start": 1585586712.71955, "device_queued": -1, "device_end": -1, "host_queued_end": 1585586712.726774}, "device": "gpu", "nd_range": {"device_start": 1585586647.323178, "device_end": 1585586647.323388}, "cmdq": 0, "read": {"device_start": -1, "device_end": -1}}, "FFC_sans_bias33": {"write": {"device_start": -1, "host_queued_start": 1585586712.72042, "device_queued": -1, "device_end": -1, "host_queued_end": 1585586712.726774}, "device": "gpu", "nd_range": {"device_start": 1585586647.3242013, "device_end": 1585586647.3248012}, "cmdq": 0, "read": {"device_start": -1, "device_end": -1}}, "FFC_sans_bias49": {"write": {"device_start": -1, "host_queued_start": 1585586712.71824, "device_queued": -1, "device_end": -1, "host_queued_end": 1585586712.726774}, "device": "gpu", "nd_range": {"device_start": 1585586647.3213396, "device_end": 1585586647.3219419}, "cmdq": 0, "read": {"device_start": -1, "device_end": -1}}, "FFC_sans_bias24": {"write": {"device_start": -1, "host_queued_start": 1585586712.720105, "device_queued": -1, "device_end": -1, "host_queued_end": 1585586712.726774}, "device": "gpu", "nd_range": {"device_start": 1585586647.3236008, "device_end": 1585586647.3242002}, "cmdq": 0, "read": {"device_start": -1, "device_end": -1}}, "FFC_sans_bias25": {"write": {"device_start": 1585586647.3267004, "host_queued_start": 1585586712.722373, "device_queued": 1585586647.3099647, "device_end": 1585586647.326725, "host_queued_end": 1585586712.726774}, "device": "gpu", "nd_range": {"device_start": 1585586647.3267288, "device_end": 1585586647.3273268}, "cmdq": 0, "read": {"device_start": 1585586647.3273342, "device_end": 1585586647.3273585}}, "FFC_sans_bias27": {"write": {"device_start": 1585586647.3104823, "host_queued_start": 1585586712.703874, "device_queued": 1585586647.3079672, "device_end": 1585586647.310511, "host_queued_end": 1585586712.726774}, "device": "gpu", "nd_range": {"device_start": 1585586647.3105211, "device_end": 1585586647.3111348}, "cmdq": 0, "read": {"device_start": -1, "device_end": -1}}, "FFC_sans_bias20": {"write": {"device_start": 1585586647.3097658, "host_queued_start": 1585586712.702836, "device_queued": 1585586647.3079088, "device_end": 1585586647.309795, "host_queued_end": 1585586712.726774}, "device": "gpu", "nd_range": {"device_start": 1585586647.309801, "device_end": 1585586647.310398}, "cmdq": 0, "read": {"device_start": -1, "device_end": -1}}, "FFC_sans_bias22": {"write": {"device_start": -1, "host_queued_start": 1585586712.717303, "device_queued": -1, "device_end": -1, "host_queued_end": 1585586712.726774}, "device": "gpu", "nd_range": {"device_start": 1585586647.3195357, "device_end": 1585586647.320139}, "cmdq": 0, "read": {"device_start": -1, "device_end": -1}}, "softmax5": {"write": {"device_start": -1, "host_queued_start": 1585586712.738305, "device_queued": -1, "device_end": -1, "host_queued_end": 1585586712.741411}, "device": "cpu", "nd_range": {"device_start": 2254486.96102106, "device_end": 2254486.9611578453}, "cmdq": 0, "read": {"device_start": -1, "device_end": -1}}, "FFC_sans_bias28": {"write": {"device_start": 1585586647.3112533, "host_queued_start": 1585586712.704922, "device_queued": 1585586647.308127, "device_end": 1585586647.3112829, "host_queued_end": 1585586712.726774}, "device": "gpu", "nd_range": {"device_start": 1585586647.3112888, "device_end": 1585586647.3118896}, "cmdq": 0, "read": {"device_start": -1, "device_end": -1}}, "FFC_sans_bias29": {"write": {"device_start": 1585586647.3120153, "host_queued_start": 1585586712.705991, "device_queued": 1585586647.308181, "device_end": 1585586647.3120453, "host_queued_end": 1585586712.726774}, "device": "gpu", "nd_range": {"device_start": 1585586647.3120527, "device_end": 1585586647.3126607}, "cmdq": 0, "read": {"device_start": -1, "device_end": -1}}, "empty17": {"write": {"device_start": -1, "host_queued_start": 1585586712.729418, "device_queued": -1, "device_end": -1, "host_queued_end": 1585586712.741411}, "device": "cpu", "nd_range": {"device_start": 2254486.9309879243, "device_end": 2254486.9309974383}, "cmdq": 1, "read": {"device_start": -1, "device_end": -1}}, "softmax59": {"write": {"device_start": -1, "host_queued_start": 1585586712.719793, "device_queued": -1, "device_end": -1, "host_queued_end": 1585586712.726774}, "device": "gpu", "nd_range": {"device_start": 1585586647.32339, "device_end": 1585586647.3235998}, "cmdq": 0, "read": {"device_start": -1, "device_end": -1}}, "empty35": {"write": {"device_start": 1585586647.3075159, "host_queued_start": 1585586712.69722, "device_queued": 1585586647.3073866, "device_end": 1585586647.3075423, "host_queued_end": 1585586712.726774}, "device": "gpu", "nd_range": {"device_start": 1585586647.307547, "device_end": 1585586647.3075569}, "cmdq": 0, "read": {"device_start": -1, "device_end": -1}}, "empty53": {"write": {"device_start": 1585586647.3078997, "host_queued_start": 1585586712.698942, "device_queued": 1585586647.3074396, "device_end": 1585586647.3079312, "host_queued_end": 1585586712.726774}, "device": "gpu", "nd_range": {"device_start": 1585586647.3079429, "device_end": 1585586647.3079467}, "cmdq": 0, "read": {"device_start": -1, "device_end": -1}}, "FFC_sans_bias46": {"write": {"device_start": 1585586647.3158164, "host_queued_start": 1585586712.711277, "device_queued": 1585586647.3087037, "device_end": 1585586647.3158462, "host_queued_end": 1585586712.726774}, "device": "gpu", "nd_range": {"device_start": 1585586647.3158529, "device_end": 1585586647.316451}, "cmdq": 0, "read": {"device_start": -1, "device_end": -1}}, "coalesced_transpose48": {"write": {"device_start": -1, "host_queued_start": 1585586712.716697, "device_queued": -1, "device_end": -1, "host_queued_end": 1585586712.726774}, "device": "gpu", "nd_range": {"device_start": 1585586647.3195167, "device_end": 1585586647.319525}, "cmdq": 0, "read": {"device_start": -1, "device_end": -1}}}