{"FFC_sans_bias60": {"write": {"device_start": -1, "host_queued_start": 1585586715.428662, "device_queued": -1, "device_end": -1, "host_queued_end": 1585586715.432937}, "device": "gpu", "nd_range": {"device_start": 1585586650.0276642, "device_end": 1585586650.0282648}, "cmdq": 0, "read": {"device_start": -1, "device_end": -1}}, "FFC_sans_bias4": {"write": {"device_start": -1, "host_queued_start": 1585586715.447388, "device_queued": -1, "device_end": -1, "host_queued_end": 1585586715.453294}, "device": "cpu", "nd_range": {"device_start": 2254489.6872969093, "device_end": 2254489.695554708}, "cmdq": 3, "read": {"device_start": -1, "device_end": -1}}, "FFC_sans_bias7": {"write": {"device_start": -1, "host_queued_start": 1585586715.451218, "device_queued": -1, "device_end": -1, "host_queued_end": 1585586715.453294}, "device": "cpu", "nd_range": {"device_start": 2254489.703796397, "device_end": 2254489.721849237}, "cmdq": 0, "read": {"device_start": -1, "device_end": -1}}, "FFC_sans_bias6": {"write": {"device_start": -1, "host_queued_start": 1585586715.449294, "device_queued": -1, "device_end": -1, "host_queued_end": 1585586715.453294}, "device": "cpu", "nd_range": {"device_start": 2254489.696017127, "device_end": 2254489.703668424}, "cmdq": 1, "read": {"device_start": -1, "device_end": -1}}, "FFC_sans_bias1": {"write": {"device_start": -1, "host_queued_start": 1585586715.438479, "device_queued": -1, "device_end": -1, "host_queued_end": 1585586715.453294}, "device": "cpu", "nd_range": {"device_start": 2254489.6428801683, "device_end": 2254489.6582007003}, "cmdq": 0, "read": {"device_start": -1, "device_end": -1}}, "FFC_sans_bias0": {"write": {"device_start": -1, "host_queued_start": 1585586715.437388, "device_queued": -1, "device_end": -1, "host_queued_end": 1585586715.453294}, "device": "cpu", "nd_range": {"device_start": 2254489.642889164, "device_end": 2254489.658177894}, "cmdq": 3, "read": {"device_start": -1, "device_end": -1}}, "FFC_sans_bias2": {"write": {"device_start": -1, "host_queued_start": 1585586715.439561, "device_queued": -1, "device_end": -1, "host_queued_end": 1585586715.453294}, "device": "cpu", "nd_range": {"device_start": 2254489.6431741463, "device_end": 2254489.658332249}, "cmdq": 1, "read": {"device_start": -1, "device_end": -1}}, "FFC_sans_bias61": {"write": {"device_start": 1585586650.0309007, "host_queued_start": 1585586715.432836, "device_queued": 1585586650.0159757, "device_end": 1585586650.03093, "host_queued_end": 1585586715.432937}, "device": "gpu", "nd_range": {"device_start": 1585586650.0309374, "device_end": 1585586650.0315263}, "cmdq": 0, "read": {"device_start": 1585586650.0315354, "device_end": 1585586650.0315585}}, "FFC_sans_bias52": {"write": {"device_start": 1585586650.0300612, "host_queued_start": 1585586715.431796, "device_queued": 1585586650.0159059, "device_end": 1585586650.0300906, "host_queued_end": 1585586715.432937}, "device": "gpu", "nd_range": {"device_start": 1585586650.0300977, "device_end": 1585586650.0306942}, "cmdq": 0, "read": {"device_start": 1585586650.030701, "device_end": 1585586650.030724}}, "FFC_sans_bias9": {"write": {"device_start": -1, "host_queued_start": 1585586715.440626, "device_queued": -1, "device_end": -1, "host_queued_end": 1585586715.453294}, "device": "cpu", "nd_range": {"device_start": 2254489.643372164, "device_end": 2254489.659836702}, "cmdq": 2, "read": {"device_start": -1, "device_end": -1}}, "coalesced_transpose39": {"write": {"device_start": -1, "host_queued_start": 1585586715.424492, "device_queued": -1, "device_end": -1, "host_queued_end": 1585586715.432937}, "device": "gpu", "nd_range": {"device_start": 1585586650.0225737, "device_end": 1585586650.022582}, "cmdq": 0, "read": {"device_start": -1, "device_end": -1}}, "FFC_sans_bias55": {"write": {"device_start": 1585586650.0219228, "host_queued_start": 1585586715.42387, "device_queued": 1585586650.0148458, "device_end": 1585586650.0219548, "host_queued_end": 1585586715.432937}, "device": "gpu", "nd_range": {"device_start": 1585586650.0219634, "device_end": 1585586650.0225635}, "cmdq": 0, "read": {"device_start": -1, "device_end": -1}}, "FFC_sans_bias54": {"write": {"device_start": 1585586650.0211916, "host_queued_start": 1585586715.422837, "device_queued": 1585586650.014799, "device_end": 1585586650.0212214, "host_queued_end": 1585586715.432937}, "device": "gpu", "nd_range": {"device_start": 1585586650.0212243, "device_end": 1585586650.021824}, "cmdq": 0, "read": {"device_start": -1, "device_end": -1}}, "FFC_sans_bias56": {"write": {"device_start": 1585586650.020477, "host_queued_start": 1585586715.421773, "device_queued": 1585586650.014627, "device_end": 1585586650.0205061, "host_queued_end": 1585586715.432937}, "device": "gpu", "nd_range": {"device_start": 1585586650.0205102, "device_end": 1585586650.0211117}, "cmdq": 0, "read": {"device_start": -1, "device_end": -1}}, "FFC_sans_bias51": {"write": {"device_start": -1, "host_queued_start": 1585586715.428349, "device_queued": -1, "device_end": -1, "host_queued_end": 1585586715.432937}, "device": "gpu", "nd_range": {"device_start": 1585586650.0270658, "device_end": 1585586650.027663}, "cmdq": 0, "read": {"device_start": -1, "device_end": -1}}, "softmax23": {"write": {"device_start": -1, "host_queued_start": 1585586715.44893, "device_queued": -1, "device_end": -1, "host_queued_end": 1585586715.453294}, "device": "cpu", "nd_range": {"device_start": 2254489.6969787222, "device_end": 2254489.697183866}, "cmdq": 0, "read": {"device_start": -1, "device_end": -1}}, "FFC_sans_bias37": {"write": {"device_start": 1585586650.0169952, "host_queued_start": 1585586715.416561, "device_queued": 1585586650.0142205, "device_end": 1585586650.0170202, "host_queued_end": 1585586715.432937}, "device": "gpu", "nd_range": {"device_start": 1585586650.017023, "device_end": 1585586650.0176094}, "cmdq": 0, "read": {"device_start": -1, "device_end": -1}}, "empty62": {"write": {"device_start": 1585586650.013931, "host_queued_start": 1585586715.411422, "device_queued": 1585586650.0135798, "device_end": 1585586650.013961, "host_queued_end": 1585586715.432937}, "device": "gpu", "nd_range": {"device_start": 1585586650.0139697, "device_end": 1585586650.013973}, "cmdq": 0, "read": {"device_start": -1, "device_end": -1}}, "FFC_sans_bias58": {"write": {"device_start": -1, "host_queued_start": 1585586715.426388, "device_queued": -1, "device_end": -1, "host_queued_end": 1585586715.432937}, "device": "gpu", "nd_range": {"device_start": 1585586650.024411, "device_end": 1585586650.0250125}, "cmdq": 0, "read": {"device_start": -1, "device_end": -1}}, "softmax41": {"write": {"device_start": -1, "host_queued_start": 1585586715.426919, "device_queued": -1, "device_end": -1, "host_queued_end": 1585586715.432937}, "device": "gpu", "nd_range": {"device_start": 1585586650.025228, "device_end": 1585586650.025436}, "cmdq": 0, "read": {"device_start": -1, "device_end": -1}}, "FFC_sans_bias11": {"write": {"device_start": -1, "host_queued_start": 1585586715.442889, "device_queued": -1, "device_end": -1, "host_queued_end": 1585586715.453294}, "device": "cpu", "nd_range": {"device_start": 2254489.661610648, "device_end": 2254489.686261421}, "cmdq": 0, "read": {"device_start": -1, "device_end": -1}}, "FFC_sans_bias10": {"write": {"device_start": -1, "host_queued_start": 1585586715.441767, "device_queued": -1, "device_end": -1, "host_queued_end": 1585586715.453294}, "device": "cpu", "nd_range": {"device_start": 2254489.6582344403, "device_end": 2254489.673707262}, "cmdq": 3, "read": {"device_start": -1, "device_end": -1}}, "coalesced_transpose3": {"write": {"device_start": -1, "host_queued_start": 1585586715.446385, "device_queued": -1, "device_end": -1, "host_queued_end": 1585586715.453294}, "device": "cpu", "nd_range": {"device_start": 2254489.686269359, "device_end": 2254489.686428892}, "cmdq": 0, "read": {"device_start": -1, "device_end": -1}}, "FFC_sans_bias34": {"write": {"device_start": 1585586650.0283859, "host_queued_start": 1585586715.429676, "device_queued": 1585586650.0156808, "device_end": 1585586650.0284111, "host_queued_end": 1585586715.432937}, "device": "gpu", "nd_range": {"device_start": 1585586650.0284145, "device_end": 1585586650.029008}, "cmdq": 0, "read": {"device_start": 1585586650.0290108, "device_end": 1585586650.0290346}}, "FFC_sans_bias15": {"write": {"device_start": -1, "host_queued_start": 1585586715.449667, "device_queued": -1, "device_end": -1, "host_queued_end": 1585586715.453294}, "device": "cpu", "nd_range": {"device_start": 2254489.70020098, "device_end": 2254489.713171469}, "cmdq": 2, "read": {"device_start": -1, "device_end": -1}}, "FFC_sans_bias31": {"write": {"device_start": -1, "host_queued_start": 1585586715.425411, "device_queued": -1, "device_end": -1, "host_queued_end": 1585586715.432937}, "device": "gpu", "nd_range": {"device_start": 1585586650.0226023, "device_end": 1585586650.0232086}, "cmdq": 0, "read": {"device_start": -1, "device_end": -1}}, "FFC_sans_bias16": {"write": {"device_start": -1, "host_queued_start": 1585586715.452249, "device_queued": -1, "device_end": -1, "host_queued_end": 1585586715.453294}, "device": "cpu", "nd_range": {"device_start": 2254489.713478046, "device_end": 2254489.722768608}, "cmdq": 1, "read": {"device_start": -1, "device_end": -1}}, "FFC_sans_bias19": {"write": {"device_start": -1, "host_queued_start": 1585586715.444987, "device_queued": -1, "device_end": -1, "host_queued_end": 1585586715.453294}, "device": "cpu", "nd_range": {"device_start": 2254489.6599629424, "device_end": 2254489.676087661}, "cmdq": 2, "read": {"device_start": -1, "device_end": -1}}, "FFC_sans_bias18": {"write": {"device_start": -1, "host_queued_start": 1585586715.443933, "device_queued": -1, "device_end": -1, "host_queued_end": 1585586715.453294}, "device": "cpu", "nd_range": {"device_start": 2254489.658362294, "device_end": 2254489.673727747}, "cmdq": 1, "read": {"device_start": -1, "device_end": -1}}, "coalesced_transpose30": {"write": {"device_start": -1, "host_queued_start": 1585586715.424193, "device_queued": -1, "device_end": -1, "host_queued_end": 1585586715.432937}, "device": "gpu", "nd_range": {"device_start": 1585586650.0225644, "device_end": 1585586650.0225728}, "cmdq": 0, "read": {"device_start": -1, "device_end": -1}}, "FFC_sans_bias38": {"write": {"device_start": 1585586650.0176873, "host_queued_start": 1585586715.417601, "device_queued": 1585586650.0142632, "device_end": 1585586650.017711, "host_queued_end": 1585586715.432937}, "device": "gpu", "nd_range": {"device_start": 1585586650.017717, "device_end": 1585586650.018308}, "cmdq": 0, "read": {"device_start": -1, "device_end": -1}}, "coalesced_transpose57": {"write": {"device_start": -1, "host_queued_start": 1585586715.425087, "device_queued": -1, "device_end": -1, "host_queued_end": 1585586715.432937}, "device": "gpu", "nd_range": {"device_start": 1585586650.022592, "device_end": 1585586650.0226007}, "cmdq": 0, "read": {"device_start": -1, "device_end": -1}}, "empty26": {"write": {"device_start": -1, "host_queued_start": 1585586715.436374, "device_queued": -1, "device_end": -1, "host_queued_end": 1585586715.453294}, "device": "cpu", "nd_range": {"device_start": 2254489.643353236, "device_end": 2254489.643357431}, "cmdq": 2, "read": {"device_start": -1, "device_end": -1}}, "coalesced_transpose12": {"write": {"device_start": -1, "host_queued_start": 1585586715.446722, "device_queued": -1, "device_end": -1, "host_queued_end": 1585586715.453294}, "device": "cpu", "nd_range": {"device_start": 2254489.674838746, "device_end": 2254489.6750730453}, "cmdq": 1, "read": {"device_start": -1, "device_end": -1}}, "empty44": {"write": {"device_start": 1585586650.0136592, "host_queued_start": 1585586715.409685, "device_queued": 1585586650.013473, "device_end": 1585586650.013685, "host_queued_end": 1585586715.432937}, "device": "gpu", "nd_range": {"device_start": 1585586650.0136952, "device_end": 1585586650.0136986}, "cmdq": 0, "read": {"device_start": -1, "device_end": -1}}, "coalesced_transpose21": {"write": {"device_start": -1, "host_queued_start": 1585586715.447046, "device_queued": -1, "device_end": -1, "host_queued_end": 1585586715.453294}, "device": "cpu", "nd_range": {"device_start": 2254489.676095949, "device_end": 2254489.6766929543}, "cmdq": 2, "read": {"device_start": -1, "device_end": -1}}, "FFC_sans_bias36": {"write": {"device_start": 1585586650.0162857, "host_queued_start": 1585586715.415531, "device_queued": 1585586650.014085, "device_end": 1585586650.0163093, "host_queued_end": 1585586715.432937}, "device": "gpu", "nd_range": {"device_start": 1585586650.016314, "device_end": 1585586650.0169117}, "cmdq": 0, "read": {"device_start": -1, "device_end": -1}}, "softmax14": {"write": {"device_start": -1, "host_queued_start": 1585586715.448658, "device_queued": -1, "device_end": -1, "host_queued_end": 1585586715.453294}, "device": "cpu", "nd_range": {"device_start": 2254489.697518362, "device_end": 2254489.6977221603}, "cmdq": 3, "read": {"device_start": -1, "device_end": -1}}, "FFC_sans_bias13": {"write": {"device_start": -1, "host_queued_start": 1585586715.44773, "device_queued": -1, "device_end": -1, "host_queued_end": 1585586715.453294}, "device": "cpu", "nd_range": {"device_start": 2254489.6872941502, "device_end": 2254489.6967915553}, "cmdq": 0, "read": {"device_start": -1, "device_end": -1}}, "empty8": {"write": {"device_start": -1, "host_queued_start": 1585586715.434401, "device_queued": -1, "device_end": -1, "host_queued_end": 1585586715.453294}, "device": "cpu", "nd_range": {"device_start": 2254489.642849495, "device_end": 2254489.6428594613}, "cmdq": 0, "read": {"device_start": -1, "device_end": -1}}, "FFC_sans_bias42": {"write": {"device_start": -1, "host_queued_start": 1585586715.428042, "device_queued": -1, "device_end": -1, "host_queued_end": 1585586715.432937}, "device": "gpu", "nd_range": {"device_start": 1585586650.0264592, "device_end": 1585586650.0270643}, "cmdq": 0, "read": {"device_start": -1, "device_end": -1}}, "FFC_sans_bias43": {"write": {"device_start": 1585586650.0292058, "host_queued_start": 1585586715.430749, "device_queued": 1585586650.0157518, "device_end": 1585586650.0292356, "host_queued_end": 1585586715.432937}, "device": "gpu", "nd_range": {"device_start": 1585586650.0292432, "device_end": 1585586650.0298417}, "cmdq": 0, "read": {"device_start": 1585586650.02985, "device_end": 1585586650.0298724}}, "FFC_sans_bias40": {"write": {"device_start": -1, "host_queued_start": 1585586715.425742, "device_queued": -1, "device_end": -1, "host_queued_end": 1585586715.432937}, "device": "gpu", "nd_range": {"device_start": 1585586650.0232096, "device_end": 1585586650.0238092}, "cmdq": 0, "read": {"device_start": -1, "device_end": -1}}, "softmax32": {"write": {"device_start": -1, "host_queued_start": 1585586715.426669, "device_queued": -1, "device_end": -1, "host_queued_end": 1585586715.432937}, "device": "gpu", "nd_range": {"device_start": 1585586650.0250142, "device_end": 1585586650.025227}, "cmdq": 0, "read": {"device_start": -1, "device_end": -1}}, "FFC_sans_bias47": {"write": {"device_start": 1585586650.0197742, "host_queued_start": 1585586715.42075, "device_queued": 1585586650.014584, "device_end": 1585586650.0197983, "host_queued_end": 1585586715.432937}, "device": "gpu", "nd_range": {"device_start": 1585586650.0198047, "device_end": 1585586650.0204}, "cmdq": 0, "read": {"device_start": -1, "device_end": -1}}, "FFC_sans_bias45": {"write": {"device_start": 1585586650.0183809, "host_queued_start": 1585586715.418668, "device_queued": 1585586650.0143974, "device_end": 1585586650.0184047, "host_queued_end": 1585586715.432937}, "device": "gpu", "nd_range": {"device_start": 1585586650.018409, "device_end": 1585586650.0190077}, "cmdq": 0, "read": {"device_start": -1, "device_end": -1}}, "softmax50": {"write": {"device_start": -1, "host_queued_start": 1585586715.427169, "device_queued": -1, "device_end": -1, "host_queued_end": 1585586715.432937}, "device": "gpu", "nd_range": {"device_start": 1585586650.0254374, "device_end": 1585586650.0256462}, "cmdq": 0, "read": {"device_start": -1, "device_end": -1}}, "FFC_sans_bias33": {"write": {"device_start": -1, "host_queued_start": 1585586715.427728, "device_queued": -1, "device_end": -1, "host_queued_end": 1585586715.432937}, "device": "gpu", "nd_range": {"device_start": 1585586650.0258598, "device_end": 1585586650.026458}, "cmdq": 0, "read": {"device_start": -1, "device_end": -1}}, "FFC_sans_bias49": {"write": {"device_start": -1, "host_queued_start": 1585586715.426073, "device_queued": -1, "device_end": -1, "host_queued_end": 1585586715.432937}, "device": "gpu", "nd_range": {"device_start": 1585586650.0238101, "device_end": 1585586650.02441}, "cmdq": 0, "read": {"device_start": -1, "device_end": -1}}, "FFC_sans_bias24": {"write": {"device_start": -1, "host_queued_start": 1585586715.450006, "device_queued": -1, "device_end": -1, "host_queued_end": 1585586715.453294}, "device": "cpu", "nd_range": {"device_start": 2254489.698048045, "device_end": 2254489.710644845}, "cmdq": 3, "read": {"device_start": -1, "device_end": -1}}, "FFC_sans_bias25": {"write": {"device_start": -1, "host_queued_start": 1585586715.45325, "device_queued": -1, "device_end": -1, "host_queued_end": 1585586715.453294}, "device": "cpu", "nd_range": {"device_start": 2254489.713184195, "device_end": 2254489.7234274233}, "cmdq": 2, "read": {"device_start": -1, "device_end": -1}}, "FFC_sans_bias27": {"write": {"device_start": 1585586650.014094, "host_queued_start": 1585586715.412395, "device_queued": 1585586650.013778, "device_end": 1585586650.0141282, "host_queued_end": 1585586715.432937}, "device": "gpu", "nd_range": {"device_start": 1585586650.0141368, "device_end": 1585586650.0147357}, "cmdq": 0, "read": {"device_start": -1, "device_end": -1}}, "FFC_sans_bias20": {"write": {"device_start": -1, "host_queued_start": 1585586715.44606, "device_queued": -1, "device_end": -1, "host_queued_end": 1585586715.453294}, "device": "cpu", "nd_range": {"device_start": 2254489.6738667823, "device_end": 2254489.6816308023}, "cmdq": 3, "read": {"device_start": -1, "device_end": -1}}, "FFC_sans_bias22": {"write": {"device_start": -1, "host_queued_start": 1585586715.44807, "device_queued": -1, "device_end": -1, "host_queued_end": 1585586715.453294}, "device": "cpu", "nd_range": {"device_start": 2254489.6790106744, "device_end": 2254489.6861674543}, "cmdq": 1, "read": {"device_start": -1, "device_end": -1}}, "softmax5": {"write": {"device_start": -1, "host_queued_start": 1585586715.448344, "device_queued": -1, "device_end": -1, "host_queued_end": 1585586715.453294}, "device": "cpu", "nd_range": {"device_start": 2254489.695682763, "device_end": 2254489.6958987103}, "cmdq": 2, "read": {"device_start": -1, "device_end": -1}}, "FFC_sans_bias28": {"write": {"device_start": 1585586650.0148487, "host_queued_start": 1585586715.413432, "device_queued": 1585586650.0138335, "device_end": 1585586650.0148716, "host_queued_end": 1585586715.432937}, "device": "gpu", "nd_range": {"device_start": 1585586650.0148802, "device_end": 1585586650.015465}, "cmdq": 0, "read": {"device_start": -1, "device_end": -1}}, "FFC_sans_bias29": {"write": {"device_start": 1585586650.0155678, "host_queued_start": 1585586715.414477, "device_queued": 1585586650.0140355, "device_end": 1585586650.0155983, "host_queued_end": 1585586715.432937}, "device": "gpu", "nd_range": {"device_start": 1585586650.015604, "device_end": 1585586650.0162036}, "cmdq": 0, "read": {"device_start": -1, "device_end": -1}}, "empty17": {"write": {"device_start": -1, "host_queued_start": 1585586715.435409, "device_queued": -1, "device_end": -1, "host_queued_end": 1585586715.453294}, "device": "cpu", "nd_range": {"device_start": 2254489.642995708, "device_end": 2254489.642999636}, "cmdq": 1, "read": {"device_start": -1, "device_end": -1}}, "softmax59": {"write": {"device_start": -1, "host_queued_start": 1585586715.427421, "device_queued": -1, "device_end": -1, "host_queued_end": 1585586715.432937}, "device": "gpu", "nd_range": {"device_start": 1585586650.0256474, "device_end": 1585586650.0258582}, "cmdq": 0, "read": {"device_start": -1, "device_end": -1}}, "empty35": {"write": {"device_start": 1585586650.013492, "host_queued_start": 1585586715.408488, "device_queued": 1585586650.0133562, "device_end": 1585586650.0135193, "host_queued_end": 1585586715.432937}, "device": "gpu", "nd_range": {"device_start": 1585586650.0135264, "device_end": 1585586650.013531}, "cmdq": 0, "read": {"device_start": -1, "device_end": -1}}, "empty53": {"write": {"device_start": 1585586650.0138001, "host_queued_start": 1585586715.410568, "device_queued": 1585586650.0135112, "device_end": 1585586650.0138254, "host_queued_end": 1585586715.432937}, "device": "gpu", "nd_range": {"device_start": 1585586650.0138335, "device_end": 1585586650.013837}, "cmdq": 0, "read": {"device_start": -1, "device_end": -1}}, "FFC_sans_bias46": {"write": {"device_start": 1585586650.019082, "host_queued_start": 1585586715.419692, "device_queued": 1585586650.014432, "device_end": 1585586650.019106, "host_queued_end": 1585586715.432937}, "device": "gpu", "nd_range": {"device_start": 1585586650.0191104, "device_end": 1585586650.0196998}, "cmdq": 0, "read": {"device_start": -1, "device_end": -1}}, "coalesced_transpose48": {"write": {"device_start": -1, "host_queued_start": 1585586715.424791, "device_queued": -1, "device_end": -1, "host_queued_end": 1585586715.432937}, "device": "gpu", "nd_range": {"device_start": 1585586650.0225832, "device_end": 1585586650.022591}, "cmdq": 0, "read": {"device_start": -1, "device_end": -1}}}