{"FFC_sans_bias60": {"write": {"device_start": -1, "host_queued_start": 1585586673.88704, "device_queued": -1, "device_end": -1, "host_queued_end": 1585586673.890229}, "device": "gpu", "nd_range": {"device_start": 1585586608.4828234, "device_end": 1585586608.483421}, "cmdq": 0, "read": {"device_start": -1, "device_end": -1}}, "FFC_sans_bias4": {"write": {"device_start": -1, "host_queued_start": 1585586673.909553, "device_queued": -1, "device_end": -1, "host_queued_end": 1585586673.917133}, "device": "cpu", "nd_range": {"device_start": 2254448.156945213, "device_end": 2254448.1674131243}, "cmdq": 0, "read": {"device_start": -1, "device_end": -1}}, "FFC_sans_bias7": {"write": {"device_start": -1, "host_queued_start": 1585586673.914072, "device_queued": -1, "device_end": -1, "host_queued_end": 1585586673.917133}, "device": "cpu", "nd_range": {"device_start": 2254448.1998593532, "device_end": 2254448.210491403}, "cmdq": 0, "read": {"device_start": -1, "device_end": -1}}, "FFC_sans_bias6": {"write": {"device_start": -1, "host_queued_start": 1585586673.912022, "device_queued": -1, "device_end": -1, "host_queued_end": 1585586673.917133}, "device": "cpu", "nd_range": {"device_start": 2254448.177957679, "device_end": 2254448.189215735}, "cmdq": 0, "read": {"device_start": -1, "device_end": -1}}, "FFC_sans_bias1": {"write": {"device_start": -1, "host_queued_start": 1585586673.896839, "device_queued": -1, "device_end": -1, "host_queued_end": 1585586673.917133}, "device": "cpu", "nd_range": {"device_start": 2254448.106760587, "device_end": 2254448.1149916723}, "cmdq": 1, "read": {"device_start": -1, "device_end": -1}}, "FFC_sans_bias0": {"write": {"device_start": -1, "host_queued_start": 1585586673.895672, "device_queued": -1, "device_end": -1, "host_queued_end": 1585586673.917133}, "device": "cpu", "nd_range": {"device_start": 2254448.1067587603, "device_end": 2254448.1149919434}, "cmdq": 0, "read": {"device_start": -1, "device_end": -1}}, "FFC_sans_bias2": {"write": {"device_start": -1, "host_queued_start": 1585586673.897983, "device_queued": -1, "device_end": -1, "host_queued_end": 1585586673.917133}, "device": "cpu", "nd_range": {"device_start": 2254448.115012398, "device_end": 2254448.1233802154}, "cmdq": 0, "read": {"device_start": -1, "device_end": -1}}, "FFC_sans_bias61": {"write": {"device_start": 1585586608.48534, "host_queued_start": 1585586673.890126, "device_queued": 1585586608.4737146, "device_end": 1585586608.4853692, "host_queued_end": 1585586673.890229}, "device": "gpu", "nd_range": {"device_start": 1585586608.4853723, "device_end": 1585586608.4859643}, "cmdq": 0, "read": {"device_start": 1585586608.4859712, "device_end": 1585586608.485994}}, "FFC_sans_bias52": {"write": {"device_start": 1585586608.4844773, "host_queued_start": 1585586673.88909, "device_queued": 1585586608.4735587, "device_end": 1585586608.4845073, "host_queued_end": 1585586673.890229}, "device": "gpu", "nd_range": {"device_start": 1585586608.48451, "device_end": 1585586608.4851055}, "cmdq": 0, "read": {"device_start": 1585586608.4851131, "device_end": 1585586608.4851363}}, "FFC_sans_bias9": {"write": {"device_start": -1, "host_queued_start": 1585586673.899054, "device_queued": -1, "device_end": -1, "host_queued_end": 1585586673.917133}, "device": "cpu", "nd_range": {"device_start": 2254448.115011394, "device_end": 2254448.121221622}, "cmdq": 1, "read": {"device_start": -1, "device_end": -1}}, "coalesced_transpose39": {"write": {"device_start": -1, "host_queued_start": 1585586673.883813, "device_queued": -1, "device_end": -1, "host_queued_end": 1585586673.890229}, "device": "gpu", "nd_range": {"device_start": 1585586608.4791715, "device_end": 1585586608.47918}, "cmdq": 0, "read": {"device_start": -1, "device_end": -1}}, "FFC_sans_bias55": {"write": {"device_start": 1585586608.4785342, "host_queued_start": 1585586673.883486, "device_queued": 1585586608.47286, "device_end": 1585586608.4785647, "host_queued_end": 1585586673.890229}, "device": "gpu", "nd_range": {"device_start": 1585586608.4785712, "device_end": 1585586608.4791698}, "cmdq": 0, "read": {"device_start": -1, "device_end": -1}}, "FFC_sans_bias54": {"write": {"device_start": 1585586608.4777799, "host_queued_start": 1585586673.882422, "device_queued": 1585586608.4728212, "device_end": 1585586608.4778094, "host_queued_end": 1585586673.890229}, "device": "gpu", "nd_range": {"device_start": 1585586608.4778185, "device_end": 1585586608.478415}, "cmdq": 0, "read": {"device_start": -1, "device_end": -1}}, "FFC_sans_bias56": {"write": {"device_start": 1585586608.477021, "host_queued_start": 1585586673.881394, "device_queued": 1585586608.4726846, "device_end": 1585586608.477051, "host_queued_end": 1585586673.890229}, "device": "gpu", "nd_range": {"device_start": 1585586608.4770536, "device_end": 1585586608.4776633}, "cmdq": 0, "read": {"device_start": -1, "device_end": -1}}, "FFC_sans_bias51": {"write": {"device_start": -1, "host_queued_start": 1585586673.886733, "device_queued": -1, "device_end": -1, "host_queued_end": 1585586673.890229}, "device": "gpu", "nd_range": {"device_start": 1585586608.482225, "device_end": 1585586608.482822}, "cmdq": 0, "read": {"device_start": -1, "device_end": -1}}, "softmax23": {"write": {"device_start": -1, "host_queued_start": 1585586673.911415, "device_queued": -1, "device_end": -1, "host_queued_end": 1585586673.917133}, "device": "cpu", "nd_range": {"device_start": 2254448.177643177, "device_end": 2254448.1778483973}, "cmdq": 0, "read": {"device_start": -1, "device_end": -1}}, "FFC_sans_bias37": {"write": {"device_start": 1585586608.4732764, "host_queued_start": 1585586673.87617, "device_queued": 1585586608.4721925, "device_end": 1585586608.4733062, "host_queued_end": 1585586673.890229}, "device": "gpu", "nd_range": {"device_start": 1585586608.4733086, "device_end": 1585586608.4739053}, "cmdq": 0, "read": {"device_start": -1, "device_end": -1}}, "empty62": {"write": {"device_start": 1585586608.4722667, "host_queued_start": 1585586673.874123, "device_queued": 1585586608.471909, "device_end": 1585586608.4722912, "host_queued_end": 1585586673.890229}, "device": "gpu", "nd_range": {"device_start": 1585586608.4722998, "device_end": 1585586608.4723034}, "cmdq": 0, "read": {"device_start": -1, "device_end": -1}}, "FFC_sans_bias58": {"write": {"device_start": -1, "host_queued_start": 1585586673.885346, "device_queued": -1, "device_end": -1, "host_queued_end": 1585586673.890229}, "device": "gpu", "nd_range": {"device_start": 1585586608.480394, "device_end": 1585586608.4809947}, "cmdq": 0, "read": {"device_start": -1, "device_end": -1}}, "softmax41": {"write": {"device_start": -1, "host_queued_start": 1585586673.885594, "device_queued": -1, "device_end": -1, "host_queued_end": 1585586673.890229}, "device": "gpu", "nd_range": {"device_start": 1585586608.4809957, "device_end": 1585586608.4812164}, "cmdq": 0, "read": {"device_start": -1, "device_end": -1}}, "FFC_sans_bias11": {"write": {"device_start": -1, "host_queued_start": 1585586673.901141, "device_queued": -1, "device_end": -1, "host_queued_end": 1585586673.917133}, "device": "cpu", "nd_range": {"device_start": 2254448.123578683, "device_end": 2254448.140587281}, "cmdq": 1, "read": {"device_start": -1, "device_end": -1}}, "FFC_sans_bias10": {"write": {"device_start": -1, "host_queued_start": 1585586673.900091, "device_queued": -1, "device_end": -1, "host_queued_end": 1585586673.917133}, "device": "cpu", "nd_range": {"device_start": 2254448.123402288, "device_end": 2254448.131017134}, "cmdq": 0, "read": {"device_start": -1, "device_end": -1}}, "coalesced_transpose3": {"write": {"device_start": -1, "host_queued_start": 1585586673.908216, "device_queued": -1, "device_end": -1, "host_queued_end": 1585586673.917133}, "device": "cpu", "nd_range": {"device_start": 2254448.154155643, "device_end": 2254448.154278664}, "cmdq": 0, "read": {"device_start": -1, "device_end": -1}}, "FFC_sans_bias34": {"write": {"device_start": -1, "host_queued_start": 1585586673.917085, "device_queued": -1, "device_end": -1, "host_queued_end": 1585586673.917133}, "device": "cpu", "nd_range": {"device_start": 2254448.230713719, "device_end": 2254448.235960139}, "cmdq": 1, "read": {"device_start": -1, "device_end": -1}}, "FFC_sans_bias15": {"write": {"device_start": -1, "host_queued_start": 1585586673.912359, "device_queued": -1, "device_end": -1, "host_queued_end": 1585586673.917133}, "device": "cpu", "nd_range": {"device_start": 2254448.196049128, "device_end": 2254448.206152216}, "cmdq": 1, "read": {"device_start": -1, "device_end": -1}}, "FFC_sans_bias31": {"write": {"device_start": -1, "host_queued_start": 1585586673.910587, "device_queued": -1, "device_end": -1, "host_queued_end": 1585586673.917133}, "device": "cpu", "nd_range": {"device_start": 2254448.185531896, "device_end": 2254448.195180127}, "cmdq": 1, "read": {"device_start": -1, "device_end": -1}}, "FFC_sans_bias16": {"write": {"device_start": -1, "host_queued_start": 1585586673.915068, "device_queued": -1, "device_end": -1, "host_queued_end": 1585586673.917133}, "device": "cpu", "nd_range": {"device_start": 2254448.217734354, "device_end": 2254448.2247020453}, "cmdq": 1, "read": {"device_start": -1, "device_end": -1}}, "FFC_sans_bias19": {"write": {"device_start": -1, "host_queued_start": 1585586673.903361, "device_queued": -1, "device_end": -1, "host_queued_end": 1585586673.917133}, "device": "cpu", "nd_range": {"device_start": 2254448.140594292, "device_end": 2254448.155760218}, "cmdq": 1, "read": {"device_start": -1, "device_end": -1}}, "FFC_sans_bias18": {"write": {"device_start": -1, "host_queued_start": 1585586673.902183, "device_queued": -1, "device_end": -1, "host_queued_end": 1585586673.917133}, "device": "cpu", "nd_range": {"device_start": 2254448.1311469562, "device_end": 2254448.1405874453}, "cmdq": 0, "read": {"device_start": -1, "device_end": -1}}, "coalesced_transpose30": {"write": {"device_start": -1, "host_queued_start": 1585586673.909215, "device_queued": -1, "device_end": -1, "host_queued_end": 1585586673.917133}, "device": "cpu", "nd_range": {"device_start": 2254448.175536623, "device_end": 2254448.175774442}, "cmdq": 1, "read": {"device_start": -1, "device_end": -1}}, "FFC_sans_bias38": {"write": {"device_start": 1585586608.4740167, "host_queued_start": 1585586673.877236, "device_queued": 1585586608.472241, "device_end": 1585586608.4740465, "host_queued_end": 1585586673.890229}, "device": "gpu", "nd_range": {"device_start": 1585586608.4740496, "device_end": 1585586608.4746535}, "cmdq": 0, "read": {"device_start": -1, "device_end": -1}}, "coalesced_transpose57": {"write": {"device_start": -1, "host_queued_start": 1585586673.884409, "device_queued": -1, "device_end": -1, "host_queued_end": 1585586673.890229}, "device": "gpu", "nd_range": {"device_start": 1585586608.47919, "device_end": 1585586608.4791968}, "cmdq": 0, "read": {"device_start": -1, "device_end": -1}}, "empty26": {"write": {"device_start": -1, "host_queued_start": 1585586673.893764, "device_queued": -1, "device_end": -1, "host_queued_end": 1585586673.917133}, "device": "cpu", "nd_range": {"device_start": 2254448.10675085, "device_end": 2254448.106751787}, "cmdq": 0, "read": {"device_start": -1, "device_end": -1}}, "coalesced_transpose12": {"write": {"device_start": -1, "host_queued_start": 1585586673.908565, "device_queued": -1, "device_end": -1, "host_queued_end": 1585586673.917133}, "device": "cpu", "nd_range": {"device_start": 2254448.175176621, "device_end": 2254448.175423126}, "cmdq": 1, "read": {"device_start": -1, "device_end": -1}}, "empty44": {"write": {"device_start": 1585586608.4719, "host_queued_start": 1585586673.872045, "device_queued": 1585586608.4717674, "device_end": 1585586608.4719286, "host_queued_end": 1585586673.890229}, "device": "gpu", "nd_range": {"device_start": 1585586608.4719365, "device_end": 1585586608.471941}, "cmdq": 0, "read": {"device_start": -1, "device_end": -1}}, "coalesced_transpose21": {"write": {"device_start": -1, "host_queued_start": 1585586673.908891, "device_queued": -1, "device_end": -1, "host_queued_end": 1585586673.917133}, "device": "cpu", "nd_range": {"device_start": 2254448.155803462, "device_end": 2254448.156922733}, "cmdq": 0, "read": {"device_start": -1, "device_end": -1}}, "FFC_sans_bias36": {"write": {"device_start": 1585586608.4725041, "host_queued_start": 1585586673.875135, "device_queued": 1585586608.4719565, "device_end": 1585586608.4725373, "host_queued_end": 1585586673.890229}, "device": "gpu", "nd_range": {"device_start": 1585586608.4725466, "device_end": 1585586608.4731455}, "cmdq": 0, "read": {"device_start": -1, "device_end": -1}}, "softmax14": {"write": {"device_start": -1, "host_queued_start": 1585586673.911144, "device_queued": -1, "device_end": -1, "host_queued_end": 1585586673.917133}, "device": "cpu", "nd_range": {"device_start": 2254448.195487439, "device_end": 2254448.195739233}, "cmdq": 1, "read": {"device_start": -1, "device_end": -1}}, "FFC_sans_bias13": {"write": {"device_start": -1, "host_queued_start": 1585586673.909888, "device_queued": -1, "device_end": -1, "host_queued_end": 1585586673.917133}, "device": "cpu", "nd_range": {"device_start": 2254448.175885008, "device_end": 2254448.185419232}, "cmdq": 1, "read": {"device_start": -1, "device_end": -1}}, "empty8": {"write": {"device_start": -1, "host_queued_start": 1585586673.891768, "device_queued": -1, "device_end": -1, "host_queued_end": 1585586673.917133}, "device": "cpu", "nd_range": {"device_start": 2254448.1067192294, "device_end": 2254448.1067325533}, "cmdq": 0, "read": {"device_start": -1, "device_end": -1}}, "FFC_sans_bias42": {"write": {"device_start": -1, "host_queued_start": 1585586673.886385, "device_queued": -1, "device_end": -1, "host_queued_end": 1585586673.890229}, "device": "gpu", "nd_range": {"device_start": 1585586608.4816244, "device_end": 1585586608.482224}, "cmdq": 0, "read": {"device_start": -1, "device_end": -1}}, "FFC_sans_bias43": {"write": {"device_start": 1585586608.483585, "host_queued_start": 1585586673.888047, "device_queued": 1585586608.4734926, "device_end": 1585586608.4836164, "host_queued_end": 1585586673.890229}, "device": "gpu", "nd_range": {"device_start": 1585586608.4836211, "device_end": 1585586608.4842176}, "cmdq": 0, "read": {"device_start": 1585586608.4842248, "device_end": 1585586608.4842482}}, "FFC_sans_bias40": {"write": {"device_start": -1, "host_queued_start": 1585586673.884722, "device_queued": -1, "device_end": -1, "host_queued_end": 1585586673.890229}, "device": "gpu", "nd_range": {"device_start": 1585586608.479198, "device_end": 1585586608.4797955}, "cmdq": 0, "read": {"device_start": -1, "device_end": -1}}, "softmax32": {"write": {"device_start": -1, "host_queued_start": 1585586673.911684, "device_queued": -1, "device_end": -1, "host_queued_end": 1585586673.917133}, "device": "cpu", "nd_range": {"device_start": 2254448.195751957, "device_end": 2254448.196035662}, "cmdq": 1, "read": {"device_start": -1, "device_end": -1}}, "FFC_sans_bias47": {"write": {"device_start": 1585586608.4762726, "host_queued_start": 1585586673.880364, "device_queued": 1585586608.472639, "device_end": 1585586608.4763024, "host_queued_end": 1585586673.890229}, "device": "gpu", "nd_range": {"device_start": 1585586608.476306, "device_end": 1585586608.476905}, "cmdq": 0, "read": {"device_start": -1, "device_end": -1}}, "FFC_sans_bias45": {"write": {"device_start": 1585586608.474759, "host_queued_start": 1585586673.878278, "device_queued": 1585586608.472428, "device_end": 1585586608.4747891, "host_queued_end": 1585586673.890229}, "device": "gpu", "nd_range": {"device_start": 1585586608.4747918, "device_end": 1585586608.4753969}, "cmdq": 0, "read": {"device_start": -1, "device_end": -1}}, "softmax50": {"write": {"device_start": -1, "host_queued_start": 1585586673.885837, "device_queued": -1, "device_end": -1, "host_queued_end": 1585586673.890229}, "device": "gpu", "nd_range": {"device_start": 1585586608.4812176, "device_end": 1585586608.481423}, "cmdq": 0, "read": {"device_start": -1, "device_end": -1}}, "FFC_sans_bias33": {"write": {"device_start": -1, "host_queued_start": 1585586673.913037, "device_queued": -1, "device_end": -1, "host_queued_end": 1585586673.917133}, "device": "cpu", "nd_range": {"device_start": 2254448.2061674623, "device_end": 2254448.217712293}, "cmdq": 1, "read": {"device_start": -1, "device_end": -1}}, "FFC_sans_bias49": {"write": {"device_start": -1, "host_queued_start": 1585586673.885039, "device_queued": -1, "device_end": -1, "host_queued_end": 1585586673.890229}, "device": "gpu", "nd_range": {"device_start": 1585586608.4797966, "device_end": 1585586608.4803925}, "cmdq": 0, "read": {"device_start": -1, "device_end": -1}}, "FFC_sans_bias24": {"write": {"device_start": -1, "host_queued_start": 1585586673.912699, "device_queued": -1, "device_end": -1, "host_queued_end": 1585586673.917133}, "device": "cpu", "nd_range": {"device_start": 2254448.1893327814, "device_end": 2254448.1998204263}, "cmdq": 0, "read": {"device_start": -1, "device_end": -1}}, "FFC_sans_bias25": {"write": {"device_start": -1, "host_queued_start": 1585586673.916075, "device_queued": -1, "device_end": -1, "host_queued_end": 1585586673.917133}, "device": "cpu", "nd_range": {"device_start": 2254448.2106282883, "device_end": 2254448.2232042933}, "cmdq": 0, "read": {"device_start": -1, "device_end": -1}}, "FFC_sans_bias27": {"write": {"device_start": -1, "host_queued_start": 1585586673.905661, "device_queued": -1, "device_end": -1, "host_queued_end": 1585586673.917133}, "device": "cpu", "nd_range": {"device_start": 2254448.1557833883, "device_end": 2254448.163798233}, "cmdq": 1, "read": {"device_start": -1, "device_end": -1}}, "FFC_sans_bias20": {"write": {"device_start": -1, "host_queued_start": 1585586673.904579, "device_queued": -1, "device_end": -1, "host_queued_end": 1585586673.917133}, "device": "cpu", "nd_range": {"device_start": 2254448.140593945, "device_end": 2254448.148681425}, "cmdq": 0, "read": {"device_start": -1, "device_end": -1}}, "FFC_sans_bias22": {"write": {"device_start": -1, "host_queued_start": 1585586673.910234, "device_queued": -1, "device_end": -1, "host_queued_end": 1585586673.917133}, "device": "cpu", "nd_range": {"device_start": 2254448.167545233, "device_end": 2254448.177185439}, "cmdq": 0, "read": {"device_start": -1, "device_end": -1}}, "softmax5": {"write": {"device_start": -1, "host_queued_start": 1585586673.910874, "device_queued": -1, "device_end": -1, "host_queued_end": 1585586673.917133}, "device": "cpu", "nd_range": {"device_start": 2254448.1773113203, "device_end": 2254448.177530482}, "cmdq": 0, "read": {"device_start": -1, "device_end": -1}}, "FFC_sans_bias28": {"write": {"device_start": -1, "host_queued_start": 1585586673.906822, "device_queued": -1, "device_end": -1, "host_queued_end": 1585586673.917133}, "device": "cpu", "nd_range": {"device_start": 2254448.1488027163, "device_end": 2254448.154024489}, "cmdq": 0, "read": {"device_start": -1, "device_end": -1}}, "FFC_sans_bias29": {"write": {"device_start": -1, "host_queued_start": 1585586673.907889, "device_queued": -1, "device_end": -1, "host_queued_end": 1585586673.917133}, "device": "cpu", "nd_range": {"device_start": 2254448.1639181064, "device_end": 2254448.1750620953}, "cmdq": 1, "read": {"device_start": -1, "device_end": -1}}, "empty17": {"write": {"device_start": -1, "host_queued_start": 1585586673.892819, "device_queued": -1, "device_end": -1, "host_queued_end": 1585586673.917133}, "device": "cpu", "nd_range": {"device_start": 2254448.106719177, "device_end": 2254448.1067325803}, "cmdq": 1, "read": {"device_start": -1, "device_end": -1}}, "softmax59": {"write": {"device_start": -1, "host_queued_start": 1585586673.886079, "device_queued": -1, "device_end": -1, "host_queued_end": 1585586673.890229}, "device": "gpu", "nd_range": {"device_start": 1585586608.4814246, "device_end": 1585586608.4816232}, "cmdq": 0, "read": {"device_start": -1, "device_end": -1}}, "empty35": {"write": {"device_start": -1, "host_queued_start": 1585586673.894689, "device_queued": -1, "device_end": -1, "host_queued_end": 1585586673.917133}, "device": "cpu", "nd_range": {"device_start": 2254448.106750748, "device_end": 2254448.106751768}, "cmdq": 1, "read": {"device_start": -1, "device_end": -1}}, "empty53": {"write": {"device_start": 1585586608.4720857, "host_queued_start": 1585586673.873244, "device_queued": 1585586608.4718645, "device_end": 1585586608.472115, "host_queued_end": 1585586673.890229}, "device": "gpu", "nd_range": {"device_start": 1585586608.472118, "device_end": 1585586608.4721212}, "cmdq": 0, "read": {"device_start": -1, "device_end": -1}}, "FFC_sans_bias46": {"write": {"device_start": 1585586608.475525, "host_queued_start": 1585586673.879329, "device_queued": 1585586608.4724655, "device_end": 1585586608.4755478, "host_queued_end": 1585586673.890229}, "device": "gpu", "nd_range": {"device_start": 1585586608.4755545, "device_end": 1585586608.476155}, "cmdq": 0, "read": {"device_start": -1, "device_end": -1}}, "coalesced_transpose48": {"write": {"device_start": -1, "host_queued_start": 1585586673.884115, "device_queued": -1, "device_end": -1, "host_queued_end": 1585586673.890229}, "device": "gpu", "nd_range": {"device_start": 1585586608.4791815, "device_end": 1585586608.4791892}, "cmdq": 0, "read": {"device_start": -1, "device_end": -1}}}