{"FFC_sans_bias60": {"write": {"device_start": -1, "host_queued_start": 1585586903.10095, "device_queued": -1, "device_end": -1, "host_queued_end": 1585586903.108064}, "device": "cpu", "nd_range": {"device_start": 2254677.4568854324, "device_end": 2254677.465522001}, "cmdq": 1, "read": {"device_start": -1, "device_end": -1}}, "FFC_sans_bias4": {"write": {"device_start": -1, "host_queued_start": 1585586903.094531, "device_queued": -1, "device_end": -1, "host_queued_end": 1585586903.108064}, "device": "cpu", "nd_range": {"device_start": 2254677.391641626, "device_end": 2254677.401200254}, "cmdq": 1, "read": {"device_start": -1, "device_end": -1}}, "FFC_sans_bias7": {"write": {"device_start": -1, "host_queued_start": 1585586903.101996, "device_queued": -1, "device_end": -1, "host_queued_end": 1585586903.108064}, "device": "cpu", "nd_range": {"device_start": 2254677.442755673, "device_end": 2254677.452395651}, "cmdq": 0, "read": {"device_start": -1, "device_end": -1}}, "FFC_sans_bias6": {"write": {"device_start": -1, "host_queued_start": 1585586903.098899, "device_queued": -1, "device_end": -1, "host_queued_end": 1585586903.108064}, "device": "cpu", "nd_range": {"device_start": 2254677.4245876023, "device_end": 2254677.4392790874}, "cmdq": 1, "read": {"device_start": -1, "device_end": -1}}, "FFC_sans_bias1": {"write": {"device_start": -1, "host_queued_start": 1585586903.071661, "device_queued": -1, "device_end": -1, "host_queued_end": 1585586903.108064}, "device": "cpu", "nd_range": {"device_start": 2254677.298410904, "device_end": 2254677.3067890774}, "cmdq": 0, "read": {"device_start": -1, "device_end": -1}}, "FFC_sans_bias0": {"write": {"device_start": -1, "host_queued_start": 1585586903.070607, "device_queued": -1, "device_end": -1, "host_queued_end": 1585586903.108064}, "device": "cpu", "nd_range": {"device_start": 2254677.297749155, "device_end": 2254677.3048185543}, "cmdq": 1, "read": {"device_start": -1, "device_end": -1}}, "FFC_sans_bias2": {"write": {"device_start": -1, "host_queued_start": 1585586903.072713, "device_queued": -1, "device_end": -1, "host_queued_end": 1585586903.108064}, "device": "cpu", "nd_range": {"device_start": 2254677.304921885, "device_end": 2254677.3113385723}, "cmdq": 1, "read": {"device_start": -1, "device_end": -1}}, "FFC_sans_bias61": {"write": {"device_start": -1, "host_queued_start": 1585586903.10802, "device_queued": -1, "device_end": -1, "host_queued_end": 1585586903.108064}, "device": "cpu", "nd_range": {"device_start": 2254677.469397659, "device_end": 2254677.477694638}, "cmdq": 0, "read": {"device_start": -1, "device_end": -1}}, "FFC_sans_bias52": {"write": {"device_start": -1, "host_queued_start": 1585586903.107024, "device_queued": -1, "device_end": -1, "host_queued_end": 1585586903.108064}, "device": "cpu", "nd_range": {"device_start": 2254677.484716412, "device_end": 2254677.48951794}, "cmdq": 1, "read": {"device_start": -1, "device_end": -1}}, "FFC_sans_bias9": {"write": {"device_start": -1, "host_queued_start": 1585586903.073856, "device_queued": -1, "device_end": -1, "host_queued_end": 1585586903.108064}, "device": "cpu", "nd_range": {"device_start": 2254677.30690139, "device_end": 2254677.315051259}, "cmdq": 0, "read": {"device_start": -1, "device_end": -1}}, "coalesced_transpose39": {"write": {"device_start": -1, "host_queued_start": 1585586903.093441, "device_queued": -1, "device_end": -1, "host_queued_end": 1585586903.108064}, "device": "cpu", "nd_range": {"device_start": 2254677.379549344, "device_end": 2254677.379794854}, "cmdq": 0, "read": {"device_start": -1, "device_end": -1}}, "FFC_sans_bias55": {"write": {"device_start": -1, "host_queued_start": 1585586903.091777, "device_queued": -1, "device_end": -1, "host_queued_end": 1585586903.108064}, "device": "cpu", "nd_range": {"device_start": 2254677.386684487, "device_end": 2254677.390774622}, "cmdq": 1, "read": {"device_start": -1, "device_end": -1}}, "FFC_sans_bias54": {"write": {"device_start": -1, "host_queued_start": 1585586903.090734, "device_queued": -1, "device_end": -1, "host_queued_end": 1585586903.108064}, "device": "cpu", "nd_range": {"device_start": 2254677.3700632514, "device_end": 2254677.378723226}, "cmdq": 0, "read": {"device_start": -1, "device_end": -1}}, "FFC_sans_bias56": {"write": {"device_start": -1, "host_queued_start": 1585586903.089665, "device_queued": -1, "device_end": -1, "host_queued_end": 1585586903.108064}, "device": "cpu", "nd_range": {"device_start": 2254677.382368137, "device_end": 2254677.386679255}, "cmdq": 1, "read": {"device_start": -1, "device_end": -1}}, "FFC_sans_bias51": {"write": {"device_start": -1, "host_queued_start": 1585586903.100609, "device_queued": -1, "device_end": -1, "host_queued_end": 1585586903.108064}, "device": "cpu", "nd_range": {"device_start": 2254677.4373623463, "device_end": 2254677.442645411}, "cmdq": 0, "read": {"device_start": -1, "device_end": -1}}, "softmax23": {"write": {"device_start": -1, "host_queued_start": 1585586903.097462, "device_queued": -1, "device_end": -1, "host_queued_end": 1585586903.108064}, "device": "cpu", "nd_range": {"device_start": 2254677.41705993, "device_end": 2254677.417262419}, "cmdq": 0, "read": {"device_start": -1, "device_end": -1}}, "FFC_sans_bias37": {"write": {"device_start": -1, "host_queued_start": 1585586903.0844, "device_queued": -1, "device_end": -1, "host_queued_end": 1585586903.108064}, "device": "cpu", "nd_range": {"device_start": 2254677.347320085, "device_end": 2254677.3558797613}, "cmdq": 0, "read": {"device_start": -1, "device_end": -1}}, "empty62": {"write": {"device_start": -1, "host_queued_start": 1585586903.069596, "device_queued": -1, "device_end": -1, "host_queued_end": 1585586903.108064}, "device": "cpu", "nd_range": {"device_start": 2254677.297748298, "device_end": 2254677.297748853}, "cmdq": 0, "read": {"device_start": -1, "device_end": -1}}, "FFC_sans_bias58": {"write": {"device_start": -1, "host_queued_start": 1585586903.096636, "device_queued": -1, "device_end": -1, "host_queued_end": 1585586903.108064}, "device": "cpu", "nd_range": {"device_start": 2254677.41867206, "device_end": 2254677.423472378}, "cmdq": 1, "read": {"device_start": -1, "device_end": -1}}, "softmax41": {"write": {"device_start": -1, "host_queued_start": 1585586903.098004, "device_queued": -1, "device_end": -1, "host_queued_end": 1585586903.108064}, "device": "cpu", "nd_range": {"device_start": 2254677.41865681, "device_end": 2254677.419720538}, "cmdq": 0, "read": {"device_start": -1, "device_end": -1}}, "FFC_sans_bias11": {"write": {"device_start": -1, "host_queued_start": 1585586903.076001, "device_queued": -1, "device_end": -1, "host_queued_end": 1585586903.108064}, "device": "cpu", "nd_range": {"device_start": 2254677.3151633753, "device_end": 2254677.3242743444}, "cmdq": 0, "read": {"device_start": -1, "device_end": -1}}, "FFC_sans_bias10": {"write": {"device_start": -1, "host_queued_start": 1585586903.074945, "device_queued": -1, "device_end": -1, "host_queued_end": 1585586903.108064}, "device": "cpu", "nd_range": {"device_start": 2254677.312622161, "device_end": 2254677.319829822}, "cmdq": 1, "read": {"device_start": -1, "device_end": -1}}, "coalesced_transpose3": {"write": {"device_start": -1, "host_queued_start": 1585586903.092119, "device_queued": -1, "device_end": -1, "host_queued_end": 1585586903.108064}, "device": "cpu", "nd_range": {"device_start": 2254677.3788358592, "device_end": 2254677.3790866244}, "cmdq": 0, "read": {"device_start": -1, "device_end": -1}}, "FFC_sans_bias34": {"write": {"device_start": -1, "host_queued_start": 1585586903.104982, "device_queued": -1, "device_end": -1, "host_queued_end": 1585586903.108064}, "device": "cpu", "nd_range": {"device_start": 2254677.4806568814, "device_end": 2254677.484713573}, "cmdq": 1, "read": {"device_start": -1, "device_end": -1}}, "FFC_sans_bias15": {"write": {"device_start": -1, "host_queued_start": 1585586903.09924, "device_queued": -1, "device_end": -1, "host_queued_end": 1585586903.108064}, "device": "cpu", "nd_range": {"device_start": 2254677.423776126, "device_end": 2254677.4314193013}, "cmdq": 0, "read": {"device_start": -1, "device_end": -1}}, "FFC_sans_bias31": {"write": {"device_start": -1, "host_queued_start": 1585586903.095573, "device_queued": -1, "device_end": -1, "host_queued_end": 1585586903.108064}, "device": "cpu", "nd_range": {"device_start": 2254677.398954982, "device_end": 2254677.407336993}, "cmdq": 0, "read": {"device_start": -1, "device_end": -1}}, "FFC_sans_bias16": {"write": {"device_start": -1, "host_queued_start": 1585586903.102994, "device_queued": -1, "device_end": -1, "host_queued_end": 1585586903.108064}, "device": "cpu", "nd_range": {"device_start": 2254677.465647716, "device_end": 2254677.4806527463}, "cmdq": 1, "read": {"device_start": -1, "device_end": -1}}, "FFC_sans_bias19": {"write": {"device_start": -1, "host_queued_start": 1585586903.078082, "device_queued": -1, "device_end": -1, "host_queued_end": 1585586903.108064}, "device": "cpu", "nd_range": {"device_start": 2254677.324390967, "device_end": 2254677.331702669}, "cmdq": 0, "read": {"device_start": -1, "device_end": -1}}, "FFC_sans_bias18": {"write": {"device_start": -1, "host_queued_start": 1585586903.077043, "device_queued": -1, "device_end": -1, "host_queued_end": 1585586903.108064}, "device": "cpu", "nd_range": {"device_start": 2254677.322233073, "device_end": 2254677.327962}, "cmdq": 1, "read": {"device_start": -1, "device_end": -1}}, "coalesced_transpose30": {"write": {"device_start": -1, "host_queued_start": 1585586903.093113, "device_queued": -1, "device_end": -1, "host_queued_end": 1585586903.108064}, "device": "cpu", "nd_range": {"device_start": 2254677.391023021, "device_end": 2254677.391283317}, "cmdq": 1, "read": {"device_start": -1, "device_end": -1}}, "FFC_sans_bias38": {"write": {"device_start": -1, "host_queued_start": 1585586903.085444, "device_queued": -1, "device_end": -1, "host_queued_end": 1585586903.108064}, "device": "cpu", "nd_range": {"device_start": 2254677.367608114, "device_end": 2254677.376577496}, "cmdq": 1, "read": {"device_start": -1, "device_end": -1}}, "coalesced_transpose57": {"write": {"device_start": -1, "host_queued_start": 1585586903.094099, "device_queued": -1, "device_end": -1, "host_queued_end": 1585586903.108064}, "device": "cpu", "nd_range": {"device_start": 2254677.390780508, "device_end": 2254677.3910098462}, "cmdq": 0, "read": {"device_start": -1, "device_end": -1}}, "empty26": {"write": {"device_start": -1, "host_queued_start": 1585586903.066263, "device_queued": -1, "device_end": -1, "host_queued_end": 1585586903.108064}, "device": "cpu", "nd_range": {"device_start": 2254677.297735379, "device_end": 2254677.297736333}, "cmdq": 0, "read": {"device_start": -1, "device_end": -1}}, "coalesced_transpose12": {"write": {"device_start": -1, "host_queued_start": 1585586903.09245, "device_queued": -1, "device_end": -1, "host_queued_end": 1585586903.108064}, "device": "cpu", "nd_range": {"device_start": 2254677.390794623, "device_end": 2254677.3910108684}, "cmdq": 1, "read": {"device_start": -1, "device_end": -1}}, "empty44": {"write": {"device_start": -1, "host_queued_start": 1585586903.067992, "device_queued": -1, "device_end": -1, "host_queued_end": 1585586903.108064}, "device": "cpu", "nd_range": {"device_start": 2254677.2977429843, "device_end": 2254677.297743659}, "cmdq": 0, "read": {"device_start": -1, "device_end": -1}}, "coalesced_transpose21": {"write": {"device_start": -1, "host_queued_start": 1585586903.092782, "device_queued": -1, "device_end": -1, "host_queued_end": 1585586903.108064}, "device": "cpu", "nd_range": {"device_start": 2254677.379192056, "device_end": 2254677.379439221}, "cmdq": 0, "read": {"device_start": -1, "device_end": -1}}, "FFC_sans_bias36": {"write": {"device_start": -1, "host_queued_start": 1585586903.083365, "device_queued": -1, "device_end": -1, "host_queued_end": 1585586903.108064}, "device": "cpu", "nd_range": {"device_start": 2254677.355897653, "device_end": 2254677.36585637}, "cmdq": 1, "read": {"device_start": -1, "device_end": -1}}, "softmax14": {"write": {"device_start": -1, "host_queued_start": 1585586903.097191, "device_queued": -1, "device_end": -1, "host_queued_end": 1585586903.108064}, "device": "cpu", "nd_range": {"device_start": 2254677.423593672, "device_end": 2254677.423756692}, "cmdq": 1, "read": {"device_start": -1, "device_end": -1}}, "FFC_sans_bias13": {"write": {"device_start": -1, "host_queued_start": 1585586903.094883, "device_queued": -1, "device_end": -1, "host_queued_end": 1585586903.108064}, "device": "cpu", "nd_range": {"device_start": 2254677.3911528233, "device_end": 2254677.398839082}, "cmdq": 0, "read": {"device_start": -1, "device_end": -1}}, "empty8": {"write": {"device_start": -1, "host_queued_start": 1585586903.064231, "device_queued": -1, "device_end": -1, "host_queued_end": 1585586903.108064}, "device": "cpu", "nd_range": {"device_start": 2254677.2977045192, "device_end": 2254677.2977116304}, "cmdq": 0, "read": {"device_start": -1, "device_end": -1}}, "FFC_sans_bias42": {"write": {"device_start": -1, "host_queued_start": 1585586903.100267, "device_queued": -1, "device_end": -1, "host_queued_end": 1585586903.108064}, "device": "cpu", "nd_range": {"device_start": 2254677.448655769, "device_end": 2254677.4567563063}, "cmdq": 1, "read": {"device_start": -1, "device_end": -1}}, "FFC_sans_bias43": {"write": {"device_start": -1, "host_queued_start": 1585586903.105992, "device_queued": -1, "device_end": -1, "host_queued_end": 1585586903.108064}, "device": "cpu", "nd_range": {"device_start": 2254677.463875077, "device_end": 2254677.469393656}, "cmdq": 0, "read": {"device_start": -1, "device_end": -1}}, "FFC_sans_bias40": {"write": {"device_start": -1, "host_queued_start": 1585586903.095933, "device_queued": -1, "device_end": -1, "host_queued_end": 1585586903.108064}, "device": "cpu", "nd_range": {"device_start": 2254677.410531823, "device_end": 2254677.418533035}, "cmdq": 1, "read": {"device_start": -1, "device_end": -1}}, "softmax32": {"write": {"device_start": -1, "host_queued_start": 1585586903.097733, "device_queued": -1, "device_end": -1, "host_queued_end": 1585586903.108064}, "device": "cpu", "nd_range": {"device_start": 2254677.42376788, "device_end": 2254677.424166194}, "cmdq": 1, "read": {"device_start": -1, "device_end": -1}}, "FFC_sans_bias47": {"write": {"device_start": -1, "host_queued_start": 1585586903.08862, "device_queued": -1, "device_end": -1, "host_queued_end": 1585586903.108064}, "device": "cpu", "nd_range": {"device_start": 2254677.364202987, "device_end": 2254677.3699537083}, "cmdq": 0, "read": {"device_start": -1, "device_end": -1}}, "FFC_sans_bias45": {"write": {"device_start": -1, "host_queued_start": 1585586903.086513, "device_queued": -1, "device_end": -1, "host_queued_end": 1585586903.108064}, "device": "cpu", "nd_range": {"device_start": 2254677.355886173, "device_end": 2254677.364085285}, "cmdq": 0, "read": {"device_start": -1, "device_end": -1}}, "softmax50": {"write": {"device_start": -1, "host_queued_start": 1585586903.098281, "device_queued": -1, "device_end": -1, "host_queued_end": 1585586903.108064}, "device": "cpu", "nd_range": {"device_start": 2254677.424275176, "device_end": 2254677.424481892}, "cmdq": 1, "read": {"device_start": -1, "device_end": -1}}, "FFC_sans_bias33": {"write": {"device_start": -1, "host_queued_start": 1585586903.099927, "device_queued": -1, "device_end": -1, "host_queued_end": 1585586903.108064}, "device": "cpu", "nd_range": {"device_start": 2254677.4315322763, "device_end": 2254677.437244227}, "cmdq": 0, "read": {"device_start": -1, "device_end": -1}}, "FFC_sans_bias49": {"write": {"device_start": -1, "host_queued_start": 1585586903.096295, "device_queued": -1, "device_end": -1, "host_queued_end": 1585586903.108064}, "device": "cpu", "nd_range": {"device_start": 2254677.4074502722, "device_end": 2254677.416619248}, "cmdq": 0, "read": {"device_start": -1, "device_end": -1}}, "FFC_sans_bias24": {"write": {"device_start": -1, "host_queued_start": 1585586903.09958, "device_queued": -1, "device_end": -1, "host_queued_end": 1585586903.108064}, "device": "cpu", "nd_range": {"device_start": 2254677.439394838, "device_end": 2254677.448516007}, "cmdq": 1, "read": {"device_start": -1, "device_end": -1}}, "FFC_sans_bias25": {"write": {"device_start": -1, "host_queued_start": 1585586903.103987, "device_queued": -1, "device_end": -1, "host_queued_end": 1585586903.108064}, "device": "cpu", "nd_range": {"device_start": 2254677.452399103, "device_end": 2254677.463872062}, "cmdq": 0, "read": {"device_start": -1, "device_end": -1}}, "FFC_sans_bias27": {"write": {"device_start": -1, "host_queued_start": 1585586903.080202, "device_queued": -1, "device_end": -1, "host_queued_end": 1585586903.108064}, "device": "cpu", "nd_range": {"device_start": 2254677.331709575, "device_end": 2254677.340347051}, "cmdq": 0, "read": {"device_start": -1, "device_end": -1}}, "FFC_sans_bias20": {"write": {"device_start": -1, "host_queued_start": 1585586903.07916, "device_queued": -1, "device_end": -1, "host_queued_end": 1585586903.108064}, "device": "cpu", "nd_range": {"device_start": 2254677.333826432, "device_end": 2254677.342100711}, "cmdq": 1, "read": {"device_start": -1, "device_end": -1}}, "FFC_sans_bias22": {"write": {"device_start": -1, "host_queued_start": 1585586903.095228, "device_queued": -1, "device_end": -1, "host_queued_end": 1585586903.108064}, "device": "cpu", "nd_range": {"device_start": 2254677.401313655, "device_end": 2254677.410416415}, "cmdq": 1, "read": {"device_start": -1, "device_end": -1}}, "softmax5": {"write": {"device_start": -1, "host_queued_start": 1585586903.096917, "device_queued": -1, "device_end": -1, "host_queued_end": 1585586903.108064}, "device": "cpu", "nd_range": {"device_start": 2254677.4167354763, "device_end": 2254677.416954076}, "cmdq": 0, "read": {"device_start": -1, "device_end": -1}}, "FFC_sans_bias28": {"write": {"device_start": -1, "host_queued_start": 1585586903.081247, "device_queued": -1, "device_end": -1, "host_queued_end": 1585586903.108064}, "device": "cpu", "nd_range": {"device_start": 2254677.342504016, "device_end": 2254677.35587963}, "cmdq": 1, "read": {"device_start": -1, "device_end": -1}}, "FFC_sans_bias29": {"write": {"device_start": -1, "host_queued_start": 1585586903.082295, "device_queued": -1, "device_end": -1, "host_queued_end": 1585586903.108064}, "device": "cpu", "nd_range": {"device_start": 2254677.340463439, "device_end": 2254677.347210613}, "cmdq": 0, "read": {"device_start": -1, "device_end": -1}}, "empty17": {"write": {"device_start": -1, "host_queued_start": 1585586903.065399, "device_queued": -1, "device_end": -1, "host_queued_end": 1585586903.108064}, "device": "cpu", "nd_range": {"device_start": 2254677.2976973862, "device_end": 2254677.297711601}, "cmdq": 1, "read": {"device_start": -1, "device_end": -1}}, "softmax59": {"write": {"device_start": -1, "host_queued_start": 1585586903.098556, "device_queued": -1, "device_end": -1, "host_queued_end": 1585586903.108064}, "device": "cpu", "nd_range": {"device_start": 2254677.4235904813, "device_end": 2254677.4237365783}, "cmdq": 0, "read": {"device_start": -1, "device_end": -1}}, "empty35": {"write": {"device_start": -1, "host_queued_start": 1585586903.067187, "device_queued": -1, "device_end": -1, "host_queued_end": 1585586903.108064}, "device": "cpu", "nd_range": {"device_start": 2254677.29773552, "device_end": 2254677.297736667}, "cmdq": 1, "read": {"device_start": -1, "device_end": -1}}, "empty53": {"write": {"device_start": -1, "host_queued_start": 1585586903.068795, "device_queued": -1, "device_end": -1, "host_queued_end": 1585586903.108064}, "device": "cpu", "nd_range": {"device_start": 2254677.297742709, "device_end": 2254677.2977432692}, "cmdq": 1, "read": {"device_start": -1, "device_end": -1}}, "FFC_sans_bias46": {"write": {"device_start": -1, "host_queued_start": 1585586903.087571, "device_queued": -1, "device_end": -1, "host_queued_end": 1585586903.108064}, "device": "cpu", "nd_range": {"device_start": 2254677.376868138, "device_end": 2254677.382360787}, "cmdq": 1, "read": {"device_start": -1, "device_end": -1}}, "coalesced_transpose48": {"write": {"device_start": -1, "host_queued_start": 1585586903.093772, "device_queued": -1, "device_end": -1, "host_queued_end": 1585586903.108064}, "device": "cpu", "nd_range": {"device_start": 2254677.391390546, "device_end": 2254677.391634425}, "cmdq": 1, "read": {"device_start": -1, "device_end": -1}}}