{"FFC_sans_bias60": {"write": {"device_start": -1, "host_queued_start": 1585587079.628954, "device_queued": -1, "device_end": -1, "host_queued_end": 1585587079.636058}, "device": "cpu", "nd_range": {"device_start": 2254853.995747465, "device_end": 2254854.01573524}, "cmdq": 0, "read": {"device_start": -1, "device_end": -1}}, "FFC_sans_bias4": {"write": {"device_start": -1, "host_queued_start": 1585587079.622494, "device_queued": -1, "device_end": -1, "host_queued_end": 1585587079.636058}, "device": "cpu", "nd_range": {"device_start": 2254853.9331600973, "device_end": 2254853.9519349933}, "cmdq": 0, "read": {"device_start": -1, "device_end": -1}}, "FFC_sans_bias7": {"write": {"device_start": -1, "host_queued_start": 1585587079.630007, "device_queued": -1, "device_end": -1, "host_queued_end": 1585587079.636058}, "device": "cpu", "nd_range": {"device_start": 2254853.9750755583, "device_end": 2254853.9948940813}, "cmdq": 1, "read": {"device_start": -1, "device_end": -1}}, "FFC_sans_bias6": {"write": {"device_start": -1, "host_queued_start": 1585587079.626892, "device_queued": -1, "device_end": -1, "host_queued_end": 1585587079.636058}, "device": "cpu", "nd_range": {"device_start": 2254853.953252839, "device_end": 2254853.969026136}, "cmdq": 4, "read": {"device_start": -1, "device_end": -1}}, "FFC_sans_bias1": {"write": {"device_start": -1, "host_queued_start": 1585587079.599606, "device_queued": -1, "device_end": -1, "host_queued_end": 1585587079.636058}, "device": "cpu", "nd_range": {"device_start": 2254853.871503265, "device_end": 2254853.886651187}, "cmdq": 3, "read": {"device_start": -1, "device_end": -1}}, "FFC_sans_bias0": {"write": {"device_start": -1, "host_queued_start": 1585587079.598537, "device_queued": -1, "device_end": -1, "host_queued_end": 1585587079.636058}, "device": "cpu", "nd_range": {"device_start": 2254853.841006813, "device_end": 2254853.856154364}, "cmdq": 2, "read": {"device_start": -1, "device_end": -1}}, "FFC_sans_bias2": {"write": {"device_start": -1, "host_queued_start": 1585587079.600691, "device_queued": -1, "device_end": -1, "host_queued_end": 1585587079.636058}, "device": "cpu", "nd_range": {"device_start": 2254853.8257712703, "device_end": 2254853.8413811033}, "cmdq": 4, "read": {"device_start": -1, "device_end": -1}}, "FFC_sans_bias61": {"write": {"device_start": -1, "host_queued_start": 1585587079.636013, "device_queued": -1, "device_end": -1, "host_queued_end": 1585587079.636058}, "device": "cpu", "nd_range": {"device_start": 2254854.016300543, "device_end": 2254854.025023132}, "cmdq": 2, "read": {"device_start": -1, "device_end": -1}}, "FFC_sans_bias52": {"write": {"device_start": -1, "host_queued_start": 1585587079.635017, "device_queued": -1, "device_end": -1, "host_queued_end": 1585587079.636058}, "device": "cpu", "nd_range": {"device_start": 2254854.006707774, "device_end": 2254854.0163504384}, "cmdq": 1, "read": {"device_start": -1, "device_end": -1}}, "FFC_sans_bias9": {"write": {"device_start": -1, "host_queued_start": 1585587079.601744, "device_queued": -1, "device_end": -1, "host_queued_end": 1585587079.636058}, "device": "cpu", "nd_range": {"device_start": 2254853.825734184, "device_end": 2254853.8409479233}, "cmdq": 0, "read": {"device_start": -1, "device_end": -1}}, "coalesced_transpose39": {"write": {"device_start": -1, "host_queued_start": 1585587079.621389, "device_queued": -1, "device_end": -1, "host_queued_end": 1585587079.636058}, "device": "cpu", "nd_range": {"device_start": 2254853.933641664, "device_end": 2254853.933869425}, "cmdq": 2, "read": {"device_start": -1, "device_end": -1}}, "FFC_sans_bias55": {"write": {"device_start": -1, "host_queued_start": 1585587079.619695, "device_queued": -1, "device_end": -1, "host_queued_end": 1585587079.636058}, "device": "cpu", "nd_range": {"device_start": 2254853.918341754, "device_end": 2254853.933528705}, "cmdq": 2, "read": {"device_start": -1, "device_end": -1}}, "FFC_sans_bias54": {"write": {"device_start": -1, "host_queued_start": 1585587079.618648, "device_queued": -1, "device_end": -1, "host_queued_end": 1585587079.636058}, "device": "cpu", "nd_range": {"device_start": 2254853.919002159, "device_end": 2254853.934822206}, "cmdq": 1, "read": {"device_start": -1, "device_end": -1}}, "FFC_sans_bias56": {"write": {"device_start": -1, "host_queued_start": 1585587079.6176, "device_queued": -1, "device_end": -1, "host_queued_end": 1585587079.636058}, "device": "cpu", "nd_range": {"device_start": 2254853.8719097953, "device_end": 2254853.8871496012}, "cmdq": 0, "read": {"device_start": -1, "device_end": -1}}, "FFC_sans_bias51": {"write": {"device_start": -1, "host_queued_start": 1585587079.628609, "device_queued": -1, "device_end": -1, "host_queued_end": 1585587079.636058}, "device": "cpu", "nd_range": {"device_start": 2254853.994549429, "device_end": 2254854.0052354434}, "cmdq": 4, "read": {"device_start": -1, "device_end": -1}}, "softmax23": {"write": {"device_start": -1, "host_queued_start": 1585587079.625392, "device_queued": -1, "device_end": -1, "host_queued_end": 1585587079.636058}, "device": "cpu", "nd_range": {"device_start": 2254853.9529397553, "device_end": 2254853.953149944}, "cmdq": 4, "read": {"device_start": -1, "device_end": -1}}, "FFC_sans_bias37": {"write": {"device_start": -1, "host_queued_start": 1585587079.612319, "device_queued": -1, "device_end": -1, "host_queued_end": 1585587079.636058}, "device": "cpu", "nd_range": {"device_start": 2254853.856569238, "device_end": 2254853.87179359}, "cmdq": 0, "read": {"device_start": -1, "device_end": -1}}, "empty62": {"write": {"device_start": -1, "host_queued_start": 1585587079.597568, "device_queued": -1, "device_end": -1, "host_queued_end": 1585587079.636058}, "device": "cpu", "nd_range": {"device_start": 2254853.825726809, "device_end": 2254853.82572768}, "cmdq": 1, "read": {"device_start": -1, "device_end": -1}}, "FFC_sans_bias58": {"write": {"device_start": -1, "host_queued_start": 1585587079.624563, "device_queued": -1, "device_end": -1, "host_queued_end": 1585587079.636058}, "device": "cpu", "nd_range": {"device_start": 2254853.950008374, "device_end": 2254853.963422885}, "cmdq": 1, "read": {"device_start": -1, "device_end": -1}}, "softmax41": {"write": {"device_start": -1, "host_queued_start": 1585587079.62596, "device_queued": -1, "device_end": -1, "host_queued_end": 1585587079.636058}, "device": "cpu", "nd_range": {"device_start": 2254853.963431757, "device_end": 2254853.9636458363}, "cmdq": 1, "read": {"device_start": -1, "device_end": -1}}, "FFC_sans_bias11": {"write": {"device_start": -1, "host_queued_start": 1585587079.603881, "device_queued": -1, "device_end": -1, "host_queued_end": 1585587079.636058}, "device": "cpu", "nd_range": {"device_start": 2254853.856162757, "device_end": 2254853.871349494}, "cmdq": 2, "read": {"device_start": -1, "device_end": -1}}, "FFC_sans_bias10": {"write": {"device_start": -1, "host_queued_start": 1585587079.602827, "device_queued": -1, "device_end": -1, "host_queued_end": 1585587079.636058}, "device": "cpu", "nd_range": {"device_start": 2254853.825733732, "device_end": 2254853.8409831133}, "cmdq": 1, "read": {"device_start": -1, "device_end": -1}}, "coalesced_transpose3": {"write": {"device_start": -1, "host_queued_start": 1585587079.620037, "device_queued": -1, "device_end": -1, "host_queued_end": 1585587079.636058}, "device": "cpu", "nd_range": {"device_start": 2254853.932762932, "device_end": 2254853.9330097013}, "cmdq": 3, "read": {"device_start": -1, "device_end": -1}}, "FFC_sans_bias34": {"write": {"device_start": -1, "host_queued_start": 1585587079.633021, "device_queued": -1, "device_end": -1, "host_queued_end": 1585587079.636058}, "device": "cpu", "nd_range": {"device_start": 2254854.005244547, "device_end": 2254854.018065671}, "cmdq": 4, "read": {"device_start": -1, "device_end": -1}}, "FFC_sans_bias15": {"write": {"device_start": -1, "host_queued_start": 1585587079.627237, "device_queued": -1, "device_end": -1, "host_queued_end": 1585587079.636058}, "device": "cpu", "nd_range": {"device_start": 2254853.9764901972, "device_end": 2254853.995735169}, "cmdq": 0, "read": {"device_start": -1, "device_end": -1}}, "FFC_sans_bias31": {"write": {"device_start": -1, "host_queued_start": 1585587079.623534, "device_queued": -1, "device_end": -1, "host_queued_end": 1585587079.636058}, "device": "cpu", "nd_range": {"device_start": 2254853.949364406, "device_end": 2254853.963644464}, "cmdq": 3, "read": {"device_start": -1, "device_end": -1}}, "FFC_sans_bias16": {"write": {"device_start": -1, "host_queued_start": 1585587079.631012, "device_queued": -1, "device_end": -1, "host_queued_end": 1585587079.636058}, "device": "cpu", "nd_range": {"device_start": 2254853.996819604, "device_end": 2254854.0044150203}, "cmdq": 2, "read": {"device_start": -1, "device_end": -1}}, "FFC_sans_bias19": {"write": {"device_start": -1, "host_queued_start": 1585587079.605976, "device_queued": -1, "device_end": -1, "host_queued_end": 1585587079.636058}, "device": "cpu", "nd_range": {"device_start": 2254853.841495652, "device_end": 2254853.856898908}, "cmdq": 4, "read": {"device_start": -1, "device_end": -1}}, "FFC_sans_bias18": {"write": {"device_start": -1, "host_queued_start": 1585587079.604929, "device_queued": -1, "device_end": -1, "host_queued_end": 1585587079.636058}, "device": "cpu", "nd_range": {"device_start": 2254853.886660971, "device_end": 2254853.901946724}, "cmdq": 3, "read": {"device_start": -1, "device_end": -1}}, "coalesced_transpose30": {"write": {"device_start": -1, "host_queued_start": 1585587079.621051, "device_queued": -1, "device_end": -1, "host_queued_end": 1585587079.636058}, "device": "cpu", "nd_range": {"device_start": 2254853.934940589, "device_end": 2254853.935190911}, "cmdq": 1, "read": {"device_start": -1, "device_end": -1}}, "FFC_sans_bias38": {"write": {"device_start": -1, "host_queued_start": 1585587079.613372, "device_queued": -1, "device_end": -1, "host_queued_end": 1585587079.636058}, "device": "cpu", "nd_range": {"device_start": 2254853.903567446, "device_end": 2254853.918889779}, "cmdq": 1, "read": {"device_start": -1, "device_end": -1}}, "coalesced_transpose57": {"write": {"device_start": -1, "host_queued_start": 1585587079.622147, "device_queued": -1, "device_end": -1, "host_queued_end": 1585587079.636058}, "device": "cpu", "nd_range": {"device_start": 2254853.9339560093, "device_end": 2254853.934193891}, "cmdq": 4, "read": {"device_start": -1, "device_end": -1}}, "empty26": {"write": {"device_start": -1, "host_queued_start": 1585587079.594132, "device_queued": -1, "device_end": -1, "host_queued_end": 1585587079.636058}, "device": "cpu", "nd_range": {"device_start": 2254853.840997662, "device_end": 2254853.841000011}, "cmdq": 2, "read": {"device_start": -1, "device_end": -1}}, "coalesced_transpose12": {"write": {"device_start": -1, "host_queued_start": 1585587079.620367, "device_queued": -1, "device_end": -1, "host_queued_end": 1585587079.636058}, "device": "cpu", "nd_range": {"device_start": 2254853.8879224313, "device_end": 2254853.8881827453}, "cmdq": 4, "read": {"device_start": -1, "device_end": -1}}, "empty44": {"write": {"device_start": -1, "host_queued_start": 1585587079.595935, "device_queued": -1, "device_end": -1, "host_queued_end": 1585587079.636058}, "device": "cpu", "nd_range": {"device_start": 2254853.8257501223, "device_end": 2254853.8257555394}, "cmdq": 4, "read": {"device_start": -1, "device_end": -1}}, "coalesced_transpose21": {"write": {"device_start": -1, "host_queued_start": 1585587079.620713, "device_queued": -1, "device_end": -1, "host_queued_end": 1585587079.636058}, "device": "cpu", "nd_range": {"device_start": 2254853.887264822, "device_end": 2254853.88751034}, "cmdq": 0, "read": {"device_start": -1, "device_end": -1}}, "FFC_sans_bias36": {"write": {"device_start": -1, "host_queued_start": 1585587079.611271, "device_queued": -1, "device_end": -1, "host_queued_end": 1585587079.636058}, "device": "cpu", "nd_range": {"device_start": 2254853.857010065, "device_end": 2254853.872352714}, "cmdq": 4, "read": {"device_start": -1, "device_end": -1}}, "softmax14": {"write": {"device_start": -1, "host_queued_start": 1585587079.625122, "device_queued": -1, "device_end": -1, "host_queued_end": 1585587079.636058}, "device": "cpu", "nd_range": {"device_start": 2254853.963653931, "device_end": 2254853.963878111}, "cmdq": 3, "read": {"device_start": -1, "device_end": -1}}, "FFC_sans_bias13": {"write": {"device_start": -1, "host_queued_start": 1585587079.622849, "device_queued": -1, "device_end": -1, "host_queued_end": 1585587079.636058}, "device": "cpu", "nd_range": {"device_start": 2254853.935299936, "device_end": 2254853.949887486}, "cmdq": 1, "read": {"device_start": -1, "device_end": -1}}, "empty8": {"write": {"device_start": -1, "host_queued_start": 1585587079.592119, "device_queued": -1, "device_end": -1, "host_queued_end": 1585587079.636058}, "device": "cpu", "nd_range": {"device_start": 2254853.825690255, "device_end": 2254853.825703769}, "cmdq": 0, "read": {"device_start": -1, "device_end": -1}}, "FFC_sans_bias42": {"write": {"device_start": -1, "host_queued_start": 1585587079.628266, "device_queued": -1, "device_end": -1, "host_queued_end": 1585587079.636058}, "device": "cpu", "nd_range": {"device_start": 2254853.964097508, "device_end": 2254853.979394231}, "cmdq": 3, "read": {"device_start": -1, "device_end": -1}}, "FFC_sans_bias43": {"write": {"device_start": -1, "host_queued_start": 1585587079.634017, "device_queued": -1, "device_end": -1, "host_queued_end": 1585587079.636058}, "device": "cpu", "nd_range": {"device_start": 2254854.0157455993, "device_end": 2254854.025022764}, "cmdq": 0, "read": {"device_start": -1, "device_end": -1}}, "FFC_sans_bias40": {"write": {"device_start": -1, "host_queued_start": 1585587079.623876, "device_queued": -1, "device_end": -1, "host_queued_end": 1585587079.636058}, "device": "cpu", "nd_range": {"device_start": 2254853.9343058923, "device_end": 2254853.952831087}, "cmdq": 4, "read": {"device_start": -1, "device_end": -1}}, "softmax32": {"write": {"device_start": -1, "host_queued_start": 1585587079.625682, "device_queued": -1, "device_end": -1, "host_queued_end": 1585587079.636058}, "device": "cpu", "nd_range": {"device_start": 2254853.976270717, "device_end": 2254853.9764831243}, "cmdq": 0, "read": {"device_start": -1, "device_end": -1}}, "FFC_sans_bias47": {"write": {"device_start": -1, "host_queued_start": 1585587079.616548, "device_queued": -1, "device_end": -1, "host_queued_end": 1585587079.636058}, "device": "cpu", "nd_range": {"device_start": 2254853.8724645153, "device_end": 2254853.887810618}, "cmdq": 4, "read": {"device_start": -1, "device_end": -1}}, "FFC_sans_bias45": {"write": {"device_start": -1, "host_queued_start": 1585587079.614423, "device_queued": -1, "device_end": -1, "host_queued_end": 1585587079.636058}, "device": "cpu", "nd_range": {"device_start": 2254853.9029435343, "device_end": 2254853.918228324}, "cmdq": 2, "read": {"device_start": -1, "device_end": -1}}, "softmax50": {"write": {"device_start": -1, "host_queued_start": 1585587079.626244, "device_queued": -1, "device_end": -1, "host_queued_end": 1585587079.636058}, "device": "cpu", "nd_range": {"device_start": 2254853.978970176, "device_end": 2254853.979178442}, "cmdq": 2, "read": {"device_start": -1, "device_end": -1}}, "FFC_sans_bias33": {"write": {"device_start": -1, "host_queued_start": 1585587079.627923, "device_queued": -1, "device_end": -1, "host_queued_end": 1585587079.636058}, "device": "cpu", "nd_range": {"device_start": 2254853.9792829393, "device_end": 2254853.9946655394}, "cmdq": 2, "read": {"device_start": -1, "device_end": -1}}, "FFC_sans_bias49": {"write": {"device_start": -1, "host_queued_start": 1585587079.624217, "device_queued": -1, "device_end": -1, "host_queued_end": 1585587079.636058}, "device": "cpu", "nd_range": {"device_start": 2254853.952343332, "device_end": 2254853.976258154}, "cmdq": 0, "read": {"device_start": -1, "device_end": -1}}, "FFC_sans_bias24": {"write": {"device_start": -1, "host_queued_start": 1585587079.627583, "device_queued": -1, "device_end": -1, "host_queued_end": 1585587079.636058}, "device": "cpu", "nd_range": {"device_start": 2254853.963653365, "device_end": 2254853.975065521}, "cmdq": 1, "read": {"device_start": -1, "device_end": -1}}, "FFC_sans_bias25": {"write": {"device_start": -1, "host_queued_start": 1585587079.632009, "device_queued": -1, "device_end": -1, "host_queued_end": 1585587079.636058}, "device": "cpu", "nd_range": {"device_start": 2254853.979403527, "device_end": 2254853.994546006}, "cmdq": 3, "read": {"device_start": -1, "device_end": -1}}, "FFC_sans_bias27": {"write": {"device_start": -1, "host_queued_start": 1585587079.608101, "device_queued": -1, "device_end": -1, "host_queued_end": 1585587079.636058}, "device": "cpu", "nd_range": {"device_start": 2254853.888295262, "device_end": 2254853.903457837}, "cmdq": 1, "read": {"device_start": -1, "device_end": -1}}, "FFC_sans_bias20": {"write": {"device_start": -1, "host_queued_start": 1585587079.607058, "device_queued": -1, "device_end": -1, "host_queued_end": 1585587079.636058}, "device": "cpu", "nd_range": {"device_start": 2254853.841282675, "device_end": 2254853.856451456}, "cmdq": 0, "read": {"device_start": -1, "device_end": -1}}, "FFC_sans_bias22": {"write": {"device_start": -1, "host_queued_start": 1585587079.623192, "device_queued": -1, "device_end": -1, "host_queued_end": 1585587079.636058}, "device": "cpu", "nd_range": {"device_start": 2254853.933978864, "device_end": 2254853.948287894}, "cmdq": 2, "read": {"device_start": -1, "device_end": -1}}, "softmax5": {"write": {"device_start": -1, "host_queued_start": 1585587079.624844, "device_queued": -1, "device_end": -1, "host_queued_end": 1585587079.636058}, "device": "cpu", "nd_range": {"device_start": 2254853.9521161173, "device_end": 2254853.9523357283}, "cmdq": 2, "read": {"device_start": -1, "device_end": -1}}, "FFC_sans_bias28": {"write": {"device_start": -1, "host_queued_start": 1585587079.609148, "device_queued": -1, "device_end": -1, "host_queued_end": 1585587079.636058}, "device": "cpu", "nd_range": {"device_start": 2254853.8876180453, "device_end": 2254853.902825116}, "cmdq": 2, "read": {"device_start": -1, "device_end": -1}}, "FFC_sans_bias29": {"write": {"device_start": -1, "host_queued_start": 1585587079.610201, "device_queued": -1, "device_end": -1, "host_queued_end": 1585587079.636058}, "device": "cpu", "nd_range": {"device_start": 2254853.902079654, "device_end": 2254853.917288205}, "cmdq": 3, "read": {"device_start": -1, "device_end": -1}}, "empty17": {"write": {"device_start": -1, "host_queued_start": 1585587079.593291, "device_queued": -1, "device_end": -1, "host_queued_end": 1585587079.636058}, "device": "cpu", "nd_range": {"device_start": 2254853.825696153, "device_end": 2254853.8257037723}, "cmdq": 1, "read": {"device_start": -1, "device_end": -1}}, "softmax59": {"write": {"device_start": -1, "host_queued_start": 1585587079.626519, "device_queued": -1, "device_end": -1, "host_queued_end": 1585587079.636058}, "device": "cpu", "nd_range": {"device_start": 2254853.963884733, "device_end": 2254853.96409246}, "cmdq": 3, "read": {"device_start": -1, "device_end": -1}}, "empty35": {"write": {"device_start": -1, "host_queued_start": 1585587079.595078, "device_queued": -1, "device_end": -1, "host_queued_end": 1585587079.636058}, "device": "cpu", "nd_range": {"device_start": 2254853.871485969, "device_end": 2254853.871489445}, "cmdq": 3, "read": {"device_start": -1, "device_end": -1}}, "empty53": {"write": {"device_start": -1, "host_queued_start": 1585587079.596765, "device_queued": -1, "device_end": -1, "host_queued_end": 1585587079.636058}, "device": "cpu", "nd_range": {"device_start": 2254853.825726984, "device_end": 2254853.825728009}, "cmdq": 0, "read": {"device_start": -1, "device_end": -1}}, "FFC_sans_bias46": {"write": {"device_start": -1, "host_queued_start": 1585587079.6155, "device_queued": -1, "device_end": -1, "host_queued_end": 1585587079.636058}, "device": "cpu", "nd_range": {"device_start": 2254853.917411759, "device_end": 2254853.93264234}, "cmdq": 3, "read": {"device_start": -1, "device_end": -1}}, "coalesced_transpose48": {"write": {"device_start": -1, "host_queued_start": 1585587079.621727, "device_queued": -1, "device_end": -1, "host_queued_end": 1585587079.636058}, "device": "cpu", "nd_range": {"device_start": 2254853.9331261623, "device_end": 2254853.933361058}, "cmdq": 3, "read": {"device_start": -1, "device_end": -1}}}