{"FFC_sans_bias60": {"write": {"device_start": -1, "host_queued_start": 1585586897.44604, "device_queued": -1, "device_end": -1, "host_queued_end": 1585586897.448205}, "device": "gpu", "nd_range": {"device_start": 1585586832.028991, "device_end": 1585586832.0296013}, "cmdq": 0, "read": {"device_start": -1, "device_end": -1}}, "FFC_sans_bias4": {"write": {"device_start": -1, "host_queued_start": 1585586897.471136, "device_queued": -1, "device_end": -1, "host_queued_end": 1585586897.480666}, "device": "cpu", "nd_range": {"device_start": 2254671.74355839, "device_end": 2254671.7514735153}, "cmdq": 1, "read": {"device_start": -1, "device_end": -1}}, "FFC_sans_bias7": {"write": {"device_start": -1, "host_queued_start": 1585586897.476611, "device_queued": -1, "device_end": -1, "host_queued_end": 1585586897.480666}, "device": "cpu", "nd_range": {"device_start": 2254671.787377979, "device_end": 2254671.8041273383}, "cmdq": 0, "read": {"device_start": -1, "device_end": -1}}, "FFC_sans_bias6": {"write": {"device_start": -1, "host_queued_start": 1585586897.474182, "device_queued": -1, "device_end": -1, "host_queued_end": 1585586897.480666}, "device": "cpu", "nd_range": {"device_start": 2254671.7684652223, "device_end": 2254671.777871401}, "cmdq": 1, "read": {"device_start": -1, "device_end": -1}}, "FFC_sans_bias1": {"write": {"device_start": -1, "host_queued_start": 1585586897.455347, "device_queued": -1, "device_end": -1, "host_queued_end": 1585586897.480666}, "device": "cpu", "nd_range": {"device_start": 2254671.670309827, "device_end": 2254671.678452459}, "cmdq": 0, "read": {"device_start": -1, "device_end": -1}}, "FFC_sans_bias0": {"write": {"device_start": -1, "host_queued_start": 1585586897.454207, "device_queued": -1, "device_end": -1, "host_queued_end": 1585586897.480666}, "device": "cpu", "nd_range": {"device_start": 2254671.670301434, "device_end": 2254671.678452948}, "cmdq": 1, "read": {"device_start": -1, "device_end": -1}}, "FFC_sans_bias2": {"write": {"device_start": -1, "host_queued_start": 1585586897.45644, "device_queued": -1, "device_end": -1, "host_queued_end": 1585586897.480666}, "device": "cpu", "nd_range": {"device_start": 2254671.6784723112, "device_end": 2254671.6860856763}, "cmdq": 1, "read": {"device_start": -1, "device_end": -1}}, "FFC_sans_bias61": {"write": {"device_start": 1585586832.0291133, "host_queued_start": 1585586897.448107, "device_queued": 1585586832.0250866, "device_end": 1585586832.029143, "host_queued_end": 1585586897.448205}, "device": "gpu", "nd_range": {"device_start": 1585586832.0296052, "device_end": 1585586832.030574}, "cmdq": 2, "read": {"device_start": 1585586832.0305817, "device_end": 1585586832.0306046}}, "FFC_sans_bias52": {"write": {"device_start": 1585586832.0284781, "host_queued_start": 1585586897.447069, "device_queued": 1585586832.025117, "device_end": 1585586832.0285084, "host_queued_end": 1585586897.448205}, "device": "gpu", "nd_range": {"device_start": 1585586832.0289948, "device_end": 1585586832.029999}, "cmdq": 1, "read": {"device_start": 1585586832.0300057, "device_end": 1585586832.0300288}}, "FFC_sans_bias9": {"write": {"device_start": -1, "host_queued_start": 1585586897.457483, "device_queued": -1, "device_end": -1, "host_queued_end": 1585586897.480666}, "device": "cpu", "nd_range": {"device_start": 2254671.6784707652, "device_end": 2254671.6897214493}, "cmdq": 0, "read": {"device_start": -1, "device_end": -1}}, "coalesced_transpose39": {"write": {"device_start": -1, "host_queued_start": 1585586897.470793, "device_queued": -1, "device_end": -1, "host_queued_end": 1585586897.480666}, "device": "cpu", "nd_range": {"device_start": 2254671.743790028, "device_end": 2254671.744026582}, "cmdq": 0, "read": {"device_start": -1, "device_end": -1}}, "FFC_sans_bias55": {"write": {"device_start": 1585586832.0258067, "host_queued_start": 1585586897.443655, "device_queued": 1585586832.0245497, "device_end": 1585586832.0258322, "host_queued_end": 1585586897.448205}, "device": "gpu", "nd_range": {"device_start": 1585586832.025837, "device_end": 1585586832.0271223}, "cmdq": 1, "read": {"device_start": -1, "device_end": -1}}, "FFC_sans_bias54": {"write": {"device_start": 1585586832.0252812, "host_queued_start": 1585586897.442624, "device_queued": 1585586832.0244062, "device_end": 1585586832.0253131, "host_queued_end": 1585586897.448205}, "device": "gpu", "nd_range": {"device_start": 1585586832.025317, "device_end": 1585586832.0266986}, "cmdq": 0, "read": {"device_start": -1, "device_end": -1}}, "FFC_sans_bias56": {"write": {"device_start": 1585586832.0248582, "host_queued_start": 1585586897.441552, "device_queued": 1585586832.0242012, "device_end": 1585586832.024889, "host_queued_end": 1585586897.448205}, "device": "gpu", "nd_range": {"device_start": 1585586832.024892, "device_end": 1585586832.026135}, "cmdq": 2, "read": {"device_start": -1, "device_end": -1}}, "FFC_sans_bias51": {"write": {"device_start": -1, "host_queued_start": 1585586897.445727, "device_queued": -1, "device_end": -1, "host_queued_end": 1585586897.448205}, "device": "gpu", "nd_range": {"device_start": 1585586832.0283895, "device_end": 1585586832.028988}, "cmdq": 2, "read": {"device_start": -1, "device_end": -1}}, "softmax23": {"write": {"device_start": -1, "host_queued_start": 1585586897.47331, "device_queued": -1, "device_end": -1, "host_queued_end": 1585586897.480666}, "device": "cpu", "nd_range": {"device_start": 2254671.7612309023, "device_end": 2254671.766956108}, "cmdq": 0, "read": {"device_start": -1, "device_end": -1}}, "FFC_sans_bias37": {"write": {"device_start": -1, "host_queued_start": 1585586897.468004, "device_queued": -1, "device_end": -1, "host_queued_end": 1585586897.480666}, "device": "cpu", "nd_range": {"device_start": 2254671.738013661, "device_end": 2254671.743233879}, "cmdq": 0, "read": {"device_start": -1, "device_end": -1}}, "empty62": {"write": {"device_start": 1585586832.023996, "host_queued_start": 1585586897.437334, "device_queued": 1585586832.023854, "device_end": 1585586832.0240588, "host_queued_end": 1585586897.448205}, "device": "gpu", "nd_range": {"device_start": 1585586832.0240638, "device_end": 1585586832.0240679}, "cmdq": 1, "read": {"device_start": -1, "device_end": -1}}, "FFC_sans_bias58": {"write": {"device_start": -1, "host_queued_start": 1585586897.444903, "device_queued": -1, "device_end": -1, "host_queued_end": 1585586897.448205}, "device": "gpu", "nd_range": {"device_start": 1585586832.0275578, "device_end": 1585586832.0281634}, "cmdq": 2, "read": {"device_start": -1, "device_end": -1}}, "softmax41": {"write": {"device_start": -1, "host_queued_start": 1585586897.473849, "device_queued": -1, "device_end": -1, "host_queued_end": 1585586897.480666}, "device": "cpu", "nd_range": {"device_start": 2254671.766972734, "device_end": 2254671.767114888}, "cmdq": 0, "read": {"device_start": -1, "device_end": -1}}, "FFC_sans_bias11": {"write": {"device_start": -1, "host_queued_start": 1585586897.4596, "device_queued": -1, "device_end": -1, "host_queued_end": 1585586897.480666}, "device": "cpu", "nd_range": {"device_start": 2254671.6898390152, "device_end": 2254671.70262104}, "cmdq": 0, "read": {"device_start": -1, "device_end": -1}}, "FFC_sans_bias10": {"write": {"device_start": -1, "host_queued_start": 1585586897.458534, "device_queued": -1, "device_end": -1, "host_queued_end": 1585586897.480666}, "device": "cpu", "nd_range": {"device_start": 2254671.6862167832, "device_end": 2254671.6928750603}, "cmdq": 1, "read": {"device_start": -1, "device_end": -1}}, "coalesced_transpose3": {"write": {"device_start": -1, "host_queued_start": 1585586897.46948, "device_queued": -1, "device_end": -1, "host_queued_end": 1585586897.480666}, "device": "cpu", "nd_range": {"device_start": 2254671.743238655, "device_end": 2254671.743407846}, "cmdq": 0, "read": {"device_start": -1, "device_end": -1}}, "FFC_sans_bias34": {"write": {"device_start": -1, "host_queued_start": 1585586897.479629, "device_queued": -1, "device_end": -1, "host_queued_end": 1585586897.480666}, "device": "cpu", "nd_range": {"device_start": 2254671.8095272593, "device_end": 2254671.8151435093}, "cmdq": 1, "read": {"device_start": -1, "device_end": -1}}, "FFC_sans_bias15": {"write": {"device_start": -1, "host_queued_start": 1585586897.47452, "device_queued": -1, "device_end": -1, "host_queued_end": 1585586897.480666}, "device": "cpu", "nd_range": {"device_start": 2254671.7672803653, "device_end": 2254671.774893335}, "cmdq": 0, "read": {"device_start": -1, "device_end": -1}}, "FFC_sans_bias31": {"write": {"device_start": -1, "host_queued_start": 1585586897.472159, "device_queued": -1, "device_end": -1, "host_queued_end": 1585586897.480666}, "device": "cpu", "nd_range": {"device_start": 2254671.751504429, "device_end": 2254671.7592510493}, "cmdq": 0, "read": {"device_start": -1, "device_end": -1}}, "FFC_sans_bias16": {"write": {"device_start": -1, "host_queued_start": 1585586897.477602, "device_queued": -1, "device_end": -1, "host_queued_end": 1585586897.480666}, "device": "cpu", "nd_range": {"device_start": 2254671.798948388, "device_end": 2254671.809524115}, "cmdq": 1, "read": {"device_start": -1, "device_end": -1}}, "FFC_sans_bias19": {"write": {"device_start": -1, "host_queued_start": 1585586897.461682, "device_queued": -1, "device_end": -1, "host_queued_end": 1585586897.480666}, "device": "cpu", "nd_range": {"device_start": 2254671.702627702, "device_end": 2254671.718451525}, "cmdq": 0, "read": {"device_start": -1, "device_end": -1}}, "FFC_sans_bias18": {"write": {"device_start": -1, "host_queued_start": 1585586897.460639, "device_queued": -1, "device_end": -1, "host_queued_end": 1585586897.480666}, "device": "cpu", "nd_range": {"device_start": 2254671.692989849, "device_end": 2254671.702621636}, "cmdq": 1, "read": {"device_start": -1, "device_end": -1}}, "coalesced_transpose30": {"write": {"device_start": -1, "host_queued_start": 1585586897.470462, "device_queued": -1, "device_end": -1, "host_queued_end": 1585586897.480666}, "device": "cpu", "nd_range": {"device_start": 2254671.7327144183, "device_end": 2254671.7329497524}, "cmdq": 1, "read": {"device_start": -1, "device_end": -1}}, "FFC_sans_bias38": {"write": {"device_start": -1, "host_queued_start": 1585586897.469151, "device_queued": -1, "device_end": -1, "host_queued_end": 1585586897.480666}, "device": "cpu", "nd_range": {"device_start": 2254671.7222033814, "device_end": 2254671.732245252}, "cmdq": 1, "read": {"device_start": -1, "device_end": -1}}, "coalesced_transpose57": {"write": {"device_start": -1, "host_queued_start": 1585586897.444276, "device_queued": -1, "device_end": -1, "host_queued_end": 1585586897.448205}, "device": "gpu", "nd_range": {"device_start": 1585586832.0271363, "device_end": 1585586832.02755}, "cmdq": 0, "read": {"device_start": -1, "device_end": -1}}, "empty26": {"write": {"device_start": -1, "host_queued_start": 1585586897.45152, "device_queued": -1, "device_end": -1, "host_queued_end": 1585586897.480666}, "device": "cpu", "nd_range": {"device_start": 2254671.6702949093, "device_end": 2254671.670296141}, "cmdq": 0, "read": {"device_start": -1, "device_end": -1}}, "coalesced_transpose12": {"write": {"device_start": -1, "host_queued_start": 1585586897.469813, "device_queued": -1, "device_end": -1, "host_queued_end": 1585586897.480666}, "device": "cpu", "nd_range": {"device_start": 2254671.732358891, "device_end": 2254671.732604572}, "cmdq": 1, "read": {"device_start": -1, "device_end": -1}}, "empty44": {"write": {"device_start": -1, "host_queued_start": 1585586897.453155, "device_queued": -1, "device_end": -1, "host_queued_end": 1585586897.480666}, "device": "cpu", "nd_range": {"device_start": 2254671.670302264, "device_end": 2254671.670302979}, "cmdq": 0, "read": {"device_start": -1, "device_end": -1}}, "coalesced_transpose21": {"write": {"device_start": -1, "host_queued_start": 1585586897.470139, "device_queued": -1, "device_end": -1, "host_queued_end": 1585586897.480666}, "device": "cpu", "nd_range": {"device_start": 2254671.743556544, "device_end": 2254671.743678931}, "cmdq": 0, "read": {"device_start": -1, "device_end": -1}}, "FFC_sans_bias36": {"write": {"device_start": -1, "host_queued_start": 1585586897.466969, "device_queued": -1, "device_end": -1, "host_queued_end": 1585586897.480666}, "device": "cpu", "nd_range": {"device_start": 2254671.715840577, "device_end": 2254671.7220839793}, "cmdq": 1, "read": {"device_start": -1, "device_end": -1}}, "softmax14": {"write": {"device_start": -1, "host_queued_start": 1585586897.473042, "device_queued": -1, "device_end": -1, "host_queued_end": 1585586897.480666}, "device": "cpu", "nd_range": {"device_start": 2254671.766745781, "device_end": 2254671.7669473453}, "cmdq": 1, "read": {"device_start": -1, "device_end": -1}}, "FFC_sans_bias13": {"write": {"device_start": -1, "host_queued_start": 1585586897.471481, "device_queued": -1, "device_end": -1, "host_queued_end": 1585586897.480666}, "device": "cpu", "nd_range": {"device_start": 2254671.744132838, "device_end": 2254671.751489566}, "cmdq": 0, "read": {"device_start": -1, "device_end": -1}}, "empty8": {"write": {"device_start": -1, "host_queued_start": 1585586897.449536, "device_queued": -1, "device_end": -1, "host_queued_end": 1585586897.480666}, "device": "cpu", "nd_range": {"device_start": 2254671.670259642, "device_end": 2254671.670272584}, "cmdq": 0, "read": {"device_start": -1, "device_end": -1}}, "FFC_sans_bias42": {"write": {"device_start": -1, "host_queued_start": 1585586897.475567, "device_queued": -1, "device_end": -1, "host_queued_end": 1585586897.480666}, "device": "cpu", "nd_range": {"device_start": 2254671.7896359013, "device_end": 2254671.798940053}, "cmdq": 1, "read": {"device_start": -1, "device_end": -1}}, "FFC_sans_bias43": {"write": {"device_start": -1, "host_queued_start": 1585586897.480622, "device_queued": -1, "device_end": -1, "host_queued_end": 1585586897.480666}, "device": "cpu", "nd_range": {"device_start": 2254671.814793771, "device_end": 2254671.82001766}, "cmdq": 0, "read": {"device_start": -1, "device_end": -1}}, "FFC_sans_bias40": {"write": {"device_start": -1, "host_queued_start": 1585586897.472498, "device_queued": -1, "device_end": -1, "host_queued_end": 1585586897.480666}, "device": "cpu", "nd_range": {"device_start": 2254671.761235626, "device_end": 2254671.7667261693}, "cmdq": 1, "read": {"device_start": -1, "device_end": -1}}, "softmax32": {"write": {"device_start": -1, "host_queued_start": 1585586897.473583, "device_queued": -1, "device_end": -1, "host_queued_end": 1585586897.480666}, "device": "cpu", "nd_range": {"device_start": 2254671.767295932, "device_end": 2254671.7683515763}, "cmdq": 1, "read": {"device_start": -1, "device_end": -1}}, "FFC_sans_bias47": {"write": {"device_start": 1585586832.0243328, "host_queued_start": 1585586897.440479, "device_queued": 1585586832.0241838, "device_end": 1585586832.0243642, "host_queued_end": 1585586897.448205}, "device": "gpu", "nd_range": {"device_start": 1585586832.0243826, "device_end": 1585586832.0257235}, "cmdq": 1, "read": {"device_start": -1, "device_end": -1}}, "FFC_sans_bias45": {"write": {"device_start": 1585586832.0240915, "host_queued_start": 1585586897.438399, "device_queued": 1585586832.023875, "device_end": 1585586832.0241215, "host_queued_end": 1585586897.448205}, "device": "gpu", "nd_range": {"device_start": 1585586832.0241325, "device_end": 1585586832.0247386}, "cmdq": 2, "read": {"device_start": -1, "device_end": -1}}, "softmax50": {"write": {"device_start": -1, "host_queued_start": 1585586897.445152, "device_queued": -1, "device_end": -1, "host_queued_end": 1585586897.448205}, "device": "gpu", "nd_range": {"device_start": 1585586832.0281675, "device_end": 1585586832.0283756}, "cmdq": 0, "read": {"device_start": -1, "device_end": -1}}, "FFC_sans_bias33": {"write": {"device_start": -1, "host_queued_start": 1585586897.475225, "device_queued": -1, "device_end": -1, "host_queued_end": 1585586897.480666}, "device": "cpu", "nd_range": {"device_start": 2254671.7777178613, "device_end": 2254671.787366772}, "cmdq": 0, "read": {"device_start": -1, "device_end": -1}}, "FFC_sans_bias49": {"write": {"device_start": -1, "host_queued_start": 1585586897.444587, "device_queued": -1, "device_end": -1, "host_queued_end": 1585586897.448205}, "device": "gpu", "nd_range": {"device_start": 1585586832.0271275, "device_end": 1585586832.027728}, "cmdq": 1, "read": {"device_start": -1, "device_end": -1}}, "FFC_sans_bias24": {"write": {"device_start": -1, "host_queued_start": 1585586897.474888, "device_queued": -1, "device_end": -1, "host_queued_end": 1585586897.480666}, "device": "cpu", "nd_range": {"device_start": 2254671.7778792963, "device_end": 2254671.7896288442}, "cmdq": 1, "read": {"device_start": -1, "device_end": -1}}, "FFC_sans_bias25": {"write": {"device_start": -1, "host_queued_start": 1585586897.478633, "device_queued": -1, "device_end": -1, "host_queued_end": 1585586897.480666}, "device": "cpu", "nd_range": {"device_start": 2254671.804131952, "device_end": 2254671.814790645}, "cmdq": 0, "read": {"device_start": -1, "device_end": -1}}, "FFC_sans_bias27": {"write": {"device_start": -1, "host_queued_start": 1585586897.463798, "device_queued": -1, "device_end": -1, "host_queued_end": 1585586897.480666}, "device": "cpu", "nd_range": {"device_start": 2254671.718461113, "device_end": 2254671.72511292}, "cmdq": 0, "read": {"device_start": -1, "device_end": -1}}, "FFC_sans_bias20": {"write": {"device_start": -1, "host_queued_start": 1585586897.462758, "device_queued": -1, "device_end": -1, "host_queued_end": 1585586897.480666}, "device": "cpu", "nd_range": {"device_start": 2254671.702628204, "device_end": 2254671.710522213}, "cmdq": 1, "read": {"device_start": -1, "device_end": -1}}, "FFC_sans_bias22": {"write": {"device_start": -1, "host_queued_start": 1585586897.471821, "device_queued": -1, "device_end": -1, "host_queued_end": 1585586897.480666}, "device": "cpu", "nd_range": {"device_start": 2254671.7515363963, "device_end": 2254671.761212428}, "cmdq": 1, "read": {"device_start": -1, "device_end": -1}}, "softmax5": {"write": {"device_start": -1, "host_queued_start": 1585586897.472771, "device_queued": -1, "device_end": -1, "host_queued_end": 1585586897.480666}, "device": "cpu", "nd_range": {"device_start": 2254671.75936598, "device_end": 2254671.759587945}, "cmdq": 0, "read": {"device_start": -1, "device_end": -1}}, "FFC_sans_bias28": {"write": {"device_start": -1, "host_queued_start": 1585586897.464852, "device_queued": -1, "device_end": -1, "host_queued_end": 1585586897.480666}, "device": "cpu", "nd_range": {"device_start": 2254671.710527821, "device_end": 2254671.715835}, "cmdq": 1, "read": {"device_start": -1, "device_end": -1}}, "FFC_sans_bias29": {"write": {"device_start": -1, "host_queued_start": 1585586897.465905, "device_queued": -1, "device_end": -1, "host_queued_end": 1585586897.480666}, "device": "cpu", "nd_range": {"device_start": 2254671.725118646, "device_end": 2254671.738008215}, "cmdq": 0, "read": {"device_start": -1, "device_end": -1}}, "empty17": {"write": {"device_start": -1, "host_queued_start": 1585586897.450632, "device_queued": -1, "device_end": -1, "host_queued_end": 1585586897.480666}, "device": "cpu", "nd_range": {"device_start": 2254671.670261818, "device_end": 2254671.670272606}, "cmdq": 1, "read": {"device_start": -1, "device_end": -1}}, "softmax59": {"write": {"device_start": -1, "host_queued_start": 1585586897.445396, "device_queued": -1, "device_end": -1, "host_queued_end": 1585586897.448205}, "device": "gpu", "nd_range": {"device_start": 1585586832.0281725, "device_end": 1585586832.0283718}, "cmdq": 1, "read": {"device_start": -1, "device_end": -1}}, "empty35": {"write": {"device_start": -1, "host_queued_start": 1585586897.452333, "device_queued": -1, "device_end": -1, "host_queued_end": 1585586897.480666}, "device": "cpu", "nd_range": {"device_start": 2254671.670294118, "device_end": 2254671.670294975}, "cmdq": 1, "read": {"device_start": -1, "device_end": -1}}, "empty53": {"write": {"device_start": 1585586832.0238895, "host_queued_start": 1585586897.436136, "device_queued": 1585586832.0237584, "device_end": 1585586832.0239396, "host_queued_end": 1585586897.448205}, "device": "gpu", "nd_range": {"device_start": 1585586832.0239487, "device_end": 1585586832.0239546}, "cmdq": 0, "read": {"device_start": -1, "device_end": -1}}, "FFC_sans_bias46": {"write": {"device_start": 1585586832.0242364, "host_queued_start": 1585586897.439433, "device_queued": 1585586832.0241332, "device_end": 1585586832.0243008, "host_queued_end": 1585586897.448205}, "device": "gpu", "nd_range": {"device_start": 1585586832.0243068, "device_end": 1585586832.0251439}, "cmdq": 0, "read": {"device_start": -1, "device_end": -1}}, "coalesced_transpose48": {"write": {"device_start": -1, "host_queued_start": 1585586897.44398, "device_queued": -1, "device_end": -1, "host_queued_end": 1585586897.448205}, "device": "gpu", "nd_range": {"device_start": 1585586832.0261362, "device_end": 1585586832.026994}, "cmdq": 2, "read": {"device_start": -1, "device_end": -1}}}