{"FFC_sans_bias60": {"write": {"device_start": -1, "host_queued_start": 1585587184.350179, "device_queued": -1, "device_end": -1, "host_queued_end": 1585587184.352366}, "device": "gpu", "nd_range": {"device_start": 1585587118.9251616, "device_end": 1585587118.9257932}, "cmdq": 0, "read": {"device_start": -1, "device_end": -1}}, "FFC_sans_bias4": {"write": {"device_start": -1, "host_queued_start": 1585587184.37559, "device_queued": -1, "device_end": -1, "host_queued_end": 1585587184.385215}, "device": "cpu", "nd_range": {"device_start": 2254958.621249785, "device_end": 2254958.6365113272}, "cmdq": 0, "read": {"device_start": -1, "device_end": -1}}, "FFC_sans_bias7": {"write": {"device_start": -1, "host_queued_start": 1585587184.38114, "device_queued": -1, "device_end": -1, "host_queued_end": 1585587184.385215}, "device": "cpu", "nd_range": {"device_start": 2254958.6523387493, "device_end": 2254958.66760705}, "cmdq": 0, "read": {"device_start": -1, "device_end": -1}}, "FFC_sans_bias6": {"write": {"device_start": -1, "host_queued_start": 1585587184.37872, "device_queued": -1, "device_end": -1, "host_queued_end": 1585587184.385215}, "device": "cpu", "nd_range": {"device_start": 2254958.636976372, "device_end": 2254958.6522109113}, "cmdq": 0, "read": {"device_start": -1, "device_end": -1}}, "FFC_sans_bias1": {"write": {"device_start": -1, "host_queued_start": 1585587184.359621, "device_queued": -1, "device_end": -1, "host_queued_end": 1585587184.385215}, "device": "cpu", "nd_range": {"device_start": 2254958.5748523343, "device_end": 2254958.590358525}, "cmdq": 1, "read": {"device_start": -1, "device_end": -1}}, "FFC_sans_bias0": {"write": {"device_start": -1, "host_queued_start": 1585587184.358451, "device_queued": -1, "device_end": -1, "host_queued_end": 1585587184.385215}, "device": "cpu", "nd_range": {"device_start": 2254958.574852733, "device_end": 2254958.5901831873}, "cmdq": 0, "read": {"device_start": -1, "device_end": -1}}, "FFC_sans_bias2": {"write": {"device_start": -1, "host_queued_start": 1585587184.360679, "device_queued": -1, "device_end": -1, "host_queued_end": 1585587184.385215}, "device": "cpu", "nd_range": {"device_start": 2254958.57533935, "device_end": 2254958.590603073}, "cmdq": 2, "read": {"device_start": -1, "device_end": -1}}, "FFC_sans_bias61": {"write": {"device_start": 1585587118.9249883, "host_queued_start": 1585587184.352267, "device_queued": 1585587118.921641, "device_end": 1585587118.9250188, "host_queued_end": 1585587184.352366}, "device": "gpu", "nd_range": {"device_start": 1585587118.9257977, "device_end": 1585587118.9267771}, "cmdq": 2, "read": {"device_start": 1585587118.9267812, "device_end": 1585587118.9268043}}, "FFC_sans_bias52": {"write": {"device_start": 1585587118.9248934, "host_queued_start": 1585587184.351222, "device_queued": 1585587118.921615, "device_end": 1585587118.9249527, "host_queued_end": 1585587184.352366}, "device": "gpu", "nd_range": {"device_start": 1585587118.925402, "device_end": 1585587118.9263742}, "cmdq": 1, "read": {"device_start": 1585587118.9263813, "device_end": 1585587118.9264045}}, "FFC_sans_bias9": {"write": {"device_start": -1, "host_queued_start": 1585587184.361731, "device_queued": -1, "device_end": -1, "host_queued_end": 1585587184.385215}, "device": "cpu", "nd_range": {"device_start": 2254958.574886545, "device_end": 2254958.591016416}, "cmdq": 3, "read": {"device_start": -1, "device_end": -1}}, "coalesced_transpose39": {"write": {"device_start": -1, "host_queued_start": 1585587184.375243, "device_queued": -1, "device_end": -1, "host_queued_end": 1585587184.385215}, "device": "cpu", "nd_range": {"device_start": 2254958.65201405, "device_end": 2254958.6522620902}, "cmdq": 4, "read": {"device_start": -1, "device_end": -1}}, "FFC_sans_bias55": {"write": {"device_start": 1585587118.9215293, "host_queued_start": 1585587184.347795, "device_queued": 1585587118.921012, "device_end": 1585587118.921559, "host_queued_end": 1585587184.352366}, "device": "gpu", "nd_range": {"device_start": 1585587118.921565, "device_end": 1585587118.9237993}, "cmdq": 2, "read": {"device_start": -1, "device_end": -1}}, "FFC_sans_bias54": {"write": {"device_start": 1585587118.9211423, "host_queued_start": 1585587184.346765, "device_queued": 1585587118.9209967, "device_end": 1585587118.921179, "host_queued_end": 1585587184.352366}, "device": "gpu", "nd_range": {"device_start": 1585587118.9212313, "device_end": 1585587118.9233246}, "cmdq": 1, "read": {"device_start": -1, "device_end": -1}}, "FFC_sans_bias56": {"write": {"device_start": 1585587118.9210367, "host_queued_start": 1585587184.345704, "device_queued": 1585587118.9209435, "device_end": 1585587118.9210958, "host_queued_end": 1585587184.352366}, "device": "gpu", "nd_range": {"device_start": 1585587118.9211009, "device_end": 1585587118.9228024}, "cmdq": 0, "read": {"device_start": -1, "device_end": -1}}, "FFC_sans_bias51": {"write": {"device_start": -1, "host_queued_start": 1585587184.349864, "device_queued": -1, "device_end": -1, "host_queued_end": 1585587184.352366}, "device": "gpu", "nd_range": {"device_start": 1585587118.924792, "device_end": 1585587118.9253986}, "cmdq": 4, "read": {"device_start": -1, "device_end": -1}}, "softmax23": {"write": {"device_start": -1, "host_queued_start": 1585587184.377803, "device_queued": -1, "device_end": -1, "host_queued_end": 1585587184.385215}, "device": "cpu", "nd_range": {"device_start": 2254958.696897326, "device_end": 2254958.697010884}, "cmdq": 2, "read": {"device_start": -1, "device_end": -1}}, "FFC_sans_bias37": {"write": {"device_start": -1, "host_queued_start": 1585587184.372448, "device_queued": -1, "device_end": -1, "host_queued_end": 1585587184.385215}, "device": "cpu", "nd_range": {"device_start": 2254958.607460954, "device_end": 2254958.6227610083}, "cmdq": 3, "read": {"device_start": -1, "device_end": -1}}, "empty62": {"write": {"device_start": 1585587118.920518, "host_queued_start": 1585587184.341434, "device_queued": 1585587118.9203653, "device_end": 1585587118.92059, "host_queued_end": 1585587184.352366}, "device": "gpu", "nd_range": {"device_start": 1585587118.9207606, "device_end": 1585587118.9208052}, "cmdq": 1, "read": {"device_start": -1, "device_end": -1}}, "FFC_sans_bias58": {"write": {"device_start": -1, "host_queued_start": 1585587184.349061, "device_queued": -1, "device_end": -1, "host_queued_end": 1585587184.352366}, "device": "gpu", "nd_range": {"device_start": 1585587118.9241583, "device_end": 1585587118.9247653}, "cmdq": 1, "read": {"device_start": -1, "device_end": -1}}, "softmax41": {"write": {"device_start": -1, "host_queued_start": 1585587184.378347, "device_queued": -1, "device_end": -1, "host_queued_end": 1585587184.385215}, "device": "cpu", "nd_range": {"device_start": 2254958.667756286, "device_end": 2254958.667944307}, "cmdq": 4, "read": {"device_start": -1, "device_end": -1}}, "FFC_sans_bias11": {"write": {"device_start": -1, "host_queued_start": 1585587184.363862, "device_queued": -1, "device_end": -1, "host_queued_end": 1585587184.385215}, "device": "cpu", "nd_range": {"device_start": 2254958.5903218733, "device_end": 2254958.605585976}, "cmdq": 0, "read": {"device_start": -1, "device_end": -1}}, "FFC_sans_bias10": {"write": {"device_start": -1, "host_queued_start": 1585587184.362809, "device_queued": -1, "device_end": -1, "host_queued_end": 1585587184.385215}, "device": "cpu", "nd_range": {"device_start": 2254958.605978508, "device_end": 2254958.6211820603}, "cmdq": 4, "read": {"device_start": -1, "device_end": -1}}, "coalesced_transpose3": {"write": {"device_start": -1, "host_queued_start": 1585587184.373854, "device_queued": -1, "device_end": -1, "host_queued_end": 1585587184.385215}, "device": "cpu", "nd_range": {"device_start": 2254958.620988959, "device_end": 2254958.621238472}, "cmdq": 0, "read": {"device_start": -1, "device_end": -1}}, "FFC_sans_bias34": {"write": {"device_start": -1, "host_queued_start": 1585587184.384173, "device_queued": -1, "device_end": -1, "host_queued_end": 1585587184.385215}, "device": "cpu", "nd_range": {"device_start": 2254958.6651786473, "device_end": 2254958.69615841}, "cmdq": 3, "read": {"device_start": -1, "device_end": -1}}, "FFC_sans_bias15": {"write": {"device_start": -1, "host_queued_start": 1585587184.379063, "device_queued": -1, "device_end": -1, "host_queued_end": 1585587184.385215}, "device": "cpu", "nd_range": {"device_start": 2254958.6632386483, "device_end": 2254958.678539336}, "cmdq": 1, "read": {"device_start": -1, "device_end": -1}}, "FFC_sans_bias31": {"write": {"device_start": -1, "host_queued_start": 1585587184.376627, "device_queued": -1, "device_end": -1, "host_queued_end": 1585587184.385215}, "device": "cpu", "nd_range": {"device_start": 2254958.6242100503, "device_end": 2254958.640453672}, "cmdq": 3, "read": {"device_start": -1, "device_end": -1}}, "FFC_sans_bias16": {"write": {"device_start": -1, "host_queued_start": 1585587184.382157, "device_queued": -1, "device_end": -1, "host_queued_end": 1585587184.385215}, "device": "cpu", "nd_range": {"device_start": 2254958.6785491724, "device_end": 2254958.693737605}, "cmdq": 1, "read": {"device_start": -1, "device_end": -1}}, "FFC_sans_bias19": {"write": {"device_start": -1, "host_queued_start": 1585587184.365957, "device_queued": -1, "device_end": -1, "host_queued_end": 1585587184.385215}, "device": "cpu", "nd_range": {"device_start": 2254958.590723584, "device_end": 2254958.605847948}, "cmdq": 2, "read": {"device_start": -1, "device_end": -1}}, "FFC_sans_bias18": {"write": {"device_start": -1, "host_queued_start": 1585587184.364906, "device_queued": -1, "device_end": -1, "host_queued_end": 1585587184.385215}, "device": "cpu", "nd_range": {"device_start": 2254958.593912524, "device_end": 2254958.615199935}, "cmdq": 1, "read": {"device_start": -1, "device_end": -1}}, "coalesced_transpose30": {"write": {"device_start": -1, "host_queued_start": 1585587184.374916, "device_queued": -1, "device_end": -1, "host_queued_end": 1585587184.385215}, "device": "cpu", "nd_range": {"device_start": 2254958.622884916, "device_end": 2254958.624090643}, "cmdq": 3, "read": {"device_start": -1, "device_end": -1}}, "FFC_sans_bias38": {"write": {"device_start": -1, "host_queued_start": 1585587184.373504, "device_queued": -1, "device_end": -1, "host_queued_end": 1585587184.385215}, "device": "cpu", "nd_range": {"device_start": 2254958.636599957, "device_end": 2254958.6518905642}, "cmdq": 4, "read": {"device_start": -1, "device_end": -1}}, "coalesced_transpose57": {"write": {"device_start": -1, "host_queued_start": 1585587184.348429, "device_queued": -1, "device_end": -1, "host_queued_end": 1585587184.352366}, "device": "gpu", "nd_range": {"device_start": 1585587118.9238052, "device_end": 1585587118.9241529}, "cmdq": 4, "read": {"device_start": -1, "device_end": -1}}, "empty26": {"write": {"device_start": -1, "host_queued_start": 1585587184.355707, "device_queued": -1, "device_end": -1, "host_queued_end": 1585587184.385215}, "device": "cpu", "nd_range": {"device_start": 2254958.5750553543, "device_end": 2254958.575058876}, "cmdq": 2, "read": {"device_start": -1, "device_end": -1}}, "coalesced_transpose12": {"write": {"device_start": -1, "host_queued_start": 1585587184.374198, "device_queued": -1, "device_end": -1, "host_queued_end": 1585587184.385215}, "device": "cpu", "nd_range": {"device_start": 2254958.6472654543, "device_end": 2254958.6475113863}, "cmdq": 1, "read": {"device_start": -1, "device_end": -1}}, "empty44": {"write": {"device_start": -1, "host_queued_start": 1585587184.357393, "device_queued": -1, "device_end": -1, "host_queued_end": 1585587184.385215}, "device": "cpu", "nd_range": {"device_start": 2254958.605964595, "device_end": 2254958.605967653}, "cmdq": 4, "read": {"device_start": -1, "device_end": -1}}, "coalesced_transpose21": {"write": {"device_start": -1, "host_queued_start": 1585587184.374537, "device_queued": -1, "device_end": -1, "host_queued_end": 1585587184.385215}, "device": "cpu", "nd_range": {"device_start": 2254958.683080399, "device_end": 2254958.68333726}, "cmdq": 2, "read": {"device_start": -1, "device_end": -1}}, "FFC_sans_bias36": {"write": {"device_start": -1, "host_queued_start": 1585587184.371403, "device_queued": -1, "device_end": -1, "host_queued_end": 1585587184.385215}, "device": "cpu", "nd_range": {"device_start": 2254958.6676115673, "device_end": 2254958.682956084}, "cmdq": 2, "read": {"device_start": -1, "device_end": -1}}, "softmax14": {"write": {"device_start": -1, "host_queued_start": 1585587184.37753, "device_queued": -1, "device_end": -1, "host_queued_end": 1585587184.385215}, "device": "cpu", "nd_range": {"device_start": 2254958.662916838, "device_end": 2254958.6631245944}, "cmdq": 1, "read": {"device_start": -1, "device_end": -1}}, "FFC_sans_bias13": {"write": {"device_start": -1, "host_queued_start": 1585587184.375936, "device_queued": -1, "device_end": -1, "host_queued_end": 1585587184.385215}, "device": "cpu", "nd_range": {"device_start": 2254958.64762521, "device_end": 2254958.6627990752}, "cmdq": 1, "read": {"device_start": -1, "device_end": -1}}, "empty8": {"write": {"device_start": -1, "host_queued_start": 1585587184.353822, "device_queued": -1, "device_end": -1, "host_queued_end": 1585587184.385215}, "device": "cpu", "nd_range": {"device_start": 2254958.574819132, "device_end": 2254958.574831089}, "cmdq": 0, "read": {"device_start": -1, "device_end": -1}}, "FFC_sans_bias42": {"write": {"device_start": -1, "host_queued_start": 1585587184.380096, "device_queued": -1, "device_end": -1, "host_queued_end": 1585587184.385215}, "device": "cpu", "nd_range": {"device_start": 2254958.668068061, "device_end": 2254958.683388348}, "cmdq": 4, "read": {"device_start": -1, "device_end": -1}}, "FFC_sans_bias43": {"write": {"device_start": -1, "host_queued_start": 1585587184.385169, "device_queued": -1, "device_end": -1, "host_queued_end": 1585587184.385215}, "device": "cpu", "nd_range": {"device_start": 2254958.683396661, "device_end": 2254958.696878919}, "cmdq": 4, "read": {"device_start": -1, "device_end": -1}}, "FFC_sans_bias40": {"write": {"device_start": -1, "host_queued_start": 1585587184.376972, "device_queued": -1, "device_end": -1, "host_queued_end": 1585587184.385215}, "device": "cpu", "nd_range": {"device_start": 2254958.6522730263, "device_end": 2254958.667637422}, "cmdq": 4, "read": {"device_start": -1, "device_end": -1}}, "softmax32": {"write": {"device_start": -1, "host_queued_start": 1585587184.378076, "device_queued": -1, "device_end": -1, "host_queued_end": 1585587184.385215}, "device": "cpu", "nd_range": {"device_start": 2254958.640579179, "device_end": 2254958.6407871023}, "cmdq": 3, "read": {"device_start": -1, "device_end": -1}}, "FFC_sans_bias47": {"write": {"device_start": 1585587118.9208288, "host_queued_start": 1585587184.344647, "device_queued": 1585587118.9207175, "device_end": 1585587118.9208548, "host_queued_end": 1585587184.352366}, "device": "gpu", "nd_range": {"device_start": 1585587118.9208574, "device_end": 1585587118.9223747}, "cmdq": 4, "read": {"device_start": -1, "device_end": -1}}, "FFC_sans_bias45": {"write": {"device_start": 1585587118.9206285, "host_queued_start": 1585587184.342513, "device_queued": 1585587118.920387, "device_end": 1585587118.920695, "host_queued_end": 1585587184.352366}, "device": "gpu", "nd_range": {"device_start": 1585587118.9207947, "device_end": 1585587118.9213984}, "cmdq": 2, "read": {"device_start": -1, "device_end": -1}}, "softmax50": {"write": {"device_start": -1, "host_queued_start": 1585587184.349306, "device_queued": -1, "device_end": -1, "host_queued_end": 1585587184.352366}, "device": "gpu", "nd_range": {"device_start": 1585587118.9242797, "device_end": 1585587118.9247873}, "cmdq": 2, "read": {"device_start": -1, "device_end": -1}}, "FFC_sans_bias33": {"write": {"device_start": -1, "host_queued_start": 1585587184.379755, "device_queued": -1, "device_end": -1, "host_queued_end": 1585587184.385215}, "device": "cpu", "nd_range": {"device_start": 2254958.64089825, "device_end": 2254958.662340323}, "cmdq": 3, "read": {"device_start": -1, "device_end": -1}}, "FFC_sans_bias49": {"write": {"device_start": -1, "host_queued_start": 1585587184.348746, "device_queued": -1, "device_end": -1, "host_queued_end": 1585587184.352366}, "device": "gpu", "nd_range": {"device_start": 1585587118.9236615, "device_end": 1585587118.9242725}, "cmdq": 0, "read": {"device_start": -1, "device_end": -1}}, "FFC_sans_bias24": {"write": {"device_start": -1, "host_queued_start": 1585587184.379409, "device_queued": -1, "device_end": -1, "host_queued_end": 1585587184.385215}, "device": "cpu", "nd_range": {"device_start": 2254958.697020331, "device_end": 2254958.701551218}, "cmdq": 2, "read": {"device_start": -1, "device_end": -1}}, "FFC_sans_bias25": {"write": {"device_start": -1, "host_queued_start": 1585587184.383178, "device_queued": -1, "device_end": -1, "host_queued_end": 1585587184.385215}, "device": "cpu", "nd_range": {"device_start": 2254958.7016703133, "device_end": 2254958.706169323}, "cmdq": 2, "read": {"device_start": -1, "device_end": -1}}, "FFC_sans_bias27": {"write": {"device_start": -1, "host_queued_start": 1585587184.368089, "device_queued": -1, "device_end": -1, "host_queued_end": 1585587184.385215}, "device": "cpu", "nd_range": {"device_start": 2254958.621396629, "device_end": 2254958.636585559}, "cmdq": 4, "read": {"device_start": -1, "device_end": -1}}, "FFC_sans_bias20": {"write": {"device_start": -1, "host_queued_start": 1585587184.36704, "device_queued": -1, "device_end": -1, "host_queued_end": 1585587184.385215}, "device": "cpu", "nd_range": {"device_start": 2254958.591137139, "device_end": 2254958.6073507913}, "cmdq": 3, "read": {"device_start": -1, "device_end": -1}}, "FFC_sans_bias22": {"write": {"device_start": -1, "host_queued_start": 1585587184.376283, "device_queued": -1, "device_end": -1, "host_queued_end": 1585587184.385215}, "device": "cpu", "nd_range": {"device_start": 2254958.6835496, "device_end": 2254958.696881878}, "cmdq": 2, "read": {"device_start": -1, "device_end": -1}}, "softmax5": {"write": {"device_start": -1, "host_queued_start": 1585587184.377254, "device_queued": -1, "device_end": -1, "host_queued_end": 1585587184.385215}, "device": "cpu", "nd_range": {"device_start": 2254958.636640387, "device_end": 2254958.636859626}, "cmdq": 0, "read": {"device_start": -1, "device_end": -1}}, "FFC_sans_bias28": {"write": {"device_start": -1, "host_queued_start": 1585587184.369158, "device_queued": -1, "device_end": -1, "host_queued_end": 1585587184.385215}, "device": "cpu", "nd_range": {"device_start": 2254958.605715488, "device_end": 2254958.620867195}, "cmdq": 0, "read": {"device_start": -1, "device_end": -1}}, "FFC_sans_bias29": {"write": {"device_start": -1, "host_queued_start": 1585587184.370234, "device_queued": -1, "device_end": -1, "host_queued_end": 1585587184.385215}, "device": "cpu", "nd_range": {"device_start": 2254958.624435678, "device_end": 2254958.647130925}, "cmdq": 1, "read": {"device_start": -1, "device_end": -1}}, "empty17": {"write": {"device_start": -1, "host_queued_start": 1585587184.354865, "device_queued": -1, "device_end": -1, "host_queued_end": 1585587184.385215}, "device": "cpu", "nd_range": {"device_start": 2254958.574818983, "device_end": 2254958.574831137}, "cmdq": 1, "read": {"device_start": -1, "device_end": -1}}, "softmax59": {"write": {"device_start": -1, "host_queued_start": 1585587184.349553, "device_queued": -1, "device_end": -1, "host_queued_end": 1585587184.352366}, "device": "gpu", "nd_range": {"device_start": 1585587118.9247801, "device_end": 1585587118.925159}, "cmdq": 3, "read": {"device_start": -1, "device_end": -1}}, "empty35": {"write": {"device_start": -1, "host_queued_start": 1585587184.356545, "device_queued": -1, "device_end": -1, "host_queued_end": 1585587184.385215}, "device": "cpu", "nd_range": {"device_start": 2254958.574862588, "device_end": 2254958.574867819}, "cmdq": 3, "read": {"device_start": -1, "device_end": -1}}, "empty53": {"write": {"device_start": 1585587118.9203942, "host_queued_start": 1585587184.340247, "device_queued": 1585587118.9202693, "device_end": 1585587118.920444, "host_queued_end": 1585587184.352366}, "device": "gpu", "nd_range": {"device_start": 1585587118.920448, "device_end": 1585587118.920453}, "cmdq": 0, "read": {"device_start": -1, "device_end": -1}}, "FFC_sans_bias46": {"write": {"device_start": 1585587118.9207337, "host_queued_start": 1585587184.343575, "device_queued": 1585587118.9204097, "device_end": 1585587118.9208004, "host_queued_end": 1585587184.352366}, "device": "gpu", "nd_range": {"device_start": 1585587118.9208088, "device_end": 1585587118.9218109}, "cmdq": 3, "read": {"device_start": -1, "device_end": -1}}, "coalesced_transpose48": {"write": {"device_start": -1, "host_queued_start": 1585587184.348122, "device_queued": -1, "device_end": -1, "host_queued_end": 1585587184.352366}, "device": "gpu", "nd_range": {"device_start": 1585587118.9218118, "device_end": 1585587118.923655}, "cmdq": 3, "read": {"device_start": -1, "device_end": -1}}}