{"FFC_sans_bias60": {"write": {"device_start": -1, "host_queued_start": 1585587134.721216, "device_queued": -1, "device_end": -1, "host_queued_end": 1585587134.725574}, "device": "gpu", "nd_range": {"device_start": 1585587069.3046565, "device_end": 1585587069.305959}, "cmdq": 1, "read": {"device_start": -1, "device_end": -1}}, "FFC_sans_bias4": {"write": {"device_start": -1, "host_queued_start": 1585587134.741025, "device_queued": -1, "device_end": -1, "host_queued_end": 1585587134.746779}, "device": "cpu", "nd_range": {"device_start": 2254908.9805407953, "device_end": 2254908.995792266}, "cmdq": 0, "read": {"device_start": -1, "device_end": -1}}, "FFC_sans_bias7": {"write": {"device_start": -1, "host_queued_start": 1585587134.744727, "device_queued": -1, "device_end": -1, "host_queued_end": 1585587134.746779}, "device": "cpu", "nd_range": {"device_start": 2254909.012854338, "device_end": 2254909.0205353093}, "cmdq": 0, "read": {"device_start": -1, "device_end": -1}}, "FFC_sans_bias6": {"write": {"device_start": -1, "host_queued_start": 1585587134.742929, "device_queued": -1, "device_end": -1, "host_queued_end": 1585587134.746779}, "device": "cpu", "nd_range": {"device_start": 2254908.996289839, "device_end": 2254909.012848489}, "cmdq": 0, "read": {"device_start": -1, "device_end": -1}}, "FFC_sans_bias1": {"write": {"device_start": -1, "host_queued_start": 1585587134.731598, "device_queued": -1, "device_end": -1, "host_queued_end": 1585587134.746779}, "device": "cpu", "nd_range": {"device_start": 2254908.936449687, "device_end": 2254908.948833492}, "cmdq": 1, "read": {"device_start": -1, "device_end": -1}}, "FFC_sans_bias0": {"write": {"device_start": -1, "host_queued_start": 1585587134.730522, "device_queued": -1, "device_end": -1, "host_queued_end": 1585587134.746779}, "device": "cpu", "nd_range": {"device_start": 2254908.936398276, "device_end": 2254908.944210534}, "cmdq": 0, "read": {"device_start": -1, "device_end": -1}}, "FFC_sans_bias2": {"write": {"device_start": -1, "host_queued_start": 1585587134.73266, "device_queued": -1, "device_end": -1, "host_queued_end": 1585587134.746779}, "device": "cpu", "nd_range": {"device_start": 2254908.9363982934, "device_end": 2254908.9512979453}, "cmdq": 2, "read": {"device_start": -1, "device_end": -1}}, "FFC_sans_bias61": {"write": {"device_start": 1585587069.3051443, "host_queued_start": 1585587134.72547, "device_queued": 1585587069.297729, "device_end": 1585587069.305176, "host_queued_end": 1585587134.725574}, "device": "gpu", "nd_range": {"device_start": 1585587069.3059711, "device_end": 1585587069.3073661}, "cmdq": 0, "read": {"device_start": 1585587069.3073726, "device_end": 1585587069.3073955}}, "FFC_sans_bias52": {"write": {"device_start": 1585587069.3049526, "host_queued_start": 1585587134.724379, "device_queued": 1585587069.297457, "device_end": 1585587069.3049903, "host_queued_end": 1585587134.725574}, "device": "gpu", "nd_range": {"device_start": 1585587069.3050296, "device_end": 1585587069.3068986}, "cmdq": 4, "read": {"device_start": 1585587069.306904, "device_end": 1585587069.3069296}}, "FFC_sans_bias9": {"write": {"device_start": -1, "host_queued_start": 1585587134.733806, "device_queued": -1, "device_end": -1, "host_queued_end": 1585587134.746779}, "device": "cpu", "nd_range": {"device_start": 2254908.944316689, "device_end": 2254908.963672257}, "cmdq": 0, "read": {"device_start": -1, "device_end": -1}}, "coalesced_transpose39": {"write": {"device_start": -1, "host_queued_start": 1585587134.716984, "device_queued": -1, "device_end": -1, "host_queued_end": 1585587134.725574}, "device": "gpu", "nd_range": {"device_start": 1585587069.2999444, "device_end": 1585587069.30127}, "cmdq": 2, "read": {"device_start": -1, "device_end": -1}}, "FFC_sans_bias55": {"write": {"device_start": 1585587069.299088, "host_queued_start": 1585587134.716338, "device_queued": 1585587069.2964113, "device_end": 1585587069.2991192, "host_queued_end": 1585587134.725574}, "device": "gpu", "nd_range": {"device_start": 1585587069.2991345, "device_end": 1585587069.3013556}, "cmdq": 0, "read": {"device_start": -1, "device_end": -1}}, "FFC_sans_bias54": {"write": {"device_start": 1585587069.2985606, "host_queued_start": 1585587134.715299, "device_queued": 1585587069.296148, "device_end": 1585587069.2985876, "host_queued_end": 1585587134.725574}, "device": "gpu", "nd_range": {"device_start": 1585587069.2985947, "device_end": 1585587069.3008795}, "cmdq": 4, "read": {"device_start": -1, "device_end": -1}}, "FFC_sans_bias56": {"write": {"device_start": 1585587069.298156, "host_queued_start": 1585587134.71423, "device_queued": 1585587069.2961164, "device_end": 1585587069.298189, "host_queued_end": 1585587134.725574}, "device": "gpu", "nd_range": {"device_start": 1585587069.2981942, "device_end": 1585587069.3004398}, "cmdq": 3, "read": {"device_start": -1, "device_end": -1}}, "FFC_sans_bias51": {"write": {"device_start": -1, "host_queued_start": 1585587134.720893, "device_queued": -1, "device_end": -1, "host_queued_end": 1585587134.725574}, "device": "gpu", "nd_range": {"device_start": 1585587069.303512, "device_end": 1585587069.3050117}, "cmdq": 0, "read": {"device_start": -1, "device_end": -1}}, "softmax23": {"write": {"device_start": -1, "host_queued_start": 1585587134.742556, "device_queued": -1, "device_end": -1, "host_queued_end": 1585587134.746779}, "device": "cpu", "nd_range": {"device_start": 2254908.9946391652, "device_end": 2254908.994842385}, "cmdq": 2, "read": {"device_start": -1, "device_end": -1}}, "FFC_sans_bias37": {"write": {"device_start": 1585587069.2958062, "host_queued_start": 1585587134.708978, "device_queued": 1585587069.295531, "device_end": 1585587069.2958312, "host_queued_end": 1585587134.725574}, "device": "gpu", "nd_range": {"device_start": 1585587069.2958333, "device_end": 1585587069.2980447}, "cmdq": 3, "read": {"device_start": -1, "device_end": -1}}, "empty62": {"write": {"device_start": 1585587069.2952702, "host_queued_start": 1585587134.703635, "device_queued": 1585587069.294991, "device_end": 1585587069.2953157, "host_queued_end": 1585587134.725574}, "device": "gpu", "nd_range": {"device_start": 1585587069.2953203, "device_end": 1585587069.2953274}, "cmdq": 3, "read": {"device_start": -1, "device_end": -1}}, "FFC_sans_bias58": {"write": {"device_start": -1, "host_queued_start": 1585587134.718927, "device_queued": -1, "device_end": -1, "host_queued_end": 1585587134.725574}, "device": "gpu", "nd_range": {"device_start": 1585587069.3028076, "device_end": 1585587069.303415}, "cmdq": 3, "read": {"device_start": -1, "device_end": -1}}, "softmax41": {"write": {"device_start": -1, "host_queued_start": 1585587134.719428, "device_queued": -1, "device_end": -1, "host_queued_end": 1585587134.725574}, "device": "gpu", "nd_range": {"device_start": 1585587069.3027985, "device_end": 1585587069.3031702}, "cmdq": 0, "read": {"device_start": -1, "device_end": -1}}, "FFC_sans_bias11": {"write": {"device_start": -1, "host_queued_start": 1585587134.736152, "device_queued": -1, "device_end": -1, "host_queued_end": 1585587134.746779}, "device": "cpu", "nd_range": {"device_start": 2254908.9514108063, "device_end": 2254908.964598022}, "cmdq": 2, "read": {"device_start": -1, "device_end": -1}}, "FFC_sans_bias10": {"write": {"device_start": -1, "host_queued_start": 1585587134.734891, "device_queued": -1, "device_end": -1, "host_queued_end": 1585587134.746779}, "device": "cpu", "nd_range": {"device_start": 2254908.948840869, "device_end": 2254908.961019838}, "cmdq": 1, "read": {"device_start": -1, "device_end": -1}}, "coalesced_transpose3": {"write": {"device_start": -1, "host_queued_start": 1585587134.739986, "device_queued": -1, "device_end": -1, "host_queued_end": 1585587134.746779}, "device": "cpu", "nd_range": {"device_start": 2254908.980093954, "device_end": 2254908.9805356762}, "cmdq": 0, "read": {"device_start": -1, "device_end": -1}}, "FFC_sans_bias34": {"write": {"device_start": 1585587069.3047884, "host_queued_start": 1585587134.722242, "device_queued": 1585587069.2973032, "device_end": 1585587069.304819, "host_queued_end": 1585587134.725574}, "device": "gpu", "nd_range": {"device_start": 1585587069.304837, "device_end": 1585587069.3064191}, "cmdq": 2, "read": {"device_start": 1585587069.3064299, "device_end": 1585587069.3064542}}, "FFC_sans_bias15": {"write": {"device_start": -1, "host_queued_start": 1585587134.743281, "device_queued": -1, "device_end": -1, "host_queued_end": 1585587134.746779}, "device": "cpu", "nd_range": {"device_start": 2254908.9796832283, "device_end": 2254908.991152599}, "cmdq": 1, "read": {"device_start": -1, "device_end": -1}}, "FFC_sans_bias31": {"write": {"device_start": -1, "host_queued_start": 1585587134.717938, "device_queued": -1, "device_end": -1, "host_queued_end": 1585587134.725574}, "device": "gpu", "nd_range": {"device_start": 1585587069.3013651, "device_end": 1585587069.3019793}, "cmdq": 0, "read": {"device_start": -1, "device_end": -1}}, "FFC_sans_bias16": {"write": {"device_start": -1, "host_queued_start": 1585587134.745732, "device_queued": -1, "device_end": -1, "host_queued_end": 1585587134.746779}, "device": "cpu", "nd_range": {"device_start": 2254908.9912711494, "device_end": 2254908.999968645}, "cmdq": 1, "read": {"device_start": -1, "device_end": -1}}, "FFC_sans_bias19": {"write": {"device_start": -1, "host_queued_start": 1585587134.738513, "device_queued": -1, "device_end": -1, "host_queued_end": 1585587134.746779}, "device": "cpu", "nd_range": {"device_start": 2254908.961026507, "device_end": 2254908.971499217}, "cmdq": 1, "read": {"device_start": -1, "device_end": -1}}, "FFC_sans_bias18": {"write": {"device_start": -1, "host_queued_start": 1585587134.737353, "device_queued": -1, "device_end": -1, "host_queued_end": 1585587134.746779}, "device": "cpu", "nd_range": {"device_start": 2254908.96401357, "device_end": 2254908.98008567}, "cmdq": 0, "read": {"device_start": -1, "device_end": -1}}, "coalesced_transpose30": {"write": {"device_start": -1, "host_queued_start": 1585587134.716679, "device_queued": -1, "device_end": -1, "host_queued_end": 1585587134.725574}, "device": "gpu", "nd_range": {"device_start": 1585587069.2994552, "device_end": 1585587069.3012593}, "cmdq": 1, "read": {"device_start": -1, "device_end": -1}}, "FFC_sans_bias38": {"write": {"device_start": 1585587069.2962265, "host_queued_start": 1585587134.710025, "device_queued": 1585587069.2955518, "device_end": 1585587069.2962568, "host_queued_end": 1585587134.725574}, "device": "gpu", "nd_range": {"device_start": 1585587069.2962635, "device_end": 1585587069.2984595}, "cmdq": 4, "read": {"device_start": -1, "device_end": -1}}, "coalesced_transpose57": {"write": {"device_start": -1, "host_queued_start": 1585587134.717604, "device_queued": -1, "device_end": -1, "host_queued_end": 1585587134.725574}, "device": "gpu", "nd_range": {"device_start": 1585587069.301401, "device_end": 1585587069.3027852}, "cmdq": 4, "read": {"device_start": -1, "device_end": -1}}, "empty26": {"write": {"device_start": -1, "host_queued_start": 1585587134.729355, "device_queued": -1, "device_end": -1, "host_queued_end": 1585587134.746779}, "device": "cpu", "nd_range": {"device_start": 2254908.9363675783, "device_end": 2254908.9363781083}, "cmdq": 2, "read": {"device_start": -1, "device_end": -1}}, "coalesced_transpose12": {"write": {"device_start": -1, "host_queued_start": 1585587134.740315, "device_queued": -1, "device_end": -1, "host_queued_end": 1585587134.746779}, "device": "cpu", "nd_range": {"device_start": 2254908.9715054003, "device_end": 2254908.971754764}, "cmdq": 1, "read": {"device_start": -1, "device_end": -1}}, "empty44": {"write": {"device_start": 1585587069.2950358, "host_queued_start": 1585587134.701819, "device_queued": 1585587069.2949421, "device_end": 1585587069.29511, "host_queued_end": 1585587134.725574}, "device": "gpu", "nd_range": {"device_start": 1585587069.295192, "device_end": 1585587069.295226}, "cmdq": 1, "read": {"device_start": -1, "device_end": -1}}, "coalesced_transpose21": {"write": {"device_start": -1, "host_queued_start": 1585587134.740658, "device_queued": -1, "device_end": -1, "host_queued_end": 1585587134.746779}, "device": "cpu", "nd_range": {"device_start": 2254908.9809680614, "device_end": 2254908.981208958}, "cmdq": 2, "read": {"device_start": -1, "device_end": -1}}, "FFC_sans_bias36": {"write": {"device_start": 1585587069.2956994, "host_queued_start": 1585587134.707936, "device_queued": 1585587069.295513, "device_end": 1585587069.2957702, "host_queued_end": 1585587134.725574}, "device": "gpu", "nd_range": {"device_start": 1585587069.295775, "device_end": 1585587069.2974854}, "cmdq": 2, "read": {"device_start": -1, "device_end": -1}}, "softmax14": {"write": {"device_start": -1, "host_queued_start": 1585587134.742282, "device_queued": -1, "device_end": -1, "host_queued_end": 1585587134.746779}, "device": "cpu", "nd_range": {"device_start": 2254908.97947906, "device_end": 2254908.9795685844}, "cmdq": 1, "read": {"device_start": -1, "device_end": -1}}, "FFC_sans_bias13": {"write": {"device_start": -1, "host_queued_start": 1585587134.741372, "device_queued": -1, "device_end": -1, "host_queued_end": 1585587134.746779}, "device": "cpu", "nd_range": {"device_start": 2254908.971891488, "device_end": 2254908.9793603783}, "cmdq": 1, "read": {"device_start": -1, "device_end": -1}}, "empty8": {"write": {"device_start": -1, "host_queued_start": 1585587134.727148, "device_queued": -1, "device_end": -1, "host_queued_end": 1585587134.746779}, "device": "cpu", "nd_range": {"device_start": 2254908.9363656123, "device_end": 2254908.9363780823}, "cmdq": 0, "read": {"device_start": -1, "device_end": -1}}, "FFC_sans_bias42": {"write": {"device_start": -1, "host_queued_start": 1585587134.720569, "device_queued": -1, "device_end": -1, "host_queued_end": 1585587134.725574}, "device": "gpu", "nd_range": {"device_start": 1585587069.3034267, "device_end": 1585587069.3044345}, "cmdq": 4, "read": {"device_start": -1, "device_end": -1}}, "FFC_sans_bias43": {"write": {"device_start": 1585587069.3041832, "host_queued_start": 1585587134.723329, "device_queued": 1585587069.2974298, "device_end": 1585587069.3042145, "host_queued_end": 1585587134.725574}, "device": "gpu", "nd_range": {"device_start": 1585587069.304648, "device_end": 1585587069.3054302}, "cmdq": 3, "read": {"device_start": 1585587069.3054383, "device_end": 1585587069.3054626}}, "FFC_sans_bias40": {"write": {"device_start": -1, "host_queued_start": 1585587134.718262, "device_queued": -1, "device_end": -1, "host_queued_end": 1585587134.725574}, "device": "gpu", "nd_range": {"device_start": 1585587069.3013756, "device_end": 1585587069.3023834}, "cmdq": 1, "read": {"device_start": -1, "device_end": -1}}, "softmax32": {"write": {"device_start": -1, "host_queued_start": 1585587134.719179, "device_queued": -1, "device_end": -1, "host_queued_end": 1585587134.725574}, "device": "gpu", "nd_range": {"device_start": 1585587069.3027918, "device_end": 1585587069.303168}, "cmdq": 4, "read": {"device_start": -1, "device_end": -1}}, "FFC_sans_bias47": {"write": {"device_start": 1585587069.2976208, "host_queued_start": 1585587134.713192, "device_queued": 1585587069.295973, "device_end": 1585587069.2976522, "host_queued_end": 1585587134.725574}, "device": "gpu", "nd_range": {"device_start": 1585587069.2976575, "device_end": 1585587069.2999425}, "cmdq": 2, "read": {"device_start": -1, "device_end": -1}}, "FFC_sans_bias45": {"write": {"device_start": 1585587069.29662, "host_queued_start": 1585587134.711111, "device_queued": 1585587069.2958899, "device_end": 1585587069.2966502, "host_queued_end": 1585587134.725574}, "device": "gpu", "nd_range": {"device_start": 1585587069.2966573, "device_end": 1585587069.298987}, "cmdq": 0, "read": {"device_start": -1, "device_end": -1}}, "softmax50": {"write": {"device_start": -1, "host_queued_start": 1585587134.71968, "device_queued": -1, "device_end": -1, "host_queued_end": 1585587134.725574}, "device": "gpu", "nd_range": {"device_start": 1585587069.3029718, "device_end": 1585587069.3034978}, "cmdq": 1, "read": {"device_start": -1, "device_end": -1}}, "FFC_sans_bias33": {"write": {"device_start": -1, "host_queued_start": 1585587134.720246, "device_queued": -1, "device_end": -1, "host_queued_end": 1585587134.725574}, "device": "gpu", "nd_range": {"device_start": 1585587069.3034205, "device_end": 1585587069.3040257}, "cmdq": 3, "read": {"device_start": -1, "device_end": -1}}, "FFC_sans_bias49": {"write": {"device_start": -1, "host_queued_start": 1585587134.718596, "device_queued": -1, "device_end": -1, "host_queued_end": 1585587134.725574}, "device": "gpu", "nd_range": {"device_start": 1585587069.3013868, "device_end": 1585587069.3029618}, "cmdq": 2, "read": {"device_start": -1, "device_end": -1}}, "FFC_sans_bias24": {"write": {"device_start": -1, "host_queued_start": 1585587134.743629, "device_queued": -1, "device_end": -1, "host_queued_end": 1585587134.746779}, "device": "cpu", "nd_range": {"device_start": 2254908.994950444, "device_end": 2254909.005543368}, "cmdq": 2, "read": {"device_start": -1, "device_end": -1}}, "FFC_sans_bias25": {"write": {"device_start": -1, "host_queued_start": 1585587134.746734, "device_queued": -1, "device_end": -1, "host_queued_end": 1585587134.746779}, "device": "cpu", "nd_range": {"device_start": 2254909.005552827, "device_end": 2254909.01100492}, "cmdq": 2, "read": {"device_start": -1, "device_end": -1}}, "FFC_sans_bias27": {"write": {"device_start": 1585587069.295392, "host_queued_start": 1585587134.704681, "device_queued": 1585587069.2951455, "device_end": 1585587069.2954726, "host_queued_end": 1585587134.725574}, "device": "gpu", "nd_range": {"device_start": 1585587069.2954767, "device_end": 1585587069.296083}, "cmdq": 4, "read": {"device_start": -1, "device_end": -1}}, "FFC_sans_bias20": {"write": {"device_start": -1, "host_queued_start": 1585587134.739642, "device_queued": -1, "device_end": -1, "host_queued_end": 1585587134.746779}, "device": "cpu", "nd_range": {"device_start": 2254908.964714982, "device_end": 2254908.980861862}, "cmdq": 2, "read": {"device_start": -1, "device_end": -1}}, "FFC_sans_bias22": {"write": {"device_start": -1, "host_queued_start": 1585587134.741721, "device_queued": -1, "device_end": -1, "host_queued_end": 1585587134.746779}, "device": "cpu", "nd_range": {"device_start": 2254908.981314678, "device_end": 2254908.9945242843}, "cmdq": 2, "read": {"device_start": -1, "device_end": -1}}, "softmax5": {"write": {"device_start": -1, "host_queued_start": 1585587134.742004, "device_queued": -1, "device_end": -1, "host_queued_end": 1585587134.746779}, "device": "cpu", "nd_range": {"device_start": 2254908.996077916, "device_end": 2254908.9962818823}, "cmdq": 0, "read": {"device_start": -1, "device_end": -1}}, "FFC_sans_bias28": {"write": {"device_start": 1585587069.295487, "host_queued_start": 1585587134.70578, "device_queued": 1585587069.2952502, "device_end": 1585587069.2955565, "host_queued_end": 1585587134.725574}, "device": "gpu", "nd_range": {"device_start": 1585587069.2955608, "device_end": 1585587069.296486}, "cmdq": 0, "read": {"device_start": -1, "device_end": -1}}, "FFC_sans_bias29": {"write": {"device_start": 1585587069.2955961, "host_queued_start": 1585587134.706863, "device_queued": 1585587069.295486, "device_end": 1585587069.2956717, "host_queued_end": 1585587134.725574}, "device": "gpu", "nd_range": {"device_start": 1585587069.2956967, "device_end": 1585587069.297064}, "cmdq": 1, "read": {"device_start": -1, "device_end": -1}}, "empty17": {"write": {"device_start": -1, "host_queued_start": 1585587134.728289, "device_queued": -1, "device_end": -1, "host_queued_end": 1585587134.746779}, "device": "cpu", "nd_range": {"device_start": 2254908.936430573, "device_end": 2254908.936435216}, "cmdq": 1, "read": {"device_start": -1, "device_end": -1}}, "softmax59": {"write": {"device_start": -1, "host_queued_start": 1585587134.719929, "device_queued": -1, "device_end": -1, "host_queued_end": 1585587134.725574}, "device": "gpu", "nd_range": {"device_start": 1585587069.303437, "device_end": 1585587069.3046322}, "cmdq": 2, "read": {"device_start": -1, "device_end": -1}}, "empty35": {"write": {"device_start": 1585587069.2949328, "host_queued_start": 1585587134.700627, "device_queued": 1585587069.294795, "device_end": 1585587069.2949631, "host_queued_end": 1585587134.725574}, "device": "gpu", "nd_range": {"device_start": 1585587069.2949665, "device_end": 1585587069.2949712}, "cmdq": 0, "read": {"device_start": -1, "device_end": -1}}, "empty53": {"write": {"device_start": 1585587069.2951574, "host_queued_start": 1585587134.702788, "device_queued": 1585587069.2949686, "device_end": 1585587069.295227, "host_queued_end": 1585587134.725574}, "device": "gpu", "nd_range": {"device_start": 1585587069.295235, "device_end": 1585587069.295239}, "cmdq": 2, "read": {"device_start": -1, "device_end": -1}}, "FFC_sans_bias46": {"write": {"device_start": 1585587069.2972097, "host_queued_start": 1585587134.712155, "device_queued": 1585587069.2959492, "device_end": 1585587069.297241, "host_queued_end": 1585587134.725574}, "device": "gpu", "nd_range": {"device_start": 1585587069.2972474, "device_end": 1585587069.2994537}, "cmdq": 1, "read": {"device_start": -1, "device_end": -1}}, "coalesced_transpose48": {"write": {"device_start": -1, "host_queued_start": 1585587134.717297, "device_queued": -1, "device_end": -1, "host_queued_end": 1585587134.725574}, "device": "gpu", "nd_range": {"device_start": 1585587069.3004472, "device_end": 1585587069.3012826}, "cmdq": 3, "read": {"device_start": -1, "device_end": -1}}}