{"FFC_sans_bias60": {"write": {"device_start": -1, "host_queued_start": 1585587115.371161, "device_queued": -1, "device_end": -1, "host_queued_end": 1585587115.374377}, "device": "gpu", "nd_range": {"device_start": 1585587049.9509766, "device_end": 1585587049.9521646}, "cmdq": 3, "read": {"device_start": -1, "device_end": -1}}, "FFC_sans_bias4": {"write": {"device_start": -1, "host_queued_start": 1585587115.393075, "device_queued": -1, "device_end": -1, "host_queued_end": 1585587115.400664}, "device": "cpu", "nd_range": {"device_start": 2254889.650533087, "device_end": 2254889.6610191423}, "cmdq": 0, "read": {"device_start": -1, "device_end": -1}}, "FFC_sans_bias7": {"write": {"device_start": -1, "host_queued_start": 1585587115.397615, "device_queued": -1, "device_end": -1, "host_queued_end": 1585587115.400664}, "device": "cpu", "nd_range": {"device_start": 2254889.6873658733, "device_end": 2254889.694981913}, "cmdq": 0, "read": {"device_start": -1, "device_end": -1}}, "FFC_sans_bias6": {"write": {"device_start": -1, "host_queued_start": 1585587115.395555, "device_queued": -1, "device_end": -1, "host_queued_end": 1585587115.400664}, "device": "cpu", "nd_range": {"device_start": 2254889.670989197, "device_end": 2254889.6785842213}, "cmdq": 0, "read": {"device_start": -1, "device_end": -1}}, "FFC_sans_bias1": {"write": {"device_start": -1, "host_queued_start": 1585587115.38065, "device_queued": -1, "device_end": -1, "host_queued_end": 1585587115.400664}, "device": "cpu", "nd_range": {"device_start": 2254889.590295903, "device_end": 2254889.598208773}, "cmdq": 1, "read": {"device_start": -1, "device_end": -1}}, "FFC_sans_bias0": {"write": {"device_start": -1, "host_queued_start": 1585587115.379612, "device_queued": -1, "device_end": -1, "host_queued_end": 1585587115.400664}, "device": "cpu", "nd_range": {"device_start": 2254889.590295814, "device_end": 2254889.598208365}, "cmdq": 0, "read": {"device_start": -1, "device_end": -1}}, "FFC_sans_bias2": {"write": {"device_start": -1, "host_queued_start": 1585587115.381711, "device_queued": -1, "device_end": -1, "host_queued_end": 1585587115.400664}, "device": "cpu", "nd_range": {"device_start": 2254889.598445613, "device_end": 2254889.609513217}, "cmdq": 0, "read": {"device_start": -1, "device_end": -1}}, "FFC_sans_bias61": {"write": {"device_start": 1585587049.9512954, "host_queued_start": 1585587115.374275, "device_queued": 1585587049.9462857, "device_end": 1585587049.9513264, "host_queued_end": 1585587115.374377}, "device": "gpu", "nd_range": {"device_start": 1585587049.9521704, "device_end": 1585587049.9531102}, "cmdq": 1, "read": {"device_start": 1585587049.9531126, "device_end": 1585587049.9531355}}, "FFC_sans_bias52": {"write": {"device_start": 1585587049.950933, "host_queued_start": 1585587115.3732, "device_queued": 1585587049.9460726, "device_end": 1585587049.9509585, "host_queued_end": 1585587115.374377}, "device": "gpu", "nd_range": {"device_start": 1585587049.951598, "device_end": 1585587049.9525833}, "cmdq": 0, "read": {"device_start": 1585587049.9536834, "device_end": 1585587049.9537117}}, "FFC_sans_bias9": {"write": {"device_start": -1, "host_queued_start": 1585587115.38286, "device_queued": -1, "device_end": -1, "host_queued_end": 1585587115.400664}, "device": "cpu", "nd_range": {"device_start": 2254889.5982341603, "device_end": 2254889.606223614}, "cmdq": 1, "read": {"device_start": -1, "device_end": -1}}, "coalesced_transpose39": {"write": {"device_start": -1, "host_queued_start": 1585587115.36794, "device_queued": -1, "device_end": -1, "host_queued_end": 1585587115.374377}, "device": "gpu", "nd_range": {"device_start": 1585587049.9471192, "device_end": 1585587049.948931}, "cmdq": 2, "read": {"device_start": -1, "device_end": -1}}, "FFC_sans_bias55": {"write": {"device_start": 1585587049.9467058, "host_queued_start": 1585587115.367615, "device_queued": 1585587049.945342, "device_end": 1585587049.9467375, "host_queued_end": 1585587115.374377}, "device": "gpu", "nd_range": {"device_start": 1585587049.9467406, "device_end": 1585587049.9490354}, "cmdq": 1, "read": {"device_start": -1, "device_end": -1}}, "FFC_sans_bias54": {"write": {"device_start": 1585587049.9462755, "host_queued_start": 1585587115.366551, "device_queued": 1585587049.9452786, "device_end": 1585587049.9463012, "host_queued_end": 1585587115.374377}, "device": "gpu", "nd_range": {"device_start": 1585587049.946305, "device_end": 1585587049.9485755}, "cmdq": 0, "read": {"device_start": -1, "device_end": -1}}, "FFC_sans_bias56": {"write": {"device_start": 1585587049.9457052, "host_queued_start": 1585587115.365508, "device_queued": 1585587049.9450183, "device_end": 1585587049.9457304, "host_queued_end": 1585587115.374377}, "device": "gpu", "nd_range": {"device_start": 1585587049.945737, "device_end": 1585587049.9480836}, "cmdq": 4, "read": {"device_start": -1, "device_end": -1}}, "FFC_sans_bias51": {"write": {"device_start": -1, "host_queued_start": 1585587115.370848, "device_queued": -1, "device_end": -1, "host_queued_end": 1585587115.374377}, "device": "gpu", "nd_range": {"device_start": 1585587049.9509726, "device_end": 1585587049.9515908}, "cmdq": 2, "read": {"device_start": -1, "device_end": -1}}, "softmax23": {"write": {"device_start": -1, "host_queued_start": 1585587115.394949, "device_queued": -1, "device_end": -1, "host_queued_end": 1585587115.400664}, "device": "cpu", "nd_range": {"device_start": 2254889.670671071, "device_end": 2254889.670877317}, "cmdq": 0, "read": {"device_start": -1, "device_end": -1}}, "FFC_sans_bias37": {"write": {"device_start": 1585587049.9446075, "host_queued_start": 1585587115.360263, "device_queued": 1585587049.9445052, "device_end": 1585587049.9446335, "host_queued_end": 1585587115.374377}, "device": "gpu", "nd_range": {"device_start": 1585587049.9446363, "device_end": 1585587049.9456081}, "cmdq": 4, "read": {"device_start": -1, "device_end": -1}}, "empty62": {"write": {"device_start": 1585587049.9444268, "host_queued_start": 1585587115.358143, "device_queued": 1585587049.9442284, "device_end": 1585587049.9444919, "host_queued_end": 1585587115.374377}, "device": "gpu", "nd_range": {"device_start": 1585587049.944576, "device_end": 1585587049.9445815}, "cmdq": 2, "read": {"device_start": -1, "device_end": -1}}, "FFC_sans_bias58": {"write": {"device_start": -1, "host_queued_start": 1585587115.369466, "device_queued": -1, "device_end": -1, "host_queued_end": 1585587115.374377}, "device": "gpu", "nd_range": {"device_start": 1585587049.9498563, "device_end": 1585587049.950519}, "cmdq": 2, "read": {"device_start": -1, "device_end": -1}}, "softmax41": {"write": {"device_start": -1, "host_queued_start": 1585587115.369711, "device_queued": -1, "device_end": -1, "host_queued_end": 1585587115.374377}, "device": "gpu", "nd_range": {"device_start": 1585587049.9498618, "device_end": 1585587049.9505768}, "cmdq": 3, "read": {"device_start": -1, "device_end": -1}}, "FFC_sans_bias11": {"write": {"device_start": -1, "host_queued_start": 1585587115.385037, "device_queued": -1, "device_end": -1, "host_queued_end": 1585587115.400664}, "device": "cpu", "nd_range": {"device_start": 2254889.6062312173, "device_end": 2254889.6129279053}, "cmdq": 1, "read": {"device_start": -1, "device_end": -1}}, "FFC_sans_bias10": {"write": {"device_start": -1, "host_queued_start": 1585587115.383906, "device_queued": -1, "device_end": -1, "host_queued_end": 1585587115.400664}, "device": "cpu", "nd_range": {"device_start": 2254889.6096294243, "device_end": 2254889.6226572962}, "cmdq": 0, "read": {"device_start": -1, "device_end": -1}}, "coalesced_transpose3": {"write": {"device_start": -1, "host_queued_start": 1585587115.39176, "device_queued": -1, "device_end": -1, "host_queued_end": 1585587115.400664}, "device": "cpu", "nd_range": {"device_start": 2254889.649832388, "device_end": 2254889.6500384323}, "cmdq": 0, "read": {"device_start": -1, "device_end": -1}}, "FFC_sans_bias34": {"write": {"device_start": -1, "host_queued_start": 1585587115.400619, "device_queued": -1, "device_end": -1, "host_queued_end": 1585587115.400664}, "device": "cpu", "nd_range": {"device_start": 2254889.695947557, "device_end": 2254889.704035621}, "cmdq": 1, "read": {"device_start": -1, "device_end": -1}}, "FFC_sans_bias15": {"write": {"device_start": -1, "host_queued_start": 1585587115.395896, "device_queued": -1, "device_end": -1, "host_queued_end": 1585587115.400664}, "device": "cpu", "nd_range": {"device_start": 2254889.6671123942, "device_end": 2254889.674752126}, "cmdq": 1, "read": {"device_start": -1, "device_end": -1}}, "FFC_sans_bias31": {"write": {"device_start": -1, "host_queued_start": 1585587115.39411, "device_queued": -1, "device_end": -1, "host_queued_end": 1585587115.400664}, "device": "cpu", "nd_range": {"device_start": 2254889.655872732, "device_end": 2254889.666440958}, "cmdq": 1, "read": {"device_start": -1, "device_end": -1}}, "FFC_sans_bias16": {"write": {"device_start": -1, "host_queued_start": 1585587115.398625, "device_queued": -1, "device_end": -1, "host_queued_end": 1585587115.400664}, "device": "cpu", "nd_range": {"device_start": 2254889.684022054, "device_end": 2254889.695943382}, "cmdq": 1, "read": {"device_start": -1, "device_end": -1}}, "FFC_sans_bias19": {"write": {"device_start": -1, "host_queued_start": 1585587115.387148, "device_queued": -1, "device_end": -1, "host_queued_end": 1585587115.400664}, "device": "cpu", "nd_range": {"device_start": 2254889.613045038, "device_end": 2254889.6226575943}, "cmdq": 1, "read": {"device_start": -1, "device_end": -1}}, "FFC_sans_bias18": {"write": {"device_start": -1, "host_queued_start": 1585587115.386078, "device_queued": -1, "device_end": -1, "host_queued_end": 1585587115.400664}, "device": "cpu", "nd_range": {"device_start": 2254889.6226740023, "device_end": 2254889.631935642}, "cmdq": 0, "read": {"device_start": -1, "device_end": -1}}, "coalesced_transpose30": {"write": {"device_start": -1, "host_queued_start": 1585587115.392738, "device_queued": -1, "device_end": -1, "host_queued_end": 1585587115.400664}, "device": "cpu", "nd_range": {"device_start": 2254889.649828263, "device_end": 2254889.6499986392}, "cmdq": 1, "read": {"device_start": -1, "device_end": -1}}, "FFC_sans_bias38": {"write": {"device_start": 1585587049.944751, "host_queued_start": 1585587115.36133, "device_queued": 1585587049.9446354, "device_end": 1585587049.9447846, "host_queued_end": 1585587115.374377}, "device": "gpu", "nd_range": {"device_start": 1585587049.9448032, "device_end": 1585587049.946164}, "cmdq": 0, "read": {"device_start": -1, "device_end": -1}}, "coalesced_transpose57": {"write": {"device_start": -1, "host_queued_start": 1585587115.368532, "device_queued": -1, "device_end": -1, "host_queued_end": 1585587115.374377}, "device": "gpu", "nd_range": {"device_start": 1585587049.9490526, "device_end": 1585587049.9498477}, "cmdq": 4, "read": {"device_start": -1, "device_end": -1}}, "empty26": {"write": {"device_start": -1, "host_queued_start": 1585587115.377847, "device_queued": -1, "device_end": -1, "host_queued_end": 1585587115.400664}, "device": "cpu", "nd_range": {"device_start": 2254889.590288292, "device_end": 2254889.59028937}, "cmdq": 0, "read": {"device_start": -1, "device_end": -1}}, "coalesced_transpose12": {"write": {"device_start": -1, "host_queued_start": 1585587115.39209, "device_queued": -1, "device_end": -1, "host_queued_end": 1585587115.400664}, "device": "cpu", "nd_range": {"device_start": 2254889.635216446, "device_end": 2254889.635323129}, "cmdq": 1, "read": {"device_start": -1, "device_end": -1}}, "empty44": {"write": {"device_start": 1585587049.9442294, "host_queued_start": 1585587115.356039, "device_queued": 1585587049.9441004, "device_end": 1585587049.9442809, "host_queued_end": 1585587115.374377}, "device": "gpu", "nd_range": {"device_start": 1585587049.9442904, "device_end": 1585587049.944295}, "cmdq": 0, "read": {"device_start": -1, "device_end": -1}}, "coalesced_transpose21": {"write": {"device_start": -1, "host_queued_start": 1585587115.392416, "device_queued": -1, "device_end": -1, "host_queued_end": 1585587115.400664}, "device": "cpu", "nd_range": {"device_start": 2254889.6501757083, "device_end": 2254889.6504255123}, "cmdq": 0, "read": {"device_start": -1, "device_end": -1}}, "FFC_sans_bias36": {"write": {"device_start": 1585587049.9445152, "host_queued_start": 1585587115.359185, "device_queued": 1585587049.9442556, "device_end": 1585587049.944575, "host_queued_end": 1585587115.374377}, "device": "gpu", "nd_range": {"device_start": 1585587049.944596, "device_end": 1585587049.9451983}, "cmdq": 3, "read": {"device_start": -1, "device_end": -1}}, "softmax14": {"write": {"device_start": -1, "host_queued_start": 1585587115.394679, "device_queued": -1, "device_end": -1, "host_queued_end": 1585587115.400664}, "device": "cpu", "nd_range": {"device_start": 2254889.6664476683, "device_end": 2254889.666674787}, "cmdq": 1, "read": {"device_start": -1, "device_end": -1}}, "FFC_sans_bias13": {"write": {"device_start": -1, "host_queued_start": 1585587115.39341, "device_queued": -1, "device_end": -1, "host_queued_end": 1585587115.400664}, "device": "cpu", "nd_range": {"device_start": 2254889.6500592344, "device_end": 2254889.655863326}, "cmdq": 1, "read": {"device_start": -1, "device_end": -1}}, "empty8": {"write": {"device_start": -1, "host_queued_start": 1585587115.375879, "device_queued": -1, "device_end": -1, "host_queued_end": 1585587115.400664}, "device": "cpu", "nd_range": {"device_start": 2254889.590254182, "device_end": 2254889.5902679623}, "cmdq": 0, "read": {"device_start": -1, "device_end": -1}}, "FFC_sans_bias42": {"write": {"device_start": -1, "host_queued_start": 1585587115.370508, "device_queued": -1, "device_end": -1, "host_queued_end": 1585587115.374377}, "device": "gpu", "nd_range": {"device_start": 1585587049.9505868, "device_end": 1585587049.9511888}, "cmdq": 1, "read": {"device_start": -1, "device_end": -1}}, "FFC_sans_bias43": {"write": {"device_start": 1585587049.9510896, "host_queued_start": 1585587115.37216, "device_queued": 1585587049.9460344, "device_end": 1585587049.951121, "host_queued_end": 1585587115.374377}, "device": "gpu", "nd_range": {"device_start": 1585587049.9521816, "device_end": 1585587049.9535506}, "cmdq": 4, "read": {"device_start": 1585587049.953558, "device_end": 1585587049.953581}}, "FFC_sans_bias40": {"write": {"device_start": -1, "host_queued_start": 1585587115.368843, "device_queued": -1, "device_end": -1, "host_queued_end": 1585587115.374377}, "device": "gpu", "nd_range": {"device_start": 1585587049.9489424, "device_end": 1585587049.9495466}, "cmdq": 0, "read": {"device_start": -1, "device_end": -1}}, "softmax32": {"write": {"device_start": -1, "host_queued_start": 1585587115.395217, "device_queued": -1, "device_end": -1, "host_queued_end": 1585587115.400664}, "device": "cpu", "nd_range": {"device_start": 2254889.666796075, "device_end": 2254889.667002906}, "cmdq": 1, "read": {"device_start": -1, "device_end": -1}}, "FFC_sans_bias47": {"write": {"device_start": 1585587049.9453316, "host_queued_start": 1585587115.364458, "device_queued": 1585587049.9448512, "device_end": 1585587049.9453554, "host_queued_end": 1585587115.374377}, "device": "gpu", "nd_range": {"device_start": 1585587049.9453597, "device_end": 1585587049.9475958}, "cmdq": 3, "read": {"device_start": -1, "device_end": -1}}, "FFC_sans_bias45": {"write": {"device_start": 1585587049.9449072, "host_queued_start": 1585587115.362353, "device_queued": 1585587049.9448097, "device_end": 1585587049.9449875, "host_queued_end": 1585587115.374377}, "device": "gpu", "nd_range": {"device_start": 1585587049.9450936, "device_end": 1585587049.946609}, "cmdq": 1, "read": {"device_start": -1, "device_end": -1}}, "softmax50": {"write": {"device_start": -1, "host_queued_start": 1585587115.369956, "device_queued": -1, "device_end": -1, "host_queued_end": 1585587115.374377}, "device": "gpu", "nd_range": {"device_start": 1585587049.9505804, "device_end": 1585587049.9509606}, "cmdq": 4, "read": {"device_start": -1, "device_end": -1}}, "FFC_sans_bias33": {"write": {"device_start": -1, "host_queued_start": 1585587115.396574, "device_queued": -1, "device_end": -1, "host_queued_end": 1585587115.400664}, "device": "cpu", "nd_range": {"device_start": 2254889.6748651243, "device_end": 2254889.683904927}, "cmdq": 1, "read": {"device_start": -1, "device_end": -1}}, "FFC_sans_bias49": {"write": {"device_start": -1, "host_queued_start": 1585587115.36916, "device_queued": -1, "device_end": -1, "host_queued_end": 1585587115.374377}, "device": "gpu", "nd_range": {"device_start": 1585587049.9490407, "device_end": 1585587049.950001}, "cmdq": 1, "read": {"device_start": -1, "device_end": -1}}, "FFC_sans_bias24": {"write": {"device_start": -1, "host_queued_start": 1585587115.396235, "device_queued": -1, "device_end": -1, "host_queued_end": 1585587115.400664}, "device": "cpu", "nd_range": {"device_start": 2254889.67869332, "device_end": 2254889.687251748}, "cmdq": 0, "read": {"device_start": -1, "device_end": -1}}, "FFC_sans_bias25": {"write": {"device_start": -1, "host_queued_start": 1585587115.399635, "device_queued": -1, "device_end": -1, "host_queued_end": 1585587115.400664}, "device": "cpu", "nd_range": {"device_start": 2254889.694985179, "device_end": 2254889.7040805393}, "cmdq": 0, "read": {"device_start": -1, "device_end": -1}}, "FFC_sans_bias27": {"write": {"device_start": -1, "host_queued_start": 1585587115.389338, "device_queued": -1, "device_end": -1, "host_queued_end": 1585587115.400664}, "device": "cpu", "nd_range": {"device_start": 2254889.622664148, "device_end": 2254889.628860089}, "cmdq": 1, "read": {"device_start": -1, "device_end": -1}}, "FFC_sans_bias20": {"write": {"device_start": -1, "host_queued_start": 1585587115.388263, "device_queued": -1, "device_end": -1, "host_queued_end": 1585587115.400664}, "device": "cpu", "nd_range": {"device_start": 2254889.6416090783, "device_end": 2254889.645785275}, "cmdq": 0, "read": {"device_start": -1, "device_end": -1}}, "FFC_sans_bias22": {"write": {"device_start": -1, "host_queued_start": 1585587115.393757, "device_queued": -1, "device_end": -1, "host_queued_end": 1585587115.400664}, "device": "cpu", "nd_range": {"device_start": 2254889.6611339673, "device_end": 2254889.6704384782}, "cmdq": 0, "read": {"device_start": -1, "device_end": -1}}, "softmax5": {"write": {"device_start": -1, "host_queued_start": 1585587115.394383, "device_queued": -1, "device_end": -1, "host_queued_end": 1585587115.400664}, "device": "cpu", "nd_range": {"device_start": 2254889.6704461724, "device_end": 2254889.67066328}, "cmdq": 0, "read": {"device_start": -1, "device_end": -1}}, "FFC_sans_bias28": {"write": {"device_start": -1, "host_queued_start": 1585587115.390381, "device_queued": -1, "device_end": -1, "host_queued_end": 1585587115.400664}, "device": "cpu", "nd_range": {"device_start": 2254889.6457955553, "device_end": 2254889.649704753}, "cmdq": 0, "read": {"device_start": -1, "device_end": -1}}, "FFC_sans_bias29": {"write": {"device_start": -1, "host_queued_start": 1585587115.391434, "device_queued": -1, "device_end": -1, "host_queued_end": 1585587115.400664}, "device": "cpu", "nd_range": {"device_start": 2254889.628980879, "device_end": 2254889.635093015}, "cmdq": 1, "read": {"device_start": -1, "device_end": -1}}, "empty17": {"write": {"device_start": -1, "host_queued_start": 1585587115.376881, "device_queued": -1, "device_end": -1, "host_queued_end": 1585587115.400664}, "device": "cpu", "nd_range": {"device_start": 2254889.5902568153, "device_end": 2254889.590267944}, "cmdq": 1, "read": {"device_start": -1, "device_end": -1}}, "softmax59": {"write": {"device_start": -1, "host_queued_start": 1585587115.370195, "device_queued": -1, "device_end": -1, "host_queued_end": 1585587115.374377}, "device": "gpu", "nd_range": {"device_start": 1585587049.9505286, "device_end": 1585587049.950834}, "cmdq": 0, "read": {"device_start": -1, "device_end": -1}}, "empty35": {"write": {"device_start": -1, "host_queued_start": 1585587115.378666, "device_queued": -1, "device_end": -1, "host_queued_end": 1585587115.400664}, "device": "cpu", "nd_range": {"device_start": 2254889.590288429, "device_end": 2254889.590289424}, "cmdq": 1, "read": {"device_start": -1, "device_end": -1}}, "empty53": {"write": {"device_start": 1585587049.944334, "host_queued_start": 1585587115.357233, "device_queued": 1585587049.944205, "device_end": 1585587049.9443884, "host_queued_end": 1585587115.374377}, "device": "gpu", "nd_range": {"device_start": 1585587049.94456, "device_end": 1585587049.94458}, "cmdq": 1, "read": {"device_start": -1, "device_end": -1}}, "FFC_sans_bias46": {"write": {"device_start": 1585587049.9449952, "host_queued_start": 1585587115.363408, "device_queued": 1585587049.944835, "device_end": 1585587049.945021, "host_queued_end": 1585587115.374377}, "device": "gpu", "nd_range": {"device_start": 1585587049.9451084, "device_end": 1585587049.9471183}, "cmdq": 2, "read": {"device_start": -1, "device_end": -1}}, "coalesced_transpose48": {"write": {"device_start": -1, "host_queued_start": 1585587115.368234, "device_queued": -1, "device_end": -1, "host_queued_end": 1585587115.374377}, "device": "gpu", "nd_range": {"device_start": 1585587049.9476001, "device_end": 1585587049.9489343}, "cmdq": 3, "read": {"device_start": -1, "device_end": -1}}}