{"FFC_sans_bias60": {"write": {"device_start": -1, "host_queued_start": 1585587004.99537, "device_queued": -1, "device_end": -1, "host_queued_end": 1585587004.998612}, "device": "gpu", "nd_range": {"device_start": 1585586939.578976, "device_end": 1585586939.5798078}, "cmdq": 3, "read": {"device_start": -1, "device_end": -1}}, "FFC_sans_bias4": {"write": {"device_start": -1, "host_queued_start": 1585587005.021138, "device_queued": -1, "device_end": -1, "host_queued_end": 1585587005.029642}, "device": "cpu", "nd_range": {"device_start": 2254779.2640356463, "device_end": 2254779.271686565}, "cmdq": 0, "read": {"device_start": -1, "device_end": -1}}, "FFC_sans_bias7": {"write": {"device_start": -1, "host_queued_start": 1585587005.026316, "device_queued": -1, "device_end": -1, "host_queued_end": 1585587005.029642}, "device": "cpu", "nd_range": {"device_start": 2254779.296792208, "device_end": 2254779.304398685}, "cmdq": 0, "read": {"device_start": -1, "device_end": -1}}, "FFC_sans_bias6": {"write": {"device_start": -1, "host_queued_start": 1585587005.024013, "device_queued": -1, "device_end": -1, "host_queued_end": 1585587005.029642}, "device": "cpu", "nd_range": {"device_start": 2254779.280295882, "device_end": 2254779.287193992}, "cmdq": 0, "read": {"device_start": -1, "device_end": -1}}, "FFC_sans_bias1": {"write": {"device_start": -1, "host_queued_start": 1585587005.007405, "device_queued": -1, "device_end": -1, "host_queued_end": 1585587005.029642}, "device": "cpu", "nd_range": {"device_start": 2254779.2192934463, "device_end": 2254779.2273690193}, "cmdq": 1, "read": {"device_start": -1, "device_end": -1}}, "FFC_sans_bias0": {"write": {"device_start": -1, "host_queued_start": 1585587005.005871, "device_queued": -1, "device_end": -1, "host_queued_end": 1585587005.029642}, "device": "cpu", "nd_range": {"device_start": 2254779.2192927874, "device_end": 2254779.227262345}, "cmdq": 0, "read": {"device_start": -1, "device_end": -1}}, "FFC_sans_bias2": {"write": {"device_start": -1, "host_queued_start": 1585587005.00858, "device_queued": -1, "device_end": -1, "host_queued_end": 1585587005.029642}, "device": "cpu", "nd_range": {"device_start": 2254779.227399044, "device_end": 2254779.234597123}, "cmdq": 0, "read": {"device_start": -1, "device_end": -1}}, "FFC_sans_bias61": {"write": {"device_start": 1585586939.579259, "host_queued_start": 1585587004.998484, "device_queued": 1585586939.573575, "device_end": 1585586939.579286, "host_queued_end": 1585587004.998612}, "device": "gpu", "nd_range": {"device_start": 1585586939.5798135, "device_end": 1585586939.5814075}, "cmdq": 2, "read": {"device_start": 1585586939.5814154, "device_end": 1585586939.5814385}}, "FFC_sans_bias52": {"write": {"device_start": 1585586939.578932, "host_queued_start": 1585587004.99742, "device_queued": 1585586939.5733407, "device_end": 1585586939.5789652, "host_queued_end": 1585587004.998612}, "device": "gpu", "nd_range": {"device_start": 1585586939.5791776, "device_end": 1585586939.5808141}, "cmdq": 1, "read": {"device_start": 1585586939.5808208, "device_end": 1585586939.5808446}}, "FFC_sans_bias9": {"write": {"device_start": -1, "host_queued_start": 1585587005.00975, "device_queued": -1, "device_end": -1, "host_queued_end": 1585587005.029642}, "device": "cpu", "nd_range": {"device_start": 2254779.22749526, "device_end": 2254779.240383755}, "cmdq": 1, "read": {"device_start": -1, "device_end": -1}}, "coalesced_transpose39": {"write": {"device_start": -1, "host_queued_start": 1585587004.992094, "device_queued": -1, "device_end": -1, "host_queued_end": 1585587004.998612}, "device": "gpu", "nd_range": {"device_start": 1585586939.574795, "device_end": 1585586939.5763586}, "cmdq": 0, "read": {"device_start": -1, "device_end": -1}}, "FFC_sans_bias55": {"write": {"device_start": 1585586939.5745096, "host_queued_start": 1585587004.991772, "device_queued": 1585586939.572481, "device_end": 1585586939.5745673, "host_queued_end": 1585587004.998612}, "device": "gpu", "nd_range": {"device_start": 1585586939.5745723, "device_end": 1585586939.5765262}, "cmdq": 3, "read": {"device_start": -1, "device_end": -1}}, "FFC_sans_bias54": {"write": {"device_start": 1585586939.5738988, "host_queued_start": 1585587004.990746, "device_queued": 1585586939.5724473, "device_end": 1585586939.5739305, "host_queued_end": 1585587004.998612}, "device": "gpu", "nd_range": {"device_start": 1585586939.5739408, "device_end": 1585586939.576114}, "cmdq": 2, "read": {"device_start": -1, "device_end": -1}}, "FFC_sans_bias56": {"write": {"device_start": 1585586939.5735073, "host_queued_start": 1585587004.98967, "device_queued": 1585586939.5722828, "device_end": 1585586939.573541, "host_queued_end": 1585587004.998612}, "device": "gpu", "nd_range": {"device_start": 1585586939.573545, "device_end": 1585586939.5755374}, "cmdq": 1, "read": {"device_start": -1, "device_end": -1}}, "FFC_sans_bias51": {"write": {"device_start": -1, "host_queued_start": 1585587004.995057, "device_queued": -1, "device_end": -1, "host_queued_end": 1585587004.998612}, "device": "gpu", "nd_range": {"device_start": 1585586939.578167, "device_end": 1585586939.5791686}, "cmdq": 2, "read": {"device_start": -1, "device_end": -1}}, "softmax23": {"write": {"device_start": -1, "host_queued_start": 1585587005.023211, "device_queued": -1, "device_end": -1, "host_queued_end": 1585587005.029642}, "device": "cpu", "nd_range": {"device_start": 2254779.2802051213, "device_end": 2254779.280285241}, "cmdq": 0, "read": {"device_start": -1, "device_end": -1}}, "FFC_sans_bias37": {"write": {"device_start": 1585586939.5719, "host_queued_start": 1585587004.984417, "device_queued": 1585586939.571799, "device_end": 1585586939.5719867, "host_queued_end": 1585587004.998612}, "device": "gpu", "nd_range": {"device_start": 1585586939.5719917, "device_end": 1585586939.5728009}, "cmdq": 0, "read": {"device_start": -1, "device_end": -1}}, "empty62": {"write": {"device_start": 1585586939.5716424, "host_queued_start": 1585587004.982283, "device_queued": 1585586939.5714548, "device_end": 1585586939.5717063, "host_queued_end": 1585587004.998612}, "device": "gpu", "nd_range": {"device_start": 1585586939.5717096, "device_end": 1585586939.5717134}, "cmdq": 2, "read": {"device_start": -1, "device_end": -1}}, "FFC_sans_bias58": {"write": {"device_start": -1, "host_queued_start": 1585587004.993641, "device_queued": -1, "device_end": -1, "host_queued_end": 1585587004.998612}, "device": "gpu", "nd_range": {"device_start": 1585586939.5775034, "device_end": 1585586939.5781384}, "cmdq": 1, "read": {"device_start": -1, "device_end": -1}}, "softmax41": {"write": {"device_start": -1, "host_queued_start": 1585587004.993898, "device_queued": -1, "device_end": -1, "host_queued_end": 1585587004.998612}, "device": "gpu", "nd_range": {"device_start": 1585586939.5774856, "device_end": 1585586939.5778716}, "cmdq": 2, "read": {"device_start": -1, "device_end": -1}}, "FFC_sans_bias11": {"write": {"device_start": -1, "host_queued_start": 1585587005.012088, "device_queued": -1, "device_end": -1, "host_queued_end": 1585587005.029642}, "device": "cpu", "nd_range": {"device_start": 2254779.240392094, "device_end": 2254779.248249122}, "cmdq": 1, "read": {"device_start": -1, "device_end": -1}}, "FFC_sans_bias10": {"write": {"device_start": -1, "host_queued_start": 1585587005.010931, "device_queued": -1, "device_end": -1, "host_queued_end": 1585587005.029642}, "device": "cpu", "nd_range": {"device_start": 2254779.234732213, "device_end": 2254779.24046037}, "cmdq": 0, "read": {"device_start": -1, "device_end": -1}}, "coalesced_transpose3": {"write": {"device_start": -1, "host_queued_start": 1585587005.019701, "device_queued": -1, "device_end": -1, "host_queued_end": 1585587005.029642}, "device": "cpu", "nd_range": {"device_start": 2254779.263325775, "device_end": 2254779.263571983}, "cmdq": 0, "read": {"device_start": -1, "device_end": -1}}, "FFC_sans_bias34": {"write": {"device_start": -1, "host_queued_start": 1585587005.02959, "device_queued": -1, "device_end": -1, "host_queued_end": 1585587005.029642}, "device": "cpu", "nd_range": {"device_start": 2254779.321915655, "device_end": 2254779.327196532}, "cmdq": 1, "read": {"device_start": -1, "device_end": -1}}, "FFC_sans_bias15": {"write": {"device_start": -1, "host_queued_start": 1585587005.024427, "device_queued": -1, "device_end": -1, "host_queued_end": 1585587005.029642}, "device": "cpu", "nd_range": {"device_start": 2254779.2992406962, "device_end": 2254779.307310028}, "cmdq": 1, "read": {"device_start": -1, "device_end": -1}}, "FFC_sans_bias31": {"write": {"device_start": -1, "host_queued_start": 1585587005.022284, "device_queued": -1, "device_end": -1, "host_queued_end": 1585587005.029642}, "device": "cpu", "nd_range": {"device_start": 2254779.291349084, "device_end": 2254779.298692604}, "cmdq": 1, "read": {"device_start": -1, "device_end": -1}}, "FFC_sans_bias16": {"write": {"device_start": -1, "host_queued_start": 1585587005.027438, "device_queued": -1, "device_end": -1, "host_queued_end": 1585587005.029642}, "device": "cpu", "nd_range": {"device_start": 2254779.316698459, "device_end": 2254779.321910356}, "cmdq": 1, "read": {"device_start": -1, "device_end": -1}}, "FFC_sans_bias19": {"write": {"device_start": -1, "host_queued_start": 1585587005.014397, "device_queued": -1, "device_end": -1, "host_queued_end": 1585587005.029642}, "device": "cpu", "nd_range": {"device_start": 2254779.248582501, "device_end": 2254779.2548006903}, "cmdq": 1, "read": {"device_start": -1, "device_end": -1}}, "FFC_sans_bias18": {"write": {"device_start": -1, "host_queued_start": 1585587005.013246, "device_queued": -1, "device_end": -1, "host_queued_end": 1585587005.029642}, "device": "cpu", "nd_range": {"device_start": 2254779.240621616, "device_end": 2254779.250435783}, "cmdq": 0, "read": {"device_start": -1, "device_end": -1}}, "coalesced_transpose30": {"write": {"device_start": -1, "host_queued_start": 1585587005.020765, "device_queued": -1, "device_end": -1, "host_queued_end": 1585587005.029642}, "device": "cpu", "nd_range": {"device_start": 2254779.280724599, "device_end": 2254779.280975723}, "cmdq": 1, "read": {"device_start": -1, "device_end": -1}}, "FFC_sans_bias38": {"write": {"device_start": 1585586939.5720017, "host_queued_start": 1585587004.98548, "device_queued": 1585586939.5718486, "device_end": 1585586939.5720854, "host_queued_end": 1585587004.998612}, "device": "gpu", "nd_range": {"device_start": 1585586939.5720909, "device_end": 1585586939.573368}, "cmdq": 1, "read": {"device_start": -1, "device_end": -1}}, "coalesced_transpose57": {"write": {"device_start": -1, "host_queued_start": 1585587004.992693, "device_queued": -1, "device_end": -1, "host_queued_end": 1585587004.998612}, "device": "gpu", "nd_range": {"device_start": 1585586939.5765634, "device_end": 1585586939.5774777}, "cmdq": 2, "read": {"device_start": -1, "device_end": -1}}, "empty26": {"write": {"device_start": -1, "host_queued_start": 1585587005.00265, "device_queued": -1, "device_end": -1, "host_queued_end": 1585587005.029642}, "device": "cpu", "nd_range": {"device_start": 2254779.219285728, "device_end": 2254779.219286804}, "cmdq": 0, "read": {"device_start": -1, "device_end": -1}}, "coalesced_transpose12": {"write": {"device_start": -1, "host_queued_start": 1585587005.020059, "device_queued": -1, "device_end": -1, "host_queued_end": 1585587005.029642}, "device": "cpu", "nd_range": {"device_start": 2254779.28033008, "device_end": 2254779.280609024}, "cmdq": 1, "read": {"device_start": -1, "device_end": -1}}, "empty44": {"write": {"device_start": 1585586939.5714395, "host_queued_start": 1585587004.980179, "device_queued": 1585586939.5713158, "device_end": 1585586939.5714915, "host_queued_end": 1585587004.998612}, "device": "gpu", "nd_range": {"device_start": 1585586939.5714953, "device_end": 1585586939.5715013}, "cmdq": 0, "read": {"device_start": -1, "device_end": -1}}, "coalesced_transpose21": {"write": {"device_start": -1, "host_queued_start": 1585587005.020413, "device_queued": -1, "device_end": -1, "host_queued_end": 1585587005.029642}, "device": "cpu", "nd_range": {"device_start": 2254779.2636799603, "device_end": 2254779.263916025}, "cmdq": 0, "read": {"device_start": -1, "device_end": -1}}, "FFC_sans_bias36": {"write": {"device_start": 1585586939.5717394, "host_queued_start": 1585587004.983342, "device_queued": 1585586939.5714803, "device_end": 1585586939.5717635, "host_queued_end": 1585587004.998612}, "device": "gpu", "nd_range": {"device_start": 1585586939.5717888, "device_end": 1585586939.5723982}, "cmdq": 3, "read": {"device_start": -1, "device_end": -1}}, "softmax14": {"write": {"device_start": -1, "host_queued_start": 1585587005.022913, "device_queued": -1, "device_end": -1, "host_queued_end": 1585587005.029642}, "device": "cpu", "nd_range": {"device_start": 2254779.2988059623, "device_end": 2254779.299014695}, "cmdq": 1, "read": {"device_start": -1, "device_end": -1}}, "FFC_sans_bias13": {"write": {"device_start": -1, "host_queued_start": 1585587005.021501, "device_queued": -1, "device_end": -1, "host_queued_end": 1585587005.029642}, "device": "cpu", "nd_range": {"device_start": 2254779.2810820662, "device_end": 2254779.291242691}, "cmdq": 1, "read": {"device_start": -1, "device_end": -1}}, "empty8": {"write": {"device_start": -1, "host_queued_start": 1585587005.00009, "device_queued": -1, "device_end": -1, "host_queued_end": 1585587005.029642}, "device": "cpu", "nd_range": {"device_start": 2254779.219255741, "device_end": 2254779.21926506}, "cmdq": 0, "read": {"device_start": -1, "device_end": -1}}, "FFC_sans_bias42": {"write": {"device_start": -1, "host_queued_start": 1585587004.994735, "device_queued": -1, "device_end": -1, "host_queued_end": 1585587004.998612}, "device": "gpu", "nd_range": {"device_start": 1585586939.5781431, "device_end": 1585586939.5787513}, "cmdq": 1, "read": {"device_start": -1, "device_end": -1}}, "FFC_sans_bias43": {"write": {"device_start": 1585586939.5790732, "host_queued_start": 1585587004.99638, "device_queued": 1585586939.5732858, "device_end": 1585586939.5791109, "host_queued_end": 1585587004.998612}, "device": "gpu", "nd_range": {"device_start": 1585586939.5791204, "device_end": 1585586939.5804074}, "cmdq": 0, "read": {"device_start": 1585586939.5804112, "device_end": 1585586939.5804381}}, "FFC_sans_bias40": {"write": {"device_start": -1, "host_queued_start": 1585587004.993008, "device_queued": -1, "device_end": -1, "host_queued_end": 1585587004.998612}, "device": "gpu", "nd_range": {"device_start": 1585586939.5765376, "device_end": 1585586939.577152}, "cmdq": 3, "read": {"device_start": -1, "device_end": -1}}, "softmax32": {"write": {"device_start": -1, "host_queued_start": 1585587005.023568, "device_queued": -1, "device_end": -1, "host_queued_end": 1585587005.029642}, "device": "cpu", "nd_range": {"device_start": 2254779.299020957, "device_end": 2254779.299232978}, "cmdq": 1, "read": {"device_start": -1, "device_end": -1}}, "FFC_sans_bias47": {"write": {"device_start": 1585586939.5729089, "host_queued_start": 1585587004.988634, "device_queued": 1585586939.5722377, "device_end": 1585586939.5729399, "host_queued_end": 1585587004.998612}, "device": "gpu", "nd_range": {"device_start": 1585586939.5729444, "device_end": 1585586939.5747917}, "cmdq": 0, "read": {"device_start": -1, "device_end": -1}}, "FFC_sans_bias45": {"write": {"device_start": 1585586939.572102, "host_queued_start": 1585587004.986539, "device_queued": 1585586939.5719986, "device_end": 1585586939.572127, "host_queued_end": 1585587004.998612}, "device": "gpu", "nd_range": {"device_start": 1585586939.5721366, "device_end": 1585586939.5737944}, "cmdq": 2, "read": {"device_start": -1, "device_end": -1}}, "softmax50": {"write": {"device_start": -1, "host_queued_start": 1585587004.994141, "device_queued": -1, "device_end": -1, "host_queued_end": 1585587004.998612}, "device": "gpu", "nd_range": {"device_start": 1585586939.5775733, "device_end": 1585586939.5781486}, "cmdq": 3, "read": {"device_start": -1, "device_end": -1}}, "FFC_sans_bias33": {"write": {"device_start": -1, "host_queued_start": 1585587005.025189, "device_queued": -1, "device_end": -1, "host_queued_end": 1585587005.029642}, "device": "cpu", "nd_range": {"device_start": 2254779.307423294, "device_end": 2254779.3166919113}, "cmdq": 1, "read": {"device_start": -1, "device_end": -1}}, "FFC_sans_bias49": {"write": {"device_start": -1, "host_queued_start": 1585587004.993331, "device_queued": -1, "device_end": -1, "host_queued_end": 1585587004.998612}, "device": "gpu", "nd_range": {"device_start": 1585586939.5765488, "device_end": 1585586939.577562}, "cmdq": 0, "read": {"device_start": -1, "device_end": -1}}, "FFC_sans_bias24": {"write": {"device_start": -1, "host_queued_start": 1585587005.024814, "device_queued": -1, "device_end": -1, "host_queued_end": 1585587005.029642}, "device": "cpu", "nd_range": {"device_start": 2254779.2872041073, "device_end": 2254779.296677757}, "cmdq": 0, "read": {"device_start": -1, "device_end": -1}}, "FFC_sans_bias25": {"write": {"device_start": -1, "host_queued_start": 1585587005.028509, "device_queued": -1, "device_end": -1, "host_queued_end": 1585587005.029642}, "device": "cpu", "nd_range": {"device_start": 2254779.304403123, "device_end": 2254779.314691462}, "cmdq": 0, "read": {"device_start": -1, "device_end": -1}}, "FFC_sans_bias27": {"write": {"device_start": -1, "host_queued_start": 1585587005.016858, "device_queued": -1, "device_end": -1, "host_queued_end": 1585587005.029642}, "device": "cpu", "nd_range": {"device_start": 2254779.261144035, "device_end": 2254779.267781739}, "cmdq": 1, "read": {"device_start": -1, "device_end": -1}}, "FFC_sans_bias20": {"write": {"device_start": -1, "host_queued_start": 1585587005.015562, "device_queued": -1, "device_end": -1, "host_queued_end": 1585587005.029642}, "device": "cpu", "nd_range": {"device_start": 2254779.250550304, "device_end": 2254779.257943795}, "cmdq": 0, "read": {"device_start": -1, "device_end": -1}}, "FFC_sans_bias22": {"write": {"device_start": -1, "host_queued_start": 1585587005.021909, "device_queued": -1, "device_end": -1, "host_queued_end": 1585587005.029642}, "device": "cpu", "nd_range": {"device_start": 2254779.2717977283, "device_end": 2254779.279656997}, "cmdq": 0, "read": {"device_start": -1, "device_end": -1}}, "softmax5": {"write": {"device_start": -1, "host_queued_start": 1585587005.022607, "device_queued": -1, "device_end": -1, "host_queued_end": 1585587005.029642}, "device": "cpu", "nd_range": {"device_start": 2254779.279769061, "device_end": 2254779.280198629}, "cmdq": 0, "read": {"device_start": -1, "device_end": -1}}, "FFC_sans_bias28": {"write": {"device_start": -1, "host_queued_start": 1585587005.018035, "device_queued": -1, "device_end": -1, "host_queued_end": 1585587005.029642}, "device": "cpu", "nd_range": {"device_start": 2254779.257951428, "device_end": 2254779.2632055283}, "cmdq": 0, "read": {"device_start": -1, "device_end": -1}}, "FFC_sans_bias29": {"write": {"device_start": -1, "host_queued_start": 1585587005.01929, "device_queued": -1, "device_end": -1, "host_queued_end": 1585587005.029642}, "device": "cpu", "nd_range": {"device_start": 2254779.267791903, "device_end": 2254779.2801994323}, "cmdq": 1, "read": {"device_start": -1, "device_end": -1}}, "empty17": {"write": {"device_start": -1, "host_queued_start": 1585587005.001198, "device_queued": -1, "device_end": -1, "host_queued_end": 1585587005.029642}, "device": "cpu", "nd_range": {"device_start": 2254779.219255622, "device_end": 2254779.219265079}, "cmdq": 1, "read": {"device_start": -1, "device_end": -1}}, "softmax59": {"write": {"device_start": -1, "host_queued_start": 1585587004.994384, "device_queued": -1, "device_end": -1, "host_queued_end": 1585587004.998612}, "device": "gpu", "nd_range": {"device_start": 1585586939.578154, "device_end": 1585586939.578964}, "cmdq": 0, "read": {"device_start": -1, "device_end": -1}}, "empty35": {"write": {"device_start": -1, "host_queued_start": 1585587005.004276, "device_queued": -1, "device_end": -1, "host_queued_end": 1585587005.029642}, "device": "cpu", "nd_range": {"device_start": 2254779.2192856832, "device_end": 2254779.2192872493}, "cmdq": 1, "read": {"device_start": -1, "device_end": -1}}, "empty53": {"write": {"device_start": 1585586939.5715458, "host_queued_start": 1585587004.981376, "device_queued": 1585586939.5714223, "device_end": 1585586939.5716133, "host_queued_end": 1585587004.998612}, "device": "gpu", "nd_range": {"device_start": 1585586939.571621, "device_end": 1585586939.5716257}, "cmdq": 1, "read": {"device_start": -1, "device_end": -1}}, "FFC_sans_bias46": {"write": {"device_start": 1585586939.5725281, "host_queued_start": 1585587004.987597, "device_queued": 1585586939.5720246, "device_end": 1585586939.572559, "host_queued_end": 1585587004.998612}, "device": "gpu", "nd_range": {"device_start": 1585586939.572563, "device_end": 1585586939.574333}, "cmdq": 3, "read": {"device_start": -1, "device_end": -1}}, "coalesced_transpose48": {"write": {"device_start": -1, "host_queued_start": 1585587004.992395, "device_queued": -1, "device_end": -1, "host_queued_end": 1585587004.998612}, "device": "gpu", "nd_range": {"device_start": 1585586939.5755422, "device_end": 1585586939.576371}, "cmdq": 1, "read": {"device_start": -1, "device_end": -1}}}