{"FFC_sans_bias60": {"write": {"device_start": -1, "host_queued_start": 1585586762.26719, "device_queued": -1, "device_end": -1, "host_queued_end": 1585586762.270391}, "device": "gpu", "nd_range": {"device_start": 1585586696.8568864, "device_end": 1585586696.85786}, "cmdq": 1, "read": {"device_start": -1, "device_end": -1}}, "FFC_sans_bias4": {"write": {"device_start": -1, "host_queued_start": 1585586762.28948, "device_queued": -1, "device_end": -1, "host_queued_end": 1585586762.297076}, "device": "cpu", "nd_range": {"device_start": 2254536.5410267552, "device_end": 2254536.54518704}, "cmdq": 0, "read": {"device_start": -1, "device_end": -1}}, "FFC_sans_bias7": {"write": {"device_start": -1, "host_queued_start": 1585586762.293999, "device_queued": -1, "device_end": -1, "host_queued_end": 1585586762.297076}, "device": "cpu", "nd_range": {"device_start": 2254536.578180057, "device_end": 2254536.582574742}, "cmdq": 0, "read": {"device_start": -1, "device_end": -1}}, "FFC_sans_bias6": {"write": {"device_start": -1, "host_queued_start": 1585586762.291938, "device_queued": -1, "device_end": -1, "host_queued_end": 1585586762.297076}, "device": "cpu", "nd_range": {"device_start": 2254536.559975081, "device_end": 2254536.5642823214}, "cmdq": 0, "read": {"device_start": -1, "device_end": -1}}, "FFC_sans_bias1": {"write": {"device_start": -1, "host_queued_start": 1585586762.276938, "device_queued": -1, "device_end": -1, "host_queued_end": 1585586762.297076}, "device": "cpu", "nd_range": {"device_start": 2254536.490945095, "device_end": 2254536.4952501203}, "cmdq": 0, "read": {"device_start": -1, "device_end": -1}}, "FFC_sans_bias0": {"write": {"device_start": -1, "host_queued_start": 1585586762.275888, "device_queued": -1, "device_end": -1, "host_queued_end": 1585586762.297076}, "device": "cpu", "nd_range": {"device_start": 2254536.486721512, "device_end": 2254536.490822563}, "cmdq": 0, "read": {"device_start": -1, "device_end": -1}}, "FFC_sans_bias2": {"write": {"device_start": -1, "host_queued_start": 1585586762.277987, "device_queued": -1, "device_end": -1, "host_queued_end": 1585586762.297076}, "device": "cpu", "nd_range": {"device_start": 2254536.495267954, "device_end": 2254536.499233738}, "cmdq": 0, "read": {"device_start": -1, "device_end": -1}}, "FFC_sans_bias61": {"write": {"device_start": 1585586696.8585231, "host_queued_start": 1585586762.27029, "device_queued": 1585586696.8516865, "device_end": 1585586696.858554, "host_queued_end": 1585586762.270391}, "device": "gpu", "nd_range": {"device_start": 1585586696.8585598, "device_end": 1585586696.8592665}, "cmdq": 0, "read": {"device_start": 1585586696.8592713, "device_end": 1585586696.8592937}}, "FFC_sans_bias52": {"write": {"device_start": 1585586696.8579803, "host_queued_start": 1585586762.269246, "device_queued": 1585586696.8514721, "device_end": 1585586696.8580115, "host_queued_end": 1585586762.270391}, "device": "gpu", "nd_range": {"device_start": 1585586696.8580189, "device_end": 1585586696.8588257}, "cmdq": 1, "read": {"device_start": 1585586696.8588333, "device_end": 1585586696.858857}}, "FFC_sans_bias9": {"write": {"device_start": -1, "host_queued_start": 1585586762.279141, "device_queued": -1, "device_end": -1, "host_queued_end": 1585586762.297076}, "device": "cpu", "nd_range": {"device_start": 2254536.499240134, "device_end": 2254536.5032002022}, "cmdq": 0, "read": {"device_start": -1, "device_end": -1}}, "coalesced_transpose39": {"write": {"device_start": -1, "host_queued_start": 1585586762.263944, "device_queued": -1, "device_end": -1, "host_queued_end": 1585586762.270391}, "device": "gpu", "nd_range": {"device_start": 1585586696.854034, "device_end": 1585586696.8543577}, "cmdq": 0, "read": {"device_start": -1, "device_end": -1}}, "FFC_sans_bias55": {"write": {"device_start": 1585586696.853646, "host_queued_start": 1585586762.263611, "device_queued": 1585586696.8506758, "device_end": 1585586696.8536777, "host_queued_end": 1585586762.270391}, "device": "gpu", "nd_range": {"device_start": 1585586696.853682, "device_end": 1585586696.8544762}, "cmdq": 1, "read": {"device_start": -1, "device_end": -1}}, "FFC_sans_bias54": {"write": {"device_start": 1585586696.8531575, "host_queued_start": 1585586762.262544, "device_queued": 1585586696.8506234, "device_end": 1585586696.8531907, "host_queued_end": 1585586762.270391}, "device": "gpu", "nd_range": {"device_start": 1585586696.8531942, "device_end": 1585586696.8540328}, "cmdq": 0, "read": {"device_start": -1, "device_end": -1}}, "FFC_sans_bias56": {"write": {"device_start": 1585586696.8526883, "host_queued_start": 1585586762.261512, "device_queued": 1585586696.8504572, "device_end": 1585586696.8527203, "host_queued_end": 1585586762.270391}, "device": "gpu", "nd_range": {"device_start": 1585586696.8527253, "device_end": 1585586696.8535168}, "cmdq": 1, "read": {"device_start": -1, "device_end": -1}}, "FFC_sans_bias51": {"write": {"device_start": -1, "host_queued_start": 1585586762.266878, "device_queued": -1, "device_end": -1, "host_queued_end": 1585586762.270391}, "device": "gpu", "nd_range": {"device_start": 1585586696.8563628, "device_end": 1585586696.8572848}, "cmdq": 0, "read": {"device_start": -1, "device_end": -1}}, "softmax23": {"write": {"device_start": -1, "host_queued_start": 1585586762.291326, "device_queued": -1, "device_end": -1, "host_queued_end": 1585586762.297076}, "device": "cpu", "nd_range": {"device_start": 2254536.559659499, "device_end": 2254536.559751049}, "cmdq": 0, "read": {"device_start": -1, "device_end": -1}}, "FFC_sans_bias37": {"write": {"device_start": 1585586696.8501437, "host_queued_start": 1585586762.256294, "device_queued": 1585586696.8500242, "device_end": 1585586696.8501756, "host_queued_end": 1585586762.270391}, "device": "gpu", "nd_range": {"device_start": 1585586696.8501782, "device_end": 1585586696.851042}, "cmdq": 0, "read": {"device_start": -1, "device_end": -1}}, "empty62": {"write": {"device_start": 1585586696.849906, "host_queued_start": 1585586762.254202, "device_queued": 1585586696.8497353, "device_end": 1585586696.8499825, "host_queued_end": 1585586762.270391}, "device": "gpu", "nd_range": {"device_start": 1585586696.8499913, "device_end": 1585586696.8499956}, "cmdq": 0, "read": {"device_start": -1, "device_end": -1}}, "FFC_sans_bias58": {"write": {"device_start": -1, "host_queued_start": 1585586762.265478, "device_queued": -1, "device_end": -1, "host_queued_end": 1585586762.270391}, "device": "gpu", "nd_range": {"device_start": 1585586696.855102, "device_end": 1585586696.8560727}, "cmdq": 1, "read": {"device_start": -1, "device_end": -1}}, "softmax41": {"write": {"device_start": -1, "host_queued_start": 1585586762.265731, "device_queued": -1, "device_end": -1, "host_queued_end": 1585586762.270391}, "device": "gpu", "nd_range": {"device_start": 1585586696.8555105, "device_end": 1585586696.8561256}, "cmdq": 0, "read": {"device_start": -1, "device_end": -1}}, "FFC_sans_bias11": {"write": {"device_start": -1, "host_queued_start": 1585586762.28142, "device_queued": -1, "device_end": -1, "host_queued_end": 1585586762.297076}, "device": "cpu", "nd_range": {"device_start": 2254536.508151905, "device_end": 2254536.512585951}, "cmdq": 0, "read": {"device_start": -1, "device_end": -1}}, "FFC_sans_bias10": {"write": {"device_start": -1, "host_queued_start": 1585586762.280304, "device_queued": -1, "device_end": -1, "host_queued_end": 1585586762.297076}, "device": "cpu", "nd_range": {"device_start": 2254536.503205969, "device_end": 2254536.508146836}, "cmdq": 0, "read": {"device_start": -1, "device_end": -1}}, "coalesced_transpose3": {"write": {"device_start": -1, "host_queued_start": 1585586762.288153, "device_queued": -1, "device_end": -1, "host_queued_end": 1585586762.297076}, "device": "cpu", "nd_range": {"device_start": 2254536.539999592, "device_end": 2254536.540142396}, "cmdq": 0, "read": {"device_start": -1, "device_end": -1}}, "FFC_sans_bias34": {"write": {"device_start": -1, "host_queued_start": 1585586762.29703, "device_queued": -1, "device_end": -1, "host_queued_end": 1585586762.297076}, "device": "cpu", "nd_range": {"device_start": 2254536.591716921, "device_end": 2254536.596223177}, "cmdq": 0, "read": {"device_start": -1, "device_end": -1}}, "FFC_sans_bias15": {"write": {"device_start": -1, "host_queued_start": 1585586762.292279, "device_queued": -1, "device_end": -1, "host_queued_end": 1585586762.297076}, "device": "cpu", "nd_range": {"device_start": 2254536.564288361, "device_end": 2254536.5693261833}, "cmdq": 0, "read": {"device_start": -1, "device_end": -1}}, "FFC_sans_bias31": {"write": {"device_start": -1, "host_queued_start": 1585586762.290497, "device_queued": -1, "device_end": -1, "host_queued_end": 1585586762.297076}, "device": "cpu", "nd_range": {"device_start": 2254536.5545437844, "device_end": 2254536.5591549734}, "cmdq": 0, "read": {"device_start": -1, "device_end": -1}}, "FFC_sans_bias16": {"write": {"device_start": -1, "host_queued_start": 1585586762.294996, "device_queued": -1, "device_end": -1, "host_queued_end": 1585586762.297076}, "device": "cpu", "nd_range": {"device_start": 2254536.582577918, "device_end": 2254536.587217661}, "cmdq": 0, "read": {"device_start": -1, "device_end": -1}}, "FFC_sans_bias19": {"write": {"device_start": -1, "host_queued_start": 1585586762.283511, "device_queued": -1, "device_end": -1, "host_queued_end": 1585586762.297076}, "device": "cpu", "nd_range": {"device_start": 2254536.5171412784, "device_end": 2254536.521770962}, "cmdq": 0, "read": {"device_start": -1, "device_end": -1}}, "FFC_sans_bias18": {"write": {"device_start": -1, "host_queued_start": 1585586762.282464, "device_queued": -1, "device_end": -1, "host_queued_end": 1585586762.297076}, "device": "cpu", "nd_range": {"device_start": 2254536.51259012, "device_end": 2254536.5171361803}, "cmdq": 0, "read": {"device_start": -1, "device_end": -1}}, "coalesced_transpose30": {"write": {"device_start": -1, "host_queued_start": 1585586762.289143, "device_queued": -1, "device_end": -1, "host_queued_end": 1585586762.297076}, "device": "cpu", "nd_range": {"device_start": 2254536.540787044, "device_end": 2254536.540905808}, "cmdq": 0, "read": {"device_start": -1, "device_end": -1}}, "FFC_sans_bias38": {"write": {"device_start": 1585586696.8507488, "host_queued_start": 1585586762.257342, "device_queued": 1585586696.850073, "device_end": 1585586696.850779, "host_queued_end": 1585586762.270391}, "device": "gpu", "nd_range": {"device_start": 1585586696.8507814, "device_end": 1585586696.8515952}, "cmdq": 1, "read": {"device_start": -1, "device_end": -1}}, "coalesced_transpose57": {"write": {"device_start": -1, "host_queued_start": 1585586762.264541, "device_queued": -1, "device_end": -1, "host_queued_end": 1585586762.270391}, "device": "gpu", "nd_range": {"device_start": 1585586696.8544855, "device_end": 1585586696.8544977}, "cmdq": 0, "read": {"device_start": -1, "device_end": -1}}, "empty26": {"write": {"device_start": -1, "host_queued_start": 1585586762.273893, "device_queued": -1, "device_end": -1, "host_queued_end": 1585586762.297076}, "device": "cpu", "nd_range": {"device_start": 2254536.486710667, "device_end": 2254536.486711305}, "cmdq": 0, "read": {"device_start": -1, "device_end": -1}}, "coalesced_transpose12": {"write": {"device_start": -1, "host_queued_start": 1585586762.288482, "device_queued": -1, "device_end": -1, "host_queued_end": 1585586762.297076}, "device": "cpu", "nd_range": {"device_start": 2254536.540285541, "device_end": 2254536.540410086}, "cmdq": 0, "read": {"device_start": -1, "device_end": -1}}, "empty44": {"write": {"device_start": 1585586696.8496792, "host_queued_start": 1585586762.252087, "device_queued": 1585586696.8495433, "device_end": 1585586696.849727, "host_queued_end": 1585586762.270391}, "device": "gpu", "nd_range": {"device_start": 1585586696.8497324, "device_end": 1585586696.84974}, "cmdq": 0, "read": {"device_start": -1, "device_end": -1}}, "coalesced_transpose21": {"write": {"device_start": -1, "host_queued_start": 1585586762.28881, "device_queued": -1, "device_end": -1, "host_queued_end": 1585586762.297076}, "device": "cpu", "nd_range": {"device_start": 2254536.540542356, "device_end": 2254536.540662771}, "cmdq": 0, "read": {"device_start": -1, "device_end": -1}}, "FFC_sans_bias36": {"write": {"device_start": 1585586696.8499994, "host_queued_start": 1585586762.255218, "device_queued": 1585586696.8497784, "device_end": 1585586696.8500252, "host_queued_end": 1585586762.270391}, "device": "gpu", "nd_range": {"device_start": 1585586696.8500345, "device_end": 1585586696.8506217}, "cmdq": 1, "read": {"device_start": -1, "device_end": -1}}, "softmax14": {"write": {"device_start": -1, "host_queued_start": 1585586762.291052, "device_queued": -1, "device_end": -1, "host_queued_end": 1585586762.297076}, "device": "cpu", "nd_range": {"device_start": 2254536.559451938, "device_end": 2254536.5595435114}, "cmdq": 0, "read": {"device_start": -1, "device_end": -1}}, "FFC_sans_bias13": {"write": {"device_start": -1, "host_queued_start": 1585586762.289819, "device_queued": -1, "device_end": -1, "host_queued_end": 1585586762.297076}, "device": "cpu", "nd_range": {"device_start": 2254536.5451928983, "device_end": 2254536.5501896613}, "cmdq": 0, "read": {"device_start": -1, "device_end": -1}}, "empty8": {"write": {"device_start": -1, "host_queued_start": 1585586762.271775, "device_queued": -1, "device_end": -1, "host_queued_end": 1585586762.297076}, "device": "cpu", "nd_range": {"device_start": 2254536.486671872, "device_end": 2254536.486685169}, "cmdq": 0, "read": {"device_start": -1, "device_end": -1}}, "FFC_sans_bias42": {"write": {"device_start": -1, "host_queued_start": 1585586762.266529, "device_queued": -1, "device_end": -1, "host_queued_end": 1585586762.270391}, "device": "gpu", "nd_range": {"device_start": 1585586696.85628, "device_end": 1585586696.856882}, "cmdq": 1, "read": {"device_start": -1, "device_end": -1}}, "FFC_sans_bias43": {"write": {"device_start": 1585586696.8574266, "host_queued_start": 1585586762.2682, "device_queued": 1585586696.8514304, "device_end": 1585586696.8574595, "host_queued_end": 1585586762.270391}, "device": "gpu", "nd_range": {"device_start": 1585586696.857466, "device_end": 1585586696.8582833}, "cmdq": 0, "read": {"device_start": 1585586696.8582866, "device_end": 1585586696.858312}}, "FFC_sans_bias40": {"write": {"device_start": -1, "host_queued_start": 1585586762.264849, "device_queued": -1, "device_end": -1, "host_queued_end": 1585586762.270391}, "device": "gpu", "nd_range": {"device_start": 1585586696.8544948, "device_end": 1585586696.8550968}, "cmdq": 1, "read": {"device_start": -1, "device_end": -1}}, "softmax32": {"write": {"device_start": -1, "host_queued_start": 1585586762.291596, "device_queued": -1, "device_end": -1, "host_queued_end": 1585586762.297076}, "device": "cpu", "nd_range": {"device_start": 2254536.5598555133, "device_end": 2254536.559969395}, "cmdq": 0, "read": {"device_start": -1, "device_end": -1}}, "FFC_sans_bias47": {"write": {"device_start": 1585586696.8521683, "host_queued_start": 1585586762.260478, "device_queued": 1585586696.8504171, "device_end": 1585586696.852202, "host_queued_end": 1585586762.270391}, "device": "gpu", "nd_range": {"device_start": 1585586696.8522084, "device_end": 1585586696.8530428}, "cmdq": 0, "read": {"device_start": -1, "device_end": -1}}, "FFC_sans_bias45": {"write": {"device_start": 1585586696.8511796, "host_queued_start": 1585586762.258385, "device_queued": 1585586696.8502243, "device_end": 1585586696.851211, "host_queued_end": 1585586762.270391}, "device": "gpu", "nd_range": {"device_start": 1585586696.8512166, "device_end": 1585586696.852043}, "cmdq": 0, "read": {"device_start": -1, "device_end": -1}}, "softmax50": {"write": {"device_start": -1, "host_queued_start": 1585586762.265976, "device_queued": -1, "device_end": -1, "host_queued_end": 1585586762.270391}, "device": "gpu", "nd_range": {"device_start": 1585586696.856077, "device_end": 1585586696.8562758}, "cmdq": 1, "read": {"device_start": -1, "device_end": -1}}, "FFC_sans_bias33": {"write": {"device_start": -1, "host_queued_start": 1585586762.292954, "device_queued": -1, "device_end": -1, "host_queued_end": 1585586762.297076}, "device": "cpu", "nd_range": {"device_start": 2254536.5736497273, "device_end": 2254536.5781745072}, "cmdq": 0, "read": {"device_start": -1, "device_end": -1}}, "FFC_sans_bias49": {"write": {"device_start": -1, "host_queued_start": 1585586762.26516, "device_queued": -1, "device_end": -1, "host_queued_end": 1585586762.270391}, "device": "gpu", "nd_range": {"device_start": 1585586696.8545027, "device_end": 1585586696.8555052}, "cmdq": 0, "read": {"device_start": -1, "device_end": -1}}, "FFC_sans_bias24": {"write": {"device_start": -1, "host_queued_start": 1585586762.29262, "device_queued": -1, "device_end": -1, "host_queued_end": 1585586762.297076}, "device": "cpu", "nd_range": {"device_start": 2254536.569331653, "device_end": 2254536.573643992}, "cmdq": 0, "read": {"device_start": -1, "device_end": -1}}, "FFC_sans_bias25": {"write": {"device_start": -1, "host_queued_start": 1585586762.296023, "device_queued": -1, "device_end": -1, "host_queued_end": 1585586762.297076}, "device": "cpu", "nd_range": {"device_start": 2254536.5872202762, "device_end": 2254536.5917143533}, "cmdq": 0, "read": {"device_start": -1, "device_end": -1}}, "FFC_sans_bias27": {"write": {"device_start": -1, "host_queued_start": 1585586762.285612, "device_queued": -1, "device_end": -1, "host_queued_end": 1585586762.297076}, "device": "cpu", "nd_range": {"device_start": 2254536.52652845, "device_end": 2254536.530993035}, "cmdq": 0, "read": {"device_start": -1, "device_end": -1}}, "FFC_sans_bias20": {"write": {"device_start": -1, "host_queued_start": 1585586762.284567, "device_queued": -1, "device_end": -1, "host_queued_end": 1585586762.297076}, "device": "cpu", "nd_range": {"device_start": 2254536.5217760312, "device_end": 2254536.526523439}, "cmdq": 0, "read": {"device_start": -1, "device_end": -1}}, "FFC_sans_bias22": {"write": {"device_start": -1, "host_queued_start": 1585586762.290158, "device_queued": -1, "device_end": -1, "host_queued_end": 1585586762.297076}, "device": "cpu", "nd_range": {"device_start": 2254536.550194587, "device_end": 2254536.55453873}, "cmdq": 0, "read": {"device_start": -1, "device_end": -1}}, "softmax5": {"write": {"device_start": -1, "host_queued_start": 1585586762.290779, "device_queued": -1, "device_end": -1, "host_queued_end": 1585586762.297076}, "device": "cpu", "nd_range": {"device_start": 2254536.559160015, "device_end": 2254536.55933013}, "cmdq": 0, "read": {"device_start": -1, "device_end": -1}}, "FFC_sans_bias28": {"write": {"device_start": -1, "host_queued_start": 1585586762.286773, "device_queued": -1, "device_end": -1, "host_queued_end": 1585586762.297076}, "device": "cpu", "nd_range": {"device_start": 2254536.530998215, "device_end": 2254536.5354513493}, "cmdq": 0, "read": {"device_start": -1, "device_end": -1}}, "FFC_sans_bias29": {"write": {"device_start": -1, "host_queued_start": 1585586762.287821, "device_queued": -1, "device_end": -1, "host_queued_end": 1585586762.297076}, "device": "cpu", "nd_range": {"device_start": 2254536.535456059, "device_end": 2254536.539994461}, "cmdq": 0, "read": {"device_start": -1, "device_end": -1}}, "empty17": {"write": {"device_start": -1, "host_queued_start": 1585586762.272919, "device_queued": -1, "device_end": -1, "host_queued_end": 1585586762.297076}, "device": "cpu", "nd_range": {"device_start": 2254536.486704941, "device_end": 2254536.486705902}, "cmdq": 0, "read": {"device_start": -1, "device_end": -1}}, "softmax59": {"write": {"device_start": -1, "host_queued_start": 1585586762.266223, "device_queued": -1, "device_end": -1, "host_queued_end": 1585586762.270391}, "device": "gpu", "nd_range": {"device_start": 1585586696.8561301, "device_end": 1585586696.8563585}, "cmdq": 0, "read": {"device_start": -1, "device_end": -1}}, "empty35": {"write": {"device_start": -1, "host_queued_start": 1585586762.274853, "device_queued": -1, "device_end": -1, "host_queued_end": 1585586762.297076}, "device": "cpu", "nd_range": {"device_start": 2254536.4867164614, "device_end": 2254536.486716995}, "cmdq": 0, "read": {"device_start": -1, "device_end": -1}}, "empty53": {"write": {"device_start": 1585586696.8498032, "host_queued_start": 1585586762.253287, "device_queued": 1585586696.8496819, "device_end": 1585586696.8498669, "host_queued_end": 1585586762.270391}, "device": "gpu", "nd_range": {"device_start": 1585586696.8498719, "device_end": 1585586696.8498762}, "cmdq": 1, "read": {"device_start": -1, "device_end": -1}}, "FFC_sans_bias46": {"write": {"device_start": 1585586696.8517473, "host_queued_start": 1585586762.259441, "device_queued": 1585586696.8502655, "device_end": 1585586696.8517802, "host_queued_end": 1585586762.270391}, "device": "gpu", "nd_range": {"device_start": 1585586696.851783, "device_end": 1585586696.852558}, "cmdq": 1, "read": {"device_start": -1, "device_end": -1}}, "coalesced_transpose48": {"write": {"device_start": -1, "host_queued_start": 1585586762.264245, "device_queued": -1, "device_end": -1, "host_queued_end": 1585586762.270391}, "device": "gpu", "nd_range": {"device_start": 1585586696.8544776, "device_end": 1585586696.8544886}, "cmdq": 1, "read": {"device_start": -1, "device_end": -1}}}