{"FFC_sans_bias60": {"write": {"device_start": -1, "host_queued_start": 1585587181.576987, "device_queued": -1, "device_end": -1, "host_queued_end": 1585587181.580228}, "device": "gpu", "nd_range": {"device_start": 1585587116.1551332, "device_end": 1585587116.156314}, "cmdq": 3, "read": {"device_start": -1, "device_end": -1}}, "FFC_sans_bias4": {"write": {"device_start": -1, "host_queued_start": 1585587181.599211, "device_queued": -1, "device_end": -1, "host_queued_end": 1585587181.606774}, "device": "cpu", "nd_range": {"device_start": 2254955.8651844463, "device_end": 2254955.8751886752}, "cmdq": 0, "read": {"device_start": -1, "device_end": -1}}, "FFC_sans_bias7": {"write": {"device_start": -1, "host_queued_start": 1585587181.603758, "device_queued": -1, "device_end": -1, "host_queued_end": 1585587181.606774}, "device": "cpu", "nd_range": {"device_start": 2254955.883845317, "device_end": 2254955.891797496}, "cmdq": 2, "read": {"device_start": -1, "device_end": -1}}, "FFC_sans_bias6": {"write": {"device_start": -1, "host_queued_start": 1585587181.601658, "device_queued": -1, "device_end": -1, "host_queued_end": 1585587181.606774}, "device": "cpu", "nd_range": {"device_start": 2254955.875403826, "device_end": 2254955.883830869}, "cmdq": 3, "read": {"device_start": -1, "device_end": -1}}, "FFC_sans_bias1": {"write": {"device_start": -1, "host_queued_start": 1585587181.586657, "device_queued": -1, "device_end": -1, "host_queued_end": 1585587181.606774}, "device": "cpu", "nd_range": {"device_start": 2254955.796410623, "device_end": 2254955.8119586953}, "cmdq": 0, "read": {"device_start": -1, "device_end": -1}}, "FFC_sans_bias0": {"write": {"device_start": -1, "host_queued_start": 1585587181.585545, "device_queued": -1, "device_end": -1, "host_queued_end": 1585587181.606774}, "device": "cpu", "nd_range": {"device_start": 2254955.7964262483, "device_end": 2254955.8117900533}, "cmdq": 4, "read": {"device_start": -1, "device_end": -1}}, "FFC_sans_bias2": {"write": {"device_start": -1, "host_queued_start": 1585587181.58781, "device_queued": -1, "device_end": -1, "host_queued_end": 1585587181.606774}, "device": "cpu", "nd_range": {"device_start": 2254955.811808891, "device_end": 2254955.827120338}, "cmdq": 1, "read": {"device_start": -1, "device_end": -1}}, "FFC_sans_bias61": {"write": {"device_start": 1585587116.1554964, "host_queued_start": 1585587181.580128, "device_queued": 1585587116.1505919, "device_end": 1585587116.1555278, "host_queued_end": 1585587181.580228}, "device": "gpu", "nd_range": {"device_start": 1585587116.1563199, "device_end": 1585587116.1572738}, "cmdq": 1, "read": {"device_start": 1585587116.1572838, "device_end": 1585587116.157307}}, "FFC_sans_bias52": {"write": {"device_start": 1585587116.1551394, "host_queued_start": 1585587181.579076, "device_queued": 1585587116.1503208, "device_end": 1585587116.1551852, "host_queued_end": 1585587181.580228}, "device": "gpu", "nd_range": {"device_start": 1585587116.1557612, "device_end": 1585587116.1567543}, "cmdq": 0, "read": {"device_start": 1585587116.157875, "device_end": 1585587116.1578984}}, "FFC_sans_bias9": {"write": {"device_start": -1, "host_queued_start": 1585587181.588905, "device_queued": -1, "device_end": -1, "host_queued_end": 1585587181.606774}, "device": "cpu", "nd_range": {"device_start": 2254955.7963996963, "device_end": 2254955.812953865}, "cmdq": 2, "read": {"device_start": -1, "device_end": -1}}, "coalesced_transpose39": {"write": {"device_start": -1, "host_queued_start": 1585587181.573686, "device_queued": -1, "device_end": -1, "host_queued_end": 1585587181.580228}, "device": "gpu", "nd_range": {"device_start": 1585587116.1513014, "device_end": 1585587116.153079}, "cmdq": 2, "read": {"device_start": -1, "device_end": -1}}, "FFC_sans_bias55": {"write": {"device_start": 1585587116.1508572, "host_queued_start": 1585587181.573355, "device_queued": 1585587116.149407, "device_end": 1585587116.1508832, "host_queued_end": 1585587181.580228}, "device": "gpu", "nd_range": {"device_start": 1585587116.1508896, "device_end": 1585587116.1531906}, "cmdq": 1, "read": {"device_start": -1, "device_end": -1}}, "FFC_sans_bias54": {"write": {"device_start": 1585587116.1504126, "host_queued_start": 1585587181.572306, "device_queued": 1585587116.1493325, "device_end": 1585587116.1504436, "host_queued_end": 1585587181.580228}, "device": "gpu", "nd_range": {"device_start": 1585587116.1504486, "device_end": 1585587116.1527145}, "cmdq": 0, "read": {"device_start": -1, "device_end": -1}}, "FFC_sans_bias56": {"write": {"device_start": 1585587116.1498573, "host_queued_start": 1585587181.571279, "device_queued": 1585587116.1491, "device_end": 1585587116.1498866, "host_queued_end": 1585587181.580228}, "device": "gpu", "nd_range": {"device_start": 1585587116.14989, "device_end": 1585587116.1522212}, "cmdq": 4, "read": {"device_start": -1, "device_end": -1}}, "FFC_sans_bias51": {"write": {"device_start": -1, "host_queued_start": 1585587181.576673, "device_queued": -1, "device_end": -1, "host_queued_end": 1585587181.580228}, "device": "gpu", "nd_range": {"device_start": 1585587116.155129, "device_end": 1585587116.1557539}, "cmdq": 2, "read": {"device_start": -1, "device_end": -1}}, "softmax23": {"write": {"device_start": -1, "host_queued_start": 1585587181.601051, "device_queued": -1, "device_end": -1, "host_queued_end": 1585587181.606774}, "device": "cpu", "nd_range": {"device_start": 2254955.85614517, "device_end": 2254955.85637475}, "cmdq": 1, "read": {"device_start": -1, "device_end": -1}}, "FFC_sans_bias37": {"write": {"device_start": 1585587116.1487474, "host_queued_start": 1585587181.565987, "device_queued": 1585587116.1485758, "device_end": 1585587116.1488242, "host_queued_end": 1585587181.580228}, "device": "gpu", "nd_range": {"device_start": 1585587116.1488276, "device_end": 1585587116.1497524}, "cmdq": 4, "read": {"device_start": -1, "device_end": -1}}, "empty62": {"write": {"device_start": 1585587116.1485653, "host_queued_start": 1585587181.563909, "device_queued": 1585587116.1483445, "device_end": 1585587116.1486425, "host_queued_end": 1585587181.580228}, "device": "gpu", "nd_range": {"device_start": 1585587116.1486473, "device_end": 1585587116.1486516}, "cmdq": 2, "read": {"device_start": -1, "device_end": -1}}, "FFC_sans_bias58": {"write": {"device_start": -1, "host_queued_start": 1585587181.575302, "device_queued": -1, "device_end": -1, "host_queued_end": 1585587181.580228}, "device": "gpu", "nd_range": {"device_start": 1585587116.1540666, "device_end": 1585587116.1546702}, "cmdq": 2, "read": {"device_start": -1, "device_end": -1}}, "softmax41": {"write": {"device_start": -1, "host_queued_start": 1585587181.57555, "device_queued": -1, "device_end": -1, "host_queued_end": 1585587181.580228}, "device": "gpu", "nd_range": {"device_start": 1585587116.1540782, "device_end": 1585587116.1547213}, "cmdq": 3, "read": {"device_start": -1, "device_end": -1}}, "FFC_sans_bias11": {"write": {"device_start": -1, "host_queued_start": 1585587181.59112, "device_queued": -1, "device_end": -1, "host_queued_end": 1585587181.606774}, "device": "cpu", "nd_range": {"device_start": 2254955.827475014, "device_end": 2254955.839986375}, "cmdq": 4, "read": {"device_start": -1, "device_end": -1}}, "FFC_sans_bias10": {"write": {"device_start": -1, "host_queued_start": 1585587181.589997, "device_queued": -1, "device_end": -1, "host_queued_end": 1585587181.606774}, "device": "cpu", "nd_range": {"device_start": 2254955.796595658, "device_end": 2254955.811945265}, "cmdq": 3, "read": {"device_start": -1, "device_end": -1}}, "coalesced_transpose3": {"write": {"device_start": -1, "host_queued_start": 1585587181.597873, "device_queued": -1, "device_end": -1, "host_queued_end": 1585587181.606774}, "device": "cpu", "nd_range": {"device_start": 2254955.836639041, "device_end": 2254955.836902168}, "cmdq": 1, "read": {"device_start": -1, "device_end": -1}}, "FFC_sans_bias34": {"write": {"device_start": -1, "host_queued_start": 1585587181.606728, "device_queued": -1, "device_end": -1, "host_queued_end": 1585587181.606774}, "device": "cpu", "nd_range": {"device_start": 2254955.887109187, "device_end": 2254955.9016061462}, "cmdq": 0, "read": {"device_start": -1, "device_end": -1}}, "FFC_sans_bias15": {"write": {"device_start": -1, "host_queued_start": 1585587181.601996, "device_queued": -1, "device_end": -1, "host_queued_end": 1585587181.606774}, "device": "cpu", "nd_range": {"device_start": 2254955.8792419643, "device_end": 2254955.89481158}, "cmdq": 4, "read": {"device_start": -1, "device_end": -1}}, "FFC_sans_bias31": {"write": {"device_start": -1, "host_queued_start": 1585587181.600232, "device_queued": -1, "device_end": -1, "host_queued_end": 1585587181.606774}, "device": "cpu", "nd_range": {"device_start": 2254955.856380228, "device_end": 2254955.864214723}, "cmdq": 3, "read": {"device_start": -1, "device_end": -1}}, "FFC_sans_bias16": {"write": {"device_start": -1, "host_queued_start": 1585587181.604749, "device_queued": -1, "device_end": -1, "host_queued_end": 1585587181.606774}, "device": "cpu", "nd_range": {"device_start": 2254955.8957182583, "device_end": 2254955.904242134}, "cmdq": 3, "read": {"device_start": -1, "device_end": -1}}, "FFC_sans_bias19": {"write": {"device_start": -1, "host_queued_start": 1585587181.593343, "device_queued": -1, "device_end": -1, "host_queued_end": 1585587181.606774}, "device": "cpu", "nd_range": {"device_start": 2254955.8271290204, "device_end": 2254955.836630281}, "cmdq": 1, "read": {"device_start": -1, "device_end": -1}}, "FFC_sans_bias18": {"write": {"device_start": -1, "host_queued_start": 1585587181.592188, "device_queued": -1, "device_end": -1, "host_queued_end": 1585587181.606774}, "device": "cpu", "nd_range": {"device_start": 2254955.815522705, "device_end": 2254955.83920098}, "cmdq": 0, "read": {"device_start": -1, "device_end": -1}}, "coalesced_transpose30": {"write": {"device_start": -1, "host_queued_start": 1585587181.598872, "device_queued": -1, "device_end": -1, "host_queued_end": 1585587181.606774}, "device": "cpu", "nd_range": {"device_start": 2254955.855334924, "device_end": 2254955.8556968924}, "cmdq": 4, "read": {"device_start": -1, "device_end": -1}}, "FFC_sans_bias38": {"write": {"device_start": 1585587116.1488478, "host_queued_start": 1585587181.567094, "device_queued": 1585587116.1487389, "device_end": 1585587116.1488755, "host_queued_end": 1585587181.580228}, "device": "gpu", "nd_range": {"device_start": 1585587116.1489015, "device_end": 1585587116.1503386}, "cmdq": 0, "read": {"device_start": -1, "device_end": -1}}, "coalesced_transpose57": {"write": {"device_start": -1, "host_queued_start": 1585587181.574305, "device_queued": -1, "device_end": -1, "host_queued_end": 1585587181.580228}, "device": "gpu", "nd_range": {"device_start": 1585587116.1532097, "device_end": 1585587116.1540573}, "cmdq": 4, "read": {"device_start": -1, "device_end": -1}}, "empty26": {"write": {"device_start": -1, "host_queued_start": 1585587181.583736, "device_queued": -1, "device_end": -1, "host_queued_end": 1585587181.606774}, "device": "cpu", "nd_range": {"device_start": 2254955.7963675223, "device_end": 2254955.796378536}, "cmdq": 2, "read": {"device_start": -1, "device_end": -1}}, "coalesced_transpose12": {"write": {"device_start": -1, "host_queued_start": 1585587181.598204, "device_queued": -1, "device_end": -1, "host_queued_end": 1585587181.606774}, "device": "cpu", "nd_range": {"device_start": 2254955.8295197873, "device_end": 2254955.8297662563}, "cmdq": 2, "read": {"device_start": -1, "device_end": -1}}, "empty44": {"write": {"device_start": 1585587116.1483512, "host_queued_start": 1585587181.561758, "device_queued": 1585587116.1482265, "device_end": 1585587116.1483817, "host_queued_end": 1585587181.580228}, "device": "gpu", "nd_range": {"device_start": 1585587116.148389, "device_end": 1585587116.148394}, "cmdq": 0, "read": {"device_start": -1, "device_end": -1}}, "coalesced_transpose21": {"write": {"device_start": -1, "host_queued_start": 1585587181.598529, "device_queued": -1, "device_end": -1, "host_queued_end": 1585587181.606774}, "device": "cpu", "nd_range": {"device_start": 2254955.838530655, "device_end": 2254955.838765949}, "cmdq": 3, "read": {"device_start": -1, "device_end": -1}}, "FFC_sans_bias36": {"write": {"device_start": 1585587116.1486528, "host_queued_start": 1585587181.564913, "device_queued": 1585587116.1483653, "device_end": 1585587116.1487346, "host_queued_end": 1585587181.580228}, "device": "gpu", "nd_range": {"device_start": 1585587116.1487408, "device_end": 1585587116.1493466}, "cmdq": 3, "read": {"device_start": -1, "device_end": -1}}, "softmax14": {"write": {"device_start": -1, "host_queued_start": 1585587181.60078, "device_queued": -1, "device_end": -1, "host_queued_end": 1585587181.606774}, "device": "cpu", "nd_range": {"device_start": 2254955.875212511, "device_end": 2254955.8753505833}, "cmdq": 0, "read": {"device_start": -1, "device_end": -1}}, "FFC_sans_bias13": {"write": {"device_start": -1, "host_queued_start": 1585587181.59955, "device_queued": -1, "device_end": -1, "host_queued_end": 1585587181.606774}, "device": "cpu", "nd_range": {"device_start": 2254955.837033754, "device_end": 2254955.852315274}, "cmdq": 1, "read": {"device_start": -1, "device_end": -1}}, "empty8": {"write": {"device_start": -1, "host_queued_start": 1585587181.581709, "device_queued": -1, "device_end": -1, "host_queued_end": 1585587181.606774}, "device": "cpu", "nd_range": {"device_start": 2254955.796397222, "device_end": 2254955.796398398}, "cmdq": 0, "read": {"device_start": -1, "device_end": -1}}, "FFC_sans_bias42": {"write": {"device_start": -1, "host_queued_start": 1585587181.576358, "device_queued": -1, "device_end": -1, "host_queued_end": 1585587181.580228}, "device": "gpu", "nd_range": {"device_start": 1585587116.154732, "device_end": 1585587116.1553395}, "cmdq": 1, "read": {"device_start": -1, "device_end": -1}}, "FFC_sans_bias43": {"write": {"device_start": 1585587116.1552508, "host_queued_start": 1585587181.577994, "device_queued": 1585587116.150254, "device_end": 1585587116.155283, "host_queued_end": 1585587181.580228}, "device": "gpu", "nd_range": {"device_start": 1585587116.1563256, "device_end": 1585587116.157717}, "cmdq": 4, "read": {"device_start": 1585587116.157723, "device_end": 1585587116.1577466}}, "FFC_sans_bias40": {"write": {"device_start": -1, "host_queued_start": 1585587181.574676, "device_queued": -1, "device_end": -1, "host_queued_end": 1585587181.580228}, "device": "gpu", "nd_range": {"device_start": 1585587116.1530914, "device_end": 1585587116.1536975}, "cmdq": 0, "read": {"device_start": -1, "device_end": -1}}, "softmax32": {"write": {"device_start": -1, "host_queued_start": 1585587181.60132, "device_queued": -1, "device_end": -1, "host_queued_end": 1585587181.606774}, "device": "cpu", "nd_range": {"device_start": 2254955.86422102, "device_end": 2254955.864453326}, "cmdq": 2, "read": {"device_start": -1, "device_end": -1}}, "FFC_sans_bias47": {"write": {"device_start": 1585587116.1494157, "host_queued_start": 1585587181.570197, "device_queued": 1585587116.1489522, "device_end": 1585587116.1494474, "host_queued_end": 1585587181.580228}, "device": "gpu", "nd_range": {"device_start": 1585587116.1494524, "device_end": 1585587116.1517353}, "cmdq": 3, "read": {"device_start": -1, "device_end": -1}}, "FFC_sans_bias45": {"write": {"device_start": 1585587116.1490028, "host_queued_start": 1585587181.568125, "device_queued": 1585587116.1489093, "device_end": 1585587116.1490693, "host_queued_end": 1585587181.580228}, "device": "gpu", "nd_range": {"device_start": 1585587116.1491706, "device_end": 1585587116.1507437}, "cmdq": 1, "read": {"device_start": -1, "device_end": -1}}, "softmax50": {"write": {"device_start": -1, "host_queued_start": 1585587181.575797, "device_queued": -1, "device_end": -1, "host_queued_end": 1585587181.580228}, "device": "gpu", "nd_range": {"device_start": 1585587116.154725, "device_end": 1585587116.1551116}, "cmdq": 4, "read": {"device_start": -1, "device_end": -1}}, "FFC_sans_bias33": {"write": {"device_start": -1, "host_queued_start": 1585587181.602699, "device_queued": -1, "device_end": -1, "host_queued_end": 1585587181.606774}, "device": "cpu", "nd_range": {"device_start": 2254955.864470934, "device_end": 2254955.8725466663}, "cmdq": 1, "read": {"device_start": -1, "device_end": -1}}, "FFC_sans_bias49": {"write": {"device_start": -1, "host_queued_start": 1585587181.57499, "device_queued": -1, "device_end": -1, "host_queued_end": 1585587181.580228}, "device": "gpu", "nd_range": {"device_start": 1585587116.1531966, "device_end": 1585587116.1541343}, "cmdq": 1, "read": {"device_start": -1, "device_end": -1}}, "FFC_sans_bias24": {"write": {"device_start": -1, "host_queued_start": 1585587181.602335, "device_queued": -1, "device_end": -1, "host_queued_end": 1585587181.606774}, "device": "cpu", "nd_range": {"device_start": 2254955.87550356, "device_end": 2254955.887098929}, "cmdq": 0, "read": {"device_start": -1, "device_end": -1}}, "FFC_sans_bias25": {"write": {"device_start": -1, "host_queued_start": 1585587181.605738, "device_queued": -1, "device_end": -1, "host_queued_end": 1585587181.606774}, "device": "cpu", "nd_range": {"device_start": 2254955.894931255, "device_end": 2254955.9049563752}, "cmdq": 4, "read": {"device_start": -1, "device_end": -1}}, "FFC_sans_bias27": {"write": {"device_start": -1, "host_queued_start": 1585587181.595448, "device_queued": -1, "device_end": -1, "host_queued_end": 1585587181.606774}, "device": "cpu", "nd_range": {"device_start": 2254955.812105553, "device_end": 2254955.827354155}, "cmdq": 3, "read": {"device_start": -1, "device_end": -1}}, "FFC_sans_bias20": {"write": {"device_start": -1, "host_queued_start": 1585587181.594404, "device_queued": -1, "device_end": -1, "host_queued_end": 1585587181.606774}, "device": "cpu", "nd_range": {"device_start": 2254955.81306982, "device_end": 2254955.8294081204}, "cmdq": 2, "read": {"device_start": -1, "device_end": -1}}, "FFC_sans_bias22": {"write": {"device_start": -1, "host_queued_start": 1585587181.599894, "device_queued": -1, "device_end": -1, "host_queued_end": 1585587181.606774}, "device": "cpu", "nd_range": {"device_start": 2254955.8388789743, "device_end": 2254955.856134282}, "cmdq": 2, "read": {"device_start": -1, "device_end": -1}}, "softmax5": {"write": {"device_start": -1, "host_queued_start": 1585587181.600507, "device_queued": -1, "device_end": -1, "host_queued_end": 1585587181.606774}, "device": "cpu", "nd_range": {"device_start": 2254955.875232608, "device_end": 2254955.875372978}, "cmdq": 4, "read": {"device_start": -1, "device_end": -1}}, "FFC_sans_bias28": {"write": {"device_start": -1, "host_queued_start": 1585587181.59649, "device_queued": -1, "device_end": -1, "host_queued_end": 1585587181.606774}, "device": "cpu", "nd_range": {"device_start": 2254955.839997398, "device_end": 2254955.855207736}, "cmdq": 4, "read": {"device_start": -1, "device_end": -1}}, "FFC_sans_bias29": {"write": {"device_start": -1, "host_queued_start": 1585587181.597542, "device_queued": -1, "device_end": -1, "host_queued_end": 1585587181.606774}, "device": "cpu", "nd_range": {"device_start": 2254955.8392100562, "device_end": 2254955.865177486}, "cmdq": 0, "read": {"device_start": -1, "device_end": -1}}, "empty17": {"write": {"device_start": -1, "host_queued_start": 1585587181.582755, "device_queued": -1, "device_end": -1, "host_queued_end": 1585587181.606774}, "device": "cpu", "nd_range": {"device_start": 2254955.79636737, "device_end": 2254955.796378584}, "cmdq": 1, "read": {"device_start": -1, "device_end": -1}}, "softmax59": {"write": {"device_start": -1, "host_queued_start": 1585587181.576039, "device_queued": -1, "device_end": -1, "host_queued_end": 1585587181.580228}, "device": "gpu", "nd_range": {"device_start": 1585587116.1546783, "device_end": 1585587116.1549902}, "cmdq": 0, "read": {"device_start": -1, "device_end": -1}}, "empty35": {"write": {"device_start": -1, "host_queued_start": 1585587181.584565, "device_queued": -1, "device_end": -1, "host_queued_end": 1585587181.606774}, "device": "cpu", "nd_range": {"device_start": 2254955.796565485, "device_end": 2254955.796568843}, "cmdq": 3, "read": {"device_start": -1, "device_end": -1}}, "empty53": {"write": {"device_start": 1585587116.1484678, "host_queued_start": 1585587181.563001, "device_queued": 1585587116.1483257, "device_end": 1585587116.1485453, "host_queued_end": 1585587181.580228}, "device": "gpu", "nd_range": {"device_start": 1585587116.1486363, "device_end": 1585587116.1486504}, "cmdq": 1, "read": {"device_start": -1, "device_end": -1}}, "FFC_sans_bias46": {"write": {"device_start": 1585587116.1490898, "host_queued_start": 1585587181.569166, "device_queued": 1585587116.148936, "device_end": 1585587116.1491141, "host_queued_end": 1585587181.580228}, "device": "gpu", "nd_range": {"device_start": 1585587116.149193, "device_end": 1585587116.1513002}, "cmdq": 2, "read": {"device_start": -1, "device_end": -1}}, "coalesced_transpose48": {"write": {"device_start": -1, "host_queued_start": 1585587181.573995, "device_queued": -1, "device_end": -1, "host_queued_end": 1585587181.580228}, "device": "gpu", "nd_range": {"device_start": 1585587116.1517398, "device_end": 1585587116.153098}, "cmdq": 3, "read": {"device_start": -1, "device_end": -1}}}