{"FFC_sans_bias60": {"write": {"device_start": -1, "host_queued_start": 1585586765.023649, "device_queued": -1, "device_end": -1, "host_queued_end": 1585586765.026009}, "device": "gpu", "nd_range": {"device_start": 1585586699.6103055, "device_end": 1585586699.6113262}, "cmdq": 1, "read": {"device_start": -1, "device_end": -1}}, "FFC_sans_bias4": {"write": {"device_start": -1, "host_queued_start": 1585586765.049332, "device_queued": -1, "device_end": -1, "host_queued_end": 1585586765.058926}, "device": "cpu", "nd_range": {"device_start": 2254539.3161884053, "device_end": 2254539.322396928}, "cmdq": 0, "read": {"device_start": -1, "device_end": -1}}, "FFC_sans_bias7": {"write": {"device_start": -1, "host_queued_start": 1585586765.054846, "device_queued": -1, "device_end": -1, "host_queued_end": 1585586765.058926}, "device": "cpu", "nd_range": {"device_start": 2254539.3663978023, "device_end": 2254539.370859037}, "cmdq": 0, "read": {"device_start": -1, "device_end": -1}}, "FFC_sans_bias6": {"write": {"device_start": -1, "host_queued_start": 1585586765.05241, "device_queued": -1, "device_end": -1, "host_queued_end": 1585586765.058926}, "device": "cpu", "nd_range": {"device_start": 2254539.343406342, "device_end": 2254539.3475288423}, "cmdq": 0, "read": {"device_start": -1, "device_end": -1}}, "FFC_sans_bias1": {"write": {"device_start": -1, "host_queued_start": 1585586765.033154, "device_queued": -1, "device_end": -1, "host_queued_end": 1585586765.058926}, "device": "cpu", "nd_range": {"device_start": 2254539.2528669382, "device_end": 2254539.256740544}, "cmdq": 0, "read": {"device_start": -1, "device_end": -1}}, "FFC_sans_bias0": {"write": {"device_start": -1, "host_queued_start": 1585586765.032013, "device_queued": -1, "device_end": -1, "host_queued_end": 1585586765.058926}, "device": "cpu", "nd_range": {"device_start": 2254539.248587721, "device_end": 2254539.252741765}, "cmdq": 0, "read": {"device_start": -1, "device_end": -1}}, "FFC_sans_bias2": {"write": {"device_start": -1, "host_queued_start": 1585586765.034318, "device_queued": -1, "device_end": -1, "host_queued_end": 1585586765.058926}, "device": "cpu", "nd_range": {"device_start": 2254539.256882414, "device_end": 2254539.260756698}, "cmdq": 0, "read": {"device_start": -1, "device_end": -1}}, "FFC_sans_bias61": {"write": {"device_start": 1585586699.6114247, "host_queued_start": 1585586765.02589, "device_queued": 1585586699.6068563, "device_end": 1585586699.6114566, "host_queued_end": 1585586765.026009}, "device": "gpu", "nd_range": {"device_start": 1585586699.6114602, "device_end": 1585586699.6122153}, "cmdq": 1, "read": {"device_start": 1585586699.6122203, "device_end": 1585586699.6122434}}, "FFC_sans_bias52": {"write": {"device_start": 1585586699.6110184, "host_queued_start": 1585586765.024738, "device_queued": 1585586699.6066966, "device_end": 1585586699.6110432, "host_queued_end": 1585586765.026009}, "device": "gpu", "nd_range": {"device_start": 1585586699.611053, "device_end": 1585586699.6117253}, "cmdq": 0, "read": {"device_start": 1585586699.6117353, "device_end": 1585586699.611759}}, "FFC_sans_bias9": {"write": {"device_start": -1, "host_queued_start": 1585586765.035423, "device_queued": -1, "device_end": -1, "host_queued_end": 1585586765.058926}, "device": "cpu", "nd_range": {"device_start": 2254539.2608769774, "device_end": 2254539.264732071}, "cmdq": 0, "read": {"device_start": -1, "device_end": -1}}, "coalesced_transpose39": {"write": {"device_start": -1, "host_queued_start": 1585586765.048988, "device_queued": -1, "device_end": -1, "host_queued_end": 1585586765.058926}, "device": "cpu", "nd_range": {"device_start": 2254539.315986641, "device_end": 2254539.316082097}, "cmdq": 0, "read": {"device_start": -1, "device_end": -1}}, "FFC_sans_bias55": {"write": {"device_start": 1585586699.6078582, "host_queued_start": 1585586765.020979, "device_queued": 1585586699.6061916, "device_end": 1585586699.6078913, "host_queued_end": 1585586765.026009}, "device": "gpu", "nd_range": {"device_start": 1585586699.6078954, "device_end": 1585586699.608854}, "cmdq": 1, "read": {"device_start": -1, "device_end": -1}}, "FFC_sans_bias54": {"write": {"device_start": 1585586699.6074438, "host_queued_start": 1585586765.019671, "device_queued": 1585586699.606018, "device_end": 1585586699.6074765, "host_queued_end": 1585586765.026009}, "device": "gpu", "nd_range": {"device_start": 1585586699.6074798, "device_end": 1585586699.6084597}, "cmdq": 0, "read": {"device_start": -1, "device_end": -1}}, "FFC_sans_bias56": {"write": {"device_start": 1585586699.6067486, "host_queued_start": 1585586765.018468, "device_queued": 1585586699.6059716, "device_end": 1585586699.6067712, "host_queued_end": 1585586765.026009}, "device": "gpu", "nd_range": {"device_start": 1585586699.606941, "device_end": 1585586699.6077602}, "cmdq": 1, "read": {"device_start": -1, "device_end": -1}}, "FFC_sans_bias51": {"write": {"device_start": -1, "host_queued_start": 1585586765.023312, "device_queued": -1, "device_end": -1, "host_queued_end": 1585586765.026009}, "device": "gpu", "nd_range": {"device_start": 1585586699.6100311, "device_end": 1585586699.6106296}, "cmdq": 0, "read": {"device_start": -1, "device_end": -1}}, "softmax23": {"write": {"device_start": -1, "host_queued_start": 1585586765.051528, "device_queued": -1, "device_end": -1, "host_queued_end": 1585586765.058926}, "device": "cpu", "nd_range": {"device_start": 2254539.3431158653, "device_end": 2254539.343206122}, "cmdq": 0, "read": {"device_start": -1, "device_end": -1}}, "FFC_sans_bias37": {"write": {"device_start": -1, "host_queued_start": 1585586765.046162, "device_queued": -1, "device_end": -1, "host_queued_end": 1585586765.058926}, "device": "cpu", "nd_range": {"device_start": 2254539.3064006213, "device_end": 2254539.310719437}, "cmdq": 0, "read": {"device_start": -1, "device_end": -1}}, "empty62": {"write": {"device_start": 1585586699.6055026, "host_queued_start": 1585586765.013848, "device_queued": 1585586699.605393, "device_end": 1585586699.605544, "host_queued_end": 1585586765.026009}, "device": "gpu", "nd_range": {"device_start": 1585586699.6056402, "device_end": 1585586699.6056457}, "cmdq": 1, "read": {"device_start": -1, "device_end": -1}}, "FFC_sans_bias58": {"write": {"device_start": -1, "host_queued_start": 1585586765.022404, "device_queued": -1, "device_end": -1, "host_queued_end": 1585586765.026009}, "device": "gpu", "nd_range": {"device_start": 1585586699.609258, "device_end": 1585586699.6099842}, "cmdq": 1, "read": {"device_start": -1, "device_end": -1}}, "softmax41": {"write": {"device_start": -1, "host_queued_start": 1585586765.052071, "device_queued": -1, "device_end": -1, "host_queued_end": 1585586765.058926}, "device": "cpu", "nd_range": {"device_start": 2254539.343299334, "device_end": 2254539.343400251}, "cmdq": 0, "read": {"device_start": -1, "device_end": -1}}, "FFC_sans_bias11": {"write": {"device_start": -1, "host_queued_start": 1585586765.037599, "device_queued": -1, "device_end": -1, "host_queued_end": 1585586765.058926}, "device": "cpu", "nd_range": {"device_start": 2254539.26989362, "device_end": 2254539.2743477263}, "cmdq": 0, "read": {"device_start": -1, "device_end": -1}}, "FFC_sans_bias10": {"write": {"device_start": -1, "host_queued_start": 1585586765.036519, "device_queued": -1, "device_end": -1, "host_queued_end": 1585586765.058926}, "device": "cpu", "nd_range": {"device_start": 2254539.264856723, "device_end": 2254539.269887621}, "cmdq": 0, "read": {"device_start": -1, "device_end": -1}}, "coalesced_transpose3": {"write": {"device_start": -1, "host_queued_start": 1585586765.047666, "device_queued": -1, "device_end": -1, "host_queued_end": 1585586765.058926}, "device": "cpu", "nd_range": {"device_start": 2254539.3150463933, "device_end": 2254539.3152132183}, "cmdq": 0, "read": {"device_start": -1, "device_end": -1}}, "FFC_sans_bias34": {"write": {"device_start": -1, "host_queued_start": 1585586765.057866, "device_queued": -1, "device_end": -1, "host_queued_end": 1585586765.058926}, "device": "cpu", "nd_range": {"device_start": 2254539.379786917, "device_end": 2254539.384311745}, "cmdq": 0, "read": {"device_start": -1, "device_end": -1}}, "FFC_sans_bias15": {"write": {"device_start": -1, "host_queued_start": 1585586765.052751, "device_queued": -1, "device_end": -1, "host_queued_end": 1585586765.058926}, "device": "cpu", "nd_range": {"device_start": 2254539.347534614, "device_end": 2254539.352094254}, "cmdq": 0, "read": {"device_start": -1, "device_end": -1}}, "FFC_sans_bias31": {"write": {"device_start": -1, "host_queued_start": 1585586765.050355, "device_queued": -1, "device_end": -1, "host_queued_end": 1585586765.058926}, "device": "cpu", "nd_range": {"device_start": 2254539.331224883, "device_end": 2254539.335921278}, "cmdq": 0, "read": {"device_start": -1, "device_end": -1}}, "FFC_sans_bias16": {"write": {"device_start": -1, "host_queued_start": 1585586765.055837, "device_queued": -1, "device_end": -1, "host_queued_end": 1585586765.058926}, "device": "cpu", "nd_range": {"device_start": 2254539.370862129, "device_end": 2254539.375406273}, "cmdq": 0, "read": {"device_start": -1, "device_end": -1}}, "FFC_sans_bias19": {"write": {"device_start": -1, "host_queued_start": 1585586765.039731, "device_queued": -1, "device_end": -1, "host_queued_end": 1585586765.058926}, "device": "cpu", "nd_range": {"device_start": 2254539.279007847, "device_end": 2254539.2832875974}, "cmdq": 0, "read": {"device_start": -1, "device_end": -1}}, "FFC_sans_bias18": {"write": {"device_start": -1, "host_queued_start": 1585586765.038667, "device_queued": -1, "device_end": -1, "host_queued_end": 1585586765.058926}, "device": "cpu", "nd_range": {"device_start": 2254539.2743535563, "device_end": 2254539.2790018353}, "cmdq": 0, "read": {"device_start": -1, "device_end": -1}}, "coalesced_transpose30": {"write": {"device_start": -1, "host_queued_start": 1585586765.048668, "device_queued": -1, "device_end": -1, "host_queued_end": 1585586765.058926}, "device": "cpu", "nd_range": {"device_start": 2254539.3157694703, "device_end": 2254539.315877288}, "cmdq": 0, "read": {"device_start": -1, "device_end": -1}}, "FFC_sans_bias38": {"write": {"device_start": -1, "host_queued_start": 1585586765.047325, "device_queued": -1, "device_end": -1, "host_queued_end": 1585586765.058926}, "device": "cpu", "nd_range": {"device_start": 2254539.310724143, "device_end": 2254539.315041384}, "cmdq": 0, "read": {"device_start": -1, "device_end": -1}}, "coalesced_transpose57": {"write": {"device_start": -1, "host_queued_start": 1585586765.02172, "device_queued": -1, "device_end": -1, "host_queued_end": 1585586765.026009}, "device": "gpu", "nd_range": {"device_start": 1585586699.6088552, "device_end": 1585586699.6092567}, "cmdq": 1, "read": {"device_start": -1, "device_end": -1}}, "empty26": {"write": {"device_start": -1, "host_queued_start": 1585586765.029362, "device_queued": -1, "device_end": -1, "host_queued_end": 1585586765.058926}, "device": "cpu", "nd_range": {"device_start": 2254539.248572796, "device_end": 2254539.2485735593}, "cmdq": 0, "read": {"device_start": -1, "device_end": -1}}, "coalesced_transpose12": {"write": {"device_start": -1, "host_queued_start": 1585586765.047999, "device_queued": -1, "device_end": -1, "host_queued_end": 1585586765.058926}, "device": "cpu", "nd_range": {"device_start": 2254539.3153493623, "device_end": 2254539.3154788073}, "cmdq": 0, "read": {"device_start": -1, "device_end": -1}}, "empty44": {"write": {"device_start": -1, "host_queued_start": 1585586765.031046, "device_queued": -1, "device_end": -1, "host_queued_end": 1585586765.058926}, "device": "cpu", "nd_range": {"device_start": 2254539.248583505, "device_end": 2254539.2485840353}, "cmdq": 0, "read": {"device_start": -1, "device_end": -1}}, "coalesced_transpose21": {"write": {"device_start": -1, "host_queued_start": 1585586765.048337, "device_queued": -1, "device_end": -1, "host_queued_end": 1585586765.058926}, "device": "cpu", "nd_range": {"device_start": 2254539.315484941, "device_end": 2254539.3156474573}, "cmdq": 0, "read": {"device_start": -1, "device_end": -1}}, "FFC_sans_bias36": {"write": {"device_start": -1, "host_queued_start": 1585586765.045098, "device_queued": -1, "device_end": -1, "host_queued_end": 1585586765.058926}, "device": "cpu", "nd_range": {"device_start": 2254539.3016035603, "device_end": 2254539.3063945402}, "cmdq": 0, "read": {"device_start": -1, "device_end": -1}}, "softmax14": {"write": {"device_start": -1, "host_queued_start": 1585586765.051257, "device_queued": -1, "device_end": -1, "host_queued_end": 1585586765.058926}, "device": "cpu", "nd_range": {"device_start": 2254539.34289811, "device_end": 2254539.342991331}, "cmdq": 0, "read": {"device_start": -1, "device_end": -1}}, "FFC_sans_bias13": {"write": {"device_start": -1, "host_queued_start": 1585586765.049673, "device_queued": -1, "device_end": -1, "host_queued_end": 1585586765.058926}, "device": "cpu", "nd_range": {"device_start": 2254539.322402535, "device_end": 2254539.326915807}, "cmdq": 0, "read": {"device_start": -1, "device_end": -1}}, "empty8": {"write": {"device_start": -1, "host_queued_start": 1585586765.027411, "device_queued": -1, "device_end": -1, "host_queued_end": 1585586765.058926}, "device": "cpu", "nd_range": {"device_start": 2254539.248532336, "device_end": 2254539.248545234}, "cmdq": 0, "read": {"device_start": -1, "device_end": -1}}, "FFC_sans_bias42": {"write": {"device_start": -1, "host_queued_start": 1585586765.053779, "device_queued": -1, "device_end": -1, "host_queued_end": 1585586765.058926}, "device": "cpu", "nd_range": {"device_start": 2254539.361176934, "device_end": 2254539.366392062}, "cmdq": 0, "read": {"device_start": -1, "device_end": -1}}, "FFC_sans_bias43": {"write": {"device_start": -1, "host_queued_start": 1585586765.058881, "device_queued": -1, "device_end": -1, "host_queued_end": 1585586765.058926}, "device": "cpu", "nd_range": {"device_start": 2254539.3843146833, "device_end": 2254539.388982105}, "cmdq": 0, "read": {"device_start": -1, "device_end": -1}}, "FFC_sans_bias40": {"write": {"device_start": -1, "host_queued_start": 1585586765.050702, "device_queued": -1, "device_end": -1, "host_queued_end": 1585586765.058926}, "device": "cpu", "nd_range": {"device_start": 2254539.3359263283, "device_end": 2254539.3426239453}, "cmdq": 0, "read": {"device_start": -1, "device_end": -1}}, "softmax32": {"write": {"device_start": -1, "host_queued_start": 1585586765.051802, "device_queued": -1, "device_end": -1, "host_queued_end": 1585586765.058926}, "device": "cpu", "nd_range": {"device_start": 2254539.343212175, "device_end": 2254539.343294797}, "cmdq": 0, "read": {"device_start": -1, "device_end": -1}}, "FFC_sans_bias47": {"write": {"device_start": 1585586699.60635, "host_queued_start": 1585586765.017298, "device_queued": 1585586699.6057954, "device_end": 1585586699.60638, "host_queued_end": 1585586765.026009}, "device": "gpu", "nd_range": {"device_start": 1585586699.6063821, "device_end": 1585586699.6073453}, "cmdq": 0, "read": {"device_start": -1, "device_end": -1}}, "FFC_sans_bias45": {"write": {"device_start": 1585586699.605589, "host_queued_start": 1585586765.01499, "device_queued": 1585586699.605465, "device_end": 1585586699.6056213, "host_queued_end": 1585586765.026009}, "device": "gpu", "nd_range": {"device_start": 1585586699.605643, "device_end": 1585586699.606247}, "cmdq": 0, "read": {"device_start": -1, "device_end": -1}}, "softmax50": {"write": {"device_start": -1, "host_queued_start": 1585586765.022713, "device_queued": -1, "device_end": -1, "host_queued_end": 1585586765.026009}, "device": "gpu", "nd_range": {"device_start": 1585586699.6095839, "device_end": 1585586699.6100302}, "cmdq": 0, "read": {"device_start": -1, "device_end": -1}}, "FFC_sans_bias33": {"write": {"device_start": -1, "host_queued_start": 1585586765.05344, "device_queued": -1, "device_end": -1, "host_queued_end": 1585586765.058926}, "device": "cpu", "nd_range": {"device_start": 2254539.356594, "device_end": 2254539.361172081}, "cmdq": 0, "read": {"device_start": -1, "device_end": -1}}, "FFC_sans_bias49": {"write": {"device_start": -1, "host_queued_start": 1585586765.022061, "device_queued": -1, "device_end": -1, "host_queued_end": 1585586765.026009}, "device": "gpu", "nd_range": {"device_start": 1585586699.6086917, "device_end": 1585586699.6095827}, "cmdq": 0, "read": {"device_start": -1, "device_end": -1}}, "FFC_sans_bias24": {"write": {"device_start": -1, "host_queued_start": 1585586765.053098, "device_queued": -1, "device_end": -1, "host_queued_end": 1585586765.058926}, "device": "cpu", "nd_range": {"device_start": 2254539.3520995732, "device_end": 2254539.35658856}, "cmdq": 0, "read": {"device_start": -1, "device_end": -1}}, "FFC_sans_bias25": {"write": {"device_start": -1, "host_queued_start": 1585586765.056845, "device_queued": -1, "device_end": -1, "host_queued_end": 1585586765.058926}, "device": "cpu", "nd_range": {"device_start": 2254539.3754088134, "device_end": 2254539.379784379}, "cmdq": 0, "read": {"device_start": -1, "device_end": -1}}, "FFC_sans_bias27": {"write": {"device_start": -1, "host_queued_start": 1585586765.041871, "device_queued": -1, "device_end": -1, "host_queued_end": 1585586765.058926}, "device": "cpu", "nd_range": {"device_start": 2254539.287965539, "device_end": 2254539.2922669933}, "cmdq": 0, "read": {"device_start": -1, "device_end": -1}}, "FFC_sans_bias20": {"write": {"device_start": -1, "host_queued_start": 1585586765.040805, "device_queued": -1, "device_end": -1, "host_queued_end": 1585586765.058926}, "device": "cpu", "nd_range": {"device_start": 2254539.283292817, "device_end": 2254539.2878493}, "cmdq": 0, "read": {"device_start": -1, "device_end": -1}}, "FFC_sans_bias22": {"write": {"device_start": -1, "host_queued_start": 1585586765.050014, "device_queued": -1, "device_end": -1, "host_queued_end": 1585586765.058926}, "device": "cpu", "nd_range": {"device_start": 2254539.3269215343, "device_end": 2254539.33122014}, "cmdq": 0, "read": {"device_start": -1, "device_end": -1}}, "softmax5": {"write": {"device_start": -1, "host_queued_start": 1585586765.050983, "device_queued": -1, "device_end": -1, "host_queued_end": 1585586765.058926}, "device": "cpu", "nd_range": {"device_start": 2254539.34262917, "device_end": 2254539.342749327}, "cmdq": 0, "read": {"device_start": -1, "device_end": -1}}, "FFC_sans_bias28": {"write": {"device_start": -1, "host_queued_start": 1585586765.042963, "device_queued": -1, "device_end": -1, "host_queued_end": 1585586765.058926}, "device": "cpu", "nd_range": {"device_start": 2254539.292393474, "device_end": 2254539.296833339}, "cmdq": 0, "read": {"device_start": -1, "device_end": -1}}, "FFC_sans_bias29": {"write": {"device_start": -1, "host_queued_start": 1585586765.044033, "device_queued": -1, "device_end": -1, "host_queued_end": 1585586765.058926}, "device": "cpu", "nd_range": {"device_start": 2254539.296839646, "device_end": 2254539.301598452}, "cmdq": 0, "read": {"device_start": -1, "device_end": -1}}, "empty17": {"write": {"device_start": -1, "host_queued_start": 1585586765.02845, "device_queued": -1, "device_end": -1, "host_queued_end": 1585586765.058926}, "device": "cpu", "nd_range": {"device_start": 2254539.248565242, "device_end": 2254539.2485664412}, "cmdq": 0, "read": {"device_start": -1, "device_end": -1}}, "softmax59": {"write": {"device_start": -1, "host_queued_start": 1585586765.022977, "device_queued": -1, "device_end": -1, "host_queued_end": 1585586765.026009}, "device": "gpu", "nd_range": {"device_start": 1585586699.609985, "device_end": 1585586699.6103046}, "cmdq": 1, "read": {"device_start": -1, "device_end": -1}}, "empty35": {"write": {"device_start": -1, "host_queued_start": 1585586765.030196, "device_queued": -1, "device_end": -1, "host_queued_end": 1585586765.058926}, "device": "cpu", "nd_range": {"device_start": 2254539.248578874, "device_end": 2254539.248579613}, "cmdq": 0, "read": {"device_start": -1, "device_end": -1}}, "empty53": {"write": {"device_start": 1585586699.6054018, "host_queued_start": 1585586765.012421, "device_queued": 1585586699.6052501, "device_end": 1585586699.6054487, "host_queued_end": 1585586765.026009}, "device": "gpu", "nd_range": {"device_start": 1585586699.6054986, "device_end": 1585586699.6055079}, "cmdq": 0, "read": {"device_start": -1, "device_end": -1}}, "FFC_sans_bias46": {"write": {"device_start": 1585586699.6058302, "host_queued_start": 1585586765.016132, "device_queued": 1585586699.6057324, "device_end": 1585586699.605856, "host_queued_end": 1585586765.026009}, "device": "gpu", "nd_range": {"device_start": 1585586699.6058595, "device_end": 1585586699.6066487}, "cmdq": 1, "read": {"device_start": -1, "device_end": -1}}, "coalesced_transpose48": {"write": {"device_start": -1, "host_queued_start": 1585586765.02139, "device_queued": -1, "device_end": -1, "host_queued_end": 1585586765.026009}, "device": "gpu", "nd_range": {"device_start": 1585586699.608461, "device_end": 1585586699.6086907}, "cmdq": 0, "read": {"device_start": -1, "device_end": -1}}}