{"FFC_sans_bias60": {"write": {"device_start": -1, "host_queued_start": 1585586729.427898, "device_queued": -1, "device_end": -1, "host_queued_end": 1585586729.435293}, "device": "gpu", "nd_range": {"device_start": 1585586664.0431607, "device_end": 1585586664.043755}, "cmdq": 0, "read": {"device_start": -1, "device_end": -1}}, "FFC_sans_bias4": {"write": {"device_start": -1, "host_queued_start": 1585586729.421961, "device_queued": -1, "device_end": -1, "host_queued_end": 1585586729.435293}, "device": "gpu", "nd_range": {"device_start": 1585586664.033882, "device_end": 1585586664.0344908}, "cmdq": 0, "read": {"device_start": -1, "device_end": -1}}, "FFC_sans_bias7": {"write": {"device_start": 1585586664.0438693, "host_queued_start": 1585586729.428934, "device_queued": 1585586664.019359, "device_end": 1585586664.0438976, "host_queued_end": 1585586729.435293}, "device": "gpu", "nd_range": {"device_start": 1585586664.0439065, "device_end": 1585586664.044504}, "cmdq": 0, "read": {"device_start": 1585586664.044509, "device_end": 1585586664.0445323}}, "FFC_sans_bias6": {"write": {"device_start": -1, "host_queued_start": 1585586729.426003, "device_queued": -1, "device_end": -1, "host_queued_end": 1585586729.435293}, "device": "gpu", "nd_range": {"device_start": 1585586664.0395722, "device_end": 1585586664.040171}, "cmdq": 0, "read": {"device_start": -1, "device_end": -1}}, "FFC_sans_bias1": {"write": {"device_start": 1585586664.0176537, "host_queued_start": 1585586729.399628, "device_queued": 1585586664.0161304, "device_end": 1585586664.017683, "host_queued_end": 1585586729.435293}, "device": "gpu", "nd_range": {"device_start": 1585586664.0176902, "device_end": 1585586664.0182867}, "cmdq": 0, "read": {"device_start": -1, "device_end": -1}}, "FFC_sans_bias0": {"write": {"device_start": 1585586664.0168927, "host_queued_start": 1585586729.398529, "device_queued": 1585586664.015938, "device_end": 1585586664.0169165, "host_queued_end": 1585586729.435293}, "device": "gpu", "nd_range": {"device_start": 1585586664.016925, "device_end": 1585586664.017524}, "cmdq": 0, "read": {"device_start": -1, "device_end": -1}}, "FFC_sans_bias2": {"write": {"device_start": 1585586664.018389, "host_queued_start": 1585586729.40067, "device_queued": 1585586664.0161788, "device_end": 1585586664.0184128, "host_queued_end": 1585586729.435293}, "device": "gpu", "nd_range": {"device_start": 1585586664.018419, "device_end": 1585586664.019016}, "cmdq": 0, "read": {"device_start": -1, "device_end": -1}}, "FFC_sans_bias61": {"write": {"device_start": 1585586664.0494852, "host_queued_start": 1585586729.435188, "device_queued": 1585586664.0199459, "device_end": 1585586664.0495145, "host_queued_end": 1585586729.435293}, "device": "gpu", "nd_range": {"device_start": 1585586664.0495203, "device_end": 1585586664.050117}, "cmdq": 0, "read": {"device_start": 1585586664.050126, "device_end": 1585586664.0501482}}, "FFC_sans_bias52": {"write": {"device_start": 1585586664.0486567, "host_queued_start": 1585586729.434139, "device_queued": 1585586664.0197852, "device_end": 1585586664.0486867, "host_queued_end": 1585586729.435293}, "device": "gpu", "nd_range": {"device_start": 1585586664.0486925, "device_end": 1585586664.0492918}, "cmdq": 0, "read": {"device_start": 1585586664.0492947, "device_end": 1585586664.0493171}}, "FFC_sans_bias9": {"write": {"device_start": 1585586664.0191262, "host_queued_start": 1585586729.401699, "device_queued": 1585586664.0163534, "device_end": 1585586664.01915, "host_queued_end": 1585586729.435293}, "device": "gpu", "nd_range": {"device_start": 1585586664.0191648, "device_end": 1585586664.0197635}, "cmdq": 0, "read": {"device_start": -1, "device_end": -1}}, "coalesced_transpose39": {"write": {"device_start": -1, "host_queued_start": 1585586729.421043, "device_queued": -1, "device_end": -1, "host_queued_end": 1585586729.435293}, "device": "gpu", "nd_range": {"device_start": 1585586664.0338526, "device_end": 1585586664.0338607}, "cmdq": 0, "read": {"device_start": -1, "device_end": -1}}, "FFC_sans_bias55": {"write": {"device_start": 1585586664.0331786, "host_queued_start": 1585586729.419503, "device_queued": 1585586664.0180292, "device_end": 1585586664.0332065, "host_queued_end": 1585586729.435293}, "device": "gpu", "nd_range": {"device_start": 1585586664.0332167, "device_end": 1585586664.0338123}, "cmdq": 0, "read": {"device_start": -1, "device_end": -1}}, "FFC_sans_bias54": {"write": {"device_start": 1585586664.0324228, "host_queued_start": 1585586729.418443, "device_queued": 1585586664.0179975, "device_end": 1585586664.0324519, "host_queued_end": 1585586729.435293}, "device": "gpu", "nd_range": {"device_start": 1585586664.032462, "device_end": 1585586664.0330598}, "cmdq": 0, "read": {"device_start": -1, "device_end": -1}}, "FFC_sans_bias56": {"write": {"device_start": 1585586664.031666, "host_queued_start": 1585586729.417413, "device_queued": 1585586664.0178673, "device_end": 1585586664.0316944, "host_queued_end": 1585586729.435293}, "device": "gpu", "nd_range": {"device_start": 1585586664.0317044, "device_end": 1585586664.0323043}, "cmdq": 0, "read": {"device_start": -1, "device_end": -1}}, "FFC_sans_bias51": {"write": {"device_start": -1, "host_queued_start": 1585586729.42757, "device_queued": -1, "device_end": -1, "host_queued_end": 1585586729.435293}, "device": "gpu", "nd_range": {"device_start": 1585586664.042562, "device_end": 1585586664.0431597}, "cmdq": 0, "read": {"device_start": -1, "device_end": -1}}, "softmax23": {"write": {"device_start": -1, "host_queued_start": 1585586729.424691, "device_queued": -1, "device_end": -1, "host_queued_end": 1585586729.435293}, "device": "gpu", "nd_range": {"device_start": 1585586664.0385184, "device_end": 1585586664.038729}, "cmdq": 0, "read": {"device_start": -1, "device_end": -1}}, "FFC_sans_bias37": {"write": {"device_start": 1585586664.027896, "host_queued_start": 1585586729.412224, "device_queued": 1585586664.0173614, "device_end": 1585586664.027926, "host_queued_end": 1585586729.435293}, "device": "gpu", "nd_range": {"device_start": 1585586664.0279322, "device_end": 1585586664.0285294}, "cmdq": 0, "read": {"device_start": -1, "device_end": -1}}, "empty62": {"write": {"device_start": 1585586664.0167282, "host_queued_start": 1585586729.397553, "device_queued": 1585586664.0159101, "device_end": 1585586664.0167565, "host_queued_end": 1585586729.435293}, "device": "gpu", "nd_range": {"device_start": 1585586664.0167632, "device_end": 1585586664.0167668}, "cmdq": 0, "read": {"device_start": -1, "device_end": -1}}, "FFC_sans_bias58": {"write": {"device_start": -1, "host_queued_start": 1585586729.423863, "device_queued": -1, "device_end": -1, "host_queued_end": 1585586729.435293}, "device": "gpu", "nd_range": {"device_start": 1585586664.0374904, "device_end": 1585586664.0380898}, "cmdq": 0, "read": {"device_start": -1, "device_end": -1}}, "softmax41": {"write": {"device_start": -1, "host_queued_start": 1585586729.425181, "device_queued": -1, "device_end": -1, "host_queued_end": 1585586729.435293}, "device": "gpu", "nd_range": {"device_start": 1585586664.0389414, "device_end": 1585586664.0391502}, "cmdq": 0, "read": {"device_start": -1, "device_end": -1}}, "FFC_sans_bias11": {"write": {"device_start": 1585586664.020579, "host_queued_start": 1585586729.403808, "device_queued": 1585586664.0165741, "device_end": 1585586664.0206032, "host_queued_end": 1585586729.435293}, "device": "gpu", "nd_range": {"device_start": 1585586664.0206096, "device_end": 1585586664.0212111}, "cmdq": 0, "read": {"device_start": -1, "device_end": -1}}, "FFC_sans_bias10": {"write": {"device_start": 1585586664.019853, "host_queued_start": 1585586729.402769, "device_queued": 1585586664.0163913, "device_end": 1585586664.0198762, "host_queued_end": 1585586729.435293}, "device": "gpu", "nd_range": {"device_start": 1585586664.0198827, "device_end": 1585586664.0204747}, "cmdq": 0, "read": {"device_start": -1, "device_end": -1}}, "coalesced_transpose3": {"write": {"device_start": -1, "host_queued_start": 1585586729.419836, "device_queued": -1, "device_end": -1, "host_queued_end": 1585586729.435293}, "device": "gpu", "nd_range": {"device_start": 1585586664.0338142, "device_end": 1585586664.0338228}, "cmdq": 0, "read": {"device_start": -1, "device_end": -1}}, "FFC_sans_bias34": {"write": {"device_start": 1585586664.0463855, "host_queued_start": 1585586729.43206, "device_queued": 1585586664.0195923, "device_end": 1585586664.0464158, "host_queued_end": 1585586729.435293}, "device": "gpu", "nd_range": {"device_start": 1585586664.0464303, "device_end": 1585586664.0470283}, "cmdq": 0, "read": {"device_start": 1585586664.0470307, "device_end": 1585586664.0470533}}, "FFC_sans_bias15": {"write": {"device_start": -1, "host_queued_start": 1585586729.426316, "device_queued": -1, "device_end": -1, "host_queued_end": 1585586729.435293}, "device": "gpu", "nd_range": {"device_start": 1585586664.0401719, "device_end": 1585586664.0407708}, "cmdq": 0, "read": {"device_start": -1, "device_end": -1}}, "FFC_sans_bias31": {"write": {"device_start": -1, "host_queued_start": 1585586729.422924, "device_queued": -1, "device_end": -1, "host_queued_end": 1585586729.435293}, "device": "gpu", "nd_range": {"device_start": 1585586664.0356922, "device_end": 1585586664.0362897}, "cmdq": 0, "read": {"device_start": -1, "device_end": -1}}, "FFC_sans_bias16": {"write": {"device_start": 1585586664.0447094, "host_queued_start": 1585586729.429976, "device_queued": 1585586664.0194054, "device_end": 1585586664.0447383, "host_queued_end": 1585586729.435293}, "device": "gpu", "nd_range": {"device_start": 1585586664.044754, "device_end": 1585586664.0453506}, "cmdq": 0, "read": {"device_start": 1585586664.0453553, "device_end": 1585586664.0453777}}, "FFC_sans_bias19": {"write": {"device_start": 1585586664.0228667, "host_queued_start": 1585586729.405865, "device_queued": 1585586664.0168009, "device_end": 1585586664.0228903, "host_queued_end": 1585586729.435293}, "device": "gpu", "nd_range": {"device_start": 1585586664.0228972, "device_end": 1585586664.0234923}, "cmdq": 0, "read": {"device_start": -1, "device_end": -1}}, "FFC_sans_bias18": {"write": {"device_start": 1585586664.0213134, "host_queued_start": 1585586729.404841, "device_queued": 1585586664.0166132, "device_end": 1585586664.0213375, "host_queued_end": 1585586729.435293}, "device": "gpu", "nd_range": {"device_start": 1585586664.021344, "device_end": 1585586664.0219347}, "cmdq": 0, "read": {"device_start": -1, "device_end": -1}}, "coalesced_transpose30": {"write": {"device_start": -1, "host_queued_start": 1585586729.420738, "device_queued": -1, "device_end": -1, "host_queued_end": 1585586729.435293}, "device": "gpu", "nd_range": {"device_start": 1585586664.033843, "device_end": 1585586664.0338511}, "cmdq": 0, "read": {"device_start": -1, "device_end": -1}}, "FFC_sans_bias38": {"write": {"device_start": 1585586664.0286484, "host_queued_start": 1585586729.413262, "device_queued": 1585586664.0174096, "device_end": 1585586664.0286775, "host_queued_end": 1585586729.435293}, "device": "gpu", "nd_range": {"device_start": 1585586664.0286808, "device_end": 1585586664.0292745}, "cmdq": 0, "read": {"device_start": -1, "device_end": -1}}, "coalesced_transpose57": {"write": {"device_start": -1, "host_queued_start": 1585586729.421637, "device_queued": -1, "device_end": -1, "host_queued_end": 1585586729.435293}, "device": "gpu", "nd_range": {"device_start": 1585586664.0338724, "device_end": 1585586664.033881}, "cmdq": 0, "read": {"device_start": -1, "device_end": -1}}, "empty26": {"write": {"device_start": 1585586664.0159395, "host_queued_start": 1585586729.394226, "device_queued": 1585586664.0155742, "device_end": 1585586664.0159693, "host_queued_end": 1585586729.435293}, "device": "gpu", "nd_range": {"device_start": 1585586664.0159788, "device_end": 1585586664.0159895}, "cmdq": 0, "read": {"device_start": -1, "device_end": -1}}, "coalesced_transpose12": {"write": {"device_start": -1, "host_queued_start": 1585586729.420136, "device_queued": -1, "device_end": -1, "host_queued_end": 1585586729.435293}, "device": "gpu", "nd_range": {"device_start": 1585586664.0338237, "device_end": 1585586664.0338323}, "cmdq": 0, "read": {"device_start": -1, "device_end": -1}}, "empty44": {"write": {"device_start": 1585586664.0164196, "host_queued_start": 1585586729.395873, "device_queued": 1585586664.0158267, "device_end": 1585586664.0164437, "host_queued_end": 1585586729.435293}, "device": "gpu", "nd_range": {"device_start": 1585586664.016456, "device_end": 1585586664.016459}, "cmdq": 0, "read": {"device_start": -1, "device_end": -1}}, "coalesced_transpose21": {"write": {"device_start": -1, "host_queued_start": 1585586729.420441, "device_queued": -1, "device_end": -1, "host_queued_end": 1585586729.435293}, "device": "gpu", "nd_range": {"device_start": 1585586664.0338335, "device_end": 1585586664.033842}, "cmdq": 0, "read": {"device_start": -1, "device_end": -1}}, "FFC_sans_bias36": {"write": {"device_start": 1585586664.0266259, "host_queued_start": 1585586729.411182, "device_queued": 1585586664.0172172, "device_end": 1585586664.0266545, "host_queued_end": 1585586729.435293}, "device": "gpu", "nd_range": {"device_start": 1585586664.026665, "device_end": 1585586664.0272636}, "cmdq": 0, "read": {"device_start": -1, "device_end": -1}}, "softmax14": {"write": {"device_start": -1, "host_queued_start": 1585586729.424447, "device_queued": -1, "device_end": -1, "host_queued_end": 1585586729.435293}, "device": "gpu", "nd_range": {"device_start": 1585586664.0383062, "device_end": 1585586664.0385163}, "cmdq": 0, "read": {"device_start": -1, "device_end": -1}}, "FFC_sans_bias13": {"write": {"device_start": -1, "host_queued_start": 1585586729.422276, "device_queued": -1, "device_end": -1, "host_queued_end": 1585586729.435293}, "device": "gpu", "nd_range": {"device_start": 1585586664.0344918, "device_end": 1585586664.0350897}, "cmdq": 0, "read": {"device_start": -1, "device_end": -1}}, "empty8": {"write": {"device_start": 1585586664.0155187, "host_queued_start": 1585586729.392138, "device_queued": 1585586664.015394, "device_end": 1585586664.0155475, "host_queued_end": 1585586729.435293}, "device": "gpu", "nd_range": {"device_start": 1585586664.0155504, "device_end": 1585586664.015555}, "cmdq": 0, "read": {"device_start": -1, "device_end": -1}}, "FFC_sans_bias42": {"write": {"device_start": -1, "host_queued_start": 1585586729.427258, "device_queued": -1, "device_end": -1, "host_queued_end": 1585586729.435293}, "device": "gpu", "nd_range": {"device_start": 1585586664.0419664, "device_end": 1585586664.0425606}, "cmdq": 0, "read": {"device_start": -1, "device_end": -1}}, "FFC_sans_bias43": {"write": {"device_start": 1585586664.047817, "host_queued_start": 1585586729.433106, "device_queued": 1585586664.019732, "device_end": 1585586664.0478463, "host_queued_end": 1585586729.435293}, "device": "gpu", "nd_range": {"device_start": 1585586664.047853, "device_end": 1585586664.048458}, "cmdq": 0, "read": {"device_start": 1585586664.0484622, "device_end": 1585586664.0484848}}, "FFC_sans_bias40": {"write": {"device_start": -1, "host_queued_start": 1585586729.423236, "device_queued": -1, "device_end": -1, "host_queued_end": 1585586729.435293}, "device": "gpu", "nd_range": {"device_start": 1585586664.0362911, "device_end": 1585586664.0368917}, "cmdq": 0, "read": {"device_start": -1, "device_end": -1}}, "softmax32": {"write": {"device_start": -1, "host_queued_start": 1585586729.424937, "device_queued": -1, "device_end": -1, "host_queued_end": 1585586729.435293}, "device": "gpu", "nd_range": {"device_start": 1585586664.0387301, "device_end": 1585586664.0389402}, "cmdq": 0, "read": {"device_start": -1, "device_end": -1}}, "FFC_sans_bias47": {"write": {"device_start": 1585586664.0309, "host_queued_start": 1585586729.416385, "device_queued": 1585586664.0178204, "device_end": 1585586664.030929, "host_queued_end": 1585586729.435293}, "device": "gpu", "nd_range": {"device_start": 1585586664.0309393, "device_end": 1585586664.031548}, "cmdq": 0, "read": {"device_start": -1, "device_end": -1}}, "FFC_sans_bias45": {"write": {"device_start": 1585586664.0293927, "host_queued_start": 1585586729.414293, "device_queued": 1585586664.0175705, "device_end": 1585586664.0294216, "host_queued_end": 1585586729.435293}, "device": "gpu", "nd_range": {"device_start": 1585586664.0294244, "device_end": 1585586664.0300288}, "cmdq": 0, "read": {"device_start": -1, "device_end": -1}}, "softmax50": {"write": {"device_start": -1, "host_queued_start": 1585586729.425423, "device_queued": -1, "device_end": -1, "host_queued_end": 1585586729.435293}, "device": "gpu", "nd_range": {"device_start": 1585586664.0391514, "device_end": 1585586664.0393603}, "cmdq": 0, "read": {"device_start": -1, "device_end": -1}}, "FFC_sans_bias33": {"write": {"device_start": -1, "host_queued_start": 1585586729.426943, "device_queued": -1, "device_end": -1, "host_queued_end": 1585586729.435293}, "device": "gpu", "nd_range": {"device_start": 1585586664.0413659, "device_end": 1585586664.0419652}, "cmdq": 0, "read": {"device_start": -1, "device_end": -1}}, "FFC_sans_bias49": {"write": {"device_start": -1, "host_queued_start": 1585586729.423551, "device_queued": -1, "device_end": -1, "host_queued_end": 1585586729.435293}, "device": "gpu", "nd_range": {"device_start": 1585586664.0368927, "device_end": 1585586664.0374892}, "cmdq": 0, "read": {"device_start": -1, "device_end": -1}}, "FFC_sans_bias24": {"write": {"device_start": -1, "host_queued_start": 1585586729.426631, "device_queued": -1, "device_end": -1, "host_queued_end": 1585586729.435293}, "device": "gpu", "nd_range": {"device_start": 1585586664.040772, "device_end": 1585586664.041365}, "cmdq": 0, "read": {"device_start": -1, "device_end": -1}}, "FFC_sans_bias25": {"write": {"device_start": 1585586664.045557, "host_queued_start": 1585586729.431021, "device_queued": 1585586664.0195496, "device_end": 1585586664.0455866, "host_queued_end": 1585586729.435293}, "device": "gpu", "nd_range": {"device_start": 1585586664.0455894, "device_end": 1585586664.0461867}, "cmdq": 0, "read": {"device_start": 1585586664.046192, "device_end": 1585586664.0462143}}, "FFC_sans_bias27": {"write": {"device_start": 1585586664.024365, "host_queued_start": 1585586729.407995, "device_queued": 1585586664.0169954, "device_end": 1585586664.0243945, "host_queued_end": 1585586729.435293}, "device": "gpu", "nd_range": {"device_start": 1585586664.0243983, "device_end": 1585586664.0249877}, "cmdq": 0, "read": {"device_start": -1, "device_end": -1}}, "FFC_sans_bias20": {"write": {"device_start": 1585586664.0236154, "host_queued_start": 1585586729.406948, "device_queued": 1585586664.0168576, "device_end": 1585586664.0236444, "host_queued_end": 1585586729.435293}, "device": "gpu", "nd_range": {"device_start": 1585586664.023648, "device_end": 1585586664.0242474}, "cmdq": 0, "read": {"device_start": -1, "device_end": -1}}, "FFC_sans_bias22": {"write": {"device_start": -1, "host_queued_start": 1585586729.422604, "device_queued": -1, "device_end": -1, "host_queued_end": 1585586729.435293}, "device": "gpu", "nd_range": {"device_start": 1585586664.0350912, "device_end": 1585586664.0356903}, "cmdq": 0, "read": {"device_start": -1, "device_end": -1}}, "softmax5": {"write": {"device_start": -1, "host_queued_start": 1585586729.424113, "device_queued": -1, "device_end": -1, "host_queued_end": 1585586729.435293}, "device": "gpu", "nd_range": {"device_start": 1585586664.0380912, "device_end": 1585586664.0383048}, "cmdq": 0, "read": {"device_start": -1, "device_end": -1}}, "FFC_sans_bias28": {"write": {"device_start": 1585586664.0251062, "host_queued_start": 1585586729.409055, "device_queued": 1585586664.0170343, "device_end": 1585586664.0251353, "host_queued_end": 1585586729.435293}, "device": "gpu", "nd_range": {"device_start": 1585586664.025142, "device_end": 1585586664.0257382}, "cmdq": 0, "read": {"device_start": -1, "device_end": -1}}, "FFC_sans_bias29": {"write": {"device_start": 1585586664.0258582, "host_queued_start": 1585586729.410124, "device_queued": 1585586664.0171783, "device_end": 1585586664.0258875, "host_queued_end": 1585586729.435293}, "device": "gpu", "nd_range": {"device_start": 1585586664.0258977, "device_end": 1585586664.0265057}, "cmdq": 0, "read": {"device_start": -1, "device_end": -1}}, "empty17": {"write": {"device_start": 1585586664.0156722, "host_queued_start": 1585586729.393341, "device_queued": 1585586664.0155265, "device_end": 1585586664.015696, "host_queued_end": 1585586729.435293}, "device": "gpu", "nd_range": {"device_start": 1585586664.0157046, "device_end": 1585586664.0157082}, "cmdq": 0, "read": {"device_start": -1, "device_end": -1}}, "softmax59": {"write": {"device_start": -1, "host_queued_start": 1585586729.425689, "device_queued": -1, "device_end": -1, "host_queued_end": 1585586729.435293}, "device": "gpu", "nd_range": {"device_start": 1585586664.0393622, "device_end": 1585586664.0395713}, "cmdq": 0, "read": {"device_start": -1, "device_end": -1}}, "empty35": {"write": {"device_start": 1585586664.016214, "host_queued_start": 1585586729.395066, "device_queued": 1585586664.0156367, "device_end": 1585586664.0162375, "host_queued_end": 1585586729.435293}, "device": "gpu", "nd_range": {"device_start": 1585586664.0162463, "device_end": 1585586664.01625}, "cmdq": 0, "read": {"device_start": -1, "device_end": -1}}, "empty53": {"write": {"device_start": 1585586664.0165732, "host_queued_start": 1585586729.396707, "device_queued": 1585586664.0158763, "device_end": 1585586664.0165973, "host_queued_end": 1585586729.435293}, "device": "gpu", "nd_range": {"device_start": 1585586664.0166082, "device_end": 1585586664.016612}, "cmdq": 0, "read": {"device_start": -1, "device_end": -1}}, "FFC_sans_bias46": {"write": {"device_start": 1585586664.0301473, "host_queued_start": 1585586729.41535, "device_queued": 1585586664.0176232, "device_end": 1585586664.0301764, "host_queued_end": 1585586729.435293}, "device": "gpu", "nd_range": {"device_start": 1585586664.0301862, "device_end": 1585586664.0307813}, "cmdq": 0, "read": {"device_start": -1, "device_end": -1}}, "coalesced_transpose48": {"write": {"device_start": -1, "host_queued_start": 1585586729.42134, "device_queued": -1, "device_end": -1, "host_queued_end": 1585586729.435293}, "device": "gpu", "nd_range": {"device_start": 1585586664.0338616, "device_end": 1585586664.033871}, "cmdq": 0, "read": {"device_start": -1, "device_end": -1}}}