{"FFC_sans_bias60": {"write": {"device_start": -1, "host_queued_start": 1585586734.781473, "device_queued": -1, "device_end": -1, "host_queued_end": 1585586734.786874}, "device": "gpu", "nd_range": {"device_start": 1585586669.3849719, "device_end": 1585586669.3855643}, "cmdq": 0, "read": {"device_start": -1, "device_end": -1}}, "FFC_sans_bias4": {"write": {"device_start": -1, "host_queued_start": 1585586734.797336, "device_queued": -1, "device_end": -1, "host_queued_end": 1585586734.801076}, "device": "cpu", "nd_range": {"device_start": 2254509.018849072, "device_end": 2254509.025068844}, "cmdq": 0, "read": {"device_start": -1, "device_end": -1}}, "FFC_sans_bias7": {"write": {"device_start": -1, "host_queued_start": 1585586734.800046, "device_queued": -1, "device_end": -1, "host_queued_end": 1585586734.801076}, "device": "cpu", "nd_range": {"device_start": 2254509.031311673, "device_end": 2254509.039076363}, "cmdq": 1, "read": {"device_start": -1, "device_end": -1}}, "FFC_sans_bias6": {"write": {"device_start": -1, "host_queued_start": 1585586734.798646, "device_queued": -1, "device_end": -1, "host_queued_end": 1585586734.801076}, "device": "cpu", "nd_range": {"device_start": 2254509.025232154, "device_end": 2254509.031189457}, "cmdq": 4, "read": {"device_start": -1, "device_end": -1}}, "FFC_sans_bias1": {"write": {"device_start": -1, "host_queued_start": 1585586734.791659, "device_queued": -1, "device_end": -1, "host_queued_end": 1585586734.801076}, "device": "cpu", "nd_range": {"device_start": 2254509.0062380023, "device_end": 2254509.014806405}, "cmdq": 3, "read": {"device_start": -1, "device_end": -1}}, "FFC_sans_bias0": {"write": {"device_start": -1, "host_queued_start": 1585586734.790411, "device_queued": -1, "device_end": -1, "host_queued_end": 1585586734.801076}, "device": "cpu", "nd_range": {"device_start": 2254508.9907748173, "device_end": 2254509.006089648}, "cmdq": 2, "read": {"device_start": -1, "device_end": -1}}, "FFC_sans_bias2": {"write": {"device_start": -1, "host_queued_start": 1585586734.792859, "device_queued": -1, "device_end": -1, "host_queued_end": 1585586734.801076}, "device": "cpu", "nd_range": {"device_start": 2254508.99070238, "device_end": 2254509.006273404}, "cmdq": 4, "read": {"device_start": -1, "device_end": -1}}, "FFC_sans_bias61": {"write": {"device_start": 1585586669.388945, "host_queued_start": 1585586734.786772, "device_queued": 1585586669.3699985, "device_end": 1585586669.3889682, "host_queued_end": 1585586734.786874}, "device": "gpu", "nd_range": {"device_start": 1585586669.3889744, "device_end": 1585586669.3895671}, "cmdq": 0, "read": {"device_start": 1585586669.3895724, "device_end": 1585586669.3895962}}, "FFC_sans_bias52": {"write": {"device_start": 1585586669.3881664, "host_queued_start": 1585586734.785723, "device_queued": 1585586669.3698971, "device_end": 1585586669.3881893, "host_queued_end": 1585586734.786874}, "device": "gpu", "nd_range": {"device_start": 1585586669.3881962, "device_end": 1585586669.388793}, "cmdq": 0, "read": {"device_start": 1585586669.388795, "device_end": 1585586669.3888185}}, "FFC_sans_bias9": {"write": {"device_start": -1, "host_queued_start": 1585586734.793981, "device_queued": -1, "device_end": -1, "host_queued_end": 1585586734.801076}, "device": "cpu", "nd_range": {"device_start": 2254508.9907015474, "device_end": 2254509.006426187}, "cmdq": 0, "read": {"device_start": -1, "device_end": -1}}, "coalesced_transpose39": {"write": {"device_start": -1, "host_queued_start": 1585586734.776497, "device_queued": -1, "device_end": -1, "host_queued_end": 1585586734.786874}, "device": "gpu", "nd_range": {"device_start": 1585586669.3785017, "device_end": 1585586669.37851}, "cmdq": 0, "read": {"device_start": -1, "device_end": -1}}, "FFC_sans_bias55": {"write": {"device_start": 1585586669.3778534, "host_queued_start": 1585586734.775553, "device_queued": 1585586669.3685734, "device_end": 1585586669.377877, "host_queued_end": 1585586734.786874}, "device": "gpu", "nd_range": {"device_start": 1585586669.37788, "device_end": 1585586669.3784811}, "cmdq": 0, "read": {"device_start": -1, "device_end": -1}}, "FFC_sans_bias54": {"write": {"device_start": 1585586669.3771038, "host_queued_start": 1585586734.774492, "device_queued": 1585586669.3684475, "device_end": 1585586669.3771348, "host_queued_end": 1585586734.786874}, "device": "gpu", "nd_range": {"device_start": 1585586669.3771482, "device_end": 1585586669.3777506}, "cmdq": 0, "read": {"device_start": -1, "device_end": -1}}, "FFC_sans_bias56": {"write": {"device_start": 1585586669.3763626, "host_queued_start": 1585586734.773464, "device_queued": 1585586669.3684056, "device_end": 1585586669.376398, "host_queued_end": 1585586734.786874}, "device": "gpu", "nd_range": {"device_start": 1585586669.3764012, "device_end": 1585586669.3770063}, "cmdq": 0, "read": {"device_start": -1, "device_end": -1}}, "FFC_sans_bias51": {"write": {"device_start": -1, "host_queued_start": 1585586734.781162, "device_queued": -1, "device_end": -1, "host_queued_end": 1585586734.786874}, "device": "gpu", "nd_range": {"device_start": 1585586669.384371, "device_end": 1585586669.384971}, "cmdq": 0, "read": {"device_start": -1, "device_end": -1}}, "softmax23": {"write": {"device_start": -1, "host_queued_start": 1585586734.778919, "device_queued": -1, "device_end": -1, "host_queued_end": 1585586734.786874}, "device": "gpu", "nd_range": {"device_start": 1585586669.3815246, "device_end": 1585586669.381735}, "cmdq": 0, "read": {"device_start": -1, "device_end": -1}}, "FFC_sans_bias37": {"write": {"device_start": 1585586669.3726668, "host_queued_start": 1585586734.768229, "device_queued": 1585586669.367931, "device_end": 1585586669.372696, "host_queued_end": 1585586734.786874}, "device": "gpu", "nd_range": {"device_start": 1585586669.3727043, "device_end": 1585586669.373301}, "cmdq": 0, "read": {"device_start": -1, "device_end": -1}}, "empty62": {"write": {"device_start": 1585586669.3675072, "host_queued_start": 1585586734.759874, "device_queued": 1585586669.367177, "device_end": 1585586669.367536, "host_queued_end": 1585586734.786874}, "device": "gpu", "nd_range": {"device_start": 1585586669.3675423, "device_end": 1585586669.3675458}, "cmdq": 0, "read": {"device_start": -1, "device_end": -1}}, "FFC_sans_bias58": {"write": {"device_start": -1, "host_queued_start": 1585586734.778668, "device_queued": -1, "device_end": -1, "host_queued_end": 1585586734.786874}, "device": "gpu", "nd_range": {"device_start": 1585586669.3809304, "device_end": 1585586669.3815234}, "cmdq": 0, "read": {"device_start": -1, "device_end": -1}}, "softmax41": {"write": {"device_start": -1, "host_queued_start": 1585586734.779413, "device_queued": -1, "device_end": -1, "host_queued_end": 1585586734.786874}, "device": "gpu", "nd_range": {"device_start": 1585586669.3819463, "device_end": 1585586669.382155}, "cmdq": 0, "read": {"device_start": -1, "device_end": -1}}, "FFC_sans_bias11": {"write": {"device_start": -1, "host_queued_start": 1585586734.796231, "device_queued": -1, "device_end": -1, "host_queued_end": 1585586734.801076}, "device": "cpu", "nd_range": {"device_start": 2254509.0063963993, "device_end": 2254509.022275002}, "cmdq": 2, "read": {"device_start": -1, "device_end": -1}}, "FFC_sans_bias10": {"write": {"device_start": -1, "host_queued_start": 1585586734.795122, "device_queued": -1, "device_end": -1, "host_queued_end": 1585586734.801076}, "device": "cpu", "nd_range": {"device_start": 2254508.9906964484, "device_end": 2254509.006992964}, "cmdq": 1, "read": {"device_start": -1, "device_end": -1}}, "coalesced_transpose3": {"write": {"device_start": -1, "host_queued_start": 1585586734.796594, "device_queued": -1, "device_end": -1, "host_queued_end": 1585586734.801076}, "device": "cpu", "nd_range": {"device_start": 2254509.01492849, "device_end": 2254509.0151670743}, "cmdq": 3, "read": {"device_start": -1, "device_end": -1}}, "FFC_sans_bias34": {"write": {"device_start": 1585586669.3865979, "host_queued_start": 1585586734.783548, "device_queued": 1585586669.3696272, "device_end": 1585586669.3866212, "host_queued_end": 1585586734.786874}, "device": "gpu", "nd_range": {"device_start": 1585586669.3866274, "device_end": 1585586669.3872275}, "cmdq": 0, "read": {"device_start": 1585586669.3872337, "device_end": 1585586669.3872557}}, "FFC_sans_bias15": {"write": {"device_start": -1, "host_queued_start": 1585586734.798988, "device_queued": -1, "device_end": -1, "host_queued_end": 1585586734.801076}, "device": "cpu", "nd_range": {"device_start": 2254509.025521046, "device_end": 2254509.038728637}, "cmdq": 0, "read": {"device_start": -1, "device_end": -1}}, "FFC_sans_bias31": {"write": {"device_start": -1, "host_queued_start": 1585586734.777709, "device_queued": -1, "device_end": -1, "host_queued_end": 1585586734.786874}, "device": "gpu", "nd_range": {"device_start": 1585586669.3791308, "device_end": 1585586669.3797283}, "cmdq": 0, "read": {"device_start": -1, "device_end": -1}}, "FFC_sans_bias16": {"write": {"device_start": -1, "host_queued_start": 1585586734.801033, "device_queued": -1, "device_end": -1, "host_queued_end": 1585586734.801076}, "device": "cpu", "nd_range": {"device_start": 2254509.0387356672, "device_end": 2254509.0428066263}, "cmdq": 2, "read": {"device_start": -1, "device_end": -1}}, "FFC_sans_bias19": {"write": {"device_start": 1585586669.36838, "host_queued_start": 1585586734.761883, "device_queued": 1585586669.3672674, "device_end": 1585586669.3684096, "host_queued_end": 1585586734.786874}, "device": "gpu", "nd_range": {"device_start": 1585586669.368422, "device_end": 1585586669.3690147}, "cmdq": 0, "read": {"device_start": -1, "device_end": -1}}, "FFC_sans_bias18": {"write": {"device_start": 1585586669.367674, "host_queued_start": 1585586734.760838, "device_queued": 1585586669.3672183, "device_end": 1585586669.3676999, "host_queued_end": 1585586734.786874}, "device": "gpu", "nd_range": {"device_start": 1585586669.3677027, "device_end": 1585586669.3683019}, "cmdq": 0, "read": {"device_start": -1, "device_end": -1}}, "coalesced_transpose30": {"write": {"device_start": -1, "host_queued_start": 1585586734.776191, "device_queued": -1, "device_end": -1, "host_queued_end": 1585586734.786874}, "device": "gpu", "nd_range": {"device_start": 1585586669.3784924, "device_end": 1585586669.3785005}, "cmdq": 0, "read": {"device_start": -1, "device_end": -1}}, "FFC_sans_bias38": {"write": {"device_start": 1585586669.373401, "host_queued_start": 1585586734.769303, "device_queued": 1585586669.3680546, "device_end": 1585586669.3734317, "host_queued_end": 1585586734.786874}, "device": "gpu", "nd_range": {"device_start": 1585586669.3734386, "device_end": 1585586669.3740442}, "cmdq": 0, "read": {"device_start": -1, "device_end": -1}}, "coalesced_transpose57": {"write": {"device_start": -1, "host_queued_start": 1585586734.777086, "device_queued": -1, "device_end": -1, "host_queued_end": 1585586734.786874}, "device": "gpu", "nd_range": {"device_start": 1585586669.3785205, "device_end": 1585586669.3785288}, "cmdq": 0, "read": {"device_start": -1, "device_end": -1}}, "empty26": {"write": {"device_start": 1585586669.3669126, "host_queued_start": 1585586734.756128, "device_queued": 1585586669.3667715, "device_end": 1585586669.36694, "host_queued_end": 1585586734.786874}, "device": "gpu", "nd_range": {"device_start": 1585586669.3669424, "device_end": 1585586669.366947}, "cmdq": 0, "read": {"device_start": -1, "device_end": -1}}, "coalesced_transpose12": {"write": {"device_start": -1, "host_queued_start": 1585586734.796947, "device_queued": -1, "device_end": -1, "host_queued_end": 1585586734.801076}, "device": "cpu", "nd_range": {"device_start": 2254509.0105858603, "device_end": 2254509.010823506}, "cmdq": 4, "read": {"device_start": -1, "device_end": -1}}, "empty44": {"write": {"device_start": 1585586669.3672297, "host_queued_start": 1585586734.758204, "device_queued": 1585586669.3669083, "device_end": 1585586669.3672607, "host_queued_end": 1585586734.786874}, "device": "gpu", "nd_range": {"device_start": 1585586669.3672707, "device_end": 1585586669.3672743}, "cmdq": 0, "read": {"device_start": -1, "device_end": -1}}, "coalesced_transpose21": {"write": {"device_start": -1, "host_queued_start": 1585586734.775893, "device_queued": -1, "device_end": -1, "host_queued_end": 1585586734.786874}, "device": "gpu", "nd_range": {"device_start": 1585586669.3784826, "device_end": 1585586669.3784912}, "cmdq": 0, "read": {"device_start": -1, "device_end": -1}}, "FFC_sans_bias36": {"write": {"device_start": 1585586669.3719325, "host_queued_start": 1585586734.767194, "device_queued": 1585586669.3678987, "device_end": 1585586669.3719633, "host_queued_end": 1585586734.786874}, "device": "gpu", "nd_range": {"device_start": 1585586669.371967, "device_end": 1585586669.3725698}, "cmdq": 0, "read": {"device_start": -1, "device_end": -1}}, "softmax14": {"write": {"device_start": -1, "host_queued_start": 1585586734.798258, "device_queued": -1, "device_end": -1, "host_queued_end": 1585586734.801076}, "device": "cpu", "nd_range": {"device_start": 2254509.0246452033, "device_end": 2254509.02506819}, "cmdq": 3, "read": {"device_start": -1, "device_end": -1}}, "FFC_sans_bias13": {"write": {"device_start": -1, "host_queued_start": 1585586734.797689, "device_queued": -1, "device_end": -1, "host_queued_end": 1585586734.801076}, "device": "cpu", "nd_range": {"device_start": 2254509.011190651, "device_end": 2254509.019457992}, "cmdq": 1, "read": {"device_start": -1, "device_end": -1}}, "empty8": {"write": {"device_start": -1, "host_queued_start": 1585586734.78837, "device_queued": -1, "device_end": -1, "host_queued_end": 1585586734.801076}, "device": "cpu", "nd_range": {"device_start": 2254508.9906668863, "device_end": 2254508.990677827}, "cmdq": 0, "read": {"device_start": -1, "device_end": -1}}, "FFC_sans_bias42": {"write": {"device_start": -1, "host_queued_start": 1585586734.780842, "device_queued": -1, "device_end": -1, "host_queued_end": 1585586734.786874}, "device": "gpu", "nd_range": {"device_start": 1585586669.383773, "device_end": 1585586669.3843696}, "cmdq": 0, "read": {"device_start": -1, "device_end": -1}}, "FFC_sans_bias43": {"write": {"device_start": 1585586669.3873851, "host_queued_start": 1585586734.784672, "device_queued": 1585586669.3696864, "device_end": 1585586669.3874087, "host_queued_end": 1585586734.786874}, "device": "gpu", "nd_range": {"device_start": 1585586669.3874137, "device_end": 1585586669.388008}, "cmdq": 0, "read": {"device_start": 1585586669.3880122, "device_end": 1585586669.388034}}, "FFC_sans_bias40": {"write": {"device_start": -1, "host_queued_start": 1585586734.778023, "device_queued": -1, "device_end": -1, "host_queued_end": 1585586734.786874}, "device": "gpu", "nd_range": {"device_start": 1585586669.3797293, "device_end": 1585586669.3803241}, "cmdq": 0, "read": {"device_start": -1, "device_end": -1}}, "softmax32": {"write": {"device_start": -1, "host_queued_start": 1585586734.779165, "device_queued": -1, "device_end": -1, "host_queued_end": 1585586734.786874}, "device": "gpu", "nd_range": {"device_start": 1585586669.381736, "device_end": 1585586669.3819451}, "cmdq": 0, "read": {"device_start": -1, "device_end": -1}}, "FFC_sans_bias47": {"write": {"device_start": 1585586669.37562, "host_queued_start": 1585586734.772436, "device_queued": 1585586669.3682423, "device_end": 1585586669.375649, "host_queued_end": 1585586734.786874}, "device": "gpu", "nd_range": {"device_start": 1585586669.3756595, "device_end": 1585586669.3762603}, "cmdq": 0, "read": {"device_start": -1, "device_end": -1}}, "FFC_sans_bias45": {"write": {"device_start": 1585586669.3741434, "host_queued_start": 1585586734.770333, "device_queued": 1585586669.368086, "device_end": 1585586669.3741724, "host_queued_end": 1585586734.786874}, "device": "gpu", "nd_range": {"device_start": 1585586669.374179, "device_end": 1585586669.3747826}, "cmdq": 0, "read": {"device_start": -1, "device_end": -1}}, "softmax50": {"write": {"device_start": -1, "host_queued_start": 1585586734.779659, "device_queued": -1, "device_end": -1, "host_queued_end": 1585586734.786874}, "device": "gpu", "nd_range": {"device_start": 1585586669.3821561, "device_end": 1585586669.382365}, "cmdq": 0, "read": {"device_start": -1, "device_end": -1}}, "FFC_sans_bias33": {"write": {"device_start": -1, "host_queued_start": 1585586734.780527, "device_queued": -1, "device_end": -1, "host_queued_end": 1585586734.786874}, "device": "gpu", "nd_range": {"device_start": 1585586669.3831737, "device_end": 1585586669.3837712}, "cmdq": 0, "read": {"device_start": -1, "device_end": -1}}, "FFC_sans_bias49": {"write": {"device_start": -1, "host_queued_start": 1585586734.778329, "device_queued": -1, "device_end": -1, "host_queued_end": 1585586734.786874}, "device": "gpu", "nd_range": {"device_start": 1585586669.3803253, "device_end": 1585586669.3809285}, "cmdq": 0, "read": {"device_start": -1, "device_end": -1}}, "FFC_sans_bias24": {"write": {"device_start": -1, "host_queued_start": 1585586734.780211, "device_queued": -1, "device_end": -1, "host_queued_end": 1585586734.786874}, "device": "gpu", "nd_range": {"device_start": 1585586669.3825738, "device_end": 1585586669.3831718}, "cmdq": 0, "read": {"device_start": -1, "device_end": -1}}, "FFC_sans_bias25": {"write": {"device_start": 1585586669.3857913, "host_queued_start": 1585586734.782492, "device_queued": 1585586669.3694637, "device_end": 1585586669.3858173, "host_queued_end": 1585586734.786874}, "device": "gpu", "nd_range": {"device_start": 1585586669.3858218, "device_end": 1585586669.3864188}, "cmdq": 0, "read": {"device_start": 1585586669.3864272, "device_end": 1585586669.386451}}, "FFC_sans_bias27": {"write": {"device_start": 1585586669.369819, "host_queued_start": 1585586734.764036, "device_queued": 1585586669.3675184, "device_end": 1585586669.369848, "host_queued_end": 1585586734.786874}, "device": "gpu", "nd_range": {"device_start": 1585586669.3698545, "device_end": 1585586669.3704472}, "cmdq": 0, "read": {"device_start": -1, "device_end": -1}}, "FFC_sans_bias20": {"write": {"device_start": 1585586669.3690946, "host_queued_start": 1585586734.762973, "device_queued": 1585586669.3674805, "device_end": 1585586669.3691244, "host_queued_end": 1585586734.786874}, "device": "gpu", "nd_range": {"device_start": 1585586669.3691275, "device_end": 1585586669.3697252}, "cmdq": 0, "read": {"device_start": -1, "device_end": -1}}, "FFC_sans_bias22": {"write": {"device_start": -1, "host_queued_start": 1585586734.777396, "device_queued": -1, "device_end": -1, "host_queued_end": 1585586734.786874}, "device": "gpu", "nd_range": {"device_start": 1585586669.3785298, "device_end": 1585586669.3791296}, "cmdq": 0, "read": {"device_start": -1, "device_end": -1}}, "softmax5": {"write": {"device_start": -1, "host_queued_start": 1585586734.797986, "device_queued": -1, "device_end": -1, "host_queued_end": 1585586734.801076}, "device": "cpu", "nd_range": {"device_start": 2254509.0250919443, "device_end": 2254509.025218945}, "cmdq": 2, "read": {"device_start": -1, "device_end": -1}}, "FFC_sans_bias28": {"write": {"device_start": 1585586669.3705416, "host_queued_start": 1585586734.765073, "device_queued": 1585586669.367743, "device_end": 1585586669.3705714, "host_queued_end": 1585586734.786874}, "device": "gpu", "nd_range": {"device_start": 1585586669.3705742, "device_end": 1585586669.3710759}, "cmdq": 0, "read": {"device_start": -1, "device_end": -1}}, "FFC_sans_bias29": {"write": {"device_start": 1585586669.3711922, "host_queued_start": 1585586734.766121, "device_queued": 1585586669.3677745, "device_end": 1585586669.3712208, "host_queued_end": 1585586734.786874}, "device": "gpu", "nd_range": {"device_start": 1585586669.371231, "device_end": 1585586669.371826}, "cmdq": 0, "read": {"device_start": -1, "device_end": -1}}, "empty17": {"write": {"device_start": -1, "host_queued_start": 1585586734.789315, "device_queued": -1, "device_end": -1, "host_queued_end": 1585586734.801076}, "device": "cpu", "nd_range": {"device_start": 2254508.9906668332, "device_end": 2254508.990677848}, "cmdq": 1, "read": {"device_start": -1, "device_end": -1}}, "softmax59": {"write": {"device_start": -1, "host_queued_start": 1585586734.779897, "device_queued": -1, "device_end": -1, "host_queued_end": 1585586734.786874}, "device": "gpu", "nd_range": {"device_start": 1585586669.382366, "device_end": 1585586669.3825724}, "cmdq": 0, "read": {"device_start": -1, "device_end": -1}}, "empty35": {"write": {"device_start": 1585586669.3670745, "host_queued_start": 1585586734.757389, "device_queued": 1585586669.3668728, "device_end": 1585586669.3671014, "host_queued_end": 1585586734.786874}, "device": "gpu", "nd_range": {"device_start": 1585586669.3671134, "device_end": 1585586669.3671167}, "cmdq": 0, "read": {"device_start": -1, "device_end": -1}}, "empty53": {"write": {"device_start": 1585586669.3673666, "host_queued_start": 1585586734.759066, "device_queued": 1585586669.3669474, "device_end": 1585586669.3673959, "host_queued_end": 1585586734.786874}, "device": "gpu", "nd_range": {"device_start": 1585586669.367401, "device_end": 1585586669.3674042}, "cmdq": 0, "read": {"device_start": -1, "device_end": -1}}, "FFC_sans_bias46": {"write": {"device_start": 1585586669.3748817, "host_queued_start": 1585586734.771398, "device_queued": 1585586669.3682108, "device_end": 1585586669.3749106, "host_queued_end": 1585586734.786874}, "device": "gpu", "nd_range": {"device_start": 1585586669.3749192, "device_end": 1585586669.3755174}, "cmdq": 0, "read": {"device_start": -1, "device_end": -1}}, "coalesced_transpose48": {"write": {"device_start": -1, "host_queued_start": 1585586734.77679, "device_queued": -1, "device_end": -1, "host_queued_end": 1585586734.786874}, "device": "gpu", "nd_range": {"device_start": 1585586669.3785112, "device_end": 1585586669.3785193}, "cmdq": 0, "read": {"device_start": -1, "device_end": -1}}}