{"FFC_sans_bias60": {"write": {"device_start": -1, "host_queued_start": 1585586834.053216, "device_queued": -1, "device_end": -1, "host_queued_end": 1585586834.054329}, "device": "gpu", "nd_range": {"device_start": 1585586768.6341639, "device_end": 1585586768.6347604}, "cmdq": 1, "read": {"device_start": -1, "device_end": -1}}, "FFC_sans_bias4": {"write": {"device_start": -1, "host_queued_start": 1585586834.081237, "device_queued": -1, "device_end": -1, "host_queued_end": 1585586834.092715}, "device": "cpu", "nd_range": {"device_start": 2254608.35828211, "device_end": 2254608.370407279}, "cmdq": 2, "read": {"device_start": -1, "device_end": -1}}, "FFC_sans_bias7": {"write": {"device_start": -1, "host_queued_start": 1585586834.087672, "device_queued": -1, "device_end": -1, "host_queued_end": 1585586834.092715}, "device": "cpu", "nd_range": {"device_start": 2254608.396196493, "device_end": 2254608.41168795}, "cmdq": 0, "read": {"device_start": -1, "device_end": -1}}, "FFC_sans_bias6": {"write": {"device_start": -1, "host_queued_start": 1585586834.084927, "device_queued": -1, "device_end": -1, "host_queued_end": 1585586834.092715}, "device": "cpu", "nd_range": {"device_start": 2254608.379488237, "device_end": 2254608.393327218}, "cmdq": 2, "read": {"device_start": -1, "device_end": -1}}, "FFC_sans_bias1": {"write": {"device_start": -1, "host_queued_start": 1585586834.061985, "device_queued": -1, "device_end": -1, "host_queued_end": 1585586834.092715}, "device": "cpu", "nd_range": {"device_start": 2254608.2823967054, "device_end": 2254608.2979820943}, "cmdq": 3, "read": {"device_start": -1, "device_end": -1}}, "FFC_sans_bias0": {"write": {"device_start": -1, "host_queued_start": 1585586834.06095, "device_queued": -1, "device_end": -1, "host_queued_end": 1585586834.092715}, "device": "cpu", "nd_range": {"device_start": 2254608.2825729, "device_end": 2254608.297868391}, "cmdq": 2, "read": {"device_start": -1, "device_end": -1}}, "FFC_sans_bias2": {"write": {"device_start": -1, "host_queued_start": 1585586834.063068, "device_queued": -1, "device_end": -1, "host_queued_end": 1585586834.092715}, "device": "cpu", "nd_range": {"device_start": 2254608.282372273, "device_end": 2254608.2979367543}, "cmdq": 0, "read": {"device_start": -1, "device_end": -1}}, "FFC_sans_bias61": {"write": {"device_start": 1585586768.6342378, "host_queued_start": 1585586834.054225, "device_queued": 1585586768.632175, "device_end": 1585586768.6342752, "host_queued_end": 1585586834.054329}, "device": "gpu", "nd_range": {"device_start": 1585586768.6347647, "device_end": 1585586768.6353488}, "cmdq": 0, "read": {"device_start": 1585586768.635351, "device_end": 1585586768.6353793}}, "FFC_sans_bias52": {"write": {"device_start": -1, "host_queued_start": 1585586834.09267, "device_queued": -1, "device_end": -1, "host_queued_end": 1585586834.092715}, "device": "cpu", "nd_range": {"device_start": 2254608.435083032, "device_end": 2254608.443410446}, "cmdq": 1, "read": {"device_start": -1, "device_end": -1}}, "FFC_sans_bias9": {"write": {"device_start": -1, "host_queued_start": 1585586834.064107, "device_queued": -1, "device_end": -1, "host_queued_end": 1585586834.092715}, "device": "cpu", "nd_range": {"device_start": 2254608.2823611153, "device_end": 2254608.297915384}, "cmdq": 1, "read": {"device_start": -1, "device_end": -1}}, "coalesced_transpose39": {"write": {"device_start": -1, "host_queued_start": 1585586834.080571, "device_queued": -1, "device_end": -1, "host_queued_end": 1585586834.092715}, "device": "cpu", "nd_range": {"device_start": 2254608.349926536, "device_end": 2254608.3501725113}, "cmdq": 0, "read": {"device_start": -1, "device_end": -1}}, "FFC_sans_bias55": {"write": {"device_start": 1585586768.6325567, "host_queued_start": 1585586834.052023, "device_queued": 1585586768.6319623, "device_end": 1585586768.6325822, "host_queued_end": 1585586834.054329}, "device": "gpu", "nd_range": {"device_start": 1585586768.6325865, "device_end": 1585586768.6333256}, "cmdq": 1, "read": {"device_start": -1, "device_end": -1}}, "FFC_sans_bias54": {"write": {"device_start": 1585586768.6318457, "host_queued_start": 1585586834.050986, "device_queued": 1585586768.631753, "device_end": 1585586768.631871, "host_queued_end": 1585586834.054329}, "device": "gpu", "nd_range": {"device_start": 1585586768.631953, "device_end": 1585586768.6328483}, "cmdq": 0, "read": {"device_start": -1, "device_end": -1}}, "FFC_sans_bias56": {"write": {"device_start": 1585586768.631767, "host_queued_start": 1585586834.049823, "device_queued": 1585586768.6316824, "device_end": 1585586768.6318133, "host_queued_end": 1585586834.054329}, "device": "gpu", "nd_range": {"device_start": 1585586768.631822, "device_end": 1585586768.6324396}, "cmdq": 1, "read": {"device_start": -1, "device_end": -1}}, "FFC_sans_bias51": {"write": {"device_start": -1, "host_queued_start": 1585586834.086605, "device_queued": -1, "device_end": -1, "host_queued_end": 1585586834.092715}, "device": "cpu", "nd_range": {"device_start": 2254608.4197313073, "device_end": 2254608.435073206}, "cmdq": 3, "read": {"device_start": -1, "device_end": -1}}, "softmax23": {"write": {"device_start": -1, "host_queued_start": 1585586834.083773, "device_queued": -1, "device_end": -1, "host_queued_end": 1585586834.092715}, "device": "cpu", "nd_range": {"device_start": 2254608.379166997, "device_end": 2254608.379380554}, "cmdq": 2, "read": {"device_start": -1, "device_end": -1}}, "FFC_sans_bias37": {"write": {"device_start": -1, "host_queued_start": 1585586834.07465, "device_queued": -1, "device_end": -1, "host_queued_end": 1585586834.092715}, "device": "cpu", "nd_range": {"device_start": 2254608.3320731954, "device_end": 2254608.348481669}, "cmdq": 3, "read": {"device_start": -1, "device_end": -1}}, "empty62": {"write": {"device_start": 1585586768.6316788, "host_queued_start": 1585586834.048459, "device_queued": 1585586768.6315494, "device_end": 1585586768.6317046, "host_queued_end": 1585586834.054329}, "device": "gpu", "nd_range": {"device_start": 1585586768.631708, "device_end": 1585586768.6317134}, "cmdq": 0, "read": {"device_start": -1, "device_end": -1}}, "FFC_sans_bias58": {"write": {"device_start": -1, "host_queued_start": 1585586834.052656, "device_queued": -1, "device_end": -1, "host_queued_end": 1585586834.054329}, "device": "gpu", "nd_range": {"device_start": 1585586768.6333404, "device_end": 1585586768.6339412}, "cmdq": 1, "read": {"device_start": -1, "device_end": -1}}, "softmax41": {"write": {"device_start": -1, "host_queued_start": 1585586834.084315, "device_queued": -1, "device_end": -1, "host_queued_end": 1585586834.092715}, "device": "cpu", "nd_range": {"device_start": 2254608.3805372273, "device_end": 2254608.3807441522}, "cmdq": 0, "read": {"device_start": -1, "device_end": -1}}, "FFC_sans_bias11": {"write": {"device_start": -1, "host_queued_start": 1585586834.066191, "device_queued": -1, "device_end": -1, "host_queued_end": 1585586834.092715}, "device": "cpu", "nd_range": {"device_start": 2254608.2980293613, "device_end": 2254608.315619159}, "cmdq": 3, "read": {"device_start": -1, "device_end": -1}}, "FFC_sans_bias10": {"write": {"device_start": -1, "host_queued_start": 1585586834.065144, "device_queued": -1, "device_end": -1, "host_queued_end": 1585586834.092715}, "device": "cpu", "nd_range": {"device_start": 2254608.2980588013, "device_end": 2254608.313545281}, "cmdq": 2, "read": {"device_start": -1, "device_end": -1}}, "coalesced_transpose3": {"write": {"device_start": -1, "host_queued_start": 1585586834.079188, "device_queued": -1, "device_end": -1, "host_queued_end": 1585586834.092715}, "device": "cpu", "nd_range": {"device_start": 2254608.3438691404, "device_end": 2254608.344134224}, "cmdq": 0, "read": {"device_start": -1, "device_end": -1}}, "FFC_sans_bias34": {"write": {"device_start": -1, "host_queued_start": 1585586834.0907, "device_queued": -1, "device_end": -1, "host_queued_end": 1585586834.092715}, "device": "cpu", "nd_range": {"device_start": 2254608.4350901414, "device_end": 2254608.443891703}, "cmdq": 3, "read": {"device_start": -1, "device_end": -1}}, "FFC_sans_bias15": {"write": {"device_start": -1, "host_queued_start": 1585586834.085261, "device_queued": -1, "device_end": -1, "host_queued_end": 1585586834.092715}, "device": "cpu", "nd_range": {"device_start": 2254608.404116575, "device_end": 2254608.419606706}, "cmdq": 3, "read": {"device_start": -1, "device_end": -1}}, "FFC_sans_bias31": {"write": {"device_start": -1, "host_queued_start": 1585586834.08226, "device_queued": -1, "device_end": -1, "host_queued_end": 1585586834.092715}, "device": "cpu", "nd_range": {"device_start": 2254608.373029895, "device_end": 2254608.3851774284}, "cmdq": 1, "read": {"device_start": -1, "device_end": -1}}, "FFC_sans_bias16": {"write": {"device_start": -1, "host_queued_start": 1585586834.088658, "device_queued": -1, "device_end": -1, "host_queued_end": 1585586834.092715}, "device": "cpu", "nd_range": {"device_start": 2254608.42438988, "device_end": 2254608.431518663}, "cmdq": 1, "read": {"device_start": -1, "device_end": -1}}, "FFC_sans_bias19": {"write": {"device_start": -1, "host_queued_start": 1585586834.068296, "device_queued": -1, "device_end": -1, "host_queued_end": 1585586834.092715}, "device": "cpu", "nd_range": {"device_start": 2254608.301263792, "device_end": 2254608.323151628}, "cmdq": 1, "read": {"device_start": -1, "device_end": -1}}, "FFC_sans_bias18": {"write": {"device_start": -1, "host_queued_start": 1585586834.067256, "device_queued": -1, "device_end": -1, "host_queued_end": 1585586834.092715}, "device": "cpu", "nd_range": {"device_start": 2254608.2979606492, "device_end": 2254608.313196931}, "cmdq": 0, "read": {"device_start": -1, "device_end": -1}}, "coalesced_transpose30": {"write": {"device_start": -1, "host_queued_start": 1585586834.08024, "device_queued": -1, "device_end": -1, "host_queued_end": 1585586834.092715}, "device": "cpu", "nd_range": {"device_start": 2254608.3575564483, "device_end": 2254608.357809504}, "cmdq": 3, "read": {"device_start": -1, "device_end": -1}}, "FFC_sans_bias38": {"write": {"device_start": -1, "host_queued_start": 1585586834.075698, "device_queued": -1, "device_end": -1, "host_queued_end": 1585586834.092715}, "device": "cpu", "nd_range": {"device_start": 2254608.328589944, "device_end": 2254608.343744174}, "cmdq": 0, "read": {"device_start": -1, "device_end": -1}}, "coalesced_transpose57": {"write": {"device_start": -1, "host_queued_start": 1585586834.052348, "device_queued": -1, "device_end": -1, "host_queued_end": 1585586834.054329}, "device": "gpu", "nd_range": {"device_start": 1585586768.6333294, "device_end": 1585586768.6333377}, "cmdq": 0, "read": {"device_start": -1, "device_end": -1}}, "empty26": {"write": {"device_start": -1, "host_queued_start": 1585586834.057384, "device_queued": -1, "device_end": -1, "host_queued_end": 1585586834.092715}, "device": "cpu", "nd_range": {"device_start": 2254608.282320818, "device_end": 2254608.282331219}, "cmdq": 2, "read": {"device_start": -1, "device_end": -1}}, "coalesced_transpose12": {"write": {"device_start": -1, "host_queued_start": 1585586834.07958, "device_queued": -1, "device_end": -1, "host_queued_end": 1585586834.092715}, "device": "cpu", "nd_range": {"device_start": 2254608.371753664, "device_end": 2254608.3720123833}, "cmdq": 1, "read": {"device_start": -1, "device_end": -1}}, "empty44": {"write": {"device_start": -1, "host_queued_start": 1585586834.059201, "device_queued": -1, "device_end": -1, "host_queued_end": 1585586834.092715}, "device": "cpu", "nd_range": {"device_start": 2254608.282365589, "device_end": 2254608.282366779}, "cmdq": 0, "read": {"device_start": -1, "device_end": -1}}, "coalesced_transpose21": {"write": {"device_start": -1, "host_queued_start": 1585586834.079913, "device_queued": -1, "device_end": -1, "host_queued_end": 1585586834.092715}, "device": "cpu", "nd_range": {"device_start": 2254608.357826075, "device_end": 2254608.358173146}, "cmdq": 2, "read": {"device_start": -1, "device_end": -1}}, "FFC_sans_bias36": {"write": {"device_start": -1, "host_queued_start": 1585586834.073586, "device_queued": -1, "device_end": -1, "host_queued_end": 1585586834.092715}, "device": "cpu", "nd_range": {"device_start": 2254608.328996789, "device_end": 2254608.344276051}, "cmdq": 2, "read": {"device_start": -1, "device_end": -1}}, "softmax14": {"write": {"device_start": -1, "host_queued_start": 1585586834.083501, "device_queued": -1, "device_end": -1, "host_queued_end": 1585586834.092715}, "device": "cpu", "nd_range": {"device_start": 2254608.391280568, "device_end": 2254608.391487479}, "cmdq": 1, "read": {"device_start": -1, "device_end": -1}}, "FFC_sans_bias13": {"write": {"device_start": -1, "host_queued_start": 1585586834.081581, "device_queued": -1, "device_end": -1, "host_queued_end": 1585586834.092715}, "device": "cpu", "nd_range": {"device_start": 2254608.374516466, "device_end": 2254608.387968082}, "cmdq": 3, "read": {"device_start": -1, "device_end": -1}}, "empty8": {"write": {"device_start": -1, "host_queued_start": 1585586834.055525, "device_queued": -1, "device_end": -1, "host_queued_end": 1585586834.092715}, "device": "cpu", "nd_range": {"device_start": 2254608.282352313, "device_end": 2254608.282354069}, "cmdq": 0, "read": {"device_start": -1, "device_end": -1}}, "FFC_sans_bias42": {"write": {"device_start": -1, "host_queued_start": 1585586834.08626, "device_queued": -1, "device_end": -1, "host_queued_end": 1585586834.092715}, "device": "cpu", "nd_range": {"device_start": 2254608.3933370532, "device_end": 2254608.4014811884}, "cmdq": 2, "read": {"device_start": -1, "device_end": -1}}, "FFC_sans_bias43": {"write": {"device_start": -1, "host_queued_start": 1585586834.091685, "device_queued": -1, "device_end": -1, "host_queued_end": 1585586834.092715}, "device": "cpu", "nd_range": {"device_start": 2254608.411693479, "device_end": 2254608.427736101}, "cmdq": 0, "read": {"device_start": -1, "device_end": -1}}, "FFC_sans_bias40": {"write": {"device_start": -1, "host_queued_start": 1585586834.082607, "device_queued": -1, "device_end": -1, "host_queued_end": 1585586834.092715}, "device": "cpu", "nd_range": {"device_start": 2254608.3704344924, "device_end": 2254608.3790435283}, "cmdq": 2, "read": {"device_start": -1, "device_end": -1}}, "softmax32": {"write": {"device_start": -1, "host_queued_start": 1585586834.084043, "device_queued": -1, "device_end": -1, "host_queued_end": 1585586834.092715}, "device": "cpu", "nd_range": {"device_start": 2254608.403783242, "device_end": 2254608.4039974473}, "cmdq": 3, "read": {"device_start": -1, "device_end": -1}}, "FFC_sans_bias47": {"write": {"device_start": -1, "host_queued_start": 1585586834.078856, "device_queued": -1, "device_end": -1, "host_queued_end": 1585586834.092715}, "device": "cpu", "nd_range": {"device_start": 2254608.34860971, "device_end": 2254608.3574386323}, "cmdq": 3, "read": {"device_start": -1, "device_end": -1}}, "FFC_sans_bias45": {"write": {"device_start": -1, "host_queued_start": 1585586834.076741, "device_queued": -1, "device_end": -1, "host_queued_end": 1585586834.092715}, "device": "cpu", "nd_range": {"device_start": 2254608.352703343, "device_end": 2254608.369522708}, "cmdq": 1, "read": {"device_start": -1, "device_end": -1}}, "softmax50": {"write": {"device_start": -1, "host_queued_start": 1585586834.084588, "device_queued": -1, "device_end": -1, "host_queued_end": 1585586834.092715}, "device": "cpu", "nd_range": {"device_start": 2254608.408945655, "device_end": 2254608.4091569013}, "cmdq": 1, "read": {"device_start": -1, "device_end": -1}}, "FFC_sans_bias33": {"write": {"device_start": -1, "host_queued_start": 1585586834.085919, "device_queued": -1, "device_end": -1, "host_queued_end": 1585586834.092715}, "device": "cpu", "nd_range": {"device_start": 2254608.409166695, "device_end": 2254608.424382593}, "cmdq": 1, "read": {"device_start": -1, "device_end": -1}}, "FFC_sans_bias49": {"write": {"device_start": -1, "host_queued_start": 1585586834.082948, "device_queued": -1, "device_end": -1, "host_queued_end": 1585586834.092715}, "device": "cpu", "nd_range": {"device_start": 2254608.3880927213, "device_end": 2254608.4036673573}, "cmdq": 3, "read": {"device_start": -1, "device_end": -1}}, "FFC_sans_bias24": {"write": {"device_start": -1, "host_queued_start": 1585586834.085591, "device_queued": -1, "device_end": -1, "host_queued_end": 1585586834.092715}, "device": "cpu", "nd_range": {"device_start": 2254608.3807537523, "device_end": 2254608.3961885893}, "cmdq": 0, "read": {"device_start": -1, "device_end": -1}}, "FFC_sans_bias25": {"write": {"device_start": -1, "host_queued_start": 1585586834.08965, "device_queued": -1, "device_end": -1, "host_queued_end": 1585586834.092715}, "device": "cpu", "nd_range": {"device_start": 2254608.4014885123, "device_end": 2254608.416767034}, "cmdq": 2, "read": {"device_start": -1, "device_end": -1}}, "FFC_sans_bias27": {"write": {"device_start": -1, "host_queued_start": 1585586834.07041, "device_queued": -1, "device_end": -1, "host_queued_end": 1585586834.092715}, "device": "cpu", "nd_range": {"device_start": 2254608.315742774, "device_end": 2254608.3319421983}, "cmdq": 3, "read": {"device_start": -1, "device_end": -1}}, "FFC_sans_bias20": {"write": {"device_start": -1, "host_queued_start": 1585586834.069341, "device_queued": -1, "device_end": -1, "host_queued_end": 1585586834.092715}, "device": "cpu", "nd_range": {"device_start": 2254608.313665777, "device_end": 2254608.328882479}, "cmdq": 2, "read": {"device_start": -1, "device_end": -1}}, "FFC_sans_bias22": {"write": {"device_start": -1, "host_queued_start": 1585586834.081921, "device_queued": -1, "device_end": -1, "host_queued_end": 1585586834.092715}, "device": "cpu", "nd_range": {"device_start": 2254608.360403701, "device_end": 2254608.3694548113}, "cmdq": 0, "read": {"device_start": -1, "device_end": -1}}, "softmax5": {"write": {"device_start": -1, "host_queued_start": 1585586834.083228, "device_queued": -1, "device_end": -1, "host_queued_end": 1585586834.092715}, "device": "cpu", "nd_range": {"device_start": 2254608.37047482, "device_end": 2254608.371596942}, "cmdq": 0, "read": {"device_start": -1, "device_end": -1}}, "FFC_sans_bias28": {"write": {"device_start": -1, "host_queued_start": 1585586834.071483, "device_queued": -1, "device_end": -1, "host_queued_end": 1585586834.092715}, "device": "cpu", "nd_range": {"device_start": 2254608.3133309013, "device_end": 2254608.3284664773}, "cmdq": 0, "read": {"device_start": -1, "device_end": -1}}, "FFC_sans_bias29": {"write": {"device_start": -1, "host_queued_start": 1585586834.072547, "device_queued": -1, "device_end": -1, "host_queued_end": 1585586834.092715}, "device": "cpu", "nd_range": {"device_start": 2254608.331686159, "device_end": 2254608.350465383}, "cmdq": 1, "read": {"device_start": -1, "device_end": -1}}, "empty17": {"write": {"device_start": -1, "host_queued_start": 1585586834.056535, "device_queued": -1, "device_end": -1, "host_queued_end": 1585586834.092715}, "device": "cpu", "nd_range": {"device_start": 2254608.28232078, "device_end": 2254608.282331199}, "cmdq": 1, "read": {"device_start": -1, "device_end": -1}}, "softmax59": {"write": {"device_start": -1, "host_queued_start": 1585586834.052912, "device_queued": -1, "device_end": -1, "host_queued_end": 1585586834.054329}, "device": "gpu", "nd_range": {"device_start": 1585586768.6339447, "device_end": 1585586768.634161}, "cmdq": 0, "read": {"device_start": -1, "device_end": -1}}, "empty35": {"write": {"device_start": -1, "host_queued_start": 1585586834.058269, "device_queued": -1, "device_end": -1, "host_queued_end": 1585586834.092715}, "device": "cpu", "nd_range": {"device_start": 2254608.28237095, "device_end": 2254608.282375818}, "cmdq": 3, "read": {"device_start": -1, "device_end": -1}}, "empty53": {"write": {"device_start": -1, "host_queued_start": 1585586834.060005, "device_queued": -1, "device_end": -1, "host_queued_end": 1585586834.092715}, "device": "cpu", "nd_range": {"device_start": 2254608.2823535074, "device_end": 2254608.282355099}, "cmdq": 1, "read": {"device_start": -1, "device_end": -1}}, "FFC_sans_bias46": {"write": {"device_start": -1, "host_queued_start": 1585586834.077785, "device_queued": -1, "device_end": -1, "host_queued_end": 1585586834.092715}, "device": "cpu", "nd_range": {"device_start": 2254608.344393494, "device_end": 2254608.3577583493}, "cmdq": 2, "read": {"device_start": -1, "device_end": -1}}, "coalesced_transpose48": {"write": {"device_start": -1, "host_queued_start": 1585586834.080898, "device_queued": -1, "device_end": -1, "host_queued_end": 1585586834.092715}, "device": "cpu", "nd_range": {"device_start": 2254608.372404504, "device_end": 2254608.372655053}, "cmdq": 1, "read": {"device_start": -1, "device_end": -1}}}