{"FFC_sans_bias60": {"write": {"device_start": -1, "host_queued_start": 1585586710.036357, "device_queued": -1, "device_end": -1, "host_queued_end": 1585586710.042866}, "device": "gpu", "nd_range": {"device_start": 1585586644.656606, "device_end": 1585586644.6572075}, "cmdq": 0, "read": {"device_start": -1, "device_end": -1}}, "FFC_sans_bias4": {"write": {"device_start": -1, "host_queued_start": 1585586710.048938, "device_queued": -1, "device_end": -1, "host_queued_end": 1585586710.050828}, "device": "cpu", "nd_range": {"device_start": 2254484.2519611972, "device_end": 2254484.2566760033}, "cmdq": 1, "read": {"device_start": -1, "device_end": -1}}, "FFC_sans_bias7": {"write": {"device_start": -1, "host_queued_start": 1585586710.050783, "device_queued": -1, "device_end": -1, "host_queued_end": 1585586710.050828}, "device": "cpu", "nd_range": {"device_start": 2254484.26196287, "device_end": 2254484.2660518712}, "cmdq": 0, "read": {"device_start": -1, "device_end": -1}}, "FFC_sans_bias6": {"write": {"device_start": -1, "host_queued_start": 1585586710.049598, "device_queued": -1, "device_end": -1, "host_queued_end": 1585586710.050828}, "device": "cpu", "nd_range": {"device_start": 2254484.257094453, "device_end": 2254484.261944929}, "cmdq": 3, "read": {"device_start": -1, "device_end": -1}}, "FFC_sans_bias1": {"write": {"device_start": -1, "host_queued_start": 1585586710.046998, "device_queued": -1, "device_end": -1, "host_queued_end": 1585586710.050828}, "device": "cpu", "nd_range": {"device_start": 2254484.2404445373, "device_end": 2254484.2516329633}, "cmdq": 2, "read": {"device_start": -1, "device_end": -1}}, "FFC_sans_bias0": {"write": {"device_start": -1, "host_queued_start": 1585586710.045741, "device_queued": -1, "device_end": -1, "host_queued_end": 1585586710.050828}, "device": "cpu", "nd_range": {"device_start": 2254484.2404347113, "device_end": 2254484.24908484}, "cmdq": 1, "read": {"device_start": -1, "device_end": -1}}, "FFC_sans_bias2": {"write": {"device_start": -1, "host_queued_start": 1585586710.048196, "device_queued": -1, "device_end": -1, "host_queued_end": 1585586710.050828}, "device": "cpu", "nd_range": {"device_start": 2254484.240443048, "device_end": 2254484.25347864}, "cmdq": 3, "read": {"device_start": -1, "device_end": -1}}, "FFC_sans_bias61": {"write": {"device_start": 1585586644.66141, "host_queued_start": 1585586710.042763, "device_queued": 1585586644.6274292, "device_end": 1585586644.66144, "host_queued_end": 1585586710.042866}, "device": "gpu", "nd_range": {"device_start": 1585586644.661448, "device_end": 1585586644.6620467}, "cmdq": 0, "read": {"device_start": 1585586644.6620543, "device_end": 1585586644.662076}}, "FFC_sans_bias52": {"write": {"device_start": 1585586644.6605694, "host_queued_start": 1585586710.041689, "device_queued": 1585586644.627295, "device_end": 1585586644.6605992, "host_queued_end": 1585586710.042866}, "device": "gpu", "nd_range": {"device_start": 1585586644.660614, "device_end": 1585586644.6612108}, "cmdq": 0, "read": {"device_start": 1585586644.6612196, "device_end": 1585586644.6612418}}, "FFC_sans_bias9": {"write": {"device_start": 1585586644.6246512, "host_queued_start": 1585586710.009138, "device_queued": 1585586644.6238537, "device_end": 1585586644.6246781, "host_queued_end": 1585586710.042866}, "device": "gpu", "nd_range": {"device_start": 1585586644.6246808, "device_end": 1585586644.6252806}, "cmdq": 0, "read": {"device_start": -1, "device_end": -1}}, "coalesced_transpose39": {"write": {"device_start": -1, "host_queued_start": 1585586710.030213, "device_queued": -1, "device_end": -1, "host_queued_end": 1585586710.042866}, "device": "gpu", "nd_range": {"device_start": 1585586644.6487055, "device_end": 1585586644.6487136}, "cmdq": 0, "read": {"device_start": -1, "device_end": -1}}, "FFC_sans_bias55": {"write": {"device_start": 1585586644.6480496, "host_queued_start": 1585586710.028944, "device_queued": 1585586644.6257741, "device_end": 1585586644.6480727, "host_queued_end": 1585586710.042866}, "device": "gpu", "nd_range": {"device_start": 1585586644.648078, "device_end": 1585586644.6486764}, "cmdq": 0, "read": {"device_start": -1, "device_end": -1}}, "FFC_sans_bias54": {"write": {"device_start": 1585586644.647334, "host_queued_start": 1585586710.027881, "device_queued": 1585586644.625659, "device_end": 1585586644.6473591, "host_queued_end": 1585586710.042866}, "device": "gpu", "nd_range": {"device_start": 1585586644.6473641, "device_end": 1585586644.6479626}, "cmdq": 0, "read": {"device_start": -1, "device_end": -1}}, "FFC_sans_bias56": {"write": {"device_start": 1585586644.6466334, "host_queued_start": 1585586710.026798, "device_queued": 1585586644.6256244, "device_end": 1585586644.6466565, "host_queued_end": 1585586710.042866}, "device": "gpu", "nd_range": {"device_start": 1585586644.6466608, "device_end": 1585586644.647257}, "cmdq": 0, "read": {"device_start": -1, "device_end": -1}}, "FFC_sans_bias51": {"write": {"device_start": -1, "host_queued_start": 1585586710.036035, "device_queued": -1, "device_end": -1, "host_queued_end": 1585586710.042866}, "device": "gpu", "nd_range": {"device_start": 1585586644.6560032, "device_end": 1585586644.6566048}, "cmdq": 0, "read": {"device_start": -1, "device_end": -1}}, "softmax23": {"write": {"device_start": -1, "host_queued_start": 1585586710.033317, "device_queued": -1, "device_end": -1, "host_queued_end": 1585586710.042866}, "device": "gpu", "nd_range": {"device_start": 1585586644.6525402, "device_end": 1585586644.652751}, "cmdq": 0, "read": {"device_start": -1, "device_end": -1}}, "FFC_sans_bias37": {"write": {"device_start": 1585586644.6431346, "host_queued_start": 1585586710.021058, "device_queued": 1585586644.6250196, "device_end": 1585586644.6431587, "host_queued_end": 1585586710.042866}, "device": "gpu", "nd_range": {"device_start": 1585586644.6431637, "device_end": 1585586644.6437597}, "cmdq": 0, "read": {"device_start": -1, "device_end": -1}}, "empty62": {"write": {"device_start": 1585586644.6244311, "host_queued_start": 1585586710.008043, "device_queued": 1585586644.6238172, "device_end": 1585586644.6244614, "host_queued_end": 1585586710.042866}, "device": "gpu", "nd_range": {"device_start": 1585586644.6244662, "device_end": 1585586644.6244698}, "cmdq": 0, "read": {"device_start": -1, "device_end": -1}}, "FFC_sans_bias58": {"write": {"device_start": -1, "host_queued_start": 1585586710.0328, "device_queued": -1, "device_end": -1, "host_queued_end": 1585586710.042866}, "device": "gpu", "nd_range": {"device_start": 1585586644.651726, "device_end": 1585586644.6523254}, "cmdq": 0, "read": {"device_start": -1, "device_end": -1}}, "softmax41": {"write": {"device_start": -1, "host_queued_start": 1585586710.033821, "device_queued": -1, "device_end": -1, "host_queued_end": 1585586710.042866}, "device": "gpu", "nd_range": {"device_start": 1585586644.652963, "device_end": 1585586644.6531734}, "cmdq": 0, "read": {"device_start": -1, "device_end": -1}}, "FFC_sans_bias11": {"write": {"device_start": 1585586644.626139, "host_queued_start": 1585586710.011454, "device_queued": 1585586644.6241455, "device_end": 1585586644.626164, "host_queued_end": 1585586710.042866}, "device": "gpu", "nd_range": {"device_start": 1585586644.626172, "device_end": 1585586644.626772}, "cmdq": 0, "read": {"device_start": -1, "device_end": -1}}, "FFC_sans_bias10": {"write": {"device_start": 1585586644.6254017, "host_queued_start": 1585586710.010266, "device_queued": 1585586644.6240861, "device_end": 1585586644.6254287, "host_queued_end": 1585586710.042866}, "device": "gpu", "nd_range": {"device_start": 1585586644.6254315, "device_end": 1585586644.6260307}, "cmdq": 0, "read": {"device_start": -1, "device_end": -1}}, "coalesced_transpose3": {"write": {"device_start": -1, "host_queued_start": 1585586710.048583, "device_queued": -1, "device_end": -1, "host_queued_end": 1585586710.050828}, "device": "cpu", "nd_range": {"device_start": 2254484.25164094, "device_end": 2254484.2518374273}, "cmdq": 0, "read": {"device_start": -1, "device_end": -1}}, "FFC_sans_bias34": {"write": {"device_start": 1585586644.6589937, "host_queued_start": 1585586710.039564, "device_queued": 1585586644.6270955, "device_end": 1585586644.6590233, "host_queued_end": 1585586710.042866}, "device": "gpu", "nd_range": {"device_start": 1585586644.6590264, "device_end": 1585586644.6596234}, "cmdq": 0, "read": {"device_start": 1585586644.6596324, "device_end": 1585586644.6596546}}, "FFC_sans_bias15": {"write": {"device_start": -1, "host_queued_start": 1585586710.034735, "device_queued": -1, "device_end": -1, "host_queued_end": 1585586710.042866}, "device": "gpu", "nd_range": {"device_start": 1585586644.6535962, "device_end": 1585586644.654198}, "cmdq": 0, "read": {"device_start": -1, "device_end": -1}}, "FFC_sans_bias31": {"write": {"device_start": -1, "host_queued_start": 1585586710.031813, "device_queued": -1, "device_end": -1, "host_queued_end": 1585586710.042866}, "device": "gpu", "nd_range": {"device_start": 1585586644.6499336, "device_end": 1585586644.650531}, "cmdq": 0, "read": {"device_start": -1, "device_end": -1}}, "FFC_sans_bias16": {"write": {"device_start": 1585586644.657327, "host_queued_start": 1585586710.037401, "device_queued": 1585586644.6268334, "device_end": 1585586644.6573575, "host_queued_end": 1585586710.042866}, "device": "gpu", "nd_range": {"device_start": 1585586644.6573622, "device_end": 1585586644.6579597}, "cmdq": 0, "read": {"device_start": 1585586644.6579628, "device_end": 1585586644.6579857}}, "FFC_sans_bias19": {"write": {"device_start": 1585586644.6275992, "host_queued_start": 1585586710.013726, "device_queued": 1585586644.6243794, "device_end": 1585586644.627624, "host_queued_end": 1585586710.042866}, "device": "gpu", "nd_range": {"device_start": 1585586644.6276276, "device_end": 1585586644.6282256}, "cmdq": 0, "read": {"device_start": -1, "device_end": -1}}, "FFC_sans_bias18": {"write": {"device_start": 1585586644.6268682, "host_queued_start": 1585586710.012603, "device_queued": 1585586644.624322, "device_end": 1585586644.6268945, "host_queued_end": 1585586710.042866}, "device": "gpu", "nd_range": {"device_start": 1585586644.6269035, "device_end": 1585586644.6275198}, "cmdq": 0, "read": {"device_start": -1, "device_end": -1}}, "coalesced_transpose30": {"write": {"device_start": -1, "host_queued_start": 1585586710.029906, "device_queued": -1, "device_end": -1, "host_queued_end": 1585586710.042866}, "device": "gpu", "nd_range": {"device_start": 1585586644.648696, "device_end": 1585586644.648704}, "cmdq": 0, "read": {"device_start": -1, "device_end": -1}}, "FFC_sans_bias38": {"write": {"device_start": 1585586644.6438367, "host_queued_start": 1585586710.022183, "device_queued": 1585586644.6251545, "device_end": 1585586644.643861, "host_queued_end": 1585586710.042866}, "device": "gpu", "nd_range": {"device_start": 1585586644.6438642, "device_end": 1585586644.644458}, "cmdq": 0, "read": {"device_start": -1, "device_end": -1}}, "coalesced_transpose57": {"write": {"device_start": -1, "host_queued_start": 1585586710.030842, "device_queued": -1, "device_end": -1, "host_queued_end": 1585586710.042866}, "device": "gpu", "nd_range": {"device_start": 1585586644.648725, "device_end": 1585586644.6487334}, "cmdq": 0, "read": {"device_start": -1, "device_end": -1}}, "empty26": {"write": {"device_start": 1585586644.623705, "host_queued_start": 1585586710.00312, "device_queued": 1585586644.6235511, "device_end": 1585586644.6237366, "host_queued_end": 1585586710.042866}, "device": "gpu", "nd_range": {"device_start": 1585586644.6237454, "device_end": 1585586644.623749}, "cmdq": 0, "read": {"device_start": -1, "device_end": -1}}, "coalesced_transpose12": {"write": {"device_start": -1, "host_queued_start": 1585586710.029284, "device_queued": -1, "device_end": -1, "host_queued_end": 1585586710.042866}, "device": "gpu", "nd_range": {"device_start": 1585586644.6486776, "device_end": 1585586644.6486857}, "cmdq": 0, "read": {"device_start": -1, "device_end": -1}}, "empty44": {"write": {"device_start": 1585586644.6240444, "host_queued_start": 1585586710.006099, "device_queued": 1585586644.6236012, "device_end": 1585586644.624075, "host_queued_end": 1585586710.042866}, "device": "gpu", "nd_range": {"device_start": 1585586644.6240804, "device_end": 1585586644.624084}, "cmdq": 0, "read": {"device_start": -1, "device_end": -1}}, "coalesced_transpose21": {"write": {"device_start": -1, "host_queued_start": 1585586710.029599, "device_queued": -1, "device_end": -1, "host_queued_end": 1585586710.042866}, "device": "gpu", "nd_range": {"device_start": 1585586644.6486866, "device_end": 1585586644.648695}, "cmdq": 0, "read": {"device_start": -1, "device_end": -1}}, "FFC_sans_bias36": {"write": {"device_start": 1585586644.642411, "host_queued_start": 1585586710.019899, "device_queued": 1585586644.6249683, "device_end": 1585586644.6424372, "host_queued_end": 1585586710.042866}, "device": "gpu", "nd_range": {"device_start": 1585586644.642446, "device_end": 1585586644.643047}, "cmdq": 0, "read": {"device_start": -1, "device_end": -1}}, "softmax14": {"write": {"device_start": -1, "host_queued_start": 1585586710.033062, "device_queued": -1, "device_end": -1, "host_queued_end": 1585586710.042866}, "device": "gpu", "nd_range": {"device_start": 1585586644.6523266, "device_end": 1585586644.6525393}, "cmdq": 0, "read": {"device_start": -1, "device_end": -1}}, "FFC_sans_bias13": {"write": {"device_start": -1, "host_queued_start": 1585586710.031162, "device_queued": -1, "device_end": -1, "host_queued_end": 1585586710.042866}, "device": "gpu", "nd_range": {"device_start": 1585586644.6487343, "device_end": 1585586644.649335}, "cmdq": 0, "read": {"device_start": -1, "device_end": -1}}, "empty8": {"write": {"device_start": -1, "host_queued_start": 1585586710.04442, "device_queued": -1, "device_end": -1, "host_queued_end": 1585586710.050828}, "device": "cpu", "nd_range": {"device_start": 2254484.2404107493, "device_end": 2254484.2404223713}, "cmdq": 0, "read": {"device_start": -1, "device_end": -1}}, "FFC_sans_bias42": {"write": {"device_start": -1, "host_queued_start": 1585586710.035707, "device_queued": -1, "device_end": -1, "host_queued_end": 1585586710.042866}, "device": "gpu", "nd_range": {"device_start": 1585586644.6554024, "device_end": 1585586644.6560018}, "cmdq": 0, "read": {"device_start": -1, "device_end": -1}}, "FFC_sans_bias43": {"write": {"device_start": 1585586644.659825, "host_queued_start": 1585586710.04062, "device_queued": 1585586644.6272466, "device_end": 1585586644.659855, "host_queued_end": 1585586710.042866}, "device": "gpu", "nd_range": {"device_start": 1585586644.6598577, "device_end": 1585586644.6603618}, "cmdq": 0, "read": {"device_start": 1585586644.6603699, "device_end": 1585586644.6603918}}, "FFC_sans_bias40": {"write": {"device_start": -1, "host_queued_start": 1585586710.032134, "device_queued": -1, "device_end": -1, "host_queued_end": 1585586710.042866}, "device": "gpu", "nd_range": {"device_start": 1585586644.6505322, "device_end": 1585586644.651132}, "cmdq": 0, "read": {"device_start": -1, "device_end": -1}}, "softmax32": {"write": {"device_start": -1, "host_queued_start": 1585586710.033572, "device_queued": -1, "device_end": -1, "host_queued_end": 1585586710.042866}, "device": "gpu", "nd_range": {"device_start": 1585586644.652752, "device_end": 1585586644.6529608}, "cmdq": 0, "read": {"device_start": -1, "device_end": -1}}, "FFC_sans_bias47": {"write": {"device_start": 1585586644.6459298, "host_queued_start": 1585586710.025643, "device_queued": 1585586644.6255054, "device_end": 1585586644.6459537, "host_queued_end": 1585586710.042866}, "device": "gpu", "nd_range": {"device_start": 1585586644.6459603, "device_end": 1585586644.6465533}, "cmdq": 0, "read": {"device_start": -1, "device_end": -1}}, "FFC_sans_bias45": {"write": {"device_start": 1585586644.6445434, "host_queued_start": 1585586710.023309, "device_queued": 1585586644.6252053, "device_end": 1585586644.6445668, "host_queued_end": 1585586710.042866}, "device": "gpu", "nd_range": {"device_start": 1585586644.6445727, "device_end": 1585586644.6451626}, "cmdq": 0, "read": {"device_start": -1, "device_end": -1}}, "softmax50": {"write": {"device_start": -1, "host_queued_start": 1585586710.034073, "device_queued": -1, "device_end": -1, "host_queued_end": 1585586710.042866}, "device": "gpu", "nd_range": {"device_start": 1585586644.6531754, "device_end": 1585586644.6533844}, "cmdq": 0, "read": {"device_start": -1, "device_end": -1}}, "FFC_sans_bias33": {"write": {"device_start": -1, "host_queued_start": 1585586710.035387, "device_queued": -1, "device_end": -1, "host_queued_end": 1585586710.042866}, "device": "gpu", "nd_range": {"device_start": 1585586644.6548007, "device_end": 1585586644.6554012}, "cmdq": 0, "read": {"device_start": -1, "device_end": -1}}, "FFC_sans_bias49": {"write": {"device_start": -1, "host_queued_start": 1585586710.032467, "device_queued": -1, "device_end": -1, "host_queued_end": 1585586710.042866}, "device": "gpu", "nd_range": {"device_start": 1585586644.6511335, "device_end": 1585586644.6517246}, "cmdq": 0, "read": {"device_start": -1, "device_end": -1}}, "FFC_sans_bias24": {"write": {"device_start": -1, "host_queued_start": 1585586710.035066, "device_queued": -1, "device_end": -1, "host_queued_end": 1585586710.042866}, "device": "gpu", "nd_range": {"device_start": 1585586644.6541996, "device_end": 1585586644.6547997}, "cmdq": 0, "read": {"device_start": -1, "device_end": -1}}, "FFC_sans_bias25": {"write": {"device_start": 1585586644.6581528, "host_queued_start": 1585586710.038493, "device_queued": 1585586644.627019, "device_end": 1585586644.6581829, "host_queued_end": 1585586710.042866}, "device": "gpu", "nd_range": {"device_start": 1585586644.6581867, "device_end": 1585586644.6587837}, "cmdq": 0, "read": {"device_start": 1585586644.6587927, "device_end": 1585586644.658815}}, "FFC_sans_bias27": {"write": {"device_start": 1585586644.6290123, "host_queued_start": 1585586710.016129, "device_queued": 1585586644.6246095, "device_end": 1585586644.629042, "host_queued_end": 1585586710.042866}, "device": "gpu", "nd_range": {"device_start": 1585586644.6290479, "device_end": 1585586644.6296473}, "cmdq": 0, "read": {"device_start": -1, "device_end": -1}}, "FFC_sans_bias20": {"write": {"device_start": 1585586644.6283007, "host_queued_start": 1585586710.01492, "device_queued": 1585586644.6245482, "device_end": 1585586644.628325, "host_queued_end": 1585586710.042866}, "device": "gpu", "nd_range": {"device_start": 1585586644.628328, "device_end": 1585586644.6289213}, "cmdq": 0, "read": {"device_start": -1, "device_end": -1}}, "FFC_sans_bias22": {"write": {"device_start": -1, "host_queued_start": 1585586710.03149, "device_queued": -1, "device_end": -1, "host_queued_end": 1585586710.042866}, "device": "gpu", "nd_range": {"device_start": 1585586644.6493359, "device_end": 1585586644.6499326}, "cmdq": 0, "read": {"device_start": -1, "device_end": -1}}, "softmax5": {"write": {"device_start": -1, "host_queued_start": 1585586710.049252, "device_queued": -1, "device_end": -1, "host_queued_end": 1585586710.050828}, "device": "cpu", "nd_range": {"device_start": 2254484.256838369, "device_end": 2254484.256931044}, "cmdq": 2, "read": {"device_start": -1, "device_end": -1}}, "FFC_sans_bias28": {"write": {"device_start": 1585586644.6297762, "host_queued_start": 1585586710.017387, "device_queued": 1585586644.6247795, "device_end": 1585586644.6298065, "host_queued_end": 1585586710.042866}, "device": "gpu", "nd_range": {"device_start": 1585586644.6298149, "device_end": 1585586644.6304035}, "cmdq": 0, "read": {"device_start": -1, "device_end": -1}}, "FFC_sans_bias29": {"write": {"device_start": 1585586644.630533, "host_queued_start": 1585586710.018645, "device_queued": 1585586644.6248236, "device_end": 1585586644.6305583, "host_queued_end": 1585586710.042866}, "device": "gpu", "nd_range": {"device_start": 1585586644.6305623, "device_end": 1585586644.6311615}, "cmdq": 0, "read": {"device_start": -1, "device_end": -1}}, "empty17": {"write": {"device_start": 1585586644.6235073, "host_queued_start": 1585586710.001152, "device_queued": 1585586644.6233914, "device_end": 1585586644.6235375, "host_queued_end": 1585586710.042866}, "device": "gpu", "nd_range": {"device_start": 1585586644.6235828, "device_end": 1585586644.6235878}, "cmdq": 0, "read": {"device_start": -1, "device_end": -1}}, "softmax59": {"write": {"device_start": -1, "host_queued_start": 1585586710.034324, "device_queued": -1, "device_end": -1, "host_queued_end": 1585586710.042866}, "device": "gpu", "nd_range": {"device_start": 1585586644.6533859, "device_end": 1585586644.6535952}, "cmdq": 0, "read": {"device_start": -1, "device_end": -1}}, "empty35": {"write": {"device_start": 1585586644.62387, "host_queued_start": 1585586710.004881, "device_queued": 1585586644.6235769, "device_end": 1585586644.6239018, "host_queued_end": 1585586710.042866}, "device": "gpu", "nd_range": {"device_start": 1585586644.6239061, "device_end": 1585586644.6239097}, "cmdq": 0, "read": {"device_start": -1, "device_end": -1}}, "empty53": {"write": {"device_start": 1585586644.6242077, "host_queued_start": 1585586710.007151, "device_queued": 1585586644.623764, "device_end": 1585586644.624239, "host_queued_end": 1585586710.042866}, "device": "gpu", "nd_range": {"device_start": 1585586644.624243, "device_end": 1585586644.6242466}, "cmdq": 0, "read": {"device_start": -1, "device_end": -1}}, "FFC_sans_bias46": {"write": {"device_start": 1585586644.6452365, "host_queued_start": 1585586710.024458, "device_queued": 1585586644.625472, "device_end": 1585586644.6452599, "host_queued_end": 1585586710.042866}, "device": "gpu", "nd_range": {"device_start": 1585586644.645265, "device_end": 1585586644.645857}, "cmdq": 0, "read": {"device_start": -1, "device_end": -1}}, "coalesced_transpose48": {"write": {"device_start": -1, "host_queued_start": 1585586710.03052, "device_queued": -1, "device_end": -1, "host_queued_end": 1585586710.042866}, "device": "gpu", "nd_range": {"device_start": 1585586644.6487145, "device_end": 1585586644.6487234}, "cmdq": 0, "read": {"device_start": -1, "device_end": -1}}}