{"FFC_sans_bias60": {"write": {"device_start": -1, "host_queued_start": 1585586820.402396, "device_queued": -1, "device_end": -1, "host_queued_end": 1585586820.408792}, "device": "gpu", "nd_range": {"device_start": 1585586755.0099661, "device_end": 1585586755.0109594}, "cmdq": 1, "read": {"device_start": -1, "device_end": -1}}, "FFC_sans_bias4": {"write": {"device_start": -1, "host_queued_start": 1585586820.415063, "device_queued": -1, "device_end": -1, "host_queued_end": 1585586820.417168}, "device": "cpu", "nd_range": {"device_start": 2254594.618632613, "device_end": 2254594.6225904743}, "cmdq": 1, "read": {"device_start": -1, "device_end": -1}}, "FFC_sans_bias7": {"write": {"device_start": -1, "host_queued_start": 1585586820.417096, "device_queued": -1, "device_end": -1, "host_queued_end": 1585586820.417168}, "device": "cpu", "nd_range": {"device_start": 2254594.628109793, "device_end": 2254594.6325264}, "cmdq": 0, "read": {"device_start": -1, "device_end": -1}}, "FFC_sans_bias6": {"write": {"device_start": -1, "host_queued_start": 1585586820.415861, "device_queued": -1, "device_end": -1, "host_queued_end": 1585586820.417168}, "device": "cpu", "nd_range": {"device_start": 2254594.622805259, "device_end": 2254594.6280903122}, "cmdq": 3, "read": {"device_start": -1, "device_end": -1}}, "FFC_sans_bias1": {"write": {"device_start": -1, "host_queued_start": 1585586820.412828, "device_queued": -1, "device_end": -1, "host_queued_end": 1585586820.417168}, "device": "cpu", "nd_range": {"device_start": 2254594.606807501, "device_end": 2254594.615418379}, "cmdq": 2, "read": {"device_start": -1, "device_end": -1}}, "FFC_sans_bias0": {"write": {"device_start": -1, "host_queued_start": 1585586820.411584, "device_queued": -1, "device_end": -1, "host_queued_end": 1585586820.417168}, "device": "cpu", "nd_range": {"device_start": 2254594.606796484, "device_end": 2254594.618272683}, "cmdq": 1, "read": {"device_start": -1, "device_end": -1}}, "FFC_sans_bias2": {"write": {"device_start": -1, "host_queued_start": 1585586820.414191, "device_queued": -1, "device_end": -1, "host_queued_end": 1585586820.417168}, "device": "cpu", "nd_range": {"device_start": 2254594.6068117013, "device_end": 2254594.61876874}, "cmdq": 3, "read": {"device_start": -1, "device_end": -1}}, "FFC_sans_bias61": {"write": {"device_start": 1585586755.0130823, "host_queued_start": 1585586820.408681, "device_queued": 1585586754.9908843, "device_end": 1585586755.0131073, "host_queued_end": 1585586820.408792}, "device": "gpu", "nd_range": {"device_start": 1585586755.0131109, "device_end": 1585586755.013824}, "cmdq": 1, "read": {"device_start": 1585586755.013828, "device_end": 1585586755.0138502}}, "FFC_sans_bias52": {"write": {"device_start": 1585586755.0125673, "host_queued_start": 1585586820.407625, "device_queued": 1585586754.990715, "device_end": 1585586755.0125923, "host_queued_end": 1585586820.408792}, "device": "gpu", "nd_range": {"device_start": 1585586755.0125961, "device_end": 1585586755.0133712}, "cmdq": 0, "read": {"device_start": 1585586755.0133758, "device_end": 1585586755.0133986}}, "FFC_sans_bias9": {"write": {"device_start": 1585586754.9872012, "host_queued_start": 1585586820.377567, "device_queued": 1585586754.9869866, "device_end": 1585586754.9872804, "host_queued_end": 1585586820.408792}, "device": "gpu", "nd_range": {"device_start": 1585586754.9872918, "device_end": 1585586754.9878988}, "cmdq": 0, "read": {"device_start": -1, "device_end": -1}}, "coalesced_transpose39": {"write": {"device_start": -1, "host_queued_start": 1585586820.396481, "device_queued": -1, "device_end": -1, "host_queued_end": 1585586820.408792}, "device": "gpu", "nd_range": {"device_start": 1585586755.004902, "device_end": 1585586755.0049193}, "cmdq": 1, "read": {"device_start": -1, "device_end": -1}}, "FFC_sans_bias55": {"write": {"device_start": 1585586755.0034773, "host_queued_start": 1585586820.395255, "device_queued": 1585586754.9887843, "device_end": 1585586755.0035052, "host_queued_end": 1585586820.408792}, "device": "gpu", "nd_range": {"device_start": 1585586755.0035112, "device_end": 1585586755.004494}, "cmdq": 1, "read": {"device_start": -1, "device_end": -1}}, "FFC_sans_bias54": {"write": {"device_start": 1585586755.0033915, "host_queued_start": 1585586820.394204, "device_queued": 1585586754.988655, "device_end": 1585586755.0034735, "host_queued_end": 1585586820.408792}, "device": "gpu", "nd_range": {"device_start": 1585586755.0034852, "device_end": 1585586755.0040948}, "cmdq": 0, "read": {"device_start": -1, "device_end": -1}}, "FFC_sans_bias56": {"write": {"device_start": 1585586754.9942894, "host_queued_start": 1585586820.393184, "device_queued": 1585586754.9886198, "device_end": 1585586754.9943213, "host_queued_end": 1585586820.408792}, "device": "gpu", "nd_range": {"device_start": 1585586754.9943254, "device_end": 1585586754.9951336}, "cmdq": 1, "read": {"device_start": -1, "device_end": -1}}, "FFC_sans_bias51": {"write": {"device_start": -1, "host_queued_start": 1585586820.402085, "device_queued": -1, "device_end": -1, "host_queued_end": 1585586820.408792}, "device": "gpu", "nd_range": {"device_start": 1585586755.0095453, "device_end": 1585586755.010502}, "cmdq": 0, "read": {"device_start": -1, "device_end": -1}}, "softmax23": {"write": {"device_start": -1, "host_queued_start": 1585586820.399469, "device_queued": -1, "device_end": -1, "host_queued_end": 1585586820.408792}, "device": "gpu", "nd_range": {"device_start": 1585586755.007503, "device_end": 1585586755.007709}, "cmdq": 1, "read": {"device_start": -1, "device_end": -1}}, "FFC_sans_bias37": {"write": {"device_start": 1585586754.991885, "host_queued_start": 1585586820.387997, "device_queued": 1585586754.9881256, "device_end": 1585586754.9919114, "host_queued_end": 1585586820.408792}, "device": "gpu", "nd_range": {"device_start": 1585586754.991916, "device_end": 1585586754.9927115}, "cmdq": 0, "read": {"device_start": -1, "device_end": -1}}, "empty62": {"write": {"device_start": 1585586754.987105, "host_queued_start": 1585586820.376577, "device_queued": 1585586754.9869554, "device_end": 1585586754.9871397, "host_queued_end": 1585586820.408792}, "device": "gpu", "nd_range": {"device_start": 1585586754.9871483, "device_end": 1585586754.9871533}, "cmdq": 1, "read": {"device_start": -1, "device_end": -1}}, "FFC_sans_bias58": {"write": {"device_start": -1, "host_queued_start": 1585586820.398975, "device_queued": -1, "device_end": -1, "host_queued_end": 1585586820.408792}, "device": "gpu", "nd_range": {"device_start": 1585586755.0065296, "device_end": 1585586755.0075016}, "cmdq": 1, "read": {"device_start": -1, "device_end": -1}}, "softmax41": {"write": {"device_start": -1, "host_queued_start": 1585586820.399949, "device_queued": -1, "device_end": -1, "host_queued_end": 1585586820.408792}, "device": "gpu", "nd_range": {"device_start": 1585586755.0077102, "device_end": 1585586755.0079172}, "cmdq": 1, "read": {"device_start": -1, "device_end": -1}}, "FFC_sans_bias11": {"write": {"device_start": 1585586754.9880207, "host_queued_start": 1585586820.379661, "device_queued": 1585586754.9872248, "device_end": 1585586754.988052, "host_queued_end": 1585586820.408792}, "device": "gpu", "nd_range": {"device_start": 1585586754.9880562, "device_end": 1585586754.9888828}, "cmdq": 0, "read": {"device_start": -1, "device_end": -1}}, "FFC_sans_bias10": {"write": {"device_start": 1585586754.9872916, "host_queued_start": 1585586820.378629, "device_queued": 1585586754.9871716, "device_end": 1585586754.9873176, "host_queued_end": 1585586820.408792}, "device": "gpu", "nd_range": {"device_start": 1585586754.9873202, "device_end": 1585586754.9883049}, "cmdq": 1, "read": {"device_start": -1, "device_end": -1}}, "coalesced_transpose3": {"write": {"device_start": -1, "host_queued_start": 1585586820.414638, "device_queued": -1, "device_end": -1, "host_queued_end": 1585586820.417168}, "device": "cpu", "nd_range": {"device_start": 2254594.618270445, "device_end": 2254594.618510216}, "cmdq": 0, "read": {"device_start": -1, "device_end": -1}}, "FFC_sans_bias34": {"write": {"device_start": 1585586755.0116353, "host_queued_start": 1585586820.405549, "device_queued": 1585586754.990403, "device_end": 1585586755.0116603, "host_queued_end": 1585586820.408792}, "device": "gpu", "nd_range": {"device_start": 1585586755.011664, "device_end": 1585586755.0124104}, "cmdq": 0, "read": {"device_start": 1585586755.0124152, "device_end": 1585586755.0124395}}, "FFC_sans_bias15": {"write": {"device_start": -1, "host_queued_start": 1585586820.400834, "device_queued": -1, "device_end": -1, "host_queued_end": 1585586820.408792}, "device": "gpu", "nd_range": {"device_start": 1585586755.007969, "device_end": 1585586755.0085735}, "cmdq": 0, "read": {"device_start": -1, "device_end": -1}}, "FFC_sans_bias31": {"write": {"device_start": -1, "host_queued_start": 1585586820.398024, "device_queued": -1, "device_end": -1, "host_queued_end": 1585586820.408792}, "device": "gpu", "nd_range": {"device_start": 1585586755.0050776, "device_end": 1585586755.0060678}, "cmdq": 0, "read": {"device_start": -1, "device_end": -1}}, "FFC_sans_bias16": {"write": {"device_start": 1585586755.0105984, "host_queued_start": 1585586820.403457, "device_queued": 1585586754.9901288, "device_end": 1585586755.0106227, "host_queued_end": 1585586820.408792}, "device": "gpu", "nd_range": {"device_start": 1585586755.0106256, "device_end": 1585586755.0114603}, "cmdq": 0, "read": {"device_start": 1585586755.0114663, "device_end": 1585586755.0114908}}, "FFC_sans_bias19": {"write": {"device_start": 1585586754.9889948, "host_queued_start": 1585586820.381724, "device_queued": 1585586754.9874341, "device_end": 1585586754.9890254, "host_queued_end": 1585586820.408792}, "device": "gpu", "nd_range": {"device_start": 1585586754.98903, "device_end": 1585586754.989841}, "cmdq": 0, "read": {"device_start": -1, "device_end": -1}}, "FFC_sans_bias18": {"write": {"device_start": 1585586754.9884079, "host_queued_start": 1585586820.380691, "device_queued": 1585586754.9873905, "device_end": 1585586754.9884348, "host_queued_end": 1585586820.408792}, "device": "gpu", "nd_range": {"device_start": 1585586754.9884384, "device_end": 1585586754.9892952}, "cmdq": 1, "read": {"device_start": -1, "device_end": -1}}, "coalesced_transpose30": {"write": {"device_start": -1, "host_queued_start": 1585586820.396183, "device_queued": -1, "device_end": -1, "host_queued_end": 1585586820.408792}, "device": "gpu", "nd_range": {"device_start": 1585586755.004403, "device_end": 1585586755.0044281}, "cmdq": 0, "read": {"device_start": -1, "device_end": -1}}, "FFC_sans_bias38": {"write": {"device_start": 1585586754.9924004, "host_queued_start": 1585586820.389044, "device_queued": 1585586754.9882598, "device_end": 1585586754.9924326, "host_queued_end": 1585586820.408792}, "device": "gpu", "nd_range": {"device_start": 1585586754.992438, "device_end": 1585586754.9932563}, "cmdq": 1, "read": {"device_start": -1, "device_end": -1}}, "coalesced_transpose57": {"write": {"device_start": -1, "host_queued_start": 1585586820.397078, "device_queued": -1, "device_end": -1, "host_queued_end": 1585586820.408792}, "device": "gpu", "nd_range": {"device_start": 1585586755.004921, "device_end": 1585586755.0049412}, "cmdq": 1, "read": {"device_start": -1, "device_end": -1}}, "empty26": {"write": {"device_start": 1585586754.9866683, "host_queued_start": 1585586820.3732, "device_queued": 1585586754.9865592, "device_end": 1585586754.986736, "host_queued_end": 1585586820.408792}, "device": "gpu", "nd_range": {"device_start": 1585586754.9867406, "device_end": 1585586754.9867454}, "cmdq": 1, "read": {"device_start": -1, "device_end": -1}}, "coalesced_transpose12": {"write": {"device_start": -1, "host_queued_start": 1585586820.395586, "device_queued": -1, "device_end": -1, "host_queued_end": 1585586820.408792}, "device": "gpu", "nd_range": {"device_start": 1585586755.0040965, "device_end": 1585586755.0043986}, "cmdq": 0, "read": {"device_start": -1, "device_end": -1}}, "empty44": {"write": {"device_start": 1585586754.9868596, "host_queued_start": 1585586820.374967, "device_queued": 1585586754.9867132, "device_end": 1585586754.9868855, "host_queued_end": 1585586820.408792}, "device": "gpu", "nd_range": {"device_start": 1585586754.9868908, "device_end": 1585586754.9868941}, "cmdq": 1, "read": {"device_start": -1, "device_end": -1}}, "coalesced_transpose21": {"write": {"device_start": -1, "host_queued_start": 1585586820.395886, "device_queued": -1, "device_end": -1, "host_queued_end": 1585586820.408792}, "device": "gpu", "nd_range": {"device_start": 1585586755.0044975, "device_end": 1585586755.0048947}, "cmdq": 1, "read": {"device_start": -1, "device_end": -1}}, "FFC_sans_bias36": {"write": {"device_start": 1585586754.9914134, "host_queued_start": 1585586820.386947, "device_queued": 1585586754.9880855, "device_end": 1585586754.9914393, "host_queued_end": 1585586820.408792}, "device": "gpu", "nd_range": {"device_start": 1585586754.991445, "device_end": 1585586754.9922862}, "cmdq": 1, "read": {"device_start": -1, "device_end": -1}}, "softmax14": {"write": {"device_start": -1, "host_queued_start": 1585586820.399225, "device_queued": -1, "device_end": -1, "host_queued_end": 1585586820.408792}, "device": "gpu", "nd_range": {"device_start": 1585586755.006987, "device_end": 1585586755.0075593}, "cmdq": 0, "read": {"device_start": -1, "device_end": -1}}, "FFC_sans_bias13": {"write": {"device_start": -1, "host_queued_start": 1585586820.397392, "device_queued": -1, "device_end": -1, "host_queued_end": 1585586820.408792}, "device": "gpu", "nd_range": {"device_start": 1585586755.0044665, "device_end": 1585586755.0050764}, "cmdq": 0, "read": {"device_start": -1, "device_end": -1}}, "empty8": {"write": {"device_start": -1, "host_queued_start": 1585586820.410351, "device_queued": -1, "device_end": -1, "host_queued_end": 1585586820.417168}, "device": "cpu", "nd_range": {"device_start": 2254594.606775932, "device_end": 2254594.606785255}, "cmdq": 0, "read": {"device_start": -1, "device_end": -1}}, "FFC_sans_bias42": {"write": {"device_start": -1, "host_queued_start": 1585586820.40177, "device_queued": -1, "device_end": -1, "host_queued_end": 1585586820.408792}, "device": "gpu", "nd_range": {"device_start": 1585586755.0089777, "device_end": 1585586755.0099652}, "cmdq": 1, "read": {"device_start": -1, "device_end": -1}}, "FFC_sans_bias43": {"write": {"device_start": 1585586755.012117, "host_queued_start": 1585586820.40659, "device_queued": 1585586754.9906323, "device_end": 1585586755.0121417, "host_queued_end": 1585586820.408792}, "device": "gpu", "nd_range": {"device_start": 1585586755.0121446, "device_end": 1585586755.012922}, "cmdq": 1, "read": {"device_start": 1585586755.012928, "device_end": 1585586755.0129514}}, "FFC_sans_bias40": {"write": {"device_start": -1, "host_queued_start": 1585586820.398337, "device_queued": -1, "device_end": -1, "host_queued_end": 1585586820.408792}, "device": "gpu", "nd_range": {"device_start": 1585586755.0055542, "device_end": 1585586755.0065284}, "cmdq": 1, "read": {"device_start": -1, "device_end": -1}}, "softmax32": {"write": {"device_start": -1, "host_queued_start": 1585586820.39971, "device_queued": -1, "device_end": -1, "host_queued_end": 1585586820.408792}, "device": "gpu", "nd_range": {"device_start": 1585586755.0075603, "device_end": 1585586755.0077646}, "cmdq": 0, "read": {"device_start": -1, "device_end": -1}}, "FFC_sans_bias47": {"write": {"device_start": 1585586754.9938416, "host_queued_start": 1585586820.39216, "device_queued": 1585586754.9884958, "device_end": 1585586754.9938762, "host_queued_end": 1585586820.408792}, "device": "gpu", "nd_range": {"device_start": 1585586754.9938827, "device_end": 1585586754.994681}, "cmdq": 0, "read": {"device_start": -1, "device_end": -1}}, "FFC_sans_bias45": {"write": {"device_start": 1585586754.9928331, "host_queued_start": 1585586820.390066, "device_queued": 1585586754.9882925, "device_end": 1585586754.992865, "host_queued_end": 1585586820.408792}, "device": "gpu", "nd_range": {"device_start": 1585586754.9928696, "device_end": 1585586754.993699}, "cmdq": 0, "read": {"device_start": -1, "device_end": -1}}, "softmax50": {"write": {"device_start": -1, "host_queued_start": 1585586820.400192, "device_queued": -1, "device_end": -1, "host_queued_end": 1585586820.408792}, "device": "gpu", "nd_range": {"device_start": 1585586755.007766, "device_end": 1585586755.0079675}, "cmdq": 0, "read": {"device_start": -1, "device_end": -1}}, "FFC_sans_bias33": {"write": {"device_start": -1, "host_queued_start": 1585586820.401457, "device_queued": -1, "device_end": -1, "host_queued_end": 1585586820.408792}, "device": "gpu", "nd_range": {"device_start": 1585586755.0085745, "device_end": 1585586755.0095444}, "cmdq": 0, "read": {"device_start": -1, "device_end": -1}}, "FFC_sans_bias49": {"write": {"device_start": -1, "host_queued_start": 1585586820.398662, "device_queued": -1, "device_end": -1, "host_queued_end": 1585586820.408792}, "device": "gpu", "nd_range": {"device_start": 1585586755.006069, "device_end": 1585586755.006986}, "cmdq": 0, "read": {"device_start": -1, "device_end": -1}}, "FFC_sans_bias24": {"write": {"device_start": -1, "host_queued_start": 1585586820.401148, "device_queued": -1, "device_end": -1, "host_queued_end": 1585586820.408792}, "device": "gpu", "nd_range": {"device_start": 1585586755.0082629, "device_end": 1585586755.0089767}, "cmdq": 1, "read": {"device_start": -1, "device_end": -1}}, "FFC_sans_bias25": {"write": {"device_start": 1585586755.0110438, "host_queued_start": 1585586820.404514, "device_queued": 1585586754.990289, "device_end": 1585586755.0110683, "host_queued_end": 1585586820.408792}, "device": "gpu", "nd_range": {"device_start": 1585586755.0110722, "device_end": 1585586755.011944}, "cmdq": 1, "read": {"device_start": 1585586755.0119526, "device_end": 1585586755.0119765}}, "FFC_sans_bias27": {"write": {"device_start": 1585586754.9899683, "host_queued_start": 1585586820.383822, "device_queued": 1585586754.9876366, "device_end": 1585586754.9899995, "host_queued_end": 1585586820.408792}, "device": "gpu", "nd_range": {"device_start": 1585586754.9900029, "device_end": 1585586754.9907842}, "cmdq": 0, "read": {"device_start": -1, "device_end": -1}}, "FFC_sans_bias20": {"write": {"device_start": 1585586754.9893959, "host_queued_start": 1585586820.382799, "device_queued": 1585586754.9875834, "device_end": 1585586754.989427, "host_queued_end": 1585586820.408792}, "device": "gpu", "nd_range": {"device_start": 1585586754.989431, "device_end": 1585586754.9902916}, "cmdq": 1, "read": {"device_start": -1, "device_end": -1}}, "FFC_sans_bias22": {"write": {"device_start": -1, "host_queued_start": 1585586820.397705, "device_queued": -1, "device_end": -1, "host_queued_end": 1585586820.408792}, "device": "gpu", "nd_range": {"device_start": 1585586755.0049431, "device_end": 1585586755.005553}, "cmdq": 1, "read": {"device_start": -1, "device_end": -1}}, "softmax5": {"write": {"device_start": -1, "host_queued_start": 1585586820.415434, "device_queued": -1, "device_end": -1, "host_queued_end": 1585586820.417168}, "device": "cpu", "nd_range": {"device_start": 2254594.622614469, "device_end": 2254594.622793368}, "cmdq": 2, "read": {"device_start": -1, "device_end": -1}}, "FFC_sans_bias28": {"write": {"device_start": 1585586754.990422, "host_queued_start": 1585586820.384852, "device_queued": 1585586754.987801, "device_end": 1585586754.9904494, "host_queued_end": 1585586820.408792}, "device": "gpu", "nd_range": {"device_start": 1585586754.990461, "device_end": 1585586754.9912968}, "cmdq": 1, "read": {"device_start": -1, "device_end": -1}}, "FFC_sans_bias29": {"write": {"device_start": 1585586754.9908876, "host_queued_start": 1585586820.385889, "device_queued": 1585586754.9878438, "device_end": 1585586754.990916, "host_queued_end": 1585586820.408792}, "device": "gpu", "nd_range": {"device_start": 1585586754.9909215, "device_end": 1585586754.9917397}, "cmdq": 0, "read": {"device_start": -1, "device_end": -1}}, "empty17": {"write": {"device_start": 1585586754.9865634, "host_queued_start": 1585586820.372007, "device_queued": 1585586754.986438, "device_end": 1585586754.9866207, "host_queued_end": 1585586820.408792}, "device": "gpu", "nd_range": {"device_start": 1585586754.9866247, "device_end": 1585586754.9866312}, "cmdq": 0, "read": {"device_start": -1, "device_end": -1}}, "softmax59": {"write": {"device_start": -1, "host_queued_start": 1585586820.400522, "device_queued": -1, "device_end": -1, "host_queued_end": 1585586820.408792}, "device": "gpu", "nd_range": {"device_start": 1585586755.0079184, "device_end": 1585586755.0082614}, "cmdq": 1, "read": {"device_start": -1, "device_end": -1}}, "empty35": {"write": {"device_start": 1585586754.9867656, "host_queued_start": 1585586820.374107, "device_queued": 1585586754.9866173, "device_end": 1585586754.9868357, "host_queued_end": 1585586820.408792}, "device": "gpu", "nd_range": {"device_start": 1585586754.9868443, "device_end": 1585586754.9868488}, "cmdq": 0, "read": {"device_start": -1, "device_end": -1}}, "empty53": {"write": {"device_start": 1585586754.9870121, "host_queued_start": 1585586820.375774, "device_queued": 1585586754.986914, "device_end": 1585586754.9870756, "host_queued_end": 1585586820.408792}, "device": "gpu", "nd_range": {"device_start": 1585586754.9870925, "device_end": 1585586754.9870977}, "cmdq": 0, "read": {"device_start": -1, "device_end": -1}}, "FFC_sans_bias46": {"write": {"device_start": 1585586754.9933865, "host_queued_start": 1585586820.391117, "device_queued": 1585586754.9884613, "device_end": 1585586754.993419, "host_queued_end": 1585586820.408792}, "device": "gpu", "nd_range": {"device_start": 1585586754.9934242, "device_end": 1585586754.9941623}, "cmdq": 1, "read": {"device_start": -1, "device_end": -1}}, "coalesced_transpose48": {"write": {"device_start": -1, "host_queued_start": 1585586820.396777, "device_queued": -1, "device_end": -1, "host_queued_end": 1585586820.408792}, "device": "gpu", "nd_range": {"device_start": 1585586755.004436, "device_end": 1585586755.0044646}, "cmdq": 0, "read": {"device_start": -1, "device_end": -1}}}