{"FFC_sans_bias60": {"write": {"device_start": -1, "host_queued_start": 1585586996.842776, "device_queued": -1, "device_end": -1, "host_queued_end": 1585586996.849139}, "device": "gpu", "nd_range": {"device_start": 1585586931.4362187, "device_end": 1585586931.4381862}, "cmdq": 3, "read": {"device_start": -1, "device_end": -1}}, "FFC_sans_bias4": {"write": {"device_start": -1, "host_queued_start": 1585586996.855608, "device_queued": -1, "device_end": -1, "host_queued_end": 1585586996.857645}, "device": "cpu", "nd_range": {"device_start": 2254771.0604054993, "device_end": 2254771.064492611}, "cmdq": 1, "read": {"device_start": -1, "device_end": -1}}, "FFC_sans_bias7": {"write": {"device_start": -1, "host_queued_start": 1585586996.857571, "device_queued": -1, "device_end": -1, "host_queued_end": 1585586996.857645}, "device": "cpu", "nd_range": {"device_start": 2254771.0695721293, "device_end": 2254771.07388133}, "cmdq": 0, "read": {"device_start": -1, "device_end": -1}}, "FFC_sans_bias6": {"write": {"device_start": -1, "host_queued_start": 1585586996.856385, "device_queued": -1, "device_end": -1, "host_queued_end": 1585586996.857645}, "device": "cpu", "nd_range": {"device_start": 2254771.064798973, "device_end": 2254771.0695655933}, "cmdq": 1, "read": {"device_start": -1, "device_end": -1}}, "FFC_sans_bias1": {"write": {"device_start": -1, "host_queued_start": 1585586996.853518, "device_queued": -1, "device_end": -1, "host_queued_end": 1585586996.857645}, "device": "cpu", "nd_range": {"device_start": 2254771.0472498513, "device_end": 2254771.05519778}, "cmdq": 0, "read": {"device_start": -1, "device_end": -1}}, "FFC_sans_bias0": {"write": {"device_start": -1, "host_queued_start": 1585586996.85216, "device_queued": -1, "device_end": -1, "host_queued_end": 1585586996.857645}, "device": "cpu", "nd_range": {"device_start": 2254771.0472423322, "device_end": 2254771.0562529173}, "cmdq": 1, "read": {"device_start": -1, "device_end": -1}}, "FFC_sans_bias2": {"write": {"device_start": -1, "host_queued_start": 1585586996.854834, "device_queued": -1, "device_end": -1, "host_queued_end": 1585586996.857645}, "device": "cpu", "nd_range": {"device_start": 2254771.056292469, "device_end": 2254771.0603883383}, "cmdq": 1, "read": {"device_start": -1, "device_end": -1}}, "FFC_sans_bias61": {"write": {"device_start": 1585586931.4393916, "host_queued_start": 1585586996.849037, "device_queued": 1585586931.4266064, "device_end": 1585586931.4394193, "host_queued_end": 1585586996.849139}, "device": "gpu", "nd_range": {"device_start": 1585586931.439429, "device_end": 1585586931.4411027}, "cmdq": 1, "read": {"device_start": 1585586931.441108, "device_end": 1585586931.4411304}}, "FFC_sans_bias52": {"write": {"device_start": 1585586931.4390702, "host_queued_start": 1585586996.848007, "device_queued": 1585586931.4263644, "device_end": 1585586931.4390955, "host_queued_end": 1585586996.849139}, "device": "gpu", "nd_range": {"device_start": 1585586931.4391057, "device_end": 1585586931.4405906}, "cmdq": 0, "read": {"device_start": 1585586931.4405975, "device_end": 1585586931.4406197}}, "FFC_sans_bias9": {"write": {"device_start": 1585586931.4228637, "host_queued_start": 1585586996.817771, "device_queued": 1585586931.4225016, "device_end": 1585586931.4229355, "host_queued_end": 1585586996.849139}, "device": "gpu", "nd_range": {"device_start": 1585586931.42294, "device_end": 1585586931.4235418}, "cmdq": 2, "read": {"device_start": -1, "device_end": -1}}, "coalesced_transpose39": {"write": {"device_start": -1, "host_queued_start": 1585586996.836828, "device_queued": -1, "device_end": -1, "host_queued_end": 1585586996.849139}, "device": "gpu", "nd_range": {"device_start": 1585586931.4317431, "device_end": 1585586931.431786}, "cmdq": 3, "read": {"device_start": -1, "device_end": -1}}, "FFC_sans_bias55": {"write": {"device_start": 1585586931.4299085, "host_queued_start": 1585586996.835596, "device_queued": 1585586931.4243426, "device_end": 1585586931.4299335, "host_queued_end": 1585586996.849139}, "device": "gpu", "nd_range": {"device_start": 1585586931.429937, "device_end": 1585586931.4317362}, "cmdq": 3, "read": {"device_start": -1, "device_end": -1}}, "FFC_sans_bias54": {"write": {"device_start": 1585586931.4294446, "host_queued_start": 1585586996.834537, "device_queued": 1585586931.4243279, "device_end": 1585586931.4294708, "host_queued_end": 1585586996.849139}, "device": "gpu", "nd_range": {"device_start": 1585586931.429476, "device_end": 1585586931.4312904}, "cmdq": 2, "read": {"device_start": -1, "device_end": -1}}, "FFC_sans_bias56": {"write": {"device_start": 1585586931.4290147, "host_queued_start": 1585586996.833504, "device_queued": 1585586931.4242985, "device_end": 1585586931.4290407, "host_queued_end": 1585586996.849139}, "device": "gpu", "nd_range": {"device_start": 1585586931.4290452, "device_end": 1585586931.4307597}, "cmdq": 1, "read": {"device_start": -1, "device_end": -1}}, "FFC_sans_bias51": {"write": {"device_start": -1, "host_queued_start": 1585586996.842459, "device_queued": -1, "device_end": -1, "host_queued_end": 1585586996.849139}, "device": "gpu", "nd_range": {"device_start": 1585586931.4358194, "device_end": 1585586931.4377437}, "cmdq": 2, "read": {"device_start": -1, "device_end": -1}}, "softmax23": {"write": {"device_start": -1, "host_queued_start": 1585586996.839835, "device_queued": -1, "device_end": -1, "host_queued_end": 1585586996.849139}, "device": "gpu", "nd_range": {"device_start": 1585586931.4337778, "device_end": 1585586931.4351788}, "cmdq": 1, "read": {"device_start": -1, "device_end": -1}}, "FFC_sans_bias37": {"write": {"device_start": 1585586931.4265513, "host_queued_start": 1585586996.828219, "device_queued": 1585586931.4236538, "device_end": 1585586931.426578, "host_queued_end": 1585586996.849139}, "device": "gpu", "nd_range": {"device_start": 1585586931.426582, "device_end": 1585586931.428366}, "cmdq": 0, "read": {"device_start": -1, "device_end": -1}}, "empty62": {"write": {"device_start": 1585586931.4227493, "host_queued_start": 1585586996.816792, "device_queued": 1585586931.422483, "device_end": 1585586931.4228215, "host_queued_end": 1585586996.849139}, "device": "gpu", "nd_range": {"device_start": 1585586931.4228256, "device_end": 1585586931.4228325}, "cmdq": 1, "read": {"device_start": -1, "device_end": -1}}, "FFC_sans_bias58": {"write": {"device_start": -1, "host_queued_start": 1585586996.83933, "device_queued": -1, "device_end": -1, "host_queued_end": 1585586996.849139}, "device": "gpu", "nd_range": {"device_start": 1585586931.4333384, "device_end": 1585586931.4347644}, "cmdq": 3, "read": {"device_start": -1, "device_end": -1}}, "softmax41": {"write": {"device_start": -1, "host_queued_start": 1585586996.840328, "device_queued": -1, "device_end": -1, "host_queued_end": 1585586996.849139}, "device": "gpu", "nd_range": {"device_start": 1585586931.4347744, "device_end": 1585586931.4349885}, "cmdq": 3, "read": {"device_start": -1, "device_end": -1}}, "FFC_sans_bias11": {"write": {"device_start": 1585586931.4230828, "host_queued_start": 1585586996.819868, "device_queued": 1585586931.4227304, "device_end": 1585586931.4231472, "host_queued_end": 1585586996.849139}, "device": "gpu", "nd_range": {"device_start": 1585586931.4231594, "device_end": 1585586931.424508}, "cmdq": 0, "read": {"device_start": -1, "device_end": -1}}, "FFC_sans_bias10": {"write": {"device_start": 1585586931.4229755, "host_queued_start": 1585586996.818827, "device_queued": 1585586931.4225178, "device_end": 1585586931.4230347, "host_queued_end": 1585586996.849139}, "device": "gpu", "nd_range": {"device_start": 1585586931.42304, "device_end": 1585586931.4239552}, "cmdq": 3, "read": {"device_start": -1, "device_end": -1}}, "coalesced_transpose3": {"write": {"device_start": -1, "host_queued_start": 1585586996.855229, "device_queued": -1, "device_end": -1, "host_queued_end": 1585586996.857645}, "device": "cpu", "nd_range": {"device_start": 2254771.055325605, "device_end": 2254771.055453719}, "cmdq": 0, "read": {"device_start": -1, "device_end": -1}}, "FFC_sans_bias34": {"write": {"device_start": 1585586931.4378216, "host_queued_start": 1585586996.845921, "device_queued": 1585586931.4260051, "device_end": 1585586931.437847, "host_queued_end": 1585586996.849139}, "device": "gpu", "nd_range": {"device_start": 1585586931.4378548, "device_end": 1585586931.4396386}, "cmdq": 2, "read": {"device_start": 1585586931.4396486, "device_end": 1585586931.4396718}}, "FFC_sans_bias15": {"write": {"device_start": -1, "host_queued_start": 1585586996.841201, "device_queued": -1, "device_end": -1, "host_queued_end": 1585586996.849139}, "device": "gpu", "nd_range": {"device_start": 1585586931.4352007, "device_end": 1585586931.4358113}, "cmdq": 2, "read": {"device_start": -1, "device_end": -1}}, "FFC_sans_bias31": {"write": {"device_start": -1, "host_queued_start": 1585586996.838382, "device_queued": -1, "device_end": -1, "host_queued_end": 1585586996.849139}, "device": "gpu", "nd_range": {"device_start": 1585586931.431757, "device_end": 1585586931.43236}, "cmdq": 0, "read": {"device_start": -1, "device_end": -1}}, "FFC_sans_bias16": {"write": {"device_start": 1585586931.4371638, "host_queued_start": 1585586996.843804, "device_queued": 1585586931.4258, "device_end": 1585586931.437189, "host_queued_end": 1585586996.849139}, "device": "gpu", "nd_range": {"device_start": 1585586931.4372013, "device_end": 1585586931.4386852}, "cmdq": 0, "read": {"device_start": 1585586931.438687, "device_end": 1585586931.4387107}}, "FFC_sans_bias19": {"write": {"device_start": 1585586931.4236922, "host_queued_start": 1585586996.821932, "device_queued": 1585586931.4229796, "device_end": 1585586931.4237223, "host_queued_end": 1585586996.849139}, "device": "gpu", "nd_range": {"device_start": 1585586931.423728, "device_end": 1585586931.4254541}, "cmdq": 2, "read": {"device_start": -1, "device_end": -1}}, "FFC_sans_bias18": {"write": {"device_start": 1585586931.4231977, "host_queued_start": 1585586996.820901, "device_queued": 1585586931.4229605, "device_end": 1585586931.423224, "host_queued_end": 1585586996.849139}, "device": "gpu", "nd_range": {"device_start": 1585586931.423227, "device_end": 1585586931.4249525}, "cmdq": 1, "read": {"device_start": -1, "device_end": -1}}, "coalesced_transpose30": {"write": {"device_start": -1, "host_queued_start": 1585586996.836523, "device_queued": -1, "device_end": -1, "host_queued_end": 1585586996.849139}, "device": "gpu", "nd_range": {"device_start": 1585586931.431296, "device_end": 1585586931.4316514}, "cmdq": 2, "read": {"device_start": -1, "device_end": -1}}, "FFC_sans_bias38": {"write": {"device_start": 1585586931.4270363, "host_queued_start": 1585586996.829254, "device_queued": 1585586931.4238586, "device_end": 1585586931.4270625, "host_queued_end": 1585586996.849139}, "device": "gpu", "nd_range": {"device_start": 1585586931.4270709, "device_end": 1585586931.4288814}, "cmdq": 1, "read": {"device_start": -1, "device_end": -1}}, "coalesced_transpose57": {"write": {"device_start": -1, "host_queued_start": 1585586996.837427, "device_queued": -1, "device_end": -1, "host_queued_end": 1585586996.849139}, "device": "gpu", "nd_range": {"device_start": 1585586931.4317706, "device_end": 1585586931.43218}, "cmdq": 1, "read": {"device_start": -1, "device_end": -1}}, "empty26": {"write": {"device_start": 1585586931.42232, "host_queued_start": 1585586996.813314, "device_queued": 1585586931.4221742, "device_end": 1585586931.4223926, "host_queued_end": 1585586996.849139}, "device": "gpu", "nd_range": {"device_start": 1585586931.422406, "device_end": 1585586931.4224117}, "cmdq": 1, "read": {"device_start": -1, "device_end": -1}}, "coalesced_transpose12": {"write": {"device_start": -1, "host_queued_start": 1585586996.835923, "device_queued": -1, "device_end": -1, "host_queued_end": 1585586996.849139}, "device": "gpu", "nd_range": {"device_start": 1585586931.4303153, "device_end": 1585586931.4316187}, "cmdq": 0, "read": {"device_start": -1, "device_end": -1}}, "empty44": {"write": {"device_start": 1585586931.422543, "host_queued_start": 1585586996.815121, "device_queued": 1585586931.4222252, "device_end": 1585586931.4226127, "host_queued_end": 1585586996.849139}, "device": "gpu", "nd_range": {"device_start": 1585586931.4226184, "device_end": 1585586931.4226253}, "cmdq": 3, "read": {"device_start": -1, "device_end": -1}}, "coalesced_transpose21": {"write": {"device_start": -1, "host_queued_start": 1585586996.836222, "device_queued": -1, "device_end": -1, "host_queued_end": 1585586996.849139}, "device": "gpu", "nd_range": {"device_start": 1585586931.4307613, "device_end": 1585586931.4316368}, "cmdq": 1, "read": {"device_start": -1, "device_end": -1}}, "FFC_sans_bias36": {"write": {"device_start": 1585586931.4260936, "host_queued_start": 1585586996.82719, "device_queued": 1585586931.4234324, "device_end": 1585586931.4261198, "host_queued_end": 1585586996.849139}, "device": "gpu", "nd_range": {"device_start": 1585586931.4261336, "device_end": 1585586931.4278936}, "cmdq": 3, "read": {"device_start": -1, "device_end": -1}}, "softmax14": {"write": {"device_start": -1, "host_queued_start": 1585586996.839588, "device_queued": -1, "device_end": -1, "host_queued_end": 1585586996.849139}, "device": "gpu", "nd_range": {"device_start": 1585586931.432801, "device_end": 1585586931.4344692}, "cmdq": 0, "read": {"device_start": -1, "device_end": -1}}, "FFC_sans_bias13": {"write": {"device_start": -1, "host_queued_start": 1585586996.837748, "device_queued": -1, "device_end": -1, "host_queued_end": 1585586996.849139}, "device": "gpu", "nd_range": {"device_start": 1585586931.4317827, "device_end": 1585586931.4327807}, "cmdq": 2, "read": {"device_start": -1, "device_end": -1}}, "empty8": {"write": {"device_start": -1, "host_queued_start": 1585586996.850798, "device_queued": -1, "device_end": -1, "host_queued_end": 1585586996.857645}, "device": "cpu", "nd_range": {"device_start": 2254771.047219694, "device_end": 2254771.0472303503}, "cmdq": 0, "read": {"device_start": -1, "device_end": -1}}, "FFC_sans_bias42": {"write": {"device_start": -1, "host_queued_start": 1585586996.842145, "device_queued": -1, "device_end": -1, "host_queued_end": 1585586996.849139}, "device": "gpu", "nd_range": {"device_start": 1585586931.4355733, "device_end": 1585586931.4372041}, "cmdq": 1, "read": {"device_start": -1, "device_end": -1}}, "FFC_sans_bias43": {"write": {"device_start": 1585586931.4389195, "host_queued_start": 1585586996.846966, "device_queued": 1585586931.4260492, "device_end": 1585586931.4389741, "host_queued_end": 1585586996.849139}, "device": "gpu", "nd_range": {"device_start": 1585586931.4389868, "device_end": 1585586931.4401536}, "cmdq": 3, "read": {"device_start": 1585586931.4401577, "device_end": 1585586931.44018}}, "FFC_sans_bias40": {"write": {"device_start": -1, "host_queued_start": 1585586996.838701, "device_queued": -1, "device_end": -1, "host_queued_end": 1585586996.849139}, "device": "gpu", "nd_range": {"device_start": 1585586931.4321895, "device_end": 1585586931.4337687}, "cmdq": 1, "read": {"device_start": -1, "device_end": -1}}, "softmax32": {"write": {"device_start": -1, "host_queued_start": 1585586996.840077, "device_queued": -1, "device_end": -1, "host_queued_end": 1585586996.849139}, "device": "gpu", "nd_range": {"device_start": 1585586931.4342937, "device_end": 1585586931.4351907}, "cmdq": 2, "read": {"device_start": -1, "device_end": -1}}, "FFC_sans_bias47": {"write": {"device_start": 1585586931.4284966, "host_queued_start": 1585586996.832431, "device_queued": 1585586931.4241514, "device_end": 1585586931.428528, "host_queued_end": 1585586996.849139}, "device": "gpu", "nd_range": {"device_start": 1585586931.4285433, "device_end": 1585586931.4303138}, "cmdq": 0, "read": {"device_start": -1, "device_end": -1}}, "FFC_sans_bias45": {"write": {"device_start": 1585586931.4274945, "host_queued_start": 1585586996.830278, "device_queued": 1585586931.4238853, "device_end": 1585586931.427527, "host_queued_end": 1585586996.849139}, "device": "gpu", "nd_range": {"device_start": 1585586931.4275308, "device_end": 1585586931.4293375}, "cmdq": 2, "read": {"device_start": -1, "device_end": -1}}, "softmax50": {"write": {"device_start": -1, "host_queued_start": 1585586996.84063, "device_queued": -1, "device_end": -1, "host_queued_end": 1585586996.849139}, "device": "gpu", "nd_range": {"device_start": 1585586931.4344788, "device_end": 1585586931.4352136}, "cmdq": 0, "read": {"device_start": -1, "device_end": -1}}, "FFC_sans_bias33": {"write": {"device_start": -1, "host_queued_start": 1585586996.841834, "device_queued": -1, "device_end": -1, "host_queued_end": 1585586996.849139}, "device": "gpu", "nd_range": {"device_start": 1585586931.4352226, "device_end": 1585586931.4367833}, "cmdq": 0, "read": {"device_start": -1, "device_end": -1}}, "FFC_sans_bias49": {"write": {"device_start": -1, "host_queued_start": 1585586996.839018, "device_queued": -1, "device_end": -1, "host_queued_end": 1585586996.849139}, "device": "gpu", "nd_range": {"device_start": 1585586931.43279, "device_end": 1585586931.4342837}, "cmdq": 2, "read": {"device_start": -1, "device_end": -1}}, "FFC_sans_bias24": {"write": {"device_start": -1, "host_queued_start": 1585586996.841516, "device_queued": -1, "device_end": -1, "host_queued_end": 1585586996.849139}, "device": "gpu", "nd_range": {"device_start": 1585586931.4352107, "device_end": 1585586931.43621}, "cmdq": 3, "read": {"device_start": -1, "device_end": -1}}, "FFC_sans_bias25": {"write": {"device_start": 1585586931.4372885, "host_queued_start": 1585586996.84488, "device_queued": 1585586931.425965, "device_end": 1585586931.4373138, "host_queued_end": 1585586996.849139}, "device": "gpu", "nd_range": {"device_start": 1585586931.4373283, "device_end": 1585586931.439174}, "cmdq": 1, "read": {"device_start": 1585586931.4391837, "device_end": 1585586931.4392226}}, "FFC_sans_bias27": {"write": {"device_start": 1585586931.4246366, "host_queued_start": 1585586996.82405, "device_queued": 1585586931.4232273, "device_end": 1585586931.4246683, "host_queued_end": 1585586996.849139}, "device": "gpu", "nd_range": {"device_start": 1585586931.4246728, "device_end": 1585586931.4264128}, "cmdq": 0, "read": {"device_start": -1, "device_end": -1}}, "FFC_sans_bias20": {"write": {"device_start": 1585586931.4241061, "host_queued_start": 1585586996.823006, "device_queued": 1585586931.4230123, "device_end": 1585586931.424131, "host_queued_end": 1585586996.849139}, "device": "gpu", "nd_range": {"device_start": 1585586931.4241352, "device_end": 1585586931.4259374}, "cmdq": 3, "read": {"device_start": -1, "device_end": -1}}, "FFC_sans_bias22": {"write": {"device_start": -1, "host_queued_start": 1585586996.838064, "device_queued": -1, "device_end": -1, "host_queued_end": 1585586996.849139}, "device": "gpu", "nd_range": {"device_start": 1585586931.4317975, "device_end": 1585586931.4333296}, "cmdq": 3, "read": {"device_start": -1, "device_end": -1}}, "softmax5": {"write": {"device_start": -1, "host_queued_start": 1585586996.855953, "device_queued": -1, "device_end": -1, "host_queued_end": 1585586996.857645}, "device": "cpu", "nd_range": {"device_start": 2254771.064527343, "device_end": 2254771.064649722}, "cmdq": 0, "read": {"device_start": -1, "device_end": -1}}, "FFC_sans_bias28": {"write": {"device_start": 1585586931.4250677, "host_queued_start": 1585586996.825105, "device_queued": 1585586931.423384, "device_end": 1585586931.4250927, "host_queued_end": 1585586996.849139}, "device": "gpu", "nd_range": {"device_start": 1585586931.4250982, "device_end": 1585586931.4269245}, "cmdq": 1, "read": {"device_start": -1, "device_end": -1}}, "FFC_sans_bias29": {"write": {"device_start": 1585586931.4255698, "host_queued_start": 1585586996.826138, "device_queued": 1585586931.423411, "device_end": 1585586931.4256027, "host_queued_end": 1585586996.849139}, "device": "gpu", "nd_range": {"device_start": 1585586931.4256086, "device_end": 1585586931.4273813}, "cmdq": 2, "read": {"device_start": -1, "device_end": -1}}, "empty17": {"write": {"device_start": 1585586931.4221892, "host_queued_start": 1585586996.81211, "device_queued": 1585586931.4220364, "device_end": 1585586931.4222527, "host_queued_end": 1585586996.849139}, "device": "gpu", "nd_range": {"device_start": 1585586931.4222565, "device_end": 1585586931.4222627}, "cmdq": 0, "read": {"device_start": -1, "device_end": -1}}, "softmax59": {"write": {"device_start": -1, "host_queued_start": 1585586996.840885, "device_queued": -1, "device_end": -1, "host_queued_end": 1585586996.849139}, "device": "gpu", "nd_range": {"device_start": 1585586931.4351883, "device_end": 1585586931.435564}, "cmdq": 1, "read": {"device_start": -1, "device_end": -1}}, "empty35": {"write": {"device_start": 1585586931.4224312, "host_queued_start": 1585586996.814226, "device_queued": 1585586931.4222016, "device_end": 1585586931.4225013, "host_queued_end": 1585586996.849139}, "device": "gpu", "nd_range": {"device_start": 1585586931.422507, "device_end": 1585586931.4225125}, "cmdq": 2, "read": {"device_start": -1, "device_end": -1}}, "empty53": {"write": {"device_start": 1585586931.4226341, "host_queued_start": 1585586996.815962, "device_queued": 1585586931.4224226, "device_end": 1585586931.422667, "host_queued_end": 1585586996.849139}, "device": "gpu", "nd_range": {"device_start": 1585586931.422672, "device_end": 1585586931.4226756}, "cmdq": 0, "read": {"device_start": -1, "device_end": -1}}, "FFC_sans_bias46": {"write": {"device_start": 1585586931.4280212, "host_queued_start": 1585586996.831328, "device_queued": 1585586931.423903, "device_end": 1585586931.4280534, "host_queued_end": 1585586996.849139}, "device": "gpu", "nd_range": {"device_start": 1585586931.4280705, "device_end": 1585586931.429804}, "cmdq": 3, "read": {"device_start": -1, "device_end": -1}}, "coalesced_transpose48": {"write": {"device_start": -1, "host_queued_start": 1585586996.83713, "device_queued": -1, "device_end": -1, "host_queued_end": 1585586996.849139}, "device": "gpu", "nd_range": {"device_start": 1585586931.431628, "device_end": 1585586931.4316568}, "cmdq": 0, "read": {"device_start": -1, "device_end": -1}}}