{"FFC_sans_bias60": {"write": {"device_start": -1, "host_queued_start": 1585587120.941483, "device_queued": -1, "device_end": -1, "host_queued_end": 1585587120.942641}, "device": "gpu", "nd_range": {"device_start": 1585587055.5148828, "device_end": 1585587055.5153885}, "cmdq": 2, "read": {"device_start": -1, "device_end": -1}}, "FFC_sans_bias4": {"write": {"device_start": -1, "host_queued_start": 1585587120.969391, "device_queued": -1, "device_end": -1, "host_queued_end": 1585587120.980826}, "device": "cpu", "nd_range": {"device_start": 2254895.259973355, "device_end": 2254895.2697211932}, "cmdq": 0, "read": {"device_start": -1, "device_end": -1}}, "FFC_sans_bias7": {"write": {"device_start": -1, "host_queued_start": 1585587120.975826, "device_queued": -1, "device_end": -1, "host_queued_end": 1585587120.980826}, "device": "cpu", "nd_range": {"device_start": 2254895.322593791, "device_end": 2254895.331674014}, "cmdq": 0, "read": {"device_start": -1, "device_end": -1}}, "FFC_sans_bias6": {"write": {"device_start": -1, "host_queued_start": 1585587120.973068, "device_queued": -1, "device_end": -1, "host_queued_end": 1585587120.980826}, "device": "cpu", "nd_range": {"device_start": 2254895.288904047, "device_end": 2254895.30159114}, "cmdq": 0, "read": {"device_start": -1, "device_end": -1}}, "FFC_sans_bias1": {"write": {"device_start": -1, "host_queued_start": 1585587120.950138, "device_queued": -1, "device_end": -1, "host_queued_end": 1585587120.980826}, "device": "cpu", "nd_range": {"device_start": 2254895.1704797843, "device_end": 2254895.180309651}, "cmdq": 1, "read": {"device_start": -1, "device_end": -1}}, "FFC_sans_bias0": {"write": {"device_start": -1, "host_queued_start": 1585587120.949101, "device_queued": -1, "device_end": -1, "host_queued_end": 1585587120.980826}, "device": "cpu", "nd_range": {"device_start": 2254895.1704835272, "device_end": 2254895.176999547}, "cmdq": 0, "read": {"device_start": -1, "device_end": -1}}, "FFC_sans_bias2": {"write": {"device_start": -1, "host_queued_start": 1585587120.951213, "device_queued": -1, "device_end": -1, "host_queued_end": 1585587120.980826}, "device": "cpu", "nd_range": {"device_start": 2254895.1771309143, "device_end": 2254895.183805547}, "cmdq": 0, "read": {"device_start": -1, "device_end": -1}}, "FFC_sans_bias61": {"write": {"device_start": 1585587055.5141683, "host_queued_start": 1585587120.942492, "device_queued": 1585587055.5127566, "device_end": 1585587055.5141995, "host_queued_end": 1585587120.942641}, "device": "gpu", "nd_range": {"device_start": 1585587055.5153923, "device_end": 1585587055.5159883}, "cmdq": 3, "read": {"device_start": 1585587055.515994, "device_end": 1585587055.5160167}}, "FFC_sans_bias52": {"write": {"device_start": -1, "host_queued_start": 1585587120.980783, "device_queued": -1, "device_end": -1, "host_queued_end": 1585587120.980826}, "device": "cpu", "nd_range": {"device_start": 2254895.3201805563, "device_end": 2254895.333125304}, "cmdq": 1, "read": {"device_start": -1, "device_end": -1}}, "FFC_sans_bias9": {"write": {"device_start": -1, "host_queued_start": 1585587120.952249, "device_queued": -1, "device_end": -1, "host_queued_end": 1585587120.980826}, "device": "cpu", "nd_range": {"device_start": 2254895.180437937, "device_end": 2254895.1885015504}, "cmdq": 1, "read": {"device_start": -1, "device_end": -1}}, "coalesced_transpose39": {"write": {"device_start": -1, "host_queued_start": 1585587120.968731, "device_queued": -1, "device_end": -1, "host_queued_end": 1585587120.980826}, "device": "cpu", "nd_range": {"device_start": 2254895.2596143, "device_end": 2254895.259866212}, "cmdq": 0, "read": {"device_start": -1, "device_end": -1}}, "FFC_sans_bias55": {"write": {"device_start": 1585587055.5126374, "host_queued_start": 1585587120.940209, "device_queued": 1585587055.512315, "device_end": 1585587055.5126617, "host_queued_end": 1585587120.942641}, "device": "gpu", "nd_range": {"device_start": 1585587055.512664, "device_end": 1585587055.514054}, "cmdq": 3, "read": {"device_start": -1, "device_end": -1}}, "FFC_sans_bias54": {"write": {"device_start": 1585587055.512561, "host_queued_start": 1585587120.939134, "device_queued": 1585587055.5122983, "device_end": 1585587055.512629, "host_queued_end": 1585587120.942641}, "device": "gpu", "nd_range": {"device_start": 1585587055.5126338, "device_end": 1585587055.5135646}, "cmdq": 2, "read": {"device_start": -1, "device_end": -1}}, "FFC_sans_bias56": {"write": {"device_start": 1585587055.5124483, "host_queued_start": 1585587120.937991, "device_queued": 1585587055.5122802, "device_end": 1585587055.5125077, "host_queued_end": 1585587120.942641}, "device": "gpu", "nd_range": {"device_start": 1585587055.5125358, "device_end": 1585587055.513162}, "cmdq": 1, "read": {"device_start": -1, "device_end": -1}}, "FFC_sans_bias51": {"write": {"device_start": -1, "host_queued_start": 1585587120.974764, "device_queued": -1, "device_end": -1, "host_queued_end": 1585587120.980826}, "device": "cpu", "nd_range": {"device_start": 2254895.300097443, "device_end": 2254895.307047503}, "cmdq": 1, "read": {"device_start": -1, "device_end": -1}}, "softmax23": {"write": {"device_start": -1, "host_queued_start": 1585587120.971925, "device_queued": -1, "device_end": -1, "host_queued_end": 1585587120.980826}, "device": "cpu", "nd_range": {"device_start": 2254895.2884842493, "device_end": 2254895.288691657}, "cmdq": 0, "read": {"device_start": -1, "device_end": -1}}, "FFC_sans_bias37": {"write": {"device_start": -1, "host_queued_start": 1585587120.962787, "device_queued": -1, "device_end": -1, "host_queued_end": 1585587120.980826}, "device": "cpu", "nd_range": {"device_start": 2254895.2211595783, "device_end": 2254895.2288011853}, "cmdq": 1, "read": {"device_start": -1, "device_end": -1}}, "empty62": {"write": {"device_start": 1585587055.5123358, "host_queued_start": 1585587120.936642, "device_queued": 1585587055.512205, "device_end": 1585587055.5123892, "host_queued_end": 1585587120.942641}, "device": "gpu", "nd_range": {"device_start": 1585587055.5124, "device_end": 1585587055.5124054}, "cmdq": 0, "read": {"device_start": -1, "device_end": -1}}, "FFC_sans_bias58": {"write": {"device_start": -1, "host_queued_start": 1585587120.940923, "device_queued": -1, "device_end": -1, "host_queued_end": 1585587120.942641}, "device": "gpu", "nd_range": {"device_start": 1585587055.514079, "device_end": 1585587055.5146763}, "cmdq": 0, "read": {"device_start": -1, "device_end": -1}}, "softmax41": {"write": {"device_start": -1, "host_queued_start": 1585587120.972463, "device_queued": -1, "device_end": -1, "host_queued_end": 1585587120.980826}, "device": "cpu", "nd_range": {"device_start": 2254895.2886965172, "device_end": 2254895.288899195}, "cmdq": 0, "read": {"device_start": -1, "device_end": -1}}, "FFC_sans_bias11": {"write": {"device_start": -1, "host_queued_start": 1585587120.954368, "device_queued": -1, "device_end": -1, "host_queued_end": 1585587120.980826}, "device": "cpu", "nd_range": {"device_start": 2254895.188617989, "device_end": 2254895.1983009432}, "cmdq": 1, "read": {"device_start": -1, "device_end": -1}}, "FFC_sans_bias10": {"write": {"device_start": -1, "host_queued_start": 1585587120.953301, "device_queued": -1, "device_end": -1, "host_queued_end": 1585587120.980826}, "device": "cpu", "nd_range": {"device_start": 2254895.184657157, "device_end": 2254895.20457047}, "cmdq": 0, "read": {"device_start": -1, "device_end": -1}}, "coalesced_transpose3": {"write": {"device_start": -1, "host_queued_start": 1585587120.967321, "device_queued": -1, "device_end": -1, "host_queued_end": 1585587120.980826}, "device": "cpu", "nd_range": {"device_start": 2254895.258889037, "device_end": 2254895.259098601}, "cmdq": 0, "read": {"device_start": -1, "device_end": -1}}, "FFC_sans_bias34": {"write": {"device_start": -1, "host_queued_start": 1585587120.978812, "device_queued": -1, "device_end": -1, "host_queued_end": 1585587120.980826}, "device": "cpu", "nd_range": {"device_start": 2254895.3139406024, "device_end": 2254895.320176726}, "cmdq": 1, "read": {"device_start": -1, "device_end": -1}}, "FFC_sans_bias15": {"write": {"device_start": -1, "host_queued_start": 1585587120.973394, "device_queued": -1, "device_end": -1, "host_queued_end": 1585587120.980826}, "device": "cpu", "nd_range": {"device_start": 2254895.283332398, "device_end": 2254895.291291194}, "cmdq": 1, "read": {"device_start": -1, "device_end": -1}}, "FFC_sans_bias31": {"write": {"device_start": -1, "host_queued_start": 1585587120.970412, "device_queued": -1, "device_end": -1, "host_queued_end": 1585587120.980826}, "device": "cpu", "nd_range": {"device_start": 2254895.266285583, "device_end": 2254895.2739241403}, "cmdq": 1, "read": {"device_start": -1, "device_end": -1}}, "FFC_sans_bias16": {"write": {"device_start": -1, "host_queued_start": 1585587120.976812, "device_queued": -1, "device_end": -1, "host_queued_end": 1585587120.980826}, "device": "cpu", "nd_range": {"device_start": 2254895.307054459, "device_end": 2254895.313937115}, "cmdq": 1, "read": {"device_start": -1, "device_end": -1}}, "FFC_sans_bias19": {"write": {"device_start": -1, "host_queued_start": 1585587120.956496, "device_queued": -1, "device_end": -1, "host_queued_end": 1585587120.980826}, "device": "cpu", "nd_range": {"device_start": 2254895.198608993, "device_end": 2254895.2038479703}, "cmdq": 1, "read": {"device_start": -1, "device_end": -1}}, "FFC_sans_bias18": {"write": {"device_start": -1, "host_queued_start": 1585587120.955458, "device_queued": -1, "device_end": -1, "host_queued_end": 1585587120.980826}, "device": "cpu", "nd_range": {"device_start": 2254895.2047109473, "device_end": 2254895.2240137933}, "cmdq": 0, "read": {"device_start": -1, "device_end": -1}}, "coalesced_transpose30": {"write": {"device_start": -1, "host_queued_start": 1585587120.968402, "device_queued": -1, "device_end": -1, "host_queued_end": 1585587120.980826}, "device": "cpu", "nd_range": {"device_start": 2254895.256036343, "device_end": 2254895.256282291}, "cmdq": 1, "read": {"device_start": -1, "device_end": -1}}, "FFC_sans_bias38": {"write": {"device_start": -1, "host_queued_start": 1585587120.963837, "device_queued": -1, "device_end": -1, "host_queued_end": 1585587120.980826}, "device": "cpu", "nd_range": {"device_start": 2254895.2473153383, "device_end": 2254895.254444094}, "cmdq": 0, "read": {"device_start": -1, "device_end": -1}}, "coalesced_transpose57": {"write": {"device_start": -1, "host_queued_start": 1585587120.940572, "device_queued": -1, "device_end": -1, "host_queued_end": 1585587120.942641}, "device": "gpu", "nd_range": {"device_start": 1585587055.5140586, "device_end": 1585587055.5140734}, "cmdq": 4, "read": {"device_start": -1, "device_end": -1}}, "empty26": {"write": {"device_start": -1, "host_queued_start": 1585587120.945672, "device_queued": -1, "device_end": -1, "host_queued_end": 1585587120.980826}, "device": "cpu", "nd_range": {"device_start": 2254895.1704681003, "device_end": 2254895.170469427}, "cmdq": 0, "read": {"device_start": -1, "device_end": -1}}, "coalesced_transpose12": {"write": {"device_start": -1, "host_queued_start": 1585587120.967745, "device_queued": -1, "device_end": -1, "host_queued_end": 1585587120.980826}, "device": "cpu", "nd_range": {"device_start": 2254895.255660296, "device_end": 2254895.255912859}, "cmdq": 1, "read": {"device_start": -1, "device_end": -1}}, "empty44": {"write": {"device_start": -1, "host_queued_start": 1585587120.947358, "device_queued": -1, "device_end": -1, "host_queued_end": 1585587120.980826}, "device": "cpu", "nd_range": {"device_start": 2254895.170475223, "device_end": 2254895.170476012}, "cmdq": 0, "read": {"device_start": -1, "device_end": -1}}, "coalesced_transpose21": {"write": {"device_start": -1, "host_queued_start": 1585587120.968073, "device_queued": -1, "device_end": -1, "host_queued_end": 1585587120.980826}, "device": "cpu", "nd_range": {"device_start": 2254895.259243378, "device_end": 2254895.259503621}, "cmdq": 0, "read": {"device_start": -1, "device_end": -1}}, "FFC_sans_bias36": {"write": {"device_start": -1, "host_queued_start": 1585587120.961725, "device_queued": -1, "device_end": -1, "host_queued_end": 1585587120.980826}, "device": "cpu", "nd_range": {"device_start": 2254895.240844837, "device_end": 2254895.2471745033}, "cmdq": 0, "read": {"device_start": -1, "device_end": -1}}, "softmax14": {"write": {"device_start": -1, "host_queued_start": 1585587120.971655, "device_queued": -1, "device_end": -1, "host_queued_end": 1585587120.980826}, "device": "cpu", "nd_range": {"device_start": 2254895.282354567, "device_end": 2254895.282582965}, "cmdq": 1, "read": {"device_start": -1, "device_end": -1}}, "FFC_sans_bias13": {"write": {"device_start": -1, "host_queued_start": 1585587120.969731, "device_queued": -1, "device_end": -1, "host_queued_end": 1585587120.980826}, "device": "cpu", "nd_range": {"device_start": 2254895.2591514373, "device_end": 2254895.266163949}, "cmdq": 1, "read": {"device_start": -1, "device_end": -1}}, "empty8": {"write": {"device_start": -1, "host_queued_start": 1585587120.943926, "device_queued": -1, "device_end": -1, "host_queued_end": 1585587120.980826}, "device": "cpu", "nd_range": {"device_start": 2254895.1704350524, "device_end": 2254895.1704465663}, "cmdq": 0, "read": {"device_start": -1, "device_end": -1}}, "FFC_sans_bias42": {"write": {"device_start": -1, "host_queued_start": 1585587120.974411, "device_queued": -1, "device_end": -1, "host_queued_end": 1585587120.980826}, "device": "cpu", "nd_range": {"device_start": 2254895.3153962223, "device_end": 2254895.322588014}, "cmdq": 0, "read": {"device_start": -1, "device_end": -1}}, "FFC_sans_bias43": {"write": {"device_start": -1, "host_queued_start": 1585587120.979803, "device_queued": -1, "device_end": -1, "host_queued_end": 1585587120.980826}, "device": "cpu", "nd_range": {"device_start": 2254895.335992019, "device_end": 2254895.340537798}, "cmdq": 0, "read": {"device_start": -1, "device_end": -1}}, "FFC_sans_bias40": {"write": {"device_start": -1, "host_queued_start": 1585587120.970764, "device_queued": -1, "device_end": -1, "host_queued_end": 1585587120.980826}, "device": "cpu", "nd_range": {"device_start": 2254895.2822167873, "device_end": 2254895.288244918}, "cmdq": 0, "read": {"device_start": -1, "device_end": -1}}, "softmax32": {"write": {"device_start": -1, "host_queued_start": 1585587120.972191, "device_queued": -1, "device_end": -1, "host_queued_end": 1585587120.980826}, "device": "cpu", "nd_range": {"device_start": 2254895.28269274, "device_end": 2254895.282904358}, "cmdq": 1, "read": {"device_start": -1, "device_end": -1}}, "FFC_sans_bias47": {"write": {"device_start": -1, "host_queued_start": 1585587120.966992, "device_queued": -1, "device_end": -1, "host_queued_end": 1585587120.980826}, "device": "cpu", "nd_range": {"device_start": 2254895.241943724, "device_end": 2254895.255538025}, "cmdq": 1, "read": {"device_start": -1, "device_end": -1}}, "FFC_sans_bias45": {"write": {"device_start": -1, "host_queued_start": 1585587120.964878, "device_queued": -1, "device_end": -1, "host_queued_end": 1585587120.980826}, "device": "cpu", "nd_range": {"device_start": 2254895.2289359, "device_end": 2254895.241805837}, "cmdq": 1, "read": {"device_start": -1, "device_end": -1}}, "softmax50": {"write": {"device_start": -1, "host_queued_start": 1585587120.972735, "device_queued": -1, "device_end": -1, "host_queued_end": 1585587120.980826}, "device": "cpu", "nd_range": {"device_start": 2254895.2830129922, "device_end": 2254895.283222152}, "cmdq": 1, "read": {"device_start": -1, "device_end": -1}}, "FFC_sans_bias33": {"write": {"device_start": -1, "host_queued_start": 1585587120.974055, "device_queued": -1, "device_end": -1, "host_queued_end": 1585587120.980826}, "device": "cpu", "nd_range": {"device_start": 2254895.2913004053, "device_end": 2254895.300090332}, "cmdq": 1, "read": {"device_start": -1, "device_end": -1}}, "FFC_sans_bias49": {"write": {"device_start": -1, "host_queued_start": 1585587120.971103, "device_queued": -1, "device_end": -1, "host_queued_end": 1585587120.980826}, "device": "cpu", "nd_range": {"device_start": 2254895.274037497, "device_end": 2254895.282139513}, "cmdq": 1, "read": {"device_start": -1, "device_end": -1}}, "FFC_sans_bias24": {"write": {"device_start": -1, "host_queued_start": 1585587120.973725, "device_queued": -1, "device_end": -1, "host_queued_end": 1585587120.980826}, "device": "cpu", "nd_range": {"device_start": 2254895.301597507, "device_end": 2254895.31538655}, "cmdq": 0, "read": {"device_start": -1, "device_end": -1}}, "FFC_sans_bias25": {"write": {"device_start": -1, "host_queued_start": 1585587120.977819, "device_queued": -1, "device_end": -1, "host_queued_end": 1585587120.980826}, "device": "cpu", "nd_range": {"device_start": 2254895.331678614, "device_end": 2254895.33598855}, "cmdq": 0, "read": {"device_start": -1, "device_end": -1}}, "FFC_sans_bias27": {"write": {"device_start": -1, "host_queued_start": 1585587120.958593, "device_queued": -1, "device_end": -1, "host_queued_end": 1585587120.980826}, "device": "cpu", "nd_range": {"device_start": 2254895.2040487262, "device_end": 2254895.211647842}, "cmdq": 1, "read": {"device_start": -1, "device_end": -1}}, "FFC_sans_bias20": {"write": {"device_start": -1, "host_queued_start": 1585587120.957539, "device_queued": -1, "device_end": -1, "host_queued_end": 1585587120.980826}, "device": "cpu", "nd_range": {"device_start": 2254895.224185475, "device_end": 2254895.231862329}, "cmdq": 0, "read": {"device_start": -1, "device_end": -1}}, "FFC_sans_bias22": {"write": {"device_start": -1, "host_queued_start": 1585587120.970072, "device_queued": -1, "device_end": -1, "host_queued_end": 1585587120.980826}, "device": "cpu", "nd_range": {"device_start": 2254895.269840822, "device_end": 2254895.282203779}, "cmdq": 0, "read": {"device_start": -1, "device_end": -1}}, "softmax5": {"write": {"device_start": -1, "host_queued_start": 1585587120.971384, "device_queued": -1, "device_end": -1, "host_queued_end": 1585587120.980826}, "device": "cpu", "nd_range": {"device_start": 2254895.2882528403, "device_end": 2254895.2884781472}, "cmdq": 0, "read": {"device_start": -1, "device_end": -1}}, "FFC_sans_bias28": {"write": {"device_start": -1, "host_queued_start": 1585587120.959638, "device_queued": -1, "device_end": -1, "host_queued_end": 1585587120.980826}, "device": "cpu", "nd_range": {"device_start": 2254895.2348376303, "device_end": 2254895.2406877372}, "cmdq": 0, "read": {"device_start": -1, "device_end": -1}}, "FFC_sans_bias29": {"write": {"device_start": -1, "host_queued_start": 1585587120.960692, "device_queued": -1, "device_end": -1, "host_queued_end": 1585587120.980826}, "device": "cpu", "nd_range": {"device_start": 2254895.211818696, "device_end": 2254895.220901134}, "cmdq": 1, "read": {"device_start": -1, "device_end": -1}}, "empty17": {"write": {"device_start": -1, "host_queued_start": 1585587120.944798, "device_queued": -1, "device_end": -1, "host_queued_end": 1585587120.980826}, "device": "cpu", "nd_range": {"device_start": 2254895.1704351753, "device_end": 2254895.170446543}, "cmdq": 1, "read": {"device_start": -1, "device_end": -1}}, "softmax59": {"write": {"device_start": -1, "host_queued_start": 1585587120.941177, "device_queued": -1, "device_end": -1, "host_queued_end": 1585587120.942641}, "device": "gpu", "nd_range": {"device_start": 1585587055.514684, "device_end": 1585587055.5148766}, "cmdq": 1, "read": {"device_start": -1, "device_end": -1}}, "empty35": {"write": {"device_start": -1, "host_queued_start": 1585587120.946471, "device_queued": -1, "device_end": -1, "host_queued_end": 1585587120.980826}, "device": "cpu", "nd_range": {"device_start": 2254895.170467987, "device_end": 2254895.170468965}, "cmdq": 1, "read": {"device_start": -1, "device_end": -1}}, "empty53": {"write": {"device_start": -1, "host_queued_start": 1585587120.948157, "device_queued": -1, "device_end": -1, "host_queued_end": 1585587120.980826}, "device": "cpu", "nd_range": {"device_start": 2254895.1704744333, "device_end": 2254895.170475015}, "cmdq": 1, "read": {"device_start": -1, "device_end": -1}}, "FFC_sans_bias46": {"write": {"device_start": -1, "host_queued_start": 1585587120.965916, "device_queued": -1, "device_end": -1, "host_queued_end": 1585587120.980826}, "device": "cpu", "nd_range": {"device_start": 2254895.2545740344, "device_end": 2254895.258876809}, "cmdq": 0, "read": {"device_start": -1, "device_end": -1}}, "coalesced_transpose48": {"write": {"device_start": -1, "host_queued_start": 1585587120.969051, "device_queued": -1, "device_end": -1, "host_queued_end": 1585587120.980826}, "device": "cpu", "nd_range": {"device_start": 2254895.258885417, "device_end": 2254895.2591239694}, "cmdq": 1, "read": {"device_start": -1, "device_end": -1}}}