{"FFC_sans_bias60": {"write": {"device_start": -1, "host_queued_start": 1585586853.342014, "device_queued": -1, "device_end": -1, "host_queued_end": 1585586853.344196}, "device": "gpu", "nd_range": {"device_start": 1585586787.9256809, "device_end": 1585586787.9263513}, "cmdq": 1, "read": {"device_start": -1, "device_end": -1}}, "FFC_sans_bias4": {"write": {"device_start": -1, "host_queued_start": 1585586853.367372, "device_queued": -1, "device_end": -1, "host_queued_end": 1585586853.376893}, "device": "cpu", "nd_range": {"device_start": 2254627.644067966, "device_end": 2254627.659273292}, "cmdq": 0, "read": {"device_start": -1, "device_end": -1}}, "FFC_sans_bias7": {"write": {"device_start": -1, "host_queued_start": 1585586853.372846, "device_queued": -1, "device_end": -1, "host_queued_end": 1585586853.376893}, "device": "cpu", "nd_range": {"device_start": 2254627.6749573513, "device_end": 2254627.68612896}, "cmdq": 0, "read": {"device_start": -1, "device_end": -1}}, "FFC_sans_bias6": {"write": {"device_start": -1, "host_queued_start": 1585586853.370434, "device_queued": -1, "device_end": -1, "host_queued_end": 1585586853.376893}, "device": "cpu", "nd_range": {"device_start": 2254627.659709324, "device_end": 2254627.674948941}, "cmdq": 0, "read": {"device_start": -1, "device_end": -1}}, "FFC_sans_bias1": {"write": {"device_start": -1, "host_queued_start": 1585586853.351564, "device_queued": -1, "device_end": -1, "host_queued_end": 1585586853.376893}, "device": "cpu", "nd_range": {"device_start": 2254627.566539836, "device_end": 2254627.582249207}, "cmdq": 1, "read": {"device_start": -1, "device_end": -1}}, "FFC_sans_bias0": {"write": {"device_start": -1, "host_queued_start": 1585586853.350398, "device_queued": -1, "device_end": -1, "host_queued_end": 1585586853.376893}, "device": "cpu", "nd_range": {"device_start": 2254627.566539347, "device_end": 2254627.581844443}, "cmdq": 0, "read": {"device_start": -1, "device_end": -1}}, "FFC_sans_bias2": {"write": {"device_start": -1, "host_queued_start": 1585586853.352612, "device_queued": -1, "device_end": -1, "host_queued_end": 1585586853.376893}, "device": "cpu", "nd_range": {"device_start": 2254627.581854068, "device_end": 2254627.596989824}, "cmdq": 2, "read": {"device_start": -1, "device_end": -1}}, "FFC_sans_bias61": {"write": {"device_start": 1585586787.9264798, "host_queued_start": 1585586853.344091, "device_queued": 1585586787.922322, "device_end": 1585586787.9265103, "host_queued_end": 1585586853.344196}, "device": "gpu", "nd_range": {"device_start": 1585586787.9265137, "device_end": 1585586787.9273436}, "cmdq": 1, "read": {"device_start": 1585586787.92735, "device_end": 1585586787.9273732}}, "FFC_sans_bias52": {"write": {"device_start": 1585586787.9260702, "host_queued_start": 1585586853.343045, "device_queued": 1585586787.9221833, "device_end": 1585586787.9261014, "host_queued_end": 1585586853.344196}, "device": "gpu", "nd_range": {"device_start": 1585586787.926104, "device_end": 1585586787.926943}, "cmdq": 0, "read": {"device_start": 1585586787.9269502, "device_end": 1585586787.9269733}}, "FFC_sans_bias9": {"write": {"device_start": -1, "host_queued_start": 1585586853.353649, "device_queued": -1, "device_end": -1, "host_queued_end": 1585586853.376893}, "device": "cpu", "nd_range": {"device_start": 2254627.566542061, "device_end": 2254627.581979475}, "cmdq": 3, "read": {"device_start": -1, "device_end": -1}}, "coalesced_transpose39": {"write": {"device_start": -1, "host_queued_start": 1585586853.36703, "device_queued": -1, "device_end": -1, "host_queued_end": 1585586853.376893}, "device": "cpu", "nd_range": {"device_start": 2254627.6159359072, "device_end": 2254627.616177781}, "cmdq": 4, "read": {"device_start": -1, "device_end": -1}}, "FFC_sans_bias55": {"write": {"device_start": 1585586787.9234984, "host_queued_start": 1585586853.339631, "device_queued": 1585586787.9216573, "device_end": 1585586787.9235291, "host_queued_end": 1585586853.344196}, "device": "gpu", "nd_range": {"device_start": 1585586787.9235322, "device_end": 1585586787.9243524}, "cmdq": 1, "read": {"device_start": -1, "device_end": -1}}, "FFC_sans_bias54": {"write": {"device_start": 1585586787.9230964, "host_queued_start": 1585586853.338554, "device_queued": 1585586787.9215112, "device_end": 1585586787.9231281, "host_queued_end": 1585586853.344196}, "device": "gpu", "nd_range": {"device_start": 1585586787.9231317, "device_end": 1585586787.9238868}, "cmdq": 0, "read": {"device_start": -1, "device_end": -1}}, "FFC_sans_bias56": {"write": {"device_start": 1585586787.9224749, "host_queued_start": 1585586853.337496, "device_queued": 1585586787.9214675, "device_end": 1585586787.9225073, "host_queued_end": 1585586853.344196}, "device": "gpu", "nd_range": {"device_start": 1585586787.9225116, "device_end": 1585586787.923366}, "cmdq": 1, "read": {"device_start": -1, "device_end": -1}}, "FFC_sans_bias51": {"write": {"device_start": -1, "host_queued_start": 1585586853.341702, "device_queued": -1, "device_end": -1, "host_queued_end": 1585586853.344196}, "device": "gpu", "nd_range": {"device_start": 1585586787.9253473, "device_end": 1585586787.9259496}, "cmdq": 0, "read": {"device_start": -1, "device_end": -1}}, "softmax23": {"write": {"device_start": -1, "host_queued_start": 1585586853.36956, "device_queued": -1, "device_end": -1, "host_queued_end": 1585586853.376893}, "device": "cpu", "nd_range": {"device_start": 2254627.643516508, "device_end": 2254627.6437372803}, "cmdq": 2, "read": {"device_start": -1, "device_end": -1}}, "FFC_sans_bias37": {"write": {"device_start": -1, "host_queued_start": 1585586853.364281, "device_queued": -1, "device_end": -1, "host_queued_end": 1585586853.376893}, "device": "cpu", "nd_range": {"device_start": 2254627.5997424093, "device_end": 2254627.615813738}, "cmdq": 3, "read": {"device_start": -1, "device_end": -1}}, "empty62": {"write": {"device_start": 1585586787.921187, "host_queued_start": 1585586853.333315, "device_queued": 1585586787.9210134, "device_end": 1585586787.9212523, "host_queued_end": 1585586853.344196}, "device": "gpu", "nd_range": {"device_start": 1585586787.9212568, "device_end": 1585586787.921262}, "cmdq": 1, "read": {"device_start": -1, "device_end": -1}}, "FFC_sans_bias58": {"write": {"device_start": -1, "host_queued_start": 1585586853.340899, "device_queued": -1, "device_end": -1, "host_queued_end": 1585586853.344196}, "device": "gpu", "nd_range": {"device_start": 1585586787.924709, "device_end": 1585586787.9253228}, "cmdq": 1, "read": {"device_start": -1, "device_end": -1}}, "softmax41": {"write": {"device_start": -1, "host_queued_start": 1585586853.370098, "device_queued": -1, "device_end": -1, "host_queued_end": 1585586853.376893}, "device": "cpu", "nd_range": {"device_start": 2254627.632503956, "device_end": 2254627.6327175032}, "cmdq": 4, "read": {"device_start": -1, "device_end": -1}}, "FFC_sans_bias11": {"write": {"device_start": -1, "host_queued_start": 1585586853.355811, "device_queued": -1, "device_end": -1, "host_queued_end": 1585586853.376893}, "device": "cpu", "nd_range": {"device_start": 2254627.612909928, "device_end": 2254627.628068828}, "cmdq": 0, "read": {"device_start": -1, "device_end": -1}}, "FFC_sans_bias10": {"write": {"device_start": -1, "host_queued_start": 1585586853.354762, "device_queued": -1, "device_end": -1, "host_queued_end": 1585586853.376893}, "device": "cpu", "nd_range": {"device_start": 2254627.5669186222, "device_end": 2254627.582143843}, "cmdq": 4, "read": {"device_start": -1, "device_end": -1}}, "coalesced_transpose3": {"write": {"device_start": -1, "host_queued_start": 1585586853.365699, "device_queued": -1, "device_end": -1, "host_queued_end": 1585586853.376893}, "device": "cpu", "nd_range": {"device_start": 2254627.64369067, "device_end": 2254627.643949434}, "cmdq": 0, "read": {"device_start": -1, "device_end": -1}}, "FFC_sans_bias34": {"write": {"device_start": -1, "host_queued_start": 1585586853.375864, "device_queued": -1, "device_end": -1, "host_queued_end": 1585586853.376893}, "device": "cpu", "nd_range": {"device_start": 2254627.691770615, "device_end": 2254627.7037272183}, "cmdq": 3, "read": {"device_start": -1, "device_end": -1}}, "FFC_sans_bias15": {"write": {"device_start": -1, "host_queued_start": 1585586853.370784, "device_queued": -1, "device_end": -1, "host_queued_end": 1585586853.376893}, "device": "cpu", "nd_range": {"device_start": 2254627.6759942463, "device_end": 2254627.6907039}, "cmdq": 1, "read": {"device_start": -1, "device_end": -1}}, "FFC_sans_bias31": {"write": {"device_start": -1, "host_queued_start": 1585586853.368395, "device_queued": -1, "device_end": -1, "host_queued_end": 1585586853.376893}, "device": "cpu", "nd_range": {"device_start": 2254627.666822147, "device_end": 2254627.6783433734}, "cmdq": 3, "read": {"device_start": -1, "device_end": -1}}, "FFC_sans_bias16": {"write": {"device_start": -1, "host_queued_start": 1585586853.373837, "device_queued": -1, "device_end": -1, "host_queued_end": 1585586853.376893}, "device": "cpu", "nd_range": {"device_start": 2254627.690711733, "device_end": 2254627.7037269003}, "cmdq": 1, "read": {"device_start": -1, "device_end": -1}}, "FFC_sans_bias19": {"write": {"device_start": -1, "host_queued_start": 1585586853.357885, "device_queued": -1, "device_end": -1, "host_queued_end": 1585586853.376893}, "device": "cpu", "nd_range": {"device_start": 2254627.596997493, "device_end": 2254627.6121956813}, "cmdq": 2, "read": {"device_start": -1, "device_end": -1}}, "FFC_sans_bias18": {"write": {"device_start": -1, "host_queued_start": 1585586853.356847, "device_queued": -1, "device_end": -1, "host_queued_end": 1585586853.376893}, "device": "cpu", "nd_range": {"device_start": 2254627.5857251263, "device_end": 2254627.6071591494}, "cmdq": 1, "read": {"device_start": -1, "device_end": -1}}, "coalesced_transpose30": {"write": {"device_start": -1, "host_queued_start": 1585586853.366702, "device_queued": -1, "device_end": -1, "host_queued_end": 1585586853.376893}, "device": "cpu", "nd_range": {"device_start": 2254627.666437581, "device_end": 2254627.666684012}, "cmdq": 3, "read": {"device_start": -1, "device_end": -1}}, "FFC_sans_bias38": {"write": {"device_start": -1, "host_queued_start": 1585586853.365368, "device_queued": -1, "device_end": -1, "host_queued_end": 1585586853.376893}, "device": "cpu", "nd_range": {"device_start": 2254627.597600899, "device_end": 2254627.61279335}, "cmdq": 4, "read": {"device_start": -1, "device_end": -1}}, "coalesced_transpose57": {"write": {"device_start": -1, "host_queued_start": 1585586853.340269, "device_queued": -1, "device_end": -1, "host_queued_end": 1585586853.344196}, "device": "gpu", "nd_range": {"device_start": 1585586787.9243534, "device_end": 1585586787.924708}, "cmdq": 1, "read": {"device_start": -1, "device_end": -1}}, "empty26": {"write": {"device_start": -1, "host_queued_start": 1585586853.347638, "device_queued": -1, "device_end": -1, "host_queued_end": 1585586853.376893}, "device": "cpu", "nd_range": {"device_start": 2254627.566497651, "device_end": 2254627.5665093414}, "cmdq": 2, "read": {"device_start": -1, "device_end": -1}}, "coalesced_transpose12": {"write": {"device_start": -1, "host_queued_start": 1585586853.366031, "device_queued": -1, "device_end": -1, "host_queued_end": 1585586853.376893}, "device": "cpu", "nd_range": {"device_start": 2254627.646704969, "device_end": 2254627.646956488}, "cmdq": 1, "read": {"device_start": -1, "device_end": -1}}, "empty44": {"write": {"device_start": -1, "host_queued_start": 1585586853.349307, "device_queued": -1, "device_end": -1, "host_queued_end": 1585586853.376893}, "device": "cpu", "nd_range": {"device_start": 2254627.566728548, "device_end": 2254627.566731934}, "cmdq": 4, "read": {"device_start": -1, "device_end": -1}}, "coalesced_transpose21": {"write": {"device_start": -1, "host_queued_start": 1585586853.366365, "device_queued": -1, "device_end": -1, "host_queued_end": 1585586853.376893}, "device": "cpu", "nd_range": {"device_start": 2254627.627773343, "device_end": 2254627.6280214433}, "cmdq": 2, "read": {"device_start": -1, "device_end": -1}}, "FFC_sans_bias36": {"write": {"device_start": -1, "host_queued_start": 1585586853.363147, "device_queued": -1, "device_end": -1, "host_queued_end": 1585586853.376893}, "device": "cpu", "nd_range": {"device_start": 2254627.612325307, "device_end": 2254627.627646054}, "cmdq": 2, "read": {"device_start": -1, "device_end": -1}}, "softmax14": {"write": {"device_start": -1, "host_queued_start": 1585586853.36929, "device_queued": -1, "device_end": -1, "host_queued_end": 1585586853.376893}, "device": "cpu", "nd_range": {"device_start": 2254627.675778156, "device_end": 2254627.675988351}, "cmdq": 1, "read": {"device_start": -1, "device_end": -1}}, "FFC_sans_bias13": {"write": {"device_start": -1, "host_queued_start": 1585586853.367714, "device_queued": -1, "device_end": -1, "host_queued_end": 1585586853.376893}, "device": "cpu", "nd_range": {"device_start": 2254627.647337295, "device_end": 2254627.6757671563}, "cmdq": 1, "read": {"device_start": -1, "device_end": -1}}, "empty8": {"write": {"device_start": -1, "host_queued_start": 1585586853.345504, "device_queued": -1, "device_end": -1, "host_queued_end": 1585586853.376893}, "device": "cpu", "nd_range": {"device_start": 2254627.566528929, "device_end": 2254627.566530054}, "cmdq": 0, "read": {"device_start": -1, "device_end": -1}}, "FFC_sans_bias42": {"write": {"device_start": -1, "host_queued_start": 1585586853.371806, "device_queued": -1, "device_end": -1, "host_queued_end": 1585586853.376893}, "device": "cpu", "nd_range": {"device_start": 2254627.632834784, "device_end": 2254627.648999399}, "cmdq": 4, "read": {"device_start": -1, "device_end": -1}}, "FFC_sans_bias43": {"write": {"device_start": -1, "host_queued_start": 1585586853.376849, "device_queued": -1, "device_end": -1, "host_queued_end": 1585586853.376893}, "device": "cpu", "nd_range": {"device_start": 2254627.649123394, "device_end": 2254627.666432086}, "cmdq": 4, "read": {"device_start": -1, "device_end": -1}}, "FFC_sans_bias40": {"write": {"device_start": -1, "host_queued_start": 1585586853.368741, "device_queued": -1, "device_end": -1, "host_queued_end": 1585586853.376893}, "device": "cpu", "nd_range": {"device_start": 2254627.616297924, "device_end": 2254627.6323794993}, "cmdq": 4, "read": {"device_start": -1, "device_end": -1}}, "softmax32": {"write": {"device_start": -1, "host_queued_start": 1585586853.36983, "device_queued": -1, "device_end": -1, "host_queued_end": 1585586853.376893}, "device": "cpu", "nd_range": {"device_start": 2254627.678351505, "device_end": 2254627.678556945}, "cmdq": 3, "read": {"device_start": -1, "device_end": -1}}, "FFC_sans_bias47": {"write": {"device_start": 1585586787.9220903, "host_queued_start": 1585586853.336463, "device_queued": 1585586787.9213197, "device_end": 1585586787.9221203, "host_queued_end": 1585586853.344196}, "device": "gpu", "nd_range": {"device_start": 1585586787.9221244, "device_end": 1585586787.9229407}, "cmdq": 0, "read": {"device_start": -1, "device_end": -1}}, "FFC_sans_bias45": {"write": {"device_start": 1585586787.9212806, "host_queued_start": 1585586853.334381, "device_queued": 1585586787.9210494, "device_end": 1585586787.9213452, "host_queued_end": 1585586853.344196}, "device": "gpu", "nd_range": {"device_start": 1585586787.9213493, "device_end": 1585586787.9219582}, "cmdq": 0, "read": {"device_start": -1, "device_end": -1}}, "softmax50": {"write": {"device_start": -1, "host_queued_start": 1585586853.341151, "device_queued": -1, "device_end": -1, "host_queued_end": 1585586853.344196}, "device": "gpu", "nd_range": {"device_start": 1585586787.924836, "device_end": 1585586787.9253464}, "cmdq": 0, "read": {"device_start": -1, "device_end": -1}}, "FFC_sans_bias33": {"write": {"device_start": -1, "host_queued_start": 1585586853.371464, "device_queued": -1, "device_end": -1, "host_queued_end": 1585586853.376893}, "device": "cpu", "nd_range": {"device_start": 2254627.6785630253, "device_end": 2254627.691762832}, "cmdq": 3, "read": {"device_start": -1, "device_end": -1}}, "FFC_sans_bias49": {"write": {"device_start": -1, "host_queued_start": 1585586853.340584, "device_queued": -1, "device_end": -1, "host_queued_end": 1585586853.344196}, "device": "gpu", "nd_range": {"device_start": 1585586787.924229, "device_end": 1585586787.9248347}, "cmdq": 0, "read": {"device_start": -1, "device_end": -1}}, "FFC_sans_bias24": {"write": {"device_start": -1, "host_queued_start": 1585586853.371122, "device_queued": -1, "device_end": -1, "host_queued_end": 1585586853.376893}, "device": "cpu", "nd_range": {"device_start": 2254627.64385811, "device_end": 2254627.659183939}, "cmdq": 2, "read": {"device_start": -1, "device_end": -1}}, "FFC_sans_bias25": {"write": {"device_start": -1, "host_queued_start": 1585586853.374848, "device_queued": -1, "device_end": -1, "host_queued_end": 1585586853.376893}, "device": "cpu", "nd_range": {"device_start": 2254627.65931562, "device_end": 2254627.6745524053}, "cmdq": 2, "read": {"device_start": -1, "device_end": -1}}, "FFC_sans_bias27": {"write": {"device_start": -1, "host_queued_start": 1585586853.359997, "device_queued": -1, "device_end": -1, "host_queued_end": 1585586853.376893}, "device": "cpu", "nd_range": {"device_start": 2254627.5822658353, "device_end": 2254627.597479929}, "cmdq": 4, "read": {"device_start": -1, "device_end": -1}}, "FFC_sans_bias20": {"write": {"device_start": -1, "host_queued_start": 1585586853.35896, "device_queued": -1, "device_end": -1, "host_queued_end": 1585586853.376893}, "device": "cpu", "nd_range": {"device_start": 2254627.582094762, "device_end": 2254627.599628897}, "cmdq": 3, "read": {"device_start": -1, "device_end": -1}}, "FFC_sans_bias22": {"write": {"device_start": -1, "host_queued_start": 1585586853.368055, "device_queued": -1, "device_end": -1, "host_queued_end": 1585586853.376893}, "device": "cpu", "nd_range": {"device_start": 2254627.628149602, "device_end": 2254627.643501446}, "cmdq": 2, "read": {"device_start": -1, "device_end": -1}}, "softmax5": {"write": {"device_start": -1, "host_queued_start": 1585586853.36902, "device_queued": -1, "device_end": -1, "host_queued_end": 1585586853.376893}, "device": "cpu", "nd_range": {"device_start": 2254627.6592885423, "device_end": 2254627.6596006854}, "cmdq": 0, "read": {"device_start": -1, "device_end": -1}}, "FFC_sans_bias28": {"write": {"device_start": -1, "host_queued_start": 1585586853.361037, "device_queued": -1, "device_end": -1, "host_queued_end": 1585586853.376893}, "device": "cpu", "nd_range": {"device_start": 2254627.628088524, "device_end": 2254627.6433580182}, "cmdq": 0, "read": {"device_start": -1, "device_end": -1}}, "FFC_sans_bias29": {"write": {"device_start": -1, "host_queued_start": 1585586853.362082, "device_queued": -1, "device_end": -1, "host_queued_end": 1585586853.376893}, "device": "cpu", "nd_range": {"device_start": 2254627.616150175, "device_end": 2254627.6434136843}, "cmdq": 1, "read": {"device_start": -1, "device_end": -1}}, "empty17": {"write": {"device_start": -1, "host_queued_start": 1585586853.34662, "device_queued": -1, "device_end": -1, "host_queued_end": 1585586853.376893}, "device": "cpu", "nd_range": {"device_start": 2254627.5665281042, "device_end": 2254627.566529112}, "cmdq": 1, "read": {"device_start": -1, "device_end": -1}}, "softmax59": {"write": {"device_start": -1, "host_queued_start": 1585586853.341397, "device_queued": -1, "device_end": -1, "host_queued_end": 1585586853.344196}, "device": "gpu", "nd_range": {"device_start": 1585586787.925324, "device_end": 1585586787.92568}, "cmdq": 1, "read": {"device_start": -1, "device_end": -1}}, "empty35": {"write": {"device_start": -1, "host_queued_start": 1585586853.348471, "device_queued": -1, "device_end": -1, "host_queued_end": 1585586853.376893}, "device": "cpu", "nd_range": {"device_start": 2254627.566497567, "device_end": 2254627.566509337}, "cmdq": 3, "read": {"device_start": -1, "device_end": -1}}, "empty53": {"write": {"device_start": 1585586787.9210536, "host_queued_start": 1585586853.332119, "device_queued": 1585586787.9209206, "device_end": 1585586787.9211066, "host_queued_end": 1585586853.344196}, "device": "gpu", "nd_range": {"device_start": 1585586787.9211156, "device_end": 1585586787.921122}, "cmdq": 0, "read": {"device_start": -1, "device_end": -1}}, "FFC_sans_bias46": {"write": {"device_start": 1585586787.9213905, "host_queued_start": 1585586853.335431, "device_queued": 1585586787.921269, "device_end": 1585586787.9214165, "host_queued_end": 1585586853.344196}, "device": "gpu", "nd_range": {"device_start": 1585586787.9214196, "device_end": 1585586787.9223652}, "cmdq": 1, "read": {"device_start": -1, "device_end": -1}}, "coalesced_transpose48": {"write": {"device_start": -1, "host_queued_start": 1585586853.339968, "device_queued": -1, "device_end": -1, "host_queued_end": 1585586853.344196}, "device": "gpu", "nd_range": {"device_start": 1585586787.9238884, "device_end": 1585586787.924228}, "cmdq": 0, "read": {"device_start": -1, "device_end": -1}}}