{"FFC_sans_bias60": {"write": {"device_start": -1, "host_queued_start": 1585586955.36553, "device_queued": -1, "device_end": -1, "host_queued_end": 1585586955.371019}, "device": "gpu", "nd_range": {"device_start": 1585586889.957463, "device_end": 1585586889.9588718}, "cmdq": 0, "read": {"device_start": -1, "device_end": -1}}, "FFC_sans_bias4": {"write": {"device_start": -1, "host_queued_start": 1585586955.381959, "device_queued": -1, "device_end": -1, "host_queued_end": 1585586955.386021}, "device": "cpu", "nd_range": {"device_start": 2254729.6009842074, "device_end": 2254729.607500819}, "cmdq": 0, "read": {"device_start": -1, "device_end": -1}}, "FFC_sans_bias7": {"write": {"device_start": -1, "host_queued_start": 1585586955.384836, "device_queued": -1, "device_end": -1, "host_queued_end": 1585586955.386021}, "device": "cpu", "nd_range": {"device_start": 2254729.6198236193, "device_end": 2254729.6278224993}, "cmdq": 1, "read": {"device_start": -1, "device_end": -1}}, "FFC_sans_bias6": {"write": {"device_start": -1, "host_queued_start": 1585586955.383209, "device_queued": -1, "device_end": -1, "host_queued_end": 1585586955.386021}, "device": "cpu", "nd_range": {"device_start": 2254729.6079488844, "device_end": 2254729.6197177223}, "cmdq": 4, "read": {"device_start": -1, "device_end": -1}}, "FFC_sans_bias1": {"write": {"device_start": -1, "host_queued_start": 1585586955.376133, "device_queued": -1, "device_end": -1, "host_queued_end": 1585586955.386021}, "device": "cpu", "nd_range": {"device_start": 2254729.5835734573, "device_end": 2254729.600008515}, "cmdq": 3, "read": {"device_start": -1, "device_end": -1}}, "FFC_sans_bias0": {"write": {"device_start": -1, "host_queued_start": 1585586955.374873, "device_queued": -1, "device_end": -1, "host_queued_end": 1585586955.386021}, "device": "cpu", "nd_range": {"device_start": 2254729.5762383873, "device_end": 2254729.59171825}, "cmdq": 2, "read": {"device_start": -1, "device_end": -1}}, "FFC_sans_bias2": {"write": {"device_start": -1, "host_queued_start": 1585586955.377547, "device_queued": -1, "device_end": -1, "host_queued_end": 1585586955.386021}, "device": "cpu", "nd_range": {"device_start": 2254729.5837218272, "device_end": 2254729.6041882304}, "cmdq": 4, "read": {"device_start": -1, "device_end": -1}}, "FFC_sans_bias61": {"write": {"device_start": 1585586889.9595752, "host_queued_start": 1585586955.370912, "device_queued": 1585586889.948268, "device_end": 1585586889.959606, "host_queued_end": 1585586955.371019}, "device": "gpu", "nd_range": {"device_start": 1585586889.9596143, "device_end": 1585586889.9603162}, "cmdq": 2, "read": {"device_start": 1585586889.9603188, "device_end": 1585586889.9603455}}, "FFC_sans_bias52": {"write": {"device_start": 1585586889.959738, "host_queued_start": 1585586955.369834, "device_queued": 1585586889.9483082, "device_end": 1585586889.959773, "host_queued_end": 1585586955.371019}, "device": "gpu", "nd_range": {"device_start": 1585586889.9597807, "device_end": 1585586889.9607968}, "cmdq": 1, "read": {"device_start": 1585586889.9608066, "device_end": 1585586889.96083}}, "FFC_sans_bias9": {"write": {"device_start": -1, "host_queued_start": 1585586955.378843, "device_queued": -1, "device_end": -1, "host_queued_end": 1585586955.386021}, "device": "cpu", "nd_range": {"device_start": 2254729.5758566842, "device_end": 2254729.591445576}, "cmdq": 0, "read": {"device_start": -1, "device_end": -1}}, "coalesced_transpose39": {"write": {"device_start": -1, "host_queued_start": 1585586955.360494, "device_queued": -1, "device_end": -1, "host_queued_end": 1585586955.371019}, "device": "gpu", "nd_range": {"device_start": 1585586889.9530702, "device_end": 1585586889.9530973}, "cmdq": 1, "read": {"device_start": -1, "device_end": -1}}, "FFC_sans_bias55": {"write": {"device_start": 1585586889.9517457, "host_queued_start": 1585586955.359552, "device_queued": 1585586889.9469545, "device_end": 1585586889.9517775, "host_queued_end": 1585586955.371019}, "device": "gpu", "nd_range": {"device_start": 1585586889.9517815, "device_end": 1585586889.9530654}, "cmdq": 1, "read": {"device_start": -1, "device_end": -1}}, "FFC_sans_bias54": {"write": {"device_start": 1585586889.9512675, "host_queued_start": 1585586955.358478, "device_queued": 1585586889.9467962, "device_end": 1585586889.9512987, "host_queued_end": 1585586955.371019}, "device": "gpu", "nd_range": {"device_start": 1585586889.9513054, "device_end": 1585586889.9525764}, "cmdq": 0, "read": {"device_start": -1, "device_end": -1}}, "FFC_sans_bias56": {"write": {"device_start": 1585586889.9507887, "host_queued_start": 1585586955.357439, "device_queued": 1585586889.9467235, "device_end": 1585586889.9508207, "host_queued_end": 1585586955.371019}, "device": "gpu", "nd_range": {"device_start": 1585586889.9508271, "device_end": 1585586889.9521122}, "cmdq": 2, "read": {"device_start": -1, "device_end": -1}}, "FFC_sans_bias51": {"write": {"device_start": -1, "host_queued_start": 1585586955.36521, "device_queued": -1, "device_end": -1, "host_queued_end": 1585586955.371019}, "device": "gpu", "nd_range": {"device_start": 1585586889.9564836, "device_end": 1585586889.9578755}, "cmdq": 2, "read": {"device_start": -1, "device_end": -1}}, "softmax23": {"write": {"device_start": -1, "host_queued_start": 1585586955.362953, "device_queued": -1, "device_end": -1, "host_queued_end": 1585586955.371019}, "device": "gpu", "nd_range": {"device_start": 1585586889.9546719, "device_end": 1585586889.9558535}, "cmdq": 0, "read": {"device_start": -1, "device_end": -1}}, "FFC_sans_bias37": {"write": {"device_start": 1585586889.94835, "host_queued_start": 1585586955.352171, "device_queued": 1585586889.946197, "device_end": 1585586889.9483757, "host_queued_end": 1585586955.371019}, "device": "gpu", "nd_range": {"device_start": 1585586889.9483812, "device_end": 1585586889.9497173}, "cmdq": 0, "read": {"device_start": -1, "device_end": -1}}, "empty62": {"write": {"device_start": 1585586889.945575, "host_queued_start": 1585586955.34384, "device_queued": 1585586889.9454744, "device_end": 1585586889.9456499, "host_queued_end": 1585586955.371019}, "device": "gpu", "nd_range": {"device_start": 1585586889.9456613, "device_end": 1585586889.9456823}, "cmdq": 1, "read": {"device_start": -1, "device_end": -1}}, "FFC_sans_bias58": {"write": {"device_start": -1, "host_queued_start": 1585586955.362704, "device_queued": -1, "device_end": -1, "host_queued_end": 1585586955.371019}, "device": "gpu", "nd_range": {"device_start": 1585586889.9536989, "device_end": 1585586889.9550908}, "cmdq": 2, "read": {"device_start": -1, "device_end": -1}}, "softmax41": {"write": {"device_start": -1, "host_queued_start": 1585586955.363452, "device_queued": -1, "device_end": -1, "host_queued_end": 1585586955.371019}, "device": "gpu", "nd_range": {"device_start": 1585586889.9550986, "device_end": 1585586889.9558516}, "cmdq": 2, "read": {"device_start": -1, "device_end": -1}}, "FFC_sans_bias11": {"write": {"device_start": -1, "host_queued_start": 1585586955.380951, "device_queued": -1, "device_end": -1, "host_queued_end": 1585586955.386021}, "device": "cpu", "nd_range": {"device_start": 2254729.5918566543, "device_end": 2254729.6010499573}, "cmdq": 2, "read": {"device_start": -1, "device_end": -1}}, "FFC_sans_bias10": {"write": {"device_start": -1, "host_queued_start": 1585586955.379893, "device_queued": -1, "device_end": -1, "host_queued_end": 1585586955.386021}, "device": "cpu", "nd_range": {"device_start": 2254729.575775818, "device_end": 2254729.58359558}, "cmdq": 1, "read": {"device_start": -1, "device_end": -1}}, "coalesced_transpose3": {"write": {"device_start": -1, "host_queued_start": 1585586955.381285, "device_queued": -1, "device_end": -1, "host_queued_end": 1585586955.386021}, "device": "cpu", "nd_range": {"device_start": 2254729.6001499402, "device_end": 2254729.6003911113}, "cmdq": 3, "read": {"device_start": -1, "device_end": -1}}, "FFC_sans_bias34": {"write": {"device_start": 1585586889.9580069, "host_queued_start": 1585586955.367682, "device_queued": 1585586889.947865, "device_end": 1585586889.9580398, "host_queued_end": 1585586955.371019}, "device": "gpu", "nd_range": {"device_start": 1585586889.9580495, "device_end": 1585586889.9593525}, "cmdq": 2, "read": {"device_start": 1585586889.9593585, "device_end": 1585586889.9593823}}, "FFC_sans_bias15": {"write": {"device_start": -1, "host_queued_start": 1585586955.383667, "device_queued": -1, "device_end": -1, "host_queued_end": 1585586955.386021}, "device": "cpu", "nd_range": {"device_start": 2254729.6137404083, "device_end": 2254729.619483618}, "cmdq": 0, "read": {"device_start": -1, "device_end": -1}}, "FFC_sans_bias31": {"write": {"device_start": -1, "host_queued_start": 1585586955.361737, "device_queued": -1, "device_end": -1, "host_queued_end": 1585586955.371019}, "device": "gpu", "nd_range": {"device_start": 1585586889.9530823, "device_end": 1585586889.9536905}, "cmdq": 2, "read": {"device_start": -1, "device_end": -1}}, "FFC_sans_bias16": {"write": {"device_start": -1, "host_queued_start": 1585586955.38596, "device_queued": -1, "device_end": -1, "host_queued_end": 1585586955.386021}, "device": "cpu", "nd_range": {"device_start": 2254729.619490723, "device_end": 2254729.6254447233}, "cmdq": 2, "read": {"device_start": -1, "device_end": -1}}, "FFC_sans_bias19": {"write": {"device_start": 1585586889.9457505, "host_queued_start": 1585586955.345857, "device_queued": 1585586889.945571, "device_end": 1585586889.9457774, "host_queued_end": 1585586955.371019}, "device": "gpu", "nd_range": {"device_start": 1585586889.9457834, "device_end": 1585586889.9467344}, "cmdq": 0, "read": {"device_start": -1, "device_end": -1}}, "FFC_sans_bias18": {"write": {"device_start": 1585586889.9456615, "host_queued_start": 1585586955.344814, "device_queued": 1585586889.9454987, "device_end": 1585586889.9457192, "host_queued_end": 1585586955.371019}, "device": "gpu", "nd_range": {"device_start": 1585586889.9457288, "device_end": 1585586889.9463356}, "cmdq": 2, "read": {"device_start": -1, "device_end": -1}}, "coalesced_transpose30": {"write": {"device_start": -1, "host_queued_start": 1585586955.36019, "device_queued": -1, "device_end": -1, "host_queued_end": 1585586955.371019}, "device": "gpu", "nd_range": {"device_start": 1585586889.9525776, "device_end": 1585586889.95294}, "cmdq": 0, "read": {"device_start": -1, "device_end": -1}}, "FFC_sans_bias38": {"write": {"device_start": 1585586889.9488065, "host_queued_start": 1585586955.353214, "device_queued": 1585586889.9463773, "device_end": 1585586889.9488335, "host_queued_end": 1585586955.371019}, "device": "gpu", "nd_range": {"device_start": 1585586889.9488406, "device_end": 1585586889.9501832}, "cmdq": 1, "read": {"device_start": -1, "device_end": -1}}, "coalesced_transpose57": {"write": {"device_start": -1, "host_queued_start": 1585586955.361098, "device_queued": -1, "device_end": -1, "host_queued_end": 1585586955.371019}, "device": "gpu", "nd_range": {"device_start": 1585586889.9530947, "device_end": 1585586889.953505}, "cmdq": 0, "read": {"device_start": -1, "device_end": -1}}, "empty26": {"write": {"device_start": 1585586889.945138, "host_queued_start": 1585586955.34006, "device_queued": 1585586889.945007, "device_end": 1585586889.9451654, "host_queued_end": 1585586955.371019}, "device": "gpu", "nd_range": {"device_start": 1585586889.9451776, "device_end": 1585586889.945182}, "cmdq": 0, "read": {"device_start": -1, "device_end": -1}}, "coalesced_transpose12": {"write": {"device_start": -1, "host_queued_start": 1585586955.381613, "device_queued": -1, "device_end": -1, "host_queued_end": 1585586955.386021}, "device": "cpu", "nd_range": {"device_start": 2254729.6044288874, "device_end": 2254729.604672747}, "cmdq": 4, "read": {"device_start": -1, "device_end": -1}}, "empty44": {"write": {"device_start": 1585586889.9453804, "host_queued_start": 1585586955.342162, "device_queued": 1585586889.9451866, "device_end": 1585586889.9454436, "host_queued_end": 1585586955.371019}, "device": "gpu", "nd_range": {"device_start": 1585586889.9454472, "device_end": 1585586889.9454513}, "cmdq": 2, "read": {"device_start": -1, "device_end": -1}}, "coalesced_transpose21": {"write": {"device_start": -1, "host_queued_start": 1585586955.359885, "device_queued": -1, "device_end": -1, "host_queued_end": 1585586955.371019}, "device": "gpu", "nd_range": {"device_start": 1585586889.9521132, "device_end": 1585586889.9529297}, "cmdq": 2, "read": {"device_start": -1, "device_end": -1}}, "FFC_sans_bias36": {"write": {"device_start": 1585586889.9478412, "host_queued_start": 1585586955.351138, "device_queued": 1585586889.9461305, "device_end": 1585586889.947872, "host_queued_end": 1585586955.371019}, "device": "gpu", "nd_range": {"device_start": 1585586889.9478827, "device_end": 1585586889.9492135}, "cmdq": 2, "read": {"device_start": -1, "device_end": -1}}, "softmax14": {"write": {"device_start": -1, "host_queued_start": 1585586955.382865, "device_queued": -1, "device_end": -1, "host_queued_end": 1585586955.386021}, "device": "cpu", "nd_range": {"device_start": 2254729.6134184473, "device_end": 2254729.613623895}, "cmdq": 3, "read": {"device_start": -1, "device_end": -1}}, "FFC_sans_bias13": {"write": {"device_start": -1, "host_queued_start": 1585586955.382303, "device_queued": -1, "device_end": -1, "host_queued_end": 1585586955.386021}, "device": "cpu", "nd_range": {"device_start": 2254729.605041073, "device_end": 2254729.61312635}, "cmdq": 1, "read": {"device_start": -1, "device_end": -1}}, "empty8": {"write": {"device_start": -1, "host_queued_start": 1585586955.372599, "device_queued": -1, "device_end": -1, "host_queued_end": 1585586955.386021}, "device": "cpu", "nd_range": {"device_start": 2254729.575755849, "device_end": 2254729.575760892}, "cmdq": 0, "read": {"device_start": -1, "device_end": -1}}, "FFC_sans_bias42": {"write": {"device_start": -1, "host_queued_start": 1585586955.364892, "device_queued": -1, "device_end": -1, "host_queued_end": 1585586955.371019}, "device": "gpu", "nd_range": {"device_start": 1585586889.9562194, "device_end": 1585586889.9568923}, "cmdq": 1, "read": {"device_start": -1, "device_end": -1}}, "FFC_sans_bias43": {"write": {"device_start": 1585586889.9589825, "host_queued_start": 1585586955.368793, "device_queued": 1585586889.948096, "device_end": 1585586889.9590144, "host_queued_end": 1585586955.371019}, "device": "gpu", "nd_range": {"device_start": 1585586889.9590247, "device_end": 1585586889.9598513}, "cmdq": 0, "read": {"device_start": 1585586889.9598565, "device_end": 1585586889.9598954}}, "FFC_sans_bias40": {"write": {"device_start": -1, "host_queued_start": 1585586955.362048, "device_queued": -1, "device_end": -1, "host_queued_end": 1585586955.371019}, "device": "gpu", "nd_range": {"device_start": 1585586889.9535136, "device_end": 1585586889.9546642}, "cmdq": 0, "read": {"device_start": -1, "device_end": -1}}, "softmax32": {"write": {"device_start": -1, "host_queued_start": 1585586955.363201, "device_queued": -1, "device_end": -1, "host_queued_end": 1585586955.371019}, "device": "gpu", "nd_range": {"device_start": 1585586889.9556324, "device_end": 1585586889.9558356}, "cmdq": 1, "read": {"device_start": -1, "device_end": -1}}, "FFC_sans_bias47": {"write": {"device_start": 1585586889.9503007, "host_queued_start": 1585586955.356374, "device_queued": 1585586889.946613, "device_end": 1585586889.9503262, "host_queued_end": 1585586955.371019}, "device": "gpu", "nd_range": {"device_start": 1585586889.9503317, "device_end": 1585586889.9516394}, "cmdq": 1, "read": {"device_start": -1, "device_end": -1}}, "FFC_sans_bias45": {"write": {"device_start": 1585586889.9493027, "host_queued_start": 1585586955.354254, "device_queued": 1585586889.946396, "device_end": 1585586889.949335, "host_queued_end": 1585586955.371019}, "device": "gpu", "nd_range": {"device_start": 1585586889.9493415, "device_end": 1585586889.9506764}, "cmdq": 2, "read": {"device_start": -1, "device_end": -1}}, "softmax50": {"write": {"device_start": -1, "host_queued_start": 1585586955.3637, "device_queued": -1, "device_end": -1, "host_queued_end": 1585586955.371019}, "device": "gpu", "nd_range": {"device_start": 1585586889.9558616, "device_end": 1585586889.9562416}, "cmdq": 0, "read": {"device_start": -1, "device_end": -1}}, "FFC_sans_bias33": {"write": {"device_start": -1, "host_queued_start": 1585586955.364571, "device_queued": -1, "device_end": -1, "host_queued_end": 1585586955.371019}, "device": "gpu", "nd_range": {"device_start": 1585586889.956249, "device_end": 1585586889.9574554}, "cmdq": 0, "read": {"device_start": -1, "device_end": -1}}, "FFC_sans_bias49": {"write": {"device_start": -1, "host_queued_start": 1585586955.362359, "device_queued": -1, "device_end": -1, "host_queued_end": 1585586955.371019}, "device": "gpu", "nd_range": {"device_start": 1585586889.954117, "device_end": 1585586889.9556248}, "cmdq": 1, "read": {"device_start": -1, "device_end": -1}}, "FFC_sans_bias24": {"write": {"device_start": -1, "host_queued_start": 1585586955.364251, "device_queued": -1, "device_end": -1, "host_queued_end": 1585586955.371019}, "device": "gpu", "nd_range": {"device_start": 1585586889.955873, "device_end": 1585586889.9564757}, "cmdq": 2, "read": {"device_start": -1, "device_end": -1}}, "FFC_sans_bias25": {"write": {"device_start": 1585586889.9570289, "host_queued_start": 1585586955.36655, "device_queued": 1585586889.9479969, "device_end": 1585586889.95706, "host_queued_end": 1585586955.371019}, "device": "gpu", "nd_range": {"device_start": 1585586889.9570673, "device_end": 1585586889.9584093}, "cmdq": 1, "read": {"device_start": 1585586889.9584162, "device_end": 1585586889.9584413}}, "FFC_sans_bias27": {"write": {"device_start": 1585586889.9464493, "host_queued_start": 1585586955.347967, "device_queued": 1585586889.9457877, "device_end": 1585586889.9464796, "host_queued_end": 1585586955.371019}, "device": "gpu", "nd_range": {"device_start": 1585586889.9464839, "device_end": 1585586889.947737}, "cmdq": 2, "read": {"device_start": -1, "device_end": -1}}, "FFC_sans_bias20": {"write": {"device_start": 1585586889.94585, "host_queued_start": 1585586955.346928, "device_queued": 1585586889.94577, "device_end": 1585586889.9458823, "host_queued_end": 1585586955.371019}, "device": "gpu", "nd_range": {"device_start": 1585586889.9458869, "device_end": 1585586889.9473152}, "cmdq": 1, "read": {"device_start": -1, "device_end": -1}}, "FFC_sans_bias22": {"write": {"device_start": -1, "host_queued_start": 1585586955.361418, "device_queued": -1, "device_end": -1, "host_queued_end": 1585586955.371019}, "device": "gpu", "nd_range": {"device_start": 1585586889.9531076, "device_end": 1585586889.9541092}, "cmdq": 1, "read": {"device_start": -1, "device_end": -1}}, "softmax5": {"write": {"device_start": -1, "host_queued_start": 1585586955.382581, "device_queued": -1, "device_end": -1, "host_queued_end": 1585586955.386021}, "device": "cpu", "nd_range": {"device_start": 2254729.607622301, "device_end": 2254729.607837406}, "cmdq": 2, "read": {"device_start": -1, "device_end": -1}}, "FFC_sans_bias28": {"write": {"device_start": 1585586889.946852, "host_queued_start": 1585586955.349001, "device_queued": 1585586889.9459505, "device_end": 1585586889.9468768, "host_queued_end": 1585586955.371019}, "device": "gpu", "nd_range": {"device_start": 1585586889.9468806, "device_end": 1585586889.9482715}, "cmdq": 0, "read": {"device_start": -1, "device_end": -1}}, "FFC_sans_bias29": {"write": {"device_start": 1585586889.947407, "host_queued_start": 1585586955.350045, "device_queued": 1585586889.945993, "device_end": 1585586889.9474318, "host_queued_end": 1585586955.371019}, "device": "gpu", "nd_range": {"device_start": 1585586889.947436, "device_end": 1585586889.9487193}, "cmdq": 1, "read": {"device_start": -1, "device_end": -1}}, "empty17": {"write": {"device_start": -1, "host_queued_start": 1585586955.373675, "device_queued": -1, "device_end": -1, "host_queued_end": 1585586955.386021}, "device": "cpu", "nd_range": {"device_start": 2254729.575746513, "device_end": 2254729.575758458}, "cmdq": 1, "read": {"device_start": -1, "device_end": -1}}, "softmax59": {"write": {"device_start": -1, "host_queued_start": 1585586955.363942, "device_queued": -1, "device_end": -1, "host_queued_end": 1585586955.371019}, "device": "gpu", "nd_range": {"device_start": 1585586889.9558432, "device_end": 1585586889.9562118}, "cmdq": 1, "read": {"device_start": -1, "device_end": -1}}, "empty35": {"write": {"device_start": 1585586889.9452915, "host_queued_start": 1585586955.341247, "device_queued": 1585586889.9451628, "device_end": 1585586889.9453628, "host_queued_end": 1585586955.371019}, "device": "gpu", "nd_range": {"device_start": 1585586889.945372, "device_end": 1585586889.9453776}, "cmdq": 1, "read": {"device_start": -1, "device_end": -1}}, "empty53": {"write": {"device_start": 1585586889.9454803, "host_queued_start": 1585586955.343034, "device_queued": 1585586889.9452472, "device_end": 1585586889.9455607, "host_queued_end": 1585586955.371019}, "device": "gpu", "nd_range": {"device_start": 1585586889.9455698, "device_end": 1585586889.9455748}, "cmdq": 0, "read": {"device_start": -1, "device_end": -1}}, "FFC_sans_bias46": {"write": {"device_start": 1585586889.9498436, "host_queued_start": 1585586955.355315, "device_queued": 1585586889.9465828, "device_end": 1585586889.9498756, "host_queued_end": 1585586955.371019}, "device": "gpu", "nd_range": {"device_start": 1585586889.9498794, "device_end": 1585586889.9511354}, "cmdq": 0, "read": {"device_start": -1, "device_end": -1}}, "coalesced_transpose48": {"write": {"device_start": -1, "host_queued_start": 1585586955.360797, "device_queued": -1, "device_end": -1, "host_queued_end": 1585586955.371019}, "device": "gpu", "nd_range": {"device_start": 1585586889.952936, "device_end": 1585586889.9529543}, "cmdq": 2, "read": {"device_start": -1, "device_end": -1}}}