{"FFC_sans_bias60": {"write": {"device_start": -1, "host_queued_start": 1585587002.264382, "device_queued": -1, "device_end": -1, "host_queued_end": 1585587002.268655}, "device": "gpu", "nd_range": {"device_start": 1585586936.8510702, "device_end": 1585586936.8528218}, "cmdq": 3, "read": {"device_start": -1, "device_end": -1}}, "FFC_sans_bias4": {"write": {"device_start": -1, "host_queued_start": 1585587002.283994, "device_queued": -1, "device_end": -1, "host_queued_end": 1585587002.289664}, "device": "cpu", "nd_range": {"device_start": 2254776.5209934423, "device_end": 2254776.5276734633}, "cmdq": 1, "read": {"device_start": -1, "device_end": -1}}, "FFC_sans_bias7": {"write": {"device_start": -1, "host_queued_start": 1585587002.287619, "device_queued": -1, "device_end": -1, "host_queued_end": 1585587002.289664}, "device": "cpu", "nd_range": {"device_start": 2254776.543980876, "device_end": 2254776.552550396}, "cmdq": 0, "read": {"device_start": -1, "device_end": -1}}, "FFC_sans_bias6": {"write": {"device_start": -1, "host_queued_start": 1585587002.285864, "device_queued": -1, "device_end": -1, "host_queued_end": 1585587002.289664}, "device": "cpu", "nd_range": {"device_start": 2254776.534038625, "device_end": 2254776.54300153}, "cmdq": 1, "read": {"device_start": -1, "device_end": -1}}, "FFC_sans_bias1": {"write": {"device_start": -1, "host_queued_start": 1585587002.274707, "device_queued": -1, "device_end": -1, "host_queued_end": 1585587002.289664}, "device": "cpu", "nd_range": {"device_start": 2254776.479298788, "device_end": 2254776.488866914}, "cmdq": 0, "read": {"device_start": -1, "device_end": -1}}, "FFC_sans_bias0": {"write": {"device_start": -1, "host_queued_start": 1585587002.273555, "device_queued": -1, "device_end": -1, "host_queued_end": 1585587002.289664}, "device": "cpu", "nd_range": {"device_start": 2254776.479291994, "device_end": 2254776.485244979}, "cmdq": 1, "read": {"device_start": -1, "device_end": -1}}, "FFC_sans_bias2": {"write": {"device_start": -1, "host_queued_start": 1585587002.275753, "device_queued": -1, "device_end": -1, "host_queued_end": 1585587002.289664}, "device": "cpu", "nd_range": {"device_start": 2254776.485359862, "device_end": 2254776.492965361}, "cmdq": 1, "read": {"device_start": -1, "device_end": -1}}, "FFC_sans_bias61": {"write": {"device_start": 1585586936.8529437, "host_queued_start": 1585587002.268557, "device_queued": 1585586936.8441346, "device_end": 1585586936.8529756, "host_queued_end": 1585587002.268655}, "device": "gpu", "nd_range": {"device_start": 1585586936.8529797, "device_end": 1585586936.8537428}, "cmdq": 3, "read": {"device_start": 1585586936.8537498, "device_end": 1585586936.8537724}}, "FFC_sans_bias52": {"write": {"device_start": 1585586936.85153, "host_queued_start": 1585587002.267527, "device_queued": 1585586936.8439977, "device_end": 1585586936.8515668, "host_queued_end": 1585587002.268655}, "device": "gpu", "nd_range": {"device_start": 1585586936.851573, "device_end": 1585586936.8532681}, "cmdq": 2, "read": {"device_start": 1585586936.8532772, "device_end": 1585586936.8533003}}, "FFC_sans_bias9": {"write": {"device_start": -1, "host_queued_start": 1585587002.276795, "device_queued": -1, "device_end": -1, "host_queued_end": 1585587002.289664}, "device": "cpu", "nd_range": {"device_start": 2254776.488984574, "device_end": 2254776.496096808}, "cmdq": 0, "read": {"device_start": -1, "device_end": -1}}, "coalesced_transpose39": {"write": {"device_start": -1, "host_queued_start": 1585587002.260282, "device_queued": -1, "device_end": -1, "host_queued_end": 1585587002.268655}, "device": "gpu", "nd_range": {"device_start": 1585586936.8470066, "device_end": 1585586936.8478432}, "cmdq": 1, "read": {"device_start": -1, "device_end": -1}}, "FFC_sans_bias55": {"write": {"device_start": 1585586936.8461535, "host_queued_start": 1585587002.259645, "device_queued": 1585586936.842996, "device_end": 1585586936.846185, "host_queued_end": 1585587002.268655}, "device": "gpu", "nd_range": {"device_start": 1585586936.8461907, "device_end": 1585586936.847975}, "cmdq": 3, "read": {"device_start": -1, "device_end": -1}}, "FFC_sans_bias54": {"write": {"device_start": 1585586936.8456495, "host_queued_start": 1585587002.258569, "device_queued": 1585586936.8428664, "device_end": 1585586936.8456824, "host_queued_end": 1585587002.268655}, "device": "gpu", "nd_range": {"device_start": 1585586936.8456883, "device_end": 1585586936.8474557}, "cmdq": 2, "read": {"device_start": -1, "device_end": -1}}, "FFC_sans_bias56": {"write": {"device_start": 1585586936.84516, "host_queued_start": 1585587002.257537, "device_queued": 1585586936.8428428, "device_end": 1585586936.8451922, "host_queued_end": 1585587002.268655}, "device": "gpu", "nd_range": {"device_start": 1585586936.845199, "device_end": 1585586936.8470023}, "cmdq": 1, "read": {"device_start": -1, "device_end": -1}}, "FFC_sans_bias51": {"write": {"device_start": -1, "host_queued_start": 1585587002.264077, "device_queued": -1, "device_end": -1, "host_queued_end": 1585587002.268655}, "device": "gpu", "nd_range": {"device_start": 1585586936.8500645, "device_end": 1585586936.851384}, "cmdq": 2, "read": {"device_start": -1, "device_end": -1}}, "softmax23": {"write": {"device_start": -1, "host_queued_start": 1585587002.285529, "device_queued": -1, "device_end": -1, "host_queued_end": 1585587002.289664}, "device": "cpu", "nd_range": {"device_start": 2254776.533842043, "device_end": 2254776.534011615}, "cmdq": 0, "read": {"device_start": -1, "device_end": -1}}, "FFC_sans_bias37": {"write": {"device_start": 1585586936.8427634, "host_queued_start": 1585587002.252294, "device_queued": 1585586936.8423376, "device_end": 1585586936.8427882, "host_queued_end": 1585587002.268655}, "device": "gpu", "nd_range": {"device_start": 1585586936.8427985, "device_end": 1585586936.8445873}, "cmdq": 0, "read": {"device_start": -1, "device_end": -1}}, "empty62": {"write": {"device_start": 1585586936.8418415, "host_queued_start": 1585587002.247125, "device_queued": 1585586936.8415818, "device_end": 1585586936.8418725, "host_queued_end": 1585587002.268655}, "device": "gpu", "nd_range": {"device_start": 1585586936.8418794, "device_end": 1585586936.8418832}, "cmdq": 3, "read": {"device_start": -1, "device_end": -1}}, "FFC_sans_bias58": {"write": {"device_start": -1, "host_queued_start": 1585587002.262125, "device_queued": -1, "device_end": -1, "host_queued_end": 1585587002.268655}, "device": "gpu", "nd_range": {"device_start": 1585586936.849269, "device_end": 1585586936.8498785}, "cmdq": 3, "read": {"device_start": -1, "device_end": -1}}, "softmax41": {"write": {"device_start": -1, "host_queued_start": 1585587002.262658, "device_queued": -1, "device_end": -1, "host_queued_end": 1585587002.268655}, "device": "gpu", "nd_range": {"device_start": 1585586936.848893, "device_end": 1585586936.849609}, "cmdq": 1, "read": {"device_start": -1, "device_end": -1}}, "FFC_sans_bias11": {"write": {"device_start": -1, "host_queued_start": 1585587002.279181, "device_queued": -1, "device_end": -1, "host_queued_end": 1585587002.289664}, "device": "cpu", "nd_range": {"device_start": 2254776.500741931, "device_end": 2254776.515635124}, "cmdq": 0, "read": {"device_start": -1, "device_end": -1}}, "FFC_sans_bias10": {"write": {"device_start": -1, "host_queued_start": 1585587002.277933, "device_queued": -1, "device_end": -1, "host_queued_end": 1585587002.289664}, "device": "cpu", "nd_range": {"device_start": 2254776.493083543, "device_end": 2254776.499739057}, "cmdq": 1, "read": {"device_start": -1, "device_end": -1}}, "coalesced_transpose3": {"write": {"device_start": -1, "host_queued_start": 1585587002.282994, "device_queued": -1, "device_end": -1, "host_queued_end": 1585587002.289664}, "device": "cpu", "nd_range": {"device_start": 2254776.520658993, "device_end": 2254776.520837232}, "cmdq": 0, "read": {"device_start": -1, "device_end": -1}}, "FFC_sans_bias34": {"write": {"device_start": 1585586936.8509989, "host_queued_start": 1585587002.265393, "device_queued": 1585586936.8439298, "device_end": 1585586936.85103, "host_queued_end": 1585587002.268655}, "device": "gpu", "nd_range": {"device_start": 1585586936.8510365, "device_end": 1585586936.8523154}, "cmdq": 0, "read": {"device_start": 1585586936.8523192, "device_end": 1585586936.8523471}}, "FFC_sans_bias15": {"write": {"device_start": -1, "host_queued_start": 1585587002.286209, "device_queued": -1, "device_end": -1, "host_queued_end": 1585587002.289664}, "device": "cpu", "nd_range": {"device_start": 2254776.5341437673, "device_end": 2254776.543973261}, "cmdq": 0, "read": {"device_start": -1, "device_end": -1}}, "FFC_sans_bias31": {"write": {"device_start": -1, "host_queued_start": 1585587002.261191, "device_queued": -1, "device_end": -1, "host_queued_end": 1585587002.268655}, "device": "gpu", "nd_range": {"device_start": 1585586936.8478394, "device_end": 1585586936.8484457}, "cmdq": 0, "read": {"device_start": -1, "device_end": -1}}, "FFC_sans_bias16": {"write": {"device_start": -1, "host_queued_start": 1585587002.288635, "device_queued": -1, "device_end": -1, "host_queued_end": 1585587002.289664}, "device": "cpu", "nd_range": {"device_start": 2254776.551579231, "device_end": 2254776.5589672}, "cmdq": 1, "read": {"device_start": -1, "device_end": -1}}, "FFC_sans_bias19": {"write": {"device_start": -1, "host_queued_start": 1585587002.281536, "device_queued": -1, "device_end": -1, "host_queued_end": 1585587002.289664}, "device": "cpu", "nd_range": {"device_start": 2254776.515642721, "device_end": 2254776.5206534644}, "cmdq": 0, "read": {"device_start": -1, "device_end": -1}}, "FFC_sans_bias18": {"write": {"device_start": -1, "host_queued_start": 1585587002.280401, "device_queued": -1, "device_end": -1, "host_queued_end": 1585587002.289664}, "device": "cpu", "nd_range": {"device_start": 2254776.4997464484, "device_end": 2254776.5068899943}, "cmdq": 1, "read": {"device_start": -1, "device_end": -1}}, "coalesced_transpose30": {"write": {"device_start": -1, "host_queued_start": 1585587002.259981, "device_queued": -1, "device_end": -1, "host_queued_end": 1585587002.268655}, "device": "gpu", "nd_range": {"device_start": 1585586936.8464904, "device_end": 1585586936.8478382}, "cmdq": 0, "read": {"device_start": -1, "device_end": -1}}, "FFC_sans_bias38": {"write": {"device_start": 1585586936.8432674, "host_queued_start": 1585587002.253333, "device_queued": 1585586936.8423924, "device_end": 1585586936.8432925, "host_queued_end": 1585587002.268655}, "device": "gpu", "nd_range": {"device_start": 1585586936.8432987, "device_end": 1585586936.8450425}, "cmdq": 1, "read": {"device_start": -1, "device_end": -1}}, "coalesced_transpose57": {"write": {"device_start": -1, "host_queued_start": 1585587002.260875, "device_queued": -1, "device_end": -1, "host_queued_end": 1585587002.268655}, "device": "gpu", "nd_range": {"device_start": 1585586936.8479762, "device_end": 1585586936.8492677}, "cmdq": 3, "read": {"device_start": -1, "device_end": -1}}, "empty26": {"write": {"device_start": -1, "host_queued_start": 1585587002.272305, "device_queued": -1, "device_end": -1, "host_queued_end": 1585587002.289664}, "device": "cpu", "nd_range": {"device_start": 2254776.479291256, "device_end": 2254776.4792922013}, "cmdq": 0, "read": {"device_start": -1, "device_end": -1}}, "coalesced_transpose12": {"write": {"device_start": -1, "host_queued_start": 1585587002.283323, "device_queued": -1, "device_end": -1, "host_queued_end": 1585587002.289664}, "device": "cpu", "nd_range": {"device_start": 2254776.515877907, "device_end": 2254776.516127637}, "cmdq": 1, "read": {"device_start": -1, "device_end": -1}}, "empty44": {"write": {"device_start": 1585586936.8416293, "host_queued_start": 1585587002.245322, "device_queued": 1585586936.8415394, "device_end": 1585586936.841702, "host_queued_end": 1585587002.268655}, "device": "gpu", "nd_range": {"device_start": 1585586936.841708, "device_end": 1585586936.84172}, "cmdq": 1, "read": {"device_start": -1, "device_end": -1}}, "coalesced_transpose21": {"write": {"device_start": -1, "host_queued_start": 1585587002.283646, "device_queued": -1, "device_end": -1, "host_queued_end": 1585587002.289664}, "device": "cpu", "nd_range": {"device_start": 2254776.520987711, "device_end": 2254776.521135229}, "cmdq": 0, "read": {"device_start": -1, "device_end": -1}}, "FFC_sans_bias36": {"write": {"device_start": 1585586936.8422933, "host_queued_start": 1585587002.251269, "device_queued": 1585586936.8420951, "device_end": 1585586936.842323, "host_queued_end": 1585587002.268655}, "device": "gpu", "nd_range": {"device_start": 1585586936.8423262, "device_end": 1585586936.8440542}, "cmdq": 3, "read": {"device_start": -1, "device_end": -1}}, "softmax14": {"write": {"device_start": -1, "host_queued_start": 1585587002.285245, "device_queued": -1, "device_end": -1, "host_queued_end": 1585587002.289664}, "device": "cpu", "nd_range": {"device_start": 2254776.5338426824, "device_end": 2254776.534025278}, "cmdq": 1, "read": {"device_start": -1, "device_end": -1}}, "FFC_sans_bias13": {"write": {"device_start": -1, "host_queued_start": 1585587002.28434, "device_queued": -1, "device_end": -1, "host_queued_end": 1585587002.289664}, "device": "cpu", "nd_range": {"device_start": 2254776.52124851, "device_end": 2254776.53198354}, "cmdq": 0, "read": {"device_start": -1, "device_end": -1}}, "empty8": {"write": {"device_start": -1, "host_queued_start": 1585587002.27023, "device_queued": -1, "device_end": -1, "host_queued_end": 1585587002.289664}, "device": "cpu", "nd_range": {"device_start": 2254776.479258857, "device_end": 2254776.47927168}, "cmdq": 0, "read": {"device_start": -1, "device_end": -1}}, "FFC_sans_bias42": {"write": {"device_start": -1, "host_queued_start": 1585587002.263767, "device_queued": -1, "device_end": -1, "host_queued_end": 1585587002.268655}, "device": "gpu", "nd_range": {"device_start": 1585586936.8496103, "device_end": 1585586936.8504107}, "cmdq": 1, "read": {"device_start": -1, "device_end": -1}}, "FFC_sans_bias43": {"write": {"device_start": 1585586936.8505683, "host_queued_start": 1585587002.266464, "device_queued": 1585586936.8439748, "device_end": 1585586936.8505998, "host_queued_end": 1585587002.268655}, "device": "gpu", "nd_range": {"device_start": 1585586936.8506062, "device_end": 1585586936.8518367}, "cmdq": 1, "read": {"device_start": 1585586936.8518436, "device_end": 1585586936.8518682}}, "FFC_sans_bias40": {"write": {"device_start": -1, "host_queued_start": 1585587002.261501, "device_queued": -1, "device_end": -1, "host_queued_end": 1585587002.268655}, "device": "gpu", "nd_range": {"device_start": 1585586936.8478444, "device_end": 1585586936.848892}, "cmdq": 1, "read": {"device_start": -1, "device_end": -1}}, "softmax32": {"write": {"device_start": -1, "host_queued_start": 1585587002.262377, "device_queued": -1, "device_end": -1, "host_queued_end": 1585587002.268655}, "device": "gpu", "nd_range": {"device_start": 1585586936.8484466, "device_end": 1585586936.8496215}, "cmdq": 0, "read": {"device_start": -1, "device_end": -1}}, "FFC_sans_bias47": {"write": {"device_start": 1585586936.8447337, "host_queued_start": 1585587002.25651, "device_queued": 1585586936.842767, "device_end": 1585586936.8447652, "host_queued_end": 1585587002.268655}, "device": "gpu", "nd_range": {"device_start": 1585586936.8447719, "device_end": 1585586936.8464894}, "cmdq": 0, "read": {"device_start": -1, "device_end": -1}}, "FFC_sans_bias45": {"write": {"device_start": 1585586936.8437035, "host_queued_start": 1585587002.254399, "device_queued": 1585586936.8424146, "device_end": 1585586936.8437295, "host_queued_end": 1585587002.268655}, "device": "gpu", "nd_range": {"device_start": 1585586936.843735, "device_end": 1585586936.845529}, "cmdq": 2, "read": {"device_start": -1, "device_end": -1}}, "softmax50": {"write": {"device_start": -1, "host_queued_start": 1585587002.262907, "device_queued": -1, "device_end": -1, "host_queued_end": 1585587002.268655}, "device": "gpu", "nd_range": {"device_start": 1585586936.8494313, "device_end": 1585586936.8500636}, "cmdq": 2, "read": {"device_start": -1, "device_end": -1}}, "FFC_sans_bias33": {"write": {"device_start": -1, "host_queued_start": 1585587002.263455, "device_queued": -1, "device_end": -1, "host_queued_end": 1585587002.268655}, "device": "gpu", "nd_range": {"device_start": 1585586936.849623, "device_end": 1585586936.8508708}, "cmdq": 0, "read": {"device_start": -1, "device_end": -1}}, "FFC_sans_bias49": {"write": {"device_start": -1, "host_queued_start": 1585587002.261811, "device_queued": -1, "device_end": -1, "host_queued_end": 1585587002.268655}, "device": "gpu", "nd_range": {"device_start": 1585586936.8478546, "device_end": 1585586936.8494303}, "cmdq": 2, "read": {"device_start": -1, "device_end": -1}}, "FFC_sans_bias24": {"write": {"device_start": -1, "host_queued_start": 1585587002.286548, "device_queued": -1, "device_end": -1, "host_queued_end": 1585587002.289664}, "device": "cpu", "nd_range": {"device_start": 2254776.5430110763, "device_end": 2254776.55157223}, "cmdq": 1, "read": {"device_start": -1, "device_end": -1}}, "FFC_sans_bias25": {"write": {"device_start": -1, "host_queued_start": 1585587002.28962, "device_queued": -1, "device_end": -1, "host_queued_end": 1585587002.289664}, "device": "cpu", "nd_range": {"device_start": 2254776.552553752, "device_end": 2254776.5610959292}, "cmdq": 0, "read": {"device_start": -1, "device_end": -1}}, "FFC_sans_bias27": {"write": {"device_start": 1585586936.8419821, "host_queued_start": 1585587002.248122, "device_queued": 1585586936.8418827, "device_end": 1585586936.8420424, "host_queued_end": 1585587002.268655}, "device": "gpu", "nd_range": {"device_start": 1585586936.8420458, "device_end": 1585586936.8426473}, "cmdq": 0, "read": {"device_start": -1, "device_end": -1}}, "FFC_sans_bias20": {"write": {"device_start": -1, "host_queued_start": 1585587002.282665, "device_queued": -1, "device_end": -1, "host_queued_end": 1585587002.289664}, "device": "cpu", "nd_range": {"device_start": 2254776.507008652, "device_end": 2254776.515638885}, "cmdq": 1, "read": {"device_start": -1, "device_end": -1}}, "FFC_sans_bias22": {"write": {"device_start": -1, "host_queued_start": 1585587002.284689, "device_queued": -1, "device_end": -1, "host_queued_end": 1585587002.289664}, "device": "cpu", "nd_range": {"device_start": 2254776.5279087774, "device_end": 2254776.5338247893}, "cmdq": 1, "read": {"device_start": -1, "device_end": -1}}, "softmax5": {"write": {"device_start": -1, "host_queued_start": 1585587002.28497, "device_queued": -1, "device_end": -1, "host_queued_end": 1585587002.289664}, "device": "cpu", "nd_range": {"device_start": 2254776.532103689, "device_end": 2254776.532318444}, "cmdq": 0, "read": {"device_start": -1, "device_end": -1}}, "FFC_sans_bias28": {"write": {"device_start": 1585586936.8420885, "host_queued_start": 1585587002.249159, "device_queued": 1585586936.841933, "device_end": 1585586936.842168, "host_queued_end": 1585587002.268655}, "device": "gpu", "nd_range": {"device_start": 1585586936.842173, "device_end": 1585586936.8430655}, "cmdq": 1, "read": {"device_start": -1, "device_end": -1}}, "FFC_sans_bias29": {"write": {"device_start": 1585586936.8421965, "host_queued_start": 1585587002.25019, "device_queued": 1585586936.8419478, "device_end": 1585586936.8422725, "host_queued_end": 1585587002.268655}, "device": "gpu", "nd_range": {"device_start": 1585586936.8422787, "device_end": 1585586936.8436172}, "cmdq": 2, "read": {"device_start": -1, "device_end": -1}}, "empty17": {"write": {"device_start": -1, "host_queued_start": 1585587002.271304, "device_queued": -1, "device_end": -1, "host_queued_end": 1585587002.289664}, "device": "cpu", "nd_range": {"device_start": 2254776.479258928, "device_end": 2254776.4792720163}, "cmdq": 1, "read": {"device_start": -1, "device_end": -1}}, "softmax59": {"write": {"device_start": -1, "host_queued_start": 1585587002.263147, "device_queued": -1, "device_end": -1, "host_queued_end": 1585587002.268655}, "device": "gpu", "nd_range": {"device_start": 1585586936.8498797, "device_end": 1585586936.8510687}, "cmdq": 3, "read": {"device_start": -1, "device_end": -1}}, "empty35": {"write": {"device_start": 1585586936.8415246, "host_queued_start": 1585587002.244099, "device_queued": 1585586936.8413928, "device_end": 1585586936.8415596, "host_queued_end": 1585587002.268655}, "device": "gpu", "nd_range": {"device_start": 1585586936.84157, "device_end": 1585586936.8415747}, "cmdq": 0, "read": {"device_start": -1, "device_end": -1}}, "empty53": {"write": {"device_start": 1585586936.8417358, "host_queued_start": 1585587002.246244, "device_queued": 1585586936.8415635, "device_end": 1585586936.841819, "host_queued_end": 1585587002.268655}, "device": "gpu", "nd_range": {"device_start": 1585586936.8418357, "device_end": 1585586936.8418396}, "cmdq": 2, "read": {"device_start": -1, "device_end": -1}}, "FFC_sans_bias46": {"write": {"device_start": 1585586936.8442156, "host_queued_start": 1585587002.255471, "device_queued": 1585586936.8425336, "device_end": 1585586936.8442473, "host_queued_end": 1585587002.268655}, "device": "gpu", "nd_range": {"device_start": 1585586936.844251, "device_end": 1585586936.8460307}, "cmdq": 3, "read": {"device_start": -1, "device_end": -1}}, "coalesced_transpose48": {"write": {"device_start": -1, "host_queued_start": 1585587002.260582, "device_queued": -1, "device_end": -1, "host_queued_end": 1585587002.268655}, "device": "gpu", "nd_range": {"device_start": 1585586936.847462, "device_end": 1585586936.8478537}, "cmdq": 2, "read": {"device_start": -1, "device_end": -1}}}