{"FFC_sans_bias60": {"write": {"device_start": -1, "host_queued_start": 1585586682.324776, "device_queued": -1, "device_end": -1, "host_queued_end": 1585586682.331858}, "device": "cpu", "nd_range": {"device_start": 2254456.6870068493, "device_end": 2254456.6949367933}, "cmdq": 1, "read": {"device_start": -1, "device_end": -1}}, "FFC_sans_bias4": {"write": {"device_start": -1, "host_queued_start": 1585586682.318337, "device_queued": -1, "device_end": -1, "host_queued_end": 1585586682.331858}, "device": "cpu", "nd_range": {"device_start": 2254456.61992002, "device_end": 2254456.626140823}, "cmdq": 1, "read": {"device_start": -1, "device_end": -1}}, "FFC_sans_bias7": {"write": {"device_start": -1, "host_queued_start": 1585586682.325825, "device_queued": -1, "device_end": -1, "host_queued_end": 1585586682.331858}, "device": "cpu", "nd_range": {"device_start": 2254456.679465951, "device_end": 2254456.691834061}, "cmdq": 0, "read": {"device_start": -1, "device_end": -1}}, "FFC_sans_bias6": {"write": {"device_start": -1, "host_queued_start": 1585586682.322699, "device_queued": -1, "device_end": -1, "host_queued_end": 1585586682.331858}, "device": "cpu", "nd_range": {"device_start": 2254456.652183955, "device_end": 2254456.663625387}, "cmdq": 1, "read": {"device_start": -1, "device_end": -1}}, "FFC_sans_bias1": {"write": {"device_start": -1, "host_queued_start": 1585586682.295514, "device_queued": -1, "device_end": -1, "host_queued_end": 1585586682.331858}, "device": "cpu", "nd_range": {"device_start": 2254456.521549301, "device_end": 2254456.53058011}, "cmdq": 0, "read": {"device_start": -1, "device_end": -1}}, "FFC_sans_bias0": {"write": {"device_start": -1, "host_queued_start": 1585586682.29444, "device_queued": -1, "device_end": -1, "host_queued_end": 1585586682.331858}, "device": "cpu", "nd_range": {"device_start": 2254456.52154495, "device_end": 2254456.527477718}, "cmdq": 1, "read": {"device_start": -1, "device_end": -1}}, "FFC_sans_bias2": {"write": {"device_start": -1, "host_queued_start": 1585586682.296563, "device_queued": -1, "device_end": -1, "host_queued_end": 1585586682.331858}, "device": "cpu", "nd_range": {"device_start": 2254456.5290054483, "device_end": 2254456.535643216}, "cmdq": 1, "read": {"device_start": -1, "device_end": -1}}, "FFC_sans_bias61": {"write": {"device_start": -1, "host_queued_start": 1585586682.331814, "device_queued": -1, "device_end": -1, "host_queued_end": 1585586682.331858}, "device": "cpu", "nd_range": {"device_start": 2254456.709294485, "device_end": 2254456.715694073}, "cmdq": 0, "read": {"device_start": -1, "device_end": -1}}, "FFC_sans_bias52": {"write": {"device_start": -1, "host_queued_start": 1585586682.330825, "device_queued": -1, "device_end": -1, "host_queued_end": 1585586682.331858}, "device": "cpu", "nd_range": {"device_start": 2254456.7199658183, "device_end": 2254456.732699735}, "cmdq": 1, "read": {"device_start": -1, "device_end": -1}}, "FFC_sans_bias9": {"write": {"device_start": -1, "host_queued_start": 1585586682.297605, "device_queued": -1, "device_end": -1, "host_queued_end": 1585586682.331858}, "device": "cpu", "nd_range": {"device_start": 2254456.530685658, "device_end": 2254456.5462378482}, "cmdq": 0, "read": {"device_start": -1, "device_end": -1}}, "coalesced_transpose39": {"write": {"device_start": -1, "host_queued_start": 1585586682.317234, "device_queued": -1, "device_end": -1, "host_queued_end": 1585586682.331858}, "device": "cpu", "nd_range": {"device_start": 2254456.6201901212, "device_end": 2254456.620436855}, "cmdq": 0, "read": {"device_start": -1, "device_end": -1}}, "FFC_sans_bias55": {"write": {"device_start": -1, "host_queued_start": 1585586682.315576, "device_queued": -1, "device_end": -1, "host_queued_end": 1585586682.331858}, "device": "cpu", "nd_range": {"device_start": 2254456.588462506, "device_end": 2254456.5981891663}, "cmdq": 1, "read": {"device_start": -1, "device_end": -1}}, "FFC_sans_bias54": {"write": {"device_start": -1, "host_queued_start": 1585586682.314532, "device_queued": -1, "device_end": -1, "host_queued_end": 1585586682.331858}, "device": "cpu", "nd_range": {"device_start": 2254456.614461805, "device_end": 2254456.6197363352}, "cmdq": 0, "read": {"device_start": -1, "device_end": -1}}, "FFC_sans_bias56": {"write": {"device_start": -1, "host_queued_start": 1585586682.313476, "device_queued": -1, "device_end": -1, "host_queued_end": 1585586682.331858}, "device": "cpu", "nd_range": {"device_start": 2254456.582131004, "device_end": 2254456.588339394}, "cmdq": 1, "read": {"device_start": -1, "device_end": -1}}, "FFC_sans_bias51": {"write": {"device_start": -1, "host_queued_start": 1585586682.324438, "device_queued": -1, "device_end": -1, "host_queued_end": 1585586682.331858}, "device": "cpu", "nd_range": {"device_start": 2254456.6701790383, "device_end": 2254456.6794599113}, "cmdq": 0, "read": {"device_start": -1, "device_end": -1}}, "softmax23": {"write": {"device_start": -1, "host_queued_start": 1585586682.321261, "device_queued": -1, "device_end": -1, "host_queued_end": 1585586682.331858}, "device": "cpu", "nd_range": {"device_start": 2254456.64524179, "device_end": 2254456.645354986}, "cmdq": 0, "read": {"device_start": -1, "device_end": -1}}, "FFC_sans_bias37": {"write": {"device_start": -1, "host_queued_start": 1585586682.308226, "device_queued": -1, "device_end": -1, "host_queued_end": 1585586682.331858}, "device": "cpu", "nd_range": {"device_start": 2254456.598195117, "device_end": 2254456.603454275}, "cmdq": 0, "read": {"device_start": -1, "device_end": -1}}, "empty62": {"write": {"device_start": -1, "host_queued_start": 1585586682.293465, "device_queued": -1, "device_end": -1, "host_queued_end": 1585586682.331858}, "device": "cpu", "nd_range": {"device_start": 2254456.521543262, "device_end": 2254456.521543925}, "cmdq": 0, "read": {"device_start": -1, "device_end": -1}}, "FFC_sans_bias58": {"write": {"device_start": -1, "host_queued_start": 1585586682.320438, "device_queued": -1, "device_end": -1, "host_queued_end": 1585586682.331858}, "device": "cpu", "nd_range": {"device_start": 2254456.6455075243, "device_end": 2254456.651531754}, "cmdq": 1, "read": {"device_start": -1, "device_end": -1}}, "softmax41": {"write": {"device_start": -1, "host_queued_start": 1585586682.321808, "device_queued": -1, "device_end": -1, "host_queued_end": 1585586682.331858}, "device": "cpu", "nd_range": {"device_start": 2254456.6454925193, "device_end": 2254456.64654939}, "cmdq": 0, "read": {"device_start": -1, "device_end": -1}}, "FFC_sans_bias11": {"write": {"device_start": -1, "host_queued_start": 1585586682.299797, "device_queued": -1, "device_end": -1, "host_queued_end": 1585586682.331858}, "device": "cpu", "nd_range": {"device_start": 2254456.546555322, "device_end": 2254456.552761256}, "cmdq": 0, "read": {"device_start": -1, "device_end": -1}}, "FFC_sans_bias10": {"write": {"device_start": -1, "host_queued_start": 1585586682.298713, "device_queued": -1, "device_end": -1, "host_queued_end": 1585586682.331858}, "device": "cpu", "nd_range": {"device_start": 2254456.535772114, "device_end": 2254456.541652826}, "cmdq": 1, "read": {"device_start": -1, "device_end": -1}}, "coalesced_transpose3": {"write": {"device_start": -1, "host_queued_start": 1585586682.315919, "device_queued": -1, "device_end": -1, "host_queued_end": 1585586682.331858}, "device": "cpu", "nd_range": {"device_start": 2254456.6197518413, "device_end": 2254456.61991212}, "cmdq": 0, "read": {"device_start": -1, "device_end": -1}}, "FFC_sans_bias34": {"write": {"device_start": -1, "host_queued_start": 1585586682.328804, "device_queued": -1, "device_end": -1, "host_queued_end": 1585586682.331858}, "device": "cpu", "nd_range": {"device_start": 2254456.714732651, "device_end": 2254456.719956579}, "cmdq": 1, "read": {"device_start": -1, "device_end": -1}}, "FFC_sans_bias15": {"write": {"device_start": -1, "host_queued_start": 1585586682.323039, "device_queued": -1, "device_end": -1, "host_queued_end": 1585586682.331858}, "device": "cpu", "nd_range": {"device_start": 2254456.6517436514, "device_end": 2254456.659686455}, "cmdq": 0, "read": {"device_start": -1, "device_end": -1}}, "FFC_sans_bias31": {"write": {"device_start": -1, "host_queued_start": 1585586682.319408, "device_queued": -1, "device_end": -1, "host_queued_end": 1585586682.331858}, "device": "cpu", "nd_range": {"device_start": 2254456.6293731853, "device_end": 2254456.6372229643}, "cmdq": 0, "read": {"device_start": -1, "device_end": -1}}, "FFC_sans_bias16": {"write": {"device_start": -1, "host_queued_start": 1585586682.32682, "device_queued": -1, "device_end": -1, "host_queued_end": 1585586682.331858}, "device": "cpu", "nd_range": {"device_start": 2254456.6949437084, "device_end": 2254456.705474759}, "cmdq": 1, "read": {"device_start": -1, "device_end": -1}}, "FFC_sans_bias19": {"write": {"device_start": -1, "host_queued_start": 1585586682.301891, "device_queued": -1, "device_end": -1, "host_queued_end": 1585586682.331858}, "device": "cpu", "nd_range": {"device_start": 2254456.559091492, "device_end": 2254456.565748184}, "cmdq": 0, "read": {"device_start": -1, "device_end": -1}}, "FFC_sans_bias18": {"write": {"device_start": -1, "host_queued_start": 1585586682.300845, "device_queued": -1, "device_end": -1, "host_queued_end": 1585586682.331858}, "device": "cpu", "nd_range": {"device_start": 2254456.541674016, "device_end": 2254456.547860104}, "cmdq": 1, "read": {"device_start": -1, "device_end": -1}}, "coalesced_transpose30": {"write": {"device_start": -1, "host_queued_start": 1585586682.316907, "device_queued": -1, "device_end": -1, "host_queued_end": 1585586682.331858}, "device": "cpu", "nd_range": {"device_start": 2254456.598594563, "device_end": 2254456.598844754}, "cmdq": 1, "read": {"device_start": -1, "device_end": -1}}, "FFC_sans_bias38": {"write": {"device_start": -1, "host_queued_start": 1585586682.309277, "device_queued": -1, "device_end": -1, "host_queued_end": 1585586682.331858}, "device": "cpu", "nd_range": {"device_start": 2254456.568857016, "device_end": 2254456.575508282}, "cmdq": 1, "read": {"device_start": -1, "device_end": -1}}, "coalesced_transpose57": {"write": {"device_start": -1, "host_queued_start": 1585586682.31789, "device_queued": -1, "device_end": -1, "host_queued_end": 1585586682.331858}, "device": "cpu", "nd_range": {"device_start": 2254456.62044268, "device_end": 2254456.620688208}, "cmdq": 0, "read": {"device_start": -1, "device_end": -1}}, "empty26": {"write": {"device_start": -1, "host_queued_start": 1585586682.290205, "device_queued": -1, "device_end": -1, "host_queued_end": 1585586682.331858}, "device": "cpu", "nd_range": {"device_start": 2254456.5215304033, "device_end": 2254456.521531329}, "cmdq": 0, "read": {"device_start": -1, "device_end": -1}}, "coalesced_transpose12": {"write": {"device_start": -1, "host_queued_start": 1585586682.316251, "device_queued": -1, "device_end": -1, "host_queued_end": 1585586682.331858}, "device": "cpu", "nd_range": {"device_start": 2254456.59819574, "device_end": 2254456.598478756}, "cmdq": 1, "read": {"device_start": -1, "device_end": -1}}, "empty44": {"write": {"device_start": -1, "host_queued_start": 1585586682.291862, "device_queued": -1, "device_end": -1, "host_queued_end": 1585586682.331858}, "device": "cpu", "nd_range": {"device_start": 2254456.5215378213, "device_end": 2254456.5215384923}, "cmdq": 0, "read": {"device_start": -1, "device_end": -1}}, "coalesced_transpose21": {"write": {"device_start": -1, "host_queued_start": 1585586682.316577, "device_queued": -1, "device_end": -1, "host_queued_end": 1585586682.331858}, "device": "cpu", "nd_range": {"device_start": 2254456.6199235814, "device_end": 2254456.6201831}, "cmdq": 0, "read": {"device_start": -1, "device_end": -1}}, "FFC_sans_bias36": {"write": {"device_start": -1, "host_queued_start": 1585586682.307188, "device_queued": -1, "device_end": -1, "host_queued_end": 1585586682.331858}, "device": "cpu", "nd_range": {"device_start": 2254456.5620967923, "device_end": 2254456.568850434}, "cmdq": 1, "read": {"device_start": -1, "device_end": -1}}, "softmax14": {"write": {"device_start": -1, "host_queued_start": 1585586682.32099, "device_queued": -1, "device_end": -1, "host_queued_end": 1585586682.331858}, "device": "cpu", "nd_range": {"device_start": 2254456.6515459693, "device_end": 2254456.651733727}, "cmdq": 1, "read": {"device_start": -1, "device_end": -1}}, "FFC_sans_bias13": {"write": {"device_start": -1, "host_queued_start": 1585586682.318704, "device_queued": -1, "device_end": -1, "host_queued_end": 1585586682.331858}, "device": "cpu", "nd_range": {"device_start": 2254456.62069441, "device_end": 2254456.629253048}, "cmdq": 0, "read": {"device_start": -1, "device_end": -1}}, "empty8": {"write": {"device_start": -1, "host_queued_start": 1585586682.288105, "device_queued": -1, "device_end": -1, "host_queued_end": 1585586682.331858}, "device": "cpu", "nd_range": {"device_start": 2254456.521495141, "device_end": 2254456.5215072134}, "cmdq": 0, "read": {"device_start": -1, "device_end": -1}}, "FFC_sans_bias42": {"write": {"device_start": -1, "host_queued_start": 1585586682.324094, "device_queued": -1, "device_end": -1, "host_queued_end": 1585586682.331858}, "device": "cpu", "nd_range": {"device_start": 2254456.6750079943, "device_end": 2254456.6869998}, "cmdq": 1, "read": {"device_start": -1, "device_end": -1}}, "FFC_sans_bias43": {"write": {"device_start": -1, "host_queued_start": 1585586682.329795, "device_queued": -1, "device_end": -1, "host_queued_end": 1585586682.331858}, "device": "cpu", "nd_range": {"device_start": 2254456.701446398, "device_end": 2254456.709290833}, "cmdq": 0, "read": {"device_start": -1, "device_end": -1}}, "FFC_sans_bias40": {"write": {"device_start": -1, "host_queued_start": 1585586682.319749, "device_queued": -1, "device_end": -1, "host_queued_end": 1585586682.331858}, "device": "cpu", "nd_range": {"device_start": 2254456.635913722, "device_end": 2254456.645468045}, "cmdq": 1, "read": {"device_start": -1, "device_end": -1}}, "softmax32": {"write": {"device_start": -1, "host_queued_start": 1585586682.321532, "device_queued": -1, "device_end": -1, "host_queued_end": 1585586682.331858}, "device": "cpu", "nd_range": {"device_start": 2254456.651740724, "device_end": 2254456.651957563}, "cmdq": 1, "read": {"device_start": -1, "device_end": -1}}, "FFC_sans_bias47": {"write": {"device_start": -1, "host_queued_start": 1585586682.31243, "device_queued": -1, "device_end": -1, "host_queued_end": 1585586682.331858}, "device": "cpu", "nd_range": {"device_start": 2254456.608963389, "device_end": 2254456.614457753}, "cmdq": 0, "read": {"device_start": -1, "device_end": -1}}, "FFC_sans_bias45": {"write": {"device_start": -1, "host_queued_start": 1585586682.31032, "device_queued": -1, "device_end": -1, "host_queued_end": 1585586682.331858}, "device": "cpu", "nd_range": {"device_start": 2254456.60346054, "device_end": 2254456.608959063}, "cmdq": 0, "read": {"device_start": -1, "device_end": -1}}, "softmax50": {"write": {"device_start": -1, "host_queued_start": 1585586682.322083, "device_queued": -1, "device_end": -1, "host_queued_end": 1585586682.331858}, "device": "cpu", "nd_range": {"device_start": 2254456.651967314, "device_end": 2254456.6521782503}, "cmdq": 1, "read": {"device_start": -1, "device_end": -1}}, "FFC_sans_bias33": {"write": {"device_start": -1, "host_queued_start": 1585586682.323752, "device_queued": -1, "device_end": -1, "host_queued_end": 1585586682.331858}, "device": "cpu", "nd_range": {"device_start": 2254456.659692924, "device_end": 2254456.6701703}, "cmdq": 0, "read": {"device_start": -1, "device_end": -1}}, "FFC_sans_bias49": {"write": {"device_start": -1, "host_queued_start": 1585586682.320092, "device_queued": -1, "device_end": -1, "host_queued_end": 1585586682.331858}, "device": "cpu", "nd_range": {"device_start": 2254456.6373355403, "device_end": 2254456.644948603}, "cmdq": 0, "read": {"device_start": -1, "device_end": -1}}, "FFC_sans_bias24": {"write": {"device_start": -1, "host_queued_start": 1585586682.323398, "device_queued": -1, "device_end": -1, "host_queued_end": 1585586682.331858}, "device": "cpu", "nd_range": {"device_start": 2254456.663633704, "device_end": 2254456.675000552}, "cmdq": 1, "read": {"device_start": -1, "device_end": -1}}, "FFC_sans_bias25": {"write": {"device_start": -1, "host_queued_start": 1585586682.327813, "device_queued": -1, "device_end": -1, "host_queued_end": 1585586682.331858}, "device": "cpu", "nd_range": {"device_start": 2254456.691839918, "device_end": 2254456.7014422733}, "cmdq": 0, "read": {"device_start": -1, "device_end": -1}}, "FFC_sans_bias27": {"write": {"device_start": -1, "host_queued_start": 1585586682.30402, "device_queued": -1, "device_end": -1, "host_queued_end": 1585586682.331858}, "device": "cpu", "nd_range": {"device_start": 2254456.572534393, "device_end": 2254456.5791730452}, "cmdq": 0, "read": {"device_start": -1, "device_end": -1}}, "FFC_sans_bias20": {"write": {"device_start": -1, "host_queued_start": 1585586682.302973, "device_queued": -1, "device_end": -1, "host_queued_end": 1585586682.331858}, "device": "cpu", "nd_range": {"device_start": 2254456.547979988, "device_end": 2254456.555320622}, "cmdq": 1, "read": {"device_start": -1, "device_end": -1}}, "FFC_sans_bias22": {"write": {"device_start": -1, "host_queued_start": 1585586682.319053, "device_queued": -1, "device_end": -1, "host_queued_end": 1585586682.331858}, "device": "cpu", "nd_range": {"device_start": 2254456.6263014083, "device_end": 2254456.633912856}, "cmdq": 1, "read": {"device_start": -1, "device_end": -1}}, "softmax5": {"write": {"device_start": -1, "host_queued_start": 1585586682.320716, "device_queued": -1, "device_end": -1, "host_queued_end": 1585586682.331858}, "device": "cpu", "nd_range": {"device_start": 2254456.644954898, "device_end": 2254456.6451111534}, "cmdq": 0, "read": {"device_start": -1, "device_end": -1}}, "FFC_sans_bias28": {"write": {"device_start": -1, "host_queued_start": 1585586682.305066, "device_queued": -1, "device_end": -1, "host_queued_end": 1585586682.331858}, "device": "cpu", "nd_range": {"device_start": 2254456.555328151, "device_end": 2254456.561981005}, "cmdq": 1, "read": {"device_start": -1, "device_end": -1}}, "FFC_sans_bias29": {"write": {"device_start": -1, "host_queued_start": 1585586682.306115, "device_queued": -1, "device_end": -1, "host_queued_end": 1585586682.331858}, "device": "cpu", "nd_range": {"device_start": 2254456.5859344993, "device_end": 2254456.598188477}, "cmdq": 0, "read": {"device_start": -1, "device_end": -1}}, "empty17": {"write": {"device_start": -1, "host_queued_start": 1585586682.289294, "device_queued": -1, "device_end": -1, "host_queued_end": 1585586682.331858}, "device": "cpu", "nd_range": {"device_start": 2254456.521495196, "device_end": 2254456.5215071933}, "cmdq": 1, "read": {"device_start": -1, "device_end": -1}}, "softmax59": {"write": {"device_start": -1, "host_queued_start": 1585586682.322356, "device_queued": -1, "device_end": -1, "host_queued_end": 1585586682.331858}, "device": "cpu", "nd_range": {"device_start": 2254456.651544602, "device_end": 2254456.6517369673}, "cmdq": 0, "read": {"device_start": -1, "device_end": -1}}, "empty35": {"write": {"device_start": -1, "host_queued_start": 1585586682.291055, "device_queued": -1, "device_end": -1, "host_queued_end": 1585586682.331858}, "device": "cpu", "nd_range": {"device_start": 2254456.521530449, "device_end": 2254456.521531269}, "cmdq": 1, "read": {"device_start": -1, "device_end": -1}}, "empty53": {"write": {"device_start": -1, "host_queued_start": 1585586682.292662, "device_queued": -1, "device_end": -1, "host_queued_end": 1585586682.331858}, "device": "cpu", "nd_range": {"device_start": 2254456.521537471, "device_end": 2254456.521538109}, "cmdq": 1, "read": {"device_start": -1, "device_end": -1}}, "FFC_sans_bias46": {"write": {"device_start": -1, "host_queued_start": 1585586682.311384, "device_queued": -1, "device_end": -1, "host_queued_end": 1585586682.331858}, "device": "cpu", "nd_range": {"device_start": 2254456.575623821, "device_end": 2254456.58212425}, "cmdq": 1, "read": {"device_start": -1, "device_end": -1}}, "coalesced_transpose48": {"write": {"device_start": -1, "host_queued_start": 1585586682.317562, "device_queued": -1, "device_end": -1, "host_queued_end": 1585586682.331858}, "device": "cpu", "nd_range": {"device_start": 2254456.598951646, "device_end": 2254456.5991932834}, "cmdq": 1, "read": {"device_start": -1, "device_end": -1}}}