{"FFC_sans_bias60": {"write": {"device_start": -1, "host_queued_start": 1585587813.721554, "device_queued": -1, "device_end": -1, "host_queued_end": 1585587813.72863}, "device": "cpu", "nd_range": {"device_start": 2255588.062740894, "device_end": 2255588.078118367}, "cmdq": 0, "read": {"device_start": -1, "device_end": -1}}, "FFC_sans_bias4": {"write": {"device_start": -1, "host_queued_start": 1585587813.71501, "device_queued": -1, "device_end": -1, "host_queued_end": 1585587813.72863}, "device": "cpu", "nd_range": {"device_start": 2255587.9928873014, "device_end": 2255588.0090049612}, "cmdq": 0, "read": {"device_start": -1, "device_end": -1}}, "FFC_sans_bias7": {"write": {"device_start": -1, "host_queued_start": 1585587813.722609, "device_queued": -1, "device_end": -1, "host_queued_end": 1585587813.72863}, "device": "cpu", "nd_range": {"device_start": 2255588.077627954, "device_end": 2255588.092871644}, "cmdq": 1, "read": {"device_start": -1, "device_end": -1}}, "FFC_sans_bias6": {"write": {"device_start": -1, "host_queued_start": 1585587813.719478, "device_queued": -1, "device_end": -1, "host_queued_end": 1585587813.72863}, "device": "cpu", "nd_range": {"device_start": 2255588.0433194293, "device_end": 2255588.061688898}, "cmdq": 4, "read": {"device_start": -1, "device_end": -1}}, "FFC_sans_bias1": {"write": {"device_start": -1, "host_queued_start": 1585587813.692015, "device_queued": -1, "device_end": -1, "host_queued_end": 1585587813.72863}, "device": "cpu", "nd_range": {"device_start": 2255587.918595795, "device_end": 2255587.934145735}, "cmdq": 3, "read": {"device_start": -1, "device_end": -1}}, "FFC_sans_bias0": {"write": {"device_start": -1, "host_queued_start": 1585587813.690962, "device_queued": -1, "device_end": -1, "host_queued_end": 1585587813.72863}, "device": "cpu", "nd_range": {"device_start": 2255587.9182856353, "device_end": 2255587.933987391}, "cmdq": 2, "read": {"device_start": -1, "device_end": -1}}, "FFC_sans_bias2": {"write": {"device_start": -1, "host_queued_start": 1585587813.693073, "device_queued": -1, "device_end": -1, "host_queued_end": 1585587813.72863}, "device": "cpu", "nd_range": {"device_start": 2255587.937696249, "device_end": 2255587.959188146}, "cmdq": 4, "read": {"device_start": -1, "device_end": -1}}, "FFC_sans_bias61": {"write": {"device_start": -1, "host_queued_start": 1585587813.728585, "device_queued": -1, "device_end": -1, "host_queued_end": 1585587813.72863}, "device": "cpu", "nd_range": {"device_start": 2255588.0815154193, "device_end": 2255588.096690222}, "cmdq": 2, "read": {"device_start": -1, "device_end": -1}}, "FFC_sans_bias52": {"write": {"device_start": -1, "host_queued_start": 1585587813.727592, "device_queued": -1, "device_end": -1, "host_queued_end": 1585587813.72863}, "device": "cpu", "nd_range": {"device_start": 2255588.0928761433, "device_end": 2255588.104305707}, "cmdq": 1, "read": {"device_start": -1, "device_end": -1}}, "FFC_sans_bias9": {"write": {"device_start": -1, "host_queued_start": 1585587813.694123, "device_queued": -1, "device_end": -1, "host_queued_end": 1585587813.72863}, "device": "cpu", "nd_range": {"device_start": 2255587.9182819463, "device_end": 2255587.933777853}, "cmdq": 0, "read": {"device_start": -1, "device_end": -1}}, "coalesced_transpose39": {"write": {"device_start": -1, "host_queued_start": 1585587813.713893, "device_queued": -1, "device_end": -1, "host_queued_end": 1585587813.72863}, "device": "cpu", "nd_range": {"device_start": 2255588.018374479, "device_end": 2255588.018629732}, "cmdq": 2, "read": {"device_start": -1, "device_end": -1}}, "FFC_sans_bias55": {"write": {"device_start": -1, "host_queued_start": 1585587813.712218, "device_queued": -1, "device_end": -1, "host_queued_end": 1585587813.72863}, "device": "cpu", "nd_range": {"device_start": 2255588.009516749, "device_end": 2255588.018257825}, "cmdq": 2, "read": {"device_start": -1, "device_end": -1}}, "FFC_sans_bias54": {"write": {"device_start": -1, "host_queued_start": 1585587813.711175, "device_queued": -1, "device_end": -1, "host_queued_end": 1585587813.72863}, "device": "cpu", "nd_range": {"device_start": 2255587.9668998043, "device_end": 2255587.981699069}, "cmdq": 1, "read": {"device_start": -1, "device_end": -1}}, "FFC_sans_bias56": {"write": {"device_start": -1, "host_queued_start": 1585587813.710101, "device_queued": -1, "device_end": -1, "host_queued_end": 1585587813.72863}, "device": "cpu", "nd_range": {"device_start": 2255587.964737724, "device_end": 2255587.980090103}, "cmdq": 0, "read": {"device_start": -1, "device_end": -1}}, "FFC_sans_bias51": {"write": {"device_start": -1, "host_queued_start": 1585587813.721205, "device_queued": -1, "device_end": -1, "host_queued_end": 1585587813.72863}, "device": "cpu", "nd_range": {"device_start": 2255588.06169879, "device_end": 2255588.076524}, "cmdq": 4, "read": {"device_start": -1, "device_end": -1}}, "softmax23": {"write": {"device_start": -1, "host_queued_start": 1585587813.717956, "device_queued": -1, "device_end": -1, "host_queued_end": 1585587813.72863}, "device": "cpu", "nd_range": {"device_start": 2255588.0428988123, "device_end": 2255588.043312807}, "cmdq": 4, "read": {"device_start": -1, "device_end": -1}}, "FFC_sans_bias37": {"write": {"device_start": -1, "host_queued_start": 1585587813.70476, "device_queued": -1, "device_end": -1, "host_queued_end": 1585587813.72863}, "device": "cpu", "nd_range": {"device_start": 2255587.949375248, "device_end": 2255587.9647203}, "cmdq": 0, "read": {"device_start": -1, "device_end": -1}}, "empty62": {"write": {"device_start": -1, "host_queued_start": 1585587813.689983, "device_queued": -1, "device_end": -1, "host_queued_end": 1585587813.72863}, "device": "cpu", "nd_range": {"device_start": 2255587.918271914, "device_end": 2255587.9182730974}, "cmdq": 1, "read": {"device_start": -1, "device_end": -1}}, "FFC_sans_bias70": {"write": {"device_start": 1585587748.2366912, "host_queued_start": 1585587813.683264, "device_queued": 1585587748.2352242, "device_end": 1585587748.236721, "host_queued_end": 1585587813.68351}, "device": "gpu", "nd_range": {"device_start": 1585587748.2379842, "device_end": 1585587748.2385824}, "cmdq": 3, "read": {"device_start": 1585587748.2385867, "device_end": 1585587748.2386096}}, "FFC_sans_bias58": {"write": {"device_start": -1, "host_queued_start": 1585587813.717106, "device_queued": -1, "device_end": -1, "host_queued_end": 1585587813.72863}, "device": "cpu", "nd_range": {"device_start": 2255588.0378083563, "device_end": 2255588.053069762}, "cmdq": 1, "read": {"device_start": -1, "device_end": -1}}, "softmax41": {"write": {"device_start": -1, "host_queued_start": 1585587813.718561, "device_queued": -1, "device_end": -1, "host_queued_end": 1585587813.72863}, "device": "cpu", "nd_range": {"device_start": 2255588.05307981, "device_end": 2255588.0532922964}, "cmdq": 1, "read": {"device_start": -1, "device_end": -1}}, "FFC_sans_bias11": {"write": {"device_start": -1, "host_queued_start": 1585587813.696271, "device_queued": -1, "device_end": -1, "host_queued_end": 1585587813.72863}, "device": "cpu", "nd_range": {"device_start": 2255587.980251248, "device_end": 2255587.98716844}, "cmdq": 2, "read": {"device_start": -1, "device_end": -1}}, "FFC_sans_bias10": {"write": {"device_start": -1, "host_queued_start": 1585587813.695219, "device_queued": -1, "device_end": -1, "host_queued_end": 1585587813.72863}, "device": "cpu", "nd_range": {"device_start": 2255587.918296329, "device_end": 2255587.9346811753}, "cmdq": 1, "read": {"device_start": -1, "device_end": -1}}, "coalesced_transpose3": {"write": {"device_start": -1, "host_queued_start": 1585587813.712557, "device_queued": -1, "device_end": -1, "host_queued_end": 1585587813.72863}, "device": "cpu", "nd_range": {"device_start": 2255587.9801311563, "device_end": 2255587.98052906}, "cmdq": 3, "read": {"device_start": -1, "device_end": -1}}, "FFC_sans_bias34": {"write": {"device_start": -1, "host_queued_start": 1585587813.725592, "device_queued": -1, "device_end": -1, "host_queued_end": 1585587813.72863}, "device": "cpu", "nd_range": {"device_start": 2255588.07653173, "device_end": 2255588.0981795113}, "cmdq": 4, "read": {"device_start": -1, "device_end": -1}}, "FFC_sans_bias15": {"write": {"device_start": -1, "host_queued_start": 1585587813.719826, "device_queued": -1, "device_end": -1, "host_queued_end": 1585587813.72863}, "device": "cpu", "nd_range": {"device_start": 2255588.041036784, "device_end": 2255588.049877473}, "cmdq": 0, "read": {"device_start": -1, "device_end": -1}}, "FFC_sans_bias31": {"write": {"device_start": -1, "host_queued_start": 1585587813.716063, "device_queued": -1, "device_end": -1, "host_queued_end": 1585587813.72863}, "device": "cpu", "nd_range": {"device_start": 2255587.99786591, "device_end": 2255588.011429576}, "cmdq": 3, "read": {"device_start": -1, "device_end": -1}}, "FFC_sans_bias16": {"write": {"device_start": -1, "host_queued_start": 1585587813.723606, "device_queued": -1, "device_end": -1, "host_queued_end": 1585587813.72863}, "device": "cpu", "nd_range": {"device_start": 2255588.06618367, "device_end": 2255588.08151113}, "cmdq": 2, "read": {"device_start": -1, "device_end": -1}}, "FFC_sans_bias19": {"write": {"device_start": -1, "host_queued_start": 1585587813.698384, "device_queued": -1, "device_end": -1, "host_queued_end": 1585587813.72863}, "device": "cpu", "nd_range": {"device_start": 2255587.9681809703, "device_end": 2255587.9883612953}, "cmdq": 4, "read": {"device_start": -1, "device_end": -1}}, "FFC_sans_bias18": {"write": {"device_start": -1, "host_queued_start": 1585587813.697319, "device_queued": -1, "device_end": -1, "host_queued_end": 1585587813.72863}, "device": "cpu", "nd_range": {"device_start": 2255587.934266466, "device_end": 2255587.949381386}, "cmdq": 3, "read": {"device_start": -1, "device_end": -1}}, "coalesced_transpose30": {"write": {"device_start": -1, "host_queued_start": 1585587813.713561, "device_queued": -1, "device_end": -1, "host_queued_end": 1585587813.72863}, "device": "cpu", "nd_range": {"device_start": 2255587.997502938, "device_end": 2255587.9977375343}, "cmdq": 1, "read": {"device_start": -1, "device_end": -1}}, "FFC_sans_bias69": {"write": {"device_start": -1, "host_queued_start": 1585587813.682223, "device_queued": -1, "device_end": -1, "host_queued_end": 1585587813.68351}, "device": "gpu", "nd_range": {"device_start": 1585587748.2373805, "device_end": 1585587748.2379804}, "cmdq": 2, "read": {"device_start": -1, "device_end": -1}}, "FFC_sans_bias38": {"write": {"device_start": -1, "host_queued_start": 1585587813.705818, "device_queued": -1, "device_end": -1, "host_queued_end": 1585587813.72863}, "device": "cpu", "nd_range": {"device_start": 2255587.950836386, "device_end": 2255587.966891449}, "cmdq": 1, "read": {"device_start": -1, "device_end": -1}}, "coalesced_transpose57": {"write": {"device_start": -1, "host_queued_start": 1585587813.714622, "device_queued": -1, "device_end": -1, "host_queued_end": 1585587813.72863}, "device": "cpu", "nd_range": {"device_start": 2255588.029006375, "device_end": 2255588.029381295}, "cmdq": 4, "read": {"device_start": -1, "device_end": -1}}, "empty26": {"write": {"device_start": -1, "host_queued_start": 1585587813.686599, "device_queued": -1, "device_end": -1, "host_queued_end": 1585587813.72863}, "device": "cpu", "nd_range": {"device_start": 2255587.9182779873, "device_end": 2255587.9182788134}, "cmdq": 2, "read": {"device_start": -1, "device_end": -1}}, "coalesced_transpose12": {"write": {"device_start": -1, "host_queued_start": 1585587813.712892, "device_queued": -1, "device_end": -1, "host_queued_end": 1585587813.72863}, "device": "cpu", "nd_range": {"device_start": 2255588.0287245424, "device_end": 2255588.02899575}, "cmdq": 4, "read": {"device_start": -1, "device_end": -1}}, "empty44": {"write": {"device_start": -1, "host_queued_start": 1585587813.688334, "device_queued": -1, "device_end": -1, "host_queued_end": 1585587813.72863}, "device": "cpu", "nd_range": {"device_start": 2255587.93756435, "device_end": 2255587.937567439}, "cmdq": 4, "read": {"device_start": -1, "device_end": -1}}, "coalesced_transpose21": {"write": {"device_start": -1, "host_queued_start": 1585587813.713227, "device_queued": -1, "device_end": -1, "host_queued_end": 1585587813.72863}, "device": "cpu", "nd_range": {"device_start": 2255587.991656048, "device_end": 2255587.992757208}, "cmdq": 0, "read": {"device_start": -1, "device_end": -1}}, "FFC_sans_bias36": {"write": {"device_start": -1, "host_queued_start": 1585587813.703711, "device_queued": -1, "device_end": -1, "host_queued_end": 1585587813.72863}, "device": "cpu", "nd_range": {"device_start": 2255587.988375341, "device_end": 2255588.011564103}, "cmdq": 4, "read": {"device_start": -1, "device_end": -1}}, "softmax14": {"write": {"device_start": -1, "host_queued_start": 1585587813.717667, "device_queued": -1, "device_end": -1, "host_queued_end": 1585587813.72863}, "device": "cpu", "nd_range": {"device_start": 2255588.0407045754, "device_end": 2255588.040912539}, "cmdq": 3, "read": {"device_start": -1, "device_end": -1}}, "FFC_sans_bias13": {"write": {"device_start": -1, "host_queued_start": 1585587813.715375, "device_queued": -1, "device_end": -1, "host_queued_end": 1585587813.72863}, "device": "cpu", "nd_range": {"device_start": 2255588.029095169, "device_end": 2255588.0376789523}, "cmdq": 1, "read": {"device_start": -1, "device_end": -1}}, "empty8": {"write": {"device_start": -1, "host_queued_start": 1585587813.684792, "device_queued": -1, "device_end": -1, "host_queued_end": 1585587813.72863}, "device": "cpu", "nd_range": {"device_start": 2255587.918243919, "device_end": 2255587.9182500793}, "cmdq": 0, "read": {"device_start": -1, "device_end": -1}}, "FFC_sans_bias42": {"write": {"device_start": -1, "host_queued_start": 1585587813.720857, "device_queued": -1, "device_end": -1, "host_queued_end": 1585587813.72863}, "device": "cpu", "nd_range": {"device_start": 2255588.0538693164, "device_end": 2255588.062628359}, "cmdq": 3, "read": {"device_start": -1, "device_end": -1}}, "FFC_sans_bias43": {"write": {"device_start": -1, "host_queued_start": 1585587813.726592, "device_queued": -1, "device_end": -1, "host_queued_end": 1585587813.72863}, "device": "cpu", "nd_range": {"device_start": 2255588.078231267, "device_end": 2255588.0949400663}, "cmdq": 0, "read": {"device_start": -1, "device_end": -1}}, "FFC_sans_bias40": {"write": {"device_start": -1, "host_queued_start": 1585587813.71641, "device_queued": -1, "device_end": -1, "host_queued_end": 1585587813.72863}, "device": "cpu", "nd_range": {"device_start": 2255588.029388503, "device_end": 2255588.04289165}, "cmdq": 4, "read": {"device_start": -1, "device_end": -1}}, "softmax32": {"write": {"device_start": -1, "host_queued_start": 1585587813.718255, "device_queued": -1, "device_end": -1, "host_queued_end": 1585587813.72863}, "device": "cpu", "nd_range": {"device_start": 2255588.0222021393, "device_end": 2255588.022424289}, "cmdq": 0, "read": {"device_start": -1, "device_end": -1}}, "FFC_sans_bias47": {"write": {"device_start": -1, "host_queued_start": 1585587813.709047, "device_queued": -1, "device_end": -1, "host_queued_end": 1585587813.72863}, "device": "cpu", "nd_range": {"device_start": 2255588.011572435, "device_end": 2255588.0263772723}, "cmdq": 4, "read": {"device_start": -1, "device_end": -1}}, "FFC_sans_bias45": {"write": {"device_start": -1, "host_queued_start": 1585587813.706904, "device_queued": -1, "device_end": -1, "host_queued_end": 1585587813.72863}, "device": "cpu", "nd_range": {"device_start": 2255587.9941438152, "device_end": 2255588.0093954303}, "cmdq": 2, "read": {"device_start": -1, "device_end": -1}}, "softmax50": {"write": {"device_start": -1, "host_queued_start": 1585587813.718844, "device_queued": -1, "device_end": -1, "host_queued_end": 1585587813.72863}, "device": "cpu", "nd_range": {"device_start": 2255588.029132354, "device_end": 2255588.0295582293}, "cmdq": 2, "read": {"device_start": -1, "device_end": -1}}, "FFC_sans_bias33": {"write": {"device_start": -1, "host_queued_start": 1585587813.720515, "device_queued": -1, "device_end": -1, "host_queued_end": 1585587813.72863}, "device": "cpu", "nd_range": {"device_start": 2255588.029674021, "device_end": 2255588.066174283}, "cmdq": 2, "read": {"device_start": -1, "device_end": -1}}, "FFC_sans_bias63": {"write": {"device_start": 1585587748.2350407, "host_queued_start": 1585587813.680968, "device_queued": 1585587748.234753, "device_end": 1585587748.2350717, "host_queued_end": 1585587813.68351}, "device": "gpu", "nd_range": {"device_start": 1585587748.2350945, "device_end": 1585587748.2365716}, "cmdq": 3, "read": {"device_start": -1, "device_end": -1}}, "FFC_sans_bias49": {"write": {"device_start": -1, "host_queued_start": 1585587813.716756, "device_queued": -1, "device_end": -1, "host_queued_end": 1585587813.72863}, "device": "cpu", "nd_range": {"device_start": 2255588.009146093, "device_end": 2255588.021574562}, "cmdq": 0, "read": {"device_start": -1, "device_end": -1}}, "FFC_sans_bias64": {"write": {"device_start": 1585587748.234855, "host_queued_start": 1585587813.678812, "device_queued": 1585587748.2347143, "device_end": 1585587748.2349164, "host_queued_end": 1585587813.68351}, "device": "gpu", "nd_range": {"device_start": 1585587748.2350543, "device_end": 1585587748.2356753}, "cmdq": 1, "read": {"device_start": -1, "device_end": -1}}, "FFC_sans_bias65": {"write": {"device_start": 1585587748.2349532, "host_queued_start": 1585587813.679893, "device_queued": 1585587748.2347345, "device_end": 1585587748.2350266, "host_queued_end": 1585587813.68351}, "device": "gpu", "nd_range": {"device_start": 1585587748.2350805, "device_end": 1585587748.2360868}, "cmdq": 2, "read": {"device_start": -1, "device_end": -1}}, "FFC_sans_bias67": {"write": {"device_start": -1, "host_queued_start": 1585587813.681661, "device_queued": -1, "device_end": -1, "host_queued_end": 1585587813.68351}, "device": "gpu", "nd_range": {"device_start": 1585587748.236574, "device_end": 1585587748.237174}, "cmdq": 0, "read": {"device_start": -1, "device_end": -1}}, "FFC_sans_bias24": {"write": {"device_start": -1, "host_queued_start": 1585587813.720169, "device_queued": -1, "device_end": -1, "host_queued_end": 1585587813.72863}, "device": "cpu", "nd_range": {"device_start": 2255588.053299435, "device_end": 2255588.0776176453}, "cmdq": 1, "read": {"device_start": -1, "device_end": -1}}, "FFC_sans_bias25": {"write": {"device_start": -1, "host_queued_start": 1585587813.7246, "device_queued": -1, "device_end": -1, "host_queued_end": 1585587813.72863}, "device": "cpu", "nd_range": {"device_start": 2255588.096693367, "device_end": 2255588.107281533}, "cmdq": 3, "read": {"device_start": -1, "device_end": -1}}, "FFC_sans_bias27": {"write": {"device_start": -1, "host_queued_start": 1585587813.700532, "device_queued": -1, "device_end": -1, "host_queued_end": 1585587813.72863}, "device": "cpu", "nd_range": {"device_start": 2255587.934695663, "device_end": 2255587.950826012}, "cmdq": 1, "read": {"device_start": -1, "device_end": -1}}, "FFC_sans_bias20": {"write": {"device_start": -1, "host_queued_start": 1585587813.699474, "device_queued": -1, "device_end": -1, "host_queued_end": 1585587813.72863}, "device": "cpu", "nd_range": {"device_start": 2255587.933907621, "device_end": 2255587.949251948}, "cmdq": 0, "read": {"device_start": -1, "device_end": -1}}, "FFC_sans_bias22": {"write": {"device_start": -1, "host_queued_start": 1585587813.715718, "device_queued": -1, "device_end": -1, "host_queued_end": 1585587813.72863}, "device": "cpu", "nd_range": {"device_start": 2255588.0187402354, "device_end": 2255588.028968119}, "cmdq": 2, "read": {"device_start": -1, "device_end": -1}}, "softmax68": {"write": {"device_start": -1, "host_queued_start": 1585587813.681912, "device_queued": -1, "device_end": -1, "host_queued_end": 1585587813.68351}, "device": "gpu", "nd_range": {"device_start": 1585587748.2371826, "device_end": 1585587748.2373738}, "cmdq": 1, "read": {"device_start": -1, "device_end": -1}}, "softmax5": {"write": {"device_start": -1, "host_queued_start": 1585587813.717392, "device_queued": -1, "device_end": -1, "host_queued_end": 1585587813.72863}, "device": "cpu", "nd_range": {"device_start": 2255588.0289761364, "device_end": 2255588.0291180443}, "cmdq": 2, "read": {"device_start": -1, "device_end": -1}}, "FFC_sans_bias28": {"write": {"device_start": -1, "host_queued_start": 1585587813.701585, "device_queued": -1, "device_end": -1, "host_queued_end": 1585587813.72863}, "device": "cpu", "nd_range": {"device_start": 2255587.987281355, "device_end": 2255587.994029676}, "cmdq": 2, "read": {"device_start": -1, "device_end": -1}}, "FFC_sans_bias29": {"write": {"device_start": -1, "host_queued_start": 1585587813.702665, "device_queued": -1, "device_end": -1, "host_queued_end": 1585587813.72863}, "device": "cpu", "nd_range": {"device_start": 2255587.9494954683, "device_end": 2255587.964638857}, "cmdq": 3, "read": {"device_start": -1, "device_end": -1}}, "empty17": {"write": {"device_start": -1, "host_queued_start": 1585587813.685689, "device_queued": -1, "device_end": -1, "host_queued_end": 1585587813.72863}, "device": "cpu", "nd_range": {"device_start": 2255587.9182367553, "device_end": 2255587.9182500523}, "cmdq": 1, "read": {"device_start": -1, "device_end": -1}}, "softmax59": {"write": {"device_start": -1, "host_queued_start": 1585587813.719121, "device_queued": -1, "device_end": -1, "host_queued_end": 1585587813.72863}, "device": "cpu", "nd_range": {"device_start": 2255588.053548459, "device_end": 2255588.053757055}, "cmdq": 3, "read": {"device_start": -1, "device_end": -1}}, "empty71": {"write": {"device_start": 1585587748.2347455, "host_queued_start": 1585587813.677559, "device_queued": 1585587748.2346256, "device_end": 1585587748.2347982, "host_queued_end": 1585587813.68351}, "device": "gpu", "nd_range": {"device_start": 1585587748.2348082, "device_end": 1585587748.2348197}, "cmdq": 0, "read": {"device_start": -1, "device_end": -1}}, "empty35": {"write": {"device_start": -1, "host_queued_start": 1585587813.687452, "device_queued": -1, "device_end": -1, "host_queued_end": 1585587813.72863}, "device": "cpu", "nd_range": {"device_start": 2255587.918560523, "device_end": 2255587.918564082}, "cmdq": 3, "read": {"device_start": -1, "device_end": -1}}, "empty53": {"write": {"device_start": -1, "host_queued_start": 1585587813.689174, "device_queued": -1, "device_end": -1, "host_queued_end": 1585587813.72863}, "device": "cpu", "nd_range": {"device_start": 2255587.918274648, "device_end": 2255587.918275646}, "cmdq": 0, "read": {"device_start": -1, "device_end": -1}}, "FFC_sans_bias46": {"write": {"device_start": -1, "host_queued_start": 1585587813.707988, "device_queued": -1, "device_end": -1, "host_queued_end": 1585587813.72863}, "device": "cpu", "nd_range": {"device_start": 2255587.964851859, "device_end": 2255587.980116725}, "cmdq": 3, "read": {"device_start": -1, "device_end": -1}}, "coalesced_transpose66": {"write": {"device_start": -1, "host_queued_start": 1585587813.681315, "device_queued": -1, "device_end": -1, "host_queued_end": 1585587813.68351}, "device": "gpu", "nd_range": {"device_start": 1585587748.235679, "device_end": 1585587748.236478}, "cmdq": 4, "read": {"device_start": -1, "device_end": -1}}, "coalesced_transpose48": {"write": {"device_start": -1, "host_queued_start": 1585587813.714221, "device_queued": -1, "device_end": -1, "host_queued_end": 1585587813.72863}, "device": "cpu", "nd_range": {"device_start": 2255587.980637921, "device_end": 2255587.980872006}, "cmdq": 3, "read": {"device_start": -1, "device_end": -1}}}