{"FFC_sans_bias60": {"write": {"device_start": -1, "host_queued_start": 1585587365.538684, "device_queued": -1, "device_end": -1, "host_queued_end": 1585587365.547116}, "device": "cpu", "nd_range": {"device_start": 2255139.89717254, "device_end": 2255139.906320854}, "cmdq": 0, "read": {"device_start": -1, "device_end": -1}}, "FFC_sans_bias4": {"write": {"device_start": -1, "host_queued_start": 1585587365.531482, "device_queued": -1, "device_end": -1, "host_queued_end": 1585587365.547116}, "device": "cpu", "nd_range": {"device_start": 2255139.8419370763, "device_end": 2255139.84959333}, "cmdq": 0, "read": {"device_start": -1, "device_end": -1}}, "FFC_sans_bias7": {"write": {"device_start": -1, "host_queued_start": 1585587365.54008, "device_queued": -1, "device_end": -1, "host_queued_end": 1585587365.547116}, "device": "cpu", "nd_range": {"device_start": 2255139.906430351, "device_end": 2255139.919624627}, "cmdq": 0, "read": {"device_start": -1, "device_end": -1}}, "FFC_sans_bias6": {"write": {"device_start": -1, "host_queued_start": 1585587365.536539, "device_queued": -1, "device_end": -1, "host_queued_end": 1585587365.547116}, "device": "cpu", "nd_range": {"device_start": 2255139.875622983, "device_end": 2255139.882505401}, "cmdq": 0, "read": {"device_start": -1, "device_end": -1}}, "FFC_sans_bias1": {"write": {"device_start": -1, "host_queued_start": 1585587365.505012, "device_queued": -1, "device_end": -1, "host_queued_end": 1585587365.547116}, "device": "cpu", "nd_range": {"device_start": 2255139.736816423, "device_end": 2255139.7458667504}, "cmdq": 1, "read": {"device_start": -1, "device_end": -1}}, "FFC_sans_bias0": {"write": {"device_start": -1, "host_queued_start": 1585587365.50396, "device_queued": -1, "device_end": -1, "host_queued_end": 1585587365.547116}, "device": "cpu", "nd_range": {"device_start": 2255139.736816129, "device_end": 2255139.752874515}, "cmdq": 0, "read": {"device_start": -1, "device_end": -1}}, "FFC_sans_bias2": {"write": {"device_start": -1, "host_queued_start": 1585587365.506067, "device_queued": -1, "device_end": -1, "host_queued_end": 1585587365.547116}, "device": "cpu", "nd_range": {"device_start": 2255139.752894376, "device_end": 2255139.7602458}, "cmdq": 0, "read": {"device_start": -1, "device_end": -1}}, "FFC_sans_bias61": {"write": {"device_start": -1, "host_queued_start": 1585587365.54607, "device_queued": -1, "device_end": -1, "host_queued_end": 1585587365.547116}, "device": "cpu", "nd_range": {"device_start": 2255139.934419219, "device_end": 2255139.944381984}, "cmdq": 0, "read": {"device_start": -1, "device_end": -1}}, "FFC_sans_bias52": {"write": {"device_start": -1, "host_queued_start": 1585587365.54508, "device_queued": -1, "device_end": -1, "host_queued_end": 1585587365.547116}, "device": "cpu", "nd_range": {"device_start": 2255139.970054911, "device_end": 2255139.9753014003}, "cmdq": 1, "read": {"device_start": -1, "device_end": -1}}, "FFC_sans_bias9": {"write": {"device_start": -1, "host_queued_start": 1585587365.507319, "device_queued": -1, "device_end": -1, "host_queued_end": 1585587365.547116}, "device": "cpu", "nd_range": {"device_start": 2255139.745876005, "device_end": 2255139.756645741}, "cmdq": 1, "read": {"device_start": -1, "device_end": -1}}, "coalesced_transpose39": {"write": {"device_start": -1, "host_queued_start": 1585587365.530144, "device_queued": -1, "device_end": -1, "host_queued_end": 1585587365.547116}, "device": "cpu", "nd_range": {"device_start": 2255139.8415133813, "device_end": 2255139.8416182743}, "cmdq": 0, "read": {"device_start": -1, "device_end": -1}}, "FFC_sans_bias55": {"write": {"device_start": -1, "host_queued_start": 1585587365.525319, "device_queued": -1, "device_end": -1, "host_queued_end": 1585587365.547116}, "device": "cpu", "nd_range": {"device_start": 2255139.8276244113, "device_end": 2255139.8357339674}, "cmdq": 0, "read": {"device_start": -1, "device_end": -1}}, "FFC_sans_bias54": {"write": {"device_start": -1, "host_queued_start": 1585587365.524271, "device_queued": -1, "device_end": -1, "host_queued_end": 1585587365.547116}, "device": "cpu", "nd_range": {"device_start": 2255139.857415839, "device_end": 2255139.863594159}, "cmdq": 1, "read": {"device_start": -1, "device_end": -1}}, "FFC_sans_bias56": {"write": {"device_start": -1, "host_queued_start": 1585587365.523226, "device_queued": -1, "device_end": -1, "host_queued_end": 1585587365.547116}, "device": "cpu", "nd_range": {"device_start": 2255139.812625783, "device_end": 2255139.827605905}, "cmdq": 0, "read": {"device_start": -1, "device_end": -1}}, "FFC_sans_bias51": {"write": {"device_start": -1, "host_queued_start": 1585587365.538319, "device_queued": -1, "device_end": -1, "host_queued_end": 1585587365.547116}, "device": "cpu", "nd_range": {"device_start": 2255139.948977215, "device_end": 2255139.95421327}, "cmdq": 1, "read": {"device_start": -1, "device_end": -1}}, "softmax23": {"write": {"device_start": -1, "host_queued_start": 1585587365.534826, "device_queued": -1, "device_end": -1, "host_queued_end": 1585587365.547116}, "device": "cpu", "nd_range": {"device_start": 2255139.874695316, "device_end": 2255139.87490108}, "cmdq": 0, "read": {"device_start": -1, "device_end": -1}}, "FFC_sans_bias37": {"write": {"device_start": -1, "host_queued_start": 1585587365.517866, "device_queued": -1, "device_end": -1, "host_queued_end": 1585587365.547116}, "device": "cpu", "nd_range": {"device_start": 2255139.812530601, "device_end": 2255139.827605626}, "cmdq": 1, "read": {"device_start": -1, "device_end": -1}}, "empty62": {"write": {"device_start": -1, "host_queued_start": 1585587365.502157, "device_queued": -1, "device_end": -1, "host_queued_end": 1585587365.547116}, "device": "cpu", "nd_range": {"device_start": 2255139.7368110423, "device_end": 2255139.736811668}, "cmdq": 0, "read": {"device_start": -1, "device_end": -1}}, "FFC_sans_bias70": {"write": {"device_start": -1, "host_queued_start": 1585587365.54707, "device_queued": -1, "device_end": -1, "host_queued_end": 1585587365.547116}, "device": "cpu", "nd_range": {"device_start": 2255139.9753283192, "device_end": 2255139.9806009093}, "cmdq": 1, "read": {"device_start": -1, "device_end": -1}}, "FFC_sans_bias58": {"write": {"device_start": -1, "host_queued_start": 1585587365.533635, "device_queued": -1, "device_end": -1, "host_queued_end": 1585587365.547116}, "device": "cpu", "nd_range": {"device_start": 2255139.863597223, "device_end": 2255139.87426174}, "cmdq": 0, "read": {"device_start": -1, "device_end": -1}}, "softmax41": {"write": {"device_start": -1, "host_queued_start": 1585587365.535378, "device_queued": -1, "device_end": -1, "host_queued_end": 1585587365.547116}, "device": "cpu", "nd_range": {"device_start": 2255139.875004236, "device_end": 2255139.875208938}, "cmdq": 0, "read": {"device_start": -1, "device_end": -1}}, "FFC_sans_bias11": {"write": {"device_start": -1, "host_queued_start": 1585587365.509422, "device_queued": -1, "device_end": -1, "host_queued_end": 1585587365.547116}, "device": "cpu", "nd_range": {"device_start": 2255139.756769142, "device_end": 2255139.771444918}, "cmdq": 1, "read": {"device_start": -1, "device_end": -1}}, "FFC_sans_bias10": {"write": {"device_start": -1, "host_queued_start": 1585587365.508368, "device_queued": -1, "device_end": -1, "host_queued_end": 1585587365.547116}, "device": "cpu", "nd_range": {"device_start": 2255139.760367366, "device_end": 2255139.771445259}, "cmdq": 0, "read": {"device_start": -1, "device_end": -1}}, "coalesced_transpose3": {"write": {"device_start": -1, "host_queued_start": 1585587365.528815, "device_queued": -1, "device_end": -1, "host_queued_end": 1585587365.547116}, "device": "cpu", "nd_range": {"device_start": 2255139.8410044913, "device_end": 2255139.8411659123}, "cmdq": 0, "read": {"device_start": -1, "device_end": -1}}, "FFC_sans_bias34": {"write": {"device_start": -1, "host_queued_start": 1585587365.543085, "device_queued": -1, "device_end": -1, "host_queued_end": 1585587365.547116}, "device": "cpu", "nd_range": {"device_start": 2255139.96478433, "device_end": 2255139.970049772}, "cmdq": 1, "read": {"device_start": -1, "device_end": -1}}, "FFC_sans_bias15": {"write": {"device_start": -1, "host_queued_start": 1585587365.536881, "device_queued": -1, "device_end": -1, "host_queued_end": 1585587365.547116}, "device": "cpu", "nd_range": {"device_start": 2255139.9314793823, "device_end": 2255139.938433182}, "cmdq": 1, "read": {"device_start": -1, "device_end": -1}}, "FFC_sans_bias31": {"write": {"device_start": -1, "host_queued_start": 1585587365.532516, "device_queued": -1, "device_end": -1, "host_queued_end": 1585587365.547116}, "device": "cpu", "nd_range": {"device_start": 2255139.894582918, "device_end": 2255139.904602231}, "cmdq": 1, "read": {"device_start": -1, "device_end": -1}}, "FFC_sans_bias16": {"write": {"device_start": -1, "host_queued_start": 1585587365.541069, "device_queued": -1, "device_end": -1, "host_queued_end": 1585587365.547116}, "device": "cpu", "nd_range": {"device_start": 2255139.9594873493, "device_end": 2255139.964778725}, "cmdq": 1, "read": {"device_start": -1, "device_end": -1}}, "FFC_sans_bias19": {"write": {"device_start": -1, "host_queued_start": 1585587365.511543, "device_queued": -1, "device_end": -1, "host_queued_end": 1585587365.547116}, "device": "cpu", "nd_range": {"device_start": 2255139.7714639693, "device_end": 2255139.779075577}, "cmdq": 1, "read": {"device_start": -1, "device_end": -1}}, "FFC_sans_bias18": {"write": {"device_start": -1, "host_queued_start": 1585587365.510467, "device_queued": -1, "device_end": -1, "host_queued_end": 1585587365.547116}, "device": "cpu", "nd_range": {"device_start": 2255139.771463861, "device_end": 2255139.77933199}, "cmdq": 0, "read": {"device_start": -1, "device_end": -1}}, "coalesced_transpose30": {"write": {"device_start": -1, "host_queued_start": 1585587365.529809, "device_queued": -1, "device_end": -1, "host_queued_end": 1585587365.547116}, "device": "cpu", "nd_range": {"device_start": 2255139.886742643, "device_end": 2255139.88710001}, "cmdq": 1, "read": {"device_start": -1, "device_end": -1}}, "FFC_sans_bias69": {"write": {"device_start": -1, "host_queued_start": 1585587365.53903, "device_queued": -1, "device_end": -1, "host_queued_end": 1585587365.547116}, "device": "cpu", "nd_range": {"device_start": 2255139.9542189334, "device_end": 2255139.959481818}, "cmdq": 1, "read": {"device_start": -1, "device_end": -1}}, "FFC_sans_bias38": {"write": {"device_start": -1, "host_queued_start": 1585587365.518947, "device_queued": -1, "device_end": -1, "host_queued_end": 1585587365.547116}, "device": "cpu", "nd_range": {"device_start": 2255139.79787083, "device_end": 2255139.80406455}, "cmdq": 0, "read": {"device_start": -1, "device_end": -1}}, "coalesced_transpose57": {"write": {"device_start": -1, "host_queued_start": 1585587365.530808, "device_queued": -1, "device_end": -1, "host_queued_end": 1585587365.547116}, "device": "cpu", "nd_range": {"device_start": 2255139.841733735, "device_end": 2255139.841835319}, "cmdq": 0, "read": {"device_start": -1, "device_end": -1}}, "empty26": {"write": {"device_start": -1, "host_queued_start": 1585587365.498904, "device_queued": -1, "device_end": -1, "host_queued_end": 1585587365.547116}, "device": "cpu", "nd_range": {"device_start": 2255139.7367968434, "device_end": 2255139.736797747}, "cmdq": 0, "read": {"device_start": -1, "device_end": -1}}, "coalesced_transpose12": {"write": {"device_start": -1, "host_queued_start": 1585587365.529148, "device_queued": -1, "device_end": -1, "host_queued_end": 1585587365.547116}, "device": "cpu", "nd_range": {"device_start": 2255139.878568557, "device_end": 2255139.8867366603}, "cmdq": 1, "read": {"device_start": -1, "device_end": -1}}, "empty44": {"write": {"device_start": -1, "host_queued_start": 1585587365.500518, "device_queued": -1, "device_end": -1, "host_queued_end": 1585587365.547116}, "device": "cpu", "nd_range": {"device_start": 2255139.736803409, "device_end": 2255139.736804039}, "cmdq": 0, "read": {"device_start": -1, "device_end": -1}}, "coalesced_transpose21": {"write": {"device_start": -1, "host_queued_start": 1585587365.529481, "device_queued": -1, "device_end": -1, "host_queued_end": 1585587365.547116}, "device": "cpu", "nd_range": {"device_start": 2255139.841288736, "device_end": 2255139.8413986033}, "cmdq": 0, "read": {"device_start": -1, "device_end": -1}}, "FFC_sans_bias36": {"write": {"device_start": -1, "host_queued_start": 1585587365.516822, "device_queued": -1, "device_end": -1, "host_queued_end": 1585587365.547116}, "device": "cpu", "nd_range": {"device_start": 2255139.7915342893, "device_end": 2255139.797752912}, "cmdq": 0, "read": {"device_start": -1, "device_end": -1}}, "softmax14": {"write": {"device_start": -1, "host_queued_start": 1585587365.534544, "device_queued": -1, "device_end": -1, "host_queued_end": 1585587365.547116}, "device": "cpu", "nd_range": {"device_start": 2255139.924862238, "device_end": 2255139.930506113}, "cmdq": 1, "read": {"device_start": -1, "device_end": -1}}, "FFC_sans_bias13": {"write": {"device_start": -1, "host_queued_start": 1585587365.53183, "device_queued": -1, "device_end": -1, "host_queued_end": 1585587365.547116}, "device": "cpu", "nd_range": {"device_start": 2255139.88791452, "device_end": 2255139.894576793}, "cmdq": 1, "read": {"device_start": -1, "device_end": -1}}, "empty8": {"write": {"device_start": -1, "host_queued_start": 1585587365.496927, "device_queued": -1, "device_end": -1, "host_queued_end": 1585587365.547116}, "device": "cpu", "nd_range": {"device_start": 2255139.736761834, "device_end": 2255139.736773882}, "cmdq": 0, "read": {"device_start": -1, "device_end": -1}}, "FFC_sans_bias42": {"write": {"device_start": -1, "host_queued_start": 1585587365.537954, "device_queued": -1, "device_end": -1, "host_queued_end": 1585587365.547116}, "device": "cpu", "nd_range": {"device_start": 2255139.88808532, "device_end": 2255139.897064409}, "cmdq": 0, "read": {"device_start": -1, "device_end": -1}}, "FFC_sans_bias43": {"write": {"device_start": -1, "host_queued_start": 1585587365.54408, "device_queued": -1, "device_end": -1, "host_queued_end": 1585587365.547116}, "device": "cpu", "nd_range": {"device_start": 2255139.928260281, "device_end": 2255139.934413434}, "cmdq": 0, "read": {"device_start": -1, "device_end": -1}}, "FFC_sans_bias40": {"write": {"device_start": -1, "host_queued_start": 1585587365.532858, "device_queued": -1, "device_end": -1, "host_queued_end": 1585587365.547116}, "device": "cpu", "nd_range": {"device_start": 2255139.855385558, "device_end": 2255139.863482283}, "cmdq": 0, "read": {"device_start": -1, "device_end": -1}}, "softmax32": {"write": {"device_start": -1, "host_queued_start": 1585587365.535102, "device_queued": -1, "device_end": -1, "host_queued_end": 1585587365.547116}, "device": "cpu", "nd_range": {"device_start": 2255139.93051134, "device_end": 2255139.930840942}, "cmdq": 1, "read": {"device_start": -1, "device_end": -1}}, "FFC_sans_bias47": {"write": {"device_start": -1, "host_queued_start": 1585587365.522141, "device_queued": -1, "device_end": -1, "host_queued_end": 1585587365.547116}, "device": "cpu", "nd_range": {"device_start": 2255139.843048391, "device_end": 2255139.8501733793}, "cmdq": 1, "read": {"device_start": -1, "device_end": -1}}, "FFC_sans_bias45": {"write": {"device_start": -1, "host_queued_start": 1585587365.51999, "device_queued": -1, "device_end": -1, "host_queued_end": 1585587365.547116}, "device": "cpu", "nd_range": {"device_start": 2255139.827613747, "device_end": 2255139.8429290173}, "cmdq": 1, "read": {"device_start": -1, "device_end": -1}}, "softmax50": {"write": {"device_start": -1, "host_queued_start": 1585587365.535651, "device_queued": -1, "device_end": -1, "host_queued_end": 1585587365.547116}, "device": "cpu", "nd_range": {"device_start": 2255139.930846538, "device_end": 2255139.93126425}, "cmdq": 1, "read": {"device_start": -1, "device_end": -1}}, "FFC_sans_bias33": {"write": {"device_start": -1, "host_queued_start": 1585587365.537568, "device_queued": -1, "device_end": -1, "host_queued_end": 1585587365.547116}, "device": "cpu", "nd_range": {"device_start": 2255139.9384409343, "device_end": 2255139.9489718573}, "cmdq": 1, "read": {"device_start": -1, "device_end": -1}}, "FFC_sans_bias63": {"write": {"device_start": -1, "host_queued_start": 1585587365.528482, "device_queued": -1, "device_end": -1, "host_queued_end": 1585587365.547116}, "device": "cpu", "nd_range": {"device_start": 2255139.872608066, "device_end": 2255139.8785613542}, "cmdq": 1, "read": {"device_start": -1, "device_end": -1}}, "FFC_sans_bias49": {"write": {"device_start": -1, "host_queued_start": 1585587365.533283, "device_queued": -1, "device_end": -1, "host_queued_end": 1585587365.547116}, "device": "cpu", "nd_range": {"device_start": 2255139.904609777, "device_end": 2255139.919623908}, "cmdq": 1, "read": {"device_start": -1, "device_end": -1}}, "FFC_sans_bias64": {"write": {"device_start": -1, "host_queued_start": 1585587365.526374, "device_queued": -1, "device_end": -1, "host_queued_end": 1585587365.547116}, "device": "cpu", "nd_range": {"device_start": 2255139.863602044, "device_end": 2255139.872599087}, "cmdq": 1, "read": {"device_start": -1, "device_end": -1}}, "FFC_sans_bias65": {"write": {"device_start": -1, "host_queued_start": 1585587365.527433, "device_queued": -1, "device_end": -1, "host_queued_end": 1585587365.547116}, "device": "cpu", "nd_range": {"device_start": 2255139.835739775, "device_end": 2255139.840998995}, "cmdq": 0, "read": {"device_start": -1, "device_end": -1}}, "FFC_sans_bias67": {"write": {"device_start": -1, "host_queued_start": 1585587365.533983, "device_queued": -1, "device_end": -1, "host_queued_end": 1585587365.547116}, "device": "cpu", "nd_range": {"device_start": 2255139.919630032, "device_end": 2255139.924855831}, "cmdq": 1, "read": {"device_start": -1, "device_end": -1}}, "FFC_sans_bias24": {"write": {"device_start": -1, "host_queued_start": 1585587365.537226, "device_queued": -1, "device_end": -1, "host_queued_end": 1585587365.547116}, "device": "cpu", "nd_range": {"device_start": 2255139.8825130113, "device_end": 2255139.887821175}, "cmdq": 0, "read": {"device_start": -1, "device_end": -1}}, "FFC_sans_bias25": {"write": {"device_start": -1, "host_queued_start": 1585587365.542088, "device_queued": -1, "device_end": -1, "host_queued_end": 1585587365.547116}, "device": "cpu", "nd_range": {"device_start": 2255139.919628399, "device_end": 2255139.9282529}, "cmdq": 0, "read": {"device_start": -1, "device_end": -1}}, "FFC_sans_bias27": {"write": {"device_start": -1, "host_queued_start": 1585587365.513645, "device_queued": -1, "device_end": -1, "host_queued_end": 1585587365.547116}, "device": "cpu", "nd_range": {"device_start": 2255139.78702862, "device_end": 2255139.794657695}, "cmdq": 1, "read": {"device_start": -1, "device_end": -1}}, "FFC_sans_bias20": {"write": {"device_start": -1, "host_queued_start": 1585587365.512601, "device_queued": -1, "device_end": -1, "host_queued_end": 1585587365.547116}, "device": "cpu", "nd_range": {"device_start": 2255139.779454429, "device_end": 2255139.784738245}, "cmdq": 0, "read": {"device_start": -1, "device_end": -1}}, "FFC_sans_bias22": {"write": {"device_start": -1, "host_queued_start": 1585587365.532173, "device_queued": -1, "device_end": -1, "host_queued_end": 1585587365.547116}, "device": "cpu", "nd_range": {"device_start": 2255139.849701406, "device_end": 2255139.855259682}, "cmdq": 0, "read": {"device_start": -1, "device_end": -1}}, "softmax68": {"write": {"device_start": -1, "host_queued_start": 1585587365.536198, "device_queued": -1, "device_end": -1, "host_queued_end": 1585587365.547116}, "device": "cpu", "nd_range": {"device_start": 2255139.9312691824, "device_end": 2255139.931473611}, "cmdq": 1, "read": {"device_start": -1, "device_end": -1}}, "softmax5": {"write": {"device_start": -1, "host_queued_start": 1585587365.534266, "device_queued": -1, "device_end": -1, "host_queued_end": 1585587365.547116}, "device": "cpu", "nd_range": {"device_start": 2255139.874370398, "device_end": 2255139.8745916802}, "cmdq": 0, "read": {"device_start": -1, "device_end": -1}}, "FFC_sans_bias28": {"write": {"device_start": -1, "host_queued_start": 1585587365.514721, "device_queued": -1, "device_end": -1, "host_queued_end": 1585587365.547116}, "device": "cpu", "nd_range": {"device_start": 2255139.784743917, "device_end": 2255139.791421043}, "cmdq": 0, "read": {"device_start": -1, "device_end": -1}}, "FFC_sans_bias29": {"write": {"device_start": -1, "host_queued_start": 1585587365.515775, "device_queued": -1, "device_end": -1, "host_queued_end": 1585587365.547116}, "device": "cpu", "nd_range": {"device_start": 2255139.802410526, "device_end": 2255139.809005739}, "cmdq": 1, "read": {"device_start": -1, "device_end": -1}}, "empty17": {"write": {"device_start": -1, "host_queued_start": 1585587365.497951, "device_queued": -1, "device_end": -1, "host_queued_end": 1585587365.547116}, "device": "cpu", "nd_range": {"device_start": 2255139.736761664, "device_end": 2255139.7367738644}, "cmdq": 1, "read": {"device_start": -1, "device_end": -1}}, "softmax59": {"write": {"device_start": -1, "host_queued_start": 1585587365.535925, "device_queued": -1, "device_end": -1, "host_queued_end": 1585587365.547116}, "device": "cpu", "nd_range": {"device_start": 2255139.8753114743, "device_end": 2255139.875516784}, "cmdq": 0, "read": {"device_start": -1, "device_end": -1}}, "empty71": {"write": {"device_start": -1, "host_queued_start": 1585587365.502985, "device_queued": -1, "device_end": -1, "host_queued_end": 1585587365.547116}, "device": "cpu", "nd_range": {"device_start": 2255139.736811309, "device_end": 2255139.73681204}, "cmdq": 1, "read": {"device_start": -1, "device_end": -1}}, "empty35": {"write": {"device_start": -1, "host_queued_start": 1585587365.499712, "device_queued": -1, "device_end": -1, "host_queued_end": 1585587365.547116}, "device": "cpu", "nd_range": {"device_start": 2255139.736796853, "device_end": 2255139.736798019}, "cmdq": 1, "read": {"device_start": -1, "device_end": -1}}, "empty53": {"write": {"device_start": -1, "host_queued_start": 1585587365.501339, "device_queued": -1, "device_end": -1, "host_queued_end": 1585587365.547116}, "device": "cpu", "nd_range": {"device_start": 2255139.7368041133, "device_end": 2255139.7368048113}, "cmdq": 1, "read": {"device_start": -1, "device_end": -1}}, "FFC_sans_bias46": {"write": {"device_start": -1, "host_queued_start": 1585587365.521053, "device_queued": -1, "device_end": -1, "host_queued_end": 1585587365.547116}, "device": "cpu", "nd_range": {"device_start": 2255139.8041784773, "device_end": 2255139.812510515}, "cmdq": 0, "read": {"device_start": -1, "device_end": -1}}, "coalesced_transpose66": {"write": {"device_start": -1, "host_queued_start": 1585587365.531133, "device_queued": -1, "device_end": -1, "host_queued_end": 1585587365.547116}, "device": "cpu", "nd_range": {"device_start": 2255139.887797264, "device_end": 2255139.8879099563}, "cmdq": 1, "read": {"device_start": -1, "device_end": -1}}, "coalesced_transpose48": {"write": {"device_start": -1, "host_queued_start": 1585587365.530473, "device_queued": -1, "device_end": -1, "host_queued_end": 1585587365.547116}, "device": "cpu", "nd_range": {"device_start": 2255139.8871056642, "device_end": 2255139.887791961}, "cmdq": 1, "read": {"device_start": -1, "device_end": -1}}}