{"FFC_sans_bias60": {"write": {"device_start": -1, "host_queued_start": 1585587808.084059, "device_queued": -1, "device_end": -1, "host_queued_end": 1585587808.087597}, "device": "gpu", "nd_range": {"device_start": 1585587742.6459875, "device_end": 1585587742.646615}, "cmdq": 2, "read": {"device_start": -1, "device_end": -1}}, "FFC_sans_bias4": {"write": {"device_start": -1, "host_queued_start": 1585587808.111099, "device_queued": -1, "device_end": -1, "host_queued_end": 1585587808.120668}, "device": "cpu", "nd_range": {"device_start": 2255582.390816139, "device_end": 2255582.421093523}, "cmdq": 0, "read": {"device_start": -1, "device_end": -1}}, "FFC_sans_bias7": {"write": {"device_start": -1, "host_queued_start": 1585587808.116674, "device_queued": -1, "device_end": -1, "host_queued_end": 1585587808.120668}, "device": "cpu", "nd_range": {"device_start": 2255582.434861231, "device_end": 2255582.4422433972}, "cmdq": 0, "read": {"device_start": -1, "device_end": -1}}, "FFC_sans_bias6": {"write": {"device_start": -1, "host_queued_start": 1585587808.114251, "device_queued": -1, "device_end": -1, "host_queued_end": 1585587808.120668}, "device": "cpu", "nd_range": {"device_start": 2255582.4214240843, "device_end": 2255582.434854886}, "cmdq": 0, "read": {"device_start": -1, "device_end": -1}}, "FFC_sans_bias1": {"write": {"device_start": -1, "host_queued_start": 1585587808.095091, "device_queued": -1, "device_end": -1, "host_queued_end": 1585587808.120668}, "device": "cpu", "nd_range": {"device_start": 2255582.356688648, "device_end": 2255582.371866616}, "cmdq": 1, "read": {"device_start": -1, "device_end": -1}}, "FFC_sans_bias0": {"write": {"device_start": -1, "host_queued_start": 1585587808.093927, "device_queued": -1, "device_end": -1, "host_queued_end": 1585587808.120668}, "device": "cpu", "nd_range": {"device_start": 2255582.310308894, "device_end": 2255582.325764702}, "cmdq": 0, "read": {"device_start": -1, "device_end": -1}}, "FFC_sans_bias2": {"write": {"device_start": -1, "host_queued_start": 1585587808.096225, "device_queued": -1, "device_end": -1, "host_queued_end": 1585587808.120668}, "device": "cpu", "nd_range": {"device_start": 2255582.3103292063, "device_end": 2255582.326422594}, "cmdq": 2, "read": {"device_start": -1, "device_end": -1}}, "FFC_sans_bias61": {"write": {"device_start": 1585587742.6457279, "host_queued_start": 1585587808.086417, "device_queued": 1585587742.6410382, "device_end": 1585587742.6457536, "host_queued_end": 1585587808.087597}, "device": "gpu", "nd_range": {"device_start": 1585587742.6466224, "device_end": 1585587742.6475997}, "cmdq": 0, "read": {"device_start": 1585587742.6487367, "device_end": 1585587742.6487653}}, "FFC_sans_bias52": {"write": {"device_start": 1585587742.6461024, "host_queued_start": 1585587808.085371, "device_queued": 1585587742.640972, "device_end": 1585587742.6461337, "host_queued_end": 1585587808.087597}, "device": "gpu", "nd_range": {"device_start": 1585587742.6471753, "device_end": 1585587742.6485808}, "cmdq": 4, "read": {"device_start": 1585587742.6485877, "device_end": 1585587742.648611}}, "FFC_sans_bias9": {"write": {"device_start": -1, "host_queued_start": 1585587808.097267, "device_queued": -1, "device_end": -1, "host_queued_end": 1585587808.120668}, "device": "cpu", "nd_range": {"device_start": 2255582.310304699, "device_end": 2255582.32578783}, "cmdq": 3, "read": {"device_start": -1, "device_end": -1}}, "coalesced_transpose39": {"write": {"device_start": -1, "host_queued_start": 1585587808.110757, "device_queued": -1, "device_end": -1, "host_queued_end": 1585587808.120668}, "device": "cpu", "nd_range": {"device_start": 2255582.356936805, "device_end": 2255582.357181995}, "cmdq": 4, "read": {"device_start": -1, "device_end": -1}}, "FFC_sans_bias55": {"write": {"device_start": 1585587742.6401737, "host_queued_start": 1585587808.077467, "device_queued": 1585587742.6396954, "device_end": 1585587742.640199, "host_queued_end": 1585587808.087597}, "device": "gpu", "nd_range": {"device_start": 1585587742.640205, "device_end": 1585587742.6424384}, "cmdq": 3, "read": {"device_start": -1, "device_end": -1}}, "FFC_sans_bias54": {"write": {"device_start": 1585587742.639848, "host_queued_start": 1585587808.076437, "device_queued": 1585587742.639681, "device_end": 1585587742.6398745, "host_queued_end": 1585587808.087597}, "device": "gpu", "nd_range": {"device_start": 1585587742.6399305, "device_end": 1585587742.6419666}, "cmdq": 2, "read": {"device_start": -1, "device_end": -1}}, "FFC_sans_bias56": {"write": {"device_start": 1585587742.6397517, "host_queued_start": 1585587808.075369, "device_queued": 1585587742.6396554, "device_end": 1585587742.6398215, "host_queued_end": 1585587808.087597}, "device": "gpu", "nd_range": {"device_start": 1585587742.6399, "device_end": 1585587742.6414466}, "cmdq": 1, "read": {"device_start": -1, "device_end": -1}}, "FFC_sans_bias51": {"write": {"device_start": -1, "host_queued_start": 1585587808.083746, "device_queued": -1, "device_end": -1, "host_queued_end": 1585587808.087597}, "device": "gpu", "nd_range": {"device_start": 1585587742.645603, "device_end": 1585587742.646203}, "cmdq": 1, "read": {"device_start": -1, "device_end": -1}}, "softmax23": {"write": {"device_start": -1, "host_queued_start": 1585587808.113328, "device_queued": -1, "device_end": -1, "host_queued_end": 1585587808.120668}, "device": "cpu", "nd_range": {"device_start": 2255582.375360936, "device_end": 2255582.375549417}, "cmdq": 2, "read": {"device_start": -1, "device_end": -1}}, "FFC_sans_bias37": {"write": {"device_start": -1, "host_queued_start": 1585587808.107914, "device_queued": -1, "device_end": -1, "host_queued_end": 1585587808.120668}, "device": "cpu", "nd_range": {"device_start": 2255582.341301633, "device_end": 2255582.356559793}, "cmdq": 3, "read": {"device_start": -1, "device_end": -1}}, "empty62": {"write": {"device_start": 1585587742.6391454, "host_queued_start": 1585587808.070215, "device_queued": 1585587742.6390111, "device_end": 1585587742.6392179, "host_queued_end": 1585587808.087597}, "device": "gpu", "nd_range": {"device_start": 1585587742.639408, "device_end": 1585587742.6394434}, "cmdq": 1, "read": {"device_start": -1, "device_end": -1}}, "FFC_sans_bias70": {"write": {"device_start": 1585587742.64633, "host_queued_start": 1585587808.087494, "device_queued": 1585587742.6412556, "device_end": 1585587742.6463609, "host_queued_end": 1585587808.087597}, "device": "gpu", "nd_range": {"device_start": 1585587742.6471696, "device_end": 1585587742.6481287}, "cmdq": 1, "read": {"device_start": 1585587742.6481304, "device_end": 1585587742.6481593}}, "FFC_sans_bias58": {"write": {"device_start": -1, "host_queued_start": 1585587808.082337, "device_queued": -1, "device_end": -1, "host_queued_end": 1585587808.087597}, "device": "gpu", "nd_range": {"device_start": 1585587742.6438918, "device_end": 1585587742.6453664}, "cmdq": 1, "read": {"device_start": -1, "device_end": -1}}, "softmax41": {"write": {"device_start": -1, "host_queued_start": 1585587808.11391, "device_queued": -1, "device_end": -1, "host_queued_end": 1585587808.120668}, "device": "cpu", "nd_range": {"device_start": 2255582.372662836, "device_end": 2255582.372878633}, "cmdq": 4, "read": {"device_start": -1, "device_end": -1}}, "FFC_sans_bias11": {"write": {"device_start": -1, "host_queued_start": 1585587808.099516, "device_queued": -1, "device_end": -1, "host_queued_end": 1585587808.120668}, "device": "cpu", "nd_range": {"device_start": 2255582.3292958913, "device_end": 2255582.351176648}, "cmdq": 0, "read": {"device_start": -1, "device_end": -1}}, "FFC_sans_bias10": {"write": {"device_start": -1, "host_queued_start": 1585587808.098446, "device_queued": -1, "device_end": -1, "host_queued_end": 1585587808.120668}, "device": "cpu", "nd_range": {"device_start": 2255582.310895116, "device_end": 2255582.326131427}, "cmdq": 4, "read": {"device_start": -1, "device_end": -1}}, "coalesced_transpose3": {"write": {"device_start": -1, "host_queued_start": 1585587808.109289, "device_queued": -1, "device_end": -1, "host_queued_end": 1585587808.120668}, "device": "cpu", "nd_range": {"device_start": 2255582.390546538, "device_end": 2255582.39080814}, "cmdq": 0, "read": {"device_start": -1, "device_end": -1}}, "FFC_sans_bias34": {"write": {"device_start": -1, "host_queued_start": 1585587808.119637, "device_queued": -1, "device_end": -1, "host_queued_end": 1585587808.120668}, "device": "cpu", "nd_range": {"device_start": 2255582.424192925, "device_end": 2255582.4394604573}, "cmdq": 3, "read": {"device_start": -1, "device_end": -1}}, "FFC_sans_bias15": {"write": {"device_start": -1, "host_queued_start": 1585587808.114615, "device_queued": -1, "device_end": -1, "host_queued_end": 1585587808.120668}, "device": "cpu", "nd_range": {"device_start": 2255582.415734622, "device_end": 2255582.431246377}, "cmdq": 1, "read": {"device_start": -1, "device_end": -1}}, "FFC_sans_bias31": {"write": {"device_start": -1, "host_queued_start": 1585587808.112128, "device_queued": -1, "device_end": -1, "host_queued_end": 1585587808.120668}, "device": "cpu", "nd_range": {"device_start": 2255582.403733355, "device_end": 2255582.4153740783}, "cmdq": 3, "read": {"device_start": -1, "device_end": -1}}, "FFC_sans_bias16": {"write": {"device_start": -1, "host_queued_start": 1585587808.117662, "device_queued": -1, "device_end": -1, "host_queued_end": 1585587808.120668}, "device": "cpu", "nd_range": {"device_start": 2255582.4312562193, "device_end": 2255582.4398644473}, "cmdq": 1, "read": {"device_start": -1, "device_end": -1}}, "FFC_sans_bias19": {"write": {"device_start": -1, "host_queued_start": 1585587808.101602, "device_queued": -1, "device_end": -1, "host_queued_end": 1585587808.120668}, "device": "cpu", "nd_range": {"device_start": 2255582.326557449, "device_end": 2255582.3426062684}, "cmdq": 2, "read": {"device_start": -1, "device_end": -1}}, "FFC_sans_bias18": {"write": {"device_start": -1, "host_queued_start": 1585587808.10056, "device_queued": -1, "device_end": -1, "host_queued_end": 1585587808.120668}, "device": "cpu", "nd_range": {"device_start": 2255582.3720097924, "device_end": 2255582.3873202773}, "cmdq": 1, "read": {"device_start": -1, "device_end": -1}}, "coalesced_transpose30": {"write": {"device_start": -1, "host_queued_start": 1585587808.110408, "device_queued": -1, "device_end": -1, "host_queued_end": 1585587808.120668}, "device": "cpu", "nd_range": {"device_start": 2255582.40347428, "device_end": 2255582.40372519}, "cmdq": 3, "read": {"device_start": -1, "device_end": -1}}, "FFC_sans_bias69": {"write": {"device_start": -1, "host_queued_start": 1585587808.084374, "device_queued": -1, "device_end": -1, "host_queued_end": 1585587808.087597}, "device": "gpu", "nd_range": {"device_start": 1585587742.6459925, "device_end": 1585587742.6471648}, "cmdq": 3, "read": {"device_start": -1, "device_end": -1}}, "FFC_sans_bias38": {"write": {"device_start": -1, "host_queued_start": 1585587808.108959, "device_queued": -1, "device_end": -1, "host_queued_end": 1585587808.120668}, "device": "cpu", "nd_range": {"device_start": 2255582.3415775383, "device_end": 2255582.356819036}, "cmdq": 4, "read": {"device_start": -1, "device_end": -1}}, "coalesced_transpose57": {"write": {"device_start": -1, "host_queued_start": 1585587808.081406, "device_queued": -1, "device_end": -1, "host_queued_end": 1585587808.087597}, "device": "gpu", "nd_range": {"device_start": 1585587742.6424398, "device_end": 1585587742.6437972}, "cmdq": 3, "read": {"device_start": -1, "device_end": -1}}, "empty26": {"write": {"device_start": -1, "host_queued_start": 1585587808.091269, "device_queued": -1, "device_end": -1, "host_queued_end": 1585587808.120668}, "device": "cpu", "nd_range": {"device_start": 2255582.310271059, "device_end": 2255582.3102758774}, "cmdq": 2, "read": {"device_start": -1, "device_end": -1}}, "coalesced_transpose12": {"write": {"device_start": -1, "host_queued_start": 1585587808.109622, "device_queued": -1, "device_end": -1, "host_queued_end": 1585587808.120668}, "device": "cpu", "nd_range": {"device_start": 2255582.40316068, "device_end": 2255582.403421183}, "cmdq": 1, "read": {"device_start": -1, "device_end": -1}}, "empty44": {"write": {"device_start": -1, "host_queued_start": 1585587808.092925, "device_queued": -1, "device_end": -1, "host_queued_end": 1585587808.120668}, "device": "cpu", "nd_range": {"device_start": 2255582.31051946, "device_end": 2255582.310522948}, "cmdq": 4, "read": {"device_start": -1, "device_end": -1}}, "coalesced_transpose21": {"write": {"device_start": -1, "host_queued_start": 1585587808.11008, "device_queued": -1, "device_end": -1, "host_queued_end": 1585587808.120668}, "device": "cpu", "nd_range": {"device_start": 2255582.3583297622, "device_end": 2255582.358577724}, "cmdq": 2, "read": {"device_start": -1, "device_end": -1}}, "FFC_sans_bias36": {"write": {"device_start": -1, "host_queued_start": 1585587808.106876, "device_queued": -1, "device_end": -1, "host_queued_end": 1585587808.120668}, "device": "cpu", "nd_range": {"device_start": 2255582.342727505, "device_end": 2255582.3582088742}, "cmdq": 2, "read": {"device_start": -1, "device_end": -1}}, "softmax14": {"write": {"device_start": -1, "host_queued_start": 1585587808.113028, "device_queued": -1, "device_end": -1, "host_queued_end": 1585587808.120668}, "device": "cpu", "nd_range": {"device_start": 2255582.415442313, "device_end": 2255582.415726317}, "cmdq": 1, "read": {"device_start": -1, "device_end": -1}}, "FFC_sans_bias13": {"write": {"device_start": -1, "host_queued_start": 1585587808.111441, "device_queued": -1, "device_end": -1, "host_queued_end": 1585587808.120668}, "device": "cpu", "nd_range": {"device_start": 2255582.4035439733, "device_end": 2255582.415433114}, "cmdq": 1, "read": {"device_start": -1, "device_end": -1}}, "empty8": {"write": {"device_start": -1, "host_queued_start": 1585587808.089132, "device_queued": -1, "device_end": -1, "host_queued_end": 1585587808.120668}, "device": "cpu", "nd_range": {"device_start": 2255582.310295523, "device_end": 2255582.310296939}, "cmdq": 0, "read": {"device_start": -1, "device_end": -1}}, "FFC_sans_bias42": {"write": {"device_start": -1, "host_queued_start": 1585587808.115631, "device_queued": -1, "device_end": -1, "host_queued_end": 1585587808.120668}, "device": "cpu", "nd_range": {"device_start": 2255582.372993415, "device_end": 2255582.388205206}, "cmdq": 4, "read": {"device_start": -1, "device_end": -1}}, "FFC_sans_bias43": {"write": {"device_start": -1, "host_queued_start": 1585587808.120625, "device_queued": -1, "device_end": -1, "host_queued_end": 1585587808.120668}, "device": "cpu", "nd_range": {"device_start": 2255582.3883232, "device_end": 2255582.40346954}, "cmdq": 4, "read": {"device_start": -1, "device_end": -1}}, "FFC_sans_bias40": {"write": {"device_start": -1, "host_queued_start": 1585587808.112468, "device_queued": -1, "device_end": -1, "host_queued_end": 1585587808.120668}, "device": "cpu", "nd_range": {"device_start": 2255582.357295499, "device_end": 2255582.372540661}, "cmdq": 4, "read": {"device_start": -1, "device_end": -1}}, "softmax32": {"write": {"device_start": -1, "host_queued_start": 1585587808.113623, "device_queued": -1, "device_end": -1, "host_queued_end": 1585587808.120668}, "device": "cpu", "nd_range": {"device_start": 2255582.415380767, "device_end": 2255582.4156004423}, "cmdq": 3, "read": {"device_start": -1, "device_end": -1}}, "FFC_sans_bias47": {"write": {"device_start": 1585587742.6395977, "host_queued_start": 1585587808.074275, "device_queued": 1585587742.6394815, "device_end": 1585587742.6396298, "host_queued_end": 1585587808.087597}, "device": "gpu", "nd_range": {"device_start": 1585587742.639647, "device_end": 1585587742.6410205}, "cmdq": 0, "read": {"device_start": -1, "device_end": -1}}, "FFC_sans_bias45": {"write": {"device_start": 1585587742.6393652, "host_queued_start": 1585587808.072089, "device_queued": 1585587742.6390753, "device_end": 1585587742.6394389, "host_queued_end": 1585587808.087597}, "device": "gpu", "nd_range": {"device_start": 1585587742.6394477, "device_end": 1585587742.64005}, "cmdq": 3, "read": {"device_start": -1, "device_end": -1}}, "softmax50": {"write": {"device_start": -1, "host_queued_start": 1585587808.082937, "device_queued": -1, "device_end": -1, "host_queued_end": 1585587808.087597}, "device": "gpu", "nd_range": {"device_start": 1585587742.6444125, "device_end": 1585587742.6455903}, "cmdq": 3, "read": {"device_start": -1, "device_end": -1}}, "FFC_sans_bias33": {"write": {"device_start": -1, "host_queued_start": 1585587808.115293, "device_queued": -1, "device_end": -1, "host_queued_end": 1585587808.120668}, "device": "cpu", "nd_range": {"device_start": 2255582.4156095563, "device_end": 2255582.424186339}, "cmdq": 3, "read": {"device_start": -1, "device_end": -1}}, "FFC_sans_bias63": {"write": {"device_start": 1585587742.641553, "host_queued_start": 1585587808.080788, "device_queued": 1585587742.6401646, "device_end": 1585587742.6415792, "host_queued_end": 1585587808.087597}, "device": "gpu", "nd_range": {"device_start": 1585587742.6415937, "device_end": 1585587742.6438859}, "cmdq": 1, "read": {"device_start": -1, "device_end": -1}}, "FFC_sans_bias49": {"write": {"device_start": -1, "host_queued_start": 1585587808.082027, "device_queued": -1, "device_end": -1, "host_queued_end": 1585587808.087597}, "device": "gpu", "nd_range": {"device_start": 1585587742.6437829, "device_end": 1585587742.6443992}, "cmdq": 0, "read": {"device_start": -1, "device_end": -1}}, "FFC_sans_bias64": {"write": {"device_start": 1585587742.6406236, "host_queued_start": 1585587808.078712, "device_queued": 1585587742.6398444, "device_end": 1585587742.6406538, "host_queued_end": 1585587808.087597}, "device": "gpu", "nd_range": {"device_start": 1585587742.6406593, "device_end": 1585587742.6429298}, "cmdq": 4, "read": {"device_start": -1, "device_end": -1}}, "FFC_sans_bias65": {"write": {"device_start": 1585587742.6411269, "host_queued_start": 1585587808.079751, "device_queued": 1585587742.6401024, "device_end": 1585587742.6411586, "host_queued_end": 1585587808.087597}, "device": "gpu", "nd_range": {"device_start": 1585587742.6411622, "device_end": 1585587742.643419}, "cmdq": 0, "read": {"device_start": -1, "device_end": -1}}, "FFC_sans_bias67": {"write": {"device_start": -1, "host_queued_start": 1585587808.082688, "device_queued": -1, "device_end": -1, "host_queued_end": 1585587808.087597}, "device": "gpu", "nd_range": {"device_start": 1585587742.643808, "device_end": 1585587742.6448376}, "cmdq": 2, "read": {"device_start": -1, "device_end": -1}}, "FFC_sans_bias24": {"write": {"device_start": -1, "host_queued_start": 1585587808.114956, "device_queued": -1, "device_end": -1, "host_queued_end": 1585587808.120668}, "device": "cpu", "nd_range": {"device_start": 2255582.375661056, "device_end": 2255582.391640644}, "cmdq": 2, "read": {"device_start": -1, "device_end": -1}}, "FFC_sans_bias25": {"write": {"device_start": -1, "host_queued_start": 1585587808.118652, "device_queued": -1, "device_end": -1, "host_queued_end": 1585587808.120668}, "device": "cpu", "nd_range": {"device_start": 2255582.391652674, "device_end": 2255582.4077806193}, "cmdq": 2, "read": {"device_start": -1, "device_end": -1}}, "FFC_sans_bias27": {"write": {"device_start": -1, "host_queued_start": 1585587808.103717, "device_queued": -1, "device_end": -1, "host_queued_end": 1585587808.120668}, "device": "cpu", "nd_range": {"device_start": 2255582.3262508833, "device_end": 2255582.341455507}, "cmdq": 4, "read": {"device_start": -1, "device_end": -1}}, "FFC_sans_bias20": {"write": {"device_start": -1, "host_queued_start": 1585587808.102675, "device_queued": -1, "device_end": -1, "host_queued_end": 1585587808.120668}, "device": "cpu", "nd_range": {"device_start": 2255582.325800322, "device_end": 2255582.341148475}, "cmdq": 3, "read": {"device_start": -1, "device_end": -1}}, "FFC_sans_bias22": {"write": {"device_start": -1, "host_queued_start": 1585587808.111787, "device_queued": -1, "device_end": -1, "host_queued_end": 1585587808.120668}, "device": "cpu", "nd_range": {"device_start": 2255582.358688362, "device_end": 2255582.375232303}, "cmdq": 2, "read": {"device_start": -1, "device_end": -1}}, "softmax68": {"write": {"device_start": -1, "host_queued_start": 1585587808.083429, "device_queued": -1, "device_end": -1, "host_queued_end": 1585587808.087597}, "device": "gpu", "nd_range": {"device_start": 1585587742.644847, "device_end": 1585587742.645597}, "cmdq": 0, "read": {"device_start": -1, "device_end": -1}}, "softmax5": {"write": {"device_start": -1, "host_queued_start": 1585587808.112742, "device_queued": -1, "device_end": -1, "host_queued_end": 1585587808.120668}, "device": "cpu", "nd_range": {"device_start": 2255582.4211008823, "device_end": 2255582.421417869}, "cmdq": 0, "read": {"device_start": -1, "device_end": -1}}, "FFC_sans_bias28": {"write": {"device_start": -1, "host_queued_start": 1585587808.104761, "device_queued": -1, "device_end": -1, "host_queued_end": 1585587808.120668}, "device": "cpu", "nd_range": {"device_start": 2255582.359757895, "device_end": 2255582.383330524}, "cmdq": 0, "read": {"device_start": -1, "device_end": -1}}, "FFC_sans_bias29": {"write": {"device_start": -1, "host_queued_start": 1585587808.105807, "device_queued": -1, "device_end": -1, "host_queued_end": 1585587808.120668}, "device": "cpu", "nd_range": {"device_start": 2255582.387442427, "device_end": 2255582.403035364}, "cmdq": 1, "read": {"device_start": -1, "device_end": -1}}, "empty17": {"write": {"device_start": -1, "host_queued_start": 1585587808.090347, "device_queued": -1, "device_end": -1, "host_queued_end": 1585587808.120668}, "device": "cpu", "nd_range": {"device_start": 2255582.3102624323, "device_end": 2255582.310274846}, "cmdq": 1, "read": {"device_start": -1, "device_end": -1}}, "softmax59": {"write": {"device_start": -1, "host_queued_start": 1585587808.083184, "device_queued": -1, "device_end": -1, "host_queued_end": 1585587808.087597}, "device": "gpu", "nd_range": {"device_start": 1585587742.6455948, "device_end": 1585587742.6459742}, "cmdq": 4, "read": {"device_start": -1, "device_end": -1}}, "empty71": {"write": {"device_start": 1585587742.6392639, "host_queued_start": 1585587808.07109, "device_queued": 1585587742.639045, "device_end": 1585587742.6393375, "host_queued_end": 1585587808.087597}, "device": "gpu", "nd_range": {"device_start": 1585587742.6394393, "device_end": 1585587742.639451}, "cmdq": 2, "read": {"device_start": -1, "device_end": -1}}, "empty35": {"write": {"device_start": -1, "host_queued_start": 1585587808.092102, "device_queued": -1, "device_end": -1, "host_queued_end": 1585587808.120668}, "device": "cpu", "nd_range": {"device_start": 2255582.3102956293, "device_end": 2255582.310296634}, "cmdq": 3, "read": {"device_start": -1, "device_end": -1}}, "empty53": {"write": {"device_start": 1585587742.6390297, "host_queued_start": 1585587808.069178, "device_queued": 1585587742.6389108, "device_end": 1585587742.6390853, "host_queued_end": 1585587808.087597}, "device": "gpu", "nd_range": {"device_start": 1585587742.6390893, "device_end": 1585587742.6391013}, "cmdq": 0, "read": {"device_start": -1, "device_end": -1}}, "FFC_sans_bias46": {"write": {"device_start": 1585587742.6394567, "host_queued_start": 1585587808.073181, "device_queued": 1585587742.6393504, "device_end": 1585587742.6394827, "host_queued_end": 1585587808.087597}, "device": "gpu", "nd_range": {"device_start": 1585587742.6394866, "device_end": 1585587742.6404552}, "cmdq": 4, "read": {"device_start": -1, "device_end": -1}}, "coalesced_transpose66": {"write": {"device_start": -1, "host_queued_start": 1585587808.081707, "device_queued": -1, "device_end": -1, "host_queued_end": 1585587808.087597}, "device": "gpu", "nd_range": {"device_start": 1585587742.6429312, "device_end": 1585587742.6438}, "cmdq": 4, "read": {"device_start": -1, "device_end": -1}}, "coalesced_transpose48": {"write": {"device_start": -1, "host_queued_start": 1585587808.081107, "device_queued": -1, "device_end": -1, "host_queued_end": 1585587808.087597}, "device": "gpu", "nd_range": {"device_start": 1585587742.641968, "device_end": 1585587742.6437707}, "cmdq": 2, "read": {"device_start": -1, "device_end": -1}}}