{"FFC_sans_bias60": {"write": {"device_start": -1, "host_queued_start": 1585587705.128928, "device_queued": -1, "device_end": -1, "host_queued_end": 1585587705.133488}, "device": "gpu", "nd_range": {"device_start": 1585587639.696466, "device_end": 1585587639.6984437}, "cmdq": 0, "read": {"device_start": -1, "device_end": -1}}, "FFC_sans_bias4": {"write": {"device_start": -1, "host_queued_start": 1585587705.152809, "device_queued": -1, "device_end": -1, "host_queued_end": 1585587705.160415}, "device": "cpu", "nd_range": {"device_start": 2255479.404987411, "device_end": 2255479.4092853013}, "cmdq": 0, "read": {"device_start": -1, "device_end": -1}}, "FFC_sans_bias7": {"write": {"device_start": -1, "host_queued_start": 1585587705.157375, "device_queued": -1, "device_end": -1, "host_queued_end": 1585587705.160415}, "device": "cpu", "nd_range": {"device_start": 2255479.442018127, "device_end": 2255479.446813296}, "cmdq": 0, "read": {"device_start": -1, "device_end": -1}}, "FFC_sans_bias6": {"write": {"device_start": -1, "host_queued_start": 1585587705.155285, "device_queued": -1, "device_end": -1, "host_queued_end": 1585587705.160415}, "device": "cpu", "nd_range": {"device_start": 2255479.423722907, "device_end": 2255479.42881294}, "cmdq": 0, "read": {"device_start": -1, "device_end": -1}}, "FFC_sans_bias1": {"write": {"device_start": -1, "host_queued_start": 1585587705.140095, "device_queued": -1, "device_end": -1, "host_queued_end": 1585587705.160415}, "device": "cpu", "nd_range": {"device_start": 2255479.354025625, "device_end": 2255479.358364901}, "cmdq": 0, "read": {"device_start": -1, "device_end": -1}}, "FFC_sans_bias0": {"write": {"device_start": -1, "host_queued_start": 1585587705.139036, "device_queued": -1, "device_end": -1, "host_queued_end": 1585587705.160415}, "device": "cpu", "nd_range": {"device_start": 2255479.350049918, "device_end": 2255479.3540118383}, "cmdq": 0, "read": {"device_start": -1, "device_end": -1}}, "FFC_sans_bias2": {"write": {"device_start": -1, "host_queued_start": 1585587705.141147, "device_queued": -1, "device_end": -1, "host_queued_end": 1585587705.160415}, "device": "cpu", "nd_range": {"device_start": 2255479.358374406, "device_end": 2255479.3624498174}, "cmdq": 0, "read": {"device_start": -1, "device_end": -1}}, "FFC_sans_bias61": {"write": {"device_start": 1585587639.6981452, "host_queued_start": 1585587705.132353, "device_queued": 1585587639.6904678, "device_end": 1585587639.6981761, "host_queued_end": 1585587705.133488}, "device": "gpu", "nd_range": {"device_start": 1585587639.6984599, "device_end": 1585587639.6999135}, "cmdq": 4, "read": {"device_start": 1585587639.6999216, "device_end": 1585587639.6999443}}, "FFC_sans_bias52": {"write": {"device_start": 1585587639.6975794, "host_queued_start": 1585587705.131321, "device_queued": 1585587639.6904414, "device_end": 1585587639.6976104, "host_queued_end": 1585587705.133488}, "device": "gpu", "nd_range": {"device_start": 1585587639.6980202, "device_end": 1585587639.6994393}, "cmdq": 3, "read": {"device_start": 1585587639.6994407, "device_end": 1585587639.6994643}}, "FFC_sans_bias9": {"write": {"device_start": -1, "host_queued_start": 1585587705.142188, "device_queued": -1, "device_end": -1, "host_queued_end": 1585587705.160415}, "device": "cpu", "nd_range": {"device_start": 2255479.362455739, "device_end": 2255479.3663899223}, "cmdq": 0, "read": {"device_start": -1, "device_end": -1}}, "coalesced_transpose39": {"write": {"device_start": -1, "host_queued_start": 1585587705.124752, "device_queued": -1, "device_end": -1, "host_queued_end": 1585587705.133488}, "device": "gpu", "nd_range": {"device_start": 1585587639.692168, "device_end": 1585587639.6939569}, "cmdq": 1, "read": {"device_start": -1, "device_end": -1}}, "FFC_sans_bias55": {"write": {"device_start": 1585587639.690281, "host_queued_start": 1585587705.121299, "device_queued": 1585587639.6890333, "device_end": 1585587639.6903117, "host_queued_end": 1585587705.133488}, "device": "gpu", "nd_range": {"device_start": 1585587639.6903152, "device_end": 1585587639.6926017}, "cmdq": 2, "read": {"device_start": -1, "device_end": -1}}, "FFC_sans_bias54": {"write": {"device_start": 1585587639.6898403, "host_queued_start": 1585587705.120264, "device_queued": 1585587639.6890085, "device_end": 1585587639.6898718, "host_queued_end": 1585587705.133488}, "device": "gpu", "nd_range": {"device_start": 1585587639.6898787, "device_end": 1585587639.6921668}, "cmdq": 1, "read": {"device_start": -1, "device_end": -1}}, "FFC_sans_bias56": {"write": {"device_start": 1585587639.6892748, "host_queued_start": 1585587705.119235, "device_queued": 1585587639.6889503, "device_end": 1585587639.6893053, "host_queued_end": 1585587705.133488}, "device": "gpu", "nd_range": {"device_start": 1585587639.6893127, "device_end": 1585587639.6916366}, "cmdq": 0, "read": {"device_start": -1, "device_end": -1}}, "FFC_sans_bias51": {"write": {"device_start": -1, "host_queued_start": 1585587705.128618, "device_queued": -1, "device_end": -1, "host_queued_end": 1585587705.133488}, "device": "gpu", "nd_range": {"device_start": 1585587639.6964517, "device_end": 1585587639.6980133}, "cmdq": 4, "read": {"device_start": -1, "device_end": -1}}, "softmax23": {"write": {"device_start": -1, "host_queued_start": 1585587705.154676, "device_queued": -1, "device_end": -1, "host_queued_end": 1585587705.160415}, "device": "cpu", "nd_range": {"device_start": 2255479.4234427973, "device_end": 2255479.423531399}, "cmdq": 0, "read": {"device_start": -1, "device_end": -1}}, "FFC_sans_bias37": {"write": {"device_start": 1585587639.6882708, "host_queued_start": 1585587705.113804, "device_queued": 1585587639.6881695, "device_end": 1585587639.6883013, "host_queued_end": 1585587705.133488}, "device": "gpu", "nd_range": {"device_start": 1585587639.688304, "device_end": 1585587639.6891785}, "cmdq": 0, "read": {"device_start": -1, "device_end": -1}}, "empty62": {"write": {"device_start": 1585587639.687913, "host_queued_start": 1585587705.110906, "device_queued": 1585587639.6877177, "device_end": 1585587639.6879685, "host_queued_end": 1585587705.133488}, "device": "gpu", "nd_range": {"device_start": 1585587639.688099, "device_end": 1585587639.6881063}, "cmdq": 2, "read": {"device_start": -1, "device_end": -1}}, "FFC_sans_bias70": {"write": {"device_start": 1585587639.6985695, "host_queued_start": 1585587705.133384, "device_queued": 1585587639.6906774, "device_end": 1585587639.6986005, "host_queued_end": 1585587705.133488}, "device": "gpu", "nd_range": {"device_start": 1585587639.6986103, "device_end": 1585587639.7003987}, "cmdq": 0, "read": {"device_start": 1585587639.7004023, "device_end": 1585587639.7004256}}, "FFC_sans_bias58": {"write": {"device_start": -1, "host_queued_start": 1585587705.126695, "device_queued": -1, "device_end": -1, "host_queued_end": 1585587705.133488}, "device": "gpu", "nd_range": {"device_start": 1585587639.6940506, "device_end": 1585587639.6956086}, "cmdq": 2, "read": {"device_start": -1, "device_end": -1}}, "softmax41": {"write": {"device_start": -1, "host_queued_start": 1585587705.127281, "device_queued": -1, "device_end": -1, "host_queued_end": 1585587705.133488}, "device": "gpu", "nd_range": {"device_start": 1585587639.6946478, "device_end": 1585587639.6964202}, "cmdq": 4, "read": {"device_start": -1, "device_end": -1}}, "FFC_sans_bias11": {"write": {"device_start": -1, "host_queued_start": 1585587705.14448, "device_queued": -1, "device_end": -1, "host_queued_end": 1585587705.160415}, "device": "cpu", "nd_range": {"device_start": 2255479.371184907, "device_end": 2255479.375503365}, "cmdq": 0, "read": {"device_start": -1, "device_end": -1}}, "FFC_sans_bias10": {"write": {"device_start": -1, "host_queued_start": 1585587705.143341, "device_queued": -1, "device_end": -1, "host_queued_end": 1585587705.160415}, "device": "cpu", "nd_range": {"device_start": 2255479.3663962623, "device_end": 2255479.3711800193}, "cmdq": 0, "read": {"device_start": -1, "device_end": -1}}, "coalesced_transpose3": {"write": {"device_start": -1, "host_queued_start": 1585587705.151388, "device_queued": -1, "device_end": -1, "host_queued_end": 1585587705.160415}, "device": "cpu", "nd_range": {"device_start": 2255479.404028511, "device_end": 2255479.4041912043}, "cmdq": 0, "read": {"device_start": -1, "device_end": -1}}, "FFC_sans_bias34": {"write": {"device_start": -1, "host_queued_start": 1585587705.160372, "device_queued": -1, "device_end": -1, "host_queued_end": 1585587705.160415}, "device": "cpu", "nd_range": {"device_start": 2255479.455664116, "device_end": 2255479.461917548}, "cmdq": 0, "read": {"device_start": -1, "device_end": -1}}, "FFC_sans_bias15": {"write": {"device_start": -1, "host_queued_start": 1585587705.155623, "device_queued": -1, "device_end": -1, "host_queued_end": 1585587705.160415}, "device": "cpu", "nd_range": {"device_start": 2255479.4288190133, "device_end": 2255479.432901395}, "cmdq": 0, "read": {"device_start": -1, "device_end": -1}}, "FFC_sans_bias31": {"write": {"device_start": -1, "host_queued_start": 1585587705.153835, "device_queued": -1, "device_end": -1, "host_queued_end": 1585587705.160415}, "device": "cpu", "nd_range": {"device_start": 2255479.4185176264, "device_end": 2255479.4229813563}, "cmdq": 0, "read": {"device_start": -1, "device_end": -1}}, "FFC_sans_bias16": {"write": {"device_start": -1, "host_queued_start": 1585587705.158386, "device_queued": -1, "device_end": -1, "host_queued_end": 1585587705.160415}, "device": "cpu", "nd_range": {"device_start": 2255479.446816823, "device_end": 2255479.451126066}, "cmdq": 0, "read": {"device_start": -1, "device_end": -1}}, "FFC_sans_bias19": {"write": {"device_start": -1, "host_queued_start": 1585587705.146819, "device_queued": -1, "device_end": -1, "host_queued_end": 1585587705.160415}, "device": "cpu", "nd_range": {"device_start": 2255479.3802976133, "device_end": 2255479.3847821993}, "cmdq": 0, "read": {"device_start": -1, "device_end": -1}}, "FFC_sans_bias18": {"write": {"device_start": -1, "host_queued_start": 1585587705.145654, "device_queued": -1, "device_end": -1, "host_queued_end": 1585587705.160415}, "device": "cpu", "nd_range": {"device_start": 2255479.3755084723, "device_end": 2255479.380291401}, "cmdq": 0, "read": {"device_start": -1, "device_end": -1}}, "coalesced_transpose30": {"write": {"device_start": -1, "host_queued_start": 1585587705.152468, "device_queued": -1, "device_end": -1, "host_queued_end": 1585587705.160415}, "device": "cpu", "nd_range": {"device_start": 2255479.404774583, "device_end": 2255479.404871651}, "cmdq": 0, "read": {"device_start": -1, "device_end": -1}}, "FFC_sans_bias69": {"write": {"device_start": -1, "host_queued_start": 1585587705.12924, "device_queued": -1, "device_end": -1, "host_queued_end": 1585587705.133488}, "device": "gpu", "nd_range": {"device_start": 1585587639.6964302, "device_end": 1585587639.6970487}, "cmdq": 1, "read": {"device_start": -1, "device_end": -1}}, "FFC_sans_bias38": {"write": {"device_start": 1585587639.6884718, "host_queued_start": 1585587705.114896, "device_queued": 1585587639.6883688, "device_end": 1585587639.6885285, "host_queued_end": 1585587705.133488}, "device": "gpu", "nd_range": {"device_start": 1585587639.6886969, "device_end": 1585587639.6897318}, "cmdq": 1, "read": {"device_start": -1, "device_end": -1}}, "coalesced_transpose57": {"write": {"device_start": -1, "host_queued_start": 1585587705.125347, "device_queued": -1, "device_end": -1, "host_queued_end": 1585587705.133488}, "device": "gpu", "nd_range": {"device_start": 1585587639.693144, "device_end": 1585587639.6939764}, "cmdq": 3, "read": {"device_start": -1, "device_end": -1}}, "empty26": {"write": {"device_start": -1, "host_queued_start": 1585587705.137049, "device_queued": -1, "device_end": -1, "host_queued_end": 1585587705.160415}, "device": "cpu", "nd_range": {"device_start": 2255479.350038953, "device_end": 2255479.35003979}, "cmdq": 0, "read": {"device_start": -1, "device_end": -1}}, "coalesced_transpose12": {"write": {"device_start": -1, "host_queued_start": 1585587705.151719, "device_queued": -1, "device_end": -1, "host_queued_end": 1585587705.160415}, "device": "cpu", "nd_range": {"device_start": 2255479.404324374, "device_end": 2255479.404435146}, "cmdq": 0, "read": {"device_start": -1, "device_end": -1}}, "empty44": {"write": {"device_start": 1585587639.6876378, "host_queued_start": 1585587705.108998, "device_queued": 1585587639.687512, "device_end": 1585587639.6876693, "host_queued_end": 1585587705.133488}, "device": "gpu", "nd_range": {"device_start": 1585587639.6876795, "device_end": 1585587639.6876884}, "cmdq": 0, "read": {"device_start": -1, "device_end": -1}}, "coalesced_transpose21": {"write": {"device_start": -1, "host_queued_start": 1585587705.152141, "device_queued": -1, "device_end": -1, "host_queued_end": 1585587705.160415}, "device": "cpu", "nd_range": {"device_start": 2255479.404554728, "device_end": 2255479.40465831}, "cmdq": 0, "read": {"device_start": -1, "device_end": -1}}, "FFC_sans_bias36": {"write": {"device_start": 1585587639.688113, "host_queued_start": 1585587705.112736, "device_queued": 1585587639.6879876, "device_end": 1585587639.6881452, "host_queued_end": 1585587705.133488}, "device": "gpu", "nd_range": {"device_start": 1585587639.6881614, "device_end": 1585587639.6887617}, "cmdq": 4, "read": {"device_start": -1, "device_end": -1}}, "softmax14": {"write": {"device_start": -1, "host_queued_start": 1585587705.1544, "device_queued": -1, "device_end": -1, "host_queued_end": 1585587705.160415}, "device": "cpu", "nd_range": {"device_start": 2255479.4232405843, "device_end": 2255479.4233291713}, "cmdq": 0, "read": {"device_start": -1, "device_end": -1}}, "FFC_sans_bias13": {"write": {"device_start": -1, "host_queued_start": 1585587705.153154, "device_queued": -1, "device_end": -1, "host_queued_end": 1585587705.160415}, "device": "cpu", "nd_range": {"device_start": 2255479.4092912143, "device_end": 2255479.413817569}, "cmdq": 0, "read": {"device_start": -1, "device_end": -1}}, "empty8": {"write": {"device_start": -1, "host_queued_start": 1585587705.134875, "device_queued": -1, "device_end": -1, "host_queued_end": 1585587705.160415}, "device": "cpu", "nd_range": {"device_start": 2255479.350004469, "device_end": 2255479.3500158642}, "cmdq": 0, "read": {"device_start": -1, "device_end": -1}}, "FFC_sans_bias42": {"write": {"device_start": -1, "host_queued_start": 1585587705.12831, "device_queued": -1, "device_end": -1, "host_queued_end": 1585587705.133488}, "device": "gpu", "nd_range": {"device_start": 1585587639.6964447, "device_end": 1585587639.69744}, "cmdq": 3, "read": {"device_start": -1, "device_end": -1}}, "FFC_sans_bias43": {"write": {"device_start": 1585587639.6963785, "host_queued_start": 1585587705.130249, "device_queued": 1585587639.6902754, "device_end": 1585587639.6964037, "host_queued_end": 1585587705.133488}, "device": "gpu", "nd_range": {"device_start": 1585587639.6974585, "device_end": 1585587639.698971}, "cmdq": 2, "read": {"device_start": 1585587639.6989815, "device_end": 1585587639.6990051}}, "FFC_sans_bias40": {"write": {"device_start": -1, "host_queued_start": 1585587705.125972, "device_queued": -1, "device_end": -1, "host_queued_end": 1585587705.133488}, "device": "gpu", "nd_range": {"device_start": 1585587639.694029, "device_end": 1585587639.6946363}, "cmdq": 0, "read": {"device_start": -1, "device_end": -1}}, "softmax32": {"write": {"device_start": -1, "host_queued_start": 1585587705.154951, "device_queued": -1, "device_end": -1, "host_queued_end": 1585587705.160415}, "device": "cpu", "nd_range": {"device_start": 2255479.4236377063, "device_end": 2255479.423716972}, "cmdq": 0, "read": {"device_start": -1, "device_end": -1}}, "FFC_sans_bias47": {"write": {"device_start": 1585587639.6888952, "host_queued_start": 1585587705.118168, "device_queued": 1585587639.688435, "device_end": 1585587639.6889257, "host_queued_end": 1585587705.133488}, "device": "gpu", "nd_range": {"device_start": 1585587639.6889322, "device_end": 1585587639.691167}, "cmdq": 4, "read": {"device_start": -1, "device_end": -1}}, "FFC_sans_bias45": {"write": {"device_start": 1585587639.688591, "host_queued_start": 1585587705.115928, "device_queued": 1585587639.688395, "device_end": 1585587639.6886623, "host_queued_end": 1585587705.133488}, "device": "gpu", "nd_range": {"device_start": 1585587639.688736, "device_end": 1585587639.6901813}, "cmdq": 2, "read": {"device_start": -1, "device_end": -1}}, "softmax50": {"write": {"device_start": -1, "host_queued_start": 1585587705.127528, "device_queued": -1, "device_end": -1, "host_queued_end": 1585587705.133488}, "device": "gpu", "nd_range": {"device_start": 1585587639.6950622, "device_end": 1585587639.6964226}, "cmdq": 0, "read": {"device_start": -1, "device_end": -1}}, "FFC_sans_bias33": {"write": {"device_start": -1, "host_queued_start": 1585587705.156317, "device_queued": -1, "device_end": -1, "host_queued_end": 1585587705.160415}, "device": "cpu", "nd_range": {"device_start": 2255479.4379422953, "device_end": 2255479.4420125294}, "cmdq": 0, "read": {"device_start": -1, "device_end": -1}}, "FFC_sans_bias63": {"write": {"device_start": 1585587639.6917644, "host_queued_start": 1585587705.124425, "device_queued": 1585587639.689457, "device_end": 1585587639.6917965, "host_queued_end": 1585587705.133488}, "device": "gpu", "nd_range": {"device_start": 1585587639.6918128, "device_end": 1585587639.694021}, "cmdq": 0, "read": {"device_start": -1, "device_end": -1}}, "FFC_sans_bias49": {"write": {"device_start": -1, "host_queued_start": 1585587705.126328, "device_queued": -1, "device_end": -1, "host_queued_end": 1585587705.133488}, "device": "gpu", "nd_range": {"device_start": 1585587639.69404, "device_end": 1585587639.6950512}, "cmdq": 1, "read": {"device_start": -1, "device_end": -1}}, "FFC_sans_bias64": {"write": {"device_start": 1585587639.6907942, "host_queued_start": 1585587705.122334, "device_queued": 1585587639.6891496, "device_end": 1585587639.690827, "host_queued_end": 1585587705.133488}, "device": "gpu", "nd_range": {"device_start": 1585587639.6908302, "device_end": 1585587639.6931367}, "cmdq": 3, "read": {"device_start": -1, "device_end": -1}}, "FFC_sans_bias65": {"write": {"device_start": 1585587639.691275, "host_queued_start": 1585587705.123397, "device_queued": 1585587639.6891775, "device_end": 1585587639.6913075, "host_queued_end": 1585587705.133488}, "device": "gpu", "nd_range": {"device_start": 1585587639.6913106, "device_end": 1585587639.69356}, "cmdq": 4, "read": {"device_start": -1, "device_end": -1}}, "FFC_sans_bias67": {"write": {"device_start": -1, "host_queued_start": 1585587705.127017, "device_queued": -1, "device_end": -1, "host_queued_end": 1585587705.133488}, "device": "gpu", "nd_range": {"device_start": 1585587639.694059, "device_end": 1585587639.6960335}, "cmdq": 3, "read": {"device_start": -1, "device_end": -1}}, "FFC_sans_bias24": {"write": {"device_start": -1, "host_queued_start": 1585587705.155959, "device_queued": -1, "device_end": -1, "host_queued_end": 1585587705.160415}, "device": "cpu", "nd_range": {"device_start": 2255479.432907369, "device_end": 2255479.437936509}, "cmdq": 0, "read": {"device_start": -1, "device_end": -1}}, "FFC_sans_bias25": {"write": {"device_start": -1, "host_queued_start": 1585587705.159382, "device_queued": -1, "device_end": -1, "host_queued_end": 1585587705.160415}, "device": "cpu", "nd_range": {"device_start": 2255479.451128881, "device_end": 2255479.4556612773}, "cmdq": 0, "read": {"device_start": -1, "device_end": -1}}, "FFC_sans_bias27": {"write": {"device_start": -1, "host_queued_start": 1585587705.148944, "device_queued": -1, "device_end": -1, "host_queued_end": 1585587705.160415}, "device": "cpu", "nd_range": {"device_start": 2255479.388706208, "device_end": 2255479.395352277}, "cmdq": 0, "read": {"device_start": -1, "device_end": -1}}, "FFC_sans_bias20": {"write": {"device_start": -1, "host_queued_start": 1585587705.147905, "device_queued": -1, "device_end": -1, "host_queued_end": 1585587705.160415}, "device": "cpu", "nd_range": {"device_start": 2255479.384787578, "device_end": 2255479.388700386}, "cmdq": 0, "read": {"device_start": -1, "device_end": -1}}, "FFC_sans_bias22": {"write": {"device_start": -1, "host_queued_start": 1585587705.153498, "device_queued": -1, "device_end": -1, "host_queued_end": 1585587705.160415}, "device": "cpu", "nd_range": {"device_start": 2255479.413831781, "device_end": 2255479.418512631}, "cmdq": 0, "read": {"device_start": -1, "device_end": -1}}, "softmax68": {"write": {"device_start": -1, "host_queued_start": 1585587705.128009, "device_queued": -1, "device_end": -1, "host_queued_end": 1585587705.133488}, "device": "gpu", "nd_range": {"device_start": 1585587639.6960428, "device_end": 1585587639.696237}, "cmdq": 2, "read": {"device_start": -1, "device_end": -1}}, "softmax5": {"write": {"device_start": -1, "host_queued_start": 1585587705.154128, "device_queued": -1, "device_end": -1, "host_queued_end": 1585587705.160415}, "device": "cpu", "nd_range": {"device_start": 2255479.4229871053, "device_end": 2255479.4231211552}, "cmdq": 0, "read": {"device_start": -1, "device_end": -1}}, "FFC_sans_bias28": {"write": {"device_start": -1, "host_queued_start": 1585587705.149981, "device_queued": -1, "device_end": -1, "host_queued_end": 1585587705.160415}, "device": "cpu", "nd_range": {"device_start": 2255479.395357305, "device_end": 2255479.39950915}, "cmdq": 0, "read": {"device_start": -1, "device_end": -1}}, "FFC_sans_bias29": {"write": {"device_start": -1, "host_queued_start": 1585587705.151057, "device_queued": -1, "device_end": -1, "host_queued_end": 1585587705.160415}, "device": "cpu", "nd_range": {"device_start": 2255479.399514501, "device_end": 2255479.4040146503}, "cmdq": 0, "read": {"device_start": -1, "device_end": -1}}, "empty17": {"write": {"device_start": -1, "host_queued_start": 1585587705.136124, "device_queued": -1, "device_end": -1, "host_queued_end": 1585587705.160415}, "device": "cpu", "nd_range": {"device_start": 2255479.3500325982, "device_end": 2255479.350033821}, "cmdq": 0, "read": {"device_start": -1, "device_end": -1}}, "softmax59": {"write": {"device_start": -1, "host_queued_start": 1585587705.127768, "device_queued": -1, "device_end": -1, "host_queued_end": 1585587705.133488}, "device": "gpu", "nd_range": {"device_start": 1585587639.6956217, "device_end": 1585587639.696425}, "cmdq": 1, "read": {"device_start": -1, "device_end": -1}}, "empty71": {"write": {"device_start": 1585587639.6879992, "host_queued_start": 1585587705.111742, "device_queued": 1585587639.687738, "device_end": 1585587639.6880615, "host_queued_end": 1585587705.133488}, "device": "gpu", "nd_range": {"device_start": 1585587639.688123, "device_end": 1585587639.688142}, "cmdq": 3, "read": {"device_start": -1, "device_end": -1}}, "empty35": {"write": {"device_start": -1, "host_queued_start": 1585587705.137999, "device_queued": -1, "device_end": -1, "host_queued_end": 1585587705.160415}, "device": "cpu", "nd_range": {"device_start": 2255479.350044996, "device_end": 2255479.350045639}, "cmdq": 0, "read": {"device_start": -1, "device_end": -1}}, "empty53": {"write": {"device_start": 1585587639.6877909, "host_queued_start": 1585587705.11004, "device_queued": 1585587639.6876912, "device_end": 1585587639.687839, "host_queued_end": 1585587705.133488}, "device": "gpu", "nd_range": {"device_start": 1585587639.688059, "device_end": 1585587639.688065}, "cmdq": 1, "read": {"device_start": -1, "device_end": -1}}, "FFC_sans_bias46": {"write": {"device_start": 1585587639.6887124, "host_queued_start": 1585587705.116963, "device_queued": 1585587639.6884148, "device_end": 1585587639.6887372, "host_queued_end": 1585587705.133488}, "device": "gpu", "nd_range": {"device_start": 1585587639.6887548, "device_end": 1585587639.6906781}, "cmdq": 3, "read": {"device_start": -1, "device_end": -1}}, "coalesced_transpose66": {"write": {"device_start": -1, "host_queued_start": 1585587705.125645, "device_queued": -1, "device_end": -1, "host_queued_end": 1585587705.133488}, "device": "gpu", "nd_range": {"device_start": 1585587639.6935673, "device_end": 1585587639.6939785}, "cmdq": 4, "read": {"device_start": -1, "device_end": -1}}, "coalesced_transpose48": {"write": {"device_start": -1, "host_queued_start": 1585587705.125049, "device_queued": -1, "device_end": -1, "host_queued_end": 1585587705.133488}, "device": "gpu", "nd_range": {"device_start": 1585587639.692604, "device_end": 1585587639.693974}, "cmdq": 2, "read": {"device_start": -1, "device_end": -1}}}