{"FFC_sans_bias60": {"write": {"device_start": -1, "host_queued_start": 1585587379.321011, "device_queued": -1, "device_end": -1, "host_queued_end": 1585587379.325622}, "device": "gpu", "nd_range": {"device_start": 1585587313.8977432, "device_end": 1585587313.8987036}, "cmdq": 0, "read": {"device_start": -1, "device_end": -1}}, "FFC_sans_bias4": {"write": {"device_start": -1, "host_queued_start": 1585587379.345363, "device_queued": -1, "device_end": -1, "host_queued_end": 1585587379.353002}, "device": "cpu", "nd_range": {"device_start": 2255153.5904205763, "device_end": 2255153.598765269}, "cmdq": 2, "read": {"device_start": -1, "device_end": -1}}, "FFC_sans_bias7": {"write": {"device_start": -1, "host_queued_start": 1585587379.349942, "device_queued": -1, "device_end": -1, "host_queued_end": 1585587379.353002}, "device": "cpu", "nd_range": {"device_start": 2255153.631253681, "device_end": 2255153.6464491}, "cmdq": 2, "read": {"device_start": -1, "device_end": -1}}, "FFC_sans_bias6": {"write": {"device_start": -1, "host_queued_start": 1585587379.347868, "device_queued": -1, "device_end": -1, "host_queued_end": 1585587379.353002}, "device": "cpu", "nd_range": {"device_start": 2255153.615885482, "device_end": 2255153.6236483334}, "cmdq": 1, "read": {"device_start": -1, "device_end": -1}}, "FFC_sans_bias1": {"write": {"device_start": -1, "host_queued_start": 1585587379.332544, "device_queued": -1, "device_end": -1, "host_queued_end": 1585587379.353002}, "device": "cpu", "nd_range": {"device_start": 2255153.542651224, "device_end": 2255153.551470564}, "cmdq": 2, "read": {"device_start": -1, "device_end": -1}}, "FFC_sans_bias0": {"write": {"device_start": -1, "host_queued_start": 1585587379.331367, "device_queued": -1, "device_end": -1, "host_queued_end": 1585587379.353002}, "device": "cpu", "nd_range": {"device_start": 2255153.5426611924, "device_end": 2255153.555659464}, "cmdq": 1, "read": {"device_start": -1, "device_end": -1}}, "FFC_sans_bias2": {"write": {"device_start": -1, "host_queued_start": 1585587379.333601, "device_queued": -1, "device_end": -1, "host_queued_end": 1585587379.353002}, "device": "cpu", "nd_range": {"device_start": 2255153.542632717, "device_end": 2255153.554836205}, "cmdq": 0, "read": {"device_start": -1, "device_end": -1}}, "FFC_sans_bias61": {"write": {"device_start": 1585587313.8998961, "host_queued_start": 1585587379.32445, "device_queued": 1585587313.8910103, "device_end": 1585587313.8999267, "host_queued_end": 1585587379.325622}, "device": "gpu", "nd_range": {"device_start": 1585587313.899929, "device_end": 1585587313.900611}, "cmdq": 0, "read": {"device_start": 1585587313.9006157, "device_end": 1585587313.9006386}}, "FFC_sans_bias52": {"write": {"device_start": 1585587313.8992593, "host_queued_start": 1585587379.323407, "device_queued": 1585587313.8908372, "device_end": 1585587313.8992906, "host_queued_end": 1585587379.325622}, "device": "gpu", "nd_range": {"device_start": 1585587313.8992934, "device_end": 1585587313.900133}, "cmdq": 1, "read": {"device_start": 1585587313.9001377, "device_end": 1585587313.9001622}}, "FFC_sans_bias9": {"write": {"device_start": -1, "host_queued_start": 1585587379.334681, "device_queued": -1, "device_end": -1, "host_queued_end": 1585587379.353002}, "device": "cpu", "nd_range": {"device_start": 2255153.555776629, "device_end": 2255153.567502199}, "cmdq": 1, "read": {"device_start": -1, "device_end": -1}}, "coalesced_transpose39": {"write": {"device_start": -1, "host_queued_start": 1585587379.316817, "device_queued": -1, "device_end": -1, "host_queued_end": 1585587379.325622}, "device": "gpu", "nd_range": {"device_start": 1585587313.894426, "device_end": 1585587313.8947997}, "cmdq": 0, "read": {"device_start": -1, "device_end": -1}}, "FFC_sans_bias55": {"write": {"device_start": 1585587313.892624, "host_queued_start": 1585587379.313334, "device_queued": 1585587313.8895252, "device_end": 1585587313.8926501, "host_queued_end": 1585587379.325622}, "device": "gpu", "nd_range": {"device_start": 1585587313.892655, "device_end": 1585587313.8934584}, "cmdq": 0, "read": {"device_start": -1, "device_end": -1}}, "FFC_sans_bias54": {"write": {"device_start": 1585587313.8921237, "host_queued_start": 1585587379.312298, "device_queued": 1585587313.8893619, "device_end": 1585587313.892155, "host_queued_end": 1585587379.325622}, "device": "gpu", "nd_range": {"device_start": 1585587313.8921592, "device_end": 1585587313.8930056}, "cmdq": 1, "read": {"device_start": -1, "device_end": -1}}, "FFC_sans_bias56": {"write": {"device_start": 1585587313.8916798, "host_queued_start": 1585587379.31126, "device_queued": 1585587313.889319, "device_end": 1585587313.8917067, "host_queued_end": 1585587379.325622}, "device": "gpu", "nd_range": {"device_start": 1585587313.8917122, "device_end": 1585587313.8925018}, "cmdq": 0, "read": {"device_start": -1, "device_end": -1}}, "FFC_sans_bias51": {"write": {"device_start": -1, "host_queued_start": 1585587379.320695, "device_queued": -1, "device_end": -1, "host_queued_end": 1585587379.325622}, "device": "gpu", "nd_range": {"device_start": 1585587313.8974504, "device_end": 1585587313.8981426}, "cmdq": 1, "read": {"device_start": -1, "device_end": -1}}, "softmax23": {"write": {"device_start": -1, "host_queued_start": 1585587379.347251, "device_queued": -1, "device_end": -1, "host_queued_end": 1585587379.353002}, "device": "cpu", "nd_range": {"device_start": 2255153.615679915, "device_end": 2255153.6158551034}, "cmdq": 2, "read": {"device_start": -1, "device_end": -1}}, "FFC_sans_bias37": {"write": {"device_start": 1585587313.8890269, "host_queued_start": 1585587379.30577, "device_queued": 1585587313.8887072, "device_end": 1585587313.889053, "host_queued_end": 1585587379.325622}, "device": "gpu", "nd_range": {"device_start": 1585587313.8890567, "device_end": 1585587313.8900235}, "cmdq": 1, "read": {"device_start": -1, "device_end": -1}}, "empty62": {"write": {"device_start": 1585587313.8886783, "host_queued_start": 1585587379.302913, "device_queued": 1585587313.8884583, "device_end": 1585587313.8887498, "host_queued_end": 1585587379.325622}, "device": "gpu", "nd_range": {"device_start": 1585587313.8887594, "device_end": 1585587313.888771}, "cmdq": 0, "read": {"device_start": -1, "device_end": -1}}, "FFC_sans_bias70": {"write": {"device_start": 1585587313.9003766, "host_queued_start": 1585587379.325518, "device_queued": 1585587313.8910582, "device_end": 1585587313.9004078, "host_queued_end": 1585587379.325622}, "device": "gpu", "nd_range": {"device_start": 1585587313.9004104, "device_end": 1585587313.9010632}, "cmdq": 1, "read": {"device_start": 1585587313.9010718, "device_end": 1585587313.901095}}, "FFC_sans_bias58": {"write": {"device_start": -1, "host_queued_start": 1585587379.318734, "device_queued": -1, "device_end": -1, "host_queued_end": 1585587379.325622}, "device": "gpu", "nd_range": {"device_start": 1585587313.8954272, "device_end": 1585587313.8963866}, "cmdq": 0, "read": {"device_start": -1, "device_end": -1}}, "softmax41": {"write": {"device_start": -1, "host_queued_start": 1585587379.319314, "device_queued": -1, "device_end": -1, "host_queued_end": 1585587379.325622}, "device": "gpu", "nd_range": {"device_start": 1585587313.8963876, "device_end": 1585587313.896924}, "cmdq": 0, "read": {"device_start": -1, "device_end": -1}}, "FFC_sans_bias11": {"write": {"device_start": -1, "host_queued_start": 1585587379.336889, "device_queued": -1, "device_end": -1, "host_queued_end": 1585587379.353002}, "device": "cpu", "nd_range": {"device_start": 2255153.5550170653, "device_end": 2255153.562862183}, "cmdq": 0, "read": {"device_start": -1, "device_end": -1}}, "FFC_sans_bias10": {"write": {"device_start": -1, "host_queued_start": 1585587379.335725, "device_queued": -1, "device_end": -1, "host_queued_end": 1585587379.353002}, "device": "cpu", "nd_range": {"device_start": 2255153.551586441, "device_end": 2255153.5671999473}, "cmdq": 2, "read": {"device_start": -1, "device_end": -1}}, "coalesced_transpose3": {"write": {"device_start": -1, "host_queued_start": 1585587379.343884, "device_queued": -1, "device_end": -1, "host_queued_end": 1585587379.353002}, "device": "cpu", "nd_range": {"device_start": 2255153.590074753, "device_end": 2255153.590251597}, "cmdq": 1, "read": {"device_start": -1, "device_end": -1}}, "FFC_sans_bias34": {"write": {"device_start": -1, "host_queued_start": 1585587379.352957, "device_queued": -1, "device_end": -1, "host_queued_end": 1585587379.353002}, "device": "cpu", "nd_range": {"device_start": 2255153.646455677, "device_end": 2255153.6573448773}, "cmdq": 2, "read": {"device_start": -1, "device_end": -1}}, "FFC_sans_bias15": {"write": {"device_start": -1, "host_queued_start": 1585587379.348209, "device_queued": -1, "device_end": -1, "host_queued_end": 1585587379.353002}, "device": "cpu", "nd_range": {"device_start": 2255153.6159918993, "device_end": 2255153.6312449183}, "cmdq": 2, "read": {"device_start": -1, "device_end": -1}}, "FFC_sans_bias31": {"write": {"device_start": -1, "host_queued_start": 1585587379.3464, "device_queued": -1, "device_end": -1, "host_queued_end": 1585587379.353002}, "device": "cpu", "nd_range": {"device_start": 2255153.598893663, "device_end": 2255153.604160287}, "cmdq": 2, "read": {"device_start": -1, "device_end": -1}}, "FFC_sans_bias16": {"write": {"device_start": -1, "host_queued_start": 1585587379.350965, "device_queued": -1, "device_end": -1, "host_queued_end": 1585587379.353002}, "device": "cpu", "nd_range": {"device_start": 2255153.639116818, "device_end": 2255153.6543498323}, "cmdq": 0, "read": {"device_start": -1, "device_end": -1}}, "FFC_sans_bias19": {"write": {"device_start": -1, "host_queued_start": 1585587379.339318, "device_queued": -1, "device_end": -1, "host_queued_end": 1585587379.353002}, "device": "cpu", "nd_range": {"device_start": 2255153.5673213364, "device_end": 2255153.575239626}, "cmdq": 2, "read": {"device_start": -1, "device_end": -1}}, "FFC_sans_bias18": {"write": {"device_start": -1, "host_queued_start": 1585587379.338104, "device_queued": -1, "device_end": -1, "host_queued_end": 1585587379.353002}, "device": "cpu", "nd_range": {"device_start": 2255153.567618029, "device_end": 2255153.580981905}, "cmdq": 1, "read": {"device_start": -1, "device_end": -1}}, "coalesced_transpose30": {"write": {"device_start": -1, "host_queued_start": 1585587379.344997, "device_queued": -1, "device_end": -1, "host_queued_end": 1585587379.353002}, "device": "cpu", "nd_range": {"device_start": 2255153.590281057, "device_end": 2255153.590520462}, "cmdq": 1, "read": {"device_start": -1, "device_end": -1}}, "FFC_sans_bias69": {"write": {"device_start": -1, "host_queued_start": 1585587379.321328, "device_queued": -1, "device_end": -1, "host_queued_end": 1585587379.325622}, "device": "gpu", "nd_range": {"device_start": 1585587313.8981438, "device_end": 1585587313.8991401}, "cmdq": 1, "read": {"device_start": -1, "device_end": -1}}, "FFC_sans_bias38": {"write": {"device_start": 1585587313.8898773, "host_queued_start": 1585587379.306852, "device_queued": 1585587313.888902, "device_end": 1585587313.8899083, "host_queued_end": 1585587379.325622}, "device": "gpu", "nd_range": {"device_start": 1585587313.8899117, "device_end": 1585587313.890588}, "cmdq": 0, "read": {"device_start": -1, "device_end": -1}}, "coalesced_transpose57": {"write": {"device_start": -1, "host_queued_start": 1585587379.317432, "device_queued": -1, "device_end": -1, "host_queued_end": 1585587379.325622}, "device": "gpu", "nd_range": {"device_start": 1585587313.8948019, "device_end": 1585587313.8948245}, "cmdq": 0, "read": {"device_start": -1, "device_end": -1}}, "empty26": {"write": {"device_start": -1, "host_queued_start": 1585587379.329254, "device_queued": -1, "device_end": -1, "host_queued_end": 1585587379.353002}, "device": "cpu", "nd_range": {"device_start": 2255153.542596416, "device_end": 2255153.542602781}, "cmdq": 2, "read": {"device_start": -1, "device_end": -1}}, "coalesced_transpose12": {"write": {"device_start": -1, "host_queued_start": 1585587379.344222, "device_queued": -1, "device_end": -1, "host_queued_end": 1585587379.353002}, "device": "cpu", "nd_range": {"device_start": 2255153.586926, "device_end": 2255153.587167528}, "cmdq": 2, "read": {"device_start": -1, "device_end": -1}}, "empty44": {"write": {"device_start": 1585587313.888433, "host_queued_start": 1585587379.300983, "device_queued": 1585587313.8883042, "device_end": 1585587313.8884938, "host_queued_end": 1585587379.325622}, "device": "gpu", "nd_range": {"device_start": 1585587313.8885024, "device_end": 1585587313.8885088}, "cmdq": 0, "read": {"device_start": -1, "device_end": -1}}, "coalesced_transpose21": {"write": {"device_start": -1, "host_queued_start": 1585587379.344655, "device_queued": -1, "device_end": -1, "host_queued_end": 1585587379.353002}, "device": "cpu", "nd_range": {"device_start": 2255153.60455673, "device_end": 2255153.604790516}, "cmdq": 0, "read": {"device_start": -1, "device_end": -1}}, "FFC_sans_bias36": {"write": {"device_start": 1585587313.888927, "host_queued_start": 1585587379.304711, "device_queued": 1585587313.8886538, "device_end": 1585587313.8890088, "host_queued_end": 1585587379.325622}, "device": "gpu", "nd_range": {"device_start": 1585587313.8890145, "device_end": 1585587313.8896215}, "cmdq": 0, "read": {"device_start": -1, "device_end": -1}}, "softmax14": {"write": {"device_start": -1, "host_queued_start": 1585587379.346977, "device_queued": -1, "device_end": -1, "host_queued_end": 1585587379.353002}, "device": "cpu", "nd_range": {"device_start": 2255153.6156801633, "device_end": 2255153.615872426}, "cmdq": 1, "read": {"device_start": -1, "device_end": -1}}, "FFC_sans_bias13": {"write": {"device_start": -1, "host_queued_start": 1585587379.345711, "device_queued": -1, "device_end": -1, "host_queued_end": 1585587379.353002}, "device": "cpu", "nd_range": {"device_start": 2255153.604812344, "device_end": 2255153.6134499353}, "cmdq": 0, "read": {"device_start": -1, "device_end": -1}}, "empty8": {"write": {"device_start": -1, "host_queued_start": 1585587379.327117, "device_queued": -1, "device_end": -1, "host_queued_end": 1585587379.353002}, "device": "cpu", "nd_range": {"device_start": 2255153.542588917, "device_end": 2255153.542602758}, "cmdq": 0, "read": {"device_start": -1, "device_end": -1}}, "FFC_sans_bias42": {"write": {"device_start": -1, "host_queued_start": 1585587379.320376, "device_queued": -1, "device_end": -1, "host_queued_end": 1585587379.325622}, "device": "gpu", "nd_range": {"device_start": 1585587313.8971364, "device_end": 1585587313.897742}, "cmdq": 0, "read": {"device_start": -1, "device_end": -1}}, "FFC_sans_bias43": {"write": {"device_start": 1585587313.898858, "host_queued_start": 1585587379.322334, "device_queued": 1585587313.8907835, "device_end": 1585587313.8988853, "host_queued_end": 1585587379.325622}, "device": "gpu", "nd_range": {"device_start": 1585587313.8988895, "device_end": 1585587313.8996565}, "cmdq": 0, "read": {"device_start": 1585587313.8996606, "device_end": 1585587313.899686}}, "FFC_sans_bias40": {"write": {"device_start": -1, "host_queued_start": 1585587379.31805, "device_queued": -1, "device_end": -1, "host_queued_end": 1585587379.325622}, "device": "gpu", "nd_range": {"device_start": 1585587313.8948255, "device_end": 1585587313.895426}, "cmdq": 0, "read": {"device_start": -1, "device_end": -1}}, "softmax32": {"write": {"device_start": -1, "host_queued_start": 1585587379.347528, "device_queued": -1, "device_end": -1, "host_queued_end": 1585587379.353002}, "device": "cpu", "nd_range": {"device_start": 2255153.613906789, "device_end": 2255153.6141163423}, "cmdq": 0, "read": {"device_start": -1, "device_end": -1}}, "FFC_sans_bias47": {"write": {"device_start": 1585587313.8911417, "host_queued_start": 1585587379.309988, "device_queued": 1585587313.8891785, "device_end": 1585587313.8911693, "host_queued_end": 1585587379.325622}, "device": "gpu", "nd_range": {"device_start": 1585587313.8911738, "device_end": 1585587313.8920078}, "cmdq": 1, "read": {"device_start": -1, "device_end": -1}}, "FFC_sans_bias45": {"write": {"device_start": 1585587313.8901405, "host_queued_start": 1585587379.30788, "device_queued": 1585587313.8889458, "device_end": 1585587313.8901727, "host_queued_end": 1585587379.325622}, "device": "gpu", "nd_range": {"device_start": 1585587313.8901765, "device_end": 1585587313.8910186}, "cmdq": 1, "read": {"device_start": -1, "device_end": -1}}, "softmax50": {"write": {"device_start": -1, "host_queued_start": 1585587379.319568, "device_queued": -1, "device_end": -1, "host_queued_end": 1585587379.325622}, "device": "gpu", "nd_range": {"device_start": 1585587313.8968904, "device_end": 1585587313.8971002}, "cmdq": 1, "read": {"device_start": -1, "device_end": -1}}, "FFC_sans_bias33": {"write": {"device_start": -1, "host_queued_start": 1585587379.348897, "device_queued": -1, "device_end": -1, "host_queued_end": 1585587379.353002}, "device": "cpu", "nd_range": {"device_start": 2255153.6236659493, "device_end": 2255153.63972098}, "cmdq": 1, "read": {"device_start": -1, "device_end": -1}}, "FFC_sans_bias63": {"write": {"device_start": 1585587313.8941076, "host_queued_start": 1585587379.316489, "device_queued": 1585587313.8898206, "device_end": 1585587313.8941402, "host_queued_end": 1585587379.325622}, "device": "gpu", "nd_range": {"device_start": 1585587313.8941457, "device_end": 1585587313.894964}, "cmdq": 1, "read": {"device_start": -1, "device_end": -1}}, "FFC_sans_bias49": {"write": {"device_start": -1, "host_queued_start": 1585587379.318379, "device_queued": -1, "device_end": -1, "host_queued_end": 1585587379.325622}, "device": "gpu", "nd_range": {"device_start": 1585587313.895323, "device_end": 1585587313.895931}, "cmdq": 1, "read": {"device_start": -1, "device_end": -1}}, "FFC_sans_bias64": {"write": {"device_start": 1585587313.8931322, "host_queued_start": 1585587379.314373, "device_queued": 1585587313.889569, "device_end": 1585587313.8931646, "host_queued_end": 1585587379.325622}, "device": "gpu", "nd_range": {"device_start": 1585587313.893171, "device_end": 1585587313.8939805}, "cmdq": 1, "read": {"device_start": -1, "device_end": -1}}, "FFC_sans_bias65": {"write": {"device_start": 1585587313.8935788, "host_queued_start": 1585587379.315449, "device_queued": 1585587313.8897667, "device_end": 1585587313.8936117, "host_queued_end": 1585587379.325622}, "device": "gpu", "nd_range": {"device_start": 1585587313.893616, "device_end": 1585587313.894425}, "cmdq": 0, "read": {"device_start": -1, "device_end": -1}}, "FFC_sans_bias67": {"write": {"device_start": -1, "host_queued_start": 1585587379.319055, "device_queued": -1, "device_end": -1, "host_queued_end": 1585587379.325622}, "device": "gpu", "nd_range": {"device_start": 1585587313.895932, "device_end": 1585587313.8968894}, "cmdq": 1, "read": {"device_start": -1, "device_end": -1}}, "FFC_sans_bias24": {"write": {"device_start": -1, "host_queued_start": 1585587379.348551, "device_queued": -1, "device_end": -1, "host_queued_end": 1585587379.353002}, "device": "cpu", "nd_range": {"device_start": 2255153.623530161, "device_end": 2255153.638998502}, "cmdq": 0, "read": {"device_start": -1, "device_end": -1}}, "FFC_sans_bias25": {"write": {"device_start": -1, "host_queued_start": 1585587379.351962, "device_queued": -1, "device_end": -1, "host_queued_end": 1585587379.353002}, "device": "cpu", "nd_range": {"device_start": 2255153.639730434, "device_end": 2255153.65777827}, "cmdq": 1, "read": {"device_start": -1, "device_end": -1}}, "FFC_sans_bias27": {"write": {"device_start": -1, "host_queued_start": 1585587379.341412, "device_queued": -1, "device_end": -1, "host_queued_end": 1585587379.353002}, "device": "cpu", "nd_range": {"device_start": 2255153.5810988373, "device_end": 2255153.5900675463}, "cmdq": 1, "read": {"device_start": -1, "device_end": -1}}, "FFC_sans_bias20": {"write": {"device_start": -1, "host_queued_start": 1585587379.34037, "device_queued": -1, "device_end": -1, "host_queued_end": 1585587379.353002}, "device": "cpu", "nd_range": {"device_start": 2255153.570834609, "device_end": 2255153.59006728}, "cmdq": 0, "read": {"device_start": -1, "device_end": -1}}, "FFC_sans_bias22": {"write": {"device_start": -1, "host_queued_start": 1585587379.346058, "device_queued": -1, "device_end": -1, "host_queued_end": 1585587379.353002}, "device": "cpu", "nd_range": {"device_start": 2255153.6048335903, "device_end": 2255153.6156535964}, "cmdq": 1, "read": {"device_start": -1, "device_end": -1}}, "softmax68": {"write": {"device_start": -1, "host_queued_start": 1585587379.320062, "device_queued": -1, "device_end": -1, "host_queued_end": 1585587379.325622}, "device": "gpu", "nd_range": {"device_start": 1585587313.8971012, "device_end": 1585587313.897449}, "cmdq": 1, "read": {"device_start": -1, "device_end": -1}}, "softmax5": {"write": {"device_start": -1, "host_queued_start": 1585587379.346684, "device_queued": -1, "device_end": -1, "host_queued_end": 1585587379.353002}, "device": "cpu", "nd_range": {"device_start": 2255153.6135697793, "device_end": 2255153.613791941}, "cmdq": 0, "read": {"device_start": -1, "device_end": -1}}, "FFC_sans_bias28": {"write": {"device_start": -1, "host_queued_start": 1585587379.342457, "device_queued": -1, "device_end": -1, "host_queued_end": 1585587379.353002}, "device": "cpu", "nd_range": {"device_start": 2255153.575360711, "device_end": 2255153.5868092673}, "cmdq": 2, "read": {"device_start": -1, "device_end": -1}}, "FFC_sans_bias29": {"write": {"device_start": -1, "host_queued_start": 1585587379.343548, "device_queued": -1, "device_end": -1, "host_queued_end": 1585587379.353002}, "device": "cpu", "nd_range": {"device_start": 2255153.590075471, "device_end": 2255153.603630219}, "cmdq": 0, "read": {"device_start": -1, "device_end": -1}}, "empty17": {"write": {"device_start": -1, "host_queued_start": 1585587379.328264, "device_queued": -1, "device_end": -1, "host_queued_end": 1585587379.353002}, "device": "cpu", "nd_range": {"device_start": 2255153.542639612, "device_end": 2255153.542644244}, "cmdq": 1, "read": {"device_start": -1, "device_end": -1}}, "softmax59": {"write": {"device_start": -1, "host_queued_start": 1585587379.319812, "device_queued": -1, "device_end": -1, "host_queued_end": 1585587379.325622}, "device": "gpu", "nd_range": {"device_start": 1585587313.896925, "device_end": 1585587313.897135}, "cmdq": 0, "read": {"device_start": -1, "device_end": -1}}, "empty71": {"write": {"device_start": 1585587313.8888147, "host_queued_start": 1585587379.303726, "device_queued": 1585587313.8884978, "device_end": 1585587313.888882, "host_queued_end": 1585587379.325622}, "device": "gpu", "nd_range": {"device_start": 1585587313.888888, "device_end": 1585587313.8888922}, "cmdq": 1, "read": {"device_start": -1, "device_end": -1}}, "empty35": {"write": {"device_start": -1, "host_queued_start": 1585587379.33022, "device_queued": -1, "device_end": -1, "host_queued_end": 1585587379.353002}, "device": "cpu", "nd_range": {"device_start": 2255153.542623991, "device_end": 2255153.54262559}, "cmdq": 0, "read": {"device_start": -1, "device_end": -1}}, "empty53": {"write": {"device_start": 1585587313.8885655, "host_queued_start": 1585587379.302026, "device_queued": 1585587313.8884141, "device_end": 1585587313.8886309, "host_queued_end": 1585587379.325622}, "device": "gpu", "nd_range": {"device_start": 1585587313.888635, "device_end": 1585587313.888639}, "cmdq": 1, "read": {"device_start": -1, "device_end": -1}}, "FFC_sans_bias46": {"write": {"device_start": 1585587313.8907297, "host_queued_start": 1585587379.308913, "device_queued": 1585587313.889118, "device_end": 1585587313.8907611, "host_queued_end": 1585587379.325622}, "device": "gpu", "nd_range": {"device_start": 1585587313.890766, "device_end": 1585587313.8915524}, "cmdq": 0, "read": {"device_start": -1, "device_end": -1}}, "coalesced_transpose66": {"write": {"device_start": -1, "host_queued_start": 1585587379.317731, "device_queued": -1, "device_end": -1, "host_queued_end": 1585587379.325622}, "device": "gpu", "nd_range": {"device_start": 1585587313.8952925, "device_end": 1585587313.8953216}, "cmdq": 1, "read": {"device_start": -1, "device_end": -1}}, "coalesced_transpose48": {"write": {"device_start": -1, "host_queued_start": 1585587379.317126, "device_queued": -1, "device_end": -1, "host_queued_end": 1585587379.325622}, "device": "gpu", "nd_range": {"device_start": 1585587313.8949673, "device_end": 1585587313.8952913}, "cmdq": 1, "read": {"device_start": -1, "device_end": -1}}}