{"FFC_sans_bias60": {"write": {"device_start": -1, "host_queued_start": 1585587315.40656, "device_queued": -1, "device_end": -1, "host_queued_end": 1585587315.414962}, "device": "cpu", "nd_range": {"device_start": 2255089.7716942034, "device_end": 2255089.788385591}, "cmdq": 2, "read": {"device_start": -1, "device_end": -1}}, "FFC_sans_bias4": {"write": {"device_start": -1, "host_queued_start": 1585587315.399402, "device_queued": -1, "device_end": -1, "host_queued_end": 1585587315.414962}, "device": "cpu", "nd_range": {"device_start": 2255089.709196162, "device_end": 2255089.719284378}, "cmdq": 0, "read": {"device_start": -1, "device_end": -1}}, "FFC_sans_bias7": {"write": {"device_start": -1, "host_queued_start": 1585587315.407957, "device_queued": -1, "device_end": -1, "host_queued_end": 1585587315.414962}, "device": "cpu", "nd_range": {"device_start": 2255089.77095253, "device_end": 2255089.802099698}, "cmdq": 4, "read": {"device_start": -1, "device_end": -1}}, "FFC_sans_bias6": {"write": {"device_start": -1, "host_queued_start": 1585587315.404396, "device_queued": -1, "device_end": -1, "host_queued_end": 1585587315.414962}, "device": "cpu", "nd_range": {"device_start": 2255089.7534372713, "device_end": 2255089.768727955}, "cmdq": 1, "read": {"device_start": -1, "device_end": -1}}, "FFC_sans_bias1": {"write": {"device_start": -1, "host_queued_start": 1585587315.373081, "device_queued": -1, "device_end": -1, "host_queued_end": 1585587315.414962}, "device": "cpu", "nd_range": {"device_start": 2255089.604971252, "device_end": 2255089.620203142}, "cmdq": 4, "read": {"device_start": -1, "device_end": -1}}, "FFC_sans_bias0": {"write": {"device_start": -1, "host_queued_start": 1585587315.372035, "device_queued": -1, "device_end": -1, "host_queued_end": 1585587315.414962}, "device": "cpu", "nd_range": {"device_start": 2255089.604690766, "device_end": 2255089.619855617}, "cmdq": 3, "read": {"device_start": -1, "device_end": -1}}, "FFC_sans_bias2": {"write": {"device_start": -1, "host_queued_start": 1585587315.374268, "device_queued": -1, "device_end": -1, "host_queued_end": 1585587315.414962}, "device": "cpu", "nd_range": {"device_start": 2255089.60467012, "device_end": 2255089.621631316}, "cmdq": 0, "read": {"device_start": -1, "device_end": -1}}, "FFC_sans_bias61": {"write": {"device_start": -1, "host_queued_start": 1585587315.413918, "device_queued": -1, "device_end": -1, "host_queued_end": 1585587315.414962}, "device": "cpu", "nd_range": {"device_start": 2255089.8115656483, "device_end": 2255089.818754605}, "cmdq": 0, "read": {"device_start": -1, "device_end": -1}}, "FFC_sans_bias52": {"write": {"device_start": -1, "host_queued_start": 1585587315.412919, "device_queued": -1, "device_end": -1, "host_queued_end": 1585587315.414962}, "device": "cpu", "nd_range": {"device_start": 2255089.802103449, "device_end": 2255089.81682003}, "cmdq": 4, "read": {"device_start": -1, "device_end": -1}}, "FFC_sans_bias9": {"write": {"device_start": -1, "host_queued_start": 1585587315.375346, "device_queued": -1, "device_end": -1, "host_queued_end": 1585587315.414962}, "device": "cpu", "nd_range": {"device_start": 2255089.604667074, "device_end": 2255089.6233431953}, "cmdq": 1, "read": {"device_start": -1, "device_end": -1}}, "coalesced_transpose39": {"write": {"device_start": -1, "host_queued_start": 1585587315.398069, "device_queued": -1, "device_end": -1, "host_queued_end": 1585587315.414962}, "device": "cpu", "nd_range": {"device_start": 2255089.7184427544, "device_end": 2255089.718696426}, "cmdq": 1, "read": {"device_start": -1, "device_end": -1}}, "FFC_sans_bias55": {"write": {"device_start": -1, "host_queued_start": 1585587315.393254, "device_queued": -1, "device_end": -1, "host_queued_end": 1585587315.414962}, "device": "cpu", "nd_range": {"device_start": 2255089.720942031, "device_end": 2255089.7322049993}, "cmdq": 3, "read": {"device_start": -1, "device_end": -1}}, "FFC_sans_bias54": {"write": {"device_start": -1, "host_queued_start": 1585587315.392207, "device_queued": -1, "device_end": -1, "host_queued_end": 1585587315.414962}, "device": "cpu", "nd_range": {"device_start": 2255089.6656645304, "device_end": 2255089.680927092}, "cmdq": 2, "read": {"device_start": -1, "device_end": -1}}, "FFC_sans_bias56": {"write": {"device_start": -1, "host_queued_start": 1585587315.391164, "device_queued": -1, "device_end": -1, "host_queued_end": 1585587315.414962}, "device": "cpu", "nd_range": {"device_start": 2255089.679304953, "device_end": 2255089.6941837193}, "cmdq": 1, "read": {"device_start": -1, "device_end": -1}}, "FFC_sans_bias51": {"write": {"device_start": -1, "host_queued_start": 1585587315.40622, "device_queued": -1, "device_end": -1, "host_queued_end": 1585587315.414962}, "device": "cpu", "nd_range": {"device_start": 2255089.768734996, "device_end": 2255089.784050071}, "cmdq": 1, "read": {"device_start": -1, "device_end": -1}}, "softmax23": {"write": {"device_start": -1, "host_queued_start": 1585587315.402689, "device_queued": -1, "device_end": -1, "host_queued_end": 1585587315.414962}, "device": "cpu", "nd_range": {"device_start": 2255089.737519483, "device_end": 2255089.737735912}, "cmdq": 0, "read": {"device_start": -1, "device_end": -1}}, "FFC_sans_bias37": {"write": {"device_start": -1, "host_queued_start": 1585587315.385883, "device_queued": -1, "device_end": -1, "host_queued_end": 1585587315.414962}, "device": "cpu", "nd_range": {"device_start": 2255089.654280897, "device_end": 2255089.6792953783}, "cmdq": 1, "read": {"device_start": -1, "device_end": -1}}, "empty62": {"write": {"device_start": -1, "host_queued_start": 1585587315.37014, "device_queued": -1, "device_end": -1, "host_queued_end": 1585587315.414962}, "device": "cpu", "nd_range": {"device_start": 2255089.604661529, "device_end": 2255089.6046621413}, "cmdq": 1, "read": {"device_start": -1, "device_end": -1}}, "FFC_sans_bias70": {"write": {"device_start": -1, "host_queued_start": 1585587315.414916, "device_queued": -1, "device_end": -1, "host_queued_end": 1585587315.414962}, "device": "cpu", "nd_range": {"device_start": 2255089.799332239, "device_end": 2255089.8117465014}, "cmdq": 1, "read": {"device_start": -1, "device_end": -1}}, "FFC_sans_bias58": {"write": {"device_start": -1, "host_queued_start": 1585587315.401511, "device_queued": -1, "device_end": -1, "host_queued_end": 1585587315.414962}, "device": "cpu", "nd_range": {"device_start": 2255089.7411716883, "device_end": 2255089.753201866}, "cmdq": 1, "read": {"device_start": -1, "device_end": -1}}, "softmax41": {"write": {"device_start": -1, "host_queued_start": 1585587315.403236, "device_queued": -1, "device_end": -1, "host_queued_end": 1585587315.414962}, "device": "cpu", "nd_range": {"device_start": 2255089.7370858463, "device_end": 2255089.73731533}, "cmdq": 2, "read": {"device_start": -1, "device_end": -1}}, "FFC_sans_bias11": {"write": {"device_start": -1, "host_queued_start": 1585587315.377446, "device_queued": -1, "device_end": -1, "host_queued_end": 1585587315.414962}, "device": "cpu", "nd_range": {"device_start": 2255089.681781779, "device_end": 2255089.6970108473}, "cmdq": 3, "read": {"device_start": -1, "device_end": -1}}, "FFC_sans_bias10": {"write": {"device_start": -1, "host_queued_start": 1585587315.376398, "device_queued": -1, "device_end": -1, "host_queued_end": 1585587315.414962}, "device": "cpu", "nd_range": {"device_start": 2255089.619866174, "device_end": 2255089.63500828}, "cmdq": 2, "read": {"device_start": -1, "device_end": -1}}, "coalesced_transpose3": {"write": {"device_start": -1, "host_queued_start": 1585587315.396744, "device_queued": -1, "device_end": -1, "host_queued_end": 1585587315.414962}, "device": "cpu", "nd_range": {"device_start": 2255089.681060602, "device_end": 2255089.68131149}, "cmdq": 2, "read": {"device_start": -1, "device_end": -1}}, "FFC_sans_bias34": {"write": {"device_start": -1, "host_queued_start": 1585587315.410935, "device_queued": -1, "device_end": -1, "host_queued_end": 1585587315.414962}, "device": "cpu", "nd_range": {"device_start": 2255089.788394237, "device_end": 2255089.803947835}, "cmdq": 2, "read": {"device_start": -1, "device_end": -1}}, "FFC_sans_bias15": {"write": {"device_start": -1, "host_queued_start": 1585587315.404762, "device_queued": -1, "device_end": -1, "host_queued_end": 1585587315.414962}, "device": "cpu", "nd_range": {"device_start": 2255089.750640174, "device_end": 2255089.771684082}, "cmdq": 2, "read": {"device_start": -1, "device_end": -1}}, "FFC_sans_bias31": {"write": {"device_start": -1, "host_queued_start": 1585587315.400432, "device_queued": -1, "device_end": -1, "host_queued_end": 1585587315.414962}, "device": "cpu", "nd_range": {"device_start": 2255089.732880122, "device_end": 2255089.7519359053}, "cmdq": 3, "read": {"device_start": -1, "device_end": -1}}, "FFC_sans_bias16": {"write": {"device_start": -1, "host_queued_start": 1585587315.408947, "device_queued": -1, "device_end": -1, "host_queued_end": 1585587315.414962}, "device": "cpu", "nd_range": {"device_start": 2255089.7994440063, "device_end": 2255089.811560526}, "cmdq": 0, "read": {"device_start": -1, "device_end": -1}}, "FFC_sans_bias19": {"write": {"device_start": -1, "host_queued_start": 1585587315.379549, "device_queued": -1, "device_end": -1, "host_queued_end": 1585587315.414962}, "device": "cpu", "nd_range": {"device_start": 2255089.621746294, "device_end": 2255089.6379137184}, "cmdq": 0, "read": {"device_start": -1, "device_end": -1}}, "FFC_sans_bias18": {"write": {"device_start": -1, "host_queued_start": 1585587315.378493, "device_queued": -1, "device_end": -1, "host_queued_end": 1585587315.414962}, "device": "cpu", "nd_range": {"device_start": 2255089.620333536, "device_end": 2255089.635663079}, "cmdq": 4, "read": {"device_start": -1, "device_end": -1}}, "coalesced_transpose30": {"write": {"device_start": -1, "host_queued_start": 1585587315.397741, "device_queued": -1, "device_end": -1, "host_queued_end": 1585587315.414962}, "device": "cpu", "nd_range": {"device_start": 2255089.708841856, "device_end": 2255089.709079928}, "cmdq": 0, "read": {"device_start": -1, "device_end": -1}}, "FFC_sans_bias69": {"write": {"device_start": -1, "host_queued_start": 1585587315.406914, "device_queued": -1, "device_end": -1, "host_queued_end": 1585587315.414962}, "device": "cpu", "nd_range": {"device_start": 2255089.768319752, "device_end": 2255089.78391373}, "cmdq": 3, "read": {"device_start": -1, "device_end": -1}}, "FFC_sans_bias38": {"write": {"device_start": -1, "host_queued_start": 1585587315.386942, "device_queued": -1, "device_end": -1, "host_queued_end": 1585587315.414962}, "device": "cpu", "nd_range": {"device_start": 2255089.65029946, "device_end": 2255089.665658344}, "cmdq": 2, "read": {"device_start": -1, "device_end": -1}}, "coalesced_transpose57": {"write": {"device_start": -1, "host_queued_start": 1585587315.398733, "device_queued": -1, "device_end": -1, "host_queued_end": 1585587315.414962}, "device": "cpu", "nd_range": {"device_start": 2255089.7325371583, "device_end": 2255089.7327690893}, "cmdq": 3, "read": {"device_start": -1, "device_end": -1}}, "empty26": {"write": {"device_start": -1, "host_queued_start": 1585587315.366835, "device_queued": -1, "device_end": -1, "host_queued_end": 1585587315.414962}, "device": "cpu", "nd_range": {"device_start": 2255089.604660882, "device_end": 2255089.60466512}, "cmdq": 2, "read": {"device_start": -1, "device_end": -1}}, "coalesced_transpose12": {"write": {"device_start": -1, "host_queued_start": 1585587315.39708, "device_queued": -1, "device_end": -1, "host_queued_end": 1585587315.414962}, "device": "cpu", "nd_range": {"device_start": 2255089.732325861, "device_end": 2255089.7324229153}, "cmdq": 3, "read": {"device_start": -1, "device_end": -1}}, "empty44": {"write": {"device_start": -1, "host_queued_start": 1585587315.368501, "device_queued": -1, "device_end": -1, "host_queued_end": 1585587315.414962}, "device": "cpu", "nd_range": {"device_start": 2255089.604616608, "device_end": 2255089.604629578}, "cmdq": 4, "read": {"device_start": -1, "device_end": -1}}, "coalesced_transpose21": {"write": {"device_start": -1, "host_queued_start": 1585587315.397409, "device_queued": -1, "device_end": -1, "host_queued_end": 1585587315.414962}, "device": "cpu", "nd_range": {"device_start": 2255089.68198262, "device_end": 2255089.6822336824}, "cmdq": 4, "read": {"device_start": -1, "device_end": -1}}, "FFC_sans_bias36": {"write": {"device_start": -1, "host_queued_start": 1585587315.3848, "device_queued": -1, "device_end": -1, "host_queued_end": 1585587315.414962}, "device": "cpu", "nd_range": {"device_start": 2255089.63802493, "device_end": 2255089.654048852}, "cmdq": 0, "read": {"device_start": -1, "device_end": -1}}, "softmax14": {"write": {"device_start": -1, "host_queued_start": 1585587315.402408, "device_queued": -1, "device_end": -1, "host_queued_end": 1585587315.414962}, "device": "cpu", "nd_range": {"device_start": 2255089.7504164153, "device_end": 2255089.7506298083}, "cmdq": 4, "read": {"device_start": -1, "device_end": -1}}, "FFC_sans_bias13": {"write": {"device_start": -1, "host_queued_start": 1585587315.399743, "device_queued": -1, "device_end": -1, "host_queued_end": 1585587315.414962}, "device": "cpu", "nd_range": {"device_start": 2255089.7325349413, "device_end": 2255089.741158244}, "cmdq": 1, "read": {"device_start": -1, "device_end": -1}}, "empty8": {"write": {"device_start": -1, "host_queued_start": 1585587315.364921, "device_queued": -1, "device_end": -1, "host_queued_end": 1585587315.414962}, "device": "cpu", "nd_range": {"device_start": 2255089.604652488, "device_end": 2255089.604653392}, "cmdq": 0, "read": {"device_start": -1, "device_end": -1}}, "FFC_sans_bias42": {"write": {"device_start": -1, "host_queued_start": 1585587315.405876, "device_queued": -1, "device_end": -1, "host_queued_end": 1585587315.414962}, "device": "cpu", "nd_range": {"device_start": 2255089.738167039, "device_end": 2255089.7504069633}, "cmdq": 0, "read": {"device_start": -1, "device_end": -1}}, "FFC_sans_bias43": {"write": {"device_start": -1, "host_queued_start": 1585587315.411927, "device_queued": -1, "device_end": -1, "host_queued_end": 1585587315.414962}, "device": "cpu", "nd_range": {"device_start": 2255089.784051827, "device_end": 2255089.799438728}, "cmdq": 3, "read": {"device_start": -1, "device_end": -1}}, "FFC_sans_bias40": {"write": {"device_start": -1, "host_queued_start": 1585587315.40077, "device_queued": -1, "device_end": -1, "host_queued_end": 1585587315.414962}, "device": "cpu", "nd_range": {"device_start": 2255089.7190711573, "device_end": 2255089.7370753554}, "cmdq": 4, "read": {"device_start": -1, "device_end": -1}}, "softmax32": {"write": {"device_start": -1, "host_queued_start": 1585587315.402962, "device_queued": -1, "device_end": -1, "host_queued_end": 1585587315.414962}, "device": "cpu", "nd_range": {"device_start": 2255089.753210857, "device_end": 2255089.753430901}, "cmdq": 1, "read": {"device_start": -1, "device_end": -1}}, "FFC_sans_bias47": {"write": {"device_start": -1, "host_queued_start": 1585587315.390097, "device_queued": -1, "device_end": -1, "host_queued_end": 1585587315.414962}, "device": "cpu", "nd_range": {"device_start": 2255089.6541625774, "device_end": 2255089.6698146514}, "cmdq": 0, "read": {"device_start": -1, "device_end": -1}}, "FFC_sans_bias45": {"write": {"device_start": -1, "host_queued_start": 1585587315.387987, "device_queued": -1, "device_end": -1, "host_queued_end": 1585587315.414962}, "device": "cpu", "nd_range": {"device_start": 2255089.7080386733, "device_end": 2255089.720935257}, "cmdq": 3, "read": {"device_start": -1, "device_end": -1}}, "softmax50": {"write": {"device_start": -1, "host_queued_start": 1585587315.40351, "device_queued": -1, "device_end": -1, "host_queued_end": 1585587315.414962}, "device": "cpu", "nd_range": {"device_start": 2255089.752375501, "device_end": 2255089.7525895373}, "cmdq": 3, "read": {"device_start": -1, "device_end": -1}}, "FFC_sans_bias33": {"write": {"device_start": -1, "host_queued_start": 1585587315.405501, "device_queued": -1, "device_end": -1, "host_queued_end": 1585587315.414962}, "device": "cpu", "nd_range": {"device_start": 2255089.756526254, "device_end": 2255089.77094514}, "cmdq": 4, "read": {"device_start": -1, "device_end": -1}}, "FFC_sans_bias63": {"write": {"device_start": -1, "host_queued_start": 1585587315.396411, "device_queued": -1, "device_end": -1, "host_queued_end": 1585587315.414962}, "device": "cpu", "nd_range": {"device_start": 2255089.6941911993, "device_end": 2255089.718294409}, "cmdq": 1, "read": {"device_start": -1, "device_end": -1}}, "FFC_sans_bias49": {"write": {"device_start": -1, "host_queued_start": 1585587315.401165, "device_queued": -1, "device_end": -1, "host_queued_end": 1585587315.414962}, "device": "cpu", "nd_range": {"device_start": 2255089.719401835, "device_end": 2255089.737296443}, "cmdq": 0, "read": {"device_start": -1, "device_end": -1}}, "FFC_sans_bias64": {"write": {"device_start": -1, "host_queued_start": 1585587315.394307, "device_queued": -1, "device_end": -1, "host_queued_end": 1585587315.414962}, "device": "cpu", "nd_range": {"device_start": 2255089.666568544, "device_end": 2255089.681865295}, "cmdq": 4, "read": {"device_start": -1, "device_end": -1}}, "FFC_sans_bias65": {"write": {"device_start": -1, "host_queued_start": 1585587315.395363, "device_queued": -1, "device_end": -1, "host_queued_end": 1585587315.414962}, "device": "cpu", "nd_range": {"device_start": 2255089.669936681, "device_end": 2255089.686576948}, "cmdq": 0, "read": {"device_start": -1, "device_end": -1}}, "FFC_sans_bias67": {"write": {"device_start": -1, "host_queued_start": 1585587315.401854, "device_queued": -1, "device_end": -1, "host_queued_end": 1585587315.414962}, "device": "cpu", "nd_range": {"device_start": 2255089.697075339, "device_end": 2255089.7111076}, "cmdq": 2, "read": {"device_start": -1, "device_end": -1}}, "FFC_sans_bias24": {"write": {"device_start": -1, "host_queued_start": 1585587315.405122, "device_queued": -1, "device_end": -1, "host_queued_end": 1585587315.414962}, "device": "cpu", "nd_range": {"device_start": 2255089.752696954, "device_end": 2255089.76819913}, "cmdq": 3, "read": {"device_start": -1, "device_end": -1}}, "FFC_sans_bias25": {"write": {"device_start": -1, "host_queued_start": 1585587315.409936, "device_queued": -1, "device_end": -1, "host_queued_end": 1585587315.414962}, "device": "cpu", "nd_range": {"device_start": 2255089.7840576153, "device_end": 2255089.799327488}, "cmdq": 1, "read": {"device_start": -1, "device_end": -1}}, "FFC_sans_bias27": {"write": {"device_start": -1, "host_queued_start": 1585587315.381644, "device_queued": -1, "device_end": -1, "host_queued_end": 1585587315.414962}, "device": "cpu", "nd_range": {"device_start": 2255089.635015965, "device_end": 2255089.650292523}, "cmdq": 2, "read": {"device_start": -1, "device_end": -1}}, "FFC_sans_bias20": {"write": {"device_start": -1, "host_queued_start": 1585587315.3806, "device_queued": -1, "device_end": -1, "host_queued_end": 1585587315.414962}, "device": "cpu", "nd_range": {"device_start": 2255089.623819741, "device_end": 2255089.6471743463}, "cmdq": 1, "read": {"device_start": -1, "device_end": -1}}, "FFC_sans_bias22": {"write": {"device_start": -1, "host_queued_start": 1585587315.400091, "device_queued": -1, "device_end": -1, "host_queued_end": 1585587315.414962}, "device": "cpu", "nd_range": {"device_start": 2255089.682689025, "device_end": 2255089.6970395613}, "cmdq": 2, "read": {"device_start": -1, "device_end": -1}}, "softmax68": {"write": {"device_start": -1, "host_queued_start": 1585587315.404054, "device_queued": -1, "device_end": -1, "host_queued_end": 1585587315.414962}, "device": "cpu", "nd_range": {"device_start": 2255089.737842432, "device_end": 2255089.7380585703}, "cmdq": 0, "read": {"device_start": -1, "device_end": -1}}, "softmax5": {"write": {"device_start": -1, "host_queued_start": 1585587315.402135, "device_queued": -1, "device_end": -1, "host_queued_end": 1585587315.414962}, "device": "cpu", "nd_range": {"device_start": 2255089.752050497, "device_end": 2255089.752267546}, "cmdq": 3, "read": {"device_start": -1, "device_end": -1}}, "FFC_sans_bias28": {"write": {"device_start": -1, "host_queued_start": 1585587315.382713, "device_queued": -1, "device_end": -1, "host_queued_end": 1585587315.414962}, "device": "cpu", "nd_range": {"device_start": 2255089.6970199053, "device_end": 2255089.708029536}, "cmdq": 3, "read": {"device_start": -1, "device_end": -1}}, "FFC_sans_bias29": {"write": {"device_start": -1, "host_queued_start": 1585587315.38376, "device_queued": -1, "device_end": -1, "host_queued_end": 1585587315.414962}, "device": "cpu", "nd_range": {"device_start": 2255089.635782312, "device_end": 2255089.651095009}, "cmdq": 4, "read": {"device_start": -1, "device_end": -1}}, "empty17": {"write": {"device_start": -1, "host_queued_start": 1585587315.365955, "device_queued": -1, "device_end": -1, "host_queued_end": 1585587315.414962}, "device": "cpu", "nd_range": {"device_start": 2255089.6046525403, "device_end": 2255089.604653508}, "cmdq": 1, "read": {"device_start": -1, "device_end": -1}}, "softmax59": {"write": {"device_start": -1, "host_queued_start": 1585587315.403783, "device_queued": -1, "device_end": -1, "host_queued_end": 1585587315.414962}, "device": "cpu", "nd_range": {"device_start": 2255089.7563095153, "device_end": 2255089.756519433}, "cmdq": 4, "read": {"device_start": -1, "device_end": -1}}, "empty71": {"write": {"device_start": -1, "host_queued_start": 1585587315.371059, "device_queued": -1, "device_end": -1, "host_queued_end": 1585587315.414962}, "device": "cpu", "nd_range": {"device_start": 2255089.604683349, "device_end": 2255089.604684696}, "cmdq": 2, "read": {"device_start": -1, "device_end": -1}}, "empty35": {"write": {"device_start": -1, "host_queued_start": 1585587315.367671, "device_queued": -1, "device_end": -1, "host_queued_end": 1585587315.414962}, "device": "cpu", "nd_range": {"device_start": 2255089.6046165563, "device_end": 2255089.604629576}, "cmdq": 3, "read": {"device_start": -1, "device_end": -1}}, "empty53": {"write": {"device_start": -1, "host_queued_start": 1585587315.369335, "device_queued": -1, "device_end": -1, "host_queued_end": 1585587315.414962}, "device": "cpu", "nd_range": {"device_start": 2255089.6046643103, "device_end": 2255089.604665038}, "cmdq": 0, "read": {"device_start": -1, "device_end": -1}}, "FFC_sans_bias46": {"write": {"device_start": -1, "host_queued_start": 1585587315.389029, "device_queued": -1, "device_end": -1, "host_queued_end": 1585587315.414962}, "device": "cpu", "nd_range": {"device_start": 2255089.651212062, "device_end": 2255089.666447023}, "cmdq": 4, "read": {"device_start": -1, "device_end": -1}}, "coalesced_transpose66": {"write": {"device_start": -1, "host_queued_start": 1585587315.39906, "device_queued": -1, "device_end": -1, "host_queued_end": 1585587315.414962}, "device": "cpu", "nd_range": {"device_start": 2255089.6823440893, "device_end": 2255089.682581984}, "cmdq": 4, "read": {"device_start": -1, "device_end": -1}}, "coalesced_transpose48": {"write": {"device_start": -1, "host_queued_start": 1585587315.398397, "device_queued": -1, "device_end": -1, "host_queued_end": 1585587315.414962}, "device": "cpu", "nd_range": {"device_start": 2255089.6814273493, "device_end": 2255089.6816686913}, "cmdq": 2, "read": {"device_start": -1, "device_end": -1}}}