{"FFC_sans_bias60": {"write": {"device_start": -1, "host_queued_start": 1585587696.962568, "device_queued": -1, "device_end": -1, "host_queued_end": 1585587696.970331}, "device": "gpu", "nd_range": {"device_start": 1585587631.5439777, "device_end": 1585587631.5451813}, "cmdq": 4, "read": {"device_start": -1, "device_end": -1}}, "FFC_sans_bias4": {"write": {"device_start": -1, "host_queued_start": 1585587696.977082, "device_queued": -1, "device_end": -1, "host_queued_end": 1585587696.979129}, "device": "cpu", "nd_range": {"device_start": 2255471.181404894, "device_end": 2255471.1854977543}, "cmdq": 0, "read": {"device_start": -1, "device_end": -1}}, "FFC_sans_bias7": {"write": {"device_start": -1, "host_queued_start": 1585587696.979083, "device_queued": -1, "device_end": -1, "host_queued_end": 1585587696.979129}, "device": "cpu", "nd_range": {"device_start": 2255471.190739882, "device_end": 2255471.2043476193}, "cmdq": 0, "read": {"device_start": -1, "device_end": -1}}, "FFC_sans_bias6": {"write": {"device_start": -1, "host_queued_start": 1585587696.977755, "device_queued": -1, "device_end": -1, "host_queued_end": 1585587696.979129}, "device": "cpu", "nd_range": {"device_start": 2255471.185768519, "device_end": 2255471.190695628}, "cmdq": 0, "read": {"device_start": -1, "device_end": -1}}, "FFC_sans_bias1": {"write": {"device_start": -1, "host_queued_start": 1585587696.974837, "device_queued": -1, "device_end": -1, "host_queued_end": 1585587696.979129}, "device": "cpu", "nd_range": {"device_start": 2255471.172915119, "device_end": 2255471.17697833}, "cmdq": 0, "read": {"device_start": -1, "device_end": -1}}, "FFC_sans_bias0": {"write": {"device_start": -1, "host_queued_start": 1585587696.973515, "device_queued": -1, "device_end": -1, "host_queued_end": 1585587696.979129}, "device": "cpu", "nd_range": {"device_start": 2255471.168729762, "device_end": 2255471.172886027}, "cmdq": 0, "read": {"device_start": -1, "device_end": -1}}, "FFC_sans_bias2": {"write": {"device_start": -1, "host_queued_start": 1585587696.976276, "device_queued": -1, "device_end": -1, "host_queued_end": 1585587696.979129}, "device": "cpu", "nd_range": {"device_start": 2255471.176985906, "device_end": 2255471.181101201}, "cmdq": 0, "read": {"device_start": -1, "device_end": -1}}, "FFC_sans_bias61": {"write": {"device_start": 1585587631.5468903, "host_queued_start": 1585587696.969176, "device_queued": 1585587631.5299022, "device_end": 1585587631.5469162, "host_queued_end": 1585587696.970331}, "device": "gpu", "nd_range": {"device_start": 1585587631.546927, "device_end": 1585587631.5485656}, "cmdq": 1, "read": {"device_start": 1585587631.5485723, "device_end": 1585587631.5485945}}, "FFC_sans_bias52": {"write": {"device_start": 1585587631.545802, "host_queued_start": 1585587696.968134, "device_queued": 1585587631.5297778, "device_end": 1585587631.545827, "host_queued_end": 1585587696.970331}, "device": "gpu", "nd_range": {"device_start": 1585587631.545838, "device_end": 1585587631.548101}, "cmdq": 0, "read": {"device_start": 1585587631.5481036, "device_end": 1585587631.5481262}}, "FFC_sans_bias9": {"write": {"device_start": 1585587631.5255206, "host_queued_start": 1585587696.933281, "device_queued": 1585587631.5251396, "device_end": 1585587631.525564, "host_queued_end": 1585587696.970331}, "device": "gpu", "nd_range": {"device_start": 1585587631.5255764, "device_end": 1585587631.5261836}, "cmdq": 2, "read": {"device_start": -1, "device_end": -1}}, "coalesced_transpose39": {"write": {"device_start": -1, "host_queued_start": 1585587696.955666, "device_queued": -1, "device_end": -1, "host_queued_end": 1585587696.970331}, "device": "gpu", "nd_range": {"device_start": 1585587631.5377078, "device_end": 1585587631.5385005}, "cmdq": 1, "read": {"device_start": -1, "device_end": -1}}, "FFC_sans_bias55": {"write": {"device_start": 1585587631.5320914, "host_queued_start": 1585587696.951276, "device_queued": 1585587631.5270324, "device_end": 1585587631.532123, "host_queued_end": 1585587696.970331}, "device": "gpu", "nd_range": {"device_start": 1585587631.5321379, "device_end": 1585587631.5343773}, "cmdq": 4, "read": {"device_start": -1, "device_end": -1}}, "FFC_sans_bias54": {"write": {"device_start": 1585587631.531606, "host_queued_start": 1585587696.950235, "device_queued": 1585587631.5270154, "device_end": 1585587631.531638, "host_queued_end": 1585587696.970331}, "device": "gpu", "nd_range": {"device_start": 1585587631.5316415, "device_end": 1585587631.5339272}, "cmdq": 3, "read": {"device_start": -1, "device_end": -1}}, "FFC_sans_bias56": {"write": {"device_start": 1585587631.5311103, "host_queued_start": 1585587696.949198, "device_queued": 1585587631.5269845, "device_end": 1585587631.5311358, "host_queued_end": 1585587696.970331}, "device": "gpu", "nd_range": {"device_start": 1585587631.5311432, "device_end": 1585587631.5334013}, "cmdq": 2, "read": {"device_start": -1, "device_end": -1}}, "FFC_sans_bias51": {"write": {"device_start": -1, "host_queued_start": 1585587696.962166, "device_queued": -1, "device_end": -1, "host_queued_end": 1585587696.970331}, "device": "gpu", "nd_range": {"device_start": 1585587631.5439684, "device_end": 1585587631.5447369}, "cmdq": 3, "read": {"device_start": -1, "device_end": -1}}, "softmax23": {"write": {"device_start": -1, "host_queued_start": 1585587696.959324, "device_queued": -1, "device_end": -1, "host_queued_end": 1585587696.970331}, "device": "gpu", "nd_range": {"device_start": 1585587631.5411365, "device_end": 1585587631.5421708}, "cmdq": 3, "read": {"device_start": -1, "device_end": -1}}, "FFC_sans_bias37": {"write": {"device_start": 1585587631.5287032, "host_queued_start": 1585587696.943949, "device_queued": 1585587631.5263543, "device_end": 1585587631.5287352, "host_queued_end": 1585587696.970331}, "device": "gpu", "nd_range": {"device_start": 1585587631.5287414, "device_end": 1585587631.5309968}, "cmdq": 2, "read": {"device_start": -1, "device_end": -1}}, "empty62": {"write": {"device_start": 1585587631.5253162, "host_queued_start": 1585587696.931496, "device_queued": 1585587631.5250745, "device_end": 1585587631.5254061, "host_queued_end": 1585587696.970331}, "device": "gpu", "nd_range": {"device_start": 1585587631.5254138, "device_end": 1585587631.52542}, "cmdq": 0, "read": {"device_start": -1, "device_end": -1}}, "FFC_sans_bias70": {"write": {"device_start": 1585587631.547741, "host_queued_start": 1585587696.970231, "device_queued": 1585587631.530022, "device_end": 1585587631.5477664, "host_queued_end": 1585587696.970331}, "device": "gpu", "nd_range": {"device_start": 1585587631.547774, "device_end": 1585587631.5490012}, "cmdq": 2, "read": {"device_start": 1585587631.549008, "device_end": 1585587631.54903}}, "FFC_sans_bias58": {"write": {"device_start": -1, "host_queued_start": 1585587696.958507, "device_queued": -1, "device_end": -1, "host_queued_end": 1585587696.970331}, "device": "gpu", "nd_range": {"device_start": 1585587631.538718, "device_end": 1585587631.540116}, "cmdq": 0, "read": {"device_start": -1, "device_end": -1}}, "softmax41": {"write": {"device_start": -1, "host_queued_start": 1585587696.959824, "device_queued": -1, "device_end": -1, "host_queued_end": 1585587696.970331}, "device": "gpu", "nd_range": {"device_start": 1585587631.5401263, "device_end": 1585587631.5421884}, "cmdq": 0, "read": {"device_start": -1, "device_end": -1}}, "FFC_sans_bias11": {"write": {"device_start": 1585587631.5257397, "host_queued_start": 1585587696.935541, "device_queued": 1585587631.5253265, "device_end": 1585587631.525817, "host_queued_end": 1585587696.970331}, "device": "gpu", "nd_range": {"device_start": 1585587631.525825, "device_end": 1585587631.5271764}, "cmdq": 4, "read": {"device_start": -1, "device_end": -1}}, "FFC_sans_bias10": {"write": {"device_start": 1585587631.5256279, "host_queued_start": 1585587696.934327, "device_queued": 1585587631.5252988, "device_end": 1585587631.5257034, "host_queued_end": 1585587696.970331}, "device": "gpu", "nd_range": {"device_start": 1585587631.5257118, "device_end": 1585587631.5265908}, "cmdq": 3, "read": {"device_start": -1, "device_end": -1}}, "coalesced_transpose3": {"write": {"device_start": -1, "host_queued_start": 1585587696.976667, "device_queued": -1, "device_end": -1, "host_queued_end": 1585587696.979129}, "device": "cpu", "nd_range": {"device_start": 2255471.181120241, "device_end": 2255471.181257865}, "cmdq": 0, "read": {"device_start": -1, "device_end": -1}}, "FFC_sans_bias34": {"write": {"device_start": 1585587631.544826, "host_queued_start": 1585587696.966045, "device_queued": 1585587631.5291965, "device_end": 1585587631.5448515, "host_queued_end": 1585587696.970331}, "device": "gpu", "nd_range": {"device_start": 1585587631.5451984, "device_end": 1585587631.5466309}, "cmdq": 3, "read": {"device_start": 1585587631.5466385, "device_end": 1585587631.5466616}}, "FFC_sans_bias15": {"write": {"device_start": -1, "host_queued_start": 1585587696.960894, "device_queued": -1, "device_end": -1, "host_queued_end": 1585587696.970331}, "device": "gpu", "nd_range": {"device_start": 1585587631.5421855, "device_end": 1585587631.5427902}, "cmdq": 4, "read": {"device_start": -1, "device_end": -1}}, "FFC_sans_bias31": {"write": {"device_start": -1, "host_queued_start": 1585587696.957545, "device_queued": -1, "device_end": -1, "host_queued_end": 1585587696.970331}, "device": "gpu", "nd_range": {"device_start": 1585587631.5390005, "device_end": 1585587631.5405667}, "cmdq": 2, "read": {"device_start": -1, "device_end": -1}}, "FFC_sans_bias16": {"write": {"device_start": 1585587631.5449362, "host_queued_start": 1585587696.963912, "device_queued": 1585587631.5292501, "device_end": 1585587631.5449617, "host_queued_end": 1585587696.970331}, "device": "gpu", "nd_range": {"device_start": 1585587631.544973, "device_end": 1585587631.5461586}, "cmdq": 1, "read": {"device_start": 1585587631.5467377, "device_end": 1585587631.546761}}, "FFC_sans_bias19": {"write": {"device_start": 1585587631.5259128, "host_queued_start": 1585587696.937651, "device_queued": 1585587631.5256562, "device_end": 1585587631.525939, "host_queued_end": 1585587696.970331}, "device": "gpu", "nd_range": {"device_start": 1585587631.525947, "device_end": 1585587631.5281394}, "cmdq": 1, "read": {"device_start": -1, "device_end": -1}}, "FFC_sans_bias18": {"write": {"device_start": 1585587631.5258195, "host_queued_start": 1585587696.936602, "device_queued": 1585587631.5256038, "device_end": 1585587631.525854, "host_queued_end": 1585587696.970331}, "device": "gpu", "nd_range": {"device_start": 1585587631.5258572, "device_end": 1585587631.5275805}, "cmdq": 0, "read": {"device_start": -1, "device_end": -1}}, "coalesced_transpose30": {"write": {"device_start": -1, "host_queued_start": 1585587696.95536, "device_queued": -1, "device_end": -1, "host_queued_end": 1585587696.970331}, "device": "gpu", "nd_range": {"device_start": 1585587631.534842, "device_end": 1585587631.5348659}, "cmdq": 0, "read": {"device_start": -1, "device_end": -1}}, "FFC_sans_bias69": {"write": {"device_start": -1, "host_queued_start": 1585587696.962899, "device_queued": -1, "device_end": -1, "host_queued_end": 1585587696.970331}, "device": "gpu", "nd_range": {"device_start": 1585587631.5439878, "device_end": 1585587631.545692}, "cmdq": 0, "read": {"device_start": -1, "device_end": -1}}, "FFC_sans_bias38": {"write": {"device_start": 1585587631.5292366, "host_queued_start": 1585587696.944988, "device_queued": 1585587631.526387, "device_end": 1585587631.5292683, "host_queued_end": 1585587696.970331}, "device": "gpu", "nd_range": {"device_start": 1585587631.529276, "device_end": 1585587631.531486}, "cmdq": 3, "read": {"device_start": -1, "device_end": -1}}, "coalesced_transpose57": {"write": {"device_start": -1, "host_queued_start": 1585587696.956273, "device_queued": -1, "device_end": -1, "host_queued_end": 1585587696.970331}, "device": "gpu", "nd_range": {"device_start": 1585587631.5347688, "device_end": 1585587631.5347931}, "cmdq": 3, "read": {"device_start": -1, "device_end": -1}}, "empty26": {"write": {"device_start": 1585587631.5248833, "host_queued_start": 1585587696.928108, "device_queued": 1585587631.524751, "device_end": 1585587631.5249567, "host_queued_end": 1585587696.970331}, "device": "gpu", "nd_range": {"device_start": 1585587631.5250173, "device_end": 1585587631.5250542}, "cmdq": 1, "read": {"device_start": -1, "device_end": -1}}, "coalesced_transpose12": {"write": {"device_start": -1, "host_queued_start": 1585587696.954739, "device_queued": -1, "device_end": -1, "host_queued_end": 1585587696.970331}, "device": "gpu", "nd_range": {"device_start": 1585587631.5339286, "device_end": 1585587631.534758}, "cmdq": 3, "read": {"device_start": -1, "device_end": -1}}, "empty44": {"write": {"device_start": 1585587631.5250978, "host_queued_start": 1585587696.929791, "device_queued": 1585587631.5247998, "device_end": 1585587631.5251641, "host_queued_end": 1585587696.970331}, "device": "gpu", "nd_range": {"device_start": 1585587631.52517, "device_end": 1585587631.5251758}, "cmdq": 3, "read": {"device_start": -1, "device_end": -1}}, "coalesced_transpose21": {"write": {"device_start": -1, "host_queued_start": 1585587696.955056, "device_queued": -1, "device_end": -1, "host_queued_end": 1585587696.970331}, "device": "gpu", "nd_range": {"device_start": 1585587631.5343783, "device_end": 1585587631.5347714}, "cmdq": 4, "read": {"device_start": -1, "device_end": -1}}, "FFC_sans_bias36": {"write": {"device_start": 1585587631.5282552, "host_queued_start": 1585587696.942919, "device_queued": 1585587631.526334, "device_end": 1585587631.5282872, "host_queued_end": 1585587696.970331}, "device": "gpu", "nd_range": {"device_start": 1585587631.528294, "device_end": 1585587631.5305395}, "cmdq": 1, "read": {"device_start": -1, "device_end": -1}}, "softmax14": {"write": {"device_start": -1, "host_queued_start": 1585587696.959079, "device_queued": -1, "device_end": -1, "host_queued_end": 1585587696.970331}, "device": "gpu", "nd_range": {"device_start": 1585587631.540578, "device_end": 1585587631.5421576}, "cmdq": 2, "read": {"device_start": -1, "device_end": -1}}, "FFC_sans_bias13": {"write": {"device_start": -1, "host_queued_start": 1585587696.956896, "device_queued": -1, "device_end": -1, "host_queued_end": 1585587696.970331}, "device": "gpu", "nd_range": {"device_start": 1585587631.53714, "device_end": 1585587631.5381}, "cmdq": 0, "read": {"device_start": -1, "device_end": -1}}, "empty8": {"write": {"device_start": -1, "host_queued_start": 1585587696.972007, "device_queued": -1, "device_end": -1, "host_queued_end": 1585587696.979129}, "device": "cpu", "nd_range": {"device_start": 2255471.1687030033, "device_end": 2255471.16871292}, "cmdq": 0, "read": {"device_start": -1, "device_end": -1}}, "FFC_sans_bias42": {"write": {"device_start": -1, "host_queued_start": 1585587696.961848, "device_queued": -1, "device_end": -1, "host_queued_end": 1585587696.970331}, "device": "gpu", "nd_range": {"device_start": 1585587631.5425572, "device_end": 1585587631.5441973}, "cmdq": 2, "read": {"device_start": -1, "device_end": -1}}, "FFC_sans_bias43": {"write": {"device_start": 1585587631.5452898, "host_queued_start": 1585587696.967093, "device_queued": 1585587631.5292277, "device_end": 1585587631.5453207, "host_queued_end": 1585587696.970331}, "device": "gpu", "nd_range": {"device_start": 1585587631.5453413, "device_end": 1585587631.5471315}, "cmdq": 4, "read": {"device_start": 1585587631.5471356, "device_end": 1585587631.547161}}, "FFC_sans_bias40": {"write": {"device_start": -1, "host_queued_start": 1585587696.957866, "device_queued": -1, "device_end": -1, "host_queued_end": 1585587696.970331}, "device": "gpu", "nd_range": {"device_start": 1585587631.5387053, "device_end": 1585587631.539606}, "cmdq": 3, "read": {"device_start": -1, "device_end": -1}}, "softmax32": {"write": {"device_start": -1, "host_queued_start": 1585587696.959574, "device_queued": -1, "device_end": -1, "host_queued_end": 1585587696.970331}, "device": "gpu", "nd_range": {"device_start": 1585587631.5411208, "device_end": 1585587631.5421755}, "cmdq": 4, "read": {"device_start": -1, "device_end": -1}}, "FFC_sans_bias47": {"write": {"device_start": 1585587631.5306566, "host_queued_start": 1585587696.948167, "device_queued": 1585587631.5268571, "device_end": 1585587631.5306814, "host_queued_end": 1585587696.970331}, "device": "gpu", "nd_range": {"device_start": 1585587631.5306897, "device_end": 1585587631.5329611}, "cmdq": 1, "read": {"device_start": -1, "device_end": -1}}, "FFC_sans_bias45": {"write": {"device_start": 1585587631.5296779, "host_queued_start": 1585587696.946046, "device_queued": 1585587631.5265217, "device_end": 1585587631.5297105, "host_queued_end": 1585587696.970331}, "device": "gpu", "nd_range": {"device_start": 1585587631.5297174, "device_end": 1585587631.5319662}, "cmdq": 4, "read": {"device_start": -1, "device_end": -1}}, "softmax50": {"write": {"device_start": -1, "host_queued_start": 1585587696.960072, "device_queued": -1, "device_end": -1, "host_queued_end": 1585587696.970331}, "device": "gpu", "nd_range": {"device_start": 1585587631.5415404, "device_end": 1585587631.5417438}, "cmdq": 1, "read": {"device_start": -1, "device_end": -1}}, "FFC_sans_bias33": {"write": {"device_start": -1, "host_queued_start": 1585587696.961532, "device_queued": -1, "device_end": -1, "host_queued_end": 1585587696.970331}, "device": "gpu", "nd_range": {"device_start": 1585587631.5422084, "device_end": 1585587631.5437703}, "cmdq": 1, "read": {"device_start": -1, "device_end": -1}}, "FFC_sans_bias63": {"write": {"device_start": 1585587631.5370843, "host_queued_start": 1585587696.9544, "device_queued": 1585587631.5275152, "device_end": 1585587631.5371182, "host_queued_end": 1585587696.970331}, "device": "gpu", "nd_range": {"device_start": 1585587631.5371454, "device_end": 1585587631.5386817}, "cmdq": 2, "read": {"device_start": -1, "device_end": -1}}, "FFC_sans_bias49": {"write": {"device_start": -1, "host_queued_start": 1585587696.958185, "device_queued": -1, "device_end": -1, "host_queued_end": 1585587696.970331}, "device": "gpu", "nd_range": {"device_start": 1585587631.5390162, "device_end": 1585587631.54111}, "cmdq": 4, "read": {"device_start": -1, "device_end": -1}}, "FFC_sans_bias64": {"write": {"device_start": 1585587631.5325854, "host_queued_start": 1585587696.952315, "device_queued": 1585587631.5272698, "device_end": 1585587631.5326169, "host_queued_end": 1585587696.970331}, "device": "gpu", "nd_range": {"device_start": 1585587631.5326233, "device_end": 1585587631.5348394}, "cmdq": 0, "read": {"device_start": -1, "device_end": -1}}, "FFC_sans_bias65": {"write": {"device_start": 1585587631.5370016, "host_queued_start": 1585587696.953361, "device_queued": 1585587631.527495, "device_end": 1585587631.537078, "host_queued_end": 1585587696.970331}, "device": "gpu", "nd_range": {"device_start": 1585587631.5370848, "device_end": 1585587631.5377004}, "cmdq": 1, "read": {"device_start": -1, "device_end": -1}}, "FFC_sans_bias67": {"write": {"device_start": -1, "host_queued_start": 1585587696.958827, "device_queued": -1, "device_end": -1, "host_queued_end": 1585587696.970331}, "device": "gpu", "nd_range": {"device_start": 1585587631.539135, "device_end": 1585587631.5415306}, "cmdq": 1, "read": {"device_start": -1, "device_end": -1}}, "FFC_sans_bias24": {"write": {"device_start": -1, "host_queued_start": 1585587696.961211, "device_queued": -1, "device_end": -1, "host_queued_end": 1585587696.970331}, "device": "gpu", "nd_range": {"device_start": 1585587631.542199, "device_end": 1585587631.5432057}, "cmdq": 0, "read": {"device_start": -1, "device_end": -1}}, "FFC_sans_bias25": {"write": {"device_start": 1585587631.5454667, "host_queued_start": 1585587696.964964, "device_queued": 1585587631.5294526, "device_end": 1585587631.545494, "host_queued_end": 1585587696.970331}, "device": "gpu", "nd_range": {"device_start": 1585587631.5455084, "device_end": 1585587631.5475929}, "cmdq": 2, "read": {"device_start": 1585587631.5475967, "device_end": 1585587631.5476193}}, "FFC_sans_bias27": {"write": {"device_start": 1585587631.5267208, "host_queued_start": 1585587696.939782, "device_queued": 1585587631.5258915, "device_end": 1585587631.526752, "host_queued_end": 1585587696.970331}, "device": "gpu", "nd_range": {"device_start": 1585587631.526767, "device_end": 1585587631.5290987}, "cmdq": 3, "read": {"device_start": -1, "device_end": -1}}, "FFC_sans_bias20": {"write": {"device_start": 1585587631.526326, "host_queued_start": 1585587696.938756, "device_queued": 1585587631.5258665, "device_end": 1585587631.5263517, "host_queued_end": 1585587696.970331}, "device": "gpu", "nd_range": {"device_start": 1585587631.526355, "device_end": 1585587631.528571}, "cmdq": 2, "read": {"device_start": -1, "device_end": -1}}, "FFC_sans_bias22": {"write": {"device_start": -1, "host_queued_start": 1585587696.957215, "device_queued": -1, "device_end": -1, "host_queued_end": 1585587696.970331}, "device": "gpu", "nd_range": {"device_start": 1585587631.5385134, "device_end": 1585587631.5391252}, "cmdq": 1, "read": {"device_start": -1, "device_end": -1}}, "softmax68": {"write": {"device_start": -1, "host_queued_start": 1585587696.960579, "device_queued": -1, "device_end": -1, "host_queued_end": 1585587696.970331}, "device": "gpu", "nd_range": {"device_start": 1585587631.5422204, "device_end": 1585587631.5439582}, "cmdq": 3, "read": {"device_start": -1, "device_end": -1}}, "softmax5": {"write": {"device_start": -1, "host_queued_start": 1585587696.977404, "device_queued": -1, "device_end": -1, "host_queued_end": 1585587696.979129}, "device": "cpu", "nd_range": {"device_start": 2255471.185504905, "device_end": 2255471.18565113}, "cmdq": 0, "read": {"device_start": -1, "device_end": -1}}, "FFC_sans_bias28": {"write": {"device_start": 1585587631.5273094, "host_queued_start": 1585587696.940812, "device_queued": 1585587631.525912, "device_end": 1585587631.5273402, "host_queued_end": 1585587696.970331}, "device": "gpu", "nd_range": {"device_start": 1585587631.5273433, "device_end": 1585587631.5295482}, "cmdq": 4, "read": {"device_start": -1, "device_end": -1}}, "FFC_sans_bias29": {"write": {"device_start": 1585587631.5276914, "host_queued_start": 1585587696.941856, "device_queued": 1585587631.5261188, "device_end": 1585587631.5277221, "host_queued_end": 1585587696.970331}, "device": "gpu", "nd_range": {"device_start": 1585587631.527726, "device_end": 1585587631.5300465}, "cmdq": 0, "read": {"device_start": -1, "device_end": -1}}, "empty17": {"write": {"device_start": 1585587631.5247471, "host_queued_start": 1585587696.927071, "device_queued": 1585587631.5245907, "device_end": 1585587631.5248008, "host_queued_end": 1585587696.970331}, "device": "gpu", "nd_range": {"device_start": 1585587631.5248044, "device_end": 1585587631.5248091}, "cmdq": 0, "read": {"device_start": -1, "device_end": -1}}, "softmax59": {"write": {"device_start": -1, "host_queued_start": 1585587696.960333, "device_queued": -1, "device_end": -1, "host_queued_end": 1585587696.970331}, "device": "gpu", "nd_range": {"device_start": 1585587631.5421677, "device_end": 1585587631.5425463}, "cmdq": 2, "read": {"device_start": -1, "device_end": -1}}, "empty71": {"write": {"device_start": 1585587631.525442, "host_queued_start": 1585587696.932307, "device_queued": 1585587631.5251174, "device_end": 1585587631.525518, "host_queued_end": 1585587696.970331}, "device": "gpu", "nd_range": {"device_start": 1585587631.5255244, "device_end": 1585587631.5255368}, "cmdq": 1, "read": {"device_start": -1, "device_end": -1}}, "empty35": {"write": {"device_start": 1585587631.5249875, "host_queued_start": 1585587696.928947, "device_queued": 1585587631.5247731, "device_end": 1585587631.5250635, "host_queued_end": 1585587696.970331}, "device": "gpu", "nd_range": {"device_start": 1585587631.5250711, "device_end": 1585587631.5250762}, "cmdq": 2, "read": {"device_start": -1, "device_end": -1}}, "empty53": {"write": {"device_start": 1585587631.5252101, "host_queued_start": 1585587696.930654, "device_queued": 1585587631.5249693, "device_end": 1585587631.5252802, "host_queued_end": 1585587696.970331}, "device": "gpu", "nd_range": {"device_start": 1585587631.525285, "device_end": 1585587631.5252893}, "cmdq": 4, "read": {"device_start": -1, "device_end": -1}}, "FFC_sans_bias46": {"write": {"device_start": 1585587631.5301566, "host_queued_start": 1585587696.947132, "device_queued": 1585587631.526804, "device_end": 1585587631.5301816, "host_queued_end": 1585587696.970331}, "device": "gpu", "nd_range": {"device_start": 1585587631.53019, "device_end": 1585587631.532452}, "cmdq": 0, "read": {"device_start": -1, "device_end": -1}}, "coalesced_transpose66": {"write": {"device_start": -1, "host_queued_start": 1585587696.956577, "device_queued": -1, "device_end": -1, "host_queued_end": 1585587696.970331}, "device": "gpu", "nd_range": {"device_start": 1585587631.534863, "device_end": 1585587631.5348785}, "cmdq": 4, "read": {"device_start": -1, "device_end": -1}}, "coalesced_transpose48": {"write": {"device_start": -1, "host_queued_start": 1585587696.955968, "device_queued": -1, "device_end": -1, "host_queued_end": 1585587696.970331}, "device": "gpu", "nd_range": {"device_start": 1585587631.5386906, "device_end": 1585587631.5389879}, "cmdq": 2, "read": {"device_start": -1, "device_end": -1}}}