{"FFC_sans_bias60": {"write": {"device_start": -1, "host_queued_start": 1585587694.273698, "device_queued": -1, "device_end": -1, "host_queued_end": 1585587694.282574}, "device": "gpu", "nd_range": {"device_start": 1585587628.8548892, "device_end": 1585587628.8573475}, "cmdq": 2, "read": {"device_start": -1, "device_end": -1}}, "FFC_sans_bias4": {"write": {"device_start": -1, "host_queued_start": 1585587694.267199, "device_queued": -1, "device_end": -1, "host_queued_end": 1585587694.282574}, "device": "gpu", "nd_range": {"device_start": 1585587628.8496692, "device_end": 1585587628.8502808}, "cmdq": 0, "read": {"device_start": -1, "device_end": -1}}, "FFC_sans_bias7": {"write": {"device_start": 1585587628.8569672, "host_queued_start": 1585587694.275043, "device_queued": 1585587628.842122, "device_end": 1585587628.8569977, "host_queued_end": 1585587694.282574}, "device": "gpu", "nd_range": {"device_start": 1585587628.8570197, "device_end": 1585587628.8588202}, "cmdq": 4, "read": {"device_start": 1585587628.8588219, "device_end": 1585587628.8588462}}, "FFC_sans_bias6": {"write": {"device_start": -1, "host_queued_start": 1585587694.271806, "device_queued": -1, "device_end": -1, "host_queued_end": 1585587694.282574}, "device": "gpu", "nd_range": {"device_start": 1585587628.8538558, "device_end": 1585587628.85446}, "cmdq": 1, "read": {"device_start": -1, "device_end": -1}}, "FFC_sans_bias1": {"write": {"device_start": 1585587628.838059, "host_queued_start": 1585587694.241114, "device_queued": 1585587628.8377757, "device_end": 1585587628.8381298, "host_queued_end": 1585587694.282574}, "device": "gpu", "nd_range": {"device_start": 1585587628.8381355, "device_end": 1585587628.8390648}, "cmdq": 4, "read": {"device_start": -1, "device_end": -1}}, "FFC_sans_bias0": {"write": {"device_start": 1585587628.837973, "host_queued_start": 1585587694.240078, "device_queued": 1585587628.837745, "device_end": 1585587628.8380415, "host_queued_end": 1585587694.282574}, "device": "gpu", "nd_range": {"device_start": 1585587628.8380523, "device_end": 1585587628.8386588}, "cmdq": 3, "read": {"device_start": -1, "device_end": -1}}, "FFC_sans_bias2": {"write": {"device_start": 1585587628.8381484, "host_queued_start": 1585587694.242158, "device_queued": 1585587628.8380558, "device_end": 1585587628.8382037, "host_queued_end": 1585587694.282574}, "device": "gpu", "nd_range": {"device_start": 1585587628.838209, "device_end": 1585587628.839628}, "cmdq": 0, "read": {"device_start": -1, "device_end": -1}}, "FFC_sans_bias61": {"write": {"device_start": 1585587628.858495, "host_queued_start": 1585587694.281401, "device_queued": 1585587628.8432574, "device_end": 1585587628.8585193, "host_queued_end": 1585587694.282574}, "device": "gpu", "nd_range": {"device_start": 1585587628.8585348, "device_end": 1585587628.8607142}, "cmdq": 0, "read": {"device_start": 1585587628.8613727, "device_end": 1585587628.8614016}}, "FFC_sans_bias52": {"write": {"device_start": 1585587628.8590002, "host_queued_start": 1585587694.280332, "device_queued": 1585587628.842942, "device_end": 1585587628.859032, "host_queued_end": 1585587694.282574}, "device": "gpu", "nd_range": {"device_start": 1585587628.8590426, "device_end": 1585587628.861217}, "cmdq": 4, "read": {"device_start": 1585587628.8612275, "device_end": 1585587628.86125}}, "FFC_sans_bias9": {"write": {"device_start": 1585587628.8382359, "host_queued_start": 1585587694.243449, "device_queued": 1585587628.8381217, "device_end": 1585587628.8382952, "host_queued_end": 1585587694.282574}, "device": "gpu", "nd_range": {"device_start": 1585587628.8383648, "device_end": 1585587628.8400624}, "cmdq": 1, "read": {"device_start": -1, "device_end": -1}}, "coalesced_transpose39": {"write": {"device_start": -1, "host_queued_start": 1585587694.265972, "device_queued": -1, "device_end": -1, "host_queued_end": 1585587694.282574}, "device": "gpu", "nd_range": {"device_start": 1585587628.8497572, "device_end": 1585587628.8505836}, "cmdq": 1, "read": {"device_start": -1, "device_end": -1}}, "FFC_sans_bias55": {"write": {"device_start": 1585587628.84597, "host_queued_start": 1585587694.261268, "device_queued": 1585587628.8397784, "device_end": 1585587628.846002, "host_queued_end": 1585587694.282574}, "device": "gpu", "nd_range": {"device_start": 1585587628.846009, "device_end": 1585587628.8483307}, "cmdq": 3, "read": {"device_start": -1, "device_end": -1}}, "FFC_sans_bias54": {"write": {"device_start": 1585587628.8455513, "host_queued_start": 1585587694.260207, "device_queued": 1585587628.8397565, "device_end": 1585587628.8455837, "host_queued_end": 1585587694.282574}, "device": "gpu", "nd_range": {"device_start": 1585587628.8456001, "device_end": 1585587628.8478117}, "cmdq": 2, "read": {"device_start": -1, "device_end": -1}}, "FFC_sans_bias56": {"write": {"device_start": 1585587628.8449986, "host_queued_start": 1585587694.259177, "device_queued": 1585587628.8397124, "device_end": 1585587628.84503, "host_queued_end": 1585587694.282574}, "device": "gpu", "nd_range": {"device_start": 1585587628.8450446, "device_end": 1585587628.8473747}, "cmdq": 1, "read": {"device_start": -1, "device_end": -1}}, "FFC_sans_bias51": {"write": {"device_start": -1, "host_queued_start": 1585587694.273383, "device_queued": -1, "device_end": -1, "host_queued_end": 1585587694.282574}, "device": "gpu", "nd_range": {"device_start": 1585587628.8544703, "device_end": 1585587628.8564086}, "cmdq": 1, "read": {"device_start": -1, "device_end": -1}}, "softmax23": {"write": {"device_start": -1, "host_queued_start": 1585587694.270166, "device_queued": -1, "device_end": -1, "host_queued_end": 1585587694.282574}, "device": "gpu", "nd_range": {"device_start": 1585587628.8517056, "device_end": 1585587628.853519}, "cmdq": 0, "read": {"device_start": -1, "device_end": -1}}, "FFC_sans_bias37": {"write": {"device_start": 1585587628.842726, "host_queued_start": 1585587694.253939, "device_queued": 1585587628.839148, "device_end": 1585587628.8427577, "host_queued_end": 1585587694.282574}, "device": "gpu", "nd_range": {"device_start": 1585587628.8427725, "device_end": 1585587628.8449008}, "cmdq": 1, "read": {"device_start": -1, "device_end": -1}}, "empty62": {"write": {"device_start": 1585587628.837776, "host_queued_start": 1585587694.238252, "device_queued": 1585587628.8375351, "device_end": 1585587628.8378332, "host_queued_end": 1585587694.282574}, "device": "gpu", "nd_range": {"device_start": 1585587628.8378375, "device_end": 1585587628.8378422}, "cmdq": 1, "read": {"device_start": -1, "device_end": -1}}, "FFC_sans_bias70": {"write": {"device_start": 1585587628.8599565, "host_queued_start": 1585587694.282467, "device_queued": 1585587628.8433223, "device_end": 1585587628.8599868, "host_queued_end": 1585587694.282574}, "device": "gpu", "nd_range": {"device_start": 1585587628.8599973, "device_end": 1585587628.861642}, "cmdq": 1, "read": {"device_start": 1585587628.861647, "device_end": 1585587628.861669}}, "FFC_sans_bias58": {"write": {"device_start": -1, "host_queued_start": 1585587694.269109, "device_queued": -1, "device_end": -1, "host_queued_end": 1585587694.282574}, "device": "gpu", "nd_range": {"device_start": 1585587628.8522356, "device_end": 1585587628.8536284}, "cmdq": 1, "read": {"device_start": -1, "device_end": -1}}, "softmax41": {"write": {"device_start": -1, "host_queued_start": 1585587694.270668, "device_queued": -1, "device_end": -1, "host_queued_end": 1585587694.282574}, "device": "gpu", "nd_range": {"device_start": 1585587628.8531756, "device_end": 1585587628.853942}, "cmdq": 2, "read": {"device_start": -1, "device_end": -1}}, "FFC_sans_bias11": {"write": {"device_start": 1585587628.838775, "host_queued_start": 1585587694.245549, "device_queued": 1585587628.8383076, "device_end": 1585587628.8388, "host_queued_end": 1585587694.282574}, "device": "gpu", "nd_range": {"device_start": 1585587628.838809, "device_end": 1585587628.8410537}, "cmdq": 3, "read": {"device_start": -1, "device_end": -1}}, "FFC_sans_bias10": {"write": {"device_start": 1585587628.8383098, "host_queued_start": 1585587694.244479, "device_queued": 1585587628.8381424, "device_end": 1585587628.8383338, "host_queued_end": 1585587694.282574}, "device": "gpu", "nd_range": {"device_start": 1585587628.8383937, "device_end": 1585587628.8406}, "cmdq": 2, "read": {"device_start": -1, "device_end": -1}}, "coalesced_transpose3": {"write": {"device_start": -1, "host_queued_start": 1585587694.264722, "device_queued": -1, "device_end": -1, "host_queued_end": 1585587694.282574}, "device": "gpu", "nd_range": {"device_start": 1585587628.8478127, "device_end": 1585587628.8496132}, "cmdq": 2, "read": {"device_start": -1, "device_end": -1}}, "FFC_sans_bias34": {"write": {"device_start": 1585587628.8574774, "host_queued_start": 1585587694.278216, "device_queued": 1585587628.8424523, "device_end": 1585587628.857508, "host_queued_end": 1585587694.282574}, "device": "gpu", "nd_range": {"device_start": 1585587628.8575234, "device_end": 1585587628.8592727}, "cmdq": 2, "read": {"device_start": 1585587628.8592784, "device_end": 1585587628.8593009}}, "FFC_sans_bias15": {"write": {"device_start": -1, "host_queued_start": 1585587694.272124, "device_queued": -1, "device_end": -1, "host_queued_end": 1585587694.282574}, "device": "gpu", "nd_range": {"device_start": 1585587628.8539531, "device_end": 1585587628.8548794}, "cmdq": 2, "read": {"device_start": -1, "device_end": -1}}, "FFC_sans_bias31": {"write": {"device_start": -1, "host_queued_start": 1585587694.268146, "device_queued": -1, "device_end": -1, "host_queued_end": 1585587694.282574}, "device": "gpu", "nd_range": {"device_start": 1585587628.8497756, "device_end": 1585587628.8512583}, "cmdq": 3, "read": {"device_start": -1, "device_end": -1}}, "FFC_sans_bias16": {"write": {"device_start": 1585587628.8559656, "host_queued_start": 1585587694.27611, "device_queued": 1585587628.8423984, "device_end": 1585587628.855997, "host_queued_end": 1585587694.282574}, "device": "gpu", "nd_range": {"device_start": 1585587628.856019, "device_end": 1585587628.8583016}, "cmdq": 0, "read": {"device_start": 1585587628.8583064, "device_end": 1585587628.85833}}, "FFC_sans_bias19": {"write": {"device_start": 1585587628.8398037, "host_queued_start": 1585587694.247651, "device_queued": 1585587628.8385382, "device_end": 1585587628.8398294, "host_queued_end": 1585587694.282574}, "device": "gpu", "nd_range": {"device_start": 1585587628.8398335, "device_end": 1585587628.842045}, "cmdq": 0, "read": {"device_start": -1, "device_end": -1}}, "FFC_sans_bias18": {"write": {"device_start": 1585587628.8391447, "host_queued_start": 1585587694.246615, "device_queued": 1585587628.838332, "device_end": 1585587628.8391693, "host_queued_end": 1585587694.282574}, "device": "gpu", "nd_range": {"device_start": 1585587628.83918, "device_end": 1585587628.8415346}, "cmdq": 4, "read": {"device_start": -1, "device_end": -1}}, "coalesced_transpose30": {"write": {"device_start": -1, "host_queued_start": 1585587694.265642, "device_queued": -1, "device_end": -1, "host_queued_end": 1585587694.282574}, "device": "gpu", "nd_range": {"device_start": 1585587628.8492827, "device_end": 1585587628.8496556}, "cmdq": 0, "read": {"device_start": -1, "device_end": -1}}, "FFC_sans_bias69": {"write": {"device_start": -1, "host_queued_start": 1585587694.274017, "device_queued": -1, "device_end": -1, "host_queued_end": 1585587694.282574}, "device": "gpu", "nd_range": {"device_start": 1585587628.8554568, "device_end": 1585587628.8578322}, "cmdq": 3, "read": {"device_start": -1, "device_end": -1}}, "FFC_sans_bias38": {"write": {"device_start": 1585587628.8431413, "host_queued_start": 1585587694.255015, "device_queued": 1585587628.8391702, "device_end": 1585587628.843167, "host_queued_end": 1585587694.282574}, "device": "gpu", "nd_range": {"device_start": 1585587628.843171, "device_end": 1585587628.845427}, "cmdq": 2, "read": {"device_start": -1, "device_end": -1}}, "coalesced_transpose57": {"write": {"device_start": -1, "host_queued_start": 1585587694.266584, "device_queued": -1, "device_end": -1, "host_queued_end": 1585587694.282574}, "device": "gpu", "nd_range": {"device_start": 1585587628.849628, "device_end": 1585587628.849692}, "cmdq": 3, "read": {"device_start": -1, "device_end": -1}}, "empty26": {"write": {"device_start": 1585587628.8373363, "host_queued_start": 1585587694.234902, "device_queued": 1585587628.8371482, "device_end": 1585587628.8373997, "host_queued_end": 1585587694.282574}, "device": "gpu", "nd_range": {"device_start": 1585587628.837409, "device_end": 1585587628.837415}, "cmdq": 2, "read": {"device_start": -1, "device_end": -1}}, "coalesced_transpose12": {"write": {"device_start": -1, "host_queued_start": 1585587694.265021, "device_queued": -1, "device_end": -1, "host_queued_end": 1585587694.282574}, "device": "gpu", "nd_range": {"device_start": 1585587628.8483322, "device_end": 1585587628.8496268}, "cmdq": 3, "read": {"device_start": -1, "device_end": -1}}, "empty44": {"write": {"device_start": 1585587628.8375547, "host_queued_start": 1585587694.236592, "device_queued": 1585587628.8373392, "device_end": 1585587628.8376167, "host_queued_end": 1585587694.282574}, "device": "gpu", "nd_range": {"device_start": 1585587628.8376231, "device_end": 1585587628.8376334}, "cmdq": 4, "read": {"device_start": -1, "device_end": -1}}, "coalesced_transpose21": {"write": {"device_start": -1, "host_queued_start": 1585587694.26532, "device_queued": -1, "device_end": -1, "host_queued_end": 1585587694.282574}, "device": "gpu", "nd_range": {"device_start": 1585587628.8487966, "device_end": 1585587628.84964}, "cmdq": 4, "read": {"device_start": -1, "device_end": -1}}, "FFC_sans_bias36": {"write": {"device_start": 1585587628.8421617, "host_queued_start": 1585587694.252896, "device_queued": 1585587628.8390863, "device_end": 1585587628.842193, "host_queued_end": 1585587694.282574}, "device": "gpu", "nd_range": {"device_start": 1585587628.8421965, "device_end": 1585587628.844446}, "cmdq": 0, "read": {"device_start": -1, "device_end": -1}}, "softmax14": {"write": {"device_start": -1, "host_queued_start": 1585587694.269916, "device_queued": -1, "device_end": -1, "host_queued_end": 1585587694.282574}, "device": "gpu", "nd_range": {"device_start": 1585587628.8526883, "device_end": 1585587628.8539245}, "cmdq": 4, "read": {"device_start": -1, "device_end": -1}}, "FFC_sans_bias13": {"write": {"device_start": -1, "host_queued_start": 1585587694.267515, "device_queued": -1, "device_end": -1, "host_queued_end": 1585587694.282574}, "device": "gpu", "nd_range": {"device_start": 1585587628.850598, "device_end": 1585587628.8522243}, "cmdq": 1, "read": {"device_start": -1, "device_end": -1}}, "empty8": {"write": {"device_start": 1585587628.8370895, "host_queued_start": 1585587694.232972, "device_queued": 1585587628.8369713, "device_end": 1585587628.837115, "host_queued_end": 1585587694.282574}, "device": "gpu", "nd_range": {"device_start": 1585587628.8371186, "device_end": 1585587628.8371289}, "cmdq": 0, "read": {"device_start": -1, "device_end": -1}}, "FFC_sans_bias42": {"write": {"device_start": -1, "host_queued_start": 1585587694.273067, "device_queued": -1, "device_end": -1, "host_queued_end": 1585587694.282574}, "device": "gpu", "nd_range": {"device_start": 1585587628.8539774, "device_end": 1585587628.855863}, "cmdq": 0, "read": {"device_start": -1, "device_end": -1}}, "FFC_sans_bias43": {"write": {"device_start": 1585587628.857945, "host_queued_start": 1585587694.279267, "device_queued": 1585587628.8426318, "device_end": 1585587628.857976, "host_queued_end": 1585587694.282574}, "device": "gpu", "nd_range": {"device_start": 1585587628.8579962, "device_end": 1585587628.8602412}, "cmdq": 3, "read": {"device_start": 1585587628.8602507, "device_end": 1585587628.8602746}}, "FFC_sans_bias40": {"write": {"device_start": -1, "host_queued_start": 1585587694.268463, "device_queued": -1, "device_end": -1, "host_queued_end": 1585587694.282574}, "device": "gpu", "nd_range": {"device_start": 1585587628.8506155, "device_end": 1585587628.8526769}, "cmdq": 4, "read": {"device_start": -1, "device_end": -1}}, "softmax32": {"write": {"device_start": -1, "host_queued_start": 1585587694.270414, "device_queued": -1, "device_end": -1, "host_queued_end": 1585587694.282574}, "device": "gpu", "nd_range": {"device_start": 1585587628.8536398, "device_end": 1585587628.853845}, "cmdq": 1, "read": {"device_start": -1, "device_end": -1}}, "FFC_sans_bias47": {"write": {"device_start": 1585587628.844546, "host_queued_start": 1585587694.258134, "device_queued": 1585587628.83953, "device_end": 1585587628.8445723, "host_queued_end": 1585587694.282574}, "device": "gpu", "nd_range": {"device_start": 1585587628.84458, "device_end": 1585587628.846842}, "cmdq": 0, "read": {"device_start": -1, "device_end": -1}}, "FFC_sans_bias45": {"write": {"device_start": 1585587628.8435373, "host_queued_start": 1585587694.256052, "device_queued": 1585587628.8393095, "device_end": 1585587628.8435638, "host_queued_end": 1585587694.282574}, "device": "gpu", "nd_range": {"device_start": 1585587628.8435802, "device_end": 1585587628.845849}, "cmdq": 3, "read": {"device_start": -1, "device_end": -1}}, "softmax50": {"write": {"device_start": -1, "host_queued_start": 1585587694.270913, "device_queued": -1, "device_end": -1, "host_queued_end": 1585587694.282574}, "device": "gpu", "nd_range": {"device_start": 1585587628.8535476, "device_end": 1585587628.8537545}, "cmdq": 3, "read": {"device_start": -1, "device_end": -1}}, "FFC_sans_bias33": {"write": {"device_start": -1, "host_queued_start": 1585587694.272753, "device_queued": -1, "device_end": -1, "host_queued_end": 1585587694.282574}, "device": "gpu", "nd_range": {"device_start": 1585587628.8546298, "device_end": 1585587628.8568404}, "cmdq": 4, "read": {"device_start": -1, "device_end": -1}}, "FFC_sans_bias63": {"write": {"device_start": 1585587628.8474867, "host_queued_start": 1585587694.264399, "device_queued": 1585587628.8402574, "device_end": 1585587628.8475192, "host_queued_end": 1585587694.282574}, "device": "gpu", "nd_range": {"device_start": 1585587628.8475242, "device_end": 1585587628.849756}, "cmdq": 1, "read": {"device_start": -1, "device_end": -1}}, "FFC_sans_bias49": {"write": {"device_start": -1, "host_queued_start": 1585587694.268778, "device_queued": -1, "device_end": -1, "host_queued_end": 1585587694.282574}, "device": "gpu", "nd_range": {"device_start": 1585587628.8502932, "device_end": 1585587628.8516939}, "cmdq": 0, "read": {"device_start": -1, "device_end": -1}}, "FFC_sans_bias64": {"write": {"device_start": 1585587628.846522, "host_queued_start": 1585587694.262326, "device_queued": 1585587628.8397963, "device_end": 1585587628.8465538, "host_queued_end": 1585587694.282574}, "device": "gpu", "nd_range": {"device_start": 1585587628.8465586, "device_end": 1585587628.8487937}, "cmdq": 4, "read": {"device_start": -1, "device_end": -1}}, "FFC_sans_bias65": {"write": {"device_start": 1585587628.8469555, "host_queued_start": 1585587694.263368, "device_queued": 1585587628.8401875, "device_end": 1585587628.8469877, "host_queued_end": 1585587694.282574}, "device": "gpu", "nd_range": {"device_start": 1585587628.8470023, "device_end": 1585587628.8492758}, "cmdq": 0, "read": {"device_start": -1, "device_end": -1}}, "FFC_sans_bias67": {"write": {"device_start": -1, "host_queued_start": 1585587694.26942, "device_queued": -1, "device_end": -1, "host_queued_end": 1585587694.282574}, "device": "gpu", "nd_range": {"device_start": 1585587628.8507423, "device_end": 1585587628.853164}, "cmdq": 2, "read": {"device_start": -1, "device_end": -1}}, "FFC_sans_bias24": {"write": {"device_start": -1, "host_queued_start": 1585587694.272441, "device_queued": -1, "device_end": -1, "host_queued_end": 1585587694.282574}, "device": "gpu", "nd_range": {"device_start": 1585587628.8539634, "device_end": 1585587628.8554463}, "cmdq": 3, "read": {"device_start": -1, "device_end": -1}}, "FFC_sans_bias25": {"write": {"device_start": 1585587628.8576422, "host_queued_start": 1585587694.277165, "device_queued": 1585587628.8427193, "device_end": 1585587628.8576725, "host_queued_end": 1585587694.282574}, "device": "gpu", "nd_range": {"device_start": 1585587628.8576927, "device_end": 1585587628.8597503}, "cmdq": 1, "read": {"device_start": 1585587628.8597553, "device_end": 1585587628.8597784}}, "FFC_sans_bias27": {"write": {"device_start": 1585587628.8407369, "host_queued_start": 1585587694.249734, "device_queued": 1585587628.8387272, "device_end": 1585587628.840768, "host_queued_end": 1585587694.282574}, "device": "gpu", "nd_range": {"device_start": 1585587628.8407712, "device_end": 1585587628.8430467}, "cmdq": 2, "read": {"device_start": -1, "device_end": -1}}, "FFC_sans_bias20": {"write": {"device_start": 1585587628.8402011, "host_queued_start": 1585587694.248695, "device_queued": 1585587628.8386998, "device_end": 1585587628.8402314, "host_queued_end": 1585587694.282574}, "device": "gpu", "nd_range": {"device_start": 1585587628.8402393, "device_end": 1585587628.8425105}, "cmdq": 1, "read": {"device_start": -1, "device_end": -1}}, "FFC_sans_bias22": {"write": {"device_start": -1, "host_queued_start": 1585587694.26783, "device_queued": -1, "device_end": -1, "host_queued_end": 1585587694.282574}, "device": "gpu", "nd_range": {"device_start": 1585587628.8496892, "device_end": 1585587628.8507311}, "cmdq": 2, "read": {"device_start": -1, "device_end": -1}}, "softmax68": {"write": {"device_start": -1, "host_queued_start": 1585587694.271408, "device_queued": -1, "device_end": -1, "host_queued_end": 1585587694.282574}, "device": "gpu", "nd_range": {"device_start": 1585587628.8535302, "device_end": 1585587628.8537443}, "cmdq": 0, "read": {"device_start": -1, "device_end": -1}}, "softmax5": {"write": {"device_start": -1, "host_queued_start": 1585587694.269671, "device_queued": -1, "device_end": -1, "host_queued_end": 1585587694.282574}, "device": "gpu", "nd_range": {"device_start": 1585587628.85127, "device_end": 1585587628.8535368}, "cmdq": 3, "read": {"device_start": -1, "device_end": -1}}, "FFC_sans_bias28": {"write": {"device_start": 1585587628.8412182, "host_queued_start": 1585587694.250806, "device_queued": 1585587628.8387496, "device_end": 1585587628.8412507, "host_queued_end": 1585587694.282574}, "device": "gpu", "nd_range": {"device_start": 1585587628.841254, "device_end": 1585587628.8434527}, "cmdq": 3, "read": {"device_start": -1, "device_end": -1}}, "FFC_sans_bias29": {"write": {"device_start": 1585587628.8416543, "host_queued_start": 1585587694.251847, "device_queued": 1585587628.8387697, "device_end": 1585587628.8416808, "host_queued_end": 1585587694.282574}, "device": "gpu", "nd_range": {"device_start": 1585587628.8416886, "device_end": 1585587628.8439727}, "cmdq": 4, "read": {"device_start": -1, "device_end": -1}}, "empty17": {"write": {"device_start": 1585587628.837233, "host_queued_start": 1585587694.234019, "device_queued": 1585587628.8371153, "device_end": 1585587628.8373094, "host_queued_end": 1585587694.282574}, "device": "gpu", "nd_range": {"device_start": 1585587628.837395, "device_end": 1585587628.837411}, "cmdq": 1, "read": {"device_start": -1, "device_end": -1}}, "softmax59": {"write": {"device_start": -1, "host_queued_start": 1585587694.27116, "device_queued": -1, "device_end": -1, "host_queued_end": 1585587694.282574}, "device": "gpu", "nd_range": {"device_start": 1585587628.853936, "device_end": 1585587628.8546188}, "cmdq": 4, "read": {"device_start": -1, "device_end": -1}}, "empty71": {"write": {"device_start": 1585587628.8378706, "host_queued_start": 1585587694.239096, "device_queued": 1585587628.837554, "device_end": 1585587628.837931, "host_queued_end": 1585587694.282574}, "device": "gpu", "nd_range": {"device_start": 1585587628.8379467, "device_end": 1585587628.8379529}, "cmdq": 2, "read": {"device_start": -1, "device_end": -1}}, "empty35": {"write": {"device_start": 1585587628.8374496, "host_queued_start": 1585587694.235747, "device_queued": 1585587628.8371613, "device_end": 1585587628.8375123, "host_queued_end": 1585587694.282574}, "device": "gpu", "nd_range": {"device_start": 1585587628.837518, "device_end": 1585587628.8375306}, "cmdq": 3, "read": {"device_start": -1, "device_end": -1}}, "empty53": {"write": {"device_start": 1585587628.8376613, "host_queued_start": 1585587694.237438, "device_queued": 1585587628.8374777, "device_end": 1585587628.8377197, "host_queued_end": 1585587694.282574}, "device": "gpu", "nd_range": {"device_start": 1585587628.8377233, "device_end": 1585587628.837727}, "cmdq": 0, "read": {"device_start": -1, "device_end": -1}}, "FFC_sans_bias46": {"write": {"device_start": 1585587628.8440773, "host_queued_start": 1585587694.257089, "device_queued": 1585587628.8393376, "device_end": 1585587628.8441045, "host_queued_end": 1585587694.282574}, "device": "gpu", "nd_range": {"device_start": 1585587628.8441207, "device_end": 1585587628.8464115}, "cmdq": 4, "read": {"device_start": -1, "device_end": -1}}, "coalesced_transpose66": {"write": {"device_start": -1, "host_queued_start": 1585587694.266882, "device_queued": -1, "device_end": -1, "host_queued_end": 1585587694.282574}, "device": "gpu", "nd_range": {"device_start": 1585587628.849641, "device_end": 1585587628.8496947}, "cmdq": 4, "read": {"device_start": -1, "device_end": -1}}, "coalesced_transpose48": {"write": {"device_start": -1, "host_queued_start": 1585587694.266277, "device_queued": -1, "device_end": -1, "host_queued_end": 1585587694.282574}, "device": "gpu", "nd_range": {"device_start": 1585587628.849623, "device_end": 1585587628.849675}, "cmdq": 2, "read": {"device_start": -1, "device_end": -1}}}