{"FFC_sans_bias60": {"write": {"device_start": -1, "host_queued_start": 1585587627.154145, "device_queued": -1, "device_end": -1, "host_queued_end": 1585587627.159771}, "device": "gpu", "nd_range": {"device_start": 1585587561.7274673, "device_end": 1585587561.7290938}, "cmdq": 2, "read": {"device_start": -1, "device_end": -1}}, "FFC_sans_bias4": {"write": {"device_start": -1, "host_queued_start": 1585587627.175456, "device_queued": -1, "device_end": -1, "host_queued_end": 1585587627.181264}, "device": "cpu", "nd_range": {"device_start": 2255401.4189253803, "device_end": 2255401.43724319}, "cmdq": 0, "read": {"device_start": -1, "device_end": -1}}, "FFC_sans_bias7": {"write": {"device_start": -1, "host_queued_start": 1585587627.179213, "device_queued": -1, "device_end": -1, "host_queued_end": 1585587627.181264}, "device": "cpu", "nd_range": {"device_start": 2255401.4508674243, "device_end": 2255401.4586090953}, "cmdq": 0, "read": {"device_start": -1, "device_end": -1}}, "FFC_sans_bias6": {"write": {"device_start": -1, "host_queued_start": 1585587627.177449, "device_queued": -1, "device_end": -1, "host_queued_end": 1585587627.181264}, "device": "cpu", "nd_range": {"device_start": 2255401.437389573, "device_end": 2255401.450862111}, "cmdq": 0, "read": {"device_start": -1, "device_end": -1}}, "FFC_sans_bias1": {"write": {"device_start": -1, "host_queued_start": 1585587627.166014, "device_queued": -1, "device_end": -1, "host_queued_end": 1585587627.181264}, "device": "cpu", "nd_range": {"device_start": 2255401.370873412, "device_end": 2255401.387781092}, "cmdq": 1, "read": {"device_start": -1, "device_end": -1}}, "FFC_sans_bias0": {"write": {"device_start": -1, "host_queued_start": 1585587627.164733, "device_queued": -1, "device_end": -1, "host_queued_end": 1585587627.181264}, "device": "cpu", "nd_range": {"device_start": 2255401.3708727113, "device_end": 2255401.379449346}, "cmdq": 0, "read": {"device_start": -1, "device_end": -1}}, "FFC_sans_bias2": {"write": {"device_start": -1, "host_queued_start": 1585587627.167196, "device_queued": -1, "device_end": -1, "host_queued_end": 1585587627.181264}, "device": "cpu", "nd_range": {"device_start": 2255401.3709176513, "device_end": 2255401.3824215364}, "cmdq": 2, "read": {"device_start": -1, "device_end": -1}}, "FFC_sans_bias61": {"write": {"device_start": 1585587561.7297847, "host_queued_start": 1585587627.158628, "device_queued": 1585587561.7192626, "device_end": 1585587561.7298155, "host_queued_end": 1585587627.159771}, "device": "gpu", "nd_range": {"device_start": 1585587561.7298226, "device_end": 1585587561.731533}, "cmdq": 3, "read": {"device_start": 1585587561.7315364, "device_end": 1585587561.7315598}}, "FFC_sans_bias52": {"write": {"device_start": 1585587561.7292373, "host_queued_start": 1585587627.157558, "device_queued": 1585587561.7192304, "device_end": 1585587561.7292678, "host_queued_end": 1585587627.159771}, "device": "gpu", "nd_range": {"device_start": 1585587561.7292848, "device_end": 1585587561.7310736}, "cmdq": 2, "read": {"device_start": 1585587561.7310772, "device_end": 1585587561.7311003}}, "FFC_sans_bias9": {"write": {"device_start": -1, "host_queued_start": 1585587627.168247, "device_queued": -1, "device_end": -1, "host_queued_end": 1585587627.181264}, "device": "cpu", "nd_range": {"device_start": 2255401.3820340163, "device_end": 2255401.401213679}, "cmdq": 0, "read": {"device_start": -1, "device_end": -1}}, "coalesced_transpose39": {"write": {"device_start": -1, "host_queued_start": 1585587627.149141, "device_queued": -1, "device_end": -1, "host_queued_end": 1585587627.159771}, "device": "gpu", "nd_range": {"device_start": 1585587561.723138, "device_end": 1585587561.7239778}, "cmdq": 1, "read": {"device_start": -1, "device_end": -1}}, "FFC_sans_bias55": {"write": {"device_start": 1585587561.7208598, "host_queued_start": 1585587627.145357, "device_queued": 1585587561.7175171, "device_end": 1585587561.7208917, "host_queued_end": 1585587627.159771}, "device": "gpu", "nd_range": {"device_start": 1585587561.7208993, "device_end": 1585587561.722691}, "cmdq": 0, "read": {"device_start": -1, "device_end": -1}}, "FFC_sans_bias54": {"write": {"device_start": 1585587561.720377, "host_queued_start": 1585587627.144323, "device_queued": 1585587561.7172751, "device_end": 1585587561.720408, "host_queued_end": 1585587627.159771}, "device": "gpu", "nd_range": {"device_start": 1585587561.7204237, "device_end": 1585587561.7221723}, "cmdq": 3, "read": {"device_start": -1, "device_end": -1}}, "FFC_sans_bias56": {"write": {"device_start": 1585587561.719835, "host_queued_start": 1585587627.143298, "device_queued": 1585587561.7172613, "device_end": 1585587561.7198608, "host_queued_end": 1585587627.159771}, "device": "gpu", "nd_range": {"device_start": 1585587561.7198765, "device_end": 1585587561.721723}, "cmdq": 2, "read": {"device_start": -1, "device_end": -1}}, "FFC_sans_bias51": {"write": {"device_start": -1, "host_queued_start": 1585587627.153828, "device_queued": -1, "device_end": -1, "host_queued_end": 1585587627.159771}, "device": "gpu", "nd_range": {"device_start": 1585587561.7271144, "device_end": 1585587561.7286603}, "cmdq": 1, "read": {"device_start": -1, "device_end": -1}}, "softmax23": {"write": {"device_start": -1, "host_queued_start": 1585587627.177114, "device_queued": -1, "device_end": -1, "host_queued_end": 1585587627.181264}, "device": "cpu", "nd_range": {"device_start": 2255401.417903083, "device_end": 2255401.4181173113}, "cmdq": 2, "read": {"device_start": -1, "device_end": -1}}, "FFC_sans_bias37": {"write": {"device_start": 1585587561.717538, "host_queued_start": 1585587627.138064, "device_queued": 1585587561.716817, "device_end": 1585587561.7175643, "host_queued_end": 1585587627.159771}, "device": "gpu", "nd_range": {"device_start": 1585587561.717574, "device_end": 1585587561.7193}, "cmdq": 1, "read": {"device_start": -1, "device_end": -1}}, "empty62": {"write": {"device_start": 1585587561.7164187, "host_queued_start": 1585587627.131939, "device_queued": 1585587561.7160888, "device_end": 1585587561.7164903, "host_queued_end": 1585587627.159771}, "device": "gpu", "nd_range": {"device_start": 1585587561.716495, "device_end": 1585587561.7165003}, "cmdq": 3, "read": {"device_start": -1, "device_end": -1}}, "FFC_sans_bias70": {"write": {"device_start": 1585587561.7303367, "host_queued_start": 1585587627.159668, "device_queued": 1585587561.7195938, "device_end": 1585587561.7303681, "host_queued_end": 1585587627.159771}, "device": "gpu", "nd_range": {"device_start": 1585587561.7303772, "device_end": 1585587561.7320292}, "cmdq": 0, "read": {"device_start": 1585587561.7320366, "device_end": 1585587561.7320592}}, "FFC_sans_bias58": {"write": {"device_start": -1, "host_queued_start": 1585587627.151348, "device_queued": -1, "device_end": -1, "host_queued_end": 1585587627.159771}, "device": "gpu", "nd_range": {"device_start": 1585587561.724153, "device_end": 1585587561.7261198}, "cmdq": 0, "read": {"device_start": -1, "device_end": -1}}, "softmax41": {"write": {"device_start": -1, "host_queued_start": 1585587627.15215, "device_queued": -1, "device_end": -1, "host_queued_end": 1585587627.159771}, "device": "gpu", "nd_range": {"device_start": 1585587561.7257025, "device_end": 1585587561.7270625}, "cmdq": 3, "read": {"device_start": -1, "device_end": -1}}, "FFC_sans_bias11": {"write": {"device_start": -1, "host_queued_start": 1585587627.170355, "device_queued": -1, "device_end": -1, "host_queued_end": 1585587627.181264}, "device": "cpu", "nd_range": {"device_start": 2255401.382545292, "device_end": 2255401.3911009813}, "cmdq": 2, "read": {"device_start": -1, "device_end": -1}}, "FFC_sans_bias10": {"write": {"device_start": -1, "host_queued_start": 1585587627.16928, "device_queued": -1, "device_end": -1, "host_queued_end": 1585587627.181264}, "device": "cpu", "nd_range": {"device_start": 2255401.3879108373, "device_end": 2255401.4012144203}, "cmdq": 1, "read": {"device_start": -1, "device_end": -1}}, "coalesced_transpose3": {"write": {"device_start": -1, "host_queued_start": 1585587627.174305, "device_queued": -1, "device_end": -1, "host_queued_end": 1585587627.181264}, "device": "cpu", "nd_range": {"device_start": 2255401.416809541, "device_end": 2255401.4189188853}, "cmdq": 0, "read": {"device_start": -1, "device_end": -1}}, "FFC_sans_bias34": {"write": {"device_start": 1585587561.7282994, "host_queued_start": 1585587627.155476, "device_queued": 1585587561.719065, "device_end": 1585587561.7283294, "host_queued_end": 1585587627.159771}, "device": "gpu", "nd_range": {"device_start": 1585587561.728348, "device_end": 1585587561.730097}, "cmdq": 0, "read": {"device_start": 1585587561.7301047, "device_end": 1585587561.730129}}, "FFC_sans_bias15": {"write": {"device_start": -1, "host_queued_start": 1585587627.17779, "device_queued": -1, "device_end": -1, "host_queued_end": 1585587627.181264}, "device": "cpu", "nd_range": {"device_start": 2255401.421374782, "device_end": 2255401.431987062}, "cmdq": 1, "read": {"device_start": -1, "device_end": -1}}, "FFC_sans_bias31": {"write": {"device_start": -1, "host_queued_start": 1585587627.150384, "device_queued": -1, "device_end": -1, "host_queued_end": 1585587627.159771}, "device": "gpu", "nd_range": {"device_start": 1585587561.7241194, "device_end": 1585587561.7247272}, "cmdq": 1, "read": {"device_start": -1, "device_end": -1}}, "FFC_sans_bias16": {"write": {"device_start": -1, "host_queued_start": 1585587627.180227, "device_queued": -1, "device_end": -1, "host_queued_end": 1585587627.181264}, "device": "cpu", "nd_range": {"device_start": 2255401.432112358, "device_end": 2255401.437594946}, "cmdq": 1, "read": {"device_start": -1, "device_end": -1}}, "FFC_sans_bias19": {"write": {"device_start": -1, "host_queued_start": 1585587627.172459, "device_queued": -1, "device_end": -1, "host_queued_end": 1585587627.181264}, "device": "cpu", "nd_range": {"device_start": 2255401.401232492, "device_end": 2255401.4078758443}, "cmdq": 1, "read": {"device_start": -1, "device_end": -1}}, "FFC_sans_bias18": {"write": {"device_start": -1, "host_queued_start": 1585587627.17142, "device_queued": -1, "device_end": -1, "host_queued_end": 1585587627.181264}, "device": "cpu", "nd_range": {"device_start": 2255401.401221936, "device_end": 2255401.4168029833}, "cmdq": 0, "read": {"device_start": -1, "device_end": -1}}, "coalesced_transpose30": {"write": {"device_start": -1, "host_queued_start": 1585587627.148828, "device_queued": -1, "device_end": -1, "host_queued_end": 1585587627.159771}, "device": "gpu", "nd_range": {"device_start": 1585587561.7226925, "device_end": 1585587561.7239635}, "cmdq": 0, "read": {"device_start": -1, "device_end": -1}}, "FFC_sans_bias69": {"write": {"device_start": -1, "host_queued_start": 1585587627.15446, "device_queued": -1, "device_end": -1, "host_queued_end": 1585587627.159771}, "device": "gpu", "nd_range": {"device_start": 1585587561.7277083, "device_end": 1585587561.7296436}, "cmdq": 3, "read": {"device_start": -1, "device_end": -1}}, "FFC_sans_bias38": {"write": {"device_start": 1585587561.7178302, "host_queued_start": 1585587627.139143, "device_queued": 1585587561.7168403, "device_end": 1585587561.7178552, "host_queued_end": 1585587627.159771}, "device": "gpu", "nd_range": {"device_start": 1585587561.717866, "device_end": 1585587561.7197418}, "cmdq": 2, "read": {"device_start": -1, "device_end": -1}}, "coalesced_transpose57": {"write": {"device_start": -1, "host_queued_start": 1585587627.149753, "device_queued": -1, "device_end": -1, "host_queued_end": 1585587627.159771}, "device": "gpu", "nd_range": {"device_start": 1585587561.7241058, "device_end": 1585587561.7241337}, "cmdq": 3, "read": {"device_start": -1, "device_end": -1}}, "empty26": {"write": {"device_start": -1, "host_queued_start": 1585587627.163564, "device_queued": -1, "device_end": -1, "host_queued_end": 1585587627.181264}, "device": "cpu", "nd_range": {"device_start": 2255401.370897023, "device_end": 2255401.370902303}, "cmdq": 2, "read": {"device_start": -1, "device_end": -1}}, "coalesced_transpose12": {"write": {"device_start": -1, "host_queued_start": 1585587627.17469, "device_queued": -1, "device_end": -1, "host_queued_end": 1585587627.181264}, "device": "cpu", "nd_range": {"device_start": 2255401.407884338, "device_end": 2255401.4081408023}, "cmdq": 1, "read": {"device_start": -1, "device_end": -1}}, "empty44": {"write": {"device_start": 1585587561.7161808, "host_queued_start": 1585587627.130209, "device_queued": 1585587561.7160287, "device_end": 1585587561.716265, "host_queued_end": 1585587627.159771}, "device": "gpu", "nd_range": {"device_start": 1585587561.716272, "device_end": 1585587561.7162774}, "cmdq": 1, "read": {"device_start": -1, "device_end": -1}}, "coalesced_transpose21": {"write": {"device_start": -1, "host_queued_start": 1585587627.17508, "device_queued": -1, "device_end": -1, "host_queued_end": 1585587627.181264}, "device": "cpu", "nd_range": {"device_start": 2255401.4088347713, "device_end": 2255401.409066949}, "cmdq": 2, "read": {"device_start": -1, "device_end": -1}}, "FFC_sans_bias36": {"write": {"device_start": 1585587561.7169328, "host_queued_start": 1585587627.136871, "device_queued": 1585587561.7166018, "device_end": 1585587561.7169588, "host_queued_end": 1585587627.159771}, "device": "gpu", "nd_range": {"device_start": 1585587561.7169654, "device_end": 1585587561.718745}, "cmdq": 0, "read": {"device_start": -1, "device_end": -1}}, "softmax14": {"write": {"device_start": -1, "host_queued_start": 1585587627.176843, "device_queued": -1, "device_end": -1, "host_queued_end": 1585587627.181264}, "device": "cpu", "nd_range": {"device_start": 2255401.4210480102, "device_end": 2255401.4212536933}, "cmdq": 1, "read": {"device_start": -1, "device_end": -1}}, "FFC_sans_bias13": {"write": {"device_start": -1, "host_queued_start": 1585587627.175841, "device_queued": -1, "device_end": -1, "host_queued_end": 1585587627.181264}, "device": "cpu", "nd_range": {"device_start": 2255401.4081470873, "device_end": 2255401.421039258}, "cmdq": 1, "read": {"device_start": -1, "device_end": -1}}, "empty8": {"write": {"device_start": -1, "host_queued_start": 1585587627.161366, "device_queued": -1, "device_end": -1, "host_queued_end": 1585587627.181264}, "device": "cpu", "nd_range": {"device_start": 2255401.370841651, "device_end": 2255401.370854969}, "cmdq": 0, "read": {"device_start": -1, "device_end": -1}}, "FFC_sans_bias42": {"write": {"device_start": -1, "host_queued_start": 1585587627.153514, "device_queued": -1, "device_end": -1, "host_queued_end": 1585587627.159771}, "device": "gpu", "nd_range": {"device_start": 1585587561.7271051, "device_end": 1585587561.7281096}, "cmdq": 0, "read": {"device_start": -1, "device_end": -1}}, "FFC_sans_bias43": {"write": {"device_start": 1585587561.728805, "host_queued_start": 1585587627.156521, "device_queued": 1585587561.7192123, "device_end": 1585587561.7288353, "host_queued_end": 1585587627.159771}, "device": "gpu", "nd_range": {"device_start": 1585587561.7288535, "device_end": 1585587561.7305596}, "cmdq": 1, "read": {"device_start": 1585587561.7305646, "device_end": 1585587561.7305882}}, "FFC_sans_bias40": {"write": {"device_start": -1, "host_queued_start": 1585587627.150721, "device_queued": -1, "device_end": -1, "host_queued_end": 1585587627.159771}, "device": "gpu", "nd_range": {"device_start": 1585587561.7241304, "device_end": 1585587561.7251315}, "cmdq": 2, "read": {"device_start": -1, "device_end": -1}}, "softmax32": {"write": {"device_start": -1, "host_queued_start": 1585587627.151904, "device_queued": -1, "device_end": -1, "host_queued_end": 1585587627.159771}, "device": "gpu", "nd_range": {"device_start": 1585587561.725139, "device_end": 1585587561.727073}, "cmdq": 2, "read": {"device_start": -1, "device_end": -1}}, "FFC_sans_bias47": {"write": {"device_start": 1585587561.7194076, "host_queued_start": 1585587627.142239, "device_queued": 1585587561.7172348, "device_end": 1585587561.7194395, "host_queued_end": 1585587627.159771}, "device": "gpu", "nd_range": {"device_start": 1585587561.7194436, "device_end": 1585587561.7212095}, "cmdq": 1, "read": {"device_start": -1, "device_end": -1}}, "FFC_sans_bias45": {"write": {"device_start": 1585587561.71847, "host_queued_start": 1585587627.140176, "device_queued": 1585587561.7168589, "device_end": 1585587561.7185009, "host_queued_end": 1585587627.159771}, "device": "gpu", "nd_range": {"device_start": 1585587561.7185054, "device_end": 1585587561.72027}, "cmdq": 3, "read": {"device_start": -1, "device_end": -1}}, "softmax50": {"write": {"device_start": -1, "host_queued_start": 1585587627.152396, "device_queued": -1, "device_end": -1, "host_queued_end": 1585587627.159771}, "device": "gpu", "nd_range": {"device_start": 1585587561.7261274, "device_end": 1585587561.7270668}, "cmdq": 0, "read": {"device_start": -1, "device_end": -1}}, "FFC_sans_bias33": {"write": {"device_start": -1, "host_queued_start": 1585587627.153202, "device_queued": -1, "device_end": -1, "host_queued_end": 1585587627.159771}, "device": "gpu", "nd_range": {"device_start": 1585587561.727096, "device_end": 1585587561.7277}, "cmdq": 3, "read": {"device_start": -1, "device_end": -1}}, "FFC_sans_bias63": {"write": {"device_start": 1585587561.7222755, "host_queued_start": 1585587627.148494, "device_queued": 1585587561.717778, "device_end": 1585587561.722301, "host_queued_end": 1585587627.159771}, "device": "gpu", "nd_range": {"device_start": 1585587561.722309, "device_end": 1585587561.7240975}, "cmdq": 3, "read": {"device_start": -1, "device_end": -1}}, "FFC_sans_bias49": {"write": {"device_start": -1, "host_queued_start": 1585587627.151037, "device_queued": -1, "device_end": -1, "host_queued_end": 1585587627.159771}, "device": "gpu", "nd_range": {"device_start": 1585587561.7241442, "device_end": 1585587561.725695}, "cmdq": 3, "read": {"device_start": -1, "device_end": -1}}, "FFC_sans_bias64": {"write": {"device_start": 1585587561.721321, "host_queued_start": 1585587627.14639, "device_queued": 1585587561.7177336, "device_end": 1585587561.7213523, "host_queued_end": 1585587627.159771}, "device": "gpu", "nd_range": {"device_start": 1585587561.7213597, "device_end": 1585587561.7231367}, "cmdq": 1, "read": {"device_start": -1, "device_end": -1}}, "FFC_sans_bias65": {"write": {"device_start": 1585587561.7218359, "host_queued_start": 1585587627.147454, "device_queued": 1585587561.717761, "device_end": 1585587561.721868, "host_queued_end": 1585587627.159771}, "device": "gpu", "nd_range": {"device_start": 1585587561.7218761, "device_end": 1585587561.7236202}, "cmdq": 2, "read": {"device_start": -1, "device_end": -1}}, "FFC_sans_bias67": {"write": {"device_start": -1, "host_queued_start": 1585587627.151656, "device_queued": -1, "device_end": -1, "host_queued_end": 1585587627.159771}, "device": "gpu", "nd_range": {"device_start": 1585587561.7247353, "device_end": 1585587561.726592}, "cmdq": 1, "read": {"device_start": -1, "device_end": -1}}, "FFC_sans_bias24": {"write": {"device_start": -1, "host_queued_start": 1585587627.178133, "device_queued": -1, "device_end": -1, "host_queued_end": 1585587627.181264}, "device": "cpu", "nd_range": {"device_start": 2255401.4182262262, "device_end": 2255401.437385618}, "cmdq": 2, "read": {"device_start": -1, "device_end": -1}}, "FFC_sans_bias25": {"write": {"device_start": -1, "host_queued_start": 1585587627.18122, "device_queued": -1, "device_end": -1, "host_queued_end": 1585587627.181264}, "device": "cpu", "nd_range": {"device_start": 2255401.4373952723, "device_end": 2255401.4457098204}, "cmdq": 2, "read": {"device_start": -1, "device_end": -1}}, "FFC_sans_bias27": {"write": {"device_start": 1585587561.71665, "host_queued_start": 1585587627.133736, "device_queued": 1585587561.7163546, "device_end": 1585587561.7167382, "host_queued_end": 1585587627.159771}, "device": "gpu", "nd_range": {"device_start": 1585587561.7167428, "device_end": 1585587561.7173536}, "cmdq": 1, "read": {"device_start": -1, "device_end": -1}}, "FFC_sans_bias20": {"write": {"device_start": -1, "host_queued_start": 1585587627.173915, "device_queued": -1, "device_end": -1, "host_queued_end": 1585587627.181264}, "device": "cpu", "nd_range": {"device_start": 2255401.3912169063, "device_end": 2255401.4003178}, "cmdq": 2, "read": {"device_start": -1, "device_end": -1}}, "FFC_sans_bias22": {"write": {"device_start": -1, "host_queued_start": 1585587627.176246, "device_queued": -1, "device_end": -1, "host_queued_end": 1585587627.181264}, "device": "cpu", "nd_range": {"device_start": 2255401.4091975703, "device_end": 2255401.417786829}, "cmdq": 2, "read": {"device_start": -1, "device_end": -1}}, "softmax68": {"write": {"device_start": -1, "host_queued_start": 1585587627.152892, "device_queued": -1, "device_end": -1, "host_queued_end": 1585587627.159771}, "device": "gpu", "nd_range": {"device_start": 1585587561.727081, "device_end": 1585587561.72746}, "cmdq": 2, "read": {"device_start": -1, "device_end": -1}}, "softmax5": {"write": {"device_start": -1, "host_queued_start": 1585587627.17656, "device_queued": -1, "device_end": -1, "host_queued_end": 1585587627.181264}, "device": "cpu", "nd_range": {"device_start": 2255401.4372496284, "device_end": 2255401.437380489}, "cmdq": 0, "read": {"device_start": -1, "device_end": -1}}, "FFC_sans_bias28": {"write": {"device_start": 1585587561.7167416, "host_queued_start": 1585587627.1348, "device_queued": 1585587561.7163734, "device_end": 1585587561.7167814, "host_queued_end": 1585587627.159771}, "device": "gpu", "nd_range": {"device_start": 1585587561.716787, "device_end": 1585587561.7177544}, "cmdq": 2, "read": {"device_start": -1, "device_end": -1}}, "FFC_sans_bias29": {"write": {"device_start": 1585587561.7168438, "host_queued_start": 1585587627.13584, "device_queued": 1585587561.7163906, "device_end": 1585587561.7169273, "host_queued_end": 1585587627.159771}, "device": "gpu", "nd_range": {"device_start": 1585587561.716936, "device_end": 1585587561.7183347}, "cmdq": 3, "read": {"device_start": -1, "device_end": -1}}, "empty17": {"write": {"device_start": -1, "host_queued_start": 1585587627.162499, "device_queued": -1, "device_end": -1, "host_queued_end": 1585587627.181264}, "device": "cpu", "nd_range": {"device_start": 2255401.370848738, "device_end": 2255401.3708549403}, "cmdq": 1, "read": {"device_start": -1, "device_end": -1}}, "softmax59": {"write": {"device_start": -1, "host_queued_start": 1585587627.152644, "device_queued": -1, "device_end": -1, "host_queued_end": 1585587627.159771}, "device": "gpu", "nd_range": {"device_start": 1585587561.7266004, "device_end": 1585587561.7268043}, "cmdq": 1, "read": {"device_start": -1, "device_end": -1}}, "empty71": {"write": {"device_start": 1585587561.7165267, "host_queued_start": 1585587627.132772, "device_queued": 1585587561.7162855, "device_end": 1585587561.7166028, "host_queued_end": 1585587627.159771}, "device": "gpu", "nd_range": {"device_start": 1585587561.716612, "device_end": 1585587561.7166185}, "cmdq": 0, "read": {"device_start": -1, "device_end": -1}}, "empty35": {"write": {"device_start": 1585587561.7160394, "host_queued_start": 1585587627.129121, "device_queued": 1585587561.7159088, "device_end": 1585587561.716095, "host_queued_end": 1585587627.159771}, "device": "gpu", "nd_range": {"device_start": 1585587561.7161, "device_end": 1585587561.7161045}, "cmdq": 0, "read": {"device_start": -1, "device_end": -1}}, "empty53": {"write": {"device_start": 1585587561.7162974, "host_queued_start": 1585587627.131092, "device_queued": 1585587561.7160625, "device_end": 1585587561.7163775, "host_queued_end": 1585587627.159771}, "device": "gpu", "nd_range": {"device_start": 1585587561.7163842, "device_end": 1585587561.7163894}, "cmdq": 2, "read": {"device_start": -1, "device_end": -1}}, "FFC_sans_bias46": {"write": {"device_start": 1585587561.718876, "host_queued_start": 1585587627.141203, "device_queued": 1585587561.7170622, "device_end": 1585587561.7189078, "host_queued_end": 1585587627.159771}, "device": "gpu", "nd_range": {"device_start": 1585587561.7189147, "device_end": 1585587561.7207325}, "cmdq": 0, "read": {"device_start": -1, "device_end": -1}}, "coalesced_transpose66": {"write": {"device_start": -1, "host_queued_start": 1585587627.15006, "device_queued": -1, "device_end": -1, "host_queued_end": 1585587627.159771}, "device": "gpu", "nd_range": {"device_start": 1585587561.7239742, "device_end": 1585587561.724004}, "cmdq": 0, "read": {"device_start": -1, "device_end": -1}}, "coalesced_transpose48": {"write": {"device_start": -1, "host_queued_start": 1585587627.149448, "device_queued": -1, "device_end": -1, "host_queued_end": 1585587627.159771}, "device": "gpu", "nd_range": {"device_start": 1585587561.7236264, "device_end": 1585587561.7239983}, "cmdq": 2, "read": {"device_start": -1, "device_end": -1}}}