{"FFC_sans_bias60": {"write": {"device_start": -1, "host_queued_start": 1585587760.762852, "device_queued": -1, "device_end": -1, "host_queued_end": 1585587760.765337}, "device": "gpu", "nd_range": {"device_start": 1585587695.322402, "device_end": 1585587695.322989}, "cmdq": 4, "read": {"device_start": -1, "device_end": -1}}, "FFC_sans_bias4": {"write": {"device_start": -1, "host_queued_start": 1585587760.792567, "device_queued": -1, "device_end": -1, "host_queued_end": 1585587760.804206}, "device": "cpu", "nd_range": {"device_start": 2255535.083450737, "device_end": 2255535.10107763}, "cmdq": 0, "read": {"device_start": -1, "device_end": -1}}, "FFC_sans_bias7": {"write": {"device_start": -1, "host_queued_start": 1585587760.799153, "device_queued": -1, "device_end": -1, "host_queued_end": 1585587760.804206}, "device": "cpu", "nd_range": {"device_start": 2255535.138424632, "device_end": 2255535.148284724}, "cmdq": 0, "read": {"device_start": -1, "device_end": -1}}, "FFC_sans_bias6": {"write": {"device_start": -1, "host_queued_start": 1585587760.796366, "device_queued": -1, "device_end": -1, "host_queued_end": 1585587760.804206}, "device": "cpu", "nd_range": {"device_start": 2255535.115681718, "device_end": 2255535.1246750723}, "cmdq": 0, "read": {"device_start": -1, "device_end": -1}}, "FFC_sans_bias1": {"write": {"device_start": -1, "host_queued_start": 1585587760.773183, "device_queued": -1, "device_end": -1, "host_queued_end": 1585587760.804206}, "device": "cpu", "nd_range": {"device_start": 2255534.993845424, "device_end": 2255535.001973729}, "cmdq": 1, "read": {"device_start": -1, "device_end": -1}}, "FFC_sans_bias0": {"write": {"device_start": -1, "host_queued_start": 1585587760.772108, "device_queued": -1, "device_end": -1, "host_queued_end": 1585587760.804206}, "device": "cpu", "nd_range": {"device_start": 2255534.993845573, "device_end": 2255535.00656636}, "cmdq": 0, "read": {"device_start": -1, "device_end": -1}}, "FFC_sans_bias2": {"write": {"device_start": -1, "host_queued_start": 1585587760.774242, "device_queued": -1, "device_end": -1, "host_queued_end": 1585587760.804206}, "device": "cpu", "nd_range": {"device_start": 2255534.993891878, "device_end": 2255535.0084845833}, "cmdq": 2, "read": {"device_start": -1, "device_end": -1}}, "FFC_sans_bias61": {"write": {"device_start": 1585587695.3224628, "host_queued_start": 1585587760.764185, "device_queued": 1585587695.3192465, "device_end": 1585587695.3225274, "host_queued_end": 1585587760.765337}, "device": "gpu", "nd_range": {"device_start": 1585587695.3229914, "device_end": 1585587695.3239634}, "cmdq": 1, "read": {"device_start": 1585587695.323969, "device_end": 1585587695.3239915}}, "FFC_sans_bias52": {"write": {"device_start": -1, "host_queued_start": 1585587760.804161, "device_queued": -1, "device_end": -1, "host_queued_end": 1585587760.804206}, "device": "cpu", "nd_range": {"device_start": 2255535.132004605, "device_end": 2255535.142222625}, "cmdq": 2, "read": {"device_start": -1, "device_end": -1}}, "FFC_sans_bias9": {"write": {"device_start": -1, "host_queued_start": 1585587760.775318, "device_queued": -1, "device_end": -1, "host_queued_end": 1585587760.804206}, "device": "cpu", "nd_range": {"device_start": 2255535.007640142, "device_end": 2255535.019558182}, "cmdq": 0, "read": {"device_start": -1, "device_end": -1}}, "coalesced_transpose39": {"write": {"device_start": -1, "host_queued_start": 1585587760.791884, "device_queued": -1, "device_end": -1, "host_queued_end": 1585587760.804206}, "device": "cpu", "nd_range": {"device_start": 2255535.083191703, "device_end": 2255535.08344034}, "cmdq": 1, "read": {"device_start": -1, "device_end": -1}}, "FFC_sans_bias55": {"write": {"device_start": 1585587695.3184154, "host_queued_start": 1585587760.757346, "device_queued": 1585587695.3183086, "device_end": 1585587695.3184507, "host_queued_end": 1585587760.765337}, "device": "gpu", "nd_range": {"device_start": 1585587695.318454, "device_end": 1585587695.319973}, "cmdq": 4, "read": {"device_start": -1, "device_end": -1}}, "FFC_sans_bias54": {"write": {"device_start": 1585587695.318318, "host_queued_start": 1585587760.756285, "device_queued": 1585587695.3180475, "device_end": 1585587695.318391, "host_queued_end": 1585587760.765337}, "device": "gpu", "nd_range": {"device_start": 1585587695.3184066, "device_end": 1585587695.3194048}, "cmdq": 3, "read": {"device_start": -1, "device_end": -1}}, "FFC_sans_bias56": {"write": {"device_start": 1585587695.3182285, "host_queued_start": 1585587760.755179, "device_queued": 1585587695.3180246, "device_end": 1585587695.3182957, "host_queued_end": 1585587760.765337}, "device": "gpu", "nd_range": {"device_start": 1585587695.3183916, "device_end": 1585587695.319002}, "cmdq": 2, "read": {"device_start": -1, "device_end": -1}}, "FFC_sans_bias51": {"write": {"device_start": -1, "host_queued_start": 1585587760.798097, "device_queued": -1, "device_end": -1, "host_queued_end": 1585587760.804206}, "device": "cpu", "nd_range": {"device_start": 2255535.1081893453, "device_end": 2255535.1234659883}, "cmdq": 2, "read": {"device_start": -1, "device_end": -1}}, "softmax23": {"write": {"device_start": -1, "host_queued_start": 1585587760.795149, "device_queued": -1, "device_end": -1, "host_queued_end": 1585587760.804206}, "device": "cpu", "nd_range": {"device_start": 2255535.099617626, "device_end": 2255535.0997085003}, "cmdq": 2, "read": {"device_start": -1, "device_end": -1}}, "FFC_sans_bias37": {"write": {"device_start": -1, "host_queued_start": 1585587760.785864, "device_queued": -1, "device_end": -1, "host_queued_end": 1585587760.804206}, "device": "cpu", "nd_range": {"device_start": 2255535.057809616, "device_end": 2255535.0706939693}, "cmdq": 1, "read": {"device_start": -1, "device_end": -1}}, "empty62": {"write": {"device_start": 1585587695.318032, "host_queued_start": 1585587760.753104, "device_queued": 1585587695.3179073, "device_end": 1585587695.3180807, "host_queued_end": 1585587760.765337}, "device": "gpu", "nd_range": {"device_start": 1585587695.3180897, "device_end": 1585587695.318095}, "cmdq": 0, "read": {"device_start": -1, "device_end": -1}}, "FFC_sans_bias70": {"write": {"device_start": 1585587695.322538, "host_queued_start": 1585587760.765238, "device_queued": 1585587695.3192732, "device_end": 1585587695.322563, "host_queued_end": 1585587760.765337}, "device": "gpu", "nd_range": {"device_start": 1585587695.3234167, "device_end": 1585587695.3243759}, "cmdq": 2, "read": {"device_start": 1585587695.324381, "device_end": 1585587695.3244042}}, "FFC_sans_bias58": {"write": {"device_start": -1, "host_queued_start": 1585587760.761671, "device_queued": -1, "device_end": -1, "host_queued_end": 1585587760.765337}, "device": "gpu", "nd_range": {"device_start": 1585587695.3212612, "device_end": 1585587695.3218737}, "cmdq": 0, "read": {"device_start": -1, "device_end": -1}}, "softmax41": {"write": {"device_start": -1, "host_queued_start": 1585587760.795712, "device_queued": -1, "device_end": -1, "host_queued_end": 1585587760.804206}, "device": "cpu", "nd_range": {"device_start": 2255535.116996401, "device_end": 2255535.117198654}, "cmdq": 1, "read": {"device_start": -1, "device_end": -1}}, "FFC_sans_bias11": {"write": {"device_start": -1, "host_queued_start": 1585587760.777409, "device_queued": -1, "device_end": -1, "host_queued_end": 1585587760.804206}, "device": "cpu", "nd_range": {"device_start": 2255535.008603326, "device_end": 2255535.0205456163}, "cmdq": 2, "read": {"device_start": -1, "device_end": -1}}, "FFC_sans_bias10": {"write": {"device_start": -1, "host_queued_start": 1585587760.776359, "device_queued": -1, "device_end": -1, "host_queued_end": 1585587760.804206}, "device": "cpu", "nd_range": {"device_start": 2255535.002083283, "device_end": 2255535.018067684}, "cmdq": 1, "read": {"device_start": -1, "device_end": -1}}, "coalesced_transpose3": {"write": {"device_start": -1, "host_queued_start": 1585587760.790462, "device_queued": -1, "device_end": -1, "host_queued_end": 1585587760.804206}, "device": "cpu", "nd_range": {"device_start": 2255535.081498959, "device_end": 2255535.0830480233}, "cmdq": 0, "read": {"device_start": -1, "device_end": -1}}, "FFC_sans_bias34": {"write": {"device_start": -1, "host_queued_start": 1585587760.802157, "device_queued": -1, "device_end": -1, "host_queued_end": 1585587760.804206}, "device": "cpu", "nd_range": {"device_start": 2255535.148289693, "device_end": 2255535.1574737104}, "cmdq": 0, "read": {"device_start": -1, "device_end": -1}}, "FFC_sans_bias15": {"write": {"device_start": -1, "host_queued_start": 1585587760.796715, "device_queued": -1, "device_end": -1, "host_queued_end": 1585587760.804206}, "device": "cpu", "nd_range": {"device_start": 2255535.117204306, "device_end": 2255535.138067447}, "cmdq": 1, "read": {"device_start": -1, "device_end": -1}}, "FFC_sans_bias31": {"write": {"device_start": -1, "host_queued_start": 1585587760.793603, "device_queued": -1, "device_end": -1, "host_queued_end": 1585587760.804206}, "device": "cpu", "nd_range": {"device_start": 2255535.1011854853, "device_end": 2255535.114924563}, "cmdq": 0, "read": {"device_start": -1, "device_end": -1}}, "FFC_sans_bias16": {"write": {"device_start": -1, "host_queued_start": 1585587760.800146, "device_queued": -1, "device_end": -1, "host_queued_end": 1585587760.804206}, "device": "cpu", "nd_range": {"device_start": 2255535.1500015333, "device_end": 2255535.164472915}, "cmdq": 1, "read": {"device_start": -1, "device_end": -1}}, "FFC_sans_bias19": {"write": {"device_start": -1, "host_queued_start": 1585587760.77951, "device_queued": -1, "device_end": -1, "host_queued_end": 1585587760.804206}, "device": "cpu", "nd_range": {"device_start": 2255535.0185337933, "device_end": 2255535.037799986}, "cmdq": 1, "read": {"device_start": -1, "device_end": -1}}, "FFC_sans_bias18": {"write": {"device_start": -1, "host_queued_start": 1585587760.778457, "device_queued": -1, "device_end": -1, "host_queued_end": 1585587760.804206}, "device": "cpu", "nd_range": {"device_start": 2255535.019680559, "device_end": 2255535.0416722293}, "cmdq": 0, "read": {"device_start": -1, "device_end": -1}}, "coalesced_transpose30": {"write": {"device_start": -1, "host_queued_start": 1585587760.791464, "device_queued": -1, "device_end": -1, "host_queued_end": 1585587760.804206}, "device": "cpu", "nd_range": {"device_start": 2255535.083062378, "device_end": 2255535.0833332813}, "cmdq": 0, "read": {"device_start": -1, "device_end": -1}}, "FFC_sans_bias69": {"write": {"device_start": -1, "host_queued_start": 1585587760.763169, "device_queued": -1, "device_end": -1, "host_queued_end": 1585587760.765337}, "device": "gpu", "nd_range": {"device_start": 1585587695.322725, "device_end": 1585587695.3234122}, "cmdq": 0, "read": {"device_start": -1, "device_end": -1}}, "FFC_sans_bias38": {"write": {"device_start": -1, "host_queued_start": 1585587760.786941, "device_queued": -1, "device_end": -1, "host_queued_end": 1585587760.804206}, "device": "cpu", "nd_range": {"device_start": 2255535.036659922, "device_end": 2255535.042855165}, "cmdq": 2, "read": {"device_start": -1, "device_end": -1}}, "coalesced_transpose57": {"write": {"device_start": -1, "host_queued_start": 1585587760.760874, "device_queued": -1, "device_end": -1, "host_queued_end": 1585587760.765337}, "device": "gpu", "nd_range": {"device_start": 1585587695.319981, "device_end": 1585587695.3212543}, "cmdq": 3, "read": {"device_start": -1, "device_end": -1}}, "empty26": {"write": {"device_start": -1, "host_queued_start": 1585587760.768596, "device_queued": -1, "device_end": -1, "host_queued_end": 1585587760.804206}, "device": "cpu", "nd_range": {"device_start": 2255534.993860199, "device_end": 2255534.993867107}, "cmdq": 2, "read": {"device_start": -1, "device_end": -1}}, "coalesced_transpose12": {"write": {"device_start": -1, "host_queued_start": 1585587760.790802, "device_queued": -1, "device_end": -1, "host_queued_end": 1585587760.804206}, "device": "cpu", "nd_range": {"device_start": 2255535.076408024, "device_end": 2255535.08286433}, "cmdq": 1, "read": {"device_start": -1, "device_end": -1}}, "empty44": {"write": {"device_start": -1, "host_queued_start": 1585587760.770243, "device_queued": -1, "device_end": -1, "host_queued_end": 1585587760.804206}, "device": "cpu", "nd_range": {"device_start": 2255534.9938376793, "device_end": 2255534.993838914}, "cmdq": 1, "read": {"device_start": -1, "device_end": -1}}, "coalesced_transpose21": {"write": {"device_start": -1, "host_queued_start": 1585587760.791134, "device_queued": -1, "device_end": -1, "host_queued_end": 1585587760.804206}, "device": "cpu", "nd_range": {"device_start": 2255535.054712558, "device_end": 2255535.0548072653}, "cmdq": 2, "read": {"device_start": -1, "device_end": -1}}, "FFC_sans_bias36": {"write": {"device_start": -1, "host_queued_start": 1585587760.784819, "device_queued": -1, "device_end": -1, "host_queued_end": 1585587760.804206}, "device": "cpu", "nd_range": {"device_start": 2255535.057810311, "device_end": 2255535.070694345}, "cmdq": 0, "read": {"device_start": -1, "device_end": -1}}, "softmax14": {"write": {"device_start": -1, "host_queued_start": 1585587760.794871, "device_queued": -1, "device_end": -1, "host_queued_end": 1585587760.804206}, "device": "cpu", "nd_range": {"device_start": 2255535.116776259, "device_end": 2255535.116989145}, "cmdq": 1, "read": {"device_start": -1, "device_end": -1}}, "FFC_sans_bias13": {"write": {"device_start": -1, "host_queued_start": 1585587760.792914, "device_queued": -1, "device_end": -1, "host_queued_end": 1585587760.804206}, "device": "cpu", "nd_range": {"device_start": 2255535.083805778, "device_end": 2255535.100654602}, "cmdq": 1, "read": {"device_start": -1, "device_end": -1}}, "empty8": {"write": {"device_start": -1, "host_queued_start": 1585587760.766764, "device_queued": -1, "device_end": -1, "host_queued_end": 1585587760.804206}, "device": "cpu", "nd_range": {"device_start": 2255534.9938047733, "device_end": 2255534.993816173}, "cmdq": 0, "read": {"device_start": -1, "device_end": -1}}, "FFC_sans_bias42": {"write": {"device_start": -1, "host_queued_start": 1585587760.797751, "device_queued": -1, "device_end": -1, "host_queued_end": 1585587760.804206}, "device": "cpu", "nd_range": {"device_start": 2255535.1380751943, "device_end": 2255535.149992982}, "cmdq": 1, "read": {"device_start": -1, "device_end": -1}}, "FFC_sans_bias43": {"write": {"device_start": -1, "host_queued_start": 1585587760.803172, "device_queued": -1, "device_end": -1, "host_queued_end": 1585587760.804206}, "device": "cpu", "nd_range": {"device_start": 2255535.164478246, "device_end": 2255535.1683140784}, "cmdq": 1, "read": {"device_start": -1, "device_end": -1}}, "FFC_sans_bias40": {"write": {"device_start": -1, "host_queued_start": 1585587760.793946, "device_queued": -1, "device_end": -1, "host_queued_end": 1585587760.804206}, "device": "cpu", "nd_range": {"device_start": 2255535.10066349, "device_end": 2255535.11676906}, "cmdq": 1, "read": {"device_start": -1, "device_end": -1}}, "softmax32": {"write": {"device_start": -1, "host_queued_start": 1585587760.795423, "device_queued": -1, "device_end": -1, "host_queued_end": 1585587760.804206}, "device": "cpu", "nd_range": {"device_start": 2255535.115371659, "device_end": 2255535.115574586}, "cmdq": 0, "read": {"device_start": -1, "device_end": -1}}, "FFC_sans_bias47": {"write": {"device_start": -1, "host_queued_start": 1585587760.790128, "device_queued": -1, "device_end": -1, "host_queued_end": 1585587760.804206}, "device": "cpu", "nd_range": {"device_start": 2255535.042967976, "device_end": 2255535.054592998}, "cmdq": 2, "read": {"device_start": -1, "device_end": -1}}, "FFC_sans_bias45": {"write": {"device_start": -1, "host_queued_start": 1585587760.787983, "device_queued": -1, "device_end": -1, "host_queued_end": 1585587760.804206}, "device": "cpu", "nd_range": {"device_start": 2255535.070712559, "device_end": 2255535.081491569}, "cmdq": 0, "read": {"device_start": -1, "device_end": -1}}, "softmax50": {"write": {"device_start": -1, "host_queued_start": 1585587760.796021, "device_queued": -1, "device_end": -1, "host_queued_end": 1585587760.804206}, "device": "cpu", "nd_range": {"device_start": 2255535.099820788, "device_end": 2255535.0998977753}, "cmdq": 2, "read": {"device_start": -1, "device_end": -1}}, "FFC_sans_bias33": {"write": {"device_start": -1, "host_queued_start": 1585587760.797404, "device_queued": -1, "device_end": -1, "host_queued_end": 1585587760.804206}, "device": "cpu", "nd_range": {"device_start": 2255535.124786111, "device_end": 2255535.138313407}, "cmdq": 0, "read": {"device_start": -1, "device_end": -1}}, "FFC_sans_bias63": {"write": {"device_start": 1585587695.3191013, "host_queued_start": 1585587760.760543, "device_queued": 1585587695.3186347, "device_end": 1585587695.3191314, "host_queued_end": 1585587760.765337}, "device": "gpu", "nd_range": {"device_start": 1585587695.3191366, "device_end": 1585587695.3213866}, "cmdq": 2, "read": {"device_start": -1, "device_end": -1}}, "FFC_sans_bias49": {"write": {"device_start": -1, "host_queued_start": 1585587760.794297, "device_queued": -1, "device_end": -1, "host_queued_end": 1585587760.804206}, "device": "cpu", "nd_range": {"device_start": 2255535.090402326, "device_end": 2255535.099497618}, "cmdq": 2, "read": {"device_start": -1, "device_end": -1}}, "FFC_sans_bias64": {"write": {"device_start": 1585587695.3186762, "host_queued_start": 1585587760.758416, "device_queued": 1585587695.318543, "device_end": 1585587695.3187585, "host_queued_end": 1585587760.765337}, "device": "gpu", "nd_range": {"device_start": 1585587695.3187666, "device_end": 1585587695.320402}, "cmdq": 0, "read": {"device_start": -1, "device_end": -1}}, "FFC_sans_bias65": {"write": {"device_start": 1585587695.318761, "host_queued_start": 1585587760.759506, "device_queued": 1585587695.3186166, "device_end": 1585587695.3187912, "host_queued_end": 1585587760.765337}, "device": "gpu", "nd_range": {"device_start": 1585587695.3188655, "device_end": 1585587695.3209372}, "cmdq": 1, "read": {"device_start": -1, "device_end": -1}}, "FFC_sans_bias67": {"write": {"device_start": -1, "host_queued_start": 1585587760.761991, "device_queued": -1, "device_end": -1, "host_queued_end": 1585587760.765337}, "device": "gpu", "nd_range": {"device_start": 1585587695.3212729, "device_end": 1585587695.3223648}, "cmdq": 1, "read": {"device_start": -1, "device_end": -1}}, "FFC_sans_bias24": {"write": {"device_start": -1, "host_queued_start": 1585587760.79706, "device_queued": -1, "device_end": -1, "host_queued_end": 1585587760.804206}, "device": "cpu", "nd_range": {"device_start": 2255535.100008965, "device_end": 2255535.108073788}, "cmdq": 2, "read": {"device_start": -1, "device_end": -1}}, "FFC_sans_bias25": {"write": {"device_start": -1, "host_queued_start": 1585587760.801141, "device_queued": -1, "device_end": -1, "host_queued_end": 1585587760.804206}, "device": "cpu", "nd_range": {"device_start": 2255535.123477395, "device_end": 2255535.131997041}, "cmdq": 2, "read": {"device_start": -1, "device_end": -1}}, "FFC_sans_bias27": {"write": {"device_start": -1, "host_queued_start": 1585587760.781621, "device_queued": -1, "device_end": -1, "host_queued_end": 1585587760.804206}, "device": "cpu", "nd_range": {"device_start": 2255535.0417902092, "device_end": 2255535.057792146}, "cmdq": 0, "read": {"device_start": -1, "device_end": -1}}, "FFC_sans_bias20": {"write": {"device_start": -1, "host_queued_start": 1585587760.780561, "device_queued": -1, "device_end": -1, "host_queued_end": 1585587760.804206}, "device": "cpu", "nd_range": {"device_start": 2255535.020658886, "device_end": 2255535.031092868}, "cmdq": 2, "read": {"device_start": -1, "device_end": -1}}, "FFC_sans_bias22": {"write": {"device_start": -1, "host_queued_start": 1585587760.793259, "device_queued": -1, "device_end": -1, "host_queued_end": 1585587760.804206}, "device": "cpu", "nd_range": {"device_start": 2255535.078014571, "device_end": 2255535.0902728313}, "cmdq": 2, "read": {"device_start": -1, "device_end": -1}}, "softmax68": {"write": {"device_start": -1, "host_queued_start": 1585587760.762516, "device_queued": -1, "device_end": -1, "host_queued_end": 1585587760.765337}, "device": "gpu", "nd_range": {"device_start": 1585587695.3223712, "device_end": 1585587695.322722}, "cmdq": 3, "read": {"device_start": -1, "device_end": -1}}, "softmax5": {"write": {"device_start": -1, "host_queued_start": 1585587760.794592, "device_queued": -1, "device_end": -1, "host_queued_end": 1585587760.804206}, "device": "cpu", "nd_range": {"device_start": 2255535.1150505682, "device_end": 2255535.115263503}, "cmdq": 0, "read": {"device_start": -1, "device_end": -1}}, "FFC_sans_bias28": {"write": {"device_start": -1, "host_queued_start": 1585587760.782721, "device_queued": -1, "device_end": -1, "host_queued_end": 1585587760.804206}, "device": "cpu", "nd_range": {"device_start": 2255535.038244856, "device_end": 2255535.057791286}, "cmdq": 1, "read": {"device_start": -1, "device_end": -1}}, "FFC_sans_bias29": {"write": {"device_start": -1, "host_queued_start": 1585587760.783774, "device_queued": -1, "device_end": -1, "host_queued_end": 1585587760.804206}, "device": "cpu", "nd_range": {"device_start": 2255535.0312032592, "device_end": 2255535.0365468743}, "cmdq": 2, "read": {"device_start": -1, "device_end": -1}}, "empty17": {"write": {"device_start": -1, "host_queued_start": 1585587760.767756, "device_queued": -1, "device_end": -1, "host_queued_end": 1585587760.804206}, "device": "cpu", "nd_range": {"device_start": 2255534.993803984, "device_end": 2255534.993816163}, "cmdq": 1, "read": {"device_start": -1, "device_end": -1}}, "softmax59": {"write": {"device_start": -1, "host_queued_start": 1585587760.762259, "device_queued": -1, "device_end": -1, "host_queued_end": 1585587760.765337}, "device": "gpu", "nd_range": {"device_start": 1585587695.3218813, "device_end": 1585587695.3223984}, "cmdq": 2, "read": {"device_start": -1, "device_end": -1}}, "empty71": {"write": {"device_start": 1585587695.3181355, "host_queued_start": 1585587760.754147, "device_queued": 1585587695.3180022, "device_end": 1585587695.3182096, "host_queued_end": 1585587760.765337}, "device": "gpu", "nd_range": {"device_start": 1585587695.318361, "device_end": 1585587695.318396}, "cmdq": 1, "read": {"device_start": -1, "device_end": -1}}, "empty35": {"write": {"device_start": -1, "host_queued_start": 1585587760.769437, "device_queued": -1, "device_end": -1, "host_queued_end": 1585587760.804206}, "device": "cpu", "nd_range": {"device_start": 2255534.9938384653, "device_end": 2255534.9938394614}, "cmdq": 0, "read": {"device_start": -1, "device_end": -1}}, "empty53": {"write": {"device_start": -1, "host_queued_start": 1585587760.771107, "device_queued": -1, "device_end": -1, "host_queued_end": 1585587760.804206}, "device": "cpu", "nd_range": {"device_start": 2255534.993885045, "device_end": 2255534.9938861113}, "cmdq": 2, "read": {"device_start": -1, "device_end": -1}}, "FFC_sans_bias46": {"write": {"device_start": -1, "host_queued_start": 1585587760.789057, "device_queued": -1, "device_end": -1, "host_queued_end": 1585587760.804206}, "device": "cpu", "nd_range": {"device_start": 2255535.070712576, "device_end": 2255535.076399185}, "cmdq": 1, "read": {"device_start": -1, "device_end": -1}}, "coalesced_transpose66": {"write": {"device_start": -1, "host_queued_start": 1585587760.761351, "device_queued": -1, "device_end": -1, "host_queued_end": 1585587760.765337}, "device": "gpu", "nd_range": {"device_start": 1585587695.3204074, "device_end": 1585587695.3212674}, "cmdq": 4, "read": {"device_start": -1, "device_end": -1}}, "coalesced_transpose48": {"write": {"device_start": -1, "host_queued_start": 1585587760.79222, "device_queued": -1, "device_end": -1, "host_queued_end": 1585587760.804206}, "device": "cpu", "nd_range": {"device_start": 2255535.0776720783, "device_end": 2255535.077908923}, "cmdq": 2, "read": {"device_start": -1, "device_end": -1}}}