{"FFC_sans_bias60": {"write": {"device_start": -1, "host_queued_start": 1585587797.136705, "device_queued": -1, "device_end": -1, "host_queued_end": 1585587797.144435}, "device": "gpu", "nd_range": {"device_start": 1585587731.7168696, "device_end": 1585587731.7182693}, "cmdq": 4, "read": {"device_start": -1, "device_end": -1}}, "FFC_sans_bias4": {"write": {"device_start": -1, "host_queued_start": 1585587797.151292, "device_queued": -1, "device_end": -1, "host_queued_end": 1585587797.153279}, "device": "cpu", "nd_range": {"device_start": 2255571.354671282, "device_end": 2255571.362406217}, "cmdq": 0, "read": {"device_start": -1, "device_end": -1}}, "FFC_sans_bias7": {"write": {"device_start": -1, "host_queued_start": 1585587797.153231, "device_queued": -1, "device_end": -1, "host_queued_end": 1585587797.153279}, "device": "cpu", "nd_range": {"device_start": 2255571.366553922, "device_end": 2255571.3714041063}, "cmdq": 3, "read": {"device_start": -1, "device_end": -1}}, "FFC_sans_bias6": {"write": {"device_start": -1, "host_queued_start": 1585587797.15202, "device_queued": -1, "device_end": -1, "host_queued_end": 1585587797.153279}, "device": "cpu", "nd_range": {"device_start": 2255571.362541892, "device_end": 2255571.3665365144}, "cmdq": 2, "read": {"device_start": -1, "device_end": -1}}, "FFC_sans_bias1": {"write": {"device_start": -1, "host_queued_start": 1585587797.149045, "device_queued": -1, "device_end": -1, "host_queued_end": 1585587797.153279}, "device": "cpu", "nd_range": {"device_start": 2255571.342917094, "device_end": 2255571.351530428}, "cmdq": 2, "read": {"device_start": -1, "device_end": -1}}, "FFC_sans_bias0": {"write": {"device_start": -1, "host_queued_start": 1585587797.14754, "device_queued": -1, "device_end": -1, "host_queued_end": 1585587797.153279}, "device": "cpu", "nd_range": {"device_start": 2255571.342936234, "device_end": 2255571.3546640053}, "cmdq": 1, "read": {"device_start": -1, "device_end": -1}}, "FFC_sans_bias2": {"write": {"device_start": -1, "host_queued_start": 1585587797.15047, "device_queued": -1, "device_end": -1, "host_queued_end": 1585587797.153279}, "device": "cpu", "nd_range": {"device_start": 2255571.342921078, "device_end": 2255571.354618059}, "cmdq": 3, "read": {"device_start": -1, "device_end": -1}}, "FFC_sans_bias61": {"write": {"device_start": 1585587731.7208989, "host_queued_start": 1585587797.143278, "device_queued": 1585587731.7013032, "device_end": 1585587731.72093, "host_queued_end": 1585587797.144435}, "device": "gpu", "nd_range": {"device_start": 1585587731.72094, "device_end": 1585587731.7220836}, "cmdq": 1, "read": {"device_start": 1585587731.7220864, "device_end": 1585587731.722109}}, "FFC_sans_bias52": {"write": {"device_start": 1585587731.7190595, "host_queued_start": 1585587797.142228, "device_queued": 1585587731.7011685, "device_end": 1585587731.7190845, "host_queued_end": 1585587797.144435}, "device": "gpu", "nd_range": {"device_start": 1585587731.719097, "device_end": 1585587731.7211745}, "cmdq": 0, "read": {"device_start": 1585587731.7211828, "device_end": 1585587731.7212052}}, "FFC_sans_bias9": {"write": {"device_start": 1585587731.69698, "host_queued_start": 1585587797.107372, "device_queued": 1585587731.6965628, "device_end": 1585587731.69704, "host_queued_end": 1585587797.144435}, "device": "gpu", "nd_range": {"device_start": 1585587731.6970472, "device_end": 1585587731.6976595}, "cmdq": 2, "read": {"device_start": -1, "device_end": -1}}, "coalesced_transpose39": {"write": {"device_start": -1, "host_queued_start": 1585587797.129694, "device_queued": -1, "device_end": -1, "host_queued_end": 1585587797.144435}, "device": "gpu", "nd_range": {"device_start": 1585587731.7068026, "device_end": 1585587731.7068143}, "cmdq": 1, "read": {"device_start": -1, "device_end": -1}}, "FFC_sans_bias55": {"write": {"device_start": 1585587731.7035546, "host_queued_start": 1585587797.125302, "device_queued": 1585587731.6984556, "device_end": 1585587731.7035801, "host_queued_end": 1585587797.144435}, "device": "gpu", "nd_range": {"device_start": 1585587731.7035959, "device_end": 1585587731.705846}, "cmdq": 4, "read": {"device_start": -1, "device_end": -1}}, "FFC_sans_bias54": {"write": {"device_start": 1585587731.7030683, "host_queued_start": 1585587797.124264, "device_queued": 1585587731.6984403, "device_end": 1585587731.7030947, "host_queued_end": 1585587797.144435}, "device": "gpu", "nd_range": {"device_start": 1585587731.7031107, "device_end": 1585587731.7053745}, "cmdq": 3, "read": {"device_start": -1, "device_end": -1}}, "FFC_sans_bias56": {"write": {"device_start": 1585587731.7025836, "host_queued_start": 1585587797.123228, "device_queued": 1585587731.6984105, "device_end": 1585587731.7026103, "host_queued_end": 1585587797.144435}, "device": "gpu", "nd_range": {"device_start": 1585587731.702619, "device_end": 1585587731.7048779}, "cmdq": 2, "read": {"device_start": -1, "device_end": -1}}, "FFC_sans_bias51": {"write": {"device_start": -1, "host_queued_start": 1585587797.136302, "device_queued": -1, "device_end": -1, "host_queued_end": 1585587797.144435}, "device": "gpu", "nd_range": {"device_start": 1585587731.716883, "device_end": 1585587731.7187734}, "cmdq": 3, "read": {"device_start": -1, "device_end": -1}}, "softmax23": {"write": {"device_start": -1, "host_queued_start": 1585587797.133432, "device_queued": -1, "device_end": -1, "host_queued_end": 1585587797.144435}, "device": "gpu", "nd_range": {"device_start": 1585587731.7150593, "device_end": 1585587731.7152636}, "cmdq": 3, "read": {"device_start": -1, "device_end": -1}}, "FFC_sans_bias37": {"write": {"device_start": 1585587731.7001636, "host_queued_start": 1585587797.117981, "device_queued": 1585587731.697794, "device_end": 1585587731.7001946, "host_queued_end": 1585587797.144435}, "device": "gpu", "nd_range": {"device_start": 1585587731.7001987, "device_end": 1585587731.7024527}, "cmdq": 2, "read": {"device_start": -1, "device_end": -1}}, "empty62": {"write": {"device_start": 1585587731.6967785, "host_queued_start": 1585587797.105539, "device_queued": 1585587731.6965024, "device_end": 1585587731.6968706, "host_queued_end": 1585587797.144435}, "device": "gpu", "nd_range": {"device_start": 1585587731.696895, "device_end": 1585587731.696917}, "cmdq": 0, "read": {"device_start": -1, "device_end": -1}}, "FFC_sans_bias70": {"write": {"device_start": 1585587731.7199917, "host_queued_start": 1585587797.144332, "device_queued": 1585587731.7014232, "device_end": 1585587731.720017, "host_queued_end": 1585587797.144435}, "device": "gpu", "nd_range": {"device_start": 1585587731.720028, "device_end": 1585587731.7216575}, "cmdq": 2, "read": {"device_start": 1585587731.7216673, "device_end": 1585587731.7216954}}, "FFC_sans_bias58": {"write": {"device_start": -1, "host_queued_start": 1585587797.132601, "device_queued": -1, "device_end": -1, "host_queued_end": 1585587797.144435}, "device": "gpu", "nd_range": {"device_start": 1585587731.7125678, "device_end": 1585587731.7135656}, "cmdq": 0, "read": {"device_start": -1, "device_end": -1}}, "softmax41": {"write": {"device_start": -1, "host_queued_start": 1585587797.133939, "device_queued": -1, "device_end": -1, "host_queued_end": 1585587797.144435}, "device": "gpu", "nd_range": {"device_start": 1585587731.7135763, "device_end": 1585587731.715325}, "cmdq": 0, "read": {"device_start": -1, "device_end": -1}}, "FFC_sans_bias11": {"write": {"device_start": 1585587731.6971838, "host_queued_start": 1585587797.109611, "device_queued": 1585587731.696767, "device_end": 1585587731.69727, "host_queued_end": 1585587797.144435}, "device": "gpu", "nd_range": {"device_start": 1585587731.697274, "device_end": 1585587731.6986325}, "cmdq": 4, "read": {"device_start": -1, "device_end": -1}}, "FFC_sans_bias10": {"write": {"device_start": 1585587731.6970766, "host_queued_start": 1585587797.108416, "device_queued": 1585587731.6967432, "device_end": 1585587731.697145, "host_queued_end": 1585587797.144435}, "device": "gpu", "nd_range": {"device_start": 1585587731.6971498, "device_end": 1585587731.6980557}, "cmdq": 3, "read": {"device_start": -1, "device_end": -1}}, "coalesced_transpose3": {"write": {"device_start": -1, "host_queued_start": 1585587797.150864, "device_queued": -1, "device_end": -1, "host_queued_end": 1585587797.153279}, "device": "cpu", "nd_range": {"device_start": 2255571.3543822863, "device_end": 2255571.354543704}, "cmdq": 4, "read": {"device_start": -1, "device_end": -1}}, "FFC_sans_bias34": {"write": {"device_start": 1585587731.7188506, "host_queued_start": 1585587797.140139, "device_queued": 1585587731.700697, "device_end": 1585587731.7188756, "host_queued_end": 1585587797.144435}, "device": "gpu", "nd_range": {"device_start": 1585587731.718889, "device_end": 1585587731.7202108}, "cmdq": 3, "read": {"device_start": 1585587731.7202141, "device_end": 1585587731.7202373}}, "FFC_sans_bias15": {"write": {"device_start": -1, "host_queued_start": 1585587797.135019, "device_queued": -1, "device_end": -1, "host_queued_end": 1585587797.144435}, "device": "gpu", "nd_range": {"device_start": 1585587731.7153597, "device_end": 1585587731.7168598}, "cmdq": 4, "read": {"device_start": -1, "device_end": -1}}, "FFC_sans_bias31": {"write": {"device_start": -1, "host_queued_start": 1585587797.131617, "device_queued": -1, "device_end": -1, "host_queued_end": 1585587797.144435}, "device": "gpu", "nd_range": {"device_start": 1585587731.7125943, "device_end": 1585587731.7145526}, "cmdq": 2, "read": {"device_start": -1, "device_end": -1}}, "FFC_sans_bias16": {"write": {"device_start": 1585587731.7189572, "host_queued_start": 1585587797.138033, "device_queued": 1585587731.7007515, "device_end": 1585587731.718982, "host_queued_end": 1585587797.144435}, "device": "gpu", "nd_range": {"device_start": 1585587731.718998, "device_end": 1585587731.7206905}, "cmdq": 1, "read": {"device_start": 1585587731.720704, "device_end": 1585587731.720727}}, "FFC_sans_bias19": {"write": {"device_start": 1585587731.69736, "host_queued_start": 1585587797.11173, "device_queued": 1585587731.6971366, "device_end": 1585587731.697386, "host_queued_end": 1585587797.144435}, "device": "gpu", "nd_range": {"device_start": 1585587731.6974006, "device_end": 1585587731.6995947}, "cmdq": 1, "read": {"device_start": -1, "device_end": -1}}, "FFC_sans_bias18": {"write": {"device_start": 1585587731.6972723, "host_queued_start": 1585587797.110672, "device_queued": 1585587731.6970775, "device_end": 1585587731.6973114, "host_queued_end": 1585587797.144435}, "device": "gpu", "nd_range": {"device_start": 1585587731.6973166, "device_end": 1585587731.6990547}, "cmdq": 0, "read": {"device_start": -1, "device_end": -1}}, "coalesced_transpose30": {"write": {"device_start": -1, "host_queued_start": 1585587797.129389, "device_queued": -1, "device_end": -1, "host_queued_end": 1585587797.144435}, "device": "gpu", "nd_range": {"device_start": 1585587731.7063358, "device_end": 1585587731.706717}, "cmdq": 0, "read": {"device_start": -1, "device_end": -1}}, "FFC_sans_bias69": {"write": {"device_start": -1, "host_queued_start": 1585587797.137021, "device_queued": -1, "device_end": -1, "host_queued_end": 1585587797.144435}, "device": "gpu", "nd_range": {"device_start": 1585587731.7163067, "device_end": 1585587731.717282}, "cmdq": 0, "read": {"device_start": -1, "device_end": -1}}, "FFC_sans_bias38": {"write": {"device_start": 1585587731.70066, "host_queued_start": 1585587797.119054, "device_queued": 1585587731.6978102, "device_end": 1585587731.7006915, "host_queued_end": 1585587797.144435}, "device": "gpu", "nd_range": {"device_start": 1585587731.7006986, "device_end": 1585587731.7029536}, "cmdq": 3, "read": {"device_start": -1, "device_end": -1}}, "coalesced_transpose57": {"write": {"device_start": -1, "host_queued_start": 1585587797.130319, "device_queued": -1, "device_end": -1, "host_queued_end": 1585587797.144435}, "device": "gpu", "nd_range": {"device_start": 1585587731.7066972, "device_end": 1585587731.7067258}, "cmdq": 3, "read": {"device_start": -1, "device_end": -1}}, "empty26": {"write": {"device_start": 1585587731.6963222, "host_queued_start": 1585587797.102136, "device_queued": 1585587731.6962187, "device_end": 1585587731.6963952, "host_queued_end": 1585587797.144435}, "device": "gpu", "nd_range": {"device_start": 1585587731.6964347, "device_end": 1585587731.6964421}, "cmdq": 1, "read": {"device_start": -1, "device_end": -1}}, "coalesced_transpose12": {"write": {"device_start": -1, "host_queued_start": 1585587797.128769, "device_queued": -1, "device_end": -1, "host_queued_end": 1585587797.144435}, "device": "gpu", "nd_range": {"device_start": 1585587731.705376, "device_end": 1585587731.706687}, "cmdq": 3, "read": {"device_start": -1, "device_end": -1}}, "empty44": {"write": {"device_start": 1585587731.6965637, "host_queued_start": 1585587797.103852, "device_queued": 1585587731.6962616, "device_end": 1585587731.6966386, "host_queued_end": 1585587797.144435}, "device": "gpu", "nd_range": {"device_start": 1585587731.6966455, "device_end": 1585587731.6966507}, "cmdq": 3, "read": {"device_start": -1, "device_end": -1}}, "coalesced_transpose21": {"write": {"device_start": -1, "host_queued_start": 1585587797.129084, "device_queued": -1, "device_end": -1, "host_queued_end": 1585587797.144435}, "device": "gpu", "nd_range": {"device_start": 1585587731.7058482, "device_end": 1585587731.7067015}, "cmdq": 4, "read": {"device_start": -1, "device_end": -1}}, "FFC_sans_bias36": {"write": {"device_start": 1585587731.6997147, "host_queued_start": 1585587797.116945, "device_queued": 1585587731.6977706, "device_end": 1585587731.699746, "host_queued_end": 1585587797.144435}, "device": "gpu", "nd_range": {"device_start": 1585587731.699753, "device_end": 1585587731.7020156}, "cmdq": 1, "read": {"device_start": -1, "device_end": -1}}, "softmax14": {"write": {"device_start": -1, "host_queued_start": 1585587797.133175, "device_queued": -1, "device_end": -1, "host_queued_end": 1585587797.144435}, "device": "gpu", "nd_range": {"device_start": 1585587731.7145631, "device_end": 1585587731.7153387}, "cmdq": 2, "read": {"device_start": -1, "device_end": -1}}, "FFC_sans_bias13": {"write": {"device_start": -1, "host_queued_start": 1585587797.130968, "device_queued": -1, "device_end": -1, "host_queued_end": 1585587797.144435}, "device": "gpu", "nd_range": {"device_start": 1585587731.7109551, "device_end": 1585587731.7115712}, "cmdq": 0, "read": {"device_start": -1, "device_end": -1}}, "empty8": {"write": {"device_start": -1, "host_queued_start": 1585587797.146085, "device_queued": -1, "device_end": -1, "host_queued_end": 1585587797.153279}, "device": "cpu", "nd_range": {"device_start": 2255571.342841649, "device_end": 2255571.342868055}, "cmdq": 0, "read": {"device_start": -1, "device_end": -1}}, "FFC_sans_bias42": {"write": {"device_start": -1, "host_queued_start": 1585587797.135978, "device_queued": -1, "device_end": -1, "host_queued_end": 1585587797.144435}, "device": "gpu", "nd_range": {"device_start": 1585587731.7165196, "device_end": 1585587731.7178316}, "cmdq": 2, "read": {"device_start": -1, "device_end": -1}}, "FFC_sans_bias43": {"write": {"device_start": 1585587731.7183542, "host_queued_start": 1585587797.141182, "device_queued": 1585587731.7007365, "device_end": 1585587731.7183788, "host_queued_end": 1585587797.144435}, "device": "gpu", "nd_range": {"device_start": 1585587731.7187853, "device_end": 1585587731.71973}, "cmdq": 4, "read": {"device_start": 1585587731.7197354, "device_end": 1585587731.7197592}}, "FFC_sans_bias40": {"write": {"device_start": -1, "host_queued_start": 1585587797.131939, "device_queued": -1, "device_end": -1, "host_queued_end": 1585587797.144435}, "device": "gpu", "nd_range": {"device_start": 1585587731.7125535, "device_end": 1585587731.7131665}, "cmdq": 3, "read": {"device_start": -1, "device_end": -1}}, "softmax32": {"write": {"device_start": -1, "host_queued_start": 1585587797.133683, "device_queued": -1, "device_end": -1, "host_queued_end": 1585587797.144435}, "device": "gpu", "nd_range": {"device_start": 1585587731.7150357, "device_end": 1585587731.7152467}, "cmdq": 4, "read": {"device_start": -1, "device_end": -1}}, "FFC_sans_bias47": {"write": {"device_start": 1585587731.7021174, "host_queued_start": 1585587797.12218, "device_queued": 1585587731.6982841, "device_end": 1585587731.7021513, "host_queued_end": 1585587797.144435}, "device": "gpu", "nd_range": {"device_start": 1585587731.702161, "device_end": 1585587731.7044263}, "cmdq": 1, "read": {"device_start": -1, "device_end": -1}}, "FFC_sans_bias45": {"write": {"device_start": 1585587731.7011995, "host_queued_start": 1585587797.120105, "device_queued": 1585587731.6979635, "device_end": 1585587731.7012267, "host_queued_end": 1585587797.144435}, "device": "gpu", "nd_range": {"device_start": 1585587731.7012343, "device_end": 1585587731.7034342}, "cmdq": 4, "read": {"device_start": -1, "device_end": -1}}, "softmax50": {"write": {"device_start": -1, "host_queued_start": 1585587797.134194, "device_queued": -1, "device_end": -1, "host_queued_end": 1585587797.144435}, "device": "gpu", "nd_range": {"device_start": 1585587731.7150476, "device_end": 1585587731.71524}, "cmdq": 1, "read": {"device_start": -1, "device_end": -1}}, "FFC_sans_bias33": {"write": {"device_start": -1, "host_queued_start": 1585587797.135663, "device_queued": -1, "device_end": -1, "host_queued_end": 1585587797.144435}, "device": "gpu", "nd_range": {"device_start": 1585587731.7152867, "device_end": 1585587731.7158887}, "cmdq": 1, "read": {"device_start": -1, "device_end": -1}}, "FFC_sans_bias63": {"write": {"device_start": 1585587731.710911, "host_queued_start": 1585587797.128433, "device_queued": 1585587731.6989067, "device_end": 1585587731.710938, "host_queued_end": 1585587797.144435}, "device": "gpu", "nd_range": {"device_start": 1585587731.7109718, "device_end": 1585587731.712531}, "cmdq": 2, "read": {"device_start": -1, "device_end": -1}}, "FFC_sans_bias49": {"write": {"device_start": -1, "host_queued_start": 1585587797.132278, "device_queued": -1, "device_end": -1, "host_queued_end": 1585587797.144435}, "device": "gpu", "nd_range": {"device_start": 1585587731.71261, "device_end": 1585587731.7150254}, "cmdq": 4, "read": {"device_start": -1, "device_end": -1}}, "FFC_sans_bias64": {"write": {"device_start": 1585587731.7040367, "host_queued_start": 1585587797.126343, "device_queued": 1585587731.6986573, "device_end": 1585587731.7040632, "host_queued_end": 1585587797.144435}, "device": "gpu", "nd_range": {"device_start": 1585587731.7040696, "device_end": 1585587731.7063324}, "cmdq": 0, "read": {"device_start": -1, "device_end": -1}}, "FFC_sans_bias65": {"write": {"device_start": 1585587731.704558, "host_queued_start": 1585587797.127396, "device_queued": 1585587731.6988864, "device_end": 1585587731.7046013, "host_queued_end": 1585587797.144435}, "device": "gpu", "nd_range": {"device_start": 1585587731.7046082, "device_end": 1585587731.7067952}, "cmdq": 1, "read": {"device_start": -1, "device_end": -1}}, "FFC_sans_bias67": {"write": {"device_start": -1, "host_queued_start": 1585587797.13292, "device_queued": -1, "device_end": -1, "host_queued_end": 1585587797.144435}, "device": "gpu", "nd_range": {"device_start": 1585587731.71258, "device_end": 1585587731.714128}, "cmdq": 1, "read": {"device_start": -1, "device_end": -1}}, "FFC_sans_bias24": {"write": {"device_start": -1, "host_queued_start": 1585587797.135338, "device_queued": -1, "device_end": -1, "host_queued_end": 1585587797.144435}, "device": "gpu", "nd_range": {"device_start": 1585587731.7153347, "device_end": 1585587731.7162971}, "cmdq": 0, "read": {"device_start": -1, "device_end": -1}}, "FFC_sans_bias25": {"write": {"device_start": 1585587731.718459, "host_queued_start": 1585587797.139093, "device_queued": 1585587731.7009027, "device_end": 1585587731.7184844, "host_queued_end": 1585587797.144435}, "device": "gpu", "nd_range": {"device_start": 1585587731.7185004, "device_end": 1585587731.719253}, "cmdq": 2, "read": {"device_start": 1585587731.7198372, "device_end": 1585587731.7198606}}, "FFC_sans_bias27": {"write": {"device_start": 1585587731.6981575, "host_queued_start": 1585587797.113802, "device_queued": 1585587731.6973517, "device_end": 1585587731.6981878, "host_queued_end": 1585587797.144435}, "device": "gpu", "nd_range": {"device_start": 1585587731.6981914, "device_end": 1585587731.7005334}, "cmdq": 3, "read": {"device_start": -1, "device_end": -1}}, "FFC_sans_bias20": {"write": {"device_start": 1585587731.6978378, "host_queued_start": 1585587797.112766, "device_queued": 1585587731.6973283, "device_end": 1585587731.6978667, "host_queued_end": 1585587797.144435}, "device": "gpu", "nd_range": {"device_start": 1585587731.6978693, "device_end": 1585587731.7000434}, "cmdq": 2, "read": {"device_start": -1, "device_end": -1}}, "FFC_sans_bias22": {"write": {"device_start": -1, "host_queued_start": 1585587797.131295, "device_queued": -1, "device_end": -1, "host_queued_end": 1585587797.144435}, "device": "gpu", "nd_range": {"device_start": 1585587731.7109683, "device_end": 1585587731.711966}, "cmdq": 1, "read": {"device_start": -1, "device_end": -1}}, "softmax68": {"write": {"device_start": -1, "host_queued_start": 1585587797.13471, "device_queued": -1, "device_end": -1, "host_queued_end": 1585587797.144435}, "device": "gpu", "nd_range": {"device_start": 1585587731.7152736, "device_end": 1585587731.7156541}, "cmdq": 3, "read": {"device_start": -1, "device_end": -1}}, "softmax5": {"write": {"device_start": -1, "host_queued_start": 1585587797.151641, "device_queued": -1, "device_end": -1, "host_queued_end": 1585587797.153279}, "device": "cpu", "nd_range": {"device_start": 2255571.362425075, "device_end": 2255571.362526954}, "cmdq": 1, "read": {"device_start": -1, "device_end": -1}}, "FFC_sans_bias28": {"write": {"device_start": 1585587731.6987402, "host_queued_start": 1585587797.114865, "device_queued": 1585587731.6973736, "device_end": 1585587731.6987715, "host_queued_end": 1585587797.144435}, "device": "gpu", "nd_range": {"device_start": 1585587731.698785, "device_end": 1585587731.7010226}, "cmdq": 4, "read": {"device_start": -1, "device_end": -1}}, "FFC_sans_bias29": {"write": {"device_start": 1585587731.6991668, "host_queued_start": 1585587797.115909, "device_queued": 1585587731.6975703, "device_end": 1585587731.6991973, "host_queued_end": 1585587797.144435}, "device": "gpu", "nd_range": {"device_start": 1585587731.699204, "device_end": 1585587731.701476}, "cmdq": 0, "read": {"device_start": -1, "device_end": -1}}, "empty17": {"write": {"device_start": 1585587731.6961658, "host_queued_start": 1585587797.101091, "device_queued": 1585587731.6960378, "device_end": 1585587731.6961968, "host_queued_end": 1585587797.144435}, "device": "gpu", "nd_range": {"device_start": 1585587731.6962016, "device_end": 1585587731.6962128}, "cmdq": 0, "read": {"device_start": -1, "device_end": -1}}, "softmax59": {"write": {"device_start": -1, "host_queued_start": 1585587797.134458, "device_queued": -1, "device_end": -1, "host_queued_end": 1585587797.144435}, "device": "gpu", "nd_range": {"device_start": 1585587731.7153478, "device_end": 1585587731.7165105}, "cmdq": 2, "read": {"device_start": -1, "device_end": -1}}, "empty71": {"write": {"device_start": 1585587731.6968737, "host_queued_start": 1585587797.106347, "device_queued": 1585587731.6965437, "device_end": 1585587731.6969144, "host_queued_end": 1585587797.144435}, "device": "gpu", "nd_range": {"device_start": 1585587731.6969194, "device_end": 1585587731.6969266}, "cmdq": 1, "read": {"device_start": -1, "device_end": -1}}, "empty35": {"write": {"device_start": 1585587731.6964467, "host_queued_start": 1585587797.103011, "device_queued": 1585587731.6962428, "device_end": 1585587731.6965213, "host_queued_end": 1585587797.144435}, "device": "gpu", "nd_range": {"device_start": 1585587731.6965282, "device_end": 1585587731.696534}, "cmdq": 2, "read": {"device_start": -1, "device_end": -1}}, "empty53": {"write": {"device_start": 1585587731.6966672, "host_queued_start": 1585587797.104695, "device_queued": 1585587731.6964104, "device_end": 1585587731.6967273, "host_queued_end": 1585587797.144435}, "device": "gpu", "nd_range": {"device_start": 1585587731.696732, "device_end": 1585587731.6967359}, "cmdq": 4, "read": {"device_start": -1, "device_end": -1}}, "FFC_sans_bias46": {"write": {"device_start": 1585587731.701571, "host_queued_start": 1585587797.121138, "device_queued": 1585587731.6982377, "device_end": 1585587731.7015967, "host_queued_end": 1585587797.144435}, "device": "gpu", "nd_range": {"device_start": 1585587731.701606, "device_end": 1585587731.7039113}, "cmdq": 0, "read": {"device_start": -1, "device_end": -1}}, "coalesced_transpose66": {"write": {"device_start": -1, "host_queued_start": 1585587797.130639, "device_queued": -1, "device_end": -1, "host_queued_end": 1585587797.144435}, "device": "gpu", "nd_range": {"device_start": 1585587731.706713, "device_end": 1585587731.7067397}, "cmdq": 4, "read": {"device_start": -1, "device_end": -1}}, "coalesced_transpose48": {"write": {"device_start": -1, "host_queued_start": 1585587797.130003, "device_queued": -1, "device_end": -1, "host_queued_end": 1585587797.144435}, "device": "gpu", "nd_range": {"device_start": 1585587731.7125385, "device_end": 1585587731.7125826}, "cmdq": 2, "read": {"device_start": -1, "device_end": -1}}}