{"FFC_sans_bias60": {"write": {"device_start": -1, "host_queued_start": 1585587501.915361, "device_queued": -1, "device_end": -1, "host_queued_end": 1585587501.920992}, "device": "gpu", "nd_range": {"device_start": 1585587436.491996, "device_end": 1585587436.4933786}, "cmdq": 2, "read": {"device_start": -1, "device_end": -1}}, "FFC_sans_bias4": {"write": {"device_start": -1, "host_queued_start": 1585587501.936847, "device_queued": -1, "device_end": -1, "host_queued_end": 1585587501.942701}, "device": "cpu", "nd_range": {"device_start": 2255276.1823668904, "device_end": 2255276.204077736}, "cmdq": 0, "read": {"device_start": -1, "device_end": -1}}, "FFC_sans_bias7": {"write": {"device_start": -1, "host_queued_start": 1585587501.940599, "device_queued": -1, "device_end": -1, "host_queued_end": 1585587501.942701}, "device": "cpu", "nd_range": {"device_start": 2255276.212281602, "device_end": 2255276.21754305}, "cmdq": 0, "read": {"device_start": -1, "device_end": -1}}, "FFC_sans_bias6": {"write": {"device_start": -1, "host_queued_start": 1585587501.938863, "device_queued": -1, "device_end": -1, "host_queued_end": 1585587501.942701}, "device": "cpu", "nd_range": {"device_start": 2255276.204522354, "device_end": 2255276.212246967}, "cmdq": 0, "read": {"device_start": -1, "device_end": -1}}, "FFC_sans_bias1": {"write": {"device_start": -1, "host_queued_start": 1585587501.927188, "device_queued": -1, "device_end": -1, "host_queued_end": 1585587501.942701}, "device": "cpu", "nd_range": {"device_start": 2255276.1323328554, "device_end": 2255276.1404299843}, "cmdq": 1, "read": {"device_start": -1, "device_end": -1}}, "FFC_sans_bias0": {"write": {"device_start": -1, "host_queued_start": 1585587501.925909, "device_queued": -1, "device_end": -1, "host_queued_end": 1585587501.942701}, "device": "cpu", "nd_range": {"device_start": 2255276.132345923, "device_end": 2255276.14975713}, "cmdq": 0, "read": {"device_start": -1, "device_end": -1}}, "FFC_sans_bias2": {"write": {"device_start": -1, "host_queued_start": 1585587501.928494, "device_queued": -1, "device_end": -1, "host_queued_end": 1585587501.942701}, "device": "cpu", "nd_range": {"device_start": 2255276.1323344153, "device_end": 2255276.144978615}, "cmdq": 2, "read": {"device_start": -1, "device_end": -1}}, "FFC_sans_bias61": {"write": {"device_start": 1585587436.4953125, "host_queued_start": 1585587501.919839, "device_queued": 1585587436.484064, "device_end": 1585587436.4953432, "host_queued_end": 1585587501.920992}, "device": "gpu", "nd_range": {"device_start": 1585587436.4953532, "device_end": 1585587436.4963057}, "cmdq": 1, "read": {"device_start": 1585587436.4963093, "device_end": 1585587436.4963348}}, "FFC_sans_bias52": {"write": {"device_start": 1585587436.4945123, "host_queued_start": 1585587501.918793, "device_queued": 1585587436.4838283, "device_end": 1585587436.4945428, "host_queued_end": 1585587501.920992}, "device": "gpu", "nd_range": {"device_start": 1585587436.4945498, "device_end": 1585587436.4953566}, "cmdq": 0, "read": {"device_start": 1585587436.4953628, "device_end": 1585587436.4953861}}, "FFC_sans_bias9": {"write": {"device_start": -1, "host_queued_start": 1585587501.929543, "device_queued": -1, "device_end": -1, "host_queued_end": 1585587501.942701}, "device": "cpu", "nd_range": {"device_start": 2255276.1498898673, "device_end": 2255276.163156948}, "cmdq": 0, "read": {"device_start": -1, "device_end": -1}}, "coalesced_transpose39": {"write": {"device_start": -1, "host_queued_start": 1585587501.910289, "device_queued": -1, "device_end": -1, "host_queued_end": 1585587501.920992}, "device": "gpu", "nd_range": {"device_start": 1585587436.4880462, "device_end": 1585587436.4884238}, "cmdq": 0, "read": {"device_start": -1, "device_end": -1}}, "FFC_sans_bias55": {"write": {"device_start": 1585587436.485788, "host_queued_start": 1585587501.906456, "device_queued": 1585587436.4821587, "device_end": 1585587436.48582, "host_queued_end": 1585587501.920992}, "device": "gpu", "nd_range": {"device_start": 1585587436.485824, "device_end": 1585587436.4871624}, "cmdq": 1, "read": {"device_start": -1, "device_end": -1}}, "FFC_sans_bias54": {"write": {"device_start": 1585587436.4853427, "host_queued_start": 1585587501.905423, "device_queued": 1585587436.4821281, "device_end": 1585587436.4853694, "host_queued_end": 1585587501.920992}, "device": "gpu", "nd_range": {"device_start": 1585587436.4853745, "device_end": 1585587436.4866326}, "cmdq": 0, "read": {"device_start": -1, "device_end": -1}}, "FFC_sans_bias56": {"write": {"device_start": 1585587436.484815, "host_queued_start": 1585587501.904388, "device_queued": 1585587436.4819834, "device_end": 1585587436.4848468, "host_queued_end": 1585587501.920992}, "device": "gpu", "nd_range": {"device_start": 1585587436.4848537, "device_end": 1585587436.4861917}, "cmdq": 2, "read": {"device_start": -1, "device_end": -1}}, "FFC_sans_bias51": {"write": {"device_start": -1, "host_queued_start": 1585587501.915038, "device_queued": -1, "device_end": -1, "host_queued_end": 1585587501.920992}, "device": "gpu", "nd_range": {"device_start": 1585587436.491731, "device_end": 1585587436.492385}, "cmdq": 1, "read": {"device_start": -1, "device_end": -1}}, "softmax23": {"write": {"device_start": -1, "host_queued_start": 1585587501.938497, "device_queued": -1, "device_end": -1, "host_queued_end": 1585587501.942701}, "device": "cpu", "nd_range": {"device_start": 2255276.189377021, "device_end": 2255276.189582441}, "cmdq": 2, "read": {"device_start": -1, "device_end": -1}}, "FFC_sans_bias37": {"write": {"device_start": 1585587436.482324, "host_queued_start": 1585587501.898943, "device_queued": 1585587436.481545, "device_end": 1585587436.4823492, "host_queued_end": 1585587501.920992}, "device": "gpu", "nd_range": {"device_start": 1585587436.4823546, "device_end": 1585587436.4837449}, "cmdq": 0, "read": {"device_start": -1, "device_end": -1}}, "empty62": {"write": {"device_start": 1585587436.4809282, "host_queued_start": 1585587501.892915, "device_queued": 1585587436.4806473, "device_end": 1585587436.4809961, "host_queued_end": 1585587501.920992}, "device": "gpu", "nd_range": {"device_start": 1585587436.481012, "device_end": 1585587436.481018}, "cmdq": 0, "read": {"device_start": -1, "device_end": -1}}, "FFC_sans_bias70": {"write": {"device_start": 1585587436.4951544, "host_queued_start": 1585587501.920885, "device_queued": 1585587436.4840329, "device_end": 1585587436.495185, "host_queued_end": 1585587501.920992}, "device": "gpu", "nd_range": {"device_start": 1585587436.4952002, "device_end": 1585587436.4958093}, "cmdq": 2, "read": {"device_start": 1585587436.4958181, "device_end": 1585587436.4958425}}, "FFC_sans_bias58": {"write": {"device_start": -1, "host_queued_start": 1585587501.912502, "device_queued": -1, "device_end": -1, "host_queued_end": 1585587501.920992}, "device": "gpu", "nd_range": {"device_start": 1585587436.4896054, "device_end": 1585587436.4911377}, "cmdq": 1, "read": {"device_start": -1, "device_end": -1}}, "softmax41": {"write": {"device_start": -1, "host_queued_start": 1585587501.913329, "device_queued": -1, "device_end": -1, "host_queued_end": 1585587501.920992}, "device": "gpu", "nd_range": {"device_start": 1585587436.4911451, "device_end": 1585587436.491347}, "cmdq": 1, "read": {"device_start": -1, "device_end": -1}}, "FFC_sans_bias11": {"write": {"device_start": -1, "host_queued_start": 1585587501.931673, "device_queued": -1, "device_end": -1, "host_queued_end": 1585587501.942701}, "device": "cpu", "nd_range": {"device_start": 2255276.145596413, "device_end": 2255276.159627121}, "cmdq": 2, "read": {"device_start": -1, "device_end": -1}}, "FFC_sans_bias10": {"write": {"device_start": -1, "host_queued_start": 1585587501.930621, "device_queued": -1, "device_end": -1, "host_queued_end": 1585587501.942701}, "device": "cpu", "nd_range": {"device_start": 2255276.1405647933, "device_end": 2255276.148188136}, "cmdq": 1, "read": {"device_start": -1, "device_end": -1}}, "coalesced_transpose3": {"write": {"device_start": -1, "host_queued_start": 1585587501.935636, "device_queued": -1, "device_end": -1, "host_queued_end": 1585587501.942701}, "device": "cpu", "nd_range": {"device_start": 2255276.1820961903, "device_end": 2255276.1823518663}, "cmdq": 0, "read": {"device_start": -1, "device_end": -1}}, "FFC_sans_bias34": {"write": {"device_start": 1585587436.4925177, "host_queued_start": 1585587501.916689, "device_queued": 1585587436.4837337, "device_end": 1585587436.4925528, "host_queued_end": 1585587501.920992}, "device": "gpu", "nd_range": {"device_start": 1585587436.4925625, "device_end": 1585587436.4939377}, "cmdq": 1, "read": {"device_start": 1585587436.4939444, "device_end": 1585587436.4939685}}, "FFC_sans_bias15": {"write": {"device_start": -1, "host_queued_start": 1585587501.939208, "device_queued": -1, "device_end": -1, "host_queued_end": 1585587501.942701}, "device": "cpu", "nd_range": {"device_start": 2255276.171547661, "device_end": 2255276.185309473}, "cmdq": 1, "read": {"device_start": -1, "device_end": -1}}, "FFC_sans_bias31": {"write": {"device_start": -1, "host_queued_start": 1585587501.911546, "device_queued": -1, "device_end": -1, "host_queued_end": 1585587501.920992}, "device": "gpu", "nd_range": {"device_start": 1585587436.4886026, "device_end": 1585587436.4895978}, "cmdq": 1, "read": {"device_start": -1, "device_end": -1}}, "FFC_sans_bias16": {"write": {"device_start": -1, "host_queued_start": 1585587501.941601, "device_queued": -1, "device_end": -1, "host_queued_end": 1585587501.942701}, "device": "cpu", "nd_range": {"device_start": 2255276.185424496, "device_end": 2255276.201187667}, "cmdq": 1, "read": {"device_start": -1, "device_end": -1}}, "FFC_sans_bias19": {"write": {"device_start": -1, "host_queued_start": 1585587501.933894, "device_queued": -1, "device_end": -1, "host_queued_end": 1585587501.942701}, "device": "cpu", "nd_range": {"device_start": 2255276.148302826, "device_end": 2255276.160232042}, "cmdq": 1, "read": {"device_start": -1, "device_end": -1}}, "FFC_sans_bias18": {"write": {"device_start": -1, "host_queued_start": 1585587501.932721, "device_queued": -1, "device_end": -1, "host_queued_end": 1585587501.942701}, "device": "cpu", "nd_range": {"device_start": 2255276.163268613, "device_end": 2255276.181976093}, "cmdq": 0, "read": {"device_start": -1, "device_end": -1}}, "coalesced_transpose30": {"write": {"device_start": -1, "host_queued_start": 1585587501.909979, "device_queued": -1, "device_end": -1, "host_queued_end": 1585587501.920992}, "device": "gpu", "nd_range": {"device_start": 1585587436.4875946, "device_end": 1585587436.4884076}, "cmdq": 2, "read": {"device_start": -1, "device_end": -1}}, "FFC_sans_bias69": {"write": {"device_start": -1, "host_queued_start": 1585587501.915674, "device_queued": -1, "device_end": -1, "host_queued_end": 1585587501.920992}, "device": "gpu", "nd_range": {"device_start": 1585587436.4929595, "device_end": 1585587436.494372}, "cmdq": 0, "read": {"device_start": -1, "device_end": -1}}, "FFC_sans_bias38": {"write": {"device_start": 1585587436.4829547, "host_queued_start": 1585587501.900183, "device_queued": 1585587436.4815865, "device_end": 1585587436.482986, "host_queued_end": 1585587501.920992}, "device": "gpu", "nd_range": {"device_start": 1585587436.4829893, "device_end": 1585587436.4842098}, "cmdq": 1, "read": {"device_start": -1, "device_end": -1}}, "coalesced_transpose57": {"write": {"device_start": -1, "host_queued_start": 1585587501.910921, "device_queued": -1, "device_end": -1, "host_queued_end": 1585587501.920992}, "device": "gpu", "nd_range": {"device_start": 1585587436.4884152, "device_end": 1585587436.4884372}, "cmdq": 2, "read": {"device_start": -1, "device_end": -1}}, "empty26": {"write": {"device_start": -1, "host_queued_start": 1585587501.924742, "device_queued": -1, "device_end": -1, "host_queued_end": 1585587501.942701}, "device": "cpu", "nd_range": {"device_start": 2255276.13229442, "device_end": 2255276.132307414}, "cmdq": 2, "read": {"device_start": -1, "device_end": -1}}, "coalesced_transpose12": {"write": {"device_start": -1, "host_queued_start": 1585587501.935973, "device_queued": -1, "device_end": -1, "host_queued_end": 1585587501.942701}, "device": "cpu", "nd_range": {"device_start": 2255276.160349945, "device_end": 2255276.160593336}, "cmdq": 1, "read": {"device_start": -1, "device_end": -1}}, "empty44": {"write": {"device_start": 1585587436.4807208, "host_queued_start": 1585587501.891218, "device_queued": 1585587436.4805627, "device_end": 1585587436.480788, "host_queued_end": 1585587501.920992}, "device": "gpu", "nd_range": {"device_start": 1585587436.4808035, "device_end": 1585587436.4808154}, "cmdq": 1, "read": {"device_start": -1, "device_end": -1}}, "coalesced_transpose21": {"write": {"device_start": -1, "host_queued_start": 1585587501.93645, "device_queued": -1, "device_end": -1, "host_queued_end": 1585587501.942701}, "device": "cpu", "nd_range": {"device_start": 2255276.175376581, "device_end": 2255276.1756206653}, "cmdq": 2, "read": {"device_start": -1, "device_end": -1}}, "FFC_sans_bias36": {"write": {"device_start": 1585587436.481906, "host_queued_start": 1585587501.897873, "device_queued": 1585587436.4812725, "device_end": 1585587436.4819314, "host_queued_end": 1585587501.920992}, "device": "gpu", "nd_range": {"device_start": 1585587436.4819365, "device_end": 1585587436.4832127}, "cmdq": 2, "read": {"device_start": -1, "device_end": -1}}, "softmax14": {"write": {"device_start": -1, "host_queued_start": 1585587501.938218, "device_queued": -1, "device_end": -1, "host_queued_end": 1585587501.942701}, "device": "cpu", "nd_range": {"device_start": 2255276.171221321, "device_end": 2255276.171438396}, "cmdq": 1, "read": {"device_start": -1, "device_end": -1}}, "FFC_sans_bias13": {"write": {"device_start": -1, "host_queued_start": 1585587501.937264, "device_queued": -1, "device_end": -1, "host_queued_end": 1585587501.942701}, "device": "cpu", "nd_range": {"device_start": 2255276.1605998892, "device_end": 2255276.1711064833}, "cmdq": 1, "read": {"device_start": -1, "device_end": -1}}, "empty8": {"write": {"device_start": -1, "host_queued_start": 1585587501.922673, "device_queued": -1, "device_end": -1, "host_queued_end": 1585587501.942701}, "device": "cpu", "nd_range": {"device_start": 2255276.132324751, "device_end": 2255276.1323258854}, "cmdq": 0, "read": {"device_start": -1, "device_end": -1}}, "FFC_sans_bias42": {"write": {"device_start": -1, "host_queued_start": 1585587501.914716, "device_queued": -1, "device_end": -1, "host_queued_end": 1585587501.920992}, "device": "gpu", "nd_range": {"device_start": 1585587436.4917603, "device_end": 1585587436.4929526}, "cmdq": 0, "read": {"device_start": -1, "device_end": -1}}, "FFC_sans_bias43": {"write": {"device_start": 1585587436.4935303, "host_queued_start": 1585587501.917741, "device_queued": 1585587436.4836068, "device_end": 1585587436.493566, "host_queued_end": 1585587501.920992}, "device": "gpu", "nd_range": {"device_start": 1585587436.4935753, "device_end": 1585587436.4948945}, "cmdq": 2, "read": {"device_start": 1585587436.4948957, "device_end": 1585587436.4949203}}, "FFC_sans_bias40": {"write": {"device_start": -1, "host_queued_start": 1585587501.911864, "device_queued": -1, "device_end": -1, "host_queued_end": 1585587501.920992}, "device": "gpu", "nd_range": {"device_start": 1585587436.4885879, "device_end": 1585587436.4891913}, "cmdq": 2, "read": {"device_start": -1, "device_end": -1}}, "softmax32": {"write": {"device_start": -1, "host_queued_start": 1585587501.913073, "device_queued": -1, "device_end": -1, "host_queued_end": 1585587501.920992}, "device": "gpu", "nd_range": {"device_start": 1585587436.490188, "device_end": 1585587436.4913588}, "cmdq": 0, "read": {"device_start": -1, "device_end": -1}}, "FFC_sans_bias47": {"write": {"device_start": 1585587436.48431, "host_queued_start": 1585587501.903347, "device_queued": 1585587436.4819672, "device_end": 1585587436.4843369, "host_queued_end": 1585587501.920992}, "device": "gpu", "nd_range": {"device_start": 1585587436.4843423, "device_end": 1585587436.4856648}, "cmdq": 1, "read": {"device_start": -1, "device_end": -1}}, "FFC_sans_bias45": {"write": {"device_start": 1585587436.483338, "host_queued_start": 1585587501.901235, "device_queued": 1585587436.4817233, "device_end": 1585587436.4833698, "host_queued_end": 1585587501.920992}, "device": "gpu", "nd_range": {"device_start": 1585587436.483374, "device_end": 1585587436.4847023}, "cmdq": 2, "read": {"device_start": -1, "device_end": -1}}, "softmax50": {"write": {"device_start": -1, "host_queued_start": 1585587501.913579, "device_queued": -1, "device_end": -1, "host_queued_end": 1585587501.920992}, "device": "gpu", "nd_range": {"device_start": 1585587436.4905965, "device_end": 1585587436.4913568}, "cmdq": 2, "read": {"device_start": -1, "device_end": -1}}, "FFC_sans_bias33": {"write": {"device_start": -1, "host_queued_start": 1585587501.914387, "device_queued": -1, "device_end": -1, "host_queued_end": 1585587501.920992}, "device": "gpu", "nd_range": {"device_start": 1585587436.491375, "device_end": 1585587436.4919887}, "cmdq": 2, "read": {"device_start": -1, "device_end": -1}}, "FFC_sans_bias63": {"write": {"device_start": 1585587436.4872923, "host_queued_start": 1585587501.909633, "device_queued": 1585587436.482509, "device_end": 1585587436.4873242, "host_queued_end": 1585587501.920992}, "device": "gpu", "nd_range": {"device_start": 1585587436.48733, "device_end": 1585587436.4885697}, "cmdq": 1, "read": {"device_start": -1, "device_end": -1}}, "FFC_sans_bias49": {"write": {"device_start": -1, "host_queued_start": 1585587501.912183, "device_queued": -1, "device_end": -1, "host_queued_end": 1585587501.920992}, "device": "gpu", "nd_range": {"device_start": 1585587436.4886148, "device_end": 1585587436.4901807}, "cmdq": 0, "read": {"device_start": -1, "device_end": -1}}, "FFC_sans_bias64": {"write": {"device_start": 1585587436.4863107, "host_queued_start": 1585587501.907547, "device_queued": 1585587436.4822915, "device_end": 1585587436.4863436, "host_queued_end": 1585587501.920992}, "device": "gpu", "nd_range": {"device_start": 1585587436.4863493, "device_end": 1585587436.4875932}, "cmdq": 2, "read": {"device_start": -1, "device_end": -1}}, "FFC_sans_bias65": {"write": {"device_start": 1585587436.4867501, "host_queued_start": 1585587501.908606, "device_queued": 1585587436.4823675, "device_end": 1585587436.4867818, "host_queued_end": 1585587501.920992}, "device": "gpu", "nd_range": {"device_start": 1585587436.4867852, "device_end": 1585587436.488045}, "cmdq": 0, "read": {"device_start": -1, "device_end": -1}}, "FFC_sans_bias67": {"write": {"device_start": -1, "host_queued_start": 1585587501.912822, "device_queued": -1, "device_end": -1, "host_queued_end": 1585587501.920992}, "device": "gpu", "nd_range": {"device_start": 1585587436.489199, "device_end": 1585587436.4905887}, "cmdq": 2, "read": {"device_start": -1, "device_end": -1}}, "FFC_sans_bias24": {"write": {"device_start": -1, "host_queued_start": 1585587501.939556, "device_queued": -1, "device_end": -1, "host_queued_end": 1585587501.942701}, "device": "cpu", "nd_range": {"device_start": 2255276.18958952, "device_end": 2255276.1983592063}, "cmdq": 2, "read": {"device_start": -1, "device_end": -1}}, "FFC_sans_bias25": {"write": {"device_start": -1, "host_queued_start": 1585587501.942654, "device_queued": -1, "device_end": -1, "host_queued_end": 1585587501.942701}, "device": "cpu", "nd_range": {"device_start": 2255276.198392243, "device_end": 2255276.208990869}, "cmdq": 2, "read": {"device_start": -1, "device_end": -1}}, "FFC_sans_bias27": {"write": {"device_start": 1585587436.4811354, "host_queued_start": 1585587501.894733, "device_queued": 1585587436.4809391, "device_end": 1585587436.4812043, "host_queued_end": 1585587501.920992}, "device": "gpu", "nd_range": {"device_start": 1585587436.481215, "device_end": 1585587436.4818196}, "cmdq": 2, "read": {"device_start": -1, "device_end": -1}}, "FFC_sans_bias20": {"write": {"device_start": -1, "host_queued_start": 1585587501.93507, "device_queued": -1, "device_end": -1, "host_queued_end": 1585587501.942701}, "device": "cpu", "nd_range": {"device_start": 2255276.160975262, "device_end": 2255276.17514905}, "cmdq": 2, "read": {"device_start": -1, "device_end": -1}}, "FFC_sans_bias22": {"write": {"device_start": -1, "host_queued_start": 1585587501.937665, "device_queued": -1, "device_end": -1, "host_queued_end": 1585587501.942701}, "device": "cpu", "nd_range": {"device_start": 2255276.175627606, "device_end": 2255276.1823068704}, "cmdq": 2, "read": {"device_start": -1, "device_end": -1}}, "softmax68": {"write": {"device_start": -1, "host_queued_start": 1585587501.914074, "device_queued": -1, "device_end": -1, "host_queued_end": 1585587501.920992}, "device": "gpu", "nd_range": {"device_start": 1585587436.4913542, "device_end": 1585587436.4917183}, "cmdq": 1, "read": {"device_start": -1, "device_end": -1}}, "softmax5": {"write": {"device_start": -1, "host_queued_start": 1585587501.937944, "device_queued": -1, "device_end": -1, "host_queued_end": 1585587501.942701}, "device": "cpu", "nd_range": {"device_start": 2255276.2042953353, "device_end": 2255276.2045146753}, "cmdq": 0, "read": {"device_start": -1, "device_end": -1}}, "FFC_sans_bias28": {"write": {"device_start": 1585587436.48125, "host_queued_start": 1585587501.895784, "device_queued": 1585587436.4810188, "device_end": 1585587436.4813175, "host_queued_end": 1585587501.920992}, "device": "gpu", "nd_range": {"device_start": 1585587436.4813244, "device_end": 1585587436.482228}, "cmdq": 0, "read": {"device_start": -1, "device_end": -1}}, "FFC_sans_bias29": {"write": {"device_start": 1585587436.4813595, "host_queued_start": 1585587501.896836, "device_queued": 1585587436.4812515, "device_end": 1585587436.4813912, "host_queued_end": 1585587501.920992}, "device": "gpu", "nd_range": {"device_start": 1585587436.4813943, "device_end": 1585587436.48281}, "cmdq": 1, "read": {"device_start": -1, "device_end": -1}}, "empty17": {"write": {"device_start": -1, "host_queued_start": 1585587501.923699, "device_queued": -1, "device_end": -1, "host_queued_end": 1585587501.942701}, "device": "cpu", "nd_range": {"device_start": 2255276.1322943494, "device_end": 2255276.132307413}, "cmdq": 1, "read": {"device_start": -1, "device_end": -1}}, "softmax59": {"write": {"device_start": -1, "host_queued_start": 1585587501.913832, "device_queued": -1, "device_end": -1, "host_queued_end": 1585587501.920992}, "device": "gpu", "nd_range": {"device_start": 1585587436.491366, "device_end": 1585587436.491753}, "cmdq": 0, "read": {"device_start": -1, "device_end": -1}}, "empty71": {"write": {"device_start": 1585587436.4810333, "host_queued_start": 1585587501.893727, "device_queued": 1585587436.4809165, "device_end": 1585587436.4811058, "host_queued_end": 1585587501.920992}, "device": "gpu", "nd_range": {"device_start": 1585587436.4811094, "device_end": 1585587436.4811144}, "cmdq": 1, "read": {"device_start": -1, "device_end": -1}}, "empty35": {"write": {"device_start": 1585587436.4806, "host_queued_start": 1585587501.890125, "device_queued": 1585587436.4804592, "device_end": 1585587436.4806554, "host_queued_end": 1585587501.920992}, "device": "gpu", "nd_range": {"device_start": 1585587436.4806623, "device_end": 1585587436.4806747}, "cmdq": 0, "read": {"device_start": -1, "device_end": -1}}, "empty53": {"write": {"device_start": 1585587436.4808307, "host_queued_start": 1585587501.892066, "device_queued": 1585587436.4805853, "device_end": 1585587436.4808936, "host_queued_end": 1585587501.920992}, "device": "gpu", "nd_range": {"device_start": 1585587436.4808981, "device_end": 1585587436.480903}, "cmdq": 2, "read": {"device_start": -1, "device_end": -1}}, "FFC_sans_bias46": {"write": {"device_start": 1585587436.483851, "host_queued_start": 1585587501.90227, "device_queued": 1585587436.481806, "device_end": 1585587436.4838762, "host_queued_end": 1585587501.920992}, "device": "gpu", "nd_range": {"device_start": 1585587436.4838831, "device_end": 1585587436.4852035}, "cmdq": 0, "read": {"device_start": -1, "device_end": -1}}, "coalesced_transpose66": {"write": {"device_start": -1, "host_queued_start": 1585587501.911224, "device_queued": -1, "device_end": -1, "host_queued_end": 1585587501.920992}, "device": "gpu", "nd_range": {"device_start": 1585587436.4884315, "device_end": 1585587436.4884531}, "cmdq": 0, "read": {"device_start": -1, "device_end": -1}}, "coalesced_transpose48": {"write": {"device_start": -1, "host_queued_start": 1585587501.91062, "device_queued": -1, "device_end": -1, "host_queued_end": 1585587501.920992}, "device": "gpu", "nd_range": {"device_start": 1585587436.4885752, "device_end": 1585587436.4885921}, "cmdq": 1, "read": {"device_start": -1, "device_end": -1}}}