{"FFC_sans_bias60": {"write": {"device_start": -1, "host_queued_start": 1585587794.437514, "device_queued": -1, "device_end": -1, "host_queued_end": 1585587794.446347}, "device": "gpu", "nd_range": {"device_start": 1585587729.0158806, "device_end": 1585587729.018396}, "cmdq": 2, "read": {"device_start": -1, "device_end": -1}}, "FFC_sans_bias4": {"write": {"device_start": -1, "host_queued_start": 1585587794.431065, "device_queued": -1, "device_end": -1, "host_queued_end": 1585587794.446347}, "device": "gpu", "nd_range": {"device_start": 1585587729.0106437, "device_end": 1585587729.0112503}, "cmdq": 0, "read": {"device_start": -1, "device_end": -1}}, "FFC_sans_bias7": {"write": {"device_start": 1585587729.017967, "host_queued_start": 1585587794.438857, "device_queued": 1585587729.003167, "device_end": 1585587729.0179985, "host_queued_end": 1585587794.446347}, "device": "gpu", "nd_range": {"device_start": 1585587729.0180187, "device_end": 1585587729.0198095}, "cmdq": 4, "read": {"device_start": 1585587729.0198114, "device_end": 1585587729.0198352}}, "FFC_sans_bias6": {"write": {"device_start": -1, "host_queued_start": 1585587794.43562, "device_queued": -1, "device_end": -1, "host_queued_end": 1585587794.446347}, "device": "gpu", "nd_range": {"device_start": 1585587729.0148554, "device_end": 1585587729.0154624}, "cmdq": 1, "read": {"device_start": -1, "device_end": -1}}, "FFC_sans_bias1": {"write": {"device_start": 1585587728.9990869, "host_queued_start": 1585587794.40514, "device_queued": 1585587728.9989145, "device_end": 1585587728.9991114, "host_queued_end": 1585587794.446347}, "device": "gpu", "nd_range": {"device_start": 1585587728.9991138, "device_end": 1585587729.000069}, "cmdq": 4, "read": {"device_start": -1, "device_end": -1}}, "FFC_sans_bias0": {"write": {"device_start": 1585587728.998997, "host_queued_start": 1585587794.4041, "device_queued": 1585587728.9988914, "device_end": 1585587728.9990535, "host_queued_end": 1585587794.446347}, "device": "gpu", "nd_range": {"device_start": 1585587728.999059, "device_end": 1585587728.9996655}, "cmdq": 3, "read": {"device_start": -1, "device_end": -1}}, "FFC_sans_bias2": {"write": {"device_start": 1585587728.999249, "host_queued_start": 1585587794.406178, "device_queued": 1585587728.9991548, "device_end": 1585587728.999293, "host_queued_end": 1585587794.446347}, "device": "gpu", "nd_range": {"device_start": 1585587728.999297, "device_end": 1585587729.0006363}, "cmdq": 0, "read": {"device_start": -1, "device_end": -1}}, "FFC_sans_bias61": {"write": {"device_start": 1585587729.0194757, "host_queued_start": 1585587794.445193, "device_queued": 1585587729.0041645, "device_end": 1585587729.019508, "host_queued_end": 1585587794.446347}, "device": "gpu", "nd_range": {"device_start": 1585587729.0195296, "device_end": 1585587729.0217688}, "cmdq": 0, "read": {"device_start": 1585587729.0223305, "device_end": 1585587729.022359}}, "FFC_sans_bias52": {"write": {"device_start": 1585587729.0200021, "host_queued_start": 1585587794.44413, "device_queued": 1585587729.003896, "device_end": 1585587729.020033, "host_queued_end": 1585587794.446347}, "device": "gpu", "nd_range": {"device_start": 1585587729.0200465, "device_end": 1585587729.0221922}, "cmdq": 4, "read": {"device_start": 1585587729.0221984, "device_end": 1585587729.0222204}}, "FFC_sans_bias9": {"write": {"device_start": 1585587728.999358, "host_queued_start": 1585587794.407397, "device_queued": 1585587728.999212, "device_end": 1585587728.9994144, "host_queued_end": 1585587794.446347}, "device": "gpu", "nd_range": {"device_start": 1585587728.9995012, "device_end": 1585587729.0010602}, "cmdq": 1, "read": {"device_start": -1, "device_end": -1}}, "coalesced_transpose39": {"write": {"device_start": -1, "host_queued_start": 1585587794.429823, "device_queued": -1, "device_end": -1, "host_queued_end": 1585587794.446347}, "device": "gpu", "nd_range": {"device_start": 1585587729.0107424, "device_end": 1585587729.0115967}, "cmdq": 1, "read": {"device_start": -1, "device_end": -1}}, "FFC_sans_bias55": {"write": {"device_start": 1585587729.0069945, "host_queued_start": 1585587794.425192, "device_queued": 1585587729.0008192, "device_end": 1585587729.0070267, "host_queued_end": 1585587794.446347}, "device": "gpu", "nd_range": {"device_start": 1585587729.0070424, "device_end": 1585587729.0093122}, "cmdq": 3, "read": {"device_start": -1, "device_end": -1}}, "FFC_sans_bias54": {"write": {"device_start": 1585587729.006518, "host_queued_start": 1585587794.424162, "device_queued": 1585587729.0008035, "device_end": 1585587729.0065506, "host_queued_end": 1585587794.446347}, "device": "gpu", "nd_range": {"device_start": 1585587729.0065632, "device_end": 1585587729.008802}, "cmdq": 2, "read": {"device_start": -1, "device_end": -1}}, "FFC_sans_bias56": {"write": {"device_start": 1585587729.0059936, "host_queued_start": 1585587794.423136, "device_queued": 1585587729.000782, "device_end": 1585587729.0060253, "host_queued_end": 1585587794.446347}, "device": "gpu", "nd_range": {"device_start": 1585587729.0060358, "device_end": 1585587729.0083623}, "cmdq": 1, "read": {"device_start": -1, "device_end": -1}}, "FFC_sans_bias51": {"write": {"device_start": -1, "host_queued_start": 1585587794.437199, "device_queued": -1, "device_end": -1, "host_queued_end": 1585587794.446347}, "device": "gpu", "nd_range": {"device_start": 1585587729.0154727, "device_end": 1585587729.0174267}, "cmdq": 1, "read": {"device_start": -1, "device_end": -1}}, "softmax23": {"write": {"device_start": -1, "host_queued_start": 1585587794.434031, "device_queued": -1, "device_end": -1, "host_queued_end": 1585587794.446347}, "device": "gpu", "nd_range": {"device_start": 1585587729.0126884, "device_end": 1585587729.0145264}, "cmdq": 0, "read": {"device_start": -1, "device_end": -1}}, "FFC_sans_bias37": {"write": {"device_start": 1585587729.0035868, "host_queued_start": 1585587794.417865, "device_queued": 1585587729.0002854, "device_end": 1585587729.0036185, "host_queued_end": 1585587794.446347}, "device": "gpu", "nd_range": {"device_start": 1585587729.003628, "device_end": 1585587729.0059025}, "cmdq": 1, "read": {"device_start": -1, "device_end": -1}}, "empty62": {"write": {"device_start": 1585587728.998818, "host_queued_start": 1585587794.402273, "device_queued": 1585587728.9986799, "device_end": 1585587728.9988785, "host_queued_end": 1585587794.446347}, "device": "gpu", "nd_range": {"device_start": 1585587728.9989612, "device_end": 1585587728.9989836}, "cmdq": 1, "read": {"device_start": -1, "device_end": -1}}, "FFC_sans_bias70": {"write": {"device_start": 1585587729.0209544, "host_queued_start": 1585587794.446233, "device_queued": 1585587729.0042431, "device_end": 1585587729.0209858, "host_queued_end": 1585587794.446347}, "device": "gpu", "nd_range": {"device_start": 1585587729.0209959, "device_end": 1585587729.0226429}, "cmdq": 1, "read": {"device_start": 1585587729.0226505, "device_end": 1585587729.0226724}}, "FFC_sans_bias58": {"write": {"device_start": -1, "host_queued_start": 1585587794.43297, "device_queued": -1, "device_end": -1, "host_queued_end": 1585587794.446347}, "device": "gpu", "nd_range": {"device_start": 1585587729.013201, "device_end": 1585587729.0146263}, "cmdq": 1, "read": {"device_start": -1, "device_end": -1}}, "softmax41": {"write": {"device_start": -1, "host_queued_start": 1585587794.43452, "device_queued": -1, "device_end": -1, "host_queued_end": 1585587794.446347}, "device": "gpu", "nd_range": {"device_start": 1585587729.0141532, "device_end": 1585587729.0149052}, "cmdq": 2, "read": {"device_start": -1, "device_end": -1}}, "FFC_sans_bias11": {"write": {"device_start": 1585587728.9997487, "host_queued_start": 1585587794.40949, "device_queued": 1585587728.9994266, "device_end": 1585587728.999778, "host_queued_end": 1585587794.446347}, "device": "gpu", "nd_range": {"device_start": 1585587728.999784, "device_end": 1585587729.0020647}, "cmdq": 3, "read": {"device_start": -1, "device_end": -1}}, "FFC_sans_bias10": {"write": {"device_start": 1585587728.9994392, "host_queued_start": 1585587794.408436, "device_queued": 1585587728.9992282, "device_end": 1585587728.99947, "host_queued_end": 1585587794.446347}, "device": "gpu", "nd_range": {"device_start": 1585587728.9995224, "device_end": 1585587729.0015986}, "cmdq": 2, "read": {"device_start": -1, "device_end": -1}}, "coalesced_transpose3": {"write": {"device_start": -1, "host_queued_start": 1585587794.428617, "device_queued": -1, "device_end": -1, "host_queued_end": 1585587794.446347}, "device": "gpu", "nd_range": {"device_start": 1585587729.0088031, "device_end": 1585587729.0105977}, "cmdq": 2, "read": {"device_start": -1, "device_end": -1}}, "FFC_sans_bias34": {"write": {"device_start": 1585587729.0185118, "host_queued_start": 1585587794.441986, "device_queued": 1585587729.0034907, "device_end": 1585587729.0185428, "host_queued_end": 1585587794.446347}, "device": "gpu", "nd_range": {"device_start": 1585587729.0185585, "device_end": 1585587729.0202425}, "cmdq": 2, "read": {"device_start": 1585587729.0202544, "device_end": 1585587729.0202765}}, "FFC_sans_bias15": {"write": {"device_start": -1, "host_queued_start": 1585587794.435942, "device_queued": -1, "device_end": -1, "host_queued_end": 1585587794.446347}, "device": "gpu", "nd_range": {"device_start": 1585587729.0149167, "device_end": 1585587729.01587}, "cmdq": 2, "read": {"device_start": -1, "device_end": -1}}, "FFC_sans_bias31": {"write": {"device_start": -1, "host_queued_start": 1585587794.432009, "device_queued": -1, "device_end": -1, "host_queued_end": 1585587794.446347}, "device": "gpu", "nd_range": {"device_start": 1585587729.0107596, "device_end": 1585587729.012218}, "cmdq": 3, "read": {"device_start": -1, "device_end": -1}}, "FFC_sans_bias16": {"write": {"device_start": 1585587729.0169723, "host_queued_start": 1585587794.439909, "device_queued": 1585587729.0034342, "device_end": 1585587729.0170035, "host_queued_end": 1585587794.446347}, "device": "gpu", "nd_range": {"device_start": 1585587729.0170226, "device_end": 1585587729.0192847}, "cmdq": 0, "read": {"device_start": 1585587729.019287, "device_end": 1585587729.0193102}}, "FFC_sans_bias19": {"write": {"device_start": 1585587729.0007222, "host_queued_start": 1585587794.411613, "device_queued": 1585587728.9996579, "device_end": 1585587729.0007522, "host_queued_end": 1585587794.446347}, "device": "gpu", "nd_range": {"device_start": 1585587729.0007582, "device_end": 1585587729.0030358}, "cmdq": 0, "read": {"device_start": -1, "device_end": -1}}, "FFC_sans_bias18": {"write": {"device_start": 1585587729.0001757, "host_queued_start": 1585587794.410549, "device_queued": 1585587728.9994502, "device_end": 1585587729.0002, "host_queued_end": 1585587794.446347}, "device": "gpu", "nd_range": {"device_start": 1585587729.0002062, "device_end": 1585587729.0025406}, "cmdq": 4, "read": {"device_start": -1, "device_end": -1}}, "coalesced_transpose30": {"write": {"device_start": -1, "host_queued_start": 1585587794.429527, "device_queued": -1, "device_end": -1, "host_queued_end": 1585587794.446347}, "device": "gpu", "nd_range": {"device_start": 1585587729.0102413, "device_end": 1585587729.0106306}, "cmdq": 0, "read": {"device_start": -1, "device_end": -1}}, "FFC_sans_bias69": {"write": {"device_start": -1, "host_queued_start": 1585587794.437831, "device_queued": -1, "device_end": -1, "host_queued_end": 1585587794.446347}, "device": "gpu", "nd_range": {"device_start": 1585587729.0164614, "device_end": 1585587729.0188365}, "cmdq": 3, "read": {"device_start": -1, "device_end": -1}}, "FFC_sans_bias38": {"write": {"device_start": 1585587729.0041087, "host_queued_start": 1585587794.418929, "device_queued": 1585587729.000302, "device_end": 1585587729.0041347, "host_queued_end": 1585587794.446347}, "device": "gpu", "nd_range": {"device_start": 1585587729.004139, "device_end": 1585587729.006424}, "cmdq": 2, "read": {"device_start": -1, "device_end": -1}}, "coalesced_transpose57": {"write": {"device_start": -1, "host_queued_start": 1585587794.430447, "device_queued": -1, "device_end": -1, "host_queued_end": 1585587794.446347}, "device": "gpu", "nd_range": {"device_start": 1585587729.0106118, "device_end": 1585587729.0106678}, "cmdq": 3, "read": {"device_start": -1, "device_end": -1}}, "empty26": {"write": {"device_start": 1585587728.9984405, "host_queued_start": 1585587794.398955, "device_queued": 1585587728.9982395, "device_end": 1585587728.9985027, "host_queued_end": 1585587794.446347}, "device": "gpu", "nd_range": {"device_start": 1585587728.9986112, "device_end": 1585587728.9986296}, "cmdq": 2, "read": {"device_start": -1, "device_end": -1}}, "coalesced_transpose12": {"write": {"device_start": -1, "host_queued_start": 1585587794.428924, "device_queued": -1, "device_end": -1, "host_queued_end": 1585587794.446347}, "device": "gpu", "nd_range": {"device_start": 1585587729.0093136, "device_end": 1585587729.0106108}, "cmdq": 3, "read": {"device_start": -1, "device_end": -1}}, "empty44": {"write": {"device_start": 1585587728.9986331, "host_queued_start": 1585587794.400632, "device_queued": 1585587728.998521, "device_end": 1585587728.9987028, "host_queued_end": 1585587794.446347}, "device": "gpu", "nd_range": {"device_start": 1585587728.9987078, "device_end": 1585587728.99872}, "cmdq": 4, "read": {"device_start": -1, "device_end": -1}}, "coalesced_transpose21": {"write": {"device_start": -1, "host_queued_start": 1585587794.429226, "device_queued": -1, "device_end": -1, "host_queued_end": 1585587794.446347}, "device": "gpu", "nd_range": {"device_start": 1585587729.0097811, "device_end": 1585587729.0106153}, "cmdq": 4, "read": {"device_start": -1, "device_end": -1}}, "FFC_sans_bias36": {"write": {"device_start": 1585587729.0031784, "host_queued_start": 1585587794.416827, "device_queued": 1585587729.0002337, "device_end": 1585587729.0032098, "host_queued_end": 1585587794.446347}, "device": "gpu", "nd_range": {"device_start": 1585587729.003217, "device_end": 1585587729.0054364}, "cmdq": 0, "read": {"device_start": -1, "device_end": -1}}, "softmax14": {"write": {"device_start": -1, "host_queued_start": 1585587794.433785, "device_queued": -1, "device_end": -1, "host_queued_end": 1585587794.446347}, "device": "gpu", "nd_range": {"device_start": 1585587729.0136578, "device_end": 1585587729.0148895}, "cmdq": 4, "read": {"device_start": -1, "device_end": -1}}, "FFC_sans_bias13": {"write": {"device_start": -1, "host_queued_start": 1585587794.431382, "device_queued": -1, "device_end": -1, "host_queued_end": 1585587794.446347}, "device": "gpu", "nd_range": {"device_start": 1585587729.0116103, "device_end": 1585587729.0131898}, "cmdq": 1, "read": {"device_start": -1, "device_end": -1}}, "empty8": {"write": {"device_start": 1585587728.9982083, "host_queued_start": 1585587794.397042, "device_queued": 1585587728.9980896, "device_end": 1585587728.9982526, "host_queued_end": 1585587794.446347}, "device": "gpu", "nd_range": {"device_start": 1585587728.9982572, "device_end": 1585587728.9982688}, "cmdq": 0, "read": {"device_start": -1, "device_end": -1}}, "FFC_sans_bias42": {"write": {"device_start": -1, "host_queued_start": 1585587794.436887, "device_queued": -1, "device_end": -1, "host_queued_end": 1585587794.446347}, "device": "gpu", "nd_range": {"device_start": 1585587729.0149417, "device_end": 1585587729.0168574}, "cmdq": 0, "read": {"device_start": -1, "device_end": -1}}, "FFC_sans_bias43": {"write": {"device_start": 1585587729.0189424, "host_queued_start": 1585587794.443068, "device_queued": 1585587729.0036623, "device_end": 1585587729.0189738, "host_queued_end": 1585587794.446347}, "device": "gpu", "nd_range": {"device_start": 1585587729.0189886, "device_end": 1585587729.0212133}, "cmdq": 3, "read": {"device_start": 1585587729.0212162, "device_end": 1585587729.0212398}}, "FFC_sans_bias40": {"write": {"device_start": -1, "host_queued_start": 1585587794.432324, "device_queued": -1, "device_end": -1, "host_queued_end": 1585587794.446347}, "device": "gpu", "nd_range": {"device_start": 1585587729.011628, "device_end": 1585587729.0136452}, "cmdq": 4, "read": {"device_start": -1, "device_end": -1}}, "softmax32": {"write": {"device_start": -1, "host_queued_start": 1585587794.434277, "device_queued": -1, "device_end": -1, "host_queued_end": 1585587794.446347}, "device": "gpu", "nd_range": {"device_start": 1585587729.014637, "device_end": 1585587729.0148447}, "cmdq": 1, "read": {"device_start": -1, "device_end": -1}}, "FFC_sans_bias47": {"write": {"device_start": 1585587729.0055518, "host_queued_start": 1585587794.422057, "device_queued": 1585587729.0006082, "device_end": 1585587729.0055788, "host_queued_end": 1585587794.446347}, "device": "gpu", "nd_range": {"device_start": 1585587729.0055876, "device_end": 1585587729.0078394}, "cmdq": 0, "read": {"device_start": -1, "device_end": -1}}, "FFC_sans_bias45": {"write": {"device_start": 1585587729.0045505, "host_queued_start": 1585587794.419961, "device_queued": 1585587729.0004127, "device_end": 1585587729.0045767, "host_queued_end": 1585587794.446347}, "device": "gpu", "nd_range": {"device_start": 1585587729.0045815, "device_end": 1585587729.0068727}, "cmdq": 3, "read": {"device_start": -1, "device_end": -1}}, "softmax50": {"write": {"device_start": -1, "host_queued_start": 1585587794.434767, "device_queued": -1, "device_end": -1, "host_queued_end": 1585587794.446347}, "device": "gpu", "nd_range": {"device_start": 1585587729.0145528, "device_end": 1585587729.0147579}, "cmdq": 3, "read": {"device_start": -1, "device_end": -1}}, "FFC_sans_bias33": {"write": {"device_start": -1, "host_queued_start": 1585587794.436571, "device_queued": -1, "device_end": -1, "host_queued_end": 1585587794.446347}, "device": "gpu", "nd_range": {"device_start": 1585587729.0156455, "device_end": 1585587729.0178504}, "cmdq": 4, "read": {"device_start": -1, "device_end": -1}}, "FFC_sans_bias63": {"write": {"device_start": 1585587729.008474, "host_queued_start": 1585587794.428298, "device_queued": 1585587729.00132, "device_end": 1585587729.0084999, "host_queued_end": 1585587794.446347}, "device": "gpu", "nd_range": {"device_start": 1585587729.0085168, "device_end": 1585587729.0107408}, "cmdq": 1, "read": {"device_start": -1, "device_end": -1}}, "FFC_sans_bias49": {"write": {"device_start": -1, "host_queued_start": 1585587794.432639, "device_queued": -1, "device_end": -1, "host_queued_end": 1585587794.446347}, "device": "gpu", "nd_range": {"device_start": 1585587729.0112615, "device_end": 1585587729.0126767}, "cmdq": 0, "read": {"device_start": -1, "device_end": -1}}, "FFC_sans_bias64": {"write": {"device_start": 1585587729.007507, "host_queued_start": 1585587794.426225, "device_queued": 1585587729.0008535, "device_end": 1585587729.0075402, "host_queued_end": 1585587794.446347}, "device": "gpu", "nd_range": {"device_start": 1585587729.0075564, "device_end": 1585587729.0097778}, "cmdq": 4, "read": {"device_start": -1, "device_end": -1}}, "FFC_sans_bias65": {"write": {"device_start": 1585587729.0079575, "host_queued_start": 1585587794.427272, "device_queued": 1585587729.0012586, "device_end": 1585587729.007989, "host_queued_end": 1585587794.446347}, "device": "gpu", "nd_range": {"device_start": 1585587729.007995, "device_end": 1585587729.010235}, "cmdq": 0, "read": {"device_start": -1, "device_end": -1}}, "FFC_sans_bias67": {"write": {"device_start": -1, "host_queued_start": 1585587794.433286, "device_queued": -1, "device_end": -1, "host_queued_end": 1585587794.446347}, "device": "gpu", "nd_range": {"device_start": 1585587729.011712, "device_end": 1585587729.0141423}, "cmdq": 2, "read": {"device_start": -1, "device_end": -1}}, "FFC_sans_bias24": {"write": {"device_start": -1, "host_queued_start": 1585587794.43626, "device_queued": -1, "device_end": -1, "host_queued_end": 1585587794.446347}, "device": "gpu", "nd_range": {"device_start": 1585587729.0149274, "device_end": 1585587729.0164506}, "cmdq": 3, "read": {"device_start": -1, "device_end": -1}}, "FFC_sans_bias25": {"write": {"device_start": 1585587729.018657, "host_queued_start": 1585587794.440945, "device_queued": 1585587729.003729, "device_end": 1585587729.0186882, "host_queued_end": 1585587794.446347}, "device": "gpu", "nd_range": {"device_start": 1585587729.018705, "device_end": 1585587729.0207887}, "cmdq": 1, "read": {"device_start": 1585587729.0207944, "device_end": 1585587729.020817}}, "FFC_sans_bias27": {"write": {"device_start": 1585587729.0017, "host_queued_start": 1585587794.413693, "device_queued": 1585587728.99989, "device_end": 1585587729.0017278, "host_queued_end": 1585587794.446347}, "device": "gpu", "nd_range": {"device_start": 1585587729.0017354, "device_end": 1585587729.0040119}, "cmdq": 2, "read": {"device_start": -1, "device_end": -1}}, "FFC_sans_bias20": {"write": {"device_start": 1585587729.001184, "host_queued_start": 1585587794.412655, "device_queued": 1585587728.9998622, "device_end": 1585587729.001209, "host_queued_end": 1585587794.446347}, "device": "gpu", "nd_range": {"device_start": 1585587729.0012124, "device_end": 1585587729.0034885}, "cmdq": 1, "read": {"device_start": -1, "device_end": -1}}, "FFC_sans_bias22": {"write": {"device_start": -1, "host_queued_start": 1585587794.431698, "device_queued": -1, "device_end": -1, "host_queued_end": 1585587794.446347}, "device": "gpu", "nd_range": {"device_start": 1585587729.010665, "device_end": 1585587729.0117006}, "cmdq": 2, "read": {"device_start": -1, "device_end": -1}}, "softmax68": {"write": {"device_start": -1, "host_queued_start": 1585587794.435302, "device_queued": -1, "device_end": -1, "host_queued_end": 1585587794.446347}, "device": "gpu", "nd_range": {"device_start": 1585587729.0145369, "device_end": 1585587729.0147517}, "cmdq": 0, "read": {"device_start": -1, "device_end": -1}}, "softmax5": {"write": {"device_start": -1, "host_queued_start": 1585587794.433536, "device_queued": -1, "device_end": -1, "host_queued_end": 1585587794.446347}, "device": "gpu", "nd_range": {"device_start": 1585587729.0122294, "device_end": 1585587729.0145414}, "cmdq": 3, "read": {"device_start": -1, "device_end": -1}}, "FFC_sans_bias28": {"write": {"device_start": 1585587729.0021713, "host_queued_start": 1585587794.414747, "device_queued": 1585587728.9999063, "device_end": 1585587729.0021963, "host_queued_end": 1585587794.446347}, "device": "gpu", "nd_range": {"device_start": 1585587729.0022042, "device_end": 1585587729.0044484}, "cmdq": 3, "read": {"device_start": -1, "device_end": -1}}, "FFC_sans_bias29": {"write": {"device_start": 1585587729.0026386, "host_queued_start": 1585587794.4158, "device_queued": 1585587728.9999213, "device_end": 1585587729.0026643, "host_queued_end": 1585587794.446347}, "device": "gpu", "nd_range": {"device_start": 1585587729.0026722, "device_end": 1585587729.004981}, "cmdq": 4, "read": {"device_start": -1, "device_end": -1}}, "empty17": {"write": {"device_start": 1585587728.998333, "host_queued_start": 1585587794.398083, "device_queued": 1585587728.9982102, "device_end": 1585587728.9983923, "host_queued_end": 1585587794.446347}, "device": "gpu", "nd_range": {"device_start": 1585587728.9985723, "device_end": 1585587728.9986274}, "cmdq": 1, "read": {"device_start": -1, "device_end": -1}}, "softmax59": {"write": {"device_start": -1, "host_queued_start": 1585587794.435007, "device_queued": -1, "device_end": -1, "host_queued_end": 1585587794.446347}, "device": "gpu", "nd_range": {"device_start": 1585587729.0149002, "device_end": 1585587729.0156336}, "cmdq": 4, "read": {"device_start": -1, "device_end": -1}}, "empty71": {"write": {"device_start": 1585587728.9989038, "host_queued_start": 1585587794.403127, "device_queued": 1585587728.9986987, "device_end": 1585587728.9989808, "host_queued_end": 1585587794.446347}, "device": "gpu", "nd_range": {"device_start": 1585587728.9989848, "device_end": 1585587728.9989965}, "cmdq": 2, "read": {"device_start": -1, "device_end": -1}}, "empty35": {"write": {"device_start": 1585587728.9985409, "host_queued_start": 1585587794.399795, "device_queued": 1585587728.9982736, "device_end": 1585587728.9986243, "host_queued_end": 1585587794.446347}, "device": "gpu", "nd_range": {"device_start": 1585587728.9986308, "device_end": 1585587728.9986424}, "cmdq": 3, "read": {"device_start": -1, "device_end": -1}}, "empty53": {"write": {"device_start": 1585587728.9987338, "host_queued_start": 1585587794.401468, "device_queued": 1585587728.9986303, "device_end": 1585587728.9987867, "host_queued_end": 1585587794.446347}, "device": "gpu", "nd_range": {"device_start": 1585587728.9987907, "device_end": 1585587728.9987943}, "cmdq": 0, "read": {"device_start": -1, "device_end": -1}}, "FFC_sans_bias46": {"write": {"device_start": 1585587729.0050826, "host_queued_start": 1585587794.42099, "device_queued": 1585587729.000433, "device_end": 1585587729.0051084, "host_queued_end": 1585587794.446347}, "device": "gpu", "nd_range": {"device_start": 1585587729.005125, "device_end": 1585587729.0073864}, "cmdq": 4, "read": {"device_start": -1, "device_end": -1}}, "coalesced_transpose66": {"write": {"device_start": -1, "host_queued_start": 1585587794.430747, "device_queued": -1, "device_end": -1, "host_queued_end": 1585587794.446347}, "device": "gpu", "nd_range": {"device_start": 1585587729.0106163, "device_end": 1585587729.0106728}, "cmdq": 4, "read": {"device_start": -1, "device_end": -1}}, "coalesced_transpose48": {"write": {"device_start": -1, "host_queued_start": 1585587794.430136, "device_queued": -1, "device_end": -1, "host_queued_end": 1585587794.446347}, "device": "gpu", "nd_range": {"device_start": 1585587729.0106068, "device_end": 1585587729.0106494}, "cmdq": 2, "read": {"device_start": -1, "device_end": -1}}}