{"FFC_sans_bias60": {"write": {"device_start": -1, "host_queued_start": 1585587293.189302, "device_queued": -1, "device_end": -1, "host_queued_end": 1585587293.198059}, "device": "gpu", "nd_range": {"device_start": 1585587227.7915316, "device_end": 1585587227.7921312}, "cmdq": 0, "read": {"device_start": -1, "device_end": -1}}, "FFC_sans_bias4": {"write": {"device_start": -1, "host_queued_start": 1585587293.182824, "device_queued": -1, "device_end": -1, "host_queued_end": 1585587293.198059}, "device": "gpu", "nd_range": {"device_start": 1585587227.7814925, "device_end": 1585587227.7820926}, "cmdq": 0, "read": {"device_start": -1, "device_end": -1}}, "FFC_sans_bias7": {"write": {"device_start": 1585587227.792811, "host_queued_start": 1585587293.190633, "device_queued": 1585587227.7674549, "device_end": 1585587227.7928393, "host_queued_end": 1585587293.198059}, "device": "gpu", "nd_range": {"device_start": 1585587227.7928474, "device_end": 1585587227.7934425}, "cmdq": 0, "read": {"device_start": 1585587227.7934477, "device_end": 1585587227.7934709}}, "FFC_sans_bias6": {"write": {"device_start": -1, "host_queued_start": 1585587293.187336, "device_queued": -1, "device_end": -1, "host_queued_end": 1585587293.198059}, "device": "gpu", "nd_range": {"device_start": 1585587227.7879574, "device_end": 1585587227.7885633}, "cmdq": 0, "read": {"device_start": -1, "device_end": -1}}, "FFC_sans_bias1": {"write": {"device_start": 1585587227.7649775, "host_queued_start": 1585587293.156937, "device_queued": 1585587227.764005, "device_end": 1585587227.765007, "host_queued_end": 1585587293.198059}, "device": "gpu", "nd_range": {"device_start": 1585587227.7650127, "device_end": 1585587227.7656107}, "cmdq": 0, "read": {"device_start": -1, "device_end": -1}}, "FFC_sans_bias0": {"write": {"device_start": 1585587227.7642374, "host_queued_start": 1585587293.155893, "device_queued": 1585587227.7639527, "device_end": 1585587227.7642615, "host_queued_end": 1585587293.198059}, "device": "gpu", "nd_range": {"device_start": 1585587227.7642696, "device_end": 1585587227.7648675}, "cmdq": 0, "read": {"device_start": -1, "device_end": -1}}, "FFC_sans_bias2": {"write": {"device_start": 1585587227.7656922, "host_queued_start": 1585587293.157994, "device_queued": 1585587227.7641883, "device_end": 1585587227.7657158, "host_queued_end": 1585587293.198059}, "device": "gpu", "nd_range": {"device_start": 1585587227.7657204, "device_end": 1585587227.7663121}, "cmdq": 0, "read": {"device_start": -1, "device_end": -1}}, "FFC_sans_bias61": {"write": {"device_start": 1585587227.7975237, "host_queued_start": 1585587293.196865, "device_queued": 1585587227.7681913, "device_end": 1585587227.7975526, "host_queued_end": 1585587293.198059}, "device": "gpu", "nd_range": {"device_start": 1585587227.7975566, "device_end": 1585587227.7981534}, "cmdq": 0, "read": {"device_start": 1585587227.7981555, "device_end": 1585587227.7981782}}, "FFC_sans_bias52": {"write": {"device_start": 1585587227.7968152, "host_queued_start": 1585587293.195828, "device_queued": 1585587227.7680519, "device_end": 1585587227.7968438, "host_queued_end": 1585587293.198059}, "device": "gpu", "nd_range": {"device_start": 1585587227.79685, "device_end": 1585587227.7973547}, "cmdq": 0, "read": {"device_start": 1585587227.797361, "device_end": 1585587227.7973833}}, "FFC_sans_bias9": {"write": {"device_start": 1585587227.7663977, "host_queued_start": 1585587293.159105, "device_queued": 1585587227.7642338, "device_end": 1585587227.766427, "host_queued_end": 1585587293.198059}, "device": "gpu", "nd_range": {"device_start": 1585587227.7664335, "device_end": 1585587227.767031}, "cmdq": 0, "read": {"device_start": -1, "device_end": -1}}, "coalesced_transpose39": {"write": {"device_start": -1, "host_queued_start": 1585587293.181602, "device_queued": -1, "device_end": -1, "host_queued_end": 1585587293.198059}, "device": "gpu", "nd_range": {"device_start": 1585587227.781453, "device_end": 1585587227.7814617}, "cmdq": 0, "read": {"device_start": -1, "device_end": -1}}, "FFC_sans_bias55": {"write": {"device_start": 1585587227.7787054, "host_queued_start": 1585587293.176933, "device_queued": 1585587227.7657847, "device_end": 1585587227.7787344, "host_queued_end": 1585587293.198059}, "device": "gpu", "nd_range": {"device_start": 1585587227.7787418, "device_end": 1585587227.779245}, "cmdq": 0, "read": {"device_start": -1, "device_end": -1}}, "FFC_sans_bias54": {"write": {"device_start": 1585587227.7779834, "host_queued_start": 1585587293.175913, "device_queued": 1585587227.7656536, "device_end": 1585587227.778012, "host_queued_end": 1585587293.198059}, "device": "gpu", "nd_range": {"device_start": 1585587227.778019, "device_end": 1585587227.7786164}, "cmdq": 0, "read": {"device_start": -1, "device_end": -1}}, "FFC_sans_bias56": {"write": {"device_start": 1585587227.7772555, "host_queued_start": 1585587293.174894, "device_queued": 1585587227.7655902, "device_end": 1585587227.7772837, "host_queued_end": 1585587293.198059}, "device": "gpu", "nd_range": {"device_start": 1585587227.7772942, "device_end": 1585587227.7778926}, "cmdq": 0, "read": {"device_start": -1, "device_end": -1}}, "FFC_sans_bias51": {"write": {"device_start": -1, "host_queued_start": 1585587293.188992, "device_queued": -1, "device_end": -1, "host_queued_end": 1585587293.198059}, "device": "gpu", "nd_range": {"device_start": 1585587227.790931, "device_end": 1585587227.7915306}, "cmdq": 0, "read": {"device_start": -1, "device_end": -1}}, "softmax23": {"write": {"device_start": -1, "host_queued_start": 1585587293.185781, "device_queued": -1, "device_end": -1, "host_queued_end": 1585587293.198059}, "device": "gpu", "nd_range": {"device_start": 1585587227.786688, "device_end": 1585587227.786897}, "cmdq": 0, "read": {"device_start": -1, "device_end": -1}}, "FFC_sans_bias37": {"write": {"device_start": 1585587227.7736416, "host_queued_start": 1585587293.169714, "device_queued": 1585587227.7651548, "device_end": 1585587227.7736704, "host_queued_end": 1585587293.198059}, "device": "gpu", "nd_range": {"device_start": 1585587227.7736793, "device_end": 1585587227.774276}, "cmdq": 0, "read": {"device_start": -1, "device_end": -1}}, "empty62": {"write": {"device_start": 1585587227.764004, "host_queued_start": 1585587293.154088, "device_queued": 1585587227.7637439, "device_end": 1585587227.7640285, "host_queued_end": 1585587293.198059}, "device": "gpu", "nd_range": {"device_start": 1585587227.764038, "device_end": 1585587227.7640414}, "cmdq": 0, "read": {"device_start": -1, "device_end": -1}}, "FFC_sans_bias70": {"write": {"device_start": 1585587227.7983184, "host_queued_start": 1585587293.197954, "device_queued": 1585587227.7682412, "device_end": 1585587227.7983475, "host_queued_end": 1585587293.198059}, "device": "gpu", "nd_range": {"device_start": 1585587227.7983553, "device_end": 1585587227.798945}, "cmdq": 0, "read": {"device_start": 1585587227.7989483, "device_end": 1585587227.7989705}}, "FFC_sans_bias58": {"write": {"device_start": -1, "host_queued_start": 1585587293.184708, "device_queued": -1, "device_end": -1, "host_queued_end": 1585587293.198059}, "device": "gpu", "nd_range": {"device_start": 1585587227.7850728, "device_end": 1585587227.7856715}, "cmdq": 0, "read": {"device_start": -1, "device_end": -1}}, "softmax41": {"write": {"device_start": -1, "host_queued_start": 1585587293.186273, "device_queued": -1, "device_end": -1, "host_queued_end": 1585587293.198059}, "device": "gpu", "nd_range": {"device_start": 1585587227.7871091, "device_end": 1585587227.7873204}, "cmdq": 0, "read": {"device_start": -1, "device_end": -1}}, "FFC_sans_bias11": {"write": {"device_start": 1585587227.767897, "host_queued_start": 1585587293.161351, "device_queued": 1585587227.7643945, "device_end": 1585587227.7679207, "host_queued_end": 1585587293.198059}, "device": "gpu", "nd_range": {"device_start": 1585587227.7679307, "device_end": 1585587227.7685285}, "cmdq": 0, "read": {"device_start": -1, "device_end": -1}}, "FFC_sans_bias10": {"write": {"device_start": 1585587227.767145, "host_queued_start": 1585587293.160308, "device_queued": 1585587227.7643585, "device_end": 1585587227.7671733, "host_queued_end": 1585587293.198059}, "device": "gpu", "nd_range": {"device_start": 1585587227.7671762, "device_end": 1585587227.7677932}, "cmdq": 0, "read": {"device_start": -1, "device_end": -1}}, "coalesced_transpose3": {"write": {"device_start": -1, "host_queued_start": 1585587293.180384, "device_queued": -1, "device_end": -1, "host_queued_end": 1585587293.198059}, "device": "gpu", "nd_range": {"device_start": 1585587227.7814138, "device_end": 1585587227.781424}, "cmdq": 0, "read": {"device_start": -1, "device_end": -1}}, "FFC_sans_bias34": {"write": {"device_start": 1585587227.7952147, "host_queued_start": 1585587293.193756, "device_queued": 1585587227.7677689, "device_end": 1585587227.7952433, "host_queued_end": 1585587293.198059}, "device": "gpu", "nd_range": {"device_start": 1585587227.7952516, "device_end": 1585587227.7958484}, "cmdq": 0, "read": {"device_start": 1585587227.7958517, "device_end": 1585587227.7958739}}, "FFC_sans_bias15": {"write": {"device_start": -1, "host_queued_start": 1585587293.18773, "device_queued": -1, "device_end": -1, "host_queued_end": 1585587293.198059}, "device": "gpu", "nd_range": {"device_start": 1585587227.7885642, "device_end": 1585587227.789153}, "cmdq": 0, "read": {"device_start": -1, "device_end": -1}}, "FFC_sans_bias31": {"write": {"device_start": -1, "host_queued_start": 1585587293.183775, "device_queued": -1, "device_end": -1, "host_queued_end": 1585587293.198059}, "device": "gpu", "nd_range": {"device_start": 1585587227.7832904, "device_end": 1585587227.7838907}, "cmdq": 0, "read": {"device_start": -1, "device_end": -1}}, "FFC_sans_bias16": {"write": {"device_start": 1585587227.7936125, "host_queued_start": 1585587293.191686, "device_queued": 1585587227.7675333, "device_end": 1585587227.793641, "host_queued_end": 1585587293.198059}, "device": "gpu", "nd_range": {"device_start": 1585587227.793649, "device_end": 1585587227.7942467}, "cmdq": 0, "read": {"device_start": 1585587227.79425, "device_end": 1585587227.794273}}, "FFC_sans_bias19": {"write": {"device_start": 1585587227.769306, "host_queued_start": 1585587293.163439, "device_queued": 1585587227.7645452, "device_end": 1585587227.7693355, "host_queued_end": 1585587293.198059}, "device": "gpu", "nd_range": {"device_start": 1585587227.7693405, "device_end": 1585587227.769941}, "cmdq": 0, "read": {"device_start": -1, "device_end": -1}}, "FFC_sans_bias18": {"write": {"device_start": 1585587227.7686038, "host_queued_start": 1585587293.162377, "device_queued": 1585587227.7645109, "device_end": 1585587227.768627, "host_queued_end": 1585587293.198059}, "device": "gpu", "nd_range": {"device_start": 1585587227.768633, "device_end": 1585587227.7692337}, "cmdq": 0, "read": {"device_start": -1, "device_end": -1}}, "coalesced_transpose30": {"write": {"device_start": -1, "host_queued_start": 1585587293.181297, "device_queued": -1, "device_end": -1, "host_queued_end": 1585587293.198059}, "device": "gpu", "nd_range": {"device_start": 1585587227.7814436, "device_end": 1585587227.7814517}, "cmdq": 0, "read": {"device_start": -1, "device_end": -1}}, "FFC_sans_bias69": {"write": {"device_start": -1, "host_queued_start": 1585587293.189613, "device_queued": -1, "device_end": -1, "host_queued_end": 1585587293.198059}, "device": "gpu", "nd_range": {"device_start": 1585587227.7921321, "device_end": 1585587227.792729}, "cmdq": 0, "read": {"device_start": -1, "device_end": -1}}, "FFC_sans_bias38": {"write": {"device_start": 1585587227.7743645, "host_queued_start": 1585587293.17078, "device_queued": 1585587227.7652738, "device_end": 1585587227.7743938, "host_queued_end": 1585587293.198059}, "device": "gpu", "nd_range": {"device_start": 1585587227.7744012, "device_end": 1585587227.7749887}, "cmdq": 0, "read": {"device_start": -1, "device_end": -1}}, "coalesced_transpose57": {"write": {"device_start": -1, "host_queued_start": 1585587293.182205, "device_queued": -1, "device_end": -1, "host_queued_end": 1585587293.198059}, "device": "gpu", "nd_range": {"device_start": 1585587227.781473, "device_end": 1585587227.7814817}, "cmdq": 0, "read": {"device_start": -1, "device_end": -1}}, "empty26": {"write": {"device_start": 1585587227.7635226, "host_queued_start": 1585587293.150838, "device_queued": 1585587227.7633839, "device_end": 1585587227.763552, "host_queued_end": 1585587293.198059}, "device": "gpu", "nd_range": {"device_start": 1585587227.7635567, "device_end": 1585587227.76356}, "cmdq": 0, "read": {"device_start": -1, "device_end": -1}}, "coalesced_transpose12": {"write": {"device_start": -1, "host_queued_start": 1585587293.180686, "device_queued": -1, "device_end": -1, "host_queued_end": 1585587293.198059}, "device": "gpu", "nd_range": {"device_start": 1585587227.7814252, "device_end": 1585587227.781433}, "cmdq": 0, "read": {"device_start": -1, "device_end": -1}}, "empty44": {"write": {"device_start": 1585587227.7637775, "host_queued_start": 1585587293.152466, "device_queued": 1585587227.7636445, "device_end": 1585587227.7638009, "host_queued_end": 1585587293.198059}, "device": "gpu", "nd_range": {"device_start": 1585587227.7638075, "device_end": 1585587227.7638109}, "cmdq": 0, "read": {"device_start": -1, "device_end": -1}}, "coalesced_transpose21": {"write": {"device_start": -1, "host_queued_start": 1585587293.180991, "device_queued": -1, "device_end": -1, "host_queued_end": 1585587293.198059}, "device": "gpu", "nd_range": {"device_start": 1585587227.7814345, "device_end": 1585587227.7814426}, "cmdq": 0, "read": {"device_start": -1, "device_end": -1}}, "FFC_sans_bias36": {"write": {"device_start": 1585587227.7729166, "host_queued_start": 1585587293.168685, "device_queued": 1585587227.7651088, "device_end": 1585587227.7729454, "host_queued_end": 1585587293.198059}, "device": "gpu", "nd_range": {"device_start": 1585587227.7729511, "device_end": 1585587227.7735527}, "cmdq": 0, "read": {"device_start": -1, "device_end": -1}}, "softmax14": {"write": {"device_start": -1, "host_queued_start": 1585587293.185534, "device_queued": -1, "device_end": -1, "host_queued_end": 1585587293.198059}, "device": "gpu", "nd_range": {"device_start": 1585587227.7864757, "device_end": 1585587227.786687}, "cmdq": 0, "read": {"device_start": -1, "device_end": -1}}, "FFC_sans_bias13": {"write": {"device_start": -1, "host_queued_start": 1585587293.183146, "device_queued": -1, "device_end": -1, "host_queued_end": 1585587293.198059}, "device": "gpu", "nd_range": {"device_start": 1585587227.7820938, "device_end": 1585587227.7826896}, "cmdq": 0, "read": {"device_start": -1, "device_end": -1}}, "empty8": {"write": {"device_start": 1585587227.7632835, "host_queued_start": 1585587293.148943, "device_queued": 1585587227.763173, "device_end": 1585587227.7633095, "host_queued_end": 1585587293.198059}, "device": "gpu", "nd_range": {"device_start": 1585587227.7633126, "device_end": 1585587227.763317}, "cmdq": 0, "read": {"device_start": -1, "device_end": -1}}, "FFC_sans_bias42": {"write": {"device_start": -1, "host_queued_start": 1585587293.188682, "device_queued": -1, "device_end": -1, "host_queued_end": 1585587293.198059}, "device": "gpu", "nd_range": {"device_start": 1585587227.790342, "device_end": 1585587227.79093}, "cmdq": 0, "read": {"device_start": -1, "device_end": -1}}, "FFC_sans_bias43": {"write": {"device_start": 1585587227.7960138, "host_queued_start": 1585587293.194793, "device_queued": 1585587227.7679958, "device_end": 1585587227.7960427, "host_queued_end": 1585587293.198059}, "device": "gpu", "nd_range": {"device_start": 1585587227.7960513, "device_end": 1585587227.796649}, "cmdq": 0, "read": {"device_start": 1585587227.7966514, "device_end": 1585587227.7966743}}, "FFC_sans_bias40": {"write": {"device_start": -1, "host_queued_start": 1585587293.184087, "device_queued": -1, "device_end": -1, "host_queued_end": 1585587293.198059}, "device": "gpu", "nd_range": {"device_start": 1585587227.7838926, "device_end": 1585587227.784481}, "cmdq": 0, "read": {"device_start": -1, "device_end": -1}}, "softmax32": {"write": {"device_start": -1, "host_queued_start": 1585587293.186028, "device_queued": -1, "device_end": -1, "host_queued_end": 1585587293.198059}, "device": "gpu", "nd_range": {"device_start": 1585587227.7868986, "device_end": 1585587227.7871082}, "cmdq": 0, "read": {"device_start": -1, "device_end": -1}}, "FFC_sans_bias47": {"write": {"device_start": 1585587227.7765386, "host_queued_start": 1585587293.173862, "device_queued": 1585587227.7654717, "device_end": 1585587227.776567, "host_queued_end": 1585587293.198059}, "device": "gpu", "nd_range": {"device_start": 1585587227.776576, "device_end": 1585587227.7771714}, "cmdq": 0, "read": {"device_start": -1, "device_end": -1}}, "FFC_sans_bias45": {"write": {"device_start": 1585587227.7750957, "host_queued_start": 1585587293.171806, "device_queued": 1585587227.765309, "device_end": 1585587227.7751298, "host_queued_end": 1585587293.198059}, "device": "gpu", "nd_range": {"device_start": 1585587227.7751365, "device_end": 1585587227.7757356}, "cmdq": 0, "read": {"device_start": -1, "device_end": -1}}, "softmax50": {"write": {"device_start": -1, "host_queued_start": 1585587293.186521, "device_queued": -1, "device_end": -1, "host_queued_end": 1585587293.198059}, "device": "gpu", "nd_range": {"device_start": 1585587227.7873213, "device_end": 1585587227.7875326}, "cmdq": 0, "read": {"device_start": -1, "device_end": -1}}, "FFC_sans_bias33": {"write": {"device_start": -1, "host_queued_start": 1585587293.18837, "device_queued": -1, "device_end": -1, "host_queued_end": 1585587293.198059}, "device": "gpu", "nd_range": {"device_start": 1585587227.789752, "device_end": 1585587227.790341}, "cmdq": 0, "read": {"device_start": -1, "device_end": -1}}, "FFC_sans_bias63": {"write": {"device_start": 1585587227.7807798, "host_queued_start": 1585587293.18006, "device_queued": 1585587227.7659736, "device_end": 1585587227.7808077, "host_queued_end": 1585587293.198059}, "device": "gpu", "nd_range": {"device_start": 1585587227.7808144, "device_end": 1585587227.7814124}, "cmdq": 0, "read": {"device_start": -1, "device_end": -1}}, "FFC_sans_bias49": {"write": {"device_start": -1, "host_queued_start": 1585587293.184401, "device_queued": -1, "device_end": -1, "host_queued_end": 1585587293.198059}, "device": "gpu", "nd_range": {"device_start": 1585587227.7844827, "device_end": 1585587227.7850714}, "cmdq": 0, "read": {"device_start": -1, "device_end": -1}}, "FFC_sans_bias64": {"write": {"device_start": 1585587227.779335, "host_queued_start": 1585587293.177972, "device_queued": 1585587227.765822, "device_end": 1585587227.7793632, "host_queued_end": 1585587293.198059}, "device": "gpu", "nd_range": {"device_start": 1585587227.7793696, "device_end": 1585587227.7799685}, "cmdq": 0, "read": {"device_start": -1, "device_end": -1}}, "FFC_sans_bias65": {"write": {"device_start": 1585587227.780058, "host_queued_start": 1585587293.179034, "device_queued": 1585587227.7659392, "device_end": 1585587227.780087, "host_queued_end": 1585587293.198059}, "device": "gpu", "nd_range": {"device_start": 1585587227.7800925, "device_end": 1585587227.7806911}, "cmdq": 0, "read": {"device_start": -1, "device_end": -1}}, "FFC_sans_bias67": {"write": {"device_start": -1, "host_queued_start": 1585587293.185038, "device_queued": -1, "device_end": -1, "host_queued_end": 1585587293.198059}, "device": "gpu", "nd_range": {"device_start": 1585587227.785673, "device_end": 1585587227.7862608}, "cmdq": 0, "read": {"device_start": -1, "device_end": -1}}, "FFC_sans_bias24": {"write": {"device_start": -1, "host_queued_start": 1585587293.188049, "device_queued": -1, "device_end": -1, "host_queued_end": 1585587293.198059}, "device": "gpu", "nd_range": {"device_start": 1585587227.789154, "device_end": 1585587227.7897506}, "cmdq": 0, "read": {"device_start": -1, "device_end": -1}}, "FFC_sans_bias25": {"write": {"device_start": 1585587227.794415, "host_queued_start": 1585587293.192723, "device_queued": 1585587227.7676919, "device_end": 1585587227.7944434, "host_queued_end": 1585587293.198059}, "device": "gpu", "nd_range": {"device_start": 1585587227.7944498, "device_end": 1585587227.7950466}, "cmdq": 0, "read": {"device_start": 1585587227.7950518, "device_end": 1585587227.7950742}}, "FFC_sans_bias27": {"write": {"device_start": 1585587227.7707508, "host_queued_start": 1585587293.165522, "device_queued": 1585587227.764704, "device_end": 1585587227.7707787, "host_queued_end": 1585587293.198059}, "device": "gpu", "nd_range": {"device_start": 1585587227.7707884, "device_end": 1585587227.7713869}, "cmdq": 0, "read": {"device_start": -1, "device_end": -1}}, "FFC_sans_bias20": {"write": {"device_start": 1585587227.770031, "host_queued_start": 1585587293.164489, "device_queued": 1585587227.7646623, "device_end": 1585587227.770059, "host_queued_end": 1585587293.198059}, "device": "gpu", "nd_range": {"device_start": 1585587227.770069, "device_end": 1585587227.770662}, "cmdq": 0, "read": {"device_start": -1, "device_end": -1}}, "FFC_sans_bias22": {"write": {"device_start": -1, "host_queued_start": 1585587293.183461, "device_queued": -1, "device_end": -1, "host_queued_end": 1585587293.198059}, "device": "gpu", "nd_range": {"device_start": 1585587227.782691, "device_end": 1585587227.7832894}, "cmdq": 0, "read": {"device_start": -1, "device_end": -1}}, "softmax68": {"write": {"device_start": -1, "host_queued_start": 1585587293.187024, "device_queued": -1, "device_end": -1, "host_queued_end": 1585587293.198059}, "device": "gpu", "nd_range": {"device_start": 1585587227.7877452, "device_end": 1585587227.7879562}, "cmdq": 0, "read": {"device_start": -1, "device_end": -1}}, "softmax5": {"write": {"device_start": -1, "host_queued_start": 1585587293.185287, "device_queued": -1, "device_end": -1, "host_queued_end": 1585587293.198059}, "device": "gpu", "nd_range": {"device_start": 1585587227.7862618, "device_end": 1585587227.7864742}, "cmdq": 0, "read": {"device_start": -1, "device_end": -1}}, "FFC_sans_bias28": {"write": {"device_start": 1585587227.771478, "host_queued_start": 1585587293.166558, "device_queued": 1585587227.764837, "device_end": 1585587227.7715056, "host_queued_end": 1585587293.198059}, "device": "gpu", "nd_range": {"device_start": 1585587227.771516, "device_end": 1585587227.7721071}, "cmdq": 0, "read": {"device_start": -1, "device_end": -1}}, "FFC_sans_bias29": {"write": {"device_start": 1585587227.7721977, "host_queued_start": 1585587293.167645, "device_queued": 1585587227.7649226, "device_end": 1585587227.772226, "host_queued_end": 1585587293.198059}, "device": "gpu", "nd_range": {"device_start": 1585587227.7722366, "device_end": 1585587227.7728252}, "cmdq": 0, "read": {"device_start": -1, "device_end": -1}}, "empty17": {"write": {"device_start": 1585587227.7634017, "host_queued_start": 1585587293.149982, "device_queued": 1585587227.7633069, "device_end": 1585587227.7634315, "host_queued_end": 1585587293.198059}, "device": "gpu", "nd_range": {"device_start": 1585587227.763436, "device_end": 1585587227.7634394}, "cmdq": 0, "read": {"device_start": -1, "device_end": -1}}, "softmax59": {"write": {"device_start": -1, "host_queued_start": 1585587293.186776, "device_queued": -1, "device_end": -1, "host_queued_end": 1585587293.198059}, "device": "gpu", "nd_range": {"device_start": 1585587227.7875338, "device_end": 1585587227.787744}, "cmdq": 0, "read": {"device_start": -1, "device_end": -1}}, "empty71": {"write": {"device_start": 1585587227.764137, "host_queued_start": 1585587293.15492, "device_queued": 1585587227.7637777, "device_end": 1585587227.7641609, "host_queued_end": 1585587293.198059}, "device": "gpu", "nd_range": {"device_start": 1585587227.7641666, "device_end": 1585587227.7641702}, "cmdq": 0, "read": {"device_start": -1, "device_end": -1}}, "empty35": {"write": {"device_start": 1585587227.7636504, "host_queued_start": 1585587293.151655, "device_queued": 1585587227.7634177, "device_end": 1585587227.7636807, "host_queued_end": 1585587293.198059}, "device": "gpu", "nd_range": {"device_start": 1585587227.7636898, "device_end": 1585587227.7636933}, "cmdq": 0, "read": {"device_start": -1, "device_end": -1}}, "empty53": {"write": {"device_start": 1585587227.7638993, "host_queued_start": 1585587293.15327, "device_queued": 1585587227.7636867, "device_end": 1585587227.7639236, "host_queued_end": 1585587293.198059}, "device": "gpu", "nd_range": {"device_start": 1585587227.7639282, "device_end": 1585587227.7639322}, "cmdq": 0, "read": {"device_start": -1, "device_end": -1}}, "FFC_sans_bias46": {"write": {"device_start": 1585587227.7758257, "host_queued_start": 1585587293.172829, "device_queued": 1585587227.765431, "device_end": 1585587227.7758546, "host_queued_end": 1585587293.198059}, "device": "gpu", "nd_range": {"device_start": 1585587227.7758603, "device_end": 1585587227.776449}, "cmdq": 0, "read": {"device_start": -1, "device_end": -1}}, "coalesced_transpose66": {"write": {"device_start": -1, "host_queued_start": 1585587293.182505, "device_queued": -1, "device_end": -1, "host_queued_end": 1585587293.198059}, "device": "gpu", "nd_range": {"device_start": 1585587227.781483, "device_end": 1585587227.7814913}, "cmdq": 0, "read": {"device_start": -1, "device_end": -1}}, "coalesced_transpose48": {"write": {"device_start": -1, "host_queued_start": 1585587293.181904, "device_queued": -1, "device_end": -1, "host_queued_end": 1585587293.198059}, "device": "gpu", "nd_range": {"device_start": 1585587227.7814627, "device_end": 1585587227.7814713}, "cmdq": 0, "read": {"device_start": -1, "device_end": -1}}}