{"FFC_sans_bias60": {"write": {"device_start": -1, "host_queued_start": 1585587652.24635, "device_queued": -1, "device_end": -1, "host_queued_end": 1585587652.251972}, "device": "gpu", "nd_range": {"device_start": 1585587586.818936, "device_end": 1585587586.8205678}, "cmdq": 2, "read": {"device_start": -1, "device_end": -1}}, "FFC_sans_bias4": {"write": {"device_start": -1, "host_queued_start": 1585587652.267538, "device_queued": -1, "device_end": -1, "host_queued_end": 1585587652.273404}, "device": "cpu", "nd_range": {"device_start": 2255426.506649816, "device_end": 2255426.5142824193}, "cmdq": 3, "read": {"device_start": -1, "device_end": -1}}, "FFC_sans_bias7": {"write": {"device_start": -1, "host_queued_start": 1585587652.271377, "device_queued": -1, "device_end": -1, "host_queued_end": 1585587652.273404}, "device": "cpu", "nd_range": {"device_start": 2255426.5261104424, "device_end": 2255426.534107848}, "cmdq": 0, "read": {"device_start": -1, "device_end": -1}}, "FFC_sans_bias6": {"write": {"device_start": -1, "host_queued_start": 1585587652.269559, "device_queued": -1, "device_end": -1, "host_queued_end": 1585587652.273404}, "device": "cpu", "nd_range": {"device_start": 2255426.514467378, "device_end": 2255426.5250248}, "cmdq": 1, "read": {"device_start": -1, "device_end": -1}}, "FFC_sans_bias1": {"write": {"device_start": -1, "host_queued_start": 1585587652.258017, "device_queued": -1, "device_end": -1, "host_queued_end": 1585587652.273404}, "device": "cpu", "nd_range": {"device_start": 2255426.463020721, "device_end": 2255426.478396736}, "cmdq": 0, "read": {"device_start": -1, "device_end": -1}}, "FFC_sans_bias0": {"write": {"device_start": -1, "host_queued_start": 1585587652.256811, "device_queued": -1, "device_end": -1, "host_queued_end": 1585587652.273404}, "device": "cpu", "nd_range": {"device_start": 2255426.4630303, "device_end": 2255426.478325693}, "cmdq": 3, "read": {"device_start": -1, "device_end": -1}}, "FFC_sans_bias2": {"write": {"device_start": -1, "host_queued_start": 1585587652.259164, "device_queued": -1, "device_end": -1, "host_queued_end": 1585587652.273404}, "device": "cpu", "nd_range": {"device_start": 2255426.463029458, "device_end": 2255426.478916272}, "cmdq": 1, "read": {"device_start": -1, "device_end": -1}}, "FFC_sans_bias61": {"write": {"device_start": 1585587586.8212385, "host_queued_start": 1585587652.250823, "device_queued": 1585587586.810755, "device_end": 1585587586.821269, "host_queued_end": 1585587652.251972}, "device": "gpu", "nd_range": {"device_start": 1585587586.8212762, "device_end": 1585587586.8230193}, "cmdq": 3, "read": {"device_start": 1585587586.8230226, "device_end": 1585587586.8230464}}, "FFC_sans_bias52": {"write": {"device_start": 1585587586.8207085, "host_queued_start": 1585587652.249782, "device_queued": 1585587586.8107383, "device_end": 1585587586.8207393, "host_queued_end": 1585587652.251972}, "device": "gpu", "nd_range": {"device_start": 1585587586.820755, "device_end": 1585587586.8225324}, "cmdq": 2, "read": {"device_start": 1585587586.8225365, "device_end": 1585587586.8225656}}, "FFC_sans_bias9": {"write": {"device_start": -1, "host_queued_start": 1585587652.260236, "device_queued": -1, "device_end": -1, "host_queued_end": 1585587652.273404}, "device": "cpu", "nd_range": {"device_start": 2255426.4631430563, "device_end": 2255426.478524067}, "cmdq": 2, "read": {"device_start": -1, "device_end": -1}}, "coalesced_transpose39": {"write": {"device_start": -1, "host_queued_start": 1585587652.241344, "device_queued": -1, "device_end": -1, "host_queued_end": 1585587652.251972}, "device": "gpu", "nd_range": {"device_start": 1585587586.8146167, "device_end": 1585587586.8154557}, "cmdq": 1, "read": {"device_start": -1, "device_end": -1}}, "FFC_sans_bias55": {"write": {"device_start": 1585587586.8122656, "host_queued_start": 1585587652.237553, "device_queued": 1585587586.8091052, "device_end": 1585587586.8122916, "host_queued_end": 1585587652.251972}, "device": "gpu", "nd_range": {"device_start": 1585587586.8122954, "device_end": 1585587586.8141415}, "cmdq": 0, "read": {"device_start": -1, "device_end": -1}}, "FFC_sans_bias54": {"write": {"device_start": 1585587586.8118026, "host_queued_start": 1585587652.236519, "device_queued": 1585587586.8088894, "device_end": 1585587586.8118298, "host_queued_end": 1585587652.251972}, "device": "gpu", "nd_range": {"device_start": 1585587586.8118386, "device_end": 1585587586.813644}, "cmdq": 3, "read": {"device_start": -1, "device_end": -1}}, "FFC_sans_bias56": {"write": {"device_start": 1585587586.8112967, "host_queued_start": 1585587652.23548, "device_queued": 1585587586.8088655, "device_end": 1585587586.8113236, "host_queued_end": 1585587652.251972}, "device": "gpu", "nd_range": {"device_start": 1585587586.811332, "device_end": 1585587586.81316}, "cmdq": 2, "read": {"device_start": -1, "device_end": -1}}, "FFC_sans_bias51": {"write": {"device_start": -1, "host_queued_start": 1585587652.246032, "device_queued": -1, "device_end": -1, "host_queued_end": 1585587652.251972}, "device": "gpu", "nd_range": {"device_start": 1585587586.8185773, "device_end": 1585587586.8201432}, "cmdq": 1, "read": {"device_start": -1, "device_end": -1}}, "softmax23": {"write": {"device_start": -1, "host_queued_start": 1585587652.269222, "device_queued": -1, "device_end": -1, "host_queued_end": 1585587652.273404}, "device": "cpu", "nd_range": {"device_start": 2255426.5143982233, "device_end": 2255426.514844513}, "cmdq": 0, "read": {"device_start": -1, "device_end": -1}}, "FFC_sans_bias37": {"write": {"device_start": 1585587586.8089375, "host_queued_start": 1585587652.230151, "device_queued": 1585587586.8084936, "device_end": 1585587586.8089685, "host_queued_end": 1585587652.251972}, "device": "gpu", "nd_range": {"device_start": 1585587586.8089747, "device_end": 1585587586.810767}, "cmdq": 1, "read": {"device_start": -1, "device_end": -1}}, "empty62": {"write": {"device_start": 1585587586.8079123, "host_queued_start": 1585587652.223941, "device_queued": 1585587586.8075657, "device_end": 1585587586.8079863, "host_queued_end": 1585587652.251972}, "device": "gpu", "nd_range": {"device_start": 1585587586.8079915, "device_end": 1585587586.8080025}, "cmdq": 3, "read": {"device_start": -1, "device_end": -1}}, "FFC_sans_bias70": {"write": {"device_start": 1585587586.821824, "host_queued_start": 1585587652.251866, "device_queued": 1585587586.8110507, "device_end": 1585587586.821857, "host_queued_end": 1585587652.251972}, "device": "gpu", "nd_range": {"device_start": 1585587586.8218665, "device_end": 1585587586.8234951}, "cmdq": 0, "read": {"device_start": 1585587586.823503, "device_end": 1585587586.8235254}}, "FFC_sans_bias58": {"write": {"device_start": -1, "host_queued_start": 1585587652.243526, "device_queued": -1, "device_end": -1, "host_queued_end": 1585587652.251972}, "device": "gpu", "nd_range": {"device_start": 1585587586.8156104, "device_end": 1585587586.8175812}, "cmdq": 0, "read": {"device_start": -1, "device_end": -1}}, "softmax41": {"write": {"device_start": -1, "host_queued_start": 1585587652.244345, "device_queued": -1, "device_end": -1, "host_queued_end": 1585587652.251972}, "device": "gpu", "nd_range": {"device_start": 1585587586.8171687, "device_end": 1585587586.8185534}, "cmdq": 3, "read": {"device_start": -1, "device_end": -1}}, "FFC_sans_bias11": {"write": {"device_start": -1, "host_queued_start": 1585587652.262415, "device_queued": -1, "device_end": -1, "host_queued_end": 1585587652.273404}, "device": "cpu", "nd_range": {"device_start": 2255426.4785564933, "device_end": 2255426.50645807}, "cmdq": 0, "read": {"device_start": -1, "device_end": -1}}, "FFC_sans_bias10": {"write": {"device_start": -1, "host_queued_start": 1585587652.261341, "device_queued": -1, "device_end": -1, "host_queued_end": 1585587652.273404}, "device": "cpu", "nd_range": {"device_start": 2255426.4783433722, "device_end": 2255426.4936198653}, "cmdq": 3, "read": {"device_start": -1, "device_end": -1}}, "coalesced_transpose3": {"write": {"device_start": -1, "host_queued_start": 1585587652.266354, "device_queued": -1, "device_end": -1, "host_queued_end": 1585587652.273404}, "device": "cpu", "nd_range": {"device_start": 2255426.5064669503, "device_end": 2255426.506642606}, "cmdq": 0, "read": {"device_start": -1, "device_end": -1}}, "FFC_sans_bias34": {"write": {"device_start": 1585587586.8197575, "host_queued_start": 1585587652.247689, "device_queued": 1585587586.8105507, "device_end": 1585587586.8197904, "host_queued_end": 1585587652.251972}, "device": "gpu", "nd_range": {"device_start": 1585587586.8197997, "device_end": 1585587586.821551}, "cmdq": 0, "read": {"device_start": 1585587586.8215618, "device_end": 1585587586.8215861}}, "FFC_sans_bias15": {"write": {"device_start": -1, "host_queued_start": 1585587652.269929, "device_queued": -1, "device_end": -1, "host_queued_end": 1585587652.273404}, "device": "cpu", "nd_range": {"device_start": 2255426.5147836483, "device_end": 2255426.5286575053}, "cmdq": 2, "read": {"device_start": -1, "device_end": -1}}, "FFC_sans_bias31": {"write": {"device_start": -1, "host_queued_start": 1585587652.242577, "device_queued": -1, "device_end": -1, "host_queued_end": 1585587652.251972}, "device": "gpu", "nd_range": {"device_start": 1585587586.8155785, "device_end": 1585587586.816184}, "cmdq": 1, "read": {"device_start": -1, "device_end": -1}}, "FFC_sans_bias16": {"write": {"device_start": -1, "host_queued_start": 1585587652.272374, "device_queued": -1, "device_end": -1, "host_queued_end": 1585587652.273404}, "device": "cpu", "nd_range": {"device_start": 2255426.528826504, "device_end": 2255426.537601651}, "cmdq": 1, "read": {"device_start": -1, "device_end": -1}}, "FFC_sans_bias19": {"write": {"device_start": -1, "host_queued_start": 1585587652.264522, "device_queued": -1, "device_end": -1, "host_queued_end": 1585587652.273404}, "device": "cpu", "nd_range": {"device_start": 2255426.478643453, "device_end": 2255426.4939880483}, "cmdq": 2, "read": {"device_start": -1, "device_end": -1}}, "FFC_sans_bias18": {"write": {"device_start": -1, "host_queued_start": 1585587652.263481, "device_queued": -1, "device_end": -1, "host_queued_end": 1585587652.273404}, "device": "cpu", "nd_range": {"device_start": 2255426.479030272, "device_end": 2255426.495709036}, "cmdq": 1, "read": {"device_start": -1, "device_end": -1}}, "coalesced_transpose30": {"write": {"device_start": -1, "host_queued_start": 1585587652.241033, "device_queued": -1, "device_end": -1, "host_queued_end": 1585587652.251972}, "device": "gpu", "nd_range": {"device_start": 1585587586.8141432, "device_end": 1585587586.8154411}, "cmdq": 0, "read": {"device_start": -1, "device_end": -1}}, "FFC_sans_bias69": {"write": {"device_start": -1, "host_queued_start": 1585587652.246674, "device_queued": -1, "device_end": -1, "host_queued_end": 1585587652.251972}, "device": "gpu", "nd_range": {"device_start": 1585587586.8191748, "device_end": 1585587586.8211098}, "cmdq": 3, "read": {"device_start": -1, "device_end": -1}}, "FFC_sans_bias38": {"write": {"device_start": 1585587586.809341, "host_queued_start": 1585587652.231239, "device_queued": 1585587586.808518, "device_end": 1585587586.8093712, "host_queued_end": 1585587652.251972}, "device": "gpu", "nd_range": {"device_start": 1585587586.809374, "device_end": 1585587586.8112087}, "cmdq": 2, "read": {"device_start": -1, "device_end": -1}}, "coalesced_transpose57": {"write": {"device_start": -1, "host_queued_start": 1585587652.241948, "device_queued": -1, "device_end": -1, "host_queued_end": 1585587652.251972}, "device": "gpu", "nd_range": {"device_start": 1585587586.8155646, "device_end": 1585587586.815593}, "cmdq": 3, "read": {"device_start": -1, "device_end": -1}}, "empty26": {"write": {"device_start": -1, "host_queued_start": 1585587652.255701, "device_queued": -1, "device_end": -1, "host_queued_end": 1585587652.273404}, "device": "cpu", "nd_range": {"device_start": 2255426.4629942193, "device_end": 2255426.46300017}, "cmdq": 2, "read": {"device_start": -1, "device_end": -1}}, "coalesced_transpose12": {"write": {"device_start": -1, "host_queued_start": 1585587652.26675, "device_queued": -1, "device_end": -1, "host_queued_end": 1585587652.273404}, "device": "cpu", "nd_range": {"device_start": 2255426.495822574, "device_end": 2255426.4960636552}, "cmdq": 1, "read": {"device_start": -1, "device_end": -1}}, "empty44": {"write": {"device_start": 1585587586.8076916, "host_queued_start": 1585587652.222202, "device_queued": 1585587586.8075254, "device_end": 1585587586.8077655, "host_queued_end": 1585587652.251972}, "device": "gpu", "nd_range": {"device_start": 1585587586.8077843, "device_end": 1585587586.8077896}, "cmdq": 1, "read": {"device_start": -1, "device_end": -1}}, "coalesced_transpose21": {"write": {"device_start": -1, "host_queued_start": 1585587652.267125, "device_queued": -1, "device_end": -1, "host_queued_end": 1585587652.273404}, "device": "cpu", "nd_range": {"device_start": 2255426.494109353, "device_end": 2255426.4943491663}, "cmdq": 2, "read": {"device_start": -1, "device_end": -1}}, "FFC_sans_bias36": {"write": {"device_start": 1585587586.8084302, "host_queued_start": 1585587652.228952, "device_queued": 1585587586.8082862, "device_end": 1585587586.8084545, "host_queued_end": 1585587652.251972}, "device": "gpu", "nd_range": {"device_start": 1585587586.8084831, "device_end": 1585587586.8102193}, "cmdq": 0, "read": {"device_start": -1, "device_end": -1}}, "softmax14": {"write": {"device_start": -1, "host_queued_start": 1585587652.268949, "device_queued": -1, "device_end": -1, "host_queued_end": 1585587652.273404}, "device": "cpu", "nd_range": {"device_start": 2255426.5144229573, "device_end": 2255426.514660071}, "cmdq": 3, "read": {"device_start": -1, "device_end": -1}}, "FFC_sans_bias13": {"write": {"device_start": -1, "host_queued_start": 1585587652.267938, "device_queued": -1, "device_end": -1, "host_queued_end": 1585587652.273404}, "device": "cpu", "nd_range": {"device_start": 2255426.506662542, "device_end": 2255426.514379104}, "cmdq": 0, "read": {"device_start": -1, "device_end": -1}}, "empty8": {"write": {"device_start": -1, "host_queued_start": 1585587652.253649, "device_queued": -1, "device_end": -1, "host_queued_end": 1585587652.273404}, "device": "cpu", "nd_range": {"device_start": 2255426.4629890583, "device_end": 2255426.4630001322}, "cmdq": 0, "read": {"device_start": -1, "device_end": -1}}, "FFC_sans_bias42": {"write": {"device_start": -1, "host_queued_start": 1585587652.245711, "device_queued": -1, "device_end": -1, "host_queued_end": 1585587652.251972}, "device": "gpu", "nd_range": {"device_start": 1585587586.8185694, "device_end": 1585587586.8195696}, "cmdq": 0, "read": {"device_start": -1, "device_end": -1}}, "FFC_sans_bias43": {"write": {"device_start": 1585587586.8202746, "host_queued_start": 1585587652.248733, "device_queued": 1585587586.8107119, "device_end": 1585587586.820306, "host_queued_end": 1585587652.251972}, "device": "gpu", "nd_range": {"device_start": 1585587586.8203135, "device_end": 1585587586.8220606}, "cmdq": 1, "read": {"device_start": 1585587586.8220723, "device_end": 1585587586.8220968}}, "FFC_sans_bias40": {"write": {"device_start": -1, "host_queued_start": 1585587652.242889, "device_queued": -1, "device_end": -1, "host_queued_end": 1585587652.251972}, "device": "gpu", "nd_range": {"device_start": 1585587586.8155901, "device_end": 1585587586.8165886}, "cmdq": 2, "read": {"device_start": -1, "device_end": -1}}, "softmax32": {"write": {"device_start": -1, "host_queued_start": 1585587652.244091, "device_queued": -1, "device_end": -1, "host_queued_end": 1585587652.251972}, "device": "gpu", "nd_range": {"device_start": 1585587586.8165975, "device_end": 1585587586.818542}, "cmdq": 2, "read": {"device_start": -1, "device_end": -1}}, "FFC_sans_bias47": {"write": {"device_start": 1585587586.8108811, "host_queued_start": 1585587652.234367, "device_queued": 1585587586.8088496, "device_end": 1585587586.8109124, "host_queued_end": 1585587652.251972}, "device": "gpu", "nd_range": {"device_start": 1585587586.8109193, "device_end": 1585587586.8126717}, "cmdq": 1, "read": {"device_start": -1, "device_end": -1}}, "FFC_sans_bias45": {"write": {"device_start": 1585587586.8099182, "host_queued_start": 1585587652.23227, "device_queued": 1585587586.8085299, "device_end": 1585587586.8099494, "host_queued_end": 1585587652.251972}, "device": "gpu", "nd_range": {"device_start": 1585587586.809955, "device_end": 1585587586.8117235}, "cmdq": 3, "read": {"device_start": -1, "device_end": -1}}, "softmax50": {"write": {"device_start": -1, "host_queued_start": 1585587652.244592, "device_queued": -1, "device_end": -1, "host_queued_end": 1585587652.251972}, "device": "gpu", "nd_range": {"device_start": 1585587586.8175898, "device_end": 1585587586.8185377}, "cmdq": 0, "read": {"device_start": -1, "device_end": -1}}, "FFC_sans_bias33": {"write": {"device_start": -1, "host_queued_start": 1585587652.245395, "device_queued": -1, "device_end": -1, "host_queued_end": 1585587652.251972}, "device": "gpu", "nd_range": {"device_start": 1585587586.8185606, "device_end": 1585587586.8191674}, "cmdq": 3, "read": {"device_start": -1, "device_end": -1}}, "FFC_sans_bias63": {"write": {"device_start": 1585587586.8137243, "host_queued_start": 1585587652.240701, "device_queued": 1585587586.8093011, "device_end": 1585587586.813756, "host_queued_end": 1585587652.251972}, "device": "gpu", "nd_range": {"device_start": 1585587586.813766, "device_end": 1585587586.8155565}, "cmdq": 3, "read": {"device_start": -1, "device_end": -1}}, "FFC_sans_bias49": {"write": {"device_start": -1, "host_queued_start": 1585587652.243205, "device_queued": -1, "device_end": -1, "host_queued_end": 1585587652.251972}, "device": "gpu", "nd_range": {"device_start": 1585587586.8156025, "device_end": 1585587586.8171613}, "cmdq": 3, "read": {"device_start": -1, "device_end": -1}}, "FFC_sans_bias64": {"write": {"device_start": 1585587586.81275, "host_queued_start": 1585587652.238621, "device_queued": 1585587586.8092642, "device_end": 1585587586.8127818, "host_queued_end": 1585587652.251972}, "device": "gpu", "nd_range": {"device_start": 1585587586.8127887, "device_end": 1585587586.8146155}, "cmdq": 1, "read": {"device_start": -1, "device_end": -1}}, "FFC_sans_bias65": {"write": {"device_start": 1585587586.8132567, "host_queued_start": 1585587652.23966, "device_queued": 1585587586.8092818, "device_end": 1585587586.8132896, "host_queued_end": 1585587652.251972}, "device": "gpu", "nd_range": {"device_start": 1585587586.813296, "device_end": 1585587586.815103}, "cmdq": 2, "read": {"device_start": -1, "device_end": -1}}, "FFC_sans_bias67": {"write": {"device_start": -1, "host_queued_start": 1585587652.243842, "device_queued": -1, "device_end": -1, "host_queued_end": 1585587652.251972}, "device": "gpu", "nd_range": {"device_start": 1585587586.8161922, "device_end": 1585587586.8181276}, "cmdq": 1, "read": {"device_start": -1, "device_end": -1}}, "FFC_sans_bias24": {"write": {"device_start": -1, "host_queued_start": 1585587652.270291, "device_queued": -1, "device_end": -1, "host_queued_end": 1585587652.273404}, "device": "cpu", "nd_range": {"device_start": 2255426.5149621083, "device_end": 2255426.537376406}, "cmdq": 3, "read": {"device_start": -1, "device_end": -1}}, "FFC_sans_bias25": {"write": {"device_start": -1, "host_queued_start": 1585587652.27336, "device_queued": -1, "device_end": -1, "host_queued_end": 1585587652.273404}, "device": "cpu", "nd_range": {"device_start": 2255426.537384864, "device_end": 2255426.541441475}, "cmdq": 2, "read": {"device_start": -1, "device_end": -1}}, "FFC_sans_bias27": {"write": {"device_start": 1585587586.808125, "host_queued_start": 1585587652.225758, "device_queued": 1585587586.8079515, "device_end": 1585587586.8081882, "host_queued_end": 1585587652.251972}, "device": "gpu", "nd_range": {"device_start": 1585587586.808214, "device_end": 1585587586.808822}, "cmdq": 1, "read": {"device_start": -1, "device_end": -1}}, "FFC_sans_bias20": {"write": {"device_start": -1, "host_queued_start": 1585587652.265963, "device_queued": -1, "device_end": -1, "host_queued_end": 1585587652.273404}, "device": "cpu", "nd_range": {"device_start": 2255426.493628993, "device_end": 2255426.50221741}, "cmdq": 3, "read": {"device_start": -1, "device_end": -1}}, "FFC_sans_bias22": {"write": {"device_start": -1, "host_queued_start": 1585587652.268341, "device_queued": -1, "device_end": -1, "host_queued_end": 1585587652.273404}, "device": "cpu", "nd_range": {"device_start": 2255426.4961784813, "device_end": 2255426.506270371}, "cmdq": 1, "read": {"device_start": -1, "device_end": -1}}, "softmax68": {"write": {"device_start": -1, "host_queued_start": 1585587652.245086, "device_queued": -1, "device_end": -1, "host_queued_end": 1585587652.251972}, "device": "gpu", "nd_range": {"device_start": 1585587586.8185508, "device_end": 1585587586.8189285}, "cmdq": 2, "read": {"device_start": -1, "device_end": -1}}, "softmax5": {"write": {"device_start": -1, "host_queued_start": 1585587652.268642, "device_queued": -1, "device_end": -1, "host_queued_end": 1585587652.273404}, "device": "cpu", "nd_range": {"device_start": 2255426.514293005, "device_end": 2255426.5144546754}, "cmdq": 2, "read": {"device_start": -1, "device_end": -1}}, "FFC_sans_bias28": {"write": {"device_start": 1585587586.808225, "host_queued_start": 1585587652.226838, "device_queued": 1585587586.807977, "device_end": 1585587586.8083012, "host_queued_end": 1585587652.251972}, "device": "gpu", "nd_range": {"device_start": 1585587586.8083045, "device_end": 1585587586.8092291}, "cmdq": 2, "read": {"device_start": -1, "device_end": -1}}, "FFC_sans_bias29": {"write": {"device_start": 1585587586.808341, "host_queued_start": 1585587652.227906, "device_queued": 1585587586.807994, "device_end": 1585587586.8084128, "host_queued_end": 1585587652.251972}, "device": "gpu", "nd_range": {"device_start": 1585587586.808418, "device_end": 1585587586.8097954}, "cmdq": 3, "read": {"device_start": -1, "device_end": -1}}, "empty17": {"write": {"device_start": -1, "host_queued_start": 1585587652.254741, "device_queued": -1, "device_end": -1, "host_queued_end": 1585587652.273404}, "device": "cpu", "nd_range": {"device_start": 2255426.4630193682, "device_end": 2255426.463020284}, "cmdq": 1, "read": {"device_start": -1, "device_end": -1}}, "softmax59": {"write": {"device_start": -1, "host_queued_start": 1585587652.244839, "device_queued": -1, "device_end": -1, "host_queued_end": 1585587652.251972}, "device": "gpu", "nd_range": {"device_start": 1585587586.818136, "device_end": 1585587586.8183408}, "cmdq": 1, "read": {"device_start": -1, "device_end": -1}}, "empty71": {"write": {"device_start": 1585587586.8080206, "host_queued_start": 1585587652.224781, "device_queued": 1585587586.8079007, "device_end": 1585587586.8080904, "host_queued_end": 1585587652.251972}, "device": "gpu", "nd_range": {"device_start": 1585587586.8080933, "device_end": 1585587586.8080971}, "cmdq": 0, "read": {"device_start": -1, "device_end": -1}}, "empty35": {"write": {"device_start": 1585587586.8075707, "host_queued_start": 1585587652.221161, "device_queued": 1585587586.807426, "device_end": 1585587586.807626, "host_queued_end": 1585587652.251972}, "device": "gpu", "nd_range": {"device_start": 1585587586.8076313, "device_end": 1585587586.8076453}, "cmdq": 0, "read": {"device_start": -1, "device_end": -1}}, "empty53": {"write": {"device_start": 1585587586.8078074, "host_queued_start": 1585587652.223096, "device_queued": 1585587586.8075464, "device_end": 1585587586.8078823, "host_queued_end": 1585587652.251972}, "device": "gpu", "nd_range": {"device_start": 1585587586.807895, "device_end": 1585587586.8078992}, "cmdq": 2, "read": {"device_start": -1, "device_end": -1}}, "FFC_sans_bias46": {"write": {"device_start": 1585587586.810339, "host_queued_start": 1585587652.233309, "device_queued": 1585587586.8086867, "device_end": 1585587586.81037, "host_queued_end": 1585587652.251972}, "device": "gpu", "nd_range": {"device_start": 1585587586.8103743, "device_end": 1585587586.812185}, "cmdq": 0, "read": {"device_start": -1, "device_end": -1}}, "coalesced_transpose66": {"write": {"device_start": -1, "host_queued_start": 1585587652.242247, "device_queued": -1, "device_end": -1, "host_queued_end": 1585587652.251972}, "device": "gpu", "nd_range": {"device_start": 1585587586.8154519, "device_end": 1585587586.8154826}, "cmdq": 0, "read": {"device_start": -1, "device_end": -1}}, "coalesced_transpose48": {"write": {"device_start": -1, "host_queued_start": 1585587652.24165, "device_queued": -1, "device_end": -1, "host_queued_end": 1585587652.251972}, "device": "gpu", "nd_range": {"device_start": 1585587586.815109, "device_end": 1585587586.8154693}, "cmdq": 2, "read": {"device_start": -1, "device_end": -1}}}