{"FFC_sans_bias60": {"write": {"device_start": -1, "host_queued_start": 1585587685.634768, "device_queued": -1, "device_end": -1, "host_queued_end": 1585587685.637239}, "device": "gpu", "nd_range": {"device_start": 1585587620.196485, "device_end": 1585587620.197097}, "cmdq": 2, "read": {"device_start": -1, "device_end": -1}}, "FFC_sans_bias4": {"write": {"device_start": -1, "host_queued_start": 1585587685.664753, "device_queued": -1, "device_end": -1, "host_queued_end": 1585587685.67629}, "device": "cpu", "nd_range": {"device_start": 2255459.948906957, "device_end": 2255459.958007857}, "cmdq": 0, "read": {"device_start": -1, "device_end": -1}}, "FFC_sans_bias7": {"write": {"device_start": -1, "host_queued_start": 1585587685.671267, "device_queued": -1, "device_end": -1, "host_queued_end": 1585587685.67629}, "device": "cpu", "nd_range": {"device_start": 2255460.027196045, "device_end": 2255460.035766132}, "cmdq": 3, "read": {"device_start": -1, "device_end": -1}}, "FFC_sans_bias6": {"write": {"device_start": -1, "host_queued_start": 1585587685.6685, "device_queued": -1, "device_end": -1, "host_queued_end": 1585587685.67629}, "device": "cpu", "nd_range": {"device_start": 2255459.9621003564, "device_end": 2255459.9687001733}, "cmdq": 2, "read": {"device_start": -1, "device_end": -1}}, "FFC_sans_bias1": {"write": {"device_start": -1, "host_queued_start": 1585587685.645236, "device_queued": -1, "device_end": -1, "host_queued_end": 1585587685.67629}, "device": "cpu", "nd_range": {"device_start": 2255459.865975224, "device_end": 2255459.881369188}, "cmdq": 2, "read": {"device_start": -1, "device_end": -1}}, "FFC_sans_bias0": {"write": {"device_start": -1, "host_queued_start": 1585587685.644084, "device_queued": -1, "device_end": -1, "host_queued_end": 1585587685.67629}, "device": "cpu", "nd_range": {"device_start": 2255459.865922798, "device_end": 2255459.881399859}, "cmdq": 1, "read": {"device_start": -1, "device_end": -1}}, "FFC_sans_bias2": {"write": {"device_start": -1, "host_queued_start": 1585587685.6463, "device_queued": -1, "device_end": -1, "host_queued_end": 1585587685.67629}, "device": "cpu", "nd_range": {"device_start": 2255459.866215351, "device_end": 2255459.8995381123}, "cmdq": 3, "read": {"device_start": -1, "device_end": -1}}, "FFC_sans_bias61": {"write": {"device_start": 1585587620.1968443, "host_queued_start": 1585587685.636094, "device_queued": 1585587620.193125, "device_end": 1585587620.1969178, "host_queued_end": 1585587685.637239}, "device": "gpu", "nd_range": {"device_start": 1585587620.1971018, "device_end": 1585587620.1980762}, "cmdq": 0, "read": {"device_start": 1585587620.198085, "device_end": 1585587620.1981077}}, "FFC_sans_bias52": {"write": {"device_start": -1, "host_queued_start": 1585587685.676245, "device_queued": -1, "device_end": -1, "host_queued_end": 1585587685.67629}, "device": "cpu", "nd_range": {"device_start": 2255460.035769858, "device_end": 2255460.042854195}, "cmdq": 3, "read": {"device_start": -1, "device_end": -1}}, "FFC_sans_bias9": {"write": {"device_start": -1, "host_queued_start": 1585587685.647371, "device_queued": -1, "device_end": -1, "host_queued_end": 1585587685.67629}, "device": "cpu", "nd_range": {"device_start": 2255459.8974123723, "device_end": 2255459.912678619}, "cmdq": 4, "read": {"device_start": -1, "device_end": -1}}, "coalesced_transpose39": {"write": {"device_start": -1, "host_queued_start": 1585587685.664079, "device_queued": -1, "device_end": -1, "host_queued_end": 1585587685.67629}, "device": "cpu", "nd_range": {"device_start": 2255459.97914699, "device_end": 2255459.979380818}, "cmdq": 3, "read": {"device_start": -1, "device_end": -1}}, "FFC_sans_bias55": {"write": {"device_start": 1585587620.192379, "host_queued_start": 1585587685.629337, "device_queued": 1585587620.1922772, "device_end": 1585587620.1924138, "host_queued_end": 1585587685.637239}, "device": "gpu", "nd_range": {"device_start": 1585587620.1924162, "device_end": 1585587620.1938622}, "cmdq": 0, "read": {"device_start": -1, "device_end": -1}}, "FFC_sans_bias54": {"write": {"device_start": 1585587620.1922128, "host_queued_start": 1585587685.628257, "device_queued": 1585587620.1918924, "device_end": 1585587620.192237, "host_queued_end": 1585587685.637239}, "device": "gpu", "nd_range": {"device_start": 1585587620.1922684, "device_end": 1585587620.1932652}, "cmdq": 3, "read": {"device_start": -1, "device_end": -1}}, "FFC_sans_bias56": {"write": {"device_start": 1585587620.1921234, "host_queued_start": 1585587685.627154, "device_queued": 1585587620.1918726, "device_end": 1585587620.1922078, "host_queued_end": 1585587685.637239}, "device": "gpu", "nd_range": {"device_start": 1585587620.1922488, "device_end": 1585587620.1928666}, "cmdq": 2, "read": {"device_start": -1, "device_end": -1}}, "FFC_sans_bias51": {"write": {"device_start": -1, "host_queued_start": 1585587685.67021, "device_queued": -1, "device_end": -1, "host_queued_end": 1585587685.67629}, "device": "cpu", "nd_range": {"device_start": 2255459.9687109673, "device_end": 2255459.976613535}, "cmdq": 2, "read": {"device_start": -1, "device_end": -1}}, "softmax23": {"write": {"device_start": -1, "host_queued_start": 1585587685.6673, "device_queued": -1, "device_end": -1, "host_queued_end": 1585587685.67629}, "device": "cpu", "nd_range": {"device_start": 2255459.994250363, "device_end": 2255459.994469861}, "cmdq": 3, "read": {"device_start": -1, "device_end": -1}}, "FFC_sans_bias37": {"write": {"device_start": -1, "host_queued_start": 1585587685.657976, "device_queued": -1, "device_end": -1, "host_queued_end": 1585587685.67629}, "device": "cpu", "nd_range": {"device_start": 2255459.9328220733, "device_end": 2255459.9480656683}, "cmdq": 4, "read": {"device_start": -1, "device_end": -1}}, "empty62": {"write": {"device_start": 1585587620.1919112, "host_queued_start": 1585587685.62509, "device_queued": 1585587620.1917672, "device_end": 1585587620.1919665, "host_queued_end": 1585587685.637239}, "device": "gpu", "nd_range": {"device_start": 1585587620.1919708, "device_end": 1585587620.1919787}, "cmdq": 0, "read": {"device_start": -1, "device_end": -1}}, "FFC_sans_bias70": {"write": {"device_start": 1585587620.1969192, "host_queued_start": 1585587685.637143, "device_queued": 1585587620.193268, "device_end": 1585587620.196944, "host_queued_end": 1585587685.637239}, "device": "gpu", "nd_range": {"device_start": 1585587620.1975045, "device_end": 1585587620.1984882}, "cmdq": 1, "read": {"device_start": 1585587620.198496, "device_end": 1585587620.1985192}}, "FFC_sans_bias58": {"write": {"device_start": -1, "host_queued_start": 1585587685.633629, "device_queued": -1, "device_end": -1, "host_queued_end": 1585587685.637239}, "device": "gpu", "nd_range": {"device_start": 1585587620.1952584, "device_end": 1585587620.1962607}, "cmdq": 2, "read": {"device_start": -1, "device_end": -1}}, "softmax41": {"write": {"device_start": -1, "host_queued_start": 1585587685.667858, "device_queued": -1, "device_end": -1, "host_queued_end": 1585587685.67629}, "device": "cpu", "nd_range": {"device_start": 2255459.9880085234, "device_end": 2255459.988219258}, "cmdq": 0, "read": {"device_start": -1, "device_end": -1}}, "FFC_sans_bias11": {"write": {"device_start": -1, "host_queued_start": 1585587685.649467, "device_queued": -1, "device_end": -1, "host_queued_end": 1585587685.67629}, "device": "cpu", "nd_range": {"device_start": 2255459.881616666, "device_end": 2255459.896953424}, "cmdq": 1, "read": {"device_start": -1, "device_end": -1}}, "FFC_sans_bias10": {"write": {"device_start": -1, "host_queued_start": 1585587685.648416, "device_queued": -1, "device_end": -1, "host_queued_end": 1585587685.67629}, "device": "cpu", "nd_range": {"device_start": 2255459.865933179, "device_end": 2255459.881692475}, "cmdq": 0, "read": {"device_start": -1, "device_end": -1}}, "coalesced_transpose3": {"write": {"device_start": -1, "host_queued_start": 1585587685.66266, "device_queued": -1, "device_end": -1, "host_queued_end": 1585587685.67629}, "device": "cpu", "nd_range": {"device_start": 2255459.948191281, "device_end": 2255459.948436648}, "cmdq": 4, "read": {"device_start": -1, "device_end": -1}}, "FFC_sans_bias34": {"write": {"device_start": -1, "host_queued_start": 1585587685.674241, "device_queued": -1, "device_end": -1, "host_queued_end": 1585587685.67629}, "device": "cpu", "nd_range": {"device_start": 2255460.013569395, "device_end": 2255460.028165989}, "cmdq": 1, "read": {"device_start": -1, "device_end": -1}}, "FFC_sans_bias15": {"write": {"device_start": -1, "host_queued_start": 1585587685.668839, "device_queued": -1, "device_end": -1, "host_queued_end": 1585587685.67629}, "device": "cpu", "nd_range": {"device_start": 2255459.994476381, "device_end": 2255460.0271859}, "cmdq": 3, "read": {"device_start": -1, "device_end": -1}}, "FFC_sans_bias31": {"write": {"device_start": -1, "host_queued_start": 1585587685.665782, "device_queued": -1, "device_end": -1, "host_queued_end": 1585587685.67629}, "device": "cpu", "nd_range": {"device_start": 2255459.984037809, "device_end": 2255459.994241747}, "cmdq": 3, "read": {"device_start": -1, "device_end": -1}}, "FFC_sans_bias16": {"write": {"device_start": -1, "host_queued_start": 1585587685.672258, "device_queued": -1, "device_end": -1, "host_queued_end": 1585587685.67629}, "device": "cpu", "nd_range": {"device_start": 2255460.027443887, "device_end": 2255460.0386405513}, "cmdq": 4, "read": {"device_start": -1, "device_end": -1}}, "FFC_sans_bias19": {"write": {"device_start": -1, "host_queued_start": 1585587685.651605, "device_queued": -1, "device_end": -1, "host_queued_end": 1585587685.67629}, "device": "cpu", "nd_range": {"device_start": 2255459.900965354, "device_end": 2255459.933988832}, "cmdq": 3, "read": {"device_start": -1, "device_end": -1}}, "FFC_sans_bias18": {"write": {"device_start": -1, "host_queued_start": 1585587685.650517, "device_queued": -1, "device_end": -1, "host_queued_end": 1585587685.67629}, "device": "cpu", "nd_range": {"device_start": 2255459.881416749, "device_end": 2255459.896792417}, "cmdq": 2, "read": {"device_start": -1, "device_end": -1}}, "coalesced_transpose30": {"write": {"device_start": -1, "host_queued_start": 1585587685.663657, "device_queued": -1, "device_end": -1, "host_queued_end": 1585587685.67629}, "device": "cpu", "nd_range": {"device_start": 2255459.928811288, "device_end": 2255459.929058352}, "cmdq": 2, "read": {"device_start": -1, "device_end": -1}}, "FFC_sans_bias69": {"write": {"device_start": -1, "host_queued_start": 1585587685.63508, "device_queued": -1, "device_end": -1, "host_queued_end": 1585587685.637239}, "device": "gpu", "nd_range": {"device_start": 1585587620.1964962, "device_end": 1585587620.1975012}, "cmdq": 3, "read": {"device_start": -1, "device_end": -1}}, "FFC_sans_bias38": {"write": {"device_start": -1, "host_queued_start": 1585587685.659085, "device_queued": -1, "device_end": -1, "host_queued_end": 1585587685.67629}, "device": "cpu", "nd_range": {"device_start": 2255459.927799766, "device_end": 2255459.9373333603}, "cmdq": 0, "read": {"device_start": -1, "device_end": -1}}, "coalesced_transpose57": {"write": {"device_start": -1, "host_queued_start": 1585587685.632834, "device_queued": -1, "device_end": -1, "host_queued_end": 1585587685.637239}, "device": "gpu", "nd_range": {"device_start": 1585587620.1938632, "device_end": 1585587620.195112}, "cmdq": 0, "read": {"device_start": -1, "device_end": -1}}, "empty26": {"write": {"device_start": -1, "host_queued_start": 1585587685.640549, "device_queued": -1, "device_end": -1, "host_queued_end": 1585587685.67629}, "device": "cpu", "nd_range": {"device_start": 2255459.865954282, "device_end": 2255459.8659591153}, "cmdq": 2, "read": {"device_start": -1, "device_end": -1}}, "coalesced_transpose12": {"write": {"device_start": -1, "host_queued_start": 1585587685.662993, "device_queued": -1, "device_end": -1, "host_queued_end": 1585587685.67629}, "device": "cpu", "nd_range": {"device_start": 2255459.93744793, "device_end": 2255459.937695327}, "cmdq": 0, "read": {"device_start": -1, "device_end": -1}}, "empty44": {"write": {"device_start": -1, "host_queued_start": 1585587685.642228, "device_queued": -1, "device_end": -1, "host_queued_end": 1585587685.67629}, "device": "cpu", "nd_range": {"device_start": 2255459.8973014182, "device_end": 2255459.897304605}, "cmdq": 4, "read": {"device_start": -1, "device_end": -1}}, "coalesced_transpose21": {"write": {"device_start": -1, "host_queued_start": 1585587685.663326, "device_queued": -1, "device_end": -1, "host_queued_end": 1585587685.67629}, "device": "cpu", "nd_range": {"device_start": 2255459.936807561, "device_end": 2255459.9370476194}, "cmdq": 1, "read": {"device_start": -1, "device_end": -1}}, "FFC_sans_bias36": {"write": {"device_start": -1, "host_queued_start": 1585587685.656925, "device_queued": -1, "device_end": -1, "host_queued_end": 1585587685.67629}, "device": "cpu", "nd_range": {"device_start": 2255459.9343690043, "device_end": 2255459.958129274}, "cmdq": 3, "read": {"device_start": -1, "device_end": -1}}, "softmax14": {"write": {"device_start": -1, "host_queued_start": 1585587685.667026, "device_queued": -1, "device_end": -1, "host_queued_end": 1585587685.67629}, "device": "cpu", "nd_range": {"device_start": 2255459.9557553153, "device_end": 2255459.955977843}, "cmdq": 2, "read": {"device_start": -1, "device_end": -1}}, "FFC_sans_bias13": {"write": {"device_start": -1, "host_queued_start": 1585587685.665099, "device_queued": -1, "device_end": -1, "host_queued_end": 1585587685.67629}, "device": "cpu", "nd_range": {"device_start": 2255459.9378061173, "device_end": 2255459.953827495}, "cmdq": 1, "read": {"device_start": -1, "device_end": -1}}, "empty8": {"write": {"device_start": -1, "host_queued_start": 1585587685.638665, "device_queued": -1, "device_end": -1, "host_queued_end": 1585587685.67629}, "device": "cpu", "nd_range": {"device_start": 2255459.865894366, "device_end": 2255459.865901694}, "cmdq": 0, "read": {"device_start": -1, "device_end": -1}}, "FFC_sans_bias42": {"write": {"device_start": -1, "host_queued_start": 1585587685.669862, "device_queued": -1, "device_end": -1, "host_queued_end": 1585587685.67629}, "device": "cpu", "nd_range": {"device_start": 2255459.988228694, "device_end": 2255459.998951483}, "cmdq": 1, "read": {"device_start": -1, "device_end": -1}}, "FFC_sans_bias43": {"write": {"device_start": -1, "host_queued_start": 1585587685.675245, "device_queued": -1, "device_end": -1, "host_queued_end": 1585587685.67629}, "device": "cpu", "nd_range": {"device_start": 2255459.998959018, "device_end": 2255460.014387879}, "cmdq": 2, "read": {"device_start": -1, "device_end": -1}}, "FFC_sans_bias40": {"write": {"device_start": -1, "host_queued_start": 1585587685.666124, "device_queued": -1, "device_end": -1, "host_queued_end": 1585587685.67629}, "device": "cpu", "nd_range": {"device_start": 2255459.979398379, "device_end": 2255459.987854794}, "cmdq": 4, "read": {"device_start": -1, "device_end": -1}}, "softmax32": {"write": {"device_start": -1, "host_queued_start": 1585587685.667572, "device_queued": -1, "device_end": -1, "host_queued_end": 1585587685.67629}, "device": "cpu", "nd_range": {"device_start": 2255459.994287996, "device_end": 2255459.994500716}, "cmdq": 4, "read": {"device_start": -1, "device_end": -1}}, "FFC_sans_bias47": {"write": {"device_start": -1, "host_queued_start": 1585587685.662288, "device_queued": -1, "device_end": -1, "host_queued_end": 1585587685.67629}, "device": "cpu", "nd_range": {"device_start": 2255459.9688315983, "device_end": 2255459.97913968}, "cmdq": 3, "read": {"device_start": -1, "device_end": -1}}, "FFC_sans_bias45": {"write": {"device_start": -1, "host_queued_start": 1585587685.660139, "device_queued": -1, "device_end": -1, "host_queued_end": 1585587685.67629}, "device": "cpu", "nd_range": {"device_start": 2255459.91244646, "device_end": 2255459.927597423}, "cmdq": 1, "read": {"device_start": -1, "device_end": -1}}, "softmax50": {"write": {"device_start": -1, "host_queued_start": 1585587685.668157, "device_queued": -1, "device_end": -1, "host_queued_end": 1585587685.67629}, "device": "cpu", "nd_range": {"device_start": 2255459.965859233, "device_end": 2255459.966068198}, "cmdq": 1, "read": {"device_start": -1, "device_end": -1}}, "FFC_sans_bias33": {"write": {"device_start": -1, "host_queued_start": 1585587685.669519, "device_queued": -1, "device_end": -1, "host_queued_end": 1585587685.67629}, "device": "cpu", "nd_range": {"device_start": 2255459.9978561723, "device_end": 2255460.013405697}, "cmdq": 0, "read": {"device_start": -1, "device_end": -1}}, "FFC_sans_bias63": {"write": {"device_start": 1585587620.1933732, "host_queued_start": 1585587685.632512, "device_queued": 1585587620.1925144, "device_end": 1585587620.193404, "host_queued_end": 1585587685.637239}, "device": "gpu", "nd_range": {"device_start": 1585587620.1934104, "device_end": 1585587620.1952457}, "cmdq": 3, "read": {"device_start": -1, "device_end": -1}}, "FFC_sans_bias49": {"write": {"device_start": -1, "host_queued_start": 1585587685.666466, "device_queued": -1, "device_end": -1, "host_queued_end": 1585587685.67629}, "device": "cpu", "nd_range": {"device_start": 2255459.958144268, "device_end": 2255459.9657462044}, "cmdq": 0, "read": {"device_start": -1, "device_end": -1}}, "FFC_sans_bias64": {"write": {"device_start": 1585587620.1925669, "host_queued_start": 1585587685.630381, "device_queued": 1585587620.1924667, "device_end": 1585587620.1925964, "host_queued_end": 1585587685.637239}, "device": "gpu", "nd_range": {"device_start": 1585587620.1926007, "device_end": 1585587620.194263}, "cmdq": 1, "read": {"device_start": -1, "device_end": -1}}, "FFC_sans_bias65": {"write": {"device_start": 1585587620.1929755, "host_queued_start": 1585587685.631477, "device_queued": 1585587620.1924965, "device_end": 1585587620.1930063, "host_queued_end": 1585587685.637239}, "device": "gpu", "nd_range": {"device_start": 1585587620.1930108, "device_end": 1585587620.194819}, "cmdq": 2, "read": {"device_start": -1, "device_end": -1}}, "FFC_sans_bias67": {"write": {"device_start": -1, "host_queued_start": 1585587685.633947, "device_queued": -1, "device_end": -1, "host_queued_end": 1585587685.637239}, "device": "gpu", "nd_range": {"device_start": 1585587620.1952503, "device_end": 1585587620.1958606}, "cmdq": 3, "read": {"device_start": -1, "device_end": -1}}, "FFC_sans_bias24": {"write": {"device_start": -1, "host_queued_start": 1585587685.669177, "device_queued": -1, "device_end": -1, "host_queued_end": 1585587685.67629}, "device": "cpu", "nd_range": {"device_start": 2255459.9945099913, "device_end": 2255460.0097481343}, "cmdq": 4, "read": {"device_start": -1, "device_end": -1}}, "FFC_sans_bias25": {"write": {"device_start": -1, "host_queued_start": 1585587685.673248, "device_queued": -1, "device_end": -1, "host_queued_end": 1585587685.67629}, "device": "cpu", "nd_range": {"device_start": 2255460.013520774, "device_end": 2255460.025884394}, "cmdq": 0, "read": {"device_start": -1, "device_end": -1}}, "FFC_sans_bias27": {"write": {"device_start": -1, "host_queued_start": 1585587685.653718, "device_queued": -1, "device_end": -1, "host_queued_end": 1585587685.67629}, "device": "cpu", "nd_range": {"device_start": 2255459.8818976902, "device_end": 2255459.897185095}, "cmdq": 0, "read": {"device_start": -1, "device_end": -1}}, "FFC_sans_bias20": {"write": {"device_start": -1, "host_queued_start": 1585587685.652664, "device_queued": -1, "device_end": -1, "host_queued_end": 1585587685.67629}, "device": "cpu", "nd_range": {"device_start": 2255459.91278957, "device_end": 2255459.93269342}, "cmdq": 4, "read": {"device_start": -1, "device_end": -1}}, "FFC_sans_bias22": {"write": {"device_start": -1, "host_queued_start": 1585587685.66544, "device_queued": -1, "device_end": -1, "host_queued_end": 1585587685.67629}, "device": "cpu", "nd_range": {"device_start": 2255459.937167225, "device_end": 2255459.952542345}, "cmdq": 2, "read": {"device_start": -1, "device_end": -1}}, "softmax68": {"write": {"device_start": -1, "host_queued_start": 1585587685.634439, "device_queued": -1, "device_end": -1, "host_queued_end": 1585587685.637239}, "device": "gpu", "nd_range": {"device_start": 1585587620.196273, "device_end": 1585587620.1964803}, "cmdq": 1, "read": {"device_start": -1, "device_end": -1}}, "softmax5": {"write": {"device_start": -1, "host_queued_start": 1585587685.666753, "device_queued": -1, "device_end": -1, "host_queued_end": 1585587685.67629}, "device": "cpu", "nd_range": {"device_start": 2255459.9581441693, "device_end": 2255459.959206934}, "cmdq": 1, "read": {"device_start": -1, "device_end": -1}}, "FFC_sans_bias28": {"write": {"device_start": -1, "host_queued_start": 1585587685.654813, "device_queued": -1, "device_end": -1, "host_queued_end": 1585587685.67629}, "device": "cpu", "nd_range": {"device_start": 2255459.897072392, "device_end": 2255459.912331305}, "cmdq": 1, "read": {"device_start": -1, "device_end": -1}}, "FFC_sans_bias29": {"write": {"device_start": -1, "host_queued_start": 1585587685.655873, "device_queued": -1, "device_end": -1, "host_queued_end": 1585587685.67629}, "device": "cpu", "nd_range": {"device_start": 2255459.896939413, "device_end": 2255459.912195715}, "cmdq": 2, "read": {"device_start": -1, "device_end": -1}}, "empty17": {"write": {"device_start": -1, "host_queued_start": 1585587685.639708, "device_queued": -1, "device_end": -1, "host_queued_end": 1585587685.67629}, "device": "cpu", "nd_range": {"device_start": 2255459.865888045, "device_end": 2255459.8659017133}, "cmdq": 1, "read": {"device_start": -1, "device_end": -1}}, "softmax59": {"write": {"device_start": -1, "host_queued_start": 1585587685.634193, "device_queued": -1, "device_end": -1, "host_queued_end": 1585587685.637239}, "device": "gpu", "nd_range": {"device_start": 1585587620.1962674, "device_end": 1585587620.1964781}, "cmdq": 0, "read": {"device_start": -1, "device_end": -1}}, "empty71": {"write": {"device_start": 1585587620.1920142, "host_queued_start": 1585587685.626124, "device_queued": 1585587620.1918523, "device_end": 1585587620.1920877, "host_queued_end": 1585587685.637239}, "device": "gpu", "nd_range": {"device_start": 1585587620.1920989, "device_end": 1585587620.192103}, "cmdq": 1, "read": {"device_start": -1, "device_end": -1}}, "empty35": {"write": {"device_start": -1, "host_queued_start": 1585587685.641391, "device_queued": -1, "device_end": -1, "host_queued_end": 1585587685.67629}, "device": "cpu", "nd_range": {"device_start": 2255459.8661602153, "device_end": 2255459.8661640324}, "cmdq": 3, "read": {"device_start": -1, "device_end": -1}}, "empty53": {"write": {"device_start": -1, "host_queued_start": 1585587685.643124, "device_queued": -1, "device_end": -1, "host_queued_end": 1585587685.67629}, "device": "cpu", "nd_range": {"device_start": 2255459.865923771, "device_end": 2255459.8659247723}, "cmdq": 0, "read": {"device_start": -1, "device_end": -1}}, "FFC_sans_bias46": {"write": {"device_start": -1, "host_queued_start": 1585587685.661204, "device_queued": -1, "device_end": -1, "host_queued_end": 1585587685.67629}, "device": "cpu", "nd_range": {"device_start": 2255459.9123204714, "device_end": 2255459.928672572}, "cmdq": 2, "read": {"device_start": -1, "device_end": -1}}, "coalesced_transpose66": {"write": {"device_start": -1, "host_queued_start": 1585587685.63331, "device_queued": -1, "device_end": -1, "host_queued_end": 1585587685.637239}, "device": "gpu", "nd_range": {"device_start": 1585587620.194264, "device_end": 1585587620.1951265}, "cmdq": 1, "read": {"device_start": -1, "device_end": -1}}, "coalesced_transpose48": {"write": {"device_start": -1, "host_queued_start": 1585587685.664409, "device_queued": -1, "device_end": -1, "host_queued_end": 1585587685.67629}, "device": "cpu", "nd_range": {"device_start": 2255459.948551555, "device_end": 2255459.9487959663}, "cmdq": 4, "read": {"device_start": -1, "device_end": -1}}}