{"FFC_sans_bias60": {"write": {"device_start": -1, "host_queued_start": 1585587529.7011, "device_queued": -1, "device_end": -1, "host_queued_end": 1585587529.705696}, "device": "gpu", "nd_range": {"device_start": 1585587464.2735445, "device_end": 1585587464.27474}, "cmdq": 0, "read": {"device_start": -1, "device_end": -1}}, "FFC_sans_bias4": {"write": {"device_start": -1, "host_queued_start": 1585587529.724965, "device_queued": -1, "device_end": -1, "host_queued_end": 1585587529.732615}, "device": "cpu", "nd_range": {"device_start": 2255303.991988991, "device_end": 2255304.007242343}, "cmdq": 0, "read": {"device_start": -1, "device_end": -1}}, "FFC_sans_bias7": {"write": {"device_start": -1, "host_queued_start": 1585587529.729571, "device_queued": -1, "device_end": -1, "host_queued_end": 1585587529.732615}, "device": "cpu", "nd_range": {"device_start": 2255304.0220659142, "device_end": 2255304.027318045}, "cmdq": 0, "read": {"device_start": -1, "device_end": -1}}, "FFC_sans_bias6": {"write": {"device_start": -1, "host_queued_start": 1585587529.727455, "device_queued": -1, "device_end": -1, "host_queued_end": 1585587529.732615}, "device": "cpu", "nd_range": {"device_start": 2255304.007578506, "device_end": 2255304.022046694}, "cmdq": 0, "read": {"device_start": -1, "device_end": -1}}, "FFC_sans_bias1": {"write": {"device_start": -1, "host_queued_start": 1585587529.712351, "device_queued": -1, "device_end": -1, "host_queued_end": 1585587529.732615}, "device": "cpu", "nd_range": {"device_start": 2255303.922448215, "device_end": 2255303.9377379753}, "cmdq": 1, "read": {"device_start": -1, "device_end": -1}}, "FFC_sans_bias0": {"write": {"device_start": -1, "host_queued_start": 1585587529.711245, "device_queued": -1, "device_end": -1, "host_queued_end": 1585587529.732615}, "device": "cpu", "nd_range": {"device_start": 2255303.922251259, "device_end": 2255303.937701695}, "cmdq": 0, "read": {"device_start": -1, "device_end": -1}}, "FFC_sans_bias2": {"write": {"device_start": -1, "host_queued_start": 1585587529.713426, "device_queued": -1, "device_end": -1, "host_queued_end": 1585587529.732615}, "device": "cpu", "nd_range": {"device_start": 2255303.922533221, "device_end": 2255303.937668982}, "cmdq": 2, "read": {"device_start": -1, "device_end": -1}}, "FFC_sans_bias61": {"write": {"device_start": 1585587464.2752836, "host_queued_start": 1585587529.704548, "device_queued": 1585587464.267188, "device_end": 1585587464.275315, "host_queued_end": 1585587529.705696}, "device": "gpu", "nd_range": {"device_start": 1585587464.2753234, "device_end": 1585587464.2766488}, "cmdq": 1, "read": {"device_start": 1585587464.2766526, "device_end": 1585587464.276676}}, "FFC_sans_bias52": {"write": {"device_start": 1585587464.2748473, "host_queued_start": 1585587529.703506, "device_queued": 1585587464.267145, "device_end": 1585587464.2748792, "host_queued_end": 1585587529.705696}, "device": "gpu", "nd_range": {"device_start": 1585587464.2748854, "device_end": 1585587464.276175}, "cmdq": 0, "read": {"device_start": 1585587464.2761765, "device_end": 1585587464.2762005}}, "FFC_sans_bias9": {"write": {"device_start": -1, "host_queued_start": 1585587529.714469, "device_queued": -1, "device_end": -1, "host_queued_end": 1585587529.732615}, "device": "cpu", "nd_range": {"device_start": 2255303.9228456994, "device_end": 2255303.938499183}, "cmdq": 3, "read": {"device_start": -1, "device_end": -1}}, "coalesced_transpose39": {"write": {"device_start": -1, "host_queued_start": 1585587529.696939, "device_queued": -1, "device_end": -1, "host_queued_end": 1585587529.705696}, "device": "gpu", "nd_range": {"device_start": 1585587464.270034, "device_end": 1585587464.2708483}, "cmdq": 1, "read": {"device_start": -1, "device_end": -1}}, "FFC_sans_bias55": {"write": {"device_start": 1585587464.2681684, "host_queued_start": 1585587529.693452, "device_queued": 1585587464.2658627, "device_end": 1585587464.268201, "host_queued_end": 1585587529.705696}, "device": "gpu", "nd_range": {"device_start": 1585587464.2682054, "device_end": 1585587464.269509}, "cmdq": 0, "read": {"device_start": -1, "device_end": -1}}, "FFC_sans_bias54": {"write": {"device_start": 1585587464.2677045, "host_queued_start": 1585587529.692395, "device_queued": 1585587464.2655747, "device_end": 1585587464.2677364, "host_queued_end": 1585587529.705696}, "device": "gpu", "nd_range": {"device_start": 1585587464.2677407, "device_end": 1585587464.269057}, "cmdq": 2, "read": {"device_start": -1, "device_end": -1}}, "FFC_sans_bias56": {"write": {"device_start": 1585587464.2671847, "host_queued_start": 1585587529.691358, "device_queued": 1585587464.2655392, "device_end": 1585587464.2672195, "host_queued_end": 1585587529.705696}, "device": "gpu", "nd_range": {"device_start": 1585587464.267224, "device_end": 1585587464.2685616}, "cmdq": 1, "read": {"device_start": -1, "device_end": -1}}, "FFC_sans_bias51": {"write": {"device_start": -1, "host_queued_start": 1585587529.700784, "device_queued": -1, "device_end": -1, "host_queued_end": 1585587529.705696}, "device": "gpu", "nd_range": {"device_start": 1585587464.2731872, "device_end": 1585587464.2741838}, "cmdq": 2, "read": {"device_start": -1, "device_end": -1}}, "softmax23": {"write": {"device_start": -1, "host_queued_start": 1585587529.726845, "device_queued": -1, "device_end": -1, "host_queued_end": 1585587529.732615}, "device": "cpu", "nd_range": {"device_start": 2255303.9773428272, "device_end": 2255303.977561581}, "cmdq": 2, "read": {"device_start": -1, "device_end": -1}}, "FFC_sans_bias37": {"write": {"device_start": 1585587464.2650847, "host_queued_start": 1585587529.685935, "device_queued": 1585587464.2649233, "device_end": 1585587464.2651167, "host_queued_end": 1585587529.705696}, "device": "gpu", "nd_range": {"device_start": 1585587464.26512, "device_end": 1585587464.2660801}, "cmdq": 2, "read": {"device_start": -1, "device_end": -1}}, "empty62": {"write": {"device_start": 1585587464.2647512, "host_queued_start": 1585587529.683069, "device_queued": 1585587464.2645516, "device_end": 1585587464.2647922, "host_queued_end": 1585587529.705696}, "device": "gpu", "nd_range": {"device_start": 1585587464.264796, "device_end": 1585587464.2648}, "cmdq": 2, "read": {"device_start": -1, "device_end": -1}}, "FFC_sans_bias70": {"write": {"device_start": 1585587464.275902, "host_queued_start": 1585587529.705592, "device_queued": 1585587464.2673852, "device_end": 1585587464.2759326, "host_queued_end": 1585587529.705696}, "device": "gpu", "nd_range": {"device_start": 1585587464.2759414, "device_end": 1585587464.2771487}, "cmdq": 2, "read": {"device_start": 1585587464.2771518, "device_end": 1585587464.277175}}, "FFC_sans_bias58": {"write": {"device_start": -1, "host_queued_start": 1585587529.698841, "device_queued": -1, "device_end": -1, "host_queued_end": 1585587529.705696}, "device": "gpu", "nd_range": {"device_start": 1585587464.2709765, "device_end": 1585587464.2725463}, "cmdq": 1, "read": {"device_start": -1, "device_end": -1}}, "softmax41": {"write": {"device_start": -1, "host_queued_start": 1585587529.699411, "device_queued": -1, "device_end": -1, "host_queued_end": 1585587529.705696}, "device": "gpu", "nd_range": {"device_start": 1585587464.2719817, "device_end": 1585587464.2731643}, "cmdq": 0, "read": {"device_start": -1, "device_end": -1}}, "FFC_sans_bias11": {"write": {"device_start": -1, "host_queued_start": 1585587529.716655, "device_queued": -1, "device_end": -1, "host_queued_end": 1585587529.732615}, "device": "cpu", "nd_range": {"device_start": 2255303.937842008, "device_end": 2255303.9531871923}, "cmdq": 1, "read": {"device_start": -1, "device_end": -1}}, "FFC_sans_bias10": {"write": {"device_start": -1, "host_queued_start": 1585587529.715537, "device_queued": -1, "device_end": -1, "host_queued_end": 1585587529.732615}, "device": "cpu", "nd_range": {"device_start": 2255303.941157599, "device_end": 2255303.9632986314}, "cmdq": 0, "read": {"device_start": -1, "device_end": -1}}, "coalesced_transpose3": {"write": {"device_start": -1, "host_queued_start": 1585587529.723528, "device_queued": -1, "device_end": -1, "host_queued_end": 1585587529.732615}, "device": "cpu", "nd_range": {"device_start": 2255303.991609461, "device_end": 2255303.991872442}, "cmdq": 0, "read": {"device_start": -1, "device_end": -1}}, "FFC_sans_bias34": {"write": {"device_start": -1, "host_queued_start": 1585587529.73257, "device_queued": -1, "device_end": -1, "host_queued_end": 1585587529.732615}, "device": "cpu", "nd_range": {"device_start": 2255304.006219515, "device_end": 2255304.027563088}, "cmdq": 3, "read": {"device_start": -1, "device_end": -1}}, "FFC_sans_bias15": {"write": {"device_start": -1, "host_queued_start": 1585587529.727802, "device_queued": -1, "device_end": -1, "host_queued_end": 1585587529.732615}, "device": "cpu", "nd_range": {"device_start": 2255303.99214864, "device_end": 2255304.007543098}, "cmdq": 1, "read": {"device_start": -1, "device_end": -1}}, "FFC_sans_bias31": {"write": {"device_start": -1, "host_queued_start": 1585587529.726, "device_queued": -1, "device_end": -1, "host_queued_end": 1585587529.732615}, "device": "cpu", "nd_range": {"device_start": 2255303.97192158, "device_end": 2255303.991329864}, "cmdq": 3, "read": {"device_start": -1, "device_end": -1}}, "FFC_sans_bias16": {"write": {"device_start": -1, "host_queued_start": 1585587529.730578, "device_queued": -1, "device_end": -1, "host_queued_end": 1585587529.732615}, "device": "cpu", "nd_range": {"device_start": 2255304.0075903, "device_end": 2255304.021464129}, "cmdq": 1, "read": {"device_start": -1, "device_end": -1}}, "FFC_sans_bias19": {"write": {"device_start": -1, "host_queued_start": 1585587529.718937, "device_queued": -1, "device_end": -1, "host_queued_end": 1585587529.732615}, "device": "cpu", "nd_range": {"device_start": 2255303.938616436, "device_end": 2255303.954642462}, "cmdq": 3, "read": {"device_start": -1, "device_end": -1}}, "FFC_sans_bias18": {"write": {"device_start": -1, "host_queued_start": 1585587529.717836, "device_queued": -1, "device_end": -1, "host_queued_end": 1585587529.732615}, "device": "cpu", "nd_range": {"device_start": 2255303.937756915, "device_end": 2255303.9529234343}, "cmdq": 2, "read": {"device_start": -1, "device_end": -1}}, "coalesced_transpose30": {"write": {"device_start": -1, "host_queued_start": 1585587529.724622, "device_queued": -1, "device_end": -1, "host_queued_end": 1585587529.732615}, "device": "cpu", "nd_range": {"device_start": 2255303.9715735964, "device_end": 2255303.971811151}, "cmdq": 3, "read": {"device_start": -1, "device_end": -1}}, "FFC_sans_bias69": {"write": {"device_start": -1, "host_queued_start": 1585587529.701414, "device_queued": -1, "device_end": -1, "host_queued_end": 1585587529.705696}, "device": "gpu", "nd_range": {"device_start": 1585587464.2737792, "device_end": 1585587464.275182}, "cmdq": 1, "read": {"device_start": -1, "device_end": -1}}, "FFC_sans_bias38": {"write": {"device_start": 1585587464.265229, "host_queued_start": 1585587529.687004, "device_queued": 1585587464.2651267, "device_end": 1585587464.265258, "host_queued_end": 1585587529.705696}, "device": "gpu", "nd_range": {"device_start": 1585587464.2652614, "device_end": 1585587464.266648}, "cmdq": 0, "read": {"device_start": -1, "device_end": -1}}, "coalesced_transpose57": {"write": {"device_start": -1, "host_queued_start": 1585587529.69755, "device_queued": -1, "device_end": -1, "host_queued_end": 1585587529.705696}, "device": "gpu", "nd_range": {"device_start": 1585587464.2709432, "device_end": 1585587464.2709584}, "cmdq": 0, "read": {"device_start": -1, "device_end": -1}}, "empty26": {"write": {"device_start": -1, "host_queued_start": 1585587529.709193, "device_queued": -1, "device_end": -1, "host_queued_end": 1585587529.732615}, "device": "cpu", "nd_range": {"device_start": 2255303.922217836, "device_end": 2255303.922225738}, "cmdq": 2, "read": {"device_start": -1, "device_end": -1}}, "coalesced_transpose12": {"write": {"device_start": -1, "host_queued_start": 1585587529.723961, "device_queued": -1, "device_end": -1, "host_queued_end": 1585587529.732615}, "device": "cpu", "nd_range": {"device_start": 2255303.976410104, "device_end": 2255303.976648184}, "cmdq": 1, "read": {"device_start": -1, "device_end": -1}}, "empty44": {"write": {"device_start": 1585587464.2645566, "host_queued_start": 1585587529.681133, "device_queued": 1585587464.2643995, "device_end": 1585587464.2645833, "host_queued_end": 1585587529.705696}, "device": "gpu", "nd_range": {"device_start": 1585587464.2645893, "device_end": 1585587464.2645943}, "cmdq": 0, "read": {"device_start": -1, "device_end": -1}}, "coalesced_transpose21": {"write": {"device_start": -1, "host_queued_start": 1585587529.724291, "device_queued": -1, "device_end": -1, "host_queued_end": 1585587529.732615}, "device": "cpu", "nd_range": {"device_start": 2255303.968362422, "device_end": 2255303.96860851}, "cmdq": 2, "read": {"device_start": -1, "device_end": -1}}, "FFC_sans_bias36": {"write": {"device_start": 1585587464.2649963, "host_queued_start": 1585587529.684902, "device_queued": 1585587464.264897, "device_end": 1585587464.2650578, "host_queued_end": 1585587529.705696}, "device": "gpu", "nd_range": {"device_start": 1585587464.2650676, "device_end": 1585587464.2656753}, "cmdq": 1, "read": {"device_start": -1, "device_end": -1}}, "softmax14": {"write": {"device_start": -1, "host_queued_start": 1585587529.726565, "device_queued": -1, "device_end": -1, "host_queued_end": 1585587529.732615}, "device": "cpu", "nd_range": {"device_start": 2255303.991810791, "device_end": 2255303.992036561}, "cmdq": 1, "read": {"device_start": -1, "device_end": -1}}, "FFC_sans_bias13": {"write": {"device_start": -1, "host_queued_start": 1585587529.725308, "device_queued": -1, "device_end": -1, "host_queued_end": 1585587529.732615}, "device": "cpu", "nd_range": {"device_start": 2255303.9767640373, "device_end": 2255303.9915964953}, "cmdq": 1, "read": {"device_start": -1, "device_end": -1}}, "empty8": {"write": {"device_start": -1, "host_queued_start": 1585587529.707173, "device_queued": -1, "device_end": -1, "host_queued_end": 1585587529.732615}, "device": "cpu", "nd_range": {"device_start": 2255303.922241485, "device_end": 2255303.922242442}, "cmdq": 0, "read": {"device_start": -1, "device_end": -1}}, "FFC_sans_bias42": {"write": {"device_start": -1, "host_queued_start": 1585587529.700462, "device_queued": -1, "device_end": -1, "host_queued_end": 1585587529.705696}, "device": "gpu", "nd_range": {"device_start": 1585587464.2731788, "device_end": 1585587464.2737732}, "cmdq": 1, "read": {"device_start": -1, "device_end": -1}}, "FFC_sans_bias43": {"write": {"device_start": 1585587464.274299, "host_queued_start": 1585587529.702425, "device_queued": 1585587464.2669432, "device_end": 1585587464.2743256, "host_queued_end": 1585587529.705696}, "device": "gpu", "nd_range": {"device_start": 1585587464.2743394, "device_end": 1585587464.2756941}, "cmdq": 2, "read": {"device_start": 1585587464.275696, "device_end": 1585587464.2757246}}, "FFC_sans_bias40": {"write": {"device_start": -1, "host_queued_start": 1585587529.698173, "device_queued": -1, "device_end": -1, "host_queued_end": 1585587529.705696}, "device": "gpu", "nd_range": {"device_start": 1585587464.2709548, "device_end": 1585587464.2715604}, "cmdq": 2, "read": {"device_start": -1, "device_end": -1}}, "softmax32": {"write": {"device_start": -1, "host_queued_start": 1585587529.727119, "device_queued": -1, "device_end": -1, "host_queued_end": 1585587529.732615}, "device": "cpu", "nd_range": {"device_start": 2255303.991461845, "device_end": 2255303.991679043}, "cmdq": 3, "read": {"device_start": -1, "device_end": -1}}, "FFC_sans_bias47": {"write": {"device_start": 1585587464.2667658, "host_queued_start": 1585587529.690275, "device_queued": 1585587464.2653892, "device_end": 1585587464.2667968, "host_queued_end": 1585587529.705696}, "device": "gpu", "nd_range": {"device_start": 1585587464.2668006, "device_end": 1585587464.2680693}, "cmdq": 0, "read": {"device_start": -1, "device_end": -1}}, "FFC_sans_bias45": {"write": {"device_start": 1585587464.2658024, "host_queued_start": 1585587529.688032, "device_queued": 1585587464.2651746, "device_end": 1585587464.2658274, "host_queued_end": 1585587529.705696}, "device": "gpu", "nd_range": {"device_start": 1585587464.2658305, "device_end": 1585587464.2670763}, "cmdq": 1, "read": {"device_start": -1, "device_end": -1}}, "softmax50": {"write": {"device_start": -1, "host_queued_start": 1585587529.699658, "device_queued": -1, "device_end": -1, "host_queued_end": 1585587529.705696}, "device": "gpu", "nd_range": {"device_start": 1585587464.272554, "device_end": 1585587464.27316}, "cmdq": 1, "read": {"device_start": -1, "device_end": -1}}, "FFC_sans_bias33": {"write": {"device_start": -1, "host_queued_start": 1585587529.728509, "device_queued": -1, "device_end": -1, "host_queued_end": 1585587529.732615}, "device": "cpu", "nd_range": {"device_start": 2255303.991693098, "device_end": 2255304.005405495}, "cmdq": 3, "read": {"device_start": -1, "device_end": -1}}, "FFC_sans_bias63": {"write": {"device_start": 1585587464.2696242, "host_queued_start": 1585587529.696613, "device_queued": 1585587464.266082, "device_end": 1585587464.2696567, "host_queued_end": 1585587529.705696}, "device": "gpu", "nd_range": {"device_start": 1585587464.2696602, "device_end": 1585587464.270942}, "cmdq": 0, "read": {"device_start": -1, "device_end": -1}}, "FFC_sans_bias49": {"write": {"device_start": -1, "host_queued_start": 1585587529.69849, "device_queued": -1, "device_end": -1, "host_queued_end": 1585587529.705696}, "device": "gpu", "nd_range": {"device_start": 1585587464.2709663, "device_end": 1585587464.2719758}, "cmdq": 0, "read": {"device_start": -1, "device_end": -1}}, "FFC_sans_bias64": {"write": {"device_start": 1585587464.2686605, "host_queued_start": 1585587529.694508, "device_queued": 1585587464.265908, "device_end": 1585587464.2686858, "host_queued_end": 1585587529.705696}, "device": "gpu", "nd_range": {"device_start": 1585587464.2686913, "device_end": 1585587464.2700326}, "cmdq": 1, "read": {"device_start": -1, "device_end": -1}}, "FFC_sans_bias65": {"write": {"device_start": 1585587464.26916, "host_queued_start": 1585587529.695579, "device_queued": 1585587464.2659316, "device_end": 1585587464.2691917, "host_queued_end": 1585587529.705696}, "device": "gpu", "nd_range": {"device_start": 1585587464.2691977, "device_end": 1585587464.270479}, "cmdq": 2, "read": {"device_start": -1, "device_end": -1}}, "FFC_sans_bias67": {"write": {"device_start": -1, "host_queued_start": 1585587529.699157, "device_queued": -1, "device_end": -1, "host_queued_end": 1585587529.705696}, "device": "gpu", "nd_range": {"device_start": 1585587464.2715664, "device_end": 1585587464.2729542}, "cmdq": 2, "read": {"device_start": -1, "device_end": -1}}, "FFC_sans_bias24": {"write": {"device_start": -1, "host_queued_start": 1585587529.728142, "device_queued": -1, "device_end": -1, "host_queued_end": 1585587529.732615}, "device": "cpu", "nd_range": {"device_start": 2255303.977669481, "device_end": 2255304.0001199814}, "cmdq": 2, "read": {"device_start": -1, "device_end": -1}}, "FFC_sans_bias25": {"write": {"device_start": -1, "host_queued_start": 1585587529.731567, "device_queued": -1, "device_end": -1, "host_queued_end": 1585587529.732615}, "device": "cpu", "nd_range": {"device_start": 2255304.000245992, "device_end": 2255304.015382268}, "cmdq": 2, "read": {"device_start": -1, "device_end": -1}}, "FFC_sans_bias27": {"write": {"device_start": -1, "host_queued_start": 1585587529.721067, "device_queued": -1, "device_end": -1, "host_queued_end": 1585587529.732615}, "device": "cpu", "nd_range": {"device_start": 2255303.953304685, "device_end": 2255303.968568698}, "cmdq": 1, "read": {"device_start": -1, "device_end": -1}}, "FFC_sans_bias20": {"write": {"device_start": -1, "host_queued_start": 1585587529.720026, "device_queued": -1, "device_end": -1, "host_queued_end": 1585587529.732615}, "device": "cpu", "nd_range": {"device_start": 2255303.9718264933, "device_end": 2255303.991478838}, "cmdq": 0, "read": {"device_start": -1, "device_end": -1}}, "FFC_sans_bias22": {"write": {"device_start": -1, "host_queued_start": 1585587529.725658, "device_queued": -1, "device_end": -1, "host_queued_end": 1585587529.732615}, "device": "cpu", "nd_range": {"device_start": 2255303.968620872, "device_end": 2255303.97722801}, "cmdq": 2, "read": {"device_start": -1, "device_end": -1}}, "softmax68": {"write": {"device_start": -1, "host_queued_start": 1585587529.700149, "device_queued": -1, "device_end": -1, "host_queued_end": 1585587529.705696}, "device": "gpu", "nd_range": {"device_start": 1585587464.2731717, "device_end": 1585587464.2735386}, "cmdq": 0, "read": {"device_start": -1, "device_end": -1}}, "softmax5": {"write": {"device_start": -1, "host_queued_start": 1585587529.726293, "device_queued": -1, "device_end": -1, "host_queued_end": 1585587529.732615}, "device": "cpu", "nd_range": {"device_start": 2255304.007360044, "device_end": 2255304.007566201}, "cmdq": 0, "read": {"device_start": -1, "device_end": -1}}, "FFC_sans_bias28": {"write": {"device_start": -1, "host_queued_start": 1585587529.722108, "device_queued": -1, "device_end": -1, "host_queued_end": 1585587529.732615}, "device": "cpu", "nd_range": {"device_start": 2255303.9530579643, "device_end": 2255303.968243416}, "cmdq": 2, "read": {"device_start": -1, "device_end": -1}}, "FFC_sans_bias29": {"write": {"device_start": -1, "host_queued_start": 1585587529.723193, "device_queued": -1, "device_end": -1, "host_queued_end": 1585587529.732615}, "device": "cpu", "nd_range": {"device_start": 2255303.9547630344, "device_end": 2255303.971457716}, "cmdq": 3, "read": {"device_start": -1, "device_end": -1}}, "empty17": {"write": {"device_start": -1, "host_queued_start": 1585587529.708231, "device_queued": -1, "device_end": -1, "host_queued_end": 1585587529.732615}, "device": "cpu", "nd_range": {"device_start": 2255303.922217994, "device_end": 2255303.922225695}, "cmdq": 1, "read": {"device_start": -1, "device_end": -1}}, "softmax59": {"write": {"device_start": -1, "host_queued_start": 1585587529.699902, "device_queued": -1, "device_end": -1, "host_queued_end": 1585587529.705696}, "device": "gpu", "nd_range": {"device_start": 1585587464.2729611, "device_end": 1585587464.2731812}, "cmdq": 2, "read": {"device_start": -1, "device_end": -1}}, "empty71": {"write": {"device_start": 1585587464.2648492, "host_queued_start": 1585587529.683936, "device_queued": 1585587464.2646732, "device_end": 1585587464.264874, "host_queued_end": 1585587529.705696}, "device": "gpu", "nd_range": {"device_start": 1585587464.2648795, "device_end": 1585587464.2648885}, "cmdq": 0, "read": {"device_start": -1, "device_end": -1}}, "empty35": {"write": {"device_start": -1, "host_queued_start": 1585587529.71016, "device_queued": -1, "device_end": -1, "host_queued_end": 1585587529.732615}, "device": "cpu", "nd_range": {"device_start": 2255303.922827538, "device_end": 2255303.922831933}, "cmdq": 3, "read": {"device_start": -1, "device_end": -1}}, "empty53": {"write": {"device_start": 1585587464.2646537, "host_queued_start": 1585587529.682178, "device_queued": 1585587464.26453, "device_end": 1585587464.2647085, "host_queued_end": 1585587529.705696}, "device": "gpu", "nd_range": {"device_start": 1585587464.2647142, "device_end": 1585587464.26472}, "cmdq": 1, "read": {"device_start": -1, "device_end": -1}}, "FFC_sans_bias46": {"write": {"device_start": 1585587464.2661865, "host_queued_start": 1585587529.689064, "device_queued": 1585587464.265191, "device_end": 1585587464.2662168, "host_queued_end": 1585587529.705696}, "device": "gpu", "nd_range": {"device_start": 1585587464.2662225, "device_end": 1585587464.2676024}, "cmdq": 2, "read": {"device_start": -1, "device_end": -1}}, "coalesced_transpose66": {"write": {"device_start": -1, "host_queued_start": 1585587529.697846, "device_queued": -1, "device_end": -1, "host_queued_end": 1585587529.705696}, "device": "gpu", "nd_range": {"device_start": 1585587464.2708495, "device_end": 1585587464.2708647}, "cmdq": 1, "read": {"device_start": -1, "device_end": -1}}, "coalesced_transpose48": {"write": {"device_start": -1, "host_queued_start": 1585587529.697247, "device_queued": -1, "device_end": -1, "host_queued_end": 1585587529.705696}, "device": "gpu", "nd_range": {"device_start": 1585587464.2704802, "device_end": 1585587464.2708607}, "cmdq": 2, "read": {"device_start": -1, "device_end": -1}}}