{"FFC_sans_bias60": {"write": {"device_start": -1, "host_queued_start": 1585587780.217257, "device_queued": -1, "device_end": -1, "host_queued_end": 1585587780.221845}, "device": "gpu", "nd_range": {"device_start": 1585587714.782885, "device_end": 1585587714.7848592}, "cmdq": 0, "read": {"device_start": -1, "device_end": -1}}, "FFC_sans_bias4": {"write": {"device_start": -1, "host_queued_start": 1585587780.241513, "device_queued": -1, "device_end": -1, "host_queued_end": 1585587780.249214}, "device": "cpu", "nd_range": {"device_start": 2255554.485226292, "device_end": 2255554.500483427}, "cmdq": 0, "read": {"device_start": -1, "device_end": -1}}, "FFC_sans_bias7": {"write": {"device_start": -1, "host_queued_start": 1585587780.246171, "device_queued": -1, "device_end": -1, "host_queued_end": 1585587780.249214}, "device": "cpu", "nd_range": {"device_start": 2255554.516318534, "device_end": 2255554.53171117}, "cmdq": 0, "read": {"device_start": -1, "device_end": -1}}, "FFC_sans_bias6": {"write": {"device_start": -1, "host_queued_start": 1585587780.244053, "device_queued": -1, "device_end": -1, "host_queued_end": 1585587780.249214}, "device": "cpu", "nd_range": {"device_start": 2255554.500932408, "device_end": 2255554.5162000083}, "cmdq": 0, "read": {"device_start": -1, "device_end": -1}}, "FFC_sans_bias1": {"write": {"device_start": -1, "host_queued_start": 1585587780.228676, "device_queued": -1, "device_end": -1, "host_queued_end": 1585587780.249214}, "device": "cpu", "nd_range": {"device_start": 2255554.438839756, "device_end": 2255554.454306494}, "cmdq": 1, "read": {"device_start": -1, "device_end": -1}}, "FFC_sans_bias0": {"write": {"device_start": -1, "host_queued_start": 1585587780.227607, "device_queued": -1, "device_end": -1, "host_queued_end": 1585587780.249214}, "device": "cpu", "nd_range": {"device_start": 2255554.438839898, "device_end": 2255554.45411045}, "cmdq": 0, "read": {"device_start": -1, "device_end": -1}}, "FFC_sans_bias2": {"write": {"device_start": -1, "host_queued_start": 1585587780.229757, "device_queued": -1, "device_end": -1, "host_queued_end": 1585587780.249214}, "device": "cpu", "nd_range": {"device_start": 2255554.4392015403, "device_end": 2255554.454573545}, "cmdq": 2, "read": {"device_start": -1, "device_end": -1}}, "FFC_sans_bias61": {"write": {"device_start": 1585587714.7845533, "host_queued_start": 1585587780.220702, "device_queued": 1585587714.7764988, "device_end": 1585587714.7845833, "host_queued_end": 1585587780.221845}, "device": "gpu", "nd_range": {"device_start": 1585587714.7848752, "device_end": 1585587714.7863364}, "cmdq": 4, "read": {"device_start": 1585587714.7863467, "device_end": 1585587714.7863693}}, "FFC_sans_bias52": {"write": {"device_start": 1585587714.783987, "host_queued_start": 1585587780.219665, "device_queued": 1585587714.7764807, "device_end": 1585587714.7840123, "host_queued_end": 1585587780.221845}, "device": "gpu", "nd_range": {"device_start": 1585587714.7844412, "device_end": 1585587714.78585}, "cmdq": 3, "read": {"device_start": 1585587714.785852, "device_end": 1585587714.785883}}, "FFC_sans_bias9": {"write": {"device_start": -1, "host_queued_start": 1585587780.230856, "device_queued": -1, "device_end": -1, "host_queued_end": 1585587780.249214}, "device": "cpu", "nd_range": {"device_start": 2255554.438890701, "device_end": 2255554.454584128}, "cmdq": 3, "read": {"device_start": -1, "device_end": -1}}, "coalesced_transpose39": {"write": {"device_start": -1, "host_queued_start": 1585587780.213064, "device_queued": -1, "device_end": -1, "host_queued_end": 1585587780.221845}, "device": "gpu", "nd_range": {"device_start": 1585587714.7785413, "device_end": 1585587714.7803583}, "cmdq": 1, "read": {"device_start": -1, "device_end": -1}}, "FFC_sans_bias55": {"write": {"device_start": 1585587714.7766764, "host_queued_start": 1585587780.209567, "device_queued": 1585587714.775127, "device_end": 1585587714.7767081, "host_queued_end": 1585587780.221845}, "device": "gpu", "nd_range": {"device_start": 1585587714.7767136, "device_end": 1585587714.7790005}, "cmdq": 2, "read": {"device_start": -1, "device_end": -1}}, "FFC_sans_bias54": {"write": {"device_start": 1585587714.7762213, "host_queued_start": 1585587780.208534, "device_queued": 1585587714.7751029, "device_end": 1585587714.7762475, "host_queued_end": 1585587780.221845}, "device": "gpu", "nd_range": {"device_start": 1585587714.7762554, "device_end": 1585587714.7785401}, "cmdq": 1, "read": {"device_start": -1, "device_end": -1}}, "FFC_sans_bias56": {"write": {"device_start": 1585587714.7757118, "host_queued_start": 1585587780.207505, "device_queued": 1585587714.7750456, "device_end": 1585587714.7757363, "host_queued_end": 1585587780.221845}, "device": "gpu", "nd_range": {"device_start": 1585587714.7757392, "device_end": 1585587714.7780535}, "cmdq": 0, "read": {"device_start": -1, "device_end": -1}}, "FFC_sans_bias51": {"write": {"device_start": -1, "host_queued_start": 1585587780.21694, "device_queued": -1, "device_end": -1, "host_queued_end": 1585587780.221845}, "device": "gpu", "nd_range": {"device_start": 1585587714.7828782, "device_end": 1585587714.7844346}, "cmdq": 4, "read": {"device_start": -1, "device_end": -1}}, "softmax23": {"write": {"device_start": -1, "host_queued_start": 1585587780.243442, "device_queued": -1, "device_end": -1, "host_queued_end": 1585587780.249214}, "device": "cpu", "nd_range": {"device_start": 2255554.50144801, "device_end": 2255554.501652553}, "cmdq": 2, "read": {"device_start": -1, "device_end": -1}}, "FFC_sans_bias37": {"write": {"device_start": 1585587714.774583, "host_queued_start": 1585587780.202017, "device_queued": 1585587714.774416, "device_end": 1585587714.7746105, "host_queued_end": 1585587780.221845}, "device": "gpu", "nd_range": {"device_start": 1585587714.7746181, "device_end": 1585587714.775574}, "cmdq": 0, "read": {"device_start": -1, "device_end": -1}}, "empty62": {"write": {"device_start": 1585587714.7742703, "host_queued_start": 1585587780.199065, "device_queued": 1585587714.7740033, "device_end": 1585587714.7743444, "host_queued_end": 1585587780.221845}, "device": "gpu", "nd_range": {"device_start": 1585587714.7743497, "device_end": 1585587714.7743638}, "cmdq": 2, "read": {"device_start": -1, "device_end": -1}}, "FFC_sans_bias70": {"write": {"device_start": 1585587714.7849839, "host_queued_start": 1585587780.221744, "device_queued": 1585587714.776796, "device_end": 1585587714.785015, "host_queued_end": 1585587780.221845}, "device": "gpu", "nd_range": {"device_start": 1585587714.7850263, "device_end": 1585587714.7867978}, "cmdq": 0, "read": {"device_start": 1585587714.7868006, "device_end": 1585587714.786825}}, "FFC_sans_bias58": {"write": {"device_start": -1, "host_queued_start": 1585587780.214981, "device_queued": -1, "device_end": -1, "host_queued_end": 1585587780.221845}, "device": "gpu", "nd_range": {"device_start": 1585587714.7804704, "device_end": 1585587714.7820284}, "cmdq": 2, "read": {"device_start": -1, "device_end": -1}}, "softmax41": {"write": {"device_start": -1, "host_queued_start": 1585587780.215555, "device_queued": -1, "device_end": -1, "host_queued_end": 1585587780.221845}, "device": "gpu", "nd_range": {"device_start": 1585587714.7810767, "device_end": 1585587714.7828457}, "cmdq": 4, "read": {"device_start": -1, "device_end": -1}}, "FFC_sans_bias11": {"write": {"device_start": -1, "host_queued_start": 1585587780.233122, "device_queued": -1, "device_end": -1, "host_queued_end": 1585587780.249214}, "device": "cpu", "nd_range": {"device_start": 2255554.4577399963, "device_end": 2255554.479245231}, "cmdq": 1, "read": {"device_start": -1, "device_end": -1}}, "FFC_sans_bias10": {"write": {"device_start": -1, "host_queued_start": 1585587780.231973, "device_queued": -1, "device_end": -1, "host_queued_end": 1585587780.249214}, "device": "cpu", "nd_range": {"device_start": 2255554.454258319, "device_end": 2255554.4695116594}, "cmdq": 0, "read": {"device_start": -1, "device_end": -1}}, "coalesced_transpose3": {"write": {"device_start": -1, "host_queued_start": 1585587780.240067, "device_queued": -1, "device_end": -1, "host_queued_end": 1585587780.249214}, "device": "cpu", "nd_range": {"device_start": 2255554.484867196, "device_end": 2255554.485113933}, "cmdq": 0, "read": {"device_start": -1, "device_end": -1}}, "FFC_sans_bias34": {"write": {"device_start": -1, "host_queued_start": 1585587780.24917, "device_queued": -1, "device_end": -1, "host_queued_end": 1585587780.249214}, "device": "cpu", "nd_range": {"device_start": 2255554.520619894, "device_end": 2255554.5357720363}, "cmdq": 3, "read": {"device_start": -1, "device_end": -1}}, "FFC_sans_bias15": {"write": {"device_start": -1, "host_queued_start": 1585587780.244395, "device_queued": -1, "device_end": -1, "host_queued_end": 1585587780.249214}, "device": "cpu", "nd_range": {"device_start": 2255554.537464327, "device_end": 2255554.541454997}, "cmdq": 1, "read": {"device_start": -1, "device_end": -1}}, "FFC_sans_bias31": {"write": {"device_start": -1, "host_queued_start": 1585587780.242564, "device_queued": -1, "device_end": -1, "host_queued_end": 1585587780.249214}, "device": "cpu", "nd_range": {"device_start": 2255554.48788633, "device_end": 2255554.503949114}, "cmdq": 3, "read": {"device_start": -1, "device_end": -1}}, "FFC_sans_bias16": {"write": {"device_start": -1, "host_queued_start": 1585587780.247189, "device_queued": -1, "device_end": -1, "host_queued_end": 1585587780.249214}, "device": "cpu", "nd_range": {"device_start": 2255554.541461017, "device_end": 2255554.5453773313}, "cmdq": 1, "read": {"device_start": -1, "device_end": -1}}, "FFC_sans_bias19": {"write": {"device_start": -1, "host_queued_start": 1585587780.235514, "device_queued": -1, "device_end": -1, "host_queued_end": 1585587780.249214}, "device": "cpu", "nd_range": {"device_start": 2255554.4546116423, "device_end": 2255554.471122573}, "cmdq": 3, "read": {"device_start": -1, "device_end": -1}}, "FFC_sans_bias18": {"write": {"device_start": -1, "host_queued_start": 1585587780.234286, "device_queued": -1, "device_end": -1, "host_queued_end": 1585587780.249214}, "device": "cpu", "nd_range": {"device_start": 2255554.454802493, "device_end": 2255554.47014974}, "cmdq": 2, "read": {"device_start": -1, "device_end": -1}}, "coalesced_transpose30": {"write": {"device_start": -1, "host_queued_start": 1585587780.241167, "device_queued": -1, "device_end": -1, "host_queued_end": 1585587780.249214}, "device": "cpu", "nd_range": {"device_start": 2255554.487543479, "device_end": 2255554.4877787563}, "cmdq": 3, "read": {"device_start": -1, "device_end": -1}}, "FFC_sans_bias69": {"write": {"device_start": -1, "host_queued_start": 1585587780.217574, "device_queued": -1, "device_end": -1, "host_queued_end": 1585587780.221845}, "device": "gpu", "nd_range": {"device_start": 1585587714.782856, "device_end": 1585587714.7834618}, "cmdq": 1, "read": {"device_start": -1, "device_end": -1}}, "FFC_sans_bias38": {"write": {"device_start": 1585587714.7747343, "host_queued_start": 1585587780.203088, "device_queued": 1585587714.7746265, "device_end": 1585587714.7747977, "host_queued_end": 1585587780.221845}, "device": "gpu", "nd_range": {"device_start": 1585587714.7748752, "device_end": 1585587714.7761338}, "cmdq": 1, "read": {"device_start": -1, "device_end": -1}}, "coalesced_transpose57": {"write": {"device_start": -1, "host_queued_start": 1585587780.213678, "device_queued": -1, "device_end": -1, "host_queued_end": 1585587780.221845}, "device": "gpu", "nd_range": {"device_start": 1585587714.7795293, "device_end": 1585587714.7803633}, "cmdq": 3, "read": {"device_start": -1, "device_end": -1}}, "empty26": {"write": {"device_start": -1, "host_queued_start": 1585587780.22561, "device_queued": -1, "device_end": -1, "host_queued_end": 1585587780.249214}, "device": "cpu", "nd_range": {"device_start": 2255554.4390192083, "device_end": 2255554.439022858}, "cmdq": 2, "read": {"device_start": -1, "device_end": -1}}, "coalesced_transpose12": {"write": {"device_start": -1, "host_queued_start": 1585587780.240506, "device_queued": -1, "device_end": -1, "host_queued_end": 1585587780.249214}, "device": "cpu", "nd_range": {"device_start": 2255554.518767759, "device_end": 2255554.519016072}, "cmdq": 1, "read": {"device_start": -1, "device_end": -1}}, "empty44": {"write": {"device_start": 1585587714.774037, "host_queued_start": 1585587780.197127, "device_queued": 1585587714.7738917, "device_end": 1585587714.774084, "host_queued_end": 1585587780.221845}, "device": "gpu", "nd_range": {"device_start": 1585587714.7741, "device_end": 1585587714.7741058}, "cmdq": 0, "read": {"device_start": -1, "device_end": -1}}, "coalesced_transpose21": {"write": {"device_start": -1, "host_queued_start": 1585587780.240842, "device_queued": -1, "device_end": -1, "host_queued_end": 1585587780.249214}, "device": "cpu", "nd_range": {"device_start": 2255554.485708664, "device_end": 2255554.48595007}, "cmdq": 2, "read": {"device_start": -1, "device_end": -1}}, "FFC_sans_bias36": {"write": {"device_start": 1585587714.7744915, "host_queued_start": 1585587780.200938, "device_queued": 1585587714.7742612, "device_end": 1585587714.7745614, "host_queued_end": 1585587780.221845}, "device": "gpu", "nd_range": {"device_start": 1585587714.7745676, "device_end": 1585587714.7751687}, "cmdq": 4, "read": {"device_start": -1, "device_end": -1}}, "softmax14": {"write": {"device_start": -1, "host_queued_start": 1585587780.243163, "device_queued": -1, "device_end": -1, "host_queued_end": 1585587780.249214}, "device": "cpu", "nd_range": {"device_start": 2255554.53736252, "device_end": 2255554.537456563}, "cmdq": 1, "read": {"device_start": -1, "device_end": -1}}, "FFC_sans_bias13": {"write": {"device_start": -1, "host_queued_start": 1585587780.241856, "device_queued": -1, "device_end": -1, "host_queued_end": 1585587780.249214}, "device": "cpu", "nd_range": {"device_start": 2255554.5190233183, "device_end": 2255554.537343983}, "cmdq": 1, "read": {"device_start": -1, "device_end": -1}}, "empty8": {"write": {"device_start": -1, "host_queued_start": 1585587780.223507, "device_queued": -1, "device_end": -1, "host_queued_end": 1585587780.249214}, "device": "cpu", "nd_range": {"device_start": 2255554.438808075, "device_end": 2255554.438818774}, "cmdq": 0, "read": {"device_start": -1, "device_end": -1}}, "FFC_sans_bias42": {"write": {"device_start": -1, "host_queued_start": 1585587780.21662, "device_queued": -1, "device_end": -1, "host_queued_end": 1585587780.221845}, "device": "gpu", "nd_range": {"device_start": 1585587714.78287, "device_end": 1585587714.783865}, "cmdq": 3, "read": {"device_start": -1, "device_end": -1}}, "FFC_sans_bias43": {"write": {"device_start": 1585587714.782782, "host_queued_start": 1585587780.218614, "device_queued": 1585587714.7763677, "device_end": 1585587714.7828083, "host_queued_end": 1585587780.221845}, "device": "gpu", "nd_range": {"device_start": 1585587714.7838814, "device_end": 1585587714.7853885}, "cmdq": 2, "read": {"device_start": 1585587714.7853942, "device_end": 1585587714.7854176}}, "FFC_sans_bias40": {"write": {"device_start": -1, "host_queued_start": 1585587780.21432, "device_queued": -1, "device_end": -1, "host_queued_end": 1585587780.221845}, "device": "gpu", "nd_range": {"device_start": 1585587714.780448, "device_end": 1585587714.781062}, "cmdq": 0, "read": {"device_start": -1, "device_end": -1}}, "softmax32": {"write": {"device_start": -1, "host_queued_start": 1585587780.243714, "device_queued": -1, "device_end": -1, "host_queued_end": 1585587780.249214}, "device": "cpu", "nd_range": {"device_start": 2255554.5040754243, "device_end": 2255554.504278881}, "cmdq": 3, "read": {"device_start": -1, "device_end": -1}}, "FFC_sans_bias47": {"write": {"device_start": 1585587714.775299, "host_queued_start": 1585587780.206391, "device_queued": 1585587714.7746882, "device_end": 1585587714.7753243, "host_queued_end": 1585587780.221845}, "device": "gpu", "nd_range": {"device_start": 1585587714.775335, "device_end": 1585587714.777553}, "cmdq": 4, "read": {"device_start": -1, "device_end": -1}}, "FFC_sans_bias45": {"write": {"device_start": 1585587714.7748282, "host_queued_start": 1585587780.204124, "device_queued": 1585587714.7746544, "device_end": 1585587714.774891, "host_queued_end": 1585587780.221845}, "device": "gpu", "nd_range": {"device_start": 1585587714.7748964, "device_end": 1585587714.776567}, "cmdq": 2, "read": {"device_start": -1, "device_end": -1}}, "softmax50": {"write": {"device_start": -1, "host_queued_start": 1585587780.215807, "device_queued": -1, "device_end": -1, "host_queued_end": 1585587780.221845}, "device": "gpu", "nd_range": {"device_start": 1585587714.7814746, "device_end": 1585587714.7828472}, "cmdq": 0, "read": {"device_start": -1, "device_end": -1}}, "FFC_sans_bias33": {"write": {"device_start": -1, "host_queued_start": 1585587780.245104, "device_queued": -1, "device_end": -1, "host_queued_end": 1585587780.249214}, "device": "cpu", "nd_range": {"device_start": 2255554.504388589, "device_end": 2255554.520611916}, "cmdq": 3, "read": {"device_start": -1, "device_end": -1}}, "FFC_sans_bias63": {"write": {"device_start": 1585587714.7783272, "host_queued_start": 1585587780.212724, "device_queued": 1585587714.7755451, "device_end": 1585587714.7783532, "host_queued_end": 1585587780.221845}, "device": "gpu", "nd_range": {"device_start": 1585587714.778362, "device_end": 1585587714.7804384}, "cmdq": 0, "read": {"device_start": -1, "device_end": -1}}, "FFC_sans_bias49": {"write": {"device_start": -1, "host_queued_start": 1585587780.214659, "device_queued": -1, "device_end": -1, "host_queued_end": 1585587780.221845}, "device": "gpu", "nd_range": {"device_start": 1585587714.7804601, "device_end": 1585587714.7814627}, "cmdq": 1, "read": {"device_start": -1, "device_end": -1}}, "FFC_sans_bias64": {"write": {"device_start": 1585587714.7772086, "host_queued_start": 1585587780.210634, "device_queued": 1585587714.7753015, "device_end": 1585587714.7772338, "host_queued_end": 1585587780.221845}, "device": "gpu", "nd_range": {"device_start": 1585587714.7772403, "device_end": 1585587714.7795208}, "cmdq": 3, "read": {"device_start": -1, "device_end": -1}}, "FFC_sans_bias65": {"write": {"device_start": 1585587714.7782414, "host_queued_start": 1585587780.211687, "device_queued": 1585587714.7753365, "device_end": 1585587714.7783082, "host_queued_end": 1585587780.221845}, "device": "gpu", "nd_range": {"device_start": 1585587714.7783165, "device_end": 1585587714.77997}, "cmdq": 4, "read": {"device_start": -1, "device_end": -1}}, "FFC_sans_bias67": {"write": {"device_start": -1, "host_queued_start": 1585587780.215304, "device_queued": -1, "device_end": -1, "host_queued_end": 1585587780.221845}, "device": "gpu", "nd_range": {"device_start": 1585587714.7804806, "device_end": 1585587714.7824428}, "cmdq": 3, "read": {"device_start": -1, "device_end": -1}}, "FFC_sans_bias24": {"write": {"device_start": -1, "host_queued_start": 1585587780.24474, "device_queued": -1, "device_end": -1, "host_queued_end": 1585587780.249214}, "device": "cpu", "nd_range": {"device_start": 2255554.501766404, "device_end": 2255554.5170345004}, "cmdq": 2, "read": {"device_start": -1, "device_end": -1}}, "FFC_sans_bias25": {"write": {"device_start": -1, "host_queued_start": 1585587780.248181, "device_queued": -1, "device_end": -1, "host_queued_end": 1585587780.249214}, "device": "cpu", "nd_range": {"device_start": 2255554.517152274, "device_end": 2255554.532536773}, "cmdq": 2, "read": {"device_start": -1, "device_end": -1}}, "FFC_sans_bias27": {"write": {"device_start": -1, "host_queued_start": 1585587780.23761, "device_queued": -1, "device_end": -1, "host_queued_end": 1585587780.249214}, "device": "cpu", "nd_range": {"device_start": 2255554.479253586, "device_end": 2255554.510453965}, "cmdq": 1, "read": {"device_start": -1, "device_end": -1}}, "FFC_sans_bias20": {"write": {"device_start": -1, "host_queued_start": 1585587780.236567, "device_queued": -1, "device_end": -1, "host_queued_end": 1585587780.249214}, "device": "cpu", "nd_range": {"device_start": 2255554.4695209553, "device_end": 2255554.4847448682}, "cmdq": 0, "read": {"device_start": -1, "device_end": -1}}, "FFC_sans_bias22": {"write": {"device_start": -1, "host_queued_start": 1585587780.242203, "device_queued": -1, "device_end": -1, "host_queued_end": 1585587780.249214}, "device": "cpu", "nd_range": {"device_start": 2255554.4860583884, "device_end": 2255554.5013312004}, "cmdq": 2, "read": {"device_start": -1, "device_end": -1}}, "softmax68": {"write": {"device_start": -1, "host_queued_start": 1585587780.216308, "device_queued": -1, "device_end": -1, "host_queued_end": 1585587780.221845}, "device": "gpu", "nd_range": {"device_start": 1585587714.7824538, "device_end": 1585587714.7826567}, "cmdq": 2, "read": {"device_start": -1, "device_end": -1}}, "softmax5": {"write": {"device_start": -1, "host_queued_start": 1585587780.242887, "device_queued": -1, "device_end": -1, "host_queued_end": 1585587780.249214}, "device": "cpu", "nd_range": {"device_start": 2255554.500606038, "device_end": 2255554.500819447}, "cmdq": 0, "read": {"device_start": -1, "device_end": -1}}, "FFC_sans_bias28": {"write": {"device_start": -1, "host_queued_start": 1585587780.238681, "device_queued": -1, "device_end": -1, "host_queued_end": 1585587780.249214}, "device": "cpu", "nd_range": {"device_start": 2255554.470265809, "device_end": 2255554.4855935443}, "cmdq": 2, "read": {"device_start": -1, "device_end": -1}}, "FFC_sans_bias29": {"write": {"device_start": -1, "host_queued_start": 1585587780.239736, "device_queued": -1, "device_end": -1, "host_queued_end": 1585587780.249214}, "device": "cpu", "nd_range": {"device_start": 2255554.471237782, "device_end": 2255554.487426653}, "cmdq": 3, "read": {"device_start": -1, "device_end": -1}}, "empty17": {"write": {"device_start": -1, "host_queued_start": 1585587780.224614, "device_queued": -1, "device_end": -1, "host_queued_end": 1585587780.249214}, "device": "cpu", "nd_range": {"device_start": 2255554.438806644, "device_end": 2255554.4388188142}, "cmdq": 1, "read": {"device_start": -1, "device_end": -1}}, "softmax59": {"write": {"device_start": -1, "host_queued_start": 1585587780.216058, "device_queued": -1, "device_end": -1, "host_queued_end": 1585587780.221845}, "device": "gpu", "nd_range": {"device_start": 1585587714.782039, "device_end": 1585587714.782849}, "cmdq": 1, "read": {"device_start": -1, "device_end": -1}}, "empty71": {"write": {"device_start": 1585587714.7743778, "host_queued_start": 1585587780.199928, "device_queued": 1585587714.7740228, "device_end": 1585587714.774443, "host_queued_end": 1585587780.221845}, "device": "gpu", "nd_range": {"device_start": 1585587714.7744617, "device_end": 1585587714.774467}, "cmdq": 3, "read": {"device_start": -1, "device_end": -1}}, "empty35": {"write": {"device_start": -1, "host_queued_start": 1585587780.22652, "device_queued": -1, "device_end": -1, "host_queued_end": 1585587780.249214}, "device": "cpu", "nd_range": {"device_start": 2255554.438869603, "device_end": 2255554.438873994}, "cmdq": 3, "read": {"device_start": -1, "device_end": -1}}, "empty53": {"write": {"device_start": 1585587714.7741618, "host_queued_start": 1585587780.198169, "device_queued": 1585587714.773984, "device_end": 1585587714.7742243, "host_queued_end": 1585587780.221845}, "device": "gpu", "nd_range": {"device_start": 1585587714.7743313, "device_end": 1585587714.774353}, "cmdq": 1, "read": {"device_start": -1, "device_end": -1}}, "FFC_sans_bias46": {"write": {"device_start": 1585587714.7749393, "host_queued_start": 1585587780.205154, "device_queued": 1585587714.7746696, "device_end": 1585587714.774974, "host_queued_end": 1585587780.221845}, "device": "gpu", "nd_range": {"device_start": 1585587714.7749789, "device_end": 1585587714.7771008}, "cmdq": 3, "read": {"device_start": -1, "device_end": -1}}, "coalesced_transpose66": {"write": {"device_start": -1, "host_queued_start": 1585587780.213983, "device_queued": -1, "device_end": -1, "host_queued_end": 1585587780.221845}, "device": "gpu", "nd_range": {"device_start": 1585587714.7799776, "device_end": 1585587714.7803729}, "cmdq": 4, "read": {"device_start": -1, "device_end": -1}}, "coalesced_transpose48": {"write": {"device_start": -1, "host_queued_start": 1585587780.213372, "device_queued": -1, "device_end": -1, "host_queued_end": 1585587780.221845}, "device": "gpu", "nd_range": {"device_start": 1585587714.7790024, "device_end": 1585587714.7803602}, "cmdq": 2, "read": {"device_start": -1, "device_end": -1}}}