{"FFC_sans_bias60": {"write": {"device_start": -1, "host_queued_start": 1585587757.949579, "device_queued": -1, "device_end": -1, "host_queued_end": 1585587757.953158}, "device": "gpu", "nd_range": {"device_start": 1585587692.5128572, "device_end": 1585587692.5134778}, "cmdq": 2, "read": {"device_start": -1, "device_end": -1}}, "FFC_sans_bias4": {"write": {"device_start": -1, "host_queued_start": 1585587757.976619, "device_queued": -1, "device_end": -1, "host_queued_end": 1585587757.986341}, "device": "cpu", "nd_range": {"device_start": 2255532.2518522753, "device_end": 2255532.269612897}, "cmdq": 1, "read": {"device_start": -1, "device_end": -1}}, "FFC_sans_bias7": {"write": {"device_start": -1, "host_queued_start": 1585587757.982334, "device_queued": -1, "device_end": -1, "host_queued_end": 1585587757.986341}, "device": "cpu", "nd_range": {"device_start": 2255532.294953211, "device_end": 2255532.310136991}, "cmdq": 1, "read": {"device_start": -1, "device_end": -1}}, "FFC_sans_bias6": {"write": {"device_start": -1, "host_queued_start": 1585587757.979858, "device_queued": -1, "device_end": -1, "host_queued_end": 1585587757.986341}, "device": "cpu", "nd_range": {"device_start": 2255532.2753486224, "device_end": 2255532.2854764783}, "cmdq": 2, "read": {"device_start": -1, "device_end": -1}}, "FFC_sans_bias1": {"write": {"device_start": -1, "host_queued_start": 1585587757.960615, "device_queued": -1, "device_end": -1, "host_queued_end": 1585587757.986341}, "device": "cpu", "nd_range": {"device_start": 2255532.1759847254, "device_end": 2255532.184034306}, "cmdq": 0, "read": {"device_start": -1, "device_end": -1}}, "FFC_sans_bias0": {"write": {"device_start": -1, "host_queued_start": 1585587757.959473, "device_queued": -1, "device_end": -1, "host_queued_end": 1585587757.986341}, "device": "cpu", "nd_range": {"device_start": 2255532.1760128383, "device_end": 2255532.1902831183}, "cmdq": 2, "read": {"device_start": -1, "device_end": -1}}, "FFC_sans_bias2": {"write": {"device_start": -1, "host_queued_start": 1585587757.961782, "device_queued": -1, "device_end": -1, "host_queued_end": 1585587757.986341}, "device": "cpu", "nd_range": {"device_start": 2255532.175984783, "device_end": 2255532.187655217}, "cmdq": 1, "read": {"device_start": -1, "device_end": -1}}, "FFC_sans_bias61": {"write": {"device_start": 1585587692.512576, "host_queued_start": 1585587757.952012, "device_queued": 1585587692.5078053, "device_end": 1585587692.512607, "host_queued_end": 1585587757.953158}, "device": "gpu", "nd_range": {"device_start": 1585587692.5134857, "device_end": 1585587692.5144637}, "cmdq": 0, "read": {"device_start": 1585587692.5156043, "device_end": 1585587692.5156324}}, "FFC_sans_bias52": {"write": {"device_start": 1585587692.512989, "host_queued_start": 1585587757.950935, "device_queued": 1585587692.5077507, "device_end": 1585587692.5130208, "host_queued_end": 1585587757.953158}, "device": "gpu", "nd_range": {"device_start": 1585587692.5140643, "device_end": 1585587692.5154371}, "cmdq": 4, "read": {"device_start": 1585587692.5154462, "device_end": 1585587692.515469}}, "FFC_sans_bias9": {"write": {"device_start": -1, "host_queued_start": 1585587757.962847, "device_queued": -1, "device_end": -1, "host_queued_end": 1585587757.986341}, "device": "cpu", "nd_range": {"device_start": 2255532.193300364, "device_end": 2255532.2063022293}, "cmdq": 2, "read": {"device_start": -1, "device_end": -1}}, "coalesced_transpose39": {"write": {"device_start": -1, "host_queued_start": 1585587757.976277, "device_queued": -1, "device_end": -1, "host_queued_end": 1585587757.986341}, "device": "cpu", "nd_range": {"device_start": 2255532.250851666, "device_end": 2255532.251107768}, "cmdq": 0, "read": {"device_start": -1, "device_end": -1}}, "FFC_sans_bias55": {"write": {"device_start": 1585587692.5070655, "host_queued_start": 1585587757.942915, "device_queued": 1585587692.5065296, "device_end": 1585587692.5070956, "host_queued_end": 1585587757.953158}, "device": "gpu", "nd_range": {"device_start": 1585587692.507102, "device_end": 1585587692.509306}, "cmdq": 3, "read": {"device_start": -1, "device_end": -1}}, "FFC_sans_bias54": {"write": {"device_start": 1585587692.506692, "host_queued_start": 1585587757.941843, "device_queued": 1585587692.5065155, "device_end": 1585587692.5067196, "host_queued_end": 1585587757.953158}, "device": "gpu", "nd_range": {"device_start": 1585587692.5067542, "device_end": 1585587692.5088549}, "cmdq": 2, "read": {"device_start": -1, "device_end": -1}}, "FFC_sans_bias56": {"write": {"device_start": 1585587692.5065882, "host_queued_start": 1585587757.940785, "device_queued": 1585587692.5064898, "device_end": 1585587692.5066538, "host_queued_end": 1585587757.953158}, "device": "gpu", "nd_range": {"device_start": 1585587692.5067363, "device_end": 1585587692.5083117}, "cmdq": 1, "read": {"device_start": -1, "device_end": -1}}, "FFC_sans_bias51": {"write": {"device_start": -1, "host_queued_start": 1585587757.949255, "device_queued": -1, "device_end": -1, "host_queued_end": 1585587757.953158}, "device": "gpu", "nd_range": {"device_start": 1585587692.5124547, "device_end": 1585587692.513062}, "cmdq": 1, "read": {"device_start": -1, "device_end": -1}}, "softmax23": {"write": {"device_start": -1, "host_queued_start": 1585587757.978916, "device_queued": -1, "device_end": -1, "host_queued_end": 1585587757.986341}, "device": "cpu", "nd_range": {"device_start": 2255532.2750294954, "device_end": 2255532.275238871}, "cmdq": 2, "read": {"device_start": -1, "device_end": -1}}, "FFC_sans_bias37": {"write": {"device_start": -1, "host_queued_start": 1585587757.97349, "device_queued": -1, "device_end": -1, "host_queued_end": 1585587757.986341}, "device": "cpu", "nd_range": {"device_start": 2255532.2383270143, "device_end": 2255532.250529205}, "cmdq": 0, "read": {"device_start": -1, "device_end": -1}}, "empty62": {"write": {"device_start": 1585587692.506015, "host_queued_start": 1585587757.935686, "device_queued": 1585587692.505885, "device_end": 1585587692.5060925, "host_queued_end": 1585587757.953158}, "device": "gpu", "nd_range": {"device_start": 1585587692.5062723, "device_end": 1585587692.5063052}, "cmdq": 1, "read": {"device_start": -1, "device_end": -1}}, "FFC_sans_bias70": {"write": {"device_start": 1585587692.5131795, "host_queued_start": 1585587757.953058, "device_queued": 1585587692.508022, "device_end": 1585587692.5132105, "host_queued_end": 1585587757.953158}, "device": "gpu", "nd_range": {"device_start": 1585587692.5140586, "device_end": 1585587692.5150235}, "cmdq": 1, "read": {"device_start": 1585587692.5150335, "device_end": 1585587692.5150626}}, "FFC_sans_bias58": {"write": {"device_start": -1, "host_queued_start": 1585587757.94787, "device_queued": -1, "device_end": -1, "host_queued_end": 1585587757.953158}, "device": "gpu", "nd_range": {"device_start": 1585587692.5107644, "device_end": 1585587692.5122283}, "cmdq": 1, "read": {"device_start": -1, "device_end": -1}}, "softmax41": {"write": {"device_start": -1, "host_queued_start": 1585587757.979516, "device_queued": -1, "device_end": -1, "host_queued_end": 1585587757.986341}, "device": "cpu", "nd_range": {"device_start": 2255532.279306399, "device_end": 2255532.279510586}, "cmdq": 1, "read": {"device_start": -1, "device_end": -1}}, "FFC_sans_bias11": {"write": {"device_start": -1, "host_queued_start": 1585587757.965095, "device_queued": -1, "device_end": -1, "host_queued_end": 1585587757.986341}, "device": "cpu", "nd_range": {"device_start": 2255532.1876645493, "device_end": 2255532.1974257333}, "cmdq": 1, "read": {"device_start": -1, "device_end": -1}}, "FFC_sans_bias10": {"write": {"device_start": -1, "host_queued_start": 1585587757.964045, "device_queued": -1, "device_end": -1, "host_queued_end": 1585587757.986341}, "device": "cpu", "nd_range": {"device_start": 2255532.18406039, "device_end": 2255532.2063006284}, "cmdq": 0, "read": {"device_start": -1, "device_end": -1}}, "coalesced_transpose3": {"write": {"device_start": -1, "host_queued_start": 1585587757.974873, "device_queued": -1, "device_end": -1, "host_queued_end": 1585587757.986341}, "device": "cpu", "nd_range": {"device_start": 2255532.2501054243, "device_end": 2255532.250361343}, "cmdq": 2, "read": {"device_start": -1, "device_end": -1}}, "FFC_sans_bias34": {"write": {"device_start": -1, "host_queued_start": 1585587757.985308, "device_queued": -1, "device_end": -1, "host_queued_end": 1585587757.986341}, "device": "cpu", "nd_range": {"device_start": 2255532.310144339, "device_end": 2255532.319721886}, "cmdq": 1, "read": {"device_start": -1, "device_end": -1}}, "FFC_sans_bias15": {"write": {"device_start": -1, "host_queued_start": 1585587757.980206, "device_queued": -1, "device_end": -1, "host_queued_end": 1585587757.986341}, "device": "cpu", "nd_range": {"device_start": 2255532.282553268, "device_end": 2255532.297868154}, "cmdq": 0, "read": {"device_start": -1, "device_end": -1}}, "FFC_sans_bias31": {"write": {"device_start": -1, "host_queued_start": 1585587757.97766, "device_queued": -1, "device_end": -1, "host_queued_end": 1585587757.986341}, "device": "cpu", "nd_range": {"device_start": 2255532.269742608, "device_end": 2255532.278856858}, "cmdq": 1, "read": {"device_start": -1, "device_end": -1}}, "FFC_sans_bias16": {"write": {"device_start": -1, "host_queued_start": 1585587757.98333, "device_queued": -1, "device_end": -1, "host_queued_end": 1585587757.986341}, "device": "cpu", "nd_range": {"device_start": 2255532.3011751752, "device_end": 2255532.314389305}, "cmdq": 2, "read": {"device_start": -1, "device_end": -1}}, "FFC_sans_bias19": {"write": {"device_start": -1, "host_queued_start": 1585587757.967214, "device_queued": -1, "device_end": -1, "host_queued_end": 1585587757.986341}, "device": "cpu", "nd_range": {"device_start": 2255532.2063321243, "device_end": 2255532.2209433783}, "cmdq": 0, "read": {"device_start": -1, "device_end": -1}}, "FFC_sans_bias18": {"write": {"device_start": -1, "host_queued_start": 1585587757.966142, "device_queued": -1, "device_end": -1, "host_queued_end": 1585587757.986341}, "device": "cpu", "nd_range": {"device_start": 2255532.206549909, "device_end": 2255532.222020479}, "cmdq": 2, "read": {"device_start": -1, "device_end": -1}}, "coalesced_transpose30": {"write": {"device_start": -1, "host_queued_start": 1585587757.975944, "device_queued": -1, "device_end": -1, "host_queued_end": 1585587757.986341}, "device": "cpu", "nd_range": {"device_start": 2255532.250491472, "device_end": 2255532.2506541642}, "cmdq": 2, "read": {"device_start": -1, "device_end": -1}}, "FFC_sans_bias69": {"write": {"device_start": -1, "host_queued_start": 1585587757.949897, "device_queued": -1, "device_end": -1, "host_queued_end": 1585587757.953158}, "device": "gpu", "nd_range": {"device_start": 1585587692.5128675, "device_end": 1585587692.5140529}, "cmdq": 3, "read": {"device_start": -1, "device_end": -1}}, "FFC_sans_bias38": {"write": {"device_start": -1, "host_queued_start": 1585587757.974535, "device_queued": -1, "device_end": -1, "host_queued_end": 1585587757.986341}, "device": "cpu", "nd_range": {"device_start": 2255532.237215314, "device_end": 2255532.2511816}, "cmdq": 1, "read": {"device_start": -1, "device_end": -1}}, "coalesced_transpose57": {"write": {"device_start": -1, "host_queued_start": 1585587757.946919, "device_queued": -1, "device_end": -1, "host_queued_end": 1585587757.953158}, "device": "gpu", "nd_range": {"device_start": 1585587692.5093071, "device_end": 1585587692.5106645}, "cmdq": 3, "read": {"device_start": -1, "device_end": -1}}, "empty26": {"write": {"device_start": -1, "host_queued_start": 1585587757.956856, "device_queued": -1, "device_end": -1, "host_queued_end": 1585587757.986341}, "device": "cpu", "nd_range": {"device_start": 2255532.175984606, "device_end": 2255532.175989843}, "cmdq": 2, "read": {"device_start": -1, "device_end": -1}}, "coalesced_transpose12": {"write": {"device_start": -1, "host_queued_start": 1585587757.975208, "device_queued": -1, "device_end": -1, "host_queued_end": 1585587757.986341}, "device": "cpu", "nd_range": {"device_start": 2255532.2506626993, "device_end": 2255532.250840856}, "cmdq": 0, "read": {"device_start": -1, "device_end": -1}}, "empty44": {"write": {"device_start": -1, "host_queued_start": 1585587757.958495, "device_queued": -1, "device_end": -1, "host_queued_end": 1585587757.986341}, "device": "cpu", "nd_range": {"device_start": 2255532.175977338, "device_end": 2255532.17597856}, "cmdq": 1, "read": {"device_start": -1, "device_end": -1}}, "coalesced_transpose21": {"write": {"device_start": -1, "host_queued_start": 1585587757.975612, "device_queued": -1, "device_end": -1, "host_queued_end": 1585587757.986341}, "device": "cpu", "nd_range": {"device_start": 2255532.2515863543, "device_end": 2255532.2518431502}, "cmdq": 1, "read": {"device_start": -1, "device_end": -1}}, "FFC_sans_bias36": {"write": {"device_start": -1, "host_queued_start": 1585587757.972448, "device_queued": -1, "device_end": -1, "host_queued_end": 1585587757.986341}, "device": "cpu", "nd_range": {"device_start": 2255532.2375391102, "device_end": 2255532.249976446}, "cmdq": 2, "read": {"device_start": -1, "device_end": -1}}, "softmax14": {"write": {"device_start": -1, "host_queued_start": 1585587757.978599, "device_queued": -1, "device_end": -1, "host_queued_end": 1585587757.986341}, "device": "cpu", "nd_range": {"device_start": 2255532.278979788, "device_end": 2255532.279193918}, "cmdq": 1, "read": {"device_start": -1, "device_end": -1}}, "FFC_sans_bias13": {"write": {"device_start": -1, "host_queued_start": 1585587757.976966, "device_queued": -1, "device_end": -1, "host_queued_end": 1585587757.986341}, "device": "cpu", "nd_range": {"device_start": 2255532.250849863, "device_end": 2255532.259429743}, "cmdq": 2, "read": {"device_start": -1, "device_end": -1}}, "empty8": {"write": {"device_start": -1, "host_queued_start": 1585587757.954707, "device_queued": -1, "device_end": -1, "host_queued_end": 1585587757.986341}, "device": "cpu", "nd_range": {"device_start": 2255532.175943124, "device_end": 2255532.175956223}, "cmdq": 0, "read": {"device_start": -1, "device_end": -1}}, "FFC_sans_bias42": {"write": {"device_start": -1, "host_queued_start": 1585587757.981248, "device_queued": -1, "device_end": -1, "host_queued_end": 1585587757.986341}, "device": "cpu", "nd_range": {"device_start": 2255532.297876007, "device_end": 2255532.31304246}, "cmdq": 0, "read": {"device_start": -1, "device_end": -1}}, "FFC_sans_bias43": {"write": {"device_start": -1, "host_queued_start": 1585587757.986297, "device_queued": -1, "device_end": -1, "host_queued_end": 1585587757.986341}, "device": "cpu", "nd_range": {"device_start": 2255532.3184651593, "device_end": 2255532.3242509994}, "cmdq": 2, "read": {"device_start": -1, "device_end": -1}}, "FFC_sans_bias40": {"write": {"device_start": -1, "host_queued_start": 1585587757.978005, "device_queued": -1, "device_end": -1, "host_queued_end": 1585587757.986341}, "device": "cpu", "nd_range": {"device_start": 2255532.259562158, "device_end": 2255532.274909359}, "cmdq": 2, "read": {"device_start": -1, "device_end": -1}}, "softmax32": {"write": {"device_start": -1, "host_queued_start": 1585587757.979212, "device_queued": -1, "device_end": -1, "host_queued_end": 1585587757.986341}, "device": "cpu", "nd_range": {"device_start": 2255532.282338603, "device_end": 2255532.2825442473}, "cmdq": 0, "read": {"device_start": -1, "device_end": -1}}, "FFC_sans_bias47": {"write": {"device_start": 1585587692.5064282, "host_queued_start": 1585587757.939747, "device_queued": 1585587692.5063405, "device_end": 1585587692.5064611, "host_queued_end": 1585587757.953158}, "device": "gpu", "nd_range": {"device_start": 1585587692.5064821, "device_end": 1585587692.5078893}, "cmdq": 0, "read": {"device_start": -1, "device_end": -1}}, "FFC_sans_bias45": {"write": {"device_start": 1585587692.5062292, "host_queued_start": 1585587757.937546, "device_queued": 1585587692.5059483, "device_end": 1585587692.5063, "host_queued_end": 1585587757.953158}, "device": "gpu", "nd_range": {"device_start": 1585587692.50631, "device_end": 1585587692.506913}, "cmdq": 3, "read": {"device_start": -1, "device_end": -1}}, "softmax50": {"write": {"device_start": -1, "host_queued_start": 1585587757.948441, "device_queued": -1, "device_end": -1, "host_queued_end": 1585587757.953158}, "device": "gpu", "nd_range": {"device_start": 1585587692.5112784, "device_end": 1585587692.5124419}, "cmdq": 3, "read": {"device_start": -1, "device_end": -1}}, "FFC_sans_bias33": {"write": {"device_start": -1, "host_queued_start": 1585587757.980893, "device_queued": -1, "device_end": -1, "host_queued_end": 1585587757.986341}, "device": "cpu", "nd_range": {"device_start": 2255532.2855907753, "device_end": 2255532.301060006}, "cmdq": 2, "read": {"device_start": -1, "device_end": -1}}, "FFC_sans_bias63": {"write": {"device_start": 1585587692.5084126, "host_queued_start": 1585587757.946241, "device_queued": 1585587692.5069726, "device_end": 1585587692.5084438, "host_queued_end": 1585587757.953158}, "device": "gpu", "nd_range": {"device_start": 1585587692.5084512, "device_end": 1585587692.510758}, "cmdq": 1, "read": {"device_start": -1, "device_end": -1}}, "FFC_sans_bias49": {"write": {"device_start": -1, "host_queued_start": 1585587757.947548, "device_queued": -1, "device_end": -1, "host_queued_end": 1585587757.953158}, "device": "gpu", "nd_range": {"device_start": 1585587692.5106566, "device_end": 1585587692.5112686}, "cmdq": 0, "read": {"device_start": -1, "device_end": -1}}, "FFC_sans_bias64": {"write": {"device_start": 1585587692.5074508, "host_queued_start": 1585587757.944129, "device_queued": 1585587692.5066903, "device_end": 1585587692.5074804, "host_queued_end": 1585587757.953158}, "device": "gpu", "nd_range": {"device_start": 1585587692.5074866, "device_end": 1585587692.509798}, "cmdq": 4, "read": {"device_start": -1, "device_end": -1}}, "FFC_sans_bias65": {"write": {"device_start": 1585587692.508041, "host_queued_start": 1585587757.945191, "device_queued": 1585587692.50691, "device_end": 1585587692.5080662, "host_queued_end": 1585587757.953158}, "device": "gpu", "nd_range": {"device_start": 1585587692.5080805, "device_end": 1585587692.5102854}, "cmdq": 0, "read": {"device_start": -1, "device_end": -1}}, "FFC_sans_bias67": {"write": {"device_start": -1, "host_queued_start": 1585587757.948188, "device_queued": -1, "device_end": -1, "host_queued_end": 1585587757.953158}, "device": "gpu", "nd_range": {"device_start": 1585587692.510681, "device_end": 1585587692.5117235}, "cmdq": 2, "read": {"device_start": -1, "device_end": -1}}, "FFC_sans_bias24": {"write": {"device_start": -1, "host_queued_start": 1585587757.980549, "device_queued": -1, "device_end": -1, "host_queued_end": 1585587757.986341}, "device": "cpu", "nd_range": {"device_start": 2255532.2796206013, "device_end": 2255532.2949419813}, "cmdq": 1, "read": {"device_start": -1, "device_end": -1}}, "FFC_sans_bias25": {"write": {"device_start": -1, "host_queued_start": 1585587757.98432, "device_queued": -1, "device_end": -1, "host_queued_end": 1585587757.986341}, "device": "cpu", "nd_range": {"device_start": 2255532.31304973, "device_end": 2255532.321672703}, "cmdq": 0, "read": {"device_start": -1, "device_end": -1}}, "FFC_sans_bias27": {"write": {"device_start": -1, "host_queued_start": 1585587757.969301, "device_queued": -1, "device_end": -1, "host_queued_end": 1585587757.986341}, "device": "cpu", "nd_range": {"device_start": 2255532.222158005, "device_end": 2255532.2373897913}, "cmdq": 2, "read": {"device_start": -1, "device_end": -1}}, "FFC_sans_bias20": {"write": {"device_start": -1, "host_queued_start": 1585587757.96826, "device_queued": -1, "device_end": -1, "host_queued_end": 1585587757.986341}, "device": "cpu", "nd_range": {"device_start": 2255532.20274025, "device_end": 2255532.221386934}, "cmdq": 1, "read": {"device_start": -1, "device_end": -1}}, "FFC_sans_bias22": {"write": {"device_start": -1, "host_queued_start": 1585587757.97731, "device_queued": -1, "device_end": -1, "host_queued_end": 1585587757.986341}, "device": "cpu", "nd_range": {"device_start": 2255532.258675213, "device_end": 2255532.270385772}, "cmdq": 0, "read": {"device_start": -1, "device_end": -1}}, "softmax68": {"write": {"device_start": -1, "host_queued_start": 1585587757.948935, "device_queued": -1, "device_end": -1, "host_queued_end": 1585587757.953158}, "device": "gpu", "nd_range": {"device_start": 1585587692.5117314, "device_end": 1585587692.5124505}, "cmdq": 0, "read": {"device_start": -1, "device_end": -1}}, "softmax5": {"write": {"device_start": -1, "host_queued_start": 1585587757.978304, "device_queued": -1, "device_end": -1, "host_queued_end": 1585587757.986341}, "device": "cpu", "nd_range": {"device_start": 2255532.270512149, "device_end": 2255532.2707275953}, "cmdq": 0, "read": {"device_start": -1, "device_end": -1}}, "FFC_sans_bias28": {"write": {"device_start": -1, "host_queued_start": 1585587757.970345, "device_queued": -1, "device_end": -1, "host_queued_end": 1585587757.986341}, "device": "cpu", "nd_range": {"device_start": 2255532.221149436, "device_end": 2255532.238183857}, "cmdq": 0, "read": {"device_start": -1, "device_end": -1}}, "FFC_sans_bias29": {"write": {"device_start": -1, "host_queued_start": 1585587757.971398, "device_queued": -1, "device_end": -1, "host_queued_end": 1585587757.986341}, "device": "cpu", "nd_range": {"device_start": 2255532.221631167, "device_end": 2255532.2356995693}, "cmdq": 1, "read": {"device_start": -1, "device_end": -1}}, "empty17": {"write": {"device_start": -1, "host_queued_start": 1585587757.9559, "device_queued": -1, "device_end": -1, "host_queued_end": 1585587757.986341}, "device": "cpu", "nd_range": {"device_start": 2255532.175943082, "device_end": 2255532.175956294}, "cmdq": 1, "read": {"device_start": -1, "device_end": -1}}, "softmax59": {"write": {"device_start": -1, "host_queued_start": 1585587757.948689, "device_queued": -1, "device_end": -1, "host_queued_end": 1585587757.953158}, "device": "gpu", "nd_range": {"device_start": 1585587692.512447, "device_end": 1585587692.512851}, "cmdq": 4, "read": {"device_start": -1, "device_end": -1}}, "empty71": {"write": {"device_start": 1585587692.5061219, "host_queued_start": 1585587757.93654, "device_queued": 1585587692.5059197, "device_end": 1585587692.5061953, "host_queued_end": 1585587757.953158}, "device": "gpu", "nd_range": {"device_start": 1585587692.5063007, "device_end": 1585587692.506312}, "cmdq": 2, "read": {"device_start": -1, "device_end": -1}}, "empty35": {"write": {"device_start": -1, "host_queued_start": 1585587757.95769, "device_queued": -1, "device_end": -1, "host_queued_end": 1585587757.986341}, "device": "cpu", "nd_range": {"device_start": 2255532.175977453, "device_end": 2255532.175978499}, "cmdq": 0, "read": {"device_start": -1, "device_end": -1}}, "empty53": {"write": {"device_start": 1585587692.5059023, "host_queued_start": 1585587757.934642, "device_queued": 1585587692.5057814, "device_end": 1585587692.5059497, "host_queued_end": 1585587757.953158}, "device": "gpu", "nd_range": {"device_start": 1585587692.5059538, "device_end": 1585587692.5059657}, "cmdq": 0, "read": {"device_start": -1, "device_end": -1}}, "FFC_sans_bias46": {"write": {"device_start": 1585587692.5063267, "host_queued_start": 1585587757.938666, "device_queued": 1585587692.506217, "device_end": 1585587692.506352, "host_queued_end": 1585587757.953158}, "device": "gpu", "nd_range": {"device_start": 1585587692.5063555, "device_end": 1585587692.507323}, "cmdq": 4, "read": {"device_start": -1, "device_end": -1}}, "coalesced_transpose66": {"write": {"device_start": -1, "host_queued_start": 1585587757.94722, "device_queued": -1, "device_end": -1, "host_queued_end": 1585587757.953158}, "device": "gpu", "nd_range": {"device_start": 1585587692.5097992, "device_end": 1585587692.5106666}, "cmdq": 4, "read": {"device_start": -1, "device_end": -1}}, "coalesced_transpose48": {"write": {"device_start": -1, "host_queued_start": 1585587757.946599, "device_queued": -1, "device_end": -1, "host_queued_end": 1585587757.953158}, "device": "gpu", "nd_range": {"device_start": 1585587692.508856, "device_end": 1585587692.5106382}, "cmdq": 2, "read": {"device_start": -1, "device_end": -1}}}