{"FFC_sans_bias60": {"write": {"device_start": -1, "host_queued_start": 1585587526.954031, "device_queued": -1, "device_end": -1, "host_queued_end": 1585587526.959612}, "device": "gpu", "nd_range": {"device_start": 1585587461.5299685, "device_end": 1585587461.5313647}, "cmdq": 2, "read": {"device_start": -1, "device_end": -1}}, "FFC_sans_bias4": {"write": {"device_start": -1, "host_queued_start": 1585587526.975006, "device_queued": -1, "device_end": -1, "host_queued_end": 1585587526.980754}, "device": "cpu", "nd_range": {"device_start": 2255301.210917618, "device_end": 2255301.2228047783}, "cmdq": 3, "read": {"device_start": -1, "device_end": -1}}, "FFC_sans_bias7": {"write": {"device_start": -1, "host_queued_start": 1585587526.97871, "device_queued": -1, "device_end": -1, "host_queued_end": 1585587526.980754}, "device": "cpu", "nd_range": {"device_start": 2255301.243805206, "device_end": 2255301.251435595}, "cmdq": 0, "read": {"device_start": -1, "device_end": -1}}, "FFC_sans_bias6": {"write": {"device_start": -1, "host_queued_start": 1585587526.976947, "device_queued": -1, "device_end": -1, "host_queued_end": 1585587526.980754}, "device": "cpu", "nd_range": {"device_start": 2255301.233724169, "device_end": 2255301.243737225}, "cmdq": 1, "read": {"device_start": -1, "device_end": -1}}, "FFC_sans_bias1": {"write": {"device_start": -1, "host_queued_start": 1585587526.965698, "device_queued": -1, "device_end": -1, "host_queued_end": 1585587526.980754}, "device": "cpu", "nd_range": {"device_start": 2255301.1703887503, "device_end": 2255301.187817249}, "cmdq": 0, "read": {"device_start": -1, "device_end": -1}}, "FFC_sans_bias0": {"write": {"device_start": -1, "host_queued_start": 1585587526.964425, "device_queued": -1, "device_end": -1, "host_queued_end": 1585587526.980754}, "device": "cpu", "nd_range": {"device_start": 2255301.170385252, "device_end": 2255301.185639928}, "cmdq": 3, "read": {"device_start": -1, "device_end": -1}}, "FFC_sans_bias2": {"write": {"device_start": -1, "host_queued_start": 1585587526.966872, "device_queued": -1, "device_end": -1, "host_queued_end": 1585587526.980754}, "device": "cpu", "nd_range": {"device_start": 2255301.170504584, "device_end": 2255301.1856898973}, "cmdq": 1, "read": {"device_start": -1, "device_end": -1}}, "FFC_sans_bias61": {"write": {"device_start": 1585587461.5332, "host_queued_start": 1585587526.958472, "device_queued": 1585587461.5220983, "device_end": 1585587461.5332317, "host_queued_end": 1585587526.959612}, "device": "gpu", "nd_range": {"device_start": 1585587461.5332415, "device_end": 1585587461.534282}, "cmdq": 1, "read": {"device_start": 1585587461.534288, "device_end": 1585587461.5343106}}, "FFC_sans_bias52": {"write": {"device_start": 1585587461.5324557, "host_queued_start": 1585587526.957442, "device_queued": 1585587461.5218494, "device_end": 1585587461.5324888, "host_queued_end": 1585587526.959612}, "device": "gpu", "nd_range": {"device_start": 1585587461.532504, "device_end": 1585587461.533341}, "cmdq": 0, "read": {"device_start": 1585587461.533345, "device_end": 1585587461.5333745}}, "FFC_sans_bias9": {"write": {"device_start": -1, "host_queued_start": 1585587526.967986, "device_queued": -1, "device_end": -1, "host_queued_end": 1585587526.980754}, "device": "cpu", "nd_range": {"device_start": 2255301.1703777923, "device_end": 2255301.1856776443}, "cmdq": 2, "read": {"device_start": -1, "device_end": -1}}, "coalesced_transpose39": {"write": {"device_start": -1, "host_queued_start": 1585587526.949069, "device_queued": -1, "device_end": -1, "host_queued_end": 1585587526.959612}, "device": "gpu", "nd_range": {"device_start": 1585587461.5260549, "device_end": 1585587461.5264235}, "cmdq": 0, "read": {"device_start": -1, "device_end": -1}}, "FFC_sans_bias55": {"write": {"device_start": 1585587461.523754, "host_queued_start": 1585587526.945318, "device_queued": 1585587461.5201237, "device_end": 1585587461.5237854, "host_queued_end": 1585587526.959612}, "device": "gpu", "nd_range": {"device_start": 1585587461.5237913, "device_end": 1585587461.5251074}, "cmdq": 1, "read": {"device_start": -1, "device_end": -1}}, "FFC_sans_bias54": {"write": {"device_start": 1585587461.5232925, "host_queued_start": 1585587526.944287, "device_queued": 1585587461.5200827, "device_end": 1585587461.5233235, "host_queued_end": 1585587526.959612}, "device": "gpu", "nd_range": {"device_start": 1585587461.5233278, "device_end": 1585587461.5246253}, "cmdq": 0, "read": {"device_start": -1, "device_end": -1}}, "FFC_sans_bias56": {"write": {"device_start": 1585587461.5227854, "host_queued_start": 1585587526.943255, "device_queued": 1585587461.5198839, "device_end": 1585587461.5228179, "host_queued_end": 1585587526.959612}, "device": "gpu", "nd_range": {"device_start": 1585587461.522824, "device_end": 1585587461.524172}, "cmdq": 2, "read": {"device_start": -1, "device_end": -1}}, "FFC_sans_bias51": {"write": {"device_start": -1, "host_queued_start": 1585587526.95372, "device_queued": -1, "device_end": -1, "host_queued_end": 1585587526.959612}, "device": "gpu", "nd_range": {"device_start": 1585587461.5295691, "device_end": 1585587461.5303695}, "cmdq": 1, "read": {"device_start": -1, "device_end": -1}}, "softmax23": {"write": {"device_start": -1, "host_queued_start": 1585587526.976611, "device_queued": -1, "device_end": -1, "host_queued_end": 1585587526.980754}, "device": "cpu", "nd_range": {"device_start": 2255301.23673699, "device_end": 2255301.2370512662}, "cmdq": 0, "read": {"device_start": -1, "device_end": -1}}, "FFC_sans_bias37": {"write": {"device_start": 1585587461.520333, "host_queued_start": 1585587526.93803, "device_queued": 1585587461.5194213, "device_end": 1585587461.5203657, "host_queued_end": 1585587526.959612}, "device": "gpu", "nd_range": {"device_start": 1585587461.5203693, "device_end": 1585587461.521741}, "cmdq": 0, "read": {"device_start": -1, "device_end": -1}}, "empty62": {"write": {"device_start": 1585587461.5188622, "host_queued_start": 1585587526.931911, "device_queued": 1585587461.5187287, "device_end": 1585587461.5188882, "host_queued_end": 1585587526.959612}, "device": "gpu", "nd_range": {"device_start": 1585587461.5188916, "device_end": 1585587461.5188951}, "cmdq": 0, "read": {"device_start": -1, "device_end": -1}}, "FFC_sans_bias70": {"write": {"device_start": 1585587461.5330684, "host_queued_start": 1585587526.959512, "device_queued": 1585587461.5220604, "device_end": 1585587461.533099, "host_queued_end": 1585587526.959612}, "device": "gpu", "nd_range": {"device_start": 1585587461.5331063, "device_end": 1585587461.533785}, "cmdq": 2, "read": {"device_start": 1585587461.5337906, "device_end": 1585587461.5338156}}, "FFC_sans_bias58": {"write": {"device_start": -1, "host_queued_start": 1585587526.951219, "device_queued": -1, "device_end": -1, "host_queued_end": 1585587526.959612}, "device": "gpu", "nd_range": {"device_start": 1585587461.5275896, "device_end": 1585587461.5290446}, "cmdq": 1, "read": {"device_start": -1, "device_end": -1}}, "softmax41": {"write": {"device_start": -1, "host_queued_start": 1585587526.952014, "device_queued": -1, "device_end": -1, "host_queued_end": 1585587526.959612}, "device": "gpu", "nd_range": {"device_start": 1585587461.5290523, "device_end": 1585587461.529255}, "cmdq": 1, "read": {"device_start": -1, "device_end": -1}}, "FFC_sans_bias11": {"write": {"device_start": -1, "host_queued_start": 1585587526.970078, "device_queued": -1, "device_end": -1, "host_queued_end": 1585587526.980754}, "device": "cpu", "nd_range": {"device_start": 2255301.187939073, "device_end": 2255301.203093925}, "cmdq": 0, "read": {"device_start": -1, "device_end": -1}}, "FFC_sans_bias10": {"write": {"device_start": -1, "host_queued_start": 1585587526.969032, "device_queued": -1, "device_end": -1, "host_queued_end": 1585587526.980754}, "device": "cpu", "nd_range": {"device_start": 2255301.185660034, "device_end": 2255301.201803775}, "cmdq": 3, "read": {"device_start": -1, "device_end": -1}}, "coalesced_transpose3": {"write": {"device_start": -1, "host_queued_start": 1585587526.9738, "device_queued": -1, "device_end": -1, "host_queued_end": 1585587526.980754}, "device": "cpu", "nd_range": {"device_start": 2255301.203225195, "device_end": 2255301.2035081494}, "cmdq": 0, "read": {"device_start": -1, "device_end": -1}}, "FFC_sans_bias34": {"write": {"device_start": 1585587461.530487, "host_queued_start": 1585587526.955363, "device_queued": 1585587461.5217745, "device_end": 1585587461.5305135, "host_queued_end": 1585587526.959612}, "device": "gpu", "nd_range": {"device_start": 1585587461.5305274, "device_end": 1585587461.5318935}, "cmdq": 1, "read": {"device_start": 1585587461.5318956, "device_end": 1585587461.531921}}, "FFC_sans_bias15": {"write": {"device_start": -1, "host_queued_start": 1585587526.977291, "device_queued": -1, "device_end": -1, "host_queued_end": 1585587526.980754}, "device": "cpu", "nd_range": {"device_start": 2255301.225431627, "device_end": 2255301.236897414}, "cmdq": 2, "read": {"device_start": -1, "device_end": -1}}, "FFC_sans_bias31": {"write": {"device_start": -1, "host_queued_start": 1585587526.950271, "device_queued": -1, "device_end": -1, "host_queued_end": 1585587526.959612}, "device": "gpu", "nd_range": {"device_start": 1585587461.5265837, "device_end": 1585587461.5275815}, "cmdq": 1, "read": {"device_start": -1, "device_end": -1}}, "FFC_sans_bias16": {"write": {"device_start": -1, "host_queued_start": 1585587526.979721, "device_queued": -1, "device_end": -1, "host_queued_end": 1585587526.980754}, "device": "cpu", "nd_range": {"device_start": 2255301.243749944, "device_end": 2255301.255380916}, "cmdq": 1, "read": {"device_start": -1, "device_end": -1}}, "FFC_sans_bias19": {"write": {"device_start": -1, "host_queued_start": 1585587526.972211, "device_queued": -1, "device_end": -1, "host_queued_end": 1585587526.980754}, "device": "cpu", "nd_range": {"device_start": 2255301.18907473, "device_end": 2255301.224771315}, "cmdq": 2, "read": {"device_start": -1, "device_end": -1}}, "FFC_sans_bias18": {"write": {"device_start": -1, "host_queued_start": 1585587526.971142, "device_queued": -1, "device_end": -1, "host_queued_end": 1585587526.980754}, "device": "cpu", "nd_range": {"device_start": 2255301.185856019, "device_end": 2255301.201291209}, "cmdq": 1, "read": {"device_start": -1, "device_end": -1}}, "coalesced_transpose30": {"write": {"device_start": -1, "host_queued_start": 1585587526.948772, "device_queued": -1, "device_end": -1, "host_queued_end": 1585587526.959612}, "device": "gpu", "nd_range": {"device_start": 1585587461.5256088, "device_end": 1585587461.5264125}, "cmdq": 2, "read": {"device_start": -1, "device_end": -1}}, "FFC_sans_bias69": {"write": {"device_start": -1, "host_queued_start": 1585587526.954345, "device_queued": -1, "device_end": -1, "host_queued_end": 1585587526.959612}, "device": "gpu", "nd_range": {"device_start": 1585587461.530937, "device_end": 1585587461.5323474}, "cmdq": 0, "read": {"device_start": -1, "device_end": -1}}, "FFC_sans_bias38": {"write": {"device_start": 1585587461.520908, "host_queued_start": 1585587526.939095, "device_queued": 1585587461.5194619, "device_end": 1585587461.5209389, "host_queued_end": 1585587526.959612}, "device": "gpu", "nd_range": {"device_start": 1585587461.520943, "device_end": 1585587461.5222068}, "cmdq": 1, "read": {"device_start": -1, "device_end": -1}}, "coalesced_transpose57": {"write": {"device_start": -1, "host_queued_start": 1585587526.949667, "device_queued": -1, "device_end": -1, "host_queued_end": 1585587526.959612}, "device": "gpu", "nd_range": {"device_start": 1585587461.5264206, "device_end": 1585587461.5264375}, "cmdq": 2, "read": {"device_start": -1, "device_end": -1}}, "empty26": {"write": {"device_start": -1, "host_queued_start": 1585587526.963245, "device_queued": -1, "device_end": -1, "host_queued_end": 1585587526.980754}, "device": "cpu", "nd_range": {"device_start": 2255301.1703475593, "device_end": 2255301.170358872}, "cmdq": 2, "read": {"device_start": -1, "device_end": -1}}, "coalesced_transpose12": {"write": {"device_start": -1, "host_queued_start": 1585587526.974144, "device_queued": -1, "device_end": -1, "host_queued_end": 1585587526.980754}, "device": "cpu", "nd_range": {"device_start": 2255301.202535774, "device_end": 2255301.202806612}, "cmdq": 1, "read": {"device_start": -1, "device_end": -1}}, "empty44": {"write": {"device_start": 1585587461.51867, "host_queued_start": 1585587526.930184, "device_queued": 1585587461.51856, "device_end": 1585587461.518742, "host_queued_end": 1585587526.959612}, "device": "gpu", "nd_range": {"device_start": 1585587461.5187485, "device_end": 1585587461.5187535}, "cmdq": 1, "read": {"device_start": -1, "device_end": -1}}, "coalesced_transpose21": {"write": {"device_start": -1, "host_queued_start": 1585587526.974495, "device_queued": -1, "device_end": -1, "host_queued_end": 1585587526.980754}, "device": "cpu", "nd_range": {"device_start": 2255301.2247944693, "device_end": 2255301.2250606404}, "cmdq": 2, "read": {"device_start": -1, "device_end": -1}}, "FFC_sans_bias36": {"write": {"device_start": 1585587461.519918, "host_queued_start": 1585587526.936862, "device_queued": 1585587461.5192595, "device_end": 1585587461.519943, "host_queued_end": 1585587526.959612}, "device": "gpu", "nd_range": {"device_start": 1585587461.519946, "device_end": 1585587461.5212197}, "cmdq": 2, "read": {"device_start": -1, "device_end": -1}}, "softmax14": {"write": {"device_start": -1, "host_queued_start": 1585587526.976339, "device_queued": -1, "device_end": -1, "host_queued_end": 1585587526.980754}, "device": "cpu", "nd_range": {"device_start": 2255301.222989752, "device_end": 2255301.2230897173}, "cmdq": 3, "read": {"device_start": -1, "device_end": -1}}, "FFC_sans_bias13": {"write": {"device_start": -1, "host_queued_start": 1585587526.975385, "device_queued": -1, "device_end": -1, "host_queued_end": 1585587526.980754}, "device": "cpu", "nd_range": {"device_start": 2255301.2036353983, "device_end": 2255301.218692386}, "cmdq": 0, "read": {"device_start": -1, "device_end": -1}}, "empty8": {"write": {"device_start": -1, "host_queued_start": 1585587526.961159, "device_queued": -1, "device_end": -1, "host_queued_end": 1585587526.980754}, "device": "cpu", "nd_range": {"device_start": 2255301.17037679, "device_end": 2255301.170377788}, "cmdq": 0, "read": {"device_start": -1, "device_end": -1}}, "FFC_sans_bias42": {"write": {"device_start": -1, "host_queued_start": 1585587526.953401, "device_queued": -1, "device_end": -1, "host_queued_end": 1585587526.959612}, "device": "gpu", "nd_range": {"device_start": 1585587461.5297306, "device_end": 1585587461.53093}, "cmdq": 0, "read": {"device_start": -1, "device_end": -1}}, "FFC_sans_bias43": {"write": {"device_start": 1585587461.5314794, "host_queued_start": 1585587526.956404, "device_queued": 1585587461.52162, "device_end": 1585587461.53151, "host_queued_end": 1585587526.959612}, "device": "gpu", "nd_range": {"device_start": 1585587461.5315213, "device_end": 1585587461.532829}, "cmdq": 2, "read": {"device_start": 1585587461.5328329, "device_end": 1585587461.5328739}}, "FFC_sans_bias40": {"write": {"device_start": -1, "host_queued_start": 1585587526.950594, "device_queued": -1, "device_end": -1, "host_queued_end": 1585587526.959612}, "device": "gpu", "nd_range": {"device_start": 1585587461.52657, "device_end": 1585587461.5271769}, "cmdq": 2, "read": {"device_start": -1, "device_end": -1}}, "softmax32": {"write": {"device_start": -1, "host_queued_start": 1585587526.951767, "device_queued": -1, "device_end": -1, "host_queued_end": 1585587526.959612}, "device": "gpu", "nd_range": {"device_start": 1585587461.528173, "device_end": 1585587461.5293405}, "cmdq": 0, "read": {"device_start": -1, "device_end": -1}}, "FFC_sans_bias47": {"write": {"device_start": 1585587461.5223138, "host_queued_start": 1585587526.942194, "device_queued": 1585587461.5198603, "device_end": 1585587461.5223525, "host_queued_end": 1585587526.959612}, "device": "gpu", "nd_range": {"device_start": 1585587461.5223584, "device_end": 1585587461.523654}, "cmdq": 1, "read": {"device_start": -1, "device_end": -1}}, "FFC_sans_bias45": {"write": {"device_start": 1585587461.521324, "host_queued_start": 1585587526.940127, "device_queued": 1585587461.5196075, "device_end": 1585587461.5213559, "host_queued_end": 1585587526.959612}, "device": "gpu", "nd_range": {"device_start": 1585587461.5213602, "device_end": 1585587461.5226855}, "cmdq": 2, "read": {"device_start": -1, "device_end": -1}}, "softmax50": {"write": {"device_start": -1, "host_queued_start": 1585587526.952272, "device_queued": -1, "device_end": -1, "host_queued_end": 1585587526.959612}, "device": "gpu", "nd_range": {"device_start": 1585587461.5285795, "device_end": 1585587461.529352}, "cmdq": 2, "read": {"device_start": -1, "device_end": -1}}, "FFC_sans_bias33": {"write": {"device_start": -1, "host_queued_start": 1585587526.953089, "device_queued": -1, "device_end": -1, "host_queued_end": 1585587526.959612}, "device": "gpu", "nd_range": {"device_start": 1585587461.529359, "device_end": 1585587461.5299613}, "cmdq": 2, "read": {"device_start": -1, "device_end": -1}}, "FFC_sans_bias63": {"write": {"device_start": 1585587461.5252085, "host_queued_start": 1585587526.94844, "device_queued": 1585587461.5205352, "device_end": 1585587461.5252404, "host_queued_end": 1585587526.959612}, "device": "gpu", "nd_range": {"device_start": 1585587461.5252454, "device_end": 1585587461.5265534}, "cmdq": 1, "read": {"device_start": -1, "device_end": -1}}, "FFC_sans_bias49": {"write": {"device_start": -1, "host_queued_start": 1585587526.95091, "device_queued": -1, "device_end": -1, "host_queued_end": 1585587526.959612}, "device": "gpu", "nd_range": {"device_start": 1585587461.5265973, "device_end": 1585587461.528165}, "cmdq": 0, "read": {"device_start": -1, "device_end": -1}}, "FFC_sans_bias64": {"write": {"device_start": 1585587461.5242727, "host_queued_start": 1585587526.946351, "device_queued": 1585587461.5202892, "device_end": 1585587461.5243056, "host_queued_end": 1585587526.959612}, "device": "gpu", "nd_range": {"device_start": 1585587461.5243127, "device_end": 1585587461.5256076}, "cmdq": 2, "read": {"device_start": -1, "device_end": -1}}, "FFC_sans_bias65": {"write": {"device_start": 1585587461.5247247, "host_queued_start": 1585587526.947418, "device_queued": 1585587461.5203967, "device_end": 1585587461.5247574, "host_queued_end": 1585587526.959612}, "device": "gpu", "nd_range": {"device_start": 1585587461.524764, "device_end": 1585587461.5260534}, "cmdq": 0, "read": {"device_start": -1, "device_end": -1}}, "FFC_sans_bias67": {"write": {"device_start": -1, "host_queued_start": 1585587526.951526, "device_queued": -1, "device_end": -1, "host_queued_end": 1585587526.959612}, "device": "gpu", "nd_range": {"device_start": 1585587461.5271852, "device_end": 1585587461.5285716}, "cmdq": 2, "read": {"device_start": -1, "device_end": -1}}, "FFC_sans_bias24": {"write": {"device_start": -1, "host_queued_start": 1585587526.977631, "device_queued": -1, "device_end": -1, "host_queued_end": 1585587526.980754}, "device": "cpu", "nd_range": {"device_start": 2255301.2371681463, "device_end": 2255301.2522893543}, "cmdq": 3, "read": {"device_start": -1, "device_end": -1}}, "FFC_sans_bias25": {"write": {"device_start": -1, "host_queued_start": 1585587526.98071, "device_queued": -1, "device_end": -1, "host_queued_end": 1585587526.980754}, "device": "cpu", "nd_range": {"device_start": 2255301.252456439, "device_end": 2255301.257464081}, "cmdq": 2, "read": {"device_start": -1, "device_end": -1}}, "FFC_sans_bias27": {"write": {"device_start": 1585587461.5191324, "host_queued_start": 1585587526.93371, "device_queued": 1585587461.518961, "device_end": 1585587461.519202, "host_queued_end": 1585587526.959612}, "device": "gpu", "nd_range": {"device_start": 1585587461.5192127, "device_end": 1585587461.519814}, "cmdq": 2, "read": {"device_start": -1, "device_end": -1}}, "FFC_sans_bias20": {"write": {"device_start": -1, "host_queued_start": 1585587526.973363, "device_queued": -1, "device_end": -1, "host_queued_end": 1585587526.980754}, "device": "cpu", "nd_range": {"device_start": 2255301.201825742, "device_end": 2255301.2109067123}, "cmdq": 3, "read": {"device_start": -1, "device_end": -1}}, "FFC_sans_bias22": {"write": {"device_start": -1, "host_queued_start": 1585587526.97576, "device_queued": -1, "device_end": -1, "host_queued_end": 1585587526.980754}, "device": "cpu", "nd_range": {"device_start": 2255301.225084164, "device_end": 2255301.2337112403}, "cmdq": 1, "read": {"device_start": -1, "device_end": -1}}, "softmax68": {"write": {"device_start": -1, "host_queued_start": 1585587526.952773, "device_queued": -1, "device_end": -1, "host_queued_end": 1585587526.959612}, "device": "gpu", "nd_range": {"device_start": 1585587461.5292616, "device_end": 1585587461.5295627}, "cmdq": 1, "read": {"device_start": -1, "device_end": -1}}, "softmax5": {"write": {"device_start": -1, "host_queued_start": 1585587526.976035, "device_queued": -1, "device_end": -1, "host_queued_end": 1585587526.980754}, "device": "cpu", "nd_range": {"device_start": 2255301.225084568, "device_end": 2255301.2254139963}, "cmdq": 2, "read": {"device_start": -1, "device_end": -1}}, "FFC_sans_bias28": {"write": {"device_start": 1585587461.5192292, "host_queued_start": 1585587526.934796, "device_queued": 1585587461.5190196, "device_end": 1585587461.519257, "host_queued_end": 1585587526.959612}, "device": "gpu", "nd_range": {"device_start": 1585587461.5192611, "device_end": 1585587461.520215}, "cmdq": 0, "read": {"device_start": -1, "device_end": -1}}, "FFC_sans_bias29": {"write": {"device_start": 1585587461.519329, "host_queued_start": 1585587526.935828, "device_queued": 1585587461.5192401, "device_end": 1585587461.5193596, "host_queued_end": 1585587526.959612}, "device": "gpu", "nd_range": {"device_start": 1585587461.5193639, "device_end": 1585587461.5207806}, "cmdq": 1, "read": {"device_start": -1, "device_end": -1}}, "empty17": {"write": {"device_start": -1, "host_queued_start": 1585587526.96227, "device_queued": -1, "device_end": -1, "host_queued_end": 1585587526.980754}, "device": "cpu", "nd_range": {"device_start": 2255301.170347632, "device_end": 2255301.170358826}, "cmdq": 1, "read": {"device_start": -1, "device_end": -1}}, "softmax59": {"write": {"device_start": -1, "host_queued_start": 1585587526.952523, "device_queued": -1, "device_end": -1, "host_queued_end": 1585587526.959612}, "device": "gpu", "nd_range": {"device_start": 1585587461.5293477, "device_end": 1585587461.5297236}, "cmdq": 0, "read": {"device_start": -1, "device_end": -1}}, "empty71": {"write": {"device_start": 1585587461.519038, "host_queued_start": 1585587526.932728, "device_queued": 1585587461.5189354, "device_end": 1585587461.5191178, "host_queued_end": 1585587526.959612}, "device": "gpu", "nd_range": {"device_start": 1585587461.5191298, "device_end": 1585587461.5191338}, "cmdq": 1, "read": {"device_start": -1, "device_end": -1}}, "empty35": {"write": {"device_start": 1585587461.5185642, "host_queued_start": 1585587526.929131, "device_queued": 1585587461.5184164, "device_end": 1585587461.5186136, "host_queued_end": 1585587526.959612}, "device": "gpu", "nd_range": {"device_start": 1585587461.5186176, "device_end": 1585587461.518623}, "cmdq": 0, "read": {"device_start": -1, "device_end": -1}}, "empty53": {"write": {"device_start": 1585587461.518772, "host_queued_start": 1585587526.931073, "device_queued": 1585587461.5185964, "device_end": 1585587461.5188458, "host_queued_end": 1585587526.959612}, "device": "gpu", "nd_range": {"device_start": 1585587461.518852, "device_end": 1585587461.5188563}, "cmdq": 2, "read": {"device_start": -1, "device_end": -1}}, "FFC_sans_bias46": {"write": {"device_start": 1585587461.5218456, "host_queued_start": 1585587526.941163, "device_queued": 1585587461.5196855, "device_end": 1585587461.521872, "host_queued_end": 1585587526.959612}, "device": "gpu", "nd_range": {"device_start": 1585587461.5218813, "device_end": 1585587461.5231907}, "cmdq": 0, "read": {"device_start": -1, "device_end": -1}}, "coalesced_transpose66": {"write": {"device_start": -1, "host_queued_start": 1585587526.949962, "device_queued": -1, "device_end": -1, "host_queued_end": 1585587526.959612}, "device": "gpu", "nd_range": {"device_start": 1585587461.5264318, "device_end": 1585587461.5264525}, "cmdq": 0, "read": {"device_start": -1, "device_end": -1}}, "coalesced_transpose48": {"write": {"device_start": -1, "host_queued_start": 1585587526.94937, "device_queued": -1, "device_end": -1, "host_queued_end": 1585587526.959612}, "device": "gpu", "nd_range": {"device_start": 1585587461.526559, "device_end": 1585587461.5265746}, "cmdq": 1, "read": {"device_start": -1, "device_end": -1}}}