{"FFC_sans_bias60": {"write": {"device_start": -1, "host_queued_start": 1585587384.87469, "device_queued": -1, "device_end": -1, "host_queued_end": 1585587384.877171}, "device": "gpu", "nd_range": {"device_start": 1585587319.4440982, "device_end": 1585587319.4446979}, "cmdq": 0, "read": {"device_start": -1, "device_end": -1}}, "FFC_sans_bias4": {"write": {"device_start": -1, "host_queued_start": 1585587384.904451, "device_queued": -1, "device_end": -1, "host_queued_end": 1585587384.916185}, "device": "cpu", "nd_range": {"device_start": 2255159.209360309, "device_end": 2255159.229298667}, "cmdq": 0, "read": {"device_start": -1, "device_end": -1}}, "FFC_sans_bias7": {"write": {"device_start": -1, "host_queued_start": 1585587384.911165, "device_queued": -1, "device_end": -1, "host_queued_end": 1585587384.916185}, "device": "cpu", "nd_range": {"device_start": 2255159.2676456952, "device_end": 2255159.271687496}, "cmdq": 0, "read": {"device_start": -1, "device_end": -1}}, "FFC_sans_bias6": {"write": {"device_start": -1, "host_queued_start": 1585587384.908273, "device_queued": -1, "device_end": -1, "host_queued_end": 1585587384.916185}, "device": "cpu", "nd_range": {"device_start": 2255159.250520598, "device_end": 2255159.263656989}, "cmdq": 0, "read": {"device_start": -1, "device_end": -1}}, "FFC_sans_bias1": {"write": {"device_start": -1, "host_queued_start": 1585587384.885086, "device_queued": -1, "device_end": -1, "host_queued_end": 1585587384.916185}, "device": "cpu", "nd_range": {"device_start": 2255159.105866589, "device_end": 2255159.1228361093}, "cmdq": 1, "read": {"device_start": -1, "device_end": -1}}, "FFC_sans_bias0": {"write": {"device_start": -1, "host_queued_start": 1585587384.883985, "device_queued": -1, "device_end": -1, "host_queued_end": 1585587384.916185}, "device": "cpu", "nd_range": {"device_start": 2255159.105830849, "device_end": 2255159.1176163573}, "cmdq": 0, "read": {"device_start": -1, "device_end": -1}}, "FFC_sans_bias2": {"write": {"device_start": -1, "host_queued_start": 1585587384.88616, "device_queued": -1, "device_end": -1, "host_queued_end": 1585587384.916185}, "device": "cpu", "nd_range": {"device_start": 2255159.1058759172, "device_end": 2255159.114070564}, "cmdq": 2, "read": {"device_start": -1, "device_end": -1}}, "FFC_sans_bias61": {"write": {"device_start": 1585587319.4447925, "host_queued_start": 1585587384.876009, "device_queued": 1585587319.4409933, "device_end": 1585587319.4448216, "host_queued_end": 1585587384.877171}, "device": "gpu", "nd_range": {"device_start": 1585587319.4448261, "device_end": 1585587319.4456708}, "cmdq": 0, "read": {"device_start": 1585587319.4456775, "device_end": 1585587319.4457028}}, "FFC_sans_bias52": {"write": {"device_start": -1, "host_queued_start": 1585587384.916139, "device_queued": -1, "device_end": -1, "host_queued_end": 1585587384.916185}, "device": "cpu", "nd_range": {"device_start": 2255159.2540898463, "device_end": 2255159.2623805474}, "cmdq": 2, "read": {"device_start": -1, "device_end": -1}}, "FFC_sans_bias9": {"write": {"device_start": -1, "host_queued_start": 1585587384.88724, "device_queued": -1, "device_end": -1, "host_queued_end": 1585587384.916185}, "device": "cpu", "nd_range": {"device_start": 2255159.1177456793, "device_end": 2255159.136591605}, "cmdq": 0, "read": {"device_start": -1, "device_end": -1}}, "coalesced_transpose39": {"write": {"device_start": -1, "host_queued_start": 1585587384.903681, "device_queued": -1, "device_end": -1, "host_queued_end": 1585587384.916185}, "device": "cpu", "nd_range": {"device_start": 2255159.177292936, "device_end": 2255159.177534468}, "cmdq": 1, "read": {"device_start": -1, "device_end": -1}}, "FFC_sans_bias55": {"write": {"device_start": 1585587319.4408147, "host_queued_start": 1585587384.869255, "device_queued": 1585587319.4401672, "device_end": 1585587319.4408457, "host_queued_end": 1585587384.877171}, "device": "gpu", "nd_range": {"device_start": 1585587319.4408498, "device_end": 1585587319.4416738}, "cmdq": 0, "read": {"device_start": -1, "device_end": -1}}, "FFC_sans_bias54": {"write": {"device_start": 1585587319.440212, "host_queued_start": 1585587384.868189, "device_queued": 1585587319.4401162, "device_end": 1585587319.4402432, "host_queued_end": 1585587384.877171}, "device": "gpu", "nd_range": {"device_start": 1585587319.4402459, "device_end": 1585587319.44109}, "cmdq": 1, "read": {"device_start": -1, "device_end": -1}}, "FFC_sans_bias56": {"write": {"device_start": 1585587319.440052, "host_queued_start": 1585587384.867141, "device_queued": 1585587319.4398634, "device_end": 1585587319.440077, "host_queued_end": 1585587384.877171}, "device": "gpu", "nd_range": {"device_start": 1585587319.4400861, "device_end": 1585587319.4406905}, "cmdq": 0, "read": {"device_start": -1, "device_end": -1}}, "FFC_sans_bias51": {"write": {"device_start": -1, "host_queued_start": 1585587384.910107, "device_queued": -1, "device_end": -1, "host_queued_end": 1585587384.916185}, "device": "cpu", "nd_range": {"device_start": 2255159.216985835, "device_end": 2255159.2361750593}, "cmdq": 2, "read": {"device_start": -1, "device_end": -1}}, "softmax23": {"write": {"device_start": -1, "host_queued_start": 1585587384.907075, "device_queued": -1, "device_end": -1, "host_queued_end": 1585587384.916185}, "device": "cpu", "nd_range": {"device_start": 2255159.2075041463, "device_end": 2255159.2076334693}, "cmdq": 2, "read": {"device_start": -1, "device_end": -1}}, "FFC_sans_bias37": {"write": {"device_start": -1, "host_queued_start": 1585587384.89778, "device_queued": -1, "device_end": -1, "host_queued_end": 1585587384.916185}, "device": "cpu", "nd_range": {"device_start": 2255159.157498686, "device_end": 2255159.165124821}, "cmdq": 1, "read": {"device_start": -1, "device_end": -1}}, "empty62": {"write": {"device_start": 1585587319.4398496, "host_queued_start": 1585587384.865042, "device_queued": 1585587319.43971, "device_end": 1585587319.4398923, "host_queued_end": 1585587384.877171}, "device": "gpu", "nd_range": {"device_start": 1585587319.4399035, "device_end": 1585587319.4399114}, "cmdq": 0, "read": {"device_start": -1, "device_end": -1}}, "FFC_sans_bias70": {"write": {"device_start": 1585587319.4451957, "host_queued_start": 1585587384.877063, "device_queued": 1585587319.4411638, "device_end": 1585587319.4452248, "host_queued_end": 1585587384.877171}, "device": "gpu", "nd_range": {"device_start": 1585587319.4452274, "device_end": 1585587319.446094}, "cmdq": 1, "read": {"device_start": 1585587319.4460967, "device_end": 1585587319.4461262}}, "FFC_sans_bias58": {"write": {"device_start": -1, "host_queued_start": 1585587384.873525, "device_queued": -1, "device_end": -1, "host_queued_end": 1585587384.877171}, "device": "gpu", "nd_range": {"device_start": 1585587319.4429443, "device_end": 1585587319.4435954}, "cmdq": 0, "read": {"device_start": -1, "device_end": -1}}, "softmax41": {"write": {"device_start": -1, "host_queued_start": 1585587384.907618, "device_queued": -1, "device_end": -1, "host_queued_end": 1585587384.916185}, "device": "cpu", "nd_range": {"device_start": 2255159.211507408, "device_end": 2255159.2117200983}, "cmdq": 1, "read": {"device_start": -1, "device_end": -1}}, "FFC_sans_bias11": {"write": {"device_start": -1, "host_queued_start": 1585587384.889339, "device_queued": -1, "device_end": -1, "host_queued_end": 1585587384.916185}, "device": "cpu", "nd_range": {"device_start": 2255159.1142012184, "device_end": 2255159.1237476463}, "cmdq": 2, "read": {"device_start": -1, "device_end": -1}}, "FFC_sans_bias10": {"write": {"device_start": -1, "host_queued_start": 1585587384.888283, "device_queued": -1, "device_end": -1, "host_queued_end": 1585587384.916185}, "device": "cpu", "nd_range": {"device_start": 2255159.122959367, "device_end": 2255159.131536075}, "cmdq": 1, "read": {"device_start": -1, "device_end": -1}}, "coalesced_transpose3": {"write": {"device_start": -1, "host_queued_start": 1585587384.902351, "device_queued": -1, "device_end": -1, "host_queued_end": 1585587384.916185}, "device": "cpu", "nd_range": {"device_start": 2255159.2088078842, "device_end": 2255159.209073179}, "cmdq": 0, "read": {"device_start": -1, "device_end": -1}}, "FFC_sans_bias34": {"write": {"device_start": -1, "host_queued_start": 1585587384.914143, "device_queued": -1, "device_end": -1, "host_queued_end": 1585587384.916185}, "device": "cpu", "nd_range": {"device_start": 2255159.2716913843, "device_end": 2255159.276729159}, "cmdq": 0, "read": {"device_start": -1, "device_end": -1}}, "FFC_sans_bias15": {"write": {"device_start": -1, "host_queued_start": 1585587384.908638, "device_queued": -1, "device_end": -1, "host_queued_end": 1585587384.916185}, "device": "cpu", "nd_range": {"device_start": 2255159.211726452, "device_end": 2255159.228686}, "cmdq": 1, "read": {"device_start": -1, "device_end": -1}}, "FFC_sans_bias31": {"write": {"device_start": -1, "host_queued_start": 1585587384.905513, "device_queued": -1, "device_end": -1, "host_queued_end": 1585587384.916185}, "device": "cpu", "nd_range": {"device_start": 2255159.229308124, "device_end": 2255159.245263415}, "cmdq": 0, "read": {"device_start": -1, "device_end": -1}}, "FFC_sans_bias16": {"write": {"device_start": -1, "host_queued_start": 1585587384.91216, "device_queued": -1, "device_end": -1, "host_queued_end": 1585587384.916185}, "device": "cpu", "nd_range": {"device_start": 2255159.235879999, "device_end": 2255159.247290159}, "cmdq": 1, "read": {"device_start": -1, "device_end": -1}}, "FFC_sans_bias19": {"write": {"device_start": -1, "host_queued_start": 1585587384.891455, "device_queued": -1, "device_end": -1, "host_queued_end": 1585587384.916185}, "device": "cpu", "nd_range": {"device_start": 2255159.131657162, "device_end": 2255159.1464682803}, "cmdq": 1, "read": {"device_start": -1, "device_end": -1}}, "FFC_sans_bias18": {"write": {"device_start": -1, "host_queued_start": 1585587384.89038, "device_queued": -1, "device_end": -1, "host_queued_end": 1585587384.916185}, "device": "cpu", "nd_range": {"device_start": 2255159.1432550363, "device_end": 2255159.1610232843}, "cmdq": 0, "read": {"device_start": -1, "device_end": -1}}, "coalesced_transpose30": {"write": {"device_start": -1, "host_queued_start": 1585587384.903349, "device_queued": -1, "device_end": -1, "host_queued_end": 1585587384.916185}, "device": "cpu", "nd_range": {"device_start": 2255159.209079298, "device_end": 2255159.2093513473}, "cmdq": 0, "read": {"device_start": -1, "device_end": -1}}, "FFC_sans_bias69": {"write": {"device_start": -1, "host_queued_start": 1585587384.875006, "device_queued": -1, "device_end": -1, "host_queued_end": 1585587384.877171}, "device": "gpu", "nd_range": {"device_start": 1585587319.4443862, "device_end": 1585587319.4451056}, "cmdq": 1, "read": {"device_start": -1, "device_end": -1}}, "FFC_sans_bias38": {"write": {"device_start": -1, "host_queued_start": 1585587384.898884, "device_queued": -1, "device_end": -1, "host_queued_end": 1585587384.916185}, "device": "cpu", "nd_range": {"device_start": 2255159.144296235, "device_end": 2255159.1610673363}, "cmdq": 2, "read": {"device_start": -1, "device_end": -1}}, "coalesced_transpose57": {"write": {"device_start": -1, "host_queued_start": 1585587384.872737, "device_queued": -1, "device_end": -1, "host_queued_end": 1585587384.877171}, "device": "gpu", "nd_range": {"device_start": 1585587319.4426525, "device_end": 1585587319.442943}, "cmdq": 0, "read": {"device_start": -1, "device_end": -1}}, "empty26": {"write": {"device_start": -1, "host_queued_start": 1585587384.880468, "device_queued": -1, "device_end": -1, "host_queued_end": 1585587384.916185}, "device": "cpu", "nd_range": {"device_start": 2255159.105843199, "device_end": 2255159.105848023}, "cmdq": 2, "read": {"device_start": -1, "device_end": -1}}, "coalesced_transpose12": {"write": {"device_start": -1, "host_queued_start": 1585587384.902691, "device_queued": -1, "device_end": -1, "host_queued_end": 1585587384.916185}, "device": "cpu", "nd_range": {"device_start": 2255159.176935179, "device_end": 2255159.177182584}, "cmdq": 1, "read": {"device_start": -1, "device_end": -1}}, "empty44": {"write": {"device_start": -1, "host_queued_start": 1585587384.88211, "device_queued": -1, "device_end": -1, "host_queued_end": 1585587384.916185}, "device": "cpu", "nd_range": {"device_start": 2255159.105848691, "device_end": 2255159.105849857}, "cmdq": 1, "read": {"device_start": -1, "device_end": -1}}, "coalesced_transpose21": {"write": {"device_start": -1, "host_queued_start": 1585587384.903022, "device_queued": -1, "device_end": -1, "host_queued_end": 1585587384.916185}, "device": "cpu", "nd_range": {"device_start": 2255159.172850966, "device_end": 2255159.173095475}, "cmdq": 2, "read": {"device_start": -1, "device_end": -1}}, "FFC_sans_bias36": {"write": {"device_start": -1, "host_queued_start": 1585587384.896721, "device_queued": -1, "device_end": -1, "host_queued_end": 1585587384.916185}, "device": "cpu", "nd_range": {"device_start": 2255159.1749182492, "device_end": 2255159.193307321}, "cmdq": 0, "read": {"device_start": -1, "device_end": -1}}, "softmax14": {"write": {"device_start": -1, "host_queued_start": 1585587384.9068, "device_queued": -1, "device_end": -1, "host_queued_end": 1585587384.916185}, "device": "cpu", "nd_range": {"device_start": 2255159.211276661, "device_end": 2255159.211499513}, "cmdq": 1, "read": {"device_start": -1, "device_end": -1}}, "FFC_sans_bias13": {"write": {"device_start": -1, "host_queued_start": 1585587384.904812, "device_queued": -1, "device_end": -1, "host_queued_end": 1585587384.916185}, "device": "cpu", "nd_range": {"device_start": 2255159.177639971, "device_end": 2255159.188816634}, "cmdq": 1, "read": {"device_start": -1, "device_end": -1}}, "empty8": {"write": {"device_start": -1, "host_queued_start": 1585587384.878481, "device_queued": -1, "device_end": -1, "host_queued_end": 1585587384.916185}, "device": "cpu", "nd_range": {"device_start": 2255159.105785735, "device_end": 2255159.1057988494}, "cmdq": 0, "read": {"device_start": -1, "device_end": -1}}, "FFC_sans_bias42": {"write": {"device_start": -1, "host_queued_start": 1585587384.909766, "device_queued": -1, "device_end": -1, "host_queued_end": 1585587384.916185}, "device": "cpu", "nd_range": {"device_start": 2255159.228709634, "device_end": 2255159.2358672563}, "cmdq": 1, "read": {"device_start": -1, "device_end": -1}}, "FFC_sans_bias43": {"write": {"device_start": -1, "host_queued_start": 1585587384.915144, "device_queued": -1, "device_end": -1, "host_queued_end": 1585587384.916185}, "device": "cpu", "nd_range": {"device_start": 2255159.2472946253, "device_end": 2255159.253986361}, "cmdq": 1, "read": {"device_start": -1, "device_end": -1}}, "FFC_sans_bias40": {"write": {"device_start": -1, "host_queued_start": 1585587384.905877, "device_queued": -1, "device_end": -1, "host_queued_end": 1585587384.916185}, "device": "cpu", "nd_range": {"device_start": 2255159.188940714, "device_end": 2255159.2072846494}, "cmdq": 1, "read": {"device_start": -1, "device_end": -1}}, "softmax32": {"write": {"device_start": -1, "host_queued_start": 1585587384.907347, "device_queued": -1, "device_end": -1, "host_queued_end": 1585587384.916185}, "device": "cpu", "nd_range": {"device_start": 2255159.25008304, "device_end": 2255159.250514923}, "cmdq": 0, "read": {"device_start": -1, "device_end": -1}}, "FFC_sans_bias47": {"write": {"device_start": -1, "host_queued_start": 1585587384.902019, "device_queued": -1, "device_end": -1, "host_queued_end": 1585587384.916185}, "device": "cpu", "nd_range": {"device_start": 2255159.161083274, "device_end": 2255159.172728248}, "cmdq": 2, "read": {"device_start": -1, "device_end": -1}}, "FFC_sans_bias45": {"write": {"device_start": -1, "host_queued_start": 1585587384.89993, "device_queued": -1, "device_end": -1, "host_queued_end": 1585587384.916185}, "device": "cpu", "nd_range": {"device_start": 2255159.193868686, "device_end": 2255159.207471849}, "cmdq": 0, "read": {"device_start": -1, "device_end": -1}}, "softmax50": {"write": {"device_start": -1, "host_queued_start": 1585587384.907895, "device_queued": -1, "device_end": -1, "host_queued_end": 1585587384.916185}, "device": "cpu", "nd_range": {"device_start": 2255159.2078012703, "device_end": 2255159.20792217}, "cmdq": 2, "read": {"device_start": -1, "device_end": -1}}, "FFC_sans_bias33": {"write": {"device_start": -1, "host_queued_start": 1585587384.909393, "device_queued": -1, "device_end": -1, "host_queued_end": 1585587384.916185}, "device": "cpu", "nd_range": {"device_start": 2255159.263676269, "device_end": 2255159.267638803}, "cmdq": 0, "read": {"device_start": -1, "device_end": -1}}, "FFC_sans_bias63": {"write": {"device_start": 1585587319.4421945, "host_queued_start": 1585587384.872407, "device_queued": 1585587319.4405003, "device_end": 1585587319.442226, "host_queued_end": 1585587384.877171}, "device": "gpu", "nd_range": {"device_start": 1585587319.4422305, "device_end": 1585587319.4430687}, "cmdq": 1, "read": {"device_start": -1, "device_end": -1}}, "FFC_sans_bias49": {"write": {"device_start": -1, "host_queued_start": 1585587384.906221, "device_queued": -1, "device_end": -1, "host_queued_end": 1585587384.916185}, "device": "cpu", "nd_range": {"device_start": 2255159.194058142, "device_end": 2255159.207483503}, "cmdq": 2, "read": {"device_start": -1, "device_end": -1}}, "FFC_sans_bias64": {"write": {"device_start": 1585587319.4412146, "host_queued_start": 1585587384.870285, "device_queued": 1585587319.4403098, "device_end": 1585587319.4412463, "host_queued_end": 1585587384.877171}, "device": "gpu", "nd_range": {"device_start": 1585587319.4412496, "device_end": 1585587319.4420927}, "cmdq": 1, "read": {"device_start": -1, "device_end": -1}}, "FFC_sans_bias65": {"write": {"device_start": 1585587319.441785, "host_queued_start": 1585587384.871377, "device_queued": 1585587319.440363, "device_end": 1585587319.4418163, "host_queued_end": 1585587384.877171}, "device": "gpu", "nd_range": {"device_start": 1585587319.4418194, "device_end": 1585587319.4426513}, "cmdq": 0, "read": {"device_start": -1, "device_end": -1}}, "FFC_sans_bias67": {"write": {"device_start": -1, "host_queued_start": 1585587384.873853, "device_queued": -1, "device_end": -1, "host_queued_end": 1585587384.877171}, "device": "gpu", "nd_range": {"device_start": 1585587319.4434495, "device_end": 1585587319.4440496}, "cmdq": 1, "read": {"device_start": -1, "device_end": -1}}, "FFC_sans_bias24": {"write": {"device_start": -1, "host_queued_start": 1585587384.909003, "device_queued": -1, "device_end": -1, "host_queued_end": 1585587384.916185}, "device": "cpu", "nd_range": {"device_start": 2255159.208052093, "device_end": 2255159.2168440633}, "cmdq": 2, "read": {"device_start": -1, "device_end": -1}}, "FFC_sans_bias25": {"write": {"device_start": -1, "host_queued_start": 1585587384.913152, "device_queued": -1, "device_end": -1, "host_queued_end": 1585587384.916185}, "device": "cpu", "nd_range": {"device_start": 2255159.236298177, "device_end": 2255159.2540835803}, "cmdq": 2, "read": {"device_start": -1, "device_end": -1}}, "FFC_sans_bias27": {"write": {"device_start": -1, "host_queued_start": 1585587384.893555, "device_queued": -1, "device_end": -1, "host_queued_end": 1585587384.916185}, "device": "cpu", "nd_range": {"device_start": 2255159.161510147, "device_end": 2255159.174648683}, "cmdq": 0, "read": {"device_start": -1, "device_end": -1}}, "FFC_sans_bias20": {"write": {"device_start": -1, "host_queued_start": 1585587384.892509, "device_queued": -1, "device_end": -1, "host_queued_end": 1585587384.916185}, "device": "cpu", "nd_range": {"device_start": 2255159.123869744, "device_end": 2255159.135528697}, "cmdq": 2, "read": {"device_start": -1, "device_end": -1}}, "FFC_sans_bias22": {"write": {"device_start": -1, "host_queued_start": 1585587384.905165, "device_queued": -1, "device_end": -1, "host_queued_end": 1585587384.916185}, "device": "cpu", "nd_range": {"device_start": 2255159.178094284, "device_end": 2255159.193877336}, "cmdq": 2, "read": {"device_start": -1, "device_end": -1}}, "softmax68": {"write": {"device_start": -1, "host_queued_start": 1585587384.874358, "device_queued": -1, "device_end": -1, "host_queued_end": 1585587384.877171}, "device": "gpu", "nd_range": {"device_start": 1585587319.4440506, "device_end": 1585587319.4443846}, "cmdq": 1, "read": {"device_start": -1, "device_end": -1}}, "softmax5": {"write": {"device_start": -1, "host_queued_start": 1585587384.906501, "device_queued": -1, "device_end": -1, "host_queued_end": 1585587384.916185}, "device": "cpu", "nd_range": {"device_start": 2255159.245271583, "device_end": 2255159.250076462}, "cmdq": 0, "read": {"device_start": -1, "device_end": -1}}, "FFC_sans_bias28": {"write": {"device_start": -1, "host_queued_start": 1585587384.894623, "device_queued": -1, "device_end": -1, "host_queued_end": 1585587384.916185}, "device": "cpu", "nd_range": {"device_start": 2255159.146591143, "device_end": 2255159.157368165}, "cmdq": 1, "read": {"device_start": -1, "device_end": -1}}, "FFC_sans_bias29": {"write": {"device_start": -1, "host_queued_start": 1585587384.895677, "device_queued": -1, "device_end": -1, "host_queued_end": 1585587384.916185}, "device": "cpu", "nd_range": {"device_start": 2255159.135647857, "device_end": 2255159.144179947}, "cmdq": 2, "read": {"device_start": -1, "device_end": -1}}, "empty17": {"write": {"device_start": -1, "host_queued_start": 1585587384.879533, "device_queued": -1, "device_end": -1, "host_queued_end": 1585587384.916185}, "device": "cpu", "nd_range": {"device_start": 2255159.105788296, "device_end": 2255159.105798807}, "cmdq": 1, "read": {"device_start": -1, "device_end": -1}}, "softmax59": {"write": {"device_start": -1, "host_queued_start": 1585587384.874107, "device_queued": -1, "device_end": -1, "host_queued_end": 1585587384.877171}, "device": "gpu", "nd_range": {"device_start": 1585587319.4435966, "device_end": 1585587319.444097}, "cmdq": 0, "read": {"device_start": -1, "device_end": -1}}, "empty71": {"write": {"device_start": 1585587319.4399571, "host_queued_start": 1585587384.866107, "device_queued": 1585587319.4398005, "device_end": 1585587319.4400241, "host_queued_end": 1585587384.877171}, "device": "gpu", "nd_range": {"device_start": 1585587319.4400296, "device_end": 1585587319.4400349}, "cmdq": 1, "read": {"device_start": -1, "device_end": -1}}, "empty35": {"write": {"device_start": -1, "host_queued_start": 1585587384.881306, "device_queued": -1, "device_end": -1, "host_queued_end": 1585587384.916185}, "device": "cpu", "nd_range": {"device_start": 2255159.105822531, "device_end": 2255159.1058238903}, "cmdq": 0, "read": {"device_start": -1, "device_end": -1}}, "empty53": {"write": {"device_start": -1, "host_queued_start": 1585587384.882964, "device_queued": -1, "device_end": -1, "host_queued_end": 1585587384.916185}, "device": "cpu", "nd_range": {"device_start": 2255159.105869595, "device_end": 2255159.105870691}, "cmdq": 2, "read": {"device_start": -1, "device_end": -1}}, "FFC_sans_bias46": {"write": {"device_start": -1, "host_queued_start": 1585587384.900969, "device_queued": -1, "device_end": -1, "host_queued_end": 1585587384.916185}, "device": "cpu", "nd_range": {"device_start": 2255159.1652426412, "device_end": 2255159.1768121403}, "cmdq": 1, "read": {"device_start": -1, "device_end": -1}}, "coalesced_transpose66": {"write": {"device_start": -1, "host_queued_start": 1585587384.873038, "device_queued": -1, "device_end": -1, "host_queued_end": 1585587384.877171}, "device": "gpu", "nd_range": {"device_start": 1585587319.4430707, "device_end": 1585587319.4434483}, "cmdq": 1, "read": {"device_start": -1, "device_end": -1}}, "coalesced_transpose48": {"write": {"device_start": -1, "host_queued_start": 1585587384.904075, "device_queued": -1, "device_end": -1, "host_queued_end": 1585587384.916185}, "device": "cpu", "nd_range": {"device_start": 2255159.177747119, "device_end": 2255159.177981046}, "cmdq": 2, "read": {"device_start": -1, "device_end": -1}}}