{"FFC_sans_bias60": {"write": {"device_start": -1, "host_queued_start": 1585587228.860934, "device_queued": -1, "device_end": -1, "host_queued_end": 1585587228.865541}, "device": "gpu", "nd_range": {"device_start": 1585587163.4464998, "device_end": 1585587163.4470992}, "cmdq": 0, "read": {"device_start": -1, "device_end": -1}}, "FFC_sans_bias4": {"write": {"device_start": -1, "host_queued_start": 1585587228.88523, "device_queued": -1, "device_end": -1, "host_queued_end": 1585587228.892897}, "device": "cpu", "nd_range": {"device_start": 2255003.148802937, "device_end": 2255003.157830649}, "cmdq": 0, "read": {"device_start": -1, "device_end": -1}}, "FFC_sans_bias7": {"write": {"device_start": -1, "host_queued_start": 1585587228.88983, "device_queued": -1, "device_end": -1, "host_queued_end": 1585587228.892897}, "device": "cpu", "nd_range": {"device_start": 2255003.184078726, "device_end": 2255003.194699592}, "cmdq": 0, "read": {"device_start": -1, "device_end": -1}}, "FFC_sans_bias6": {"write": {"device_start": -1, "host_queued_start": 1585587228.887763, "device_queued": -1, "device_end": -1, "host_queued_end": 1585587228.892897}, "device": "cpu", "nd_range": {"device_start": 2255003.16590777, "device_end": 2255003.171629006}, "cmdq": 0, "read": {"device_start": -1, "device_end": -1}}, "FFC_sans_bias1": {"write": {"device_start": -1, "host_queued_start": 1585587228.872255, "device_queued": -1, "device_end": -1, "host_queued_end": 1585587228.892897}, "device": "cpu", "nd_range": {"device_start": 2255003.082521753, "device_end": 2255003.090439942}, "cmdq": 1, "read": {"device_start": -1, "device_end": -1}}, "FFC_sans_bias0": {"write": {"device_start": -1, "host_queued_start": 1585587228.87109, "device_queued": -1, "device_end": -1, "host_queued_end": 1585587228.892897}, "device": "cpu", "nd_range": {"device_start": 2255003.082520962, "device_end": 2255003.090406888}, "cmdq": 0, "read": {"device_start": -1, "device_end": -1}}, "FFC_sans_bias2": {"write": {"device_start": -1, "host_queued_start": 1585587228.873403, "device_queued": -1, "device_end": -1, "host_queued_end": 1585587228.892897}, "device": "cpu", "nd_range": {"device_start": 2255003.090632562, "device_end": 2255003.099883155}, "cmdq": 0, "read": {"device_start": -1, "device_end": -1}}, "FFC_sans_bias61": {"write": {"device_start": 1585587163.4495738, "host_queued_start": 1585587228.864377, "device_queued": 1585587163.4348514, "device_end": 1585587163.44961, "host_queued_end": 1585587228.865541}, "device": "gpu", "nd_range": {"device_start": 1585587163.449617, "device_end": 1585587163.4502134}, "cmdq": 0, "read": {"device_start": 1585587163.450219, "device_end": 1585587163.450241}}, "FFC_sans_bias52": {"write": {"device_start": 1585587163.4487278, "host_queued_start": 1585587228.863337, "device_queued": 1585587163.4346547, "device_end": 1585587163.448759, "host_queued_end": 1585587228.865541}, "device": "gpu", "nd_range": {"device_start": 1585587163.4487638, "device_end": 1585587163.4493594}, "cmdq": 0, "read": {"device_start": 1585587163.4493628, "device_end": 1585587163.4493864}}, "FFC_sans_bias9": {"write": {"device_start": -1, "host_queued_start": 1585587228.874535, "device_queued": -1, "device_end": -1, "host_queued_end": 1585587228.892897}, "device": "cpu", "nd_range": {"device_start": 2255003.0904537654, "device_end": 2255003.0966260843}, "cmdq": 1, "read": {"device_start": -1, "device_end": -1}}, "coalesced_transpose39": {"write": {"device_start": -1, "host_queued_start": 1585587228.85682, "device_queued": -1, "device_end": -1, "host_queued_end": 1585587228.865541}, "device": "gpu", "nd_range": {"device_start": 1585587163.4420002, "device_end": 1585587163.4420092}, "cmdq": 0, "read": {"device_start": -1, "device_end": -1}}, "FFC_sans_bias55": {"write": {"device_start": 1585587163.4392207, "host_queued_start": 1585587228.853362, "device_queued": 1585587163.4336054, "device_end": 1585587163.439251, "host_queued_end": 1585587228.865541}, "device": "gpu", "nd_range": {"device_start": 1585587163.439254, "device_end": 1585587163.4398446}, "cmdq": 0, "read": {"device_start": -1, "device_end": -1}}, "FFC_sans_bias54": {"write": {"device_start": 1585587163.438473, "host_queued_start": 1585587228.852331, "device_queued": 1585587163.4334443, "device_end": 1585587163.438503, "host_queued_end": 1585587228.865541}, "device": "gpu", "nd_range": {"device_start": 1585587163.4385056, "device_end": 1585587163.4391053}, "cmdq": 0, "read": {"device_start": -1, "device_end": -1}}, "FFC_sans_bias56": {"write": {"device_start": 1585587163.437705, "host_queued_start": 1585587228.851119, "device_queued": 1585587163.4334004, "device_end": 1585587163.4377358, "host_queued_end": 1585587228.865541}, "device": "gpu", "nd_range": {"device_start": 1585587163.4377503, "device_end": 1585587163.4383569}, "cmdq": 0, "read": {"device_start": -1, "device_end": -1}}, "FFC_sans_bias51": {"write": {"device_start": -1, "host_queued_start": 1585587228.860625, "device_queued": -1, "device_end": -1, "host_queued_end": 1585587228.865541}, "device": "gpu", "nd_range": {"device_start": 1585587163.4458992, "device_end": 1585587163.4464989}, "cmdq": 0, "read": {"device_start": -1, "device_end": -1}}, "softmax23": {"write": {"device_start": -1, "host_queued_start": 1585587228.887147, "device_queued": -1, "device_end": -1, "host_queued_end": 1585587228.892897}, "device": "cpu", "nd_range": {"device_start": 2255003.165701913, "device_end": 2255003.165792245}, "cmdq": 0, "read": {"device_start": -1, "device_end": -1}}, "FFC_sans_bias37": {"write": {"device_start": 1585587163.4340196, "host_queued_start": 1585587228.845854, "device_queued": 1585587163.4327426, "device_end": 1585587163.434044, "host_queued_end": 1585587228.865541}, "device": "gpu", "nd_range": {"device_start": 1585587163.4340465, "device_end": 1585587163.434548}, "cmdq": 0, "read": {"device_start": -1, "device_end": -1}}, "empty62": {"write": {"device_start": 1585587163.4328105, "host_queued_start": 1585587228.842986, "device_queued": 1585587163.4324725, "device_end": 1585587163.432842, "host_queued_end": 1585587228.865541}, "device": "gpu", "nd_range": {"device_start": 1585587163.4328508, "device_end": 1585587163.4328609}, "cmdq": 0, "read": {"device_start": -1, "device_end": -1}}, "FFC_sans_bias70": {"write": {"device_start": 1585587163.4504557, "host_queued_start": 1585587228.865435, "device_queued": 1585587163.4349124, "device_end": 1585587163.4504845, "host_queued_end": 1585587228.865541}, "device": "gpu", "nd_range": {"device_start": 1585587163.4504933, "device_end": 1585587163.4510868}, "cmdq": 0, "read": {"device_start": 1585587163.4510953, "device_end": 1585587163.4511182}}, "FFC_sans_bias58": {"write": {"device_start": -1, "host_queued_start": 1585587228.858708, "device_queued": -1, "device_end": -1, "host_queued_end": 1585587228.865541}, "device": "gpu", "nd_range": {"device_start": 1585587163.4432385, "device_end": 1585587163.4438381}, "cmdq": 0, "read": {"device_start": -1, "device_end": -1}}, "softmax41": {"write": {"device_start": -1, "host_queued_start": 1585587228.859266, "device_queued": -1, "device_end": -1, "host_queued_end": 1585587228.865541}, "device": "gpu", "nd_range": {"device_start": 1585587163.4444392, "device_end": 1585587163.4446547}, "cmdq": 0, "read": {"device_start": -1, "device_end": -1}}, "FFC_sans_bias11": {"write": {"device_start": -1, "host_queued_start": 1585587228.876719, "device_queued": -1, "device_end": -1, "host_queued_end": 1585587228.892897}, "device": "cpu", "nd_range": {"device_start": 2255003.096757613, "device_end": 2255003.1031614}, "cmdq": 1, "read": {"device_start": -1, "device_end": -1}}, "FFC_sans_bias10": {"write": {"device_start": -1, "host_queued_start": 1585587228.875665, "device_queued": -1, "device_end": -1, "host_queued_end": 1585587228.892897}, "device": "cpu", "nd_range": {"device_start": 2255003.105002299, "device_end": 2255003.1193863973}, "cmdq": 0, "read": {"device_start": -1, "device_end": -1}}, "coalesced_transpose3": {"write": {"device_start": -1, "host_queued_start": 1585587228.883673, "device_queued": -1, "device_end": -1, "host_queued_end": 1585587228.892897}, "device": "cpu", "nd_range": {"device_start": 2255003.148061892, "device_end": 2255003.1482313983}, "cmdq": 0, "read": {"device_start": -1, "device_end": -1}}, "FFC_sans_bias34": {"write": {"device_start": -1, "host_queued_start": 1585587228.892843, "device_queued": -1, "device_end": -1, "host_queued_end": 1585587228.892897}, "device": "cpu", "nd_range": {"device_start": 2255003.201414509, "device_end": 2255003.2072422593}, "cmdq": 1, "read": {"device_start": -1, "device_end": -1}}, "FFC_sans_bias15": {"write": {"device_start": -1, "host_queued_start": 1585587228.888102, "device_queued": -1, "device_end": -1, "host_queued_end": 1585587228.892897}, "device": "cpu", "nd_range": {"device_start": 2255003.170012642, "device_end": 2255003.1771947853}, "cmdq": 1, "read": {"device_start": -1, "device_end": -1}}, "FFC_sans_bias31": {"write": {"device_start": -1, "host_queued_start": 1585587228.886291, "device_queued": -1, "device_end": -1, "host_queued_end": 1585587228.892897}, "device": "cpu", "nd_range": {"device_start": 2255003.1544626784, "device_end": 2255003.169254872}, "cmdq": 1, "read": {"device_start": -1, "device_end": -1}}, "FFC_sans_bias16": {"write": {"device_start": -1, "host_queued_start": 1585587228.890823, "device_queued": -1, "device_end": -1, "host_queued_end": 1585587228.892897}, "device": "cpu", "nd_range": {"device_start": 2255003.184549039, "device_end": 2255003.201405603}, "cmdq": 1, "read": {"device_start": -1, "device_end": -1}}, "FFC_sans_bias19": {"write": {"device_start": -1, "host_queued_start": 1585587228.878865, "device_queued": -1, "device_end": -1, "host_queued_end": 1585587228.892897}, "device": "cpu", "nd_range": {"device_start": 2255003.103168799, "device_end": 2255003.11076937}, "cmdq": 1, "read": {"device_start": -1, "device_end": -1}}, "FFC_sans_bias18": {"write": {"device_start": -1, "host_queued_start": 1585587228.877767, "device_queued": -1, "device_end": -1, "host_queued_end": 1585587228.892897}, "device": "cpu", "nd_range": {"device_start": 2255003.1199997533, "device_end": 2255003.1342130313}, "cmdq": 0, "read": {"device_start": -1, "device_end": -1}}, "coalesced_transpose30": {"write": {"device_start": -1, "host_queued_start": 1585587228.88485, "device_queued": -1, "device_end": -1, "host_queued_end": 1585587228.892897}, "device": "cpu", "nd_range": {"device_start": 2255003.148058181, "device_end": 2255003.148257269}, "cmdq": 1, "read": {"device_start": -1, "device_end": -1}}, "FFC_sans_bias69": {"write": {"device_start": -1, "host_queued_start": 1585587228.86125, "device_queued": -1, "device_end": -1, "host_queued_end": 1585587228.865541}, "device": "gpu", "nd_range": {"device_start": 1585587163.4471002, "device_end": 1585587163.4476993}, "cmdq": 0, "read": {"device_start": -1, "device_end": -1}}, "FFC_sans_bias38": {"write": {"device_start": 1585587163.434691, "host_queued_start": 1585587228.846941, "device_queued": 1585587163.4329438, "device_end": 1585587163.434715, "host_queued_end": 1585587228.865541}, "device": "gpu", "nd_range": {"device_start": 1585587163.4347239, "device_end": 1585587163.4353232}, "cmdq": 0, "read": {"device_start": -1, "device_end": -1}}, "coalesced_transpose57": {"write": {"device_start": -1, "host_queued_start": 1585587228.857431, "device_queued": -1, "device_end": -1, "host_queued_end": 1585587228.865541}, "device": "gpu", "nd_range": {"device_start": 1585587163.4420197, "device_end": 1585587163.442028}, "cmdq": 0, "read": {"device_start": -1, "device_end": -1}}, "empty26": {"write": {"device_start": -1, "host_queued_start": 1585587228.86913, "device_queued": -1, "device_end": -1, "host_queued_end": 1585587228.892897}, "device": "cpu", "nd_range": {"device_start": 2255003.082512488, "device_end": 2255003.082513736}, "cmdq": 0, "read": {"device_start": -1, "device_end": -1}}, "coalesced_transpose12": {"write": {"device_start": -1, "host_queued_start": 1585587228.884009, "device_queued": -1, "device_end": -1, "host_queued_end": 1585587228.892897}, "device": "cpu", "nd_range": {"device_start": 2255003.12712563, "device_end": 2255003.127289045}, "cmdq": 1, "read": {"device_start": -1, "device_end": -1}}, "empty44": {"write": {"device_start": 1585587163.4323997, "host_queued_start": 1585587228.841085, "device_queued": 1585587163.4322586, "device_end": 1585587163.432428, "host_queued_end": 1585587228.865541}, "device": "gpu", "nd_range": {"device_start": 1585587163.4324312, "device_end": 1585587163.4324358}, "cmdq": 0, "read": {"device_start": -1, "device_end": -1}}, "coalesced_transpose21": {"write": {"device_start": -1, "host_queued_start": 1585587228.884425, "device_queued": -1, "device_end": -1, "host_queued_end": 1585587228.892897}, "device": "cpu", "nd_range": {"device_start": 2255003.148447556, "device_end": 2255003.1486927383}, "cmdq": 0, "read": {"device_start": -1, "device_end": -1}}, "FFC_sans_bias36": {"write": {"device_start": 1585587163.4332712, "host_queued_start": 1585587228.8448, "device_queued": 1585587163.4326835, "device_end": 1585587163.433301, "host_queued_end": 1585587228.865541}, "device": "gpu", "nd_range": {"device_start": 1585587163.4333096, "device_end": 1585587163.4339092}, "cmdq": 0, "read": {"device_start": -1, "device_end": -1}}, "softmax14": {"write": {"device_start": -1, "host_queued_start": 1585587228.88687, "device_queued": -1, "device_end": -1, "host_queued_end": 1585587228.892897}, "device": "cpu", "nd_range": {"device_start": 2255003.1693761763, "device_end": 2255003.1695875013}, "cmdq": 1, "read": {"device_start": -1, "device_end": -1}}, "FFC_sans_bias13": {"write": {"device_start": -1, "host_queued_start": 1585587228.885587, "device_queued": -1, "device_end": -1, "host_queued_end": 1585587228.892897}, "device": "cpu", "nd_range": {"device_start": 2255003.148278058, "device_end": 2255003.154455338}, "cmdq": 1, "read": {"device_start": -1, "device_end": -1}}, "empty8": {"write": {"device_start": -1, "host_queued_start": 1585587228.867108, "device_queued": -1, "device_end": -1, "host_queued_end": 1585587228.892897}, "device": "cpu", "nd_range": {"device_start": 2255003.082481123, "device_end": 2255003.082493556}, "cmdq": 0, "read": {"device_start": -1, "device_end": -1}}, "FFC_sans_bias42": {"write": {"device_start": -1, "host_queued_start": 1585587228.860317, "device_queued": -1, "device_end": -1, "host_queued_end": 1585587228.865541}, "device": "gpu", "nd_range": {"device_start": 1585587163.4452996, "device_end": 1585587163.445898}, "cmdq": 0, "read": {"device_start": -1, "device_end": -1}}, "FFC_sans_bias43": {"write": {"device_start": 1585587163.4478621, "host_queued_start": 1585587228.86226, "device_queued": 1585587163.434586, "device_end": 1585587163.447889, "host_queued_end": 1585587228.865541}, "device": "gpu", "nd_range": {"device_start": 1585587163.447892, "device_end": 1585587163.448489}, "cmdq": 0, "read": {"device_start": 1585587163.4484906, "device_end": 1585587163.4485142}}, "FFC_sans_bias40": {"write": {"device_start": -1, "host_queued_start": 1585587228.858046, "device_queued": -1, "device_end": -1, "host_queued_end": 1585587228.865541}, "device": "gpu", "nd_range": {"device_start": 1585587163.4420388, "device_end": 1585587163.4426382}, "cmdq": 0, "read": {"device_start": -1, "device_end": -1}}, "softmax32": {"write": {"device_start": -1, "host_queued_start": 1585587228.887421, "device_queued": -1, "device_end": -1, "host_queued_end": 1585587228.892897}, "device": "cpu", "nd_range": {"device_start": 2255003.16969873, "device_end": 2255003.169902938}, "cmdq": 1, "read": {"device_start": -1, "device_end": -1}}, "FFC_sans_bias47": {"write": {"device_start": 1585587163.4369433, "host_queued_start": 1585587228.850049, "device_queued": 1585587163.4332204, "device_end": 1585587163.4369721, "host_queued_end": 1585587228.865541}, "device": "gpu", "nd_range": {"device_start": 1585587163.4369757, "device_end": 1585587163.4375777}, "cmdq": 0, "read": {"device_start": -1, "device_end": -1}}, "FFC_sans_bias45": {"write": {"device_start": 1585587163.4354513, "host_queued_start": 1585587228.847973, "device_queued": 1585587163.4330008, "device_end": 1585587163.435487, "host_queued_end": 1585587228.865541}, "device": "gpu", "nd_range": {"device_start": 1585587163.43549, "device_end": 1585587163.4360843}, "cmdq": 0, "read": {"device_start": -1, "device_end": -1}}, "softmax50": {"write": {"device_start": -1, "host_queued_start": 1585587228.859514, "device_queued": -1, "device_end": -1, "host_queued_end": 1585587228.865541}, "device": "gpu", "nd_range": {"device_start": 1585587163.444656, "device_end": 1585587163.4448724}, "cmdq": 0, "read": {"device_start": -1, "device_end": -1}}, "FFC_sans_bias33": {"write": {"device_start": -1, "host_queued_start": 1585587228.88879, "device_queued": -1, "device_end": -1, "host_queued_end": 1585587228.892897}, "device": "cpu", "nd_range": {"device_start": 2255003.1773086493, "device_end": 2255003.1844330183}, "cmdq": 1, "read": {"device_start": -1, "device_end": -1}}, "FFC_sans_bias63": {"write": {"device_start": 1585587163.44137, "host_queued_start": 1585587228.856489, "device_queued": 1585587163.4338152, "device_end": 1585587163.4413998, "host_queued_end": 1585587228.865541}, "device": "gpu", "nd_range": {"device_start": 1585587163.441403, "device_end": 1585587163.4419992}, "cmdq": 0, "read": {"device_start": -1, "device_end": -1}}, "FFC_sans_bias49": {"write": {"device_start": -1, "host_queued_start": 1585587228.858367, "device_queued": -1, "device_end": -1, "host_queued_end": 1585587228.865541}, "device": "gpu", "nd_range": {"device_start": 1585587163.442639, "device_end": 1585587163.4432375}, "cmdq": 0, "read": {"device_start": -1, "device_end": -1}}, "FFC_sans_bias64": {"write": {"device_start": 1585587163.439961, "host_queued_start": 1585587228.854397, "device_queued": 1585587163.4336476, "device_end": 1585587163.439991, "host_queued_end": 1585587228.865541}, "device": "gpu", "nd_range": {"device_start": 1585587163.4399934, "device_end": 1585587163.440593}, "cmdq": 0, "read": {"device_start": -1, "device_end": -1}}, "FFC_sans_bias65": {"write": {"device_start": 1585587163.4407053, "host_queued_start": 1585587228.855462, "device_queued": 1585587163.4337823, "device_end": 1585587163.4407353, "host_queued_end": 1585587228.865541}, "device": "gpu", "nd_range": {"device_start": 1585587163.440744, "device_end": 1585587163.4412456}, "cmdq": 0, "read": {"device_start": -1, "device_end": -1}}, "FFC_sans_bias67": {"write": {"device_start": -1, "host_queued_start": 1585587228.859017, "device_queued": -1, "device_end": -1, "host_queued_end": 1585587228.865541}, "device": "gpu", "nd_range": {"device_start": 1585587163.443839, "device_end": 1585587163.4444382}, "cmdq": 0, "read": {"device_start": -1, "device_end": -1}}, "FFC_sans_bias24": {"write": {"device_start": -1, "host_queued_start": 1585587228.888445, "device_queued": -1, "device_end": -1, "host_queued_end": 1585587228.892897}, "device": "cpu", "nd_range": {"device_start": 2255003.1717388043, "device_end": 2255003.183963818}, "cmdq": 0, "read": {"device_start": -1, "device_end": -1}}, "FFC_sans_bias25": {"write": {"device_start": -1, "host_queued_start": 1585587228.891834, "device_queued": -1, "device_end": -1, "host_queued_end": 1585587228.892897}, "device": "cpu", "nd_range": {"device_start": 2255003.194714319, "device_end": 2255003.202470732}, "cmdq": 0, "read": {"device_start": -1, "device_end": -1}}, "FFC_sans_bias27": {"write": {"device_start": -1, "host_queued_start": 1585587228.880951, "device_queued": -1, "device_end": -1, "host_queued_end": 1585587228.892897}, "device": "cpu", "nd_range": {"device_start": 2255003.110775581, "device_end": 2255003.119386399}, "cmdq": 1, "read": {"device_start": -1, "device_end": -1}}, "FFC_sans_bias20": {"write": {"device_start": -1, "host_queued_start": 1585587228.879911, "device_queued": -1, "device_end": -1, "host_queued_end": 1585587228.892897}, "device": "cpu", "nd_range": {"device_start": 2255003.13421949, "device_end": 2255003.142383715}, "cmdq": 0, "read": {"device_start": -1, "device_end": -1}}, "FFC_sans_bias22": {"write": {"device_start": -1, "host_queued_start": 1585587228.885925, "device_queued": -1, "device_end": -1, "host_queued_end": 1585587228.892897}, "device": "cpu", "nd_range": {"device_start": 2255003.1578382663, "device_end": 2255003.165357301}, "cmdq": 0, "read": {"device_start": -1, "device_end": -1}}, "softmax68": {"write": {"device_start": -1, "host_queued_start": 1585587228.860008, "device_queued": -1, "device_end": -1, "host_queued_end": 1585587228.865541}, "device": "gpu", "nd_range": {"device_start": 1585587163.4450843, "device_end": 1585587163.4452982}, "cmdq": 0, "read": {"device_start": -1, "device_end": -1}}, "softmax5": {"write": {"device_start": -1, "host_queued_start": 1585587228.886576, "device_queued": -1, "device_end": -1, "host_queued_end": 1585587228.892897}, "device": "cpu", "nd_range": {"device_start": 2255003.165481294, "device_end": 2255003.165583956}, "cmdq": 0, "read": {"device_start": -1, "device_end": -1}}, "FFC_sans_bias28": {"write": {"device_start": -1, "host_queued_start": 1585587228.882085, "device_queued": -1, "device_end": -1, "host_queued_end": 1585587228.892897}, "device": "cpu", "nd_range": {"device_start": 2255003.142401182, "device_end": 2255003.148043962}, "cmdq": 0, "read": {"device_start": -1, "device_end": -1}}, "FFC_sans_bias29": {"write": {"device_start": -1, "host_queued_start": 1585587228.883276, "device_queued": -1, "device_end": -1, "host_queued_end": 1585587228.892897}, "device": "cpu", "nd_range": {"device_start": 2255003.119404477, "device_end": 2255003.127007044}, "cmdq": 1, "read": {"device_start": -1, "device_end": -1}}, "empty17": {"write": {"device_start": -1, "host_queued_start": 1585587228.868144, "device_queued": -1, "device_end": -1, "host_queued_end": 1585587228.892897}, "device": "cpu", "nd_range": {"device_start": 2255003.082489206, "device_end": 2255003.082496611}, "cmdq": 1, "read": {"device_start": -1, "device_end": -1}}, "softmax59": {"write": {"device_start": -1, "host_queued_start": 1585587228.859762, "device_queued": -1, "device_end": -1, "host_queued_end": 1585587228.865541}, "device": "gpu", "nd_range": {"device_start": 1585587163.4448738, "device_end": 1585587163.4450831}, "cmdq": 0, "read": {"device_start": -1, "device_end": -1}}, "empty71": {"write": {"device_start": 1585587163.433056, "host_queued_start": 1585587228.843801, "device_queued": 1585587163.4324965, "device_end": 1585587163.4330888, "host_queued_end": 1585587228.865541}, "device": "gpu", "nd_range": {"device_start": 1585587163.4330978, "device_end": 1585587163.4331014}, "cmdq": 0, "read": {"device_start": -1, "device_end": -1}}, "empty35": {"write": {"device_start": -1, "host_queued_start": 1585587228.870049, "device_queued": -1, "device_end": -1, "host_queued_end": 1585587228.892897}, "device": "cpu", "nd_range": {"device_start": 2255003.082514075, "device_end": 2255003.082515033}, "cmdq": 1, "read": {"device_start": -1, "device_end": -1}}, "empty53": {"write": {"device_start": 1585587163.4325747, "host_queued_start": 1585587228.842126, "device_queued": 1585587163.4324276, "device_end": 1585587163.4326, "host_queued_end": 1585587228.865541}, "device": "gpu", "nd_range": {"device_start": 1585587163.432608, "device_end": 1585587163.4326112}, "cmdq": 0, "read": {"device_start": -1, "device_end": -1}}, "FFC_sans_bias46": {"write": {"device_start": 1585587163.4362028, "host_queued_start": 1585587228.849005, "device_queued": 1585587163.4331694, "device_end": 1585587163.4362333, "host_queued_end": 1585587228.865541}, "device": "gpu", "nd_range": {"device_start": 1585587163.4362361, "device_end": 1585587163.4368296}, "cmdq": 0, "read": {"device_start": -1, "device_end": -1}}, "coalesced_transpose66": {"write": {"device_start": -1, "host_queued_start": 1585587228.857728, "device_queued": -1, "device_end": -1, "host_queued_end": 1585587228.865541}, "device": "gpu", "nd_range": {"device_start": 1585587163.4420292, "device_end": 1585587163.4420378}, "cmdq": 0, "read": {"device_start": -1, "device_end": -1}}, "coalesced_transpose48": {"write": {"device_start": -1, "host_queued_start": 1585587228.857127, "device_queued": -1, "device_end": -1, "host_queued_end": 1585587228.865541}, "device": "gpu", "nd_range": {"device_start": 1585587163.4420106, "device_end": 1585587163.4420185}, "cmdq": 0, "read": {"device_start": -1, "device_end": -1}}}