{"FFC_sans_bias60": {"write": {"device_start": -1, "host_queued_start": 1585587791.546975, "device_queued": -1, "device_end": -1, "host_queued_end": 1585587791.555437}, "device": "cpu", "nd_range": {"device_start": 2255565.890251087, "device_end": 2255565.907562353}, "cmdq": 2, "read": {"device_start": -1, "device_end": -1}}, "FFC_sans_bias4": {"write": {"device_start": -1, "host_queued_start": 1585587791.539808, "device_queued": -1, "device_end": -1, "host_queued_end": 1585587791.555437}, "device": "cpu", "nd_range": {"device_start": 2255565.846991658, "device_end": 2255565.8566368613}, "cmdq": 0, "read": {"device_start": -1, "device_end": -1}}, "FFC_sans_bias7": {"write": {"device_start": -1, "host_queued_start": 1585587791.548372, "device_queued": -1, "device_end": -1, "host_queued_end": 1585587791.555437}, "device": "cpu", "nd_range": {"device_start": 2255565.9031626503, "device_end": 2255565.9184701713}, "cmdq": 0, "read": {"device_start": -1, "device_end": -1}}, "FFC_sans_bias6": {"write": {"device_start": -1, "host_queued_start": 1585587791.544831, "device_queued": -1, "device_end": -1, "host_queued_end": 1585587791.555437}, "device": "cpu", "nd_range": {"device_start": 2255565.872758917, "device_end": 2255565.8879979854}, "cmdq": 0, "read": {"device_start": -1, "device_end": -1}}, "FFC_sans_bias1": {"write": {"device_start": -1, "host_queued_start": 1585587791.513341, "device_queued": -1, "device_end": -1, "host_queued_end": 1585587791.555437}, "device": "cpu", "nd_range": {"device_start": 2255565.745124102, "device_end": 2255565.763383128}, "cmdq": 1, "read": {"device_start": -1, "device_end": -1}}, "FFC_sans_bias0": {"write": {"device_start": -1, "host_queued_start": 1585587791.512296, "device_queued": -1, "device_end": -1, "host_queued_end": 1585587791.555437}, "device": "cpu", "nd_range": {"device_start": 2255565.745123308, "device_end": 2255565.761484832}, "cmdq": 0, "read": {"device_start": -1, "device_end": -1}}, "FFC_sans_bias2": {"write": {"device_start": -1, "host_queued_start": 1585587791.514539, "device_queued": -1, "device_end": -1, "host_queued_end": 1585587791.555437}, "device": "cpu", "nd_range": {"device_start": 2255565.745838337, "device_end": 2255565.7610695004}, "cmdq": 2, "read": {"device_start": -1, "device_end": -1}}, "FFC_sans_bias61": {"write": {"device_start": -1, "host_queued_start": 1585587791.554388, "device_queued": -1, "device_end": -1, "host_queued_end": 1585587791.555437}, "device": "cpu", "nd_range": {"device_start": 2255565.9235183992, "device_end": 2255565.940750144}, "cmdq": 2, "read": {"device_start": -1, "device_end": -1}}, "FFC_sans_bias52": {"write": {"device_start": -1, "host_queued_start": 1585587791.553394, "device_queued": -1, "device_end": -1, "host_queued_end": 1585587791.555437}, "device": "cpu", "nd_range": {"device_start": 2255565.9457574952, "device_end": 2255565.9513465753}, "cmdq": 1, "read": {"device_start": -1, "device_end": -1}}, "FFC_sans_bias9": {"write": {"device_start": -1, "host_queued_start": 1585587791.515646, "device_queued": -1, "device_end": -1, "host_queued_end": 1585587791.555437}, "device": "cpu", "nd_range": {"device_start": 2255565.7451746683, "device_end": 2255565.7609731914}, "cmdq": 3, "read": {"device_start": -1, "device_end": -1}}, "coalesced_transpose39": {"write": {"device_start": -1, "host_queued_start": 1585587791.538469, "device_queued": -1, "device_end": -1, "host_queued_end": 1585587791.555437}, "device": "cpu", "nd_range": {"device_start": 2255565.846637708, "device_end": 2255565.8468724582}, "cmdq": 0, "read": {"device_start": -1, "device_end": -1}}, "FFC_sans_bias55": {"write": {"device_start": -1, "host_queued_start": 1585587791.533653, "device_queued": -1, "device_end": -1, "host_queued_end": 1585587791.555437}, "device": "cpu", "nd_range": {"device_start": 2255565.8258099384, "device_end": 2255565.839746649}, "cmdq": 0, "read": {"device_start": -1, "device_end": -1}}, "FFC_sans_bias54": {"write": {"device_start": -1, "host_queued_start": 1585587791.532606, "device_queued": -1, "device_end": -1, "host_queued_end": 1585587791.555437}, "device": "cpu", "nd_range": {"device_start": 2255565.807225497, "device_end": 2255565.8225294803}, "cmdq": 3, "read": {"device_start": -1, "device_end": -1}}, "FFC_sans_bias56": {"write": {"device_start": -1, "host_queued_start": 1585587791.531557, "device_queued": -1, "device_end": -1, "host_queued_end": 1585587791.555437}, "device": "cpu", "nd_range": {"device_start": 2255565.806925883, "device_end": 2255565.82215366}, "cmdq": 2, "read": {"device_start": -1, "device_end": -1}}, "FFC_sans_bias51": {"write": {"device_start": -1, "host_queued_start": 1585587791.546628, "device_queued": -1, "device_end": -1, "host_queued_end": 1585587791.555437}, "device": "cpu", "nd_range": {"device_start": 2255565.921391793, "device_end": 2255565.93571145}, "cmdq": 1, "read": {"device_start": -1, "device_end": -1}}, "softmax23": {"write": {"device_start": -1, "host_queued_start": 1585587791.54311, "device_queued": -1, "device_end": -1, "host_queued_end": 1585587791.555437}, "device": "cpu", "nd_range": {"device_start": 2255565.8731724583, "device_end": 2255565.873380383}, "cmdq": 2, "read": {"device_start": -1, "device_end": -1}}, "FFC_sans_bias37": {"write": {"device_start": -1, "host_queued_start": 1585587791.52624, "device_queued": -1, "device_end": -1, "host_queued_end": 1585587791.555437}, "device": "cpu", "nd_range": {"device_start": 2255565.825215713, "device_end": 2255565.843644474}, "cmdq": 1, "read": {"device_start": -1, "device_end": -1}}, "empty62": {"write": {"device_start": -1, "host_queued_start": 1585587791.510443, "device_queued": -1, "device_end": -1, "host_queued_end": 1585587791.555437}, "device": "cpu", "nd_range": {"device_start": 2255565.7458298723, "device_end": 2255565.745832092}, "cmdq": 2, "read": {"device_start": -1, "device_end": -1}}, "FFC_sans_bias70": {"write": {"device_start": -1, "host_queued_start": 1585587791.555392, "device_queued": -1, "device_end": -1, "host_queued_end": 1585587791.555437}, "device": "cpu", "nd_range": {"device_start": 2255565.9680342213, "device_end": 2255565.973309835}, "cmdq": 3, "read": {"device_start": -1, "device_end": -1}}, "FFC_sans_bias58": {"write": {"device_start": -1, "host_queued_start": 1585587791.541935, "device_queued": -1, "device_end": -1, "host_queued_end": 1585587791.555437}, "device": "cpu", "nd_range": {"device_start": 2255565.856885372, "device_end": 2255565.87304699}, "cmdq": 2, "read": {"device_start": -1, "device_end": -1}}, "softmax41": {"write": {"device_start": -1, "host_queued_start": 1585587791.543664, "device_queued": -1, "device_end": -1, "host_queued_end": 1585587791.555437}, "device": "cpu", "nd_range": {"device_start": 2255565.872452016, "device_end": 2255565.872654084}, "cmdq": 0, "read": {"device_start": -1, "device_end": -1}}, "FFC_sans_bias11": {"write": {"device_start": -1, "host_queued_start": 1585587791.51774, "device_queued": -1, "device_end": -1, "host_queued_end": 1585587791.555437}, "device": "cpu", "nd_range": {"device_start": 2255565.764234525, "device_end": 2255565.787214892}, "cmdq": 1, "read": {"device_start": -1, "device_end": -1}}, "FFC_sans_bias10": {"write": {"device_start": -1, "host_queued_start": 1585587791.51669, "device_queued": -1, "device_end": -1, "host_queued_end": 1585587791.555437}, "device": "cpu", "nd_range": {"device_start": 2255565.761613138, "device_end": 2255565.777631422}, "cmdq": 0, "read": {"device_start": -1, "device_end": -1}}, "coalesced_transpose3": {"write": {"device_start": -1, "host_queued_start": 1585587791.537141, "device_queued": -1, "device_end": -1, "host_queued_end": 1585587791.555437}, "device": "cpu", "nd_range": {"device_start": 2255565.839869583, "device_end": 2255565.8401271873}, "cmdq": 0, "read": {"device_start": -1, "device_end": -1}}, "FFC_sans_bias34": {"write": {"device_start": -1, "host_queued_start": 1585587791.551406, "device_queued": -1, "device_end": -1, "host_queued_end": 1585587791.555437}, "device": "cpu", "nd_range": {"device_start": 2255565.962170422, "device_end": 2255565.968020282}, "cmdq": 3, "read": {"device_start": -1, "device_end": -1}}, "FFC_sans_bias15": {"write": {"device_start": -1, "host_queued_start": 1585587791.545178, "device_queued": -1, "device_end": -1, "host_queued_end": 1585587791.555437}, "device": "cpu", "nd_range": {"device_start": 2255565.9060855363, "device_end": 2255565.921383826}, "cmdq": 1, "read": {"device_start": -1, "device_end": -1}}, "FFC_sans_bias31": {"write": {"device_start": -1, "host_queued_start": 1585587791.54084, "device_queued": -1, "device_end": -1, "host_queued_end": 1585587791.555437}, "device": "cpu", "nd_range": {"device_start": 2255565.9188099643, "device_end": 2255565.9346317}, "cmdq": 3, "read": {"device_start": -1, "device_end": -1}}, "FFC_sans_bias16": {"write": {"device_start": -1, "host_queued_start": 1585587791.549386, "device_queued": -1, "device_end": -1, "host_queued_end": 1585587791.555437}, "device": "cpu", "nd_range": {"device_start": 2255565.935718803, "device_end": 2255565.945754467}, "cmdq": 1, "read": {"device_start": -1, "device_end": -1}}, "FFC_sans_bias19": {"write": {"device_start": -1, "host_queued_start": 1585587791.519879, "device_queued": -1, "device_end": -1, "host_queued_end": 1585587791.555437}, "device": "cpu", "nd_range": {"device_start": 2255565.7610883713, "device_end": 2255565.776312369}, "cmdq": 3, "read": {"device_start": -1, "device_end": -1}}, "FFC_sans_bias18": {"write": {"device_start": -1, "host_queued_start": 1585587791.518825, "device_queued": -1, "device_end": -1, "host_queued_end": 1585587791.555437}, "device": "cpu", "nd_range": {"device_start": 2255565.7611910934, "device_end": 2255565.7763438392}, "cmdq": 2, "read": {"device_start": -1, "device_end": -1}}, "coalesced_transpose30": {"write": {"device_start": -1, "host_queued_start": 1585587791.538138, "device_queued": -1, "device_end": -1, "host_queued_end": 1585587791.555437}, "device": "cpu", "nd_range": {"device_start": 2255565.837973167, "device_end": 2255565.839138742}, "cmdq": 3, "read": {"device_start": -1, "device_end": -1}}, "FFC_sans_bias69": {"write": {"device_start": -1, "host_queued_start": 1585587791.547321, "device_queued": -1, "device_end": -1, "host_queued_end": 1585587791.555437}, "device": "cpu", "nd_range": {"device_start": 2255565.956606742, "device_end": 2255565.9621636993}, "cmdq": 3, "read": {"device_start": -1, "device_end": -1}}, "FFC_sans_bias38": {"write": {"device_start": -1, "host_queued_start": 1585587791.527307, "device_queued": -1, "device_end": -1, "host_queued_end": 1585587791.555437}, "device": "cpu", "nd_range": {"device_start": 2255565.791618621, "device_end": 2255565.806795847}, "cmdq": 2, "read": {"device_start": -1, "device_end": -1}}, "coalesced_transpose57": {"write": {"device_start": -1, "host_queued_start": 1585587791.539136, "device_queued": -1, "device_end": -1, "host_queued_end": 1585587791.555437}, "device": "cpu", "nd_range": {"device_start": 2255565.840235293, "device_end": 2255565.840471335}, "cmdq": 2, "read": {"device_start": -1, "device_end": -1}}, "empty26": {"write": {"device_start": -1, "host_queued_start": 1585587791.507132, "device_queued": -1, "device_end": -1, "host_queued_end": 1585587791.555437}, "device": "cpu", "nd_range": {"device_start": 2255565.74545664, "device_end": 2255565.745460396}, "cmdq": 2, "read": {"device_start": -1, "device_end": -1}}, "coalesced_transpose12": {"write": {"device_start": -1, "host_queued_start": 1585587791.537476, "device_queued": -1, "device_end": -1, "host_queued_end": 1585587791.555437}, "device": "cpu", "nd_range": {"device_start": 2255565.874398306, "device_end": 2255565.87464777}, "cmdq": 1, "read": {"device_start": -1, "device_end": -1}}, "empty44": {"write": {"device_start": -1, "host_queued_start": 1585587791.508805, "device_queued": -1, "device_end": -1, "host_queued_end": 1585587791.555437}, "device": "cpu", "nd_range": {"device_start": 2255565.745116542, "device_end": 2255565.745117429}, "cmdq": 0, "read": {"device_start": -1, "device_end": -1}}, "coalesced_transpose21": {"write": {"device_start": -1, "host_queued_start": 1585587791.537808, "device_queued": -1, "device_end": -1, "host_queued_end": 1585587791.555437}, "device": "cpu", "nd_range": {"device_start": 2255565.8376451903, "device_end": 2255565.837893904}, "cmdq": 2, "read": {"device_start": -1, "device_end": -1}}, "FFC_sans_bias36": {"write": {"device_start": -1, "host_queued_start": 1585587791.525173, "device_queued": -1, "device_end": -1, "host_queued_end": 1585587791.555437}, "device": "cpu", "nd_range": {"device_start": 2255565.79337013, "device_end": 2255565.8095016372}, "cmdq": 0, "read": {"device_start": -1, "device_end": -1}}, "softmax14": {"write": {"device_start": -1, "host_queued_start": 1585587791.54284, "device_queued": -1, "device_end": -1, "host_queued_end": 1585587791.555437}, "device": "cpu", "nd_range": {"device_start": 2255565.905647931, "device_end": 2255565.90586609}, "cmdq": 1, "read": {"device_start": -1, "device_end": -1}}, "FFC_sans_bias13": {"write": {"device_start": -1, "host_queued_start": 1585587791.540151, "device_queued": -1, "device_end": -1, "host_queued_end": 1585587791.555437}, "device": "cpu", "nd_range": {"device_start": 2255565.875106297, "device_end": 2255565.890389745}, "cmdq": 1, "read": {"device_start": -1, "device_end": -1}}, "empty8": {"write": {"device_start": -1, "host_queued_start": 1585587791.505244, "device_queued": -1, "device_end": -1, "host_queued_end": 1585587791.555437}, "device": "cpu", "nd_range": {"device_start": 2255565.745085828, "device_end": 2255565.745094463}, "cmdq": 0, "read": {"device_start": -1, "device_end": -1}}, "FFC_sans_bias42": {"write": {"device_start": -1, "host_queued_start": 1585587791.546277, "device_queued": -1, "device_end": -1, "host_queued_end": 1585587791.555437}, "device": "cpu", "nd_range": {"device_start": 2255565.88801551, "device_end": 2255565.903153621}, "cmdq": 0, "read": {"device_start": -1, "device_end": -1}}, "FFC_sans_bias43": {"write": {"device_start": -1, "host_queued_start": 1585587791.5524, "device_queued": -1, "device_end": -1, "host_queued_end": 1585587791.555437}, "device": "cpu", "nd_range": {"device_start": 2255565.918476718, "device_end": 2255565.9336529463}, "cmdq": 0, "read": {"device_start": -1, "device_end": -1}}, "FFC_sans_bias40": {"write": {"device_start": -1, "host_queued_start": 1585587791.541238, "device_queued": -1, "device_end": -1, "host_queued_end": 1585587791.555437}, "device": "cpu", "nd_range": {"device_start": 2255565.856754735, "device_end": 2255565.8719896623}, "cmdq": 0, "read": {"device_start": -1, "device_end": -1}}, "softmax32": {"write": {"device_start": -1, "host_queued_start": 1585587791.543386, "device_queued": -1, "device_end": -1, "host_queued_end": 1585587791.555437}, "device": "cpu", "nd_range": {"device_start": 2255565.950827048, "device_end": 2255565.950973189}, "cmdq": 3, "read": {"device_start": -1, "device_end": -1}}, "FFC_sans_bias47": {"write": {"device_start": -1, "host_queued_start": 1585587791.530506, "device_queued": -1, "device_end": -1, "host_queued_end": 1585587791.555437}, "device": "cpu", "nd_range": {"device_start": 2255565.84365733, "device_end": 2255565.858895333}, "cmdq": 1, "read": {"device_start": -1, "device_end": -1}}, "FFC_sans_bias45": {"write": {"device_start": -1, "host_queued_start": 1585587791.528362, "device_queued": -1, "device_end": -1, "host_queued_end": 1585587791.555437}, "device": "cpu", "nd_range": {"device_start": 2255565.791834243, "device_end": 2255565.8071055673}, "cmdq": 3, "read": {"device_start": -1, "device_end": -1}}, "softmax50": {"write": {"device_start": -1, "host_queued_start": 1585587791.543939, "device_queued": -1, "device_end": -1, "host_queued_end": 1585587791.555437}, "device": "cpu", "nd_range": {"device_start": 2255565.905871911, "device_end": 2255565.906079605}, "cmdq": 1, "read": {"device_start": -1, "device_end": -1}}, "FFC_sans_bias33": {"write": {"device_start": -1, "host_queued_start": 1585587791.545929, "device_queued": -1, "device_end": -1, "host_queued_end": 1585587791.555437}, "device": "cpu", "nd_range": {"device_start": 2255565.951353284, "device_end": 2255565.956601525}, "cmdq": 3, "read": {"device_start": -1, "device_end": -1}}, "FFC_sans_bias63": {"write": {"device_start": -1, "host_queued_start": 1585587791.536806, "device_queued": -1, "device_end": -1, "host_queued_end": 1585587791.555437}, "device": "cpu", "nd_range": {"device_start": 2255565.822642963, "device_end": 2255565.837960516}, "cmdq": 3, "read": {"device_start": -1, "device_end": -1}}, "FFC_sans_bias49": {"write": {"device_start": -1, "host_queued_start": 1585587791.541587, "device_queued": -1, "device_end": -1, "host_queued_end": 1585587791.555437}, "device": "cpu", "nd_range": {"device_start": 2255565.8903974732, "device_end": 2255565.905639471}, "cmdq": 1, "read": {"device_start": -1, "device_end": -1}}, "FFC_sans_bias64": {"write": {"device_start": -1, "host_queued_start": 1585587791.534711, "device_queued": -1, "device_end": -1, "host_queued_end": 1585587791.555437}, "device": "cpu", "nd_range": {"device_start": 2255565.859018247, "device_end": 2255565.87428097}, "cmdq": 1, "read": {"device_start": -1, "device_end": -1}}, "FFC_sans_bias65": {"write": {"device_start": -1, "host_queued_start": 1585587791.535763, "device_queued": -1, "device_end": -1, "host_queued_end": 1585587791.555437}, "device": "cpu", "nd_range": {"device_start": 2255565.822273616, "device_end": 2255565.8375157993}, "cmdq": 2, "read": {"device_start": -1, "device_end": -1}}, "FFC_sans_bias67": {"write": {"device_start": -1, "host_queued_start": 1585587791.542279, "device_queued": -1, "device_end": -1, "host_queued_end": 1585587791.555437}, "device": "cpu", "nd_range": {"device_start": 2255565.934640549, "device_end": 2255565.9508188763}, "cmdq": 3, "read": {"device_start": -1, "device_end": -1}}, "FFC_sans_bias24": {"write": {"device_start": -1, "host_queued_start": 1585587791.545547, "device_queued": -1, "device_end": -1, "host_queued_end": 1585587791.555437}, "device": "cpu", "nd_range": {"device_start": 2255565.873798075, "device_end": 2255565.890135812}, "cmdq": 2, "read": {"device_start": -1, "device_end": -1}}, "FFC_sans_bias25": {"write": {"device_start": -1, "host_queued_start": 1585587791.550399, "device_queued": -1, "device_end": -1, "host_queued_end": 1585587791.555437}, "device": "cpu", "nd_range": {"device_start": 2255565.9076724323, "device_end": 2255565.923511967}, "cmdq": 2, "read": {"device_start": -1, "device_end": -1}}, "FFC_sans_bias27": {"write": {"device_start": -1, "host_queued_start": 1585587791.521997, "device_queued": -1, "device_end": -1, "host_queued_end": 1585587791.555437}, "device": "cpu", "nd_range": {"device_start": 2255565.7947876602, "device_end": 2255565.8191558733}, "cmdq": 1, "read": {"device_start": -1, "device_end": -1}}, "FFC_sans_bias20": {"write": {"device_start": -1, "host_queued_start": 1585587791.520944, "device_queued": -1, "device_end": -1, "host_queued_end": 1585587791.555437}, "device": "cpu", "nd_range": {"device_start": 2255565.77775378, "device_end": 2255565.7932491964}, "cmdq": 0, "read": {"device_start": -1, "device_end": -1}}, "FFC_sans_bias22": {"write": {"device_start": -1, "host_queued_start": 1585587791.540498, "device_queued": -1, "device_end": -1, "host_queued_end": 1585587791.555437}, "device": "cpu", "nd_range": {"device_start": 2255565.8405799563, "device_end": 2255565.8567722864}, "cmdq": 2, "read": {"device_start": -1, "device_end": -1}}, "softmax68": {"write": {"device_start": -1, "host_queued_start": 1585587791.544489, "device_queued": -1, "device_end": -1, "host_queued_end": 1585587791.555437}, "device": "cpu", "nd_range": {"device_start": 2255565.951088332, "device_end": 2255565.951347363}, "cmdq": 3, "read": {"device_start": -1, "device_end": -1}}, "softmax5": {"write": {"device_start": -1, "host_queued_start": 1585587791.542559, "device_queued": -1, "device_end": -1, "host_queued_end": 1585587791.555437}, "device": "cpu", "nd_range": {"device_start": 2255565.872119532, "device_end": 2255565.872337879}, "cmdq": 0, "read": {"device_start": -1, "device_end": -1}}, "FFC_sans_bias28": {"write": {"device_start": -1, "host_queued_start": 1585587791.52307, "device_queued": -1, "device_end": -1, "host_queued_end": 1585587791.555437}, "device": "cpu", "nd_range": {"device_start": 2255565.7763567953, "device_end": 2255565.791494986}, "cmdq": 2, "read": {"device_start": -1, "device_end": -1}}, "FFC_sans_bias29": {"write": {"device_start": -1, "host_queued_start": 1585587791.524127, "device_queued": -1, "device_end": -1, "host_queued_end": 1585587791.555437}, "device": "cpu", "nd_range": {"device_start": 2255565.776538868, "device_end": 2255565.791721667}, "cmdq": 3, "read": {"device_start": -1, "device_end": -1}}, "empty17": {"write": {"device_start": -1, "host_queued_start": 1585587791.506266, "device_queued": -1, "device_end": -1, "host_queued_end": 1585587791.555437}, "device": "cpu", "nd_range": {"device_start": 2255565.7450826773, "device_end": 2255565.745094459}, "cmdq": 1, "read": {"device_start": -1, "device_end": -1}}, "softmax59": {"write": {"device_start": -1, "host_queued_start": 1585587791.544211, "device_queued": -1, "device_end": -1, "host_queued_end": 1585587791.555437}, "device": "cpu", "nd_range": {"device_start": 2255565.8734930963, "device_end": 2255565.8736943454}, "cmdq": 2, "read": {"device_start": -1, "device_end": -1}}, "empty71": {"write": {"device_start": -1, "host_queued_start": 1585587791.511313, "device_queued": -1, "device_end": -1, "host_queued_end": 1585587791.555437}, "device": "cpu", "nd_range": {"device_start": 2255565.745169343, "device_end": 2255565.745170146}, "cmdq": 3, "read": {"device_start": -1, "device_end": -1}}, "empty35": {"write": {"device_start": -1, "host_queued_start": 1585587791.507972, "device_queued": -1, "device_end": -1, "host_queued_end": 1585587791.555437}, "device": "cpu", "nd_range": {"device_start": 2255565.7451489293, "device_end": 2255565.7451533233}, "cmdq": 3, "read": {"device_start": -1, "device_end": -1}}, "empty53": {"write": {"device_start": -1, "host_queued_start": 1585587791.509635, "device_queued": -1, "device_end": -1, "host_queued_end": 1585587791.555437}, "device": "cpu", "nd_range": {"device_start": 2255565.745116442, "device_end": 2255565.7451175023}, "cmdq": 1, "read": {"device_start": -1, "device_end": -1}}, "FFC_sans_bias46": {"write": {"device_start": -1, "host_queued_start": 1585587791.52941, "device_queued": -1, "device_end": -1, "host_queued_end": 1585587791.555437}, "device": "cpu", "nd_range": {"device_start": 2255565.809628717, "device_end": 2255565.8256869162}, "cmdq": 0, "read": {"device_start": -1, "device_end": -1}}, "coalesced_transpose66": {"write": {"device_start": -1, "host_queued_start": 1585587791.539467, "device_queued": -1, "device_end": -1, "host_queued_end": 1585587791.555437}, "device": "cpu", "nd_range": {"device_start": 2255565.91853694, "device_end": 2255565.918795107}, "cmdq": 3, "read": {"device_start": -1, "device_end": -1}}, "coalesced_transpose48": {"write": {"device_start": -1, "host_queued_start": 1585587791.538808, "device_queued": -1, "device_end": -1, "host_queued_end": 1585587791.555437}, "device": "cpu", "nd_range": {"device_start": 2255565.87475437, "device_end": 2255565.875001315}, "cmdq": 1, "read": {"device_start": -1, "device_end": -1}}}