{"FFC_sans_bias60": {"write": {"device_start": -1, "host_queued_start": 1585587752.442382, "device_queued": -1, "device_end": -1, "host_queued_end": 1585587752.448034}, "device": "gpu", "nd_range": {"device_start": 1585587687.0116975, "device_end": 1585587687.0140042}, "cmdq": 3, "read": {"device_start": -1, "device_end": -1}}, "FFC_sans_bias4": {"write": {"device_start": -1, "host_queued_start": 1585587752.463822, "device_queued": -1, "device_end": -1, "host_queued_end": 1585587752.469595}, "device": "cpu", "nd_range": {"device_start": 2255526.696057549, "device_end": 2255526.703678953}, "cmdq": 0, "read": {"device_start": -1, "device_end": -1}}, "FFC_sans_bias7": {"write": {"device_start": -1, "host_queued_start": 1585587752.467557, "device_queued": -1, "device_end": -1, "host_queued_end": 1585587752.469595}, "device": "cpu", "nd_range": {"device_start": 2255526.7283816123, "device_end": 2255526.7345613833}, "cmdq": 0, "read": {"device_start": -1, "device_end": -1}}, "FFC_sans_bias6": {"write": {"device_start": -1, "host_queued_start": 1585587752.465738, "device_queued": -1, "device_end": -1, "host_queued_end": 1585587752.469595}, "device": "cpu", "nd_range": {"device_start": 2255526.711967527, "device_end": 2255526.728372854}, "cmdq": 0, "read": {"device_start": -1, "device_end": -1}}, "FFC_sans_bias1": {"write": {"device_start": -1, "host_queued_start": 1585587752.454238, "device_queued": -1, "device_end": -1, "host_queued_end": 1585587752.469595}, "device": "cpu", "nd_range": {"device_start": 2255526.659245062, "device_end": 2255526.670950295}, "cmdq": 1, "read": {"device_start": -1, "device_end": -1}}, "FFC_sans_bias0": {"write": {"device_start": -1, "host_queued_start": 1585587752.453043, "device_queued": -1, "device_end": -1, "host_queued_end": 1585587752.469595}, "device": "cpu", "nd_range": {"device_start": 2255526.659210244, "device_end": 2255526.66782363}, "cmdq": 0, "read": {"device_start": -1, "device_end": -1}}, "FFC_sans_bias2": {"write": {"device_start": -1, "host_queued_start": 1585587752.455387, "device_queued": -1, "device_end": -1, "host_queued_end": 1585587752.469595}, "device": "cpu", "nd_range": {"device_start": 2255526.6592105622, "device_end": 2255526.673766693}, "cmdq": 2, "read": {"device_start": -1, "device_end": -1}}, "FFC_sans_bias61": {"write": {"device_start": 1585587687.0141397, "host_queued_start": 1585587752.446887, "device_queued": 1585587687.0041552, "device_end": 1585587687.0141733, "host_queued_end": 1585587752.448034}, "device": "gpu", "nd_range": {"device_start": 1585587687.0141776, "device_end": 1585587687.0163834}, "cmdq": 3, "read": {"device_start": 1585587687.0163927, "device_end": 1585587687.016415}}, "FFC_sans_bias52": {"write": {"device_start": 1585587687.0133376, "host_queued_start": 1585587752.445837, "device_queued": 1585587687.0041265, "device_end": 1585587687.0133631, "host_queued_end": 1585587752.448034}, "device": "gpu", "nd_range": {"device_start": 1585587687.0133665, "device_end": 1585587687.015438}, "cmdq": 2, "read": {"device_start": 1585587687.0154443, "device_end": 1585587687.0154676}}, "FFC_sans_bias9": {"write": {"device_start": -1, "host_queued_start": 1585587752.456446, "device_queued": -1, "device_end": -1, "host_queued_end": 1585587752.469595}, "device": "cpu", "nd_range": {"device_start": 2255526.6688954663, "device_end": 2255526.6813374013}, "cmdq": 0, "read": {"device_start": -1, "device_end": -1}}, "coalesced_transpose39": {"write": {"device_start": -1, "host_queued_start": 1585587752.437297, "device_queued": -1, "device_end": -1, "host_queued_end": 1585587752.448034}, "device": "gpu", "nd_range": {"device_start": 1585587687.007488, "device_end": 1585587687.00879}, "cmdq": 1, "read": {"device_start": -1, "device_end": -1}}, "FFC_sans_bias55": {"write": {"device_start": 1585587687.005169, "host_queued_start": 1585587752.43348, "device_queued": 1585587687.0025403, "device_end": 1585587687.0051944, "host_queued_end": 1585587752.448034}, "device": "gpu", "nd_range": {"device_start": 1585587687.0052004, "device_end": 1585587687.007485}, "cmdq": 1, "read": {"device_start": -1, "device_end": -1}}, "FFC_sans_bias54": {"write": {"device_start": 1585587687.0046606, "host_queued_start": 1585587752.43244, "device_queued": 1585587687.0025043, "device_end": 1585587687.0046928, "host_queued_end": 1585587752.448034}, "device": "gpu", "nd_range": {"device_start": 1585587687.0046952, "device_end": 1585587687.0069788}, "cmdq": 0, "read": {"device_start": -1, "device_end": -1}}, "FFC_sans_bias56": {"write": {"device_start": 1585587687.0041885, "host_queued_start": 1585587752.431397, "device_queued": 1585587687.0023012, "device_end": 1585587687.0042198, "host_queued_end": 1585587752.448034}, "device": "gpu", "nd_range": {"device_start": 1585587687.0042272, "device_end": 1585587687.0065212}, "cmdq": 4, "read": {"device_start": -1, "device_end": -1}}, "FFC_sans_bias51": {"write": {"device_start": -1, "host_queued_start": 1585587752.442067, "device_queued": -1, "device_end": -1, "host_queued_end": 1585587752.448034}, "device": "gpu", "nd_range": {"device_start": 1585587687.0114708, "device_end": 1585587687.0124679}, "cmdq": 2, "read": {"device_start": -1, "device_end": -1}}, "softmax23": {"write": {"device_start": -1, "host_queued_start": 1585587752.4654, "device_queued": -1, "device_end": -1, "host_queued_end": 1585587752.469595}, "device": "cpu", "nd_range": {"device_start": 2255526.7143285223, "device_end": 2255526.714537185}, "cmdq": 2, "read": {"device_start": -1, "device_end": -1}}, "FFC_sans_bias37": {"write": {"device_start": 1585587687.0019233, "host_queued_start": 1585587752.426114, "device_queued": 1585587687.0016768, "device_end": 1585587687.001949, "host_queued_end": 1585587752.448034}, "device": "gpu", "nd_range": {"device_start": 1585587687.0019586, "device_end": 1585587687.004111}, "cmdq": 4, "read": {"device_start": -1, "device_end": -1}}, "empty62": {"write": {"device_start": 1585587687.0012906, "host_queued_start": 1585587752.4198, "device_queued": 1585587687.0009882, "device_end": 1585587687.0013738, "host_queued_end": 1585587752.448034}, "device": "gpu", "nd_range": {"device_start": 1585587687.0013795, "device_end": 1585587687.0013864}, "cmdq": 3, "read": {"device_start": -1, "device_end": -1}}, "FFC_sans_bias70": {"write": {"device_start": 1585587687.0136137, "host_queued_start": 1585587752.44793, "device_queued": 1585587687.0043116, "device_end": 1585587687.0136452, "host_queued_end": 1585587752.448034}, "device": "gpu", "nd_range": {"device_start": 1585587687.0136511, "device_end": 1585587687.0159206}, "cmdq": 4, "read": {"device_start": 1585587687.0159254, "device_end": 1585587687.015948}}, "FFC_sans_bias58": {"write": {"device_start": -1, "host_queued_start": 1585587752.439517, "device_queued": -1, "device_end": -1, "host_queued_end": 1585587752.448034}, "device": "gpu", "nd_range": {"device_start": 1585587687.008812, "device_end": 1585587687.010841}, "cmdq": 3, "read": {"device_start": -1, "device_end": -1}}, "softmax41": {"write": {"device_start": -1, "host_queued_start": 1585587752.440338, "device_queued": -1, "device_end": -1, "host_queued_end": 1585587752.448034}, "device": "gpu", "nd_range": {"device_start": 1585587687.0098689, "device_end": 1585587687.0114653}, "cmdq": 1, "read": {"device_start": -1, "device_end": -1}}, "FFC_sans_bias11": {"write": {"device_start": -1, "host_queued_start": 1585587752.458551, "device_queued": -1, "device_end": -1, "host_queued_end": 1585587752.469595}, "device": "cpu", "nd_range": {"device_start": 2255526.6738888193, "device_end": 2255526.690530787}, "cmdq": 2, "read": {"device_start": -1, "device_end": -1}}, "FFC_sans_bias10": {"write": {"device_start": -1, "host_queued_start": 1585587752.457498, "device_queued": -1, "device_end": -1, "host_queued_end": 1585587752.469595}, "device": "cpu", "nd_range": {"device_start": 2255526.671077752, "device_end": 2255526.683561392}, "cmdq": 1, "read": {"device_start": -1, "device_end": -1}}, "coalesced_transpose3": {"write": {"device_start": -1, "host_queued_start": 1585587752.462632, "device_queued": -1, "device_end": -1, "host_queued_end": 1585587752.469595}, "device": "cpu", "nd_range": {"device_start": 2255526.6954393433, "device_end": 2255526.695684221}, "cmdq": 0, "read": {"device_start": -1, "device_end": -1}}, "FFC_sans_bias34": {"write": {"device_start": 1585587687.0131927, "host_queued_start": 1585587752.443738, "device_queued": 1585587687.003939, "device_end": 1585587687.0132177, "host_queued_end": 1585587752.448034}, "device": "gpu", "nd_range": {"device_start": 1585587687.013221, "device_end": 1585587687.0149589}, "cmdq": 0, "read": {"device_start": 1585587687.0149605, "device_end": 1585587687.0149913}}, "FFC_sans_bias15": {"write": {"device_start": -1, "host_queued_start": 1585587752.466106, "device_queued": -1, "device_end": -1, "host_queued_end": 1585587752.469595}, "device": "cpu", "nd_range": {"device_start": 2255526.7071680403, "device_end": 2255526.719959984}, "cmdq": 1, "read": {"device_start": -1, "device_end": -1}}, "FFC_sans_bias31": {"write": {"device_start": -1, "host_queued_start": 1585587752.438538, "device_queued": -1, "device_end": -1, "host_queued_end": 1585587752.448034}, "device": "gpu", "nd_range": {"device_start": 1585587687.0087814, "device_end": 1585587687.0094066}, "cmdq": 0, "read": {"device_start": -1, "device_end": -1}}, "FFC_sans_bias16": {"write": {"device_start": -1, "host_queued_start": 1585587752.468557, "device_queued": -1, "device_end": -1, "host_queued_end": 1585587752.469595}, "device": "cpu", "nd_range": {"device_start": 2255526.720091117, "device_end": 2255526.729575919}, "cmdq": 1, "read": {"device_start": -1, "device_end": -1}}, "FFC_sans_bias19": {"write": {"device_start": -1, "host_queued_start": 1585587752.460791, "device_queued": -1, "device_end": -1, "host_queued_end": 1585587752.469595}, "device": "cpu", "nd_range": {"device_start": 2255526.683672899, "device_end": 2255526.6948262732}, "cmdq": 1, "read": {"device_start": -1, "device_end": -1}}, "FFC_sans_bias18": {"write": {"device_start": -1, "host_queued_start": 1585587752.459618, "device_queued": -1, "device_end": -1, "host_queued_end": 1585587752.469595}, "device": "cpu", "nd_range": {"device_start": 2255526.681346395, "device_end": 2255526.69528619}, "cmdq": 0, "read": {"device_start": -1, "device_end": -1}}, "coalesced_transpose30": {"write": {"device_start": -1, "host_queued_start": 1585587752.436989, "device_queued": -1, "device_end": -1, "host_queued_end": 1585587752.448034}, "device": "gpu", "nd_range": {"device_start": 1585587687.00698, "device_end": 1585587687.0087802}, "cmdq": 0, "read": {"device_start": -1, "device_end": -1}}, "FFC_sans_bias69": {"write": {"device_start": -1, "host_queued_start": 1585587752.442727, "device_queued": -1, "device_end": -1, "host_queued_end": 1585587752.448034}, "device": "gpu", "nd_range": {"device_start": 1585587687.011623, "device_end": 1585587687.013475}, "cmdq": 4, "read": {"device_start": -1, "device_end": -1}}, "FFC_sans_bias38": {"write": {"device_start": 1585587687.0023, "host_queued_start": 1585587752.427191, "device_queued": 1585587687.0019212, "device_end": 1585587687.0023246, "host_queued_end": 1585587752.448034}, "device": "gpu", "nd_range": {"device_start": 1585587687.002329, "device_end": 1585587687.0045528}, "cmdq": 0, "read": {"device_start": -1, "device_end": -1}}, "coalesced_transpose57": {"write": {"device_start": -1, "host_queued_start": 1585587752.437914, "device_queued": -1, "device_end": -1, "host_queued_end": 1585587752.448034}, "device": "gpu", "nd_range": {"device_start": 1585587687.0084736, "device_end": 1585587687.0088108}, "cmdq": 3, "read": {"device_start": -1, "device_end": -1}}, "empty26": {"write": {"device_start": -1, "host_queued_start": 1585587752.451776, "device_queued": -1, "device_end": -1, "host_queued_end": 1585587752.469595}, "device": "cpu", "nd_range": {"device_start": 2255526.659182318, "device_end": 2255526.659190495}, "cmdq": 2, "read": {"device_start": -1, "device_end": -1}}, "coalesced_transpose12": {"write": {"device_start": -1, "host_queued_start": 1585587752.463034, "device_queued": -1, "device_end": -1, "host_queued_end": 1585587752.469595}, "device": "cpu", "nd_range": {"device_start": 2255526.694947023, "device_end": 2255526.695186958}, "cmdq": 1, "read": {"device_start": -1, "device_end": -1}}, "empty44": {"write": {"device_start": 1585587687.001091, "host_queued_start": 1585587752.418092, "device_queued": 1585587687.000946, "device_end": 1585587687.001154, "host_queued_end": 1585587752.448034}, "device": "gpu", "nd_range": {"device_start": 1585587687.0013337, "device_end": 1585587687.0013769}, "cmdq": 1, "read": {"device_start": -1, "device_end": -1}}, "coalesced_transpose21": {"write": {"device_start": -1, "host_queued_start": 1585587752.463415, "device_queued": -1, "device_end": -1, "host_queued_end": 1585587752.469595}, "device": "cpu", "nd_range": {"device_start": 2255526.70457966, "device_end": 2255526.704823866}, "cmdq": 2, "read": {"device_start": -1, "device_end": -1}}, "FFC_sans_bias36": {"write": {"device_start": 1585587687.001835, "host_queued_start": 1585587752.4249, "device_queued": 1585587687.0016627, "device_end": 1585587687.0019033, "host_queued_end": 1585587752.448034}, "device": "gpu", "nd_range": {"device_start": 1585587687.0019143, "device_end": 1585587687.0035563}, "cmdq": 3, "read": {"device_start": -1, "device_end": -1}}, "softmax14": {"write": {"device_start": -1, "host_queued_start": 1585587752.46513, "device_queued": -1, "device_end": -1, "host_queued_end": 1585587752.469595}, "device": "cpu", "nd_range": {"device_start": 2255526.706840158, "device_end": 2255526.707057462}, "cmdq": 1, "read": {"device_start": -1, "device_end": -1}}, "FFC_sans_bias13": {"write": {"device_start": -1, "host_queued_start": 1585587752.464189, "device_queued": -1, "device_end": -1, "host_queued_end": 1585587752.469595}, "device": "cpu", "nd_range": {"device_start": 2255526.69529954, "device_end": 2255526.706728136}, "cmdq": 1, "read": {"device_start": -1, "device_end": -1}}, "empty8": {"write": {"device_start": -1, "host_queued_start": 1585587752.449736, "device_queued": -1, "device_end": -1, "host_queued_end": 1585587752.469595}, "device": "cpu", "nd_range": {"device_start": 2255526.6591792894, "device_end": 2255526.659190517}, "cmdq": 0, "read": {"device_start": -1, "device_end": -1}}, "FFC_sans_bias42": {"write": {"device_start": -1, "host_queued_start": 1585587752.441749, "device_queued": -1, "device_end": -1, "host_queued_end": 1585587752.448034}, "device": "gpu", "nd_range": {"device_start": 1585587687.0114665, "device_end": 1585587687.0120726}, "cmdq": 1, "read": {"device_start": -1, "device_end": -1}}, "FFC_sans_bias43": {"write": {"device_start": 1585587687.0122344, "host_queued_start": 1585587752.444791, "device_queued": 1585587687.0040925, "device_end": 1585587687.0122657, "host_queued_end": 1585587752.448034}, "device": "gpu", "nd_range": {"device_start": 1585587687.0122712, "device_end": 1585587687.0144515}, "cmdq": 1, "read": {"device_start": 1585587687.0144541, "device_end": 1585587687.014478}}, "FFC_sans_bias40": {"write": {"device_start": -1, "host_queued_start": 1585587752.438882, "device_queued": -1, "device_end": -1, "host_queued_end": 1585587752.448034}, "device": "gpu", "nd_range": {"device_start": 1585587687.0087912, "device_end": 1585587687.009868}, "cmdq": 1, "read": {"device_start": -1, "device_end": -1}}, "softmax32": {"write": {"device_start": -1, "host_queued_start": 1585587752.440087, "device_queued": -1, "device_end": -1, "host_queued_end": 1585587752.448034}, "device": "gpu", "nd_range": {"device_start": 1585587687.0094075, "device_end": 1585587687.0114758}, "cmdq": 0, "read": {"device_start": -1, "device_end": -1}}, "FFC_sans_bias47": {"write": {"device_start": 1585587687.0036676, "host_queued_start": 1585587752.430322, "device_queued": 1585587687.00211, "device_end": 1585587687.0036986, "host_queued_end": 1585587752.448034}, "device": "gpu", "nd_range": {"device_start": 1585587687.0037065, "device_end": 1585587687.0060182}, "cmdq": 3, "read": {"device_start": -1, "device_end": -1}}, "FFC_sans_bias45": {"write": {"device_start": 1585587687.0026762, "host_queued_start": 1585587752.428229, "device_queued": 1585587687.0020676, "device_end": 1585587687.002701, "host_queued_end": 1585587752.448034}, "device": "gpu", "nd_range": {"device_start": 1585587687.0027063, "device_end": 1585587687.0050597}, "cmdq": 1, "read": {"device_start": -1, "device_end": -1}}, "softmax50": {"write": {"device_start": -1, "host_queued_start": 1585587752.440585, "device_queued": -1, "device_end": -1, "host_queued_end": 1585587752.448034}, "device": "gpu", "nd_range": {"device_start": 1585587687.0103936, "device_end": 1585587687.0114694}, "cmdq": 2, "read": {"device_start": -1, "device_end": -1}}, "FFC_sans_bias33": {"write": {"device_start": -1, "host_queued_start": 1585587752.441432, "device_queued": -1, "device_end": -1, "host_queued_end": 1585587752.448034}, "device": "gpu", "nd_range": {"device_start": 1585587687.0114768, "device_end": 1585587687.0130467}, "cmdq": 0, "read": {"device_start": -1, "device_end": -1}}, "FFC_sans_bias63": {"write": {"device_start": 1585587687.0066478, "host_queued_start": 1585587752.436654, "device_queued": 1585587687.002768, "device_end": 1585587687.0066795, "host_queued_end": 1585587752.448034}, "device": "gpu", "nd_range": {"device_start": 1585587687.006695, "device_end": 1585587687.0089087}, "cmdq": 4, "read": {"device_start": -1, "device_end": -1}}, "FFC_sans_bias49": {"write": {"device_start": -1, "host_queued_start": 1585587752.439202, "device_queued": -1, "device_end": -1, "host_queued_end": 1585587752.448034}, "device": "gpu", "nd_range": {"device_start": 1585587687.0088084, "device_end": 1585587687.0103922}, "cmdq": 2, "read": {"device_start": -1, "device_end": -1}}, "FFC_sans_bias64": {"write": {"device_start": 1585587687.0056496, "host_queued_start": 1585587752.434528, "device_queued": 1585587687.0027235, "device_end": 1585587687.0056756, "host_queued_end": 1585587752.448034}, "device": "gpu", "nd_range": {"device_start": 1585587687.0056787, "device_end": 1585587687.0079494}, "cmdq": 2, "read": {"device_start": -1, "device_end": -1}}, "FFC_sans_bias65": {"write": {"device_start": 1585587687.0061257, "host_queued_start": 1585587752.435601, "device_queued": 1585587687.0027444, "device_end": 1585587687.0061567, "host_queued_end": 1585587752.448034}, "device": "gpu", "nd_range": {"device_start": 1585587687.006165, "device_end": 1585587687.008462}, "cmdq": 3, "read": {"device_start": -1, "device_end": -1}}, "FFC_sans_bias67": {"write": {"device_start": -1, "host_queued_start": 1585587752.439831, "device_queued": -1, "device_end": -1, "host_queued_end": 1585587752.448034}, "device": "gpu", "nd_range": {"device_start": 1585587687.0107388, "device_end": 1585587687.0113485}, "cmdq": 4, "read": {"device_start": -1, "device_end": -1}}, "FFC_sans_bias24": {"write": {"device_start": -1, "host_queued_start": 1585587752.466469, "device_queued": -1, "device_end": -1, "host_queued_end": 1585587752.469595}, "device": "cpu", "nd_range": {"device_start": 2255526.714651022, "device_end": 2255526.730470903}, "cmdq": 2, "read": {"device_start": -1, "device_end": -1}}, "FFC_sans_bias25": {"write": {"device_start": -1, "host_queued_start": 1585587752.469551, "device_queued": -1, "device_end": -1, "host_queued_end": 1585587752.469595}, "device": "cpu", "nd_range": {"device_start": 2255526.730579848, "device_end": 2255526.744428528}, "cmdq": 2, "read": {"device_start": -1, "device_end": -1}}, "FFC_sans_bias27": {"write": {"device_start": 1585587687.0014908, "host_queued_start": 1585587752.421679, "device_queued": 1585587687.0013902, "device_end": 1585587687.0015516, "host_queued_end": 1585587752.448034}, "device": "gpu", "nd_range": {"device_start": 1585587687.001561, "device_end": 1585587687.0021708}, "cmdq": 0, "read": {"device_start": -1, "device_end": -1}}, "FFC_sans_bias20": {"write": {"device_start": -1, "host_queued_start": 1585587752.462205, "device_queued": -1, "device_end": -1, "host_queued_end": 1585587752.469595}, "device": "cpu", "nd_range": {"device_start": 2255526.690651724, "device_end": 2255526.7044652263}, "cmdq": 2, "read": {"device_start": -1, "device_end": -1}}, "FFC_sans_bias22": {"write": {"device_start": -1, "host_queued_start": 1585587752.464572, "device_queued": -1, "device_end": -1, "host_queued_end": 1585587752.469595}, "device": "cpu", "nd_range": {"device_start": 2255526.704932753, "device_end": 2255526.714219029}, "cmdq": 2, "read": {"device_start": -1, "device_end": -1}}, "softmax68": {"write": {"device_start": -1, "host_queued_start": 1585587752.441099, "device_queued": -1, "device_end": -1, "host_queued_end": 1585587752.448034}, "device": "gpu", "nd_range": {"device_start": 1585587687.0113497, "device_end": 1585587687.0116217}, "cmdq": 4, "read": {"device_start": -1, "device_end": -1}}, "softmax5": {"write": {"device_start": -1, "host_queued_start": 1585587752.464853, "device_queued": -1, "device_end": -1, "host_queued_end": 1585587752.469595}, "device": "cpu", "nd_range": {"device_start": 2255526.71142285, "device_end": 2255526.711633829}, "cmdq": 0, "read": {"device_start": -1, "device_end": -1}}, "FFC_sans_bias28": {"write": {"device_start": 1585587687.0015926, "host_queued_start": 1585587752.422784, "device_queued": 1585587687.0014572, "device_end": 1585587687.0016263, "host_queued_end": 1585587752.448034}, "device": "gpu", "nd_range": {"device_start": 1585587687.0017083, "device_end": 1585587687.00257}, "cmdq": 1, "read": {"device_start": -1, "device_end": -1}}, "FFC_sans_bias29": {"write": {"device_start": 1585587687.0017414, "host_queued_start": 1585587752.423862, "device_queued": 1585587687.0016353, "device_end": 1585587687.001801, "host_queued_end": 1585587752.448034}, "device": "gpu", "nd_range": {"device_start": 1585587687.0018938, "device_end": 1585587687.0031416}, "cmdq": 2, "read": {"device_start": -1, "device_end": -1}}, "empty17": {"write": {"device_start": -1, "host_queued_start": 1585587752.450799, "device_queued": -1, "device_end": -1, "host_queued_end": 1585587752.469595}, "device": "cpu", "nd_range": {"device_start": 2255526.65922451, "device_end": 2255526.659228839}, "cmdq": 1, "read": {"device_start": -1, "device_end": -1}}, "softmax59": {"write": {"device_start": -1, "host_queued_start": 1585587752.440845, "device_queued": -1, "device_end": -1, "host_queued_end": 1585587752.448034}, "device": "gpu", "nd_range": {"device_start": 1585587687.0108423, "device_end": 1585587687.0116966}, "cmdq": 3, "read": {"device_start": -1, "device_end": -1}}, "empty71": {"write": {"device_start": 1585587687.0013888, "host_queued_start": 1585587752.420655, "device_queued": 1585587687.0012796, "device_end": 1585587687.0014648, "host_queued_end": 1585587752.448034}, "device": "gpu", "nd_range": {"device_start": 1585587687.0014682, "device_end": 1585587687.0014756}, "cmdq": 4, "read": {"device_start": -1, "device_end": -1}}, "empty35": {"write": {"device_start": 1585587687.0009735, "host_queued_start": 1585587752.417051, "device_queued": 1585587687.000832, "device_end": 1585587687.001025, "host_queued_end": 1585587752.448034}, "device": "gpu", "nd_range": {"device_start": 1585587687.0010335, "device_end": 1585587687.0010455}, "cmdq": 0, "read": {"device_start": -1, "device_end": -1}}, "empty53": {"write": {"device_start": 1585587687.0011961, "host_queued_start": 1585587752.418963, "device_queued": 1585587687.0009677, "device_end": 1585587687.001267, "host_queued_end": 1585587752.448034}, "device": "gpu", "nd_range": {"device_start": 1585587687.001368, "device_end": 1585587687.0013852}, "cmdq": 2, "read": {"device_start": -1, "device_end": -1}}, "FFC_sans_bias46": {"write": {"device_start": 1585587687.0033612, "host_queued_start": 1585587752.429274, "device_queued": 1585587687.0020947, "device_end": 1585587687.0033867, "host_queued_end": 1585587752.448034}, "device": "gpu", "nd_range": {"device_start": 1585587687.003391, "device_end": 1585587687.0055408}, "cmdq": 2, "read": {"device_start": -1, "device_end": -1}}, "coalesced_transpose66": {"write": {"device_start": -1, "host_queued_start": 1585587752.438214, "device_queued": -1, "device_end": -1, "host_queued_end": 1585587752.448034}, "device": "gpu", "nd_range": {"device_start": 1585587687.0089192, "device_end": 1585587687.0107374}, "cmdq": 4, "read": {"device_start": -1, "device_end": -1}}, "coalesced_transpose48": {"write": {"device_start": -1, "host_queued_start": 1585587752.437607, "device_queued": -1, "device_end": -1, "host_queued_end": 1585587752.448034}, "device": "gpu", "nd_range": {"device_start": 1585587687.0079508, "device_end": 1585587687.008807}, "cmdq": 2, "read": {"device_start": -1, "device_end": -1}}}