{"FFC_sans_bias60": {"write": {"device_start": -1, "host_queued_start": 1585587195.560466, "device_queued": -1, "device_end": -1, "host_queued_end": 1585587195.568253}, "device": "gpu", "nd_range": {"device_start": 1585587130.1612163, "device_end": 1585587130.161813}, "cmdq": 0, "read": {"device_start": -1, "device_end": -1}}, "FFC_sans_bias4": {"write": {"device_start": -1, "host_queued_start": 1585587195.574639, "device_queued": -1, "device_end": -1, "host_queued_end": 1585587195.576498}, "device": "cpu", "nd_range": {"device_start": 2254969.779124171, "device_end": 2254969.783153645}, "cmdq": 0, "read": {"device_start": -1, "device_end": -1}}, "FFC_sans_bias7": {"write": {"device_start": -1, "host_queued_start": 1585587195.576451, "device_queued": -1, "device_end": -1, "host_queued_end": 1585587195.576498}, "device": "cpu", "nd_range": {"device_start": 2254969.788875686, "device_end": 2254969.7932436233}, "cmdq": 0, "read": {"device_start": -1, "device_end": -1}}, "FFC_sans_bias6": {"write": {"device_start": -1, "host_queued_start": 1585587195.575312, "device_queued": -1, "device_end": -1, "host_queued_end": 1585587195.576498}, "device": "cpu", "nd_range": {"device_start": 2254969.783454852, "device_end": 2254969.788868134}, "cmdq": 0, "read": {"device_start": -1, "device_end": -1}}, "FFC_sans_bias1": {"write": {"device_start": -1, "host_queued_start": 1585587195.572668, "device_queued": -1, "device_end": -1, "host_queued_end": 1585587195.576498}, "device": "cpu", "nd_range": {"device_start": 2254969.77068443, "device_end": 2254969.774758838}, "cmdq": 0, "read": {"device_start": -1, "device_end": -1}}, "FFC_sans_bias0": {"write": {"device_start": -1, "host_queued_start": 1585587195.571418, "device_queued": -1, "device_end": -1, "host_queued_end": 1585587195.576498}, "device": "cpu", "nd_range": {"device_start": 2254969.766068267, "device_end": 2254969.7706523123}, "cmdq": 0, "read": {"device_start": -1, "device_end": -1}}, "FFC_sans_bias2": {"write": {"device_start": -1, "host_queued_start": 1585587195.573891, "device_queued": -1, "device_end": -1, "host_queued_end": 1585587195.576498}, "device": "cpu", "nd_range": {"device_start": 2254969.7747831843, "device_end": 2254969.778819775}, "cmdq": 0, "read": {"device_start": -1, "device_end": -1}}, "FFC_sans_bias61": {"write": {"device_start": 1585587130.166388, "host_queued_start": 1585587195.567112, "device_queued": 1585587130.140473, "device_end": 1585587130.166411, "host_queued_end": 1585587195.568253}, "device": "gpu", "nd_range": {"device_start": 1585587130.1664157, "device_end": 1585587130.167002}, "cmdq": 0, "read": {"device_start": 1585587130.1670046, "device_end": 1585587130.1670268}}, "FFC_sans_bias52": {"write": {"device_start": 1585587130.1656036, "host_queued_start": 1585587195.566066, "device_queued": 1585587130.140409, "device_end": 1585587130.1656265, "host_queued_end": 1585587195.568253}, "device": "gpu", "nd_range": {"device_start": 1585587130.1656313, "device_end": 1585587130.166226}, "cmdq": 0, "read": {"device_start": 1585587130.1662292, "device_end": 1585587130.1662514}}, "FFC_sans_bias9": {"write": {"device_start": 1585587130.137342, "host_queued_start": 1585587195.531178, "device_queued": 1585587130.1364064, "device_end": 1585587130.1373718, "host_queued_end": 1585587195.568253}, "device": "gpu", "nd_range": {"device_start": 1585587130.1373744, "device_end": 1585587130.1379783}, "cmdq": 0, "read": {"device_start": -1, "device_end": -1}}, "coalesced_transpose39": {"write": {"device_start": -1, "host_queued_start": 1585587195.553604, "device_queued": -1, "device_end": -1, "host_queued_end": 1585587195.568253}, "device": "gpu", "nd_range": {"device_start": 1585587130.152502, "device_end": 1585587130.1525111}, "cmdq": 0, "read": {"device_start": -1, "device_end": -1}}, "FFC_sans_bias55": {"write": {"device_start": 1585587130.1497414, "host_queued_start": 1585587195.54922, "device_queued": 1585587130.1382954, "device_end": 1585587130.149766, "host_queued_end": 1585587195.568253}, "device": "gpu", "nd_range": {"device_start": 1585587130.1497698, "device_end": 1585587130.1503649}, "cmdq": 0, "read": {"device_start": -1, "device_end": -1}}, "FFC_sans_bias54": {"write": {"device_start": 1585587130.149037, "host_queued_start": 1585587195.548179, "device_queued": 1585587130.1381567, "device_end": 1585587130.1490607, "host_queued_end": 1585587195.568253}, "device": "gpu", "nd_range": {"device_start": 1585587130.1490674, "device_end": 1585587130.1496606}, "cmdq": 0, "read": {"device_start": -1, "device_end": -1}}, "FFC_sans_bias56": {"write": {"device_start": 1585587130.148316, "host_queued_start": 1585587195.547148, "device_queued": 1585587130.1381147, "device_end": 1585587130.148347, "host_queued_end": 1585587195.568253}, "device": "gpu", "nd_range": {"device_start": 1585587130.1483526, "device_end": 1585587130.1489553}, "cmdq": 0, "read": {"device_start": -1, "device_end": -1}}, "FFC_sans_bias51": {"write": {"device_start": -1, "host_queued_start": 1585587195.560149, "device_queued": -1, "device_end": -1, "host_queued_end": 1585587195.568253}, "device": "gpu", "nd_range": {"device_start": 1585587130.160615, "device_end": 1585587130.161215}, "cmdq": 0, "read": {"device_start": -1, "device_end": -1}}, "softmax23": {"write": {"device_start": -1, "host_queued_start": 1585587195.557257, "device_queued": -1, "device_end": -1, "host_queued_end": 1585587195.568253}, "device": "gpu", "nd_range": {"device_start": 1585587130.1569567, "device_end": 1585587130.1571667}, "cmdq": 0, "read": {"device_start": -1, "device_end": -1}}, "FFC_sans_bias37": {"write": {"device_start": 1585587130.1448007, "host_queued_start": 1585587195.541864, "device_queued": 1585587130.137532, "device_end": 1585587130.1448257, "host_queued_end": 1585587195.568253}, "device": "gpu", "nd_range": {"device_start": 1585587130.1448324, "device_end": 1585587130.1454241}, "cmdq": 0, "read": {"device_start": -1, "device_end": -1}}, "empty62": {"write": {"device_start": 1585587130.136928, "host_queued_start": 1585587195.529367, "device_queued": 1585587130.1363437, "device_end": 1585587130.1369514, "host_queued_end": 1585587195.568253}, "device": "gpu", "nd_range": {"device_start": 1585587130.1369553, "device_end": 1585587130.1369588}, "cmdq": 0, "read": {"device_start": -1, "device_end": -1}}, "FFC_sans_bias70": {"write": {"device_start": 1585587130.1671572, "host_queued_start": 1585587195.568154, "device_queued": 1585587130.1406121, "device_end": 1585587130.1671798, "host_queued_end": 1585587195.568253}, "device": "gpu", "nd_range": {"device_start": 1585587130.1671848, "device_end": 1585587130.1677804}, "cmdq": 0, "read": {"device_start": 1585587130.1677828, "device_end": 1585587130.1678045}}, "FFC_sans_bias58": {"write": {"device_start": -1, "host_queued_start": 1585587195.55644, "device_queued": -1, "device_end": -1, "host_queued_end": 1585587195.568253}, "device": "gpu", "nd_range": {"device_start": 1585587130.155536, "device_end": 1585587130.156133}, "cmdq": 0, "read": {"device_start": -1, "device_end": -1}}, "softmax41": {"write": {"device_start": -1, "host_queued_start": 1585587195.55779, "device_queued": -1, "device_end": -1, "host_queued_end": 1585587195.568253}, "device": "gpu", "nd_range": {"device_start": 1585587130.157379, "device_end": 1585587130.15759}, "cmdq": 0, "read": {"device_start": -1, "device_end": -1}}, "FFC_sans_bias11": {"write": {"device_start": 1585587130.1388574, "host_queued_start": 1585587195.533267, "device_queued": 1585587130.1366737, "device_end": 1585587130.138888, "host_queued_end": 1585587195.568253}, "device": "gpu", "nd_range": {"device_start": 1585587130.1388948, "device_end": 1585587130.139492}, "cmdq": 0, "read": {"device_start": -1, "device_end": -1}}, "FFC_sans_bias10": {"write": {"device_start": 1585587130.138117, "host_queued_start": 1585587195.532222, "device_queued": 1585587130.1366272, "device_end": 1585587130.1381493, "host_queued_end": 1585587195.568253}, "device": "gpu", "nd_range": {"device_start": 1585587130.1381524, "device_end": 1585587130.1387432}, "cmdq": 0, "read": {"device_start": -1, "device_end": -1}}, "coalesced_transpose3": {"write": {"device_start": -1, "host_queued_start": 1585587195.574275, "device_queued": -1, "device_end": -1, "host_queued_end": 1585587195.576498}, "device": "cpu", "nd_range": {"device_start": 2254969.778825175, "device_end": 2254969.7789787604}, "cmdq": 0, "read": {"device_start": -1, "device_end": -1}}, "FFC_sans_bias34": {"write": {"device_start": 1585587130.164051, "host_queued_start": 1585587195.56398, "device_queued": 1585587130.1401386, "device_end": 1585587130.1640742, "host_queued_end": 1585587195.568253}, "device": "gpu", "nd_range": {"device_start": 1585587130.164078, "device_end": 1585587130.1646721}, "cmdq": 0, "read": {"device_start": 1585587130.164676, "device_end": 1585587130.1646998}}, "FFC_sans_bias15": {"write": {"device_start": -1, "host_queued_start": 1585587195.558879, "device_queued": -1, "device_end": -1, "host_queued_end": 1585587195.568253}, "device": "gpu", "nd_range": {"device_start": 1585587130.1582253, "device_end": 1585587130.1588185}, "cmdq": 0, "read": {"device_start": -1, "device_end": -1}}, "FFC_sans_bias31": {"write": {"device_start": -1, "host_queued_start": 1585587195.555487, "device_queued": -1, "device_end": -1, "host_queued_end": 1585587195.568253}, "device": "gpu", "nd_range": {"device_start": 1585587130.153744, "device_end": 1585587130.1543336}, "cmdq": 0, "read": {"device_start": -1, "device_end": -1}}, "FFC_sans_bias16": {"write": {"device_start": 1585587130.1624985, "host_queued_start": 1585587195.561879, "device_queued": 1585587130.1399093, "device_end": 1585587130.1625214, "host_queued_end": 1585587195.568253}, "device": "gpu", "nd_range": {"device_start": 1585587130.1625245, "device_end": 1585587130.1631203}, "cmdq": 0, "read": {"device_start": 1585587130.163122, "device_end": 1585587130.1631448}}, "FFC_sans_bias19": {"write": {"device_start": 1585587130.1403766, "host_queued_start": 1585587195.535566, "device_queued": 1585587130.136894, "device_end": 1585587130.1404018, "host_queued_end": 1585587195.568253}, "device": "gpu", "nd_range": {"device_start": 1585587130.1404178, "device_end": 1585587130.1410077}, "cmdq": 0, "read": {"device_start": -1, "device_end": -1}}, "FFC_sans_bias18": {"write": {"device_start": 1585587130.139615, "host_queued_start": 1585587195.534306, "device_queued": 1585587130.1368468, "device_end": 1585587130.1396446, "host_queued_end": 1585587195.568253}, "device": "gpu", "nd_range": {"device_start": 1585587130.1396494, "device_end": 1585587130.14025}, "cmdq": 0, "read": {"device_start": -1, "device_end": -1}}, "coalesced_transpose30": {"write": {"device_start": -1, "host_queued_start": 1585587195.553294, "device_queued": -1, "device_end": -1, "host_queued_end": 1585587195.568253}, "device": "gpu", "nd_range": {"device_start": 1585587130.1524875, "device_end": 1585587130.152501}, "cmdq": 0, "read": {"device_start": -1, "device_end": -1}}, "FFC_sans_bias69": {"write": {"device_start": -1, "host_queued_start": 1585587195.560787, "device_queued": -1, "device_end": -1, "host_queued_end": 1585587195.568253}, "device": "gpu", "nd_range": {"device_start": 1585587130.1618145, "device_end": 1585587130.1624103}, "cmdq": 0, "read": {"device_start": -1, "device_end": -1}}, "FFC_sans_bias38": {"write": {"device_start": 1585587130.1455042, "host_queued_start": 1585587195.542929, "device_queued": 1585587130.137658, "device_end": 1585587130.1455283, "host_queued_end": 1585587195.568253}, "device": "gpu", "nd_range": {"device_start": 1585587130.1455336, "device_end": 1585587130.1461277}, "cmdq": 0, "read": {"device_start": -1, "device_end": -1}}, "coalesced_transpose57": {"write": {"device_start": -1, "host_queued_start": 1585587195.55422, "device_queued": -1, "device_end": -1, "host_queued_end": 1585587195.568253}, "device": "gpu", "nd_range": {"device_start": 1585587130.152522, "device_end": 1585587130.15253}, "cmdq": 0, "read": {"device_start": -1, "device_end": -1}}, "empty26": {"write": {"device_start": 1585587130.1362185, "host_queued_start": 1585587195.526082, "device_queued": 1585587130.1360078, "device_end": 1585587130.1362493, "host_queued_end": 1585587195.568253}, "device": "gpu", "nd_range": {"device_start": 1585587130.1362557, "device_end": 1585587130.1362598}, "cmdq": 0, "read": {"device_start": -1, "device_end": -1}}, "coalesced_transpose12": {"write": {"device_start": -1, "host_queued_start": 1585587195.552681, "device_queued": -1, "device_end": -1, "host_queued_end": 1585587195.568253}, "device": "gpu", "nd_range": {"device_start": 1585587130.152462, "device_end": 1585587130.1524763}, "cmdq": 0, "read": {"device_start": -1, "device_end": -1}}, "empty44": {"write": {"device_start": 1585587130.1365795, "host_queued_start": 1585587195.527746, "device_queued": 1585587130.1360793, "device_end": 1585587130.13661, "host_queued_end": 1585587195.568253}, "device": "gpu", "nd_range": {"device_start": 1585587130.136613, "device_end": 1585587130.1366165}, "cmdq": 0, "read": {"device_start": -1, "device_end": -1}}, "coalesced_transpose21": {"write": {"device_start": -1, "host_queued_start": 1585587195.552986, "device_queued": -1, "device_end": -1, "host_queued_end": 1585587195.568253}, "device": "gpu", "nd_range": {"device_start": 1585587130.1524777, "device_end": 1585587130.1524863}, "cmdq": 0, "read": {"device_start": -1, "device_end": -1}}, "FFC_sans_bias36": {"write": {"device_start": 1585587130.1440828, "host_queued_start": 1585587195.54083, "device_queued": 1585587130.1375027, "device_end": 1585587130.1441076, "host_queued_end": 1585587195.568253}, "device": "gpu", "nd_range": {"device_start": 1585587130.144112, "device_end": 1585587130.1447134}, "cmdq": 0, "read": {"device_start": -1, "device_end": -1}}, "softmax14": {"write": {"device_start": -1, "host_queued_start": 1585587195.557012, "device_queued": -1, "device_end": -1, "host_queued_end": 1585587195.568253}, "device": "gpu", "nd_range": {"device_start": 1585587130.1567369, "device_end": 1585587130.1569557}, "cmdq": 0, "read": {"device_start": -1, "device_end": -1}}, "FFC_sans_bias13": {"write": {"device_start": -1, "host_queued_start": 1585587195.554851, "device_queued": -1, "device_end": -1, "host_queued_end": 1585587195.568253}, "device": "gpu", "nd_range": {"device_start": 1585587130.1525404, "device_end": 1585587130.1531398}, "cmdq": 0, "read": {"device_start": -1, "device_end": -1}}, "empty8": {"write": {"device_start": -1, "host_queued_start": 1585587195.569984, "device_queued": -1, "device_end": -1, "host_queued_end": 1585587195.576498}, "device": "cpu", "nd_range": {"device_start": 2254969.7660421343, "device_end": 2254969.766053196}, "cmdq": 0, "read": {"device_start": -1, "device_end": -1}}, "FFC_sans_bias42": {"write": {"device_start": -1, "host_queued_start": 1585587195.559833, "device_queued": -1, "device_end": -1, "host_queued_end": 1585587195.568253}, "device": "gpu", "nd_range": {"device_start": 1585587130.1600163, "device_end": 1585587130.160614}, "cmdq": 0, "read": {"device_start": -1, "device_end": -1}}, "FFC_sans_bias43": {"write": {"device_start": 1585587130.16482, "host_queued_start": 1585587195.565025, "device_queued": 1585587130.140199, "device_end": 1585587130.1648438, "host_queued_end": 1585587195.568253}, "device": "gpu", "nd_range": {"device_start": 1585587130.164848, "device_end": 1585587130.165447}, "cmdq": 0, "read": {"device_start": 1585587130.1654544, "device_end": 1585587130.1654766}}, "FFC_sans_bias40": {"write": {"device_start": -1, "host_queued_start": 1585587195.555802, "device_queued": -1, "device_end": -1, "host_queued_end": 1585587195.568253}, "device": "gpu", "nd_range": {"device_start": 1585587130.1543345, "device_end": 1585587130.1549337}, "cmdq": 0, "read": {"device_start": -1, "device_end": -1}}, "softmax32": {"write": {"device_start": -1, "host_queued_start": 1585587195.557521, "device_queued": -1, "device_end": -1, "host_queued_end": 1585587195.568253}, "device": "gpu", "nd_range": {"device_start": 1585587130.1571686, "device_end": 1585587130.157378}, "cmdq": 0, "read": {"device_start": -1, "device_end": -1}}, "FFC_sans_bias47": {"write": {"device_start": 1585587130.1476095, "host_queued_start": 1585587195.546073, "device_queued": 1585587130.1379097, "device_end": 1585587130.1476333, "host_queued_end": 1585587195.568253}, "device": "gpu", "nd_range": {"device_start": 1585587130.14764, "device_end": 1585587130.1482291}, "cmdq": 0, "read": {"device_start": -1, "device_end": -1}}, "FFC_sans_bias45": {"write": {"device_start": 1585587130.1462052, "host_queued_start": 1585587195.543961, "device_queued": 1585587130.137725, "device_end": 1585587130.146229, "host_queued_end": 1585587195.568253}, "device": "gpu", "nd_range": {"device_start": 1585587130.146236, "device_end": 1585587130.1468341}, "cmdq": 0, "read": {"device_start": -1, "device_end": -1}}, "softmax50": {"write": {"device_start": -1, "host_queued_start": 1585587195.558043, "device_queued": -1, "device_end": -1, "host_queued_end": 1585587195.568253}, "device": "gpu", "nd_range": {"device_start": 1585587130.1575909, "device_end": 1585587130.157801}, "cmdq": 0, "read": {"device_start": -1, "device_end": -1}}, "FFC_sans_bias33": {"write": {"device_start": -1, "host_queued_start": 1585587195.559516, "device_queued": -1, "device_end": -1, "host_queued_end": 1585587195.568253}, "device": "gpu", "nd_range": {"device_start": 1585587130.1594176, "device_end": 1585587130.160015}, "cmdq": 0, "read": {"device_start": -1, "device_end": -1}}, "FFC_sans_bias63": {"write": {"device_start": 1585587130.1518335, "host_queued_start": 1585587195.55235, "device_queued": 1585587130.1385288, "device_end": 1585587130.1518576, "host_queued_end": 1585587195.568253}, "device": "gpu", "nd_range": {"device_start": 1585587130.151865, "device_end": 1585587130.1524608}, "cmdq": 0, "read": {"device_start": -1, "device_end": -1}}, "FFC_sans_bias49": {"write": {"device_start": -1, "host_queued_start": 1585587195.556122, "device_queued": -1, "device_end": -1, "host_queued_end": 1585587195.568253}, "device": "gpu", "nd_range": {"device_start": 1585587130.154935, "device_end": 1585587130.155534}, "cmdq": 0, "read": {"device_start": -1, "device_end": -1}}, "FFC_sans_bias64": {"write": {"device_start": 1585587130.150442, "host_queued_start": 1585587195.550263, "device_queued": 1585587130.1383436, "device_end": 1585587130.1504657, "host_queued_end": 1585587195.568253}, "device": "gpu", "nd_range": {"device_start": 1585587130.1504724, "device_end": 1585587130.1510665}, "cmdq": 0, "read": {"device_start": -1, "device_end": -1}}, "FFC_sans_bias65": {"write": {"device_start": 1585587130.1511433, "host_queued_start": 1585587195.551311, "device_queued": 1585587130.1384802, "device_end": 1585587130.1511674, "host_queued_end": 1585587195.568253}, "device": "gpu", "nd_range": {"device_start": 1585587130.1511698, "device_end": 1585587130.151762}, "cmdq": 0, "read": {"device_start": -1, "device_end": -1}}, "FFC_sans_bias67": {"write": {"device_start": -1, "host_queued_start": 1585587195.556752, "device_queued": -1, "device_end": -1, "host_queued_end": 1585587195.568253}, "device": "gpu", "nd_range": {"device_start": 1585587130.1561346, "device_end": 1585587130.1567357}, "cmdq": 0, "read": {"device_start": -1, "device_end": -1}}, "FFC_sans_bias24": {"write": {"device_start": -1, "host_queued_start": 1585587195.559196, "device_queued": -1, "device_end": -1, "host_queued_end": 1585587195.568253}, "device": "gpu", "nd_range": {"device_start": 1585587130.1588194, "device_end": 1585587130.1594164}, "cmdq": 0, "read": {"device_start": -1, "device_end": -1}}, "FFC_sans_bias25": {"write": {"device_start": 1585587130.163273, "host_queued_start": 1585587195.562937, "device_queued": 1585587130.1399803, "device_end": 1585587130.1632967, "host_queued_end": 1585587195.568253}, "device": "gpu", "nd_range": {"device_start": 1585587130.1633008, "device_end": 1585587130.1638985}, "cmdq": 0, "read": {"device_start": 1585587130.1639068, "device_end": 1585587130.163929}}, "FFC_sans_bias27": {"write": {"device_start": 1585587130.1418822, "host_queued_start": 1585587195.537694, "device_queued": 1585587130.1371074, "device_end": 1585587130.1419082, "host_queued_end": 1585587195.568253}, "device": "gpu", "nd_range": {"device_start": 1585587130.1419108, "device_end": 1585587130.1425016}, "cmdq": 0, "read": {"device_start": -1, "device_end": -1}}, "FFC_sans_bias20": {"write": {"device_start": 1585587130.1411285, "host_queued_start": 1585587195.536617, "device_queued": 1585587130.13706, "device_end": 1585587130.1411521, "host_queued_end": 1585587195.568253}, "device": "gpu", "nd_range": {"device_start": 1585587130.141158, "device_end": 1585587130.1417615}, "cmdq": 0, "read": {"device_start": -1, "device_end": -1}}, "FFC_sans_bias22": {"write": {"device_start": -1, "host_queued_start": 1585587195.555171, "device_queued": -1, "device_end": -1, "host_queued_end": 1585587195.568253}, "device": "gpu", "nd_range": {"device_start": 1585587130.1531408, "device_end": 1585587130.153743}, "cmdq": 0, "read": {"device_start": -1, "device_end": -1}}, "softmax68": {"write": {"device_start": -1, "host_queued_start": 1585587195.558559, "device_queued": -1, "device_end": -1, "host_queued_end": 1585587195.568253}, "device": "gpu", "nd_range": {"device_start": 1585587130.1580133, "device_end": 1585587130.1582236}, "cmdq": 0, "read": {"device_start": -1, "device_end": -1}}, "softmax5": {"write": {"device_start": -1, "host_queued_start": 1585587195.574982, "device_queued": -1, "device_end": -1, "host_queued_end": 1585587195.576498}, "device": "cpu", "nd_range": {"device_start": 2254969.783159791, "device_end": 2254969.783317681}, "cmdq": 0, "read": {"device_start": -1, "device_end": -1}}, "FFC_sans_bias28": {"write": {"device_start": 1585587130.1426094, "host_queued_start": 1585587195.538759, "device_queued": 1585587130.137283, "device_end": 1585587130.1426327, "host_queued_end": 1585587195.568253}, "device": "gpu", "nd_range": {"device_start": 1585587130.1426358, "device_end": 1585587130.143233}, "cmdq": 0, "read": {"device_start": -1, "device_end": -1}}, "FFC_sans_bias29": {"write": {"device_start": 1585587130.143335, "host_queued_start": 1585587195.539795, "device_queued": 1585587130.1373227, "device_end": 1585587130.1433585, "host_queued_end": 1585587195.568253}, "device": "gpu", "nd_range": {"device_start": 1585587130.1433637, "device_end": 1585587130.1439574}, "cmdq": 0, "read": {"device_start": -1, "device_end": -1}}, "empty17": {"write": {"device_start": 1585587130.1360435, "host_queued_start": 1585587195.525038, "device_queued": 1585587130.135894, "device_end": 1585587130.1360698, "host_queued_end": 1585587195.568253}, "device": "gpu", "nd_range": {"device_start": 1585587130.1360729, "device_end": 1585587130.1360774}, "cmdq": 0, "read": {"device_start": -1, "device_end": -1}}, "softmax59": {"write": {"device_start": -1, "host_queued_start": 1585587195.558294, "device_queued": -1, "device_end": -1, "host_queued_end": 1585587195.568253}, "device": "gpu", "nd_range": {"device_start": 1585587130.1578019, "device_end": 1585587130.158012}, "cmdq": 0, "read": {"device_start": -1, "device_end": -1}}, "empty71": {"write": {"device_start": 1585587130.1371257, "host_queued_start": 1585587195.530177, "device_queued": 1585587130.1363764, "device_end": 1585587130.1371515, "host_queued_end": 1585587195.568253}, "device": "gpu", "nd_range": {"device_start": 1585587130.137156, "device_end": 1585587130.1371598}, "cmdq": 0, "read": {"device_start": -1, "device_end": -1}}, "empty35": {"write": {"device_start": 1585587130.1363971, "host_queued_start": 1585587195.526928, "device_queued": 1585587130.1360517, "device_end": 1585587130.1364236, "host_queued_end": 1585587195.568253}, "device": "gpu", "nd_range": {"device_start": 1585587130.136435, "device_end": 1585587130.1364388}, "cmdq": 0, "read": {"device_start": -1, "device_end": -1}}, "empty53": {"write": {"device_start": 1585587130.1367407, "host_queued_start": 1585587195.528552, "device_queued": 1585587130.1362922, "device_end": 1585587130.1367726, "host_queued_end": 1585587195.568253}, "device": "gpu", "nd_range": {"device_start": 1585587130.136778, "device_end": 1585587130.1367817}, "cmdq": 0, "read": {"device_start": -1, "device_end": -1}}, "FFC_sans_bias46": {"write": {"device_start": 1585587130.1469097, "host_queued_start": 1585587195.544999, "device_queued": 1585587130.13787, "device_end": 1585587130.1469338, "host_queued_end": 1585587195.568253}, "device": "gpu", "nd_range": {"device_start": 1585587130.1469374, "device_end": 1585587130.1475315}, "cmdq": 0, "read": {"device_start": -1, "device_end": -1}}, "coalesced_transpose66": {"write": {"device_start": -1, "host_queued_start": 1585587195.554525, "device_queued": -1, "device_end": -1, "host_queued_end": 1585587195.568253}, "device": "gpu", "nd_range": {"device_start": 1585587130.1525314, "device_end": 1585587130.1525395}, "cmdq": 0, "read": {"device_start": -1, "device_end": -1}}, "coalesced_transpose48": {"write": {"device_start": -1, "host_queued_start": 1585587195.553914, "device_queued": -1, "device_end": -1, "host_queued_end": 1585587195.568253}, "device": "gpu", "nd_range": {"device_start": 1585587130.1525126, "device_end": 1585587130.152521}, "cmdq": 0, "read": {"device_start": -1, "device_end": -1}}}