{"FFC_sans_bias60": {"write": {"device_start": -1, "host_queued_start": 1585587585.354753, "device_queued": -1, "device_end": -1, "host_queued_end": 1585587585.357227}, "device": "gpu", "nd_range": {"device_start": 1585587519.9191563, "device_end": 1585587519.919761}, "cmdq": 2, "read": {"device_start": -1, "device_end": -1}}, "FFC_sans_bias4": {"write": {"device_start": -1, "host_queued_start": 1585587585.384388, "device_queued": -1, "device_end": -1, "host_queued_end": 1585587585.395903}, "device": "cpu", "nd_range": {"device_start": 2255359.667537008, "device_end": 2255359.6717872573}, "cmdq": 0, "read": {"device_start": -1, "device_end": -1}}, "FFC_sans_bias7": {"write": {"device_start": -1, "host_queued_start": 1585587585.390891, "device_queued": -1, "device_end": -1, "host_queued_end": 1585587585.395903}, "device": "cpu", "nd_range": {"device_start": 2255359.723530122, "device_end": 2255359.727897381}, "cmdq": 0, "read": {"device_start": -1, "device_end": -1}}, "FFC_sans_bias6": {"write": {"device_start": -1, "host_queued_start": 1585587585.388121, "device_queued": -1, "device_end": -1, "host_queued_end": 1585587585.395903}, "device": "cpu", "nd_range": {"device_start": 2255359.696129097, "device_end": 2255359.70042781}, "cmdq": 0, "read": {"device_start": -1, "device_end": -1}}, "FFC_sans_bias1": {"write": {"device_start": -1, "host_queued_start": 1585587585.365136, "device_queued": -1, "device_end": -1, "host_queued_end": 1585587585.395903}, "device": "cpu", "nd_range": {"device_start": 2255359.589714411, "device_end": 2255359.5938048093}, "cmdq": 0, "read": {"device_start": -1, "device_end": -1}}, "FFC_sans_bias0": {"write": {"device_start": -1, "host_queued_start": 1585587585.36401, "device_queued": -1, "device_end": -1, "host_queued_end": 1585587585.395903}, "device": "cpu", "nd_range": {"device_start": 2255359.5855676103, "device_end": 2255359.589699178}, "cmdq": 0, "read": {"device_start": -1, "device_end": -1}}, "FFC_sans_bias2": {"write": {"device_start": -1, "host_queued_start": 1585587585.36618, "device_queued": -1, "device_end": -1, "host_queued_end": 1585587585.395903}, "device": "cpu", "nd_range": {"device_start": 2255359.5938236574, "device_end": 2255359.597790692}, "cmdq": 0, "read": {"device_start": -1, "device_end": -1}}, "FFC_sans_bias61": {"write": {"device_start": 1585587519.9192631, "host_queued_start": 1585587585.356072, "device_queued": 1585587519.9157784, "device_end": 1585587519.9193163, "host_queued_end": 1585587585.357227}, "device": "gpu", "nd_range": {"device_start": 1585587519.9197648, "device_end": 1585587519.9207416}, "cmdq": 0, "read": {"device_start": 1585587519.9207458, "device_end": 1585587519.920769}}, "FFC_sans_bias52": {"write": {"device_start": -1, "host_queued_start": 1585587585.395859, "device_queued": -1, "device_end": -1, "host_queued_end": 1585587585.395903}, "device": "cpu", "nd_range": {"device_start": 2255359.745962859, "device_end": 2255359.75050493}, "cmdq": 0, "read": {"device_start": -1, "device_end": -1}}, "FFC_sans_bias9": {"write": {"device_start": -1, "host_queued_start": 1585587585.367259, "device_queued": -1, "device_end": -1, "host_queued_end": 1585587585.395903}, "device": "cpu", "nd_range": {"device_start": 2255359.5977972103, "device_end": 2255359.601765634}, "cmdq": 0, "read": {"device_start": -1, "device_end": -1}}, "coalesced_transpose39": {"write": {"device_start": -1, "host_queued_start": 1585587585.383625, "device_queued": -1, "device_end": -1, "host_queued_end": 1585587585.395903}, "device": "cpu", "nd_range": {"device_start": 2255359.667138157, "device_end": 2255359.667234193}, "cmdq": 0, "read": {"device_start": -1, "device_end": -1}}, "FFC_sans_bias55": {"write": {"device_start": 1585587519.9150581, "host_queued_start": 1585587585.349326, "device_queued": 1585587519.9149625, "device_end": 1585587519.915091, "host_queued_end": 1585587585.357227}, "device": "gpu", "nd_range": {"device_start": 1585587519.9150934, "device_end": 1585587519.9165215}, "cmdq": 0, "read": {"device_start": -1, "device_end": -1}}, "FFC_sans_bias54": {"write": {"device_start": 1585587519.9149187, "host_queued_start": 1585587585.348275, "device_queued": 1585587519.914595, "device_end": 1585587519.9149442, "host_queued_end": 1585587585.357227}, "device": "gpu", "nd_range": {"device_start": 1585587519.9149475, "device_end": 1585587519.9159396}, "cmdq": 3, "read": {"device_start": -1, "device_end": -1}}, "FFC_sans_bias56": {"write": {"device_start": 1585587519.9148304, "host_queued_start": 1585587585.347258, "device_queued": 1585587519.914578, "device_end": 1585587519.9148955, "host_queued_end": 1585587585.357227}, "device": "gpu", "nd_range": {"device_start": 1585587519.9149263, "device_end": 1585587519.9155295}, "cmdq": 2, "read": {"device_start": -1, "device_end": -1}}, "FFC_sans_bias51": {"write": {"device_start": -1, "host_queued_start": 1585587585.389834, "device_queued": -1, "device_end": -1, "host_queued_end": 1585587585.395903}, "device": "cpu", "nd_range": {"device_start": 2255359.718988075, "device_end": 2255359.7235248913}, "cmdq": 0, "read": {"device_start": -1, "device_end": -1}}, "softmax23": {"write": {"device_start": -1, "host_queued_start": 1585587585.386929, "device_queued": -1, "device_end": -1, "host_queued_end": 1585587585.395903}, "device": "cpu", "nd_range": {"device_start": 2255359.6956523242, "device_end": 2255359.695753606}, "cmdq": 0, "read": {"device_start": -1, "device_end": -1}}, "FFC_sans_bias37": {"write": {"device_start": -1, "host_queued_start": 1585587585.377714, "device_queued": -1, "device_end": -1, "host_queued_end": 1585587585.395903}, "device": "cpu", "nd_range": {"device_start": 2255359.643327016, "device_end": 2255359.647764283}, "cmdq": 0, "read": {"device_start": -1, "device_end": -1}}, "empty62": {"write": {"device_start": 1585587519.9146094, "host_queued_start": 1585587585.34512, "device_queued": 1585587519.9144661, "device_end": 1585587519.9146607, "host_queued_end": 1585587585.357227}, "device": "gpu", "nd_range": {"device_start": 1585587519.9146655, "device_end": 1585587519.9146776}, "cmdq": 0, "read": {"device_start": -1, "device_end": -1}}, "FFC_sans_bias70": {"write": {"device_start": 1585587519.91936, "host_queued_start": 1585587585.357126, "device_queued": 1585587519.9159203, "device_end": 1585587519.9193902, "host_queued_end": 1585587585.357227}, "device": "gpu", "nd_range": {"device_start": 1585587519.9201632, "device_end": 1585587519.9211369}, "cmdq": 1, "read": {"device_start": 1585587519.9211385, "device_end": 1585587519.921162}}, "FFC_sans_bias58": {"write": {"device_start": -1, "host_queued_start": 1585587585.353587, "device_queued": -1, "device_end": -1, "host_queued_end": 1585587585.357227}, "device": "gpu", "nd_range": {"device_start": 1585587519.9179218, "device_end": 1585587519.9189198}, "cmdq": 2, "read": {"device_start": -1, "device_end": -1}}, "softmax41": {"write": {"device_start": -1, "host_queued_start": 1585587585.387475, "device_queued": -1, "device_end": -1, "host_queued_end": 1585587585.395903}, "device": "cpu", "nd_range": {"device_start": 2255359.695882465, "device_end": 2255359.6959923753}, "cmdq": 0, "read": {"device_start": -1, "device_end": -1}}, "FFC_sans_bias11": {"write": {"device_start": -1, "host_queued_start": 1585587585.369342, "device_queued": -1, "device_end": -1, "host_queued_end": 1585587585.395903}, "device": "cpu", "nd_range": {"device_start": 2255359.6066191373, "device_end": 2255359.61143139}, "cmdq": 0, "read": {"device_start": -1, "device_end": -1}}, "FFC_sans_bias10": {"write": {"device_start": -1, "host_queued_start": 1585587585.368297, "device_queued": -1, "device_end": -1, "host_queued_end": 1585587585.395903}, "device": "cpu", "nd_range": {"device_start": 2255359.601770995, "device_end": 2255359.6066143}, "cmdq": 0, "read": {"device_start": -1, "device_end": -1}}, "coalesced_transpose3": {"write": {"device_start": -1, "host_queued_start": 1585587585.3823, "device_queued": -1, "device_end": -1, "host_queued_end": 1585587585.395903}, "device": "cpu", "nd_range": {"device_start": 2255359.66613887, "device_end": 2255359.666328054}, "cmdq": 0, "read": {"device_start": -1, "device_end": -1}}, "FFC_sans_bias34": {"write": {"device_start": -1, "host_queued_start": 1585587585.39385, "device_queued": -1, "device_end": -1, "host_queued_end": 1585587585.395903}, "device": "cpu", "nd_range": {"device_start": 2255359.736856095, "device_end": 2255359.741412104}, "cmdq": 0, "read": {"device_start": -1, "device_end": -1}}, "FFC_sans_bias15": {"write": {"device_start": -1, "host_queued_start": 1585587585.388463, "device_queued": -1, "device_end": -1, "host_queued_end": 1585587585.395903}, "device": "cpu", "nd_range": {"device_start": 2255359.700432768, "device_end": 2255359.705018321}, "cmdq": 0, "read": {"device_start": -1, "device_end": -1}}, "FFC_sans_bias31": {"write": {"device_start": -1, "host_queued_start": 1585587585.385413, "device_queued": -1, "device_end": -1, "host_queued_end": 1585587585.395903}, "device": "cpu", "nd_range": {"device_start": 2255359.6808164353, "device_end": 2255359.68600395}, "cmdq": 0, "read": {"device_start": -1, "device_end": -1}}, "FFC_sans_bias16": {"write": {"device_start": -1, "host_queued_start": 1585587585.391879, "device_queued": -1, "device_end": -1, "host_queued_end": 1585587585.395903}, "device": "cpu", "nd_range": {"device_start": 2255359.727900532, "device_end": 2255359.732416818}, "cmdq": 0, "read": {"device_start": -1, "device_end": -1}}, "FFC_sans_bias19": {"write": {"device_start": -1, "host_queued_start": 1585587585.371419, "device_queued": -1, "device_end": -1, "host_queued_end": 1585587585.395903}, "device": "cpu", "nd_range": {"device_start": 2255359.6160163353, "device_end": 2255359.620671601}, "cmdq": 0, "read": {"device_start": -1, "device_end": -1}}, "FFC_sans_bias18": {"write": {"device_start": -1, "host_queued_start": 1585587585.370376, "device_queued": -1, "device_end": -1, "host_queued_end": 1585587585.395903}, "device": "cpu", "nd_range": {"device_start": 2255359.611436522, "device_end": 2255359.6160109113}, "cmdq": 0, "read": {"device_start": -1, "device_end": -1}}, "coalesced_transpose30": {"write": {"device_start": -1, "host_queued_start": 1585587585.383296, "device_queued": -1, "device_end": -1, "host_queued_end": 1585587585.395903}, "device": "cpu", "nd_range": {"device_start": 2255359.6669215853, "device_end": 2255359.667028508}, "cmdq": 0, "read": {"device_start": -1, "device_end": -1}}, "FFC_sans_bias69": {"write": {"device_start": -1, "host_queued_start": 1585587585.35506, "device_queued": -1, "device_end": -1, "host_queued_end": 1585587585.357227}, "device": "gpu", "nd_range": {"device_start": 1585587519.9191618, "device_end": 1585587519.9201598}, "cmdq": 3, "read": {"device_start": -1, "device_end": -1}}, "FFC_sans_bias38": {"write": {"device_start": -1, "host_queued_start": 1585587585.378791, "device_queued": -1, "device_end": -1, "host_queued_end": 1585587585.395903}, "device": "cpu", "nd_range": {"device_start": 2255359.647769162, "device_end": 2255359.652620492}, "cmdq": 0, "read": {"device_start": -1, "device_end": -1}}, "coalesced_transpose57": {"write": {"device_start": -1, "host_queued_start": 1585587585.352795, "device_queued": -1, "device_end": -1, "host_queued_end": 1585587585.357227}, "device": "gpu", "nd_range": {"device_start": 1585587519.9165225, "device_end": 1585587519.917762}, "cmdq": 0, "read": {"device_start": -1, "device_end": -1}}, "empty26": {"write": {"device_start": -1, "host_queued_start": 1585587585.360551, "device_queued": -1, "device_end": -1, "host_queued_end": 1585587585.395903}, "device": "cpu", "nd_range": {"device_start": 2255359.585545928, "device_end": 2255359.58554667}, "cmdq": 0, "read": {"device_start": -1, "device_end": -1}}, "coalesced_transpose12": {"write": {"device_start": -1, "host_queued_start": 1585587585.382639, "device_queued": -1, "device_end": -1, "host_queued_end": 1585587585.395903}, "device": "cpu", "nd_range": {"device_start": 2255359.666462678, "device_end": 2255359.6665722993}, "cmdq": 0, "read": {"device_start": -1, "device_end": -1}}, "empty44": {"write": {"device_start": -1, "host_queued_start": 1585587585.362178, "device_queued": -1, "device_end": -1, "host_queued_end": 1585587585.395903}, "device": "cpu", "nd_range": {"device_start": 2255359.585557734, "device_end": 2255359.585558316}, "cmdq": 0, "read": {"device_start": -1, "device_end": -1}}, "coalesced_transpose21": {"write": {"device_start": -1, "host_queued_start": 1585587585.382968, "device_queued": -1, "device_end": -1, "host_queued_end": 1585587585.395903}, "device": "cpu", "nd_range": {"device_start": 2255359.666692877, "device_end": 2255359.666802667}, "cmdq": 0, "read": {"device_start": -1, "device_end": -1}}, "FFC_sans_bias36": {"write": {"device_start": -1, "host_queued_start": 1585587585.376671, "device_queued": -1, "device_end": -1, "host_queued_end": 1585587585.395903}, "device": "cpu", "nd_range": {"device_start": 2255359.638773944, "device_end": 2255359.643322222}, "cmdq": 0, "read": {"device_start": -1, "device_end": -1}}, "softmax14": {"write": {"device_start": -1, "host_queued_start": 1585587585.386658, "device_queued": -1, "device_end": -1, "host_queued_end": 1585587585.395903}, "device": "cpu", "nd_range": {"device_start": 2255359.695421243, "device_end": 2255359.695525507}, "cmdq": 0, "read": {"device_start": -1, "device_end": -1}}, "FFC_sans_bias13": {"write": {"device_start": -1, "host_queued_start": 1585587585.384732, "device_queued": -1, "device_end": -1, "host_queued_end": 1585587585.395903}, "device": "cpu", "nd_range": {"device_start": 2255359.6717934203, "device_end": 2255359.67653243}, "cmdq": 0, "read": {"device_start": -1, "device_end": -1}}, "empty8": {"write": {"device_start": -1, "host_queued_start": 1585587585.358692, "device_queued": -1, "device_end": -1, "host_queued_end": 1585587585.395903}, "device": "cpu", "nd_range": {"device_start": 2255359.5855059223, "device_end": 2255359.5855186353}, "cmdq": 0, "read": {"device_start": -1, "device_end": -1}}, "FFC_sans_bias42": {"write": {"device_start": -1, "host_queued_start": 1585587585.389492, "device_queued": -1, "device_end": -1, "host_queued_end": 1585587585.395903}, "device": "cpu", "nd_range": {"device_start": 2255359.714223065, "device_end": 2255359.718983049}, "cmdq": 0, "read": {"device_start": -1, "device_end": -1}}, "FFC_sans_bias43": {"write": {"device_start": -1, "host_queued_start": 1585587585.394841, "device_queued": -1, "device_end": -1, "host_queued_end": 1585587585.395903}, "device": "cpu", "nd_range": {"device_start": 2255359.741414713, "device_end": 2255359.7459604163}, "cmdq": 0, "read": {"device_start": -1, "device_end": -1}}, "FFC_sans_bias40": {"write": {"device_start": -1, "host_queued_start": 1585587585.385754, "device_queued": -1, "device_end": -1, "host_queued_end": 1585587585.395903}, "device": "cpu", "nd_range": {"device_start": 2255359.686008939, "device_end": 2255359.690320133}, "cmdq": 0, "read": {"device_start": -1, "device_end": -1}}, "softmax32": {"write": {"device_start": -1, "host_queued_start": 1585587585.387204, "device_queued": -1, "device_end": -1, "host_queued_end": 1585587585.395903}, "device": "cpu", "nd_range": {"device_start": 2255359.69575979, "device_end": 2255359.6958763083}, "cmdq": 0, "read": {"device_start": -1, "device_end": -1}}, "FFC_sans_bias47": {"write": {"device_start": -1, "host_queued_start": 1585587585.381951, "device_queued": -1, "device_end": -1, "host_queued_end": 1585587585.395903}, "device": "cpu", "nd_range": {"device_start": 2255359.661600863, "device_end": 2255359.666133507}, "cmdq": 0, "read": {"device_start": -1, "device_end": -1}}, "FFC_sans_bias45": {"write": {"device_start": -1, "host_queued_start": 1585587585.379836, "device_queued": -1, "device_end": -1, "host_queued_end": 1585587585.395903}, "device": "cpu", "nd_range": {"device_start": 2255359.652625605, "device_end": 2255359.6571538793}, "cmdq": 0, "read": {"device_start": -1, "device_end": -1}}, "softmax50": {"write": {"device_start": -1, "host_queued_start": 1585587585.387749, "device_queued": -1, "device_end": -1, "host_queued_end": 1585587585.395903}, "device": "cpu", "nd_range": {"device_start": 2255359.6959977783, "device_end": 2255359.69612314}, "cmdq": 0, "read": {"device_start": -1, "device_end": -1}}, "FFC_sans_bias33": {"write": {"device_start": -1, "host_queued_start": 1585587585.389147, "device_queued": -1, "device_end": -1, "host_queued_end": 1585587585.395903}, "device": "cpu", "nd_range": {"device_start": 2255359.709465079, "device_end": 2255359.714217334}, "cmdq": 0, "read": {"device_start": -1, "device_end": -1}}, "FFC_sans_bias63": {"write": {"device_start": 1585587519.916034, "host_queued_start": 1585587585.352469, "device_queued": 1585587519.915165, "device_end": 1585587519.9160638, "host_queued_end": 1585587585.357227}, "device": "gpu", "nd_range": {"device_start": 1585587519.9160702, "device_end": 1585587519.9179094}, "cmdq": 3, "read": {"device_start": -1, "device_end": -1}}, "FFC_sans_bias49": {"write": {"device_start": -1, "host_queued_start": 1585587585.386097, "device_queued": -1, "device_end": -1, "host_queued_end": 1585587585.395903}, "device": "cpu", "nd_range": {"device_start": 2255359.690325246, "device_end": 2255359.695146338}, "cmdq": 0, "read": {"device_start": -1, "device_end": -1}}, "FFC_sans_bias64": {"write": {"device_start": 1585587519.9152148, "host_queued_start": 1585587585.350355, "device_queued": 1585587519.9151201, "device_end": 1585587519.9152396, "host_queued_end": 1585587585.357227}, "device": "gpu", "nd_range": {"device_start": 1585587519.915243, "device_end": 1585587519.916936}, "cmdq": 1, "read": {"device_start": -1, "device_end": -1}}, "FFC_sans_bias65": {"write": {"device_start": 1585587519.915667, "host_queued_start": 1585587585.351439, "device_queued": 1585587519.915147, "device_end": 1585587519.915698, "host_queued_end": 1585587585.357227}, "device": "gpu", "nd_range": {"device_start": 1585587519.915703, "device_end": 1585587519.917492}, "cmdq": 2, "read": {"device_start": -1, "device_end": -1}}, "FFC_sans_bias67": {"write": {"device_start": -1, "host_queued_start": 1585587585.353917, "device_queued": -1, "device_end": -1, "host_queued_end": 1585587585.357227}, "device": "gpu", "nd_range": {"device_start": 1585587519.9179146, "device_end": 1585587519.9185202}, "cmdq": 3, "read": {"device_start": -1, "device_end": -1}}, "FFC_sans_bias24": {"write": {"device_start": -1, "host_queued_start": 1585587585.388805, "device_queued": -1, "device_end": -1, "host_queued_end": 1585587585.395903}, "device": "cpu", "nd_range": {"device_start": 2255359.705023922, "device_end": 2255359.7094595144}, "cmdq": 0, "read": {"device_start": -1, "device_end": -1}}, "FFC_sans_bias25": {"write": {"device_start": -1, "host_queued_start": 1585587585.392863, "device_queued": -1, "device_end": -1, "host_queued_end": 1585587585.395903}, "device": "cpu", "nd_range": {"device_start": 2255359.732419902, "device_end": 2255359.736853517}, "cmdq": 0, "read": {"device_start": -1, "device_end": -1}}, "FFC_sans_bias27": {"write": {"device_start": -1, "host_queued_start": 1585587585.373503, "device_queued": -1, "device_end": -1, "host_queued_end": 1585587585.395903}, "device": "cpu", "nd_range": {"device_start": 2255359.6253221733, "device_end": 2255359.6296148133}, "cmdq": 0, "read": {"device_start": -1, "device_end": -1}}, "FFC_sans_bias20": {"write": {"device_start": -1, "host_queued_start": 1585587585.372463, "device_queued": -1, "device_end": -1, "host_queued_end": 1585587585.395903}, "device": "cpu", "nd_range": {"device_start": 2255359.620676563, "device_end": 2255359.625317175}, "cmdq": 0, "read": {"device_start": -1, "device_end": -1}}, "FFC_sans_bias22": {"write": {"device_start": -1, "host_queued_start": 1585587585.385074, "device_queued": -1, "device_end": -1, "host_queued_end": 1585587585.395903}, "device": "cpu", "nd_range": {"device_start": 2255359.676538065, "device_end": 2255359.680811161}, "cmdq": 0, "read": {"device_start": -1, "device_end": -1}}, "softmax68": {"write": {"device_start": -1, "host_queued_start": 1585587585.354418, "device_queued": -1, "device_end": -1, "host_queued_end": 1585587585.357227}, "device": "gpu", "nd_range": {"device_start": 1585587519.9189334, "device_end": 1585587519.919143}, "cmdq": 1, "read": {"device_start": -1, "device_end": -1}}, "softmax5": {"write": {"device_start": -1, "host_queued_start": 1585587585.386378, "device_queued": -1, "device_end": -1, "host_queued_end": 1585587585.395903}, "device": "cpu", "nd_range": {"device_start": 2255359.695151409, "device_end": 2255359.695289942}, "cmdq": 0, "read": {"device_start": -1, "device_end": -1}}, "FFC_sans_bias28": {"write": {"device_start": -1, "host_queued_start": 1585587585.374545, "device_queued": -1, "device_end": -1, "host_queued_end": 1585587585.395903}, "device": "cpu", "nd_range": {"device_start": 2255359.62962014, "device_end": 2255359.6343705263}, "cmdq": 0, "read": {"device_start": -1, "device_end": -1}}, "FFC_sans_bias29": {"write": {"device_start": -1, "host_queued_start": 1585587585.375625, "device_queued": -1, "device_end": -1, "host_queued_end": 1585587585.395903}, "device": "cpu", "nd_range": {"device_start": 2255359.634375291, "device_end": 2255359.638768678}, "cmdq": 0, "read": {"device_start": -1, "device_end": -1}}, "empty17": {"write": {"device_start": -1, "host_queued_start": 1585587585.359746, "device_queued": -1, "device_end": -1, "host_queued_end": 1585587585.395903}, "device": "cpu", "nd_range": {"device_start": 2255359.585537441, "device_end": 2255359.585538639}, "cmdq": 0, "read": {"device_start": -1, "device_end": -1}}, "softmax59": {"write": {"device_start": -1, "host_queued_start": 1585587585.35417, "device_queued": -1, "device_end": -1, "host_queued_end": 1585587585.357227}, "device": "gpu", "nd_range": {"device_start": 1585587519.9189267, "device_end": 1585587519.91914}, "cmdq": 0, "read": {"device_start": -1, "device_end": -1}}, "empty71": {"write": {"device_start": 1585587519.9147203, "host_queued_start": 1585587585.346161, "device_queued": 1585587519.9145627, "device_end": 1585587519.9147856, "host_queued_end": 1585587585.357227}, "device": "gpu", "nd_range": {"device_start": 1585587519.914789, "device_end": 1585587519.9147933}, "cmdq": 1, "read": {"device_start": -1, "device_end": -1}}, "empty35": {"write": {"device_start": -1, "host_queued_start": 1585587585.361375, "device_queued": -1, "device_end": -1, "host_queued_end": 1585587585.395903}, "device": "cpu", "nd_range": {"device_start": 2255359.5855522123, "device_end": 2255359.585552841}, "cmdq": 0, "read": {"device_start": -1, "device_end": -1}}, "empty53": {"write": {"device_start": -1, "host_queued_start": 1585587585.363061, "device_queued": -1, "device_end": -1, "host_queued_end": 1585587585.395903}, "device": "cpu", "nd_range": {"device_start": 2255359.5855627563, "device_end": 2255359.585563279}, "cmdq": 0, "read": {"device_start": -1, "device_end": -1}}, "FFC_sans_bias46": {"write": {"device_start": -1, "host_queued_start": 1585587585.380876, "device_queued": -1, "device_end": -1, "host_queued_end": 1585587585.395903}, "device": "cpu", "nd_range": {"device_start": 2255359.657158745, "device_end": 2255359.6615954014}, "cmdq": 0, "read": {"device_start": -1, "device_end": -1}}, "coalesced_transpose66": {"write": {"device_start": -1, "host_queued_start": 1585587585.353096, "device_queued": -1, "device_end": -1, "host_queued_end": 1585587585.357227}, "device": "gpu", "nd_range": {"device_start": 1585587519.9169374, "device_end": 1585587519.9177916}, "cmdq": 1, "read": {"device_start": -1, "device_end": -1}}, "coalesced_transpose48": {"write": {"device_start": -1, "host_queued_start": 1585587585.384012, "device_queued": -1, "device_end": -1, "host_queued_end": 1585587585.395903}, "device": "cpu", "nd_range": {"device_start": 2255359.667342056, "device_end": 2255359.6674327822}, "cmdq": 0, "read": {"device_start": -1, "device_end": -1}}}