{"FFC_sans_bias60": {"write": {"device_start": -1, "host_queued_start": 1585587488.068391, "device_queued": -1, "device_end": -1, "host_queued_end": 1585587488.07551}, "device": "cpu", "nd_range": {"device_start": 2255262.421264417, "device_end": 2255262.42795121}, "cmdq": 1, "read": {"device_start": -1, "device_end": -1}}, "FFC_sans_bias4": {"write": {"device_start": -1, "host_queued_start": 1585587488.061797, "device_queued": -1, "device_end": -1, "host_queued_end": 1585587488.07551}, "device": "cpu", "nd_range": {"device_start": 2255262.364141519, "device_end": 2255262.371245813}, "cmdq": 1, "read": {"device_start": -1, "device_end": -1}}, "FFC_sans_bias7": {"write": {"device_start": -1, "host_queued_start": 1585587488.069446, "device_queued": -1, "device_end": -1, "host_queued_end": 1585587488.07551}, "device": "cpu", "nd_range": {"device_start": 2255262.422714185, "device_end": 2255262.4315287382}, "cmdq": 0, "read": {"device_start": -1, "device_end": -1}}, "FFC_sans_bias6": {"write": {"device_start": -1, "host_queued_start": 1585587488.066285, "device_queued": -1, "device_end": -1, "host_queued_end": 1585587488.07551}, "device": "cpu", "nd_range": {"device_start": 2255262.394617551, "device_end": 2255262.403616411}, "cmdq": 1, "read": {"device_start": -1, "device_end": -1}}, "FFC_sans_bias1": {"write": {"device_start": -1, "host_queued_start": 1585587488.038903, "device_queued": -1, "device_end": -1, "host_queued_end": 1585587488.07551}, "device": "cpu", "nd_range": {"device_start": 2255262.265171986, "device_end": 2255262.273478867}, "cmdq": 0, "read": {"device_start": -1, "device_end": -1}}, "FFC_sans_bias0": {"write": {"device_start": -1, "host_queued_start": 1585587488.037771, "device_queued": -1, "device_end": -1, "host_queued_end": 1585587488.07551}, "device": "cpu", "nd_range": {"device_start": 2255262.2651648573, "device_end": 2255262.2734793033}, "cmdq": 1, "read": {"device_start": -1, "device_end": -1}}, "FFC_sans_bias2": {"write": {"device_start": -1, "host_queued_start": 1585587488.039956, "device_queued": -1, "device_end": -1, "host_queued_end": 1585587488.07551}, "device": "cpu", "nd_range": {"device_start": 2255262.2734987303, "device_end": 2255262.281372726}, "cmdq": 1, "read": {"device_start": -1, "device_end": -1}}, "FFC_sans_bias61": {"write": {"device_start": -1, "host_queued_start": 1585587488.075465, "device_queued": -1, "device_end": -1, "host_queued_end": 1585587488.07551}, "device": "cpu", "nd_range": {"device_start": 2255262.449543057, "device_end": 2255262.4604378473}, "cmdq": 0, "read": {"device_start": -1, "device_end": -1}}, "FFC_sans_bias52": {"write": {"device_start": -1, "host_queued_start": 1585587488.074464, "device_queued": -1, "device_end": -1, "host_queued_end": 1585587488.07551}, "device": "cpu", "nd_range": {"device_start": 2255262.4450652082, "device_end": 2255262.452910194}, "cmdq": 1, "read": {"device_start": -1, "device_end": -1}}, "FFC_sans_bias9": {"write": {"device_start": -1, "host_queued_start": 1585587488.041004, "device_queued": -1, "device_end": -1, "host_queued_end": 1585587488.07551}, "device": "cpu", "nd_range": {"device_start": 2255262.273498246, "device_end": 2255262.281131005}, "cmdq": 0, "read": {"device_start": -1, "device_end": -1}}, "coalesced_transpose39": {"write": {"device_start": -1, "host_queued_start": 1585587488.060794, "device_queued": -1, "device_end": -1, "host_queued_end": 1585587488.07551}, "device": "cpu", "nd_range": {"device_start": 2255262.3643829343, "device_end": 2255262.3646313413}, "cmdq": 0, "read": {"device_start": -1, "device_end": -1}}, "FFC_sans_bias55": {"write": {"device_start": -1, "host_queued_start": 1585587488.059118, "device_queued": -1, "device_end": -1, "host_queued_end": 1585587488.07551}, "device": "cpu", "nd_range": {"device_start": 2255262.339409689, "device_end": 2255262.3481412753}, "cmdq": 1, "read": {"device_start": -1, "device_end": -1}}, "FFC_sans_bias54": {"write": {"device_start": -1, "host_queued_start": 1585587488.058018, "device_queued": -1, "device_end": -1, "host_queued_end": 1585587488.07551}, "device": "cpu", "nd_range": {"device_start": 2255262.358551557, "device_end": 2255262.363802427}, "cmdq": 0, "read": {"device_start": -1, "device_end": -1}}, "FFC_sans_bias56": {"write": {"device_start": -1, "host_queued_start": 1585587488.056953, "device_queued": -1, "device_end": -1, "host_queued_end": 1585587488.07551}, "device": "cpu", "nd_range": {"device_start": 2255262.331626178, "device_end": 2255262.339287204}, "cmdq": 1, "read": {"device_start": -1, "device_end": -1}}, "FFC_sans_bias51": {"write": {"device_start": -1, "host_queued_start": 1585587488.068043, "device_queued": -1, "device_end": -1, "host_queued_end": 1585587488.07551}, "device": "cpu", "nd_range": {"device_start": 2255262.41265847, "device_end": 2255262.422707201}, "cmdq": 0, "read": {"device_start": -1, "device_end": -1}}, "softmax23": {"write": {"device_start": -1, "host_queued_start": 1585587488.06481, "device_queued": -1, "device_end": -1, "host_queued_end": 1585587488.07551}, "device": "cpu", "nd_range": {"device_start": 2255262.393895159, "device_end": 2255262.393980576}, "cmdq": 0, "read": {"device_start": -1, "device_end": -1}}, "FFC_sans_bias37": {"write": {"device_start": -1, "host_queued_start": 1585587488.051665, "device_queued": -1, "device_end": -1, "host_queued_end": 1585587488.07551}, "device": "cpu", "nd_range": {"device_start": 2255262.332334651, "device_end": 2255262.34814124}, "cmdq": 0, "read": {"device_start": -1, "device_end": -1}}, "empty62": {"write": {"device_start": -1, "host_queued_start": 1585587488.036807, "device_queued": -1, "device_end": -1, "host_queued_end": 1585587488.07551}, "device": "cpu", "nd_range": {"device_start": 2255262.2651662123, "device_end": 2255262.265166801}, "cmdq": 0, "read": {"device_start": -1, "device_end": -1}}, "FFC_sans_bias70": {"write": {"device_start": 1585587422.5928528, "host_queued_start": 1585587488.03028, "device_queued": 1585587422.5909088, "device_end": 1585587422.592884, "host_queued_end": 1585587488.030394}, "device": "gpu", "nd_range": {"device_start": 1585587422.593553, "device_end": 1585587422.59415}, "cmdq": 2, "read": {"device_start": 1585587422.594152, "device_end": 1585587422.5941746}}, "FFC_sans_bias58": {"write": {"device_start": -1, "host_queued_start": 1585587488.063977, "device_queued": -1, "device_end": -1, "host_queued_end": 1585587488.07551}, "device": "cpu", "nd_range": {"device_start": 2255262.385710787, "device_end": 2255262.3940371224}, "cmdq": 1, "read": {"device_start": -1, "device_end": -1}}, "softmax41": {"write": {"device_start": -1, "host_queued_start": 1585587488.065357, "device_queued": -1, "device_end": -1, "host_queued_end": 1585587488.07551}, "device": "cpu", "nd_range": {"device_start": 2255262.394186975, "device_end": 2255262.394376525}, "cmdq": 0, "read": {"device_start": -1, "device_end": -1}}, "FFC_sans_bias11": {"write": {"device_start": -1, "host_queued_start": 1585587488.043135, "device_queued": -1, "device_end": -1, "host_queued_end": 1585587488.07551}, "device": "cpu", "nd_range": {"device_start": 2255262.2849370893, "device_end": 2255262.29348385}, "cmdq": 0, "read": {"device_start": -1, "device_end": -1}}, "FFC_sans_bias10": {"write": {"device_start": -1, "host_queued_start": 1585587488.042046, "device_queued": -1, "device_end": -1, "host_queued_end": 1585587488.07551}, "device": "cpu", "nd_range": {"device_start": 2255262.281397188, "device_end": 2255262.28901646}, "cmdq": 1, "read": {"device_start": -1, "device_end": -1}}, "coalesced_transpose3": {"write": {"device_start": -1, "host_queued_start": 1585587488.059457, "device_queued": -1, "device_end": -1, "host_queued_end": 1585587488.07551}, "device": "cpu", "nd_range": {"device_start": 2255262.363818165, "device_end": 2255262.3639842924}, "cmdq": 0, "read": {"device_start": -1, "device_end": -1}}, "FFC_sans_bias34": {"write": {"device_start": -1, "host_queued_start": 1585587488.072446, "device_queued": -1, "device_end": -1, "host_queued_end": 1585587488.07551}, "device": "cpu", "nd_range": {"device_start": 2255262.438388916, "device_end": 2255262.445062092}, "cmdq": 1, "read": {"device_start": -1, "device_end": -1}}, "FFC_sans_bias15": {"write": {"device_start": -1, "host_queued_start": 1585587488.066639, "device_queued": -1, "device_end": -1, "host_queued_end": 1585587488.07551}, "device": "cpu", "nd_range": {"device_start": 2255262.3946098504, "device_end": 2255262.4045868893}, "cmdq": 0, "read": {"device_start": -1, "device_end": -1}}, "FFC_sans_bias31": {"write": {"device_start": -1, "host_queued_start": 1585587488.06294, "device_queued": -1, "device_end": -1, "host_queued_end": 1585587488.07551}, "device": "cpu", "nd_range": {"device_start": 2255262.372867964, "device_end": 2255262.38405132}, "cmdq": 0, "read": {"device_start": -1, "device_end": -1}}, "FFC_sans_bias16": {"write": {"device_start": -1, "host_queued_start": 1585587488.070443, "device_queued": -1, "device_end": -1, "host_queued_end": 1585587488.07551}, "device": "cpu", "nd_range": {"device_start": 2255262.4279577243, "device_end": 2255262.43838546}, "cmdq": 1, "read": {"device_start": -1, "device_end": -1}}, "FFC_sans_bias19": {"write": {"device_start": -1, "host_queued_start": 1585587488.045272, "device_queued": -1, "device_end": -1, "host_queued_end": 1585587488.07551}, "device": "cpu", "nd_range": {"device_start": 2255262.294163287, "device_end": 2255262.30340103}, "cmdq": 0, "read": {"device_start": -1, "device_end": -1}}, "FFC_sans_bias18": {"write": {"device_start": -1, "host_queued_start": 1585587488.044205, "device_queued": -1, "device_end": -1, "host_queued_end": 1585587488.07551}, "device": "cpu", "nd_range": {"device_start": 2255262.2891440173, "device_end": 2255262.295628706}, "cmdq": 1, "read": {"device_start": -1, "device_end": -1}}, "coalesced_transpose30": {"write": {"device_start": -1, "host_queued_start": 1585587488.060458, "device_queued": -1, "device_end": -1, "host_queued_end": 1585587488.07551}, "device": "cpu", "nd_range": {"device_start": 2255262.349448021, "device_end": 2255262.349692217}, "cmdq": 1, "read": {"device_start": -1, "device_end": -1}}, "FFC_sans_bias69": {"write": {"device_start": -1, "host_queued_start": 1585587488.029246, "device_queued": -1, "device_end": -1, "host_queued_end": 1585587488.030394}, "device": "gpu", "nd_range": {"device_start": 1585587422.5929523, "device_end": 1585587422.5935497}, "cmdq": 1, "read": {"device_start": -1, "device_end": -1}}, "FFC_sans_bias38": {"write": {"device_start": -1, "host_queued_start": 1585587488.052725, "device_queued": -1, "device_end": -1, "host_queued_end": 1585587488.07551}, "device": "cpu", "nd_range": {"device_start": 2255262.319703129, "device_end": 2255262.326101798}, "cmdq": 1, "read": {"device_start": -1, "device_end": -1}}, "coalesced_transpose57": {"write": {"device_start": -1, "host_queued_start": 1585587488.061451, "device_queued": -1, "device_end": -1, "host_queued_end": 1585587488.07551}, "device": "cpu", "nd_range": {"device_start": 2255262.3647392374, "device_end": 2255262.36498598}, "cmdq": 0, "read": {"device_start": -1, "device_end": -1}}, "empty26": {"write": {"device_start": -1, "host_queued_start": 1585587488.033528, "device_queued": -1, "device_end": -1, "host_queued_end": 1585587488.07551}, "device": "cpu", "nd_range": {"device_start": 2255262.2651528083, "device_end": 2255262.2651539003}, "cmdq": 0, "read": {"device_start": -1, "device_end": -1}}, "coalesced_transpose12": {"write": {"device_start": -1, "host_queued_start": 1585587488.059788, "device_queued": -1, "device_end": -1, "host_queued_end": 1585587488.07551}, "device": "cpu", "nd_range": {"device_start": 2255262.348158161, "device_end": 2255262.3493295023}, "cmdq": 1, "read": {"device_start": -1, "device_end": -1}}, "empty44": {"write": {"device_start": -1, "host_queued_start": 1585587488.035196, "device_queued": -1, "device_end": -1, "host_queued_end": 1585587488.07551}, "device": "cpu", "nd_range": {"device_start": 2255262.265160236, "device_end": 2255262.265161282}, "cmdq": 0, "read": {"device_start": -1, "device_end": -1}}, "coalesced_transpose21": {"write": {"device_start": -1, "host_queued_start": 1585587488.060121, "device_queued": -1, "device_end": -1, "host_queued_end": 1585587488.07551}, "device": "cpu", "nd_range": {"device_start": 2255262.364137014, "device_end": 2255262.364269968}, "cmdq": 0, "read": {"device_start": -1, "device_end": -1}}, "FFC_sans_bias36": {"write": {"device_start": -1, "host_queued_start": 1585587488.050618, "device_queued": -1, "device_end": -1, "host_queued_end": 1585587488.07551}, "device": "cpu", "nd_range": {"device_start": 2255262.31189913, "device_end": 2255262.319582297}, "cmdq": 1, "read": {"device_start": -1, "device_end": -1}}, "softmax14": {"write": {"device_start": -1, "host_queued_start": 1585587488.064536, "device_queued": -1, "device_end": -1, "host_queued_end": 1585587488.07551}, "device": "cpu", "nd_range": {"device_start": 2255262.3940519663, "device_end": 2255262.394181902}, "cmdq": 1, "read": {"device_start": -1, "device_end": -1}}, "FFC_sans_bias13": {"write": {"device_start": -1, "host_queued_start": 1585587488.062236, "device_queued": -1, "device_end": -1, "host_queued_end": 1585587488.07551}, "device": "cpu", "nd_range": {"device_start": 2255262.3650913043, "device_end": 2255262.372756342}, "cmdq": 0, "read": {"device_start": -1, "device_end": -1}}, "empty8": {"write": {"device_start": -1, "host_queued_start": 1585587488.031774, "device_queued": -1, "device_end": -1, "host_queued_end": 1585587488.07551}, "device": "cpu", "nd_range": {"device_start": 2255262.2651146543, "device_end": 2255262.265129736}, "cmdq": 0, "read": {"device_start": -1, "device_end": -1}}, "FFC_sans_bias42": {"write": {"device_start": -1, "host_queued_start": 1585587488.067698, "device_queued": -1, "device_end": -1, "host_queued_end": 1585587488.07551}, "device": "cpu", "nd_range": {"device_start": 2255262.412656023, "device_end": 2255262.4212571452}, "cmdq": 1, "read": {"device_start": -1, "device_end": -1}}, "FFC_sans_bias43": {"write": {"device_start": -1, "host_queued_start": 1585587488.073463, "device_queued": -1, "device_end": -1, "host_queued_end": 1585587488.07551}, "device": "cpu", "nd_range": {"device_start": 2255262.440998732, "device_end": 2255262.4495399813}, "cmdq": 0, "read": {"device_start": -1, "device_end": -1}}, "FFC_sans_bias40": {"write": {"device_start": -1, "host_queued_start": 1585587488.063288, "device_queued": -1, "device_end": -1, "host_queued_end": 1585587488.07551}, "device": "cpu", "nd_range": {"device_start": 2255262.3794129263, "device_end": 2255262.385598318}, "cmdq": 1, "read": {"device_start": -1, "device_end": -1}}, "softmax32": {"write": {"device_start": -1, "host_queued_start": 1585587488.06508, "device_queued": -1, "device_end": -1, "host_queued_end": 1585587488.07551}, "device": "cpu", "nd_range": {"device_start": 2255262.3941889443, "device_end": 2255262.394393917}, "cmdq": 1, "read": {"device_start": -1, "device_end": -1}}, "FFC_sans_bias47": {"write": {"device_start": -1, "host_queued_start": 1585587488.055903, "device_queued": -1, "device_end": -1, "host_queued_end": 1585587488.07551}, "device": "cpu", "nd_range": {"device_start": 2255262.353290209, "device_end": 2255262.358545979}, "cmdq": 0, "read": {"device_start": -1, "device_end": -1}}, "FFC_sans_bias45": {"write": {"device_start": -1, "host_queued_start": 1585587488.053778, "device_queued": -1, "device_end": -1, "host_queued_end": 1585587488.07551}, "device": "cpu", "nd_range": {"device_start": 2255262.348158249, "device_end": 2255262.3531608703}, "cmdq": 0, "read": {"device_start": -1, "device_end": -1}}, "softmax50": {"write": {"device_start": -1, "host_queued_start": 1585587488.065642, "device_queued": -1, "device_end": -1, "host_queued_end": 1585587488.07551}, "device": "cpu", "nd_range": {"device_start": 2255262.394400636, "device_end": 2255262.394608988}, "cmdq": 1, "read": {"device_start": -1, "device_end": -1}}, "FFC_sans_bias33": {"write": {"device_start": -1, "host_queued_start": 1585587488.067349, "device_queued": -1, "device_end": -1, "host_queued_end": 1585587488.07551}, "device": "cpu", "nd_range": {"device_start": 2255262.4045939012, "device_end": 2255262.4126496813}, "cmdq": 0, "read": {"device_start": -1, "device_end": -1}}, "FFC_sans_bias63": {"write": {"device_start": 1585587422.5907986, "host_queued_start": 1585587488.028007, "device_queued": 1585587422.5907128, "device_end": 1585587422.5908282, "host_queued_end": 1585587488.030394}, "device": "gpu", "nd_range": {"device_start": 1585587422.5908303, "device_end": 1585587422.5921528}, "cmdq": 0, "read": {"device_start": -1, "device_end": -1}}, "FFC_sans_bias49": {"write": {"device_start": -1, "host_queued_start": 1585587488.063635, "device_queued": -1, "device_end": -1, "host_queued_end": 1585587488.07551}, "device": "cpu", "nd_range": {"device_start": 2255262.3841637853, "device_end": 2255262.393445452}, "cmdq": 0, "read": {"device_start": -1, "device_end": -1}}, "FFC_sans_bias64": {"write": {"device_start": 1585587422.590525, "host_queued_start": 1585587488.025676, "device_queued": 1585587422.5904272, "device_end": 1585587422.5905707, "host_queued_end": 1585587488.030394}, "device": "gpu", "nd_range": {"device_start": 1585587422.5905793, "device_end": 1585587422.5911863}, "cmdq": 1, "read": {"device_start": -1, "device_end": -1}}, "FFC_sans_bias65": {"write": {"device_start": 1585587422.5906112, "host_queued_start": 1585587488.026877, "device_queued": 1585587422.59046, "device_end": 1585587422.5906355, "host_queued_end": 1585587488.030394}, "device": "gpu", "nd_range": {"device_start": 1585587422.5907013, "device_end": 1585587422.5915904}, "cmdq": 2, "read": {"device_start": -1, "device_end": -1}}, "FFC_sans_bias67": {"write": {"device_start": -1, "host_queued_start": 1585587488.028669, "device_queued": -1, "device_end": -1, "host_queued_end": 1585587488.030394}, "device": "gpu", "nd_range": {"device_start": 1585587422.5921578, "device_end": 1585587422.5927513}, "cmdq": 2, "read": {"device_start": -1, "device_end": -1}}, "FFC_sans_bias24": {"write": {"device_start": -1, "host_queued_start": 1585587488.067002, "device_queued": -1, "device_end": -1, "host_queued_end": 1585587488.07551}, "device": "cpu", "nd_range": {"device_start": 2255262.403623205, "device_end": 2255262.4126491733}, "cmdq": 1, "read": {"device_start": -1, "device_end": -1}}, "FFC_sans_bias25": {"write": {"device_start": -1, "host_queued_start": 1585587488.071445, "device_queued": -1, "device_end": -1, "host_queued_end": 1585587488.07551}, "device": "cpu", "nd_range": {"device_start": 2255262.43153182, "device_end": 2255262.4409959363}, "cmdq": 0, "read": {"device_start": -1, "device_end": -1}}, "FFC_sans_bias27": {"write": {"device_start": -1, "host_queued_start": 1585587488.04742, "device_queued": -1, "device_end": -1, "host_queued_end": 1585587488.07551}, "device": "cpu", "nd_range": {"device_start": 2255262.3047666852, "device_end": 2255262.313984883}, "cmdq": 0, "read": {"device_start": -1, "device_end": -1}}, "FFC_sans_bias20": {"write": {"device_start": -1, "host_queued_start": 1585587488.046331, "device_queued": -1, "device_end": -1, "host_queued_end": 1585587488.07551}, "device": "cpu", "nd_range": {"device_start": 2255262.295637481, "device_end": 2255262.304421969}, "cmdq": 1, "read": {"device_start": -1, "device_end": -1}}, "FFC_sans_bias22": {"write": {"device_start": -1, "host_queued_start": 1585587488.062588, "device_queued": -1, "device_end": -1, "host_queued_end": 1585587488.07551}, "device": "cpu", "nd_range": {"device_start": 2255262.3713853164, "device_end": 2255262.379294863}, "cmdq": 1, "read": {"device_start": -1, "device_end": -1}}, "softmax68": {"write": {"device_start": -1, "host_queued_start": 1585587488.028927, "device_queued": -1, "device_end": -1, "host_queued_end": 1585587488.030394}, "device": "gpu", "nd_range": {"device_start": 1585587422.5927534, "device_end": 1585587422.5929472}, "cmdq": 0, "read": {"device_start": -1, "device_end": -1}}, "softmax5": {"write": {"device_start": -1, "host_queued_start": 1585587488.064259, "device_queued": -1, "device_end": -1, "host_queued_end": 1585587488.07551}, "device": "cpu", "nd_range": {"device_start": 2255262.393557553, "device_end": 2255262.393782571}, "cmdq": 0, "read": {"device_start": -1, "device_end": -1}}, "FFC_sans_bias28": {"write": {"device_start": -1, "host_queued_start": 1585587488.04848, "device_queued": -1, "device_end": -1, "host_queued_end": 1585587488.07551}, "device": "cpu", "nd_range": {"device_start": 2255262.304550309, "device_end": 2255262.311784592}, "cmdq": 1, "read": {"device_start": -1, "device_end": -1}}, "FFC_sans_bias29": {"write": {"device_start": -1, "host_queued_start": 1585587488.049543, "device_queued": -1, "device_end": -1, "host_queued_end": 1585587488.07551}, "device": "cpu", "nd_range": {"device_start": 2255262.316837264, "device_end": 2255262.331677456}, "cmdq": 0, "read": {"device_start": -1, "device_end": -1}}, "empty17": {"write": {"device_start": -1, "host_queued_start": 1585587488.032671, "device_queued": -1, "device_end": -1, "host_queued_end": 1585587488.07551}, "device": "cpu", "nd_range": {"device_start": 2255262.2651211, "device_end": 2255262.265129716}, "cmdq": 1, "read": {"device_start": -1, "device_end": -1}}, "softmax59": {"write": {"device_start": -1, "host_queued_start": 1585587488.065936, "device_queued": -1, "device_end": -1, "host_queued_end": 1585587488.07551}, "device": "cpu", "nd_range": {"device_start": 2255262.394384689, "device_end": 2255262.394603358}, "cmdq": 0, "read": {"device_start": -1, "device_end": -1}}, "empty71": {"write": {"device_start": 1585587422.5904362, "host_queued_start": 1585587488.024303, "device_queued": 1585587422.5903196, "device_end": 1585587422.5904624, "host_queued_end": 1585587488.030394}, "device": "gpu", "nd_range": {"device_start": 1585587422.5905075, "device_end": 1585587422.5905154}, "cmdq": 0, "read": {"device_start": -1, "device_end": -1}}, "empty35": {"write": {"device_start": -1, "host_queued_start": 1585587488.034346, "device_queued": -1, "device_end": -1, "host_queued_end": 1585587488.07551}, "device": "cpu", "nd_range": {"device_start": 2255262.2651514662, "device_end": 2255262.265152656}, "cmdq": 1, "read": {"device_start": -1, "device_end": -1}}, "empty53": {"write": {"device_start": -1, "host_queued_start": 1585587488.035998, "device_queued": -1, "device_end": -1, "host_queued_end": 1585587488.07551}, "device": "cpu", "nd_range": {"device_start": 2255262.265158249, "device_end": 2255262.265159162}, "cmdq": 1, "read": {"device_start": -1, "device_end": -1}}, "FFC_sans_bias46": {"write": {"device_start": -1, "host_queued_start": 1585587488.054851, "device_queued": -1, "device_end": -1, "host_queued_end": 1585587488.07551}, "device": "cpu", "nd_range": {"device_start": 2255262.326108681, "device_end": 2255262.331611113}, "cmdq": 1, "read": {"device_start": -1, "device_end": -1}}, "coalesced_transpose66": {"write": {"device_start": -1, "host_queued_start": 1585587488.028345, "device_queued": -1, "device_end": -1, "host_queued_end": 1585587488.030394}, "device": "gpu", "nd_range": {"device_start": 1585587422.5911872, "device_end": 1585587422.5919878}, "cmdq": 1, "read": {"device_start": -1, "device_end": -1}}, "coalesced_transpose48": {"write": {"device_start": -1, "host_queued_start": 1585587488.061124, "device_queued": -1, "device_end": -1, "host_queued_end": 1585587488.07551}, "device": "cpu", "nd_range": {"device_start": 2255262.3498035423, "device_end": 2255262.350043776}, "cmdq": 1, "read": {"device_start": -1, "device_end": -1}}}