{"FFC_sans_bias60": {"write": {"device_start": -1, "host_queued_start": 1585587243.091046, "device_queued": -1, "device_end": -1, "host_queued_end": 1585587243.099864}, "device": "gpu", "nd_range": {"device_start": 1585587177.6956499, "device_end": 1585587177.696251}, "cmdq": 0, "read": {"device_start": -1, "device_end": -1}}, "FFC_sans_bias4": {"write": {"device_start": -1, "host_queued_start": 1585587243.084522, "device_queued": -1, "device_end": -1, "host_queued_end": 1585587243.099864}, "device": "gpu", "nd_range": {"device_start": 1585587177.685573, "device_end": 1585587177.6861753}, "cmdq": 0, "read": {"device_start": -1, "device_end": -1}}, "FFC_sans_bias7": {"write": {"device_start": 1585587177.6969726, "host_queued_start": 1585587243.092382, "device_queued": 1585587177.6709998, "device_end": 1585587177.6970012, "host_queued_end": 1585587243.099864}, "device": "gpu", "nd_range": {"device_start": 1585587177.69701, "device_end": 1585587177.697607}, "cmdq": 0, "read": {"device_start": 1585587177.6976125, "device_end": 1585587177.6976357}}, "FFC_sans_bias6": {"write": {"device_start": -1, "host_queued_start": 1585587243.089049, "device_queued": -1, "device_end": -1, "host_queued_end": 1585587243.099864}, "device": "gpu", "nd_range": {"device_start": 1585587177.6920655, "device_end": 1585587177.6926665}, "cmdq": 0, "read": {"device_start": -1, "device_end": -1}}, "FFC_sans_bias1": {"write": {"device_start": 1585587177.6685536, "host_queued_start": 1585587243.058604, "device_queued": 1585587177.6672263, "device_end": 1585587177.6685824, "host_queued_end": 1585587243.099864}, "device": "gpu", "nd_range": {"device_start": 1585587177.6685853, "device_end": 1585587177.6691828}, "cmdq": 0, "read": {"device_start": -1, "device_end": -1}}, "FFC_sans_bias0": {"write": {"device_start": 1585587177.6677916, "host_queued_start": 1585587243.057545, "device_queued": 1585587177.667169, "device_end": 1585587177.6678152, "host_queued_end": 1585587243.099864}, "device": "gpu", "nd_range": {"device_start": 1585587177.66782, "device_end": 1585587177.6684182}, "cmdq": 0, "read": {"device_start": -1, "device_end": -1}}, "FFC_sans_bias2": {"write": {"device_start": 1585587177.6693063, "host_queued_start": 1585587243.05965, "device_queued": 1585587177.6673994, "device_end": 1585587177.6693351, "host_queued_end": 1585587243.099864}, "device": "gpu", "nd_range": {"device_start": 1585587177.6693447, "device_end": 1585587177.66985}, "cmdq": 0, "read": {"device_start": -1, "device_end": -1}}, "FFC_sans_bias61": {"write": {"device_start": 1585587177.7019846, "host_queued_start": 1585587243.098685, "device_queued": 1585587177.6717064, "device_end": 1585587177.7020133, "host_queued_end": 1585587243.099864}, "device": "gpu", "nd_range": {"device_start": 1585587177.7020278, "device_end": 1585587177.7026265}, "cmdq": 0, "read": {"device_start": 1585587177.7026286, "device_end": 1585587177.702651}}, "FFC_sans_bias52": {"write": {"device_start": 1585587177.7011387, "host_queued_start": 1585587243.0976, "device_queued": 1585587177.6715646, "device_end": 1585587177.701168, "host_queued_end": 1585587243.099864}, "device": "gpu", "nd_range": {"device_start": 1585587177.7011747, "device_end": 1585587177.7017791}, "cmdq": 0, "read": {"device_start": 1585587177.701784, "device_end": 1585587177.701806}}, "FFC_sans_bias9": {"write": {"device_start": 1585587177.6699514, "host_queued_start": 1585587243.060684, "device_queued": 1585587177.667459, "device_end": 1585587177.669975, "host_queued_end": 1585587243.099864}, "device": "gpu", "nd_range": {"device_start": 1585587177.6699855, "device_end": 1585587177.670585}, "cmdq": 0, "read": {"device_start": -1, "device_end": -1}}, "coalesced_transpose39": {"write": {"device_start": -1, "host_queued_start": 1585587243.083282, "device_queued": -1, "device_end": -1, "host_queued_end": 1585587243.099864}, "device": "gpu", "nd_range": {"device_start": 1585587177.6855354, "device_end": 1585587177.6855438}, "cmdq": 0, "read": {"device_start": -1, "device_end": -1}}, "FFC_sans_bias55": {"write": {"device_start": 1585587177.6826181, "host_queued_start": 1585587243.078614, "device_queued": 1585587177.669206, "device_end": 1585587177.6826472, "host_queued_end": 1585587243.099864}, "device": "gpu", "nd_range": {"device_start": 1585587177.6826503, "device_end": 1585587177.6832552}, "cmdq": 0, "read": {"device_start": -1, "device_end": -1}}, "FFC_sans_bias54": {"write": {"device_start": 1585587177.6818643, "host_queued_start": 1585587243.077579, "device_queued": 1585587177.66906, "device_end": 1585587177.6818929, "host_queued_end": 1585587243.099864}, "device": "gpu", "nd_range": {"device_start": 1585587177.6819022, "device_end": 1585587177.6825006}, "cmdq": 0, "read": {"device_start": -1, "device_end": -1}}, "FFC_sans_bias56": {"write": {"device_start": 1585587177.681121, "host_queued_start": 1585587243.076552, "device_queued": 1585587177.6690083, "device_end": 1585587177.68115, "host_queued_end": 1585587243.099864}, "device": "gpu", "nd_range": {"device_start": 1585587177.6811547, "device_end": 1585587177.6817505}, "cmdq": 0, "read": {"device_start": -1, "device_end": -1}}, "FFC_sans_bias51": {"write": {"device_start": -1, "host_queued_start": 1585587243.090735, "device_queued": -1, "device_end": -1, "host_queued_end": 1585587243.099864}, "device": "gpu", "nd_range": {"device_start": 1585587177.695059, "device_end": 1585587177.695649}, "cmdq": 0, "read": {"device_start": -1, "device_end": -1}}, "softmax23": {"write": {"device_start": -1, "host_queued_start": 1585587243.087486, "device_queued": -1, "device_end": -1, "host_queued_end": 1585587243.099864}, "device": "gpu", "nd_range": {"device_start": 1585587177.6907973, "device_end": 1585587177.6910083}, "cmdq": 0, "read": {"device_start": -1, "device_end": -1}}, "FFC_sans_bias37": {"write": {"device_start": 1585587177.6774132, "host_queued_start": 1585587243.071388, "device_queued": 1585587177.6684754, "device_end": 1585587177.6774423, "host_queued_end": 1585587243.099864}, "device": "gpu", "nd_range": {"device_start": 1585587177.6774457, "device_end": 1585587177.6780457}, "cmdq": 0, "read": {"device_start": -1, "device_end": -1}}, "empty62": {"write": {"device_start": 1585587177.6674998, "host_queued_start": 1585587243.055753, "device_queued": 1585587177.6669018, "device_end": 1585587177.6675289, "host_queued_end": 1585587243.099864}, "device": "gpu", "nd_range": {"device_start": 1585587177.6675313, "device_end": 1585587177.6675348}, "cmdq": 0, "read": {"device_start": -1, "device_end": -1}}, "FFC_sans_bias70": {"write": {"device_start": 1585587177.702823, "host_queued_start": 1585587243.099758, "device_queued": 1585587177.6717546, "device_end": 1585587177.702846, "host_queued_end": 1585587243.099864}, "device": "gpu", "nd_range": {"device_start": 1585587177.7028499, "device_end": 1585587177.7034352}, "cmdq": 0, "read": {"device_start": 1585587177.7034397, "device_end": 1585587177.7034616}}, "FFC_sans_bias58": {"write": {"device_start": -1, "host_queued_start": 1585587243.086409, "device_queued": -1, "device_end": -1, "host_queued_end": 1585587243.099864}, "device": "gpu", "nd_range": {"device_start": 1585587177.6891737, "device_end": 1585587177.6897721}, "cmdq": 0, "read": {"device_start": -1, "device_end": -1}}, "softmax41": {"write": {"device_start": -1, "host_queued_start": 1585587243.08798, "device_queued": -1, "device_end": -1, "host_queued_end": 1585587243.099864}, "device": "gpu", "nd_range": {"device_start": 1585587177.69122, "device_end": 1585587177.6914306}, "cmdq": 0, "read": {"device_start": -1, "device_end": -1}}, "FFC_sans_bias11": {"write": {"device_start": 1585587177.6714618, "host_queued_start": 1585587243.062977, "device_queued": 1585587177.6677456, "device_end": 1585587177.6714916, "host_queued_end": 1585587243.099864}, "device": "gpu", "nd_range": {"device_start": 1585587177.6714952, "device_end": 1585587177.672097}, "cmdq": 0, "read": {"device_start": -1, "device_end": -1}}, "FFC_sans_bias10": {"write": {"device_start": 1585587177.6706886, "host_queued_start": 1585587243.061892, "device_queued": 1585587177.6676917, "device_end": 1585587177.670719, "host_queued_end": 1585587243.099864}, "device": "gpu", "nd_range": {"device_start": 1585587177.6707249, "device_end": 1585587177.6713376}, "cmdq": 0, "read": {"device_start": -1, "device_end": -1}}, "coalesced_transpose3": {"write": {"device_start": -1, "host_queued_start": 1585587243.082047, "device_queued": -1, "device_end": -1, "host_queued_end": 1585587243.099864}, "device": "gpu", "nd_range": {"device_start": 1585587177.685497, "device_end": 1585587177.6855052}, "cmdq": 0, "read": {"device_start": -1, "device_end": -1}}, "FFC_sans_bias34": {"write": {"device_start": 1585587177.6994636, "host_queued_start": 1585587243.095512, "device_queued": 1585587177.6713128, "device_end": 1585587177.6994917, "host_queued_end": 1585587243.099864}, "device": "gpu", "nd_range": {"device_start": 1585587177.6995003, "device_end": 1585587177.7000895}, "cmdq": 0, "read": {"device_start": 1585587177.7000964, "device_end": 1585587177.7001185}}, "FFC_sans_bias15": {"write": {"device_start": -1, "host_queued_start": 1585587243.089458, "device_queued": -1, "device_end": -1, "host_queued_end": 1585587243.099864}, "device": "gpu", "nd_range": {"device_start": 1585587177.6926675, "device_end": 1585587177.6932652}, "cmdq": 0, "read": {"device_start": -1, "device_end": -1}}, "FFC_sans_bias31": {"write": {"device_start": -1, "host_queued_start": 1585587243.085474, "device_queued": -1, "device_end": -1, "host_queued_end": 1585587243.099864}, "device": "gpu", "nd_range": {"device_start": 1585587177.6873748, "device_end": 1585587177.6879716}, "cmdq": 0, "read": {"device_start": -1, "device_end": -1}}, "FFC_sans_bias16": {"write": {"device_start": 1585587177.697816, "host_queued_start": 1585587243.093439, "device_queued": 1585587177.6710668, "device_end": 1585587177.6978447, "host_queued_end": 1585587243.099864}, "device": "gpu", "nd_range": {"device_start": 1585587177.6978486, "device_end": 1585587177.698444}, "cmdq": 0, "read": {"device_start": 1585587177.6984477, "device_end": 1585587177.6984696}}, "FFC_sans_bias19": {"write": {"device_start": 1585587177.6729271, "host_queued_start": 1585587243.065044, "device_queued": 1585587177.6679645, "device_end": 1585587177.6729562, "host_queued_end": 1585587243.099864}, "device": "gpu", "nd_range": {"device_start": 1585587177.6729627, "device_end": 1585587177.673553}, "cmdq": 0, "read": {"device_start": -1, "device_end": -1}}, "FFC_sans_bias18": {"write": {"device_start": 1585587177.6721969, "host_queued_start": 1585587243.064013, "device_queued": 1585587177.6679265, "device_end": 1585587177.6722205, "host_queued_end": 1585587243.099864}, "device": "gpu", "nd_range": {"device_start": 1585587177.6722255, "device_end": 1585587177.672826}, "cmdq": 0, "read": {"device_start": -1, "device_end": -1}}, "coalesced_transpose30": {"write": {"device_start": -1, "host_queued_start": 1585587243.082973, "device_queued": -1, "device_end": -1, "host_queued_end": 1585587243.099864}, "device": "gpu", "nd_range": {"device_start": 1585587177.6855257, "device_end": 1585587177.6855342}, "cmdq": 0, "read": {"device_start": -1, "device_end": -1}}, "FFC_sans_bias69": {"write": {"device_start": -1, "host_queued_start": 1585587243.09136, "device_queued": -1, "device_end": -1, "host_queued_end": 1585587243.099864}, "device": "gpu", "nd_range": {"device_start": 1585587177.6962523, "device_end": 1585587177.6968536}, "cmdq": 0, "read": {"device_start": -1, "device_end": -1}}, "FFC_sans_bias38": {"write": {"device_start": 1585587177.6781628, "host_queued_start": 1585587243.072424, "device_queued": 1585587177.6686325, "device_end": 1585587177.6781929, "host_queued_end": 1585587243.099864}, "device": "gpu", "nd_range": {"device_start": 1585587177.6781952, "device_end": 1585587177.6787982}, "cmdq": 0, "read": {"device_start": -1, "device_end": -1}}, "coalesced_transpose57": {"write": {"device_start": -1, "host_queued_start": 1585587243.083893, "device_queued": -1, "device_end": -1, "host_queued_end": 1585587243.099864}, "device": "gpu", "nd_range": {"device_start": 1585587177.6855543, "device_end": 1585587177.6855624}, "cmdq": 0, "read": {"device_start": -1, "device_end": -1}}, "empty26": {"write": {"device_start": 1585587177.6667256, "host_queued_start": 1585587243.052466, "device_queued": 1585587177.6664968, "device_end": 1585587177.6667547, "host_queued_end": 1585587243.099864}, "device": "gpu", "nd_range": {"device_start": 1585587177.666757, "device_end": 1585587177.666761}, "cmdq": 0, "read": {"device_start": -1, "device_end": -1}}, "coalesced_transpose12": {"write": {"device_start": -1, "host_queued_start": 1585587243.082356, "device_queued": -1, "device_end": -1, "host_queued_end": 1585587243.099864}, "device": "gpu", "nd_range": {"device_start": 1585587177.685506, "device_end": 1585587177.685514}, "cmdq": 0, "read": {"device_start": -1, "device_end": -1}}, "empty44": {"write": {"device_start": 1585587177.6670504, "host_queued_start": 1585587243.05408, "device_queued": 1585587177.6668122, "device_end": 1585587177.6670785, "host_queued_end": 1585587243.099864}, "device": "gpu", "nd_range": {"device_start": 1585587177.667081, "device_end": 1585587177.6670845}, "cmdq": 0, "read": {"device_start": -1, "device_end": -1}}, "coalesced_transpose21": {"write": {"device_start": -1, "host_queued_start": 1585587243.082663, "device_queued": -1, "device_end": -1, "host_queued_end": 1585587243.099864}, "device": "gpu", "nd_range": {"device_start": 1585587177.6855152, "device_end": 1585587177.6855237}, "cmdq": 0, "read": {"device_start": -1, "device_end": -1}}, "FFC_sans_bias36": {"write": {"device_start": 1585587177.6766574, "host_queued_start": 1585587243.070349, "device_queued": 1585587177.6684017, "device_end": 1585587177.676687, "host_queued_end": 1585587243.099864}, "device": "gpu", "nd_range": {"device_start": 1585587177.6766942, "device_end": 1585587177.6772957}, "cmdq": 0, "read": {"device_start": -1, "device_end": -1}}, "softmax14": {"write": {"device_start": -1, "host_queued_start": 1585587243.08724, "device_queued": -1, "device_end": -1, "host_queued_end": 1585587243.099864}, "device": "gpu", "nd_range": {"device_start": 1585587177.6905856, "device_end": 1585587177.6907964}, "cmdq": 0, "read": {"device_start": -1, "device_end": -1}}, "FFC_sans_bias13": {"write": {"device_start": -1, "host_queued_start": 1585587243.084838, "device_queued": -1, "device_end": -1, "host_queued_end": 1585587243.099864}, "device": "gpu", "nd_range": {"device_start": 1585587177.6861765, "device_end": 1585587177.686776}, "cmdq": 0, "read": {"device_start": -1, "device_end": -1}}, "empty8": {"write": {"device_start": 1585587177.666397, "host_queued_start": 1585587243.050595, "device_queued": 1585587177.6662793, "device_end": 1585587177.6664236, "host_queued_end": 1585587243.099864}, "device": "gpu", "nd_range": {"device_start": 1585587177.6664314, "device_end": 1585587177.66644}, "cmdq": 0, "read": {"device_start": -1, "device_end": -1}}, "FFC_sans_bias42": {"write": {"device_start": -1, "host_queued_start": 1585587243.090418, "device_queued": -1, "device_end": -1, "host_queued_end": 1585587243.099864}, "device": "gpu", "nd_range": {"device_start": 1585587177.69446, "device_end": 1585587177.695058}, "cmdq": 0, "read": {"device_start": -1, "device_end": -1}}, "FFC_sans_bias43": {"write": {"device_start": 1585587177.7002938, "host_queued_start": 1585587243.096557, "device_queued": 1585587177.671506, "device_end": 1585587177.7003224, "host_queued_end": 1585587243.099864}, "device": "gpu", "nd_range": {"device_start": 1585587177.700337, "device_end": 1585587177.7009351}, "cmdq": 0, "read": {"device_start": 1585587177.700938, "device_end": 1585587177.7009604}}, "FFC_sans_bias40": {"write": {"device_start": -1, "host_queued_start": 1585587243.085784, "device_queued": -1, "device_end": -1, "host_queued_end": 1585587243.099864}, "device": "gpu", "nd_range": {"device_start": 1585587177.6879728, "device_end": 1585587177.6885703}, "cmdq": 0, "read": {"device_start": -1, "device_end": -1}}, "softmax32": {"write": {"device_start": -1, "host_queued_start": 1585587243.087736, "device_queued": -1, "device_end": -1, "host_queued_end": 1585587243.099864}, "device": "gpu", "nd_range": {"device_start": 1585587177.6910095, "device_end": 1585587177.6912184}, "cmdq": 0, "read": {"device_start": -1, "device_end": -1}}, "FFC_sans_bias47": {"write": {"device_start": 1585587177.6803696, "host_queued_start": 1585587243.075523, "device_queued": 1585587177.6688743, "device_end": 1585587177.6803987, "host_queued_end": 1585587243.099864}, "device": "gpu", "nd_range": {"device_start": 1585587177.6804051, "device_end": 1585587177.6810045}, "cmdq": 0, "read": {"device_start": -1, "device_end": -1}}, "FFC_sans_bias45": {"write": {"device_start": 1585587177.6789083, "host_queued_start": 1585587243.073457, "device_queued": 1585587177.6686864, "device_end": 1585587177.678938, "host_queued_end": 1585587243.099864}, "device": "gpu", "nd_range": {"device_start": 1585587177.6789439, "device_end": 1585587177.6795287}, "cmdq": 0, "read": {"device_start": -1, "device_end": -1}}, "softmax50": {"write": {"device_start": -1, "host_queued_start": 1585587243.08823, "device_queued": -1, "device_end": -1, "host_queued_end": 1585587243.099864}, "device": "gpu", "nd_range": {"device_start": 1585587177.6914315, "device_end": 1585587177.6916409}, "cmdq": 0, "read": {"device_start": -1, "device_end": -1}}, "FFC_sans_bias33": {"write": {"device_start": -1, "host_queued_start": 1585587243.090103, "device_queued": -1, "device_end": -1, "host_queued_end": 1585587243.099864}, "device": "gpu", "nd_range": {"device_start": 1585587177.693866, "device_end": 1585587177.6944585}, "cmdq": 0, "read": {"device_start": -1, "device_end": -1}}, "FFC_sans_bias63": {"write": {"device_start": 1585587177.684864, "host_queued_start": 1585587243.08173, "device_queued": 1585587177.6695092, "device_end": 1585587177.6848876, "host_queued_end": 1585587243.099864}, "device": "gpu", "nd_range": {"device_start": 1585587177.6848965, "device_end": 1585587177.6854956}, "cmdq": 0, "read": {"device_start": -1, "device_end": -1}}, "FFC_sans_bias49": {"write": {"device_start": -1, "host_queued_start": 1585587243.086096, "device_queued": -1, "device_end": -1, "host_queued_end": 1585587243.099864}, "device": "gpu", "nd_range": {"device_start": 1585587177.6885715, "device_end": 1585587177.6891725}, "cmdq": 0, "read": {"device_start": -1, "device_end": -1}}, "FFC_sans_bias64": {"write": {"device_start": 1585587177.6833646, "host_queued_start": 1585587243.079653, "device_queued": 1585587177.6692667, "device_end": 1585587177.6833937, "host_queued_end": 1585587243.099864}, "device": "gpu", "nd_range": {"device_start": 1585587177.6834004, "device_end": 1585587177.6839957}, "cmdq": 0, "read": {"device_start": -1, "device_end": -1}}, "FFC_sans_bias65": {"write": {"device_start": 1585587177.6841123, "host_queued_start": 1585587243.080697, "device_queued": 1585587177.6694658, "device_end": 1585587177.6841416, "host_queued_end": 1585587243.099864}, "device": "gpu", "nd_range": {"device_start": 1585587177.6841457, "device_end": 1585587177.6847456}, "cmdq": 0, "read": {"device_start": -1, "device_end": -1}}, "FFC_sans_bias67": {"write": {"device_start": -1, "host_queued_start": 1585587243.086741, "device_queued": -1, "device_end": -1, "host_queued_end": 1585587243.099864}, "device": "gpu", "nd_range": {"device_start": 1585587177.6897733, "device_end": 1585587177.6903722}, "cmdq": 0, "read": {"device_start": -1, "device_end": -1}}, "FFC_sans_bias24": {"write": {"device_start": -1, "host_queued_start": 1585587243.089788, "device_queued": -1, "device_end": -1, "host_queued_end": 1585587243.099864}, "device": "gpu", "nd_range": {"device_start": 1585587177.6932664, "device_end": 1585587177.6938646}, "cmdq": 0, "read": {"device_start": -1, "device_end": -1}}, "FFC_sans_bias25": {"write": {"device_start": 1585587177.69864, "host_queued_start": 1585587243.094471, "device_queued": 1585587177.671236, "device_end": 1585587177.6986697, "host_queued_end": 1585587243.099864}, "device": "gpu", "nd_range": {"device_start": 1585587177.698674, "device_end": 1585587177.699271}, "cmdq": 0, "read": {"device_start": 1585587177.6992803, "device_end": 1585587177.6993024}}, "FFC_sans_bias27": {"write": {"device_start": 1585587177.674409, "host_queued_start": 1585587243.067192, "device_queued": 1585587177.6681228, "device_end": 1585587177.6744382, "host_queued_end": 1585587243.099864}, "device": "gpu", "nd_range": {"device_start": 1585587177.6744444, "device_end": 1585587177.6750362}, "cmdq": 0, "read": {"device_start": -1, "device_end": -1}}, "FFC_sans_bias20": {"write": {"device_start": 1585587177.6736698, "host_queued_start": 1585587243.066092, "device_queued": 1585587177.6680825, "device_end": 1585587177.6736994, "host_queued_end": 1585587243.099864}, "device": "gpu", "nd_range": {"device_start": 1585587177.6737041, "device_end": 1585587177.6742997}, "cmdq": 0, "read": {"device_start": -1, "device_end": -1}}, "FFC_sans_bias22": {"write": {"device_start": -1, "host_queued_start": 1585587243.085157, "device_queued": -1, "device_end": -1, "host_queued_end": 1585587243.099864}, "device": "gpu", "nd_range": {"device_start": 1585587177.686777, "device_end": 1585587177.6873739}, "cmdq": 0, "read": {"device_start": -1, "device_end": -1}}, "softmax68": {"write": {"device_start": -1, "host_queued_start": 1585587243.088733, "device_queued": -1, "device_end": -1, "host_queued_end": 1585587243.099864}, "device": "gpu", "nd_range": {"device_start": 1585587177.6918542, "device_end": 1585587177.6920643}, "cmdq": 0, "read": {"device_start": -1, "device_end": -1}}, "softmax5": {"write": {"device_start": -1, "host_queued_start": 1585587243.086994, "device_queued": -1, "device_end": -1, "host_queued_end": 1585587243.099864}, "device": "gpu", "nd_range": {"device_start": 1585587177.6903732, "device_end": 1585587177.6905847}, "cmdq": 0, "read": {"device_start": -1, "device_end": -1}}, "FFC_sans_bias28": {"write": {"device_start": 1585587177.6751523, "host_queued_start": 1585587243.06823, "device_queued": 1585587177.6682513, "device_end": 1585587177.6751819, "host_queued_end": 1585587243.099864}, "device": "gpu", "nd_range": {"device_start": 1585587177.6751888, "device_end": 1585587177.6757975}, "cmdq": 0, "read": {"device_start": -1, "device_end": -1}}, "FFC_sans_bias29": {"write": {"device_start": 1585587177.675907, "host_queued_start": 1585587243.069289, "device_queued": 1585587177.6682844, "device_end": 1585587177.6759365, "host_queued_end": 1585587243.099864}, "device": "gpu", "nd_range": {"device_start": 1585587177.6759436, "device_end": 1585587177.6765358}, "cmdq": 0, "read": {"device_start": -1, "device_end": -1}}, "empty17": {"write": {"device_start": 1585587177.6665514, "host_queued_start": 1585587243.051652, "device_queued": 1585587177.6664438, "device_end": 1585587177.6665752, "host_queued_end": 1585587243.099864}, "device": "gpu", "nd_range": {"device_start": 1585587177.6665833, "device_end": 1585587177.6665866}, "cmdq": 0, "read": {"device_start": -1, "device_end": -1}}, "softmax59": {"write": {"device_start": -1, "host_queued_start": 1585587243.088476, "device_queued": -1, "device_end": -1, "host_queued_end": 1585587243.099864}, "device": "gpu", "nd_range": {"device_start": 1585587177.6916423, "device_end": 1585587177.691853}, "cmdq": 0, "read": {"device_start": -1, "device_end": -1}}, "empty71": {"write": {"device_start": 1585587177.6676536, "host_queued_start": 1585587243.056567, "device_queued": 1585587177.666929, "device_end": 1585587177.6676824, "host_queued_end": 1585587243.099864}, "device": "gpu", "nd_range": {"device_start": 1585587177.6676908, "device_end": 1585587177.6676948}, "cmdq": 0, "read": {"device_start": -1, "device_end": -1}}, "empty35": {"write": {"device_start": 1585587177.6669056, "host_queued_start": 1585587243.053274, "device_queued": 1585587177.666535, "device_end": 1585587177.6669304, "host_queued_end": 1585587243.099864}, "device": "gpu", "nd_range": {"device_start": 1585587177.6669388, "device_end": 1585587177.6669424}, "cmdq": 0, "read": {"device_start": -1, "device_end": -1}}, "empty53": {"write": {"device_start": 1585587177.6672664, "host_queued_start": 1585587243.054942, "device_queued": 1585587177.6668656, "device_end": 1585587177.6672962, "host_queued_end": 1585587243.099864}, "device": "gpu", "nd_range": {"device_start": 1585587177.6673028, "device_end": 1585587177.6673067}, "cmdq": 0, "read": {"device_start": -1, "device_end": -1}}, "FFC_sans_bias46": {"write": {"device_start": 1585587177.6796374, "host_queued_start": 1585587243.074481, "device_queued": 1585587177.6688232, "device_end": 1585587177.6796672, "host_queued_end": 1585587243.099864}, "device": "gpu", "nd_range": {"device_start": 1585587177.679672, "device_end": 1585587177.6802661}, "cmdq": 0, "read": {"device_start": -1, "device_end": -1}}, "coalesced_transpose66": {"write": {"device_start": -1, "host_queued_start": 1585587243.084192, "device_queued": -1, "device_end": -1, "host_queued_end": 1585587243.099864}, "device": "gpu", "nd_range": {"device_start": 1585587177.6855636, "device_end": 1585587177.6855721}, "cmdq": 0, "read": {"device_start": -1, "device_end": -1}}, "coalesced_transpose48": {"write": {"device_start": -1, "host_queued_start": 1585587243.083592, "device_queued": -1, "device_end": -1, "host_queued_end": 1585587243.099864}, "device": "gpu", "nd_range": {"device_start": 1585587177.685545, "device_end": 1585587177.6855533}, "cmdq": 0, "read": {"device_start": -1, "device_end": -1}}}