{"FFC_sans_bias60": {"write": {"device_start": -1, "host_queued_start": 1585587727.374246, "device_queued": -1, "device_end": -1, "host_queued_end": 1585587727.379845}, "device": "gpu", "nd_range": {"device_start": 1585587661.9440348, "device_end": 1585587661.9458253}, "cmdq": 3, "read": {"device_start": -1, "device_end": -1}}, "FFC_sans_bias4": {"write": {"device_start": -1, "host_queued_start": 1585587727.395724, "device_queued": -1, "device_end": -1, "host_queued_end": 1585587727.40145}, "device": "cpu", "nd_range": {"device_start": 2255501.635923174, "device_end": 2255501.6409266014}, "cmdq": 1, "read": {"device_start": -1, "device_end": -1}}, "FFC_sans_bias7": {"write": {"device_start": -1, "host_queued_start": 1585587727.39939, "device_queued": -1, "device_end": -1, "host_queued_end": 1585587727.40145}, "device": "cpu", "nd_range": {"device_start": 2255501.668627288, "device_end": 2255501.6805105023}, "cmdq": 0, "read": {"device_start": -1, "device_end": -1}}, "FFC_sans_bias6": {"write": {"device_start": -1, "host_queued_start": 1585587727.397622, "device_queued": -1, "device_end": -1, "host_queued_end": 1585587727.40145}, "device": "cpu", "nd_range": {"device_start": 2255501.651503058, "device_end": 2255501.668621268}, "cmdq": 1, "read": {"device_start": -1, "device_end": -1}}, "FFC_sans_bias1": {"write": {"device_start": -1, "host_queued_start": 1585587727.386185, "device_queued": -1, "device_end": -1, "host_queued_end": 1585587727.40145}, "device": "cpu", "nd_range": {"device_start": 2255501.591078577, "device_end": 2255501.598897849}, "cmdq": 0, "read": {"device_start": -1, "device_end": -1}}, "FFC_sans_bias0": {"write": {"device_start": -1, "host_queued_start": 1585587727.384979, "device_queued": -1, "device_end": -1, "host_queued_end": 1585587727.40145}, "device": "cpu", "nd_range": {"device_start": 2255501.5910685454, "device_end": 2255501.598917658}, "cmdq": 1, "read": {"device_start": -1, "device_end": -1}}, "FFC_sans_bias2": {"write": {"device_start": -1, "host_queued_start": 1585587727.387321, "device_queued": -1, "device_end": -1, "host_queued_end": 1585587727.40145}, "device": "cpu", "nd_range": {"device_start": 2255501.5989394183, "device_end": 2255501.607319591}, "cmdq": 1, "read": {"device_start": -1, "device_end": -1}}, "FFC_sans_bias61": {"write": {"device_start": 1585587661.9459603, "host_queued_start": 1585587727.37871, "device_queued": 1585587661.9366994, "device_end": 1585587661.9459906, "host_queued_end": 1585587727.379845}, "device": "gpu", "nd_range": {"device_start": 1585587661.9460044, "device_end": 1585587661.9482164}, "cmdq": 3, "read": {"device_start": 1585587661.9482193, "device_end": 1585587661.948242}}, "FFC_sans_bias52": {"write": {"device_start": 1585587661.9454415, "host_queued_start": 1585587727.37767, "device_queued": 1585587661.93667, "device_end": 1585587661.9454744, "host_queued_end": 1585587727.379845}, "device": "gpu", "nd_range": {"device_start": 1585587661.9454803, "device_end": 1585587661.947254}, "cmdq": 2, "read": {"device_start": 1585587661.9474022, "device_end": 1585587661.947426}}, "FFC_sans_bias9": {"write": {"device_start": -1, "host_queued_start": 1585587727.38836, "device_queued": -1, "device_end": -1, "host_queued_end": 1585587727.40145}, "device": "cpu", "nd_range": {"device_start": 2255501.598911041, "device_end": 2255501.605663273}, "cmdq": 0, "read": {"device_start": -1, "device_end": -1}}, "coalesced_transpose39": {"write": {"device_start": -1, "host_queued_start": 1585587727.369243, "device_queued": -1, "device_end": -1, "host_queued_end": 1585587727.379845}, "device": "gpu", "nd_range": {"device_start": 1585587661.9400053, "device_end": 1585587661.9412897}, "cmdq": 1, "read": {"device_start": -1, "device_end": -1}}, "FFC_sans_bias55": {"write": {"device_start": 1585587661.9376664, "host_queued_start": 1585587727.365486, "device_queued": 1585587661.9349418, "device_end": 1585587661.9377, "host_queued_end": 1585587727.379845}, "device": "gpu", "nd_range": {"device_start": 1585587661.9377043, "device_end": 1585587661.9400027}, "cmdq": 1, "read": {"device_start": -1, "device_end": -1}}, "FFC_sans_bias54": {"write": {"device_start": 1585587661.9371817, "host_queued_start": 1585587727.36445, "device_queued": 1585587661.9348872, "device_end": 1585587661.9372077, "host_queued_end": 1585587727.379845}, "device": "gpu", "nd_range": {"device_start": 1585587661.93722, "device_end": 1585587661.9394803}, "cmdq": 0, "read": {"device_start": -1, "device_end": -1}}, "FFC_sans_bias56": {"write": {"device_start": 1585587661.9367352, "host_queued_start": 1585587727.363419, "device_queued": 1585587661.9346526, "device_end": 1585587661.9367614, "host_queued_end": 1585587727.379845}, "device": "gpu", "nd_range": {"device_start": 1585587661.9367716, "device_end": 1585587661.9390275}, "cmdq": 4, "read": {"device_start": -1, "device_end": -1}}, "FFC_sans_bias51": {"write": {"device_start": -1, "host_queued_start": 1585587727.373921, "device_queued": -1, "device_end": -1, "host_queued_end": 1585587727.379845}, "device": "gpu", "nd_range": {"device_start": 1585587661.9436545, "device_end": 1585587661.9453037}, "cmdq": 2, "read": {"device_start": -1, "device_end": -1}}, "softmax23": {"write": {"device_start": -1, "host_queued_start": 1585587727.397287, "device_queued": -1, "device_end": -1, "host_queued_end": 1585587727.40145}, "device": "cpu", "nd_range": {"device_start": 2255501.651032124, "device_end": 2255501.651180692}, "cmdq": 0, "read": {"device_start": -1, "device_end": -1}}, "FFC_sans_bias37": {"write": {"device_start": 1585587661.9343777, "host_queued_start": 1585587727.358181, "device_queued": 1585587661.934006, "device_end": 1585587661.9344032, "host_queued_end": 1585587727.379845}, "device": "gpu", "nd_range": {"device_start": 1585587661.9344091, "device_end": 1585587661.9365804}, "cmdq": 4, "read": {"device_start": -1, "device_end": -1}}, "empty62": {"write": {"device_start": 1585587661.933759, "host_queued_start": 1585587727.351925, "device_queued": 1585587661.9334738, "device_end": 1585587661.9338021, "host_queued_end": 1585587727.379845}, "device": "gpu", "nd_range": {"device_start": 1585587661.9338074, "device_end": 1585587661.933813}, "cmdq": 3, "read": {"device_start": -1, "device_end": -1}}, "FFC_sans_bias70": {"write": {"device_start": 1585587661.947832, "host_queued_start": 1585587727.379748, "device_queued": 1585587661.9368598, "device_end": 1585587661.9478626, "host_queued_end": 1585587727.379845}, "device": "gpu", "nd_range": {"device_start": 1585587661.9478657, "device_end": 1585587661.9486797}, "cmdq": 4, "read": {"device_start": 1585587661.9486876, "device_end": 1585587661.948716}}, "FFC_sans_bias58": {"write": {"device_start": -1, "host_queued_start": 1585587727.371426, "device_queued": -1, "device_end": -1, "host_queued_end": 1585587727.379845}, "device": "gpu", "nd_range": {"device_start": 1585587661.9413166, "device_end": 1585587661.9433308}, "cmdq": 3, "read": {"device_start": -1, "device_end": -1}}, "softmax41": {"write": {"device_start": -1, "host_queued_start": 1585587727.372237, "device_queued": -1, "device_end": -1, "host_queued_end": 1585587727.379845}, "device": "gpu", "nd_range": {"device_start": 1585587661.9424107, "device_end": 1585587661.9436338}, "cmdq": 1, "read": {"device_start": -1, "device_end": -1}}, "FFC_sans_bias11": {"write": {"device_start": -1, "host_queued_start": 1585587727.390444, "device_queued": -1, "device_end": -1, "host_queued_end": 1585587727.40145}, "device": "cpu", "nd_range": {"device_start": 2255501.608247734, "device_end": 2255501.6238678843}, "cmdq": 0, "read": {"device_start": -1, "device_end": -1}}, "FFC_sans_bias10": {"write": {"device_start": -1, "host_queued_start": 1585587727.389399, "device_queued": -1, "device_end": -1, "host_queued_end": 1585587727.40145}, "device": "cpu", "nd_range": {"device_start": 2255501.607326072, "device_end": 2255501.614027467}, "cmdq": 1, "read": {"device_start": -1, "device_end": -1}}, "coalesced_transpose3": {"write": {"device_start": -1, "host_queued_start": 1585587727.394535, "device_queued": -1, "device_end": -1, "host_queued_end": 1585587727.40145}, "device": "cpu", "nd_range": {"device_start": 2255501.6356238862, "device_end": 2255501.635893591}, "cmdq": 0, "read": {"device_start": -1, "device_end": -1}}, "FFC_sans_bias34": {"write": {"device_start": 1585587661.944981, "host_queued_start": 1585587727.375584, "device_queued": 1585587661.9364626, "device_end": 1585587661.9450126, "host_queued_end": 1585587727.379845}, "device": "gpu", "nd_range": {"device_start": 1585587661.9450195, "device_end": 1585587661.946785}, "cmdq": 0, "read": {"device_start": 1585587661.9467895, "device_end": 1585587661.9468153}}, "FFC_sans_bias15": {"write": {"device_start": -1, "host_queued_start": 1585587727.397962, "device_queued": -1, "device_end": -1, "host_queued_end": 1585587727.40145}, "device": "cpu", "nd_range": {"device_start": 2255501.651490324, "device_end": 2255501.659150682}, "cmdq": 0, "read": {"device_start": -1, "device_end": -1}}, "FFC_sans_bias31": {"write": {"device_start": -1, "host_queued_start": 1585587727.370457, "device_queued": -1, "device_end": -1, "host_queued_end": 1585587727.379845}, "device": "gpu", "nd_range": {"device_start": 1585587661.9412751, "device_end": 1585587661.9419024}, "cmdq": 0, "read": {"device_start": -1, "device_end": -1}}, "FFC_sans_bias16": {"write": {"device_start": -1, "host_queued_start": 1585587727.400409, "device_queued": -1, "device_end": -1, "host_queued_end": 1585587727.40145}, "device": "cpu", "nd_range": {"device_start": 2255501.674838954, "device_end": 2255501.6837423723}, "cmdq": 1, "read": {"device_start": -1, "device_end": -1}}, "FFC_sans_bias19": {"write": {"device_start": -1, "host_queued_start": 1585587727.392853, "device_queued": -1, "device_end": -1, "host_queued_end": 1585587727.40145}, "device": "cpu", "nd_range": {"device_start": 2255501.624087157, "device_end": 2255501.6356174503}, "cmdq": 0, "read": {"device_start": -1, "device_end": -1}}, "FFC_sans_bias18": {"write": {"device_start": -1, "host_queued_start": 1585587727.391547, "device_queued": -1, "device_end": -1, "host_queued_end": 1585587727.40145}, "device": "cpu", "nd_range": {"device_start": 2255501.614148852, "device_end": 2255501.6203657873}, "cmdq": 1, "read": {"device_start": -1, "device_end": -1}}, "coalesced_transpose30": {"write": {"device_start": -1, "host_queued_start": 1585587727.368946, "device_queued": -1, "device_end": -1, "host_queued_end": 1585587727.379845}, "device": "gpu", "nd_range": {"device_start": 1585587661.9394817, "device_end": 1585587661.9412742}, "cmdq": 0, "read": {"device_start": -1, "device_end": -1}}, "FFC_sans_bias69": {"write": {"device_start": -1, "host_queued_start": 1585587727.374568, "device_queued": -1, "device_end": -1, "host_queued_end": 1585587727.379845}, "device": "gpu", "nd_range": {"device_start": 1585587661.9454973, "device_end": 1585587661.947706}, "cmdq": 4, "read": {"device_start": -1, "device_end": -1}}, "FFC_sans_bias38": {"write": {"device_start": 1585587661.9347668, "host_queued_start": 1585587727.359255, "device_queued": 1585587661.9342706, "device_end": 1585587661.9347963, "host_queued_end": 1585587727.379845}, "device": "gpu", "nd_range": {"device_start": 1585587661.9348025, "device_end": 1585587661.937063}, "cmdq": 0, "read": {"device_start": -1, "device_end": -1}}, "coalesced_transpose57": {"write": {"device_start": -1, "host_queued_start": 1585587727.369849, "device_queued": -1, "device_end": -1, "host_queued_end": 1585587727.379845}, "device": "gpu", "nd_range": {"device_start": 1585587661.9409192, "device_end": 1585587661.9413154}, "cmdq": 3, "read": {"device_start": -1, "device_end": -1}}, "empty26": {"write": {"device_start": -1, "host_queued_start": 1585587727.383691, "device_queued": -1, "device_end": -1, "host_queued_end": 1585587727.40145}, "device": "cpu", "nd_range": {"device_start": 2255501.591070915, "device_end": 2255501.5910722953}, "cmdq": 0, "read": {"device_start": -1, "device_end": -1}}, "coalesced_transpose12": {"write": {"device_start": -1, "host_queued_start": 1585587727.394977, "device_queued": -1, "device_end": -1, "host_queued_end": 1585587727.40145}, "device": "cpu", "nd_range": {"device_start": 2255501.626832573, "device_end": 2255501.6270737043}, "cmdq": 1, "read": {"device_start": -1, "device_end": -1}}, "empty44": {"write": {"device_start": 1585587661.933556, "host_queued_start": 1585587727.35019, "device_queued": 1585587661.9334128, "device_end": 1585587661.933628, "host_queued_end": 1585587727.379845}, "device": "gpu", "nd_range": {"device_start": 1585587661.9336708, "device_end": 1585587661.9336977}, "cmdq": 1, "read": {"device_start": -1, "device_end": -1}}, "coalesced_transpose21": {"write": {"device_start": -1, "host_queued_start": 1585587727.395306, "device_queued": -1, "device_end": -1, "host_queued_end": 1585587727.40145}, "device": "cpu", "nd_range": {"device_start": 2255501.635914971, "device_end": 2255501.637152268}, "cmdq": 0, "read": {"device_start": -1, "device_end": -1}}, "FFC_sans_bias36": {"write": {"device_start": 1585587661.9342713, "host_queued_start": 1585587727.356947, "device_queued": 1585587661.9339821, "device_end": 1585587661.9343145, "host_queued_end": 1585587727.379845}, "device": "gpu", "nd_range": {"device_start": 1585587661.9343219, "device_end": 1585587661.9360743}, "cmdq": 3, "read": {"device_start": -1, "device_end": -1}}, "softmax14": {"write": {"device_start": -1, "host_queued_start": 1585587727.397016, "device_queued": -1, "device_end": -1, "host_queued_end": 1585587727.40145}, "device": "cpu", "nd_range": {"device_start": 2255501.651046169, "device_end": 2255501.6514847013}, "cmdq": 1, "read": {"device_start": -1, "device_end": -1}}, "FFC_sans_bias13": {"write": {"device_start": -1, "host_queued_start": 1585587727.396123, "device_queued": -1, "device_end": -1, "host_queued_end": 1585587727.40145}, "device": "cpu", "nd_range": {"device_start": 2255501.6382458243, "device_end": 2255501.6453818753}, "cmdq": 0, "read": {"device_start": -1, "device_end": -1}}, "empty8": {"write": {"device_start": -1, "host_queued_start": 1585587727.381422, "device_queued": -1, "device_end": -1, "host_queued_end": 1585587727.40145}, "device": "cpu", "nd_range": {"device_start": 2255501.5910388343, "device_end": 2255501.591051355}, "cmdq": 0, "read": {"device_start": -1, "device_end": -1}}, "FFC_sans_bias42": {"write": {"device_start": -1, "host_queued_start": 1585587727.373601, "device_queued": -1, "device_end": -1, "host_queued_end": 1585587727.379845}, "device": "gpu", "nd_range": {"device_start": 1585587661.943635, "device_end": 1585587661.9443285}, "cmdq": 1, "read": {"device_start": -1, "device_end": -1}}, "FFC_sans_bias43": {"write": {"device_start": 1585587661.9447024, "host_queued_start": 1585587727.37663, "device_queued": 1585587661.9366345, "device_end": 1585587661.9447293, "host_queued_end": 1585587727.379845}, "device": "gpu", "nd_range": {"device_start": 1585587661.9447331, "device_end": 1585587661.9462926}, "cmdq": 1, "read": {"device_start": 1585587661.946294, "device_end": 1585587661.9463189}}, "FFC_sans_bias40": {"write": {"device_start": -1, "host_queued_start": 1585587727.370802, "device_queued": -1, "device_end": -1, "host_queued_end": 1585587727.379845}, "device": "gpu", "nd_range": {"device_start": 1585587661.9412906, "device_end": 1585587661.942409}, "cmdq": 1, "read": {"device_start": -1, "device_end": -1}}, "softmax32": {"write": {"device_start": -1, "host_queued_start": 1585587727.371989, "device_queued": -1, "device_end": -1, "host_queued_end": 1585587727.379845}, "device": "gpu", "nd_range": {"device_start": 1585587661.941904, "device_end": 1585587661.9436398}, "cmdq": 0, "read": {"device_start": -1, "device_end": -1}}, "FFC_sans_bias47": {"write": {"device_start": 1585587661.9362543, "host_queued_start": 1585587727.362359, "device_queued": 1585587661.934494, "device_end": 1585587661.9362848, "host_queued_end": 1585587727.379845}, "device": "gpu", "nd_range": {"device_start": 1585587661.936292, "device_end": 1585587661.938511}, "cmdq": 3, "read": {"device_start": -1, "device_end": -1}}, "FFC_sans_bias45": {"write": {"device_start": 1585587661.9351947, "host_queued_start": 1585587727.360287, "device_queued": 1585587661.9344532, "device_end": 1585587661.9352252, "host_queued_end": 1585587727.379845}, "device": "gpu", "nd_range": {"device_start": 1585587661.935228, "device_end": 1585587661.9375412}, "cmdq": 1, "read": {"device_start": -1, "device_end": -1}}, "softmax50": {"write": {"device_start": -1, "host_queued_start": 1585587727.372482, "device_queued": -1, "device_end": -1, "host_queued_end": 1585587727.379845}, "device": "gpu", "nd_range": {"device_start": 1585587661.9428883, "device_end": 1585587661.9436536}, "cmdq": 2, "read": {"device_start": -1, "device_end": -1}}, "FFC_sans_bias33": {"write": {"device_start": -1, "host_queued_start": 1585587727.373284, "device_queued": -1, "device_end": -1, "host_queued_end": 1585587727.379845}, "device": "gpu", "nd_range": {"device_start": 1585587661.9436407, "device_end": 1585587661.944845}, "cmdq": 0, "read": {"device_start": -1, "device_end": -1}}, "FFC_sans_bias63": {"write": {"device_start": 1585587661.939131, "host_queued_start": 1585587727.368622, "device_queued": 1585587661.9351337, "device_end": 1585587661.939163, "host_queued_end": 1585587727.379845}, "device": "gpu", "nd_range": {"device_start": 1585587661.9391775, "device_end": 1585587661.941441}, "cmdq": 4, "read": {"device_start": -1, "device_end": -1}}, "FFC_sans_bias49": {"write": {"device_start": -1, "host_queued_start": 1585587727.371114, "device_queued": -1, "device_end": -1, "host_queued_end": 1585587727.379845}, "device": "gpu", "nd_range": {"device_start": 1585587661.941302, "device_end": 1585587661.9428873}, "cmdq": 2, "read": {"device_start": -1, "device_end": -1}}, "FFC_sans_bias64": {"write": {"device_start": 1585587661.9381692, "host_queued_start": 1585587727.366519, "device_queued": 1585587661.9350774, "device_end": 1585587661.9382012, "host_queued_end": 1585587727.379845}, "device": "gpu", "nd_range": {"device_start": 1585587661.9382184, "device_end": 1585587661.940453}, "cmdq": 2, "read": {"device_start": -1, "device_end": -1}}, "FFC_sans_bias65": {"write": {"device_start": 1585587661.9386048, "host_queued_start": 1585587727.367585, "device_queued": 1585587661.9351149, "device_end": 1585587661.9386363, "host_queued_end": 1585587727.379845}, "device": "gpu", "nd_range": {"device_start": 1585587661.9386399, "device_end": 1585587661.940909}, "cmdq": 3, "read": {"device_start": -1, "device_end": -1}}, "FFC_sans_bias67": {"write": {"device_start": -1, "host_queued_start": 1585587727.371741, "device_queued": -1, "device_end": -1, "host_queued_end": 1585587727.379845}, "device": "gpu", "nd_range": {"device_start": 1585587661.9432602, "device_end": 1585587661.9438672}, "cmdq": 4, "read": {"device_start": -1, "device_end": -1}}, "FFC_sans_bias24": {"write": {"device_start": -1, "host_queued_start": 1585587727.398305, "device_queued": -1, "device_end": -1, "host_queued_end": 1585587727.40145}, "device": "cpu", "nd_range": {"device_start": 2255501.66864214, "device_end": 2255501.674832244}, "cmdq": 1, "read": {"device_start": -1, "device_end": -1}}, "FFC_sans_bias25": {"write": {"device_start": -1, "host_queued_start": 1585587727.401405, "device_queued": -1, "device_end": -1, "host_queued_end": 1585587727.40145}, "device": "cpu", "nd_range": {"device_start": 2255501.680521624, "device_end": 2255501.686063637}, "cmdq": 0, "read": {"device_start": -1, "device_end": -1}}, "FFC_sans_bias27": {"write": {"device_start": 1585587661.9339795, "host_queued_start": 1585587727.353786, "device_queued": 1585587661.9337478, "device_end": 1585587661.934064, "host_queued_end": 1585587727.379845}, "device": "gpu", "nd_range": {"device_start": 1585587661.9340675, "device_end": 1585587661.9346735}, "cmdq": 0, "read": {"device_start": -1, "device_end": -1}}, "FFC_sans_bias20": {"write": {"device_start": -1, "host_queued_start": 1585587727.39416, "device_queued": -1, "device_end": -1, "host_queued_end": 1585587727.40145}, "device": "cpu", "nd_range": {"device_start": 2255501.62048375, "device_end": 2255501.6267214543}, "cmdq": 1, "read": {"device_start": -1, "device_end": -1}}, "FFC_sans_bias22": {"write": {"device_start": -1, "host_queued_start": 1585587727.396469, "device_queued": -1, "device_end": -1, "host_queued_end": 1585587727.40145}, "device": "cpu", "nd_range": {"device_start": 2255501.641062575, "device_end": 2255501.651023916}, "cmdq": 1, "read": {"device_start": -1, "device_end": -1}}, "softmax68": {"write": {"device_start": -1, "host_queued_start": 1585587727.372981, "device_queued": -1, "device_end": -1, "host_queued_end": 1585587727.379845}, "device": "gpu", "nd_range": {"device_start": 1585587661.9438682, "device_end": 1585587661.9454956}, "cmdq": 4, "read": {"device_start": -1, "device_end": -1}}, "softmax5": {"write": {"device_start": -1, "host_queued_start": 1585587727.396748, "device_queued": -1, "device_end": -1, "host_queued_end": 1585587727.40145}, "device": "cpu", "nd_range": {"device_start": 2255501.645496876, "device_end": 2255501.645712121}, "cmdq": 0, "read": {"device_start": -1, "device_end": -1}}, "FFC_sans_bias28": {"write": {"device_start": 1585587661.9340782, "host_queued_start": 1585587727.354869, "device_queued": 1585587661.9338098, "device_end": 1585587661.9341211, "host_queued_end": 1585587727.379845}, "device": "gpu", "nd_range": {"device_start": 1585587661.9341252, "device_end": 1585587661.9350755}, "cmdq": 1, "read": {"device_start": -1, "device_end": -1}}, "FFC_sans_bias29": {"write": {"device_start": 1585587661.9341872, "host_queued_start": 1585587727.355911, "device_queued": 1585587661.9339633, "device_end": 1585587661.9342668, "host_queued_end": 1585587727.379845}, "device": "gpu", "nd_range": {"device_start": 1585587661.9342709, "device_end": 1585587661.9356453}, "cmdq": 2, "read": {"device_start": -1, "device_end": -1}}, "empty17": {"write": {"device_start": -1, "host_queued_start": 1585587727.382644, "device_queued": -1, "device_end": -1, "host_queued_end": 1585587727.40145}, "device": "cpu", "nd_range": {"device_start": 2255501.591038927, "device_end": 2255501.591051368}, "cmdq": 1, "read": {"device_start": -1, "device_end": -1}}, "softmax59": {"write": {"device_start": -1, "host_queued_start": 1585587727.372736, "device_queued": -1, "device_end": -1, "host_queued_end": 1585587727.379845}, "device": "gpu", "nd_range": {"device_start": 1585587661.943332, "device_end": 1585587661.9440339}, "cmdq": 3, "read": {"device_start": -1, "device_end": -1}}, "empty71": {"write": {"device_start": 1585587661.9338663, "host_queued_start": 1585587727.352765, "device_queued": 1585587661.9336414, "device_end": 1585587661.9339483, "host_queued_end": 1585587727.379845}, "device": "gpu", "nd_range": {"device_start": 1585587661.9339519, "device_end": 1585587661.9339576}, "cmdq": 4, "read": {"device_start": -1, "device_end": -1}}, "empty35": {"write": {"device_start": 1585587661.9334238, "host_queued_start": 1585587727.349149, "device_queued": 1585587661.933298, "device_end": 1585587661.933473, "host_queued_end": 1585587727.379845}, "device": "gpu", "nd_range": {"device_start": 1585587661.9334788, "device_end": 1585587661.9334836}, "cmdq": 0, "read": {"device_start": -1, "device_end": -1}}, "empty53": {"write": {"device_start": 1585587661.9336712, "host_queued_start": 1585587727.351079, "device_queued": 1585587661.9334495, "device_end": 1585587661.933754, "host_queued_end": 1585587727.379845}, "device": "gpu", "nd_range": {"device_start": 1585587661.9337604, "device_end": 1585587661.933773}, "cmdq": 2, "read": {"device_start": -1, "device_end": -1}}, "FFC_sans_bias46": {"write": {"device_start": 1585587661.935802, "host_queued_start": 1585587727.361319, "device_queued": 1585587661.934479, "device_end": 1585587661.9358327, "host_queued_end": 1585587727.379845}, "device": "gpu", "nd_range": {"device_start": 1585587661.9358397, "device_end": 1585587661.9380472}, "cmdq": 2, "read": {"device_start": -1, "device_end": -1}}, "coalesced_transpose66": {"write": {"device_start": -1, "host_queued_start": 1585587727.370144, "device_queued": -1, "device_end": -1, "host_queued_end": 1585587727.379845}, "device": "gpu", "nd_range": {"device_start": 1585587661.9414525, "device_end": 1585587661.9432592}, "cmdq": 4, "read": {"device_start": -1, "device_end": -1}}, "coalesced_transpose48": {"write": {"device_start": -1, "host_queued_start": 1585587727.369548, "device_queued": -1, "device_end": -1, "host_queued_end": 1585587727.379845}, "device": "gpu", "nd_range": {"device_start": 1585587661.940454, "device_end": 1585587661.9413009}, "cmdq": 2, "read": {"device_start": -1, "device_end": -1}}}