{"FFC_sans_bias60": {"write": {"device_start": -1, "host_queued_start": 1585587599.37077, "device_queued": -1, "device_end": -1, "host_queued_end": 1585587599.377509}, "device": "gpu", "nd_range": {"device_start": 1585587533.9483428, "device_end": 1585587533.950299}, "cmdq": 2, "read": {"device_start": -1, "device_end": -1}}, "FFC_sans_bias4": {"write": {"device_start": -1, "host_queued_start": 1585587599.38867, "device_queued": -1, "device_end": -1, "host_queued_end": 1585587599.39236}, "device": "cpu", "nd_range": {"device_start": 2255373.615302789, "device_end": 2255373.6224135403}, "cmdq": 0, "read": {"device_start": -1, "device_end": -1}}, "FFC_sans_bias7": {"write": {"device_start": -1, "host_queued_start": 1585587599.391326, "device_queued": -1, "device_end": -1, "host_queued_end": 1585587599.39236}, "device": "cpu", "nd_range": {"device_start": 2255373.6426866543, "device_end": 2255373.646624859}, "cmdq": 0, "read": {"device_start": -1, "device_end": -1}}, "FFC_sans_bias6": {"write": {"device_start": -1, "host_queued_start": 1585587599.389915, "device_queued": -1, "device_end": -1, "host_queued_end": 1585587599.39236}, "device": "cpu", "nd_range": {"device_start": 2255373.6298690382, "device_end": 2255373.6426804373}, "cmdq": 0, "read": {"device_start": -1, "device_end": -1}}, "FFC_sans_bias1": {"write": {"device_start": -1, "host_queued_start": 1585587599.382931, "device_queued": -1, "device_end": -1, "host_queued_end": 1585587599.39236}, "device": "cpu", "nd_range": {"device_start": 2255373.581975394, "device_end": 2255373.589230707}, "cmdq": 1, "read": {"device_start": -1, "device_end": -1}}, "FFC_sans_bias0": {"write": {"device_start": -1, "host_queued_start": 1585587599.381647, "device_queued": -1, "device_end": -1, "host_queued_end": 1585587599.39236}, "device": "cpu", "nd_range": {"device_start": 2255373.581975658, "device_end": 2255373.5908252443}, "cmdq": 0, "read": {"device_start": -1, "device_end": -1}}, "FFC_sans_bias2": {"write": {"device_start": -1, "host_queued_start": 1585587599.384201, "device_queued": -1, "device_end": -1, "host_queued_end": 1585587599.39236}, "device": "cpu", "nd_range": {"device_start": 2255373.593814689, "device_end": 2255373.606305283}, "cmdq": 0, "read": {"device_start": -1, "device_end": -1}}, "FFC_sans_bias61": {"write": {"device_start": 1585587533.9572206, "host_queued_start": 1585587599.376311, "device_queued": 1585587533.938913, "device_end": 1585587533.9572456, "host_queued_end": 1585587599.377509}, "device": "gpu", "nd_range": {"device_start": 1585587533.9572537, "device_end": 1585587533.9589653}, "cmdq": 0, "read": {"device_start": 1585587533.9589717, "device_end": 1585587533.958994}}, "FFC_sans_bias52": {"write": {"device_start": 1585587533.9566228, "host_queued_start": 1585587599.375269, "device_queued": 1585587533.9386208, "device_end": 1585587533.956648, "host_queued_end": 1585587599.377509}, "device": "gpu", "nd_range": {"device_start": 1585587533.9566574, "device_end": 1585587533.9584262}, "cmdq": 3, "read": {"device_start": 1585587533.9584303, "device_end": 1585587533.958454}}, "FFC_sans_bias9": {"write": {"device_start": -1, "host_queued_start": 1585587599.385408, "device_queued": -1, "device_end": -1, "host_queued_end": 1585587599.39236}, "device": "cpu", "nd_range": {"device_start": 2255373.5897332313, "device_end": 2255373.594507119}, "cmdq": 1, "read": {"device_start": -1, "device_end": -1}}, "coalesced_transpose39": {"write": {"device_start": -1, "host_queued_start": 1585587599.364852, "device_queued": -1, "device_end": -1, "host_queued_end": 1585587599.377509}, "device": "gpu", "nd_range": {"device_start": 1585587533.9436233, "device_end": 1585587533.943979}, "cmdq": 2, "read": {"device_start": -1, "device_end": -1}}, "FFC_sans_bias55": {"write": {"device_start": 1585587533.9407976, "host_queued_start": 1585587599.360755, "device_queued": 1585587533.9365802, "device_end": 1585587533.9408293, "host_queued_end": 1585587599.377509}, "device": "gpu", "nd_range": {"device_start": 1585587533.9408348, "device_end": 1585587533.9426346}, "cmdq": 0, "read": {"device_start": -1, "device_end": -1}}, "FFC_sans_bias54": {"write": {"device_start": 1585587533.940367, "host_queued_start": 1585587599.359717, "device_queued": 1585587533.9363782, "device_end": 1585587533.9403927, "host_queued_end": 1585587599.377509}, "device": "gpu", "nd_range": {"device_start": 1585587533.9403968, "device_end": 1585587533.9421663}, "cmdq": 3, "read": {"device_start": -1, "device_end": -1}}, "FFC_sans_bias56": {"write": {"device_start": 1585587533.9398386, "host_queued_start": 1585587599.358685, "device_queued": 1585587533.9363592, "device_end": 1585587533.939871, "host_queued_end": 1585587599.377509}, "device": "gpu", "nd_range": {"device_start": 1585587533.9398868, "device_end": 1585587533.941647}, "cmdq": 2, "read": {"device_start": -1, "device_end": -1}}, "FFC_sans_bias51": {"write": {"device_start": -1, "host_queued_start": 1585587599.370444, "device_queued": -1, "device_end": -1, "host_queued_end": 1585587599.377509}, "device": "gpu", "nd_range": {"device_start": 1585587533.9473581, "device_end": 1585587533.9493153}, "cmdq": 1, "read": {"device_start": -1, "device_end": -1}}, "softmax23": {"write": {"device_start": -1, "host_queued_start": 1585587599.367959, "device_queued": -1, "device_end": -1, "host_queued_end": 1585587599.377509}, "device": "gpu", "nd_range": {"device_start": 1585587533.945123, "device_end": 1585587533.946821}, "cmdq": 0, "read": {"device_start": -1, "device_end": -1}}, "FFC_sans_bias37": {"write": {"device_start": 1585587533.9374669, "host_queued_start": 1585587599.353418, "device_queued": 1585587533.9359, "device_end": 1585587533.9374986, "host_queued_end": 1585587599.377509}, "device": "gpu", "nd_range": {"device_start": 1585587533.9375048, "device_end": 1585587533.9392564}, "cmdq": 1, "read": {"device_start": -1, "device_end": -1}}, "empty62": {"write": {"device_start": 1585587533.9349833, "host_queued_start": 1585587599.344029, "device_queued": 1585587533.9348595, "device_end": 1585587533.935051, "host_queued_end": 1585587599.377509}, "device": "gpu", "nd_range": {"device_start": 1585587533.9350545, "device_end": 1585587533.9350586}, "cmdq": 0, "read": {"device_start": -1, "device_end": -1}}, "FFC_sans_bias70": {"write": {"device_start": 1585587533.9576023, "host_queued_start": 1585587599.377351, "device_queued": 1585587533.9390771, "device_end": 1585587533.9576275, "host_queued_end": 1585587599.377509}, "device": "gpu", "nd_range": {"device_start": 1585587533.9576359, "device_end": 1585587533.9594007}, "cmdq": 1, "read": {"device_start": 1585587533.9594088, "device_end": 1585587533.9594307}}, "FFC_sans_bias58": {"write": {"device_start": -1, "host_queued_start": 1585587599.36739, "device_queued": -1, "device_end": -1, "host_queued_end": 1585587599.377509}, "device": "gpu", "nd_range": {"device_start": 1585587533.9451106, "device_end": 1585587533.9466343}, "cmdq": 2, "read": {"device_start": -1, "device_end": -1}}, "softmax41": {"write": {"device_start": -1, "host_queued_start": 1585587599.368449, "device_queued": -1, "device_end": -1, "host_queued_end": 1585587599.377509}, "device": "gpu", "nd_range": {"device_start": 1585587533.9466436, "device_end": 1585587533.9473279}, "cmdq": 2, "read": {"device_start": -1, "device_end": -1}}, "FFC_sans_bias11": {"write": {"device_start": -1, "host_queued_start": 1585587599.387657, "device_queued": -1, "device_end": -1, "host_queued_end": 1585587599.39236}, "device": "cpu", "nd_range": {"device_start": 2255373.5946373832, "device_end": 2255373.6063057613}, "cmdq": 1, "read": {"device_start": -1, "device_end": -1}}, "FFC_sans_bias10": {"write": {"device_start": -1, "host_queued_start": 1585587599.386596, "device_queued": -1, "device_end": -1, "host_queued_end": 1585587599.39236}, "device": "cpu", "nd_range": {"device_start": 2255373.606312985, "device_end": 2255373.615008493}, "cmdq": 0, "read": {"device_start": -1, "device_end": -1}}, "coalesced_transpose3": {"write": {"device_start": -1, "host_queued_start": 1585587599.38799, "device_queued": -1, "device_end": -1, "host_queued_end": 1585587599.39236}, "device": "cpu", "nd_range": {"device_start": 2255373.615027678, "device_end": 2255373.615296735}, "cmdq": 0, "read": {"device_start": -1, "device_end": -1}}, "FFC_sans_bias34": {"write": {"device_start": 1585587533.9564433, "host_queued_start": 1585587599.373181, "device_queued": 1585587533.9385684, "device_end": 1585587533.9565015, "host_queued_end": 1585587599.377509}, "device": "gpu", "nd_range": {"device_start": 1585587533.9565163, "device_end": 1585587533.9574318}, "cmdq": 1, "read": {"device_start": 1585587533.9574373, "device_end": 1585587533.9574606}}, "FFC_sans_bias15": {"write": {"device_start": -1, "host_queued_start": 1585587599.39026, "device_queued": -1, "device_end": -1, "host_queued_end": 1585587599.39236}, "device": "cpu", "nd_range": {"device_start": 2255373.6235161494, "device_end": 2255373.62882511}, "cmdq": 1, "read": {"device_start": -1, "device_end": -1}}, "FFC_sans_bias31": {"write": {"device_start": -1, "host_queued_start": 1585587599.366412, "device_queued": -1, "device_end": -1, "host_queued_end": 1585587599.377509}, "device": "gpu", "nd_range": {"device_start": 1585587533.9441195, "device_end": 1585587533.9456685}, "cmdq": 3, "read": {"device_start": -1, "device_end": -1}}, "FFC_sans_bias16": {"write": {"device_start": -1, "host_queued_start": 1585587599.392316, "device_queued": -1, "device_end": -1, "host_queued_end": 1585587599.39236}, "device": "cpu", "nd_range": {"device_start": 2255373.628830877, "device_end": 2255373.6369534843}, "cmdq": 1, "read": {"device_start": -1, "device_end": -1}}, "FFC_sans_bias19": {"write": {"device_start": 1585587533.9353096, "host_queued_start": 1585587599.346942, "device_queued": 1585587533.9349713, "device_end": 1585587533.935374, "host_queued_end": 1585587599.377509}, "device": "gpu", "nd_range": {"device_start": 1585587533.93538, "device_end": 1585587533.9362879}, "cmdq": 3, "read": {"device_start": -1, "device_end": -1}}, "FFC_sans_bias18": {"write": {"device_start": 1585587533.9351969, "host_queued_start": 1585587599.345836, "device_queued": 1585587533.934953, "device_end": 1585587533.935268, "host_queued_end": 1585587599.377509}, "device": "gpu", "nd_range": {"device_start": 1585587533.9352727, "device_end": 1585587533.9358766}, "cmdq": 2, "read": {"device_start": -1, "device_end": -1}}, "coalesced_transpose30": {"write": {"device_start": -1, "host_queued_start": 1585587599.364531, "device_queued": -1, "device_end": -1, "host_queued_end": 1585587599.377509}, "device": "gpu", "nd_range": {"device_start": 1585587533.943108, "device_end": 1585587533.9439635}, "cmdq": 1, "read": {"device_start": -1, "device_end": -1}}, "FFC_sans_bias69": {"write": {"device_start": -1, "host_queued_start": 1585587599.371087, "device_queued": -1, "device_end": -1, "host_queued_end": 1585587599.377509}, "device": "gpu", "nd_range": {"device_start": 1585587533.947932, "device_end": 1585587533.9498773}, "cmdq": 3, "read": {"device_start": -1, "device_end": -1}}, "FFC_sans_bias38": {"write": {"device_start": 1585587533.9379373, "host_queued_start": 1585587599.354456, "device_queued": 1585587533.9359314, "device_end": 1585587533.937969, "host_queued_end": 1585587599.377509}, "device": "gpu", "nd_range": {"device_start": 1585587533.9379725, "device_end": 1585587533.9397233}, "cmdq": 2, "read": {"device_start": -1, "device_end": -1}}, "coalesced_transpose57": {"write": {"device_start": -1, "host_queued_start": 1585587599.365476, "device_queued": -1, "device_end": -1, "host_queued_end": 1585587599.377509}, "device": "gpu", "nd_range": {"device_start": 1585587533.943949, "device_end": 1585587533.943985}, "cmdq": 0, "read": {"device_start": -1, "device_end": -1}}, "empty26": {"write": {"device_start": 1585587533.9345322, "host_queued_start": 1585587599.340416, "device_queued": 1585587533.9344013, "device_end": 1585587533.9345803, "host_queued_end": 1585587599.377509}, "device": "gpu", "nd_range": {"device_start": 1585587533.934584, "device_end": 1585587533.9345894}, "cmdq": 0, "read": {"device_start": -1, "device_end": -1}}, "coalesced_transpose12": {"write": {"device_start": -1, "host_queued_start": 1585587599.388322, "device_queued": -1, "device_end": -1, "host_queued_end": 1585587599.39236}, "device": "cpu", "nd_range": {"device_start": 2255373.615025024, "device_end": 2255373.615227534}, "cmdq": 1, "read": {"device_start": -1, "device_end": -1}}, "empty44": {"write": {"device_start": 1585587533.9347637, "host_queued_start": 1585587599.342299, "device_queued": 1585587533.9345424, "device_end": 1585587533.9348378, "host_queued_end": 1585587599.377509}, "device": "gpu", "nd_range": {"device_start": 1585587533.934849, "device_end": 1585587533.9348583}, "cmdq": 2, "read": {"device_start": -1, "device_end": -1}}, "coalesced_transpose21": {"write": {"device_start": -1, "host_queued_start": 1585587599.364222, "device_queued": -1, "device_end": -1, "host_queued_end": 1585587599.377509}, "device": "gpu", "nd_range": {"device_start": 1585587533.9426358, "device_end": 1585587533.9439476}, "cmdq": 0, "read": {"device_start": -1, "device_end": -1}}, "FFC_sans_bias36": {"write": {"device_start": 1585587533.9369872, "host_queued_start": 1585587599.352378, "device_queued": 1585587533.9357257, "device_end": 1585587533.9370182, "host_queued_end": 1585587599.377509}, "device": "gpu", "nd_range": {"device_start": 1585587533.9370248, "device_end": 1585587533.93875}, "cmdq": 0, "read": {"device_start": -1, "device_end": -1}}, "softmax14": {"write": {"device_start": -1, "host_queued_start": 1585587599.389574, "device_queued": -1, "device_end": -1, "host_queued_end": 1585587599.39236}, "device": "cpu", "nd_range": {"device_start": 2255373.623235286, "device_end": 2255373.62338573}, "cmdq": 1, "read": {"device_start": -1, "device_end": -1}}, "FFC_sans_bias13": {"write": {"device_start": -1, "host_queued_start": 1585587599.389017, "device_queued": -1, "device_end": -1, "host_queued_end": 1585587599.39236}, "device": "cpu", "nd_range": {"device_start": 2255373.615354077, "device_end": 2255373.623228311}, "cmdq": 1, "read": {"device_start": -1, "device_end": -1}}, "empty8": {"write": {"device_start": -1, "host_queued_start": 1585587599.379284, "device_queued": -1, "device_end": -1, "host_queued_end": 1585587599.39236}, "device": "cpu", "nd_range": {"device_start": 2255373.5819446603, "device_end": 2255373.581956452}, "cmdq": 0, "read": {"device_start": -1, "device_end": -1}}, "FFC_sans_bias42": {"write": {"device_start": -1, "host_queued_start": 1585587599.370131, "device_queued": -1, "device_end": -1, "host_queued_end": 1585587599.377509}, "device": "gpu", "nd_range": {"device_start": 1585587533.9473467, "device_end": 1585587533.9489033}, "cmdq": 0, "read": {"device_start": -1, "device_end": -1}}, "FFC_sans_bias43": {"write": {"device_start": 1585587533.956538, "host_queued_start": 1585587599.374226, "device_queued": 1585587533.938595, "device_end": 1585587533.9566112, "host_queued_end": 1585587599.377509}, "device": "gpu", "nd_range": {"device_start": 1585587533.9566238, "device_end": 1585587533.9580102}, "cmdq": 2, "read": {"device_start": 1585587533.9580183, "device_end": 1585587533.9580417}}, "FFC_sans_bias40": {"write": {"device_start": -1, "host_queued_start": 1585587599.366756, "device_queued": -1, "device_end": -1, "host_queued_end": 1585587599.377509}, "device": "gpu", "nd_range": {"device_start": 1585587533.944083, "device_end": 1585587533.9446898}, "cmdq": 0, "read": {"device_start": -1, "device_end": -1}}, "softmax32": {"write": {"device_start": -1, "host_queued_start": 1585587599.368204, "device_queued": -1, "device_end": -1, "host_queued_end": 1585587599.377509}, "device": "gpu", "nd_range": {"device_start": 1585587533.946111, "device_end": 1585587533.9471245}, "cmdq": 1, "read": {"device_start": -1, "device_end": -1}}, "FFC_sans_bias47": {"write": {"device_start": 1585587533.9393704, "host_queued_start": 1585587599.357619, "device_queued": 1585587533.936325, "device_end": 1585587533.9393964, "host_queued_end": 1585587599.377509}, "device": "gpu", "nd_range": {"device_start": 1585587533.9394, "device_end": 1585587533.9412148}, "cmdq": 1, "read": {"device_start": -1, "device_end": -1}}, "FFC_sans_bias45": {"write": {"device_start": 1585587533.9383948, "host_queued_start": 1585587599.355536, "device_queued": 1585587533.9359562, "device_end": 1585587533.9384258, "host_queued_end": 1585587599.377509}, "device": "gpu", "nd_range": {"device_start": 1585587533.9384315, "device_end": 1585587533.9402406}, "cmdq": 3, "read": {"device_start": -1, "device_end": -1}}, "softmax50": {"write": {"device_start": -1, "host_queued_start": 1585587599.368693, "device_queued": -1, "device_end": -1, "host_queued_end": 1585587599.377509}, "device": "gpu", "nd_range": {"device_start": 1585587533.9471042, "device_end": 1585587533.9473102}, "cmdq": 3, "read": {"device_start": -1, "device_end": -1}}, "FFC_sans_bias33": {"write": {"device_start": -1, "host_queued_start": 1585587599.369815, "device_queued": -1, "device_end": -1, "host_queued_end": 1585587599.377509}, "device": "gpu", "nd_range": {"device_start": 1585587533.9473188, "device_end": 1585587533.947924}, "cmdq": 3, "read": {"device_start": -1, "device_end": -1}}, "FFC_sans_bias63": {"write": {"device_start": 1585587533.9422848, "host_queued_start": 1585587599.363899, "device_queued": 1585587533.936749, "device_end": 1585587533.9423165, "host_queued_end": 1585587599.377509}, "device": "gpu", "nd_range": {"device_start": 1585587533.9423323, "device_end": 1585587533.9440565}, "cmdq": 3, "read": {"device_start": -1, "device_end": -1}}, "FFC_sans_bias49": {"write": {"device_start": -1, "host_queued_start": 1585587599.367075, "device_queued": -1, "device_end": -1, "host_queued_end": 1585587599.377509}, "device": "gpu", "nd_range": {"device_start": 1585587533.9441333, "device_end": 1585587533.9461021}, "cmdq": 1, "read": {"device_start": -1, "device_end": -1}}, "FFC_sans_bias64": {"write": {"device_start": 1585587533.9413393, "host_queued_start": 1585587599.361794, "device_queued": 1585587533.936715, "device_end": 1585587533.941371, "host_queued_end": 1585587599.377509}, "device": "gpu", "nd_range": {"device_start": 1585587533.9413848, "device_end": 1585587533.943107}, "cmdq": 1, "read": {"device_start": -1, "device_end": -1}}, "FFC_sans_bias65": {"write": {"device_start": 1585587533.941774, "host_queued_start": 1585587599.362868, "device_queued": 1585587533.9367328, "device_end": 1585587533.9418063, "host_queued_end": 1585587599.377509}, "device": "gpu", "nd_range": {"device_start": 1585587533.9418108, "device_end": 1585587533.943618}, "cmdq": 2, "read": {"device_start": -1, "device_end": -1}}, "FFC_sans_bias67": {"write": {"device_start": -1, "host_queued_start": 1585587599.367702, "device_queued": -1, "device_end": -1, "host_queued_end": 1585587599.377509}, "device": "gpu", "nd_range": {"device_start": 1585587533.9456782, "device_end": 1585587533.9470947}, "cmdq": 3, "read": {"device_start": -1, "device_end": -1}}, "FFC_sans_bias24": {"write": {"device_start": -1, "host_queued_start": 1585587599.3695, "device_queued": -1, "device_end": -1, "host_queued_end": 1585587599.377509}, "device": "gpu", "nd_range": {"device_start": 1585587533.947337, "device_end": 1585587533.9483333}, "cmdq": 2, "read": {"device_start": -1, "device_end": -1}}, "FFC_sans_bias25": {"write": {"device_start": 1585587533.956351, "host_queued_start": 1585587599.372124, "device_queued": 1585587533.9383605, "device_end": 1585587533.956411, "host_queued_end": 1585587599.377509}, "device": "gpu", "nd_range": {"device_start": 1585587533.9564254, "device_end": 1585587533.9570332}, "cmdq": 0, "read": {"device_start": 1585587533.9570408, "device_end": 1585587533.9570658}}, "FFC_sans_bias27": {"write": {"device_start": 1585587533.9355476, "host_queued_start": 1585587599.349025, "device_queued": 1585587533.935449, "device_end": 1585587533.935577, "host_queued_end": 1585587599.377509}, "device": "gpu", "nd_range": {"device_start": 1585587533.9355824, "device_end": 1585587533.9372847}, "cmdq": 1, "read": {"device_start": -1, "device_end": -1}}, "FFC_sans_bias20": {"write": {"device_start": 1585587533.935406, "host_queued_start": 1585587599.34799, "device_queued": 1585587533.9352558, "device_end": 1585587533.9354305, "host_queued_end": 1585587599.377509}, "device": "gpu", "nd_range": {"device_start": 1585587533.9354339, "device_end": 1585587533.9368482}, "cmdq": 0, "read": {"device_start": -1, "device_end": -1}}, "FFC_sans_bias22": {"write": {"device_start": -1, "host_queued_start": 1585587599.366094, "device_queued": -1, "device_end": -1, "host_queued_end": 1585587599.377509}, "device": "gpu", "nd_range": {"device_start": 1585587533.944103, "device_end": 1585587533.9450958}, "cmdq": 2, "read": {"device_start": -1, "device_end": -1}}, "softmax68": {"write": {"device_start": -1, "host_queued_start": 1585587599.369181, "device_queued": -1, "device_end": -1, "host_queued_end": 1585587599.377509}, "device": "gpu", "nd_range": {"device_start": 1585587533.9471335, "device_end": 1585587533.9473498}, "cmdq": 1, "read": {"device_start": -1, "device_end": -1}}, "softmax5": {"write": {"device_start": -1, "host_queued_start": 1585587599.389295, "device_queued": -1, "device_end": -1, "host_queued_end": 1585587599.39236}, "device": "cpu", "nd_range": {"device_start": 2255373.629654683, "device_end": 2255373.629861757}, "cmdq": 0, "read": {"device_start": -1, "device_end": -1}}, "FFC_sans_bias28": {"write": {"device_start": 1585587533.9359987, "host_queued_start": 1585587599.350234, "device_queued": 1585587533.9354784, "device_end": 1585587533.9360237, "host_queued_end": 1585587599.377509}, "device": "gpu", "nd_range": {"device_start": 1585587533.936035, "device_end": 1585587533.9377997}, "cmdq": 2, "read": {"device_start": -1, "device_end": -1}}, "FFC_sans_bias29": {"write": {"device_start": 1585587533.9364052, "host_queued_start": 1585587599.351333, "device_queued": 1585587533.9354942, "device_end": 1585587533.9364302, "host_queued_end": 1585587599.377509}, "device": "gpu", "nd_range": {"device_start": 1585587533.9364345, "device_end": 1585587533.9382777}, "cmdq": 3, "read": {"device_start": -1, "device_end": -1}}, "empty17": {"write": {"device_start": -1, "host_queued_start": 1585587599.380353, "device_queued": -1, "device_end": -1, "host_queued_end": 1585587599.39236}, "device": "cpu", "nd_range": {"device_start": 2255373.581944766, "device_end": 2255373.5819564373}, "cmdq": 1, "read": {"device_start": -1, "device_end": -1}}, "softmax59": {"write": {"device_start": -1, "host_queued_start": 1585587599.368937, "device_queued": -1, "device_end": -1, "host_queued_end": 1585587599.377509}, "device": "gpu", "nd_range": {"device_start": 1585587533.9468307, "device_end": 1585587533.947322}, "cmdq": 0, "read": {"device_start": -1, "device_end": -1}}, "empty71": {"write": {"device_start": 1585587533.9350917, "host_queued_start": 1585587599.344854, "device_queued": 1585587533.9349055, "device_end": 1585587533.935164, "host_queued_end": 1585587599.377509}, "device": "gpu", "nd_range": {"device_start": 1585587533.9351683, "device_end": 1585587533.9351726}, "cmdq": 1, "read": {"device_start": -1, "device_end": -1}}, "empty35": {"write": {"device_start": 1585587533.9346547, "host_queued_start": 1585587599.341454, "device_queued": 1585587533.9345222, "device_end": 1585587533.934735, "host_queued_end": 1585587599.377509}, "device": "gpu", "nd_range": {"device_start": 1585587533.9347532, "device_end": 1585587533.9347594}, "cmdq": 1, "read": {"device_start": -1, "device_end": -1}}, "empty53": {"write": {"device_start": 1585587533.9348762, "host_queued_start": 1585587599.343175, "device_queued": 1585587533.934569, "device_end": 1585587533.9349349, "host_queued_end": 1585587599.377509}, "device": "gpu", "nd_range": {"device_start": 1585587533.9349391, "device_end": 1585587533.9349506}, "cmdq": 3, "read": {"device_start": -1, "device_end": -1}}, "FFC_sans_bias46": {"write": {"device_start": 1585587533.9388704, "host_queued_start": 1585587599.356576, "device_queued": 1585587533.9361863, "device_end": 1585587533.938897, "host_queued_end": 1585587599.377509}, "device": "gpu", "nd_range": {"device_start": 1585587533.938904, "device_end": 1585587533.9406862}, "cmdq": 0, "read": {"device_start": -1, "device_end": -1}}, "coalesced_transpose66": {"write": {"device_start": -1, "host_queued_start": 1585587599.365776, "device_queued": -1, "device_end": -1, "host_queued_end": 1585587599.377509}, "device": "gpu", "nd_range": {"device_start": 1585587533.9439647, "device_end": 1585587533.943998}, "cmdq": 1, "read": {"device_start": -1, "device_end": -1}}, "coalesced_transpose48": {"write": {"device_start": -1, "host_queued_start": 1585587599.365172, "device_queued": -1, "device_end": -1, "host_queued_end": 1585587599.377509}, "device": "gpu", "nd_range": {"device_start": 1585587533.9440634, "device_end": 1585587533.9441066}, "cmdq": 3, "read": {"device_start": -1, "device_end": -1}}}