{"FFC_sans_bias60": {"write": {"device_start": -1, "host_queued_start": 1585587566.005193, "device_queued": -1, "device_end": -1, "host_queued_end": 1585587566.014469}, "device": "cpu", "nd_range": {"device_start": 2255340.382393671, "device_end": 2255340.397700823}, "cmdq": 2, "read": {"device_start": -1, "device_end": -1}}, "FFC_sans_bias4": {"write": {"device_start": -1, "host_queued_start": 1585587565.995801, "device_queued": -1, "device_end": -1, "host_queued_end": 1585587566.014469}, "device": "cpu", "nd_range": {"device_start": 2255340.331073788, "device_end": 2255340.337917906}, "cmdq": 0, "read": {"device_start": -1, "device_end": -1}}, "FFC_sans_bias7": {"write": {"device_start": -1, "host_queued_start": 1585587566.00679, "device_queued": -1, "device_end": -1, "host_queued_end": 1585587566.014469}, "device": "cpu", "nd_range": {"device_start": 2255340.382554645, "device_end": 2255340.4059582953}, "cmdq": 4, "read": {"device_start": -1, "device_end": -1}}, "FFC_sans_bias6": {"write": {"device_start": -1, "host_queued_start": 1585587566.000861, "device_queued": -1, "device_end": -1, "host_queued_end": 1585587566.014469}, "device": "cpu", "nd_range": {"device_start": 2255340.365885646, "device_end": 2255340.3823979143}, "cmdq": 1, "read": {"device_start": -1, "device_end": -1}}, "FFC_sans_bias1": {"write": {"device_start": -1, "host_queued_start": 1585587565.969554, "device_queued": -1, "device_end": -1, "host_queued_end": 1585587566.014469}, "device": "cpu", "nd_range": {"device_start": 2255340.204376672, "device_end": 2255340.220869307}, "cmdq": 4, "read": {"device_start": -1, "device_end": -1}}, "FFC_sans_bias0": {"write": {"device_start": -1, "host_queued_start": 1585587565.968511, "device_queued": -1, "device_end": -1, "host_queued_end": 1585587566.014469}, "device": "cpu", "nd_range": {"device_start": 2255340.267570605, "device_end": 2255340.28280135}, "cmdq": 3, "read": {"device_start": -1, "device_end": -1}}, "FFC_sans_bias2": {"write": {"device_start": -1, "host_queued_start": 1585587565.970794, "device_queued": -1, "device_end": -1, "host_queued_end": 1585587566.014469}, "device": "cpu", "nd_range": {"device_start": 2255340.204227964, "device_end": 2255340.220847968}, "cmdq": 0, "read": {"device_start": -1, "device_end": -1}}, "FFC_sans_bias61": {"write": {"device_start": -1, "host_queued_start": 1585587566.013307, "device_queued": -1, "device_end": -1, "host_queued_end": 1585587566.014469}, "device": "cpu", "nd_range": {"device_start": 2255340.3985645063, "device_end": 2255340.415590005}, "cmdq": 0, "read": {"device_start": -1, "device_end": -1}}, "FFC_sans_bias52": {"write": {"device_start": -1, "host_queued_start": 1585587566.012236, "device_queued": -1, "device_end": -1, "host_queued_end": 1585587566.014469}, "device": "cpu", "nd_range": {"device_start": 2255340.405969247, "device_end": 2255340.4278158713}, "cmdq": 4, "read": {"device_start": -1, "device_end": -1}}, "FFC_sans_bias9": {"write": {"device_start": -1, "host_queued_start": 1585587565.971832, "device_queued": -1, "device_end": -1, "host_queued_end": 1585587566.014469}, "device": "cpu", "nd_range": {"device_start": 2255340.204224884, "device_end": 2255340.2315338263}, "cmdq": 1, "read": {"device_start": -1, "device_end": -1}}, "coalesced_transpose39": {"write": {"device_start": -1, "host_queued_start": 1585587565.994481, "device_queued": -1, "device_end": -1, "host_queued_end": 1585587566.014469}, "device": "cpu", "nd_range": {"device_start": 2255340.2956951773, "device_end": 2255340.295950964}, "cmdq": 1, "read": {"device_start": -1, "device_end": -1}}, "FFC_sans_bias55": {"write": {"device_start": -1, "host_queued_start": 1585587565.98969, "device_queued": -1, "device_end": -1, "host_queued_end": 1585587566.014469}, "device": "cpu", "nd_range": {"device_start": 2255340.320265546, "device_end": 2255340.327682776}, "cmdq": 3, "read": {"device_start": -1, "device_end": -1}}, "FFC_sans_bias54": {"write": {"device_start": -1, "host_queued_start": 1585587565.988648, "device_queued": -1, "device_end": -1, "host_queued_end": 1585587566.014469}, "device": "cpu", "nd_range": {"device_start": 2255340.2517399513, "device_end": 2255340.2670815443}, "cmdq": 2, "read": {"device_start": -1, "device_end": -1}}, "FFC_sans_bias56": {"write": {"device_start": -1, "host_queued_start": 1585587565.987611, "device_queued": -1, "device_end": -1, "host_queued_end": 1585587566.014469}, "device": "cpu", "nd_range": {"device_start": 2255340.264859647, "device_end": 2255340.280242262}, "cmdq": 1, "read": {"device_start": -1, "device_end": -1}}, "FFC_sans_bias51": {"write": {"device_start": -1, "host_queued_start": 1585587566.004519, "device_queued": -1, "device_end": -1, "host_queued_end": 1585587566.014469}, "device": "cpu", "nd_range": {"device_start": 2255340.382413038, "device_end": 2255340.398439322}, "cmdq": 1, "read": {"device_start": -1, "device_end": -1}}, "softmax23": {"write": {"device_start": -1, "host_queued_start": 1585587565.999119, "device_queued": -1, "device_end": -1, "host_queued_end": 1585587566.014469}, "device": "cpu", "nd_range": {"device_start": 2255340.351457798, "device_end": 2255340.3516779323}, "cmdq": 0, "read": {"device_start": -1, "device_end": -1}}, "FFC_sans_bias37": {"write": {"device_start": -1, "host_queued_start": 1585587565.982339, "device_queued": -1, "device_end": -1, "host_queued_end": 1585587566.014469}, "device": "cpu", "nd_range": {"device_start": 2255340.2493586293, "device_end": 2255340.264739098}, "cmdq": 1, "read": {"device_start": -1, "device_end": -1}}, "empty62": {"write": {"device_start": -1, "host_queued_start": 1585587565.966743, "device_queued": -1, "device_end": -1, "host_queued_end": 1585587566.014469}, "device": "cpu", "nd_range": {"device_start": 2255340.204219247, "device_end": 2255340.204220041}, "cmdq": 1, "read": {"device_start": -1, "device_end": -1}}, "FFC_sans_bias70": {"write": {"device_start": -1, "host_queued_start": 1585587566.014413, "device_queued": -1, "device_end": -1, "host_queued_end": 1585587566.014469}, "device": "cpu", "nd_range": {"device_start": 2255340.42929842, "device_end": 2255340.4378556293}, "cmdq": 1, "read": {"device_start": -1, "device_end": -1}}, "FFC_sans_bias58": {"write": {"device_start": -1, "host_queued_start": 1585587565.997932, "device_queued": -1, "device_end": -1, "host_queued_end": 1585587566.014469}, "device": "cpu", "nd_range": {"device_start": 2255340.349801678, "device_end": 2255340.365337869}, "cmdq": 1, "read": {"device_start": -1, "device_end": -1}}, "softmax41": {"write": {"device_start": -1, "host_queued_start": 1585587565.999666, "device_queued": -1, "device_end": -1, "host_queued_end": 1585587566.014469}, "device": "cpu", "nd_range": {"device_start": 2255340.3155931653, "device_end": 2255340.315814001}, "cmdq": 2, "read": {"device_start": -1, "device_end": -1}}, "FFC_sans_bias11": {"write": {"device_start": -1, "host_queued_start": 1585587565.973917, "device_queued": -1, "device_end": -1, "host_queued_end": 1585587566.014469}, "device": "cpu", "nd_range": {"device_start": 2255340.282921222, "device_end": 2255340.29823921}, "cmdq": 3, "read": {"device_start": -1, "device_end": -1}}, "FFC_sans_bias10": {"write": {"device_start": -1, "host_queued_start": 1585587565.972872, "device_queued": -1, "device_end": -1, "host_queued_end": 1585587566.014469}, "device": "cpu", "nd_range": {"device_start": 2255340.204780127, "device_end": 2255340.2202545963}, "cmdq": 2, "read": {"device_start": -1, "device_end": -1}}, "coalesced_transpose3": {"write": {"device_start": -1, "host_queued_start": 1585587565.993164, "device_queued": -1, "device_end": -1, "host_queued_end": 1585587566.014469}, "device": "cpu", "nd_range": {"device_start": 2255340.267203183, "device_end": 2255340.267454573}, "cmdq": 2, "read": {"device_start": -1, "device_end": -1}}, "FFC_sans_bias34": {"write": {"device_start": -1, "host_queued_start": 1585587566.010036, "device_queued": -1, "device_end": -1, "host_queued_end": 1585587566.014469}, "device": "cpu", "nd_range": {"device_start": 2255340.39771053, "device_end": 2255340.412910148}, "cmdq": 2, "read": {"device_start": -1, "device_end": -1}}, "FFC_sans_bias15": {"write": {"device_start": -1, "host_queued_start": 1585587566.001344, "device_queued": -1, "device_end": -1, "host_queued_end": 1585587566.014469}, "device": "cpu", "nd_range": {"device_start": 2255340.3503940543, "device_end": 2255340.365664396}, "cmdq": 2, "read": {"device_start": -1, "device_end": -1}}, "FFC_sans_bias31": {"write": {"device_start": -1, "host_queued_start": 1585587565.996826, "device_queued": -1, "device_end": -1, "host_queued_end": 1585587566.014469}, "device": "cpu", "nd_range": {"device_start": 2255340.3364915033, "device_end": 2255340.344768426}, "cmdq": 3, "read": {"device_start": -1, "device_end": -1}}, "FFC_sans_bias16": {"write": {"device_start": -1, "host_queued_start": 1585587566.007876, "device_queued": -1, "device_end": -1, "host_queued_end": 1585587566.014469}, "device": "cpu", "nd_range": {"device_start": 2255340.367246521, "device_end": 2255340.382389192}, "cmdq": 0, "read": {"device_start": -1, "device_end": -1}}, "FFC_sans_bias19": {"write": {"device_start": -1, "host_queued_start": 1585587565.97603, "device_queued": -1, "device_end": -1, "host_queued_end": 1585587566.014469}, "device": "cpu", "nd_range": {"device_start": 2255340.2239049743, "device_end": 2255340.247188956}, "cmdq": 0, "read": {"device_start": -1, "device_end": -1}}, "FFC_sans_bias18": {"write": {"device_start": -1, "host_queued_start": 1585587565.974989, "device_queued": -1, "device_end": -1, "host_queued_end": 1585587566.014469}, "device": "cpu", "nd_range": {"device_start": 2255340.220892218, "device_end": 2255340.2369754803}, "cmdq": 4, "read": {"device_start": -1, "device_end": -1}}, "coalesced_transpose30": {"write": {"device_start": -1, "host_queued_start": 1585587565.994153, "device_queued": -1, "device_end": -1, "host_queued_end": 1585587566.014469}, "device": "cpu", "nd_range": {"device_start": 2255340.325213587, "device_end": 2255340.331068337}, "cmdq": 0, "read": {"device_start": -1, "device_end": -1}}, "FFC_sans_bias69": {"write": {"device_start": -1, "host_queued_start": 1585587566.005604, "device_queued": -1, "device_end": -1, "host_queued_end": 1585587566.014469}, "device": "cpu", "nd_range": {"device_start": 2255340.41835601, "device_end": 2255340.42698016}, "cmdq": 3, "read": {"device_start": -1, "device_end": -1}}, "FFC_sans_bias38": {"write": {"device_start": -1, "host_queued_start": 1585587565.983396, "device_queued": -1, "device_end": -1, "host_queued_end": 1585587566.014469}, "device": "cpu", "nd_range": {"device_start": 2255340.236024065, "device_end": 2255340.251610645}, "cmdq": 2, "read": {"device_start": -1, "device_end": -1}}, "coalesced_transpose57": {"write": {"device_start": -1, "host_queued_start": 1585587565.995134, "device_queued": -1, "device_end": -1, "host_queued_end": 1585587566.014469}, "device": "cpu", "nd_range": {"device_start": 2255340.336136781, "device_end": 2255340.336376004}, "cmdq": 3, "read": {"device_start": -1, "device_end": -1}}, "empty26": {"write": {"device_start": -1, "host_queued_start": 1585587565.963395, "device_queued": -1, "device_end": -1, "host_queued_end": 1585587566.014469}, "device": "cpu", "nd_range": {"device_start": 2255340.204493212, "device_end": 2255340.204496548}, "cmdq": 2, "read": {"device_start": -1, "device_end": -1}}, "coalesced_transpose12": {"write": {"device_start": -1, "host_queued_start": 1585587565.993496, "device_queued": -1, "device_end": -1, "host_queued_end": 1585587566.014469}, "device": "cpu", "nd_range": {"device_start": 2255340.327805223, "device_end": 2255340.335998443}, "cmdq": 3, "read": {"device_start": -1, "device_end": -1}}, "empty44": {"write": {"device_start": -1, "host_queued_start": 1585587565.965059, "device_queued": -1, "device_end": -1, "host_queued_end": 1585587566.014469}, "device": "cpu", "nd_range": {"device_start": 2255340.2041795733, "device_end": 2255340.2041887753}, "cmdq": 4, "read": {"device_start": -1, "device_end": -1}}, "coalesced_transpose21": {"write": {"device_start": -1, "host_queued_start": 1585587565.993823, "device_queued": -1, "device_end": -1, "host_queued_end": 1585587566.014469}, "device": "cpu", "nd_range": {"device_start": 2255340.285601967, "device_end": 2255340.28585238}, "cmdq": 4, "read": {"device_start": -1, "device_end": -1}}, "FFC_sans_bias36": {"write": {"device_start": -1, "host_queued_start": 1585587565.981297, "device_queued": -1, "device_end": -1, "host_queued_end": 1585587566.014469}, "device": "cpu", "nd_range": {"device_start": 2255340.2544048503, "device_end": 2255340.279205765}, "cmdq": 0, "read": {"device_start": -1, "device_end": -1}}, "softmax14": {"write": {"device_start": -1, "host_queued_start": 1585587565.998832, "device_queued": -1, "device_end": -1, "host_queued_end": 1585587566.014469}, "device": "cpu", "nd_range": {"device_start": 2255340.3500544643, "device_end": 2255340.350260524}, "cmdq": 4, "read": {"device_start": -1, "device_end": -1}}, "FFC_sans_bias13": {"write": {"device_start": -1, "host_queued_start": 1585587565.996143, "device_queued": -1, "device_end": -1, "host_queued_end": 1585587566.014469}, "device": "cpu", "nd_range": {"device_start": 2255340.336970395, "device_end": 2255340.349666755}, "cmdq": 1, "read": {"device_start": -1, "device_end": -1}}, "empty8": {"write": {"device_start": -1, "host_queued_start": 1585587565.961447, "device_queued": -1, "device_end": -1, "host_queued_end": 1585587566.014469}, "device": "cpu", "nd_range": {"device_start": 2255340.204209703, "device_end": 2255340.204210639}, "cmdq": 0, "read": {"device_start": -1, "device_end": -1}}, "FFC_sans_bias42": {"write": {"device_start": -1, "host_queued_start": 1585587566.003695, "device_queued": -1, "device_end": -1, "host_queued_end": 1585587566.014469}, "device": "cpu", "nd_range": {"device_start": 2255340.351903717, "device_end": 2255340.367239851}, "cmdq": 0, "read": {"device_start": -1, "device_end": -1}}, "FFC_sans_bias43": {"write": {"device_start": -1, "host_queued_start": 1585587566.011149, "device_queued": -1, "device_end": -1, "host_queued_end": 1585587566.014469}, "device": "cpu", "nd_range": {"device_start": 2255340.429278306, "device_end": 2255340.439523153}, "cmdq": 3, "read": {"device_start": -1, "device_end": -1}}, "FFC_sans_bias40": {"write": {"device_start": -1, "host_queued_start": 1585587565.997243, "device_queued": -1, "device_end": -1, "host_queued_end": 1585587566.014469}, "device": "cpu", "nd_range": {"device_start": 2255340.296077879, "device_end": 2255340.311379368}, "cmdq": 4, "read": {"device_start": -1, "device_end": -1}}, "softmax32": {"write": {"device_start": -1, "host_queued_start": 1585587565.999395, "device_queued": -1, "device_end": -1, "host_queued_end": 1585587566.014469}, "device": "cpu", "nd_range": {"device_start": 2255340.365457104, "device_end": 2255340.365668333}, "cmdq": 1, "read": {"device_start": -1, "device_end": -1}}, "FFC_sans_bias47": {"write": {"device_start": -1, "host_queued_start": 1585587565.986564, "device_queued": -1, "device_end": -1, "host_queued_end": 1585587566.014469}, "device": "cpu", "nd_range": {"device_start": 2255340.284945977, "device_end": 2255340.3072585193}, "cmdq": 0, "read": {"device_start": -1, "device_end": -1}}, "FFC_sans_bias45": {"write": {"device_start": -1, "host_queued_start": 1585587565.984434, "device_queued": -1, "device_end": -1, "host_queued_end": 1585587566.014469}, "device": "cpu", "nd_range": {"device_start": 2255340.313535795, "device_end": 2255340.320259055}, "cmdq": 3, "read": {"device_start": -1, "device_end": -1}}, "softmax50": {"write": {"device_start": -1, "host_queued_start": 1585587565.99994, "device_queued": -1, "device_end": -1, "host_queued_end": 1585587566.014469}, "device": "cpu", "nd_range": {"device_start": 2255340.381288507, "device_end": 2255340.381505929}, "cmdq": 3, "read": {"device_start": -1, "device_end": -1}}, "FFC_sans_bias33": {"write": {"device_start": -1, "host_queued_start": 1585587566.002859, "device_queued": -1, "device_end": -1, "host_queued_end": 1585587566.014469}, "device": "cpu", "nd_range": {"device_start": 2255340.366014757, "device_end": 2255340.3812799794}, "cmdq": 4, "read": {"device_start": -1, "device_end": -1}}, "FFC_sans_bias63": {"write": {"device_start": -1, "host_queued_start": 1585587565.992829, "device_queued": -1, "device_end": -1, "host_queued_end": 1585587566.014469}, "device": "cpu", "nd_range": {"device_start": 2255340.2803578423, "device_end": 2255340.2955587213}, "cmdq": 1, "read": {"device_start": -1, "device_end": -1}}, "FFC_sans_bias49": {"write": {"device_start": -1, "host_queued_start": 1585587565.99759, "device_queued": -1, "device_end": -1, "host_queued_end": 1585587566.014469}, "device": "cpu", "nd_range": {"device_start": 2255340.338052621, "device_end": 2255340.351447638}, "cmdq": 0, "read": {"device_start": -1, "device_end": -1}}, "FFC_sans_bias64": {"write": {"device_start": -1, "host_queued_start": 1585587565.990743, "device_queued": -1, "device_end": -1, "host_queued_end": 1585587566.014469}, "device": "cpu", "nd_range": {"device_start": 2255340.269434355, "device_end": 2255340.2854758603}, "cmdq": 4, "read": {"device_start": -1, "device_end": -1}}, "FFC_sans_bias65": {"write": {"device_start": -1, "host_queued_start": 1585587565.991786, "device_queued": -1, "device_end": -1, "host_queued_end": 1585587566.014469}, "device": "cpu", "nd_range": {"device_start": 2255340.315579364, "device_end": 2255340.325205949}, "cmdq": 0, "read": {"device_start": -1, "device_end": -1}}, "FFC_sans_bias67": {"write": {"device_start": -1, "host_queued_start": 1585587565.998277, "device_queued": -1, "device_end": -1, "host_queued_end": 1585587566.014469}, "device": "cpu", "nd_range": {"device_start": 2255340.302214797, "device_end": 2255340.315471347}, "cmdq": 2, "read": {"device_start": -1, "device_end": -1}}, "FFC_sans_bias24": {"write": {"device_start": -1, "host_queued_start": 1585587566.001948, "device_queued": -1, "device_end": -1, "host_queued_end": 1585587566.014469}, "device": "cpu", "nd_range": {"device_start": 2255340.381512977, "device_end": 2255340.4183418243}, "cmdq": 3, "read": {"device_start": -1, "device_end": -1}}, "FFC_sans_bias25": {"write": {"device_start": -1, "host_queued_start": 1585587566.008953, "device_queued": -1, "device_end": -1, "host_queued_end": 1585587566.014469}, "device": "cpu", "nd_range": {"device_start": 2255340.4185947822, "device_end": 2255340.429153862}, "cmdq": 1, "read": {"device_start": -1, "device_end": -1}}, "FFC_sans_bias27": {"write": {"device_start": -1, "host_queued_start": 1585587565.978125, "device_queued": -1, "device_end": -1, "host_queued_end": 1585587566.014469}, "device": "cpu", "nd_range": {"device_start": 2255340.22047413, "device_end": 2255340.235868614}, "cmdq": 2, "read": {"device_start": -1, "device_end": -1}}, "FFC_sans_bias20": {"write": {"device_start": -1, "host_queued_start": 1585587565.977077, "device_queued": -1, "device_end": -1, "host_queued_end": 1585587566.014469}, "device": "cpu", "nd_range": {"device_start": 2255340.2340876353, "device_end": 2255340.2492232663}, "cmdq": 1, "read": {"device_start": -1, "device_end": -1}}, "FFC_sans_bias22": {"write": {"device_start": -1, "host_queued_start": 1585587565.996488, "device_queued": -1, "device_end": -1, "host_queued_end": 1585587566.014469}, "device": "cpu", "nd_range": {"device_start": 2255340.2866754713, "device_end": 2255340.302089921}, "cmdq": 2, "read": {"device_start": -1, "device_end": -1}}, "softmax68": {"write": {"device_start": -1, "host_queued_start": 1585587566.000504, "device_queued": -1, "device_end": -1, "host_queued_end": 1585587566.014469}, "device": "cpu", "nd_range": {"device_start": 2255340.351684972, "device_end": 2255340.35189605}, "cmdq": 0, "read": {"device_start": -1, "device_end": -1}}, "softmax5": {"write": {"device_start": -1, "host_queued_start": 1585587565.998557, "device_queued": -1, "device_end": -1, "host_queued_end": 1585587566.014469}, "device": "cpu", "nd_range": {"device_start": 2255340.344902221, "device_end": 2255340.345112511}, "cmdq": 3, "read": {"device_start": -1, "device_end": -1}}, "FFC_sans_bias28": {"write": {"device_start": -1, "host_queued_start": 1585587565.979213, "device_queued": -1, "device_end": -1, "host_queued_end": 1585587566.014469}, "device": "cpu", "nd_range": {"device_start": 2255340.298358708, "device_end": 2255340.313526806}, "cmdq": 3, "read": {"device_start": -1, "device_end": -1}}, "FFC_sans_bias29": {"write": {"device_start": -1, "host_queued_start": 1585587565.980257, "device_queued": -1, "device_end": -1, "host_queued_end": 1585587566.014469}, "device": "cpu", "nd_range": {"device_start": 2255340.237114606, "device_end": 2255340.253289426}, "cmdq": 4, "read": {"device_start": -1, "device_end": -1}}, "empty17": {"write": {"device_start": -1, "host_queued_start": 1585587565.962467, "device_queued": -1, "device_end": -1, "host_queued_end": 1585587566.014469}, "device": "cpu", "nd_range": {"device_start": 2255340.204210274, "device_end": 2255340.204211559}, "cmdq": 1, "read": {"device_start": -1, "device_end": -1}}, "softmax59": {"write": {"device_start": -1, "host_queued_start": 1585587566.000224, "device_queued": -1, "device_end": -1, "host_queued_end": 1585587566.014469}, "device": "cpu", "nd_range": {"device_start": 2255340.365673542, "device_end": 2255340.365894956}, "cmdq": 4, "read": {"device_start": -1, "device_end": -1}}, "empty71": {"write": {"device_start": -1, "host_queued_start": 1585587565.967547, "device_queued": -1, "device_end": -1, "host_queued_end": 1585587566.014469}, "device": "cpu", "nd_range": {"device_start": 2255340.204675057, "device_end": 2255340.204677191}, "cmdq": 2, "read": {"device_start": -1, "device_end": -1}}, "empty35": {"write": {"device_start": -1, "host_queued_start": 1585587565.964231, "device_queued": -1, "device_end": -1, "host_queued_end": 1585587566.014469}, "device": "cpu", "nd_range": {"device_start": 2255340.204179603, "device_end": 2255340.204188792}, "cmdq": 3, "read": {"device_start": -1, "device_end": -1}}, "empty53": {"write": {"device_start": -1, "host_queued_start": 1585587565.96589, "device_queued": -1, "device_end": -1, "host_queued_end": 1585587566.014469}, "device": "cpu", "nd_range": {"device_start": 2255340.20422144, "device_end": 2255340.2042229543}, "cmdq": 0, "read": {"device_start": -1, "device_end": -1}}, "FFC_sans_bias46": {"write": {"device_start": -1, "host_queued_start": 1585587565.98549, "device_queued": -1, "device_end": -1, "host_queued_end": 1585587566.014469}, "device": "cpu", "nd_range": {"device_start": 2255340.2532980694, "device_end": 2255340.269424324}, "cmdq": 4, "read": {"device_start": -1, "device_end": -1}}, "coalesced_transpose66": {"write": {"device_start": -1, "host_queued_start": 1585587565.99546, "device_queued": -1, "device_end": -1, "host_queued_end": 1585587566.014469}, "device": "cpu", "nd_range": {"device_start": 2255340.285970954, "device_end": 2255340.286207369}, "cmdq": 4, "read": {"device_start": -1, "device_end": -1}}, "coalesced_transpose48": {"write": {"device_start": -1, "host_queued_start": 1585587565.994811, "device_queued": -1, "device_end": -1, "host_queued_end": 1585587566.014469}, "device": "cpu", "nd_range": {"device_start": 2255340.286320825, "device_end": 2255340.286566331}, "cmdq": 2, "read": {"device_start": -1, "device_end": -1}}}