{"FFC_sans_bias60": {"write": {"device_start": -1, "host_queued_start": 1585587577.017337, "device_queued": -1, "device_end": -1, "host_queued_end": 1585587577.023572}, "device": "gpu", "nd_range": {"device_start": 1585587511.593514, "device_end": 1585587511.5954561}, "cmdq": 2, "read": {"device_start": -1, "device_end": -1}}, "FFC_sans_bias4": {"write": {"device_start": -1, "host_queued_start": 1585587577.038871, "device_queued": -1, "device_end": -1, "host_queued_end": 1585587577.044888}, "device": "cpu", "nd_range": {"device_start": 2255351.274688646, "device_end": 2255351.278998564}, "cmdq": 0, "read": {"device_start": -1, "device_end": -1}}, "FFC_sans_bias7": {"write": {"device_start": -1, "host_queued_start": 1585587577.042761, "device_queued": -1, "device_end": -1, "host_queued_end": 1585587577.044888}, "device": "cpu", "nd_range": {"device_start": 2255351.3017575024, "device_end": 2255351.306056221}, "cmdq": 0, "read": {"device_start": -1, "device_end": -1}}, "FFC_sans_bias6": {"write": {"device_start": -1, "host_queued_start": 1585587577.040846, "device_queued": -1, "device_end": -1, "host_queued_end": 1585587577.044888}, "device": "cpu", "nd_range": {"device_start": 2255351.28872568, "device_end": 2255351.292829105}, "cmdq": 0, "read": {"device_start": -1, "device_end": -1}}, "FFC_sans_bias1": {"write": {"device_start": -1, "host_queued_start": 1585587577.029543, "device_queued": -1, "device_end": -1, "host_queued_end": 1585587577.044888}, "device": "cpu", "nd_range": {"device_start": 2255351.2387423813, "device_end": 2255351.242695745}, "cmdq": 0, "read": {"device_start": -1, "device_end": -1}}, "FFC_sans_bias0": {"write": {"device_start": -1, "host_queued_start": 1585587577.028402, "device_queued": -1, "device_end": -1, "host_queued_end": 1585587577.044888}, "device": "cpu", "nd_range": {"device_start": 2255351.2345001632, "device_end": 2255351.23872195}, "cmdq": 0, "read": {"device_start": -1, "device_end": -1}}, "FFC_sans_bias2": {"write": {"device_start": -1, "host_queued_start": 1585587577.030699, "device_queued": -1, "device_end": -1, "host_queued_end": 1585587577.044888}, "device": "cpu", "nd_range": {"device_start": 2255351.242705223, "device_end": 2255351.2466749763}, "cmdq": 0, "read": {"device_start": -1, "device_end": -1}}, "FFC_sans_bias61": {"write": {"device_start": 1585587511.5961208, "host_queued_start": 1585587577.022328, "device_queued": 1585587511.5846426, "device_end": 1585587511.5961518, "host_queued_end": 1585587577.023572}, "device": "gpu", "nd_range": {"device_start": 1585587511.5961618, "device_end": 1585587511.598034}, "cmdq": 3, "read": {"device_start": 1585587511.5980427, "device_end": 1585587511.5980659}}, "FFC_sans_bias52": {"write": {"device_start": 1585587511.595562, "host_queued_start": 1585587577.021187, "device_queued": 1585587511.5846274, "device_end": 1585587511.5955958, "host_queued_end": 1585587577.023572}, "device": "gpu", "nd_range": {"device_start": 1585587511.5956032, "device_end": 1585587511.5975282}, "cmdq": 2, "read": {"device_start": 1585587511.597531, "device_end": 1585587511.5975566}}, "FFC_sans_bias9": {"write": {"device_start": -1, "host_queued_start": 1585587577.031861, "device_queued": -1, "device_end": -1, "host_queued_end": 1585587577.044888}, "device": "cpu", "nd_range": {"device_start": 2255351.2466804474, "device_end": 2255351.250997995}, "cmdq": 0, "read": {"device_start": -1, "device_end": -1}}, "coalesced_transpose39": {"write": {"device_start": -1, "host_queued_start": 1585587577.011905, "device_queued": -1, "device_end": -1, "host_queued_end": 1585587577.023572}, "device": "gpu", "nd_range": {"device_start": 1585587511.5891788, "device_end": 1585587511.5901942}, "cmdq": 1, "read": {"device_start": -1, "device_end": -1}}, "FFC_sans_bias55": {"write": {"device_start": 1585587511.5866907, "host_queued_start": 1585587577.007762, "device_queued": 1585587511.583124, "device_end": 1585587511.5867233, "host_queued_end": 1585587577.023572}, "device": "gpu", "nd_range": {"device_start": 1585587511.58673, "device_end": 1585587511.5887733}, "cmdq": 0, "read": {"device_start": -1, "device_end": -1}}, "FFC_sans_bias54": {"write": {"device_start": 1585587511.5862741, "host_queued_start": 1585587577.006554, "device_queued": 1585587511.582917, "device_end": 1585587511.5863004, "host_queued_end": 1585587577.023572}, "device": "gpu", "nd_range": {"device_start": 1585587511.586309, "device_end": 1585587511.5882585}, "cmdq": 3, "read": {"device_start": -1, "device_end": -1}}, "FFC_sans_bias56": {"write": {"device_start": 1585587511.5855973, "host_queued_start": 1585587577.005049, "device_queued": 1585587511.5829024, "device_end": 1585587511.5856245, "host_queued_end": 1585587577.023572}, "device": "gpu", "nd_range": {"device_start": 1585587511.5856304, "device_end": 1585587511.5876815}, "cmdq": 2, "read": {"device_start": -1, "device_end": -1}}, "FFC_sans_bias51": {"write": {"device_start": -1, "host_queued_start": 1585587577.016996, "device_queued": -1, "device_end": -1, "host_queued_end": 1585587577.023572}, "device": "gpu", "nd_range": {"device_start": 1585587511.593252, "device_end": 1585587511.5949285}, "cmdq": 1, "read": {"device_start": -1, "device_end": -1}}, "softmax23": {"write": {"device_start": -1, "host_queued_start": 1585587577.040495, "device_queued": -1, "device_end": -1, "host_queued_end": 1585587577.044888}, "device": "cpu", "nd_range": {"device_start": 2255351.2885402343, "device_end": 2255351.288607674}, "cmdq": 0, "read": {"device_start": -1, "device_end": -1}}, "FFC_sans_bias37": {"write": {"device_start": 1585587511.5829754, "host_queued_start": 1585587576.997844, "device_queued": 1585587511.5824938, "device_end": 1585587511.5830066, "host_queued_end": 1585587577.023572}, "device": "gpu", "nd_range": {"device_start": 1585587511.583012, "device_end": 1585587511.5850983}, "cmdq": 1, "read": {"device_start": -1, "device_end": -1}}, "empty62": {"write": {"device_start": 1585587511.5817113, "host_queued_start": 1585587576.991805, "device_queued": 1585587511.5815, "device_end": 1585587511.5817363, "host_queued_end": 1585587577.023572}, "device": "gpu", "nd_range": {"device_start": 1585587511.5817816, "device_end": 1585587511.5817852}, "cmdq": 3, "read": {"device_start": -1, "device_end": -1}}, "FFC_sans_bias70": {"write": {"device_start": 1585587511.596744, "host_queued_start": 1585587577.023454, "device_queued": 1585587511.584885, "device_end": 1585587511.5967758, "host_queued_end": 1585587577.023572}, "device": "gpu", "nd_range": {"device_start": 1585587511.596785, "device_end": 1585587511.5986192}, "cmdq": 0, "read": {"device_start": 1585587511.598626, "device_end": 1585587511.598649}}, "FFC_sans_bias58": {"write": {"device_start": -1, "host_queued_start": 1585587577.014252, "device_queued": -1, "device_end": -1, "host_queued_end": 1585587577.023572}, "device": "gpu", "nd_range": {"device_start": 1585587511.590317, "device_end": 1585587511.5923908}, "cmdq": 0, "read": {"device_start": -1, "device_end": -1}}, "softmax41": {"write": {"device_start": -1, "host_queued_start": 1585587577.015155, "device_queued": -1, "device_end": -1, "host_queued_end": 1585587577.023572}, "device": "gpu", "nd_range": {"device_start": 1585587511.591998, "device_end": 1585587511.5930824}, "cmdq": 3, "read": {"device_start": -1, "device_end": -1}}, "FFC_sans_bias11": {"write": {"device_start": -1, "host_queued_start": 1585587577.034002, "device_queued": -1, "device_end": -1, "host_queued_end": 1585587577.044888}, "device": "cpu", "nd_range": {"device_start": 2255351.255995801, "device_end": 2255351.260313897}, "cmdq": 0, "read": {"device_start": -1, "device_end": -1}}, "FFC_sans_bias10": {"write": {"device_start": -1, "host_queued_start": 1585587577.032928, "device_queued": -1, "device_end": -1, "host_queued_end": 1585587577.044888}, "device": "cpu", "nd_range": {"device_start": 2255351.251003699, "device_end": 2255351.255989666}, "cmdq": 0, "read": {"device_start": -1, "device_end": -1}}, "coalesced_transpose3": {"write": {"device_start": -1, "host_queued_start": 1585587577.037757, "device_queued": -1, "device_end": -1, "host_queued_end": 1585587577.044888}, "device": "cpu", "nd_range": {"device_start": 2255351.2739100433, "device_end": 2255351.2740614223}, "cmdq": 0, "read": {"device_start": -1, "device_end": -1}}, "FFC_sans_bias34": {"write": {"device_start": 1585587511.5945005, "host_queued_start": 1585587577.018867, "device_queued": 1585587511.5844433, "device_end": 1585587511.594533, "host_queued_end": 1585587577.023572}, "device": "gpu", "nd_range": {"device_start": 1585587511.5945463, "device_end": 1585587511.5965383}, "cmdq": 0, "read": {"device_start": 1585587511.5965497, "device_end": 1585587511.5965734}}, "FFC_sans_bias15": {"write": {"device_start": -1, "host_queued_start": 1585587577.04122, "device_queued": -1, "device_end": -1, "host_queued_end": 1585587577.044888}, "device": "cpu", "nd_range": {"device_start": 2255351.2928351, "device_end": 2255351.296882791}, "cmdq": 0, "read": {"device_start": -1, "device_end": -1}}, "FFC_sans_bias31": {"write": {"device_start": -1, "host_queued_start": 1585587577.013214, "device_queued": -1, "device_end": -1, "host_queued_end": 1585587577.023572}, "device": "gpu", "nd_range": {"device_start": 1585587511.590284, "device_end": 1585587511.5908935}, "cmdq": 1, "read": {"device_start": -1, "device_end": -1}}, "FFC_sans_bias16": {"write": {"device_start": -1, "host_queued_start": 1585587577.043801, "device_queued": -1, "device_end": -1, "host_queued_end": 1585587577.044888}, "device": "cpu", "nd_range": {"device_start": 2255351.306059656, "device_end": 2255351.311046992}, "cmdq": 0, "read": {"device_start": -1, "device_end": -1}}, "FFC_sans_bias19": {"write": {"device_start": -1, "host_queued_start": 1585587577.036169, "device_queued": -1, "device_end": -1, "host_queued_end": 1585587577.044888}, "device": "cpu", "nd_range": {"device_start": 2255351.264879729, "device_end": 2255351.269292807}, "cmdq": 0, "read": {"device_start": -1, "device_end": -1}}, "FFC_sans_bias18": {"write": {"device_start": -1, "host_queued_start": 1585587577.035106, "device_queued": -1, "device_end": -1, "host_queued_end": 1585587577.044888}, "device": "cpu", "nd_range": {"device_start": 2255351.260319333, "device_end": 2255351.2648746143}, "cmdq": 0, "read": {"device_start": -1, "device_end": -1}}, "coalesced_transpose30": {"write": {"device_start": -1, "host_queued_start": 1585587577.011569, "device_queued": -1, "device_end": -1, "host_queued_end": 1585587577.023572}, "device": "gpu", "nd_range": {"device_start": 1585587511.5887747, "device_end": 1585587511.5901685}, "cmdq": 0, "read": {"device_start": -1, "device_end": -1}}, "FFC_sans_bias69": {"write": {"device_start": -1, "host_queued_start": 1585587577.017704, "device_queued": -1, "device_end": -1, "host_queued_end": 1585587577.023572}, "device": "gpu", "nd_range": {"device_start": 1585587511.5939634, "device_end": 1585587511.5960236}, "cmdq": 3, "read": {"device_start": -1, "device_end": -1}}, "FFC_sans_bias38": {"write": {"device_start": 1585587511.583372, "host_queued_start": 1585587576.999083, "device_queued": 1585587511.58252, "device_end": 1585587511.5833964, "host_queued_end": 1585587577.023572}, "device": "gpu", "nd_range": {"device_start": 1585587511.5835922, "device_end": 1585587511.5854964}, "cmdq": 2, "read": {"device_start": -1, "device_end": -1}}, "coalesced_transpose57": {"write": {"device_start": -1, "host_queued_start": 1585587577.012551, "device_queued": -1, "device_end": -1, "host_queued_end": 1585587577.023572}, "device": "gpu", "nd_range": {"device_start": 1585587511.59027, "device_end": 1585587511.5902975}, "cmdq": 3, "read": {"device_start": -1, "device_end": -1}}, "empty26": {"write": {"device_start": -1, "host_queued_start": 1585587577.027305, "device_queued": -1, "device_end": -1, "host_queued_end": 1585587577.044888}, "device": "cpu", "nd_range": {"device_start": 2255351.234494451, "device_end": 2255351.23449544}, "cmdq": 0, "read": {"device_start": -1, "device_end": -1}}, "coalesced_transpose12": {"write": {"device_start": -1, "host_queued_start": 1585587577.038132, "device_queued": -1, "device_end": -1, "host_queued_end": 1585587577.044888}, "device": "cpu", "nd_range": {"device_start": 2255351.2742043333, "device_end": 2255351.274322351}, "cmdq": 0, "read": {"device_start": -1, "device_end": -1}}, "empty44": {"write": {"device_start": 1585587511.5815263, "host_queued_start": 1585587576.990029, "device_queued": 1585587511.5814354, "device_end": 1585587511.5815873, "host_queued_end": 1585587577.023572}, "device": "gpu", "nd_range": {"device_start": 1585587511.5816398, "device_end": 1585587511.581672}, "cmdq": 1, "read": {"device_start": -1, "device_end": -1}}, "coalesced_transpose21": {"write": {"device_start": -1, "host_queued_start": 1585587577.038482, "device_queued": -1, "device_end": -1, "host_queued_end": 1585587577.044888}, "device": "cpu", "nd_range": {"device_start": 2255351.274452762, "device_end": 2255351.274564899}, "cmdq": 0, "read": {"device_start": -1, "device_end": -1}}, "FFC_sans_bias36": {"write": {"device_start": 1585587511.5823812, "host_queued_start": 1585587576.996821, "device_queued": 1585587511.5822868, "device_end": 1585587511.5824118, "host_queued_end": 1585587577.023572}, "device": "gpu", "nd_range": {"device_start": 1585587511.5824757, "device_end": 1585587511.5844026}, "cmdq": 0, "read": {"device_start": -1, "device_end": -1}}, "softmax14": {"write": {"device_start": -1, "host_queued_start": 1585587577.04021, "device_queued": -1, "device_end": -1, "host_queued_end": 1585587577.044888}, "device": "cpu", "nd_range": {"device_start": 2255351.28835353, "device_end": 2255351.288430621}, "cmdq": 0, "read": {"device_start": -1, "device_end": -1}}, "FFC_sans_bias13": {"write": {"device_start": -1, "host_queued_start": 1585587577.039273, "device_queued": -1, "device_end": -1, "host_queued_end": 1585587577.044888}, "device": "cpu", "nd_range": {"device_start": 2255351.279004746, "device_end": 2255351.28368576}, "cmdq": 0, "read": {"device_start": -1, "device_end": -1}}, "empty8": {"write": {"device_start": -1, "host_queued_start": 1585587577.025307, "device_queued": -1, "device_end": -1, "host_queued_end": 1585587577.044888}, "device": "cpu", "nd_range": {"device_start": 2255351.2344607404, "device_end": 2255351.234472263}, "cmdq": 0, "read": {"device_start": -1, "device_end": -1}}, "FFC_sans_bias42": {"write": {"device_start": -1, "host_queued_start": 1585587577.016653, "device_queued": -1, "device_end": -1, "host_queued_end": 1585587577.023572}, "device": "gpu", "nd_range": {"device_start": 1585587511.5931578, "device_end": 1585587511.594365}, "cmdq": 0, "read": {"device_start": -1, "device_end": -1}}, "FFC_sans_bias43": {"write": {"device_start": 1585587511.5950398, "host_queued_start": 1585587577.020041, "device_queued": 1585587511.5846088, "device_end": 1585587511.5950704, "host_queued_end": 1585587577.023572}, "device": "gpu", "nd_range": {"device_start": 1585587511.5952559, "device_end": 1585587511.597133}, "cmdq": 1, "read": {"device_start": 1585587511.5971358, "device_end": 1585587511.597159}}, "FFC_sans_bias40": {"write": {"device_start": -1, "host_queued_start": 1585587577.013561, "device_queued": -1, "device_end": -1, "host_queued_end": 1585587577.023572}, "device": "gpu", "nd_range": {"device_start": 1585587511.5902946, "device_end": 1585587511.5913854}, "cmdq": 2, "read": {"device_start": -1, "device_end": -1}}, "softmax32": {"write": {"device_start": -1, "host_queued_start": 1585587577.014883, "device_queued": -1, "device_end": -1, "host_queued_end": 1585587577.023572}, "device": "gpu", "nd_range": {"device_start": 1585587511.5913944, "device_end": 1585587511.5931313}, "cmdq": 2, "read": {"device_start": -1, "device_end": -1}}, "FFC_sans_bias47": {"write": {"device_start": 1585587511.5852149, "host_queued_start": 1585587577.003014, "device_queued": 1585587511.5828755, "device_end": 1585587511.5852466, "host_queued_end": 1585587577.023572}, "device": "gpu", "nd_range": {"device_start": 1585587511.585252, "device_end": 1585587511.5871744}, "cmdq": 1, "read": {"device_start": -1, "device_end": -1}}, "FFC_sans_bias45": {"write": {"device_start": 1585587511.5840926, "host_queued_start": 1585587577.00012, "device_queued": 1585587511.5825343, "device_end": 1585587511.5841248, "host_queued_end": 1585587577.023572}, "device": "gpu", "nd_range": {"device_start": 1585587511.5841281, "device_end": 1585587511.5861874}, "cmdq": 3, "read": {"device_start": -1, "device_end": -1}}, "softmax50": {"write": {"device_start": -1, "host_queued_start": 1585587577.015429, "device_queued": -1, "device_end": -1, "host_queued_end": 1585587577.023572}, "device": "gpu", "nd_range": {"device_start": 1585587511.5923991, "device_end": 1585587511.5931501}, "cmdq": 0, "read": {"device_start": -1, "device_end": -1}}, "FFC_sans_bias33": {"write": {"device_start": -1, "host_queued_start": 1585587577.016309, "device_queued": -1, "device_end": -1, "host_queued_end": 1585587577.023572}, "device": "gpu", "nd_range": {"device_start": 1585587511.5931466, "device_end": 1585587511.5939555}, "cmdq": 3, "read": {"device_start": -1, "device_end": -1}}, "FFC_sans_bias63": {"write": {"device_start": 1585587511.5883584, "host_queued_start": 1585587577.011179, "device_queued": 1585587511.5833027, "device_end": 1585587511.5883908, "host_queued_end": 1585587577.023572}, "device": "gpu", "nd_range": {"device_start": 1585587511.5883992, "device_end": 1585587511.590262}, "cmdq": 3, "read": {"device_start": -1, "device_end": -1}}, "FFC_sans_bias49": {"write": {"device_start": -1, "host_queued_start": 1585587577.013915, "device_queued": -1, "device_end": -1, "host_queued_end": 1585587577.023572}, "device": "gpu", "nd_range": {"device_start": 1585587511.5903084, "device_end": 1585587511.5919888}, "cmdq": 3, "read": {"device_start": -1, "device_end": -1}}, "FFC_sans_bias64": {"write": {"device_start": 1585587511.5872767, "host_queued_start": 1585587577.008902, "device_queued": 1585587511.5832677, "device_end": 1585587511.5873015, "host_queued_end": 1585587577.023572}, "device": "gpu", "nd_range": {"device_start": 1585587511.5874794, "device_end": 1585587511.5891776}, "cmdq": 1, "read": {"device_start": -1, "device_end": -1}}, "FFC_sans_bias65": {"write": {"device_start": 1585587511.5877795, "host_queued_start": 1585587577.010044, "device_queued": 1585587511.583286, "device_end": 1585587511.587811, "host_queued_end": 1585587577.023572}, "device": "gpu", "nd_range": {"device_start": 1585587511.5878143, "device_end": 1585587511.5897646}, "cmdq": 2, "read": {"device_start": -1, "device_end": -1}}, "FFC_sans_bias67": {"write": {"device_start": -1, "host_queued_start": 1585587577.01461, "device_queued": -1, "device_end": -1, "host_queued_end": 1585587577.023572}, "device": "gpu", "nd_range": {"device_start": 1585587511.5909016, "device_end": 1585587511.5929852}, "cmdq": 1, "read": {"device_start": -1, "device_end": -1}}, "FFC_sans_bias24": {"write": {"device_start": -1, "host_queued_start": 1585587577.041581, "device_queued": -1, "device_end": -1, "host_queued_end": 1585587577.044888}, "device": "cpu", "nd_range": {"device_start": 2255351.296888355, "device_end": 2255351.301637878}, "cmdq": 0, "read": {"device_start": -1, "device_end": -1}}, "FFC_sans_bias25": {"write": {"device_start": -1, "host_queued_start": 1585587577.044843, "device_queued": -1, "device_end": -1, "host_queued_end": 1585587577.044888}, "device": "cpu", "nd_range": {"device_start": 2255351.31104971, "device_end": 2255351.3149739914}, "cmdq": 0, "read": {"device_start": -1, "device_end": -1}}, "FFC_sans_bias27": {"write": {"device_start": 1585587511.5820355, "host_queued_start": 1585587576.993602, "device_queued": 1585587511.581877, "device_end": 1585587511.582113, "host_queued_end": 1585587577.023572}, "device": "gpu", "nd_range": {"device_start": 1585587511.5822906, "device_end": 1585587511.5829}, "cmdq": 1, "read": {"device_start": -1, "device_end": -1}}, "FFC_sans_bias20": {"write": {"device_start": -1, "host_queued_start": 1585587577.037248, "device_queued": -1, "device_end": -1, "host_queued_end": 1585587577.044888}, "device": "cpu", "nd_range": {"device_start": 2255351.2692981632, "device_end": 2255351.273904658}, "cmdq": 0, "read": {"device_start": -1, "device_end": -1}}, "FFC_sans_bias22": {"write": {"device_start": -1, "host_queued_start": 1585587577.039622, "device_queued": -1, "device_end": -1, "host_queued_end": 1585587577.044888}, "device": "cpu", "nd_range": {"device_start": 2255351.2836909853, "device_end": 2255351.288109227}, "cmdq": 0, "read": {"device_start": -1, "device_end": -1}}, "softmax68": {"write": {"device_start": -1, "host_queued_start": 1585587577.015968, "device_queued": -1, "device_end": -1, "host_queued_end": 1585587577.023572}, "device": "gpu", "nd_range": {"device_start": 1585587511.5931387, "device_end": 1585587511.593506}, "cmdq": 2, "read": {"device_start": -1, "device_end": -1}}, "softmax5": {"write": {"device_start": -1, "host_queued_start": 1585587577.03994, "device_queued": -1, "device_end": -1, "host_queued_end": 1585587577.044888}, "device": "cpu", "nd_range": {"device_start": 2255351.288114521, "device_end": 2255351.2882143483}, "cmdq": 0, "read": {"device_start": -1, "device_end": -1}}, "FFC_sans_bias28": {"write": {"device_start": 1585587511.5821257, "host_queued_start": 1585587576.994697, "device_queued": 1585587511.5819042, "device_end": 1585587511.5821958, "host_queued_end": 1585587577.023572}, "device": "gpu", "nd_range": {"device_start": 1585587511.5822952, "device_end": 1585587511.583302}, "cmdq": 2, "read": {"device_start": -1, "device_end": -1}}, "FFC_sans_bias29": {"write": {"device_start": 1585587511.5822098, "host_queued_start": 1585587576.995784, "device_queued": 1585587511.5819323, "device_end": 1585587511.5822532, "host_queued_end": 1585587577.023572}, "device": "gpu", "nd_range": {"device_start": 1585587511.582305, "device_end": 1585587511.584}, "cmdq": 3, "read": {"device_start": -1, "device_end": -1}}, "empty17": {"write": {"device_start": -1, "host_queued_start": 1585587577.026392, "device_queued": -1, "device_end": -1, "host_queued_end": 1585587577.044888}, "device": "cpu", "nd_range": {"device_start": 2255351.234488424, "device_end": 2255351.234489528}, "cmdq": 0, "read": {"device_start": -1, "device_end": -1}}, "softmax59": {"write": {"device_start": -1, "host_queued_start": 1585587577.015702, "device_queued": -1, "device_end": -1, "host_queued_end": 1585587577.023572}, "device": "gpu", "nd_range": {"device_start": 1585587511.5929937, "device_end": 1585587511.593244}, "cmdq": 1, "read": {"device_start": -1, "device_end": -1}}, "empty71": {"write": {"device_start": 1585587511.5819342, "host_queued_start": 1585587576.992638, "device_queued": 1585587511.5818136, "device_end": 1585587511.582033, "host_queued_end": 1585587577.023572}, "device": "gpu", "nd_range": {"device_start": 1585587511.582099, "device_end": 1585587511.5821157}, "cmdq": 0, "read": {"device_start": -1, "device_end": -1}}, "empty35": {"write": {"device_start": 1585587511.5814133, "host_queued_start": 1585587576.988991, "device_queued": 1585587511.5812516, "device_end": 1585587511.5814521, "host_queued_end": 1585587577.023572}, "device": "gpu", "nd_range": {"device_start": 1585587511.5815046, "device_end": 1585587511.5815103}, "cmdq": 0, "read": {"device_start": -1, "device_end": -1}}, "empty53": {"write": {"device_start": 1585587511.5816202, "host_queued_start": 1585587576.990961, "device_queued": 1585587511.5814714, "device_end": 1585587511.5816736, "host_queued_end": 1585587577.023572}, "device": "gpu", "nd_range": {"device_start": 1585587511.5816774, "device_end": 1585587511.581682}, "cmdq": 2, "read": {"device_start": -1, "device_end": -1}}, "FFC_sans_bias46": {"write": {"device_start": 1585587511.5844862, "host_queued_start": 1585587577.001236, "device_queued": 1585587511.5827224, "device_end": 1585587511.584512, "host_queued_end": 1585587577.023572}, "device": "gpu", "nd_range": {"device_start": 1585587511.5845156, "device_end": 1585587511.5865877}, "cmdq": 0, "read": {"device_start": -1, "device_end": -1}}, "coalesced_transpose66": {"write": {"device_start": -1, "host_queued_start": 1585587577.012874, "device_queued": -1, "device_end": -1, "host_queued_end": 1585587577.023572}, "device": "gpu", "nd_range": {"device_start": 1585587511.5901794, "device_end": 1585587511.590234}, "cmdq": 0, "read": {"device_start": -1, "device_end": -1}}, "coalesced_transpose48": {"write": {"device_start": -1, "host_queued_start": 1585587577.012223, "device_queued": -1, "device_end": -1, "host_queued_end": 1585587577.023572}, "device": "gpu", "nd_range": {"device_start": 1585587511.589771, "device_end": 1585587511.5902123}, "cmdq": 2, "read": {"device_start": -1, "device_end": -1}}}