{"FFC_sans_bias60": {"write": {"device_start": -1, "host_queued_start": 1585587359.742599, "device_queued": -1, "device_end": -1, "host_queued_end": 1585587359.745083}, "device": "gpu", "nd_range": {"device_start": 1585587294.3127182, "device_end": 1585587294.3133292}, "cmdq": 0, "read": {"device_start": -1, "device_end": -1}}, "FFC_sans_bias4": {"write": {"device_start": -1, "host_queued_start": 1585587359.77238, "device_queued": -1, "device_end": -1, "host_queued_end": 1585587359.783932}, "device": "cpu", "nd_range": {"device_start": 2255134.0449425452, "device_end": 2255134.056354904}, "cmdq": 0, "read": {"device_start": -1, "device_end": -1}}, "FFC_sans_bias7": {"write": {"device_start": -1, "host_queued_start": 1585587359.778907, "device_queued": -1, "device_end": -1, "host_queued_end": 1585587359.783932}, "device": "cpu", "nd_range": {"device_start": 2255134.110872461, "device_end": 2255134.120530703}, "cmdq": 0, "read": {"device_start": -1, "device_end": -1}}, "FFC_sans_bias6": {"write": {"device_start": -1, "host_queued_start": 1585587359.776104, "device_queued": -1, "device_end": -1, "host_queued_end": 1585587359.783932}, "device": "cpu", "nd_range": {"device_start": 2255134.079233015, "device_end": 2255134.0885513443}, "cmdq": 0, "read": {"device_start": -1, "device_end": -1}}, "FFC_sans_bias1": {"write": {"device_start": -1, "host_queued_start": 1585587359.753093, "device_queued": -1, "device_end": -1, "host_queued_end": 1585587359.783932}, "device": "cpu", "nd_range": {"device_start": 2255133.973575809, "device_end": 2255133.9824044732}, "cmdq": 1, "read": {"device_start": -1, "device_end": -1}}, "FFC_sans_bias0": {"write": {"device_start": -1, "host_queued_start": 1585587359.752017, "device_queued": -1, "device_end": -1, "host_queued_end": 1585587359.783932}, "device": "cpu", "nd_range": {"device_start": 2255133.9735770053, "device_end": 2255133.9814148312}, "cmdq": 0, "read": {"device_start": -1, "device_end": -1}}, "FFC_sans_bias2": {"write": {"device_start": -1, "host_queued_start": 1585587359.75414, "device_queued": -1, "device_end": -1, "host_queued_end": 1585587359.783932}, "device": "cpu", "nd_range": {"device_start": 2255133.981425826, "device_end": 2255133.988066791}, "cmdq": 0, "read": {"device_start": -1, "device_end": -1}}, "FFC_sans_bias61": {"write": {"device_start": 1585587294.3134542, "host_queued_start": 1585587359.743943, "device_queued": 1585587294.309657, "device_end": 1585587294.3134851, "host_queued_end": 1585587359.745083}, "device": "gpu", "nd_range": {"device_start": 1585587294.313489, "device_end": 1585587294.3143013}, "cmdq": 0, "read": {"device_start": 1585587294.314308, "device_end": 1585587294.3143308}}, "FFC_sans_bias52": {"write": {"device_start": -1, "host_queued_start": 1585587359.783888, "device_queued": -1, "device_end": -1, "host_queued_end": 1585587359.783932}, "device": "cpu", "nd_range": {"device_start": 2255134.15374406, "device_end": 2255134.164024109}, "cmdq": 1, "read": {"device_start": -1, "device_end": -1}}, "FFC_sans_bias9": {"write": {"device_start": -1, "host_queued_start": 1585587359.755209, "device_queued": -1, "device_end": -1, "host_queued_end": 1585587359.783932}, "device": "cpu", "nd_range": {"device_start": 2255133.982514054, "device_end": 2255133.990405263}, "cmdq": 1, "read": {"device_start": -1, "device_end": -1}}, "coalesced_transpose39": {"write": {"device_start": -1, "host_queued_start": 1585587359.77162, "device_queued": -1, "device_end": -1, "host_queued_end": 1585587359.783932}, "device": "cpu", "nd_range": {"device_start": 2255134.044608016, "device_end": 2255134.044811257}, "cmdq": 0, "read": {"device_start": -1, "device_end": -1}}, "FFC_sans_bias55": {"write": {"device_start": 1585587294.309437, "host_queued_start": 1585587359.737165, "device_queued": 1585587294.308764, "device_end": 1585587294.309462, "host_queued_end": 1585587359.745083}, "device": "gpu", "nd_range": {"device_start": 1585587294.3094652, "device_end": 1585587294.3102875}, "cmdq": 0, "read": {"device_start": -1, "device_end": -1}}, "FFC_sans_bias54": {"write": {"device_start": 1585587294.3088136, "host_queued_start": 1585587359.736127, "device_queued": 1585587294.3087094, "device_end": 1585587294.3088446, "host_queued_end": 1585587359.745083}, "device": "gpu", "nd_range": {"device_start": 1585587294.308848, "device_end": 1585587294.3097177}, "cmdq": 1, "read": {"device_start": -1, "device_end": -1}}, "FFC_sans_bias56": {"write": {"device_start": 1585587294.3086684, "host_queued_start": 1585587359.735082, "device_queued": 1585587294.308485, "device_end": 1585587294.3086987, "host_queued_end": 1585587359.745083}, "device": "gpu", "nd_range": {"device_start": 1585587294.3087103, "device_end": 1585587294.3093147}, "cmdq": 0, "read": {"device_start": -1, "device_end": -1}}, "FFC_sans_bias51": {"write": {"device_start": -1, "host_queued_start": 1585587359.777849, "device_queued": -1, "device_end": -1, "host_queued_end": 1585587359.783932}, "device": "cpu", "nd_range": {"device_start": 2255134.116051109, "device_end": 2255134.1289813933}, "cmdq": 1, "read": {"device_start": -1, "device_end": -1}}, "softmax23": {"write": {"device_start": -1, "host_queued_start": 1585587359.774934, "device_queued": -1, "device_end": -1, "host_queued_end": 1585587359.783932}, "device": "cpu", "nd_range": {"device_start": 2255134.0786137283, "device_end": 2255134.0788194113}, "cmdq": 0, "read": {"device_start": -1, "device_end": -1}}, "FFC_sans_bias37": {"write": {"device_start": -1, "host_queued_start": 1585587359.76574, "device_queued": -1, "device_end": -1, "host_queued_end": 1585587359.783932}, "device": "cpu", "nd_range": {"device_start": 2255134.035649721, "device_end": 2255134.0446007294}, "cmdq": 1, "read": {"device_start": -1, "device_end": -1}}, "empty62": {"write": {"device_start": 1585587294.3084297, "host_queued_start": 1585587359.732977, "device_queued": 1585587294.3082938, "device_end": 1585587294.308488, "host_queued_end": 1585587359.745083}, "device": "gpu", "nd_range": {"device_start": 1585587294.3084922, "device_end": 1585587294.308499}, "cmdq": 0, "read": {"device_start": -1, "device_end": -1}}, "FFC_sans_bias70": {"write": {"device_start": 1585587294.3138506, "host_queued_start": 1585587359.744986, "device_queued": 1585587294.3098607, "device_end": 1585587294.3138814, "host_queued_end": 1585587359.745083}, "device": "gpu", "nd_range": {"device_start": 1585587294.313884, "device_end": 1585587294.3147314}, "cmdq": 1, "read": {"device_start": 1585587294.3147345, "device_end": 1585587294.314758}}, "FFC_sans_bias58": {"write": {"device_start": -1, "host_queued_start": 1585587359.741441, "device_queued": -1, "device_end": -1, "host_queued_end": 1585587359.745083}, "device": "gpu", "nd_range": {"device_start": 1585587294.3115706, "device_end": 1585587294.3122032}, "cmdq": 0, "read": {"device_start": -1, "device_end": -1}}, "softmax41": {"write": {"device_start": -1, "host_queued_start": 1585587359.775478, "device_queued": -1, "device_end": -1, "host_queued_end": 1585587359.783932}, "device": "cpu", "nd_range": {"device_start": 2255134.07892634, "device_end": 2255134.079132248}, "cmdq": 0, "read": {"device_start": -1, "device_end": -1}}, "FFC_sans_bias11": {"write": {"device_start": -1, "host_queued_start": 1585587359.757307, "device_queued": -1, "device_end": -1, "host_queued_end": 1585587359.783932}, "device": "cpu", "nd_range": {"device_start": 2255133.994854016, "device_end": 2255134.01055186}, "cmdq": 1, "read": {"device_start": -1, "device_end": -1}}, "FFC_sans_bias10": {"write": {"device_start": -1, "host_queued_start": 1585587359.756259, "device_queued": -1, "device_end": -1, "host_queued_end": 1585587359.783932}, "device": "cpu", "nd_range": {"device_start": 2255133.9881939404, "device_end": 2255133.994299335}, "cmdq": 0, "read": {"device_start": -1, "device_end": -1}}, "coalesced_transpose3": {"write": {"device_start": -1, "host_queued_start": 1585587359.770273, "device_queued": -1, "device_end": -1, "host_queued_end": 1585587359.783932}, "device": "cpu", "nd_range": {"device_start": 2255134.0395930693, "device_end": 2255134.039852188}, "cmdq": 0, "read": {"device_start": -1, "device_end": -1}}, "FFC_sans_bias34": {"write": {"device_start": -1, "host_queued_start": 1585587359.781899, "device_queued": -1, "device_end": -1, "host_queued_end": 1585587359.783932}, "device": "cpu", "nd_range": {"device_start": 2255134.143674112, "device_end": 2255134.153737322}, "cmdq": 1, "read": {"device_start": -1, "device_end": -1}}, "FFC_sans_bias15": {"write": {"device_start": -1, "host_queued_start": 1585587359.776468, "device_queued": -1, "device_end": -1, "host_queued_end": 1585587359.783932}, "device": "cpu", "nd_range": {"device_start": 2255134.0976122064, "device_end": 2255134.105725728}, "cmdq": 1, "read": {"device_start": -1, "device_end": -1}}, "FFC_sans_bias31": {"write": {"device_start": -1, "host_queued_start": 1585587359.773418, "device_queued": -1, "device_end": -1, "host_queued_end": 1585587359.783932}, "device": "cpu", "nd_range": {"device_start": 2255134.075274648, "device_end": 2255134.084378395}, "cmdq": 1, "read": {"device_start": -1, "device_end": -1}}, "FFC_sans_bias16": {"write": {"device_start": -1, "host_queued_start": 1585587359.779895, "device_queued": -1, "device_end": -1, "host_queued_end": 1585587359.783932}, "device": "cpu", "nd_range": {"device_start": 2255134.128987398, "device_end": 2255134.137663904}, "cmdq": 1, "read": {"device_start": -1, "device_end": -1}}, "FFC_sans_bias19": {"write": {"device_start": -1, "host_queued_start": 1585587359.759412, "device_queued": -1, "device_end": -1, "host_queued_end": 1585587359.783932}, "device": "cpu", "nd_range": {"device_start": 2255134.010672448, "device_end": 2255134.016443535}, "cmdq": 1, "read": {"device_start": -1, "device_end": -1}}, "FFC_sans_bias18": {"write": {"device_start": -1, "host_queued_start": 1585587359.758347, "device_queued": -1, "device_end": -1, "host_queued_end": 1585587359.783932}, "device": "cpu", "nd_range": {"device_start": 2255133.994323798, "device_end": 2255134.0000673123}, "cmdq": 0, "read": {"device_start": -1, "device_end": -1}}, "coalesced_transpose30": {"write": {"device_start": -1, "host_queued_start": 1585587359.771289, "device_queued": -1, "device_end": -1, "host_queued_end": 1585587359.783932}, "device": "cpu", "nd_range": {"device_start": 2255134.063856877, "device_end": 2255134.0641119704}, "cmdq": 1, "read": {"device_start": -1, "device_end": -1}}, "FFC_sans_bias69": {"write": {"device_start": -1, "host_queued_start": 1585587359.742934, "device_queued": -1, "device_end": -1, "host_queued_end": 1585587359.745083}, "device": "gpu", "nd_range": {"device_start": 1585587294.3130136, "device_end": 1585587294.3137386}, "cmdq": 1, "read": {"device_start": -1, "device_end": -1}}, "FFC_sans_bias38": {"write": {"device_start": -1, "host_queued_start": 1585587359.766813, "device_queued": -1, "device_end": -1, "host_queued_end": 1585587359.783932}, "device": "cpu", "nd_range": {"device_start": 2255134.023703585, "device_end": 2255134.031592568}, "cmdq": 0, "read": {"device_start": -1, "device_end": -1}}, "coalesced_transpose57": {"write": {"device_start": -1, "host_queued_start": 1585587359.740666, "device_queued": -1, "device_end": -1, "host_queued_end": 1585587359.745083}, "device": "gpu", "nd_range": {"device_start": 1585587294.3112679, "device_end": 1585587294.3115695}, "cmdq": 0, "read": {"device_start": -1, "device_end": -1}}, "empty26": {"write": {"device_start": -1, "host_queued_start": 1585587359.748481, "device_queued": -1, "device_end": -1, "host_queued_end": 1585587359.783932}, "device": "cpu", "nd_range": {"device_start": 2255133.97356286, "device_end": 2255133.973563671}, "cmdq": 0, "read": {"device_start": -1, "device_end": -1}}, "coalesced_transpose12": {"write": {"device_start": -1, "host_queued_start": 1585587359.770633, "device_queued": -1, "device_end": -1, "host_queued_end": 1585587359.783932}, "device": "cpu", "nd_range": {"device_start": 2255134.0634918273, "device_end": 2255134.063744653}, "cmdq": 1, "read": {"device_start": -1, "device_end": -1}}, "empty44": {"write": {"device_start": -1, "host_queued_start": 1585587359.750093, "device_queued": -1, "device_end": -1, "host_queued_end": 1585587359.783932}, "device": "cpu", "nd_range": {"device_start": 2255133.9735708153, "device_end": 2255133.97357183}, "cmdq": 0, "read": {"device_start": -1, "device_end": -1}}, "coalesced_transpose21": {"write": {"device_start": -1, "host_queued_start": 1585587359.770961, "device_queued": -1, "device_end": -1, "host_queued_end": 1585587359.783932}, "device": "cpu", "nd_range": {"device_start": 2255134.039969679, "device_end": 2255134.040229854}, "cmdq": 0, "read": {"device_start": -1, "device_end": -1}}, "FFC_sans_bias36": {"write": {"device_start": -1, "host_queued_start": 1585587359.764685, "device_queued": -1, "device_end": -1, "host_queued_end": 1585587359.783932}, "device": "cpu", "nd_range": {"device_start": 2255134.015000552, "device_end": 2255134.023588587}, "cmdq": 0, "read": {"device_start": -1, "device_end": -1}}, "softmax14": {"write": {"device_start": -1, "host_queued_start": 1585587359.774659, "device_queued": -1, "device_end": -1, "host_queued_end": 1585587359.783932}, "device": "cpu", "nd_range": {"device_start": 2255134.096958909, "device_end": 2255134.097181646}, "cmdq": 1, "read": {"device_start": -1, "device_end": -1}}, "FFC_sans_bias13": {"write": {"device_start": -1, "host_queued_start": 1585587359.77273, "device_queued": -1, "device_end": -1, "host_queued_end": 1585587359.783932}, "device": "cpu", "nd_range": {"device_start": 2255134.064575361, "device_end": 2255134.075162373}, "cmdq": 1, "read": {"device_start": -1, "device_end": -1}}, "empty8": {"write": {"device_start": -1, "host_queued_start": 1585587359.746397, "device_queued": -1, "device_end": -1, "host_queued_end": 1585587359.783932}, "device": "cpu", "nd_range": {"device_start": 2255133.973530829, "device_end": 2255133.973542335}, "cmdq": 0, "read": {"device_start": -1, "device_end": -1}}, "FFC_sans_bias42": {"write": {"device_start": -1, "host_queued_start": 1585587359.777509, "device_queued": -1, "device_end": -1, "host_queued_end": 1585587359.783932}, "device": "cpu", "nd_range": {"device_start": 2255134.099233041, "device_end": 2255134.110765324}, "cmdq": 0, "read": {"device_start": -1, "device_end": -1}}, "FFC_sans_bias43": {"write": {"device_start": -1, "host_queued_start": 1585587359.782896, "device_queued": -1, "device_end": -1, "host_queued_end": 1585587359.783932}, "device": "cpu", "nd_range": {"device_start": 2255134.130205266, "device_end": 2255134.140151855}, "cmdq": 0, "read": {"device_start": -1, "device_end": -1}}, "FFC_sans_bias40": {"write": {"device_start": -1, "host_queued_start": 1585587359.773756, "device_queued": -1, "device_end": -1, "host_queued_end": 1585587359.783932}, "device": "cpu", "nd_range": {"device_start": 2255134.0668703993, "device_end": 2255134.078160144}, "cmdq": 0, "read": {"device_start": -1, "device_end": -1}}, "softmax32": {"write": {"device_start": -1, "host_queued_start": 1585587359.775206, "device_queued": -1, "device_end": -1, "host_queued_end": 1585587359.783932}, "device": "cpu", "nd_range": {"device_start": 2255134.097188401, "device_end": 2255134.097395976}, "cmdq": 1, "read": {"device_start": -1, "device_end": -1}}, "FFC_sans_bias47": {"write": {"device_start": -1, "host_queued_start": 1585587359.769944, "device_queued": -1, "device_end": -1, "host_queued_end": 1585587359.783932}, "device": "cpu", "nd_range": {"device_start": 2255134.053855312, "device_end": 2255134.0633813883}, "cmdq": 1, "read": {"device_start": -1, "device_end": -1}}, "FFC_sans_bias45": {"write": {"device_start": -1, "host_queued_start": 1585587359.767851, "device_queued": -1, "device_end": -1, "host_queued_end": 1585587359.783932}, "device": "cpu", "nd_range": {"device_start": 2255134.044609338, "device_end": 2255134.053733943}, "cmdq": 1, "read": {"device_start": -1, "device_end": -1}}, "softmax50": {"write": {"device_start": -1, "host_queued_start": 1585587359.775748, "device_queued": -1, "device_end": -1, "host_queued_end": 1585587359.783932}, "device": "cpu", "nd_range": {"device_start": 2255134.097400668, "device_end": 2255134.0976051684}, "cmdq": 1, "read": {"device_start": -1, "device_end": -1}}, "FFC_sans_bias33": {"write": {"device_start": -1, "host_queued_start": 1585587359.777165, "device_queued": -1, "device_end": -1, "host_queued_end": 1585587359.783932}, "device": "cpu", "nd_range": {"device_start": 2255134.10573185, "device_end": 2255134.116045475}, "cmdq": 1, "read": {"device_start": -1, "device_end": -1}}, "FFC_sans_bias63": {"write": {"device_start": 1585587294.310853, "host_queued_start": 1585587359.740327, "device_queued": 1585587294.3091183, "device_end": 1585587294.3108845, "host_queued_end": 1585587359.745083}, "device": "gpu", "nd_range": {"device_start": 1585587294.3108878, "device_end": 1585587294.3117113}, "cmdq": 1, "read": {"device_start": -1, "device_end": -1}}, "FFC_sans_bias49": {"write": {"device_start": -1, "host_queued_start": 1585587359.774098, "device_queued": -1, "device_end": -1, "host_queued_end": 1585587359.783932}, "device": "cpu", "nd_range": {"device_start": 2255134.084489615, "device_end": 2255134.0969515243}, "cmdq": 1, "read": {"device_start": -1, "device_end": -1}}, "FFC_sans_bias64": {"write": {"device_start": 1585587294.3098602, "host_queued_start": 1585587359.738204, "device_queued": 1585587294.308924, "device_end": 1585587294.309892, "host_queued_end": 1585587359.745083}, "device": "gpu", "nd_range": {"device_start": 1585587294.3098958, "device_end": 1585587294.3107162}, "cmdq": 1, "read": {"device_start": -1, "device_end": -1}}, "FFC_sans_bias65": {"write": {"device_start": 1585587294.310413, "host_queued_start": 1585587359.73928, "device_queued": 1585587294.3089774, "device_end": 1585587294.3104453, "host_queued_end": 1585587359.745083}, "device": "gpu", "nd_range": {"device_start": 1585587294.3104498, "device_end": 1585587294.3112667}, "cmdq": 0, "read": {"device_start": -1, "device_end": -1}}, "FFC_sans_bias67": {"write": {"device_start": -1, "host_queued_start": 1585587359.741762, "device_queued": -1, "device_end": -1, "host_queued_end": 1585587359.745083}, "device": "gpu", "nd_range": {"device_start": 1585587294.3120697, "device_end": 1585587294.3126726}, "cmdq": 1, "read": {"device_start": -1, "device_end": -1}}, "FFC_sans_bias24": {"write": {"device_start": -1, "host_queued_start": 1585587359.776826, "device_queued": -1, "device_end": -1, "host_queued_end": 1585587359.783932}, "device": "cpu", "nd_range": {"device_start": 2255134.0886634192, "device_end": 2255134.099131123}, "cmdq": 0, "read": {"device_start": -1, "device_end": -1}}, "FFC_sans_bias25": {"write": {"device_start": -1, "host_queued_start": 1585587359.780906, "device_queued": -1, "device_end": -1, "host_queued_end": 1585587359.783932}, "device": "cpu", "nd_range": {"device_start": 2255134.120541845, "device_end": 2255134.1302000633}, "cmdq": 0, "read": {"device_start": -1, "device_end": -1}}, "FFC_sans_bias27": {"write": {"device_start": -1, "host_queued_start": 1585587359.761527, "device_queued": -1, "device_end": -1, "host_queued_end": 1585587359.783932}, "device": "cpu", "nd_range": {"device_start": 2255134.016455191, "device_end": 2255134.029384232}, "cmdq": 1, "read": {"device_start": -1, "device_end": -1}}, "FFC_sans_bias20": {"write": {"device_start": -1, "host_queued_start": 1585587359.760483, "device_queued": -1, "device_end": -1, "host_queued_end": 1585587359.783932}, "device": "cpu", "nd_range": {"device_start": 2255134.000185924, "device_end": 2255134.007090349}, "cmdq": 0, "read": {"device_start": -1, "device_end": -1}}, "FFC_sans_bias22": {"write": {"device_start": -1, "host_queued_start": 1585587359.773077, "device_queued": -1, "device_end": -1, "host_queued_end": 1585587359.783932}, "device": "cpu", "nd_range": {"device_start": 2255134.056477671, "device_end": 2255134.066754123}, "cmdq": 0, "read": {"device_start": -1, "device_end": -1}}, "softmax68": {"write": {"device_start": -1, "host_queued_start": 1585587359.742266, "device_queued": -1, "device_end": -1, "host_queued_end": 1585587359.745083}, "device": "gpu", "nd_range": {"device_start": 1585587294.3126738, "device_end": 1585587294.3130126}, "cmdq": 1, "read": {"device_start": -1, "device_end": -1}}, "softmax5": {"write": {"device_start": -1, "host_queued_start": 1585587359.774378, "device_queued": -1, "device_end": -1, "host_queued_end": 1585587359.783932}, "device": "cpu", "nd_range": {"device_start": 2255134.078272858, "device_end": 2255134.078500919}, "cmdq": 0, "read": {"device_start": -1, "device_end": -1}}, "FFC_sans_bias28": {"write": {"device_start": -1, "host_queued_start": 1585587359.762567, "device_queued": -1, "device_end": -1, "host_queued_end": 1585587359.783932}, "device": "cpu", "nd_range": {"device_start": 2255134.0070968033, "device_end": 2255134.0148750353}, "cmdq": 0, "read": {"device_start": -1, "device_end": -1}}, "FFC_sans_bias29": {"write": {"device_start": -1, "host_queued_start": 1585587359.763647, "device_queued": -1, "device_end": -1, "host_queued_end": 1585587359.783932}, "device": "cpu", "nd_range": {"device_start": 2255134.029390561, "device_end": 2255134.035643619}, "cmdq": 1, "read": {"device_start": -1, "device_end": -1}}, "empty17": {"write": {"device_start": -1, "host_queued_start": 1585587359.747486, "device_queued": -1, "device_end": -1, "host_queued_end": 1585587359.783932}, "device": "cpu", "nd_range": {"device_start": 2255133.9735291013, "device_end": 2255133.9735423513}, "cmdq": 1, "read": {"device_start": -1, "device_end": -1}}, "softmax59": {"write": {"device_start": -1, "host_queued_start": 1585587359.742018, "device_queued": -1, "device_end": -1, "host_queued_end": 1585587359.745083}, "device": "gpu", "nd_range": {"device_start": 1585587294.3122041, "device_end": 1585587294.3127167}, "cmdq": 0, "read": {"device_start": -1, "device_end": -1}}, "empty71": {"write": {"device_start": 1585587294.3085678, "host_queued_start": 1585587359.734012, "device_queued": 1585587294.3084102, "device_end": 1585587294.3086398, "host_queued_end": 1585587359.745083}, "device": "gpu", "nd_range": {"device_start": 1585587294.3086433, "device_end": 1585587294.3086479}, "cmdq": 1, "read": {"device_start": -1, "device_end": -1}}, "empty35": {"write": {"device_start": -1, "host_queued_start": 1585587359.749284, "device_queued": -1, "device_end": -1, "host_queued_end": 1585587359.783932}, "device": "cpu", "nd_range": {"device_start": 2255133.973562815, "device_end": 2255133.973564012}, "cmdq": 1, "read": {"device_start": -1, "device_end": -1}}, "empty53": {"write": {"device_start": -1, "host_queued_start": 1585587359.750979, "device_queued": -1, "device_end": -1, "host_queued_end": 1585587359.783932}, "device": "cpu", "nd_range": {"device_start": 2255133.973570085, "device_end": 2255133.9735708483}, "cmdq": 1, "read": {"device_start": -1, "device_end": -1}}, "FFC_sans_bias46": {"write": {"device_start": -1, "host_queued_start": 1585587359.768891, "device_queued": -1, "device_end": -1, "host_queued_end": 1585587359.783932}, "device": "cpu", "nd_range": {"device_start": 2255134.031705974, "device_end": 2255134.0394668253}, "cmdq": 0, "read": {"device_start": -1, "device_end": -1}}, "coalesced_transpose66": {"write": {"device_start": -1, "host_queued_start": 1585587359.740964, "device_queued": -1, "device_end": -1, "host_queued_end": 1585587359.745083}, "device": "gpu", "nd_range": {"device_start": 1585587294.3117123, "device_end": 1585587294.3120685}, "cmdq": 1, "read": {"device_start": -1, "device_end": -1}}, "coalesced_transpose48": {"write": {"device_start": -1, "host_queued_start": 1585587359.771943, "device_queued": -1, "device_end": -1, "host_queued_end": 1585587359.783932}, "device": "cpu", "nd_range": {"device_start": 2255134.064220669, "device_end": 2255134.064465635}, "cmdq": 1, "read": {"device_start": -1, "device_end": -1}}}