{"FFC_sans_bias60": {"write": {"device_start": -1, "host_queued_start": 1585587604.862699, "device_queued": -1, "device_end": -1, "host_queued_end": 1585587604.867327}, "device": "gpu", "nd_range": {"device_start": 1585587539.4327796, "device_end": 1585587539.4340851}, "cmdq": 2, "read": {"device_start": -1, "device_end": -1}}, "FFC_sans_bias4": {"write": {"device_start": -1, "host_queued_start": 1585587604.886873, "device_queued": -1, "device_end": -1, "host_queued_end": 1585587604.894519}, "device": "cpu", "nd_range": {"device_start": 2255379.134387922, "device_end": 2255379.140944965}, "cmdq": 0, "read": {"device_start": -1, "device_end": -1}}, "FFC_sans_bias7": {"write": {"device_start": -1, "host_queued_start": 1585587604.8915, "device_queued": -1, "device_end": -1, "host_queued_end": 1585587604.894519}, "device": "cpu", "nd_range": {"device_start": 2255379.1697253874, "device_end": 2255379.179216662}, "cmdq": 0, "read": {"device_start": -1, "device_end": -1}}, "FFC_sans_bias6": {"write": {"device_start": -1, "host_queued_start": 1585587604.889364, "device_queued": -1, "device_end": -1, "host_queued_end": 1585587604.894519}, "device": "cpu", "nd_range": {"device_start": 2255379.149142999, "device_end": 2255379.160991546}, "cmdq": 0, "read": {"device_start": -1, "device_end": -1}}, "FFC_sans_bias1": {"write": {"device_start": -1, "host_queued_start": 1585587604.874021, "device_queued": -1, "device_end": -1, "host_queued_end": 1585587604.894519}, "device": "cpu", "nd_range": {"device_start": 2255379.084157505, "device_end": 2255379.0922188833}, "cmdq": 1, "read": {"device_start": -1, "device_end": -1}}, "FFC_sans_bias0": {"write": {"device_start": -1, "host_queued_start": 1585587604.872966, "device_queued": -1, "device_end": -1, "host_queued_end": 1585587604.894519}, "device": "cpu", "nd_range": {"device_start": 2255379.084176525, "device_end": 2255379.092219401}, "cmdq": 0, "read": {"device_start": -1, "device_end": -1}}, "FFC_sans_bias2": {"write": {"device_start": -1, "host_queued_start": 1585587604.8751, "device_queued": -1, "device_end": -1, "host_queued_end": 1585587604.894519}, "device": "cpu", "nd_range": {"device_start": 2255379.092237873, "device_end": 2255379.099863653}, "cmdq": 0, "read": {"device_start": -1, "device_end": -1}}, "FFC_sans_bias61": {"write": {"device_start": 1585587539.434192, "host_queued_start": 1585587604.866144, "device_queued": 1585587539.426571, "device_end": 1585587539.4342227, "host_queued_end": 1585587604.867327}, "device": "gpu", "nd_range": {"device_start": 1585587539.434229, "device_end": 1585587539.4360285}, "cmdq": 2, "read": {"device_start": 1585587539.4360328, "device_end": 1585587539.4360552}}, "FFC_sans_bias52": {"write": {"device_start": 1585587539.4332643, "host_queued_start": 1585587604.865078, "device_queued": 1585587539.4265554, "device_end": 1585587539.4332948, "host_queued_end": 1585587604.867327}, "device": "gpu", "nd_range": {"device_start": 1585587539.4332979, "device_end": 1585587539.434522}, "cmdq": 1, "read": {"device_start": 1585587539.4345305, "device_end": 1585587539.4345558}}, "FFC_sans_bias9": {"write": {"device_start": -1, "host_queued_start": 1585587604.876153, "device_queued": -1, "device_end": -1, "host_queued_end": 1585587604.894519}, "device": "cpu", "nd_range": {"device_start": 2255379.092377747, "device_end": 2255379.101270764}, "cmdq": 1, "read": {"device_start": -1, "device_end": -1}}, "coalesced_transpose39": {"write": {"device_start": -1, "host_queued_start": 1585587604.85852, "device_queued": -1, "device_end": -1, "host_queued_end": 1585587604.867327}, "device": "gpu", "nd_range": {"device_start": 1585587539.4292119, "device_end": 1585587539.4305182}, "cmdq": 0, "read": {"device_start": -1, "device_end": -1}}, "FFC_sans_bias55": {"write": {"device_start": 1585587539.4273868, "host_queued_start": 1585587604.855084, "device_queued": 1585587539.4252508, "device_end": 1585587539.4274125, "host_queued_end": 1585587604.867327}, "device": "gpu", "nd_range": {"device_start": 1585587539.4274206, "device_end": 1585587539.4292097}, "cmdq": 0, "read": {"device_start": -1, "device_end": -1}}, "FFC_sans_bias54": {"write": {"device_start": 1585587539.426857, "host_queued_start": 1585587604.854011, "device_queued": 1585587539.4250555, "device_end": 1585587539.4268887, "host_queued_end": 1585587604.867327}, "device": "gpu", "nd_range": {"device_start": 1585587539.4268947, "device_end": 1585587539.428698}, "cmdq": 3, "read": {"device_start": -1, "device_end": -1}}, "FFC_sans_bias56": {"write": {"device_start": 1585587539.426446, "host_queued_start": 1585587604.852973, "device_queued": 1585587539.4249215, "device_end": 1585587539.4264772, "host_queued_end": 1585587604.867327}, "device": "gpu", "nd_range": {"device_start": 1585587539.4264822, "device_end": 1585587539.4282482}, "cmdq": 2, "read": {"device_start": -1, "device_end": -1}}, "FFC_sans_bias51": {"write": {"device_start": -1, "host_queued_start": 1585587604.862354, "device_queued": -1, "device_end": -1, "host_queued_end": 1585587604.867327}, "device": "gpu", "nd_range": {"device_start": 1585587539.432496, "device_end": 1585587539.4331076}, "cmdq": 1, "read": {"device_start": -1, "device_end": -1}}, "softmax23": {"write": {"device_start": -1, "host_queued_start": 1585587604.888755, "device_queued": -1, "device_end": -1, "host_queued_end": 1585587604.894519}, "device": "cpu", "nd_range": {"device_start": 2255379.148650392, "device_end": 2255379.149034426}, "cmdq": 0, "read": {"device_start": -1, "device_end": -1}}, "FFC_sans_bias37": {"write": {"device_start": 1585587539.4247503, "host_queued_start": 1585587604.84755, "device_queued": 1585587539.4244845, "device_end": 1585587539.4248285, "host_queued_end": 1585587604.867327}, "device": "gpu", "nd_range": {"device_start": 1585587539.4248347, "device_end": 1585587539.4257288}, "cmdq": 1, "read": {"device_start": -1, "device_end": -1}}, "empty62": {"write": {"device_start": 1585587539.4244225, "host_queued_start": 1585587604.844579, "device_queued": 1585587539.4241867, "device_end": 1585587539.4244983, "host_queued_end": 1585587604.867327}, "device": "gpu", "nd_range": {"device_start": 1585587539.4245024, "device_end": 1585587539.424508}, "cmdq": 2, "read": {"device_start": -1, "device_end": -1}}, "FFC_sans_bias70": {"write": {"device_start": 1585587539.4356499, "host_queued_start": 1585587604.867227, "device_queued": 1585587539.4266815, "device_end": 1585587539.435683, "host_queued_end": 1585587604.867327}, "device": "gpu", "nd_range": {"device_start": 1585587539.4356856, "device_end": 1585587539.4364471}, "cmdq": 3, "read": {"device_start": 1585587539.4364529, "device_end": 1585587539.4364755}}, "FFC_sans_bias58": {"write": {"device_start": -1, "host_queued_start": 1585587604.860426, "device_queued": -1, "device_end": -1, "host_queued_end": 1585587604.867327}, "device": "gpu", "nd_range": {"device_start": 1585587539.4305363, "device_end": 1585587539.4321141}, "cmdq": 2, "read": {"device_start": -1, "device_end": -1}}, "softmax41": {"write": {"device_start": -1, "host_queued_start": 1585587604.860991, "device_queued": -1, "device_end": -1, "host_queued_end": 1585587604.867327}, "device": "gpu", "nd_range": {"device_start": 1585587539.4311337, "device_end": 1585587539.4325159}, "cmdq": 0, "read": {"device_start": -1, "device_end": -1}}, "FFC_sans_bias11": {"write": {"device_start": -1, "host_queued_start": 1585587604.878522, "device_queued": -1, "device_end": -1, "host_queued_end": 1585587604.894519}, "device": "cpu", "nd_range": {"device_start": 2255379.1013932773, "device_end": 2255379.1092867623}, "cmdq": 1, "read": {"device_start": -1, "device_end": -1}}, "FFC_sans_bias10": {"write": {"device_start": -1, "host_queued_start": 1585587604.877303, "device_queued": -1, "device_end": -1, "host_queued_end": 1585587604.894519}, "device": "cpu", "nd_range": {"device_start": 2255379.099991622, "device_end": 2255379.112196018}, "cmdq": 0, "read": {"device_start": -1, "device_end": -1}}, "coalesced_transpose3": {"write": {"device_start": -1, "host_queued_start": 1585587604.885388, "device_queued": -1, "device_end": -1, "host_queued_end": 1585587604.894519}, "device": "cpu", "nd_range": {"device_start": 2255379.133787197, "device_end": 2255379.134034323}, "cmdq": 0, "read": {"device_start": -1, "device_end": -1}}, "FFC_sans_bias34": {"write": {"device_start": -1, "host_queued_start": 1585587604.894475, "device_queued": -1, "device_end": -1, "host_queued_end": 1585587604.894519}, "device": "cpu", "nd_range": {"device_start": 2255379.1833047234, "device_end": 2255379.196635947}, "cmdq": 1, "read": {"device_start": -1, "device_end": -1}}, "FFC_sans_bias15": {"write": {"device_start": -1, "host_queued_start": 1585587604.889707, "device_queued": -1, "device_end": -1, "host_queued_end": 1585587604.894519}, "device": "cpu", "nd_range": {"device_start": 2255379.160029699, "device_end": 2255379.1671435363}, "cmdq": 1, "read": {"device_start": -1, "device_end": -1}}, "FFC_sans_bias31": {"write": {"device_start": -1, "host_queued_start": 1585587604.887909, "device_queued": -1, "device_end": -1, "host_queued_end": 1585587604.894519}, "device": "cpu", "nd_range": {"device_start": 2255379.150818836, "device_end": 2255379.1595332744}, "cmdq": 1, "read": {"device_start": -1, "device_end": -1}}, "FFC_sans_bias16": {"write": {"device_start": -1, "host_queued_start": 1585587604.892496, "device_queued": -1, "device_end": -1, "host_queued_end": 1585587604.894519}, "device": "cpu", "nd_range": {"device_start": 2255379.176669156, "device_end": 2255379.1833009603}, "cmdq": 1, "read": {"device_start": -1, "device_end": -1}}, "FFC_sans_bias19": {"write": {"device_start": -1, "host_queued_start": 1585587604.880847, "device_queued": -1, "device_end": -1, "host_queued_end": 1585587604.894519}, "device": "cpu", "nd_range": {"device_start": 2255379.109294332, "device_end": 2255379.1150682024}, "cmdq": 1, "read": {"device_start": -1, "device_end": -1}}, "FFC_sans_bias18": {"write": {"device_start": -1, "host_queued_start": 1585587604.879707, "device_queued": -1, "device_end": -1, "host_queued_end": 1585587604.894519}, "device": "cpu", "nd_range": {"device_start": 2255379.112312879, "device_end": 2255379.119476778}, "cmdq": 0, "read": {"device_start": -1, "device_end": -1}}, "coalesced_transpose30": {"write": {"device_start": -1, "host_queued_start": 1585587604.886508, "device_queued": -1, "device_end": -1, "host_queued_end": 1585587604.894519}, "device": "cpu", "nd_range": {"device_start": 2255379.144395497, "device_end": 2255379.144632237}, "cmdq": 1, "read": {"device_start": -1, "device_end": -1}}, "FFC_sans_bias69": {"write": {"device_start": -1, "host_queued_start": 1585587604.863013, "device_queued": -1, "device_end": -1, "host_queued_end": 1585587604.867327}, "device": "gpu", "nd_range": {"device_start": 1585587539.4337614, "device_end": 1585587539.435504}, "cmdq": 3, "read": {"device_start": -1, "device_end": -1}}, "FFC_sans_bias38": {"write": {"device_start": 1585587539.424853, "host_queued_start": 1585587604.848599, "device_queued": 1585587539.4245033, "device_end": 1585587539.42492, "host_queued_end": 1585587604.867327}, "device": "gpu", "nd_range": {"device_start": 1585587539.424928, "device_end": 1585587539.4263132}, "cmdq": 2, "read": {"device_start": -1, "device_end": -1}}, "coalesced_transpose57": {"write": {"device_start": -1, "host_queued_start": 1585587604.859159, "device_queued": -1, "device_end": -1, "host_queued_end": 1585587604.867327}, "device": "gpu", "nd_range": {"device_start": 1585587539.4301584, "device_end": 1585587539.4305353}, "cmdq": 2, "read": {"device_start": -1, "device_end": -1}}, "empty26": {"write": {"device_start": -1, "host_queued_start": 1585587604.870933, "device_queued": -1, "device_end": -1, "host_queued_end": 1585587604.894519}, "device": "cpu", "nd_range": {"device_start": 2255379.08416722, "device_end": 2255379.084168482}, "cmdq": 0, "read": {"device_start": -1, "device_end": -1}}, "coalesced_transpose12": {"write": {"device_start": -1, "host_queued_start": 1585587604.885726, "device_queued": -1, "device_end": -1, "host_queued_end": 1585587604.894519}, "device": "cpu", "nd_range": {"device_start": 2255379.144039193, "device_end": 2255379.144284557}, "cmdq": 1, "read": {"device_start": -1, "device_end": -1}}, "empty44": {"write": {"device_start": 1585587539.4241736, "host_queued_start": 1585587604.842699, "device_queued": 1585587539.4240441, "device_end": 1585587539.424221, "host_queued_end": 1585587604.867327}, "device": "gpu", "nd_range": {"device_start": 1585587539.4242268, "device_end": 1585587539.4242315}, "cmdq": 0, "read": {"device_start": -1, "device_end": -1}}, "coalesced_transpose21": {"write": {"device_start": -1, "host_queued_start": 1585587604.886162, "device_queued": -1, "device_end": -1, "host_queued_end": 1585587604.894519}, "device": "cpu", "nd_range": {"device_start": 2255379.1341447053, "device_end": 2255379.134381127}, "cmdq": 0, "read": {"device_start": -1, "device_end": -1}}, "FFC_sans_bias36": {"write": {"device_start": 1585587539.4246376, "host_queued_start": 1585587604.846454, "device_queued": 1585587539.424415, "device_end": 1585587539.4247086, "host_queued_end": 1585587604.867327}, "device": "gpu", "nd_range": {"device_start": 1585587539.4247186, "device_end": 1585587539.4253275}, "cmdq": 0, "read": {"device_start": -1, "device_end": -1}}, "softmax14": {"write": {"device_start": -1, "host_queued_start": 1585587604.888484, "device_queued": -1, "device_end": -1, "host_queued_end": 1585587604.894519}, "device": "cpu", "nd_range": {"device_start": 2255379.159647446, "device_end": 2255379.159731232}, "cmdq": 1, "read": {"device_start": -1, "device_end": -1}}, "FFC_sans_bias13": {"write": {"device_start": -1, "host_queued_start": 1585587604.887218, "device_queued": -1, "device_end": -1, "host_queued_end": 1585587604.894519}, "device": "cpu", "nd_range": {"device_start": 2255379.14474347, "device_end": 2255379.150708722}, "cmdq": 1, "read": {"device_start": -1, "device_end": -1}}, "empty8": {"write": {"device_start": -1, "host_queued_start": 1585587604.868827, "device_queued": -1, "device_end": -1, "host_queued_end": 1585587604.894519}, "device": "cpu", "nd_range": {"device_start": 2255379.084112659, "device_end": 2255379.084125744}, "cmdq": 0, "read": {"device_start": -1, "device_end": -1}}, "FFC_sans_bias42": {"write": {"device_start": -1, "host_queued_start": 1585587604.862039, "device_queued": -1, "device_end": -1, "host_queued_end": 1585587604.867327}, "device": "gpu", "nd_range": {"device_start": 1585587539.4325173, "device_end": 1585587539.4335368}, "cmdq": 0, "read": {"device_start": -1, "device_end": -1}}, "FFC_sans_bias43": {"write": {"device_start": 1585587539.433663, "host_queued_start": 1585587604.864029, "device_queued": 1585587539.426499, "device_end": 1585587539.4336932, "host_queued_end": 1585587604.867327}, "device": "gpu", "nd_range": {"device_start": 1585587539.4336984, "device_end": 1585587539.435057}, "cmdq": 0, "read": {"device_start": 1585587539.4350617, "device_end": 1585587539.435086}}, "FFC_sans_bias40": {"write": {"device_start": -1, "host_queued_start": 1585587604.859788, "device_queued": -1, "device_end": -1, "host_queued_end": 1585587604.867327}, "device": "gpu", "nd_range": {"device_start": 1585587539.430519, "device_end": 1585587539.4311328}, "cmdq": 0, "read": {"device_start": -1, "device_end": -1}}, "softmax32": {"write": {"device_start": -1, "host_queued_start": 1585587604.889028, "device_queued": -1, "device_end": -1, "host_queued_end": 1585587604.894519}, "device": "cpu", "nd_range": {"device_start": 2255379.159841697, "device_end": 2255379.159920629}, "cmdq": 1, "read": {"device_start": -1, "device_end": -1}}, "FFC_sans_bias47": {"write": {"device_start": 1585587539.4258606, "host_queued_start": 1585587604.851758, "device_queued": 1585587539.4248996, "device_end": 1585587539.425891, "host_queued_end": 1585587604.867327}, "device": "gpu", "nd_range": {"device_start": 1585587539.4258976, "device_end": 1585587539.4277105}, "cmdq": 1, "read": {"device_start": -1, "device_end": -1}}, "FFC_sans_bias45": {"write": {"device_start": 1585587539.4249578, "host_queued_start": 1585587604.849642, "device_queued": 1585587539.424633, "device_end": 1585587539.4249825, "host_queued_end": 1585587604.867327}, "device": "gpu", "nd_range": {"device_start": 1585587539.4249892, "device_end": 1585587539.4267132}, "cmdq": 3, "read": {"device_start": -1, "device_end": -1}}, "softmax50": {"write": {"device_start": -1, "host_queued_start": 1585587604.861241, "device_queued": -1, "device_end": -1, "host_queued_end": 1585587604.867327}, "device": "gpu", "nd_range": {"device_start": 1585587539.4315846, "device_end": 1585587539.4324946}, "cmdq": 1, "read": {"device_start": -1, "device_end": -1}}, "FFC_sans_bias33": {"write": {"device_start": -1, "host_queued_start": 1585587604.890413, "device_queued": -1, "device_end": -1, "host_queued_end": 1585587604.894519}, "device": "cpu", "nd_range": {"device_start": 2255379.1672664983, "device_end": 2255379.17654997}, "cmdq": 1, "read": {"device_start": -1, "device_end": -1}}, "FFC_sans_bias63": {"write": {"device_start": 1585587539.4287999, "host_queued_start": 1585587604.858192, "device_queued": 1585587539.4254835, "device_end": 1585587539.4288306, "host_queued_end": 1585587604.867327}, "device": "gpu", "nd_range": {"device_start": 1585587539.4288368, "device_end": 1585587539.430677}, "cmdq": 3, "read": {"device_start": -1, "device_end": -1}}, "FFC_sans_bias49": {"write": {"device_start": -1, "host_queued_start": 1585587604.860106, "device_queued": -1, "device_end": -1, "host_queued_end": 1585587604.867327}, "device": "gpu", "nd_range": {"device_start": 1585587539.4305236, "device_end": 1585587539.4315836}, "cmdq": 1, "read": {"device_start": -1, "device_end": -1}}, "FFC_sans_bias64": {"write": {"device_start": 1585587539.4278412, "host_queued_start": 1585587604.856122, "device_queued": 1585587539.42531, "device_end": 1585587539.4278724, "host_queued_end": 1585587604.867327}, "device": "gpu", "nd_range": {"device_start": 1585587539.4278862, "device_end": 1585587539.4296913}, "cmdq": 1, "read": {"device_start": -1, "device_end": -1}}, "FFC_sans_bias65": {"write": {"device_start": 1585587539.4283745, "host_queued_start": 1585587604.857164, "device_queued": 1585587539.4253345, "device_end": 1585587539.428406, "host_queued_end": 1585587604.867327}, "device": "gpu", "nd_range": {"device_start": 1585587539.42841, "device_end": 1585587539.4301507}, "cmdq": 2, "read": {"device_start": -1, "device_end": -1}}, "FFC_sans_bias67": {"write": {"device_start": -1, "host_queued_start": 1585587604.860739, "device_queued": -1, "device_end": -1, "host_queued_end": 1585587604.867327}, "device": "gpu", "nd_range": {"device_start": 1585587539.4319432, "device_end": 1585587539.4325612}, "cmdq": 3, "read": {"device_start": -1, "device_end": -1}}, "FFC_sans_bias24": {"write": {"device_start": -1, "host_queued_start": 1585587604.890049, "device_queued": -1, "device_end": -1, "host_queued_end": 1585587604.894519}, "device": "cpu", "nd_range": {"device_start": 2255379.1611043913, "device_end": 2255379.169717145}, "cmdq": 0, "read": {"device_start": -1, "device_end": -1}}, "FFC_sans_bias25": {"write": {"device_start": -1, "host_queued_start": 1585587604.893485, "device_queued": -1, "device_end": -1, "host_queued_end": 1585587604.894519}, "device": "cpu", "nd_range": {"device_start": 2255379.179220618, "device_end": 2255379.192683049}, "cmdq": 0, "read": {"device_start": -1, "device_end": -1}}, "FFC_sans_bias27": {"write": {"device_start": -1, "host_queued_start": 1585587604.882959, "device_queued": -1, "device_end": -1, "host_queued_end": 1585587604.894519}, "device": "cpu", "nd_range": {"device_start": 2255379.116012718, "device_end": 2255379.129590223}, "cmdq": 1, "read": {"device_start": -1, "device_end": -1}}, "FFC_sans_bias20": {"write": {"device_start": -1, "host_queued_start": 1585587604.881891, "device_queued": -1, "device_end": -1, "host_queued_end": 1585587604.894519}, "device": "cpu", "nd_range": {"device_start": 2255379.119589596, "device_end": 2255379.12710779}, "cmdq": 0, "read": {"device_start": -1, "device_end": -1}}, "FFC_sans_bias22": {"write": {"device_start": -1, "host_queued_start": 1585587604.887566, "device_queued": -1, "device_end": -1, "host_queued_end": 1585587604.894519}, "device": "cpu", "nd_range": {"device_start": 2255379.141062982, "device_end": 2255379.148203174}, "cmdq": 0, "read": {"device_start": -1, "device_end": -1}}, "softmax68": {"write": {"device_start": -1, "host_queued_start": 1585587604.86173, "device_queued": -1, "device_end": -1, "host_queued_end": 1585587604.867327}, "device": "gpu", "nd_range": {"device_start": 1585587539.4325624, "device_end": 1585587539.4337604}, "cmdq": 3, "read": {"device_start": -1, "device_end": -1}}, "softmax5": {"write": {"device_start": -1, "host_queued_start": 1585587604.888207, "device_queued": -1, "device_end": -1, "host_queued_end": 1585587604.894519}, "device": "cpu", "nd_range": {"device_start": 2255379.148320917, "device_end": 2255379.1485386724}, "cmdq": 0, "read": {"device_start": -1, "device_end": -1}}, "FFC_sans_bias28": {"write": {"device_start": -1, "host_queued_start": 1585587604.884, "device_queued": -1, "device_end": -1, "host_queued_end": 1585587604.894519}, "device": "cpu", "nd_range": {"device_start": 2255379.12723011, "device_end": 2255379.1336753173}, "cmdq": 0, "read": {"device_start": -1, "device_end": -1}}, "FFC_sans_bias29": {"write": {"device_start": -1, "host_queued_start": 1585587604.885055, "device_queued": -1, "device_end": -1, "host_queued_end": 1585587604.894519}, "device": "cpu", "nd_range": {"device_start": 2255379.129712069, "device_end": 2255379.143916389}, "cmdq": 1, "read": {"device_start": -1, "device_end": -1}}, "empty17": {"write": {"device_start": -1, "host_queued_start": 1585587604.869913, "device_queued": -1, "device_end": -1, "host_queued_end": 1585587604.894519}, "device": "cpu", "nd_range": {"device_start": 2255379.084121181, "device_end": 2255379.084129265}, "cmdq": 1, "read": {"device_start": -1, "device_end": -1}}, "softmax59": {"write": {"device_start": -1, "host_queued_start": 1585587604.861487, "device_queued": -1, "device_end": -1, "host_queued_end": 1585587604.867327}, "device": "gpu", "nd_range": {"device_start": 1585587539.432115, "device_end": 1585587539.4327784}, "cmdq": 2, "read": {"device_start": -1, "device_end": -1}}, "empty71": {"write": {"device_start": 1585587539.424537, "host_queued_start": 1585587604.845421, "device_queued": 1585587539.4242148, "device_end": 1585587539.4246068, "host_queued_end": 1585587604.867327}, "device": "gpu", "nd_range": {"device_start": 1585587539.424615, "device_end": 1585587539.4246192}, "cmdq": 3, "read": {"device_start": -1, "device_end": -1}}, "empty35": {"write": {"device_start": -1, "host_queued_start": 1585587604.871873, "device_queued": -1, "device_end": -1, "host_queued_end": 1585587604.894519}, "device": "cpu", "nd_range": {"device_start": 2255379.0841503143, "device_end": 2255379.08415136}, "cmdq": 1, "read": {"device_start": -1, "device_end": -1}}, "empty53": {"write": {"device_start": 1585587539.4243088, "host_queued_start": 1585587604.843735, "device_queued": 1585587539.4241548, "device_end": 1585587539.4243863, "host_queued_end": 1585587604.867327}, "device": "gpu", "nd_range": {"device_start": 1585587539.4243987, "device_end": 1585587539.4244049}, "cmdq": 1, "read": {"device_start": -1, "device_end": -1}}, "FFC_sans_bias46": {"write": {"device_start": 1585587539.4254293, "host_queued_start": 1585587604.850723, "device_queued": 1585587539.4248435, "device_end": 1585587539.42546, "host_queued_end": 1585587604.867327}, "device": "gpu", "nd_range": {"device_start": 1585587539.425466, "device_end": 1585587539.4272816}, "cmdq": 0, "read": {"device_start": -1, "device_end": -1}}, "coalesced_transpose66": {"write": {"device_start": -1, "host_queued_start": 1585587604.859464, "device_queued": -1, "device_end": -1, "host_queued_end": 1585587604.867327}, "device": "gpu", "nd_range": {"device_start": 1585587539.4306853, "device_end": 1585587539.4319422}, "cmdq": 3, "read": {"device_start": -1, "device_end": -1}}, "coalesced_transpose48": {"write": {"device_start": -1, "host_queued_start": 1585587604.858856, "device_queued": -1, "device_end": -1, "host_queued_end": 1585587604.867327}, "device": "gpu", "nd_range": {"device_start": 1585587539.4296947, "device_end": 1585587539.4305227}, "cmdq": 1, "read": {"device_start": -1, "device_end": -1}}}