{"FFC_sans_bias60": {"write": {"device_start": -1, "host_queued_start": 1585587295.864182, "device_queued": -1, "device_end": -1, "host_queued_end": 1585587295.872146}, "device": "gpu", "nd_range": {"device_start": 1585587230.4618206, "device_end": 1585587230.462419}, "cmdq": 0, "read": {"device_start": -1, "device_end": -1}}, "FFC_sans_bias4": {"write": {"device_start": -1, "host_queued_start": 1585587295.878396, "device_queued": -1, "device_end": -1, "host_queued_end": 1585587295.880343}, "device": "cpu", "nd_range": {"device_start": 2255070.079933286, "device_end": 2255070.0858771033}, "cmdq": 0, "read": {"device_start": -1, "device_end": -1}}, "FFC_sans_bias7": {"write": {"device_start": -1, "host_queued_start": 1585587295.880285, "device_queued": -1, "device_end": -1, "host_queued_end": 1585587295.880343}, "device": "cpu", "nd_range": {"device_start": 2255070.0921493294, "device_end": 2255070.096320764}, "cmdq": 3, "read": {"device_start": -1, "device_end": -1}}, "FFC_sans_bias6": {"write": {"device_start": -1, "host_queued_start": 1585587295.879098, "device_queued": -1, "device_end": -1, "host_queued_end": 1585587295.880343}, "device": "cpu", "nd_range": {"device_start": 2255070.08621416, "device_end": 2255070.0921286973}, "cmdq": 2, "read": {"device_start": -1, "device_end": -1}}, "FFC_sans_bias1": {"write": {"device_start": -1, "host_queued_start": 1585587295.876213, "device_queued": -1, "device_end": -1, "host_queued_end": 1585587295.880343}, "device": "cpu", "nd_range": {"device_start": 2255070.069955183, "device_end": 2255070.078593442}, "cmdq": 2, "read": {"device_start": -1, "device_end": -1}}, "FFC_sans_bias0": {"write": {"device_start": -1, "host_queued_start": 1585587295.874999, "device_queued": -1, "device_end": -1, "host_queued_end": 1585587295.880343}, "device": "cpu", "nd_range": {"device_start": 2255070.069944626, "device_end": 2255070.085699084}, "cmdq": 1, "read": {"device_start": -1, "device_end": -1}}, "FFC_sans_bias2": {"write": {"device_start": -1, "host_queued_start": 1585587295.877566, "device_queued": -1, "device_end": -1, "host_queued_end": 1585587295.880343}, "device": "cpu", "nd_range": {"device_start": 2255070.069955, "device_end": 2255070.081007447}, "cmdq": 3, "read": {"device_start": -1, "device_end": -1}}, "FFC_sans_bias61": {"write": {"device_start": 1585587230.4669137, "host_queued_start": 1585587295.870981, "device_queued": 1585587230.4414132, "device_end": 1585587230.4669368, "host_queued_end": 1585587295.872146}, "device": "gpu", "nd_range": {"device_start": 1585587230.4669433, "device_end": 1585587230.4675386}, "cmdq": 0, "read": {"device_start": 1585587230.467541, "device_end": 1585587230.4675636}}, "FFC_sans_bias52": {"write": {"device_start": 1585587230.4662101, "host_queued_start": 1585587295.869907, "device_queued": 1585587230.4413536, "device_end": 1585587230.4662333, "host_queued_end": 1585587295.872146}, "device": "gpu", "nd_range": {"device_start": 1585587230.46624, "device_end": 1585587230.466744}, "cmdq": 0, "read": {"device_start": 1585587230.46675, "device_end": 1585587230.466772}}, "FFC_sans_bias9": {"write": {"device_start": 1585587230.438192, "host_queued_start": 1585587295.83447, "device_queued": 1585587230.4376535, "device_end": 1585587230.4382157, "host_queued_end": 1585587295.872146}, "device": "gpu", "nd_range": {"device_start": 1585587230.4382212, "device_end": 1585587230.438821}, "cmdq": 0, "read": {"device_start": -1, "device_end": -1}}, "coalesced_transpose39": {"write": {"device_start": -1, "host_queued_start": 1585587295.85736, "device_queued": -1, "device_end": -1, "host_queued_end": 1585587295.872146}, "device": "gpu", "nd_range": {"device_start": 1585587230.4531124, "device_end": 1585587230.4531221}, "cmdq": 0, "read": {"device_start": -1, "device_end": -1}}, "FFC_sans_bias55": {"write": {"device_start": 1585587230.4503355, "host_queued_start": 1585587295.852904, "device_queued": 1585587230.4393258, "device_end": 1585587230.450359, "host_queued_end": 1585587295.872146}, "device": "gpu", "nd_range": {"device_start": 1585587230.450366, "device_end": 1585587230.4509654}, "cmdq": 0, "read": {"device_start": -1, "device_end": -1}}, "FFC_sans_bias54": {"write": {"device_start": 1585587230.4496322, "host_queued_start": 1585587295.851845, "device_queued": 1585587230.4391892, "device_end": 1585587230.4496553, "host_queued_end": 1585587295.872146}, "device": "gpu", "nd_range": {"device_start": 1585587230.4496624, "device_end": 1585587230.4502618}, "cmdq": 0, "read": {"device_start": -1, "device_end": -1}}, "FFC_sans_bias56": {"write": {"device_start": 1585587230.4489307, "host_queued_start": 1585587295.85079, "device_queued": 1585587230.4391465, "device_end": 1585587230.4489546, "host_queued_end": 1585587295.872146}, "device": "gpu", "nd_range": {"device_start": 1585587230.44896, "device_end": 1585587230.449556}, "cmdq": 0, "read": {"device_start": -1, "device_end": -1}}, "FFC_sans_bias51": {"write": {"device_start": -1, "host_queued_start": 1585587295.863863, "device_queued": -1, "device_end": -1, "host_queued_end": 1585587295.872146}, "device": "gpu", "nd_range": {"device_start": 1585587230.4612212, "device_end": 1585587230.4618194}, "cmdq": 0, "read": {"device_start": -1, "device_end": -1}}, "softmax23": {"write": {"device_start": -1, "host_queued_start": 1585587295.861026, "device_queued": -1, "device_end": -1, "host_queued_end": 1585587295.872146}, "device": "gpu", "nd_range": {"device_start": 1585587230.4575546, "device_end": 1585587230.457764}, "cmdq": 0, "read": {"device_start": -1, "device_end": -1}}, "FFC_sans_bias37": {"write": {"device_start": 1585587230.4454072, "host_queued_start": 1585587295.845424, "device_queued": 1585587230.438602, "device_end": 1585587230.4454312, "host_queued_end": 1585587295.872146}, "device": "gpu", "nd_range": {"device_start": 1585587230.4454374, "device_end": 1585587230.4460392}, "cmdq": 0, "read": {"device_start": -1, "device_end": -1}}, "empty62": {"write": {"device_start": 1585587230.4379585, "host_queued_start": 1585587295.83263, "device_queued": 1585587230.4375558, "device_end": 1585587230.4379857, "host_queued_end": 1585587295.872146}, "device": "gpu", "nd_range": {"device_start": 1585587230.4379885, "device_end": 1585587230.4379919}, "cmdq": 0, "read": {"device_start": -1, "device_end": -1}}, "FFC_sans_bias70": {"write": {"device_start": 1585587230.4677, "host_queued_start": 1585587295.872047, "device_queued": 1585587230.4415672, "device_end": 1585587230.467723, "host_queued_end": 1585587295.872146}, "device": "gpu", "nd_range": {"device_start": 1585587230.4677289, "device_end": 1585587230.4683228}, "cmdq": 0, "read": {"device_start": 1585587230.4683268, "device_end": 1585587230.4683516}}, "FFC_sans_bias58": {"write": {"device_start": -1, "host_queued_start": 1585587295.860203, "device_queued": -1, "device_end": -1, "host_queued_end": 1585587295.872146}, "device": "gpu", "nd_range": {"device_start": 1585587230.4561498, "device_end": 1585587230.4567435}, "cmdq": 0, "read": {"device_start": -1, "device_end": -1}}, "softmax41": {"write": {"device_start": -1, "host_queued_start": 1585587295.861519, "device_queued": -1, "device_end": -1, "host_queued_end": 1585587295.872146}, "device": "gpu", "nd_range": {"device_start": 1585587230.4579763, "device_end": 1585587230.4581847}, "cmdq": 0, "read": {"device_start": -1, "device_end": -1}}, "FFC_sans_bias11": {"write": {"device_start": 1585587230.4396293, "host_queued_start": 1585587295.836631, "device_queued": 1585587230.4378977, "device_end": 1585587230.4396586, "host_queued_end": 1585587295.872146}, "device": "gpu", "nd_range": {"device_start": 1585587230.439662, "device_end": 1585587230.4402587}, "cmdq": 0, "read": {"device_start": -1, "device_end": -1}}, "FFC_sans_bias10": {"write": {"device_start": 1585587230.438927, "host_queued_start": 1585587295.835556, "device_queued": 1585587230.4378366, "device_end": 1585587230.4389508, "host_queued_end": 1585587295.872146}, "device": "gpu", "nd_range": {"device_start": 1585587230.4389575, "device_end": 1585587230.4395607}, "cmdq": 0, "read": {"device_start": -1, "device_end": -1}}, "coalesced_transpose3": {"write": {"device_start": -1, "host_queued_start": 1585587295.877945, "device_queued": -1, "device_end": -1, "host_queued_end": 1585587295.880343}, "device": "cpu", "nd_range": {"device_start": 2255070.0795674133, "device_end": 2255070.0798055003}, "cmdq": 4, "read": {"device_start": -1, "device_end": -1}}, "FFC_sans_bias34": {"write": {"device_start": 1585587230.4646602, "host_queued_start": 1585587295.867776, "device_queued": 1585587230.4411132, "device_end": 1585587230.4646838, "host_queued_end": 1585587295.872146}, "device": "gpu", "nd_range": {"device_start": 1585587230.4646895, "device_end": 1585587230.4652848}, "cmdq": 0, "read": {"device_start": 1585587230.4652874, "device_end": 1585587230.4653099}}, "FFC_sans_bias15": {"write": {"device_start": -1, "host_queued_start": 1585587295.862594, "device_queued": -1, "device_end": -1, "host_queued_end": 1585587295.872146}, "device": "gpu", "nd_range": {"device_start": 1585587230.45882, "device_end": 1585587230.4594188}, "cmdq": 0, "read": {"device_start": -1, "device_end": -1}}, "FFC_sans_bias31": {"write": {"device_start": -1, "host_queued_start": 1585587295.859227, "device_queued": -1, "device_end": -1, "host_queued_end": 1585587295.872146}, "device": "gpu", "nd_range": {"device_start": 1585587230.4543555, "device_end": 1585587230.4549556}, "cmdq": 0, "read": {"device_start": -1, "device_end": -1}}, "FFC_sans_bias16": {"write": {"device_start": 1585587230.4630933, "host_queued_start": 1585587295.865622, "device_queued": 1585587230.4408426, "device_end": 1585587230.4631171, "host_queued_end": 1585587295.872146}, "device": "gpu", "nd_range": {"device_start": 1585587230.4631228, "device_end": 1585587230.4637206}, "cmdq": 0, "read": {"device_start": 1585587230.4637284, "device_end": 1585587230.4637516}}, "FFC_sans_bias19": {"write": {"device_start": 1585587230.4411163, "host_queued_start": 1585587295.838953, "device_queued": 1585587230.4381053, "device_end": 1585587230.4411461, "host_queued_end": 1585587295.872146}, "device": "gpu", "nd_range": {"device_start": 1585587230.4411564, "device_end": 1585587230.4416687}, "cmdq": 0, "read": {"device_start": -1, "device_end": -1}}, "FFC_sans_bias18": {"write": {"device_start": 1585587230.44036, "host_queued_start": 1585587295.837691, "device_queued": 1585587230.4380696, "device_end": 1585587230.440392, "host_queued_end": 1585587295.872146}, "device": "gpu", "nd_range": {"device_start": 1585587230.4404001, "device_end": 1585587230.441003}, "cmdq": 0, "read": {"device_start": -1, "device_end": -1}}, "coalesced_transpose30": {"write": {"device_start": -1, "host_queued_start": 1585587295.857055, "device_queued": -1, "device_end": -1, "host_queued_end": 1585587295.872146}, "device": "gpu", "nd_range": {"device_start": 1585587230.4531035, "device_end": 1585587230.4531114}, "cmdq": 0, "read": {"device_start": -1, "device_end": -1}}, "FFC_sans_bias69": {"write": {"device_start": -1, "host_queued_start": 1585587295.864495, "device_queued": -1, "device_end": -1, "host_queued_end": 1585587295.872146}, "device": "gpu", "nd_range": {"device_start": 1585587230.46242, "device_end": 1585587230.4630156}, "cmdq": 0, "read": {"device_start": -1, "device_end": -1}}, "FFC_sans_bias38": {"write": {"device_start": 1585587230.4461188, "host_queued_start": 1585587295.846487, "device_queued": 1585587230.4387217, "device_end": 1585587230.4461415, "host_queued_end": 1585587295.872146}, "device": "gpu", "nd_range": {"device_start": 1585587230.4461482, "device_end": 1585587230.4467463}, "cmdq": 0, "read": {"device_start": -1, "device_end": -1}}, "coalesced_transpose57": {"write": {"device_start": -1, "host_queued_start": 1585587295.857967, "device_queued": -1, "device_end": -1, "host_queued_end": 1585587295.872146}, "device": "gpu", "nd_range": {"device_start": 1585587230.4531329, "device_end": 1585587230.4531415}, "cmdq": 0, "read": {"device_start": -1, "device_end": -1}}, "empty26": {"write": {"device_start": 1585587230.4374003, "host_queued_start": 1585587295.829242, "device_queued": 1585587230.4372146, "device_end": 1585587230.4374263, "host_queued_end": 1585587295.872146}, "device": "gpu", "nd_range": {"device_start": 1585587230.4374316, "device_end": 1585587230.437441}, "cmdq": 0, "read": {"device_start": -1, "device_end": -1}}, "coalesced_transpose12": {"write": {"device_start": -1, "host_queued_start": 1585587295.856442, "device_queued": -1, "device_end": -1, "host_queued_end": 1585587295.872146}, "device": "gpu", "nd_range": {"device_start": 1585587230.4530847, "device_end": 1585587230.453093}, "cmdq": 0, "read": {"device_start": -1, "device_end": -1}}, "empty44": {"write": {"device_start": 1585587230.4376976, "host_queued_start": 1585587295.830969, "device_queued": 1585587230.4373257, "device_end": 1585587230.4377263, "host_queued_end": 1585587295.872146}, "device": "gpu", "nd_range": {"device_start": 1585587230.4377291, "device_end": 1585587230.4377325}, "cmdq": 0, "read": {"device_start": -1, "device_end": -1}}, "coalesced_transpose21": {"write": {"device_start": -1, "host_queued_start": 1585587295.856747, "device_queued": -1, "device_end": -1, "host_queued_end": 1585587295.872146}, "device": "gpu", "nd_range": {"device_start": 1585587230.4530942, "device_end": 1585587230.453102}, "cmdq": 0, "read": {"device_start": -1, "device_end": -1}}, "FFC_sans_bias36": {"write": {"device_start": 1585587230.4446926, "host_queued_start": 1585587295.844349, "device_queued": 1585587230.4385726, "device_end": 1585587230.444723, "host_queued_end": 1585587295.872146}, "device": "gpu", "nd_range": {"device_start": 1585587230.4447289, "device_end": 1585587230.4453158}, "cmdq": 0, "read": {"device_start": -1, "device_end": -1}}, "softmax14": {"write": {"device_start": -1, "host_queued_start": 1585587295.860775, "device_queued": -1, "device_end": -1, "host_queued_end": 1585587295.872146}, "device": "gpu", "nd_range": {"device_start": 1585587230.4573405, "device_end": 1585587230.4575524}, "cmdq": 0, "read": {"device_start": -1, "device_end": -1}}, "FFC_sans_bias13": {"write": {"device_start": -1, "host_queued_start": 1585587295.85859, "device_queued": -1, "device_end": -1, "host_queued_end": 1585587295.872146}, "device": "gpu", "nd_range": {"device_start": 1585587230.4531522, "device_end": 1585587230.4537508}, "cmdq": 0, "read": {"device_start": -1, "device_end": -1}}, "empty8": {"write": {"device_start": -1, "host_queued_start": 1585587295.873781, "device_queued": -1, "device_end": -1, "host_queued_end": 1585587295.880343}, "device": "cpu", "nd_range": {"device_start": 2255070.069922458, "device_end": 2255070.069932728}, "cmdq": 0, "read": {"device_start": -1, "device_end": -1}}, "FFC_sans_bias42": {"write": {"device_start": -1, "host_queued_start": 1585587295.863548, "device_queued": -1, "device_end": -1, "host_queued_end": 1585587295.872146}, "device": "gpu", "nd_range": {"device_start": 1585587230.4606192, "device_end": 1585587230.4612203}, "cmdq": 0, "read": {"device_start": -1, "device_end": -1}}, "FFC_sans_bias43": {"write": {"device_start": 1585587230.4654298, "host_queued_start": 1585587295.868843, "device_queued": 1585587230.441195, "device_end": 1585587230.4654531, "host_queued_end": 1585587295.872146}, "device": "gpu", "nd_range": {"device_start": 1585587230.4654596, "device_end": 1585587230.4660573}, "cmdq": 0, "read": {"device_start": 1585587230.4660656, "device_end": 1585587230.466088}}, "FFC_sans_bias40": {"write": {"device_start": -1, "host_queued_start": 1585587295.859542, "device_queued": -1, "device_end": -1, "host_queued_end": 1585587295.872146}, "device": "gpu", "nd_range": {"device_start": 1585587230.4549577, "device_end": 1585587230.455547}, "cmdq": 0, "read": {"device_start": -1, "device_end": -1}}, "softmax32": {"write": {"device_start": -1, "host_queued_start": 1585587295.861275, "device_queued": -1, "device_end": -1, "host_queued_end": 1585587295.872146}, "device": "gpu", "nd_range": {"device_start": 1585587230.457765, "device_end": 1585587230.4579747}, "cmdq": 0, "read": {"device_start": -1, "device_end": -1}}, "FFC_sans_bias47": {"write": {"device_start": 1585587230.4482272, "host_queued_start": 1585587295.849702, "device_queued": 1585587230.4389775, "device_end": 1585587230.448251, "host_queued_end": 1585587295.872146}, "device": "gpu", "nd_range": {"device_start": 1585587230.4482577, "device_end": 1585587230.448854}, "cmdq": 0, "read": {"device_start": -1, "device_end": -1}}, "FFC_sans_bias45": {"write": {"device_start": 1585587230.4468224, "host_queued_start": 1585587295.847569, "device_queued": 1585587230.4387598, "device_end": 1585587230.446846, "host_queued_end": 1585587295.872146}, "device": "gpu", "nd_range": {"device_start": 1585587230.4468527, "device_end": 1585587230.447454}, "cmdq": 0, "read": {"device_start": -1, "device_end": -1}}, "softmax50": {"write": {"device_start": -1, "host_queued_start": 1585587295.861767, "device_queued": -1, "device_end": -1, "host_queued_end": 1585587295.872146}, "device": "gpu", "nd_range": {"device_start": 1585587230.4581861, "device_end": 1585587230.4583964}, "cmdq": 0, "read": {"device_start": -1, "device_end": -1}}, "FFC_sans_bias33": {"write": {"device_start": -1, "host_queued_start": 1585587295.863229, "device_queued": -1, "device_end": -1, "host_queued_end": 1585587295.872146}, "device": "gpu", "nd_range": {"device_start": 1585587230.4600194, "device_end": 1585587230.4606178}, "cmdq": 0, "read": {"device_start": -1, "device_end": -1}}, "FFC_sans_bias63": {"write": {"device_start": 1585587230.4524615, "host_queued_start": 1585587295.856124, "device_queued": 1585587230.4395304, "device_end": 1585587230.4524846, "host_queued_end": 1585587295.872146}, "device": "gpu", "nd_range": {"device_start": 1585587230.4524918, "device_end": 1585587230.4530838}, "cmdq": 0, "read": {"device_start": -1, "device_end": -1}}, "FFC_sans_bias49": {"write": {"device_start": -1, "host_queued_start": 1585587295.859871, "device_queued": -1, "device_end": -1, "host_queued_end": 1585587295.872146}, "device": "gpu", "nd_range": {"device_start": 1585587230.4555483, "device_end": 1585587230.4561489}, "cmdq": 0, "read": {"device_start": -1, "device_end": -1}}, "FFC_sans_bias64": {"write": {"device_start": 1585587230.4510472, "host_queued_start": 1585587295.853971, "device_queued": 1585587230.4393642, "device_end": 1585587230.4510705, "host_queued_end": 1585587295.872146}, "device": "gpu", "nd_range": {"device_start": 1585587230.4510777, "device_end": 1585587230.4516795}, "cmdq": 0, "read": {"device_start": -1, "device_end": -1}}, "FFC_sans_bias65": {"write": {"device_start": 1585587230.4517589, "host_queued_start": 1585587295.855067, "device_queued": 1585587230.4394982, "device_end": 1585587230.4517827, "host_queued_end": 1585587295.872146}, "device": "gpu", "nd_range": {"device_start": 1585587230.4517894, "device_end": 1585587230.4523883}, "cmdq": 0, "read": {"device_start": -1, "device_end": -1}}, "FFC_sans_bias67": {"write": {"device_start": -1, "host_queued_start": 1585587295.860519, "device_queued": -1, "device_end": -1, "host_queued_end": 1585587295.872146}, "device": "gpu", "nd_range": {"device_start": 1585587230.456745, "device_end": 1585587230.4573395}, "cmdq": 0, "read": {"device_start": -1, "device_end": -1}}, "FFC_sans_bias24": {"write": {"device_start": -1, "host_queued_start": 1585587295.86291, "device_queued": -1, "device_end": -1, "host_queued_end": 1585587295.872146}, "device": "gpu", "nd_range": {"device_start": 1585587230.4594197, "device_end": 1585587230.4600182}, "cmdq": 0, "read": {"device_start": -1, "device_end": -1}}, "FFC_sans_bias25": {"write": {"device_start": 1585587230.4638805, "host_queued_start": 1585587295.866707, "device_queued": 1585587230.4409168, "device_end": 1585587230.4639041, "host_queued_end": 1585587295.872146}, "device": "gpu", "nd_range": {"device_start": 1585587230.4639091, "device_end": 1585587230.464509}, "cmdq": 0, "read": {"device_start": 1585587230.4645154, "device_end": 1585587230.4645376}}, "FFC_sans_bias27": {"write": {"device_start": 1585587230.4424968, "host_queued_start": 1585587295.841122, "device_queued": 1585587230.438304, "device_end": 1585587230.4425275, "host_queued_end": 1585587295.872146}, "device": "gpu", "nd_range": {"device_start": 1585587230.4425304, "device_end": 1585587230.4431274}, "cmdq": 0, "read": {"device_start": -1, "device_end": -1}}, "FFC_sans_bias20": {"write": {"device_start": 1585587230.4417617, "host_queued_start": 1585587295.840071, "device_queued": 1585587230.4382737, "device_end": 1585587230.4417913, "host_queued_end": 1585587295.872146}, "device": "gpu", "nd_range": {"device_start": 1585587230.4417973, "device_end": 1585587230.442391}, "cmdq": 0, "read": {"device_start": -1, "device_end": -1}}, "FFC_sans_bias22": {"write": {"device_start": -1, "host_queued_start": 1585587295.858912, "device_queued": -1, "device_end": -1, "host_queued_end": 1585587295.872146}, "device": "gpu", "nd_range": {"device_start": 1585587230.4537518, "device_end": 1585587230.4543545}, "cmdq": 0, "read": {"device_start": -1, "device_end": -1}}, "softmax68": {"write": {"device_start": -1, "host_queued_start": 1585587295.862281, "device_queued": -1, "device_end": -1, "host_queued_end": 1585587295.872146}, "device": "gpu", "nd_range": {"device_start": 1585587230.4586098, "device_end": 1585587230.4588192}, "cmdq": 0, "read": {"device_start": -1, "device_end": -1}}, "softmax5": {"write": {"device_start": -1, "host_queued_start": 1585587295.878701, "device_queued": -1, "device_end": -1, "host_queued_end": 1585587295.880343}, "device": "cpu", "nd_range": {"device_start": 2255070.085899612, "device_end": 2255070.0860596662}, "cmdq": 1, "read": {"device_start": -1, "device_end": -1}}, "FFC_sans_bias28": {"write": {"device_start": 1585587230.4432404, "host_queued_start": 1585587295.842176, "device_queued": 1585587230.438424, "device_end": 1585587230.4432697, "host_queued_end": 1585587295.872146}, "device": "gpu", "nd_range": {"device_start": 1585587230.4432738, "device_end": 1585587230.4438713}, "cmdq": 0, "read": {"device_start": -1, "device_end": -1}}, "FFC_sans_bias29": {"write": {"device_start": 1585587230.4439695, "host_queued_start": 1585587295.84327, "device_queued": 1585587230.4384534, "device_end": 1585587230.4439988, "host_queued_end": 1585587295.872146}, "device": "gpu", "nd_range": {"device_start": 1585587230.4440022, "device_end": 1585587230.4446008}, "cmdq": 0, "read": {"device_start": -1, "device_end": -1}}, "empty17": {"write": {"device_start": 1585587230.437236, "host_queued_start": 1585587295.828175, "device_queued": 1585587230.4370937, "device_end": 1585587230.437263, "host_queued_end": 1585587295.872146}, "device": "gpu", "nd_range": {"device_start": 1585587230.4372659, "device_end": 1585587230.4372709}, "cmdq": 0, "read": {"device_start": -1, "device_end": -1}}, "softmax59": {"write": {"device_start": -1, "host_queued_start": 1585587295.862017, "device_queued": -1, "device_end": -1, "host_queued_end": 1585587295.872146}, "device": "gpu", "nd_range": {"device_start": 1585587230.4583983, "device_end": 1585587230.4586086}, "cmdq": 0, "read": {"device_start": -1, "device_end": -1}}, "empty71": {"write": {"device_start": 1585587230.4380732, "host_queued_start": 1585587295.833471, "device_queued": 1585587230.4375873, "device_end": 1585587230.4380982, "host_queued_end": 1585587295.872146}, "device": "gpu", "nd_range": {"device_start": 1585587230.438101, "device_end": 1585587230.4381046}, "cmdq": 0, "read": {"device_start": -1, "device_end": -1}}, "empty35": {"write": {"device_start": 1585587230.4375663, "host_queued_start": 1585587295.83008, "device_queued": 1585587230.4372537, "device_end": 1585587230.4375968, "host_queued_end": 1585587295.872146}, "device": "gpu", "nd_range": {"device_start": 1585587230.437604, "device_end": 1585587230.4376075}, "cmdq": 0, "read": {"device_start": -1, "device_end": -1}}, "empty53": {"write": {"device_start": 1585587230.4378357, "host_queued_start": 1585587295.8318, "device_queued": 1585587230.4375148, "device_end": 1585587230.4378603, "host_queued_end": 1585587295.872146}, "device": "gpu", "nd_range": {"device_start": 1585587230.4378629, "device_end": 1585587230.437866}, "cmdq": 0, "read": {"device_start": -1, "device_end": -1}}, "FFC_sans_bias46": {"write": {"device_start": 1585587230.4475338, "host_queued_start": 1585587295.848638, "device_queued": 1585587230.4389372, "device_end": 1585587230.4475572, "host_queued_end": 1585587295.872146}, "device": "gpu", "nd_range": {"device_start": 1585587230.4475634, "device_end": 1585587230.4481535}, "cmdq": 0, "read": {"device_start": -1, "device_end": -1}}, "coalesced_transpose66": {"write": {"device_start": -1, "host_queued_start": 1585587295.858268, "device_queued": -1, "device_end": -1, "host_queued_end": 1585587295.872146}, "device": "gpu", "nd_range": {"device_start": 1585587230.4531424, "device_end": 1585587230.4531507}, "cmdq": 0, "read": {"device_start": -1, "device_end": -1}}, "coalesced_transpose48": {"write": {"device_start": -1, "host_queued_start": 1585587295.857659, "device_queued": -1, "device_end": -1, "host_queued_end": 1585587295.872146}, "device": "gpu", "nd_range": {"device_start": 1585587230.4531233, "device_end": 1585587230.453132}, "cmdq": 0, "read": {"device_start": -1, "device_end": -1}}}