{"FFC_sans_bias60": {"write": {"device_start": -1, "host_queued_start": 1585587735.710826, "device_queued": -1, "device_end": -1, "host_queued_end": 1585587735.713305}, "device": "gpu", "nd_range": {"device_start": 1585587670.2710326, "device_end": 1585587670.2716491}, "cmdq": 4, "read": {"device_start": -1, "device_end": -1}}, "FFC_sans_bias4": {"write": {"device_start": -1, "host_queued_start": 1585587735.740512, "device_queued": -1, "device_end": -1, "host_queued_end": 1585587735.752089}, "device": "cpu", "nd_range": {"device_start": 2255510.020430941, "device_end": 2255510.031175469}, "cmdq": 0, "read": {"device_start": -1, "device_end": -1}}, "FFC_sans_bias7": {"write": {"device_start": -1, "host_queued_start": 1585587735.747101, "device_queued": -1, "device_end": -1, "host_queued_end": 1585587735.752089}, "device": "cpu", "nd_range": {"device_start": 2255510.08526897, "device_end": 2255510.09535927}, "cmdq": 0, "read": {"device_start": -1, "device_end": -1}}, "FFC_sans_bias6": {"write": {"device_start": -1, "host_queued_start": 1585587735.744277, "device_queued": -1, "device_end": -1, "host_queued_end": 1585587735.752089}, "device": "cpu", "nd_range": {"device_start": 2255510.053580602, "device_end": 2255510.064325121}, "cmdq": 0, "read": {"device_start": -1, "device_end": -1}}, "FFC_sans_bias1": {"write": {"device_start": -1, "host_queued_start": 1585587735.721161, "device_queued": -1, "device_end": -1, "host_queued_end": 1585587735.752089}, "device": "cpu", "nd_range": {"device_start": 2255509.941738219, "device_end": 2255509.950034546}, "cmdq": 1, "read": {"device_start": -1, "device_end": -1}}, "FFC_sans_bias0": {"write": {"device_start": -1, "host_queued_start": 1585587735.720064, "device_queued": -1, "device_end": -1, "host_queued_end": 1585587735.752089}, "device": "cpu", "nd_range": {"device_start": 2255509.941737941, "device_end": 2255509.9501407063}, "cmdq": 0, "read": {"device_start": -1, "device_end": -1}}, "FFC_sans_bias2": {"write": {"device_start": -1, "host_queued_start": 1585587735.722213, "device_queued": -1, "device_end": -1, "host_queued_end": 1585587735.752089}, "device": "cpu", "nd_range": {"device_start": 2255509.9501786153, "device_end": 2255509.9579515853}, "cmdq": 0, "read": {"device_start": -1, "device_end": -1}}, "FFC_sans_bias61": {"write": {"device_start": 1585587670.2711184, "host_queued_start": 1585587735.712162, "device_queued": 1585587670.2678585, "device_end": 1585587670.2711837, "host_queued_end": 1585587735.713305}, "device": "gpu", "nd_range": {"device_start": 1585587670.271652, "device_end": 1585587670.2726023}, "cmdq": 1, "read": {"device_start": 1585587670.2726066, "device_end": 1585587670.27263}}, "FFC_sans_bias52": {"write": {"device_start": -1, "host_queued_start": 1585587735.752044, "device_queued": -1, "device_end": -1, "host_queued_end": 1585587735.752089}, "device": "cpu", "nd_range": {"device_start": 2255510.1240353263, "device_end": 2255510.12936401}, "cmdq": 1, "read": {"device_start": -1, "device_end": -1}}, "FFC_sans_bias9": {"write": {"device_start": -1, "host_queued_start": 1585587735.723284, "device_queued": -1, "device_end": -1, "host_queued_end": 1585587735.752089}, "device": "cpu", "nd_range": {"device_start": 2255509.950053515, "device_end": 2255509.957950766}, "cmdq": 1, "read": {"device_start": -1, "device_end": -1}}, "coalesced_transpose39": {"write": {"device_start": -1, "host_queued_start": 1585587735.739834, "device_queued": -1, "device_end": -1, "host_queued_end": 1585587735.752089}, "device": "cpu", "nd_range": {"device_start": 2255510.019188165, "device_end": 2255510.020301577}, "cmdq": 0, "read": {"device_start": -1, "device_end": -1}}, "FFC_sans_bias55": {"write": {"device_start": 1585587670.2670276, "host_queued_start": 1585587735.705365, "device_queued": 1585587670.2669275, "device_end": 1585587670.2670581, "host_queued_end": 1585587735.713305}, "device": "gpu", "nd_range": {"device_start": 1585587670.2670603, "device_end": 1585587670.268594}, "cmdq": 4, "read": {"device_start": -1, "device_end": -1}}, "FFC_sans_bias54": {"write": {"device_start": 1585587670.266936, "host_queued_start": 1585587735.704303, "device_queued": 1585587670.2666879, "device_end": 1585587670.2670026, "host_queued_end": 1585587735.713305}, "device": "gpu", "nd_range": {"device_start": 1585587670.267025, "device_end": 1585587670.2680175}, "cmdq": 3, "read": {"device_start": -1, "device_end": -1}}, "FFC_sans_bias56": {"write": {"device_start": 1585587670.26683, "host_queued_start": 1585587735.703232, "device_queued": 1585587670.2666674, "device_end": 1585587670.2669084, "host_queued_end": 1585587735.713305}, "device": "gpu", "nd_range": {"device_start": 1585587670.267004, "device_end": 1585587670.2676044}, "cmdq": 2, "read": {"device_start": -1, "device_end": -1}}, "FFC_sans_bias51": {"write": {"device_start": -1, "host_queued_start": 1585587735.746007, "device_queued": -1, "device_end": -1, "host_queued_end": 1585587735.752089}, "device": "cpu", "nd_range": {"device_start": 2255510.089223775, "device_end": 2255510.100705374}, "cmdq": 1, "read": {"device_start": -1, "device_end": -1}}, "softmax23": {"write": {"device_start": -1, "host_queued_start": 1585587735.743075, "device_queued": -1, "device_end": -1, "host_queued_end": 1585587735.752089}, "device": "cpu", "nd_range": {"device_start": 2255510.0529550593, "device_end": 2255510.053163535}, "cmdq": 0, "read": {"device_start": -1, "device_end": -1}}, "FFC_sans_bias37": {"write": {"device_start": -1, "host_queued_start": 1585587735.733846, "device_queued": -1, "device_end": -1, "host_queued_end": 1585587735.752089}, "device": "cpu", "nd_range": {"device_start": 2255510.005018306, "device_end": 2255510.019143801}, "cmdq": 1, "read": {"device_start": -1, "device_end": -1}}, "empty62": {"write": {"device_start": 1585587670.266628, "host_queued_start": 1585587735.701149, "device_queued": 1585587670.2664952, "device_end": 1585587670.2666628, "host_queued_end": 1585587735.713305}, "device": "gpu", "nd_range": {"device_start": 1585587670.266666, "device_end": 1585587670.2666714}, "cmdq": 0, "read": {"device_start": -1, "device_end": -1}}, "FFC_sans_bias70": {"write": {"device_start": 1585587670.2711942, "host_queued_start": 1585587735.713206, "device_queued": 1585587670.2678835, "device_end": 1585587670.2712235, "host_queued_end": 1585587735.713305}, "device": "gpu", "nd_range": {"device_start": 1585587670.2720554, "device_end": 1585587670.2730262}, "cmdq": 2, "read": {"device_start": 1585587670.273032, "device_end": 1585587670.273055}}, "FFC_sans_bias58": {"write": {"device_start": -1, "host_queued_start": 1585587735.709669, "device_queued": -1, "device_end": -1, "host_queued_end": 1585587735.713305}, "device": "gpu", "nd_range": {"device_start": 1585587670.2698696, "device_end": 1585587670.270486}, "cmdq": 0, "read": {"device_start": -1, "device_end": -1}}, "softmax41": {"write": {"device_start": -1, "host_queued_start": 1585587735.743627, "device_queued": -1, "device_end": -1, "host_queued_end": 1585587735.752089}, "device": "cpu", "nd_range": {"device_start": 2255510.053271286, "device_end": 2255510.053476131}, "cmdq": 0, "read": {"device_start": -1, "device_end": -1}}, "FFC_sans_bias11": {"write": {"device_start": -1, "host_queued_start": 1585587735.725394, "device_queued": -1, "device_end": -1, "host_queued_end": 1585587735.752089}, "device": "cpu", "nd_range": {"device_start": 2255509.957956967, "device_end": 2255509.9671252863}, "cmdq": 1, "read": {"device_start": -1, "device_end": -1}}, "FFC_sans_bias10": {"write": {"device_start": -1, "host_queued_start": 1585587735.724329, "device_queued": -1, "device_end": -1, "host_queued_end": 1585587735.752089}, "device": "cpu", "nd_range": {"device_start": 2255509.958174543, "device_end": 2255509.967391827}, "cmdq": 0, "read": {"device_start": -1, "device_end": -1}}, "coalesced_transpose3": {"write": {"device_start": -1, "host_queued_start": 1585587735.738443, "device_queued": -1, "device_end": -1, "host_queued_end": 1585587735.752089}, "device": "cpu", "nd_range": {"device_start": 2255510.012740325, "device_end": 2255510.012838772}, "cmdq": 0, "read": {"device_start": -1, "device_end": -1}}, "FFC_sans_bias34": {"write": {"device_start": -1, "host_queued_start": 1585587735.75006, "device_queued": -1, "device_end": -1, "host_queued_end": 1585587735.752089}, "device": "cpu", "nd_range": {"device_start": 2255510.1162308883, "device_end": 2255510.124029384}, "cmdq": 1, "read": {"device_start": -1, "device_end": -1}}, "FFC_sans_bias15": {"write": {"device_start": -1, "host_queued_start": 1585587735.744623, "device_queued": -1, "device_end": -1, "host_queued_end": 1585587735.752089}, "device": "cpu", "nd_range": {"device_start": 2255510.069573405, "device_end": 2255510.08106635}, "cmdq": 1, "read": {"device_start": -1, "device_end": -1}}, "FFC_sans_bias31": {"write": {"device_start": -1, "host_queued_start": 1585587735.741546, "device_queued": -1, "device_end": -1, "host_queued_end": 1585587735.752089}, "device": "cpu", "nd_range": {"device_start": 2255510.048659977, "device_end": 2255510.059873361}, "cmdq": 1, "read": {"device_start": -1, "device_end": -1}}, "FFC_sans_bias16": {"write": {"device_start": -1, "host_queued_start": 1585587735.74809, "device_queued": -1, "device_end": -1, "host_queued_end": 1585587735.752089}, "device": "cpu", "nd_range": {"device_start": 2255510.100710918, "device_end": 2255510.1102215033}, "cmdq": 1, "read": {"device_start": -1, "device_end": -1}}, "FFC_sans_bias19": {"write": {"device_start": -1, "host_queued_start": 1585587735.727482, "device_queued": -1, "device_end": -1, "host_queued_end": 1585587735.752089}, "device": "cpu", "nd_range": {"device_start": 2255509.96834133, "device_end": 2255509.9850580012}, "cmdq": 1, "read": {"device_start": -1, "device_end": -1}}, "FFC_sans_bias18": {"write": {"device_start": -1, "host_queued_start": 1585587735.726433, "device_queued": -1, "device_end": -1, "host_queued_end": 1585587735.752089}, "device": "cpu", "nd_range": {"device_start": 2255509.967520169, "device_end": 2255509.974230492}, "cmdq": 0, "read": {"device_start": -1, "device_end": -1}}, "coalesced_transpose30": {"write": {"device_start": -1, "host_queued_start": 1585587735.739445, "device_queued": -1, "device_end": -1, "host_queued_end": 1585587735.752089}, "device": "cpu", "nd_range": {"device_start": 2255510.038745408, "device_end": 2255510.038991115}, "cmdq": 1, "read": {"device_start": -1, "device_end": -1}}, "FFC_sans_bias69": {"write": {"device_start": -1, "host_queued_start": 1585587735.711142, "device_queued": -1, "device_end": -1, "host_queued_end": 1585587735.713305}, "device": "gpu", "nd_range": {"device_start": 1585587670.2713337, "device_end": 1585587670.272051}, "cmdq": 0, "read": {"device_start": -1, "device_end": -1}}, "FFC_sans_bias38": {"write": {"device_start": -1, "host_queued_start": 1585587735.734924, "device_queued": -1, "device_end": -1, "host_queued_end": 1585587735.752089}, "device": "cpu", "nd_range": {"device_start": 2255509.994408059, "device_end": 2255510.004537172}, "cmdq": 0, "read": {"device_start": -1, "device_end": -1}}, "coalesced_transpose57": {"write": {"device_start": -1, "host_queued_start": 1585587735.708884, "device_queued": -1, "device_end": -1, "host_queued_end": 1585587735.713305}, "device": "gpu", "nd_range": {"device_start": 1585587670.2685983, "device_end": 1585587670.2698636}, "cmdq": 3, "read": {"device_start": -1, "device_end": -1}}, "empty26": {"write": {"device_start": -1, "host_queued_start": 1585587735.716563, "device_queued": -1, "device_end": -1, "host_queued_end": 1585587735.752089}, "device": "cpu", "nd_range": {"device_start": 2255509.9417246943, "device_end": 2255509.941725672}, "cmdq": 0, "read": {"device_start": -1, "device_end": -1}}, "coalesced_transpose12": {"write": {"device_start": -1, "host_queued_start": 1585587735.738782, "device_queued": -1, "device_end": -1, "host_queued_end": 1585587735.752089}, "device": "cpu", "nd_range": {"device_start": 2255510.038384465, "device_end": 2255510.0386309354}, "cmdq": 1, "read": {"device_start": -1, "device_end": -1}}, "empty44": {"write": {"device_start": -1, "host_queued_start": 1585587735.718179, "device_queued": -1, "device_end": -1, "host_queued_end": 1585587735.752089}, "device": "cpu", "nd_range": {"device_start": 2255509.9417315014, "device_end": 2255509.941732311}, "cmdq": 0, "read": {"device_start": -1, "device_end": -1}}, "coalesced_transpose21": {"write": {"device_start": -1, "host_queued_start": 1585587735.739115, "device_queued": -1, "device_end": -1, "host_queued_end": 1585587735.752089}, "device": "cpu", "nd_range": {"device_start": 2255510.012964916, "device_end": 2255510.0130721973}, "cmdq": 0, "read": {"device_start": -1, "device_end": -1}}, "FFC_sans_bias36": {"write": {"device_start": -1, "host_queued_start": 1585587735.732801, "device_queued": -1, "device_end": -1, "host_queued_end": 1585587735.752089}, "device": "cpu", "nd_range": {"device_start": 2255509.9874905483, "device_end": 2255509.994401554}, "cmdq": 0, "read": {"device_start": -1, "device_end": -1}}, "softmax14": {"write": {"device_start": -1, "host_queued_start": 1585587735.742801, "device_queued": -1, "device_end": -1, "host_queued_end": 1585587735.752089}, "device": "cpu", "nd_range": {"device_start": 2255510.0689396453, "device_end": 2255510.069150165}, "cmdq": 1, "read": {"device_start": -1, "device_end": -1}}, "FFC_sans_bias13": {"write": {"device_start": -1, "host_queued_start": 1585587735.740862, "device_queued": -1, "device_end": -1, "host_queued_end": 1585587735.752089}, "device": "cpu", "nd_range": {"device_start": 2255510.039448984, "device_end": 2255510.048545817}, "cmdq": 1, "read": {"device_start": -1, "device_end": -1}}, "empty8": {"write": {"device_start": -1, "host_queued_start": 1585587735.714726, "device_queued": -1, "device_end": -1, "host_queued_end": 1585587735.752089}, "device": "cpu", "nd_range": {"device_start": 2255509.9416936804, "device_end": 2255509.9417045023}, "cmdq": 0, "read": {"device_start": -1, "device_end": -1}}, "FFC_sans_bias42": {"write": {"device_start": -1, "host_queued_start": 1585587735.745663, "device_queued": -1, "device_end": -1, "host_queued_end": 1585587735.752089}, "device": "cpu", "nd_range": {"device_start": 2255510.073941688, "device_end": 2255510.0852614613}, "cmdq": 0, "read": {"device_start": -1, "device_end": -1}}, "FFC_sans_bias43": {"write": {"device_start": -1, "host_queued_start": 1585587735.751057, "device_queued": -1, "device_end": -1, "host_queued_end": 1585587735.752089}, "device": "cpu", "nd_range": {"device_start": 2255510.1066940553, "device_end": 2255510.113849727}, "cmdq": 0, "read": {"device_start": -1, "device_end": -1}}, "FFC_sans_bias40": {"write": {"device_start": -1, "host_queued_start": 1585587735.741891, "device_queued": -1, "device_end": -1, "host_queued_end": 1585587735.752089}, "device": "cpu", "nd_range": {"device_start": 2255510.041017792, "device_end": 2255510.0525029353}, "cmdq": 0, "read": {"device_start": -1, "device_end": -1}}, "softmax32": {"write": {"device_start": -1, "host_queued_start": 1585587735.743351, "device_queued": -1, "device_end": -1, "host_queued_end": 1585587735.752089}, "device": "cpu", "nd_range": {"device_start": 2255510.06915503, "device_end": 2255510.069358269}, "cmdq": 1, "read": {"device_start": -1, "device_end": -1}}, "FFC_sans_bias47": {"write": {"device_start": -1, "host_queued_start": 1585587735.738107, "device_queued": -1, "device_end": -1, "host_queued_end": 1585587735.752089}, "device": "cpu", "nd_range": {"device_start": 2255510.026870212, "device_end": 2255510.038269342}, "cmdq": 1, "read": {"device_start": -1, "device_end": -1}}, "FFC_sans_bias45": {"write": {"device_start": -1, "host_queued_start": 1585587735.735969, "device_queued": -1, "device_end": -1, "host_queued_end": 1585587735.752089}, "device": "cpu", "nd_range": {"device_start": 2255510.0191651, "device_end": 2255510.026751075}, "cmdq": 1, "read": {"device_start": -1, "device_end": -1}}, "softmax50": {"write": {"device_start": -1, "host_queued_start": 1585587735.743932, "device_queued": -1, "device_end": -1, "host_queued_end": 1585587735.752089}, "device": "cpu", "nd_range": {"device_start": 2255510.069362971, "device_end": 2255510.069566423}, "cmdq": 1, "read": {"device_start": -1, "device_end": -1}}, "FFC_sans_bias33": {"write": {"device_start": -1, "host_queued_start": 1585587735.745315, "device_queued": -1, "device_end": -1, "host_queued_end": 1585587735.752089}, "device": "cpu", "nd_range": {"device_start": 2255510.081072388, "device_end": 2255510.089218108}, "cmdq": 1, "read": {"device_start": -1, "device_end": -1}}, "FFC_sans_bias63": {"write": {"device_start": 1585587670.2677343, "host_queued_start": 1585587735.708557, "device_queued": 1585587670.2672386, "device_end": 1585587670.2677639, "host_queued_end": 1585587735.713305}, "device": "gpu", "nd_range": {"device_start": 1585587670.2677665, "device_end": 1585587670.2699947}, "cmdq": 2, "read": {"device_start": -1, "device_end": -1}}, "FFC_sans_bias49": {"write": {"device_start": -1, "host_queued_start": 1585587735.742239, "device_queued": -1, "device_end": -1, "host_queued_end": 1585587735.752089}, "device": "cpu", "nd_range": {"device_start": 2255510.05988106, "device_end": 2255510.068933585}, "cmdq": 1, "read": {"device_start": -1, "device_end": -1}}, "FFC_sans_bias64": {"write": {"device_start": 1585587670.2672582, "host_queued_start": 1585587735.706436, "device_queued": 1585587670.267165, "device_end": 1585587670.267299, "host_queued_end": 1585587735.713305}, "device": "gpu", "nd_range": {"device_start": 1585587670.267305, "device_end": 1585587670.269012}, "cmdq": 0, "read": {"device_start": -1, "device_end": -1}}, "FFC_sans_bias65": {"write": {"device_start": 1585587670.2673755, "host_queued_start": 1585587735.707529, "device_queued": 1585587670.2672217, "device_end": 1585587670.2674048, "host_queued_end": 1585587735.713305}, "device": "gpu", "nd_range": {"device_start": 1585587670.2674873, "device_end": 1585587670.269566}, "cmdq": 1, "read": {"device_start": -1, "device_end": -1}}, "FFC_sans_bias67": {"write": {"device_start": -1, "host_queued_start": 1585587735.709985, "device_queued": -1, "device_end": -1, "host_queued_end": 1585587735.713305}, "device": "gpu", "nd_range": {"device_start": 1585587670.2698805, "device_end": 1585587670.2709763}, "cmdq": 1, "read": {"device_start": -1, "device_end": -1}}, "FFC_sans_bias24": {"write": {"device_start": -1, "host_queued_start": 1585587735.744969, "device_queued": -1, "device_end": -1, "host_queued_end": 1585587735.752089}, "device": "cpu", "nd_range": {"device_start": 2255510.064340838, "device_end": 2255510.073931353}, "cmdq": 0, "read": {"device_start": -1, "device_end": -1}}, "FFC_sans_bias25": {"write": {"device_start": -1, "host_queued_start": 1585587735.749077, "device_queued": -1, "device_end": -1, "host_queued_end": 1585587735.752089}, "device": "cpu", "nd_range": {"device_start": 2255510.0954395733, "device_end": 2255510.106689682}, "cmdq": 0, "read": {"device_start": -1, "device_end": -1}}, "FFC_sans_bias27": {"write": {"device_start": -1, "host_queued_start": 1585587735.729622, "device_queued": -1, "device_end": -1, "host_queued_end": 1585587735.752089}, "device": "cpu", "nd_range": {"device_start": 2255509.98517787, "device_end": 2255509.990434558}, "cmdq": 1, "read": {"device_start": -1, "device_end": -1}}, "FFC_sans_bias20": {"write": {"device_start": -1, "host_queued_start": 1585587735.728574, "device_queued": -1, "device_end": -1, "host_queued_end": 1585587735.752089}, "device": "cpu", "nd_range": {"device_start": 2255509.974347698, "device_end": 2255509.9800899}, "cmdq": 0, "read": {"device_start": -1, "device_end": -1}}, "FFC_sans_bias22": {"write": {"device_start": -1, "host_queued_start": 1585587735.741203, "device_queued": -1, "device_end": -1, "host_queued_end": 1585587735.752089}, "device": "cpu", "nd_range": {"device_start": 2255510.0313062333, "device_end": 2255510.0408997373}, "cmdq": 0, "read": {"device_start": -1, "device_end": -1}}, "softmax68": {"write": {"device_start": -1, "host_queued_start": 1585587735.710481, "device_queued": -1, "device_end": -1, "host_queued_end": 1585587735.713305}, "device": "gpu", "nd_range": {"device_start": 1585587670.2709825, "device_end": 1585587670.271331}, "cmdq": 3, "read": {"device_start": -1, "device_end": -1}}, "softmax5": {"write": {"device_start": -1, "host_queued_start": 1585587735.742523, "device_queued": -1, "device_end": -1, "host_queued_end": 1585587735.752089}, "device": "cpu", "nd_range": {"device_start": 2255510.052621183, "device_end": 2255510.052842723}, "cmdq": 0, "read": {"device_start": -1, "device_end": -1}}, "FFC_sans_bias28": {"write": {"device_start": -1, "host_queued_start": 1585587735.730695, "device_queued": -1, "device_end": -1, "host_queued_end": 1585587735.752089}, "device": "cpu", "nd_range": {"device_start": 2255509.98009601, "device_end": 2255509.987369661}, "cmdq": 0, "read": {"device_start": -1, "device_end": -1}}, "FFC_sans_bias29": {"write": {"device_start": -1, "host_queued_start": 1585587735.731755, "device_queued": -1, "device_end": -1, "host_queued_end": 1585587735.752089}, "device": "cpu", "nd_range": {"device_start": 2255509.995812844, "device_end": 2255510.004537106}, "cmdq": 1, "read": {"device_start": -1, "device_end": -1}}, "empty17": {"write": {"device_start": -1, "host_queued_start": 1585587735.715709, "device_queued": -1, "device_end": -1, "host_queued_end": 1585587735.752089}, "device": "cpu", "nd_range": {"device_start": 2255509.9416922103, "device_end": 2255509.941703976}, "cmdq": 1, "read": {"device_start": -1, "device_end": -1}}, "softmax59": {"write": {"device_start": -1, "host_queued_start": 1585587735.710238, "device_queued": -1, "device_end": -1, "host_queued_end": 1585587735.713305}, "device": "gpu", "nd_range": {"device_start": 1585587670.270493, "device_end": 1585587670.2710288}, "cmdq": 2, "read": {"device_start": -1, "device_end": -1}}, "empty71": {"write": {"device_start": 1585587670.2667258, "host_queued_start": 1585587735.702187, "device_queued": 1585587670.2666388, "device_end": 1585587670.2667875, "host_queued_end": 1585587735.713305}, "device": "gpu", "nd_range": {"device_start": 1585587670.2669792, "device_end": 1585587670.2670074}, "cmdq": 1, "read": {"device_start": -1, "device_end": -1}}, "empty35": {"write": {"device_start": -1, "host_queued_start": 1585587735.717377, "device_queued": -1, "device_end": -1, "host_queued_end": 1585587735.752089}, "device": "cpu", "nd_range": {"device_start": 2255509.9417246473, "device_end": 2255509.9417258683}, "cmdq": 1, "read": {"device_start": -1, "device_end": -1}}, "empty53": {"write": {"device_start": -1, "host_queued_start": 1585587735.719071, "device_queued": -1, "device_end": -1, "host_queued_end": 1585587735.752089}, "device": "cpu", "nd_range": {"device_start": 2255509.9417325323, "device_end": 2255509.9417331503}, "cmdq": 1, "read": {"device_start": -1, "device_end": -1}}, "FFC_sans_bias46": {"write": {"device_start": -1, "host_queued_start": 1585587735.737049, "device_queued": -1, "device_end": -1, "host_queued_end": 1585587735.752089}, "device": "cpu", "nd_range": {"device_start": 2255510.004542441, "device_end": 2255510.0126143442}, "cmdq": 0, "read": {"device_start": -1, "device_end": -1}}, "coalesced_transpose66": {"write": {"device_start": -1, "host_queued_start": 1585587735.709355, "device_queued": -1, "device_end": -1, "host_queued_end": 1585587735.713305}, "device": "gpu", "nd_range": {"device_start": 1585587670.2690196, "device_end": 1585587670.2698758}, "cmdq": 4, "read": {"device_start": -1, "device_end": -1}}, "coalesced_transpose48": {"write": {"device_start": -1, "host_queued_start": 1585587735.740164, "device_queued": -1, "device_end": -1, "host_queued_end": 1585587735.752089}, "device": "cpu", "nd_range": {"device_start": 2255510.03909851, "device_end": 2255510.0393425343}, "cmdq": 1, "read": {"device_start": -1, "device_end": -1}}}