{"FFC_sans_bias60": {"write": {"device_start": -1, "host_queued_start": 1585587557.487904, "device_queued": -1, "device_end": -1, "host_queued_end": 1585587557.491447}, "device": "gpu", "nd_range": {"device_start": 1585587492.0560942, "device_end": 1585587492.0569017}, "cmdq": 1, "read": {"device_start": -1, "device_end": -1}}, "FFC_sans_bias4": {"write": {"device_start": -1, "host_queued_start": 1585587557.515104, "device_queued": -1, "device_end": -1, "host_queued_end": 1585587557.524771}, "device": "cpu", "nd_range": {"device_start": 2255331.788160683, "device_end": 2255331.797682327}, "cmdq": 0, "read": {"device_start": -1, "device_end": -1}}, "FFC_sans_bias7": {"write": {"device_start": -1, "host_queued_start": 1585587557.520753, "device_queued": -1, "device_end": -1, "host_queued_end": 1585587557.524771}, "device": "cpu", "nd_range": {"device_start": 2255331.813918395, "device_end": 2255331.82945579}, "cmdq": 0, "read": {"device_start": -1, "device_end": -1}}, "FFC_sans_bias6": {"write": {"device_start": -1, "host_queued_start": 1585587557.518331, "device_queued": -1, "device_end": -1, "host_queued_end": 1585587557.524771}, "device": "cpu", "nd_range": {"device_start": 2255331.798108328, "device_end": 2255331.8137937672}, "cmdq": 0, "read": {"device_start": -1, "device_end": -1}}, "FFC_sans_bias1": {"write": {"device_start": -1, "host_queued_start": 1585587557.499016, "device_queued": -1, "device_end": -1, "host_queued_end": 1585587557.524771}, "device": "cpu", "nd_range": {"device_start": 2255331.761064391, "device_end": 2255331.786602296}, "cmdq": 1, "read": {"device_start": -1, "device_end": -1}}, "FFC_sans_bias0": {"write": {"device_start": -1, "host_queued_start": 1585587557.497915, "device_queued": -1, "device_end": -1, "host_queued_end": 1585587557.524771}, "device": "cpu", "nd_range": {"device_start": 2255331.714433064, "device_end": 2255331.730740214}, "cmdq": 0, "read": {"device_start": -1, "device_end": -1}}, "FFC_sans_bias2": {"write": {"device_start": -1, "host_queued_start": 1585587557.500225, "device_queued": -1, "device_end": -1, "host_queued_end": 1585587557.524771}, "device": "cpu", "nd_range": {"device_start": 2255331.714439675, "device_end": 2255331.729725065}, "cmdq": 2, "read": {"device_start": -1, "device_end": -1}}, "FFC_sans_bias61": {"write": {"device_start": 1585587492.0570335, "host_queued_start": 1585587557.490269, "device_queued": 1585587492.051342, "device_end": 1585587492.0570643, "host_queued_end": 1585587557.491447}, "device": "gpu", "nd_range": {"device_start": 1585587492.0570693, "device_end": 1585587492.0583467}, "cmdq": 1, "read": {"device_start": 1585587492.058354, "device_end": 1585587492.058377}}, "FFC_sans_bias52": {"write": {"device_start": 1585587492.0565248, "host_queued_start": 1585587557.489223, "device_queued": 1585587492.0513022, "device_end": 1585587492.0565553, "host_queued_end": 1585587557.491447}, "device": "gpu", "nd_range": {"device_start": 1585587492.0565586, "device_end": 1585587492.0573852}, "cmdq": 0, "read": {"device_start": 1585587492.0573885, "device_end": 1585587492.0574152}}, "FFC_sans_bias9": {"write": {"device_start": -1, "host_queued_start": 1585587557.501375, "device_queued": -1, "device_end": -1, "host_queued_end": 1585587557.524771}, "device": "cpu", "nd_range": {"device_start": 2255331.7144081313, "device_end": 2255331.7299108054}, "cmdq": 3, "read": {"device_start": -1, "device_end": -1}}, "coalesced_transpose39": {"write": {"device_start": -1, "host_queued_start": 1585587557.514763, "device_queued": -1, "device_end": -1, "host_queued_end": 1585587557.524771}, "device": "cpu", "nd_range": {"device_start": 2255331.783744579, "device_end": 2255331.78398345}, "cmdq": 4, "read": {"device_start": -1, "device_end": -1}}, "FFC_sans_bias55": {"write": {"device_start": 1585587492.05167, "host_queued_start": 1585587557.481296, "device_queued": 1585587492.050243, "device_end": 1585587492.0517006, "host_queued_end": 1585587557.491447}, "device": "gpu", "nd_range": {"device_start": 1585587492.0517068, "device_end": 1585587492.053009}, "cmdq": 2, "read": {"device_start": -1, "device_end": -1}}, "FFC_sans_bias54": {"write": {"device_start": 1585587492.0511558, "host_queued_start": 1585587557.480262, "device_queued": 1585587492.0501013, "device_end": 1585587492.051187, "host_queued_end": 1585587557.491447}, "device": "gpu", "nd_range": {"device_start": 1585587492.0511916, "device_end": 1585587492.0525248}, "cmdq": 1, "read": {"device_start": -1, "device_end": -1}}, "FFC_sans_bias56": {"write": {"device_start": 1585587492.0507421, "host_queued_start": 1585587557.47923, "device_queued": 1585587492.0500486, "device_end": 1585587492.0507727, "host_queued_end": 1585587557.491447}, "device": "gpu", "nd_range": {"device_start": 1585587492.0507765, "device_end": 1585587492.052018}, "cmdq": 0, "read": {"device_start": -1, "device_end": -1}}, "FFC_sans_bias51": {"write": {"device_start": -1, "host_queued_start": 1585587557.487585, "device_queued": -1, "device_end": -1, "host_queued_end": 1585587557.491447}, "device": "gpu", "nd_range": {"device_start": 1585587492.0556622, "device_end": 1585587492.0563896}, "cmdq": 0, "read": {"device_start": -1, "device_end": -1}}, "softmax23": {"write": {"device_start": -1, "host_queued_start": 1585587557.517382, "device_queued": -1, "device_end": -1, "host_queued_end": 1585587557.524771}, "device": "cpu", "nd_range": {"device_start": 2255331.7715528053, "device_end": 2255331.771749602}, "cmdq": 2, "read": {"device_start": -1, "device_end": -1}}, "FFC_sans_bias37": {"write": {"device_start": -1, "host_queued_start": 1585587557.511987, "device_queued": -1, "device_end": -1, "host_queued_end": 1585587557.524771}, "device": "cpu", "nd_range": {"device_start": 2255331.763993326, "device_end": 2255331.78034981}, "cmdq": 3, "read": {"device_start": -1, "device_end": -1}}, "empty62": {"write": {"device_start": 1585587492.0496922, "host_queued_start": 1585587557.474138, "device_queued": 1585587492.049518, "device_end": 1585587492.0497713, "host_queued_end": 1585587557.491447}, "device": "gpu", "nd_range": {"device_start": 1585587492.0497768, "device_end": 1585587492.0497806}, "cmdq": 1, "read": {"device_start": -1, "device_end": -1}}, "FFC_sans_bias70": {"write": {"device_start": 1585587492.0579953, "host_queued_start": 1585587557.491346, "device_queued": 1585587492.0514772, "device_end": 1585587492.058026, "host_queued_end": 1585587557.491447}, "device": "gpu", "nd_range": {"device_start": 1585587492.0580294, "device_end": 1585587492.0587869}, "cmdq": 2, "read": {"device_start": 1585587492.0587952, "device_end": 1585587492.0588171}}, "FFC_sans_bias58": {"write": {"device_start": -1, "host_queued_start": 1585587557.486169, "device_queued": -1, "device_end": -1, "host_queued_end": 1585587557.491447}, "device": "gpu", "nd_range": {"device_start": 1585587492.0543494, "device_end": 1585587492.055421}, "cmdq": 1, "read": {"device_start": -1, "device_end": -1}}, "softmax41": {"write": {"device_start": -1, "host_queued_start": 1585587557.517992, "device_queued": -1, "device_end": -1, "host_queued_end": 1585587557.524771}, "device": "cpu", "nd_range": {"device_start": 2255331.801612846, "device_end": 2255331.80182064}, "cmdq": 4, "read": {"device_start": -1, "device_end": -1}}, "FFC_sans_bias11": {"write": {"device_start": -1, "host_queued_start": 1585587557.503548, "device_queued": -1, "device_end": -1, "host_queued_end": 1585587557.524771}, "device": "cpu", "nd_range": {"device_start": 2255331.7308683153, "device_end": 2255331.746348294}, "cmdq": 0, "read": {"device_start": -1, "device_end": -1}}, "FFC_sans_bias10": {"write": {"device_start": -1, "host_queued_start": 1585587557.502466, "device_queued": -1, "device_end": -1, "host_queued_end": 1585587557.524771}, "device": "cpu", "nd_range": {"device_start": 2255331.7149192314, "device_end": 2255331.730150809}, "cmdq": 4, "read": {"device_start": -1, "device_end": -1}}, "coalesced_transpose3": {"write": {"device_start": -1, "host_queued_start": 1585587557.513364, "device_queued": -1, "device_end": -1, "host_queued_end": 1585587557.524771}, "device": "cpu", "nd_range": {"device_start": 2255331.7877991754, "device_end": 2255331.788044909}, "cmdq": 0, "read": {"device_start": -1, "device_end": -1}}, "FFC_sans_bias34": {"write": {"device_start": -1, "host_queued_start": 1585587557.523735, "device_queued": -1, "device_end": -1, "host_queued_end": 1585587557.524771}, "device": "cpu", "nd_range": {"device_start": 2255331.83552319, "device_end": 2255331.8459144793}, "cmdq": 3, "read": {"device_start": -1, "device_end": -1}}, "FFC_sans_bias15": {"write": {"device_start": -1, "host_queued_start": 1585587557.518679, "device_queued": -1, "device_end": -1, "host_queued_end": 1585587557.524771}, "device": "cpu", "nd_range": {"device_start": 2255331.832207891, "device_end": 2255331.838891642}, "cmdq": 1, "read": {"device_start": -1, "device_end": -1}}, "FFC_sans_bias31": {"write": {"device_start": -1, "host_queued_start": 1585587557.516155, "device_queued": -1, "device_end": -1, "host_queued_end": 1585587557.524771}, "device": "cpu", "nd_range": {"device_start": 2255331.7814314673, "device_end": 2255331.815818911}, "cmdq": 3, "read": {"device_start": -1, "device_end": -1}}, "FFC_sans_bias16": {"write": {"device_start": -1, "host_queued_start": 1585587557.521744, "device_queued": -1, "device_end": -1, "host_queued_end": 1585587557.524771}, "device": "cpu", "nd_range": {"device_start": 2255331.8388974923, "device_end": 2255331.8473125673}, "cmdq": 1, "read": {"device_start": -1, "device_end": -1}}, "FFC_sans_bias19": {"write": {"device_start": -1, "host_queued_start": 1585587557.505641, "device_queued": -1, "device_end": -1, "host_queued_end": 1585587557.524771}, "device": "cpu", "nd_range": {"device_start": 2255331.729845066, "device_end": 2255331.7451099893}, "cmdq": 2, "read": {"device_start": -1, "device_end": -1}}, "FFC_sans_bias18": {"write": {"device_start": -1, "host_queued_start": 1585587557.504596, "device_queued": -1, "device_end": -1, "host_queued_end": 1585587557.524771}, "device": "cpu", "nd_range": {"device_start": 2255331.7867232533, "device_end": 2255331.801934083}, "cmdq": 1, "read": {"device_start": -1, "device_end": -1}}, "coalesced_transpose30": {"write": {"device_start": -1, "host_queued_start": 1585587557.514428, "device_queued": -1, "device_end": -1, "host_queued_end": 1585587557.524771}, "device": "cpu", "nd_range": {"device_start": 2255331.7808040692, "device_end": 2255331.781053251}, "cmdq": 3, "read": {"device_start": -1, "device_end": -1}}, "FFC_sans_bias69": {"write": {"device_start": -1, "host_queued_start": 1585587557.488218, "device_queued": -1, "device_end": -1, "host_queued_end": 1585587557.491447}, "device": "gpu", "nd_range": {"device_start": 1585587492.0565915, "device_end": 1585587492.0578694}, "cmdq": 2, "read": {"device_start": -1, "device_end": -1}}, "FFC_sans_bias38": {"write": {"device_start": -1, "host_queued_start": 1585587557.513036, "device_queued": -1, "device_end": -1, "host_queued_end": 1585587557.524771}, "device": "cpu", "nd_range": {"device_start": 2255331.745611294, "device_end": 2255331.7608527183}, "cmdq": 4, "read": {"device_start": -1, "device_end": -1}}, "coalesced_transpose57": {"write": {"device_start": -1, "host_queued_start": 1585587557.48525, "device_queued": -1, "device_end": -1, "host_queued_end": 1585587557.491447}, "device": "gpu", "nd_range": {"device_start": 1585587492.054013, "device_end": 1585587492.0543482}, "cmdq": 1, "read": {"device_start": -1, "device_end": -1}}, "empty26": {"write": {"device_start": -1, "host_queued_start": 1585587557.495052, "device_queued": -1, "device_end": -1, "host_queued_end": 1585587557.524771}, "device": "cpu", "nd_range": {"device_start": 2255331.714419634, "device_end": 2255331.7144233813}, "cmdq": 2, "read": {"device_start": -1, "device_end": -1}}, "coalesced_transpose12": {"write": {"device_start": -1, "host_queued_start": 1585587557.513694, "device_queued": -1, "device_end": -1, "host_queued_end": 1585587557.524771}, "device": "cpu", "nd_range": {"device_start": 2255331.817391315, "device_end": 2255331.817641425}, "cmdq": 1, "read": {"device_start": -1, "device_end": -1}}, "empty44": {"write": {"device_start": -1, "host_queued_start": 1585587557.496898, "device_queued": -1, "device_end": -1, "host_queued_end": 1585587557.524771}, "device": "cpu", "nd_range": {"device_start": 2255331.7147950083, "device_end": 2255331.714798637}, "cmdq": 4, "read": {"device_start": -1, "device_end": -1}}, "coalesced_transpose21": {"write": {"device_start": -1, "host_queued_start": 1585587557.514095, "device_queued": -1, "device_end": -1, "host_queued_end": 1585587557.524771}, "device": "cpu", "nd_range": {"device_start": 2255331.7606725413, "device_end": 2255331.760915996}, "cmdq": 2, "read": {"device_start": -1, "device_end": -1}}, "FFC_sans_bias36": {"write": {"device_start": -1, "host_queued_start": 1585587557.510946, "device_queued": -1, "device_end": -1, "host_queued_end": 1585587557.524771}, "device": "cpu", "nd_range": {"device_start": 2255331.745242767, "device_end": 2255331.760554951}, "cmdq": 2, "read": {"device_start": -1, "device_end": -1}}, "softmax14": {"write": {"device_start": -1, "host_queued_start": 1585587557.517072, "device_queued": -1, "device_end": -1, "host_queued_end": 1585587557.524771}, "device": "cpu", "nd_range": {"device_start": 2255331.8319881693, "device_end": 2255331.83220168}, "cmdq": 1, "read": {"device_start": -1, "device_end": -1}}, "FFC_sans_bias13": {"write": {"device_start": -1, "host_queued_start": 1585587557.515447, "device_queued": -1, "device_end": -1, "host_queued_end": 1585587557.524771}, "device": "cpu", "nd_range": {"device_start": 2255331.817647599, "device_end": 2255331.8319819253}, "cmdq": 1, "read": {"device_start": -1, "device_end": -1}}, "empty8": {"write": {"device_start": -1, "host_queued_start": 1585587557.492873, "device_queued": -1, "device_end": -1, "host_queued_end": 1585587557.524771}, "device": "cpu", "nd_range": {"device_start": 2255331.714368149, "device_end": 2255331.714378972}, "cmdq": 0, "read": {"device_start": -1, "device_end": -1}}, "FFC_sans_bias42": {"write": {"device_start": -1, "host_queued_start": 1585587557.519707, "device_queued": -1, "device_end": -1, "host_queued_end": 1585587557.524771}, "device": "cpu", "nd_range": {"device_start": 2255331.801933389, "device_end": 2255331.815366371}, "cmdq": 4, "read": {"device_start": -1, "device_end": -1}}, "FFC_sans_bias43": {"write": {"device_start": -1, "host_queued_start": 1585587557.524726, "device_queued": -1, "device_end": -1, "host_queued_end": 1585587557.524771}, "device": "cpu", "nd_range": {"device_start": 2255331.815487284, "device_end": 2255331.832207314}, "cmdq": 4, "read": {"device_start": -1, "device_end": -1}}, "FFC_sans_bias40": {"write": {"device_start": -1, "host_queued_start": 1585587557.516507, "device_queued": -1, "device_end": -1, "host_queued_end": 1585587557.524771}, "device": "cpu", "nd_range": {"device_start": 2255331.7841139412, "device_end": 2255331.8014869303}, "cmdq": 4, "read": {"device_start": -1, "device_end": -1}}, "softmax32": {"write": {"device_start": -1, "host_queued_start": 1585587557.517674, "device_queued": -1, "device_end": -1, "host_queued_end": 1585587557.524771}, "device": "cpu", "nd_range": {"device_start": 2255331.815830167, "device_end": 2255331.816047685}, "cmdq": 3, "read": {"device_start": -1, "device_end": -1}}, "FFC_sans_bias47": {"write": {"device_start": 1585587492.050133, "host_queued_start": 1585587557.478142, "device_queued": 1585587492.0498493, "device_end": 1585587492.05016, "host_queued_end": 1585587557.491447}, "device": "gpu", "nd_range": {"device_start": 1585587492.0501628, "device_end": 1585587492.0515752}, "cmdq": 2, "read": {"device_start": -1, "device_end": -1}}, "FFC_sans_bias45": {"write": {"device_start": 1585587492.0499194, "host_queued_start": 1585587557.476013, "device_queued": 1585587492.0496402, "device_end": 1585587492.0499907, "host_queued_end": 1585587557.491447}, "device": "gpu", "nd_range": {"device_start": 1585587492.0499997, "device_end": 1585587492.0506058}, "cmdq": 0, "read": {"device_start": -1, "device_end": -1}}, "softmax50": {"write": {"device_start": -1, "host_queued_start": 1585587557.486765, "device_queued": -1, "device_end": -1, "host_queued_end": 1585587557.491447}, "device": "gpu", "nd_range": {"device_start": 1585587492.05494, "device_end": 1585587492.0556612}, "cmdq": 0, "read": {"device_start": -1, "device_end": -1}}, "FFC_sans_bias33": {"write": {"device_start": -1, "host_queued_start": 1585587557.519368, "device_queued": -1, "device_end": -1, "host_queued_end": 1585587557.524771}, "device": "cpu", "nd_range": {"device_start": 2255331.81605295, "device_end": 2255331.83551664}, "cmdq": 3, "read": {"device_start": -1, "device_end": -1}}, "FFC_sans_bias63": {"write": {"device_start": 1585587492.053134, "host_queued_start": 1585587557.484617, "device_queued": 1585587492.0504813, "device_end": 1585587492.053167, "host_queued_end": 1585587557.491447}, "device": "gpu", "nd_range": {"device_start": 1585587492.053172, "device_end": 1585587492.054455}, "cmdq": 2, "read": {"device_start": -1, "device_end": -1}}, "FFC_sans_bias49": {"write": {"device_start": -1, "host_queued_start": 1585587557.48586, "device_queued": -1, "device_end": -1, "host_queued_end": 1585587557.491447}, "device": "gpu", "nd_range": {"device_start": 1585587492.0543268, "device_end": 1585587492.0549386}, "cmdq": 0, "read": {"device_start": -1, "device_end": -1}}, "FFC_sans_bias64": {"write": {"device_start": 1585587492.052145, "host_queued_start": 1585587557.482502, "device_queued": 1585587492.0503075, "device_end": 1585587492.0521772, "host_queued_end": 1585587557.491447}, "device": "gpu", "nd_range": {"device_start": 1585587492.0521817, "device_end": 1585587492.0534804}, "cmdq": 0, "read": {"device_start": -1, "device_end": -1}}, "FFC_sans_bias65": {"write": {"device_start": 1585587492.052666, "host_queued_start": 1585587557.483581, "device_queued": 1585587492.050456, "device_end": 1585587492.0527034, "host_queued_end": 1585587557.491447}, "device": "gpu", "nd_range": {"device_start": 1585587492.0527089, "device_end": 1585587492.054008}, "cmdq": 1, "read": {"device_start": -1, "device_end": -1}}, "FFC_sans_bias67": {"write": {"device_start": -1, "host_queued_start": 1585587557.486487, "device_queued": -1, "device_end": -1, "host_queued_end": 1585587557.491447}, "device": "gpu", "nd_range": {"device_start": 1585587492.0552707, "device_end": 1585587492.0559218}, "cmdq": 2, "read": {"device_start": -1, "device_end": -1}}, "FFC_sans_bias24": {"write": {"device_start": -1, "host_queued_start": 1585587557.519022, "device_queued": -1, "device_end": -1, "host_queued_end": 1585587557.524771}, "device": "cpu", "nd_range": {"device_start": 2255331.771855895, "device_end": 2255331.779765861}, "cmdq": 2, "read": {"device_start": -1, "device_end": -1}}, "FFC_sans_bias25": {"write": {"device_start": -1, "host_queued_start": 1585587557.52274, "device_queued": -1, "device_end": -1, "host_queued_end": 1585587557.524771}, "device": "cpu", "nd_range": {"device_start": 2255331.779884673, "device_end": 2255331.785888698}, "cmdq": 2, "read": {"device_start": -1, "device_end": -1}}, "FFC_sans_bias27": {"write": {"device_start": -1, "host_queued_start": 1585587557.507774, "device_queued": -1, "device_end": -1, "host_queued_end": 1585587557.524771}, "device": "cpu", "nd_range": {"device_start": 2255331.7302711303, "device_end": 2255331.7454937003}, "cmdq": 4, "read": {"device_start": -1, "device_end": -1}}, "FFC_sans_bias20": {"write": {"device_start": -1, "host_queued_start": 1585587557.506709, "device_queued": -1, "device_end": -1, "host_queued_end": 1585587557.524771}, "device": "cpu", "nd_range": {"device_start": 2255331.733388783, "device_end": 2255331.75524628}, "cmdq": 3, "read": {"device_start": -1, "device_end": -1}}, "FFC_sans_bias22": {"write": {"device_start": -1, "host_queued_start": 1585587557.515802, "device_queued": -1, "device_end": -1, "host_queued_end": 1585587557.524771}, "device": "cpu", "nd_range": {"device_start": 2255331.760941607, "device_end": 2255331.7714358973}, "cmdq": 2, "read": {"device_start": -1, "device_end": -1}}, "softmax68": {"write": {"device_start": -1, "host_queued_start": 1585587557.48726, "device_queued": -1, "device_end": -1, "host_queued_end": 1585587557.491447}, "device": "gpu", "nd_range": {"device_start": 1585587492.055923, "device_end": 1585587492.05659}, "cmdq": 2, "read": {"device_start": -1, "device_end": -1}}, "softmax5": {"write": {"device_start": -1, "host_queued_start": 1585587557.51679, "device_queued": -1, "device_end": -1, "host_queued_end": 1585587557.524771}, "device": "cpu", "nd_range": {"device_start": 2255331.79779493, "device_end": 2255331.798004356}, "cmdq": 0, "read": {"device_start": -1, "device_end": -1}}, "FFC_sans_bias28": {"write": {"device_start": -1, "host_queued_start": 1585587557.508823, "device_queued": -1, "device_end": -1, "host_queued_end": 1585587557.524771}, "device": "cpu", "nd_range": {"device_start": 2255331.747064154, "device_end": 2255331.762301952}, "cmdq": 0, "read": {"device_start": -1, "device_end": -1}}, "FFC_sans_bias29": {"write": {"device_start": -1, "host_queued_start": 1585587557.509871, "device_queued": -1, "device_end": -1, "host_queued_end": 1585587557.524771}, "device": "cpu", "nd_range": {"device_start": 2255331.802047496, "device_end": 2255331.8173820893}, "cmdq": 1, "read": {"device_start": -1, "device_end": -1}}, "empty17": {"write": {"device_start": -1, "host_queued_start": 1585587557.494011, "device_queued": -1, "device_end": -1, "host_queued_end": 1585587557.524771}, "device": "cpu", "nd_range": {"device_start": 2255331.714368068, "device_end": 2255331.7143790093}, "cmdq": 1, "read": {"device_start": -1, "device_end": -1}}, "softmax59": {"write": {"device_start": -1, "host_queued_start": 1585587557.487011, "device_queued": -1, "device_end": -1, "host_queued_end": 1585587557.491447}, "device": "gpu", "nd_range": {"device_start": 1585587492.0554223, "device_end": 1585587492.0560927}, "cmdq": 1, "read": {"device_start": -1, "device_end": -1}}, "empty71": {"write": {"device_start": 1585587492.0498042, "host_queued_start": 1585587557.475005, "device_queued": 1585587492.0495818, "device_end": 1585587492.0498786, "host_queued_end": 1585587557.491447}, "device": "gpu", "nd_range": {"device_start": 1585587492.0498822, "device_end": 1585587492.0498865}, "cmdq": 2, "read": {"device_start": -1, "device_end": -1}}, "empty35": {"write": {"device_start": -1, "host_queued_start": 1585587557.496063, "device_queued": -1, "device_end": -1, "host_queued_end": 1585587557.524771}, "device": "cpu", "nd_range": {"device_start": 2255331.7143986, "device_end": 2255331.714399755}, "cmdq": 3, "read": {"device_start": -1, "device_end": -1}}, "empty53": {"write": {"device_start": 1585587492.0495586, "host_queued_start": 1585587557.473096, "device_queued": 1585587492.0494184, "device_end": 1585587492.0496128, "host_queued_end": 1585587557.491447}, "device": "gpu", "nd_range": {"device_start": 1585587492.0496175, "device_end": 1585587492.0496237}, "cmdq": 0, "read": {"device_start": -1, "device_end": -1}}, "FFC_sans_bias46": {"write": {"device_start": 1585587492.0500226, "host_queued_start": 1585587557.477075, "device_queued": 1585587492.0498266, "device_end": 1585587492.0501115, "host_queued_end": 1585587557.491447}, "device": "gpu", "nd_range": {"device_start": 1585587492.0501163, "device_end": 1585587492.051017}, "cmdq": 1, "read": {"device_start": -1, "device_end": -1}}, "coalesced_transpose66": {"write": {"device_start": -1, "host_queued_start": 1585587557.485545, "device_queued": -1, "device_end": -1, "host_queued_end": 1585587557.491447}, "device": "gpu", "nd_range": {"device_start": 1585587492.0544608, "device_end": 1585587492.0552695}, "cmdq": 2, "read": {"device_start": -1, "device_end": -1}}, "coalesced_transpose48": {"write": {"device_start": -1, "host_queued_start": 1585587557.484943, "device_queued": -1, "device_end": -1, "host_queued_end": 1585587557.491447}, "device": "gpu", "nd_range": {"device_start": 1585587492.0534823, "device_end": 1585587492.0543258}, "cmdq": 0, "read": {"device_start": -1, "device_end": -1}}}