{"FFC_sans_bias60": {"write": {"device_start": -1, "host_queued_start": 1585587281.759593, "device_queued": -1, "device_end": -1, "host_queued_end": 1585587281.763127}, "device": "gpu", "nd_range": {"device_start": 1585587216.3388548, "device_end": 1585587216.3394616}, "cmdq": 0, "read": {"device_start": -1, "device_end": -1}}, "FFC_sans_bias4": {"write": {"device_start": -1, "host_queued_start": 1585587281.786588, "device_queued": -1, "device_end": -1, "host_queued_end": 1585587281.796164}, "device": "cpu", "nd_range": {"device_start": 2255056.0462714033, "device_end": 2255056.0586863603}, "cmdq": 1, "read": {"device_start": -1, "device_end": -1}}, "FFC_sans_bias7": {"write": {"device_start": -1, "host_queued_start": 1585587281.792159, "device_queued": -1, "device_end": -1, "host_queued_end": 1585587281.796164}, "device": "cpu", "nd_range": {"device_start": 2255056.09529765, "device_end": 2255056.111351627}, "cmdq": 0, "read": {"device_start": -1, "device_end": -1}}, "FFC_sans_bias6": {"write": {"device_start": -1, "host_queued_start": 1585587281.789726, "device_queued": -1, "device_end": -1, "host_queued_end": 1585587281.796164}, "device": "cpu", "nd_range": {"device_start": 2255056.078326918, "device_end": 2255056.09361485}, "cmdq": 3, "read": {"device_start": -1, "device_end": -1}}, "FFC_sans_bias1": {"write": {"device_start": -1, "host_queued_start": 1585587281.770652, "device_queued": -1, "device_end": -1, "host_queued_end": 1585587281.796164}, "device": "cpu", "nd_range": {"device_start": 2255055.986494937, "device_end": 2255056.00179618}, "cmdq": 2, "read": {"device_start": -1, "device_end": -1}}, "FFC_sans_bias0": {"write": {"device_start": -1, "host_queued_start": 1585587281.769463, "device_queued": -1, "device_end": -1, "host_queued_end": 1585587281.796164}, "device": "cpu", "nd_range": {"device_start": 2255055.9858164713, "device_end": 2255056.001071445}, "cmdq": 1, "read": {"device_start": -1, "device_end": -1}}, "FFC_sans_bias2": {"write": {"device_start": -1, "host_queued_start": 1585587281.771699, "device_queued": -1, "device_end": -1, "host_queued_end": 1585587281.796164}, "device": "cpu", "nd_range": {"device_start": 2255055.9857994923, "device_end": 2255056.0013003903}, "cmdq": 3, "read": {"device_start": -1, "device_end": -1}}, "FFC_sans_bias61": {"write": {"device_start": 1585587216.3417604, "host_queued_start": 1585587281.761952, "device_queued": 1585587216.3302283, "device_end": 1585587216.3417912, "host_queued_end": 1585587281.763127}, "device": "gpu", "nd_range": {"device_start": 1585587216.3417993, "device_end": 1585587216.342397}, "cmdq": 0, "read": {"device_start": 1585587216.3423996, "device_end": 1585587216.3424225}}, "FFC_sans_bias52": {"write": {"device_start": 1585587216.3402126, "host_queued_start": 1585587281.760914, "device_queued": 1585587216.3301682, "device_end": 1585587216.3402433, "host_queued_end": 1585587281.763127}, "device": "gpu", "nd_range": {"device_start": 1585587216.340252, "device_end": 1585587216.3408518}, "cmdq": 0, "read": {"device_start": 1585587216.3408616, "device_end": 1585587216.3408859}}, "FFC_sans_bias9": {"write": {"device_start": -1, "host_queued_start": 1585587281.772736, "device_queued": -1, "device_end": -1, "host_queued_end": 1585587281.796164}, "device": "cpu", "nd_range": {"device_start": 2255055.9858148973, "device_end": 2255056.001432977}, "cmdq": 0, "read": {"device_start": -1, "device_end": -1}}, "coalesced_transpose39": {"write": {"device_start": -1, "host_queued_start": 1585587281.786233, "device_queued": -1, "device_end": -1, "host_queued_end": 1585587281.796164}, "device": "cpu", "nd_range": {"device_start": 2255056.043697508, "device_end": 2255056.043929616}, "cmdq": 0, "read": {"device_start": -1, "device_end": -1}}, "FFC_sans_bias55": {"write": {"device_start": 1585587216.3329647, "host_queued_start": 1585587281.753001, "device_queued": 1585587216.3292596, "device_end": 1585587216.3329942, "host_queued_end": 1585587281.763127}, "device": "gpu", "nd_range": {"device_start": 1585587216.3330002, "device_end": 1585587216.3336}, "cmdq": 0, "read": {"device_start": -1, "device_end": -1}}, "FFC_sans_bias54": {"write": {"device_start": 1585587216.332206, "host_queued_start": 1585587281.751976, "device_queued": 1585587216.3290713, "device_end": 1585587216.3322363, "host_queued_end": 1585587281.763127}, "device": "gpu", "nd_range": {"device_start": 1585587216.3322406, "device_end": 1585587216.3328364}, "cmdq": 0, "read": {"device_start": -1, "device_end": -1}}, "FFC_sans_bias56": {"write": {"device_start": 1585587216.331444, "host_queued_start": 1585587281.750948, "device_queued": 1585587216.329033, "device_end": 1585587216.3314738, "host_queued_end": 1585587281.763127}, "device": "gpu", "nd_range": {"device_start": 1585587216.3314807, "device_end": 1585587216.3320713}, "cmdq": 0, "read": {"device_start": -1, "device_end": -1}}, "FFC_sans_bias51": {"write": {"device_start": -1, "host_queued_start": 1585587281.75927, "device_queued": -1, "device_end": -1, "host_queued_end": 1585587281.763127}, "device": "gpu", "nd_range": {"device_start": 1585587216.3382604, "device_end": 1585587216.3388538}, "cmdq": 0, "read": {"device_start": -1, "device_end": -1}}, "softmax23": {"write": {"device_start": -1, "host_queued_start": 1585587281.78878, "device_queued": -1, "device_end": -1, "host_queued_end": 1585587281.796164}, "device": "cpu", "nd_range": {"device_start": 2255056.0865138583, "device_end": 2255056.0867238822}, "cmdq": 0, "read": {"device_start": -1, "device_end": -1}}, "FFC_sans_bias37": {"write": {"device_start": -1, "host_queued_start": 1585587281.783504, "device_queued": -1, "device_end": -1, "host_queued_end": 1585587281.796164}, "device": "cpu", "nd_range": {"device_start": 2255056.0327195292, "device_end": 2255056.043225131}, "cmdq": 2, "read": {"device_start": -1, "device_end": -1}}, "empty62": {"write": {"device_start": 1585587216.3287356, "host_queued_start": 1585587281.745981, "device_queued": 1585587216.3285246, "device_end": 1585587216.3287654, "host_queued_end": 1585587281.763127}, "device": "gpu", "nd_range": {"device_start": 1585587216.3287807, "device_end": 1585587216.3287842}, "cmdq": 0, "read": {"device_start": -1, "device_end": -1}}, "FFC_sans_bias70": {"write": {"device_start": 1585587216.3426154, "host_queued_start": 1585587281.763028, "device_queued": 1585587216.3303888, "device_end": 1585587216.3426447, "host_queued_end": 1585587281.763127}, "device": "gpu", "nd_range": {"device_start": 1585587216.3426523, "device_end": 1585587216.3432498}, "cmdq": 0, "read": {"device_start": 1585587216.3432543, "device_end": 1585587216.3432772}}, "FFC_sans_bias58": {"write": {"device_start": -1, "host_queued_start": 1585587281.757876, "device_queued": -1, "device_end": -1, "host_queued_end": 1585587281.763127}, "device": "gpu", "nd_range": {"device_start": 1585587216.336525, "device_end": 1585587216.3370311}, "cmdq": 0, "read": {"device_start": -1, "device_end": -1}}, "softmax41": {"write": {"device_start": -1, "host_queued_start": 1585587281.789355, "device_queued": -1, "device_end": -1, "host_queued_end": 1585587281.796164}, "device": "cpu", "nd_range": {"device_start": 2255056.0646736124, "device_end": 2255056.06480496}, "cmdq": 2, "read": {"device_start": -1, "device_end": -1}}, "FFC_sans_bias11": {"write": {"device_start": -1, "host_queued_start": 1585587281.774839, "device_queued": -1, "device_end": -1, "host_queued_end": 1585587281.796164}, "device": "cpu", "nd_range": {"device_start": 2255056.001913657, "device_end": 2255056.017195133}, "cmdq": 2, "read": {"device_start": -1, "device_end": -1}}, "FFC_sans_bias10": {"write": {"device_start": -1, "host_queued_start": 1585587281.77377, "device_queued": -1, "device_end": -1, "host_queued_end": 1585587281.796164}, "device": "cpu", "nd_range": {"device_start": 2255056.001203504, "device_end": 2255056.01643924}, "cmdq": 1, "read": {"device_start": -1, "device_end": -1}}, "coalesced_transpose3": {"write": {"device_start": -1, "host_queued_start": 1585587281.78487, "device_queued": -1, "device_end": -1, "host_queued_end": 1585587281.796164}, "device": "cpu", "nd_range": {"device_start": 2255056.034441378, "device_end": 2255056.0346855302}, "cmdq": 0, "read": {"device_start": -1, "device_end": -1}}, "FFC_sans_bias34": {"write": {"device_start": -1, "host_queued_start": 1585587281.795127, "device_queued": -1, "device_end": -1, "host_queued_end": 1585587281.796164}, "device": "cpu", "nd_range": {"device_start": 2255056.108987354, "device_end": 2255056.124012892}, "cmdq": 3, "read": {"device_start": -1, "device_end": -1}}, "FFC_sans_bias15": {"write": {"device_start": -1, "host_queued_start": 1585587281.790088, "device_queued": -1, "device_end": -1, "host_queued_end": 1585587281.796164}, "device": "cpu", "nd_range": {"device_start": 2255056.086736518, "device_end": 2255056.095290449}, "cmdq": 0, "read": {"device_start": -1, "device_end": -1}}, "FFC_sans_bias31": {"write": {"device_start": -1, "host_queued_start": 1585587281.787614, "device_queued": -1, "device_end": -1, "host_queued_end": 1585587281.796164}, "device": "cpu", "nd_range": {"device_start": 2255056.067342589, "device_end": 2255056.0758950193}, "cmdq": 0, "read": {"device_start": -1, "device_end": -1}}, "FFC_sans_bias16": {"write": {"device_start": -1, "host_queued_start": 1585587281.793147, "device_queued": -1, "device_end": -1, "host_queued_end": 1585587281.796164}, "device": "cpu", "nd_range": {"device_start": 2255056.108302983, "device_end": 2255056.123715416}, "cmdq": 1, "read": {"device_start": -1, "device_end": -1}}, "FFC_sans_bias19": {"write": {"device_start": -1, "host_queued_start": 1585587281.777158, "device_queued": -1, "device_end": -1, "host_queued_end": 1585587281.796164}, "device": "cpu", "nd_range": {"device_start": 2255056.001568397, "device_end": 2255056.0181236733}, "cmdq": 0, "read": {"device_start": -1, "device_end": -1}}, "FFC_sans_bias18": {"write": {"device_start": -1, "host_queued_start": 1585587281.775957, "device_queued": -1, "device_end": -1, "host_queued_end": 1585587281.796164}, "device": "cpu", "nd_range": {"device_start": 2255056.004837219, "device_end": 2255056.027402886}, "cmdq": 3, "read": {"device_start": -1, "device_end": -1}}, "coalesced_transpose30": {"write": {"device_start": -1, "host_queued_start": 1585587281.785851, "device_queued": -1, "device_end": -1, "host_queued_end": 1585587281.796164}, "device": "cpu", "nd_range": {"device_start": 2255056.067209661, "device_end": 2255056.067335214}, "cmdq": 3, "read": {"device_start": -1, "device_end": -1}}, "FFC_sans_bias69": {"write": {"device_start": -1, "host_queued_start": 1585587281.759907, "device_queued": -1, "device_end": -1, "host_queued_end": 1585587281.763127}, "device": "gpu", "nd_range": {"device_start": 1585587216.3394625, "device_end": 1585587216.3400648}, "cmdq": 0, "read": {"device_start": -1, "device_end": -1}}, "FFC_sans_bias38": {"write": {"device_start": -1, "host_queued_start": 1585587281.784545, "device_queued": -1, "device_end": -1, "host_queued_end": 1585587281.796164}, "device": "cpu", "nd_range": {"device_start": 2255056.052710013, "device_end": 2255056.0598970293}, "cmdq": 3, "read": {"device_start": -1, "device_end": -1}}, "coalesced_transpose57": {"write": {"device_start": -1, "host_queued_start": 1585587281.756955, "device_queued": -1, "device_end": -1, "host_queued_end": 1585587281.763127}, "device": "gpu", "nd_range": {"device_start": 1585587216.3359017, "device_end": 1585587216.33591}, "cmdq": 0, "read": {"device_start": -1, "device_end": -1}}, "empty26": {"write": {"device_start": -1, "host_queued_start": 1585587281.766595, "device_queued": -1, "device_end": -1, "host_queued_end": 1585587281.796164}, "device": "cpu", "nd_range": {"device_start": 2255055.9860038674, "device_end": 2255055.986007587}, "cmdq": 2, "read": {"device_start": -1, "device_end": -1}}, "coalesced_transpose12": {"write": {"device_start": -1, "host_queued_start": 1585587281.785199, "device_queued": -1, "device_end": -1, "host_queued_end": 1585587281.796164}, "device": "cpu", "nd_range": {"device_start": 2255056.0459114043, "device_end": 2255056.046156439}, "cmdq": 1, "read": {"device_start": -1, "device_end": -1}}, "empty44": {"write": {"device_start": -1, "host_queued_start": 1585587281.768438, "device_queued": -1, "device_end": -1, "host_queued_end": 1585587281.796164}, "device": "cpu", "nd_range": {"device_start": 2255055.985799487, "device_end": 2255055.9858005843}, "cmdq": 0, "read": {"device_start": -1, "device_end": -1}}, "coalesced_transpose21": {"write": {"device_start": -1, "host_queued_start": 1585587281.785525, "device_queued": -1, "device_end": -1, "host_queued_end": 1585587281.796164}, "device": "cpu", "nd_range": {"device_start": 2255056.043343286, "device_end": 2255056.043589766}, "cmdq": 2, "read": {"device_start": -1, "device_end": -1}}, "FFC_sans_bias36": {"write": {"device_start": -1, "host_queued_start": 1585587281.782465, "device_queued": -1, "device_end": -1, "host_queued_end": 1585587281.796164}, "device": "cpu", "nd_range": {"device_start": 2255056.0319349, "device_end": 2255056.045787978}, "cmdq": 1, "read": {"device_start": -1, "device_end": -1}}, "softmax14": {"write": {"device_start": -1, "host_queued_start": 1585587281.788507, "device_queued": -1, "device_end": -1, "host_queued_end": 1585587281.796164}, "device": "cpu", "nd_range": {"device_start": 2255056.0780112473, "device_end": 2255056.078220352}, "cmdq": 3, "read": {"device_start": -1, "device_end": -1}}, "FFC_sans_bias13": {"write": {"device_start": -1, "host_queued_start": 1585587281.786935, "device_queued": -1, "device_end": -1, "host_queued_end": 1585587281.796164}, "device": "cpu", "nd_range": {"device_start": 2255056.046269067, "device_end": 2255056.054962622}, "cmdq": 2, "read": {"device_start": -1, "device_end": -1}}, "empty8": {"write": {"device_start": -1, "host_queued_start": 1585587281.764591, "device_queued": -1, "device_end": -1, "host_queued_end": 1585587281.796164}, "device": "cpu", "nd_range": {"device_start": 2255055.985767711, "device_end": 2255055.9857772053}, "cmdq": 0, "read": {"device_start": -1, "device_end": -1}}, "FFC_sans_bias42": {"write": {"device_start": -1, "host_queued_start": 1585587281.79112, "device_queued": -1, "device_end": -1, "host_queued_end": 1585587281.796164}, "device": "cpu", "nd_range": {"device_start": 2255056.093625841, "device_end": 2255056.108980155}, "cmdq": 3, "read": {"device_start": -1, "device_end": -1}}, "FFC_sans_bias43": {"write": {"device_start": -1, "host_queued_start": 1585587281.796119, "device_queued": -1, "device_end": -1, "host_queued_end": 1585587281.796164}, "device": "cpu", "nd_range": {"device_start": 2255056.1240053, "device_end": 2255056.130457492}, "cmdq": 0, "read": {"device_start": -1, "device_end": -1}}, "FFC_sans_bias40": {"write": {"device_start": -1, "host_queued_start": 1585587281.787955, "device_queued": -1, "device_end": -1, "host_queued_end": 1585587281.796164}, "device": "cpu", "nd_range": {"device_start": 2255056.05880051, "device_end": 2255056.0646661003}, "cmdq": 1, "read": {"device_start": -1, "device_end": -1}}, "softmax32": {"write": {"device_start": -1, "host_queued_start": 1585587281.78908, "device_queued": -1, "device_end": -1, "host_queued_end": 1585587281.796164}, "device": "cpu", "nd_range": {"device_start": 2255056.076984723, "device_end": 2255056.077189639}, "cmdq": 1, "read": {"device_start": -1, "device_end": -1}}, "FFC_sans_bias47": {"write": {"device_start": 1585587216.3306751, "host_queued_start": 1585587281.749878, "device_queued": 1585587216.3288612, "device_end": 1585587216.330699, "host_queued_end": 1585587281.763127}, "device": "gpu", "nd_range": {"device_start": 1585587216.3307035, "device_end": 1585587216.3312943}, "cmdq": 0, "read": {"device_start": -1, "device_end": -1}}, "FFC_sans_bias45": {"write": {"device_start": 1585587216.329098, "host_queued_start": 1585587281.74782, "device_queued": 1585587216.32861, "device_end": 1585587216.3291287, "host_queued_end": 1585587281.763127}, "device": "gpu", "nd_range": {"device_start": 1585587216.3291354, "device_end": 1585587216.3297327}, "cmdq": 0, "read": {"device_start": -1, "device_end": -1}}, "softmax50": {"write": {"device_start": -1, "host_queued_start": 1585587281.758439, "device_queued": -1, "device_end": -1, "host_queued_end": 1585587281.763127}, "device": "gpu", "nd_range": {"device_start": 1585587216.337633, "device_end": 1585587216.3378444}, "cmdq": 0, "read": {"device_start": -1, "device_end": -1}}, "FFC_sans_bias33": {"write": {"device_start": -1, "host_queued_start": 1585587281.790783, "device_queued": -1, "device_end": -1, "host_queued_end": 1585587281.796164}, "device": "cpu", "nd_range": {"device_start": 2255056.077309207, "device_end": 2255056.086975765}, "cmdq": 2, "read": {"device_start": -1, "device_end": -1}}, "FFC_sans_bias63": {"write": {"device_start": 1585587216.3352473, "host_queued_start": 1585587281.756305, "device_queued": 1585587216.3294895, "device_end": 1585587216.335276, "host_queued_end": 1585587281.763127}, "device": "gpu", "nd_range": {"device_start": 1585587216.335285, "device_end": 1585587216.3358908}, "cmdq": 0, "read": {"device_start": -1, "device_end": -1}}, "FFC_sans_bias49": {"write": {"device_start": -1, "host_queued_start": 1585587281.757564, "device_queued": -1, "device_end": -1, "host_queued_end": 1585587281.763127}, "device": "gpu", "nd_range": {"device_start": 1585587216.3359206, "device_end": 1585587216.3365238}, "cmdq": 0, "read": {"device_start": -1, "device_end": -1}}, "FFC_sans_bias64": {"write": {"device_start": 1585587216.3337255, "host_queued_start": 1585587281.754028, "device_queued": 1585587216.3293002, "device_end": 1585587216.3337533, "host_queued_end": 1585587281.763127}, "device": "gpu", "nd_range": {"device_start": 1585587216.33376, "device_end": 1585587216.334363}, "cmdq": 0, "read": {"device_start": -1, "device_end": -1}}, "FFC_sans_bias65": {"write": {"device_start": 1585587216.3344843, "host_queued_start": 1585587281.755254, "device_queued": 1585587216.3294492, "device_end": 1585587216.3345137, "host_queued_end": 1585587281.763127}, "device": "gpu", "nd_range": {"device_start": 1585587216.3345242, "device_end": 1585587216.3351207}, "cmdq": 0, "read": {"device_start": -1, "device_end": -1}}, "FFC_sans_bias67": {"write": {"device_start": -1, "host_queued_start": 1585587281.758191, "device_queued": -1, "device_end": -1, "host_queued_end": 1585587281.763127}, "device": "gpu", "nd_range": {"device_start": 1585587216.337032, "device_end": 1585587216.337632}, "cmdq": 0, "read": {"device_start": -1, "device_end": -1}}, "FFC_sans_bias24": {"write": {"device_start": -1, "host_queued_start": 1585587281.790439, "device_queued": -1, "device_end": -1, "host_queued_end": 1585587281.796164}, "device": "cpu", "nd_range": {"device_start": 2255056.09277993, "device_end": 2255056.108183804}, "cmdq": 1, "read": {"device_start": -1, "device_end": -1}}, "FFC_sans_bias25": {"write": {"device_start": -1, "host_queued_start": 1585587281.794136, "device_queued": -1, "device_end": -1, "host_queued_end": 1585587281.796164}, "device": "cpu", "nd_range": {"device_start": 2255056.111429925, "device_end": 2255056.129442979}, "cmdq": 2, "read": {"device_start": -1, "device_end": -1}}, "FFC_sans_bias27": {"write": {"device_start": -1, "host_queued_start": 1585587281.779341, "device_queued": -1, "device_end": -1, "host_queued_end": 1585587281.796164}, "device": "cpu", "nd_range": {"device_start": 2255056.017311146, "device_end": 2255056.032605737}, "cmdq": 2, "read": {"device_start": -1, "device_end": -1}}, "FFC_sans_bias20": {"write": {"device_start": -1, "host_queued_start": 1585587281.778253, "device_queued": -1, "device_end": -1, "host_queued_end": 1585587281.796164}, "device": "cpu", "nd_range": {"device_start": 2255056.0165744713, "device_end": 2255056.031818437}, "cmdq": 1, "read": {"device_start": -1, "device_end": -1}}, "FFC_sans_bias22": {"write": {"device_start": -1, "host_queued_start": 1585587281.787273, "device_queued": -1, "device_end": -1, "host_queued_end": 1585587281.796164}, "device": "cpu", "nd_range": {"device_start": 2255056.067346571, "device_end": 2255056.077896323}, "cmdq": 3, "read": {"device_start": -1, "device_end": -1}}, "softmax68": {"write": {"device_start": -1, "host_queued_start": 1585587281.758963, "device_queued": -1, "device_end": -1, "host_queued_end": 1585587281.763127}, "device": "gpu", "nd_range": {"device_start": 1585587216.3380558, "device_end": 1585587216.338258}, "cmdq": 0, "read": {"device_start": -1, "device_end": -1}}, "softmax5": {"write": {"device_start": -1, "host_queued_start": 1585587281.788233, "device_queued": -1, "device_end": -1, "host_queued_end": 1585587281.796164}, "device": "cpu", "nd_range": {"device_start": 2255056.0589831183, "device_end": 2255056.0591995553}, "cmdq": 2, "read": {"device_start": -1, "device_end": -1}}, "FFC_sans_bias28": {"write": {"device_start": -1, "host_queued_start": 1585587281.780381, "device_queued": -1, "device_end": -1, "host_queued_end": 1585587281.796164}, "device": "cpu", "nd_range": {"device_start": 2255056.035764156, "device_end": 2255056.0524206064}, "cmdq": 3, "read": {"device_start": -1, "device_end": -1}}, "FFC_sans_bias29": {"write": {"device_start": -1, "host_queued_start": 1585587281.781425, "device_queued": -1, "device_end": -1, "host_queued_end": 1585587281.796164}, "device": "cpu", "nd_range": {"device_start": 2255056.0182493613, "device_end": 2255056.03432122}, "cmdq": 0, "read": {"device_start": -1, "device_end": -1}}, "empty17": {"write": {"device_start": -1, "host_queued_start": 1585587281.765633, "device_queued": -1, "device_end": -1, "host_queued_end": 1585587281.796164}, "device": "cpu", "nd_range": {"device_start": 2255055.985807312, "device_end": 2255055.98580817}, "cmdq": 1, "read": {"device_start": -1, "device_end": -1}}, "softmax59": {"write": {"device_start": -1, "host_queued_start": 1585587281.758721, "device_queued": -1, "device_end": -1, "host_queued_end": 1585587281.763127}, "device": "gpu", "nd_range": {"device_start": 1585587216.3378453, "device_end": 1585587216.3380542}, "cmdq": 0, "read": {"device_start": -1, "device_end": -1}}, "empty71": {"write": {"device_start": 1585587216.3289046, "host_queued_start": 1585587281.746844, "device_queued": 1585587216.3285706, "device_end": 1585587216.32893, "host_queued_end": 1585587281.763127}, "device": "gpu", "nd_range": {"device_start": 1585587216.3289464, "device_end": 1585587216.3289497}, "cmdq": 0, "read": {"device_start": -1, "device_end": -1}}, "empty35": {"write": {"device_start": -1, "host_queued_start": 1585587281.767567, "device_queued": -1, "device_end": -1, "host_queued_end": 1585587281.796164}, "device": "cpu", "nd_range": {"device_start": 2255055.9857676513, "device_end": 2255055.985777242}, "cmdq": 3, "read": {"device_start": -1, "device_end": -1}}, "empty53": {"write": {"device_start": 1585587216.3285594, "host_queued_start": 1585587281.744945, "device_queued": 1585587216.3284245, "device_end": 1585587216.328585, "host_queued_end": 1585587281.763127}, "device": "gpu", "nd_range": {"device_start": 1585587216.3285878, "device_end": 1585587216.3285925}, "cmdq": 0, "read": {"device_start": -1, "device_end": -1}}, "FFC_sans_bias46": {"write": {"device_start": 1585587216.3299215, "host_queued_start": 1585587281.748847, "device_queued": 1585587216.3288054, "device_end": 1585587216.3299503, "host_queued_end": 1585587281.763127}, "device": "gpu", "nd_range": {"device_start": 1585587216.3299546, "device_end": 1585587216.330558}, "cmdq": 0, "read": {"device_start": -1, "device_end": -1}}, "coalesced_transpose66": {"write": {"device_start": -1, "host_queued_start": 1585587281.757253, "device_queued": -1, "device_end": -1, "host_queued_end": 1585587281.763127}, "device": "gpu", "nd_range": {"device_start": 1585587216.335911, "device_end": 1585587216.3359194}, "cmdq": 0, "read": {"device_start": -1, "device_end": -1}}, "coalesced_transpose48": {"write": {"device_start": -1, "host_queued_start": 1585587281.756637, "device_queued": -1, "device_end": -1, "host_queued_end": 1585587281.763127}, "device": "gpu", "nd_range": {"device_start": 1585587216.3358924, "device_end": 1585587216.3359008}, "cmdq": 0, "read": {"device_start": -1, "device_end": -1}}}