{"FFC_sans_bias60": {"write": {"device_start": -1, "host_queued_start": 1585587629.896979, "device_queued": -1, "device_end": -1, "host_queued_end": 1585587629.901561}, "device": "gpu", "nd_range": {"device_start": 1585587564.4663208, "device_end": 1585587564.4675992}, "cmdq": 2, "read": {"device_start": -1, "device_end": -1}}, "FFC_sans_bias4": {"write": {"device_start": -1, "host_queued_start": 1585587629.921322, "device_queued": -1, "device_end": -1, "host_queued_end": 1585587629.92905}, "device": "cpu", "nd_range": {"device_start": 2255404.174676219, "device_end": 2255404.183813658}, "cmdq": 2, "read": {"device_start": -1, "device_end": -1}}, "FFC_sans_bias7": {"write": {"device_start": -1, "host_queued_start": 1585587629.925992, "device_queued": -1, "device_end": -1, "host_queued_end": 1585587629.92905}, "device": "cpu", "nd_range": {"device_start": 2255404.212507905, "device_end": 2255404.228439398}, "cmdq": 2, "read": {"device_start": -1, "device_end": -1}}, "FFC_sans_bias6": {"write": {"device_start": -1, "host_queued_start": 1585587629.923821, "device_queued": -1, "device_end": -1, "host_queued_end": 1585587629.92905}, "device": "cpu", "nd_range": {"device_start": 2255404.187931531, "device_end": 2255404.196370651}, "cmdq": 1, "read": {"device_start": -1, "device_end": -1}}, "FFC_sans_bias1": {"write": {"device_start": -1, "host_queued_start": 1585587629.908486, "device_queued": -1, "device_end": -1, "host_queued_end": 1585587629.92905}, "device": "cpu", "nd_range": {"device_start": 2255404.1187147503, "device_end": 2255404.127560629}, "cmdq": 2, "read": {"device_start": -1, "device_end": -1}}, "FFC_sans_bias0": {"write": {"device_start": -1, "host_queued_start": 1585587629.907433, "device_queued": -1, "device_end": -1, "host_queued_end": 1585587629.92905}, "device": "cpu", "nd_range": {"device_start": 2255404.118685584, "device_end": 2255404.1310566003}, "cmdq": 1, "read": {"device_start": -1, "device_end": -1}}, "FFC_sans_bias2": {"write": {"device_start": -1, "host_queued_start": 1585587629.909526, "device_queued": -1, "device_end": -1, "host_queued_end": 1585587629.92905}, "device": "cpu", "nd_range": {"device_start": 2255404.118692981, "device_end": 2255404.135201318}, "cmdq": 0, "read": {"device_start": -1, "device_end": -1}}, "FFC_sans_bias61": {"write": {"device_start": 1585587564.4677076, "host_queued_start": 1585587629.900422, "device_queued": 1585587564.4602373, "device_end": 1585587564.4677386, "host_queued_end": 1585587629.901561}, "device": "gpu", "nd_range": {"device_start": 1585587564.4677436, "device_end": 1585587564.469521}, "cmdq": 2, "read": {"device_start": 1585587564.4695253, "device_end": 1585587564.4695485}}, "FFC_sans_bias52": {"write": {"device_start": 1585587564.4667444, "host_queued_start": 1585587629.899381, "device_queued": 1585587564.460215, "device_end": 1585587564.4667754, "host_queued_end": 1585587629.901561}, "device": "gpu", "nd_range": {"device_start": 1585587564.466779, "device_end": 1585587564.4680393}, "cmdq": 1, "read": {"device_start": 1585587564.4680405, "device_end": 1585587564.4680648}}, "FFC_sans_bias9": {"write": {"device_start": -1, "host_queued_start": 1585587629.910623, "device_queued": -1, "device_end": -1, "host_queued_end": 1585587629.92905}, "device": "cpu", "nd_range": {"device_start": 2255404.134032405, "device_end": 2255404.148578177}, "cmdq": 1, "read": {"device_start": -1, "device_end": -1}}, "coalesced_transpose39": {"write": {"device_start": -1, "host_queued_start": 1585587629.892867, "device_queued": -1, "device_end": -1, "host_queued_end": 1585587629.901561}, "device": "gpu", "nd_range": {"device_start": 1585587564.4626973, "device_end": 1585587564.4640517}, "cmdq": 0, "read": {"device_start": -1, "device_end": -1}}, "FFC_sans_bias55": {"write": {"device_start": 1585587564.460884, "host_queued_start": 1585587629.889389, "device_queued": 1585587564.4589784, "device_end": 1585587564.4609103, "host_queued_end": 1585587629.901561}, "device": "gpu", "nd_range": {"device_start": 1585587564.4609127, "device_end": 1585587564.462696}, "cmdq": 0, "read": {"device_start": -1, "device_end": -1}}, "FFC_sans_bias54": {"write": {"device_start": 1585587564.4603727, "host_queued_start": 1585587629.88836, "device_queued": 1585587564.4587424, "device_end": 1585587564.460405, "host_queued_end": 1585587629.901561}, "device": "gpu", "nd_range": {"device_start": 1585587564.46041, "device_end": 1585587564.4622495}, "cmdq": 3, "read": {"device_start": -1, "device_end": -1}}, "FFC_sans_bias56": {"write": {"device_start": 1585587564.4599624, "host_queued_start": 1585587629.887325, "device_queued": 1585587564.4586241, "device_end": 1585587564.4599938, "host_queued_end": 1585587629.901561}, "device": "gpu", "nd_range": {"device_start": 1585587564.4599967, "device_end": 1585587564.461734}, "cmdq": 2, "read": {"device_start": -1, "device_end": -1}}, "FFC_sans_bias51": {"write": {"device_start": -1, "host_queued_start": 1585587629.896666, "device_queued": -1, "device_end": -1, "host_queued_end": 1585587629.901561}, "device": "gpu", "nd_range": {"device_start": 1585587564.466019, "device_end": 1585587564.4666245}, "cmdq": 1, "read": {"device_start": -1, "device_end": -1}}, "softmax23": {"write": {"device_start": -1, "host_queued_start": 1585587629.923217, "device_queued": -1, "device_end": -1, "host_queued_end": 1585587629.92905}, "device": "cpu", "nd_range": {"device_start": 2255404.196344049, "device_end": 2255404.196626409}, "cmdq": 2, "read": {"device_start": -1, "device_end": -1}}, "FFC_sans_bias37": {"write": {"device_start": 1585587564.4582744, "host_queued_start": 1585587629.8819, "device_queued": 1585587564.4581423, "device_end": 1585587564.4583325, "host_queued_end": 1585587629.901561}, "device": "gpu", "nd_range": {"device_start": 1585587564.4584076, "device_end": 1585587564.4592643}, "cmdq": 1, "read": {"device_start": -1, "device_end": -1}}, "empty62": {"write": {"device_start": 1585587564.4579718, "host_queued_start": 1585587629.879027, "device_queued": 1585587564.4577808, "device_end": 1585587564.4580438, "host_queued_end": 1585587629.901561}, "device": "gpu", "nd_range": {"device_start": 1585587564.4580572, "device_end": 1585587564.4580615}, "cmdq": 2, "read": {"device_start": -1, "device_end": -1}}, "FFC_sans_bias70": {"write": {"device_start": 1585587564.4691293, "host_queued_start": 1585587629.90146, "device_queued": 1585587564.4604177, "device_end": 1585587564.4691606, "host_queued_end": 1585587629.901561}, "device": "gpu", "nd_range": {"device_start": 1585587564.469164, "device_end": 1585587564.469973}, "cmdq": 3, "read": {"device_start": 1585587564.4699793, "device_end": 1585587564.470002}}, "FFC_sans_bias58": {"write": {"device_start": -1, "host_queued_start": 1585587629.89475, "device_queued": -1, "device_end": -1, "host_queued_end": 1585587629.901561}, "device": "gpu", "nd_range": {"device_start": 1585587564.464065, "device_end": 1585587564.4656413}, "cmdq": 2, "read": {"device_start": -1, "device_end": -1}}, "softmax41": {"write": {"device_start": -1, "host_queued_start": 1585587629.89531, "device_queued": -1, "device_end": -1, "host_queued_end": 1585587629.901561}, "device": "gpu", "nd_range": {"device_start": 1585587564.4646606, "device_end": 1585587564.4660273}, "cmdq": 0, "read": {"device_start": -1, "device_end": -1}}, "FFC_sans_bias11": {"write": {"device_start": -1, "host_queued_start": 1585587629.91301, "device_queued": -1, "device_end": -1, "host_queued_end": 1585587629.92905}, "device": "cpu", "nd_range": {"device_start": 2255404.135319353, "device_end": 2255404.1481616213}, "cmdq": 0, "read": {"device_start": -1, "device_end": -1}}, "FFC_sans_bias10": {"write": {"device_start": -1, "host_queued_start": 1585587629.911862, "device_queued": -1, "device_end": -1, "host_queued_end": 1585587629.92905}, "device": "cpu", "nd_range": {"device_start": 2255404.1276878864, "device_end": 2255404.1356455293}, "cmdq": 2, "read": {"device_start": -1, "device_end": -1}}, "coalesced_transpose3": {"write": {"device_start": -1, "host_queued_start": 1585587629.919898, "device_queued": -1, "device_end": -1, "host_queued_end": 1585587629.92905}, "device": "cpu", "nd_range": {"device_start": 2255404.171046512, "device_end": 2255404.1712939274}, "cmdq": 1, "read": {"device_start": -1, "device_end": -1}}, "FFC_sans_bias34": {"write": {"device_start": -1, "host_queued_start": 1585587629.929005, "device_queued": -1, "device_end": -1, "host_queued_end": 1585587629.92905}, "device": "cpu", "nd_range": {"device_start": 2255404.228446194, "device_end": 2255404.233886286}, "cmdq": 2, "read": {"device_start": -1, "device_end": -1}}, "FFC_sans_bias15": {"write": {"device_start": -1, "host_queued_start": 1585587629.924224, "device_queued": -1, "device_end": -1, "host_queued_end": 1585587629.92905}, "device": "cpu", "nd_range": {"device_start": 2255404.196889658, "device_end": 2255404.212493611}, "cmdq": 2, "read": {"device_start": -1, "device_end": -1}}, "FFC_sans_bias31": {"write": {"device_start": -1, "host_queued_start": 1585587629.922353, "device_queued": -1, "device_end": -1, "host_queued_end": 1585587629.92905}, "device": "cpu", "nd_range": {"device_start": 2255404.183941787, "device_end": 2255404.195642914}, "cmdq": 2, "read": {"device_start": -1, "device_end": -1}}, "FFC_sans_bias16": {"write": {"device_start": -1, "host_queued_start": 1585587629.927024, "device_queued": -1, "device_end": -1, "host_queued_end": 1585587629.92905}, "device": "cpu", "nd_range": {"device_start": 2255404.2127712443, "device_end": 2255404.22805202}, "cmdq": 0, "read": {"device_start": -1, "device_end": -1}}, "FFC_sans_bias19": {"write": {"device_start": -1, "host_queued_start": 1585587629.915352, "device_queued": -1, "device_end": -1, "host_queued_end": 1585587629.92905}, "device": "cpu", "nd_range": {"device_start": 2255404.135764922, "device_end": 2255404.149355799}, "cmdq": 2, "read": {"device_start": -1, "device_end": -1}}, "FFC_sans_bias18": {"write": {"device_start": -1, "host_queued_start": 1585587629.914231, "device_queued": -1, "device_end": -1, "host_queued_end": 1585587629.92905}, "device": "cpu", "nd_range": {"device_start": 2255404.1487078383, "device_end": 2255404.1643910133}, "cmdq": 1, "read": {"device_start": -1, "device_end": -1}}, "coalesced_transpose30": {"write": {"device_start": -1, "host_queued_start": 1585587629.92098, "device_queued": -1, "device_end": -1, "host_queued_end": 1585587629.92905}, "device": "cpu", "nd_range": {"device_start": 2255404.1714036213, "device_end": 2255404.171639304}, "cmdq": 1, "read": {"device_start": -1, "device_end": -1}}, "FFC_sans_bias69": {"write": {"device_start": -1, "host_queued_start": 1585587629.897293, "device_queued": -1, "device_end": -1, "host_queued_end": 1585587629.901561}, "device": "gpu", "nd_range": {"device_start": 1585587564.4672725, "device_end": 1585587564.469028}, "cmdq": 3, "read": {"device_start": -1, "device_end": -1}}, "FFC_sans_bias38": {"write": {"device_start": 1585587564.4583588, "host_queued_start": 1585587629.882983, "device_queued": 1585587564.4581697, "device_end": 1585587564.4584382, "host_queued_end": 1585587629.901561}, "device": "gpu", "nd_range": {"device_start": 1585587564.4584415, "device_end": 1585587564.4598374}, "cmdq": 2, "read": {"device_start": -1, "device_end": -1}}, "coalesced_transpose57": {"write": {"device_start": -1, "host_queued_start": 1585587629.893478, "device_queued": -1, "device_end": -1, "host_queued_end": 1585587629.901561}, "device": "gpu", "nd_range": {"device_start": 1585587564.4636722, "device_end": 1585587564.4640641}, "cmdq": 2, "read": {"device_start": -1, "device_end": -1}}, "empty26": {"write": {"device_start": -1, "host_queued_start": 1585587629.905428, "device_queued": -1, "device_end": -1, "host_queued_end": 1585587629.92905}, "device": "cpu", "nd_range": {"device_start": 2255404.118692383, "device_end": 2255404.1186967143}, "cmdq": 2, "read": {"device_start": -1, "device_end": -1}}, "coalesced_transpose12": {"write": {"device_start": -1, "host_queued_start": 1585587629.920327, "device_queued": -1, "device_end": -1, "host_queued_end": 1585587629.92905}, "device": "cpu", "nd_range": {"device_start": 2255404.163972579, "device_end": 2255404.164224929}, "cmdq": 2, "read": {"device_start": -1, "device_end": -1}}, "empty44": {"write": {"device_start": 1585587564.4577656, "host_queued_start": 1585587629.877124, "device_queued": 1585587564.4576142, "device_end": 1585587564.4578114, "host_queued_end": 1585587629.901561}, "device": "gpu", "nd_range": {"device_start": 1585587564.4578152, "device_end": 1585587564.4578202}, "cmdq": 0, "read": {"device_start": -1, "device_end": -1}}, "coalesced_transpose21": {"write": {"device_start": -1, "host_queued_start": 1585587629.920656, "device_queued": -1, "device_end": -1, "host_queued_end": 1585587629.92905}, "device": "cpu", "nd_range": {"device_start": 2255404.1680429364, "device_end": 2255404.1682848893}, "cmdq": 0, "read": {"device_start": -1, "device_end": -1}}, "FFC_sans_bias36": {"write": {"device_start": 1585587564.4581869, "host_queued_start": 1585587629.880863, "device_queued": 1585587564.458056, "device_end": 1585587564.4582515, "host_queued_end": 1585587629.901561}, "device": "gpu", "nd_range": {"device_start": 1585587564.4582596, "device_end": 1585587564.458866}, "cmdq": 0, "read": {"device_start": -1, "device_end": -1}}, "softmax14": {"write": {"device_start": -1, "host_queued_start": 1585587629.922947, "device_queued": -1, "device_end": -1, "host_queued_end": 1585587629.92905}, "device": "cpu", "nd_range": {"device_start": 2255404.1842410853, "device_end": 2255404.184446421}, "cmdq": 1, "read": {"device_start": -1, "device_end": -1}}, "FFC_sans_bias13": {"write": {"device_start": -1, "host_queued_start": 1585587629.921663, "device_queued": -1, "device_end": -1, "host_queued_end": 1585587629.92905}, "device": "cpu", "nd_range": {"device_start": 2255404.168399203, "device_end": 2255404.1827041022}, "cmdq": 0, "read": {"device_start": -1, "device_end": -1}}, "empty8": {"write": {"device_start": -1, "host_queued_start": 1585587629.903146, "device_queued": -1, "device_end": -1, "host_queued_end": 1585587629.92905}, "device": "cpu", "nd_range": {"device_start": 2255404.118650968, "device_end": 2255404.1186653073}, "cmdq": 0, "read": {"device_start": -1, "device_end": -1}}, "FFC_sans_bias42": {"write": {"device_start": -1, "host_queued_start": 1585587629.896358, "device_queued": -1, "device_end": -1, "host_queued_end": 1585587629.901561}, "device": "gpu", "nd_range": {"device_start": 1585587564.4660285, "device_end": 1585587564.4670777}, "cmdq": 0, "read": {"device_start": -1, "device_end": -1}}, "FFC_sans_bias43": {"write": {"device_start": 1585587564.467186, "host_queued_start": 1585587629.898306, "device_queued": 1585587564.460159, "device_end": 1585587564.467217, "host_queued_end": 1585587629.901561}, "device": "gpu", "nd_range": {"device_start": 1585587564.4672248, "device_end": 1585587564.468567}, "cmdq": 0, "read": {"device_start": 1585587564.4685683, "device_end": 1585587564.4685936}}, "FFC_sans_bias40": {"write": {"device_start": -1, "host_queued_start": 1585587629.894102, "device_queued": -1, "device_end": -1, "host_queued_end": 1585587629.901561}, "device": "gpu", "nd_range": {"device_start": 1585587564.464053, "device_end": 1585587564.4646595}, "cmdq": 0, "read": {"device_start": -1, "device_end": -1}}, "softmax32": {"write": {"device_start": -1, "host_queued_start": 1585587629.923487, "device_queued": -1, "device_end": -1, "host_queued_end": 1585587629.92905}, "device": "cpu", "nd_range": {"device_start": 2255404.1963432813, "device_end": 2255404.196631677}, "cmdq": 0, "read": {"device_start": -1, "device_end": -1}}, "FFC_sans_bias47": {"write": {"device_start": 1585587564.4593694, "host_queued_start": 1585587629.886255, "device_queued": 1585587564.4586022, "device_end": 1585587564.4593992, "host_queued_end": 1585587629.901561}, "device": "gpu", "nd_range": {"device_start": 1585587564.4594033, "device_end": 1585587564.4612625}, "cmdq": 1, "read": {"device_start": -1, "device_end": -1}}, "FFC_sans_bias45": {"write": {"device_start": 1585587564.4584541, "host_queued_start": 1585587629.884019, "device_queued": 1585587564.4583452, "device_end": 1585587564.4584816, "host_queued_end": 1585587629.901561}, "device": "gpu", "nd_range": {"device_start": 1585587564.4584858, "device_end": 1585587564.4602659}, "cmdq": 3, "read": {"device_start": -1, "device_end": -1}}, "softmax50": {"write": {"device_start": -1, "host_queued_start": 1585587629.895557, "device_queued": -1, "device_end": -1, "host_queued_end": 1585587629.901561}, "device": "gpu", "nd_range": {"device_start": 1585587564.4650936, "device_end": 1585587564.466018}, "cmdq": 1, "read": {"device_start": -1, "device_end": -1}}, "FFC_sans_bias33": {"write": {"device_start": -1, "host_queued_start": 1585587629.924931, "device_queued": -1, "device_end": -1, "host_queued_end": 1585587629.92905}, "device": "cpu", "nd_range": {"device_start": 2255404.1966409963, "device_end": 2255404.211483085}, "cmdq": 1, "read": {"device_start": -1, "device_end": -1}}, "FFC_sans_bias63": {"write": {"device_start": 1585587564.4623406, "host_queued_start": 1585587629.892544, "device_queued": 1585587564.459171, "device_end": 1585587564.4623663, "host_queued_end": 1585587629.901561}, "device": "gpu", "nd_range": {"device_start": 1585587564.4623723, "device_end": 1585587564.4641745}, "cmdq": 3, "read": {"device_start": -1, "device_end": -1}}, "FFC_sans_bias49": {"write": {"device_start": -1, "host_queued_start": 1585587629.894413, "device_queued": -1, "device_end": -1, "host_queued_end": 1585587629.901561}, "device": "gpu", "nd_range": {"device_start": 1585587564.464058, "device_end": 1585587564.4650927}, "cmdq": 1, "read": {"device_start": -1, "device_end": -1}}, "FFC_sans_bias64": {"write": {"device_start": 1585587564.4613574, "host_queued_start": 1585587629.890454, "device_queued": 1585587564.4590418, "device_end": 1585587564.4613833, "host_queued_end": 1585587629.901561}, "device": "gpu", "nd_range": {"device_start": 1585587564.4613922, "device_end": 1585587564.463221}, "cmdq": 1, "read": {"device_start": -1, "device_end": -1}}, "FFC_sans_bias65": {"write": {"device_start": 1585587564.4618213, "host_queued_start": 1585587629.891511, "device_queued": 1585587564.459055, "device_end": 1585587564.461847, "host_queued_end": 1585587629.901561}, "device": "gpu", "nd_range": {"device_start": 1585587564.4618495, "device_end": 1585587564.463666}, "cmdq": 2, "read": {"device_start": -1, "device_end": -1}}, "FFC_sans_bias67": {"write": {"device_start": -1, "host_queued_start": 1585587629.895064, "device_queued": -1, "device_end": -1, "host_queued_end": 1585587629.901561}, "device": "gpu", "nd_range": {"device_start": 1585587564.4654765, "device_end": 1585587564.466089}, "cmdq": 3, "read": {"device_start": -1, "device_end": -1}}, "FFC_sans_bias24": {"write": {"device_start": -1, "host_queued_start": 1585587629.924566, "device_queued": -1, "device_end": -1, "host_queued_end": 1585587629.92905}, "device": "cpu", "nd_range": {"device_start": 2255404.2045656564, "device_end": 2255404.21249346}, "cmdq": 0, "read": {"device_start": -1, "device_end": -1}}, "FFC_sans_bias25": {"write": {"device_start": -1, "host_queued_start": 1585587629.928011, "device_queued": -1, "device_end": -1, "host_queued_end": 1585587629.92905}, "device": "cpu", "nd_range": {"device_start": 2255404.21353492, "device_end": 2255404.231013914}, "cmdq": 1, "read": {"device_start": -1, "device_end": -1}}, "FFC_sans_bias27": {"write": {"device_start": -1, "host_queued_start": 1585587629.917444, "device_queued": -1, "device_end": -1, "host_queued_end": 1585587629.92905}, "device": "cpu", "nd_range": {"device_start": 2255404.164507272, "device_end": 2255404.170932995}, "cmdq": 1, "read": {"device_start": -1, "device_end": -1}}, "FFC_sans_bias20": {"write": {"device_start": -1, "host_queued_start": 1585587629.916401, "device_queued": -1, "device_end": -1, "host_queued_end": 1585587629.92905}, "device": "cpu", "nd_range": {"device_start": 2255404.148170353, "device_end": 2255404.159162527}, "cmdq": 0, "read": {"device_start": -1, "device_end": -1}}, "FFC_sans_bias22": {"write": {"device_start": -1, "host_queued_start": 1585587629.922011, "device_queued": -1, "device_end": -1, "host_queued_end": 1585587629.92905}, "device": "cpu", "nd_range": {"device_start": 2255404.171746849, "device_end": 2255404.184125503}, "cmdq": 1, "read": {"device_start": -1, "device_end": -1}}, "softmax68": {"write": {"device_start": -1, "host_queued_start": 1585587629.896051, "device_queued": -1, "device_end": -1, "host_queued_end": 1585587629.901561}, "device": "gpu", "nd_range": {"device_start": 1585587564.4660904, "device_end": 1585587564.4672716}, "cmdq": 3, "read": {"device_start": -1, "device_end": -1}}, "softmax5": {"write": {"device_start": -1, "host_queued_start": 1585587629.922671, "device_queued": -1, "device_end": -1, "host_queued_end": 1585587629.92905}, "device": "cpu", "nd_range": {"device_start": 2255404.184024263, "device_end": 2255404.185095751}, "cmdq": 0, "read": {"device_start": -1, "device_end": -1}}, "FFC_sans_bias28": {"write": {"device_start": -1, "host_queued_start": 1585587629.918482, "device_queued": -1, "device_end": -1, "host_queued_end": 1585587629.92905}, "device": "cpu", "nd_range": {"device_start": 2255404.149466388, "device_end": 2255404.163853434}, "cmdq": 2, "read": {"device_start": -1, "device_end": -1}}, "FFC_sans_bias29": {"write": {"device_start": -1, "host_queued_start": 1585587629.919565, "device_queued": -1, "device_end": -1, "host_queued_end": 1585587629.92905}, "device": "cpu", "nd_range": {"device_start": 2255404.159279867, "device_end": 2255404.167923604}, "cmdq": 0, "read": {"device_start": -1, "device_end": -1}}, "empty17": {"write": {"device_start": -1, "host_queued_start": 1585587629.904266, "device_queued": -1, "device_end": -1, "host_queued_end": 1585587629.92905}, "device": "cpu", "nd_range": {"device_start": 2255404.118650936, "device_end": 2255404.11866533}, "cmdq": 1, "read": {"device_start": -1, "device_end": -1}}, "softmax59": {"write": {"device_start": -1, "host_queued_start": 1585587629.895806, "device_queued": -1, "device_end": -1, "host_queued_end": 1585587629.901561}, "device": "gpu", "nd_range": {"device_start": 1585587564.4656427, "device_end": 1585587564.4663198}, "cmdq": 2, "read": {"device_start": -1, "device_end": -1}}, "empty71": {"write": {"device_start": 1585587564.4580636, "host_queued_start": 1585587629.879869, "device_queued": 1585587564.457808, "device_end": 1585587564.4581153, "host_queued_end": 1585587629.901561}, "device": "gpu", "nd_range": {"device_start": 1585587564.45812, "device_end": 1585587564.458131}, "cmdq": 3, "read": {"device_start": -1, "device_end": -1}}, "empty35": {"write": {"device_start": -1, "host_queued_start": 1585587629.906405, "device_queued": -1, "device_end": -1, "host_queued_end": 1585587629.92905}, "device": "cpu", "nd_range": {"device_start": 2255404.118685623, "device_end": 2255404.1186866653}, "cmdq": 0, "read": {"device_start": -1, "device_end": -1}}, "empty53": {"write": {"device_start": 1585587564.457875, "host_queued_start": 1585587629.878159, "device_queued": 1585587564.4577494, "device_end": 1585587564.4579456, "host_queued_end": 1585587629.901561}, "device": "gpu", "nd_range": {"device_start": 1585587564.4579582, "device_end": 1585587564.457965}, "cmdq": 1, "read": {"device_start": -1, "device_end": -1}}, "FFC_sans_bias46": {"write": {"device_start": 1585587564.4589746, "host_queued_start": 1585587629.88505, "device_queued": 1585587564.4585469, "device_end": 1585587564.4589994, "host_queued_end": 1585587629.901561}, "device": "gpu", "nd_range": {"device_start": 1585587564.45901, "device_end": 1585587564.4608018}, "cmdq": 0, "read": {"device_start": -1, "device_end": -1}}, "coalesced_transpose66": {"write": {"device_start": -1, "host_queued_start": 1585587629.893775, "device_queued": -1, "device_end": -1, "host_queued_end": 1585587629.901561}, "device": "gpu", "nd_range": {"device_start": 1585587564.4641829, "device_end": 1585587564.4654753}, "cmdq": 3, "read": {"device_start": -1, "device_end": -1}}, "coalesced_transpose48": {"write": {"device_start": -1, "host_queued_start": 1585587629.893173, "device_queued": -1, "device_end": -1, "host_queued_end": 1585587629.901561}, "device": "gpu", "nd_range": {"device_start": 1585587564.4632237, "device_end": 1585587564.4640567}, "cmdq": 1, "read": {"device_start": -1, "device_end": -1}}}