{"FFC_sans_bias60": {"write": {"device_start": -1, "host_queued_start": 1585587766.474603, "device_queued": -1, "device_end": -1, "host_queued_end": 1585587766.483067}, "device": "cpu", "nd_range": {"device_start": 2255540.856933596, "device_end": 2255540.872126765}, "cmdq": 2, "read": {"device_start": -1, "device_end": -1}}, "FFC_sans_bias4": {"write": {"device_start": -1, "host_queued_start": 1585587766.467447, "device_queued": -1, "device_end": -1, "host_queued_end": 1585587766.483067}, "device": "cpu", "nd_range": {"device_start": 2255540.776434462, "device_end": 2255540.7847746382}, "cmdq": 1, "read": {"device_start": -1, "device_end": -1}}, "FFC_sans_bias7": {"write": {"device_start": -1, "host_queued_start": 1585587766.475998, "device_queued": -1, "device_end": -1, "host_queued_end": 1585587766.483067}, "device": "cpu", "nd_range": {"device_start": 2255540.859637585, "device_end": 2255540.87504867}, "cmdq": 1, "read": {"device_start": -1, "device_end": -1}}, "FFC_sans_bias6": {"write": {"device_start": -1, "host_queued_start": 1585587766.472494, "device_queued": -1, "device_end": -1, "host_queued_end": 1585587766.483067}, "device": "cpu", "nd_range": {"device_start": 2255540.82645644, "device_end": 2255540.841697975}, "cmdq": 2, "read": {"device_start": -1, "device_end": -1}}, "FFC_sans_bias1": {"write": {"device_start": -1, "host_queued_start": 1585587766.44096, "device_queued": -1, "device_end": -1, "host_queued_end": 1585587766.483067}, "device": "cpu", "nd_range": {"device_start": 2255540.672757363, "device_end": 2255540.685476365}, "cmdq": 0, "read": {"device_start": -1, "device_end": -1}}, "FFC_sans_bias0": {"write": {"device_start": -1, "host_queued_start": 1585587766.439916, "device_queued": -1, "device_end": -1, "host_queued_end": 1585587766.483067}, "device": "cpu", "nd_range": {"device_start": 2255540.6727516283, "device_end": 2255540.681011876}, "cmdq": 2, "read": {"device_start": -1, "device_end": -1}}, "FFC_sans_bias2": {"write": {"device_start": -1, "host_queued_start": 1585587766.44201, "device_queued": -1, "device_end": -1, "host_queued_end": 1585587766.483067}, "device": "cpu", "nd_range": {"device_start": 2255540.6727955244, "device_end": 2255540.686312455}, "cmdq": 1, "read": {"device_start": -1, "device_end": -1}}, "FFC_sans_bias61": {"write": {"device_start": -1, "host_queued_start": 1585587766.482019, "device_queued": -1, "device_end": -1, "host_queued_end": 1585587766.483067}, "device": "cpu", "nd_range": {"device_start": 2255540.8895429512, "device_end": 2255540.896679676}, "cmdq": 1, "read": {"device_start": -1, "device_end": -1}}, "FFC_sans_bias52": {"write": {"device_start": -1, "host_queued_start": 1585587766.481022, "device_queued": -1, "device_end": -1, "host_queued_end": 1585587766.483067}, "device": "cpu", "nd_range": {"device_start": 2255540.87423837, "device_end": 2255540.8851218913}, "cmdq": 0, "read": {"device_start": -1, "device_end": -1}}, "FFC_sans_bias9": {"write": {"device_start": -1, "host_queued_start": 1585587766.443256, "device_queued": -1, "device_end": -1, "host_queued_end": 1585587766.483067}, "device": "cpu", "nd_range": {"device_start": 2255540.681140465, "device_end": 2255540.6936596474}, "cmdq": 2, "read": {"device_start": -1, "device_end": -1}}, "coalesced_transpose39": {"write": {"device_start": -1, "host_queued_start": 1585587766.466098, "device_queued": -1, "device_end": -1, "host_queued_end": 1585587766.483067}, "device": "cpu", "nd_range": {"device_start": 2255540.790436457, "device_end": 2255540.790683289}, "cmdq": 0, "read": {"device_start": -1, "device_end": -1}}, "FFC_sans_bias55": {"write": {"device_start": -1, "host_queued_start": 1585587766.461248, "device_queued": -1, "device_end": -1, "host_queued_end": 1585587766.483067}, "device": "cpu", "nd_range": {"device_start": 2255540.745049517, "device_end": 2255540.755010535}, "cmdq": 1, "read": {"device_start": -1, "device_end": -1}}, "FFC_sans_bias54": {"write": {"device_start": -1, "host_queued_start": 1585587766.4602, "device_queued": -1, "device_end": -1, "host_queued_end": 1585587766.483067}, "device": "cpu", "nd_range": {"device_start": 2255540.760211078, "device_end": 2255540.77616277}, "cmdq": 0, "read": {"device_start": -1, "device_end": -1}}, "FFC_sans_bias56": {"write": {"device_start": -1, "host_queued_start": 1585587766.459157, "device_queued": -1, "device_end": -1, "host_queued_end": 1585587766.483067}, "device": "cpu", "nd_range": {"device_start": 2255540.759964012, "device_end": 2255540.765804219}, "cmdq": 2, "read": {"device_start": -1, "device_end": -1}}, "FFC_sans_bias51": {"write": {"device_start": -1, "host_queued_start": 1585587766.474253, "device_queued": -1, "device_end": -1, "host_queued_end": 1585587766.483067}, "device": "cpu", "nd_range": {"device_start": 2255540.844126737, "device_end": 2255540.859530899}, "cmdq": 1, "read": {"device_start": -1, "device_end": -1}}, "softmax23": {"write": {"device_start": -1, "host_queued_start": 1585587766.470781, "device_queued": -1, "device_end": -1, "host_queued_end": 1585587766.483067}, "device": "cpu", "nd_range": {"device_start": 2255540.826021496, "device_end": 2255540.82623721}, "cmdq": 2, "read": {"device_start": -1, "device_end": -1}}, "FFC_sans_bias37": {"write": {"device_start": -1, "host_queued_start": 1585587766.453891, "device_queued": -1, "device_end": -1, "host_queued_end": 1585587766.483067}, "device": "cpu", "nd_range": {"device_start": 2255540.736477848, "device_end": 2255540.74396916}, "cmdq": 0, "read": {"device_start": -1, "device_end": -1}}, "empty62": {"write": {"device_start": -1, "host_queued_start": 1585587766.43809, "device_queued": -1, "device_end": -1, "host_queued_end": 1585587766.483067}, "device": "cpu", "nd_range": {"device_start": 2255540.6727513233, "device_end": 2255540.6727519333}, "cmdq": 0, "read": {"device_start": -1, "device_end": -1}}, "FFC_sans_bias70": {"write": {"device_start": -1, "host_queued_start": 1585587766.483021, "device_queued": -1, "device_end": -1, "host_queued_end": 1585587766.483067}, "device": "cpu", "nd_range": {"device_start": 2255540.890502183, "device_end": 2255540.8983609043}, "cmdq": 2, "read": {"device_start": -1, "device_end": -1}}, "FFC_sans_bias58": {"write": {"device_start": -1, "host_queued_start": 1585587766.469601, "device_queued": -1, "device_end": -1, "host_queued_end": 1585587766.483067}, "device": "cpu", "nd_range": {"device_start": 2255540.7900669863, "device_end": 2255540.797705164}, "cmdq": 1, "read": {"device_start": -1, "device_end": -1}}, "softmax41": {"write": {"device_start": -1, "host_queued_start": 1585587766.471335, "device_queued": -1, "device_end": -1, "host_queued_end": 1585587766.483067}, "device": "cpu", "nd_range": {"device_start": 2255540.816419416, "device_end": 2255540.8166264}, "cmdq": 1, "read": {"device_start": -1, "device_end": -1}}, "FFC_sans_bias11": {"write": {"device_start": -1, "host_queued_start": 1585587766.445413, "device_queued": -1, "device_end": -1, "host_queued_end": 1585587766.483067}, "device": "cpu", "nd_range": {"device_start": 2255540.686320328, "device_end": 2255540.6983039062}, "cmdq": 1, "read": {"device_start": -1, "device_end": -1}}, "FFC_sans_bias10": {"write": {"device_start": -1, "host_queued_start": 1585587766.44434, "device_queued": -1, "device_end": -1, "host_queued_end": 1585587766.483067}, "device": "cpu", "nd_range": {"device_start": 2255540.686067725, "device_end": 2255540.703769321}, "cmdq": 0, "read": {"device_start": -1, "device_end": -1}}, "coalesced_transpose3": {"write": {"device_start": -1, "host_queued_start": 1585587766.464765, "device_queued": -1, "device_end": -1, "host_queued_end": 1585587766.483067}, "device": "cpu", "nd_range": {"device_start": 2255540.776170236, "device_end": 2255540.7763540363}, "cmdq": 2, "read": {"device_start": -1, "device_end": -1}}, "FFC_sans_bias34": {"write": {"device_start": -1, "host_queued_start": 1585587766.479015, "device_queued": -1, "device_end": -1, "host_queued_end": 1585587766.483067}, "device": "cpu", "nd_range": {"device_start": 2255540.8750581453, "device_end": 2255540.889539579}, "cmdq": 1, "read": {"device_start": -1, "device_end": -1}}, "FFC_sans_bias15": {"write": {"device_start": -1, "host_queued_start": 1585587766.47284, "device_queued": -1, "device_end": -1, "host_queued_end": 1585587766.483067}, "device": "cpu", "nd_range": {"device_start": 2255540.8184724553, "device_end": 2255540.8287621993}, "cmdq": 0, "read": {"device_start": -1, "device_end": -1}}, "FFC_sans_bias31": {"write": {"device_start": -1, "host_queued_start": 1585587766.46848, "device_queued": -1, "device_end": -1, "host_queued_end": 1585587766.483067}, "device": "cpu", "nd_range": {"device_start": 2255540.784796539, "device_end": 2255540.790024788}, "cmdq": 1, "read": {"device_start": -1, "device_end": -1}}, "FFC_sans_bias16": {"write": {"device_start": -1, "host_queued_start": 1585587766.476993, "device_queued": -1, "device_end": -1, "host_queued_end": 1585587766.483067}, "device": "cpu", "nd_range": {"device_start": 2255540.8721335833, "device_end": 2255540.882590856}, "cmdq": 2, "read": {"device_start": -1, "device_end": -1}}, "FFC_sans_bias19": {"write": {"device_start": -1, "host_queued_start": 1585587766.44756, "device_queued": -1, "device_end": -1, "host_queued_end": 1585587766.483067}, "device": "cpu", "nd_range": {"device_start": 2255540.704320764, "device_end": 2255540.720406161}, "cmdq": 0, "read": {"device_start": -1, "device_end": -1}}, "FFC_sans_bias18": {"write": {"device_start": -1, "host_queued_start": 1585587766.446479, "device_queued": -1, "device_end": -1, "host_queued_end": 1585587766.483067}, "device": "cpu", "nd_range": {"device_start": 2255540.6937762173, "device_end": 2255540.7048073313}, "cmdq": 2, "read": {"device_start": -1, "device_end": -1}}, "coalesced_transpose30": {"write": {"device_start": -1, "host_queued_start": 1585587766.465765, "device_queued": -1, "device_end": -1, "host_queued_end": 1585587766.483067}, "device": "cpu", "nd_range": {"device_start": 2255540.7763745734, "device_end": 2255540.776750625}, "cmdq": 2, "read": {"device_start": -1, "device_end": -1}}, "FFC_sans_bias69": {"write": {"device_start": -1, "host_queued_start": 1585587766.47495, "device_queued": -1, "device_end": -1, "host_queued_end": 1585587766.483067}, "device": "cpu", "nd_range": {"device_start": 2255540.843896681, "device_end": 2255540.8590802853}, "cmdq": 0, "read": {"device_start": -1, "device_end": -1}}, "FFC_sans_bias38": {"write": {"device_start": -1, "host_queued_start": 1585587766.45495, "device_queued": -1, "device_end": -1, "host_queued_end": 1585587766.483067}, "device": "cpu", "nd_range": {"device_start": 2255540.7195401653, "device_end": 2255540.728094837}, "cmdq": 1, "read": {"device_start": -1, "device_end": -1}}, "coalesced_transpose57": {"write": {"device_start": -1, "host_queued_start": 1585587766.466765, "device_queued": -1, "device_end": -1, "host_queued_end": 1585587766.483067}, "device": "cpu", "nd_range": {"device_start": 2255540.776858353, "device_end": 2255540.7771011433}, "cmdq": 2, "read": {"device_start": -1, "device_end": -1}}, "empty26": {"write": {"device_start": -1, "host_queued_start": 1585587766.434849, "device_queued": -1, "device_end": -1, "host_queued_end": 1585587766.483067}, "device": "cpu", "nd_range": {"device_start": 2255540.672712307, "device_end": 2255540.6727209473}, "cmdq": 2, "read": {"device_start": -1, "device_end": -1}}, "coalesced_transpose12": {"write": {"device_start": -1, "host_queued_start": 1585587766.465102, "device_queued": -1, "device_end": -1, "host_queued_end": 1585587766.483067}, "device": "cpu", "nd_range": {"device_start": 2255540.790029496, "device_end": 2255540.7903066683}, "cmdq": 0, "read": {"device_start": -1, "device_end": -1}}, "empty44": {"write": {"device_start": -1, "host_queued_start": 1585587766.436486, "device_queued": -1, "device_end": -1, "host_queued_end": 1585587766.483067}, "device": "cpu", "nd_range": {"device_start": 2255540.6727838772, "device_end": 2255540.672785093}, "cmdq": 1, "read": {"device_start": -1, "device_end": -1}}, "coalesced_transpose21": {"write": {"device_start": -1, "host_queued_start": 1585587766.465431, "device_queued": -1, "device_end": -1, "host_queued_end": 1585587766.483067}, "device": "cpu", "nd_range": {"device_start": 2255540.76149576, "device_end": 2255540.761750156}, "cmdq": 1, "read": {"device_start": -1, "device_end": -1}}, "FFC_sans_bias36": {"write": {"device_start": -1, "host_queued_start": 1585587766.452847, "device_queued": -1, "device_end": -1, "host_queued_end": 1585587766.483067}, "device": "cpu", "nd_range": {"device_start": 2255540.720905718, "device_end": 2255540.738097471}, "cmdq": 2, "read": {"device_start": -1, "device_end": -1}}, "softmax14": {"write": {"device_start": -1, "host_queued_start": 1585587766.470504, "device_queued": -1, "device_end": -1, "host_queued_end": 1585587766.483067}, "device": "cpu", "nd_range": {"device_start": 2255540.8047541203, "device_end": 2255540.804966567}, "cmdq": 1, "read": {"device_start": -1, "device_end": -1}}, "FFC_sans_bias13": {"write": {"device_start": -1, "host_queued_start": 1585587766.467792, "device_queued": -1, "device_end": -1, "host_queued_end": 1585587766.483067}, "device": "cpu", "nd_range": {"device_start": 2255540.7940289, "device_end": 2255540.8031106694}, "cmdq": 2, "read": {"device_start": -1, "device_end": -1}}, "empty8": {"write": {"device_start": -1, "host_queued_start": 1585587766.432965, "device_queued": -1, "device_end": -1, "host_queued_end": 1585587766.483067}, "device": "cpu", "nd_range": {"device_start": 2255540.6727075553, "device_end": 2255540.6727209464}, "cmdq": 0, "read": {"device_start": -1, "device_end": -1}}, "FFC_sans_bias42": {"write": {"device_start": -1, "host_queued_start": 1585587766.47391, "device_queued": -1, "device_end": -1, "host_queued_end": 1585587766.483067}, "device": "cpu", "nd_range": {"device_start": 2255540.8287683963, "device_end": 2255540.843888481}, "cmdq": 0, "read": {"device_start": -1, "device_end": -1}}, "FFC_sans_bias43": {"write": {"device_start": -1, "host_queued_start": 1585587766.480025, "device_queued": -1, "device_end": -1, "host_queued_end": 1585587766.483067}, "device": "cpu", "nd_range": {"device_start": 2255540.88259587, "device_end": 2255540.8904995513}, "cmdq": 2, "read": {"device_start": -1, "device_end": -1}}, "FFC_sans_bias40": {"write": {"device_start": -1, "host_queued_start": 1585587766.468821, "device_queued": -1, "device_end": -1, "host_queued_end": 1585587766.483067}, "device": "cpu", "nd_range": {"device_start": 2255540.803134119, "device_end": 2255540.815458346}, "cmdq": 2, "read": {"device_start": -1, "device_end": -1}}, "softmax32": {"write": {"device_start": -1, "host_queued_start": 1585587766.47106, "device_queued": -1, "device_end": -1, "host_queued_end": 1585587766.483067}, "device": "cpu", "nd_range": {"device_start": 2255540.818025566, "device_end": 2255540.818248811}, "cmdq": 0, "read": {"device_start": -1, "device_end": -1}}, "FFC_sans_bias47": {"write": {"device_start": -1, "host_queued_start": 1585587766.458107, "device_queued": -1, "device_end": -1, "host_queued_end": 1585587766.483067}, "device": "cpu", "nd_range": {"device_start": 2255540.728213633, "device_end": 2255540.744927079}, "cmdq": 1, "read": {"device_start": -1, "device_end": -1}}, "FFC_sans_bias45": {"write": {"device_start": -1, "host_queued_start": 1585587766.455993, "device_queued": -1, "device_end": -1, "host_queued_end": 1585587766.483067}, "device": "cpu", "nd_range": {"device_start": 2255540.738211802, "device_end": 2255540.759946919}, "cmdq": 2, "read": {"device_start": -1, "device_end": -1}}, "softmax50": {"write": {"device_start": -1, "host_queued_start": 1585587766.471611, "device_queued": -1, "device_end": -1, "host_queued_end": 1585587766.483067}, "device": "cpu", "nd_range": {"device_start": 2255540.82624311, "device_end": 2255540.82644929}, "cmdq": 2, "read": {"device_start": -1, "device_end": -1}}, "FFC_sans_bias33": {"write": {"device_start": -1, "host_queued_start": 1585587766.473544, "device_queued": -1, "device_end": -1, "host_queued_end": 1585587766.483067}, "device": "cpu", "nd_range": {"device_start": 2255540.841706621, "device_end": 2255540.856926198}, "cmdq": 2, "read": {"device_start": -1, "device_end": -1}}, "FFC_sans_bias63": {"write": {"device_start": -1, "host_queued_start": 1585587766.464429, "device_queued": -1, "device_end": -1, "host_queued_end": 1585587766.483067}, "device": "cpu", "nd_range": {"device_start": 2255540.755137459, "device_end": 2255540.7613795903}, "cmdq": 1, "read": {"device_start": -1, "device_end": -1}}, "FFC_sans_bias49": {"write": {"device_start": -1, "host_queued_start": 1585587766.469249, "device_queued": -1, "device_end": -1, "host_queued_end": 1585587766.483067}, "device": "cpu", "nd_range": {"device_start": 2255540.809195895, "device_end": 2255540.817795571}, "cmdq": 0, "read": {"device_start": -1, "device_end": -1}}, "FFC_sans_bias64": {"write": {"device_start": -1, "host_queued_start": 1585587766.462297, "device_queued": -1, "device_end": -1, "host_queued_end": 1585587766.483067}, "device": "cpu", "nd_range": {"device_start": 2255540.7659143, "device_end": 2255540.776163023}, "cmdq": 2, "read": {"device_start": -1, "device_end": -1}}, "FFC_sans_bias65": {"write": {"device_start": -1, "host_queued_start": 1585587766.463352, "device_queued": -1, "device_end": -1, "host_queued_end": 1585587766.483067}, "device": "cpu", "nd_range": {"device_start": 2255540.776170617, "device_end": 2255540.78285072}, "cmdq": 0, "read": {"device_start": -1, "device_end": -1}}, "FFC_sans_bias67": {"write": {"device_start": -1, "host_queued_start": 1585587766.469946, "device_queued": -1, "device_end": -1, "host_queued_end": 1585587766.483067}, "device": "cpu", "nd_range": {"device_start": 2255540.815467462, "device_end": 2255540.826013586}, "cmdq": 2, "read": {"device_start": -1, "device_end": -1}}, "FFC_sans_bias24": {"write": {"device_start": -1, "host_queued_start": 1585587766.473183, "device_queued": -1, "device_end": -1, "host_queued_end": 1585587766.483067}, "device": "cpu", "nd_range": {"device_start": 2255540.8283908092, "device_end": 2255540.844018294}, "cmdq": 1, "read": {"device_start": -1, "device_end": -1}}, "FFC_sans_bias25": {"write": {"device_start": -1, "host_queued_start": 1585587766.477983, "device_queued": -1, "device_end": -1, "host_queued_end": 1585587766.483067}, "device": "cpu", "nd_range": {"device_start": 2255540.8590867743, "device_end": 2255540.8742346773}, "cmdq": 0, "read": {"device_start": -1, "device_end": -1}}, "FFC_sans_bias27": {"write": {"device_start": -1, "host_queued_start": 1585587766.44967, "device_queued": -1, "device_end": -1, "host_queued_end": 1585587766.483067}, "device": "cpu", "nd_range": {"device_start": 2255540.704916742, "device_end": 2255540.7208008063}, "cmdq": 2, "read": {"device_start": -1, "device_end": -1}}, "FFC_sans_bias20": {"write": {"device_start": -1, "host_queued_start": 1585587766.448618, "device_queued": -1, "device_end": -1, "host_queued_end": 1585587766.483067}, "device": "cpu", "nd_range": {"device_start": 2255540.698310233, "device_end": 2255540.708751252}, "cmdq": 1, "read": {"device_start": -1, "device_end": -1}}, "FFC_sans_bias22": {"write": {"device_start": -1, "host_queued_start": 1585587766.468134, "device_queued": -1, "device_end": -1, "host_queued_end": 1585587766.483067}, "device": "cpu", "nd_range": {"device_start": 2255540.791305901, "device_end": 2255540.8091888633}, "cmdq": 0, "read": {"device_start": -1, "device_end": -1}}, "softmax68": {"write": {"device_start": -1, "host_queued_start": 1585587766.472157, "device_queued": -1, "device_end": -1, "host_queued_end": 1585587766.483067}, "device": "cpu", "nd_range": {"device_start": 2255540.8280768143, "device_end": 2255540.828281472}, "cmdq": 1, "read": {"device_start": -1, "device_end": -1}}, "softmax5": {"write": {"device_start": -1, "host_queued_start": 1585587766.47023, "device_queued": -1, "device_end": -1, "host_queued_end": 1585587766.483067}, "device": "cpu", "nd_range": {"device_start": 2255540.817802288, "device_end": 2255540.818018094}, "cmdq": 0, "read": {"device_start": -1, "device_end": -1}}, "FFC_sans_bias28": {"write": {"device_start": -1, "host_queued_start": 1585587766.450747, "device_queued": -1, "device_end": -1, "host_queued_end": 1585587766.483067}, "device": "cpu", "nd_range": {"device_start": 2255540.720415058, "device_end": 2255540.736467849}, "cmdq": 0, "read": {"device_start": -1, "device_end": -1}}, "FFC_sans_bias29": {"write": {"device_start": -1, "host_queued_start": 1585587766.4518, "device_queued": -1, "device_end": -1, "host_queued_end": 1585587766.483067}, "device": "cpu", "nd_range": {"device_start": 2255540.708757522, "device_end": 2255540.719404309}, "cmdq": 1, "read": {"device_start": -1, "device_end": -1}}, "empty17": {"write": {"device_start": -1, "host_queued_start": 1585587766.433984, "device_queued": -1, "device_end": -1, "host_queued_end": 1585587766.483067}, "device": "cpu", "nd_range": {"device_start": 2255540.672760683, "device_end": 2255540.67276667}, "cmdq": 1, "read": {"device_start": -1, "device_end": -1}}, "softmax59": {"write": {"device_start": -1, "host_queued_start": 1585587766.471885, "device_queued": -1, "device_end": -1, "host_queued_end": 1585587766.483067}, "device": "cpu", "nd_range": {"device_start": 2255540.8182547223, "device_end": 2255540.8184670093}, "cmdq": 0, "read": {"device_start": -1, "device_end": -1}}, "empty71": {"write": {"device_start": -1, "host_queued_start": 1585587766.43894, "device_queued": -1, "device_end": -1, "host_queued_end": 1585587766.483067}, "device": "cpu", "nd_range": {"device_start": 2255540.67279045, "device_end": 2255540.6727910424}, "cmdq": 1, "read": {"device_start": -1, "device_end": -1}}, "empty35": {"write": {"device_start": -1, "host_queued_start": 1585587766.435686, "device_queued": -1, "device_end": -1, "host_queued_end": 1585587766.483067}, "device": "cpu", "nd_range": {"device_start": 2255540.672744555, "device_end": 2255540.672745589}, "cmdq": 0, "read": {"device_start": -1, "device_end": -1}}, "empty53": {"write": {"device_start": -1, "host_queued_start": 1585587766.437288, "device_queued": -1, "device_end": -1, "host_queued_end": 1585587766.483067}, "device": "cpu", "nd_range": {"device_start": 2255540.6727445903, "device_end": 2255540.6727454183}, "cmdq": 2, "read": {"device_start": -1, "device_end": -1}}, "FFC_sans_bias46": {"write": {"device_start": -1, "host_queued_start": 1585587766.457038, "device_queued": -1, "device_end": -1, "host_queued_end": 1585587766.483067}, "device": "cpu", "nd_range": {"device_start": 2255540.74436583, "device_end": 2255540.759867383}, "cmdq": 0, "read": {"device_start": -1, "device_end": -1}}, "coalesced_transpose66": {"write": {"device_start": -1, "host_queued_start": 1585587766.4671, "device_queued": -1, "device_end": -1, "host_queued_end": 1585587766.483067}, "device": "cpu", "nd_range": {"device_start": 2255540.790690726, "device_end": 2255540.7912978143}, "cmdq": 0, "read": {"device_start": -1, "device_end": -1}}, "coalesced_transpose48": {"write": {"device_start": -1, "host_queued_start": 1585587766.466429, "device_queued": -1, "device_end": -1, "host_queued_end": 1585587766.483067}, "device": "cpu", "nd_range": {"device_start": 2255540.7618622533, "device_end": 2255540.762103074}, "cmdq": 1, "read": {"device_start": -1, "device_end": -1}}}