{"FFC_sans_bias60": {"write": {"device_start": -1, "host_queued_start": 1585587713.536958, "device_queued": -1, "device_end": -1, "host_queued_end": 1585587713.544068}, "device": "cpu", "nd_range": {"device_start": 2255487.8897274863, "device_end": 2255487.894246078}, "cmdq": 0, "read": {"device_start": -1, "device_end": -1}}, "FFC_sans_bias4": {"write": {"device_start": -1, "host_queued_start": 1585587713.53034, "device_queued": -1, "device_end": -1, "host_queued_end": 1585587713.544068}, "device": "cpu", "nd_range": {"device_start": 2255487.830017993, "device_end": 2255487.834096916}, "cmdq": 0, "read": {"device_start": -1, "device_end": -1}}, "FFC_sans_bias7": {"write": {"device_start": -1, "host_queued_start": 1585587713.538003, "device_queued": -1, "device_end": -1, "host_queued_end": 1585587713.544068}, "device": "cpu", "nd_range": {"device_start": 2255487.8942519953, "device_end": 2255487.8988344483}, "cmdq": 0, "read": {"device_start": -1, "device_end": -1}}, "FFC_sans_bias6": {"write": {"device_start": -1, "host_queued_start": 1585587713.534839, "device_queued": -1, "device_end": -1, "host_queued_end": 1585587713.544068}, "device": "cpu", "nd_range": {"device_start": 2255487.8627468413, "device_end": 2255487.8668231564}, "cmdq": 0, "read": {"device_start": -1, "device_end": -1}}, "FFC_sans_bias1": {"write": {"device_start": -1, "host_queued_start": 1585587713.507647, "device_queued": -1, "device_end": -1, "host_queued_end": 1585587713.544068}, "device": "cpu", "nd_range": {"device_start": 2255487.7379979203, "device_end": 2255487.7419994473}, "cmdq": 0, "read": {"device_start": -1, "device_end": -1}}, "FFC_sans_bias0": {"write": {"device_start": -1, "host_queued_start": 1585587713.506597, "device_queued": -1, "device_end": -1, "host_queued_end": 1585587713.544068}, "device": "cpu", "nd_range": {"device_start": 2255487.73373692, "device_end": 2255487.7378711454}, "cmdq": 0, "read": {"device_start": -1, "device_end": -1}}, "FFC_sans_bias2": {"write": {"device_start": -1, "host_queued_start": 1585587713.508695, "device_queued": -1, "device_end": -1, "host_queued_end": 1585587713.544068}, "device": "cpu", "nd_range": {"device_start": 2255487.742025038, "device_end": 2255487.7459939662}, "cmdq": 0, "read": {"device_start": -1, "device_end": -1}}, "FFC_sans_bias61": {"write": {"device_start": -1, "host_queued_start": 1585587713.544023, "device_queued": -1, "device_end": -1, "host_queued_end": 1585587713.544068}, "device": "cpu", "nd_range": {"device_start": 2255487.9217211492, "device_end": 2255487.926242349}, "cmdq": 0, "read": {"device_start": -1, "device_end": -1}}, "FFC_sans_bias52": {"write": {"device_start": -1, "host_queued_start": 1585587713.543029, "device_queued": -1, "device_end": -1, "host_queued_end": 1585587713.544068}, "device": "cpu", "nd_range": {"device_start": 2255487.916967342, "device_end": 2255487.921718379}, "cmdq": 0, "read": {"device_start": -1, "device_end": -1}}, "FFC_sans_bias9": {"write": {"device_start": -1, "host_queued_start": 1585587713.509737, "device_queued": -1, "device_end": -1, "host_queued_end": 1585587713.544068}, "device": "cpu", "nd_range": {"device_start": 2255487.745999049, "device_end": 2255487.7499723923}, "cmdq": 0, "read": {"device_start": -1, "device_end": -1}}, "coalesced_transpose39": {"write": {"device_start": -1, "host_queued_start": 1585587713.529325, "device_queued": -1, "device_end": -1, "host_queued_end": 1585587713.544068}, "device": "cpu", "nd_range": {"device_start": 2255487.829349854, "device_end": 2255487.829462057}, "cmdq": 0, "read": {"device_start": -1, "device_end": -1}}, "FFC_sans_bias55": {"write": {"device_start": -1, "host_queued_start": 1585587713.527658, "device_queued": -1, "device_end": -1, "host_queued_end": 1585587713.544068}, "device": "cpu", "nd_range": {"device_start": 2255487.823743985, "device_end": 2255487.828337126}, "cmdq": 0, "read": {"device_start": -1, "device_end": -1}}, "FFC_sans_bias54": {"write": {"device_start": -1, "host_queued_start": 1585587713.526621, "device_queued": -1, "device_end": -1, "host_queued_end": 1585587713.544068}, "device": "cpu", "nd_range": {"device_start": 2255487.8189465674, "device_end": 2255487.82373903}, "cmdq": 0, "read": {"device_start": -1, "device_end": -1}}, "FFC_sans_bias56": {"write": {"device_start": -1, "host_queued_start": 1585587713.525548, "device_queued": -1, "device_end": -1, "host_queued_end": 1585587713.544068}, "device": "cpu", "nd_range": {"device_start": 2255487.814429648, "device_end": 2255487.818941513}, "cmdq": 0, "read": {"device_start": -1, "device_end": -1}}, "FFC_sans_bias51": {"write": {"device_start": -1, "host_queued_start": 1585587713.536593, "device_queued": -1, "device_end": -1, "host_queued_end": 1585587713.544068}, "device": "cpu", "nd_range": {"device_start": 2255487.88519868, "device_end": 2255487.8897222714}, "cmdq": 0, "read": {"device_start": -1, "device_end": -1}}, "softmax23": {"write": {"device_start": -1, "host_queued_start": 1585587713.533353, "device_queued": -1, "device_end": -1, "host_queued_end": 1585587713.544068}, "device": "cpu", "nd_range": {"device_start": 2255487.8618096933, "device_end": 2255487.861900446}, "cmdq": 0, "read": {"device_start": -1, "device_end": -1}}, "FFC_sans_bias37": {"write": {"device_start": -1, "host_queued_start": 1585587713.520294, "device_queued": -1, "device_end": -1, "host_queued_end": 1585587713.544068}, "device": "cpu", "nd_range": {"device_start": 2255487.791186702, "device_end": 2255487.795954719}, "cmdq": 0, "read": {"device_start": -1, "device_end": -1}}, "empty62": {"write": {"device_start": -1, "host_queued_start": 1585587713.505626, "device_queued": -1, "device_end": -1, "host_queued_end": 1585587713.544068}, "device": "cpu", "nd_range": {"device_start": 2255487.733731015, "device_end": 2255487.7337316764}, "cmdq": 0, "read": {"device_start": -1, "device_end": -1}}, "FFC_sans_bias70": {"write": {"device_start": 1585587648.0550163, "host_queued_start": 1585587713.498974, "device_queued": 1585587648.053579, "device_end": 1585587648.055047, "host_queued_end": 1585587713.499084}, "device": "gpu", "nd_range": {"device_start": 1585587648.056244, "device_end": 1585587648.0568373}, "cmdq": 3, "read": {"device_start": 1585587648.0568388, "device_end": 1585587648.0568614}}, "FFC_sans_bias58": {"write": {"device_start": -1, "host_queued_start": 1585587713.532522, "device_queued": -1, "device_end": -1, "host_queued_end": 1585587713.544068}, "device": "cpu", "nd_range": {"device_start": 2255487.8563952353, "device_end": 2255487.861340824}, "cmdq": 0, "read": {"device_start": -1, "device_end": -1}}, "softmax41": {"write": {"device_start": -1, "host_queued_start": 1585587713.533914, "device_queued": -1, "device_end": -1, "host_queued_end": 1585587713.544068}, "device": "cpu", "nd_range": {"device_start": 2255487.862190591, "device_end": 2255487.8622730933}, "cmdq": 0, "read": {"device_start": -1, "device_end": -1}}, "FFC_sans_bias11": {"write": {"device_start": -1, "host_queued_start": 1585587713.511874, "device_queued": -1, "device_end": -1, "host_queued_end": 1585587713.544068}, "device": "cpu", "nd_range": {"device_start": 2255487.754564959, "device_end": 2255487.7590009943}, "cmdq": 0, "read": {"device_start": -1, "device_end": -1}}, "FFC_sans_bias10": {"write": {"device_start": -1, "host_queued_start": 1585587713.510822, "device_queued": -1, "device_end": -1, "host_queued_end": 1585587713.544068}, "device": "cpu", "nd_range": {"device_start": 2255487.74997731, "device_end": 2255487.754560084}, "cmdq": 0, "read": {"device_start": -1, "device_end": -1}}, "coalesced_transpose3": {"write": {"device_start": -1, "host_queued_start": 1585587713.527996, "device_queued": -1, "device_end": -1, "host_queued_end": 1585587713.544068}, "device": "cpu", "nd_range": {"device_start": 2255487.828342147, "device_end": 2255487.828498328}, "cmdq": 0, "read": {"device_start": -1, "device_end": -1}}, "FFC_sans_bias34": {"write": {"device_start": -1, "host_queued_start": 1585587713.540971, "device_queued": -1, "device_end": -1, "host_queued_end": 1585587713.544068}, "device": "cpu", "nd_range": {"device_start": 2255487.908037798, "device_end": 2255487.9124214663}, "cmdq": 0, "read": {"device_start": -1, "device_end": -1}}, "FFC_sans_bias15": {"write": {"device_start": -1, "host_queued_start": 1585587713.535198, "device_queued": -1, "device_end": -1, "host_queued_end": 1585587713.544068}, "device": "cpu", "nd_range": {"device_start": 2255487.866829383, "device_end": 2255487.871598173}, "cmdq": 0, "read": {"device_start": -1, "device_end": -1}}, "FFC_sans_bias31": {"write": {"device_start": -1, "host_queued_start": 1585587713.531496, "device_queued": -1, "device_end": -1, "host_queued_end": 1585587713.544068}, "device": "cpu", "nd_range": {"device_start": 2255487.843310911, "device_end": 2255487.848104812}, "cmdq": 0, "read": {"device_start": -1, "device_end": -1}}, "FFC_sans_bias16": {"write": {"device_start": -1, "host_queued_start": 1585587713.538992, "device_queued": -1, "device_end": -1, "host_queued_end": 1585587713.544068}, "device": "cpu", "nd_range": {"device_start": 2255487.898837768, "device_end": 2255487.903505147}, "cmdq": 0, "read": {"device_start": -1, "device_end": -1}}, "FFC_sans_bias19": {"write": {"device_start": -1, "host_queued_start": 1585587713.513953, "device_queued": -1, "device_end": -1, "host_queued_end": 1585587713.544068}, "device": "cpu", "nd_range": {"device_start": 2255487.763779969, "device_end": 2255487.768372678}, "cmdq": 0, "read": {"device_start": -1, "device_end": -1}}, "FFC_sans_bias18": {"write": {"device_start": -1, "host_queued_start": 1585587713.512914, "device_queued": -1, "device_end": -1, "host_queued_end": 1585587713.544068}, "device": "cpu", "nd_range": {"device_start": 2255487.7590063303, "device_end": 2255487.763775114}, "cmdq": 0, "read": {"device_start": -1, "device_end": -1}}, "coalesced_transpose30": {"write": {"device_start": -1, "host_queued_start": 1585587713.528991, "device_queued": -1, "device_end": -1, "host_queued_end": 1585587713.544068}, "device": "cpu", "nd_range": {"device_start": 2255487.829108117, "device_end": 2255487.8292336892}, "cmdq": 0, "read": {"device_start": -1, "device_end": -1}}, "FFC_sans_bias69": {"write": {"device_start": -1, "host_queued_start": 1585587713.497941, "device_queued": -1, "device_end": -1, "host_queued_end": 1585587713.499084}, "device": "gpu", "nd_range": {"device_start": 1585587648.0556417, "device_end": 1585587648.05624}, "cmdq": 2, "read": {"device_start": -1, "device_end": -1}}, "FFC_sans_bias38": {"write": {"device_start": -1, "host_queued_start": 1585587713.521345, "device_queued": -1, "device_end": -1, "host_queued_end": 1585587713.544068}, "device": "cpu", "nd_range": {"device_start": 2255487.795959804, "device_end": 2255487.80077208}, "cmdq": 0, "read": {"device_start": -1, "device_end": -1}}, "coalesced_transpose57": {"write": {"device_start": -1, "host_queued_start": 1585587713.529989, "device_queued": -1, "device_end": -1, "host_queued_end": 1585587713.544068}, "device": "cpu", "nd_range": {"device_start": 2255487.829802359, "device_end": 2255487.829905896}, "cmdq": 0, "read": {"device_start": -1, "device_end": -1}}, "empty26": {"write": {"device_start": -1, "host_queued_start": 1585587713.502298, "device_queued": -1, "device_end": -1, "host_queued_end": 1585587713.544068}, "device": "cpu", "nd_range": {"device_start": 2255487.7337110513, "device_end": 2255487.7337117624}, "cmdq": 0, "read": {"device_start": -1, "device_end": -1}}, "coalesced_transpose12": {"write": {"device_start": -1, "host_queued_start": 1585587713.528324, "device_queued": -1, "device_end": -1, "host_queued_end": 1585587713.544068}, "device": "cpu", "nd_range": {"device_start": 2255487.828624987, "device_end": 2255487.8287251433}, "cmdq": 0, "read": {"device_start": -1, "device_end": -1}}, "empty44": {"write": {"device_start": -1, "host_queued_start": 1585587713.504019, "device_queued": -1, "device_end": -1, "host_queued_end": 1585587713.544068}, "device": "cpu", "nd_range": {"device_start": 2255487.73372157, "device_end": 2255487.733722168}, "cmdq": 0, "read": {"device_start": -1, "device_end": -1}}, "coalesced_transpose21": {"write": {"device_start": -1, "host_queued_start": 1585587713.528657, "device_queued": -1, "device_end": -1, "host_queued_end": 1585587713.544068}, "device": "cpu", "nd_range": {"device_start": 2255487.8288572733, "device_end": 2255487.828982699}, "cmdq": 0, "read": {"device_start": -1, "device_end": -1}}, "FFC_sans_bias36": {"write": {"device_start": -1, "host_queued_start": 1585587713.519252, "device_queued": -1, "device_end": -1, "host_queued_end": 1585587713.544068}, "device": "cpu", "nd_range": {"device_start": 2255487.786754609, "device_end": 2255487.791181613}, "cmdq": 0, "read": {"device_start": -1, "device_end": -1}}, "softmax14": {"write": {"device_start": -1, "host_queued_start": 1585587713.533079, "device_queued": -1, "device_end": -1, "host_queued_end": 1585587713.544068}, "device": "cpu", "nd_range": {"device_start": 2255487.8615999823, "device_end": 2255487.8616939993}, "cmdq": 0, "read": {"device_start": -1, "device_end": -1}}, "FFC_sans_bias13": {"write": {"device_start": -1, "host_queued_start": 1585587713.530791, "device_queued": -1, "device_end": -1, "host_queued_end": 1585587713.544068}, "device": "cpu", "nd_range": {"device_start": 2255487.834102778, "device_end": 2255487.8389020422}, "cmdq": 0, "read": {"device_start": -1, "device_end": -1}}, "empty8": {"write": {"device_start": -1, "host_queued_start": 1585587713.500564, "device_queued": -1, "device_end": -1, "host_queued_end": 1585587713.544068}, "device": "cpu", "nd_range": {"device_start": 2255487.733671876, "device_end": 2255487.733685524}, "cmdq": 0, "read": {"device_start": -1, "device_end": -1}}, "FFC_sans_bias42": {"write": {"device_start": -1, "host_queued_start": 1585587713.536243, "device_queued": -1, "device_end": -1, "host_queued_end": 1585587713.544068}, "device": "cpu", "nd_range": {"device_start": 2255487.880695076, "device_end": 2255487.8851929232}, "cmdq": 0, "read": {"device_start": -1, "device_end": -1}}, "FFC_sans_bias43": {"write": {"device_start": -1, "host_queued_start": 1585587713.54203, "device_queued": -1, "device_end": -1, "host_queued_end": 1585587713.544068}, "device": "cpu", "nd_range": {"device_start": 2255487.9124240424, "device_end": 2255487.916962886}, "cmdq": 0, "read": {"device_start": -1, "device_end": -1}}, "FFC_sans_bias40": {"write": {"device_start": -1, "host_queued_start": 1585587713.531836, "device_queued": -1, "device_end": -1, "host_queued_end": 1585587713.544068}, "device": "cpu", "nd_range": {"device_start": 2255487.848111086, "device_end": 2255487.852046519}, "cmdq": 0, "read": {"device_start": -1, "device_end": -1}}, "softmax32": {"write": {"device_start": -1, "host_queued_start": 1585587713.533626, "device_queued": -1, "device_end": -1, "host_queued_end": 1585587713.544068}, "device": "cpu", "nd_range": {"device_start": 2255487.862004883, "device_end": 2255487.86208601}, "cmdq": 0, "read": {"device_start": -1, "device_end": -1}}, "FFC_sans_bias47": {"write": {"device_start": -1, "host_queued_start": 1585587713.524499, "device_queued": -1, "device_end": -1, "host_queued_end": 1585587713.544068}, "device": "cpu", "nd_range": {"device_start": 2255487.809859912, "device_end": 2255487.814424781}, "cmdq": 0, "read": {"device_start": -1, "device_end": -1}}, "FFC_sans_bias45": {"write": {"device_start": -1, "host_queued_start": 1585587713.522391, "device_queued": -1, "device_end": -1, "host_queued_end": 1585587713.544068}, "device": "cpu", "nd_range": {"device_start": 2255487.800777051, "device_end": 2255487.805286079}, "cmdq": 0, "read": {"device_start": -1, "device_end": -1}}, "softmax50": {"write": {"device_start": -1, "host_queued_start": 1585587713.534198, "device_queued": -1, "device_end": -1, "host_queued_end": 1585587713.544068}, "device": "cpu", "nd_range": {"device_start": 2255487.8623773153, "device_end": 2255487.8624593522}, "cmdq": 0, "read": {"device_start": -1, "device_end": -1}}, "FFC_sans_bias33": {"write": {"device_start": -1, "host_queued_start": 1585587713.535886, "device_queued": -1, "device_end": -1, "host_queued_end": 1585587713.544068}, "device": "cpu", "nd_range": {"device_start": 2255487.875903855, "device_end": 2255487.8806889323}, "cmdq": 0, "read": {"device_start": -1, "device_end": -1}}, "FFC_sans_bias63": {"write": {"device_start": 1585587648.053383, "host_queued_start": 1585587713.496692, "device_queued": 1585587648.0531385, "device_end": 1585587648.0534089, "host_queued_end": 1585587713.499084}, "device": "gpu", "nd_range": {"device_start": 1585587648.05344, "device_end": 1585587648.0549188}, "cmdq": 3, "read": {"device_start": -1, "device_end": -1}}, "FFC_sans_bias49": {"write": {"device_start": -1, "host_queued_start": 1585587713.53218, "device_queued": -1, "device_end": -1, "host_queued_end": 1585587713.544068}, "device": "cpu", "nd_range": {"device_start": 2255487.852160119, "device_end": 2255487.8562774453}, "cmdq": 0, "read": {"device_start": -1, "device_end": -1}}, "FFC_sans_bias64": {"write": {"device_start": 1585587648.0532176, "host_queued_start": 1585587713.494499, "device_queued": 1585587648.053089, "device_end": 1585587648.0532813, "host_queued_end": 1585587713.499084}, "device": "gpu", "nd_range": {"device_start": 1585587648.0534003, "device_end": 1585587648.0540144}, "cmdq": 1, "read": {"device_start": -1, "device_end": -1}}, "FFC_sans_bias65": {"write": {"device_start": 1585587648.053309, "host_queued_start": 1585587713.495629, "device_queued": 1585587648.053116, "device_end": 1585587648.0533683, "host_queued_end": 1585587713.499084}, "device": "gpu", "nd_range": {"device_start": 1585587648.0534184, "device_end": 1585587648.054435}, "cmdq": 2, "read": {"device_start": -1, "device_end": -1}}, "FFC_sans_bias67": {"write": {"device_start": -1, "host_queued_start": 1585587713.49739, "device_queued": -1, "device_end": -1, "host_queued_end": 1585587713.499084}, "device": "gpu", "nd_range": {"device_start": 1585587648.0549219, "device_end": 1585587648.0554287}, "cmdq": 0, "read": {"device_start": -1, "device_end": -1}}, "FFC_sans_bias24": {"write": {"device_start": -1, "host_queued_start": 1585587713.535544, "device_queued": -1, "device_end": -1, "host_queued_end": 1585587713.544068}, "device": "cpu", "nd_range": {"device_start": 2255487.8716041623, "device_end": 2255487.875898084}, "cmdq": 0, "read": {"device_start": -1, "device_end": -1}}, "FFC_sans_bias25": {"write": {"device_start": -1, "host_queued_start": 1585587713.539984, "device_queued": -1, "device_end": -1, "host_queued_end": 1585587713.544068}, "device": "cpu", "nd_range": {"device_start": 2255487.903508087, "device_end": 2255487.908035133}, "cmdq": 0, "read": {"device_start": -1, "device_end": -1}}, "FFC_sans_bias27": {"write": {"device_start": -1, "host_queued_start": 1585587713.516074, "device_queued": -1, "device_end": -1, "host_queued_end": 1585587713.544068}, "device": "cpu", "nd_range": {"device_start": 2255487.7728219014, "device_end": 2255487.777338947}, "cmdq": 0, "read": {"device_start": -1, "device_end": -1}}, "FFC_sans_bias20": {"write": {"device_start": -1, "host_queued_start": 1585587713.51503, "device_queued": -1, "device_end": -1, "host_queued_end": 1585587713.544068}, "device": "cpu", "nd_range": {"device_start": 2255487.7683776873, "device_end": 2255487.772816331}, "cmdq": 0, "read": {"device_start": -1, "device_end": -1}}, "FFC_sans_bias22": {"write": {"device_start": -1, "host_queued_start": 1585587713.531151, "device_queued": -1, "device_end": -1, "host_queued_end": 1585587713.544068}, "device": "cpu", "nd_range": {"device_start": 2255487.838907989, "device_end": 2255487.8433051603}, "cmdq": 0, "read": {"device_start": -1, "device_end": -1}}, "softmax68": {"write": {"device_start": -1, "host_queued_start": 1585587713.497636, "device_queued": -1, "device_end": -1, "host_queued_end": 1585587713.499084}, "device": "gpu", "nd_range": {"device_start": 1585587648.0554366, "device_end": 1585587648.0556285}, "cmdq": 1, "read": {"device_start": -1, "device_end": -1}}, "softmax5": {"write": {"device_start": -1, "host_queued_start": 1585587713.532804, "device_queued": -1, "device_end": -1, "host_queued_end": 1585587713.544068}, "device": "cpu", "nd_range": {"device_start": 2255487.8613472953, "device_end": 2255487.8614787953}, "cmdq": 0, "read": {"device_start": -1, "device_end": -1}}, "FFC_sans_bias28": {"write": {"device_start": -1, "host_queued_start": 1585587713.51713, "device_queued": -1, "device_end": -1, "host_queued_end": 1585587713.544068}, "device": "cpu", "nd_range": {"device_start": 2255487.7773437523, "device_end": 2255487.782150338}, "cmdq": 0, "read": {"device_start": -1, "device_end": -1}}, "FFC_sans_bias29": {"write": {"device_start": -1, "host_queued_start": 1585587713.518183, "device_queued": -1, "device_end": -1, "host_queued_end": 1585587713.544068}, "device": "cpu", "nd_range": {"device_start": 2255487.78215581, "device_end": 2255487.786749224}, "cmdq": 0, "read": {"device_start": -1, "device_end": -1}}, "empty17": {"write": {"device_start": -1, "host_queued_start": 1585587713.501446, "device_queued": -1, "device_end": -1, "host_queued_end": 1585587713.544068}, "device": "cpu", "nd_range": {"device_start": 2255487.733704607, "device_end": 2255487.7337058024}, "cmdq": 0, "read": {"device_start": -1, "device_end": -1}}, "softmax59": {"write": {"device_start": -1, "host_queued_start": 1585587713.534492, "device_queued": -1, "device_end": -1, "host_queued_end": 1585587713.544068}, "device": "cpu", "nd_range": {"device_start": 2255487.862561805, "device_end": 2255487.86264216}, "cmdq": 0, "read": {"device_start": -1, "device_end": -1}}, "empty71": {"write": {"device_start": 1585587648.0531263, "host_queued_start": 1585587713.493301, "device_queued": 1585587648.0529888, "device_end": 1585587648.0531654, "host_queued_end": 1585587713.499084}, "device": "gpu", "nd_range": {"device_start": 1585587648.053174, "device_end": 1585587648.053179}, "cmdq": 0, "read": {"device_start": -1, "device_end": -1}}, "empty35": {"write": {"device_start": -1, "host_queued_start": 1585587713.503152, "device_queued": -1, "device_end": -1, "host_queued_end": 1585587713.544068}, "device": "cpu", "nd_range": {"device_start": 2255487.733716555, "device_end": 2255487.7337172353}, "cmdq": 0, "read": {"device_start": -1, "device_end": -1}}, "empty53": {"write": {"device_start": -1, "host_queued_start": 1585587713.50482, "device_queued": -1, "device_end": -1, "host_queued_end": 1585587713.544068}, "device": "cpu", "nd_range": {"device_start": 2255487.733726054, "device_end": 2255487.7337266603}, "cmdq": 0, "read": {"device_start": -1, "device_end": -1}}, "FFC_sans_bias46": {"write": {"device_start": -1, "host_queued_start": 1585587713.523447, "device_queued": -1, "device_end": -1, "host_queued_end": 1585587713.544068}, "device": "cpu", "nd_range": {"device_start": 2255487.8052914273, "device_end": 2255487.8098549503}, "cmdq": 0, "read": {"device_start": -1, "device_end": -1}}, "coalesced_transpose66": {"write": {"device_start": -1, "host_queued_start": 1585587713.497041, "device_queued": -1, "device_end": -1, "host_queued_end": 1585587713.499084}, "device": "gpu", "nd_range": {"device_start": 1585587648.0540183, "device_end": 1585587648.0548456}, "cmdq": 4, "read": {"device_start": -1, "device_end": -1}}, "coalesced_transpose48": {"write": {"device_start": -1, "host_queued_start": 1585587713.529652, "device_queued": -1, "device_end": -1, "host_queued_end": 1585587713.544068}, "device": "cpu", "nd_range": {"device_start": 2255487.8295763303, "device_end": 2255487.829685797}, "cmdq": 0, "read": {"device_start": -1, "device_end": -1}}}