{"FFC_sans_bias60": {"write": {"device_start": -1, "host_queued_start": 1585587290.307191, "device_queued": -1, "device_end": -1, "host_queued_end": 1585587290.31562}, "device": "cpu", "nd_range": {"device_start": 2255064.684997533, "device_end": 2255064.6979645654}, "cmdq": 2, "read": {"device_start": -1, "device_end": -1}}, "FFC_sans_bias4": {"write": {"device_start": -1, "host_queued_start": 1585587290.299975, "device_queued": -1, "device_end": -1, "host_queued_end": 1585587290.31562}, "device": "cpu", "nd_range": {"device_start": 2255064.632514026, "device_end": 2255064.641240159}, "cmdq": 0, "read": {"device_start": -1, "device_end": -1}}, "FFC_sans_bias7": {"write": {"device_start": -1, "host_queued_start": 1585587290.308586, "device_queued": -1, "device_end": -1, "host_queued_end": 1585587290.31562}, "device": "cpu", "nd_range": {"device_start": 2255064.679111338, "device_end": 2255064.6920201643}, "cmdq": 0, "read": {"device_start": -1, "device_end": -1}}, "FFC_sans_bias6": {"write": {"device_start": -1, "host_queued_start": 1585587290.305056, "device_queued": -1, "device_end": -1, "host_queued_end": 1585587290.31562}, "device": "cpu", "nd_range": {"device_start": 2255064.651384553, "device_end": 2255064.666654523}, "cmdq": 0, "read": {"device_start": -1, "device_end": -1}}, "FFC_sans_bias1": {"write": {"device_start": -1, "host_queued_start": 1585587290.27341, "device_queued": -1, "device_end": -1, "host_queued_end": 1585587290.31562}, "device": "cpu", "nd_range": {"device_start": 2255064.505351536, "device_end": 2255064.5231594103}, "cmdq": 1, "read": {"device_start": -1, "device_end": -1}}, "FFC_sans_bias0": {"write": {"device_start": -1, "host_queued_start": 1585587290.272364, "device_queued": -1, "device_end": -1, "host_queued_end": 1585587290.31562}, "device": "cpu", "nd_range": {"device_start": 2255064.505306439, "device_end": 2255064.523496599}, "cmdq": 0, "read": {"device_start": -1, "device_end": -1}}, "FFC_sans_bias2": {"write": {"device_start": -1, "host_queued_start": 1585587290.274463, "device_queued": -1, "device_end": -1, "host_queued_end": 1585587290.31562}, "device": "cpu", "nd_range": {"device_start": 2255064.505349875, "device_end": 2255064.520834397}, "cmdq": 2, "read": {"device_start": -1, "device_end": -1}}, "FFC_sans_bias61": {"write": {"device_start": -1, "host_queued_start": 1585587290.314579, "device_queued": -1, "device_end": -1, "host_queued_end": 1585587290.31562}, "device": "cpu", "nd_range": {"device_start": 2255064.7091416363, "device_end": 2255064.71624686}, "cmdq": 2, "read": {"device_start": -1, "device_end": -1}}, "FFC_sans_bias52": {"write": {"device_start": -1, "host_queued_start": 1585587290.313575, "device_queued": -1, "device_end": -1, "host_queued_end": 1585587290.31562}, "device": "cpu", "nd_range": {"device_start": 2255064.712803102, "device_end": 2255064.718671828}, "cmdq": 1, "read": {"device_start": -1, "device_end": -1}}, "FFC_sans_bias9": {"write": {"device_start": -1, "host_queued_start": 1585587290.275713, "device_queued": -1, "device_end": -1, "host_queued_end": 1585587290.31562}, "device": "cpu", "nd_range": {"device_start": 2255064.506010231, "device_end": 2255064.521301491}, "cmdq": 3, "read": {"device_start": -1, "device_end": -1}}, "coalesced_transpose39": {"write": {"device_start": -1, "host_queued_start": 1585587290.298627, "device_queued": -1, "device_end": -1, "host_queued_end": 1585587290.31562}, "device": "cpu", "nd_range": {"device_start": 2255064.632159768, "device_end": 2255064.632408521}, "cmdq": 0, "read": {"device_start": -1, "device_end": -1}}, "FFC_sans_bias55": {"write": {"device_start": -1, "host_queued_start": 1585587290.29377, "device_queued": -1, "device_end": -1, "host_queued_end": 1585587290.31562}, "device": "cpu", "nd_range": {"device_start": 2255064.6173342853, "device_end": 2255064.6316723754}, "cmdq": 0, "read": {"device_start": -1, "device_end": -1}}, "FFC_sans_bias54": {"write": {"device_start": -1, "host_queued_start": 1585587290.292725, "device_queued": -1, "device_end": -1, "host_queued_end": 1585587290.31562}, "device": "cpu", "nd_range": {"device_start": 2255064.567506915, "device_end": 2255064.582759363}, "cmdq": 3, "read": {"device_start": -1, "device_end": -1}}, "FFC_sans_bias56": {"write": {"device_start": -1, "host_queued_start": 1585587290.291682, "device_queued": -1, "device_end": -1, "host_queued_end": 1585587290.31562}, "device": "cpu", "nd_range": {"device_start": 2255064.566726737, "device_end": 2255064.5818832503}, "cmdq": 2, "read": {"device_start": -1, "device_end": -1}}, "FFC_sans_bias51": {"write": {"device_start": -1, "host_queued_start": 1585587290.306846, "device_queued": -1, "device_end": -1, "host_queued_end": 1585587290.31562}, "device": "cpu", "nd_range": {"device_start": 2255064.6889391793, "device_end": 2255064.703490159}, "cmdq": 1, "read": {"device_start": -1, "device_end": -1}}, "softmax23": {"write": {"device_start": -1, "host_queued_start": 1585587290.303339, "device_queued": -1, "device_end": -1, "host_queued_end": 1585587290.31562}, "device": "cpu", "nd_range": {"device_start": 2255064.672661832, "device_end": 2255064.6728738793}, "cmdq": 2, "read": {"device_start": -1, "device_end": -1}}, "FFC_sans_bias37": {"write": {"device_start": -1, "host_queued_start": 1585587290.286333, "device_queued": -1, "device_end": -1, "host_queued_end": 1585587290.31562}, "device": "cpu", "nd_range": {"device_start": 2255064.555753434, "device_end": 2255064.571870406}, "cmdq": 1, "read": {"device_start": -1, "device_end": -1}}, "empty62": {"write": {"device_start": -1, "host_queued_start": 1585587290.270539, "device_queued": -1, "device_end": -1, "host_queued_end": 1585587290.31562}, "device": "cpu", "nd_range": {"device_start": 2255064.5053437813, "device_end": 2255064.5053446693}, "cmdq": 2, "read": {"device_start": -1, "device_end": -1}}, "FFC_sans_bias70": {"write": {"device_start": -1, "host_queued_start": 1585587290.315574, "device_queued": -1, "device_end": -1, "host_queued_end": 1585587290.31562}, "device": "cpu", "nd_range": {"device_start": 2255064.6574092763, "device_end": 2255064.670281011}, "cmdq": 3, "read": {"device_start": -1, "device_end": -1}}, "FFC_sans_bias58": {"write": {"device_start": -1, "host_queued_start": 1585587290.30215, "device_queued": -1, "device_end": -1, "host_queued_end": 1585587290.31562}, "device": "cpu", "nd_range": {"device_start": 2255064.6583300224, "device_end": 2255064.672555841}, "cmdq": 2, "read": {"device_start": -1, "device_end": -1}}, "softmax41": {"write": {"device_start": -1, "host_queued_start": 1585587290.30389, "device_queued": -1, "device_end": -1, "host_queued_end": 1585587290.31562}, "device": "cpu", "nd_range": {"device_start": 2255064.651174718, "device_end": 2255064.651378877}, "cmdq": 0, "read": {"device_start": -1, "device_end": -1}}, "FFC_sans_bias11": {"write": {"device_start": -1, "host_queued_start": 1585587290.277843, "device_queued": -1, "device_end": -1, "host_queued_end": 1585587290.31562}, "device": "cpu", "nd_range": {"device_start": 2255064.523281135, "device_end": 2255064.539533079}, "cmdq": 1, "read": {"device_start": -1, "device_end": -1}}, "FFC_sans_bias10": {"write": {"device_start": -1, "host_queued_start": 1585587290.276767, "device_queued": -1, "device_end": -1, "host_queued_end": 1585587290.31562}, "device": "cpu", "nd_range": {"device_start": 2255064.5245831492, "device_end": 2255064.5519353133}, "cmdq": 0, "read": {"device_start": -1, "device_end": -1}}, "coalesced_transpose3": {"write": {"device_start": -1, "host_queued_start": 1585587290.297257, "device_queued": -1, "device_end": -1, "host_queued_end": 1585587290.31562}, "device": "cpu", "nd_range": {"device_start": 2255064.631793629, "device_end": 2255064.632048142}, "cmdq": 0, "read": {"device_start": -1, "device_end": -1}}, "FFC_sans_bias34": {"write": {"device_start": -1, "host_queued_start": 1585587290.311581, "device_queued": -1, "device_end": -1, "host_queued_end": 1585587290.31562}, "device": "cpu", "nd_range": {"device_start": 2255064.642166097, "device_end": 2255064.6574037303}, "cmdq": 3, "read": {"device_start": -1, "device_end": -1}}, "FFC_sans_bias15": {"write": {"device_start": -1, "host_queued_start": 1585587290.305427, "device_queued": -1, "device_end": -1, "host_queued_end": 1585587290.31562}, "device": "cpu", "nd_range": {"device_start": 2255064.67186163, "device_end": 2255064.688929128}, "cmdq": 1, "read": {"device_start": -1, "device_end": -1}}, "FFC_sans_bias31": {"write": {"device_start": -1, "host_queued_start": 1585587290.301017, "device_queued": -1, "device_end": -1, "host_queued_end": 1585587290.31562}, "device": "cpu", "nd_range": {"device_start": 2255064.602204959, "device_end": 2255064.608589971}, "cmdq": 3, "read": {"device_start": -1, "device_end": -1}}, "FFC_sans_bias16": {"write": {"device_start": -1, "host_queued_start": 1585587290.309586, "device_queued": -1, "device_end": -1, "host_queued_end": 1585587290.31562}, "device": "cpu", "nd_range": {"device_start": 2255064.70349671, "device_end": 2255064.711392797}, "cmdq": 1, "read": {"device_start": -1, "device_end": -1}}, "FFC_sans_bias19": {"write": {"device_start": -1, "host_queued_start": 1585587290.28, "device_queued": -1, "device_end": -1, "host_queued_end": 1585587290.31562}, "device": "cpu", "nd_range": {"device_start": 2255064.5214234684, "device_end": 2255064.536644813}, "cmdq": 3, "read": {"device_start": -1, "device_end": -1}}, "FFC_sans_bias18": {"write": {"device_start": -1, "host_queued_start": 1585587290.278953, "device_queued": -1, "device_end": -1, "host_queued_end": 1585587290.31562}, "device": "cpu", "nd_range": {"device_start": 2255064.520947766, "device_end": 2255064.53610442}, "cmdq": 2, "read": {"device_start": -1, "device_end": -1}}, "coalesced_transpose30": {"write": {"device_start": -1, "host_queued_start": 1585587290.298286, "device_queued": -1, "device_end": -1, "host_queued_end": 1585587290.31562}, "device": "cpu", "nd_range": {"device_start": 2255064.5982600343, "device_end": 2255064.5985097024}, "cmdq": 3, "read": {"device_start": -1, "device_end": -1}}, "FFC_sans_bias69": {"write": {"device_start": -1, "host_queued_start": 1585587290.30754, "device_queued": -1, "device_end": -1, "host_queued_end": 1585587290.31562}, "device": "cpu", "nd_range": {"device_start": 2255064.623900027, "device_end": 2255064.642050444}, "cmdq": 3, "read": {"device_start": -1, "device_end": -1}}, "FFC_sans_bias38": {"write": {"device_start": -1, "host_queued_start": 1585587290.287417, "device_queued": -1, "device_end": -1, "host_queued_end": 1585587290.31562}, "device": "cpu", "nd_range": {"device_start": 2255064.5514883744, "device_end": 2255064.566605654}, "cmdq": 2, "read": {"device_start": -1, "device_end": -1}}, "coalesced_transpose57": {"write": {"device_start": -1, "host_queued_start": 1585587290.299297, "device_queued": -1, "device_end": -1, "host_queued_end": 1585587290.31562}, "device": "cpu", "nd_range": {"device_start": 2255064.635406649, "device_end": 2255064.6356488913}, "cmdq": 2, "read": {"device_start": -1, "device_end": -1}}, "empty26": {"write": {"device_start": -1, "host_queued_start": 1585587290.267259, "device_queued": -1, "device_end": -1, "host_queued_end": 1585587290.31562}, "device": "cpu", "nd_range": {"device_start": 2255064.5053224294, "device_end": 2255064.5053273863}, "cmdq": 2, "read": {"device_start": -1, "device_end": -1}}, "coalesced_transpose12": {"write": {"device_start": -1, "host_queued_start": 1585587290.297593, "device_queued": -1, "device_end": -1, "host_queued_end": 1585587290.31562}, "device": "cpu", "nd_range": {"device_start": 2255064.601632786, "device_end": 2255064.6018858943}, "cmdq": 1, "read": {"device_start": -1, "device_end": -1}}, "empty44": {"write": {"device_start": -1, "host_queued_start": 1585587290.268932, "device_queued": -1, "device_end": -1, "host_queued_end": 1585587290.31562}, "device": "cpu", "nd_range": {"device_start": 2255064.505298899, "device_end": 2255064.50530016}, "cmdq": 0, "read": {"device_start": -1, "device_end": -1}}, "coalesced_transpose21": {"write": {"device_start": -1, "host_queued_start": 1585587290.297939, "device_queued": -1, "device_end": -1, "host_queued_end": 1585587290.31562}, "device": "cpu", "nd_range": {"device_start": 2255064.597297574, "device_end": 2255064.597548576}, "cmdq": 2, "read": {"device_start": -1, "device_end": -1}}, "FFC_sans_bias36": {"write": {"device_start": -1, "host_queued_start": 1585587290.285289, "device_queued": -1, "device_end": -1, "host_queued_end": 1585587290.31562}, "device": "cpu", "nd_range": {"device_start": 2255064.586071766, "device_end": 2255064.606719499}, "cmdq": 0, "read": {"device_start": -1, "device_end": -1}}, "softmax14": {"write": {"device_start": -1, "host_queued_start": 1585587290.303064, "device_queued": -1, "device_end": -1, "host_queued_end": 1585587290.31562}, "device": "cpu", "nd_range": {"device_start": 2255064.670714797, "device_end": 2255064.671488786}, "cmdq": 1, "read": {"device_start": -1, "device_end": -1}}, "FFC_sans_bias13": {"write": {"device_start": -1, "host_queued_start": 1585587290.300323, "device_queued": -1, "device_end": -1, "host_queued_end": 1585587290.31562}, "device": "cpu", "nd_range": {"device_start": 2255064.621318514, "device_end": 2255064.634814674}, "cmdq": 1, "read": {"device_start": -1, "device_end": -1}}, "empty8": {"write": {"device_start": -1, "host_queued_start": 1585587290.265362, "device_queued": -1, "device_end": -1, "host_queued_end": 1585587290.31562}, "device": "cpu", "nd_range": {"device_start": 2255064.505260933, "device_end": 2255064.5052743773}, "cmdq": 0, "read": {"device_start": -1, "device_end": -1}}, "FFC_sans_bias42": {"write": {"device_start": -1, "host_queued_start": 1585587290.306497, "device_queued": -1, "device_end": -1, "host_queued_end": 1585587290.31562}, "device": "cpu", "nd_range": {"device_start": 2255064.6666614222, "device_end": 2255064.679104472}, "cmdq": 0, "read": {"device_start": -1, "device_end": -1}}, "FFC_sans_bias43": {"write": {"device_start": -1, "host_queued_start": 1585587290.312576, "device_queued": -1, "device_end": -1, "host_queued_end": 1585587290.31562}, "device": "cpu", "nd_range": {"device_start": 2255064.692024081, "device_end": 2255064.703941098}, "cmdq": 0, "read": {"device_start": -1, "device_end": -1}}, "FFC_sans_bias40": {"write": {"device_start": -1, "host_queued_start": 1585587290.301364, "device_queued": -1, "device_end": -1, "host_queued_end": 1585587290.31562}, "device": "cpu", "nd_range": {"device_start": 2255064.6413663793, "device_end": 2255064.6509310612}, "cmdq": 0, "read": {"device_start": -1, "device_end": -1}}, "softmax32": {"write": {"device_start": -1, "host_queued_start": 1585587290.303614, "device_queued": -1, "device_end": -1, "host_queued_end": 1585587290.31562}, "device": "cpu", "nd_range": {"device_start": 2255064.6165798623, "device_end": 2255064.616752705}, "cmdq": 3, "read": {"device_start": -1, "device_end": -1}}, "FFC_sans_bias47": {"write": {"device_start": -1, "host_queued_start": 1585587290.290621, "device_queued": -1, "device_end": -1, "host_queued_end": 1585587290.31562}, "device": "cpu", "nd_range": {"device_start": 2255064.5719972323, "device_end": 2255064.589226191}, "cmdq": 1, "read": {"device_start": -1, "device_end": -1}}, "FFC_sans_bias45": {"write": {"device_start": -1, "host_queued_start": 1585587290.288467, "device_queued": -1, "device_end": -1, "host_queued_end": 1585587290.31562}, "device": "cpu", "nd_range": {"device_start": 2255064.551973623, "device_end": 2255064.567380552}, "cmdq": 3, "read": {"device_start": -1, "device_end": -1}}, "softmax50": {"write": {"device_start": -1, "host_queued_start": 1585587290.304163, "device_queued": -1, "device_end": -1, "host_queued_end": 1585587290.31562}, "device": "cpu", "nd_range": {"device_start": 2255064.6714949342, "device_end": 2255064.671856077}, "cmdq": 1, "read": {"device_start": -1, "device_end": -1}}, "FFC_sans_bias33": {"write": {"device_start": -1, "host_queued_start": 1585587290.306132, "device_queued": -1, "device_end": -1, "host_queued_end": 1585587290.31562}, "device": "cpu", "nd_range": {"device_start": 2255064.6171078184, "device_end": 2255064.6237842552}, "cmdq": 3, "read": {"device_start": -1, "device_end": -1}}, "FFC_sans_bias63": {"write": {"device_start": -1, "host_queued_start": 1585587290.296922, "device_queued": -1, "device_end": -1, "host_queued_end": 1585587290.31562}, "device": "cpu", "nd_range": {"device_start": 2255064.582874284, "device_end": 2255064.5981452023}, "cmdq": 3, "read": {"device_start": -1, "device_end": -1}}, "FFC_sans_bias49": {"write": {"device_start": -1, "host_queued_start": 1585587290.301796, "device_queued": -1, "device_end": -1, "host_queued_end": 1585587290.31562}, "device": "cpu", "nd_range": {"device_start": 2255064.6348243263, "device_end": 2255064.670705485}, "cmdq": 1, "read": {"device_start": -1, "device_end": -1}}, "FFC_sans_bias64": {"write": {"device_start": -1, "host_queued_start": 1585587290.294828, "device_queued": -1, "device_end": -1, "host_queued_end": 1585587290.31562}, "device": "cpu", "nd_range": {"device_start": 2255064.589360755, "device_end": 2255064.601515204}, "cmdq": 1, "read": {"device_start": -1, "device_end": -1}}, "FFC_sans_bias65": {"write": {"device_start": -1, "host_queued_start": 1585587290.295879, "device_queued": -1, "device_end": -1, "host_queued_end": 1585587290.31562}, "device": "cpu", "nd_range": {"device_start": 2255064.582001714, "device_end": 2255064.5971807763}, "cmdq": 2, "read": {"device_start": -1, "device_end": -1}}, "FFC_sans_bias67": {"write": {"device_start": -1, "host_queued_start": 1585587290.302497, "device_queued": -1, "device_end": -1, "host_queued_end": 1585587290.31562}, "device": "cpu", "nd_range": {"device_start": 2255064.608705092, "device_end": 2255064.616572768}, "cmdq": 3, "read": {"device_start": -1, "device_end": -1}}, "FFC_sans_bias24": {"write": {"device_start": -1, "host_queued_start": 1585587290.305786, "device_queued": -1, "device_end": -1, "host_queued_end": 1585587290.31562}, "device": "cpu", "nd_range": {"device_start": 2255064.6732862163, "device_end": 2255064.684887846}, "cmdq": 2, "read": {"device_start": -1, "device_end": -1}}, "FFC_sans_bias25": {"write": {"device_start": -1, "host_queued_start": 1585587290.310586, "device_queued": -1, "device_end": -1, "host_queued_end": 1585587290.31562}, "device": "cpu", "nd_range": {"device_start": 2255064.69808539, "device_end": 2255064.7091361303}, "cmdq": 2, "read": {"device_start": -1, "device_end": -1}}, "FFC_sans_bias27": {"write": {"device_start": -1, "host_queued_start": 1585587290.28211, "device_queued": -1, "device_end": -1, "host_queued_end": 1585587290.31562}, "device": "cpu", "nd_range": {"device_start": 2255064.539654888, "device_end": 2255064.555630754}, "cmdq": 1, "read": {"device_start": -1, "device_end": -1}}, "FFC_sans_bias20": {"write": {"device_start": -1, "host_queued_start": 1585587290.28106, "device_queued": -1, "device_end": -1, "host_queued_end": 1585587290.31562}, "device": "cpu", "nd_range": {"device_start": 2255064.555337223, "device_end": 2255064.579305597}, "cmdq": 0, "read": {"device_start": -1, "device_end": -1}}, "FFC_sans_bias22": {"write": {"device_start": -1, "host_queued_start": 1585587290.300671, "device_queued": -1, "device_end": -1, "host_queued_end": 1585587290.31562}, "device": "cpu", "nd_range": {"device_start": 2255064.635763144, "device_end": 2255064.658210991}, "cmdq": 2, "read": {"device_start": -1, "device_end": -1}}, "softmax68": {"write": {"device_start": -1, "host_queued_start": 1585587290.304714, "device_queued": -1, "device_end": -1, "host_queued_end": 1585587290.31562}, "device": "cpu", "nd_range": {"device_start": 2255064.6168800322, "device_end": 2255064.6169946203}, "cmdq": 3, "read": {"device_start": -1, "device_end": -1}}, "softmax5": {"write": {"device_start": -1, "host_queued_start": 1585587290.302786, "device_queued": -1, "device_end": -1, "host_queued_end": 1585587290.31562}, "device": "cpu", "nd_range": {"device_start": 2255064.650942265, "device_end": 2255064.651168222}, "cmdq": 0, "read": {"device_start": -1, "device_end": -1}}, "FFC_sans_bias28": {"write": {"device_start": -1, "host_queued_start": 1585587290.283188, "device_queued": -1, "device_end": -1, "host_queued_end": 1585587290.31562}, "device": "cpu", "nd_range": {"device_start": 2255064.536229288, "device_end": 2255064.5513630863}, "cmdq": 2, "read": {"device_start": -1, "device_end": -1}}, "FFC_sans_bias29": {"write": {"device_start": -1, "host_queued_start": 1585587290.284242, "device_queued": -1, "device_end": -1, "host_queued_end": 1585587290.31562}, "device": "cpu", "nd_range": {"device_start": 2255064.536769612, "device_end": 2255064.551959497}, "cmdq": 3, "read": {"device_start": -1, "device_end": -1}}, "empty17": {"write": {"device_start": -1, "host_queued_start": 1585587290.266391, "device_queued": -1, "device_end": -1, "host_queued_end": 1585587290.31562}, "device": "cpu", "nd_range": {"device_start": 2255064.5052664303, "device_end": 2255064.505274406}, "cmdq": 1, "read": {"device_start": -1, "device_end": -1}}, "softmax59": {"write": {"device_start": -1, "host_queued_start": 1585587290.304441, "device_queued": -1, "device_end": -1, "host_queued_end": 1585587290.31562}, "device": "cpu", "nd_range": {"device_start": 2255064.6729812403, "device_end": 2255064.6731841783}, "cmdq": 2, "read": {"device_start": -1, "device_end": -1}}, "empty71": {"write": {"device_start": -1, "host_queued_start": 1585587290.27139, "device_queued": -1, "device_end": -1, "host_queued_end": 1585587290.31562}, "device": "cpu", "nd_range": {"device_start": 2255064.50599711, "device_end": 2255064.505999403}, "cmdq": 3, "read": {"device_start": -1, "device_end": -1}}, "empty35": {"write": {"device_start": -1, "host_queued_start": 1585587290.268101, "device_queued": -1, "device_end": -1, "host_queued_end": 1585587290.31562}, "device": "cpu", "nd_range": {"device_start": 2255064.505849296, "device_end": 2255064.505853151}, "cmdq": 3, "read": {"device_start": -1, "device_end": -1}}, "empty53": {"write": {"device_start": -1, "host_queued_start": 1585587290.269734, "device_queued": -1, "device_end": -1, "host_queued_end": 1585587290.31562}, "device": "cpu", "nd_range": {"device_start": 2255064.505332244, "device_end": 2255064.505333579}, "cmdq": 1, "read": {"device_start": -1, "device_end": -1}}, "FFC_sans_bias46": {"write": {"device_start": -1, "host_queued_start": 1585587290.289528, "device_queued": -1, "device_end": -1, "host_queued_end": 1585587290.31562}, "device": "cpu", "nd_range": {"device_start": 2255064.607616379, "device_end": 2255064.61552533}, "cmdq": 0, "read": {"device_start": -1, "device_end": -1}}, "coalesced_transpose66": {"write": {"device_start": -1, "host_queued_start": 1585587290.299627, "device_queued": -1, "device_end": -1, "host_queued_end": 1585587290.31562}, "device": "cpu", "nd_range": {"device_start": 2255064.601944638, "device_end": 2255064.602083479}, "cmdq": 3, "read": {"device_start": -1, "device_end": -1}}, "coalesced_transpose48": {"write": {"device_start": -1, "host_queued_start": 1585587290.298964, "device_queued": -1, "device_end": -1, "host_queued_end": 1585587290.31562}, "device": "cpu", "nd_range": {"device_start": 2255064.620945156, "device_end": 2255064.621186412}, "cmdq": 1, "read": {"device_start": -1, "device_end": -1}}}