{"FFC_sans_bias60": {"write": {"device_start": -1, "host_queued_start": 1585587710.674727, "device_queued": -1, "device_end": -1, "host_queued_end": 1585587710.67719}, "device": "gpu", "nd_range": {"device_start": 1585587645.2355096, "device_end": 1585587645.236121}, "cmdq": 4, "read": {"device_start": -1, "device_end": -1}}, "FFC_sans_bias4": {"write": {"device_start": -1, "host_queued_start": 1585587710.704461, "device_queued": -1, "device_end": -1, "host_queued_end": 1585587710.715967}, "device": "cpu", "nd_range": {"device_start": 2255484.9882023074, "device_end": 2255484.992254728}, "cmdq": 0, "read": {"device_start": -1, "device_end": -1}}, "FFC_sans_bias7": {"write": {"device_start": -1, "host_queued_start": 1585587710.710978, "device_queued": -1, "device_end": -1, "host_queued_end": 1585587710.715967}, "device": "cpu", "nd_range": {"device_start": 2255485.043676728, "device_end": 2255485.048060786}, "cmdq": 0, "read": {"device_start": -1, "device_end": -1}}, "FFC_sans_bias6": {"write": {"device_start": -1, "host_queued_start": 1585587710.708225, "device_queued": -1, "device_end": -1, "host_queued_end": 1585587710.715967}, "device": "cpu", "nd_range": {"device_start": 2255485.0166557143, "device_end": 2255485.020832205}, "cmdq": 0, "read": {"device_start": -1, "device_end": -1}}, "FFC_sans_bias1": {"write": {"device_start": -1, "host_queued_start": 1585587710.68513, "device_queued": -1, "device_end": -1, "host_queued_end": 1585587710.715967}, "device": "cpu", "nd_range": {"device_start": 2255484.91000413, "device_end": 2255484.913918953}, "cmdq": 0, "read": {"device_start": -1, "device_end": -1}}, "FFC_sans_bias0": {"write": {"device_start": -1, "host_queued_start": 1585587710.684042, "device_queued": -1, "device_end": -1, "host_queued_end": 1585587710.715967}, "device": "cpu", "nd_range": {"device_start": 2255484.9058446353, "device_end": 2255484.909984474}, "cmdq": 0, "read": {"device_start": -1, "device_end": -1}}, "FFC_sans_bias2": {"write": {"device_start": -1, "host_queued_start": 1585587710.686178, "device_queued": -1, "device_end": -1, "host_queued_end": 1585587710.715967}, "device": "cpu", "nd_range": {"device_start": 2255484.913927689, "device_end": 2255484.918223171}, "cmdq": 0, "read": {"device_start": -1, "device_end": -1}}, "FFC_sans_bias61": {"write": {"device_start": 1585587645.2356038, "host_queued_start": 1585587710.676047, "device_queued": 1585587645.232353, "device_end": 1585587645.2356796, "host_queued_end": 1585587710.67719}, "device": "gpu", "nd_range": {"device_start": 1585587645.2361236, "device_end": 1585587645.2370915}, "cmdq": 1, "read": {"device_start": 1585587645.237094, "device_end": 1585587645.2371175}}, "FFC_sans_bias52": {"write": {"device_start": -1, "host_queued_start": 1585587710.715922, "device_queued": -1, "device_end": -1, "host_queued_end": 1585587710.715967}, "device": "cpu", "nd_range": {"device_start": 2255485.066569278, "device_end": 2255485.0708819903}, "cmdq": 0, "read": {"device_start": -1, "device_end": -1}}, "FFC_sans_bias9": {"write": {"device_start": -1, "host_queued_start": 1585587710.687273, "device_queued": -1, "device_end": -1, "host_queued_end": 1585587710.715967}, "device": "cpu", "nd_range": {"device_start": 2255484.918228454, "device_end": 2255484.92215792}, "cmdq": 0, "read": {"device_start": -1, "device_end": -1}}, "coalesced_transpose39": {"write": {"device_start": -1, "host_queued_start": 1585587710.703697, "device_queued": -1, "device_end": -1, "host_queued_end": 1585587710.715967}, "device": "cpu", "nd_range": {"device_start": 2255484.987803998, "device_end": 2255484.987897986}, "cmdq": 0, "read": {"device_start": -1, "device_end": -1}}, "FFC_sans_bias55": {"write": {"device_start": 1585587645.2315984, "host_queued_start": 1585587710.669277, "device_queued": 1585587645.2313986, "device_end": 1585587645.231623, "host_queued_end": 1585587710.67719}, "device": "gpu", "nd_range": {"device_start": 1585587645.2316263, "device_end": 1585587645.233079}, "cmdq": 4, "read": {"device_start": -1, "device_end": -1}}, "FFC_sans_bias54": {"write": {"device_start": 1585587645.2315078, "host_queued_start": 1585587710.668195, "device_queued": 1585587645.231192, "device_end": 1585587645.2315836, "host_queued_end": 1585587710.67719}, "device": "gpu", "nd_range": {"device_start": 1585587645.23159, "device_end": 1585587645.2325048}, "cmdq": 3, "read": {"device_start": -1, "device_end": -1}}, "FFC_sans_bias56": {"write": {"device_start": 1585587645.2313933, "host_queued_start": 1585587710.667094, "device_queued": 1585587645.2311726, "device_end": 1585587645.2314703, "host_queued_end": 1585587710.67719}, "device": "gpu", "nd_range": {"device_start": 1585587645.231482, "device_end": 1585587645.2320962}, "cmdq": 2, "read": {"device_start": -1, "device_end": -1}}, "FFC_sans_bias51": {"write": {"device_start": -1, "host_queued_start": 1585587710.709927, "device_queued": -1, "device_end": -1, "host_queued_end": 1585587710.715967}, "device": "cpu", "nd_range": {"device_start": 2255485.039109583, "device_end": 2255485.04367149}, "cmdq": 0, "read": {"device_start": -1, "device_end": -1}}, "softmax23": {"write": {"device_start": -1, "host_queued_start": 1585587710.706994, "device_queued": -1, "device_end": -1, "host_queued_end": 1585587710.715967}, "device": "cpu", "nd_range": {"device_start": 2255485.016110706, "device_end": 2255485.016225702}, "cmdq": 0, "read": {"device_start": -1, "device_end": -1}}, "FFC_sans_bias37": {"write": {"device_start": -1, "host_queued_start": 1585587710.697814, "device_queued": -1, "device_end": -1, "host_queued_end": 1585587710.715967}, "device": "cpu", "nd_range": {"device_start": 2255484.9634128483, "device_end": 2255484.967877165}, "cmdq": 0, "read": {"device_start": -1, "device_end": -1}}, "empty62": {"write": {"device_start": 1585587645.231173, "host_queued_start": 1585587710.665017, "device_queued": 1585587645.2310433, "device_end": 1585587645.2312145, "host_queued_end": 1585587710.67719}, "device": "gpu", "nd_range": {"device_start": 1585587645.2312303, "device_end": 1585587645.2312355}, "cmdq": 0, "read": {"device_start": -1, "device_end": -1}}, "FFC_sans_bias70": {"write": {"device_start": 1585587645.2356808, "host_queued_start": 1585587710.677086, "device_queued": 1585587645.23238, "device_end": 1585587645.235712, "host_queued_end": 1585587710.67719}, "device": "gpu", "nd_range": {"device_start": 1585587645.2365246, "device_end": 1585587645.237509}, "cmdq": 2, "read": {"device_start": 1585587645.2375152, "device_end": 1585587645.237538}}, "FFC_sans_bias58": {"write": {"device_start": -1, "host_queued_start": 1585587710.673584, "device_queued": -1, "device_end": -1, "host_queued_end": 1585587710.67719}, "device": "gpu", "nd_range": {"device_start": 1585587645.2343333, "device_end": 1585587645.2350132}, "cmdq": 0, "read": {"device_start": -1, "device_end": -1}}, "softmax41": {"write": {"device_start": -1, "host_queued_start": 1585587710.70753, "device_queued": -1, "device_end": -1, "host_queued_end": 1585587710.715967}, "device": "cpu", "nd_range": {"device_start": 2255485.016422505, "device_end": 2255485.016534184}, "cmdq": 0, "read": {"device_start": -1, "device_end": -1}}, "FFC_sans_bias11": {"write": {"device_start": -1, "host_queued_start": 1585587710.689394, "device_queued": -1, "device_end": -1, "host_queued_end": 1585587710.715967}, "device": "cpu", "nd_range": {"device_start": 2255484.9270302993, "device_end": 2255484.931187434}, "cmdq": 0, "read": {"device_start": -1, "device_end": -1}}, "FFC_sans_bias10": {"write": {"device_start": -1, "host_queued_start": 1585587710.688348, "device_queued": -1, "device_end": -1, "host_queued_end": 1585587710.715967}, "device": "cpu", "nd_range": {"device_start": 2255484.922172006, "device_end": 2255484.9270252353}, "cmdq": 0, "read": {"device_start": -1, "device_end": -1}}, "coalesced_transpose3": {"write": {"device_start": -1, "host_queued_start": 1585587710.702337, "device_queued": -1, "device_end": -1, "host_queued_end": 1585587710.715967}, "device": "cpu", "nd_range": {"device_start": 2255484.9867935423, "device_end": 2255484.9869527053}, "cmdq": 0, "read": {"device_start": -1, "device_end": -1}}, "FFC_sans_bias34": {"write": {"device_start": -1, "host_queued_start": 1585587710.713937, "device_queued": -1, "device_end": -1, "host_queued_end": 1585587710.715967}, "device": "cpu", "nd_range": {"device_start": 2255485.057753278, "device_end": 2255485.0620528343}, "cmdq": 0, "read": {"device_start": -1, "device_end": -1}}, "FFC_sans_bias15": {"write": {"device_start": -1, "host_queued_start": 1585587710.708569, "device_queued": -1, "device_end": -1, "host_queued_end": 1585587710.715967}, "device": "cpu", "nd_range": {"device_start": 2255485.020838552, "device_end": 2255485.025625031}, "cmdq": 0, "read": {"device_start": -1, "device_end": -1}}, "FFC_sans_bias31": {"write": {"device_start": -1, "host_queued_start": 1585587710.705486, "device_queued": -1, "device_end": -1, "host_queued_end": 1585587710.715967}, "device": "cpu", "nd_range": {"device_start": 2255485.0018579983, "device_end": 2255485.006643055}, "cmdq": 0, "read": {"device_start": -1, "device_end": -1}}, "FFC_sans_bias16": {"write": {"device_start": -1, "host_queued_start": 1585587710.711964, "device_queued": -1, "device_end": -1, "host_queued_end": 1585587710.715967}, "device": "cpu", "nd_range": {"device_start": 2255485.04806399, "device_end": 2255485.0526546203}, "cmdq": 0, "read": {"device_start": -1, "device_end": -1}}, "FFC_sans_bias19": {"write": {"device_start": -1, "host_queued_start": 1585587710.691502, "device_queued": -1, "device_end": -1, "host_queued_end": 1585587710.715967}, "device": "cpu", "nd_range": {"device_start": 2255484.935983004, "device_end": 2255484.94053905}, "cmdq": 0, "read": {"device_start": -1, "device_end": -1}}, "FFC_sans_bias18": {"write": {"device_start": -1, "host_queued_start": 1585587710.690439, "device_queued": -1, "device_end": -1, "host_queued_end": 1585587710.715967}, "device": "cpu", "nd_range": {"device_start": 2255484.9311929783, "device_end": 2255484.935977513}, "cmdq": 0, "read": {"device_start": -1, "device_end": -1}}, "coalesced_transpose30": {"write": {"device_start": -1, "host_queued_start": 1585587710.703374, "device_queued": -1, "device_end": -1, "host_queued_end": 1585587710.715967}, "device": "cpu", "nd_range": {"device_start": 2255484.987575905, "device_end": 2255484.98769687}, "cmdq": 0, "read": {"device_start": -1, "device_end": -1}}, "FFC_sans_bias69": {"write": {"device_start": -1, "host_queued_start": 1585587710.675039, "device_queued": -1, "device_end": -1, "host_queued_end": 1585587710.67719}, "device": "gpu", "nd_range": {"device_start": 1585587645.2358422, "device_end": 1585587645.2365203}, "cmdq": 0, "read": {"device_start": -1, "device_end": -1}}, "FFC_sans_bias38": {"write": {"device_start": -1, "host_queued_start": 1585587710.698886, "device_queued": -1, "device_end": -1, "host_queued_end": 1585587710.715967}, "device": "cpu", "nd_range": {"device_start": 2255484.967882288, "device_end": 2255484.972420257}, "cmdq": 0, "read": {"device_start": -1, "device_end": -1}}, "coalesced_transpose57": {"write": {"device_start": -1, "host_queued_start": 1585587710.67279, "device_queued": -1, "device_end": -1, "host_queued_end": 1585587710.67719}, "device": "gpu", "nd_range": {"device_start": 1585587645.233083, "device_end": 1585587645.2343287}, "cmdq": 3, "read": {"device_start": -1, "device_end": -1}}, "empty26": {"write": {"device_start": -1, "host_queued_start": 1585587710.680506, "device_queued": -1, "device_end": -1, "host_queued_end": 1585587710.715967}, "device": "cpu", "nd_range": {"device_start": 2255484.9057832123, "device_end": 2255484.9057849343}, "cmdq": 0, "read": {"device_start": -1, "device_end": -1}}, "coalesced_transpose12": {"write": {"device_start": -1, "host_queued_start": 1585587710.702715, "device_queued": -1, "device_end": -1, "host_queued_end": 1585587710.715967}, "device": "cpu", "nd_range": {"device_start": 2255484.987082803, "device_end": 2255484.987207755}, "cmdq": 0, "read": {"device_start": -1, "device_end": -1}}, "empty44": {"write": {"device_start": -1, "host_queued_start": 1585587710.682109, "device_queued": -1, "device_end": -1, "host_queued_end": 1585587710.715967}, "device": "cpu", "nd_range": {"device_start": 2255484.905803344, "device_end": 2255484.905804076}, "cmdq": 0, "read": {"device_start": -1, "device_end": -1}}, "coalesced_transpose21": {"write": {"device_start": -1, "host_queued_start": 1585587710.703047, "device_queued": -1, "device_end": -1, "host_queued_end": 1585587710.715967}, "device": "cpu", "nd_range": {"device_start": 2255484.987331121, "device_end": 2255484.9874521634}, "cmdq": 0, "read": {"device_start": -1, "device_end": -1}}, "FFC_sans_bias36": {"write": {"device_start": -1, "host_queued_start": 1585587710.696772, "device_queued": -1, "device_end": -1, "host_queued_end": 1585587710.715967}, "device": "cpu", "nd_range": {"device_start": 2255484.958839423, "device_end": 2255484.963407013}, "cmdq": 0, "read": {"device_start": -1, "device_end": -1}}, "softmax14": {"write": {"device_start": -1, "host_queued_start": 1585587710.706723, "device_queued": -1, "device_end": -1, "host_queued_end": 1585587710.715967}, "device": "cpu", "nd_range": {"device_start": 2255485.016020724, "device_end": 2255485.0161044723}, "cmdq": 0, "read": {"device_start": -1, "device_end": -1}}, "FFC_sans_bias13": {"write": {"device_start": -1, "host_queued_start": 1585587710.704803, "device_queued": -1, "device_end": -1, "host_queued_end": 1585587710.715967}, "device": "cpu", "nd_range": {"device_start": 2255484.99226121, "device_end": 2255484.997792274}, "cmdq": 0, "read": {"device_start": -1, "device_end": -1}}, "empty8": {"write": {"device_start": -1, "host_queued_start": 1585587710.678677, "device_queued": -1, "device_end": -1, "host_queued_end": 1585587710.715967}, "device": "cpu", "nd_range": {"device_start": 2255484.9055760093, "device_end": 2255484.905587154}, "cmdq": 0, "read": {"device_start": -1, "device_end": -1}}, "FFC_sans_bias42": {"write": {"device_start": -1, "host_queued_start": 1585587710.709585, "device_queued": -1, "device_end": -1, "host_queued_end": 1585587710.715967}, "device": "cpu", "nd_range": {"device_start": 2255485.034590757, "device_end": 2255485.039104652}, "cmdq": 0, "read": {"device_start": -1, "device_end": -1}}, "FFC_sans_bias43": {"write": {"device_start": -1, "host_queued_start": 1585587710.714931, "device_queued": -1, "device_end": -1, "host_queued_end": 1585587710.715967}, "device": "cpu", "nd_range": {"device_start": 2255485.06205553, "device_end": 2255485.0665665553}, "cmdq": 0, "read": {"device_start": -1, "device_end": -1}}, "FFC_sans_bias40": {"write": {"device_start": -1, "host_queued_start": 1585587710.705828, "device_queued": -1, "device_end": -1, "host_queued_end": 1585587710.715967}, "device": "cpu", "nd_range": {"device_start": 2255485.0066480692, "device_end": 2255485.010984471}, "cmdq": 0, "read": {"device_start": -1, "device_end": -1}}, "softmax32": {"write": {"device_start": -1, "host_queued_start": 1585587710.707263, "device_queued": -1, "device_end": -1, "host_queued_end": 1585587710.715967}, "device": "cpu", "nd_range": {"device_start": 2255485.0163349393, "device_end": 2255485.0164169814}, "cmdq": 0, "read": {"device_start": -1, "device_end": -1}}, "FFC_sans_bias47": {"write": {"device_start": -1, "host_queued_start": 1585587710.702007, "device_queued": -1, "device_end": -1, "host_queued_end": 1585587710.715967}, "device": "cpu", "nd_range": {"device_start": 2255484.9822455603, "device_end": 2255484.9867875692}, "cmdq": 0, "read": {"device_start": -1, "device_end": -1}}, "FFC_sans_bias45": {"write": {"device_start": -1, "host_queued_start": 1585587710.699923, "device_queued": -1, "device_end": -1, "host_queued_end": 1585587710.715967}, "device": "cpu", "nd_range": {"device_start": 2255484.972425334, "device_end": 2255484.977708769}, "cmdq": 0, "read": {"device_start": -1, "device_end": -1}}, "softmax50": {"write": {"device_start": -1, "host_queued_start": 1585587710.707818, "device_queued": -1, "device_end": -1, "host_queued_end": 1585587710.715967}, "device": "cpu", "nd_range": {"device_start": 2255485.016539712, "device_end": 2255485.016650342}, "cmdq": 0, "read": {"device_start": -1, "device_end": -1}}, "FFC_sans_bias33": {"write": {"device_start": -1, "host_queued_start": 1585587710.709244, "device_queued": -1, "device_end": -1, "host_queued_end": 1585587710.715967}, "device": "cpu", "nd_range": {"device_start": 2255485.029951128, "device_end": 2255485.0345857022}, "cmdq": 0, "read": {"device_start": -1, "device_end": -1}}, "FFC_sans_bias63": {"write": {"device_start": 1585587645.2322497, "host_queued_start": 1585587710.67247, "device_queued": 1585587645.231753, "device_end": 1585587645.2322795, "host_queued_end": 1585587710.67719}, "device": "gpu", "nd_range": {"device_start": 1585587645.2322886, "device_end": 1585587645.2344847}, "cmdq": 2, "read": {"device_start": -1, "device_end": -1}}, "FFC_sans_bias49": {"write": {"device_start": -1, "host_queued_start": 1585587710.706169, "device_queued": -1, "device_end": -1, "host_queued_end": 1585587710.715967}, "device": "cpu", "nd_range": {"device_start": 2255485.010989392, "device_end": 2255485.01577362}, "cmdq": 0, "read": {"device_start": -1, "device_end": -1}}, "FFC_sans_bias64": {"write": {"device_start": 1585587645.2317743, "host_queued_start": 1585587710.670348, "device_queued": 1585587645.2316737, "device_end": 1585587645.2318609, "host_queued_end": 1585587710.67719}, "device": "gpu", "nd_range": {"device_start": 1585587645.2318654, "device_end": 1585587645.2334974}, "cmdq": 0, "read": {"device_start": -1, "device_end": -1}}, "FFC_sans_bias65": {"write": {"device_start": 1585587645.2318788, "host_queued_start": 1585587710.671442, "device_queued": 1585587645.2317338, "device_end": 1585587645.2319026, "host_queued_end": 1585587710.67719}, "device": "gpu", "nd_range": {"device_start": 1585587645.2319782, "device_end": 1585587645.2340615}, "cmdq": 1, "read": {"device_start": -1, "device_end": -1}}, "FFC_sans_bias67": {"write": {"device_start": -1, "host_queued_start": 1585587710.6739, "device_queued": -1, "device_end": -1, "host_queued_end": 1585587710.67719}, "device": "gpu", "nd_range": {"device_start": 1585587645.234357, "device_end": 1585587645.2354596}, "cmdq": 1, "read": {"device_start": -1, "device_end": -1}}, "FFC_sans_bias24": {"write": {"device_start": -1, "host_queued_start": 1585587710.708907, "device_queued": -1, "device_end": -1, "host_queued_end": 1585587710.715967}, "device": "cpu", "nd_range": {"device_start": 2255485.025630096, "device_end": 2255485.029946283}, "cmdq": 0, "read": {"device_start": -1, "device_end": -1}}, "FFC_sans_bias25": {"write": {"device_start": -1, "host_queued_start": 1585587710.712948, "device_queued": -1, "device_end": -1, "host_queued_end": 1585587710.715967}, "device": "cpu", "nd_range": {"device_start": 2255485.0526579903, "device_end": 2255485.05775051}, "cmdq": 0, "read": {"device_start": -1, "device_end": -1}}, "FFC_sans_bias27": {"write": {"device_start": -1, "host_queued_start": 1585587710.693611, "device_queued": -1, "device_end": -1, "host_queued_end": 1585587710.715967}, "device": "cpu", "nd_range": {"device_start": 2255484.9451206583, "device_end": 2255484.9496950554}, "cmdq": 0, "read": {"device_start": -1, "device_end": -1}}, "FFC_sans_bias20": {"write": {"device_start": -1, "host_queued_start": 1585587710.692568, "device_queued": -1, "device_end": -1, "host_queued_end": 1585587710.715967}, "device": "cpu", "nd_range": {"device_start": 2255484.9405437643, "device_end": 2255484.945115968}, "cmdq": 0, "read": {"device_start": -1, "device_end": -1}}, "FFC_sans_bias22": {"write": {"device_start": -1, "host_queued_start": 1585587710.705143, "device_queued": -1, "device_end": -1, "host_queued_end": 1585587710.715967}, "device": "cpu", "nd_range": {"device_start": 2255484.997797693, "device_end": 2255485.001852685}, "cmdq": 0, "read": {"device_start": -1, "device_end": -1}}, "softmax68": {"write": {"device_start": -1, "host_queued_start": 1585587710.674388, "device_queued": -1, "device_end": -1, "host_queued_end": 1585587710.67719}, "device": "gpu", "nd_range": {"device_start": 1585587645.235467, "device_end": 1585587645.2358396}, "cmdq": 3, "read": {"device_start": -1, "device_end": -1}}, "softmax5": {"write": {"device_start": -1, "host_queued_start": 1585587710.706447, "device_queued": -1, "device_end": -1, "host_queued_end": 1585587710.715967}, "device": "cpu", "nd_range": {"device_start": 2255485.0157788363, "device_end": 2255485.015903708}, "cmdq": 0, "read": {"device_start": -1, "device_end": -1}}, "FFC_sans_bias28": {"write": {"device_start": -1, "host_queued_start": 1585587710.694675, "device_queued": -1, "device_end": -1, "host_queued_end": 1585587710.715967}, "device": "cpu", "nd_range": {"device_start": 2255484.94970001, "device_end": 2255484.954274386}, "cmdq": 0, "read": {"device_start": -1, "device_end": -1}}, "FFC_sans_bias29": {"write": {"device_start": -1, "host_queued_start": 1585587710.695727, "device_queued": -1, "device_end": -1, "host_queued_end": 1585587710.715967}, "device": "cpu", "nd_range": {"device_start": 2255484.954278772, "device_end": 2255484.958710317}, "cmdq": 0, "read": {"device_start": -1, "device_end": -1}}, "empty17": {"write": {"device_start": -1, "host_queued_start": 1585587710.679705, "device_queued": -1, "device_end": -1, "host_queued_end": 1585587710.715967}, "device": "cpu", "nd_range": {"device_start": 2255484.905632851, "device_end": 2255484.9056340153}, "cmdq": 0, "read": {"device_start": -1, "device_end": -1}}, "softmax59": {"write": {"device_start": -1, "host_queued_start": 1585587710.674148, "device_queued": -1, "device_end": -1, "host_queued_end": 1585587710.67719}, "device": "gpu", "nd_range": {"device_start": 1585587645.2350197, "device_end": 1585587645.2354991}, "cmdq": 2, "read": {"device_start": -1, "device_end": -1}}, "empty71": {"write": {"device_start": 1585587645.2312865, "host_queued_start": 1585587710.666049, "device_queued": 1585587645.2311492, "device_end": 1585587645.2313535, "host_queued_end": 1585587710.67719}, "device": "gpu", "nd_range": {"device_start": 1585587645.2314699, "device_end": 1585587645.2314756}, "cmdq": 1, "read": {"device_start": -1, "device_end": -1}}, "empty35": {"write": {"device_start": -1, "host_queued_start": 1585587710.681305, "device_queued": -1, "device_end": -1, "host_queued_end": 1585587710.715967}, "device": "cpu", "nd_range": {"device_start": 2255484.905789804, "device_end": 2255484.905790533}, "cmdq": 0, "read": {"device_start": -1, "device_end": -1}}, "empty53": {"write": {"device_start": -1, "host_queued_start": 1585587710.683019, "device_queued": -1, "device_end": -1, "host_queued_end": 1585587710.715967}, "device": "cpu", "nd_range": {"device_start": 2255484.9058289193, "device_end": 2255484.905829641}, "cmdq": 0, "read": {"device_start": -1, "device_end": -1}}, "FFC_sans_bias46": {"write": {"device_start": -1, "host_queued_start": 1585587710.700966, "device_queued": -1, "device_end": -1, "host_queued_end": 1585587710.715967}, "device": "cpu", "nd_range": {"device_start": 2255484.97771373, "device_end": 2255484.982118694}, "cmdq": 0, "read": {"device_start": -1, "device_end": -1}}, "coalesced_transpose66": {"write": {"device_start": -1, "host_queued_start": 1585587710.673263, "device_queued": -1, "device_end": -1, "host_queued_end": 1585587710.67719}, "device": "gpu", "nd_range": {"device_start": 1585587645.2335043, "device_end": 1585587645.2343528}, "cmdq": 4, "read": {"device_start": -1, "device_end": -1}}, "coalesced_transpose48": {"write": {"device_start": -1, "host_queued_start": 1585587710.704112, "device_queued": -1, "device_end": -1, "host_queued_end": 1585587710.715967}, "device": "cpu", "nd_range": {"device_start": 2255484.988005451, "device_end": 2255484.988097122}, "cmdq": 0, "read": {"device_start": -1, "device_end": -1}}}