{"FFC_sans_bias60": {"write": {"device_start": -1, "host_queued_start": 1585587287.42364, "device_queued": -1, "device_end": -1, "host_queued_end": 1585587287.430708}, "device": "cpu", "nd_range": {"device_start": 2255061.790570578, "device_end": 2255061.8054924184}, "cmdq": 3, "read": {"device_start": -1, "device_end": -1}}, "FFC_sans_bias4": {"write": {"device_start": -1, "host_queued_start": 1585587287.417063, "device_queued": -1, "device_end": -1, "host_queued_end": 1585587287.430708}, "device": "cpu", "nd_range": {"device_start": 2255061.705806414, "device_end": 2255061.7158132573}, "cmdq": 3, "read": {"device_start": -1, "device_end": -1}}, "FFC_sans_bias7": {"write": {"device_start": -1, "host_queued_start": 1585587287.424689, "device_queued": -1, "device_end": -1, "host_queued_end": 1585587287.430708}, "device": "cpu", "nd_range": {"device_start": 2255061.7887956463, "device_end": 2255061.803998391}, "cmdq": 0, "read": {"device_start": -1, "device_end": -1}}, "FFC_sans_bias6": {"write": {"device_start": -1, "host_queued_start": 1585587287.421542, "device_queued": -1, "device_end": -1, "host_queued_end": 1585587287.430708}, "device": "cpu", "nd_range": {"device_start": 2255061.760754217, "device_end": 2255061.7759744814}, "cmdq": 1, "read": {"device_start": -1, "device_end": -1}}, "FFC_sans_bias1": {"write": {"device_start": -1, "host_queued_start": 1585587287.394402, "device_queued": -1, "device_end": -1, "host_queued_end": 1585587287.430708}, "device": "cpu", "nd_range": {"device_start": 2255061.620349279, "device_end": 2255061.637264912}, "cmdq": 0, "read": {"device_start": -1, "device_end": -1}}, "FFC_sans_bias0": {"write": {"device_start": -1, "host_queued_start": 1585587287.393362, "device_queued": -1, "device_end": -1, "host_queued_end": 1585587287.430708}, "device": "cpu", "nd_range": {"device_start": 2255061.6203853902, "device_end": 2255061.63575395}, "cmdq": 3, "read": {"device_start": -1, "device_end": -1}}, "FFC_sans_bias2": {"write": {"device_start": -1, "host_queued_start": 1585587287.395473, "device_queued": -1, "device_end": -1, "host_queued_end": 1585587287.430708}, "device": "cpu", "nd_range": {"device_start": 2255061.620349952, "device_end": 2255061.635855636}, "cmdq": 1, "read": {"device_start": -1, "device_end": -1}}, "FFC_sans_bias61": {"write": {"device_start": -1, "host_queued_start": 1585587287.430663, "device_queued": -1, "device_end": -1, "host_queued_end": 1585587287.430708}, "device": "cpu", "nd_range": {"device_start": 2255061.813199725, "device_end": 2255061.826108559}, "cmdq": 2, "read": {"device_start": -1, "device_end": -1}}, "FFC_sans_bias52": {"write": {"device_start": -1, "host_queued_start": 1585587287.429648, "device_queued": -1, "device_end": -1, "host_queued_end": 1585587287.430708}, "device": "cpu", "nd_range": {"device_start": 2255061.805552336, "device_end": 2255061.8141265013}, "cmdq": 1, "read": {"device_start": -1, "device_end": -1}}, "FFC_sans_bias9": {"write": {"device_start": -1, "host_queued_start": 1585587287.396517, "device_queued": -1, "device_end": -1, "host_queued_end": 1585587287.430708}, "device": "cpu", "nd_range": {"device_start": 2255061.621091275, "device_end": 2255061.636359943}, "cmdq": 2, "read": {"device_start": -1, "device_end": -1}}, "coalesced_transpose39": {"write": {"device_start": -1, "host_queued_start": 1585587287.416071, "device_queued": -1, "device_end": -1, "host_queued_end": 1585587287.430708}, "device": "cpu", "nd_range": {"device_start": 2255061.702283762, "device_end": 2255061.7025268353}, "cmdq": 0, "read": {"device_start": -1, "device_end": -1}}, "FFC_sans_bias55": {"write": {"device_start": -1, "host_queued_start": 1585587287.414408, "device_queued": -1, "device_end": -1, "host_queued_end": 1585587287.430708}, "device": "cpu", "nd_range": {"device_start": 2255061.696833651, "device_end": 2255061.705347257}, "cmdq": 3, "read": {"device_start": -1, "device_end": -1}}, "FFC_sans_bias54": {"write": {"device_start": -1, "host_queued_start": 1585587287.413366, "device_queued": -1, "device_end": -1, "host_queued_end": 1585587287.430708}, "device": "cpu", "nd_range": {"device_start": 2255061.682401047, "device_end": 2255061.6975522023}, "cmdq": 2, "read": {"device_start": -1, "device_end": -1}}, "FFC_sans_bias56": {"write": {"device_start": -1, "host_queued_start": 1585587287.412321, "device_queued": -1, "device_end": -1, "host_queued_end": 1585587287.430708}, "device": "cpu", "nd_range": {"device_start": 2255061.7157211932, "device_end": 2255061.732544361}, "cmdq": 1, "read": {"device_start": -1, "device_end": -1}}, "FFC_sans_bias51": {"write": {"device_start": -1, "host_queued_start": 1585587287.423298, "device_queued": -1, "device_end": -1, "host_queued_end": 1585587287.430708}, "device": "cpu", "nd_range": {"device_start": 2255061.7595252683, "device_end": 2255061.77499894}, "cmdq": 2, "read": {"device_start": -1, "device_end": -1}}, "softmax23": {"write": {"device_start": -1, "host_queued_start": 1585587287.420076, "device_queued": -1, "device_end": -1, "host_queued_end": 1585587287.430708}, "device": "cpu", "nd_range": {"device_start": 2255061.757395206, "device_end": 2255061.757601305}, "cmdq": 0, "read": {"device_start": -1, "device_end": -1}}, "FFC_sans_bias37": {"write": {"device_start": -1, "host_queued_start": 1585587287.407062, "device_queued": -1, "device_end": -1, "host_queued_end": 1585587287.430708}, "device": "cpu", "nd_range": {"device_start": 2255061.670631004, "device_end": 2255061.685904228}, "cmdq": 0, "read": {"device_start": -1, "device_end": -1}}, "empty62": {"write": {"device_start": -1, "host_queued_start": 1585587287.392411, "device_queued": -1, "device_end": -1, "host_queued_end": 1585587287.430708}, "device": "cpu", "nd_range": {"device_start": 2255061.620992767, "device_end": 2255061.620995092}, "cmdq": 2, "read": {"device_start": -1, "device_end": -1}}, "FFC_sans_bias70": {"write": {"device_start": 1585587221.9547062, "host_queued_start": 1585587287.385597, "device_queued": 1585587221.9514356, "device_end": 1585587221.9547358, "host_queued_end": 1585587287.385707}, "device": "gpu", "nd_range": {"device_start": 1585587221.9547389, "device_end": 1585587221.9553292}, "cmdq": 0, "read": {"device_start": 1585587221.955335, "device_end": 1585587221.9553578}}, "FFC_sans_bias58": {"write": {"device_start": -1, "host_queued_start": 1585587287.419245, "device_queued": -1, "device_end": -1, "host_queued_end": 1585587287.430708}, "device": "cpu", "nd_range": {"device_start": 2255061.7451306772, "device_end": 2255061.760316276}, "cmdq": 1, "read": {"device_start": -1, "device_end": -1}}, "softmax41": {"write": {"device_start": -1, "host_queued_start": 1585587287.420623, "device_queued": -1, "device_end": -1, "host_queued_end": 1585587287.430708}, "device": "cpu", "nd_range": {"device_start": 2255061.7325630863, "device_end": 2255061.732713609}, "cmdq": 2, "read": {"device_start": -1, "device_end": -1}}, "FFC_sans_bias11": {"write": {"device_start": -1, "host_queued_start": 1585587287.398653, "device_queued": -1, "device_end": -1, "host_queued_end": 1585587287.430708}, "device": "cpu", "nd_range": {"device_start": 2255061.6373738484, "device_end": 2255061.653559879}, "cmdq": 0, "read": {"device_start": -1, "device_end": -1}}, "FFC_sans_bias10": {"write": {"device_start": -1, "host_queued_start": 1585587287.39758, "device_queued": -1, "device_end": -1, "host_queued_end": 1585587287.430708}, "device": "cpu", "nd_range": {"device_start": 2255061.635766149, "device_end": 2255061.650962689}, "cmdq": 3, "read": {"device_start": -1, "device_end": -1}}, "coalesced_transpose3": {"write": {"device_start": -1, "host_queued_start": 1585587287.414751, "device_queued": -1, "device_end": -1, "host_queued_end": 1585587287.430708}, "device": "cpu", "nd_range": {"device_start": 2255061.701923482, "device_end": 2255061.702171226}, "cmdq": 0, "read": {"device_start": -1, "device_end": -1}}, "FFC_sans_bias34": {"write": {"device_start": -1, "host_queued_start": 1585587287.427661, "device_queued": -1, "device_end": -1, "host_queued_end": 1585587287.430708}, "device": "cpu", "nd_range": {"device_start": 2255061.805623438, "device_end": 2255061.817041531}, "cmdq": 3, "read": {"device_start": -1, "device_end": -1}}, "FFC_sans_bias15": {"write": {"device_start": -1, "host_queued_start": 1585587287.421889, "device_queued": -1, "device_end": -1, "host_queued_end": 1585587287.430708}, "device": "cpu", "nd_range": {"device_start": 2255061.744201097, "device_end": 2255061.759408026}, "cmdq": 2, "read": {"device_start": -1, "device_end": -1}}, "FFC_sans_bias31": {"write": {"device_start": -1, "host_queued_start": 1585587287.418206, "device_queued": -1, "device_end": -1, "host_queued_end": 1585587287.430708}, "device": "cpu", "nd_range": {"device_start": 2255061.706918829, "device_end": 2255061.718865531}, "cmdq": 2, "read": {"device_start": -1, "device_end": -1}}, "FFC_sans_bias16": {"write": {"device_start": -1, "host_queued_start": 1585587287.425676, "device_queued": -1, "device_end": -1, "host_queued_end": 1585587287.430708}, "device": "cpu", "nd_range": {"device_start": 2255061.7913667173, "device_end": 2255061.805547793}, "cmdq": 1, "read": {"device_start": -1, "device_end": -1}}, "FFC_sans_bias19": {"write": {"device_start": -1, "host_queued_start": 1585587287.400735, "device_queued": -1, "device_end": -1, "host_queued_end": 1585587287.430708}, "device": "cpu", "nd_range": {"device_start": 2255061.636369848, "device_end": 2255061.651621766}, "cmdq": 2, "read": {"device_start": -1, "device_end": -1}}, "FFC_sans_bias18": {"write": {"device_start": -1, "host_queued_start": 1585587287.399696, "device_queued": -1, "device_end": -1, "host_queued_end": 1585587287.430708}, "device": "cpu", "nd_range": {"device_start": 2255061.639348554, "device_end": 2255061.6633006954}, "cmdq": 1, "read": {"device_start": -1, "device_end": -1}}, "coalesced_transpose30": {"write": {"device_start": -1, "host_queued_start": 1585587287.41574, "device_queued": -1, "device_end": -1, "host_queued_end": 1585587287.430708}, "device": "cpu", "nd_range": {"device_start": 2255061.705461163, "device_end": 2255061.705701834}, "cmdq": 3, "read": {"device_start": -1, "device_end": -1}}, "FFC_sans_bias69": {"write": {"device_start": -1, "host_queued_start": 1585587287.384593, "device_queued": -1, "device_end": -1, "host_queued_end": 1585587287.385707}, "device": "gpu", "nd_range": {"device_start": 1585587221.9540231, "device_end": 1585587221.9546237}, "cmdq": 0, "read": {"device_start": -1, "device_end": -1}}, "FFC_sans_bias38": {"write": {"device_start": -1, "host_queued_start": 1585587287.408114, "device_queued": -1, "device_end": -1, "host_queued_end": 1585587287.430708}, "device": "cpu", "nd_range": {"device_start": 2255061.700790645, "device_end": 2255061.715413505}, "cmdq": 1, "read": {"device_start": -1, "device_end": -1}}, "coalesced_transpose57": {"write": {"device_start": -1, "host_queued_start": 1585587287.41672, "device_queued": -1, "device_end": -1, "host_queued_end": 1585587287.430708}, "device": "cpu", "nd_range": {"device_start": 2255061.706570031, "device_end": 2255061.706802858}, "cmdq": 2, "read": {"device_start": -1, "device_end": -1}}, "empty26": {"write": {"device_start": -1, "host_queued_start": 1585587287.389022, "device_queued": -1, "device_end": -1, "host_queued_end": 1585587287.430708}, "device": "cpu", "nd_range": {"device_start": 2255061.620620749, "device_end": 2255061.6206245343}, "cmdq": 2, "read": {"device_start": -1, "device_end": -1}}, "coalesced_transpose12": {"write": {"device_start": -1, "host_queued_start": 1585587287.41508, "device_queued": -1, "device_end": -1, "host_queued_end": 1585587287.430708}, "device": "cpu", "nd_range": {"device_start": 2255061.73256403, "device_end": 2255061.733194257}, "cmdq": 1, "read": {"device_start": -1, "device_end": -1}}, "empty44": {"write": {"device_start": -1, "host_queued_start": 1585587287.390788, "device_queued": -1, "device_end": -1, "host_queued_end": 1585587287.430708}, "device": "cpu", "nd_range": {"device_start": 2255061.620341779, "device_end": 2255061.6203428223}, "cmdq": 0, "read": {"device_start": -1, "device_end": -1}}, "coalesced_transpose21": {"write": {"device_start": -1, "host_queued_start": 1585587287.41541, "device_queued": -1, "device_end": -1, "host_queued_end": 1585587287.430708}, "device": "cpu", "nd_range": {"device_start": 2255061.6976675643, "device_end": 2255061.697915207}, "cmdq": 2, "read": {"device_start": -1, "device_end": -1}}, "FFC_sans_bias36": {"write": {"device_start": -1, "host_queued_start": 1585587287.405995, "device_queued": -1, "device_end": -1, "host_queued_end": 1585587287.430708}, "device": "cpu", "nd_range": {"device_start": 2255061.666301996, "device_end": 2255061.681458726}, "cmdq": 3, "read": {"device_start": -1, "device_end": -1}}, "softmax14": {"write": {"device_start": -1, "host_queued_start": 1585587287.4198, "device_queued": -1, "device_end": -1, "host_queued_end": 1585587287.430708}, "device": "cpu", "nd_range": {"device_start": 2255061.7439008253, "device_end": 2255061.744081438}, "cmdq": 3, "read": {"device_start": -1, "device_end": -1}}, "FFC_sans_bias13": {"write": {"device_start": -1, "host_queued_start": 1585587287.417466, "device_queued": -1, "device_end": -1, "host_queued_end": 1585587287.430708}, "device": "cpu", "nd_range": {"device_start": 2255061.733237436, "device_end": 2255061.741885253}, "cmdq": 0, "read": {"device_start": -1, "device_end": -1}}, "empty8": {"write": {"device_start": -1, "host_queued_start": 1585587287.387001, "device_queued": -1, "device_end": -1, "host_queued_end": 1585587287.430708}, "device": "cpu", "nd_range": {"device_start": 2255061.620309066, "device_end": 2255061.620319051}, "cmdq": 0, "read": {"device_start": -1, "device_end": -1}}, "FFC_sans_bias42": {"write": {"device_start": -1, "host_queued_start": 1585587287.422958, "device_queued": -1, "device_end": -1, "host_queued_end": 1585587287.430708}, "device": "cpu", "nd_range": {"device_start": 2255061.775985464, "device_end": 2255061.791359486}, "cmdq": 1, "read": {"device_start": -1, "device_end": -1}}, "FFC_sans_bias43": {"write": {"device_start": -1, "host_queued_start": 1585587287.428655, "device_queued": -1, "device_end": -1, "host_queued_end": 1585587287.430708}, "device": "cpu", "nd_range": {"device_start": 2255061.819564741, "device_end": 2255061.826252735}, "cmdq": 0, "read": {"device_start": -1, "device_end": -1}}, "FFC_sans_bias40": {"write": {"device_start": -1, "host_queued_start": 1585587287.41855, "device_queued": -1, "device_end": -1, "host_queued_end": 1585587287.430708}, "device": "cpu", "nd_range": {"device_start": 2255061.715925064, "device_end": 2255061.73254487}, "cmdq": 3, "read": {"device_start": -1, "device_end": -1}}, "softmax32": {"write": {"device_start": -1, "host_queued_start": 1585587287.420349, "device_queued": -1, "device_end": -1, "host_queued_end": 1585587287.430708}, "device": "cpu", "nd_range": {"device_start": 2255061.760432126, "device_end": 2255061.760645049}, "cmdq": 1, "read": {"device_start": -1, "device_end": -1}}, "FFC_sans_bias47": {"write": {"device_start": -1, "host_queued_start": 1585587287.411263, "device_queued": -1, "device_end": -1, "host_queued_end": 1585587287.430708}, "device": "cpu", "nd_range": {"device_start": 2255061.6860221843, "device_end": 2255061.701800898}, "cmdq": 0, "read": {"device_start": -1, "device_end": -1}}, "FFC_sans_bias45": {"write": {"device_start": -1, "host_queued_start": 1585587287.409159, "device_queued": -1, "device_end": -1, "host_queued_end": 1585587287.430708}, "device": "cpu", "nd_range": {"device_start": 2255061.667083234, "device_end": 2255061.682286832}, "cmdq": 2, "read": {"device_start": -1, "device_end": -1}}, "softmax50": {"write": {"device_start": -1, "host_queued_start": 1585587287.42091, "device_queued": -1, "device_end": -1, "host_queued_end": 1585587287.430708}, "device": "cpu", "nd_range": {"device_start": 2255061.7577120573, "device_end": 2255061.7579144863}, "cmdq": 3, "read": {"device_start": -1, "device_end": -1}}, "FFC_sans_bias33": {"write": {"device_start": -1, "host_queued_start": 1585587287.422604, "device_queued": -1, "device_end": -1, "host_queued_end": 1585587287.430708}, "device": "cpu", "nd_range": {"device_start": 2255061.7734814463, "device_end": 2255061.788787023}, "cmdq": 0, "read": {"device_start": -1, "device_end": -1}}, "FFC_sans_bias63": {"write": {"device_start": 1585587221.9525917, "host_queued_start": 1585587287.383402, "device_queued": 1585587221.9512277, "device_end": 1585587221.952619, "host_queued_end": 1585587287.385707}, "device": "gpu", "nd_range": {"device_start": 1585587221.952623, "device_end": 1585587221.9532115}, "cmdq": 0, "read": {"device_start": -1, "device_end": -1}}, "FFC_sans_bias49": {"write": {"device_start": -1, "host_queued_start": 1585587287.418902, "device_queued": -1, "device_end": -1, "host_queued_end": 1585587287.430708}, "device": "cpu", "nd_range": {"device_start": 2255061.74201845, "device_end": 2255061.757270587}, "cmdq": 0, "read": {"device_start": -1, "device_end": -1}}, "FFC_sans_bias64": {"write": {"device_start": 1585587221.951151, "host_queued_start": 1585587287.381299, "device_queued": 1585587221.9509542, "device_end": 1585587221.9511757, "host_queued_end": 1585587287.385707}, "device": "gpu", "nd_range": {"device_start": 1585587221.9511786, "device_end": 1585587221.951766}, "cmdq": 0, "read": {"device_start": -1, "device_end": -1}}, "FFC_sans_bias65": {"write": {"device_start": 1585587221.9518893, "host_queued_start": 1585587287.382341, "device_queued": 1585587221.951, "device_end": 1585587221.951913, "host_queued_end": 1585587287.385707}, "device": "gpu", "nd_range": {"device_start": 1585587221.9519198, "device_end": 1585587221.9525065}, "cmdq": 0, "read": {"device_start": -1, "device_end": -1}}, "FFC_sans_bias67": {"write": {"device_start": -1, "host_queued_start": 1585587287.384033, "device_queued": -1, "device_end": -1, "host_queued_end": 1585587287.385707}, "device": "gpu", "nd_range": {"device_start": 1585587221.9532223, "device_end": 1585587221.95382}, "cmdq": 0, "read": {"device_start": -1, "device_end": -1}}, "FFC_sans_bias24": {"write": {"device_start": -1, "host_queued_start": 1585587287.422248, "device_queued": -1, "device_end": -1, "host_queued_end": 1585587287.430708}, "device": "cpu", "nd_range": {"device_start": 2255061.7580229403, "device_end": 2255061.773241323}, "cmdq": 3, "read": {"device_start": -1, "device_end": -1}}, "FFC_sans_bias25": {"write": {"device_start": -1, "host_queued_start": 1585587287.426672, "device_queued": -1, "device_end": -1, "host_queued_end": 1585587287.430708}, "device": "cpu", "nd_range": {"device_start": 2255061.7751053222, "device_end": 2255061.790565338}, "cmdq": 2, "read": {"device_start": -1, "device_end": -1}}, "FFC_sans_bias27": {"write": {"device_start": -1, "host_queued_start": 1585587287.402855, "device_queued": -1, "device_end": -1, "host_queued_end": 1585587287.430708}, "device": "cpu", "nd_range": {"device_start": 2255061.6536739334, "device_end": 2255061.6705129063}, "cmdq": 0, "read": {"device_start": -1, "device_end": -1}}, "FFC_sans_bias20": {"write": {"device_start": -1, "host_queued_start": 1585587287.401787, "device_queued": -1, "device_end": -1, "host_queued_end": 1585587287.430708}, "device": "cpu", "nd_range": {"device_start": 2255061.6509703742, "device_end": 2255061.666182029}, "cmdq": 3, "read": {"device_start": -1, "device_end": -1}}, "FFC_sans_bias22": {"write": {"device_start": -1, "host_queued_start": 1585587287.41786, "device_queued": -1, "device_end": -1, "host_queued_end": 1585587287.430708}, "device": "cpu", "nd_range": {"device_start": 2255061.733423048, "device_end": 2255061.7450158224}, "cmdq": 1, "read": {"device_start": -1, "device_end": -1}}, "softmax68": {"write": {"device_start": -1, "host_queued_start": 1585587287.384283, "device_queued": -1, "device_end": -1, "host_queued_end": 1585587287.385707}, "device": "gpu", "nd_range": {"device_start": 1585587221.953821, "device_end": 1585587221.954022}, "cmdq": 0, "read": {"device_start": -1, "device_end": -1}}, "softmax5": {"write": {"device_start": -1, "host_queued_start": 1585587287.419527, "device_queued": -1, "device_end": -1, "host_queued_end": 1585587287.430708}, "device": "cpu", "nd_range": {"device_start": 2255061.718978402, "device_end": 2255061.719194632}, "cmdq": 2, "read": {"device_start": -1, "device_end": -1}}, "FFC_sans_bias28": {"write": {"device_start": -1, "host_queued_start": 1585587287.403907, "device_queued": -1, "device_end": -1, "host_queued_end": 1585587287.430708}, "device": "cpu", "nd_range": {"device_start": 2255061.670065665, "device_end": 2255061.695302547}, "cmdq": 1, "read": {"device_start": -1, "device_end": -1}}, "FFC_sans_bias29": {"write": {"device_start": -1, "host_queued_start": 1585587287.404958, "device_queued": -1, "device_end": -1, "host_queued_end": 1585587287.430708}, "device": "cpu", "nd_range": {"device_start": 2255061.651742952, "device_end": 2255061.6669689463}, "cmdq": 2, "read": {"device_start": -1, "device_end": -1}}, "empty17": {"write": {"device_start": -1, "host_queued_start": 1585587287.388157, "device_queued": -1, "device_end": -1, "host_queued_end": 1585587287.430708}, "device": "cpu", "nd_range": {"device_start": 2255061.620307513, "device_end": 2255061.620319073}, "cmdq": 1, "read": {"device_start": -1, "device_end": -1}}, "softmax59": {"write": {"device_start": -1, "host_queued_start": 1585587287.4212, "device_queued": -1, "device_end": -1, "host_queued_end": 1585587287.430708}, "device": "cpu", "nd_range": {"device_start": 2255061.773249627, "device_end": 2255061.773470852}, "cmdq": 0, "read": {"device_start": -1, "device_end": -1}}, "empty71": {"write": {"device_start": 1585587221.9509845, "host_queued_start": 1585587287.380103, "device_queued": 1585587221.9508471, "device_end": 1585587221.9510105, "host_queued_end": 1585587287.385707}, "device": "gpu", "nd_range": {"device_start": 1585587221.9510183, "device_end": 1585587221.951028}, "cmdq": 0, "read": {"device_start": -1, "device_end": -1}}, "empty35": {"write": {"device_start": -1, "host_queued_start": 1585587287.389877, "device_queued": -1, "device_end": -1, "host_queued_end": 1585587287.430708}, "device": "cpu", "nd_range": {"device_start": 2255061.6203623894, "device_end": 2255061.6203677463}, "cmdq": 3, "read": {"device_start": -1, "device_end": -1}}, "empty53": {"write": {"device_start": -1, "host_queued_start": 1585587287.391607, "device_queued": -1, "device_end": -1, "host_queued_end": 1585587287.430708}, "device": "cpu", "nd_range": {"device_start": 2255061.620341563, "device_end": 2255061.620342579}, "cmdq": 1, "read": {"device_start": -1, "device_end": -1}}, "FFC_sans_bias46": {"write": {"device_start": -1, "host_queued_start": 1585587287.410195, "device_queued": -1, "device_end": -1, "host_queued_end": 1585587287.430708}, "device": "cpu", "nd_range": {"device_start": 2255061.6815834823, "device_end": 2255061.69671868}, "cmdq": 3, "read": {"device_start": -1, "device_end": -1}}, "coalesced_transpose66": {"write": {"device_start": -1, "host_queued_start": 1585587287.38372, "device_queued": -1, "device_end": -1, "host_queued_end": 1585587287.385707}, "device": "gpu", "nd_range": {"device_start": 1585587221.9532125, "device_end": 1585587221.9532204}, "cmdq": 0, "read": {"device_start": -1, "device_end": -1}}, "coalesced_transpose48": {"write": {"device_start": -1, "host_queued_start": 1585587287.416396, "device_queued": -1, "device_end": -1, "host_queued_end": 1585587287.430708}, "device": "cpu", "nd_range": {"device_start": 2255061.7332147923, "device_end": 2255061.7334173922}, "cmdq": 1, "read": {"device_start": -1, "device_end": -1}}}