{"FFC_sans_bias60": {"write": {"device_start": -1, "host_queued_start": 1585587532.467913, "device_queued": -1, "device_end": -1, "host_queued_end": 1585587532.47147}, "device": "gpu", "nd_range": {"device_start": 1585587467.0367188, "device_end": 1585587467.037539}, "cmdq": 1, "read": {"device_start": -1, "device_end": -1}}, "FFC_sans_bias4": {"write": {"device_start": -1, "host_queued_start": 1585587532.49504, "device_queued": -1, "device_end": -1, "host_queued_end": 1585587532.50462}, "device": "cpu", "nd_range": {"device_start": 2255306.750370507, "device_end": 2255306.7618146883}, "cmdq": 1, "read": {"device_start": -1, "device_end": -1}}, "FFC_sans_bias7": {"write": {"device_start": -1, "host_queued_start": 1585587532.50058, "device_queued": -1, "device_end": -1, "host_queued_end": 1585587532.50462}, "device": "cpu", "nd_range": {"device_start": 2255306.798808774, "device_end": 2255306.814191211}, "cmdq": 0, "read": {"device_start": -1, "device_end": -1}}, "FFC_sans_bias6": {"write": {"device_start": -1, "host_queued_start": 1585587532.498155, "device_queued": -1, "device_end": -1, "host_queued_end": 1585587532.50462}, "device": "cpu", "nd_range": {"device_start": 2255306.782675391, "device_end": 2255306.794123455}, "cmdq": 3, "read": {"device_start": -1, "device_end": -1}}, "FFC_sans_bias1": {"write": {"device_start": -1, "host_queued_start": 1585587532.478809, "device_queued": -1, "device_end": -1, "host_queued_end": 1585587532.50462}, "device": "cpu", "nd_range": {"device_start": 2255306.695006033, "device_end": 2255306.710139967}, "cmdq": 2, "read": {"device_start": -1, "device_end": -1}}, "FFC_sans_bias0": {"write": {"device_start": -1, "host_queued_start": 1585587532.477738, "device_queued": -1, "device_end": -1, "host_queued_end": 1585587532.50462}, "device": "cpu", "nd_range": {"device_start": 2255306.694278276, "device_end": 2255306.709517096}, "cmdq": 1, "read": {"device_start": -1, "device_end": -1}}, "FFC_sans_bias2": {"write": {"device_start": -1, "host_queued_start": 1585587532.480042, "device_queued": -1, "device_end": -1, "host_queued_end": 1585587532.50462}, "device": "cpu", "nd_range": {"device_start": 2255306.6943022544, "device_end": 2255306.709665879}, "cmdq": 3, "read": {"device_start": -1, "device_end": -1}}, "FFC_sans_bias61": {"write": {"device_start": 1585587467.037669, "host_queued_start": 1585587532.470289, "device_queued": 1585587467.032018, "device_end": 1585587467.0376997, "host_queued_end": 1585587532.47147}, "device": "gpu", "nd_range": {"device_start": 1585587467.037705, "device_end": 1585587467.038937}, "cmdq": 1, "read": {"device_start": 1585587467.0389466, "device_end": 1585587467.0389705}}, "FFC_sans_bias52": {"write": {"device_start": 1585587467.0371487, "host_queued_start": 1585587532.46924, "device_queued": 1585587467.0319877, "device_end": 1585587467.0371795, "host_queued_end": 1585587532.47147}, "device": "gpu", "nd_range": {"device_start": 1585587467.0371826, "device_end": 1585587467.037988}, "cmdq": 0, "read": {"device_start": 1585587467.0379915, "device_end": 1585587467.0380154}}, "FFC_sans_bias9": {"write": {"device_start": -1, "host_queued_start": 1585587532.481202, "device_queued": -1, "device_end": -1, "host_queued_end": 1585587532.50462}, "device": "cpu", "nd_range": {"device_start": 2255306.694312822, "device_end": 2255306.711700505}, "cmdq": 0, "read": {"device_start": -1, "device_end": -1}}, "coalesced_transpose39": {"write": {"device_start": -1, "host_queued_start": 1585587532.494695, "device_queued": -1, "device_end": -1, "host_queued_end": 1585587532.50462}, "device": "cpu", "nd_range": {"device_start": 2255306.760797921, "device_end": 2255306.761041162}, "cmdq": 0, "read": {"device_start": -1, "device_end": -1}}, "FFC_sans_bias55": {"write": {"device_start": 1585587467.0323112, "host_queued_start": 1585587532.461239, "device_queued": 1585587467.030976, "device_end": 1585587467.0323422, "host_queued_end": 1585587532.47147}, "device": "gpu", "nd_range": {"device_start": 1585587467.032347, "device_end": 1585587467.033622}, "cmdq": 2, "read": {"device_start": -1, "device_end": -1}}, "FFC_sans_bias54": {"write": {"device_start": 1585587467.0317154, "host_queued_start": 1585587532.460209, "device_queued": 1585587467.0308492, "device_end": 1585587467.0317454, "host_queued_end": 1585587532.47147}, "device": "gpu", "nd_range": {"device_start": 1585587467.0317497, "device_end": 1585587467.0331652}, "cmdq": 1, "read": {"device_start": -1, "device_end": -1}}, "FFC_sans_bias56": {"write": {"device_start": 1585587467.0313168, "host_queued_start": 1585587532.459182, "device_queued": 1585587467.0308173, "device_end": 1585587467.0313468, "host_queued_end": 1585587532.47147}, "device": "gpu", "nd_range": {"device_start": 1585587467.0313516, "device_end": 1585587467.0326216}, "cmdq": 0, "read": {"device_start": -1, "device_end": -1}}, "FFC_sans_bias51": {"write": {"device_start": -1, "host_queued_start": 1585587532.467593, "device_queued": -1, "device_end": -1, "host_queued_end": 1585587532.47147}, "device": "gpu", "nd_range": {"device_start": 1585587467.036308, "device_end": 1585587467.0370047}, "cmdq": 0, "read": {"device_start": -1, "device_end": -1}}, "softmax23": {"write": {"device_start": -1, "host_queued_start": 1585587532.497243, "device_queued": -1, "device_end": -1, "host_queued_end": 1585587532.50462}, "device": "cpu", "nd_range": {"device_start": 2255306.786681652, "device_end": 2255306.78688786}, "cmdq": 0, "read": {"device_start": -1, "device_end": -1}}, "FFC_sans_bias37": {"write": {"device_start": -1, "host_queued_start": 1585587532.491829, "device_queued": -1, "device_end": -1, "host_queued_end": 1585587532.50462}, "device": "cpu", "nd_range": {"device_start": 2255306.7408407703, "device_end": 2255306.756071107}, "cmdq": 2, "read": {"device_start": -1, "device_end": -1}}, "empty62": {"write": {"device_start": 1585587467.0303617, "host_queued_start": 1585587532.454146, "device_queued": 1585587467.0302424, "device_end": 1585587467.0304303, "host_queued_end": 1585587532.47147}, "device": "gpu", "nd_range": {"device_start": 1585587467.0304372, "device_end": 1585587467.030449}, "cmdq": 1, "read": {"device_start": -1, "device_end": -1}}, "FFC_sans_bias70": {"write": {"device_start": 1585587467.0386338, "host_queued_start": 1585587532.471367, "device_queued": 1585587467.032127, "device_end": 1585587467.0386636, "host_queued_end": 1585587532.47147}, "device": "gpu", "nd_range": {"device_start": 1585587467.0386662, "device_end": 1585587467.0394278}, "cmdq": 2, "read": {"device_start": 1585587467.0394309, "device_end": 1585587467.0394533}}, "FFC_sans_bias58": {"write": {"device_start": -1, "host_queued_start": 1585587532.466178, "device_queued": -1, "device_end": -1, "host_queued_end": 1585587532.47147}, "device": "gpu", "nd_range": {"device_start": 1585587467.0349667, "device_end": 1585587467.036012}, "cmdq": 1, "read": {"device_start": -1, "device_end": -1}}, "softmax41": {"write": {"device_start": -1, "host_queued_start": 1585587532.497814, "device_queued": -1, "device_end": -1, "host_queued_end": 1585587532.50462}, "device": "cpu", "nd_range": {"device_start": 2255306.7732137702, "device_end": 2255306.773323683}, "cmdq": 2, "read": {"device_start": -1, "device_end": -1}}, "FFC_sans_bias11": {"write": {"device_start": -1, "host_queued_start": 1585587532.483373, "device_queued": -1, "device_end": -1, "host_queued_end": 1585587532.50462}, "device": "cpu", "nd_range": {"device_start": 2255306.710266043, "device_end": 2255306.7254063273}, "cmdq": 2, "read": {"device_start": -1, "device_end": -1}}, "FFC_sans_bias10": {"write": {"device_start": -1, "host_queued_start": 1585587532.482299, "device_queued": -1, "device_end": -1, "host_queued_end": 1585587532.50462}, "device": "cpu", "nd_range": {"device_start": 2255306.709660532, "device_end": 2255306.724860554}, "cmdq": 1, "read": {"device_start": -1, "device_end": -1}}, "coalesced_transpose3": {"write": {"device_start": -1, "host_queued_start": 1585587532.493218, "device_queued": -1, "device_end": -1, "host_queued_end": 1585587532.50462}, "device": "cpu", "nd_range": {"device_start": 2255306.743764697, "device_end": 2255306.7440227433}, "cmdq": 0, "read": {"device_start": -1, "device_end": -1}}, "FFC_sans_bias34": {"write": {"device_start": -1, "host_queued_start": 1585587532.503584, "device_queued": -1, "device_end": -1, "host_queued_end": 1585587532.50462}, "device": "cpu", "nd_range": {"device_start": 2255306.823522273, "device_end": 2255306.8311855313}, "cmdq": 3, "read": {"device_start": -1, "device_end": -1}}, "FFC_sans_bias15": {"write": {"device_start": -1, "host_queued_start": 1585587532.498502, "device_queued": -1, "device_end": -1, "host_queued_end": 1585587532.50462}, "device": "cpu", "nd_range": {"device_start": 2255306.7869991153, "device_end": 2255306.7986999922}, "cmdq": 0, "read": {"device_start": -1, "device_end": -1}}, "FFC_sans_bias31": {"write": {"device_start": -1, "host_queued_start": 1585587532.496076, "device_queued": -1, "device_end": -1, "host_queued_end": 1585587532.50462}, "device": "cpu", "nd_range": {"device_start": 2255306.77484078, "device_end": 2255306.78656972}, "cmdq": 0, "read": {"device_start": -1, "device_end": -1}}, "FFC_sans_bias16": {"write": {"device_start": -1, "host_queued_start": 1585587532.501572, "device_queued": -1, "device_end": -1, "host_queued_end": 1585587532.50462}, "device": "cpu", "nd_range": {"device_start": 2255306.809441163, "device_end": 2255306.823445071}, "cmdq": 1, "read": {"device_start": -1, "device_end": -1}}, "FFC_sans_bias19": {"write": {"device_start": -1, "host_queued_start": 1585587532.485465, "device_queued": -1, "device_end": -1, "host_queued_end": 1585587532.50462}, "device": "cpu", "nd_range": {"device_start": 2255306.711823882, "device_end": 2255306.727129544}, "cmdq": 0, "read": {"device_start": -1, "device_end": -1}}, "FFC_sans_bias18": {"write": {"device_start": -1, "host_queued_start": 1585587532.48442, "device_queued": -1, "device_end": -1, "host_queued_end": 1585587532.50462}, "device": "cpu", "nd_range": {"device_start": 2255306.7130269073, "device_end": 2255306.7352044773}, "cmdq": 3, "read": {"device_start": -1, "device_end": -1}}, "coalesced_transpose30": {"write": {"device_start": -1, "host_queued_start": 1585587532.494353, "device_queued": -1, "device_end": -1, "host_queued_end": 1585587532.50462}, "device": "cpu", "nd_range": {"device_start": 2255306.774665411, "device_end": 2255306.7748331903}, "cmdq": 3, "read": {"device_start": -1, "device_end": -1}}, "FFC_sans_bias69": {"write": {"device_start": -1, "host_queued_start": 1585587532.468231, "device_queued": -1, "device_end": -1, "host_queued_end": 1585587532.47147}, "device": "gpu", "nd_range": {"device_start": 1585587467.037205, "device_end": 1585587467.0385056}, "cmdq": 2, "read": {"device_start": -1, "device_end": -1}}, "FFC_sans_bias38": {"write": {"device_start": -1, "host_queued_start": 1585587532.492887, "device_queued": -1, "device_end": -1, "host_queued_end": 1585587532.50462}, "device": "cpu", "nd_range": {"device_start": 2255306.7616545074, "device_end": 2255306.7746592592}, "cmdq": 3, "read": {"device_start": -1, "device_end": -1}}, "coalesced_transpose57": {"write": {"device_start": -1, "host_queued_start": 1585587532.46524, "device_queued": -1, "device_end": -1, "host_queued_end": 1585587532.47147}, "device": "gpu", "nd_range": {"device_start": 1585587467.0345938, "device_end": 1585587467.034965}, "cmdq": 1, "read": {"device_start": -1, "device_end": -1}}, "empty26": {"write": {"device_start": -1, "host_queued_start": 1585587532.474951, "device_queued": -1, "device_end": -1, "host_queued_end": 1585587532.50462}, "device": "cpu", "nd_range": {"device_start": 2255306.6942612273, "device_end": 2255306.694262055}, "cmdq": 2, "read": {"device_start": -1, "device_end": -1}}, "coalesced_transpose12": {"write": {"device_start": -1, "host_queued_start": 1585587532.493567, "device_queued": -1, "device_end": -1, "host_queued_end": 1585587532.50462}, "device": "cpu", "nd_range": {"device_start": 2255306.7500143843, "device_end": 2255306.7502611303}, "cmdq": 1, "read": {"device_start": -1, "device_end": -1}}, "empty44": {"write": {"device_start": -1, "host_queued_start": 1585587532.476782, "device_queued": -1, "device_end": -1, "host_queued_end": 1585587532.50462}, "device": "cpu", "nd_range": {"device_start": 2255306.694288637, "device_end": 2255306.6942899153}, "cmdq": 0, "read": {"device_start": -1, "device_end": -1}}, "coalesced_transpose21": {"write": {"device_start": -1, "host_queued_start": 1585587532.493923, "device_queued": -1, "device_end": -1, "host_queued_end": 1585587532.50462}, "device": "cpu", "nd_range": {"device_start": 2255306.7561905943, "device_end": 2255306.756439498}, "cmdq": 2, "read": {"device_start": -1, "device_end": -1}}, "FFC_sans_bias36": {"write": {"device_start": -1, "host_queued_start": 1585587532.490784, "device_queued": -1, "device_end": -1, "host_queued_end": 1585587532.50462}, "device": "cpu", "nd_range": {"device_start": 2255306.7403235612, "device_end": 2255306.7498973543}, "cmdq": 1, "read": {"device_start": -1, "device_end": -1}}, "softmax14": {"write": {"device_start": -1, "host_queued_start": 1585587532.496973, "device_queued": -1, "device_end": -1, "host_queued_end": 1585587532.50462}, "device": "cpu", "nd_range": {"device_start": 2255306.782490001, "device_end": 2255306.7826693933}, "cmdq": 3, "read": {"device_start": -1, "device_end": -1}}, "FFC_sans_bias13": {"write": {"device_start": -1, "host_queued_start": 1585587532.495388, "device_queued": -1, "device_end": -1, "host_queued_end": 1585587532.50462}, "device": "cpu", "nd_range": {"device_start": 2255306.756550147, "device_end": 2255306.770875603}, "cmdq": 2, "read": {"device_start": -1, "device_end": -1}}, "empty8": {"write": {"device_start": -1, "host_queued_start": 1585587532.472882, "device_queued": -1, "device_end": -1, "host_queued_end": 1585587532.50462}, "device": "cpu", "nd_range": {"device_start": 2255306.6942227003, "device_end": 2255306.694234503}, "cmdq": 0, "read": {"device_start": -1, "device_end": -1}}, "FFC_sans_bias42": {"write": {"device_start": -1, "host_queued_start": 1585587532.499532, "device_queued": -1, "device_end": -1, "host_queued_end": 1585587532.50462}, "device": "cpu", "nd_range": {"device_start": 2255306.7941319994, "device_end": 2255306.809267519}, "cmdq": 3, "read": {"device_start": -1, "device_end": -1}}, "FFC_sans_bias43": {"write": {"device_start": -1, "host_queued_start": 1585587532.504576, "device_queued": -1, "device_end": -1, "host_queued_end": 1585587532.50462}, "device": "cpu", "nd_range": {"device_start": 2255306.814200047, "device_end": 2255306.82275844}, "cmdq": 0, "read": {"device_start": -1, "device_end": -1}}, "FFC_sans_bias40": {"write": {"device_start": -1, "host_queued_start": 1585587532.49642, "device_queued": -1, "device_end": -1, "host_queued_end": 1585587532.50462}, "device": "cpu", "nd_range": {"device_start": 2255306.7619288433, "device_end": 2255306.773192151}, "cmdq": 1, "read": {"device_start": -1, "device_end": -1}}, "softmax32": {"write": {"device_start": -1, "host_queued_start": 1585587532.497534, "device_queued": -1, "device_end": -1, "host_queued_end": 1585587532.50462}, "device": "cpu", "nd_range": {"device_start": 2255306.793901997, "device_end": 2255306.794109378}, "cmdq": 1, "read": {"device_start": -1, "device_end": -1}}, "FFC_sans_bias47": {"write": {"device_start": 1585587467.0307877, "host_queued_start": 1585587532.458114, "device_queued": 1585587467.0306168, "device_end": 1585587467.0308144, "host_queued_end": 1585587532.47147}, "device": "gpu", "nd_range": {"device_start": 1585587467.0308185, "device_end": 1585587467.0321844}, "cmdq": 2, "read": {"device_start": -1, "device_end": -1}}, "FFC_sans_bias45": {"write": {"device_start": 1585587467.0305674, "host_queued_start": 1585587532.456037, "device_queued": 1585587467.0303512, "device_end": 1585587467.0305982, "host_queued_end": 1585587532.47147}, "device": "gpu", "nd_range": {"device_start": 1585587467.0306036, "device_end": 1585587467.0312066}, "cmdq": 0, "read": {"device_start": -1, "device_end": -1}}, "softmax50": {"write": {"device_start": -1, "host_queued_start": 1585587532.466779, "device_queued": -1, "device_end": -1, "host_queued_end": 1585587532.47147}, "device": "gpu", "nd_range": {"device_start": 1585587467.0355577, "device_end": 1585587467.036307}, "cmdq": 0, "read": {"device_start": -1, "device_end": -1}}, "FFC_sans_bias33": {"write": {"device_start": -1, "host_queued_start": 1585587532.499193, "device_queued": -1, "device_end": -1, "host_queued_end": 1585587532.50462}, "device": "cpu", "nd_range": {"device_start": 2255306.809274659, "device_end": 2255306.8234453592}, "cmdq": 2, "read": {"device_start": -1, "device_end": -1}}, "FFC_sans_bias63": {"write": {"device_start": 1585587467.033749, "host_queued_start": 1585587532.464604, "device_queued": 1585587467.0312338, "device_end": 1585587467.0337803, "host_queued_end": 1585587532.47147}, "device": "gpu", "nd_range": {"device_start": 1585587467.033785, "device_end": 1585587467.0350573}, "cmdq": 2, "read": {"device_start": -1, "device_end": -1}}, "FFC_sans_bias49": {"write": {"device_start": -1, "host_queued_start": 1585587532.465864, "device_queued": -1, "device_end": -1, "host_queued_end": 1585587532.47147}, "device": "gpu", "nd_range": {"device_start": 1585587467.0349495, "device_end": 1585587467.0355566}, "cmdq": 0, "read": {"device_start": -1, "device_end": -1}}, "FFC_sans_bias64": {"write": {"device_start": 1585587467.0327601, "host_queued_start": 1585587532.462448, "device_queued": 1585587467.031042, "device_end": 1585587467.0327914, "host_queued_end": 1585587532.47147}, "device": "gpu", "nd_range": {"device_start": 1585587467.032799, "device_end": 1585587467.034106}, "cmdq": 0, "read": {"device_start": -1, "device_end": -1}}, "FFC_sans_bias65": {"write": {"device_start": 1585587467.0333142, "host_queued_start": 1585587532.463564, "device_queued": 1585587467.031207, "device_end": 1585587467.0333457, "host_queued_end": 1585587532.47147}, "device": "gpu", "nd_range": {"device_start": 1585587467.0333526, "device_end": 1585587467.0345898}, "cmdq": 1, "read": {"device_start": -1, "device_end": -1}}, "FFC_sans_bias67": {"write": {"device_start": -1, "host_queued_start": 1585587532.46649, "device_queued": -1, "device_end": -1, "host_queued_end": 1585587532.47147}, "device": "gpu", "nd_range": {"device_start": 1585587467.0359392, "device_end": 1585587467.0365453}, "cmdq": 2, "read": {"device_start": -1, "device_end": -1}}, "FFC_sans_bias24": {"write": {"device_start": -1, "host_queued_start": 1585587532.498849, "device_queued": -1, "device_end": -1, "host_queued_end": 1585587532.50462}, "device": "cpu", "nd_range": {"device_start": 2255306.794121905, "device_end": 2255306.8094334723}, "cmdq": 1, "read": {"device_start": -1, "device_end": -1}}, "FFC_sans_bias25": {"write": {"device_start": -1, "host_queued_start": 1585587532.502593, "device_queued": -1, "device_end": -1, "host_queued_end": 1585587532.50462}, "device": "cpu", "nd_range": {"device_start": 2255306.823524734, "device_end": 2255306.831338008}, "cmdq": 2, "read": {"device_start": -1, "device_end": -1}}, "FFC_sans_bias27": {"write": {"device_start": -1, "host_queued_start": 1585587532.487616, "device_queued": -1, "device_end": -1, "host_queued_end": 1585587532.50462}, "device": "cpu", "nd_range": {"device_start": 2255306.7255236763, "device_end": 2255306.740726545}, "cmdq": 2, "read": {"device_start": -1, "device_end": -1}}, "FFC_sans_bias20": {"write": {"device_start": -1, "host_queued_start": 1585587532.486547, "device_queued": -1, "device_end": -1, "host_queued_end": 1585587532.50462}, "device": "cpu", "nd_range": {"device_start": 2255306.724985434, "device_end": 2255306.7402055813}, "cmdq": 1, "read": {"device_start": -1, "device_end": -1}}, "FFC_sans_bias22": {"write": {"device_start": -1, "host_queued_start": 1585587532.495729, "device_queued": -1, "device_end": -1, "host_queued_end": 1585587532.50462}, "device": "cpu", "nd_range": {"device_start": 2255306.77484194, "device_end": 2255306.7824822133}, "cmdq": 3, "read": {"device_start": -1, "device_end": -1}}, "softmax68": {"write": {"device_start": -1, "host_queued_start": 1585587532.467274, "device_queued": -1, "device_end": -1, "host_queued_end": 1585587532.47147}, "device": "gpu", "nd_range": {"device_start": 1585587467.036547, "device_end": 1585587467.0372038}, "cmdq": 2, "read": {"device_start": -1, "device_end": -1}}, "softmax5": {"write": {"device_start": -1, "host_queued_start": 1585587532.496697, "device_queued": -1, "device_end": -1, "host_queued_end": 1585587532.50462}, "device": "cpu", "nd_range": {"device_start": 2255306.7709923643, "device_end": 2255306.77121241}, "cmdq": 2, "read": {"device_start": -1, "device_end": -1}}, "FFC_sans_bias28": {"write": {"device_start": -1, "host_queued_start": 1585587532.488659, "device_queued": -1, "device_end": -1, "host_queued_end": 1585587532.50462}, "device": "cpu", "nd_range": {"device_start": 2255306.7435477823, "device_end": 2255306.761050885}, "cmdq": 3, "read": {"device_start": -1, "device_end": -1}}, "FFC_sans_bias29": {"write": {"device_start": -1, "host_queued_start": 1585587532.489706, "device_queued": -1, "device_end": -1, "host_queued_end": 1585587532.50462}, "device": "cpu", "nd_range": {"device_start": 2255306.727248807, "device_end": 2255306.743636507}, "cmdq": 0, "read": {"device_start": -1, "device_end": -1}}, "empty17": {"write": {"device_start": -1, "host_queued_start": 1585587532.473933, "device_queued": -1, "device_end": -1, "host_queued_end": 1585587532.50462}, "device": "cpu", "nd_range": {"device_start": 2255306.6942546153, "device_end": 2255306.694255501}, "cmdq": 1, "read": {"device_start": -1, "device_end": -1}}, "softmax59": {"write": {"device_start": -1, "host_queued_start": 1585587532.467022, "device_queued": -1, "device_end": -1, "host_queued_end": 1585587532.47147}, "device": "gpu", "nd_range": {"device_start": 1585587467.0360131, "device_end": 1585587467.0367177}, "cmdq": 1, "read": {"device_start": -1, "device_end": -1}}, "empty71": {"write": {"device_start": 1585587467.0304732, "host_queued_start": 1585587532.455026, "device_queued": 1585587467.0302727, "device_end": 1585587467.0305352, "host_queued_end": 1585587532.47147}, "device": "gpu", "nd_range": {"device_start": 1585587467.0305429, "device_end": 1585587467.0305471}, "cmdq": 2, "read": {"device_start": -1, "device_end": -1}}, "empty35": {"write": {"device_start": -1, "host_queued_start": 1585587532.475953, "device_queued": -1, "device_end": -1, "host_queued_end": 1585587532.50462}, "device": "cpu", "nd_range": {"device_start": 2255306.6942226063, "device_end": 2255306.694234509}, "cmdq": 3, "read": {"device_start": -1, "device_end": -1}}, "empty53": {"write": {"device_start": 1585587467.030245, "host_queued_start": 1585587532.453074, "device_queued": 1585587467.0301108, "device_end": 1585587467.0302923, "host_queued_end": 1585587532.47147}, "device": "gpu", "nd_range": {"device_start": 1585587467.030309, "device_end": 1585587467.0303137}, "cmdq": 0, "read": {"device_start": -1, "device_end": -1}}, "FFC_sans_bias46": {"write": {"device_start": 1585587467.0306933, "host_queued_start": 1585587532.457073, "device_queued": 1585587467.030584, "device_end": 1585587467.030781, "host_queued_end": 1585587532.47147}, "device": "gpu", "nd_range": {"device_start": 1585587467.0307837, "device_end": 1585587467.0316124}, "cmdq": 1, "read": {"device_start": -1, "device_end": -1}}, "coalesced_transpose66": {"write": {"device_start": -1, "host_queued_start": 1585587532.465544, "device_queued": -1, "device_end": -1, "host_queued_end": 1585587532.47147}, "device": "gpu", "nd_range": {"device_start": 1585587467.035063, "device_end": 1585587467.0359383}, "cmdq": 2, "read": {"device_start": -1, "device_end": -1}}, "coalesced_transpose48": {"write": {"device_start": -1, "host_queued_start": 1585587532.464935, "device_queued": -1, "device_end": -1, "host_queued_end": 1585587532.47147}, "device": "gpu", "nd_range": {"device_start": 1585587467.034108, "device_end": 1585587467.0349479}, "cmdq": 0, "read": {"device_start": -1, "device_end": -1}}}