{"FFC_sans_bias60": {"write": {"device_start": -1, "host_queued_start": 1585587510.242683, "device_queued": -1, "device_end": -1, "host_queued_end": 1585587510.245148}, "device": "gpu", "nd_range": {"device_start": 1585587444.8089757, "device_end": 1585587444.8095694}, "cmdq": 2, "read": {"device_start": -1, "device_end": -1}}, "FFC_sans_bias4": {"write": {"device_start": -1, "host_queued_start": 1585587510.272529, "device_queued": -1, "device_end": -1, "host_queued_end": 1585587510.284072}, "device": "cpu", "nd_range": {"device_start": 2255284.5477473233, "device_end": 2255284.5534850163}, "cmdq": 0, "read": {"device_start": -1, "device_end": -1}}, "FFC_sans_bias7": {"write": {"device_start": -1, "host_queued_start": 1585587510.279067, "device_queued": -1, "device_end": -1, "host_queued_end": 1585587510.284072}, "device": "cpu", "nd_range": {"device_start": 2255284.581205163, "device_end": 2255284.592033056}, "cmdq": 0, "read": {"device_start": -1, "device_end": -1}}, "FFC_sans_bias6": {"write": {"device_start": -1, "host_queued_start": 1585587510.276293, "device_queued": -1, "device_end": -1, "host_queued_end": 1585587510.284072}, "device": "cpu", "nd_range": {"device_start": 2255284.5614639553, "device_end": 2255284.5671859523}, "cmdq": 0, "read": {"device_start": -1, "device_end": -1}}, "FFC_sans_bias1": {"write": {"device_start": -1, "host_queued_start": 1585587510.253195, "device_queued": -1, "device_end": -1, "host_queued_end": 1585587510.284072}, "device": "cpu", "nd_range": {"device_start": 2255284.4737266493, "device_end": 2255284.481699197}, "cmdq": 1, "read": {"device_start": -1, "device_end": -1}}, "FFC_sans_bias0": {"write": {"device_start": -1, "host_queued_start": 1585587510.252113, "device_queued": -1, "device_end": -1, "host_queued_end": 1585587510.284072}, "device": "cpu", "nd_range": {"device_start": 2255284.473728061, "device_end": 2255284.4873577273}, "cmdq": 0, "read": {"device_start": -1, "device_end": -1}}, "FFC_sans_bias2": {"write": {"device_start": -1, "host_queued_start": 1585587510.254253, "device_queued": -1, "device_end": -1, "host_queued_end": 1585587510.284072}, "device": "cpu", "nd_range": {"device_start": 2255284.473763852, "device_end": 2255284.4863752304}, "cmdq": 2, "read": {"device_start": -1, "device_end": -1}}, "FFC_sans_bias61": {"write": {"device_start": 1585587444.8090916, "host_queued_start": 1585587510.244002, "device_queued": 1585587444.8056643, "device_end": 1585587444.8091226, "host_queued_end": 1585587510.245148}, "device": "gpu", "nd_range": {"device_start": 1585587444.8095853, "device_end": 1585587444.8105762}, "cmdq": 1, "read": {"device_start": 1585587444.8105824, "device_end": 1585587444.810605}}, "FFC_sans_bias52": {"write": {"device_start": -1, "host_queued_start": 1585587510.284028, "device_queued": -1, "device_end": -1, "host_queued_end": 1585587510.284072}, "device": "cpu", "nd_range": {"device_start": 2255284.615377148, "device_end": 2255284.62347661}, "cmdq": 2, "read": {"device_start": -1, "device_end": -1}}, "FFC_sans_bias9": {"write": {"device_start": -1, "host_queued_start": 1585587510.255331, "device_queued": -1, "device_end": -1, "host_queued_end": 1585587510.284072}, "device": "cpu", "nd_range": {"device_start": 2255284.4873674633, "device_end": 2255284.502542015}, "cmdq": 0, "read": {"device_start": -1, "device_end": -1}}, "coalesced_transpose39": {"write": {"device_start": -1, "host_queued_start": 1585587510.271759, "device_queued": -1, "device_end": -1, "host_queued_end": 1585587510.284072}, "device": "cpu", "nd_range": {"device_start": 2255284.5656825993, "device_end": 2255284.5659247222}, "cmdq": 1, "read": {"device_start": -1, "device_end": -1}}, "FFC_sans_bias55": {"write": {"device_start": 1585587444.804943, "host_queued_start": 1585587510.237223, "device_queued": 1585587444.8048103, "device_end": 1585587444.8049707, "host_queued_end": 1585587510.245148}, "device": "gpu", "nd_range": {"device_start": 1585587444.8049996, "device_end": 1585587444.8063605}, "cmdq": 1, "read": {"device_start": -1, "device_end": -1}}, "FFC_sans_bias54": {"write": {"device_start": 1585587444.8048527, "host_queued_start": 1585587510.236201, "device_queued": 1585587444.8047543, "device_end": 1585587444.8049378, "host_queued_end": 1585587510.245148}, "device": "gpu", "nd_range": {"device_start": 1585587444.8049417, "device_end": 1585587444.805795}, "cmdq": 0, "read": {"device_start": -1, "device_end": -1}}, "FFC_sans_bias56": {"write": {"device_start": 1585587444.804748, "host_queued_start": 1585587510.235127, "device_queued": 1585587444.8045077, "device_end": 1585587444.804774, "host_queued_end": 1585587510.245148}, "device": "gpu", "nd_range": {"device_start": 1585587444.8047771, "device_end": 1585587444.8053813}, "cmdq": 2, "read": {"device_start": -1, "device_end": -1}}, "FFC_sans_bias51": {"write": {"device_start": -1, "host_queued_start": 1585587510.27801, "device_queued": -1, "device_end": -1, "host_queued_end": 1585587510.284072}, "device": "cpu", "nd_range": {"device_start": 2255284.600353177, "device_end": 2255284.608019959}, "cmdq": 2, "read": {"device_start": -1, "device_end": -1}}, "softmax23": {"write": {"device_start": -1, "host_queued_start": 1585587510.275073, "device_queued": -1, "device_end": -1, "host_queued_end": 1585587510.284072}, "device": "cpu", "nd_range": {"device_start": 2255284.585559879, "device_end": 2255284.5857711514}, "cmdq": 2, "read": {"device_start": -1, "device_end": -1}}, "FFC_sans_bias37": {"write": {"device_start": -1, "host_queued_start": 1585587510.265851, "device_queued": -1, "device_end": -1, "host_queued_end": 1585587510.284072}, "device": "cpu", "nd_range": {"device_start": 2255284.5339513454, "device_end": 2255284.549260403}, "cmdq": 1, "read": {"device_start": -1, "device_end": -1}}, "empty62": {"write": {"device_start": 1585587444.8045268, "host_queued_start": 1585587510.233065, "device_queued": 1585587444.8043559, "device_end": 1585587444.80456, "host_queued_end": 1585587510.245148}, "device": "gpu", "nd_range": {"device_start": 1585587444.8045652, "device_end": 1585587444.8045707}, "cmdq": 0, "read": {"device_start": -1, "device_end": -1}}, "FFC_sans_bias70": {"write": {"device_start": 1585587444.8097086, "host_queued_start": 1585587510.245047, "device_queued": 1585587444.805628, "device_end": 1585587444.8097394, "host_queued_end": 1585587510.245148}, "device": "gpu", "nd_range": {"device_start": 1585587444.8101816, "device_end": 1585587444.8110588}, "cmdq": 2, "read": {"device_start": 1585587444.8110652, "device_end": 1585587444.8110886}}, "FFC_sans_bias58": {"write": {"device_start": -1, "host_queued_start": 1585587510.241497, "device_queued": -1, "device_end": -1, "host_queued_end": 1585587510.245148}, "device": "gpu", "nd_range": {"device_start": 1585587444.8077593, "device_end": 1585587444.8083684}, "cmdq": 1, "read": {"device_start": -1, "device_end": -1}}, "softmax41": {"write": {"device_start": -1, "host_queued_start": 1585587510.275616, "device_queued": -1, "device_end": -1, "host_queued_end": 1585587510.284072}, "device": "cpu", "nd_range": {"device_start": 2255284.601016827, "device_end": 2255284.6012232853}, "cmdq": 1, "read": {"device_start": -1, "device_end": -1}}, "FFC_sans_bias11": {"write": {"device_start": -1, "host_queued_start": 1585587510.25743, "device_queued": -1, "device_end": -1, "host_queued_end": 1585587510.284072}, "device": "cpu", "nd_range": {"device_start": 2255284.4864937533, "device_end": 2255284.495438919}, "cmdq": 2, "read": {"device_start": -1, "device_end": -1}}, "FFC_sans_bias10": {"write": {"device_start": -1, "host_queued_start": 1585587510.256378, "device_queued": -1, "device_end": -1, "host_queued_end": 1585587510.284072}, "device": "cpu", "nd_range": {"device_start": 2255284.4818088464, "device_end": 2255284.499257197}, "cmdq": 1, "read": {"device_start": -1, "device_end": -1}}, "coalesced_transpose3": {"write": {"device_start": -1, "host_queued_start": 1585587510.270432, "device_queued": -1, "device_end": -1, "host_queued_end": 1585587510.284072}, "device": "cpu", "nd_range": {"device_start": 2255284.547173465, "device_end": 2255284.5474352413}, "cmdq": 0, "read": {"device_start": -1, "device_end": -1}}, "FFC_sans_bias34": {"write": {"device_start": -1, "host_queued_start": 1585587510.28204, "device_queued": -1, "device_end": -1, "host_queued_end": 1585587510.284072}, "device": "cpu", "nd_range": {"device_start": 2255284.5920401174, "device_end": 2255284.6048675124}, "cmdq": 0, "read": {"device_start": -1, "device_end": -1}}, "FFC_sans_bias15": {"write": {"device_start": -1, "host_queued_start": 1585587510.276635, "device_queued": -1, "device_end": -1, "host_queued_end": 1585587510.284072}, "device": "cpu", "nd_range": {"device_start": 2255284.601230742, "device_end": 2255284.618255185}, "cmdq": 1, "read": {"device_start": -1, "device_end": -1}}, "FFC_sans_bias31": {"write": {"device_start": -1, "host_queued_start": 1585587510.273557, "device_queued": -1, "device_end": -1, "host_queued_end": 1585587510.284072}, "device": "cpu", "nd_range": {"device_start": 2255284.553601188, "device_end": 2255284.560991411}, "cmdq": 0, "read": {"device_start": -1, "device_end": -1}}, "FFC_sans_bias16": {"write": {"device_start": -1, "host_queued_start": 1585587510.280058, "device_queued": -1, "device_end": -1, "host_queued_end": 1585587510.284072}, "device": "cpu", "nd_range": {"device_start": 2255284.6304004183, "device_end": 2255284.6356148473}, "cmdq": 1, "read": {"device_start": -1, "device_end": -1}}, "FFC_sans_bias19": {"write": {"device_start": -1, "host_queued_start": 1585587510.259524, "device_queued": -1, "device_end": -1, "host_queued_end": 1585587510.284072}, "device": "cpu", "nd_range": {"device_start": 2255284.5006363173, "device_end": 2255284.515590474}, "cmdq": 1, "read": {"device_start": -1, "device_end": -1}}, "FFC_sans_bias18": {"write": {"device_start": -1, "host_queued_start": 1585587510.258479, "device_queued": -1, "device_end": -1, "host_queued_end": 1585587510.284072}, "device": "cpu", "nd_range": {"device_start": 2255284.50254867, "device_end": 2255284.5148773333}, "cmdq": 0, "read": {"device_start": -1, "device_end": -1}}, "coalesced_transpose30": {"write": {"device_start": -1, "host_queued_start": 1585587510.27143, "device_queued": -1, "device_end": -1, "host_queued_end": 1585587510.284072}, "device": "cpu", "nd_range": {"device_start": 2255284.5475668833, "device_end": 2255284.547722749}, "cmdq": 0, "read": {"device_start": -1, "device_end": -1}}, "FFC_sans_bias69": {"write": {"device_start": -1, "host_queued_start": 1585587510.242992, "device_queued": -1, "device_end": -1, "host_queued_end": 1585587510.245148}, "device": "gpu", "nd_range": {"device_start": 1585587444.809574, "device_end": 1585587444.8101764}, "cmdq": 0, "read": {"device_start": -1, "device_end": -1}}, "FFC_sans_bias38": {"write": {"device_start": -1, "host_queued_start": 1585587510.266934, "device_queued": -1, "device_end": -1, "host_queued_end": 1585587510.284072}, "device": "cpu", "nd_range": {"device_start": 2255284.5192684974, "device_end": 2255284.534601023}, "cmdq": 2, "read": {"device_start": -1, "device_end": -1}}, "coalesced_transpose57": {"write": {"device_start": -1, "host_queued_start": 1585587510.24071, "device_queued": -1, "device_end": -1, "host_queued_end": 1585587510.245148}, "device": "gpu", "nd_range": {"device_start": 1585587444.806782, "device_end": 1585587444.8076391}, "cmdq": 2, "read": {"device_start": -1, "device_end": -1}}, "empty26": {"write": {"device_start": -1, "host_queued_start": 1585587510.248509, "device_queued": -1, "device_end": -1, "host_queued_end": 1585587510.284072}, "device": "cpu", "nd_range": {"device_start": 2255284.473728597, "device_end": 2255284.473734355}, "cmdq": 2, "read": {"device_start": -1, "device_end": -1}}, "coalesced_transpose12": {"write": {"device_start": -1, "host_queued_start": 1585587510.270771, "device_queued": -1, "device_end": -1, "host_queued_end": 1585587510.284072}, "device": "cpu", "nd_range": {"device_start": 2255284.5650649113, "device_end": 2255284.56531122}, "cmdq": 1, "read": {"device_start": -1, "device_end": -1}}, "empty44": {"write": {"device_start": -1, "host_queued_start": 1585587510.250169, "device_queued": -1, "device_end": -1, "host_queued_end": 1585587510.284072}, "device": "cpu", "nd_range": {"device_start": 2255284.473719927, "device_end": 2255284.4737208444}, "cmdq": 1, "read": {"device_start": -1, "device_end": -1}}, "coalesced_transpose21": {"write": {"device_start": -1, "host_queued_start": 1585587510.271103, "device_queued": -1, "device_end": -1, "host_queued_end": 1585587510.284072}, "device": "cpu", "nd_range": {"device_start": 2255284.547915848, "device_end": 2255284.548166405}, "cmdq": 2, "read": {"device_start": -1, "device_end": -1}}, "FFC_sans_bias36": {"write": {"device_start": -1, "host_queued_start": 1585587510.264784, "device_queued": -1, "device_end": -1, "host_queued_end": 1585587510.284072}, "device": "cpu", "nd_range": {"device_start": 2255284.524845533, "device_end": 2255284.533867796}, "cmdq": 0, "read": {"device_start": -1, "device_end": -1}}, "softmax14": {"write": {"device_start": -1, "host_queued_start": 1585587510.274801, "device_queued": -1, "device_end": -1, "host_queued_end": 1585587510.284072}, "device": "cpu", "nd_range": {"device_start": 2255284.60079512, "device_end": 2255284.601011109}, "cmdq": 1, "read": {"device_start": -1, "device_end": -1}}, "FFC_sans_bias13": {"write": {"device_start": -1, "host_queued_start": 1585587510.272874, "device_queued": -1, "device_end": -1, "host_queued_end": 1585587510.284072}, "device": "cpu", "nd_range": {"device_start": 2255284.566186951, "device_end": 2255284.5864504273}, "cmdq": 1, "read": {"device_start": -1, "device_end": -1}}, "empty8": {"write": {"device_start": -1, "host_queued_start": 1585587510.246445, "device_queued": -1, "device_end": -1, "host_queued_end": 1585587510.284072}, "device": "cpu", "nd_range": {"device_start": 2255284.473685084, "device_end": 2255284.4736980433}, "cmdq": 0, "read": {"device_start": -1, "device_end": -1}}, "FFC_sans_bias42": {"write": {"device_start": -1, "host_queued_start": 1585587510.277666, "device_queued": -1, "device_end": -1, "host_queued_end": 1585587510.284072}, "device": "cpu", "nd_range": {"device_start": 2255284.618261869, "device_end": 2255284.6303950353}, "cmdq": 1, "read": {"device_start": -1, "device_end": -1}}, "FFC_sans_bias43": {"write": {"device_start": -1, "host_queued_start": 1585587510.283035, "device_queued": -1, "device_end": -1, "host_queued_end": 1585587510.284072}, "device": "cpu", "nd_range": {"device_start": 2255284.635620181, "device_end": 2255284.641121264}, "cmdq": 1, "read": {"device_start": -1, "device_end": -1}}, "FFC_sans_bias40": {"write": {"device_start": -1, "host_queued_start": 1585587510.273898, "device_queued": -1, "device_end": -1, "host_queued_end": 1585587510.284072}, "device": "cpu", "nd_range": {"device_start": 2255284.586457909, "device_end": 2255284.600788164}, "cmdq": 1, "read": {"device_start": -1, "device_end": -1}}, "softmax32": {"write": {"device_start": -1, "host_queued_start": 1585587510.275345, "device_queued": -1, "device_end": -1, "host_queued_end": 1585587510.284072}, "device": "cpu", "nd_range": {"device_start": 2255284.561255765, "device_end": 2255284.561346395}, "cmdq": 0, "read": {"device_start": -1, "device_end": -1}}, "FFC_sans_bias47": {"write": {"device_start": -1, "host_queued_start": 1585587510.270097, "device_queued": -1, "device_end": -1, "host_queued_end": 1585587510.284072}, "device": "cpu", "nd_range": {"device_start": 2255284.534708443, "device_end": 2255284.547700121}, "cmdq": 2, "read": {"device_start": -1, "device_end": -1}}, "FFC_sans_bias45": {"write": {"device_start": -1, "host_queued_start": 1585587510.267976, "device_queued": -1, "device_end": -1, "host_queued_end": 1585587510.284072}, "device": "cpu", "nd_range": {"device_start": 2255284.533876846, "device_end": 2255284.547166704}, "cmdq": 0, "read": {"device_start": -1, "device_end": -1}}, "softmax50": {"write": {"device_start": -1, "host_queued_start": 1585587510.27591, "device_queued": -1, "device_end": -1, "host_queued_end": 1585587510.284072}, "device": "cpu", "nd_range": {"device_start": 2255284.585777625, "device_end": 2255284.585981556}, "cmdq": 2, "read": {"device_start": -1, "device_end": -1}}, "FFC_sans_bias33": {"write": {"device_start": -1, "host_queued_start": 1585587510.277322, "device_queued": -1, "device_end": -1, "host_queued_end": 1585587510.284072}, "device": "cpu", "nd_range": {"device_start": 2255284.5672984673, "device_end": 2255284.581085146}, "cmdq": 0, "read": {"device_start": -1, "device_end": -1}}, "FFC_sans_bias63": {"write": {"device_start": 1585587444.8064969, "host_queued_start": 1585587510.240389, "device_queued": 1585587444.8051627, "device_end": 1585587444.806528, "host_queued_end": 1585587510.245148}, "device": "gpu", "nd_range": {"device_start": 1585587444.8065321, "device_end": 1585587444.8077533}, "cmdq": 1, "read": {"device_start": -1, "device_end": -1}}, "FFC_sans_bias49": {"write": {"device_start": -1, "host_queued_start": 1585587510.274241, "device_queued": -1, "device_end": -1, "host_queued_end": 1585587510.284072}, "device": "cpu", "nd_range": {"device_start": 2255284.575071461, "device_end": 2255284.585551613}, "cmdq": 2, "read": {"device_start": -1, "device_end": -1}}, "FFC_sans_bias64": {"write": {"device_start": 1585587444.8055162, "host_queued_start": 1585587510.238262, "device_queued": 1585587444.8048298, "device_end": 1585587444.8055465, "host_queued_end": 1585587510.245148}, "device": "gpu", "nd_range": {"device_start": 1585587444.8055494, "device_end": 1585587444.8067794}, "cmdq": 2, "read": {"device_start": -1, "device_end": -1}}, "FFC_sans_bias65": {"write": {"device_start": 1585587444.8059242, "host_queued_start": 1585587510.239355, "device_queued": 1585587444.8050218, "device_end": 1585587444.805955, "host_queued_end": 1585587510.245148}, "device": "gpu", "nd_range": {"device_start": 1585587444.8059592, "device_end": 1585587444.807324}, "cmdq": 0, "read": {"device_start": -1, "device_end": -1}}, "FFC_sans_bias67": {"write": {"device_start": -1, "host_queued_start": 1585587510.241821, "device_queued": -1, "device_end": -1, "host_queued_end": 1585587510.245148}, "device": "gpu", "nd_range": {"device_start": 1585587444.8077655, "device_end": 1585587444.8087635}, "cmdq": 2, "read": {"device_start": -1, "device_end": -1}}, "FFC_sans_bias24": {"write": {"device_start": -1, "host_queued_start": 1585587510.276977, "device_queued": -1, "device_end": -1, "host_queued_end": 1585587510.284072}, "device": "cpu", "nd_range": {"device_start": 2255284.585986913, "device_end": 2255284.600345503}, "cmdq": 2, "read": {"device_start": -1, "device_end": -1}}, "FFC_sans_bias25": {"write": {"device_start": -1, "host_queued_start": 1585587510.281051, "device_queued": -1, "device_end": -1, "host_queued_end": 1585587510.284072}, "device": "cpu", "nd_range": {"device_start": 2255284.608027675, "device_end": 2255284.615373887}, "cmdq": 2, "read": {"device_start": -1, "device_end": -1}}, "FFC_sans_bias27": {"write": {"device_start": -1, "host_queued_start": 1585587510.26162, "device_queued": -1, "device_end": -1, "host_queued_end": 1585587510.284072}, "device": "cpu", "nd_range": {"device_start": 2255284.51488345, "device_end": 2255284.524839693}, "cmdq": 0, "read": {"device_start": -1, "device_end": -1}}, "FFC_sans_bias20": {"write": {"device_start": -1, "host_queued_start": 1585587510.260576, "device_queued": -1, "device_end": -1, "host_queued_end": 1585587510.284072}, "device": "cpu", "nd_range": {"device_start": 2255284.495556349, "device_end": 2255284.505663415}, "cmdq": 2, "read": {"device_start": -1, "device_end": -1}}, "FFC_sans_bias22": {"write": {"device_start": -1, "host_queued_start": 1585587510.273215, "device_queued": -1, "device_end": -1, "host_queued_end": 1585587510.284072}, "device": "cpu", "nd_range": {"device_start": 2255284.566143379, "device_end": 2255284.5749517484}, "cmdq": 2, "read": {"device_start": -1, "device_end": -1}}, "softmax68": {"write": {"device_start": -1, "host_queued_start": 1585587510.24233, "device_queued": -1, "device_end": -1, "host_queued_end": 1585587510.245148}, "device": "gpu", "nd_range": {"device_start": 1585587444.8087735, "device_end": 1585587444.80897}, "cmdq": 1, "read": {"device_start": -1, "device_end": -1}}, "softmax5": {"write": {"device_start": -1, "host_queued_start": 1585587510.274521, "device_queued": -1, "device_end": -1, "host_queued_end": 1585587510.284072}, "device": "cpu", "nd_range": {"device_start": 2255284.560997874, "device_end": 2255284.561127568}, "cmdq": 0, "read": {"device_start": -1, "device_end": -1}}, "FFC_sans_bias28": {"write": {"device_start": -1, "host_queued_start": 1585587510.262688, "device_queued": -1, "device_end": -1, "host_queued_end": 1585587510.284072}, "device": "cpu", "nd_range": {"device_start": 2255284.515921572, "device_end": 2255284.5339430394}, "cmdq": 1, "read": {"device_start": -1, "device_end": -1}}, "FFC_sans_bias29": {"write": {"device_start": -1, "host_queued_start": 1585587510.263743, "device_queued": -1, "device_end": -1, "host_queued_end": 1585587510.284072}, "device": "cpu", "nd_range": {"device_start": 2255284.50577952, "device_end": 2255284.5191516574}, "cmdq": 2, "read": {"device_start": -1, "device_end": -1}}, "empty17": {"write": {"device_start": -1, "host_queued_start": 1585587510.247549, "device_queued": -1, "device_end": -1, "host_queued_end": 1585587510.284072}, "device": "cpu", "nd_range": {"device_start": 2255284.4736850313, "device_end": 2255284.4736980363}, "cmdq": 1, "read": {"device_start": -1, "device_end": -1}}, "softmax59": {"write": {"device_start": -1, "host_queued_start": 1585587510.242078, "device_queued": -1, "device_end": -1, "host_queued_end": 1585587510.245148}, "device": "gpu", "nd_range": {"device_start": 1585587444.8087692, "device_end": 1585587444.808968}, "cmdq": 0, "read": {"device_start": -1, "device_end": -1}}, "empty71": {"write": {"device_start": 1585587444.8046606, "host_queued_start": 1585587510.2341, "device_queued": 1585587444.8044531, "device_end": 1585587444.8047416, "host_queued_end": 1585587510.245148}, "device": "gpu", "nd_range": {"device_start": 1585587444.8047485, "device_end": 1585587444.8047578}, "cmdq": 1, "read": {"device_start": -1, "device_end": -1}}, "empty35": {"write": {"device_start": -1, "host_queued_start": 1585587510.249364, "device_queued": -1, "device_end": -1, "host_queued_end": 1585587510.284072}, "device": "cpu", "nd_range": {"device_start": 2255284.473719602, "device_end": 2255284.4737207913}, "cmdq": 0, "read": {"device_start": -1, "device_end": -1}}, "empty53": {"write": {"device_start": -1, "host_queued_start": 1585587510.251101, "device_queued": -1, "device_end": -1, "host_queued_end": 1585587510.284072}, "device": "cpu", "nd_range": {"device_start": 2255284.473755776, "device_end": 2255284.473757001}, "cmdq": 2, "read": {"device_start": -1, "device_end": -1}}, "FFC_sans_bias46": {"write": {"device_start": -1, "host_queued_start": 1585587510.269032, "device_queued": -1, "device_end": -1, "host_queued_end": 1585587510.284072}, "device": "cpu", "nd_range": {"device_start": 2255284.549269406, "device_end": 2255284.564517946}, "cmdq": 1, "read": {"device_start": -1, "device_end": -1}}, "coalesced_transpose66": {"write": {"device_start": -1, "host_queued_start": 1585587510.241012, "device_queued": -1, "device_end": -1, "host_queued_end": 1585587510.245148}, "device": "gpu", "nd_range": {"device_start": 1585587444.8073273, "device_end": 1585587444.8076527}, "cmdq": 0, "read": {"device_start": -1, "device_end": -1}}, "coalesced_transpose48": {"write": {"device_start": -1, "host_queued_start": 1585587510.272179, "device_queued": -1, "device_end": -1, "host_queued_end": 1585587510.284072}, "device": "cpu", "nd_range": {"device_start": 2255284.5652842573, "device_end": 2255284.565901421}, "cmdq": 2, "read": {"device_start": -1, "device_end": -1}}}