{"FFC_sans_bias60": {"write": {"device_start": -1, "host_queued_start": 1585587747.029075, "device_queued": -1, "device_end": -1, "host_queued_end": 1585587747.036997}, "device": "gpu", "nd_range": {"device_start": 1585587681.6070416, "device_end": 1585587681.6082551}, "cmdq": 4, "read": {"device_start": -1, "device_end": -1}}, "FFC_sans_bias4": {"write": {"device_start": -1, "host_queued_start": 1585587747.043842, "device_queued": -1, "device_end": -1, "host_queued_end": 1585587747.045906}, "device": "cpu", "nd_range": {"device_start": 2255521.2479002383, "device_end": 2255521.2521921783}, "cmdq": 2, "read": {"device_start": -1, "device_end": -1}}, "FFC_sans_bias7": {"write": {"device_start": -1, "host_queued_start": 1585587747.04586, "device_queued": -1, "device_end": -1, "host_queued_end": 1585587747.045906}, "device": "cpu", "nd_range": {"device_start": 2255521.2574144993, "device_end": 2255521.26166755}, "cmdq": 2, "read": {"device_start": -1, "device_end": -1}}, "FFC_sans_bias6": {"write": {"device_start": -1, "host_queued_start": 1585587747.044599, "device_queued": -1, "device_end": -1, "host_queued_end": 1585587747.045906}, "device": "cpu", "nd_range": {"device_start": 2255521.252509239, "device_end": 2255521.2572757713}, "cmdq": 1, "read": {"device_start": -1, "device_end": -1}}, "FFC_sans_bias1": {"write": {"device_start": -1, "host_queued_start": 1585587747.04147, "device_queued": -1, "device_end": -1, "host_queued_end": 1585587747.045906}, "device": "cpu", "nd_range": {"device_start": 2255521.235583375, "device_end": 2255521.2475130553}, "cmdq": 2, "read": {"device_start": -1, "device_end": -1}}, "FFC_sans_bias0": {"write": {"device_start": -1, "host_queued_start": 1585587747.040029, "device_queued": -1, "device_end": -1, "host_queued_end": 1585587747.045906}, "device": "cpu", "nd_range": {"device_start": 2255521.235579694, "device_end": 2255521.244308475}, "cmdq": 1, "read": {"device_start": -1, "device_end": -1}}, "FFC_sans_bias2": {"write": {"device_start": -1, "host_queued_start": 1585587747.042928, "device_queued": -1, "device_end": -1, "host_queued_end": 1585587747.045906}, "device": "cpu", "nd_range": {"device_start": 2255521.235597947, "device_end": 2255521.247094947}, "cmdq": 0, "read": {"device_start": -1, "device_end": -1}}, "FFC_sans_bias61": {"write": {"device_start": 1585587681.6099646, "host_queued_start": 1585587747.035814, "device_queued": 1585587681.5951056, "device_end": 1585587681.6099892, "host_queued_end": 1585587747.036997}, "device": "gpu", "nd_range": {"device_start": 1585587681.6099968, "device_end": 1585587681.6116364}, "cmdq": 1, "read": {"device_start": 1585587681.611639, "device_end": 1585587681.6116617}}, "FFC_sans_bias52": {"write": {"device_start": 1585587681.6088276, "host_queued_start": 1585587747.034725, "device_queued": 1585587681.5949078, "device_end": 1585587681.6088526, "host_queued_end": 1585587747.036997}, "device": "gpu", "nd_range": {"device_start": 1585587681.6088645, "device_end": 1585587681.6111786}, "cmdq": 0, "read": {"device_start": 1585587681.6111858, "device_end": 1585587681.6112094}}, "FFC_sans_bias9": {"write": {"device_start": 1585587681.590801, "host_queued_start": 1585587746.995231, "device_queued": 1585587681.590594, "device_end": 1585587681.590827, "host_queued_end": 1585587747.036997}, "device": "gpu", "nd_range": {"device_start": 1585587681.5909438, "device_end": 1585587681.5915587}, "cmdq": 2, "read": {"device_start": -1, "device_end": -1}}, "coalesced_transpose39": {"write": {"device_start": -1, "host_queued_start": 1585587747.021709, "device_queued": -1, "device_end": -1, "host_queued_end": 1585587747.036997}, "device": "gpu", "nd_range": {"device_start": 1585587681.60073, "device_end": 1585587681.6011527}, "cmdq": 1, "read": {"device_start": -1, "device_end": -1}}, "FFC_sans_bias55": {"write": {"device_start": 1585587681.5974588, "host_queued_start": 1585587747.016656, "device_queued": 1585587681.5924234, "device_end": 1585587681.5974898, "host_queued_end": 1585587747.036997}, "device": "gpu", "nd_range": {"device_start": 1585587681.5974948, "device_end": 1585587681.5997622}, "cmdq": 4, "read": {"device_start": -1, "device_end": -1}}, "FFC_sans_bias54": {"write": {"device_start": 1585587681.5969944, "host_queued_start": 1585587747.015389, "device_queued": 1585587681.5924091, "device_end": 1585587681.5970266, "host_queued_end": 1585587747.036997}, "device": "gpu", "nd_range": {"device_start": 1585587681.5970366, "device_end": 1585587681.5993009}, "cmdq": 3, "read": {"device_start": -1, "device_end": -1}}, "FFC_sans_bias56": {"write": {"device_start": 1585587681.5964959, "host_queued_start": 1585587747.01418, "device_queued": 1585587681.592389, "device_end": 1585587681.596528, "host_queued_end": 1585587747.036997}, "device": "gpu", "nd_range": {"device_start": 1585587681.5965307, "device_end": 1585587681.5987797}, "cmdq": 2, "read": {"device_start": -1, "device_end": -1}}, "FFC_sans_bias51": {"write": {"device_start": -1, "host_queued_start": 1585587747.028665, "device_queued": -1, "device_end": -1, "host_queued_end": 1585587747.036997}, "device": "gpu", "nd_range": {"device_start": 1585587681.6070316, "device_end": 1585587681.6077948}, "cmdq": 3, "read": {"device_start": -1, "device_end": -1}}, "softmax23": {"write": {"device_start": -1, "host_queued_start": 1585587747.025688, "device_queued": -1, "device_end": -1, "host_queued_end": 1585587747.036997}, "device": "gpu", "nd_range": {"device_start": 1585587681.604159, "device_end": 1585587681.6052487}, "cmdq": 3, "read": {"device_start": -1, "device_end": -1}}, "FFC_sans_bias37": {"write": {"device_start": 1585587681.594066, "host_queued_start": 1585587747.008416, "device_queued": 1585587681.591839, "device_end": 1585587681.5940912, "host_queued_end": 1585587747.036997}, "device": "gpu", "nd_range": {"device_start": 1585587681.5940967, "device_end": 1585587681.5963871}, "cmdq": 2, "read": {"device_start": -1, "device_end": -1}}, "empty62": {"write": {"device_start": 1585587681.5906239, "host_queued_start": 1585587746.993421, "device_queued": 1585587681.5905306, "device_end": 1585587681.5906832, "host_queued_end": 1585587747.036997}, "device": "gpu", "nd_range": {"device_start": 1585587681.590695, "device_end": 1585587681.590699}, "cmdq": 0, "read": {"device_start": -1, "device_end": -1}}, "FFC_sans_bias70": {"write": {"device_start": 1585587681.6108274, "host_queued_start": 1585587747.036888, "device_queued": 1585587681.5952363, "device_end": 1585587681.6108534, "host_queued_end": 1585587747.036997}, "device": "gpu", "nd_range": {"device_start": 1585587681.610861, "device_end": 1585587681.6121283}, "cmdq": 2, "read": {"device_start": 1585587681.6121325, "device_end": 1585587681.6121547}}, "FFC_sans_bias58": {"write": {"device_start": -1, "host_queued_start": 1585587747.024776, "device_queued": -1, "device_end": -1, "host_queued_end": 1585587747.036997}, "device": "gpu", "nd_range": {"device_start": 1585587681.6017706, "device_end": 1585587681.603158}, "cmdq": 0, "read": {"device_start": -1, "device_end": -1}}, "softmax41": {"write": {"device_start": -1, "host_queued_start": 1585587747.026242, "device_queued": -1, "device_end": -1, "host_queued_end": 1585587747.036997}, "device": "gpu", "nd_range": {"device_start": 1585587681.6031678, "device_end": 1585587681.605265}, "cmdq": 0, "read": {"device_start": -1, "device_end": -1}}, "FFC_sans_bias11": {"write": {"device_start": 1585587681.591051, "host_queued_start": 1585587746.997464, "device_queued": 1585587681.5908732, "device_end": 1585587681.591082, "host_queued_end": 1585587747.036997}, "device": "gpu", "nd_range": {"device_start": 1585587681.5911586, "device_end": 1585587681.592546}, "cmdq": 4, "read": {"device_start": -1, "device_end": -1}}, "FFC_sans_bias10": {"write": {"device_start": 1585587681.5909357, "host_queued_start": 1585587746.996264, "device_queued": 1585587681.5908465, "device_end": 1585587681.590974, "host_queued_end": 1585587747.036997}, "device": "gpu", "nd_range": {"device_start": 1585587681.5909772, "device_end": 1585587681.5919604}, "cmdq": 3, "read": {"device_start": -1, "device_end": -1}}, "coalesced_transpose3": {"write": {"device_start": -1, "host_queued_start": 1585587747.043385, "device_queued": -1, "device_end": -1, "host_queued_end": 1585587747.045906}, "device": "cpu", "nd_range": {"device_start": 2255521.24764181, "device_end": 2255521.247876273}, "cmdq": 1, "read": {"device_start": -1, "device_end": -1}}, "FFC_sans_bias34": {"write": {"device_start": 1585587681.6078799, "host_queued_start": 1585587747.032593, "device_queued": 1585587681.594497, "device_end": 1585587681.607906, "host_queued_end": 1585587747.036997}, "device": "gpu", "nd_range": {"device_start": 1585587681.6082723, "device_end": 1585587681.609696}, "cmdq": 3, "read": {"device_start": 1585587681.6096997, "device_end": 1585587681.6097236}}, "FFC_sans_bias15": {"write": {"device_start": -1, "host_queued_start": 1585587747.027386, "device_queued": -1, "device_end": -1, "host_queued_end": 1585587747.036997}, "device": "gpu", "nd_range": {"device_start": 1585587681.605262, "device_end": 1585587681.6058707}, "cmdq": 4, "read": {"device_start": -1, "device_end": -1}}, "FFC_sans_bias31": {"write": {"device_start": -1, "host_queued_start": 1585587747.023751, "device_queued": -1, "device_end": -1, "host_queued_end": 1585587747.036997}, "device": "gpu", "nd_range": {"device_start": 1585587681.6020749, "device_end": 1585587681.6036994}, "cmdq": 2, "read": {"device_start": -1, "device_end": -1}}, "FFC_sans_bias16": {"write": {"device_start": 1585587681.6079884, "host_queued_start": 1585587747.030444, "device_queued": 1585587681.594543, "device_end": 1585587681.608014, "host_queued_end": 1585587747.036997}, "device": "gpu", "nd_range": {"device_start": 1585587681.60803, "device_end": 1585587681.6092317}, "cmdq": 1, "read": {"device_start": 1585587681.6098065, "device_end": 1585587681.6098301}}, "FFC_sans_bias19": {"write": {"device_start": 1585587681.5913675, "host_queued_start": 1585587746.999577, "device_queued": 1585587681.5912294, "device_end": 1585587681.5913985, "host_queued_end": 1585587747.036997}, "device": "gpu", "nd_range": {"device_start": 1585587681.5914912, "device_end": 1585587681.5934944}, "cmdq": 1, "read": {"device_start": -1, "device_end": -1}}, "FFC_sans_bias18": {"write": {"device_start": 1585587681.591269, "host_queued_start": 1585587746.998494, "device_queued": 1585587681.591172, "device_end": 1585587681.5913422, "host_queued_end": 1585587747.036997}, "device": "gpu", "nd_range": {"device_start": 1585587681.5913463, "device_end": 1585587681.5929594}, "cmdq": 0, "read": {"device_start": -1, "device_end": -1}}, "coalesced_transpose30": {"write": {"device_start": -1, "host_queued_start": 1585587747.021369, "device_queued": -1, "device_end": -1, "host_queued_end": 1585587747.036997}, "device": "gpu", "nd_range": {"device_start": 1585587681.6002736, "device_end": 1585587681.6011357}, "cmdq": 0, "read": {"device_start": -1, "device_end": -1}}, "FFC_sans_bias69": {"write": {"device_start": -1, "host_queued_start": 1585587747.0294, "device_queued": -1, "device_end": -1, "host_queued_end": 1585587747.036997}, "device": "gpu", "nd_range": {"device_start": 1585587681.6070514, "device_end": 1585587681.6087472}, "cmdq": 0, "read": {"device_start": -1, "device_end": -1}}, "FFC_sans_bias38": {"write": {"device_start": 1585587681.5945292, "host_queued_start": 1585587747.009564, "device_queued": 1585587681.5918715, "device_end": 1585587681.594555, "host_queued_end": 1585587747.036997}, "device": "gpu", "nd_range": {"device_start": 1585587681.594563, "device_end": 1585587681.5968952}, "cmdq": 3, "read": {"device_start": -1, "device_end": -1}}, "coalesced_transpose57": {"write": {"device_start": -1, "host_queued_start": 1585587747.022366, "device_queued": -1, "device_end": -1, "host_queued_end": 1585587747.036997}, "device": "gpu", "nd_range": {"device_start": 1585587681.6011171, "device_end": 1585587681.6011791}, "cmdq": 3, "read": {"device_start": -1, "device_end": -1}}, "empty26": {"write": {"device_start": 1585587681.5901694, "host_queued_start": 1585587746.990003, "device_queued": 1585587681.5900779, "device_end": 1585587681.5902421, "host_queued_end": 1585587747.036997}, "device": "gpu", "nd_range": {"device_start": 1585587681.5904367, "device_end": 1585587681.5904477}, "cmdq": 1, "read": {"device_start": -1, "device_end": -1}}, "coalesced_transpose12": {"write": {"device_start": -1, "host_queued_start": 1585587747.020673, "device_queued": -1, "device_end": -1, "host_queued_end": 1585587747.036997}, "device": "gpu", "nd_range": {"device_start": 1585587681.599303, "device_end": 1585587681.6011055}, "cmdq": 3, "read": {"device_start": -1, "device_end": -1}}, "empty44": {"write": {"device_start": 1585587681.5903404, "host_queued_start": 1585587746.991742, "device_queued": 1585587681.5901208, "device_end": 1585587681.5903656, "host_queued_end": 1585587747.036997}, "device": "gpu", "nd_range": {"device_start": 1585587681.5904768, "device_end": 1585587681.5904806}, "cmdq": 3, "read": {"device_start": -1, "device_end": -1}}, "coalesced_transpose21": {"write": {"device_start": -1, "host_queued_start": 1585587747.021025, "device_queued": -1, "device_end": -1, "host_queued_end": 1585587747.036997}, "device": "gpu", "nd_range": {"device_start": 1585587681.5997634, "device_end": 1585587681.6011207}, "cmdq": 4, "read": {"device_start": -1, "device_end": -1}}, "FFC_sans_bias36": {"write": {"device_start": 1585587681.5935998, "host_queued_start": 1585587747.007265, "device_queued": 1585587681.591822, "device_end": 1585587681.593631, "host_queued_end": 1585587747.036997}, "device": "gpu", "nd_range": {"device_start": 1585587681.593637, "device_end": 1585587681.5959277}, "cmdq": 1, "read": {"device_start": -1, "device_end": -1}}, "softmax14": {"write": {"device_start": -1, "host_queued_start": 1585587747.025417, "device_queued": -1, "device_end": -1, "host_queued_end": 1585587747.036997}, "device": "gpu", "nd_range": {"device_start": 1585587681.6037104, "device_end": 1585587681.6052356}, "cmdq": 2, "read": {"device_start": -1, "device_end": -1}}, "FFC_sans_bias13": {"write": {"device_start": -1, "host_queued_start": 1585587747.023045, "device_queued": -1, "device_end": -1, "host_queued_end": 1585587747.036997}, "device": "gpu", "nd_range": {"device_start": 1585587681.6011493, "device_end": 1585587681.6017601}, "cmdq": 0, "read": {"device_start": -1, "device_end": -1}}, "empty8": {"write": {"device_start": -1, "host_queued_start": 1585587747.03871, "device_queued": -1, "device_end": -1, "host_queued_end": 1585587747.045906}, "device": "cpu", "nd_range": {"device_start": 2255521.2355544153, "device_end": 2255521.235564912}, "cmdq": 0, "read": {"device_start": -1, "device_end": -1}}, "FFC_sans_bias42": {"write": {"device_start": -1, "host_queued_start": 1585587747.028347, "device_queued": -1, "device_end": -1, "host_queued_end": 1585587747.036997}, "device": "gpu", "nd_range": {"device_start": 1585587681.6056275, "device_end": 1585587681.6072624}, "cmdq": 2, "read": {"device_start": -1, "device_end": -1}}, "FFC_sans_bias43": {"write": {"device_start": 1585587681.6083426, "host_queued_start": 1585587747.033654, "device_queued": 1585587681.5945241, "device_end": 1585587681.6083677, "host_queued_end": 1585587747.036997}, "device": "gpu", "nd_range": {"device_start": 1585587681.6083832, "device_end": 1585587681.6102154}, "cmdq": 4, "read": {"device_start": 1585587681.610217, "device_end": 1585587681.610241}}, "FFC_sans_bias40": {"write": {"device_start": -1, "host_queued_start": 1585587747.024102, "device_queued": -1, "device_end": -1, "host_queued_end": 1585587747.036997}, "device": "gpu", "nd_range": {"device_start": 1585587681.6011999, "device_end": 1585587681.602736}, "cmdq": 3, "read": {"device_start": -1, "device_end": -1}}, "softmax32": {"write": {"device_start": -1, "host_queued_start": 1585587747.025963, "device_queued": -1, "device_end": -1, "host_queued_end": 1585587747.036997}, "device": "gpu", "nd_range": {"device_start": 1585587681.6041472, "device_end": 1585587681.6052523}, "cmdq": 4, "read": {"device_start": -1, "device_end": -1}}, "FFC_sans_bias47": {"write": {"device_start": 1585587681.5960443, "host_queued_start": 1585587747.013014, "device_queued": 1585587681.5922775, "device_end": 1585587681.596077, "host_queued_end": 1585587747.036997}, "device": "gpu", "nd_range": {"device_start": 1585587681.5960805, "device_end": 1585587681.5983336}, "cmdq": 1, "read": {"device_start": -1, "device_end": -1}}, "FFC_sans_bias45": {"write": {"device_start": 1585587681.5950515, "host_queued_start": 1585587747.010739, "device_queued": 1585587681.5919857, "device_end": 1585587681.595084, "host_queued_end": 1585587747.036997}, "device": "gpu", "nd_range": {"device_start": 1585587681.595089, "device_end": 1585587681.597354}, "cmdq": 4, "read": {"device_start": -1, "device_end": -1}}, "softmax50": {"write": {"device_start": -1, "host_queued_start": 1585587747.026523, "device_queued": -1, "device_end": -1, "host_queued_end": 1585587747.036997}, "device": "gpu", "nd_range": {"device_start": 1585587681.6046362, "device_end": 1585587681.6048462}, "cmdq": 1, "read": {"device_start": -1, "device_end": -1}}, "FFC_sans_bias33": {"write": {"device_start": -1, "host_queued_start": 1585587747.028029, "device_queued": -1, "device_end": -1, "host_queued_end": 1585587747.036997}, "device": "gpu", "nd_range": {"device_start": 1585587681.6052854, "device_end": 1585587681.6068406}, "cmdq": 1, "read": {"device_start": -1, "device_end": -1}}, "FFC_sans_bias63": {"write": {"device_start": 1585587681.5988877, "host_queued_start": 1585587747.020282, "device_queued": 1585587681.5928888, "device_end": 1585587681.5989172, "host_queued_end": 1585587747.036997}, "device": "gpu", "nd_range": {"device_start": 1585587681.5989282, "device_end": 1585587681.601169}, "cmdq": 2, "read": {"device_start": -1, "device_end": -1}}, "FFC_sans_bias49": {"write": {"device_start": -1, "host_queued_start": 1585587747.02444, "device_queued": -1, "device_end": -1, "host_queued_end": 1585587747.036997}, "device": "gpu", "nd_range": {"device_start": 1585587681.6020906, "device_end": 1585587681.604137}, "cmdq": 4, "read": {"device_start": -1, "device_end": -1}}, "FFC_sans_bias64": {"write": {"device_start": 1585587681.5979214, "host_queued_start": 1585587747.017888, "device_queued": 1585587681.5926516, "device_end": 1585587681.5979557, "host_queued_end": 1585587747.036997}, "device": "gpu", "nd_range": {"device_start": 1585587681.5979626, "device_end": 1585587681.6002705}, "cmdq": 0, "read": {"device_start": -1, "device_end": -1}}, "FFC_sans_bias65": {"write": {"device_start": 1585587681.5984545, "host_queued_start": 1585587747.019098, "device_queued": 1585587681.592861, "device_end": 1585587681.5984895, "host_queued_end": 1585587747.036997}, "device": "gpu", "nd_range": {"device_start": 1585587681.598494, "device_end": 1585587681.6007223}, "cmdq": 1, "read": {"device_start": -1, "device_end": -1}}, "FFC_sans_bias67": {"write": {"device_start": -1, "host_queued_start": 1585587747.025136, "device_queued": -1, "device_end": -1, "host_queued_end": 1585587747.036997}, "device": "gpu", "nd_range": {"device_start": 1585587681.6021693, "device_end": 1585587681.604627}, "cmdq": 1, "read": {"device_start": -1, "device_end": -1}}, "FFC_sans_bias24": {"write": {"device_start": -1, "host_queued_start": 1585587747.027706, "device_queued": -1, "device_end": -1, "host_queued_end": 1585587747.036997}, "device": "gpu", "nd_range": {"device_start": 1585587681.605275, "device_end": 1585587681.6062806}, "cmdq": 0, "read": {"device_start": -1, "device_end": -1}}, "FFC_sans_bias25": {"write": {"device_start": 1585587681.6084547, "host_queued_start": 1585587747.031524, "device_queued": 1585587681.5946937, "device_end": 1585587681.608481, "host_queued_end": 1585587747.036997}, "device": "gpu", "nd_range": {"device_start": 1585587681.6084967, "device_end": 1585587681.610662}, "cmdq": 2, "read": {"device_start": 1585587681.6106682, "device_end": 1585587681.6106975}}, "FFC_sans_bias27": {"write": {"device_start": 1585587681.5920453, "host_queued_start": 1585587747.002159, "device_queued": 1585587681.591448, "device_end": 1585587681.5920775, "host_queued_end": 1585587747.036997}, "device": "gpu", "nd_range": {"device_start": 1585587681.592085, "device_end": 1585587681.5944448}, "cmdq": 3, "read": {"device_start": -1, "device_end": -1}}, "FFC_sans_bias20": {"write": {"device_start": 1585587681.591661, "host_queued_start": 1585587747.00066, "device_queued": 1585587681.5914197, "device_end": 1585587681.5916855, "host_queued_end": 1585587747.036997}, "device": "gpu", "nd_range": {"device_start": 1585587681.591691, "device_end": 1585587681.5939488}, "cmdq": 2, "read": {"device_start": -1, "device_end": -1}}, "FFC_sans_bias22": {"write": {"device_start": -1, "host_queued_start": 1585587747.0234, "device_queued": -1, "device_end": -1, "host_queued_end": 1585587747.036997}, "device": "gpu", "nd_range": {"device_start": 1585587681.6011658, "device_end": 1585587681.602159}, "cmdq": 1, "read": {"device_start": -1, "device_end": -1}}, "softmax68": {"write": {"device_start": -1, "host_queued_start": 1585587747.027068, "device_queued": -1, "device_end": -1, "host_queued_end": 1585587747.036997}, "device": "gpu", "nd_range": {"device_start": 1585587681.6052961, "device_end": 1585587681.6070223}, "cmdq": 3, "read": {"device_start": -1, "device_end": -1}}, "softmax5": {"write": {"device_start": -1, "host_queued_start": 1585587747.044223, "device_queued": -1, "device_end": -1, "host_queued_end": 1585587747.045906}, "device": "cpu", "nd_range": {"device_start": 2255521.252210304, "device_end": 2255521.2523469953}, "cmdq": 0, "read": {"device_start": -1, "device_end": -1}}, "FFC_sans_bias28": {"write": {"device_start": 1585587681.592662, "host_queued_start": 1585587747.004012, "device_queued": 1585587681.591461, "device_end": 1585587681.5926883, "host_queued_end": 1585587747.036997}, "device": "gpu", "nd_range": {"device_start": 1585587681.5926912, "device_end": 1585587681.594936}, "cmdq": 4, "read": {"device_start": -1, "device_end": -1}}, "FFC_sans_bias29": {"write": {"device_start": 1585587681.593057, "host_queued_start": 1585587747.005947, "device_queued": 1585587681.59166, "device_end": 1585587681.5930882, "host_queued_end": 1585587747.036997}, "device": "gpu", "nd_range": {"device_start": 1585587681.5930917, "device_end": 1585587681.5954099}, "cmdq": 0, "read": {"device_start": -1, "device_end": -1}}, "empty17": {"write": {"device_start": 1585587681.5900416, "host_queued_start": 1585587746.98896, "device_queued": 1585587681.5899205, "device_end": 1585587681.5900712, "host_queued_end": 1585587747.036997}, "device": "gpu", "nd_range": {"device_start": 1585587681.590118, "device_end": 1585587681.590124}, "cmdq": 0, "read": {"device_start": -1, "device_end": -1}}, "softmax59": {"write": {"device_start": -1, "host_queued_start": 1585587747.026817, "device_queued": -1, "device_end": -1, "host_queued_end": 1585587747.036997}, "device": "gpu", "nd_range": {"device_start": 1585587681.6052454, "device_end": 1585587681.6056178}, "cmdq": 2, "read": {"device_start": -1, "device_end": -1}}, "empty71": {"write": {"device_start": 1585587681.5907183, "host_queued_start": 1585587746.994234, "device_queued": 1585587681.5905745, "device_end": 1585587681.5907967, "host_queued_end": 1585587747.036997}, "device": "gpu", "nd_range": {"device_start": 1585587681.5909078, "device_end": 1585587681.5909166}, "cmdq": 1, "read": {"device_start": -1, "device_end": -1}}, "empty35": {"write": {"device_start": 1585587681.5902586, "host_queued_start": 1585587746.990899, "device_queued": 1585587681.5900962, "device_end": 1585587681.5903268, "host_queued_end": 1585587747.036997}, "device": "gpu", "nd_range": {"device_start": 1585587681.5904598, "device_end": 1585587681.5904639}, "cmdq": 2, "read": {"device_start": -1, "device_end": -1}}, "empty53": {"write": {"device_start": 1585587681.590499, "host_queued_start": 1585587746.992582, "device_queued": 1585587681.5904, "device_end": 1585587681.590529, "host_queued_end": 1585587747.036997}, "device": "gpu", "nd_range": {"device_start": 1585587681.5905344, "device_end": 1585587681.5905378}, "cmdq": 4, "read": {"device_start": -1, "device_end": -1}}, "FFC_sans_bias46": {"write": {"device_start": 1585587681.5955338, "host_queued_start": 1585587747.011872, "device_queued": 1585587681.5922306, "device_end": 1585587681.5955675, "host_queued_end": 1585587747.036997}, "device": "gpu", "nd_range": {"device_start": 1585587681.5955722, "device_end": 1585587681.5978122}, "cmdq": 0, "read": {"device_start": -1, "device_end": -1}}, "coalesced_transpose66": {"write": {"device_start": -1, "host_queued_start": 1585587747.0227, "device_queued": -1, "device_end": -1, "host_queued_end": 1585587747.036997}, "device": "gpu", "nd_range": {"device_start": 1585587681.6011324, "device_end": 1585587681.601184}, "cmdq": 4, "read": {"device_start": -1, "device_end": -1}}, "coalesced_transpose48": {"write": {"device_start": -1, "host_queued_start": 1585587747.022037, "device_queued": -1, "device_end": -1, "host_queued_end": 1585587747.036997}, "device": "gpu", "nd_range": {"device_start": 1585587681.6011763, "device_end": 1585587681.6020622}, "cmdq": 2, "read": {"device_start": -1, "device_end": -1}}}