{"FFC_sans_bias60": {"write": {"device_start": -1, "host_queued_start": 1585587318.285473, "device_queued": -1, "device_end": -1, "host_queued_end": 1585587318.294245}, "device": "gpu", "nd_range": {"device_start": 1585587252.8785734, "device_end": 1585587252.879522}, "cmdq": 0, "read": {"device_start": -1, "device_end": -1}}, "FFC_sans_bias4": {"write": {"device_start": -1, "host_queued_start": 1585587318.279011, "device_queued": -1, "device_end": -1, "host_queued_end": 1585587318.294245}, "device": "gpu", "nd_range": {"device_start": 1585587252.8713748, "device_end": 1585587252.871981}, "cmdq": 0, "read": {"device_start": -1, "device_end": -1}}, "FFC_sans_bias7": {"write": {"device_start": 1585587252.8796463, "host_queued_start": 1585587318.286821, "device_queued": 1585587252.8636096, "device_end": 1585587252.879678, "host_queued_end": 1585587318.294245}, "device": "gpu", "nd_range": {"device_start": 1585587252.8796809, "device_end": 1585587252.8804853}, "cmdq": 0, "read": {"device_start": 1585587252.8804917, "device_end": 1585587252.8805163}}, "FFC_sans_bias6": {"write": {"device_start": -1, "host_queued_start": 1585587318.283512, "device_queued": -1, "device_end": -1, "host_queued_end": 1585587318.294245}, "device": "gpu", "nd_range": {"device_start": 1585587252.8760247, "device_end": 1585587252.8766298}, "cmdq": 0, "read": {"device_start": -1, "device_end": -1}}, "FFC_sans_bias1": {"write": {"device_start": 1585587252.8597443, "host_queued_start": 1585587318.25312, "device_queued": 1585587252.8596263, "device_end": 1585587252.8597748, "host_queued_end": 1585587318.294245}, "device": "gpu", "nd_range": {"device_start": 1585587252.8597775, "device_end": 1585587252.8607311}, "cmdq": 1, "read": {"device_start": -1, "device_end": -1}}, "FFC_sans_bias0": {"write": {"device_start": 1585587252.8596513, "host_queued_start": 1585587318.252073, "device_queued": 1585587252.8595662, "device_end": 1585587252.8597136, "host_queued_end": 1585587318.294245}, "device": "gpu", "nd_range": {"device_start": 1585587252.859721, "device_end": 1585587252.8603268}, "cmdq": 0, "read": {"device_start": -1, "device_end": -1}}, "FFC_sans_bias2": {"write": {"device_start": 1585587252.8604226, "host_queued_start": 1585587318.254152, "device_queued": 1585587252.859794, "device_end": 1585587252.860454, "host_queued_end": 1585587318.294245}, "device": "gpu", "nd_range": {"device_start": 1585587252.8604577, "device_end": 1585587252.8612964}, "cmdq": 0, "read": {"device_start": -1, "device_end": -1}}, "FFC_sans_bias61": {"write": {"device_start": 1585587252.882596, "host_queued_start": 1585587318.293085, "device_queued": 1585587252.8644469, "device_end": 1585587252.8826213, "host_queued_end": 1585587318.294245}, "device": "gpu", "nd_range": {"device_start": 1585587252.8826244, "device_end": 1585587252.8833845}, "cmdq": 0, "read": {"device_start": 1585587252.8833864, "device_end": 1585587252.883409}}, "FFC_sans_bias52": {"write": {"device_start": 1585587252.8820987, "host_queued_start": 1585587318.292009, "device_queued": 1585587252.8642147, "device_end": 1585587252.8821244, "host_queued_end": 1585587318.294245}, "device": "gpu", "nd_range": {"device_start": 1585587252.8821282, "device_end": 1585587252.8828866}, "cmdq": 1, "read": {"device_start": 1585587252.882891, "device_end": 1585587252.8829145}}, "FFC_sans_bias9": {"write": {"device_start": 1585587252.860901, "host_queued_start": 1585587318.255223, "device_queued": 1585587252.859848, "device_end": 1585587252.8609324, "host_queued_end": 1585587318.294245}, "device": "gpu", "nd_range": {"device_start": 1585587252.8609352, "device_end": 1585587252.8617215}, "cmdq": 1, "read": {"device_start": -1, "device_end": -1}}, "coalesced_transpose39": {"write": {"device_start": -1, "host_queued_start": 1585587318.277772, "device_queued": -1, "device_end": -1, "host_queued_end": 1585587318.294245}, "device": "gpu", "nd_range": {"device_start": 1585587252.8713412, "device_end": 1585587252.8713574}, "cmdq": 0, "read": {"device_start": -1, "device_end": -1}}, "FFC_sans_bias55": {"write": {"device_start": 1585587252.8691456, "host_queued_start": 1585587318.273118, "device_queued": 1585587252.8616245, "device_end": 1585587252.8691788, "host_queued_end": 1585587318.294245}, "device": "gpu", "nd_range": {"device_start": 1585587252.869183, "device_end": 1585587252.8699844}, "cmdq": 0, "read": {"device_start": -1, "device_end": -1}}, "FFC_sans_bias54": {"write": {"device_start": 1585587252.8686647, "host_queued_start": 1585587318.272095, "device_queued": 1585587252.8615024, "device_end": 1585587252.8686967, "host_queued_end": 1585587318.294245}, "device": "gpu", "nd_range": {"device_start": 1585587252.8687012, "device_end": 1585587252.869517}, "cmdq": 1, "read": {"device_start": -1, "device_end": -1}}, "FFC_sans_bias56": {"write": {"device_start": 1585587252.8681717, "host_queued_start": 1585587318.271067, "device_queued": 1585587252.8614683, "device_end": 1585587252.8682046, "host_queued_end": 1585587318.294245}, "device": "gpu", "nd_range": {"device_start": 1585587252.8682113, "device_end": 1585587252.869024}, "cmdq": 0, "read": {"device_start": -1, "device_end": -1}}, "FFC_sans_bias51": {"write": {"device_start": -1, "host_queued_start": 1585587318.285158, "device_queued": -1, "device_end": -1, "host_queued_end": 1585587318.294245}, "device": "gpu", "nd_range": {"device_start": 1585587252.8780165, "device_end": 1585587252.8790078}, "cmdq": 1, "read": {"device_start": -1, "device_end": -1}}, "softmax23": {"write": {"device_start": -1, "host_queued_start": 1585587318.281966, "device_queued": -1, "device_end": -1, "host_queued_end": 1585587318.294245}, "device": "gpu", "nd_range": {"device_start": 1585587252.87541, "device_end": 1585587252.8756156}, "cmdq": 0, "read": {"device_start": -1, "device_end": -1}}, "FFC_sans_bias37": {"write": {"device_start": 1585587252.8657842, "host_queued_start": 1585587318.2658, "device_queued": 1585587252.8608677, "device_end": 1585587252.8658164, "host_queued_end": 1585587318.294245}, "device": "gpu", "nd_range": {"device_start": 1585587252.865824, "device_end": 1585587252.8666186}, "cmdq": 1, "read": {"device_start": -1, "device_end": -1}}, "empty62": {"write": {"device_start": 1585587252.8594825, "host_queued_start": 1585587318.25026, "device_queued": 1585587252.8592727, "device_end": 1585587252.859548, "host_queued_end": 1585587318.294245}, "device": "gpu", "nd_range": {"device_start": 1585587252.859561, "device_end": 1585587252.8595653}, "cmdq": 0, "read": {"device_start": -1, "device_end": -1}}, "FFC_sans_bias70": {"write": {"device_start": 1585587252.8830662, "host_queued_start": 1585587318.294148, "device_queued": 1585587252.864509, "device_end": 1585587252.8830974, "host_queued_end": 1585587318.294245}, "device": "gpu", "nd_range": {"device_start": 1585587252.8831, "device_end": 1585587252.8838193}, "cmdq": 1, "read": {"device_start": 1585587252.8838217, "device_end": 1585587252.8838444}}, "FFC_sans_bias58": {"write": {"device_start": -1, "host_queued_start": 1585587318.280895, "device_queued": -1, "device_end": -1, "host_queued_end": 1585587318.294245}, "device": "gpu", "nd_range": {"device_start": 1585587252.8739564, "device_end": 1585587252.8748944}, "cmdq": 0, "read": {"device_start": -1, "device_end": -1}}, "softmax41": {"write": {"device_start": -1, "host_queued_start": 1585587318.282457, "device_queued": -1, "device_end": -1, "host_queued_end": 1585587318.294245}, "device": "gpu", "nd_range": {"device_start": 1585587252.8756173, "device_end": 1585587252.8758206}, "cmdq": 0, "read": {"device_start": -1, "device_end": -1}}, "FFC_sans_bias11": {"write": {"device_start": 1585587252.8618946, "host_queued_start": 1585587318.257469, "device_queued": 1585587252.8600357, "device_end": 1585587252.8619273, "host_queued_end": 1585587318.294245}, "device": "gpu", "nd_range": {"device_start": 1585587252.8619308, "device_end": 1585587252.8627152}, "cmdq": 1, "read": {"device_start": -1, "device_end": -1}}, "FFC_sans_bias10": {"write": {"device_start": 1585587252.8613884, "host_queued_start": 1585587318.256425, "device_queued": 1585587252.8599904, "device_end": 1585587252.861415, "host_queued_end": 1585587318.294245}, "device": "gpu", "nd_range": {"device_start": 1585587252.8614175, "device_end": 1585587252.8622503}, "cmdq": 0, "read": {"device_start": -1, "device_end": -1}}, "coalesced_transpose3": {"write": {"device_start": -1, "host_queued_start": 1585587318.276548, "device_queued": -1, "device_end": -1, "host_queued_end": 1585587318.294245}, "device": "gpu", "nd_range": {"device_start": 1585587252.8709745, "device_end": 1585587252.871304}, "cmdq": 0, "read": {"device_start": -1, "device_end": -1}}, "FFC_sans_bias34": {"write": {"device_start": 1585587252.8812046, "host_queued_start": 1585587318.289933, "device_queued": 1585587252.863961, "device_end": 1585587252.8812356, "host_queued_end": 1585587318.294245}, "device": "gpu", "nd_range": {"device_start": 1585587252.8812387, "device_end": 1585587252.8819072}, "cmdq": 1, "read": {"device_start": 1585587252.8819194, "device_end": 1585587252.881944}}, "FFC_sans_bias15": {"write": {"device_start": -1, "host_queued_start": 1585587318.283908, "device_queued": -1, "device_end": -1, "host_queued_end": 1585587318.294245}, "device": "gpu", "nd_range": {"device_start": 1585587252.8763056, "device_end": 1585587252.877031}, "cmdq": 1, "read": {"device_start": -1, "device_end": -1}}, "FFC_sans_bias31": {"write": {"device_start": -1, "host_queued_start": 1585587318.279957, "device_queued": -1, "device_end": -1, "host_queued_end": 1585587318.294245}, "device": "gpu", "nd_range": {"device_start": 1585587252.8724794, "device_end": 1585587252.873457}, "cmdq": 1, "read": {"device_start": -1, "device_end": -1}}, "FFC_sans_bias16": {"write": {"device_start": 1585587252.880118, "host_queued_start": 1585587318.287874, "device_queued": 1585587252.8636596, "device_end": 1585587252.8801491, "host_queued_end": 1585587318.294245}, "device": "gpu", "nd_range": {"device_start": 1585587252.8801541, "device_end": 1585587252.880983}, "cmdq": 1, "read": {"device_start": 1585587252.8809907, "device_end": 1585587252.8810165}}, "FFC_sans_bias19": {"write": {"device_start": 1585587252.8628287, "host_queued_start": 1585587318.259556, "device_queued": 1585587252.8602123, "device_end": 1585587252.8628542, "host_queued_end": 1585587318.294245}, "device": "gpu", "nd_range": {"device_start": 1585587252.8628583, "device_end": 1585587252.863695}, "cmdq": 1, "read": {"device_start": -1, "device_end": -1}}, "FFC_sans_bias18": {"write": {"device_start": 1585587252.8623402, "host_queued_start": 1585587318.258501, "device_queued": 1585587252.8601797, "device_end": 1585587252.8623722, "host_queued_end": 1585587318.294245}, "device": "gpu", "nd_range": {"device_start": 1585587252.8623762, "device_end": 1585587252.8632047}, "cmdq": 0, "read": {"device_start": -1, "device_end": -1}}, "coalesced_transpose30": {"write": {"device_start": -1, "host_queued_start": 1585587318.277468, "device_queued": -1, "device_end": -1, "host_queued_end": 1585587318.294245}, "device": "gpu", "nd_range": {"device_start": 1585587252.8718085, "device_end": 1585587252.8718283}, "cmdq": 1, "read": {"device_start": -1, "device_end": -1}}, "FFC_sans_bias69": {"write": {"device_start": -1, "host_queued_start": 1585587318.285789, "device_queued": -1, "device_end": -1, "host_queued_end": 1585587318.294245}, "device": "gpu", "nd_range": {"device_start": 1585587252.8790088, "device_end": 1585587252.8799973}, "cmdq": 1, "read": {"device_start": -1, "device_end": -1}}, "FFC_sans_bias38": {"write": {"device_start": 1585587252.866239, "host_queued_start": 1585587318.26689, "device_queued": 1585587252.8610482, "device_end": 1585587252.8662722, "host_queued_end": 1585587318.294245}, "device": "gpu", "nd_range": {"device_start": 1585587252.8662767, "device_end": 1585587252.8670847}, "cmdq": 0, "read": {"device_start": -1, "device_end": -1}}, "coalesced_transpose57": {"write": {"device_start": -1, "host_queued_start": 1585587318.278393, "device_queued": -1, "device_end": -1, "host_queued_end": 1585587318.294245}, "device": "gpu", "nd_range": {"device_start": 1585587252.8713593, "device_end": 1585587252.8713734}, "cmdq": 0, "read": {"device_start": -1, "device_end": -1}}, "empty26": {"write": {"device_start": 1585587252.8590074, "host_queued_start": 1585587318.247006, "device_queued": 1585587252.8588755, "device_end": 1585587252.859077, "host_queued_end": 1585587318.294245}, "device": "gpu", "nd_range": {"device_start": 1585587252.8590899, "device_end": 1585587252.8590953}, "cmdq": 0, "read": {"device_start": -1, "device_end": -1}}, "coalesced_transpose12": {"write": {"device_start": -1, "host_queued_start": 1585587318.276857, "device_queued": -1, "device_end": -1, "host_queued_end": 1585587318.294245}, "device": "gpu", "nd_range": {"device_start": 1585587252.8714354, "device_end": 1585587252.871803}, "cmdq": 1, "read": {"device_start": -1, "device_end": -1}}, "empty44": {"write": {"device_start": 1585587252.8592875, "host_queued_start": 1585587318.248626, "device_queued": 1585587252.8591888, "device_end": 1585587252.8593535, "host_queued_end": 1585587318.294245}, "device": "gpu", "nd_range": {"device_start": 1585587252.859368, "device_end": 1585587252.8593729}, "cmdq": 0, "read": {"device_start": -1, "device_end": -1}}, "coalesced_transpose21": {"write": {"device_start": -1, "host_queued_start": 1585587318.277159, "device_queued": -1, "device_end": -1, "host_queued_end": 1585587318.294245}, "device": "gpu", "nd_range": {"device_start": 1585587252.8713088, "device_end": 1585587252.8713324}, "cmdq": 0, "read": {"device_start": -1, "device_end": -1}}, "FFC_sans_bias36": {"write": {"device_start": 1585587252.8652694, "host_queued_start": 1585587318.264761, "device_queued": 1585587252.8608212, "device_end": 1585587252.865302, "host_queued_end": 1585587318.294245}, "device": "gpu", "nd_range": {"device_start": 1585587252.8653064, "device_end": 1585587252.866119}, "cmdq": 0, "read": {"device_start": -1, "device_end": -1}}, "softmax14": {"write": {"device_start": -1, "host_queued_start": 1585587318.281724, "device_queued": -1, "device_end": -1, "host_queued_end": 1585587318.294245}, "device": "gpu", "nd_range": {"device_start": 1585587252.8753457, "device_end": 1585587252.8755538}, "cmdq": 1, "read": {"device_start": -1, "device_end": -1}}, "FFC_sans_bias13": {"write": {"device_start": -1, "host_queued_start": 1585587318.27933, "device_queued": -1, "device_end": -1, "host_queued_end": 1585587318.294245}, "device": "gpu", "nd_range": {"device_start": 1585587252.8718753, "device_end": 1585587252.8724775}, "cmdq": 1, "read": {"device_start": -1, "device_end": -1}}, "empty8": {"write": {"device_start": 1585587252.8588023, "host_queued_start": 1585587318.244966, "device_queued": 1585587252.8586383, "device_end": 1585587252.8588421, "host_queued_end": 1585587318.294245}, "device": "gpu", "nd_range": {"device_start": 1585587252.8588505, "device_end": 1585587252.8588562}, "cmdq": 0, "read": {"device_start": -1, "device_end": -1}}, "FFC_sans_bias42": {"write": {"device_start": -1, "host_queued_start": 1585587318.284847, "device_queued": -1, "device_end": -1, "host_queued_end": 1585587318.294245}, "device": "gpu", "nd_range": {"device_start": 1585587252.8776143, "device_end": 1585587252.878572}, "cmdq": 0, "read": {"device_start": -1, "device_end": -1}}, "FFC_sans_bias43": {"write": {"device_start": 1585587252.8816564, "host_queued_start": 1585587318.290976, "device_queued": 1585587252.8641536, "device_end": 1585587252.881682, "host_queued_end": 1585587318.294245}, "device": "gpu", "nd_range": {"device_start": 1585587252.881685, "device_end": 1585587252.8824155}, "cmdq": 0, "read": {"device_start": 1585587252.8824255, "device_end": 1585587252.8824484}}, "FFC_sans_bias40": {"write": {"device_start": -1, "host_queued_start": 1585587318.280265, "device_queued": -1, "device_end": -1, "host_queued_end": 1585587318.294245}, "device": "gpu", "nd_range": {"device_start": 1585587252.8729703, "device_end": 1585587252.8739548}, "cmdq": 0, "read": {"device_start": -1, "device_end": -1}}, "softmax32": {"write": {"device_start": -1, "host_queued_start": 1585587318.28221, "device_queued": -1, "device_end": -1, "host_queued_end": 1585587318.294245}, "device": "gpu", "nd_range": {"device_start": 1585587252.8755555, "device_end": 1585587252.8757596}, "cmdq": 1, "read": {"device_start": -1, "device_end": -1}}, "FFC_sans_bias47": {"write": {"device_start": 1585587252.86766, "host_queued_start": 1585587318.270024, "device_queued": 1585587252.8612955, "device_end": 1585587252.8676925, "host_queued_end": 1585587318.294245}, "device": "gpu", "nd_range": {"device_start": 1585587252.867697, "device_end": 1585587252.8685417}, "cmdq": 1, "read": {"device_start": -1, "device_end": -1}}, "FFC_sans_bias45": {"write": {"device_start": 1585587252.8667345, "host_queued_start": 1585587318.26792, "device_queued": 1585587252.8611012, "device_end": 1585587252.866762, "host_queued_end": 1585587318.294245}, "device": "gpu", "nd_range": {"device_start": 1585587252.8667676, "device_end": 1585587252.8675613}, "cmdq": 1, "read": {"device_start": -1, "device_end": -1}}, "softmax50": {"write": {"device_start": -1, "host_queued_start": 1585587318.282716, "device_queued": -1, "device_end": -1, "host_queued_end": 1585587318.294245}, "device": "gpu", "nd_range": {"device_start": 1585587252.8757613, "device_end": 1585587252.875966}, "cmdq": 1, "read": {"device_start": -1, "device_end": -1}}, "FFC_sans_bias33": {"write": {"device_start": -1, "host_queued_start": 1585587318.284536, "device_queued": -1, "device_end": -1, "host_queued_end": 1585587318.294245}, "device": "gpu", "nd_range": {"device_start": 1585587252.877032, "device_end": 1585587252.878015}, "cmdq": 1, "read": {"device_start": -1, "device_end": -1}}, "FFC_sans_bias63": {"write": {"device_start": 1585587252.8706028, "host_queued_start": 1585587318.276221, "device_queued": 1585587252.8618662, "device_end": 1585587252.870635, "host_queued_end": 1585587318.294245}, "device": "gpu", "nd_range": {"device_start": 1585587252.870641, "device_end": 1585587252.8714333}, "cmdq": 1, "read": {"device_start": -1, "device_end": -1}}, "FFC_sans_bias49": {"write": {"device_start": -1, "host_queued_start": 1585587318.280577, "device_queued": -1, "device_end": -1, "host_queued_end": 1585587318.294245}, "device": "gpu", "nd_range": {"device_start": 1585587252.8734586, "device_end": 1585587252.8744237}, "cmdq": 1, "read": {"device_start": -1, "device_end": -1}}, "FFC_sans_bias64": {"write": {"device_start": 1585587252.8696399, "host_queued_start": 1585587318.274151, "device_queued": 1585587252.861658, "device_end": 1585587252.8696651, "host_queued_end": 1585587318.294245}, "device": "gpu", "nd_range": {"device_start": 1585587252.8696718, "device_end": 1585587252.870482}, "cmdq": 1, "read": {"device_start": -1, "device_end": -1}}, "FFC_sans_bias65": {"write": {"device_start": 1585587252.8700922, "host_queued_start": 1585587318.275196, "device_queued": 1585587252.8618064, "device_end": 1585587252.8701193, "host_queued_end": 1585587318.294245}, "device": "gpu", "nd_range": {"device_start": 1585587252.8701231, "device_end": 1585587252.8709726}, "cmdq": 0, "read": {"device_start": -1, "device_end": -1}}, "FFC_sans_bias67": {"write": {"device_start": -1, "host_queued_start": 1585587318.281225, "device_queued": -1, "device_end": -1, "host_queued_end": 1585587318.294245}, "device": "gpu", "nd_range": {"device_start": 1585587252.8744254, "device_end": 1585587252.8753443}, "cmdq": 1, "read": {"device_start": -1, "device_end": -1}}, "FFC_sans_bias24": {"write": {"device_start": -1, "host_queued_start": 1585587318.28422, "device_queued": -1, "device_end": -1, "host_queued_end": 1585587318.294245}, "device": "gpu", "nd_range": {"device_start": 1585587252.876631, "device_end": 1585587252.8776126}, "cmdq": 0, "read": {"device_start": -1, "device_end": -1}}, "FFC_sans_bias25": {"write": {"device_start": 1585587252.8807015, "host_queued_start": 1585587318.288902, "device_queued": 1585587252.8639057, "device_end": 1585587252.880733, "host_queued_end": 1585587318.294245}, "device": "gpu", "nd_range": {"device_start": 1585587252.8807359, "device_end": 1585587252.881439}, "cmdq": 0, "read": {"device_start": 1585587252.8814468, "device_end": 1585587252.8814712}}, "FFC_sans_bias27": {"write": {"device_start": 1585587252.8637917, "host_queued_start": 1585587318.261637, "device_queued": 1585587252.860401, "device_end": 1585587252.863823, "host_queued_end": 1585587318.294245}, "device": "gpu", "nd_range": {"device_start": 1585587252.8638284, "device_end": 1585587252.8647037}, "cmdq": 1, "read": {"device_start": -1, "device_end": -1}}, "FFC_sans_bias20": {"write": {"device_start": 1585587252.8633122, "host_queued_start": 1585587318.260599, "device_queued": 1585587252.8603413, "device_end": 1585587252.8633375, "host_queued_end": 1585587318.294245}, "device": "gpu", "nd_range": {"device_start": 1585587252.8633416, "device_end": 1585587252.8641753}, "cmdq": 0, "read": {"device_start": -1, "device_end": -1}}, "FFC_sans_bias22": {"write": {"device_start": -1, "host_queued_start": 1585587318.279646, "device_queued": -1, "device_end": -1, "host_queued_end": 1585587318.294245}, "device": "gpu", "nd_range": {"device_start": 1585587252.8719826, "device_end": 1585587252.872969}, "cmdq": 0, "read": {"device_start": -1, "device_end": -1}}, "softmax68": {"write": {"device_start": -1, "host_queued_start": 1585587318.283201, "device_queued": -1, "device_end": -1, "host_queued_end": 1585587318.294245}, "device": "gpu", "nd_range": {"device_start": 1585587252.8759673, "device_end": 1585587252.8763041}, "cmdq": 1, "read": {"device_start": -1, "device_end": -1}}, "softmax5": {"write": {"device_start": -1, "host_queued_start": 1585587318.281476, "device_queued": -1, "device_end": -1, "host_queued_end": 1585587318.294245}, "device": "gpu", "nd_range": {"device_start": 1585587252.874896, "device_end": 1585587252.875409}, "cmdq": 0, "read": {"device_start": -1, "device_end": -1}}, "FFC_sans_bias28": {"write": {"device_start": 1585587252.8642678, "host_queued_start": 1585587318.262693, "device_queued": 1585587252.8605938, "device_end": 1585587252.8642948, "host_queued_end": 1585587318.294245}, "device": "gpu", "nd_range": {"device_start": 1585587252.8643064, "device_end": 1585587252.865144}, "cmdq": 0, "read": {"device_start": -1, "device_end": -1}}, "FFC_sans_bias29": {"write": {"device_start": 1585587252.8648207, "host_queued_start": 1585587318.263725, "device_queued": 1585587252.8606358, "device_end": 1585587252.8648527, "host_queued_end": 1585587318.294245}, "device": "gpu", "nd_range": {"device_start": 1585587252.8648596, "device_end": 1585587252.8656723}, "cmdq": 1, "read": {"device_start": -1, "device_end": -1}}, "empty17": {"write": {"device_start": 1585587252.8589137, "host_queued_start": 1585587318.246089, "device_queued": 1585587252.8588092, "device_end": 1585587252.8589792, "host_queued_end": 1585587318.294245}, "device": "gpu", "nd_range": {"device_start": 1585587252.8589892, "device_end": 1585587252.858993}, "cmdq": 1, "read": {"device_start": -1, "device_end": -1}}, "softmax59": {"write": {"device_start": -1, "host_queued_start": 1585587318.282956, "device_queued": -1, "device_end": -1, "host_queued_end": 1585587318.294245}, "device": "gpu", "nd_range": {"device_start": 1585587252.8758218, "device_end": 1585587252.8760233}, "cmdq": 0, "read": {"device_start": -1, "device_end": -1}}, "empty71": {"write": {"device_start": 1585587252.859567, "host_queued_start": 1585587318.251098, "device_queued": 1585587252.8593097, "device_end": 1585587252.8596215, "host_queued_end": 1585587318.294245}, "device": "gpu", "nd_range": {"device_start": 1585587252.8596277, "device_end": 1585587252.859632}, "cmdq": 1, "read": {"device_start": -1, "device_end": -1}}, "empty35": {"write": {"device_start": 1585587252.859105, "host_queued_start": 1585587318.247818, "device_queued": 1585587252.858903, "device_end": 1585587252.8591313, "host_queued_end": 1585587318.294245}, "device": "gpu", "nd_range": {"device_start": 1585587252.8591464, "device_end": 1585587252.8591497}, "cmdq": 1, "read": {"device_start": -1, "device_end": -1}}, "empty53": {"write": {"device_start": 1585587252.8593817, "host_queued_start": 1585587318.249446, "device_queued": 1585587252.85924, "device_end": 1585587252.8594327, "host_queued_end": 1585587318.294245}, "device": "gpu", "nd_range": {"device_start": 1585587252.8594363, "device_end": 1585587252.8594408}, "cmdq": 1, "read": {"device_start": -1, "device_end": -1}}, "FFC_sans_bias46": {"write": {"device_start": 1585587252.8671956, "host_queued_start": 1585587318.268965, "device_queued": 1585587252.8612425, "device_end": 1585587252.8672218, "host_queued_end": 1585587318.294245}, "device": "gpu", "nd_range": {"device_start": 1585587252.867226, "device_end": 1585587252.8680506}, "cmdq": 0, "read": {"device_start": -1, "device_end": -1}}, "coalesced_transpose66": {"write": {"device_start": -1, "host_queued_start": 1585587318.278693, "device_queued": -1, "device_end": -1, "host_queued_end": 1585587318.294245}, "device": "gpu", "nd_range": {"device_start": 1585587252.8718572, "device_end": 1585587252.8718734}, "cmdq": 1, "read": {"device_start": -1, "device_end": -1}}, "coalesced_transpose48": {"write": {"device_start": -1, "host_queued_start": 1585587318.278093, "device_queued": -1, "device_end": -1, "host_queued_end": 1585587318.294245}, "device": "gpu", "nd_range": {"device_start": 1585587252.8718376, "device_end": 1585587252.8718555}, "cmdq": 1, "read": {"device_start": -1, "device_end": -1}}}