{"FFC_sans_bias60": {"write": {"device_start": -1, "host_queued_start": 1585587415.742922, "device_queued": -1, "device_end": -1, "host_queued_end": 1585587415.751315}, "device": "cpu", "nd_range": {"device_start": 2255190.117183771, "device_end": 2255190.1278600493}, "cmdq": 2, "read": {"device_start": -1, "device_end": -1}}, "FFC_sans_bias4": {"write": {"device_start": -1, "host_queued_start": 1585587415.73564, "device_queued": -1, "device_end": -1, "host_queued_end": 1585587415.751315}, "device": "cpu", "nd_range": {"device_start": 2255190.070908451, "device_end": 2255190.095682992}, "cmdq": 0, "read": {"device_start": -1, "device_end": -1}}, "FFC_sans_bias7": {"write": {"device_start": -1, "host_queued_start": 1585587415.744317, "device_queued": -1, "device_end": -1, "host_queued_end": 1585587415.751315}, "device": "cpu", "nd_range": {"device_start": 2255190.1516354503, "device_end": 2255190.156024094}, "cmdq": 0, "read": {"device_start": -1, "device_end": -1}}, "FFC_sans_bias6": {"write": {"device_start": -1, "host_queued_start": 1585587415.740754, "device_queued": -1, "device_end": -1, "host_queued_end": 1585587415.751315}, "device": "cpu", "nd_range": {"device_start": 2255190.119414199, "device_end": 2255190.137688808}, "cmdq": 0, "read": {"device_start": -1, "device_end": -1}}, "FFC_sans_bias1": {"write": {"device_start": -1, "host_queued_start": 1585587415.709125, "device_queued": -1, "device_end": -1, "host_queued_end": 1585587415.751315}, "device": "cpu", "nd_range": {"device_start": 2255189.9410422114, "device_end": 2255189.956617191}, "cmdq": 1, "read": {"device_start": -1, "device_end": -1}}, "FFC_sans_bias0": {"write": {"device_start": -1, "host_queued_start": 1585587415.708079, "device_queued": -1, "device_end": -1, "host_queued_end": 1585587415.751315}, "device": "cpu", "nd_range": {"device_start": 2255189.941001741, "device_end": 2255189.956646469}, "cmdq": 0, "read": {"device_start": -1, "device_end": -1}}, "FFC_sans_bias2": {"write": {"device_start": -1, "host_queued_start": 1585587415.71018, "device_queued": -1, "device_end": -1, "host_queued_end": 1585587415.751315}, "device": "cpu", "nd_range": {"device_start": 2255189.941001976, "device_end": 2255189.9573863}, "cmdq": 2, "read": {"device_start": -1, "device_end": -1}}, "FFC_sans_bias61": {"write": {"device_start": -1, "host_queued_start": 1585587415.750272, "device_queued": -1, "device_end": -1, "host_queued_end": 1585587415.751315}, "device": "cpu", "nd_range": {"device_start": 2255190.140801153, "device_end": 2255190.1479000933}, "cmdq": 2, "read": {"device_start": -1, "device_end": -1}}, "FFC_sans_bias52": {"write": {"device_start": -1, "host_queued_start": 1585587415.74928, "device_queued": -1, "device_end": -1, "host_queued_end": 1585587415.751315}, "device": "cpu", "nd_range": {"device_start": 2255190.126153048, "device_end": 2255190.139100588}, "cmdq": 1, "read": {"device_start": -1, "device_end": -1}}, "FFC_sans_bias9": {"write": {"device_start": -1, "host_queued_start": 1585587415.711426, "device_queued": -1, "device_end": -1, "host_queued_end": 1585587415.751315}, "device": "cpu", "nd_range": {"device_start": 2255189.941814525, "device_end": 2255189.957124085}, "cmdq": 3, "read": {"device_start": -1, "device_end": -1}}, "coalesced_transpose39": {"write": {"device_start": -1, "host_queued_start": 1585587415.734277, "device_queued": -1, "device_end": -1, "host_queued_end": 1585587415.751315}, "device": "cpu", "nd_range": {"device_start": 2255190.0706429724, "device_end": 2255190.070900956}, "cmdq": 0, "read": {"device_start": -1, "device_end": -1}}, "FFC_sans_bias55": {"write": {"device_start": -1, "host_queued_start": 1585587415.729419, "device_queued": -1, "device_end": -1, "host_queued_end": 1585587415.751315}, "device": "cpu", "nd_range": {"device_start": 2255190.054568856, "device_end": 2255190.062473007}, "cmdq": 0, "read": {"device_start": -1, "device_end": -1}}, "FFC_sans_bias54": {"write": {"device_start": -1, "host_queued_start": 1585587415.72837, "device_queued": -1, "device_end": -1, "host_queued_end": 1585587415.751315}, "device": "cpu", "nd_range": {"device_start": 2255190.003234427, "device_end": 2255190.0184898362}, "cmdq": 3, "read": {"device_start": -1, "device_end": -1}}, "FFC_sans_bias56": {"write": {"device_start": -1, "host_queued_start": 1585587415.727327, "device_queued": -1, "device_end": -1, "host_queued_end": 1585587415.751315}, "device": "cpu", "nd_range": {"device_start": 2255190.004988723, "device_end": 2255190.02116543}, "cmdq": 2, "read": {"device_start": -1, "device_end": -1}}, "FFC_sans_bias51": {"write": {"device_start": -1, "host_queued_start": 1585587415.742576, "device_queued": -1, "device_end": -1, "host_queued_end": 1585587415.751315}, "device": "cpu", "nd_range": {"device_start": 2255190.1027911413, "device_end": 2255190.115433048}, "cmdq": 1, "read": {"device_start": -1, "device_end": -1}}, "softmax23": {"write": {"device_start": -1, "host_queued_start": 1585587415.739007, "device_queued": -1, "device_end": -1, "host_queued_end": 1585587415.751315}, "device": "cpu", "nd_range": {"device_start": 2255190.100562889, "device_end": 2255190.1007757713}, "cmdq": 2, "read": {"device_start": -1, "device_end": -1}}, "FFC_sans_bias37": {"write": {"device_start": -1, "host_queued_start": 1585587415.722013, "device_queued": -1, "device_end": -1, "host_queued_end": 1585587415.751315}, "device": "cpu", "nd_range": {"device_start": 2255189.987386473, "device_end": 2255190.002547957}, "cmdq": 1, "read": {"device_start": -1, "device_end": -1}}, "empty62": {"write": {"device_start": -1, "host_queued_start": 1585587415.70625, "device_queued": -1, "device_end": -1, "host_queued_end": 1585587415.751315}, "device": "cpu", "nd_range": {"device_start": 2255189.9409943772, "device_end": 2255189.940995667}, "cmdq": 2, "read": {"device_start": -1, "device_end": -1}}, "FFC_sans_bias70": {"write": {"device_start": -1, "host_queued_start": 1585587415.75127, "device_queued": -1, "device_end": -1, "host_queued_end": 1585587415.751315}, "device": "cpu", "nd_range": {"device_start": 2255190.0855779033, "device_end": 2255190.1008388894}, "cmdq": 3, "read": {"device_start": -1, "device_end": -1}}, "FFC_sans_bias58": {"write": {"device_start": -1, "host_queued_start": 1585587415.737815, "device_queued": -1, "device_end": -1, "host_queued_end": 1585587415.751315}, "device": "cpu", "nd_range": {"device_start": 2255190.084671804, "device_end": 2255190.100445291}, "cmdq": 2, "read": {"device_start": -1, "device_end": -1}}, "softmax41": {"write": {"device_start": -1, "host_queued_start": 1585587415.739563, "device_queued": -1, "device_end": -1, "host_queued_end": 1585587415.751315}, "device": "cpu", "nd_range": {"device_start": 2255190.118083424, "device_end": 2255190.119408988}, "cmdq": 0, "read": {"device_start": -1, "device_end": -1}}, "FFC_sans_bias11": {"write": {"device_start": -1, "host_queued_start": 1585587415.713531, "device_queued": -1, "device_end": -1, "host_queued_end": 1585587415.751315}, "device": "cpu", "nd_range": {"device_start": 2255189.9566720203, "device_end": 2255189.9719293662}, "cmdq": 1, "read": {"device_start": -1, "device_end": -1}}, "FFC_sans_bias10": {"write": {"device_start": -1, "host_queued_start": 1585587415.712476, "device_queued": -1, "device_end": -1, "host_queued_end": 1585587415.751315}, "device": "cpu", "nd_range": {"device_start": 2255189.960349604, "device_end": 2255189.983349474}, "cmdq": 0, "read": {"device_start": -1, "device_end": -1}}, "coalesced_transpose3": {"write": {"device_start": -1, "host_queued_start": 1585587415.732936, "device_queued": -1, "device_end": -1, "host_queued_end": 1585587415.751315}, "device": "cpu", "nd_range": {"device_start": 2255190.06248244, "device_end": 2255190.07062753}, "cmdq": 0, "read": {"device_start": -1, "device_end": -1}}, "FFC_sans_bias34": {"write": {"device_start": -1, "host_queued_start": 1585587415.747293, "device_queued": -1, "device_end": -1, "host_queued_end": 1585587415.751315}, "device": "cpu", "nd_range": {"device_start": 2255190.0702688163, "device_end": 2255190.085572529}, "cmdq": 3, "read": {"device_start": -1, "device_end": -1}}, "FFC_sans_bias15": {"write": {"device_start": -1, "host_queued_start": 1585587415.741118, "device_queued": -1, "device_end": -1, "host_queued_end": 1585587415.751315}, "device": "cpu", "nd_range": {"device_start": 2255190.0870085172, "device_end": 2255190.102781378}, "cmdq": 1, "read": {"device_start": -1, "device_end": -1}}, "FFC_sans_bias31": {"write": {"device_start": -1, "host_queued_start": 1585587415.736682, "device_queued": -1, "device_end": -1, "host_queued_end": 1585587415.751315}, "device": "cpu", "nd_range": {"device_start": 2255190.0346884793, "device_end": 2255190.042580663}, "cmdq": 3, "read": {"device_start": -1, "device_end": -1}}, "FFC_sans_bias16": {"write": {"device_start": -1, "host_queued_start": 1585587415.745308, "device_queued": -1, "device_end": -1, "host_queued_end": 1585587415.751315}, "device": "cpu", "nd_range": {"device_start": 2255190.117080312, "device_end": 2255190.126146982}, "cmdq": 1, "read": {"device_start": -1, "device_end": -1}}, "FFC_sans_bias19": {"write": {"device_start": -1, "host_queued_start": 1585587415.715652, "device_queued": -1, "device_end": -1, "host_queued_end": 1585587415.751315}, "device": "cpu", "nd_range": {"device_start": 2255189.957246383, "device_end": 2255189.972485552}, "cmdq": 3, "read": {"device_start": -1, "device_end": -1}}, "FFC_sans_bias18": {"write": {"device_start": -1, "host_queued_start": 1585587415.714597, "device_queued": -1, "device_end": -1, "host_queued_end": 1585587415.751315}, "device": "cpu", "nd_range": {"device_start": 2255189.957517689, "device_end": 2255189.973497169}, "cmdq": 2, "read": {"device_start": -1, "device_end": -1}}, "coalesced_transpose30": {"write": {"device_start": -1, "host_queued_start": 1585587415.733944, "device_queued": -1, "device_end": -1, "host_queued_end": 1585587415.751315}, "device": "cpu", "nd_range": {"device_start": 2255190.033987796, "device_end": 2255190.034233891}, "cmdq": 3, "read": {"device_start": -1, "device_end": -1}}, "FFC_sans_bias69": {"write": {"device_start": -1, "host_queued_start": 1585587415.743269, "device_queued": -1, "device_end": -1, "host_queued_end": 1585587415.751315}, "device": "cpu", "nd_range": {"device_start": 2255190.05899561, "device_end": 2255190.070254934}, "cmdq": 3, "read": {"device_start": -1, "device_end": -1}}, "FFC_sans_bias38": {"write": {"device_start": -1, "host_queued_start": 1585587415.723095, "device_queued": -1, "device_end": -1, "host_queued_end": 1585587415.751315}, "device": "cpu", "nd_range": {"device_start": 2255189.9895584183, "device_end": 2255190.0048625693}, "cmdq": 2, "read": {"device_start": -1, "device_end": -1}}, "coalesced_transpose57": {"write": {"device_start": -1, "host_queued_start": 1585587415.734957, "device_queued": -1, "device_end": -1, "host_queued_end": 1585587415.751315}, "device": "cpu", "nd_range": {"device_start": 2255190.0683337273, "device_end": 2255190.0690529733}, "cmdq": 2, "read": {"device_start": -1, "device_end": -1}}, "empty26": {"write": {"device_start": -1, "host_queued_start": 1585587415.702964, "device_queued": -1, "device_end": -1, "host_queued_end": 1585587415.751315}, "device": "cpu", "nd_range": {"device_start": 2255189.940963331, "device_end": 2255189.940970614}, "cmdq": 2, "read": {"device_start": -1, "device_end": -1}}, "coalesced_transpose12": {"write": {"device_start": -1, "host_queued_start": 1585587415.733273, "device_queued": -1, "device_end": -1, "host_queued_end": 1585587415.751315}, "device": "cpu", "nd_range": {"device_start": 2255190.033357163, "device_end": 2255190.033607648}, "cmdq": 1, "read": {"device_start": -1, "device_end": -1}}, "empty44": {"write": {"device_start": -1, "host_queued_start": 1585587415.704642, "device_queued": -1, "device_end": -1, "host_queued_end": 1585587415.751315}, "device": "cpu", "nd_range": {"device_start": 2255189.940994293, "device_end": 2255189.94099533}, "cmdq": 0, "read": {"device_start": -1, "device_end": -1}}, "coalesced_transpose21": {"write": {"device_start": -1, "host_queued_start": 1585587415.733606, "device_queued": -1, "device_end": -1, "host_queued_end": 1585587415.751315}, "device": "cpu", "nd_range": {"device_start": 2255190.037415096, "device_end": 2255190.037666682}, "cmdq": 2, "read": {"device_start": -1, "device_end": -1}}, "FFC_sans_bias36": {"write": {"device_start": -1, "host_queued_start": 1585587415.720962, "device_queued": -1, "device_end": -1, "host_queued_end": 1585587415.751315}, "device": "cpu", "nd_range": {"device_start": 2255190.021943319, "device_end": 2255190.039460205}, "cmdq": 0, "read": {"device_start": -1, "device_end": -1}}, "softmax14": {"write": {"device_start": -1, "host_queued_start": 1585587415.73873, "device_queued": -1, "device_end": -1, "host_queued_end": 1585587415.751315}, "device": "cpu", "nd_range": {"device_start": 2255190.0865642224, "device_end": 2255190.0867927982}, "cmdq": 1, "read": {"device_start": -1, "device_end": -1}}, "FFC_sans_bias13": {"write": {"device_start": -1, "host_queued_start": 1585587415.735987, "device_queued": -1, "device_end": -1, "host_queued_end": 1585587415.751315}, "device": "cpu", "nd_range": {"device_start": 2255190.055562466, "device_end": 2255190.068803849}, "cmdq": 1, "read": {"device_start": -1, "device_end": -1}}, "empty8": {"write": {"device_start": -1, "host_queued_start": 1585587415.701055, "device_queued": -1, "device_end": -1, "host_queued_end": 1585587415.751315}, "device": "cpu", "nd_range": {"device_start": 2255189.9409569013, "device_end": 2255189.940970603}, "cmdq": 0, "read": {"device_start": -1, "device_end": -1}}, "FFC_sans_bias42": {"write": {"device_start": -1, "host_queued_start": 1585587415.742224, "device_queued": -1, "device_end": -1, "host_queued_end": 1585587415.751315}, "device": "cpu", "nd_range": {"device_start": 2255190.1376959253, "device_end": 2255190.1516299513}, "cmdq": 0, "read": {"device_start": -1, "device_end": -1}}, "FFC_sans_bias43": {"write": {"device_start": -1, "host_queued_start": 1585587415.748286, "device_queued": -1, "device_end": -1, "host_queued_end": 1585587415.751315}, "device": "cpu", "nd_range": {"device_start": 2255190.1560280654, "device_end": 2255190.1598900673}, "cmdq": 0, "read": {"device_start": -1, "device_end": -1}}, "FFC_sans_bias40": {"write": {"device_start": -1, "host_queued_start": 1585587415.737033, "device_queued": -1, "device_end": -1, "host_queued_end": 1585587415.751315}, "device": "cpu", "nd_range": {"device_start": 2255190.095691644, "device_end": 2255190.109708921}, "cmdq": 0, "read": {"device_start": -1, "device_end": -1}}, "softmax32": {"write": {"device_start": -1, "host_queued_start": 1585587415.739284, "device_queued": -1, "device_end": -1, "host_queued_end": 1585587415.751315}, "device": "cpu", "nd_range": {"device_start": 2255190.05083482, "device_end": 2255190.050998793}, "cmdq": 3, "read": {"device_start": -1, "device_end": -1}}, "FFC_sans_bias47": {"write": {"device_start": -1, "host_queued_start": 1585587415.726253, "device_queued": -1, "device_end": -1, "host_queued_end": 1585587415.751315}, "device": "cpu", "nd_range": {"device_start": 2255190.002680208, "device_end": 2255190.017854758}, "cmdq": 1, "read": {"device_start": -1, "device_end": -1}}, "FFC_sans_bias45": {"write": {"device_start": -1, "host_queued_start": 1585587415.724145, "device_queued": -1, "device_end": -1, "host_queued_end": 1585587415.751315}, "device": "cpu", "nd_range": {"device_start": 2255189.987903222, "device_end": 2255190.003113593}, "cmdq": 3, "read": {"device_start": -1, "device_end": -1}}, "softmax50": {"write": {"device_start": -1, "host_queued_start": 1585587415.739838, "device_queued": -1, "device_end": -1, "host_queued_end": 1585587415.751315}, "device": "cpu", "nd_range": {"device_start": 2255190.0867988593, "device_end": 2255190.087002837}, "cmdq": 1, "read": {"device_start": -1, "device_end": -1}}, "FFC_sans_bias33": {"write": {"device_start": -1, "host_queued_start": 1585587415.741873, "device_queued": -1, "device_end": -1, "host_queued_end": 1585587415.751315}, "device": "cpu", "nd_range": {"device_start": 2255190.051237094, "device_end": 2255190.058876641}, "cmdq": 3, "read": {"device_start": -1, "device_end": -1}}, "FFC_sans_bias63": {"write": {"device_start": -1, "host_queued_start": 1585587415.732596, "device_queued": -1, "device_end": -1, "host_queued_end": 1585587415.751315}, "device": "cpu", "nd_range": {"device_start": 2255190.018602528, "device_end": 2255190.0338734263}, "cmdq": 3, "read": {"device_start": -1, "device_end": -1}}, "FFC_sans_bias49": {"write": {"device_start": -1, "host_queued_start": 1585587415.737463, "device_queued": -1, "device_end": -1, "host_queued_end": 1585587415.751315}, "device": "cpu", "nd_range": {"device_start": 2255190.0689175953, "device_end": 2255190.086552367}, "cmdq": 1, "read": {"device_start": -1, "device_end": -1}}, "FFC_sans_bias64": {"write": {"device_start": -1, "host_queued_start": 1585587415.730469, "device_queued": -1, "device_end": -1, "host_queued_end": 1585587415.751315}, "device": "cpu", "nd_range": {"device_start": 2255190.017977639, "device_end": 2255190.033229779}, "cmdq": 1, "read": {"device_start": -1, "device_end": -1}}, "FFC_sans_bias65": {"write": {"device_start": -1, "host_queued_start": 1585587415.73155, "device_queued": -1, "device_end": -1, "host_queued_end": 1585587415.751315}, "device": "cpu", "nd_range": {"device_start": 2255190.021287625, "device_end": 2255190.037292499}, "cmdq": 2, "read": {"device_start": -1, "device_end": -1}}, "FFC_sans_bias67": {"write": {"device_start": -1, "host_queued_start": 1585587415.73816, "device_queued": -1, "device_end": -1, "host_queued_end": 1585587415.751315}, "device": "cpu", "nd_range": {"device_start": 2255190.042696005, "device_end": 2255190.050828171}, "cmdq": 3, "read": {"device_start": -1, "device_end": -1}}, "FFC_sans_bias24": {"write": {"device_start": -1, "host_queued_start": 1585587415.741487, "device_queued": -1, "device_end": -1, "host_queued_end": 1585587415.751315}, "device": "cpu", "nd_range": {"device_start": 2255190.1010967293, "device_end": 2255190.113768725}, "cmdq": 2, "read": {"device_start": -1, "device_end": -1}}, "FFC_sans_bias25": {"write": {"device_start": -1, "host_queued_start": 1585587415.746295, "device_queued": -1, "device_end": -1, "host_queued_end": 1585587415.751315}, "device": "cpu", "nd_range": {"device_start": 2255190.127983245, "device_end": 2255190.140797229}, "cmdq": 2, "read": {"device_start": -1, "device_end": -1}}, "FFC_sans_bias27": {"write": {"device_start": -1, "host_queued_start": 1585587415.717758, "device_queued": -1, "device_end": -1, "host_queued_end": 1585587415.751315}, "device": "cpu", "nd_range": {"device_start": 2255189.9720709063, "device_end": 2255189.987265645}, "cmdq": 1, "read": {"device_start": -1, "device_end": -1}}, "FFC_sans_bias20": {"write": {"device_start": -1, "host_queued_start": 1585587415.716707, "device_queued": -1, "device_end": -1, "host_queued_end": 1585587415.751315}, "device": "cpu", "nd_range": {"device_start": 2255189.991170829, "device_end": 2255190.015324571}, "cmdq": 0, "read": {"device_start": -1, "device_end": -1}}, "FFC_sans_bias22": {"write": {"device_start": -1, "host_queued_start": 1585587415.736334, "device_queued": -1, "device_end": -1, "host_queued_end": 1585587415.751315}, "device": "cpu", "nd_range": {"device_start": 2255190.069071915, "device_end": 2255190.08451682}, "cmdq": 2, "read": {"device_start": -1, "device_end": -1}}, "softmax68": {"write": {"device_start": -1, "host_queued_start": 1585587415.740407, "device_queued": -1, "device_end": -1, "host_queued_end": 1585587415.751315}, "device": "cpu", "nd_range": {"device_start": 2255190.0511219753, "device_end": 2255190.05123043}, "cmdq": 3, "read": {"device_start": -1, "device_end": -1}}, "softmax5": {"write": {"device_start": -1, "host_queued_start": 1585587415.738446, "device_queued": -1, "device_end": -1, "host_queued_end": 1585587415.751315}, "device": "cpu", "nd_range": {"device_start": 2255190.1097158953, "device_end": 2255190.118074148}, "cmdq": 0, "read": {"device_start": -1, "device_end": -1}}, "FFC_sans_bias28": {"write": {"device_start": -1, "host_queued_start": 1585587415.718847, "device_queued": -1, "device_end": -1, "host_queued_end": 1585587415.751315}, "device": "cpu", "nd_range": {"device_start": 2255189.973619093, "device_end": 2255189.9894385533}, "cmdq": 2, "read": {"device_start": -1, "device_end": -1}}, "FFC_sans_bias29": {"write": {"device_start": -1, "host_queued_start": 1585587415.719908, "device_queued": -1, "device_end": -1, "host_queued_end": 1585587415.751315}, "device": "cpu", "nd_range": {"device_start": 2255189.972603674, "device_end": 2255189.987788848}, "cmdq": 3, "read": {"device_start": -1, "device_end": -1}}, "empty17": {"write": {"device_start": -1, "host_queued_start": 1585587415.702092, "device_queued": -1, "device_end": -1, "host_queued_end": 1585587415.751315}, "device": "cpu", "nd_range": {"device_start": 2255189.941013887, "device_end": 2255189.941019263}, "cmdq": 1, "read": {"device_start": -1, "device_end": -1}}, "softmax59": {"write": {"device_start": -1, "host_queued_start": 1585587415.740115, "device_queued": -1, "device_end": -1, "host_queued_end": 1585587415.751315}, "device": "cpu", "nd_range": {"device_start": 2255190.100887731, "device_end": 2255190.10109019}, "cmdq": 2, "read": {"device_start": -1, "device_end": -1}}, "empty71": {"write": {"device_start": -1, "host_queued_start": 1585587415.7071, "device_queued": -1, "device_end": -1, "host_queued_end": 1585587415.751315}, "device": "cpu", "nd_range": {"device_start": 2255189.9417164, "device_end": 2255189.941718699}, "cmdq": 3, "read": {"device_start": -1, "device_end": -1}}, "empty35": {"write": {"device_start": -1, "host_queued_start": 1585587415.703807, "device_queued": -1, "device_end": -1, "host_queued_end": 1585587415.751315}, "device": "cpu", "nd_range": {"device_start": 2255189.941324911, "device_end": 2255189.94132885}, "cmdq": 3, "read": {"device_start": -1, "device_end": -1}}, "empty53": {"write": {"device_start": -1, "host_queued_start": 1585587415.705445, "device_queued": -1, "device_end": -1, "host_queued_end": 1585587415.751315}, "device": "cpu", "nd_range": {"device_start": 2255189.94103582, "device_end": 2255189.9410367063}, "cmdq": 1, "read": {"device_start": -1, "device_end": -1}}, "FFC_sans_bias46": {"write": {"device_start": -1, "host_queued_start": 1585587415.725188, "device_queued": -1, "device_end": -1, "host_queued_end": 1585587415.751315}, "device": "cpu", "nd_range": {"device_start": 2255190.039468926, "device_end": 2255190.054189118}, "cmdq": 0, "read": {"device_start": -1, "device_end": -1}}, "coalesced_transpose66": {"write": {"device_start": -1, "host_queued_start": 1585587415.735291, "device_queued": -1, "device_end": -1, "host_queued_end": 1585587415.751315}, "device": "cpu", "nd_range": {"device_start": 2255190.0343423514, "device_end": 2255190.034579507}, "cmdq": 3, "read": {"device_start": -1, "device_end": -1}}, "coalesced_transpose48": {"write": {"device_start": -1, "host_queued_start": 1585587415.734625, "device_queued": -1, "device_end": -1, "host_queued_end": 1585587415.751315}, "device": "cpu", "nd_range": {"device_start": 2255190.0551985903, "device_end": 2255190.055438855}, "cmdq": 1, "read": {"device_start": -1, "device_end": -1}}}