{"FFC_sans_bias60": {"write": {"device_start": -1, "host_queued_start": 1585587738.596483, "device_queued": -1, "device_end": -1, "host_queued_end": 1585587738.603598}, "device": "cpu", "nd_range": {"device_start": 2255512.945415012, "device_end": 2255512.9529935783}, "cmdq": 1, "read": {"device_start": -1, "device_end": -1}}, "FFC_sans_bias4": {"write": {"device_start": -1, "host_queued_start": 1585587738.590055, "device_queued": -1, "device_end": -1, "host_queued_end": 1585587738.603598}, "device": "cpu", "nd_range": {"device_start": 2255512.8842605003, "device_end": 2255512.896966759}, "cmdq": 1, "read": {"device_start": -1, "device_end": -1}}, "FFC_sans_bias7": {"write": {"device_start": -1, "host_queued_start": 1585587738.597559, "device_queued": -1, "device_end": -1, "host_queued_end": 1585587738.603598}, "device": "cpu", "nd_range": {"device_start": 2255512.937979259, "device_end": 2255512.947072875}, "cmdq": 0, "read": {"device_start": -1, "device_end": -1}}, "FFC_sans_bias6": {"write": {"device_start": -1, "host_queued_start": 1585587738.594408, "device_queued": -1, "device_end": -1, "host_queued_end": 1585587738.603598}, "device": "cpu", "nd_range": {"device_start": 2255512.917179048, "device_end": 2255512.927000437}, "cmdq": 1, "read": {"device_start": -1, "device_end": -1}}, "FFC_sans_bias1": {"write": {"device_start": -1, "host_queued_start": 1585587738.567281, "device_queued": -1, "device_end": -1, "host_queued_end": 1585587738.603598}, "device": "cpu", "nd_range": {"device_start": 2255512.793258632, "device_end": 2255512.8011870463}, "cmdq": 0, "read": {"device_start": -1, "device_end": -1}}, "FFC_sans_bias0": {"write": {"device_start": -1, "host_queued_start": 1585587738.566203, "device_queued": -1, "device_end": -1, "host_queued_end": 1585587738.603598}, "device": "cpu", "nd_range": {"device_start": 2255512.793250034, "device_end": 2255512.802292067}, "cmdq": 1, "read": {"device_start": -1, "device_end": -1}}, "FFC_sans_bias2": {"write": {"device_start": -1, "host_queued_start": 1585587738.568332, "device_queued": -1, "device_end": -1, "host_queued_end": 1585587738.603598}, "device": "cpu", "nd_range": {"device_start": 2255512.803253753, "device_end": 2255512.810841159}, "cmdq": 1, "read": {"device_start": -1, "device_end": -1}}, "FFC_sans_bias61": {"write": {"device_start": -1, "host_queued_start": 1585587738.603554, "device_queued": -1, "device_end": -1, "host_queued_end": 1585587738.603598}, "device": "cpu", "nd_range": {"device_start": 2255512.9670676403, "device_end": 2255512.975358873}, "cmdq": 0, "read": {"device_start": -1, "device_end": -1}}, "FFC_sans_bias52": {"write": {"device_start": -1, "host_queued_start": 1585587738.602519, "device_queued": -1, "device_end": -1, "host_queued_end": 1585587738.603598}, "device": "cpu", "nd_range": {"device_start": 2255512.9699858613, "device_end": 2255512.9773402293}, "cmdq": 1, "read": {"device_start": -1, "device_end": -1}}, "FFC_sans_bias9": {"write": {"device_start": -1, "host_queued_start": 1585587738.569378, "device_queued": -1, "device_end": -1, "host_queued_end": 1585587738.603598}, "device": "cpu", "nd_range": {"device_start": 2255512.801298725, "device_end": 2255512.807284968}, "cmdq": 0, "read": {"device_start": -1, "device_end": -1}}, "coalesced_transpose39": {"write": {"device_start": -1, "host_queued_start": 1585587738.588964, "device_queued": -1, "device_end": -1, "host_queued_end": 1585587738.603598}, "device": "cpu", "nd_range": {"device_start": 2255512.8688317803, "device_end": 2255512.8690771363}, "cmdq": 0, "read": {"device_start": -1, "device_end": -1}}, "FFC_sans_bias55": {"write": {"device_start": -1, "host_queued_start": 1585587738.587306, "device_queued": -1, "device_end": -1, "host_queued_end": 1585587738.603598}, "device": "cpu", "nd_range": {"device_start": 2255512.878450773, "device_end": 2255512.8832550664}, "cmdq": 1, "read": {"device_start": -1, "device_end": -1}}, "FFC_sans_bias54": {"write": {"device_start": -1, "host_queued_start": 1585587738.586258, "device_queued": -1, "device_end": -1, "host_queued_end": 1585587738.603598}, "device": "cpu", "nd_range": {"device_start": 2255512.861229444, "device_end": 2255512.867989814}, "cmdq": 0, "read": {"device_start": -1, "device_end": -1}}, "FFC_sans_bias56": {"write": {"device_start": -1, "host_queued_start": 1585587738.585212, "device_queued": -1, "device_end": -1, "host_queued_end": 1585587738.603598}, "device": "cpu", "nd_range": {"device_start": 2255512.874375053, "device_end": 2255512.878445165}, "cmdq": 1, "read": {"device_start": -1, "device_end": -1}}, "FFC_sans_bias51": {"write": {"device_start": -1, "host_queued_start": 1585587738.596136, "device_queued": -1, "device_end": -1, "host_queued_end": 1585587738.603598}, "device": "cpu", "nd_range": {"device_start": 2255512.9301374974, "device_end": 2255512.937971701}, "cmdq": 0, "read": {"device_start": -1, "device_end": -1}}, "softmax23": {"write": {"device_start": -1, "host_queued_start": 1585587738.592941, "device_queued": -1, "device_end": -1, "host_queued_end": 1585587738.603598}, "device": "cpu", "nd_range": {"device_start": 2255512.912940441, "device_end": 2255512.913147455}, "cmdq": 0, "read": {"device_start": -1, "device_end": -1}}, "FFC_sans_bias37": {"write": {"device_start": -1, "host_queued_start": 1585587738.579963, "device_queued": -1, "device_end": -1, "host_queued_end": 1585587738.603598}, "device": "cpu", "nd_range": {"device_start": 2255512.835367777, "device_end": 2255512.842968217}, "cmdq": 0, "read": {"device_start": -1, "device_end": -1}}, "empty62": {"write": {"device_start": -1, "host_queued_start": 1585587738.565252, "device_queued": -1, "device_end": -1, "host_queued_end": 1585587738.603598}, "device": "cpu", "nd_range": {"device_start": 2255512.793252015, "device_end": 2255512.793252708}, "cmdq": 0, "read": {"device_start": -1, "device_end": -1}}, "FFC_sans_bias70": {"write": {"device_start": 1585587673.1140606, "host_queued_start": 1585587738.558747, "device_queued": 1585587673.1126363, "device_end": 1585587673.1140919, "host_queued_end": 1585587738.558994}, "device": "gpu", "nd_range": {"device_start": 1585587673.115377, "device_end": 1585587673.115971}, "cmdq": 3, "read": {"device_start": 1585587673.1159744, "device_end": 1585587673.1159973}}, "FFC_sans_bias58": {"write": {"device_start": -1, "host_queued_start": 1585587738.592115, "device_queued": -1, "device_end": -1, "host_queued_end": 1585587738.603598}, "device": "cpu", "nd_range": {"device_start": 2255512.9105606494, "device_end": 2255512.915239679}, "cmdq": 1, "read": {"device_start": -1, "device_end": -1}}, "softmax41": {"write": {"device_start": -1, "host_queued_start": 1585587738.593495, "device_queued": -1, "device_end": -1, "host_queued_end": 1585587738.603598}, "device": "cpu", "nd_range": {"device_start": 2255512.9132533493, "device_end": 2255512.913457094}, "cmdq": 0, "read": {"device_start": -1, "device_end": -1}}, "FFC_sans_bias11": {"write": {"device_start": -1, "host_queued_start": 1585587738.571501, "device_queued": -1, "device_end": -1, "host_queued_end": 1585587738.603598}, "device": "cpu", "nd_range": {"device_start": 2255512.807403195, "device_end": 2255512.813597576}, "cmdq": 0, "read": {"device_start": -1, "device_end": -1}}, "FFC_sans_bias10": {"write": {"device_start": -1, "host_queued_start": 1585587738.570446, "device_queued": -1, "device_end": -1, "host_queued_end": 1585587738.603598}, "device": "cpu", "nd_range": {"device_start": 2255512.816216446, "device_end": 2255512.8276345273}, "cmdq": 1, "read": {"device_start": -1, "device_end": -1}}, "coalesced_transpose3": {"write": {"device_start": -1, "host_queued_start": 1585587738.587643, "device_queued": -1, "device_end": -1, "host_queued_end": 1585587738.603598}, "device": "cpu", "nd_range": {"device_start": 2255512.8681099582, "device_end": 2255512.8683621623}, "cmdq": 0, "read": {"device_start": -1, "device_end": -1}}, "FFC_sans_bias34": {"write": {"device_start": -1, "host_queued_start": 1585587738.600543, "device_queued": -1, "device_end": -1, "host_queued_end": 1585587738.603598}, "device": "cpu", "nd_range": {"device_start": 2255512.9620893463, "device_end": 2255512.969982429}, "cmdq": 1, "read": {"device_start": -1, "device_end": -1}}, "FFC_sans_bias15": {"write": {"device_start": -1, "host_queued_start": 1585587738.59477, "device_queued": -1, "device_end": -1, "host_queued_end": 1585587738.603598}, "device": "cpu", "nd_range": {"device_start": 2255512.915664, "device_end": 2255512.9214152084}, "cmdq": 0, "read": {"device_start": -1, "device_end": -1}}, "FFC_sans_bias31": {"write": {"device_start": -1, "host_queued_start": 1585587738.591094, "device_queued": -1, "device_end": -1, "host_queued_end": 1585587738.603598}, "device": "cpu", "nd_range": {"device_start": 2255512.8922742493, "device_end": 2255512.897521863}, "cmdq": 0, "read": {"device_start": -1, "device_end": -1}}, "FFC_sans_bias16": {"write": {"device_start": -1, "host_queued_start": 1585587738.598558, "device_queued": -1, "device_end": -1, "host_queued_end": 1585587738.603598}, "device": "cpu", "nd_range": {"device_start": 2255512.953000096, "device_end": 2255512.9620866403}, "cmdq": 1, "read": {"device_start": -1, "device_end": -1}}, "FFC_sans_bias19": {"write": {"device_start": -1, "host_queued_start": 1585587738.573577, "device_queued": -1, "device_end": -1, "host_queued_end": 1585587738.603598}, "device": "cpu", "nd_range": {"device_start": 2255512.8137205373, "device_end": 2255512.821822197}, "cmdq": 0, "read": {"device_start": -1, "device_end": -1}}, "FFC_sans_bias18": {"write": {"device_start": -1, "host_queued_start": 1585587738.572536, "device_queued": -1, "device_end": -1, "host_queued_end": 1585587738.603598}, "device": "cpu", "nd_range": {"device_start": 2255512.8277747543, "device_end": 2255512.835332021}, "cmdq": 1, "read": {"device_start": -1, "device_end": -1}}, "coalesced_transpose30": {"write": {"device_start": -1, "host_queued_start": 1585587738.588636, "device_queued": -1, "device_end": -1, "host_queued_end": 1585587738.603598}, "device": "cpu", "nd_range": {"device_start": 2255512.883504921, "device_end": 2255512.883802935}, "cmdq": 1, "read": {"device_start": -1, "device_end": -1}}, "FFC_sans_bias69": {"write": {"device_start": -1, "host_queued_start": 1585587738.557685, "device_queued": -1, "device_end": -1, "host_queued_end": 1585587738.558994}, "device": "gpu", "nd_range": {"device_start": 1585587673.1147757, "device_end": 1585587673.1153731}, "cmdq": 2, "read": {"device_start": -1, "device_end": -1}}, "FFC_sans_bias38": {"write": {"device_start": -1, "host_queued_start": 1585587738.581017, "device_queued": -1, "device_end": -1, "host_queued_end": 1585587738.603598}, "device": "cpu", "nd_range": {"device_start": 2255512.864950429, "device_end": 2255512.8703057533}, "cmdq": 1, "read": {"device_start": -1, "device_end": -1}}, "coalesced_transpose57": {"write": {"device_start": -1, "host_queued_start": 1585587738.589622, "device_queued": -1, "device_end": -1, "host_queued_end": 1585587738.603598}, "device": "cpu", "nd_range": {"device_start": 2255512.883261595, "device_end": 2255512.883485462}, "cmdq": 0, "read": {"device_start": -1, "device_end": -1}}, "empty26": {"write": {"device_start": -1, "host_queued_start": 1585587738.561992, "device_queued": -1, "device_end": -1, "host_queued_end": 1585587738.603598}, "device": "cpu", "nd_range": {"device_start": 2255512.793235821, "device_end": 2255512.7932369513}, "cmdq": 0, "read": {"device_start": -1, "device_end": -1}}, "coalesced_transpose12": {"write": {"device_start": -1, "host_queued_start": 1585587738.587972, "device_queued": -1, "device_end": -1, "host_queued_end": 1585587738.603598}, "device": "cpu", "nd_range": {"device_start": 2255512.883275138, "device_end": 2255512.883492174}, "cmdq": 1, "read": {"device_start": -1, "device_end": -1}}, "empty44": {"write": {"device_start": -1, "host_queued_start": 1585587738.563651, "device_queued": -1, "device_end": -1, "host_queued_end": 1585587738.603598}, "device": "cpu", "nd_range": {"device_start": 2255512.7932459023, "device_end": 2255512.793246929}, "cmdq": 0, "read": {"device_start": -1, "device_end": -1}}, "coalesced_transpose21": {"write": {"device_start": -1, "host_queued_start": 1585587738.588301, "device_queued": -1, "device_end": -1, "host_queued_end": 1585587738.603598}, "device": "cpu", "nd_range": {"device_start": 2255512.868472943, "device_end": 2255512.868723709}, "cmdq": 0, "read": {"device_start": -1, "device_end": -1}}, "FFC_sans_bias36": {"write": {"device_start": -1, "host_queued_start": 1585587738.578916, "device_queued": -1, "device_end": -1, "host_queued_end": 1585587738.603598}, "device": "cpu", "nd_range": {"device_start": 2255512.8503848263, "device_end": 2255512.864834179}, "cmdq": 1, "read": {"device_start": -1, "device_end": -1}}, "softmax14": {"write": {"device_start": -1, "host_queued_start": 1585587738.592671, "device_queued": -1, "device_end": -1, "host_queued_end": 1585587738.603598}, "device": "cpu", "nd_range": {"device_start": 2255512.9152613333, "device_end": 2255512.9154521204}, "cmdq": 1, "read": {"device_start": -1, "device_end": -1}}, "FFC_sans_bias13": {"write": {"device_start": -1, "host_queued_start": 1585587738.5904, "device_queued": -1, "device_end": -1, "host_queued_end": 1585587738.603598}, "device": "cpu", "nd_range": {"device_start": 2255512.883547033, "device_end": 2255512.89214619}, "cmdq": 0, "read": {"device_start": -1, "device_end": -1}}, "empty8": {"write": {"device_start": -1, "host_queued_start": 1585587738.560252, "device_queued": -1, "device_end": -1, "host_queued_end": 1585587738.603598}, "device": "cpu", "nd_range": {"device_start": 2255512.7931998563, "device_end": 2255512.7932138653}, "cmdq": 0, "read": {"device_start": -1, "device_end": -1}}, "FFC_sans_bias42": {"write": {"device_start": -1, "host_queued_start": 1585587738.595798, "device_queued": -1, "device_end": -1, "host_queued_end": 1585587738.603598}, "device": "cpu", "nd_range": {"device_start": 2255512.935164345, "device_end": 2255512.945405967}, "cmdq": 1, "read": {"device_start": -1, "device_end": -1}}, "FFC_sans_bias43": {"write": {"device_start": -1, "host_queued_start": 1585587738.60153, "device_queued": -1, "device_end": -1, "host_queued_end": 1585587738.603598}, "device": "cpu", "nd_range": {"device_start": 2255512.9561386243, "device_end": 2255512.967063894}, "cmdq": 0, "read": {"device_start": -1, "device_end": -1}}, "FFC_sans_bias40": {"write": {"device_start": -1, "host_queued_start": 1585587738.591433, "device_queued": -1, "device_end": -1, "host_queued_end": 1585587738.603598}, "device": "cpu", "nd_range": {"device_start": 2255512.902866844, "device_end": 2255512.910553813}, "cmdq": 1, "read": {"device_start": -1, "device_end": -1}}, "softmax32": {"write": {"device_start": -1, "host_queued_start": 1585587738.59321, "device_queued": -1, "device_end": -1, "host_queued_end": 1585587738.603598}, "device": "cpu", "nd_range": {"device_start": 2255512.915668257, "device_end": 2255512.916751537}, "cmdq": 1, "read": {"device_start": -1, "device_end": -1}}, "FFC_sans_bias47": {"write": {"device_start": -1, "host_queued_start": 1585587738.58417, "device_queued": -1, "device_end": -1, "host_queued_end": 1585587738.603598}, "device": "cpu", "nd_range": {"device_start": 2255512.8539030342, "device_end": 2255512.861108914}, "cmdq": 0, "read": {"device_start": -1, "device_end": -1}}, "FFC_sans_bias45": {"write": {"device_start": -1, "host_queued_start": 1585587738.582066, "device_queued": -1, "device_end": -1, "host_queued_end": 1585587738.603598}, "device": "cpu", "nd_range": {"device_start": 2255512.843087294, "device_end": 2255512.8537785662}, "cmdq": 0, "read": {"device_start": -1, "device_end": -1}}, "softmax50": {"write": {"device_start": -1, "host_queued_start": 1585587738.593773, "device_queued": -1, "device_end": -1, "host_queued_end": 1585587738.603598}, "device": "cpu", "nd_range": {"device_start": 2255512.916858136, "device_end": 2255512.917068461}, "cmdq": 1, "read": {"device_start": -1, "device_end": -1}}, "FFC_sans_bias33": {"write": {"device_start": -1, "host_queued_start": 1585587738.595457, "device_queued": -1, "device_end": -1, "host_queued_end": 1585587738.603598}, "device": "cpu", "nd_range": {"device_start": 2255512.921534231, "device_end": 2255512.9301299984}, "cmdq": 0, "read": {"device_start": -1, "device_end": -1}}, "FFC_sans_bias63": {"write": {"device_start": 1585587673.11248, "host_queued_start": 1585587738.556392, "device_queued": 1585587673.1122003, "device_end": 1585587673.1125057, "host_queued_end": 1585587738.558994}, "device": "gpu", "nd_range": {"device_start": 1585587673.1125083, "device_end": 1585587673.1139662}, "cmdq": 3, "read": {"device_start": -1, "device_end": -1}}, "FFC_sans_bias49": {"write": {"device_start": -1, "host_queued_start": 1585587738.591772, "device_queued": -1, "device_end": -1, "host_queued_end": 1585587738.603598}, "device": "cpu", "nd_range": {"device_start": 2255512.897638252, "device_end": 2255512.9124958264}, "cmdq": 0, "read": {"device_start": -1, "device_end": -1}}, "FFC_sans_bias64": {"write": {"device_start": 1585587673.112315, "host_queued_start": 1585587738.554219, "device_queued": 1585587673.1121643, "device_end": 1585587673.1123748, "host_queued_end": 1585587738.558994}, "device": "gpu", "nd_range": {"device_start": 1585587673.1124501, "device_end": 1585587673.113081}, "cmdq": 1, "read": {"device_start": -1, "device_end": -1}}, "FFC_sans_bias65": {"write": {"device_start": 1585587673.112397, "host_queued_start": 1585587738.555325, "device_queued": 1585587673.1121829, "device_end": 1585587673.1124678, "host_queued_end": 1585587738.558994}, "device": "gpu", "nd_range": {"device_start": 1585587673.1124735, "device_end": 1585587673.1134877}, "cmdq": 2, "read": {"device_start": -1, "device_end": -1}}, "FFC_sans_bias67": {"write": {"device_start": -1, "host_queued_start": 1585587738.557104, "device_queued": -1, "device_end": -1, "host_queued_end": 1585587738.558994}, "device": "gpu", "nd_range": {"device_start": 1585587673.1139693, "device_end": 1585587673.1145697}, "cmdq": 0, "read": {"device_start": -1, "device_end": -1}}, "FFC_sans_bias24": {"write": {"device_start": -1, "host_queued_start": 1585587738.595112, "device_queued": -1, "device_end": -1, "host_queued_end": 1585587738.603598}, "device": "cpu", "nd_range": {"device_start": 2255512.927009032, "device_end": 2255512.935156097}, "cmdq": 1, "read": {"device_start": -1, "device_end": -1}}, "FFC_sans_bias25": {"write": {"device_start": -1, "host_queued_start": 1585587738.59955, "device_queued": -1, "device_end": -1, "host_queued_end": 1585587738.603598}, "device": "cpu", "nd_range": {"device_start": 2255512.9470767314, "device_end": 2255512.956135475}, "cmdq": 0, "read": {"device_start": -1, "device_end": -1}}, "FFC_sans_bias27": {"write": {"device_start": -1, "host_queued_start": 1585587738.575694, "device_queued": -1, "device_end": -1, "host_queued_end": 1585587738.603598}, "device": "cpu", "nd_range": {"device_start": 2255512.8219369682, "device_end": 2255512.827497078}, "cmdq": 0, "read": {"device_start": -1, "device_end": -1}}, "FFC_sans_bias20": {"write": {"device_start": -1, "host_queued_start": 1585587738.574654, "device_queued": -1, "device_end": -1, "host_queued_end": 1585587738.603598}, "device": "cpu", "nd_range": {"device_start": 2255512.835344662, "device_end": 2255512.843027587}, "cmdq": 1, "read": {"device_start": -1, "device_end": -1}}, "FFC_sans_bias22": {"write": {"device_start": -1, "host_queued_start": 1585587738.59075, "device_queued": -1, "device_end": -1, "host_queued_end": 1585587738.603598}, "device": "cpu", "nd_range": {"device_start": 2255512.89708132, "device_end": 2255512.902755129}, "cmdq": 1, "read": {"device_start": -1, "device_end": -1}}, "softmax68": {"write": {"device_start": -1, "host_queued_start": 1585587738.557364, "device_queued": -1, "device_end": -1, "host_queued_end": 1585587738.558994}, "device": "gpu", "nd_range": {"device_start": 1585587673.1145773, "device_end": 1585587673.1147692}, "cmdq": 1, "read": {"device_start": -1, "device_end": -1}}, "softmax5": {"write": {"device_start": -1, "host_queued_start": 1585587738.592395, "device_queued": -1, "device_end": -1, "host_queued_end": 1585587738.603598}, "device": "cpu", "nd_range": {"device_start": 2255512.9126110612, "device_end": 2255512.912831252}, "cmdq": 0, "read": {"device_start": -1, "device_end": -1}}, "FFC_sans_bias28": {"write": {"device_start": -1, "host_queued_start": 1585587738.576751, "device_queued": -1, "device_end": -1, "host_queued_end": 1585587738.603598}, "device": "cpu", "nd_range": {"device_start": 2255512.8430425623, "device_end": 2255512.85026928}, "cmdq": 1, "read": {"device_start": -1, "device_end": -1}}, "FFC_sans_bias29": {"write": {"device_start": -1, "host_queued_start": 1585587738.577844, "device_queued": -1, "device_end": -1, "host_queued_end": 1585587738.603598}, "device": "cpu", "nd_range": {"device_start": 2255512.8276274083, "device_end": 2255512.835251292}, "cmdq": 0, "read": {"device_start": -1, "device_end": -1}}, "empty17": {"write": {"device_start": -1, "host_queued_start": 1585587738.561131, "device_queued": -1, "device_end": -1, "host_queued_end": 1585587738.603598}, "device": "cpu", "nd_range": {"device_start": 2255512.793199786, "device_end": 2255512.793213915}, "cmdq": 1, "read": {"device_start": -1, "device_end": -1}}, "softmax59": {"write": {"device_start": -1, "host_queued_start": 1585587738.594061, "device_queued": -1, "device_end": -1, "host_queued_end": 1585587738.603598}, "device": "cpu", "nd_range": {"device_start": 2255512.915259263, "device_end": 2255512.9154541153}, "cmdq": 0, "read": {"device_start": -1, "device_end": -1}}, "empty71": {"write": {"device_start": 1585587673.1122193, "host_queued_start": 1585587738.553028, "device_queued": 1585587673.1120872, "device_end": 1585587673.112272, "host_queued_end": 1585587738.558994}, "device": "gpu", "nd_range": {"device_start": 1585587673.1122808, "device_end": 1585587673.112286}, "cmdq": 0, "read": {"device_start": -1, "device_end": -1}}, "empty35": {"write": {"device_start": -1, "host_queued_start": 1585587738.562819, "device_queued": -1, "device_end": -1, "host_queued_end": 1585587738.603598}, "device": "cpu", "nd_range": {"device_start": 2255512.793235678, "device_end": 2255512.793236634}, "cmdq": 1, "read": {"device_start": -1, "device_end": -1}}, "empty53": {"write": {"device_start": -1, "host_queued_start": 1585587738.56445, "device_queued": -1, "device_end": -1, "host_queued_end": 1585587738.603598}, "device": "cpu", "nd_range": {"device_start": 2255512.793243819, "device_end": 2255512.793244666}, "cmdq": 1, "read": {"device_start": -1, "device_end": -1}}, "FFC_sans_bias46": {"write": {"device_start": -1, "host_queued_start": 1585587738.583115, "device_queued": -1, "device_end": -1, "host_queued_end": 1585587738.603598}, "device": "cpu", "nd_range": {"device_start": 2255512.870313919, "device_end": 2255512.8742551673}, "cmdq": 1, "read": {"device_start": -1, "device_end": -1}}, "coalesced_transpose66": {"write": {"device_start": -1, "host_queued_start": 1585587738.556754, "device_queued": -1, "device_end": -1, "host_queued_end": 1585587738.558994}, "device": "gpu", "nd_range": {"device_start": 1585587673.113085, "device_end": 1585587673.1138856}, "cmdq": 4, "read": {"device_start": -1, "device_end": -1}}, "coalesced_transpose48": {"write": {"device_start": -1, "host_queued_start": 1585587738.589294, "device_queued": -1, "device_end": -1, "host_queued_end": 1585587738.603598}, "device": "cpu", "nd_range": {"device_start": 2255512.883908614, "device_end": 2255512.884154187}, "cmdq": 1, "read": {"device_start": -1, "device_end": -1}}}