{"FFC_sans_bias60": {"write": {"device_start": -1, "host_queued_start": 1585587707.883173, "device_queued": -1, "device_end": -1, "host_queued_end": 1585587707.886742}, "device": "gpu", "nd_range": {"device_start": 1585587642.4475863, "device_end": 1585587642.4482148}, "cmdq": 2, "read": {"device_start": -1, "device_end": -1}}, "FFC_sans_bias4": {"write": {"device_start": -1, "host_queued_start": 1585587707.910403, "device_queued": -1, "device_end": -1, "host_queued_end": 1585587707.920062}, "device": "cpu", "nd_range": {"device_start": 2255482.177999751, "device_end": 2255482.1820922}, "cmdq": 0, "read": {"device_start": -1, "device_end": -1}}, "FFC_sans_bias7": {"write": {"device_start": -1, "host_queued_start": 1585587707.91603, "device_queued": -1, "device_end": -1, "host_queued_end": 1585587707.920062}, "device": "cpu", "nd_range": {"device_start": 2255482.2334273593, "device_end": 2255482.238144419}, "cmdq": 0, "read": {"device_start": -1, "device_end": -1}}, "FFC_sans_bias6": {"write": {"device_start": -1, "host_queued_start": 1585587707.913567, "device_queued": -1, "device_end": -1, "host_queued_end": 1585587707.920062}, "device": "cpu", "nd_range": {"device_start": 2255482.206511492, "device_end": 2255482.212525717}, "cmdq": 0, "read": {"device_start": -1, "device_end": -1}}, "FFC_sans_bias1": {"write": {"device_start": -1, "host_queued_start": 1585587707.894292, "device_queued": -1, "device_end": -1, "host_queued_end": 1585587707.920062}, "device": "cpu", "nd_range": {"device_start": 2255482.11413956, "device_end": 2255482.1181703503}, "cmdq": 0, "read": {"device_start": -1, "device_end": -1}}, "FFC_sans_bias0": {"write": {"device_start": -1, "host_queued_start": 1585587707.893101, "device_queued": -1, "device_end": -1, "host_queued_end": 1585587707.920062}, "device": "cpu", "nd_range": {"device_start": 2255482.109714453, "device_end": 2255482.1141194543}, "cmdq": 0, "read": {"device_start": -1, "device_end": -1}}, "FFC_sans_bias2": {"write": {"device_start": -1, "host_queued_start": 1585587707.895437, "device_queued": -1, "device_end": -1, "host_queued_end": 1585587707.920062}, "device": "cpu", "nd_range": {"device_start": 2255482.118180208, "device_end": 2255482.1221066043}, "cmdq": 0, "read": {"device_start": -1, "device_end": -1}}, "FFC_sans_bias61": {"write": {"device_start": 1585587642.4473376, "host_queued_start": 1585587707.885565, "device_queued": 1585587642.4428337, "device_end": 1585587642.4473681, "host_queued_end": 1585587707.886742}, "device": "gpu", "nd_range": {"device_start": 1585587642.448221, "device_end": 1585587642.4492004}, "cmdq": 0, "read": {"device_start": 1585587642.450305, "device_end": 1585587642.450333}}, "FFC_sans_bias52": {"write": {"device_start": 1585587642.4476793, "host_queued_start": 1585587707.884516, "device_queued": 1585587642.4427738, "device_end": 1585587642.4477105, "host_queued_end": 1585587707.886742}, "device": "gpu", "nd_range": {"device_start": 1585587642.448795, "device_end": 1585587642.4501681}, "cmdq": 4, "read": {"device_start": 1585587642.4501762, "device_end": 1585587642.4501996}}, "FFC_sans_bias9": {"write": {"device_start": -1, "host_queued_start": 1585587707.89655, "device_queued": -1, "device_end": -1, "host_queued_end": 1585587707.920062}, "device": "cpu", "nd_range": {"device_start": 2255482.1221129633, "device_end": 2255482.126037265}, "cmdq": 0, "read": {"device_start": -1, "device_end": -1}}, "coalesced_transpose39": {"write": {"device_start": -1, "host_queued_start": 1585587707.910053, "device_queued": -1, "device_end": -1, "host_queued_end": 1585587707.920062}, "device": "cpu", "nd_range": {"device_start": 2255482.177780425, "device_end": 2255482.177882071}, "cmdq": 0, "read": {"device_start": -1, "device_end": -1}}, "FFC_sans_bias55": {"write": {"device_start": 1585587642.4419692, "host_queued_start": 1585587707.876508, "device_queued": 1585587642.4415188, "device_end": 1585587642.442, "host_queued_end": 1585587707.886742}, "device": "gpu", "nd_range": {"device_start": 1585587642.4420068, "device_end": 1585587642.4442492}, "cmdq": 3, "read": {"device_start": -1, "device_end": -1}}, "FFC_sans_bias54": {"write": {"device_start": 1585587642.4416714, "host_queued_start": 1585587707.875466, "device_queued": 1585587642.4414988, "device_end": 1585587642.4417014, "host_queued_end": 1585587707.886742}, "device": "gpu", "nd_range": {"device_start": 1585587642.4418166, "device_end": 1585587642.4437854}, "cmdq": 2, "read": {"device_start": -1, "device_end": -1}}, "FFC_sans_bias56": {"write": {"device_start": 1585587642.4415731, "host_queued_start": 1585587707.874394, "device_queued": 1585587642.4414725, "device_end": 1585587642.4416401, "host_queued_end": 1585587707.886742}, "device": "gpu", "nd_range": {"device_start": 1585587642.4417863, "device_end": 1585587642.44325}, "cmdq": 1, "read": {"device_start": -1, "device_end": -1}}, "FFC_sans_bias51": {"write": {"device_start": -1, "host_queued_start": 1585587707.88285, "device_queued": -1, "device_end": -1, "host_queued_end": 1585587707.886742}, "device": "gpu", "nd_range": {"device_start": 1585587642.447209, "device_end": 1585587642.44782}, "cmdq": 1, "read": {"device_start": -1, "device_end": -1}}, "softmax23": {"write": {"device_start": -1, "host_queued_start": 1585587707.912644, "device_queued": -1, "device_end": -1, "host_queued_end": 1585587707.920062}, "device": "cpu", "nd_range": {"device_start": 2255482.206055916, "device_end": 2255482.206153911}, "cmdq": 0, "read": {"device_start": -1, "device_end": -1}}, "FFC_sans_bias37": {"write": {"device_start": -1, "host_queued_start": 1585587707.907243, "device_queued": -1, "device_end": -1, "host_queued_end": 1585587707.920062}, "device": "cpu", "nd_range": {"device_start": 2255482.167303176, "device_end": 2255482.17211076}, "cmdq": 0, "read": {"device_start": -1, "device_end": -1}}, "empty62": {"write": {"device_start": 1585587642.4409187, "host_queued_start": 1585587707.869314, "device_queued": 1585587642.4408019, "device_end": 1585587642.4409816, "host_queued_end": 1585587707.886742}, "device": "gpu", "nd_range": {"device_start": 1585587642.44117, "device_end": 1585587642.4411907}, "cmdq": 1, "read": {"device_start": -1, "device_end": -1}}, "FFC_sans_bias70": {"write": {"device_start": 1585587642.447923, "host_queued_start": 1585587707.88664, "device_queued": 1585587642.4430525, "device_end": 1585587642.4479542, "host_queued_end": 1585587707.886742}, "device": "gpu", "nd_range": {"device_start": 1585587642.4487891, "device_end": 1585587642.4497523}, "cmdq": 1, "read": {"device_start": 1585587642.4497595, "device_end": 1585587642.4497838}}, "FFC_sans_bias58": {"write": {"device_start": -1, "host_queued_start": 1585587707.881435, "device_queued": -1, "device_end": -1, "host_queued_end": 1585587707.886742}, "device": "gpu", "nd_range": {"device_start": 1585587642.4456973, "device_end": 1585587642.4471774}, "cmdq": 1, "read": {"device_start": -1, "device_end": -1}}, "softmax41": {"write": {"device_start": -1, "host_queued_start": 1585587707.913207, "device_queued": -1, "device_end": -1, "host_queued_end": 1585587707.920062}, "device": "cpu", "nd_range": {"device_start": 2255482.206333974, "device_end": 2255482.206505616}, "cmdq": 0, "read": {"device_start": -1, "device_end": -1}}, "FFC_sans_bias11": {"write": {"device_start": -1, "host_queued_start": 1585587707.898769, "device_queued": -1, "device_end": -1, "host_queued_end": 1585587707.920062}, "device": "cpu", "nd_range": {"device_start": 2255482.1308766142, "device_end": 2255482.135172314}, "cmdq": 0, "read": {"device_start": -1, "device_end": -1}}, "FFC_sans_bias10": {"write": {"device_start": -1, "host_queued_start": 1585587707.897688, "device_queued": -1, "device_end": -1, "host_queued_end": 1585587707.920062}, "device": "cpu", "nd_range": {"device_start": 2255482.1260430194, "device_end": 2255482.130870264}, "cmdq": 0, "read": {"device_start": -1, "device_end": -1}}, "coalesced_transpose3": {"write": {"device_start": -1, "host_queued_start": 1585587707.908628, "device_queued": -1, "device_end": -1, "host_queued_end": 1585587707.920062}, "device": "cpu", "nd_range": {"device_start": 2255482.1766718184, "device_end": 2255482.1768269213}, "cmdq": 0, "read": {"device_start": -1, "device_end": -1}}, "FFC_sans_bias34": {"write": {"device_start": -1, "host_queued_start": 1585587707.919022, "device_queued": -1, "device_end": -1, "host_queued_end": 1585587707.920062}, "device": "cpu", "nd_range": {"device_start": 2255482.247189327, "device_end": 2255482.251769329}, "cmdq": 0, "read": {"device_start": -1, "device_end": -1}}, "FFC_sans_bias15": {"write": {"device_start": -1, "host_queued_start": 1585587707.913926, "device_queued": -1, "device_end": -1, "host_queued_end": 1585587707.920062}, "device": "cpu", "nd_range": {"device_start": 2255482.2125454242, "device_end": 2255482.2185806003}, "cmdq": 0, "read": {"device_start": -1, "device_end": -1}}, "FFC_sans_bias31": {"write": {"device_start": -1, "host_queued_start": 1585587707.911466, "device_queued": -1, "device_end": -1, "host_queued_end": 1585587707.920062}, "device": "cpu", "nd_range": {"device_start": 2255482.192197693, "device_end": 2255482.1998737603}, "cmdq": 0, "read": {"device_start": -1, "device_end": -1}}, "FFC_sans_bias16": {"write": {"device_start": -1, "host_queued_start": 1585587707.917027, "device_queued": -1, "device_end": -1, "host_queued_end": 1585587707.920062}, "device": "cpu", "nd_range": {"device_start": 2255482.238147947, "device_end": 2255482.242882011}, "cmdq": 0, "read": {"device_start": -1, "device_end": -1}}, "FFC_sans_bias19": {"write": {"device_start": -1, "host_queued_start": 1585587707.900872, "device_queued": -1, "device_end": -1, "host_queued_end": 1585587707.920062}, "device": "cpu", "nd_range": {"device_start": 2255482.1401850693, "device_end": 2255482.144618111}, "cmdq": 0, "read": {"device_start": -1, "device_end": -1}}, "FFC_sans_bias18": {"write": {"device_start": -1, "host_queued_start": 1585587707.899821, "device_queued": -1, "device_end": -1, "host_queued_end": 1585587707.920062}, "device": "cpu", "nd_range": {"device_start": 2255482.135177175, "device_end": 2255482.1401798623}, "cmdq": 0, "read": {"device_start": -1, "device_end": -1}}, "coalesced_transpose30": {"write": {"device_start": -1, "host_queued_start": 1585587707.909723, "device_queued": -1, "device_end": -1, "host_queued_end": 1585587707.920062}, "device": "cpu", "nd_range": {"device_start": 2255482.177561351, "device_end": 2255482.177664697}, "cmdq": 0, "read": {"device_start": -1, "device_end": -1}}, "FFC_sans_bias69": {"write": {"device_start": -1, "host_queued_start": 1585587707.883497, "device_queued": -1, "device_end": -1, "host_queued_end": 1585587707.886742}, "device": "gpu", "nd_range": {"device_start": 1585587642.447591, "device_end": 1585587642.448783}, "cmdq": 3, "read": {"device_start": -1, "device_end": -1}}, "FFC_sans_bias38": {"write": {"device_start": -1, "host_queued_start": 1585587707.908297, "device_queued": -1, "device_end": -1, "host_queued_end": 1585587707.920062}, "device": "cpu", "nd_range": {"device_start": 2255482.172115805, "device_end": 2255482.176666522}, "cmdq": 0, "read": {"device_start": -1, "device_end": -1}}, "coalesced_transpose57": {"write": {"device_start": -1, "host_queued_start": 1585587707.880469, "device_queued": -1, "device_end": -1, "host_queued_end": 1585587707.886742}, "device": "gpu", "nd_range": {"device_start": 1585587642.44425, "device_end": 1585587642.4455988}, "cmdq": 3, "read": {"device_start": -1, "device_end": -1}}, "empty26": {"write": {"device_start": -1, "host_queued_start": 1585587707.890509, "device_queued": -1, "device_end": -1, "host_queued_end": 1585587707.920062}, "device": "cpu", "nd_range": {"device_start": 2255482.1096959133, "device_end": 2255482.1096968963}, "cmdq": 0, "read": {"device_start": -1, "device_end": -1}}, "coalesced_transpose12": {"write": {"device_start": -1, "host_queued_start": 1585587707.908964, "device_queued": -1, "device_end": -1, "host_queued_end": 1585587707.920062}, "device": "cpu", "nd_range": {"device_start": 2255482.176966051, "device_end": 2255482.1772683053}, "cmdq": 0, "read": {"device_start": -1, "device_end": -1}}, "empty44": {"write": {"device_start": -1, "host_queued_start": 1585587707.892147, "device_queued": -1, "device_end": -1, "host_queued_end": 1585587707.920062}, "device": "cpu", "nd_range": {"device_start": 2255482.109709272, "device_end": 2255482.109709998}, "cmdq": 0, "read": {"device_start": -1, "device_end": -1}}, "coalesced_transpose21": {"write": {"device_start": -1, "host_queued_start": 1585587707.909297, "device_queued": -1, "device_end": -1, "host_queued_end": 1585587707.920062}, "device": "cpu", "nd_range": {"device_start": 2255482.1772741163, "device_end": 2255482.177433291}, "cmdq": 0, "read": {"device_start": -1, "device_end": -1}}, "FFC_sans_bias36": {"write": {"device_start": -1, "host_queued_start": 1585587707.906149, "device_queued": -1, "device_end": -1, "host_queued_end": 1585587707.920062}, "device": "cpu", "nd_range": {"device_start": 2255482.1627907204, "device_end": 2255482.167298313}, "cmdq": 0, "read": {"device_start": -1, "device_end": -1}}, "softmax14": {"write": {"device_start": -1, "host_queued_start": 1585587707.912372, "device_queued": -1, "device_end": -1, "host_queued_end": 1585587707.920062}, "device": "cpu", "nd_range": {"device_start": 2255482.205830823, "device_end": 2255482.205944489}, "cmdq": 0, "read": {"device_start": -1, "device_end": -1}}, "FFC_sans_bias13": {"write": {"device_start": -1, "host_queued_start": 1585587707.910774, "device_queued": -1, "device_end": -1, "host_queued_end": 1585587707.920062}, "device": "cpu", "nd_range": {"device_start": 2255482.182211998, "device_end": 2255482.18677904}, "cmdq": 0, "read": {"device_start": -1, "device_end": -1}}, "empty8": {"write": {"device_start": -1, "host_queued_start": 1585587707.888298, "device_queued": -1, "device_end": -1, "host_queued_end": 1585587707.920062}, "device": "cpu", "nd_range": {"device_start": 2255482.109659618, "device_end": 2255482.109671732}, "cmdq": 0, "read": {"device_start": -1, "device_end": -1}}, "FFC_sans_bias42": {"write": {"device_start": -1, "host_queued_start": 1585587707.914985, "device_queued": -1, "device_end": -1, "host_queued_end": 1585587707.920062}, "device": "cpu", "nd_range": {"device_start": 2255482.2286662143, "device_end": 2255482.2334218603}, "cmdq": 0, "read": {"device_start": -1, "device_end": -1}}, "FFC_sans_bias43": {"write": {"device_start": -1, "host_queued_start": 1585587707.920016, "device_queued": -1, "device_end": -1, "host_queued_end": 1585587707.920062}, "device": "cpu", "nd_range": {"device_start": 2255482.251772323, "device_end": 2255482.256085248}, "cmdq": 0, "read": {"device_start": -1, "device_end": -1}}, "FFC_sans_bias40": {"write": {"device_start": -1, "host_queued_start": 1585587707.911813, "device_queued": -1, "device_end": -1, "host_queued_end": 1585587707.920062}, "device": "cpu", "nd_range": {"device_start": 2255482.200174021, "device_end": 2255482.2054709042}, "cmdq": 0, "read": {"device_start": -1, "device_end": -1}}, "softmax32": {"write": {"device_start": -1, "host_queued_start": 1585587707.912934, "device_queued": -1, "device_end": -1, "host_queued_end": 1585587707.920062}, "device": "cpu", "nd_range": {"device_start": 2255482.206160114, "device_end": 2255482.2063282593}, "cmdq": 0, "read": {"device_start": -1, "device_end": -1}}, "FFC_sans_bias47": {"write": {"device_start": 1585587642.4413707, "host_queued_start": 1585587707.873359, "device_queued": 1585587642.4412708, "device_end": 1585587642.441405, "host_queued_end": 1585587707.886742}, "device": "gpu", "nd_range": {"device_start": 1585587642.4414647, "device_end": 1585587642.4428275}, "cmdq": 0, "read": {"device_start": -1, "device_end": -1}}, "FFC_sans_bias45": {"write": {"device_start": 1585587642.4411128, "host_queued_start": 1585587707.871199, "device_queued": 1585587642.4408665, "device_end": 1585587642.4411404, "host_queued_end": 1585587707.886742}, "device": "gpu", "nd_range": {"device_start": 1585587642.441236, "device_end": 1585587642.4418464}, "cmdq": 3, "read": {"device_start": -1, "device_end": -1}}, "softmax50": {"write": {"device_start": -1, "host_queued_start": 1585587707.882, "device_queued": -1, "device_end": -1, "host_queued_end": 1585587707.886742}, "device": "gpu", "nd_range": {"device_start": 1585587642.4462054, "device_end": 1585587642.4471986}, "cmdq": 3, "read": {"device_start": -1, "device_end": -1}}, "FFC_sans_bias33": {"write": {"device_start": -1, "host_queued_start": 1585587707.914643, "device_queued": -1, "device_end": -1, "host_queued_end": 1585587707.920062}, "device": "cpu", "nd_range": {"device_start": 2255482.2231501583, "device_end": 2255482.228658156}, "cmdq": 0, "read": {"device_start": -1, "device_end": -1}}, "FFC_sans_bias63": {"write": {"device_start": 1585587642.4433446, "host_queued_start": 1585587707.879833, "device_queued": 1585587642.4420955, "device_end": 1585587642.4433763, "host_queued_end": 1585587707.886742}, "device": "gpu", "nd_range": {"device_start": 1585587642.4433827, "device_end": 1585587642.445692}, "cmdq": 1, "read": {"device_start": -1, "device_end": -1}}, "FFC_sans_bias49": {"write": {"device_start": -1, "host_queued_start": 1585587707.881114, "device_queued": -1, "device_end": -1, "host_queued_end": 1585587707.886742}, "device": "gpu", "nd_range": {"device_start": 1585587642.4455907, "device_end": 1585587642.446196}, "cmdq": 0, "read": {"device_start": -1, "device_end": -1}}, "FFC_sans_bias64": {"write": {"device_start": 1585587642.4423528, "host_queued_start": 1585587707.877722, "device_queued": 1585587642.4417455, "device_end": 1585587642.4423835, "host_queued_end": 1585587707.886742}, "device": "gpu", "nd_range": {"device_start": 1585587642.4423876, "device_end": 1585587642.4447181}, "cmdq": 4, "read": {"device_start": -1, "device_end": -1}}, "FFC_sans_bias65": {"write": {"device_start": 1585587642.4429355, "host_queued_start": 1585587707.878795, "device_queued": 1585587642.4420397, "device_end": 1585587642.4429653, "host_queued_end": 1585587707.886742}, "device": "gpu", "nd_range": {"device_start": 1585587642.4429722, "device_end": 1585587642.445227}, "cmdq": 0, "read": {"device_start": -1, "device_end": -1}}, "FFC_sans_bias67": {"write": {"device_start": -1, "host_queued_start": 1585587707.881749, "device_queued": -1, "device_end": -1, "host_queued_end": 1585587707.886742}, "device": "gpu", "nd_range": {"device_start": 1585587642.4456089, "device_end": 1585587642.446654}, "cmdq": 2, "read": {"device_start": -1, "device_end": -1}}, "FFC_sans_bias24": {"write": {"device_start": -1, "host_queued_start": 1585587707.914277, "device_queued": -1, "device_end": -1, "host_queued_end": 1585587707.920062}, "device": "cpu", "nd_range": {"device_start": 2255482.2185911452, "device_end": 2255482.2231449583}, "cmdq": 0, "read": {"device_start": -1, "device_end": -1}}, "FFC_sans_bias25": {"write": {"device_start": -1, "host_queued_start": 1585587707.918021, "device_queued": -1, "device_end": -1, "host_queued_end": 1585587707.920062}, "device": "cpu", "nd_range": {"device_start": 2255482.242885108, "device_end": 2255482.247186861}, "cmdq": 0, "read": {"device_start": -1, "device_end": -1}}, "FFC_sans_bias27": {"write": {"device_start": -1, "host_queued_start": 1585587707.903001, "device_queued": -1, "device_end": -1, "host_queued_end": 1585587707.920062}, "device": "cpu", "nd_range": {"device_start": 2255482.149159177, "device_end": 2255482.1535959314}, "cmdq": 0, "read": {"device_start": -1, "device_end": -1}}, "FFC_sans_bias20": {"write": {"device_start": -1, "host_queued_start": 1585587707.901925, "device_queued": -1, "device_end": -1, "host_queued_end": 1585587707.920062}, "device": "cpu", "nd_range": {"device_start": 2255482.144623353, "device_end": 2255482.149154143}, "cmdq": 0, "read": {"device_start": -1, "device_end": -1}}, "FFC_sans_bias22": {"write": {"device_start": -1, "host_queued_start": 1585587707.911119, "device_queued": -1, "device_end": -1, "host_queued_end": 1585587707.920062}, "device": "cpu", "nd_range": {"device_start": 2255482.186891483, "device_end": 2255482.191662609}, "cmdq": 0, "read": {"device_start": -1, "device_end": -1}}, "softmax68": {"write": {"device_start": -1, "host_queued_start": 1585587707.882495, "device_queued": -1, "device_end": -1, "host_queued_end": 1585587707.886742}, "device": "gpu", "nd_range": {"device_start": 1585587642.4466639, "device_end": 1585587642.447225}, "cmdq": 0, "read": {"device_start": -1, "device_end": -1}}, "softmax5": {"write": {"device_start": -1, "host_queued_start": 1585587707.91209, "device_queued": -1, "device_end": -1, "host_queued_end": 1585587707.920062}, "device": "cpu", "nd_range": {"device_start": 2255482.205484455, "device_end": 2255482.205708167}, "cmdq": 0, "read": {"device_start": -1, "device_end": -1}}, "FFC_sans_bias28": {"write": {"device_start": -1, "host_queued_start": 1585587707.904051, "device_queued": -1, "device_end": -1, "host_queued_end": 1585587707.920062}, "device": "cpu", "nd_range": {"device_start": 2255482.1536013763, "device_end": 2255482.158241449}, "cmdq": 0, "read": {"device_start": -1, "device_end": -1}}, "FFC_sans_bias29": {"write": {"device_start": -1, "host_queued_start": 1585587707.905101, "device_queued": -1, "device_end": -1, "host_queued_end": 1585587707.920062}, "device": "cpu", "nd_range": {"device_start": 2255482.158246573, "device_end": 2255482.1627852973}, "cmdq": 0, "read": {"device_start": -1, "device_end": -1}}, "empty17": {"write": {"device_start": -1, "host_queued_start": 1585587707.889532, "device_queued": -1, "device_end": -1, "host_queued_end": 1585587707.920062}, "device": "cpu", "nd_range": {"device_start": 2255482.109688995, "device_end": 2255482.109690181}, "cmdq": 0, "read": {"device_start": -1, "device_end": -1}}, "softmax59": {"write": {"device_start": -1, "host_queued_start": 1585587707.882249, "device_queued": -1, "device_end": -1, "host_queued_end": 1585587707.886742}, "device": "gpu", "nd_range": {"device_start": 1585587642.4472039, "device_end": 1585587642.4475782}, "cmdq": 4, "read": {"device_start": -1, "device_end": -1}}, "empty71": {"write": {"device_start": 1585587642.4410203, "host_queued_start": 1585587707.87016, "device_queued": 1585587642.4408371, "device_end": 1585587642.4411032, "host_queued_end": 1585587707.886742}, "device": "gpu", "nd_range": {"device_start": 1585587642.441203, "device_end": 1585587642.4412096}, "cmdq": 2, "read": {"device_start": -1, "device_end": -1}}, "empty35": {"write": {"device_start": -1, "host_queued_start": 1585587707.891344, "device_queued": -1, "device_end": -1, "host_queued_end": 1585587707.920062}, "device": "cpu", "nd_range": {"device_start": 2255482.109701976, "device_end": 2255482.1097025364}, "cmdq": 0, "read": {"device_start": -1, "device_end": -1}}, "empty53": {"write": {"device_start": 1585587642.4408083, "host_queued_start": 1585587707.86827, "device_queued": 1585587642.4406765, "device_end": 1585587642.4408433, "host_queued_end": 1585587707.886742}, "device": "gpu", "nd_range": {"device_start": 1585587642.4408464, "device_end": 1585587642.4408514}, "cmdq": 0, "read": {"device_start": -1, "device_end": -1}}, "FFC_sans_bias46": {"write": {"device_start": 1585587642.4412303, "host_queued_start": 1585587707.87228, "device_queued": 1585587642.4411283, "device_end": 1585587642.44126, "host_queued_end": 1585587707.886742}, "device": "gpu", "nd_range": {"device_start": 1585587642.441264, "device_end": 1585587642.4422488}, "cmdq": 4, "read": {"device_start": -1, "device_end": -1}}, "coalesced_transpose66": {"write": {"device_start": -1, "host_queued_start": 1585587707.880784, "device_queued": -1, "device_end": -1, "host_queued_end": 1585587707.886742}, "device": "gpu", "nd_range": {"device_start": 1585587642.4447198, "device_end": 1585587642.4456003}, "cmdq": 4, "read": {"device_start": -1, "device_end": -1}}, "coalesced_transpose48": {"write": {"device_start": -1, "host_queued_start": 1585587707.880166, "device_queued": -1, "device_end": -1, "host_queued_end": 1585587707.886742}, "device": "gpu", "nd_range": {"device_start": 1585587642.4437869, "device_end": 1585587642.4455788}, "cmdq": 2, "read": {"device_start": -1, "device_end": -1}}}