{"FFC_sans_bias60": {"write": {"device_start": -1, "host_queued_start": 1585587356.939178, "device_queued": -1, "device_end": -1, "host_queued_end": 1585587356.942731}, "device": "gpu", "nd_range": {"device_start": 1585587291.512816, "device_end": 1585587291.5136635}, "cmdq": 0, "read": {"device_start": -1, "device_end": -1}}, "FFC_sans_bias4": {"write": {"device_start": -1, "host_queued_start": 1585587356.966125, "device_queued": -1, "device_end": -1, "host_queued_end": 1585587356.975721}, "device": "cpu", "nd_range": {"device_start": 2255131.252441986, "device_end": 2255131.261318543}, "cmdq": 1, "read": {"device_start": -1, "device_end": -1}}, "FFC_sans_bias7": {"write": {"device_start": -1, "host_queued_start": 1585587356.971726, "device_queued": -1, "device_end": -1, "host_queued_end": 1585587356.975721}, "device": "cpu", "nd_range": {"device_start": 2255131.2895312062, "device_end": 2255131.297595094}, "cmdq": 0, "read": {"device_start": -1, "device_end": -1}}, "FFC_sans_bias6": {"write": {"device_start": -1, "host_queued_start": 1585587356.969246, "device_queued": -1, "device_end": -1, "host_queued_end": 1585587356.975721}, "device": "cpu", "nd_range": {"device_start": 2255131.275698012, "device_end": 2255131.287402612}, "cmdq": 1, "read": {"device_start": -1, "device_end": -1}}, "FFC_sans_bias1": {"write": {"device_start": -1, "host_queued_start": 1585587356.950002, "device_queued": -1, "device_end": -1, "host_queued_end": 1585587356.975721}, "device": "cpu", "nd_range": {"device_start": 2255131.165362099, "device_end": 2255131.173111348}, "cmdq": 0, "read": {"device_start": -1, "device_end": -1}}, "FFC_sans_bias0": {"write": {"device_start": -1, "host_queued_start": 1585587356.948961, "device_queued": -1, "device_end": -1, "host_queued_end": 1585587356.975721}, "device": "cpu", "nd_range": {"device_start": 2255131.1653934633, "device_end": 2255131.1778189363}, "cmdq": 1, "read": {"device_start": -1, "device_end": -1}}, "FFC_sans_bias2": {"write": {"device_start": -1, "host_queued_start": 1585587356.951172, "device_queued": -1, "device_end": -1, "host_queued_end": 1585587356.975721}, "device": "cpu", "nd_range": {"device_start": 2255131.179753759, "device_end": 2255131.1881351373}, "cmdq": 1, "read": {"device_start": -1, "device_end": -1}}, "FFC_sans_bias61": {"write": {"device_start": 1585587291.51436, "host_queued_start": 1585587356.941572, "device_queued": 1585587291.5080042, "device_end": 1585587291.5143912, "host_queued_end": 1585587356.942731}, "device": "gpu", "nd_range": {"device_start": 1585587291.5143957, "device_end": 1585587291.515181}, "cmdq": 1, "read": {"device_start": 1585587291.5151892, "device_end": 1585587291.5152187}}, "FFC_sans_bias52": {"write": {"device_start": 1585587291.5137966, "host_queued_start": 1585587356.94053, "device_queued": 1585587291.5079603, "device_end": 1585587291.513827, "host_queued_end": 1585587356.942731}, "device": "gpu", "nd_range": {"device_start": 1585587291.5138333, "device_end": 1585587291.514662}, "cmdq": 0, "read": {"device_start": 1585587291.5146658, "device_end": 1585587291.5146902}}, "FFC_sans_bias9": {"write": {"device_start": -1, "host_queued_start": 1585587356.952354, "device_queued": -1, "device_end": -1, "host_queued_end": 1585587356.975721}, "device": "cpu", "nd_range": {"device_start": 2255131.173117768, "device_end": 2255131.182006896}, "cmdq": 0, "read": {"device_start": -1, "device_end": -1}}, "coalesced_transpose39": {"write": {"device_start": -1, "host_queued_start": 1585587356.965782, "device_queued": -1, "device_end": -1, "host_queued_end": 1585587356.975721}, "device": "cpu", "nd_range": {"device_start": 2255131.247272191, "device_end": 2255131.247506766}, "cmdq": 0, "read": {"device_start": -1, "device_end": -1}}, "FFC_sans_bias55": {"write": {"device_start": 1585587291.5085974, "host_queued_start": 1585587356.932627, "device_queued": 1585587291.5068936, "device_end": 1585587291.508625, "host_queued_end": 1585587356.942731}, "device": "gpu", "nd_range": {"device_start": 1585587291.5086286, "device_end": 1585587291.5094962}, "cmdq": 0, "read": {"device_start": -1, "device_end": -1}}, "FFC_sans_bias54": {"write": {"device_start": 1585587291.5082126, "host_queued_start": 1585587356.931602, "device_queued": 1585587291.5067415, "device_end": 1585587291.508244, "host_queued_end": 1585587356.942731}, "device": "gpu", "nd_range": {"device_start": 1585587291.5082479, "device_end": 1585587291.5090327}, "cmdq": 1, "read": {"device_start": -1, "device_end": -1}}, "FFC_sans_bias56": {"write": {"device_start": 1585587291.5076222, "host_queued_start": 1585587356.930539, "device_queued": 1585587291.5067, "device_end": 1585587291.5076542, "host_queued_end": 1585587356.942731}, "device": "gpu", "nd_range": {"device_start": 1585587291.507659, "device_end": 1585587291.5084984}, "cmdq": 0, "read": {"device_start": -1, "device_end": -1}}, "FFC_sans_bias51": {"write": {"device_start": -1, "host_queued_start": 1585587356.938854, "device_queued": -1, "device_end": -1, "host_queued_end": 1585587356.942731}, "device": "gpu", "nd_range": {"device_start": 1585587291.512659, "device_end": 1585587291.5132601}, "cmdq": 1, "read": {"device_start": -1, "device_end": -1}}, "softmax23": {"write": {"device_start": -1, "host_queued_start": 1585587356.968322, "device_queued": -1, "device_end": -1, "host_queued_end": 1585587356.975721}, "device": "cpu", "nd_range": {"device_start": 2255131.269824805, "device_end": 2255131.270037021}, "cmdq": 0, "read": {"device_start": -1, "device_end": -1}}, "FFC_sans_bias37": {"write": {"device_start": -1, "host_queued_start": 1585587356.963002, "device_queued": -1, "device_end": -1, "host_queued_end": 1585587356.975721}, "device": "cpu", "nd_range": {"device_start": 2255131.23714402, "device_end": 2255131.246405589}, "cmdq": 0, "read": {"device_start": -1, "device_end": -1}}, "empty62": {"write": {"device_start": 1585587291.5062408, "host_queued_start": 1585587356.925577, "device_queued": 1585587291.5061064, "device_end": 1585587291.5063102, "host_queued_end": 1585587356.942731}, "device": "gpu", "nd_range": {"device_start": 1585587291.5063226, "device_end": 1585587291.5063276}, "cmdq": 1, "read": {"device_start": -1, "device_end": -1}}, "FFC_sans_bias70": {"write": {"device_start": 1585587291.5149, "host_queued_start": 1585587356.942628, "device_queued": 1585587291.5083375, "device_end": 1585587291.5149307, "host_queued_end": 1585587356.942731}, "device": "gpu", "nd_range": {"device_start": 1585587291.5149367, "device_end": 1585587291.515642}, "cmdq": 0, "read": {"device_start": 1585587291.5156481, "device_end": 1585587291.5156713}}, "FFC_sans_bias58": {"write": {"device_start": -1, "host_queued_start": 1585587356.937474, "device_queued": -1, "device_end": -1, "host_queued_end": 1585587356.942731}, "device": "gpu", "nd_range": {"device_start": 1585587291.5109627, "device_end": 1585587291.5119677}, "cmdq": 0, "read": {"device_start": -1, "device_end": -1}}, "softmax41": {"write": {"device_start": -1, "host_queued_start": 1585587356.968878, "device_queued": -1, "device_end": -1, "host_queued_end": 1585587356.975721}, "device": "cpu", "nd_range": {"device_start": 2255131.274254714, "device_end": 2255131.274423674}, "cmdq": 0, "read": {"device_start": -1, "device_end": -1}}, "FFC_sans_bias11": {"write": {"device_start": -1, "host_queued_start": 1585587356.954537, "device_queued": -1, "device_end": -1, "host_queued_end": 1585587356.975721}, "device": "cpu", "nd_range": {"device_start": 2255131.1821359713, "device_end": 2255131.204508895}, "cmdq": 0, "read": {"device_start": -1, "device_end": -1}}, "FFC_sans_bias10": {"write": {"device_start": -1, "host_queued_start": 1585587356.953477, "device_queued": -1, "device_end": -1, "host_queued_end": 1585587356.975721}, "device": "cpu", "nd_range": {"device_start": 2255131.188257493, "device_end": 2255131.204508868}, "cmdq": 1, "read": {"device_start": -1, "device_end": -1}}, "coalesced_transpose3": {"write": {"device_start": -1, "host_queued_start": 1585587356.964376, "device_queued": -1, "device_end": -1, "host_queued_end": 1585587356.975721}, "device": "cpu", "nd_range": {"device_start": 2255131.2465347373, "device_end": 2255131.2467856053}, "cmdq": 0, "read": {"device_start": -1, "device_end": -1}}, "FFC_sans_bias34": {"write": {"device_start": -1, "host_queued_start": 1585587356.974692, "device_queued": -1, "device_end": -1, "host_queued_end": 1585587356.975721}, "device": "cpu", "nd_range": {"device_start": 2255131.313770789, "device_end": 2255131.319672747}, "cmdq": 1, "read": {"device_start": -1, "device_end": -1}}, "FFC_sans_bias15": {"write": {"device_start": -1, "host_queued_start": 1585587356.96961, "device_queued": -1, "device_end": -1, "host_queued_end": 1585587356.975721}, "device": "cpu", "nd_range": {"device_start": 2255131.2745674173, "device_end": 2255131.2805701853}, "cmdq": 0, "read": {"device_start": -1, "device_end": -1}}, "FFC_sans_bias31": {"write": {"device_start": -1, "host_queued_start": 1585587356.967149, "device_queued": -1, "device_end": -1, "host_queued_end": 1585587356.975721}, "device": "cpu", "nd_range": {"device_start": 2255131.259440651, "device_end": 2255131.2679417823}, "cmdq": 0, "read": {"device_start": -1, "device_end": -1}}, "FFC_sans_bias16": {"write": {"device_start": -1, "host_queued_start": 1585587356.972713, "device_queued": -1, "device_end": -1, "host_queued_end": 1585587356.975721}, "device": "cpu", "nd_range": {"device_start": 2255131.302268587, "device_end": 2255131.313766592}, "cmdq": 1, "read": {"device_start": -1, "device_end": -1}}, "FFC_sans_bias19": {"write": {"device_start": -1, "host_queued_start": 1585587356.956662, "device_queued": -1, "device_end": -1, "host_queued_end": 1585587356.975721}, "device": "cpu", "nd_range": {"device_start": 2255131.2045355043, "device_end": 2255131.2161462433}, "cmdq": 0, "read": {"device_start": -1, "device_end": -1}}, "FFC_sans_bias18": {"write": {"device_start": -1, "host_queued_start": 1585587356.955625, "device_queued": -1, "device_end": -1, "host_queued_end": 1585587356.975721}, "device": "cpu", "nd_range": {"device_start": 2255131.204535535, "device_end": 2255131.212777786}, "cmdq": 1, "read": {"device_start": -1, "device_end": -1}}, "coalesced_transpose30": {"write": {"device_start": -1, "host_queued_start": 1585587356.965361, "device_queued": -1, "device_end": -1, "host_queued_end": 1585587356.975721}, "device": "cpu", "nd_range": {"device_start": 2255131.25123729, "device_end": 2255131.252326944}, "cmdq": 1, "read": {"device_start": -1, "device_end": -1}}, "FFC_sans_bias69": {"write": {"device_start": -1, "host_queued_start": 1585587356.939486, "device_queued": -1, "device_end": -1, "host_queued_end": 1585587356.942731}, "device": "gpu", "nd_range": {"device_start": 1585587291.5132647, "device_end": 1585587291.514234}, "cmdq": 1, "read": {"device_start": -1, "device_end": -1}}, "FFC_sans_bias38": {"write": {"device_start": -1, "host_queued_start": 1585587356.964048, "device_queued": -1, "device_end": -1, "host_queued_end": 1585587356.975721}, "device": "cpu", "nd_range": {"device_start": 2255131.2410677033, "device_end": 2255131.250832171}, "cmdq": 1, "read": {"device_start": -1, "device_end": -1}}, "coalesced_transpose57": {"write": {"device_start": -1, "host_queued_start": 1585587356.93655, "device_queued": -1, "device_end": -1, "host_queued_end": 1585587356.942731}, "device": "gpu", "nd_range": {"device_start": 1585587291.5109386, "device_end": 1585587291.51095}, "cmdq": 1, "read": {"device_start": -1, "device_end": -1}}, "empty26": {"write": {"device_start": -1, "host_queued_start": 1585587356.946215, "device_queued": -1, "device_end": -1, "host_queued_end": 1585587356.975721}, "device": "cpu", "nd_range": {"device_start": 2255131.1653457773, "device_end": 2255131.165347016}, "cmdq": 0, "read": {"device_start": -1, "device_end": -1}}, "coalesced_transpose12": {"write": {"device_start": -1, "host_queued_start": 1585587356.964705, "device_queued": -1, "device_end": -1, "host_queued_end": 1585587356.975721}, "device": "cpu", "nd_range": {"device_start": 2255131.250849752, "device_end": 2255131.2511041793}, "cmdq": 1, "read": {"device_start": -1, "device_end": -1}}, "empty44": {"write": {"device_start": -1, "host_queued_start": 1585587356.948007, "device_queued": -1, "device_end": -1, "host_queued_end": 1585587356.975721}, "device": "cpu", "nd_range": {"device_start": 2255131.1653541233, "device_end": 2255131.165354841}, "cmdq": 0, "read": {"device_start": -1, "device_end": -1}}, "coalesced_transpose21": {"write": {"device_start": -1, "host_queued_start": 1585587356.965033, "device_queued": -1, "device_end": -1, "host_queued_end": 1585587356.975721}, "device": "cpu", "nd_range": {"device_start": 2255131.2469040193, "device_end": 2255131.247154571}, "cmdq": 0, "read": {"device_start": -1, "device_end": -1}}, "FFC_sans_bias36": {"write": {"device_start": -1, "host_queued_start": 1585587356.961923, "device_queued": -1, "device_end": -1, "host_queued_end": 1585587356.975721}, "device": "cpu", "nd_range": {"device_start": 2255131.231455955, "device_end": 2255131.240941227}, "cmdq": 1, "read": {"device_start": -1, "device_end": -1}}, "softmax14": {"write": {"device_start": -1, "host_queued_start": 1585587356.968048, "device_queued": -1, "device_end": -1, "host_queued_end": 1585587356.975721}, "device": "cpu", "nd_range": {"device_start": 2255131.274255976, "device_end": 2255131.2745414283}, "cmdq": 1, "read": {"device_start": -1, "device_end": -1}}, "FFC_sans_bias13": {"write": {"device_start": -1, "host_queued_start": 1585587356.966465, "device_queued": -1, "device_end": -1, "host_queued_end": 1585587356.975721}, "device": "cpu", "nd_range": {"device_start": 2255131.2512355433, "device_end": 2255131.259301808}, "cmdq": 0, "read": {"device_start": -1, "device_end": -1}}, "empty8": {"write": {"device_start": -1, "host_queued_start": 1585587356.944112, "device_queued": -1, "device_end": -1, "host_queued_end": 1585587356.975721}, "device": "cpu", "nd_range": {"device_start": 2255131.165310163, "device_end": 2255131.1653252663}, "cmdq": 0, "read": {"device_start": -1, "device_end": -1}}, "FFC_sans_bias42": {"write": {"device_start": -1, "host_queued_start": 1585587356.970688, "device_queued": -1, "device_end": -1, "host_queued_end": 1585587356.975721}, "device": "cpu", "nd_range": {"device_start": 2255131.296505638, "device_end": 2255131.302262194}, "cmdq": 1, "read": {"device_start": -1, "device_end": -1}}, "FFC_sans_bias43": {"write": {"device_start": -1, "host_queued_start": 1585587356.975678, "device_queued": -1, "device_end": -1, "host_queued_end": 1585587356.975721}, "device": "cpu", "nd_range": {"device_start": 2255131.305367189, "device_end": 2255131.3137168773}, "cmdq": 0, "read": {"device_start": -1, "device_end": -1}}, "FFC_sans_bias40": {"write": {"device_start": -1, "host_queued_start": 1585587356.967494, "device_queued": -1, "device_end": -1, "host_queued_end": 1585587356.975721}, "device": "cpu", "nd_range": {"device_start": 2255131.2698245943, "device_end": 2255131.2742474843}, "cmdq": 1, "read": {"device_start": -1, "device_end": -1}}, "softmax32": {"write": {"device_start": -1, "host_queued_start": 1585587356.968594, "device_queued": -1, "device_end": -1, "host_queued_end": 1585587356.975721}, "device": "cpu", "nd_range": {"device_start": 2255131.274565002, "device_end": 2255131.275690943}, "cmdq": 1, "read": {"device_start": -1, "device_end": -1}}, "FFC_sans_bias47": {"write": {"device_start": 1585587291.5071905, "host_queued_start": 1585587356.929509, "device_queued": 1585587291.5065498, "device_end": 1585587291.507221, "host_queued_end": 1585587356.942731}, "device": "gpu", "nd_range": {"device_start": 1585587291.5072246, "device_end": 1585587291.5080712}, "cmdq": 1, "read": {"device_start": -1, "device_end": -1}}, "FFC_sans_bias45": {"write": {"device_start": 1585587291.50643, "host_queued_start": 1585587356.927436, "device_queued": 1585587291.5062368, "device_end": 1585587291.5064547, "host_queued_end": 1585587356.942731}, "device": "gpu", "nd_range": {"device_start": 1585587291.5064912, "device_end": 1585587291.507095}, "cmdq": 1, "read": {"device_start": -1, "device_end": -1}}, "softmax50": {"write": {"device_start": -1, "host_queued_start": 1585587356.938033, "device_queued": -1, "device_end": -1, "host_queued_end": 1585587356.942731}, "device": "gpu", "nd_range": {"device_start": 1585587291.5119727, "device_end": 1585587291.5125422}, "cmdq": 0, "read": {"device_start": -1, "device_end": -1}}, "FFC_sans_bias33": {"write": {"device_start": -1, "host_queued_start": 1585587356.970332, "device_queued": -1, "device_end": -1, "host_queued_end": 1585587356.975721}, "device": "cpu", "nd_range": {"device_start": 2255131.280690223, "device_end": 2255131.289421088}, "cmdq": 0, "read": {"device_start": -1, "device_end": -1}}, "FFC_sans_bias63": {"write": {"device_start": 1585587291.510087, "host_queued_start": 1585587356.935927, "device_queued": 1585587291.5071356, "device_end": 1585587291.510119, "host_queued_end": 1585587356.942731}, "device": "gpu", "nd_range": {"device_start": 1585587291.5101233, "device_end": 1585587291.510935}, "cmdq": 1, "read": {"device_start": -1, "device_end": -1}}, "FFC_sans_bias49": {"write": {"device_start": -1, "host_queued_start": 1585587356.937164, "device_queued": -1, "device_end": -1, "host_queued_end": 1585587356.942731}, "device": "gpu", "nd_range": {"device_start": 1585587291.5109556, "device_end": 1585587291.5115619}, "cmdq": 1, "read": {"device_start": -1, "device_end": -1}}, "FFC_sans_bias64": {"write": {"device_start": 1585587291.5091372, "host_queued_start": 1585587356.93365, "device_queued": 1585587291.506935, "device_end": 1585587291.5091634, "host_queued_end": 1585587356.942731}, "device": "gpu", "nd_range": {"device_start": 1585587291.5091686, "device_end": 1585587291.509968}, "cmdq": 1, "read": {"device_start": -1, "device_end": -1}}, "FFC_sans_bias65": {"write": {"device_start": 1585587291.5096004, "host_queued_start": 1585587356.934887, "device_queued": 1585587291.5070863, "device_end": 1585587291.5096269, "host_queued_end": 1585587356.942731}, "device": "gpu", "nd_range": {"device_start": 1585587291.5096312, "device_end": 1585587291.5104873}, "cmdq": 0, "read": {"device_start": -1, "device_end": -1}}, "FFC_sans_bias67": {"write": {"device_start": -1, "host_queued_start": 1585587356.937786, "device_queued": -1, "device_end": -1, "host_queued_end": 1585587356.942731}, "device": "gpu", "nd_range": {"device_start": 1585587291.5115674, "device_end": 1585587291.5124512}, "cmdq": 1, "read": {"device_start": -1, "device_end": -1}}, "FFC_sans_bias24": {"write": {"device_start": -1, "host_queued_start": 1585587356.96997, "device_queued": -1, "device_end": -1, "host_queued_end": 1585587356.975721}, "device": "cpu", "nd_range": {"device_start": 2255131.287409556, "device_end": 2255131.2964984593}, "cmdq": 1, "read": {"device_start": -1, "device_end": -1}}, "FFC_sans_bias25": {"write": {"device_start": -1, "host_queued_start": 1585587356.9737, "device_queued": -1, "device_end": -1, "host_queued_end": 1585587356.975721}, "device": "cpu", "nd_range": {"device_start": 2255131.297601221, "device_end": 2255131.305361494}, "cmdq": 0, "read": {"device_start": -1, "device_end": -1}}, "FFC_sans_bias27": {"write": {"device_start": -1, "host_queued_start": 1585587356.958757, "device_queued": -1, "device_end": -1, "host_queued_end": 1585587356.975721}, "device": "cpu", "nd_range": {"device_start": 2255131.216290643, "device_end": 2255131.230155872}, "cmdq": 0, "read": {"device_start": -1, "device_end": -1}}, "FFC_sans_bias20": {"write": {"device_start": -1, "host_queued_start": 1585587356.957701, "device_queued": -1, "device_end": -1, "host_queued_end": 1585587356.975721}, "device": "cpu", "nd_range": {"device_start": 2255131.212932874, "device_end": 2255131.2210533903}, "cmdq": 1, "read": {"device_start": -1, "device_end": -1}}, "FFC_sans_bias22": {"write": {"device_start": -1, "host_queued_start": 1585587356.96681, "device_queued": -1, "device_end": -1, "host_queued_end": 1585587356.975721}, "device": "cpu", "nd_range": {"device_start": 2255131.261434322, "device_end": 2255131.269811237}, "cmdq": 1, "read": {"device_start": -1, "device_end": -1}}, "softmax68": {"write": {"device_start": -1, "host_queued_start": 1585587356.938522, "device_queued": -1, "device_end": -1, "host_queued_end": 1585587356.942731}, "device": "gpu", "nd_range": {"device_start": 1585587291.5125468, "device_end": 1585587291.5128117}, "cmdq": 0, "read": {"device_start": -1, "device_end": -1}}, "softmax5": {"write": {"device_start": -1, "host_queued_start": 1585587356.967773, "device_queued": -1, "device_end": -1, "host_queued_end": 1585587356.975721}, "device": "cpu", "nd_range": {"device_start": 2255131.2679511462, "device_end": 2255131.2687462303}, "cmdq": 0, "read": {"device_start": -1, "device_end": -1}}, "FFC_sans_bias28": {"write": {"device_start": -1, "host_queued_start": 1585587356.959823, "device_queued": -1, "device_end": -1, "host_queued_end": 1585587356.975721}, "device": "cpu", "nd_range": {"device_start": 2255131.2212162693, "device_end": 2255131.2313157683}, "cmdq": 1, "read": {"device_start": -1, "device_end": -1}}, "FFC_sans_bias29": {"write": {"device_start": -1, "host_queued_start": 1585587356.960881, "device_queued": -1, "device_end": -1, "host_queued_end": 1585587356.975721}, "device": "cpu", "nd_range": {"device_start": 2255131.2303431854, "device_end": 2255131.23701247}, "cmdq": 0, "read": {"device_start": -1, "device_end": -1}}, "empty17": {"write": {"device_start": -1, "host_queued_start": 1585587356.945177, "device_queued": -1, "device_end": -1, "host_queued_end": 1585587356.975721}, "device": "cpu", "nd_range": {"device_start": 2255131.165318789, "device_end": 2255131.165325277}, "cmdq": 1, "read": {"device_start": -1, "device_end": -1}}, "softmax59": {"write": {"device_start": -1, "host_queued_start": 1585587356.938275, "device_queued": -1, "device_end": -1, "host_queued_end": 1585587356.942731}, "device": "gpu", "nd_range": {"device_start": 1585587291.5124557, "device_end": 1585587291.5126545}, "cmdq": 1, "read": {"device_start": -1, "device_end": -1}}, "empty71": {"write": {"device_start": 1585587291.506333, "host_queued_start": 1585587356.926418, "device_queued": 1585587291.506146, "device_end": 1585587291.506405, "host_queued_end": 1585587356.942731}, "device": "gpu", "nd_range": {"device_start": 1585587291.5064085, "device_end": 1585587291.5064123}, "cmdq": 0, "read": {"device_start": -1, "device_end": -1}}, "empty35": {"write": {"device_start": -1, "host_queued_start": 1585587356.947123, "device_queued": -1, "device_end": -1, "host_queued_end": 1585587356.975721}, "device": "cpu", "nd_range": {"device_start": 2255131.1653755433, "device_end": 2255131.16537693}, "cmdq": 1, "read": {"device_start": -1, "device_end": -1}}, "empty53": {"write": {"device_start": 1585587291.506131, "host_queued_start": 1585587356.924541, "device_queued": 1585587291.5060022, "device_end": 1585587291.5061781, "host_queued_end": 1585587356.942731}, "device": "gpu", "nd_range": {"device_start": 1585587291.506191, "device_end": 1585587291.5061975}, "cmdq": 0, "read": {"device_start": -1, "device_end": -1}}, "FFC_sans_bias46": {"write": {"device_start": 1585587291.5066054, "host_queued_start": 1585587356.928473, "device_queued": 1585587291.5065045, "device_end": 1585587291.5066378, "host_queued_end": 1585587356.942731}, "device": "gpu", "nd_range": {"device_start": 1585587291.5066411, "device_end": 1585587291.5075045}, "cmdq": 0, "read": {"device_start": -1, "device_end": -1}}, "coalesced_transpose66": {"write": {"device_start": -1, "host_queued_start": 1585587356.936849, "device_queued": -1, "device_end": -1, "host_queued_end": 1585587356.942731}, "device": "gpu", "nd_range": {"device_start": 1585587291.5108378, "device_end": 1585587291.5108602}, "cmdq": 0, "read": {"device_start": -1, "device_end": -1}}, "coalesced_transpose48": {"write": {"device_start": -1, "host_queued_start": 1585587356.936248, "device_queued": -1, "device_end": -1, "host_queued_end": 1585587356.942731}, "device": "gpu", "nd_range": {"device_start": 1585587291.5104887, "device_end": 1585587291.5108268}, "cmdq": 0, "read": {"device_start": -1, "device_end": -1}}}