{"FFC_sans_bias60": {"write": {"device_start": -1, "host_queued_start": 1585587763.626813, "device_queued": -1, "device_end": -1, "host_queued_end": 1585587763.633866}, "device": "cpu", "nd_range": {"device_start": 2255537.979800426, "device_end": 2255537.996757314}, "cmdq": 1, "read": {"device_start": -1, "device_end": -1}}, "FFC_sans_bias4": {"write": {"device_start": -1, "host_queued_start": 1585587763.620335, "device_queued": -1, "device_end": -1, "host_queued_end": 1585587763.633866}, "device": "cpu", "nd_range": {"device_start": 2255537.916426804, "device_end": 2255537.9316115053}, "cmdq": 2, "read": {"device_start": -1, "device_end": -1}}, "FFC_sans_bias7": {"write": {"device_start": -1, "host_queued_start": 1585587763.627862, "device_queued": -1, "device_end": -1, "host_queued_end": 1585587763.633866}, "device": "cpu", "nd_range": {"device_start": 2255537.979334541, "device_end": 2255537.9899475053}, "cmdq": 2, "read": {"device_start": -1, "device_end": -1}}, "FFC_sans_bias6": {"write": {"device_start": -1, "host_queued_start": 1585587763.624736, "device_queued": -1, "device_end": -1, "host_queued_end": 1585587763.633866}, "device": "cpu", "nd_range": {"device_start": 2255537.948761016, "device_end": 2255537.96449496}, "cmdq": 1, "read": {"device_start": -1, "device_end": -1}}, "FFC_sans_bias1": {"write": {"device_start": -1, "host_queued_start": 1585587763.597523, "device_queued": -1, "device_end": -1, "host_queued_end": 1585587763.633866}, "device": "cpu", "nd_range": {"device_start": 2255537.824368184, "device_end": 2255537.837142323}, "cmdq": 2, "read": {"device_start": -1, "device_end": -1}}, "FFC_sans_bias0": {"write": {"device_start": -1, "host_queued_start": 1585587763.596479, "device_queued": -1, "device_end": -1, "host_queued_end": 1585587763.633866}, "device": "cpu", "nd_range": {"device_start": 2255537.8235156313, "device_end": 2255537.835355483}, "cmdq": 1, "read": {"device_start": -1, "device_end": -1}}, "FFC_sans_bias2": {"write": {"device_start": -1, "host_queued_start": 1585587763.598594, "device_queued": -1, "device_end": -1, "host_queued_end": 1585587763.633866}, "device": "cpu", "nd_range": {"device_start": 2255537.82352074, "device_end": 2255537.832172994}, "cmdq": 0, "read": {"device_start": -1, "device_end": -1}}, "FFC_sans_bias61": {"write": {"device_start": -1, "host_queued_start": 1585587763.63382, "device_queued": -1, "device_end": -1, "host_queued_end": 1585587763.633866}, "device": "cpu", "nd_range": {"device_start": 2255537.998160305, "device_end": 2255538.007664855}, "cmdq": 2, "read": {"device_start": -1, "device_end": -1}}, "FFC_sans_bias52": {"write": {"device_start": -1, "host_queued_start": 1585587763.63282, "device_queued": -1, "device_end": -1, "host_queued_end": 1585587763.633866}, "device": "cpu", "nd_range": {"device_start": 2255538.0034038513, "device_end": 2255538.0120525733}, "cmdq": 1, "read": {"device_start": -1, "device_end": -1}}, "FFC_sans_bias9": {"write": {"device_start": -1, "host_queued_start": 1585587763.599657, "device_queued": -1, "device_end": -1, "host_queued_end": 1585587763.633866}, "device": "cpu", "nd_range": {"device_start": 2255537.8354710042, "device_end": 2255537.846329178}, "cmdq": 1, "read": {"device_start": -1, "device_end": -1}}, "coalesced_transpose39": {"write": {"device_start": -1, "host_queued_start": 1585587763.619249, "device_queued": -1, "device_end": -1, "host_queued_end": 1585587763.633866}, "device": "cpu", "nd_range": {"device_start": 2255537.915960933, "device_end": 2255537.9162225593}, "cmdq": 2, "read": {"device_start": -1, "device_end": -1}}, "FFC_sans_bias55": {"write": {"device_start": -1, "host_queued_start": 1585587763.617569, "device_queued": -1, "device_end": -1, "host_queued_end": 1585587763.633866}, "device": "cpu", "nd_range": {"device_start": 2255537.89328393, "device_end": 2255537.9056265783}, "cmdq": 0, "read": {"device_start": -1, "device_end": -1}}, "FFC_sans_bias54": {"write": {"device_start": -1, "host_queued_start": 1585587763.616533, "device_queued": -1, "device_end": -1, "host_queued_end": 1585587763.633866}, "device": "cpu", "nd_range": {"device_start": 2255537.907513653, "device_end": 2255537.915549797}, "cmdq": 2, "read": {"device_start": -1, "device_end": -1}}, "FFC_sans_bias56": {"write": {"device_start": -1, "host_queued_start": 1585587763.615493, "device_queued": -1, "device_end": -1, "host_queued_end": 1585587763.633866}, "device": "cpu", "nd_range": {"device_start": 2255537.9020220153, "device_end": 2255537.915300881}, "cmdq": 1, "read": {"device_start": -1, "device_end": -1}}, "FFC_sans_bias51": {"write": {"device_start": -1, "host_queued_start": 1585587763.626462, "device_queued": -1, "device_end": -1, "host_queued_end": 1585587763.633866}, "device": "cpu", "nd_range": {"device_start": 2255537.9542833813, "device_end": 2255537.965690977}, "cmdq": 0, "read": {"device_start": -1, "device_end": -1}}, "softmax23": {"write": {"device_start": -1, "host_queued_start": 1585587763.623272, "device_queued": -1, "device_end": -1, "host_queued_end": 1585587763.633866}, "device": "cpu", "nd_range": {"device_start": 2255537.947086682, "device_end": 2255537.947296381}, "cmdq": 2, "read": {"device_start": -1, "device_end": -1}}, "FFC_sans_bias37": {"write": {"device_start": -1, "host_queued_start": 1585587763.610241, "device_queued": -1, "device_end": -1, "host_queued_end": 1585587763.633866}, "device": "cpu", "nd_range": {"device_start": 2255537.87659627, "device_end": 2255537.897068349}, "cmdq": 2, "read": {"device_start": -1, "device_end": -1}}, "empty62": {"write": {"device_start": -1, "host_queued_start": 1585587763.59553, "device_queued": -1, "device_end": -1, "host_queued_end": 1585587763.633866}, "device": "cpu", "nd_range": {"device_start": 2255537.8235150203, "device_end": 2255537.823515701}, "cmdq": 0, "read": {"device_start": -1, "device_end": -1}}, "FFC_sans_bias70": {"write": {"device_start": 1585587698.1436691, "host_queued_start": 1585587763.588878, "device_queued": 1585587698.1421425, "device_end": 1585587698.1436985, "host_queued_end": 1585587763.589114}, "device": "gpu", "nd_range": {"device_start": 1585587698.1449575, "device_end": 1585587698.145544}, "cmdq": 3, "read": {"device_start": 1585587698.1455462, "device_end": 1585587698.1455686}}, "FFC_sans_bias58": {"write": {"device_start": -1, "host_queued_start": 1585587763.622415, "device_queued": -1, "device_end": -1, "host_queued_end": 1585587763.633866}, "device": "cpu", "nd_range": {"device_start": 2255537.9398090714, "device_end": 2255537.9469732833}, "cmdq": 2, "read": {"device_start": -1, "device_end": -1}}, "softmax41": {"write": {"device_start": -1, "host_queued_start": 1585587763.623835, "device_queued": -1, "device_end": -1, "host_queued_end": 1585587763.633866}, "device": "cpu", "nd_range": {"device_start": 2255537.948544472, "device_end": 2255537.948754833}, "cmdq": 1, "read": {"device_start": -1, "device_end": -1}}, "FFC_sans_bias11": {"write": {"device_start": -1, "host_queued_start": 1585587763.601786, "device_queued": -1, "device_end": -1, "host_queued_end": 1585587763.633866}, "device": "cpu", "nd_range": {"device_start": 2255537.832300467, "device_end": 2255537.8474730193}, "cmdq": 0, "read": {"device_start": -1, "device_end": -1}}, "FFC_sans_bias10": {"write": {"device_start": -1, "host_queued_start": 1585587763.600694, "device_queued": -1, "device_end": -1, "host_queued_end": 1585587763.633866}, "device": "cpu", "nd_range": {"device_start": 2255537.837254189, "device_end": 2255537.8495723973}, "cmdq": 2, "read": {"device_start": -1, "device_end": -1}}, "coalesced_transpose3": {"write": {"device_start": -1, "host_queued_start": 1585587763.617908, "device_queued": -1, "device_end": -1, "host_queued_end": 1585587763.633866}, "device": "cpu", "nd_range": {"device_start": 2255537.915644071, "device_end": 2255537.915794045}, "cmdq": 1, "read": {"device_start": -1, "device_end": -1}}, "FFC_sans_bias34": {"write": {"device_start": -1, "host_queued_start": 1585587763.630841, "device_queued": -1, "device_end": -1, "host_queued_end": 1585587763.633866}, "device": "cpu", "nd_range": {"device_start": 2255537.989953557, "device_end": 2255537.998155399}, "cmdq": 2, "read": {"device_start": -1, "device_end": -1}}, "FFC_sans_bias15": {"write": {"device_start": -1, "host_queued_start": 1585587763.625091, "device_queued": -1, "device_end": -1, "host_queued_end": 1585587763.633866}, "device": "cpu", "nd_range": {"device_start": 2255537.952094052, "device_end": 2255537.96716183}, "cmdq": 2, "read": {"device_start": -1, "device_end": -1}}, "FFC_sans_bias31": {"write": {"device_start": -1, "host_queued_start": 1585587763.621365, "device_queued": -1, "device_end": -1, "host_queued_end": 1585587763.633866}, "device": "cpu", "nd_range": {"device_start": 2255537.9318310833, "device_end": 2255537.939697212}, "cmdq": 2, "read": {"device_start": -1, "device_end": -1}}, "FFC_sans_bias16": {"write": {"device_start": -1, "host_queued_start": 1585587763.628857, "device_queued": -1, "device_end": -1, "host_queued_end": 1585587763.633866}, "device": "cpu", "nd_range": {"device_start": 2255537.9682412012, "device_end": 2255537.9803086403}, "cmdq": 0, "read": {"device_start": -1, "device_end": -1}}, "FFC_sans_bias19": {"write": {"device_start": -1, "host_queued_start": 1585587763.603928, "device_queued": -1, "device_end": -1, "host_queued_end": 1585587763.633866}, "device": "cpu", "nd_range": {"device_start": 2255537.8496840573, "device_end": 2255537.86204844}, "cmdq": 2, "read": {"device_start": -1, "device_end": -1}}, "FFC_sans_bias18": {"write": {"device_start": -1, "host_queued_start": 1585587763.602887, "device_queued": -1, "device_end": -1, "host_queued_end": 1585587763.633866}, "device": "cpu", "nd_range": {"device_start": 2255537.848606583, "device_end": 2255537.863634937}, "cmdq": 1, "read": {"device_start": -1, "device_end": -1}}, "coalesced_transpose30": {"write": {"device_start": -1, "host_queued_start": 1585587763.618924, "device_queued": -1, "device_end": -1, "host_queued_end": 1585587763.633866}, "device": "cpu", "nd_range": {"device_start": 2255537.915967138, "device_end": 2255537.9162285533}, "cmdq": 1, "read": {"device_start": -1, "device_end": -1}}, "FFC_sans_bias69": {"write": {"device_start": -1, "host_queued_start": 1585587763.587873, "device_queued": -1, "device_end": -1, "host_queued_end": 1585587763.589114}, "device": "gpu", "nd_range": {"device_start": 1585587698.1443565, "device_end": 1585587698.144954}, "cmdq": 2, "read": {"device_start": -1, "device_end": -1}}, "FFC_sans_bias38": {"write": {"device_start": -1, "host_queued_start": 1585587763.611311, "device_queued": -1, "device_end": -1, "host_queued_end": 1585587763.633866}, "device": "cpu", "nd_range": {"device_start": 2255537.869935486, "device_end": 2255537.8818912143}, "cmdq": 0, "read": {"device_start": -1, "device_end": -1}}, "coalesced_transpose57": {"write": {"device_start": -1, "host_queued_start": 1585587763.619904, "device_queued": -1, "device_end": -1, "host_queued_end": 1585587763.633866}, "device": "cpu", "nd_range": {"device_start": 2255537.9165089154, "device_end": 2255537.916752608}, "cmdq": 1, "read": {"device_start": -1, "device_end": -1}}, "empty26": {"write": {"device_start": -1, "host_queued_start": 1585587763.592202, "device_queued": -1, "device_end": -1, "host_queued_end": 1585587763.633866}, "device": "cpu", "nd_range": {"device_start": 2255537.823738569, "device_end": 2255537.823742616}, "cmdq": 2, "read": {"device_start": -1, "device_end": -1}}, "coalesced_transpose12": {"write": {"device_start": -1, "host_queued_start": 1585587763.618237, "device_queued": -1, "device_end": -1, "host_queued_end": 1585587763.633866}, "device": "cpu", "nd_range": {"device_start": 2255537.9155566553, "device_end": 2255537.9157421333}, "cmdq": 2, "read": {"device_start": -1, "device_end": -1}}, "empty44": {"write": {"device_start": -1, "host_queued_start": 1585587763.593891, "device_queued": -1, "device_end": -1, "host_queued_end": 1585587763.633866}, "device": "cpu", "nd_range": {"device_start": 2255537.8235087623, "device_end": 2255537.823509836}, "cmdq": 1, "read": {"device_start": -1, "device_end": -1}}, "coalesced_transpose21": {"write": {"device_start": -1, "host_queued_start": 1585587763.618567, "device_queued": -1, "device_end": -1, "host_queued_end": 1585587763.633866}, "device": "cpu", "nd_range": {"device_start": 2255537.9057405014, "device_end": 2255537.905987283}, "cmdq": 0, "read": {"device_start": -1, "device_end": -1}}, "FFC_sans_bias36": {"write": {"device_start": -1, "host_queued_start": 1585587763.609198, "device_queued": -1, "device_end": -1, "host_queued_end": 1585587763.633866}, "device": "cpu", "nd_range": {"device_start": 2255537.880287021, "device_end": 2255537.890239696}, "cmdq": 1, "read": {"device_start": -1, "device_end": -1}}, "softmax14": {"write": {"device_start": -1, "host_queued_start": 1585587763.623001, "device_queued": -1, "device_end": -1, "host_queued_end": 1585587763.633866}, "device": "cpu", "nd_range": {"device_start": 2255537.948326486, "device_end": 2255537.9485391662}, "cmdq": 1, "read": {"device_start": -1, "device_end": -1}}, "FFC_sans_bias13": {"write": {"device_start": -1, "host_queued_start": 1585587763.620681, "device_queued": -1, "device_end": -1, "host_queued_end": 1585587763.633866}, "device": "cpu", "nd_range": {"device_start": 2255537.915959667, "device_end": 2255537.923632435}, "cmdq": 0, "read": {"device_start": -1, "device_end": -1}}, "empty8": {"write": {"device_start": -1, "host_queued_start": 1585587763.590412, "device_queued": -1, "device_end": -1, "host_queued_end": 1585587763.633866}, "device": "cpu", "nd_range": {"device_start": 2255537.8234805553, "device_end": 2255537.8234896474}, "cmdq": 0, "read": {"device_start": -1, "device_end": -1}}, "FFC_sans_bias42": {"write": {"device_start": -1, "host_queued_start": 1585587763.626116, "device_queued": -1, "device_end": -1, "host_queued_end": 1585587763.633866}, "device": "cpu", "nd_range": {"device_start": 2255537.967274018, "device_end": 2255537.979214693}, "cmdq": 2, "read": {"device_start": -1, "device_end": -1}}, "FFC_sans_bias43": {"write": {"device_start": -1, "host_queued_start": 1585587763.631825, "device_queued": -1, "device_end": -1, "host_queued_end": 1585587763.633866}, "device": "cpu", "nd_range": {"device_start": 2255537.98031446, "device_end": 2255537.9932713173}, "cmdq": 0, "read": {"device_start": -1, "device_end": -1}}, "FFC_sans_bias40": {"write": {"device_start": -1, "host_queued_start": 1585587763.621706, "device_queued": -1, "device_end": -1, "host_queued_end": 1585587763.633866}, "device": "cpu", "nd_range": {"device_start": 2255537.923754571, "device_end": 2255537.93620109}, "cmdq": 0, "read": {"device_start": -1, "device_end": -1}}, "softmax32": {"write": {"device_start": -1, "host_queued_start": 1585587763.623547, "device_queued": -1, "device_end": -1, "host_queued_end": 1585587763.633866}, "device": "cpu", "nd_range": {"device_start": 2255537.9401179603, "device_end": 2255537.94032385}, "cmdq": 0, "read": {"device_start": -1, "device_end": -1}}, "FFC_sans_bias47": {"write": {"device_start": -1, "host_queued_start": 1585587763.614442, "device_queued": -1, "device_end": -1, "host_queued_end": 1585587763.633866}, "device": "cpu", "nd_range": {"device_start": 2255537.882001729, "device_end": 2255537.893166961}, "cmdq": 0, "read": {"device_start": -1, "device_end": -1}}, "FFC_sans_bias45": {"write": {"device_start": -1, "host_queued_start": 1585587763.612352, "device_queued": -1, "device_end": -1, "host_queued_end": 1585587763.633866}, "device": "cpu", "nd_range": {"device_start": 2255537.892330996, "device_end": 2255537.901113536}, "cmdq": 1, "read": {"device_start": -1, "device_end": -1}}, "softmax50": {"write": {"device_start": -1, "host_queued_start": 1585587763.624119, "device_queued": -1, "device_end": -1, "host_queued_end": 1585587763.633866}, "device": "cpu", "nd_range": {"device_start": 2255537.9517707364, "device_end": 2255537.951978382}, "cmdq": 2, "read": {"device_start": -1, "device_end": -1}}, "FFC_sans_bias33": {"write": {"device_start": -1, "host_queued_start": 1585587763.625775, "device_queued": -1, "device_end": -1, "host_queued_end": 1585587763.633866}, "device": "cpu", "nd_range": {"device_start": 2255537.9645028743, "device_end": 2255537.979793499}, "cmdq": 1, "read": {"device_start": -1, "device_end": -1}}, "FFC_sans_bias63": {"write": {"device_start": 1585587698.1419396, "host_queued_start": 1585587763.586592, "device_queued": 1585587698.1416655, "device_end": 1585587698.141965, "host_queued_end": 1585587763.589114}, "device": "gpu", "nd_range": {"device_start": 1585587698.1420052, "device_end": 1585587698.1435502}, "cmdq": 3, "read": {"device_start": -1, "device_end": -1}}, "FFC_sans_bias49": {"write": {"device_start": -1, "host_queued_start": 1585587763.622063, "device_queued": -1, "device_end": -1, "host_queued_end": 1585587763.633866}, "device": "cpu", "nd_range": {"device_start": 2255537.93245532, "device_end": 2255537.9483127194}, "cmdq": 1, "read": {"device_start": -1, "device_end": -1}}, "FFC_sans_bias64": {"write": {"device_start": 1585587698.1417723, "host_queued_start": 1585587763.584441, "device_queued": 1585587698.1416287, "device_end": 1585587698.1418424, "host_queued_end": 1585587763.589114}, "device": "gpu", "nd_range": {"device_start": 1585587698.1419637, "device_end": 1585587698.1425753}, "cmdq": 1, "read": {"device_start": -1, "device_end": -1}}, "FFC_sans_bias65": {"write": {"device_start": 1585587698.1418583, "host_queued_start": 1585587763.585515, "device_queued": 1585587698.1416469, "device_end": 1585587698.141926, "host_queued_end": 1585587763.589114}, "device": "gpu", "nd_range": {"device_start": 1585587698.1419902, "device_end": 1585587698.1429784}, "cmdq": 2, "read": {"device_start": -1, "device_end": -1}}, "FFC_sans_bias67": {"write": {"device_start": -1, "host_queued_start": 1585587763.58732, "device_queued": -1, "device_end": -1, "host_queued_end": 1585587763.589114}, "device": "gpu", "nd_range": {"device_start": 1585587698.1435525, "device_end": 1585587698.14415}, "cmdq": 0, "read": {"device_start": -1, "device_end": -1}}, "FFC_sans_bias24": {"write": {"device_start": -1, "host_queued_start": 1585587763.625433, "device_queued": -1, "device_end": -1, "host_queued_end": 1585587763.633866}, "device": "cpu", "nd_range": {"device_start": 2255537.947606396, "device_end": 2255537.954274579}, "cmdq": 0, "read": {"device_start": -1, "device_end": -1}}, "FFC_sans_bias25": {"write": {"device_start": -1, "host_queued_start": 1585587763.629844, "device_queued": -1, "device_end": -1, "host_queued_end": 1585587763.633866}, "device": "cpu", "nd_range": {"device_start": 2255537.9967642482, "device_end": 2255538.0034009283}, "cmdq": 1, "read": {"device_start": -1, "device_end": -1}}, "FFC_sans_bias27": {"write": {"device_start": -1, "host_queued_start": 1585587763.606026, "device_queued": -1, "device_end": -1, "host_queued_end": 1585587763.633866}, "device": "cpu", "nd_range": {"device_start": 2255537.863984025, "device_end": 2255537.880102137}, "cmdq": 1, "read": {"device_start": -1, "device_end": -1}}, "FFC_sans_bias20": {"write": {"device_start": -1, "host_queued_start": 1585587763.604985, "device_queued": -1, "device_end": -1, "host_queued_end": 1585587763.633866}, "device": "cpu", "nd_range": {"device_start": 2255537.847592541, "device_end": 2255537.860640073}, "cmdq": 0, "read": {"device_start": -1, "device_end": -1}}, "FFC_sans_bias22": {"write": {"device_start": -1, "host_queued_start": 1585587763.621024, "device_queued": -1, "device_end": -1, "host_queued_end": 1585587763.633866}, "device": "cpu", "nd_range": {"device_start": 2255537.917118946, "device_end": 2255537.93166634}, "cmdq": 1, "read": {"device_start": -1, "device_end": -1}}, "softmax68": {"write": {"device_start": -1, "host_queued_start": 1585587763.587566, "device_queued": -1, "device_end": -1, "host_queued_end": 1585587763.589114}, "device": "gpu", "nd_range": {"device_start": 1585587698.1441584, "device_end": 1585587698.14435}, "cmdq": 1, "read": {"device_start": -1, "device_end": -1}}, "softmax5": {"write": {"device_start": -1, "host_queued_start": 1585587763.622715, "device_queued": -1, "device_end": -1, "host_queued_end": 1585587763.633866}, "device": "cpu", "nd_range": {"device_start": 2255537.936322566, "device_end": 2255537.936541345}, "cmdq": 0, "read": {"device_start": -1, "device_end": -1}}, "FFC_sans_bias28": {"write": {"device_start": -1, "host_queued_start": 1585587763.607107, "device_queued": -1, "device_end": -1, "host_queued_end": 1585587763.633866}, "device": "cpu", "nd_range": {"device_start": 2255537.862159879, "device_end": 2255537.876479363}, "cmdq": 2, "read": {"device_start": -1, "device_end": -1}}, "FFC_sans_bias29": {"write": {"device_start": -1, "host_queued_start": 1585587763.608155, "device_queued": -1, "device_end": -1, "host_queued_end": 1585587763.633866}, "device": "cpu", "nd_range": {"device_start": 2255537.860757992, "device_end": 2255537.869822882}, "cmdq": 0, "read": {"device_start": -1, "device_end": -1}}, "empty17": {"write": {"device_start": -1, "host_queued_start": 1585587763.59133, "device_queued": -1, "device_end": -1, "host_queued_end": 1585587763.633866}, "device": "cpu", "nd_range": {"device_start": 2255537.8234805292, "device_end": 2255537.82348965}, "cmdq": 1, "read": {"device_start": -1, "device_end": -1}}, "softmax59": {"write": {"device_start": -1, "host_queued_start": 1585587763.624395, "device_queued": -1, "device_end": -1, "host_queued_end": 1585587763.633866}, "device": "cpu", "nd_range": {"device_start": 2255537.947402398, "device_end": 2255537.947494043}, "cmdq": 0, "read": {"device_start": -1, "device_end": -1}}, "empty71": {"write": {"device_start": 1585587698.1416626, "host_queued_start": 1585587763.583248, "device_queued": 1585587698.1415415, "device_end": 1585587698.1417024, "host_queued_end": 1585587763.589114}, "device": "gpu", "nd_range": {"device_start": 1585587698.141711, "device_end": 1585587698.141716}, "cmdq": 0, "read": {"device_start": -1, "device_end": -1}}, "empty35": {"write": {"device_start": -1, "host_queued_start": 1585587763.593034, "device_queued": -1, "device_end": -1, "host_queued_end": 1585587763.633866}, "device": "cpu", "nd_range": {"device_start": 2255537.8235082603, "device_end": 2255537.823509159}, "cmdq": 0, "read": {"device_start": -1, "device_end": -1}}, "empty53": {"write": {"device_start": -1, "host_queued_start": 1585587763.594723, "device_queued": -1, "device_end": -1, "host_queued_end": 1585587763.633866}, "device": "cpu", "nd_range": {"device_start": 2255537.824255572, "device_end": 2255537.8242579}, "cmdq": 2, "read": {"device_start": -1, "device_end": -1}}, "FFC_sans_bias46": {"write": {"device_start": -1, "host_queued_start": 1585587763.61339, "device_queued": -1, "device_end": -1, "host_queued_end": 1585587763.633866}, "device": "cpu", "nd_range": {"device_start": 2255537.8971829913, "device_end": 2255537.9073998053}, "cmdq": 2, "read": {"device_start": -1, "device_end": -1}}, "coalesced_transpose66": {"write": {"device_start": -1, "host_queued_start": 1585587763.586971, "device_queued": -1, "device_end": -1, "host_queued_end": 1585587763.589114}, "device": "gpu", "nd_range": {"device_start": 1585587698.1425788, "device_end": 1585587698.14338}, "cmdq": 4, "read": {"device_start": -1, "device_end": -1}}, "coalesced_transpose48": {"write": {"device_start": -1, "host_queued_start": 1585587763.619578, "device_queued": -1, "device_end": -1, "host_queued_end": 1585587763.633866}, "device": "cpu", "nd_range": {"device_start": 2255537.910633158, "device_end": 2255537.910869753}, "cmdq": 0, "read": {"device_start": -1, "device_end": -1}}}