{"FFC_sans_bias60": {"write": {"device_start": -1, "host_queued_start": 1585499847.414566, "device_queued": -1, "device_end": -1, "host_queued_end": 1585499847.417869}, "device": "cpu", "nd_range": {"device_start": 2167621.6242888873, "device_end": 2167621.62589062}, "cmdq": 0, "read": {"device_start": -1, "device_end": -1}}, "FFC_sans_bias4": {"write": {"device_start": -1, "host_queued_start": 1585499847.408598, "device_queued": -1, "device_end": -1, "host_queued_end": 1585499847.417869}, "device": "cpu", "nd_range": {"device_start": 2167621.6176713333, "device_end": 2167621.618327176}, "cmdq": 0, "read": {"device_start": -1, "device_end": -1}}, "FFC_sans_bias7": {"write": {"device_start": -1, "host_queued_start": 1585499847.415107, "device_queued": -1, "device_end": -1, "host_queued_end": 1585499847.417869}, "device": "cpu", "nd_range": {"device_start": 2167621.628988846, "device_end": 2167621.6303059394}, "cmdq": 1, "read": {"device_start": -1, "device_end": -1}}, "FFC_sans_bias6": {"write": {"device_start": -1, "host_queued_start": 1585499847.412649, "device_queued": -1, "device_end": -1, "host_queued_end": 1585499847.417869}, "device": "cpu", "nd_range": {"device_start": 2167621.624874041, "device_end": 2167621.626809066}, "cmdq": 4, "read": {"device_start": -1, "device_end": -1}}, "FFC_sans_bias1": {"write": {"device_start": -1, "host_queued_start": 1585499847.396413, "device_queued": -1, "device_end": -1, "host_queued_end": 1585499847.417869}, "device": "cpu", "nd_range": {"device_start": 2167621.609473119, "device_end": 2167621.611389346}, "cmdq": 3, "read": {"device_start": -1, "device_end": -1}}, "FFC_sans_bias0": {"write": {"device_start": -1, "host_queued_start": 1585499847.395911, "device_queued": -1, "device_end": -1, "host_queued_end": 1585499847.417869}, "device": "cpu", "nd_range": {"device_start": 2167621.6075212643, "device_end": 2167621.609471341}, "cmdq": 2, "read": {"device_start": -1, "device_end": -1}}, "FFC_sans_bias2": {"write": {"device_start": -1, "host_queued_start": 1585499847.396924, "device_queued": -1, "device_end": -1, "host_queued_end": 1585499847.417869}, "device": "cpu", "nd_range": {"device_start": 2167621.608237447, "device_end": 2167621.6101662912}, "cmdq": 4, "read": {"device_start": -1, "device_end": -1}}, "FFC_sans_bias61": {"write": {"device_start": -1, "host_queued_start": 1585499847.417824, "device_queued": -1, "device_end": -1, "host_queued_end": 1585499847.417869}, "device": "cpu", "nd_range": {"device_start": 2167621.6263328623, "device_end": 2167621.628027447}, "cmdq": 2, "read": {"device_start": -1, "device_end": -1}}, "FFC_sans_bias52": {"write": {"device_start": -1, "host_queued_start": 1585499847.41737, "device_queued": -1, "device_end": -1, "host_queued_end": 1585499847.417869}, "device": "cpu", "nd_range": {"device_start": 2167621.630422832, "device_end": 2167621.6311743683}, "cmdq": 1, "read": {"device_start": -1, "device_end": -1}}, "FFC_sans_bias9": {"write": {"device_start": -1, "host_queued_start": 1585499847.397429, "device_queued": -1, "device_end": -1, "host_queued_end": 1585499847.417869}, "device": "cpu", "nd_range": {"device_start": 2167621.6075102054, "device_end": 2167621.6095220493}, "cmdq": 0, "read": {"device_start": -1, "device_end": -1}}, "coalesced_transpose39": {"write": {"device_start": -1, "host_queued_start": 1585499847.407583, "device_queued": -1, "device_end": -1, "host_queued_end": 1585499847.417869}, "device": "cpu", "nd_range": {"device_start": 2167621.6211065813, "device_end": 2167621.62117872}, "cmdq": 2, "read": {"device_start": -1, "device_end": -1}}, "FFC_sans_bias55": {"write": {"device_start": -1, "host_queued_start": 1585499847.40604, "device_queued": -1, "device_end": -1, "host_queued_end": 1585499847.417869}, "device": "cpu", "nd_range": {"device_start": 2167621.619917352, "device_end": 2167621.621061151}, "cmdq": 2, "read": {"device_start": -1, "device_end": -1}}, "FFC_sans_bias54": {"write": {"device_start": -1, "host_queued_start": 1585499847.405541, "device_queued": -1, "device_end": -1, "host_queued_end": 1585499847.417869}, "device": "cpu", "nd_range": {"device_start": 2167621.6134878932, "device_end": 2167621.6154195303}, "cmdq": 1, "read": {"device_start": -1, "device_end": -1}}, "FFC_sans_bias56": {"write": {"device_start": -1, "host_queued_start": 1585499847.405042, "device_queued": -1, "device_end": -1, "host_queued_end": 1585499847.417869}, "device": "cpu", "nd_range": {"device_start": 2167621.6138263713, "device_end": 2167621.6162865413}, "cmdq": 0, "read": {"device_start": -1, "device_end": -1}}, "FFC_sans_bias51": {"write": {"device_start": -1, "host_queued_start": 1585499847.414231, "device_queued": -1, "device_end": -1, "host_queued_end": 1585499847.417869}, "device": "cpu", "nd_range": {"device_start": 2167621.6288639503, "device_end": 2167621.6299478123}, "cmdq": 4, "read": {"device_start": -1, "device_end": -1}}, "softmax23": {"write": {"device_start": -1, "host_queued_start": 1585499847.411309, "device_queued": -1, "device_end": -1, "host_queued_end": 1585499847.417869}, "device": "cpu", "nd_range": {"device_start": 2167621.624630885, "device_end": 2167621.624693179}, "cmdq": 4, "read": {"device_start": -1, "device_end": -1}}, "FFC_sans_bias37": {"write": {"device_start": -1, "host_queued_start": 1585499847.402491, "device_queued": -1, "device_end": -1, "host_queued_end": 1585499847.417869}, "device": "cpu", "nd_range": {"device_start": 2167621.611878801, "device_end": 2167621.613813491}, "cmdq": 0, "read": {"device_start": -1, "device_end": -1}}, "empty62": {"write": {"device_start": -1, "host_queued_start": 1585499847.395434, "device_queued": -1, "device_end": -1, "host_queued_end": 1585499847.417869}, "device": "cpu", "nd_range": {"device_start": 2167621.6075037043, "device_end": 2167621.607504698}, "cmdq": 1, "read": {"device_start": -1, "device_end": -1}}, "FFC_sans_bias70": {"write": {"device_start": 1585499784.4829614, "host_queued_start": 1585499847.392094, "device_queued": 1585499784.4828813, "device_end": 1585499784.4829702, "host_queued_end": 1585499847.392202}, "device": "gpu", "nd_range": {"device_start": 1585499784.4833405, "device_end": 1585499784.4834468}, "cmdq": 0, "read": {"device_start": 1585499784.4834507, "device_end": 1585499784.4834576}}, "FFC_sans_bias58": {"write": {"device_start": -1, "host_queued_start": 1585499847.410505, "device_queued": -1, "device_end": -1, "host_queued_end": 1585499847.417869}, "device": "cpu", "nd_range": {"device_start": 2167621.622423634, "device_end": 2167621.6241334723}, "cmdq": 1, "read": {"device_start": -1, "device_end": -1}}, "softmax41": {"write": {"device_start": -1, "host_queued_start": 1585499847.411825, "device_queued": -1, "device_end": -1, "host_queued_end": 1585499847.417869}, "device": "cpu", "nd_range": {"device_start": 2167621.6253926693, "device_end": 2167621.625439993}, "cmdq": 1, "read": {"device_start": -1, "device_end": -1}}, "FFC_sans_bias11": {"write": {"device_start": -1, "host_queued_start": 1585499847.398435, "device_queued": -1, "device_end": -1, "host_queued_end": 1585499847.417869}, "device": "cpu", "nd_range": {"device_start": 2167621.615535402, "device_end": 2167621.617173971}, "cmdq": 2, "read": {"device_start": -1, "device_end": -1}}, "FFC_sans_bias10": {"write": {"device_start": -1, "host_queued_start": 1585499847.397928, "device_queued": -1, "device_end": -1, "host_queued_end": 1585499847.417869}, "device": "cpu", "nd_range": {"device_start": 2167621.607510028, "device_end": 2167621.6094606454}, "cmdq": 1, "read": {"device_start": -1, "device_end": -1}}, "coalesced_transpose3": {"write": {"device_start": -1, "host_queued_start": 1585499847.406351, "device_queued": -1, "device_end": -1, "host_queued_end": 1585499847.417869}, "device": "cpu", "nd_range": {"device_start": 2167621.617201207, "device_end": 2167621.6173971663}, "cmdq": 3, "read": {"device_start": -1, "device_end": -1}}, "FFC_sans_bias34": {"write": {"device_start": -1, "host_queued_start": 1585499847.416474, "device_queued": -1, "device_end": -1, "host_queued_end": 1585499847.417869}, "device": "cpu", "nd_range": {"device_start": 2167621.629954379, "device_end": 2167621.6310415403}, "cmdq": 4, "read": {"device_start": -1, "device_end": -1}}, "FFC_sans_bias15": {"write": {"device_start": -1, "host_queued_start": 1585499847.412964, "device_queued": -1, "device_end": -1, "host_queued_end": 1585499847.417869}, "device": "cpu", "nd_range": {"device_start": 2167621.621076576, "device_end": 2167621.6223287}, "cmdq": 0, "read": {"device_start": -1, "device_end": -1}}, "FFC_sans_bias31": {"write": {"device_start": -1, "host_queued_start": 1585499847.409557, "device_queued": -1, "device_end": -1, "host_queued_end": 1585499847.417869}, "device": "cpu", "nd_range": {"device_start": 2167621.6193107422, "device_end": 2167621.620897388}, "cmdq": 3, "read": {"device_start": -1, "device_end": -1}}, "FFC_sans_bias16": {"write": {"device_start": -1, "host_queued_start": 1585499847.415575, "device_queued": -1, "device_end": -1, "host_queued_end": 1585499847.417869}, "device": "cpu", "nd_range": {"device_start": 2167621.62439872, "device_end": 2167621.626329407}, "cmdq": 2, "read": {"device_start": -1, "device_end": -1}}, "FFC_sans_bias19": {"write": {"device_start": -1, "host_queued_start": 1585499847.399466, "device_queued": -1, "device_end": -1, "host_queued_end": 1585499847.417869}, "device": "cpu", "nd_range": {"device_start": 2167621.6102786423, "device_end": 2167621.6122088963}, "cmdq": 4, "read": {"device_start": -1, "device_end": -1}}, "FFC_sans_bias18": {"write": {"device_start": -1, "host_queued_start": 1585499847.398968, "device_queued": -1, "device_end": -1, "host_queued_end": 1585499847.417869}, "device": "cpu", "nd_range": {"device_start": 2167621.611394484, "device_end": 2167621.613775385}, "cmdq": 3, "read": {"device_start": -1, "device_end": -1}}, "coalesced_transpose30": {"write": {"device_start": -1, "host_queued_start": 1585499847.40729, "device_queued": -1, "device_end": -1, "host_queued_end": 1585499847.417869}, "device": "cpu", "nd_range": {"device_start": 2167621.618827628, "device_end": 2167621.6188802253}, "cmdq": 1, "read": {"device_start": -1, "device_end": -1}}, "FFC_sans_bias69": {"write": {"device_start": -1, "host_queued_start": 1585499847.391628, "device_queued": -1, "device_end": -1, "host_queued_end": 1585499847.392202}, "device": "gpu", "nd_range": {"device_start": 1585499784.4832318, "device_end": 1585499784.4833386}, "cmdq": 3, "read": {"device_start": -1, "device_end": -1}}, "FFC_sans_bias38": {"write": {"device_start": -1, "host_queued_start": 1585499847.403026, "device_queued": -1, "device_end": -1, "host_queued_end": 1585499847.417869}, "device": "cpu", "nd_range": {"device_start": 2167621.611409389, "device_end": 2167621.6133610853}, "cmdq": 1, "read": {"device_start": -1, "device_end": -1}}, "coalesced_transpose57": {"write": {"device_start": -1, "host_queued_start": 1585499847.408191, "device_queued": -1, "device_end": -1, "host_queued_end": 1585499847.417869}, "device": "cpu", "nd_range": {"device_start": 2167621.6215966833, "device_end": 2167621.621650197}, "cmdq": 4, "read": {"device_start": -1, "device_end": -1}}, "empty26": {"write": {"device_start": -1, "host_queued_start": 1585499847.393805, "device_queued": -1, "device_end": -1, "host_queued_end": 1585499847.417869}, "device": "cpu", "nd_range": {"device_start": 2167621.607501044, "device_end": 2167621.607504905}, "cmdq": 2, "read": {"device_start": -1, "device_end": -1}}, "coalesced_transpose12": {"write": {"device_start": -1, "host_queued_start": 1585499847.406676, "device_queued": -1, "device_end": -1, "host_queued_end": 1585499847.417869}, "device": "cpu", "nd_range": {"device_start": 2167621.616512672, "device_end": 2167621.616584891}, "cmdq": 4, "read": {"device_start": -1, "device_end": -1}}, "empty44": {"write": {"device_start": -1, "host_queued_start": 1585499847.394653, "device_queued": -1, "device_end": -1, "host_queued_end": 1585499847.417869}, "device": "cpu", "nd_range": {"device_start": 2167621.607719285, "device_end": 2167621.607722743}, "cmdq": 4, "read": {"device_start": -1, "device_end": -1}}, "coalesced_transpose21": {"write": {"device_start": -1, "host_queued_start": 1585499847.406982, "device_queued": -1, "device_end": -1, "host_queued_end": 1585499847.417869}, "device": "cpu", "nd_range": {"device_start": 2167621.6164064663, "device_end": 2167621.616461237}, "cmdq": 0, "read": {"device_start": -1, "device_end": -1}}, "FFC_sans_bias36": {"write": {"device_start": -1, "host_queued_start": 1585499847.40199, "device_queued": -1, "device_end": -1, "host_queued_end": 1585499847.417869}, "device": "cpu", "nd_range": {"device_start": 2167621.612256852, "device_end": 2167621.6143525443}, "cmdq": 4, "read": {"device_start": -1, "device_end": -1}}, "softmax14": {"write": {"device_start": -1, "host_queued_start": 1585499847.411061, "device_queued": -1, "device_end": -1, "host_queued_end": 1585499847.417869}, "device": "cpu", "nd_range": {"device_start": 2167621.62101248, "device_end": 2167621.62106382}, "cmdq": 3, "read": {"device_start": -1, "device_end": -1}}, "FFC_sans_bias13": {"write": {"device_start": -1, "host_queued_start": 1585499847.408923, "device_queued": -1, "device_end": -1, "host_queued_end": 1585499847.417869}, "device": "cpu", "nd_range": {"device_start": 2167621.61909278, "device_end": 2167621.62042048}, "cmdq": 1, "read": {"device_start": -1, "device_end": -1}}, "empty8": {"write": {"device_start": -1, "host_queued_start": 1585499847.392926, "device_queued": -1, "device_end": -1, "host_queued_end": 1585499847.417869}, "device": "cpu", "nd_range": {"device_start": 2167621.607474088, "device_end": 2167621.607485401}, "cmdq": 0, "read": {"device_start": -1, "device_end": -1}}, "FFC_sans_bias42": {"write": {"device_start": -1, "host_queued_start": 1585499847.413913, "device_queued": -1, "device_end": -1, "host_queued_end": 1585499847.417869}, "device": "cpu", "nd_range": {"device_start": 2167621.626006194, "device_end": 2167621.627830077}, "cmdq": 3, "read": {"device_start": -1, "device_end": -1}}, "FFC_sans_bias43": {"write": {"device_start": -1, "host_queued_start": 1585499847.416923, "device_queued": -1, "device_end": -1, "host_queued_end": 1585499847.417869}, "device": "cpu", "nd_range": {"device_start": 2167621.62794265, "device_end": 2167621.629028806}, "cmdq": 0, "read": {"device_start": -1, "device_end": -1}}, "FFC_sans_bias40": {"write": {"device_start": -1, "host_queued_start": 1585499847.409877, "device_queued": -1, "device_end": -1, "host_queued_end": 1585499847.417869}, "device": "cpu", "nd_range": {"device_start": 2167621.6223220173, "device_end": 2167621.6234135823}, "cmdq": 4, "read": {"device_start": -1, "device_end": -1}}, "softmax32": {"write": {"device_start": -1, "host_queued_start": 1585499847.411571, "device_queued": -1, "device_end": -1, "host_queued_end": 1585499847.417869}, "device": "cpu", "nd_range": {"device_start": 2167621.621010056, "device_end": 2167621.621062361}, "cmdq": 0, "read": {"device_start": -1, "device_end": -1}}, "FFC_sans_bias47": {"write": {"device_start": -1, "host_queued_start": 1585499847.404538, "device_queued": -1, "device_end": -1, "host_queued_end": 1585499847.417869}, "device": "cpu", "nd_range": {"device_start": 2167621.614463735, "device_end": 2167621.616391013}, "cmdq": 4, "read": {"device_start": -1, "device_end": -1}}, "FFC_sans_bias45": {"write": {"device_start": -1, "host_queued_start": 1585499847.403524, "device_queued": -1, "device_end": -1, "host_queued_end": 1585499847.417869}, "device": "cpu", "nd_range": {"device_start": 2167621.6183547094, "device_end": 2167621.6198081314}, "cmdq": 2, "read": {"device_start": -1, "device_end": -1}}, "softmax50": {"write": {"device_start": -1, "host_queued_start": 1585499847.412068, "device_queued": -1, "device_end": -1, "host_queued_end": 1585499847.417869}, "device": "cpu", "nd_range": {"device_start": 2167621.622791136, "device_end": 2167621.622849762}, "cmdq": 2, "read": {"device_start": -1, "device_end": -1}}, "FFC_sans_bias33": {"write": {"device_start": -1, "host_queued_start": 1585499847.413608, "device_queued": -1, "device_end": -1, "host_queued_end": 1585499847.417869}, "device": "cpu", "nd_range": {"device_start": 2167621.622954017, "device_end": 2167621.6242618663}, "cmdq": 2, "read": {"device_start": -1, "device_end": -1}}, "FFC_sans_bias63": {"write": {"device_start": 1585499784.4828005, "host_queued_start": 1585499847.390441, "device_queued": 1585499784.4827802, "device_end": 1585499784.4828093, "host_queued_end": 1585499847.392202}, "device": "gpu", "nd_range": {"device_start": 1585499784.482835, "device_end": 1585499784.4830291}, "cmdq": 3, "read": {"device_start": -1, "device_end": -1}}, "FFC_sans_bias49": {"write": {"device_start": -1, "host_queued_start": 1585499847.410198, "device_queued": -1, "device_end": -1, "host_queued_end": 1585499847.417869}, "device": "cpu", "nd_range": {"device_start": 2167621.61833943, "device_end": 2167621.619363929}, "cmdq": 0, "read": {"device_start": -1, "device_end": -1}}, "FFC_sans_bias64": {"write": {"device_start": 1585499784.4827585, "host_queued_start": 1585499847.389387, "device_queued": 1585499784.4827392, "device_end": 1585499784.482767, "host_queued_end": 1585499847.392202}, "device": "gpu", "nd_range": {"device_start": 1585499784.4828112, "device_end": 1585499784.4829235}, "cmdq": 1, "read": {"device_start": -1, "device_end": -1}}, "FFC_sans_bias65": {"write": {"device_start": 1585499784.4827795, "host_queued_start": 1585499847.389925, "device_queued": 1585499784.4827597, "device_end": 1585499784.4827878, "host_queued_end": 1585499847.392202}, "device": "gpu", "nd_range": {"device_start": 1585499784.4828224, "device_end": 1585499784.4830136}, "cmdq": 2, "read": {"device_start": -1, "device_end": -1}}, "FFC_sans_bias67": {"write": {"device_start": -1, "host_queued_start": 1585499847.391093, "device_queued": -1, "device_end": -1, "host_queued_end": 1585499847.392202}, "device": "gpu", "nd_range": {"device_start": 1585499784.4830332, "device_end": 1585499784.483147}, "cmdq": 1, "read": {"device_start": -1, "device_end": -1}}, "FFC_sans_bias24": {"write": {"device_start": -1, "host_queued_start": 1585499847.413284, "device_queued": -1, "device_end": -1, "host_queued_end": 1585499847.417869}, "device": "cpu", "nd_range": {"device_start": 2167621.6255495884, "device_end": 2167621.6274681143}, "cmdq": 1, "read": {"device_start": -1, "device_end": -1}}, "FFC_sans_bias25": {"write": {"device_start": -1, "host_queued_start": 1585499847.416025, "device_queued": -1, "device_end": -1, "host_queued_end": 1585499847.417869}, "device": "cpu", "nd_range": {"device_start": 2167621.627945148, "device_end": 2167621.629989561}, "cmdq": 3, "read": {"device_start": -1, "device_end": -1}}, "FFC_sans_bias27": {"write": {"device_start": -1, "host_queued_start": 1585499847.400479, "device_queued": -1, "device_end": -1, "host_queued_end": 1585499847.417869}, "device": "cpu", "nd_range": {"device_start": 2167621.6094786623, "device_end": 2167621.611398968}, "cmdq": 1, "read": {"device_start": -1, "device_end": -1}}, "FFC_sans_bias20": {"write": {"device_start": -1, "host_queued_start": 1585499847.399973, "device_queued": -1, "device_end": -1, "host_queued_end": 1585499847.417869}, "device": "cpu", "nd_range": {"device_start": 2167621.60952983, "device_end": 2167621.6117743673}, "cmdq": 0, "read": {"device_start": -1, "device_end": -1}}, "FFC_sans_bias22": {"write": {"device_start": -1, "host_queued_start": 1585499847.409246, "device_queued": -1, "device_end": -1, "host_queued_end": 1585499847.417869}, "device": "cpu", "nd_range": {"device_start": 2167621.621188085, "device_end": 2167621.622525567}, "cmdq": 2, "read": {"device_start": -1, "device_end": -1}}, "softmax68": {"write": {"device_start": -1, "host_queued_start": 1585499847.391326, "device_queued": -1, "device_end": -1, "host_queued_end": 1585499847.392202}, "device": "gpu", "nd_range": {"device_start": 1585499784.4831536, "device_end": 1585499784.4832275}, "cmdq": 2, "read": {"device_start": -1, "device_end": -1}}, "softmax5": {"write": {"device_start": -1, "host_queued_start": 1585499847.410791, "device_queued": -1, "device_end": -1, "host_queued_end": 1585499847.417869}, "device": "cpu", "nd_range": {"device_start": 2167621.622636422, "device_end": 2167621.622683744}, "cmdq": 2, "read": {"device_start": -1, "device_end": -1}}, "FFC_sans_bias28": {"write": {"device_start": -1, "host_queued_start": 1585499847.400981, "device_queued": -1, "device_end": -1, "host_queued_end": 1585499847.417869}, "device": "cpu", "nd_range": {"device_start": 2167621.617219494, "device_end": 2167621.618311249}, "cmdq": 2, "read": {"device_start": -1, "device_end": -1}}, "FFC_sans_bias29": {"write": {"device_start": -1, "host_queued_start": 1585499847.40149, "device_queued": -1, "device_end": -1, "host_queued_end": 1585499847.417869}, "device": "cpu", "nd_range": {"device_start": 2167621.6139012063, "device_end": 2167621.615827652}, "cmdq": 3, "read": {"device_start": -1, "device_end": -1}}, "empty17": {"write": {"device_start": -1, "host_queued_start": 1585499847.39338, "device_queued": -1, "device_end": -1, "host_queued_end": 1585499847.417869}, "device": "cpu", "nd_range": {"device_start": 2167621.607474077, "device_end": 2167621.607485394}, "cmdq": 1, "read": {"device_start": -1, "device_end": -1}}, "softmax59": {"write": {"device_start": -1, "host_queued_start": 1585499847.41232, "device_queued": -1, "device_end": -1, "host_queued_end": 1585499847.417869}, "device": "cpu", "nd_range": {"device_start": 2167621.6242477163, "device_end": 2167621.624277315}, "cmdq": 3, "read": {"device_start": -1, "device_end": -1}}, "empty71": {"write": {"device_start": 1585499784.482711, "host_queued_start": 1585499847.38864, "device_queued": 1585499784.4826872, "device_end": 1585499784.4827197, "host_queued_end": 1585499847.392202}, "device": "gpu", "nd_range": {"device_start": 1585499784.4827235, "device_end": 1585499784.4827356}, "cmdq": 0, "read": {"device_start": -1, "device_end": -1}}, "empty35": {"write": {"device_start": -1, "host_queued_start": 1585499847.3942, "device_queued": -1, "device_end": -1, "host_queued_end": 1585499847.417869}, "device": "cpu", "nd_range": {"device_start": 2167621.609466005, "device_end": 2167621.609467004}, "cmdq": 3, "read": {"device_start": -1, "device_end": -1}}, "empty53": {"write": {"device_start": -1, "host_queued_start": 1585499847.39506, "device_queued": -1, "device_end": -1, "host_queued_end": 1585499847.417869}, "device": "cpu", "nd_range": {"device_start": 2167621.6075039953, "device_end": 2167621.607504866}, "cmdq": 0, "read": {"device_start": -1, "device_end": -1}}, "FFC_sans_bias46": {"write": {"device_start": -1, "host_queued_start": 1585499847.404027, "device_queued": -1, "device_end": -1, "host_queued_end": 1585499847.417869}, "device": "cpu", "nd_range": {"device_start": 2167621.615937406, "device_end": 2167621.617189603}, "cmdq": 3, "read": {"device_start": -1, "device_end": -1}}, "coalesced_transpose66": {"write": {"device_start": -1, "host_queued_start": 1585499847.390805, "device_queued": -1, "device_end": -1, "host_queued_end": 1585499847.392202}, "device": "gpu", "nd_range": {"device_start": 1585499784.482929, "device_end": 1585499784.4829593}, "cmdq": 0, "read": {"device_start": -1, "device_end": -1}}, "coalesced_transpose48": {"write": {"device_start": -1, "host_queued_start": 1585499847.407887, "device_queued": -1, "device_end": -1, "host_queued_end": 1585499847.417869}, "device": "cpu", "nd_range": {"device_start": 2167621.617509034, "device_end": 2167621.6175619983}, "cmdq": 3, "read": {"device_start": -1, "device_end": -1}}}