{"FFC_sans_bias60": {"write": {"device_start": -1, "host_queued_start": 1585499681.42113, "device_queued": -1, "device_end": -1, "host_queued_end": 1585499681.42509}, "device": "gpu", "nd_range": {"device_start": 1585499618.5232265, "device_end": 1585499618.523422}, "cmdq": 0, "read": {"device_start": -1, "device_end": -1}}, "FFC_sans_bias4": {"write": {"device_start": -1, "host_queued_start": 1585499681.428448, "device_queued": -1, "device_end": -1, "host_queued_end": 1585499681.429669}, "device": "cpu", "nd_range": {"device_start": 2167455.620821242, "device_end": 2167455.6214989983}, "cmdq": 2, "read": {"device_start": -1, "device_end": -1}}, "FFC_sans_bias7": {"write": {"device_start": -1, "host_queued_start": 1585499681.429623, "device_queued": -1, "device_end": -1, "host_queued_end": 1585499681.429669}, "device": "cpu", "nd_range": {"device_start": 2167455.622177094, "device_end": 2167455.622662352}, "cmdq": 2, "read": {"device_start": -1, "device_end": -1}}, "FFC_sans_bias6": {"write": {"device_start": -1, "host_queued_start": 1585499681.42911, "device_queued": -1, "device_end": -1, "host_queued_end": 1585499681.429669}, "device": "cpu", "nd_range": {"device_start": 2167455.621557772, "device_end": 2167455.622170182}, "cmdq": 1, "read": {"device_start": -1, "device_end": -1}}, "FFC_sans_bias1": {"write": {"device_start": -1, "host_queued_start": 1585499681.427141, "device_queued": -1, "device_end": -1, "host_queued_end": 1585499681.429669}, "device": "cpu", "nd_range": {"device_start": 2167455.619243381, "device_end": 2167455.6207636083}, "cmdq": 2, "read": {"device_start": -1, "device_end": -1}}, "FFC_sans_bias0": {"write": {"device_start": -1, "host_queued_start": 1585499681.426541, "device_queued": -1, "device_end": -1, "host_queued_end": 1585499681.429669}, "device": "cpu", "nd_range": {"device_start": 2167455.619242487, "device_end": 2167455.620721646}, "cmdq": 1, "read": {"device_start": -1, "device_end": -1}}, "FFC_sans_bias2": {"write": {"device_start": -1, "host_queued_start": 1585499681.427738, "device_queued": -1, "device_end": -1, "host_queued_end": 1585499681.429669}, "device": "cpu", "nd_range": {"device_start": 2167455.6192492573, "device_end": 2167455.620359246}, "cmdq": 0, "read": {"device_start": -1, "device_end": -1}}, "FFC_sans_bias61": {"write": {"device_start": 1585499618.5236979, "host_queued_start": 1585499681.424473, "device_queued": 1585499618.5229442, "device_end": 1585499618.5237067, "host_queued_end": 1585499681.42509}, "device": "gpu", "nd_range": {"device_start": 1585499618.523708, "device_end": 1585499618.5238798}, "cmdq": 1, "read": {"device_start": 1585499618.523888, "device_end": 1585499618.5238955}}, "FFC_sans_bias52": {"write": {"device_start": 1585499618.5236742, "host_queued_start": 1585499681.423966, "device_queued": 1585499618.5229013, "device_end": 1585499618.5236843, "host_queued_end": 1585499681.42509}, "device": "gpu", "nd_range": {"device_start": 1585499618.5236857, "device_end": 1585499618.5238037}, "cmdq": 0, "read": {"device_start": 1585499618.5238175, "device_end": 1585499618.5238242}}, "FFC_sans_bias9": {"write": {"device_start": 1585499618.5209272, "host_queued_start": 1585499681.403655, "device_queued": 1585499618.5209033, "device_end": 1585499618.520936, "host_queued_end": 1585499681.42509}, "device": "gpu", "nd_range": {"device_start": 1585499618.5209668, "device_end": 1585499618.5210764}, "cmdq": 1, "read": {"device_start": -1, "device_end": -1}}, "coalesced_transpose39": {"write": {"device_start": -1, "host_queued_start": 1585499681.414972, "device_queued": -1, "device_end": -1, "host_queued_end": 1585499681.42509}, "device": "gpu", "nd_range": {"device_start": 1585499618.5222576, "device_end": 1585499618.522269}, "cmdq": 1, "read": {"device_start": -1, "device_end": -1}}, "FFC_sans_bias55": {"write": {"device_start": 1585499618.521961, "host_queued_start": 1585499681.412312, "device_queued": 1585499618.5218222, "device_end": 1585499618.5219698, "host_queued_end": 1585499681.42509}, "device": "gpu", "nd_range": {"device_start": 1585499618.5219707, "device_end": 1585499618.5221503}, "cmdq": 0, "read": {"device_start": -1, "device_end": -1}}, "FFC_sans_bias54": {"write": {"device_start": 1585499618.521902, "host_queued_start": 1585499681.411833, "device_queued": 1585499618.521769, "device_end": 1585499618.5219107, "host_queued_end": 1585499681.42509}, "device": "gpu", "nd_range": {"device_start": 1585499618.5219119, "device_end": 1585499618.5220878}, "cmdq": 2, "read": {"device_start": -1, "device_end": -1}}, "FFC_sans_bias56": {"write": {"device_start": 1585499618.5218422, "host_queued_start": 1585499681.411347, "device_queued": 1585499618.5217469, "device_end": 1585499618.521851, "host_queued_end": 1585499681.42509}, "device": "gpu", "nd_range": {"device_start": 1585499618.521852, "device_end": 1585499618.5220337}, "cmdq": 1, "read": {"device_start": -1, "device_end": -1}}, "FFC_sans_bias51": {"write": {"device_start": -1, "host_queued_start": 1585499681.420835, "device_queued": -1, "device_end": -1, "host_queued_end": 1585499681.42509}, "device": "gpu", "nd_range": {"device_start": 1585499618.523108, "device_end": 1585499618.5233037}, "cmdq": 2, "read": {"device_start": -1, "device_end": -1}}, "softmax23": {"write": {"device_start": -1, "host_queued_start": 1585499681.418284, "device_queued": -1, "device_end": -1, "host_queued_end": 1585499681.42509}, "device": "gpu", "nd_range": {"device_start": 1585499618.52273, "device_end": 1585499618.5228114}, "cmdq": 1, "read": {"device_start": -1, "device_end": -1}}, "FFC_sans_bias37": {"write": {"device_start": 1585499618.5215402, "host_queued_start": 1585499681.408823, "device_queued": 1585499618.5214102, "device_end": 1585499618.5215533, "host_queued_end": 1585499681.42509}, "device": "gpu", "nd_range": {"device_start": 1585499618.5215542, "device_end": 1585499618.5217385}, "cmdq": 2, "read": {"device_start": -1, "device_end": -1}}, "empty62": {"write": {"device_start": 1585499618.5208468, "host_queued_start": 1585499681.402751, "device_queued": 1585499618.5208201, "device_end": 1585499618.5208557, "host_queued_end": 1585499681.42509}, "device": "gpu", "nd_range": {"device_start": 1585499618.5208614, "device_end": 1585499618.520865}, "cmdq": 2, "read": {"device_start": -1, "device_end": -1}}, "FFC_sans_bias70": {"write": {"device_start": 1585499618.5237916, "host_queued_start": 1585499681.424982, "device_queued": 1585499618.523007, "device_end": 1585499618.5238, "host_queued_end": 1585499681.42509}, "device": "gpu", "nd_range": {"device_start": 1585499618.523801, "device_end": 1585499618.5239124}, "cmdq": 2, "read": {"device_start": 1585499618.523918, "device_end": 1585499618.5239286}}, "FFC_sans_bias58": {"write": {"device_start": -1, "host_queued_start": 1585499681.417525, "device_queued": -1, "device_end": -1, "host_queued_end": 1585499681.42509}, "device": "gpu", "nd_range": {"device_start": 1585499618.522535, "device_end": 1585499618.522728}, "cmdq": 1, "read": {"device_start": -1, "device_end": -1}}, "softmax41": {"write": {"device_start": -1, "host_queued_start": 1585499681.418743, "device_queued": -1, "device_end": -1, "host_queued_end": 1585499681.42509}, "device": "gpu", "nd_range": {"device_start": 1585499618.5228345, "device_end": 1585499618.5229251}, "cmdq": 0, "read": {"device_start": -1, "device_end": -1}}, "FFC_sans_bias11": {"write": {"device_start": 1585499618.52101, "host_queued_start": 1585499681.404678, "device_queued": 1585499618.520985, "device_end": 1585499618.5210187, "host_queued_end": 1585499681.42509}, "device": "gpu", "nd_range": {"device_start": 1585499618.5210216, "device_end": 1585499618.5211887}, "cmdq": 0, "read": {"device_start": -1, "device_end": -1}}, "FFC_sans_bias10": {"write": {"device_start": 1585499618.5209558, "host_queued_start": 1585499681.404152, "device_queued": 1585499618.52093, "device_end": 1585499618.5209646, "host_queued_end": 1585499681.42509}, "device": "gpu", "nd_range": {"device_start": 1585499618.520978, "device_end": 1585499618.521164}, "cmdq": 2, "read": {"device_start": -1, "device_end": -1}}, "coalesced_transpose3": {"write": {"device_start": -1, "host_queued_start": 1585499681.428121, "device_queued": -1, "device_end": -1, "host_queued_end": 1585499681.429669}, "device": "cpu", "nd_range": {"device_start": 2167455.620791267, "device_end": 2167455.620816545}, "cmdq": 1, "read": {"device_start": -1, "device_end": -1}}, "FFC_sans_bias34": {"write": {"device_start": 1585499618.523356, "host_queued_start": 1585499681.422976, "device_queued": 1585499618.5227447, "device_end": 1585499618.5233648, "host_queued_end": 1585499681.42509}, "device": "gpu", "nd_range": {"device_start": 1585499618.5233662, "device_end": 1585499618.5235345}, "cmdq": 1, "read": {"device_start": 1585499618.5235875, "device_end": 1585499618.5236006}}, "FFC_sans_bias15": {"write": {"device_start": -1, "host_queued_start": 1585499681.419707, "device_queued": -1, "device_end": -1, "host_queued_end": 1585499681.42509}, "device": "gpu", "nd_range": {"device_start": 1585499618.5229, "device_end": 1585499618.5230079}, "cmdq": 1, "read": {"device_start": -1, "device_end": -1}}, "FFC_sans_bias31": {"write": {"device_start": -1, "host_queued_start": 1585499681.416661, "device_queued": -1, "device_end": -1, "host_queued_end": 1585499681.42509}, "device": "gpu", "nd_range": {"device_start": 1585499618.5223413, "device_end": 1585499618.5225332}, "cmdq": 1, "read": {"device_start": -1, "device_end": -1}}, "FFC_sans_bias16": {"write": {"device_start": 1585499618.5233052, "host_queued_start": 1585499681.421961, "device_queued": 1585499618.522544, "device_end": 1585499618.5233135, "host_queued_end": 1585499681.42509}, "device": "gpu", "nd_range": {"device_start": 1585499618.5233147, "device_end": 1585499618.5234962}, "cmdq": 2, "read": {"device_start": 1585499618.523499, "device_end": 1585499618.5235074}}, "FFC_sans_bias19": {"write": {"device_start": 1585499618.5211658, "host_queued_start": 1585499681.405815, "device_queued": 1585499618.5210626, "device_end": 1585499618.5211747, "host_queued_end": 1585499681.42509}, "device": "gpu", "nd_range": {"device_start": 1585499618.5212202, "device_end": 1585499618.5213337}, "cmdq": 2, "read": {"device_start": -1, "device_end": -1}}, "FFC_sans_bias18": {"write": {"device_start": 1585499618.5210783, "host_queued_start": 1585499681.40533, "device_queued": 1585499618.5210273, "device_end": 1585499618.5210888, "host_queued_end": 1585499681.42509}, "device": "gpu", "nd_range": {"device_start": 1585499618.521109, "device_end": 1585499618.5212765}, "cmdq": 1, "read": {"device_start": -1, "device_end": -1}}, "coalesced_transpose30": {"write": {"device_start": -1, "host_queued_start": 1585499681.414695, "device_queued": -1, "device_end": -1, "host_queued_end": 1585499681.42509}, "device": "gpu", "nd_range": {"device_start": 1585499618.52233, "device_end": 1585499618.522337}, "cmdq": 0, "read": {"device_start": -1, "device_end": -1}}, "FFC_sans_bias69": {"write": {"device_start": -1, "host_queued_start": 1585499681.421489, "device_queued": -1, "device_end": -1, "host_queued_end": 1585499681.42509}, "device": "gpu", "nd_range": {"device_start": 1585499618.5232, "device_end": 1585499618.523354}, "cmdq": 1, "read": {"device_start": -1, "device_end": -1}}, "FFC_sans_bias38": {"write": {"device_start": 1585499618.521586, "host_queued_start": 1585499681.409316, "device_queued": 1585499618.5214577, "device_end": 1585499618.5215945, "host_queued_end": 1585499681.42509}, "device": "gpu", "nd_range": {"device_start": 1585499618.5215957, "device_end": 1585499618.5217726}, "cmdq": 0, "read": {"device_start": -1, "device_end": -1}}, "coalesced_transpose57": {"write": {"device_start": -1, "host_queued_start": 1585499681.415514, "device_queued": -1, "device_end": -1, "host_queued_end": 1585499681.42509}, "device": "gpu", "nd_range": {"device_start": 1585499618.5223382, "device_end": 1585499618.5223563}, "cmdq": 0, "read": {"device_start": -1, "device_end": -1}}, "empty26": {"write": {"device_start": 1585499618.5207102, "host_queued_start": 1585499681.401167, "device_queued": 1585499618.520686, "device_end": 1585499618.52072, "host_queued_end": 1585499681.42509}, "device": "gpu", "nd_range": {"device_start": 1585499618.5207508, "device_end": 1585499618.5207567}, "cmdq": 1, "read": {"device_start": -1, "device_end": -1}}, "coalesced_transpose12": {"write": {"device_start": -1, "host_queued_start": 1585499681.41412, "device_queued": -1, "device_end": -1, "host_queued_end": 1585499681.42509}, "device": "gpu", "nd_range": {"device_start": 1585499618.5222054, "device_end": 1585499618.5222561}, "cmdq": 1, "read": {"device_start": -1, "device_end": -1}}, "empty44": {"write": {"device_start": 1585499618.520783, "host_queued_start": 1585499681.401975, "device_queued": 1585499618.520761, "device_end": 1585499618.5207918, "host_queued_end": 1585499681.42509}, "device": "gpu", "nd_range": {"device_start": 1585499618.5207927, "device_end": 1585499618.5207963}, "cmdq": 0, "read": {"device_start": -1, "device_end": -1}}, "coalesced_transpose21": {"write": {"device_start": -1, "host_queued_start": 1585499681.414386, "device_queued": -1, "device_end": -1, "host_queued_end": 1585499681.42509}, "device": "gpu", "nd_range": {"device_start": 1585499618.522261, "device_end": 1585499618.5222747}, "cmdq": 2, "read": {"device_start": -1, "device_end": -1}}, "FFC_sans_bias36": {"write": {"device_start": 1585499618.5214732, "host_queued_start": 1585499681.408322, "device_queued": 1585499618.5213833, "device_end": 1585499618.521482, "host_queued_end": 1585499681.42509}, "device": "gpu", "nd_range": {"device_start": 1585499618.5214834, "device_end": 1585499618.5216668}, "cmdq": 1, "read": {"device_start": -1, "device_end": -1}}, "softmax14": {"write": {"device_start": -1, "host_queued_start": 1585499681.418036, "device_queued": -1, "device_end": -1, "host_queued_end": 1585499681.42509}, "device": "gpu", "nd_range": {"device_start": 1585499618.522754, "device_end": 1585499618.5228293}, "cmdq": 0, "read": {"device_start": -1, "device_end": -1}}, "FFC_sans_bias13": {"write": {"device_start": -1, "host_queued_start": 1585499681.416072, "device_queued": -1, "device_end": -1, "host_queued_end": 1585499681.42509}, "device": "gpu", "nd_range": {"device_start": 1585499618.5223346, "device_end": 1585499618.5224423}, "cmdq": 2, "read": {"device_start": -1, "device_end": -1}}, "empty8": {"write": {"device_start": -1, "host_queued_start": 1585499681.425887, "device_queued": -1, "device_end": -1, "host_queued_end": 1585499681.429669}, "device": "cpu", "nd_range": {"device_start": 2167455.6192207714, "device_end": 2167455.619231728}, "cmdq": 0, "read": {"device_start": -1, "device_end": -1}}, "FFC_sans_bias42": {"write": {"device_start": -1, "host_queued_start": 1585499681.420562, "device_queued": -1, "device_end": -1, "host_queued_end": 1585499681.42509}, "device": "gpu", "nd_range": {"device_start": 1585499618.5230112, "device_end": 1585499618.5231977}, "cmdq": 1, "read": {"device_start": -1, "device_end": -1}}, "FFC_sans_bias43": {"write": {"device_start": 1585499618.5235963, "host_queued_start": 1585499681.423471, "device_queued": 1585499618.5228179, "device_end": 1585499618.5236058, "host_queued_end": 1585499681.42509}, "device": "gpu", "nd_range": {"device_start": 1585499618.5236075, "device_end": 1585499618.5237212}, "cmdq": 2, "read": {"device_start": 1585499618.5237274, "device_end": 1585499618.5237362}}, "FFC_sans_bias40": {"write": {"device_start": -1, "host_queued_start": 1585499681.416941, "device_queued": -1, "device_end": -1, "host_queued_end": 1585499681.42509}, "device": "gpu", "nd_range": {"device_start": 1585499618.5224445, "device_end": 1585499618.5226436}, "cmdq": 2, "read": {"device_start": -1, "device_end": -1}}, "softmax32": {"write": {"device_start": -1, "host_queued_start": 1585499681.418491, "device_queued": -1, "device_end": -1, "host_queued_end": 1585499681.42509}, "device": "gpu", "nd_range": {"device_start": 1585499618.5227976, "device_end": 1585499618.5228744}, "cmdq": 2, "read": {"device_start": -1, "device_end": -1}}, "FFC_sans_bias47": {"write": {"device_start": 1585499618.5217764, "host_queued_start": 1585499681.410855, "device_queued": 1585499618.5217097, "device_end": 1585499618.521787, "host_queued_end": 1585499681.42509}, "device": "gpu", "nd_range": {"device_start": 1585499618.5217884, "device_end": 1585499618.521959}, "cmdq": 0, "read": {"device_start": -1, "device_end": -1}}, "FFC_sans_bias45": {"write": {"device_start": 1585499618.5216684, "host_queued_start": 1585499681.409804, "device_queued": 1585499618.521497, "device_end": 1585499618.521681, "host_queued_end": 1585499681.42509}, "device": "gpu", "nd_range": {"device_start": 1585499618.5216894, "device_end": 1585499618.5218403}, "cmdq": 1, "read": {"device_start": -1, "device_end": -1}}, "softmax50": {"write": {"device_start": -1, "host_queued_start": 1585499681.418967, "device_queued": -1, "device_end": -1, "host_queued_end": 1585499681.42509}, "device": "gpu", "nd_range": {"device_start": 1585499618.5228143, "device_end": 1585499618.5228915}, "cmdq": 1, "read": {"device_start": -1, "device_end": -1}}, "FFC_sans_bias33": {"write": {"device_start": -1, "host_queued_start": 1585499681.420273, "device_queued": -1, "device_end": -1, "host_queued_end": 1585499681.42509}, "device": "gpu", "nd_range": {"device_start": 1585499618.523068, "device_end": 1585499618.5232246}, "cmdq": 0, "read": {"device_start": -1, "device_end": -1}}, "FFC_sans_bias63": {"write": {"device_start": 1585499618.5221522, "host_queued_start": 1585499681.413829, "device_queued": 1585499618.5219307, "device_end": 1585499618.522161, "host_queued_end": 1585499681.42509}, "device": "gpu", "nd_range": {"device_start": 1585499618.522162, "device_end": 1585499618.5223289}, "cmdq": 0, "read": {"device_start": -1, "device_end": -1}}, "FFC_sans_bias49": {"write": {"device_start": -1, "host_queued_start": 1585499681.41723, "device_queued": -1, "device_end": -1, "host_queued_end": 1585499681.42509}, "device": "gpu", "nd_range": {"device_start": 1585499618.5225594, "device_end": 1585499618.5227494}, "cmdq": 0, "read": {"device_start": -1, "device_end": -1}}, "FFC_sans_bias64": {"write": {"device_start": 1585499618.5220358, "host_queued_start": 1585499681.412809, "device_queued": 1585499618.5218594, "device_end": 1585499618.5220444, "host_queued_end": 1585499681.42509}, "device": "gpu", "nd_range": {"device_start": 1585499618.5220459, "device_end": 1585499618.5222042}, "cmdq": 1, "read": {"device_start": -1, "device_end": -1}}, "FFC_sans_bias65": {"write": {"device_start": 1585499618.5220902, "host_queued_start": 1585499681.413346, "device_queued": 1585499618.5218828, "device_end": 1585499618.5220985, "host_queued_end": 1585499681.42509}, "device": "gpu", "nd_range": {"device_start": 1585499618.5220997, "device_end": 1585499618.5222597}, "cmdq": 2, "read": {"device_start": -1, "device_end": -1}}, "FFC_sans_bias67": {"write": {"device_start": -1, "host_queued_start": 1585499681.417807, "device_queued": -1, "device_end": -1, "host_queued_end": 1585499681.42509}, "device": "gpu", "nd_range": {"device_start": 1585499618.5226464, "device_end": 1585499618.5227945}, "cmdq": 2, "read": {"device_start": -1, "device_end": -1}}, "FFC_sans_bias24": {"write": {"device_start": -1, "host_queued_start": 1585499681.419984, "device_queued": -1, "device_end": -1, "host_queued_end": 1585499681.42509}, "device": "gpu", "nd_range": {"device_start": 1585499618.5229852, "device_end": 1585499618.523104}, "cmdq": 2, "read": {"device_start": -1, "device_end": -1}}, "FFC_sans_bias25": {"write": {"device_start": 1585499618.523423, "host_queued_start": 1585499681.42246, "device_queued": 1585499618.522594, "device_end": 1585499618.5234318, "host_queued_end": 1585499681.42509}, "device": "gpu", "nd_range": {"device_start": 1585499618.5234327, "device_end": 1585499618.5236118}, "cmdq": 0, "read": {"device_start": 1585499618.5236151, "device_end": 1585499618.5236292}}, "FFC_sans_bias27": {"write": {"device_start": 1585499618.521291, "host_queued_start": 1585499681.406835, "device_queued": 1585499618.5212667, "device_end": 1585499618.5213006, "host_queued_end": 1585499681.42509}, "device": "gpu", "nd_range": {"device_start": 1585499618.5213253, "device_end": 1585499618.5214694}, "cmdq": 1, "read": {"device_start": -1, "device_end": -1}}, "FFC_sans_bias20": {"write": {"device_start": 1585499618.5212517, "host_queued_start": 1585499681.406318, "device_queued": 1585499618.5212283, "device_end": 1585499618.5212605, "host_queued_end": 1585499681.42509}, "device": "gpu", "nd_range": {"device_start": 1585499618.5212615, "device_end": 1585499618.5213976}, "cmdq": 0, "read": {"device_start": -1, "device_end": -1}}, "FFC_sans_bias22": {"write": {"device_start": -1, "host_queued_start": 1585499681.416372, "device_queued": -1, "device_end": -1, "host_queued_end": 1585499681.42509}, "device": "gpu", "nd_range": {"device_start": 1585499618.5223582, "device_end": 1585499618.5225568}, "cmdq": 0, "read": {"device_start": -1, "device_end": -1}}, "softmax68": {"write": {"device_start": -1, "host_queued_start": 1585499681.419416, "device_queued": -1, "device_end": -1, "host_queued_end": 1585499681.42509}, "device": "gpu", "nd_range": {"device_start": 1585499618.522928, "device_end": 1585499618.523065}, "cmdq": 0, "read": {"device_start": -1, "device_end": -1}}, "softmax5": {"write": {"device_start": -1, "host_queued_start": 1585499681.428765, "device_queued": -1, "device_end": -1, "host_queued_end": 1585499681.429669}, "device": "cpu", "nd_range": {"device_start": 2167455.621510174, "device_end": 2167455.621542438}, "cmdq": 0, "read": {"device_start": -1, "device_end": -1}}, "FFC_sans_bias28": {"write": {"device_start": 1585499618.5213356, "host_queued_start": 1585499681.407322, "device_queued": 1585499618.5212913, "device_end": 1585499618.5213442, "host_queued_end": 1585499681.42509}, "device": "gpu", "nd_range": {"device_start": 1585499618.5213456, "device_end": 1585499618.5215378}, "cmdq": 2, "read": {"device_start": -1, "device_end": -1}}, "FFC_sans_bias29": {"write": {"device_start": 1585499618.5214024, "host_queued_start": 1585499681.407822, "device_queued": 1585499618.5213435, "device_end": 1585499618.521411, "host_queued_end": 1585499681.42509}, "device": "gpu", "nd_range": {"device_start": 1585499618.5214121, "device_end": 1585499618.521584}, "cmdq": 0, "read": {"device_start": -1, "device_end": -1}}, "empty17": {"write": {"device_start": 1585499618.5206294, "host_queued_start": 1585499681.400576, "device_queued": 1585499618.5205822, "device_end": 1585499618.520638, "host_queued_end": 1585499681.42509}, "device": "gpu", "nd_range": {"device_start": 1585499618.5206692, "device_end": 1585499618.5206819}, "cmdq": 0, "read": {"device_start": -1, "device_end": -1}}, "softmax59": {"write": {"device_start": -1, "host_queued_start": 1585499681.41918, "device_queued": -1, "device_end": -1, "host_queued_end": 1585499681.42509}, "device": "gpu", "nd_range": {"device_start": 1585499618.5228765, "device_end": 1585499618.522983}, "cmdq": 2, "read": {"device_start": -1, "device_end": -1}}, "empty71": {"write": {"device_start": 1585499618.5208902, "host_queued_start": 1585499681.403139, "device_queued": 1585499618.520867, "device_end": 1585499618.5208986, "host_queued_end": 1585499681.42509}, "device": "gpu", "nd_range": {"device_start": 1585499618.5209, "device_end": 1585499618.5209033}, "cmdq": 0, "read": {"device_start": -1, "device_end": -1}}, "empty35": {"write": {"device_start": 1585499618.5207403, "host_queued_start": 1585499681.401571, "device_queued": 1585499618.5207117, "device_end": 1585499618.5207486, "host_queued_end": 1585499681.42509}, "device": "gpu", "nd_range": {"device_start": 1585499618.5207543, "device_end": 1585499618.5207582}, "cmdq": 2, "read": {"device_start": -1, "device_end": -1}}, "empty53": {"write": {"device_start": 1585499618.520818, "host_queued_start": 1585499681.402348, "device_queued": 1585499618.520796, "device_end": 1585499618.5208273, "host_queued_end": 1585499681.42509}, "device": "gpu", "nd_range": {"device_start": 1585499618.5208573, "device_end": 1585499618.5208635}, "cmdq": 1, "read": {"device_start": -1, "device_end": -1}}, "FFC_sans_bias46": {"write": {"device_start": 1585499618.5217407, "host_queued_start": 1585499681.410301, "device_queued": 1585499618.5216453, "device_end": 1585499618.5217493, "host_queued_end": 1585499681.42509}, "device": "gpu", "nd_range": {"device_start": 1585499618.5217507, "device_end": 1585499618.5218995}, "cmdq": 2, "read": {"device_start": -1, "device_end": -1}}, "coalesced_transpose66": {"write": {"device_start": -1, "host_queued_start": 1585499681.415793, "device_queued": -1, "device_end": -1, "host_queued_end": 1585499681.42509}, "device": "gpu", "nd_range": {"device_start": 1585499618.52227, "device_end": 1585499618.5222821}, "cmdq": 1, "read": {"device_start": -1, "device_end": -1}}, "coalesced_transpose48": {"write": {"device_start": -1, "host_queued_start": 1585499681.415232, "device_queued": -1, "device_end": -1, "host_queued_end": 1585499681.42509}, "device": "gpu", "nd_range": {"device_start": 1585499618.5222757, "device_end": 1585499618.5222886}, "cmdq": 2, "read": {"device_start": -1, "device_end": -1}}}