{"FFC_sans_bias60": {"write": {"device_start": -1, "host_queued_start": 1585499536.969112, "device_queued": -1, "device_end": -1, "host_queued_end": 1585499536.971995}, "device": "gpu", "nd_range": {"device_start": 1585499474.0739493, "device_end": 1585499474.0741277}, "cmdq": 0, "read": {"device_start": -1, "device_end": -1}}, "FFC_sans_bias4": {"write": {"device_start": -1, "host_queued_start": 1585499536.979658, "device_queued": -1, "device_end": -1, "host_queued_end": 1585499536.983506}, "device": "cpu", "nd_range": {"device_start": 2167311.1791691603, "device_end": 2167311.179654355}, "cmdq": 0, "read": {"device_start": -1, "device_end": -1}}, "FFC_sans_bias7": {"write": {"device_start": -1, "host_queued_start": 1585499536.982524, "device_queued": -1, "device_end": -1, "host_queued_end": 1585499536.983506}, "device": "cpu", "nd_range": {"device_start": 2167311.1836994654, "device_end": 2167311.184302318}, "cmdq": 0, "read": {"device_start": -1, "device_end": -1}}, "FFC_sans_bias6": {"write": {"device_start": -1, "host_queued_start": 1585499536.981384, "device_queued": -1, "device_end": -1, "host_queued_end": 1585499536.983506}, "device": "cpu", "nd_range": {"device_start": 2167311.182013728, "device_end": 2167311.182501745}, "cmdq": 0, "read": {"device_start": -1, "device_end": -1}}, "FFC_sans_bias1": {"write": {"device_start": -1, "host_queued_start": 1585499536.974653, "device_queued": -1, "device_end": -1, "host_queued_end": 1585499536.983506}, "device": "cpu", "nd_range": {"device_start": 2167311.1738028303, "device_end": 2167311.174375466}, "cmdq": 0, "read": {"device_start": -1, "device_end": -1}}, "FFC_sans_bias0": {"write": {"device_start": -1, "host_queued_start": 1585499536.974081, "device_queued": -1, "device_end": -1, "host_queued_end": 1585499536.983506}, "device": "cpu", "nd_range": {"device_start": 2167311.1731185922, "device_end": 2167311.173793176}, "cmdq": 0, "read": {"device_start": -1, "device_end": -1}}, "FFC_sans_bias2": {"write": {"device_start": -1, "host_queued_start": 1585499536.975362, "device_queued": -1, "device_end": -1, "host_queued_end": 1585499536.983506}, "device": "cpu", "nd_range": {"device_start": 2167311.174387971, "device_end": 2167311.174974183}, "cmdq": 0, "read": {"device_start": -1, "device_end": -1}}, "FFC_sans_bias61": {"write": {"device_start": 1585499474.0745347, "host_queued_start": 1585499536.971411, "device_queued": 1585499474.073528, "device_end": 1585499474.0745432, "host_queued_end": 1585499536.971995}, "device": "gpu", "nd_range": {"device_start": 1585499474.074551, "device_end": 1585499474.0746577}, "cmdq": 1, "read": {"device_start": 1585499474.0746615, "device_end": 1585499474.0746682}}, "FFC_sans_bias52": {"write": {"device_start": 1585499474.0743885, "host_queued_start": 1585499536.970907, "device_queued": 1585499474.0734816, "device_end": 1585499474.0743973, "host_queued_end": 1585499536.971995}, "device": "gpu", "nd_range": {"device_start": 1585499474.0743983, "device_end": 1585499474.0745137}, "cmdq": 0, "read": {"device_start": 1585499474.0745215, "device_end": 1585499474.0745354}}, "FFC_sans_bias9": {"write": {"device_start": -1, "host_queued_start": 1585499536.975883, "device_queued": -1, "device_end": -1, "host_queued_end": 1585499536.983506}, "device": "cpu", "nd_range": {"device_start": 2167311.1751099583, "device_end": 2167311.175612601}, "cmdq": 0, "read": {"device_start": -1, "device_end": -1}}, "coalesced_transpose39": {"write": {"device_start": -1, "host_queued_start": 1585499536.964635, "device_queued": -1, "device_end": -1, "host_queued_end": 1585499536.971995}, "device": "gpu", "nd_range": {"device_start": 1585499474.0733242, "device_end": 1585499474.0733309}, "cmdq": 1, "read": {"device_start": -1, "device_end": -1}}, "FFC_sans_bias55": {"write": {"device_start": 1585499474.072966, "host_queued_start": 1585499536.962539, "device_queued": 1585499474.072779, "device_end": 1585499474.0729744, "host_queued_end": 1585499536.971995}, "device": "gpu", "nd_range": {"device_start": 1585499474.0729756, "device_end": 1585499474.073098}, "cmdq": 0, "read": {"device_start": -1, "device_end": -1}}, "FFC_sans_bias54": {"write": {"device_start": 1585499474.0728989, "host_queued_start": 1585499536.96205, "device_queued": 1585499474.0727425, "device_end": 1585499474.0729077, "host_queued_end": 1585499536.971995}, "device": "gpu", "nd_range": {"device_start": 1585499474.0729086, "device_end": 1585499474.0730393}, "cmdq": 1, "read": {"device_start": -1, "device_end": -1}}, "FFC_sans_bias56": {"write": {"device_start": 1585499474.0728395, "host_queued_start": 1585499536.961564, "device_queued": 1585499474.0726826, "device_end": 1585499474.0728483, "host_queued_end": 1585499536.971995}, "device": "gpu", "nd_range": {"device_start": 1585499474.0728493, "device_end": 1585499474.072964}, "cmdq": 0, "read": {"device_start": -1, "device_end": -1}}, "FFC_sans_bias51": {"write": {"device_start": -1, "host_queued_start": 1585499536.968821, "device_queued": -1, "device_end": -1, "host_queued_end": 1585499536.971995}, "device": "gpu", "nd_range": {"device_start": 1585499474.0740564, "device_end": 1585499474.0741663}, "cmdq": 1, "read": {"device_start": -1, "device_end": -1}}, "softmax23": {"write": {"device_start": -1, "host_queued_start": 1585499536.98106, "device_queued": -1, "device_end": -1, "host_queued_end": 1585499536.983506}, "device": "cpu", "nd_range": {"device_start": 2167311.181893154, "device_end": 2167311.181911242}, "cmdq": 0, "read": {"device_start": -1, "device_end": -1}}, "FFC_sans_bias37": {"write": {"device_start": 1585499474.0724773, "host_queued_start": 1585499536.958999, "device_queued": 1585499474.072388, "device_end": 1585499474.072486, "host_queued_end": 1585499536.971995}, "device": "gpu", "nd_range": {"device_start": 1585499474.072487, "device_end": 1585499474.0726175}, "cmdq": 1, "read": {"device_start": -1, "device_end": -1}}, "empty62": {"write": {"device_start": 1585499474.0721505, "host_queued_start": 1585499536.956122, "device_queued": 1585499474.0721276, "device_end": 1585499474.072159, "host_queued_end": 1585499536.971995}, "device": "gpu", "nd_range": {"device_start": 1585499474.07216, "device_end": 1585499474.0721636}, "cmdq": 1, "read": {"device_start": -1, "device_end": -1}}, "FFC_sans_bias70": {"write": {"device_start": 1585499474.0746348, "host_queued_start": 1585499536.971904, "device_queued": 1585499474.0735936, "device_end": 1585499474.0746436, "host_queued_end": 1585499536.971995}, "device": "gpu", "nd_range": {"device_start": 1585499474.0746446, "device_end": 1585499474.0747511}, "cmdq": 0, "read": {"device_start": 1585499474.0747564, "device_end": 1585499474.074763}}, "FFC_sans_bias58": {"write": {"device_start": -1, "host_queued_start": 1585499536.966602, "device_queued": -1, "device_end": -1, "host_queued_end": 1585499536.971995}, "device": "gpu", "nd_range": {"device_start": 1585499474.0734506, "device_end": 1585499474.0735683}, "cmdq": 0, "read": {"device_start": -1, "device_end": -1}}, "softmax41": {"write": {"device_start": -1, "host_queued_start": 1585499536.967325, "device_queued": -1, "device_end": -1, "host_queued_end": 1585499536.971995}, "device": "gpu", "nd_range": {"device_start": 1585499474.0737514, "device_end": 1585499474.0738246}, "cmdq": 1, "read": {"device_start": -1, "device_end": -1}}, "FFC_sans_bias11": {"write": {"device_start": -1, "host_queued_start": 1585499536.976884, "device_queued": -1, "device_end": -1, "host_queued_end": 1585499536.983506}, "device": "cpu", "nd_range": {"device_start": 2167311.1763571124, "device_end": 2167311.1768643493}, "cmdq": 0, "read": {"device_start": -1, "device_end": -1}}, "FFC_sans_bias10": {"write": {"device_start": -1, "host_queued_start": 1585499536.97638, "device_queued": -1, "device_end": -1, "host_queued_end": 1585499536.983506}, "device": "cpu", "nd_range": {"device_start": 2167311.175731548, "device_end": 2167311.176243029}, "cmdq": 0, "read": {"device_start": -1, "device_end": -1}}, "coalesced_transpose3": {"write": {"device_start": -1, "host_queued_start": 1585499536.978692, "device_queued": -1, "device_end": -1, "host_queued_end": 1585499536.983506}, "device": "cpu", "nd_range": {"device_start": 2167311.178799598, "device_end": 2167311.178821342}, "cmdq": 0, "read": {"device_start": -1, "device_end": -1}}, "FFC_sans_bias34": {"write": {"device_start": 1585499474.07413, "host_queued_start": 1585499536.969852, "device_queued": 1585499474.0733695, "device_end": 1585499474.0741384, "host_queued_end": 1585499536.971995}, "device": "gpu", "nd_range": {"device_start": 1585499474.0741398, "device_end": 1585499474.074265}, "cmdq": 0, "read": {"device_start": 1585499474.0742724, "device_end": 1585499474.074281}}, "FFC_sans_bias15": {"write": {"device_start": -1, "host_queued_start": 1585499536.981687, "device_queued": -1, "device_end": -1, "host_queued_end": 1585499536.983506}, "device": "cpu", "nd_range": {"device_start": 2167311.182608745, "device_end": 2167311.1831064643}, "cmdq": 0, "read": {"device_start": -1, "device_end": -1}}, "FFC_sans_bias31": {"write": {"device_start": -1, "host_queued_start": 1585499536.965737, "device_queued": -1, "device_end": -1, "host_queued_end": 1585499536.971995}, "device": "gpu", "nd_range": {"device_start": 1585499474.0733385, "device_end": 1585499474.0735235}, "cmdq": 1, "read": {"device_start": -1, "device_end": -1}}, "FFC_sans_bias16": {"write": {"device_start": -1, "host_queued_start": 1585499536.983014, "device_queued": -1, "device_end": -1, "host_queued_end": 1585499536.983506}, "device": "cpu", "nd_range": {"device_start": 2167311.184307231, "device_end": 2167311.184791629}, "cmdq": 0, "read": {"device_start": -1, "device_end": -1}}, "FFC_sans_bias19": {"write": {"device_start": -1, "host_queued_start": 1585499536.977879, "device_queued": -1, "device_end": -1, "host_queued_end": 1585499536.983506}, "device": "cpu", "nd_range": {"device_start": 2167311.1775863003, "device_end": 2167311.178087602}, "cmdq": 0, "read": {"device_start": -1, "device_end": -1}}, "FFC_sans_bias18": {"write": {"device_start": -1, "host_queued_start": 1585499536.977383, "device_queued": -1, "device_end": -1, "host_queued_end": 1585499536.983506}, "device": "cpu", "nd_range": {"device_start": 2167311.176976529, "device_end": 2167311.177476012}, "cmdq": 0, "read": {"device_start": -1, "device_end": -1}}, "coalesced_transpose30": {"write": {"device_start": -1, "host_queued_start": 1585499536.964363, "device_queued": -1, "device_end": -1, "host_queued_end": 1585499536.971995}, "device": "gpu", "nd_range": {"device_start": 1585499474.0732474, "device_end": 1585499474.0732586}, "cmdq": 0, "read": {"device_start": -1, "device_end": -1}}, "FFC_sans_bias69": {"write": {"device_start": -1, "host_queued_start": 1585499536.969385, "device_queued": -1, "device_end": -1, "host_queued_end": 1585499536.971995}, "device": "gpu", "nd_range": {"device_start": 1585499474.0741687, "device_end": 1585499474.0743043}, "cmdq": 1, "read": {"device_start": -1, "device_end": -1}}, "FFC_sans_bias38": {"write": {"device_start": 1585499474.0725684, "host_queued_start": 1585499536.959611, "device_queued": 1585499474.072428, "device_end": 1585499474.0725782, "host_queued_end": 1585499536.971995}, "device": "gpu", "nd_range": {"device_start": 1585499474.0725794, "device_end": 1585499474.07269}, "cmdq": 0, "read": {"device_start": -1, "device_end": -1}}, "coalesced_transpose57": {"write": {"device_start": -1, "host_queued_start": 1585499536.965185, "device_queued": -1, "device_end": -1, "host_queued_end": 1585499536.971995}, "device": "gpu", "nd_range": {"device_start": 1585499474.073332, "device_end": 1585499474.073337}, "cmdq": 1, "read": {"device_start": -1, "device_end": -1}}, "empty26": {"write": {"device_start": -1, "host_queued_start": 1585499536.973544, "device_queued": -1, "device_end": -1, "host_queued_end": 1585499536.983506}, "device": "cpu", "nd_range": {"device_start": 2167311.1731141903, "device_end": 2167311.173114775}, "cmdq": 0, "read": {"device_start": -1, "device_end": -1}}, "coalesced_transpose12": {"write": {"device_start": -1, "host_queued_start": 1585499536.97905, "device_queued": -1, "device_end": -1, "host_queued_end": 1585499536.983506}, "device": "cpu", "nd_range": {"device_start": 2167311.1789223542, "device_end": 2167311.17894351}, "cmdq": 0, "read": {"device_start": -1, "device_end": -1}}, "empty44": {"write": {"device_start": 1585499474.0720794, "host_queued_start": 1585499536.955352, "device_queued": 1585499474.0720556, "device_end": 1585499474.072088, "host_queued_end": 1585499536.971995}, "device": "gpu", "nd_range": {"device_start": 1585499474.0720892, "device_end": 1585499474.0720925}, "cmdq": 1, "read": {"device_start": -1, "device_end": -1}}, "coalesced_transpose21": {"write": {"device_start": -1, "host_queued_start": 1585499536.979337, "device_queued": -1, "device_end": -1, "host_queued_end": 1585499536.983506}, "device": "cpu", "nd_range": {"device_start": 2167311.179042072, "device_end": 2167311.179069925}, "cmdq": 0, "read": {"device_start": -1, "device_end": -1}}, "FFC_sans_bias36": {"write": {"device_start": 1585499474.0723996, "host_queued_start": 1585499536.958477, "device_queued": 1585499474.0723498, "device_end": 1585499474.072411, "host_queued_end": 1585499536.971995}, "device": "gpu", "nd_range": {"device_start": 1585499474.0724123, "device_end": 1585499474.0725663}, "cmdq": 0, "read": {"device_start": -1, "device_end": -1}}, "softmax14": {"write": {"device_start": -1, "host_queued_start": 1585499536.980802, "device_queued": -1, "device_end": -1, "host_queued_end": 1585499536.983506}, "device": "cpu", "nd_range": {"device_start": 2167311.181770164, "device_end": 2167311.181794085}, "cmdq": 0, "read": {"device_start": -1, "device_end": -1}}, "FFC_sans_bias13": {"write": {"device_start": -1, "host_queued_start": 1585499536.979981, "device_queued": -1, "device_end": -1, "host_queued_end": 1585499536.983506}, "device": "cpu", "nd_range": {"device_start": 2167311.180463204, "device_end": 2167311.1809516624}, "cmdq": 0, "read": {"device_start": -1, "device_end": -1}}, "empty8": {"write": {"device_start": -1, "host_queued_start": 1585499536.972666, "device_queued": -1, "device_end": -1, "host_queued_end": 1585499536.983506}, "device": "cpu", "nd_range": {"device_start": 2167311.173080307, "device_end": 2167311.1730921473}, "cmdq": 0, "read": {"device_start": -1, "device_end": -1}}, "FFC_sans_bias42": {"write": {"device_start": -1, "host_queued_start": 1585499536.968538, "device_queued": -1, "device_end": -1, "host_queued_end": 1585499536.971995}, "device": "gpu", "nd_range": {"device_start": 1585499474.073837, "device_end": 1585499474.0739477}, "cmdq": 0, "read": {"device_start": -1, "device_end": -1}}, "FFC_sans_bias43": {"write": {"device_start": 1585499474.0743058, "host_queued_start": 1585499536.97037, "device_queued": 1585499474.073405, "device_end": 1585499474.0743148, "host_queued_end": 1585499536.971995}, "device": "gpu", "nd_range": {"device_start": 1585499474.0743158, "device_end": 1585499474.0744245}, "cmdq": 1, "read": {"device_start": 1585499474.0744278, "device_end": 1585499474.0744376}}, "FFC_sans_bias40": {"write": {"device_start": -1, "host_queued_start": 1585499536.966023, "device_queued": -1, "device_end": -1, "host_queued_end": 1585499536.971995}, "device": "gpu", "nd_range": {"device_start": 1585499474.0733347, "device_end": 1585499474.0734417}, "cmdq": 0, "read": {"device_start": -1, "device_end": -1}}, "softmax32": {"write": {"device_start": -1, "host_queued_start": 1585499536.967106, "device_queued": -1, "device_end": -1, "host_queued_end": 1585499536.971995}, "device": "gpu", "nd_range": {"device_start": 1585499474.073571, "device_end": 1585499474.073654}, "cmdq": 0, "read": {"device_start": -1, "device_end": -1}}, "FFC_sans_bias47": {"write": {"device_start": 1585499474.072766, "host_queued_start": 1585499536.96108, "device_queued": 1585499474.072648, "device_end": 1585499474.0727744, "host_queued_end": 1585499536.971995}, "device": "gpu", "nd_range": {"device_start": 1585499474.0727758, "device_end": 1585499474.072897}, "cmdq": 1, "read": {"device_start": -1, "device_end": -1}}, "FFC_sans_bias45": {"write": {"device_start": 1585499474.0726202, "host_queued_start": 1585499536.960102, "device_queued": 1585499474.0725706, "device_end": 1585499474.0726295, "host_queued_end": 1585499536.971995}, "device": "gpu", "nd_range": {"device_start": 1585499474.0726306, "device_end": 1585499474.0727637}, "cmdq": 1, "read": {"device_start": -1, "device_end": -1}}, "softmax50": {"write": {"device_start": -1, "host_queued_start": 1585499536.967548, "device_queued": -1, "device_end": -1, "host_queued_end": 1585499536.971995}, "device": "gpu", "nd_range": {"device_start": 1585499474.073656, "device_end": 1585499474.0737557}, "cmdq": 0, "read": {"device_start": -1, "device_end": -1}}, "FFC_sans_bias33": {"write": {"device_start": -1, "host_queued_start": 1585499536.968263, "device_queued": -1, "device_end": -1, "host_queued_end": 1585499536.971995}, "device": "gpu", "nd_range": {"device_start": 1585499474.0739386, "device_end": 1585499474.0740476}, "cmdq": 1, "read": {"device_start": -1, "device_end": -1}}, "FFC_sans_bias63": {"write": {"device_start": 1585499474.0731657, "host_queued_start": 1585499536.964063, "device_queued": 1585499474.072975, "device_end": 1585499474.073174, "host_queued_end": 1585499536.971995}, "device": "gpu", "nd_range": {"device_start": 1585499474.0731754, "device_end": 1585499474.073323}, "cmdq": 1, "read": {"device_start": -1, "device_end": -1}}, "FFC_sans_bias49": {"write": {"device_start": -1, "host_queued_start": 1585499536.9663, "device_queued": -1, "device_end": -1, "host_queued_end": 1585499536.971995}, "device": "gpu", "nd_range": {"device_start": 1585499474.0735254, "device_end": 1585499474.0736341}, "cmdq": 1, "read": {"device_start": -1, "device_end": -1}}, "FFC_sans_bias64": {"write": {"device_start": 1585499474.0730414, "host_queued_start": 1585499536.963087, "device_queued": 1585499474.072814, "device_end": 1585499474.07305, "host_queued_end": 1585499536.971995}, "device": "gpu", "nd_range": {"device_start": 1585499474.0730512, "device_end": 1585499474.073164}, "cmdq": 1, "read": {"device_start": -1, "device_end": -1}}, "FFC_sans_bias65": {"write": {"device_start": 1585499474.0731056, "host_queued_start": 1585499536.963576, "device_queued": 1585499474.0728474, "device_end": 1585499474.073114, "host_queued_end": 1585499536.971995}, "device": "gpu", "nd_range": {"device_start": 1585499474.0731153, "device_end": 1585499474.073246}, "cmdq": 0, "read": {"device_start": -1, "device_end": -1}}, "FFC_sans_bias67": {"write": {"device_start": -1, "host_queued_start": 1585499536.966898, "device_queued": -1, "device_end": -1, "host_queued_end": 1585499536.971995}, "device": "gpu", "nd_range": {"device_start": 1585499474.073636, "device_end": 1585499474.07375}, "cmdq": 1, "read": {"device_start": -1, "device_end": -1}}, "FFC_sans_bias24": {"write": {"device_start": -1, "host_queued_start": 1585499536.982002, "device_queued": -1, "device_end": -1, "host_queued_end": 1585499536.983506}, "device": "cpu", "nd_range": {"device_start": 2167311.1832083142, "device_end": 2167311.183693957}, "cmdq": 0, "read": {"device_start": -1, "device_end": -1}}, "FFC_sans_bias25": {"write": {"device_start": -1, "host_queued_start": 1585499536.983462, "device_queued": -1, "device_end": -1, "host_queued_end": 1585499536.983506}, "device": "cpu", "nd_range": {"device_start": 2167311.1847936884, "device_end": 2167311.185275001}, "cmdq": 0, "read": {"device_start": -1, "device_end": -1}}, "FFC_sans_bias27": {"write": {"device_start": 1585499474.072226, "host_queued_start": 1585499536.957006, "device_queued": 1585499474.0722015, "device_end": 1585499474.0722349, "host_queued_end": 1585499536.971995}, "device": "gpu", "nd_range": {"device_start": 1585499474.072236, "device_end": 1585499474.0723453}, "cmdq": 1, "read": {"device_start": -1, "device_end": -1}}, "FFC_sans_bias20": {"write": {"device_start": -1, "host_queued_start": 1585499536.978381, "device_queued": -1, "device_end": -1, "host_queued_end": 1585499536.983506}, "device": "cpu", "nd_range": {"device_start": 2167311.178197976, "device_end": 2167311.1786990613}, "cmdq": 0, "read": {"device_start": -1, "device_end": -1}}, "FFC_sans_bias22": {"write": {"device_start": -1, "host_queued_start": 1585499536.980311, "device_queued": -1, "device_end": -1, "host_queued_end": 1585499536.983506}, "device": "cpu", "nd_range": {"device_start": 2167311.181054823, "device_end": 2167311.1815411584}, "cmdq": 0, "read": {"device_start": -1, "device_end": -1}}, "softmax68": {"write": {"device_start": -1, "host_queued_start": 1585499536.967978, "device_queued": -1, "device_end": -1, "host_queued_end": 1585499536.971995}, "device": "gpu", "nd_range": {"device_start": 1585499474.073758, "device_end": 1585499474.0738356}, "cmdq": 0, "read": {"device_start": -1, "device_end": -1}}, "softmax5": {"write": {"device_start": -1, "host_queued_start": 1585499536.980567, "device_queued": -1, "device_end": -1, "host_queued_end": 1585499536.983506}, "device": "cpu", "nd_range": {"device_start": 2167311.1816428383, "device_end": 2167311.1816712474}, "cmdq": 0, "read": {"device_start": -1, "device_end": -1}}, "FFC_sans_bias28": {"write": {"device_start": 1585499474.0722685, "host_queued_start": 1585499536.957501, "device_queued": 1585499474.0722456, "device_end": 1585499474.0722773, "host_queued_end": 1585499536.971995}, "device": "gpu", "nd_range": {"device_start": 1585499474.0722857, "device_end": 1585499474.0723963}, "cmdq": 0, "read": {"device_start": -1, "device_end": -1}}, "FFC_sans_bias29": {"write": {"device_start": 1585499474.0723472, "host_queued_start": 1585499536.957993, "device_queued": 1585499474.0722916, "device_end": 1585499474.0723565, "host_queued_end": 1585499536.971995}, "device": "gpu", "nd_range": {"device_start": 1585499474.072358, "device_end": 1585499474.0724752}, "cmdq": 1, "read": {"device_start": -1, "device_end": -1}}, "empty17": {"write": {"device_start": -1, "host_queued_start": 1585499536.973162, "device_queued": -1, "device_end": -1, "host_queued_end": 1585499536.983506}, "device": "cpu", "nd_range": {"device_start": 2167311.173109032, "device_end": 2167311.173109929}, "cmdq": 0, "read": {"device_start": -1, "device_end": -1}}, "softmax59": {"write": {"device_start": -1, "host_queued_start": 1585499536.967758, "device_queued": -1, "device_end": -1, "host_queued_end": 1585499536.971995}, "device": "gpu", "nd_range": {"device_start": 1585499474.0738273, "device_end": 1585499474.0739362}, "cmdq": 1, "read": {"device_start": -1, "device_end": -1}}, "empty71": {"write": {"device_start": 1585499474.0721896, "host_queued_start": 1585499536.956485, "device_queued": 1585499474.072163, "device_end": 1585499474.0721982, "host_queued_end": 1585499536.971995}, "device": "gpu", "nd_range": {"device_start": 1585499474.0721993, "device_end": 1585499474.072203}, "cmdq": 0, "read": {"device_start": -1, "device_end": -1}}, "empty35": {"write": {"device_start": 1585499474.0719972, "host_queued_start": 1585499536.95477, "device_queued": 1585499474.0719643, "device_end": 1585499474.072006, "host_queued_end": 1585499536.971995}, "device": "gpu", "nd_range": {"device_start": 1585499474.07202, "device_end": 1585499474.072034}, "cmdq": 0, "read": {"device_start": -1, "device_end": -1}}, "empty53": {"write": {"device_start": 1585499474.0721166, "host_queued_start": 1585499536.955746, "device_queued": 1585499474.0720928, "device_end": 1585499474.0721252, "host_queued_end": 1585499536.971995}, "device": "gpu", "nd_range": {"device_start": 1585499474.0721264, "device_end": 1585499474.07213}, "cmdq": 0, "read": {"device_start": -1, "device_end": -1}}, "FFC_sans_bias46": {"write": {"device_start": 1585499474.0727022, "host_queued_start": 1585499536.960591, "device_queued": 1585499474.0726087, "device_end": 1585499474.0727112, "host_queued_end": 1585499536.971995}, "device": "gpu", "nd_range": {"device_start": 1585499474.0727122, "device_end": 1585499474.0728376}, "cmdq": 0, "read": {"device_start": -1, "device_end": -1}}, "coalesced_transpose66": {"write": {"device_start": -1, "host_queued_start": 1585499536.965444, "device_queued": -1, "device_end": -1, "host_queued_end": 1585499536.971995}, "device": "gpu", "nd_range": {"device_start": 1585499474.0732753, "device_end": 1585499474.0732837}, "cmdq": 0, "read": {"device_start": -1, "device_end": -1}}, "coalesced_transpose48": {"write": {"device_start": -1, "host_queued_start": 1585499536.964911, "device_queued": -1, "device_end": -1, "host_queued_end": 1585499536.971995}, "device": "gpu", "nd_range": {"device_start": 1585499474.0732598, "device_end": 1585499474.073274}, "cmdq": 0, "read": {"device_start": -1, "device_end": -1}}}