{"FFC_sans_bias60": {"write": {"device_start": -1, "host_queued_start": 1585499700.120075, "device_queued": -1, "device_end": -1, "host_queued_end": 1585499700.124508}, "device": "gpu", "nd_range": {"device_start": 1585499637.2223089, "device_end": 1585499637.2224312}, "cmdq": 2, "read": {"device_start": -1, "device_end": -1}}, "FFC_sans_bias4": {"write": {"device_start": -1, "host_queued_start": 1585499700.114106, "device_queued": -1, "device_end": -1, "host_queued_end": 1585499700.124508}, "device": "gpu", "nd_range": {"device_start": 1585499637.2214353, "device_end": 1585499637.221632}, "cmdq": 1, "read": {"device_start": -1, "device_end": -1}}, "FFC_sans_bias7": {"write": {"device_start": 1585499637.2227004, "host_queued_start": 1585499700.120831, "device_queued": 1585499637.2217045, "device_end": 1585499637.2227144, "host_queued_end": 1585499700.124508}, "device": "gpu", "nd_range": {"device_start": 1585499637.2227159, "device_end": 1585499637.2228298}, "cmdq": 1, "read": {"device_start": 1585499637.2228396, "device_end": 1585499637.2228546}}, "FFC_sans_bias6": {"write": {"device_start": -1, "host_queued_start": 1585499700.118325, "device_queued": -1, "device_end": -1, "host_queued_end": 1585499700.124508}, "device": "gpu", "nd_range": {"device_start": 1585499637.222062, "device_end": 1585499637.222179}, "cmdq": 2, "read": {"device_start": -1, "device_end": -1}}, "FFC_sans_bias1": {"write": {"device_start": 1585499637.219867, "host_queued_start": 1585499700.100453, "device_queued": 1585499637.2198443, "device_end": 1585499637.2198756, "host_queued_end": 1585499700.124508}, "device": "gpu", "nd_range": {"device_start": 1585499637.2198787, "device_end": 1585499637.220007}, "cmdq": 0, "read": {"device_start": -1, "device_end": -1}}, "FFC_sans_bias0": {"write": {"device_start": 1585499637.2198153, "host_queued_start": 1585499700.099952, "device_queued": 1585499637.2197938, "device_end": 1585499637.2198236, "host_queued_end": 1585499700.124508}, "device": "gpu", "nd_range": {"device_start": 1585499637.2198362, "device_end": 1585499637.2199435}, "cmdq": 2, "read": {"device_start": -1, "device_end": -1}}, "FFC_sans_bias2": {"write": {"device_start": 1585499637.219906, "host_queued_start": 1585499700.100953, "device_queued": 1585499637.2198846, "device_end": 1585499637.2199152, "host_queued_end": 1585499700.124508}, "device": "gpu", "nd_range": {"device_start": 1585499637.21994, "device_end": 1585499637.2200928}, "cmdq": 1, "read": {"device_start": -1, "device_end": -1}}, "FFC_sans_bias61": {"write": {"device_start": 1585499637.2231407, "host_queued_start": 1585499700.123906, "device_queued": 1585499637.2221763, "device_end": 1585499637.223154, "host_queued_end": 1585499700.124508}, "device": "gpu", "nd_range": {"device_start": 1585499637.2231555, "device_end": 1585499637.2232633}, "cmdq": 1, "read": {"device_start": 1585499637.2232685, "device_end": 1585499637.2232754}}, "FFC_sans_bias52": {"write": {"device_start": 1585499637.2228498, "host_queued_start": 1585499700.123389, "device_queued": 1585499637.222046, "device_end": 1585499637.2228599, "host_queued_end": 1585499700.124508}, "device": "gpu", "nd_range": {"device_start": 1585499637.2228608, "device_end": 1585499637.2229855}, "cmdq": 0, "read": {"device_start": 1585499637.2230666, "device_end": 1585499637.2230754}}, "FFC_sans_bias9": {"write": {"device_start": 1585499637.2199445, "host_queued_start": 1585499700.101586, "device_queued": 1585499637.2199092, "device_end": 1585499637.2199533, "host_queued_end": 1585499700.124508}, "device": "gpu", "nd_range": {"device_start": 1585499637.2199543, "device_end": 1585499637.2201083}, "cmdq": 2, "read": {"device_start": -1, "device_end": -1}}, "coalesced_transpose39": {"write": {"device_start": -1, "host_queued_start": 1585499700.112982, "device_queued": -1, "device_end": -1, "host_queued_end": 1585499700.124508}, "device": "gpu", "nd_range": {"device_start": 1585499637.2213569, "device_end": 1585499637.2213707}, "cmdq": 0, "read": {"device_start": -1, "device_end": -1}}, "FFC_sans_bias55": {"write": {"device_start": 1585499637.2210357, "host_queued_start": 1585499700.11007, "device_queued": 1585499637.2208734, "device_end": 1585499637.221044, "host_queued_end": 1585499700.124508}, "device": "gpu", "nd_range": {"device_start": 1585499637.2210453, "device_end": 1585499637.221222}, "cmdq": 1, "read": {"device_start": -1, "device_end": -1}}, "FFC_sans_bias54": {"write": {"device_start": 1585499637.2209935, "host_queued_start": 1585499700.109582, "device_queued": 1585499637.2207396, "device_end": 1585499637.2210062, "host_queued_end": 1585499700.124508}, "device": "gpu", "nd_range": {"device_start": 1585499637.2210073, "device_end": 1585499637.221182}, "cmdq": 0, "read": {"device_start": -1, "device_end": -1}}, "FFC_sans_bias56": {"write": {"device_start": 1585499637.2209194, "host_queued_start": 1585499700.109096, "device_queued": 1585499637.220691, "device_end": 1585499637.220928, "host_queued_end": 1585499700.124508}, "device": "gpu", "nd_range": {"device_start": 1585499637.2209291, "device_end": 1585499637.2211006}, "cmdq": 2, "read": {"device_start": -1, "device_end": -1}}, "FFC_sans_bias51": {"write": {"device_start": -1, "host_queued_start": 1585499700.119785, "device_queued": -1, "device_end": -1, "host_queued_end": 1585499700.124508}, "device": "gpu", "nd_range": {"device_start": 1585499637.2225196, "device_end": 1585499637.2226992}, "cmdq": 1, "read": {"device_start": -1, "device_end": -1}}, "softmax23": {"write": {"device_start": -1, "host_queued_start": 1585499700.11686, "device_queued": -1, "device_end": -1, "host_queued_end": 1585499700.124508}, "device": "gpu", "nd_range": {"device_start": 1585499637.2219007, "device_end": 1585499637.2219825}, "cmdq": 2, "read": {"device_start": -1, "device_end": -1}}, "FFC_sans_bias37": {"write": {"device_start": 1585499637.2206094, "host_queued_start": 1585499700.10656, "device_queued": 1585499637.2205238, "device_end": 1585499637.220618, "host_queued_end": 1585499700.124508}, "device": "gpu", "nd_range": {"device_start": 1585499637.2206192, "device_end": 1585499637.2207956}, "cmdq": 0, "read": {"device_start": -1, "device_end": -1}}, "empty62": {"write": {"device_start": 1585499637.2197587, "host_queued_start": 1585499700.099063, "device_queued": 1585499637.2197378, "device_end": 1585499637.2197673, "host_queued_end": 1585499700.124508}, "device": "gpu", "nd_range": {"device_start": 1585499637.2197685, "device_end": 1585499637.2197719}, "cmdq": 0, "read": {"device_start": -1, "device_end": -1}}, "FFC_sans_bias70": {"write": {"device_start": 1585499637.223064, "host_queued_start": 1585499700.124409, "device_queued": 1585499637.222117, "device_end": 1585499637.2230735, "host_queued_end": 1585499700.124508}, "device": "gpu", "nd_range": {"device_start": 1585499637.2230759, "device_end": 1585499637.2231836}, "cmdq": 2, "read": {"device_start": 1585499637.22319, "device_end": 1585499637.223197}}, "FFC_sans_bias58": {"write": {"device_start": -1, "host_queued_start": 1585499700.115892, "device_queued": -1, "device_end": -1, "host_queued_end": 1585499700.124508}, "device": "gpu", "nd_range": {"device_start": 1585499637.2218423, "device_end": 1585499637.2219534}, "cmdq": 1, "read": {"device_start": -1, "device_end": -1}}, "softmax41": {"write": {"device_start": -1, "host_queued_start": 1585499700.117293, "device_queued": -1, "device_end": -1, "host_queued_end": 1585499700.124508}, "device": "gpu", "nd_range": {"device_start": 1585499637.2220378, "device_end": 1585499637.2221904}, "cmdq": 1, "read": {"device_start": -1, "device_end": -1}}, "FFC_sans_bias11": {"write": {"device_start": 1585499637.2201428, "host_queued_start": 1585499700.102624, "device_queued": 1585499637.2201216, "device_end": 1585499637.2201517, "host_queued_end": 1585499700.124508}, "device": "gpu", "nd_range": {"device_start": 1585499637.2201807, "device_end": 1585499637.22029}, "cmdq": 1, "read": {"device_start": -1, "device_end": -1}}, "FFC_sans_bias10": {"write": {"device_start": 1585499637.220099, "host_queued_start": 1585499700.102076, "device_queued": 1585499637.2200758, "device_end": 1585499637.2201073, "host_queued_end": 1585499700.124508}, "device": "gpu", "nd_range": {"device_start": 1585499637.220113, "device_end": 1585499637.2202213}, "cmdq": 0, "read": {"device_start": -1, "device_end": -1}}, "coalesced_transpose3": {"write": {"device_start": -1, "host_queued_start": 1585499700.111889, "device_queued": -1, "device_end": -1, "host_queued_end": 1585499700.124508}, "device": "gpu", "nd_range": {"device_start": 1585499637.2213, "device_end": 1585499637.221329}, "cmdq": 2, "read": {"device_start": -1, "device_end": -1}}, "FFC_sans_bias34": {"write": {"device_start": 1585499637.2229583, "host_queued_start": 1585499700.122339, "device_queued": 1585499637.221889, "device_end": 1585499637.2229695, "host_queued_end": 1585499700.124508}, "device": "gpu", "nd_range": {"device_start": 1585499637.2229705, "device_end": 1585499637.2230809}, "cmdq": 1, "read": {"device_start": 1585499637.223095, "device_end": 1585499637.2231033}}, "FFC_sans_bias15": {"write": {"device_start": -1, "host_queued_start": 1585499700.118612, "device_queued": -1, "device_end": -1, "host_queued_end": 1585499700.124508}, "device": "gpu", "nd_range": {"device_start": 1585499637.2221107, "device_end": 1585499637.2222247}, "cmdq": 0, "read": {"device_start": -1, "device_end": -1}}, "FFC_sans_bias31": {"write": {"device_start": -1, "host_queued_start": 1585499700.115005, "device_queued": -1, "device_end": -1, "host_queued_end": 1585499700.124508}, "device": "gpu", "nd_range": {"device_start": 1585499637.221634, "device_end": 1585499637.221834}, "cmdq": 1, "read": {"device_start": -1, "device_end": -1}}, "FFC_sans_bias16": {"write": {"device_start": 1585499637.2224333, "host_queued_start": 1585499700.121341, "device_queued": 1585499637.221684, "device_end": 1585499637.222442, "host_queued_end": 1585499700.124508}, "device": "gpu", "nd_range": {"device_start": 1585499637.222443, "device_end": 1585499637.2226188}, "cmdq": 2, "read": {"device_start": 1585499637.2226243, "device_end": 1585499637.222634}}, "FFC_sans_bias19": {"write": {"device_start": 1585499637.2202234, "host_queued_start": 1585499700.103598, "device_queued": 1585499637.2201996, "device_end": 1585499637.220232, "host_queued_end": 1585499700.124508}, "device": "gpu", "nd_range": {"device_start": 1585499637.220233, "device_end": 1585499637.2204254}, "cmdq": 0, "read": {"device_start": -1, "device_end": -1}}, "FFC_sans_bias18": {"write": {"device_start": 1585499637.2201693, "host_queued_start": 1585499700.103114, "device_queued": 1585499637.2201488, "device_end": 1585499637.2201777, "host_queued_end": 1585499700.124508}, "device": "gpu", "nd_range": {"device_start": 1585499637.2201934, "device_end": 1585499637.2203908}, "cmdq": 2, "read": {"device_start": -1, "device_end": -1}}, "coalesced_transpose30": {"write": {"device_start": -1, "host_queued_start": 1585499700.112716, "device_queued": -1, "device_end": -1, "host_queued_end": 1585499700.124508}, "device": "gpu", "nd_range": {"device_start": 1585499637.22133, "device_end": 1585499637.2213366}, "cmdq": 2, "read": {"device_start": -1, "device_end": -1}}, "FFC_sans_bias69": {"write": {"device_start": -1, "host_queued_start": 1585499700.120356, "device_queued": -1, "device_end": -1, "host_queued_end": 1585499700.124508}, "device": "gpu", "nd_range": {"device_start": 1585499637.2223978, "device_end": 1585499637.2225711}, "cmdq": 0, "read": {"device_start": -1, "device_end": -1}}, "FFC_sans_bias38": {"write": {"device_start": 1585499637.2206905, "host_queued_start": 1585499700.107097, "device_queued": 1585499637.2205606, "device_end": 1585499637.2207031, "host_queued_end": 1585499700.124508}, "device": "gpu", "nd_range": {"device_start": 1585499637.220704, "device_end": 1585499637.2208502}, "cmdq": 1, "read": {"device_start": -1, "device_end": -1}}, "coalesced_transpose57": {"write": {"device_start": -1, "host_queued_start": 1585499700.113536, "device_queued": -1, "device_end": -1, "host_queued_end": 1585499700.124508}, "device": "gpu", "nd_range": {"device_start": 1585499637.2213387, "device_end": 1585499637.221352}, "cmdq": 2, "read": {"device_start": -1, "device_end": -1}}, "empty26": {"write": {"device_start": 1585499637.2196033, "host_queued_start": 1585499700.097499, "device_queued": 1585499637.219579, "device_end": 1585499637.2196121, "host_queued_end": 1585499700.124508}, "device": "gpu", "nd_range": {"device_start": 1585499637.2196286, "device_end": 1585499637.219632}, "cmdq": 2, "read": {"device_start": -1, "device_end": -1}}, "coalesced_transpose12": {"write": {"device_start": -1, "host_queued_start": 1585499700.112157, "device_queued": -1, "device_end": -1, "host_queued_end": 1585499700.124508}, "device": "gpu", "nd_range": {"device_start": 1585499637.2213423, "device_end": 1585499637.221356}, "cmdq": 0, "read": {"device_start": -1, "device_end": -1}}, "empty44": {"write": {"device_start": 1585499637.2196927, "host_queued_start": 1585499700.098269, "device_queued": 1585499637.2196722, "device_end": 1585499637.2197013, "host_queued_end": 1585499700.124508}, "device": "gpu", "nd_range": {"device_start": 1585499637.219728, "device_end": 1585499637.2197344}, "cmdq": 1, "read": {"device_start": -1, "device_end": -1}}, "coalesced_transpose21": {"write": {"device_start": -1, "host_queued_start": 1585499700.112435, "device_queued": -1, "device_end": -1, "host_queued_end": 1585499700.124508}, "device": "gpu", "nd_range": {"device_start": 1585499637.221407, "device_end": 1585499637.2214131}, "cmdq": 1, "read": {"device_start": -1, "device_end": -1}}, "FFC_sans_bias36": {"write": {"device_start": 1585499637.2205603, "host_queued_start": 1585499700.106074, "device_queued": 1585499637.2203643, "device_end": 1585499637.2205703, "host_queued_end": 1585499700.124508}, "device": "gpu", "nd_range": {"device_start": 1585499637.2205715, "device_end": 1585499637.2207284}, "cmdq": 2, "read": {"device_start": -1, "device_end": -1}}, "softmax14": {"write": {"device_start": -1, "host_queued_start": 1585499700.116631, "device_queued": -1, "device_end": -1, "host_queued_end": 1585499700.124508}, "device": "gpu", "nd_range": {"device_start": 1585499637.221956, "device_end": 1585499637.2220347}, "cmdq": 1, "read": {"device_start": -1, "device_end": -1}}, "FFC_sans_bias13": {"write": {"device_start": -1, "host_queued_start": 1585499700.114397, "device_queued": -1, "device_end": -1, "host_queued_end": 1585499700.124508}, "device": "gpu", "nd_range": {"device_start": 1585499637.2214093, "device_end": 1585499637.2215168}, "cmdq": 2, "read": {"device_start": -1, "device_end": -1}}, "empty8": {"write": {"device_start": 1585499637.2194965, "host_queued_start": 1585499700.096504, "device_queued": 1585499637.219463, "device_end": 1585499637.219505, "host_queued_end": 1585499700.124508}, "device": "gpu", "nd_range": {"device_start": 1585499637.2195308, "device_end": 1585499637.219544}, "cmdq": 0, "read": {"device_start": -1, "device_end": -1}}, "FFC_sans_bias42": {"write": {"device_start": -1, "host_queued_start": 1585499700.119486, "device_queued": -1, "device_end": -1, "host_queued_end": 1585499700.124508}, "device": "gpu", "nd_range": {"device_start": 1585499637.2222269, "device_end": 1585499637.2223947}, "cmdq": 0, "read": {"device_start": -1, "device_end": -1}}, "FFC_sans_bias43": {"write": {"device_start": 1585499637.2227397, "host_queued_start": 1585499700.122843, "device_queued": 1585499637.2218447, "device_end": 1585499637.2227511, "host_queued_end": 1585499700.124508}, "device": "gpu", "nd_range": {"device_start": 1585499637.2227533, "device_end": 1585499637.2228825}, "cmdq": 2, "read": {"device_start": 1585499637.2229543, "device_end": 1585499637.222965}}, "FFC_sans_bias40": {"write": {"device_start": -1, "host_queued_start": 1585499700.115303, "device_queued": -1, "device_end": -1, "host_queued_end": 1585499700.124508}, "device": "gpu", "nd_range": {"device_start": 1585499637.2215188, "device_end": 1585499637.221719}, "cmdq": 2, "read": {"device_start": -1, "device_end": -1}}, "softmax32": {"write": {"device_start": -1, "host_queued_start": 1585499700.117066, "device_queued": -1, "device_end": -1, "host_queued_end": 1585499700.124508}, "device": "gpu", "nd_range": {"device_start": 1585499637.2219248, "device_end": 1585499637.2220032}, "cmdq": 0, "read": {"device_start": -1, "device_end": -1}}, "FFC_sans_bias47": {"write": {"device_start": 1585499637.2208524, "host_queued_start": 1585499700.108605, "device_queued": 1585499637.2206676, "device_end": 1585499637.220861, "host_queued_end": 1585499700.124508}, "device": "gpu", "nd_range": {"device_start": 1585499637.2208622, "device_end": 1585499637.2210333}, "cmdq": 1, "read": {"device_start": -1, "device_end": -1}}, "FFC_sans_bias45": {"write": {"device_start": 1585499637.2207308, "host_queued_start": 1585499700.107601, "device_queued": 1585499637.2205849, "device_end": 1585499637.2207394, "host_queued_end": 1585499700.124508}, "device": "gpu", "nd_range": {"device_start": 1585499637.2207406, "device_end": 1585499637.220917}, "cmdq": 2, "read": {"device_start": -1, "device_end": -1}}, "softmax50": {"write": {"device_start": -1, "host_queued_start": 1585499700.117522, "device_queued": -1, "device_end": -1, "host_queued_end": 1585499700.124508}, "device": "gpu", "nd_range": {"device_start": 1585499637.2219853, "device_end": 1585499637.22206}, "cmdq": 2, "read": {"device_start": -1, "device_end": -1}}, "FFC_sans_bias33": {"write": {"device_start": -1, "host_queued_start": 1585499700.119201, "device_queued": -1, "device_end": -1, "host_queued_end": 1585499700.124508}, "device": "gpu", "nd_range": {"device_start": 1585499637.222184, "device_end": 1585499637.2223063}, "cmdq": 2, "read": {"device_start": -1, "device_end": -1}}, "FFC_sans_bias63": {"write": {"device_start": 1585499637.221224, "host_queued_start": 1585499700.111592, "device_queued": 1585499637.22101, "device_end": 1585499637.2212327, "host_queued_end": 1585499700.124508}, "device": "gpu", "nd_range": {"device_start": 1585499637.2212338, "device_end": 1585499637.2214055}, "cmdq": 1, "read": {"device_start": -1, "device_end": -1}}, "FFC_sans_bias49": {"write": {"device_start": -1, "host_queued_start": 1585499700.115585, "device_queued": -1, "device_end": -1, "host_queued_end": 1585499700.124508}, "device": "gpu", "nd_range": {"device_start": 1585499637.22161, "device_end": 1585499637.2218022}, "cmdq": 0, "read": {"device_start": -1, "device_end": -1}}, "FFC_sans_bias64": {"write": {"device_start": 1585499637.2211027, "host_queued_start": 1585499700.110593, "device_queued": 1585499637.220899, "device_end": 1585499637.2211113, "host_queued_end": 1585499700.124508}, "device": "gpu", "nd_range": {"device_start": 1585499637.2211125, "device_end": 1585499637.2212985}, "cmdq": 2, "read": {"device_start": -1, "device_end": -1}}, "FFC_sans_bias65": {"write": {"device_start": 1585499637.2211843, "host_queued_start": 1585499700.111103, "device_queued": 1585499637.2209475, "device_end": 1585499637.2211928, "host_queued_end": 1585499700.124508}, "device": "gpu", "nd_range": {"device_start": 1585499637.221194, "device_end": 1585499637.2213414}, "cmdq": 0, "read": {"device_start": -1, "device_end": -1}}, "FFC_sans_bias67": {"write": {"device_start": -1, "host_queued_start": 1585499700.116189, "device_queued": -1, "device_end": -1, "host_queued_end": 1585499700.124508}, "device": "gpu", "nd_range": {"device_start": 1585499637.2217221, "device_end": 1585499637.2218962}, "cmdq": 2, "read": {"device_start": -1, "device_end": -1}}, "FFC_sans_bias24": {"write": {"device_start": -1, "host_queued_start": 1585499700.11891, "device_queued": -1, "device_end": -1, "host_queued_end": 1585499700.124508}, "device": "gpu", "nd_range": {"device_start": 1585499637.222352, "device_end": 1585499637.222518}, "cmdq": 1, "read": {"device_start": -1, "device_end": -1}}, "FFC_sans_bias25": {"write": {"device_start": 1585499637.222573, "host_queued_start": 1585499700.121838, "device_queued": 1585499637.2217517, "device_end": 1585499637.2225816, "host_queued_end": 1585499700.124508}, "device": "gpu", "nd_range": {"device_start": 1585499637.2225828, "device_end": 1585499637.2227325}, "cmdq": 0, "read": {"device_start": 1585499637.2227373, "device_end": 1585499637.222748}}, "FFC_sans_bias27": {"write": {"device_start": 1585499637.220393, "host_queued_start": 1585499700.104588, "device_queued": 1585499637.220259, "device_end": 1585499637.2204018, "host_queued_end": 1585499700.124508}, "device": "gpu", "nd_range": {"device_start": 1585499637.2204027, "device_end": 1585499637.2205582}, "cmdq": 2, "read": {"device_start": -1, "device_end": -1}}, "FFC_sans_bias20": {"write": {"device_start": 1585499637.220292, "host_queued_start": 1585499700.104096, "device_queued": 1585499637.2202365, "device_end": 1585499637.2203007, "host_queued_end": 1585499700.124508}, "device": "gpu", "nd_range": {"device_start": 1585499637.2203019, "device_end": 1585499637.22049}, "cmdq": 1, "read": {"device_start": -1, "device_end": -1}}, "FFC_sans_bias22": {"write": {"device_start": -1, "host_queued_start": 1585499700.114707, "device_queued": -1, "device_end": -1, "host_queued_end": 1585499700.124508}, "device": "gpu", "nd_range": {"device_start": 1585499637.2214181, "device_end": 1585499637.221608}, "cmdq": 0, "read": {"device_start": -1, "device_end": -1}}, "softmax68": {"write": {"device_start": -1, "host_queued_start": 1585499700.117961, "device_queued": -1, "device_end": -1, "host_queued_end": 1585499700.124508}, "device": "gpu", "nd_range": {"device_start": 1585499637.2221932, "device_end": 1585499637.2223487}, "cmdq": 1, "read": {"device_start": -1, "device_end": -1}}, "softmax5": {"write": {"device_start": -1, "host_queued_start": 1585499700.116407, "device_queued": -1, "device_end": -1, "host_queued_end": 1585499700.124508}, "device": "gpu", "nd_range": {"device_start": 1585499637.2218053, "device_end": 1585499637.2219214}, "cmdq": 0, "read": {"device_start": -1, "device_end": -1}}, "FFC_sans_bias28": {"write": {"device_start": 1585499637.2204273, "host_queued_start": 1585499700.105082, "device_queued": 1585499637.220306, "device_end": 1585499637.220436, "host_queued_end": 1585499700.124508}, "device": "gpu", "nd_range": {"device_start": 1585499637.220437, "device_end": 1585499637.2206073}, "cmdq": 0, "read": {"device_start": -1, "device_end": -1}}, "FFC_sans_bias29": {"write": {"device_start": 1585499637.2204921, "host_queued_start": 1585499700.10558, "device_queued": 1585499637.2203429, "device_end": 1585499637.220501, "host_queued_end": 1585499700.124508}, "device": "gpu", "nd_range": {"device_start": 1585499637.220502, "device_end": 1585499637.2206886}, "cmdq": 1, "read": {"device_start": -1, "device_end": -1}}, "empty17": {"write": {"device_start": 1585499637.2195756, "host_queued_start": 1585499700.097095, "device_queued": 1585499637.219552, "device_end": 1585499637.219584, "host_queued_end": 1585499700.124508}, "device": "gpu", "nd_range": {"device_start": 1585499637.2196138, "device_end": 1585499637.2196236}, "cmdq": 1, "read": {"device_start": -1, "device_end": -1}}, "softmax59": {"write": {"device_start": -1, "host_queued_start": 1585499700.11774, "device_queued": -1, "device_end": -1, "host_queued_end": 1585499700.124508}, "device": "gpu", "nd_range": {"device_start": 1585499637.2220058, "device_end": 1585499637.2221088}, "cmdq": 0, "read": {"device_start": -1, "device_end": -1}}, "empty71": {"write": {"device_start": 1585499637.2197907, "host_queued_start": 1585499700.09943, "device_queued": 1585499637.2197704, "device_end": 1585499637.2197993, "host_queued_end": 1585499700.124508}, "device": "gpu", "nd_range": {"device_start": 1585499637.2198257, "device_end": 1585499637.219829}, "cmdq": 1, "read": {"device_start": -1, "device_end": -1}}, "empty35": {"write": {"device_start": 1585499637.2196589, "host_queued_start": 1585499700.097899, "device_queued": 1585499637.219637, "device_end": 1585499637.2196672, "host_queued_end": 1585499700.124508}, "device": "gpu", "nd_range": {"device_start": 1585499637.2196686, "device_end": 1585499637.219672}, "cmdq": 0, "read": {"device_start": -1, "device_end": -1}}, "empty53": {"write": {"device_start": 1585499637.2197177, "host_queued_start": 1585499700.098666, "device_queued": 1585499637.219695, "device_end": 1585499637.219726, "host_queued_end": 1585499700.124508}, "device": "gpu", "nd_range": {"device_start": 1585499637.2197318, "device_end": 1585499637.2197356}, "cmdq": 2, "read": {"device_start": -1, "device_end": -1}}, "FFC_sans_bias46": {"write": {"device_start": 1585499637.2207978, "host_queued_start": 1585499700.108108, "device_queued": 1585499637.2206318, "device_end": 1585499637.2208066, "host_queued_end": 1585499700.124508}, "device": "gpu", "nd_range": {"device_start": 1585499637.2208078, "device_end": 1585499637.2209914}, "cmdq": 0, "read": {"device_start": -1, "device_end": -1}}, "coalesced_transpose66": {"write": {"device_start": -1, "host_queued_start": 1585499700.113802, "device_queued": -1, "device_end": -1, "host_queued_end": 1585499700.124508}, "device": "gpu", "nd_range": {"device_start": 1585499637.221372, "device_end": 1585499637.2213786}, "cmdq": 0, "read": {"device_start": -1, "device_end": -1}}, "coalesced_transpose48": {"write": {"device_start": -1, "host_queued_start": 1585499700.113257, "device_queued": -1, "device_end": -1, "host_queued_end": 1585499700.124508}, "device": "gpu", "nd_range": {"device_start": 1585499637.2214146, "device_end": 1585499637.2214334}, "cmdq": 1, "read": {"device_start": -1, "device_end": -1}}}