{"FFC_sans_bias60": {"write": {"device_start": -1, "host_queued_start": 1585499734.917205, "device_queued": -1, "device_end": -1, "host_queued_end": 1585499734.919093}, "device": "gpu", "nd_range": {"device_start": 1585499672.013889, "device_end": 1585499672.0140705}, "cmdq": 1, "read": {"device_start": -1, "device_end": -1}}, "FFC_sans_bias4": {"write": {"device_start": -1, "host_queued_start": 1585499734.931179, "device_queued": -1, "device_end": -1, "host_queued_end": 1585499734.937725}, "device": "cpu", "nd_range": {"device_start": 2167509.140416908, "device_end": 2167509.141278043}, "cmdq": 0, "read": {"device_start": -1, "device_end": -1}}, "FFC_sans_bias7": {"write": {"device_start": -1, "host_queued_start": 1585499734.935878, "device_queued": -1, "device_end": -1, "host_queued_end": 1585499734.937725}, "device": "cpu", "nd_range": {"device_start": 2167509.143104243, "device_end": 2167509.143798116}, "cmdq": 0, "read": {"device_start": -1, "device_end": -1}}, "FFC_sans_bias6": {"write": {"device_start": -1, "host_queued_start": 1585499734.934102, "device_queued": -1, "device_end": -1, "host_queued_end": 1585499734.937725}, "device": "cpu", "nd_range": {"device_start": 2167509.1415766682, "device_end": 2167509.142991873}, "cmdq": 0, "read": {"device_start": -1, "device_end": -1}}, "FFC_sans_bias1": {"write": {"device_start": -1, "host_queued_start": 1585499734.922651, "device_queued": -1, "device_end": -1, "host_queued_end": 1585499734.937725}, "device": "cpu", "nd_range": {"device_start": 2167509.133325823, "device_end": 2167509.1352538383}, "cmdq": 1, "read": {"device_start": -1, "device_end": -1}}, "FFC_sans_bias0": {"write": {"device_start": -1, "host_queued_start": 1585499734.922111, "device_queued": -1, "device_end": -1, "host_queued_end": 1585499734.937725}, "device": "cpu", "nd_range": {"device_start": 2167509.127353596, "device_end": 2167509.12930596}, "cmdq": 0, "read": {"device_start": -1, "device_end": -1}}, "FFC_sans_bias2": {"write": {"device_start": -1, "host_queued_start": 1585499734.923174, "device_queued": -1, "device_end": -1, "host_queued_end": 1585499734.937725}, "device": "cpu", "nd_range": {"device_start": 2167509.127503373, "device_end": 2167509.129442743}, "cmdq": 2, "read": {"device_start": -1, "device_end": -1}}, "FFC_sans_bias61": {"write": {"device_start": 1585499672.0140722, "host_queued_start": 1585499734.918466, "device_queued": 1585499672.0137846, "device_end": 1585499672.0140805, "host_queued_end": 1585499734.919093}, "device": "gpu", "nd_range": {"device_start": 1585499672.0140817, "device_end": 1585499672.0142343}, "cmdq": 1, "read": {"device_start": 1585499672.0142372, "device_end": 1585499672.0142446}}, "FFC_sans_bias52": {"write": {"device_start": 1585499672.013988, "host_queued_start": 1585499734.917959, "device_queued": 1585499672.0137525, "device_end": 1585499672.0139966, "host_queued_end": 1585499734.919093}, "device": "gpu", "nd_range": {"device_start": 1585499672.0139976, "device_end": 1585499672.0141077}, "cmdq": 0, "read": {"device_start": 1585499672.0141191, "device_end": 1585499672.0141265}}, "FFC_sans_bias9": {"write": {"device_start": -1, "host_queued_start": 1585499734.923678, "device_queued": -1, "device_end": -1, "host_queued_end": 1585499734.937725}, "device": "cpu", "nd_range": {"device_start": 2167509.127352329, "device_end": 2167509.129719004}, "cmdq": 3, "read": {"device_start": -1, "device_end": -1}}, "coalesced_transpose39": {"write": {"device_start": -1, "host_queued_start": 1585499734.930871, "device_queued": -1, "device_end": -1, "host_queued_end": 1585499734.937725}, "device": "cpu", "nd_range": {"device_start": 2167509.1337716603, "device_end": 2167509.13382451}, "cmdq": 4, "read": {"device_start": -1, "device_end": -1}}, "FFC_sans_bias55": {"write": {"device_start": 1585499672.0133424, "host_queued_start": 1585499734.912586, "device_queued": 1585499672.0132186, "device_end": 1585499672.013351, "host_queued_end": 1585499734.919093}, "device": "gpu", "nd_range": {"device_start": 1585499672.013352, "device_end": 1585499672.0135086}, "cmdq": 2, "read": {"device_start": -1, "device_end": -1}}, "FFC_sans_bias54": {"write": {"device_start": 1585499672.0132449, "host_queued_start": 1585499734.912081, "device_queued": 1585499672.0131848, "device_end": 1585499672.0132532, "host_queued_end": 1585499734.919093}, "device": "gpu", "nd_range": {"device_start": 1585499672.0132568, "device_end": 1585499672.0134435}, "cmdq": 1, "read": {"device_start": -1, "device_end": -1}}, "FFC_sans_bias56": {"write": {"device_start": 1585499672.0131774, "host_queued_start": 1585499734.911581, "device_queued": 1585499672.013149, "device_end": 1585499672.0131862, "host_queued_end": 1585499734.919093}, "device": "gpu", "nd_range": {"device_start": 1585499672.0131876, "device_end": 1585499672.013374}, "cmdq": 0, "read": {"device_start": -1, "device_end": -1}}, "FFC_sans_bias51": {"write": {"device_start": -1, "host_queued_start": 1585499734.916925, "device_queued": -1, "device_end": -1, "host_queued_end": 1585499734.919093}, "device": "gpu", "nd_range": {"device_start": 1585499672.0138793, "device_end": 1585499672.0139859}, "cmdq": 0, "read": {"device_start": -1, "device_end": -1}}, "softmax23": {"write": {"device_start": -1, "host_queued_start": 1585499734.933264, "device_queued": -1, "device_end": -1, "host_queued_end": 1585499734.937725}, "device": "cpu", "nd_range": {"device_start": 2167509.1363998023, "device_end": 2167509.13650251}, "cmdq": 2, "read": {"device_start": -1, "device_end": -1}}, "FFC_sans_bias37": {"write": {"device_start": -1, "host_queued_start": 1585499734.928768, "device_queued": -1, "device_end": -1, "host_queued_end": 1585499734.937725}, "device": "cpu", "nd_range": {"device_start": 2167509.131674149, "device_end": 2167509.133757662}, "cmdq": 3, "read": {"device_start": -1, "device_end": -1}}, "empty62": {"write": {"device_start": 1585499672.0129814, "host_queued_start": 1585499734.909093, "device_queued": 1585499672.0129602, "device_end": 1585499672.0129912, "host_queued_end": 1585499734.919093}, "device": "gpu", "nd_range": {"device_start": 1585499672.0130177, "device_end": 1585499672.0130248}, "cmdq": 1, "read": {"device_start": -1, "device_end": -1}}, "FFC_sans_bias70": {"write": {"device_start": 1585499672.0142105, "host_queued_start": 1585499734.918994, "device_queued": 1585499672.013803, "device_end": 1585499672.014222, "host_queued_end": 1585499734.919093}, "device": "gpu", "nd_range": {"device_start": 1585499672.0142229, "device_end": 1585499672.0143313}, "cmdq": 2, "read": {"device_start": 1585499672.0143352, "device_end": 1585499672.014346}}, "FFC_sans_bias58": {"write": {"device_start": -1, "host_queued_start": 1585499734.915675, "device_queued": -1, "device_end": -1, "host_queued_end": 1585499734.919093}, "device": "gpu", "nd_range": {"device_start": 1585499672.0136735, "device_end": 1585499672.013802}, "cmdq": 1, "read": {"device_start": -1, "device_end": -1}}, "softmax41": {"write": {"device_start": -1, "host_queued_start": 1585499734.933785, "device_queued": -1, "device_end": -1, "host_queued_end": 1585499734.937725}, "device": "cpu", "nd_range": {"device_start": 2167509.136017473, "device_end": 2167509.1360883773}, "cmdq": 4, "read": {"device_start": -1, "device_end": -1}}, "FFC_sans_bias11": {"write": {"device_start": -1, "host_queued_start": 1585499734.924693, "device_queued": -1, "device_end": -1, "host_queued_end": 1585499734.937725}, "device": "cpu", "nd_range": {"device_start": 2167509.129312435, "device_end": 2167509.131227042}, "cmdq": 0, "read": {"device_start": -1, "device_end": -1}}, "FFC_sans_bias10": {"write": {"device_start": -1, "host_queued_start": 1585499734.924182, "device_queued": -1, "device_end": -1, "host_queued_end": 1585499734.937725}, "device": "cpu", "nd_range": {"device_start": 2167509.1273751333, "device_end": 2167509.129322159}, "cmdq": 4, "read": {"device_start": -1, "device_end": -1}}, "coalesced_transpose3": {"write": {"device_start": -1, "host_queued_start": 1585499734.92958, "device_queued": -1, "device_end": -1, "host_queued_end": 1585499734.937725}, "device": "cpu", "nd_range": {"device_start": 2167509.1402615113, "device_end": 2167509.140314044}, "cmdq": 0, "read": {"device_start": -1, "device_end": -1}}, "FFC_sans_bias34": {"write": {"device_start": -1, "host_queued_start": 1585499734.93723, "device_queued": -1, "device_end": -1, "host_queued_end": 1585499734.937725}, "device": "cpu", "nd_range": {"device_start": 2167509.138492187, "device_end": 2167509.1404297943}, "cmdq": 3, "read": {"device_start": -1, "device_end": -1}}, "FFC_sans_bias15": {"write": {"device_start": -1, "host_queued_start": 1585499734.934421, "device_queued": -1, "device_end": -1, "host_queued_end": 1585499734.937725}, "device": "cpu", "nd_range": {"device_start": 2167509.141291583, "device_end": 2167509.1422621473}, "cmdq": 1, "read": {"device_start": -1, "device_end": -1}}, "FFC_sans_bias31": {"write": {"device_start": -1, "host_queued_start": 1585499734.932134, "device_queued": -1, "device_end": -1, "host_queued_end": 1585499734.937725}, "device": "cpu", "nd_range": {"device_start": 2167509.1339995232, "device_end": 2167509.136188832}, "cmdq": 3, "read": {"device_start": -1, "device_end": -1}}, "FFC_sans_bias16": {"write": {"device_start": -1, "host_queued_start": 1585499734.936331, "device_queued": -1, "device_end": -1, "host_queued_end": 1585499734.937725}, "device": "cpu", "nd_range": {"device_start": 2167509.1423642933, "device_end": 2167509.143327168}, "cmdq": 1, "read": {"device_start": -1, "device_end": -1}}, "FFC_sans_bias19": {"write": {"device_start": -1, "host_queued_start": 1585499734.925709, "device_queued": -1, "device_end": -1, "host_queued_end": 1585499734.937725}, "device": "cpu", "nd_range": {"device_start": 2167509.1295623593, "device_end": 2167509.1314846403}, "cmdq": 2, "read": {"device_start": -1, "device_end": -1}}, "FFC_sans_bias18": {"write": {"device_start": -1, "host_queued_start": 1585499734.925198, "device_queued": -1, "device_end": -1, "host_queued_end": 1585499734.937725}, "device": "cpu", "nd_range": {"device_start": 2167509.135264086, "device_end": 2167509.137191663}, "cmdq": 1, "read": {"device_start": -1, "device_end": -1}}, "coalesced_transpose30": {"write": {"device_start": -1, "host_queued_start": 1585499734.930537, "device_queued": -1, "device_end": -1, "host_queued_end": 1585499734.937725}, "device": "cpu", "nd_range": {"device_start": 2167509.133870223, "device_end": 2167509.1339810314}, "cmdq": 3, "read": {"device_start": -1, "device_end": -1}}, "FFC_sans_bias69": {"write": {"device_start": -1, "host_queued_start": 1585499734.917494, "device_queued": -1, "device_end": -1, "host_queued_end": 1585499734.919093}, "device": "gpu", "nd_range": {"device_start": 1585499672.0140045, "device_end": 1585499672.0142055}, "cmdq": 2, "read": {"device_start": -1, "device_end": -1}}, "FFC_sans_bias38": {"write": {"device_start": -1, "host_queued_start": 1585499734.929275, "device_queued": -1, "device_end": -1, "host_queued_end": 1585499734.937725}, "device": "cpu", "nd_range": {"device_start": 2167509.131268377, "device_end": 2167509.133202528}, "cmdq": 4, "read": {"device_start": -1, "device_end": -1}}, "coalesced_transpose57": {"write": {"device_start": -1, "host_queued_start": 1585499734.914824, "device_queued": -1, "device_end": -1, "host_queued_end": 1585499734.919093}, "device": "gpu", "nd_range": {"device_start": 1585499672.0136342, "device_end": 1585499672.0136726}, "cmdq": 1, "read": {"device_start": -1, "device_end": -1}}, "empty26": {"write": {"device_start": -1, "host_queued_start": 1585499734.920671, "device_queued": -1, "device_end": -1, "host_queued_end": 1585499734.937725}, "device": "cpu", "nd_range": {"device_start": 2167509.127314135, "device_end": 2167509.12732577}, "cmdq": 2, "read": {"device_start": -1, "device_end": -1}}, "coalesced_transpose12": {"write": {"device_start": -1, "host_queued_start": 1585499734.929886, "device_queued": -1, "device_end": -1, "host_queued_end": 1585499734.937725}, "device": "cpu", "nd_range": {"device_start": 2167509.139341448, "device_end": 2167509.1393958223}, "cmdq": 1, "read": {"device_start": -1, "device_end": -1}}, "empty44": {"write": {"device_start": -1, "host_queued_start": 1585499734.921587, "device_queued": -1, "device_end": -1, "host_queued_end": 1585499734.937725}, "device": "cpu", "nd_range": {"device_start": 2167509.127353324, "device_end": 2167509.127358096}, "cmdq": 4, "read": {"device_start": -1, "device_end": -1}}, "coalesced_transpose21": {"write": {"device_start": -1, "host_queued_start": 1585499734.930233, "device_queued": -1, "device_end": -1, "host_queued_end": 1585499734.937725}, "device": "cpu", "nd_range": {"device_start": 2167509.133904356, "device_end": 2167509.134221557}, "cmdq": 2, "read": {"device_start": -1, "device_end": -1}}, "FFC_sans_bias36": {"write": {"device_start": -1, "host_queued_start": 1585499734.928263, "device_queued": -1, "device_end": -1, "host_queued_end": 1585499734.937725}, "device": "cpu", "nd_range": {"device_start": 2167509.1316468273, "device_end": 2167509.1338893143}, "cmdq": 2, "read": {"device_start": -1, "device_end": -1}}, "softmax14": {"write": {"device_start": -1, "host_queued_start": 1585499734.932965, "device_queued": -1, "device_end": -1, "host_queued_end": 1585499734.937725}, "device": "cpu", "nd_range": {"device_start": 2167509.141181012, "device_end": 2167509.141221178}, "cmdq": 1, "read": {"device_start": -1, "device_end": -1}}, "FFC_sans_bias13": {"write": {"device_start": -1, "host_queued_start": 1585499734.931502, "device_queued": -1, "device_end": -1, "host_queued_end": 1585499734.937725}, "device": "cpu", "nd_range": {"device_start": 2167509.139502551, "device_end": 2167509.1410733783}, "cmdq": 1, "read": {"device_start": -1, "device_end": -1}}, "empty8": {"write": {"device_start": -1, "host_queued_start": 1585499734.919746, "device_queued": -1, "device_end": -1, "host_queued_end": 1585499734.937725}, "device": "cpu", "nd_range": {"device_start": 2167509.1273430563, "device_end": 2167509.127343913}, "cmdq": 0, "read": {"device_start": -1, "device_end": -1}}, "FFC_sans_bias42": {"write": {"device_start": -1, "host_queued_start": 1585499734.935374, "device_queued": -1, "device_end": -1, "host_queued_end": 1585499734.937725}, "device": "cpu", "nd_range": {"device_start": 2167509.1362010203, "device_end": 2167509.13812867}, "cmdq": 4, "read": {"device_start": -1, "device_end": -1}}, "FFC_sans_bias43": {"write": {"device_start": -1, "host_queued_start": 1585499734.937681, "device_queued": -1, "device_end": -1, "host_queued_end": 1585499734.937725}, "device": "cpu", "nd_range": {"device_start": 2167509.138135814, "device_end": 2167509.140257311}, "cmdq": 4, "read": {"device_start": -1, "device_end": -1}}, "FFC_sans_bias40": {"write": {"device_start": -1, "host_queued_start": 1585499734.932455, "device_queued": -1, "device_end": -1, "host_queued_end": 1585499734.937725}, "device": "cpu", "nd_range": {"device_start": 2167509.13383297, "device_end": 2167509.135904272}, "cmdq": 4, "read": {"device_start": -1, "device_end": -1}}, "softmax32": {"write": {"device_start": -1, "host_queued_start": 1585499734.933524, "device_queued": -1, "device_end": -1, "host_queued_end": 1585499734.937725}, "device": "cpu", "nd_range": {"device_start": 2167509.1363001512, "device_end": 2167509.136346661}, "cmdq": 3, "read": {"device_start": -1, "device_end": -1}}, "FFC_sans_bias47": {"write": {"device_start": 1585499672.0131202, "host_queued_start": 1585499734.911091, "device_queued": 1585499672.013096, "device_end": 1585499672.0131288, "host_queued_end": 1585499734.919093}, "device": "gpu", "nd_range": {"device_start": 1585499672.013143, "device_end": 1585499672.0133402}, "cmdq": 2, "read": {"device_start": -1, "device_end": -1}}, "FFC_sans_bias45": {"write": {"device_start": 1585499672.0130522, "host_queued_start": 1585499734.910048, "device_queued": 1585499672.0130296, "device_end": 1585499672.0130608, "host_queued_end": 1585499734.919093}, "device": "gpu", "nd_range": {"device_start": 1585499672.0130641, "device_end": 1585499672.0131743}, "cmdq": 0, "read": {"device_start": -1, "device_end": -1}}, "softmax50": {"write": {"device_start": -1, "host_queued_start": 1585499734.916195, "device_queued": -1, "device_end": -1, "host_queued_end": 1585499734.919093}, "device": "gpu", "nd_range": {"device_start": 1585499672.0137475, "device_end": 1585499672.013877}, "cmdq": 0, "read": {"device_start": -1, "device_end": -1}}, "FFC_sans_bias33": {"write": {"device_start": -1, "host_queued_start": 1585499734.935064, "device_queued": -1, "device_end": -1, "host_queued_end": 1585499734.937725}, "device": "cpu", "nd_range": {"device_start": 2167509.136356833, "device_end": 2167509.138383067}, "cmdq": 3, "read": {"device_start": -1, "device_end": -1}}, "FFC_sans_bias63": {"write": {"device_start": 1585499672.0135107, "host_queued_start": 1585499734.914228, "device_queued": 1585499672.013434, "device_end": 1585499672.0135193, "host_queued_end": 1585499734.919093}, "device": "gpu", "nd_range": {"device_start": 1585499672.0135202, "device_end": 1585499672.0136778}, "cmdq": 2, "read": {"device_start": -1, "device_end": -1}}, "FFC_sans_bias49": {"write": {"device_start": -1, "host_queued_start": 1585499734.915393, "device_queued": -1, "device_end": -1, "host_queued_end": 1585499734.919093}, "device": "gpu", "nd_range": {"device_start": 1585499672.013597, "device_end": 1585499672.0137463}, "cmdq": 0, "read": {"device_start": -1, "device_end": -1}}, "FFC_sans_bias64": {"write": {"device_start": 1585499672.013376, "host_queued_start": 1585499734.91324, "device_queued": 1585499672.0132732, "device_end": 1585499672.0133848, "host_queued_end": 1585499734.919093}, "device": "gpu", "nd_range": {"device_start": 1585499672.0134034, "device_end": 1585499672.0135584}, "cmdq": 0, "read": {"device_start": -1, "device_end": -1}}, "FFC_sans_bias65": {"write": {"device_start": 1585499672.013446, "host_queued_start": 1585499734.91374, "device_queued": 1585499672.0134103, "device_end": 1585499672.0134552, "host_queued_end": 1585499734.919093}, "device": "gpu", "nd_range": {"device_start": 1585499672.0134647, "device_end": 1585499672.013633}, "cmdq": 1, "read": {"device_start": -1, "device_end": -1}}, "FFC_sans_bias67": {"write": {"device_start": -1, "host_queued_start": 1585499734.915965, "device_queued": -1, "device_end": -1, "host_queued_end": 1585499734.919093}, "device": "gpu", "nd_range": {"device_start": 1585499672.0137436, "device_end": 1585499672.0138507}, "cmdq": 2, "read": {"device_start": -1, "device_end": -1}}, "FFC_sans_bias24": {"write": {"device_start": -1, "host_queued_start": 1585499734.934749, "device_queued": -1, "device_end": -1, "host_queued_end": 1585499734.937725}, "device": "cpu", "nd_range": {"device_start": 2167509.1366082863, "device_end": 2167509.1385448393}, "cmdq": 2, "read": {"device_start": -1, "device_end": -1}}, "FFC_sans_bias25": {"write": {"device_start": -1, "host_queued_start": 1585499734.93678, "device_queued": -1, "device_end": -1, "host_queued_end": 1585499734.937725}, "device": "cpu", "nd_range": {"device_start": 2167509.1386515503, "device_end": 2167509.140584467}, "cmdq": 2, "read": {"device_start": -1, "device_end": -1}}, "FFC_sans_bias27": {"write": {"device_start": -1, "host_queued_start": 1585499734.926745, "device_queued": -1, "device_end": -1, "host_queued_end": 1585499734.937725}, "device": "cpu", "nd_range": {"device_start": 2167509.12932787, "device_end": 2167509.1312483232}, "cmdq": 4, "read": {"device_start": -1, "device_end": -1}}, "FFC_sans_bias20": {"write": {"device_start": -1, "host_queued_start": 1585499734.926217, "device_queued": -1, "device_end": -1, "host_queued_end": 1585499734.937725}, "device": "cpu", "nd_range": {"device_start": 2167509.12972758, "device_end": 2167509.1316533}, "cmdq": 3, "read": {"device_start": -1, "device_end": -1}}, "FFC_sans_bias22": {"write": {"device_start": -1, "host_queued_start": 1585499734.931826, "device_queued": -1, "device_end": -1, "host_queued_end": 1585499734.937725}, "device": "cpu", "nd_range": {"device_start": 2167509.1342397532, "device_end": 2167509.136284113}, "cmdq": 2, "read": {"device_start": -1, "device_end": -1}}, "softmax68": {"write": {"device_start": -1, "host_queued_start": 1585499734.916633, "device_queued": -1, "device_end": -1, "host_queued_end": 1585499734.919093}, "device": "gpu", "nd_range": {"device_start": 1585499672.013853, "device_end": 1585499672.0140023}, "cmdq": 2, "read": {"device_start": -1, "device_end": -1}}, "softmax5": {"write": {"device_start": -1, "host_queued_start": 1585499734.932719, "device_queued": -1, "device_end": -1, "host_queued_end": 1585499734.937725}, "device": "cpu", "nd_range": {"device_start": 2167509.1414286243, "device_end": 2167509.1414750833}, "cmdq": 0, "read": {"device_start": -1, "device_end": -1}}, "FFC_sans_bias28": {"write": {"device_start": -1, "host_queued_start": 1585499734.927246, "device_queued": -1, "device_end": -1, "host_queued_end": 1585499734.937725}, "device": "cpu", "nd_range": {"device_start": 2167509.131516308, "device_end": 2167509.133744657}, "cmdq": 0, "read": {"device_start": -1, "device_end": -1}}, "FFC_sans_bias29": {"write": {"device_start": -1, "host_queued_start": 1585499734.927756, "device_queued": -1, "device_end": -1, "host_queued_end": 1585499734.937725}, "device": "cpu", "nd_range": {"device_start": 2167509.1373063633, "device_end": 2167509.13923161}, "cmdq": 1, "read": {"device_start": -1, "device_end": -1}}, "empty17": {"write": {"device_start": -1, "host_queued_start": 1585499734.920227, "device_queued": -1, "device_end": -1, "host_queued_end": 1585499734.937725}, "device": "cpu", "nd_range": {"device_start": 2167509.1273184232, "device_end": 2167509.127325734}, "cmdq": 1, "read": {"device_start": -1, "device_end": -1}}, "softmax59": {"write": {"device_start": -1, "host_queued_start": 1585499734.916407, "device_queued": -1, "device_end": -1, "host_queued_end": 1585499734.919093}, "device": "gpu", "nd_range": {"device_start": 1585499672.0138042, "device_end": 1585499672.0138876}, "cmdq": 1, "read": {"device_start": -1, "device_end": -1}}, "empty71": {"write": {"device_start": 1585499672.013007, "host_queued_start": 1585499734.909496, "device_queued": 1585499672.0129833, "device_end": 1585499672.0130157, "host_queued_end": 1585499734.919093}, "device": "gpu", "nd_range": {"device_start": 1585499672.0130224, "device_end": 1585499672.0130262}, "cmdq": 2, "read": {"device_start": -1, "device_end": -1}}, "empty35": {"write": {"device_start": -1, "host_queued_start": 1585499734.921196, "device_queued": -1, "device_end": -1, "host_queued_end": 1585499734.937725}, "device": "cpu", "nd_range": {"device_start": 2167509.1273449874, "device_end": 2167509.127345899}, "cmdq": 3, "read": {"device_start": -1, "device_end": -1}}, "empty53": {"write": {"device_start": 1585499672.0129118, "host_queued_start": 1585499734.908492, "device_queued": 1585499672.0128734, "device_end": 1585499672.0129201, "host_queued_end": 1585499734.919093}, "device": "gpu", "nd_range": {"device_start": 1585499672.0129347, "device_end": 1585499672.0129516}, "cmdq": 0, "read": {"device_start": -1, "device_end": -1}}, "FFC_sans_bias46": {"write": {"device_start": 1585499672.0130942, "host_queued_start": 1585499734.91054, "device_queued": 1585499672.0130706, "device_end": 1585499672.0131042, "host_queued_end": 1585499734.919093}, "device": "gpu", "nd_range": {"device_start": 1585499672.0131316, "device_end": 1585499672.0132425}, "cmdq": 1, "read": {"device_start": -1, "device_end": -1}}, "coalesced_transpose66": {"write": {"device_start": -1, "host_queued_start": 1585499734.915102, "device_queued": -1, "device_end": -1, "host_queued_end": 1585499734.919093}, "device": "gpu", "nd_range": {"device_start": 1585499672.0136793, "device_end": 1585499672.0137424}, "cmdq": 2, "read": {"device_start": -1, "device_end": -1}}, "coalesced_transpose48": {"write": {"device_start": -1, "host_queued_start": 1585499734.914532, "device_queued": -1, "device_end": -1, "host_queued_end": 1585499734.919093}, "device": "gpu", "nd_range": {"device_start": 1585499672.0135596, "device_end": 1585499672.0135958}, "cmdq": 0, "read": {"device_start": -1, "device_end": -1}}}