{"FFC_sans_bias60": {"write": {"device_start": -1, "host_queued_start": 1585499900.891175, "device_queued": -1, "device_end": -1, "host_queued_end": 1585499900.894008}, "device": "gpu", "nd_range": {"device_start": 1585499837.9846063, "device_end": 1585499837.9848912}, "cmdq": 3, "read": {"device_start": -1, "device_end": -1}}, "FFC_sans_bias4": {"write": {"device_start": -1, "host_queued_start": 1585499900.901805, "device_queued": -1, "device_end": -1, "host_queued_end": 1585499900.905622}, "device": "cpu", "nd_range": {"device_start": 2167675.100323963, "device_end": 2167675.1020324253}, "cmdq": 0, "read": {"device_start": -1, "device_end": -1}}, "FFC_sans_bias7": {"write": {"device_start": -1, "host_queued_start": 1585499900.904682, "device_queued": -1, "device_end": -1, "host_queued_end": 1585499900.905622}, "device": "cpu", "nd_range": {"device_start": 2167675.103744681, "device_end": 2167675.105070285}, "cmdq": 0, "read": {"device_start": -1, "device_end": -1}}, "FFC_sans_bias6": {"write": {"device_start": -1, "host_queued_start": 1585499900.903537, "device_queued": -1, "device_end": -1, "host_queued_end": 1585499900.905622}, "device": "cpu", "nd_range": {"device_start": 2167675.102203879, "device_end": 2167675.103636524}, "cmdq": 0, "read": {"device_start": -1, "device_end": -1}}, "FFC_sans_bias1": {"write": {"device_start": -1, "host_queued_start": 1585499900.896899, "device_queued": -1, "device_end": -1, "host_queued_end": 1585499900.905622}, "device": "cpu", "nd_range": {"device_start": 2167675.095253456, "device_end": 2167675.097229501}, "cmdq": 1, "read": {"device_start": -1, "device_end": -1}}, "FFC_sans_bias0": {"write": {"device_start": -1, "host_queued_start": 1585499900.896258, "device_queued": -1, "device_end": -1, "host_queued_end": 1585499900.905622}, "device": "cpu", "nd_range": {"device_start": 2167675.0952288792, "device_end": 2167675.09682323}, "cmdq": 0, "read": {"device_start": -1, "device_end": -1}}, "FFC_sans_bias2": {"write": {"device_start": -1, "host_queued_start": 1585499900.897429, "device_queued": -1, "device_end": -1, "host_queued_end": 1585499900.905622}, "device": "cpu", "nd_range": {"device_start": 2167675.0952297533, "device_end": 2167675.0964190243}, "cmdq": 2, "read": {"device_start": -1, "device_end": -1}}, "FFC_sans_bias61": {"write": {"device_start": 1585499837.9848926, "host_queued_start": 1585499900.893415, "device_queued": 1585499837.9844694, "device_end": 1585499837.984901, "host_queued_end": 1585499900.894008}, "device": "gpu", "nd_range": {"device_start": 1585499837.984902, "device_end": 1585499837.9851878}, "cmdq": 3, "read": {"device_start": 1585499837.985191, "device_end": 1585499837.9852016}}, "FFC_sans_bias52": {"write": {"device_start": 1585499837.9848037, "host_queued_start": 1585499900.892918, "device_queued": 1585499837.984446, "device_end": 1585499837.984812, "host_queued_end": 1585499900.894008}, "device": "gpu", "nd_range": {"device_start": 1585499837.9848135, "device_end": 1585499837.9850998}, "cmdq": 2, "read": {"device_start": 1585499837.9851058, "device_end": 1585499837.9851196}}, "FFC_sans_bias9": {"write": {"device_start": -1, "host_queued_start": 1585499900.897929, "device_queued": -1, "device_end": -1, "host_queued_end": 1585499900.905622}, "device": "cpu", "nd_range": {"device_start": 2167675.0971879913, "device_end": 2167675.098986878}, "cmdq": 0, "read": {"device_start": -1, "device_end": -1}}, "coalesced_transpose39": {"write": {"device_start": -1, "host_queued_start": 1585499900.886616, "device_queued": -1, "device_end": -1, "host_queued_end": 1585499900.894008}, "device": "gpu", "nd_range": {"device_start": 1585499837.9840765, "device_end": 1585499837.9841924}, "cmdq": 1, "read": {"device_start": -1, "device_end": -1}}, "FFC_sans_bias55": {"write": {"device_start": 1585499837.9837832, "host_queued_start": 1585499900.884518, "device_queued": 1585499837.9837523, "device_end": 1585499837.983793, "host_queued_end": 1585499900.894008}, "device": "gpu", "nd_range": {"device_start": 1585499837.9838684, "device_end": 1585499837.984075}, "cmdq": 1, "read": {"device_start": -1, "device_end": -1}}, "FFC_sans_bias54": {"write": {"device_start": 1585499837.9837415, "host_queued_start": 1585499900.884032, "device_queued": 1585499837.983701, "device_end": 1585499837.9837503, "host_queued_end": 1585499900.894008}, "device": "gpu", "nd_range": {"device_start": 1585499837.9837515, "device_end": 1585499837.9840517}, "cmdq": 0, "read": {"device_start": -1, "device_end": -1}}, "FFC_sans_bias56": {"write": {"device_start": 1585499837.9836614, "host_queued_start": 1585499900.883545, "device_queued": 1585499837.9836223, "device_end": 1585499837.9836698, "host_queued_end": 1585499900.894008}, "device": "gpu", "nd_range": {"device_start": 1585499837.9836955, "device_end": 1585499837.9839725}, "cmdq": 4, "read": {"device_start": -1, "device_end": -1}}, "FFC_sans_bias51": {"write": {"device_start": -1, "host_queued_start": 1585499900.890887, "device_queued": -1, "device_end": -1, "host_queued_end": 1585499900.894008}, "device": "gpu", "nd_range": {"device_start": 1585499837.9845948, "device_end": 1585499837.9848025}, "cmdq": 2, "read": {"device_start": -1, "device_end": -1}}, "softmax23": {"write": {"device_start": -1, "host_queued_start": 1585499900.903204, "device_queued": -1, "device_end": -1, "host_queued_end": 1585499900.905622}, "device": "cpu", "nd_range": {"device_start": 2167675.1021040482, "device_end": 2167675.1022803104}, "cmdq": 2, "read": {"device_start": -1, "device_end": -1}}, "FFC_sans_bias37": {"write": {"device_start": 1585499837.9833407, "host_queued_start": 1585499900.881031, "device_queued": 1585499837.9833124, "device_end": 1585499837.9833493, "host_queued_end": 1585499900.894008}, "device": "gpu", "nd_range": {"device_start": 1585499837.9833894, "device_end": 1585499837.9836605}, "cmdq": 4, "read": {"device_start": -1, "device_end": -1}}, "empty62": {"write": {"device_start": 1585499837.9831023, "host_queued_start": 1585499900.877913, "device_queued": 1585499837.9830759, "device_end": 1585499837.983111, "host_queued_end": 1585499900.894008}, "device": "gpu", "nd_range": {"device_start": 1585499837.9831562, "device_end": 1585499837.9831595}, "cmdq": 3, "read": {"device_start": -1, "device_end": -1}}, "FFC_sans_bias70": {"write": {"device_start": 1585499837.9849958, "host_queued_start": 1585499900.89391, "device_queued": 1585499837.98449, "device_end": 1585499837.9850047, "host_queued_end": 1585499900.894008}, "device": "gpu", "nd_range": {"device_start": 1585499837.9850056, "device_end": 1585499837.985233}, "cmdq": 4, "read": {"device_start": 1585499837.9852433, "device_end": 1585499837.9852555}}, "FFC_sans_bias58": {"write": {"device_start": -1, "host_queued_start": 1585499900.888571, "device_queued": -1, "device_end": -1, "host_queued_end": 1585499900.894008}, "device": "gpu", "nd_range": {"device_start": 1585499837.9842005, "device_end": 1585499837.9845135}, "cmdq": 3, "read": {"device_start": -1, "device_end": -1}}, "softmax41": {"write": {"device_start": -1, "host_queued_start": 1585499900.889328, "device_queued": -1, "device_end": -1, "host_queued_end": 1585499900.894008}, "device": "gpu", "nd_range": {"device_start": 1585499837.9844048, "device_end": 1585499837.984586}, "cmdq": 1, "read": {"device_start": -1, "device_end": -1}}, "FFC_sans_bias11": {"write": {"device_start": -1, "host_queued_start": 1585499900.898963, "device_queued": -1, "device_end": -1, "host_queued_end": 1585499900.905622}, "device": "cpu", "nd_range": {"device_start": 2167675.096427775, "device_end": 2167675.0973883993}, "cmdq": 2, "read": {"device_start": -1, "device_end": -1}}, "FFC_sans_bias10": {"write": {"device_start": -1, "host_queued_start": 1585499900.898429, "device_queued": -1, "device_end": -1, "host_queued_end": 1585499900.905622}, "device": "cpu", "nd_range": {"device_start": 2167675.0972380233, "device_end": 2167675.098442049}, "cmdq": 1, "read": {"device_start": -1, "device_end": -1}}, "coalesced_transpose3": {"write": {"device_start": -1, "host_queued_start": 1585499900.900883, "device_queued": -1, "device_end": -1, "host_queued_end": 1585499900.905622}, "device": "cpu", "nd_range": {"device_start": 2167675.100229678, "device_end": 2167675.100307765}, "cmdq": 0, "read": {"device_start": -1, "device_end": -1}}, "FFC_sans_bias34": {"write": {"device_start": 1585499837.984693, "host_queued_start": 1585499900.891924, "device_queued": 1585499837.9843876, "device_end": 1585499837.9847066, "host_queued_end": 1585499900.894008}, "device": "gpu", "nd_range": {"device_start": 1585499837.9847078, "device_end": 1585499837.984962}, "cmdq": 0, "read": {"device_start": 1585499837.9849682, "device_end": 1585499837.984976}}, "FFC_sans_bias15": {"write": {"device_start": -1, "host_queued_start": 1585499900.903882, "device_queued": -1, "device_end": -1, "host_queued_end": 1585499900.905622}, "device": "cpu", "nd_range": {"device_start": 2167675.101577689, "device_end": 2167675.1027870122}, "cmdq": 1, "read": {"device_start": -1, "device_end": -1}}, "FFC_sans_bias31": {"write": {"device_start": -1, "host_queued_start": 1585499900.887719, "device_queued": -1, "device_end": -1, "host_queued_end": 1585499900.894008}, "device": "gpu", "nd_range": {"device_start": 1585499837.9841897, "device_end": 1585499837.9843295}, "cmdq": 0, "read": {"device_start": -1, "device_end": -1}}, "FFC_sans_bias16": {"write": {"device_start": -1, "host_queued_start": 1585499900.905131, "device_queued": -1, "device_end": -1, "host_queued_end": 1585499900.905622}, "device": "cpu", "nd_range": {"device_start": 2167675.102897596, "device_end": 2167675.104231905}, "cmdq": 1, "read": {"device_start": -1, "device_end": -1}}, "FFC_sans_bias19": {"write": {"device_start": -1, "host_queued_start": 1585499900.899976, "device_queued": -1, "device_end": -1, "host_queued_end": 1585499900.905622}, "device": "cpu", "nd_range": {"device_start": 2167675.0984466523, "device_end": 2167675.100042773}, "cmdq": 1, "read": {"device_start": -1, "device_end": -1}}, "FFC_sans_bias18": {"write": {"device_start": -1, "host_queued_start": 1585499900.899462, "device_queued": -1, "device_end": -1, "host_queued_end": 1585499900.905622}, "device": "cpu", "nd_range": {"device_start": 2167675.099014646, "device_end": 2167675.100216613}, "cmdq": 0, "read": {"device_start": -1, "device_end": -1}}, "coalesced_transpose30": {"write": {"device_start": -1, "host_queued_start": 1585499900.886321, "device_queued": -1, "device_end": -1, "host_queued_end": 1585499900.894008}, "device": "gpu", "nd_range": {"device_start": 1585499837.984053, "device_end": 1585499837.9841888}, "cmdq": 0, "read": {"device_start": -1, "device_end": -1}}, "FFC_sans_bias69": {"write": {"device_start": -1, "host_queued_start": 1585499900.891453, "device_queued": -1, "device_end": -1, "host_queued_end": 1585499900.894008}, "device": "gpu", "nd_range": {"device_start": 1585499837.9847467, "device_end": 1585499837.984995}, "cmdq": 4, "read": {"device_start": -1, "device_end": -1}}, "FFC_sans_bias38": {"write": {"device_start": 1585499837.983417, "host_queued_start": 1585499900.881525, "device_queued": 1585499837.9833944, "device_end": 1585499837.9834256, "host_queued_end": 1585499900.894008}, "device": "gpu", "nd_range": {"device_start": 1585499837.9835358, "device_end": 1585499837.9837394}, "cmdq": 0, "read": {"device_start": -1, "device_end": -1}}, "coalesced_transpose57": {"write": {"device_start": -1, "host_queued_start": 1585499900.887173, "device_queued": -1, "device_end": -1, "host_queued_end": 1585499900.894008}, "device": "gpu", "nd_range": {"device_start": 1585499837.9841852, "device_end": 1585499837.9841995}, "cmdq": 3, "read": {"device_start": -1, "device_end": -1}}, "empty26": {"write": {"device_start": -1, "host_queued_start": 1585499900.895675, "device_queued": -1, "device_end": -1, "host_queued_end": 1585499900.905622}, "device": "cpu", "nd_range": {"device_start": 2167675.0952055543, "device_end": 2167675.0952110663}, "cmdq": 2, "read": {"device_start": -1, "device_end": -1}}, "coalesced_transpose12": {"write": {"device_start": -1, "host_queued_start": 1585499900.901187, "device_queued": -1, "device_end": -1, "host_queued_end": 1585499900.905622}, "device": "cpu", "nd_range": {"device_start": 2167675.1001646053, "device_end": 2167675.1002145912}, "cmdq": 1, "read": {"device_start": -1, "device_end": -1}}, "empty44": {"write": {"device_start": 1585499837.9830391, "host_queued_start": 1585499900.877115, "device_queued": 1585499837.9830003, "device_end": 1585499837.983048, "host_queued_end": 1585499900.894008}, "device": "gpu", "nd_range": {"device_start": 1585499837.9831433, "device_end": 1585499837.983147}, "cmdq": 1, "read": {"device_start": -1, "device_end": -1}}, "coalesced_transpose21": {"write": {"device_start": -1, "host_queued_start": 1585499900.901473, "device_queued": -1, "device_end": -1, "host_queued_end": 1585499900.905622}, "device": "cpu", "nd_range": {"device_start": 2167675.1001628023, "device_end": 2167675.100208918}, "cmdq": 2, "read": {"device_start": -1, "device_end": -1}}, "FFC_sans_bias36": {"write": {"device_start": 1585499837.9833004, "host_queued_start": 1585499900.880393, "device_queued": 1585499837.98327, "device_end": 1585499837.9833143, "host_queued_end": 1585499900.894008}, "device": "gpu", "nd_range": {"device_start": 1585499837.9833782, "device_end": 1585499837.9835773}, "cmdq": 3, "read": {"device_start": -1, "device_end": -1}}, "softmax14": {"write": {"device_start": -1, "host_queued_start": 1585499900.902957, "device_queued": -1, "device_end": -1, "host_queued_end": 1585499900.905622}, "device": "cpu", "nd_range": {"device_start": 2167675.101418593, "device_end": 2167675.101475474}, "cmdq": 1, "read": {"device_start": -1, "device_end": -1}}, "FFC_sans_bias13": {"write": {"device_start": -1, "host_queued_start": 1585499900.902125, "device_queued": -1, "device_end": -1, "host_queued_end": 1585499900.905622}, "device": "cpu", "nd_range": {"device_start": 2167675.100224098, "device_end": 2167675.101309018}, "cmdq": 1, "read": {"device_start": -1, "device_end": -1}}, "empty8": {"write": {"device_start": -1, "host_queued_start": 1585499900.894755, "device_queued": -1, "device_end": -1, "host_queued_end": 1585499900.905622}, "device": "cpu", "nd_range": {"device_start": 2167675.095198208, "device_end": 2167675.095210508}, "cmdq": 0, "read": {"device_start": -1, "device_end": -1}}, "FFC_sans_bias42": {"write": {"device_start": -1, "host_queued_start": 1585499900.890587, "device_queued": -1, "device_end": -1, "host_queued_end": 1585499900.894008}, "device": "gpu", "nd_range": {"device_start": 1585499837.9845881, "device_end": 1585499837.9847813}, "cmdq": 1, "read": {"device_start": -1, "device_end": -1}}, "FFC_sans_bias43": {"write": {"device_start": 1585499837.9847834, "host_queued_start": 1585499900.892425, "device_queued": 1585499837.9844263, "device_end": 1585499837.9847968, "host_queued_end": 1585499900.894008}, "device": "gpu", "nd_range": {"device_start": 1585499837.9847982, "device_end": 1585499837.9850779}, "cmdq": 1, "read": {"device_start": 1585499837.9850793, "device_end": 1585499837.9850867}}, "FFC_sans_bias40": {"write": {"device_start": -1, "host_queued_start": 1585499900.888009, "device_queued": -1, "device_end": -1, "host_queued_end": 1585499900.894008}, "device": "gpu", "nd_range": {"device_start": 1585499837.9841936, "device_end": 1585499837.9844038}, "cmdq": 1, "read": {"device_start": -1, "device_end": -1}}, "softmax32": {"write": {"device_start": -1, "host_queued_start": 1585499900.88909, "device_queued": -1, "device_end": -1, "host_queued_end": 1585499900.894008}, "device": "gpu", "nd_range": {"device_start": 1585499837.984331, "device_end": 1585499837.9845798}, "cmdq": 0, "read": {"device_start": -1, "device_end": -1}}, "FFC_sans_bias47": {"write": {"device_start": 1585499837.983621, "host_queued_start": 1585499900.883057, "device_queued": 1585499837.9835954, "device_end": 1585499837.98363, "host_queued_end": 1585499900.894008}, "device": "gpu", "nd_range": {"device_start": 1585499837.9836822, "device_end": 1585499837.9838786}, "cmdq": 3, "read": {"device_start": -1, "device_end": -1}}, "FFC_sans_bias45": {"write": {"device_start": 1585499837.9835672, "host_queued_start": 1585499900.882018, "device_queued": 1585499837.9835448, "device_end": 1585499837.9835758, "host_queued_end": 1585499900.894008}, "device": "gpu", "nd_range": {"device_start": 1585499837.9836566, "device_end": 1585499837.9837675}, "cmdq": 1, "read": {"device_start": -1, "device_end": -1}}, "softmax50": {"write": {"device_start": -1, "host_queued_start": 1585499900.889555, "device_queued": -1, "device_end": -1, "host_queued_end": 1585499900.894008}, "device": "gpu", "nd_range": {"device_start": 1585499837.984455, "device_end": 1585499837.9845924}, "cmdq": 2, "read": {"device_start": -1, "device_end": -1}}, "FFC_sans_bias33": {"write": {"device_start": -1, "host_queued_start": 1585499900.890289, "device_queued": -1, "device_end": -1, "host_queued_end": 1585499900.894008}, "device": "gpu", "nd_range": {"device_start": 1585499837.9845822, "device_end": 1585499837.984691}, "cmdq": 0, "read": {"device_start": -1, "device_end": -1}}, "FFC_sans_bias63": {"write": {"device_start": 1585499837.9839735, "host_queued_start": 1585499900.886028, "device_queued": 1585499837.983832, "device_end": 1585499837.983982, "host_queued_end": 1585499900.894008}, "device": "gpu", "nd_range": {"device_start": 1585499837.9839942, "device_end": 1585499837.9842713}, "cmdq": 4, "read": {"device_start": -1, "device_end": -1}}, "FFC_sans_bias49": {"write": {"device_start": -1, "host_queued_start": 1585499900.888289, "device_queued": -1, "device_end": -1, "host_queued_end": 1585499900.894008}, "device": "gpu", "nd_range": {"device_start": 1585499837.9841971, "device_end": 1585499837.9844537}, "cmdq": 2, "read": {"device_start": -1, "device_end": -1}}, "FFC_sans_bias64": {"write": {"device_start": 1585499837.9838555, "host_queued_start": 1585499900.88504, "device_queued": 1585499837.9837852, "device_end": 1585499837.983864, "host_queued_end": 1585499900.894008}, "device": "gpu", "nd_range": {"device_start": 1585499837.9839685, "device_end": 1585499837.9841568}, "cmdq": 2, "read": {"device_start": -1, "device_end": -1}}, "FFC_sans_bias65": {"write": {"device_start": 1585499837.9838805, "host_queued_start": 1585499900.885536, "device_queued": 1585499837.9838102, "device_end": 1585499837.9838893, "host_queued_end": 1585499900.894008}, "device": "gpu", "nd_range": {"device_start": 1585499837.9839888, "device_end": 1585499837.984183}, "cmdq": 3, "read": {"device_start": -1, "device_end": -1}}, "FFC_sans_bias67": {"write": {"device_start": -1, "host_queued_start": 1585499900.888873, "device_queued": -1, "device_end": -1, "host_queued_end": 1585499900.894008}, "device": "gpu", "nd_range": {"device_start": 1585499837.9844499, "device_end": 1585499837.9845672}, "cmdq": 4, "read": {"device_start": -1, "device_end": -1}}, "FFC_sans_bias24": {"write": {"device_start": -1, "host_queued_start": 1585499900.904184, "device_queued": -1, "device_end": -1, "host_queued_end": 1585499900.905622}, "device": "cpu", "nd_range": {"device_start": 2167675.102291911, "device_end": 2167675.1040992984}, "cmdq": 2, "read": {"device_start": -1, "device_end": -1}}, "FFC_sans_bias25": {"write": {"device_start": -1, "host_queued_start": 1585499900.905579, "device_queued": -1, "device_end": -1, "host_queued_end": 1585499900.905622}, "device": "cpu", "nd_range": {"device_start": 2167675.104107848, "device_end": 2167675.105068447}, "cmdq": 2, "read": {"device_start": -1, "device_end": -1}}, "FFC_sans_bias27": {"write": {"device_start": 1585499837.9831948, "host_queued_start": 1585499900.878905, "device_queued": 1585499837.9831698, "device_end": 1585499837.9832034, "host_queued_end": 1585499900.894008}, "device": "gpu", "nd_range": {"device_start": 1585499837.9832077, "device_end": 1585499837.9833167}, "cmdq": 0, "read": {"device_start": -1, "device_end": -1}}, "FFC_sans_bias20": {"write": {"device_start": -1, "host_queued_start": 1585499900.90058, "device_queued": -1, "device_end": -1, "host_queued_end": 1585499900.905622}, "device": "cpu", "nd_range": {"device_start": 2167675.0973928752, "device_end": 2167675.098837948}, "cmdq": 2, "read": {"device_start": -1, "device_end": -1}}, "FFC_sans_bias22": {"write": {"device_start": -1, "host_queued_start": 1585499900.902429, "device_queued": -1, "device_end": -1, "host_queued_end": 1585499900.905622}, "device": "cpu", "nd_range": {"device_start": 2167675.100356603, "device_end": 2167675.102090843}, "cmdq": 2, "read": {"device_start": -1, "device_end": -1}}, "softmax68": {"write": {"device_start": -1, "host_queued_start": 1585499900.890002, "device_queued": -1, "device_end": -1, "host_queued_end": 1585499900.894008}, "device": "gpu", "nd_range": {"device_start": 1585499837.9845755, "device_end": 1585499837.9847453}, "cmdq": 4, "read": {"device_start": -1, "device_end": -1}}, "softmax5": {"write": {"device_start": -1, "host_queued_start": 1585499900.902693, "device_queued": -1, "device_end": -1, "host_queued_end": 1585499900.905622}, "device": "cpu", "nd_range": {"device_start": 2167675.102146707, "device_end": 2167675.102192934}, "cmdq": 0, "read": {"device_start": -1, "device_end": -1}}, "FFC_sans_bias28": {"write": {"device_start": 1585499837.9832385, "host_queued_start": 1585499900.8794, "device_queued": 1585499837.9832141, "device_end": 1585499837.9832475, "host_queued_end": 1585499900.894008}, "device": "gpu", "nd_range": {"device_start": 1585499837.9833536, "device_end": 1585499837.9834614}, "cmdq": 1, "read": {"device_start": -1, "device_end": -1}}, "FFC_sans_bias29": {"write": {"device_start": 1585499837.9832685, "host_queued_start": 1585499900.879898, "device_queued": 1585499837.9832437, "device_end": 1585499837.9832788, "host_queued_end": 1585499900.894008}, "device": "gpu", "nd_range": {"device_start": 1585499837.983364, "device_end": 1585499837.9835522}, "cmdq": 2, "read": {"device_start": -1, "device_end": -1}}, "empty17": {"write": {"device_start": -1, "host_queued_start": 1585499900.895261, "device_queued": -1, "device_end": -1, "host_queued_end": 1585499900.905622}, "device": "cpu", "nd_range": {"device_start": 2167675.0952342143, "device_end": 2167675.095238307}, "cmdq": 1, "read": {"device_start": -1, "device_end": -1}}, "softmax59": {"write": {"device_start": -1, "host_queued_start": 1585499900.889781, "device_queued": -1, "device_end": -1, "host_queued_end": 1585499900.894008}, "device": "gpu", "nd_range": {"device_start": 1585499837.9845157, "device_end": 1585499837.9846041}, "cmdq": 3, "read": {"device_start": -1, "device_end": -1}}, "empty71": {"write": {"device_start": 1585499837.9831326, "host_queued_start": 1585499900.878329, "device_queued": 1585499837.9831057, "device_end": 1585499837.983141, "host_queued_end": 1585499900.894008}, "device": "gpu", "nd_range": {"device_start": 1585499837.9831629, "device_end": 1585499837.9831665}, "cmdq": 4, "read": {"device_start": -1, "device_end": -1}}, "empty35": {"write": {"device_start": 1585499837.9829278, "host_queued_start": 1585499900.876513, "device_queued": 1585499837.9828951, "device_end": 1585499837.9829364, "host_queued_end": 1585499900.894008}, "device": "gpu", "nd_range": {"device_start": 1585499837.9829679, "device_end": 1585499837.982981}, "cmdq": 0, "read": {"device_start": -1, "device_end": -1}}, "empty53": {"write": {"device_start": 1585499837.9830744, "host_queued_start": 1585499900.877517, "device_queued": 1585499837.9830413, "device_end": 1585499837.9830842, "host_queued_end": 1585499900.894008}, "device": "gpu", "nd_range": {"device_start": 1585499837.9831483, "device_end": 1585499837.9831517}, "cmdq": 2, "read": {"device_start": -1, "device_end": -1}}, "FFC_sans_bias46": {"write": {"device_start": 1585499837.9835947, "host_queued_start": 1585499900.882507, "device_queued": 1585499837.9835708, "device_end": 1585499837.9836051, "host_queued_end": 1585499900.894008}, "device": "gpu", "nd_range": {"device_start": 1585499837.983675, "device_end": 1585499837.9838533}, "cmdq": 2, "read": {"device_start": -1, "device_end": -1}}, "coalesced_transpose66": {"write": {"device_start": -1, "host_queued_start": 1585499900.887433, "device_queued": -1, "device_end": -1, "host_queued_end": 1585499900.894008}, "device": "gpu", "nd_range": {"device_start": 1585499837.984273, "device_end": 1585499837.9844487}, "cmdq": 4, "read": {"device_start": -1, "device_end": -1}}, "coalesced_transpose48": {"write": {"device_start": -1, "host_queued_start": 1585499900.886902, "device_queued": -1, "device_end": -1, "host_queued_end": 1585499900.894008}, "device": "gpu", "nd_range": {"device_start": 1585499837.9841578, "device_end": 1585499837.984196}, "cmdq": 2, "read": {"device_start": -1, "device_end": -1}}}