{"FFC_sans_bias60": {"write": {"device_start": -1, "host_queued_start": 1585499622.559134, "device_queued": -1, "device_end": -1, "host_queued_end": 1585499622.561967}, "device": "gpu", "nd_range": {"device_start": 1585499559.6612349, "device_end": 1585499559.661426}, "cmdq": 0, "read": {"device_start": -1, "device_end": -1}}, "FFC_sans_bias4": {"write": {"device_start": -1, "host_queued_start": 1585499622.569738, "device_queued": -1, "device_end": -1, "host_queued_end": 1585499622.573705}, "device": "cpu", "nd_range": {"device_start": 2167396.7680496913, "device_end": 2167396.769135713}, "cmdq": 0, "read": {"device_start": -1, "device_end": -1}}, "FFC_sans_bias7": {"write": {"device_start": -1, "host_queued_start": 1585499622.572727, "device_queued": -1, "device_end": -1, "host_queued_end": 1585499622.573705}, "device": "cpu", "nd_range": {"device_start": 2167396.772031817, "device_end": 2167396.773612812}, "cmdq": 4, "read": {"device_start": -1, "device_end": -1}}, "FFC_sans_bias6": {"write": {"device_start": -1, "host_queued_start": 1585499622.571478, "device_queued": -1, "device_end": -1, "host_queued_end": 1585499622.573705}, "device": "cpu", "nd_range": {"device_start": 2167396.769968008, "device_end": 2167396.7720198333}, "cmdq": 1, "read": {"device_start": -1, "device_end": -1}}, "FFC_sans_bias1": {"write": {"device_start": -1, "host_queued_start": 1585499622.564793, "device_queued": -1, "device_end": -1, "host_queued_end": 1585499622.573705}, "device": "cpu", "nd_range": {"device_start": 2167396.765764019, "device_end": 2167396.767507386}, "cmdq": 4, "read": {"device_start": -1, "device_end": -1}}, "FFC_sans_bias0": {"write": {"device_start": -1, "host_queued_start": 1585499622.564224, "device_queued": -1, "device_end": -1, "host_queued_end": 1585499622.573705}, "device": "cpu", "nd_range": {"device_start": 2167396.763321027, "device_end": 2167396.7653105613}, "cmdq": 3, "read": {"device_start": -1, "device_end": -1}}, "FFC_sans_bias2": {"write": {"device_start": -1, "host_queued_start": 1585499622.565403, "device_queued": -1, "device_end": -1, "host_queued_end": 1585499622.573705}, "device": "cpu", "nd_range": {"device_start": 2167396.763314775, "device_end": 2167396.7653167592}, "cmdq": 0, "read": {"device_start": -1, "device_end": -1}}, "FFC_sans_bias61": {"write": {"device_start": 1585499559.6618662, "host_queued_start": 1585499622.561379, "device_queued": 1585499559.6608307, "device_end": 1585499559.6618748, "host_queued_end": 1585499622.561967}, "device": "gpu", "nd_range": {"device_start": 1585499559.6618757, "device_end": 1585499559.6620216}, "cmdq": 1, "read": {"device_start": 1585499559.6620274, "device_end": 1585499559.6620407}}, "FFC_sans_bias52": {"write": {"device_start": 1585499559.661643, "host_queued_start": 1585499622.560883, "device_queued": 1585499559.6607847, "device_end": 1585499559.6616518, "host_queued_end": 1585499622.561967}, "device": "gpu", "nd_range": {"device_start": 1585499559.661653, "device_end": 1585499559.6617613}, "cmdq": 0, "read": {"device_start": 1585499559.6617665, "device_end": 1585499559.6617758}}, "FFC_sans_bias9": {"write": {"device_start": -1, "host_queued_start": 1585499622.565904, "device_queued": -1, "device_end": -1, "host_queued_end": 1585499622.573705}, "device": "cpu", "nd_range": {"device_start": 2167396.7633115943, "device_end": 2167396.7652711123}, "cmdq": 1, "read": {"device_start": -1, "device_end": -1}}, "coalesced_transpose39": {"write": {"device_start": -1, "host_queued_start": 1585499622.554558, "device_queued": -1, "device_end": -1, "host_queued_end": 1585499622.561967}, "device": "gpu", "nd_range": {"device_start": 1585499559.660607, "device_end": 1585499559.6606133}, "cmdq": 1, "read": {"device_start": -1, "device_end": -1}}, "FFC_sans_bias55": {"write": {"device_start": 1585499559.6602712, "host_queued_start": 1585499622.552497, "device_queued": 1585499559.6600654, "device_end": 1585499559.66028, "host_queued_end": 1585499622.561967}, "device": "gpu", "nd_range": {"device_start": 1585499559.660281, "device_end": 1585499559.6604323}, "cmdq": 0, "read": {"device_start": -1, "device_end": -1}}, "FFC_sans_bias54": {"write": {"device_start": 1585499559.6602142, "host_queued_start": 1585499622.552009, "device_queued": 1585499559.6600292, "device_end": 1585499559.6602228, "host_queued_end": 1585499622.561967}, "device": "gpu", "nd_range": {"device_start": 1585499559.660224, "device_end": 1585499559.6603532}, "cmdq": 1, "read": {"device_start": -1, "device_end": -1}}, "FFC_sans_bias56": {"write": {"device_start": 1585499559.660132, "host_queued_start": 1585499622.551523, "device_queued": 1585499559.659989, "device_end": 1585499559.6601458, "host_queued_end": 1585499622.561967}, "device": "gpu", "nd_range": {"device_start": 1585499559.660147, "device_end": 1585499559.6602693}, "cmdq": 0, "read": {"device_start": -1, "device_end": -1}}, "FFC_sans_bias51": {"write": {"device_start": -1, "host_queued_start": 1585499622.558859, "device_queued": -1, "device_end": -1, "host_queued_end": 1585499622.561967}, "device": "gpu", "nd_range": {"device_start": 1585499559.6613383, "device_end": 1585499559.66145}, "cmdq": 1, "read": {"device_start": -1, "device_end": -1}}, "softmax23": {"write": {"device_start": -1, "host_queued_start": 1585499622.571145, "device_queued": -1, "device_end": -1, "host_queued_end": 1585499622.573705}, "device": "cpu", "nd_range": {"device_start": 2167396.770570693, "device_end": 2167396.7706148443}, "cmdq": 0, "read": {"device_start": -1, "device_end": -1}}, "FFC_sans_bias37": {"write": {"device_start": 1585499559.6597857, "host_queued_start": 1585499622.54887, "device_queued": 1585499559.6596777, "device_end": 1585499559.6597946, "host_queued_end": 1585499622.561967}, "device": "gpu", "nd_range": {"device_start": 1585499559.6597955, "device_end": 1585499559.6599355}, "cmdq": 1, "read": {"device_start": -1, "device_end": -1}}, "empty62": {"write": {"device_start": 1585499559.659471, "host_queued_start": 1585499622.545959, "device_queued": 1585499559.6594486, "device_end": 1585499559.6594796, "host_queued_end": 1585499622.561967}, "device": "gpu", "nd_range": {"device_start": 1585499559.6594806, "device_end": 1585499559.6594841}, "cmdq": 1, "read": {"device_start": -1, "device_end": -1}}, "FFC_sans_bias70": {"write": {"device_start": 1585499559.661846, "host_queued_start": 1585499622.561868, "device_queued": 1585499559.6608992, "device_end": 1585499559.6618598, "host_queued_end": 1585499622.561967}, "device": "gpu", "nd_range": {"device_start": 1585499559.6618614, "device_end": 1585499559.6619685}, "cmdq": 0, "read": {"device_start": 1585499559.6619785, "device_end": 1585499559.6619859}}, "FFC_sans_bias58": {"write": {"device_start": -1, "host_queued_start": 1585499622.556582, "device_queued": -1, "device_end": -1, "host_queued_end": 1585499622.561967}, "device": "gpu", "nd_range": {"device_start": 1585499559.6607308, "device_end": 1585499559.6608427}, "cmdq": 0, "read": {"device_start": -1, "device_end": -1}}, "softmax41": {"write": {"device_start": -1, "host_queued_start": 1585499622.557304, "device_queued": -1, "device_end": -1, "host_queued_end": 1585499622.561967}, "device": "gpu", "nd_range": {"device_start": 1585499559.6610336, "device_end": 1585499559.6611109}, "cmdq": 1, "read": {"device_start": -1, "device_end": -1}}, "FFC_sans_bias11": {"write": {"device_start": -1, "host_queued_start": 1585499622.566935, "device_queued": -1, "device_end": -1, "host_queued_end": 1585499622.573705}, "device": "cpu", "nd_range": {"device_start": 2167396.765440822, "device_end": 2167396.767359641}, "cmdq": 3, "read": {"device_start": -1, "device_end": -1}}, "FFC_sans_bias10": {"write": {"device_start": -1, "host_queued_start": 1585499622.566404, "device_queued": -1, "device_end": -1, "host_queued_end": 1585499622.573705}, "device": "cpu", "nd_range": {"device_start": 2167396.763706323, "device_end": 2167396.765660324}, "cmdq": 2, "read": {"device_start": -1, "device_end": -1}}, "coalesced_transpose3": {"write": {"device_start": -1, "host_queued_start": 1585499622.568811, "device_queued": -1, "device_end": -1, "host_queued_end": 1585499622.573705}, "device": "cpu", "nd_range": {"device_start": 2167396.767527506, "device_end": 2167396.7676812513}, "cmdq": 2, "read": {"device_start": -1, "device_end": -1}}, "FFC_sans_bias34": {"write": {"device_start": 1585499559.6614275, "host_queued_start": 1585499622.559885, "device_queued": 1585499559.6606789, "device_end": 1585499559.6614363, "host_queued_end": 1585499622.561967}, "device": "gpu", "nd_range": {"device_start": 1585499559.6614373, "device_end": 1585499559.6615505}, "cmdq": 0, "read": {"device_start": 1585499559.6615584, "device_end": 1585499559.661567}}, "FFC_sans_bias15": {"write": {"device_start": -1, "host_queued_start": 1585499622.571882, "device_queued": -1, "device_end": -1, "host_queued_end": 1585499622.573705}, "device": "cpu", "nd_range": {"device_start": 2167396.770114342, "device_end": 2167396.7720203702}, "cmdq": 2, "read": {"device_start": -1, "device_end": -1}}, "FFC_sans_bias31": {"write": {"device_start": -1, "host_queued_start": 1585499622.555706, "device_queued": -1, "device_end": -1, "host_queued_end": 1585499622.561967}, "device": "gpu", "nd_range": {"device_start": 1585499559.6606207, "device_end": 1585499559.6608052}, "cmdq": 1, "read": {"device_start": -1, "device_end": -1}}, "FFC_sans_bias16": {"write": {"device_start": -1, "host_queued_start": 1585499622.573187, "device_queued": -1, "device_end": -1, "host_queued_end": 1585499622.573705}, "device": "cpu", "nd_range": {"device_start": 2167396.7721099514, "device_end": 2167396.773620406}, "cmdq": 0, "read": {"device_start": -1, "device_end": -1}}, "FFC_sans_bias19": {"write": {"device_start": -1, "host_queued_start": 1585499622.567939, "device_queued": -1, "device_end": -1, "host_queued_end": 1585499622.573705}, "device": "cpu", "nd_range": {"device_start": 2167396.765323923, "device_end": 2167396.7672432563}, "cmdq": 0, "read": {"device_start": -1, "device_end": -1}}, "FFC_sans_bias18": {"write": {"device_start": -1, "host_queued_start": 1585499622.567437, "device_queued": -1, "device_end": -1, "host_queued_end": 1585499622.573705}, "device": "cpu", "nd_range": {"device_start": 2167396.767529192, "device_end": 2167396.768582472}, "cmdq": 4, "read": {"device_start": -1, "device_end": -1}}, "coalesced_transpose30": {"write": {"device_start": -1, "host_queued_start": 1585499622.554296, "device_queued": -1, "device_end": -1, "host_queued_end": 1585499622.561967}, "device": "gpu", "nd_range": {"device_start": 1585499559.6605558, "device_end": 1585499559.6605687}, "cmdq": 0, "read": {"device_start": -1, "device_end": -1}}, "FFC_sans_bias69": {"write": {"device_start": -1, "host_queued_start": 1585499622.559417, "device_queued": -1, "device_end": -1, "host_queued_end": 1585499622.561967}, "device": "gpu", "nd_range": {"device_start": 1585499559.661453, "device_end": 1585499559.6616573}, "cmdq": 1, "read": {"device_start": -1, "device_end": -1}}, "FFC_sans_bias38": {"write": {"device_start": 1585499559.6598625, "host_queued_start": 1585499622.549505, "device_queued": 1585499559.6597269, "device_end": 1585499559.6598713, "host_queued_end": 1585499622.561967}, "device": "gpu", "nd_range": {"device_start": 1585499559.6598723, "device_end": 1585499559.659991}, "cmdq": 0, "read": {"device_start": -1, "device_end": -1}}, "coalesced_transpose57": {"write": {"device_start": -1, "host_queued_start": 1585499622.555135, "device_queued": -1, "device_end": -1, "host_queued_end": 1585499622.561967}, "device": "gpu", "nd_range": {"device_start": 1585499559.6606143, "device_end": 1585499559.6606193}, "cmdq": 1, "read": {"device_start": -1, "device_end": -1}}, "empty26": {"write": {"device_start": -1, "host_queued_start": 1585499622.56364, "device_queued": -1, "device_end": -1, "host_queued_end": 1585499622.573705}, "device": "cpu", "nd_range": {"device_start": 2167396.763415575, "device_end": 2167396.763419028}, "cmdq": 2, "read": {"device_start": -1, "device_end": -1}}, "coalesced_transpose12": {"write": {"device_start": -1, "host_queued_start": 1585499622.569102, "device_queued": -1, "device_end": -1, "host_queued_end": 1585499622.573705}, "device": "cpu", "nd_range": {"device_start": 2167396.767380107, "device_end": 2167396.767564175}, "cmdq": 3, "read": {"device_start": -1, "device_end": -1}}, "empty44": {"write": {"device_start": 1585499559.6593773, "host_queued_start": 1585499622.545187, "device_queued": 1585499559.659352, "device_end": 1585499559.659386, "host_queued_end": 1585499622.561967}, "device": "gpu", "nd_range": {"device_start": 1585499559.6593869, "device_end": 1585499559.6593904}, "cmdq": 1, "read": {"device_start": -1, "device_end": -1}}, "coalesced_transpose21": {"write": {"device_start": -1, "host_queued_start": 1585499622.569408, "device_queued": -1, "device_end": -1, "host_queued_end": 1585499622.573705}, "device": "cpu", "nd_range": {"device_start": 2167396.768689263, "device_end": 2167396.7687456743}, "cmdq": 4, "read": {"device_start": -1, "device_end": -1}}, "FFC_sans_bias36": {"write": {"device_start": 1585499559.659719, "host_queued_start": 1585499622.548381, "device_queued": 1585499559.6596382, "device_end": 1585499559.6597278, "host_queued_end": 1585499622.561967}, "device": "gpu", "nd_range": {"device_start": 1585499559.6597288, "device_end": 1585499559.6598606}, "cmdq": 0, "read": {"device_start": -1, "device_end": -1}}, "softmax14": {"write": {"device_start": -1, "host_queued_start": 1585499622.570886, "device_queued": -1, "device_end": -1, "host_queued_end": 1585499622.573705}, "device": "cpu", "nd_range": {"device_start": 2167396.7700129272, "device_end": 2167396.770082573}, "cmdq": 4, "read": {"device_start": -1, "device_end": -1}}, "FFC_sans_bias13": {"write": {"device_start": -1, "host_queued_start": 1585499622.570046, "device_queued": -1, "device_end": -1, "host_queued_end": 1585499622.573705}, "device": "cpu", "nd_range": {"device_start": 2167396.767582723, "device_end": 2167396.769957735}, "cmdq": 1, "read": {"device_start": -1, "device_end": -1}}, "empty8": {"write": {"device_start": -1, "host_queued_start": 1585499622.56272, "device_queued": -1, "device_end": -1, "host_queued_end": 1585499622.573705}, "device": "cpu", "nd_range": {"device_start": 2167396.7632866343, "device_end": 2167396.763294206}, "cmdq": 0, "read": {"device_start": -1, "device_end": -1}}, "FFC_sans_bias42": {"write": {"device_start": -1, "host_queued_start": 1585499622.558532, "device_queued": -1, "device_end": -1, "host_queued_end": 1585499622.561967}, "device": "gpu", "nd_range": {"device_start": 1585499559.6611192, "device_end": 1585499559.6612325}, "cmdq": 0, "read": {"device_start": -1, "device_end": -1}}, "FFC_sans_bias43": {"write": {"device_start": 1585499559.6616597, "host_queued_start": 1585499622.560382, "device_queued": 1585499559.6607108, "device_end": 1585499559.6616683, "host_queued_end": 1585499622.561967}, "device": "gpu", "nd_range": {"device_start": 1585499559.6616693, "device_end": 1585499559.6618161}, "cmdq": 1, "read": {"device_start": 1585499559.6618183, "device_end": 1585499559.6618385}}, "FFC_sans_bias40": {"write": {"device_start": -1, "host_queued_start": 1585499622.556003, "device_queued": -1, "device_end": -1, "host_queued_end": 1585499622.561967}, "device": "gpu", "nd_range": {"device_start": 1585499559.6606169, "device_end": 1585499559.6607285}, "cmdq": 0, "read": {"device_start": -1, "device_end": -1}}, "softmax32": {"write": {"device_start": -1, "host_queued_start": 1585499622.557084, "device_queued": -1, "device_end": -1, "host_queued_end": 1585499622.561967}, "device": "gpu", "nd_range": {"device_start": 1585499559.6608462, "device_end": 1585499559.6609294}, "cmdq": 0, "read": {"device_start": -1, "device_end": -1}}, "FFC_sans_bias47": {"write": {"device_start": 1585499559.6600797, "host_queued_start": 1585499622.551037, "device_queued": 1585499559.6599538, "device_end": 1585499559.6600883, "host_queued_end": 1585499622.561967}, "device": "gpu", "nd_range": {"device_start": 1585499559.6600895, "device_end": 1585499559.660212}, "cmdq": 1, "read": {"device_start": -1, "device_end": -1}}, "FFC_sans_bias45": {"write": {"device_start": 1585499559.6599379, "host_queued_start": 1585499622.549997, "device_queued": 1585499559.65988, "device_end": 1585499559.6599464, "host_queued_end": 1585499622.561967}, "device": "gpu", "nd_range": {"device_start": 1585499559.6599474, "device_end": 1585499559.6600761}, "cmdq": 1, "read": {"device_start": -1, "device_end": -1}}, "softmax50": {"write": {"device_start": -1, "host_queued_start": 1585499622.557524, "device_queued": -1, "device_end": -1, "host_queued_end": 1585499622.561967}, "device": "gpu", "nd_range": {"device_start": 1585499559.6609313, "device_end": 1585499559.6610386}, "cmdq": 0, "read": {"device_start": -1, "device_end": -1}}, "FFC_sans_bias33": {"write": {"device_start": -1, "host_queued_start": 1585499622.558241, "device_queued": -1, "device_end": -1, "host_queued_end": 1585499622.561967}, "device": "gpu", "nd_range": {"device_start": 1585499559.6612287, "device_end": 1585499559.6613357}, "cmdq": 1, "read": {"device_start": -1, "device_end": -1}}, "FFC_sans_bias63": {"write": {"device_start": 1585499559.6604893, "host_queued_start": 1585499622.553994, "device_queued": 1585499559.6602857, "device_end": 1585499559.660498, "host_queued_end": 1585499622.561967}, "device": "gpu", "nd_range": {"device_start": 1585499559.660499, "device_end": 1585499559.6606061}, "cmdq": 1, "read": {"device_start": -1, "device_end": -1}}, "FFC_sans_bias49": {"write": {"device_start": -1, "host_queued_start": 1585499622.556286, "device_queued": -1, "device_end": -1, "host_queued_end": 1585499622.561967}, "device": "gpu", "nd_range": {"device_start": 1585499559.6608067, "device_end": 1585499559.6609242}, "cmdq": 1, "read": {"device_start": -1, "device_end": -1}}, "FFC_sans_bias64": {"write": {"device_start": 1585499559.6603553, "host_queued_start": 1585499622.553003, "device_queued": 1585499559.6601045, "device_end": 1585499559.6603642, "host_queued_end": 1585499622.561967}, "device": "gpu", "nd_range": {"device_start": 1585499559.660365, "device_end": 1585499559.6604872}, "cmdq": 1, "read": {"device_start": -1, "device_end": -1}}, "FFC_sans_bias65": {"write": {"device_start": 1585499559.6604342, "host_queued_start": 1585499622.553515, "device_queued": 1585499559.6601512, "device_end": 1585499559.660443, "host_queued_end": 1585499622.561967}, "device": "gpu", "nd_range": {"device_start": 1585499559.660444, "device_end": 1585499559.660555}, "cmdq": 0, "read": {"device_start": -1, "device_end": -1}}, "FFC_sans_bias67": {"write": {"device_start": -1, "host_queued_start": 1585499622.556869, "device_queued": -1, "device_end": -1, "host_queued_end": 1585499622.561967}, "device": "gpu", "nd_range": {"device_start": 1585499559.6609254, "device_end": 1585499559.661032}, "cmdq": 1, "read": {"device_start": -1, "device_end": -1}}, "FFC_sans_bias24": {"write": {"device_start": -1, "host_queued_start": 1585499622.572225, "device_queued": -1, "device_end": -1, "host_queued_end": 1585499622.573705}, "device": "cpu", "nd_range": {"device_start": 2167396.770621525, "device_end": 2167396.771941842}, "cmdq": 3, "read": {"device_start": -1, "device_end": -1}}, "FFC_sans_bias25": {"write": {"device_start": -1, "host_queued_start": 1585499622.573662, "device_queued": -1, "device_end": -1, "host_queued_end": 1585499622.573705}, "device": "cpu", "nd_range": {"device_start": 2167396.77203615, "device_end": 2167396.773375846}, "cmdq": 1, "read": {"device_start": -1, "device_end": -1}}, "FFC_sans_bias27": {"write": {"device_start": 1585499559.659542, "host_queued_start": 1585499622.546891, "device_queued": 1585499559.6595168, "device_end": 1585499559.6595507, "host_queued_end": 1585499622.561967}, "device": "gpu", "nd_range": {"device_start": 1585499559.6595519, "device_end": 1585499559.6596584}, "cmdq": 1, "read": {"device_start": -1, "device_end": -1}}, "FFC_sans_bias20": {"write": {"device_start": -1, "host_queued_start": 1585499622.568505, "device_queued": -1, "device_end": -1, "host_queued_end": 1585499622.573705}, "device": "cpu", "nd_range": {"device_start": 2167396.765277023, "device_end": 2167396.767197514}, "cmdq": 1, "read": {"device_start": -1, "device_end": -1}}, "FFC_sans_bias22": {"write": {"device_start": -1, "host_queued_start": 1585499622.570367, "device_queued": -1, "device_end": -1, "host_queued_end": 1585499622.573705}, "device": "cpu", "nd_range": {"device_start": 2167396.769019404, "device_end": 2167396.7701021233}, "cmdq": 2, "read": {"device_start": -1, "device_end": -1}}, "softmax68": {"write": {"device_start": -1, "host_queued_start": 1585499622.557952, "device_queued": -1, "device_end": -1, "host_queued_end": 1585499622.561967}, "device": "gpu", "nd_range": {"device_start": 1585499559.6610413, "device_end": 1585499559.6611168}, "cmdq": 0, "read": {"device_start": -1, "device_end": -1}}, "softmax5": {"write": {"device_start": -1, "host_queued_start": 1585499622.57065, "device_queued": -1, "device_end": -1, "host_queued_end": 1585499622.573705}, "device": "cpu", "nd_range": {"device_start": 2167396.7692493564, "device_end": 2167396.76930588}, "cmdq": 3, "read": {"device_start": -1, "device_end": -1}}, "FFC_sans_bias28": {"write": {"device_start": 1585499559.6595836, "host_queued_start": 1585499622.547392, "device_queued": 1585499559.659557, "device_end": 1585499559.6595924, "host_queued_end": 1585499622.561967}, "device": "gpu", "nd_range": {"device_start": 1585499559.6595933, "device_end": 1585499559.6597166}, "cmdq": 0, "read": {"device_start": -1, "device_end": -1}}, "FFC_sans_bias29": {"write": {"device_start": 1585499559.6596608, "host_queued_start": 1585499622.54789, "device_queued": 1585499559.659599, "device_end": 1585499559.6596699, "host_queued_end": 1585499622.561967}, "device": "gpu", "nd_range": {"device_start": 1585499559.6596708, "device_end": 1585499559.6597838}, "cmdq": 1, "read": {"device_start": -1, "device_end": -1}}, "empty17": {"write": {"device_start": -1, "host_queued_start": 1585499622.563222, "device_queued": -1, "device_end": -1, "host_queued_end": 1585499622.573705}, "device": "cpu", "nd_range": {"device_start": 2167396.7632829463, "device_end": 2167396.763294164}, "cmdq": 1, "read": {"device_start": -1, "device_end": -1}}, "softmax59": {"write": {"device_start": -1, "host_queued_start": 1585499622.557737, "device_queued": -1, "device_end": -1, "host_queued_end": 1585499622.561967}, "device": "gpu", "nd_range": {"device_start": 1585499559.661113, "device_end": 1585499559.6612267}, "cmdq": 1, "read": {"device_start": -1, "device_end": -1}}, "empty71": {"write": {"device_start": 1585499559.659505, "host_queued_start": 1585499622.546346, "device_queued": 1585499559.659483, "device_end": 1585499559.6595137, "host_queued_end": 1585499622.561967}, "device": "gpu", "nd_range": {"device_start": 1585499559.659515, "device_end": 1585499559.6595182}, "cmdq": 0, "read": {"device_start": -1, "device_end": -1}}, "empty35": {"write": {"device_start": 1585499559.6593096, "host_queued_start": 1585499622.544586, "device_queued": 1585499559.6592765, "device_end": 1585499559.6593184, "host_queued_end": 1585499622.561967}, "device": "gpu", "nd_range": {"device_start": 1585499559.6593328, "device_end": 1585499559.6593473}, "cmdq": 0, "read": {"device_start": -1, "device_end": -1}}, "empty53": {"write": {"device_start": 1585499559.6594362, "host_queued_start": 1585499622.545586, "device_queued": 1585499559.6594052, "device_end": 1585499559.6594446, "host_queued_end": 1585499622.561967}, "device": "gpu", "nd_range": {"device_start": 1585499559.6594458, "device_end": 1585499559.659449}, "cmdq": 0, "read": {"device_start": -1, "device_end": -1}}, "FFC_sans_bias46": {"write": {"device_start": 1585499559.6599941, "host_queued_start": 1585499622.55049, "device_queued": 1585499559.6599152, "device_end": 1585499559.6600041, "host_queued_end": 1585499622.561967}, "device": "gpu", "nd_range": {"device_start": 1585499559.6600056, "device_end": 1585499559.6601298}, "cmdq": 0, "read": {"device_start": -1, "device_end": -1}}, "coalesced_transpose66": {"write": {"device_start": -1, "host_queued_start": 1585499622.555396, "device_queued": -1, "device_end": -1, "host_queued_end": 1585499622.561967}, "device": "gpu", "nd_range": {"device_start": 1585499559.6605868, "device_end": 1585499559.6605992}, "cmdq": 0, "read": {"device_start": -1, "device_end": -1}}, "coalesced_transpose48": {"write": {"device_start": -1, "host_queued_start": 1585499622.554863, "device_queued": -1, "device_end": -1, "host_queued_end": 1585499622.561967}, "device": "gpu", "nd_range": {"device_start": 1585499559.66057, "device_end": 1585499559.6605856}, "cmdq": 0, "read": {"device_start": -1, "device_end": -1}}}