{"FFC_sans_bias60": {"write": {"device_start": -1, "host_queued_start": 1585499767.077042, "device_queued": -1, "device_end": -1, "host_queued_end": 1585499767.080987}, "device": "gpu", "nd_range": {"device_start": 1585499704.17644, "device_end": 1585499704.1766624}, "cmdq": 2, "read": {"device_start": -1, "device_end": -1}}, "FFC_sans_bias4": {"write": {"device_start": -1, "host_queued_start": 1585499767.084218, "device_queued": -1, "device_end": -1, "host_queued_end": 1585499767.085533}, "device": "cpu", "nd_range": {"device_start": 2167541.276712077, "device_end": 2167541.2773301373}, "cmdq": 1, "read": {"device_start": -1, "device_end": -1}}, "FFC_sans_bias7": {"write": {"device_start": -1, "host_queued_start": 1585499767.085487, "device_queued": -1, "device_end": -1, "host_queued_end": 1585499767.085533}, "device": "cpu", "nd_range": {"device_start": 2167541.2779179653, "device_end": 2167541.2785400013}, "cmdq": 0, "read": {"device_start": -1, "device_end": -1}}, "FFC_sans_bias6": {"write": {"device_start": -1, "host_queued_start": 1585499767.084973, "device_queued": -1, "device_end": -1, "host_queued_end": 1585499767.085533}, "device": "cpu", "nd_range": {"device_start": 2167541.277386756, "device_end": 2167541.277910774}, "cmdq": 1, "read": {"device_start": -1, "device_end": -1}}, "FFC_sans_bias1": {"write": {"device_start": -1, "host_queued_start": 1585499767.082967, "device_queued": -1, "device_end": -1, "host_queued_end": 1585499767.085533}, "device": "cpu", "nd_range": {"device_start": 2167541.275106198, "device_end": 2167541.2762428923}, "cmdq": 0, "read": {"device_start": -1, "device_end": -1}}, "FFC_sans_bias0": {"write": {"device_start": -1, "host_queued_start": 1585499767.082353, "device_queued": -1, "device_end": -1, "host_queued_end": 1585499767.085533}, "device": "cpu", "nd_range": {"device_start": 2167541.275100895, "device_end": 2167541.2759826044}, "cmdq": 1, "read": {"device_start": -1, "device_end": -1}}, "FFC_sans_bias2": {"write": {"device_start": -1, "host_queued_start": 1585499767.083494, "device_queued": -1, "device_end": -1, "host_queued_end": 1585499767.085533}, "device": "cpu", "nd_range": {"device_start": 2167541.275994535, "device_end": 2167541.2767048012}, "cmdq": 1, "read": {"device_start": -1, "device_end": -1}}, "FFC_sans_bias61": {"write": {"device_start": 1585499704.1768618, "host_queued_start": 1585499767.08038, "device_queued": 1585499704.1763012, "device_end": 1585499704.1768703, "host_queued_end": 1585499767.080987}, "device": "gpu", "nd_range": {"device_start": 1585499704.1768715, "device_end": 1585499704.1770399}, "cmdq": 1, "read": {"device_start": 1585499704.1770918, "device_end": 1585499704.177106}}, "FFC_sans_bias52": {"write": {"device_start": 1585499704.17674, "host_queued_start": 1585499767.079884, "device_queued": 1585499704.1762362, "device_end": 1585499704.1767488, "host_queued_end": 1585499767.080987}, "device": "gpu", "nd_range": {"device_start": 1585499704.1767502, "device_end": 1585499704.1769319}, "cmdq": 0, "read": {"device_start": 1585499704.1769965, "device_end": 1585499704.177005}}, "FFC_sans_bias9": {"write": {"device_start": 1585499704.1741586, "host_queued_start": 1585499767.059768, "device_queued": 1585499704.174132, "device_end": 1585499704.1741674, "host_queued_end": 1585499767.080987}, "device": "gpu", "nd_range": {"device_start": 1585499704.174189, "device_end": 1585499704.1742988}, "cmdq": 3, "read": {"device_start": -1, "device_end": -1}}, "coalesced_transpose39": {"write": {"device_start": -1, "host_queued_start": 1585499767.070927, "device_queued": -1, "device_end": -1, "host_queued_end": 1585499767.080987}, "device": "gpu", "nd_range": {"device_start": 1585499704.1755972, "device_end": 1585499704.1756065}, "cmdq": 3, "read": {"device_start": -1, "device_end": -1}}, "FFC_sans_bias55": {"write": {"device_start": 1585499704.175159, "host_queued_start": 1585499767.068305, "device_queued": 1585499704.1751072, "device_end": 1585499704.1751683, "host_queued_end": 1585499767.080987}, "device": "gpu", "nd_range": {"device_start": 1585499704.1751695, "device_end": 1585499704.175427}, "cmdq": 0, "read": {"device_start": -1, "device_end": -1}}, "FFC_sans_bias54": {"write": {"device_start": 1585499704.1751323, "host_queued_start": 1585499767.067816, "device_queued": 1585499704.1750426, "device_end": 1585499704.1751406, "host_queued_end": 1585499767.080987}, "device": "gpu", "nd_range": {"device_start": 1585499704.175142, "device_end": 1585499704.1753485}, "cmdq": 3, "read": {"device_start": -1, "device_end": -1}}, "FFC_sans_bias56": {"write": {"device_start": 1585499704.1750436, "host_queued_start": 1585499767.06733, "device_queued": 1585499704.1750138, "device_end": 1585499704.1750526, "host_queued_end": 1585499767.080987}, "device": "gpu", "nd_range": {"device_start": 1585499704.1750937, "device_end": 1585499704.1753082}, "cmdq": 2, "read": {"device_start": -1, "device_end": -1}}, "FFC_sans_bias51": {"write": {"device_start": -1, "host_queued_start": 1585499767.076753, "device_queued": -1, "device_end": -1, "host_queued_end": 1585499767.080987}, "device": "gpu", "nd_range": {"device_start": 1585499704.1762774, "device_end": 1585499704.1764722}, "cmdq": 1, "read": {"device_start": -1, "device_end": -1}}, "softmax23": {"write": {"device_start": -1, "host_queued_start": 1585499767.074184, "device_queued": -1, "device_end": -1, "host_queued_end": 1585499767.080987}, "device": "gpu", "nd_range": {"device_start": 1585499704.1761138, "device_end": 1585499704.1762328}, "cmdq": 3, "read": {"device_start": -1, "device_end": -1}}, "FFC_sans_bias37": {"write": {"device_start": 1585499704.1747386, "host_queued_start": 1585499767.064862, "device_queued": 1585499704.174686, "device_end": 1585499704.1747484, "host_queued_end": 1585499767.080987}, "device": "gpu", "nd_range": {"device_start": 1585499704.1747768, "device_end": 1585499704.1750147}, "cmdq": 1, "read": {"device_start": -1, "device_end": -1}}, "empty62": {"write": {"device_start": 1585499704.1741016, "host_queued_start": 1585499767.058882, "device_queued": 1585499704.1740775, "device_end": 1585499704.1741111, "host_queued_end": 1585499767.080987}, "device": "gpu", "nd_range": {"device_start": 1585499704.1741695, "device_end": 1585499704.1741729}, "cmdq": 1, "read": {"device_start": -1, "device_end": -1}}, "FFC_sans_bias70": {"write": {"device_start": 1585499704.1769938, "host_queued_start": 1585499767.080885, "device_queued": 1585499704.1763232, "device_end": 1585499704.1770034, "host_queued_end": 1585499767.080987}, "device": "gpu", "nd_range": {"device_start": 1585499704.177012, "device_end": 1585499704.1771216}, "cmdq": 2, "read": {"device_start": 1585499704.1771317, "device_end": 1585499704.1771412}}, "FFC_sans_bias58": {"write": {"device_start": -1, "host_queued_start": 1585499767.073461, "device_queued": -1, "device_end": -1, "host_queued_end": 1585499767.080987}, "device": "gpu", "nd_range": {"device_start": 1585499704.1757164, "device_end": 1585499704.1759944}, "cmdq": 0, "read": {"device_start": -1, "device_end": -1}}, "softmax41": {"write": {"device_start": -1, "host_queued_start": 1585499767.074645, "device_queued": -1, "device_end": -1, "host_queued_end": 1585499767.080987}, "device": "gpu", "nd_range": {"device_start": 1585499704.1760237, "device_end": 1585499704.1761014}, "cmdq": 1, "read": {"device_start": -1, "device_end": -1}}, "FFC_sans_bias11": {"write": {"device_start": 1585499704.174281, "host_queued_start": 1585499767.060761, "device_queued": 1585499704.1742585, "device_end": 1585499704.1742904, "host_queued_end": 1585499767.080987}, "device": "gpu", "nd_range": {"device_start": 1585499704.1743417, "device_end": 1585499704.174463}, "cmdq": 1, "read": {"device_start": -1, "device_end": -1}}, "FFC_sans_bias10": {"write": {"device_start": 1585499704.1742308, "host_queued_start": 1585499767.060259, "device_queued": 1585499704.1742077, "device_end": 1585499704.1742435, "host_queued_end": 1585499767.080987}, "device": "gpu", "nd_range": {"device_start": 1585499704.1742523, "device_end": 1585499704.1743624}, "cmdq": 0, "read": {"device_start": -1, "device_end": -1}}, "coalesced_transpose3": {"write": {"device_start": -1, "host_queued_start": 1585499767.083831, "device_queued": -1, "device_end": -1, "host_queued_end": 1585499767.085533}, "device": "cpu", "nd_range": {"device_start": 2167541.276248704, "device_end": 2167541.27630415}, "cmdq": 0, "read": {"device_start": -1, "device_end": -1}}, "FFC_sans_bias34": {"write": {"device_start": 1585499704.1766646, "host_queued_start": 1585499767.078893, "device_queued": 1585499704.176052, "device_end": 1585499704.1766734, "host_queued_end": 1585499767.080987}, "device": "gpu", "nd_range": {"device_start": 1585499704.176676, "device_end": 1585499704.1768754}, "cmdq": 2, "read": {"device_start": 1585499704.1768897, "device_end": 1585499704.1768982}}, "FFC_sans_bias15": {"write": {"device_start": -1, "host_queued_start": 1585499767.075604, "device_queued": -1, "device_end": -1, "host_queued_end": 1585499767.080987}, "device": "gpu", "nd_range": {"device_start": 1585499704.1761456, "device_end": 1585499704.1762722}, "cmdq": 1, "read": {"device_start": -1, "device_end": -1}}, "FFC_sans_bias31": {"write": {"device_start": -1, "host_queued_start": 1585499767.072601, "device_queued": -1, "device_end": -1, "host_queued_end": 1585499767.080987}, "device": "gpu", "nd_range": {"device_start": 1585499704.1756032, "device_end": 1585499704.1758137}, "cmdq": 1, "read": {"device_start": -1, "device_end": -1}}, "FFC_sans_bias16": {"write": {"device_start": 1585499704.1763673, "host_queued_start": 1585499767.077897, "device_queued": 1585499704.175883, "device_end": 1585499704.1763759, "host_queued_end": 1585499767.080987}, "device": "gpu", "nd_range": {"device_start": 1585499704.1764128, "device_end": 1585499704.1766217}, "cmdq": 0, "read": {"device_start": 1585499704.176624, "device_end": 1585499704.1766322}}, "FFC_sans_bias19": {"write": {"device_start": 1585499704.1743307, "host_queued_start": 1585499767.061882, "device_queued": 1585499704.1743085, "device_end": 1585499704.1743395, "host_queued_end": 1585499767.080987}, "device": "gpu", "nd_range": {"device_start": 1585499704.1744807, "device_end": 1585499704.1745949}, "cmdq": 3, "read": {"device_start": -1, "device_end": -1}}, "FFC_sans_bias18": {"write": {"device_start": 1585499704.1743052, "host_queued_start": 1585499767.061393, "device_queued": 1585499704.1742816, "device_end": 1585499704.174314, "host_queued_end": 1585499767.080987}, "device": "gpu", "nd_range": {"device_start": 1585499704.1743524, "device_end": 1585499704.174526}, "cmdq": 2, "read": {"device_start": -1, "device_end": -1}}, "coalesced_transpose30": {"write": {"device_start": -1, "host_queued_start": 1585499767.070644, "device_queued": -1, "device_end": -1, "host_queued_end": 1585499767.080987}, "device": "gpu", "nd_range": {"device_start": 1585499704.1755478, "device_end": 1585499704.1755617}, "cmdq": 2, "read": {"device_start": -1, "device_end": -1}}, "FFC_sans_bias69": {"write": {"device_start": -1, "host_queued_start": 1585499767.077407, "device_queued": -1, "device_end": -1, "host_queued_end": 1585499767.080987}, "device": "gpu", "nd_range": {"device_start": 1585499704.1765594, "device_end": 1585499704.1768153}, "cmdq": 3, "read": {"device_start": -1, "device_end": -1}}, "FFC_sans_bias38": {"write": {"device_start": 1585499704.17483, "host_queued_start": 1585499767.06535, "device_queued": 1585499704.1747084, "device_end": 1585499704.1748385, "host_queued_end": 1585499767.080987}, "device": "gpu", "nd_range": {"device_start": 1585499704.1748397, "device_end": 1585499704.1750414}, "cmdq": 2, "read": {"device_start": -1, "device_end": -1}}, "coalesced_transpose57": {"write": {"device_start": -1, "host_queued_start": 1585499767.071459, "device_queued": -1, "device_end": -1, "host_queued_end": 1585499767.080987}, "device": "gpu", "nd_range": {"device_start": 1585499704.1755443, "device_end": 1585499704.175559}, "cmdq": 1, "read": {"device_start": -1, "device_end": -1}}, "empty26": {"write": {"device_start": 1585499704.173943, "host_queued_start": 1585499767.057243, "device_queued": 1585499704.1739185, "device_end": 1585499704.1739519, "host_queued_end": 1585499767.080987}, "device": "gpu", "nd_range": {"device_start": 1585499704.17401, "device_end": 1585499704.1740143}, "cmdq": 1, "read": {"device_start": -1, "device_end": -1}}, "coalesced_transpose12": {"write": {"device_start": -1, "host_queued_start": 1585499767.070071, "device_queued": -1, "device_end": -1, "host_queued_end": 1585499767.080987}, "device": "gpu", "nd_range": {"device_start": 1585499704.175428, "device_end": 1585499704.1755395}, "cmdq": 0, "read": {"device_start": -1, "device_end": -1}}, "empty44": {"write": {"device_start": 1585499704.1739993, "host_queued_start": 1585499767.058069, "device_queued": 1585499704.173974, "device_end": 1585499704.174008, "host_queued_end": 1585499767.080987}, "device": "gpu", "nd_range": {"device_start": 1585499704.1740284, "device_end": 1585499704.1740317}, "cmdq": 3, "read": {"device_start": -1, "device_end": -1}}, "coalesced_transpose21": {"write": {"device_start": -1, "host_queued_start": 1585499767.070349, "device_queued": -1, "device_end": -1, "host_queued_end": 1585499767.080987}, "device": "gpu", "nd_range": {"device_start": 1585499704.1754909, "device_end": 1585499704.1755428}, "cmdq": 1, "read": {"device_start": -1, "device_end": -1}}, "FFC_sans_bias36": {"write": {"device_start": 1585499704.1746702, "host_queued_start": 1585499767.064375, "device_queued": 1585499704.1746464, "device_end": 1585499704.1746786, "host_queued_end": 1585499767.080987}, "device": "gpu", "nd_range": {"device_start": 1585499704.1746798, "device_end": 1585499704.1749377}, "cmdq": 0, "read": {"device_start": -1, "device_end": -1}}, "softmax14": {"write": {"device_start": -1, "host_queued_start": 1585499767.073964, "device_queued": -1, "device_end": -1, "host_queued_end": 1585499767.080987}, "device": "gpu", "nd_range": {"device_start": 1585499704.1759193, "device_end": 1585499704.1761348}, "cmdq": 2, "read": {"device_start": -1, "device_end": -1}}, "FFC_sans_bias13": {"write": {"device_start": -1, "host_queued_start": 1585499767.072029, "device_queued": -1, "device_end": -1, "host_queued_end": 1585499767.080987}, "device": "gpu", "nd_range": {"device_start": 1585499704.1756089, "device_end": 1585499704.1758175}, "cmdq": 3, "read": {"device_start": -1, "device_end": -1}}, "empty8": {"write": {"device_start": -1, "host_queued_start": 1585499767.081713, "device_queued": -1, "device_end": -1, "host_queued_end": 1585499767.085533}, "device": "cpu", "nd_range": {"device_start": 2167541.275082002, "device_end": 2167541.275090237}, "cmdq": 0, "read": {"device_start": -1, "device_end": -1}}, "FFC_sans_bias42": {"write": {"device_start": -1, "host_queued_start": 1585499767.076457, "device_queued": -1, "device_end": -1, "host_queued_end": 1585499767.080987}, "device": "gpu", "nd_range": {"device_start": 1585499704.176246, "device_end": 1585499704.1763594}, "cmdq": 0, "read": {"device_start": -1, "device_end": -1}}, "FFC_sans_bias43": {"write": {"device_start": 1585499704.176824, "host_queued_start": 1585499767.07939, "device_queued": 1585499704.1760757, "device_end": 1585499704.176833, "host_queued_end": 1585499767.080987}, "device": "gpu", "nd_range": {"device_start": 1585499704.1768346, "device_end": 1585499704.176966}, "cmdq": 3, "read": {"device_start": 1585499704.1769793, "device_end": 1585499704.1769934}}, "FFC_sans_bias40": {"write": {"device_start": -1, "host_queued_start": 1585499767.072896, "device_queued": -1, "device_end": -1, "host_queued_end": 1585499767.080987}, "device": "gpu", "nd_range": {"device_start": 1585499704.1756132, "device_end": 1585499704.1759179}, "cmdq": 2, "read": {"device_start": -1, "device_end": -1}}, "softmax32": {"write": {"device_start": -1, "host_queued_start": 1585499767.07441, "device_queued": -1, "device_end": -1, "host_queued_end": 1585499767.080987}, "device": "gpu", "nd_range": {"device_start": 1585499704.1759975, "device_end": 1585499704.1761234}, "cmdq": 0, "read": {"device_start": -1, "device_end": -1}}, "FFC_sans_bias47": {"write": {"device_start": 1585499704.1750188, "host_queued_start": 1585499767.066838, "device_queued": 1585499704.1749892, "device_end": 1585499704.1750288, "host_queued_end": 1585499767.080987}, "device": "gpu", "nd_range": {"device_start": 1585499704.175078, "device_end": 1585499704.1752403}, "cmdq": 1, "read": {"device_start": -1, "device_end": -1}}, "FFC_sans_bias45": {"write": {"device_start": 1585499704.174862, "host_queued_start": 1585499767.065827, "device_queued": 1585499704.1747303, "device_end": 1585499704.1748707, "host_queued_end": 1585499767.080987}, "device": "gpu", "nd_range": {"device_start": 1585499704.1749425, "device_end": 1585499704.17513}, "cmdq": 3, "read": {"device_start": -1, "device_end": -1}}, "softmax50": {"write": {"device_start": -1, "host_queued_start": 1585499767.07487, "device_queued": -1, "device_end": -1, "host_queued_end": 1585499767.080987}, "device": "gpu", "nd_range": {"device_start": 1585499704.1761382, "device_end": 1585499704.1762552}, "cmdq": 2, "read": {"device_start": -1, "device_end": -1}}, "FFC_sans_bias33": {"write": {"device_start": -1, "host_queued_start": 1585499767.076167, "device_queued": -1, "device_end": -1, "host_queued_end": 1585499767.080987}, "device": "gpu", "nd_range": {"device_start": 1585499704.1764073, "device_end": 1585499704.1765566}, "cmdq": 3, "read": {"device_start": -1, "device_end": -1}}, "FFC_sans_bias63": {"write": {"device_start": 1585499704.175351, "host_queued_start": 1585499767.06978, "device_queued": 1585499704.175202, "device_end": 1585499704.1753595, "host_queued_end": 1585499767.080987}, "device": "gpu", "nd_range": {"device_start": 1585499704.1753805, "device_end": 1585499704.1755962}, "cmdq": 3, "read": {"device_start": -1, "device_end": -1}}, "FFC_sans_bias49": {"write": {"device_start": -1, "host_queued_start": 1585499767.073171, "device_queued": -1, "device_end": -1, "host_queued_end": 1585499767.080987}, "device": "gpu", "nd_range": {"device_start": 1585499704.17582, "device_end": 1585499704.1761112}, "cmdq": 3, "read": {"device_start": -1, "device_end": -1}}, "FFC_sans_bias64": {"write": {"device_start": 1585499704.1752424, "host_queued_start": 1585499767.068797, "device_queued": 1585499704.1751523, "device_end": 1585499704.175251, "host_queued_end": 1585499767.080987}, "device": "gpu", "nd_range": {"device_start": 1585499704.175252, "device_end": 1585499704.17549}, "cmdq": 1, "read": {"device_start": -1, "device_end": -1}}, "FFC_sans_bias65": {"write": {"device_start": 1585499704.1753104, "host_queued_start": 1585499767.06929, "device_queued": 1585499704.17518, "device_end": 1585499704.175319, "host_queued_end": 1585499767.080987}, "device": "gpu", "nd_range": {"device_start": 1585499704.17532, "device_end": 1585499704.1755464}, "cmdq": 2, "read": {"device_start": -1, "device_end": -1}}, "FFC_sans_bias67": {"write": {"device_start": -1, "host_queued_start": 1585499767.073753, "device_queued": -1, "device_end": -1, "host_queued_end": 1585499767.080987}, "device": "gpu", "nd_range": {"device_start": 1585499704.175815, "device_end": 1585499704.1760209}, "cmdq": 1, "read": {"device_start": -1, "device_end": -1}}, "FFC_sans_bias24": {"write": {"device_start": -1, "host_queued_start": 1585499767.075898, "device_queued": -1, "device_end": -1, "host_queued_end": 1585499767.080987}, "device": "gpu", "nd_range": {"device_start": 1585499704.1762614, "device_end": 1585499704.1764367}, "cmdq": 2, "read": {"device_start": -1, "device_end": -1}}, "FFC_sans_bias25": {"write": {"device_start": 1585499704.1764731, "host_queued_start": 1585499767.078398, "device_queued": 1585499704.175937, "device_end": 1585499704.176482, "host_queued_end": 1585499767.080987}, "device": "gpu", "nd_range": {"device_start": 1585499704.1764834, "device_end": 1585499704.176754}, "cmdq": 1, "read": {"device_start": 1585499704.1767592, "device_end": 1585499704.1767726}}, "FFC_sans_bias27": {"write": {"device_start": 1585499704.1745565, "host_queued_start": 1585499767.062912, "device_queued": 1585499704.1745331, "device_end": 1585499704.1745658, "host_queued_end": 1585499767.080987}, "device": "gpu", "nd_range": {"device_start": 1585499704.174619, "device_end": 1585499704.1747355}, "cmdq": 1, "read": {"device_start": -1, "device_end": -1}}, "FFC_sans_bias20": {"write": {"device_start": 1585499704.1745152, "host_queued_start": 1585499767.062378, "device_queued": 1585499704.1744914, "device_end": 1585499704.1745238, "host_queued_end": 1585499767.080987}, "device": "gpu", "nd_range": {"device_start": 1585499704.1745248, "device_end": 1585499704.1746676}, "cmdq": 0, "read": {"device_start": -1, "device_end": -1}}, "FFC_sans_bias22": {"write": {"device_start": -1, "host_queued_start": 1585499767.072312, "device_queued": -1, "device_end": -1, "host_queued_end": 1585499767.080987}, "device": "gpu", "nd_range": {"device_start": 1585499704.1756, "device_end": 1585499704.1757138}, "cmdq": 0, "read": {"device_start": -1, "device_end": -1}}, "softmax68": {"write": {"device_start": -1, "host_queued_start": 1585499767.075315, "device_queued": -1, "device_end": -1, "host_queued_end": 1585499767.080987}, "device": "gpu", "nd_range": {"device_start": 1585499704.176128, "device_end": 1585499704.1762393}, "cmdq": 0, "read": {"device_start": -1, "device_end": -1}}, "softmax5": {"write": {"device_start": -1, "host_queued_start": 1585499767.084556, "device_queued": -1, "device_end": -1, "host_queued_end": 1585499767.085533}, "device": "cpu", "nd_range": {"device_start": 2167541.277336039, "device_end": 2167541.277379095}, "cmdq": 0, "read": {"device_start": -1, "device_end": -1}}, "FFC_sans_bias28": {"write": {"device_start": 1585499704.1745832, "host_queued_start": 1585499767.063399, "device_queued": 1585499704.1745572, "device_end": 1585499704.1745937, "host_queued_end": 1585499767.080987}, "device": "gpu", "nd_range": {"device_start": 1585499704.174631, "device_end": 1585499704.1748273}, "cmdq": 2, "read": {"device_start": -1, "device_end": -1}}, "FFC_sans_bias29": {"write": {"device_start": 1585499704.1746078, "host_queued_start": 1585499767.063888, "device_queued": 1585499704.1745827, "device_end": 1585499704.1746163, "host_queued_end": 1585499767.080987}, "device": "gpu", "nd_range": {"device_start": 1585499704.1746423, "device_end": 1585499704.1748598}, "cmdq": 3, "read": {"device_start": -1, "device_end": -1}}, "empty17": {"write": {"device_start": 1585499704.1738656, "host_queued_start": 1585499767.056625, "device_queued": 1585499704.1738315, "device_end": 1585499704.1738744, "host_queued_end": 1585499767.080987}, "device": "gpu", "nd_range": {"device_start": 1585499704.1738958, "device_end": 1585499704.1739101}, "cmdq": 0, "read": {"device_start": -1, "device_end": -1}}, "softmax59": {"write": {"device_start": -1, "host_queued_start": 1585499767.075107, "device_queued": -1, "device_end": -1, "host_queued_end": 1585499767.080987}, "device": "gpu", "nd_range": {"device_start": 1585499704.1762354, "device_end": 1585499704.1764033}, "cmdq": 3, "read": {"device_start": -1, "device_end": -1}}, "empty71": {"write": {"device_start": 1585499704.17413, "host_queued_start": 1585499767.059248, "device_queued": 1585499704.1741052, "device_end": 1585499704.174141, "host_queued_end": 1585499767.080987}, "device": "gpu", "nd_range": {"device_start": 1585499704.1741748, "device_end": 1585499704.1741781}, "cmdq": 2, "read": {"device_start": -1, "device_end": -1}}, "empty35": {"write": {"device_start": 1585499704.1739717, "host_queued_start": 1585499767.057654, "device_queued": 1585499704.1739461, "device_end": 1585499704.1739802, "host_queued_end": 1585499767.080987}, "device": "gpu", "nd_range": {"device_start": 1585499704.1740203, "device_end": 1585499704.1740239}, "cmdq": 2, "read": {"device_start": -1, "device_end": -1}}, "empty53": {"write": {"device_start": 1585499704.1740613, "host_queued_start": 1585499767.058486, "device_queued": 1585499704.1740382, "device_end": 1585499704.1740701, "host_queued_end": 1585499767.080987}, "device": "gpu", "nd_range": {"device_start": 1585499704.174071, "device_end": 1585499704.1740746}, "cmdq": 0, "read": {"device_start": -1, "device_end": -1}}, "FFC_sans_bias46": {"write": {"device_start": 1585499704.174975, "host_queued_start": 1585499767.066322, "device_queued": 1585499704.1749506, "device_end": 1585499704.1749833, "host_queued_end": 1585499767.080987}, "device": "gpu", "nd_range": {"device_start": 1585499704.1749842, "device_end": 1585499704.1751554}, "cmdq": 0, "read": {"device_start": -1, "device_end": -1}}, "coalesced_transpose66": {"write": {"device_start": -1, "host_queued_start": 1585499767.071733, "device_queued": -1, "device_end": -1, "host_queued_end": 1585499767.080987}, "device": "gpu", "nd_range": {"device_start": 1585499704.175563, "device_end": 1585499704.1755686}, "cmdq": 2, "read": {"device_start": -1, "device_end": -1}}, "coalesced_transpose48": {"write": {"device_start": -1, "host_queued_start": 1585499767.071201, "device_queued": -1, "device_end": -1, "host_queued_end": 1585499767.080987}, "device": "gpu", "nd_range": {"device_start": 1585499704.1755407, "device_end": 1585499704.1755517}, "cmdq": 0, "read": {"device_start": -1, "device_end": -1}}}