{"FFC_sans_bias60": {"write": {"device_start": -1, "host_queued_start": 1585499582.439498, "device_queued": -1, "device_end": -1, "host_queued_end": 1585499582.441847}, "device": "gpu", "nd_range": {"device_start": 1585499519.542034, "device_end": 1585499519.5421922}, "cmdq": 0, "read": {"device_start": -1, "device_end": -1}}, "FFC_sans_bias4": {"write": {"device_start": -1, "host_queued_start": 1585499582.451769, "device_queued": -1, "device_end": -1, "host_queued_end": 1585499582.456979}, "device": "cpu", "nd_range": {"device_start": 2167356.653509797, "device_end": 2167356.65578891}, "cmdq": 2, "read": {"device_start": -1, "device_end": -1}}, "FFC_sans_bias7": {"write": {"device_start": -1, "host_queued_start": 1585499582.455585, "device_queued": -1, "device_end": -1, "host_queued_end": 1585499582.456979}, "device": "cpu", "nd_range": {"device_start": 2167356.6590672783, "device_end": 2167356.660998557}, "cmdq": 2, "read": {"device_start": -1, "device_end": -1}}, "FFC_sans_bias6": {"write": {"device_start": -1, "host_queued_start": 1585499582.454066, "device_queued": -1, "device_end": -1, "host_queued_end": 1585499582.456979}, "device": "cpu", "nd_range": {"device_start": 2167356.655884051, "device_end": 2167356.6570414184}, "cmdq": 1, "read": {"device_start": -1, "device_end": -1}}, "FFC_sans_bias1": {"write": {"device_start": -1, "host_queued_start": 1585499582.445036, "device_queued": -1, "device_end": -1, "host_queued_end": 1585499582.456979}, "device": "cpu", "nd_range": {"device_start": 2167356.646617682, "device_end": 2167356.647748675}, "cmdq": 2, "read": {"device_start": -1, "device_end": -1}}, "FFC_sans_bias0": {"write": {"device_start": -1, "host_queued_start": 1585499582.444504, "device_queued": -1, "device_end": -1, "host_queued_end": 1585499582.456979}, "device": "cpu", "nd_range": {"device_start": 2167356.646592411, "device_end": 2167356.6483137542}, "cmdq": 1, "read": {"device_start": -1, "device_end": -1}}, "FFC_sans_bias2": {"write": {"device_start": -1, "host_queued_start": 1585499582.445546, "device_queued": -1, "device_end": -1, "host_queued_end": 1585499582.456979}, "device": "cpu", "nd_range": {"device_start": 2167356.6465986483, "device_end": 2167356.648191445}, "cmdq": 0, "read": {"device_start": -1, "device_end": -1}}, "FFC_sans_bias61": {"write": {"device_start": 1585499519.542441, "host_queued_start": 1585499582.441253, "device_queued": 1585499519.5417576, "device_end": 1585499519.5424502, "host_queued_end": 1585499582.441847}, "device": "gpu", "nd_range": {"device_start": 1585499519.5424516, "device_end": 1585499519.5425594}, "cmdq": 0, "read": {"device_start": 1585499519.5425668, "device_end": 1585499519.5425735}}, "FFC_sans_bias52": {"write": {"device_start": 1585499519.5422435, "host_queued_start": 1585499582.440757, "device_queued": 1585499519.5415637, "device_end": 1585499519.542252, "host_queued_end": 1585499582.441847}, "device": "gpu", "nd_range": {"device_start": 1585499519.5422533, "device_end": 1585499519.542418}, "cmdq": 1, "read": {"device_start": 1585499519.5424228, "device_end": 1585499519.542445}}, "FFC_sans_bias9": {"write": {"device_start": -1, "host_queued_start": 1585499582.446071, "device_queued": -1, "device_end": -1, "host_queued_end": 1585499582.456979}, "device": "cpu", "nd_range": {"device_start": 2167356.64866164, "device_end": 2167356.650596371}, "cmdq": 1, "read": {"device_start": -1, "device_end": -1}}, "coalesced_transpose39": {"write": {"device_start": -1, "host_queued_start": 1585499582.435736, "device_queued": -1, "device_end": -1, "host_queued_end": 1585499582.441847}, "device": "gpu", "nd_range": {"device_start": 1585499519.5414813, "device_end": 1585499519.5414913}, "cmdq": 0, "read": {"device_start": -1, "device_end": -1}}, "FFC_sans_bias55": {"write": {"device_start": 1585499519.5412066, "host_queued_start": 1585499582.433906, "device_queued": 1585499519.5410814, "device_end": 1585499519.5412154, "host_queued_end": 1585499582.441847}, "device": "gpu", "nd_range": {"device_start": 1585499519.5412164, "device_end": 1585499519.5413275}, "cmdq": 0, "read": {"device_start": -1, "device_end": -1}}, "FFC_sans_bias54": {"write": {"device_start": 1585499519.5411267, "host_queued_start": 1585499582.433403, "device_queued": 1585499519.5410428, "device_end": 1585499519.5411365, "host_queued_end": 1585499582.441847}, "device": "gpu", "nd_range": {"device_start": 1585499519.5411377, "device_end": 1585499519.5412667}, "cmdq": 1, "read": {"device_start": -1, "device_end": -1}}, "FFC_sans_bias56": {"write": {"device_start": 1585499519.541043, "host_queued_start": 1585499582.432905, "device_queued": 1585499519.5410016, "device_end": 1585499519.5410538, "host_queued_end": 1585499582.441847}, "device": "gpu", "nd_range": {"device_start": 1585499519.541055, "device_end": 1585499519.541203}, "cmdq": 0, "read": {"device_start": -1, "device_end": -1}}, "FFC_sans_bias51": {"write": {"device_start": -1, "host_queued_start": 1585499582.43922, "device_queued": -1, "device_end": -1, "host_queued_end": 1585499582.441847}, "device": "gpu", "nd_range": {"device_start": 1585499519.5419993, "device_end": 1585499519.542109}, "cmdq": 1, "read": {"device_start": -1, "device_end": -1}}, "softmax23": {"write": {"device_start": -1, "host_queued_start": 1585499582.453472, "device_queued": -1, "device_end": -1, "host_queued_end": 1585499582.456979}, "device": "cpu", "nd_range": {"device_start": 2167356.65706518, "device_end": 2167356.6571049322}, "cmdq": 2, "read": {"device_start": -1, "device_end": -1}}, "FFC_sans_bias37": {"write": {"device_start": 1585499519.5407116, "host_queued_start": 1585499582.430222, "device_queued": 1585499519.5406806, "device_end": 1585499519.5407202, "host_queued_end": 1585499582.441847}, "device": "gpu", "nd_range": {"device_start": 1585499519.5407212, "device_end": 1585499519.5408359}, "cmdq": 1, "read": {"device_start": -1, "device_end": -1}}, "empty62": {"write": {"device_start": 1585499519.540565, "host_queued_start": 1585499582.428825, "device_queued": 1585499519.540543, "device_end": 1585499519.5405738, "host_queued_end": 1585499582.441847}, "device": "gpu", "nd_range": {"device_start": 1585499519.5405748, "device_end": 1585499519.5405784}, "cmdq": 0, "read": {"device_start": -1, "device_end": -1}}, "FFC_sans_bias70": {"write": {"device_start": 1585499519.5424864, "host_queued_start": 1585499582.441753, "device_queued": 1585499519.5417974, "device_end": 1585499519.542495, "host_queued_end": 1585499582.441847}, "device": "gpu", "nd_range": {"device_start": 1585499519.5424962, "device_end": 1585499519.5426068}, "cmdq": 1, "read": {"device_start": 1585499519.5426133, "device_end": 1585499519.5426261}}, "FFC_sans_bias58": {"write": {"device_start": -1, "host_queued_start": 1585499582.437436, "device_queued": -1, "device_end": -1, "host_queued_end": 1585499582.441847}, "device": "gpu", "nd_range": {"device_start": 1585499519.5416117, "device_end": 1585499519.541765}, "cmdq": 0, "read": {"device_start": -1, "device_end": -1}}, "softmax41": {"write": {"device_start": -1, "host_queued_start": 1585499582.437947, "device_queued": -1, "device_end": -1, "host_queued_end": 1585499582.441847}, "device": "gpu", "nd_range": {"device_start": 1585499519.5417688, "device_end": 1585499519.5418525}, "cmdq": 0, "read": {"device_start": -1, "device_end": -1}}, "FFC_sans_bias11": {"write": {"device_start": -1, "host_queued_start": 1585499582.44712, "device_queued": -1, "device_end": -1, "host_queued_end": 1585499582.456979}, "device": "cpu", "nd_range": {"device_start": 2167356.648196626, "device_end": 2167356.649637008}, "cmdq": 0, "read": {"device_start": -1, "device_end": -1}}, "FFC_sans_bias10": {"write": {"device_start": -1, "host_queued_start": 1585499582.446592, "device_queued": -1, "device_end": -1, "host_queued_end": 1585499582.456979}, "device": "cpu", "nd_range": {"device_start": 2167356.647755111, "device_end": 2167356.648984713}, "cmdq": 2, "read": {"device_start": -1, "device_end": -1}}, "coalesced_transpose3": {"write": {"device_start": -1, "host_queued_start": 1585499582.450443, "device_queued": -1, "device_end": -1, "host_queued_end": 1585499582.456979}, "device": "cpu", "nd_range": {"device_start": 2167356.653248671, "device_end": 2167356.653302534}, "cmdq": 1, "read": {"device_start": -1, "device_end": -1}}, "FFC_sans_bias34": {"write": {"device_start": -1, "host_queued_start": 1585499582.456935, "device_queued": -1, "device_end": -1, "host_queued_end": 1585499582.456979}, "device": "cpu", "nd_range": {"device_start": 2167356.661006121, "device_end": 2167356.6617563833}, "cmdq": 2, "read": {"device_start": -1, "device_end": -1}}, "FFC_sans_bias15": {"write": {"device_start": -1, "host_queued_start": 1585499582.454392, "device_queued": -1, "device_end": -1, "host_queued_end": 1585499582.456979}, "device": "cpu", "nd_range": {"device_start": 2167356.6571120163, "device_end": 2167356.659050911}, "cmdq": 2, "read": {"device_start": -1, "device_end": -1}}, "FFC_sans_bias31": {"write": {"device_start": -1, "host_queued_start": 1585499582.452717, "device_queued": -1, "device_end": -1, "host_queued_end": 1585499582.456979}, "device": "cpu", "nd_range": {"device_start": 2167356.655811128, "device_end": 2167356.656930739}, "cmdq": 2, "read": {"device_start": -1, "device_end": -1}}, "FFC_sans_bias16": {"write": {"device_start": -1, "host_queued_start": 1585499582.456036, "device_queued": -1, "device_end": -1, "host_queued_end": 1585499582.456979}, "device": "cpu", "nd_range": {"device_start": 2167356.6592221, "device_end": 2167356.661272435}, "cmdq": 0, "read": {"device_start": -1, "device_end": -1}}, "FFC_sans_bias19": {"write": {"device_start": -1, "host_queued_start": 1585499582.448127, "device_queued": -1, "device_end": -1, "host_queued_end": 1585499582.456979}, "device": "cpu", "nd_range": {"device_start": 2167356.6489938293, "device_end": 2167356.650331358}, "cmdq": 2, "read": {"device_start": -1, "device_end": -1}}, "FFC_sans_bias18": {"write": {"device_start": -1, "host_queued_start": 1585499582.447628, "device_queued": -1, "device_end": -1, "host_queued_end": 1585499582.456979}, "device": "cpu", "nd_range": {"device_start": 2167356.6507218922, "device_end": 2167356.651568244}, "cmdq": 1, "read": {"device_start": -1, "device_end": -1}}, "coalesced_transpose30": {"write": {"device_start": -1, "host_queued_start": 1585499582.451464, "device_queued": -1, "device_end": -1, "host_queued_end": 1585499582.456979}, "device": "cpu", "nd_range": {"device_start": 2167356.653407469, "device_end": 2167356.6534608263}, "cmdq": 1, "read": {"device_start": -1, "device_end": -1}}, "FFC_sans_bias69": {"write": {"device_start": -1, "host_queued_start": 1585499582.439788, "device_queued": -1, "device_end": -1, "host_queued_end": 1585499582.441847}, "device": "gpu", "nd_range": {"device_start": 1585499519.5421112, "device_end": 1585499519.5422413}, "cmdq": 1, "read": {"device_start": -1, "device_end": -1}}, "FFC_sans_bias38": {"write": {"device_start": 1585499519.5407825, "host_queued_start": 1585499582.430755, "device_queued": 1585499519.5407295, "device_end": 1585499519.540793, "host_queued_end": 1585499582.441847}, "device": "gpu", "nd_range": {"device_start": 1585499519.540794, "device_end": 1585499519.540909}, "cmdq": 0, "read": {"device_start": -1, "device_end": -1}}, "coalesced_transpose57": {"write": {"device_start": -1, "host_queued_start": 1585499582.436277, "device_queued": -1, "device_end": -1, "host_queued_end": 1585499582.441847}, "device": "gpu", "nd_range": {"device_start": 1585499519.5414922, "device_end": 1585499519.541499}, "cmdq": 0, "read": {"device_start": -1, "device_end": -1}}, "empty26": {"write": {"device_start": -1, "host_queued_start": 1585499582.443485, "device_queued": -1, "device_end": -1, "host_queued_end": 1585499582.456979}, "device": "cpu", "nd_range": {"device_start": 2167356.646598425, "device_end": 2167356.646603128}, "cmdq": 2, "read": {"device_start": -1, "device_end": -1}}, "coalesced_transpose12": {"write": {"device_start": -1, "host_queued_start": 1585499582.450765, "device_queued": -1, "device_end": -1, "host_queued_end": 1585499582.456979}, "device": "cpu", "nd_range": {"device_start": 2167356.6522273193, "device_end": 2167356.6522976123}, "cmdq": 2, "read": {"device_start": -1, "device_end": -1}}, "empty44": {"write": {"device_start": 1585499519.540462, "host_queued_start": 1585499582.427822, "device_queued": 1585499519.5404155, "device_end": 1585499519.5404706, "host_queued_end": 1585499582.441847}, "device": "gpu", "nd_range": {"device_start": 1585499519.5404913, "device_end": 1585499519.5405037}, "cmdq": 0, "read": {"device_start": -1, "device_end": -1}}, "coalesced_transpose21": {"write": {"device_start": -1, "host_queued_start": 1585499582.451158, "device_queued": -1, "device_end": -1, "host_queued_end": 1585499582.456979}, "device": "cpu", "nd_range": {"device_start": 2167356.6528363, "device_end": 2167356.652889539}, "cmdq": 0, "read": {"device_start": -1, "device_end": -1}}, "FFC_sans_bias36": {"write": {"device_start": 1585499519.5406377, "host_queued_start": 1585499582.429724, "device_queued": 1585499519.5406134, "device_end": 1585499519.5406508, "host_queued_end": 1585499582.441847}, "device": "gpu", "nd_range": {"device_start": 1585499519.5406647, "device_end": 1585499519.5407746}, "cmdq": 0, "read": {"device_start": -1, "device_end": -1}}, "softmax14": {"write": {"device_start": -1, "host_queued_start": 1585499582.453233, "device_queued": -1, "device_end": -1, "host_queued_end": 1585499582.456979}, "device": "cpu", "nd_range": {"device_start": 2167356.655807548, "device_end": 2167356.655864701}, "cmdq": 1, "read": {"device_start": -1, "device_end": -1}}, "FFC_sans_bias13": {"write": {"device_start": -1, "host_queued_start": 1585499582.452088, "device_queued": -1, "device_end": -1, "host_queued_end": 1585499582.456979}, "device": "cpu", "nd_range": {"device_start": 2167356.6530022603, "device_end": 2167356.653742019}, "cmdq": 0, "read": {"device_start": -1, "device_end": -1}}, "empty8": {"write": {"device_start": -1, "host_queued_start": 1585499582.442525, "device_queued": -1, "device_end": -1, "host_queued_end": 1585499582.456979}, "device": "cpu", "nd_range": {"device_start": 2167356.6465590904, "device_end": 2167356.6465735734}, "cmdq": 0, "read": {"device_start": -1, "device_end": -1}}, "FFC_sans_bias42": {"write": {"device_start": -1, "host_queued_start": 1585499582.43893, "device_queued": -1, "device_end": -1, "host_queued_end": 1585499582.441847}, "device": "gpu", "nd_range": {"device_start": 1585499519.5419247, "device_end": 1585499519.542032}, "cmdq": 0, "read": {"device_start": -1, "device_end": -1}}, "FFC_sans_bias43": {"write": {"device_start": 1585499519.5421944, "host_queued_start": 1585499582.440256, "device_queued": 1585499519.5415316, "device_end": 1585499519.5422027, "host_queued_end": 1585499582.441847}, "device": "gpu", "nd_range": {"device_start": 1585499519.5422037, "device_end": 1585499519.5423143}, "cmdq": 0, "read": {"device_start": 1585499519.5423195, "device_end": 1585499519.5423305}}, "FFC_sans_bias40": {"write": {"device_start": -1, "host_queued_start": 1585499582.436852, "device_queued": -1, "device_end": -1, "host_queued_end": 1585499582.441847}, "device": "gpu", "nd_range": {"device_start": 1585499519.5415, "device_end": 1585499519.5416095}, "cmdq": 0, "read": {"device_start": -1, "device_end": -1}}, "softmax32": {"write": {"device_start": -1, "host_queued_start": 1585499582.453726, "device_queued": -1, "device_end": -1, "host_queued_end": 1585499582.456979}, "device": "cpu", "nd_range": {"device_start": 2167356.6570632383, "device_end": 2167356.657104737}, "cmdq": 0, "read": {"device_start": -1, "device_end": -1}}, "FFC_sans_bias47": {"write": {"device_start": 1585499519.5410028, "host_queued_start": 1585499582.43226, "device_queued": 1585499519.540869, "device_end": 1585499519.5410116, "host_queued_end": 1585499582.441847}, "device": "gpu", "nd_range": {"device_start": 1585499519.5410128, "device_end": 1585499519.5411224}, "cmdq": 1, "read": {"device_start": -1, "device_end": -1}}, "FFC_sans_bias45": {"write": {"device_start": 1585499519.5408394, "host_queued_start": 1585499582.431247, "device_queued": 1585499519.5407658, "device_end": 1585499519.5408502, "host_queued_end": 1585499582.441847}, "device": "gpu", "nd_range": {"device_start": 1585499519.5408516, "device_end": 1585499519.5410006}, "cmdq": 1, "read": {"device_start": -1, "device_end": -1}}, "softmax50": {"write": {"device_start": -1, "host_queued_start": 1585499582.438172, "device_queued": -1, "device_end": -1, "host_queued_end": 1585499582.441847}, "device": "gpu", "nd_range": {"device_start": 1585499519.5418143, "device_end": 1585499519.5418887}, "cmdq": 1, "read": {"device_start": -1, "device_end": -1}}, "FFC_sans_bias33": {"write": {"device_start": -1, "host_queued_start": 1585499582.45508, "device_queued": -1, "device_end": -1, "host_queued_end": 1585499582.456979}, "device": "cpu", "nd_range": {"device_start": 2167356.657114257, "device_end": 2167356.6590375043}, "cmdq": 1, "read": {"device_start": -1, "device_end": -1}}, "FFC_sans_bias63": {"write": {"device_start": 1585499519.541414, "host_queued_start": 1585499582.435444, "device_queued": 1585499519.541191, "device_end": 1585499519.5414226, "host_queued_end": 1585499582.441847}, "device": "gpu", "nd_range": {"device_start": 1585499519.5414238, "device_end": 1585499519.541533}, "cmdq": 1, "read": {"device_start": -1, "device_end": -1}}, "FFC_sans_bias49": {"write": {"device_start": -1, "host_queued_start": 1585499582.437143, "device_queued": -1, "device_end": -1, "host_queued_end": 1585499582.441847}, "device": "gpu", "nd_range": {"device_start": 1585499519.5415618, "device_end": 1585499519.5416982}, "cmdq": 1, "read": {"device_start": -1, "device_end": -1}}, "FFC_sans_bias64": {"write": {"device_start": 1585499519.5412686, "host_queued_start": 1585499582.434401, "device_queued": 1585499519.5411162, "device_end": 1585499519.5412772, "host_queued_end": 1585499582.441847}, "device": "gpu", "nd_range": {"device_start": 1585499519.5412784, "device_end": 1585499519.5414119}, "cmdq": 1, "read": {"device_start": -1, "device_end": -1}}, "FFC_sans_bias65": {"write": {"device_start": 1585499519.5413296, "host_queued_start": 1585499582.434956, "device_queued": 1585499519.5411553, "device_end": 1585499519.5413382, "host_queued_end": 1585499582.441847}, "device": "gpu", "nd_range": {"device_start": 1585499519.5413392, "device_end": 1585499519.54148}, "cmdq": 0, "read": {"device_start": -1, "device_end": -1}}, "FFC_sans_bias67": {"write": {"device_start": -1, "host_queued_start": 1585499582.437731, "device_queued": -1, "device_end": -1, "host_queued_end": 1585499582.441847}, "device": "gpu", "nd_range": {"device_start": 1585499519.5417001, "device_end": 1585499519.5418108}, "cmdq": 1, "read": {"device_start": -1, "device_end": -1}}, "FFC_sans_bias24": {"write": {"device_start": -1, "host_queued_start": 1585499582.45474, "device_queued": -1, "device_end": -1, "host_queued_end": 1585499582.456979}, "device": "cpu", "nd_range": {"device_start": 2167356.657119281, "device_end": 2167356.659199233}, "cmdq": 0, "read": {"device_start": -1, "device_end": -1}}, "FFC_sans_bias25": {"write": {"device_start": -1, "host_queued_start": 1585499582.456483, "device_queued": -1, "device_end": -1, "host_queued_end": 1585499582.456979}, "device": "cpu", "nd_range": {"device_start": 2167356.659652763, "device_end": 2167356.6611030432}, "cmdq": 1, "read": {"device_start": -1, "device_end": -1}}, "FFC_sans_bias27": {"write": {"device_start": -1, "host_queued_start": 1585499582.449131, "device_queued": -1, "device_end": -1, "host_queued_end": 1585499582.456979}, "device": "cpu", "nd_range": {"device_start": 2167356.651682071, "device_end": 2167356.6531356364}, "cmdq": 1, "read": {"device_start": -1, "device_end": -1}}, "FFC_sans_bias20": {"write": {"device_start": -1, "host_queued_start": 1585499582.448631, "device_queued": -1, "device_end": -1, "host_queued_end": 1585499582.456979}, "device": "cpu", "nd_range": {"device_start": 2167356.6500526234, "device_end": 2167356.6516230092}, "cmdq": 0, "read": {"device_start": -1, "device_end": -1}}, "FFC_sans_bias22": {"write": {"device_start": -1, "host_queued_start": 1585499582.45241, "device_queued": -1, "device_end": -1, "host_queued_end": 1585499582.456979}, "device": "cpu", "nd_range": {"device_start": 2167356.653562672, "device_end": 2167356.6557891984}, "cmdq": 1, "read": {"device_start": -1, "device_end": -1}}, "softmax68": {"write": {"device_start": -1, "host_queued_start": 1585499582.438637, "device_queued": -1, "device_end": -1, "host_queued_end": 1585499582.441847}, "device": "gpu", "nd_range": {"device_start": 1585499519.5418906, "device_end": 1585499519.5419972}, "cmdq": 1, "read": {"device_start": -1, "device_end": -1}}, "softmax5": {"write": {"device_start": -1, "host_queued_start": 1585499582.45297, "device_queued": -1, "device_end": -1, "host_queued_end": 1585499582.456979}, "device": "cpu", "nd_range": {"device_start": 2167356.6558108623, "device_end": 2167356.655864688}, "cmdq": 0, "read": {"device_start": -1, "device_end": -1}}, "FFC_sans_bias28": {"write": {"device_start": -1, "host_queued_start": 1585499582.449632, "device_queued": -1, "device_end": -1, "host_queued_end": 1585499582.456979}, "device": "cpu", "nd_range": {"device_start": 2167356.65053495, "device_end": 2167356.6521173273}, "cmdq": 2, "read": {"device_start": -1, "device_end": -1}}, "FFC_sans_bias29": {"write": {"device_start": -1, "host_queued_start": 1585499582.450136, "device_queued": -1, "device_end": -1, "host_queued_end": 1585499582.456979}, "device": "cpu", "nd_range": {"device_start": 2167356.6516441833, "device_end": 2167356.652729749}, "cmdq": 0, "read": {"device_start": -1, "device_end": -1}}, "empty17": {"write": {"device_start": -1, "host_queued_start": 1585499582.443069, "device_queued": -1, "device_end": -1, "host_queued_end": 1585499582.456979}, "device": "cpu", "nd_range": {"device_start": 2167356.6465662513, "device_end": 2167356.646573549}, "cmdq": 1, "read": {"device_start": -1, "device_end": -1}}, "softmax59": {"write": {"device_start": -1, "host_queued_start": 1585499582.438394, "device_queued": -1, "device_end": -1, "host_queued_end": 1585499582.441847}, "device": "gpu", "nd_range": {"device_start": 1585499519.541854, "device_end": 1585499519.5419226}, "cmdq": 0, "read": {"device_start": -1, "device_end": -1}}, "empty71": {"write": {"device_start": 1585499519.5406003, "host_queued_start": 1585499582.4292, "device_queued": 1585499519.5405788, "device_end": 1585499519.5406091, "host_queued_end": 1585499582.441847}, "device": "gpu", "nd_range": {"device_start": 1585499519.54061, "device_end": 1585499519.5406137}, "cmdq": 1, "read": {"device_start": -1, "device_end": -1}}, "empty35": {"write": {"device_start": -1, "host_queued_start": 1585499582.44393, "device_queued": -1, "device_end": -1, "host_queued_end": 1585499582.456979}, "device": "cpu", "nd_range": {"device_start": 2167356.646592106, "device_end": 2167356.646593205}, "cmdq": 0, "read": {"device_start": -1, "device_end": -1}}, "empty53": {"write": {"device_start": 1585499519.5405314, "host_queued_start": 1585499582.428427, "device_queued": 1585499519.5405083, "device_end": 1585499519.54054, "host_queued_end": 1585499582.441847}, "device": "gpu", "nd_range": {"device_start": 1585499519.540541, "device_end": 1585499519.5405445}, "cmdq": 1, "read": {"device_start": -1, "device_end": -1}}, "FFC_sans_bias46": {"write": {"device_start": 1585499519.5409114, "host_queued_start": 1585499582.431739, "device_queued": 1585499519.5408187, "device_end": 1585499519.54092, "host_queued_end": 1585499582.441847}, "device": "gpu", "nd_range": {"device_start": 1585499519.5409212, "device_end": 1585499519.5410407}, "cmdq": 0, "read": {"device_start": -1, "device_end": -1}}, "coalesced_transpose66": {"write": {"device_start": -1, "host_queued_start": 1585499582.436555, "device_queued": -1, "device_end": -1, "host_queued_end": 1585499582.441847}, "device": "gpu", "nd_range": {"device_start": 1585499519.5415497, "device_end": 1585499519.541561}, "cmdq": 1, "read": {"device_start": -1, "device_end": -1}}, "coalesced_transpose48": {"write": {"device_start": -1, "host_queued_start": 1585499582.43602, "device_queued": -1, "device_end": -1, "host_queued_end": 1585499582.441847}, "device": "gpu", "nd_range": {"device_start": 1585499519.5415351, "device_end": 1585499519.5415485}, "cmdq": 1, "read": {"device_start": -1, "device_end": -1}}}