{"FFC_sans_bias60": {"write": {"device_start": -1, "host_queued_start": 1585499743.014152, "device_queued": -1, "device_end": -1, "host_queued_end": 1585499743.019052}, "device": "gpu", "nd_range": {"device_start": 1585499680.1160824, "device_end": 1585499680.1163118}, "cmdq": 2, "read": {"device_start": -1, "device_end": -1}}, "FFC_sans_bias4": {"write": {"device_start": -1, "host_queued_start": 1585499743.007581, "device_queued": -1, "device_end": -1, "host_queued_end": 1585499743.019052}, "device": "gpu", "nd_range": {"device_start": 1585499680.114967, "device_end": 1585499680.1151261}, "cmdq": 0, "read": {"device_start": -1, "device_end": -1}}, "FFC_sans_bias7": {"write": {"device_start": 1585499680.1159923, "host_queued_start": 1585499743.015015, "device_queued": 1585499680.1151674, "device_end": 1585499680.1160011, "host_queued_end": 1585499743.019052}, "device": "gpu", "nd_range": {"device_start": 1585499680.1160023, "device_end": 1585499680.1162615}, "cmdq": 0, "read": {"device_start": 1585499680.1162696, "device_end": 1585499680.1162784}}, "FFC_sans_bias6": {"write": {"device_start": -1, "host_queued_start": 1585499743.012244, "device_queued": -1, "device_end": -1, "host_queued_end": 1585499743.019052}, "device": "gpu", "nd_range": {"device_start": 1585499680.115769, "device_end": 1585499680.1158772}, "cmdq": 0, "read": {"device_start": -1, "device_end": -1}}, "FFC_sans_bias1": {"write": {"device_start": 1585499680.1133175, "host_queued_start": 1585499742.992449, "device_queued": 1585499680.1132972, "device_end": 1585499680.1133265, "host_queued_end": 1585499743.019052}, "device": "gpu", "nd_range": {"device_start": 1585499680.113381, "device_end": 1585499680.1134894}, "cmdq": 1, "read": {"device_start": -1, "device_end": -1}}, "FFC_sans_bias0": {"write": {"device_start": 1585499680.1132805, "host_queued_start": 1585499742.991971, "device_queued": 1585499680.1132493, "device_end": 1585499680.1132894, "host_queued_end": 1585499743.019052}, "device": "gpu", "nd_range": {"device_start": 1585499680.1132903, "device_end": 1585499680.1133983}, "cmdq": 0, "read": {"device_start": -1, "device_end": -1}}, "FFC_sans_bias2": {"write": {"device_start": 1585499680.1133451, "host_queued_start": 1585499742.992947, "device_queued": 1585499680.1133237, "device_end": 1585499680.1133535, "host_queued_end": 1585499743.019052}, "device": "gpu", "nd_range": {"device_start": 1585499680.113396, "device_end": 1585499680.1135893}, "cmdq": 2, "read": {"device_start": -1, "device_end": -1}}, "FFC_sans_bias61": {"write": {"device_start": 1585499680.1165714, "host_queued_start": 1585499743.018363, "device_queued": 1585499680.1155837, "device_end": 1585499680.11658, "host_queued_end": 1585499743.019052}, "device": "gpu", "nd_range": {"device_start": 1585499680.1165812, "device_end": 1585499680.1168854}, "cmdq": 2, "read": {"device_start": 1585499680.116893, "device_end": 1585499680.1169}}, "FFC_sans_bias52": {"write": {"device_start": 1585499680.1165566, "host_queued_start": 1585499743.0178, "device_queued": 1585499680.1155608, "device_end": 1585499680.1165662, "host_queued_end": 1585499743.019052}, "device": "gpu", "nd_range": {"device_start": 1585499680.1165671, "device_end": 1585499680.1166832}, "cmdq": 1, "read": {"device_start": 1585499680.1166928, "device_end": 1585499680.1167}}, "FFC_sans_bias9": {"write": {"device_start": 1585499680.1133692, "host_queued_start": 1585499742.993581, "device_queued": 1585499680.113347, "device_end": 1585499680.1133776, "host_queued_end": 1585499743.019052}, "device": "gpu", "nd_range": {"device_start": 1585499680.1134086, "device_end": 1585499680.1135955}, "cmdq": 3, "read": {"device_start": -1, "device_end": -1}}, "coalesced_transpose39": {"write": {"device_start": -1, "host_queued_start": 1585499743.006291, "device_queued": -1, "device_end": -1, "host_queued_end": 1585499743.019052}, "device": "gpu", "nd_range": {"device_start": 1585499680.1149523, "device_end": 1585499680.114966}, "cmdq": 0, "read": {"device_start": -1, "device_end": -1}}, "FFC_sans_bias55": {"write": {"device_start": 1585499680.1146343, "host_queued_start": 1585499743.002392, "device_queued": 1585499680.1143394, "device_end": 1585499680.114643, "host_queued_end": 1585499743.019052}, "device": "gpu", "nd_range": {"device_start": 1585499680.1146443, "device_end": 1585499680.1148512}, "cmdq": 0, "read": {"device_start": -1, "device_end": -1}}, "FFC_sans_bias54": {"write": {"device_start": 1585499680.1145377, "host_queued_start": 1585499743.001707, "device_queued": 1585499680.1141784, "device_end": 1585499680.1145463, "host_queued_end": 1585499743.019052}, "device": "gpu", "nd_range": {"device_start": 1585499680.1145475, "device_end": 1585499680.114734}, "cmdq": 3, "read": {"device_start": -1, "device_end": -1}}, "FFC_sans_bias56": {"write": {"device_start": 1585499680.1145546, "host_queued_start": 1585499743.001122, "device_queued": 1585499680.1141558, "device_end": 1585499680.1145635, "host_queued_end": 1585499743.019052}, "device": "gpu", "nd_range": {"device_start": 1585499680.1145644, "device_end": 1585499680.1148374}, "cmdq": 2, "read": {"device_start": -1, "device_end": -1}}, "FFC_sans_bias51": {"write": {"device_start": -1, "host_queued_start": 1585499743.013837, "device_queued": -1, "device_end": -1, "host_queued_end": 1585499743.019052}, "device": "gpu", "nd_range": {"device_start": 1585499680.115969, "device_end": 1585499680.116191}, "cmdq": 1, "read": {"device_start": -1, "device_end": -1}}, "softmax23": {"write": {"device_start": -1, "host_queued_start": 1585499743.01056, "device_queued": -1, "device_end": -1, "host_queued_end": 1585499743.019052}, "device": "gpu", "nd_range": {"device_start": 1585499680.1156647, "device_end": 1585499680.1157465}, "cmdq": 2, "read": {"device_start": -1, "device_end": -1}}, "FFC_sans_bias37": {"write": {"device_start": 1585499680.1140764, "host_queued_start": 1585499742.998626, "device_queued": 1585499680.1139865, "device_end": 1585499680.114085, "host_queued_end": 1585499743.019052}, "device": "gpu", "nd_range": {"device_start": 1585499680.114086, "device_end": 1585499680.1144176}, "cmdq": 1, "read": {"device_start": -1, "device_end": -1}}, "empty62": {"write": {"device_start": 1585499680.1132474, "host_queued_start": 1585499742.991064, "device_queued": 1585499680.1131673, "device_end": 1585499680.113256, "host_queued_end": 1585499743.019052}, "device": "gpu", "nd_range": {"device_start": 1585499680.113258, "device_end": 1585499680.1132772}, "cmdq": 2, "read": {"device_start": -1, "device_end": -1}}, "FFC_sans_bias70": {"write": {"device_start": 1585499680.1166677, "host_queued_start": 1585499743.018939, "device_queued": 1585499680.115609, "device_end": 1585499680.1166773, "host_queued_end": 1585499743.019052}, "device": "gpu", "nd_range": {"device_start": 1585499680.1166792, "device_end": 1585499680.116884}, "cmdq": 3, "read": {"device_start": 1585499680.1169026, "device_end": 1585499680.1169162}}, "FFC_sans_bias58": {"write": {"device_start": -1, "host_queued_start": 1585499743.00948, "device_queued": -1, "device_end": -1, "host_queued_end": 1585499743.019052}, "device": "gpu", "nd_range": {"device_start": 1585499680.1153245, "device_end": 1585499680.1156635}, "cmdq": 2, "read": {"device_start": -1, "device_end": -1}}, "softmax41": {"write": {"device_start": -1, "host_queued_start": 1585499743.011067, "device_queued": -1, "device_end": -1, "host_queued_end": 1585499743.019052}, "device": "gpu", "nd_range": {"device_start": 1585499680.1156847, "device_end": 1585499680.1157677}, "cmdq": 0, "read": {"device_start": -1, "device_end": -1}}, "FFC_sans_bias11": {"write": {"device_start": 1585499680.1136038, "host_queued_start": 1585499742.994644, "device_queued": 1585499680.1135821, "device_end": 1585499680.1136124, "host_queued_end": 1585499743.019052}, "device": "gpu", "nd_range": {"device_start": 1585499680.1136653, "device_end": 1585499680.1137838}, "cmdq": 1, "read": {"device_start": -1, "device_end": -1}}, "FFC_sans_bias10": {"write": {"device_start": 1585499680.1135547, "host_queued_start": 1585499742.994074, "device_queued": 1585499680.1135325, "device_end": 1585499680.1135633, "host_queued_end": 1585499743.019052}, "device": "gpu", "nd_range": {"device_start": 1585499680.113573, "device_end": 1585499680.1136835}, "cmdq": 0, "read": {"device_start": -1, "device_end": -1}}, "coalesced_transpose3": {"write": {"device_start": -1, "host_queued_start": 1585499743.00498, "device_queued": -1, "device_end": -1, "host_queued_end": 1585499743.019052}, "device": "gpu", "nd_range": {"device_start": 1585499680.1148524, "device_end": 1585499680.114951}, "cmdq": 0, "read": {"device_start": -1, "device_end": -1}}, "FFC_sans_bias34": {"write": {"device_start": 1585499680.1163828, "host_queued_start": 1585499743.016666, "device_queued": 1585499680.1152534, "device_end": 1585499680.116395, "host_queued_end": 1585499743.019052}, "device": "gpu", "nd_range": {"device_start": 1585499680.1163962, "device_end": 1585499680.1166043}, "cmdq": 3, "read": {"device_start": 1585499680.1166086, "device_end": 1585499680.116625}}, "FFC_sans_bias15": {"write": {"device_start": -1, "host_queued_start": 1585499743.012554, "device_queued": -1, "device_end": -1, "host_queued_end": 1585499743.019052}, "device": "gpu", "nd_range": {"device_start": 1585499680.115776, "device_end": 1585499680.1159675}, "cmdq": 1, "read": {"device_start": -1, "device_end": -1}}, "FFC_sans_bias31": {"write": {"device_start": -1, "host_queued_start": 1585499743.008532, "device_queued": -1, "device_end": -1, "host_queued_end": 1585499743.019052}, "device": "gpu", "nd_range": {"device_start": 1585499680.1151097, "device_end": 1585499680.1152456}, "cmdq": 3, "read": {"device_start": -1, "device_end": -1}}, "FFC_sans_bias16": {"write": {"device_start": 1585499680.1161933, "host_queued_start": 1585499743.015577, "device_queued": 1585499680.1152074, "device_end": 1585499680.116202, "host_queued_end": 1585499743.019052}, "device": "gpu", "nd_range": {"device_start": 1585499680.116203, "device_end": 1585499680.1164565}, "cmdq": 1, "read": {"device_start": 1585499680.1164582, "device_end": 1585499680.1164663}}, "FFC_sans_bias19": {"write": {"device_start": 1585499680.1136537, "host_queued_start": 1585499742.995632, "device_queued": 1585499680.1136315, "device_end": 1585499680.1136622, "host_queued_end": 1585499743.019052}, "device": "gpu", "nd_range": {"device_start": 1585499680.1136885, "device_end": 1585499680.1138976}, "cmdq": 3, "read": {"device_start": -1, "device_end": -1}}, "FFC_sans_bias18": {"write": {"device_start": 1585499680.1136289, "host_queued_start": 1585499742.995141, "device_queued": 1585499680.1136074, "device_end": 1585499680.1136374, "host_queued_end": 1585499743.019052}, "device": "gpu", "nd_range": {"device_start": 1585499680.1136777, "device_end": 1585499680.1138833}, "cmdq": 2, "read": {"device_start": -1, "device_end": -1}}, "coalesced_transpose30": {"write": {"device_start": -1, "host_queued_start": 1585499743.00598, "device_queued": -1, "device_end": -1, "host_queued_end": 1585499743.019052}, "device": "gpu", "nd_range": {"device_start": 1585499680.114995, "device_end": 1585499680.1150885}, "cmdq": 3, "read": {"device_start": -1, "device_end": -1}}, "FFC_sans_bias69": {"write": {"device_start": -1, "host_queued_start": 1585499743.014458, "device_queued": -1, "device_end": -1, "host_queued_end": 1585499743.019052}, "device": "gpu", "nd_range": {"device_start": 1585499680.1161375, "device_end": 1585499680.1163807}, "cmdq": 3, "read": {"device_start": -1, "device_end": -1}}, "FFC_sans_bias38": {"write": {"device_start": 1585499680.1140952, "host_queued_start": 1585499742.999123, "device_queued": 1585499680.1140134, "device_end": 1585499680.1141052, "host_queued_end": 1585499743.019052}, "device": "gpu", "nd_range": {"device_start": 1585499680.1141064, "device_end": 1585499680.1145527}, "cmdq": 2, "read": {"device_start": -1, "device_end": -1}}, "coalesced_transpose57": {"write": {"device_start": -1, "host_queued_start": 1585499743.00695, "device_queued": -1, "device_end": -1, "host_queued_end": 1585499743.019052}, "device": "gpu", "nd_range": {"device_start": 1585499680.115098, "device_end": 1585499680.1151135}, "cmdq": 2, "read": {"device_start": -1, "device_end": -1}}, "empty26": {"write": {"device_start": 1585499680.1130917, "host_queued_start": 1585499742.989486, "device_queued": 1585499680.1130106, "device_end": 1585499680.1131003, "host_queued_end": 1585499743.019052}, "device": "gpu", "nd_range": {"device_start": 1585499680.1131015, "device_end": 1585499680.1131206}, "cmdq": 2, "read": {"device_start": -1, "device_end": -1}}, "coalesced_transpose12": {"write": {"device_start": -1, "host_queued_start": 1585499743.005325, "device_queued": -1, "device_end": -1, "host_queued_end": 1585499743.019052}, "device": "gpu", "nd_range": {"device_start": 1585499680.114943, "device_end": 1585499680.1149573}, "cmdq": 1, "read": {"device_start": -1, "device_end": -1}}, "empty44": {"write": {"device_start": 1585499680.1132183, "host_queued_start": 1585499742.990286, "device_queued": 1585499680.1131067, "device_end": 1585499680.113227, "host_queued_end": 1585499743.019052}, "device": "gpu", "nd_range": {"device_start": 1585499680.113228, "device_end": 1585499680.1132445}, "cmdq": 0, "read": {"device_start": -1, "device_end": -1}}, "coalesced_transpose21": {"write": {"device_start": -1, "host_queued_start": 1585499743.005656, "device_queued": -1, "device_end": -1, "host_queued_end": 1585499743.019052}, "device": "gpu", "nd_range": {"device_start": 1585499680.1150446, "device_end": 1585499680.1150951}, "cmdq": 2, "read": {"device_start": -1, "device_end": -1}}, "FFC_sans_bias36": {"write": {"device_start": 1585499680.1139944, "host_queued_start": 1585499742.998112, "device_queued": 1585499680.1139429, "device_end": 1585499680.1140049, "host_queued_end": 1585499743.019052}, "device": "gpu", "nd_range": {"device_start": 1585499680.114006, "device_end": 1585499680.1142035}, "cmdq": 0, "read": {"device_start": -1, "device_end": -1}}, "softmax14": {"write": {"device_start": -1, "host_queued_start": 1585499743.010314, "device_queued": -1, "device_end": -1, "host_queued_end": 1585499743.019052}, "device": "gpu", "nd_range": {"device_start": 1585499680.1154387, "device_end": 1585499680.1156893}, "cmdq": 1, "read": {"device_start": -1, "device_end": -1}}, "FFC_sans_bias13": {"write": {"device_start": -1, "host_queued_start": 1585499743.007913, "device_queued": -1, "device_end": -1, "host_queued_end": 1585499743.019052}, "device": "gpu", "nd_range": {"device_start": 1585499680.1149733, "device_end": 1585499680.1151683}, "cmdq": 1, "read": {"device_start": -1, "device_end": -1}}, "empty8": {"write": {"device_start": 1585499680.1129658, "host_queued_start": 1585499742.988454, "device_queued": 1585499680.1128726, "device_end": 1585499680.1129744, "host_queued_end": 1585499743.019052}, "device": "gpu", "nd_range": {"device_start": 1585499680.1129754, "device_end": 1585499680.1129804}, "cmdq": 0, "read": {"device_start": -1, "device_end": -1}}, "FFC_sans_bias42": {"write": {"device_start": -1, "host_queued_start": 1585499743.013523, "device_queued": -1, "device_end": -1, "host_queued_end": 1585499743.019052}, "device": "gpu", "nd_range": {"device_start": 1585499680.1158795, "device_end": 1585499680.1159914}, "cmdq": 0, "read": {"device_start": -1, "device_end": -1}}, "FFC_sans_bias43": {"write": {"device_start": 1585499680.1163552, "host_queued_start": 1585499743.017203, "device_queued": 1585499680.115513, "device_end": 1585499680.1163638, "host_queued_end": 1585499743.019052}, "device": "gpu", "nd_range": {"device_start": 1585499680.116365, "device_end": 1585499680.1165855}, "cmdq": 0, "read": {"device_start": 1585499680.1165907, "device_end": 1585499680.116603}}, "FFC_sans_bias40": {"write": {"device_start": -1, "host_queued_start": 1585499743.008854, "device_queued": -1, "device_end": -1, "host_queued_end": 1585499743.019052}, "device": "gpu", "nd_range": {"device_start": 1585499680.1151273, "device_end": 1585499680.115353}, "cmdq": 0, "read": {"device_start": -1, "device_end": -1}}, "softmax32": {"write": {"device_start": -1, "host_queued_start": 1585499743.01082, "device_queued": -1, "device_end": -1, "host_queued_end": 1585499743.019052}, "device": "gpu", "nd_range": {"device_start": 1585499680.1156783, "device_end": 1585499680.115761}, "cmdq": 3, "read": {"device_start": -1, "device_end": -1}}, "FFC_sans_bias47": {"write": {"device_start": 1585499680.1144187, "host_queued_start": 1585499743.000619, "device_queued": 1585499680.1141346, "device_end": 1585499680.1144276, "host_queued_end": 1585499743.019052}, "device": "gpu", "nd_range": {"device_start": 1585499680.114429, "device_end": 1585499680.114647}, "cmdq": 1, "read": {"device_start": -1, "device_end": -1}}, "FFC_sans_bias45": {"write": {"device_start": 1585499680.11419, "host_queued_start": 1585499742.99962, "device_queued": 1585499680.1140351, "device_end": 1585499680.1141987, "host_queued_end": 1585499743.019052}, "device": "gpu", "nd_range": {"device_start": 1585499680.1141999, "device_end": 1585499680.1145356}, "cmdq": 3, "read": {"device_start": -1, "device_end": -1}}, "softmax50": {"write": {"device_start": -1, "host_queued_start": 1585499743.011311, "device_queued": -1, "device_end": -1, "host_queued_end": 1585499743.019052}, "device": "gpu", "nd_range": {"device_start": 1585499680.1156914, "device_end": 1585499680.1157749}, "cmdq": 1, "read": {"device_start": -1, "device_end": -1}}, "FFC_sans_bias33": {"write": {"device_start": -1, "host_queued_start": 1585499743.013205, "device_queued": -1, "device_end": -1, "host_queued_end": 1585499743.019052}, "device": "gpu", "nd_range": {"device_start": 1585499680.115924, "device_end": 1585499680.1161366}, "cmdq": 3, "read": {"device_start": -1, "device_end": -1}}, "FFC_sans_bias63": {"write": {"device_start": 1585499680.114736, "host_queued_start": 1585499743.004538, "device_queued": 1585499680.1144261, "device_end": 1585499680.1147447, "host_queued_end": 1585499743.019052}, "device": "gpu", "nd_range": {"device_start": 1585499680.1147456, "device_end": 1585499680.114994}, "cmdq": 3, "read": {"device_start": -1, "device_end": -1}}, "FFC_sans_bias49": {"write": {"device_start": -1, "host_queued_start": 1585499743.009155, "device_queued": -1, "device_end": -1, "host_queued_end": 1585499743.019052}, "device": "gpu", "nd_range": {"device_start": 1585499680.1151693, "device_end": 1585499680.1154366}, "cmdq": 1, "read": {"device_start": -1, "device_end": -1}}, "FFC_sans_bias64": {"write": {"device_start": 1585499680.1146493, "host_queued_start": 1585499743.003145, "device_queued": 1585499680.1143835, "device_end": 1585499680.1146576, "host_queued_end": 1585499743.019052}, "device": "gpu", "nd_range": {"device_start": 1585499680.1146588, "device_end": 1585499680.114942}, "cmdq": 1, "read": {"device_start": -1, "device_end": -1}}, "FFC_sans_bias65": {"write": {"device_start": 1585499680.1148386, "host_queued_start": 1585499743.003879, "device_queued": 1585499680.1144047, "device_end": 1585499680.1148472, "host_queued_end": 1585499743.019052}, "device": "gpu", "nd_range": {"device_start": 1585499680.1148484, "device_end": 1585499680.1150434}, "cmdq": 2, "read": {"device_start": -1, "device_end": -1}}, "FFC_sans_bias67": {"write": {"device_start": -1, "host_queued_start": 1585499743.009818, "device_queued": -1, "device_end": -1, "host_queued_end": 1585499743.019052}, "device": "gpu", "nd_range": {"device_start": 1585499680.1152468, "device_end": 1585499680.1156762}, "cmdq": 3, "read": {"device_start": -1, "device_end": -1}}, "FFC_sans_bias24": {"write": {"device_start": -1, "host_queued_start": 1585499743.012881, "device_queued": -1, "device_end": -1, "host_queued_end": 1585499743.019052}, "device": "gpu", "nd_range": {"device_start": 1585499680.1159055, "device_end": 1585499680.1160815}, "cmdq": 2, "read": {"device_start": -1, "device_end": -1}}, "FFC_sans_bias25": {"write": {"device_start": 1585499680.1163144, "host_queued_start": 1585499743.016119, "device_queued": 1585499680.11523, "device_end": 1585499680.1163232, "host_queued_end": 1585499743.019052}, "device": "gpu", "nd_range": {"device_start": 1585499680.1163242, "device_end": 1585499680.116495}, "cmdq": 2, "read": {"device_start": 1585499680.1165032, "device_end": 1585499680.1165116}}, "FFC_sans_bias27": {"write": {"device_start": 1585499680.1137874, "host_queued_start": 1585499742.996624, "device_queued": 1585499680.113733, "device_end": 1585499680.113797, "host_queued_end": 1585499743.019052}, "device": "gpu", "nd_range": {"device_start": 1585499680.1138134, "device_end": 1585499680.1140742}, "cmdq": 1, "read": {"device_start": -1, "device_end": -1}}, "FFC_sans_bias20": {"write": {"device_start": 1585499680.113714, "host_queued_start": 1585499742.996133, "device_queued": 1585499680.1136932, "device_end": 1585499680.1137226, "host_queued_end": 1585499743.019052}, "device": "gpu", "nd_range": {"device_start": 1585499680.1137283, "device_end": 1585499680.113991}, "cmdq": 0, "read": {"device_start": -1, "device_end": -1}}, "FFC_sans_bias22": {"write": {"device_start": -1, "host_queued_start": 1585499743.008216, "device_queued": -1, "device_end": -1, "host_queued_end": 1585499743.019052}, "device": "gpu", "nd_range": {"device_start": 1585499680.115115, "device_end": 1585499680.1153224}, "cmdq": 2, "read": {"device_start": -1, "device_end": -1}}, "softmax68": {"write": {"device_start": -1, "host_queued_start": 1585499743.011813, "device_queued": -1, "device_end": -1, "host_queued_end": 1585499743.019052}, "device": "gpu", "nd_range": {"device_start": 1585499680.1157622, "device_end": 1585499680.1159222}, "cmdq": 3, "read": {"device_start": -1, "device_end": -1}}, "softmax5": {"write": {"device_start": -1, "host_queued_start": 1585499743.010065, "device_queued": -1, "device_end": -1, "host_queued_end": 1585499743.019052}, "device": "gpu", "nd_range": {"device_start": 1585499680.1153555, "device_end": 1585499680.1156821}, "cmdq": 0, "read": {"device_start": -1, "device_end": -1}}, "FFC_sans_bias28": {"write": {"device_start": 1585499680.1138852, "host_queued_start": 1585499742.997116, "device_queued": 1585499680.1137545, "device_end": 1585499680.1138937, "host_queued_end": 1585499743.019052}, "device": "gpu", "nd_range": {"device_start": 1585499680.113895, "device_end": 1585499680.114093}, "cmdq": 2, "read": {"device_start": -1, "device_end": -1}}, "FFC_sans_bias29": {"write": {"device_start": 1585499680.1138997, "host_queued_start": 1585499742.997615, "device_queued": 1585499680.1137779, "device_end": 1585499680.1139083, "host_queued_end": 1585499743.019052}, "device": "gpu", "nd_range": {"device_start": 1585499680.1139092, "device_end": 1585499680.114186}, "cmdq": 3, "read": {"device_start": -1, "device_end": -1}}, "empty17": {"write": {"device_start": 1585499680.1130774, "host_queued_start": 1585499742.989058, "device_queued": 1585499680.1129854, "device_end": 1585499680.1130857, "host_queued_end": 1585499743.019052}, "device": "gpu", "nd_range": {"device_start": 1585499680.1130872, "device_end": 1585499680.1131036}, "cmdq": 1, "read": {"device_start": -1, "device_end": -1}}, "softmax59": {"write": {"device_start": -1, "host_queued_start": 1585499743.011562, "device_queued": -1, "device_end": -1, "host_queued_end": 1585499743.019052}, "device": "gpu", "nd_range": {"device_start": 1585499680.1157546, "device_end": 1585499680.1159043}, "cmdq": 2, "read": {"device_start": -1, "device_end": -1}}, "empty71": {"write": {"device_start": 1585499680.113263, "host_queued_start": 1585499742.99143, "device_queued": 1585499680.1131992, "device_end": 1585499680.1132724, "host_queued_end": 1585499743.019052}, "device": "gpu", "nd_range": {"device_start": 1585499680.1132736, "device_end": 1585499680.1132784}, "cmdq": 3, "read": {"device_start": -1, "device_end": -1}}, "empty35": {"write": {"device_start": 1585499680.113108, "host_queued_start": 1585499742.989891, "device_queued": 1585499680.1130507, "device_end": 1585499680.1131165, "host_queued_end": 1585499743.019052}, "device": "gpu", "nd_range": {"device_start": 1585499680.1131175, "device_end": 1585499680.113122}, "cmdq": 3, "read": {"device_start": -1, "device_end": -1}}, "empty53": {"write": {"device_start": 1585499680.1132321, "host_queued_start": 1585499742.990692, "device_queued": 1585499680.1131449, "device_end": 1585499680.113241, "host_queued_end": 1585499743.019052}, "device": "gpu", "nd_range": {"device_start": 1585499680.1132421, "device_end": 1585499680.113276}, "cmdq": 1, "read": {"device_start": -1, "device_end": -1}}, "FFC_sans_bias46": {"write": {"device_start": 1585499680.114205, "host_queued_start": 1585499743.000106, "device_queued": 1585499680.1140947, "device_end": 1585499680.1142132, "host_queued_end": 1585499743.019052}, "device": "gpu", "nd_range": {"device_start": 1585499680.1142144, "device_end": 1585499680.1146324}, "cmdq": 0, "read": {"device_start": -1, "device_end": -1}}, "coalesced_transpose66": {"write": {"device_start": -1, "host_queued_start": 1585499743.007246, "device_queued": -1, "device_end": -1, "host_queued_end": 1585499743.019052}, "device": "gpu", "nd_range": {"device_start": 1585499680.115091, "device_end": 1585499680.1151085}, "cmdq": 3, "read": {"device_start": -1, "device_end": -1}}, "coalesced_transpose48": {"write": {"device_start": -1, "host_queued_start": 1585499743.006641, "device_queued": -1, "device_end": -1, "host_queued_end": 1585499743.019052}, "device": "gpu", "nd_range": {"device_start": 1585499680.1149588, "device_end": 1585499680.114972}, "cmdq": 1, "read": {"device_start": -1, "device_end": -1}}}