{"FFC_sans_bias60": {"write": {"device_start": -1, "host_queued_start": 1585499903.568036, "device_queued": -1, "device_end": -1, "host_queued_end": 1585499903.570418}, "device": "gpu", "nd_range": {"device_start": 1585499840.6606352, "device_end": 1585499840.660829}, "cmdq": 0, "read": {"device_start": -1, "device_end": -1}}, "FFC_sans_bias4": {"write": {"device_start": -1, "host_queued_start": 1585499903.580214, "device_queued": -1, "device_end": -1, "host_queued_end": 1585499903.585322}, "device": "cpu", "nd_range": {"device_start": 2167677.781360925, "device_end": 2167677.7825736213}, "cmdq": 2, "read": {"device_start": -1, "device_end": -1}}, "FFC_sans_bias7": {"write": {"device_start": -1, "host_queued_start": 1585499903.583937, "device_queued": -1, "device_end": -1, "host_queued_end": 1585499903.585322}, "device": "cpu", "nd_range": {"device_start": 2167677.78528915, "device_end": 2167677.786491667}, "cmdq": 2, "read": {"device_start": -1, "device_end": -1}}, "FFC_sans_bias6": {"write": {"device_start": -1, "host_queued_start": 1585499903.58248, "device_queued": -1, "device_end": -1, "host_queued_end": 1585499903.585322}, "device": "cpu", "nd_range": {"device_start": 2167677.7837086273, "device_end": 2167677.784801518}, "cmdq": 1, "read": {"device_start": -1, "device_end": -1}}, "FFC_sans_bias1": {"write": {"device_start": -1, "host_queued_start": 1585499903.573544, "device_queued": -1, "device_end": -1, "host_queued_end": 1585499903.585322}, "device": "cpu", "nd_range": {"device_start": 2167677.774940196, "device_end": 2167677.7760909023}, "cmdq": 2, "read": {"device_start": -1, "device_end": -1}}, "FFC_sans_bias0": {"write": {"device_start": -1, "host_queued_start": 1585499903.573042, "device_queued": -1, "device_end": -1, "host_queued_end": 1585499903.585322}, "device": "cpu", "nd_range": {"device_start": 2167677.774962755, "device_end": 2167677.776440094}, "cmdq": 1, "read": {"device_start": -1, "device_end": -1}}, "FFC_sans_bias2": {"write": {"device_start": -1, "host_queued_start": 1585499903.574042, "device_queued": -1, "device_end": -1, "host_queued_end": 1585499903.585322}, "device": "cpu", "nd_range": {"device_start": 2167677.774946405, "device_end": 2167677.7772683892}, "cmdq": 0, "read": {"device_start": -1, "device_end": -1}}, "FFC_sans_bias61": {"write": {"device_start": 1585499840.6607397, "host_queued_start": 1585499903.569816, "device_queued": 1585499840.6603923, "device_end": 1585499840.6607482, "host_queued_end": 1585499903.570418}, "device": "gpu", "nd_range": {"device_start": 1585499840.6608782, "device_end": 1585499840.6610765}, "cmdq": 4, "read": {"device_start": 1585499840.6612725, "device_end": 1585499840.6612887}}, "FFC_sans_bias52": {"write": {"device_start": 1585499840.6608622, "host_queued_start": 1585499903.569308, "device_queued": 1585499840.6603703, "device_end": 1585499840.6608708, "host_queued_end": 1585499903.570418}, "device": "gpu", "nd_range": {"device_start": 1585499840.6608734, "device_end": 1585499840.6609857}, "cmdq": 3, "read": {"device_start": 1585499840.66099, "device_end": 1585499840.6609974}}, "FFC_sans_bias9": {"write": {"device_start": -1, "host_queued_start": 1585499903.574545, "device_queued": -1, "device_end": -1, "host_queued_end": 1585499903.585322}, "device": "cpu", "nd_range": {"device_start": 2167677.776446662, "device_end": 2167677.778242223}, "cmdq": 1, "read": {"device_start": -1, "device_end": -1}}, "coalesced_transpose39": {"write": {"device_start": -1, "host_queued_start": 1585499903.564356, "device_queued": -1, "device_end": -1, "host_queued_end": 1585499903.570418}, "device": "gpu", "nd_range": {"device_start": 1585499840.6600513, "device_end": 1585499840.66024}, "cmdq": 1, "read": {"device_start": -1, "device_end": -1}}, "FFC_sans_bias55": {"write": {"device_start": 1585499840.6598709, "host_queued_start": 1585499903.562554, "device_queued": 1585499840.6598473, "device_end": 1585499840.6598794, "host_queued_end": 1585499903.570418}, "device": "gpu", "nd_range": {"device_start": 1585499840.659957, "device_end": 1585499840.6601279}, "cmdq": 2, "read": {"device_start": -1, "device_end": -1}}, "FFC_sans_bias54": {"write": {"device_start": 1585499840.659845, "host_queued_start": 1585499903.56206, "device_queued": 1585499840.659822, "device_end": 1585499840.6598544, "host_queued_end": 1585499903.570418}, "device": "gpu", "nd_range": {"device_start": 1585499840.6599312, "device_end": 1585499840.6600444}, "cmdq": 1, "read": {"device_start": -1, "device_end": -1}}, "FFC_sans_bias56": {"write": {"device_start": 1585499840.659799, "host_queued_start": 1585499903.561573, "device_queued": 1585499840.659773, "device_end": 1585499840.6598077, "host_queued_end": 1585499903.570418}, "device": "gpu", "nd_range": {"device_start": 1585499840.6598136, "device_end": 1585499840.660018}, "cmdq": 0, "read": {"device_start": -1, "device_end": -1}}, "FFC_sans_bias51": {"write": {"device_start": -1, "host_queued_start": 1585499903.567767, "device_queued": -1, "device_end": -1, "host_queued_end": 1585499903.570418}, "device": "gpu", "nd_range": {"device_start": 1585499840.6606286, "device_end": 1585499840.660737}, "cmdq": 4, "read": {"device_start": -1, "device_end": -1}}, "softmax23": {"write": {"device_start": -1, "host_queued_start": 1585499903.581916, "device_queued": -1, "device_end": -1, "host_queued_end": 1585499903.585322}, "device": "cpu", "nd_range": {"device_start": 2167677.783909808, "device_end": 2167677.783970905}, "cmdq": 2, "read": {"device_start": -1, "device_end": -1}}, "FFC_sans_bias37": {"write": {"device_start": 1585499840.659478, "host_queued_start": 1585499903.558982, "device_queued": 1585499840.659452, "device_end": 1585499840.6594865, "host_queued_end": 1585499903.570418}, "device": "gpu", "nd_range": {"device_start": 1585499840.659491, "device_end": 1585499840.6596048}, "cmdq": 0, "read": {"device_start": -1, "device_end": -1}}, "empty62": {"write": {"device_start": 1585499840.6593523, "host_queued_start": 1585499903.557483, "device_queued": 1585499840.6593268, "device_end": 1585499840.6593618, "host_queued_end": 1585499903.570418}, "device": "gpu", "nd_range": {"device_start": 1585499840.6594243, "device_end": 1585499840.6594276}, "cmdq": 2, "read": {"device_start": -1, "device_end": -1}}, "FFC_sans_bias70": {"write": {"device_start": 1585499840.66083, "host_queued_start": 1585499903.570323, "device_queued": 1585499840.6605756, "device_end": 1585499840.6608431, "host_queued_end": 1585499903.570418}, "device": "gpu", "nd_range": {"device_start": 1585499840.6610892, "device_end": 1585499840.6612222}, "cmdq": 0, "read": {"device_start": 1585499840.66123, "device_end": 1585499840.6612437}}, "FFC_sans_bias58": {"write": {"device_start": -1, "host_queued_start": 1585499903.566023, "device_queued": -1, "device_end": -1, "host_queued_end": 1585499903.570418}, "device": "gpu", "nd_range": {"device_start": 1585499840.6603014, "device_end": 1585499840.6605108}, "cmdq": 2, "read": {"device_start": -1, "device_end": -1}}, "softmax41": {"write": {"device_start": -1, "host_queued_start": 1585499903.566524, "device_queued": -1, "device_end": -1, "host_queued_end": 1585499903.570418}, "device": "gpu", "nd_range": {"device_start": 1585499840.660412, "device_end": 1585499840.660625}, "cmdq": 4, "read": {"device_start": -1, "device_end": -1}}, "FFC_sans_bias11": {"write": {"device_start": -1, "host_queued_start": 1585499903.575576, "device_queued": -1, "device_end": -1, "host_queued_end": 1585499903.585322}, "device": "cpu", "nd_range": {"device_start": 2167677.777276812, "device_end": 2167677.778719615}, "cmdq": 0, "read": {"device_start": -1, "device_end": -1}}, "FFC_sans_bias10": {"write": {"device_start": -1, "host_queued_start": 1585499903.575068, "device_queued": -1, "device_end": -1, "host_queued_end": 1585499903.585322}, "device": "cpu", "nd_range": {"device_start": 2167677.7760972483, "device_end": 2167677.777301201}, "cmdq": 2, "read": {"device_start": -1, "device_end": -1}}, "coalesced_transpose3": {"write": {"device_start": -1, "host_queued_start": 1585499903.578916, "device_queued": -1, "device_end": -1, "host_queued_end": 1585499903.585322}, "device": "cpu", "nd_range": {"device_start": 2167677.781158599, "device_end": 2167677.781212522}, "cmdq": 1, "read": {"device_start": -1, "device_end": -1}}, "FFC_sans_bias34": {"write": {"device_start": -1, "host_queued_start": 1585499903.585279, "device_queued": -1, "device_end": -1, "host_queued_end": 1585499903.585322}, "device": "cpu", "nd_range": {"device_start": 2167677.7864949782, "device_end": 2167677.787839265}, "cmdq": 2, "read": {"device_start": -1, "device_end": -1}}, "FFC_sans_bias15": {"write": {"device_start": -1, "host_queued_start": 1585499903.582809, "device_queued": -1, "device_end": -1, "host_queued_end": 1585499903.585322}, "device": "cpu", "nd_range": {"device_start": 2167677.784082733, "device_end": 2167677.7851824514}, "cmdq": 2, "read": {"device_start": -1, "device_end": -1}}, "FFC_sans_bias31": {"write": {"device_start": -1, "host_queued_start": 1585499903.581163, "device_queued": -1, "device_end": -1, "host_queued_end": 1585499903.585322}, "device": "cpu", "nd_range": {"device_start": 2167677.782812213, "device_end": 2167677.7837970234}, "cmdq": 2, "read": {"device_start": -1, "device_end": -1}}, "FFC_sans_bias16": {"write": {"device_start": -1, "host_queued_start": 1585499903.584387, "device_queued": -1, "device_end": -1, "host_queued_end": 1585499903.585322}, "device": "cpu", "nd_range": {"device_start": 2167677.786099115, "device_end": 2167677.787299849}, "cmdq": 0, "read": {"device_start": -1, "device_end": -1}}, "FFC_sans_bias19": {"write": {"device_start": -1, "host_queued_start": 1585499903.576578, "device_queued": -1, "device_end": -1, "host_queued_end": 1585499903.585322}, "device": "cpu", "nd_range": {"device_start": 2167677.777306316, "device_end": 2167677.778266053}, "cmdq": 2, "read": {"device_start": -1, "device_end": -1}}, "FFC_sans_bias18": {"write": {"device_start": -1, "host_queued_start": 1585499903.576077, "device_queued": -1, "device_end": -1, "host_queued_end": 1585499903.585322}, "device": "cpu", "nd_range": {"device_start": 2167677.77824676, "device_end": 2167677.77969064}, "cmdq": 1, "read": {"device_start": -1, "device_end": -1}}, "coalesced_transpose30": {"write": {"device_start": -1, "host_queued_start": 1585499903.57991, "device_queued": -1, "device_end": -1, "host_queued_end": 1585499903.585322}, "device": "cpu", "nd_range": {"device_start": 2167677.781330983, "device_end": 2167677.78138301}, "cmdq": 1, "read": {"device_start": -1, "device_end": -1}}, "FFC_sans_bias69": {"write": {"device_start": -1, "host_queued_start": 1585499903.568325, "device_queued": -1, "device_end": -1, "host_queued_end": 1585499903.570418}, "device": "gpu", "nd_range": {"device_start": 1585499840.6608837, "device_end": 1585499840.6610835}, "cmdq": 1, "read": {"device_start": -1, "device_end": -1}}, "FFC_sans_bias38": {"write": {"device_start": 1585499840.6595259, "host_queued_start": 1585499903.559474, "device_queued": 1585499840.659499, "device_end": 1585499840.659537, "host_queued_end": 1585499903.570418}, "device": "gpu", "nd_range": {"device_start": 1585499840.6596317, "device_end": 1585499840.6597407}, "cmdq": 1, "read": {"device_start": -1, "device_end": -1}}, "coalesced_transpose57": {"write": {"device_start": -1, "host_queued_start": 1585499903.56489, "device_queued": -1, "device_end": -1, "host_queued_end": 1585499903.570418}, "device": "gpu", "nd_range": {"device_start": 1585499840.660172, "device_end": 1585499840.660244}, "cmdq": 3, "read": {"device_start": -1, "device_end": -1}}, "empty26": {"write": {"device_start": -1, "host_queued_start": 1585499903.572001, "device_queued": -1, "device_end": -1, "host_queued_end": 1585499903.585322}, "device": "cpu", "nd_range": {"device_start": 2167677.774911359, "device_end": 2167677.774921888}, "cmdq": 2, "read": {"device_start": -1, "device_end": -1}}, "coalesced_transpose12": {"write": {"device_start": -1, "host_queued_start": 1585499903.579298, "device_queued": -1, "device_end": -1, "host_queued_end": 1585499903.585322}, "device": "cpu", "nd_range": {"device_start": 2167677.77976848, "device_end": 2167677.780091497}, "cmdq": 2, "read": {"device_start": -1, "device_end": -1}}, "empty44": {"write": {"device_start": 1585499840.659256, "host_queued_start": 1585499903.556483, "device_queued": 1585499840.6592038, "device_end": 1585499840.6592643, "host_queued_end": 1585499903.570418}, "device": "gpu", "nd_range": {"device_start": 1585499840.6592786, "device_end": 1585499840.6592908}, "cmdq": 0, "read": {"device_start": -1, "device_end": -1}}, "coalesced_transpose21": {"write": {"device_start": -1, "host_queued_start": 1585499903.579605, "device_queued": -1, "device_end": -1, "host_queued_end": 1585499903.585322}, "device": "cpu", "nd_range": {"device_start": 2167677.781574075, "device_end": 2167677.7816292173}, "cmdq": 0, "read": {"device_start": -1, "device_end": -1}}, "FFC_sans_bias36": {"write": {"device_start": 1585499840.6594086, "host_queued_start": 1585499903.558425, "device_queued": 1585499840.6593845, "device_end": 1585499840.6594172, "host_queued_end": 1585499903.570418}, "device": "gpu", "nd_range": {"device_start": 1585499840.6594439, "device_end": 1585499840.6595523}, "cmdq": 4, "read": {"device_start": -1, "device_end": -1}}, "softmax14": {"write": {"device_start": -1, "host_queued_start": 1585499903.581681, "device_queued": -1, "device_end": -1, "host_queued_end": 1585499903.585322}, "device": "cpu", "nd_range": {"device_start": 2167677.783552435, "device_end": 2167677.7835992333}, "cmdq": 1, "read": {"device_start": -1, "device_end": -1}}, "FFC_sans_bias13": {"write": {"device_start": -1, "host_queued_start": 1585499903.580534, "device_queued": -1, "device_end": -1, "host_queued_end": 1585499903.585322}, "device": "cpu", "nd_range": {"device_start": 2167677.7816448472, "device_end": 2167677.782989311}, "cmdq": 0, "read": {"device_start": -1, "device_end": -1}}, "empty8": {"write": {"device_start": -1, "host_queued_start": 1585499903.57108, "device_queued": -1, "device_end": -1, "host_queued_end": 1585499903.585322}, "device": "cpu", "nd_range": {"device_start": 2167677.7749114283, "device_end": 2167677.7749218903}, "cmdq": 0, "read": {"device_start": -1, "device_end": -1}}, "FFC_sans_bias42": {"write": {"device_start": -1, "host_queued_start": 1585499903.56748, "device_queued": -1, "device_end": -1, "host_queued_end": 1585499903.570418}, "device": "gpu", "nd_range": {"device_start": 1585499840.660648, "device_end": 1585499840.660861}, "cmdq": 3, "read": {"device_start": -1, "device_end": -1}}, "FFC_sans_bias43": {"write": {"device_start": 1585499840.6608481, "host_queued_start": 1585499903.568796, "device_queued": 1585499840.6603482, "device_end": 1585499840.660857, "host_queued_end": 1585499903.570418}, "device": "gpu", "nd_range": {"device_start": 1585499840.6608868, "device_end": 1585499840.6611805}, "cmdq": 2, "read": {"device_start": 1585499840.6611817, "device_end": 1585499840.6611893}}, "FFC_sans_bias40": {"write": {"device_start": -1, "host_queued_start": 1585499903.56546, "device_queued": -1, "device_end": -1, "host_queued_end": 1585499903.570418}, "device": "gpu", "nd_range": {"device_start": 1585499840.6602929, "device_end": 1585499840.6604075}, "cmdq": 0, "read": {"device_start": -1, "device_end": -1}}, "softmax32": {"write": {"device_start": -1, "host_queued_start": 1585499903.582167, "device_queued": -1, "device_end": -1, "host_queued_end": 1585499903.585322}, "device": "cpu", "nd_range": {"device_start": 2167677.7842706023, "device_end": 2167677.784317912}, "cmdq": 0, "read": {"device_start": -1, "device_end": -1}}, "FFC_sans_bias47": {"write": {"device_start": 1585499840.659621, "host_queued_start": 1585499903.561085, "device_queued": 1585499840.6595964, "device_end": 1585499840.6596293, "host_queued_end": 1585499903.570418}, "device": "gpu", "nd_range": {"device_start": 1585499840.6596668, "device_end": 1585499840.6599414}, "cmdq": 4, "read": {"device_start": -1, "device_end": -1}}, "FFC_sans_bias45": {"write": {"device_start": 1585499840.6595623, "host_queued_start": 1585499903.559962, "device_queued": 1585499840.6595268, "device_end": 1585499840.659577, "host_queued_end": 1585499903.570418}, "device": "gpu", "nd_range": {"device_start": 1585499840.6596437, "device_end": 1585499840.659834}, "cmdq": 2, "read": {"device_start": -1, "device_end": -1}}, "softmax50": {"write": {"device_start": -1, "host_queued_start": 1585499903.566773, "device_queued": -1, "device_end": -1, "host_queued_end": 1585499903.570418}, "device": "gpu", "nd_range": {"device_start": 1585499840.6605074, "device_end": 1585499840.6605854}, "cmdq": 0, "read": {"device_start": -1, "device_end": -1}}, "FFC_sans_bias33": {"write": {"device_start": -1, "host_queued_start": 1585499903.58344, "device_queued": -1, "device_end": -1, "host_queued_end": 1585499903.585322}, "device": "cpu", "nd_range": {"device_start": 2167677.784911285, "device_end": 2167677.7864728663}, "cmdq": 1, "read": {"device_start": -1, "device_end": -1}}, "FFC_sans_bias63": {"write": {"device_start": 1585499840.6600204, "host_queued_start": 1585499903.564069, "device_queued": 1585499840.6599898, "device_end": 1585499840.6600287, "host_queued_end": 1585499903.570418}, "device": "gpu", "nd_range": {"device_start": 1585499840.6600356, "device_end": 1585499840.6602914}, "cmdq": 0, "read": {"device_start": -1, "device_end": -1}}, "FFC_sans_bias49": {"write": {"device_start": -1, "host_queued_start": 1585499903.565735, "device_queued": -1, "device_end": -1, "host_queued_end": 1585499903.570418}, "device": "gpu", "nd_range": {"device_start": 1585499840.6602974, "device_end": 1585499840.6605024}, "cmdq": 1, "read": {"device_start": -1, "device_end": -1}}, "FFC_sans_bias64": {"write": {"device_start": 1585499840.6598957, "host_queued_start": 1585499903.563093, "device_queued": 1585499840.659871, "device_end": 1585499840.6599073, "host_queued_end": 1585499903.570418}, "device": "gpu", "nd_range": {"device_start": 1585499840.6599643, "device_end": 1585499840.6601706}, "cmdq": 3, "read": {"device_start": -1, "device_end": -1}}, "FFC_sans_bias65": {"write": {"device_start": 1585499840.6599438, "host_queued_start": 1585499903.563581, "device_queued": 1585499840.6598961, "device_end": 1585499840.6599524, "host_queued_end": 1585499903.570418}, "device": "gpu", "nd_range": {"device_start": 1585499840.659975, "device_end": 1585499840.6602461}, "cmdq": 4, "read": {"device_start": -1, "device_end": -1}}, "FFC_sans_bias67": {"write": {"device_start": -1, "host_queued_start": 1585499903.566315, "device_queued": -1, "device_end": -1, "host_queued_end": 1585499903.570418}, "device": "gpu", "nd_range": {"device_start": 1585499840.660306, "device_end": 1585499840.6606116}, "cmdq": 3, "read": {"device_start": -1, "device_end": -1}}, "FFC_sans_bias24": {"write": {"device_start": -1, "host_queued_start": 1585499903.583126, "device_queued": -1, "device_end": -1, "host_queued_end": 1585499903.585322}, "device": "cpu", "nd_range": {"device_start": 2167677.784430109, "device_end": 2167677.7859920342}, "cmdq": 0, "read": {"device_start": -1, "device_end": -1}}, "FFC_sans_bias25": {"write": {"device_start": -1, "host_queued_start": 1585499903.584834, "device_queued": -1, "device_end": -1, "host_queued_end": 1585499903.585322}, "device": "cpu", "nd_range": {"device_start": 2167677.786479568, "device_end": 2167677.787811031}, "cmdq": 1, "read": {"device_start": -1, "device_end": -1}}, "FFC_sans_bias27": {"write": {"device_start": -1, "host_queued_start": 1585499903.577579, "device_queued": -1, "device_end": -1, "host_queued_end": 1585499903.585322}, "device": "cpu", "nd_range": {"device_start": 2167677.779695121, "device_end": 2167677.781027317}, "cmdq": 1, "read": {"device_start": -1, "device_end": -1}}, "FFC_sans_bias20": {"write": {"device_start": -1, "host_queued_start": 1585499903.577084, "device_queued": -1, "device_end": -1, "host_queued_end": 1585499903.585322}, "device": "cpu", "nd_range": {"device_start": 2167677.779106631, "device_end": 2167677.7807286703}, "cmdq": 0, "read": {"device_start": -1, "device_end": -1}}, "FFC_sans_bias22": {"write": {"device_start": -1, "host_queued_start": 1585499903.580854, "device_queued": -1, "device_end": -1, "host_queued_end": 1585499903.585322}, "device": "cpu", "nd_range": {"device_start": 2167677.781861566, "device_end": 2167677.783429907}, "cmdq": 1, "read": {"device_start": -1, "device_end": -1}}, "softmax68": {"write": {"device_start": -1, "host_queued_start": 1585499903.567199, "device_queued": -1, "device_end": -1, "host_queued_end": 1585499903.570418}, "device": "gpu", "nd_range": {"device_start": 1585499840.6606424, "device_end": 1585499840.6608472}, "cmdq": 2, "read": {"device_start": -1, "device_end": -1}}, "softmax5": {"write": {"device_start": -1, "host_queued_start": 1585499903.58143, "device_queued": -1, "device_end": -1, "host_queued_end": 1585499903.585322}, "device": "cpu", "nd_range": {"device_start": 2167677.783100061, "device_end": 2167677.783156619}, "cmdq": 0, "read": {"device_start": -1, "device_end": -1}}, "FFC_sans_bias28": {"write": {"device_start": -1, "host_queued_start": 1585499903.578078, "device_queued": -1, "device_end": -1, "host_queued_end": 1585499903.585322}, "device": "cpu", "nd_range": {"device_start": 2167677.778270681, "device_end": 2167677.779717662}, "cmdq": 2, "read": {"device_start": -1, "device_end": -1}}, "FFC_sans_bias29": {"write": {"device_start": -1, "host_queued_start": 1585499903.578598, "device_queued": -1, "device_end": -1, "host_queued_end": 1585499903.585322}, "device": "cpu", "nd_range": {"device_start": 2167677.780836876, "device_end": 2167677.7815637263}, "cmdq": 0, "read": {"device_start": -1, "device_end": -1}}, "empty17": {"write": {"device_start": -1, "host_queued_start": 1585499903.571586, "device_queued": -1, "device_end": -1, "host_queued_end": 1585499903.585322}, "device": "cpu", "nd_range": {"device_start": 2167677.774942392, "device_end": 2167677.774946811}, "cmdq": 1, "read": {"device_start": -1, "device_end": -1}}, "softmax59": {"write": {"device_start": -1, "host_queued_start": 1585499903.566995, "device_queued": -1, "device_end": -1, "host_queued_end": 1585499903.570418}, "device": "gpu", "nd_range": {"device_start": 1585499840.6605191, "device_end": 1585499840.6605954}, "cmdq": 1, "read": {"device_start": -1, "device_end": -1}}, "empty71": {"write": {"device_start": 1585499840.6593816, "host_queued_start": 1585499903.55788, "device_queued": 1585499840.6593542, "device_end": 1585499840.6593902, "host_queued_end": 1585499903.570418}, "device": "gpu", "nd_range": {"device_start": 1585499840.659432, "device_end": 1585499840.6594353}, "cmdq": 3, "read": {"device_start": -1, "device_end": -1}}, "empty35": {"write": {"device_start": -1, "host_queued_start": 1585499903.572451, "device_queued": -1, "device_end": -1, "host_queued_end": 1585499903.585322}, "device": "cpu", "nd_range": {"device_start": 2167677.7749402924, "device_end": 2167677.7749411073}, "cmdq": 0, "read": {"device_start": -1, "device_end": -1}}, "empty53": {"write": {"device_start": 1585499840.6593251, "host_queued_start": 1585499903.557081, "device_queued": 1585499840.659301, "device_end": 1585499840.659334, "host_queued_end": 1585499903.570418}, "device": "gpu", "nd_range": {"device_start": 1585499840.6594193, "device_end": 1585499840.6594226}, "cmdq": 1, "read": {"device_start": -1, "device_end": -1}}, "FFC_sans_bias46": {"write": {"device_start": 1585499840.659595, "host_queued_start": 1585499903.560446, "device_queued": 1585499840.6595635, "device_end": 1585499840.6596036, "host_queued_end": 1585499903.570418}, "device": "gpu", "nd_range": {"device_start": 1585499840.6596558, "device_end": 1585499840.6598556}, "cmdq": 3, "read": {"device_start": -1, "device_end": -1}}, "coalesced_transpose66": {"write": {"device_start": -1, "host_queued_start": 1585499903.56516, "device_queued": -1, "device_end": -1, "host_queued_end": 1585499903.570418}, "device": "gpu", "nd_range": {"device_start": 1585499840.6602478, "device_end": 1585499840.660254}, "cmdq": 4, "read": {"device_start": -1, "device_end": -1}}, "coalesced_transpose48": {"write": {"device_start": -1, "host_queued_start": 1585499903.564636, "device_queued": -1, "device_end": -1, "host_queued_end": 1585499903.570418}, "device": "gpu", "nd_range": {"device_start": 1585499840.6601288, "device_end": 1585499840.660242}, "cmdq": 2, "read": {"device_start": -1, "device_end": -1}}}