{"FFC_sans_bias60": {"write": {"device_start": -1, "host_queued_start": 1585499831.365667, "device_queued": -1, "device_end": -1, "host_queued_end": 1585499831.369574}, "device": "gpu", "nd_range": {"device_start": 1585499768.4630806, "device_end": 1585499768.4632869}, "cmdq": 2, "read": {"device_start": -1, "device_end": -1}}, "FFC_sans_bias4": {"write": {"device_start": -1, "host_queued_start": 1585499831.372968, "device_queued": -1, "device_end": -1, "host_queued_end": 1585499831.374277}, "device": "cpu", "nd_range": {"device_start": 2167605.565468592, "device_end": 2167605.576718035}, "cmdq": 0, "read": {"device_start": -1, "device_end": -1}}, "FFC_sans_bias7": {"write": {"device_start": -1, "host_queued_start": 1585499831.374231, "device_queued": -1, "device_end": -1, "host_queued_end": 1585499831.374277}, "device": "cpu", "nd_range": {"device_start": 2167605.577378694, "device_end": 2167605.577925532}, "cmdq": 3, "read": {"device_start": -1, "device_end": -1}}, "FFC_sans_bias6": {"write": {"device_start": -1, "host_queued_start": 1585499831.373714, "device_queued": -1, "device_end": -1, "host_queued_end": 1585499831.374277}, "device": "cpu", "nd_range": {"device_start": 2167605.576767941, "device_end": 2167605.577372576}, "cmdq": 2, "read": {"device_start": -1, "device_end": -1}}, "FFC_sans_bias1": {"write": {"device_start": -1, "host_queued_start": 1585499831.371569, "device_queued": -1, "device_end": -1, "host_queued_end": 1585499831.374277}, "device": "cpu", "nd_range": {"device_start": 2167605.563858191, "device_end": 2167605.565359591}, "cmdq": 2, "read": {"device_start": -1, "device_end": -1}}, "FFC_sans_bias0": {"write": {"device_start": -1, "host_queued_start": 1585499831.371008, "device_queued": -1, "device_end": -1, "host_queued_end": 1585499831.374277}, "device": "cpu", "nd_range": {"device_start": 2167605.563856847, "device_end": 2167605.564989861}, "cmdq": 1, "read": {"device_start": -1, "device_end": -1}}, "FFC_sans_bias2": {"write": {"device_start": -1, "host_queued_start": 1585499831.372172, "device_queued": -1, "device_end": -1, "host_queued_end": 1585499831.374277}, "device": "cpu", "nd_range": {"device_start": 2167605.563865167, "device_end": 2167605.572014553}, "cmdq": 3, "read": {"device_start": -1, "device_end": -1}}, "FFC_sans_bias61": {"write": {"device_start": 1585499768.4635239, "host_queued_start": 1585499831.368969, "device_queued": 1585499768.4628968, "device_end": 1585499768.4635365, "host_queued_end": 1585499831.369574}, "device": "gpu", "nd_range": {"device_start": 1585499768.4635386, "device_end": 1585499768.4637253}, "cmdq": 1, "read": {"device_start": 1585499768.4637437, "device_end": 1585499768.463761}}, "FFC_sans_bias52": {"write": {"device_start": 1585499768.46348, "host_queued_start": 1585499831.368467, "device_queued": 1585499768.4628434, "device_end": 1585499768.4634888, "host_queued_end": 1585499831.369574}, "device": "gpu", "nd_range": {"device_start": 1585499768.4634922, "device_end": 1585499768.4636064}, "cmdq": 0, "read": {"device_start": 1585499768.4636416, "device_end": 1585499768.4636521}}, "FFC_sans_bias9": {"write": {"device_start": 1585499768.4608178, "host_queued_start": 1585499831.347861, "device_queued": 1585499768.460791, "device_end": 1585499768.4608262, "host_queued_end": 1585499831.369574}, "device": "gpu", "nd_range": {"device_start": 1585499768.4608457, "device_end": 1585499768.4609678}, "cmdq": 3, "read": {"device_start": -1, "device_end": -1}}, "coalesced_transpose39": {"write": {"device_start": -1, "host_queued_start": 1585499831.359279, "device_queued": -1, "device_end": -1, "host_queued_end": 1585499831.369574}, "device": "gpu", "nd_range": {"device_start": 1585499768.462283, "device_end": 1585499768.462292}, "cmdq": 3, "read": {"device_start": -1, "device_end": -1}}, "FFC_sans_bias55": {"write": {"device_start": 1585499768.4618285, "host_queued_start": 1585499831.356615, "device_queued": 1585499768.4617147, "device_end": 1585499768.461837, "host_queued_end": 1585499831.369574}, "device": "gpu", "nd_range": {"device_start": 1585499768.4618385, "device_end": 1585499768.4621053}, "cmdq": 0, "read": {"device_start": -1, "device_end": -1}}, "FFC_sans_bias54": {"write": {"device_start": 1585499768.461802, "host_queued_start": 1585499831.356118, "device_queued": 1585499768.461655, "device_end": 1585499768.4618118, "host_queued_end": 1585499831.369574}, "device": "gpu", "nd_range": {"device_start": 1585499768.461813, "device_end": 1585499768.4620204}, "cmdq": 3, "read": {"device_start": -1, "device_end": -1}}, "FFC_sans_bias56": {"write": {"device_start": 1585499768.4617167, "host_queued_start": 1585499831.355622, "device_queued": 1585499768.4616327, "device_end": 1585499768.4617257, "host_queued_end": 1585499831.369574}, "device": "gpu", "nd_range": {"device_start": 1585499768.4617271, "device_end": 1585499768.4619784}, "cmdq": 2, "read": {"device_start": -1, "device_end": -1}}, "FFC_sans_bias51": {"write": {"device_start": -1, "host_queued_start": 1585499831.365299, "device_queued": -1, "device_end": -1, "host_queued_end": 1585499831.369574}, "device": "gpu", "nd_range": {"device_start": 1585499768.4629402, "device_end": 1585499768.463144}, "cmdq": 1, "read": {"device_start": -1, "device_end": -1}}, "softmax23": {"write": {"device_start": -1, "host_queued_start": 1585499831.362684, "device_queued": -1, "device_end": -1, "host_queued_end": 1585499831.369574}, "device": "gpu", "nd_range": {"device_start": 1585499768.4627876, "device_end": 1585499768.4628992}, "cmdq": 3, "read": {"device_start": -1, "device_end": -1}}, "FFC_sans_bias37": {"write": {"device_start": 1585499768.4614036, "host_queued_start": 1585499831.353095, "device_queued": 1585499768.4613588, "device_end": 1585499768.4614122, "host_queued_end": 1585499831.369574}, "device": "gpu", "nd_range": {"device_start": 1585499768.4614415, "device_end": 1585499768.4616852}, "cmdq": 1, "read": {"device_start": -1, "device_end": -1}}, "empty62": {"write": {"device_start": 1585499768.4607587, "host_queued_start": 1585499831.34694, "device_queued": 1585499768.4607365, "device_end": 1585499768.460772, "host_queued_end": 1585499831.369574}, "device": "gpu", "nd_range": {"device_start": 1585499768.4608283, "device_end": 1585499768.4608347}, "cmdq": 1, "read": {"device_start": -1, "device_end": -1}}, "FFC_sans_bias70": {"write": {"device_start": 1585499768.4636416, "host_queued_start": 1585499831.369475, "device_queued": 1585499768.462922, "device_end": 1585499768.4636533, "host_queued_end": 1585499831.369574}, "device": "gpu", "nd_range": {"device_start": 1585499768.4636552, "device_end": 1585499768.4638035}, "cmdq": 2, "read": {"device_start": 1585499768.4638126, "device_end": 1585499768.4638195}}, "FFC_sans_bias58": {"write": {"device_start": -1, "host_queued_start": 1585499831.361896, "device_queued": -1, "device_end": -1, "host_queued_end": 1585499831.369574}, "device": "gpu", "nd_range": {"device_start": 1585499768.4624043, "device_end": 1585499768.4626837}, "cmdq": 0, "read": {"device_start": -1, "device_end": -1}}, "softmax41": {"write": {"device_start": -1, "host_queued_start": 1585499831.363131, "device_queued": -1, "device_end": -1, "host_queued_end": 1585499831.369574}, "device": "gpu", "nd_range": {"device_start": 1585499768.4627082, "device_end": 1585499768.4627924}, "cmdq": 1, "read": {"device_start": -1, "device_end": -1}}, "FFC_sans_bias11": {"write": {"device_start": 1585499768.4609303, "host_queued_start": 1585499831.349005, "device_queued": 1585499768.460895, "device_end": 1585499768.4609406, "host_queued_end": 1585499831.369574}, "device": "gpu", "nd_range": {"device_start": 1585499768.461013, "device_end": 1585499768.461121}, "cmdq": 1, "read": {"device_start": -1, "device_end": -1}}, "FFC_sans_bias10": {"write": {"device_start": 1585499768.460876, "host_queued_start": 1585499831.348364, "device_queued": 1585499768.4608533, "device_end": 1585499768.4608846, "host_queued_end": 1585499831.369574}, "device": "gpu", "nd_range": {"device_start": 1585499768.4608889, "device_end": 1585499768.4610062}, "cmdq": 0, "read": {"device_start": -1, "device_end": -1}}, "coalesced_transpose3": {"write": {"device_start": -1, "host_queued_start": 1585499831.372596, "device_queued": -1, "device_end": -1, "host_queued_end": 1585499831.374277}, "device": "cpu", "nd_range": {"device_start": 2167605.56540517, "device_end": 2167605.565460529}, "cmdq": 4, "read": {"device_start": -1, "device_end": -1}}, "FFC_sans_bias34": {"write": {"device_start": 1585499768.463288, "host_queued_start": 1585499831.367466, "device_queued": 1585499768.462648, "device_end": 1585499768.4632971, "host_queued_end": 1585499831.369574}, "device": "gpu", "nd_range": {"device_start": 1585499768.4632995, "device_end": 1585499768.463543}, "cmdq": 2, "read": {"device_start": 1585499768.4635475, "device_end": 1585499768.4635556}}, "FFC_sans_bias15": {"write": {"device_start": -1, "host_queued_start": 1585499831.364131, "device_queued": -1, "device_end": -1, "host_queued_end": 1585499831.369574}, "device": "gpu", "nd_range": {"device_start": 1585499768.4628222, "device_end": 1585499768.4629335}, "cmdq": 1, "read": {"device_start": -1, "device_end": -1}}, "FFC_sans_bias31": {"write": {"device_start": -1, "host_queued_start": 1585499831.361008, "device_queued": -1, "device_end": -1, "host_queued_end": 1585499831.369574}, "device": "gpu", "nd_range": {"device_start": 1585499768.4622889, "device_end": 1585499768.4624968}, "cmdq": 1, "read": {"device_start": -1, "device_end": -1}}, "FFC_sans_bias16": {"write": {"device_start": 1585499768.4631293, "host_queued_start": 1585499831.366447, "device_queued": 1585499768.4624972, "device_end": 1585499768.4631376, "host_queued_end": 1585499831.369574}, "device": "gpu", "nd_range": {"device_start": 1585499768.4631395, "device_end": 1585499768.4633386}, "cmdq": 0, "read": {"device_start": 1585499768.46335, "device_end": 1585499768.4633598}}, "FFC_sans_bias19": {"write": {"device_start": 1585499768.4609911, "host_queued_start": 1585499831.350006, "device_queued": 1585499768.46096, "device_end": 1585499768.461005, "host_queued_end": 1585499831.369574}, "device": "gpu", "nd_range": {"device_start": 1585499768.4611483, "device_end": 1585499768.4612634}, "cmdq": 3, "read": {"device_start": -1, "device_end": -1}}, "FFC_sans_bias18": {"write": {"device_start": 1585499768.4609573, "host_queued_start": 1585499831.349504, "device_queued": 1585499768.4609306, "device_end": 1585499768.4609663, "host_queued_end": 1585499831.369574}, "device": "gpu", "nd_range": {"device_start": 1585499768.4610338, "device_end": 1585499768.461192}, "cmdq": 2, "read": {"device_start": -1, "device_end": -1}}, "coalesced_transpose30": {"write": {"device_start": -1, "host_queued_start": 1585499831.359, "device_queued": -1, "device_end": -1, "host_queued_end": 1585499831.369574}, "device": "gpu", "nd_range": {"device_start": 1585499768.4622142, "device_end": 1585499768.462224}, "cmdq": 2, "read": {"device_start": -1, "device_end": -1}}, "FFC_sans_bias69": {"write": {"device_start": -1, "host_queued_start": 1585499831.36597, "device_queued": -1, "device_end": -1, "host_queued_end": 1585499831.369574}, "device": "gpu", "nd_range": {"device_start": 1585499768.4632368, "device_end": 1585499768.463501}, "cmdq": 3, "read": {"device_start": -1, "device_end": -1}}, "FFC_sans_bias38": {"write": {"device_start": 1585499768.461502, "host_queued_start": 1585499831.353594, "device_queued": 1585499768.4613824, "device_end": 1585499768.4615107, "host_queued_end": 1585499831.369574}, "device": "gpu", "nd_range": {"device_start": 1585499768.461512, "device_end": 1585499768.4617145}, "cmdq": 2, "read": {"device_start": -1, "device_end": -1}}, "coalesced_transpose57": {"write": {"device_start": -1, "host_queued_start": 1585499831.359835, "device_queued": -1, "device_end": -1, "host_queued_end": 1585499831.369574}, "device": "gpu", "nd_range": {"device_start": 1585499768.4622107, "device_end": 1585499768.4622207}, "cmdq": 1, "read": {"device_start": -1, "device_end": -1}}, "empty26": {"write": {"device_start": 1585499768.460609, "host_queued_start": 1585499831.345307, "device_queued": 1585499768.4605823, "device_end": 1585499768.4606175, "host_queued_end": 1585499831.369574}, "device": "gpu", "nd_range": {"device_start": 1585499768.460677, "device_end": 1585499768.460683}, "cmdq": 1, "read": {"device_start": -1, "device_end": -1}}, "coalesced_transpose12": {"write": {"device_start": -1, "host_queued_start": 1585499831.3584, "device_queued": -1, "device_end": -1, "host_queued_end": 1585499831.369574}, "device": "gpu", "nd_range": {"device_start": 1585499768.4621065, "device_end": 1585499768.4622061}, "cmdq": 0, "read": {"device_start": -1, "device_end": -1}}, "empty44": {"write": {"device_start": 1585499768.4606664, "host_queued_start": 1585499831.346133, "device_queued": 1585499768.4606385, "device_end": 1585499768.4606752, "host_queued_end": 1585499831.369574}, "device": "gpu", "nd_range": {"device_start": 1585499768.460688, "device_end": 1585499768.4606915}, "cmdq": 3, "read": {"device_start": -1, "device_end": -1}}, "coalesced_transpose21": {"write": {"device_start": -1, "host_queued_start": 1585499831.358714, "device_queued": -1, "device_end": -1, "host_queued_end": 1585499831.369574}, "device": "gpu", "nd_range": {"device_start": 1585499768.4621358, "device_end": 1585499768.4622095}, "cmdq": 1, "read": {"device_start": -1, "device_end": -1}}, "FFC_sans_bias36": {"write": {"device_start": 1585499768.4613528, "host_queued_start": 1585499831.352596, "device_queued": 1585499768.4613194, "device_end": 1585499768.4613616, "host_queued_end": 1585499831.369574}, "device": "gpu", "nd_range": {"device_start": 1585499768.4613628, "device_end": 1585499768.461603}, "cmdq": 0, "read": {"device_start": -1, "device_end": -1}}, "softmax14": {"write": {"device_start": -1, "host_queued_start": 1585499831.362417, "device_queued": -1, "device_end": -1, "host_queued_end": 1585499831.369574}, "device": "gpu", "nd_range": {"device_start": 1585499768.462603, "device_end": 1585499768.4627979}, "cmdq": 2, "read": {"device_start": -1, "device_end": -1}}, "FFC_sans_bias13": {"write": {"device_start": -1, "host_queued_start": 1585499831.360404, "device_queued": -1, "device_end": -1, "host_queued_end": 1585499831.369574}, "device": "gpu", "nd_range": {"device_start": 1585499768.4622946, "device_end": 1585499768.4625082}, "cmdq": 3, "read": {"device_start": -1, "device_end": -1}}, "empty8": {"write": {"device_start": -1, "host_queued_start": 1585499831.370323, "device_queued": -1, "device_end": -1, "host_queued_end": 1585499831.374277}, "device": "cpu", "nd_range": {"device_start": 2167605.563837612, "device_end": 2167605.56384652}, "cmdq": 0, "read": {"device_start": -1, "device_end": -1}}, "FFC_sans_bias42": {"write": {"device_start": -1, "host_queued_start": 1585499831.365011, "device_queued": -1, "device_end": -1, "host_queued_end": 1585499831.369574}, "device": "gpu", "nd_range": {"device_start": 1585499768.462929, "device_end": 1585499768.4631279}, "cmdq": 0, "read": {"device_start": -1, "device_end": -1}}, "FFC_sans_bias43": {"write": {"device_start": 1585499768.4635034, "host_queued_start": 1585499831.367965, "device_queued": 1585499768.4626727, "device_end": 1585499768.4635158, "host_queued_end": 1585499831.369574}, "device": "gpu", "nd_range": {"device_start": 1585499768.4635181, "device_end": 1585499768.463699}, "cmdq": 3, "read": {"device_start": 1585499768.463704, "device_end": 1585499768.4637175}}, "FFC_sans_bias40": {"write": {"device_start": -1, "host_queued_start": 1585499831.361298, "device_queued": -1, "device_end": -1, "host_queued_end": 1585499831.369574}, "device": "gpu", "nd_range": {"device_start": 1585499768.4622998, "device_end": 1585499768.4626005}, "cmdq": 2, "read": {"device_start": -1, "device_end": -1}}, "softmax32": {"write": {"device_start": -1, "host_queued_start": 1585499831.362899, "device_queued": -1, "device_end": -1, "host_queued_end": 1585499831.369574}, "device": "gpu", "nd_range": {"device_start": 1585499768.4626868, "device_end": 1585499768.4628062}, "cmdq": 0, "read": {"device_start": -1, "device_end": -1}}, "FFC_sans_bias47": {"write": {"device_start": 1585499768.4616873, "host_queued_start": 1585499831.355126, "device_queued": 1585499768.461606, "device_end": 1585499768.461696, "host_queued_end": 1585499831.369574}, "device": "gpu", "nd_range": {"device_start": 1585499768.461697, "device_end": 1585499768.4619067}, "cmdq": 1, "read": {"device_start": -1, "device_end": -1}}, "FFC_sans_bias45": {"write": {"device_start": 1585499768.461517, "host_queued_start": 1585499831.354097, "device_queued": 1585499768.4614065, "device_end": 1585499768.461526, "host_queued_end": 1585499831.369574}, "device": "gpu", "nd_range": {"device_start": 1585499768.4615586, "device_end": 1585499768.4617999}, "cmdq": 3, "read": {"device_start": -1, "device_end": -1}}, "softmax50": {"write": {"device_start": -1, "host_queued_start": 1585499831.363364, "device_queued": -1, "device_end": -1, "host_queued_end": 1585499831.369574}, "device": "gpu", "nd_range": {"device_start": 1585499768.4628017, "device_end": 1585499768.462913}, "cmdq": 2, "read": {"device_start": -1, "device_end": -1}}, "FFC_sans_bias33": {"write": {"device_start": -1, "host_queued_start": 1585499831.364713, "device_queued": -1, "device_end": -1, "host_queued_end": 1585499831.369574}, "device": "gpu", "nd_range": {"device_start": 1585499768.4630735, "device_end": 1585499768.4632347}, "cmdq": 3, "read": {"device_start": -1, "device_end": -1}}, "FFC_sans_bias63": {"write": {"device_start": 1585499768.4620228, "host_queued_start": 1585499831.3581, "device_queued": 1585499768.4618042, "device_end": 1585499768.4620311, "host_queued_end": 1585499831.369574}, "device": "gpu", "nd_range": {"device_start": 1585499768.4620326, "device_end": 1585499768.462282}, "cmdq": 3, "read": {"device_start": -1, "device_end": -1}}, "FFC_sans_bias49": {"write": {"device_start": -1, "host_queued_start": 1585499831.361593, "device_queued": -1, "device_end": -1, "host_queued_end": 1585499831.369574}, "device": "gpu", "nd_range": {"device_start": 1585499768.4625113, "device_end": 1585499768.4627867}, "cmdq": 3, "read": {"device_start": -1, "device_end": -1}}, "FFC_sans_bias64": {"write": {"device_start": 1585499768.4619088, "host_queued_start": 1585499831.357111, "device_queued": 1585499768.4617589, "device_end": 1585499768.4619176, "host_queued_end": 1585499831.369574}, "device": "gpu", "nd_range": {"device_start": 1585499768.4619186, "device_end": 1585499768.4621346}, "cmdq": 1, "read": {"device_start": -1, "device_end": -1}}, "FFC_sans_bias65": {"write": {"device_start": 1585499768.4619808, "host_queued_start": 1585499831.35761, "device_queued": 1585499768.4617815, "device_end": 1585499768.4619894, "host_queued_end": 1585499831.369574}, "device": "gpu", "nd_range": {"device_start": 1585499768.4619906, "device_end": 1585499768.4622133}, "cmdq": 2, "read": {"device_start": -1, "device_end": -1}}, "FFC_sans_bias67": {"write": {"device_start": -1, "host_queued_start": 1585499831.362184, "device_queued": -1, "device_end": -1, "host_queued_end": 1585499831.369574}, "device": "gpu", "nd_range": {"device_start": 1585499768.4624996, "device_end": 1585499768.4627044}, "cmdq": 1, "read": {"device_start": -1, "device_end": -1}}, "FFC_sans_bias24": {"write": {"device_start": -1, "host_queued_start": 1585499831.364419, "device_queued": -1, "device_end": -1, "host_queued_end": 1585499831.369574}, "device": "gpu", "nd_range": {"device_start": 1585499768.4629173, "device_end": 1585499768.4630275}, "cmdq": 2, "read": {"device_start": -1, "device_end": -1}}, "FFC_sans_bias25": {"write": {"device_start": 1585499768.4631517, "host_queued_start": 1585499831.366965, "device_queued": 1585499768.4625366, "device_end": 1585499768.4631603, "host_queued_end": 1585499831.369574}, "device": "gpu", "nd_range": {"device_start": 1585499768.463162, "device_end": 1585499768.4634242}, "cmdq": 1, "read": {"device_start": 1585499768.4634275, "device_end": 1585499768.463443}}, "FFC_sans_bias27": {"write": {"device_start": 1585499768.4612255, "host_queued_start": 1585499831.351082, "device_queued": 1585499768.461202, "device_end": 1585499768.4612355, "host_queued_end": 1585499831.369574}, "device": "gpu", "nd_range": {"device_start": 1585499768.4612887, "device_end": 1585499768.4614015}, "cmdq": 1, "read": {"device_start": -1, "device_end": -1}}, "FFC_sans_bias20": {"write": {"device_start": 1585499768.461182, "host_queued_start": 1585499831.350513, "device_queued": 1585499768.4611585, "device_end": 1585499768.4611907, "host_queued_end": 1585499831.369574}, "device": "gpu", "nd_range": {"device_start": 1585499768.4611943, "device_end": 1585499768.4613504}, "cmdq": 0, "read": {"device_start": -1, "device_end": -1}}, "FFC_sans_bias22": {"write": {"device_start": -1, "host_queued_start": 1585499831.360705, "device_queued": -1, "device_end": -1, "host_queued_end": 1585499831.369574}, "device": "gpu", "nd_range": {"device_start": 1585499768.4622858, "device_end": 1585499768.462402}, "cmdq": 0, "read": {"device_start": -1, "device_end": -1}}, "softmax68": {"write": {"device_start": -1, "host_queued_start": 1585499831.363836, "device_queued": -1, "device_end": -1, "host_queued_end": 1585499831.369574}, "device": "gpu", "nd_range": {"device_start": 1585499768.4628103, "device_end": 1585499768.4629235}, "cmdq": 0, "read": {"device_start": -1, "device_end": -1}}, "softmax5": {"write": {"device_start": -1, "host_queued_start": 1585499831.373341, "device_queued": -1, "device_end": -1, "host_queued_end": 1585499831.374277}, "device": "cpu", "nd_range": {"device_start": 2167605.5767265772, "device_end": 2167605.576759755}, "cmdq": 1, "read": {"device_start": -1, "device_end": -1}}, "FFC_sans_bias28": {"write": {"device_start": 1585499768.461251, "host_queued_start": 1585499831.351598, "device_queued": 1585499768.461226, "device_end": 1585499768.4612622, "host_queued_end": 1585499831.369574}, "device": "gpu", "nd_range": {"device_start": 1585499768.4613037, "device_end": 1585499768.4615}, "cmdq": 2, "read": {"device_start": -1, "device_end": -1}}, "FFC_sans_bias29": {"write": {"device_start": 1585499768.4612777, "host_queued_start": 1585499831.352106, "device_queued": 1585499768.4612517, "device_end": 1585499768.4612865, "host_queued_end": 1585499831.369574}, "device": "gpu", "nd_range": {"device_start": 1585499768.4613147, "device_end": 1585499768.4615161}, "cmdq": 3, "read": {"device_start": -1, "device_end": -1}}, "empty17": {"write": {"device_start": 1585499768.4605193, "host_queued_start": 1585499831.344715, "device_queued": 1585499768.4604847, "device_end": 1585499768.460528, "host_queued_end": 1585499831.369574}, "device": "gpu", "nd_range": {"device_start": 1585499768.4605477, "device_end": 1585499768.460577}, "cmdq": 0, "read": {"device_start": -1, "device_end": -1}}, "softmax59": {"write": {"device_start": -1, "host_queued_start": 1585499831.363611, "device_queued": -1, "device_end": -1, "host_queued_end": 1585499831.369574}, "device": "gpu", "nd_range": {"device_start": 1585499768.462906, "device_end": 1585499768.4630687}, "cmdq": 3, "read": {"device_start": -1, "device_end": -1}}, "empty71": {"write": {"device_start": 1585499768.4607887, "host_queued_start": 1585499831.347334, "device_queued": 1585499768.460761, "device_end": 1585499768.4608011, "host_queued_end": 1585499831.369574}, "device": "gpu", "nd_range": {"device_start": 1585499768.460832, "device_end": 1585499768.460836}, "cmdq": 2, "read": {"device_start": -1, "device_end": -1}}, "empty35": {"write": {"device_start": 1585499768.460637, "host_queued_start": 1585499831.345728, "device_queued": 1585499768.4606109, "device_end": 1585499768.460646, "host_queued_end": 1585499831.369574}, "device": "gpu", "nd_range": {"device_start": 1585499768.4606807, "device_end": 1585499768.4606845}, "cmdq": 2, "read": {"device_start": -1, "device_end": -1}}, "empty53": {"write": {"device_start": 1585499768.4607239, "host_queued_start": 1585499831.346536, "device_queued": 1585499768.4606967, "device_end": 1585499768.4607322, "host_queued_end": 1585499831.369574}, "device": "gpu", "nd_range": {"device_start": 1585499768.4607337, "device_end": 1585499768.4607368}, "cmdq": 0, "read": {"device_start": -1, "device_end": -1}}, "FFC_sans_bias46": {"write": {"device_start": 1585499768.461605, "host_queued_start": 1585499831.354617, "device_queued": 1585499768.461568, "device_end": 1585499768.461614, "host_queued_end": 1585499831.369574}, "device": "gpu", "nd_range": {"device_start": 1585499768.4616156, "device_end": 1585499768.461826}, "cmdq": 0, "read": {"device_start": -1, "device_end": -1}}, "coalesced_transpose66": {"write": {"device_start": -1, "host_queued_start": 1585499831.360116, "device_queued": -1, "device_end": -1, "host_queued_end": 1585499831.369574}, "device": "gpu", "nd_range": {"device_start": 1585499768.4622252, "device_end": 1585499768.4622347}, "cmdq": 2, "read": {"device_start": -1, "device_end": -1}}, "coalesced_transpose48": {"write": {"device_start": -1, "host_queued_start": 1585499831.359549, "device_queued": -1, "device_end": -1, "host_queued_end": 1585499831.369574}, "device": "gpu", "nd_range": {"device_start": 1585499768.462207, "device_end": 1585499768.4622173}, "cmdq": 0, "read": {"device_start": -1, "device_end": -1}}}