{"FFC_sans_bias60": {"write": {"device_start": -1, "host_queued_start": 1585499590.486205, "device_queued": -1, "device_end": -1, "host_queued_end": 1585499590.489514}, "device": "cpu", "nd_range": {"device_start": 2167364.697131894, "device_end": 2167364.6985878414}, "cmdq": 1, "read": {"device_start": -1, "device_end": -1}}, "FFC_sans_bias4": {"write": {"device_start": -1, "host_queued_start": 1585499590.480213, "device_queued": -1, "device_end": -1, "host_queued_end": 1585499590.489514}, "device": "cpu", "nd_range": {"device_start": 2167364.691531685, "device_end": 2167364.692515496}, "cmdq": 2, "read": {"device_start": -1, "device_end": -1}}, "FFC_sans_bias7": {"write": {"device_start": -1, "host_queued_start": 1585499590.486734, "device_queued": -1, "device_end": -1, "host_queued_end": 1585499590.489514}, "device": "cpu", "nd_range": {"device_start": 2167364.69806902, "device_end": 2167364.699517344}, "cmdq": 2, "read": {"device_start": -1, "device_end": -1}}, "FFC_sans_bias6": {"write": {"device_start": -1, "host_queued_start": 1585499590.484306, "device_queued": -1, "device_end": -1, "host_queued_end": 1585499590.489514}, "device": "cpu", "nd_range": {"device_start": 2167364.6944325133, "device_end": 2167364.695444283}, "cmdq": 1, "read": {"device_start": -1, "device_end": -1}}, "FFC_sans_bias1": {"write": {"device_start": -1, "host_queued_start": 1585499590.468192, "device_queued": -1, "device_end": -1, "host_queued_end": 1585499590.489514}, "device": "cpu", "nd_range": {"device_start": 2167364.679179795, "device_end": 2167364.680293016}, "cmdq": 2, "read": {"device_start": -1, "device_end": -1}}, "FFC_sans_bias0": {"write": {"device_start": -1, "host_queued_start": 1585499590.467693, "device_queued": -1, "device_end": -1, "host_queued_end": 1585499590.489514}, "device": "cpu", "nd_range": {"device_start": 2167364.679140062, "device_end": 2167364.6814853563}, "cmdq": 1, "read": {"device_start": -1, "device_end": -1}}, "FFC_sans_bias2": {"write": {"device_start": -1, "host_queued_start": 1585499590.468714, "device_queued": -1, "device_end": -1, "host_queued_end": 1585499590.489514}, "device": "cpu", "nd_range": {"device_start": 2167364.679146929, "device_end": 2167364.680759121}, "cmdq": 0, "read": {"device_start": -1, "device_end": -1}}, "FFC_sans_bias61": {"write": {"device_start": -1, "host_queued_start": 1585499590.489471, "device_queued": -1, "device_end": -1, "host_queued_end": 1585499590.489514}, "device": "cpu", "nd_range": {"device_start": 2167364.700612009, "device_end": 2167364.7020505234}, "cmdq": 2, "read": {"device_start": -1, "device_end": -1}}, "FFC_sans_bias52": {"write": {"device_start": -1, "host_queued_start": 1585499590.48902, "device_queued": -1, "device_end": -1, "host_queued_end": 1585499590.489514}, "device": "cpu", "nd_range": {"device_start": 2167364.700432861, "device_end": 2167364.701756629}, "cmdq": 1, "read": {"device_start": -1, "device_end": -1}}, "FFC_sans_bias9": {"write": {"device_start": -1, "host_queued_start": 1585499590.469218, "device_queued": -1, "device_end": -1, "host_queued_end": 1585499590.489514}, "device": "cpu", "nd_range": {"device_start": 2167364.682094303, "device_end": 2167364.6836686633}, "cmdq": 1, "read": {"device_start": -1, "device_end": -1}}, "coalesced_transpose39": {"write": {"device_start": -1, "host_queued_start": 1585499590.479301, "device_queued": -1, "device_end": -1, "host_queued_end": 1585499590.489514}, "device": "cpu", "nd_range": {"device_start": 2167364.6893007313, "device_end": 2167364.689368891}, "cmdq": 2, "read": {"device_start": -1, "device_end": -1}}, "FFC_sans_bias55": {"write": {"device_start": -1, "host_queued_start": 1585499590.477784, "device_queued": -1, "device_end": -1, "host_queued_end": 1585499590.489514}, "device": "cpu", "nd_range": {"device_start": 2167364.688152138, "device_end": 2167364.689484777}, "cmdq": 0, "read": {"device_start": -1, "device_end": -1}}, "FFC_sans_bias54": {"write": {"device_start": -1, "host_queued_start": 1585499590.477291, "device_queued": -1, "device_end": -1, "host_queued_end": 1585499590.489514}, "device": "cpu", "nd_range": {"device_start": 2167364.6878321483, "device_end": 2167364.688925012}, "cmdq": 2, "read": {"device_start": -1, "device_end": -1}}, "FFC_sans_bias56": {"write": {"device_start": -1, "host_queued_start": 1585499590.476791, "device_queued": -1, "device_end": -1, "host_queued_end": 1585499590.489514}, "device": "cpu", "nd_range": {"device_start": 2167364.690415706, "device_end": 2167364.691260763}, "cmdq": 1, "read": {"device_start": -1, "device_end": -1}}, "FFC_sans_bias51": {"write": {"device_start": -1, "host_queued_start": 1585499590.485889, "device_queued": -1, "device_end": -1, "host_queued_end": 1585499590.489514}, "device": "cpu", "nd_range": {"device_start": 2167364.6985007203, "device_end": 2167364.7001968212}, "cmdq": 0, "read": {"device_start": -1, "device_end": -1}}, "softmax23": {"write": {"device_start": -1, "host_queued_start": 1585499590.482938, "device_queued": -1, "device_end": -1, "host_queued_end": 1585499590.489514}, "device": "cpu", "nd_range": {"device_start": 2167364.695078473, "device_end": 2167364.6951400563}, "cmdq": 2, "read": {"device_start": -1, "device_end": -1}}, "FFC_sans_bias37": {"write": {"device_start": -1, "host_queued_start": 1585499590.474253, "device_queued": -1, "device_end": -1, "host_queued_end": 1585499590.489514}, "device": "cpu", "nd_range": {"device_start": 2167364.6844717693, "device_end": 2167364.686278983}, "cmdq": 2, "read": {"device_start": -1, "device_end": -1}}, "empty62": {"write": {"device_start": -1, "host_queued_start": 1585499590.467205, "device_queued": -1, "device_end": -1, "host_queued_end": 1585499590.489514}, "device": "cpu", "nd_range": {"device_start": 2167364.679141499, "device_end": 2167364.679142156}, "cmdq": 0, "read": {"device_start": -1, "device_end": -1}}, "FFC_sans_bias70": {"write": {"device_start": 1585499527.5628376, "host_queued_start": 1585499590.463941, "device_queued": 1585499527.5625298, "device_end": 1585499527.5628464, "host_queued_end": 1585499590.464047}, "device": "gpu", "nd_range": {"device_start": 1585499527.5629575, "device_end": 1585499527.5630636}, "cmdq": 0, "read": {"device_start": 1585499527.5630662, "device_end": 1585499527.5630736}}, "FFC_sans_bias58": {"write": {"device_start": -1, "host_queued_start": 1585499590.482179, "device_queued": -1, "device_end": -1, "host_queued_end": 1585499590.489514}, "device": "cpu", "nd_range": {"device_start": 2167364.693742792, "device_end": 2167364.6949676783}, "cmdq": 2, "read": {"device_start": -1, "device_end": -1}}, "softmax41": {"write": {"device_start": -1, "host_queued_start": 1585499590.483458, "device_queued": -1, "device_end": -1, "host_queued_end": 1585499590.489514}, "device": "cpu", "nd_range": {"device_start": 2167364.694282364, "device_end": 2167364.694328206}, "cmdq": 1, "read": {"device_start": -1, "device_end": -1}}, "FFC_sans_bias11": {"write": {"device_start": -1, "host_queued_start": 1585499590.470221, "device_queued": -1, "device_end": -1, "host_queued_end": 1585499590.489514}, "device": "cpu", "nd_range": {"device_start": 2167364.6807651413, "device_end": 2167364.6822072}, "cmdq": 0, "read": {"device_start": -1, "device_end": -1}}, "FFC_sans_bias10": {"write": {"device_start": -1, "host_queued_start": 1585499590.469716, "device_queued": -1, "device_end": -1, "host_queued_end": 1585499590.489514}, "device": "cpu", "nd_range": {"device_start": 2167364.680298057, "device_end": 2167364.681383512}, "cmdq": 2, "read": {"device_start": -1, "device_end": -1}}, "coalesced_transpose3": {"write": {"device_start": -1, "host_queued_start": 1585499590.478094, "device_queued": -1, "device_end": -1, "host_queued_end": 1585499590.489514}, "device": "cpu", "nd_range": {"device_start": 2167364.6913656, "device_end": 2167364.6914196233}, "cmdq": 1, "read": {"device_start": -1, "device_end": -1}}, "FFC_sans_bias34": {"write": {"device_start": -1, "host_queued_start": 1585499590.488102, "device_queued": -1, "device_end": -1, "host_queued_end": 1585499590.489514}, "device": "cpu", "nd_range": {"device_start": 2167364.699521239, "device_end": 2167364.7006089813}, "cmdq": 2, "read": {"device_start": -1, "device_end": -1}}, "FFC_sans_bias15": {"write": {"device_start": -1, "host_queued_start": 1585499590.484615, "device_queued": -1, "device_end": -1, "host_queued_end": 1585499590.489514}, "device": "cpu", "nd_range": {"device_start": 2167364.6953097032, "device_end": 2167364.696750636}, "cmdq": 2, "read": {"device_start": -1, "device_end": -1}}, "FFC_sans_bias31": {"write": {"device_start": -1, "host_queued_start": 1585499590.481236, "device_queued": -1, "device_end": -1, "host_queued_end": 1585499590.489514}, "device": "cpu", "nd_range": {"device_start": 2167364.6926484453, "device_end": 2167364.6936214142}, "cmdq": 2, "read": {"device_start": -1, "device_end": -1}}, "FFC_sans_bias16": {"write": {"device_start": -1, "host_queued_start": 1585499590.487187, "device_queued": -1, "device_end": -1, "host_queued_end": 1585499590.489514}, "device": "cpu", "nd_range": {"device_start": 2167364.700205629, "device_end": 2167364.701529308}, "cmdq": 0, "read": {"device_start": -1, "device_end": -1}}, "FFC_sans_bias19": {"write": {"device_start": -1, "host_queued_start": 1585499590.471239, "device_queued": -1, "device_end": -1, "host_queued_end": 1585499590.489514}, "device": "cpu", "nd_range": {"device_start": 2167364.681388025, "device_end": 2167364.682473355}, "cmdq": 2, "read": {"device_start": -1, "device_end": -1}}, "FFC_sans_bias18": {"write": {"device_start": -1, "host_queued_start": 1585499590.470743, "device_queued": -1, "device_end": -1, "host_queued_end": 1585499590.489514}, "device": "cpu", "nd_range": {"device_start": 2167364.6837143702, "device_end": 2167364.6851675203}, "cmdq": 1, "read": {"device_start": -1, "device_end": -1}}, "coalesced_transpose30": {"write": {"device_start": -1, "host_queued_start": 1585499590.479008, "device_queued": -1, "device_end": -1, "host_queued_end": 1585499590.489514}, "device": "cpu", "nd_range": {"device_start": 2167364.691525861, "device_end": 2167364.691579517}, "cmdq": 1, "read": {"device_start": -1, "device_end": -1}}, "FFC_sans_bias69": {"write": {"device_start": -1, "host_queued_start": 1585499590.463456, "device_queued": -1, "device_end": -1, "host_queued_end": 1585499590.464047}, "device": "gpu", "nd_range": {"device_start": 1585499527.562848, "device_end": 1585499527.5629556}, "cmdq": 1, "read": {"device_start": -1, "device_end": -1}}, "FFC_sans_bias38": {"write": {"device_start": -1, "host_queued_start": 1585499590.474785, "device_queued": -1, "device_end": -1, "host_queued_end": 1585499590.489514}, "device": "cpu", "nd_range": {"device_start": 2167364.6853961763, "device_end": 2167364.6863562022}, "cmdq": 0, "read": {"device_start": -1, "device_end": -1}}, "coalesced_transpose57": {"write": {"device_start": -1, "host_queued_start": 1585499590.479907, "device_queued": -1, "device_end": -1, "host_queued_end": 1585499590.489514}, "device": "cpu", "nd_range": {"device_start": 2167364.691681303, "device_end": 2167364.691849274}, "cmdq": 1, "read": {"device_start": -1, "device_end": -1}}, "empty26": {"write": {"device_start": -1, "host_queued_start": 1585499590.465683, "device_queued": -1, "device_end": -1, "host_queued_end": 1585499590.489514}, "device": "cpu", "nd_range": {"device_start": 2167364.679148334, "device_end": 2167364.679153512}, "cmdq": 2, "read": {"device_start": -1, "device_end": -1}}, "coalesced_transpose12": {"write": {"device_start": -1, "host_queued_start": 1585499590.47839, "device_queued": -1, "device_end": -1, "host_queued_end": 1585499590.489514}, "device": "cpu", "nd_range": {"device_start": 2167364.689032555, "device_end": 2167364.689103695}, "cmdq": 2, "read": {"device_start": -1, "device_end": -1}}, "empty44": {"write": {"device_start": -1, "host_queued_start": 1585499590.466442, "device_queued": -1, "device_end": -1, "host_queued_end": 1585499590.489514}, "device": "cpu", "nd_range": {"device_start": 2167364.6791342283, "device_end": 2167364.67913491}, "cmdq": 1, "read": {"device_start": -1, "device_end": -1}}, "coalesced_transpose21": {"write": {"device_start": -1, "host_queued_start": 1585499590.478703, "device_queued": -1, "device_end": -1, "host_queued_end": 1585499590.489514}, "device": "cpu", "nd_range": {"device_start": 2167364.68949719, "device_end": 2167364.6895530983}, "cmdq": 0, "read": {"device_start": -1, "device_end": -1}}, "FFC_sans_bias36": {"write": {"device_start": -1, "host_queued_start": 1585499590.473758, "device_queued": -1, "device_end": -1, "host_queued_end": 1585499590.489514}, "device": "cpu", "nd_range": {"device_start": 2167364.6875043, "device_end": 2167364.689325361}, "cmdq": 1, "read": {"device_start": -1, "device_end": -1}}, "softmax14": {"write": {"device_start": -1, "host_queued_start": 1585499590.482699, "device_queued": -1, "device_end": -1, "host_queued_end": 1585499590.489514}, "device": "cpu", "nd_range": {"device_start": 2167364.694136285, "device_end": 2167364.694182766}, "cmdq": 1, "read": {"device_start": -1, "device_end": -1}}, "FFC_sans_bias13": {"write": {"device_start": -1, "host_queued_start": 1585499590.480577, "device_queued": -1, "device_end": -1, "host_queued_end": 1585499590.489514}, "device": "cpu", "nd_range": {"device_start": 2167364.689689062, "device_end": 2167364.690773988}, "cmdq": 0, "read": {"device_start": -1, "device_end": -1}}, "empty8": {"write": {"device_start": -1, "host_queued_start": 1585499590.464623, "device_queued": -1, "device_end": -1, "host_queued_end": 1585499590.489514}, "device": "cpu", "nd_range": {"device_start": 2167364.679104533, "device_end": 2167364.679115482}, "cmdq": 0, "read": {"device_start": -1, "device_end": -1}}, "FFC_sans_bias42": {"write": {"device_start": -1, "host_queued_start": 1585499590.485573, "device_queued": -1, "device_end": -1, "host_queued_end": 1585499590.489514}, "device": "cpu", "nd_range": {"device_start": 2167364.696859728, "device_end": 2167364.697956324}, "cmdq": 2, "read": {"device_start": -1, "device_end": -1}}, "FFC_sans_bias43": {"write": {"device_start": -1, "host_queued_start": 1585499590.488573, "device_queued": -1, "device_end": -1, "host_queued_end": 1585499590.489514}, "device": "cpu", "nd_range": {"device_start": 2167364.70153243, "device_end": 2167364.7062629103}, "cmdq": 0, "read": {"device_start": -1, "device_end": -1}}, "FFC_sans_bias40": {"write": {"device_start": -1, "host_queued_start": 1585499590.481558, "device_queued": -1, "device_end": -1, "host_queued_end": 1585499590.489514}, "device": "cpu", "nd_range": {"device_start": 2167364.6908812723, "device_end": 2167364.691860491}, "cmdq": 0, "read": {"device_start": -1, "device_end": -1}}, "softmax32": {"write": {"device_start": -1, "host_queued_start": 1585499590.483188, "device_queued": -1, "device_end": -1, "host_queued_end": 1585499590.489514}, "device": "cpu", "nd_range": {"device_start": 2167364.693754673, "device_end": 2167364.6937997323}, "cmdq": 0, "read": {"device_start": -1, "device_end": -1}}, "FFC_sans_bias47": {"write": {"device_start": -1, "host_queued_start": 1585499590.476288, "device_queued": -1, "device_end": -1, "host_queued_end": 1585499590.489514}, "device": "cpu", "nd_range": {"device_start": 2167364.686366807, "device_end": 2167364.688039057}, "cmdq": 0, "read": {"device_start": -1, "device_end": -1}}, "FFC_sans_bias45": {"write": {"device_start": -1, "host_queued_start": 1585499590.475283, "device_queued": -1, "device_end": -1, "host_queued_end": 1585499590.489514}, "device": "cpu", "nd_range": {"device_start": 2167364.689451187, "device_end": 2167364.690304915}, "cmdq": 1, "read": {"device_start": -1, "device_end": -1}}, "softmax50": {"write": {"device_start": -1, "host_queued_start": 1585499590.48374, "device_queued": -1, "device_end": -1, "host_queued_end": 1585499590.489514}, "device": "cpu", "nd_range": {"device_start": 2167364.695246059, "device_end": 2167364.6952989693}, "cmdq": 2, "read": {"device_start": -1, "device_end": -1}}, "FFC_sans_bias33": {"write": {"device_start": -1, "host_queued_start": 1585499590.485265, "device_queued": -1, "device_end": -1, "host_queued_end": 1585499590.489514}, "device": "cpu", "nd_range": {"device_start": 2167364.6955517833, "device_end": 2167364.697120535}, "cmdq": 1, "read": {"device_start": -1, "device_end": -1}}, "FFC_sans_bias63": {"write": {"device_start": 1585499527.5625215, "host_queued_start": 1585499590.462339, "device_queued": 1585499527.5624511, "device_end": 1585499527.5625298, "host_queued_end": 1585499590.464047}, "device": "gpu", "nd_range": {"device_start": 1585499527.5625312, "device_end": 1585499527.5626447}, "cmdq": 1, "read": {"device_start": -1, "device_end": -1}}, "FFC_sans_bias49": {"write": {"device_start": -1, "host_queued_start": 1585499590.481875, "device_queued": -1, "device_end": -1, "host_queued_end": 1585499590.489514}, "device": "cpu", "nd_range": {"device_start": 2167364.6930645253, "device_end": 2167364.694029666}, "cmdq": 1, "read": {"device_start": -1, "device_end": -1}}, "FFC_sans_bias64": {"write": {"device_start": 1585499527.5624013, "host_queued_start": 1585499590.461319, "device_queued": 1585499527.562385, "device_end": 1585499527.56241, "host_queued_end": 1585499590.464047}, "device": "gpu", "nd_range": {"device_start": 1585499527.562411, "device_end": 1585499527.562519}, "cmdq": 1, "read": {"device_start": -1, "device_end": -1}}, "FFC_sans_bias65": {"write": {"device_start": 1585499527.5624359, "host_queued_start": 1585499590.461849, "device_queued": 1585499527.562418, "device_end": 1585499527.5624444, "host_queued_end": 1585499590.464047}, "device": "gpu", "nd_range": {"device_start": 1585499527.5624454, "device_end": 1585499527.5625803}, "cmdq": 0, "read": {"device_start": -1, "device_end": -1}}, "FFC_sans_bias67": {"write": {"device_start": -1, "host_queued_start": 1585499590.462941, "device_queued": -1, "device_end": -1, "host_queued_end": 1585499590.464047}, "device": "gpu", "nd_range": {"device_start": 1585499527.5626462, "device_end": 1585499527.562755}, "cmdq": 1, "read": {"device_start": -1, "device_end": -1}}, "FFC_sans_bias24": {"write": {"device_start": -1, "host_queued_start": 1585499590.484947, "device_queued": -1, "device_end": -1, "host_queued_end": 1585499590.489514}, "device": "cpu", "nd_range": {"device_start": 2167364.6958695143, "device_end": 2167364.697080457}, "cmdq": 0, "read": {"device_start": -1, "device_end": -1}}, "FFC_sans_bias25": {"write": {"device_start": -1, "host_queued_start": 1585499590.487646, "device_queued": -1, "device_end": -1, "host_queued_end": 1585499590.489514}, "device": "cpu", "nd_range": {"device_start": 2167364.698708647, "device_end": 2167364.700042846}, "cmdq": 1, "read": {"device_start": -1, "device_end": -1}}, "FFC_sans_bias27": {"write": {"device_start": -1, "host_queued_start": 1585499590.472243, "device_queued": -1, "device_end": -1, "host_queued_end": 1585499590.489514}, "device": "cpu", "nd_range": {"device_start": 2167364.685276811, "device_end": 2167364.687386901}, "cmdq": 1, "read": {"device_start": -1, "device_end": -1}}, "FFC_sans_bias20": {"write": {"device_start": -1, "host_queued_start": 1585499590.471744, "device_queued": -1, "device_end": -1, "host_queued_end": 1585499590.489514}, "device": "cpu", "nd_range": {"device_start": 2167364.6825746573, "device_end": 2167364.6836751793}, "cmdq": 0, "read": {"device_start": -1, "device_end": -1}}, "FFC_sans_bias22": {"write": {"device_start": -1, "host_queued_start": 1585499590.480926, "device_queued": -1, "device_end": -1, "host_queued_end": 1585499590.489514}, "device": "cpu", "nd_range": {"device_start": 2167364.6919718063, "device_end": 2167364.69295209}, "cmdq": 1, "read": {"device_start": -1, "device_end": -1}}, "softmax68": {"write": {"device_start": -1, "host_queued_start": 1585499590.463172, "device_queued": -1, "device_end": -1, "host_queued_end": 1585499590.464047}, "device": "gpu", "nd_range": {"device_start": 1585499527.5627587, "device_end": 1585499527.5628366}, "cmdq": 0, "read": {"device_start": -1, "device_end": -1}}, "softmax5": {"write": {"device_start": -1, "host_queued_start": 1585499590.482438, "device_queued": -1, "device_end": -1, "host_queued_end": 1585499590.489514}, "device": "cpu", "nd_range": {"device_start": 2167364.6927323383, "device_end": 2167364.692793107}, "cmdq": 0, "read": {"device_start": -1, "device_end": -1}}, "FFC_sans_bias28": {"write": {"device_start": -1, "host_queued_start": 1585499590.47275, "device_queued": -1, "device_end": -1, "host_queued_end": 1585499590.489514}, "device": "cpu", "nd_range": {"device_start": 2167364.682558565, "device_end": 2167364.684358361}, "cmdq": 2, "read": {"device_start": -1, "device_end": -1}}, "FFC_sans_bias29": {"write": {"device_start": -1, "host_queued_start": 1585499590.473261, "device_queued": -1, "device_end": -1, "host_queued_end": 1585499590.489514}, "device": "cpu", "nd_range": {"device_start": 2167364.683688322, "device_end": 2167364.6852853}, "cmdq": 0, "read": {"device_start": -1, "device_end": -1}}, "empty17": {"write": {"device_start": -1, "host_queued_start": 1585499590.465233, "device_queued": -1, "device_end": -1, "host_queued_end": 1585499590.489514}, "device": "cpu", "nd_range": {"device_start": 2167364.679104582, "device_end": 2167364.679115449}, "cmdq": 1, "read": {"device_start": -1, "device_end": -1}}, "softmax59": {"write": {"device_start": -1, "host_queued_start": 1585499590.483988, "device_queued": -1, "device_end": -1, "host_queued_end": 1585499590.489514}, "device": "cpu", "nd_range": {"device_start": 2167364.6951692263, "device_end": 2167364.695215601}, "cmdq": 0, "read": {"device_start": -1, "device_end": -1}}, "empty71": {"write": {"device_start": 1585499527.562358, "host_queued_start": 1585499590.460567, "device_queued": 1585499527.562334, "device_end": 1585499527.5623665, "host_queued_end": 1585499590.464047}, "device": "gpu", "nd_range": {"device_start": 1585499527.562369, "device_end": 1585499527.5623808}, "cmdq": 0, "read": {"device_start": -1, "device_end": -1}}, "empty35": {"write": {"device_start": -1, "host_queued_start": 1585499590.466079, "device_queued": -1, "device_end": -1, "host_queued_end": 1585499590.489514}, "device": "cpu", "nd_range": {"device_start": 2167364.679134294, "device_end": 2167364.679135486}, "cmdq": 0, "read": {"device_start": -1, "device_end": -1}}, "empty53": {"write": {"device_start": -1, "host_queued_start": 1585499590.466838, "device_queued": -1, "device_end": -1, "host_queued_end": 1585499590.489514}, "device": "cpu", "nd_range": {"device_start": 2167364.6791731343, "device_end": 2167364.679174}, "cmdq": 2, "read": {"device_start": -1, "device_end": -1}}, "FFC_sans_bias46": {"write": {"device_start": -1, "host_queued_start": 1585499590.475785, "device_queued": -1, "device_end": -1, "host_queued_end": 1585499590.489514}, "device": "cpu", "nd_range": {"device_start": 2167364.68639157, "device_end": 2167364.687721167}, "cmdq": 2, "read": {"device_start": -1, "device_end": -1}}, "coalesced_transpose66": {"write": {"device_start": -1, "host_queued_start": 1585499590.462662, "device_queued": -1, "device_end": -1, "host_queued_end": 1585499590.464047}, "device": "gpu", "nd_range": {"device_start": 1585499527.5625827, "device_end": 1585499527.5625923}, "cmdq": 0, "read": {"device_start": -1, "device_end": -1}}, "coalesced_transpose48": {"write": {"device_start": -1, "host_queued_start": 1585499590.479603, "device_queued": -1, "device_end": -1, "host_queued_end": 1585499590.489514}, "device": "cpu", "nd_range": {"device_start": 2167364.6896013343, "device_end": 2167364.6896532113}, "cmdq": 0, "read": {"device_start": -1, "device_end": -1}}}