{"FFC_sans_bias60": {"write": {"device_start": -1, "host_queued_start": 1585499550.376591, "device_queued": -1, "device_end": -1, "host_queued_end": 1585499550.381083}, "device": "gpu", "nd_range": {"device_start": 1585499487.4840732, "device_end": 1585499487.4841888}, "cmdq": 0, "read": {"device_start": -1, "device_end": -1}}, "FFC_sans_bias4": {"write": {"device_start": -1, "host_queued_start": 1585499550.370531, "device_queued": -1, "device_end": -1, "host_queued_end": 1585499550.381083}, "device": "gpu", "nd_range": {"device_start": 1585499487.4828434, "device_end": 1585499487.4829504}, "cmdq": 0, "read": {"device_start": -1, "device_end": -1}}, "FFC_sans_bias7": {"write": {"device_start": 1585499487.4841912, "host_queued_start": 1585499550.377374, "device_queued": 1585499487.4829295, "device_end": 1585499487.4841995, "host_queued_end": 1585499550.381083}, "device": "gpu", "nd_range": {"device_start": 1585499487.4842007, "device_end": 1585499487.484368}, "cmdq": 0, "read": {"device_start": 1585499487.4843712, "device_end": 1585499487.4843805}}, "FFC_sans_bias6": {"write": {"device_start": -1, "host_queued_start": 1585499550.374741, "device_queued": -1, "device_end": -1, "host_queued_end": 1585499550.381083}, "device": "gpu", "nd_range": {"device_start": 1585499487.4836726, "device_end": 1585499487.4837797}, "cmdq": 0, "read": {"device_start": -1, "device_end": -1}}, "FFC_sans_bias1": {"write": {"device_start": 1585499487.4811518, "host_queued_start": 1585499550.356604, "device_queued": 1585499487.4811308, "device_end": 1585499487.4811606, "host_queued_end": 1585499550.381083}, "device": "gpu", "nd_range": {"device_start": 1585499487.481164, "device_end": 1585499487.481287}, "cmdq": 1, "read": {"device_start": -1, "device_end": -1}}, "FFC_sans_bias0": {"write": {"device_start": 1585499487.4811103, "host_queued_start": 1585499550.356088, "device_queued": 1585499487.4810894, "device_end": 1585499487.4811192, "host_queued_end": 1585499550.381083}, "device": "gpu", "nd_range": {"device_start": 1585499487.4811203, "device_end": 1585499487.4812298}, "cmdq": 0, "read": {"device_start": -1, "device_end": -1}}, "FFC_sans_bias2": {"write": {"device_start": 1585499487.4812317, "host_queued_start": 1585499550.357129, "device_queued": 1585499487.4811702, "device_end": 1585499487.4812405, "host_queued_end": 1585499550.381083}, "device": "gpu", "nd_range": {"device_start": 1585499487.4812415, "device_end": 1585499487.4813547}, "cmdq": 0, "read": {"device_start": -1, "device_end": -1}}, "FFC_sans_bias61": {"write": {"device_start": 1585499487.4849815, "host_queued_start": 1585499550.380479, "device_queued": 1585499487.4833887, "device_end": 1585499487.4849925, "host_queued_end": 1585499550.381083}, "device": "gpu", "nd_range": {"device_start": 1585499487.4849942, "device_end": 1585499487.4851022}, "cmdq": 0, "read": {"device_start": 1585499487.485107, "device_end": 1585499487.4851136}}, "FFC_sans_bias52": {"write": {"device_start": 1585499487.4847565, "host_queued_start": 1585499550.379962, "device_queued": 1585499487.4833193, "device_end": 1585499487.4847653, "host_queued_end": 1585499550.381083}, "device": "gpu", "nd_range": {"device_start": 1585499487.4847662, "device_end": 1585499487.4849155}, "cmdq": 1, "read": {"device_start": 1585499487.4849217, "device_end": 1585499487.4849355}}, "FFC_sans_bias9": {"write": {"device_start": 1585499487.4812891, "host_queued_start": 1585499550.357647, "device_queued": 1585499487.4812074, "device_end": 1585499487.4812977, "host_queued_end": 1585499550.381083}, "device": "gpu", "nd_range": {"device_start": 1585499487.4812987, "device_end": 1585499487.4814498}, "cmdq": 1, "read": {"device_start": -1, "device_end": -1}}, "coalesced_transpose39": {"write": {"device_start": -1, "host_queued_start": 1585499550.369393, "device_queued": -1, "device_end": -1, "host_queued_end": 1585499550.381083}, "device": "gpu", "nd_range": {"device_start": 1585499487.482828, "device_end": 1585499487.482834}, "cmdq": 0, "read": {"device_start": -1, "device_end": -1}}, "FFC_sans_bias55": {"write": {"device_start": 1585499487.4824905, "host_queued_start": 1585499550.36638, "device_queued": 1585499487.4821863, "device_end": 1585499487.4824991, "host_queued_end": 1585499550.381083}, "device": "gpu", "nd_range": {"device_start": 1585499487.4825, "device_end": 1585499487.4826415}, "cmdq": 0, "read": {"device_start": -1, "device_end": -1}}, "FFC_sans_bias54": {"write": {"device_start": 1585499487.4824255, "host_queued_start": 1585499550.365884, "device_queued": 1585499487.4820542, "device_end": 1585499487.482434, "host_queued_end": 1585499550.381083}, "device": "gpu", "nd_range": {"device_start": 1585499487.4824355, "device_end": 1585499487.4825869}, "cmdq": 1, "read": {"device_start": -1, "device_end": -1}}, "FFC_sans_bias56": {"write": {"device_start": 1585499487.482367, "host_queued_start": 1585499550.36539, "device_queued": 1585499487.482017, "device_end": 1585499487.4823756, "host_queued_end": 1585499550.381083}, "device": "gpu", "nd_range": {"device_start": 1585499487.4823766, "device_end": 1585499487.4824884}, "cmdq": 0, "read": {"device_start": -1, "device_end": -1}}, "FFC_sans_bias51": {"write": {"device_start": -1, "host_queued_start": 1585499550.376284, "device_queued": -1, "device_end": -1, "host_queued_end": 1585499550.381083}, "device": "gpu", "nd_range": {"device_start": 1585499487.4839823, "device_end": 1585499487.4841568}, "cmdq": 1, "read": {"device_start": -1, "device_end": -1}}, "softmax23": {"write": {"device_start": -1, "host_queued_start": 1585499550.373318, "device_queued": -1, "device_end": -1, "host_queued_end": 1585499550.381083}, "device": "gpu", "nd_range": {"device_start": 1585499487.4834492, "device_end": 1585499487.4835212}, "cmdq": 0, "read": {"device_start": -1, "device_end": -1}}, "FFC_sans_bias37": {"write": {"device_start": 1585499487.4820006, "host_queued_start": 1585499550.362888, "device_queued": 1585499487.4818351, "device_end": 1585499487.4820092, "host_queued_end": 1585499550.381083}, "device": "gpu", "nd_range": {"device_start": 1585499487.4820101, "device_end": 1585499487.4821653}, "cmdq": 1, "read": {"device_start": -1, "device_end": -1}}, "empty62": {"write": {"device_start": 1585499487.481045, "host_queued_start": 1585499550.35518, "device_queued": 1585499487.481024, "device_end": 1585499487.4810538, "host_queued_end": 1585499550.381083}, "device": "gpu", "nd_range": {"device_start": 1585499487.4810548, "device_end": 1585499487.4810584}, "cmdq": 0, "read": {"device_start": -1, "device_end": -1}}, "FFC_sans_bias70": {"write": {"device_start": 1585499487.4850025, "host_queued_start": 1585499550.380984, "device_queued": 1585499487.4834363, "device_end": 1585499487.4850159, "host_queued_end": 1585499550.381083}, "device": "gpu", "nd_range": {"device_start": 1585499487.4850168, "device_end": 1585499487.4851496}, "cmdq": 1, "read": {"device_start": 1585499487.4851537, "device_end": 1585499487.4851675}}, "FFC_sans_bias58": {"write": {"device_start": -1, "host_queued_start": 1585499550.372326, "device_queued": -1, "device_end": -1, "host_queued_end": 1585499550.381083}, "device": "gpu", "nd_range": {"device_start": 1585499487.4832277, "device_end": 1585499487.4833724}, "cmdq": 0, "read": {"device_start": -1, "device_end": -1}}, "softmax41": {"write": {"device_start": -1, "host_queued_start": 1585499550.373766, "device_queued": -1, "device_end": -1, "host_queued_end": 1585499550.381083}, "device": "gpu", "nd_range": {"device_start": 1585499487.4835231, "device_end": 1585499487.483595}, "cmdq": 0, "read": {"device_start": -1, "device_end": -1}}, "FFC_sans_bias11": {"write": {"device_start": 1585499487.4814525, "host_queued_start": 1585499550.358854, "device_queued": 1585499487.481405, "device_end": 1585499487.4814627, "host_queued_end": 1585499550.381083}, "device": "gpu", "nd_range": {"device_start": 1585499487.4814644, "device_end": 1585499487.4815865}, "cmdq": 1, "read": {"device_start": -1, "device_end": -1}}, "FFC_sans_bias10": {"write": {"device_start": 1585499487.481383, "host_queued_start": 1585499550.35829, "device_queued": 1585499487.4813602, "device_end": 1585499487.4813914, "host_queued_end": 1585499550.381083}, "device": "gpu", "nd_range": {"device_start": 1585499487.4813967, "device_end": 1585499487.4815087}, "cmdq": 0, "read": {"device_start": -1, "device_end": -1}}, "coalesced_transpose3": {"write": {"device_start": -1, "host_queued_start": 1585499550.368262, "device_queued": -1, "device_end": -1, "host_queued_end": 1585499550.381083}, "device": "gpu", "nd_range": {"device_start": 1585499487.482808, "device_end": 1585499487.4828157}, "cmdq": 0, "read": {"device_start": -1, "device_end": -1}}, "FFC_sans_bias34": {"write": {"device_start": 1585499487.4845212, "host_queued_start": 1585499550.378928, "device_queued": 1585499487.4830909, "device_end": 1585499487.4845295, "host_queued_end": 1585499550.381083}, "device": "gpu", "nd_range": {"device_start": 1585499487.4845307, "device_end": 1585499487.484675}, "cmdq": 1, "read": {"device_start": 1585499487.4846823, "device_end": 1585499487.4846992}}, "FFC_sans_bias15": {"write": {"device_start": -1, "host_queued_start": 1585499550.375101, "device_queued": -1, "device_end": -1, "host_queued_end": 1585499550.381083}, "device": "gpu", "nd_range": {"device_start": 1585499487.4837642, "device_end": 1585499487.483872}, "cmdq": 1, "read": {"device_start": -1, "device_end": -1}}, "FFC_sans_bias31": {"write": {"device_start": -1, "host_queued_start": 1585499550.371446, "device_queued": -1, "device_end": -1, "host_queued_end": 1585499550.381083}, "device": "gpu", "nd_range": {"device_start": 1585499487.4830213, "device_end": 1585499487.4831574}, "cmdq": 1, "read": {"device_start": -1, "device_end": -1}}, "FFC_sans_bias16": {"write": {"device_start": 1585499487.4842765, "host_queued_start": 1585499550.377907, "device_queued": 1585499487.4829643, "device_end": 1585499487.484285, "host_queued_end": 1585499550.381083}, "device": "gpu", "nd_range": {"device_start": 1585499487.4842863, "device_end": 1585499487.484407}, "cmdq": 1, "read": {"device_start": 1585499487.4844103, "device_end": 1585499487.4844208}}, "FFC_sans_bias19": {"write": {"device_start": 1585499487.4815888, "host_queued_start": 1585499550.359855, "device_queued": 1585499487.4814844, "device_end": 1585499487.4816027, "host_queued_end": 1585499550.381083}, "device": "gpu", "nd_range": {"device_start": 1585499487.4816039, "device_end": 1585499487.4817336}, "cmdq": 1, "read": {"device_start": -1, "device_end": -1}}, "FFC_sans_bias18": {"write": {"device_start": 1585499487.4815106, "host_queued_start": 1585499550.359356, "device_queued": 1585499487.481446, "device_end": 1585499487.4815195, "host_queued_end": 1585499550.381083}, "device": "gpu", "nd_range": {"device_start": 1585499487.481521, "device_end": 1585499487.4816694}, "cmdq": 0, "read": {"device_start": -1, "device_end": -1}}, "coalesced_transpose30": {"write": {"device_start": -1, "host_queued_start": 1585499550.369119, "device_queued": -1, "device_end": -1, "host_queued_end": 1585499550.381083}, "device": "gpu", "nd_range": {"device_start": 1585499487.4828758, "device_end": 1585499487.4828875}, "cmdq": 1, "read": {"device_start": -1, "device_end": -1}}, "FFC_sans_bias69": {"write": {"device_start": -1, "host_queued_start": 1585499550.376877, "device_queued": -1, "device_end": -1, "host_queued_end": 1585499550.381083}, "device": "gpu", "nd_range": {"device_start": 1585499487.4841588, "device_end": 1585499487.4842746}, "cmdq": 1, "read": {"device_start": -1, "device_end": -1}}, "FFC_sans_bias38": {"write": {"device_start": 1585499487.482089, "host_queued_start": 1585499550.363395, "device_queued": 1585499487.4818692, "device_end": 1585499487.4820976, "host_queued_end": 1585499550.381083}, "device": "gpu", "nd_range": {"device_start": 1585499487.4820988, "device_end": 1585499487.4822047}, "cmdq": 0, "read": {"device_start": -1, "device_end": -1}}, "coalesced_transpose57": {"write": {"device_start": -1, "host_queued_start": 1585499550.369958, "device_queued": -1, "device_end": -1, "host_queued_end": 1585499550.381083}, "device": "gpu", "nd_range": {"device_start": 1585499487.4828353, "device_end": 1585499487.4828422}, "cmdq": 0, "read": {"device_start": -1, "device_end": -1}}, "empty26": {"write": {"device_start": 1585499487.4809134, "host_queued_start": 1585499550.353603, "device_queued": 1585499487.4808853, "device_end": 1585499487.4809222, "host_queued_end": 1585499550.381083}, "device": "gpu", "nd_range": {"device_start": 1585499487.4809232, "device_end": 1585499487.4809268}, "cmdq": 0, "read": {"device_start": -1, "device_end": -1}}, "coalesced_transpose12": {"write": {"device_start": -1, "host_queued_start": 1585499550.368539, "device_queued": -1, "device_end": -1, "host_queued_end": 1585499550.381083}, "device": "gpu", "nd_range": {"device_start": 1585499487.482861, "device_end": 1585499487.4828742}, "cmdq": 1, "read": {"device_start": -1, "device_end": -1}}, "empty44": {"write": {"device_start": 1585499487.4809806, "host_queued_start": 1585499550.354375, "device_queued": 1585499487.4809597, "device_end": 1585499487.4809895, "host_queued_end": 1585499550.381083}, "device": "gpu", "nd_range": {"device_start": 1585499487.4809906, "device_end": 1585499487.4809942}, "cmdq": 0, "read": {"device_start": -1, "device_end": -1}}, "coalesced_transpose21": {"write": {"device_start": -1, "host_queued_start": 1585499550.368829, "device_queued": -1, "device_end": -1, "host_queued_end": 1585499550.381083}, "device": "gpu", "nd_range": {"device_start": 1585499487.4828181, "device_end": 1585499487.4828267}, "cmdq": 0, "read": {"device_start": -1, "device_end": -1}}, "FFC_sans_bias36": {"write": {"device_start": 1585499487.4819565, "host_queued_start": 1585499550.362359, "device_queued": 1585499487.4817922, "device_end": 1585499487.481965, "host_queued_end": 1585499550.381083}, "device": "gpu", "nd_range": {"device_start": 1585499487.4819665, "device_end": 1585499487.4820867}, "cmdq": 0, "read": {"device_start": -1, "device_end": -1}}, "softmax14": {"write": {"device_start": -1, "host_queued_start": 1585499550.373088, "device_queued": -1, "device_end": -1, "host_queued_end": 1585499550.381083}, "device": "gpu", "nd_range": {"device_start": 1585499487.483425, "device_end": 1585499487.4834971}, "cmdq": 1, "read": {"device_start": -1, "device_end": -1}}, "FFC_sans_bias13": {"write": {"device_start": -1, "host_queued_start": 1585499550.370861, "device_queued": -1, "device_end": -1, "host_queued_end": 1585499550.381083}, "device": "gpu", "nd_range": {"device_start": 1585499487.4829094, "device_end": 1585499487.4830189}, "cmdq": 1, "read": {"device_start": -1, "device_end": -1}}, "empty8": {"write": {"device_start": 1585499487.4807646, "host_queued_start": 1585499550.352581, "device_queued": 1585499487.4807236, "device_end": 1585499487.480773, "host_queued_end": 1585499550.381083}, "device": "gpu", "nd_range": {"device_start": 1585499487.480814, "device_end": 1585499487.4808261}, "cmdq": 0, "read": {"device_start": -1, "device_end": -1}}, "FFC_sans_bias42": {"write": {"device_start": -1, "host_queued_start": 1585499550.375984, "device_queued": -1, "device_end": -1, "host_queued_end": 1585499550.381083}, "device": "gpu", "nd_range": {"device_start": 1585499487.4839606, "device_end": 1585499487.4840705}, "cmdq": 0, "read": {"device_start": -1, "device_end": -1}}, "FFC_sans_bias43": {"write": {"device_start": 1585499487.4847348, "host_queued_start": 1585499550.37943, "device_queued": 1585499487.4832802, "device_end": 1585499487.484748, "host_queued_end": 1585499550.381083}, "device": "gpu", "nd_range": {"device_start": 1585499487.4847493, "device_end": 1585499487.4848607}, "cmdq": 0, "read": {"device_start": 1585499487.4848688, "device_end": 1585499487.4848778}}, "FFC_sans_bias40": {"write": {"device_start": -1, "host_queued_start": 1585499550.371746, "device_queued": -1, "device_end": -1, "host_queued_end": 1585499550.381083}, "device": "gpu", "nd_range": {"device_start": 1585499487.4831164, "device_end": 1585499487.4832263}, "cmdq": 0, "read": {"device_start": -1, "device_end": -1}}, "softmax32": {"write": {"device_start": -1, "host_queued_start": 1585499550.373537, "device_queued": -1, "device_end": -1, "host_queued_end": 1585499550.381083}, "device": "gpu", "nd_range": {"device_start": 1585499487.4834993, "device_end": 1585499487.483575}, "cmdq": 1, "read": {"device_start": -1, "device_end": -1}}, "FFC_sans_bias47": {"write": {"device_start": 1585499487.4822898, "host_queued_start": 1585499550.364895, "device_queued": 1585499487.481982, "device_end": 1585499487.4822998, "host_queued_end": 1585499550.381083}, "device": "gpu", "nd_range": {"device_start": 1585499487.4823015, "device_end": 1585499487.4824233}, "cmdq": 1, "read": {"device_start": -1, "device_end": -1}}, "FFC_sans_bias45": {"write": {"device_start": 1585499487.4821677, "host_queued_start": 1585499550.363897, "device_queued": 1585499487.4819102, "device_end": 1585499487.4821763, "host_queued_end": 1585499550.381083}, "device": "gpu", "nd_range": {"device_start": 1585499487.4821775, "device_end": 1585499487.4822876}, "cmdq": 1, "read": {"device_start": -1, "device_end": -1}}, "softmax50": {"write": {"device_start": -1, "host_queued_start": 1585499550.373993, "device_queued": -1, "device_end": -1, "host_queued_end": 1585499550.381083}, "device": "gpu", "nd_range": {"device_start": 1585499487.4835773, "device_end": 1585499487.483652}, "cmdq": 1, "read": {"device_start": -1, "device_end": -1}}, "FFC_sans_bias33": {"write": {"device_start": -1, "host_queued_start": 1585499550.375703, "device_queued": -1, "device_end": -1, "host_queued_end": 1585499550.381083}, "device": "gpu", "nd_range": {"device_start": 1585499487.4838738, "device_end": 1585499487.4839804}, "cmdq": 1, "read": {"device_start": -1, "device_end": -1}}, "FFC_sans_bias63": {"write": {"device_start": 1585499487.4827096, "host_queued_start": 1585499550.367944, "device_queued": 1585499487.4822955, "device_end": 1585499487.482718, "host_queued_end": 1585499550.381083}, "device": "gpu", "nd_range": {"device_start": 1585499487.4827194, "device_end": 1585499487.4828594}, "cmdq": 1, "read": {"device_start": -1, "device_end": -1}}, "FFC_sans_bias49": {"write": {"device_start": -1, "host_queued_start": 1585499550.372032, "device_queued": -1, "device_end": -1, "host_queued_end": 1585499550.381083}, "device": "gpu", "nd_range": {"device_start": 1585499487.4831595, "device_end": 1585499487.483313}, "cmdq": 1, "read": {"device_start": -1, "device_end": -1}}, "FFC_sans_bias64": {"write": {"device_start": 1585499487.482589, "host_queued_start": 1585499550.366922, "device_queued": 1585499487.4822264, "device_end": 1585499487.4825978, "host_queued_end": 1585499550.381083}, "device": "gpu", "nd_range": {"device_start": 1585499487.4825988, "device_end": 1585499487.4827075}, "cmdq": 1, "read": {"device_start": -1, "device_end": -1}}, "FFC_sans_bias65": {"write": {"device_start": 1585499487.4826436, "host_queued_start": 1585499550.367427, "device_queued": 1585499487.4822595, "device_end": 1585499487.4826522, "host_queued_end": 1585499550.381083}, "device": "gpu", "nd_range": {"device_start": 1585499487.4826534, "device_end": 1585499487.4828067}, "cmdq": 0, "read": {"device_start": -1, "device_end": -1}}, "FFC_sans_bias67": {"write": {"device_start": -1, "host_queued_start": 1585499550.372635, "device_queued": -1, "device_end": -1, "host_queued_end": 1585499550.381083}, "device": "gpu", "nd_range": {"device_start": 1585499487.4833143, "device_end": 1585499487.4834228}, "cmdq": 1, "read": {"device_start": -1, "device_end": -1}}, "FFC_sans_bias24": {"write": {"device_start": -1, "host_queued_start": 1585499550.3754, "device_queued": -1, "device_end": -1, "host_queued_end": 1585499550.381083}, "device": "gpu", "nd_range": {"device_start": 1585499487.4837818, "device_end": 1585499487.4839592}, "cmdq": 0, "read": {"device_start": -1, "device_end": -1}}, "FFC_sans_bias25": {"write": {"device_start": 1585499487.4844983, "host_queued_start": 1585499550.378414, "device_queued": 1585499487.4830437, "device_end": 1585499487.4845135, "host_queued_end": 1585499550.381083}, "device": "gpu", "nd_range": {"device_start": 1585499487.4845152, "device_end": 1585499487.4846215}, "cmdq": 0, "read": {"device_start": 1585499487.4846294, "device_end": 1585499487.4846377}}, "FFC_sans_bias27": {"write": {"device_start": 1585499487.4817355, "host_queued_start": 1585499550.360853, "device_queued": 1585499487.4815526, "device_end": 1585499487.4817443, "host_queued_end": 1585499550.381083}, "device": "gpu", "nd_range": {"device_start": 1585499487.4817452, "device_end": 1585499487.4818716}, "cmdq": 1, "read": {"device_start": -1, "device_end": -1}}, "FFC_sans_bias20": {"write": {"device_start": 1585499487.481677, "host_queued_start": 1585499550.360357, "device_queued": 1585499487.4815183, "device_end": 1585499487.4816856, "host_queued_end": 1585499550.381083}, "device": "gpu", "nd_range": {"device_start": 1585499487.4816868, "device_end": 1585499487.4817917}, "cmdq": 0, "read": {"device_start": -1, "device_end": -1}}, "FFC_sans_bias22": {"write": {"device_start": -1, "host_queued_start": 1585499550.371148, "device_queued": -1, "device_end": -1, "host_queued_end": 1585499550.381083}, "device": "gpu", "nd_range": {"device_start": 1585499487.4829526, "device_end": 1585499487.483114}, "cmdq": 0, "read": {"device_start": -1, "device_end": -1}}, "softmax68": {"write": {"device_start": -1, "host_queued_start": 1585499550.374439, "device_queued": -1, "device_end": -1, "host_queued_end": 1585499550.381083}, "device": "gpu", "nd_range": {"device_start": 1585499487.4836538, "device_end": 1585499487.4837627}, "cmdq": 1, "read": {"device_start": -1, "device_end": -1}}, "softmax5": {"write": {"device_start": -1, "host_queued_start": 1585499550.372856, "device_queued": -1, "device_end": -1, "host_queued_end": 1585499550.381083}, "device": "gpu", "nd_range": {"device_start": 1585499487.4833739, "device_end": 1585499487.4834476}, "cmdq": 0, "read": {"device_start": -1, "device_end": -1}}, "FFC_sans_bias28": {"write": {"device_start": 1585499487.481794, "host_queued_start": 1585499550.361356, "device_queued": 1585499487.4815865, "device_end": 1585499487.481803, "host_queued_end": 1585499550.381083}, "device": "gpu", "nd_range": {"device_start": 1585499487.4818041, "device_end": 1585499487.4819512}, "cmdq": 0, "read": {"device_start": -1, "device_end": -1}}, "FFC_sans_bias29": {"write": {"device_start": 1585499487.4818766, "host_queued_start": 1585499550.361856, "device_queued": 1585499487.4816263, "device_end": 1585499487.4818873, "host_queued_end": 1585499550.381083}, "device": "gpu", "nd_range": {"device_start": 1585499487.4818883, "device_end": 1585499487.4819982}, "cmdq": 1, "read": {"device_start": -1, "device_end": -1}}, "empty17": {"write": {"device_start": 1585499487.480867, "host_queued_start": 1585499550.353192, "device_queued": 1585499487.4808342, "device_end": 1585499487.4808757, "host_queued_end": 1585499550.381083}, "device": "gpu", "nd_range": {"device_start": 1585499487.4808767, "device_end": 1585499487.4808805}, "cmdq": 1, "read": {"device_start": -1, "device_end": -1}}, "softmax59": {"write": {"device_start": -1, "host_queued_start": 1585499550.374209, "device_queued": -1, "device_end": -1, "host_queued_end": 1585499550.381083}, "device": "gpu", "nd_range": {"device_start": 1585499487.483597, "device_end": 1585499487.48367}, "cmdq": 0, "read": {"device_start": -1, "device_end": -1}}, "empty71": {"write": {"device_start": 1585499487.4810762, "host_queued_start": 1585499550.355559, "device_queued": 1585499487.4810557, "device_end": 1585499487.481085, "host_queued_end": 1585499550.381083}, "device": "gpu", "nd_range": {"device_start": 1585499487.481086, "device_end": 1585499487.4810896}, "cmdq": 1, "read": {"device_start": -1, "device_end": -1}}, "empty35": {"write": {"device_start": 1585499487.4809463, "host_queued_start": 1585499550.353979, "device_queued": 1585499487.480925, "device_end": 1585499487.4809546, "host_queued_end": 1585499550.381083}, "device": "gpu", "nd_range": {"device_start": 1585499487.4809558, "device_end": 1585499487.4809594}, "cmdq": 1, "read": {"device_start": -1, "device_end": -1}}, "empty53": {"write": {"device_start": 1585499487.4810123, "host_queued_start": 1585499550.354802, "device_queued": 1585499487.4809918, "device_end": 1585499487.481021, "host_queued_end": 1585499550.381083}, "device": "gpu", "nd_range": {"device_start": 1585499487.4810221, "device_end": 1585499487.4810255}, "cmdq": 1, "read": {"device_start": -1, "device_end": -1}}, "FFC_sans_bias46": {"write": {"device_start": 1585499487.4822068, "host_queued_start": 1585499550.364393, "device_queued": 1585499487.4819427, "device_end": 1585499487.4822154, "host_queued_end": 1585499550.381083}, "device": "gpu", "nd_range": {"device_start": 1585499487.4822166, "device_end": 1585499487.4823647}, "cmdq": 0, "read": {"device_start": -1, "device_end": -1}}, "coalesced_transpose66": {"write": {"device_start": -1, "host_queued_start": 1585499550.370231, "device_queued": -1, "device_end": -1, "host_queued_end": 1585499550.381083}, "device": "gpu", "nd_range": {"device_start": 1585499487.4829037, "device_end": 1585499487.4829082}, "cmdq": 1, "read": {"device_start": -1, "device_end": -1}}, "coalesced_transpose48": {"write": {"device_start": -1, "host_queued_start": 1585499550.369681, "device_queued": -1, "device_end": -1, "host_queued_end": 1585499550.381083}, "device": "gpu", "nd_range": {"device_start": 1585499487.4828892, "device_end": 1585499487.4829025}, "cmdq": 1, "read": {"device_start": -1, "device_end": -1}}}