{"FFC_sans_bias60": {"write": {"device_start": -1, "host_queued_start": 1585499895.541252, "device_queued": -1, "device_end": -1, "host_queued_end": 1585499895.545174}, "device": "gpu", "nd_range": {"device_start": 1585499832.6367528, "device_end": 1585499832.6370037}, "cmdq": 4, "read": {"device_start": -1, "device_end": -1}}, "FFC_sans_bias4": {"write": {"device_start": -1, "host_queued_start": 1585499895.548476, "device_queued": -1, "device_end": -1, "host_queued_end": 1585499895.549727}, "device": "cpu", "nd_range": {"device_start": 2167669.740911492, "device_end": 2167669.741520973}, "cmdq": 2, "read": {"device_start": -1, "device_end": -1}}, "FFC_sans_bias7": {"write": {"device_start": -1, "host_queued_start": 1585499895.549681, "device_queued": -1, "device_end": -1, "host_queued_end": 1585499895.549727}, "device": "cpu", "nd_range": {"device_start": 2167669.742166465, "device_end": 2167669.742651444}, "cmdq": 2, "read": {"device_start": -1, "device_end": -1}}, "FFC_sans_bias6": {"write": {"device_start": -1, "host_queued_start": 1585499895.549168, "device_queued": -1, "device_end": -1, "host_queued_end": 1585499895.549727}, "device": "cpu", "nd_range": {"device_start": 2167669.741585308, "device_end": 2167669.7421620563}, "cmdq": 1, "read": {"device_start": -1, "device_end": -1}}, "FFC_sans_bias1": {"write": {"device_start": -1, "host_queued_start": 1585499895.547196, "device_queued": -1, "device_end": -1, "host_queued_end": 1585499895.549727}, "device": "cpu", "nd_range": {"device_start": 2167669.739320057, "device_end": 2167669.740845722}, "cmdq": 2, "read": {"device_start": -1, "device_end": -1}}, "FFC_sans_bias0": {"write": {"device_start": -1, "host_queued_start": 1585499895.546594, "device_queued": -1, "device_end": -1, "host_queued_end": 1585499895.549727}, "device": "cpu", "nd_range": {"device_start": 2167669.7393107223, "device_end": 2167669.740440696}, "cmdq": 1, "read": {"device_start": -1, "device_end": -1}}, "FFC_sans_bias2": {"write": {"device_start": -1, "host_queued_start": 1585499895.54776, "device_queued": -1, "device_end": -1, "host_queued_end": 1585499895.549727}, "device": "cpu", "nd_range": {"device_start": 2167669.739317601, "device_end": 2167669.7407906633}, "cmdq": 0, "read": {"device_start": -1, "device_end": -1}}, "FFC_sans_bias61": {"write": {"device_start": 1585499832.6374533, "host_queued_start": 1585499895.544557, "device_queued": 1585499832.636753, "device_end": 1585499832.6374621, "host_queued_end": 1585499895.545174}, "device": "gpu", "nd_range": {"device_start": 1585499832.6374636, "device_end": 1585499832.6375759}, "cmdq": 1, "read": {"device_start": 1585499832.6375818, "device_end": 1585499832.6375885}}, "FFC_sans_bias52": {"write": {"device_start": 1585499832.6368957, "host_queued_start": 1585499895.544058, "device_queued": 1585499832.6365957, "device_end": 1585499832.6369042, "host_queued_end": 1585499895.545174}, "device": "gpu", "nd_range": {"device_start": 1585499832.6370957, "device_end": 1585499832.637348}, "cmdq": 0, "read": {"device_start": 1585499832.6374419, "device_end": 1585499832.6374488}}, "FFC_sans_bias9": {"write": {"device_start": 1585499832.6345658, "host_queued_start": 1585499895.523661, "device_queued": 1585499832.6345417, "device_end": 1585499832.6345744, "host_queued_end": 1585499895.545174}, "device": "gpu", "nd_range": {"device_start": 1585499832.6346543, "device_end": 1585499832.634769}, "cmdq": 2, "read": {"device_start": -1, "device_end": -1}}, "coalesced_transpose39": {"write": {"device_start": -1, "host_queued_start": 1585499895.535009, "device_queued": -1, "device_end": -1, "host_queued_end": 1585499895.545174}, "device": "gpu", "nd_range": {"device_start": 1585499832.6360078, "device_end": 1585499832.6360264}, "cmdq": 1, "read": {"device_start": -1, "device_end": -1}}, "FFC_sans_bias55": {"write": {"device_start": 1585499832.6355958, "host_queued_start": 1585499895.532354, "device_queued": 1585499832.6354957, "device_end": 1585499832.6356046, "host_queued_end": 1585499895.545174}, "device": "gpu", "nd_range": {"device_start": 1585499832.6356058, "device_end": 1585499832.6359026}, "cmdq": 4, "read": {"device_start": -1, "device_end": -1}}, "FFC_sans_bias54": {"write": {"device_start": 1585499832.6355114, "host_queued_start": 1585499895.53186, "device_queued": 1585499832.63547, "device_end": 1585499832.6355205, "host_queued_end": 1585499895.545174}, "device": "gpu", "nd_range": {"device_start": 1585499832.6355596, "device_end": 1585499832.6358092}, "cmdq": 3, "read": {"device_start": -1, "device_end": -1}}, "FFC_sans_bias56": {"write": {"device_start": 1585499832.6354868, "host_queued_start": 1585499895.531372, "device_queued": 1585499832.6354418, "device_end": 1585499832.6354954, "host_queued_end": 1585499895.545174}, "device": "gpu", "nd_range": {"device_start": 1585499832.6355464, "device_end": 1585499832.635785}, "cmdq": 2, "read": {"device_start": -1, "device_end": -1}}, "FFC_sans_bias51": {"write": {"device_start": -1, "host_queued_start": 1585499895.540891, "device_queued": -1, "device_end": -1, "host_queued_end": 1585499895.545174}, "device": "gpu", "nd_range": {"device_start": 1585499832.636767, "device_end": 1585499832.6370764}, "cmdq": 3, "read": {"device_start": -1, "device_end": -1}}, "softmax23": {"write": {"device_start": -1, "host_queued_start": 1585499895.538309, "device_queued": -1, "device_end": -1, "host_queued_end": 1585499895.545174}, "device": "gpu", "nd_range": {"device_start": 1585499832.6364546, "device_end": 1585499832.6365395}, "cmdq": 3, "read": {"device_start": -1, "device_end": -1}}, "FFC_sans_bias37": {"write": {"device_start": 1585499832.6351829, "host_queued_start": 1585499895.528849, "device_queued": 1585499832.6350923, "device_end": 1585499832.6351914, "host_queued_end": 1585499895.545174}, "device": "gpu", "nd_range": {"device_start": 1585499832.6352217, "device_end": 1585499832.6354825}, "cmdq": 2, "read": {"device_start": -1, "device_end": -1}}, "empty62": {"write": {"device_start": 1585499832.6344934, "host_queued_start": 1585499895.522773, "device_queued": 1585499832.6344678, "device_end": 1585499832.6345017, "host_queued_end": 1585499895.545174}, "device": "gpu", "nd_range": {"device_start": 1585499832.6345031, "device_end": 1585499832.6345067}, "cmdq": 0, "read": {"device_start": -1, "device_end": -1}}, "FFC_sans_bias70": {"write": {"device_start": 1585499832.637476, "host_queued_start": 1585499895.545073, "device_queued": 1585499832.6367934, "device_end": 1585499832.6374846, "host_queued_end": 1585499895.545174}, "device": "gpu", "nd_range": {"device_start": 1585499832.6374874, "device_end": 1585499832.6376255}, "cmdq": 2, "read": {"device_start": 1585499832.6376295, "device_end": 1585499832.637644}}, "FFC_sans_bias58": {"write": {"device_start": -1, "host_queued_start": 1585499895.53757, "device_queued": -1, "device_end": -1, "host_queued_end": 1585499895.545174}, "device": "gpu", "nd_range": {"device_start": 1585499832.636139, "device_end": 1585499832.6363428}, "cmdq": 0, "read": {"device_start": -1, "device_end": -1}}, "softmax41": {"write": {"device_start": -1, "host_queued_start": 1585499895.538778, "device_queued": -1, "device_end": -1, "host_queued_end": 1585499895.545174}, "device": "gpu", "nd_range": {"device_start": 1585499832.6363442, "device_end": 1585499832.636552}, "cmdq": 0, "read": {"device_start": -1, "device_end": -1}}, "FFC_sans_bias11": {"write": {"device_start": 1585499832.6346233, "host_queued_start": 1585499895.5248, "device_queued": 1585499832.6345956, "device_end": 1585499832.6346366, "host_queued_end": 1585499895.545174}, "device": "gpu", "nd_range": {"device_start": 1585499832.6346877, "device_end": 1585499832.6348796}, "cmdq": 4, "read": {"device_start": -1, "device_end": -1}}, "FFC_sans_bias10": {"write": {"device_start": 1585499832.6345928, "host_queued_start": 1585499895.524161, "device_queued": 1585499832.63457, "device_end": 1585499832.6346018, "host_queued_end": 1585499895.545174}, "device": "gpu", "nd_range": {"device_start": 1585499832.6346748, "device_end": 1585499832.6348479}, "cmdq": 3, "read": {"device_start": -1, "device_end": -1}}, "coalesced_transpose3": {"write": {"device_start": -1, "host_queued_start": 1585499895.548116, "device_queued": -1, "device_end": -1, "host_queued_end": 1585499895.549727}, "device": "cpu", "nd_range": {"device_start": 2167669.740855173, "device_end": 2167669.740878864}, "cmdq": 1, "read": {"device_start": -1, "device_end": -1}}, "FFC_sans_bias34": {"write": {"device_start": 1585499832.6370776, "host_queued_start": 1585499895.54307, "device_queued": 1585499832.636313, "device_end": 1585499832.6370864, "host_queued_end": 1585499895.545174}, "device": "gpu", "nd_range": {"device_start": 1585499832.6370885, "device_end": 1585499832.6372256}, "cmdq": 3, "read": {"device_start": 1585499832.637232, "device_end": 1585499832.6372433}}, "FFC_sans_bias15": {"write": {"device_start": -1, "host_queued_start": 1585499895.539746, "device_queued": -1, "device_end": -1, "host_queued_end": 1585499895.545174}, "device": "gpu", "nd_range": {"device_start": 1585499832.6365683, "device_end": 1585499832.6367486}, "cmdq": 4, "read": {"device_start": -1, "device_end": -1}}, "FFC_sans_bias31": {"write": {"device_start": -1, "host_queued_start": 1585499895.536702, "device_queued": -1, "device_end": -1, "host_queued_end": 1585499895.545174}, "device": "gpu", "nd_range": {"device_start": 1585499832.6361444, "device_end": 1585499832.6364133}, "cmdq": 2, "read": {"device_start": -1, "device_end": -1}}, "FFC_sans_bias16": {"write": {"device_start": 1585499832.6368005, "host_queued_start": 1585499895.542025, "device_queued": 1585499832.636385, "device_end": 1585499832.6368113, "host_queued_end": 1585499895.545174}, "device": "gpu", "nd_range": {"device_start": 1585499832.6368134, "device_end": 1585499832.6371095}, "cmdq": 1, "read": {"device_start": 1585499832.6373503, "device_end": 1585499832.6373613}}, "FFC_sans_bias19": {"write": {"device_start": 1585499832.6347592, "host_queued_start": 1585499895.525791, "device_queued": 1585499832.634737, "device_end": 1585499832.634768, "host_queued_end": 1585499895.545174}, "device": "gpu", "nd_range": {"device_start": 1585499832.6349795, "device_end": 1585499832.635091}, "cmdq": 1, "read": {"device_start": -1, "device_end": -1}}, "FFC_sans_bias18": {"write": {"device_start": 1585499832.6347175, "host_queued_start": 1585499895.525301, "device_queued": 1585499832.634695, "device_end": 1585499832.6347263, "host_queued_end": 1585499895.545174}, "device": "gpu", "nd_range": {"device_start": 1585499832.6347337, "device_end": 1585499832.6349173}, "cmdq": 0, "read": {"device_start": -1, "device_end": -1}}, "coalesced_transpose30": {"write": {"device_start": -1, "host_queued_start": 1585499895.534726, "device_queued": -1, "device_end": -1, "host_queued_end": 1585499895.545174}, "device": "gpu", "nd_range": {"device_start": 1585499832.6359725, "device_end": 1585499832.6360176}, "cmdq": 0, "read": {"device_start": -1, "device_end": -1}}, "FFC_sans_bias69": {"write": {"device_start": -1, "host_queued_start": 1585499895.54155, "device_queued": -1, "device_end": -1, "host_queued_end": 1585499895.545174}, "device": "gpu", "nd_range": {"device_start": 1585499832.6366968, "device_end": 1585499832.6368933}, "cmdq": 0, "read": {"device_start": -1, "device_end": -1}}, "FFC_sans_bias38": {"write": {"device_start": 1585499832.635208, "host_queued_start": 1585499895.529347, "device_queued": 1585499832.6351433, "device_end": 1585499832.6352162, "host_queued_end": 1585499895.545174}, "device": "gpu", "nd_range": {"device_start": 1585499832.6352272, "device_end": 1585499832.6355076}, "cmdq": 3, "read": {"device_start": -1, "device_end": -1}}, "coalesced_transpose57": {"write": {"device_start": -1, "host_queued_start": 1585499895.535551, "device_queued": -1, "device_end": -1, "host_queued_end": 1585499895.545174}, "device": "gpu", "nd_range": {"device_start": 1585499832.6359322, "device_end": 1585499832.6360111}, "cmdq": 3, "read": {"device_start": -1, "device_end": -1}}, "empty26": {"write": {"device_start": 1585499832.63434, "host_queued_start": 1585499895.521139, "device_queued": 1585499832.6343138, "device_end": 1585499832.6343489, "host_queued_end": 1585499895.545174}, "device": "gpu", "nd_range": {"device_start": 1585499832.6344352, "device_end": 1585499832.6344385}, "cmdq": 1, "read": {"device_start": -1, "device_end": -1}}, "coalesced_transpose12": {"write": {"device_start": -1, "host_queued_start": 1585499895.534143, "device_queued": -1, "device_end": -1, "host_queued_end": 1585499895.545174}, "device": "gpu", "nd_range": {"device_start": 1585499832.6358101, "device_end": 1585499832.635931}, "cmdq": 3, "read": {"device_start": -1, "device_end": -1}}, "empty44": {"write": {"device_start": 1585499832.6343963, "host_queued_start": 1585499895.521947, "device_queued": 1585499832.6343727, "device_end": 1585499832.634405, "host_queued_end": 1585499895.545174}, "device": "gpu", "nd_range": {"device_start": 1585499832.6344516, "device_end": 1585499832.6344552}, "cmdq": 3, "read": {"device_start": -1, "device_end": -1}}, "coalesced_transpose21": {"write": {"device_start": -1, "host_queued_start": 1585499895.534411, "device_queued": -1, "device_end": -1, "host_queued_end": 1585499895.545174}, "device": "gpu", "nd_range": {"device_start": 1585499832.6359038, "device_end": 1585499832.6360137}, "cmdq": 4, "read": {"device_start": -1, "device_end": -1}}, "FFC_sans_bias36": {"write": {"device_start": 1585499832.635093, "host_queued_start": 1585499895.528341, "device_queued": 1585499832.6350675, "device_end": 1585499832.6351032, "host_queued_end": 1585499895.545174}, "device": "gpu", "nd_range": {"device_start": 1585499832.635203, "device_end": 1585499832.6354048}, "cmdq": 1, "read": {"device_start": -1, "device_end": -1}}, "softmax14": {"write": {"device_start": -1, "host_queued_start": 1585499895.538084, "device_queued": -1, "device_end": -1, "host_queued_end": 1585499895.545174}, "device": "gpu", "nd_range": {"device_start": 1585499832.6364145, "device_end": 1585499832.6365576}, "cmdq": 2, "read": {"device_start": -1, "device_end": -1}}, "FFC_sans_bias13": {"write": {"device_start": -1, "host_queued_start": 1585499895.536116, "device_queued": -1, "device_end": -1, "host_queued_end": 1585499895.545174}, "device": "gpu", "nd_range": {"device_start": 1585499832.6360185, "device_end": 1585499832.6361356}, "cmdq": 0, "read": {"device_start": -1, "device_end": -1}}, "empty8": {"write": {"device_start": -1, "host_queued_start": 1585499895.545918, "device_queued": -1, "device_end": -1, "host_queued_end": 1585499895.549727}, "device": "cpu", "nd_range": {"device_start": 2167669.739289501, "device_end": 2167669.739300595}, "cmdq": 0, "read": {"device_start": -1, "device_end": -1}}, "FFC_sans_bias42": {"write": {"device_start": -1, "host_queued_start": 1585499895.54061, "device_queued": -1, "device_end": -1, "host_queued_end": 1585499895.545174}, "device": "gpu", "nd_range": {"device_start": 1585499832.6367323, "device_end": 1585499832.6369238}, "cmdq": 2, "read": {"device_start": -1, "device_end": -1}}, "FFC_sans_bias43": {"write": {"device_start": 1585499832.6370049, "host_queued_start": 1585499895.543562, "device_queued": 1585499832.636349, "device_end": 1585499832.6370137, "host_queued_end": 1585499895.545174}, "device": "gpu", "nd_range": {"device_start": 1585499832.637092, "device_end": 1585499832.6373134}, "cmdq": 4, "read": {"device_start": 1585499832.6373188, "device_end": 1585499832.6373434}}, "FFC_sans_bias40": {"write": {"device_start": -1, "host_queued_start": 1585499895.536979, "device_queued": -1, "device_end": -1, "host_queued_end": 1585499895.545174}, "device": "gpu", "nd_range": {"device_start": 1585499832.6360917, "device_end": 1585499832.636246}, "cmdq": 3, "read": {"device_start": -1, "device_end": -1}}, "softmax32": {"write": {"device_start": -1, "host_queued_start": 1585499895.538525, "device_queued": -1, "device_end": -1, "host_queued_end": 1585499895.545174}, "device": "gpu", "nd_range": {"device_start": 1585499832.6364472, "device_end": 1585499832.6365223}, "cmdq": 4, "read": {"device_start": -1, "device_end": -1}}, "FFC_sans_bias47": {"write": {"device_start": 1585499832.6354406, "host_queued_start": 1585499895.530873, "device_queued": 1585499832.635418, "device_end": 1585499832.635449, "host_queued_end": 1585499895.545174}, "device": "gpu", "nd_range": {"device_start": 1585499832.6355314, "device_end": 1585499832.6356995}, "cmdq": 1, "read": {"device_start": -1, "device_end": -1}}, "FFC_sans_bias45": {"write": {"device_start": 1585499832.6352947, "host_queued_start": 1585499895.529866, "device_queued": 1585499832.6351664, "device_end": 1585499832.6353033, "host_queued_end": 1585499895.545174}, "device": "gpu", "nd_range": {"device_start": 1585499832.635366, "device_end": 1585499832.635594}, "cmdq": 4, "read": {"device_start": -1, "device_end": -1}}, "softmax50": {"write": {"device_start": -1, "host_queued_start": 1585499895.539005, "device_queued": -1, "device_end": -1, "host_queued_end": 1585499895.545174}, "device": "gpu", "nd_range": {"device_start": 1585499832.6365347, "device_end": 1585499832.636677}, "cmdq": 1, "read": {"device_start": -1, "device_end": -1}}, "FFC_sans_bias33": {"write": {"device_start": -1, "host_queued_start": 1585499895.540316, "device_queued": -1, "device_end": -1, "host_queued_end": 1585499895.545174}, "device": "gpu", "nd_range": {"device_start": 1585499832.636682, "device_end": 1585499832.6367965}, "cmdq": 1, "read": {"device_start": -1, "device_end": -1}}, "FFC_sans_bias63": {"write": {"device_start": 1585499832.635787, "host_queued_start": 1585499895.533843, "device_queued": 1585499832.6356454, "device_end": 1585499832.6357956, "host_queued_end": 1585499895.545174}, "device": "gpu", "nd_range": {"device_start": 1585499832.6358175, "device_end": 1585499832.6360877}, "cmdq": 2, "read": {"device_start": -1, "device_end": -1}}, "FFC_sans_bias49": {"write": {"device_start": -1, "host_queued_start": 1585499895.537272, "device_queued": -1, "device_end": -1, "host_queued_end": 1585499895.545174}, "device": "gpu", "nd_range": {"device_start": 1585499832.6361487, "device_end": 1585499832.636443}, "cmdq": 4, "read": {"device_start": -1, "device_end": -1}}, "FFC_sans_bias64": {"write": {"device_start": 1585499832.6356807, "host_queued_start": 1585499895.53285, "device_queued": 1585499832.6355767, "device_end": 1585499832.635689, "host_queued_end": 1585499895.545174}, "device": "gpu", "nd_range": {"device_start": 1585499832.6356905, "device_end": 1585499832.6359713}, "cmdq": 0, "read": {"device_start": -1, "device_end": -1}}, "FFC_sans_bias65": {"write": {"device_start": 1585499832.6357017, "host_queued_start": 1585499895.533352, "device_queued": 1585499832.63562, "device_end": 1585499832.6357102, "host_queued_end": 1585499895.545174}, "device": "gpu", "nd_range": {"device_start": 1585499832.6358066, "device_end": 1585499832.6360068}, "cmdq": 1, "read": {"device_start": -1, "device_end": -1}}, "FFC_sans_bias67": {"write": {"device_start": -1, "host_queued_start": 1585499895.537853, "device_queued": -1, "device_end": -1, "host_queued_end": 1585499895.545174}, "device": "gpu", "nd_range": {"device_start": 1585499832.636229, "device_end": 1585499832.6365318}, "cmdq": 1, "read": {"device_start": -1, "device_end": -1}}, "FFC_sans_bias24": {"write": {"device_start": -1, "host_queued_start": 1585499895.540028, "device_queued": -1, "device_end": -1, "host_queued_end": 1585499895.545174}, "device": "gpu", "nd_range": {"device_start": 1585499832.6365552, "device_end": 1585499832.6366632}, "cmdq": 0, "read": {"device_start": -1, "device_end": -1}}, "FFC_sans_bias25": {"write": {"device_start": 1585499832.636925, "host_queued_start": 1585499895.542537, "device_queued": 1585499832.6365135, "device_end": 1585499832.6369336, "host_queued_end": 1585499895.545174}, "device": "gpu", "nd_range": {"device_start": 1585499832.636936, "device_end": 1585499832.6371977}, "cmdq": 2, "read": {"device_start": 1585499832.6374195, "device_end": 1585499832.6374378}}, "FFC_sans_bias27": {"write": {"device_start": 1585499832.6349318, "host_queued_start": 1585499895.526842, "device_queued": 1585499832.63491, "device_end": 1585499832.6349406, "host_queued_end": 1585499895.545174}, "device": "gpu", "nd_range": {"device_start": 1585499832.6350067, "device_end": 1585499832.6352055}, "cmdq": 3, "read": {"device_start": -1, "device_end": -1}}, "FFC_sans_bias20": {"write": {"device_start": 1585499832.6349053, "host_queued_start": 1585499895.526298, "device_queued": 1585499832.6348827, "device_end": 1585499832.6349144, "host_queued_end": 1585499895.545174}, "device": "gpu", "nd_range": {"device_start": 1585499832.6349938, "device_end": 1585499832.6351788}, "cmdq": 2, "read": {"device_start": -1, "device_end": -1}}, "FFC_sans_bias22": {"write": {"device_start": -1, "host_queued_start": 1585499895.536412, "device_queued": -1, "device_end": -1, "host_queued_end": 1585499895.545174}, "device": "gpu", "nd_range": {"device_start": 1585499832.6360285, "device_end": 1585499832.6362276}, "cmdq": 1, "read": {"device_start": -1, "device_end": -1}}, "softmax68": {"write": {"device_start": -1, "host_queued_start": 1585499895.539458, "device_queued": -1, "device_end": -1, "host_queued_end": 1585499895.545174}, "device": "gpu", "nd_range": {"device_start": 1585499832.6365435, "device_end": 1585499832.6366873}, "cmdq": 3, "read": {"device_start": -1, "device_end": -1}}, "softmax5": {"write": {"device_start": -1, "host_queued_start": 1585499895.548755, "device_queued": -1, "device_end": -1, "host_queued_end": 1585499895.549727}, "device": "cpu", "nd_range": {"device_start": 2167669.741526918, "device_end": 2167669.741578392}, "cmdq": 0, "read": {"device_start": -1, "device_end": -1}}, "FFC_sans_bias28": {"write": {"device_start": 1585499832.634965, "host_queued_start": 1585499895.527331, "device_queued": 1585499832.6349401, "device_end": 1585499832.6349733, "host_queued_end": 1585499895.545174}, "device": "gpu", "nd_range": {"device_start": 1585499832.635021, "device_end": 1585499832.6352925}, "cmdq": 4, "read": {"device_start": -1, "device_end": -1}}, "FFC_sans_bias29": {"write": {"device_start": 1585499832.6350513, "host_queued_start": 1585499895.527836, "device_queued": 1585499832.6350267, "device_end": 1585499832.63506, "host_queued_end": 1585499895.545174}, "device": "gpu", "nd_range": {"device_start": 1585499832.635061, "device_end": 1585499832.6353788}, "cmdq": 0, "read": {"device_start": -1, "device_end": -1}}, "empty17": {"write": {"device_start": 1585499832.6342516, "host_queued_start": 1585499895.520524, "device_queued": 1585499832.6342134, "device_end": 1585499832.6342602, "host_queued_end": 1585499895.545174}, "device": "gpu", "nd_range": {"device_start": 1585499832.6342828, "device_end": 1585499832.6342962}, "cmdq": 0, "read": {"device_start": -1, "device_end": -1}}, "softmax59": {"write": {"device_start": -1, "host_queued_start": 1585499895.539232, "device_queued": -1, "device_end": -1, "host_queued_end": 1585499895.545174}, "device": "gpu", "nd_range": {"device_start": 1585499832.6365619, "device_end": 1585499832.636722}, "cmdq": 2, "read": {"device_start": -1, "device_end": -1}}, "empty71": {"write": {"device_start": 1585499832.6345322, "host_queued_start": 1585499895.523139, "device_queued": 1585499832.6345105, "device_end": 1585499832.6345408, "host_queued_end": 1585499895.545174}, "device": "gpu", "nd_range": {"device_start": 1585499832.6346378, "device_end": 1585499832.634645}, "cmdq": 1, "read": {"device_start": -1, "device_end": -1}}, "empty35": {"write": {"device_start": 1585499832.6343691, "host_queued_start": 1585499895.521546, "device_queued": 1585499832.634346, "device_end": 1585499832.6343777, "host_queued_end": 1585499895.545174}, "device": "gpu", "nd_range": {"device_start": 1585499832.6344433, "device_end": 1585499832.6344466}, "cmdq": 2, "read": {"device_start": -1, "device_end": -1}}, "empty53": {"write": {"device_start": 1585499832.6344244, "host_queued_start": 1585499895.522344, "device_queued": 1585499832.6344008, "device_end": 1585499832.634433, "host_queued_end": 1585499895.545174}, "device": "gpu", "nd_range": {"device_start": 1585499832.6344588, "device_end": 1585499832.634462}, "cmdq": 4, "read": {"device_start": -1, "device_end": -1}}, "FFC_sans_bias46": {"write": {"device_start": 1585499832.6353953, "host_queued_start": 1585499895.530358, "device_queued": 1585499832.6353714, "device_end": 1585499832.6354039, "host_queued_end": 1585499895.545174}, "device": "gpu", "nd_range": {"device_start": 1585499832.635412, "device_end": 1585499832.6356783}, "cmdq": 0, "read": {"device_start": -1, "device_end": -1}}, "coalesced_transpose66": {"write": {"device_start": -1, "host_queued_start": 1585499895.535828, "device_queued": -1, "device_end": -1, "host_queued_end": 1585499895.545174}, "device": "gpu", "nd_range": {"device_start": 1585499832.636015, "device_end": 1585499832.636033}, "cmdq": 4, "read": {"device_start": -1, "device_end": -1}}, "coalesced_transpose48": {"write": {"device_start": -1, "host_queued_start": 1585499895.535272, "device_queued": -1, "device_end": -1, "host_queued_end": 1585499895.545174}, "device": "gpu", "nd_range": {"device_start": 1585499832.6360886, "device_end": 1585499832.636142}, "cmdq": 2, "read": {"device_start": -1, "device_end": -1}}}