{"FFC_sans_bias60": {"write": {"device_start": -1, "host_queued_start": 1585499764.420027, "device_queued": -1, "device_end": -1, "host_queued_end": 1585499764.424442}, "device": "gpu", "nd_range": {"device_start": 1585499701.5202599, "device_end": 1585499701.520495}, "cmdq": 2, "read": {"device_start": -1, "device_end": -1}}, "FFC_sans_bias4": {"write": {"device_start": -1, "host_queued_start": 1585499764.414089, "device_queued": -1, "device_end": -1, "host_queued_end": 1585499764.424442}, "device": "gpu", "nd_range": {"device_start": 1585499701.5192542, "device_end": 1585499701.5193982}, "cmdq": 0, "read": {"device_start": -1, "device_end": -1}}, "FFC_sans_bias7": {"write": {"device_start": 1585499701.52009, "host_queued_start": 1585499764.420777, "device_queued": 1585499701.5195389, "device_end": 1585499701.5200987, "host_queued_end": 1585499764.424442}, "device": "gpu", "nd_range": {"device_start": 1585499701.5200999, "device_end": 1585499701.5202928}, "cmdq": 0, "read": {"device_start": 1585499701.5203016, "device_end": 1585499701.5203106}}, "FFC_sans_bias6": {"write": {"device_start": -1, "host_queued_start": 1585499764.418278, "device_queued": -1, "device_end": -1, "host_queued_end": 1585499764.424442}, "device": "gpu", "nd_range": {"device_start": 1585499701.5198553, "device_end": 1585499701.5199769}, "cmdq": 0, "read": {"device_start": -1, "device_end": -1}}, "FFC_sans_bias1": {"write": {"device_start": 1585499701.5177617, "host_queued_start": 1585499764.400525, "device_queued": 1585499701.5177402, "device_end": 1585499701.5177703, "host_queued_end": 1585499764.424442}, "device": "gpu", "nd_range": {"device_start": 1585499701.5178277, "device_end": 1585499701.5179355}, "cmdq": 1, "read": {"device_start": -1, "device_end": -1}}, "FFC_sans_bias0": {"write": {"device_start": 1585499701.5177176, "host_queued_start": 1585499764.400033, "device_queued": 1585499701.5176961, "device_end": 1585499701.5177264, "host_queued_end": 1585499764.424442}, "device": "gpu", "nd_range": {"device_start": 1585499701.5177305, "device_end": 1585499701.517839}, "cmdq": 0, "read": {"device_start": -1, "device_end": -1}}, "FFC_sans_bias2": {"write": {"device_start": 1585499701.51779, "host_queued_start": 1585499764.401022, "device_queued": 1585499701.5177655, "device_end": 1585499701.517801, "host_queued_end": 1585499764.424442}, "device": "gpu", "nd_range": {"device_start": 1585499701.5178416, "device_end": 1585499701.518039}, "cmdq": 2, "read": {"device_start": -1, "device_end": -1}}, "FFC_sans_bias61": {"write": {"device_start": 1585499701.520778, "host_queued_start": 1585499764.423851, "device_queued": 1585499701.5199363, "device_end": 1585499701.5207865, "host_queued_end": 1585499764.424442}, "device": "gpu", "nd_range": {"device_start": 1585499701.5207875, "device_end": 1585499701.520915}, "cmdq": 2, "read": {"device_start": 1585499701.5209272, "device_end": 1585499701.5209413}}, "FFC_sans_bias52": {"write": {"device_start": 1585499701.5205534, "host_queued_start": 1585499764.423347, "device_queued": 1585499701.519912, "device_end": 1585499701.520562, "host_queued_end": 1585499764.424442}, "device": "gpu", "nd_range": {"device_start": 1585499701.5205631, "device_end": 1585499701.5207517}, "cmdq": 1, "read": {"device_start": 1585499701.5208879, "device_end": 1585499701.5209103}}, "FFC_sans_bias9": {"write": {"device_start": 1585499701.5178158, "host_queued_start": 1585499764.40165, "device_queued": 1585499701.5177915, "device_end": 1585499701.5178246, "host_queued_end": 1585499764.424442}, "device": "gpu", "nd_range": {"device_start": 1585499701.5178523, "device_end": 1585499701.518046}, "cmdq": 3, "read": {"device_start": -1, "device_end": -1}}, "coalesced_transpose39": {"write": {"device_start": -1, "host_queued_start": 1585499764.412987, "device_queued": -1, "device_end": -1, "host_queued_end": 1585499764.424442}, "device": "gpu", "nd_range": {"device_start": 1585499701.5192394, "device_end": 1585499701.519253}, "cmdq": 0, "read": {"device_start": -1, "device_end": -1}}, "FFC_sans_bias55": {"write": {"device_start": 1585499701.5189185, "host_queued_start": 1585499764.41009, "device_queued": 1585499701.5187407, "device_end": 1585499701.5189269, "host_queued_end": 1585499764.424442}, "device": "gpu", "nd_range": {"device_start": 1585499701.5189283, "device_end": 1585499701.5191274}, "cmdq": 0, "read": {"device_start": -1, "device_end": -1}}, "FFC_sans_bias54": {"write": {"device_start": 1585499701.5188196, "host_queued_start": 1585499764.409609, "device_queued": 1585499701.5185938, "device_end": 1585499701.5188293, "host_queued_end": 1585499764.424442}, "device": "gpu", "nd_range": {"device_start": 1585499701.5188305, "device_end": 1585499701.5190985}, "cmdq": 3, "read": {"device_start": -1, "device_end": -1}}, "FFC_sans_bias56": {"write": {"device_start": 1585499701.5188, "host_queued_start": 1585499764.409125, "device_queued": 1585499701.5185714, "device_end": 1585499701.5188086, "host_queued_end": 1585499764.424442}, "device": "gpu", "nd_range": {"device_start": 1585499701.51881, "device_end": 1585499701.519023}, "cmdq": 2, "read": {"device_start": -1, "device_end": -1}}, "FFC_sans_bias51": {"write": {"device_start": -1, "host_queued_start": 1585499764.419736, "device_queued": -1, "device_end": -1, "host_queued_end": 1585499764.424442}, "device": "gpu", "nd_range": {"device_start": 1585499701.520046, "device_end": 1585499701.5201905}, "cmdq": 1, "read": {"device_start": -1, "device_end": -1}}, "softmax23": {"write": {"device_start": -1, "host_queued_start": 1585499764.41682, "device_queued": -1, "device_end": -1, "host_queued_end": 1585499764.424442}, "device": "gpu", "nd_range": {"device_start": 1585499701.5198066, "device_end": 1585499701.51991}, "cmdq": 2, "read": {"device_start": -1, "device_end": -1}}, "FFC_sans_bias37": {"write": {"device_start": 1585499701.5184932, "host_queued_start": 1585499764.406651, "device_queued": 1585499701.5183988, "device_end": 1585499701.518502, "host_queued_end": 1585499764.424442}, "device": "gpu", "nd_range": {"device_start": 1585499701.518503, "device_end": 1585499701.5187168}, "cmdq": 1, "read": {"device_start": -1, "device_end": -1}}, "empty62": {"write": {"device_start": 1585499701.5176423, "host_queued_start": 1585499764.399148, "device_queued": 1585499701.5176191, "device_end": 1585499701.517652, "host_queued_end": 1585499764.424442}, "device": "gpu", "nd_range": {"device_start": 1585499701.517682, "device_end": 1585499701.517686}, "cmdq": 2, "read": {"device_start": -1, "device_end": -1}}, "FFC_sans_bias70": {"write": {"device_start": 1585499701.5208876, "host_queued_start": 1585499764.424343, "device_queued": 1585499701.5199587, "device_end": 1585499701.5209093, "host_queued_end": 1585499764.424442}, "device": "gpu", "nd_range": {"device_start": 1585499701.5209117, "device_end": 1585499701.521019}, "cmdq": 3, "read": {"device_start": 1585499701.5210283, "device_end": 1585499701.521035}}, "FFC_sans_bias58": {"write": {"device_start": -1, "host_queued_start": 1585499764.415858, "device_queued": -1, "device_end": -1, "host_queued_end": 1585499764.424442}, "device": "gpu", "nd_range": {"device_start": 1585499701.5196126, "device_end": 1585499701.5198054}, "cmdq": 2, "read": {"device_start": -1, "device_end": -1}}, "softmax41": {"write": {"device_start": -1, "host_queued_start": 1585499764.417258, "device_queued": -1, "device_end": -1, "host_queued_end": 1585499764.424442}, "device": "gpu", "nd_range": {"device_start": 1585499701.5197766, "device_end": 1585499701.5198522}, "cmdq": 0, "read": {"device_start": -1, "device_end": -1}}, "FFC_sans_bias11": {"write": {"device_start": 1585499701.518029, "host_queued_start": 1585499764.402678, "device_queued": 1585499701.5180051, "device_end": 1585499701.5180378, "host_queued_end": 1585499764.424442}, "device": "gpu", "nd_range": {"device_start": 1585499701.5180948, "device_end": 1585499701.5182066}, "cmdq": 1, "read": {"device_start": -1, "device_end": -1}}, "FFC_sans_bias10": {"write": {"device_start": 1585499701.5179808, "host_queued_start": 1585499764.402135, "device_queued": 1585499701.517958, "device_end": 1585499701.5179894, "host_queued_end": 1585499764.424442}, "device": "gpu", "nd_range": {"device_start": 1585499701.5179973, "device_end": 1585499701.518132}, "cmdq": 0, "read": {"device_start": -1, "device_end": -1}}, "coalesced_transpose3": {"write": {"device_start": -1, "host_queued_start": 1585499764.411911, "device_queued": -1, "device_end": -1, "host_queued_end": 1585499764.424442}, "device": "gpu", "nd_range": {"device_start": 1585499701.5191286, "device_end": 1585499701.5192382}, "cmdq": 0, "read": {"device_start": -1, "device_end": -1}}, "FFC_sans_bias34": {"write": {"device_start": 1585499701.520568, "host_queued_start": 1585499764.422264, "device_queued": 1585499701.5196195, "device_end": 1585499701.5205808, "host_queued_end": 1585499764.424442}, "device": "gpu", "nd_range": {"device_start": 1585499701.5205817, "device_end": 1585499701.5207925}, "cmdq": 3, "read": {"device_start": 1585499701.5208075, "device_end": 1585499701.520823}}, "FFC_sans_bias15": {"write": {"device_start": -1, "host_queued_start": 1585499764.418558, "device_queued": -1, "device_end": -1, "host_queued_end": 1585499764.424442}, "device": "gpu", "nd_range": {"device_start": 1585499701.519885, "device_end": 1585499701.5200436}, "cmdq": 1, "read": {"device_start": -1, "device_end": -1}}, "FFC_sans_bias31": {"write": {"device_start": -1, "host_queued_start": 1585499764.41498, "device_queued": -1, "device_end": -1, "host_queued_end": 1585499764.424442}, "device": "gpu", "nd_range": {"device_start": 1585499701.5194077, "device_end": 1585499701.5196285}, "cmdq": 3, "read": {"device_start": -1, "device_end": -1}}, "FFC_sans_bias16": {"write": {"device_start": 1585499701.520192, "host_queued_start": 1585499764.42128, "device_queued": 1585499701.5195746, "device_end": 1585499701.5202003, "host_queued_end": 1585499764.424442}, "device": "gpu", "nd_range": {"device_start": 1585499701.5202017, "device_end": 1585499701.5204413}, "cmdq": 1, "read": {"device_start": 1585499701.5204523, "device_end": 1585499701.5204608}}, "FFC_sans_bias19": {"write": {"device_start": 1585499701.518083, "host_queued_start": 1585499764.403661, "device_queued": 1585499701.5180614, "device_end": 1585499701.518092, "host_queued_end": 1585499764.424442}, "device": "gpu", "nd_range": {"device_start": 1585499701.5181196, "device_end": 1585499701.5183203}, "cmdq": 3, "read": {"device_start": -1, "device_end": -1}}, "FFC_sans_bias18": {"write": {"device_start": 1585499701.5180552, "host_queued_start": 1585499764.403171, "device_queued": 1585499701.5180316, "device_end": 1585499701.5180638, "host_queued_end": 1585499764.424442}, "device": "gpu", "nd_range": {"device_start": 1585499701.518107, "device_end": 1585499701.518304}, "cmdq": 2, "read": {"device_start": -1, "device_end": -1}}, "coalesced_transpose30": {"write": {"device_start": -1, "host_queued_start": 1585499764.412727, "device_queued": -1, "device_end": -1, "host_queued_end": 1585499764.424442}, "device": "gpu", "nd_range": {"device_start": 1585499701.5193205, "device_end": 1585499701.5193908}, "cmdq": 3, "read": {"device_start": -1, "device_end": -1}}, "FFC_sans_bias69": {"write": {"device_start": -1, "host_queued_start": 1585499764.420303, "device_queued": -1, "device_end": -1, "host_queued_end": 1585499764.424442}, "device": "gpu", "nd_range": {"device_start": 1585499701.5203795, "device_end": 1585499701.5205657}, "cmdq": 3, "read": {"device_start": -1, "device_end": -1}}, "FFC_sans_bias38": {"write": {"device_start": 1585499701.5185199, "host_queued_start": 1585499764.407148, "device_queued": 1585499701.5184247, "device_end": 1585499701.5185301, "host_queued_end": 1585499764.424442}, "device": "gpu", "nd_range": {"device_start": 1585499701.5185313, "device_end": 1585499701.5187957}, "cmdq": 2, "read": {"device_start": -1, "device_end": -1}}, "coalesced_transpose57": {"write": {"device_start": -1, "host_queued_start": 1585499764.413535, "device_queued": -1, "device_end": -1, "host_queued_end": 1585499764.424442}, "device": "gpu", "nd_range": {"device_start": 1585499701.519386, "device_end": 1585499701.5194025}, "cmdq": 2, "read": {"device_start": -1, "device_end": -1}}, "empty26": {"write": {"device_start": 1585499701.5175033, "host_queued_start": 1585499764.39757, "device_queued": 1585499701.5174787, "device_end": 1585499701.517512, "host_queued_end": 1585499764.424442}, "device": "gpu", "nd_range": {"device_start": 1585499701.5175452, "device_end": 1585499701.5175488}, "cmdq": 2, "read": {"device_start": -1, "device_end": -1}}, "coalesced_transpose12": {"write": {"device_start": -1, "host_queued_start": 1585499764.412179, "device_queued": -1, "device_end": -1, "host_queued_end": 1585499764.424442}, "device": "gpu", "nd_range": {"device_start": 1585499701.5192182, "device_end": 1585499701.519245}, "cmdq": 1, "read": {"device_start": -1, "device_end": -1}}, "empty44": {"write": {"device_start": 1585499701.5175831, "host_queued_start": 1585499764.398383, "device_queued": 1585499701.5175614, "device_end": 1585499701.517592, "host_queued_end": 1585499764.424442}, "device": "gpu", "nd_range": {"device_start": 1585499701.517593, "device_end": 1585499701.5175962}, "cmdq": 0, "read": {"device_start": -1, "device_end": -1}}, "coalesced_transpose21": {"write": {"device_start": -1, "host_queued_start": 1585499764.412454, "device_queued": -1, "device_end": -1, "host_queued_end": 1585499764.424442}, "device": "gpu", "nd_range": {"device_start": 1585499701.5192847, "device_end": 1585499701.5193841}, "cmdq": 2, "read": {"device_start": -1, "device_end": -1}}, "FFC_sans_bias36": {"write": {"device_start": 1585499701.518412, "host_queued_start": 1585499764.406142, "device_queued": 1585499701.518356, "device_end": 1585499701.518422, "host_queued_end": 1585499764.424442}, "device": "gpu", "nd_range": {"device_start": 1585499701.518423, "device_end": 1585499701.518628}, "cmdq": 0, "read": {"device_start": -1, "device_end": -1}}, "softmax14": {"write": {"device_start": -1, "host_queued_start": 1585499764.416587, "device_queued": -1, "device_end": -1, "host_queued_end": 1585499764.424442}, "device": "gpu", "nd_range": {"device_start": 1585499701.5197153, "device_end": 1585499701.519795}, "cmdq": 1, "read": {"device_start": -1, "device_end": -1}}, "FFC_sans_bias13": {"write": {"device_start": -1, "host_queued_start": 1585499764.414382, "device_queued": -1, "device_end": -1, "host_queued_end": 1585499764.424442}, "device": "gpu", "nd_range": {"device_start": 1585499701.5192604, "device_end": 1585499701.5194635}, "cmdq": 1, "read": {"device_start": -1, "device_end": -1}}, "empty8": {"write": {"device_start": 1585499701.5174062, "host_queued_start": 1585499764.396537, "device_queued": 1585499701.5173676, "device_end": 1585499701.517415, "host_queued_end": 1585499764.424442}, "device": "gpu", "nd_range": {"device_start": 1585499701.517437, "device_end": 1585499701.5174494}, "cmdq": 0, "read": {"device_start": -1, "device_end": -1}}, "FFC_sans_bias42": {"write": {"device_start": -1, "host_queued_start": 1585499764.41945, "device_queued": -1, "device_end": -1, "host_queued_end": 1585499764.424442}, "device": "gpu", "nd_range": {"device_start": 1585499701.519978, "device_end": 1585499701.520089}, "cmdq": 0, "read": {"device_start": -1, "device_end": -1}}, "FFC_sans_bias43": {"write": {"device_start": 1585499701.5204096, "host_queued_start": 1585499764.422823, "device_queued": 1585499701.5198674, "device_end": 1585499701.5204184, "host_queued_end": 1585499764.424442}, "device": "gpu", "nd_range": {"device_start": 1585499701.5204194, "device_end": 1585499701.5205963}, "cmdq": 0, "read": {"device_start": 1585499701.5207877, "device_end": 1585499701.520797}}, "FFC_sans_bias40": {"write": {"device_start": -1, "host_queued_start": 1585499764.415277, "device_queued": -1, "device_end": -1, "host_queued_end": 1585499764.424442}, "device": "gpu", "nd_range": {"device_start": 1585499701.5193994, "device_end": 1585499701.5195236}, "cmdq": 0, "read": {"device_start": -1, "device_end": -1}}, "softmax32": {"write": {"device_start": -1, "host_queued_start": 1585499764.417029, "device_queued": -1, "device_end": -1, "host_queued_end": 1585499764.424442}, "device": "gpu", "nd_range": {"device_start": 1585499701.5198255, "device_end": 1585499701.5199697}, "cmdq": 3, "read": {"device_start": -1, "device_end": -1}}, "FFC_sans_bias47": {"write": {"device_start": 1585499701.518719, "host_queued_start": 1585499764.408635, "device_queued": 1585499701.5185475, "device_end": 1585499701.5187278, "host_queued_end": 1585499764.424442}, "device": "gpu", "nd_range": {"device_start": 1585499701.5187287, "device_end": 1585499701.5189412}, "cmdq": 1, "read": {"device_start": -1, "device_end": -1}}, "FFC_sans_bias45": {"write": {"device_start": 1585499701.5186145, "host_queued_start": 1585499764.407632, "device_queued": 1585499701.518449, "device_end": 1585499701.518623, "host_queued_end": 1585499764.424442}, "device": "gpu", "nd_range": {"device_start": 1585499701.5186243, "device_end": 1585499701.5188172}, "cmdq": 3, "read": {"device_start": -1, "device_end": -1}}, "softmax50": {"write": {"device_start": -1, "host_queued_start": 1585499764.417495, "device_queued": -1, "device_end": -1, "host_queued_end": 1585499764.424442}, "device": "gpu", "nd_range": {"device_start": 1585499701.5197964, "device_end": 1585499701.519883}, "cmdq": 1, "read": {"device_start": -1, "device_end": -1}}, "FFC_sans_bias33": {"write": {"device_start": -1, "host_queued_start": 1585499764.41917, "device_queued": -1, "device_end": -1, "host_queued_end": 1585499764.424442}, "device": "gpu", "nd_range": {"device_start": 1585499701.5201294, "device_end": 1585499701.5203784}, "cmdq": 3, "read": {"device_start": -1, "device_end": -1}}, "FFC_sans_bias63": {"write": {"device_start": 1585499701.5191007, "host_queued_start": 1585499764.411613, "device_queued": 1585499701.5188358, "device_end": 1585499701.5191092, "host_queued_end": 1585499764.424442}, "device": "gpu", "nd_range": {"device_start": 1585499701.5191102, "device_end": 1585499701.519319}, "cmdq": 3, "read": {"device_start": -1, "device_end": -1}}, "FFC_sans_bias49": {"write": {"device_start": -1, "host_queued_start": 1585499764.415553, "device_queued": -1, "device_end": -1, "host_queued_end": 1585499764.424442}, "device": "gpu", "nd_range": {"device_start": 1585499701.5194647, "device_end": 1585499701.519713}, "cmdq": 1, "read": {"device_start": -1, "device_end": -1}}, "FFC_sans_bias64": {"write": {"device_start": 1585499701.5189428, "host_queued_start": 1585499764.410601, "device_queued": 1585499701.5187826, "device_end": 1585499701.5189514, "host_queued_end": 1585499764.424442}, "device": "gpu", "nd_range": {"device_start": 1585499701.5189526, "device_end": 1585499701.5192173}, "cmdq": 1, "read": {"device_start": -1, "device_end": -1}}, "FFC_sans_bias65": {"write": {"device_start": 1585499701.519025, "host_queued_start": 1585499764.411108, "device_queued": 1585499701.518807, "device_end": 1585499701.5190337, "host_queued_end": 1585499764.424442}, "device": "gpu", "nd_range": {"device_start": 1585499701.5190349, "device_end": 1585499701.5192838}, "cmdq": 2, "read": {"device_start": -1, "device_end": -1}}, "FFC_sans_bias67": {"write": {"device_start": -1, "host_queued_start": 1585499764.416147, "device_queued": -1, "device_end": -1, "host_queued_end": 1585499764.424442}, "device": "gpu", "nd_range": {"device_start": 1585499701.5196297, "device_end": 1585499701.5198236}, "cmdq": 3, "read": {"device_start": -1, "device_end": -1}}, "FFC_sans_bias24": {"write": {"device_start": -1, "host_queued_start": 1585499764.418879, "device_queued": -1, "device_end": -1, "host_queued_end": 1585499764.424442}, "device": "gpu", "nd_range": {"device_start": 1585499701.520081, "device_end": 1585499701.520259}, "cmdq": 2, "read": {"device_start": -1, "device_end": -1}}, "FFC_sans_bias25": {"write": {"device_start": 1585499701.520497, "host_queued_start": 1585499764.421775, "device_queued": 1585499701.5195982, "device_end": 1585499701.5205126, "host_queued_end": 1585499764.424442}, "device": "gpu", "nd_range": {"device_start": 1585499701.5205135, "device_end": 1585499701.52067}, "cmdq": 2, "read": {"device_start": 1585499701.5206802, "device_end": 1585499701.520688}}, "FFC_sans_bias27": {"write": {"device_start": 1585499701.5182085, "host_queued_start": 1585499764.404666, "device_queued": 1585499701.5181613, "device_end": 1585499701.518219, "host_queued_end": 1585499764.424442}, "device": "gpu", "nd_range": {"device_start": 1585499701.5182424, "device_end": 1585499701.5184913}, "cmdq": 1, "read": {"device_start": -1, "device_end": -1}}, "FFC_sans_bias20": {"write": {"device_start": 1585499701.5181448, "host_queued_start": 1585499764.404154, "device_queued": 1585499701.5181234, "device_end": 1585499701.5181537, "host_queued_end": 1585499764.424442}, "device": "gpu", "nd_range": {"device_start": 1585499701.518157, "device_end": 1585499701.518407}, "cmdq": 0, "read": {"device_start": -1, "device_end": -1}}, "FFC_sans_bias22": {"write": {"device_start": -1, "host_queued_start": 1585499764.414688, "device_queued": -1, "device_end": -1, "host_queued_end": 1585499764.424442}, "device": "gpu", "nd_range": {"device_start": 1585499701.5194037, "device_end": 1585499701.519611}, "cmdq": 2, "read": {"device_start": -1, "device_end": -1}}, "softmax68": {"write": {"device_start": -1, "host_queued_start": 1585499764.417918, "device_queued": -1, "device_end": -1, "host_queued_end": 1585499764.424442}, "device": "gpu", "nd_range": {"device_start": 1585499701.5199711, "device_end": 1585499701.520127}, "cmdq": 3, "read": {"device_start": -1, "device_end": -1}}, "softmax5": {"write": {"device_start": -1, "host_queued_start": 1585499764.416358, "device_queued": -1, "device_end": -1, "host_queued_end": 1585499764.424442}, "device": "gpu", "nd_range": {"device_start": 1585499701.5195248, "device_end": 1585499701.5197754}, "cmdq": 0, "read": {"device_start": -1, "device_end": -1}}, "FFC_sans_bias28": {"write": {"device_start": 1585499701.5183063, "host_queued_start": 1585499764.405152, "device_queued": 1585499701.518185, "device_end": 1585499701.5183148, "host_queued_end": 1585499764.424442}, "device": "gpu", "nd_range": {"device_start": 1585499701.5183158, "device_end": 1585499701.5185173}, "cmdq": 2, "read": {"device_start": -1, "device_end": -1}}, "FFC_sans_bias29": {"write": {"device_start": 1585499701.5183213, "host_queued_start": 1585499764.405645, "device_queued": 1585499701.5182076, "device_end": 1585499701.5183299, "host_queued_end": 1585499764.424442}, "device": "gpu", "nd_range": {"device_start": 1585499701.518331, "device_end": 1585499701.5186124}, "cmdq": 3, "read": {"device_start": -1, "device_end": -1}}, "empty17": {"write": {"device_start": 1585499701.5174773, "host_queued_start": 1585499764.397154, "device_queued": 1585499701.5174537, "device_end": 1585499701.517486, "host_queued_end": 1585499764.424442}, "device": "gpu", "nd_range": {"device_start": 1585499701.5175412, "device_end": 1585499701.5175478}, "cmdq": 1, "read": {"device_start": -1, "device_end": -1}}, "softmax59": {"write": {"device_start": -1, "host_queued_start": 1585499764.417699, "device_queued": -1, "device_end": -1, "host_queued_end": 1585499764.424442}, "device": "gpu", "nd_range": {"device_start": 1585499701.5199118, "device_end": 1585499701.5200787}, "cmdq": 2, "read": {"device_start": -1, "device_end": -1}}, "empty71": {"write": {"device_start": 1585499701.517668, "host_queued_start": 1585499764.399514, "device_queued": 1585499701.517645, "device_end": 1585499701.5176764, "host_queued_end": 1585499764.424442}, "device": "gpu", "nd_range": {"device_start": 1585499701.5176883, "device_end": 1585499701.5176914}, "cmdq": 3, "read": {"device_start": -1, "device_end": -1}}, "empty35": {"write": {"device_start": 1585499701.5175304, "host_queued_start": 1585499764.397966, "device_queued": 1585499701.5175054, "device_end": 1585499701.5175393, "host_queued_end": 1585499764.424442}, "device": "gpu", "nd_range": {"device_start": 1585499701.5175529, "device_end": 1585499701.517556}, "cmdq": 3, "read": {"device_start": -1, "device_end": -1}}, "empty53": {"write": {"device_start": 1585499701.5176172, "host_queued_start": 1585499764.398776, "device_queued": 1585499701.517596, "device_end": 1585499701.517627, "host_queued_end": 1585499764.424442}, "device": "gpu", "nd_range": {"device_start": 1585499701.5176783, "device_end": 1585499701.5176845}, "cmdq": 1, "read": {"device_start": -1, "device_end": -1}}, "FFC_sans_bias46": {"write": {"device_start": 1585499701.51863, "host_queued_start": 1585499764.408112, "device_queued": 1585499701.5185068, "device_end": 1585499701.5186386, "host_queued_end": 1585499764.424442}, "device": "gpu", "nd_range": {"device_start": 1585499701.5186398, "device_end": 1585499701.5189161}, "cmdq": 0, "read": {"device_start": -1, "device_end": -1}}, "coalesced_transpose66": {"write": {"device_start": -1, "host_queued_start": 1585499764.413795, "device_queued": -1, "device_end": -1, "host_queued_end": 1585499764.424442}, "device": "gpu", "nd_range": {"device_start": 1585499701.5193934, "device_end": 1585499701.5194063}, "cmdq": 3, "read": {"device_start": -1, "device_end": -1}}, "coalesced_transpose48": {"write": {"device_start": -1, "host_queued_start": 1585499764.413264, "device_queued": -1, "device_end": -1, "host_queued_end": 1585499764.424442}, "device": "gpu", "nd_range": {"device_start": 1585499701.5192459, "device_end": 1585499701.5192595}, "cmdq": 1, "read": {"device_start": -1, "device_end": -1}}}