{"FFC_sans_bias60": {"write": {"device_start": -1, "host_queued_start": 1585499807.216385, "device_queued": -1, "device_end": -1, "host_queued_end": 1585499807.220811}, "device": "gpu", "nd_range": {"device_start": 1585499744.3153415, "device_end": 1585499744.3156178}, "cmdq": 2, "read": {"device_start": -1, "device_end": -1}}, "FFC_sans_bias4": {"write": {"device_start": -1, "host_queued_start": 1585499807.210398, "device_queued": -1, "device_end": -1, "host_queued_end": 1585499807.220811}, "device": "gpu", "nd_range": {"device_start": 1585499744.3144488, "device_end": 1585499744.3146539}, "cmdq": 0, "read": {"device_start": -1, "device_end": -1}}, "FFC_sans_bias7": {"write": {"device_start": 1585499744.315539, "host_queued_start": 1585499807.217134, "device_queued": 1585499744.3147306, "device_end": 1585499744.3155475, "host_queued_end": 1585499807.220811}, "device": "gpu", "nd_range": {"device_start": 1585499744.3155484, "device_end": 1585499744.315811}, "cmdq": 0, "read": {"device_start": 1585499744.3158205, "device_end": 1585499744.3158293}}, "FFC_sans_bias6": {"write": {"device_start": -1, "host_queued_start": 1585499807.21464, "device_queued": -1, "device_end": -1, "host_queued_end": 1585499807.220811}, "device": "gpu", "nd_range": {"device_start": 1585499744.315129, "device_end": 1585499744.3153243}, "cmdq": 0, "read": {"device_start": -1, "device_end": -1}}, "FFC_sans_bias1": {"write": {"device_start": 1585499744.3129594, "host_queued_start": 1585499807.196635, "device_queued": 1585499744.3129375, "device_end": 1585499744.3129683, "host_queued_end": 1585499807.220811}, "device": "gpu", "nd_range": {"device_start": 1585499744.3130262, "device_end": 1585499744.313135}, "cmdq": 1, "read": {"device_start": -1, "device_end": -1}}, "FFC_sans_bias0": {"write": {"device_start": 1585499744.3129148, "host_queued_start": 1585499807.196128, "device_queued": 1585499744.312893, "device_end": 1585499744.3129232, "host_queued_end": 1585499807.220811}, "device": "gpu", "nd_range": {"device_start": 1585499744.312928, "device_end": 1585499744.3130372}, "cmdq": 0, "read": {"device_start": -1, "device_end": -1}}, "FFC_sans_bias2": {"write": {"device_start": 1585499744.3129852, "host_queued_start": 1585499807.19714, "device_queued": 1585499744.3129628, "device_end": 1585499744.312994, "host_queued_end": 1585499807.220811}, "device": "gpu", "nd_range": {"device_start": 1585499744.3130395, "device_end": 1585499744.3132384}, "cmdq": 2, "read": {"device_start": -1, "device_end": -1}}, "FFC_sans_bias61": {"write": {"device_start": 1585499744.3159614, "host_queued_start": 1585499807.220216, "device_queued": 1585499744.315132, "device_end": 1585499744.3159702, "host_queued_end": 1585499807.220811}, "device": "gpu", "nd_range": {"device_start": 1585499744.3159711, "device_end": 1585499744.3160856}, "cmdq": 2, "read": {"device_start": 1585499744.316138, "device_end": 1585499744.3161492}}, "FFC_sans_bias52": {"write": {"device_start": 1585499744.315726, "host_queued_start": 1585499807.219707, "device_queued": 1585499744.3151062, "device_end": 1585499744.3157346, "host_queued_end": 1585499807.220811}, "device": "gpu", "nd_range": {"device_start": 1585499744.3157356, "device_end": 1585499744.3159156}, "cmdq": 1, "read": {"device_start": 1585499744.3160675, "device_end": 1585499744.3160748}}, "FFC_sans_bias9": {"write": {"device_start": 1585499744.3130124, "host_queued_start": 1585499807.197783, "device_queued": 1585499744.3129902, "device_end": 1585499744.313021, "host_queued_end": 1585499807.220811}, "device": "gpu", "nd_range": {"device_start": 1585499744.3130515, "device_end": 1585499744.3132463}, "cmdq": 3, "read": {"device_start": -1, "device_end": -1}}, "coalesced_transpose39": {"write": {"device_start": -1, "host_queued_start": 1585499807.209283, "device_queued": -1, "device_end": -1, "host_queued_end": 1585499807.220811}, "device": "gpu", "nd_range": {"device_start": 1585499744.3144312, "device_end": 1585499744.3144476}, "cmdq": 0, "read": {"device_start": -1, "device_end": -1}}, "FFC_sans_bias55": {"write": {"device_start": 1585499744.3141162, "host_queued_start": 1585499807.20634, "device_queued": 1585499744.3139675, "device_end": 1585499744.3141248, "host_queued_end": 1585499807.220811}, "device": "gpu", "nd_range": {"device_start": 1585499744.314126, "device_end": 1585499744.314321}, "cmdq": 0, "read": {"device_start": -1, "device_end": -1}}, "FFC_sans_bias54": {"write": {"device_start": 1585499744.314023, "host_queued_start": 1585499807.20585, "device_queued": 1585499744.313816, "device_end": 1585499744.314033, "host_queued_end": 1585499807.220811}, "device": "gpu", "nd_range": {"device_start": 1585499744.314034, "device_end": 1585499744.3143005}, "cmdq": 3, "read": {"device_start": -1, "device_end": -1}}, "FFC_sans_bias56": {"write": {"device_start": 1585499744.314002, "host_queued_start": 1585499807.205341, "device_queued": 1585499744.313792, "device_end": 1585499744.3140106, "host_queued_end": 1585499807.220811}, "device": "gpu", "nd_range": {"device_start": 1585499744.314012, "device_end": 1585499744.314218}, "cmdq": 2, "read": {"device_start": -1, "device_end": -1}}, "FFC_sans_bias51": {"write": {"device_start": -1, "host_queued_start": 1585499807.216095, "device_queued": -1, "device_end": -1, "host_queued_end": 1585499807.220811}, "device": "gpu", "nd_range": {"device_start": 1585499744.3152328, "device_end": 1585499744.315429}, "cmdq": 1, "read": {"device_start": -1, "device_end": -1}}, "softmax23": {"write": {"device_start": -1, "host_queued_start": 1585499807.213149, "device_queued": -1, "device_end": -1, "host_queued_end": 1585499807.220811}, "device": "gpu", "nd_range": {"device_start": 1585499744.3149962, "device_end": 1585499744.3150783}, "cmdq": 2, "read": {"device_start": -1, "device_end": -1}}, "FFC_sans_bias37": {"write": {"device_start": 1585499744.31369, "host_queued_start": 1585499807.202842, "device_queued": 1585499744.3135953, "device_end": 1585499744.3137035, "host_queued_end": 1585499807.220811}, "device": "gpu", "nd_range": {"device_start": 1585499744.3137045, "device_end": 1585499744.3139129}, "cmdq": 1, "read": {"device_start": -1, "device_end": -1}}, "empty62": {"write": {"device_start": 1585499744.3128395, "host_queued_start": 1585499807.195224, "device_queued": 1585499744.3128152, "device_end": 1585499744.3128488, "host_queued_end": 1585499807.220811}, "device": "gpu", "nd_range": {"device_start": 1585499744.312879, "device_end": 1585499744.312883}, "cmdq": 2, "read": {"device_start": -1, "device_end": -1}}, "FFC_sans_bias70": {"write": {"device_start": 1585499744.3160582, "host_queued_start": 1585499807.220714, "device_queued": 1585499744.3151546, "device_end": 1585499744.3160677, "host_queued_end": 1585499807.220811}, "device": "gpu", "nd_range": {"device_start": 1585499744.3160691, "device_end": 1585499744.3161757}, "cmdq": 3, "read": {"device_start": 1585499744.3161857, "device_end": 1585499744.3161979}}, "FFC_sans_bias58": {"write": {"device_start": -1, "host_queued_start": 1585499807.212183, "device_queued": -1, "device_end": -1, "host_queued_end": 1585499807.220811}, "device": "gpu", "nd_range": {"device_start": 1585499744.3147147, "device_end": 1585499744.3149943}, "cmdq": 2, "read": {"device_start": -1, "device_end": -1}}, "softmax41": {"write": {"device_start": -1, "host_queued_start": 1585499807.213596, "device_queued": -1, "device_end": -1, "host_queued_end": 1585499807.220811}, "device": "gpu", "nd_range": {"device_start": 1585499744.315044, "device_end": 1585499744.3151278}, "cmdq": 0, "read": {"device_start": -1, "device_end": -1}}, "FFC_sans_bias11": {"write": {"device_start": 1585499744.3132284, "host_queued_start": 1585499807.19883, "device_queued": 1585499744.3132036, "device_end": 1585499744.3132372, "host_queued_end": 1585499807.220811}, "device": "gpu", "nd_range": {"device_start": 1585499744.3132932, "device_end": 1585499744.313401}, "cmdq": 1, "read": {"device_start": -1, "device_end": -1}}, "FFC_sans_bias10": {"write": {"device_start": 1585499744.3131795, "host_queued_start": 1585499807.198278, "device_queued": 1585499744.3131561, "device_end": 1585499744.313188, "host_queued_end": 1585499807.220811}, "device": "gpu", "nd_range": {"device_start": 1585499744.3131945, "device_end": 1585499744.3133361}, "cmdq": 0, "read": {"device_start": -1, "device_end": -1}}, "coalesced_transpose3": {"write": {"device_start": -1, "host_queued_start": 1585499807.208169, "device_queued": -1, "device_end": -1, "host_queued_end": 1585499807.220811}, "device": "gpu", "nd_range": {"device_start": 1585499744.314322, "device_end": 1585499744.31443}, "cmdq": 0, "read": {"device_start": -1, "device_end": -1}}, "FFC_sans_bias34": {"write": {"device_start": 1585499744.3157427, "host_queued_start": 1585499807.218666, "device_queued": 1585499744.314816, "device_end": 1585499744.3157568, "host_queued_end": 1585499807.220811}, "device": "gpu", "nd_range": {"device_start": 1585499744.3157582, "device_end": 1585499744.3159747}, "cmdq": 3, "read": {"device_start": 1585499744.315992, "device_end": 1585499744.316}}, "FFC_sans_bias15": {"write": {"device_start": -1, "host_queued_start": 1585499807.214932, "device_queued": -1, "device_end": -1, "host_queued_end": 1585499807.220811}, "device": "gpu", "nd_range": {"device_start": 1585499744.3151195, "device_end": 1585499744.3152308}, "cmdq": 1, "read": {"device_start": -1, "device_end": -1}}, "FFC_sans_bias31": {"write": {"device_start": -1, "host_queued_start": 1585499807.211298, "device_queued": -1, "device_end": -1, "host_queued_end": 1585499807.220811}, "device": "gpu", "nd_range": {"device_start": 1585499744.3146095, "device_end": 1585499744.3148243}, "cmdq": 3, "read": {"device_start": -1, "device_end": -1}}, "FFC_sans_bias16": {"write": {"device_start": 1585499744.31543, "host_queued_start": 1585499807.217643, "device_queued": 1585499744.3147674, "device_end": 1585499744.3154387, "host_queued_end": 1585499807.220811}, "device": "gpu", "nd_range": {"device_start": 1585499744.3154397, "device_end": 1585499744.3156407}, "cmdq": 1, "read": {"device_start": 1585499744.3156478, "device_end": 1585499744.3156562}}, "FFC_sans_bias19": {"write": {"device_start": 1585499744.3132815, "host_queued_start": 1585499807.199817, "device_queued": 1585499744.3132594, "device_end": 1585499744.3132904, "host_queued_end": 1585499807.220811}, "device": "gpu", "nd_range": {"device_start": 1585499744.3133159, "device_end": 1585499744.3135169}, "cmdq": 3, "read": {"device_start": -1, "device_end": -1}}, "FFC_sans_bias18": {"write": {"device_start": 1585499744.3132548, "host_queued_start": 1585499807.19932, "device_queued": 1585499744.3132303, "device_end": 1585499744.3132634, "host_queued_end": 1585499807.220811}, "device": "gpu", "nd_range": {"device_start": 1585499744.3133035, "device_end": 1585499744.3135023}, "cmdq": 2, "read": {"device_start": -1, "device_end": -1}}, "coalesced_transpose30": {"write": {"device_start": -1, "host_queued_start": 1585499807.209012, "device_queued": -1, "device_end": -1, "host_queued_end": 1585499807.220811}, "device": "gpu", "nd_range": {"device_start": 1585499744.314522, "device_end": 1585499744.3145897}, "cmdq": 3, "read": {"device_start": -1, "device_end": -1}}, "FFC_sans_bias69": {"write": {"device_start": -1, "host_queued_start": 1585499807.216662, "device_queued": -1, "device_end": -1, "host_queued_end": 1585499807.220811}, "device": "gpu", "nd_range": {"device_start": 1585499744.315503, "device_end": 1585499744.3157418}, "cmdq": 3, "read": {"device_start": -1, "device_end": -1}}, "FFC_sans_bias38": {"write": {"device_start": 1585499744.313715, "host_queued_start": 1585499807.203345, "device_queued": 1585499744.3136208, "device_end": 1585499744.3137236, "host_queued_end": 1585499807.220811}, "device": "gpu", "nd_range": {"device_start": 1585499744.3137248, "device_end": 1585499744.314}, "cmdq": 2, "read": {"device_start": -1, "device_end": -1}}, "coalesced_transpose57": {"write": {"device_start": -1, "host_queued_start": 1585499807.20984, "device_queued": -1, "device_end": -1, "host_queued_end": 1585499807.220811}, "device": "gpu", "nd_range": {"device_start": 1585499744.314587, "device_end": 1585499744.3145998}, "cmdq": 2, "read": {"device_start": -1, "device_end": -1}}, "empty26": {"write": {"device_start": 1585499744.312683, "host_queued_start": 1585499807.19363, "device_queued": 1585499744.3126578, "device_end": 1585499744.3126972, "host_queued_end": 1585499807.220811}, "device": "gpu", "nd_range": {"device_start": 1585499744.312742, "device_end": 1585499744.3127458}, "cmdq": 2, "read": {"device_start": -1, "device_end": -1}}, "coalesced_transpose12": {"write": {"device_start": -1, "host_queued_start": 1585499807.208446, "device_queued": -1, "device_end": -1, "host_queued_end": 1585499807.220811}, "device": "gpu", "nd_range": {"device_start": 1585499744.3144195, "device_end": 1585499744.3144338}, "cmdq": 1, "read": {"device_start": -1, "device_end": -1}}, "empty44": {"write": {"device_start": 1585499744.312779, "host_queued_start": 1585499807.194455, "device_queued": 1585499744.3127575, "device_end": 1585499744.3127875, "host_queued_end": 1585499807.220811}, "device": "gpu", "nd_range": {"device_start": 1585499744.3127885, "device_end": 1585499744.312792}, "cmdq": 0, "read": {"device_start": -1, "device_end": -1}}, "coalesced_transpose21": {"write": {"device_start": -1, "host_queued_start": 1585499807.208728, "device_queued": -1, "device_end": -1, "host_queued_end": 1585499807.220811}, "device": "gpu", "nd_range": {"device_start": 1585499744.314489, "device_end": 1585499744.3145854}, "cmdq": 2, "read": {"device_start": -1, "device_end": -1}}, "FFC_sans_bias36": {"write": {"device_start": 1585499744.3136122, "host_queued_start": 1585499807.202305, "device_queued": 1585499744.3135524, "device_end": 1585499744.3136208, "host_queued_end": 1585499807.220811}, "device": "gpu", "nd_range": {"device_start": 1585499744.3136218, "device_end": 1585499744.313831}, "cmdq": 0, "read": {"device_start": -1, "device_end": -1}}, "softmax14": {"write": {"device_start": -1, "host_queued_start": 1585499807.21292, "device_queued": -1, "device_end": -1, "host_queued_end": 1585499807.220811}, "device": "gpu", "nd_range": {"device_start": 1585499744.314814, "device_end": 1585499744.3150327}, "cmdq": 1, "read": {"device_start": -1, "device_end": -1}}, "FFC_sans_bias13": {"write": {"device_start": -1, "host_queued_start": 1585499807.210724, "device_queued": -1, "device_end": -1, "host_queued_end": 1585499807.220811}, "device": "gpu", "nd_range": {"device_start": 1585499744.3144436, "device_end": 1585499744.314604}, "cmdq": 1, "read": {"device_start": -1, "device_end": -1}}, "empty8": {"write": {"device_start": 1585499744.3125567, "host_queued_start": 1585499807.192621, "device_queued": 1585499744.3124685, "device_end": 1585499744.3125694, "host_queued_end": 1585499807.220811}, "device": "gpu", "nd_range": {"device_start": 1585499744.312606, "device_end": 1585499744.3126228}, "cmdq": 0, "read": {"device_start": -1, "device_end": -1}}, "FFC_sans_bias42": {"write": {"device_start": -1, "host_queued_start": 1585499807.215804, "device_queued": -1, "device_end": -1, "host_queued_end": 1585499807.220811}, "device": "gpu", "nd_range": {"device_start": 1585499744.3153255, "device_end": 1585499744.3155367}, "cmdq": 0, "read": {"device_start": -1, "device_end": -1}}, "FFC_sans_bias43": {"write": {"device_start": 1585499744.3158865, "host_queued_start": 1585499807.21919, "device_queued": 1585499744.3150606, "device_end": 1585499744.315898, "host_queued_end": 1585499807.220811}, "device": "gpu", "nd_range": {"device_start": 1585499744.3159, "device_end": 1585499744.3160322}, "cmdq": 0, "read": {"device_start": 1585499744.3160534, "device_end": 1585499744.316064}}, "FFC_sans_bias40": {"write": {"device_start": -1, "host_queued_start": 1585499807.211594, "device_queued": -1, "device_end": -1, "host_queued_end": 1585499807.220811}, "device": "gpu", "nd_range": {"device_start": 1585499744.314655, "device_end": 1585499744.3149128}, "cmdq": 0, "read": {"device_start": -1, "device_end": -1}}, "softmax32": {"write": {"device_start": -1, "host_queued_start": 1585499807.213366, "device_queued": -1, "device_end": -1, "host_queued_end": 1585499807.220811}, "device": "gpu", "nd_range": {"device_start": 1585499744.3150284, "device_end": 1585499744.3151093}, "cmdq": 3, "read": {"device_start": -1, "device_end": -1}}, "FFC_sans_bias47": {"write": {"device_start": 1585499744.3139153, "host_queued_start": 1585499807.20484, "device_queued": 1585499744.3137693, "device_end": 1585499744.3139236, "host_queued_end": 1585499807.220811}, "device": "gpu", "nd_range": {"device_start": 1585499744.3139248, "device_end": 1585499744.3141303}, "cmdq": 1, "read": {"device_start": -1, "device_end": -1}}, "FFC_sans_bias45": {"write": {"device_start": 1585499744.3138144, "host_queued_start": 1585499807.203835, "device_queued": 1585499744.3136444, "device_end": 1585499744.3138242, "host_queued_end": 1585499807.220811}, "device": "gpu", "nd_range": {"device_start": 1585499744.3138254, "device_end": 1585499744.314019}, "cmdq": 3, "read": {"device_start": -1, "device_end": -1}}, "softmax50": {"write": {"device_start": -1, "host_queued_start": 1585499807.213816, "device_queued": -1, "device_end": -1, "host_queued_end": 1585499807.220811}, "device": "gpu", "nd_range": {"device_start": 1585499744.3150349, "device_end": 1585499744.3151157}, "cmdq": 1, "read": {"device_start": -1, "device_end": -1}}, "FFC_sans_bias33": {"write": {"device_start": -1, "host_queued_start": 1585499807.215526, "device_queued": -1, "device_end": -1, "host_queued_end": 1585499807.220811}, "device": "gpu", "nd_range": {"device_start": 1585499744.3152773, "device_end": 1585499744.3155007}, "cmdq": 3, "read": {"device_start": -1, "device_end": -1}}, "FFC_sans_bias63": {"write": {"device_start": 1585499744.314303, "host_queued_start": 1585499807.207865, "device_queued": 1585499744.3140624, "device_end": 1585499744.3143113, "host_queued_end": 1585499807.220811}, "device": "gpu", "nd_range": {"device_start": 1585499744.3143125, "device_end": 1585499744.3145208}, "cmdq": 3, "read": {"device_start": -1, "device_end": -1}}, "FFC_sans_bias49": {"write": {"device_start": -1, "host_queued_start": 1585499807.211878, "device_queued": -1, "device_end": -1, "host_queued_end": 1585499807.220811}, "device": "gpu", "nd_range": {"device_start": 1585499744.3146055, "device_end": 1585499744.3148117}, "cmdq": 1, "read": {"device_start": -1, "device_end": -1}}, "FFC_sans_bias64": {"write": {"device_start": 1585499744.3141313, "host_queued_start": 1585499807.206868, "device_queued": 1585499744.3140101, "device_end": 1585499744.31414, "host_queued_end": 1585499807.220811}, "device": "gpu", "nd_range": {"device_start": 1585499744.3141413, "device_end": 1585499744.3144186}, "cmdq": 1, "read": {"device_start": -1, "device_end": -1}}, "FFC_sans_bias65": {"write": {"device_start": 1585499744.3142202, "host_queued_start": 1585499807.20737, "device_queued": 1585499744.3140385, "device_end": 1585499744.3142288, "host_queued_end": 1585499807.220811}, "device": "gpu", "nd_range": {"device_start": 1585499744.31423, "device_end": 1585499744.314488}, "cmdq": 2, "read": {"device_start": -1, "device_end": -1}}, "FFC_sans_bias67": {"write": {"device_start": -1, "host_queued_start": 1585499807.212474, "device_queued": -1, "device_end": -1, "host_queued_end": 1585499807.220811}, "device": "gpu", "nd_range": {"device_start": 1585499744.3148253, "device_end": 1585499744.315027}, "cmdq": 3, "read": {"device_start": -1, "device_end": -1}}, "FFC_sans_bias24": {"write": {"device_start": -1, "host_queued_start": 1585499807.215232, "device_queued": -1, "device_end": -1, "host_queued_end": 1585499807.220811}, "device": "gpu", "nd_range": {"device_start": 1585499744.3152041, "device_end": 1585499744.31534}, "cmdq": 2, "read": {"device_start": -1, "device_end": -1}}, "FFC_sans_bias25": {"write": {"device_start": 1585499744.3156195, "host_queued_start": 1585499807.218138, "device_queued": 1585499744.314791, "device_end": 1585499744.3156278, "host_queued_end": 1585499807.220811}, "device": "gpu", "nd_range": {"device_start": 1585499744.3156292, "device_end": 1585499744.3158393}, "cmdq": 2, "read": {"device_start": 1585499744.3158872, "device_end": 1585499744.3158975}}, "FFC_sans_bias27": {"write": {"device_start": 1585499744.3134031, "host_queued_start": 1585499807.200815, "device_queued": 1585499744.3133578, "device_end": 1585499744.3134117, "host_queued_end": 1585499807.220811}, "device": "gpu", "nd_range": {"device_start": 1585499744.3134387, "device_end": 1585499744.3136876}, "cmdq": 1, "read": {"device_start": -1, "device_end": -1}}, "FFC_sans_bias20": {"write": {"device_start": 1585499744.3133426, "host_queued_start": 1585499807.200319, "device_queued": 1585499744.31332, "device_end": 1585499744.313351, "host_queued_end": 1585499807.220811}, "device": "gpu", "nd_range": {"device_start": 1585499744.3133523, "device_end": 1585499744.313608}, "cmdq": 0, "read": {"device_start": -1, "device_end": -1}}, "FFC_sans_bias22": {"write": {"device_start": -1, "host_queued_start": 1585499807.211009, "device_queued": -1, "device_end": -1, "host_queued_end": 1585499807.220811}, "device": "gpu", "nd_range": {"device_start": 1585499744.3146007, "device_end": 1585499744.3147135}, "cmdq": 2, "read": {"device_start": -1, "device_end": -1}}, "softmax68": {"write": {"device_start": -1, "host_queued_start": 1585499807.214253, "device_queued": -1, "device_end": -1, "host_queued_end": 1585499807.220811}, "device": "gpu", "nd_range": {"device_start": 1585499744.3151104, "device_end": 1585499744.3152752}, "cmdq": 3, "read": {"device_start": -1, "device_end": -1}}, "softmax5": {"write": {"device_start": -1, "host_queued_start": 1585499807.212689, "device_queued": -1, "device_end": -1, "host_queued_end": 1585499807.220811}, "device": "gpu", "nd_range": {"device_start": 1585499744.314915, "device_end": 1585499744.3150427}, "cmdq": 0, "read": {"device_start": -1, "device_end": -1}}, "FFC_sans_bias28": {"write": {"device_start": 1585499744.3135045, "host_queued_start": 1585499807.201305, "device_queued": 1585499744.3133814, "device_end": 1585499744.313513, "host_queued_end": 1585499807.220811}, "device": "gpu", "nd_range": {"device_start": 1585499744.313514, "device_end": 1585499744.3137138}, "cmdq": 2, "read": {"device_start": -1, "device_end": -1}}, "FFC_sans_bias29": {"write": {"device_start": 1585499744.313519, "host_queued_start": 1585499807.201802, "device_queued": 1585499744.3134048, "device_end": 1585499744.3135273, "host_queued_end": 1585499807.220811}, "device": "gpu", "nd_range": {"device_start": 1585499744.3135288, "device_end": 1585499744.3138134}, "cmdq": 3, "read": {"device_start": -1, "device_end": -1}}, "empty17": {"write": {"device_start": 1585499744.3126562, "host_queued_start": 1585499807.193222, "device_queued": 1585499744.3126323, "device_end": 1585499744.312665, "host_queued_end": 1585499807.220811}, "device": "gpu", "nd_range": {"device_start": 1585499744.3127341, "device_end": 1585499744.3127377}, "cmdq": 1, "read": {"device_start": -1, "device_end": -1}}, "softmax59": {"write": {"device_start": -1, "host_queued_start": 1585499807.214032, "device_queued": -1, "device_end": -1, "host_queued_end": 1585499807.220811}, "device": "gpu", "nd_range": {"device_start": 1585499744.3150804, "device_end": 1585499744.3152032}, "cmdq": 2, "read": {"device_start": -1, "device_end": -1}}, "empty71": {"write": {"device_start": 1585499744.3128648, "host_queued_start": 1585499807.195597, "device_queued": 1585499744.3128421, "device_end": 1585499744.3128736, "host_queued_end": 1585499807.220811}, "device": "gpu", "nd_range": {"device_start": 1585499744.3128855, "device_end": 1585499744.312889}, "cmdq": 3, "read": {"device_start": -1, "device_end": -1}}, "empty35": {"write": {"device_start": 1585499744.3127189, "host_queued_start": 1585499807.194032, "device_queued": 1585499744.3126845, "device_end": 1585499744.3127317, "host_queued_end": 1585499807.220811}, "device": "gpu", "nd_range": {"device_start": 1585499744.3127491, "device_end": 1585499744.3127527}, "cmdq": 3, "read": {"device_start": -1, "device_end": -1}}, "empty53": {"write": {"device_start": 1585499744.312814, "host_queued_start": 1585499807.194853, "device_queued": 1585499744.312792, "device_end": 1585499744.3128233, "host_queued_end": 1585499807.220811}, "device": "gpu", "nd_range": {"device_start": 1585499744.3128753, "device_end": 1585499744.3128817}, "cmdq": 1, "read": {"device_start": -1, "device_end": -1}}, "FFC_sans_bias46": {"write": {"device_start": 1585499744.313833, "host_queued_start": 1585499807.204325, "device_queued": 1585499744.3137245, "device_end": 1585499744.3138416, "host_queued_end": 1585499807.220811}, "device": "gpu", "nd_range": {"device_start": 1585499744.3138428, "device_end": 1585499744.314114}, "cmdq": 0, "read": {"device_start": -1, "device_end": -1}}, "coalesced_transpose66": {"write": {"device_start": -1, "host_queued_start": 1585499807.210103, "device_queued": -1, "device_end": -1, "host_queued_end": 1585499807.220811}, "device": "gpu", "nd_range": {"device_start": 1585499744.3145924, "device_end": 1585499744.3146086}, "cmdq": 3, "read": {"device_start": -1, "device_end": -1}}, "coalesced_transpose48": {"write": {"device_start": -1, "host_queued_start": 1585499807.209564, "device_queued": -1, "device_end": -1, "host_queued_end": 1585499807.220811}, "device": "gpu", "nd_range": {"device_start": 1585499744.314435, "device_end": 1585499744.3144426}, "cmdq": 1, "read": {"device_start": -1, "device_end": -1}}}