{"FFC_sans_bias60": {"write": {"device_start": -1, "host_queued_start": 1585499496.792039, "device_queued": -1, "device_end": -1, "host_queued_end": 1585499496.794448}, "device": "gpu", "nd_range": {"device_start": 1585499433.8982742, "device_end": 1585499433.8983798}, "cmdq": 0, "read": {"device_start": -1, "device_end": -1}}, "FFC_sans_bias4": {"write": {"device_start": -1, "host_queued_start": 1585499496.804405, "device_queued": -1, "device_end": -1, "host_queued_end": 1585499496.809639}, "device": "cpu", "nd_range": {"device_start": 2167271.005688066, "device_end": 2167271.0079739}, "cmdq": 0, "read": {"device_start": -1, "device_end": -1}}, "FFC_sans_bias7": {"write": {"device_start": -1, "host_queued_start": 1585499496.80824, "device_queued": -1, "device_end": -1, "host_queued_end": 1585499496.809639}, "device": "cpu", "nd_range": {"device_start": 2167271.0101721813, "device_end": 2167271.011972573}, "cmdq": 0, "read": {"device_start": -1, "device_end": -1}}, "FFC_sans_bias6": {"write": {"device_start": -1, "host_queued_start": 1585499496.806728, "device_queued": -1, "device_end": -1, "host_queued_end": 1585499496.809639}, "device": "cpu", "nd_range": {"device_start": 2167271.008077625, "device_end": 2167271.0101642823}, "cmdq": 0, "read": {"device_start": -1, "device_end": -1}}, "FFC_sans_bias1": {"write": {"device_start": -1, "host_queued_start": 1585499496.797545, "device_queued": -1, "device_end": -1, "host_queued_end": 1585499496.809639}, "device": "cpu", "nd_range": {"device_start": 2167270.999248643, "device_end": 2167271.00136743}, "cmdq": 1, "read": {"device_start": -1, "device_end": -1}}, "FFC_sans_bias0": {"write": {"device_start": -1, "host_queued_start": 1585499496.797043, "device_queued": -1, "device_end": -1, "host_queued_end": 1585499496.809639}, "device": "cpu", "nd_range": {"device_start": 2167270.999248628, "device_end": 2167271.001202791}, "cmdq": 0, "read": {"device_start": -1, "device_end": -1}}, "FFC_sans_bias2": {"write": {"device_start": -1, "host_queued_start": 1585499496.798078, "device_queued": -1, "device_end": -1, "host_queued_end": 1585499496.809639}, "device": "cpu", "nd_range": {"device_start": 2167270.9994197013, "device_end": 2167271.001652359}, "cmdq": 2, "read": {"device_start": -1, "device_end": -1}}, "FFC_sans_bias61": {"write": {"device_start": 1585499433.898875, "host_queued_start": 1585499496.79386, "device_queued": 1585499433.896955, "device_end": 1585499433.8988888, "host_queued_end": 1585499496.794448}, "device": "gpu", "nd_range": {"device_start": 1585499433.89889, "device_end": 1585499433.8989952}, "cmdq": 0, "read": {"device_start": 1585499433.8990002, "device_end": 1585499433.8990068}}, "FFC_sans_bias52": {"write": {"device_start": 1585499433.8986878, "host_queued_start": 1585499496.793356, "device_queued": 1585499433.8967717, "device_end": 1585499433.8986967, "host_queued_end": 1585499496.794448}, "device": "gpu", "nd_range": {"device_start": 1585499433.8986976, "device_end": 1585499433.8988028}, "cmdq": 0, "read": {"device_start": 1585499433.8988051, "device_end": 1585499433.898812}}, "FFC_sans_bias9": {"write": {"device_start": -1, "host_queued_start": 1585499496.798678, "device_queued": -1, "device_end": -1, "host_queued_end": 1585499496.809639}, "device": "cpu", "nd_range": {"device_start": 2167270.999282476, "device_end": 2167271.001234602}, "cmdq": 3, "read": {"device_start": -1, "device_end": -1}}, "coalesced_transpose39": {"write": {"device_start": -1, "host_queued_start": 1585499496.788291, "device_queued": -1, "device_end": -1, "host_queued_end": 1585499496.794448}, "device": "gpu", "nd_range": {"device_start": 1585499433.8973093, "device_end": 1585499433.897314}, "cmdq": 0, "read": {"device_start": -1, "device_end": -1}}, "FFC_sans_bias55": {"write": {"device_start": 1585499433.8968213, "host_queued_start": 1585499496.78649, "device_queued": 1585499433.8962684, "device_end": 1585499433.8968353, "host_queued_end": 1585499496.794448}, "device": "gpu", "nd_range": {"device_start": 1585499433.8968368, "device_end": 1585499433.8969438}, "cmdq": 0, "read": {"device_start": -1, "device_end": -1}}, "FFC_sans_bias54": {"write": {"device_start": 1585499433.896704, "host_queued_start": 1585499496.785993, "device_queued": 1585499433.8962288, "device_end": 1585499433.8967125, "host_queued_end": 1585499496.794448}, "device": "gpu", "nd_range": {"device_start": 1585499433.8967137, "device_end": 1585499433.8968203}, "cmdq": 0, "read": {"device_start": -1, "device_end": -1}}, "FFC_sans_bias56": {"write": {"device_start": 1585499433.8965864, "host_queued_start": 1585499496.785477, "device_queued": 1585499433.8961895, "device_end": 1585499433.8965948, "host_queued_end": 1585499496.794448}, "device": "gpu", "nd_range": {"device_start": 1585499433.896596, "device_end": 1585499433.8967028}, "cmdq": 0, "read": {"device_start": -1, "device_end": -1}}, "FFC_sans_bias51": {"write": {"device_start": -1, "host_queued_start": 1585499496.791749, "device_queued": -1, "device_end": -1, "host_queued_end": 1585499496.794448}, "device": "gpu", "nd_range": {"device_start": 1585499433.8981674, "device_end": 1585499433.8982732}, "cmdq": 0, "read": {"device_start": -1, "device_end": -1}}, "softmax23": {"write": {"device_start": -1, "host_queued_start": 1585499496.806113, "device_queued": -1, "device_end": -1, "host_queued_end": 1585499496.809639}, "device": "cpu", "nd_range": {"device_start": 2167271.0079309773, "device_end": 2167271.008170337}, "cmdq": 2, "read": {"device_start": -1, "device_end": -1}}, "FFC_sans_bias37": {"write": {"device_start": 1585499433.8959885, "host_queued_start": 1585499496.782892, "device_queued": 1585499433.895886, "device_end": 1585499433.8960028, "host_queued_end": 1585499496.794448}, "device": "gpu", "nd_range": {"device_start": 1585499433.8960037, "device_end": 1585499433.8961112}, "cmdq": 0, "read": {"device_start": -1, "device_end": -1}}, "empty62": {"write": {"device_start": 1585499433.8957703, "host_queued_start": 1585499496.781441, "device_queued": 1585499433.89575, "device_end": 1585499433.895779, "host_queued_end": 1585499496.794448}, "device": "gpu", "nd_range": {"device_start": 1585499433.8957875, "device_end": 1585499433.895791}, "cmdq": 0, "read": {"device_start": -1, "device_end": -1}}, "FFC_sans_bias70": {"write": {"device_start": 1585499433.8990567, "host_queued_start": 1585499496.794353, "device_queued": 1585499433.8970144, "device_end": 1585499433.8990655, "host_queued_end": 1585499496.794448}, "device": "gpu", "nd_range": {"device_start": 1585499433.8990664, "device_end": 1585499433.8991723}, "cmdq": 0, "read": {"device_start": 1585499433.8991742, "device_end": 1585499433.8991807}}, "FFC_sans_bias58": {"write": {"device_start": -1, "host_queued_start": 1585499496.789973, "device_queued": -1, "device_end": -1, "host_queued_end": 1585499496.794448}, "device": "gpu", "nd_range": {"device_start": 1585499433.8975523, "device_end": 1585499433.897659}, "cmdq": 0, "read": {"device_start": -1, "device_end": -1}}, "softmax41": {"write": {"device_start": -1, "host_queued_start": 1585499496.790473, "device_queued": -1, "device_end": -1, "host_queued_end": 1585499496.794448}, "device": "gpu", "nd_range": {"device_start": 1585499433.897768, "device_end": 1585499433.897845}, "cmdq": 0, "read": {"device_start": -1, "device_end": -1}}, "FFC_sans_bias11": {"write": {"device_start": -1, "host_queued_start": 1585499496.799689, "device_queued": -1, "device_end": -1, "host_queued_end": 1585499496.809639}, "device": "cpu", "nd_range": {"device_start": 2167271.001376384, "device_end": 2167271.003292628}, "cmdq": 1, "read": {"device_start": -1, "device_end": -1}}, "FFC_sans_bias10": {"write": {"device_start": -1, "host_queued_start": 1585499496.799182, "device_queued": -1, "device_end": -1, "host_queued_end": 1585499496.809639}, "device": "cpu", "nd_range": {"device_start": 2167271.001209281, "device_end": 2167271.003125611}, "cmdq": 0, "read": {"device_start": -1, "device_end": -1}}, "coalesced_transpose3": {"write": {"device_start": -1, "host_queued_start": 1585499496.803096, "device_queued": -1, "device_end": -1, "host_queued_end": 1585499496.809639}, "device": "cpu", "nd_range": {"device_start": 2167271.0056183683, "device_end": 2167271.00567909}, "cmdq": 0, "read": {"device_start": -1, "device_end": -1}}, "FFC_sans_bias34": {"write": {"device_start": -1, "host_queued_start": 1585499496.809595, "device_queued": -1, "device_end": -1, "host_queued_end": 1585499496.809639}, "device": "cpu", "nd_range": {"device_start": 2167271.00962225, "device_end": 2167271.011550525}, "cmdq": 3, "read": {"device_start": -1, "device_end": -1}}, "FFC_sans_bias15": {"write": {"device_start": -1, "host_queued_start": 1585499496.807055, "device_queued": -1, "device_end": -1, "host_queued_end": 1585499496.809639}, "device": "cpu", "nd_range": {"device_start": 2167271.00797651, "device_end": 2167271.0099176583}, "cmdq": 1, "read": {"device_start": -1, "device_end": -1}}, "FFC_sans_bias31": {"write": {"device_start": -1, "host_queued_start": 1585499496.805355, "device_queued": -1, "device_end": -1, "host_queued_end": 1585499496.809639}, "device": "cpu", "nd_range": {"device_start": 2167271.0056535644, "device_end": 2167271.007590514}, "cmdq": 3, "read": {"device_start": -1, "device_end": -1}}, "FFC_sans_bias16": {"write": {"device_start": -1, "host_queued_start": 1585499496.80869, "device_queued": -1, "device_end": -1, "host_queued_end": 1585499496.809639}, "device": "cpu", "nd_range": {"device_start": 2167271.010118179, "device_end": 2167271.0123405443}, "cmdq": 1, "read": {"device_start": -1, "device_end": -1}}, "FFC_sans_bias19": {"write": {"device_start": -1, "host_queued_start": 1585499496.800698, "device_queued": -1, "device_end": -1, "host_queued_end": 1585499496.809639}, "device": "cpu", "nd_range": {"device_start": 2167271.0012403983, "device_end": 2167271.003166439}, "cmdq": 3, "read": {"device_start": -1, "device_end": -1}}, "FFC_sans_bias18": {"write": {"device_start": -1, "host_queued_start": 1585499496.800195, "device_queued": -1, "device_end": -1, "host_queued_end": 1585499496.809639}, "device": "cpu", "nd_range": {"device_start": 2167271.0017564823, "device_end": 2167271.00368089}, "cmdq": 2, "read": {"device_start": -1, "device_end": -1}}, "coalesced_transpose30": {"write": {"device_start": -1, "host_queued_start": 1585499496.804097, "device_queued": -1, "device_end": -1, "host_queued_end": 1585499496.809639}, "device": "cpu", "nd_range": {"device_start": 2167271.005605956, "device_end": 2167271.005641507}, "cmdq": 3, "read": {"device_start": -1, "device_end": -1}}, "FFC_sans_bias69": {"write": {"device_start": -1, "host_queued_start": 1585499496.792349, "device_queued": -1, "device_end": -1, "host_queued_end": 1585499496.794448}, "device": "gpu", "nd_range": {"device_start": 1585499433.898381, "device_end": 1585499433.8984878}, "cmdq": 0, "read": {"device_start": -1, "device_end": -1}}, "FFC_sans_bias38": {"write": {"device_start": 1585499433.8961122, "host_queued_start": 1585499496.783394, "device_queued": 1585499433.8959258, "device_end": 1585499433.896121, "host_queued_end": 1585499496.794448}, "device": "gpu", "nd_range": {"device_start": 1585499433.896122, "device_end": 1585499433.896229}, "cmdq": 0, "read": {"device_start": -1, "device_end": -1}}, "coalesced_transpose57": {"write": {"device_start": -1, "host_queued_start": 1585499496.788822, "device_queued": -1, "device_end": -1, "host_queued_end": 1585499496.794448}, "device": "gpu", "nd_range": {"device_start": 1585499433.897321, "device_end": 1585499433.8973255}, "cmdq": 0, "read": {"device_start": -1, "device_end": -1}}, "empty26": {"write": {"device_start": -1, "host_queued_start": 1585499496.796043, "device_queued": -1, "device_end": -1, "host_queued_end": 1585499496.809639}, "device": "cpu", "nd_range": {"device_start": 2167270.999381203, "device_end": 2167270.9993846794}, "cmdq": 2, "read": {"device_start": -1, "device_end": -1}}, "coalesced_transpose12": {"write": {"device_start": -1, "host_queued_start": 1585499496.803393, "device_queued": -1, "device_end": -1, "host_queued_end": 1585499496.809639}, "device": "cpu", "nd_range": {"device_start": 2167271.005368492, "device_end": 2167271.0055447672}, "cmdq": 1, "read": {"device_start": -1, "device_end": -1}}, "empty44": {"write": {"device_start": 1585499433.8956785, "host_queued_start": 1585499496.780458, "device_queued": 1585499433.8956468, "device_end": 1585499433.8956873, "host_queued_end": 1585499496.794448}, "device": "gpu", "nd_range": {"device_start": 1585499433.8956983, "device_end": 1585499433.8957107}, "cmdq": 0, "read": {"device_start": -1, "device_end": -1}}, "coalesced_transpose21": {"write": {"device_start": -1, "host_queued_start": 1585499496.803789, "device_queued": -1, "device_end": -1, "host_queued_end": 1585499496.809639}, "device": "cpu", "nd_range": {"device_start": 2167271.0055715693, "device_end": 2167271.0056414953}, "cmdq": 2, "read": {"device_start": -1, "device_end": -1}}, "FFC_sans_bias36": {"write": {"device_start": 1585499433.895871, "host_queued_start": 1585499496.782381, "device_queued": 1585499433.8958476, "device_end": 1585499433.8958795, "host_queued_end": 1585499496.794448}, "device": "gpu", "nd_range": {"device_start": 1585499433.8958805, "device_end": 1585499433.8959875}, "cmdq": 0, "read": {"device_start": -1, "device_end": -1}}, "softmax14": {"write": {"device_start": -1, "host_queued_start": 1585499496.80587, "device_queued": -1, "device_end": -1, "host_queued_end": 1585499496.809639}, "device": "cpu", "nd_range": {"device_start": 2167271.007612803, "device_end": 2167271.007857808}, "cmdq": 1, "read": {"device_start": -1, "device_end": -1}}, "FFC_sans_bias13": {"write": {"device_start": -1, "host_queued_start": 1585499496.804723, "device_queued": -1, "device_end": -1, "host_queued_end": 1585499496.809639}, "device": "cpu", "nd_range": {"device_start": 2167271.0056796093, "device_end": 2167271.007601291}, "cmdq": 1, "read": {"device_start": -1, "device_end": -1}}, "empty8": {"write": {"device_start": -1, "host_queued_start": 1585499496.795119, "device_queued": -1, "device_end": -1, "host_queued_end": 1585499496.809639}, "device": "cpu", "nd_range": {"device_start": 2167270.999218333, "device_end": 2167270.999228936}, "cmdq": 0, "read": {"device_start": -1, "device_end": -1}}, "FFC_sans_bias42": {"write": {"device_start": -1, "host_queued_start": 1585499496.791476, "device_queued": -1, "device_end": -1, "host_queued_end": 1585499496.794448}, "device": "gpu", "nd_range": {"device_start": 1585499433.8980598, "device_end": 1585499433.8981662}, "cmdq": 0, "read": {"device_start": -1, "device_end": -1}}, "FFC_sans_bias43": {"write": {"device_start": 1585499433.8984895, "host_queued_start": 1585499496.79283, "device_queued": 1585499433.8967092, "device_end": 1585499433.898498, "host_queued_end": 1585499496.794448}, "device": "gpu", "nd_range": {"device_start": 1585499433.8984993, "device_end": 1585499433.8986058}, "cmdq": 0, "read": {"device_start": 1585499433.8986115, "device_end": 1585499433.898619}}, "FFC_sans_bias40": {"write": {"device_start": -1, "host_queued_start": 1585499496.78938, "device_queued": -1, "device_end": -1, "host_queued_end": 1585499496.794448}, "device": "gpu", "nd_range": {"device_start": 1585499433.8973384, "device_end": 1585499433.8974445}, "cmdq": 0, "read": {"device_start": -1, "device_end": -1}}, "softmax32": {"write": {"device_start": -1, "host_queued_start": 1585499496.806365, "device_queued": -1, "device_end": -1, "host_queued_end": 1585499496.809639}, "device": "cpu", "nd_range": {"device_start": 2167271.00763401, "device_end": 2167271.0076807383}, "cmdq": 3, "read": {"device_start": -1, "device_end": -1}}, "FFC_sans_bias47": {"write": {"device_start": 1585499433.8964689, "host_queued_start": 1585499496.784867, "device_queued": 1585499433.896056, "device_end": 1585499433.8964775, "host_queued_end": 1585499496.794448}, "device": "gpu", "nd_range": {"device_start": 1585499433.896479, "device_end": 1585499433.896585}, "cmdq": 0, "read": {"device_start": -1, "device_end": -1}}, "FFC_sans_bias45": {"write": {"device_start": 1585499433.8962307, "host_queued_start": 1585499496.783882, "device_queued": 1585499433.8959627, "device_end": 1585499433.8962417, "host_queued_end": 1585499496.794448}, "device": "gpu", "nd_range": {"device_start": 1585499433.8962433, "device_end": 1585499433.8963509}, "cmdq": 0, "read": {"device_start": -1, "device_end": -1}}, "softmax50": {"write": {"device_start": -1, "host_queued_start": 1585499496.790754, "device_queued": -1, "device_end": -1, "host_queued_end": 1585499496.794448}, "device": "gpu", "nd_range": {"device_start": 1585499433.8978465, "device_end": 1585499433.897915}, "cmdq": 0, "read": {"device_start": -1, "device_end": -1}}, "FFC_sans_bias33": {"write": {"device_start": -1, "host_queued_start": 1585499496.807734, "device_queued": -1, "device_end": -1, "host_queued_end": 1585499496.809639}, "device": "cpu", "nd_range": {"device_start": 2167271.0076857163, "device_end": 2167271.0096144453}, "cmdq": 3, "read": {"device_start": -1, "device_end": -1}}, "FFC_sans_bias63": {"write": {"device_start": 1585499433.8971853, "host_queued_start": 1585499496.787996, "device_queued": 1585499433.8963702, "device_end": 1585499433.897194, "host_queued_end": 1585499496.794448}, "device": "gpu", "nd_range": {"device_start": 1585499433.897195, "device_end": 1585499433.8973005}, "cmdq": 0, "read": {"device_start": -1, "device_end": -1}}, "FFC_sans_bias49": {"write": {"device_start": -1, "host_queued_start": 1585499496.789675, "device_queued": -1, "device_end": -1, "host_queued_end": 1585499496.794448}, "device": "gpu", "nd_range": {"device_start": 1585499433.8974454, "device_end": 1585499433.8975513}, "cmdq": 0, "read": {"device_start": -1, "device_end": -1}}, "FFC_sans_bias64": {"write": {"device_start": 1585499433.8969448, "host_queued_start": 1585499496.787017, "device_queued": 1585499433.8963003, "device_end": 1585499433.8969533, "host_queued_end": 1585499496.794448}, "device": "gpu", "nd_range": {"device_start": 1585499433.896955, "device_end": 1585499433.897062}, "cmdq": 0, "read": {"device_start": -1, "device_end": -1}}, "FFC_sans_bias65": {"write": {"device_start": 1585499433.897063, "host_queued_start": 1585499496.787507, "device_queued": 1585499433.8963346, "device_end": 1585499433.897077, "host_queued_end": 1585499496.794448}, "device": "gpu", "nd_range": {"device_start": 1585499433.897078, "device_end": 1585499433.8971844}, "cmdq": 0, "read": {"device_start": -1, "device_end": -1}}, "FFC_sans_bias67": {"write": {"device_start": -1, "host_queued_start": 1585499496.790251, "device_queued": -1, "device_end": -1, "host_queued_end": 1585499496.794448}, "device": "gpu", "nd_range": {"device_start": 1585499433.89766, "device_end": 1585499433.897767}, "cmdq": 0, "read": {"device_start": -1, "device_end": -1}}, "FFC_sans_bias24": {"write": {"device_start": -1, "host_queued_start": 1585499496.807393, "device_queued": -1, "device_end": -1, "host_queued_end": 1585499496.809639}, "device": "cpu", "nd_range": {"device_start": 2167271.008311498, "device_end": 2167271.0103186183}, "cmdq": 2, "read": {"device_start": -1, "device_end": -1}}, "FFC_sans_bias25": {"write": {"device_start": -1, "host_queued_start": 1585499496.809141, "device_queued": -1, "device_end": -1, "host_queued_end": 1585499496.809639}, "device": "cpu", "nd_range": {"device_start": 2167271.0103270793, "device_end": 2167271.012136084}, "cmdq": 2, "read": {"device_start": -1, "device_end": -1}}, "FFC_sans_bias27": {"write": {"device_start": -1, "host_queued_start": 1585499496.801721, "device_queued": -1, "device_end": -1, "host_queued_end": 1585499496.809639}, "device": "cpu", "nd_range": {"device_start": 2167271.003315547, "device_end": 2167271.005248839}, "cmdq": 1, "read": {"device_start": -1, "device_end": -1}}, "FFC_sans_bias20": {"write": {"device_start": -1, "host_queued_start": 1585499496.801204, "device_queued": -1, "device_end": -1, "host_queued_end": 1585499496.809639}, "device": "cpu", "nd_range": {"device_start": 2167271.003745994, "device_end": 2167271.005607184}, "cmdq": 0, "read": {"device_start": -1, "device_end": -1}}, "FFC_sans_bias22": {"write": {"device_start": -1, "host_queued_start": 1585499496.805048, "device_queued": -1, "device_end": -1, "host_queued_end": 1585499496.809639}, "device": "cpu", "nd_range": {"device_start": 2167271.00565183, "device_end": 2167271.007917055}, "cmdq": 2, "read": {"device_start": -1, "device_end": -1}}, "softmax68": {"write": {"device_start": -1, "host_queued_start": 1585499496.791191, "device_queued": -1, "device_end": -1, "host_queued_end": 1585499496.794448}, "device": "gpu", "nd_range": {"device_start": 1585499433.8979888, "device_end": 1585499433.898059}, "cmdq": 0, "read": {"device_start": -1, "device_end": -1}}, "softmax5": {"write": {"device_start": -1, "host_queued_start": 1585499496.805605, "device_queued": -1, "device_end": -1, "host_queued_end": 1585499496.809639}, "device": "cpu", "nd_range": {"device_start": 2167271.00798645, "device_end": 2167271.0080654263}, "cmdq": 0, "read": {"device_start": -1, "device_end": -1}}, "FFC_sans_bias28": {"write": {"device_start": -1, "host_queued_start": 1585499496.802244, "device_queued": -1, "device_end": -1, "host_queued_end": 1585499496.809639}, "device": "cpu", "nd_range": {"device_start": 2167271.0036928, "device_end": 2167271.005556187}, "cmdq": 2, "read": {"device_start": -1, "device_end": -1}}, "FFC_sans_bias29": {"write": {"device_start": -1, "host_queued_start": 1585499496.802787, "device_queued": -1, "device_end": -1, "host_queued_end": 1585499496.809639}, "device": "cpu", "nd_range": {"device_start": 2167271.003176731, "device_end": 2167271.005115201}, "cmdq": 3, "read": {"device_start": -1, "device_end": -1}}, "empty17": {"write": {"device_start": -1, "host_queued_start": 1585499496.795627, "device_queued": -1, "device_end": -1, "host_queued_end": 1585499496.809639}, "device": "cpu", "nd_range": {"device_start": 2167270.9992242074, "device_end": 2167270.999229486}, "cmdq": 1, "read": {"device_start": -1, "device_end": -1}}, "softmax59": {"write": {"device_start": -1, "host_queued_start": 1585499496.790967, "device_queued": -1, "device_end": -1, "host_queued_end": 1585499496.794448}, "device": "gpu", "nd_range": {"device_start": 1585499433.897916, "device_end": 1585499433.8979871}, "cmdq": 0, "read": {"device_start": -1, "device_end": -1}}, "empty71": {"write": {"device_start": 1585499433.8958251, "host_queued_start": 1585499496.781825, "device_queued": 1585499433.895794, "device_end": 1585499433.8958337, "host_queued_end": 1585499496.794448}, "device": "gpu", "nd_range": {"device_start": 1585499433.895835, "device_end": 1585499433.8958445}, "cmdq": 0, "read": {"device_start": -1, "device_end": -1}}, "empty35": {"write": {"device_start": -1, "host_queued_start": 1585499496.796522, "device_queued": -1, "device_end": -1, "host_queued_end": 1585499496.809639}, "device": "cpu", "nd_range": {"device_start": 2167270.9992630393, "device_end": 2167270.999267505}, "cmdq": 3, "read": {"device_start": -1, "device_end": -1}}, "empty53": {"write": {"device_start": 1585499433.8957376, "host_queued_start": 1585499496.781052, "device_queued": 1585499433.8957162, "device_end": 1585499433.8957465, "host_queued_end": 1585499496.794448}, "device": "gpu", "nd_range": {"device_start": 1585499433.8957477, "device_end": 1585499433.895751}, "cmdq": 0, "read": {"device_start": -1, "device_end": -1}}, "FFC_sans_bias46": {"write": {"device_start": 1585499433.896352, "host_queued_start": 1585499496.784367, "device_queued": 1585499433.8960118, "device_end": 1585499433.8963606, "host_queued_end": 1585499496.794448}, "device": "gpu", "nd_range": {"device_start": 1585499433.8963618, "device_end": 1585499433.896468}, "cmdq": 0, "read": {"device_start": -1, "device_end": -1}}, "coalesced_transpose66": {"write": {"device_start": -1, "host_queued_start": 1585499496.789098, "device_queued": -1, "device_end": -1, "host_queued_end": 1585499496.794448}, "device": "gpu", "nd_range": {"device_start": 1585499433.8973267, "device_end": 1585499433.8973372}, "cmdq": 0, "read": {"device_start": -1, "device_end": -1}}, "coalesced_transpose48": {"write": {"device_start": -1, "host_queued_start": 1585499496.788554, "device_queued": -1, "device_end": -1, "host_queued_end": 1585499496.794448}, "device": "gpu", "nd_range": {"device_start": 1585499433.8973155, "device_end": 1585499433.8973198}, "cmdq": 0, "read": {"device_start": -1, "device_end": -1}}}