{"FFC_sans_bias60": {"write": {"device_start": -1, "host_queued_start": 1585499422.037758, "device_queued": -1, "device_end": -1, "host_queued_end": 1585499422.042278}, "device": "gpu", "nd_range": {"device_start": 1585499359.1510563, "device_end": 1585499359.1511629}, "cmdq": 0, "read": {"device_start": -1, "device_end": -1}}, "FFC_sans_bias4": {"write": {"device_start": -1, "host_queued_start": 1585499422.031668, "device_queued": -1, "device_end": -1, "host_queued_end": 1585499422.042278}, "device": "gpu", "nd_range": {"device_start": 1585499359.1489742, "device_end": 1585499359.1490808}, "cmdq": 0, "read": {"device_start": -1, "device_end": -1}}, "FFC_sans_bias7": {"write": {"device_start": 1585499359.1512716, "host_queued_start": 1585499422.038528, "device_queued": 1585499359.1478543, "device_end": 1585499359.15128, "host_queued_end": 1585499422.042278}, "device": "gpu", "nd_range": {"device_start": 1585499359.1512809, "device_end": 1585499359.1513884}, "cmdq": 0, "read": {"device_start": 1585499359.1513968, "device_end": 1585499359.1514041}}, "FFC_sans_bias6": {"write": {"device_start": -1, "host_queued_start": 1585499422.035907, "device_queued": -1, "device_end": -1, "host_queued_end": 1585499422.042278}, "device": "gpu", "nd_range": {"device_start": 1585499359.1504147, "device_end": 1585499359.1505203}, "cmdq": 0, "read": {"device_start": -1, "device_end": -1}}, "FFC_sans_bias1": {"write": {"device_start": 1585499359.1462078, "host_queued_start": 1585499422.016882, "device_queued": 1585499359.146109, "device_end": 1585499359.1462166, "host_queued_end": 1585499422.042278}, "device": "gpu", "nd_range": {"device_start": 1585499359.1462176, "device_end": 1585499359.1463249}, "cmdq": 0, "read": {"device_start": -1, "device_end": -1}}, "FFC_sans_bias0": {"write": {"device_start": 1585499359.1460927, "host_queued_start": 1585499422.016341, "device_queued": 1585499359.1460726, "device_end": 1585499359.146101, "host_queued_end": 1585499422.042278}, "device": "gpu", "nd_range": {"device_start": 1585499359.1461024, "device_end": 1585499359.1462069}, "cmdq": 0, "read": {"device_start": -1, "device_end": -1}}, "FFC_sans_bias2": {"write": {"device_start": 1585499359.146326, "host_queued_start": 1585499422.017424, "device_queued": 1585499359.1461463, "device_end": 1585499359.1463346, "host_queued_end": 1585499422.042278}, "device": "gpu", "nd_range": {"device_start": 1585499359.1463356, "device_end": 1585499359.146442}, "cmdq": 0, "read": {"device_start": -1, "device_end": -1}}, "FFC_sans_bias61": {"write": {"device_start": 1585499359.1524868, "host_queued_start": 1585499422.041654, "device_queued": 1585499359.1483293, "device_end": 1585499359.1524954, "host_queued_end": 1585499422.042278}, "device": "gpu", "nd_range": {"device_start": 1585499359.1524966, "device_end": 1585499359.1526005}, "cmdq": 0, "read": {"device_start": 1585499359.1526096, "device_end": 1585499359.152616}}, "FFC_sans_bias52": {"write": {"device_start": 1585499359.1522932, "host_queued_start": 1585499422.041109, "device_queued": 1585499359.1482666, "device_end": 1585499359.152302, "host_queued_end": 1585499422.042278}, "device": "gpu", "nd_range": {"device_start": 1585499359.1523032, "device_end": 1585499359.1524096}, "cmdq": 0, "read": {"device_start": 1585499359.1524181, "device_end": 1585499359.1524246}}, "FFC_sans_bias9": {"write": {"device_start": 1585499359.1464431, "host_queued_start": 1585499422.01797, "device_queued": 1585499359.146192, "device_end": 1585499359.1464534, "host_queued_end": 1585499422.042278}, "device": "gpu", "nd_range": {"device_start": 1585499359.1464543, "device_end": 1585499359.146559}, "cmdq": 0, "read": {"device_start": -1, "device_end": -1}}, "coalesced_transpose39": {"write": {"device_start": -1, "host_queued_start": 1585499422.030494, "device_queued": -1, "device_end": -1, "host_queued_end": 1585499422.042278}, "device": "gpu", "nd_range": {"device_start": 1585499359.1489496, "device_end": 1585499359.1489549}, "cmdq": 0, "read": {"device_start": -1, "device_end": -1}}, "FFC_sans_bias55": {"write": {"device_start": 1585499359.1484544, "host_queued_start": 1585499422.027525, "device_queued": 1585499359.1471336, "device_end": 1585499359.148463, "host_queued_end": 1585499422.042278}, "device": "gpu", "nd_range": {"device_start": 1585499359.1484642, "device_end": 1585499359.1485705}, "cmdq": 0, "read": {"device_start": -1, "device_end": -1}}, "FFC_sans_bias54": {"write": {"device_start": 1585499359.1483355, "host_queued_start": 1585499422.027027, "device_queued": 1585499359.1470044, "device_end": 1585499359.1483479, "host_queued_end": 1585499422.042278}, "device": "gpu", "nd_range": {"device_start": 1585499359.148349, "device_end": 1585499359.1484535}, "cmdq": 0, "read": {"device_start": -1, "device_end": -1}}, "FFC_sans_bias56": {"write": {"device_start": 1585499359.1482182, "host_queued_start": 1585499422.02649, "device_queued": 1585499359.1469698, "device_end": 1585499359.148227, "host_queued_end": 1585499422.042278}, "device": "gpu", "nd_range": {"device_start": 1585499359.148228, "device_end": 1585499359.1483343}, "cmdq": 0, "read": {"device_start": -1, "device_end": -1}}, "FFC_sans_bias51": {"write": {"device_start": -1, "host_queued_start": 1585499422.037457, "device_queued": -1, "device_end": -1, "host_queued_end": 1585499422.042278}, "device": "gpu", "nd_range": {"device_start": 1585499359.15095, "device_end": 1585499359.1510549}, "cmdq": 0, "read": {"device_start": -1, "device_end": -1}}, "softmax23": {"write": {"device_start": -1, "host_queued_start": 1585499422.03447, "device_queued": -1, "device_end": -1, "host_queued_end": 1585499422.042278}, "device": "gpu", "nd_range": {"device_start": 1585499359.1499825, "device_end": 1585499359.1500537}, "cmdq": 0, "read": {"device_start": -1, "device_end": -1}}, "FFC_sans_bias37": {"write": {"device_start": 1585499359.1476202, "host_queued_start": 1585499422.023716, "device_queued": 1585499359.1468034, "device_end": 1585499359.1476288, "host_queued_end": 1585499422.042278}, "device": "gpu", "nd_range": {"device_start": 1585499359.14763, "device_end": 1585499359.1477368}, "cmdq": 0, "read": {"device_start": -1, "device_end": -1}}, "empty62": {"write": {"device_start": 1585499359.146028, "host_queued_start": 1585499422.015344, "device_queued": 1585499359.1460083, "device_end": 1585499359.1460369, "host_queued_end": 1585499422.042278}, "device": "gpu", "nd_range": {"device_start": 1585499359.1460378, "device_end": 1585499359.1460414}, "cmdq": 0, "read": {"device_start": -1, "device_end": -1}}, "FFC_sans_bias70": {"write": {"device_start": 1585499359.1527038, "host_queued_start": 1585499422.042175, "device_queued": 1585499359.1483974, "device_end": 1585499359.1527126, "host_queued_end": 1585499422.042278}, "device": "gpu", "nd_range": {"device_start": 1585499359.1527135, "device_end": 1585499359.1528194}, "cmdq": 0, "read": {"device_start": 1585499359.1528237, "device_end": 1585499359.1528301}}, "FFC_sans_bias58": {"write": {"device_start": -1, "host_queued_start": 1585499422.03348, "device_queued": -1, "device_end": -1, "host_queued_end": 1585499422.042278}, "device": "gpu", "nd_range": {"device_start": 1585499359.14962, "device_end": 1585499359.1497257}, "cmdq": 0, "read": {"device_start": -1, "device_end": -1}}, "softmax41": {"write": {"device_start": -1, "host_queued_start": 1585499422.034948, "device_queued": -1, "device_end": -1, "host_queued_end": 1585499422.042278}, "device": "gpu", "nd_range": {"device_start": 1585499359.1501257, "device_end": 1585499359.1501958}, "cmdq": 0, "read": {"device_start": -1, "device_end": -1}}, "FFC_sans_bias11": {"write": {"device_start": 1585499359.146677, "host_queued_start": 1585499422.01937, "device_queued": 1585499359.1463938, "device_end": 1585499359.1466858, "host_queued_end": 1585499422.042278}, "device": "gpu", "nd_range": {"device_start": 1585499359.1466868, "device_end": 1585499359.146794}, "cmdq": 0, "read": {"device_start": -1, "device_end": -1}}, "FFC_sans_bias10": {"write": {"device_start": 1585499359.1465602, "host_queued_start": 1585499422.018797, "device_queued": 1585499359.1463506, "device_end": 1585499359.1465688, "host_queued_end": 1585499422.042278}, "device": "gpu", "nd_range": {"device_start": 1585499359.1465697, "device_end": 1585499359.146676}, "cmdq": 0, "read": {"device_start": -1, "device_end": -1}}, "coalesced_transpose3": {"write": {"device_start": -1, "host_queued_start": 1585499422.029368, "device_queued": -1, "device_end": -1, "host_queued_end": 1585499422.042278}, "device": "gpu", "nd_range": {"device_start": 1585499359.148924, "device_end": 1585499359.1489296}, "cmdq": 0, "read": {"device_start": -1, "device_end": -1}}, "FFC_sans_bias34": {"write": {"device_start": 1585499359.1518755, "host_queued_start": 1585499422.040095, "device_queued": 1585499359.1480489, "device_end": 1585499359.151884, "host_queued_end": 1585499422.042278}, "device": "gpu", "nd_range": {"device_start": 1585499359.1518853, "device_end": 1585499359.1519916}, "cmdq": 0, "read": {"device_start": 1585499359.1519983, "device_end": 1585499359.1520047}}, "FFC_sans_bias15": {"write": {"device_start": -1, "host_queued_start": 1585499422.036273, "device_queued": -1, "device_end": -1, "host_queued_end": 1585499422.042278}, "device": "gpu", "nd_range": {"device_start": 1585499359.1505215, "device_end": 1585499359.1506279}, "cmdq": 0, "read": {"device_start": -1, "device_end": -1}}, "FFC_sans_bias31": {"write": {"device_start": -1, "host_queued_start": 1585499422.032594, "device_queued": -1, "device_end": -1, "host_queued_end": 1585499422.042278}, "device": "gpu", "nd_range": {"device_start": 1585499359.1492972, "device_end": 1585499359.1494026}, "cmdq": 0, "read": {"device_start": -1, "device_end": -1}}, "FFC_sans_bias16": {"write": {"device_start": 1585499359.1514697, "host_queued_start": 1585499422.039086, "device_queued": 1585499359.14792, "device_end": 1585499359.151478, "host_queued_end": 1585499422.042278}, "device": "gpu", "nd_range": {"device_start": 1585499359.1514795, "device_end": 1585499359.1515856}, "cmdq": 0, "read": {"device_start": 1585499359.1515872, "device_end": 1585499359.1515942}}, "FFC_sans_bias19": {"write": {"device_start": 1585499359.1469135, "host_queued_start": 1585499422.020422, "device_queued": 1585499359.1464722, "device_end": 1585499359.1469223, "host_queued_end": 1585499422.042278}, "device": "gpu", "nd_range": {"device_start": 1585499359.1469235, "device_end": 1585499359.1470304}, "cmdq": 0, "read": {"device_start": -1, "device_end": -1}}, "FFC_sans_bias18": {"write": {"device_start": 1585499359.1467953, "host_queued_start": 1585499422.019892, "device_queued": 1585499359.1464326, "device_end": 1585499359.1468039, "host_queued_end": 1585499422.042278}, "device": "gpu", "nd_range": {"device_start": 1585499359.146805, "device_end": 1585499359.1469123}, "cmdq": 0, "read": {"device_start": -1, "device_end": -1}}, "coalesced_transpose30": {"write": {"device_start": -1, "host_queued_start": 1585499422.030216, "device_queued": -1, "device_end": -1, "host_queued_end": 1585499422.042278}, "device": "gpu", "nd_range": {"device_start": 1585499359.1489434, "device_end": 1585499359.1489487}, "cmdq": 0, "read": {"device_start": -1, "device_end": -1}}, "FFC_sans_bias69": {"write": {"device_start": -1, "host_queued_start": 1585499422.038042, "device_queued": -1, "device_end": -1, "host_queued_end": 1585499422.042278}, "device": "gpu", "nd_range": {"device_start": 1585499359.151164, "device_end": 1585499359.1512702}, "cmdq": 0, "read": {"device_start": -1, "device_end": -1}}, "FFC_sans_bias38": {"write": {"device_start": 1585499359.1477377, "host_queued_start": 1585499422.024287, "device_queued": 1585499359.1468356, "device_end": 1585499359.1477463, "host_queued_end": 1585499422.042278}, "device": "gpu", "nd_range": {"device_start": 1585499359.147748, "device_end": 1585499359.147854}, "cmdq": 0, "read": {"device_start": -1, "device_end": -1}}, "coalesced_transpose57": {"write": {"device_start": -1, "host_queued_start": 1585499422.031095, "device_queued": -1, "device_end": -1, "host_queued_end": 1585499422.042278}, "device": "gpu", "nd_range": {"device_start": 1585499359.148963, "device_end": 1585499359.1489675}, "cmdq": 0, "read": {"device_start": -1, "device_end": -1}}, "empty26": {"write": {"device_start": 1585499359.1459002, "host_queued_start": 1585499422.013669, "device_queued": 1585499359.145881, "device_end": 1585499359.1459088, "host_queued_end": 1585499422.042278}, "device": "gpu", "nd_range": {"device_start": 1585499359.1459098, "device_end": 1585499359.1459131}, "cmdq": 0, "read": {"device_start": -1, "device_end": -1}}, "coalesced_transpose12": {"write": {"device_start": -1, "host_queued_start": 1585499422.029644, "device_queued": -1, "device_end": -1, "host_queued_end": 1585499422.042278}, "device": "gpu", "nd_range": {"device_start": 1585499359.1489305, "device_end": 1585499359.1489358}, "cmdq": 0, "read": {"device_start": -1, "device_end": -1}}, "empty44": {"write": {"device_start": 1585499359.1459668, "host_queued_start": 1585499422.014489, "device_queued": 1585499359.1459463, "device_end": 1585499359.145975, "host_queued_end": 1585499422.042278}, "device": "gpu", "nd_range": {"device_start": 1585499359.1459763, "device_end": 1585499359.1459796}, "cmdq": 0, "read": {"device_start": -1, "device_end": -1}}, "coalesced_transpose21": {"write": {"device_start": -1, "host_queued_start": 1585499422.02993, "device_queued": -1, "device_end": -1, "host_queued_end": 1585499422.042278}, "device": "gpu", "nd_range": {"device_start": 1585499359.148937, "device_end": 1585499359.1489422}, "cmdq": 0, "read": {"device_start": -1, "device_end": -1}}, "FFC_sans_bias36": {"write": {"device_start": 1585499359.147502, "host_queued_start": 1585499422.023139, "device_queued": 1585499359.1467574, "device_end": 1585499359.1475103, "host_queued_end": 1585499422.042278}, "device": "gpu", "nd_range": {"device_start": 1585499359.1475127, "device_end": 1585499359.1476192}, "cmdq": 0, "read": {"device_start": -1, "device_end": -1}}, "softmax14": {"write": {"device_start": -1, "host_queued_start": 1585499422.034243, "device_queued": -1, "device_end": -1, "host_queued_end": 1585499422.042278}, "device": "gpu", "nd_range": {"device_start": 1585499359.1499119, "device_end": 1585499359.1499815}, "cmdq": 0, "read": {"device_start": -1, "device_end": -1}}, "FFC_sans_bias13": {"write": {"device_start": -1, "host_queued_start": 1585499422.031988, "device_queued": -1, "device_end": -1, "host_queued_end": 1585499422.042278}, "device": "gpu", "nd_range": {"device_start": 1585499359.1490817, "device_end": 1585499359.149188}, "cmdq": 0, "read": {"device_start": -1, "device_end": -1}}, "empty8": {"write": {"device_start": 1585499359.1458178, "host_queued_start": 1585499422.012535, "device_queued": 1585499359.1457434, "device_end": 1585499359.1458309, "host_queued_end": 1585499422.042278}, "device": "gpu", "nd_range": {"device_start": 1585499359.145832, "device_end": 1585499359.145837}, "cmdq": 0, "read": {"device_start": -1, "device_end": -1}}, "FFC_sans_bias42": {"write": {"device_start": -1, "host_queued_start": 1585499422.037159, "device_queued": -1, "device_end": -1, "host_queued_end": 1585499422.042278}, "device": "gpu", "nd_range": {"device_start": 1585499359.1508439, "device_end": 1585499359.150949}, "cmdq": 0, "read": {"device_start": -1, "device_end": -1}}, "FFC_sans_bias43": {"write": {"device_start": 1585499359.1520927, "host_queued_start": 1585499422.040599, "device_queued": 1585499359.1482077, "device_end": 1585499359.1521013, "host_queued_end": 1585499422.042278}, "device": "gpu", "nd_range": {"device_start": 1585499359.1521025, "device_end": 1585499359.1522083}, "cmdq": 0, "read": {"device_start": 1585499359.1522124, "device_end": 1585499359.1522188}}, "FFC_sans_bias40": {"write": {"device_start": -1, "host_queued_start": 1585499422.032891, "device_queued": -1, "device_end": -1, "host_queued_end": 1585499422.042278}, "device": "gpu", "nd_range": {"device_start": 1585499359.1494038, "device_end": 1585499359.1495109}, "cmdq": 0, "read": {"device_start": -1, "device_end": -1}}, "softmax32": {"write": {"device_start": -1, "host_queued_start": 1585499422.034718, "device_queued": -1, "device_end": -1, "host_queued_end": 1585499422.042278}, "device": "gpu", "nd_range": {"device_start": 1585499359.1500547, "device_end": 1585499359.1501245}, "cmdq": 0, "read": {"device_start": -1, "device_end": -1}}, "FFC_sans_bias47": {"write": {"device_start": 1585499359.1480978, "host_queued_start": 1585499422.025947, "device_queued": 1585499359.1469378, "device_end": 1585499359.1481113, "host_queued_end": 1585499422.042278}, "device": "gpu", "nd_range": {"device_start": 1585499359.1481125, "device_end": 1585499359.148217}, "cmdq": 0, "read": {"device_start": -1, "device_end": -1}}, "FFC_sans_bias45": {"write": {"device_start": 1585499359.1478553, "host_queued_start": 1585499422.024838, "device_queued": 1585499359.1468692, "device_end": 1585499359.1478655, "host_queued_end": 1585499422.042278}, "device": "gpu", "nd_range": {"device_start": 1585499359.1478667, "device_end": 1585499359.1479805}, "cmdq": 0, "read": {"device_start": -1, "device_end": -1}}, "softmax50": {"write": {"device_start": -1, "host_queued_start": 1585499422.035176, "device_queued": -1, "device_end": -1, "host_queued_end": 1585499422.042278}, "device": "gpu", "nd_range": {"device_start": 1585499359.150197, "device_end": 1585499359.150267}, "cmdq": 0, "read": {"device_start": -1, "device_end": -1}}, "FFC_sans_bias33": {"write": {"device_start": -1, "host_queued_start": 1585499422.036871, "device_queued": -1, "device_end": -1, "host_queued_end": 1585499422.042278}, "device": "gpu", "nd_range": {"device_start": 1585499359.1507363, "device_end": 1585499359.1508424}, "cmdq": 0, "read": {"device_start": -1, "device_end": -1}}, "FFC_sans_bias63": {"write": {"device_start": 1585499359.1488066, "host_queued_start": 1585499422.029063, "device_queued": 1585499359.1472373, "device_end": 1585499359.148815, "host_queued_end": 1585499422.042278}, "device": "gpu", "nd_range": {"device_start": 1585499359.148816, "device_end": 1585499359.1489227}, "cmdq": 0, "read": {"device_start": -1, "device_end": -1}}, "FFC_sans_bias49": {"write": {"device_start": -1, "host_queued_start": 1585499422.033178, "device_queued": -1, "device_end": -1, "host_queued_end": 1585499422.042278}, "device": "gpu", "nd_range": {"device_start": 1585499359.1495118, "device_end": 1585499359.1496186}, "cmdq": 0, "read": {"device_start": -1, "device_end": -1}}, "FFC_sans_bias64": {"write": {"device_start": 1585499359.1485717, "host_queued_start": 1585499422.028044, "device_queued": 1585499359.1471715, "device_end": 1585499359.1485803, "host_queued_end": 1585499422.042278}, "device": "gpu", "nd_range": {"device_start": 1585499359.1485815, "device_end": 1585499359.148688}, "cmdq": 0, "read": {"device_start": -1, "device_end": -1}}, "FFC_sans_bias65": {"write": {"device_start": 1585499359.148689, "host_queued_start": 1585499422.028556, "device_queued": 1585499359.147204, "device_end": 1585499359.1486976, "host_queued_end": 1585499422.042278}, "device": "gpu", "nd_range": {"device_start": 1585499359.1486988, "device_end": 1585499359.1488051}, "cmdq": 0, "read": {"device_start": -1, "device_end": -1}}, "FFC_sans_bias67": {"write": {"device_start": -1, "host_queued_start": 1585499422.033792, "device_queued": -1, "device_end": -1, "host_queued_end": 1585499422.042278}, "device": "gpu", "nd_range": {"device_start": 1585499359.1497269, "device_end": 1585499359.1498325}, "cmdq": 0, "read": {"device_start": -1, "device_end": -1}}, "FFC_sans_bias24": {"write": {"device_start": -1, "host_queued_start": 1585499422.03657, "device_queued": -1, "device_end": -1, "host_queued_end": 1585499422.042278}, "device": "gpu", "nd_range": {"device_start": 1585499359.150629, "device_end": 1585499359.1507351}, "cmdq": 0, "read": {"device_start": -1, "device_end": -1}}, "FFC_sans_bias25": {"write": {"device_start": 1585499359.1516583, "host_queued_start": 1585499422.039587, "device_queued": 1585499359.1479843, "device_end": 1585499359.151667, "host_queued_end": 1585499422.042278}, "device": "gpu", "nd_range": {"device_start": 1585499359.151668, "device_end": 1585499359.1517754}, "cmdq": 0, "read": {"device_start": 1585499359.1517816, "device_end": 1585499359.1517882}}, "FFC_sans_bias27": {"write": {"device_start": 1585499359.1471493, "host_queued_start": 1585499422.021495, "device_queued": 1585499359.1465416, "device_end": 1585499359.1471581, "host_queued_end": 1585499422.042278}, "device": "gpu", "nd_range": {"device_start": 1585499359.147159, "device_end": 1585499359.1472657}, "cmdq": 0, "read": {"device_start": -1, "device_end": -1}}, "FFC_sans_bias20": {"write": {"device_start": 1585499359.1470315, "host_queued_start": 1585499422.020964, "device_queued": 1585499359.1465065, "device_end": 1585499359.1470401, "host_queued_end": 1585499422.042278}, "device": "gpu", "nd_range": {"device_start": 1585499359.1470413, "device_end": 1585499359.147148}, "cmdq": 0, "read": {"device_start": -1, "device_end": -1}}, "FFC_sans_bias22": {"write": {"device_start": -1, "host_queued_start": 1585499422.032283, "device_queued": -1, "device_end": -1, "host_queued_end": 1585499422.042278}, "device": "gpu", "nd_range": {"device_start": 1585499359.1491892, "device_end": 1585499359.1492949}, "cmdq": 0, "read": {"device_start": -1, "device_end": -1}}, "softmax68": {"write": {"device_start": -1, "host_queued_start": 1585499422.035616, "device_queued": -1, "device_end": -1, "host_queued_end": 1585499422.042278}, "device": "gpu", "nd_range": {"device_start": 1585499359.1503417, "device_end": 1585499359.1504138}, "cmdq": 0, "read": {"device_start": -1, "device_end": -1}}, "softmax5": {"write": {"device_start": -1, "host_queued_start": 1585499422.034014, "device_queued": -1, "device_end": -1, "host_queued_end": 1585499422.042278}, "device": "gpu", "nd_range": {"device_start": 1585499359.149834, "device_end": 1585499359.1499107}, "cmdq": 0, "read": {"device_start": -1, "device_end": -1}}, "FFC_sans_bias28": {"write": {"device_start": 1585499359.1472666, "host_queued_start": 1585499422.022019, "device_queued": 1585499359.1465745, "device_end": 1585499359.1472754, "host_queued_end": 1585499422.042278}, "device": "gpu", "nd_range": {"device_start": 1585499359.1472764, "device_end": 1585499359.1473832}, "cmdq": 0, "read": {"device_start": -1, "device_end": -1}}, "FFC_sans_bias29": {"write": {"device_start": 1585499359.1473844, "host_queued_start": 1585499422.022549, "device_queued": 1585499359.1466112, "device_end": 1585499359.1473927, "host_queued_end": 1585499422.042278}, "device": "gpu", "nd_range": {"device_start": 1585499359.1473942, "device_end": 1585499359.1475008}, "cmdq": 0, "read": {"device_start": -1, "device_end": -1}}, "empty17": {"write": {"device_start": 1585499359.1458669, "host_queued_start": 1585499422.013261, "device_queued": 1585499359.1458464, "device_end": 1585499359.1458755, "host_queued_end": 1585499422.042278}, "device": "gpu", "nd_range": {"device_start": 1585499359.1458766, "device_end": 1585499359.1458802}, "cmdq": 0, "read": {"device_start": -1, "device_end": -1}}, "softmax59": {"write": {"device_start": -1, "host_queued_start": 1585499422.035389, "device_queued": -1, "device_end": -1, "host_queued_end": 1585499422.042278}, "device": "gpu", "nd_range": {"device_start": 1585499359.1502683, "device_end": 1585499359.1503406}, "cmdq": 0, "read": {"device_start": -1, "device_end": -1}}, "empty71": {"write": {"device_start": 1585499359.1460588, "host_queued_start": 1585499422.015752, "device_queued": 1585499359.1460397, "device_end": 1585499359.1460676, "host_queued_end": 1585499422.042278}, "device": "gpu", "nd_range": {"device_start": 1585499359.1460686, "device_end": 1585499359.1460721}, "cmdq": 0, "read": {"device_start": -1, "device_end": -1}}, "empty35": {"write": {"device_start": 1585499359.1459324, "host_queued_start": 1585499422.014069, "device_queued": 1585499359.1459124, "device_end": 1585499359.145941, "host_queued_end": 1585499422.042278}, "device": "gpu", "nd_range": {"device_start": 1585499359.1459422, "device_end": 1585499359.1459458}, "cmdq": 0, "read": {"device_start": -1, "device_end": -1}}, "empty53": {"write": {"device_start": 1585499359.145997, "host_queued_start": 1585499422.01494, "device_queued": 1585499359.1459777, "device_end": 1585499359.1460056, "host_queued_end": 1585499422.042278}, "device": "gpu", "nd_range": {"device_start": 1585499359.1460068, "device_end": 1585499359.1460102}, "cmdq": 0, "read": {"device_start": -1, "device_end": -1}}, "FFC_sans_bias46": {"write": {"device_start": 1585499359.1479814, "host_queued_start": 1585499422.02539, "device_queued": 1585499359.1469007, "device_end": 1585499359.1479912, "host_queued_end": 1585499422.042278}, "device": "gpu", "nd_range": {"device_start": 1585499359.1479926, "device_end": 1585499359.1480966}, "cmdq": 0, "read": {"device_start": -1, "device_end": -1}}, "coalesced_transpose66": {"write": {"device_start": -1, "host_queued_start": 1585499422.031369, "device_queued": -1, "device_end": -1, "host_queued_end": 1585499422.042278}, "device": "gpu", "nd_range": {"device_start": 1585499359.1489685, "device_end": 1585499359.1489732}, "cmdq": 0, "read": {"device_start": -1, "device_end": -1}}, "coalesced_transpose48": {"write": {"device_start": -1, "host_queued_start": 1585499422.030809, "device_queued": -1, "device_end": -1, "host_queued_end": 1585499422.042278}, "device": "gpu", "nd_range": {"device_start": 1585499359.1489563, "device_end": 1585499359.1489615}, "cmdq": 0, "read": {"device_start": -1, "device_end": -1}}}