{"FFC_sans_bias60": {"write": {"device_start": -1, "host_queued_start": 1585499614.576091, "device_queued": -1, "device_end": -1, "host_queued_end": 1585499614.58048}, "device": "gpu", "nd_range": {"device_start": 1585499551.6813774, "device_end": 1585499551.6814892}, "cmdq": 0, "read": {"device_start": -1, "device_end": -1}}, "FFC_sans_bias4": {"write": {"device_start": -1, "host_queued_start": 1585499614.570126, "device_queued": -1, "device_end": -1, "host_queued_end": 1585499614.58048}, "device": "gpu", "nd_range": {"device_start": 1585499551.6801262, "device_end": 1585499551.6802368}, "cmdq": 0, "read": {"device_start": -1, "device_end": -1}}, "FFC_sans_bias7": {"write": {"device_start": 1585499551.6814914, "host_queued_start": 1585499614.576845, "device_queued": 1585499551.6802218, "device_end": 1585499551.6815, "host_queued_end": 1585499614.58048}, "device": "gpu", "nd_range": {"device_start": 1585499551.681501, "device_end": 1585499551.6816483}, "cmdq": 0, "read": {"device_start": 1585499551.6816525, "device_end": 1585499551.6816616}}, "FFC_sans_bias6": {"write": {"device_start": -1, "host_queued_start": 1585499614.574291, "device_queued": -1, "device_end": -1, "host_queued_end": 1585499614.58048}, "device": "gpu", "nd_range": {"device_start": 1585499551.6809657, "device_end": 1585499551.6810732}, "cmdq": 0, "read": {"device_start": -1, "device_end": -1}}, "FFC_sans_bias1": {"write": {"device_start": 1585499551.6784875, "host_queued_start": 1585499614.556507, "device_queued": 1585499551.6784658, "device_end": 1585499551.6784964, "host_queued_end": 1585499614.58048}, "device": "gpu", "nd_range": {"device_start": 1585499551.6784973, "device_end": 1585499551.6786244}, "cmdq": 1, "read": {"device_start": -1, "device_end": -1}}, "FFC_sans_bias0": {"write": {"device_start": 1585499551.6784463, "host_queued_start": 1585499614.556009, "device_queued": 1585499551.6784248, "device_end": 1585499551.6784549, "host_queued_end": 1585499614.58048}, "device": "gpu", "nd_range": {"device_start": 1585499551.6784558, "device_end": 1585499551.6785634}, "cmdq": 0, "read": {"device_start": -1, "device_end": -1}}, "FFC_sans_bias2": {"write": {"device_start": 1585499551.6785655, "host_queued_start": 1585499614.557006, "device_queued": 1585499551.6785057, "device_end": 1585499551.6785738, "host_queued_end": 1585499614.58048}, "device": "gpu", "nd_range": {"device_start": 1585499551.6785753, "device_end": 1585499551.6786866}, "cmdq": 0, "read": {"device_start": -1, "device_end": -1}}, "FFC_sans_bias61": {"write": {"device_start": 1585499551.682248, "host_queued_start": 1585499614.57988, "device_queued": 1585499551.6806736, "device_end": 1585499551.682257, "host_queued_end": 1585499614.58048}, "device": "gpu", "nd_range": {"device_start": 1585499551.6822586, "device_end": 1585499551.6823652}, "cmdq": 0, "read": {"device_start": 1585499551.6823745, "device_end": 1585499551.6823819}}, "FFC_sans_bias52": {"write": {"device_start": 1585499551.682032, "host_queued_start": 1585499614.579371, "device_queued": 1585499551.6806045, "device_end": 1585499551.682041, "host_queued_end": 1585499614.58048}, "device": "gpu", "nd_range": {"device_start": 1585499551.6820424, "device_end": 1585499551.6821792}, "cmdq": 1, "read": {"device_start": 1585499551.6821916, "device_end": 1585499551.6822019}}, "FFC_sans_bias9": {"write": {"device_start": 1585499551.6786268, "host_queued_start": 1585499614.557637, "device_queued": 1585499551.6785438, "device_end": 1585499551.6786351, "host_queued_end": 1585499614.58048}, "device": "gpu", "nd_range": {"device_start": 1585499551.6786363, "device_end": 1585499551.6787798}, "cmdq": 1, "read": {"device_start": -1, "device_end": -1}}, "coalesced_transpose39": {"write": {"device_start": -1, "host_queued_start": 1585499614.569016, "device_queued": -1, "device_end": -1, "host_queued_end": 1585499614.58048}, "device": "gpu", "nd_range": {"device_start": 1585499551.6801052, "device_end": 1585499551.680118}, "cmdq": 0, "read": {"device_start": -1, "device_end": -1}}, "FFC_sans_bias55": {"write": {"device_start": 1585499551.6798337, "host_queued_start": 1585499614.566113, "device_queued": 1585499551.679454, "device_end": 1585499551.6798425, "host_queued_end": 1585499614.58048}, "device": "gpu", "nd_range": {"device_start": 1585499551.6798434, "device_end": 1585499551.6799512}, "cmdq": 0, "read": {"device_start": -1, "device_end": -1}}, "FFC_sans_bias54": {"write": {"device_start": 1585499551.679752, "host_queued_start": 1585499614.565629, "device_queued": 1585499551.6793263, "device_end": 1585499551.6797607, "host_queued_end": 1585499614.58048}, "device": "gpu", "nd_range": {"device_start": 1585499551.6797616, "device_end": 1585499551.6798773}, "cmdq": 1, "read": {"device_start": -1, "device_end": -1}}, "FFC_sans_bias56": {"write": {"device_start": 1585499551.6796951, "host_queued_start": 1585499614.565138, "device_queued": 1585499551.679288, "device_end": 1585499551.6797037, "host_queued_end": 1585499614.58048}, "device": "gpu", "nd_range": {"device_start": 1585499551.679705, "device_end": 1585499551.6798317}, "cmdq": 0, "read": {"device_start": -1, "device_end": -1}}, "FFC_sans_bias51": {"write": {"device_start": -1, "host_queued_start": 1585499614.575799, "device_queued": -1, "device_end": -1, "host_queued_end": 1585499614.58048}, "device": "gpu", "nd_range": {"device_start": 1585499551.681288, "device_end": 1585499551.6814587}, "cmdq": 1, "read": {"device_start": -1, "device_end": -1}}, "softmax23": {"write": {"device_start": -1, "host_queued_start": 1585499614.57291, "device_queued": -1, "device_end": -1, "host_queued_end": 1585499614.58048}, "device": "gpu", "nd_range": {"device_start": 1585499551.6807454, "device_end": 1585499551.6808178}, "cmdq": 0, "read": {"device_start": -1, "device_end": -1}}, "FFC_sans_bias37": {"write": {"device_start": 1585499551.6793299, "host_queued_start": 1585499614.562673, "device_queued": 1585499551.679108, "device_end": 1585499551.67934, "host_queued_end": 1585499614.58048}, "device": "gpu", "nd_range": {"device_start": 1585499551.6793408, "device_end": 1585499551.6794763}, "cmdq": 1, "read": {"device_start": -1, "device_end": -1}}, "empty62": {"write": {"device_start": 1585499551.678382, "host_queued_start": 1585499614.555123, "device_queued": 1585499551.6783607, "device_end": 1585499551.6783903, "host_queued_end": 1585499614.58048}, "device": "gpu", "nd_range": {"device_start": 1585499551.6783917, "device_end": 1585499551.6783953}, "cmdq": 0, "read": {"device_start": -1, "device_end": -1}}, "FFC_sans_bias70": {"write": {"device_start": 1585499551.6822627, "host_queued_start": 1585499614.580378, "device_queued": 1585499551.680719, "device_end": 1585499551.6822712, "host_queued_end": 1585499614.58048}, "device": "gpu", "nd_range": {"device_start": 1585499551.6822724, "device_end": 1585499551.6824162}, "cmdq": 1, "read": {"device_start": 1585499551.6824222, "device_end": 1585499551.6824348}}, "FFC_sans_bias58": {"write": {"device_start": -1, "host_queued_start": 1585499614.571927, "device_queued": -1, "device_end": -1, "host_queued_end": 1585499614.58048}, "device": "gpu", "nd_range": {"device_start": 1585499551.6805375, "device_end": 1585499551.6806624}, "cmdq": 0, "read": {"device_start": -1, "device_end": -1}}, "softmax41": {"write": {"device_start": -1, "host_queued_start": 1585499614.573345, "device_queued": -1, "device_end": -1, "host_queued_end": 1585499614.58048}, "device": "gpu", "nd_range": {"device_start": 1585499551.6808197, "device_end": 1585499551.6808908}, "cmdq": 0, "read": {"device_start": -1, "device_end": -1}}, "FFC_sans_bias11": {"write": {"device_start": 1585499551.6787832, "host_queued_start": 1585499614.558677, "device_queued": 1585499551.6787264, "device_end": 1585499551.6787918, "host_queued_end": 1585499614.58048}, "device": "gpu", "nd_range": {"device_start": 1585499551.6787927, "device_end": 1585499551.6789029}, "cmdq": 1, "read": {"device_start": -1, "device_end": -1}}, "FFC_sans_bias10": {"write": {"device_start": 1585499551.6787035, "host_queued_start": 1585499614.558137, "device_queued": 1585499551.6786807, "device_end": 1585499551.6787121, "host_queued_end": 1585499614.58048}, "device": "gpu", "nd_range": {"device_start": 1585499551.6787176, "device_end": 1585499551.6788373}, "cmdq": 0, "read": {"device_start": -1, "device_end": -1}}, "coalesced_transpose3": {"write": {"device_start": -1, "host_queued_start": 1585499614.567926, "device_queued": -1, "device_end": -1, "host_queued_end": 1585499614.58048}, "device": "gpu", "nd_range": {"device_start": 1585499551.6800766, "device_end": 1585499551.6800892}, "cmdq": 0, "read": {"device_start": -1, "device_end": -1}}, "FFC_sans_bias34": {"write": {"device_start": 1585499551.6818051, "host_queued_start": 1585499614.578343, "device_queued": 1585499551.6803794, "device_end": 1585499551.6818178, "host_queued_end": 1585499614.58048}, "device": "gpu", "nd_range": {"device_start": 1585499551.6818187, "device_end": 1585499551.6819472}, "cmdq": 1, "read": {"device_start": 1585499551.6819503, "device_end": 1585499551.6819665}}, "FFC_sans_bias15": {"write": {"device_start": -1, "host_queued_start": 1585499614.574635, "device_queued": -1, "device_end": -1, "host_queued_end": 1585499614.58048}, "device": "gpu", "nd_range": {"device_start": 1585499551.6810684, "device_end": 1585499551.6811762}, "cmdq": 1, "read": {"device_start": -1, "device_end": -1}}, "FFC_sans_bias31": {"write": {"device_start": -1, "host_queued_start": 1585499614.571027, "device_queued": -1, "device_end": -1, "host_queued_end": 1585499614.58048}, "device": "gpu", "nd_range": {"device_start": 1585499551.6803362, "device_end": 1585499551.6804464}, "cmdq": 1, "read": {"device_start": -1, "device_end": -1}}, "FFC_sans_bias16": {"write": {"device_start": 1585499551.6815708, "host_queued_start": 1585499614.577354, "device_queued": 1585499551.6802573, "device_end": 1585499551.681579, "host_queued_end": 1585499614.58048}, "device": "gpu", "nd_range": {"device_start": 1585499551.6815803, "device_end": 1585499551.681708}, "cmdq": 1, "read": {"device_start": 1585499551.681725, "device_end": 1585499551.681735}}, "FFC_sans_bias19": {"write": {"device_start": 1585499551.6789052, "host_queued_start": 1585499614.559655, "device_queued": 1585499551.6787996, "device_end": 1585499551.6789162, "host_queued_end": 1585499614.58048}, "device": "gpu", "nd_range": {"device_start": 1585499551.6789176, "device_end": 1585499551.6790318}, "cmdq": 1, "read": {"device_start": -1, "device_end": -1}}, "FFC_sans_bias18": {"write": {"device_start": 1585499551.6788404, "host_queued_start": 1585499614.559163, "device_queued": 1585499551.678765, "device_end": 1585499551.6788492, "host_queued_end": 1585499614.58048}, "device": "gpu", "nd_range": {"device_start": 1585499551.6788507, "device_end": 1585499551.6790006}, "cmdq": 0, "read": {"device_start": -1, "device_end": -1}}, "coalesced_transpose30": {"write": {"device_start": -1, "host_queued_start": 1585499614.568748, "device_queued": -1, "device_end": -1, "host_queued_end": 1585499614.58048}, "device": "gpu", "nd_range": {"device_start": 1585499551.6801803, "device_end": 1585499551.6801884}, "cmdq": 1, "read": {"device_start": -1, "device_end": -1}}, "FFC_sans_bias69": {"write": {"device_start": -1, "host_queued_start": 1585499614.576369, "device_queued": -1, "device_end": -1, "host_queued_end": 1585499614.58048}, "device": "gpu", "nd_range": {"device_start": 1585499551.6814601, "device_end": 1585499551.6815693}, "cmdq": 1, "read": {"device_start": -1, "device_end": -1}}, "FFC_sans_bias38": {"write": {"device_start": 1585499551.6794152, "host_queued_start": 1585499614.563172, "device_queued": 1585499551.6791441, "device_end": 1585499551.6794238, "host_queued_end": 1585499614.58048}, "device": "gpu", "nd_range": {"device_start": 1585499551.6794252, "device_end": 1585499551.6795316}, "cmdq": 0, "read": {"device_start": -1, "device_end": -1}}, "coalesced_transpose57": {"write": {"device_start": -1, "host_queued_start": 1585499614.569567, "device_queued": -1, "device_end": -1, "host_queued_end": 1585499614.58048}, "device": "gpu", "nd_range": {"device_start": 1585499551.6801193, "device_end": 1585499551.680125}, "cmdq": 0, "read": {"device_start": -1, "device_end": -1}}, "empty26": {"write": {"device_start": 1585499551.6782486, "host_queued_start": 1585499614.553565, "device_queued": 1585499551.6782186, "device_end": 1585499551.678257, "host_queued_end": 1585499614.58048}, "device": "gpu", "nd_range": {"device_start": 1585499551.6782582, "device_end": 1585499551.6782615}, "cmdq": 0, "read": {"device_start": -1, "device_end": -1}}, "coalesced_transpose12": {"write": {"device_start": -1, "host_queued_start": 1585499614.568191, "device_queued": -1, "device_end": -1, "host_queued_end": 1585499614.58048}, "device": "gpu", "nd_range": {"device_start": 1585499551.6801713, "device_end": 1585499551.6801789}, "cmdq": 1, "read": {"device_start": -1, "device_end": -1}}, "empty44": {"write": {"device_start": 1585499551.6783164, "host_queued_start": 1585499614.55431, "device_queued": 1585499551.678295, "device_end": 1585499551.678325, "host_queued_end": 1585499614.58048}, "device": "gpu", "nd_range": {"device_start": 1585499551.6783261, "device_end": 1585499551.6783295}, "cmdq": 0, "read": {"device_start": -1, "device_end": -1}}, "coalesced_transpose21": {"write": {"device_start": -1, "host_queued_start": 1585499614.568471, "device_queued": -1, "device_end": -1, "host_queued_end": 1585499614.58048}, "device": "gpu", "nd_range": {"device_start": 1585499551.6800907, "device_end": 1585499551.680104}, "cmdq": 0, "read": {"device_start": -1, "device_end": -1}}, "FFC_sans_bias36": {"write": {"device_start": 1585499551.6792552, "host_queued_start": 1585499614.562141, "device_queued": 1585499551.6790695, "device_end": 1585499551.6792684, "host_queued_end": 1585499614.58048}, "device": "gpu", "nd_range": {"device_start": 1585499551.67927, "device_end": 1585499551.679413}, "cmdq": 0, "read": {"device_start": -1, "device_end": -1}}, "softmax14": {"write": {"device_start": -1, "host_queued_start": 1585499614.572683, "device_queued": -1, "device_end": -1, "host_queued_end": 1585499614.58048}, "device": "gpu", "nd_range": {"device_start": 1585499551.6807363, "device_end": 1585499551.6808112}, "cmdq": 1, "read": {"device_start": -1, "device_end": -1}}, "FFC_sans_bias13": {"write": {"device_start": -1, "host_queued_start": 1585499614.570424, "device_queued": -1, "device_end": -1, "host_queued_end": 1585499614.58048}, "device": "gpu", "nd_range": {"device_start": 1585499551.6802104, "device_end": 1585499551.6803343}, "cmdq": 1, "read": {"device_start": -1, "device_end": -1}}, "empty8": {"write": {"device_start": 1585499551.6781332, "host_queued_start": 1585499614.552572, "device_queued": 1585499551.678084, "device_end": 1585499551.6781418, "host_queued_end": 1585499614.58048}, "device": "gpu", "nd_range": {"device_start": 1585499551.678166, "device_end": 1585499551.6781783}, "cmdq": 0, "read": {"device_start": -1, "device_end": -1}}, "FFC_sans_bias42": {"write": {"device_start": -1, "host_queued_start": 1585499614.575508, "device_queued": -1, "device_end": -1, "host_queued_end": 1585499614.58048}, "device": "gpu", "nd_range": {"device_start": 1585499551.6812627, "device_end": 1585499551.6813753}, "cmdq": 0, "read": {"device_start": -1, "device_end": -1}}, "FFC_sans_bias43": {"write": {"device_start": 1585499551.6820054, "host_queued_start": 1585499614.578844, "device_queued": 1585499551.6805649, "device_end": 1585499551.682017, "host_queued_end": 1585499614.58048}, "device": "gpu", "nd_range": {"device_start": 1585499551.6820185, "device_end": 1585499551.6821256}, "cmdq": 0, "read": {"device_start": 1585499551.6821313, "device_end": 1585499551.6821406}}, "FFC_sans_bias40": {"write": {"device_start": -1, "host_queued_start": 1585499614.571337, "device_queued": -1, "device_end": -1, "host_queued_end": 1585499614.58048}, "device": "gpu", "nd_range": {"device_start": 1585499551.6804252, "device_end": 1585499551.6805356}, "cmdq": 0, "read": {"device_start": -1, "device_end": -1}}, "softmax32": {"write": {"device_start": -1, "host_queued_start": 1585499614.573122, "device_queued": -1, "device_end": -1, "host_queued_end": 1585499614.58048}, "device": "gpu", "nd_range": {"device_start": 1585499551.680814, "device_end": 1585499551.6808853}, "cmdq": 1, "read": {"device_start": -1, "device_end": -1}}, "FFC_sans_bias47": {"write": {"device_start": 1585499551.6796336, "host_queued_start": 1585499614.564645, "device_queued": 1585499551.6792476, "device_end": 1585499551.6796422, "host_queued_end": 1585499614.58048}, "device": "gpu", "nd_range": {"device_start": 1585499551.6796432, "device_end": 1585499551.67975}, "cmdq": 1, "read": {"device_start": -1, "device_end": -1}}, "FFC_sans_bias45": {"write": {"device_start": 1585499551.6794784, "host_queued_start": 1585499614.56366, "device_queued": 1585499551.6791785, "device_end": 1585499551.679487, "host_queued_end": 1585499614.58048}, "device": "gpu", "nd_range": {"device_start": 1585499551.6794882, "device_end": 1585499551.6796315}, "cmdq": 1, "read": {"device_start": -1, "device_end": -1}}, "softmax50": {"write": {"device_start": -1, "host_queued_start": 1585499614.573569, "device_queued": -1, "device_end": -1, "host_queued_end": 1585499614.58048}, "device": "gpu", "nd_range": {"device_start": 1585499551.680887, "device_end": 1585499551.6809554}, "cmdq": 1, "read": {"device_start": -1, "device_end": -1}}, "FFC_sans_bias33": {"write": {"device_start": -1, "host_queued_start": 1585499614.575224, "device_queued": -1, "device_end": -1, "host_queued_end": 1585499614.58048}, "device": "gpu", "nd_range": {"device_start": 1585499551.681178, "device_end": 1585499551.681286}, "cmdq": 1, "read": {"device_start": -1, "device_end": -1}}, "FFC_sans_bias63": {"write": {"device_start": 1585499551.6800394, "host_queued_start": 1585499614.567631, "device_queued": 1585499551.6795683, "device_end": 1585499551.6800482, "host_queued_end": 1585499614.58048}, "device": "gpu", "nd_range": {"device_start": 1585499551.6800492, "device_end": 1585499551.6801698}, "cmdq": 1, "read": {"device_start": -1, "device_end": -1}}, "FFC_sans_bias49": {"write": {"device_start": -1, "host_queued_start": 1585499614.571626, "device_queued": -1, "device_end": -1, "host_queued_end": 1585499614.58048}, "device": "gpu", "nd_range": {"device_start": 1585499551.6804478, "device_end": 1585499551.6806247}, "cmdq": 1, "read": {"device_start": -1, "device_end": -1}}, "FFC_sans_bias64": {"write": {"device_start": 1585499551.6798794, "host_queued_start": 1585499614.566651, "device_queued": 1585499551.6794927, "device_end": 1585499551.679888, "host_queued_end": 1585499614.58048}, "device": "gpu", "nd_range": {"device_start": 1585499551.6798894, "device_end": 1585499551.6800375}, "cmdq": 1, "read": {"device_start": -1, "device_end": -1}}, "FFC_sans_bias65": {"write": {"device_start": 1585499551.6799536, "host_queued_start": 1585499614.567146, "device_queued": 1585499551.679527, "device_end": 1585499551.6799622, "host_queued_end": 1585499614.58048}, "device": "gpu", "nd_range": {"device_start": 1585499551.6799634, "device_end": 1585499551.6800752}, "cmdq": 0, "read": {"device_start": -1, "device_end": -1}}, "FFC_sans_bias67": {"write": {"device_start": -1, "host_queued_start": 1585499614.572241, "device_queued": -1, "device_end": -1, "host_queued_end": 1585499614.58048}, "device": "gpu", "nd_range": {"device_start": 1585499551.680626, "device_end": 1585499551.6807342}, "cmdq": 1, "read": {"device_start": -1, "device_end": -1}}, "FFC_sans_bias24": {"write": {"device_start": -1, "host_queued_start": 1585499614.574927, "device_queued": -1, "device_end": -1, "host_queued_end": 1585499614.58048}, "device": "gpu", "nd_range": {"device_start": 1585499551.6810746, "device_end": 1585499551.681261}, "cmdq": 0, "read": {"device_start": -1, "device_end": -1}}, "FFC_sans_bias25": {"write": {"device_start": 1585499551.681776, "host_queued_start": 1585499614.577849, "device_queued": 1585499551.680333, "device_end": 1585499551.6817849, "host_queued_end": 1585499614.58048}, "device": "gpu", "nd_range": {"device_start": 1585499551.6817865, "device_end": 1585499551.6818938}, "cmdq": 0, "read": {"device_start": 1585499551.6818984, "device_end": 1585499551.6819077}}, "FFC_sans_bias27": {"write": {"device_start": 1585499551.679034, "host_queued_start": 1585499614.560649, "device_queued": 1585499551.6788743, "device_end": 1585499551.6790426, "host_queued_end": 1585499614.58048}, "device": "gpu", "nd_range": {"device_start": 1585499551.6790438, "device_end": 1585499551.6792037}, "cmdq": 1, "read": {"device_start": -1, "device_end": -1}}, "FFC_sans_bias20": {"write": {"device_start": 1585499551.679003, "host_queued_start": 1585499614.560159, "device_queued": 1585499551.6788344, "device_end": 1585499551.6790113, "host_queued_end": 1585499614.58048}, "device": "gpu", "nd_range": {"device_start": 1585499551.6790125, "device_end": 1585499551.6791208}, "cmdq": 0, "read": {"device_start": -1, "device_end": -1}}, "FFC_sans_bias22": {"write": {"device_start": -1, "host_queued_start": 1585499614.570737, "device_queued": -1, "device_end": -1, "host_queued_end": 1585499614.58048}, "device": "gpu", "nd_range": {"device_start": 1585499551.6802387, "device_end": 1585499551.6804228}, "cmdq": 0, "read": {"device_start": -1, "device_end": -1}}, "softmax68": {"write": {"device_start": -1, "host_queued_start": 1585499614.574001, "device_queued": -1, "device_end": -1, "host_queued_end": 1585499614.58048}, "device": "gpu", "nd_range": {"device_start": 1585499551.680958, "device_end": 1585499551.6810663}, "cmdq": 1, "read": {"device_start": -1, "device_end": -1}}, "softmax5": {"write": {"device_start": -1, "host_queued_start": 1585499614.572454, "device_queued": -1, "device_end": -1, "host_queued_end": 1585499614.58048}, "device": "gpu", "nd_range": {"device_start": 1585499551.6806643, "device_end": 1585499551.680743}, "cmdq": 0, "read": {"device_start": -1, "device_end": -1}}, "FFC_sans_bias28": {"write": {"device_start": 1585499551.6791258, "host_queued_start": 1585499614.561138, "device_queued": 1585499551.678908, "device_end": 1585499551.6791344, "host_queued_end": 1585499614.58048}, "device": "gpu", "nd_range": {"device_start": 1585499551.6791353, "device_end": 1585499551.6792524}, "cmdq": 0, "read": {"device_start": -1, "device_end": -1}}, "FFC_sans_bias29": {"write": {"device_start": 1585499551.6792057, "host_queued_start": 1585499614.561637, "device_queued": 1585499551.6789465, "device_end": 1585499551.6792147, "host_queued_end": 1585499614.58048}, "device": "gpu", "nd_range": {"device_start": 1585499551.679216, "device_end": 1585499551.6793275}, "cmdq": 1, "read": {"device_start": -1, "device_end": -1}}, "empty17": {"write": {"device_start": 1585499551.6782064, "host_queued_start": 1585499614.553162, "device_queued": 1585499551.6781828, "device_end": 1585499551.6782153, "host_queued_end": 1585499614.58048}, "device": "gpu", "nd_range": {"device_start": 1585499551.6782162, "device_end": 1585499551.6782196}, "cmdq": 1, "read": {"device_start": -1, "device_end": -1}}, "softmax59": {"write": {"device_start": -1, "host_queued_start": 1585499614.573785, "device_queued": -1, "device_end": -1, "host_queued_end": 1585499614.58048}, "device": "gpu", "nd_range": {"device_start": 1585499551.680893, "device_end": 1585499551.6809638}, "cmdq": 0, "read": {"device_start": -1, "device_end": -1}}, "empty71": {"write": {"device_start": 1585499551.6784132, "host_queued_start": 1585499614.55549, "device_queued": 1585499551.6783917, "device_end": 1585499551.678422, "host_queued_end": 1585499614.58048}, "device": "gpu", "nd_range": {"device_start": 1585499551.6784232, "device_end": 1585499551.6784267}, "cmdq": 1, "read": {"device_start": -1, "device_end": -1}}, "empty35": {"write": {"device_start": 1585499551.6782813, "host_queued_start": 1585499614.553941, "device_queued": 1585499551.67826, "device_end": 1585499551.6782901, "host_queued_end": 1585499614.58048}, "device": "gpu", "nd_range": {"device_start": 1585499551.678291, "device_end": 1585499551.6782947}, "cmdq": 1, "read": {"device_start": -1, "device_end": -1}}, "empty53": {"write": {"device_start": 1585499551.6783497, "host_queued_start": 1585499614.554734, "device_queued": 1585499551.6783276, "device_end": 1585499551.678358, "host_queued_end": 1585499614.58048}, "device": "gpu", "nd_range": {"device_start": 1585499551.6783595, "device_end": 1585499551.6783626}, "cmdq": 1, "read": {"device_start": -1, "device_end": -1}}, "FFC_sans_bias46": {"write": {"device_start": 1585499551.6795354, "host_queued_start": 1585499614.564148, "device_queued": 1585499551.6792126, "device_end": 1585499551.6795483, "host_queued_end": 1585499614.58048}, "device": "gpu", "nd_range": {"device_start": 1585499551.6795492, "device_end": 1585499551.679693}, "cmdq": 0, "read": {"device_start": -1, "device_end": -1}}, "coalesced_transpose66": {"write": {"device_start": -1, "host_queued_start": 1585499614.569836, "device_queued": -1, "device_end": -1, "host_queued_end": 1585499614.58048}, "device": "gpu", "nd_range": {"device_start": 1585499551.6802006, "device_end": 1585499551.6802087}, "cmdq": 1, "read": {"device_start": -1, "device_end": -1}}, "coalesced_transpose48": {"write": {"device_start": -1, "host_queued_start": 1585499614.569293, "device_queued": -1, "device_end": -1, "host_queued_end": 1585499614.58048}, "device": "gpu", "nd_range": {"device_start": 1585499551.6801898, "device_end": 1585499551.6801996}, "cmdq": 1, "read": {"device_start": -1, "device_end": -1}}}