{"FFC_sans_bias60": {"write": {"device_start": -1, "host_queued_start": 1585499761.733404, "device_queued": -1, "device_end": -1, "host_queued_end": 1585499761.736678}, "device": "cpu", "nd_range": {"device_start": 2167535.9511929853, "device_end": 2167535.951776166}, "cmdq": 0, "read": {"device_start": -1, "device_end": -1}}, "FFC_sans_bias4": {"write": {"device_start": -1, "host_queued_start": 1585499761.727399, "device_queued": -1, "device_end": -1, "host_queued_end": 1585499761.736678}, "device": "cpu", "nd_range": {"device_start": 2167535.940733104, "device_end": 2167535.941242204}, "cmdq": 0, "read": {"device_start": -1, "device_end": -1}}, "FFC_sans_bias7": {"write": {"device_start": -1, "host_queued_start": 1585499761.733908, "device_queued": -1, "device_end": -1, "host_queued_end": 1585499761.736678}, "device": "cpu", "nd_range": {"device_start": 2167535.951780898, "device_end": 2167535.952469894}, "cmdq": 0, "read": {"device_start": -1, "device_end": -1}}, "FFC_sans_bias6": {"write": {"device_start": -1, "host_queued_start": 1585499761.731496, "device_queued": -1, "device_end": -1, "host_queued_end": 1585499761.736678}, "device": "cpu", "nd_range": {"device_start": 2167535.946806407, "device_end": 2167535.947304053}, "cmdq": 0, "read": {"device_start": -1, "device_end": -1}}, "FFC_sans_bias1": {"write": {"device_start": -1, "host_queued_start": 1585499761.715373, "device_queued": -1, "device_end": -1, "host_queued_end": 1585499761.736678}, "device": "cpu", "nd_range": {"device_start": 2167535.927625564, "device_end": 2167535.928265931}, "cmdq": 0, "read": {"device_start": -1, "device_end": -1}}, "FFC_sans_bias0": {"write": {"device_start": -1, "host_queued_start": 1585499761.714873, "device_queued": -1, "device_end": -1, "host_queued_end": 1585499761.736678}, "device": "cpu", "nd_range": {"device_start": 2167535.926298898, "device_end": 2167535.927607215}, "cmdq": 0, "read": {"device_start": -1, "device_end": -1}}, "FFC_sans_bias2": {"write": {"device_start": -1, "host_queued_start": 1585499761.715884, "device_queued": -1, "device_end": -1, "host_queued_end": 1585499761.736678}, "device": "cpu", "nd_range": {"device_start": 2167535.9282857543, "device_end": 2167535.928906654}, "cmdq": 0, "read": {"device_start": -1, "device_end": -1}}, "FFC_sans_bias61": {"write": {"device_start": -1, "host_queued_start": 1585499761.736632, "device_queued": -1, "device_end": -1, "host_queued_end": 1585499761.736678}, "device": "cpu", "nd_range": {"device_start": 2167535.95551773, "device_end": 2167535.95612854}, "cmdq": 0, "read": {"device_start": -1, "device_end": -1}}, "FFC_sans_bias52": {"write": {"device_start": -1, "host_queued_start": 1585499761.736173, "device_queued": -1, "device_end": -1, "host_queued_end": 1585499761.736678}, "device": "cpu", "nd_range": {"device_start": 2167535.954909319, "device_end": 2167535.955515551}, "cmdq": 0, "read": {"device_start": -1, "device_end": -1}}, "FFC_sans_bias9": {"write": {"device_start": -1, "host_queued_start": 1585499761.716401, "device_queued": -1, "device_end": -1, "host_queued_end": 1585499761.736678}, "device": "cpu", "nd_range": {"device_start": 2167535.928911798, "device_end": 2167535.929504957}, "cmdq": 0, "read": {"device_start": -1, "device_end": -1}}, "coalesced_transpose39": {"write": {"device_start": -1, "host_queued_start": 1585499761.726482, "device_queued": -1, "device_end": -1, "host_queued_end": 1585499761.736678}, "device": "cpu", "nd_range": {"device_start": 2167535.9402931323, "device_end": 2167535.940333771}, "cmdq": 0, "read": {"device_start": -1, "device_end": -1}}, "FFC_sans_bias55": {"write": {"device_start": -1, "host_queued_start": 1585499761.724983, "device_queued": -1, "device_end": -1, "host_queued_end": 1585499761.736678}, "device": "cpu", "nd_range": {"device_start": 2167535.9390885183, "device_end": 2167535.939669778}, "cmdq": 0, "read": {"device_start": -1, "device_end": -1}}, "FFC_sans_bias54": {"write": {"device_start": -1, "host_queued_start": 1585499761.724487, "device_queued": -1, "device_end": -1, "host_queued_end": 1585499761.736678}, "device": "cpu", "nd_range": {"device_start": 2167535.9385038363, "device_end": 2167535.939084047}, "cmdq": 0, "read": {"device_start": -1, "device_end": -1}}, "FFC_sans_bias56": {"write": {"device_start": -1, "host_queued_start": 1585499761.723983, "device_queued": -1, "device_end": -1, "host_queued_end": 1585499761.736678}, "device": "cpu", "nd_range": {"device_start": 2167535.937924244, "device_end": 2167535.938498883}, "cmdq": 0, "read": {"device_start": -1, "device_end": -1}}, "FFC_sans_bias51": {"write": {"device_start": -1, "host_queued_start": 1585499761.733082, "device_queued": -1, "device_end": -1, "host_queued_end": 1585499761.736678}, "device": "cpu", "nd_range": {"device_start": 2167535.9506005673, "device_end": 2167535.951188168}, "cmdq": 0, "read": {"device_start": -1, "device_end": -1}}, "softmax23": {"write": {"device_start": -1, "host_queued_start": 1585499761.730136, "device_queued": -1, "device_end": -1, "host_queued_end": 1585499761.736678}, "device": "cpu", "nd_range": {"device_start": 2167535.945094658, "device_end": 2167535.94530477}, "cmdq": 0, "read": {"device_start": -1, "device_end": -1}}, "FFC_sans_bias37": {"write": {"device_start": -1, "host_queued_start": 1585499761.721452, "device_queued": -1, "device_end": -1, "host_queued_end": 1585499761.736678}, "device": "cpu", "nd_range": {"device_start": 2167535.9349984364, "device_end": 2167535.935575598}, "cmdq": 0, "read": {"device_start": -1, "device_end": -1}}, "empty62": {"write": {"device_start": -1, "host_queued_start": 1585499761.714357, "device_queued": -1, "device_end": -1, "host_queued_end": 1585499761.736678}, "device": "cpu", "nd_range": {"device_start": 2167535.926291056, "device_end": 2167535.926291563}, "cmdq": 0, "read": {"device_start": -1, "device_end": -1}}, "FFC_sans_bias70": {"write": {"device_start": 1585499698.8046541, "host_queued_start": 1585499761.711245, "device_queued": 1585499698.8045714, "device_end": 1585499698.8046627, "host_queued_end": 1585499761.711351}, "device": "gpu", "nd_range": {"device_start": 1585499698.805026, "device_end": 1585499698.8051324}, "cmdq": 0, "read": {"device_start": 1585499698.8051338, "device_end": 1585499698.805141}}, "FFC_sans_bias58": {"write": {"device_start": -1, "host_queued_start": 1585499761.729383, "device_queued": -1, "device_end": -1, "host_queued_end": 1585499761.736678}, "device": "cpu", "nd_range": {"device_start": 2167535.944382638, "device_end": 2167535.944995637}, "cmdq": 0, "read": {"device_start": -1, "device_end": -1}}, "softmax41": {"write": {"device_start": -1, "host_queued_start": 1585499761.73066, "device_queued": -1, "device_end": -1, "host_queued_end": 1585499761.736678}, "device": "cpu", "nd_range": {"device_start": 2167535.945346462, "device_end": 2167535.945368802}, "cmdq": 0, "read": {"device_start": -1, "device_end": -1}}, "FFC_sans_bias11": {"write": {"device_start": -1, "host_queued_start": 1585499761.71743, "device_queued": -1, "device_end": -1, "host_queued_end": 1585499761.736678}, "device": "cpu", "nd_range": {"device_start": 2167535.9301543604, "device_end": 2167535.930799109}, "cmdq": 0, "read": {"device_start": -1, "device_end": -1}}, "FFC_sans_bias10": {"write": {"device_start": -1, "host_queued_start": 1585499761.716911, "device_queued": -1, "device_end": -1, "host_queued_end": 1585499761.736678}, "device": "cpu", "nd_range": {"device_start": 2167535.929517838, "device_end": 2167535.930149569}, "cmdq": 0, "read": {"device_start": -1, "device_end": -1}}, "coalesced_transpose3": {"write": {"device_start": -1, "host_queued_start": 1585499761.725291, "device_queued": -1, "device_end": -1, "host_queued_end": 1585499761.736678}, "device": "cpu", "nd_range": {"device_start": 2167535.93967454, "device_end": 2167535.939701769}, "cmdq": 0, "read": {"device_start": -1, "device_end": -1}}, "FFC_sans_bias34": {"write": {"device_start": -1, "host_queued_start": 1585499761.735277, "device_queued": -1, "device_end": -1, "host_queued_end": 1585499761.736678}, "device": "cpu", "nd_range": {"device_start": 2167535.9536932344, "device_end": 2167535.954297897}, "cmdq": 0, "read": {"device_start": -1, "device_end": -1}}, "FFC_sans_bias15": {"write": {"device_start": -1, "host_queued_start": 1585499761.731806, "device_queued": -1, "device_end": -1, "host_queued_end": 1585499761.736678}, "device": "cpu", "nd_range": {"device_start": 2167535.9474256863, "device_end": 2167535.94794871}, "cmdq": 0, "read": {"device_start": -1, "device_end": -1}}, "FFC_sans_bias31": {"write": {"device_start": -1, "host_queued_start": 1585499761.728444, "device_queued": -1, "device_end": -1, "host_queued_end": 1585499761.736678}, "device": "cpu", "nd_range": {"device_start": 2167535.9424747573, "device_end": 2167535.943055821}, "cmdq": 0, "read": {"device_start": -1, "device_end": -1}}, "FFC_sans_bias16": {"write": {"device_start": -1, "host_queued_start": 1585499761.734354, "device_queued": -1, "device_end": -1, "host_queued_end": 1585499761.736678}, "device": "cpu", "nd_range": {"device_start": 2167535.9524730192, "device_end": 2167535.953080291}, "cmdq": 0, "read": {"device_start": -1, "device_end": -1}}, "FFC_sans_bias19": {"write": {"device_start": -1, "host_queued_start": 1585499761.718426, "device_queued": -1, "device_end": -1, "host_queued_end": 1585499761.736678}, "device": "cpu", "nd_range": {"device_start": 2167535.9314422263, "device_end": 2167535.932053716}, "cmdq": 0, "read": {"device_start": -1, "device_end": -1}}, "FFC_sans_bias18": {"write": {"device_start": -1, "host_queued_start": 1585499761.717928, "device_queued": -1, "device_end": -1, "host_queued_end": 1585499761.736678}, "device": "cpu", "nd_range": {"device_start": 2167535.93080338, "device_end": 2167535.9314373713}, "cmdq": 0, "read": {"device_start": -1, "device_end": -1}}, "coalesced_transpose30": {"write": {"device_start": -1, "host_queued_start": 1585499761.72619, "device_queued": -1, "device_end": -1, "host_queued_end": 1585499761.736678}, "device": "cpu", "nd_range": {"device_start": 2167535.9401455303, "device_end": 2167535.940180684}, "cmdq": 0, "read": {"device_start": -1, "device_end": -1}}, "FFC_sans_bias69": {"write": {"device_start": -1, "host_queued_start": 1585499761.710777, "device_queued": -1, "device_end": -1, "host_queued_end": 1585499761.711351}, "device": "gpu", "nd_range": {"device_start": 1585499698.804916, "device_end": 1585499698.8050241}, "cmdq": 3, "read": {"device_start": -1, "device_end": -1}}, "FFC_sans_bias38": {"write": {"device_start": -1, "host_queued_start": 1585499761.72196, "device_queued": -1, "device_end": -1, "host_queued_end": 1585499761.736678}, "device": "cpu", "nd_range": {"device_start": 2167535.935579893, "device_end": 2167535.9361655572}, "cmdq": 0, "read": {"device_start": -1, "device_end": -1}}, "coalesced_transpose57": {"write": {"device_start": -1, "host_queued_start": 1585499761.727098, "device_queued": -1, "device_end": -1, "host_queued_end": 1585499761.736678}, "device": "cpu", "nd_range": {"device_start": 2167535.940589229, "device_end": 2167535.9406218342}, "cmdq": 0, "read": {"device_start": -1, "device_end": -1}}, "empty26": {"write": {"device_start": -1, "host_queued_start": 1585499761.712911, "device_queued": -1, "device_end": -1, "host_queued_end": 1585499761.736678}, "device": "cpu", "nd_range": {"device_start": 2167535.9262730563, "device_end": 2167535.926273684}, "cmdq": 0, "read": {"device_start": -1, "device_end": -1}}, "coalesced_transpose12": {"write": {"device_start": -1, "host_queued_start": 1585499761.725581, "device_queued": -1, "device_end": -1, "host_queued_end": 1585499761.736678}, "device": "cpu", "nd_range": {"device_start": 2167535.9397272184, "device_end": 2167535.939764758}, "cmdq": 0, "read": {"device_start": -1, "device_end": -1}}, "empty44": {"write": {"device_start": -1, "host_queued_start": 1585499761.713632, "device_queued": -1, "device_end": -1, "host_queued_end": 1585499761.736678}, "device": "cpu", "nd_range": {"device_start": 2167535.926282294, "device_end": 2167535.9262827793}, "cmdq": 0, "read": {"device_start": -1, "device_end": -1}}, "coalesced_transpose21": {"write": {"device_start": -1, "host_queued_start": 1585499761.725886, "device_queued": -1, "device_end": -1, "host_queued_end": 1585499761.736678}, "device": "cpu", "nd_range": {"device_start": 2167535.9399963403, "device_end": 2167535.940028634}, "cmdq": 0, "read": {"device_start": -1, "device_end": -1}}, "FFC_sans_bias36": {"write": {"device_start": -1, "host_queued_start": 1585499761.720952, "device_queued": -1, "device_end": -1, "host_queued_end": 1585499761.736678}, "device": "cpu", "nd_range": {"device_start": 2167535.934416323, "device_end": 2167535.934993645}, "cmdq": 0, "read": {"device_start": -1, "device_end": -1}}, "softmax14": {"write": {"device_start": -1, "host_queued_start": 1585499761.729896, "device_queued": -1, "device_end": -1, "host_queued_end": 1585499761.736678}, "device": "cpu", "nd_range": {"device_start": 2167535.945048381, "device_end": 2167535.945080052}, "cmdq": 0, "read": {"device_start": -1, "device_end": -1}}, "FFC_sans_bias13": {"write": {"device_start": -1, "host_queued_start": 1585499761.72781, "device_queued": -1, "device_end": -1, "host_queued_end": 1585499761.736678}, "device": "cpu", "nd_range": {"device_start": 2167535.941248286, "device_end": 2167535.9418526134}, "cmdq": 0, "read": {"device_start": -1, "device_end": -1}}, "empty8": {"write": {"device_start": -1, "host_queued_start": 1585499761.712068, "device_queued": -1, "device_end": -1, "host_queued_end": 1585499761.736678}, "device": "cpu", "nd_range": {"device_start": 2167535.9262378993, "device_end": 2167535.926249295}, "cmdq": 0, "read": {"device_start": -1, "device_end": -1}}, "FFC_sans_bias42": {"write": {"device_start": -1, "host_queued_start": 1585499761.732764, "device_queued": -1, "device_end": -1, "host_queued_end": 1585499761.736678}, "device": "cpu", "nd_range": {"device_start": 2167535.949304663, "device_end": 2167535.95059518}, "cmdq": 0, "read": {"device_start": -1, "device_end": -1}}, "FFC_sans_bias43": {"write": {"device_start": -1, "host_queued_start": 1585499761.735728, "device_queued": -1, "device_end": -1, "host_queued_end": 1585499761.736678}, "device": "cpu", "nd_range": {"device_start": 2167535.95430014, "device_end": 2167535.9549073502}, "cmdq": 0, "read": {"device_start": -1, "device_end": -1}}, "FFC_sans_bias40": {"write": {"device_start": -1, "host_queued_start": 1585499761.728763, "device_queued": -1, "device_end": -1, "host_queued_end": 1585499761.736678}, "device": "cpu", "nd_range": {"device_start": 2167535.943060803, "device_end": 2167535.943639771}, "cmdq": 0, "read": {"device_start": -1, "device_end": -1}}, "softmax32": {"write": {"device_start": -1, "host_queued_start": 1585499761.730387, "device_queued": -1, "device_end": -1, "host_queued_end": 1585499761.736678}, "device": "cpu", "nd_range": {"device_start": 2167535.945312256, "device_end": 2167535.945337424}, "cmdq": 0, "read": {"device_start": -1, "device_end": -1}}, "FFC_sans_bias47": {"write": {"device_start": -1, "host_queued_start": 1585499761.723479, "device_queued": -1, "device_end": -1, "host_queued_end": 1585499761.736678}, "device": "cpu", "nd_range": {"device_start": 2167535.937343474, "device_end": 2167535.937919491}, "cmdq": 0, "read": {"device_start": -1, "device_end": -1}}, "FFC_sans_bias45": {"write": {"device_start": -1, "host_queued_start": 1585499761.722458, "device_queued": -1, "device_end": -1, "host_queued_end": 1585499761.736678}, "device": "cpu", "nd_range": {"device_start": 2167535.936170314, "device_end": 2167535.936754637}, "cmdq": 0, "read": {"device_start": -1, "device_end": -1}}, "softmax50": {"write": {"device_start": -1, "host_queued_start": 1585499761.73093, "device_queued": -1, "device_end": -1, "host_queued_end": 1585499761.736678}, "device": "cpu", "nd_range": {"device_start": 2167535.945621719, "device_end": 2167535.946592283}, "cmdq": 0, "read": {"device_start": -1, "device_end": -1}}, "FFC_sans_bias33": {"write": {"device_start": -1, "host_queued_start": 1585499761.732456, "device_queued": -1, "device_end": -1, "host_queued_end": 1585499761.736678}, "device": "cpu", "nd_range": {"device_start": 2167535.948686448, "device_end": 2167535.949299576}, "cmdq": 0, "read": {"device_start": -1, "device_end": -1}}, "FFC_sans_bias63": {"write": {"device_start": 1585499698.8044908, "host_queued_start": 1585499761.709643, "device_queued": 1585499698.8044717, "device_end": 1585499698.8044996, "host_queued_end": 1585499761.711351}, "device": "gpu", "nd_range": {"device_start": 1585499698.804526, "device_end": 1585499698.804717}, "cmdq": 3, "read": {"device_start": -1, "device_end": -1}}, "FFC_sans_bias49": {"write": {"device_start": -1, "host_queued_start": 1585499761.729079, "device_queued": -1, "device_end": -1, "host_queued_end": 1585499761.736678}, "device": "cpu", "nd_range": {"device_start": 2167535.943644533, "device_end": 2167535.9442736213}, "cmdq": 0, "read": {"device_start": -1, "device_end": -1}}, "FFC_sans_bias64": {"write": {"device_start": 1585499698.804451, "host_queued_start": 1585499761.708582, "device_queued": 1585499698.8044314, "device_end": 1585499698.8044593, "host_queued_end": 1585499761.711351}, "device": "gpu", "nd_range": {"device_start": 1585499698.8045025, "device_end": 1585499698.8046107}, "cmdq": 1, "read": {"device_start": -1, "device_end": -1}}, "FFC_sans_bias65": {"write": {"device_start": 1585499698.8044705, "host_queued_start": 1585499761.709118, "device_queued": 1585499698.8044522, "device_end": 1585499698.8044794, "host_queued_end": 1585499761.711351}, "device": "gpu", "nd_range": {"device_start": 1585499698.8045137, "device_end": 1585499698.8047016}, "cmdq": 2, "read": {"device_start": -1, "device_end": -1}}, "FFC_sans_bias67": {"write": {"device_start": -1, "host_queued_start": 1585499761.710241, "device_queued": -1, "device_end": -1, "host_queued_end": 1585499761.711351}, "device": "gpu", "nd_range": {"device_start": 1585499698.8047216, "device_end": 1585499698.8048298}, "cmdq": 1, "read": {"device_start": -1, "device_end": -1}}, "FFC_sans_bias24": {"write": {"device_start": -1, "host_queued_start": 1585499761.732137, "device_queued": -1, "device_end": -1, "host_queued_end": 1585499761.736678}, "device": "cpu", "nd_range": {"device_start": 2167535.948067097, "device_end": 2167535.9485721793}, "cmdq": 0, "read": {"device_start": -1, "device_end": -1}}, "FFC_sans_bias25": {"write": {"device_start": -1, "host_queued_start": 1585499761.734826, "device_queued": -1, "device_end": -1, "host_queued_end": 1585499761.736678}, "device": "cpu", "nd_range": {"device_start": 2167535.9530825, "device_end": 2167535.953690751}, "cmdq": 0, "read": {"device_start": -1, "device_end": -1}}, "FFC_sans_bias27": {"write": {"device_start": -1, "host_queued_start": 1585499761.719441, "device_queued": -1, "device_end": -1, "host_queued_end": 1585499761.736678}, "device": "cpu", "nd_range": {"device_start": 2167535.9326543333, "device_end": 2167535.9332414693}, "cmdq": 0, "read": {"device_start": -1, "device_end": -1}}, "FFC_sans_bias20": {"write": {"device_start": -1, "host_queued_start": 1585499761.71894, "device_queued": -1, "device_end": -1, "host_queued_end": 1585499761.736678}, "device": "cpu", "nd_range": {"device_start": 2167535.932058732, "device_end": 2167535.9326495803}, "cmdq": 0, "read": {"device_start": -1, "device_end": -1}}, "FFC_sans_bias22": {"write": {"device_start": -1, "host_queued_start": 1585499761.728132, "device_queued": -1, "device_end": -1, "host_queued_end": 1585499761.736678}, "device": "cpu", "nd_range": {"device_start": 2167535.941857173, "device_end": 2167535.942469976}, "cmdq": 0, "read": {"device_start": -1, "device_end": -1}}, "softmax68": {"write": {"device_start": -1, "host_queued_start": 1585499761.710465, "device_queued": -1, "device_end": -1, "host_queued_end": 1585499761.711351}, "device": "gpu", "nd_range": {"device_start": 1585499698.8048363, "device_end": 1585499698.8049116}, "cmdq": 2, "read": {"device_start": -1, "device_end": -1}}, "softmax5": {"write": {"device_start": -1, "host_queued_start": 1585499761.729643, "device_queued": -1, "device_end": -1, "host_queued_end": 1585499761.736678}, "device": "cpu", "nd_range": {"device_start": 2167535.945001048, "device_end": 2167535.945039158}, "cmdq": 0, "read": {"device_start": -1, "device_end": -1}}, "FFC_sans_bias28": {"write": {"device_start": -1, "host_queued_start": 1585499761.719946, "device_queued": -1, "device_end": -1, "host_queued_end": 1585499761.736678}, "device": "cpu", "nd_range": {"device_start": 2167535.9332459862, "device_end": 2167535.933832076}, "cmdq": 0, "read": {"device_start": -1, "device_end": -1}}, "FFC_sans_bias29": {"write": {"device_start": -1, "host_queued_start": 1585499761.720455, "device_queued": -1, "device_end": -1, "host_queued_end": 1585499761.736678}, "device": "cpu", "nd_range": {"device_start": 2167535.9338367553, "device_end": 2167535.934411927}, "cmdq": 0, "read": {"device_start": -1, "device_end": -1}}, "empty17": {"write": {"device_start": -1, "host_queued_start": 1585499761.712504, "device_queued": -1, "device_end": -1, "host_queued_end": 1585499761.736678}, "device": "cpu", "nd_range": {"device_start": 2167535.9262671783, "device_end": 2167535.9262680802}, "cmdq": 0, "read": {"device_start": -1, "device_end": -1}}, "softmax59": {"write": {"device_start": -1, "host_queued_start": 1585499761.731182, "device_queued": -1, "device_end": -1, "host_queued_end": 1585499761.736678}, "device": "cpu", "nd_range": {"device_start": 2167535.946597629, "device_end": 2167535.946619843}, "cmdq": 0, "read": {"device_start": -1, "device_end": -1}}, "empty71": {"write": {"device_start": 1585499698.8044055, "host_queued_start": 1585499761.707839, "device_queued": 1585499698.8043802, "device_end": 1585499698.8044138, "host_queued_end": 1585499761.711351}, "device": "gpu", "nd_range": {"device_start": 1585499698.8044162, "device_end": 1585499698.804428}, "cmdq": 0, "read": {"device_start": -1, "device_end": -1}}, "empty35": {"write": {"device_start": -1, "host_queued_start": 1585499761.713272, "device_queued": -1, "device_end": -1, "host_queued_end": 1585499761.736678}, "device": "cpu", "nd_range": {"device_start": 2167535.9262779653, "device_end": 2167535.926278476}, "cmdq": 0, "read": {"device_start": -1, "device_end": -1}}, "empty53": {"write": {"device_start": -1, "host_queued_start": 1585499761.713993, "device_queued": -1, "device_end": -1, "host_queued_end": 1585499761.736678}, "device": "cpu", "nd_range": {"device_start": 2167535.926286336, "device_end": 2167535.926286884}, "cmdq": 0, "read": {"device_start": -1, "device_end": -1}}, "FFC_sans_bias46": {"write": {"device_start": -1, "host_queued_start": 1585499761.722976, "device_queued": -1, "device_end": -1, "host_queued_end": 1585499761.736678}, "device": "cpu", "nd_range": {"device_start": 2167535.936759508, "device_end": 2167535.93733853}, "cmdq": 0, "read": {"device_start": -1, "device_end": -1}}, "coalesced_transpose66": {"write": {"device_start": -1, "host_queued_start": 1585499761.709965, "device_queued": -1, "device_end": -1, "host_queued_end": 1585499761.711351}, "device": "gpu", "nd_range": {"device_start": 1585499698.8046155, "device_end": 1585499698.8046517}, "cmdq": 0, "read": {"device_start": -1, "device_end": -1}}, "coalesced_transpose48": {"write": {"device_start": -1, "host_queued_start": 1585499761.726795, "device_queued": -1, "device_end": -1, "host_queued_end": 1585499761.736678}, "device": "cpu", "nd_range": {"device_start": 2167535.9404444504, "device_end": 2167535.9404780343}, "cmdq": 0, "read": {"device_start": -1, "device_end": -1}}}