{"FFC_sans_bias60": {"write": {"device_start": -1, "host_queued_start": 1585499732.244221, "device_queued": -1, "device_end": -1, "host_queued_end": 1585499732.246657}, "device": "gpu", "nd_range": {"device_start": 1585499669.3420289, "device_end": 1585499669.342146}, "cmdq": 0, "read": {"device_start": -1, "device_end": -1}}, "FFC_sans_bias4": {"write": {"device_start": -1, "host_queued_start": 1585499732.256616, "device_queued": -1, "device_end": -1, "host_queued_end": 1585499732.261735}, "device": "cpu", "nd_range": {"device_start": 2167506.457344545, "device_end": 2167506.458809114}, "cmdq": 0, "read": {"device_start": -1, "device_end": -1}}, "FFC_sans_bias7": {"write": {"device_start": -1, "host_queued_start": 1585499732.260337, "device_queued": -1, "device_end": -1, "host_queued_end": 1585499732.261735}, "device": "cpu", "nd_range": {"device_start": 2167506.4624479003, "device_end": 2167506.4636496003}, "cmdq": 2, "read": {"device_start": -1, "device_end": -1}}, "FFC_sans_bias6": {"write": {"device_start": -1, "host_queued_start": 1585499732.258901, "device_queued": -1, "device_end": -1, "host_queued_end": 1585499732.261735}, "device": "cpu", "nd_range": {"device_start": 2167506.4602858364, "device_end": 2167506.46209678}, "cmdq": 3, "read": {"device_start": -1, "device_end": -1}}, "FFC_sans_bias1": {"write": {"device_start": -1, "host_queued_start": 1585499732.249884, "device_queued": -1, "device_end": -1, "host_queued_end": 1585499732.261735}, "device": "cpu", "nd_range": {"device_start": 2167506.4513591463, "device_end": 2167506.453304964}, "cmdq": 0, "read": {"device_start": -1, "device_end": -1}}, "FFC_sans_bias0": {"write": {"device_start": -1, "host_queued_start": 1585499732.249353, "device_queued": -1, "device_end": -1, "host_queued_end": 1585499732.261735}, "device": "cpu", "nd_range": {"device_start": 2167506.451358863, "device_end": 2167506.45335194}, "cmdq": 4, "read": {"device_start": -1, "device_end": -1}}, "FFC_sans_bias2": {"write": {"device_start": -1, "host_queued_start": 1585499732.250393, "device_queued": -1, "device_end": -1, "host_queued_end": 1585499732.261735}, "device": "cpu", "nd_range": {"device_start": 2167506.451478204, "device_end": 2167506.45342797}, "cmdq": 1, "read": {"device_start": -1, "device_end": -1}}, "FFC_sans_bias61": {"write": {"device_start": 1585499669.3422396, "host_queued_start": 1585499732.246012, "device_queued": 1585499669.3417325, "device_end": 1585499669.3422482, "host_queued_end": 1585499732.246657}, "device": "gpu", "nd_range": {"device_start": 1585499669.3422494, "device_end": 1585499669.3424268}, "cmdq": 1, "read": {"device_start": 1585499669.3424366, "device_end": 1585499669.3424442}}, "FFC_sans_bias52": {"write": {"device_start": 1585499669.342147, "host_queued_start": 1585499732.245498, "device_queued": 1585499669.3416762, "device_end": 1585499669.3421557, "host_queued_end": 1585499732.246657}, "device": "gpu", "nd_range": {"device_start": 1585499669.342157, "device_end": 1585499669.3423452}, "cmdq": 0, "read": {"device_start": 1585499669.3423471, "device_end": 1585499669.3423705}}, "FFC_sans_bias9": {"write": {"device_start": -1, "host_queued_start": 1585499732.250922, "device_queued": -1, "device_end": -1, "host_queued_end": 1585499732.261735}, "device": "cpu", "nd_range": {"device_start": 2167506.451349745, "device_end": 2167506.453510108}, "cmdq": 2, "read": {"device_start": -1, "device_end": -1}}, "coalesced_transpose39": {"write": {"device_start": -1, "host_queued_start": 1585499732.24049, "device_queued": -1, "device_end": -1, "host_queued_end": 1585499732.246657}, "device": "gpu", "nd_range": {"device_start": 1585499669.3414547, "device_end": 1585499669.341501}, "cmdq": 1, "read": {"device_start": -1, "device_end": -1}}, "FFC_sans_bias55": {"write": {"device_start": 1585499669.3412166, "host_queued_start": 1585499732.23872, "device_queued": 1585499669.3411624, "device_end": 1585499669.3412256, "host_queued_end": 1585499732.246657}, "device": "gpu", "nd_range": {"device_start": 1585499669.3412268, "device_end": 1585499669.341408}, "cmdq": 0, "read": {"device_start": -1, "device_end": -1}}, "FFC_sans_bias54": {"write": {"device_start": 1585499669.341162, "host_queued_start": 1585499732.238179, "device_queued": 1585499669.3411083, "device_end": 1585499669.3411722, "host_queued_end": 1585499732.246657}, "device": "gpu", "nd_range": {"device_start": 1585499669.3411736, "device_end": 1585499669.3413527}, "cmdq": 2, "read": {"device_start": -1, "device_end": -1}}, "FFC_sans_bias56": {"write": {"device_start": 1585499669.3411074, "host_queued_start": 1585499732.237692, "device_queued": 1585499669.3410807, "device_end": 1585499669.3411174, "host_queued_end": 1585499732.246657}, "device": "gpu", "nd_range": {"device_start": 1585499669.3411453, "device_end": 1585499669.341275}, "cmdq": 1, "read": {"device_start": -1, "device_end": -1}}, "FFC_sans_bias51": {"write": {"device_start": -1, "host_queued_start": 1585499732.243946, "device_queued": -1, "device_end": -1, "host_queued_end": 1585499732.246657}, "device": "gpu", "nd_range": {"device_start": 1585499669.3419409, "device_end": 1585499669.3420603}, "cmdq": 2, "read": {"device_start": -1, "device_end": -1}}, "softmax23": {"write": {"device_start": -1, "host_queued_start": 1585499732.258307, "device_queued": -1, "device_end": -1, "host_queued_end": 1585499732.261735}, "device": "cpu", "nd_range": {"device_start": 2167506.461179006, "device_end": 2167506.461240616}, "cmdq": 1, "read": {"device_start": -1, "device_end": -1}}, "FFC_sans_bias37": {"write": {"device_start": 1585499669.3407829, "host_queued_start": 1585499732.235091, "device_queued": 1585499669.3407571, "device_end": 1585499669.3407915, "host_queued_end": 1585499732.246657}, "device": "gpu", "nd_range": {"device_start": 1585499669.340806, "device_end": 1585499669.3409925}, "cmdq": 2, "read": {"device_start": -1, "device_end": -1}}, "empty62": {"write": {"device_start": 1585499669.3406734, "host_queued_start": 1585499732.233636, "device_queued": 1585499669.3406482, "device_end": 1585499669.340682, "host_queued_end": 1585499732.246657}, "device": "gpu", "nd_range": {"device_start": 1585499669.3406885, "device_end": 1585499669.3406925}, "cmdq": 2, "read": {"device_start": -1, "device_end": -1}}, "FFC_sans_bias70": {"write": {"device_start": 1585499669.342376, "host_queued_start": 1585499732.246524, "device_queued": 1585499669.3418846, "device_end": 1585499669.3423898, "host_queued_end": 1585499732.246657}, "device": "gpu", "nd_range": {"device_start": 1585499669.342392, "device_end": 1585499669.3425064}, "cmdq": 2, "read": {"device_start": 1585499669.3425164, "device_end": 1585499669.3425345}}, "FFC_sans_bias58": {"write": {"device_start": -1, "host_queued_start": 1585499732.242185, "device_queued": -1, "device_end": -1, "host_queued_end": 1585499732.246657}, "device": "gpu", "nd_range": {"device_start": 1585499669.341586, "device_end": 1585499669.3417902}, "cmdq": 1, "read": {"device_start": -1, "device_end": -1}}, "softmax41": {"write": {"device_start": -1, "host_queued_start": 1585499732.242715, "device_queued": -1, "device_end": -1, "host_queued_end": 1585499732.246657}, "device": "gpu", "nd_range": {"device_start": 1585499669.3417788, "device_end": 1585499669.3418853}, "cmdq": 0, "read": {"device_start": -1, "device_end": -1}}, "FFC_sans_bias11": {"write": {"device_start": -1, "host_queued_start": 1585499732.251933, "device_queued": -1, "device_end": -1, "host_queued_end": 1585499732.261735}, "device": "cpu", "nd_range": {"device_start": 2167506.4533652063, "device_end": 2167506.4552842723}, "cmdq": 4, "read": {"device_start": -1, "device_end": -1}}, "FFC_sans_bias10": {"write": {"device_start": -1, "host_queued_start": 1585499732.251424, "device_queued": -1, "device_end": -1, "host_queued_end": 1585499732.261735}, "device": "cpu", "nd_range": {"device_start": 2167506.455351123, "device_end": 2167506.456939884}, "cmdq": 3, "read": {"device_start": -1, "device_end": -1}}, "coalesced_transpose3": {"write": {"device_start": -1, "host_queued_start": 1585499732.255317, "device_queued": -1, "device_end": -1, "host_queued_end": 1585499732.261735}, "device": "cpu", "nd_range": {"device_start": 2167506.4554947834, "device_end": 2167506.455601599}, "cmdq": 1, "read": {"device_start": -1, "device_end": -1}}, "FFC_sans_bias34": {"write": {"device_start": -1, "host_queued_start": 1585499732.261691, "device_queued": -1, "device_end": -1, "host_queued_end": 1585499732.261735}, "device": "cpu", "nd_range": {"device_start": 2167506.4629912, "device_end": 2167506.4644441972}, "cmdq": 0, "read": {"device_start": -1, "device_end": -1}}, "FFC_sans_bias15": {"write": {"device_start": -1, "host_queued_start": 1585499732.259203, "device_queued": -1, "device_end": -1, "host_queued_end": 1585499732.261735}, "device": "cpu", "nd_range": {"device_start": 2167506.4590931972, "device_end": 2167506.4608101533}, "cmdq": 4, "read": {"device_start": -1, "device_end": -1}}, "FFC_sans_bias31": {"write": {"device_start": -1, "host_queued_start": 1585499732.25756, "device_queued": -1, "device_end": -1, "host_queued_end": 1585499732.261735}, "device": "cpu", "nd_range": {"device_start": 2167506.45891684, "device_end": 2167506.460176445}, "cmdq": 3, "read": {"device_start": -1, "device_end": -1}}, "FFC_sans_bias16": {"write": {"device_start": -1, "host_queued_start": 1585499732.260789, "device_queued": -1, "device_end": -1, "host_queued_end": 1585499732.261735}, "device": "cpu", "nd_range": {"device_start": 2167506.462294158, "device_end": 2167506.46422044}, "cmdq": 3, "read": {"device_start": -1, "device_end": -1}}, "FFC_sans_bias19": {"write": {"device_start": -1, "host_queued_start": 1585499732.252974, "device_queued": -1, "device_end": -1, "host_queued_end": 1585499732.261735}, "device": "cpu", "nd_range": {"device_start": 2167506.4535456733, "device_end": 2167506.455482747}, "cmdq": 1, "read": {"device_start": -1, "device_end": -1}}, "FFC_sans_bias18": {"write": {"device_start": -1, "host_queued_start": 1585499732.252457, "device_queued": -1, "device_end": -1, "host_queued_end": 1585499732.261735}, "device": "cpu", "nd_range": {"device_start": 2167506.453310723, "device_end": 2167506.4552306943}, "cmdq": 0, "read": {"device_start": -1, "device_end": -1}}, "coalesced_transpose30": {"write": {"device_start": -1, "host_queued_start": 1585499732.256312, "device_queued": -1, "device_end": -1, "host_queued_end": 1585499732.261735}, "device": "cpu", "nd_range": {"device_start": 2167506.457706241, "device_end": 2167506.457758907}, "cmdq": 4, "read": {"device_start": -1, "device_end": -1}}, "FFC_sans_bias69": {"write": {"device_start": -1, "host_queued_start": 1585499732.244512, "device_queued": -1, "device_end": -1, "host_queued_end": 1585499732.246657}, "device": "gpu", "nd_range": {"device_start": 1585499669.342035, "device_end": 1585499669.3422372}, "cmdq": 1, "read": {"device_start": -1, "device_end": -1}}, "FFC_sans_bias38": {"write": {"device_start": 1585499669.3408377, "host_queued_start": 1585499732.235589, "device_queued": 1585499669.3408139, "device_end": 1585499669.3408465, "host_queued_end": 1585499732.246657}, "device": "gpu", "nd_range": {"device_start": 1585499669.3408475, "device_end": 1585499669.3410165}, "cmdq": 0, "read": {"device_start": -1, "device_end": -1}}, "coalesced_transpose57": {"write": {"device_start": -1, "host_queued_start": 1585499732.241038, "device_queued": -1, "device_end": -1, "host_queued_end": 1585499732.246657}, "device": "gpu", "nd_range": {"device_start": 1585499669.3415737, "device_end": 1585499669.3415806}, "cmdq": 0, "read": {"device_start": -1, "device_end": -1}}, "empty26": {"write": {"device_start": -1, "host_queued_start": 1585499732.248244, "device_queued": -1, "device_end": -1, "host_queued_end": 1585499732.261735}, "device": "cpu", "nd_range": {"device_start": 2167506.451324108, "device_end": 2167506.451329404}, "cmdq": 2, "read": {"device_start": -1, "device_end": -1}}, "coalesced_transpose12": {"write": {"device_start": -1, "host_queued_start": 1585499732.255699, "device_queued": -1, "device_end": -1, "host_queued_end": 1585499732.261735}, "device": "cpu", "nd_range": {"device_start": 2167506.457239206, "device_end": 2167506.457307865}, "cmdq": 2, "read": {"device_start": -1, "device_end": -1}}, "empty44": {"write": {"device_start": 1585499669.3405738, "host_queued_start": 1585499732.232638, "device_queued": 1585499669.3405306, "device_end": 1585499669.3405828, "host_queued_end": 1585499732.246657}, "device": "gpu", "nd_range": {"device_start": 1585499669.3405976, "device_end": 1585499669.3406186}, "cmdq": 0, "read": {"device_start": -1, "device_end": -1}}, "coalesced_transpose21": {"write": {"device_start": -1, "host_queued_start": 1585499732.256007, "device_queued": -1, "device_end": -1, "host_queued_end": 1585499732.261735}, "device": "cpu", "nd_range": {"device_start": 2167506.458823325, "device_end": 2167506.458901713}, "cmdq": 3, "read": {"device_start": -1, "device_end": -1}}, "FFC_sans_bias36": {"write": {"device_start": 1585499669.3407557, "host_queued_start": 1585499732.234562, "device_queued": 1585499669.3407319, "device_end": 1585499669.3407686, "host_queued_end": 1585499732.246657}, "device": "gpu", "nd_range": {"device_start": 1585499669.3407943, "device_end": 1585499669.3409069}, "cmdq": 1, "read": {"device_start": -1, "device_end": -1}}, "softmax14": {"write": {"device_start": -1, "host_queued_start": 1585499732.258073, "device_queued": -1, "device_end": -1, "host_queued_end": 1585499732.261735}, "device": "cpu", "nd_range": {"device_start": 2167506.459023436, "device_end": 2167506.459080554}, "cmdq": 0, "read": {"device_start": -1, "device_end": -1}}, "FFC_sans_bias13": {"write": {"device_start": -1, "host_queued_start": 1585499732.256936, "device_queued": -1, "device_end": -1, "host_queued_end": 1585499732.261735}, "device": "cpu", "nd_range": {"device_start": 2167506.457324888, "device_end": 2167506.458999696}, "cmdq": 1, "read": {"device_start": -1, "device_end": -1}}, "empty8": {"write": {"device_start": -1, "host_queued_start": 1585499732.247321, "device_queued": -1, "device_end": -1, "host_queued_end": 1585499732.261735}, "device": "cpu", "nd_range": {"device_start": 2167506.451348143, "device_end": 2167506.451349006}, "cmdq": 0, "read": {"device_start": -1, "device_end": -1}}, "FFC_sans_bias42": {"write": {"device_start": -1, "host_queued_start": 1585499732.243656, "device_queued": -1, "device_end": -1, "host_queued_end": 1585499732.246657}, "device": "gpu", "nd_range": {"device_start": 1585499669.3418956, "device_end": 1585499669.3420043}, "cmdq": 1, "read": {"device_start": -1, "device_end": -1}}, "FFC_sans_bias43": {"write": {"device_start": 1585499669.3420627, "host_queued_start": 1585499732.244986, "device_queued": 1585499669.3416295, "device_end": 1585499669.342071, "host_queued_end": 1585499732.246657}, "device": "gpu", "nd_range": {"device_start": 1585499669.3420725, "device_end": 1585499669.3422518}, "cmdq": 2, "read": {"device_start": 1585499669.3422608, "device_end": 1585499669.342269}}, "FFC_sans_bias40": {"write": {"device_start": -1, "host_queued_start": 1585499732.241617, "device_queued": -1, "device_end": -1, "host_queued_end": 1585499732.246657}, "device": "gpu", "nd_range": {"device_start": 1585499669.341578, "device_end": 1585499669.3416853}, "cmdq": 2, "read": {"device_start": -1, "device_end": -1}}, "softmax32": {"write": {"device_start": -1, "host_queued_start": 1585499732.258561, "device_queued": -1, "device_end": -1, "host_queued_end": 1585499732.261735}, "device": "cpu", "nd_range": {"device_start": 2167506.460894287, "device_end": 2167506.4610603773}, "cmdq": 2, "read": {"device_start": -1, "device_end": -1}}, "FFC_sans_bias47": {"write": {"device_start": 1585499669.3410184, "host_queued_start": 1585499732.237204, "device_queued": 1585499669.340948, "device_end": 1585499669.3410273, "host_queued_end": 1585499732.246657}, "device": "gpu", "nd_range": {"device_start": 1585499669.3410282, "device_end": 1585499669.3412118}, "cmdq": 0, "read": {"device_start": -1, "device_end": -1}}, "FFC_sans_bias45": {"write": {"device_start": 1585499669.3409092, "host_queued_start": 1585499732.236081, "device_queued": 1585499669.3408523, "device_end": 1585499669.3409185, "host_queued_end": 1585499732.246657}, "device": "gpu", "nd_range": {"device_start": 1585499669.3409314, "device_end": 1585499669.3410966}, "cmdq": 1, "read": {"device_start": -1, "device_end": -1}}, "softmax50": {"write": {"device_start": -1, "host_queued_start": 1585499732.242936, "device_queued": -1, "device_end": -1, "host_queued_end": 1585499732.246657}, "device": "gpu", "nd_range": {"device_start": 1585499669.341793, "device_end": 1585499669.341869}, "cmdq": 1, "read": {"device_start": -1, "device_end": -1}}, "FFC_sans_bias33": {"write": {"device_start": -1, "host_queued_start": 1585499732.259835, "device_queued": -1, "device_end": -1, "host_queued_end": 1585499732.261735}, "device": "cpu", "nd_range": {"device_start": 2167506.461362965, "device_end": 2167506.4624515222}, "cmdq": 1, "read": {"device_start": -1, "device_end": -1}}, "FFC_sans_bias63": {"write": {"device_start": 1585499669.3414102, "host_queued_start": 1585499732.240192, "device_queued": 1585499669.3412757, "device_end": 1585499669.3414187, "host_queued_end": 1585499732.246657}, "device": "gpu", "nd_range": {"device_start": 1585499669.3414202, "device_end": 1585499669.3415728}, "cmdq": 0, "read": {"device_start": -1, "device_end": -1}}, "FFC_sans_bias49": {"write": {"device_start": -1, "host_queued_start": 1585499732.241895, "device_queued": -1, "device_end": -1, "host_queued_end": 1585499732.246657}, "device": "gpu", "nd_range": {"device_start": 1585499669.3415828, "device_end": 1585499669.341776}, "cmdq": 0, "read": {"device_start": -1, "device_end": -1}}, "FFC_sans_bias64": {"write": {"device_start": 1585499669.3412771, "host_queued_start": 1585499732.239216, "device_queued": 1585499669.341201, "device_end": 1585499669.3412879, "host_queued_end": 1585499732.246657}, "device": "gpu", "nd_range": {"device_start": 1585499669.341289, "device_end": 1585499669.3414533}, "cmdq": 1, "read": {"device_start": -1, "device_end": -1}}, "FFC_sans_bias65": {"write": {"device_start": 1585499669.3413548, "host_queued_start": 1585499732.239708, "device_queued": 1585499669.3412275, "device_end": 1585499669.3413637, "host_queued_end": 1585499732.246657}, "device": "gpu", "nd_range": {"device_start": 1585499669.3413646, "device_end": 1585499669.3415506}, "cmdq": 2, "read": {"device_start": -1, "device_end": -1}}, "FFC_sans_bias67": {"write": {"device_start": -1, "host_queued_start": 1585499732.242477, "device_queued": -1, "device_end": -1, "host_queued_end": 1585499732.246657}, "device": "gpu", "nd_range": {"device_start": 1585499669.3416889, "device_end": 1585499669.341836}, "cmdq": 2, "read": {"device_start": -1, "device_end": -1}}, "FFC_sans_bias24": {"write": {"device_start": -1, "host_queued_start": 1585499732.259518, "device_queued": -1, "device_end": -1, "host_queued_end": 1585499732.261735}, "device": "cpu", "nd_range": {"device_start": 2167506.461439969, "device_end": 2167506.462881645}, "cmdq": 0, "read": {"device_start": -1, "device_end": -1}}, "FFC_sans_bias25": {"write": {"device_start": -1, "host_queued_start": 1585499732.261241, "device_queued": -1, "device_end": -1, "host_queued_end": 1585499732.261735}, "device": "cpu", "nd_range": {"device_start": 2167506.463541171, "device_end": 2167506.464634803}, "cmdq": 4, "read": {"device_start": -1, "device_end": -1}}, "FFC_sans_bias27": {"write": {"device_start": -1, "host_queued_start": 1585499732.253978, "device_queued": -1, "device_end": -1, "host_queued_end": 1585499732.261735}, "device": "cpu", "nd_range": {"device_start": 2167506.457049765, "device_end": 2167506.458759562}, "cmdq": 3, "read": {"device_start": -1, "device_end": -1}}, "FFC_sans_bias20": {"write": {"device_start": -1, "host_queued_start": 1585499732.253479, "device_queued": -1, "device_end": -1, "host_queued_end": 1585499732.261735}, "device": "cpu", "nd_range": {"device_start": 2167506.4535192084, "device_end": 2167506.455685492}, "cmdq": 2, "read": {"device_start": -1, "device_end": -1}}, "FFC_sans_bias22": {"write": {"device_start": -1, "host_queued_start": 1585499732.257256, "device_queued": -1, "device_end": -1, "host_queued_end": 1585499732.261735}, "device": "cpu", "nd_range": {"device_start": 2167506.458947436, "device_end": 2167506.4608812933}, "cmdq": 2, "read": {"device_start": -1, "device_end": -1}}, "softmax68": {"write": {"device_start": -1, "host_queued_start": 1585499732.243373, "device_queued": -1, "device_end": -1, "host_queued_end": 1585499732.246657}, "device": "gpu", "nd_range": {"device_start": 1585499669.3418884, "device_end": 1585499669.342025}, "cmdq": 0, "read": {"device_start": -1, "device_end": -1}}, "softmax5": {"write": {"device_start": -1, "host_queued_start": 1585499732.257824, "device_queued": -1, "device_end": -1, "host_queued_end": 1585499732.261735}, "device": "cpu", "nd_range": {"device_start": 2167506.458953306, "device_end": 2167506.459009812}, "cmdq": 4, "read": {"device_start": -1, "device_end": -1}}, "FFC_sans_bias28": {"write": {"device_start": -1, "host_queued_start": 1585499732.254479, "device_queued": -1, "device_end": -1, "host_queued_end": 1585499732.261735}, "device": "cpu", "nd_range": {"device_start": 2167506.45572619, "device_end": 2167506.45759715}, "cmdq": 4, "read": {"device_start": -1, "device_end": -1}}, "FFC_sans_bias29": {"write": {"device_start": -1, "host_queued_start": 1585499732.25501, "device_queued": -1, "device_end": -1, "host_queued_end": 1585499732.261735}, "device": "cpu", "nd_range": {"device_start": 2167506.455410501, "device_end": 2167506.457118616}, "cmdq": 0, "read": {"device_start": -1, "device_end": -1}}, "empty17": {"write": {"device_start": -1, "host_queued_start": 1585499732.247824, "device_queued": -1, "device_end": -1, "host_queued_end": 1585499732.261735}, "device": "cpu", "nd_range": {"device_start": 2167506.451318713, "device_end": 2167506.451329389}, "cmdq": 1, "read": {"device_start": -1, "device_end": -1}}, "softmax59": {"write": {"device_start": -1, "host_queued_start": 1585499732.243165, "device_queued": -1, "device_end": -1, "host_queued_end": 1585499732.246657}, "device": "gpu", "nd_range": {"device_start": 1585499669.3418386, "device_end": 1585499669.3419394}, "cmdq": 2, "read": {"device_start": -1, "device_end": -1}}, "empty71": {"write": {"device_start": 1585499669.3407187, "host_queued_start": 1585499732.234033, "device_queued": 1585499669.3406954, "device_end": 1585499669.340727, "host_queued_end": 1585499732.246657}, "device": "gpu", "nd_range": {"device_start": 1585499669.3407285, "device_end": 1585499669.3407319}, "cmdq": 0, "read": {"device_start": -1, "device_end": -1}}, "empty35": {"write": {"device_start": -1, "host_queued_start": 1585499732.248697, "device_queued": -1, "device_end": -1, "host_queued_end": 1585499732.261735}, "device": "cpu", "nd_range": {"device_start": 2167506.455234916, "device_end": 2167506.4552359562}, "cmdq": 3, "read": {"device_start": -1, "device_end": -1}}, "empty53": {"write": {"device_start": 1585499669.3406467, "host_queued_start": 1585499732.233232, "device_queued": 1585499669.3406231, "device_end": 1585499669.3406558, "host_queued_end": 1585499732.246657}, "device": "gpu", "nd_range": {"device_start": 1585499669.340684, "device_end": 1585499669.340691}, "cmdq": 1, "read": {"device_start": -1, "device_end": -1}}, "FFC_sans_bias46": {"write": {"device_start": 1585499669.3409944, "host_queued_start": 1585499732.236571, "device_queued": 1585499669.3408887, "device_end": 1585499669.3410032, "host_queued_end": 1585499732.246657}, "device": "gpu", "nd_range": {"device_start": 1585499669.3410041, "device_end": 1585499669.34116}, "cmdq": 2, "read": {"device_start": -1, "device_end": -1}}, "coalesced_transpose66": {"write": {"device_start": -1, "host_queued_start": 1585499732.241318, "device_queued": -1, "device_end": -1, "host_queued_end": 1585499732.246657}, "device": "gpu", "nd_range": {"device_start": 1585499669.3415022, "device_end": 1585499669.3415143}, "cmdq": 1, "read": {"device_start": -1, "device_end": -1}}, "coalesced_transpose48": {"write": {"device_start": -1, "host_queued_start": 1585499732.240775, "device_queued": -1, "device_end": -1, "host_queued_end": 1585499732.246657}, "device": "gpu", "nd_range": {"device_start": 1585499669.3415518, "device_end": 1585499669.3415594}, "cmdq": 2, "read": {"device_start": -1, "device_end": -1}}}