{"FFC_sans_bias60": {"write": {"device_start": -1, "host_queued_start": 1585499587.790207, "device_queued": -1, "device_end": -1, "host_queued_end": 1585499587.791632}, "device": "gpu", "nd_range": {"device_start": 1585499524.8907366, "device_end": 1585499524.8908432}, "cmdq": 0, "read": {"device_start": -1, "device_end": -1}}, "FFC_sans_bias4": {"write": {"device_start": -1, "host_queued_start": 1585499587.805584, "device_queued": -1, "device_end": -1, "host_queued_end": 1585499587.81344}, "device": "cpu", "nd_range": {"device_start": 2167362.01268601, "device_end": 2167362.014014127}, "cmdq": 0, "read": {"device_start": -1, "device_end": -1}}, "FFC_sans_bias7": {"write": {"device_start": -1, "host_queued_start": 1585499587.811155, "device_queued": -1, "device_end": -1, "host_queued_end": 1585499587.81344}, "device": "cpu", "nd_range": {"device_start": 2167362.0207143063, "device_end": 2167362.022158313}, "cmdq": 0, "read": {"device_start": -1, "device_end": -1}}, "FFC_sans_bias6": {"write": {"device_start": -1, "host_queued_start": 1585499587.809055, "device_queued": -1, "device_end": -1, "host_queued_end": 1585499587.81344}, "device": "cpu", "nd_range": {"device_start": 2167362.015742715, "device_end": 2167362.017080583}, "cmdq": 0, "read": {"device_start": -1, "device_end": -1}}, "FFC_sans_bias1": {"write": {"device_start": -1, "host_queued_start": 1585499587.795297, "device_queued": -1, "device_end": -1, "host_queued_end": 1585499587.81344}, "device": "cpu", "nd_range": {"device_start": 2167362.003072843, "device_end": 2167362.005181177}, "cmdq": 1, "read": {"device_start": -1, "device_end": -1}}, "FFC_sans_bias0": {"write": {"device_start": -1, "host_queued_start": 1585499587.794801, "device_queued": -1, "device_end": -1, "host_queued_end": 1585499587.81344}, "device": "cpu", "nd_range": {"device_start": 2167362.003072565, "device_end": 2167362.004821835}, "cmdq": 0, "read": {"device_start": -1, "device_end": -1}}, "FFC_sans_bias2": {"write": {"device_start": -1, "host_queued_start": 1585499587.795806, "device_queued": -1, "device_end": -1, "host_queued_end": 1585499587.81344}, "device": "cpu", "nd_range": {"device_start": 2167362.0030966983, "device_end": 2167362.0042091333}, "cmdq": 2, "read": {"device_start": -1, "device_end": -1}}, "FFC_sans_bias61": {"write": {"device_start": 1585499524.8908458, "host_queued_start": 1585499587.791025, "device_queued": 1585499524.890534, "device_end": 1585499524.8908544, "host_queued_end": 1585499587.791632}, "device": "gpu", "nd_range": {"device_start": 1585499524.8908553, "device_end": 1585499524.8910024}, "cmdq": 0, "read": {"device_start": 1585499524.8910055, "device_end": 1585499524.8910127}}, "FFC_sans_bias52": {"write": {"device_start": -1, "host_queued_start": 1585499587.813397, "device_queued": -1, "device_end": -1, "host_queued_end": 1585499587.81344}, "device": "cpu", "nd_range": {"device_start": 2167362.020625066, "device_end": 2167362.021824087}, "cmdq": 2, "read": {"device_start": -1, "device_end": -1}}, "FFC_sans_bias9": {"write": {"device_start": -1, "host_queued_start": 1585499587.796314, "device_queued": -1, "device_end": -1, "host_queued_end": 1585499587.81344}, "device": "cpu", "nd_range": {"device_start": 2167362.0050687613, "device_end": 2167362.006149879}, "cmdq": 0, "read": {"device_start": -1, "device_end": -1}}, "coalesced_transpose39": {"write": {"device_start": -1, "host_queued_start": 1585499587.804875, "device_queued": -1, "device_end": -1, "host_queued_end": 1585499587.81344}, "device": "cpu", "nd_range": {"device_start": 2167362.0131142363, "device_end": 2167362.0131833353}, "cmdq": 1, "read": {"device_start": -1, "device_end": -1}}, "FFC_sans_bias55": {"write": {"device_start": 1585499524.8902338, "host_queued_start": 1585499587.78669, "device_queued": 1585499524.8901694, "device_end": 1585499524.8902423, "host_queued_end": 1585499587.791632}, "device": "gpu", "nd_range": {"device_start": 1585499524.8902438, "device_end": 1585499524.8903532}, "cmdq": 0, "read": {"device_start": -1, "device_end": -1}}, "FFC_sans_bias54": {"write": {"device_start": 1585499524.8901544, "host_queued_start": 1585499587.786165, "device_queued": 1585499524.8901303, "device_end": 1585499524.8901627, "host_queued_end": 1585499587.791632}, "device": "gpu", "nd_range": {"device_start": 1585499524.890164, "device_end": 1585499524.8902955}, "cmdq": 1, "read": {"device_start": -1, "device_end": -1}}, "FFC_sans_bias56": {"write": {"device_start": 1585499524.8901145, "host_queued_start": 1585499587.785644, "device_queued": 1585499524.8900945, "device_end": 1585499524.8901231, "host_queued_end": 1585499587.791632}, "device": "gpu", "nd_range": {"device_start": 1585499524.8901243, "device_end": 1585499524.8902314}, "cmdq": 0, "read": {"device_start": -1, "device_end": -1}}, "FFC_sans_bias51": {"write": {"device_start": -1, "host_queued_start": 1585499587.810652, "device_queued": -1, "device_end": -1, "host_queued_end": 1585499587.81344}, "device": "cpu", "nd_range": {"device_start": 2167362.017737701, "device_end": 2167362.0194212133}, "cmdq": 2, "read": {"device_start": -1, "device_end": -1}}, "softmax23": {"write": {"device_start": -1, "host_queued_start": 1585499587.807969, "device_queued": -1, "device_end": -1, "host_queued_end": 1585499587.81344}, "device": "cpu", "nd_range": {"device_start": 2167362.016201558, "device_end": 2167362.0162480203}, "cmdq": 2, "read": {"device_start": -1, "device_end": -1}}, "FFC_sans_bias37": {"write": {"device_start": -1, "host_queued_start": 1585499587.801354, "device_queued": -1, "device_end": -1, "host_queued_end": 1585499587.81344}, "device": "cpu", "nd_range": {"device_start": 2167362.01028358, "device_end": 2167362.011735468}, "cmdq": 1, "read": {"device_start": -1, "device_end": -1}}, "empty62": {"write": {"device_start": 1585499524.8900125, "host_queued_start": 1585499587.784492, "device_queued": 1585499524.8899856, "device_end": 1585499524.8900213, "host_queued_end": 1585499587.791632}, "device": "gpu", "nd_range": {"device_start": 1585499524.8900437, "device_end": 1585499524.8900552}, "cmdq": 0, "read": {"device_start": -1, "device_end": -1}}, "FFC_sans_bias70": {"write": {"device_start": 1585499524.890937, "host_queued_start": 1585499587.791533, "device_queued": 1585499524.890563, "device_end": 1585499524.890946, "host_queued_end": 1585499587.791632}, "device": "gpu", "nd_range": {"device_start": 1585499524.8909469, "device_end": 1585499524.8910575}, "cmdq": 1, "read": {"device_start": 1585499524.8910668, "device_end": 1585499524.891074}}, "FFC_sans_bias58": {"write": {"device_start": -1, "host_queued_start": 1585499587.789184, "device_queued": -1, "device_end": -1, "host_queued_end": 1585499587.791632}, "device": "gpu", "nd_range": {"device_start": 1585499524.890505, "device_end": 1585499524.8906517}, "cmdq": 0, "read": {"device_start": -1, "device_end": -1}}, "softmax41": {"write": {"device_start": -1, "host_queued_start": 1585499587.808458, "device_queued": -1, "device_end": -1, "host_queued_end": 1585499587.81344}, "device": "cpu", "nd_range": {"device_start": 2167362.017118208, "device_end": 2167362.017177762}, "cmdq": 1, "read": {"device_start": -1, "device_end": -1}}, "FFC_sans_bias11": {"write": {"device_start": -1, "host_queued_start": 1585499587.797313, "device_queued": -1, "device_end": -1, "host_queued_end": 1585499587.81344}, "device": "cpu", "nd_range": {"device_start": 2167362.0042146053, "device_end": 2167362.005300476}, "cmdq": 2, "read": {"device_start": -1, "device_end": -1}}, "FFC_sans_bias10": {"write": {"device_start": -1, "host_queued_start": 1585499587.79681, "device_queued": -1, "device_end": -1, "host_queued_end": 1585499587.81344}, "device": "cpu", "nd_range": {"device_start": 2167362.005189816, "device_end": 2167362.006753338}, "cmdq": 1, "read": {"device_start": -1, "device_end": -1}}, "coalesced_transpose3": {"write": {"device_start": -1, "host_queued_start": 1585499587.803685, "device_queued": -1, "device_end": -1, "host_queued_end": 1585499587.81344}, "device": "cpu", "nd_range": {"device_start": 2167362.0123745534, "device_end": 2167362.012427568}, "cmdq": 0, "read": {"device_start": -1, "device_end": -1}}, "FFC_sans_bias34": {"write": {"device_start": -1, "host_queued_start": 1585499587.812499, "device_queued": -1, "device_end": -1, "host_queued_end": 1585499587.81344}, "device": "cpu", "nd_range": {"device_start": 2167362.022161819, "device_end": 2167362.022884264}, "cmdq": 0, "read": {"device_start": -1, "device_end": -1}}, "FFC_sans_bias15": {"write": {"device_start": -1, "host_queued_start": 1585499587.809359, "device_queued": -1, "device_end": -1, "host_queued_end": 1585499587.81344}, "device": "cpu", "nd_range": {"device_start": 2167362.0171896024, "device_end": 2167362.0184136773}, "cmdq": 1, "read": {"device_start": -1, "device_end": -1}}, "FFC_sans_bias31": {"write": {"device_start": -1, "host_queued_start": 1585499587.806556, "device_queued": -1, "device_end": -1, "host_queued_end": 1585499587.81344}, "device": "cpu", "nd_range": {"device_start": 2167362.0141210062, "device_end": 2167362.015325048}, "cmdq": 0, "read": {"device_start": -1, "device_end": -1}}, "FFC_sans_bias16": {"write": {"device_start": -1, "host_queued_start": 1585499587.811605, "device_queued": -1, "device_end": -1, "host_queued_end": 1585499587.81344}, "device": "cpu", "nd_range": {"device_start": 2167362.019853915, "device_end": 2167362.021540118}, "cmdq": 1, "read": {"device_start": -1, "device_end": -1}}, "FFC_sans_bias19": {"write": {"device_start": -1, "host_queued_start": 1585499587.798305, "device_queued": -1, "device_end": -1, "host_queued_end": 1585499587.81344}, "device": "cpu", "nd_range": {"device_start": 2167362.006921368, "device_end": 2167362.0087369923}, "cmdq": 1, "read": {"device_start": -1, "device_end": -1}}, "FFC_sans_bias18": {"write": {"device_start": -1, "host_queued_start": 1585499587.797807, "device_queued": -1, "device_end": -1, "host_queued_end": 1585499587.81344}, "device": "cpu", "nd_range": {"device_start": 2167362.0065571843, "device_end": 2167362.007662612}, "cmdq": 0, "read": {"device_start": -1, "device_end": -1}}, "coalesced_transpose30": {"write": {"device_start": -1, "host_queued_start": 1585499587.804587, "device_queued": -1, "device_end": -1, "host_queued_end": 1585499587.81344}, "device": "cpu", "nd_range": {"device_start": 2167362.012530892, "device_end": 2167362.012583012}, "cmdq": 0, "read": {"device_start": -1, "device_end": -1}}, "FFC_sans_bias69": {"write": {"device_start": -1, "host_queued_start": 1585499587.790494, "device_queued": -1, "device_end": -1, "host_queued_end": 1585499587.791632}, "device": "gpu", "nd_range": {"device_start": 1585499524.8908217, "device_end": 1585499524.890936}, "cmdq": 1, "read": {"device_start": -1, "device_end": -1}}, "FFC_sans_bias38": {"write": {"device_start": -1, "host_queued_start": 1585499587.801861, "device_queued": -1, "device_end": -1, "host_queued_end": 1585499587.81344}, "device": "cpu", "nd_range": {"device_start": 2167362.008624659, "device_end": 2167362.010343913}, "cmdq": 2, "read": {"device_start": -1, "device_end": -1}}, "coalesced_transpose57": {"write": {"device_start": -1, "host_queued_start": 1585499587.788485, "device_queued": -1, "device_end": -1, "host_queued_end": 1585499587.791632}, "device": "gpu", "nd_range": {"device_start": 1585499524.8904934, "device_end": 1585499524.8905041}, "cmdq": 0, "read": {"device_start": -1, "device_end": -1}}, "empty26": {"write": {"device_start": -1, "host_queued_start": 1585499587.793097, "device_queued": -1, "device_end": -1, "host_queued_end": 1585499587.81344}, "device": "cpu", "nd_range": {"device_start": 2167362.003067747, "device_end": 2167362.003072291}, "cmdq": 2, "read": {"device_start": -1, "device_end": -1}}, "coalesced_transpose12": {"write": {"device_start": -1, "host_queued_start": 1585499587.803976, "device_queued": -1, "device_end": -1, "host_queued_end": 1585499587.81344}, "device": "cpu", "nd_range": {"device_start": 2167362.012938072, "device_end": 2167362.013006764}, "cmdq": 1, "read": {"device_start": -1, "device_end": -1}}, "empty44": {"write": {"device_start": -1, "host_queued_start": 1585499587.793907, "device_queued": -1, "device_end": -1, "host_queued_end": 1585499587.81344}, "device": "cpu", "nd_range": {"device_start": 2167362.003065445, "device_end": 2167362.003066462}, "cmdq": 1, "read": {"device_start": -1, "device_end": -1}}, "coalesced_transpose21": {"write": {"device_start": -1, "host_queued_start": 1585499587.804282, "device_queued": -1, "device_end": -1, "host_queued_end": 1585499587.81344}, "device": "cpu", "nd_range": {"device_start": 2167362.0112975123, "device_end": 2167362.011351305}, "cmdq": 2, "read": {"device_start": -1, "device_end": -1}}, "FFC_sans_bias36": {"write": {"device_start": -1, "host_queued_start": 1585499587.800852, "device_queued": -1, "device_end": -1, "host_queued_end": 1585499587.81344}, "device": "cpu", "nd_range": {"device_start": 2167362.009586935, "device_end": 2167362.011395105}, "cmdq": 0, "read": {"device_start": -1, "device_end": -1}}, "softmax14": {"write": {"device_start": -1, "host_queued_start": 1585499587.807719, "device_queued": -1, "device_end": -1, "host_queued_end": 1585499587.81344}, "device": "cpu", "nd_range": {"device_start": 2167362.01694992, "device_end": 2167362.017011518}, "cmdq": 1, "read": {"device_start": -1, "device_end": -1}}, "FFC_sans_bias13": {"write": {"device_start": -1, "host_queued_start": 1585499587.805904, "device_queued": -1, "device_end": -1, "host_queued_end": 1585499587.81344}, "device": "cpu", "nd_range": {"device_start": 2167362.0131940693, "device_end": 2167362.014414318}, "cmdq": 1, "read": {"device_start": -1, "device_end": -1}}, "empty8": {"write": {"device_start": -1, "host_queued_start": 1585499587.792208, "device_queued": -1, "device_end": -1, "host_queued_end": 1585499587.81344}, "device": "cpu", "nd_range": {"device_start": 2167362.003034856, "device_end": 2167362.003046888}, "cmdq": 0, "read": {"device_start": -1, "device_end": -1}}, "FFC_sans_bias42": {"write": {"device_start": -1, "host_queued_start": 1585499587.810295, "device_queued": -1, "device_end": -1, "host_queued_end": 1585499587.81344}, "device": "cpu", "nd_range": {"device_start": 2167362.018520202, "device_end": 2167362.0197450723}, "cmdq": 1, "read": {"device_start": -1, "device_end": -1}}, "FFC_sans_bias43": {"write": {"device_start": -1, "host_queued_start": 1585499587.812947, "device_queued": -1, "device_end": -1, "host_queued_end": 1585499587.81344}, "device": "cpu", "nd_range": {"device_start": 2167362.021543575, "device_end": 2167362.022506731}, "cmdq": 1, "read": {"device_start": -1, "device_end": -1}}, "FFC_sans_bias40": {"write": {"device_start": -1, "host_queued_start": 1585499587.806905, "device_queued": -1, "device_end": -1, "host_queued_end": 1585499587.81344}, "device": "cpu", "nd_range": {"device_start": 2167362.014521386, "device_end": 2167362.0168406093}, "cmdq": 1, "read": {"device_start": -1, "device_end": -1}}, "softmax32": {"write": {"device_start": -1, "host_queued_start": 1585499587.808219, "device_queued": -1, "device_end": -1, "host_queued_end": 1585499587.81344}, "device": "cpu", "nd_range": {"device_start": 2167362.015595357, "device_end": 2167362.015639795}, "cmdq": 0, "read": {"device_start": -1, "device_end": -1}}, "FFC_sans_bias47": {"write": {"device_start": -1, "host_queued_start": 1585499587.803378, "device_queued": -1, "device_end": -1, "host_queued_end": 1585499587.81344}, "device": "cpu", "nd_range": {"device_start": 2167362.010465042, "device_end": 2167362.011191022}, "cmdq": 2, "read": {"device_start": -1, "device_end": -1}}, "FFC_sans_bias45": {"write": {"device_start": -1, "host_queued_start": 1585499587.80236, "device_queued": -1, "device_end": -1, "host_queued_end": 1585499587.81344}, "device": "cpu", "nd_range": {"device_start": 2167362.011534964, "device_end": 2167362.012265014}, "cmdq": 0, "read": {"device_start": -1, "device_end": -1}}, "softmax50": {"write": {"device_start": -1, "host_queued_start": 1585499587.808723, "device_queued": -1, "device_end": -1, "host_queued_end": 1585499587.81344}, "device": "cpu", "nd_range": {"device_start": 2167362.016359079, "device_end": 2167362.0164054953}, "cmdq": 2, "read": {"device_start": -1, "device_end": -1}}, "FFC_sans_bias33": {"write": {"device_start": -1, "host_queued_start": 1585499587.80999, "device_queued": -1, "device_end": -1, "host_queued_end": 1585499587.81344}, "device": "cpu", "nd_range": {"device_start": 2167362.0179460812, "device_end": 2167362.01927171}, "cmdq": 0, "read": {"device_start": -1, "device_end": -1}}, "FFC_sans_bias63": {"write": {"device_start": 1585499524.8904486, "host_queued_start": 1585499587.788182, "device_queued": 1585499524.89029, "device_end": 1585499524.890457, "host_queued_end": 1585499587.791632}, "device": "gpu", "nd_range": {"device_start": 1585499524.8904579, "device_end": 1585499524.8905678}, "cmdq": 1, "read": {"device_start": -1, "device_end": -1}}, "FFC_sans_bias49": {"write": {"device_start": -1, "host_queued_start": 1585499587.807222, "device_queued": -1, "device_end": -1, "host_queued_end": 1585499587.81344}, "device": "cpu", "nd_range": {"device_start": 2167362.014644824, "device_end": 2167362.016094279}, "cmdq": 2, "read": {"device_start": -1, "device_end": -1}}, "FFC_sans_bias64": {"write": {"device_start": 1585499524.8903, "host_queued_start": 1585499587.787198, "device_queued": 1585499524.890204, "device_end": 1585499524.8903089, "host_queued_end": 1585499587.791632}, "device": "gpu", "nd_range": {"device_start": 1585499524.8903103, "device_end": 1585499524.8904464}, "cmdq": 1, "read": {"device_start": -1, "device_end": -1}}, "FFC_sans_bias65": {"write": {"device_start": 1585499524.8903553, "host_queued_start": 1585499587.78769, "device_queued": 1585499524.8902388, "device_end": 1585499524.890364, "host_queued_end": 1585499587.791632}, "device": "gpu", "nd_range": {"device_start": 1585499524.8903651, "device_end": 1585499524.890492}, "cmdq": 0, "read": {"device_start": -1, "device_end": -1}}, "FFC_sans_bias67": {"write": {"device_start": -1, "host_queued_start": 1585499587.789479, "device_queued": -1, "device_end": -1, "host_queued_end": 1585499587.791632}, "device": "gpu", "nd_range": {"device_start": 1585499524.890583, "device_end": 1585499524.8907106}, "cmdq": 1, "read": {"device_start": -1, "device_end": -1}}, "FFC_sans_bias24": {"write": {"device_start": -1, "host_queued_start": 1585499587.809675, "device_queued": -1, "device_end": -1, "host_queued_end": 1585499587.81344}, "device": "cpu", "nd_range": {"device_start": 2167362.0164160263, "device_end": 2167362.017626941}, "cmdq": 2, "read": {"device_start": -1, "device_end": -1}}, "FFC_sans_bias25": {"write": {"device_start": -1, "host_queued_start": 1585499587.812054, "device_queued": -1, "device_end": -1, "host_queued_end": 1585499587.81344}, "device": "cpu", "nd_range": {"device_start": 2167362.019532802, "device_end": 2167362.0206215763}, "cmdq": 2, "read": {"device_start": -1, "device_end": -1}}, "FFC_sans_bias27": {"write": {"device_start": -1, "host_queued_start": 1585499587.799339, "device_queued": -1, "device_end": -1, "host_queued_end": 1585499587.81344}, "device": "cpu", "nd_range": {"device_start": 2167362.007774374, "device_end": 2167362.009475416}, "cmdq": 0, "read": {"device_start": -1, "device_end": -1}}, "FFC_sans_bias20": {"write": {"device_start": -1, "host_queued_start": 1585499587.798841, "device_queued": -1, "device_end": -1, "host_queued_end": 1585499587.81344}, "device": "cpu", "nd_range": {"device_start": 2167362.005305212, "device_end": 2167362.006874109}, "cmdq": 2, "read": {"device_start": -1, "device_end": -1}}, "FFC_sans_bias22": {"write": {"device_start": -1, "host_queued_start": 1585499587.806234, "device_queued": -1, "device_end": -1, "host_queued_end": 1585499587.81344}, "device": "cpu", "nd_range": {"device_start": 2167362.0133238533, "device_end": 2167362.014531541}, "cmdq": 2, "read": {"device_start": -1, "device_end": -1}}, "softmax68": {"write": {"device_start": -1, "host_queued_start": 1585499587.789919, "device_queued": -1, "device_end": -1, "host_queued_end": 1585499587.791632}, "device": "gpu", "nd_range": {"device_start": 1585499524.8907127, "device_end": 1585499524.8908193}, "cmdq": 1, "read": {"device_start": -1, "device_end": -1}}, "softmax5": {"write": {"device_start": -1, "host_queued_start": 1585499587.807482, "device_queued": -1, "device_end": -1, "host_queued_end": 1585499587.81344}, "device": "cpu", "nd_range": {"device_start": 2167362.0154319303, "device_end": 2167362.0154894763}, "cmdq": 0, "read": {"device_start": -1, "device_end": -1}}, "FFC_sans_bias28": {"write": {"device_start": -1, "host_queued_start": 1585499587.799838, "device_queued": -1, "device_end": -1, "host_queued_end": 1585499587.81344}, "device": "cpu", "nd_range": {"device_start": 2167362.0088482182, "device_end": 2167362.010171982}, "cmdq": 1, "read": {"device_start": -1, "device_end": -1}}, "FFC_sans_bias29": {"write": {"device_start": -1, "host_queued_start": 1585499587.800352, "device_queued": -1, "device_end": -1, "host_queued_end": 1585499587.81344}, "device": "cpu", "nd_range": {"device_start": 2167362.0074201343, "device_end": 2167362.008510476}, "cmdq": 2, "read": {"device_start": -1, "device_end": -1}}, "empty17": {"write": {"device_start": -1, "host_queued_start": 1585499587.792681, "device_queued": -1, "device_end": -1, "host_queued_end": 1585499587.81344}, "device": "cpu", "nd_range": {"device_start": 2167362.0030348944, "device_end": 2167362.0030468632}, "cmdq": 1, "read": {"device_start": -1, "device_end": -1}}, "softmax59": {"write": {"device_start": -1, "host_queued_start": 1585499587.789711, "device_queued": -1, "device_end": -1, "host_queued_end": 1585499587.791632}, "device": "gpu", "nd_range": {"device_start": 1585499524.8906538, "device_end": 1585499524.8907342}, "cmdq": 0, "read": {"device_start": -1, "device_end": -1}}, "empty71": {"write": {"device_start": 1585499524.8900805, "host_queued_start": 1585499587.785093, "device_queued": 1585499524.8900602, "device_end": 1585499524.890089, "host_queued_end": 1585499587.791632}, "device": "gpu", "nd_range": {"device_start": 1585499524.89009, "device_end": 1585499524.8900936}, "cmdq": 1, "read": {"device_start": -1, "device_end": -1}}, "empty35": {"write": {"device_start": -1, "host_queued_start": 1585499587.793543, "device_queued": -1, "device_end": -1, "host_queued_end": 1585499587.81344}, "device": "cpu", "nd_range": {"device_start": 2167362.003065249, "device_end": 2167362.003066372}, "cmdq": 0, "read": {"device_start": -1, "device_end": -1}}, "empty53": {"write": {"device_start": -1, "host_queued_start": 1585499587.794272, "device_queued": -1, "device_end": -1, "host_queued_end": 1585499587.81344}, "device": "cpu", "nd_range": {"device_start": 2167362.003088925, "device_end": 2167362.0030900124}, "cmdq": 2, "read": {"device_start": -1, "device_end": -1}}, "FFC_sans_bias46": {"write": {"device_start": -1, "host_queued_start": 1585499587.802871, "device_queued": -1, "device_end": -1, "host_queued_end": 1585499587.81344}, "device": "cpu", "nd_range": {"device_start": 2167362.0118508562, "device_end": 2167362.012826534}, "cmdq": 1, "read": {"device_start": -1, "device_end": -1}}, "coalesced_transpose66": {"write": {"device_start": -1, "host_queued_start": 1585499587.788762, "device_queued": -1, "device_end": -1, "host_queued_end": 1585499587.791632}, "device": "gpu", "nd_range": {"device_start": 1585499524.890569, "device_end": 1585499524.890581}, "cmdq": 1, "read": {"device_start": -1, "device_end": -1}}, "coalesced_transpose48": {"write": {"device_start": -1, "host_queued_start": 1585499587.805233, "device_queued": -1, "device_end": -1, "host_queued_end": 1585499587.81344}, "device": "cpu", "nd_range": {"device_start": 2167362.013036212, "device_end": 2167362.0130891413}, "cmdq": 2, "read": {"device_start": -1, "device_end": -1}}}