{"FFC_sans_bias60": {"write": {"device_start": -1, "host_queued_start": 1585499868.787347, "device_queued": -1, "device_end": -1, "host_queued_end": 1585499868.790621}, "device": "cpu", "nd_range": {"device_start": 2167643.004239807, "device_end": 2167643.004818445}, "cmdq": 0, "read": {"device_start": -1, "device_end": -1}}, "FFC_sans_bias4": {"write": {"device_start": -1, "host_queued_start": 1585499868.78131, "device_queued": -1, "device_end": -1, "host_queued_end": 1585499868.790621}, "device": "cpu", "nd_range": {"device_start": 2167642.9946558583, "device_end": 2167642.9952785973}, "cmdq": 0, "read": {"device_start": -1, "device_end": -1}}, "FFC_sans_bias7": {"write": {"device_start": -1, "host_queued_start": 1585499868.787852, "device_queued": -1, "device_end": -1, "host_queued_end": 1585499868.790621}, "device": "cpu", "nd_range": {"device_start": 2167643.004823299, "device_end": 2167643.005464672}, "cmdq": 0, "read": {"device_start": -1, "device_end": -1}}, "FFC_sans_bias6": {"write": {"device_start": -1, "host_queued_start": 1585499868.78543, "device_queued": -1, "device_end": -1, "host_queued_end": 1585499868.790621}, "device": "cpu", "nd_range": {"device_start": 2167643.000359406, "device_end": 2167643.0008500083}, "cmdq": 0, "read": {"device_start": -1, "device_end": -1}}, "FFC_sans_bias1": {"write": {"device_start": -1, "host_queued_start": 1585499868.769235, "device_queued": -1, "device_end": -1, "host_queued_end": 1585499868.790621}, "device": "cpu", "nd_range": {"device_start": 2167642.981477845, "device_end": 2167642.982103737}, "cmdq": 0, "read": {"device_start": -1, "device_end": -1}}, "FFC_sans_bias0": {"write": {"device_start": -1, "host_queued_start": 1585499868.768733, "device_queued": -1, "device_end": -1, "host_queued_end": 1585499868.790621}, "device": "cpu", "nd_range": {"device_start": 2167642.9802654, "device_end": 2167642.981457836}, "cmdq": 0, "read": {"device_start": -1, "device_end": -1}}, "FFC_sans_bias2": {"write": {"device_start": -1, "host_queued_start": 1585499868.769744, "device_queued": -1, "device_end": -1, "host_queued_end": 1585499868.790621}, "device": "cpu", "nd_range": {"device_start": 2167642.9821134573, "device_end": 2167642.982702683}, "cmdq": 0, "read": {"device_start": -1, "device_end": -1}}, "FFC_sans_bias61": {"write": {"device_start": -1, "host_queued_start": 1585499868.790551, "device_queued": -1, "device_end": -1, "host_queued_end": 1585499868.790621}, "device": "cpu", "nd_range": {"device_start": 2167643.008509492, "device_end": 2167643.0091172773}, "cmdq": 0, "read": {"device_start": -1, "device_end": -1}}, "FFC_sans_bias52": {"write": {"device_start": -1, "host_queued_start": 1585499868.790096, "device_queued": -1, "device_end": -1, "host_queued_end": 1585499868.790621}, "device": "cpu", "nd_range": {"device_start": 2167643.0078978683, "device_end": 2167643.008506848}, "cmdq": 0, "read": {"device_start": -1, "device_end": -1}}, "FFC_sans_bias9": {"write": {"device_start": -1, "host_queued_start": 1585499868.770247, "device_queued": -1, "device_end": -1, "host_queued_end": 1585499868.790621}, "device": "cpu", "nd_range": {"device_start": 2167642.9827078963, "device_end": 2167642.983304128}, "cmdq": 0, "read": {"device_start": -1, "device_end": -1}}, "coalesced_transpose39": {"write": {"device_start": -1, "host_queued_start": 1585499868.780378, "device_queued": -1, "device_end": -1, "host_queued_end": 1585499868.790621}, "device": "cpu", "nd_range": {"device_start": 2167642.994340214, "device_end": 2167642.994576109}, "cmdq": 0, "read": {"device_start": -1, "device_end": -1}}, "FFC_sans_bias55": {"write": {"device_start": -1, "host_queued_start": 1585499868.77887, "device_queued": -1, "device_end": -1, "host_queued_end": 1585499868.790621}, "device": "cpu", "nd_range": {"device_start": 2167642.9934408762, "device_end": 2167642.9940145793}, "cmdq": 0, "read": {"device_start": -1, "device_end": -1}}, "FFC_sans_bias54": {"write": {"device_start": -1, "host_queued_start": 1585499868.778363, "device_queued": -1, "device_end": -1, "host_queued_end": 1585499868.790621}, "device": "cpu", "nd_range": {"device_start": 2167642.992857388, "device_end": 2167642.993436168}, "cmdq": 0, "read": {"device_start": -1, "device_end": -1}}, "FFC_sans_bias56": {"write": {"device_start": -1, "host_queued_start": 1585499868.777863, "device_queued": -1, "device_end": -1, "host_queued_end": 1585499868.790621}, "device": "cpu", "nd_range": {"device_start": 2167642.992275617, "device_end": 2167642.992852856}, "cmdq": 0, "read": {"device_start": -1, "device_end": -1}}, "FFC_sans_bias51": {"write": {"device_start": -1, "host_queued_start": 1585499868.787026, "device_queued": -1, "device_end": -1, "host_queued_end": 1585499868.790621}, "device": "cpu", "nd_range": {"device_start": 2167643.0035176943, "device_end": 2167643.004234808}, "cmdq": 0, "read": {"device_start": -1, "device_end": -1}}, "softmax23": {"write": {"device_start": -1, "host_queued_start": 1585499868.784054, "device_queued": -1, "device_end": -1, "host_queued_end": 1585499868.790621}, "device": "cpu", "nd_range": {"device_start": 2167642.999565022, "device_end": 2167642.9997920534}, "cmdq": 0, "read": {"device_start": -1, "device_end": -1}}, "FFC_sans_bias37": {"write": {"device_start": -1, "host_queued_start": 1585499868.775326, "device_queued": -1, "device_end": -1, "host_queued_end": 1585499868.790621}, "device": "cpu", "nd_range": {"device_start": 2167642.988612308, "device_end": 2167642.9891888713}, "cmdq": 0, "read": {"device_start": -1, "device_end": -1}}, "empty62": {"write": {"device_start": -1, "host_queued_start": 1585499868.768245, "device_queued": -1, "device_end": -1, "host_queued_end": 1585499868.790621}, "device": "cpu", "nd_range": {"device_start": 2167642.9802601193, "device_end": 2167642.98026064}, "cmdq": 0, "read": {"device_start": -1, "device_end": -1}}, "FFC_sans_bias70": {"write": {"device_start": 1585499805.855408, "host_queued_start": 1585499868.76506, "device_queued": 1585499805.8552513, "device_end": 1585499805.8554168, "host_queued_end": 1585499868.765167}, "device": "gpu", "nd_range": {"device_start": 1585499805.8557315, "device_end": 1585499805.855837}, "cmdq": 3, "read": {"device_start": 1585499805.8558388, "device_end": 1585499805.855846}}, "FFC_sans_bias58": {"write": {"device_start": -1, "host_queued_start": 1585499868.783302, "device_queued": -1, "device_end": -1, "host_queued_end": 1585499868.790621}, "device": "cpu", "nd_range": {"device_start": 2167642.998895578, "device_end": 2167642.999474583}, "cmdq": 0, "read": {"device_start": -1, "device_end": -1}}, "softmax41": {"write": {"device_start": -1, "host_queued_start": 1585499868.784596, "device_queued": -1, "device_end": -1, "host_queued_end": 1585499868.790621}, "device": "cpu", "nd_range": {"device_start": 2167642.999834904, "device_end": 2167642.999859055}, "cmdq": 0, "read": {"device_start": -1, "device_end": -1}}, "FFC_sans_bias11": {"write": {"device_start": -1, "host_queued_start": 1585499868.771278, "device_queued": -1, "device_end": -1, "host_queued_end": 1585499868.790621}, "device": "cpu", "nd_range": {"device_start": 2167642.98390699, "device_end": 2167642.984503962}, "cmdq": 0, "read": {"device_start": -1, "device_end": -1}}, "FFC_sans_bias10": {"write": {"device_start": -1, "host_queued_start": 1585499868.77077, "device_queued": -1, "device_end": -1, "host_queued_end": 1585499868.790621}, "device": "cpu", "nd_range": {"device_start": 2167642.9833087893, "device_end": 2167642.983902525}, "cmdq": 0, "read": {"device_start": -1, "device_end": -1}}, "coalesced_transpose3": {"write": {"device_start": -1, "host_queued_start": 1585499868.779182, "device_queued": -1, "device_end": -1, "host_queued_end": 1585499868.790621}, "device": "cpu", "nd_range": {"device_start": 2167642.994019369, "device_end": 2167642.9940470583}, "cmdq": 0, "read": {"device_start": -1, "device_end": -1}}, "FFC_sans_bias34": {"write": {"device_start": -1, "host_queued_start": 1585499868.789201, "device_queued": -1, "device_end": -1, "host_queued_end": 1585499868.790621}, "device": "cpu", "nd_range": {"device_start": 2167643.006681795, "device_end": 2167643.007286034}, "cmdq": 0, "read": {"device_start": -1, "device_end": -1}}, "FFC_sans_bias15": {"write": {"device_start": -1, "host_queued_start": 1585499868.785756, "device_queued": -1, "device_end": -1, "host_queued_end": 1585499868.790621}, "device": "cpu", "nd_range": {"device_start": 2167643.000952409, "device_end": 2167643.001564958}, "cmdq": 0, "read": {"device_start": -1, "device_end": -1}}, "FFC_sans_bias31": {"write": {"device_start": -1, "host_queued_start": 1585499868.782345, "device_queued": -1, "device_end": -1, "host_queued_end": 1585499868.790621}, "device": "cpu", "nd_range": {"device_start": 2167642.996468941, "device_end": 2167642.997042892}, "cmdq": 0, "read": {"device_start": -1, "device_end": -1}}, "FFC_sans_bias16": {"write": {"device_start": -1, "host_queued_start": 1585499868.788303, "device_queued": -1, "device_end": -1, "host_queued_end": 1585499868.790621}, "device": "cpu", "nd_range": {"device_start": 2167643.0054674693, "device_end": 2167643.006072382}, "cmdq": 0, "read": {"device_start": -1, "device_end": -1}}, "FFC_sans_bias19": {"write": {"device_start": -1, "host_queued_start": 1585499868.772273, "device_queued": -1, "device_end": -1, "host_queued_end": 1585499868.790621}, "device": "cpu", "nd_range": {"device_start": 2167642.9851144073, "device_end": 2167642.985700568}, "cmdq": 0, "read": {"device_start": -1, "device_end": -1}}, "FFC_sans_bias18": {"write": {"device_start": -1, "host_queued_start": 1585499868.771775, "device_queued": -1, "device_end": -1, "host_queued_end": 1585499868.790621}, "device": "cpu", "nd_range": {"device_start": 2167642.984508782, "device_end": 2167642.985109441}, "cmdq": 0, "read": {"device_start": -1, "device_end": -1}}, "coalesced_transpose30": {"write": {"device_start": -1, "host_queued_start": 1585499868.780082, "device_queued": -1, "device_end": -1, "host_queued_end": 1585499868.790621}, "device": "cpu", "nd_range": {"device_start": 2167642.994291324, "device_end": 2167642.994321037}, "cmdq": 0, "read": {"device_start": -1, "device_end": -1}}, "FFC_sans_bias69": {"write": {"device_start": -1, "host_queued_start": 1585499868.764587, "device_queued": -1, "device_end": -1, "host_queued_end": 1585499868.765167}, "device": "gpu", "nd_range": {"device_start": 1585499805.855618, "device_end": 1585499805.8557293}, "cmdq": 2, "read": {"device_start": -1, "device_end": -1}}, "FFC_sans_bias38": {"write": {"device_start": -1, "host_queued_start": 1585499868.775847, "device_queued": -1, "device_end": -1, "host_queued_end": 1585499868.790621}, "device": "cpu", "nd_range": {"device_start": 2167642.989193403, "device_end": 2167642.990501549}, "cmdq": 0, "read": {"device_start": -1, "device_end": -1}}, "coalesced_transpose57": {"write": {"device_start": -1, "host_queued_start": 1585499868.780989, "device_queued": -1, "device_end": -1, "host_queued_end": 1585499868.790621}, "device": "cpu", "nd_range": {"device_start": 2167642.994625436, "device_end": 2167642.9946517763}, "cmdq": 0, "read": {"device_start": -1, "device_end": -1}}, "empty26": {"write": {"device_start": -1, "host_queued_start": 1585499868.766793, "device_queued": -1, "device_end": -1, "host_queued_end": 1585499868.790621}, "device": "cpu", "nd_range": {"device_start": 2167642.980242455, "device_end": 2167642.980243098}, "cmdq": 0, "read": {"device_start": -1, "device_end": -1}}, "coalesced_transpose12": {"write": {"device_start": -1, "host_queued_start": 1585499868.779473, "device_queued": -1, "device_end": -1, "host_queued_end": 1585499868.790621}, "device": "cpu", "nd_range": {"device_start": 2167642.9940704363, "device_end": 2167642.994109922}, "cmdq": 0, "read": {"device_start": -1, "device_end": -1}}, "empty44": {"write": {"device_start": -1, "host_queued_start": 1585499868.767518, "device_queued": -1, "device_end": -1, "host_queued_end": 1585499868.790621}, "device": "cpu", "nd_range": {"device_start": 2167642.9802516163, "device_end": 2167642.980252094}, "cmdq": 0, "read": {"device_start": -1, "device_end": -1}}, "coalesced_transpose21": {"write": {"device_start": -1, "host_queued_start": 1585499868.779777, "device_queued": -1, "device_end": -1, "host_queued_end": 1585499868.790621}, "device": "cpu", "nd_range": {"device_start": 2167642.9942434323, "device_end": 2167642.994279692}, "cmdq": 0, "read": {"device_start": -1, "device_end": -1}}, "FFC_sans_bias36": {"write": {"device_start": -1, "host_queued_start": 1585499868.774826, "device_queued": -1, "device_end": -1, "host_queued_end": 1585499868.790621}, "device": "cpu", "nd_range": {"device_start": 2167642.988033189, "device_end": 2167642.988607549}, "cmdq": 0, "read": {"device_start": -1, "device_end": -1}}, "softmax14": {"write": {"device_start": -1, "host_queued_start": 1585499868.783814, "device_queued": -1, "device_end": -1, "host_queued_end": 1585499868.790621}, "device": "cpu", "nd_range": {"device_start": 2167642.999526223, "device_end": 2167642.999554765}, "cmdq": 0, "read": {"device_start": -1, "device_end": -1}}, "FFC_sans_bias13": {"write": {"device_start": -1, "host_queued_start": 1585499868.78171, "device_queued": -1, "device_end": -1, "host_queued_end": 1585499868.790621}, "device": "cpu", "nd_range": {"device_start": 2167642.9952839613, "device_end": 2167642.99586337}, "cmdq": 0, "read": {"device_start": -1, "device_end": -1}}, "empty8": {"write": {"device_start": -1, "host_queued_start": 1585499868.765903, "device_queued": -1, "device_end": -1, "host_queued_end": 1585499868.790621}, "device": "cpu", "nd_range": {"device_start": 2167642.980207884, "device_end": 2167642.9802195793}, "cmdq": 0, "read": {"device_start": -1, "device_end": -1}}, "FFC_sans_bias42": {"write": {"device_start": -1, "host_queued_start": 1585499868.786706, "device_queued": -1, "device_end": -1, "host_queued_end": 1585499868.790621}, "device": "cpu", "nd_range": {"device_start": 2167643.002899344, "device_end": 2167643.003512287}, "cmdq": 0, "read": {"device_start": -1, "device_end": -1}}, "FFC_sans_bias43": {"write": {"device_start": -1, "host_queued_start": 1585499868.78965, "device_queued": -1, "device_end": -1, "host_queued_end": 1585499868.790621}, "device": "cpu", "nd_range": {"device_start": 2167643.007288395, "device_end": 2167643.007895727}, "cmdq": 0, "read": {"device_start": -1, "device_end": -1}}, "FFC_sans_bias40": {"write": {"device_start": -1, "host_queued_start": 1585499868.782672, "device_queued": -1, "device_end": -1, "host_queued_end": 1585499868.790621}, "device": "cpu", "nd_range": {"device_start": 2167642.997047358, "device_end": 2167642.998300395}, "cmdq": 0, "read": {"device_start": -1, "device_end": -1}}, "softmax32": {"write": {"device_start": -1, "host_queued_start": 1585499868.784316, "device_queued": -1, "device_end": -1, "host_queued_end": 1585499868.790621}, "device": "cpu", "nd_range": {"device_start": 2167642.9998000204, "device_end": 2167642.999825743}, "cmdq": 0, "read": {"device_start": -1, "device_end": -1}}, "FFC_sans_bias47": {"write": {"device_start": -1, "host_queued_start": 1585499868.777354, "device_queued": -1, "device_end": -1, "host_queued_end": 1585499868.790621}, "device": "cpu", "nd_range": {"device_start": 2167642.991686886, "device_end": 2167642.9922709903}, "cmdq": 0, "read": {"device_start": -1, "device_end": -1}}, "FFC_sans_bias45": {"write": {"device_start": -1, "host_queued_start": 1585499868.776348, "device_queued": -1, "device_end": -1, "host_queued_end": 1585499868.790621}, "device": "cpu", "nd_range": {"device_start": 2167642.9905060963, "device_end": 2167642.991097776}, "cmdq": 0, "read": {"device_start": -1, "device_end": -1}}, "softmax50": {"write": {"device_start": -1, "host_queued_start": 1585499868.784865, "device_queued": -1, "device_end": -1, "host_queued_end": 1585499868.790621}, "device": "cpu", "nd_range": {"device_start": 2167643.000088625, "device_end": 2167643.0001256634}, "cmdq": 0, "read": {"device_start": -1, "device_end": -1}}, "FFC_sans_bias33": {"write": {"device_start": -1, "host_queued_start": 1585499868.786395, "device_queued": -1, "device_end": -1, "host_queued_end": 1585499868.790621}, "device": "cpu", "nd_range": {"device_start": 2167643.002183504, "device_end": 2167643.002793015}, "cmdq": 0, "read": {"device_start": -1, "device_end": -1}}, "FFC_sans_bias63": {"write": {"device_start": 1585499805.855181, "host_queued_start": 1585499868.763435, "device_queued": 1585499805.8551521, "device_end": 1585499805.8551896, "host_queued_end": 1585499868.765167}, "device": "gpu", "nd_range": {"device_start": 1585499805.8552163, "device_end": 1585499805.855407}, "cmdq": 3, "read": {"device_start": -1, "device_end": -1}}, "FFC_sans_bias49": {"write": {"device_start": -1, "host_queued_start": 1585499868.782996, "device_queued": -1, "device_end": -1, "host_queued_end": 1585499868.790621}, "device": "cpu", "nd_range": {"device_start": 2167642.998305939, "device_end": 2167642.99889096}, "cmdq": 0, "read": {"device_start": -1, "device_end": -1}}, "FFC_sans_bias64": {"write": {"device_start": 1585499805.8551276, "host_queued_start": 1585499868.762361, "device_queued": 1585499805.8551009, "device_end": 1585499805.8551364, "host_queued_end": 1585499868.765167}, "device": "gpu", "nd_range": {"device_start": 1585499805.855193, "device_end": 1585499805.855305}, "cmdq": 1, "read": {"device_start": -1, "device_end": -1}}, "FFC_sans_bias65": {"write": {"device_start": 1585499805.8551512, "host_queued_start": 1585499868.762908, "device_queued": 1585499805.8551292, "device_end": 1585499805.85516, "host_queued_end": 1585499868.765167}, "device": "gpu", "nd_range": {"device_start": 1585499805.8552039, "device_end": 1585499805.8553958}, "cmdq": 2, "read": {"device_start": -1, "device_end": -1}}, "FFC_sans_bias67": {"write": {"device_start": -1, "host_queued_start": 1585499868.76407, "device_queued": -1, "device_end": -1, "host_queued_end": 1585499868.765167}, "device": "gpu", "nd_range": {"device_start": 1585499805.8554192, "device_end": 1585499805.8555284}, "cmdq": 0, "read": {"device_start": -1, "device_end": -1}}, "FFC_sans_bias24": {"write": {"device_start": -1, "host_queued_start": 1585499868.786078, "device_queued": -1, "device_end": -1, "host_queued_end": 1585499868.790621}, "device": "cpu", "nd_range": {"device_start": 2167643.0015705083, "device_end": 2167643.002178327}, "cmdq": 0, "read": {"device_start": -1, "device_end": -1}}, "FFC_sans_bias25": {"write": {"device_start": -1, "host_queued_start": 1585499868.788753, "device_queued": -1, "device_end": -1, "host_queued_end": 1585499868.790621}, "device": "cpu", "nd_range": {"device_start": 2167643.006074651, "device_end": 2167643.0066795154}, "cmdq": 0, "read": {"device_start": -1, "device_end": -1}}, "FFC_sans_bias27": {"write": {"device_start": -1, "host_queued_start": 1585499868.773283, "device_queued": -1, "device_end": -1, "host_queued_end": 1585499868.790621}, "device": "cpu", "nd_range": {"device_start": 2167642.9862834713, "device_end": 2167642.9868621523}, "cmdq": 0, "read": {"device_start": -1, "device_end": -1}}, "FFC_sans_bias20": {"write": {"device_start": -1, "host_queued_start": 1585499868.772781, "device_queued": -1, "device_end": -1, "host_queued_end": 1585499868.790621}, "device": "cpu", "nd_range": {"device_start": 2167642.985705233, "device_end": 2167642.986278727}, "cmdq": 0, "read": {"device_start": -1, "device_end": -1}}, "FFC_sans_bias22": {"write": {"device_start": -1, "host_queued_start": 1585499868.782036, "device_queued": -1, "device_end": -1, "host_queued_end": 1585499868.790621}, "device": "cpu", "nd_range": {"device_start": 2167642.995868329, "device_end": 2167642.9964638543}, "cmdq": 0, "read": {"device_start": -1, "device_end": -1}}, "softmax68": {"write": {"device_start": -1, "host_queued_start": 1585499868.764301, "device_queued": -1, "device_end": -1, "host_queued_end": 1585499868.765167}, "device": "gpu", "nd_range": {"device_start": 1585499805.8555362, "device_end": 1585499805.855612}, "cmdq": 1, "read": {"device_start": -1, "device_end": -1}}, "softmax5": {"write": {"device_start": -1, "host_queued_start": 1585499868.783564, "device_queued": -1, "device_end": -1, "host_queued_end": 1585499868.790621}, "device": "cpu", "nd_range": {"device_start": 2167642.999479262, "device_end": 2167642.99951673}, "cmdq": 0, "read": {"device_start": -1, "device_end": -1}}, "FFC_sans_bias28": {"write": {"device_start": -1, "host_queued_start": 1585499868.77379, "device_queued": -1, "device_end": -1, "host_queued_end": 1585499868.790621}, "device": "cpu", "nd_range": {"device_start": 2167642.9868666423, "device_end": 2167642.987441866}, "cmdq": 0, "read": {"device_start": -1, "device_end": -1}}, "FFC_sans_bias29": {"write": {"device_start": -1, "host_queued_start": 1585499868.774299, "device_queued": -1, "device_end": -1, "host_queued_end": 1585499868.790621}, "device": "cpu", "nd_range": {"device_start": 2167642.9874467202, "device_end": 2167642.9880283563}, "cmdq": 0, "read": {"device_start": -1, "device_end": -1}}, "empty17": {"write": {"device_start": -1, "host_queued_start": 1585499868.76635, "device_queued": -1, "device_end": -1, "host_queued_end": 1585499868.790621}, "device": "cpu", "nd_range": {"device_start": 2167642.98023707, "device_end": 2167642.980238034}, "cmdq": 0, "read": {"device_start": -1, "device_end": -1}}, "softmax59": {"write": {"device_start": -1, "host_queued_start": 1585499868.785112, "device_queued": -1, "device_end": -1, "host_queued_end": 1585499868.790621}, "device": "cpu", "nd_range": {"device_start": 2167643.0002346, "device_end": 2167643.000255497}, "cmdq": 0, "read": {"device_start": -1, "device_end": -1}}, "empty71": {"write": {"device_start": 1585499805.8550746, "host_queued_start": 1585499868.761623, "device_queued": 1585499805.8550487, "device_end": 1585499805.8550835, "host_queued_end": 1585499868.765167}, "device": "gpu", "nd_range": {"device_start": 1585499805.8550854, "device_end": 1585499805.8550968}, "cmdq": 0, "read": {"device_start": -1, "device_end": -1}}, "empty35": {"write": {"device_start": -1, "host_queued_start": 1585499868.767156, "device_queued": -1, "device_end": -1, "host_queued_end": 1585499868.790621}, "device": "cpu", "nd_range": {"device_start": 2167642.980247502, "device_end": 2167642.980248093}, "cmdq": 0, "read": {"device_start": -1, "device_end": -1}}, "empty53": {"write": {"device_start": -1, "host_queued_start": 1585499868.767881, "device_queued": -1, "device_end": -1, "host_queued_end": 1585499868.790621}, "device": "cpu", "nd_range": {"device_start": 2167642.980256028, "device_end": 2167642.9802566003}, "cmdq": 0, "read": {"device_start": -1, "device_end": -1}}, "FFC_sans_bias46": {"write": {"device_start": -1, "host_queued_start": 1585499868.776849, "device_queued": -1, "device_end": -1, "host_queued_end": 1585499868.790621}, "device": "cpu", "nd_range": {"device_start": 2167642.991102709, "device_end": 2167642.991682364}, "cmdq": 0, "read": {"device_start": -1, "device_end": -1}}, "coalesced_transpose66": {"write": {"device_start": -1, "host_queued_start": 1585499868.763762, "device_queued": -1, "device_end": -1, "host_queued_end": 1585499868.765167}, "device": "gpu", "nd_range": {"device_start": 1585499805.855309, "device_end": 1585499805.8553498}, "cmdq": 4, "read": {"device_start": -1, "device_end": -1}}, "coalesced_transpose48": {"write": {"device_start": -1, "host_queued_start": 1585499868.780679, "device_queued": -1, "device_end": -1, "host_queued_end": 1585499868.790621}, "device": "cpu", "nd_range": {"device_start": 2167642.994583955, "device_end": 2167642.994621279}, "cmdq": 0, "read": {"device_start": -1, "device_end": -1}}}