{"FFC_sans_bias60": {"write": {"device_start": -1, "host_queued_start": 1585499440.714658, "device_queued": -1, "device_end": -1, "host_queued_end": 1585499440.717911}, "device": "cpu", "nd_range": {"device_start": 2167214.9299098663, "device_end": 2167214.9306357903}, "cmdq": 0, "read": {"device_start": -1, "device_end": -1}}, "FFC_sans_bias4": {"write": {"device_start": -1, "host_queued_start": 1585499440.708596, "device_queued": -1, "device_end": -1, "host_queued_end": 1585499440.717911}, "device": "cpu", "nd_range": {"device_start": 2167214.921051917, "device_end": 2167214.921653952}, "cmdq": 0, "read": {"device_start": -1, "device_end": -1}}, "FFC_sans_bias7": {"write": {"device_start": -1, "host_queued_start": 1585499440.715167, "device_queued": -1, "device_end": -1, "host_queued_end": 1585499440.717911}, "device": "cpu", "nd_range": {"device_start": 2167214.93064126, "device_end": 2167214.931252711}, "cmdq": 0, "read": {"device_start": -1, "device_end": -1}}, "FFC_sans_bias6": {"write": {"device_start": -1, "host_queued_start": 1585499440.712695, "device_queued": -1, "device_end": -1, "host_queued_end": 1585499440.717911}, "device": "cpu", "nd_range": {"device_start": 2167214.9260103563, "device_end": 2167214.926585136}, "cmdq": 0, "read": {"device_start": -1, "device_end": -1}}, "FFC_sans_bias1": {"write": {"device_start": -1, "host_queued_start": 1585499440.696458, "device_queued": -1, "device_end": -1, "host_queued_end": 1585499440.717911}, "device": "cpu", "nd_range": {"device_start": 2167214.908204393, "device_end": 2167214.908836075}, "cmdq": 0, "read": {"device_start": -1, "device_end": -1}}, "FFC_sans_bias0": {"write": {"device_start": -1, "host_queued_start": 1585499440.695948, "device_queued": -1, "device_end": -1, "host_queued_end": 1585499440.717911}, "device": "cpu", "nd_range": {"device_start": 2167214.90755708, "device_end": 2167214.908198248}, "cmdq": 0, "read": {"device_start": -1, "device_end": -1}}, "FFC_sans_bias2": {"write": {"device_start": -1, "host_queued_start": 1585499440.696968, "device_queued": -1, "device_end": -1, "host_queued_end": 1585499440.717911}, "device": "cpu", "nd_range": {"device_start": 2167214.908843108, "device_end": 2167214.9096109304}, "cmdq": 0, "read": {"device_start": -1, "device_end": -1}}, "FFC_sans_bias61": {"write": {"device_start": -1, "host_queued_start": 1585499440.717868, "device_queued": -1, "device_end": -1, "host_queued_end": 1585499440.717911}, "device": "cpu", "nd_range": {"device_start": 2167214.934292273, "device_end": 2167214.9348986}, "cmdq": 0, "read": {"device_start": -1, "device_end": -1}}, "FFC_sans_bias52": {"write": {"device_start": -1, "host_queued_start": 1585499440.717415, "device_queued": -1, "device_end": -1, "host_queued_end": 1585499440.717911}, "device": "cpu", "nd_range": {"device_start": 2167214.9336859933, "device_end": 2167214.9342899933}, "cmdq": 0, "read": {"device_start": -1, "device_end": -1}}, "FFC_sans_bias9": {"write": {"device_start": -1, "host_queued_start": 1585499440.697472, "device_queued": -1, "device_end": -1, "host_queued_end": 1585499440.717911}, "device": "cpu", "nd_range": {"device_start": 2167214.909626711, "device_end": 2167214.910244332}, "cmdq": 0, "read": {"device_start": -1, "device_end": -1}}, "coalesced_transpose39": {"write": {"device_start": -1, "host_queued_start": 1585499440.707681, "device_queued": -1, "device_end": -1, "host_queued_end": 1585499440.717911}, "device": "cpu", "nd_range": {"device_start": 2167214.920741538, "device_end": 2167214.9207747933}, "cmdq": 0, "read": {"device_start": -1, "device_end": -1}}, "FFC_sans_bias55": {"write": {"device_start": -1, "host_queued_start": 1585499440.70611, "device_queued": -1, "device_end": -1, "host_queued_end": 1585499440.717911}, "device": "cpu", "nd_range": {"device_start": 2167214.919799835, "device_end": 2167214.9203780773}, "cmdq": 0, "read": {"device_start": -1, "device_end": -1}}, "FFC_sans_bias54": {"write": {"device_start": -1, "host_queued_start": 1585499440.705609, "device_queued": -1, "device_end": -1, "host_queued_end": 1585499440.717911}, "device": "cpu", "nd_range": {"device_start": 2167214.9192242892, "device_end": 2167214.9197952533}, "cmdq": 0, "read": {"device_start": -1, "device_end": -1}}, "FFC_sans_bias56": {"write": {"device_start": -1, "host_queued_start": 1585499440.705104, "device_queued": -1, "device_end": -1, "host_queued_end": 1585499440.717911}, "device": "cpu", "nd_range": {"device_start": 2167214.918646594, "device_end": 2167214.919219547}, "cmdq": 0, "read": {"device_start": -1, "device_end": -1}}, "FFC_sans_bias51": {"write": {"device_start": -1, "host_queued_start": 1585499440.714314, "device_queued": -1, "device_end": -1, "host_queued_end": 1585499440.717911}, "device": "cpu", "nd_range": {"device_start": 2167214.9292231523, "device_end": 2167214.9297989593}, "cmdq": 0, "read": {"device_start": -1, "device_end": -1}}, "softmax23": {"write": {"device_start": -1, "host_queued_start": 1585499440.711322, "device_queued": -1, "device_end": -1, "host_queued_end": 1585499440.717911}, "device": "cpu", "nd_range": {"device_start": 2167214.925448522, "device_end": 2167214.925507219}, "cmdq": 0, "read": {"device_start": -1, "device_end": -1}}, "FFC_sans_bias37": {"write": {"device_start": -1, "host_queued_start": 1585499440.702537, "device_queued": -1, "device_end": -1, "host_queued_end": 1585499440.717911}, "device": "cpu", "nd_range": {"device_start": 2167214.915576049, "device_end": 2167214.916155106}, "cmdq": 0, "read": {"device_start": -1, "device_end": -1}}, "empty62": {"write": {"device_start": -1, "host_queued_start": 1585499440.695462, "device_queued": -1, "device_end": -1, "host_queued_end": 1585499440.717911}, "device": "cpu", "nd_range": {"device_start": 2167214.9075513473, "device_end": 2167214.9075518292}, "cmdq": 0, "read": {"device_start": -1, "device_end": -1}}, "FFC_sans_bias70": {"write": {"device_start": 1585499377.795947, "host_queued_start": 1585499440.692288, "device_queued": 1585499377.795425, "device_end": 1585499377.795956, "host_queued_end": 1585499440.692391}, "device": "gpu", "nd_range": {"device_start": 1585499377.7959569, "device_end": 1585499377.7960625}, "cmdq": 0, "read": {"device_start": 1585499377.7960691, "device_end": 1585499377.796076}}, "FFC_sans_bias58": {"write": {"device_start": -1, "host_queued_start": 1585499440.710546, "device_queued": -1, "device_end": -1, "host_queued_end": 1585499440.717911}, "device": "cpu", "nd_range": {"device_start": 2167214.9246383603, "device_end": 2167214.925249482}, "cmdq": 0, "read": {"device_start": -1, "device_end": -1}}, "softmax41": {"write": {"device_start": -1, "host_queued_start": 1585499440.711829, "device_queued": -1, "device_end": -1, "host_queued_end": 1585499440.717911}, "device": "cpu", "nd_range": {"device_start": 2167214.925558135, "device_end": 2167214.925589118}, "cmdq": 0, "read": {"device_start": -1, "device_end": -1}}, "FFC_sans_bias11": {"write": {"device_start": -1, "host_queued_start": 1585499440.698477, "device_queued": -1, "device_end": -1, "host_queued_end": 1585499440.717911}, "device": "cpu", "nd_range": {"device_start": 2167214.9108555573, "device_end": 2167214.911482316}, "cmdq": 0, "read": {"device_start": -1, "device_end": -1}}, "FFC_sans_bias10": {"write": {"device_start": -1, "host_queued_start": 1585499440.697973, "device_queued": -1, "device_end": -1, "host_queued_end": 1585499440.717911}, "device": "cpu", "nd_range": {"device_start": 2167214.9102489944, "device_end": 2167214.9108425323}, "cmdq": 0, "read": {"device_start": -1, "device_end": -1}}, "coalesced_transpose3": {"write": {"device_start": -1, "host_queued_start": 1585499440.706435, "device_queued": -1, "device_end": -1, "host_queued_end": 1585499440.717911}, "device": "cpu", "nd_range": {"device_start": 2167214.920382827, "device_end": 2167214.9204096072}, "cmdq": 0, "read": {"device_start": -1, "device_end": -1}}, "FFC_sans_bias34": {"write": {"device_start": -1, "host_queued_start": 1585499440.71652, "device_queued": -1, "device_end": -1, "host_queued_end": 1585499440.717911}, "device": "cpu", "nd_range": {"device_start": 2167214.932471034, "device_end": 2167214.933074924}, "cmdq": 0, "read": {"device_start": -1, "device_end": -1}}, "FFC_sans_bias15": {"write": {"device_start": -1, "host_queued_start": 1585499440.713025, "device_queued": -1, "device_end": -1, "host_queued_end": 1585499440.717911}, "device": "cpu", "nd_range": {"device_start": 2167214.9265897, "device_end": 2167214.9272015393}, "cmdq": 0, "read": {"device_start": -1, "device_end": -1}}, "FFC_sans_bias31": {"write": {"device_start": -1, "host_queued_start": 1585499440.709598, "device_queued": -1, "device_end": -1, "host_queued_end": 1585499440.717911}, "device": "cpu", "nd_range": {"device_start": 2167214.922820706, "device_end": 2167214.9233925194}, "cmdq": 0, "read": {"device_start": -1, "device_end": -1}}, "FFC_sans_bias16": {"write": {"device_start": -1, "host_queued_start": 1585499440.71562, "device_queued": -1, "device_end": -1, "host_queued_end": 1585499440.717911}, "device": "cpu", "nd_range": {"device_start": 2167214.931255665, "device_end": 2167214.931856277}, "cmdq": 0, "read": {"device_start": -1, "device_end": -1}}, "FFC_sans_bias19": {"write": {"device_start": -1, "host_queued_start": 1585499440.699509, "device_queued": -1, "device_end": -1, "host_queued_end": 1585499440.717911}, "device": "cpu", "nd_range": {"device_start": 2167214.912094683, "device_end": 2167214.9126734543}, "cmdq": 0, "read": {"device_start": -1, "device_end": -1}}, "FFC_sans_bias18": {"write": {"device_start": -1, "host_queued_start": 1585499440.699006, "device_queued": -1, "device_end": -1, "host_queued_end": 1585499440.717911}, "device": "cpu", "nd_range": {"device_start": 2167214.911486336, "device_end": 2167214.912090463}, "cmdq": 0, "read": {"device_start": -1, "device_end": -1}}, "coalesced_transpose30": {"write": {"device_start": -1, "host_queued_start": 1585499440.707373, "device_queued": -1, "device_end": -1, "host_queued_end": 1585499440.717911}, "device": "cpu", "nd_range": {"device_start": 2167214.920705227, "device_end": 2167214.920729944}, "cmdq": 0, "read": {"device_start": -1, "device_end": -1}}, "FFC_sans_bias69": {"write": {"device_start": -1, "host_queued_start": 1585499440.69182, "device_queued": -1, "device_end": -1, "host_queued_end": 1585499440.692391}, "device": "gpu", "nd_range": {"device_start": 1585499377.795841, "device_end": 1585499377.7959461}, "cmdq": 0, "read": {"device_start": -1, "device_end": -1}}, "FFC_sans_bias38": {"write": {"device_start": -1, "host_queued_start": 1585499440.703084, "device_queued": -1, "device_end": -1, "host_queued_end": 1585499440.717911}, "device": "cpu", "nd_range": {"device_start": 2167214.916283164, "device_end": 2167214.91689406}, "cmdq": 0, "read": {"device_start": -1, "device_end": -1}}, "coalesced_transpose57": {"write": {"device_start": -1, "host_queued_start": 1585499440.70829, "device_queued": -1, "device_end": -1, "host_queued_end": 1585499440.717911}, "device": "cpu", "nd_range": {"device_start": 2167214.921010781, "device_end": 2167214.9210399822}, "cmdq": 0, "read": {"device_start": -1, "device_end": -1}}, "empty26": {"write": {"device_start": -1, "host_queued_start": 1585499440.693948, "device_queued": -1, "device_end": -1, "host_queued_end": 1585499440.717911}, "device": "cpu", "nd_range": {"device_start": 2167214.907532649, "device_end": 2167214.9075333322}, "cmdq": 0, "read": {"device_start": -1, "device_end": -1}}, "coalesced_transpose12": {"write": {"device_start": -1, "host_queued_start": 1585499440.706744, "device_queued": -1, "device_end": -1, "host_queued_end": 1585499440.717911}, "device": "cpu", "nd_range": {"device_start": 2167214.9204185912, "device_end": 2167214.920454687}, "cmdq": 0, "read": {"device_start": -1, "device_end": -1}}, "empty44": {"write": {"device_start": -1, "host_queued_start": 1585499440.694733, "device_queued": -1, "device_end": -1, "host_queued_end": 1585499440.717911}, "device": "cpu", "nd_range": {"device_start": 2167214.907542603, "device_end": 2167214.9075431894}, "cmdq": 0, "read": {"device_start": -1, "device_end": -1}}, "coalesced_transpose21": {"write": {"device_start": -1, "host_queued_start": 1585499440.707057, "device_queued": -1, "device_end": -1, "host_queued_end": 1585499440.717911}, "device": "cpu", "nd_range": {"device_start": 2167214.9204737283, "device_end": 2167214.920697505}, "cmdq": 0, "read": {"device_start": -1, "device_end": -1}}, "FFC_sans_bias36": {"write": {"device_start": -1, "host_queued_start": 1585499440.702038, "device_queued": -1, "device_end": -1, "host_queued_end": 1585499440.717911}, "device": "cpu", "nd_range": {"device_start": 2167214.914998296, "device_end": 2167214.915571889}, "cmdq": 0, "read": {"device_start": -1, "device_end": -1}}, "softmax14": {"write": {"device_start": -1, "host_queued_start": 1585499440.711085, "device_queued": -1, "device_end": -1, "host_queued_end": 1585499440.717911}, "device": "cpu", "nd_range": {"device_start": 2167214.925305201, "device_end": 2167214.925337761}, "cmdq": 0, "read": {"device_start": -1, "device_end": -1}}, "FFC_sans_bias13": {"write": {"device_start": -1, "host_queued_start": 1585499440.708919, "device_queued": -1, "device_end": -1, "host_queued_end": 1585499440.717911}, "device": "cpu", "nd_range": {"device_start": 2167214.921661513, "device_end": 2167214.922239059}, "cmdq": 0, "read": {"device_start": -1, "device_end": -1}}, "empty8": {"write": {"device_start": -1, "host_queued_start": 1585499440.692982, "device_queued": -1, "device_end": -1, "host_queued_end": 1585499440.717911}, "device": "cpu", "nd_range": {"device_start": 2167214.907496966, "device_end": 2167214.9075094713}, "cmdq": 0, "read": {"device_start": -1, "device_end": -1}}, "FFC_sans_bias42": {"write": {"device_start": -1, "host_queued_start": 1585499440.713996, "device_queued": -1, "device_end": -1, "host_queued_end": 1585499440.717911}, "device": "cpu", "nd_range": {"device_start": 2167214.928509712, "device_end": 2167214.929218043}, "cmdq": 0, "read": {"device_start": -1, "device_end": -1}}, "FFC_sans_bias43": {"write": {"device_start": -1, "host_queued_start": 1585499440.716969, "device_queued": -1, "device_end": -1, "host_queued_end": 1585499440.717911}, "device": "cpu", "nd_range": {"device_start": 2167214.9330769624, "device_end": 2167214.933683798}, "cmdq": 0, "read": {"device_start": -1, "device_end": -1}}, "FFC_sans_bias40": {"write": {"device_start": -1, "host_queued_start": 1585499440.70992, "device_queued": -1, "device_end": -1, "host_queued_end": 1585499440.717911}, "device": "cpu", "nd_range": {"device_start": 2167214.923397743, "device_end": 2167214.923970599}, "cmdq": 0, "read": {"device_start": -1, "device_end": -1}}, "softmax32": {"write": {"device_start": -1, "host_queued_start": 1585499440.711577, "device_queued": -1, "device_end": -1, "host_queued_end": 1585499440.717911}, "device": "cpu", "nd_range": {"device_start": 2167214.9255180173, "device_end": 2167214.9255477632}, "cmdq": 0, "read": {"device_start": -1, "device_end": -1}}, "FFC_sans_bias47": {"write": {"device_start": -1, "host_queued_start": 1585499440.704602, "device_queued": -1, "device_end": -1, "host_queued_end": 1585499440.717911}, "device": "cpu", "nd_range": {"device_start": 2167214.918068266, "device_end": 2167214.918642154}, "cmdq": 0, "read": {"device_start": -1, "device_end": -1}}, "FFC_sans_bias45": {"write": {"device_start": -1, "host_queued_start": 1585499440.703587, "device_queued": -1, "device_end": -1, "host_queued_end": 1585499440.717911}, "device": "cpu", "nd_range": {"device_start": 2167214.916899513, "device_end": 2167214.91748277}, "cmdq": 0, "read": {"device_start": -1, "device_end": -1}}, "softmax50": {"write": {"device_start": -1, "host_queued_start": 1585499440.712086, "device_queued": -1, "device_end": -1, "host_queued_end": 1585499440.717911}, "device": "cpu", "nd_range": {"device_start": 2167214.925834875, "device_end": 2167214.925866877}, "cmdq": 0, "read": {"device_start": -1, "device_end": -1}}, "FFC_sans_bias33": {"write": {"device_start": -1, "host_queued_start": 1585499440.713689, "device_queued": -1, "device_end": -1, "host_queued_end": 1585499440.717911}, "device": "cpu", "nd_range": {"device_start": 2167214.927924542, "device_end": 2167214.9285043273}, "cmdq": 0, "read": {"device_start": -1, "device_end": -1}}, "FFC_sans_bias63": {"write": {"device_start": 1585499377.7955308, "host_queued_start": 1585499440.690715, "device_queued": 1585499377.7953458, "device_end": 1585499377.7955434, "host_queued_end": 1585499440.692391}, "device": "gpu", "nd_range": {"device_start": 1585499377.7955444, "device_end": 1585499377.7956502}, "cmdq": 0, "read": {"device_start": -1, "device_end": -1}}, "FFC_sans_bias49": {"write": {"device_start": -1, "host_queued_start": 1585499440.710242, "device_queued": -1, "device_end": -1, "host_queued_end": 1585499440.717911}, "device": "cpu", "nd_range": {"device_start": 2167214.923975788, "device_end": 2167214.924633594}, "cmdq": 0, "read": {"device_start": -1, "device_end": -1}}, "FFC_sans_bias64": {"write": {"device_start": 1585499377.7952905, "host_queued_start": 1585499440.689692, "device_queued": 1585499377.7952716, "device_end": 1585499377.7952988, "host_queued_end": 1585499440.692391}, "device": "gpu", "nd_range": {"device_start": 1585499377.7953057, "device_end": 1585499377.7954142}, "cmdq": 0, "read": {"device_start": -1, "device_end": -1}}, "FFC_sans_bias65": {"write": {"device_start": 1585499377.7954152, "host_queued_start": 1585499440.690191, "device_queued": 1585499377.7953148, "device_end": 1585499377.7954237, "host_queued_end": 1585499440.692391}, "device": "gpu", "nd_range": {"device_start": 1585499377.795425, "device_end": 1585499377.7955296}, "cmdq": 0, "read": {"device_start": -1, "device_end": -1}}, "FFC_sans_bias67": {"write": {"device_start": -1, "host_queued_start": 1585499440.691299, "device_queued": -1, "device_end": -1, "host_queued_end": 1585499440.692391}, "device": "gpu", "nd_range": {"device_start": 1585499377.7956572, "device_end": 1585499377.795764}, "cmdq": 0, "read": {"device_start": -1, "device_end": -1}}, "FFC_sans_bias24": {"write": {"device_start": -1, "host_queued_start": 1585499440.713353, "device_queued": -1, "device_end": -1, "host_queued_end": 1585499440.717911}, "device": "cpu", "nd_range": {"device_start": 2167214.9272063, "device_end": 2167214.9278145554}, "cmdq": 0, "read": {"device_start": -1, "device_end": -1}}, "FFC_sans_bias25": {"write": {"device_start": -1, "host_queued_start": 1585499440.716069, "device_queued": -1, "device_end": -1, "host_queued_end": 1585499440.717911}, "device": "cpu", "nd_range": {"device_start": 2167214.931858687, "device_end": 2167214.93246892}, "cmdq": 0, "read": {"device_start": -1, "device_end": -1}}, "FFC_sans_bias27": {"write": {"device_start": -1, "host_queued_start": 1585499440.700519, "device_queued": -1, "device_end": -1, "host_queued_end": 1585499440.717911}, "device": "cpu", "nd_range": {"device_start": 2167214.9132583654, "device_end": 2167214.9138326123}, "cmdq": 0, "read": {"device_start": -1, "device_end": -1}}, "FFC_sans_bias20": {"write": {"device_start": -1, "host_queued_start": 1585499440.700014, "device_queued": -1, "device_end": -1, "host_queued_end": 1585499440.717911}, "device": "cpu", "nd_range": {"device_start": 2167214.912678339, "device_end": 2167214.913253607}, "cmdq": 0, "read": {"device_start": -1, "device_end": -1}}, "FFC_sans_bias22": {"write": {"device_start": -1, "host_queued_start": 1585499440.709242, "device_queued": -1, "device_end": -1, "host_queued_end": 1585499440.717911}, "device": "cpu", "nd_range": {"device_start": 2167214.922243419, "device_end": 2167214.9228156633}, "cmdq": 0, "read": {"device_start": -1, "device_end": -1}}, "softmax68": {"write": {"device_start": -1, "host_queued_start": 1585499440.691531, "device_queued": -1, "device_end": -1, "host_queued_end": 1585499440.692391}, "device": "gpu", "nd_range": {"device_start": 1585499377.7957652, "device_end": 1585499377.7958398}, "cmdq": 0, "read": {"device_start": -1, "device_end": -1}}, "softmax5": {"write": {"device_start": -1, "host_queued_start": 1585499440.710831, "device_queued": -1, "device_end": -1, "host_queued_end": 1585499440.717911}, "device": "cpu", "nd_range": {"device_start": 2167214.925254417, "device_end": 2167214.92529319}, "cmdq": 0, "read": {"device_start": -1, "device_end": -1}}, "FFC_sans_bias28": {"write": {"device_start": -1, "host_queued_start": 1585499440.701023, "device_queued": -1, "device_end": -1, "host_queued_end": 1585499440.717911}, "device": "cpu", "nd_range": {"device_start": 2167214.913837584, "device_end": 2167214.914412789}, "cmdq": 0, "read": {"device_start": -1, "device_end": -1}}, "FFC_sans_bias29": {"write": {"device_start": -1, "host_queued_start": 1585499440.70154, "device_queued": -1, "device_end": -1, "host_queued_end": 1585499440.717911}, "device": "cpu", "nd_range": {"device_start": 2167214.914417611, "device_end": 2167214.9149936032}, "cmdq": 0, "read": {"device_start": -1, "device_end": -1}}, "empty17": {"write": {"device_start": -1, "host_queued_start": 1585499440.693555, "device_queued": -1, "device_end": -1, "host_queued_end": 1585499440.717911}, "device": "cpu", "nd_range": {"device_start": 2167214.907526927, "device_end": 2167214.90752795}, "cmdq": 0, "read": {"device_start": -1, "device_end": -1}}, "softmax59": {"write": {"device_start": -1, "host_queued_start": 1585499440.71235, "device_queued": -1, "device_end": -1, "host_queued_end": 1585499440.717911}, "device": "cpu", "nd_range": {"device_start": 2167214.925876385, "device_end": 2167214.926003314}, "cmdq": 0, "read": {"device_start": -1, "device_end": -1}}, "empty71": {"write": {"device_start": 1585499377.7952352, "host_queued_start": 1585499440.688942, "device_queued": 1585499377.7952113, "device_end": 1585499377.795244, "host_queued_end": 1585499440.692391}, "device": "gpu", "nd_range": {"device_start": 1585499377.795245, "device_end": 1585499377.7952638}, "cmdq": 0, "read": {"device_start": -1, "device_end": -1}}, "empty35": {"write": {"device_start": -1, "host_queued_start": 1585499440.694317, "device_queued": -1, "device_end": -1, "host_queued_end": 1585499440.717911}, "device": "cpu", "nd_range": {"device_start": 2167214.9075376643, "device_end": 2167214.907538386}, "cmdq": 0, "read": {"device_start": -1, "device_end": -1}}, "empty53": {"write": {"device_start": -1, "host_queued_start": 1585499440.695096, "device_queued": -1, "device_end": -1, "host_queued_end": 1585499440.717911}, "device": "cpu", "nd_range": {"device_start": 2167214.9075470283, "device_end": 2167214.9075475023}, "cmdq": 0, "read": {"device_start": -1, "device_end": -1}}, "FFC_sans_bias46": {"write": {"device_start": -1, "host_queued_start": 1585499440.70409, "device_queued": -1, "device_end": -1, "host_queued_end": 1585499440.717911}, "device": "cpu", "nd_range": {"device_start": 2167214.9174881633, "device_end": 2167214.9180634473}, "cmdq": 0, "read": {"device_start": -1, "device_end": -1}}, "coalesced_transpose66": {"write": {"device_start": -1, "host_queued_start": 1585499440.691015, "device_queued": -1, "device_end": -1, "host_queued_end": 1585499440.692391}, "device": "gpu", "nd_range": {"device_start": 1585499377.7956512, "device_end": 1585499377.795656}, "cmdq": 0, "read": {"device_start": -1, "device_end": -1}}, "coalesced_transpose48": {"write": {"device_start": -1, "host_queued_start": 1585499440.70799, "device_queued": -1, "device_end": -1, "host_queued_end": 1585499440.717911}, "device": "cpu", "nd_range": {"device_start": 2167214.9207823724, "device_end": 2167214.921003491}, "cmdq": 0, "read": {"device_start": -1, "device_end": -1}}}