{"FFC_sans_bias60": {"write": {"device_start": -1, "host_queued_start": 1585499718.822237, "device_queued": -1, "device_end": -1, "host_queued_end": 1585499718.825502}, "device": "cpu", "nd_range": {"device_start": 2167493.035824752, "device_end": 2167493.0377256423}, "cmdq": 3, "read": {"device_start": -1, "device_end": -1}}, "FFC_sans_bias4": {"write": {"device_start": -1, "host_queued_start": 1585499718.816295, "device_queued": -1, "device_end": -1, "host_queued_end": 1585499718.825502}, "device": "cpu", "nd_range": {"device_start": 2167493.026555533, "device_end": 2167493.028508653}, "cmdq": 3, "read": {"device_start": -1, "device_end": -1}}, "FFC_sans_bias7": {"write": {"device_start": -1, "host_queued_start": 1585499718.822763, "device_queued": -1, "device_end": -1, "host_queued_end": 1585499718.825502}, "device": "cpu", "nd_range": {"device_start": 2167493.035638005, "device_end": 2167493.037538474}, "cmdq": 0, "read": {"device_start": -1, "device_end": -1}}, "FFC_sans_bias6": {"write": {"device_start": -1, "host_queued_start": 1585499718.820341, "device_queued": -1, "device_end": -1, "host_queued_end": 1585499718.825502}, "device": "cpu", "nd_range": {"device_start": 2167493.031740778, "device_end": 2167493.033750806}, "cmdq": 1, "read": {"device_start": -1, "device_end": -1}}, "FFC_sans_bias1": {"write": {"device_start": -1, "host_queued_start": 1585499718.804156, "device_queued": -1, "device_end": -1, "host_queued_end": 1585499718.825502}, "device": "cpu", "nd_range": {"device_start": 2167493.01513451, "device_end": 2167493.017100221}, "cmdq": 0, "read": {"device_start": -1, "device_end": -1}}, "FFC_sans_bias0": {"write": {"device_start": -1, "host_queued_start": 1585499718.803657, "device_queued": -1, "device_end": -1, "host_queued_end": 1585499718.825502}, "device": "cpu", "nd_range": {"device_start": 2167493.0151616, "device_end": 2167493.017117668}, "cmdq": 3, "read": {"device_start": -1, "device_end": -1}}, "FFC_sans_bias2": {"write": {"device_start": -1, "host_queued_start": 1585499718.804667, "device_queued": -1, "device_end": -1, "host_queued_end": 1585499718.825502}, "device": "cpu", "nd_range": {"device_start": 2167493.015133885, "device_end": 2167493.018123819}, "cmdq": 1, "read": {"device_start": -1, "device_end": -1}}, "FFC_sans_bias61": {"write": {"device_start": -1, "host_queued_start": 1585499718.825459, "device_queued": -1, "device_end": -1, "host_queued_end": 1585499718.825502}, "device": "cpu", "nd_range": {"device_start": 2167493.039555659, "device_end": 2167493.0464605424}, "cmdq": 2, "read": {"device_start": -1, "device_end": -1}}, "FFC_sans_bias52": {"write": {"device_start": -1, "host_queued_start": 1585499718.825004, "device_queued": -1, "device_end": -1, "host_queued_end": 1585499718.825502}, "device": "cpu", "nd_range": {"device_start": 2167493.037901273, "device_end": 2167493.040478909}, "cmdq": 1, "read": {"device_start": -1, "device_end": -1}}, "FFC_sans_bias9": {"write": {"device_start": -1, "host_queued_start": 1585499718.805174, "device_queued": -1, "device_end": -1, "host_queued_end": 1585499718.825502}, "device": "cpu", "nd_range": {"device_start": 2167493.015904244, "device_end": 2167493.0178539683}, "cmdq": 2, "read": {"device_start": -1, "device_end": -1}}, "coalesced_transpose39": {"write": {"device_start": -1, "host_queued_start": 1585499718.815305, "device_queued": -1, "device_end": -1, "host_queued_end": 1585499718.825502}, "device": "cpu", "nd_range": {"device_start": 2167493.0256491913, "device_end": 2167493.025718877}, "cmdq": 0, "read": {"device_start": -1, "device_end": -1}}, "FFC_sans_bias55": {"write": {"device_start": -1, "host_queued_start": 1585499718.813789, "device_queued": -1, "device_end": -1, "host_queued_end": 1585499718.825502}, "device": "cpu", "nd_range": {"device_start": 2167493.024998641, "device_end": 2167493.026479775}, "cmdq": 3, "read": {"device_start": -1, "device_end": -1}}, "FFC_sans_bias54": {"write": {"device_start": -1, "host_queued_start": 1585499718.813289, "device_queued": -1, "device_end": -1, "host_queued_end": 1585499718.825502}, "device": "cpu", "nd_range": {"device_start": 2167493.024273498, "device_end": 2167493.026212565}, "cmdq": 2, "read": {"device_start": -1, "device_end": -1}}, "FFC_sans_bias56": {"write": {"device_start": -1, "host_queued_start": 1585499718.812788, "device_queued": -1, "device_end": -1, "host_queued_end": 1585499718.825502}, "device": "cpu", "nd_range": {"device_start": 2167493.02540539, "device_end": 2167493.026859193}, "cmdq": 1, "read": {"device_start": -1, "device_end": -1}}, "FFC_sans_bias51": {"write": {"device_start": -1, "host_queued_start": 1585499718.821915, "device_queued": -1, "device_end": -1, "host_queued_end": 1585499718.825502}, "device": "cpu", "nd_range": {"device_start": 2167493.031963056, "device_end": 2167493.033881482}, "cmdq": 2, "read": {"device_start": -1, "device_end": -1}}, "softmax23": {"write": {"device_start": -1, "host_queued_start": 1585499718.818965, "device_queued": -1, "device_end": -1, "host_queued_end": 1585499718.825502}, "device": "cpu", "nd_range": {"device_start": 2167493.031439315, "device_end": 2167493.031500563}, "cmdq": 0, "read": {"device_start": -1, "device_end": -1}}, "FFC_sans_bias37": {"write": {"device_start": -1, "host_queued_start": 1585499718.810219, "device_queued": -1, "device_end": -1, "host_queued_end": 1585499718.825502}, "device": "cpu", "nd_range": {"device_start": 2167493.021497255, "device_end": 2167493.0234260024}, "cmdq": 0, "read": {"device_start": -1, "device_end": -1}}, "empty62": {"write": {"device_start": -1, "host_queued_start": 1585499718.803168, "device_queued": -1, "device_end": -1, "host_queued_end": 1585499718.825502}, "device": "cpu", "nd_range": {"device_start": 2167493.015793132, "device_end": 2167493.015795376}, "cmdq": 2, "read": {"device_start": -1, "device_end": -1}}, "FFC_sans_bias70": {"write": {"device_start": 1585499655.8947952, "host_queued_start": 1585499718.799894, "device_queued": 1585499655.894558, "device_end": 1585499655.8948038, "host_queued_end": 1585499718.799999}, "device": "gpu", "nd_range": {"device_start": 1585499655.8949943, "device_end": 1585499655.895101}, "cmdq": 2, "read": {"device_start": 1585499655.8951032, "device_end": 1585499655.8951101}}, "FFC_sans_bias58": {"write": {"device_start": -1, "host_queued_start": 1585499718.818183, "device_queued": -1, "device_end": -1, "host_queued_end": 1585499718.825502}, "device": "cpu", "nd_range": {"device_start": 2167493.029941279, "device_end": 2167493.031673971}, "cmdq": 1, "read": {"device_start": -1, "device_end": -1}}, "softmax41": {"write": {"device_start": -1, "host_queued_start": 1585499718.819502, "device_queued": -1, "device_end": -1, "host_queued_end": 1585499718.825502}, "device": "cpu", "nd_range": {"device_start": 2167493.029883469, "device_end": 2167493.029929346}, "cmdq": 2, "read": {"device_start": -1, "device_end": -1}}, "FFC_sans_bias11": {"write": {"device_start": -1, "host_queued_start": 1585499718.806175, "device_queued": -1, "device_end": -1, "host_queued_end": 1585499718.825502}, "device": "cpu", "nd_range": {"device_start": 2167493.017106467, "device_end": 2167493.019035108}, "cmdq": 0, "read": {"device_start": -1, "device_end": -1}}, "FFC_sans_bias10": {"write": {"device_start": -1, "host_queued_start": 1585499718.805671, "device_queued": -1, "device_end": -1, "host_queued_end": 1585499718.825502}, "device": "cpu", "nd_range": {"device_start": 2167493.017124481, "device_end": 2167493.019047326}, "cmdq": 3, "read": {"device_start": -1, "device_end": -1}}, "coalesced_transpose3": {"write": {"device_start": -1, "host_queued_start": 1585499718.814103, "device_queued": -1, "device_end": -1, "host_queued_end": 1585499718.825502}, "device": "cpu", "nd_range": {"device_start": 2167493.025378964, "device_end": 2167493.025539944}, "cmdq": 0, "read": {"device_start": -1, "device_end": -1}}, "FFC_sans_bias34": {"write": {"device_start": -1, "host_queued_start": 1585499718.824109, "device_queued": -1, "device_end": -1, "host_queued_end": 1585499718.825502}, "device": "cpu", "nd_range": {"device_start": 2167493.037837252, "device_end": 2167493.039633737}, "cmdq": 3, "read": {"device_start": -1, "device_end": -1}}, "FFC_sans_bias15": {"write": {"device_start": -1, "host_queued_start": 1585499718.820658, "device_queued": -1, "device_end": -1, "host_queued_end": 1585499718.825502}, "device": "cpu", "nd_range": {"device_start": 2167493.029938693, "device_end": 2167493.031886505}, "cmdq": 2, "read": {"device_start": -1, "device_end": -1}}, "FFC_sans_bias31": {"write": {"device_start": -1, "host_queued_start": 1585499718.817243, "device_queued": -1, "device_end": -1, "host_queued_end": 1585499718.825502}, "device": "cpu", "nd_range": {"device_start": 2167493.0269447924, "device_end": 2167493.028882782}, "cmdq": 2, "read": {"device_start": -1, "device_end": -1}}, "FFC_sans_bias16": {"write": {"device_start": -1, "host_queued_start": 1585499718.823213, "device_queued": -1, "device_end": -1, "host_queued_end": 1585499718.825502}, "device": "cpu", "nd_range": {"device_start": 2167493.03587909, "device_end": 2167493.037895391}, "cmdq": 1, "read": {"device_start": -1, "device_end": -1}}, "FFC_sans_bias19": {"write": {"device_start": -1, "host_queued_start": 1585499718.807198, "device_queued": -1, "device_end": -1, "host_queued_end": 1585499718.825502}, "device": "cpu", "nd_range": {"device_start": 2167493.017964155, "device_end": 2167493.019897739}, "cmdq": 2, "read": {"device_start": -1, "device_end": -1}}, "FFC_sans_bias18": {"write": {"device_start": -1, "host_queued_start": 1585499718.806698, "device_queued": -1, "device_end": -1, "host_queued_end": 1585499718.825502}, "device": "cpu", "nd_range": {"device_start": 2167493.018132287, "device_end": 2167493.02114532}, "cmdq": 1, "read": {"device_start": -1, "device_end": -1}}, "coalesced_transpose30": {"write": {"device_start": -1, "host_queued_start": 1585499718.815012, "device_queued": -1, "device_end": -1, "host_queued_end": 1585499718.825502}, "device": "cpu", "nd_range": {"device_start": 2167493.026493967, "device_end": 2167493.026546657}, "cmdq": 3, "read": {"device_start": -1, "device_end": -1}}, "FFC_sans_bias69": {"write": {"device_start": -1, "host_queued_start": 1585499718.799424, "device_queued": -1, "device_end": -1, "host_queued_end": 1585499718.799999}, "device": "gpu", "nd_range": {"device_start": 1585499655.894885, "device_end": 1585499655.8949926}, "cmdq": 1, "read": {"device_start": -1, "device_end": -1}}, "FFC_sans_bias38": {"write": {"device_start": -1, "host_queued_start": 1585499718.810778, "device_queued": -1, "device_end": -1, "host_queued_end": 1585499718.825502}, "device": "cpu", "nd_range": {"device_start": 2167493.0233718553, "device_end": 2167493.0252921293}, "cmdq": 1, "read": {"device_start": -1, "device_end": -1}}, "coalesced_transpose57": {"write": {"device_start": -1, "host_queued_start": 1585499718.815905, "device_queued": -1, "device_end": -1, "host_queued_end": 1585499718.825502}, "device": "cpu", "nd_range": {"device_start": 2167493.026766083, "device_end": 2167493.026933581}, "cmdq": 2, "read": {"device_start": -1, "device_end": -1}}, "empty26": {"write": {"device_start": -1, "host_queued_start": 1585499718.801616, "device_queued": -1, "device_end": -1, "host_queued_end": 1585499718.825502}, "device": "cpu", "nd_range": {"device_start": 2167493.015338216, "device_end": 2167493.0153416554}, "cmdq": 2, "read": {"device_start": -1, "device_end": -1}}, "coalesced_transpose12": {"write": {"device_start": -1, "host_queued_start": 1585499718.814394, "device_queued": -1, "device_end": -1, "host_queued_end": 1585499718.825502}, "device": "cpu", "nd_range": {"device_start": 2167493.026975776, "device_end": 2167493.027046738}, "cmdq": 1, "read": {"device_start": -1, "device_end": -1}}, "empty44": {"write": {"device_start": -1, "host_queued_start": 1585499718.802403, "device_queued": -1, "device_end": -1, "host_queued_end": 1585499718.825502}, "device": "cpu", "nd_range": {"device_start": 2167493.015128246, "device_end": 2167493.0151295043}, "cmdq": 0, "read": {"device_start": -1, "device_end": -1}}, "coalesced_transpose21": {"write": {"device_start": -1, "host_queued_start": 1585499718.814705, "device_queued": -1, "device_end": -1, "host_queued_end": 1585499718.825502}, "device": "cpu", "nd_range": {"device_start": 2167493.02631967, "device_end": 2167493.02646894}, "cmdq": 2, "read": {"device_start": -1, "device_end": -1}}, "FFC_sans_bias36": {"write": {"device_start": -1, "host_queued_start": 1585499718.809718, "device_queued": -1, "device_end": -1, "host_queued_end": 1585499718.825502}, "device": "cpu", "nd_range": {"device_start": 2167493.0209973883, "device_end": 2167493.02292991}, "cmdq": 3, "read": {"device_start": -1, "device_end": -1}}, "softmax14": {"write": {"device_start": -1, "host_queued_start": 1585499718.818719, "device_queued": -1, "device_end": -1, "host_queued_end": 1585499718.825502}, "device": "cpu", "nd_range": {"device_start": 2167493.029825768, "device_end": 2167493.0298726503}, "cmdq": 3, "read": {"device_start": -1, "device_end": -1}}, "FFC_sans_bias13": {"write": {"device_start": -1, "host_queued_start": 1585499718.816619, "device_queued": -1, "device_end": -1, "host_queued_end": 1585499718.825502}, "device": "cpu", "nd_range": {"device_start": 2167493.027304308, "device_end": 2167493.0286351913}, "cmdq": 0, "read": {"device_start": -1, "device_end": -1}}, "empty8": {"write": {"device_start": -1, "host_queued_start": 1585499718.800707, "device_queued": -1, "device_end": -1, "host_queued_end": 1585499718.825502}, "device": "cpu", "nd_range": {"device_start": 2167493.015096093, "device_end": 2167493.015108258}, "cmdq": 0, "read": {"device_start": -1, "device_end": -1}}, "FFC_sans_bias42": {"write": {"device_start": -1, "host_queued_start": 1585499718.821599, "device_queued": -1, "device_end": -1, "host_queued_end": 1585499718.825502}, "device": "cpu", "nd_range": {"device_start": 2167493.033769987, "device_end": 2167493.035857737}, "cmdq": 1, "read": {"device_start": -1, "device_end": -1}}, "FFC_sans_bias43": {"write": {"device_start": -1, "host_queued_start": 1585499718.824559, "device_queued": -1, "device_end": -1, "host_queued_end": 1585499718.825502}, "device": "cpu", "nd_range": {"device_start": 2167493.0375433923, "device_end": 2167493.039474526}, "cmdq": 0, "read": {"device_start": -1, "device_end": -1}}, "FFC_sans_bias40": {"write": {"device_start": -1, "host_queued_start": 1585499718.817559, "device_queued": -1, "device_end": -1, "host_queued_end": 1585499718.825502}, "device": "cpu", "nd_range": {"device_start": 2167493.028621055, "device_end": 2167493.029714759}, "cmdq": 3, "read": {"device_start": -1, "device_end": -1}}, "softmax32": {"write": {"device_start": -1, "host_queued_start": 1585499718.819225, "device_queued": -1, "device_end": -1, "host_queued_end": 1585499718.825502}, "device": "cpu", "nd_range": {"device_start": 2167493.031682081, "device_end": 2167493.031728504}, "cmdq": 1, "read": {"device_start": -1, "device_end": -1}}, "FFC_sans_bias47": {"write": {"device_start": -1, "host_queued_start": 1585499718.812289, "device_queued": -1, "device_end": -1, "host_queued_end": 1585499718.825502}, "device": "cpu", "nd_range": {"device_start": 2167493.023433382, "device_end": 2167493.025365244}, "cmdq": 0, "read": {"device_start": -1, "device_end": -1}}, "FFC_sans_bias45": {"write": {"device_start": -1, "host_queued_start": 1585499718.81128, "device_queued": -1, "device_end": -1, "host_queued_end": 1585499718.825502}, "device": "cpu", "nd_range": {"device_start": 2167493.0222244733, "device_end": 2167493.024164591}, "cmdq": 2, "read": {"device_start": -1, "device_end": -1}}, "softmax50": {"write": {"device_start": -1, "host_queued_start": 1585499718.819771, "device_queued": -1, "device_end": -1, "host_queued_end": 1585499718.825502}, "device": "cpu", "nd_range": {"device_start": 2167493.031891989, "device_end": 2167493.031953615}, "cmdq": 3, "read": {"device_start": -1, "device_end": -1}}, "FFC_sans_bias33": {"write": {"device_start": -1, "host_queued_start": 1585499718.821296, "device_queued": -1, "device_end": -1, "host_queued_end": 1585499718.825502}, "device": "cpu", "nd_range": {"device_start": 2167493.033678921, "device_end": 2167493.035629909}, "cmdq": 0, "read": {"device_start": -1, "device_end": -1}}, "FFC_sans_bias63": {"write": {"device_start": 1585499655.8944962, "host_queued_start": 1585499718.798311, "device_queued": 1585499655.8944778, "device_end": 1585499655.8945045, "host_queued_end": 1585499718.799999}, "device": "gpu", "nd_range": {"device_start": 1585499655.8945057, "device_end": 1585499655.894673}, "cmdq": 0, "read": {"device_start": -1, "device_end": -1}}, "FFC_sans_bias49": {"write": {"device_start": -1, "host_queued_start": 1585499718.817873, "device_queued": -1, "device_end": -1, "host_queued_end": 1585499718.825502}, "device": "cpu", "nd_range": {"device_start": 2167493.029500912, "device_end": 2167493.0314303953}, "cmdq": 0, "read": {"device_start": -1, "device_end": -1}}, "FFC_sans_bias64": {"write": {"device_start": 1585499655.8944292, "host_queued_start": 1585499718.79723, "device_queued": 1585499655.8944113, "device_end": 1585499655.894438, "host_queued_end": 1585499718.799999}, "device": "gpu", "nd_range": {"device_start": 1585499655.89446, "device_end": 1585499655.8945699}, "cmdq": 1, "read": {"device_start": -1, "device_end": -1}}, "FFC_sans_bias65": {"write": {"device_start": 1585499655.894449, "host_queued_start": 1585499718.797787, "device_queued": 1585499655.8944309, "device_end": 1585499655.8944578, "host_queued_end": 1585499718.799999}, "device": "gpu", "nd_range": {"device_start": 1585499655.894472, "device_end": 1585499655.8946633}, "cmdq": 2, "read": {"device_start": -1, "device_end": -1}}, "FFC_sans_bias67": {"write": {"device_start": -1, "host_queued_start": 1585499718.798911, "device_queued": -1, "device_end": -1, "host_queued_end": 1585499718.799999}, "device": "gpu", "nd_range": {"device_start": 1585499655.8946843, "device_end": 1585499655.894794}, "cmdq": 2, "read": {"device_start": -1, "device_end": -1}}, "FFC_sans_bias24": {"write": {"device_start": -1, "host_queued_start": 1585499718.820977, "device_queued": -1, "device_end": -1, "host_queued_end": 1585499718.825502}, "device": "cpu", "nd_range": {"device_start": 2167493.0338872513, "device_end": 2167493.035815292}, "cmdq": 3, "read": {"device_start": -1, "device_end": -1}}, "FFC_sans_bias25": {"write": {"device_start": -1, "host_queued_start": 1585499718.82366, "device_queued": -1, "device_end": -1, "host_queued_end": 1585499718.825502}, "device": "cpu", "nd_range": {"device_start": 2167493.037619279, "device_end": 2167493.039549169}, "cmdq": 2, "read": {"device_start": -1, "device_end": -1}}, "FFC_sans_bias27": {"write": {"device_start": -1, "host_queued_start": 1585499718.808205, "device_queued": -1, "device_end": -1, "host_queued_end": 1585499718.825502}, "device": "cpu", "nd_range": {"device_start": 2167493.019448013, "device_end": 2167493.0213867933}, "cmdq": 0, "read": {"device_start": -1, "device_end": -1}}, "FFC_sans_bias20": {"write": {"device_start": -1, "host_queued_start": 1585499718.807706, "device_queued": -1, "device_end": -1, "host_queued_end": 1585499718.825502}, "device": "cpu", "nd_range": {"device_start": 2167493.019052634, "device_end": 2167493.020991117}, "cmdq": 3, "read": {"device_start": -1, "device_end": -1}}, "FFC_sans_bias22": {"write": {"device_start": -1, "host_queued_start": 1585499718.816939, "device_queued": -1, "device_end": -1, "host_queued_end": 1585499718.825502}, "device": "cpu", "nd_range": {"device_start": 2167493.0274071502, "device_end": 2167493.029820933}, "cmdq": 1, "read": {"device_start": -1, "device_end": -1}}, "softmax68": {"write": {"device_start": -1, "host_queued_start": 1585499718.799141, "device_queued": -1, "device_end": -1, "host_queued_end": 1585499718.799999}, "device": "gpu", "nd_range": {"device_start": 1585499655.8948054, "device_end": 1585499655.8948803}, "cmdq": 0, "read": {"device_start": -1, "device_end": -1}}, "softmax5": {"write": {"device_start": -1, "host_queued_start": 1585499718.818445, "device_queued": -1, "device_end": -1, "host_queued_end": 1585499718.825502}, "device": "cpu", "nd_range": {"device_start": 2167493.0289982352, "device_end": 2167493.0290554613}, "cmdq": 2, "read": {"device_start": -1, "device_end": -1}}, "FFC_sans_bias28": {"write": {"device_start": -1, "host_queued_start": 1585499718.808712, "device_queued": -1, "device_end": -1, "host_queued_end": 1585499718.825502}, "device": "cpu", "nd_range": {"device_start": 2167493.0212493814, "device_end": 2167493.023266225}, "cmdq": 1, "read": {"device_start": -1, "device_end": -1}}, "FFC_sans_bias29": {"write": {"device_start": -1, "host_queued_start": 1585499718.809221, "device_queued": -1, "device_end": -1, "host_queued_end": 1585499718.825502}, "device": "cpu", "nd_range": {"device_start": 2167493.019974218, "device_end": 2167493.022114105}, "cmdq": 2, "read": {"device_start": -1, "device_end": -1}}, "empty17": {"write": {"device_start": -1, "host_queued_start": 1585499718.801176, "device_queued": -1, "device_end": -1, "host_queued_end": 1585499718.825502}, "device": "cpu", "nd_range": {"device_start": 2167493.015100101, "device_end": 2167493.0151082603}, "cmdq": 1, "read": {"device_start": -1, "device_end": -1}}, "softmax59": {"write": {"device_start": -1, "host_queued_start": 1585499718.820019, "device_queued": -1, "device_end": -1, "host_queued_end": 1585499718.825502}, "device": "cpu", "nd_range": {"device_start": 2167493.03362859, "device_end": 2167493.033673225}, "cmdq": 0, "read": {"device_start": -1, "device_end": -1}}, "empty71": {"write": {"device_start": 1585499655.894385, "host_queued_start": 1585499718.796486, "device_queued": 1585499655.8943613, "device_end": 1585499655.8943937, "host_queued_end": 1585499718.799999}, "device": "gpu", "nd_range": {"device_start": 1585499655.894396, "device_end": 1585499655.8944075}, "cmdq": 0, "read": {"device_start": -1, "device_end": -1}}, "empty35": {"write": {"device_start": -1, "host_queued_start": 1585499718.802008, "device_queued": -1, "device_end": -1, "host_queued_end": 1585499718.825502}, "device": "cpu", "nd_range": {"device_start": 2167493.0151386643, "device_end": 2167493.015143589}, "cmdq": 3, "read": {"device_start": -1, "device_end": -1}}, "empty53": {"write": {"device_start": -1, "host_queued_start": 1585499718.802799, "device_queued": -1, "device_end": -1, "host_queued_end": 1585499718.825502}, "device": "cpu", "nd_range": {"device_start": 2167493.015127432, "device_end": 2167493.015128559}, "cmdq": 1, "read": {"device_start": -1, "device_end": -1}}, "FFC_sans_bias46": {"write": {"device_start": -1, "host_queued_start": 1585499718.811782, "device_queued": -1, "device_end": -1, "host_queued_end": 1585499718.825502}, "device": "cpu", "nd_range": {"device_start": 2167493.022935688, "device_end": 2167493.0248650042}, "cmdq": 3, "read": {"device_start": -1, "device_end": -1}}, "coalesced_transpose66": {"write": {"device_start": -1, "host_queued_start": 1585499718.798626, "device_queued": -1, "device_end": -1, "host_queued_end": 1585499718.799999}, "device": "gpu", "nd_range": {"device_start": 1585499655.894571, "device_end": 1585499655.8946102}, "cmdq": 1, "read": {"device_start": -1, "device_end": -1}}, "coalesced_transpose48": {"write": {"device_start": -1, "host_queued_start": 1585499718.815605, "device_queued": -1, "device_end": -1, "host_queued_end": 1585499718.825502}, "device": "cpu", "nd_range": {"device_start": 2167493.0272518913, "device_end": 2167493.027305135}, "cmdq": 1, "read": {"device_start": -1, "device_end": -1}}}