{"FFC_sans_bias60": {"write": {"device_start": -1, "host_queued_start": 1585499791.125988, "device_queued": -1, "device_end": -1, "host_queued_end": 1585499791.129434}, "device": "gpu", "nd_range": {"device_start": 1585499728.2237341, "device_end": 1585499728.2240052}, "cmdq": 2, "read": {"device_start": -1, "device_end": -1}}, "FFC_sans_bias4": {"write": {"device_start": -1, "host_queued_start": 1585499791.13497, "device_queued": -1, "device_end": -1, "host_queued_end": 1585499791.137514}, "device": "cpu", "nd_range": {"device_start": 2167565.332048514, "device_end": 2167565.33313895}, "cmdq": 1, "read": {"device_start": -1, "device_end": -1}}, "FFC_sans_bias7": {"write": {"device_start": -1, "host_queued_start": 1585499791.136999, "device_queued": -1, "device_end": -1, "host_queued_end": 1585499791.137514}, "device": "cpu", "nd_range": {"device_start": 2167565.3354624123, "device_end": 2167565.33633484}, "cmdq": 1, "read": {"device_start": -1, "device_end": -1}}, "FFC_sans_bias6": {"write": {"device_start": -1, "host_queued_start": 1585499791.136149, "device_queued": -1, "device_end": -1, "host_queued_end": 1585499791.137514}, "device": "cpu", "nd_range": {"device_start": 2167565.334754749, "device_end": 2167565.335457349}, "cmdq": 2, "read": {"device_start": -1, "device_end": -1}}, "FFC_sans_bias1": {"write": {"device_start": -1, "host_queued_start": 1585499791.131771, "device_queued": -1, "device_end": -1, "host_queued_end": 1585499791.137514}, "device": "cpu", "nd_range": {"device_start": 2167565.327114039, "device_end": 2167565.3292341214}, "cmdq": 0, "read": {"device_start": -1, "device_end": -1}}, "FFC_sans_bias0": {"write": {"device_start": -1, "host_queued_start": 1585499791.131217, "device_queued": -1, "device_end": -1, "host_queued_end": 1585499791.137514}, "device": "cpu", "nd_range": {"device_start": 2167565.327115835, "device_end": 2167565.330867962}, "cmdq": 2, "read": {"device_start": -1, "device_end": -1}}, "FFC_sans_bias2": {"write": {"device_start": -1, "host_queued_start": 1585499791.132374, "device_queued": -1, "device_end": -1, "host_queued_end": 1585499791.137514}, "device": "cpu", "nd_range": {"device_start": 2167565.327111295, "device_end": 2167565.3288703053}, "cmdq": 1, "read": {"device_start": -1, "device_end": -1}}, "FFC_sans_bias61": {"write": {"device_start": 1585499728.2242193, "host_queued_start": 1585499791.128767, "device_queued": 1585499728.2236457, "device_end": 1585499728.2242324, "host_queued_end": 1585499791.129434}, "device": "gpu", "nd_range": {"device_start": 1585499728.2242355, "device_end": 1585499728.2243474}, "cmdq": 0, "read": {"device_start": 1585499728.2243528, "device_end": 1585499728.22436}}, "FFC_sans_bias52": {"write": {"device_start": 1585499728.2240334, "host_queued_start": 1585499791.128274, "device_queued": 1585499728.2234988, "device_end": 1585499728.224042, "host_queued_end": 1585499791.129434}, "device": "gpu", "nd_range": {"device_start": 1585499728.2240436, "device_end": 1585499728.2242815}, "cmdq": 3, "read": {"device_start": 1585499728.22429, "device_end": 1585499728.2243037}}, "FFC_sans_bias9": {"write": {"device_start": -1, "host_queued_start": 1585499791.133048, "device_queued": -1, "device_end": -1, "host_queued_end": 1585499791.137514}, "device": "cpu", "nd_range": {"device_start": 2167565.3308901913, "device_end": 2167565.331686283}, "cmdq": 2, "read": {"device_start": -1, "device_end": -1}}, "coalesced_transpose39": {"write": {"device_start": -1, "host_queued_start": 1585499791.120664, "device_queued": -1, "device_end": -1, "host_queued_end": 1585499791.129434}, "device": "gpu", "nd_range": {"device_start": 1585499728.223099, "device_end": 1585499728.2231088}, "cmdq": 2, "read": {"device_start": -1, "device_end": -1}}, "FFC_sans_bias55": {"write": {"device_start": 1585499728.2227201, "host_queued_start": 1585499791.118312, "device_queued": 1585499728.2226846, "device_end": 1585499728.2227287, "host_queued_end": 1585499791.129434}, "device": "gpu", "nd_range": {"device_start": 1585499728.2227304, "device_end": 1585499728.2229488}, "cmdq": 0, "read": {"device_start": -1, "device_end": -1}}, "FFC_sans_bias54": {"write": {"device_start": 1585499728.222651, "host_queued_start": 1585499791.117821, "device_queued": 1585499728.2225106, "device_end": 1585499728.2226596, "host_queued_end": 1585499791.129434}, "device": "gpu", "nd_range": {"device_start": 1585499728.22268, "device_end": 1585499728.2229166}, "cmdq": 3, "read": {"device_start": -1, "device_end": -1}}, "FFC_sans_bias56": {"write": {"device_start": 1585499728.2226095, "host_queued_start": 1585499791.117335, "device_queued": 1585499728.222489, "device_end": 1585499728.2226179, "host_queued_end": 1585499791.129434}, "device": "gpu", "nd_range": {"device_start": 1585499728.2226672, "device_end": 1585499728.2228293}, "cmdq": 2, "read": {"device_start": -1, "device_end": -1}}, "FFC_sans_bias51": {"write": {"device_start": -1, "host_queued_start": 1585499791.125714, "device_queued": -1, "device_end": -1, "host_queued_end": 1585499791.129434}, "device": "gpu", "nd_range": {"device_start": 1585499728.2236662, "device_end": 1585499728.2239316}, "cmdq": 1, "read": {"device_start": -1, "device_end": -1}}, "softmax23": {"write": {"device_start": -1, "host_queued_start": 1585499791.123473, "device_queued": -1, "device_end": -1, "host_queued_end": 1585499791.129434}, "device": "gpu", "nd_range": {"device_start": 1585499728.2233415, "device_end": 1585499728.2235508}, "cmdq": 0, "read": {"device_start": -1, "device_end": -1}}, "FFC_sans_bias37": {"write": {"device_start": 1585499728.2223155, "host_queued_start": 1585499791.114888, "device_queued": 1585499728.2222922, "device_end": 1585499728.2223263, "host_queued_end": 1585499791.129434}, "device": "gpu", "nd_range": {"device_start": 1585499728.2223856, "device_end": 1585499728.222531}, "cmdq": 1, "read": {"device_start": -1, "device_end": -1}}, "empty62": {"write": {"device_start": 1585499728.221787, "host_queued_start": 1585499791.110338, "device_queued": 1585499728.2217638, "device_end": 1585499728.2217953, "host_queued_end": 1585499791.129434}, "device": "gpu", "nd_range": {"device_start": 1585499728.2217968, "device_end": 1585499728.2218008}, "cmdq": 0, "read": {"device_start": -1, "device_end": -1}}, "FFC_sans_bias70": {"write": {"device_start": 1585499728.22424, "host_queued_start": 1585499791.129333, "device_queued": 1585499728.2237, "device_end": 1585499728.2242486, "host_queued_end": 1585499791.129434}, "device": "gpu", "nd_range": {"device_start": 1585499728.224251, "device_end": 1585499728.2243946}, "cmdq": 1, "read": {"device_start": 1585499728.2244048, "device_end": 1585499728.224419}}, "FFC_sans_bias58": {"write": {"device_start": -1, "host_queued_start": 1585499791.122944, "device_queued": -1, "device_end": -1, "host_queued_end": 1585499791.129434}, "device": "gpu", "nd_range": {"device_start": 1585499728.2233367, "device_end": 1585499728.223529}, "cmdq": 2, "read": {"device_start": -1, "device_end": -1}}, "softmax41": {"write": {"device_start": -1, "host_queued_start": 1585499791.123909, "device_queued": -1, "device_end": -1, "host_queued_end": 1585499791.129434}, "device": "gpu", "nd_range": {"device_start": 1585499728.223533, "device_end": 1585499728.22361}, "cmdq": 2, "read": {"device_start": -1, "device_end": -1}}, "FFC_sans_bias11": {"write": {"device_start": -1, "host_queued_start": 1585499791.134043, "device_queued": -1, "device_end": -1, "host_queued_end": 1585499791.137514}, "device": "cpu", "nd_range": {"device_start": 2167565.328876303, "device_end": 2167565.330338647}, "cmdq": 1, "read": {"device_start": -1, "device_end": -1}}, "FFC_sans_bias10": {"write": {"device_start": -1, "host_queued_start": 1585499791.133538, "device_queued": -1, "device_end": -1, "host_queued_end": 1585499791.137514}, "device": "cpu", "nd_range": {"device_start": 2167565.329242866, "device_end": 2167565.330598207}, "cmdq": 0, "read": {"device_start": -1, "device_end": -1}}, "coalesced_transpose3": {"write": {"device_start": -1, "host_queued_start": 1585499791.134343, "device_queued": -1, "device_end": -1, "host_queued_end": 1585499791.137514}, "device": "cpu", "nd_range": {"device_start": 2167565.33169185, "device_end": 2167565.332033224}, "cmdq": 2, "read": {"device_start": -1, "device_end": -1}}, "FFC_sans_bias34": {"write": {"device_start": 1585499728.2239335, "host_queued_start": 1585499791.127288, "device_queued": 1585499728.22344, "device_end": 1585499728.2239423, "host_queued_end": 1585499791.129434}, "device": "gpu", "nd_range": {"device_start": 1585499728.2239437, "device_end": 1585499728.2241426}, "cmdq": 1, "read": {"device_start": 1585499728.2241468, "device_end": 1585499728.224157}}, "FFC_sans_bias15": {"write": {"device_start": -1, "host_queued_start": 1585499791.136484, "device_queued": -1, "device_end": -1, "host_queued_end": 1585499791.137514}, "device": "cpu", "nd_range": {"device_start": 2167565.334117657, "device_end": 2167565.3355472833}, "cmdq": 0, "read": {"device_start": -1, "device_end": -1}}, "FFC_sans_bias31": {"write": {"device_start": -1, "host_queued_start": 1585499791.122028, "device_queued": -1, "device_end": -1, "host_queued_end": 1585499791.129434}, "device": "gpu", "nd_range": {"device_start": 1585499728.2231455, "device_end": 1585499728.2233481}, "cmdq": 3, "read": {"device_start": -1, "device_end": -1}}, "FFC_sans_bias16": {"write": {"device_start": -1, "host_queued_start": 1585499791.13747, "device_queued": -1, "device_end": -1, "host_queued_end": 1585499791.137514}, "device": "cpu", "nd_range": {"device_start": 2167565.335552664, "device_end": 2167565.336646684}, "cmdq": 2, "read": {"device_start": -1, "device_end": -1}}, "FFC_sans_bias19": {"write": {"device_start": 1585499728.2218833, "host_queued_start": 1585499791.111764, "device_queued": 1585499728.2218583, "device_end": 1585499728.2218919, "host_queued_end": 1585499791.129434}, "device": "gpu", "nd_range": {"device_start": 1585499728.2219183, "device_end": 1585499728.2220964}, "cmdq": 3, "read": {"device_start": -1, "device_end": -1}}, "FFC_sans_bias18": {"write": {"device_start": 1585499728.221856, "host_queued_start": 1585499791.111268, "device_queued": 1585499728.2218306, "device_end": 1585499728.2218666, "host_queued_end": 1585499791.129434}, "device": "gpu", "nd_range": {"device_start": 1585499728.2219064, "device_end": 1585499728.2220228}, "cmdq": 2, "read": {"device_start": -1, "device_end": -1}}, "coalesced_transpose30": {"write": {"device_start": -1, "host_queued_start": 1585499791.120391, "device_queued": -1, "device_end": -1, "host_queued_end": 1585499791.129434}, "device": "gpu", "nd_range": {"device_start": 1585499728.223023, "device_end": 1585499728.2230842}, "cmdq": 1, "read": {"device_start": -1, "device_end": -1}}, "FFC_sans_bias69": {"write": {"device_start": -1, "host_queued_start": 1585499791.126276, "device_queued": -1, "device_end": -1, "host_queued_end": 1585499791.129434}, "device": "gpu", "nd_range": {"device_start": 1585499728.2238312, "device_end": 1585499728.22403}, "cmdq": 3, "read": {"device_start": -1, "device_end": -1}}, "FFC_sans_bias38": {"write": {"device_start": 1585499728.2223392, "host_queued_start": 1585499791.115377, "device_queued": 1585499728.2223146, "device_end": 1585499728.2223485, "host_queued_end": 1585499791.129434}, "device": "gpu", "nd_range": {"device_start": 1585499728.2224061, "device_end": 1585499728.2226071}, "cmdq": 2, "read": {"device_start": -1, "device_end": -1}}, "coalesced_transpose57": {"write": {"device_start": -1, "host_queued_start": 1585499791.12119, "device_queued": -1, "device_end": -1, "host_queued_end": 1585499791.129434}, "device": "gpu", "nd_range": {"device_start": 1585499728.2230673, "device_end": 1585499728.2230887}, "cmdq": 0, "read": {"device_start": -1, "device_end": -1}}, "empty26": {"write": {"device_start": 1585499728.221603, "host_queued_start": 1585499791.10853, "device_queued": 1585499728.2215686, "device_end": 1585499728.221612, "host_queued_end": 1585499791.129434}, "device": "gpu", "nd_range": {"device_start": 1585499728.2216275, "device_end": 1585499728.2216413}, "cmdq": 0, "read": {"device_start": -1, "device_end": -1}}, "coalesced_transpose12": {"write": {"device_start": -1, "host_queued_start": 1585499791.134666, "device_queued": -1, "device_end": -1, "host_queued_end": 1585499791.137514}, "device": "cpu", "nd_range": {"device_start": 2167565.330602218, "device_end": 2167565.330641718}, "cmdq": 0, "read": {"device_start": -1, "device_end": -1}}, "empty44": {"write": {"device_start": 1585499728.2217016, "host_queued_start": 1585499791.109518, "device_queued": 1585499728.221677, "device_end": 1585499728.2217104, "host_queued_end": 1585499791.129434}, "device": "gpu", "nd_range": {"device_start": 1585499728.2217474, "device_end": 1585499728.2217507}, "cmdq": 2, "read": {"device_start": -1, "device_end": -1}}, "coalesced_transpose21": {"write": {"device_start": -1, "host_queued_start": 1585499791.120129, "device_queued": -1, "device_end": -1, "host_queued_end": 1585499791.129434}, "device": "gpu", "nd_range": {"device_start": 1585499728.2229497, "device_end": 1585499728.2230659}, "cmdq": 0, "read": {"device_start": -1, "device_end": -1}}, "FFC_sans_bias36": {"write": {"device_start": 1585499728.2222695, "host_queued_start": 1585499791.114375, "device_queued": 1585499728.2222483, "device_end": 1585499728.2222784, "host_queued_end": 1585499791.129434}, "device": "gpu", "nd_range": {"device_start": 1585499728.2222872, "device_end": 1585499728.222454}, "cmdq": 0, "read": {"device_start": -1, "device_end": -1}}, "softmax14": {"write": {"device_start": -1, "host_queued_start": 1585499791.135818, "device_queued": -1, "device_end": -1, "host_queued_end": 1585499791.137514}, "device": "cpu", "nd_range": {"device_start": 2167565.334078702, "device_end": 2167565.334112177}, "cmdq": 1, "read": {"device_start": -1, "device_end": -1}}, "FFC_sans_bias13": {"write": {"device_start": -1, "host_queued_start": 1585499791.135312, "device_queued": -1, "device_end": -1, "host_queued_end": 1585499791.137514}, "device": "cpu", "nd_range": {"device_start": 2167565.333264658, "device_end": 2167565.334061507}, "cmdq": 2, "read": {"device_start": -1, "device_end": -1}}, "empty8": {"write": {"device_start": -1, "host_queued_start": 1585499791.130164, "device_queued": -1, "device_end": -1, "host_queued_end": 1585499791.137514}, "device": "cpu", "nd_range": {"device_start": 2167565.3270892813, "device_end": 2167565.327095035}, "cmdq": 0, "read": {"device_start": -1, "device_end": -1}}, "FFC_sans_bias42": {"write": {"device_start": -1, "host_queued_start": 1585499791.125416, "device_queued": -1, "device_end": -1, "host_queued_end": 1585499791.129434}, "device": "gpu", "nd_range": {"device_start": 1585499728.2236555, "device_end": 1585499728.2238355}, "cmdq": 0, "read": {"device_start": -1, "device_end": -1}}, "FFC_sans_bias43": {"write": {"device_start": 1585499728.2240062, "host_queued_start": 1585499791.127784, "device_queued": 1585499728.2234726, "device_end": 1585499728.224015, "host_queued_end": 1585499791.129434}, "device": "gpu", "nd_range": {"device_start": 1585499728.2240171, "device_end": 1585499728.2242537}, "cmdq": 2, "read": {"device_start": 1585499728.22427, "device_end": 1585499728.224277}}, "FFC_sans_bias40": {"write": {"device_start": -1, "host_queued_start": 1585499791.122333, "device_queued": -1, "device_end": -1, "host_queued_end": 1585499791.129434}, "device": "gpu", "nd_range": {"device_start": 1585499728.2231362, "device_end": 1585499728.223245}, "cmdq": 0, "read": {"device_start": -1, "device_end": -1}}, "softmax32": {"write": {"device_start": -1, "host_queued_start": 1585499791.123688, "device_queued": -1, "device_end": -1, "host_queued_end": 1585499791.129434}, "device": "gpu", "nd_range": {"device_start": 1585499728.2234442, "device_end": 1585499728.2235198}, "cmdq": 1, "read": {"device_start": -1, "device_end": -1}}, "FFC_sans_bias47": {"write": {"device_start": 1585499728.2225332, "host_queued_start": 1585499791.116847, "device_queued": 1585499728.2224662, "device_end": 1585499728.2225418, "host_queued_end": 1585499791.129434}, "device": "gpu", "nd_range": {"device_start": 1585499728.222543, "device_end": 1585499728.2228}, "cmdq": 1, "read": {"device_start": -1, "device_end": -1}}, "FFC_sans_bias45": {"write": {"device_start": 1585499728.2224312, "host_queued_start": 1585499791.115865, "device_queued": 1585499728.2223423, "device_end": 1585499728.2224398, "host_queued_end": 1585499791.129434}, "device": "gpu", "nd_range": {"device_start": 1585499728.222441, "device_end": 1585499728.2226481}, "cmdq": 3, "read": {"device_start": -1, "device_end": -1}}, "softmax50": {"write": {"device_start": -1, "host_queued_start": 1585499791.124135, "device_queued": -1, "device_end": -1, "host_queued_end": 1585499791.129434}, "device": "gpu", "nd_range": {"device_start": 1585499728.223547, "device_end": 1585499728.223624}, "cmdq": 3, "read": {"device_start": -1, "device_end": -1}}, "FFC_sans_bias33": {"write": {"device_start": -1, "host_queued_start": 1585499791.125131, "device_queued": -1, "device_end": -1, "host_queued_end": 1585499791.129434}, "device": "gpu", "nd_range": {"device_start": 1585499728.2236278, "device_end": 1585499728.2238235}, "cmdq": 3, "read": {"device_start": -1, "device_end": -1}}, "FFC_sans_bias63": {"write": {"device_start": 1585499728.222919, "host_queued_start": 1585499791.119831, "device_queued": 1585499728.2227674, "device_end": 1585499728.2229278, "host_queued_end": 1585499791.129434}, "device": "gpu", "nd_range": {"device_start": 1585499728.2229352, "device_end": 1585499728.2231326}, "cmdq": 3, "read": {"device_start": -1, "device_end": -1}}, "FFC_sans_bias49": {"write": {"device_start": -1, "host_queued_start": 1585499791.122656, "device_queued": -1, "device_end": -1, "host_queued_end": 1585499791.129434}, "device": "gpu", "nd_range": {"device_start": 1585499728.2231488, "device_end": 1585499728.223443}, "cmdq": 1, "read": {"device_start": -1, "device_end": -1}}, "FFC_sans_bias64": {"write": {"device_start": 1585499728.222802, "host_queued_start": 1585499791.118843, "device_queued": 1585499728.2227237, "device_end": 1585499728.2228105, "host_queued_end": 1585499791.129434}, "device": "gpu", "nd_range": {"device_start": 1585499728.2228117, "device_end": 1585499728.223022}, "cmdq": 1, "read": {"device_start": -1, "device_end": -1}}, "FFC_sans_bias65": {"write": {"device_start": 1585499728.2228317, "host_queued_start": 1585499791.11934, "device_queued": 1585499728.2227461, "device_end": 1585499728.2228403, "host_queued_end": 1585499791.129434}, "device": "gpu", "nd_range": {"device_start": 1585499728.2228415, "device_end": 1585499728.2230978}, "cmdq": 2, "read": {"device_start": -1, "device_end": -1}}, "FFC_sans_bias67": {"write": {"device_start": -1, "host_queued_start": 1585499791.123241, "device_queued": -1, "device_end": -1, "host_queued_end": 1585499791.129434}, "device": "gpu", "nd_range": {"device_start": 1585499728.223349, "device_end": 1585499728.2235367}, "cmdq": 3, "read": {"device_start": -1, "device_end": -1}}, "FFC_sans_bias24": {"write": {"device_start": -1, "host_queued_start": 1585499791.124855, "device_queued": -1, "device_end": -1, "host_queued_end": 1585499791.129434}, "device": "gpu", "nd_range": {"device_start": 1585499728.2236202, "device_end": 1585499728.223732}, "cmdq": 2, "read": {"device_start": -1, "device_end": -1}}, "FFC_sans_bias25": {"write": {"device_start": 1585499728.2238379, "host_queued_start": 1585499791.126782, "device_queued": 1585499728.2233927, "device_end": 1585499728.2238462, "host_queued_end": 1585499791.129434}, "device": "gpu", "nd_range": {"device_start": 1585499728.223848, "device_end": 1585499728.2241104}, "cmdq": 0, "read": {"device_start": 1585499728.2241235, "device_end": 1585499728.2241323}}, "FFC_sans_bias27": {"write": {"device_start": 1585499728.222012, "host_queued_start": 1585499791.112888, "device_queued": 1585499728.221989, "device_end": 1585499728.2220218, "host_queued_end": 1585499791.129434}, "device": "gpu", "nd_range": {"device_start": 1585499728.2220712, "device_end": 1585499728.222178}, "cmdq": 1, "read": {"device_start": -1, "device_end": -1}}, "FFC_sans_bias20": {"write": {"device_start": 1585499728.2219682, "host_queued_start": 1585499791.112257, "device_queued": 1585499728.2219367, "device_end": 1585499728.2219768, "host_queued_end": 1585499791.129434}, "device": "gpu", "nd_range": {"device_start": 1585499728.221981, "device_end": 1585499728.2221282}, "cmdq": 0, "read": {"device_start": -1, "device_end": -1}}, "FFC_sans_bias22": {"write": {"device_start": -1, "host_queued_start": 1585499791.121751, "device_queued": -1, "device_end": -1, "host_queued_end": 1585499791.129434}, "device": "gpu", "nd_range": {"device_start": 1585499728.2231402, "device_end": 1585499728.2233355}, "cmdq": 2, "read": {"device_start": -1, "device_end": -1}}, "softmax68": {"write": {"device_start": -1, "host_queued_start": 1585499791.124566, "device_queued": -1, "device_end": -1, "host_queued_end": 1585499791.129434}, "device": "gpu", "nd_range": {"device_start": 1585499728.2235613, "device_end": 1585499728.2236626}, "cmdq": 1, "read": {"device_start": -1, "device_end": -1}}, "softmax5": {"write": {"device_start": -1, "host_queued_start": 1585499791.135573, "device_queued": -1, "device_end": -1, "host_queued_end": 1585499791.137514}, "device": "cpu", "nd_range": {"device_start": 2167565.3331445013, "device_end": 2167565.3331910553}, "cmdq": 0, "read": {"device_start": -1, "device_end": -1}}, "FFC_sans_bias28": {"write": {"device_start": 1585499728.222037, "host_queued_start": 1585499791.113385, "device_queued": 1585499728.2220123, "device_end": 1585499728.2220461, "host_queued_end": 1585499791.129434}, "device": "gpu", "nd_range": {"device_start": 1585499728.2222278, "device_end": 1585499728.2223368}, "cmdq": 2, "read": {"device_start": -1, "device_end": -1}}, "FFC_sans_bias29": {"write": {"device_start": 1585499728.2220988, "host_queued_start": 1585499791.11388, "device_queued": 1585499728.2220378, "device_end": 1585499728.2221074, "host_queued_end": 1585499791.129434}, "device": "gpu", "nd_range": {"device_start": 1585499728.2222412, "device_end": 1585499728.2224264}, "cmdq": 3, "read": {"device_start": -1, "device_end": -1}}, "empty17": {"write": {"device_start": -1, "host_queued_start": 1585499791.130677, "device_queued": -1, "device_end": -1, "host_queued_end": 1585499791.137514}, "device": "cpu", "nd_range": {"device_start": 2167565.3270829143, "device_end": 2167565.327095053}, "cmdq": 1, "read": {"device_start": -1, "device_end": -1}}, "softmax59": {"write": {"device_start": -1, "host_queued_start": 1585499791.124348, "device_queued": -1, "device_end": -1, "host_queued_end": 1585499791.129434}, "device": "gpu", "nd_range": {"device_start": 1585499728.2235544, "device_end": 1585499728.22365}, "cmdq": 0, "read": {"device_start": -1, "device_end": -1}}, "empty71": {"write": {"device_start": 1585499728.2218273, "host_queued_start": 1585499791.110751, "device_queued": 1585499728.2218034, "device_end": 1585499728.2218359, "host_queued_end": 1585499791.129434}, "device": "gpu", "nd_range": {"device_start": 1585499728.221894, "device_end": 1585499728.2218976}, "cmdq": 1, "read": {"device_start": -1, "device_end": -1}}, "empty35": {"write": {"device_start": 1585499728.221673, "host_queued_start": 1585499791.109121, "device_queued": 1585499728.221649, "device_end": 1585499728.2216818, "host_queued_end": 1585499791.129434}, "device": "gpu", "nd_range": {"device_start": 1585499728.221739, "device_end": 1585499728.2217426}, "cmdq": 1, "read": {"device_start": -1, "device_end": -1}}, "empty53": {"write": {"device_start": 1585499728.2217286, "host_queued_start": 1585499791.109923, "device_queued": 1585499728.221704, "device_end": 1585499728.2217374, "host_queued_end": 1585499791.129434}, "device": "gpu", "nd_range": {"device_start": 1585499728.221755, "device_end": 1585499728.2217584}, "cmdq": 3, "read": {"device_start": -1, "device_end": -1}}, "FFC_sans_bias46": {"write": {"device_start": 1585499728.2224562, "host_queued_start": 1585499791.116351, "device_queued": 1585499728.2224224, "device_end": 1585499728.222465, "host_queued_end": 1585499791.129434}, "device": "gpu", "nd_range": {"device_start": 1585499728.2224662, "device_end": 1585499728.222718}, "cmdq": 0, "read": {"device_start": -1, "device_end": -1}}, "coalesced_transpose66": {"write": {"device_start": -1, "host_queued_start": 1585499791.121463, "device_queued": -1, "device_end": -1, "host_queued_end": 1585499791.129434}, "device": "gpu", "nd_range": {"device_start": 1585499728.2230852, "device_end": 1585499728.2230957}, "cmdq": 1, "read": {"device_start": -1, "device_end": -1}}, "coalesced_transpose48": {"write": {"device_start": -1, "host_queued_start": 1585499791.120936, "device_queued": -1, "device_end": -1, "host_queued_end": 1585499791.129434}, "device": "gpu", "nd_range": {"device_start": 1585499728.2231336, "device_end": 1585499728.2231429}, "cmdq": 3, "read": {"device_start": -1, "device_end": -1}}}