{"FFC_sans_bias60": {"write": {"device_start": -1, "host_queued_start": 1585499446.081332, "device_queued": -1, "device_end": -1, "host_queued_end": 1585499446.085283}, "device": "gpu", "nd_range": {"device_start": 1585499383.192673, "device_end": 1585499383.1927783}, "cmdq": 0, "read": {"device_start": -1, "device_end": -1}}, "FFC_sans_bias4": {"write": {"device_start": -1, "host_queued_start": 1585499446.088583, "device_queued": -1, "device_end": -1, "host_queued_end": 1585499446.089717}, "device": "cpu", "nd_range": {"device_start": 2167220.2809202783, "device_end": 2167220.281540413}, "cmdq": 1, "read": {"device_start": -1, "device_end": -1}}, "FFC_sans_bias7": {"write": {"device_start": -1, "host_queued_start": 1585499446.08967, "device_queued": -1, "device_end": -1, "host_queued_end": 1585499446.089717}, "device": "cpu", "nd_range": {"device_start": 2167220.2821543673, "device_end": 2167220.2827679403}, "cmdq": 0, "read": {"device_start": -1, "device_end": -1}}, "FFC_sans_bias6": {"write": {"device_start": -1, "host_queued_start": 1585499446.089176, "device_queued": -1, "device_end": -1, "host_queued_end": 1585499446.089717}, "device": "cpu", "nd_range": {"device_start": 2167220.2815867793, "device_end": 2167220.282147405}, "cmdq": 1, "read": {"device_start": -1, "device_end": -1}}, "FFC_sans_bias1": {"write": {"device_start": -1, "host_queued_start": 1585499446.087255, "device_queued": -1, "device_end": -1, "host_queued_end": 1585499446.089717}, "device": "cpu", "nd_range": {"device_start": 2167220.279271603, "device_end": 2167220.2804636913}, "cmdq": 0, "read": {"device_start": -1, "device_end": -1}}, "FFC_sans_bias0": {"write": {"device_start": -1, "host_queued_start": 1585499446.086697, "device_queued": -1, "device_end": -1, "host_queued_end": 1585499446.089717}, "device": "cpu", "nd_range": {"device_start": 2167220.279266655, "device_end": 2167220.280294185}, "cmdq": 1, "read": {"device_start": -1, "device_end": -1}}, "FFC_sans_bias2": {"write": {"device_start": -1, "host_queued_start": 1585499446.087836, "device_queued": -1, "device_end": -1, "host_queued_end": 1585499446.089717}, "device": "cpu", "nd_range": {"device_start": 2167220.28030749, "device_end": 2167220.280916085}, "cmdq": 1, "read": {"device_start": -1, "device_end": -1}}, "FFC_sans_bias61": {"write": {"device_start": 1585499383.1959238, "host_queued_start": 1585499446.084685, "device_queued": 1585499383.1903756, "device_end": 1585499383.1959326, "host_queued_end": 1585499446.085283}, "device": "gpu", "nd_range": {"device_start": 1585499383.1959336, "device_end": 1585499383.1960392}, "cmdq": 0, "read": {"device_start": 1585499383.1960466, "device_end": 1585499383.196053}}, "FFC_sans_bias52": {"write": {"device_start": 1585499383.1957598, "host_queued_start": 1585499446.084187, "device_queued": 1585499383.1903121, "device_end": 1585499383.195768, "host_queued_end": 1585499446.085283}, "device": "gpu", "nd_range": {"device_start": 1585499383.1957698, "device_end": 1585499383.1958733}, "cmdq": 0, "read": {"device_start": 1585499383.1958797, "device_end": 1585499383.1958864}}, "FFC_sans_bias9": {"write": {"device_start": 1585499383.1883047, "host_queued_start": 1585499446.063907, "device_queued": 1585499383.1882823, "device_end": 1585499383.1883135, "host_queued_end": 1585499446.085283}, "device": "gpu", "nd_range": {"device_start": 1585499383.1883152, "device_end": 1585499383.1884239}, "cmdq": 0, "read": {"device_start": -1, "device_end": -1}}, "coalesced_transpose39": {"write": {"device_start": -1, "host_queued_start": 1585499446.075205, "device_queued": -1, "device_end": -1, "host_queued_end": 1585499446.085283}, "device": "gpu", "nd_range": {"device_start": 1585499383.1908398, "device_end": 1585499383.190845}, "cmdq": 0, "read": {"device_start": -1, "device_end": -1}}, "FFC_sans_bias55": {"write": {"device_start": 1585499383.19034, "host_queued_start": 1585499446.072568, "device_queued": 1585499383.1892185, "device_end": 1585499383.1903522, "host_queued_end": 1585499446.085283}, "device": "gpu", "nd_range": {"device_start": 1585499383.1903532, "device_end": 1585499383.19046}, "cmdq": 0, "read": {"device_start": -1, "device_end": -1}}, "FFC_sans_bias54": {"write": {"device_start": 1585499383.190223, "host_queued_start": 1585499446.072077, "device_queued": 1585499383.1891842, "device_end": 1585499383.1902316, "host_queued_end": 1585499446.085283}, "device": "gpu", "nd_range": {"device_start": 1585499383.1902328, "device_end": 1585499383.1903386}, "cmdq": 0, "read": {"device_start": -1, "device_end": -1}}, "FFC_sans_bias56": {"write": {"device_start": 1585499383.190102, "host_queued_start": 1585499446.07159, "device_queued": 1585499383.1891448, "device_end": 1585499383.190111, "host_queued_end": 1585499446.085283}, "device": "gpu", "nd_range": {"device_start": 1585499383.1901119, "device_end": 1585499383.1902213}, "cmdq": 0, "read": {"device_start": -1, "device_end": -1}}, "FFC_sans_bias51": {"write": {"device_start": -1, "host_queued_start": 1585499446.081041, "device_queued": -1, "device_end": -1, "host_queued_end": 1585499446.085283}, "device": "gpu", "nd_range": {"device_start": 1585499383.1925657, "device_end": 1585499383.1926718}, "cmdq": 0, "read": {"device_start": -1, "device_end": -1}}, "softmax23": {"write": {"device_start": -1, "host_queued_start": 1585499446.078467, "device_queued": -1, "device_end": -1, "host_queued_end": 1585499446.085283}, "device": "gpu", "nd_range": {"device_start": 1585499383.1916976, "device_end": 1585499383.1917667}, "cmdq": 0, "read": {"device_start": -1, "device_end": -1}}, "FFC_sans_bias37": {"write": {"device_start": 1585499383.1895106, "host_queued_start": 1585499446.069099, "device_queued": 1585499383.1888387, "device_end": 1585499383.189519, "host_queued_end": 1585499446.085283}, "device": "gpu", "nd_range": {"device_start": 1585499383.1895201, "device_end": 1585499383.1896265}, "cmdq": 0, "read": {"device_start": -1, "device_end": -1}}, "empty62": {"write": {"device_start": 1585499383.1882381, "host_queued_start": 1585499446.063015, "device_queued": 1585499383.1882148, "device_end": 1585499383.188247, "host_queued_end": 1585499446.085283}, "device": "gpu", "nd_range": {"device_start": 1585499383.1882482, "device_end": 1585499383.1882515}, "cmdq": 0, "read": {"device_start": -1, "device_end": -1}}, "FFC_sans_bias70": {"write": {"device_start": 1585499383.1960838, "host_queued_start": 1585499446.085176, "device_queued": 1585499383.190438, "device_end": 1585499383.1960926, "host_queued_end": 1585499446.085283}, "device": "gpu", "nd_range": {"device_start": 1585499383.1960936, "device_end": 1585499383.1961992}, "cmdq": 0, "read": {"device_start": 1585499383.1962047, "device_end": 1585499383.196211}}, "FFC_sans_bias58": {"write": {"device_start": -1, "host_queued_start": 1585499446.077731, "device_queued": -1, "device_end": -1, "host_queued_end": 1585499446.085283}, "device": "gpu", "nd_range": {"device_start": 1585499383.1914046, "device_end": 1585499383.1915114}, "cmdq": 0, "read": {"device_start": -1, "device_end": -1}}, "softmax41": {"write": {"device_start": -1, "host_queued_start": 1585499446.078929, "device_queued": -1, "device_end": -1, "host_queued_end": 1585499446.085283}, "device": "gpu", "nd_range": {"device_start": 1585499383.1918385, "device_end": 1585499383.191912}, "cmdq": 0, "read": {"device_start": -1, "device_end": -1}}, "FFC_sans_bias11": {"write": {"device_start": 1585499383.1885493, "host_queued_start": 1585499446.06491, "device_queued": 1585499383.1883628, "device_end": 1585499383.1885579, "host_queued_end": 1585499446.085283}, "device": "gpu", "nd_range": {"device_start": 1585499383.188559, "device_end": 1585499383.1886656}, "cmdq": 0, "read": {"device_start": -1, "device_end": -1}}, "FFC_sans_bias10": {"write": {"device_start": 1585499383.1884253, "host_queued_start": 1585499446.064406, "device_queued": 1585499383.1883233, "device_end": 1585499383.1884346, "host_queued_end": 1585499446.085283}, "device": "gpu", "nd_range": {"device_start": 1585499383.1884358, "device_end": 1585499383.188548}, "cmdq": 0, "read": {"device_start": -1, "device_end": -1}}, "coalesced_transpose3": {"write": {"device_start": -1, "host_queued_start": 1585499446.088243, "device_queued": -1, "device_end": -1, "host_queued_end": 1585499446.089717}, "device": "cpu", "nd_range": {"device_start": 2167220.280471844, "device_end": 2167220.2805252653}, "cmdq": 0, "read": {"device_start": -1, "device_end": -1}}, "FFC_sans_bias34": {"write": {"device_start": 1585499383.194907, "host_queued_start": 1585499446.083191, "device_queued": 1585499383.1901844, "device_end": 1585499383.194916, "host_queued_end": 1585499446.085283}, "device": "gpu", "nd_range": {"device_start": 1585499383.194917, "device_end": 1585499383.1950214}, "cmdq": 0, "read": {"device_start": 1585499383.19503, "device_end": 1585499383.1950364}}, "FFC_sans_bias15": {"write": {"device_start": -1, "host_queued_start": 1585499446.079895, "device_queued": -1, "device_end": -1, "host_queued_end": 1585499446.085283}, "device": "gpu", "nd_range": {"device_start": 1585499383.1921372, "device_end": 1585499383.1922429}, "cmdq": 0, "read": {"device_start": -1, "device_end": -1}}, "FFC_sans_bias31": {"write": {"device_start": -1, "host_queued_start": 1585499446.076874, "device_queued": -1, "device_end": -1, "host_queued_end": 1585499446.085283}, "device": "gpu", "nd_range": {"device_start": 1585499383.1910841, "device_end": 1585499383.1911898}, "cmdq": 0, "read": {"device_start": -1, "device_end": -1}}, "FFC_sans_bias16": {"write": {"device_start": 1585499383.1928864, "host_queued_start": 1585499446.082157, "device_queued": 1585499383.1899388, "device_end": 1585499383.1928952, "host_queued_end": 1585499446.085283}, "device": "gpu", "nd_range": {"device_start": 1585499383.1928961, "device_end": 1585499383.1930017}, "cmdq": 0, "read": {"device_start": 1585499383.1930048, "device_end": 1585499383.1930122}}, "FFC_sans_bias19": {"write": {"device_start": 1585499383.1887894, "host_queued_start": 1585499446.066029, "device_queued": 1585499383.188461, "device_end": 1585499383.1887999, "host_queued_end": 1585499446.085283}, "device": "gpu", "nd_range": {"device_start": 1585499383.188801, "device_end": 1585499383.1889076}, "cmdq": 0, "read": {"device_start": -1, "device_end": -1}}, "FFC_sans_bias18": {"write": {"device_start": 1585499383.188667, "host_queued_start": 1585499446.065397, "device_queued": 1585499383.1884105, "device_end": 1585499383.18868, "host_queued_end": 1585499446.085283}, "device": "gpu", "nd_range": {"device_start": 1585499383.1886814, "device_end": 1585499383.1887884}, "cmdq": 0, "read": {"device_start": -1, "device_end": -1}}, "coalesced_transpose30": {"write": {"device_start": -1, "host_queued_start": 1585499446.074931, "device_queued": -1, "device_end": -1, "host_queued_end": 1585499446.085283}, "device": "gpu", "nd_range": {"device_start": 1585499383.1908336, "device_end": 1585499383.1908386}, "cmdq": 0, "read": {"device_start": -1, "device_end": -1}}, "FFC_sans_bias69": {"write": {"device_start": -1, "host_queued_start": 1585499446.081625, "device_queued": -1, "device_end": -1, "host_queued_end": 1585499446.085283}, "device": "gpu", "nd_range": {"device_start": 1585499383.1927795, "device_end": 1585499383.1928852}, "cmdq": 0, "read": {"device_start": -1, "device_end": -1}}, "FFC_sans_bias38": {"write": {"device_start": 1585499383.1896274, "host_queued_start": 1585499446.069591, "device_queued": 1585499383.1888752, "device_end": 1585499383.189636, "host_queued_end": 1585499446.085283}, "device": "gpu", "nd_range": {"device_start": 1585499383.1896372, "device_end": 1585499383.1897435}, "cmdq": 0, "read": {"device_start": -1, "device_end": -1}}, "coalesced_transpose57": {"write": {"device_start": -1, "host_queued_start": 1585499446.075738, "device_queued": -1, "device_end": -1, "host_queued_end": 1585499446.085283}, "device": "gpu", "nd_range": {"device_start": 1585499383.1908522, "device_end": 1585499383.1908567}, "cmdq": 0, "read": {"device_start": -1, "device_end": -1}}, "empty26": {"write": {"device_start": 1585499383.1880956, "host_queued_start": 1585499446.061473, "device_queued": 1585499383.1880744, "device_end": 1585499383.1881044, "host_queued_end": 1585499446.085283}, "device": "gpu", "nd_range": {"device_start": 1585499383.1881053, "device_end": 1585499383.188109}, "cmdq": 0, "read": {"device_start": -1, "device_end": -1}}, "coalesced_transpose12": {"write": {"device_start": -1, "host_queued_start": 1585499446.074346, "device_queued": -1, "device_end": -1, "host_queued_end": 1585499446.085283}, "device": "gpu", "nd_range": {"device_start": 1585499383.1908205, "device_end": 1585499383.190826}, "cmdq": 0, "read": {"device_start": -1, "device_end": -1}}, "empty44": {"write": {"device_start": 1585499383.1881676, "host_queued_start": 1585499446.062225, "device_queued": 1585499383.1881466, "device_end": 1585499383.1881764, "host_queued_end": 1585499446.085283}, "device": "gpu", "nd_range": {"device_start": 1585499383.1881776, "device_end": 1585499383.188181}, "cmdq": 0, "read": {"device_start": -1, "device_end": -1}}, "coalesced_transpose21": {"write": {"device_start": -1, "host_queued_start": 1585499446.074647, "device_queued": -1, "device_end": -1, "host_queued_end": 1585499446.085283}, "device": "gpu", "nd_range": {"device_start": 1585499383.1908271, "device_end": 1585499383.1908324}, "cmdq": 0, "read": {"device_start": -1, "device_end": -1}}, "FFC_sans_bias36": {"write": {"device_start": 1585499383.1893935, "host_queued_start": 1585499446.068588, "device_queued": 1585499383.1887736, "device_end": 1585499383.189402, "host_queued_end": 1585499446.085283}, "device": "gpu", "nd_range": {"device_start": 1585499383.1894033, "device_end": 1585499383.1895092}, "cmdq": 0, "read": {"device_start": -1, "device_end": -1}}, "softmax14": {"write": {"device_start": -1, "host_queued_start": 1585499446.078246, "device_queued": -1, "device_end": -1, "host_queued_end": 1585499446.085283}, "device": "gpu", "nd_range": {"device_start": 1585499383.1916199, "device_end": 1585499383.1916964}, "cmdq": 0, "read": {"device_start": -1, "device_end": -1}}, "FFC_sans_bias13": {"write": {"device_start": -1, "host_queued_start": 1585499446.076285, "device_queued": -1, "device_end": -1, "host_queued_end": 1585499446.085283}, "device": "gpu", "nd_range": {"device_start": 1585499383.1908686, "device_end": 1585499383.1909752}, "cmdq": 0, "read": {"device_start": -1, "device_end": -1}}, "empty8": {"write": {"device_start": -1, "host_queued_start": 1585499446.086034, "device_queued": -1, "device_end": -1, "host_queued_end": 1585499446.089717}, "device": "cpu", "nd_range": {"device_start": 2167220.2792462423, "device_end": 2167220.279256064}, "cmdq": 0, "read": {"device_start": -1, "device_end": -1}}, "FFC_sans_bias42": {"write": {"device_start": -1, "host_queued_start": 1585499446.080766, "device_queued": -1, "device_end": -1, "host_queued_end": 1585499446.085283}, "device": "gpu", "nd_range": {"device_start": 1585499383.1924589, "device_end": 1585499383.1925645}, "cmdq": 0, "read": {"device_start": -1, "device_end": -1}}, "FFC_sans_bias43": {"write": {"device_start": 1585499383.195586, "host_queued_start": 1585499446.083689, "device_queued": 1585499383.1902502, "device_end": 1585499383.1955945, "host_queued_end": 1585499446.085283}, "device": "gpu", "nd_range": {"device_start": 1585499383.1955955, "device_end": 1585499383.1957014}, "cmdq": 0, "read": {"device_start": 1585499383.1957088, "device_end": 1585499383.1957154}}, "FFC_sans_bias40": {"write": {"device_start": -1, "host_queued_start": 1585499446.077151, "device_queued": -1, "device_end": -1, "host_queued_end": 1585499446.085283}, "device": "gpu", "nd_range": {"device_start": 1585499383.1911912, "device_end": 1585499383.191296}, "cmdq": 0, "read": {"device_start": -1, "device_end": -1}}, "softmax32": {"write": {"device_start": -1, "host_queued_start": 1585499446.078705, "device_queued": -1, "device_end": -1, "host_queued_end": 1585499446.085283}, "device": "gpu", "nd_range": {"device_start": 1585499383.1917677, "device_end": 1585499383.1918375}, "cmdq": 0, "read": {"device_start": -1, "device_end": -1}}, "FFC_sans_bias47": {"write": {"device_start": 1585499383.1899843, "host_queued_start": 1585499446.071099, "device_queued": 1585499383.1891098, "device_end": 1585499383.1899931, "host_queued_end": 1585499446.085283}, "device": "gpu", "nd_range": {"device_start": 1585499383.189994, "device_end": 1585499383.1901011}, "cmdq": 0, "read": {"device_start": -1, "device_end": -1}}, "FFC_sans_bias45": {"write": {"device_start": 1585499383.1897447, "host_queued_start": 1585499446.070081, "device_queued": 1585499383.188909, "device_end": 1585499383.1897533, "host_queued_end": 1585499446.085283}, "device": "gpu", "nd_range": {"device_start": 1585499383.1897542, "device_end": 1585499383.1898608}, "cmdq": 0, "read": {"device_start": -1, "device_end": -1}}, "softmax50": {"write": {"device_start": -1, "host_queued_start": 1585499446.079155, "device_queued": -1, "device_end": -1, "host_queued_end": 1585499446.085283}, "device": "gpu", "nd_range": {"device_start": 1585499383.1919131, "device_end": 1585499383.191989}, "cmdq": 0, "read": {"device_start": -1, "device_end": -1}}, "FFC_sans_bias33": {"write": {"device_start": -1, "host_queued_start": 1585499446.080472, "device_queued": -1, "device_end": -1, "host_queued_end": 1585499446.085283}, "device": "gpu", "nd_range": {"device_start": 1585499383.1923504, "device_end": 1585499383.1924577}, "cmdq": 0, "read": {"device_start": -1, "device_end": -1}}, "FFC_sans_bias63": {"write": {"device_start": 1585499383.1906993, "host_queued_start": 1585499446.074048, "device_queued": 1585499383.189328, "device_end": 1585499383.1907082, "host_queued_end": 1585499446.085283}, "device": "gpu", "nd_range": {"device_start": 1585499383.190709, "device_end": 1585499383.1908193}, "cmdq": 0, "read": {"device_start": -1, "device_end": -1}}, "FFC_sans_bias49": {"write": {"device_start": -1, "host_queued_start": 1585499446.077441, "device_queued": -1, "device_end": -1, "host_queued_end": 1585499446.085283}, "device": "gpu", "nd_range": {"device_start": 1585499383.191297, "device_end": 1585499383.1914036}, "cmdq": 0, "read": {"device_start": -1, "device_end": -1}}, "FFC_sans_bias64": {"write": {"device_start": 1585499383.1904614, "host_queued_start": 1585499446.073068, "device_queued": 1585499383.1892583, "device_end": 1585499383.1904738, "host_queued_end": 1585499446.085283}, "device": "gpu", "nd_range": {"device_start": 1585499383.190477, "device_end": 1585499383.1905818}, "cmdq": 0, "read": {"device_start": -1, "device_end": -1}}, "FFC_sans_bias65": {"write": {"device_start": 1585499383.190583, "host_queued_start": 1585499446.073564, "device_queued": 1585499383.189293, "device_end": 1585499383.1905916, "host_queued_end": 1585499446.085283}, "device": "gpu", "nd_range": {"device_start": 1585499383.1905928, "device_end": 1585499383.1906984}, "cmdq": 0, "read": {"device_start": -1, "device_end": -1}}, "FFC_sans_bias67": {"write": {"device_start": -1, "host_queued_start": 1585499446.07801, "device_queued": -1, "device_end": -1, "host_queued_end": 1585499446.085283}, "device": "gpu", "nd_range": {"device_start": 1585499383.1915123, "device_end": 1585499383.191619}, "cmdq": 0, "read": {"device_start": -1, "device_end": -1}}, "FFC_sans_bias24": {"write": {"device_start": -1, "host_queued_start": 1585499446.080179, "device_queued": -1, "device_end": -1, "host_queued_end": 1585499446.085283}, "device": "gpu", "nd_range": {"device_start": 1585499383.1922438, "device_end": 1585499383.1923492}, "cmdq": 0, "read": {"device_start": -1, "device_end": -1}}, "FFC_sans_bias25": {"write": {"device_start": 1585499383.1943867, "host_queued_start": 1585499446.082691, "device_queued": 1585499383.190012, "device_end": 1585499383.1943955, "host_queued_end": 1585499446.085283}, "device": "gpu", "nd_range": {"device_start": 1585499383.1943965, "device_end": 1585499383.1945012}, "cmdq": 0, "read": {"device_start": 1585499383.1945093, "device_end": 1585499383.1945162}}, "FFC_sans_bias27": {"write": {"device_start": 1585499383.1890352, "host_queued_start": 1585499446.067073, "device_queued": 1585499383.1886585, "device_end": 1585499383.1890435, "host_queued_end": 1585499446.085283}, "device": "gpu", "nd_range": {"device_start": 1585499383.189045, "device_end": 1585499383.1891513}, "cmdq": 0, "read": {"device_start": -1, "device_end": -1}}, "FFC_sans_bias20": {"write": {"device_start": 1585499383.1889088, "host_queued_start": 1585499446.066534, "device_queued": 1585499383.188617, "device_end": 1585499383.1889203, "host_queued_end": 1585499446.085283}, "device": "gpu", "nd_range": {"device_start": 1585499383.1889217, "device_end": 1585499383.189028}, "cmdq": 0, "read": {"device_start": -1, "device_end": -1}}, "FFC_sans_bias22": {"write": {"device_start": -1, "host_queued_start": 1585499446.076578, "device_queued": -1, "device_end": -1, "host_queued_end": 1585499446.085283}, "device": "gpu", "nd_range": {"device_start": 1585499383.1909761, "device_end": 1585499383.191083}, "cmdq": 0, "read": {"device_start": -1, "device_end": -1}}, "softmax68": {"write": {"device_start": -1, "host_queued_start": 1585499446.079601, "device_queued": -1, "device_end": -1, "host_queued_end": 1585499446.085283}, "device": "gpu", "nd_range": {"device_start": 1585499383.1920643, "device_end": 1585499383.1921363}, "cmdq": 0, "read": {"device_start": -1, "device_end": -1}}, "softmax5": {"write": {"device_start": -1, "host_queued_start": 1585499446.088853, "device_queued": -1, "device_end": -1, "host_queued_end": 1585499446.089717}, "device": "cpu", "nd_range": {"device_start": 2167220.281545423, "device_end": 2167220.281578958}, "cmdq": 0, "read": {"device_start": -1, "device_end": -1}}, "FFC_sans_bias28": {"write": {"device_start": 1585499383.1891532, "host_queued_start": 1585499446.067566, "device_queued": 1585499383.188703, "device_end": 1585499383.1891668, "host_queued_end": 1585499446.085283}, "device": "gpu", "nd_range": {"device_start": 1585499383.189168, "device_end": 1585499383.1892745}, "cmdq": 0, "read": {"device_start": -1, "device_end": -1}}, "FFC_sans_bias29": {"write": {"device_start": 1585499383.1892757, "host_queued_start": 1585499446.068085, "device_queued": 1585499383.1887383, "device_end": 1585499383.1892846, "host_queued_end": 1585499446.085283}, "device": "gpu", "nd_range": {"device_start": 1585499383.1892855, "device_end": 1585499383.1893926}, "cmdq": 0, "read": {"device_start": -1, "device_end": -1}}, "empty17": {"write": {"device_start": 1585499383.1880198, "host_queued_start": 1585499446.060855, "device_queued": 1585499383.1879857, "device_end": 1585499383.1880286, "host_queued_end": 1585499446.085283}, "device": "gpu", "nd_range": {"device_start": 1585499383.188051, "device_end": 1585499383.1880646}, "cmdq": 0, "read": {"device_start": -1, "device_end": -1}}, "softmax59": {"write": {"device_start": -1, "host_queued_start": 1585499446.079363, "device_queued": -1, "device_end": -1, "host_queued_end": 1585499446.085283}, "device": "gpu", "nd_range": {"device_start": 1585499383.19199, "device_end": 1585499383.192063}, "cmdq": 0, "read": {"device_start": -1, "device_end": -1}}, "empty71": {"write": {"device_start": 1585499383.18827, "host_queued_start": 1585499446.063379, "device_queued": 1585499383.188249, "device_end": 1585499383.1882787, "host_queued_end": 1585499446.085283}, "device": "gpu", "nd_range": {"device_start": 1585499383.1882799, "device_end": 1585499383.1882832}, "cmdq": 0, "read": {"device_start": -1, "device_end": -1}}, "empty35": {"write": {"device_start": 1585499383.1881344, "host_queued_start": 1585499446.061856, "device_queued": 1585499383.1881113, "device_end": 1585499383.188143, "host_queued_end": 1585499446.085283}, "device": "gpu", "nd_range": {"device_start": 1585499383.1881442, "device_end": 1585499383.1881475}, "cmdq": 0, "read": {"device_start": -1, "device_end": -1}}, "empty53": {"write": {"device_start": 1585499383.1882021, "host_queued_start": 1585499446.062645, "device_queued": 1585499383.1881824, "device_end": 1585499383.1882107, "host_queued_end": 1585499446.085283}, "device": "gpu", "nd_range": {"device_start": 1585499383.188212, "device_end": 1585499383.1882155}, "cmdq": 0, "read": {"device_start": -1, "device_end": -1}}, "FFC_sans_bias46": {"write": {"device_start": 1585499383.189862, "host_queued_start": 1585499446.070592, "device_queued": 1585499383.1890764, "device_end": 1585499383.1898704, "host_queued_end": 1585499446.085283}, "device": "gpu", "nd_range": {"device_start": 1585499383.1898718, "device_end": 1585499383.1899831}, "cmdq": 0, "read": {"device_start": -1, "device_end": -1}}, "coalesced_transpose66": {"write": {"device_start": -1, "host_queued_start": 1585499446.076009, "device_queued": -1, "device_end": -1, "host_queued_end": 1585499446.085283}, "device": "gpu", "nd_range": {"device_start": 1585499383.190858, "device_end": 1585499383.1908677}, "cmdq": 0, "read": {"device_start": -1, "device_end": -1}}, "coalesced_transpose48": {"write": {"device_start": -1, "host_queued_start": 1585499446.075462, "device_queued": -1, "device_end": -1, "host_queued_end": 1585499446.085283}, "device": "gpu", "nd_range": {"device_start": 1585499383.1908462, "device_end": 1585499383.190851}, "cmdq": 0, "read": {"device_start": -1, "device_end": -1}}}