{"FFC_sans_bias60": {"write": {"device_start": -1, "host_queued_start": 1585499858.084192, "device_queued": -1, "device_end": -1, "host_queued_end": 1585499858.087112}, "device": "gpu", "nd_range": {"device_start": 1585499795.1788692, "device_end": 1585499795.178978}, "cmdq": 3, "read": {"device_start": -1, "device_end": -1}}, "FFC_sans_bias4": {"write": {"device_start": -1, "host_queued_start": 1585499858.094731, "device_queued": -1, "device_end": -1, "host_queued_end": 1585499858.098713}, "device": "cpu", "nd_range": {"device_start": 2167632.2945213052, "device_end": 2167632.295088686}, "cmdq": 0, "read": {"device_start": -1, "device_end": -1}}, "FFC_sans_bias7": {"write": {"device_start": -1, "host_queued_start": 1585499858.09771, "device_queued": -1, "device_end": -1, "host_queued_end": 1585499858.098713}, "device": "cpu", "nd_range": {"device_start": 2167632.298594781, "device_end": 2167632.299080064}, "cmdq": 0, "read": {"device_start": -1, "device_end": -1}}, "FFC_sans_bias6": {"write": {"device_start": -1, "host_queued_start": 1585499858.096496, "device_queued": -1, "device_end": -1, "host_queued_end": 1585499858.098713}, "device": "cpu", "nd_range": {"device_start": 2167632.296846154, "device_end": 2167632.297349958}, "cmdq": 0, "read": {"device_start": -1, "device_end": -1}}, "FFC_sans_bias1": {"write": {"device_start": -1, "host_queued_start": 1585499858.089743, "device_queued": -1, "device_end": -1, "host_queued_end": 1585499858.098713}, "device": "cpu", "nd_range": {"device_start": 2167632.289024759, "device_end": 2167632.289612465}, "cmdq": 0, "read": {"device_start": -1, "device_end": -1}}, "FFC_sans_bias0": {"write": {"device_start": -1, "host_queued_start": 1585499858.089177, "device_queued": -1, "device_end": -1, "host_queued_end": 1585499858.098713}, "device": "cpu", "nd_range": {"device_start": 2167632.288332044, "device_end": 2167632.289016025}, "cmdq": 0, "read": {"device_start": -1, "device_end": -1}}, "FFC_sans_bias2": {"write": {"device_start": -1, "host_queued_start": 1585499858.090332, "device_queued": -1, "device_end": -1, "host_queued_end": 1585499858.098713}, "device": "cpu", "nd_range": {"device_start": 2167632.2896186593, "device_end": 2167632.290244792}, "cmdq": 0, "read": {"device_start": -1, "device_end": -1}}, "FFC_sans_bias61": {"write": {"device_start": 1585499795.1789806, "host_queued_start": 1585499858.08648, "device_queued": 1585499795.1787453, "device_end": 1585499795.1789894, "host_queued_end": 1585499858.087112}, "device": "gpu", "nd_range": {"device_start": 1585499795.1789904, "device_end": 1585499795.1792295}, "cmdq": 3, "read": {"device_start": 1585499795.1795323, "device_end": 1585499795.17955}}, "FFC_sans_bias52": {"write": {"device_start": 1585499795.1791854, "host_queued_start": 1585499858.085971, "device_queued": 1585499795.1787224, "device_end": 1585499795.179194, "host_queued_end": 1585499858.087112}, "device": "gpu", "nd_range": {"device_start": 1585499795.1791952, "device_end": 1585499795.1794868}, "cmdq": 2, "read": {"device_start": 1585499795.1794922, "device_end": 1585499795.179499}}, "FFC_sans_bias9": {"write": {"device_start": -1, "host_queued_start": 1585499858.090868, "device_queued": -1, "device_end": -1, "host_queued_end": 1585499858.098713}, "device": "cpu", "nd_range": {"device_start": 2167632.290249355, "device_end": 2167632.290878978}, "cmdq": 0, "read": {"device_start": -1, "device_end": -1}}, "coalesced_transpose39": {"write": {"device_start": -1, "host_queued_start": 1585499858.079554, "device_queued": -1, "device_end": -1, "host_queued_end": 1585499858.087112}, "device": "gpu", "nd_range": {"device_start": 1585499795.1783705, "device_end": 1585499795.1784837}, "cmdq": 1, "read": {"device_start": -1, "device_end": -1}}, "FFC_sans_bias55": {"write": {"device_start": 1585499795.1780627, "host_queued_start": 1585499858.077424, "device_queued": 1585499795.1780417, "device_end": 1585499795.1780715, "host_queued_end": 1585499858.087112}, "device": "gpu", "nd_range": {"device_start": 1585499795.1781425, "device_end": 1585499795.1783693}, "cmdq": 1, "read": {"device_start": -1, "device_end": -1}}, "FFC_sans_bias54": {"write": {"device_start": 1585499795.1780248, "host_queued_start": 1585499858.076914, "device_queued": 1585499795.1780028, "device_end": 1585499795.1780336, "host_queued_end": 1585499858.087112}, "device": "gpu", "nd_range": {"device_start": 1585499795.178038, "device_end": 1585499795.1783397}, "cmdq": 0, "read": {"device_start": -1, "device_end": -1}}, "FFC_sans_bias56": {"write": {"device_start": 1585499795.1779397, "host_queued_start": 1585499858.076416, "device_queued": 1585499795.1779072, "device_end": 1585499795.1779482, "host_queued_end": 1585499858.087112}, "device": "gpu", "nd_range": {"device_start": 1585499795.1779895, "device_end": 1585499795.1782618}, "cmdq": 4, "read": {"device_start": -1, "device_end": -1}}, "FFC_sans_bias51": {"write": {"device_start": -1, "host_queued_start": 1585499858.083896, "device_queued": -1, "device_end": -1, "host_queued_end": 1585499858.087112}, "device": "gpu", "nd_range": {"device_start": 1585499795.178947, "device_end": 1585499795.1791835}, "cmdq": 2, "read": {"device_start": -1, "device_end": -1}}, "softmax23": {"write": {"device_start": -1, "host_queued_start": 1585499858.09615, "device_queued": -1, "device_end": -1, "host_queued_end": 1585499858.098713}, "device": "cpu", "nd_range": {"device_start": 2167632.296697693, "device_end": 2167632.296736141}, "cmdq": 0, "read": {"device_start": -1, "device_end": -1}}, "FFC_sans_bias37": {"write": {"device_start": 1585499795.1776152, "host_queued_start": 1585499858.073855, "device_queued": 1585499795.1775854, "device_end": 1585499795.1776237, "host_queued_end": 1585499858.087112}, "device": "gpu", "nd_range": {"device_start": 1585499795.1776626, "device_end": 1585499795.1779375}, "cmdq": 4, "read": {"device_start": -1, "device_end": -1}}, "empty62": {"write": {"device_start": 1585499795.1773808, "host_queued_start": 1585499858.070699, "device_queued": 1585499795.177357, "device_end": 1585499795.1773894, "host_queued_end": 1585499858.087112}, "device": "gpu", "nd_range": {"device_start": 1585499795.177433, "device_end": 1585499795.1774366}, "cmdq": 3, "read": {"device_start": -1, "device_end": -1}}, "FFC_sans_bias70": {"write": {"device_start": 1585499795.179354, "host_queued_start": 1585499858.087008, "device_queued": 1585499795.1787682, "device_end": 1585499795.1793628, "host_queued_end": 1585499858.087112}, "device": "gpu", "nd_range": {"device_start": 1585499795.1793637, "device_end": 1585499795.1795251}, "cmdq": 4, "read": {"device_start": 1585499795.179574, "device_end": 1585499795.1795864}}, "FFC_sans_bias58": {"write": {"device_start": -1, "host_queued_start": 1585499858.081574, "device_queued": -1, "device_end": -1, "host_queued_end": 1585499858.087112}, "device": "gpu", "nd_range": {"device_start": 1585499795.1784918, "device_end": 1585499795.1787896}, "cmdq": 3, "read": {"device_start": -1, "device_end": -1}}, "softmax41": {"write": {"device_start": -1, "host_queued_start": 1585499858.082319, "device_queued": -1, "device_end": -1, "host_queued_end": 1585499858.087112}, "device": "gpu", "nd_range": {"device_start": 1585499795.1786904, "device_end": 1585499795.178917}, "cmdq": 1, "read": {"device_start": -1, "device_end": -1}}, "FFC_sans_bias11": {"write": {"device_start": -1, "host_queued_start": 1585499858.091883, "device_queued": -1, "device_end": -1, "host_queued_end": 1585499858.098713}, "device": "cpu", "nd_range": {"device_start": 2167632.291504933, "device_end": 2167632.29211472}, "cmdq": 0, "read": {"device_start": -1, "device_end": -1}}, "FFC_sans_bias10": {"write": {"device_start": -1, "host_queued_start": 1585499858.091372, "device_queued": -1, "device_end": -1, "host_queued_end": 1585499858.098713}, "device": "cpu", "nd_range": {"device_start": 2167632.290895646, "device_end": 2167632.291500083}, "cmdq": 0, "read": {"device_start": -1, "device_end": -1}}, "coalesced_transpose3": {"write": {"device_start": -1, "host_queued_start": 1585499858.093797, "device_queued": -1, "device_end": -1, "host_queued_end": 1585499858.098713}, "device": "cpu", "nd_range": {"device_start": 2167632.294086936, "device_end": 2167632.294121222}, "cmdq": 0, "read": {"device_start": -1, "device_end": -1}}, "FFC_sans_bias34": {"write": {"device_start": 1585499795.1790342, "host_queued_start": 1585499858.084944, "device_queued": 1585499795.1786616, "device_end": 1585499795.1790426, "host_queued_end": 1585499858.087112}, "device": "gpu", "nd_range": {"device_start": 1585499795.1790442, "device_end": 1585499795.1793115}, "cmdq": 0, "read": {"device_start": 1585499795.1793158, "device_end": 1585499795.179323}}, "FFC_sans_bias15": {"write": {"device_start": -1, "host_queued_start": 1585499858.096855, "device_queued": -1, "device_end": -1, "host_queued_end": 1585499858.098713}, "device": "cpu", "nd_range": {"device_start": 2167632.2974678883, "device_end": 2167632.2979675103}, "cmdq": 0, "read": {"device_start": -1, "device_end": -1}}, "FFC_sans_bias31": {"write": {"device_start": -1, "host_queued_start": 1585499858.080695, "device_queued": -1, "device_end": -1, "host_queued_end": 1585499858.087112}, "device": "gpu", "nd_range": {"device_start": 1585499795.1784806, "device_end": 1585499795.1786392}, "cmdq": 0, "read": {"device_start": -1, "device_end": -1}}, "FFC_sans_bias16": {"write": {"device_start": -1, "host_queued_start": 1585499858.098167, "device_queued": -1, "device_end": -1, "host_queued_end": 1585499858.098713}, "device": "cpu", "nd_range": {"device_start": 2167632.2990822843, "device_end": 2167632.299566191}, "cmdq": 0, "read": {"device_start": -1, "device_end": -1}}, "FFC_sans_bias19": {"write": {"device_start": -1, "host_queued_start": 1585499858.09289, "device_queued": -1, "device_end": -1, "host_queued_end": 1585499858.098713}, "device": "cpu", "nd_range": {"device_start": 2167632.2928483603, "device_end": 2167632.293354824}, "cmdq": 0, "read": {"device_start": -1, "device_end": -1}}, "FFC_sans_bias18": {"write": {"device_start": -1, "host_queued_start": 1585499858.092387, "device_queued": -1, "device_end": -1, "host_queued_end": 1585499858.098713}, "device": "cpu", "nd_range": {"device_start": 2167632.292121475, "device_end": 2167632.292736297}, "cmdq": 0, "read": {"device_start": -1, "device_end": -1}}, "coalesced_transpose30": {"write": {"device_start": -1, "host_queued_start": 1585499858.079282, "device_queued": -1, "device_end": -1, "host_queued_end": 1585499858.087112}, "device": "gpu", "nd_range": {"device_start": 1585499795.1783407, "device_end": 1585499795.1784797}, "cmdq": 0, "read": {"device_start": -1, "device_end": -1}}, "FFC_sans_bias69": {"write": {"device_start": -1, "host_queued_start": 1585499858.084472, "device_queued": -1, "device_end": -1, "host_queued_end": 1585499858.087112}, "device": "gpu", "nd_range": {"device_start": 1585499795.1790533, "device_end": 1585499795.1793518}, "cmdq": 4, "read": {"device_start": -1, "device_end": -1}}, "FFC_sans_bias38": {"write": {"device_start": 1585499795.1776903, "host_queued_start": 1585499858.074369, "device_queued": 1585499795.177668, "device_end": 1585499795.1776986, "host_queued_end": 1585499858.087112}, "device": "gpu", "nd_range": {"device_start": 1585499795.1778257, "device_end": 1585499795.1780035}, "cmdq": 0, "read": {"device_start": -1, "device_end": -1}}, "coalesced_transpose57": {"write": {"device_start": -1, "host_queued_start": 1585499858.080125, "device_queued": -1, "device_end": -1, "host_queued_end": 1585499858.087112}, "device": "gpu", "nd_range": {"device_start": 1585499795.1784768, "device_end": 1585499795.1784906}, "cmdq": 3, "read": {"device_start": -1, "device_end": -1}}, "empty26": {"write": {"device_start": -1, "host_queued_start": 1585499858.088654, "device_queued": -1, "device_end": -1, "host_queued_end": 1585499858.098713}, "device": "cpu", "nd_range": {"device_start": 2167632.288328025, "device_end": 2167632.288328695}, "cmdq": 0, "read": {"device_start": -1, "device_end": -1}}, "coalesced_transpose12": {"write": {"device_start": -1, "host_queued_start": 1585499858.094105, "device_queued": -1, "device_end": -1, "host_queued_end": 1585499858.098713}, "device": "cpu", "nd_range": {"device_start": 2167632.294232056, "device_end": 2167632.294265281}, "cmdq": 0, "read": {"device_start": -1, "device_end": -1}}, "empty44": {"write": {"device_start": 1585499795.1773288, "host_queued_start": 1585499858.069833, "device_queued": 1585499795.1773076, "device_end": 1585499795.1773374, "host_queued_end": 1585499858.087112}, "device": "gpu", "nd_range": {"device_start": 1585499795.1774194, "device_end": 1585499795.1774228}, "cmdq": 1, "read": {"device_start": -1, "device_end": -1}}, "coalesced_transpose21": {"write": {"device_start": -1, "host_queued_start": 1585499858.0944, "device_queued": -1, "device_end": -1, "host_queued_end": 1585499858.098713}, "device": "cpu", "nd_range": {"device_start": 2167632.294373352, "device_end": 2167632.294410697}, "cmdq": 0, "read": {"device_start": -1, "device_end": -1}}, "FFC_sans_bias36": {"write": {"device_start": 1585499795.1775825, "host_queued_start": 1585499858.073208, "device_queued": 1585499795.1775508, "device_end": 1585499795.1775966, "host_queued_end": 1585499858.087112}, "device": "gpu", "nd_range": {"device_start": 1585499795.1776516, "device_end": 1585499795.177848}, "cmdq": 3, "read": {"device_start": -1, "device_end": -1}}, "softmax14": {"write": {"device_start": -1, "host_queued_start": 1585499858.095898, "device_queued": -1, "device_end": -1, "host_queued_end": 1585499858.098713}, "device": "cpu", "nd_range": {"device_start": 2167632.2965551564, "device_end": 2167632.296586491}, "cmdq": 0, "read": {"device_start": -1, "device_end": -1}}, "FFC_sans_bias13": {"write": {"device_start": -1, "host_queued_start": 1585499858.095069, "device_queued": -1, "device_end": -1, "host_queued_end": 1585499858.098713}, "device": "cpu", "nd_range": {"device_start": 2167632.295093946, "device_end": 2167632.295693804}, "cmdq": 0, "read": {"device_start": -1, "device_end": -1}}, "empty8": {"write": {"device_start": -1, "host_queued_start": 1585499858.08778, "device_queued": -1, "device_end": -1, "host_queued_end": 1585499858.098713}, "device": "cpu", "nd_range": {"device_start": 2167632.288295404, "device_end": 2167632.2883065683}, "cmdq": 0, "read": {"device_start": -1, "device_end": -1}}, "FFC_sans_bias42": {"write": {"device_start": -1, "host_queued_start": 1585499858.083596, "device_queued": -1, "device_end": -1, "host_queued_end": 1585499858.087112}, "device": "gpu", "nd_range": {"device_start": 1585499795.1789234, "device_end": 1585499795.1791239}, "cmdq": 1, "read": {"device_start": -1, "device_end": -1}}, "FFC_sans_bias43": {"write": {"device_start": 1585499795.1791258, "host_queued_start": 1585499858.085461, "device_queued": 1585499795.1787007, "device_end": 1585499795.1791346, "host_queued_end": 1585499858.087112}, "device": "gpu", "nd_range": {"device_start": 1585499795.1791356, "device_end": 1585499795.1794274}, "cmdq": 1, "read": {"device_start": 1585499795.1794345, "device_end": 1585499795.1794422}}, "FFC_sans_bias40": {"write": {"device_start": -1, "host_queued_start": 1585499858.080991, "device_queued": -1, "device_end": -1, "host_queued_end": 1585499858.087112}, "device": "gpu", "nd_range": {"device_start": 1585499795.178485, "device_end": 1585499795.1786895}, "cmdq": 1, "read": {"device_start": -1, "device_end": -1}}, "softmax32": {"write": {"device_start": -1, "host_queued_start": 1585499858.08209, "device_queued": -1, "device_end": -1, "host_queued_end": 1585499858.087112}, "device": "gpu", "nd_range": {"device_start": 1585499795.1786404, "device_end": 1585499795.1789093}, "cmdq": 0, "read": {"device_start": -1, "device_end": -1}}, "FFC_sans_bias47": {"write": {"device_start": 1585499795.1779075, "host_queued_start": 1585499858.075918, "device_queued": 1585499795.1778834, "device_end": 1585499795.177917, "host_queued_end": 1585499858.087112}, "device": "gpu", "nd_range": {"device_start": 1585499795.177976, "device_end": 1585499795.1781616}, "cmdq": 3, "read": {"device_start": -1, "device_end": -1}}, "FFC_sans_bias45": {"write": {"device_start": 1585499795.1778567, "host_queued_start": 1585499858.074919, "device_queued": 1585499795.1778336, "device_end": 1585499795.1778657, "host_queued_end": 1585499858.087112}, "device": "gpu", "nd_range": {"device_start": 1585499795.177951, "device_end": 1585499795.1780617}, "cmdq": 1, "read": {"device_start": -1, "device_end": -1}}, "softmax50": {"write": {"device_start": -1, "host_queued_start": 1585499858.082542, "device_queued": -1, "device_end": -1, "host_queued_end": 1585499858.087112}, "device": "gpu", "nd_range": {"device_start": 1585499795.1787558, "device_end": 1585499795.1789448}, "cmdq": 2, "read": {"device_start": -1, "device_end": -1}}, "FFC_sans_bias33": {"write": {"device_start": -1, "host_queued_start": 1585499858.08331, "device_queued": -1, "device_end": -1, "host_queued_end": 1585499858.087112}, "device": "gpu", "nd_range": {"device_start": 1585499795.1789117, "device_end": 1585499795.1790333}, "cmdq": 0, "read": {"device_start": -1, "device_end": -1}}, "FFC_sans_bias63": {"write": {"device_start": 1585499795.1782641, "host_queued_start": 1585499858.078975, "device_queued": 1585499795.1781085, "device_end": 1585499795.178273, "host_queued_end": 1585499858.087112}, "device": "gpu", "nd_range": {"device_start": 1585499795.1782875, "device_end": 1585499795.1785662}, "cmdq": 4, "read": {"device_start": -1, "device_end": -1}}, "FFC_sans_bias49": {"write": {"device_start": -1, "host_queued_start": 1585499858.081277, "device_queued": -1, "device_end": -1, "host_queued_end": 1585499858.087112}, "device": "gpu", "nd_range": {"device_start": 1585499795.1784885, "device_end": 1585499795.178752}, "cmdq": 2, "read": {"device_start": -1, "device_end": -1}}, "FFC_sans_bias64": {"write": {"device_start": 1585499795.178147, "host_queued_start": 1585499858.077944, "device_queued": 1585499795.1780655, "device_end": 1585499795.1781557, "host_queued_end": 1585499858.087112}, "device": "gpu", "nd_range": {"device_start": 1585499795.1782594, "device_end": 1585499795.178464}, "cmdq": 2, "read": {"device_start": -1, "device_end": -1}}, "FFC_sans_bias65": {"write": {"device_start": 1585499795.1781635, "host_queued_start": 1585499858.078449, "device_queued": 1585499795.178088, "device_end": 1585499795.1781723, "host_queued_end": 1585499858.087112}, "device": "gpu", "nd_range": {"device_start": 1585499795.1782792, "device_end": 1585499795.1784751}, "cmdq": 3, "read": {"device_start": -1, "device_end": -1}}, "FFC_sans_bias67": {"write": {"device_start": -1, "host_queued_start": 1585499858.08187, "device_queued": -1, "device_end": -1, "host_queued_end": 1585499858.087112}, "device": "gpu", "nd_range": {"device_start": 1585499795.1787448, "device_end": 1585499795.1788735}, "cmdq": 4, "read": {"device_start": -1, "device_end": -1}}, "FFC_sans_bias24": {"write": {"device_start": -1, "host_queued_start": 1585499858.097189, "device_queued": -1, "device_end": -1, "host_queued_end": 1585499858.098713}, "device": "cpu", "nd_range": {"device_start": 2167632.298079924, "device_end": 2167632.2985896124}, "cmdq": 0, "read": {"device_start": -1, "device_end": -1}}, "FFC_sans_bias25": {"write": {"device_start": -1, "host_queued_start": 1585499858.098668, "device_queued": -1, "device_end": -1, "host_queued_end": 1585499858.098713}, "device": "cpu", "nd_range": {"device_start": 2167632.299568307, "device_end": 2167632.300163725}, "cmdq": 0, "read": {"device_start": -1, "device_end": -1}}, "FFC_sans_bias27": {"write": {"device_start": 1585499795.1774688, "host_queued_start": 1585499858.071679, "device_queued": 1585499795.1774476, "device_end": 1585499795.1774774, "host_queued_end": 1585499858.087112}, "device": "gpu", "nd_range": {"device_start": 1585499795.1774874, "device_end": 1585499795.1775975}, "cmdq": 0, "read": {"device_start": -1, "device_end": -1}}, "FFC_sans_bias20": {"write": {"device_start": -1, "host_queued_start": 1585499858.093485, "device_queued": -1, "device_end": -1, "host_queued_end": 1585499858.098713}, "device": "cpu", "nd_range": {"device_start": 2167632.293466589, "device_end": 2167632.293974855}, "cmdq": 0, "read": {"device_start": -1, "device_end": -1}}, "FFC_sans_bias22": {"write": {"device_start": -1, "host_queued_start": 1585499858.095381, "device_queued": -1, "device_end": -1, "host_queued_end": 1585499858.098713}, "device": "cpu", "nd_range": {"device_start": 2167632.2956983973, "device_end": 2167632.296284366}, "cmdq": 0, "read": {"device_start": -1, "device_end": -1}}, "softmax68": {"write": {"device_start": -1, "host_queued_start": 1585499858.083016, "device_queued": -1, "device_end": -1, "host_queued_end": 1585499858.087112}, "device": "gpu", "nd_range": {"device_start": 1585499795.1788754, "device_end": 1585499795.1790524}, "cmdq": 4, "read": {"device_start": -1, "device_end": -1}}, "softmax5": {"write": {"device_start": -1, "host_queued_start": 1585499858.09564, "device_queued": -1, "device_end": -1, "host_queued_end": 1585499858.098713}, "device": "cpu", "nd_range": {"device_start": 2167632.2964007542, "device_end": 2167632.2964424393}, "cmdq": 0, "read": {"device_start": -1, "device_end": -1}}, "FFC_sans_bias28": {"write": {"device_start": 1585499795.1775153, "host_queued_start": 1585499858.072196, "device_queued": 1585499795.177494, "device_end": 1585499795.177524, "host_queued_end": 1585499858.087112}, "device": "gpu", "nd_range": {"device_start": 1585499795.1776261, "device_end": 1585499795.1777353}, "cmdq": 1, "read": {"device_start": -1, "device_end": -1}}, "FFC_sans_bias29": {"write": {"device_start": 1585499795.1775482, "host_queued_start": 1585499858.072707, "device_queued": 1585499795.1775239, "device_end": 1585499795.177562, "host_queued_end": 1585499858.087112}, "device": "gpu", "nd_range": {"device_start": 1585499795.1776378, "device_end": 1585499795.1778288}, "cmdq": 2, "read": {"device_start": -1, "device_end": -1}}, "empty17": {"write": {"device_start": -1, "host_queued_start": 1585499858.088261, "device_queued": -1, "device_end": -1, "host_queued_end": 1585499858.098713}, "device": "cpu", "nd_range": {"device_start": 2167632.2883228064, "device_end": 2167632.28832397}, "cmdq": 0, "read": {"device_start": -1, "device_end": -1}}, "softmax59": {"write": {"device_start": -1, "host_queued_start": 1585499858.082793, "device_queued": -1, "device_end": -1, "host_queued_end": 1585499858.087112}, "device": "gpu", "nd_range": {"device_start": 1585499795.178792, "device_end": 1585499795.178867}, "cmdq": 3, "read": {"device_start": -1, "device_end": -1}}, "empty71": {"write": {"device_start": 1585499795.177409, "host_queued_start": 1585499858.071116, "device_queued": 1585499795.1773849, "device_end": 1585499795.1774173, "host_queued_end": 1585499858.087112}, "device": "gpu", "nd_range": {"device_start": 1585499795.1774404, "device_end": 1585499795.1774437}, "cmdq": 4, "read": {"device_start": -1, "device_end": -1}}, "empty35": {"write": {"device_start": 1585499795.1772633, "host_queued_start": 1585499858.069221, "device_queued": 1585499795.1772134, "device_end": 1585499795.1772718, "host_queued_end": 1585499858.087112}, "device": "gpu", "nd_range": {"device_start": 1585499795.1772842, "device_end": 1585499795.1772988}, "cmdq": 0, "read": {"device_start": -1, "device_end": -1}}, "empty53": {"write": {"device_start": 1585499795.1773546, "host_queued_start": 1585499858.070253, "device_queued": 1585499795.1773314, "device_end": 1585499795.1773634, "host_queued_end": 1585499858.087112}, "device": "gpu", "nd_range": {"device_start": 1585499795.1774256, "device_end": 1585499795.1774287}, "cmdq": 2, "read": {"device_start": -1, "device_end": -1}}, "FFC_sans_bias46": {"write": {"device_start": 1585499795.1778831, "host_queued_start": 1585499858.075417, "device_queued": 1585499795.1778607, "device_end": 1585499795.177893, "host_queued_end": 1585499858.087112}, "device": "gpu", "nd_range": {"device_start": 1585499795.177957, "device_end": 1585499795.1781452}, "cmdq": 2, "read": {"device_start": -1, "device_end": -1}}, "coalesced_transpose66": {"write": {"device_start": -1, "host_queued_start": 1585499858.080396, "device_queued": -1, "device_end": -1, "host_queued_end": 1585499858.087112}, "device": "gpu", "nd_range": {"device_start": 1585499795.1785684, "device_end": 1585499795.1787436}, "cmdq": 4, "read": {"device_start": -1, "device_end": -1}}, "coalesced_transpose48": {"write": {"device_start": -1, "host_queued_start": 1585499858.079844, "device_queued": -1, "device_end": -1, "host_queued_end": 1585499858.087112}, "device": "gpu", "nd_range": {"device_start": 1585499795.178465, "device_end": 1585499795.1784873}, "cmdq": 2, "read": {"device_start": -1, "device_end": -1}}}