{"FFC_sans_bias60": {"write": {"device_start": -1, "host_queued_start": 1585499627.878985, "device_queued": -1, "device_end": -1, "host_queued_end": 1585499627.880828}, "device": "gpu", "nd_range": {"device_start": 1585499564.97922, "device_end": 1585499564.9793293}, "cmdq": 0, "read": {"device_start": -1, "device_end": -1}}, "FFC_sans_bias4": {"write": {"device_start": -1, "host_queued_start": 1585499627.892872, "device_queued": -1, "device_end": -1, "host_queued_end": 1585499627.899403}, "device": "cpu", "nd_range": {"device_start": 2167402.097215428, "device_end": 2167402.099391207}, "cmdq": 0, "read": {"device_start": -1, "device_end": -1}}, "FFC_sans_bias7": {"write": {"device_start": -1, "host_queued_start": 1585499627.897536, "device_queued": -1, "device_end": -1, "host_queued_end": 1585499627.899403}, "device": "cpu", "nd_range": {"device_start": 2167402.101273238, "device_end": 2167402.1031933962}, "cmdq": 0, "read": {"device_start": -1, "device_end": -1}}, "FFC_sans_bias6": {"write": {"device_start": -1, "host_queued_start": 1585499627.895763, "device_queued": -1, "device_end": -1, "host_queued_end": 1585499627.899403}, "device": "cpu", "nd_range": {"device_start": 2167402.099466313, "device_end": 2167402.1011574413}, "cmdq": 0, "read": {"device_start": -1, "device_end": -1}}, "FFC_sans_bias1": {"write": {"device_start": -1, "host_queued_start": 1585499627.884335, "device_queued": -1, "device_end": -1, "host_queued_end": 1585499627.899403}, "device": "cpu", "nd_range": {"device_start": 2167402.094996443, "device_end": 2167402.096931648}, "cmdq": 1, "read": {"device_start": -1, "device_end": -1}}, "FFC_sans_bias0": {"write": {"device_start": -1, "host_queued_start": 1585499627.883827, "device_queued": -1, "device_end": -1, "host_queued_end": 1585499627.899403}, "device": "cpu", "nd_range": {"device_start": 2167402.089039225, "device_end": 2167402.090983732}, "cmdq": 0, "read": {"device_start": -1, "device_end": -1}}, "FFC_sans_bias2": {"write": {"device_start": -1, "host_queued_start": 1585499627.884845, "device_queued": -1, "device_end": -1, "host_queued_end": 1585499627.899403}, "device": "cpu", "nd_range": {"device_start": 2167402.091021881, "device_end": 2167402.092941157}, "cmdq": 2, "read": {"device_start": -1, "device_end": -1}}, "FFC_sans_bias61": {"write": {"device_start": 1585499564.9794126, "host_queued_start": 1585499627.880241, "device_queued": 1585499564.9788642, "device_end": 1585499564.9794211, "host_queued_end": 1585499627.880828}, "device": "gpu", "nd_range": {"device_start": 1585499564.979422, "device_end": 1585499564.9795394}, "cmdq": 1, "read": {"device_start": 1585499564.979543, "device_end": 1585499564.9795535}}, "FFC_sans_bias52": {"write": {"device_start": 1585499564.9793305, "host_queued_start": 1585499627.879741, "device_queued": 1585499564.9788318, "device_end": 1585499564.9793394, "host_queued_end": 1585499627.880828}, "device": "gpu", "nd_range": {"device_start": 1585499564.9793403, "device_end": 1585499564.9794486}, "cmdq": 0, "read": {"device_start": 1585499564.979452, "device_end": 1585499564.9794605}}, "FFC_sans_bias9": {"write": {"device_start": -1, "host_queued_start": 1585499627.885347, "device_queued": -1, "device_end": -1, "host_queued_end": 1585499627.899403}, "device": "cpu", "nd_range": {"device_start": 2167402.089049565, "device_end": 2167402.091008286}, "cmdq": 3, "read": {"device_start": -1, "device_end": -1}}, "coalesced_transpose39": {"write": {"device_start": -1, "host_queued_start": 1585499627.892567, "device_queued": -1, "device_end": -1, "host_queued_end": 1585499627.899403}, "device": "cpu", "nd_range": {"device_start": 2167402.103196496, "device_end": 2167402.103247899}, "cmdq": 4, "read": {"device_start": -1, "device_end": -1}}, "FFC_sans_bias55": {"write": {"device_start": 1585499564.9784853, "host_queued_start": 1585499627.874324, "device_queued": 1585499564.9783132, "device_end": 1585499564.9784942, "host_queued_end": 1585499627.880828}, "device": "gpu", "nd_range": {"device_start": 1585499564.9784951, "device_end": 1585499564.9786062}, "cmdq": 0, "read": {"device_start": -1, "device_end": -1}}, "FFC_sans_bias54": {"write": {"device_start": 1585499564.978389, "host_queued_start": 1585499627.873817, "device_queued": 1585499564.9782596, "device_end": 1585499564.9783978, "host_queued_end": 1585499627.880828}, "device": "gpu", "nd_range": {"device_start": 1585499564.9783988, "device_end": 1585499564.9785411}, "cmdq": 1, "read": {"device_start": -1, "device_end": -1}}, "FFC_sans_bias56": {"write": {"device_start": 1585499564.9783216, "host_queued_start": 1585499627.873331, "device_queued": 1585499564.9782255, "device_end": 1585499564.9783342, "host_queued_end": 1585499627.880828}, "device": "gpu", "nd_range": {"device_start": 1585499564.9783356, "device_end": 1585499564.9784832}, "cmdq": 0, "read": {"device_start": -1, "device_end": -1}}, "FFC_sans_bias51": {"write": {"device_start": -1, "host_queued_start": 1585499627.878697, "device_queued": -1, "device_end": -1, "host_queued_end": 1585499627.880828}, "device": "gpu", "nd_range": {"device_start": 1585499564.9791477, "device_end": 1585499564.9792554}, "cmdq": 1, "read": {"device_start": -1, "device_end": -1}}, "softmax23": {"write": {"device_start": -1, "host_queued_start": 1585499627.894936, "device_queued": -1, "device_end": -1, "host_queued_end": 1585499627.899403}, "device": "cpu", "nd_range": {"device_start": 2167402.099739699, "device_end": 2167402.0997842583}, "cmdq": 2, "read": {"device_start": -1, "device_end": -1}}, "FFC_sans_bias37": {"write": {"device_start": -1, "host_queued_start": 1585499627.890425, "device_queued": -1, "device_end": -1, "host_queued_end": 1585499627.899403}, "device": "cpu", "nd_range": {"device_start": 2167402.09619122, "device_end": 2167402.097400105}, "cmdq": 3, "read": {"device_start": -1, "device_end": -1}}, "empty62": {"write": {"device_start": 1585499564.9780722, "host_queued_start": 1585499627.870937, "device_queued": 1585499564.9780502, "device_end": 1585499564.9780805, "host_queued_end": 1585499627.880828}, "device": "gpu", "nd_range": {"device_start": 1585499564.978082, "device_end": 1585499564.9780853}, "cmdq": 1, "read": {"device_start": -1, "device_end": -1}}, "FFC_sans_bias70": {"write": {"device_start": 1585499564.979542, "host_queued_start": 1585499627.880731, "device_queued": 1585499564.9789362, "device_end": 1585499564.9795535, "host_queued_end": 1585499627.880828}, "device": "gpu", "nd_range": {"device_start": 1585499564.979555, "device_end": 1585499564.979662}, "cmdq": 0, "read": {"device_start": 1585499564.979664, "device_end": 1585499564.9796762}}, "FFC_sans_bias58": {"write": {"device_start": -1, "host_queued_start": 1585499627.87742, "device_queued": -1, "device_end": -1, "host_queued_end": 1585499627.880828}, "device": "gpu", "nd_range": {"device_start": 1585499564.9788408, "device_end": 1585499564.979035}, "cmdq": 0, "read": {"device_start": -1, "device_end": -1}}, "softmax41": {"write": {"device_start": -1, "host_queued_start": 1585499627.895447, "device_queued": -1, "device_end": -1, "host_queued_end": 1585499627.899403}, "device": "cpu", "nd_range": {"device_start": 2167402.105176929, "device_end": 2167402.105238941}, "cmdq": 4, "read": {"device_start": -1, "device_end": -1}}, "FFC_sans_bias11": {"write": {"device_start": -1, "host_queued_start": 1585499627.886362, "device_queued": -1, "device_end": -1, "host_queued_end": 1585499627.899403}, "device": "cpu", "nd_range": {"device_start": 2167402.090989632, "device_end": 2167402.092908243}, "cmdq": 0, "read": {"device_start": -1, "device_end": -1}}, "FFC_sans_bias10": {"write": {"device_start": -1, "host_queued_start": 1585499627.885853, "device_queued": -1, "device_end": -1, "host_queued_end": 1585499627.899403}, "device": "cpu", "nd_range": {"device_start": 2167402.0890269163, "device_end": 2167402.090965249}, "cmdq": 4, "read": {"device_start": -1, "device_end": -1}}, "coalesced_transpose3": {"write": {"device_start": -1, "host_queued_start": 1585499627.891268, "device_queued": -1, "device_end": -1, "host_queued_end": 1585499627.899403}, "device": "cpu", "nd_range": {"device_start": 2167402.0970520363, "device_end": 2167402.0971053103}, "cmdq": 0, "read": {"device_start": -1, "device_end": -1}}, "FFC_sans_bias34": {"write": {"device_start": -1, "host_queued_start": 1585499627.898908, "device_queued": -1, "device_end": -1, "host_queued_end": 1585499627.899403}, "device": "cpu", "nd_range": {"device_start": 2167402.105940677, "device_end": 2167402.107144336}, "cmdq": 3, "read": {"device_start": -1, "device_end": -1}}, "FFC_sans_bias15": {"write": {"device_start": -1, "host_queued_start": 1585499627.896084, "device_queued": -1, "device_end": -1, "host_queued_end": 1585499627.899403}, "device": "cpu", "nd_range": {"device_start": 2167402.104117446, "device_end": 2167402.1054522493}, "cmdq": 1, "read": {"device_start": -1, "device_end": -1}}, "FFC_sans_bias31": {"write": {"device_start": -1, "host_queued_start": 1585499627.893829, "device_queued": -1, "device_end": -1, "host_queued_end": 1585499627.899403}, "device": "cpu", "nd_range": {"device_start": 2167402.0976726273, "device_end": 2167402.099736011}, "cmdq": 3, "read": {"device_start": -1, "device_end": -1}}, "FFC_sans_bias16": {"write": {"device_start": -1, "host_queued_start": 1585499627.897988, "device_queued": -1, "device_end": -1, "host_queued_end": 1585499627.899403}, "device": "cpu", "nd_range": {"device_start": 2167402.1055616993, "device_end": 2167402.1072414774}, "cmdq": 1, "read": {"device_start": -1, "device_end": -1}}, "FFC_sans_bias19": {"write": {"device_start": -1, "host_queued_start": 1585499627.887398, "device_queued": -1, "device_end": -1, "host_queued_end": 1585499627.899403}, "device": "cpu", "nd_range": {"device_start": 2167402.093035799, "device_end": 2167402.094981864}, "cmdq": 2, "read": {"device_start": -1, "device_end": -1}}, "FFC_sans_bias18": {"write": {"device_start": -1, "host_queued_start": 1585499627.886892, "device_queued": -1, "device_end": -1, "host_queued_end": 1585499627.899403}, "device": "cpu", "nd_range": {"device_start": 2167402.097357659, "device_end": 2167402.0991561944}, "cmdq": 1, "read": {"device_start": -1, "device_end": -1}}, "coalesced_transpose30": {"write": {"device_start": -1, "host_queued_start": 1585499627.892261, "device_queued": -1, "device_end": -1, "host_queued_end": 1585499627.899403}, "device": "cpu", "nd_range": {"device_start": 2167402.097513272, "device_end": 2167402.097568518}, "cmdq": 3, "read": {"device_start": -1, "device_end": -1}}, "FFC_sans_bias69": {"write": {"device_start": -1, "host_queued_start": 1585499627.879273, "device_queued": -1, "device_end": -1, "host_queued_end": 1585499627.880828}, "device": "gpu", "nd_range": {"device_start": 1585499564.979263, "device_end": 1585499564.9794102}, "cmdq": 1, "read": {"device_start": -1, "device_end": -1}}, "FFC_sans_bias38": {"write": {"device_start": -1, "host_queued_start": 1585499627.890964, "device_queued": -1, "device_end": -1, "host_queued_end": 1585499627.899403}, "device": "cpu", "nd_range": {"device_start": 2167402.092900665, "device_end": 2167402.094870678}, "cmdq": 4, "read": {"device_start": -1, "device_end": -1}}, "coalesced_transpose57": {"write": {"device_start": -1, "host_queued_start": 1585499627.876576, "device_queued": -1, "device_end": -1, "host_queued_end": 1585499627.880828}, "device": "gpu", "nd_range": {"device_start": 1585499564.9788299, "device_end": 1585499564.9788365}, "cmdq": 1, "read": {"device_start": -1, "device_end": -1}}, "empty26": {"write": {"device_start": -1, "host_queued_start": 1585499627.882413, "device_queued": -1, "device_end": -1, "host_queued_end": 1585499627.899403}, "device": "cpu", "nd_range": {"device_start": 2167402.0910137943, "device_end": 2167402.091015031}, "cmdq": 2, "read": {"device_start": -1, "device_end": -1}}, "coalesced_transpose12": {"write": {"device_start": -1, "host_queued_start": 1585499627.891575, "device_queued": -1, "device_end": -1, "host_queued_end": 1585499627.899403}, "device": "cpu", "nd_range": {"device_start": 2167402.101583953, "device_end": 2167402.10174123}, "cmdq": 1, "read": {"device_start": -1, "device_end": -1}}, "empty44": {"write": {"device_start": -1, "host_queued_start": 1585499627.883302, "device_queued": -1, "device_end": -1, "host_queued_end": 1585499627.899403}, "device": "cpu", "nd_range": {"device_start": 2167402.0889971573, "device_end": 2167402.089008499}, "cmdq": 4, "read": {"device_start": -1, "device_end": -1}}, "coalesced_transpose21": {"write": {"device_start": -1, "host_queued_start": 1585499627.89187, "device_queued": -1, "device_end": -1, "host_queued_end": 1585499627.899403}, "device": "cpu", "nd_range": {"device_start": 2167402.096672879, "device_end": 2167402.09674254}, "cmdq": 2, "read": {"device_start": -1, "device_end": -1}}, "FFC_sans_bias36": {"write": {"device_start": -1, "host_queued_start": 1585499627.889922, "device_queued": -1, "device_end": -1, "host_queued_end": 1585499627.899403}, "device": "cpu", "nd_range": {"device_start": 2167402.095103839, "device_end": 2167402.0965578933}, "cmdq": 2, "read": {"device_start": -1, "device_end": -1}}, "softmax14": {"write": {"device_start": -1, "host_queued_start": 1585499627.894675, "device_queued": -1, "device_end": -1, "host_queued_end": 1585499627.899403}, "device": "cpu", "nd_range": {"device_start": 2167402.103866537, "device_end": 2167402.103927427}, "cmdq": 1, "read": {"device_start": -1, "device_end": -1}}, "FFC_sans_bias13": {"write": {"device_start": -1, "host_queued_start": 1585499627.893195, "device_queued": -1, "device_end": -1, "host_queued_end": 1585499627.899403}, "device": "cpu", "nd_range": {"device_start": 2167402.101846199, "device_end": 2167402.1037636953}, "cmdq": 1, "read": {"device_start": -1, "device_end": -1}}, "empty8": {"write": {"device_start": -1, "host_queued_start": 1585499627.88149, "device_queued": -1, "device_end": -1, "host_queued_end": 1585499627.899403}, "device": "cpu", "nd_range": {"device_start": 2167402.0890289904, "device_end": 2167402.089030173}, "cmdq": 0, "read": {"device_start": -1, "device_end": -1}}, "FFC_sans_bias42": {"write": {"device_start": -1, "host_queued_start": 1585499627.89703, "device_queued": -1, "device_end": -1, "host_queued_end": 1585499627.899403}, "device": "cpu", "nd_range": {"device_start": 2167402.1053457083, "device_end": 2167402.1064304602}, "cmdq": 4, "read": {"device_start": -1, "device_end": -1}}, "FFC_sans_bias43": {"write": {"device_start": -1, "host_queued_start": 1585499627.899359, "device_queued": -1, "device_end": -1, "host_queued_end": 1585499627.899403}, "device": "cpu", "nd_range": {"device_start": 2167402.106537493, "device_end": 2167402.107604981}, "cmdq": 4, "read": {"device_start": -1, "device_end": -1}}, "FFC_sans_bias40": {"write": {"device_start": -1, "host_queued_start": 1585499627.894158, "device_queued": -1, "device_end": -1, "host_queued_end": 1585499627.899403}, "device": "cpu", "nd_range": {"device_start": 2167402.10325384, "device_end": 2167402.1050656172}, "cmdq": 4, "read": {"device_start": -1, "device_end": -1}}, "softmax32": {"write": {"device_start": -1, "host_queued_start": 1585499627.895201, "device_queued": -1, "device_end": -1, "host_queued_end": 1585499627.899403}, "device": "cpu", "nd_range": {"device_start": 2167402.101876875, "device_end": 2167402.1019250513}, "cmdq": 3, "read": {"device_start": -1, "device_end": -1}}, "FFC_sans_bias47": {"write": {"device_start": 1585499564.9782605, "host_queued_start": 1585499627.872845, "device_queued": 1585499564.9781888, "device_end": 1585499564.9782727, "host_queued_end": 1585499627.880828}, "device": "gpu", "nd_range": {"device_start": 1585499564.978274, "device_end": 1585499564.978387}, "cmdq": 1, "read": {"device_start": -1, "device_end": -1}}, "FFC_sans_bias45": {"write": {"device_start": 1585499564.9781382, "host_queued_start": 1585499627.871858, "device_queued": 1585499564.978115, "device_end": 1585499564.978147, "host_queued_end": 1585499627.880828}, "device": "gpu", "nd_range": {"device_start": 1585499564.978148, "device_end": 1585499564.9782584}, "cmdq": 1, "read": {"device_start": -1, "device_end": -1}}, "softmax50": {"write": {"device_start": -1, "host_queued_start": 1585499627.877938, "device_queued": -1, "device_end": -1, "host_queued_end": 1585499627.880828}, "device": "gpu", "nd_range": {"device_start": 1585499564.9790378, "device_end": 1585499564.979109}, "cmdq": 0, "read": {"device_start": -1, "device_end": -1}}, "FFC_sans_bias33": {"write": {"device_start": -1, "host_queued_start": 1585499627.89671, "device_queued": -1, "device_end": -1, "host_queued_end": 1585499627.899403}, "device": "cpu", "nd_range": {"device_start": 2167402.102089047, "device_end": 2167402.1040046914}, "cmdq": 3, "read": {"device_start": -1, "device_end": -1}}, "FFC_sans_bias63": {"write": {"device_start": 1585499564.9787045, "host_queued_start": 1585499627.876013, "device_queued": 1585499564.9785273, "device_end": 1585499564.978718, "host_queued_end": 1585499627.880828}, "device": "gpu", "nd_range": {"device_start": 1585499564.9787192, "device_end": 1585499564.978829}, "cmdq": 1, "read": {"device_start": -1, "device_end": -1}}, "FFC_sans_bias49": {"write": {"device_start": -1, "host_queued_start": 1585499627.877144, "device_queued": -1, "device_end": -1, "host_queued_end": 1585499627.880828}, "device": "gpu", "nd_range": {"device_start": 1585499564.978838, "device_end": 1585499564.9789495}, "cmdq": 1, "read": {"device_start": -1, "device_end": -1}}, "FFC_sans_bias64": {"write": {"device_start": 1585499564.9785435, "host_queued_start": 1585499627.874858, "device_queued": 1585499564.978357, "device_end": 1585499564.978552, "host_queued_end": 1585499627.880828}, "device": "gpu", "nd_range": {"device_start": 1585499564.9785533, "device_end": 1585499564.9787025}, "cmdq": 1, "read": {"device_start": -1, "device_end": -1}}, "FFC_sans_bias65": {"write": {"device_start": 1585499564.978608, "host_queued_start": 1585499627.875501, "device_queued": 1585499564.9784932, "device_end": 1585499564.9786165, "host_queued_end": 1585499627.880828}, "device": "gpu", "nd_range": {"device_start": 1585499564.9786174, "device_end": 1585499564.9787617}, "cmdq": 0, "read": {"device_start": -1, "device_end": -1}}, "FFC_sans_bias67": {"write": {"device_start": -1, "host_queued_start": 1585499627.877707, "device_queued": -1, "device_end": -1, "host_queued_end": 1585499627.880828}, "device": "gpu", "nd_range": {"device_start": 1585499564.9789526, "device_end": 1585499564.979066}, "cmdq": 1, "read": {"device_start": -1, "device_end": -1}}, "FFC_sans_bias24": {"write": {"device_start": -1, "host_queued_start": 1585499627.89639, "device_queued": -1, "device_end": -1, "host_queued_end": 1585499627.899403}, "device": "cpu", "nd_range": {"device_start": 2167402.099794902, "device_end": 2167402.101498023}, "cmdq": 2, "read": {"device_start": -1, "device_end": -1}}, "FFC_sans_bias25": {"write": {"device_start": -1, "host_queued_start": 1585499627.898436, "device_queued": -1, "device_end": -1, "host_queued_end": 1585499627.899403}, "device": "cpu", "nd_range": {"device_start": 2167402.101614107, "device_end": 2167402.104708931}, "cmdq": 2, "read": {"device_start": -1, "device_end": -1}}, "FFC_sans_bias27": {"write": {"device_start": -1, "host_queued_start": 1585499627.888403, "device_queued": -1, "device_end": -1, "host_queued_end": 1585499627.899403}, "device": "cpu", "nd_range": {"device_start": 2167402.090971244, "device_end": 2167402.092895891}, "cmdq": 4, "read": {"device_start": -1, "device_end": -1}}, "FFC_sans_bias20": {"write": {"device_start": -1, "host_queued_start": 1585499627.887903, "device_queued": -1, "device_end": -1, "host_queued_end": 1585499627.899403}, "device": "cpu", "nd_range": {"device_start": 2167402.094130423, "device_end": 2167402.0960735213}, "cmdq": 3, "read": {"device_start": -1, "device_end": -1}}, "FFC_sans_bias22": {"write": {"device_start": -1, "host_queued_start": 1585499627.893516, "device_queued": -1, "device_end": -1, "host_queued_end": 1585499627.899403}, "device": "cpu", "nd_range": {"device_start": 2167402.096849225, "device_end": 2167402.099635606}, "cmdq": 2, "read": {"device_start": -1, "device_end": -1}}, "softmax68": {"write": {"device_start": -1, "host_queued_start": 1585499627.878371, "device_queued": -1, "device_end": -1, "host_queued_end": 1585499627.880828}, "device": "gpu", "nd_range": {"device_start": 1585499564.9791114, "device_end": 1585499564.9792175}, "cmdq": 0, "read": {"device_start": -1, "device_end": -1}}, "softmax5": {"write": {"device_start": -1, "host_queued_start": 1585499627.894423, "device_queued": -1, "device_end": -1, "host_queued_end": 1585499627.899403}, "device": "cpu", "nd_range": {"device_start": 2167402.099401075, "device_end": 2167402.0994563913}, "cmdq": 0, "read": {"device_start": -1, "device_end": -1}}, "FFC_sans_bias28": {"write": {"device_start": -1, "host_queued_start": 1585499627.888906, "device_queued": -1, "device_end": -1, "host_queued_end": 1585499627.899403}, "device": "cpu", "nd_range": {"device_start": 2167402.0929527343, "device_end": 2167402.095796003}, "cmdq": 0, "read": {"device_start": -1, "device_end": -1}}, "FFC_sans_bias29": {"write": {"device_start": -1, "host_queued_start": 1585499627.889414, "device_queued": -1, "device_end": -1, "host_queued_end": 1585499627.899403}, "device": "cpu", "nd_range": {"device_start": 2167402.0992715033, "device_end": 2167402.101570397}, "cmdq": 1, "read": {"device_start": -1, "device_end": -1}}, "empty17": {"write": {"device_start": -1, "host_queued_start": 1585499627.881963, "device_queued": -1, "device_end": -1, "host_queued_end": 1585499627.899403}, "device": "cpu", "nd_range": {"device_start": 2167402.0889971363, "device_end": 2167402.0890085083}, "cmdq": 1, "read": {"device_start": -1, "device_end": -1}}, "softmax59": {"write": {"device_start": -1, "host_queued_start": 1585499627.878147, "device_queued": -1, "device_end": -1, "host_queued_end": 1585499627.880828}, "device": "gpu", "nd_range": {"device_start": 1585499564.9790683, "device_end": 1585499564.9791455}, "cmdq": 1, "read": {"device_start": -1, "device_end": -1}}, "empty71": {"write": {"device_start": 1585499564.9781048, "host_queued_start": 1585499627.871334, "device_queued": 1585499564.978083, "device_end": 1585499564.9781134, "host_queued_end": 1585499627.880828}, "device": "gpu", "nd_range": {"device_start": 1585499564.9781144, "device_end": 1585499564.978118}, "cmdq": 0, "read": {"device_start": -1, "device_end": -1}}, "empty35": {"write": {"device_start": -1, "host_queued_start": 1585499627.882851, "device_queued": -1, "device_end": -1, "host_queued_end": 1585499627.899403}, "device": "cpu", "nd_range": {"device_start": 2167402.089029243, "device_end": 2167402.089033206}, "cmdq": 3, "read": {"device_start": -1, "device_end": -1}}, "empty53": {"write": {"device_start": 1585499564.9780073, "host_queued_start": 1585499627.870318, "device_queued": 1585499564.9779642, "device_end": 1585499564.978016, "host_queued_end": 1585499627.880828}, "device": "gpu", "nd_range": {"device_start": 1585499564.978026, "device_end": 1585499564.9780457}, "cmdq": 0, "read": {"device_start": -1, "device_end": -1}}, "FFC_sans_bias46": {"write": {"device_start": 1585499564.9781752, "host_queued_start": 1585499627.872353, "device_queued": 1585499564.9781542, "device_end": 1585499564.9781837, "host_queued_end": 1585499627.880828}, "device": "gpu", "nd_range": {"device_start": 1585499564.9781847, "device_end": 1585499564.978318}, "cmdq": 0, "read": {"device_start": -1, "device_end": -1}}, "coalesced_transpose66": {"write": {"device_start": -1, "host_queued_start": 1585499627.876855, "device_queued": -1, "device_end": -1, "host_queued_end": 1585499627.880828}, "device": "gpu", "nd_range": {"device_start": 1585499564.978778, "device_end": 1585499564.9787834}, "cmdq": 0, "read": {"device_start": -1, "device_end": -1}}, "coalesced_transpose48": {"write": {"device_start": -1, "host_queued_start": 1585499627.87632, "device_queued": -1, "device_end": -1, "host_queued_end": 1585499627.880828}, "device": "gpu", "nd_range": {"device_start": 1585499564.9787626, "device_end": 1585499564.978777}, "cmdq": 0, "read": {"device_start": -1, "device_end": -1}}}