{"FFC_sans_bias60": {"write": {"device_start": -1, "host_queued_start": 1585499427.345974, "device_queued": -1, "device_end": -1, "host_queued_end": 1585499427.349346}, "device": "gpu", "nd_range": {"device_start": 1585499364.4566307, "device_end": 1585499364.4567363}, "cmdq": 0, "read": {"device_start": -1, "device_end": -1}}, "FFC_sans_bias4": {"write": {"device_start": -1, "host_queued_start": 1585499427.35483, "device_queued": -1, "device_end": -1, "host_queued_end": 1585499427.357297}, "device": "cpu", "nd_range": {"device_start": 2167201.550768039, "device_end": 2167201.551409459}, "cmdq": 0, "read": {"device_start": -1, "device_end": -1}}, "FFC_sans_bias7": {"write": {"device_start": -1, "host_queued_start": 1585499427.356802, "device_queued": -1, "device_end": -1, "host_queued_end": 1585499427.357297}, "device": "cpu", "nd_range": {"device_start": 2167201.5531133153, "device_end": 2167201.5535960803}, "cmdq": 0, "read": {"device_start": -1, "device_end": -1}}, "FFC_sans_bias6": {"write": {"device_start": -1, "host_queued_start": 1585499427.355992, "device_queued": -1, "device_end": -1, "host_queued_end": 1585499427.357297}, "device": "cpu", "nd_range": {"device_start": 2167201.552131006, "device_end": 2167201.552613935}, "cmdq": 0, "read": {"device_start": -1, "device_end": -1}}, "FFC_sans_bias1": {"write": {"device_start": -1, "host_queued_start": 1585499427.351778, "device_queued": -1, "device_end": -1, "host_queued_end": 1585499427.357297}, "device": "cpu", "nd_range": {"device_start": 2167201.5476934123, "device_end": 2167201.548314961}, "cmdq": 0, "read": {"device_start": -1, "device_end": -1}}, "FFC_sans_bias0": {"write": {"device_start": -1, "host_queued_start": 1585499427.351227, "device_queued": -1, "device_end": -1, "host_queued_end": 1585499427.357297}, "device": "cpu", "nd_range": {"device_start": 2167201.54689322, "device_end": 2167201.5476756063}, "cmdq": 0, "read": {"device_start": -1, "device_end": -1}}, "FFC_sans_bias2": {"write": {"device_start": -1, "host_queued_start": 1585499427.352323, "device_queued": -1, "device_end": -1, "host_queued_end": 1585499427.357297}, "device": "cpu", "nd_range": {"device_start": 2167201.548322624, "device_end": 2167201.548908169}, "cmdq": 0, "read": {"device_start": -1, "device_end": -1}}, "FFC_sans_bias61": {"write": {"device_start": 1585499364.457585, "host_queued_start": 1585499427.348755, "device_queued": 1585499364.4545782, "device_end": 1585499364.4575937, "host_queued_end": 1585499427.349346}, "device": "gpu", "nd_range": {"device_start": 1585499364.4575946, "device_end": 1585499364.457701}, "cmdq": 0, "read": {"device_start": 1585499364.4577038, "device_end": 1585499364.4577112}}, "FFC_sans_bias52": {"write": {"device_start": 1585499364.4574099, "host_queued_start": 1585499427.348258, "device_queued": 1585499364.454533, "device_end": 1585499364.4574187, "host_queued_end": 1585499427.349346}, "device": "gpu", "nd_range": {"device_start": 1585499364.4574199, "device_end": 1585499364.457525}, "cmdq": 0, "read": {"device_start": 1585499364.4575276, "device_end": 1585499364.4575343}}, "FFC_sans_bias9": {"write": {"device_start": -1, "host_queued_start": 1585499427.352814, "device_queued": -1, "device_end": -1, "host_queued_end": 1585499427.357297}, "device": "cpu", "nd_range": {"device_start": 2167201.548912748, "device_end": 2167201.549564583}, "cmdq": 0, "read": {"device_start": -1, "device_end": -1}}, "coalesced_transpose39": {"write": {"device_start": -1, "host_queued_start": 1585499427.340609, "device_queued": -1, "device_end": -1, "host_queued_end": 1585499427.349346}, "device": "gpu", "nd_range": {"device_start": 1585499364.4550803, "device_end": 1585499364.455085}, "cmdq": 0, "read": {"device_start": -1, "device_end": -1}}, "FFC_sans_bias55": {"write": {"device_start": 1585499364.4545944, "host_queued_start": 1585499427.338243, "device_queued": 1585499364.453717, "device_end": 1585499364.4546032, "host_queued_end": 1585499427.349346}, "device": "gpu", "nd_range": {"device_start": 1585499364.4546041, "device_end": 1585499364.45471}, "cmdq": 0, "read": {"device_start": -1, "device_end": -1}}, "FFC_sans_bias54": {"write": {"device_start": 1585499364.4544737, "host_queued_start": 1585499427.337744, "device_queued": 1585499364.453679, "device_end": 1585499364.4544868, "host_queued_end": 1585499427.349346}, "device": "gpu", "nd_range": {"device_start": 1585499364.4544883, "device_end": 1585499364.454593}, "cmdq": 0, "read": {"device_start": -1, "device_end": -1}}, "FFC_sans_bias56": {"write": {"device_start": 1585499364.4543557, "host_queued_start": 1585499427.337257, "device_queued": 1585499364.4535549, "device_end": 1585499364.4543662, "host_queued_end": 1585499427.349346}, "device": "gpu", "nd_range": {"device_start": 1585499364.4543674, "device_end": 1585499364.4544728}, "cmdq": 0, "read": {"device_start": -1, "device_end": -1}}, "FFC_sans_bias51": {"write": {"device_start": -1, "host_queued_start": 1585499427.34568, "device_queued": -1, "device_end": -1, "host_queued_end": 1585499427.349346}, "device": "gpu", "nd_range": {"device_start": 1585499364.4565217, "device_end": 1585499364.4566293}, "cmdq": 0, "read": {"device_start": -1, "device_end": -1}}, "softmax23": {"write": {"device_start": -1, "host_queued_start": 1585499427.343403, "device_queued": -1, "device_end": -1, "host_queued_end": 1585499427.349346}, "device": "gpu", "nd_range": {"device_start": 1585499364.455752, "device_end": 1585499364.4558272}, "cmdq": 0, "read": {"device_start": -1, "device_end": -1}}, "FFC_sans_bias37": {"write": {"device_start": 1585499364.4537723, "host_queued_start": 1585499427.334792, "device_queued": 1585499364.4533472, "device_end": 1585499364.4537811, "host_queued_end": 1585499427.349346}, "device": "gpu", "nd_range": {"device_start": 1585499364.453782, "device_end": 1585499364.4538872}, "cmdq": 0, "read": {"device_start": -1, "device_end": -1}}, "empty62": {"write": {"device_start": 1585499364.4528785, "host_queued_start": 1585499427.330186, "device_queued": 1585499364.452857, "device_end": 1585499364.452887, "host_queued_end": 1585499427.349346}, "device": "gpu", "nd_range": {"device_start": 1585499364.4528883, "device_end": 1585499364.4528918}, "cmdq": 0, "read": {"device_start": -1, "device_end": -1}}, "FFC_sans_bias70": {"write": {"device_start": 1585499364.4577622, "host_queued_start": 1585499427.349249, "device_queued": 1585499364.4546325, "device_end": 1585499364.4577708, "host_queued_end": 1585499427.349346}, "device": "gpu", "nd_range": {"device_start": 1585499364.4577718, "device_end": 1585499364.457878}, "cmdq": 0, "read": {"device_start": 1585499364.457886, "device_end": 1585499364.4578924}}, "FFC_sans_bias58": {"write": {"device_start": -1, "host_queued_start": 1585499427.3429, "device_queued": -1, "device_end": -1, "host_queued_end": 1585499427.349346}, "device": "gpu", "nd_range": {"device_start": 1585499364.4555333, "device_end": 1585499364.4556432}, "cmdq": 0, "read": {"device_start": -1, "device_end": -1}}, "softmax41": {"write": {"device_start": -1, "host_queued_start": 1585499427.343854, "device_queued": -1, "device_end": -1, "host_queued_end": 1585499427.349346}, "device": "gpu", "nd_range": {"device_start": 1585499364.4558992, "device_end": 1585499364.4559712}, "cmdq": 0, "read": {"device_start": -1, "device_end": -1}}, "FFC_sans_bias11": {"write": {"device_start": -1, "host_queued_start": 1585499427.353808, "device_queued": -1, "device_end": -1, "host_queued_end": 1585499427.357297}, "device": "cpu", "nd_range": {"device_start": 2167201.5501595563, "device_end": 2167201.5506948084}, "cmdq": 0, "read": {"device_start": -1, "device_end": -1}}, "FFC_sans_bias10": {"write": {"device_start": -1, "host_queued_start": 1585499427.353304, "device_queued": -1, "device_end": -1, "host_queued_end": 1585499427.357297}, "device": "cpu", "nd_range": {"device_start": 2167201.549568208, "device_end": 2167201.550086806}, "cmdq": 0, "read": {"device_start": -1, "device_end": -1}}, "coalesced_transpose3": {"write": {"device_start": -1, "host_queued_start": 1585499427.354114, "device_queued": -1, "device_end": -1, "host_queued_end": 1585499427.357297}, "device": "cpu", "nd_range": {"device_start": 2167201.5507088373, "device_end": 2167201.550726722}, "cmdq": 0, "read": {"device_start": -1, "device_end": -1}}, "FFC_sans_bias34": {"write": {"device_start": 1585499364.4570484, "host_queued_start": 1585499427.347278, "device_queued": 1585499364.4544206, "device_end": 1585499364.4570572, "host_queued_end": 1585499427.349346}, "device": "gpu", "nd_range": {"device_start": 1585499364.4570582, "device_end": 1585499364.457163}, "cmdq": 0, "read": {"device_start": 1585499364.4571667, "device_end": 1585499364.4571736}}, "FFC_sans_bias15": {"write": {"device_start": -1, "host_queued_start": 1585499427.356307, "device_queued": -1, "device_end": -1, "host_queued_end": 1585499427.357297}, "device": "cpu", "nd_range": {"device_start": 2167201.552626497, "device_end": 2167201.553109032}, "cmdq": 0, "read": {"device_start": -1, "device_end": -1}}, "FFC_sans_bias31": {"write": {"device_start": -1, "host_queued_start": 1585499427.341999, "device_queued": -1, "device_end": -1, "host_queued_end": 1585499427.349346}, "device": "gpu", "nd_range": {"device_start": 1585499364.4552119, "device_end": 1585499364.455318}, "cmdq": 0, "read": {"device_start": -1, "device_end": -1}}, "FFC_sans_bias16": {"write": {"device_start": -1, "host_queued_start": 1585499427.357253, "device_queued": -1, "device_end": -1, "host_queued_end": 1585499427.357297}, "device": "cpu", "nd_range": {"device_start": 2167201.553598097, "device_end": 2167201.554319649}, "cmdq": 0, "read": {"device_start": -1, "device_end": -1}}, "FFC_sans_bias19": {"write": {"device_start": 1585499364.4530659, "host_queued_start": 1585499427.331614, "device_queued": 1585499364.452966, "device_end": 1585499364.453077, "host_queued_end": 1585499427.349346}, "device": "gpu", "nd_range": {"device_start": 1585499364.4530783, "device_end": 1585499364.453184}, "cmdq": 0, "read": {"device_start": -1, "device_end": -1}}, "FFC_sans_bias18": {"write": {"device_start": 1585499364.4529464, "host_queued_start": 1585499427.331132, "device_queued": 1585499364.4529254, "device_end": 1585499364.4529552, "host_queued_end": 1585499427.349346}, "device": "gpu", "nd_range": {"device_start": 1585499364.4529564, "device_end": 1585499364.4530642}, "cmdq": 0, "read": {"device_start": -1, "device_end": -1}}, "coalesced_transpose30": {"write": {"device_start": -1, "host_queued_start": 1585499427.340331, "device_queued": -1, "device_end": -1, "host_queued_end": 1585499427.349346}, "device": "gpu", "nd_range": {"device_start": 1585499364.4550738, "device_end": 1585499364.455079}, "cmdq": 0, "read": {"device_start": -1, "device_end": -1}}, "FFC_sans_bias69": {"write": {"device_start": -1, "host_queued_start": 1585499427.34626, "device_queued": -1, "device_end": -1, "host_queued_end": 1585499427.349346}, "device": "gpu", "nd_range": {"device_start": 1585499364.4567373, "device_end": 1585499364.4568424}, "cmdq": 0, "read": {"device_start": -1, "device_end": -1}}, "FFC_sans_bias38": {"write": {"device_start": 1585499364.4538887, "host_queued_start": 1585499427.33529, "device_queued": 1585499364.4533916, "device_end": 1585499364.453897, "host_queued_end": 1585499427.349346}, "device": "gpu", "nd_range": {"device_start": 1585499364.4538984, "device_end": 1585499364.4540024}, "cmdq": 0, "read": {"device_start": -1, "device_end": -1}}, "coalesced_transpose57": {"write": {"device_start": -1, "host_queued_start": 1585499427.341158, "device_queued": -1, "device_end": -1, "host_queued_end": 1585499427.349346}, "device": "gpu", "nd_range": {"device_start": 1585499364.4550924, "device_end": 1585499364.455097}, "cmdq": 0, "read": {"device_start": -1, "device_end": -1}}, "empty26": {"write": {"device_start": 1585499364.4526975, "host_queued_start": 1585499427.328485, "device_queued": 1585499364.452649, "device_end": 1585499364.452706, "host_queued_end": 1585499427.349346}, "device": "gpu", "nd_range": {"device_start": 1585499364.4527323, "device_end": 1585499364.452745}, "cmdq": 0, "read": {"device_start": -1, "device_end": -1}}, "coalesced_transpose12": {"write": {"device_start": -1, "host_queued_start": 1585499427.354452, "device_queued": -1, "device_end": -1, "host_queued_end": 1585499427.357297}, "device": "cpu", "nd_range": {"device_start": 2167201.550738042, "device_end": 2167201.550756834}, "cmdq": 0, "read": {"device_start": -1, "device_end": -1}}, "empty44": {"write": {"device_start": 1585499364.4528093, "host_queued_start": 1585499427.329449, "device_queued": 1585499364.452788, "device_end": 1585499364.452818, "host_queued_end": 1585499427.349346}, "device": "gpu", "nd_range": {"device_start": 1585499364.4528193, "device_end": 1585499364.4528227}, "cmdq": 0, "read": {"device_start": -1, "device_end": -1}}, "coalesced_transpose21": {"write": {"device_start": -1, "host_queued_start": 1585499427.340058, "device_queued": -1, "device_end": -1, "host_queued_end": 1585499427.349346}, "device": "gpu", "nd_range": {"device_start": 1585499364.4550664, "device_end": 1585499364.4550726}, "cmdq": 0, "read": {"device_start": -1, "device_end": -1}}, "FFC_sans_bias36": {"write": {"device_start": 1585499364.4536572, "host_queued_start": 1585499427.334237, "device_queued": 1585499364.4532914, "device_end": 1585499364.453666, "host_queued_end": 1585499427.349346}, "device": "gpu", "nd_range": {"device_start": 1585499364.453667, "device_end": 1585499364.453771}, "cmdq": 0, "read": {"device_start": -1, "device_end": -1}}, "softmax14": {"write": {"device_start": -1, "host_queued_start": 1585499427.355685, "device_queued": -1, "device_end": -1, "host_queued_end": 1585499427.357297}, "device": "cpu", "nd_range": {"device_start": 2167201.5521045243, "device_end": 2167201.552124861}, "cmdq": 0, "read": {"device_start": -1, "device_end": -1}}, "FFC_sans_bias13": {"write": {"device_start": -1, "host_queued_start": 1585499427.35519, "device_queued": -1, "device_end": -1, "host_queued_end": 1585499427.357297}, "device": "cpu", "nd_range": {"device_start": 2167201.551552641, "device_end": 2167201.552062298}, "cmdq": 0, "read": {"device_start": -1, "device_end": -1}}, "empty8": {"write": {"device_start": -1, "host_queued_start": 1585499427.350165, "device_queued": -1, "device_end": -1, "host_queued_end": 1585499427.357297}, "device": "cpu", "nd_range": {"device_start": 2167201.546864688, "device_end": 2167201.546873295}, "cmdq": 0, "read": {"device_start": -1, "device_end": -1}}, "FFC_sans_bias42": {"write": {"device_start": -1, "host_queued_start": 1585499427.345403, "device_queued": -1, "device_end": -1, "host_queued_end": 1585499427.349346}, "device": "gpu", "nd_range": {"device_start": 1585499364.4564142, "device_end": 1585499364.4565203}, "cmdq": 0, "read": {"device_start": -1, "device_end": -1}}, "FFC_sans_bias43": {"write": {"device_start": 1585499364.4572256, "host_queued_start": 1585499427.347769, "device_queued": 1585499364.4544873, "device_end": 1585499364.4572344, "host_queued_end": 1585499427.349346}, "device": "gpu", "nd_range": {"device_start": 1585499364.4572353, "device_end": 1585499364.4573412}, "cmdq": 0, "read": {"device_start": 1585499364.4573433, "device_end": 1585499364.4573505}}, "FFC_sans_bias40": {"write": {"device_start": -1, "host_queued_start": 1585499427.342289, "device_queued": -1, "device_end": -1, "host_queued_end": 1585499427.349346}, "device": "gpu", "nd_range": {"device_start": 1585499364.4553192, "device_end": 1585499364.4554243}, "cmdq": 0, "read": {"device_start": -1, "device_end": -1}}, "softmax32": {"write": {"device_start": -1, "host_queued_start": 1585499427.343628, "device_queued": -1, "device_end": -1, "host_queued_end": 1585499427.349346}, "device": "gpu", "nd_range": {"device_start": 1585499364.4558287, "device_end": 1585499364.455898}, "cmdq": 0, "read": {"device_start": -1, "device_end": -1}}, "FFC_sans_bias47": {"write": {"device_start": 1585499364.4542396, "host_queued_start": 1585499427.336771, "device_queued": 1585499364.4534988, "device_end": 1585499364.4542482, "host_queued_end": 1585499427.349346}, "device": "gpu", "nd_range": {"device_start": 1585499364.4542494, "device_end": 1585499364.4543545}, "cmdq": 0, "read": {"device_start": -1, "device_end": -1}}, "FFC_sans_bias45": {"write": {"device_start": 1585499364.4540033, "host_queued_start": 1585499427.335781, "device_queued": 1585499364.4534261, "device_end": 1585499364.454012, "host_queued_end": 1585499427.349346}, "device": "gpu", "nd_range": {"device_start": 1585499364.4540133, "device_end": 1585499364.4541204}, "cmdq": 0, "read": {"device_start": -1, "device_end": -1}}, "softmax50": {"write": {"device_start": -1, "host_queued_start": 1585499427.344077, "device_queued": -1, "device_end": -1, "host_queued_end": 1585499427.349346}, "device": "gpu", "nd_range": {"device_start": 1585499364.4559722, "device_end": 1585499364.456042}, "cmdq": 0, "read": {"device_start": -1, "device_end": -1}}, "FFC_sans_bias33": {"write": {"device_start": -1, "host_queued_start": 1585499427.345108, "device_queued": -1, "device_end": -1, "host_queued_end": 1585499427.349346}, "device": "gpu", "nd_range": {"device_start": 1585499364.4563065, "device_end": 1585499364.456413}, "cmdq": 0, "read": {"device_start": -1, "device_end": -1}}, "FFC_sans_bias63": {"write": {"device_start": 1585499364.4549484, "host_queued_start": 1585499427.339767, "device_queued": 1585499364.4538238, "device_end": 1585499364.4549572, "host_queued_end": 1585499427.349346}, "device": "gpu", "nd_range": {"device_start": 1585499364.4549582, "device_end": 1585499364.4550655}, "cmdq": 0, "read": {"device_start": -1, "device_end": -1}}, "FFC_sans_bias49": {"write": {"device_start": -1, "host_queued_start": 1585499427.342568, "device_queued": -1, "device_end": -1, "host_queued_end": 1585499427.349346}, "device": "gpu", "nd_range": {"device_start": 1585499364.4554257, "device_end": 1585499364.455532}, "cmdq": 0, "read": {"device_start": -1, "device_end": -1}}, "FFC_sans_bias64": {"write": {"device_start": 1585499364.4547112, "host_queued_start": 1585499427.338779, "device_queued": 1585499364.4537532, "device_end": 1585499364.4547198, "host_queued_end": 1585499427.349346}, "device": "gpu", "nd_range": {"device_start": 1585499364.4547212, "device_end": 1585499364.4548311}, "cmdq": 0, "read": {"device_start": -1, "device_end": -1}}, "FFC_sans_bias65": {"write": {"device_start": 1585499364.4548323, "host_queued_start": 1585499427.339276, "device_queued": 1585499364.4537902, "device_end": 1585499364.454841, "host_queued_end": 1585499427.349346}, "device": "gpu", "nd_range": {"device_start": 1585499364.4548426, "device_end": 1585499364.4549472}, "cmdq": 0, "read": {"device_start": -1, "device_end": -1}}, "FFC_sans_bias67": {"write": {"device_start": -1, "host_queued_start": 1585499427.343192, "device_queued": -1, "device_end": -1, "host_queued_end": 1585499427.349346}, "device": "gpu", "nd_range": {"device_start": 1585499364.4556446, "device_end": 1585499364.4557505}, "cmdq": 0, "read": {"device_start": -1, "device_end": -1}}, "FFC_sans_bias24": {"write": {"device_start": -1, "host_queued_start": 1585499427.344808, "device_queued": -1, "device_end": -1, "host_queued_end": 1585499427.349346}, "device": "gpu", "nd_range": {"device_start": 1585499364.4562001, "device_end": 1585499364.4563055}, "cmdq": 0, "read": {"device_start": -1, "device_end": -1}}, "FFC_sans_bias25": {"write": {"device_start": 1585499364.4568434, "host_queued_start": 1585499427.346767, "device_queued": 1585499364.4543536, "device_end": 1585499364.456852, "host_queued_end": 1585499427.349346}, "device": "gpu", "nd_range": {"device_start": 1585499364.4568532, "device_end": 1585499364.4569626}, "cmdq": 0, "read": {"device_start": 1585499364.45697, "device_end": 1585499364.4569776}}, "FFC_sans_bias27": {"write": {"device_start": 1585499364.453302, "host_queued_start": 1585499427.332612, "device_queued": 1585499364.45305, "device_end": 1585499364.453314, "host_queued_end": 1585499427.349346}, "device": "gpu", "nd_range": {"device_start": 1585499364.4533155, "device_end": 1585499364.4534197}, "cmdq": 0, "read": {"device_start": -1, "device_end": -1}}, "FFC_sans_bias20": {"write": {"device_start": 1585499364.4531848, "host_queued_start": 1585499427.332115, "device_queued": 1585499364.4530113, "device_end": 1585499364.4531937, "host_queued_end": 1585499427.349346}, "device": "gpu", "nd_range": {"device_start": 1585499364.4531946, "device_end": 1585499364.4533002}, "cmdq": 0, "read": {"device_start": -1, "device_end": -1}}, "FFC_sans_bias22": {"write": {"device_start": -1, "host_queued_start": 1585499427.341707, "device_queued": -1, "device_end": -1, "host_queued_end": 1585499427.349346}, "device": "gpu", "nd_range": {"device_start": 1585499364.4551039, "device_end": 1585499364.4552107}, "cmdq": 0, "read": {"device_start": -1, "device_end": -1}}, "softmax68": {"write": {"device_start": -1, "host_queued_start": 1585499427.344529, "device_queued": -1, "device_end": -1, "host_queued_end": 1585499427.349346}, "device": "gpu", "nd_range": {"device_start": 1585499364.456124, "device_end": 1585499364.456199}, "cmdq": 0, "read": {"device_start": -1, "device_end": -1}}, "softmax5": {"write": {"device_start": -1, "host_queued_start": 1585499427.355455, "device_queued": -1, "device_end": -1, "host_queued_end": 1585499427.357297}, "device": "cpu", "nd_range": {"device_start": 2167201.55207129, "device_end": 2167201.552097497}, "cmdq": 0, "read": {"device_start": -1, "device_end": -1}}, "FFC_sans_bias28": {"write": {"device_start": 1585499364.4534206, "host_queued_start": 1585499427.333103, "device_queued": 1585499364.453105, "device_end": 1585499364.4534295, "host_queued_end": 1585499427.349346}, "device": "gpu", "nd_range": {"device_start": 1585499364.4534311, "device_end": 1585499364.4535372}, "cmdq": 0, "read": {"device_start": -1, "device_end": -1}}, "FFC_sans_bias29": {"write": {"device_start": 1585499364.4535384, "host_queued_start": 1585499427.333747, "device_queued": 1585499364.4532526, "device_end": 1585499364.453551, "host_queued_end": 1585499427.349346}, "device": "gpu", "nd_range": {"device_start": 1585499364.4535522, "device_end": 1585499364.4536562}, "cmdq": 0, "read": {"device_start": -1, "device_end": -1}}, "empty17": {"write": {"device_start": -1, "host_queued_start": 1585499427.350698, "device_queued": -1, "device_end": -1, "host_queued_end": 1585499427.357297}, "device": "cpu", "nd_range": {"device_start": 2167201.546888294, "device_end": 2167201.546889287}, "cmdq": 0, "read": {"device_start": -1, "device_end": -1}}, "softmax59": {"write": {"device_start": -1, "host_queued_start": 1585499427.3443, "device_queued": -1, "device_end": -1, "host_queued_end": 1585499427.349346}, "device": "gpu", "nd_range": {"device_start": 1585499364.456043, "device_end": 1585499364.4561226}, "cmdq": 0, "read": {"device_start": -1, "device_end": -1}}, "empty71": {"write": {"device_start": 1585499364.452914, "host_queued_start": 1585499427.33055, "device_queued": 1585499364.45289, "device_end": 1585499364.4529226, "host_queued_end": 1585499427.349346}, "device": "gpu", "nd_range": {"device_start": 1585499364.4529238, "device_end": 1585499364.452927}, "cmdq": 0, "read": {"device_start": -1, "device_end": -1}}, "empty35": {"write": {"device_start": 1585499364.4527745, "host_queued_start": 1585499427.329077, "device_queued": 1585499364.4527516, "device_end": 1585499364.452783, "host_queued_end": 1585499427.349346}, "device": "gpu", "nd_range": {"device_start": 1585499364.4527843, "device_end": 1585499364.4527876}, "cmdq": 0, "read": {"device_start": -1, "device_end": -1}}, "empty53": {"write": {"device_start": 1585499364.452844, "host_queued_start": 1585499427.329821, "device_queued": 1585499364.452822, "device_end": 1585499364.4528525, "host_queued_end": 1585499427.349346}, "device": "gpu", "nd_range": {"device_start": 1585499364.4528537, "device_end": 1585499364.4528573}, "cmdq": 0, "read": {"device_start": -1, "device_end": -1}}, "FFC_sans_bias46": {"write": {"device_start": 1585499364.4541214, "host_queued_start": 1585499427.336273, "device_queued": 1585499364.4534645, "device_end": 1585499364.45413, "host_queued_end": 1585499427.349346}, "device": "gpu", "nd_range": {"device_start": 1585499364.4541311, "device_end": 1585499364.4542387}, "cmdq": 0, "read": {"device_start": -1, "device_end": -1}}, "coalesced_transpose66": {"write": {"device_start": -1, "host_queued_start": 1585499427.341432, "device_queued": -1, "device_end": -1, "host_queued_end": 1585499427.349346}, "device": "gpu", "nd_range": {"device_start": 1585499364.4550982, "device_end": 1585499364.455103}, "cmdq": 0, "read": {"device_start": -1, "device_end": -1}}, "coalesced_transpose48": {"write": {"device_start": -1, "host_queued_start": 1585499427.340883, "device_queued": -1, "device_end": -1, "host_queued_end": 1585499427.349346}, "device": "gpu", "nd_range": {"device_start": 1585499364.4550865, "device_end": 1585499364.4550912}, "cmdq": 0, "read": {"device_start": -1, "device_end": -1}}}