{"FFC_sans_bias60": {"write": {"device_start": -1, "host_queued_start": 1585499518.263868, "device_queued": -1, "device_end": -1, "host_queued_end": 1585499518.26621}, "device": "gpu", "nd_range": {"device_start": 1585499455.3693342, "device_end": 1585499455.369439}, "cmdq": 0, "read": {"device_start": -1, "device_end": -1}}, "FFC_sans_bias4": {"write": {"device_start": -1, "host_queued_start": 1585499518.276234, "device_queued": -1, "device_end": -1, "host_queued_end": 1585499518.281427}, "device": "cpu", "nd_range": {"device_start": 2167292.477067611, "device_end": 2167292.478989087}, "cmdq": 0, "read": {"device_start": -1, "device_end": -1}}, "FFC_sans_bias7": {"write": {"device_start": -1, "host_queued_start": 1585499518.280041, "device_queued": -1, "device_end": -1, "host_queued_end": 1585499518.281427}, "device": "cpu", "nd_range": {"device_start": 2167292.482720343, "device_end": 2167292.484088357}, "cmdq": 2, "read": {"device_start": -1, "device_end": -1}}, "FFC_sans_bias6": {"write": {"device_start": -1, "host_queued_start": 1585499518.278549, "device_queued": -1, "device_end": -1, "host_queued_end": 1585499518.281427}, "device": "cpu", "nd_range": {"device_start": 2167292.48102237, "device_end": 2167292.482001189}, "cmdq": 3, "read": {"device_start": -1, "device_end": -1}}, "FFC_sans_bias1": {"write": {"device_start": -1, "host_queued_start": 1585499518.269339, "device_queued": -1, "device_end": -1, "host_queued_end": 1585499518.281427}, "device": "cpu", "nd_range": {"device_start": 2167292.471040248, "device_end": 2167292.4731766023}, "cmdq": 0, "read": {"device_start": -1, "device_end": -1}}, "FFC_sans_bias0": {"write": {"device_start": -1, "host_queued_start": 1585499518.268812, "device_queued": -1, "device_end": -1, "host_queued_end": 1585499518.281427}, "device": "cpu", "nd_range": {"device_start": 2167292.4710500403, "device_end": 2167292.473008541}, "cmdq": 4, "read": {"device_start": -1, "device_end": -1}}, "FFC_sans_bias2": {"write": {"device_start": -1, "host_queued_start": 1585499518.269946, "device_queued": -1, "device_end": -1, "host_queued_end": 1585499518.281427}, "device": "cpu", "nd_range": {"device_start": 2167292.4710499253, "device_end": 2167292.473027164}, "cmdq": 1, "read": {"device_start": -1, "device_end": -1}}, "FFC_sans_bias61": {"write": {"device_start": 1585499455.3699243, "host_queued_start": 1585499518.265601, "device_queued": 1585499455.3680441, "device_end": 1585499455.369933, "host_queued_end": 1585499518.26621}, "device": "gpu", "nd_range": {"device_start": 1585499455.3699338, "device_end": 1585499455.3700404}, "cmdq": 0, "read": {"device_start": 1585499455.3700478, "device_end": 1585499455.3700612}}, "FFC_sans_bias52": {"write": {"device_start": 1585499455.369741, "host_queued_start": 1585499518.265115, "device_queued": 1585499455.3678663, "device_end": 1585499455.3697495, "host_queued_end": 1585499518.26621}, "device": "gpu", "nd_range": {"device_start": 1585499455.3697507, "device_end": 1585499455.369857}, "cmdq": 0, "read": {"device_start": 1585499455.36986, "device_end": 1585499455.3698668}}, "FFC_sans_bias9": {"write": {"device_start": -1, "host_queued_start": 1585499518.270535, "device_queued": -1, "device_end": -1, "host_queued_end": 1585499518.281427}, "device": "cpu", "nd_range": {"device_start": 2167292.471164376, "device_end": 2167292.473103507}, "cmdq": 2, "read": {"device_start": -1, "device_end": -1}}, "coalesced_transpose39": {"write": {"device_start": -1, "host_queued_start": 1585499518.26019, "device_queued": -1, "device_end": -1, "host_queued_end": 1585499518.26621}, "device": "gpu", "nd_range": {"device_start": 1585499455.3683746, "device_end": 1585499455.36838}, "cmdq": 0, "read": {"device_start": -1, "device_end": -1}}, "FFC_sans_bias55": {"write": {"device_start": 1585499455.3679054, "host_queued_start": 1585499518.258399, "device_queued": 1585499455.3673687, "device_end": 1585499455.3679137, "host_queued_end": 1585499518.26621}, "device": "gpu", "nd_range": {"device_start": 1585499455.3679152, "device_end": 1585499455.3680232}, "cmdq": 0, "read": {"device_start": -1, "device_end": -1}}, "FFC_sans_bias54": {"write": {"device_start": 1585499455.3677888, "host_queued_start": 1585499518.257913, "device_queued": 1585499455.367332, "device_end": 1585499455.3677974, "host_queued_end": 1585499518.26621}, "device": "gpu", "nd_range": {"device_start": 1585499455.3677983, "device_end": 1585499455.3679042}, "cmdq": 0, "read": {"device_start": -1, "device_end": -1}}, "FFC_sans_bias56": {"write": {"device_start": 1585499455.3676724, "host_queued_start": 1585499518.257424, "device_queued": 1585499455.3672948, "device_end": 1585499455.3676808, "host_queued_end": 1585499518.26621}, "device": "gpu", "nd_range": {"device_start": 1585499455.3676822, "device_end": 1585499455.3677876}, "cmdq": 0, "read": {"device_start": -1, "device_end": -1}}, "FFC_sans_bias51": {"write": {"device_start": -1, "host_queued_start": 1585499518.263596, "device_queued": -1, "device_end": -1, "host_queued_end": 1585499518.26621}, "device": "gpu", "nd_range": {"device_start": 1585499455.3692272, "device_end": 1585499455.369333}, "cmdq": 0, "read": {"device_start": -1, "device_end": -1}}, "softmax23": {"write": {"device_start": -1, "host_queued_start": 1585499518.277968, "device_queued": -1, "device_end": -1, "host_queued_end": 1585499518.281427}, "device": "cpu", "nd_range": {"device_start": 2167292.479171425, "device_end": 2167292.479327791}, "cmdq": 1, "read": {"device_start": -1, "device_end": -1}}, "FFC_sans_bias37": {"write": {"device_start": 1585499455.3670883, "host_queued_start": 1585499518.254843, "device_queued": 1585499455.3669865, "device_end": 1585499455.367097, "host_queued_end": 1585499518.26621}, "device": "gpu", "nd_range": {"device_start": 1585499455.3670979, "device_end": 1585499455.367204}, "cmdq": 0, "read": {"device_start": -1, "device_end": -1}}, "empty62": {"write": {"device_start": 1585499455.366901, "host_queued_start": 1585499518.253436, "device_queued": 1585499455.3668802, "device_end": 1585499455.3669095, "host_queued_end": 1585499518.26621}, "device": "gpu", "nd_range": {"device_start": 1585499455.3669105, "device_end": 1585499455.3669138}, "cmdq": 0, "read": {"device_start": -1, "device_end": -1}}, "FFC_sans_bias70": {"write": {"device_start": 1585499455.370131, "host_queued_start": 1585499518.266113, "device_queued": 1585499455.368103, "device_end": 1585499455.3701396, "host_queued_end": 1585499518.26621}, "device": "gpu", "nd_range": {"device_start": 1585499455.3701408, "device_end": 1585499455.3702462}, "cmdq": 0, "read": {"device_start": 1585499455.3702536, "device_end": 1585499455.37026}}, "FFC_sans_bias58": {"write": {"device_start": -1, "host_queued_start": 1585499518.261857, "device_queued": -1, "device_end": -1, "host_queued_end": 1585499518.26621}, "device": "gpu", "nd_range": {"device_start": 1585499455.3686116, "device_end": 1585499455.3687184}, "cmdq": 0, "read": {"device_start": -1, "device_end": -1}}, "softmax41": {"write": {"device_start": -1, "host_queued_start": 1585499518.262353, "device_queued": -1, "device_end": -1, "host_queued_end": 1585499518.26621}, "device": "gpu", "nd_range": {"device_start": 1585499455.3688269, "device_end": 1585499455.3688996}, "cmdq": 0, "read": {"device_start": -1, "device_end": -1}}, "FFC_sans_bias11": {"write": {"device_start": -1, "host_queued_start": 1585499518.271564, "device_queued": -1, "device_end": -1, "host_queued_end": 1585499518.281427}, "device": "cpu", "nd_range": {"device_start": 2167292.475353644, "device_end": 2167292.477863138}, "cmdq": 4, "read": {"device_start": -1, "device_end": -1}}, "FFC_sans_bias10": {"write": {"device_start": -1, "host_queued_start": 1585499518.271059, "device_queued": -1, "device_end": -1, "host_queued_end": 1585499518.281427}, "device": "cpu", "nd_range": {"device_start": 2167292.473021836, "device_end": 2167292.474937953}, "cmdq": 3, "read": {"device_start": -1, "device_end": -1}}, "coalesced_transpose3": {"write": {"device_start": -1, "host_queued_start": 1585499518.274908, "device_queued": -1, "device_end": -1, "host_queued_end": 1585499518.281427}, "device": "cpu", "nd_range": {"device_start": 2167292.4752660803, "device_end": 2167292.47534008}, "cmdq": 1, "read": {"device_start": -1, "device_end": -1}}, "FFC_sans_bias34": {"write": {"device_start": -1, "host_queued_start": 1585499518.281384, "device_queued": -1, "device_end": -1, "host_queued_end": 1585499518.281427}, "device": "cpu", "nd_range": {"device_start": 2167292.4827588433, "device_end": 2167292.483839958}, "cmdq": 0, "read": {"device_start": -1, "device_end": -1}}, "FFC_sans_bias15": {"write": {"device_start": -1, "host_queued_start": 1585499518.27891, "device_queued": -1, "device_end": -1, "host_queued_end": 1585499518.281427}, "device": "cpu", "nd_range": {"device_start": 2167292.4797589662, "device_end": 2167292.48096946}, "cmdq": 4, "read": {"device_start": -1, "device_end": -1}}, "FFC_sans_bias31": {"write": {"device_start": -1, "host_queued_start": 1585499518.27719, "device_queued": -1, "device_end": -1, "host_queued_end": 1585499518.281427}, "device": "cpu", "nd_range": {"device_start": 2167292.479919338, "device_end": 2167292.48101099}, "cmdq": 3, "read": {"device_start": -1, "device_end": -1}}, "FFC_sans_bias16": {"write": {"device_start": -1, "host_queued_start": 1585499518.280492, "device_queued": -1, "device_end": -1, "host_queued_end": 1585499518.281427}, "device": "cpu", "nd_range": {"device_start": 2167292.482119556, "device_end": 2167292.4840487093}, "cmdq": 3, "read": {"device_start": -1, "device_end": -1}}, "FFC_sans_bias19": {"write": {"device_start": -1, "host_queued_start": 1585499518.272566, "device_queued": -1, "device_end": -1, "host_queued_end": 1585499518.281427}, "device": "cpu", "nd_range": {"device_start": 2167292.4730336843, "device_end": 2167292.474948469}, "cmdq": 1, "read": {"device_start": -1, "device_end": -1}}, "FFC_sans_bias18": {"write": {"device_start": -1, "host_queued_start": 1585499518.272067, "device_queued": -1, "device_end": -1, "host_queued_end": 1585499518.281427}, "device": "cpu", "nd_range": {"device_start": 2167292.473184978, "device_end": 2167292.4751007343}, "cmdq": 0, "read": {"device_start": -1, "device_end": -1}}, "coalesced_transpose30": {"write": {"device_start": -1, "host_queued_start": 1585499518.275906, "device_queued": -1, "device_end": -1, "host_queued_end": 1585499518.281427}, "device": "cpu", "nd_range": {"device_start": 2167292.4795513763, "device_end": 2167292.479604449}, "cmdq": 4, "read": {"device_start": -1, "device_end": -1}}, "FFC_sans_bias69": {"write": {"device_start": -1, "host_queued_start": 1585499518.264153, "device_queued": -1, "device_end": -1, "host_queued_end": 1585499518.26621}, "device": "gpu", "nd_range": {"device_start": 1585499455.3694398, "device_end": 1585499455.3695464}, "cmdq": 0, "read": {"device_start": -1, "device_end": -1}}, "FFC_sans_bias38": {"write": {"device_start": 1585499455.3672051, "host_queued_start": 1585499518.255337, "device_queued": 1585499455.3670273, "device_end": 1585499455.3672137, "host_queued_end": 1585499518.26621}, "device": "gpu", "nd_range": {"device_start": 1585499455.367215, "device_end": 1585499455.3673189}, "cmdq": 0, "read": {"device_start": -1, "device_end": -1}}, "coalesced_transpose57": {"write": {"device_start": -1, "host_queued_start": 1585499518.26073, "device_queued": -1, "device_end": -1, "host_queued_end": 1585499518.26621}, "device": "gpu", "nd_range": {"device_start": 1585499455.368387, "device_end": 1585499455.3683918}, "cmdq": 0, "read": {"device_start": -1, "device_end": -1}}, "empty26": {"write": {"device_start": -1, "host_queued_start": 1585499518.267828, "device_queued": -1, "device_end": -1, "host_queued_end": 1585499518.281427}, "device": "cpu", "nd_range": {"device_start": 2167292.471008744, "device_end": 2167292.4710179754}, "cmdq": 2, "read": {"device_start": -1, "device_end": -1}}, "coalesced_transpose12": {"write": {"device_start": -1, "host_queued_start": 1585499518.275199, "device_queued": -1, "device_end": -1, "host_queued_end": 1585499518.281427}, "device": "cpu", "nd_range": {"device_start": 2167292.4751635473, "device_end": 2167292.4754092633}, "cmdq": 2, "read": {"device_start": -1, "device_end": -1}}, "empty44": {"write": {"device_start": 1585499455.366797, "host_queued_start": 1585499518.252469, "device_queued": 1585499455.3667638, "device_end": 1585499455.3668056, "host_queued_end": 1585499518.26621}, "device": "gpu", "nd_range": {"device_start": 1585499455.3668158, "device_end": 1585499455.3668299}, "cmdq": 0, "read": {"device_start": -1, "device_end": -1}}, "coalesced_transpose21": {"write": {"device_start": -1, "host_queued_start": 1585499518.27559, "device_queued": -1, "device_end": -1, "host_queued_end": 1585499518.281427}, "device": "cpu", "nd_range": {"device_start": 2167292.477771316, "device_end": 2167292.4778251452}, "cmdq": 3, "read": {"device_start": -1, "device_end": -1}}, "FFC_sans_bias36": {"write": {"device_start": 1585499455.366971, "host_queued_start": 1585499518.254323, "device_queued": 1585499455.3669484, "device_end": 1585499455.3669796, "host_queued_end": 1585499518.26621}, "device": "gpu", "nd_range": {"device_start": 1585499455.366981, "device_end": 1585499455.3670871}, "cmdq": 0, "read": {"device_start": -1, "device_end": -1}}, "softmax14": {"write": {"device_start": -1, "host_queued_start": 1585499518.277716, "device_queued": -1, "device_end": -1, "host_queued_end": 1585499518.281427}, "device": "cpu", "nd_range": {"device_start": 2167292.478995191, "device_end": 2167292.479068018}, "cmdq": 0, "read": {"device_start": -1, "device_end": -1}}, "FFC_sans_bias13": {"write": {"device_start": -1, "host_queued_start": 1585499518.276565, "device_queued": -1, "device_end": -1, "host_queued_end": 1585499518.281427}, "device": "cpu", "nd_range": {"device_start": 2167292.475429989, "device_end": 2167292.4780241223}, "cmdq": 1, "read": {"device_start": -1, "device_end": -1}}, "empty8": {"write": {"device_start": -1, "host_queued_start": 1585499518.26692, "device_queued": -1, "device_end": -1, "host_queued_end": 1585499518.281427}, "device": "cpu", "nd_range": {"device_start": 2167292.471008773, "device_end": 2167292.4710179972}, "cmdq": 0, "read": {"device_start": -1, "device_end": -1}}, "FFC_sans_bias42": {"write": {"device_start": -1, "host_queued_start": 1585499518.26331, "device_queued": -1, "device_end": -1, "host_queued_end": 1585499518.26621}, "device": "gpu", "nd_range": {"device_start": 1585499455.36912, "device_end": 1585499455.369226}, "cmdq": 0, "read": {"device_start": -1, "device_end": -1}}, "FFC_sans_bias43": {"write": {"device_start": 1585499455.3695474, "host_queued_start": 1585499518.264615, "device_queued": 1585499455.3678062, "device_end": 1585499455.3695557, "host_queued_end": 1585499518.26621}, "device": "gpu", "nd_range": {"device_start": 1585499455.3695571, "device_end": 1585499455.369664}, "cmdq": 0, "read": {"device_start": 1585499455.3696704, "device_end": 1585499455.3696783}}, "FFC_sans_bias40": {"write": {"device_start": -1, "host_queued_start": 1585499518.261284, "device_queued": -1, "device_end": -1, "host_queued_end": 1585499518.26621}, "device": "gpu", "nd_range": {"device_start": 1585499455.3683994, "device_end": 1585499455.3685055}, "cmdq": 0, "read": {"device_start": -1, "device_end": -1}}, "softmax32": {"write": {"device_start": -1, "host_queued_start": 1585499518.278229, "device_queued": -1, "device_end": -1, "host_queued_end": 1585499518.281427}, "device": "cpu", "nd_range": {"device_start": 2167292.481021292, "device_end": 2167292.481187976}, "cmdq": 2, "read": {"device_start": -1, "device_end": -1}}, "FFC_sans_bias47": {"write": {"device_start": 1585499455.3675554, "host_queued_start": 1585499518.256802, "device_queued": 1585499455.3671508, "device_end": 1585499455.367564, "host_queued_end": 1585499518.26621}, "device": "gpu", "nd_range": {"device_start": 1585499455.3675652, "device_end": 1585499455.3676713}, "cmdq": 0, "read": {"device_start": -1, "device_end": -1}}, "FFC_sans_bias45": {"write": {"device_start": 1585499455.36732, "host_queued_start": 1585499518.255822, "device_queued": 1585499455.367065, "device_end": 1585499455.3673286, "host_queued_end": 1585499518.26621}, "device": "gpu", "nd_range": {"device_start": 1585499455.3673298, "device_end": 1585499455.367434}, "cmdq": 0, "read": {"device_start": -1, "device_end": -1}}, "softmax50": {"write": {"device_start": -1, "host_queued_start": 1585499518.262589, "device_queued": -1, "device_end": -1, "host_queued_end": 1585499518.26621}, "device": "gpu", "nd_range": {"device_start": 1585499455.3689008, "device_end": 1585499455.3689759}, "cmdq": 0, "read": {"device_start": -1, "device_end": -1}}, "FFC_sans_bias33": {"write": {"device_start": -1, "host_queued_start": 1585499518.279543, "device_queued": -1, "device_end": -1, "host_queued_end": 1585499518.281427}, "device": "cpu", "nd_range": {"device_start": 2167292.4812948173, "device_end": 2167292.482752251}, "cmdq": 1, "read": {"device_start": -1, "device_end": -1}}, "FFC_sans_bias63": {"write": {"device_start": 1585499455.3682568, "host_queued_start": 1585499518.259894, "device_queued": 1585499455.3674753, "device_end": 1585499455.3682656, "host_queued_end": 1585499518.26621}, "device": "gpu", "nd_range": {"device_start": 1585499455.3682666, "device_end": 1585499455.3683734}, "cmdq": 0, "read": {"device_start": -1, "device_end": -1}}, "FFC_sans_bias49": {"write": {"device_start": -1, "host_queued_start": 1585499518.261565, "device_queued": -1, "device_end": -1, "host_queued_end": 1585499518.26621}, "device": "gpu", "nd_range": {"device_start": 1585499455.3685067, "device_end": 1585499455.3686106}, "cmdq": 0, "read": {"device_start": -1, "device_end": -1}}, "FFC_sans_bias64": {"write": {"device_start": 1585499455.368024, "host_queued_start": 1585499518.258915, "device_queued": 1585499455.3674016, "device_end": 1585499455.368033, "host_queued_end": 1585499518.26621}, "device": "gpu", "nd_range": {"device_start": 1585499455.3680341, "device_end": 1585499455.3681383}, "cmdq": 0, "read": {"device_start": -1, "device_end": -1}}, "FFC_sans_bias65": {"write": {"device_start": 1585499455.36814, "host_queued_start": 1585499518.259406, "device_queued": 1585499455.3674345, "device_end": 1585499455.3681483, "host_queued_end": 1585499518.26621}, "device": "gpu", "nd_range": {"device_start": 1585499455.3681493, "device_end": 1585499455.3682559}, "cmdq": 0, "read": {"device_start": -1, "device_end": -1}}, "FFC_sans_bias67": {"write": {"device_start": -1, "host_queued_start": 1585499518.262143, "device_queued": -1, "device_end": -1, "host_queued_end": 1585499518.26621}, "device": "gpu", "nd_range": {"device_start": 1585499455.3687198, "device_end": 1585499455.368826}, "cmdq": 0, "read": {"device_start": -1, "device_end": -1}}, "FFC_sans_bias24": {"write": {"device_start": -1, "host_queued_start": 1585499518.279241, "device_queued": -1, "device_end": -1, "host_queued_end": 1585499518.281427}, "device": "cpu", "nd_range": {"device_start": 2167292.4794322453, "device_end": 2167292.480522954}, "cmdq": 0, "read": {"device_start": -1, "device_end": -1}}, "FFC_sans_bias25": {"write": {"device_start": -1, "host_queued_start": 1585499518.280936, "device_queued": -1, "device_end": -1, "host_queued_end": 1585499518.281427}, "device": "cpu", "nd_range": {"device_start": 2167292.481088622, "device_end": 2167292.48277182}, "cmdq": 4, "read": {"device_start": -1, "device_end": -1}}, "FFC_sans_bias27": {"write": {"device_start": -1, "host_queued_start": 1585499518.273564, "device_queued": -1, "device_end": -1, "host_queued_end": 1585499518.281427}, "device": "cpu", "nd_range": {"device_start": 2167292.475019643, "device_end": 2167292.477661531}, "cmdq": 3, "read": {"device_start": -1, "device_end": -1}}, "FFC_sans_bias20": {"write": {"device_start": -1, "host_queued_start": 1585499518.273067, "device_queued": -1, "device_end": -1, "host_queued_end": 1585499518.281427}, "device": "cpu", "nd_range": {"device_start": 2167292.4732312253, "device_end": 2167292.4751440263}, "cmdq": 2, "read": {"device_start": -1, "device_end": -1}}, "FFC_sans_bias22": {"write": {"device_start": -1, "host_queued_start": 1585499518.276869, "device_queued": -1, "device_end": -1, "host_queued_end": 1585499518.281427}, "device": "cpu", "nd_range": {"device_start": 2167292.477946041, "device_end": 2167292.479158225}, "cmdq": 2, "read": {"device_start": -1, "device_end": -1}}, "softmax68": {"write": {"device_start": -1, "host_queued_start": 1585499518.263027, "device_queued": -1, "device_end": -1, "host_queued_end": 1585499518.26621}, "device": "gpu", "nd_range": {"device_start": 1585499455.3690488, "device_end": 1585499455.369119}, "cmdq": 0, "read": {"device_start": -1, "device_end": -1}}, "softmax5": {"write": {"device_start": -1, "host_queued_start": 1585499518.27748, "device_queued": -1, "device_end": -1, "host_queued_end": 1585499518.281427}, "device": "cpu", "nd_range": {"device_start": 2167292.479706758, "device_end": 2167292.479753557}, "cmdq": 4, "read": {"device_start": -1, "device_end": -1}}, "FFC_sans_bias28": {"write": {"device_start": -1, "host_queued_start": 1585499518.274058, "device_queued": -1, "device_end": -1, "host_queued_end": 1585499518.281427}, "device": "cpu", "nd_range": {"device_start": 2167292.4778827713, "device_end": 2167292.4794441243}, "cmdq": 4, "read": {"device_start": -1, "device_end": -1}}, "FFC_sans_bias29": {"write": {"device_start": -1, "host_queued_start": 1585499518.274566, "device_queued": -1, "device_end": -1, "host_queued_end": 1585499518.281427}, "device": "cpu", "nd_range": {"device_start": 2167292.475120507, "device_end": 2167292.477061348}, "cmdq": 0, "read": {"device_start": -1, "device_end": -1}}, "empty17": {"write": {"device_start": -1, "host_queued_start": 1585499518.267409, "device_queued": -1, "device_end": -1, "host_queued_end": 1585499518.281427}, "device": "cpu", "nd_range": {"device_start": 2167292.4710405273, "device_end": 2167292.471041162}, "cmdq": 1, "read": {"device_start": -1, "device_end": -1}}, "softmax59": {"write": {"device_start": -1, "host_queued_start": 1585499518.262821, "device_queued": -1, "device_end": -1, "host_queued_end": 1585499518.26621}, "device": "gpu", "nd_range": {"device_start": 1585499455.3689773, "device_end": 1585499455.3690476}, "cmdq": 0, "read": {"device_start": -1, "device_end": -1}}, "empty71": {"write": {"device_start": 1585499455.3669355, "host_queued_start": 1585499518.253805, "device_queued": 1585499455.3669138, "device_end": 1585499455.366944, "host_queued_end": 1585499518.26621}, "device": "gpu", "nd_range": {"device_start": 1585499455.366945, "device_end": 1585499455.3669484}, "cmdq": 0, "read": {"device_start": -1, "device_end": -1}}, "empty35": {"write": {"device_start": -1, "host_queued_start": 1585499518.268296, "device_queued": -1, "device_end": -1, "host_queued_end": 1585499518.281427}, "device": "cpu", "nd_range": {"device_start": 2167292.471034226, "device_end": 2167292.4710350153}, "cmdq": 3, "read": {"device_start": -1, "device_end": -1}}, "empty53": {"write": {"device_start": 1585499455.366865, "host_queued_start": 1585499518.253067, "device_queued": 1585499455.366837, "device_end": 1585499455.3668737, "host_queued_end": 1585499518.26621}, "device": "gpu", "nd_range": {"device_start": 1585499455.3668747, "device_end": 1585499455.3668783}, "cmdq": 0, "read": {"device_start": -1, "device_end": -1}}, "FFC_sans_bias46": {"write": {"device_start": 1585499455.3674352, "host_queued_start": 1585499518.256313, "device_queued": 1585499455.3671005, "device_end": 1585499455.3674467, "host_queued_end": 1585499518.26621}, "device": "gpu", "nd_range": {"device_start": 1585499455.367448, "device_end": 1585499455.3675544}, "cmdq": 0, "read": {"device_start": -1, "device_end": -1}}, "coalesced_transpose66": {"write": {"device_start": -1, "host_queued_start": 1585499518.260997, "device_queued": -1, "device_end": -1, "host_queued_end": 1585499518.26621}, "device": "gpu", "nd_range": {"device_start": 1585499455.3683927, "device_end": 1585499455.3683975}, "cmdq": 0, "read": {"device_start": -1, "device_end": -1}}, "coalesced_transpose48": {"write": {"device_start": -1, "host_queued_start": 1585499518.260474, "device_queued": -1, "device_end": -1, "host_queued_end": 1585499518.26621}, "device": "gpu", "nd_range": {"device_start": 1585499455.368381, "device_end": 1585499455.3683858}, "cmdq": 0, "read": {"device_start": -1, "device_end": -1}}}