{"FFC_sans_bias60": {"write": {"device_start": -1, "host_queued_start": 1585499825.986597, "device_queued": -1, "device_end": -1, "host_queued_end": 1585499825.98991}, "device": "cpu", "nd_range": {"device_start": 2167600.2083316003, "device_end": 2167600.209796138}, "cmdq": 3, "read": {"device_start": -1, "device_end": -1}}, "FFC_sans_bias4": {"write": {"device_start": -1, "host_queued_start": 1585499825.980565, "device_queued": -1, "device_end": -1, "host_queued_end": 1585499825.98991}, "device": "cpu", "nd_range": {"device_start": 2167600.19865771, "device_end": 2167600.201664512}, "cmdq": 3, "read": {"device_start": -1, "device_end": -1}}, "FFC_sans_bias7": {"write": {"device_start": -1, "host_queued_start": 1585499825.987112, "device_queued": -1, "device_end": -1, "host_queued_end": 1585499825.98991}, "device": "cpu", "nd_range": {"device_start": 2167600.2042936482, "device_end": 2167600.206221912}, "cmdq": 0, "read": {"device_start": -1, "device_end": -1}}, "FFC_sans_bias6": {"write": {"device_start": -1, "host_queued_start": 1585499825.984655, "device_queued": -1, "device_end": -1, "host_queued_end": 1585499825.98991}, "device": "cpu", "nd_range": {"device_start": 2167600.20210869, "device_end": 2167600.20391957}, "cmdq": 1, "read": {"device_start": -1, "device_end": -1}}, "FFC_sans_bias1": {"write": {"device_start": -1, "host_queued_start": 1585499825.968285, "device_queued": -1, "device_end": -1, "host_queued_end": 1585499825.98991}, "device": "cpu", "nd_range": {"device_start": 2167600.179534879, "device_end": 2167600.181567477}, "cmdq": 0, "read": {"device_start": -1, "device_end": -1}}, "FFC_sans_bias0": {"write": {"device_start": -1, "host_queued_start": 1585499825.96778, "device_queued": -1, "device_end": -1, "host_queued_end": 1585499825.98991}, "device": "cpu", "nd_range": {"device_start": 2167600.1835142584, "device_end": 2167600.185768856}, "cmdq": 3, "read": {"device_start": -1, "device_end": -1}}, "FFC_sans_bias2": {"write": {"device_start": -1, "host_queued_start": 1585499825.968811, "device_queued": -1, "device_end": -1, "host_queued_end": 1585499825.98991}, "device": "cpu", "nd_range": {"device_start": 2167600.179570177, "device_end": 2167600.1820893213}, "cmdq": 1, "read": {"device_start": -1, "device_end": -1}}, "FFC_sans_bias61": {"write": {"device_start": -1, "host_queued_start": 1585499825.989865, "device_queued": -1, "device_end": -1, "host_queued_end": 1585499825.98991}, "device": "cpu", "nd_range": {"device_start": 2167600.210694469, "device_end": 2167600.211417093}, "cmdq": 2, "read": {"device_start": -1, "device_end": -1}}, "FFC_sans_bias52": {"write": {"device_start": -1, "host_queued_start": 1585499825.989394, "device_queued": -1, "device_end": -1, "host_queued_end": 1585499825.98991}, "device": "cpu", "nd_range": {"device_start": 2167600.2092439244, "device_end": 2167600.2103461623}, "cmdq": 1, "read": {"device_start": -1, "device_end": -1}}, "FFC_sans_bias9": {"write": {"device_start": -1, "host_queued_start": 1585499825.969329, "device_queued": -1, "device_end": -1, "host_queued_end": 1585499825.98991}, "device": "cpu", "nd_range": {"device_start": 2167600.179565297, "device_end": 2167600.181648969}, "cmdq": 2, "read": {"device_start": -1, "device_end": -1}}, "coalesced_transpose39": {"write": {"device_start": -1, "host_queued_start": 1585499825.979565, "device_queued": -1, "device_end": -1, "host_queued_end": 1585499825.98991}, "device": "cpu", "nd_range": {"device_start": 2167600.194168513, "device_end": 2167600.1942798253}, "cmdq": 0, "read": {"device_start": -1, "device_end": -1}}, "FFC_sans_bias55": {"write": {"device_start": -1, "host_queued_start": 1585499825.978018, "device_queued": -1, "device_end": -1, "host_queued_end": 1585499825.98991}, "device": "cpu", "nd_range": {"device_start": 2167600.193763398, "device_end": 2167600.19584241}, "cmdq": 3, "read": {"device_start": -1, "device_end": -1}}, "FFC_sans_bias54": {"write": {"device_start": -1, "host_queued_start": 1585499825.977518, "device_queued": -1, "device_end": -1, "host_queued_end": 1585499825.98991}, "device": "cpu", "nd_range": {"device_start": 2167600.187475608, "device_end": 2167600.189384872}, "cmdq": 2, "read": {"device_start": -1, "device_end": -1}}, "FFC_sans_bias56": {"write": {"device_start": -1, "host_queued_start": 1585499825.977011, "device_queued": -1, "device_end": -1, "host_queued_end": 1585499825.98991}, "device": "cpu", "nd_range": {"device_start": 2167600.187918886, "device_end": 2167600.1898246664}, "cmdq": 1, "read": {"device_start": -1, "device_end": -1}}, "FFC_sans_bias51": {"write": {"device_start": -1, "host_queued_start": 1585499825.986253, "device_queued": -1, "device_end": -1, "host_queued_end": 1585499825.98991}, "device": "cpu", "nd_range": {"device_start": 2167600.2064103163, "device_end": 2167600.207958163}, "cmdq": 2, "read": {"device_start": -1, "device_end": -1}}, "softmax23": {"write": {"device_start": -1, "host_queued_start": 1585499825.983266, "device_queued": -1, "device_end": -1, "host_queued_end": 1585499825.98991}, "device": "cpu", "nd_range": {"device_start": 2167600.2009361153, "device_end": 2167600.201019991}, "cmdq": 0, "read": {"device_start": -1, "device_end": -1}}, "FFC_sans_bias37": {"write": {"device_start": -1, "host_queued_start": 1585499825.974434, "device_queued": -1, "device_end": -1, "host_queued_end": 1585499825.98991}, "device": "cpu", "nd_range": {"device_start": 2167600.191090214, "device_end": 2167600.192216297}, "cmdq": 0, "read": {"device_start": -1, "device_end": -1}}, "empty62": {"write": {"device_start": -1, "host_queued_start": 1585499825.967288, "device_queued": -1, "device_end": -1, "host_queued_end": 1585499825.98991}, "device": "cpu", "nd_range": {"device_start": 2167600.1795595232, "device_end": 2167600.1795604103}, "cmdq": 2, "read": {"device_start": -1, "device_end": -1}}, "FFC_sans_bias70": {"write": {"device_start": 1585499763.055468, "host_queued_start": 1585499825.963974, "device_queued": 1585499763.055386, "device_end": 1585499763.0554767, "host_queued_end": 1585499825.964075}, "device": "gpu", "nd_range": {"device_start": 1585499763.0558438, "device_end": 1585499763.05595}, "cmdq": 0, "read": {"device_start": 1585499763.0559568, "device_end": 1585499763.0559642}}, "FFC_sans_bias58": {"write": {"device_start": -1, "host_queued_start": 1585499825.982479, "device_queued": -1, "device_end": -1, "host_queued_end": 1585499825.98991}, "device": "cpu", "nd_range": {"device_start": 2167600.1995187793, "device_end": 2167600.201477299}, "cmdq": 1, "read": {"device_start": -1, "device_end": -1}}, "softmax41": {"write": {"device_start": -1, "host_queued_start": 1585499825.983809, "device_queued": -1, "device_end": -1, "host_queued_end": 1585499825.98991}, "device": "cpu", "nd_range": {"device_start": 2167600.204069672, "device_end": 2167600.204119075}, "cmdq": 2, "read": {"device_start": -1, "device_end": -1}}, "FFC_sans_bias11": {"write": {"device_start": -1, "host_queued_start": 1585499825.970359, "device_queued": -1, "device_end": -1, "host_queued_end": 1585499825.98991}, "device": "cpu", "nd_range": {"device_start": 2167600.1815733584, "device_end": 2167600.183495847}, "cmdq": 0, "read": {"device_start": -1, "device_end": -1}}, "FFC_sans_bias10": {"write": {"device_start": -1, "host_queued_start": 1585499825.969844, "device_queued": -1, "device_end": -1, "host_queued_end": 1585499825.98991}, "device": "cpu", "nd_range": {"device_start": 2167600.1857793713, "device_end": 2167600.187697168}, "cmdq": 3, "read": {"device_start": -1, "device_end": -1}}, "coalesced_transpose3": {"write": {"device_start": -1, "host_queued_start": 1585499825.978333, "device_queued": -1, "device_end": -1, "host_queued_end": 1585499825.98991}, "device": "cpu", "nd_range": {"device_start": 2167600.193877343, "device_end": 2167600.1939748973}, "cmdq": 0, "read": {"device_start": -1, "device_end": -1}}, "FFC_sans_bias34": {"write": {"device_start": -1, "host_queued_start": 1585499825.988471, "device_queued": -1, "device_end": -1, "host_queued_end": 1585499825.98991}, "device": "cpu", "nd_range": {"device_start": 2167600.209806481, "device_end": 2167600.211134319}, "cmdq": 3, "read": {"device_start": -1, "device_end": -1}}, "FFC_sans_bias15": {"write": {"device_start": -1, "host_queued_start": 1585499825.98498, "device_queued": -1, "device_end": -1, "host_queued_end": 1585499825.98991}, "device": "cpu", "nd_range": {"device_start": 2167600.204424486, "device_end": 2167600.206389654}, "cmdq": 2, "read": {"device_start": -1, "device_end": -1}}, "FFC_sans_bias31": {"write": {"device_start": -1, "host_queued_start": 1585499825.981522, "device_queued": -1, "device_end": -1, "host_queued_end": 1585499825.98991}, "device": "cpu", "nd_range": {"device_start": 2167600.198856392, "device_end": 2167600.200812018}, "cmdq": 2, "read": {"device_start": -1, "device_end": -1}}, "FFC_sans_bias16": {"write": {"device_start": -1, "host_queued_start": 1585499825.987565, "device_queued": -1, "device_end": -1, "host_queued_end": 1585499825.98991}, "device": "cpu", "nd_range": {"device_start": 2167600.207309325, "device_end": 2167600.208515448}, "cmdq": 1, "read": {"device_start": -1, "device_end": -1}}, "FFC_sans_bias19": {"write": {"device_start": -1, "host_queued_start": 1585499825.971391, "device_queued": -1, "device_end": -1, "host_queued_end": 1585499825.98991}, "device": "cpu", "nd_range": {"device_start": 2167600.181658491, "device_end": 2167600.1835809452}, "cmdq": 2, "read": {"device_start": -1, "device_end": -1}}, "FFC_sans_bias18": {"write": {"device_start": -1, "host_queued_start": 1585499825.970892, "device_queued": -1, "device_end": -1, "host_queued_end": 1585499825.98991}, "device": "cpu", "nd_range": {"device_start": 2167600.1820984813, "device_end": 2167600.184048803}, "cmdq": 1, "read": {"device_start": -1, "device_end": -1}}, "coalesced_transpose30": {"write": {"device_start": -1, "host_queued_start": 1585499825.979269, "device_queued": -1, "device_end": -1, "host_queued_end": 1585499825.98991}, "device": "cpu", "nd_range": {"device_start": 2167600.1983505813, "device_end": 2167600.1984200133}, "cmdq": 3, "read": {"device_start": -1, "device_end": -1}}, "FFC_sans_bias69": {"write": {"device_start": -1, "host_queued_start": 1585499825.963502, "device_queued": -1, "device_end": -1, "host_queued_end": 1585499825.964075}, "device": "gpu", "nd_range": {"device_start": 1585499763.0557346, "device_end": 1585499763.0558422}, "cmdq": 3, "read": {"device_start": -1, "device_end": -1}}, "FFC_sans_bias38": {"write": {"device_start": -1, "host_queued_start": 1585499825.974955, "device_queued": -1, "device_end": -1, "host_queued_end": 1585499825.98991}, "device": "cpu", "nd_range": {"device_start": 2167600.185994786, "device_end": 2167600.187913822}, "cmdq": 1, "read": {"device_start": -1, "device_end": -1}}, "coalesced_transpose57": {"write": {"device_start": -1, "host_queued_start": 1585499825.980179, "device_queued": -1, "device_end": -1, "host_queued_end": 1585499825.98991}, "device": "cpu", "nd_range": {"device_start": 2167600.198670952, "device_end": 2167600.1987351603}, "cmdq": 2, "read": {"device_start": -1, "device_end": -1}}, "empty26": {"write": {"device_start": -1, "host_queued_start": 1585499825.965691, "device_queued": -1, "device_end": -1, "host_queued_end": 1585499825.98991}, "device": "cpu", "nd_range": {"device_start": 2167600.179540859, "device_end": 2167600.179544855}, "cmdq": 2, "read": {"device_start": -1, "device_end": -1}}, "coalesced_transpose12": {"write": {"device_start": -1, "host_queued_start": 1585499825.978652, "device_queued": -1, "device_end": -1, "host_queued_end": 1585499825.98991}, "device": "cpu", "nd_range": {"device_start": 2167600.189950632, "device_end": 2167600.1900200783}, "cmdq": 1, "read": {"device_start": -1, "device_end": -1}}, "empty44": {"write": {"device_start": -1, "host_queued_start": 1585499825.966485, "device_queued": -1, "device_end": -1, "host_queued_end": 1585499825.98991}, "device": "cpu", "nd_range": {"device_start": 2167600.1795286033, "device_end": 2167600.1795296203}, "cmdq": 0, "read": {"device_start": -1, "device_end": -1}}, "coalesced_transpose21": {"write": {"device_start": -1, "host_queued_start": 1585499825.978959, "device_queued": -1, "device_end": -1, "host_queued_end": 1585499825.98991}, "device": "cpu", "nd_range": {"device_start": 2167600.189400745, "device_end": 2167600.189454146}, "cmdq": 2, "read": {"device_start": -1, "device_end": -1}}, "FFC_sans_bias36": {"write": {"device_start": -1, "host_queued_start": 1585499825.973927, "device_queued": -1, "device_end": -1, "host_queued_end": 1585499825.98991}, "device": "cpu", "nd_range": {"device_start": 2167600.1896163113, "device_end": 2167600.1910730903}, "cmdq": 3, "read": {"device_start": -1, "device_end": -1}}, "softmax14": {"write": {"device_start": -1, "host_queued_start": 1585499825.983016, "device_queued": -1, "device_end": -1, "host_queued_end": 1585499825.98991}, "device": "cpu", "nd_range": {"device_start": 2167600.204047187, "device_end": 2167600.2040969073}, "cmdq": 3, "read": {"device_start": -1, "device_end": -1}}, "FFC_sans_bias13": {"write": {"device_start": -1, "host_queued_start": 1585499825.980891, "device_queued": -1, "device_end": -1, "host_queued_end": 1585499825.98991}, "device": "cpu", "nd_range": {"device_start": 2167600.194449958, "device_end": 2167600.196476572}, "cmdq": 0, "read": {"device_start": -1, "device_end": -1}}, "empty8": {"write": {"device_start": -1, "host_queued_start": 1585499825.964793, "device_queued": -1, "device_end": -1, "host_queued_end": 1585499825.98991}, "device": "cpu", "nd_range": {"device_start": 2167600.1794974413, "device_end": 2167600.179509037}, "cmdq": 0, "read": {"device_start": -1, "device_end": -1}}, "FFC_sans_bias42": {"write": {"device_start": -1, "host_queued_start": 1585499825.985928, "device_queued": -1, "device_end": -1, "host_queued_end": 1585499825.98991}, "device": "cpu", "nd_range": {"device_start": 2167600.204274379, "device_end": 2167600.2062171632}, "cmdq": 1, "read": {"device_start": -1, "device_end": -1}}, "FFC_sans_bias43": {"write": {"device_start": -1, "host_queued_start": 1585499825.988921, "device_queued": -1, "device_end": -1, "host_queued_end": 1585499825.98991}, "device": "cpu", "nd_range": {"device_start": 2167600.206329539, "device_end": 2167600.2074156133}, "cmdq": 0, "read": {"device_start": -1, "device_end": -1}}, "FFC_sans_bias40": {"write": {"device_start": -1, "host_queued_start": 1585499825.981842, "device_queued": -1, "device_end": -1, "host_queued_end": 1585499825.98991}, "device": "cpu", "nd_range": {"device_start": 2167600.201691417, "device_end": 2167600.202798483}, "cmdq": 3, "read": {"device_start": -1, "device_end": -1}}, "softmax32": {"write": {"device_start": -1, "host_queued_start": 1585499825.983528, "device_queued": -1, "device_end": -1, "host_queued_end": 1585499825.98991}, "device": "cpu", "nd_range": {"device_start": 2167600.201607324, "device_end": 2167600.201658748}, "cmdq": 1, "read": {"device_start": -1, "device_end": -1}}, "FFC_sans_bias47": {"write": {"device_start": -1, "host_queued_start": 1585499825.976505, "device_queued": -1, "device_end": -1, "host_queued_end": 1585499825.98991}, "device": "cpu", "nd_range": {"device_start": 2167600.192462032, "device_end": 2167600.1935757403}, "cmdq": 0, "read": {"device_start": -1, "device_end": -1}}, "FFC_sans_bias45": {"write": {"device_start": -1, "host_queued_start": 1585499825.975461, "device_queued": -1, "device_end": -1, "host_queued_end": 1585499825.98991}, "device": "cpu", "nd_range": {"device_start": 2167600.18555232, "device_end": 2167600.1874702093}, "cmdq": 2, "read": {"device_start": -1, "device_end": -1}}, "softmax50": {"write": {"device_start": -1, "host_queued_start": 1585499825.984077, "device_queued": -1, "device_end": -1, "host_queued_end": 1585499825.98991}, "device": "cpu", "nd_range": {"device_start": 2167600.204206443, "device_end": 2167600.2042832794}, "cmdq": 3, "read": {"device_start": -1, "device_end": -1}}, "FFC_sans_bias33": {"write": {"device_start": -1, "host_queued_start": 1585499825.985622, "device_queued": -1, "device_end": -1, "host_queued_end": 1585499825.98991}, "device": "cpu", "nd_range": {"device_start": 2167600.202719747, "device_end": 2167600.204183647}, "cmdq": 0, "read": {"device_start": -1, "device_end": -1}}, "FFC_sans_bias63": {"write": {"device_start": 1585499763.0553064, "host_queued_start": 1585499825.962319, "device_queued": 1585499763.055287, "device_end": 1585499763.055315, "host_queued_end": 1585499825.964075}, "device": "gpu", "nd_range": {"device_start": 1585499763.0553412, "device_end": 1585499763.05553}, "cmdq": 3, "read": {"device_start": -1, "device_end": -1}}, "FFC_sans_bias49": {"write": {"device_start": -1, "host_queued_start": 1585499825.982164, "device_queued": -1, "device_end": -1, "host_queued_end": 1585499825.98991}, "device": "cpu", "nd_range": {"device_start": 2167600.1966103814, "device_end": 2167600.1985435043}, "cmdq": 0, "read": {"device_start": -1, "device_end": -1}}, "FFC_sans_bias64": {"write": {"device_start": 1585499763.055265, "host_queued_start": 1585499825.961275, "device_queued": 1585499763.0552485, "device_end": 1585499763.0552735, "host_queued_end": 1585499825.964075}, "device": "gpu", "nd_range": {"device_start": 1585499763.0553174, "device_end": 1585499763.0554285}, "cmdq": 1, "read": {"device_start": -1, "device_end": -1}}, "FFC_sans_bias65": {"write": {"device_start": 1585499763.0552857, "host_queued_start": 1585499825.961795, "device_queued": 1585499763.0552661, "device_end": 1585499763.0552943, "host_queued_end": 1585499825.964075}, "device": "gpu", "nd_range": {"device_start": 1585499763.0553284, "device_end": 1585499763.055514}, "cmdq": 2, "read": {"device_start": -1, "device_end": -1}}, "FFC_sans_bias67": {"write": {"device_start": -1, "host_queued_start": 1585499825.962984, "device_queued": -1, "device_end": -1, "host_queued_end": 1585499825.964075}, "device": "gpu", "nd_range": {"device_start": 1585499763.0555341, "device_end": 1585499763.0556464}, "cmdq": 1, "read": {"device_start": -1, "device_end": -1}}, "FFC_sans_bias24": {"write": {"device_start": -1, "host_queued_start": 1585499825.985301, "device_queued": -1, "device_end": -1, "host_queued_end": 1585499825.98991}, "device": "cpu", "nd_range": {"device_start": 2167600.204297238, "device_end": 2167600.206325708}, "cmdq": 3, "read": {"device_start": -1, "device_end": -1}}, "FFC_sans_bias25": {"write": {"device_start": -1, "host_queued_start": 1585499825.988018, "device_queued": -1, "device_end": -1, "host_queued_end": 1585499825.98991}, "device": "cpu", "nd_range": {"device_start": 2167600.209245502, "device_end": 2167600.210690474}, "cmdq": 2, "read": {"device_start": -1, "device_end": -1}}, "FFC_sans_bias27": {"write": {"device_start": -1, "host_queued_start": 1585499825.972405, "device_queued": -1, "device_end": -1, "host_queued_end": 1585499825.98991}, "device": "cpu", "nd_range": {"device_start": 2167600.189464338, "device_end": 2167600.191073052}, "cmdq": 0, "read": {"device_start": -1, "device_end": -1}}, "FFC_sans_bias20": {"write": {"device_start": -1, "host_queued_start": 1585499825.971901, "device_queued": -1, "device_end": -1, "host_queued_end": 1585499825.98991}, "device": "cpu", "nd_range": {"device_start": 2167600.187705249, "device_end": 2167600.189611529}, "cmdq": 3, "read": {"device_start": -1, "device_end": -1}}, "FFC_sans_bias22": {"write": {"device_start": -1, "host_queued_start": 1585499825.981214, "device_queued": -1, "device_end": -1, "host_queued_end": 1585499825.98991}, "device": "cpu", "nd_range": {"device_start": 2167600.1961162603, "device_end": 2167600.199380497}, "cmdq": 1, "read": {"device_start": -1, "device_end": -1}}, "softmax68": {"write": {"device_start": -1, "host_queued_start": 1585499825.963214, "device_queued": -1, "device_end": -1, "host_queued_end": 1585499825.964075}, "device": "gpu", "nd_range": {"device_start": 1585499763.0556529, "device_end": 1585499763.0557306}, "cmdq": 2, "read": {"device_start": -1, "device_end": -1}}, "softmax5": {"write": {"device_start": -1, "host_queued_start": 1585499825.98275, "device_queued": -1, "device_end": -1, "host_queued_end": 1585499825.98991}, "device": "cpu", "nd_range": {"device_start": 2167600.2016894612, "device_end": 2167600.2017367953}, "cmdq": 2, "read": {"device_start": -1, "device_end": -1}}, "FFC_sans_bias28": {"write": {"device_start": -1, "host_queued_start": 1585499825.972915, "device_queued": -1, "device_end": -1, "host_queued_end": 1585499825.98991}, "device": "cpu", "nd_range": {"device_start": 2167600.184054105, "device_end": 2167600.185989744}, "cmdq": 1, "read": {"device_start": -1, "device_end": -1}}, "FFC_sans_bias29": {"write": {"device_start": -1, "host_queued_start": 1585499825.973425, "device_queued": -1, "device_end": -1, "host_queued_end": 1585499825.98991}, "device": "cpu", "nd_range": {"device_start": 2167600.183595851, "device_end": 2167600.1855467362}, "cmdq": 2, "read": {"device_start": -1, "device_end": -1}}, "empty17": {"write": {"device_start": -1, "host_queued_start": 1585499825.965246, "device_queued": -1, "device_end": -1, "host_queued_end": 1585499825.98991}, "device": "cpu", "nd_range": {"device_start": 2167600.1794999233, "device_end": 2167600.1795090484}, "cmdq": 1, "read": {"device_start": -1, "device_end": -1}}, "softmax59": {"write": {"device_start": -1, "host_queued_start": 1585499825.984332, "device_queued": -1, "device_end": -1, "host_queued_end": 1585499825.98991}, "device": "cpu", "nd_range": {"device_start": 2167600.201624218, "device_end": 2167600.2016714322}, "cmdq": 0, "read": {"device_start": -1, "device_end": -1}}, "empty71": {"write": {"device_start": 1585499763.0552223, "host_queued_start": 1585499825.960532, "device_queued": 1585499763.0551972, "device_end": 1585499763.055231, "host_queued_end": 1585499825.964075}, "device": "gpu", "nd_range": {"device_start": 1585499763.0552335, "device_end": 1585499763.0552452}, "cmdq": 0, "read": {"device_start": -1, "device_end": -1}}, "empty35": {"write": {"device_start": -1, "host_queued_start": 1585499825.966087, "device_queued": -1, "device_end": -1, "host_queued_end": 1585499825.98991}, "device": "cpu", "nd_range": {"device_start": 2167600.183501122, "device_end": 2167600.183502219}, "cmdq": 3, "read": {"device_start": -1, "device_end": -1}}, "empty53": {"write": {"device_start": -1, "host_queued_start": 1585499825.966919, "device_queued": -1, "device_end": -1, "host_queued_end": 1585499825.98991}, "device": "cpu", "nd_range": {"device_start": 2167600.179552432, "device_end": 2167600.1795536582}, "cmdq": 1, "read": {"device_start": -1, "device_end": -1}}, "FFC_sans_bias46": {"write": {"device_start": -1, "host_queued_start": 1585499825.975983, "device_queued": -1, "device_end": -1, "host_queued_end": 1585499825.98991}, "device": "cpu", "nd_range": {"device_start": 2167600.1913331742, "device_end": 2167600.192826712}, "cmdq": 3, "read": {"device_start": -1, "device_end": -1}}, "coalesced_transpose66": {"write": {"device_start": -1, "host_queued_start": 1585499825.962696, "device_queued": -1, "device_end": -1, "host_queued_end": 1585499825.964075}, "device": "gpu", "nd_range": {"device_start": 1585499763.0554328, "device_end": 1585499763.055467}, "cmdq": 0, "read": {"device_start": -1, "device_end": -1}}, "coalesced_transpose48": {"write": {"device_start": -1, "host_queued_start": 1585499825.979876, "device_queued": -1, "device_end": -1, "host_queued_end": 1585499825.98991}, "device": "cpu", "nd_range": {"device_start": 2167600.195973318, "device_end": 2167600.1960830144}, "cmdq": 1, "read": {"device_start": -1, "device_end": -1}}}