{"FFC_sans_bias60": {"write": {"device_start": -1, "host_queued_start": 1585499775.060255, "device_queued": -1, "device_end": -1, "host_queued_end": 1585499775.06263}, "device": "gpu", "nd_range": {"device_start": 1585499712.1566155, "device_end": 1585499712.1568196}, "cmdq": 2, "read": {"device_start": -1, "device_end": -1}}, "FFC_sans_bias4": {"write": {"device_start": -1, "host_queued_start": 1585499775.07249, "device_queued": -1, "device_end": -1, "host_queued_end": 1585499775.077706}, "device": "cpu", "nd_range": {"device_start": 2167549.2747143623, "device_end": 2167549.275565004}, "cmdq": 0, "read": {"device_start": -1, "device_end": -1}}, "FFC_sans_bias7": {"write": {"device_start": -1, "host_queued_start": 1585499775.076309, "device_queued": -1, "device_end": -1, "host_queued_end": 1585499775.077706}, "device": "cpu", "nd_range": {"device_start": 2167549.2790173413, "device_end": 2167549.279977057}, "cmdq": 0, "read": {"device_start": -1, "device_end": -1}}, "FFC_sans_bias6": {"write": {"device_start": -1, "host_queued_start": 1585499775.074828, "device_queued": -1, "device_end": -1, "host_queued_end": 1585499775.077706}, "device": "cpu", "nd_range": {"device_start": 2167549.2766314303, "device_end": 2167549.2777394513}, "cmdq": 0, "read": {"device_start": -1, "device_end": -1}}, "FFC_sans_bias1": {"write": {"device_start": -1, "host_queued_start": 1585499775.065757, "device_queued": -1, "device_end": -1, "host_queued_end": 1585499775.077706}, "device": "cpu", "nd_range": {"device_start": 2167549.26732324, "device_end": 2167549.26883515}, "cmdq": 1, "read": {"device_start": -1, "device_end": -1}}, "FFC_sans_bias0": {"write": {"device_start": -1, "host_queued_start": 1585499775.065256, "device_queued": -1, "device_end": -1, "host_queued_end": 1585499775.077706}, "device": "cpu", "nd_range": {"device_start": 2167549.267322663, "device_end": 2167549.268470067}, "cmdq": 0, "read": {"device_start": -1, "device_end": -1}}, "FFC_sans_bias2": {"write": {"device_start": -1, "host_queued_start": 1585499775.066266, "device_queued": -1, "device_end": -1, "host_queued_end": 1585499775.077706}, "device": "cpu", "nd_range": {"device_start": 2167549.268551024, "device_end": 2167549.2696800693}, "cmdq": 0, "read": {"device_start": -1, "device_end": -1}}, "FFC_sans_bias61": {"write": {"device_start": 1585499712.156822, "host_queued_start": 1585499775.062011, "device_queued": 1585499712.1563466, "device_end": 1585499712.1568305, "host_queued_end": 1585499775.06263}, "device": "gpu", "nd_range": {"device_start": 1585499712.1568384, "device_end": 1585499712.156985}, "cmdq": 2, "read": {"device_start": 1585499712.1569922, "device_end": 1585499712.1569998}}, "FFC_sans_bias52": {"write": {"device_start": 1585499712.1566727, "host_queued_start": 1585499775.061518, "device_queued": 1585499712.1563172, "device_end": 1585499712.1566813, "host_queued_end": 1585499775.06263}, "device": "gpu", "nd_range": {"device_start": 1585499712.1566825, "device_end": 1585499712.1568768}, "cmdq": 1, "read": {"device_start": 1585499712.1568878, "device_end": 1585499712.1568952}}, "FFC_sans_bias9": {"write": {"device_start": -1, "host_queued_start": 1585499775.066801, "device_queued": -1, "device_end": -1, "host_queued_end": 1585499775.077706}, "device": "cpu", "nd_range": {"device_start": 2167549.268843959, "device_end": 2167549.2696890594}, "cmdq": 1, "read": {"device_start": -1, "device_end": -1}}, "coalesced_transpose39": {"write": {"device_start": -1, "host_queued_start": 1585499775.056474, "device_queued": -1, "device_end": -1, "host_queued_end": 1585499775.06263}, "device": "gpu", "nd_range": {"device_start": 1585499712.1561048, "device_end": 1585499712.1562016}, "cmdq": 0, "read": {"device_start": -1, "device_end": -1}}, "FFC_sans_bias55": {"write": {"device_start": 1585499712.155845, "host_queued_start": 1585499775.054704, "device_queued": 1585499712.1558237, "device_end": 1585499712.1558537, "host_queued_end": 1585499775.06263}, "device": "gpu", "nd_range": {"device_start": 1585499712.155857, "device_end": 1585499712.1561036}, "cmdq": 0, "read": {"device_start": -1, "device_end": -1}}, "FFC_sans_bias54": {"write": {"device_start": 1585499712.1557813, "host_queued_start": 1585499775.054181, "device_queued": 1585499712.1557577, "device_end": 1585499712.1557899, "host_queued_end": 1585499775.06263}, "device": "gpu", "nd_range": {"device_start": 1585499712.1558187, "device_end": 1585499712.1560137}, "cmdq": 3, "read": {"device_start": -1, "device_end": -1}}, "FFC_sans_bias56": {"write": {"device_start": 1585499712.1557333, "host_queued_start": 1585499775.053694, "device_queued": 1585499712.1556296, "device_end": 1585499712.1557417, "host_queued_end": 1585499775.06263}, "device": "gpu", "nd_range": {"device_start": 1585499712.155806, "device_end": 1585499712.1559896}, "cmdq": 2, "read": {"device_start": -1, "device_end": -1}}, "FFC_sans_bias51": {"write": {"device_start": -1, "host_queued_start": 1585499775.059968, "device_queued": -1, "device_end": -1, "host_queued_end": 1585499775.06263}, "device": "gpu", "nd_range": {"device_start": 1585499712.1565585, "device_end": 1585499712.1566715}, "cmdq": 1, "read": {"device_start": -1, "device_end": -1}}, "softmax23": {"write": {"device_start": -1, "host_queued_start": 1585499775.074198, "device_queued": -1, "device_end": -1, "host_queued_end": 1585499775.077706}, "device": "cpu", "nd_range": {"device_start": 2167549.276589041, "device_end": 2167549.276619959}, "cmdq": 0, "read": {"device_start": -1, "device_end": -1}}, "FFC_sans_bias37": {"write": {"device_start": 1585499712.1554453, "host_queued_start": 1585499775.051078, "device_queued": 1585499712.1554193, "device_end": 1585499712.1554542, "host_queued_end": 1585499775.06263}, "device": "gpu", "nd_range": {"device_start": 1585499712.15553, "device_end": 1585499712.15564}, "cmdq": 1, "read": {"device_start": -1, "device_end": -1}}, "empty62": {"write": {"device_start": 1585499712.155318, "host_queued_start": 1585499775.049599, "device_queued": 1585499712.1552916, "device_end": 1585499712.1553268, "host_queued_end": 1585499775.06263}, "device": "gpu", "nd_range": {"device_start": 1585499712.1553621, "device_end": 1585499712.1553657}, "cmdq": 2, "read": {"device_start": -1, "device_end": -1}}, "FFC_sans_bias70": {"write": {"device_start": 1585499712.1569302, "host_queued_start": 1585499775.062512, "device_queued": 1585499712.1564653, "device_end": 1585499712.1569388, "host_queued_end": 1585499775.06263}, "device": "gpu", "nd_range": {"device_start": 1585499712.15694, "device_end": 1585499712.1570725}, "cmdq": 3, "read": {"device_start": 1585499712.157086, "device_end": 1585499712.1570983}}, "FFC_sans_bias58": {"write": {"device_start": -1, "host_queued_start": 1585499775.058155, "device_queued": -1, "device_end": -1, "host_queued_end": 1585499775.06263}, "device": "gpu", "nd_range": {"device_start": 1585499712.1563237, "device_end": 1585499712.156465}, "cmdq": 2, "read": {"device_start": -1, "device_end": -1}}, "softmax41": {"write": {"device_start": -1, "host_queued_start": 1585499775.058724, "device_queued": -1, "device_end": -1, "host_queued_end": 1585499775.06263}, "device": "gpu", "nd_range": {"device_start": 1585499712.156317, "device_end": 1585499712.1564715}, "cmdq": 0, "read": {"device_start": -1, "device_end": -1}}, "FFC_sans_bias11": {"write": {"device_start": -1, "host_queued_start": 1585499775.067812, "device_queued": -1, "device_end": -1, "host_queued_end": 1585499775.077706}, "device": "cpu", "nd_range": {"device_start": 2167549.2696939893, "device_end": 2167549.270779108}, "cmdq": 1, "read": {"device_start": -1, "device_end": -1}}, "FFC_sans_bias10": {"write": {"device_start": -1, "host_queued_start": 1585499775.067302, "device_queued": -1, "device_end": -1, "host_queued_end": 1585499775.077706}, "device": "cpu", "nd_range": {"device_start": 2167549.269694467, "device_end": 2167549.270780105}, "cmdq": 0, "read": {"device_start": -1, "device_end": -1}}, "coalesced_transpose3": {"write": {"device_start": -1, "host_queued_start": 1585499775.071179, "device_queued": -1, "device_end": -1, "host_queued_end": 1585499775.077706}, "device": "cpu", "nd_range": {"device_start": 2167549.274267155, "device_end": 2167549.274312443}, "cmdq": 0, "read": {"device_start": -1, "device_end": -1}}, "FFC_sans_bias34": {"write": {"device_start": -1, "host_queued_start": 1585499775.077662, "device_queued": -1, "device_end": -1, "host_queued_end": 1585499775.077706}, "device": "cpu", "nd_range": {"device_start": 2167549.2795108743, "device_end": 2167549.280476779}, "cmdq": 1, "read": {"device_start": -1, "device_end": -1}}, "FFC_sans_bias15": {"write": {"device_start": -1, "host_queued_start": 1585499775.075155, "device_queued": -1, "device_end": -1, "host_queued_end": 1585499775.077706}, "device": "cpu", "nd_range": {"device_start": 2167549.2769407923, "device_end": 2167549.2777905003}, "cmdq": 1, "read": {"device_start": -1, "device_end": -1}}, "FFC_sans_bias31": {"write": {"device_start": -1, "host_queued_start": 1585499775.073443, "device_queued": -1, "device_end": -1, "host_queued_end": 1585499775.077706}, "device": "cpu", "nd_range": {"device_start": 2167549.275209552, "device_end": 2167549.2764576334}, "cmdq": 1, "read": {"device_start": -1, "device_end": -1}}, "FFC_sans_bias16": {"write": {"device_start": -1, "host_queued_start": 1585499775.076761, "device_queued": -1, "device_end": -1, "host_queued_end": 1585499775.077706}, "device": "cpu", "nd_range": {"device_start": 2167549.278663602, "device_end": 2167549.2795083853}, "cmdq": 1, "read": {"device_start": -1, "device_end": -1}}, "FFC_sans_bias19": {"write": {"device_start": -1, "host_queued_start": 1585499775.068816, "device_queued": -1, "device_end": -1, "host_queued_end": 1585499775.077706}, "device": "cpu", "nd_range": {"device_start": 2167549.270783641, "device_end": 2167549.271753685}, "cmdq": 1, "read": {"device_start": -1, "device_end": -1}}, "FFC_sans_bias18": {"write": {"device_start": -1, "host_queued_start": 1585499775.068319, "device_queued": -1, "device_end": -1, "host_queued_end": 1585499775.077706}, "device": "cpu", "nd_range": {"device_start": 2167549.2709156713, "device_end": 2167549.2718756353}, "cmdq": 0, "read": {"device_start": -1, "device_end": -1}}, "coalesced_transpose30": {"write": {"device_start": -1, "host_queued_start": 1585499775.072183, "device_queued": -1, "device_end": -1, "host_queued_end": 1585499775.077706}, "device": "cpu", "nd_range": {"device_start": 2167549.274267394, "device_end": 2167549.274323647}, "cmdq": 1, "read": {"device_start": -1, "device_end": -1}}, "FFC_sans_bias69": {"write": {"device_start": -1, "host_queued_start": 1585499775.060545, "device_queued": -1, "device_end": -1, "host_queued_end": 1585499775.06263}, "device": "gpu", "nd_range": {"device_start": 1585499712.1566985, "device_end": 1585499712.1569278}, "cmdq": 3, "read": {"device_start": -1, "device_end": -1}}, "FFC_sans_bias38": {"write": {"device_start": 1585499712.1554718, "host_queued_start": 1585499775.05158, "device_queued": 1585499712.155448, "device_end": 1585499712.1554801, "host_queued_end": 1585499775.06263}, "device": "gpu", "nd_range": {"device_start": 1585499712.1555414, "device_end": 1585499712.1557312}, "cmdq": 2, "read": {"device_start": -1, "device_end": -1}}, "coalesced_transpose57": {"write": {"device_start": -1, "host_queued_start": 1585499775.057019, "device_queued": -1, "device_end": -1, "host_queued_end": 1585499775.06263}, "device": "gpu", "nd_range": {"device_start": 1585499712.1562128, "device_end": 1585499712.1563222}, "cmdq": 2, "read": {"device_start": -1, "device_end": -1}}, "empty26": {"write": {"device_start": -1, "host_queued_start": 1585499775.064193, "device_queued": -1, "device_end": -1, "host_queued_end": 1585499775.077706}, "device": "cpu", "nd_range": {"device_start": 2167549.267316434, "device_end": 2167549.267317314}, "cmdq": 0, "read": {"device_start": -1, "device_end": -1}}, "coalesced_transpose12": {"write": {"device_start": -1, "host_queued_start": 1585499775.071475, "device_queued": -1, "device_end": -1, "host_queued_end": 1585499775.077706}, "device": "cpu", "nd_range": {"device_start": 2167549.273935057, "device_end": 2167549.2740968564}, "cmdq": 1, "read": {"device_start": -1, "device_end": -1}}, "empty44": {"write": {"device_start": 1585499712.1552303, "host_queued_start": 1585499775.048599, "device_queued": 1585499712.155179, "device_end": 1585499712.155239, "host_queued_end": 1585499775.06263}, "device": "gpu", "nd_range": {"device_start": 1585499712.1552489, "device_end": 1585499712.1552615}, "cmdq": 0, "read": {"device_start": -1, "device_end": -1}}, "coalesced_transpose21": {"write": {"device_start": -1, "host_queued_start": 1585499775.071873, "device_queued": -1, "device_end": -1, "host_queued_end": 1585499775.077706}, "device": "cpu", "nd_range": {"device_start": 2167549.274322214, "device_end": 2167549.274616018}, "cmdq": 0, "read": {"device_start": -1, "device_end": -1}}, "FFC_sans_bias36": {"write": {"device_start": 1585499712.1553998, "host_queued_start": 1585499775.050591, "device_queued": 1585499712.1553779, "device_end": 1585499712.1554084, "host_queued_end": 1585499775.06263}, "device": "gpu", "nd_range": {"device_start": 1585499712.1554124, "device_end": 1585499712.1555245}, "cmdq": 0, "read": {"device_start": -1, "device_end": -1}}, "softmax14": {"write": {"device_start": -1, "host_queued_start": 1585499775.073963, "device_queued": -1, "device_end": -1, "host_queued_end": 1585499775.077706}, "device": "cpu", "nd_range": {"device_start": 2167549.276701714, "device_end": 2167549.276748397}, "cmdq": 1, "read": {"device_start": -1, "device_end": -1}}, "FFC_sans_bias13": {"write": {"device_start": -1, "host_queued_start": 1585499775.07281, "device_queued": -1, "device_end": -1, "host_queued_end": 1585499775.077706}, "device": "cpu", "nd_range": {"device_start": 2167549.274336798, "device_end": 2167549.275093296}, "cmdq": 1, "read": {"device_start": -1, "device_end": -1}}, "empty8": {"write": {"device_start": -1, "host_queued_start": 1585499775.063276, "device_queued": -1, "device_end": -1, "host_queued_end": 1585499775.077706}, "device": "cpu", "nd_range": {"device_start": 2167549.267287679, "device_end": 2167549.2672999403}, "cmdq": 0, "read": {"device_start": -1, "device_end": -1}}, "FFC_sans_bias42": {"write": {"device_start": -1, "host_queued_start": 1585499775.059689, "device_queued": -1, "device_end": -1, "host_queued_end": 1585499775.06263}, "device": "gpu", "nd_range": {"device_start": 1585499712.1564744, "device_end": 1585499712.156597}, "cmdq": 0, "read": {"device_start": -1, "device_end": -1}}, "FFC_sans_bias43": {"write": {"device_start": 1585499712.1565979, "host_queued_start": 1585499775.061015, "device_queued": 1585499712.1562798, "device_end": 1585499712.1566067, "host_queued_end": 1585499775.06263}, "device": "gpu", "nd_range": {"device_start": 1585499712.1566079, "device_end": 1585499712.1567729}, "cmdq": 0, "read": {"device_start": 1585499712.1567757, "device_end": 1585499712.1567826}}, "FFC_sans_bias40": {"write": {"device_start": -1, "host_queued_start": 1585499775.057573, "device_queued": -1, "device_end": -1, "host_queued_end": 1585499775.06263}, "device": "gpu", "nd_range": {"device_start": 1585499712.1562026, "device_end": 1585499712.1563146}, "cmdq": 0, "read": {"device_start": -1, "device_end": -1}}, "softmax32": {"write": {"device_start": -1, "host_queued_start": 1585499775.074462, "device_queued": -1, "device_end": -1, "host_queued_end": 1585499775.077706}, "device": "cpu", "nd_range": {"device_start": 2167549.276760865, "device_end": 2167549.2769337352}, "cmdq": 1, "read": {"device_start": -1, "device_end": -1}}, "FFC_sans_bias47": {"write": {"device_start": 1585499712.1556435, "host_queued_start": 1585499775.053054, "device_queued": 1585499712.1556077, "device_end": 1585499712.1556523, "host_queued_end": 1585499775.06263}, "device": "gpu", "nd_range": {"device_start": 1585499712.1557932, "device_end": 1585499712.1559014}, "cmdq": 1, "read": {"device_start": -1, "device_end": -1}}, "FFC_sans_bias45": {"write": {"device_start": 1585499712.1555092, "host_queued_start": 1585499775.052067, "device_queued": 1585499712.1554809, "device_end": 1585499712.155523, "host_queued_end": 1585499775.06263}, "device": "gpu", "nd_range": {"device_start": 1585499712.1555629, "device_end": 1585499712.1557484}, "cmdq": 3, "read": {"device_start": -1, "device_end": -1}}, "softmax50": {"write": {"device_start": -1, "host_queued_start": 1585499775.058964, "device_queued": -1, "device_end": -1, "host_queued_end": 1585499775.06263}, "device": "gpu", "nd_range": {"device_start": 1585499712.1564114, "device_end": 1585499712.1565564}, "cmdq": 1, "read": {"device_start": -1, "device_end": -1}}, "FFC_sans_bias33": {"write": {"device_start": -1, "host_queued_start": 1585499775.075806, "device_queued": -1, "device_end": -1, "host_queued_end": 1585499775.077706}, "device": "cpu", "nd_range": {"device_start": 2167549.2777946373, "device_end": 2167549.278657643}, "cmdq": 1, "read": {"device_start": -1, "device_end": -1}}, "FFC_sans_bias63": {"write": {"device_start": 1585499712.1560156, "host_queued_start": 1585499775.056176, "device_queued": 1585499712.1559079, "device_end": 1585499712.1560245, "host_queued_end": 1585499775.06263}, "device": "gpu", "nd_range": {"device_start": 1585499712.1560254, "device_end": 1585499712.1562912}, "cmdq": 3, "read": {"device_start": -1, "device_end": -1}}, "FFC_sans_bias49": {"write": {"device_start": -1, "host_queued_start": 1585499775.057865, "device_queued": -1, "device_end": -1, "host_queued_end": 1585499775.06263}, "device": "gpu", "nd_range": {"device_start": 1585499712.1562092, "device_end": 1585499712.1564095}, "cmdq": 1, "read": {"device_start": -1, "device_end": -1}}, "FFC_sans_bias64": {"write": {"device_start": 1585499712.1559036, "host_queued_start": 1585499775.055194, "device_queued": 1585499712.1558628, "device_end": 1585499712.1559124, "host_queued_end": 1585499775.06263}, "device": "gpu", "nd_range": {"device_start": 1585499712.1559472, "device_end": 1585499712.156186}, "cmdq": 1, "read": {"device_start": -1, "device_end": -1}}, "FFC_sans_bias65": {"write": {"device_start": 1585499712.1559918, "host_queued_start": 1585499775.055689, "device_queued": 1585499712.1558857, "device_end": 1585499712.1560004, "host_queued_end": 1585499775.06263}, "device": "gpu", "nd_range": {"device_start": 1585499712.1560013, "device_end": 1585499712.1562119}, "cmdq": 2, "read": {"device_start": -1, "device_end": -1}}, "FFC_sans_bias67": {"write": {"device_start": -1, "host_queued_start": 1585499775.058437, "device_queued": -1, "device_end": -1, "host_queued_end": 1585499775.06263}, "device": "gpu", "nd_range": {"device_start": 1585499712.1563337, "device_end": 1585499712.156539}, "cmdq": 3, "read": {"device_start": -1, "device_end": -1}}, "FFC_sans_bias24": {"write": {"device_start": -1, "host_queued_start": 1585499775.075487, "device_queued": -1, "device_end": -1, "host_queued_end": 1585499775.077706}, "device": "cpu", "nd_range": {"device_start": 2167549.2779534603, "device_end": 2167549.2789149983}, "cmdq": 0, "read": {"device_start": -1, "device_end": -1}}, "FFC_sans_bias25": {"write": {"device_start": -1, "host_queued_start": 1585499775.077208, "device_queued": -1, "device_end": -1, "host_queued_end": 1585499775.077706}, "device": "cpu", "nd_range": {"device_start": 2167549.27998017, "device_end": 2167549.280838373}, "cmdq": 0, "read": {"device_start": -1, "device_end": -1}}, "FFC_sans_bias27": {"write": {"device_start": -1, "host_queued_start": 1585499775.069828, "device_queued": -1, "device_end": -1, "host_queued_end": 1585499775.077706}, "device": "cpu", "nd_range": {"device_start": 2167549.27190192, "device_end": 2167549.272876479}, "cmdq": 1, "read": {"device_start": -1, "device_end": -1}}, "FFC_sans_bias20": {"write": {"device_start": -1, "host_queued_start": 1585499775.069324, "device_queued": -1, "device_end": -1, "host_queued_end": 1585499775.077706}, "device": "cpu", "nd_range": {"device_start": 2167549.271886418, "device_end": 2167549.272986817}, "cmdq": 0, "read": {"device_start": -1, "device_end": -1}}, "FFC_sans_bias22": {"write": {"device_start": -1, "host_queued_start": 1585499775.07313, "device_queued": -1, "device_end": -1, "host_queued_end": 1585499775.077706}, "device": "cpu", "nd_range": {"device_start": 2167549.2756753783, "device_end": 2167549.276528515}, "cmdq": 0, "read": {"device_start": -1, "device_end": -1}}, "softmax68": {"write": {"device_start": -1, "host_queued_start": 1585499775.059403, "device_queued": -1, "device_end": -1, "host_queued_end": 1585499775.06263}, "device": "gpu", "nd_range": {"device_start": 1585499712.156541, "device_end": 1585499712.1566963}, "cmdq": 3, "read": {"device_start": -1, "device_end": -1}}, "softmax5": {"write": {"device_start": -1, "host_queued_start": 1585499775.073711, "device_queued": -1, "device_end": -1, "host_queued_end": 1585499775.077706}, "device": "cpu", "nd_range": {"device_start": 2167549.276534296, "device_end": 2167549.276579136}, "cmdq": 0, "read": {"device_start": -1, "device_end": -1}}, "FFC_sans_bias28": {"write": {"device_start": -1, "host_queued_start": 1585499775.070328, "device_queued": -1, "device_end": -1, "host_queued_end": 1585499775.077706}, "device": "cpu", "nd_range": {"device_start": 2167549.273093516, "device_end": 2167549.274097601}, "cmdq": 0, "read": {"device_start": -1, "device_end": -1}}, "FFC_sans_bias29": {"write": {"device_start": -1, "host_queued_start": 1585499775.070868, "device_queued": -1, "device_end": -1, "host_queued_end": 1585499775.077706}, "device": "cpu", "nd_range": {"device_start": 2167549.2729838802, "device_end": 2167549.273829382}, "cmdq": 1, "read": {"device_start": -1, "device_end": -1}}, "empty17": {"write": {"device_start": -1, "host_queued_start": 1585499775.063774, "device_queued": -1, "device_end": -1, "host_queued_end": 1585499775.077706}, "device": "cpu", "nd_range": {"device_start": 2167549.267287734, "device_end": 2167549.2672992283}, "cmdq": 1, "read": {"device_start": -1, "device_end": -1}}, "softmax59": {"write": {"device_start": -1, "host_queued_start": 1585499775.059185, "device_queued": -1, "device_end": -1, "host_queued_end": 1585499775.06263}, "device": "gpu", "nd_range": {"device_start": 1585499712.156467, "device_end": 1585499712.156614}, "cmdq": 2, "read": {"device_start": -1, "device_end": -1}}, "empty71": {"write": {"device_start": 1585499712.1553476, "host_queued_start": 1585499775.050001, "device_queued": 1585499712.155321, "device_end": 1585499712.1553562, "host_queued_end": 1585499775.06263}, "device": "gpu", "nd_range": {"device_start": 1585499712.1553693, "device_end": 1585499712.1553726}, "cmdq": 3, "read": {"device_start": -1, "device_end": -1}}, "empty35": {"write": {"device_start": -1, "host_queued_start": 1585499775.064611, "device_queued": -1, "device_end": -1, "host_queued_end": 1585499775.077706}, "device": "cpu", "nd_range": {"device_start": 2167549.267316759, "device_end": 2167549.267317581}, "cmdq": 1, "read": {"device_start": -1, "device_end": -1}}, "empty53": {"write": {"device_start": 1585499712.1552901, "host_queued_start": 1585499775.049198, "device_queued": 1585499712.155266, "device_end": 1585499712.1552987, "host_queued_end": 1585499775.06263}, "device": "gpu", "nd_range": {"device_start": 1585499712.1553583, "device_end": 1585499712.1553648}, "cmdq": 1, "read": {"device_start": -1, "device_end": -1}}, "FFC_sans_bias46": {"write": {"device_start": 1585499712.1555886, "host_queued_start": 1585499775.052566, "device_queued": 1585499712.1555667, "device_end": 1585499712.1555972, "host_queued_end": 1585499775.06263}, "device": "gpu", "nd_range": {"device_start": 1585499712.1556027, "device_end": 1585499712.1558366}, "cmdq": 0, "read": {"device_start": -1, "device_end": -1}}, "coalesced_transpose66": {"write": {"device_start": -1, "host_queued_start": 1585499775.057291, "device_queued": -1, "device_end": -1, "host_queued_end": 1585499775.06263}, "device": "gpu", "nd_range": {"device_start": 1585499712.1562932, "device_end": 1585499712.1563325}, "cmdq": 3, "read": {"device_start": -1, "device_end": -1}}, "coalesced_transpose48": {"write": {"device_start": -1, "host_queued_start": 1585499775.056743, "device_queued": -1, "device_end": -1, "host_queued_end": 1585499775.06263}, "device": "gpu", "nd_range": {"device_start": 1585499712.1561875, "device_end": 1585499712.1562083}, "cmdq": 1, "read": {"device_start": -1, "device_end": -1}}}