{"FFC_sans_bias60": {"write": {"device_start": -1, "host_queued_start": 1585499785.808026, "device_queued": -1, "device_end": -1, "host_queued_end": 1585499785.812429}, "device": "gpu", "nd_range": {"device_start": 1585499722.907485, "device_end": 1585499722.9077597}, "cmdq": 2, "read": {"device_start": -1, "device_end": -1}}, "FFC_sans_bias4": {"write": {"device_start": -1, "host_queued_start": 1585499785.802117, "device_queued": -1, "device_end": -1, "host_queued_end": 1585499785.812429}, "device": "gpu", "nd_range": {"device_start": 1585499722.9066052, "device_end": 1585499722.9067526}, "cmdq": 0, "read": {"device_start": -1, "device_end": -1}}, "FFC_sans_bias7": {"write": {"device_start": 1585499722.9075797, "host_queued_start": 1585499785.808777, "device_queued": 1585499722.906935, "device_end": 1585499722.9075885, "host_queued_end": 1585499785.812429}, "device": "gpu", "nd_range": {"device_start": 1585499722.9075897, "device_end": 1585499722.9077814}, "cmdq": 0, "read": {"device_start": 1585499722.9077888, "device_end": 1585499722.9077976}}, "FFC_sans_bias6": {"write": {"device_start": -1, "host_queued_start": 1585499785.806303, "device_queued": -1, "device_end": -1, "host_queued_end": 1585499785.812429}, "device": "gpu", "nd_range": {"device_start": 1585499722.9072638, "device_end": 1585499722.9073792}, "cmdq": 0, "read": {"device_start": -1, "device_end": -1}}, "FFC_sans_bias1": {"write": {"device_start": 1585499722.9051142, "host_queued_start": 1585499785.788493, "device_queued": 1585499722.9050925, "device_end": 1585499722.905123, "host_queued_end": 1585499785.812429}, "device": "gpu", "nd_range": {"device_start": 1585499722.905179, "device_end": 1585499722.9052904}, "cmdq": 1, "read": {"device_start": -1, "device_end": -1}}, "FFC_sans_bias0": {"write": {"device_start": 1585499722.905068, "host_queued_start": 1585499785.78799, "device_queued": 1585499722.9050462, "device_end": 1585499722.9050765, "host_queued_end": 1585499785.812429}, "device": "gpu", "nd_range": {"device_start": 1585499722.9050825, "device_end": 1585499722.905195}, "cmdq": 0, "read": {"device_start": -1, "device_end": -1}}, "FFC_sans_bias2": {"write": {"device_start": 1585499722.9051402, "host_queued_start": 1585499785.788985, "device_queued": 1585499722.9051175, "device_end": 1585499722.9051487, "host_queued_end": 1585499785.812429}, "device": "gpu", "nd_range": {"device_start": 1585499722.9051929, "device_end": 1585499722.9053938}, "cmdq": 2, "read": {"device_start": -1, "device_end": -1}}, "FFC_sans_bias61": {"write": {"device_start": 1585499722.9080791, "host_queued_start": 1585499785.811832, "device_queued": 1585499722.9073358, "device_end": 1585499722.9080913, "host_queued_end": 1585499785.812429}, "device": "gpu", "nd_range": {"device_start": 1585499722.9080923, "device_end": 1585499722.9082313}, "cmdq": 2, "read": {"device_start": 1585499722.908238, "device_end": 1585499722.9082568}}, "FFC_sans_bias52": {"write": {"device_start": 1585499722.9080608, "host_queued_start": 1585499785.811325, "device_queued": 1585499722.9073114, "device_end": 1585499722.9080722, "host_queued_end": 1585499785.812429}, "device": "gpu", "nd_range": {"device_start": 1585499722.908074, "device_end": 1585499722.9081895}, "cmdq": 1, "read": {"device_start": 1585499722.9082096, "device_end": 1585499722.9082277}}, "FFC_sans_bias9": {"write": {"device_start": 1585499722.9051664, "host_queued_start": 1585499785.789624, "device_queued": 1585499722.905145, "device_end": 1585499722.9051752, "host_queued_end": 1585499785.812429}, "device": "gpu", "nd_range": {"device_start": 1585499722.9052033, "device_end": 1585499722.9053974}, "cmdq": 3, "read": {"device_start": -1, "device_end": -1}}, "coalesced_transpose39": {"write": {"device_start": -1, "host_queued_start": 1585499785.800985, "device_queued": -1, "device_end": -1, "host_queued_end": 1585499785.812429}, "device": "gpu", "nd_range": {"device_start": 1585499722.9065938, "device_end": 1585499722.906604}, "cmdq": 0, "read": {"device_start": -1, "device_end": -1}}, "FFC_sans_bias55": {"write": {"device_start": 1585499722.9062746, "host_queued_start": 1585499785.798074, "device_queued": 1585499722.906111, "device_end": 1585499722.9062834, "host_queued_end": 1585499785.812429}, "device": "gpu", "nd_range": {"device_start": 1585499722.9062843, "device_end": 1585499722.9064808}, "cmdq": 0, "read": {"device_start": -1, "device_end": -1}}, "FFC_sans_bias54": {"write": {"device_start": 1585499722.9061816, "host_queued_start": 1585499785.797585, "device_queued": 1585499722.9059598, "device_end": 1585499722.9061902, "host_queued_end": 1585499785.812429}, "device": "gpu", "nd_range": {"device_start": 1585499722.906192, "device_end": 1585499722.906455}, "cmdq": 3, "read": {"device_start": -1, "device_end": -1}}, "FFC_sans_bias56": {"write": {"device_start": 1585499722.9061549, "host_queued_start": 1585499785.797092, "device_queued": 1585499722.9059374, "device_end": 1585499722.9061635, "host_queued_end": 1585499785.812429}, "device": "gpu", "nd_range": {"device_start": 1585499722.906165, "device_end": 1585499722.9063742}, "cmdq": 2, "read": {"device_start": -1, "device_end": -1}}, "FFC_sans_bias51": {"write": {"device_start": -1, "host_queued_start": 1585499785.807735, "device_queued": -1, "device_end": -1, "host_queued_end": 1585499785.812429}, "device": "gpu", "nd_range": {"device_start": 1585499722.9074645, "device_end": 1585499722.9076807}, "cmdq": 1, "read": {"device_start": -1, "device_end": -1}}, "softmax23": {"write": {"device_start": -1, "host_queued_start": 1585499785.804864, "device_queued": -1, "device_end": -1, "host_queued_end": 1585499785.812429}, "device": "gpu", "nd_range": {"device_start": 1585499722.9071465, "device_end": 1585499722.90722}, "cmdq": 2, "read": {"device_start": -1, "device_end": -1}}, "FFC_sans_bias37": {"write": {"device_start": 1585499722.9058502, "host_queued_start": 1585499785.794634, "device_queued": 1585499722.9057643, "device_end": 1585499722.9058588, "host_queued_end": 1585499785.812429}, "device": "gpu", "nd_range": {"device_start": 1585499722.9058597, "device_end": 1585499722.9060695}, "cmdq": 1, "read": {"device_start": -1, "device_end": -1}}, "empty62": {"write": {"device_start": 1585499722.9049926, "host_queued_start": 1585499785.787099, "device_queued": 1585499722.90497, "device_end": 1585499722.9050024, "host_queued_end": 1585499785.812429}, "device": "gpu", "nd_range": {"device_start": 1585499722.9050317, "device_end": 1585499722.9050357}, "cmdq": 2, "read": {"device_start": -1, "device_end": -1}}, "FFC_sans_bias70": {"write": {"device_start": 1585499722.908206, "host_queued_start": 1585499785.812334, "device_queued": 1585499722.9073582, "device_end": 1585499722.9082243, "host_queued_end": 1585499785.812429}, "device": "gpu", "nd_range": {"device_start": 1585499722.9082265, "device_end": 1585499722.908334}, "cmdq": 3, "read": {"device_start": 1585499722.9083383, "device_end": 1585499722.908345}}, "FFC_sans_bias58": {"write": {"device_start": -1, "host_queued_start": 1585499785.803904, "device_queued": -1, "device_end": -1, "host_queued_end": 1585499785.812429}, "device": "gpu", "nd_range": {"device_start": 1585499722.9068675, "device_end": 1585499722.907144}, "cmdq": 2, "read": {"device_start": -1, "device_end": -1}}, "softmax41": {"write": {"device_start": -1, "host_queued_start": 1585499785.805296, "device_queued": -1, "device_end": -1, "host_queued_end": 1585499785.812429}, "device": "gpu", "nd_range": {"device_start": 1585499722.9071808, "device_end": 1585499722.9072614}, "cmdq": 0, "read": {"device_start": -1, "device_end": -1}}, "FFC_sans_bias11": {"write": {"device_start": 1585499722.905384, "host_queued_start": 1585499785.790658, "device_queued": 1585499722.9053595, "device_end": 1585499722.9053926, "host_queued_end": 1585499785.812429}, "device": "gpu", "nd_range": {"device_start": 1585499722.9054499, "device_end": 1585499722.9055583}, "cmdq": 1, "read": {"device_start": -1, "device_end": -1}}, "FFC_sans_bias10": {"write": {"device_start": 1585499722.905335, "host_queued_start": 1585499785.790112, "device_queued": 1585499722.9053097, "device_end": 1585499722.9053435, "host_queued_end": 1585499785.812429}, "device": "gpu", "nd_range": {"device_start": 1585499722.9053512, "device_end": 1585499722.9054885}, "cmdq": 0, "read": {"device_start": -1, "device_end": -1}}, "coalesced_transpose3": {"write": {"device_start": -1, "host_queued_start": 1585499785.799896, "device_queued": -1, "device_end": -1, "host_queued_end": 1585499785.812429}, "device": "gpu", "nd_range": {"device_start": 1585499722.9064817, "device_end": 1585499722.9065926}, "cmdq": 0, "read": {"device_start": -1, "device_end": -1}}, "FFC_sans_bias34": {"write": {"device_start": 1585499722.9078877, "host_queued_start": 1585499785.81028, "device_queued": 1585499722.9070177, "device_end": 1585499722.9078994, "host_queued_end": 1585499785.812429}, "device": "gpu", "nd_range": {"device_start": 1585499722.9079006, "device_end": 1585499722.908096}, "cmdq": 3, "read": {"device_start": 1585499722.9081006, "device_end": 1585499722.908114}}, "FFC_sans_bias15": {"write": {"device_start": -1, "host_queued_start": 1585499785.80659, "device_queued": -1, "device_end": -1, "host_queued_end": 1585499785.812429}, "device": "gpu", "nd_range": {"device_start": 1585499722.9072704, "device_end": 1585499722.9074626}, "cmdq": 1, "read": {"device_start": -1, "device_end": -1}}, "FFC_sans_bias31": {"write": {"device_start": -1, "host_queued_start": 1585499785.803031, "device_queued": -1, "device_end": -1, "host_queued_end": 1585499785.812429}, "device": "gpu", "nd_range": {"device_start": 1585499722.9067588, "device_end": 1585499722.906989}, "cmdq": 3, "read": {"device_start": -1, "device_end": -1}}, "FFC_sans_bias16": {"write": {"device_start": 1585499722.9076834, "host_queued_start": 1585499785.809281, "device_queued": 1585499722.9069724, "device_end": 1585499722.907692, "host_queued_end": 1585499785.812429}, "device": "gpu", "nd_range": {"device_start": 1585499722.9076931, "device_end": 1585499722.9079468}, "cmdq": 1, "read": {"device_start": 1585499722.9079497, "device_end": 1585499722.9079583}}, "FFC_sans_bias19": {"write": {"device_start": 1585499722.9054384, "host_queued_start": 1585499785.79164, "device_queued": 1585499722.9054148, "device_end": 1585499722.9054468, "host_queued_end": 1585499785.812429}, "device": "gpu", "nd_range": {"device_start": 1585499722.9054785, "device_end": 1585499722.9056768}, "cmdq": 3, "read": {"device_start": -1, "device_end": -1}}, "FFC_sans_bias18": {"write": {"device_start": 1585499722.9054112, "host_queued_start": 1585499785.791151, "device_queued": 1585499722.905388, "device_end": 1585499722.9054198, "host_queued_end": 1585499785.812429}, "device": "gpu", "nd_range": {"device_start": 1585499722.9054637, "device_end": 1585499722.9056609}, "cmdq": 2, "read": {"device_start": -1, "device_end": -1}}, "coalesced_transpose30": {"write": {"device_start": -1, "host_queued_start": 1585499785.800721, "device_queued": -1, "device_end": -1, "host_queued_end": 1585499785.812429}, "device": "gpu", "nd_range": {"device_start": 1585499722.9066784, "device_end": 1585499722.9067438}, "cmdq": 3, "read": {"device_start": -1, "device_end": -1}}, "FFC_sans_bias69": {"write": {"device_start": -1, "host_queued_start": 1585499785.8083, "device_queued": -1, "device_end": -1, "host_queued_end": 1585499785.812429}, "device": "gpu", "nd_range": {"device_start": 1585499722.9076505, "device_end": 1585499722.9078827}, "cmdq": 3, "read": {"device_start": -1, "device_end": -1}}, "FFC_sans_bias38": {"write": {"device_start": 1585499722.9058723, "host_queued_start": 1585499785.795133, "device_queued": 1585499722.90579, "device_end": 1585499722.905881, "host_queued_end": 1585499785.812429}, "device": "gpu", "nd_range": {"device_start": 1585499722.9058821, "device_end": 1585499722.9061527}, "cmdq": 2, "read": {"device_start": -1, "device_end": -1}}, "coalesced_transpose57": {"write": {"device_start": -1, "host_queued_start": 1585499785.801548, "device_queued": -1, "device_end": -1, "host_queued_end": 1585499785.812429}, "device": "gpu", "nd_range": {"device_start": 1585499722.9067364, "device_end": 1585499722.906749}, "cmdq": 2, "read": {"device_start": -1, "device_end": -1}}, "empty26": {"write": {"device_start": 1585499722.9048514, "host_queued_start": 1585499785.785476, "device_queued": 1585499722.9048264, "device_end": 1585499722.9048603, "host_queued_end": 1585499785.812429}, "device": "gpu", "nd_range": {"device_start": 1585499722.9048939, "device_end": 1585499722.9048977}, "cmdq": 2, "read": {"device_start": -1, "device_end": -1}}, "coalesced_transpose12": {"write": {"device_start": -1, "host_queued_start": 1585499785.80016, "device_queued": -1, "device_end": -1, "host_queued_end": 1585499785.812429}, "device": "gpu", "nd_range": {"device_start": 1585499722.9065728, "device_end": 1585499722.9065964}, "cmdq": 1, "read": {"device_start": -1, "device_end": -1}}, "empty44": {"write": {"device_start": 1585499722.9049337, "host_queued_start": 1585499785.786304, "device_queued": 1585499722.9049113, "device_end": 1585499722.9049423, "host_queued_end": 1585499785.812429}, "device": "gpu", "nd_range": {"device_start": 1585499722.9049435, "device_end": 1585499722.9049468}, "cmdq": 0, "read": {"device_start": -1, "device_end": -1}}, "coalesced_transpose21": {"write": {"device_start": -1, "host_queued_start": 1585499785.800442, "device_queued": -1, "device_end": -1, "host_queued_end": 1585499785.812429}, "device": "gpu", "nd_range": {"device_start": 1585499722.9066358, "device_end": 1585499722.9067352}, "cmdq": 2, "read": {"device_start": -1, "device_end": -1}}, "FFC_sans_bias36": {"write": {"device_start": 1585499722.905764, "host_queued_start": 1585499785.794121, "device_queued": 1585499722.9057238, "device_end": 1585499722.9057744, "host_queued_end": 1585499785.812429}, "device": "gpu", "nd_range": {"device_start": 1585499722.905776, "device_end": 1585499722.9059846}, "cmdq": 0, "read": {"device_start": -1, "device_end": -1}}, "softmax14": {"write": {"device_start": -1, "host_queued_start": 1585499785.804637, "device_queued": -1, "device_end": -1, "host_queued_end": 1585499785.812429}, "device": "gpu", "nd_range": {"device_start": 1585499722.9070697, "device_end": 1585499722.9071937}, "cmdq": 1, "read": {"device_start": -1, "device_end": -1}}, "FFC_sans_bias13": {"write": {"device_start": -1, "host_queued_start": 1585499785.802428, "device_queued": -1, "device_end": -1, "host_queued_end": 1585499785.812429}, "device": "gpu", "nd_range": {"device_start": 1585499722.9066114, "device_end": 1585499722.9068134}, "cmdq": 1, "read": {"device_start": -1, "device_end": -1}}, "empty8": {"write": {"device_start": 1585499722.904748, "host_queued_start": 1585499785.784477, "device_queued": 1585499722.9047148, "device_end": 1585499722.9047565, "host_queued_end": 1585499785.812429}, "device": "gpu", "nd_range": {"device_start": 1585499722.9047785, "device_end": 1585499722.904793}, "cmdq": 0, "read": {"device_start": -1, "device_end": -1}}, "FFC_sans_bias42": {"write": {"device_start": -1, "host_queued_start": 1585499785.807444, "device_queued": -1, "device_end": -1, "host_queued_end": 1585499785.812429}, "device": "gpu", "nd_range": {"device_start": 1585499722.9073803, "device_end": 1585499722.9075775}, "cmdq": 0, "read": {"device_start": -1, "device_end": -1}}, "FFC_sans_bias43": {"write": {"device_start": 1585499722.907906, "host_queued_start": 1585499785.810799, "device_queued": 1585499722.9072657, "device_end": 1585499722.9079149, "host_queued_end": 1585499785.812429}, "device": "gpu", "nd_range": {"device_start": 1585499722.9079158, "device_end": 1585499722.908118}, "cmdq": 0, "read": {"device_start": 1585499722.908132, "device_end": 1585499722.9081407}}, "FFC_sans_bias40": {"write": {"device_start": -1, "host_queued_start": 1585499785.803323, "device_queued": -1, "device_end": -1, "host_queued_end": 1585499785.812429}, "device": "gpu", "nd_range": {"device_start": 1585499722.9067538, "device_end": 1585499722.90696}, "cmdq": 0, "read": {"device_start": -1, "device_end": -1}}, "softmax32": {"write": {"device_start": -1, "host_queued_start": 1585499785.805072, "device_queued": -1, "device_end": -1, "host_queued_end": 1585499785.812429}, "device": "gpu", "nd_range": {"device_start": 1585499722.9071689, "device_end": 1585499722.9072459}, "cmdq": 3, "read": {"device_start": -1, "device_end": -1}}, "FFC_sans_bias47": {"write": {"device_start": 1585499722.9060717, "host_queued_start": 1585499785.796606, "device_queued": 1585499722.905914, "device_end": 1585499722.9060802, "host_queued_end": 1585499785.812429}, "device": "gpu", "nd_range": {"device_start": 1585499722.9060814, "device_end": 1585499722.906287}, "cmdq": 1, "read": {"device_start": -1, "device_end": -1}}, "FFC_sans_bias45": {"write": {"device_start": 1585499722.9059699, "host_queued_start": 1585499785.795623, "device_queued": 1585499722.9058144, "device_end": 1585499722.9059808, "host_queued_end": 1585499785.812429}, "device": "gpu", "nd_range": {"device_start": 1585499722.9059818, "device_end": 1585499722.9061782}, "cmdq": 3, "read": {"device_start": -1, "device_end": -1}}, "softmax50": {"write": {"device_start": -1, "host_queued_start": 1585499785.805517, "device_queued": -1, "device_end": -1, "host_queued_end": 1585499785.812429}, "device": "gpu", "nd_range": {"device_start": 1585499722.9071956, "device_end": 1585499722.907268}, "cmdq": 1, "read": {"device_start": -1, "device_end": -1}}, "FFC_sans_bias33": {"write": {"device_start": -1, "host_queued_start": 1585499785.807173, "device_queued": -1, "device_end": -1, "host_queued_end": 1585499785.812429}, "device": "gpu", "nd_range": {"device_start": 1585499722.9074054, "device_end": 1585499722.907648}, "cmdq": 3, "read": {"device_start": -1, "device_end": -1}}, "FFC_sans_bias63": {"write": {"device_start": 1585499722.9064574, "host_queued_start": 1585499785.799593, "device_queued": 1585499722.9062092, "device_end": 1585499722.906466, "host_queued_end": 1585499785.812429}, "device": "gpu", "nd_range": {"device_start": 1585499722.906467, "device_end": 1585499722.906677}, "cmdq": 3, "read": {"device_start": -1, "device_end": -1}}, "FFC_sans_bias49": {"write": {"device_start": -1, "host_queued_start": 1585499785.803605, "device_queued": -1, "device_end": -1, "host_queued_end": 1585499785.812429}, "device": "gpu", "nd_range": {"device_start": 1585499722.9068146, "device_end": 1585499722.9070678}, "cmdq": 1, "read": {"device_start": -1, "device_end": -1}}, "FFC_sans_bias64": {"write": {"device_start": 1585499722.906289, "host_queued_start": 1585499785.798592, "device_queued": 1585499722.9061546, "device_end": 1585499722.9062977, "host_queued_end": 1585499785.812429}, "device": "gpu", "nd_range": {"device_start": 1585499722.9062986, "device_end": 1585499722.9065719}, "cmdq": 1, "read": {"device_start": -1, "device_end": -1}}, "FFC_sans_bias65": {"write": {"device_start": 1585499722.9063764, "host_queued_start": 1585499785.799103, "device_queued": 1585499722.9061828, "device_end": 1585499722.9063888, "host_queued_end": 1585499785.812429}, "device": "gpu", "nd_range": {"device_start": 1585499722.9063902, "device_end": 1585499722.9066346}, "cmdq": 2, "read": {"device_start": -1, "device_end": -1}}, "FFC_sans_bias67": {"write": {"device_start": -1, "host_queued_start": 1585499785.804195, "device_queued": -1, "device_end": -1, "host_queued_end": 1585499785.812429}, "device": "gpu", "nd_range": {"device_start": 1585499722.9069905, "device_end": 1585499722.907168}, "cmdq": 3, "read": {"device_start": -1, "device_end": -1}}, "FFC_sans_bias24": {"write": {"device_start": -1, "host_queued_start": 1585499785.806886, "device_queued": -1, "device_end": -1, "host_queued_end": 1585499785.812429}, "device": "gpu", "nd_range": {"device_start": 1585499722.907349, "device_end": 1585499722.9074826}, "cmdq": 2, "read": {"device_start": -1, "device_end": -1}}, "FFC_sans_bias25": {"write": {"device_start": 1585499722.9077613, "host_queued_start": 1585499785.809777, "device_queued": 1585499722.9069965, "device_end": 1585499722.90777, "host_queued_end": 1585499785.812429}, "device": "gpu", "nd_range": {"device_start": 1585499722.9077709, "device_end": 1585499722.9079814}, "cmdq": 2, "read": {"device_start": 1585499722.9079964, "device_end": 1585499722.9080122}}, "FFC_sans_bias27": {"write": {"device_start": 1585499722.9055622, "host_queued_start": 1585499785.792636, "device_queued": 1585499722.9055226, "device_end": 1585499722.905571, "host_queued_end": 1585499785.812429}, "device": "gpu", "nd_range": {"device_start": 1585499722.9056065, "device_end": 1585499722.9058478}, "cmdq": 1, "read": {"device_start": -1, "device_end": -1}}, "FFC_sans_bias20": {"write": {"device_start": 1585499722.9055054, "host_queued_start": 1585499785.792142, "device_queued": 1585499722.9054832, "device_end": 1585499722.9055138, "host_queued_end": 1585499785.812429}, "device": "gpu", "nd_range": {"device_start": 1585499722.9055173, "device_end": 1585499722.9057622}, "cmdq": 0, "read": {"device_start": -1, "device_end": -1}}, "FFC_sans_bias22": {"write": {"device_start": -1, "host_queued_start": 1585499785.802733, "device_queued": -1, "device_end": -1, "host_queued_end": 1585499785.812429}, "device": "gpu", "nd_range": {"device_start": 1585499722.90675, "device_end": 1585499722.9068663}, "cmdq": 2, "read": {"device_start": -1, "device_end": -1}}, "softmax68": {"write": {"device_start": -1, "host_queued_start": 1585499785.805942, "device_queued": -1, "device_end": -1, "host_queued_end": 1585499785.812429}, "device": "gpu", "nd_range": {"device_start": 1585499722.907248, "device_end": 1585499722.9073966}, "cmdq": 3, "read": {"device_start": -1, "device_end": -1}}, "softmax5": {"write": {"device_start": -1, "host_queued_start": 1585499785.80441, "device_queued": -1, "device_end": -1, "host_queued_end": 1585499785.812429}, "device": "gpu", "nd_range": {"device_start": 1585499722.9069622, "device_end": 1585499722.9071786}, "cmdq": 0, "read": {"device_start": -1, "device_end": -1}}, "FFC_sans_bias28": {"write": {"device_start": 1585499722.9056628, "host_queued_start": 1585499785.793126, "device_queued": 1585499722.9055464, "device_end": 1585499722.9056714, "host_queued_end": 1585499785.812429}, "device": "gpu", "nd_range": {"device_start": 1585499722.9056726, "device_end": 1585499722.9058702}, "cmdq": 2, "read": {"device_start": -1, "device_end": -1}}, "FFC_sans_bias29": {"write": {"device_start": 1585499722.905678, "host_queued_start": 1585499785.793622, "device_queued": 1585499722.9055738, "device_end": 1585499722.9056864, "host_queued_end": 1585499785.812429}, "device": "gpu", "nd_range": {"device_start": 1585499722.9056876, "device_end": 1585499722.9059656}, "cmdq": 3, "read": {"device_start": -1, "device_end": -1}}, "empty17": {"write": {"device_start": 1585499722.9048247, "host_queued_start": 1585499785.785075, "device_queued": 1585499722.9048004, "device_end": 1585499722.9048333, "host_queued_end": 1585499785.812429}, "device": "gpu", "nd_range": {"device_start": 1585499722.9048889, "device_end": 1585499722.904896}, "cmdq": 1, "read": {"device_start": -1, "device_end": -1}}, "softmax59": {"write": {"device_start": -1, "host_queued_start": 1585499785.805723, "device_queued": -1, "device_end": -1, "host_queued_end": 1585499785.812429}, "device": "gpu", "nd_range": {"device_start": 1585499722.907222, "device_end": 1585499722.9073455}, "cmdq": 2, "read": {"device_start": -1, "device_end": -1}}, "empty71": {"write": {"device_start": 1585499722.9050174, "host_queued_start": 1585499785.787466, "device_queued": 1585499722.9049945, "device_end": 1585499722.905026, "host_queued_end": 1585499785.812429}, "device": "gpu", "nd_range": {"device_start": 1585499722.9050379, "device_end": 1585499722.9050415}, "cmdq": 3, "read": {"device_start": -1, "device_end": -1}}, "empty35": {"write": {"device_start": 1585499722.9048781, "host_queued_start": 1585499785.785872, "device_queued": 1585499722.9048529, "device_end": 1585499722.904887, "host_queued_end": 1585499785.812429}, "device": "gpu", "nd_range": {"device_start": 1585499722.9049025, "device_end": 1585499722.904906}, "cmdq": 3, "read": {"device_start": -1, "device_end": -1}}, "empty53": {"write": {"device_start": 1585499722.9049678, "host_queued_start": 1585499785.786713, "device_queued": 1585499722.904946, "device_end": 1585499722.9049776, "host_queued_end": 1585499785.812429}, "device": "gpu", "nd_range": {"device_start": 1585499722.9050279, "device_end": 1585499722.905034}, "cmdq": 1, "read": {"device_start": -1, "device_end": -1}}, "FFC_sans_bias46": {"write": {"device_start": 1585499722.9059865, "host_queued_start": 1585499785.796109, "device_queued": 1585499722.905875, "device_end": 1585499722.9059954, "host_queued_end": 1585499785.812429}, "device": "gpu", "nd_range": {"device_start": 1585499722.9059963, "device_end": 1585499722.9062726}, "cmdq": 0, "read": {"device_start": -1, "device_end": -1}}, "coalesced_transpose66": {"write": {"device_start": -1, "host_queued_start": 1585499785.801816, "device_queued": -1, "device_end": -1, "host_queued_end": 1585499785.812429}, "device": "gpu", "nd_range": {"device_start": 1585499722.906745, "device_end": 1585499722.9067578}, "cmdq": 3, "read": {"device_start": -1, "device_end": -1}}, "coalesced_transpose48": {"write": {"device_start": -1, "host_queued_start": 1585499785.801267, "device_queued": -1, "device_end": -1, "host_queued_end": 1585499785.812429}, "device": "gpu", "nd_range": {"device_start": 1585499722.9065974, "device_end": 1585499722.9066103}, "cmdq": 1, "read": {"device_start": -1, "device_end": -1}}}