{"FFC_sans_bias60": {"write": {"device_start": -1, "host_queued_start": 1585499753.688416, "device_queued": -1, "device_end": -1, "host_queued_end": 1585499753.690824}, "device": "gpu", "nd_range": {"device_start": 1585499690.7855253, "device_end": 1585499690.7857308}, "cmdq": 2, "read": {"device_start": -1, "device_end": -1}}, "FFC_sans_bias4": {"write": {"device_start": -1, "host_queued_start": 1585499753.700697, "device_queued": -1, "device_end": -1, "host_queued_end": 1585499753.705943}, "device": "cpu", "nd_range": {"device_start": 2167527.902933856, "device_end": 2167527.9037422123}, "cmdq": 0, "read": {"device_start": -1, "device_end": -1}}, "FFC_sans_bias7": {"write": {"device_start": -1, "host_queued_start": 1585499753.704537, "device_queued": -1, "device_end": -1, "host_queued_end": 1585499753.705943}, "device": "cpu", "nd_range": {"device_start": 2167527.909237157, "device_end": 2167527.9098218842}, "cmdq": 0, "read": {"device_start": -1, "device_end": -1}}, "FFC_sans_bias6": {"write": {"device_start": -1, "host_queued_start": 1585499753.703024, "device_queued": -1, "device_end": -1, "host_queued_end": 1585499753.705943}, "device": "cpu", "nd_range": {"device_start": 2167527.9068118683, "device_end": 2167527.907425561}, "cmdq": 0, "read": {"device_start": -1, "device_end": -1}}, "FFC_sans_bias1": {"write": {"device_start": -1, "host_queued_start": 1585499753.693959, "device_queued": -1, "device_end": -1, "host_queued_end": 1585499753.705943}, "device": "cpu", "nd_range": {"device_start": 2167527.8962984392, "device_end": 2167527.8969064984}, "cmdq": 0, "read": {"device_start": -1, "device_end": -1}}, "FFC_sans_bias0": {"write": {"device_start": -1, "host_queued_start": 1585499753.693456, "device_queued": -1, "device_end": -1, "host_queued_end": 1585499753.705943}, "device": "cpu", "nd_range": {"device_start": 2167527.8955777553, "device_end": 2167527.89628853}, "cmdq": 0, "read": {"device_start": -1, "device_end": -1}}, "FFC_sans_bias2": {"write": {"device_start": -1, "host_queued_start": 1585499753.69447, "device_queued": -1, "device_end": -1, "host_queued_end": 1585499753.705943}, "device": "cpu", "nd_range": {"device_start": 2167527.8969274703, "device_end": 2167527.897567775}, "cmdq": 0, "read": {"device_start": -1, "device_end": -1}}, "FFC_sans_bias61": {"write": {"device_start": 1585499690.7857344, "host_queued_start": 1585499753.690191, "device_queued": 1585499690.785263, "device_end": 1585499690.7857432, "host_queued_end": 1585499753.690824}, "device": "gpu", "nd_range": {"device_start": 1585499690.7857442, "device_end": 1585499690.7859166}, "cmdq": 2, "read": {"device_start": 1585499690.7859223, "device_end": 1585499690.7859342}}, "FFC_sans_bias52": {"write": {"device_start": 1585499690.7855103, "host_queued_start": 1585499753.689689, "device_queued": 1585499690.7852442, "device_end": 1585499690.7855186, "host_queued_end": 1585499753.690824}, "device": "gpu", "nd_range": {"device_start": 1585499690.7855203, "device_end": 1585499690.7856514}, "cmdq": 1, "read": {"device_start": 1585499690.785658, "device_end": 1585499690.7856648}}, "FFC_sans_bias9": {"write": {"device_start": -1, "host_queued_start": 1585499753.694999, "device_queued": -1, "device_end": -1, "host_queued_end": 1585499753.705943}, "device": "cpu", "nd_range": {"device_start": 2167527.897572407, "device_end": 2167527.898215324}, "cmdq": 0, "read": {"device_start": -1, "device_end": -1}}, "coalesced_transpose39": {"write": {"device_start": -1, "host_queued_start": 1585499753.684624, "device_queued": -1, "device_end": -1, "host_queued_end": 1585499753.690824}, "device": "gpu", "nd_range": {"device_start": 1585499690.7849894, "device_end": 1585499690.7851079}, "cmdq": 0, "read": {"device_start": -1, "device_end": -1}}, "FFC_sans_bias55": {"write": {"device_start": 1585499690.7847393, "host_queued_start": 1585499753.68283, "device_queued": 1585499690.7847164, "device_end": 1585499690.7847478, "host_queued_end": 1585499753.690824}, "device": "gpu", "nd_range": {"device_start": 1585499690.7847488, "device_end": 1585499690.7849882}, "cmdq": 0, "read": {"device_start": -1, "device_end": -1}}, "FFC_sans_bias54": {"write": {"device_start": 1585499690.7846725, "host_queued_start": 1585499753.682283, "device_queued": 1585499690.784651, "device_end": 1585499690.7846813, "host_queued_end": 1585499753.690824}, "device": "gpu", "nd_range": {"device_start": 1585499690.7847106, "device_end": 1585499690.7849061}, "cmdq": 3, "read": {"device_start": -1, "device_end": -1}}, "FFC_sans_bias56": {"write": {"device_start": 1585499690.784611, "host_queued_start": 1585499753.681786, "device_queued": 1585499690.784508, "device_end": 1585499690.7846193, "host_queued_end": 1585499753.690824}, "device": "gpu", "nd_range": {"device_start": 1585499690.784696, "device_end": 1585499690.7848868}, "cmdq": 2, "read": {"device_start": -1, "device_end": -1}}, "FFC_sans_bias51": {"write": {"device_start": -1, "host_queued_start": 1585499753.688124, "device_queued": -1, "device_end": -1, "host_queued_end": 1585499753.690824}, "device": "gpu", "nd_range": {"device_start": 1585499690.7853954, "device_end": 1585499690.785508}, "cmdq": 1, "read": {"device_start": -1, "device_end": -1}}, "softmax23": {"write": {"device_start": -1, "host_queued_start": 1585499753.702407, "device_queued": -1, "device_end": -1, "host_queued_end": 1585499753.705943}, "device": "cpu", "nd_range": {"device_start": 2167527.906530554, "device_end": 2167527.906762085}, "cmdq": 0, "read": {"device_start": -1, "device_end": -1}}, "FFC_sans_bias37": {"write": {"device_start": 1585499690.7843275, "host_queued_start": 1585499753.679142, "device_queued": 1585499690.7843032, "device_end": 1585499690.7843363, "host_queued_end": 1585499753.690824}, "device": "gpu", "nd_range": {"device_start": 1585499690.784408, "device_end": 1585499690.784516}, "cmdq": 1, "read": {"device_start": -1, "device_end": -1}}, "empty62": {"write": {"device_start": 1585499690.7841966, "host_queued_start": 1585499753.677644, "device_queued": 1585499690.7841725, "device_end": 1585499690.7842057, "host_queued_end": 1585499753.690824}, "device": "gpu", "nd_range": {"device_start": 1585499690.7842426, "device_end": 1585499690.784246}, "cmdq": 2, "read": {"device_start": -1, "device_end": -1}}, "FFC_sans_bias70": {"write": {"device_start": 1585499690.7857583, "host_queued_start": 1585499753.690722, "device_queued": 1585499690.7853725, "device_end": 1585499690.7857714, "host_queued_end": 1585499753.690824}, "device": "gpu", "nd_range": {"device_start": 1585499690.7857726, "device_end": 1585499690.7859516}, "cmdq": 3, "read": {"device_start": 1585499690.7859628, "device_end": 1585499690.7859695}}, "FFC_sans_bias58": {"write": {"device_start": -1, "host_queued_start": 1585499753.686344, "device_queued": -1, "device_end": -1, "host_queued_end": 1585499753.690824}, "device": "gpu", "nd_range": {"device_start": 1585499690.7851417, "device_end": 1585499690.7853665}, "cmdq": 2, "read": {"device_start": -1, "device_end": -1}}, "softmax41": {"write": {"device_start": -1, "host_queued_start": 1585499753.686886, "device_queued": -1, "device_end": -1, "host_queued_end": 1585499753.690824}, "device": "gpu", "nd_range": {"device_start": 1585499690.7853053, "device_end": 1585499690.7854311}, "cmdq": 0, "read": {"device_start": -1, "device_end": -1}}, "FFC_sans_bias11": {"write": {"device_start": -1, "host_queued_start": 1585499753.696032, "device_queued": -1, "device_end": -1, "host_queued_end": 1585499753.705943}, "device": "cpu", "nd_range": {"device_start": 2167527.898844149, "device_end": 2167527.8994764932}, "cmdq": 0, "read": {"device_start": -1, "device_end": -1}}, "FFC_sans_bias10": {"write": {"device_start": -1, "host_queued_start": 1585499753.6955, "device_queued": -1, "device_end": -1, "host_queued_end": 1585499753.705943}, "device": "cpu", "nd_range": {"device_start": 2167527.8982195132, "device_end": 2167527.898839803}, "cmdq": 0, "read": {"device_start": -1, "device_end": -1}}, "coalesced_transpose3": {"write": {"device_start": -1, "host_queued_start": 1585499753.699398, "device_queued": -1, "device_end": -1, "host_queued_end": 1585499753.705943}, "device": "cpu", "nd_range": {"device_start": 2167527.902650459, "device_end": 2167527.902674187}, "cmdq": 0, "read": {"device_start": -1, "device_end": -1}}, "FFC_sans_bias34": {"write": {"device_start": -1, "host_queued_start": 1585499753.705898, "device_queued": -1, "device_end": -1, "host_queued_end": 1585499753.705943}, "device": "cpu", "nd_range": {"device_start": 2167527.910813984, "device_end": 2167527.911300328}, "cmdq": 0, "read": {"device_start": -1, "device_end": -1}}, "FFC_sans_bias15": {"write": {"device_start": -1, "host_queued_start": 1585499753.703351, "device_queued": -1, "device_end": -1, "host_queued_end": 1585499753.705943}, "device": "cpu", "nd_range": {"device_start": 2167527.907432727, "device_end": 2167527.908023709}, "cmdq": 0, "read": {"device_start": -1, "device_end": -1}}, "FFC_sans_bias31": {"write": {"device_start": -1, "host_queued_start": 1585499753.701649, "device_queued": -1, "device_end": -1, "host_queued_end": 1585499753.705943}, "device": "cpu", "nd_range": {"device_start": 2167527.9058323493, "device_end": 2167527.906431916}, "cmdq": 0, "read": {"device_start": -1, "device_end": -1}}, "FFC_sans_bias16": {"write": {"device_start": -1, "host_queued_start": 1585499753.704989, "device_queued": -1, "device_end": -1, "host_queued_end": 1585499753.705943}, "device": "cpu", "nd_range": {"device_start": 2167527.9098241623, "device_end": 2167527.9103231123}, "cmdq": 0, "read": {"device_start": -1, "device_end": -1}}, "FFC_sans_bias19": {"write": {"device_start": -1, "host_queued_start": 1585499753.697054, "device_queued": -1, "device_end": -1, "host_queued_end": 1585499753.705943}, "device": "cpu", "nd_range": {"device_start": 2167527.90014031, "device_end": 2167527.90063417}, "cmdq": 0, "read": {"device_start": -1, "device_end": -1}}, "FFC_sans_bias18": {"write": {"device_start": -1, "host_queued_start": 1585499753.696552, "device_queued": -1, "device_end": -1, "host_queued_end": 1585499753.705943}, "device": "cpu", "nd_range": {"device_start": 2167527.8994808593, "device_end": 2167527.8999942373}, "cmdq": 0, "read": {"device_start": -1, "device_end": -1}}, "coalesced_transpose30": {"write": {"device_start": -1, "host_queued_start": 1585499753.70039, "device_queued": -1, "device_end": -1, "host_queued_end": 1585499753.705943}, "device": "cpu", "nd_range": {"device_start": 2167527.902890136, "device_end": 2167527.902917746}, "cmdq": 0, "read": {"device_start": -1, "device_end": -1}}, "FFC_sans_bias69": {"write": {"device_start": -1, "host_queued_start": 1585499753.688708, "device_queued": -1, "device_end": -1, "host_queued_end": 1585499753.690824}, "device": "gpu", "nd_range": {"device_start": 1585499690.785549, "device_end": 1585499690.7857556}, "cmdq": 3, "read": {"device_start": -1, "device_end": -1}}, "FFC_sans_bias38": {"write": {"device_start": 1585499690.7843559, "host_queued_start": 1585499753.679646, "device_queued": 1585499690.7843301, "device_end": 1585499690.784366, "host_queued_end": 1585499753.690824}, "device": "gpu", "nd_range": {"device_start": 1585499690.784418, "device_end": 1585499690.7846086}, "cmdq": 2, "read": {"device_start": -1, "device_end": -1}}, "coalesced_transpose57": {"write": {"device_start": -1, "host_queued_start": 1585499753.68518, "device_queued": -1, "device_end": -1, "host_queued_end": 1585499753.690824}, "device": "gpu", "nd_range": {"device_start": 1585499690.7851048, "device_end": 1585499690.7851405}, "cmdq": 2, "read": {"device_start": -1, "device_end": -1}}, "empty26": {"write": {"device_start": -1, "host_queued_start": 1585499753.692388, "device_queued": -1, "device_end": -1, "host_queued_end": 1585499753.705943}, "device": "cpu", "nd_range": {"device_start": 2167527.895568702, "device_end": 2167527.8955692532}, "cmdq": 0, "read": {"device_start": -1, "device_end": -1}}, "coalesced_transpose12": {"write": {"device_start": -1, "host_queued_start": 1585499753.699693, "device_queued": -1, "device_end": -1, "host_queued_end": 1585499753.705943}, "device": "cpu", "nd_range": {"device_start": 2167527.9026879733, "device_end": 2167527.902736717}, "cmdq": 0, "read": {"device_start": -1, "device_end": -1}}, "empty44": {"write": {"device_start": 1585499690.784096, "host_queued_start": 1585499753.676613, "device_queued": 1585499690.7840464, "device_end": 1585499690.7841048, "host_queued_end": 1585499753.690824}, "device": "gpu", "nd_range": {"device_start": 1585499690.784128, "device_end": 1585499690.7841408}, "cmdq": 0, "read": {"device_start": -1, "device_end": -1}}, "coalesced_transpose21": {"write": {"device_start": -1, "host_queued_start": 1585499753.700084, "device_queued": -1, "device_end": -1, "host_queued_end": 1585499753.705943}, "device": "cpu", "nd_range": {"device_start": 2167527.902789, "device_end": 2167527.90285043}, "cmdq": 0, "read": {"device_start": -1, "device_end": -1}}, "FFC_sans_bias36": {"write": {"device_start": 1585499690.7842848, "host_queued_start": 1585499753.678637, "device_queued": 1585499690.7842603, "device_end": 1585499690.7842934, "host_queued_end": 1585499753.690824}, "device": "gpu", "nd_range": {"device_start": 1585499690.7842965, "device_end": 1585499690.7844043}, "cmdq": 0, "read": {"device_start": -1, "device_end": -1}}, "softmax14": {"write": {"device_start": -1, "host_queued_start": 1585499753.702168, "device_queued": -1, "device_end": -1, "host_queued_end": 1585499753.705943}, "device": "cpu", "nd_range": {"device_start": 2167527.906497235, "device_end": 2167527.906522858}, "cmdq": 0, "read": {"device_start": -1, "device_end": -1}}, "FFC_sans_bias13": {"write": {"device_start": -1, "host_queued_start": 1585499753.701018, "device_queued": -1, "device_end": -1, "host_queued_end": 1585499753.705943}, "device": "cpu", "nd_range": {"device_start": 2167527.903858082, "device_end": 2167527.904370461}, "cmdq": 0, "read": {"device_start": -1, "device_end": -1}}, "empty8": {"write": {"device_start": -1, "host_queued_start": 1585499753.691506, "device_queued": -1, "device_end": -1, "host_queued_end": 1585499753.705943}, "device": "cpu", "nd_range": {"device_start": 2167527.895535556, "device_end": 2167527.895547421}, "cmdq": 0, "read": {"device_start": -1, "device_end": -1}}, "FFC_sans_bias42": {"write": {"device_start": -1, "host_queued_start": 1585499753.687844, "device_queued": -1, "device_end": -1, "host_queued_end": 1585499753.690824}, "device": "gpu", "nd_range": {"device_start": 1585499690.7854335, "device_end": 1585499690.7855673}, "cmdq": 0, "read": {"device_start": -1, "device_end": -1}}, "FFC_sans_bias43": {"write": {"device_start": 1585499690.7855692, "host_queued_start": 1585499753.68918, "device_queued": 1585499690.7852094, "device_end": 1585499690.7855837, "host_queued_end": 1585499753.690824}, "device": "gpu", "nd_range": {"device_start": 1585499690.7855847, "device_end": 1585499690.7858362}, "cmdq": 0, "read": {"device_start": 1585499690.7858386, "device_end": 1585499690.785847}}, "FFC_sans_bias40": {"write": {"device_start": -1, "host_queued_start": 1585499753.685739, "device_queued": -1, "device_end": -1, "host_queued_end": 1585499753.690824}, "device": "gpu", "nd_range": {"device_start": 1585499690.7851088, "device_end": 1585499690.785303}, "cmdq": 0, "read": {"device_start": -1, "device_end": -1}}, "softmax32": {"write": {"device_start": -1, "host_queued_start": 1585499753.702681, "device_queued": -1, "device_end": -1, "host_queued_end": 1585499753.705943}, "device": "cpu", "nd_range": {"device_start": 2167527.906769385, "device_end": 2167527.9068035423}, "cmdq": 0, "read": {"device_start": -1, "device_end": -1}}, "FFC_sans_bias47": {"write": {"device_start": 1585499690.784519, "host_queued_start": 1585499753.681142, "device_queued": 1585499690.784485, "device_end": 1585499690.7845297, "host_queued_end": 1585499753.690824}, "device": "gpu", "nd_range": {"device_start": 1585499690.7846837, "device_end": 1585499690.784792}, "cmdq": 1, "read": {"device_start": -1, "device_end": -1}}, "FFC_sans_bias45": {"write": {"device_start": 1585499690.784387, "host_queued_start": 1585499753.680144, "device_queued": 1585499690.7843585, "device_end": 1585499690.784401, "host_queued_end": 1585499753.690824}, "device": "gpu", "nd_range": {"device_start": 1585499690.7844393, "device_end": 1585499690.7846296}, "cmdq": 3, "read": {"device_start": -1, "device_end": -1}}, "softmax50": {"write": {"device_start": -1, "host_queued_start": 1585499753.687114, "device_queued": -1, "device_end": -1, "host_queued_end": 1585499753.690824}, "device": "gpu", "nd_range": {"device_start": 1585499690.7852125, "device_end": 1585499690.785393}, "cmdq": 1, "read": {"device_start": -1, "device_end": -1}}, "FFC_sans_bias33": {"write": {"device_start": -1, "host_queued_start": 1585499753.704031, "device_queued": -1, "device_end": -1, "host_queued_end": 1585499753.705943}, "device": "cpu", "nd_range": {"device_start": 2167527.908628319, "device_end": 2167527.909232968}, "cmdq": 0, "read": {"device_start": -1, "device_end": -1}}, "FFC_sans_bias63": {"write": {"device_start": 1585499690.7849083, "host_queued_start": 1585499753.684318, "device_queued": 1585499690.7848248, "device_end": 1585499690.784917, "host_queued_end": 1585499753.690824}, "device": "gpu", "nd_range": {"device_start": 1585499690.784918, "device_end": 1585499690.7851841}, "cmdq": 3, "read": {"device_start": -1, "device_end": -1}}, "FFC_sans_bias49": {"write": {"device_start": -1, "host_queued_start": 1585499753.686046, "device_queued": -1, "device_end": -1, "host_queued_end": 1585499753.690824}, "device": "gpu", "nd_range": {"device_start": 1585499690.7851012, "device_end": 1585499690.7852113}, "cmdq": 1, "read": {"device_start": -1, "device_end": -1}}, "FFC_sans_bias64": {"write": {"device_start": 1585499690.7847958, "host_queued_start": 1585499753.68333, "device_queued": 1585499690.7847562, "device_end": 1585499690.784805, "host_queued_end": 1585499753.690824}, "device": "gpu", "nd_range": {"device_start": 1585499690.784856, "device_end": 1585499690.7850792}, "cmdq": 1, "read": {"device_start": -1, "device_end": -1}}, "FFC_sans_bias65": {"write": {"device_start": 1585499690.784889, "host_queued_start": 1585499753.683829, "device_queued": 1585499690.7847912, "device_end": 1585499690.7848976, "host_queued_end": 1585499753.690824}, "device": "gpu", "nd_range": {"device_start": 1585499690.7848988, "device_end": 1585499690.7851036}, "cmdq": 2, "read": {"device_start": -1, "device_end": -1}}, "FFC_sans_bias67": {"write": {"device_start": -1, "host_queued_start": 1585499753.68665, "device_queued": -1, "device_end": -1, "host_queued_end": 1585499753.690824}, "device": "gpu", "nd_range": {"device_start": 1585499690.7852957, "device_end": 1585499690.7854037}, "cmdq": 3, "read": {"device_start": -1, "device_end": -1}}, "FFC_sans_bias24": {"write": {"device_start": -1, "host_queued_start": 1585499753.703691, "device_queued": -1, "device_end": -1, "host_queued_end": 1585499753.705943}, "device": "cpu", "nd_range": {"device_start": 2167527.908029147, "device_end": 2167527.908623246}, "cmdq": 0, "read": {"device_start": -1, "device_end": -1}}, "FFC_sans_bias25": {"write": {"device_start": -1, "host_queued_start": 1585499753.705441, "device_queued": -1, "device_end": -1, "host_queued_end": 1585499753.705943}, "device": "cpu", "nd_range": {"device_start": 2167527.910325183, "device_end": 2167527.910811811}, "cmdq": 0, "read": {"device_start": -1, "device_end": -1}}, "FFC_sans_bias27": {"write": {"device_start": -1, "host_queued_start": 1585499753.698058, "device_queued": -1, "device_end": -1, "host_queued_end": 1585499753.705943}, "device": "cpu", "nd_range": {"device_start": 2167527.901147819, "device_end": 2167527.9016378173}, "cmdq": 0, "read": {"device_start": -1, "device_end": -1}}, "FFC_sans_bias20": {"write": {"device_start": -1, "host_queued_start": 1585499753.697559, "device_queued": -1, "device_end": -1, "host_queued_end": 1585499753.705943}, "device": "cpu", "nd_range": {"device_start": 2167527.900644429, "device_end": 2167527.9011328113}, "cmdq": 0, "read": {"device_start": -1, "device_end": -1}}, "FFC_sans_bias22": {"write": {"device_start": -1, "host_queued_start": 1585499753.701342, "device_queued": -1, "device_end": -1, "host_queued_end": 1585499753.705943}, "device": "cpu", "nd_range": {"device_start": 2167527.904487372, "device_end": 2167527.9058270003}, "cmdq": 0, "read": {"device_start": -1, "device_end": -1}}, "softmax68": {"write": {"device_start": -1, "host_queued_start": 1585499753.687552, "device_queued": -1, "device_end": -1, "host_queued_end": 1585499753.690824}, "device": "gpu", "nd_range": {"device_start": 1585499690.785406, "device_end": 1585499690.7855468}, "cmdq": 3, "read": {"device_start": -1, "device_end": -1}}, "softmax5": {"write": {"device_start": -1, "host_queued_start": 1585499753.701903, "device_queued": -1, "device_end": -1, "host_queued_end": 1585499753.705943}, "device": "cpu", "nd_range": {"device_start": 2167527.9064455973, "device_end": 2167527.906487679}, "cmdq": 0, "read": {"device_start": -1, "device_end": -1}}, "FFC_sans_bias28": {"write": {"device_start": -1, "host_queued_start": 1585499753.698557, "device_queued": -1, "device_end": -1, "host_queued_end": 1585499753.705943}, "device": "cpu", "nd_range": {"device_start": 2167527.9016522113, "device_end": 2167527.902141013}, "cmdq": 0, "read": {"device_start": -1, "device_end": -1}}, "FFC_sans_bias29": {"write": {"device_start": -1, "host_queued_start": 1585499753.699089, "device_queued": -1, "device_end": -1, "host_queued_end": 1585499753.705943}, "device": "cpu", "nd_range": {"device_start": 2167527.902152338, "device_end": 2167527.902637031}, "cmdq": 0, "read": {"device_start": -1, "device_end": -1}}, "empty17": {"write": {"device_start": -1, "host_queued_start": 1585499753.691997, "device_queued": -1, "device_end": -1, "host_queued_end": 1585499753.705943}, "device": "cpu", "nd_range": {"device_start": 2167527.895563416, "device_end": 2167527.895564278}, "cmdq": 0, "read": {"device_start": -1, "device_end": -1}}, "softmax59": {"write": {"device_start": -1, "host_queued_start": 1585499753.687323, "device_queued": -1, "device_end": -1, "host_queued_end": 1585499753.690824}, "device": "gpu", "nd_range": {"device_start": 1585499690.7853684, "device_end": 1585499690.7855225}, "cmdq": 2, "read": {"device_start": -1, "device_end": -1}}, "empty71": {"write": {"device_start": 1585499690.7842271, "host_queued_start": 1585499753.678055, "device_queued": 1585499690.784199, "device_end": 1585499690.7842357, "host_queued_end": 1585499753.690824}, "device": "gpu", "nd_range": {"device_start": 1585499690.78425, "device_end": 1585499690.7842534}, "cmdq": 3, "read": {"device_start": -1, "device_end": -1}}, "empty35": {"write": {"device_start": -1, "host_queued_start": 1585499753.692795, "device_queued": -1, "device_end": -1, "host_queued_end": 1585499753.705943}, "device": "cpu", "nd_range": {"device_start": 2167527.895573404, "device_end": 2167527.8955738964}, "cmdq": 0, "read": {"device_start": -1, "device_end": -1}}, "empty53": {"write": {"device_start": 1585499690.7841706, "host_queued_start": 1585499753.67722, "device_queued": 1585499690.784149, "device_end": 1585499690.7841804, "host_queued_end": 1585499753.690824}, "device": "gpu", "nd_range": {"device_start": 1585499690.7842376, "device_end": 1585499690.7842412}, "cmdq": 1, "read": {"device_start": -1, "device_end": -1}}, "FFC_sans_bias46": {"write": {"device_start": 1585499690.7844672, "host_queued_start": 1585499753.680638, "device_queued": 1585499690.7844446, "device_end": 1585499690.784476, "host_queued_end": 1585499753.690824}, "device": "gpu", "nd_range": {"device_start": 1585499690.7844799, "device_end": 1585499690.7846682}, "cmdq": 0, "read": {"device_start": -1, "device_end": -1}}, "coalesced_transpose66": {"write": {"device_start": -1, "host_queued_start": 1585499753.685459, "device_queued": -1, "device_end": -1, "host_queued_end": 1585499753.690824}, "device": "gpu", "nd_range": {"device_start": 1585499690.785186, "device_end": 1585499690.7852948}, "cmdq": 3, "read": {"device_start": -1, "device_end": -1}}, "coalesced_transpose48": {"write": {"device_start": -1, "host_queued_start": 1585499753.684898, "device_queued": -1, "device_end": -1, "host_queued_end": 1585499753.690824}, "device": "gpu", "nd_range": {"device_start": 1585499690.7850804, "device_end": 1585499690.7851}, "cmdq": 1, "read": {"device_start": -1, "device_end": -1}}}