{"FFC_sans_bias60": {"write": {"device_start": -1, "host_queued_start": 1585499676.090696, "device_queued": -1, "device_end": -1, "host_queued_end": 1585499676.093989}, "device": "cpu", "nd_range": {"device_start": 2167450.3042682633, "device_end": 2167450.3052377063}, "cmdq": 1, "read": {"device_start": -1, "device_end": -1}}, "FFC_sans_bias4": {"write": {"device_start": -1, "host_queued_start": 1585499676.084572, "device_queued": -1, "device_end": -1, "host_queued_end": 1585499676.093989}, "device": "cpu", "nd_range": {"device_start": 2167450.2952862773, "device_end": 2167450.296708627}, "cmdq": 1, "read": {"device_start": -1, "device_end": -1}}, "FFC_sans_bias7": {"write": {"device_start": -1, "host_queued_start": 1585499676.091208, "device_queued": -1, "device_end": -1, "host_queued_end": 1585499676.093989}, "device": "cpu", "nd_range": {"device_start": 2167450.303271838, "device_end": 2167450.304028184}, "cmdq": 0, "read": {"device_start": -1, "device_end": -1}}, "FFC_sans_bias6": {"write": {"device_start": -1, "host_queued_start": 1585499676.088731, "device_queued": -1, "device_end": -1, "host_queued_end": 1585499676.093989}, "device": "cpu", "nd_range": {"device_start": 2167450.300160046, "device_end": 2167450.301247802}, "cmdq": 1, "read": {"device_start": -1, "device_end": -1}}, "FFC_sans_bias1": {"write": {"device_start": -1, "host_queued_start": 1585499676.072363, "device_queued": -1, "device_end": -1, "host_queued_end": 1585499676.093989}, "device": "cpu", "nd_range": {"device_start": 2167450.283627828, "device_end": 2167450.284999904}, "cmdq": 0, "read": {"device_start": -1, "device_end": -1}}, "FFC_sans_bias0": {"write": {"device_start": -1, "host_queued_start": 1585499676.071857, "device_queued": -1, "device_end": -1, "host_queued_end": 1585499676.093989}, "device": "cpu", "nd_range": {"device_start": 2167450.283621348, "device_end": 2167450.284637445}, "cmdq": 1, "read": {"device_start": -1, "device_end": -1}}, "FFC_sans_bias2": {"write": {"device_start": -1, "host_queued_start": 1585499676.072876, "device_queued": -1, "device_end": -1, "host_queued_end": 1585499676.093989}, "device": "cpu", "nd_range": {"device_start": 2167450.284687843, "device_end": 2167450.2855323493}, "cmdq": 1, "read": {"device_start": -1, "device_end": -1}}, "FFC_sans_bias61": {"write": {"device_start": -1, "host_queued_start": 1585499676.093944, "device_queued": -1, "device_end": -1, "host_queued_end": 1585499676.093989}, "device": "cpu", "nd_range": {"device_start": 2167450.305730867, "device_end": 2167450.3066978133}, "cmdq": 0, "read": {"device_start": -1, "device_end": -1}}, "FFC_sans_bias52": {"write": {"device_start": -1, "host_queued_start": 1585499676.093485, "device_queued": -1, "device_end": -1, "host_queued_end": 1585499676.093989}, "device": "cpu", "nd_range": {"device_start": 2167450.307077494, "device_end": 2167450.307820262}, "cmdq": 1, "read": {"device_start": -1, "device_end": -1}}, "FFC_sans_bias9": {"write": {"device_start": -1, "host_queued_start": 1585499676.073386, "device_queued": -1, "device_end": -1, "host_queued_end": 1585499676.093989}, "device": "cpu", "nd_range": {"device_start": 2167450.2850084673, "device_end": 2167450.2859783503}, "cmdq": 0, "read": {"device_start": -1, "device_end": -1}}, "coalesced_transpose39": {"write": {"device_start": -1, "host_queued_start": 1585499676.083643, "device_queued": -1, "device_end": -1, "host_queued_end": 1585499676.093989}, "device": "cpu", "nd_range": {"device_start": 2167450.2951785433, "device_end": 2167450.2952248952}, "cmdq": 0, "read": {"device_start": -1, "device_end": -1}}, "FFC_sans_bias55": {"write": {"device_start": -1, "host_queued_start": 1585499676.082084, "device_queued": -1, "device_end": -1, "host_queued_end": 1585499676.093989}, "device": "cpu", "nd_range": {"device_start": 2167450.293758729, "device_end": 2167450.294846023}, "cmdq": 1, "read": {"device_start": -1, "device_end": -1}}, "FFC_sans_bias54": {"write": {"device_start": -1, "host_queued_start": 1585499676.081582, "device_queued": -1, "device_end": -1, "host_queued_end": 1585499676.093989}, "device": "cpu", "nd_range": {"device_start": 2167450.294225981, "device_end": 2167450.295073017}, "cmdq": 0, "read": {"device_start": -1, "device_end": -1}}, "FFC_sans_bias56": {"write": {"device_start": -1, "host_queued_start": 1585499676.08107, "device_queued": -1, "device_end": -1, "host_queued_end": 1585499676.093989}, "device": "cpu", "nd_range": {"device_start": 2167450.292559312, "device_end": 2167450.293649362}, "cmdq": 1, "read": {"device_start": -1, "device_end": -1}}, "FFC_sans_bias51": {"write": {"device_start": -1, "host_queued_start": 1585499676.090346, "device_queued": -1, "device_end": -1, "host_queued_end": 1585499676.093989}, "device": "cpu", "nd_range": {"device_start": 2167450.302194199, "device_end": 2167450.303164855}, "cmdq": 0, "read": {"device_start": -1, "device_end": -1}}, "softmax23": {"write": {"device_start": -1, "host_queued_start": 1585499676.087366, "device_queued": -1, "device_end": -1, "host_queued_end": 1585499676.093989}, "device": "cpu", "nd_range": {"device_start": 2167450.298577289, "device_end": 2167450.298613903}, "cmdq": 0, "read": {"device_start": -1, "device_end": -1}}, "FFC_sans_bias37": {"write": {"device_start": -1, "host_queued_start": 1585499676.078489, "device_queued": -1, "device_end": -1, "host_queued_end": 1585499676.093989}, "device": "cpu", "nd_range": {"device_start": 2167450.291152459, "device_end": 2167450.292124276}, "cmdq": 0, "read": {"device_start": -1, "device_end": -1}}, "empty62": {"write": {"device_start": -1, "host_queued_start": 1585499676.071367, "device_queued": -1, "device_end": -1, "host_queued_end": 1585499676.093989}, "device": "cpu", "nd_range": {"device_start": 2167450.283622223, "device_end": 2167450.283622899}, "cmdq": 0, "read": {"device_start": -1, "device_end": -1}}, "FFC_sans_bias70": {"write": {"device_start": 1585499613.164431, "host_queued_start": 1585499676.068144, "device_queued": 1585499613.1641896, "device_end": 1585499613.1644397, "host_queued_end": 1585499676.068255}, "device": "gpu", "nd_range": {"device_start": 1585499613.1646297, "device_end": 1585499613.1647356}, "cmdq": 2, "read": {"device_start": 1585499613.1647394, "device_end": 1585499613.1647463}}, "FFC_sans_bias58": {"write": {"device_start": -1, "host_queued_start": 1585499676.086599, "device_queued": -1, "device_end": -1, "host_queued_end": 1585499676.093989}, "device": "cpu", "nd_range": {"device_start": 2167450.298640291, "device_end": 2167450.299447882}, "cmdq": 1, "read": {"device_start": -1, "device_end": -1}}, "softmax41": {"write": {"device_start": -1, "host_queued_start": 1585499676.087887, "device_queued": -1, "device_end": -1, "host_queued_end": 1585499676.093989}, "device": "cpu", "nd_range": {"device_start": 2167450.298653825, "device_end": 2167450.298699106}, "cmdq": 0, "read": {"device_start": -1, "device_end": -1}}, "FFC_sans_bias11": {"write": {"device_start": -1, "host_queued_start": 1585499676.074401, "device_queued": -1, "device_end": -1, "host_queued_end": 1585499676.093989}, "device": "cpu", "nd_range": {"device_start": 2167450.285983512, "device_end": 2167450.287520197}, "cmdq": 0, "read": {"device_start": -1, "device_end": -1}}, "FFC_sans_bias10": {"write": {"device_start": -1, "host_queued_start": 1585499676.073892, "device_queued": -1, "device_end": -1, "host_queued_end": 1585499676.093989}, "device": "cpu", "nd_range": {"device_start": 2167450.285666751, "device_end": 2167450.2866321253}, "cmdq": 1, "read": {"device_start": -1, "device_end": -1}}, "coalesced_transpose3": {"write": {"device_start": -1, "host_queued_start": 1585499676.082399, "device_queued": -1, "device_end": -1, "host_queued_end": 1585499676.093989}, "device": "cpu", "nd_range": {"device_start": 2167450.29507924, "device_end": 2167450.2951198723}, "cmdq": 0, "read": {"device_start": -1, "device_end": -1}}, "FFC_sans_bias34": {"write": {"device_start": -1, "host_queued_start": 1585499676.092571, "device_queued": -1, "device_end": -1, "host_queued_end": 1585499676.093989}, "device": "cpu", "nd_range": {"device_start": 2167450.306215022, "device_end": 2167450.307075202}, "cmdq": 1, "read": {"device_start": -1, "device_end": -1}}, "FFC_sans_bias15": {"write": {"device_start": -1, "host_queued_start": 1585499676.089047, "device_queued": -1, "device_end": -1, "host_queued_end": 1585499676.093989}, "device": "cpu", "nd_range": {"device_start": 2167450.299764884, "device_end": 2167450.300876142}, "cmdq": 0, "read": {"device_start": -1, "device_end": -1}}, "FFC_sans_bias31": {"write": {"device_start": -1, "host_queued_start": 1585499676.085623, "device_queued": -1, "device_end": -1, "host_queued_end": 1585499676.093989}, "device": "cpu", "nd_range": {"device_start": 2167450.296256802, "device_end": 2167450.297225159}, "cmdq": 0, "read": {"device_start": -1, "device_end": -1}}, "FFC_sans_bias16": {"write": {"device_start": -1, "host_queued_start": 1585499676.091663, "device_queued": -1, "device_end": -1, "host_queued_end": 1585499676.093989}, "device": "cpu", "nd_range": {"device_start": 2167450.3052443443, "device_end": 2167450.3062122283}, "cmdq": 1, "read": {"device_start": -1, "device_end": -1}}, "FFC_sans_bias19": {"write": {"device_start": -1, "host_queued_start": 1585499676.075432, "device_queued": -1, "device_end": -1, "host_queued_end": 1585499676.093989}, "device": "cpu", "nd_range": {"device_start": 2167450.2875406253, "device_end": 2167450.288883264}, "cmdq": 0, "read": {"device_start": -1, "device_end": -1}}, "FFC_sans_bias18": {"write": {"device_start": -1, "host_queued_start": 1585499676.074929, "device_queued": -1, "device_end": -1, "host_queued_end": 1585499676.093989}, "device": "cpu", "nd_range": {"device_start": 2167450.2867474663, "device_end": 2167450.287481315}, "cmdq": 1, "read": {"device_start": -1, "device_end": -1}}, "coalesced_transpose30": {"write": {"device_start": -1, "host_queued_start": 1585499676.083343, "device_queued": -1, "device_end": -1, "host_queued_end": 1585499676.093989}, "device": "cpu", "nd_range": {"device_start": 2167450.295106838, "device_end": 2167450.29514346}, "cmdq": 1, "read": {"device_start": -1, "device_end": -1}}, "FFC_sans_bias69": {"write": {"device_start": -1, "host_queued_start": 1585499676.067667, "device_queued": -1, "device_end": -1, "host_queued_end": 1585499676.068255}, "device": "gpu", "nd_range": {"device_start": 1585499613.1645212, "device_end": 1585499613.164628}, "cmdq": 1, "read": {"device_start": -1, "device_end": -1}}, "FFC_sans_bias38": {"write": {"device_start": -1, "host_queued_start": 1585499676.079034, "device_queued": -1, "device_end": -1, "host_queued_end": 1585499676.093989}, "device": "cpu", "nd_range": {"device_start": 2167450.29062948, "device_end": 2167450.291477836}, "cmdq": 1, "read": {"device_start": -1, "device_end": -1}}, "coalesced_transpose57": {"write": {"device_start": -1, "host_queued_start": 1585499676.08426, "device_queued": -1, "device_end": -1, "host_queued_end": 1585499676.093989}, "device": "cpu", "nd_range": {"device_start": 2167450.295234084, "device_end": 2167450.295259205}, "cmdq": 0, "read": {"device_start": -1, "device_end": -1}}, "empty26": {"write": {"device_start": -1, "host_queued_start": 1585499676.069862, "device_queued": -1, "device_end": -1, "host_queued_end": 1585499676.093989}, "device": "cpu", "nd_range": {"device_start": 2167450.2836098233, "device_end": 2167450.283611054}, "cmdq": 0, "read": {"device_start": -1, "device_end": -1}}, "coalesced_transpose12": {"write": {"device_start": -1, "host_queued_start": 1585499676.082721, "device_queued": -1, "device_end": -1, "host_queued_end": 1585499676.093989}, "device": "cpu", "nd_range": {"device_start": 2167450.2949525733, "device_end": 2167450.2949988963}, "cmdq": 1, "read": {"device_start": -1, "device_end": -1}}, "empty44": {"write": {"device_start": -1, "host_queued_start": 1585499676.070636, "device_queued": -1, "device_end": -1, "host_queued_end": 1585499676.093989}, "device": "cpu", "nd_range": {"device_start": 2167450.283617209, "device_end": 2167450.2836178443}, "cmdq": 0, "read": {"device_start": -1, "device_end": -1}}, "coalesced_transpose21": {"write": {"device_start": -1, "host_queued_start": 1585499676.08303, "device_queued": -1, "device_end": -1, "host_queued_end": 1585499676.093989}, "device": "cpu", "nd_range": {"device_start": 2167450.295133585, "device_end": 2167450.295167779}, "cmdq": 0, "read": {"device_start": -1, "device_end": -1}}, "FFC_sans_bias36": {"write": {"device_start": -1, "host_queued_start": 1585499676.077988, "device_queued": -1, "device_end": -1, "host_queued_end": 1585499676.093989}, "device": "cpu", "nd_range": {"device_start": 2167450.289549964, "device_end": 2167450.2905197153}, "cmdq": 1, "read": {"device_start": -1, "device_end": -1}}, "softmax14": {"write": {"device_start": -1, "host_queued_start": 1585499676.087124, "device_queued": -1, "device_end": -1, "host_queued_end": 1585499676.093989}, "device": "cpu", "nd_range": {"device_start": 2167450.299573304, "device_end": 2167450.299633495}, "cmdq": 1, "read": {"device_start": -1, "device_end": -1}}, "FFC_sans_bias13": {"write": {"device_start": -1, "host_queued_start": 1585499676.084982, "device_queued": -1, "device_end": -1, "host_queued_end": 1585499676.093989}, "device": "cpu", "nd_range": {"device_start": 2167450.295272318, "device_end": 2167450.296139379}, "cmdq": 0, "read": {"device_start": -1, "device_end": -1}}, "empty8": {"write": {"device_start": -1, "host_queued_start": 1585499676.068989, "device_queued": -1, "device_end": -1, "host_queued_end": 1585499676.093989}, "device": "cpu", "nd_range": {"device_start": 2167450.283575843, "device_end": 2167450.283588414}, "cmdq": 0, "read": {"device_start": -1, "device_end": -1}}, "FFC_sans_bias42": {"write": {"device_start": -1, "host_queued_start": 1585499676.090025, "device_queued": -1, "device_end": -1, "host_queued_end": 1585499676.093989}, "device": "cpu", "nd_range": {"device_start": 2167450.302311262, "device_end": 2167450.3041570974}, "cmdq": 1, "read": {"device_start": -1, "device_end": -1}}, "FFC_sans_bias43": {"write": {"device_start": -1, "host_queued_start": 1585499676.093031, "device_queued": -1, "device_end": -1, "host_queued_end": 1585499676.093989}, "device": "cpu", "nd_range": {"device_start": 2167450.304759282, "device_end": 2167450.305725581}, "cmdq": 0, "read": {"device_start": -1, "device_end": -1}}, "FFC_sans_bias40": {"write": {"device_start": -1, "host_queued_start": 1585499676.085948, "device_queued": -1, "device_end": -1, "host_queued_end": 1585499676.093989}, "device": "cpu", "nd_range": {"device_start": 2167450.297776339, "device_end": 2167450.298627701}, "cmdq": 1, "read": {"device_start": -1, "device_end": -1}}, "softmax32": {"write": {"device_start": -1, "host_queued_start": 1585499676.08762, "device_queued": -1, "device_end": -1, "host_queued_end": 1585499676.093989}, "device": "cpu", "nd_range": {"device_start": 2167450.2997502973, "device_end": 2167450.2998416573}, "cmdq": 1, "read": {"device_start": -1, "device_end": -1}}, "FFC_sans_bias47": {"write": {"device_start": -1, "host_queued_start": 1585499676.080557, "device_queued": -1, "device_end": -1, "host_queued_end": 1585499676.093989}, "device": "cpu", "nd_range": {"device_start": 2167450.2932716333, "device_end": 2167450.294117907}, "cmdq": 0, "read": {"device_start": -1, "device_end": -1}}, "FFC_sans_bias45": {"write": {"device_start": -1, "host_queued_start": 1585499676.07954, "device_queued": -1, "device_end": -1, "host_queued_end": 1585499676.093989}, "device": "cpu", "nd_range": {"device_start": 2167450.292238179, "device_end": 2167450.293155066}, "cmdq": 0, "read": {"device_start": -1, "device_end": -1}}, "softmax50": {"write": {"device_start": -1, "host_queued_start": 1585499676.088159, "device_queued": -1, "device_end": -1, "host_queued_end": 1585499676.093989}, "device": "cpu", "nd_range": {"device_start": 2167450.299855486, "device_end": 2167450.300056123}, "cmdq": 1, "read": {"device_start": -1, "device_end": -1}}, "FFC_sans_bias33": {"write": {"device_start": -1, "host_queued_start": 1585499676.089707, "device_queued": -1, "device_end": -1, "host_queued_end": 1585499676.093989}, "device": "cpu", "nd_range": {"device_start": 2167450.300994363, "device_end": 2167450.3020815332}, "cmdq": 0, "read": {"device_start": -1, "device_end": -1}}, "FFC_sans_bias63": {"write": {"device_start": 1585499613.1641374, "host_queued_start": 1585499676.066526, "device_queued": 1585499613.16412, "device_end": 1585499613.164146, "host_queued_end": 1585499676.068255}, "device": "gpu", "nd_range": {"device_start": 1585499613.1641471, "device_end": 1585499613.1643095}, "cmdq": 0, "read": {"device_start": -1, "device_end": -1}}, "FFC_sans_bias49": {"write": {"device_start": -1, "host_queued_start": 1585499676.086274, "device_queued": -1, "device_end": -1, "host_queued_end": 1585499676.093989}, "device": "cpu", "nd_range": {"device_start": 2167450.29733555, "device_end": 2167450.2983004223}, "cmdq": 0, "read": {"device_start": -1, "device_end": -1}}, "FFC_sans_bias64": {"write": {"device_start": 1585499613.164069, "host_queued_start": 1585499676.065461, "device_queued": 1585499613.1640508, "device_end": 1585499613.1640778, "host_queued_end": 1585499676.068255}, "device": "gpu", "nd_range": {"device_start": 1585499613.1641006, "device_end": 1585499613.164208}, "cmdq": 1, "read": {"device_start": -1, "device_end": -1}}, "FFC_sans_bias65": {"write": {"device_start": 1585499613.1640902, "host_queued_start": 1585499676.066, "device_queued": 1585499613.1640716, "device_end": 1585499613.164099, "host_queued_end": 1585499676.068255}, "device": "gpu", "nd_range": {"device_start": 1585499613.164113, "device_end": 1585499613.1642973}, "cmdq": 2, "read": {"device_start": -1, "device_end": -1}}, "FFC_sans_bias67": {"write": {"device_start": -1, "host_queued_start": 1585499676.067141, "device_queued": -1, "device_end": -1, "host_queued_end": 1585499676.068255}, "device": "gpu", "nd_range": {"device_start": 1585499613.164321, "device_end": 1585499613.1644292}, "cmdq": 2, "read": {"device_start": -1, "device_end": -1}}, "FFC_sans_bias24": {"write": {"device_start": -1, "host_queued_start": 1585499676.089384, "device_queued": -1, "device_end": -1, "host_queued_end": 1585499676.093989}, "device": "cpu", "nd_range": {"device_start": 2167450.301355263, "device_end": 2167450.302204114}, "cmdq": 1, "read": {"device_start": -1, "device_end": -1}}, "FFC_sans_bias25": {"write": {"device_start": -1, "host_queued_start": 1585499676.092116, "device_queued": -1, "device_end": -1, "host_queued_end": 1585499676.093989}, "device": "cpu", "nd_range": {"device_start": 2167450.3040312054, "device_end": 2167450.304756321}, "cmdq": 0, "read": {"device_start": -1, "device_end": -1}}, "FFC_sans_bias27": {"write": {"device_start": -1, "host_queued_start": 1585499676.076449, "device_queued": -1, "device_end": -1, "host_queued_end": 1585499676.093989}, "device": "cpu", "nd_range": {"device_start": 2167450.288998058, "device_end": 2167450.289844796}, "cmdq": 0, "read": {"device_start": -1, "device_end": -1}}, "FFC_sans_bias20": {"write": {"device_start": -1, "host_queued_start": 1585499676.07594, "device_queued": -1, "device_end": -1, "host_queued_end": 1585499676.093989}, "device": "cpu", "nd_range": {"device_start": 2167450.287492651, "device_end": 2167450.288480652}, "cmdq": 1, "read": {"device_start": -1, "device_end": -1}}, "FFC_sans_bias22": {"write": {"device_start": -1, "host_queued_start": 1585499676.085307, "device_queued": -1, "device_end": -1, "host_queued_end": 1585499676.093989}, "device": "cpu", "nd_range": {"device_start": 2167450.296819902, "device_end": 2167450.297668605}, "cmdq": 1, "read": {"device_start": -1, "device_end": -1}}, "softmax68": {"write": {"device_start": -1, "host_queued_start": 1585499676.06737, "device_queued": -1, "device_end": -1, "host_queued_end": 1585499676.068255}, "device": "gpu", "nd_range": {"device_start": 1585499613.1644413, "device_end": 1585499613.1645167}, "cmdq": 0, "read": {"device_start": -1, "device_end": -1}}, "softmax5": {"write": {"device_start": -1, "host_queued_start": 1585499676.086871, "device_queued": -1, "device_end": -1, "host_queued_end": 1585499676.093989}, "device": "cpu", "nd_range": {"device_start": 2167450.2984114103, "device_end": 2167450.2984693414}, "cmdq": 0, "read": {"device_start": -1, "device_end": -1}}, "FFC_sans_bias28": {"write": {"device_start": -1, "host_queued_start": 1585499676.076963, "device_queued": -1, "device_end": -1, "host_queued_end": 1585499676.093989}, "device": "cpu", "nd_range": {"device_start": 2167450.288587869, "device_end": 2167450.289441516}, "cmdq": 1, "read": {"device_start": -1, "device_end": -1}}, "FFC_sans_bias29": {"write": {"device_start": -1, "host_queued_start": 1585499676.07748, "device_queued": -1, "device_end": -1, "host_queued_end": 1585499676.093989}, "device": "cpu", "nd_range": {"device_start": 2167450.289953373, "device_end": 2167450.2910411903}, "cmdq": 0, "read": {"device_start": -1, "device_end": -1}}, "empty17": {"write": {"device_start": -1, "host_queued_start": 1585499676.069443, "device_queued": -1, "device_end": -1, "host_queued_end": 1585499676.093989}, "device": "cpu", "nd_range": {"device_start": 2167450.283575802, "device_end": 2167450.283588469}, "cmdq": 1, "read": {"device_start": -1, "device_end": -1}}, "softmax59": {"write": {"device_start": -1, "host_queued_start": 1585499676.088411, "device_queued": -1, "device_end": -1, "host_queued_end": 1585499676.093989}, "device": "cpu", "nd_range": {"device_start": 2167450.2995877783, "device_end": 2167450.299635632}, "cmdq": 0, "read": {"device_start": -1, "device_end": -1}}, "empty71": {"write": {"device_start": 1585499613.1640167, "host_queued_start": 1585499676.064699, "device_queued": 1585499613.1639917, "device_end": 1585499613.1640255, "host_queued_end": 1585499676.068255}, "device": "gpu", "nd_range": {"device_start": 1585499613.1640277, "device_end": 1585499613.1640396}, "cmdq": 0, "read": {"device_start": -1, "device_end": -1}}, "empty35": {"write": {"device_start": -1, "host_queued_start": 1585499676.070229, "device_queued": -1, "device_end": -1, "host_queued_end": 1585499676.093989}, "device": "cpu", "nd_range": {"device_start": 2167450.283609542, "device_end": 2167450.283610907}, "cmdq": 1, "read": {"device_start": -1, "device_end": -1}}, "empty53": {"write": {"device_start": -1, "host_queued_start": 1585499676.071002, "device_queued": -1, "device_end": -1, "host_queued_end": 1585499676.093989}, "device": "cpu", "nd_range": {"device_start": 2167450.283616256, "device_end": 2167450.283616933}, "cmdq": 1, "read": {"device_start": -1, "device_end": -1}}, "FFC_sans_bias46": {"write": {"device_start": -1, "host_queued_start": 1585499676.080047, "device_queued": -1, "device_end": -1, "host_queued_end": 1585499676.093989}, "device": "cpu", "nd_range": {"device_start": 2167450.291591283, "device_end": 2167450.292449458}, "cmdq": 1, "read": {"device_start": -1, "device_end": -1}}, "coalesced_transpose66": {"write": {"device_start": -1, "host_queued_start": 1585499676.066857, "device_queued": -1, "device_end": -1, "host_queued_end": 1585499676.068255}, "device": "gpu", "nd_range": {"device_start": 1585499613.164209, "device_end": 1585499613.1642535}, "cmdq": 1, "read": {"device_start": -1, "device_end": -1}}, "coalesced_transpose48": {"write": {"device_start": -1, "host_queued_start": 1585499676.083954, "device_queued": -1, "device_end": -1, "host_queued_end": 1585499676.093989}, "device": "cpu", "nd_range": {"device_start": 2167450.295162265, "device_end": 2167450.295200115}, "cmdq": 1, "read": {"device_start": -1, "device_end": -1}}}