{"FFC_sans_bias60": {"write": {"device_start": -1, "host_queued_start": 1585499692.057437, "device_queued": -1, "device_end": -1, "host_queued_end": 1585499692.05935}, "device": "gpu", "nd_range": {"device_start": 1585499629.1555238, "device_end": 1585499629.1556473}, "cmdq": 1, "read": {"device_start": -1, "device_end": -1}}, "FFC_sans_bias4": {"write": {"device_start": -1, "host_queued_start": 1585499692.071286, "device_queued": -1, "device_end": -1, "host_queued_end": 1585499692.077737}, "device": "cpu", "nd_range": {"device_start": 2167466.27631786, "device_end": 2167466.277291853}, "cmdq": 1, "read": {"device_start": -1, "device_end": -1}}, "FFC_sans_bias7": {"write": {"device_start": -1, "host_queued_start": 1585499692.075906, "device_queued": -1, "device_end": -1, "host_queued_end": 1585499692.077737}, "device": "cpu", "nd_range": {"device_start": 2167466.280144288, "device_end": 2167466.281476342}, "cmdq": 1, "read": {"device_start": -1, "device_end": -1}}, "FFC_sans_bias6": {"write": {"device_start": -1, "host_queued_start": 1585499692.074132, "device_queued": -1, "device_end": -1, "host_queued_end": 1585499692.077737}, "device": "cpu", "nd_range": {"device_start": 2167466.278562899, "device_end": 2167466.2796657193}, "cmdq": 2, "read": {"device_start": -1, "device_end": -1}}, "FFC_sans_bias1": {"write": {"device_start": -1, "host_queued_start": 1585499692.062803, "device_queued": -1, "device_end": -1, "host_queued_end": 1585499692.077737}, "device": "cpu", "nd_range": {"device_start": 2167466.267369916, "device_end": 2167466.2692267452}, "cmdq": 0, "read": {"device_start": -1, "device_end": -1}}, "FFC_sans_bias0": {"write": {"device_start": -1, "host_queued_start": 1585499692.062262, "device_queued": -1, "device_end": -1, "host_queued_end": 1585499692.077737}, "device": "cpu", "nd_range": {"device_start": 2167466.267359563, "device_end": 2167466.268503214}, "cmdq": 2, "read": {"device_start": -1, "device_end": -1}}, "FFC_sans_bias2": {"write": {"device_start": -1, "host_queued_start": 1585499692.063313, "device_queued": -1, "device_end": -1, "host_queued_end": 1585499692.077737}, "device": "cpu", "nd_range": {"device_start": 2167466.267366546, "device_end": 2167466.268896672}, "cmdq": 1, "read": {"device_start": -1, "device_end": -1}}, "FFC_sans_bias61": {"write": {"device_start": 1585499629.1556494, "host_queued_start": 1585499692.058738, "device_queued": 1585499629.1554117, "device_end": 1585499629.155658, "host_queued_end": 1585499692.05935}, "device": "gpu", "nd_range": {"device_start": 1585499629.1556594, "device_end": 1585499629.155843}, "cmdq": 1, "read": {"device_start": 1585499629.1558475, "device_end": 1585499629.1558554}}, "FFC_sans_bias52": {"write": {"device_start": 1585499629.1555707, "host_queued_start": 1585499692.058201, "device_queued": 1585499629.15537, "device_end": 1585499629.1555793, "host_queued_end": 1585499692.05935}, "device": "gpu", "nd_range": {"device_start": 1585499629.1555805, "device_end": 1585499629.1557434}, "cmdq": 0, "read": {"device_start": 1585499629.1557484, "device_end": 1585499629.1557555}}, "FFC_sans_bias9": {"write": {"device_start": -1, "host_queued_start": 1585499692.063813, "device_queued": -1, "device_end": -1, "host_queued_end": 1585499692.077737}, "device": "cpu", "nd_range": {"device_start": 2167466.2688528514, "device_end": 2167466.27029673}, "cmdq": 2, "read": {"device_start": -1, "device_end": -1}}, "coalesced_transpose39": {"write": {"device_start": -1, "host_queued_start": 1585499692.070981, "device_queued": -1, "device_end": -1, "host_queued_end": 1585499692.077737}, "device": "cpu", "nd_range": {"device_start": 2167466.27489345, "device_end": 2167466.2749464293}, "cmdq": 0, "read": {"device_start": -1, "device_end": -1}}, "FFC_sans_bias55": {"write": {"device_start": 1585499629.154933, "host_queued_start": 1585499692.052845, "device_queued": 1585499629.1548212, "device_end": 1585499629.1549418, "host_queued_end": 1585499692.05935}, "device": "gpu", "nd_range": {"device_start": 1585499629.1549428, "device_end": 1585499629.155078}, "cmdq": 2, "read": {"device_start": -1, "device_end": -1}}, "FFC_sans_bias54": {"write": {"device_start": 1585499629.1548345, "host_queued_start": 1585499692.052353, "device_queued": 1585499629.1547897, "device_end": 1585499629.1548433, "host_queued_end": 1585499692.05935}, "device": "gpu", "nd_range": {"device_start": 1585499629.1548562, "device_end": 1585499629.1550324}, "cmdq": 1, "read": {"device_start": -1, "device_end": -1}}, "FFC_sans_bias56": {"write": {"device_start": 1585499629.1547706, "host_queued_start": 1585499692.051871, "device_queued": 1585499629.1547413, "device_end": 1585499629.1547844, "host_queued_end": 1585499692.05935}, "device": "gpu", "nd_range": {"device_start": 1585499629.1547854, "device_end": 1585499629.1549726}, "cmdq": 0, "read": {"device_start": -1, "device_end": -1}}, "FFC_sans_bias51": {"write": {"device_start": -1, "host_queued_start": 1585499692.057156, "device_queued": -1, "device_end": -1, "host_queued_end": 1585499692.05935}, "device": "gpu", "nd_range": {"device_start": 1585499629.1554592, "device_end": 1585499629.155569}, "cmdq": 0, "read": {"device_start": -1, "device_end": -1}}, "softmax23": {"write": {"device_start": -1, "host_queued_start": 1585499692.073301, "device_queued": -1, "device_end": -1, "host_queued_end": 1585499692.077737}, "device": "cpu", "nd_range": {"device_start": 2167466.27852457, "device_end": 2167466.278553055}, "cmdq": 2, "read": {"device_start": -1, "device_end": -1}}, "FFC_sans_bias37": {"write": {"device_start": -1, "host_queued_start": 1585499692.068878, "device_queued": -1, "device_end": -1, "host_queued_end": 1585499692.077737}, "device": "cpu", "nd_range": {"device_start": 2167466.2738631363, "device_end": 2167466.274830096}, "cmdq": 0, "read": {"device_start": -1, "device_end": -1}}, "empty62": {"write": {"device_start": 1585499629.1545672, "host_queued_start": 1585499692.049409, "device_queued": 1585499629.1545436, "device_end": 1585499629.1545763, "host_queued_end": 1585499692.05935}, "device": "gpu", "nd_range": {"device_start": 1585499629.1546133, "device_end": 1585499629.1546168}, "cmdq": 1, "read": {"device_start": -1, "device_end": -1}}, "FFC_sans_bias70": {"write": {"device_start": 1585499629.1557913, "host_queued_start": 1585499692.05925, "device_queued": 1585499629.1554291, "device_end": 1585499629.1557999, "host_queued_end": 1585499692.05935}, "device": "gpu", "nd_range": {"device_start": 1585499629.1558008, "device_end": 1585499629.1559095}, "cmdq": 2, "read": {"device_start": 1585499629.1559129, "device_end": 1585499629.1559248}}, "FFC_sans_bias58": {"write": {"device_start": -1, "host_queued_start": 1585499692.055922, "device_queued": -1, "device_end": -1, "host_queued_end": 1585499692.05935}, "device": "gpu", "nd_range": {"device_start": 1585499629.1552444, "device_end": 1585499629.155428}, "cmdq": 1, "read": {"device_start": -1, "device_end": -1}}, "softmax41": {"write": {"device_start": -1, "host_queued_start": 1585499692.073798, "device_queued": -1, "device_end": -1, "host_queued_end": 1585499692.077737}, "device": "cpu", "nd_range": {"device_start": 2167466.2787195384, "device_end": 2167466.278944986}, "cmdq": 1, "read": {"device_start": -1, "device_end": -1}}, "FFC_sans_bias11": {"write": {"device_start": -1, "host_queued_start": 1585499692.064826, "device_queued": -1, "device_end": -1, "host_queued_end": 1585499692.077737}, "device": "cpu", "nd_range": {"device_start": 2167466.2689087563, "device_end": 2167466.270112039}, "cmdq": 1, "read": {"device_start": -1, "device_end": -1}}, "FFC_sans_bias10": {"write": {"device_start": -1, "host_queued_start": 1585499692.064314, "device_queued": -1, "device_end": -1, "host_queued_end": 1585499692.077737}, "device": "cpu", "nd_range": {"device_start": 2167466.2692361684, "device_end": 2167466.270677608}, "cmdq": 0, "read": {"device_start": -1, "device_end": -1}}, "coalesced_transpose3": {"write": {"device_start": -1, "host_queued_start": 1585499692.069682, "device_queued": -1, "device_end": -1, "host_queued_end": 1585499692.077737}, "device": "cpu", "nd_range": {"device_start": 2167466.276265886, "device_end": 2167466.276306698}, "cmdq": 2, "read": {"device_start": -1, "device_end": -1}}, "FFC_sans_bias34": {"write": {"device_start": -1, "host_queued_start": 1585499692.07725, "device_queued": -1, "device_end": -1, "host_queued_end": 1585499692.077737}, "device": "cpu", "nd_range": {"device_start": 2167466.28184153, "device_end": 2167466.282924709}, "cmdq": 1, "read": {"device_start": -1, "device_end": -1}}, "FFC_sans_bias15": {"write": {"device_start": -1, "host_queued_start": 1585499692.074452, "device_queued": -1, "device_end": -1, "host_queued_end": 1585499692.077737}, "device": "cpu", "nd_range": {"device_start": 2167466.279214525, "device_end": 2167466.281142837}, "cmdq": 0, "read": {"device_start": -1, "device_end": -1}}, "FFC_sans_bias31": {"write": {"device_start": -1, "host_queued_start": 1585499692.072233, "device_queued": -1, "device_end": -1, "host_queued_end": 1585499692.077737}, "device": "cpu", "nd_range": {"device_start": 2167466.277414162, "device_end": 2167466.278382061}, "cmdq": 1, "read": {"device_start": -1, "device_end": -1}}, "FFC_sans_bias16": {"write": {"device_start": -1, "host_queued_start": 1585499692.076357, "device_queued": -1, "device_end": -1, "host_queued_end": 1585499692.077737}, "device": "cpu", "nd_range": {"device_start": 2167466.2812684, "device_end": 2167466.282229708}, "cmdq": 2, "read": {"device_start": -1, "device_end": -1}}, "FFC_sans_bias19": {"write": {"device_start": -1, "host_queued_start": 1585499692.06583, "device_queued": -1, "device_end": -1, "host_queued_end": 1585499692.077737}, "device": "cpu", "nd_range": {"device_start": 2167466.270682665, "device_end": 2167466.2720346213}, "cmdq": 0, "read": {"device_start": -1, "device_end": -1}}, "FFC_sans_bias18": {"write": {"device_start": -1, "host_queued_start": 1585499692.065326, "device_queued": -1, "device_end": -1, "host_queued_end": 1585499692.077737}, "device": "cpu", "nd_range": {"device_start": 2167466.270412986, "device_end": 2167466.272836306}, "cmdq": 2, "read": {"device_start": -1, "device_end": -1}}, "coalesced_transpose30": {"write": {"device_start": -1, "host_queued_start": 1585499692.070676, "device_queued": -1, "device_end": -1, "host_queued_end": 1585499692.077737}, "device": "cpu", "nd_range": {"device_start": 2167466.276318915, "device_end": 2167466.27648274}, "cmdq": 2, "read": {"device_start": -1, "device_end": -1}}, "FFC_sans_bias69": {"write": {"device_start": -1, "host_queued_start": 1585499692.057729, "device_queued": -1, "device_end": -1, "host_queued_end": 1585499692.05935}, "device": "gpu", "nd_range": {"device_start": 1585499629.1556027, "device_end": 1585499629.1557891}, "cmdq": 2, "read": {"device_start": -1, "device_end": -1}}, "FFC_sans_bias38": {"write": {"device_start": -1, "host_queued_start": 1585499692.069378, "device_queued": -1, "device_end": -1, "host_queued_end": 1585499692.077737}, "device": "cpu", "nd_range": {"device_start": 2167466.2728998763, "device_end": 2167466.2743344232}, "cmdq": 1, "read": {"device_start": -1, "device_end": -1}}, "coalesced_transpose57": {"write": {"device_start": -1, "host_queued_start": 1585499692.055086, "device_queued": -1, "device_end": -1, "host_queued_end": 1585499692.05935}, "device": "gpu", "nd_range": {"device_start": 1585499629.1552293, "device_end": 1585499629.1552434}, "cmdq": 1, "read": {"device_start": -1, "device_end": -1}}, "empty26": {"write": {"device_start": -1, "host_queued_start": 1585499692.060906, "device_queued": -1, "device_end": -1, "host_queued_end": 1585499692.077737}, "device": "cpu", "nd_range": {"device_start": 2167466.267326896, "device_end": 2167466.267333238}, "cmdq": 2, "read": {"device_start": -1, "device_end": -1}}, "coalesced_transpose12": {"write": {"device_start": -1, "host_queued_start": 1585499692.069991, "device_queued": -1, "device_end": -1, "host_queued_end": 1585499692.077737}, "device": "cpu", "nd_range": {"device_start": 2167466.274836211, "device_end": 2167466.274888631}, "cmdq": 0, "read": {"device_start": -1, "device_end": -1}}, "empty44": {"write": {"device_start": -1, "host_queued_start": 1585499692.061775, "device_queued": -1, "device_end": -1, "host_queued_end": 1585499692.077737}, "device": "cpu", "nd_range": {"device_start": 2167466.267352687, "device_end": 2167466.267354093}, "cmdq": 1, "read": {"device_start": -1, "device_end": -1}}, "coalesced_transpose21": {"write": {"device_start": -1, "host_queued_start": 1585499692.070284, "device_queued": -1, "device_end": -1, "host_queued_end": 1585499692.077737}, "device": "cpu", "nd_range": {"device_start": 2167466.2744377633, "device_end": 2167466.2745063263}, "cmdq": 1, "read": {"device_start": -1, "device_end": -1}}, "FFC_sans_bias36": {"write": {"device_start": -1, "host_queued_start": 1585499692.068374, "device_queued": -1, "device_end": -1, "host_queued_end": 1585499692.077737}, "device": "cpu", "nd_range": {"device_start": 2167466.2747025103, "device_end": 2167466.276125049}, "cmdq": 2, "read": {"device_start": -1, "device_end": -1}}, "softmax14": {"write": {"device_start": -1, "host_queued_start": 1585499692.073052, "device_queued": -1, "device_end": -1, "host_queued_end": 1585499692.077737}, "device": "cpu", "nd_range": {"device_start": 2167466.278646599, "device_end": 2167466.27870797}, "cmdq": 1, "read": {"device_start": -1, "device_end": -1}}, "FFC_sans_bias13": {"write": {"device_start": -1, "host_queued_start": 1585499692.071608, "device_queued": -1, "device_end": -1, "host_queued_end": 1585499692.077737}, "device": "cpu", "nd_range": {"device_start": 2167466.2765878653, "device_end": 2167466.277431983}, "cmdq": 2, "read": {"device_start": -1, "device_end": -1}}, "empty8": {"write": {"device_start": -1, "host_queued_start": 1585499692.059982, "device_queued": -1, "device_end": -1, "host_queued_end": 1585499692.077737}, "device": "cpu", "nd_range": {"device_start": 2167466.267352037, "device_end": 2167466.26735313}, "cmdq": 0, "read": {"device_start": -1, "device_end": -1}}, "FFC_sans_bias42": {"write": {"device_start": -1, "host_queued_start": 1585499692.075405, "device_queued": -1, "device_end": -1, "host_queued_end": 1585499692.077737}, "device": "cpu", "nd_range": {"device_start": 2167466.281256819, "device_end": 2167466.282818994}, "cmdq": 0, "read": {"device_start": -1, "device_end": -1}}, "FFC_sans_bias43": {"write": {"device_start": -1, "host_queued_start": 1585499692.077694, "device_queued": -1, "device_end": -1, "host_queued_end": 1585499692.077737}, "device": "cpu", "nd_range": {"device_start": 2167466.2829276794, "device_end": 2167466.283892801}, "cmdq": 2, "read": {"device_start": -1, "device_end": -1}}, "FFC_sans_bias40": {"write": {"device_start": -1, "host_queued_start": 1585499692.072557, "device_queued": -1, "device_end": -1, "host_queued_end": 1585499692.077737}, "device": "cpu", "nd_range": {"device_start": 2167466.277439115, "device_end": 2167466.278518623}, "cmdq": 2, "read": {"device_start": -1, "device_end": -1}}, "softmax32": {"write": {"device_start": -1, "host_queued_start": 1585499692.073564, "device_queued": -1, "device_end": -1, "host_queued_end": 1585499692.077737}, "device": "cpu", "nd_range": {"device_start": 2167466.27905468, "device_end": 2167466.279099652}, "cmdq": 0, "read": {"device_start": -1, "device_end": -1}}, "FFC_sans_bias47": {"write": {"device_start": 1585499629.1547112, "host_queued_start": 1585499692.051376, "device_queued": 1585499629.1546876, "device_end": 1585499629.1547198, "host_queued_end": 1585499692.05935}, "device": "gpu", "nd_range": {"device_start": 1585499629.154737, "device_end": 1585499629.154931}, "cmdq": 2, "read": {"device_start": -1, "device_end": -1}}, "FFC_sans_bias45": {"write": {"device_start": 1585499629.1546457, "host_queued_start": 1585499692.050364, "device_queued": 1585499629.1546266, "device_end": 1585499629.1546543, "host_queued_end": 1585499692.05935}, "device": "gpu", "nd_range": {"device_start": 1585499629.1546576, "device_end": 1585499629.1547682}, "cmdq": 0, "read": {"device_start": -1, "device_end": -1}}, "softmax50": {"write": {"device_start": -1, "host_queued_start": 1585499692.056435, "device_queued": -1, "device_end": -1, "host_queued_end": 1585499692.05935}, "device": "gpu", "nd_range": {"device_start": 1585499629.1553464, "device_end": 1585499629.1554568}, "cmdq": 0, "read": {"device_start": -1, "device_end": -1}}, "FFC_sans_bias33": {"write": {"device_start": -1, "host_queued_start": 1585499692.075088, "device_queued": -1, "device_end": -1, "host_queued_end": 1585499692.077737}, "device": "cpu", "nd_range": {"device_start": 2167466.279772418, "device_end": 2167466.2809781143}, "cmdq": 2, "read": {"device_start": -1, "device_end": -1}}, "FFC_sans_bias63": {"write": {"device_start": 1585499629.1550803, "host_queued_start": 1585499692.05446, "device_queued": 1585499629.155051, "device_end": 1585499629.155089, "host_queued_end": 1585499692.05935}, "device": "gpu", "nd_range": {"device_start": 1585499629.1550956, "device_end": 1585499629.155294}, "cmdq": 2, "read": {"device_start": -1, "device_end": -1}}, "FFC_sans_bias49": {"write": {"device_start": -1, "host_queued_start": 1585499692.055645, "device_queued": -1, "device_end": -1, "host_queued_end": 1585499692.05935}, "device": "gpu", "nd_range": {"device_start": 1585499629.1552331, "device_end": 1585499629.155345}, "cmdq": 0, "read": {"device_start": -1, "device_end": -1}}, "FFC_sans_bias64": {"write": {"device_start": 1585499629.154975, "host_queued_start": 1585499692.053334, "device_queued": 1585499629.1548727, "device_end": 1585499629.1549833, "host_queued_end": 1585499692.05935}, "device": "gpu", "nd_range": {"device_start": 1585499629.155021, "device_end": 1585499629.1551397}, "cmdq": 0, "read": {"device_start": -1, "device_end": -1}}, "FFC_sans_bias65": {"write": {"device_start": 1585499629.1550493, "host_queued_start": 1585499692.053976, "device_queued": 1585499629.1550286, "device_end": 1585499629.155058, "host_queued_end": 1585499692.05935}, "device": "gpu", "nd_range": {"device_start": 1585499629.1550915, "device_end": 1585499629.155228}, "cmdq": 1, "read": {"device_start": -1, "device_end": -1}}, "FFC_sans_bias67": {"write": {"device_start": -1, "host_queued_start": 1585499692.056208, "device_queued": -1, "device_end": -1, "host_queued_end": 1585499692.05935}, "device": "gpu", "nd_range": {"device_start": 1585499629.1553552, "device_end": 1585499629.155466}, "cmdq": 2, "read": {"device_start": -1, "device_end": -1}}, "FFC_sans_bias24": {"write": {"device_start": -1, "host_queued_start": 1585499692.07477, "device_queued": -1, "device_end": -1, "host_queued_end": 1585499692.077737}, "device": "cpu", "nd_range": {"device_start": 2167466.279049042, "device_end": 2167466.2800381253}, "cmdq": 1, "read": {"device_start": -1, "device_end": -1}}, "FFC_sans_bias25": {"write": {"device_start": -1, "host_queued_start": 1585499692.076805, "device_queued": -1, "device_end": -1, "host_queued_end": 1585499692.077737}, "device": "cpu", "nd_range": {"device_start": 2167466.282930009, "device_end": 2167466.283967801}, "cmdq": 0, "read": {"device_start": -1, "device_end": -1}}, "FFC_sans_bias27": {"write": {"device_start": -1, "host_queued_start": 1585499692.066868, "device_queued": -1, "device_end": -1, "host_queued_end": 1585499692.077737}, "device": "cpu", "nd_range": {"device_start": 2167466.273047908, "device_end": 2167466.2744925832}, "cmdq": 2, "read": {"device_start": -1, "device_end": -1}}, "FFC_sans_bias20": {"write": {"device_start": -1, "host_queued_start": 1585499692.066332, "device_queued": -1, "device_end": -1, "host_queued_end": 1585499692.077737}, "device": "cpu", "nd_range": {"device_start": 2167466.2701168363, "device_end": 2167466.271444249}, "cmdq": 1, "read": {"device_start": -1, "device_end": -1}}, "FFC_sans_bias22": {"write": {"device_start": -1, "host_queued_start": 1585499692.071925, "device_queued": -1, "device_end": -1, "host_queued_end": 1585499692.077737}, "device": "cpu", "nd_range": {"device_start": 2167466.274951702, "device_end": 2167466.276101868}, "cmdq": 0, "read": {"device_start": -1, "device_end": -1}}, "softmax68": {"write": {"device_start": -1, "host_queued_start": 1585499692.056875, "device_queued": -1, "device_end": -1, "host_queued_end": 1585499692.05935}, "device": "gpu", "nd_range": {"device_start": 1585499629.1554754, "device_end": 1585499629.1556005}, "cmdq": 2, "read": {"device_start": -1, "device_end": -1}}, "softmax5": {"write": {"device_start": -1, "host_queued_start": 1585499692.072813, "device_queued": -1, "device_end": -1, "host_queued_end": 1585499692.077737}, "device": "cpu", "nd_range": {"device_start": 2167466.2774129803, "device_end": 2167466.277570994}, "cmdq": 0, "read": {"device_start": -1, "device_end": -1}}, "FFC_sans_bias28": {"write": {"device_start": -1, "host_queued_start": 1585499692.067367, "device_queued": -1, "device_end": -1, "host_queued_end": 1585499692.077737}, "device": "cpu", "nd_range": {"device_start": 2167466.272042658, "device_end": 2167466.2738566534}, "cmdq": 0, "read": {"device_start": -1, "device_end": -1}}, "FFC_sans_bias29": {"write": {"device_start": -1, "host_queued_start": 1585499692.067871, "device_queued": -1, "device_end": -1, "host_queued_end": 1585499692.077737}, "device": "cpu", "nd_range": {"device_start": 2167466.271767511, "device_end": 2167466.272888557}, "cmdq": 1, "read": {"device_start": -1, "device_end": -1}}, "empty17": {"write": {"device_start": -1, "host_queued_start": 1585499692.060464, "device_queued": -1, "device_end": -1, "host_queued_end": 1585499692.077737}, "device": "cpu", "nd_range": {"device_start": 2167466.267321084, "device_end": 2167466.267333254}, "cmdq": 1, "read": {"device_start": -1, "device_end": -1}}, "softmax59": {"write": {"device_start": -1, "host_queued_start": 1585499692.056644, "device_queued": -1, "device_end": -1, "host_queued_end": 1585499692.05935}, "device": "gpu", "nd_range": {"device_start": 1585499629.1554303, "device_end": 1585499629.1555216}, "cmdq": 1, "read": {"device_start": -1, "device_end": -1}}, "empty71": {"write": {"device_start": 1585499629.1546025, "host_queued_start": 1585499692.049813, "device_queued": 1585499629.1545713, "device_end": 1585499629.1546113, "host_queued_end": 1585499692.05935}, "device": "gpu", "nd_range": {"device_start": 1585499629.1546192, "device_end": 1585499629.1546226}, "cmdq": 2, "read": {"device_start": -1, "device_end": -1}}, "empty35": {"write": {"device_start": -1, "host_queued_start": 1585499692.061414, "device_queued": -1, "device_end": -1, "host_queued_end": 1585499692.077737}, "device": "cpu", "nd_range": {"device_start": 2167466.2673634393, "device_end": 2167466.2673642603}, "cmdq": 0, "read": {"device_start": -1, "device_end": -1}}, "empty53": {"write": {"device_start": 1585499629.1544995, "host_queued_start": 1585499692.048826, "device_queued": 1585499629.1544673, "device_end": 1585499629.154508, "host_queued_end": 1585499692.05935}, "device": "gpu", "nd_range": {"device_start": 1585499629.1545146, "device_end": 1585499629.1545267}, "cmdq": 0, "read": {"device_start": -1, "device_end": -1}}, "FFC_sans_bias46": {"write": {"device_start": 1585499629.154686, "host_queued_start": 1585499692.05089, "device_queued": 1585499629.1546645, "device_end": 1585499629.1546948, "host_queued_end": 1585499692.05935}, "device": "gpu", "nd_range": {"device_start": 1585499629.1547225, "device_end": 1585499629.1548314}, "cmdq": 1, "read": {"device_start": -1, "device_end": -1}}, "coalesced_transpose66": {"write": {"device_start": -1, "host_queued_start": 1585499692.055359, "device_queued": -1, "device_end": -1, "host_queued_end": 1585499692.05935}, "device": "gpu", "nd_range": {"device_start": 1585499629.1552954, "device_end": 1585499629.155354}, "cmdq": 2, "read": {"device_start": -1, "device_end": -1}}, "coalesced_transpose48": {"write": {"device_start": -1, "host_queued_start": 1585499692.054819, "device_queued": -1, "device_end": -1, "host_queued_end": 1585499692.05935}, "device": "gpu", "nd_range": {"device_start": 1585499629.1551409, "device_end": 1585499629.1552322}, "cmdq": 0, "read": {"device_start": -1, "device_end": -1}}}