{"FFC_sans_bias60": {"write": {"device_start": -1, "host_queued_start": 1585499708.095577, "device_queued": -1, "device_end": -1, "host_queued_end": 1585499708.098414}, "device": "gpu", "nd_range": {"device_start": 1585499645.1948907, "device_end": 1585499645.1950545}, "cmdq": 2, "read": {"device_start": -1, "device_end": -1}}, "FFC_sans_bias4": {"write": {"device_start": -1, "host_queued_start": 1585499708.106164, "device_queued": -1, "device_end": -1, "host_queued_end": 1585499708.110107}, "device": "cpu", "nd_range": {"device_start": 2167482.305745367, "device_end": 2167482.306360484}, "cmdq": 3, "read": {"device_start": -1, "device_end": -1}}, "FFC_sans_bias7": {"write": {"device_start": -1, "host_queued_start": 1585499708.109169, "device_queued": -1, "device_end": -1, "host_queued_end": 1585499708.110107}, "device": "cpu", "nd_range": {"device_start": 2167482.308576786, "device_end": 2167482.309573206}, "cmdq": 0, "read": {"device_start": -1, "device_end": -1}}, "FFC_sans_bias6": {"write": {"device_start": -1, "host_queued_start": 1585499708.107878, "device_queued": -1, "device_end": -1, "host_queued_end": 1585499708.110107}, "device": "cpu", "nd_range": {"device_start": 2167482.3065357143, "device_end": 2167482.307981898}, "cmdq": 1, "read": {"device_start": -1, "device_end": -1}}, "FFC_sans_bias1": {"write": {"device_start": -1, "host_queued_start": 1585499708.101279, "device_queued": -1, "device_end": -1, "host_queued_end": 1585499708.110107}, "device": "cpu", "nd_range": {"device_start": 2167482.2997092092, "device_end": 2167482.3016668013}, "cmdq": 0, "read": {"device_start": -1, "device_end": -1}}, "FFC_sans_bias0": {"write": {"device_start": -1, "host_queued_start": 1585499708.100675, "device_queued": -1, "device_end": -1, "host_queued_end": 1585499708.110107}, "device": "cpu", "nd_range": {"device_start": 2167482.299815068, "device_end": 2167482.3017520853}, "cmdq": 3, "read": {"device_start": -1, "device_end": -1}}, "FFC_sans_bias2": {"write": {"device_start": -1, "host_queued_start": 1585499708.10187, "device_queued": -1, "device_end": -1, "host_queued_end": 1585499708.110107}, "device": "cpu", "nd_range": {"device_start": 2167482.299716946, "device_end": 2167482.301988602}, "cmdq": 1, "read": {"device_start": -1, "device_end": -1}}, "FFC_sans_bias61": {"write": {"device_start": 1585499645.1954026, "host_queued_start": 1585499708.097813, "device_queued": 1585499645.1947534, "device_end": 1585499645.1954143, "host_queued_end": 1585499708.098414}, "device": "gpu", "nd_range": {"device_start": 1585499645.1954165, "device_end": 1585499645.1955426}, "cmdq": 1, "read": {"device_start": 1585499645.1955519, "device_end": 1585499645.1955647}}, "FFC_sans_bias52": {"write": {"device_start": 1585499645.195233, "host_queued_start": 1585499708.097316, "device_queued": 1585499645.194625, "device_end": 1585499645.195242, "host_queued_end": 1585499708.098414}, "device": "gpu", "nd_range": {"device_start": 1585499645.195243, "device_end": 1585499645.195389}, "cmdq": 0, "read": {"device_start": 1585499645.1954029, "device_end": 1585499645.1954134}}, "FFC_sans_bias9": {"write": {"device_start": -1, "host_queued_start": 1585499708.102369, "device_queued": -1, "device_end": -1, "host_queued_end": 1585499708.110107}, "device": "cpu", "nd_range": {"device_start": 2167482.2997161113, "device_end": 2167482.3016923373}, "cmdq": 2, "read": {"device_start": -1, "device_end": -1}}, "coalesced_transpose39": {"write": {"device_start": -1, "host_queued_start": 1585499708.091051, "device_queued": -1, "device_end": -1, "host_queued_end": 1585499708.098414}, "device": "gpu", "nd_range": {"device_start": 1585499645.1943376, "device_end": 1585499645.194351}, "cmdq": 0, "read": {"device_start": -1, "device_end": -1}}, "FFC_sans_bias55": {"write": {"device_start": 1585499645.1940427, "host_queued_start": 1585499708.088944, "device_queued": 1585499645.1939108, "device_end": 1585499645.1940515, "host_queued_end": 1585499708.098414}, "device": "gpu", "nd_range": {"device_start": 1585499645.1940525, "device_end": 1585499645.194233}, "cmdq": 1, "read": {"device_start": -1, "device_end": -1}}, "FFC_sans_bias54": {"write": {"device_start": 1585499645.1939573, "host_queued_start": 1585499708.088438, "device_queued": 1585499645.193865, "device_end": 1585499645.193966, "host_queued_end": 1585499708.098414}, "device": "gpu", "nd_range": {"device_start": 1585499645.1939669, "device_end": 1585499645.1941562}, "cmdq": 0, "read": {"device_start": -1, "device_end": -1}}, "FFC_sans_bias56": {"write": {"device_start": 1585499645.193936, "host_queued_start": 1585499708.087946, "device_queued": 1585499645.193817, "device_end": 1585499645.193945, "host_queued_end": 1585499708.098414}, "device": "gpu", "nd_range": {"device_start": 1585499645.1939464, "device_end": 1585499645.1941159}, "cmdq": 2, "read": {"device_start": -1, "device_end": -1}}, "FFC_sans_bias51": {"write": {"device_start": -1, "host_queued_start": 1585499708.095287, "device_queued": -1, "device_end": -1, "host_queued_end": 1585499708.098414}, "device": "gpu", "nd_range": {"device_start": 1585499645.1950173, "device_end": 1585499645.1951325}, "cmdq": 1, "read": {"device_start": -1, "device_end": -1}}, "softmax23": {"write": {"device_start": -1, "host_queued_start": 1585499708.107546, "device_queued": -1, "device_end": -1, "host_queued_end": 1585499708.110107}, "device": "cpu", "nd_range": {"device_start": 2167482.305829436, "device_end": 2167482.305900622}, "cmdq": 0, "read": {"device_start": -1, "device_end": -1}}, "FFC_sans_bias37": {"write": {"device_start": 1585499645.1935449, "host_queued_start": 1585499708.085437, "device_queued": 1585499645.1935222, "device_end": 1585499645.1935534, "host_queued_end": 1585499708.098414}, "device": "gpu", "nd_range": {"device_start": 1585499645.193557, "device_end": 1585499645.193731}, "cmdq": 0, "read": {"device_start": -1, "device_end": -1}}, "empty62": {"write": {"device_start": 1585499645.1932795, "host_queued_start": 1585499708.082403, "device_queued": 1585499645.1932561, "device_end": 1585499645.1932883, "host_queued_end": 1585499708.098414}, "device": "gpu", "nd_range": {"device_start": 1585499645.1932895, "device_end": 1585499645.1932929}, "cmdq": 0, "read": {"device_start": -1, "device_end": -1}}, "FFC_sans_bias70": {"write": {"device_start": 1585499645.1953707, "host_queued_start": 1585499708.098315, "device_queued": 1585499645.1947021, "device_end": 1585499645.1953845, "host_queued_end": 1585499708.098414}, "device": "gpu", "nd_range": {"device_start": 1585499645.1953862, "device_end": 1585499645.1954947}, "cmdq": 2, "read": {"device_start": 1585499645.1955042, "device_end": 1585499645.1955125}}, "FFC_sans_bias58": {"write": {"device_start": -1, "host_queued_start": 1585499708.09301, "device_queued": -1, "device_end": -1, "host_queued_end": 1585499708.098414}, "device": "gpu", "nd_range": {"device_start": 1585499645.1945996, "device_end": 1585499645.1947522}, "cmdq": 1, "read": {"device_start": -1, "device_end": -1}}, "softmax41": {"write": {"device_start": -1, "host_queued_start": 1585499708.093733, "device_queued": -1, "device_end": -1, "host_queued_end": 1585499708.098414}, "device": "gpu", "nd_range": {"device_start": 1585499645.1947541, "device_end": 1585499645.1948645}, "cmdq": 1, "read": {"device_start": -1, "device_end": -1}}, "FFC_sans_bias11": {"write": {"device_start": -1, "host_queued_start": 1585499708.103382, "device_queued": -1, "device_end": -1, "host_queued_end": 1585499708.110107}, "device": "cpu", "nd_range": {"device_start": 2167482.301672515, "device_end": 2167482.303589599}, "cmdq": 0, "read": {"device_start": -1, "device_end": -1}}, "FFC_sans_bias10": {"write": {"device_start": -1, "host_queued_start": 1585499708.102878, "device_queued": -1, "device_end": -1, "host_queued_end": 1585499708.110107}, "device": "cpu", "nd_range": {"device_start": 2167482.3017758783, "device_end": 2167482.303808353}, "cmdq": 3, "read": {"device_start": -1, "device_end": -1}}, "coalesced_transpose3": {"write": {"device_start": -1, "host_queued_start": 1585499708.105242, "device_queued": -1, "device_end": -1, "host_queued_end": 1585499708.110107}, "device": "cpu", "nd_range": {"device_start": 2167482.303849421, "device_end": 2167482.303977413}, "cmdq": 0, "read": {"device_start": -1, "device_end": -1}}, "FFC_sans_bias34": {"write": {"device_start": 1585499645.1951337, "host_queued_start": 1585499708.096323, "device_queued": 1585499645.1945748, "device_end": 1585499645.1951423, "host_queued_end": 1585499708.098414}, "device": "gpu", "nd_range": {"device_start": 1585499645.1951437, "device_end": 1585499645.195328}, "cmdq": 1, "read": {"device_start": 1585499645.1953397, "device_end": 1585499645.195362}}, "FFC_sans_bias15": {"write": {"device_start": -1, "host_queued_start": 1585499708.108302, "device_queued": -1, "device_end": -1, "host_queued_end": 1585499708.110107}, "device": "cpu", "nd_range": {"device_start": 2167482.306472822, "device_end": 2167482.308077945}, "cmdq": 2, "read": {"device_start": -1, "device_end": -1}}, "FFC_sans_bias31": {"write": {"device_start": -1, "host_queued_start": 1585499708.092155, "device_queued": -1, "device_end": -1, "host_queued_end": 1585499708.098414}, "device": "gpu", "nd_range": {"device_start": 1585499645.1944022, "device_end": 1585499645.1945965}, "cmdq": 1, "read": {"device_start": -1, "device_end": -1}}, "FFC_sans_bias16": {"write": {"device_start": -1, "host_queued_start": 1585499708.109616, "device_queued": -1, "device_end": -1, "host_queued_end": 1585499708.110107}, "device": "cpu", "nd_range": {"device_start": 2167482.308129976, "device_end": 2167482.309450156}, "cmdq": 1, "read": {"device_start": -1, "device_end": -1}}, "FFC_sans_bias19": {"write": {"device_start": -1, "host_queued_start": 1585499708.104378, "device_queued": -1, "device_end": -1, "host_queued_end": 1585499708.110107}, "device": "cpu", "nd_range": {"device_start": 2167482.301826347, "device_end": 2167482.3037490523}, "cmdq": 2, "read": {"device_start": -1, "device_end": -1}}, "FFC_sans_bias18": {"write": {"device_start": -1, "host_queued_start": 1585499708.10388, "device_queued": -1, "device_end": -1, "host_queued_end": 1585499708.110107}, "device": "cpu", "nd_range": {"device_start": 2167482.30199744, "device_end": 2167482.303917982}, "cmdq": 1, "read": {"device_start": -1, "device_end": -1}}, "coalesced_transpose30": {"write": {"device_start": -1, "host_queued_start": 1585499708.090789, "device_queued": -1, "device_end": -1, "host_queued_end": 1585499708.098414}, "device": "gpu", "nd_range": {"device_start": 1585499645.1942606, "device_end": 1585499645.1943471}, "cmdq": 2, "read": {"device_start": -1, "device_end": -1}}, "FFC_sans_bias69": {"write": {"device_start": -1, "host_queued_start": 1585499708.095853, "device_queued": -1, "device_end": -1, "host_queued_end": 1585499708.098414}, "device": "gpu", "nd_range": {"device_start": 1585499645.195024, "device_end": 1585499645.195231}, "cmdq": 0, "read": {"device_start": -1, "device_end": -1}}, "FFC_sans_bias38": {"write": {"device_start": 1585499645.1936224, "host_queued_start": 1585499708.08594, "device_queued": 1585499645.1935604, "device_end": 1585499645.1936312, "host_queued_end": 1585499708.098414}, "device": "gpu", "nd_range": {"device_start": 1585499645.1937337, "device_end": 1585499645.193844}, "cmdq": 1, "read": {"device_start": -1, "device_end": -1}}, "coalesced_transpose57": {"write": {"device_start": -1, "host_queued_start": 1585499708.091604, "device_queued": -1, "device_end": -1, "host_queued_end": 1585499708.098414}, "device": "gpu", "nd_range": {"device_start": 1585499645.194348, "device_end": 1585499645.1943564}, "cmdq": 2, "read": {"device_start": -1, "device_end": -1}}, "empty26": {"write": {"device_start": -1, "host_queued_start": 1585499708.100085, "device_queued": -1, "device_end": -1, "host_queued_end": 1585499708.110107}, "device": "cpu", "nd_range": {"device_start": 2167482.299683359, "device_end": 2167482.299691107}, "cmdq": 2, "read": {"device_start": -1, "device_end": -1}}, "coalesced_transpose12": {"write": {"device_start": -1, "host_queued_start": 1585499708.105545, "device_queued": -1, "device_end": -1, "host_queued_end": 1585499708.110107}, "device": "cpu", "nd_range": {"device_start": 2167482.303943245, "device_end": 2167482.303996844}, "cmdq": 1, "read": {"device_start": -1, "device_end": -1}}, "empty44": {"write": {"device_start": 1585499645.1932042, "host_queued_start": 1585499708.081607, "device_queued": 1585499645.1931798, "device_end": 1585499645.1932125, "host_queued_end": 1585499708.098414}, "device": "gpu", "nd_range": {"device_start": 1585499645.1932423, "device_end": 1585499645.193246}, "cmdq": 1, "read": {"device_start": -1, "device_end": -1}}, "coalesced_transpose21": {"write": {"device_start": -1, "host_queued_start": 1585499708.105834, "device_queued": -1, "device_end": -1, "host_queued_end": 1585499708.110107}, "device": "cpu", "nd_range": {"device_start": 2167482.303759496, "device_end": 2167482.303997641}, "cmdq": 2, "read": {"device_start": -1, "device_end": -1}}, "FFC_sans_bias36": {"write": {"device_start": 1585499645.1934845, "host_queued_start": 1585499708.084835, "device_queued": 1585499645.1934445, "device_end": 1585499645.1934931, "host_queued_end": 1585499708.098414}, "device": "gpu", "nd_range": {"device_start": 1585499645.1935122, "device_end": 1585499645.1937046}, "cmdq": 2, "read": {"device_start": -1, "device_end": -1}}, "softmax14": {"write": {"device_start": -1, "host_queued_start": 1585499708.1073, "device_queued": -1, "device_end": -1, "host_queued_end": 1585499708.110107}, "device": "cpu", "nd_range": {"device_start": 2167482.306381519, "device_end": 2167482.306450169}, "cmdq": 3, "read": {"device_start": -1, "device_end": -1}}, "FFC_sans_bias13": {"write": {"device_start": -1, "host_queued_start": 1585499708.106485, "device_queued": -1, "device_end": -1, "host_queued_end": 1585499708.110107}, "device": "cpu", "nd_range": {"device_start": 2167482.304150529, "device_end": 2167482.305703244}, "cmdq": 0, "read": {"device_start": -1, "device_end": -1}}, "empty8": {"write": {"device_start": -1, "host_queued_start": 1585499708.099162, "device_queued": -1, "device_end": -1, "host_queued_end": 1585499708.110107}, "device": "cpu", "nd_range": {"device_start": 2167482.299680442, "device_end": 2167482.299691095}, "cmdq": 0, "read": {"device_start": -1, "device_end": -1}}, "FFC_sans_bias42": {"write": {"device_start": -1, "host_queued_start": 1585499708.094997, "device_queued": -1, "device_end": -1, "host_queued_end": 1585499708.098414}, "device": "gpu", "nd_range": {"device_start": 1585499645.1948817, "device_end": 1585499645.194994}, "cmdq": 0, "read": {"device_start": -1, "device_end": -1}}, "FFC_sans_bias43": {"write": {"device_start": 1585499645.1950555, "host_queued_start": 1585499708.096821, "device_queued": 1585499645.194555, "device_end": 1585499645.195064, "host_queued_end": 1585499708.098414}, "device": "gpu", "nd_range": {"device_start": 1585499645.1950655, "device_end": 1585499645.1952472}, "cmdq": 2, "read": {"device_start": 1585499645.1952507, "device_end": 1585499645.1952605}}, "FFC_sans_bias40": {"write": {"device_start": -1, "host_queued_start": 1585499708.092446, "device_queued": -1, "device_end": -1, "host_queued_end": 1585499708.098414}, "device": "gpu", "nd_range": {"device_start": 1585499645.194397, "device_end": 1585499645.194504}, "cmdq": 2, "read": {"device_start": -1, "device_end": -1}}, "softmax32": {"write": {"device_start": -1, "host_queued_start": 1585499708.093506, "device_queued": -1, "device_end": -1, "host_queued_end": 1585499708.098414}, "device": "gpu", "nd_range": {"device_start": 1585499645.194608, "device_end": 1585499645.1947658}, "cmdq": 0, "read": {"device_start": -1, "device_end": -1}}, "FFC_sans_bias47": {"write": {"device_start": 1585499645.1938462, "host_queued_start": 1585499708.087447, "device_queued": 1585499645.1937928, "device_end": 1585499645.1938546, "host_queued_end": 1585499708.098414}, "device": "gpu", "nd_range": {"device_start": 1585499645.1938558, "device_end": 1585499645.1940408}, "cmdq": 1, "read": {"device_start": -1, "device_end": -1}}, "FFC_sans_bias45": {"write": {"device_start": 1585499645.1937215, "host_queued_start": 1585499708.086422, "device_queued": 1585499645.1936972, "device_end": 1585499645.19373, "host_queued_end": 1585499708.098414}, "device": "gpu", "nd_range": {"device_start": 1585499645.1937456, "device_end": 1585499645.1939342}, "cmdq": 2, "read": {"device_start": -1, "device_end": -1}}, "softmax50": {"write": {"device_start": -1, "host_queued_start": 1585499708.093952, "device_queued": -1, "device_end": -1, "host_queued_end": 1585499708.098414}, "device": "gpu", "nd_range": {"device_start": 1585499645.1946971, "device_end": 1585499645.1947737}, "cmdq": 2, "read": {"device_start": -1, "device_end": -1}}, "FFC_sans_bias33": {"write": {"device_start": -1, "host_queued_start": 1585499708.094701, "device_queued": -1, "device_end": -1, "host_queued_end": 1585499708.098414}, "device": "gpu", "nd_range": {"device_start": 1585499645.1947765, "device_end": 1585499645.194887}, "cmdq": 2, "read": {"device_start": -1, "device_end": -1}}, "FFC_sans_bias63": {"write": {"device_start": 1585499645.194235, "host_queued_start": 1585499708.090446, "device_queued": 1585499645.1941338, "device_end": 1585499645.1942434, "host_queued_end": 1585499708.098414}, "device": "gpu", "nd_range": {"device_start": 1585499645.1942446, "device_end": 1585499645.1943934}, "cmdq": 1, "read": {"device_start": -1, "device_end": -1}}, "FFC_sans_bias49": {"write": {"device_start": -1, "host_queued_start": 1585499708.092719, "device_queued": -1, "device_end": -1, "host_queued_end": 1585499708.098414}, "device": "gpu", "nd_range": {"device_start": 1585499645.194406, "device_end": 1585499645.194606}, "cmdq": 0, "read": {"device_start": -1, "device_end": -1}}, "FFC_sans_bias64": {"write": {"device_start": 1585499645.1941183, "host_queued_start": 1585499708.089462, "device_queued": 1585499645.1939414, "device_end": 1585499645.1941268, "host_queued_end": 1585499708.098414}, "device": "gpu", "nd_range": {"device_start": 1585499645.194128, "device_end": 1585499645.1942596}, "cmdq": 2, "read": {"device_start": -1, "device_end": -1}}, "FFC_sans_bias65": {"write": {"device_start": 1585499645.1941576, "host_queued_start": 1585499708.089956, "device_queued": 1585499645.1939902, "device_end": 1585499645.1941662, "host_queued_end": 1585499708.098414}, "device": "gpu", "nd_range": {"device_start": 1585499645.1941671, "device_end": 1585499645.1943364}, "cmdq": 0, "read": {"device_start": -1, "device_end": -1}}, "FFC_sans_bias67": {"write": {"device_start": -1, "host_queued_start": 1585499708.093292, "device_queued": -1, "device_end": -1, "host_queued_end": 1585499708.098414}, "device": "gpu", "nd_range": {"device_start": 1585499645.1945062, "device_end": 1585499645.1946945}, "cmdq": 2, "read": {"device_start": -1, "device_end": -1}}, "FFC_sans_bias24": {"write": {"device_start": -1, "host_queued_start": 1585499708.10865, "device_queued": -1, "device_end": -1, "host_queued_end": 1585499708.110107}, "device": "cpu", "nd_range": {"device_start": 2167482.3064595233, "device_end": 2167482.3075864143}, "cmdq": 3, "read": {"device_start": -1, "device_end": -1}}, "FFC_sans_bias25": {"write": {"device_start": -1, "host_queued_start": 1585499708.110064, "device_queued": -1, "device_end": -1, "host_queued_end": 1585499708.110107}, "device": "cpu", "nd_range": {"device_start": 2167482.308090738, "device_end": 2167482.309054724}, "cmdq": 2, "read": {"device_start": -1, "device_end": -1}}, "FFC_sans_bias27": {"write": {"device_start": 1585499645.1933491, "host_queued_start": 1585499708.08336, "device_queued": 1585499645.193322, "device_end": 1585499645.193358, "host_queued_end": 1585499708.098414}, "device": "gpu", "nd_range": {"device_start": 1585499645.193369, "device_end": 1585499645.1934824}, "cmdq": 2, "read": {"device_start": -1, "device_end": -1}}, "FFC_sans_bias20": {"write": {"device_start": -1, "host_queued_start": 1585499708.104884, "device_queued": -1, "device_end": -1, "host_queued_end": 1585499708.110107}, "device": "cpu", "nd_range": {"device_start": 2167482.303827287, "device_end": 2167482.305730799}, "cmdq": 3, "read": {"device_start": -1, "device_end": -1}}, "FFC_sans_bias22": {"write": {"device_start": -1, "host_queued_start": 1585499708.106795, "device_queued": -1, "device_end": -1, "host_queued_end": 1585499708.110107}, "device": "cpu", "nd_range": {"device_start": 2167482.304013212, "device_end": 2167482.305495806}, "cmdq": 1, "read": {"device_start": -1, "device_end": -1}}, "softmax68": {"write": {"device_start": -1, "host_queued_start": 1585499708.094389, "device_queued": -1, "device_end": -1, "host_queued_end": 1585499708.098414}, "device": "gpu", "nd_range": {"device_start": 1585499645.1948674, "device_end": 1585499645.1950138}, "cmdq": 1, "read": {"device_start": -1, "device_end": -1}}, "softmax5": {"write": {"device_start": -1, "host_queued_start": 1585499708.107051, "device_queued": -1, "device_end": -1, "host_queued_end": 1585499708.110107}, "device": "cpu", "nd_range": {"device_start": 2167482.306424809, "device_end": 2167482.306455687}, "cmdq": 2, "read": {"device_start": -1, "device_end": -1}}, "FFC_sans_bias28": {"write": {"device_start": 1585499645.1934001, "host_queued_start": 1585499708.083858, "device_queued": 1585499645.1933768, "device_end": 1585499645.193409, "host_queued_end": 1585499708.098414}, "device": "gpu", "nd_range": {"device_start": 1585499645.1934135, "device_end": 1585499645.193529}, "cmdq": 0, "read": {"device_start": -1, "device_end": -1}}, "FFC_sans_bias29": {"write": {"device_start": 1585499645.1934454, "host_queued_start": 1585499708.08435, "device_queued": 1585499645.1934195, "device_end": 1585499645.193458, "host_queued_end": 1585499708.098414}, "device": "gpu", "nd_range": {"device_start": 1585499645.193496, "device_end": 1585499645.1936202}, "cmdq": 1, "read": {"device_start": -1, "device_end": -1}}, "empty17": {"write": {"device_start": -1, "host_queued_start": 1585499708.099666, "device_queued": -1, "device_end": -1, "host_queued_end": 1585499708.110107}, "device": "cpu", "nd_range": {"device_start": 2167482.2997077233, "device_end": 2167482.2997090053}, "cmdq": 1, "read": {"device_start": -1, "device_end": -1}}, "softmax59": {"write": {"device_start": -1, "host_queued_start": 1585499708.094167, "device_queued": -1, "device_end": -1, "host_queued_end": 1585499708.098414}, "device": "gpu", "nd_range": {"device_start": 1585499645.1947687, "device_end": 1585499645.1948788}, "cmdq": 0, "read": {"device_start": -1, "device_end": -1}}, "empty71": {"write": {"device_start": 1585499645.193319, "host_queued_start": 1585499708.082838, "device_queued": 1585499645.1932971, "device_end": 1585499645.1933274, "host_queued_end": 1585499708.098414}, "device": "gpu", "nd_range": {"device_start": 1585499645.1933596, "device_end": 1585499645.193363}, "cmdq": 1, "read": {"device_start": -1, "device_end": -1}}, "empty35": {"write": {"device_start": 1585499645.193122, "host_queued_start": 1585499708.081003, "device_queued": 1585499645.1930792, "device_end": 1585499645.1931305, "host_queued_end": 1585499708.098414}, "device": "gpu", "nd_range": {"device_start": 1585499645.1931493, "device_end": 1585499645.193171}, "cmdq": 0, "read": {"device_start": -1, "device_end": -1}}, "empty53": {"write": {"device_start": 1585499645.1932318, "host_queued_start": 1585499708.082006, "device_queued": 1585499645.1932087, "device_end": 1585499645.1932402, "host_queued_end": 1585499708.098414}, "device": "gpu", "nd_range": {"device_start": 1585499645.193248, "device_end": 1585499645.1932514}, "cmdq": 2, "read": {"device_start": -1, "device_end": -1}}, "FFC_sans_bias46": {"write": {"device_start": 1585499645.1937773, "host_queued_start": 1585499708.086936, "device_queued": 1585499645.193754, "device_end": 1585499645.193786, "host_queued_end": 1585499708.098414}, "device": "gpu", "nd_range": {"device_start": 1585499645.193787, "device_end": 1585499645.193953}, "cmdq": 0, "read": {"device_start": -1, "device_end": -1}}, "coalesced_transpose66": {"write": {"device_start": -1, "host_queued_start": 1585499708.091866, "device_queued": -1, "device_end": -1, "host_queued_end": 1585499708.098414}, "device": "gpu", "nd_range": {"device_start": 1585499645.1943524, "device_end": 1585499645.1943593}, "cmdq": 0, "read": {"device_start": -1, "device_end": -1}}, "coalesced_transpose48": {"write": {"device_start": -1, "host_queued_start": 1585499708.091328, "device_queued": -1, "device_end": -1, "host_queued_end": 1585499708.098414}, "device": "gpu", "nd_range": {"device_start": 1585499645.1943948, "device_end": 1585499645.1944003}, "cmdq": 1, "read": {"device_start": -1, "device_end": -1}}}