{"FFC_sans_bias60": {"write": {"device_start": -1, "host_queued_start": 1585499526.334504, "device_queued": -1, "device_end": -1, "host_queued_end": 1585499526.337789}, "device": "cpu", "nd_range": {"device_start": 2167300.551622869, "device_end": 2167300.5535302083}, "cmdq": 0, "read": {"device_start": -1, "device_end": -1}}, "FFC_sans_bias4": {"write": {"device_start": -1, "host_queued_start": 1585499526.328374, "device_queued": -1, "device_end": -1, "host_queued_end": 1585499526.337789}, "device": "cpu", "nd_range": {"device_start": 2167300.539354296, "device_end": 2167300.5412904443}, "cmdq": 0, "read": {"device_start": -1, "device_end": -1}}, "FFC_sans_bias7": {"write": {"device_start": -1, "host_queued_start": 1585499526.335032, "device_queued": -1, "device_end": -1, "host_queued_end": 1585499526.337789}, "device": "cpu", "nd_range": {"device_start": 2167300.553734654, "device_end": 2167300.5556480293}, "cmdq": 1, "read": {"device_start": -1, "device_end": -1}}, "FFC_sans_bias6": {"write": {"device_start": -1, "host_queued_start": 1585499526.332579, "device_queued": -1, "device_end": -1, "host_queued_end": 1585499526.337789}, "device": "cpu", "nd_range": {"device_start": 2167300.544951647, "device_end": 2167300.5460928422}, "cmdq": 4, "read": {"device_start": -1, "device_end": -1}}, "FFC_sans_bias1": {"write": {"device_start": -1, "host_queued_start": 1585499526.31624, "device_queued": -1, "device_end": -1, "host_queued_end": 1585499526.337789}, "device": "cpu", "nd_range": {"device_start": 2167300.529382241, "device_end": 2167300.5312815392}, "cmdq": 3, "read": {"device_start": -1, "device_end": -1}}, "FFC_sans_bias0": {"write": {"device_start": -1, "host_queued_start": 1585499526.315737, "device_queued": -1, "device_end": -1, "host_queued_end": 1585499526.337789}, "device": "cpu", "nd_range": {"device_start": 2167300.529451135, "device_end": 2167300.531365017}, "cmdq": 2, "read": {"device_start": -1, "device_end": -1}}, "FFC_sans_bias2": {"write": {"device_start": -1, "host_queued_start": 1585499526.316755, "device_queued": -1, "device_end": -1, "host_queued_end": 1585499526.337789}, "device": "cpu", "nd_range": {"device_start": 2167300.5274454933, "device_end": 2167300.529437091}, "cmdq": 4, "read": {"device_start": -1, "device_end": -1}}, "FFC_sans_bias61": {"write": {"device_start": -1, "host_queued_start": 1585499526.337745, "device_queued": -1, "device_end": -1, "host_queued_end": 1585499526.337789}, "device": "cpu", "nd_range": {"device_start": 2167300.553537751, "device_end": 2167300.5554500814}, "cmdq": 2, "read": {"device_start": -1, "device_end": -1}}, "FFC_sans_bias52": {"write": {"device_start": -1, "host_queued_start": 1585499526.337288, "device_queued": -1, "device_end": -1, "host_queued_end": 1585499526.337789}, "device": "cpu", "nd_range": {"device_start": 2167300.555652723, "device_end": 2167300.5571020623}, "cmdq": 1, "read": {"device_start": -1, "device_end": -1}}, "FFC_sans_bias9": {"write": {"device_start": -1, "host_queued_start": 1585499526.317265, "device_queued": -1, "device_end": -1, "host_queued_end": 1585499526.337789}, "device": "cpu", "nd_range": {"device_start": 2167300.527421751, "device_end": 2167300.5296584563}, "cmdq": 0, "read": {"device_start": -1, "device_end": -1}}, "coalesced_transpose39": {"write": {"device_start": -1, "host_queued_start": 1585499526.32746, "device_queued": -1, "device_end": -1, "host_queued_end": 1585499526.337789}, "device": "cpu", "nd_range": {"device_start": 2167300.5392027693, "device_end": 2167300.539281676}, "cmdq": 2, "read": {"device_start": -1, "device_end": -1}}, "FFC_sans_bias55": {"write": {"device_start": -1, "host_queued_start": 1585499526.325918, "device_queued": -1, "device_end": -1, "host_queued_end": 1585499526.337789}, "device": "cpu", "nd_range": {"device_start": 2167300.537237944, "device_end": 2167300.539197801}, "cmdq": 2, "read": {"device_start": -1, "device_end": -1}}, "FFC_sans_bias54": {"write": {"device_start": -1, "host_queued_start": 1585499526.325418, "device_queued": -1, "device_end": -1, "host_queued_end": 1585499526.337789}, "device": "cpu", "nd_range": {"device_start": 2167300.543701143, "device_end": 2167300.5449207583}, "cmdq": 1, "read": {"device_start": -1, "device_end": -1}}, "FFC_sans_bias56": {"write": {"device_start": -1, "host_queued_start": 1585499526.324913, "device_queued": -1, "device_end": -1, "host_queued_end": 1585499526.337789}, "device": "cpu", "nd_range": {"device_start": 2167300.5336542833, "device_end": 2167300.535577829}, "cmdq": 0, "read": {"device_start": -1, "device_end": -1}}, "FFC_sans_bias51": {"write": {"device_start": -1, "host_queued_start": 1585499526.33418, "device_queued": -1, "device_end": -1, "host_queued_end": 1585499526.337789}, "device": "cpu", "nd_range": {"device_start": 2167300.5461001, "device_end": 2167300.547703531}, "cmdq": 4, "read": {"device_start": -1, "device_end": -1}}, "softmax23": {"write": {"device_start": -1, "host_queued_start": 1585499526.331169, "device_queued": -1, "device_end": -1, "host_queued_end": 1585499526.337789}, "device": "cpu", "nd_range": {"device_start": 2167300.544858986, "device_end": 2167300.54493947}, "cmdq": 4, "read": {"device_start": -1, "device_end": -1}}, "FFC_sans_bias37": {"write": {"device_start": -1, "host_queued_start": 1585499526.322338, "device_queued": -1, "device_end": -1, "host_queued_end": 1585499526.337789}, "device": "cpu", "nd_range": {"device_start": 2167300.531605365, "device_end": 2167300.533595026}, "cmdq": 0, "read": {"device_start": -1, "device_end": -1}}, "empty62": {"write": {"device_start": -1, "host_queued_start": 1585499526.315248, "device_queued": -1, "device_end": -1, "host_queued_end": 1585499526.337789}, "device": "cpu", "nd_range": {"device_start": 2167300.527414647, "device_end": 2167300.527415548}, "cmdq": 1, "read": {"device_start": -1, "device_end": -1}}, "FFC_sans_bias70": {"write": {"device_start": 1585499463.413013, "host_queued_start": 1585499526.311937, "device_queued": 1585499463.4124997, "device_end": 1585499463.4130218, "host_queued_end": 1585499526.312044}, "device": "gpu", "nd_range": {"device_start": 1585499463.413023, "device_end": 1585499463.4131293}, "cmdq": 0, "read": {"device_start": 1585499463.4131322, "device_end": 1585499463.4131448}}, "FFC_sans_bias58": {"write": {"device_start": -1, "host_queued_start": 1585499526.330388, "device_queued": -1, "device_end": -1, "host_queued_end": 1585499526.337789}, "device": "cpu", "nd_range": {"device_start": 2167300.549905638, "device_end": 2167300.550775146}, "cmdq": 1, "read": {"device_start": -1, "device_end": -1}}, "softmax41": {"write": {"device_start": -1, "host_queued_start": 1585499526.331725, "device_queued": -1, "device_end": -1, "host_queued_end": 1585499526.337789}, "device": "cpu", "nd_range": {"device_start": 2167300.550782092, "device_end": 2167300.55084068}, "cmdq": 1, "read": {"device_start": -1, "device_end": -1}}, "FFC_sans_bias11": {"write": {"device_start": -1, "host_queued_start": 1585499526.318271, "device_queued": -1, "device_end": -1, "host_queued_end": 1585499526.337789}, "device": "cpu", "nd_range": {"device_start": 2167300.5314106583, "device_end": 2167300.53332}, "cmdq": 2, "read": {"device_start": -1, "device_end": -1}}, "FFC_sans_bias10": {"write": {"device_start": -1, "host_queued_start": 1585499526.317765, "device_queued": -1, "device_end": -1, "host_queued_end": 1585499526.337789}, "device": "cpu", "nd_range": {"device_start": 2167300.527419986, "device_end": 2167300.5293688443}, "cmdq": 1, "read": {"device_start": -1, "device_end": -1}}, "coalesced_transpose3": {"write": {"device_start": -1, "host_queued_start": 1585499526.326226, "device_queued": -1, "device_end": -1, "host_queued_end": 1585499526.337789}, "device": "cpu", "nd_range": {"device_start": 2167300.5374898682, "device_end": 2167300.5375522682}, "cmdq": 3, "read": {"device_start": -1, "device_end": -1}}, "FFC_sans_bias34": {"write": {"device_start": -1, "host_queued_start": 1585499526.336387, "device_queued": -1, "device_end": -1, "host_queued_end": 1585499526.337789}, "device": "cpu", "nd_range": {"device_start": 2167300.5486841393, "device_end": 2167300.549442932}, "cmdq": 4, "read": {"device_start": -1, "device_end": -1}}, "FFC_sans_bias15": {"write": {"device_start": -1, "host_queued_start": 1585499526.332901, "device_queued": -1, "device_end": -1, "host_queued_end": 1585499526.337789}, "device": "cpu", "nd_range": {"device_start": 2167300.550461715, "device_end": 2167300.551601202}, "cmdq": 0, "read": {"device_start": -1, "device_end": -1}}, "FFC_sans_bias31": {"write": {"device_start": -1, "host_queued_start": 1585499526.329445, "device_queued": -1, "device_end": -1, "host_queued_end": 1585499526.337789}, "device": "cpu", "nd_range": {"device_start": 2167300.54502805, "device_end": 2167300.5475816983}, "cmdq": 3, "read": {"device_start": -1, "device_end": -1}}, "FFC_sans_bias16": {"write": {"device_start": -1, "host_queued_start": 1585499526.335483, "device_queued": -1, "device_end": -1, "host_queued_end": 1585499526.337789}, "device": "cpu", "nd_range": {"device_start": 2167300.5516094253, "device_end": 2167300.553526985}, "cmdq": 2, "read": {"device_start": -1, "device_end": -1}}, "FFC_sans_bias19": {"write": {"device_start": -1, "host_queued_start": 1585499526.319311, "device_queued": -1, "device_end": -1, "host_queued_end": 1585499526.337789}, "device": "cpu", "nd_range": {"device_start": 2167300.535700377, "device_end": 2167300.537638674}, "cmdq": 4, "read": {"device_start": -1, "device_end": -1}}, "FFC_sans_bias18": {"write": {"device_start": -1, "host_queued_start": 1585499526.318807, "device_queued": -1, "device_end": -1, "host_queued_end": 1585499526.337789}, "device": "cpu", "nd_range": {"device_start": 2167300.531285628, "device_end": 2167300.5335357343}, "cmdq": 3, "read": {"device_start": -1, "device_end": -1}}, "coalesced_transpose30": {"write": {"device_start": -1, "host_queued_start": 1585499526.327163, "device_queued": -1, "device_end": -1, "host_queued_end": 1585499526.337789}, "device": "cpu", "nd_range": {"device_start": 2167300.5449265493, "device_end": 2167300.545006838}, "cmdq": 1, "read": {"device_start": -1, "device_end": -1}}, "FFC_sans_bias69": {"write": {"device_start": -1, "host_queued_start": 1585499526.311472, "device_queued": -1, "device_end": -1, "host_queued_end": 1585499526.312044}, "device": "gpu", "nd_range": {"device_start": 1585499463.412906, "device_end": 1585499463.413012}, "cmdq": 0, "read": {"device_start": -1, "device_end": -1}}, "FFC_sans_bias38": {"write": {"device_start": -1, "host_queued_start": 1585499526.322891, "device_queued": -1, "device_end": -1, "host_queued_end": 1585499526.337789}, "device": "cpu", "nd_range": {"device_start": 2167300.539816757, "device_end": 2167300.541745359}, "cmdq": 1, "read": {"device_start": -1, "device_end": -1}}, "coalesced_transpose57": {"write": {"device_start": -1, "host_queued_start": 1585499526.328066, "device_queued": -1, "device_end": -1, "host_queued_end": 1585499526.337789}, "device": "cpu", "nd_range": {"device_start": 2167300.541633437, "device_end": 2167300.5416857703}, "cmdq": 4, "read": {"device_start": -1, "device_end": -1}}, "empty26": {"write": {"device_start": -1, "host_queued_start": 1585499526.313646, "device_queued": -1, "device_end": -1, "host_queued_end": 1585499526.337789}, "device": "cpu", "nd_range": {"device_start": 2167300.529442497, "device_end": 2167300.529443651}, "cmdq": 2, "read": {"device_start": -1, "device_end": -1}}, "coalesced_transpose12": {"write": {"device_start": -1, "host_queued_start": 1585499526.326519, "device_queued": -1, "device_end": -1, "host_queued_end": 1585499526.337789}, "device": "cpu", "nd_range": {"device_start": 2167300.5415472593, "device_end": 2167300.541624371}, "cmdq": 4, "read": {"device_start": -1, "device_end": -1}}, "empty44": {"write": {"device_start": -1, "host_queued_start": 1585499526.314433, "device_queued": -1, "device_end": -1, "host_queued_end": 1585499526.337789}, "device": "cpu", "nd_range": {"device_start": 2167300.5274254843, "device_end": 2167300.527429767}, "cmdq": 4, "read": {"device_start": -1, "device_end": -1}}, "coalesced_transpose21": {"write": {"device_start": -1, "host_queued_start": 1585499526.326857, "device_queued": -1, "device_end": -1, "host_queued_end": 1585499526.337789}, "device": "cpu", "nd_range": {"device_start": 2167300.539291284, "device_end": 2167300.539343756}, "cmdq": 0, "read": {"device_start": -1, "device_end": -1}}, "FFC_sans_bias36": {"write": {"device_start": -1, "host_queued_start": 1585499526.32184, "device_queued": -1, "device_end": -1, "host_queued_end": 1585499526.337789}, "device": "cpu", "nd_range": {"device_start": 2167300.537663936, "device_end": 2167300.539610334}, "cmdq": 4, "read": {"device_start": -1, "device_end": -1}}, "softmax14": {"write": {"device_start": -1, "host_queued_start": 1585499526.33093, "device_queued": -1, "device_end": -1, "host_queued_end": 1585499526.337789}, "device": "cpu", "nd_range": {"device_start": 2167300.549918896, "device_end": 2167300.5500740483}, "cmdq": 3, "read": {"device_start": -1, "device_end": -1}}, "FFC_sans_bias13": {"write": {"device_start": -1, "host_queued_start": 1585499526.328786, "device_queued": -1, "device_end": -1, "host_queued_end": 1585499526.337789}, "device": "cpu", "nd_range": {"device_start": 2167300.546352905, "device_end": 2167300.5480665443}, "cmdq": 1, "read": {"device_start": -1, "device_end": -1}}, "empty8": {"write": {"device_start": -1, "host_queued_start": 1585499526.312614, "device_queued": -1, "device_end": -1, "host_queued_end": 1585499526.337789}, "device": "cpu", "nd_range": {"device_start": 2167300.5273836483, "device_end": 2167300.5273955693}, "cmdq": 0, "read": {"device_start": -1, "device_end": -1}}, "FFC_sans_bias42": {"write": {"device_start": -1, "host_queued_start": 1585499526.333858, "device_queued": -1, "device_end": -1, "host_queued_end": 1585499526.337789}, "device": "cpu", "nd_range": {"device_start": 2167300.553529735, "device_end": 2167300.555467578}, "cmdq": 3, "read": {"device_start": -1, "device_end": -1}}, "FFC_sans_bias43": {"write": {"device_start": -1, "host_queued_start": 1585499526.336837, "device_queued": -1, "device_end": -1, "host_queued_end": 1585499526.337789}, "device": "cpu", "nd_range": {"device_start": 2167300.555584654, "device_end": 2167300.557049312}, "cmdq": 0, "read": {"device_start": -1, "device_end": -1}}, "FFC_sans_bias40": {"write": {"device_start": -1, "host_queued_start": 1585499526.329764, "device_queued": -1, "device_end": -1, "host_queued_end": 1585499526.337789}, "device": "cpu", "nd_range": {"device_start": 2167300.5416943603, "device_end": 2167300.543637495}, "cmdq": 4, "read": {"device_start": -1, "device_end": -1}}, "softmax32": {"write": {"device_start": -1, "host_queued_start": 1585499526.331436, "device_queued": -1, "device_end": -1, "host_queued_end": 1585499526.337789}, "device": "cpu", "nd_range": {"device_start": 2167300.547696854, "device_end": 2167300.547744172}, "cmdq": 0, "read": {"device_start": -1, "device_end": -1}}, "FFC_sans_bias47": {"write": {"device_start": -1, "host_queued_start": 1585499526.32441, "device_queued": -1, "device_end": -1, "host_queued_end": 1585499526.337789}, "device": "cpu", "nd_range": {"device_start": 2167300.53961643, "device_end": 2167300.541541817}, "cmdq": 4, "read": {"device_start": -1, "device_end": -1}}, "FFC_sans_bias45": {"write": {"device_start": -1, "host_queued_start": 1585499526.323395, "device_queued": -1, "device_end": -1, "host_queued_end": 1585499526.337789}, "device": "cpu", "nd_range": {"device_start": 2167300.5352757843, "device_end": 2167300.5372220143}, "cmdq": 2, "read": {"device_start": -1, "device_end": -1}}, "softmax50": {"write": {"device_start": -1, "host_queued_start": 1585499526.332007, "device_queued": -1, "device_end": -1, "host_queued_end": 1585499526.337789}, "device": "cpu", "nd_range": {"device_start": 2167300.544803425, "device_end": 2167300.545146488}, "cmdq": 2, "read": {"device_start": -1, "device_end": -1}}, "FFC_sans_bias33": {"write": {"device_start": -1, "host_queued_start": 1585499526.333551, "device_queued": -1, "device_end": -1, "host_queued_end": 1585499526.337789}, "device": "cpu", "nd_range": {"device_start": 2167300.547758343, "device_end": 2167300.54856473}, "cmdq": 2, "read": {"device_start": -1, "device_end": -1}}, "FFC_sans_bias63": {"write": {"device_start": 1585499463.4125993, "host_queued_start": 1585499526.310343, "device_queued": 1585499463.4124038, "device_end": 1585499463.412608, "host_queued_end": 1585499526.312044}, "device": "gpu", "nd_range": {"device_start": 1585499463.412609, "device_end": 1585499463.4127157}, "cmdq": 0, "read": {"device_start": -1, "device_end": -1}}, "FFC_sans_bias49": {"write": {"device_start": -1, "host_queued_start": 1585499526.330083, "device_queued": -1, "device_end": -1, "host_queued_end": 1585499526.337789}, "device": "cpu", "nd_range": {"device_start": 2167300.541307394, "device_end": 2167300.5432717972}, "cmdq": 0, "read": {"device_start": -1, "device_end": -1}}, "FFC_sans_bias64": {"write": {"device_start": 1585499463.4123578, "host_queued_start": 1585499526.309331, "device_queued": 1585499463.4123418, "device_end": 1585499463.4123664, "host_queued_end": 1585499526.312044}, "device": "gpu", "nd_range": {"device_start": 1585499463.4123673, "device_end": 1585499463.4124744}, "cmdq": 0, "read": {"device_start": -1, "device_end": -1}}, "FFC_sans_bias65": {"write": {"device_start": 1585499463.4124758, "host_queued_start": 1585499526.309848, "device_queued": 1585499463.4123738, "device_end": 1585499463.4124882, "host_queued_end": 1585499526.312044}, "device": "gpu", "nd_range": {"device_start": 1585499463.4124897, "device_end": 1585499463.4125981}, "cmdq": 0, "read": {"device_start": -1, "device_end": -1}}, "FFC_sans_bias67": {"write": {"device_start": -1, "host_queued_start": 1585499526.310961, "device_queued": -1, "device_end": -1, "host_queued_end": 1585499526.312044}, "device": "gpu", "nd_range": {"device_start": 1585499463.412723, "device_end": 1585499463.4128296}, "cmdq": 0, "read": {"device_start": -1, "device_end": -1}}, "FFC_sans_bias24": {"write": {"device_start": -1, "host_queued_start": 1585499526.333229, "device_queued": -1, "device_end": -1, "host_queued_end": 1585499526.337789}, "device": "cpu", "nd_range": {"device_start": 2167300.5517988494, "device_end": 2167300.553717268}, "cmdq": 1, "read": {"device_start": -1, "device_end": -1}}, "FFC_sans_bias25": {"write": {"device_start": -1, "host_queued_start": 1585499526.335936, "device_queued": -1, "device_end": -1, "host_queued_end": 1585499526.337789}, "device": "cpu", "nd_range": {"device_start": 2167300.555484355, "device_end": 2167300.556707052}, "cmdq": 3, "read": {"device_start": -1, "device_end": -1}}, "FFC_sans_bias27": {"write": {"device_start": -1, "host_queued_start": 1585499526.320325, "device_queued": -1, "device_end": -1, "host_queued_end": 1585499526.337789}, "device": "cpu", "nd_range": {"device_start": 2167300.537700871, "device_end": 2167300.5398087143}, "cmdq": 1, "read": {"device_start": -1, "device_end": -1}}, "FFC_sans_bias20": {"write": {"device_start": -1, "host_queued_start": 1585499526.319818, "device_queued": -1, "device_end": -1, "host_queued_end": 1585499526.337789}, "device": "cpu", "nd_range": {"device_start": 2167300.529667763, "device_end": 2167300.5315939533}, "cmdq": 0, "read": {"device_start": -1, "device_end": -1}}, "FFC_sans_bias22": {"write": {"device_start": -1, "host_queued_start": 1585499526.329118, "device_queued": -1, "device_end": -1, "host_queued_end": 1585499526.337789}, "device": "cpu", "nd_range": {"device_start": 2167300.543277172, "device_end": 2167300.5447183573}, "cmdq": 2, "read": {"device_start": -1, "device_end": -1}}, "softmax68": {"write": {"device_start": -1, "host_queued_start": 1585499526.311188, "device_queued": -1, "device_end": -1, "host_queued_end": 1585499526.312044}, "device": "gpu", "nd_range": {"device_start": 1585499463.4128306, "device_end": 1585499463.4129047}, "cmdq": 0, "read": {"device_start": -1, "device_end": -1}}, "softmax5": {"write": {"device_start": -1, "host_queued_start": 1585499526.330677, "device_queued": -1, "device_end": -1, "host_queued_end": 1585499526.337789}, "device": "cpu", "nd_range": {"device_start": 2167300.5447250763, "device_end": 2167300.5447920794}, "cmdq": 2, "read": {"device_start": -1, "device_end": -1}}, "FFC_sans_bias28": {"write": {"device_start": -1, "host_queued_start": 1585499526.320833, "device_queued": -1, "device_end": -1, "host_queued_end": 1585499526.337789}, "device": "cpu", "nd_range": {"device_start": 2167300.533325829, "device_end": 2167300.535270203}, "cmdq": 2, "read": {"device_start": -1, "device_end": -1}}, "FFC_sans_bias29": {"write": {"device_start": -1, "host_queued_start": 1585499526.321341, "device_queued": -1, "device_end": -1, "host_queued_end": 1585499526.337789}, "device": "cpu", "nd_range": {"device_start": 2167300.5335441153, "device_end": 2167300.5354793333}, "cmdq": 3, "read": {"device_start": -1, "device_end": -1}}, "empty17": {"write": {"device_start": -1, "host_queued_start": 1585499526.313223, "device_queued": -1, "device_end": -1, "host_queued_end": 1585499526.337789}, "device": "cpu", "nd_range": {"device_start": 2167300.527383596, "device_end": 2167300.5273955883}, "cmdq": 1, "read": {"device_start": -1, "device_end": -1}}, "softmax59": {"write": {"device_start": -1, "host_queued_start": 1585499526.332261, "device_queued": -1, "device_end": -1, "host_queued_end": 1585499526.337789}, "device": "cpu", "nd_range": {"device_start": 2167300.551082593, "device_end": 2167300.551223155}, "cmdq": 3, "read": {"device_start": -1, "device_end": -1}}, "empty71": {"write": {"device_start": 1585499463.4123147, "host_queued_start": 1585499526.308564, "device_queued": 1585499463.4122913, "device_end": 1585499463.4123235, "host_queued_end": 1585499526.312044}, "device": "gpu", "nd_range": {"device_start": 1585499463.412325, "device_end": 1585499463.412337}, "cmdq": 0, "read": {"device_start": -1, "device_end": -1}}, "empty35": {"write": {"device_start": -1, "host_queued_start": 1585499526.31404, "device_queued": -1, "device_end": -1, "host_queued_end": 1585499526.337789}, "device": "cpu", "nd_range": {"device_start": 2167300.52937434, "device_end": 2167300.529375468}, "cmdq": 3, "read": {"device_start": -1, "device_end": -1}}, "empty53": {"write": {"device_start": -1, "host_queued_start": 1585499526.314883, "device_queued": -1, "device_end": -1, "host_queued_end": 1585499526.337789}, "device": "cpu", "nd_range": {"device_start": 2167300.527415636, "device_end": 2167300.52741663}, "cmdq": 0, "read": {"device_start": -1, "device_end": -1}}, "FFC_sans_bias46": {"write": {"device_start": -1, "host_queued_start": 1585499526.323901, "device_queued": -1, "device_end": -1, "host_queued_end": 1585499526.337789}, "device": "cpu", "nd_range": {"device_start": 2167300.53549557, "device_end": 2167300.537483417}, "cmdq": 3, "read": {"device_start": -1, "device_end": -1}}, "coalesced_transpose66": {"write": {"device_start": -1, "host_queued_start": 1585499526.310678, "device_queued": -1, "device_end": -1, "host_queued_end": 1585499526.312044}, "device": "gpu", "nd_range": {"device_start": 1585499463.4127169, "device_end": 1585499463.4127219}, "cmdq": 0, "read": {"device_start": -1, "device_end": -1}}, "coalesced_transpose48": {"write": {"device_start": -1, "host_queued_start": 1585499526.327763, "device_queued": -1, "device_end": -1, "host_queued_end": 1585499526.337789}, "device": "cpu", "nd_range": {"device_start": 2167300.537566718, "device_end": 2167300.537685384}, "cmdq": 3, "read": {"device_start": -1, "device_end": -1}}}