{"FFC_sans_bias60": {"write": {"device_start": -1, "host_queued_start": 1585499898.234092, "device_queued": -1, "device_end": -1, "host_queued_end": 1585499898.237543}, "device": "gpu", "nd_range": {"device_start": 1585499835.328666, "device_end": 1585499835.3289232}, "cmdq": 1, "read": {"device_start": -1, "device_end": -1}}, "FFC_sans_bias4": {"write": {"device_start": -1, "host_queued_start": 1585499898.243131, "device_queued": -1, "device_end": -1, "host_queued_end": 1585499898.24572}, "device": "cpu", "nd_range": {"device_start": 2167672.438959185, "device_end": 2167672.4399837973}, "cmdq": 1, "read": {"device_start": -1, "device_end": -1}}, "FFC_sans_bias7": {"write": {"device_start": -1, "host_queued_start": 1585499898.245197, "device_queued": -1, "device_end": -1, "host_queued_end": 1585499898.24572}, "device": "cpu", "nd_range": {"device_start": 2167672.441423411, "device_end": 2167672.4425144163}, "cmdq": 1, "read": {"device_start": -1, "device_end": -1}}, "FFC_sans_bias6": {"write": {"device_start": -1, "host_queued_start": 1585499898.244319, "device_queued": -1, "device_end": -1, "host_queued_end": 1585499898.24572}, "device": "cpu", "nd_range": {"device_start": 2167672.440352836, "device_end": 2167672.441413675}, "cmdq": 2, "read": {"device_start": -1, "device_end": -1}}, "FFC_sans_bias1": {"write": {"device_start": -1, "host_queued_start": 1585499898.239952, "device_queued": -1, "device_end": -1, "host_queued_end": 1585499898.24572}, "device": "cpu", "nd_range": {"device_start": 2167672.435317357, "device_end": 2167672.436996288}, "cmdq": 0, "read": {"device_start": -1, "device_end": -1}}, "FFC_sans_bias0": {"write": {"device_start": -1, "host_queued_start": 1585499898.239396, "device_queued": -1, "device_end": -1, "host_queued_end": 1585499898.24572}, "device": "cpu", "nd_range": {"device_start": 2167672.435320125, "device_end": 2167672.436453993}, "cmdq": 2, "read": {"device_start": -1, "device_end": -1}}, "FFC_sans_bias2": {"write": {"device_start": -1, "host_queued_start": 1585499898.240572, "device_queued": -1, "device_end": -1, "host_queued_end": 1585499898.24572}, "device": "cpu", "nd_range": {"device_start": 2167672.435315742, "device_end": 2167672.436903627}, "cmdq": 1, "read": {"device_start": -1, "device_end": -1}}, "FFC_sans_bias61": {"write": {"device_start": 1585499835.3290231, "host_queued_start": 1585499898.236883, "device_queued": 1585499835.32853, "device_end": 1585499835.3290317, "host_queued_end": 1585499898.237543}, "device": "gpu", "nd_range": {"device_start": 1585499835.3290398, "device_end": 1585499835.3292406}, "cmdq": 2, "read": {"device_start": 1585499835.329245, "device_end": 1585499835.3292642}}, "FFC_sans_bias52": {"write": {"device_start": 1585499835.3289242, "host_queued_start": 1585499898.236386, "device_queued": 1585499835.3284883, "device_end": 1585499835.328933, "host_queued_end": 1585499898.237543}, "device": "gpu", "nd_range": {"device_start": 1585499835.3289354, "device_end": 1585499835.3292072}, "cmdq": 1, "read": {"device_start": 1585499835.329225, "device_end": 1585499835.329238}}, "FFC_sans_bias9": {"write": {"device_start": -1, "host_queued_start": 1585499898.241185, "device_queued": -1, "device_end": -1, "host_queued_end": 1585499898.24572}, "device": "cpu", "nd_range": {"device_start": 2167672.436848375, "device_end": 2167672.438291777}, "cmdq": 2, "read": {"device_start": -1, "device_end": -1}}, "coalesced_transpose39": {"write": {"device_start": -1, "host_queued_start": 1585499898.228716, "device_queued": -1, "device_end": -1, "host_queued_end": 1585499898.237543}, "device": "gpu", "nd_range": {"device_start": 1585499835.3279803, "device_end": 1585499835.3280656}, "cmdq": 1, "read": {"device_start": -1, "device_end": -1}}, "FFC_sans_bias55": {"write": {"device_start": 1585499835.3276458, "host_queued_start": 1585499898.226375, "device_queued": 1585499835.327608, "device_end": 1585499835.3276546, "host_queued_end": 1585499898.237543}, "device": "gpu", "nd_range": {"device_start": 1585499835.327656, "device_end": 1585499835.3279517}, "cmdq": 0, "read": {"device_start": -1, "device_end": -1}}, "FFC_sans_bias54": {"write": {"device_start": 1585499835.3275657, "host_queued_start": 1585499898.22589, "device_queued": 1585499835.3274338, "device_end": 1585499835.3275743, "host_queued_end": 1585499898.237543}, "device": "gpu", "nd_range": {"device_start": 1585499835.327604, "device_end": 1585499835.3278658}, "cmdq": 4, "read": {"device_start": -1, "device_end": -1}}, "FFC_sans_bias56": {"write": {"device_start": 1585499835.3274753, "host_queued_start": 1585499898.225394, "device_queued": 1585499835.3274102, "device_end": 1585499835.327484, "host_queued_end": 1585499898.237543}, "device": "gpu", "nd_range": {"device_start": 1585499835.3275876, "device_end": 1585499835.327776}, "cmdq": 3, "read": {"device_start": -1, "device_end": -1}}, "FFC_sans_bias51": {"write": {"device_start": -1, "host_queued_start": 1585499898.233811, "device_queued": -1, "device_end": -1, "host_queued_end": 1585499898.237543}, "device": "gpu", "nd_range": {"device_start": 1585499835.328628, "device_end": 1585499835.3288357}, "cmdq": 0, "read": {"device_start": -1, "device_end": -1}}, "softmax23": {"write": {"device_start": -1, "host_queued_start": 1585499898.231556, "device_queued": -1, "device_end": -1, "host_queued_end": 1585499898.237543}, "device": "gpu", "nd_range": {"device_start": 1585499835.3282542, "device_end": 1585499835.3285022}, "cmdq": 1, "read": {"device_start": -1, "device_end": -1}}, "FFC_sans_bias37": {"write": {"device_start": 1585499835.3272135, "host_queued_start": 1585499898.222925, "device_queued": 1585499835.3271897, "device_end": 1585499835.327224, "host_queued_end": 1585499898.237543}, "device": "gpu", "nd_range": {"device_start": 1585499835.3272755, "device_end": 1585499835.3274732}, "cmdq": 3, "read": {"device_start": -1, "device_end": -1}}, "empty62": {"write": {"device_start": 1585499835.3267143, "host_queued_start": 1585499898.218295, "device_queued": 1585499835.3266897, "device_end": 1585499835.3267229, "host_queued_end": 1585499898.237543}, "device": "gpu", "nd_range": {"device_start": 1585499835.326745, "device_end": 1585499835.3267484}, "cmdq": 4, "read": {"device_start": -1, "device_end": -1}}, "FFC_sans_bias70": {"write": {"device_start": 1585499835.3291085, "host_queued_start": 1585499898.237442, "device_queued": 1585499835.3286164, "device_end": 1585499835.3291173, "host_queued_end": 1585499898.237543}, "device": "gpu", "nd_range": {"device_start": 1585499835.3291197, "device_end": 1585499835.329281}, "cmdq": 3, "read": {"device_start": 1585499835.3292904, "device_end": 1585499835.329297}}, "FFC_sans_bias58": {"write": {"device_start": -1, "host_queued_start": 1585499898.231032, "device_queued": -1, "device_end": -1, "host_queued_end": 1585499898.237543}, "device": "gpu", "nd_range": {"device_start": 1585499835.3281004, "device_end": 1585499835.3284204}, "cmdq": 4, "read": {"device_start": -1, "device_end": -1}}, "softmax41": {"write": {"device_start": -1, "host_queued_start": 1585499898.232002, "device_queued": -1, "device_end": -1, "host_queued_end": 1585499898.237543}, "device": "gpu", "nd_range": {"device_start": 1585499835.328434, "device_end": 1585499835.328531}, "cmdq": 3, "read": {"device_start": -1, "device_end": -1}}, "FFC_sans_bias11": {"write": {"device_start": -1, "host_queued_start": 1585499898.242192, "device_queued": -1, "device_end": -1, "host_queued_end": 1585499898.24572}, "device": "cpu", "nd_range": {"device_start": 2167672.4369089804, "device_end": 2167672.438908053}, "cmdq": 1, "read": {"device_start": -1, "device_end": -1}}, "FFC_sans_bias10": {"write": {"device_start": -1, "host_queued_start": 1585499898.241684, "device_queued": -1, "device_end": -1, "host_queued_end": 1585499898.24572}, "device": "cpu", "nd_range": {"device_start": 2167672.437005104, "device_end": 2167672.43856202}, "cmdq": 0, "read": {"device_start": -1, "device_end": -1}}, "coalesced_transpose3": {"write": {"device_start": -1, "host_queued_start": 1585499898.242492, "device_queued": -1, "device_end": -1, "host_queued_end": 1585499898.24572}, "device": "cpu", "nd_range": {"device_start": 2167672.438406318, "device_end": 2167672.438460345}, "cmdq": 2, "read": {"device_start": -1, "device_end": -1}}, "FFC_sans_bias34": {"write": {"device_start": 1585499835.3287506, "host_queued_start": 1585499898.235393, "device_queued": 1585499835.3282893, "device_end": 1585499835.3287594, "host_queued_end": 1585499898.237543}, "device": "gpu", "nd_range": {"device_start": 1585499835.3287618, "device_end": 1585499835.3289416}, "cmdq": 4, "read": {"device_start": 1585499835.3289537, "device_end": 1585499835.3289611}}, "FFC_sans_bias15": {"write": {"device_start": -1, "host_queued_start": 1585499898.244677, "device_queued": -1, "device_end": -1, "host_queued_end": 1585499898.24572}, "device": "cpu", "nd_range": {"device_start": 2167672.440352228, "device_end": 2167672.4413183993}, "cmdq": 0, "read": {"device_start": -1, "device_end": -1}}, "FFC_sans_bias31": {"write": {"device_start": -1, "host_queued_start": 1585499898.230131, "device_queued": -1, "device_end": -1, "host_queued_end": 1585499898.237543}, "device": "gpu", "nd_range": {"device_start": 1585499835.3280861, "device_end": 1585499835.3282511}, "cmdq": 1, "read": {"device_start": -1, "device_end": -1}}, "FFC_sans_bias16": {"write": {"device_start": -1, "host_queued_start": 1585499898.245672, "device_queued": -1, "device_end": -1, "host_queued_end": 1585499898.24572}, "device": "cpu", "nd_range": {"device_start": 2167672.4414356994, "device_end": 2167672.442437456}, "cmdq": 2, "read": {"device_start": -1, "device_end": -1}}, "FFC_sans_bias19": {"write": {"device_start": 1585499835.3268452, "host_queued_start": 1585499898.219747, "device_queued": 1585499835.3268194, "device_end": 1585499835.326854, "host_queued_end": 1585499898.237543}, "device": "gpu", "nd_range": {"device_start": 1585499835.3269374, "device_end": 1585499835.3271117}, "cmdq": 2, "read": {"device_start": -1, "device_end": -1}}, "FFC_sans_bias18": {"write": {"device_start": 1585499835.3268178, "host_queued_start": 1585499898.219253, "device_queued": 1585499835.3267941, "device_end": 1585499835.326827, "host_queued_end": 1585499898.237543}, "device": "gpu", "nd_range": {"device_start": 1585499835.3269162, "device_end": 1585499835.3270268}, "cmdq": 1, "read": {"device_start": -1, "device_end": -1}}, "coalesced_transpose30": {"write": {"device_start": -1, "host_queued_start": 1585499898.228441, "device_queued": -1, "device_end": -1, "host_queued_end": 1585499898.237543}, "device": "gpu", "nd_range": {"device_start": 1585499835.327953, "device_end": 1585499835.3280623}, "cmdq": 0, "read": {"device_start": -1, "device_end": -1}}, "FFC_sans_bias69": {"write": {"device_start": -1, "host_queued_start": 1585499898.234386, "device_queued": -1, "device_end": -1, "host_queued_end": 1585499898.237543}, "device": "gpu", "nd_range": {"device_start": 1585499835.3287709, "device_end": 1585499835.3290222}, "cmdq": 2, "read": {"device_start": -1, "device_end": -1}}, "FFC_sans_bias38": {"write": {"device_start": 1585499835.327239, "host_queued_start": 1585499898.223434, "device_queued": 1585499835.3272142, "device_end": 1585499835.3272476, "host_queued_end": 1585499898.237543}, "device": "gpu", "nd_range": {"device_start": 1585499835.3272884, "device_end": 1585499835.3275635}, "cmdq": 4, "read": {"device_start": -1, "device_end": -1}}, "coalesced_transpose57": {"write": {"device_start": -1, "host_queued_start": 1585499898.229257, "device_queued": -1, "device_end": -1, "host_queued_end": 1585499898.237543}, "device": "gpu", "nd_range": {"device_start": 1585499835.3280804, "device_end": 1585499835.3280942}, "cmdq": 3, "read": {"device_start": -1, "device_end": -1}}, "empty26": {"write": {"device_start": 1585499835.326551, "host_queued_start": 1585499898.216465, "device_queued": 1585499835.3265092, "device_end": 1585499835.3265593, "host_queued_end": 1585499898.237543}, "device": "gpu", "nd_range": {"device_start": 1585499835.3265808, "device_end": 1585499835.3266022}, "cmdq": 0, "read": {"device_start": -1, "device_end": -1}}, "coalesced_transpose12": {"write": {"device_start": -1, "host_queued_start": 1585499898.242801, "device_queued": -1, "device_end": -1, "host_queued_end": 1585499898.24572}, "device": "cpu", "nd_range": {"device_start": 2167672.438624258, "device_end": 2167672.438652491}, "cmdq": 0, "read": {"device_start": -1, "device_end": -1}}, "empty44": {"write": {"device_start": 1585499835.32666, "host_queued_start": 1585499898.217479, "device_queued": 1585499835.3266354, "device_end": 1585499835.3266687, "host_queued_end": 1585499898.237543}, "device": "gpu", "nd_range": {"device_start": 1585499835.3267295, "device_end": 1585499835.3267336}, "cmdq": 2, "read": {"device_start": -1, "device_end": -1}}, "coalesced_transpose21": {"write": {"device_start": -1, "host_queued_start": 1585499898.228172, "device_queued": -1, "device_end": -1, "host_queued_end": 1585499898.237543}, "device": "gpu", "nd_range": {"device_start": 1585499835.327867, "device_end": 1585499835.328058}, "cmdq": 4, "read": {"device_start": -1, "device_end": -1}}, "FFC_sans_bias36": {"write": {"device_start": 1585499835.3271859, "host_queued_start": 1585499898.222368, "device_queued": 1585499835.3271596, "device_end": 1585499835.3271945, "host_queued_end": 1585499898.237543}, "device": "gpu", "nd_range": {"device_start": 1585499835.3272636, "device_end": 1585499835.327445}, "cmdq": 2, "read": {"device_start": -1, "device_end": -1}}, "softmax14": {"write": {"device_start": -1, "host_queued_start": 1585499898.243985, "device_queued": -1, "device_end": -1, "host_queued_end": 1585499898.24572}, "device": "cpu", "nd_range": {"device_start": 2167672.4401276303, "device_end": 2167672.440185915}, "cmdq": 1, "read": {"device_start": -1, "device_end": -1}}, "FFC_sans_bias13": {"write": {"device_start": -1, "host_queued_start": 1585499898.243472, "device_queued": -1, "device_end": -1, "host_queued_end": 1585499898.24572}, "device": "cpu", "nd_range": {"device_start": 2167672.438662678, "device_end": 2167672.439632379}, "cmdq": 2, "read": {"device_start": -1, "device_end": -1}}, "empty8": {"write": {"device_start": -1, "host_queued_start": 1585499898.238284, "device_queued": -1, "device_end": -1, "host_queued_end": 1585499898.24572}, "device": "cpu", "nd_range": {"device_start": 2167672.4352941723, "device_end": 2167672.4352995004}, "cmdq": 0, "read": {"device_start": -1, "device_end": -1}}, "FFC_sans_bias42": {"write": {"device_start": -1, "host_queued_start": 1585499898.233524, "device_queued": -1, "device_end": -1, "host_queued_end": 1585499898.237543}, "device": "gpu", "nd_range": {"device_start": 1585499835.328542, "device_end": 1585499835.328744}, "cmdq": 4, "read": {"device_start": -1, "device_end": -1}}, "FFC_sans_bias43": {"write": {"device_start": 1585499835.328837, "host_queued_start": 1585499898.235893, "device_queued": 1585499835.3283896, "device_end": 1585499835.3288455, "host_queued_end": 1585499898.237543}, "device": "gpu", "nd_range": {"device_start": 1585499835.328848, "device_end": 1585499835.3291306}, "cmdq": 0, "read": {"device_start": 1585499835.3291337, "device_end": 1585499835.3291407}}, "FFC_sans_bias40": {"write": {"device_start": -1, "host_queued_start": 1585499898.230426, "device_queued": -1, "device_end": -1, "host_queued_end": 1585499898.237543}, "device": "gpu", "nd_range": {"device_start": 1585499835.3280919, "device_end": 1585499835.3283067}, "cmdq": 2, "read": {"device_start": -1, "device_end": -1}}, "softmax32": {"write": {"device_start": -1, "host_queued_start": 1585499898.231776, "device_queued": -1, "device_end": -1, "host_queued_end": 1585499898.237543}, "device": "gpu", "nd_range": {"device_start": 1585499835.3284304, "device_end": 1585499835.3285244}, "cmdq": 2, "read": {"device_start": -1, "device_end": -1}}, "FFC_sans_bias47": {"write": {"device_start": 1585499835.3274488, "host_queued_start": 1585499898.224909, "device_queued": 1585499835.327367, "device_end": 1585499835.3274577, "host_queued_end": 1585499898.237543}, "device": "gpu", "nd_range": {"device_start": 1585499835.3274875, "device_end": 1585499835.3277566}, "cmdq": 2, "read": {"device_start": -1, "device_end": -1}}, "FFC_sans_bias45": {"write": {"device_start": 1585499835.327316, "host_queued_start": 1585499898.223922, "device_queued": 1585499835.327293, "device_end": 1585499835.3273249, "host_queued_end": 1585499898.237543}, "device": "gpu", "nd_range": {"device_start": 1585499835.3273351, "device_end": 1585499835.3276436}, "cmdq": 0, "read": {"device_start": -1, "device_end": -1}}, "softmax50": {"write": {"device_start": -1, "host_queued_start": 1585499898.232228, "device_queued": -1, "device_end": -1, "host_queued_end": 1585499898.237543}, "device": "gpu", "nd_range": {"device_start": 1585499835.3284247, "device_end": 1585499835.3285108}, "cmdq": 4, "read": {"device_start": -1, "device_end": -1}}, "FFC_sans_bias33": {"write": {"device_start": -1, "host_queued_start": 1585499898.233233, "device_queued": -1, "device_end": -1, "host_queued_end": 1585499898.237543}, "device": "gpu", "nd_range": {"device_start": 1585499835.3285348, "device_end": 1585499835.3287265}, "cmdq": 3, "read": {"device_start": -1, "device_end": -1}}, "FFC_sans_bias63": {"write": {"device_start": 1585499835.3277783, "host_queued_start": 1585499898.227871, "device_queued": 1585499835.327699, "device_end": 1585499835.327787, "host_queued_end": 1585499898.237543}, "device": "gpu", "nd_range": {"device_start": 1585499835.3277879, "device_end": 1585499835.3280787}, "cmdq": 3, "read": {"device_start": -1, "device_end": -1}}, "FFC_sans_bias49": {"write": {"device_start": -1, "host_queued_start": 1585499898.230751, "device_queued": -1, "device_end": -1, "host_queued_end": 1585499898.237543}, "device": "gpu", "nd_range": {"device_start": 1585499835.3280973, "device_end": 1585499835.3283777}, "cmdq": 3, "read": {"device_start": -1, "device_end": -1}}, "FFC_sans_bias64": {"write": {"device_start": 1585499835.3276725, "host_queued_start": 1585499898.22689, "device_queued": 1585499835.3276513, "device_end": 1585499835.327681, "host_queued_end": 1585499898.237543}, "device": "gpu", "nd_range": {"device_start": 1585499835.3277478, "device_end": 1585499835.3279734}, "cmdq": 1, "read": {"device_start": -1, "device_end": -1}}, "FFC_sans_bias65": {"write": {"device_start": 1585499835.3277588, "host_queued_start": 1585499898.22739, "device_queued": 1585499835.3276734, "device_end": 1585499835.3277671, "host_queued_end": 1585499898.237543}, "device": "gpu", "nd_range": {"device_start": 1585499835.3277683, "device_end": 1585499835.3280685}, "cmdq": 2, "read": {"device_start": -1, "device_end": -1}}, "FFC_sans_bias67": {"write": {"device_start": -1, "host_queued_start": 1585499898.231324, "device_queued": -1, "device_end": -1, "host_queued_end": 1585499898.237543}, "device": "gpu", "nd_range": {"device_start": 1585499835.3281777, "device_end": 1585499835.3284905}, "cmdq": 0, "read": {"device_start": -1, "device_end": -1}}, "FFC_sans_bias24": {"write": {"device_start": -1, "host_queued_start": 1585499898.232951, "device_queued": -1, "device_end": -1, "host_queued_end": 1585499898.237543}, "device": "gpu", "nd_range": {"device_start": 1585499835.3285282, "device_end": 1585499835.3286414}, "cmdq": 2, "read": {"device_start": -1, "device_end": -1}}, "FFC_sans_bias25": {"write": {"device_start": 1585499835.3287292, "host_queued_start": 1585499898.234895, "device_queued": 1585499835.3283153, "device_end": 1585499835.328738, "host_queued_end": 1585499898.237543}, "device": "gpu", "nd_range": {"device_start": 1585499835.3287764, "device_end": 1585499835.329046}, "cmdq": 3, "read": {"device_start": 1585499835.329048, "device_end": 1585499835.3290634}}, "FFC_sans_bias27": {"write": {"device_start": 1585499835.3269038, "host_queued_start": 1585499898.22088, "device_queued": 1585499835.3268774, "device_end": 1585499835.3269124, "host_queued_end": 1585499898.237543}, "device": "gpu", "nd_range": {"device_start": 1585499835.326963, "device_end": 1585499835.327227}, "cmdq": 4, "read": {"device_start": -1, "device_end": -1}}, "FFC_sans_bias20": {"write": {"device_start": 1585499835.3268752, "host_queued_start": 1585499898.220248, "device_queued": 1585499835.3268485, "device_end": 1585499835.3268845, "host_queued_end": 1585499898.237543}, "device": "gpu", "nd_range": {"device_start": 1585499835.3269498, "device_end": 1585499835.3271449}, "cmdq": 3, "read": {"device_start": -1, "device_end": -1}}, "FFC_sans_bias22": {"write": {"device_start": -1, "host_queued_start": 1585499898.229852, "device_queued": -1, "device_end": -1, "host_queued_end": 1585499898.237543}, "device": "gpu", "nd_range": {"device_start": 1585499835.3280632, "device_end": 1585499835.3281753}, "cmdq": 0, "read": {"device_start": -1, "device_end": -1}}, "softmax68": {"write": {"device_start": -1, "host_queued_start": 1585499898.232662, "device_queued": -1, "device_end": -1, "host_queued_end": 1585499898.237543}, "device": "gpu", "nd_range": {"device_start": 1585499835.3285067, "device_end": 1585499835.3286617}, "cmdq": 1, "read": {"device_start": -1, "device_end": -1}}, "softmax5": {"write": {"device_start": -1, "host_queued_start": 1585499898.243737, "device_queued": -1, "device_end": -1, "host_queued_end": 1585499898.24572}, "device": "cpu", "nd_range": {"device_start": 2167672.440112701, "device_end": 2167672.4401709423}, "cmdq": 0, "read": {"device_start": -1, "device_end": -1}}, "FFC_sans_bias28": {"write": {"device_start": 1585499835.3269937, "host_queued_start": 1585499898.221378, "device_queued": 1585499835.3269687, "device_end": 1585499835.3270023, "host_queued_end": 1585499898.237543}, "device": "gpu", "nd_range": {"device_start": 1585499835.3270075, "device_end": 1585499835.3272662}, "cmdq": 0, "read": {"device_start": -1, "device_end": -1}}, "FFC_sans_bias29": {"write": {"device_start": 1585499835.3271506, "host_queued_start": 1585499898.221875, "device_queued": 1585499835.3271253, "device_end": 1585499835.3271594, "host_queued_end": 1585499898.237543}, "device": "gpu", "nd_range": {"device_start": 1585499835.3272505, "device_end": 1585499835.3273585}, "cmdq": 1, "read": {"device_start": -1, "device_end": -1}}, "empty17": {"write": {"device_start": -1, "host_queued_start": 1585499898.238819, "device_queued": -1, "device_end": -1, "host_queued_end": 1585499898.24572}, "device": "cpu", "nd_range": {"device_start": 2167672.435288052, "device_end": 2167672.4352995153}, "cmdq": 1, "read": {"device_start": -1, "device_end": -1}}, "softmax59": {"write": {"device_start": -1, "host_queued_start": 1585499898.232437, "device_queued": -1, "device_end": -1, "host_queued_end": 1585499898.237543}, "device": "gpu", "nd_range": {"device_start": 1585499835.3284926, "device_end": 1585499835.328622}, "cmdq": 0, "read": {"device_start": -1, "device_end": -1}}, "empty71": {"write": {"device_start": 1585499835.3267782, "host_queued_start": 1585499898.218732, "device_queued": 1585499835.3267524, "device_end": 1585499835.326787, "host_queued_end": 1585499898.237543}, "device": "gpu", "nd_range": {"device_start": 1585499835.3267882, "device_end": 1585499835.3267918}, "cmdq": 0, "read": {"device_start": -1, "device_end": -1}}, "empty35": {"write": {"device_start": 1585499835.3266332, "host_queued_start": 1585499898.217067, "device_queued": 1585499835.3266068, "device_end": 1585499835.3266425, "host_queued_end": 1585499898.237543}, "device": "gpu", "nd_range": {"device_start": 1585499835.326725, "device_end": 1585499835.3267322}, "cmdq": 1, "read": {"device_start": -1, "device_end": -1}}, "empty53": {"write": {"device_start": 1585499835.3266866, "host_queued_start": 1585499898.217877, "device_queued": 1585499835.3266618, "device_end": 1585499835.3266952, "host_queued_end": 1585499898.237543}, "device": "gpu", "nd_range": {"device_start": 1585499835.3267374, "device_end": 1585499835.3267407}, "cmdq": 3, "read": {"device_start": -1, "device_end": -1}}, "FFC_sans_bias46": {"write": {"device_start": 1585499835.3273666, "host_queued_start": 1585499898.224411, "device_queued": 1585499835.3273413, "device_end": 1585499835.3273804, "host_queued_end": 1585499898.237543}, "device": "gpu", "nd_range": {"device_start": 1585499835.3274708, "device_end": 1585499835.3276668}, "cmdq": 1, "read": {"device_start": -1, "device_end": -1}}, "coalesced_transpose66": {"write": {"device_start": -1, "host_queued_start": 1585499898.229556, "device_queued": -1, "device_end": -1, "host_queued_end": 1585499898.237543}, "device": "gpu", "nd_range": {"device_start": 1585499835.3280597, "device_end": 1585499835.3280725}, "cmdq": 4, "read": {"device_start": -1, "device_end": -1}}, "coalesced_transpose48": {"write": {"device_start": -1, "host_queued_start": 1585499898.228993, "device_queued": -1, "device_end": -1, "host_queued_end": 1585499898.237543}, "device": "gpu", "nd_range": {"device_start": 1585499835.3280694, "device_end": 1585499835.3280888}, "cmdq": 2, "read": {"device_start": -1, "device_end": -1}}}