{"FFC_sans_bias60": {"write": {"device_start": -1, "host_queued_start": 1585499606.501181, "device_queued": -1, "device_end": -1, "host_queued_end": 1585499606.503094}, "device": "gpu", "nd_range": {"device_start": 1585499543.6021314, "device_end": 1585499543.6022441}, "cmdq": 0, "read": {"device_start": -1, "device_end": -1}}, "FFC_sans_bias4": {"write": {"device_start": -1, "host_queued_start": 1585499606.515113, "device_queued": -1, "device_end": -1, "host_queued_end": 1585499606.521587}, "device": "cpu", "nd_range": {"device_start": 2167380.719215836, "device_end": 2167380.7206681613}, "cmdq": 1, "read": {"device_start": -1, "device_end": -1}}, "FFC_sans_bias7": {"write": {"device_start": -1, "host_queued_start": 1585499606.519743, "device_queued": -1, "device_end": -1, "host_queued_end": 1585499606.521587}, "device": "cpu", "nd_range": {"device_start": 2167380.725278348, "device_end": 2167380.726239431}, "cmdq": 0, "read": {"device_start": -1, "device_end": -1}}, "FFC_sans_bias6": {"write": {"device_start": -1, "host_queued_start": 1585499606.517964, "device_queued": -1, "device_end": -1, "host_queued_end": 1585499606.521587}, "device": "cpu", "nd_range": {"device_start": 2167380.7235878333, "device_end": 2167380.725040648}, "cmdq": 3, "read": {"device_start": -1, "device_end": -1}}, "FFC_sans_bias1": {"write": {"device_start": -1, "host_queued_start": 1585499606.506611, "device_queued": -1, "device_end": -1, "host_queued_end": 1585499606.521587}, "device": "cpu", "nd_range": {"device_start": 2167380.711204655, "device_end": 2167380.713192487}, "cmdq": 2, "read": {"device_start": -1, "device_end": -1}}, "FFC_sans_bias0": {"write": {"device_start": -1, "host_queued_start": 1585499606.50609, "device_queued": -1, "device_end": -1, "host_queued_end": 1585499606.521587}, "device": "cpu", "nd_range": {"device_start": 2167380.711235028, "device_end": 2167380.71319229}, "cmdq": 1, "read": {"device_start": -1, "device_end": -1}}, "FFC_sans_bias2": {"write": {"device_start": -1, "host_queued_start": 1585499606.507126, "device_queued": -1, "device_end": -1, "host_queued_end": 1585499606.521587}, "device": "cpu", "nd_range": {"device_start": 2167380.7112167543, "device_end": 2167380.713160896}, "cmdq": 3, "read": {"device_start": -1, "device_end": -1}}, "FFC_sans_bias61": {"write": {"device_start": 1585499543.6023133, "host_queued_start": 1585499606.502452, "device_queued": 1585499543.601778, "device_end": 1585499543.6023219, "host_queued_end": 1585499606.503094}, "device": "gpu", "nd_range": {"device_start": 1585499543.602323, "device_end": 1585499543.6024423}, "cmdq": 1, "read": {"device_start": 1585499543.602446, "device_end": 1585499543.6024537}}, "FFC_sans_bias52": {"write": {"device_start": 1585499543.6022453, "host_queued_start": 1585499606.501942, "device_queued": 1585499543.6017492, "device_end": 1585499543.6022537, "host_queued_end": 1585499606.503094}, "device": "gpu", "nd_range": {"device_start": 1585499543.6022549, "device_end": 1585499543.602366}, "cmdq": 0, "read": {"device_start": 1585499543.6023731, "device_end": 1585499543.602382}}, "FFC_sans_bias9": {"write": {"device_start": -1, "host_queued_start": 1585499606.507628, "device_queued": -1, "device_end": -1, "host_queued_end": 1585499606.521587}, "device": "cpu", "nd_range": {"device_start": 2167380.7113568853, "device_end": 2167380.7133015273}, "cmdq": 0, "read": {"device_start": -1, "device_end": -1}}, "coalesced_transpose39": {"write": {"device_start": -1, "host_queued_start": 1585499606.514785, "device_queued": -1, "device_end": -1, "host_queued_end": 1585499606.521587}, "device": "cpu", "nd_range": {"device_start": 2167380.719346479, "device_end": 2167380.719415185}, "cmdq": 0, "read": {"device_start": -1, "device_end": -1}}, "FFC_sans_bias55": {"write": {"device_start": 1585499543.601395, "host_queued_start": 1585499606.496563, "device_queued": 1585499543.6012375, "device_end": 1585499543.6014035, "host_queued_end": 1585499606.503094}, "device": "gpu", "nd_range": {"device_start": 1585499543.6014047, "device_end": 1585499543.601514}, "cmdq": 0, "read": {"device_start": -1, "device_end": -1}}, "FFC_sans_bias54": {"write": {"device_start": 1585499543.6013117, "host_queued_start": 1585499606.496073, "device_queued": 1585499543.601192, "device_end": 1585499543.60132, "host_queued_end": 1585499606.503094}, "device": "gpu", "nd_range": {"device_start": 1585499543.6013212, "device_end": 1585499543.6014693}, "cmdq": 1, "read": {"device_start": -1, "device_end": -1}}, "FFC_sans_bias56": {"write": {"device_start": 1585499543.6012483, "host_queued_start": 1585499606.495586, "device_queued": 1585499543.6011539, "device_end": 1585499543.6012568, "host_queued_end": 1585499606.503094}, "device": "gpu", "nd_range": {"device_start": 1585499543.601258, "device_end": 1585499543.6013927}, "cmdq": 0, "read": {"device_start": -1, "device_end": -1}}, "FFC_sans_bias51": {"write": {"device_start": -1, "host_queued_start": 1585499606.500894, "device_queued": -1, "device_end": -1, "host_queued_end": 1585499606.503094}, "device": "gpu", "nd_range": {"device_start": 1585499543.602047, "device_end": 1585499543.6021564}, "cmdq": 1, "read": {"device_start": -1, "device_end": -1}}, "softmax23": {"write": {"device_start": -1, "host_queued_start": 1585499606.51713, "device_queued": -1, "device_end": -1, "host_queued_end": 1585499606.521587}, "device": "cpu", "nd_range": {"device_start": 2167380.722094796, "device_end": 2167380.7221596693}, "cmdq": 0, "read": {"device_start": -1, "device_end": -1}}, "FFC_sans_bias37": {"write": {"device_start": -1, "host_queued_start": 1585499606.512721, "device_queued": -1, "device_end": -1, "host_queued_end": 1585499606.521587}, "device": "cpu", "nd_range": {"device_start": 2167380.7172052953, "device_end": 2167380.7191358632}, "cmdq": 2, "read": {"device_start": -1, "device_end": -1}}, "empty62": {"write": {"device_start": 1585499543.6010003, "host_queued_start": 1585499606.493093, "device_queued": 1585499543.6009777, "device_end": 1585499543.6010087, "host_queued_end": 1585499606.503094}, "device": "gpu", "nd_range": {"device_start": 1585499543.6010098, "device_end": 1585499543.6010132}, "cmdq": 1, "read": {"device_start": -1, "device_end": -1}}, "FFC_sans_bias70": {"write": {"device_start": 1585499543.6024907, "host_queued_start": 1585499606.502997, "device_queued": 1585499543.601848, "device_end": 1585499543.6024995, "host_queued_end": 1585499606.503094}, "device": "gpu", "nd_range": {"device_start": 1585499543.6025007, "device_end": 1585499543.6026075}, "cmdq": 0, "read": {"device_start": 1585499543.6026106, "device_end": 1585499543.6026175}}, "FFC_sans_bias58": {"write": {"device_start": -1, "host_queued_start": 1585499606.499646, "device_queued": -1, "device_end": -1, "host_queued_end": 1585499606.503094}, "device": "gpu", "nd_range": {"device_start": 1585499543.6017394, "device_end": 1585499543.6019447}, "cmdq": 0, "read": {"device_start": -1, "device_end": -1}}, "softmax41": {"write": {"device_start": -1, "host_queued_start": 1585499606.517631, "device_queued": -1, "device_end": -1, "host_queued_end": 1585499606.521587}, "device": "cpu", "nd_range": {"device_start": 2167380.722250658, "device_end": 2167380.722293978}, "cmdq": 2, "read": {"device_start": -1, "device_end": -1}}, "FFC_sans_bias11": {"write": {"device_start": -1, "host_queued_start": 1585499606.508639, "device_queued": -1, "device_end": -1, "host_queued_end": 1585499606.521587}, "device": "cpu", "nd_range": {"device_start": 2167380.713199709, "device_end": 2167380.715118015}, "cmdq": 2, "read": {"device_start": -1, "device_end": -1}}, "FFC_sans_bias10": {"write": {"device_start": -1, "host_queued_start": 1585499606.508129, "device_queued": -1, "device_end": -1, "host_queued_end": 1585499606.521587}, "device": "cpu", "nd_range": {"device_start": 2167380.713198529, "device_end": 2167380.715205085}, "cmdq": 1, "read": {"device_start": -1, "device_end": -1}}, "coalesced_transpose3": {"write": {"device_start": -1, "host_queued_start": 1585499606.513531, "device_queued": -1, "device_end": -1, "host_queued_end": 1585499606.521587}, "device": "cpu", "nd_range": {"device_start": 2167380.7178561823, "device_end": 2167380.717910626}, "cmdq": 0, "read": {"device_start": -1, "device_end": -1}}, "FFC_sans_bias34": {"write": {"device_start": -1, "host_queued_start": 1585499606.521095, "device_queued": -1, "device_end": -1, "host_queued_end": 1585499606.521587}, "device": "cpu", "nd_range": {"device_start": 2167380.7278567823, "device_end": 2167380.728962032}, "cmdq": 3, "read": {"device_start": -1, "device_end": -1}}, "FFC_sans_bias15": {"write": {"device_start": -1, "host_queued_start": 1585499606.518272, "device_queued": -1, "device_end": -1, "host_queued_end": 1585499606.521587}, "device": "cpu", "nd_range": {"device_start": 2167380.722236481, "device_end": 2167380.723604964}, "cmdq": 0, "read": {"device_start": -1, "device_end": -1}}, "FFC_sans_bias31": {"write": {"device_start": -1, "host_queued_start": 1585499606.516065, "device_queued": -1, "device_end": -1, "host_queued_end": 1585499606.521587}, "device": "cpu", "nd_range": {"device_start": 2167380.720380993, "device_end": 2167380.721583485}, "cmdq": 0, "read": {"device_start": -1, "device_end": -1}}, "FFC_sans_bias16": {"write": {"device_start": -1, "host_queued_start": 1585499606.520197, "device_queued": -1, "device_end": -1, "host_queued_end": 1585499606.521587}, "device": "cpu", "nd_range": {"device_start": 2167380.724317696, "device_end": 2167380.726477092}, "cmdq": 1, "read": {"device_start": -1, "device_end": -1}}, "FFC_sans_bias19": {"write": {"device_start": -1, "host_queued_start": 1585499606.509646, "device_queued": -1, "device_end": -1, "host_queued_end": 1585499606.521587}, "device": "cpu", "nd_range": {"device_start": 2167380.7134659933, "device_end": 2167380.715382811}, "cmdq": 0, "read": {"device_start": -1, "device_end": -1}}, "FFC_sans_bias18": {"write": {"device_start": -1, "host_queued_start": 1585499606.509142, "device_queued": -1, "device_end": -1, "host_queued_end": 1585499606.521587}, "device": "cpu", "nd_range": {"device_start": 2167380.713166147, "device_end": 2167380.7150833723}, "cmdq": 3, "read": {"device_start": -1, "device_end": -1}}, "coalesced_transpose30": {"write": {"device_start": -1, "host_queued_start": 1585499606.514491, "device_queued": -1, "device_end": -1, "host_queued_end": 1585499606.521587}, "device": "cpu", "nd_range": {"device_start": 2167380.7198527614, "device_end": 2167380.719905779}, "cmdq": 3, "read": {"device_start": -1, "device_end": -1}}, "FFC_sans_bias69": {"write": {"device_start": -1, "host_queued_start": 1585499606.501471, "device_queued": -1, "device_end": -1, "host_queued_end": 1585499606.503094}, "device": "gpu", "nd_range": {"device_start": 1585499543.6021588, "device_end": 1585499543.6023118}, "cmdq": 1, "read": {"device_start": -1, "device_end": -1}}, "FFC_sans_bias38": {"write": {"device_start": -1, "host_queued_start": 1585499606.513226, "device_queued": -1, "device_end": -1, "host_queued_end": 1585499606.521587}, "device": "cpu", "nd_range": {"device_start": 2167380.7181738173, "device_end": 2167380.719741397}, "cmdq": 3, "read": {"device_start": -1, "device_end": -1}}, "coalesced_transpose57": {"write": {"device_start": -1, "host_queued_start": 1585499606.498792, "device_queued": -1, "device_end": -1, "host_queued_end": 1585499606.503094}, "device": "gpu", "nd_range": {"device_start": 1585499543.6017275, "device_end": 1585499543.6017358}, "cmdq": 1, "read": {"device_start": -1, "device_end": -1}}, "empty26": {"write": {"device_start": -1, "host_queued_start": 1585499606.504689, "device_queued": -1, "device_end": -1, "host_queued_end": 1585499606.521587}, "device": "cpu", "nd_range": {"device_start": 2167380.711178177, "device_end": 2167380.711185033}, "cmdq": 2, "read": {"device_start": -1, "device_end": -1}}, "coalesced_transpose12": {"write": {"device_start": -1, "host_queued_start": 1585499606.513825, "device_queued": -1, "device_end": -1, "host_queued_end": 1585499606.521587}, "device": "cpu", "nd_range": {"device_start": 2167380.719068116, "device_end": 2167380.7192003983}, "cmdq": 1, "read": {"device_start": -1, "device_end": -1}}, "empty44": {"write": {"device_start": -1, "host_queued_start": 1585499606.505585, "device_queued": -1, "device_end": -1, "host_queued_end": 1585499606.521587}, "device": "cpu", "nd_range": {"device_start": 2167380.711204675, "device_end": 2167380.711205656}, "cmdq": 0, "read": {"device_start": -1, "device_end": -1}}, "coalesced_transpose21": {"write": {"device_start": -1, "host_queued_start": 1585499606.51413, "device_queued": -1, "device_end": -1, "host_queued_end": 1585499606.521587}, "device": "cpu", "nd_range": {"device_start": 2167380.7192595974, "device_end": 2167380.7193133123}, "cmdq": 2, "read": {"device_start": -1, "device_end": -1}}, "FFC_sans_bias36": {"write": {"device_start": -1, "host_queued_start": 1585499606.512217, "device_queued": -1, "device_end": -1, "host_queued_end": 1585499606.521587}, "device": "cpu", "nd_range": {"device_start": 2167380.717861363, "device_end": 2167380.718954464}, "cmdq": 1, "read": {"device_start": -1, "device_end": -1}}, "softmax14": {"write": {"device_start": -1, "host_queued_start": 1585499606.516879, "device_queued": -1, "device_end": -1, "host_queued_end": 1585499606.521587}, "device": "cpu", "nd_range": {"device_start": 2167380.7221728982, "device_end": 2167380.722220202}, "cmdq": 3, "read": {"device_start": -1, "device_end": -1}}, "FFC_sans_bias13": {"write": {"device_start": -1, "host_queued_start": 1585499606.515435, "device_queued": -1, "device_end": -1, "host_queued_end": 1585499606.521587}, "device": "cpu", "nd_range": {"device_start": 2167380.719325115, "device_end": 2167380.722126711}, "cmdq": 2, "read": {"device_start": -1, "device_end": -1}}, "empty8": {"write": {"device_start": -1, "host_queued_start": 1585499606.503753, "device_queued": -1, "device_end": -1, "host_queued_end": 1585499606.521587}, "device": "cpu", "nd_range": {"device_start": 2167380.71117295, "device_end": 2167380.711185004}, "cmdq": 0, "read": {"device_start": -1, "device_end": -1}}, "FFC_sans_bias42": {"write": {"device_start": -1, "host_queued_start": 1585499606.519242, "device_queued": -1, "device_end": -1, "host_queued_end": 1585499606.521587}, "device": "cpu", "nd_range": {"device_start": 2167380.7251546793, "device_end": 2167380.727838762}, "cmdq": 3, "read": {"device_start": -1, "device_end": -1}}, "FFC_sans_bias43": {"write": {"device_start": -1, "host_queued_start": 1585499606.521544, "device_queued": -1, "device_end": -1, "host_queued_end": 1585499606.521587}, "device": "cpu", "nd_range": {"device_start": 2167380.727878098, "device_end": 2167380.729218061}, "cmdq": 0, "read": {"device_start": -1, "device_end": -1}}, "FFC_sans_bias40": {"write": {"device_start": -1, "host_queued_start": 1585499606.516389, "device_queued": -1, "device_end": -1, "host_queued_end": 1585499606.521587}, "device": "cpu", "nd_range": {"device_start": 2167380.7207796522, "device_end": 2167380.722172824}, "cmdq": 1, "read": {"device_start": -1, "device_end": -1}}, "softmax32": {"write": {"device_start": -1, "host_queued_start": 1585499606.517379, "device_queued": -1, "device_end": -1, "host_queued_end": 1585499606.521587}, "device": "cpu", "nd_range": {"device_start": 2167380.722183201, "device_end": 2167380.7222770443}, "cmdq": 1, "read": {"device_start": -1, "device_end": -1}}, "FFC_sans_bias47": {"write": {"device_start": 1585499543.601186, "host_queued_start": 1585499606.49509, "device_queued": 1585499543.6011157, "device_end": 1585499543.6011949, "host_queued_end": 1585499606.503094}, "device": "gpu", "nd_range": {"device_start": 1585499543.6011963, "device_end": 1585499543.6013093}, "cmdq": 1, "read": {"device_start": -1, "device_end": -1}}, "FFC_sans_bias45": {"write": {"device_start": 1585499543.601065, "host_queued_start": 1585499606.494067, "device_queued": 1585499543.6010401, "device_end": 1585499543.6010735, "host_queued_end": 1585499606.503094}, "device": "gpu", "nd_range": {"device_start": 1585499543.6010747, "device_end": 1585499543.6011841}, "cmdq": 1, "read": {"device_start": -1, "device_end": -1}}, "softmax50": {"write": {"device_start": -1, "host_queued_start": 1585499606.500166, "device_queued": -1, "device_end": -1, "host_queued_end": 1585499606.503094}, "device": "gpu", "nd_range": {"device_start": 1585499543.6019473, "device_end": 1585499543.6020203}, "cmdq": 0, "read": {"device_start": -1, "device_end": -1}}, "FFC_sans_bias33": {"write": {"device_start": -1, "host_queued_start": 1585499606.518935, "device_queued": -1, "device_end": -1, "host_queued_end": 1585499606.521587}, "device": "cpu", "nd_range": {"device_start": 2167380.7223025803, "device_end": 2167380.72424128}, "cmdq": 2, "read": {"device_start": -1, "device_end": -1}}, "FFC_sans_bias63": {"write": {"device_start": 1585499543.601592, "host_queued_start": 1585499606.498197, "device_queued": 1585499543.6014543, "device_end": 1585499543.601601, "host_queued_end": 1585499606.503094}, "device": "gpu", "nd_range": {"device_start": 1585499543.6016018, "device_end": 1585499543.6017256}, "cmdq": 1, "read": {"device_start": -1, "device_end": -1}}, "FFC_sans_bias49": {"write": {"device_start": -1, "host_queued_start": 1585499606.499364, "device_queued": -1, "device_end": -1, "host_queued_end": 1585499606.503094}, "device": "gpu", "nd_range": {"device_start": 1585499543.6017368, "device_end": 1585499543.6018505}, "cmdq": 1, "read": {"device_start": -1, "device_end": -1}}, "FFC_sans_bias64": {"write": {"device_start": 1585499543.6014721, "host_queued_start": 1585499606.497062, "device_queued": 1585499543.601284, "device_end": 1585499543.6014807, "host_queued_end": 1585499606.503094}, "device": "gpu", "nd_range": {"device_start": 1585499543.601482, "device_end": 1585499543.6015902}, "cmdq": 1, "read": {"device_start": -1, "device_end": -1}}, "FFC_sans_bias65": {"write": {"device_start": 1585499543.6015165, "host_queued_start": 1585499606.497702, "device_queued": 1585499543.6014225, "device_end": 1585499543.6015248, "host_queued_end": 1585499606.503094}, "device": "gpu", "nd_range": {"device_start": 1585499543.601526, "device_end": 1585499543.6016736}, "cmdq": 0, "read": {"device_start": -1, "device_end": -1}}, "FFC_sans_bias67": {"write": {"device_start": -1, "host_queued_start": 1585499606.499936, "device_queued": -1, "device_end": -1, "host_queued_end": 1585499606.503094}, "device": "gpu", "nd_range": {"device_start": 1585499543.601854, "device_end": 1585499543.601966}, "cmdq": 1, "read": {"device_start": -1, "device_end": -1}}, "FFC_sans_bias24": {"write": {"device_start": -1, "host_queued_start": 1585499606.518618, "device_queued": -1, "device_end": -1, "host_queued_end": 1585499606.521587}, "device": "cpu", "nd_range": {"device_start": 2167380.722287301, "device_end": 2167380.724304545}, "cmdq": 1, "read": {"device_start": -1, "device_end": -1}}, "FFC_sans_bias25": {"write": {"device_start": -1, "host_queued_start": 1585499606.520647, "device_queued": -1, "device_end": -1, "host_queued_end": 1585499606.521587}, "device": "cpu", "nd_range": {"device_start": 2167380.724358795, "device_end": 2167380.72604985}, "cmdq": 2, "read": {"device_start": -1, "device_end": -1}}, "FFC_sans_bias27": {"write": {"device_start": -1, "host_queued_start": 1585499606.510694, "device_queued": -1, "device_end": -1, "host_queued_end": 1585499606.521587}, "device": "cpu", "nd_range": {"device_start": 2167380.715123096, "device_end": 2167380.7170791402}, "cmdq": 2, "read": {"device_start": -1, "device_end": -1}}, "FFC_sans_bias20": {"write": {"device_start": -1, "host_queued_start": 1585499606.510167, "device_queued": -1, "device_end": -1, "host_queued_end": 1585499606.521587}, "device": "cpu", "nd_range": {"device_start": 2167380.7153842403, "device_end": 2167380.717853478}, "cmdq": 1, "read": {"device_start": -1, "device_end": -1}}, "FFC_sans_bias22": {"write": {"device_start": -1, "host_queued_start": 1585499606.51574, "device_queued": -1, "device_end": -1, "host_queued_end": 1585499606.521587}, "device": "cpu", "nd_range": {"device_start": 2167380.720043634, "device_end": 2167380.7219803473}, "cmdq": 3, "read": {"device_start": -1, "device_end": -1}}, "softmax68": {"write": {"device_start": -1, "host_queued_start": 1585499606.500603, "device_queued": -1, "device_end": -1, "host_queued_end": 1585499606.503094}, "device": "gpu", "nd_range": {"device_start": 1585499543.6020224, "device_end": 1585499543.6021285}, "cmdq": 0, "read": {"device_start": -1, "device_end": -1}}, "softmax5": {"write": {"device_start": -1, "host_queued_start": 1585499606.516631, "device_queued": -1, "device_end": -1, "host_queued_end": 1585499606.521587}, "device": "cpu", "nd_range": {"device_start": 2167380.722174475, "device_end": 2167380.722239675}, "cmdq": 2, "read": {"device_start": -1, "device_end": -1}}, "FFC_sans_bias28": {"write": {"device_start": -1, "host_queued_start": 1585499606.511208, "device_queued": -1, "device_end": -1, "host_queued_end": 1585499606.521587}, "device": "cpu", "nd_range": {"device_start": 2167380.715178185, "device_end": 2167380.718062297}, "cmdq": 3, "read": {"device_start": -1, "device_end": -1}}, "FFC_sans_bias29": {"write": {"device_start": -1, "host_queued_start": 1585499606.511711, "device_queued": -1, "device_end": -1, "host_queued_end": 1585499606.521587}, "device": "cpu", "nd_range": {"device_start": 2167380.715396232, "device_end": 2167380.717745615}, "cmdq": 0, "read": {"device_start": -1, "device_end": -1}}, "empty17": {"write": {"device_start": -1, "host_queued_start": 1585499606.504242, "device_queued": -1, "device_end": -1, "host_queued_end": 1585499606.521587}, "device": "cpu", "nd_range": {"device_start": 2167380.711213, "device_end": 2167380.711217281}, "cmdq": 1, "read": {"device_start": -1, "device_end": -1}}, "softmax59": {"write": {"device_start": -1, "host_queued_start": 1585499606.500381, "device_queued": -1, "device_end": -1, "host_queued_end": 1585499606.503094}, "device": "gpu", "nd_range": {"device_start": 1585499543.6019685, "device_end": 1585499543.6020448}, "cmdq": 1, "read": {"device_start": -1, "device_end": -1}}, "empty71": {"write": {"device_start": 1585499543.6010303, "host_queued_start": 1585499606.493515, "device_queued": 1585499543.601012, "device_end": 1585499543.6010387, "host_queued_end": 1585499606.503094}, "device": "gpu", "nd_range": {"device_start": 1585499543.60104, "device_end": 1585499543.6010435}, "cmdq": 0, "read": {"device_start": -1, "device_end": -1}}, "empty35": {"write": {"device_start": -1, "host_queued_start": 1585499606.505098, "device_queued": -1, "device_end": -1, "host_queued_end": 1585499606.521587}, "device": "cpu", "nd_range": {"device_start": 2167380.711211019, "device_end": 2167380.7112117903}, "cmdq": 3, "read": {"device_start": -1, "device_end": -1}}, "empty53": {"write": {"device_start": 1585499543.6009445, "host_queued_start": 1585499606.492489, "device_queued": 1585499543.6009057, "device_end": 1585499543.600953, "host_queued_end": 1585499606.503094}, "device": "gpu", "nd_range": {"device_start": 1585499543.6009614, "device_end": 1585499543.6009731}, "cmdq": 0, "read": {"device_start": -1, "device_end": -1}}, "FFC_sans_bias46": {"write": {"device_start": 1585499543.601102, "host_queued_start": 1585499606.494566, "device_queued": 1585499543.6010835, "device_end": 1585499543.6011107, "host_queued_end": 1585499606.503094}, "device": "gpu", "nd_range": {"device_start": 1585499543.601112, "device_end": 1585499543.601244}, "cmdq": 0, "read": {"device_start": -1, "device_end": -1}}, "coalesced_transpose66": {"write": {"device_start": -1, "host_queued_start": 1585499606.499071, "device_queued": -1, "device_end": -1, "host_queued_end": 1585499606.503094}, "device": "gpu", "nd_range": {"device_start": 1585499543.6016908, "device_end": 1585499543.601696}, "cmdq": 0, "read": {"device_start": -1, "device_end": -1}}, "coalesced_transpose48": {"write": {"device_start": -1, "host_queued_start": 1585499606.498503, "device_queued": -1, "device_end": -1, "host_queued_end": 1585499606.503094}, "device": "gpu", "nd_range": {"device_start": 1585499543.6016748, "device_end": 1585499543.6016898}, "cmdq": 0, "read": {"device_start": -1, "device_end": -1}}}