{"FFC_sans_bias60": {"write": {"device_start": -1, "host_queued_start": 1585499595.820923, "device_queued": -1, "device_end": -1, "host_queued_end": 1585499595.824821}, "device": "gpu", "nd_range": {"device_start": 1585499532.9258447, "device_end": 1585499532.9260275}, "cmdq": 0, "read": {"device_start": -1, "device_end": -1}}, "FFC_sans_bias4": {"write": {"device_start": -1, "host_queued_start": 1585499595.828205, "device_queued": -1, "device_end": -1, "host_queued_end": 1585499595.829528}, "device": "cpu", "nd_range": {"device_start": 2167370.020616094, "device_end": 2167370.021237176}, "cmdq": 1, "read": {"device_start": -1, "device_end": -1}}, "FFC_sans_bias7": {"write": {"device_start": -1, "host_queued_start": 1585499595.829452, "device_queued": -1, "device_end": -1, "host_queued_end": 1585499595.829528}, "device": "cpu", "nd_range": {"device_start": 2167370.022129, "device_end": 2167370.022860583}, "cmdq": 0, "read": {"device_start": -1, "device_end": -1}}, "FFC_sans_bias6": {"write": {"device_start": -1, "host_queued_start": 1585499595.828864, "device_queued": -1, "device_end": -1, "host_queued_end": 1585499595.829528}, "device": "cpu", "nd_range": {"device_start": 2167370.021377069, "device_end": 2167370.022118276}, "cmdq": 3, "read": {"device_start": -1, "device_end": -1}}, "FFC_sans_bias1": {"write": {"device_start": -1, "host_queued_start": 1585499595.826869, "device_queued": -1, "device_end": -1, "host_queued_end": 1585499595.829528}, "device": "cpu", "nd_range": {"device_start": 2167370.0191297163, "device_end": 2167370.020266123}, "cmdq": 2, "read": {"device_start": -1, "device_end": -1}}, "FFC_sans_bias0": {"write": {"device_start": -1, "host_queued_start": 1585499595.826256, "device_queued": -1, "device_end": -1, "host_queued_end": 1585499595.829528}, "device": "cpu", "nd_range": {"device_start": 2167370.019119358, "device_end": 2167370.020597136}, "cmdq": 1, "read": {"device_start": -1, "device_end": -1}}, "FFC_sans_bias2": {"write": {"device_start": -1, "host_queued_start": 1585499595.827462, "device_queued": -1, "device_end": -1, "host_queued_end": 1585499595.829528}, "device": "cpu", "nd_range": {"device_start": 2167370.019127663, "device_end": 2167370.020866944}, "cmdq": 3, "read": {"device_start": -1, "device_end": -1}}, "FFC_sans_bias61": {"write": {"device_start": 1585499532.926763, "host_queued_start": 1585499595.824238, "device_queued": 1585499532.9253433, "device_end": 1585499532.9267719, "host_queued_end": 1585499595.824821}, "device": "gpu", "nd_range": {"device_start": 1585499532.9267728, "device_end": 1585499532.9269183}, "cmdq": 1, "read": {"device_start": 1585499532.9269297, "device_end": 1585499532.9269369}}, "FFC_sans_bias52": {"write": {"device_start": 1585499532.9267473, "host_queued_start": 1585499595.823742, "device_queued": 1585499532.9252968, "device_end": 1585499532.9267564, "host_queued_end": 1585499595.824821}, "device": "gpu", "nd_range": {"device_start": 1585499532.9267578, "device_end": 1585499532.9268646}, "cmdq": 0, "read": {"device_start": 1585499532.9268703, "device_end": 1585499532.92688}}, "FFC_sans_bias9": {"write": {"device_start": 1585499532.9232903, "host_queued_start": 1585499595.803511, "device_queued": 1585499532.9232645, "device_end": 1585499532.9232988, "host_queued_end": 1585499595.824821}, "device": "gpu", "nd_range": {"device_start": 1585499532.9233022, "device_end": 1585499532.9234166}, "cmdq": 1, "read": {"device_start": -1, "device_end": -1}}, "coalesced_transpose39": {"write": {"device_start": -1, "host_queued_start": 1585499595.814745, "device_queued": -1, "device_end": -1, "host_queued_end": 1585499595.824821}, "device": "gpu", "nd_range": {"device_start": 1585499532.9248488, "device_end": 1585499532.924855}, "cmdq": 1, "read": {"device_start": -1, "device_end": -1}}, "FFC_sans_bias55": {"write": {"device_start": 1585499532.9244606, "host_queued_start": 1585499595.812123, "device_queued": 1585499532.924165, "device_end": 1585499532.9244692, "host_queued_end": 1585499595.824821}, "device": "gpu", "nd_range": {"device_start": 1585499532.9244704, "device_end": 1585499532.924614}, "cmdq": 0, "read": {"device_start": -1, "device_end": -1}}, "FFC_sans_bias54": {"write": {"device_start": 1585499532.9243987, "host_queued_start": 1585499595.811637, "device_queued": 1585499532.924122, "device_end": 1585499532.9244072, "host_queued_end": 1585499595.824821}, "device": "gpu", "nd_range": {"device_start": 1585499532.9244084, "device_end": 1585499532.924527}, "cmdq": 1, "read": {"device_start": -1, "device_end": -1}}, "FFC_sans_bias56": {"write": {"device_start": 1585499532.9243345, "host_queued_start": 1585499595.811152, "device_queued": 1585499532.9240868, "device_end": 1585499532.9243429, "host_queued_end": 1585499595.824821}, "device": "gpu", "nd_range": {"device_start": 1585499532.9243438, "device_end": 1585499532.9244583}, "cmdq": 0, "read": {"device_start": -1, "device_end": -1}}, "FFC_sans_bias51": {"write": {"device_start": -1, "host_queued_start": 1585499595.820627, "device_queued": -1, "device_end": -1, "host_queued_end": 1585499595.824821}, "device": "gpu", "nd_range": {"device_start": 1585499532.9259346, "device_end": 1585499532.9260533}, "cmdq": 1, "read": {"device_start": -1, "device_end": -1}}, "softmax23": {"write": {"device_start": -1, "host_queued_start": 1585499595.818063, "device_queued": -1, "device_end": -1, "host_queued_end": 1585499595.824821}, "device": "gpu", "nd_range": {"device_start": 1585499532.9254029, "device_end": 1585499532.9254775}, "cmdq": 1, "read": {"device_start": -1, "device_end": -1}}, "FFC_sans_bias37": {"write": {"device_start": 1585499532.9239826, "host_queued_start": 1585499595.808652, "device_queued": 1585499532.9237826, "device_end": 1585499532.9239914, "host_queued_end": 1585499595.824821}, "device": "gpu", "nd_range": {"device_start": 1585499532.9239924, "device_end": 1585499532.9241295}, "cmdq": 1, "read": {"device_start": -1, "device_end": -1}}, "empty62": {"write": {"device_start": 1585499532.9232187, "host_queued_start": 1585499595.80256, "device_queued": 1585499532.923195, "device_end": 1585499532.9232275, "host_queued_end": 1585499595.824821}, "device": "gpu", "nd_range": {"device_start": 1585499532.9232287, "device_end": 1585499532.923232}, "cmdq": 1, "read": {"device_start": -1, "device_end": -1}}, "FFC_sans_bias70": {"write": {"device_start": 1585499532.9269712, "host_queued_start": 1585499595.824728, "device_queued": 1585499532.9254131, "device_end": 1585499532.926982, "host_queued_end": 1585499595.824821}, "device": "gpu", "nd_range": {"device_start": 1585499532.9269834, "device_end": 1585499532.9270897}, "cmdq": 0, "read": {"device_start": 1585499532.927093, "device_end": 1585499532.9270997}}, "FFC_sans_bias58": {"write": {"device_start": -1, "host_queued_start": 1585499595.817316, "device_queued": -1, "device_end": -1, "host_queued_end": 1585499595.824821}, "device": "gpu", "nd_range": {"device_start": 1585499532.9250753, "device_end": 1585499532.9252663}, "cmdq": 0, "read": {"device_start": -1, "device_end": -1}}, "softmax41": {"write": {"device_start": -1, "host_queued_start": 1585499595.818498, "device_queued": -1, "device_end": -1, "host_queued_end": 1585499595.824821}, "device": "gpu", "nd_range": {"device_start": 1585499532.925479, "device_end": 1585499532.9255524}, "cmdq": 1, "read": {"device_start": -1, "device_end": -1}}, "FFC_sans_bias11": {"write": {"device_start": 1585499532.9234188, "host_queued_start": 1585499595.804505, "device_queued": 1585499532.9233487, "device_end": 1585499532.9234273, "host_queued_end": 1585499595.824821}, "device": "gpu", "nd_range": {"device_start": 1585499532.9234285, "device_end": 1585499532.9235394}, "cmdq": 1, "read": {"device_start": -1, "device_end": -1}}, "FFC_sans_bias10": {"write": {"device_start": 1585499532.9233348, "host_queued_start": 1585499595.804006, "device_queued": 1585499532.9233096, "device_end": 1585499532.9233434, "host_queued_end": 1585499595.824821}, "device": "gpu", "nd_range": {"device_start": 1585499532.9233444, "device_end": 1585499532.9234734}, "cmdq": 0, "read": {"device_start": -1, "device_end": -1}}, "coalesced_transpose3": {"write": {"device_start": -1, "host_queued_start": 1585499595.8279, "device_queued": -1, "device_end": -1, "host_queued_end": 1585499595.829528}, "device": "cpu", "nd_range": {"device_start": 2167370.020400261, "device_end": 2167370.0204525883}, "cmdq": 0, "read": {"device_start": -1, "device_end": -1}}, "FFC_sans_bias34": {"write": {"device_start": 1585499532.9262943, "host_queued_start": 1585499595.82275, "device_queued": 1585499532.9251587, "device_end": 1585499532.9263031, "host_queued_end": 1585499595.824821}, "device": "gpu", "nd_range": {"device_start": 1585499532.9263043, "device_end": 1585499532.926422}, "cmdq": 0, "read": {"device_start": 1585499532.9264271, "device_end": 1585499532.9264374}}, "FFC_sans_bias15": {"write": {"device_start": -1, "host_queued_start": 1585499595.819488, "device_queued": -1, "device_end": -1, "host_queued_end": 1585499595.824821}, "device": "gpu", "nd_range": {"device_start": 1585499532.925637, "device_end": 1585499532.9258177}, "cmdq": 1, "read": {"device_start": -1, "device_end": -1}}, "FFC_sans_bias31": {"write": {"device_start": -1, "host_queued_start": 1585499595.816438, "device_queued": -1, "device_end": -1, "host_queued_end": 1585499595.824821}, "device": "gpu", "nd_range": {"device_start": 1585499532.9250565, "device_end": 1585499532.9251728}, "cmdq": 1, "read": {"device_start": -1, "device_end": -1}}, "FFC_sans_bias16": {"write": {"device_start": 1585499532.926029, "host_queued_start": 1585499595.821751, "device_queued": 1585499532.924932, "device_end": 1585499532.9260375, "host_queued_end": 1585499595.824821}, "device": "gpu", "nd_range": {"device_start": 1585499532.926039, "device_end": 1585499532.926145}, "cmdq": 0, "read": {"device_start": 1585499532.92615, "device_end": 1585499532.9261613}}, "FFC_sans_bias19": {"write": {"device_start": 1585499532.9235413, "host_queued_start": 1585499595.805621, "device_queued": 1585499532.9234388, "device_end": 1585499532.9235501, "host_queued_end": 1585499595.824821}, "device": "gpu", "nd_range": {"device_start": 1585499532.9235818, "device_end": 1585499532.9236972}, "cmdq": 1, "read": {"device_start": -1, "device_end": -1}}, "FFC_sans_bias18": {"write": {"device_start": 1585499532.9234755, "host_queued_start": 1585499595.805129, "device_queued": 1585499532.9233873, "device_end": 1585499532.923484, "host_queued_end": 1585499595.824821}, "device": "gpu", "nd_range": {"device_start": 1585499532.9234853, "device_end": 1585499532.923632}, "cmdq": 0, "read": {"device_start": -1, "device_end": -1}}, "coalesced_transpose30": {"write": {"device_start": -1, "host_queued_start": 1585499595.814442, "device_queued": -1, "device_end": -1, "host_queued_end": 1585499595.824821}, "device": "gpu", "nd_range": {"device_start": 1585499532.9247563, "device_end": 1585499532.9247687}, "cmdq": 0, "read": {"device_start": -1, "device_end": -1}}, "FFC_sans_bias69": {"write": {"device_start": -1, "host_queued_start": 1585499595.821256, "device_queued": -1, "device_end": -1, "host_queued_end": 1585499595.824821}, "device": "gpu", "nd_range": {"device_start": 1585499532.9260547, "device_end": 1585499532.9262013}, "cmdq": 1, "read": {"device_start": -1, "device_end": -1}}, "FFC_sans_bias38": {"write": {"device_start": 1585499532.9240682, "host_queued_start": 1585499595.809158, "device_queued": 1585499532.9238226, "device_end": 1585499532.9240768, "host_queued_end": 1585499595.824821}, "device": "gpu", "nd_range": {"device_start": 1585499532.924078, "device_end": 1585499532.924184}, "cmdq": 0, "read": {"device_start": -1, "device_end": -1}}, "coalesced_transpose57": {"write": {"device_start": -1, "host_queued_start": 1585499595.815294, "device_queued": -1, "device_end": -1, "host_queued_end": 1585499595.824821}, "device": "gpu", "nd_range": {"device_start": 1585499532.9248562, "device_end": 1585499532.9248729}, "cmdq": 1, "read": {"device_start": -1, "device_end": -1}}, "empty26": {"write": {"device_start": 1585499532.9230764, "host_queued_start": 1585499595.80104, "device_queued": 1585499532.923052, "device_end": 1585499532.9230852, "host_queued_end": 1585499595.824821}, "device": "gpu", "nd_range": {"device_start": 1585499532.9230862, "device_end": 1585499532.9230895}, "cmdq": 1, "read": {"device_start": -1, "device_end": -1}}, "coalesced_transpose12": {"write": {"device_start": -1, "host_queued_start": 1585499595.8139, "device_queued": -1, "device_end": -1, "host_queued_end": 1585499595.824821}, "device": "gpu", "nd_range": {"device_start": 1585499532.9247458, "device_end": 1585499532.9247553}, "cmdq": 0, "read": {"device_start": -1, "device_end": -1}}, "empty44": {"write": {"device_start": 1585499532.9231489, "host_queued_start": 1585499595.801822, "device_queued": 1585499532.9231267, "device_end": 1585499532.9231577, "host_queued_end": 1585499595.824821}, "device": "gpu", "nd_range": {"device_start": 1585499532.9231586, "device_end": 1585499532.923162}, "cmdq": 1, "read": {"device_start": -1, "device_end": -1}}, "coalesced_transpose21": {"write": {"device_start": -1, "host_queued_start": 1585499595.814162, "device_queued": -1, "device_end": -1, "host_queued_end": 1585499595.824821}, "device": "gpu", "nd_range": {"device_start": 1585499532.92484, "device_end": 1585499532.9248476}, "cmdq": 1, "read": {"device_start": -1, "device_end": -1}}, "FFC_sans_bias36": {"write": {"device_start": 1585499532.9239206, "host_queued_start": 1585499595.808141, "device_queued": 1585499532.923745, "device_end": 1585499532.9239292, "host_queued_end": 1585499595.824821}, "device": "gpu", "nd_range": {"device_start": 1585499532.9239304, "device_end": 1585499532.924063}, "cmdq": 0, "read": {"device_start": -1, "device_end": -1}}, "softmax14": {"write": {"device_start": -1, "host_queued_start": 1585499595.81784, "device_queued": -1, "device_end": -1, "host_queued_end": 1585499595.824821}, "device": "gpu", "nd_range": {"device_start": 1585499532.9252677, "device_end": 1585499532.9253871}, "cmdq": 0, "read": {"device_start": -1, "device_end": -1}}, "FFC_sans_bias13": {"write": {"device_start": -1, "host_queued_start": 1585499595.815852, "device_queued": -1, "device_end": -1, "host_queued_end": 1585499595.824821}, "device": "gpu", "nd_range": {"device_start": 1585499532.924874, "device_end": 1585499532.9250531}, "cmdq": 1, "read": {"device_start": -1, "device_end": -1}}, "empty8": {"write": {"device_start": -1, "host_queued_start": 1585499595.825588, "device_queued": -1, "device_end": -1, "host_queued_end": 1585499595.829528}, "device": "cpu", "nd_range": {"device_start": 2167370.019099561, "device_end": 2167370.019108823}, "cmdq": 0, "read": {"device_start": -1, "device_end": -1}}, "FFC_sans_bias42": {"write": {"device_start": -1, "host_queued_start": 1585499595.820352, "device_queued": -1, "device_end": -1, "host_queued_end": 1585499595.824821}, "device": "gpu", "nd_range": {"device_start": 1585499532.925731, "device_end": 1585499532.9258418}, "cmdq": 0, "read": {"device_start": -1, "device_end": -1}}, "FFC_sans_bias43": {"write": {"device_start": 1585499532.9264085, "host_queued_start": 1585499595.823251, "device_queued": 1585499532.9252083, "device_end": 1585499532.926417, "host_queued_end": 1585499595.824821}, "device": "gpu", "nd_range": {"device_start": 1585499532.9264183, "device_end": 1585499532.9265296}, "cmdq": 1, "read": {"device_start": 1585499532.92654, "device_end": 1585499532.9265501}}, "FFC_sans_bias40": {"write": {"device_start": -1, "host_queued_start": 1585499595.816717, "device_queued": -1, "device_end": -1, "host_queued_end": 1585499595.824821}, "device": "gpu", "nd_range": {"device_start": 1585499532.9249628, "device_end": 1585499532.925073}, "cmdq": 0, "read": {"device_start": -1, "device_end": -1}}, "softmax32": {"write": {"device_start": -1, "host_queued_start": 1585499595.818274, "device_queued": -1, "device_end": -1, "host_queued_end": 1585499595.824821}, "device": "gpu", "nd_range": {"device_start": 1585499532.9253883, "device_end": 1585499532.9254642}, "cmdq": 0, "read": {"device_start": -1, "device_end": -1}}, "FFC_sans_bias47": {"write": {"device_start": 1585499532.924258, "host_queued_start": 1585499595.810663, "device_queued": 1585499532.924049, "device_end": 1585499532.9242728, "host_queued_end": 1585499595.824821}, "device": "gpu", "nd_range": {"device_start": 1585499532.9242742, "device_end": 1585499532.9243963}, "cmdq": 1, "read": {"device_start": -1, "device_end": -1}}, "FFC_sans_bias45": {"write": {"device_start": 1585499532.9241345, "host_queued_start": 1585499595.809641, "device_queued": 1585499532.923859, "device_end": 1585499532.9241452, "host_queued_end": 1585499595.824821}, "device": "gpu", "nd_range": {"device_start": 1585499532.9241462, "device_end": 1585499532.9242558}, "cmdq": 1, "read": {"device_start": -1, "device_end": -1}}, "softmax50": {"write": {"device_start": -1, "host_queued_start": 1585499595.818746, "device_queued": -1, "device_end": -1, "host_queued_end": 1585499595.824821}, "device": "gpu", "nd_range": {"device_start": 1585499532.9254653, "device_end": 1585499532.9255416}, "cmdq": 0, "read": {"device_start": -1, "device_end": -1}}, "FFC_sans_bias33": {"write": {"device_start": -1, "host_queued_start": 1585499595.820059, "device_queued": -1, "device_end": -1, "host_queued_end": 1585499595.824821}, "device": "gpu", "nd_range": {"device_start": 1585499532.9258206, "device_end": 1585499532.9259324}, "cmdq": 1, "read": {"device_start": -1, "device_end": -1}}, "FFC_sans_bias63": {"write": {"device_start": 1585499532.924651, "host_queued_start": 1585499595.8136, "device_queued": 1585499532.9243064, "device_end": 1585499532.9246633, "host_queued_end": 1585499595.824821}, "device": "gpu", "nd_range": {"device_start": 1585499532.9246645, "device_end": 1585499532.924839}, "cmdq": 1, "read": {"device_start": -1, "device_end": -1}}, "FFC_sans_bias49": {"write": {"device_start": -1, "host_queued_start": 1585499595.817009, "device_queued": -1, "device_end": -1, "host_queued_end": 1585499595.824821}, "device": "gpu", "nd_range": {"device_start": 1585499532.9251752, "device_end": 1585499532.9252858}, "cmdq": 1, "read": {"device_start": -1, "device_end": -1}}, "FFC_sans_bias64": {"write": {"device_start": 1585499532.9245293, "host_queued_start": 1585499595.81262, "device_queued": 1585499532.924201, "device_end": 1585499532.924538, "host_queued_end": 1585499595.824821}, "device": "gpu", "nd_range": {"device_start": 1585499532.924539, "device_end": 1585499532.9246485}, "cmdq": 1, "read": {"device_start": -1, "device_end": -1}}, "FFC_sans_bias65": {"write": {"device_start": 1585499532.9246163, "host_queued_start": 1585499595.81311, "device_queued": 1585499532.924255, "device_end": 1585499532.9246304, "host_queued_end": 1585499595.824821}, "device": "gpu", "nd_range": {"device_start": 1585499532.9246314, "device_end": 1585499532.9247446}, "cmdq": 0, "read": {"device_start": -1, "device_end": -1}}, "FFC_sans_bias67": {"write": {"device_start": -1, "host_queued_start": 1585499595.817595, "device_queued": -1, "device_end": -1, "host_queued_end": 1585499595.824821}, "device": "gpu", "nd_range": {"device_start": 1585499532.9252872, "device_end": 1585499532.9254007}, "cmdq": 1, "read": {"device_start": -1, "device_end": -1}}, "FFC_sans_bias24": {"write": {"device_start": -1, "host_queued_start": 1585499595.819764, "device_queued": -1, "device_end": -1, "host_queued_end": 1585499595.824821}, "device": "gpu", "nd_range": {"device_start": 1585499532.9256225, "device_end": 1585499532.9257288}, "cmdq": 0, "read": {"device_start": -1, "device_end": -1}}, "FFC_sans_bias25": {"write": {"device_start": 1585499532.9262025, "host_queued_start": 1585499595.822255, "device_queued": 1585499532.9249668, "device_end": 1585499532.9262168, "host_queued_end": 1585499595.824821}, "device": "gpu", "nd_range": {"device_start": 1585499532.9262178, "device_end": 1585499532.926324}, "cmdq": 1, "read": {"device_start": 1585499532.9263282, "device_end": 1585499532.9263377}}, "FFC_sans_bias27": {"write": {"device_start": 1585499532.9236996, "host_queued_start": 1585499595.806665, "device_queued": 1585499532.9236262, "device_end": 1585499532.923708, "host_queued_end": 1585499595.824821}, "device": "gpu", "nd_range": {"device_start": 1585499532.9237096, "device_end": 1585499532.9238563}, "cmdq": 1, "read": {"device_start": -1, "device_end": -1}}, "FFC_sans_bias20": {"write": {"device_start": 1585499532.9236374, "host_queued_start": 1585499595.806121, "device_queued": 1585499532.9235904, "device_end": 1585499532.9236495, "host_queued_end": 1585499595.824821}, "device": "gpu", "nd_range": {"device_start": 1585499532.9236507, "device_end": 1585499532.9237967}, "cmdq": 0, "read": {"device_start": -1, "device_end": -1}}, "FFC_sans_bias22": {"write": {"device_start": -1, "host_queued_start": 1585499595.816146, "device_queued": -1, "device_end": -1, "host_queued_end": 1585499595.824821}, "device": "gpu", "nd_range": {"device_start": 1585499532.9248521, "device_end": 1585499532.9249604}, "cmdq": 0, "read": {"device_start": -1, "device_end": -1}}, "softmax68": {"write": {"device_start": -1, "host_queued_start": 1585499595.819196, "device_queued": -1, "device_end": -1, "host_queued_end": 1585499595.824821}, "device": "gpu", "nd_range": {"device_start": 1585499532.9255443, "device_end": 1585499532.92562}, "cmdq": 0, "read": {"device_start": -1, "device_end": -1}}, "softmax5": {"write": {"device_start": -1, "host_queued_start": 1585499595.82846, "device_queued": -1, "device_end": -1, "host_queued_end": 1585499595.829528}, "device": "cpu", "nd_range": {"device_start": 2167370.021242508, "device_end": 2167370.021365235}, "cmdq": 2, "read": {"device_start": -1, "device_end": -1}}, "FFC_sans_bias28": {"write": {"device_start": 1585499532.9238021, "host_queued_start": 1585499595.807159, "device_queued": 1585499532.9236708, "device_end": 1585499532.9238107, "host_queued_end": 1585499595.824821}, "device": "gpu", "nd_range": {"device_start": 1585499532.923812, "device_end": 1585499532.9239187}, "cmdq": 0, "read": {"device_start": -1, "device_end": -1}}, "FFC_sans_bias29": {"write": {"device_start": 1585499532.9238586, "host_queued_start": 1585499595.807652, "device_queued": 1585499532.923706, "device_end": 1585499532.9238703, "host_queued_end": 1585499595.824821}, "device": "gpu", "nd_range": {"device_start": 1585499532.9238715, "device_end": 1585499532.9239807}, "cmdq": 1, "read": {"device_start": -1, "device_end": -1}}, "empty17": {"write": {"device_start": 1585499532.9230077, "host_queued_start": 1585499595.800448, "device_queued": 1585499532.922973, "device_end": 1585499532.9230165, "host_queued_end": 1585499595.824821}, "device": "gpu", "nd_range": {"device_start": 1585499532.9230347, "device_end": 1585499532.9230473}, "cmdq": 0, "read": {"device_start": -1, "device_end": -1}}, "softmax59": {"write": {"device_start": -1, "host_queued_start": 1585499595.818961, "device_queued": -1, "device_end": -1, "host_queued_end": 1585499595.824821}, "device": "gpu", "nd_range": {"device_start": 1585499532.9255548, "device_end": 1585499532.9256353}, "cmdq": 1, "read": {"device_start": -1, "device_end": -1}}, "empty71": {"write": {"device_start": 1585499532.923254, "host_queued_start": 1585499595.802995, "device_queued": 1585499532.9232314, "device_end": 1585499532.9232628, "host_queued_end": 1585499595.824821}, "device": "gpu", "nd_range": {"device_start": 1585499532.9232638, "device_end": 1585499532.9232671}, "cmdq": 0, "read": {"device_start": -1, "device_end": -1}}, "empty35": {"write": {"device_start": 1585499532.9231143, "host_queued_start": 1585499595.801446, "device_queued": 1585499532.9230886, "device_end": 1585499532.923123, "host_queued_end": 1585499595.824821}, "device": "gpu", "nd_range": {"device_start": 1585499532.923124, "device_end": 1585499532.9231274}, "cmdq": 0, "read": {"device_start": -1, "device_end": -1}}, "empty53": {"write": {"device_start": 1585499532.9231837, "host_queued_start": 1585499595.802193, "device_queued": 1585499532.923162, "device_end": 1585499532.9231925, "host_queued_end": 1585499595.824821}, "device": "gpu", "nd_range": {"device_start": 1585499532.9231935, "device_end": 1585499532.923197}, "cmdq": 0, "read": {"device_start": -1, "device_end": -1}}, "FFC_sans_bias46": {"write": {"device_start": 1585499532.9241867, "host_queued_start": 1585499595.810135, "device_queued": 1585499532.9239962, "device_end": 1585499532.9241953, "host_queued_end": 1585499595.824821}, "device": "gpu", "nd_range": {"device_start": 1585499532.9241965, "device_end": 1585499532.9243324}, "cmdq": 0, "read": {"device_start": -1, "device_end": -1}}, "coalesced_transpose66": {"write": {"device_start": -1, "host_queued_start": 1585499595.815566, "device_queued": -1, "device_end": -1, "host_queued_end": 1585499595.824821}, "device": "gpu", "nd_range": {"device_start": 1585499532.9247806, "device_end": 1585499532.9247928}, "cmdq": 0, "read": {"device_start": -1, "device_end": -1}}, "coalesced_transpose48": {"write": {"device_start": -1, "host_queued_start": 1585499595.815011, "device_queued": -1, "device_end": -1, "host_queued_end": 1585499595.824821}, "device": "gpu", "nd_range": {"device_start": 1585499532.9247699, "device_end": 1585499532.9247794}, "cmdq": 0, "read": {"device_start": -1, "device_end": -1}}}