{"FFC_sans_bias60": {"write": {"device_start": -1, "host_queued_start": 1585499842.036479, "device_queued": -1, "device_end": -1, "host_queued_end": 1585499842.038372}, "device": "gpu", "nd_range": {"device_start": 1585499779.1300611, "device_end": 1585499779.130171}, "cmdq": 2, "read": {"device_start": -1, "device_end": -1}}, "FFC_sans_bias4": {"write": {"device_start": -1, "host_queued_start": 1585499842.050443, "device_queued": -1, "device_end": -1, "host_queued_end": 1585499842.056977}, "device": "cpu", "nd_range": {"device_start": 2167616.252585078, "device_end": 2167616.257006828}, "cmdq": 0, "read": {"device_start": -1, "device_end": -1}}, "FFC_sans_bias7": {"write": {"device_start": -1, "host_queued_start": 1585499842.055138, "device_queued": -1, "device_end": -1, "host_queued_end": 1585499842.056977}, "device": "cpu", "nd_range": {"device_start": 2167616.2590095364, "device_end": 2167616.260974757}, "cmdq": 0, "read": {"device_start": -1, "device_end": -1}}, "FFC_sans_bias6": {"write": {"device_start": -1, "host_queued_start": 1585499842.053324, "device_queued": -1, "device_end": -1, "host_queued_end": 1585499842.056977}, "device": "cpu", "nd_range": {"device_start": 2167616.257076327, "device_end": 2167616.2590036183}, "cmdq": 0, "read": {"device_start": -1, "device_end": -1}}, "FFC_sans_bias1": {"write": {"device_start": -1, "host_queued_start": 1585499842.041839, "device_queued": -1, "device_end": -1, "host_queued_end": 1585499842.056977}, "device": "cpu", "nd_range": {"device_start": 2167616.2465995234, "device_end": 2167616.248642054}, "cmdq": 1, "read": {"device_start": -1, "device_end": -1}}, "FFC_sans_bias0": {"write": {"device_start": -1, "host_queued_start": 1585499842.041326, "device_queued": -1, "device_end": -1, "host_queued_end": 1585499842.056977}, "device": "cpu", "nd_range": {"device_start": 2167616.246597967, "device_end": 2167616.24860661}, "cmdq": 0, "read": {"device_start": -1, "device_end": -1}}, "FFC_sans_bias2": {"write": {"device_start": -1, "host_queued_start": 1585499842.042363, "device_queued": -1, "device_end": -1, "host_queued_end": 1585499842.056977}, "device": "cpu", "nd_range": {"device_start": 2167616.248626038, "device_end": 2167616.250542899}, "cmdq": 2, "read": {"device_start": -1, "device_end": -1}}, "FFC_sans_bias61": {"write": {"device_start": 1585499779.13009, "host_queued_start": 1585499842.03778, "device_queued": 1585499779.1298919, "device_end": 1585499779.1300986, "host_queued_end": 1585499842.038372}, "device": "gpu", "nd_range": {"device_start": 1585499779.1301875, "device_end": 1585499779.1303728}, "cmdq": 1, "read": {"device_start": 1585499779.1303806, "device_end": 1585499779.1303883}}, "FFC_sans_bias52": {"write": {"device_start": 1585499779.1301033, "host_queued_start": 1585499842.037261, "device_queued": 1585499779.1298504, "device_end": 1585499779.1301157, "host_queued_end": 1585499842.038372}, "device": "gpu", "nd_range": {"device_start": 1585499779.1301177, "device_end": 1585499779.1302707}, "cmdq": 0, "read": {"device_start": 1585499779.1302817, "device_end": 1585499779.130289}}, "FFC_sans_bias9": {"write": {"device_start": -1, "host_queued_start": 1585499842.042894, "device_queued": -1, "device_end": -1, "host_queued_end": 1585499842.056977}, "device": "cpu", "nd_range": {"device_start": 2167616.246634885, "device_end": 2167616.2486124053}, "cmdq": 3, "read": {"device_start": -1, "device_end": -1}}, "coalesced_transpose39": {"write": {"device_start": -1, "host_queued_start": 1585499842.050137, "device_queued": -1, "device_end": -1, "host_queued_end": 1585499842.056977}, "device": "cpu", "nd_range": {"device_start": 2167616.262649234, "device_end": 2167616.2627109303}, "cmdq": 4, "read": {"device_start": -1, "device_end": -1}}, "FFC_sans_bias55": {"write": {"device_start": 1585499779.1293142, "host_queued_start": 1585499842.031821, "device_queued": 1585499779.1292927, "device_end": 1585499779.1293225, "host_queued_end": 1585499842.038372}, "device": "gpu", "nd_range": {"device_start": 1585499779.129324, "device_end": 1585499779.1295269}, "cmdq": 0, "read": {"device_start": -1, "device_end": -1}}, "FFC_sans_bias54": {"write": {"device_start": 1585499779.129252, "host_queued_start": 1585499842.031321, "device_queued": 1585499779.129226, "device_end": 1585499779.1292605, "host_queued_end": 1585499842.038372}, "device": "gpu", "nd_range": {"device_start": 1585499779.129289, "device_end": 1585499779.1294837}, "cmdq": 3, "read": {"device_start": -1, "device_end": -1}}, "FFC_sans_bias56": {"write": {"device_start": 1585499779.129222, "host_queued_start": 1585499842.030827, "device_queued": 1585499779.12919, "device_end": 1585499779.1292305, "host_queued_end": 1585499842.038372}, "device": "gpu", "nd_range": {"device_start": 1585499779.1292753, "device_end": 1585499779.1294641}, "cmdq": 2, "read": {"device_start": -1, "device_end": -1}}, "FFC_sans_bias51": {"write": {"device_start": -1, "host_queued_start": 1585499842.036203, "device_queued": -1, "device_end": -1, "host_queued_end": 1585499842.038372}, "device": "gpu", "nd_range": {"device_start": 1585499779.129974, "device_end": 1585499779.1300879}, "cmdq": 1, "read": {"device_start": -1, "device_end": -1}}, "softmax23": {"write": {"device_start": -1, "host_queued_start": 1585499842.052508, "device_queued": -1, "device_end": -1, "host_queued_end": 1585499842.056977}, "device": "cpu", "nd_range": {"device_start": 2167616.2567226463, "device_end": 2167616.2567800563}, "cmdq": 2, "read": {"device_start": -1, "device_end": -1}}, "FFC_sans_bias37": {"write": {"device_start": -1, "host_queued_start": 1585499842.048036, "device_queued": -1, "device_end": -1, "host_queued_end": 1585499842.056977}, "device": "cpu", "nd_range": {"device_start": 2167616.2544620084, "device_end": 2167616.256510668}, "cmdq": 3, "read": {"device_start": -1, "device_end": -1}}, "empty62": {"write": {"device_start": 1585499779.1290302, "host_queued_start": 1585499842.028252, "device_queued": 1585499779.1290119, "device_end": 1585499779.1290395, "host_queued_end": 1585499842.038372}, "device": "gpu", "nd_range": {"device_start": 1585499779.129093, "device_end": 1585499779.1290965}, "cmdq": 1, "read": {"device_start": -1, "device_end": -1}}, "FFC_sans_bias70": {"write": {"device_start": 1585499779.130173, "host_queued_start": 1585499842.038272, "device_queued": 1585499779.1299133, "device_end": 1585499779.1301818, "host_queued_end": 1585499842.038372}, "device": "gpu", "nd_range": {"device_start": 1585499779.1303313, "device_end": 1585499779.130436}, "cmdq": 2, "read": {"device_start": 1585499779.130446, "device_end": 1585499779.1304572}}, "FFC_sans_bias58": {"write": {"device_start": -1, "host_queued_start": 1585499842.034958, "device_queued": -1, "device_end": -1, "host_queued_end": 1585499842.038372}, "device": "gpu", "nd_range": {"device_start": 1585499779.1297407, "device_end": 1585499779.1299338}, "cmdq": 0, "read": {"device_start": -1, "device_end": -1}}, "softmax41": {"write": {"device_start": -1, "host_queued_start": 1585499842.053006, "device_queued": -1, "device_end": -1, "host_queued_end": 1585499842.056977}, "device": "cpu", "nd_range": {"device_start": 2167616.266467112, "device_end": 2167616.2665414764}, "cmdq": 4, "read": {"device_start": -1, "device_end": -1}}, "FFC_sans_bias11": {"write": {"device_start": -1, "host_queued_start": 1585499842.043929, "device_queued": -1, "device_end": -1, "host_queued_end": 1585499842.056977}, "device": "cpu", "nd_range": {"device_start": 2167616.248615011, "device_end": 2167616.250532307}, "cmdq": 0, "read": {"device_start": -1, "device_end": -1}}, "FFC_sans_bias10": {"write": {"device_start": -1, "host_queued_start": 1585499842.043412, "device_queued": -1, "device_end": -1, "host_queued_end": 1585499842.056977}, "device": "cpu", "nd_range": {"device_start": 2167616.246794586, "device_end": 2167616.258728205}, "cmdq": 4, "read": {"device_start": -1, "device_end": -1}}, "coalesced_transpose3": {"write": {"device_start": -1, "host_queued_start": 1585499842.048841, "device_queued": -1, "device_end": -1, "host_queued_end": 1585499842.056977}, "device": "cpu", "nd_range": {"device_start": 2167616.252480537, "device_end": 2167616.252551294}, "cmdq": 0, "read": {"device_start": -1, "device_end": -1}}, "FFC_sans_bias34": {"write": {"device_start": -1, "host_queued_start": 1585499842.056487, "device_queued": -1, "device_end": -1, "host_queued_end": 1585499842.056977}, "device": "cpu", "nd_range": {"device_start": 2167616.260528395, "device_end": 2167616.262495257}, "cmdq": 3, "read": {"device_start": -1, "device_end": -1}}, "FFC_sans_bias15": {"write": {"device_start": -1, "host_queued_start": 1585499842.053651, "device_queued": -1, "device_end": -1, "host_queued_end": 1585499842.056977}, "device": "cpu", "nd_range": {"device_start": 2167616.2632121253, "device_end": 2167616.2652312093}, "cmdq": 1, "read": {"device_start": -1, "device_end": -1}}, "FFC_sans_bias31": {"write": {"device_start": -1, "host_queued_start": 1585499842.05142, "device_queued": -1, "device_end": -1, "host_queued_end": 1585499842.056977}, "device": "cpu", "nd_range": {"device_start": 2167616.25657959, "device_end": 2167616.2585308733}, "cmdq": 3, "read": {"device_start": -1, "device_end": -1}}, "FFC_sans_bias16": {"write": {"device_start": -1, "host_queued_start": 1585499842.05559, "device_queued": -1, "device_end": -1, "host_queued_end": 1585499842.056977}, "device": "cpu", "nd_range": {"device_start": 2167616.2652384383, "device_end": 2167616.2678479003}, "cmdq": 1, "read": {"device_start": -1, "device_end": -1}}, "FFC_sans_bias19": {"write": {"device_start": -1, "host_queued_start": 1585499842.044959, "device_queued": -1, "device_end": -1, "host_queued_end": 1585499842.056977}, "device": "cpu", "nd_range": {"device_start": 2167616.2505482594, "device_end": 2167616.252499699}, "cmdq": 2, "read": {"device_start": -1, "device_end": -1}}, "FFC_sans_bias18": {"write": {"device_start": -1, "host_queued_start": 1585499842.044444, "device_queued": -1, "device_end": -1, "host_queued_end": 1585499842.056977}, "device": "cpu", "nd_range": {"device_start": 2167616.248650453, "device_end": 2167616.250606959}, "cmdq": 1, "read": {"device_start": -1, "device_end": -1}}, "coalesced_transpose30": {"write": {"device_start": -1, "host_queued_start": 1585499842.049835, "device_queued": -1, "device_end": -1, "host_queued_end": 1585499842.056977}, "device": "cpu", "nd_range": {"device_start": 2167616.256516722, "device_end": 2167616.256570681}, "cmdq": 3, "read": {"device_start": -1, "device_end": -1}}, "FFC_sans_bias69": {"write": {"device_start": -1, "host_queued_start": 1585499842.036767, "device_queued": -1, "device_end": -1, "host_queued_end": 1585499842.038372}, "device": "gpu", "nd_range": {"device_start": 1585499779.1301267, "device_end": 1585499779.1303282}, "cmdq": 3, "read": {"device_start": -1, "device_end": -1}}, "FFC_sans_bias38": {"write": {"device_start": -1, "host_queued_start": 1585499842.048536, "device_queued": -1, "device_end": -1, "host_queued_end": 1585499842.056977}, "device": "cpu", "nd_range": {"device_start": 2167616.260706021, "device_end": 2167616.262644599}, "cmdq": 4, "read": {"device_start": -1, "device_end": -1}}, "coalesced_transpose57": {"write": {"device_start": -1, "host_queued_start": 1585499842.034048, "device_queued": -1, "device_end": -1, "host_queued_end": 1585499842.038372}, "device": "gpu", "nd_range": {"device_start": 1585499779.129634, "device_end": 1585499779.1296864}, "cmdq": 1, "read": {"device_start": -1, "device_end": -1}}, "empty26": {"write": {"device_start": -1, "host_queued_start": 1585499842.039869, "device_queued": -1, "device_end": -1, "host_queued_end": 1585499842.056977}, "device": "cpu", "nd_range": {"device_start": 2167616.248618034, "device_end": 2167616.2486191723}, "cmdq": 2, "read": {"device_start": -1, "device_end": -1}}, "coalesced_transpose12": {"write": {"device_start": -1, "host_queued_start": 1585499842.049151, "device_queued": -1, "device_end": -1, "host_queued_end": 1585499842.056977}, "device": "cpu", "nd_range": {"device_start": 2167616.2609779, "device_end": 2167616.2610298283}, "cmdq": 1, "read": {"device_start": -1, "device_end": -1}}, "empty44": {"write": {"device_start": -1, "host_queued_start": 1585499842.040791, "device_queued": -1, "device_end": -1, "host_queued_end": 1585499842.056977}, "device": "cpu", "nd_range": {"device_start": 2167616.246762587, "device_end": 2167616.2467669453}, "cmdq": 4, "read": {"device_start": -1, "device_end": -1}}, "coalesced_transpose21": {"write": {"device_start": -1, "host_queued_start": 1585499842.049529, "device_queued": -1, "device_end": -1, "host_queued_end": 1585499842.056977}, "device": "cpu", "nd_range": {"device_start": 2167616.2544170152, "device_end": 2167616.2547284393}, "cmdq": 2, "read": {"device_start": -1, "device_end": -1}}, "FFC_sans_bias36": {"write": {"device_start": -1, "host_queued_start": 1585499842.047535, "device_queued": -1, "device_end": -1, "host_queued_end": 1585499842.056977}, "device": "cpu", "nd_range": {"device_start": 2167616.252504367, "device_end": 2167616.254413415}, "cmdq": 2, "read": {"device_start": -1, "device_end": -1}}, "softmax14": {"write": {"device_start": -1, "host_queued_start": 1585499842.052233, "device_queued": -1, "device_end": -1, "host_queued_end": 1585499842.056977}, "device": "cpu", "nd_range": {"device_start": 2167616.2629334643, "device_end": 2167616.262998272}, "cmdq": 1, "read": {"device_start": -1, "device_end": -1}}, "FFC_sans_bias13": {"write": {"device_start": -1, "host_queued_start": 1585499842.05079, "device_queued": -1, "device_end": -1, "host_queued_end": 1585499842.056977}, "device": "cpu", "nd_range": {"device_start": 2167616.261035108, "device_end": 2167616.2629278842}, "cmdq": 1, "read": {"device_start": -1, "device_end": -1}}, "empty8": {"write": {"device_start": -1, "host_queued_start": 1585499842.038976, "device_queued": -1, "device_end": -1, "host_queued_end": 1585499842.056977}, "device": "cpu", "nd_range": {"device_start": 2167616.246567427, "device_end": 2167616.24657814}, "cmdq": 0, "read": {"device_start": -1, "device_end": -1}}, "FFC_sans_bias42": {"write": {"device_start": -1, "host_queued_start": 1585499842.054624, "device_queued": -1, "device_end": -1, "host_queued_end": 1585499842.056977}, "device": "cpu", "nd_range": {"device_start": 2167616.266546444, "device_end": 2167616.267515969}, "cmdq": 4, "read": {"device_start": -1, "device_end": -1}}, "FFC_sans_bias43": {"write": {"device_start": -1, "host_queued_start": 1585499842.056934, "device_queued": -1, "device_end": -1, "host_queued_end": 1585499842.056977}, "device": "cpu", "nd_range": {"device_start": 2167616.267520626, "device_end": 2167616.2683372023}, "cmdq": 4, "read": {"device_start": -1, "device_end": -1}}, "FFC_sans_bias40": {"write": {"device_start": -1, "host_queued_start": 1585499842.051742, "device_queued": -1, "device_end": -1, "host_queued_end": 1585499842.056977}, "device": "cpu", "nd_range": {"device_start": 2167616.262849473, "device_end": 2167616.266461384}, "cmdq": 4, "read": {"device_start": -1, "device_end": -1}}, "softmax32": {"write": {"device_start": -1, "host_queued_start": 1585499842.052767, "device_queued": -1, "device_end": -1, "host_queued_end": 1585499842.056977}, "device": "cpu", "nd_range": {"device_start": 2167616.258537513, "device_end": 2167616.258579234}, "cmdq": 3, "read": {"device_start": -1, "device_end": -1}}, "FFC_sans_bias47": {"write": {"device_start": 1585499779.1291878, "host_queued_start": 1585499842.030292, "device_queued": 1585499779.1291647, "device_end": 1585499779.1291978, "host_queued_end": 1585499842.038372}, "device": "gpu", "nd_range": {"device_start": 1585499779.1292636, "device_end": 1585499779.129373}, "cmdq": 1, "read": {"device_start": -1, "device_end": -1}}, "FFC_sans_bias45": {"write": {"device_start": 1585499779.1290824, "host_queued_start": 1585499842.029235, "device_queued": 1585499779.129059, "device_end": 1585499779.129091, "host_queued_end": 1585499842.038372}, "device": "gpu", "nd_range": {"device_start": 1585499779.1291125, "device_end": 1585499779.1292317}, "cmdq": 3, "read": {"device_start": -1, "device_end": -1}}, "softmax50": {"write": {"device_start": -1, "host_queued_start": 1585499842.035476, "device_queued": -1, "device_end": -1, "host_queued_end": 1585499842.038372}, "device": "gpu", "nd_range": {"device_start": 1585499779.1298518, "device_end": 1585499779.1299574}, "cmdq": 2, "read": {"device_start": -1, "device_end": -1}}, "FFC_sans_bias33": {"write": {"device_start": -1, "host_queued_start": 1585499842.05428, "device_queued": -1, "device_end": -1, "host_queued_end": 1585499842.056977}, "device": "cpu", "nd_range": {"device_start": 2167616.2585872863, "device_end": 2167616.2605242333}, "cmdq": 3, "read": {"device_start": -1, "device_end": -1}}, "FFC_sans_bias63": {"write": {"device_start": 1585499779.1295106, "host_queued_start": 1585499842.033475, "device_queued": 1585499779.1294901, "device_end": 1585499779.1295192, "host_queued_end": 1585499842.038372}, "device": "gpu", "nd_range": {"device_start": 1585499779.1295478, "device_end": 1585499779.1297357}, "cmdq": 3, "read": {"device_start": -1, "device_end": -1}}, "FFC_sans_bias49": {"write": {"device_start": -1, "host_queued_start": 1585499842.034672, "device_queued": -1, "device_end": -1, "host_queued_end": 1585499842.038372}, "device": "gpu", "nd_range": {"device_start": 1585499779.129738, "device_end": 1585499779.129848}, "cmdq": 3, "read": {"device_start": -1, "device_end": -1}}, "FFC_sans_bias64": {"write": {"device_start": 1585499779.129375, "host_queued_start": 1585499842.032479, "device_queued": 1585499779.1293294, "device_end": 1585499779.1293838, "host_queued_end": 1585499842.038372}, "device": "gpu", "nd_range": {"device_start": 1585499779.1295228, "device_end": 1585499779.129633}, "cmdq": 1, "read": {"device_start": -1, "device_end": -1}}, "FFC_sans_bias65": {"write": {"device_start": 1585499779.1294878, "host_queued_start": 1585499842.032983, "device_queued": 1585499779.1294656, "device_end": 1585499779.129496, "host_queued_end": 1585499842.038372}, "device": "gpu", "nd_range": {"device_start": 1585499779.1295354, "device_end": 1585499779.129721}, "cmdq": 2, "read": {"device_start": -1, "device_end": -1}}, "FFC_sans_bias67": {"write": {"device_start": -1, "host_queued_start": 1585499842.035254, "device_queued": -1, "device_end": -1, "host_queued_end": 1585499842.038372}, "device": "gpu", "nd_range": {"device_start": 1585499779.1297443, "device_end": 1585499779.129947}, "cmdq": 1, "read": {"device_start": -1, "device_end": -1}}, "FFC_sans_bias24": {"write": {"device_start": -1, "host_queued_start": 1585499842.053957, "device_queued": -1, "device_end": -1, "host_queued_end": 1585499842.056977}, "device": "cpu", "nd_range": {"device_start": 2167616.262720305, "device_end": 2167616.264311023}, "cmdq": 2, "read": {"device_start": -1, "device_end": -1}}, "FFC_sans_bias25": {"write": {"device_start": -1, "host_queued_start": 1585499842.056036, "device_queued": -1, "device_end": -1, "host_queued_end": 1585499842.056977}, "device": "cpu", "nd_range": {"device_start": 2167616.264316568, "device_end": 2167616.266011036}, "cmdq": 2, "read": {"device_start": -1, "device_end": -1}}, "FFC_sans_bias27": {"write": {"device_start": -1, "host_queued_start": 1585499842.045989, "device_queued": -1, "device_end": -1, "host_queued_end": 1585499842.056977}, "device": "cpu", "nd_range": {"device_start": 2167616.258739536, "device_end": 2167616.2607005453}, "cmdq": 4, "read": {"device_start": -1, "device_end": -1}}, "FFC_sans_bias20": {"write": {"device_start": -1, "host_queued_start": 1585499842.045478, "device_queued": -1, "device_end": -1, "host_queued_end": 1585499842.056977}, "device": "cpu", "nd_range": {"device_start": 2167616.2525530923, "device_end": 2167616.254452162}, "cmdq": 3, "read": {"device_start": -1, "device_end": -1}}, "FFC_sans_bias22": {"write": {"device_start": -1, "host_queued_start": 1585499842.051113, "device_queued": -1, "device_end": -1, "host_queued_end": 1585499842.056977}, "device": "cpu", "nd_range": {"device_start": 2167616.2547627003, "device_end": 2167616.2567167063}, "cmdq": 2, "read": {"device_start": -1, "device_end": -1}}, "softmax68": {"write": {"device_start": -1, "host_queued_start": 1585499842.035911, "device_queued": -1, "device_end": -1, "host_queued_end": 1585499842.038372}, "device": "gpu", "nd_range": {"device_start": 1585499779.1299672, "device_end": 1585499779.1301014}, "cmdq": 0, "read": {"device_start": -1, "device_end": -1}}, "softmax5": {"write": {"device_start": -1, "host_queued_start": 1585499842.051997, "device_queued": -1, "device_end": -1, "host_queued_end": 1585499842.056977}, "device": "cpu", "nd_range": {"device_start": 2167616.2570159663, "device_end": 2167616.257064468}, "cmdq": 0, "read": {"device_start": -1, "device_end": -1}}, "FFC_sans_bias28": {"write": {"device_start": -1, "host_queued_start": 1585499842.046505, "device_queued": -1, "device_end": -1, "host_queued_end": 1585499842.056977}, "device": "cpu", "nd_range": {"device_start": 2167616.2505372614, "device_end": 2167616.2524759714}, "cmdq": 0, "read": {"device_start": -1, "device_end": -1}}, "FFC_sans_bias29": {"write": {"device_start": -1, "host_queued_start": 1585499842.047032, "device_queued": -1, "device_end": -1, "host_queued_end": 1585499842.056977}, "device": "cpu", "nd_range": {"device_start": 2167616.250611994, "device_end": 2167616.25254867}, "cmdq": 1, "read": {"device_start": -1, "device_end": -1}}, "empty17": {"write": {"device_start": -1, "host_queued_start": 1585499842.039439, "device_queued": -1, "device_end": -1, "host_queued_end": 1585499842.056977}, "device": "cpu", "nd_range": {"device_start": 2167616.246567492, "device_end": 2167616.246578106}, "cmdq": 1, "read": {"device_start": -1, "device_end": -1}}, "softmax59": {"write": {"device_start": -1, "host_queued_start": 1585499842.035689, "device_queued": -1, "device_end": -1, "host_queued_end": 1585499842.038372}, "device": "gpu", "nd_range": {"device_start": 1585499779.1299427, "device_end": 1585499779.1300502}, "cmdq": 3, "read": {"device_start": -1, "device_end": -1}}, "empty71": {"write": {"device_start": 1585499779.1290562, "host_queued_start": 1585499842.02867, "device_queued": 1585499779.1290324, "device_end": 1585499779.1290646, "host_queued_end": 1585499842.038372}, "device": "gpu", "nd_range": {"device_start": 1585499779.1290982, "device_end": 1585499779.129101}, "cmdq": 2, "read": {"device_start": -1, "device_end": -1}}, "empty35": {"write": {"device_start": -1, "host_queued_start": 1585499842.04034, "device_queued": -1, "device_end": -1, "host_queued_end": 1585499842.056977}, "device": "cpu", "nd_range": {"device_start": 2167616.246613683, "device_end": 2167616.246618228}, "cmdq": 3, "read": {"device_start": -1, "device_end": -1}}, "empty53": {"write": {"device_start": 1585499779.128998, "host_queued_start": 1585499842.027636, "device_queued": 1585499779.1289275, "device_end": 1585499779.1290064, "host_queued_end": 1585499842.038372}, "device": "gpu", "nd_range": {"device_start": 1585499779.1290078, "device_end": 1585499779.1290123}, "cmdq": 0, "read": {"device_start": -1, "device_end": -1}}, "FFC_sans_bias46": {"write": {"device_start": 1585499779.1291413, "host_queued_start": 1585499842.029787, "device_queued": 1585499779.1291206, "device_end": 1585499779.12915, "host_queued_end": 1585499842.038372}, "device": "gpu", "nd_range": {"device_start": 1585499779.1291583, "device_end": 1585499779.1292696}, "cmdq": 0, "read": {"device_start": -1, "device_end": -1}}, "coalesced_transpose66": {"write": {"device_start": -1, "host_queued_start": 1585499842.034334, "device_queued": -1, "device_end": -1, "host_queued_end": 1585499842.038372}, "device": "gpu", "nd_range": {"device_start": 1585499779.129722, "device_end": 1585499779.1297324}, "cmdq": 2, "read": {"device_start": -1, "device_end": -1}}, "coalesced_transpose48": {"write": {"device_start": -1, "host_queued_start": 1585499842.033776, "device_queued": -1, "device_end": -1, "host_queued_end": 1585499842.038372}, "device": "gpu", "nd_range": {"device_start": 1585499779.1295607, "device_end": 1585499779.1296723}, "cmdq": 0, "read": {"device_start": -1, "device_end": -1}}}