{"FFC_sans_bias60": {"write": {"device_start": -1, "host_queued_start": 1585499769.742335, "device_queued": -1, "device_end": -1, "host_queued_end": 1585499769.745812}, "device": "gpu", "nd_range": {"device_start": 1585499706.8406599, "device_end": 1585499706.8409436}, "cmdq": 2, "read": {"device_start": -1, "device_end": -1}}, "FFC_sans_bias4": {"write": {"device_start": -1, "host_queued_start": 1585499769.751357, "device_queued": -1, "device_end": -1, "host_queued_end": 1585499769.753909}, "device": "cpu", "nd_range": {"device_start": 2167543.9464992234, "device_end": 2167543.94808515}, "cmdq": 0, "read": {"device_start": -1, "device_end": -1}}, "FFC_sans_bias7": {"write": {"device_start": -1, "host_queued_start": 1585499769.75339, "device_queued": -1, "device_end": -1, "host_queued_end": 1585499769.753909}, "device": "cpu", "nd_range": {"device_start": 2167543.949190965, "device_end": 2167543.9501513173}, "cmdq": 0, "read": {"device_start": -1, "device_end": -1}}, "FFC_sans_bias6": {"write": {"device_start": -1, "host_queued_start": 1585499769.752544, "device_queued": -1, "device_end": -1, "host_queued_end": 1585499769.753909}, "device": "cpu", "nd_range": {"device_start": 2167543.948227885, "device_end": 2167543.949083021}, "cmdq": 0, "read": {"device_start": -1, "device_end": -1}}, "FFC_sans_bias1": {"write": {"device_start": -1, "host_queued_start": 1585499769.748188, "device_queued": -1, "device_end": -1, "host_queued_end": 1585499769.753909}, "device": "cpu", "nd_range": {"device_start": 2167543.943579121, "device_end": 2167543.944821267}, "cmdq": 1, "read": {"device_start": -1, "device_end": -1}}, "FFC_sans_bias0": {"write": {"device_start": -1, "host_queued_start": 1585499769.747656, "device_queued": -1, "device_end": -1, "host_queued_end": 1585499769.753909}, "device": "cpu", "nd_range": {"device_start": 2167543.94351642, "device_end": 2167543.944522737}, "cmdq": 0, "read": {"device_start": -1, "device_end": -1}}, "FFC_sans_bias2": {"write": {"device_start": -1, "host_queued_start": 1585499769.748771, "device_queued": -1, "device_end": -1, "host_queued_end": 1585499769.753909}, "device": "cpu", "nd_range": {"device_start": 2167543.9446227034, "device_end": 2167543.94558303}, "cmdq": 0, "read": {"device_start": -1, "device_end": -1}}, "FFC_sans_bias61": {"write": {"device_start": 1585499706.8412015, "host_queued_start": 1585499769.74517, "device_queued": 1585499706.840553, "device_end": 1585499706.841211, "host_queued_end": 1585499769.745812}, "device": "gpu", "nd_range": {"device_start": 1585499706.8412127, "device_end": 1585499706.8413305}, "cmdq": 0, "read": {"device_start": 1585499706.8413413, "device_end": 1585499706.8413608}}, "FFC_sans_bias52": {"write": {"device_start": 1585499706.841024, "host_queued_start": 1585499769.744661, "device_queued": 1585499706.840401, "device_end": 1585499706.8410323, "host_queued_end": 1585499769.745812}, "device": "gpu", "nd_range": {"device_start": 1585499706.8410344, "device_end": 1585499706.8412538}, "cmdq": 3, "read": {"device_start": 1585499706.8412623, "device_end": 1585499706.8412693}}, "FFC_sans_bias9": {"write": {"device_start": -1, "host_queued_start": 1585499769.749415, "device_queued": -1, "device_end": -1, "host_queued_end": 1585499769.753909}, "device": "cpu", "nd_range": {"device_start": 2167543.944931313, "device_end": 2167543.945892516}, "cmdq": 1, "read": {"device_start": -1, "device_end": -1}}, "coalesced_transpose39": {"write": {"device_start": -1, "host_queued_start": 1585499769.736897, "device_queued": -1, "device_end": -1, "host_queued_end": 1585499769.745812}, "device": "gpu", "nd_range": {"device_start": 1585499706.8400552, "device_end": 1585499706.8400667}, "cmdq": 2, "read": {"device_start": -1, "device_end": -1}}, "FFC_sans_bias55": {"write": {"device_start": 1585499706.8396983, "host_queued_start": 1585499769.734525, "device_queued": 1585499706.8396409, "device_end": 1585499706.839707, "host_queued_end": 1585499769.745812}, "device": "gpu", "nd_range": {"device_start": 1585499706.8397086, "device_end": 1585499706.8399203}, "cmdq": 0, "read": {"device_start": -1, "device_end": -1}}, "FFC_sans_bias54": {"write": {"device_start": 1585499706.8396206, "host_queued_start": 1585499769.734024, "device_queued": 1585499706.8394809, "device_end": 1585499706.8396294, "host_queued_end": 1585499769.745812}, "device": "gpu", "nd_range": {"device_start": 1585499706.839637, "device_end": 1585499706.8398924}, "cmdq": 3, "read": {"device_start": -1, "device_end": -1}}, "FFC_sans_bias56": {"write": {"device_start": 1585499706.8395672, "host_queued_start": 1585499769.733529, "device_queued": 1585499706.8394582, "device_end": 1585499706.839576, "host_queued_end": 1585499769.745812}, "device": "gpu", "nd_range": {"device_start": 1585499706.8396158, "device_end": 1585499706.8398185}, "cmdq": 2, "read": {"device_start": -1, "device_end": -1}}, "FFC_sans_bias51": {"write": {"device_start": -1, "host_queued_start": 1585499769.74205, "device_queued": -1, "device_end": -1, "host_queued_end": 1585499769.745812}, "device": "gpu", "nd_range": {"device_start": 1585499706.8406522, "device_end": 1585499706.840855}, "cmdq": 1, "read": {"device_start": -1, "device_end": -1}}, "softmax23": {"write": {"device_start": -1, "host_queued_start": 1585499769.739779, "device_queued": -1, "device_end": -1, "host_queued_end": 1585499769.745812}, "device": "gpu", "nd_range": {"device_start": 1585499706.840312, "device_end": 1585499706.8405182}, "cmdq": 0, "read": {"device_start": -1, "device_end": -1}}, "FFC_sans_bias37": {"write": {"device_start": 1585499706.8392854, "host_queued_start": 1585499769.731046, "device_queued": 1585499706.8392615, "device_end": 1585499706.839294, "host_queued_end": 1585499769.745812}, "device": "gpu", "nd_range": {"device_start": 1585499706.8393476, "device_end": 1585499706.839511}, "cmdq": 1, "read": {"device_start": -1, "device_end": -1}}, "empty62": {"write": {"device_start": 1585499706.8387754, "host_queued_start": 1585499769.726431, "device_queued": 1585499706.8387504, "device_end": 1585499706.8387842, "host_queued_end": 1585499769.745812}, "device": "gpu", "nd_range": {"device_start": 1585499706.8387854, "device_end": 1585499706.8387887}, "cmdq": 0, "read": {"device_start": -1, "device_end": -1}}, "FFC_sans_bias70": {"write": {"device_start": 1585499706.8412344, "host_queued_start": 1585499769.745672, "device_queued": 1585499706.840605, "device_end": 1585499706.8412483, "host_queued_end": 1585499769.745812}, "device": "gpu", "nd_range": {"device_start": 1585499706.8412507, "device_end": 1585499706.8413763}, "cmdq": 1, "read": {"device_start": 1585499706.8413863, "device_end": 1585499706.8414001}}, "FFC_sans_bias58": {"write": {"device_start": -1, "host_queued_start": 1585499769.739251, "device_queued": -1, "device_end": -1, "host_queued_end": 1585499769.745812}, "device": "gpu", "nd_range": {"device_start": 1585499706.8403084, "device_end": 1585499706.8404584}, "cmdq": 2, "read": {"device_start": -1, "device_end": -1}}, "softmax41": {"write": {"device_start": -1, "host_queued_start": 1585499769.740224, "device_queued": -1, "device_end": -1, "host_queued_end": 1585499769.745812}, "device": "gpu", "nd_range": {"device_start": 1585499706.8404596, "device_end": 1585499706.8405414}, "cmdq": 2, "read": {"device_start": -1, "device_end": -1}}, "FFC_sans_bias11": {"write": {"device_start": -1, "host_queued_start": 1585499769.750425, "device_queued": -1, "device_end": -1, "host_queued_end": 1585499769.753909}, "device": "cpu", "nd_range": {"device_start": 2167543.945991753, "device_end": 2167543.946851736}, "cmdq": 1, "read": {"device_start": -1, "device_end": -1}}, "FFC_sans_bias10": {"write": {"device_start": -1, "host_queued_start": 1585499769.749918, "device_queued": -1, "device_end": -1, "host_queued_end": 1585499769.753909}, "device": "cpu", "nd_range": {"device_start": 2167543.9455943373, "device_end": 2167543.946435219}, "cmdq": 0, "read": {"device_start": -1, "device_end": -1}}, "coalesced_transpose3": {"write": {"device_start": -1, "host_queued_start": 1585499769.75074, "device_queued": -1, "device_end": -1, "host_queued_end": 1585499769.753909}, "device": "cpu", "nd_range": {"device_start": 2167543.9464403363, "device_end": 2167543.946495161}, "cmdq": 0, "read": {"device_start": -1, "device_end": -1}}, "FFC_sans_bias34": {"write": {"device_start": 1585499706.840856, "host_queued_start": 1585499769.743662, "device_queued": 1585499706.8403575, "device_end": 1585499706.8408647, "host_queued_end": 1585499769.745812}, "device": "gpu", "nd_range": {"device_start": 1585499706.8408663, "device_end": 1585499706.8411477}, "cmdq": 1, "read": {"device_start": 1585499706.8411512, "device_end": 1585499706.8411741}}, "FFC_sans_bias15": {"write": {"device_start": -1, "host_queued_start": 1585499769.75287, "device_queued": -1, "device_end": -1, "host_queued_end": 1585499769.753909}, "device": "cpu", "nd_range": {"device_start": 2167543.948501007, "device_end": 2167543.949480426}, "cmdq": 1, "read": {"device_start": -1, "device_end": -1}}, "FFC_sans_bias31": {"write": {"device_start": -1, "host_queued_start": 1585499769.738336, "device_queued": -1, "device_end": -1, "host_queued_end": 1585499769.745812}, "device": "gpu", "nd_range": {"device_start": 1585499706.8401155, "device_end": 1585499706.840316}, "cmdq": 3, "read": {"device_start": -1, "device_end": -1}}, "FFC_sans_bias16": {"write": {"device_start": -1, "host_queued_start": 1585499769.753864, "device_queued": -1, "device_end": -1, "host_queued_end": 1585499769.753909}, "device": "cpu", "nd_range": {"device_start": 2167543.94948851, "device_end": 2167543.950433101}, "cmdq": 1, "read": {"device_start": -1, "device_end": -1}}, "FFC_sans_bias19": {"write": {"device_start": 1585499706.8388934, "host_queued_start": 1585499769.727862, "device_queued": 1585499706.8388662, "device_end": 1585499706.838902, "host_queued_end": 1585499769.745812}, "device": "gpu", "nd_range": {"device_start": 1585499706.838927, "device_end": 1585499706.839112}, "cmdq": 3, "read": {"device_start": -1, "device_end": -1}}, "FFC_sans_bias18": {"write": {"device_start": 1585499706.838865, "host_queued_start": 1585499769.727361, "device_queued": 1585499706.8388314, "device_end": 1585499706.8388753, "host_queued_end": 1585499769.745812}, "device": "gpu", "nd_range": {"device_start": 1585499706.838915, "device_end": 1585499706.8390348}, "cmdq": 2, "read": {"device_start": -1, "device_end": -1}}, "coalesced_transpose30": {"write": {"device_start": -1, "host_queued_start": 1585499769.736618, "device_queued": -1, "device_end": -1, "host_queued_end": 1585499769.745812}, "device": "gpu", "nd_range": {"device_start": 1585499706.8399954, "device_end": 1585499706.8400393}, "cmdq": 1, "read": {"device_start": -1, "device_end": -1}}, "FFC_sans_bias69": {"write": {"device_start": -1, "host_queued_start": 1585499769.742654, "device_queued": -1, "device_end": -1, "host_queued_end": 1585499769.745812}, "device": "gpu", "nd_range": {"device_start": 1585499706.8407457, "device_end": 1585499706.8410225}, "cmdq": 3, "read": {"device_start": -1, "device_end": -1}}, "FFC_sans_bias38": {"write": {"device_start": 1585499706.839312, "host_queued_start": 1585499769.731545, "device_queued": 1585499706.8392859, "device_end": 1585499706.8393207, "host_queued_end": 1585499769.745812}, "device": "gpu", "nd_range": {"device_start": 1585499706.8393586, "device_end": 1585499706.8395648}, "cmdq": 2, "read": {"device_start": -1, "device_end": -1}}, "coalesced_transpose57": {"write": {"device_start": -1, "host_queued_start": 1585499769.737443, "device_queued": -1, "device_end": -1, "host_queued_end": 1585499769.745812}, "device": "gpu", "nd_range": {"device_start": 1585499706.8400314, "device_end": 1585499706.8400476}, "cmdq": 0, "read": {"device_start": -1, "device_end": -1}}, "empty26": {"write": {"device_start": 1585499706.8385916, "host_queued_start": 1585499769.724553, "device_queued": 1585499706.8385575, "device_end": 1585499706.8386, "host_queued_end": 1585499769.745812}, "device": "gpu", "nd_range": {"device_start": 1585499706.838618, "device_end": 1585499706.8386312}, "cmdq": 0, "read": {"device_start": -1, "device_end": -1}}, "coalesced_transpose12": {"write": {"device_start": -1, "host_queued_start": 1585499769.751032, "device_queued": -1, "device_end": -1, "host_queued_end": 1585499769.753909}, "device": "cpu", "nd_range": {"device_start": 2167543.946963644, "device_end": 2167543.9470316283}, "cmdq": 1, "read": {"device_start": -1, "device_end": -1}}, "empty44": {"write": {"device_start": 1585499706.83869, "host_queued_start": 1585499769.725596, "device_queued": 1585499706.8386617, "device_end": 1585499706.838699, "host_queued_end": 1585499769.745812}, "device": "gpu", "nd_range": {"device_start": 1585499706.8387344, "device_end": 1585499706.8387377}, "cmdq": 2, "read": {"device_start": -1, "device_end": -1}}, "coalesced_transpose21": {"write": {"device_start": -1, "host_queued_start": 1585499769.736349, "device_queued": -1, "device_end": -1, "host_queued_end": 1585499769.745812}, "device": "gpu", "nd_range": {"device_start": 1585499706.8399215, "device_end": 1585499706.8400302}, "cmdq": 0, "read": {"device_start": -1, "device_end": -1}}, "FFC_sans_bias36": {"write": {"device_start": 1585499706.8392441, "host_queued_start": 1585499769.730504, "device_queued": 1585499706.8392203, "device_end": 1585499706.839253, "host_queued_end": 1585499769.745812}, "device": "gpu", "nd_range": {"device_start": 1585499706.8392572, "device_end": 1585499706.8394196}, "cmdq": 0, "read": {"device_start": -1, "device_end": -1}}, "softmax14": {"write": {"device_start": -1, "host_queued_start": 1585499769.752213, "device_queued": -1, "device_end": -1, "host_queued_end": 1585499769.753909}, "device": "cpu", "nd_range": {"device_start": 2167543.948293031, "device_end": 2167543.948485269}, "cmdq": 1, "read": {"device_start": -1, "device_end": -1}}, "FFC_sans_bias13": {"write": {"device_start": -1, "host_queued_start": 1585499769.751702, "device_queued": -1, "device_end": -1, "host_queued_end": 1585499769.753909}, "device": "cpu", "nd_range": {"device_start": 2167543.947137761, "device_end": 2167543.948150287}, "cmdq": 1, "read": {"device_start": -1, "device_end": -1}}, "empty8": {"write": {"device_start": -1, "host_queued_start": 1585499769.746543, "device_queued": -1, "device_end": -1, "host_queued_end": 1585499769.753909}, "device": "cpu", "nd_range": {"device_start": 2167543.943490459, "device_end": 2167543.943499923}, "cmdq": 0, "read": {"device_start": -1, "device_end": -1}}, "FFC_sans_bias42": {"write": {"device_start": -1, "host_queued_start": 1585499769.741758, "device_queued": -1, "device_end": -1, "host_queued_end": 1585499769.745812}, "device": "gpu", "nd_range": {"device_start": 1585499706.840635, "device_end": 1585499706.8408365}, "cmdq": 0, "read": {"device_start": -1, "device_end": -1}}, "FFC_sans_bias43": {"write": {"device_start": 1585499706.8409448, "host_queued_start": 1585499769.744166, "device_queued": 1585499706.8403785, "device_end": 1585499706.8409534, "host_queued_end": 1585499769.745812}, "device": "gpu", "nd_range": {"device_start": 1585499706.8409555, "device_end": 1585499706.8411527}, "cmdq": 2, "read": {"device_start": 1585499706.8411863, "device_end": 1585499706.8412054}}, "FFC_sans_bias40": {"write": {"device_start": -1, "host_queued_start": 1585499769.738665, "device_queued": -1, "device_end": -1, "host_queued_end": 1585499769.745812}, "device": "gpu", "nd_range": {"device_start": 1585499706.8401065, "device_end": 1585499706.8402147}, "cmdq": 0, "read": {"device_start": -1, "device_end": -1}}, "softmax32": {"write": {"device_start": -1, "host_queued_start": 1585499769.739996, "device_queued": -1, "device_end": -1, "host_queued_end": 1585499769.745812}, "device": "gpu", "nd_range": {"device_start": 1585499706.8404133, "device_end": 1585499706.8404918}, "cmdq": 1, "read": {"device_start": -1, "device_end": -1}}, "FFC_sans_bias47": {"write": {"device_start": 1585499706.8395128, "host_queued_start": 1585499769.733038, "device_queued": 1585499706.839425, "device_end": 1585499706.8395216, "host_queued_end": 1585499769.745812}, "device": "gpu", "nd_range": {"device_start": 1585499706.8395226, "device_end": 1585499706.8397572}, "cmdq": 1, "read": {"device_start": -1, "device_end": -1}}, "FFC_sans_bias45": {"write": {"device_start": 1585499706.8393972, "host_queued_start": 1585499769.73204, "device_queued": 1585499706.839314, "device_end": 1585499706.8394058, "host_queued_end": 1585499769.745812}, "device": "gpu", "nd_range": {"device_start": 1585499706.8394144, "device_end": 1585499706.8396196}, "cmdq": 3, "read": {"device_start": -1, "device_end": -1}}, "softmax50": {"write": {"device_start": -1, "host_queued_start": 1585499769.740455, "device_queued": -1, "device_end": -1, "host_queued_end": 1585499769.745812}, "device": "gpu", "nd_range": {"device_start": 1585499706.8405128, "device_end": 1585499706.8406236}, "cmdq": 3, "read": {"device_start": -1, "device_end": -1}}, "FFC_sans_bias33": {"write": {"device_start": -1, "host_queued_start": 1585499769.741461, "device_queued": -1, "device_end": -1, "host_queued_end": 1585499769.745812}, "device": "gpu", "nd_range": {"device_start": 1585499706.8406267, "device_end": 1585499706.8407419}, "cmdq": 3, "read": {"device_start": -1, "device_end": -1}}, "FFC_sans_bias63": {"write": {"device_start": 1585499706.8398945, "host_queued_start": 1585499769.736045, "device_queued": 1585499706.83973, "device_end": 1585499706.8399034, "host_queued_end": 1585499769.745812}, "device": "gpu", "nd_range": {"device_start": 1585499706.8399043, "device_end": 1585499706.8401027}, "cmdq": 3, "read": {"device_start": -1, "device_end": -1}}, "FFC_sans_bias49": {"write": {"device_start": -1, "host_queued_start": 1585499769.738966, "device_queued": -1, "device_end": -1, "host_queued_end": 1585499769.745812}, "device": "gpu", "nd_range": {"device_start": 1585499706.840119, "device_end": 1585499706.840408}, "cmdq": 1, "read": {"device_start": -1, "device_end": -1}}, "FFC_sans_bias64": {"write": {"device_start": 1585499706.839759, "host_queued_start": 1585499769.735054, "device_queued": 1585499706.8396795, "device_end": 1585499706.839768, "host_queued_end": 1585499769.745812}, "device": "gpu", "nd_range": {"device_start": 1585499706.839769, "device_end": 1585499706.8399942}, "cmdq": 1, "read": {"device_start": -1, "device_end": -1}}, "FFC_sans_bias65": {"write": {"device_start": 1585499706.8398206, "host_queued_start": 1585499769.735554, "device_queued": 1585499706.8397043, "device_end": 1585499706.8398294, "host_queued_end": 1585499769.745812}, "device": "gpu", "nd_range": {"device_start": 1585499706.8398306, "device_end": 1585499706.8400538}, "cmdq": 2, "read": {"device_start": -1, "device_end": -1}}, "FFC_sans_bias67": {"write": {"device_start": -1, "host_queued_start": 1585499769.739542, "device_queued": -1, "device_end": -1, "host_queued_end": 1585499769.745812}, "device": "gpu", "nd_range": {"device_start": 1585499706.8403177, "device_end": 1585499706.8405087}, "cmdq": 3, "read": {"device_start": -1, "device_end": -1}}, "FFC_sans_bias24": {"write": {"device_start": -1, "host_queued_start": 1585499769.741182, "device_queued": -1, "device_end": -1, "host_queued_end": 1585499769.745812}, "device": "gpu", "nd_range": {"device_start": 1585499706.840545, "device_end": 1585499706.8406568}, "cmdq": 2, "read": {"device_start": -1, "device_end": -1}}, "FFC_sans_bias25": {"write": {"device_start": 1585499706.8408384, "host_queued_start": 1585499769.743144, "device_queued": 1585499706.840321, "device_end": 1585499706.8408473, "host_queued_end": 1585499769.745812}, "device": "gpu", "nd_range": {"device_start": 1585499706.840849, "device_end": 1585499706.8410487}, "cmdq": 0, "read": {"device_start": 1585499706.8410559, "device_end": 1585499706.8410726}}, "FFC_sans_bias27": {"write": {"device_start": 1585499706.8390234, "host_queued_start": 1585499769.728859, "device_queued": 1585499706.8389919, "device_end": 1585499706.8390334, "host_queued_end": 1585499769.745812}, "device": "gpu", "nd_range": {"device_start": 1585499706.8390868, "device_end": 1585499706.8392243}, "cmdq": 1, "read": {"device_start": -1, "device_end": -1}}, "FFC_sans_bias20": {"write": {"device_start": 1585499706.8389628, "host_queued_start": 1585499769.728363, "device_queued": 1585499706.838935, "device_end": 1585499706.8389711, "host_queued_end": 1585499769.745812}, "device": "gpu", "nd_range": {"device_start": 1585499706.8389857, "device_end": 1585499706.8391354}, "cmdq": 0, "read": {"device_start": -1, "device_end": -1}}, "FFC_sans_bias22": {"write": {"device_start": -1, "host_queued_start": 1585499769.738034, "device_queued": -1, "device_end": -1, "host_queued_end": 1585499769.745812}, "device": "gpu", "nd_range": {"device_start": 1585499706.8401108, "device_end": 1585499706.8403063}, "cmdq": 2, "read": {"device_start": -1, "device_end": -1}}, "softmax68": {"write": {"device_start": -1, "host_queued_start": 1585499769.74089, "device_queued": -1, "device_end": -1, "host_queued_end": 1585499769.745812}, "device": "gpu", "nd_range": {"device_start": 1585499706.8405263, "device_end": 1585499706.8406482}, "cmdq": 1, "read": {"device_start": -1, "device_end": -1}}, "softmax5": {"write": {"device_start": -1, "host_queued_start": 1585499769.751952, "device_queued": -1, "device_end": -1, "host_queued_end": 1585499769.753909}, "device": "cpu", "nd_range": {"device_start": 2167543.948170956, "device_end": 2167543.9482109863}, "cmdq": 0, "read": {"device_start": -1, "device_end": -1}}, "FFC_sans_bias28": {"write": {"device_start": 1585499706.8390505, "host_queued_start": 1585499769.7295, "device_queued": 1585499706.839025, "device_end": 1585499706.8390603, "host_queued_end": 1585499769.745812}, "device": "gpu", "nd_range": {"device_start": 1585499706.8391986, "device_end": 1585499706.8393075}, "cmdq": 2, "read": {"device_start": -1, "device_end": -1}}, "FFC_sans_bias29": {"write": {"device_start": 1585499706.8391144, "host_queued_start": 1585499769.730004, "device_queued": 1585499706.839052, "device_end": 1585499706.8391228, "host_queued_end": 1585499769.745812}, "device": "gpu", "nd_range": {"device_start": 1585499706.839214, "device_end": 1585499706.8393943}, "cmdq": 3, "read": {"device_start": -1, "device_end": -1}}, "empty17": {"write": {"device_start": -1, "host_queued_start": 1585499769.747085, "device_queued": -1, "device_end": -1, "host_queued_end": 1585499769.753909}, "device": "cpu", "nd_range": {"device_start": 2167543.9434905103, "device_end": 2167543.94349995}, "cmdq": 1, "read": {"device_start": -1, "device_end": -1}}, "softmax59": {"write": {"device_start": -1, "host_queued_start": 1585499769.740669, "device_queued": -1, "device_end": -1, "host_queued_end": 1585499769.745812}, "device": "gpu", "nd_range": {"device_start": 1585499706.8405204, "device_end": 1585499706.8406308}, "cmdq": 0, "read": {"device_start": -1, "device_end": -1}}, "empty71": {"write": {"device_start": 1585499706.8388295, "host_queued_start": 1585499769.726834, "device_queued": 1585499706.8387873, "device_end": 1585499706.8388383, "host_queued_end": 1585499769.745812}, "device": "gpu", "nd_range": {"device_start": 1585499706.8389044, "device_end": 1585499706.8389077}, "cmdq": 1, "read": {"device_start": -1, "device_end": -1}}, "empty35": {"write": {"device_start": 1585499706.8386593, "host_queued_start": 1585499769.725184, "device_queued": 1585499706.8386354, "device_end": 1585499706.8386679, "host_queued_end": 1585499769.745812}, "device": "gpu", "nd_range": {"device_start": 1585499706.838729, "device_end": 1585499706.8387322}, "cmdq": 1, "read": {"device_start": -1, "device_end": -1}}, "empty53": {"write": {"device_start": 1585499706.838718, "host_queued_start": 1585499769.726005, "device_queued": 1585499706.8386922, "device_end": 1585499706.8387265, "host_queued_end": 1585499769.745812}, "device": "gpu", "nd_range": {"device_start": 1585499706.8387415, "device_end": 1585499706.8387449}, "cmdq": 3, "read": {"device_start": -1, "device_end": -1}}, "FFC_sans_bias46": {"write": {"device_start": 1585499706.8394215, "host_queued_start": 1585499769.732533, "device_queued": 1585499706.8393755, "device_end": 1585499706.8394306, "host_queued_end": 1585499769.745812}, "device": "gpu", "nd_range": {"device_start": 1585499706.8394318, "device_end": 1585499706.8396938}, "cmdq": 0, "read": {"device_start": -1, "device_end": -1}}, "coalesced_transpose66": {"write": {"device_start": -1, "host_queued_start": 1585499769.737722, "device_queued": -1, "device_end": -1, "host_queued_end": 1585499769.745812}, "device": "gpu", "nd_range": {"device_start": 1585499706.8400404, "device_end": 1585499706.8400595}, "cmdq": 1, "read": {"device_start": -1, "device_end": -1}}, "coalesced_transpose48": {"write": {"device_start": -1, "host_queued_start": 1585499769.737178, "device_queued": -1, "device_end": -1, "host_queued_end": 1585499769.745812}, "device": "gpu", "nd_range": {"device_start": 1585499706.840104, "device_end": 1585499706.8401132}, "cmdq": 3, "read": {"device_start": -1, "device_end": -1}}}