{"FFC_sans_bias60": {"write": {"device_start": -1, "host_queued_start": 1585499780.398554, "device_queued": -1, "device_end": -1, "host_queued_end": 1585499780.399995}, "device": "gpu", "nd_range": {"device_start": 1585499717.4931645, "device_end": 1585499717.4932764}, "cmdq": 2, "read": {"device_start": -1, "device_end": -1}}, "FFC_sans_bias4": {"write": {"device_start": -1, "host_queued_start": 1585499780.414108, "device_queued": -1, "device_end": -1, "host_queued_end": 1585499780.422046}, "device": "cpu", "nd_range": {"device_start": 2167554.621473229, "device_end": 2167554.6225301092}, "cmdq": 0, "read": {"device_start": -1, "device_end": -1}}, "FFC_sans_bias7": {"write": {"device_start": -1, "host_queued_start": 1585499780.419697, "device_queued": -1, "device_end": -1, "host_queued_end": 1585499780.422046}, "device": "cpu", "nd_range": {"device_start": 2167554.628750738, "device_end": 2167554.6297156843}, "cmdq": 0, "read": {"device_start": -1, "device_end": -1}}, "FFC_sans_bias6": {"write": {"device_start": -1, "host_queued_start": 1585499780.417573, "device_queued": -1, "device_end": -1, "host_queued_end": 1585499780.422046}, "device": "cpu", "nd_range": {"device_start": 2167554.625010812, "device_end": 2167554.6257434674}, "cmdq": 0, "read": {"device_start": -1, "device_end": -1}}, "FFC_sans_bias1": {"write": {"device_start": -1, "host_queued_start": 1585499780.403681, "device_queued": -1, "device_end": -1, "host_queued_end": 1585499780.422046}, "device": "cpu", "nd_range": {"device_start": 2167554.6116770203, "device_end": 2167554.61292753}, "cmdq": 1, "read": {"device_start": -1, "device_end": -1}}, "FFC_sans_bias0": {"write": {"device_start": -1, "host_queued_start": 1585499780.403179, "device_queued": -1, "device_end": -1, "host_queued_end": 1585499780.422046}, "device": "cpu", "nd_range": {"device_start": 2167554.6116804113, "device_end": 2167554.6127964472}, "cmdq": 0, "read": {"device_start": -1, "device_end": -1}}, "FFC_sans_bias2": {"write": {"device_start": -1, "host_queued_start": 1585499780.404197, "device_queued": -1, "device_end": -1, "host_queued_end": 1585499780.422046}, "device": "cpu", "nd_range": {"device_start": 2167554.612802052, "device_end": 2167554.613524395}, "cmdq": 0, "read": {"device_start": -1, "device_end": -1}}, "FFC_sans_bias61": {"write": {"device_start": 1585499717.493141, "host_queued_start": 1585499780.399362, "device_queued": 1585499717.4928734, "device_end": 1585499717.4931498, "host_queued_end": 1585499780.399995}, "device": "gpu", "nd_range": {"device_start": 1585499717.493279, "device_end": 1585499717.4933877}, "cmdq": 0, "read": {"device_start": 1585499717.4933918, "device_end": 1585499717.493399}}, "FFC_sans_bias52": {"write": {"device_start": -1, "host_queued_start": 1585499780.422002, "device_queued": -1, "device_end": -1, "host_queued_end": 1585499780.422046}, "device": "cpu", "nd_range": {"device_start": 2167554.630334259, "device_end": 2167554.631293795}, "cmdq": 1, "read": {"device_start": -1, "device_end": -1}}, "FFC_sans_bias9": {"write": {"device_start": -1, "host_queued_start": 1585499780.404707, "device_queued": -1, "device_end": -1, "host_queued_end": 1585499780.422046}, "device": "cpu", "nd_range": {"device_start": 2167554.6129366662, "device_end": 2167554.614287373}, "cmdq": 1, "read": {"device_start": -1, "device_end": -1}}, "coalesced_transpose39": {"write": {"device_start": -1, "host_queued_start": 1585499780.413403, "device_queued": -1, "device_end": -1, "host_queued_end": 1585499780.422046}, "device": "cpu", "nd_range": {"device_start": 2167554.621437846, "device_end": 2167554.621461402}, "cmdq": 0, "read": {"device_start": -1, "device_end": -1}}, "FFC_sans_bias55": {"write": {"device_start": 1585499717.4925153, "host_queued_start": 1585499780.394968, "device_queued": 1585499717.492496, "device_end": 1585499717.4925241, "host_queued_end": 1585499780.399995}, "device": "gpu", "nd_range": {"device_start": 1585499717.4925272, "device_end": 1585499717.4926991}, "cmdq": 0, "read": {"device_start": -1, "device_end": -1}}, "FFC_sans_bias54": {"write": {"device_start": 1585499717.492458, "host_queued_start": 1585499780.394412, "device_queued": 1585499717.4924355, "device_end": 1585499717.4924667, "host_queued_end": 1585499780.399995}, "device": "gpu", "nd_range": {"device_start": 1585499717.492489, "device_end": 1585499717.4926763}, "cmdq": 3, "read": {"device_start": -1, "device_end": -1}}, "FFC_sans_bias56": {"write": {"device_start": 1585499717.4924343, "host_queued_start": 1585499780.393884, "device_queued": 1585499717.4924138, "device_end": 1585499717.4924433, "host_queued_end": 1585499780.399995}, "device": "gpu", "nd_range": {"device_start": 1585499717.4924781, "device_end": 1585499717.4925895}, "cmdq": 2, "read": {"device_start": -1, "device_end": -1}}, "FFC_sans_bias51": {"write": {"device_start": -1, "host_queued_start": 1585499780.419189, "device_queued": -1, "device_end": -1, "host_queued_end": 1585499780.422046}, "device": "cpu", "nd_range": {"device_start": 2167554.6273350283, "device_end": 2167554.628190938}, "cmdq": 1, "read": {"device_start": -1, "device_end": -1}}, "softmax23": {"write": {"device_start": -1, "host_queued_start": 1585499780.41646, "device_queued": -1, "device_end": -1, "host_queued_end": 1585499780.422046}, "device": "cpu", "nd_range": {"device_start": 2167554.62471053, "device_end": 2167554.624770807}, "cmdq": 0, "read": {"device_start": -1, "device_end": -1}}, "FFC_sans_bias37": {"write": {"device_start": -1, "host_queued_start": 1585499780.409825, "device_queued": -1, "device_end": -1, "host_queued_end": 1585499780.422046}, "device": "cpu", "nd_range": {"device_start": 2167554.618413595, "device_end": 2167554.6193824983}, "cmdq": 1, "read": {"device_start": -1, "device_end": -1}}, "empty62": {"write": {"device_start": 1585499717.4923582, "host_queued_start": 1585499780.392697, "device_queued": 1585499717.492326, "device_end": 1585499717.492367, "host_queued_end": 1585499780.399995}, "device": "gpu", "nd_range": {"device_start": 1585499717.4923718, "device_end": 1585499717.492384}, "cmdq": 0, "read": {"device_start": -1, "device_end": -1}}, "FFC_sans_bias70": {"write": {"device_start": 1585499717.4931533, "host_queued_start": 1585499780.39989, "device_queued": 1585499717.4929087, "device_end": 1585499717.493162, "host_queued_end": 1585499780.399995}, "device": "gpu", "nd_range": {"device_start": 1585499717.4933612, "device_end": 1585499717.4934676}, "cmdq": 1, "read": {"device_start": 1585499717.4934735, "device_end": 1585499717.4934814}}, "FFC_sans_bias58": {"write": {"device_start": -1, "host_queued_start": 1585499780.397502, "device_queued": -1, "device_end": -1, "host_queued_end": 1585499780.399995}, "device": "gpu", "nd_range": {"device_start": 1585499717.492898, "device_end": 1585499717.4930515}, "cmdq": 2, "read": {"device_start": -1, "device_end": -1}}, "softmax41": {"write": {"device_start": -1, "host_queued_start": 1585499780.416977, "device_queued": -1, "device_end": -1, "host_queued_end": 1585499780.422046}, "device": "cpu", "nd_range": {"device_start": 2167554.6248745453, "device_end": 2167554.624909331}, "cmdq": 0, "read": {"device_start": -1, "device_end": -1}}, "FFC_sans_bias11": {"write": {"device_start": -1, "host_queued_start": 1585499780.405724, "device_queued": -1, "device_end": -1, "host_queued_end": 1585499780.422046}, "device": "cpu", "nd_range": {"device_start": 2167554.614295424, "device_end": 2167554.615259876}, "cmdq": 1, "read": {"device_start": -1, "device_end": -1}}, "FFC_sans_bias10": {"write": {"device_start": -1, "host_queued_start": 1585499780.40521, "device_queued": -1, "device_end": -1, "host_queued_end": 1585499780.422046}, "device": "cpu", "nd_range": {"device_start": 2167554.613528933, "device_end": 2167554.614369114}, "cmdq": 0, "read": {"device_start": -1, "device_end": -1}}, "coalesced_transpose3": {"write": {"device_start": -1, "host_queued_start": 1585499780.412176, "device_queued": -1, "device_end": -1, "host_queued_end": 1585499780.422046}, "device": "cpu", "nd_range": {"device_start": 2167554.6211611424, "device_end": 2167554.621216062}, "cmdq": 0, "read": {"device_start": -1, "device_end": -1}}, "FFC_sans_bias34": {"write": {"device_start": -1, "host_queued_start": 1585499780.421095, "device_queued": -1, "device_end": -1, "host_queued_end": 1585499780.422046}, "device": "cpu", "nd_range": {"device_start": 2167554.629366953, "device_end": 2167554.630331621}, "cmdq": 1, "read": {"device_start": -1, "device_end": -1}}, "FFC_sans_bias15": {"write": {"device_start": -1, "host_queued_start": 1585499780.417898, "device_queued": -1, "device_end": -1, "host_queued_end": 1585499780.422046}, "device": "cpu", "nd_range": {"device_start": 2167554.625567568, "device_end": 2167554.626290452}, "cmdq": 1, "read": {"device_start": -1, "device_end": -1}}, "FFC_sans_bias31": {"write": {"device_start": -1, "host_queued_start": 1585499780.415073, "device_queued": -1, "device_end": -1, "host_queued_end": 1585499780.422046}, "device": "cpu", "nd_range": {"device_start": 2167554.6230846914, "device_end": 2167554.624051696}, "cmdq": 1, "read": {"device_start": -1, "device_end": -1}}, "FFC_sans_bias16": {"write": {"device_start": -1, "host_queued_start": 1585499780.420168, "device_queued": -1, "device_end": -1, "host_queued_end": 1585499780.422046}, "device": "cpu", "nd_range": {"device_start": 2167554.628297313, "device_end": 2167554.629361572}, "cmdq": 1, "read": {"device_start": -1, "device_end": -1}}, "FFC_sans_bias19": {"write": {"device_start": -1, "host_queued_start": 1585499780.406753, "device_queued": -1, "device_end": -1, "host_queued_end": 1585499780.422046}, "device": "cpu", "nd_range": {"device_start": 2167554.615387639, "device_end": 2167554.616371326}, "cmdq": 1, "read": {"device_start": -1, "device_end": -1}}, "FFC_sans_bias18": {"write": {"device_start": -1, "host_queued_start": 1585499780.406229, "device_queued": -1, "device_end": -1, "host_queued_end": 1585499780.422046}, "device": "cpu", "nd_range": {"device_start": 2167554.614375328, "device_end": 2167554.615339885}, "cmdq": 0, "read": {"device_start": -1, "device_end": -1}}, "coalesced_transpose30": {"write": {"device_start": -1, "host_queued_start": 1585499780.413097, "device_queued": -1, "device_end": -1, "host_queued_end": 1585499780.422046}, "device": "cpu", "nd_range": {"device_start": 2167554.621622077, "device_end": 2167554.621675862}, "cmdq": 1, "read": {"device_start": -1, "device_end": -1}}, "FFC_sans_bias69": {"write": {"device_start": -1, "host_queued_start": 1585499780.398861, "device_queued": -1, "device_end": -1, "host_queued_end": 1585499780.399995}, "device": "gpu", "nd_range": {"device_start": 1585499717.4931688, "device_end": 1585499717.493359}, "cmdq": 3, "read": {"device_start": -1, "device_end": -1}}, "FFC_sans_bias38": {"write": {"device_start": -1, "host_queued_start": 1585499780.410333, "device_queued": -1, "device_end": -1, "host_queued_end": 1585499780.422046}, "device": "cpu", "nd_range": {"device_start": 2167554.619240105, "device_end": 2167554.619968212}, "cmdq": 0, "read": {"device_start": -1, "device_end": -1}}, "coalesced_transpose57": {"write": {"device_start": -1, "host_queued_start": 1585499780.396782, "device_queued": -1, "device_end": -1, "host_queued_end": 1585499780.399995}, "device": "gpu", "nd_range": {"device_start": 1585499717.4927003, "device_end": 1585499717.4928222}, "cmdq": 0, "read": {"device_start": -1, "device_end": -1}}, "empty26": {"write": {"device_start": -1, "host_queued_start": 1585499780.401482, "device_queued": -1, "device_end": -1, "host_queued_end": 1585499780.422046}, "device": "cpu", "nd_range": {"device_start": 2167554.611664921, "device_end": 2167554.6116659343}, "cmdq": 0, "read": {"device_start": -1, "device_end": -1}}, "coalesced_transpose12": {"write": {"device_start": -1, "host_queued_start": 1585499780.412489, "device_queued": -1, "device_end": -1, "host_queued_end": 1585499780.422046}, "device": "cpu", "nd_range": {"device_start": 2167554.6215580483, "device_end": 2167554.6216125772}, "cmdq": 1, "read": {"device_start": -1, "device_end": -1}}, "empty44": {"write": {"device_start": -1, "host_queued_start": 1585499780.402266, "device_queued": -1, "device_end": -1, "host_queued_end": 1585499780.422046}, "device": "cpu", "nd_range": {"device_start": 2167554.611673898, "device_end": 2167554.611675254}, "cmdq": 0, "read": {"device_start": -1, "device_end": -1}}, "coalesced_transpose21": {"write": {"device_start": -1, "host_queued_start": 1585499780.412789, "device_queued": -1, "device_end": -1, "host_queued_end": 1585499780.422046}, "device": "cpu", "nd_range": {"device_start": 2167554.621324349, "device_end": 2167554.6213678173}, "cmdq": 0, "read": {"device_start": -1, "device_end": -1}}, "FFC_sans_bias36": {"write": {"device_start": -1, "host_queued_start": 1585499780.409319, "device_queued": -1, "device_end": -1, "host_queued_end": 1585499780.422046}, "device": "cpu", "nd_range": {"device_start": 2167554.618036054, "device_end": 2167554.619124488}, "cmdq": 0, "read": {"device_start": -1, "device_end": -1}}, "softmax14": {"write": {"device_start": -1, "host_queued_start": 1585499780.416223, "device_queued": -1, "device_end": -1, "host_queued_end": 1585499780.422046}, "device": "cpu", "nd_range": {"device_start": 2167554.625113768, "device_end": 2167554.6251593283}, "cmdq": 1, "read": {"device_start": -1, "device_end": -1}}, "FFC_sans_bias13": {"write": {"device_start": -1, "host_queued_start": 1585499780.41443, "device_queued": -1, "device_end": -1, "host_queued_end": 1585499780.422046}, "device": "cpu", "nd_range": {"device_start": 2167554.621760445, "device_end": 2167554.622976059}, "cmdq": 1, "read": {"device_start": -1, "device_end": -1}}, "empty8": {"write": {"device_start": -1, "host_queued_start": 1585499780.400596, "device_queued": -1, "device_end": -1, "host_queued_end": 1585499780.422046}, "device": "cpu", "nd_range": {"device_start": 2167554.611634072, "device_end": 2167554.61164662}, "cmdq": 0, "read": {"device_start": -1, "device_end": -1}}, "FFC_sans_bias42": {"write": {"device_start": -1, "host_queued_start": 1585499780.418878, "device_queued": -1, "device_end": -1, "host_queued_end": 1585499780.422046}, "device": "cpu", "nd_range": {"device_start": 2167554.627702556, "device_end": 2167554.628743568}, "cmdq": 0, "read": {"device_start": -1, "device_end": -1}}, "FFC_sans_bias43": {"write": {"device_start": -1, "host_queued_start": 1585499780.421547, "device_queued": -1, "device_end": -1, "host_queued_end": 1585499780.422046}, "device": "cpu", "nd_range": {"device_start": 2167554.630799212, "device_end": 2167554.634735249}, "cmdq": 0, "read": {"device_start": -1, "device_end": -1}}, "FFC_sans_bias40": {"write": {"device_start": -1, "host_queued_start": 1585499780.415396, "device_queued": -1, "device_end": -1, "host_queued_end": 1585499780.422046}, "device": "cpu", "nd_range": {"device_start": 2167554.6235949, "device_end": 2167554.624446013}, "cmdq": 0, "read": {"device_start": -1, "device_end": -1}}, "softmax32": {"write": {"device_start": -1, "host_queued_start": 1585499780.416713, "device_queued": -1, "device_end": -1, "host_queued_end": 1585499780.422046}, "device": "cpu", "nd_range": {"device_start": 2167554.6252644383, "device_end": 2167554.6253089253}, "cmdq": 1, "read": {"device_start": -1, "device_end": -1}}, "FFC_sans_bias47": {"write": {"device_start": -1, "host_queued_start": 1585499780.411866, "device_queued": -1, "device_end": -1, "host_queued_end": 1585499780.422046}, "device": "cpu", "nd_range": {"device_start": 2167554.620578091, "device_end": 2167554.621424326}, "cmdq": 1, "read": {"device_start": -1, "device_end": -1}}, "FFC_sans_bias45": {"write": {"device_start": -1, "host_queued_start": 1585499780.410848, "device_queued": -1, "device_end": -1, "host_queued_end": 1585499780.422046}, "device": "cpu", "nd_range": {"device_start": 2167554.61949111, "device_end": 2167554.620464873}, "cmdq": 1, "read": {"device_start": -1, "device_end": -1}}, "softmax50": {"write": {"device_start": -1, "host_queued_start": 1585499780.417235, "device_queued": -1, "device_end": -1, "host_queued_end": 1585499780.422046}, "device": "cpu", "nd_range": {"device_start": 2167554.625409299, "device_end": 2167554.625468771}, "cmdq": 1, "read": {"device_start": -1, "device_end": -1}}, "FFC_sans_bias33": {"write": {"device_start": -1, "host_queued_start": 1585499780.418528, "device_queued": -1, "device_end": -1, "host_queued_end": 1585499780.422046}, "device": "cpu", "nd_range": {"device_start": 2167554.626394501, "device_end": 2167554.627316778}, "cmdq": 1, "read": {"device_start": -1, "device_end": -1}}, "FFC_sans_bias63": {"write": {"device_start": 1585499717.4926784, "host_queued_start": 1585499780.396473, "device_queued": 1585499717.4925778, "device_end": 1585499717.4926906, "host_queued_end": 1585499780.399995}, "device": "gpu", "nd_range": {"device_start": 1585499717.4926918, "device_end": 1585499717.492891}, "cmdq": 3, "read": {"device_start": -1, "device_end": -1}}, "FFC_sans_bias49": {"write": {"device_start": -1, "host_queued_start": 1585499780.415702, "device_queued": -1, "device_end": -1, "host_queued_end": 1585499780.422046}, "device": "cpu", "nd_range": {"device_start": 2167554.624157985, "device_end": 2167554.625007539}, "cmdq": 1, "read": {"device_start": -1, "device_end": -1}}, "FFC_sans_bias64": {"write": {"device_start": 1585499717.4925551, "host_queued_start": 1585499780.39547, "device_queued": 1585499717.4925332, "device_end": 1585499717.4925654, "host_queued_end": 1585499780.399995}, "device": "gpu", "nd_range": {"device_start": 1585499717.4926114, "device_end": 1585499717.4927921}, "cmdq": 1, "read": {"device_start": -1, "device_end": -1}}, "FFC_sans_bias65": {"write": {"device_start": 1585499717.4925935, "host_queued_start": 1585499780.395978, "device_queued": 1585499717.4925544, "device_end": 1585499717.4926023, "host_queued_end": 1585499780.399995}, "device": "gpu", "nd_range": {"device_start": 1585499717.4926243, "device_end": 1585499717.4928372}, "cmdq": 2, "read": {"device_start": -1, "device_end": -1}}, "FFC_sans_bias67": {"write": {"device_start": -1, "host_queued_start": 1585499780.397804, "device_queued": -1, "device_end": -1, "host_queued_end": 1585499780.399995}, "device": "gpu", "nd_range": {"device_start": 1585499717.4928932, "device_end": 1585499717.4930005}, "cmdq": 3, "read": {"device_start": -1, "device_end": -1}}, "FFC_sans_bias24": {"write": {"device_start": -1, "host_queued_start": 1585499780.418208, "device_queued": -1, "device_end": -1, "host_queued_end": 1585499780.422046}, "device": "cpu", "nd_range": {"device_start": 2167554.625848677, "device_end": 2167554.626820071}, "cmdq": 0, "read": {"device_start": -1, "device_end": -1}}, "FFC_sans_bias25": {"write": {"device_start": -1, "host_queued_start": 1585499780.420631, "device_queued": -1, "device_end": -1, "host_queued_end": 1585499780.422046}, "device": "cpu", "nd_range": {"device_start": 2167554.62971852, "device_end": 2167554.630796818}, "cmdq": 0, "read": {"device_start": -1, "device_end": -1}}, "FFC_sans_bias27": {"write": {"device_start": -1, "host_queued_start": 1585499780.407768, "device_queued": -1, "device_end": -1, "host_queued_end": 1585499780.422046}, "device": "cpu", "nd_range": {"device_start": 2167554.616489278, "device_end": 2167554.617340283}, "cmdq": 1, "read": {"device_start": -1, "device_end": -1}}, "FFC_sans_bias20": {"write": {"device_start": -1, "host_queued_start": 1585499780.407266, "device_queued": -1, "device_end": -1, "host_queued_end": 1585499780.422046}, "device": "cpu", "nd_range": {"device_start": 2167554.615406399, "device_end": 2167554.6168336663}, "cmdq": 0, "read": {"device_start": -1, "device_end": -1}}, "FFC_sans_bias22": {"write": {"device_start": -1, "host_queued_start": 1585499780.414752, "device_queued": -1, "device_end": -1, "host_queued_end": 1585499780.422046}, "device": "cpu", "nd_range": {"device_start": 2167554.622631501, "device_end": 2167554.623487165}, "cmdq": 0, "read": {"device_start": -1, "device_end": -1}}, "softmax68": {"write": {"device_start": -1, "host_queued_start": 1585499780.398261, "device_queued": -1, "device_end": -1, "host_queued_end": 1585499780.399995}, "device": "gpu", "nd_range": {"device_start": 1585499717.4930632, "device_end": 1585499717.4931521}, "cmdq": 1, "read": {"device_start": -1, "device_end": -1}}, "softmax5": {"write": {"device_start": -1, "host_queued_start": 1585499780.41597, "device_queued": -1, "device_end": -1, "host_queued_end": 1585499780.422046}, "device": "cpu", "nd_range": {"device_start": 2167554.624551134, "device_end": 2167554.624608267}, "cmdq": 0, "read": {"device_start": -1, "device_end": -1}}, "FFC_sans_bias28": {"write": {"device_start": -1, "host_queued_start": 1585499780.408269, "device_queued": -1, "device_end": -1, "host_queued_end": 1585499780.422046}, "device": "cpu", "nd_range": {"device_start": 2167554.616948942, "device_end": 2167554.6179199973}, "cmdq": 0, "read": {"device_start": -1, "device_end": -1}}, "FFC_sans_bias29": {"write": {"device_start": -1, "host_queued_start": 1585499780.408811, "device_queued": -1, "device_end": -1, "host_queued_end": 1585499780.422046}, "device": "cpu", "nd_range": {"device_start": 2167554.617455158, "device_end": 2167554.61830297}, "cmdq": 1, "read": {"device_start": -1, "device_end": -1}}, "empty17": {"write": {"device_start": -1, "host_queued_start": 1585499780.401072, "device_queued": -1, "device_end": -1, "host_queued_end": 1585499780.422046}, "device": "cpu", "nd_range": {"device_start": 2167554.611634388, "device_end": 2167554.611646586}, "cmdq": 1, "read": {"device_start": -1, "device_end": -1}}, "softmax59": {"write": {"device_start": -1, "host_queued_start": 1585499780.39803, "device_queued": -1, "device_end": -1, "host_queued_end": 1585499780.399995}, "device": "gpu", "nd_range": {"device_start": 1585499717.4930568, "device_end": 1585499717.4931383}, "cmdq": 0, "read": {"device_start": -1, "device_end": -1}}, "empty71": {"write": {"device_start": 1585499717.4924126, "host_queued_start": 1585499780.393303, "device_queued": 1585499717.492388, "device_end": 1585499717.492421, "host_queued_end": 1585499780.399995}, "device": "gpu", "nd_range": {"device_start": 1585499717.4924686, "device_end": 1585499717.492472}, "cmdq": 1, "read": {"device_start": -1, "device_end": -1}}, "empty35": {"write": {"device_start": -1, "host_queued_start": 1585499780.4019, "device_queued": -1, "device_end": -1, "host_queued_end": 1585499780.422046}, "device": "cpu", "nd_range": {"device_start": 2167554.611664963, "device_end": 2167554.611665944}, "cmdq": 1, "read": {"device_start": -1, "device_end": -1}}, "empty53": {"write": {"device_start": -1, "host_queued_start": 1585499780.402681, "device_queued": -1, "device_end": -1, "host_queued_end": 1585499780.422046}, "device": "cpu", "nd_range": {"device_start": 2167554.6116719632, "device_end": 2167554.6116726473}, "cmdq": 1, "read": {"device_start": -1, "device_end": -1}}, "FFC_sans_bias46": {"write": {"device_start": -1, "host_queued_start": 1585499780.411357, "device_queued": -1, "device_end": -1, "host_queued_end": 1585499780.422046}, "device": "cpu", "nd_range": {"device_start": 2167554.620088445, "device_end": 2167554.621050708}, "cmdq": 0, "read": {"device_start": -1, "device_end": -1}}, "coalesced_transpose66": {"write": {"device_start": -1, "host_queued_start": 1585499780.397052, "device_queued": -1, "device_end": -1, "host_queued_end": 1585499780.399995}, "device": "gpu", "nd_range": {"device_start": 1585499717.4927936, "device_end": 1585499717.4928362}, "cmdq": 1, "read": {"device_start": -1, "device_end": -1}}, "coalesced_transpose48": {"write": {"device_start": -1, "host_queued_start": 1585499780.413774, "device_queued": -1, "device_end": -1, "host_queued_end": 1585499780.422046}, "device": "cpu", "nd_range": {"device_start": 2167554.6216843952, "device_end": 2167554.621752295}, "cmdq": 1, "read": {"device_start": -1, "device_end": -1}}}