{"FFC_sans_bias60": {"write": {"device_start": -1, "host_queued_start": 1585499844.718326, "device_queued": -1, "device_end": -1, "host_queued_end": 1585499844.719755}, "device": "gpu", "nd_range": {"device_start": 1585499781.811065, "device_end": 1585499781.811174}, "cmdq": 2, "read": {"device_start": -1, "device_end": -1}}, "FFC_sans_bias4": {"write": {"device_start": -1, "host_queued_start": 1585499844.733833, "device_queued": -1, "device_end": -1, "host_queued_end": 1585499844.741688}, "device": "cpu", "nd_range": {"device_start": 2167618.938098303, "device_end": 2167618.940225228}, "cmdq": 0, "read": {"device_start": -1, "device_end": -1}}, "FFC_sans_bias7": {"write": {"device_start": -1, "host_queued_start": 1585499844.739408, "device_queued": -1, "device_end": -1, "host_queued_end": 1585499844.741688}, "device": "cpu", "nd_range": {"device_start": 2167618.948715771, "device_end": 2167618.950637365}, "cmdq": 3, "read": {"device_start": -1, "device_end": -1}}, "FFC_sans_bias6": {"write": {"device_start": -1, "host_queued_start": 1585499844.737337, "device_queued": -1, "device_end": -1, "host_queued_end": 1585499844.741688}, "device": "cpu", "nd_range": {"device_start": 2167618.944290136, "device_end": 2167618.945423123}, "cmdq": 2, "read": {"device_start": -1, "device_end": -1}}, "FFC_sans_bias1": {"write": {"device_start": -1, "host_queued_start": 1585499844.723492, "device_queued": -1, "device_end": -1, "host_queued_end": 1585499844.741688}, "device": "cpu", "nd_range": {"device_start": 2167618.9313439974, "device_end": 2167618.9333082703}, "cmdq": 2, "read": {"device_start": -1, "device_end": -1}}, "FFC_sans_bias0": {"write": {"device_start": -1, "host_queued_start": 1585499844.722991, "device_queued": -1, "device_end": -1, "host_queued_end": 1585499844.741688}, "device": "cpu", "nd_range": {"device_start": 2167618.931500004, "device_end": 2167618.93343883}, "cmdq": 1, "read": {"device_start": -1, "device_end": -1}}, "FFC_sans_bias2": {"write": {"device_start": -1, "host_queued_start": 1585499844.724005, "device_queued": -1, "device_end": -1, "host_queued_end": 1585499844.741688}, "device": "cpu", "nd_range": {"device_start": 2167618.937965846, "device_end": 2167618.939895126}, "cmdq": 3, "read": {"device_start": -1, "device_end": -1}}, "FFC_sans_bias61": {"write": {"device_start": 1585499781.8110414, "host_queued_start": 1585499844.719153, "device_queued": 1585499781.8107924, "device_end": 1585499781.8110502, "host_queued_end": 1585499844.719755}, "device": "gpu", "nd_range": {"device_start": 1585499781.811177, "device_end": 1585499781.8112843}, "cmdq": 0, "read": {"device_start": 1585499781.8112864, "device_end": 1585499781.8112936}}, "FFC_sans_bias52": {"write": {"device_start": -1, "host_queued_start": 1585499844.741644, "device_queued": -1, "device_end": -1, "host_queued_end": 1585499844.741688}, "device": "cpu", "nd_range": {"device_start": 2167618.950642213, "device_end": 2167618.952563567}, "cmdq": 3, "read": {"device_start": -1, "device_end": -1}}, "FFC_sans_bias9": {"write": {"device_start": -1, "host_queued_start": 1585499844.724505, "device_queued": -1, "device_end": -1, "host_queued_end": 1585499844.741688}, "device": "cpu", "nd_range": {"device_start": 2167618.931320811, "device_end": 2167618.933312377}, "cmdq": 4, "read": {"device_start": -1, "device_end": -1}}, "coalesced_transpose39": {"write": {"device_start": -1, "host_queued_start": 1585499844.733201, "device_queued": -1, "device_end": -1, "host_queued_end": 1585499844.741688}, "device": "cpu", "nd_range": {"device_start": 2167618.944291536, "device_end": 2167618.94450061}, "cmdq": 3, "read": {"device_start": -1, "device_end": -1}}, "FFC_sans_bias55": {"write": {"device_start": 1585499781.8104126, "host_queued_start": 1585499844.714826, "device_queued": 1585499781.8103926, "device_end": 1585499781.8104212, "host_queued_end": 1585499844.719755}, "device": "gpu", "nd_range": {"device_start": 1585499781.8104224, "device_end": 1585499781.8105922}, "cmdq": 0, "read": {"device_start": -1, "device_end": -1}}, "FFC_sans_bias54": {"write": {"device_start": 1585499781.810356, "host_queued_start": 1585499844.714268, "device_queued": 1585499781.8103304, "device_end": 1585499781.8103642, "host_queued_end": 1585499844.719755}, "device": "gpu", "nd_range": {"device_start": 1585499781.810386, "device_end": 1585499781.810575}, "cmdq": 3, "read": {"device_start": -1, "device_end": -1}}, "FFC_sans_bias56": {"write": {"device_start": 1585499781.8103294, "host_queued_start": 1585499844.713724, "device_queued": 1585499781.810306, "device_end": 1585499781.8103385, "host_queued_end": 1585499844.719755}, "device": "gpu", "nd_range": {"device_start": 1585499781.8103755, "device_end": 1585499781.8104835}, "cmdq": 2, "read": {"device_start": -1, "device_end": -1}}, "FFC_sans_bias51": {"write": {"device_start": -1, "host_queued_start": 1585499844.738906, "device_queued": -1, "device_end": -1, "host_queued_end": 1585499844.741688}, "device": "cpu", "nd_range": {"device_start": 2167618.945430971, "device_end": 2167618.947362094}, "cmdq": 2, "read": {"device_start": -1, "device_end": -1}}, "softmax23": {"write": {"device_start": -1, "host_queued_start": 1585499844.73624, "device_queued": -1, "device_end": -1, "host_queued_end": 1585499844.741688}, "device": "cpu", "nd_range": {"device_start": 2167618.946565585, "device_end": 2167618.946612381}, "cmdq": 3, "read": {"device_start": -1, "device_end": -1}}, "FFC_sans_bias37": {"write": {"device_start": -1, "host_queued_start": 1585499844.729568, "device_queued": -1, "device_end": -1, "host_queued_end": 1585499844.741688}, "device": "cpu", "nd_range": {"device_start": 2167618.935598059, "device_end": 2167618.9378870223}, "cmdq": 4, "read": {"device_start": -1, "device_end": -1}}, "empty62": {"write": {"device_start": 1585499781.810253, "host_queued_start": 1585499844.712569, "device_queued": 1585499781.8102255, "device_end": 1585499781.8102615, "host_queued_end": 1585499844.719755}, "device": "gpu", "nd_range": {"device_start": 1585499781.8102665, "device_end": 1585499781.8102787}, "cmdq": 0, "read": {"device_start": -1, "device_end": -1}}, "FFC_sans_bias70": {"write": {"device_start": 1585499781.8110535, "host_queued_start": 1585499844.71966, "device_queued": 1585499781.8108273, "device_end": 1585499781.811062, "host_queued_end": 1585499844.719755}, "device": "gpu", "nd_range": {"device_start": 1585499781.8112617, "device_end": 1585499781.811367}, "cmdq": 1, "read": {"device_start": 1585499781.8113718, "device_end": 1585499781.811388}}, "FFC_sans_bias58": {"write": {"device_start": -1, "host_queued_start": 1585499844.717313, "device_queued": -1, "device_end": -1, "host_queued_end": 1585499844.719755}, "device": "gpu", "nd_range": {"device_start": 1585499781.8107924, "device_end": 1585499781.810952}, "cmdq": 2, "read": {"device_start": -1, "device_end": -1}}, "softmax41": {"write": {"device_start": -1, "host_queued_start": 1585499844.736758, "device_queued": -1, "device_end": -1, "host_queued_end": 1585499844.741688}, "device": "cpu", "nd_range": {"device_start": 2167618.947367319, "device_end": 2167618.9474401074}, "cmdq": 0, "read": {"device_start": -1, "device_end": -1}}, "FFC_sans_bias11": {"write": {"device_start": -1, "host_queued_start": 1585499844.725511, "device_queued": -1, "device_end": -1, "host_queued_end": 1585499844.741688}, "device": "cpu", "nd_range": {"device_start": 2167618.93357385, "device_end": 2167618.9354975163}, "cmdq": 1, "read": {"device_start": -1, "device_end": -1}}, "FFC_sans_bias10": {"write": {"device_start": -1, "host_queued_start": 1585499844.725004, "device_queued": -1, "device_end": -1, "host_queued_end": 1585499844.741688}, "device": "cpu", "nd_range": {"device_start": 2167618.9313320923, "device_end": 2167618.933743135}, "cmdq": 0, "read": {"device_start": -1, "device_end": -1}}, "coalesced_transpose3": {"write": {"device_start": -1, "host_queued_start": 1585499844.731923, "device_queued": -1, "device_end": -1, "host_queued_end": 1585499844.741688}, "device": "cpu", "nd_range": {"device_start": 2167618.937904381, "device_end": 2167618.938078506}, "cmdq": 4, "read": {"device_start": -1, "device_end": -1}}, "FFC_sans_bias34": {"write": {"device_start": -1, "host_queued_start": 1585499844.74075, "device_queued": -1, "device_end": -1, "host_queued_end": 1585499844.741688}, "device": "cpu", "nd_range": {"device_start": 2167618.95317244, "device_end": 2167618.954026407}, "cmdq": 1, "read": {"device_start": -1, "device_end": -1}}, "FFC_sans_bias15": {"write": {"device_start": -1, "host_queued_start": 1585499844.737633, "device_queued": -1, "device_end": -1, "host_queued_end": 1585499844.741688}, "device": "cpu", "nd_range": {"device_start": 2167618.9466244644, "device_end": 2167618.948707918}, "cmdq": 3, "read": {"device_start": -1, "device_end": -1}}, "FFC_sans_bias31": {"write": {"device_start": -1, "host_queued_start": 1585499844.734817, "device_queued": -1, "device_end": -1, "host_queued_end": 1585499844.741688}, "device": "cpu", "nd_range": {"device_start": 2167618.944515686, "device_end": 2167618.94655785}, "cmdq": 3, "read": {"device_start": -1, "device_end": -1}}, "FFC_sans_bias16": {"write": {"device_start": -1, "host_queued_start": 1585499844.739855, "device_queued": -1, "device_end": -1, "host_queued_end": 1585499844.741688}, "device": "cpu", "nd_range": {"device_start": 2167618.951730314, "device_end": 2167618.953166115}, "cmdq": 4, "read": {"device_start": -1, "device_end": -1}}, "FFC_sans_bias19": {"write": {"device_start": -1, "host_queued_start": 1585499844.726512, "device_queued": -1, "device_end": -1, "host_queued_end": 1585499844.741688}, "device": "cpu", "nd_range": {"device_start": 2167618.940011028, "device_end": 2167618.941223272}, "cmdq": 3, "read": {"device_start": -1, "device_end": -1}}, "FFC_sans_bias18": {"write": {"device_start": -1, "host_queued_start": 1585499844.726012, "device_queued": -1, "device_end": -1, "host_queued_end": 1585499844.741688}, "device": "cpu", "nd_range": {"device_start": 2167618.9333146103, "device_end": 2167618.9352469672}, "cmdq": 2, "read": {"device_start": -1, "device_end": -1}}, "coalesced_transpose30": {"write": {"device_start": -1, "host_queued_start": 1585499844.732826, "device_queued": -1, "device_end": -1, "host_queued_end": 1585499844.741688}, "device": "cpu", "nd_range": {"device_start": 2167618.940116303, "device_end": 2167618.940170086}, "cmdq": 2, "read": {"device_start": -1, "device_end": -1}}, "FFC_sans_bias69": {"write": {"device_start": -1, "host_queued_start": 1585499844.718681, "device_queued": -1, "device_end": -1, "host_queued_end": 1585499844.719755}, "device": "gpu", "nd_range": {"device_start": 1585499781.8110693, "device_end": 1585499781.8112595}, "cmdq": 3, "read": {"device_start": -1, "device_end": -1}}, "FFC_sans_bias38": {"write": {"device_start": -1, "host_queued_start": 1585499844.73007, "device_queued": -1, "device_end": -1, "host_queued_end": 1585499844.741688}, "device": "cpu", "nd_range": {"device_start": 2167618.9357167333, "device_end": 2167618.9376563244}, "cmdq": 0, "read": {"device_start": -1, "device_end": -1}}, "coalesced_transpose57": {"write": {"device_start": -1, "host_queued_start": 1585499844.716616, "device_queued": -1, "device_end": -1, "host_queued_end": 1585499844.719755}, "device": "gpu", "nd_range": {"device_start": 1585499781.8105931, "device_end": 1585499781.8107007}, "cmdq": 0, "read": {"device_start": -1, "device_end": -1}}, "empty26": {"write": {"device_start": -1, "host_queued_start": 1585499844.721236, "device_queued": -1, "device_end": -1, "host_queued_end": 1585499844.741688}, "device": "cpu", "nd_range": {"device_start": 2167618.931323566, "device_end": 2167618.93132791}, "cmdq": 2, "read": {"device_start": -1, "device_end": -1}}, "coalesced_transpose12": {"write": {"device_start": -1, "host_queued_start": 1585499844.732214, "device_queued": -1, "device_end": -1, "host_queued_end": 1585499844.741688}, "device": "cpu", "nd_range": {"device_start": 2167618.9377742982, "device_end": 2167618.937842648}, "cmdq": 0, "read": {"device_start": -1, "device_end": -1}}, "empty44": {"write": {"device_start": -1, "host_queued_start": 1585499844.722076, "device_queued": -1, "device_end": -1, "host_queued_end": 1585499844.741688}, "device": "cpu", "nd_range": {"device_start": 2167618.93131382, "device_end": 2167618.9313148702}, "cmdq": 4, "read": {"device_start": -1, "device_end": -1}}, "coalesced_transpose21": {"write": {"device_start": -1, "host_queued_start": 1585499844.732521, "device_queued": -1, "device_end": -1, "host_queued_end": 1585499844.741688}, "device": "cpu", "nd_range": {"device_start": 2167618.941637705, "device_end": 2167618.941689947}, "cmdq": 1, "read": {"device_start": -1, "device_end": -1}}, "FFC_sans_bias36": {"write": {"device_start": -1, "host_queued_start": 1585499844.729066, "device_queued": -1, "device_end": -1, "host_queued_end": 1585499844.741688}, "device": "cpu", "nd_range": {"device_start": 2167618.941231498, "device_end": 2167618.942436851}, "cmdq": 3, "read": {"device_start": -1, "device_end": -1}}, "softmax14": {"write": {"device_start": -1, "host_queued_start": 1585499844.73598, "device_queued": -1, "device_end": -1, "host_queued_end": 1585499844.741688}, "device": "cpu", "nd_range": {"device_start": 2167618.9442454823, "device_end": 2167618.9442814263}, "cmdq": 2, "read": {"device_start": -1, "device_end": -1}}, "FFC_sans_bias13": {"write": {"device_start": -1, "host_queued_start": 1585499844.734151, "device_queued": -1, "device_end": -1, "host_queued_end": 1585499844.741688}, "device": "cpu", "nd_range": {"device_start": 2167618.941706363, "device_end": 2167618.94375861}, "cmdq": 1, "read": {"device_start": -1, "device_end": -1}}, "empty8": {"write": {"device_start": -1, "host_queued_start": 1585499844.720341, "device_queued": -1, "device_end": -1, "host_queued_end": 1585499844.741688}, "device": "cpu", "nd_range": {"device_start": 2167618.931314704, "device_end": 2167618.931315516}, "cmdq": 0, "read": {"device_start": -1, "device_end": -1}}, "FFC_sans_bias42": {"write": {"device_start": -1, "host_queued_start": 1585499844.738557, "device_queued": -1, "device_end": -1, "host_queued_end": 1585499844.741688}, "device": "cpu", "nd_range": {"device_start": 2167618.947503608, "device_end": 2167618.9494498433}, "cmdq": 1, "read": {"device_start": -1, "device_end": -1}}, "FFC_sans_bias43": {"write": {"device_start": -1, "host_queued_start": 1585499844.741198, "device_queued": -1, "device_end": -1, "host_queued_end": 1585499844.741688}, "device": "cpu", "nd_range": {"device_start": 2167618.9494567043, "device_end": 2167618.9513714523}, "cmdq": 2, "read": {"device_start": -1, "device_end": -1}}, "FFC_sans_bias40": {"write": {"device_start": -1, "host_queued_start": 1585499844.735139, "device_queued": -1, "device_end": -1, "host_queued_end": 1585499844.741688}, "device": "cpu", "nd_range": {"device_start": 2167618.945278332, "device_end": 2167618.9472083133}, "cmdq": 4, "read": {"device_start": -1, "device_end": -1}}, "softmax32": {"write": {"device_start": -1, "host_queued_start": 1585499844.7365, "device_queued": -1, "device_end": -1, "host_queued_end": 1585499844.741688}, "device": "cpu", "nd_range": {"device_start": 2167618.947216214, "device_end": 2167618.947271254}, "cmdq": 4, "read": {"device_start": -1, "device_end": -1}}, "FFC_sans_bias47": {"write": {"device_start": -1, "host_queued_start": 1585499844.731614, "device_queued": -1, "device_end": -1, "host_queued_end": 1585499844.741688}, "device": "cpu", "nd_range": {"device_start": 2167618.94244203, "device_end": 2167618.9442783073}, "cmdq": 3, "read": {"device_start": -1, "device_end": -1}}, "FFC_sans_bias45": {"write": {"device_start": -1, "host_queued_start": 1585499844.730594, "device_queued": -1, "device_end": -1, "host_queued_end": 1585499844.741688}, "device": "cpu", "nd_range": {"device_start": 2167618.9380302452, "device_end": 2167618.9400716173}, "cmdq": 1, "read": {"device_start": -1, "device_end": -1}}, "softmax50": {"write": {"device_start": -1, "host_queued_start": 1585499844.737024, "device_queued": -1, "device_end": -1, "host_queued_end": 1585499844.741688}, "device": "cpu", "nd_range": {"device_start": 2167618.943844301, "device_end": 2167618.9440228892}, "cmdq": 1, "read": {"device_start": -1, "device_end": -1}}, "FFC_sans_bias33": {"write": {"device_start": -1, "host_queued_start": 1585499844.738253, "device_queued": -1, "device_end": -1, "host_queued_end": 1585499844.741688}, "device": "cpu", "nd_range": {"device_start": 2167618.9513734924, "device_end": 2167618.953166766}, "cmdq": 0, "read": {"device_start": -1, "device_end": -1}}, "FFC_sans_bias63": {"write": {"device_start": 1585499781.810577, "host_queued_start": 1585499844.716321, "device_queued": 1585499781.8105133, "device_end": 1585499781.8105857, "host_queued_end": 1585499844.719755}, "device": "gpu", "nd_range": {"device_start": 1585499781.8105867, "device_end": 1585499781.8107865}, "cmdq": 3, "read": {"device_start": -1, "device_end": -1}}, "FFC_sans_bias49": {"write": {"device_start": -1, "host_queued_start": 1585499844.735462, "device_queued": -1, "device_end": -1, "host_queued_end": 1585499844.741688}, "device": "cpu", "nd_range": {"device_start": 2167618.9402454942, "device_end": 2167618.9416883993}, "cmdq": 0, "read": {"device_start": -1, "device_end": -1}}, "FFC_sans_bias64": {"write": {"device_start": 1585499781.8104572, "host_queued_start": 1585499844.715336, "device_queued": 1585499781.8104362, "device_end": 1585499781.8104658, "host_queued_end": 1585499844.719755}, "device": "gpu", "nd_range": {"device_start": 1585499781.8105521, "device_end": 1585499781.810689}, "cmdq": 1, "read": {"device_start": -1, "device_end": -1}}, "FFC_sans_bias65": {"write": {"device_start": 1585499781.8104863, "host_queued_start": 1585499844.715836, "device_queued": 1585499781.8104575, "device_end": 1585499781.8104951, "host_queued_end": 1585499844.719755}, "device": "gpu", "nd_range": {"device_start": 1585499781.8105652, "device_end": 1585499781.810768}, "cmdq": 2, "read": {"device_start": -1, "device_end": -1}}, "FFC_sans_bias67": {"write": {"device_start": -1, "host_queued_start": 1585499844.717602, "device_queued": -1, "device_end": -1, "host_queued_end": 1585499844.719755}, "device": "gpu", "nd_range": {"device_start": 1585499781.8107874, "device_end": 1585499781.810897}, "cmdq": 3, "read": {"device_start": -1, "device_end": -1}}, "FFC_sans_bias24": {"write": {"device_start": -1, "host_queued_start": 1585499844.737941, "device_queued": -1, "device_end": -1, "host_queued_end": 1585499844.741688}, "device": "cpu", "nd_range": {"device_start": 2167618.9498405163, "device_end": 2167618.951725055}, "cmdq": 4, "read": {"device_start": -1, "device_end": -1}}, "FFC_sans_bias25": {"write": {"device_start": -1, "host_queued_start": 1585499844.740302, "device_queued": -1, "device_end": -1, "host_queued_end": 1585499844.741688}, "device": "cpu", "nd_range": {"device_start": 2167618.953183512, "device_end": 2167618.9542667563}, "cmdq": 0, "read": {"device_start": -1, "device_end": -1}}, "FFC_sans_bias27": {"write": {"device_start": -1, "host_queued_start": 1585499844.72755, "device_queued": -1, "device_end": -1, "host_queued_end": 1585499844.741688}, "device": "cpu", "nd_range": {"device_start": 2167618.93375186, "device_end": 2167618.935681791}, "cmdq": 0, "read": {"device_start": -1, "device_end": -1}}, "FFC_sans_bias20": {"write": {"device_start": -1, "host_queued_start": 1585499844.727048, "device_queued": -1, "device_end": -1, "host_queued_end": 1585499844.741688}, "device": "cpu", "nd_range": {"device_start": 2167618.933318273, "device_end": 2167618.935236106}, "cmdq": 4, "read": {"device_start": -1, "device_end": -1}}, "FFC_sans_bias22": {"write": {"device_start": -1, "host_queued_start": 1585499844.73448, "device_queued": -1, "device_end": -1, "host_queued_end": 1585499844.741688}, "device": "cpu", "nd_range": {"device_start": 2167618.942415039, "device_end": 2167618.944240081}, "cmdq": 2, "read": {"device_start": -1, "device_end": -1}}, "softmax68": {"write": {"device_start": -1, "host_queued_start": 1585499844.718042, "device_queued": -1, "device_end": -1, "host_queued_end": 1585499844.719755}, "device": "gpu", "nd_range": {"device_start": 1585499781.8109639, "device_end": 1585499781.8110514}, "cmdq": 1, "read": {"device_start": -1, "device_end": -1}}, "softmax5": {"write": {"device_start": -1, "host_queued_start": 1585499844.735732, "device_queued": -1, "device_end": -1, "host_queued_end": 1585499844.741688}, "device": "cpu", "nd_range": {"device_start": 2167618.943766431, "device_end": 2167618.943832403}, "cmdq": 1, "read": {"device_start": -1, "device_end": -1}}, "FFC_sans_bias28": {"write": {"device_start": -1, "host_queued_start": 1585499844.728048, "device_queued": -1, "device_end": -1, "host_queued_end": 1585499844.741688}, "device": "cpu", "nd_range": {"device_start": 2167618.935517716, "device_end": 2167618.9380152393}, "cmdq": 1, "read": {"device_start": -1, "device_end": -1}}, "FFC_sans_bias29": {"write": {"device_start": -1, "host_queued_start": 1585499844.728557, "device_queued": -1, "device_end": -1, "host_queued_end": 1585499844.741688}, "device": "cpu", "nd_range": {"device_start": 2167618.935268801, "device_end": 2167618.938124177}, "cmdq": 2, "read": {"device_start": -1, "device_end": -1}}, "empty17": {"write": {"device_start": -1, "host_queued_start": 1585499844.720811, "device_queued": -1, "device_end": -1, "host_queued_end": 1585499844.741688}, "device": "cpu", "nd_range": {"device_start": 2167618.931285635, "device_end": 2167618.9312972194}, "cmdq": 1, "read": {"device_start": -1, "device_end": -1}}, "softmax59": {"write": {"device_start": -1, "host_queued_start": 1585499844.717833, "device_queued": -1, "device_end": -1, "host_queued_end": 1585499844.719755}, "device": "gpu", "nd_range": {"device_start": 1585499781.8109572, "device_end": 1585499781.8110394}, "cmdq": 0, "read": {"device_start": -1, "device_end": -1}}, "empty71": {"write": {"device_start": 1585499781.810305, "host_queued_start": 1585499844.713167, "device_queued": 1585499781.8102827, "device_end": 1585499781.8103147, "host_queued_end": 1585499844.719755}, "device": "gpu", "nd_range": {"device_start": 1585499781.8103664, "device_end": 1585499781.8103697}, "cmdq": 1, "read": {"device_start": -1, "device_end": -1}}, "empty35": {"write": {"device_start": -1, "host_queued_start": 1585499844.721683, "device_queued": -1, "device_end": -1, "host_queued_end": 1585499844.741688}, "device": "cpu", "nd_range": {"device_start": 2167618.931285587, "device_end": 2167618.931297223}, "cmdq": 3, "read": {"device_start": -1, "device_end": -1}}, "empty53": {"write": {"device_start": -1, "host_queued_start": 1585499844.72247, "device_queued": -1, "device_end": -1, "host_queued_end": 1585499844.741688}, "device": "cpu", "nd_range": {"device_start": 2167618.931325825, "device_end": 2167618.931326618}, "cmdq": 0, "read": {"device_start": -1, "device_end": -1}}, "FFC_sans_bias46": {"write": {"device_start": -1, "host_queued_start": 1585499844.731105, "device_queued": -1, "device_end": -1, "host_queued_end": 1585499844.741688}, "device": "cpu", "nd_range": {"device_start": 2167618.938135682, "device_end": 2167618.94006189}, "cmdq": 2, "read": {"device_start": -1, "device_end": -1}}, "coalesced_transpose66": {"write": {"device_start": -1, "host_queued_start": 1585499844.71703, "device_queued": -1, "device_end": -1, "host_queued_end": 1585499844.719755}, "device": "gpu", "nd_range": {"device_start": 1585499781.81069, "device_end": 1585499781.8107038}, "cmdq": 1, "read": {"device_start": -1, "device_end": -1}}, "coalesced_transpose48": {"write": {"device_start": -1, "host_queued_start": 1585499844.733512, "device_queued": -1, "device_end": -1, "host_queued_end": 1585499844.741688}, "device": "cpu", "nd_range": {"device_start": 2167618.94017953, "device_end": 2167618.940233041}, "cmdq": 4, "read": {"device_start": -1, "device_end": -1}}}