{"FFC_sans_bias60": {"write": {"device_start": -1, "host_queued_start": 1585499512.913928, "device_queued": -1, "device_end": -1, "host_queued_end": 1585499512.917301}, "device": "gpu", "nd_range": {"device_start": 1585499450.0220377, "device_end": 1585499450.0221438}, "cmdq": 0, "read": {"device_start": -1, "device_end": -1}}, "FFC_sans_bias4": {"write": {"device_start": -1, "host_queued_start": 1585499512.923139, "device_queued": -1, "device_end": -1, "host_queued_end": 1585499512.925646}, "device": "cpu", "nd_range": {"device_start": 2167287.118863942, "device_end": 2167287.119608525}, "cmdq": 0, "read": {"device_start": -1, "device_end": -1}}, "FFC_sans_bias7": {"write": {"device_start": -1, "host_queued_start": 1585499512.925132, "device_queued": -1, "device_end": -1, "host_queued_end": 1585499512.925646}, "device": "cpu", "nd_range": {"device_start": 2167287.1209871373, "device_end": 2167287.1217068043}, "cmdq": 1, "read": {"device_start": -1, "device_end": -1}}, "FFC_sans_bias6": {"write": {"device_start": -1, "host_queued_start": 1585499512.92433, "device_queued": -1, "device_end": -1, "host_queued_end": 1585499512.925646}, "device": "cpu", "nd_range": {"device_start": 2167287.1199951894, "device_end": 2167287.120841723}, "cmdq": 4, "read": {"device_start": -1, "device_end": -1}}, "FFC_sans_bias1": {"write": {"device_start": -1, "host_queued_start": 1585499512.919813, "device_queued": -1, "device_end": -1, "host_queued_end": 1585499512.925646}, "device": "cpu", "nd_range": {"device_start": 2167287.117169435, "device_end": 2167287.118490048}, "cmdq": 3, "read": {"device_start": -1, "device_end": -1}}, "FFC_sans_bias0": {"write": {"device_start": -1, "host_queued_start": 1585499512.919177, "device_queued": -1, "device_end": -1, "host_queued_end": 1585499512.925646}, "device": "cpu", "nd_range": {"device_start": 2167287.115530643, "device_end": 2167287.117480519}, "cmdq": 2, "read": {"device_start": -1, "device_end": -1}}, "FFC_sans_bias2": {"write": {"device_start": -1, "host_queued_start": 1585499512.920409, "device_queued": -1, "device_end": -1, "host_queued_end": 1585499512.925646}, "device": "cpu", "nd_range": {"device_start": 2167287.1152860303, "device_end": 2167287.117221151}, "cmdq": 4, "read": {"device_start": -1, "device_end": -1}}, "FFC_sans_bias61": {"write": {"device_start": 1585499450.0230503, "host_queued_start": 1585499512.916713, "device_queued": 1585499450.0200179, "device_end": 1585499450.0230591, "host_queued_end": 1585499512.917301}, "device": "gpu", "nd_range": {"device_start": 1585499450.02306, "device_end": 1585499450.023166}, "cmdq": 0, "read": {"device_start": 1585499450.0231736, "device_end": 1585499450.0231802}}, "FFC_sans_bias52": {"write": {"device_start": 1585499450.0228612, "host_queued_start": 1585499512.916217, "device_queued": 1585499450.0199554, "device_end": 1585499450.0228698, "host_queued_end": 1585499512.917301}, "device": "gpu", "nd_range": {"device_start": 1585499450.0228708, "device_end": 1585499450.0229769}, "cmdq": 0, "read": {"device_start": 1585499450.022979, "device_end": 1585499450.0229852}}, "FFC_sans_bias9": {"write": {"device_start": -1, "host_queued_start": 1585499512.92094, "device_queued": -1, "device_end": -1, "host_queued_end": 1585499512.925646}, "device": "cpu", "nd_range": {"device_start": 2167287.115235271, "device_end": 2167287.117411964}, "cmdq": 0, "read": {"device_start": -1, "device_end": -1}}, "coalesced_transpose39": {"write": {"device_start": -1, "host_queued_start": 1585499512.908622, "device_queued": -1, "device_end": -1, "host_queued_end": 1585499512.917301}, "device": "gpu", "nd_range": {"device_start": 1585499450.0205007, "device_end": 1585499450.0205054}, "cmdq": 0, "read": {"device_start": -1, "device_end": -1}}, "FFC_sans_bias55": {"write": {"device_start": 1585499450.0200133, "host_queued_start": 1585499512.906238, "device_queued": 1585499450.0191202, "device_end": 1585499450.0200229, "host_queued_end": 1585499512.917301}, "device": "gpu", "nd_range": {"device_start": 1585499450.020024, "device_end": 1585499450.0201283}, "cmdq": 0, "read": {"device_start": -1, "device_end": -1}}, "FFC_sans_bias54": {"write": {"device_start": 1585499450.0198898, "host_queued_start": 1585499512.905715, "device_queued": 1585499450.019082, "device_end": 1585499450.0199, "host_queued_end": 1585499512.917301}, "device": "gpu", "nd_range": {"device_start": 1585499450.0199013, "device_end": 1585499450.0200121}, "cmdq": 0, "read": {"device_start": -1, "device_end": -1}}, "FFC_sans_bias56": {"write": {"device_start": 1585499450.019773, "host_queued_start": 1585499512.905233, "device_queued": 1585499450.0189528, "device_end": 1585499450.0197816, "host_queued_end": 1585499512.917301}, "device": "gpu", "nd_range": {"device_start": 1585499450.0197828, "device_end": 1585499450.0198886}, "cmdq": 0, "read": {"device_start": -1, "device_end": -1}}, "FFC_sans_bias51": {"write": {"device_start": -1, "host_queued_start": 1585499512.913656, "device_queued": -1, "device_end": -1, "host_queued_end": 1585499512.917301}, "device": "gpu", "nd_range": {"device_start": 1585499450.0219307, "device_end": 1585499450.0220368}, "cmdq": 0, "read": {"device_start": -1, "device_end": -1}}, "softmax23": {"write": {"device_start": -1, "host_queued_start": 1585499512.911429, "device_queued": -1, "device_end": -1, "host_queued_end": 1585499512.917301}, "device": "gpu", "nd_range": {"device_start": 1585499450.0211694, "device_end": 1585499450.0212407}, "cmdq": 0, "read": {"device_start": -1, "device_end": -1}}, "FFC_sans_bias37": {"write": {"device_start": 1585499450.0191884, "host_queued_start": 1585499512.902773, "device_queued": 1585499450.0187242, "device_end": 1585499450.0191972, "host_queued_end": 1585499512.917301}, "device": "gpu", "nd_range": {"device_start": 1585499450.0191991, "device_end": 1585499450.0193048}, "cmdq": 0, "read": {"device_start": -1, "device_end": -1}}, "empty62": {"write": {"device_start": 1585499450.0182827, "host_queued_start": 1585499512.898193, "device_queued": 1585499450.0182579, "device_end": 1585499450.0182912, "host_queued_end": 1585499512.917301}, "device": "gpu", "nd_range": {"device_start": 1585499450.0182924, "device_end": 1585499450.0182958}, "cmdq": 0, "read": {"device_start": -1, "device_end": -1}}, "FFC_sans_bias70": {"write": {"device_start": 1585499450.023236, "host_queued_start": 1585499512.917205, "device_queued": 1585499450.0200784, "device_end": 1585499450.0232446, "host_queued_end": 1585499512.917301}, "device": "gpu", "nd_range": {"device_start": 1585499450.0232456, "device_end": 1585499450.0233507}, "cmdq": 0, "read": {"device_start": 1585499450.0233538, "device_end": 1585499450.02336}}, "FFC_sans_bias58": {"write": {"device_start": -1, "host_queued_start": 1585499512.910919, "device_queued": -1, "device_end": -1, "host_queued_end": 1585499512.917301}, "device": "gpu", "nd_range": {"device_start": 1585499450.020955, "device_end": 1585499450.0210605}, "cmdq": 0, "read": {"device_start": -1, "device_end": -1}}, "softmax41": {"write": {"device_start": -1, "host_queued_start": 1585499512.911867, "device_queued": -1, "device_end": -1, "host_queued_end": 1585499512.917301}, "device": "gpu", "nd_range": {"device_start": 1585499450.0213132, "device_end": 1585499450.0213864}, "cmdq": 0, "read": {"device_start": -1, "device_end": -1}}, "FFC_sans_bias11": {"write": {"device_start": -1, "host_queued_start": 1585499512.921943, "device_queued": -1, "device_end": -1, "host_queued_end": 1585499512.925646}, "device": "cpu", "nd_range": {"device_start": 2167287.1174940723, "device_end": 2167287.118936656}, "cmdq": 2, "read": {"device_start": -1, "device_end": -1}}, "FFC_sans_bias10": {"write": {"device_start": -1, "host_queued_start": 1585499512.921439, "device_queued": -1, "device_end": -1, "host_queued_end": 1585499512.925646}, "device": "cpu", "nd_range": {"device_start": 2167287.115212367, "device_end": 2167287.1171638803}, "cmdq": 1, "read": {"device_start": -1, "device_end": -1}}, "coalesced_transpose3": {"write": {"device_start": -1, "host_queued_start": 1585499512.9223, "device_queued": -1, "device_end": -1, "host_queued_end": 1585499512.925646}, "device": "cpu", "nd_range": {"device_start": 2167287.118494735, "device_end": 2167287.1185462503}, "cmdq": 3, "read": {"device_start": -1, "device_end": -1}}, "FFC_sans_bias34": {"write": {"device_start": 1585499450.0224504, "host_queued_start": 1585499512.915234, "device_queued": 1585499450.0198214, "device_end": 1585499450.0224593, "host_queued_end": 1585499512.917301}, "device": "gpu", "nd_range": {"device_start": 1585499450.0224605, "device_end": 1585499450.022566}, "cmdq": 0, "read": {"device_start": 1585499450.022574, "device_end": 1585499450.022581}}, "FFC_sans_bias15": {"write": {"device_start": -1, "host_queued_start": 1585499512.924633, "device_queued": -1, "device_end": -1, "host_queued_end": 1585499512.925646}, "device": "cpu", "nd_range": {"device_start": 2167287.119628651, "device_end": 2167287.1206014343}, "cmdq": 0, "read": {"device_start": -1, "device_end": -1}}, "FFC_sans_bias31": {"write": {"device_start": -1, "host_queued_start": 1585499512.91001, "device_queued": -1, "device_end": -1, "host_queued_end": 1585499512.917301}, "device": "gpu", "nd_range": {"device_start": 1585499450.020633, "device_end": 1585499450.0207393}, "cmdq": 0, "read": {"device_start": -1, "device_end": -1}}, "FFC_sans_bias16": {"write": {"device_start": -1, "host_queued_start": 1585499512.925601, "device_queued": -1, "device_end": -1, "host_queued_end": 1585499512.925646}, "device": "cpu", "nd_range": {"device_start": 2167287.1206088183, "device_end": 2167287.121690505}, "cmdq": 2, "read": {"device_start": -1, "device_end": -1}}, "FFC_sans_bias19": {"write": {"device_start": 1585499450.018471, "host_queued_start": 1585499512.899635, "device_queued": 1585499450.0183723, "device_end": 1585499450.0184836, "host_queued_end": 1585499512.917301}, "device": "gpu", "nd_range": {"device_start": 1585499450.0184848, "device_end": 1585499450.018591}, "cmdq": 0, "read": {"device_start": -1, "device_end": -1}}, "FFC_sans_bias18": {"write": {"device_start": 1585499450.0183542, "host_queued_start": 1585499512.899137, "device_queued": 1585499450.0183308, "device_end": 1585499450.018363, "host_queued_end": 1585499512.917301}, "device": "gpu", "nd_range": {"device_start": 1585499450.018364, "device_end": 1585499450.01847}, "cmdq": 0, "read": {"device_start": -1, "device_end": -1}}, "coalesced_transpose30": {"write": {"device_start": -1, "host_queued_start": 1585499512.908347, "device_queued": -1, "device_end": -1, "host_queued_end": 1585499512.917301}, "device": "gpu", "nd_range": {"device_start": 1585499450.0204942, "device_end": 1585499450.0204992}, "cmdq": 0, "read": {"device_start": -1, "device_end": -1}}, "FFC_sans_bias69": {"write": {"device_start": -1, "host_queued_start": 1585499512.914225, "device_queued": -1, "device_end": -1, "host_queued_end": 1585499512.917301}, "device": "gpu", "nd_range": {"device_start": 1585499450.0221448, "device_end": 1585499450.0222487}, "cmdq": 0, "read": {"device_start": -1, "device_end": -1}}, "FFC_sans_bias38": {"write": {"device_start": 1585499450.0193062, "host_queued_start": 1585499512.903272, "device_queued": 1585499450.01876, "device_end": 1585499450.0193145, "host_queued_end": 1585499512.917301}, "device": "gpu", "nd_range": {"device_start": 1585499450.0193157, "device_end": 1585499450.0194218}, "cmdq": 0, "read": {"device_start": -1, "device_end": -1}}, "coalesced_transpose57": {"write": {"device_start": -1, "host_queued_start": 1585499512.90916, "device_queued": -1, "device_end": -1, "host_queued_end": 1585499512.917301}, "device": "gpu", "nd_range": {"device_start": 1585499450.0205126, "device_end": 1585499450.020517}, "cmdq": 0, "read": {"device_start": -1, "device_end": -1}}, "empty26": {"write": {"device_start": 1585499450.018087, "host_queued_start": 1585499512.896466, "device_queued": 1585499450.018053, "device_end": 1585499450.0180955, "host_queued_end": 1585499512.917301}, "device": "gpu", "nd_range": {"device_start": 1585499450.0181117, "device_end": 1585499450.0181248}, "cmdq": 0, "read": {"device_start": -1, "device_end": -1}}, "coalesced_transpose12": {"write": {"device_start": -1, "host_queued_start": 1585499512.922733, "device_queued": -1, "device_end": -1, "host_queued_end": 1585499512.925646}, "device": "cpu", "nd_range": {"device_start": 2167287.1173387393, "device_end": 2167287.117392141}, "cmdq": 4, "read": {"device_start": -1, "device_end": -1}}, "empty44": {"write": {"device_start": 1585499450.0182111, "host_queued_start": 1585499512.897439, "device_queued": 1585499450.0181813, "device_end": 1585499450.0182197, "host_queued_end": 1585499512.917301}, "device": "gpu", "nd_range": {"device_start": 1585499450.018221, "device_end": 1585499450.0182242}, "cmdq": 0, "read": {"device_start": -1, "device_end": -1}}, "coalesced_transpose21": {"write": {"device_start": -1, "host_queued_start": 1585499512.908056, "device_queued": -1, "device_end": -1, "host_queued_end": 1585499512.917301}, "device": "gpu", "nd_range": {"device_start": 1585499450.0204875, "device_end": 1585499450.0204933}, "cmdq": 0, "read": {"device_start": -1, "device_end": -1}}, "FFC_sans_bias36": {"write": {"device_start": 1585499450.019071, "host_queued_start": 1585499512.902225, "device_queued": 1585499450.018687, "device_end": 1585499450.0190797, "host_queued_end": 1585499512.917301}, "device": "gpu", "nd_range": {"device_start": 1585499450.019081, "device_end": 1585499450.019187}, "cmdq": 0, "read": {"device_start": -1, "device_end": -1}}, "softmax14": {"write": {"device_start": -1, "host_queued_start": 1585499512.924016, "device_queued": -1, "device_end": -1, "host_queued_end": 1585499512.925646}, "device": "cpu", "nd_range": {"device_start": 2167287.119290839, "device_end": 2167287.119347761}, "cmdq": 3, "read": {"device_start": -1, "device_end": -1}}, "FFC_sans_bias13": {"write": {"device_start": -1, "host_queued_start": 1585499512.923508, "device_queued": -1, "device_end": -1, "host_queued_end": 1585499512.925646}, "device": "cpu", "nd_range": {"device_start": 2167287.117492814, "device_end": 2167287.119054317}, "cmdq": 1, "read": {"device_start": -1, "device_end": -1}}, "empty8": {"write": {"device_start": -1, "host_queued_start": 1585499512.918081, "device_queued": -1, "device_end": -1, "host_queued_end": 1585499512.925646}, "device": "cpu", "nd_range": {"device_start": 2167287.115212407, "device_end": 2167287.1152165653}, "cmdq": 0, "read": {"device_start": -1, "device_end": -1}}, "FFC_sans_bias42": {"write": {"device_start": -1, "host_queued_start": 1585499512.913369, "device_queued": -1, "device_end": -1, "host_queued_end": 1585499512.917301}, "device": "gpu", "nd_range": {"device_start": 1585499450.021822, "device_end": 1585499450.0219295}, "cmdq": 0, "read": {"device_start": -1, "device_end": -1}}, "FFC_sans_bias43": {"write": {"device_start": 1585499450.0226579, "host_queued_start": 1585499512.915722, "device_queued": 1585499450.0198882, "device_end": 1585499450.0226665, "host_queued_end": 1585499512.917301}, "device": "gpu", "nd_range": {"device_start": 1585499450.0226676, "device_end": 1585499450.0227733}, "cmdq": 0, "read": {"device_start": 1585499450.0227761, "device_end": 1585499450.0227895}}, "FFC_sans_bias40": {"write": {"device_start": -1, "host_queued_start": 1585499512.910305, "device_queued": -1, "device_end": -1, "host_queued_end": 1585499512.917301}, "device": "gpu", "nd_range": {"device_start": 1585499450.0207407, "device_end": 1585499450.0208466}, "cmdq": 0, "read": {"device_start": -1, "device_end": -1}}, "softmax32": {"write": {"device_start": -1, "host_queued_start": 1585499512.911642, "device_queued": -1, "device_end": -1, "host_queued_end": 1585499512.917301}, "device": "gpu", "nd_range": {"device_start": 1585499450.021242, "device_end": 1585499450.0213118}, "cmdq": 0, "read": {"device_start": -1, "device_end": -1}}, "FFC_sans_bias47": {"write": {"device_start": 1585499450.0196571, "host_queued_start": 1585499512.904748, "device_queued": 1585499450.0188973, "device_end": 1585499450.0196655, "host_queued_end": 1585499512.917301}, "device": "gpu", "nd_range": {"device_start": 1585499450.0196667, "device_end": 1585499450.0197716}, "cmdq": 0, "read": {"device_start": -1, "device_end": -1}}, "FFC_sans_bias45": {"write": {"device_start": 1585499450.019423, "host_queued_start": 1585499512.903764, "device_queued": 1585499450.0188131, "device_end": 1585499450.0194318, "host_queued_end": 1585499512.917301}, "device": "gpu", "nd_range": {"device_start": 1585499450.0194328, "device_end": 1585499450.0195396}, "cmdq": 0, "read": {"device_start": -1, "device_end": -1}}, "softmax50": {"write": {"device_start": -1, "host_queued_start": 1585499512.912089, "device_queued": -1, "device_end": -1, "host_queued_end": 1585499512.917301}, "device": "gpu", "nd_range": {"device_start": 1585499450.0213873, "device_end": 1585499450.021456}, "cmdq": 0, "read": {"device_start": -1, "device_end": -1}}, "FFC_sans_bias33": {"write": {"device_start": -1, "host_queued_start": 1585499512.913076, "device_queued": -1, "device_end": -1, "host_queued_end": 1585499512.917301}, "device": "gpu", "nd_range": {"device_start": 1585499450.0217144, "device_end": 1585499450.0218208}, "cmdq": 0, "read": {"device_start": -1, "device_end": -1}}, "FFC_sans_bias63": {"write": {"device_start": 1585499450.0203707, "host_queued_start": 1585499512.907759, "device_queued": 1585499450.0192282, "device_end": 1585499450.0203795, "host_queued_end": 1585499512.917301}, "device": "gpu", "nd_range": {"device_start": 1585499450.0203805, "device_end": 1585499450.0204866}, "cmdq": 0, "read": {"device_start": -1, "device_end": -1}}, "FFC_sans_bias49": {"write": {"device_start": -1, "host_queued_start": 1585499512.910639, "device_queued": -1, "device_end": -1, "host_queued_end": 1585499512.917301}, "device": "gpu", "nd_range": {"device_start": 1585499450.020848, "device_end": 1585499450.020954}, "cmdq": 0, "read": {"device_start": -1, "device_end": -1}}, "FFC_sans_bias64": {"write": {"device_start": 1585499450.020137, "host_queued_start": 1585499512.906768, "device_queued": 1585499450.0191572, "device_end": 1585499450.0201457, "host_queued_end": 1585499512.917301}, "device": "gpu", "nd_range": {"device_start": 1585499450.0201468, "device_end": 1585499450.0202527}, "cmdq": 0, "read": {"device_start": -1, "device_end": -1}}, "FFC_sans_bias65": {"write": {"device_start": 1585499450.020254, "host_queued_start": 1585499512.907264, "device_queued": 1585499450.0191948, "device_end": 1585499450.0202625, "host_queued_end": 1585499512.917301}, "device": "gpu", "nd_range": {"device_start": 1585499450.0202634, "device_end": 1585499450.0203698}, "cmdq": 0, "read": {"device_start": -1, "device_end": -1}}, "FFC_sans_bias67": {"write": {"device_start": -1, "host_queued_start": 1585499512.911206, "device_queued": -1, "device_end": -1, "host_queued_end": 1585499512.917301}, "device": "gpu", "nd_range": {"device_start": 1585499450.0210614, "device_end": 1585499450.0211682}, "cmdq": 0, "read": {"device_start": -1, "device_end": -1}}, "FFC_sans_bias24": {"write": {"device_start": -1, "host_queued_start": 1585499512.912802, "device_queued": -1, "device_end": -1, "host_queued_end": 1585499512.917301}, "device": "gpu", "nd_range": {"device_start": 1585499450.0216093, "device_end": 1585499450.0217135}, "cmdq": 0, "read": {"device_start": -1, "device_end": -1}}, "FFC_sans_bias25": {"write": {"device_start": 1585499450.0222502, "host_queued_start": 1585499512.914717, "device_queued": 1585499450.0197587, "device_end": 1585499450.0222585, "host_queued_end": 1585499512.917301}, "device": "gpu", "nd_range": {"device_start": 1585499450.0222597, "device_end": 1585499450.0223658}, "cmdq": 0, "read": {"device_start": 1585499450.022368, "device_end": 1585499450.022375}}, "FFC_sans_bias27": {"write": {"device_start": 1585499450.018709, "host_queued_start": 1585499512.900614, "device_queued": 1585499450.01845, "device_end": 1585499450.0187175, "host_queued_end": 1585499512.917301}, "device": "gpu", "nd_range": {"device_start": 1585499450.0187185, "device_end": 1585499450.0188236}, "cmdq": 0, "read": {"device_start": -1, "device_end": -1}}, "FFC_sans_bias20": {"write": {"device_start": 1585499450.018592, "host_queued_start": 1585499512.900129, "device_queued": 1585499450.0184128, "device_end": 1585499450.0186005, "host_queued_end": 1585499512.917301}, "device": "gpu", "nd_range": {"device_start": 1585499450.0186017, "device_end": 1585499450.0187075}, "cmdq": 0, "read": {"device_start": -1, "device_end": -1}}, "FFC_sans_bias22": {"write": {"device_start": -1, "host_queued_start": 1585499512.909727, "device_queued": -1, "device_end": -1, "host_queued_end": 1585499512.917301}, "device": "gpu", "nd_range": {"device_start": 1585499450.0205245, "device_end": 1585499450.0206318}, "cmdq": 0, "read": {"device_start": -1, "device_end": -1}}, "softmax68": {"write": {"device_start": -1, "host_queued_start": 1585499512.912515, "device_queued": -1, "device_end": -1, "host_queued_end": 1585499512.917301}, "device": "gpu", "nd_range": {"device_start": 1585499450.021533, "device_end": 1585499450.0216079}, "cmdq": 0, "read": {"device_start": -1, "device_end": -1}}, "softmax5": {"write": {"device_start": -1, "host_queued_start": 1585499512.923766, "device_queued": -1, "device_end": -1, "host_queued_end": 1585499512.925646}, "device": "cpu", "nd_range": {"device_start": 2167287.1196146593, "device_end": 2167287.119769709}, "cmdq": 2, "read": {"device_start": -1, "device_end": -1}}, "FFC_sans_bias28": {"write": {"device_start": 1585499450.0188248, "host_queued_start": 1585499512.901221, "device_queued": 1585499450.018511, "device_end": 1585499450.0188363, "host_queued_end": 1585499512.917301}, "device": "gpu", "nd_range": {"device_start": 1585499450.018838, "device_end": 1585499450.018943}, "cmdq": 0, "read": {"device_start": -1, "device_end": -1}}, "FFC_sans_bias29": {"write": {"device_start": 1585499450.0189505, "host_queued_start": 1585499512.901727, "device_queued": 1585499450.0186477, "device_end": 1585499450.0189624, "host_queued_end": 1585499512.917301}, "device": "gpu", "nd_range": {"device_start": 1585499450.0189638, "device_end": 1585499450.0190701}, "cmdq": 0, "read": {"device_start": -1, "device_end": -1}}, "empty17": {"write": {"device_start": -1, "host_queued_start": 1585499512.9186, "device_queued": -1, "device_end": -1, "host_queued_end": 1585499512.925646}, "device": "cpu", "nd_range": {"device_start": 2167287.115186524, "device_end": 2167287.115196209}, "cmdq": 1, "read": {"device_start": -1, "device_end": -1}}, "softmax59": {"write": {"device_start": -1, "host_queued_start": 1585499512.912299, "device_queued": -1, "device_end": -1, "host_queued_end": 1585499512.917301}, "device": "gpu", "nd_range": {"device_start": 1585499450.0214572, "device_end": 1585499450.0215318}, "cmdq": 0, "read": {"device_start": -1, "device_end": -1}}, "empty71": {"write": {"device_start": 1585499450.0183177, "host_queued_start": 1585499512.898563, "device_queued": 1585499450.018296, "device_end": 1585499450.018326, "host_queued_end": 1585499512.917301}, "device": "gpu", "nd_range": {"device_start": 1585499450.0183275, "device_end": 1585499450.0183308}, "cmdq": 0, "read": {"device_start": -1, "device_end": -1}}, "empty35": {"write": {"device_start": 1585499450.0181668, "host_queued_start": 1585499512.897063, "device_queued": 1585499450.0181305, "device_end": 1585499450.0181756, "host_queued_end": 1585499512.917301}, "device": "gpu", "nd_range": {"device_start": 1585499450.0181766, "device_end": 1585499450.0181801}, "cmdq": 0, "read": {"device_start": -1, "device_end": -1}}, "empty53": {"write": {"device_start": 1585499450.018245, "host_queued_start": 1585499512.897811, "device_queued": 1585499450.0182233, "device_end": 1585499450.0182533, "host_queued_end": 1585499512.917301}, "device": "gpu", "nd_range": {"device_start": 1585499450.0182548, "device_end": 1585499450.0182583}, "cmdq": 0, "read": {"device_start": -1, "device_end": -1}}, "FFC_sans_bias46": {"write": {"device_start": 1585499450.0195408, "host_queued_start": 1585499512.904257, "device_queued": 1585499450.0188632, "device_end": 1585499450.0195494, "host_queued_end": 1585499512.917301}, "device": "gpu", "nd_range": {"device_start": 1585499450.0195506, "device_end": 1585499450.0196557}, "cmdq": 0, "read": {"device_start": -1, "device_end": -1}}, "coalesced_transpose66": {"write": {"device_start": -1, "host_queued_start": 1585499512.909431, "device_queued": -1, "device_end": -1, "host_queued_end": 1585499512.917301}, "device": "gpu", "nd_range": {"device_start": 1585499450.0205185, "device_end": 1585499450.020523}, "cmdq": 0, "read": {"device_start": -1, "device_end": -1}}, "coalesced_transpose48": {"write": {"device_start": -1, "host_queued_start": 1585499512.908896, "device_queued": -1, "device_end": -1, "host_queued_end": 1585499512.917301}, "device": "gpu", "nd_range": {"device_start": 1585499450.0205066, "device_end": 1585499450.0205116}, "cmdq": 0, "read": {"device_start": -1, "device_end": -1}}}