{"FFC_sans_bias60": {"write": {"device_start": -1, "host_queued_start": 1585499643.959216, "device_queued": -1, "device_end": -1, "host_queued_end": 1585499643.962076}, "device": "gpu", "nd_range": {"device_start": 1585499581.0605333, "device_end": 1585499581.0607054}, "cmdq": 2, "read": {"device_start": -1, "device_end": -1}}, "FFC_sans_bias4": {"write": {"device_start": -1, "host_queued_start": 1585499643.969751, "device_queued": -1, "device_end": -1, "host_queued_end": 1585499643.973655}, "device": "cpu", "nd_range": {"device_start": 2167418.169720209, "device_end": 2167418.1704480182}, "cmdq": 0, "read": {"device_start": -1, "device_end": -1}}, "FFC_sans_bias7": {"write": {"device_start": -1, "host_queued_start": 1585499643.972712, "device_queued": -1, "device_end": -1, "host_queued_end": 1585499643.973655}, "device": "cpu", "nd_range": {"device_start": 2167418.174241744, "device_end": 2167418.17534546}, "cmdq": 0, "read": {"device_start": -1, "device_end": -1}}, "FFC_sans_bias6": {"write": {"device_start": -1, "host_queued_start": 1585499643.971457, "device_queued": -1, "device_end": -1, "host_queued_end": 1585499643.973655}, "device": "cpu", "nd_range": {"device_start": 2167418.172039239, "device_end": 2167418.172784204}, "cmdq": 0, "read": {"device_start": -1, "device_end": -1}}, "FFC_sans_bias1": {"write": {"device_start": -1, "host_queued_start": 1585499643.964755, "device_queued": -1, "device_end": -1, "host_queued_end": 1585499643.973655}, "device": "cpu", "nd_range": {"device_start": 2167418.164089297, "device_end": 2167418.164706871}, "cmdq": 0, "read": {"device_start": -1, "device_end": -1}}, "FFC_sans_bias0": {"write": {"device_start": -1, "host_queued_start": 1585499643.964204, "device_queued": -1, "device_end": -1, "host_queued_end": 1585499643.973655}, "device": "cpu", "nd_range": {"device_start": 2167418.163265054, "device_end": 2167418.164070074}, "cmdq": 0, "read": {"device_start": -1, "device_end": -1}}, "FFC_sans_bias2": {"write": {"device_start": -1, "host_queued_start": 1585499643.965428, "device_queued": -1, "device_end": -1, "host_queued_end": 1585499643.973655}, "device": "cpu", "nd_range": {"device_start": 2167418.164715128, "device_end": 2167418.165321556}, "cmdq": 0, "read": {"device_start": -1, "device_end": -1}}, "FFC_sans_bias61": {"write": {"device_start": 1585499581.0610518, "host_queued_start": 1585499643.961477, "device_queued": 1585499581.060373, "device_end": 1585499581.0610695, "host_queued_end": 1585499643.962076}, "device": "gpu", "nd_range": {"device_start": 1585499581.0610712, "device_end": 1585499581.0611935}, "cmdq": 1, "read": {"device_start": 1585499581.061202, "device_end": 1585499581.0612156}}, "FFC_sans_bias52": {"write": {"device_start": 1585499581.060858, "host_queued_start": 1585499643.960974, "device_queued": 1585499581.0602438, "device_end": 1585499581.0608666, "host_queued_end": 1585499643.962076}, "device": "gpu", "nd_range": {"device_start": 1585499581.060868, "device_end": 1585499581.0610368}, "cmdq": 0, "read": {"device_start": 1585499581.0610495, "device_end": 1585499581.0610676}}, "FFC_sans_bias9": {"write": {"device_start": -1, "host_queued_start": 1585499643.965922, "device_queued": -1, "device_end": -1, "host_queued_end": 1585499643.973655}, "device": "cpu", "nd_range": {"device_start": 2167418.1653260533, "device_end": 2167418.166560193}, "cmdq": 0, "read": {"device_start": -1, "device_end": -1}}, "coalesced_transpose39": {"write": {"device_start": -1, "host_queued_start": 1585499643.954568, "device_queued": -1, "device_end": -1, "host_queued_end": 1585499643.962076}, "device": "gpu", "nd_range": {"device_start": 1585499581.0599864, "device_end": 1585499581.0599968}, "cmdq": 0, "read": {"device_start": -1, "device_end": -1}}, "FFC_sans_bias55": {"write": {"device_start": 1585499581.0596845, "host_queued_start": 1585499643.952516, "device_queued": 1585499581.0595565, "device_end": 1585499581.059693, "host_queued_end": 1585499643.962076}, "device": "gpu", "nd_range": {"device_start": 1585499581.0596943, "device_end": 1585499581.05987}, "cmdq": 1, "read": {"device_start": -1, "device_end": -1}}, "FFC_sans_bias54": {"write": {"device_start": 1585499581.0595975, "host_queued_start": 1585499643.952032, "device_queued": 1585499581.059513, "device_end": 1585499581.059606, "host_queued_end": 1585499643.962076}, "device": "gpu", "nd_range": {"device_start": 1585499581.059607, "device_end": 1585499581.0597937}, "cmdq": 0, "read": {"device_start": -1, "device_end": -1}}, "FFC_sans_bias56": {"write": {"device_start": 1585499581.059572, "host_queued_start": 1585499643.95154, "device_queued": 1585499581.0594525, "device_end": 1585499581.0595808, "host_queued_end": 1585499643.962076}, "device": "gpu", "nd_range": {"device_start": 1585499581.059582, "device_end": 1585499581.0597603}, "cmdq": 2, "read": {"device_start": -1, "device_end": -1}}, "FFC_sans_bias51": {"write": {"device_start": -1, "host_queued_start": 1585499643.958925, "device_queued": -1, "device_end": -1, "host_queued_end": 1585499643.962076}, "device": "gpu", "nd_range": {"device_start": 1585499581.060639, "device_end": 1585499581.0607524}, "cmdq": 1, "read": {"device_start": -1, "device_end": -1}}, "softmax23": {"write": {"device_start": -1, "host_queued_start": 1585499643.971144, "device_queued": -1, "device_end": -1, "host_queued_end": 1585499643.973655}, "device": "cpu", "nd_range": {"device_start": 2167418.171993758, "device_end": 2167418.172029879}, "cmdq": 0, "read": {"device_start": -1, "device_end": -1}}, "FFC_sans_bias37": {"write": {"device_start": 1585499581.059197, "host_queued_start": 1585499643.948898, "device_queued": 1585499581.059174, "device_end": 1585499581.0592058, "host_queued_end": 1585499643.962076}, "device": "gpu", "nd_range": {"device_start": 1585499581.0592067, "device_end": 1585499581.0593889}, "cmdq": 0, "read": {"device_start": -1, "device_end": -1}}, "empty62": {"write": {"device_start": 1585499581.0589402, "host_queued_start": 1585499643.945939, "device_queued": 1585499581.0589173, "device_end": 1585499581.058949, "host_queued_end": 1585499643.962076}, "device": "gpu", "nd_range": {"device_start": 1585499581.05895, "device_end": 1585499581.0589535}, "cmdq": 0, "read": {"device_start": -1, "device_end": -1}}, "FFC_sans_bias70": {"write": {"device_start": 1585499581.0610235, "host_queued_start": 1585499643.961973, "device_queued": 1585499581.0603218, "device_end": 1585499581.061032, "host_queued_end": 1585499643.962076}, "device": "gpu", "nd_range": {"device_start": 1585499581.061034, "device_end": 1585499581.0611427}, "cmdq": 2, "read": {"device_start": 1585499581.0611515, "device_end": 1585499581.0611598}}, "FFC_sans_bias58": {"write": {"device_start": -1, "host_queued_start": 1585499643.956597, "device_queued": -1, "device_end": -1, "host_queued_end": 1585499643.962076}, "device": "gpu", "nd_range": {"device_start": 1585499581.0602307, "device_end": 1585499581.0603805}, "cmdq": 1, "read": {"device_start": -1, "device_end": -1}}, "softmax41": {"write": {"device_start": -1, "host_queued_start": 1585499643.957352, "device_queued": -1, "device_end": -1, "host_queued_end": 1585499643.962076}, "device": "gpu", "nd_range": {"device_start": 1585499581.0603857, "device_end": 1585499581.0604956}, "cmdq": 1, "read": {"device_start": -1, "device_end": -1}}, "FFC_sans_bias11": {"write": {"device_start": -1, "host_queued_start": 1585499643.966938, "device_queued": -1, "device_end": -1, "host_queued_end": 1585499643.973655}, "device": "cpu", "nd_range": {"device_start": 2167418.1671697763, "device_end": 2167418.1677674414}, "cmdq": 0, "read": {"device_start": -1, "device_end": -1}}, "FFC_sans_bias10": {"write": {"device_start": -1, "host_queued_start": 1585499643.966421, "device_queued": -1, "device_end": -1, "host_queued_end": 1585499643.973655}, "device": "cpu", "nd_range": {"device_start": 2167418.1665650383, "device_end": 2167418.1671652123}, "cmdq": 0, "read": {"device_start": -1, "device_end": -1}}, "coalesced_transpose3": {"write": {"device_start": -1, "host_queued_start": 1585499643.968831, "device_queued": -1, "device_end": -1, "host_queued_end": 1585499643.973655}, "device": "cpu", "nd_range": {"device_start": 2167418.169563237, "device_end": 2167418.1695884713}, "cmdq": 0, "read": {"device_start": -1, "device_end": -1}}, "FFC_sans_bias34": {"write": {"device_start": 1585499581.0607545, "host_queued_start": 1585499643.959972, "device_queued": 1585499581.060198, "device_end": 1585499581.0607631, "host_queued_end": 1585499643.962076}, "device": "gpu", "nd_range": {"device_start": 1585499581.0607643, "device_end": 1585499581.060966}, "cmdq": 1, "read": {"device_start": 1585499581.0609744, "device_end": 1585499581.060996}}, "FFC_sans_bias15": {"write": {"device_start": -1, "host_queued_start": 1585499643.971779, "device_queued": -1, "device_end": -1, "host_queued_end": 1585499643.973655}, "device": "cpu", "nd_range": {"device_start": 2167418.1727901553, "device_end": 2167418.173507851}, "cmdq": 0, "read": {"device_start": -1, "device_end": -1}}, "FFC_sans_bias31": {"write": {"device_start": -1, "host_queued_start": 1585499643.95573, "device_queued": -1, "device_end": -1, "host_queued_end": 1585499643.962076}, "device": "gpu", "nd_range": {"device_start": 1585499581.0600357, "device_end": 1585499581.0602276}, "cmdq": 1, "read": {"device_start": -1, "device_end": -1}}, "FFC_sans_bias16": {"write": {"device_start": -1, "host_queued_start": 1585499643.973163, "device_queued": -1, "device_end": -1, "host_queued_end": 1585499643.973655}, "device": "cpu", "nd_range": {"device_start": 2167418.1753483363, "device_end": 2167418.176092753}, "cmdq": 0, "read": {"device_start": -1, "device_end": -1}}, "FFC_sans_bias19": {"write": {"device_start": -1, "host_queued_start": 1585499643.967938, "device_queued": -1, "device_end": -1, "host_queued_end": 1585499643.973655}, "device": "cpu", "nd_range": {"device_start": 2167418.168373655, "device_end": 2167418.168960861}, "cmdq": 0, "read": {"device_start": -1, "device_end": -1}}, "FFC_sans_bias18": {"write": {"device_start": -1, "host_queued_start": 1585499643.967438, "device_queued": -1, "device_end": -1, "host_queued_end": 1585499643.973655}, "device": "cpu", "nd_range": {"device_start": 2167418.167771542, "device_end": 2167418.168360625}, "cmdq": 0, "read": {"device_start": -1, "device_end": -1}}, "coalesced_transpose30": {"write": {"device_start": -1, "host_queued_start": 1585499643.954307, "device_queued": -1, "device_end": -1, "host_queued_end": 1585499643.962076}, "device": "gpu", "nd_range": {"device_start": 1585499581.059899, "device_end": 1585499581.0599794}, "cmdq": 2, "read": {"device_start": -1, "device_end": -1}}, "FFC_sans_bias69": {"write": {"device_start": -1, "host_queued_start": 1585499643.959498, "device_queued": -1, "device_end": -1, "host_queued_end": 1585499643.962076}, "device": "gpu", "nd_range": {"device_start": 1585499581.0606458, "device_end": 1585499581.0608559}, "cmdq": 0, "read": {"device_start": -1, "device_end": -1}}, "FFC_sans_bias38": {"write": {"device_start": 1585499581.0592704, "host_queued_start": 1585499643.949534, "device_queued": 1585499581.0592122, "device_end": 1585499581.059279, "host_queued_end": 1585499643.962076}, "device": "gpu", "nd_range": {"device_start": 1585499581.0593717, "device_end": 1585499581.0594804}, "cmdq": 1, "read": {"device_start": -1, "device_end": -1}}, "coalesced_transpose57": {"write": {"device_start": -1, "host_queued_start": 1585499643.95517, "device_queued": -1, "device_end": -1, "host_queued_end": 1585499643.962076}, "device": "gpu", "nd_range": {"device_start": 1585499581.0599806, "device_end": 1585499581.0599897}, "cmdq": 2, "read": {"device_start": -1, "device_end": -1}}, "empty26": {"write": {"device_start": -1, "host_queued_start": 1585499643.963657, "device_queued": -1, "device_end": -1, "host_queued_end": 1585499643.973655}, "device": "cpu", "nd_range": {"device_start": 2167418.1632603994, "device_end": 2167418.1632611672}, "cmdq": 0, "read": {"device_start": -1, "device_end": -1}}, "coalesced_transpose12": {"write": {"device_start": -1, "host_queued_start": 1585499643.969138, "device_queued": -1, "device_end": -1, "host_queued_end": 1585499643.973655}, "device": "cpu", "nd_range": {"device_start": 2167418.1696120473, "device_end": 2167418.1696392763}, "cmdq": 0, "read": {"device_start": -1, "device_end": -1}}, "empty44": {"write": {"device_start": 1585499581.0588493, "host_queued_start": 1585499643.94513, "device_queued": 1585499581.0588257, "device_end": 1585499581.058858, "host_queued_end": 1585499643.962076}, "device": "gpu", "nd_range": {"device_start": 1585499581.0589032, "device_end": 1585499581.0589066}, "cmdq": 1, "read": {"device_start": -1, "device_end": -1}}, "coalesced_transpose21": {"write": {"device_start": -1, "host_queued_start": 1585499643.969433, "device_queued": -1, "device_end": -1, "host_queued_end": 1585499643.973655}, "device": "cpu", "nd_range": {"device_start": 2167418.169655955, "device_end": 2167418.1697059222}, "cmdq": 0, "read": {"device_start": -1, "device_end": -1}}, "FFC_sans_bias36": {"write": {"device_start": 1585499581.0591416, "host_queued_start": 1585499643.94841, "device_queued": 1585499581.0591078, "device_end": 1585499581.0591505, "host_queued_end": 1585499643.962076}, "device": "gpu", "nd_range": {"device_start": 1585499581.0591624, "device_end": 1585499581.0593755}, "cmdq": 2, "read": {"device_start": -1, "device_end": -1}}, "softmax14": {"write": {"device_start": -1, "host_queued_start": 1585499643.970908, "device_queued": -1, "device_end": -1, "host_queued_end": 1585499643.973655}, "device": "cpu", "nd_range": {"device_start": 2167418.171967525, "device_end": 2167418.171986712}, "cmdq": 0, "read": {"device_start": -1, "device_end": -1}}, "FFC_sans_bias13": {"write": {"device_start": -1, "host_queued_start": 1585499643.970084, "device_queued": -1, "device_end": -1, "host_queued_end": 1585499643.973655}, "device": "cpu", "nd_range": {"device_start": 2167418.170453952, "device_end": 2167418.1711788313}, "cmdq": 0, "read": {"device_start": -1, "device_end": -1}}, "empty8": {"write": {"device_start": -1, "host_queued_start": 1585499643.962776, "device_queued": -1, "device_end": -1, "host_queued_end": 1585499643.973655}, "device": "cpu", "nd_range": {"device_start": 2167418.163226019, "device_end": 2167418.163238101}, "cmdq": 0, "read": {"device_start": -1, "device_end": -1}}, "FFC_sans_bias42": {"write": {"device_start": -1, "host_queued_start": 1585499643.958633, "device_queued": -1, "device_end": -1, "host_queued_end": 1585499643.962076}, "device": "gpu", "nd_range": {"device_start": 1585499581.060517, "device_end": 1585499581.0606265}, "cmdq": 0, "read": {"device_start": -1, "device_end": -1}}, "FFC_sans_bias43": {"write": {"device_start": 1585499581.0607076, "host_queued_start": 1585499643.96048, "device_queued": 1585499581.0601747, "device_end": 1585499581.0607162, "host_queued_end": 1585499643.962076}, "device": "gpu", "nd_range": {"device_start": 1585499581.0607178, "device_end": 1585499581.0608866}, "cmdq": 2, "read": {"device_start": 1585499581.0608926, "device_end": 1585499581.0609019}}, "FFC_sans_bias40": {"write": {"device_start": -1, "host_queued_start": 1585499643.956028, "device_queued": -1, "device_end": -1, "host_queued_end": 1585499643.962076}, "device": "gpu", "nd_range": {"device_start": 1585499581.0600305, "device_end": 1585499581.0601401}, "cmdq": 2, "read": {"device_start": -1, "device_end": -1}}, "softmax32": {"write": {"device_start": -1, "host_queued_start": 1585499643.957126, "device_queued": -1, "device_end": -1, "host_queued_end": 1585499643.962076}, "device": "gpu", "nd_range": {"device_start": 1585499581.0602446, "device_end": 1585499581.0603995}, "cmdq": 0, "read": {"device_start": -1, "device_end": -1}}, "FFC_sans_bias47": {"write": {"device_start": 1585499581.0594828, "host_queued_start": 1585499643.951055, "device_queued": 1585499581.059428, "device_end": 1585499581.0594966, "host_queued_end": 1585499643.962076}, "device": "gpu", "nd_range": {"device_start": 1585499581.0594976, "device_end": 1585499581.0596824}, "cmdq": 1, "read": {"device_start": -1, "device_end": -1}}, "FFC_sans_bias45": {"write": {"device_start": 1585499581.0593767, "host_queued_start": 1585499643.950027, "device_queued": 1585499581.0593386, "device_end": 1585499581.0593853, "host_queued_end": 1585499643.962076}, "device": "gpu", "nd_range": {"device_start": 1585499581.0593865, "device_end": 1585499581.0595682}, "cmdq": 2, "read": {"device_start": -1, "device_end": -1}}, "softmax50": {"write": {"device_start": -1, "host_queued_start": 1585499643.957576, "device_queued": -1, "device_end": -1, "host_queued_end": 1585499643.962076}, "device": "gpu", "nd_range": {"device_start": 1585499581.0603368, "device_end": 1585499581.060416}, "cmdq": 2, "read": {"device_start": -1, "device_end": -1}}, "FFC_sans_bias33": {"write": {"device_start": -1, "host_queued_start": 1585499643.95832, "device_queued": -1, "device_end": -1, "host_queued_end": 1585499643.962076}, "device": "gpu", "nd_range": {"device_start": 1585499581.060418, "device_end": 1585499581.0605302}, "cmdq": 2, "read": {"device_start": -1, "device_end": -1}}, "FFC_sans_bias63": {"write": {"device_start": 1585499581.0598724, "host_queued_start": 1585499643.954005, "device_queued": 1585499581.059757, "device_end": 1585499581.0598807, "host_queued_end": 1585499643.962076}, "device": "gpu", "nd_range": {"device_start": 1585499581.059882, "device_end": 1585499581.060027}, "cmdq": 1, "read": {"device_start": -1, "device_end": -1}}, "FFC_sans_bias49": {"write": {"device_start": -1, "host_queued_start": 1585499643.956306, "device_queued": -1, "device_end": -1, "host_queued_end": 1585499643.962076}, "device": "gpu", "nd_range": {"device_start": 1585499581.0600395, "device_end": 1585499581.0602431}, "cmdq": 0, "read": {"device_start": -1, "device_end": -1}}, "FFC_sans_bias64": {"write": {"device_start": 1585499581.0597656, "host_queued_start": 1585499643.953016, "device_queued": 1585499581.0595798, "device_end": 1585499581.0597744, "host_queued_end": 1585499643.962076}, "device": "gpu", "nd_range": {"device_start": 1585499581.0597756, "device_end": 1585499581.059898}, "cmdq": 2, "read": {"device_start": -1, "device_end": -1}}, "FFC_sans_bias65": {"write": {"device_start": 1585499581.059796, "host_queued_start": 1585499643.953507, "device_queued": 1585499581.0596266, "device_end": 1585499581.0598047, "host_queued_end": 1585499643.962076}, "device": "gpu", "nd_range": {"device_start": 1585499581.0598059, "device_end": 1585499581.0599852}, "cmdq": 0, "read": {"device_start": -1, "device_end": -1}}, "FFC_sans_bias67": {"write": {"device_start": -1, "host_queued_start": 1585499643.956903, "device_queued": -1, "device_end": -1, "host_queued_end": 1585499643.962076}, "device": "gpu", "nd_range": {"device_start": 1585499581.0601423, "device_end": 1585499581.0603325}, "cmdq": 2, "read": {"device_start": -1, "device_end": -1}}, "FFC_sans_bias24": {"write": {"device_start": -1, "host_queued_start": 1585499643.972195, "device_queued": -1, "device_end": -1, "host_queued_end": 1585499643.973655}, "device": "cpu", "nd_range": {"device_start": 2167418.173512593, "device_end": 2167418.174238143}, "cmdq": 0, "read": {"device_start": -1, "device_end": -1}}, "FFC_sans_bias25": {"write": {"device_start": -1, "host_queued_start": 1585499643.973611, "device_queued": -1, "device_end": -1, "host_queued_end": 1585499643.973655}, "device": "cpu", "nd_range": {"device_start": 2167418.176094863, "device_end": 2167418.176818874}, "cmdq": 0, "read": {"device_start": -1, "device_end": -1}}, "FFC_sans_bias27": {"write": {"device_start": 1585499581.059005, "host_queued_start": 1585499643.946915, "device_queued": 1585499581.058978, "device_end": 1585499581.0590138, "host_queued_end": 1585499643.962076}, "device": "gpu", "nd_range": {"device_start": 1585499581.0590234, "device_end": 1585499581.0591333}, "cmdq": 2, "read": {"device_start": -1, "device_end": -1}}, "FFC_sans_bias20": {"write": {"device_start": -1, "host_queued_start": 1585499643.968443, "device_queued": -1, "device_end": -1, "host_queued_end": 1585499643.973655}, "device": "cpu", "nd_range": {"device_start": 2167418.16896582, "device_end": 2167418.169558625}, "cmdq": 0, "read": {"device_start": -1, "device_end": -1}}, "FFC_sans_bias22": {"write": {"device_start": -1, "host_queued_start": 1585499643.97039, "device_queued": -1, "device_end": -1, "host_queued_end": 1585499643.973655}, "device": "cpu", "nd_range": {"device_start": 2167418.1711836574, "device_end": 2167418.17191933}, "cmdq": 0, "read": {"device_start": -1, "device_end": -1}}, "softmax68": {"write": {"device_start": -1, "host_queued_start": 1585499643.958023, "device_queued": -1, "device_end": -1, "host_queued_end": 1585499643.962076}, "device": "gpu", "nd_range": {"device_start": 1585499581.0604982, "device_end": 1585499581.0606365}, "cmdq": 1, "read": {"device_start": -1, "device_end": -1}}, "softmax5": {"write": {"device_start": -1, "host_queued_start": 1585499643.970658, "device_queued": -1, "device_end": -1, "host_queued_end": 1585499643.973655}, "device": "cpu", "nd_range": {"device_start": 2167418.1719240583, "device_end": 2167418.1719588}, "cmdq": 0, "read": {"device_start": -1, "device_end": -1}}, "FFC_sans_bias28": {"write": {"device_start": 1585499581.0590549, "host_queued_start": 1585499643.947417, "device_queued": 1585499581.0590308, "device_end": 1585499581.0590637, "host_queued_end": 1585499643.962076}, "device": "gpu", "nd_range": {"device_start": 1585499581.0590665, "device_end": 1585499581.0591867}, "cmdq": 0, "read": {"device_start": -1, "device_end": -1}}, "FFC_sans_bias29": {"write": {"device_start": 1585499581.0591066, "host_queued_start": 1585499643.947918, "device_queued": 1585499581.0590713, "device_end": 1585499581.059116, "host_queued_end": 1585499643.962076}, "device": "gpu", "nd_range": {"device_start": 1585499581.059153, "device_end": 1585499581.0592685}, "cmdq": 1, "read": {"device_start": -1, "device_end": -1}}, "empty17": {"write": {"device_start": -1, "host_queued_start": 1585499643.963275, "device_queued": -1, "device_end": -1, "host_queued_end": 1585499643.973655}, "device": "cpu", "nd_range": {"device_start": 2167418.163254757, "device_end": 2167418.163255696}, "cmdq": 0, "read": {"device_start": -1, "device_end": -1}}, "softmax59": {"write": {"device_start": -1, "host_queued_start": 1585499643.957791, "device_queued": -1, "device_end": -1, "host_queued_end": 1585499643.962076}, "device": "gpu", "nd_range": {"device_start": 1585499581.0604064, "device_end": 1585499581.0605142}, "cmdq": 0, "read": {"device_start": -1, "device_end": -1}}, "empty71": {"write": {"device_start": 1585499581.0589767, "host_queued_start": 1585499643.946338, "device_queued": 1585499581.0589535, "device_end": 1585499581.0589871, "host_queued_end": 1585499643.962076}, "device": "gpu", "nd_range": {"device_start": 1585499581.0590155, "device_end": 1585499581.059019}, "cmdq": 1, "read": {"device_start": -1, "device_end": -1}}, "empty35": {"write": {"device_start": 1585499581.0587842, "host_queued_start": 1585499643.944529, "device_queued": 1585499581.0587344, "device_end": 1585499581.0587928, "host_queued_end": 1585499643.962076}, "device": "gpu", "nd_range": {"device_start": 1585499581.0588064, "device_end": 1585499581.0588198}, "cmdq": 0, "read": {"device_start": -1, "device_end": -1}}, "empty53": {"write": {"device_start": 1585499581.0588925, "host_queued_start": 1585499643.945539, "device_queued": 1585499581.058852, "device_end": 1585499581.058901, "host_queued_end": 1585499643.962076}, "device": "gpu", "nd_range": {"device_start": 1585499581.0589085, "device_end": 1585499581.0589123}, "cmdq": 2, "read": {"device_start": -1, "device_end": -1}}, "FFC_sans_bias46": {"write": {"device_start": 1585499581.0594125, "host_queued_start": 1585499643.950522, "device_queued": 1585499581.0593903, "device_end": 1585499581.0594213, "host_queued_end": 1585499643.962076}, "device": "gpu", "nd_range": {"device_start": 1585499581.0594223, "device_end": 1585499581.0595937}, "cmdq": 0, "read": {"device_start": -1, "device_end": -1}}, "coalesced_transpose66": {"write": {"device_start": -1, "host_queued_start": 1585499643.955437, "device_queued": -1, "device_end": -1, "host_queued_end": 1585499643.962076}, "device": "gpu", "nd_range": {"device_start": 1585499581.0599988, "device_end": 1585499581.060007}, "cmdq": 0, "read": {"device_start": -1, "device_end": -1}}, "coalesced_transpose48": {"write": {"device_start": -1, "host_queued_start": 1585499643.954895, "device_queued": -1, "device_end": -1, "host_queued_end": 1585499643.962076}, "device": "gpu", "nd_range": {"device_start": 1585499581.060028, "device_end": 1585499581.0600338}, "cmdq": 1, "read": {"device_start": -1, "device_end": -1}}}