{"FFC_sans_bias60": {"write": {"device_start": -1, "host_queued_start": 1585499801.810231, "device_queued": -1, "device_end": -1, "host_queued_end": 1585499801.811642}, "device": "gpu", "nd_range": {"device_start": 1585499738.9042373, "device_end": 1585499738.9043467}, "cmdq": 2, "read": {"device_start": -1, "device_end": -1}}, "FFC_sans_bias4": {"write": {"device_start": -1, "host_queued_start": 1585499801.825705, "device_queued": -1, "device_end": -1, "host_queued_end": 1585499801.833555}, "device": "cpu", "nd_range": {"device_start": 2167576.032810545, "device_end": 2167576.033517856}, "cmdq": 0, "read": {"device_start": -1, "device_end": -1}}, "FFC_sans_bias7": {"write": {"device_start": -1, "host_queued_start": 1585499801.83128, "device_queued": -1, "device_end": -1, "host_queued_end": 1585499801.833555}, "device": "cpu", "nd_range": {"device_start": 2167576.037411658, "device_end": 2167576.038384695}, "cmdq": 0, "read": {"device_start": -1, "device_end": -1}}, "FFC_sans_bias6": {"write": {"device_start": -1, "host_queued_start": 1585499801.829209, "device_queued": -1, "device_end": -1, "host_queued_end": 1585499801.833555}, "device": "cpu", "nd_range": {"device_start": 2167576.03491952, "device_end": 2167576.036009421}, "cmdq": 0, "read": {"device_start": -1, "device_end": -1}}, "FFC_sans_bias1": {"write": {"device_start": -1, "host_queued_start": 1585499801.815366, "device_queued": -1, "device_end": -1, "host_queued_end": 1585499801.833555}, "device": "cpu", "nd_range": {"device_start": 2167576.023217927, "device_end": 2167576.02515723}, "cmdq": 1, "read": {"device_start": -1, "device_end": -1}}, "FFC_sans_bias0": {"write": {"device_start": -1, "host_queued_start": 1585499801.814854, "device_queued": -1, "device_end": -1, "host_queued_end": 1585499801.833555}, "device": "cpu", "nd_range": {"device_start": 2167576.023194746, "device_end": 2167576.0243122913}, "cmdq": 0, "read": {"device_start": -1, "device_end": -1}}, "FFC_sans_bias2": {"write": {"device_start": -1, "host_queued_start": 1585499801.815876, "device_queued": -1, "device_end": -1, "host_queued_end": 1585499801.833555}, "device": "cpu", "nd_range": {"device_start": 2167576.023193694, "device_end": 2167576.025089186}, "cmdq": 2, "read": {"device_start": -1, "device_end": -1}}, "FFC_sans_bias61": {"write": {"device_start": 1585499738.904213, "host_queued_start": 1585499801.811055, "device_queued": 1585499738.9039447, "device_end": 1585499738.9042215, "host_queued_end": 1585499801.811642}, "device": "gpu", "nd_range": {"device_start": 1585499738.9043503, "device_end": 1585499738.9044585}, "cmdq": 0, "read": {"device_start": 1585499738.9044602, "device_end": 1585499738.9044673}}, "FFC_sans_bias52": {"write": {"device_start": -1, "host_queued_start": 1585499801.833512, "device_queued": -1, "device_end": -1, "host_queued_end": 1585499801.833555}, "device": "cpu", "nd_range": {"device_start": 2167576.0415717503, "device_end": 2167576.042305475}, "cmdq": 2, "read": {"device_start": -1, "device_end": -1}}, "FFC_sans_bias9": {"write": {"device_start": -1, "host_queued_start": 1585499801.816385, "device_queued": -1, "device_end": -1, "host_queued_end": 1585499801.833555}, "device": "cpu", "nd_range": {"device_start": 2167576.024318432, "device_end": 2167576.026000477}, "cmdq": 0, "read": {"device_start": -1, "device_end": -1}}, "coalesced_transpose39": {"write": {"device_start": -1, "host_queued_start": 1585499801.825074, "device_queued": -1, "device_end": -1, "host_queued_end": 1585499801.833555}, "device": "cpu", "nd_range": {"device_start": 2167576.034245268, "device_end": 2167576.034313342}, "cmdq": 1, "read": {"device_start": -1, "device_end": -1}}, "FFC_sans_bias55": {"write": {"device_start": 1585499738.903591, "host_queued_start": 1585499801.806735, "device_queued": 1585499738.9035704, "device_end": 1585499738.9035997, "host_queued_end": 1585499801.811642}, "device": "gpu", "nd_range": {"device_start": 1585499738.9036007, "device_end": 1585499738.9037766}, "cmdq": 0, "read": {"device_start": -1, "device_end": -1}}, "FFC_sans_bias54": {"write": {"device_start": 1585499738.9035335, "host_queued_start": 1585499801.806182, "device_queued": 1585499738.9035058, "device_end": 1585499738.903542, "host_queued_end": 1585499801.811642}, "device": "gpu", "nd_range": {"device_start": 1585499738.9035642, "device_end": 1585499738.9037516}, "cmdq": 3, "read": {"device_start": -1, "device_end": -1}}, "FFC_sans_bias56": {"write": {"device_start": 1585499738.9035044, "host_queued_start": 1585499801.805653, "device_queued": 1585499738.9034808, "device_end": 1585499738.9035134, "host_queued_end": 1585499801.811642}, "device": "gpu", "nd_range": {"device_start": 1585499738.903553, "device_end": 1585499738.9036627}, "cmdq": 2, "read": {"device_start": -1, "device_end": -1}}, "FFC_sans_bias51": {"write": {"device_start": -1, "host_queued_start": 1585499801.830777, "device_queued": -1, "device_end": -1, "host_queued_end": 1585499801.833555}, "device": "cpu", "nd_range": {"device_start": 2167576.0395101863, "device_end": 2167576.0406093393}, "cmdq": 2, "read": {"device_start": -1, "device_end": -1}}, "softmax23": {"write": {"device_start": -1, "host_queued_start": 1585499801.828063, "device_queued": -1, "device_end": -1, "host_queued_end": 1585499801.833555}, "device": "cpu", "nd_range": {"device_start": 2167576.037991379, "device_end": 2167576.038038238}, "cmdq": 2, "read": {"device_start": -1, "device_end": -1}}, "FFC_sans_bias37": {"write": {"device_start": -1, "host_queued_start": 1585499801.821428, "device_queued": -1, "device_end": -1, "host_queued_end": 1585499801.833555}, "device": "cpu", "nd_range": {"device_start": 2167576.030468055, "device_end": 2167576.032049882}, "cmdq": 1, "read": {"device_start": -1, "device_end": -1}}, "empty62": {"write": {"device_start": 1585499738.9034088, "host_queued_start": 1585499801.804504, "device_queued": 1585499738.9033802, "device_end": 1585499738.9034228, "host_queued_end": 1585499801.811642}, "device": "gpu", "nd_range": {"device_start": 1585499738.9034333, "device_end": 1585499738.9034474}, "cmdq": 0, "read": {"device_start": -1, "device_end": -1}}, "FFC_sans_bias70": {"write": {"device_start": 1585499738.9042256, "host_queued_start": 1585499801.811551, "device_queued": 1585499738.9039776, "device_end": 1585499738.9042342, "host_queued_end": 1585499801.811642}, "device": "gpu", "nd_range": {"device_start": 1585499738.9044323, "device_end": 1585499738.9045386}, "cmdq": 1, "read": {"device_start": 1585499738.904544, "device_end": 1585499738.904552}}, "FFC_sans_bias58": {"write": {"device_start": -1, "host_queued_start": 1585499801.809214, "device_queued": -1, "device_end": -1, "host_queued_end": 1585499801.811642}, "device": "gpu", "nd_range": {"device_start": 1585499738.903973, "device_end": 1585499738.9041321}, "cmdq": 2, "read": {"device_start": -1, "device_end": -1}}, "softmax41": {"write": {"device_start": -1, "host_queued_start": 1585499801.828608, "device_queued": -1, "device_end": -1, "host_queued_end": 1585499801.833555}, "device": "cpu", "nd_range": {"device_start": 2167576.0385530703, "device_end": 2167576.038612885}, "cmdq": 1, "read": {"device_start": -1, "device_end": -1}}, "FFC_sans_bias11": {"write": {"device_start": -1, "host_queued_start": 1585499801.817391, "device_queued": -1, "device_end": -1, "host_queued_end": 1585499801.833555}, "device": "cpu", "nd_range": {"device_start": 2167576.025097182, "device_end": 2167576.0261792024}, "cmdq": 2, "read": {"device_start": -1, "device_end": -1}}, "FFC_sans_bias10": {"write": {"device_start": -1, "host_queued_start": 1585499801.816885, "device_queued": -1, "device_end": -1, "host_queued_end": 1585499801.833555}, "device": "cpu", "nd_range": {"device_start": 2167576.025166993, "device_end": 2167576.0269730673}, "cmdq": 1, "read": {"device_start": -1, "device_end": -1}}, "coalesced_transpose3": {"write": {"device_start": -1, "host_queued_start": 1585499801.823778, "device_queued": -1, "device_end": -1, "host_queued_end": 1585499801.833555}, "device": "cpu", "nd_range": {"device_start": 2167576.032498411, "device_end": 2167576.032553364}, "cmdq": 0, "read": {"device_start": -1, "device_end": -1}}, "FFC_sans_bias34": {"write": {"device_start": -1, "host_queued_start": 1585499801.832618, "device_queued": -1, "device_end": -1, "host_queued_end": 1585499801.833555}, "device": "cpu", "nd_range": {"device_start": 2167576.0383879123, "device_end": 2167576.039829831}, "cmdq": 0, "read": {"device_start": -1, "device_end": -1}}, "FFC_sans_bias15": {"write": {"device_start": -1, "host_queued_start": 1585499801.829504, "device_queued": -1, "device_end": -1, "host_queued_end": 1585499801.833555}, "device": "cpu", "nd_range": {"device_start": 2167576.0387150133, "device_end": 2167576.040186069}, "cmdq": 1, "read": {"device_start": -1, "device_end": -1}}, "FFC_sans_bias31": {"write": {"device_start": -1, "host_queued_start": 1585499801.826678, "device_queued": -1, "device_end": -1, "host_queued_end": 1585499801.833555}, "device": "cpu", "nd_range": {"device_start": 2167576.033528385, "device_end": 2167576.034505798}, "cmdq": 0, "read": {"device_start": -1, "device_end": -1}}, "FFC_sans_bias16": {"write": {"device_start": -1, "host_queued_start": 1585499801.831726, "device_queued": -1, "device_end": -1, "host_queued_end": 1585499801.833555}, "device": "cpu", "nd_range": {"device_start": 2167576.045070922, "device_end": 2167576.046100717}, "cmdq": 1, "read": {"device_start": -1, "device_end": -1}}, "FFC_sans_bias19": {"write": {"device_start": -1, "host_queued_start": 1585499801.818387, "device_queued": -1, "device_end": -1, "host_queued_end": 1585499801.833555}, "device": "cpu", "nd_range": {"device_start": 2167576.027216717, "device_end": 2167576.028663358}, "cmdq": 1, "read": {"device_start": -1, "device_end": -1}}, "FFC_sans_bias18": {"write": {"device_start": -1, "host_queued_start": 1585499801.817887, "device_queued": -1, "device_end": -1, "host_queued_end": 1585499801.833555}, "device": "cpu", "nd_range": {"device_start": 2167576.026005152, "device_end": 2167576.027094353}, "cmdq": 0, "read": {"device_start": -1, "device_end": -1}}, "coalesced_transpose30": {"write": {"device_start": -1, "host_queued_start": 1585499801.824704, "device_queued": -1, "device_end": -1, "host_queued_end": 1585499801.833555}, "device": "cpu", "nd_range": {"device_start": 2167576.032656373, "device_end": 2167576.032708905}, "cmdq": 0, "read": {"device_start": -1, "device_end": -1}}, "FFC_sans_bias69": {"write": {"device_start": -1, "host_queued_start": 1585499801.810517, "device_queued": -1, "device_end": -1, "host_queued_end": 1585499801.811642}, "device": "gpu", "nd_range": {"device_start": 1585499738.9042418, "device_end": 1585499738.9044302}, "cmdq": 3, "read": {"device_start": -1, "device_end": -1}}, "FFC_sans_bias38": {"write": {"device_start": -1, "host_queued_start": 1585499801.821931, "device_queued": -1, "device_end": -1, "host_queued_end": 1585499801.833555}, "device": "cpu", "nd_range": {"device_start": 2167576.029106589, "device_end": 2167576.030435095}, "cmdq": 2, "read": {"device_start": -1, "device_end": -1}}, "coalesced_transpose57": {"write": {"device_start": -1, "host_queued_start": 1585499801.808504, "device_queued": -1, "device_end": -1, "host_queued_end": 1585499801.811642}, "device": "gpu", "nd_range": {"device_start": 1585499738.9037776, "device_end": 1585499738.9038985}, "cmdq": 0, "read": {"device_start": -1, "device_end": -1}}, "empty26": {"write": {"device_start": -1, "host_queued_start": 1585499801.813155, "device_queued": -1, "device_end": -1, "host_queued_end": 1585499801.833555}, "device": "cpu", "nd_range": {"device_start": 2167576.02315673, "device_end": 2167576.023170065}, "cmdq": 2, "read": {"device_start": -1, "device_end": -1}}, "coalesced_transpose12": {"write": {"device_start": -1, "host_queued_start": 1585499801.824069, "device_queued": -1, "device_end": -1, "host_queued_end": 1585499801.833555}, "device": "cpu", "nd_range": {"device_start": 2167576.0340625243, "device_end": 2167576.0341323502}, "cmdq": 1, "read": {"device_start": -1, "device_end": -1}}, "empty44": {"write": {"device_start": -1, "host_queued_start": 1585499801.813964, "device_queued": -1, "device_end": -1, "host_queued_end": 1585499801.833555}, "device": "cpu", "nd_range": {"device_start": 2167576.0232101283, "device_end": 2167576.023211005}, "cmdq": 1, "read": {"device_start": -1, "device_end": -1}}, "coalesced_transpose21": {"write": {"device_start": -1, "host_queued_start": 1585499801.82439, "device_queued": -1, "device_end": -1, "host_queued_end": 1585499801.833555}, "device": "cpu", "nd_range": {"device_start": 2167576.032012485, "device_end": 2167576.032065784}, "cmdq": 2, "read": {"device_start": -1, "device_end": -1}}, "FFC_sans_bias36": {"write": {"device_start": -1, "host_queued_start": 1585499801.820926, "device_queued": -1, "device_end": -1, "host_queued_end": 1585499801.833555}, "device": "cpu", "nd_range": {"device_start": 2167576.0295460783, "device_end": 2167576.0308732153}, "cmdq": 0, "read": {"device_start": -1, "device_end": -1}}, "softmax14": {"write": {"device_start": -1, "host_queued_start": 1585499801.827798, "device_queued": -1, "device_end": -1, "host_queued_end": 1585499801.833555}, "device": "cpu", "nd_range": {"device_start": 2167576.038386234, "device_end": 2167576.0384496013}, "cmdq": 1, "read": {"device_start": -1, "device_end": -1}}, "FFC_sans_bias13": {"write": {"device_start": -1, "host_queued_start": 1585499801.826015, "device_queued": -1, "device_end": -1, "host_queued_end": 1585499801.833555}, "device": "cpu", "nd_range": {"device_start": 2167576.034417759, "device_end": 2167576.0355244}, "cmdq": 1, "read": {"device_start": -1, "device_end": -1}}, "empty8": {"write": {"device_start": -1, "host_queued_start": 1585499801.812268, "device_queued": -1, "device_end": -1, "host_queued_end": 1585499801.833555}, "device": "cpu", "nd_range": {"device_start": 2167576.023156707, "device_end": 2167576.023170132}, "cmdq": 0, "read": {"device_start": -1, "device_end": -1}}, "FFC_sans_bias42": {"write": {"device_start": -1, "host_queued_start": 1585499801.830432, "device_queued": -1, "device_end": -1, "host_queued_end": 1585499801.833555}, "device": "cpu", "nd_range": {"device_start": 2167576.040325195, "device_end": 2167576.0411831373}, "cmdq": 1, "read": {"device_start": -1, "device_end": -1}}, "FFC_sans_bias43": {"write": {"device_start": -1, "host_queued_start": 1585499801.833065, "device_queued": -1, "device_end": -1, "host_queued_end": 1585499801.833555}, "device": "cpu", "nd_range": {"device_start": 2167576.0461038263, "device_end": 2167576.047120986}, "cmdq": 1, "read": {"device_start": -1, "device_end": -1}}, "FFC_sans_bias40": {"write": {"device_start": -1, "host_queued_start": 1585499801.826985, "device_queued": -1, "device_end": -1, "host_queued_end": 1585499801.833555}, "device": "cpu", "nd_range": {"device_start": 2167576.035720266, "device_end": 2167576.038171443}, "cmdq": 1, "read": {"device_start": -1, "device_end": -1}}, "softmax32": {"write": {"device_start": -1, "host_queued_start": 1585499801.828323, "device_queued": -1, "device_end": -1, "host_queued_end": 1585499801.833555}, "device": "cpu", "nd_range": {"device_start": 2167576.034772046, "device_end": 2167576.0348166013}, "cmdq": 0, "read": {"device_start": -1, "device_end": -1}}, "FFC_sans_bias47": {"write": {"device_start": -1, "host_queued_start": 1585499801.82347, "device_queued": -1, "device_end": -1, "host_queued_end": 1585499801.833555}, "device": "cpu", "nd_range": {"device_start": 2167576.030567786, "device_end": 2167576.0318993293}, "cmdq": 2, "read": {"device_start": -1, "device_end": -1}}, "FFC_sans_bias45": {"write": {"device_start": -1, "host_queued_start": 1585499801.82243, "device_queued": -1, "device_end": -1, "host_queued_end": 1585499801.833555}, "device": "cpu", "nd_range": {"device_start": 2167576.030982297, "device_end": 2167576.0323896133}, "cmdq": 0, "read": {"device_start": -1, "device_end": -1}}, "softmax50": {"write": {"device_start": -1, "host_queued_start": 1585499801.828893, "device_queued": -1, "device_end": -1, "host_queued_end": 1585499801.833555}, "device": "cpu", "nd_range": {"device_start": 2167576.0381436544, "device_end": 2167576.03818851}, "cmdq": 2, "read": {"device_start": -1, "device_end": -1}}, "FFC_sans_bias33": {"write": {"device_start": -1, "host_queued_start": 1585499801.830125, "device_queued": -1, "device_end": -1, "host_queued_end": 1585499801.833555}, "device": "cpu", "nd_range": {"device_start": 2167576.0362130823, "device_end": 2167576.037174023}, "cmdq": 0, "read": {"device_start": -1, "device_end": -1}}, "FFC_sans_bias63": {"write": {"device_start": 1585499738.9037538, "host_queued_start": 1585499801.808213, "device_queued": 1585499738.9036531, "device_end": 1585499738.9037623, "host_queued_end": 1585499801.811642}, "device": "gpu", "nd_range": {"device_start": 1585499738.9037635, "device_end": 1585499738.9039645}, "cmdq": 3, "read": {"device_start": -1, "device_end": -1}}, "FFC_sans_bias49": {"write": {"device_start": -1, "host_queued_start": 1585499801.827301, "device_queued": -1, "device_end": -1, "host_queued_end": 1585499801.833555}, "device": "cpu", "nd_range": {"device_start": 2167576.03607778, "device_end": 2167576.037883133}, "cmdq": 2, "read": {"device_start": -1, "device_end": -1}}, "FFC_sans_bias64": {"write": {"device_start": 1585499738.9036283, "host_queued_start": 1585499801.807228, "device_queued": 1585499738.9036078, "device_end": 1585499738.9036376, "host_queued_end": 1585499801.811642}, "device": "gpu", "nd_range": {"device_start": 1585499738.9037004, "device_end": 1585499738.9038646}, "cmdq": 1, "read": {"device_start": -1, "device_end": -1}}, "FFC_sans_bias65": {"write": {"device_start": 1585499738.9036674, "host_queued_start": 1585499801.807723, "device_queued": 1585499738.9036293, "device_end": 1585499738.9036763, "host_queued_end": 1585499801.811642}, "device": "gpu", "nd_range": {"device_start": 1585499738.9037132, "device_end": 1585499738.9039116}, "cmdq": 2, "read": {"device_start": -1, "device_end": -1}}, "FFC_sans_bias67": {"write": {"device_start": -1, "host_queued_start": 1585499801.809504, "device_queued": -1, "device_end": -1, "host_queued_end": 1585499801.811642}, "device": "gpu", "nd_range": {"device_start": 1585499738.9039671, "device_end": 1585499738.904085}, "cmdq": 3, "read": {"device_start": -1, "device_end": -1}}, "FFC_sans_bias24": {"write": {"device_start": -1, "host_queued_start": 1585499801.829815, "device_queued": -1, "device_end": -1, "host_queued_end": 1585499801.833555}, "device": "cpu", "nd_range": {"device_start": 2167576.038198172, "device_end": 2167576.039404641}, "cmdq": 2, "read": {"device_start": -1, "device_end": -1}}, "FFC_sans_bias25": {"write": {"device_start": -1, "host_queued_start": 1585499801.832171, "device_queued": -1, "device_end": -1, "host_queued_end": 1585499801.833555}, "device": "cpu", "nd_range": {"device_start": 2167576.040720379, "device_end": 2167576.0415662}, "cmdq": 2, "read": {"device_start": -1, "device_end": -1}}, "FFC_sans_bias27": {"write": {"device_start": -1, "host_queued_start": 1585499801.819417, "device_queued": -1, "device_end": -1, "host_queued_end": 1585499801.833555}, "device": "cpu", "nd_range": {"device_start": 2167576.0271247393, "device_end": 2167576.0294372733}, "cmdq": 0, "read": {"device_start": -1, "device_end": -1}}, "FFC_sans_bias20": {"write": {"device_start": -1, "host_queued_start": 1585499801.818917, "device_queued": -1, "device_end": -1, "host_queued_end": 1585499801.833555}, "device": "cpu", "nd_range": {"device_start": 2167576.0261836993, "device_end": 2167576.027511578}, "cmdq": 2, "read": {"device_start": -1, "device_end": -1}}, "FFC_sans_bias22": {"write": {"device_start": -1, "host_queued_start": 1585499801.826333, "device_queued": -1, "device_end": -1, "host_queued_end": 1585499801.833555}, "device": "cpu", "nd_range": {"device_start": 2167576.0341247953, "device_end": 2167576.0360667603}, "cmdq": 2, "read": {"device_start": -1, "device_end": -1}}, "softmax68": {"write": {"device_start": -1, "host_queued_start": 1585499801.809949, "device_queued": -1, "device_end": -1, "host_queued_end": 1585499801.811642}, "device": "gpu", "nd_range": {"device_start": 1585499738.9041436, "device_end": 1585499738.9042244}, "cmdq": 1, "read": {"device_start": -1, "device_end": -1}}, "softmax5": {"write": {"device_start": -1, "host_queued_start": 1585499801.827558, "device_queued": -1, "device_end": -1, "host_queued_end": 1585499801.833555}, "device": "cpu", "nd_range": {"device_start": 2167576.0346104293, "device_end": 2167576.034669301}, "cmdq": 0, "read": {"device_start": -1, "device_end": -1}}, "FFC_sans_bias28": {"write": {"device_start": -1, "host_queued_start": 1585499801.819918, "device_queued": -1, "device_end": -1, "host_queued_end": 1585499801.833555}, "device": "cpu", "nd_range": {"device_start": 2167576.028766322, "device_end": 2167576.0304559343}, "cmdq": 1, "read": {"device_start": -1, "device_end": -1}}, "FFC_sans_bias29": {"write": {"device_start": -1, "host_queued_start": 1585499801.820424, "device_queued": -1, "device_end": -1, "host_queued_end": 1585499801.833555}, "device": "cpu", "nd_range": {"device_start": 2167576.027527924, "device_end": 2167576.0289912843}, "cmdq": 2, "read": {"device_start": -1, "device_end": -1}}, "empty17": {"write": {"device_start": -1, "host_queued_start": 1585499801.812736, "device_queued": -1, "device_end": -1, "host_queued_end": 1585499801.833555}, "device": "cpu", "nd_range": {"device_start": 2167576.023188896, "device_end": 2167576.023192618}, "cmdq": 1, "read": {"device_start": -1, "device_end": -1}}, "softmax59": {"write": {"device_start": -1, "host_queued_start": 1585499801.809737, "device_queued": -1, "device_end": -1, "host_queued_end": 1585499801.811642}, "device": "gpu", "nd_range": {"device_start": 1585499738.9041371, "device_end": 1585499738.9042108}, "cmdq": 0, "read": {"device_start": -1, "device_end": -1}}, "empty71": {"write": {"device_start": 1585499738.903479, "host_queued_start": 1585499801.805105, "device_queued": 1585499738.9034517, "device_end": 1585499738.903488, "host_queued_end": 1585499801.811642}, "device": "gpu", "nd_range": {"device_start": 1585499738.9035442, "device_end": 1585499738.9035475}, "cmdq": 1, "read": {"device_start": -1, "device_end": -1}}, "empty35": {"write": {"device_start": -1, "host_queued_start": 1585499801.813601, "device_queued": -1, "device_end": -1, "host_queued_end": 1585499801.833555}, "device": "cpu", "nd_range": {"device_start": 2167576.023187452, "device_end": 2167576.02318852}, "cmdq": 0, "read": {"device_start": -1, "device_end": -1}}, "empty53": {"write": {"device_start": -1, "host_queued_start": 1585499801.81433, "device_queued": -1, "device_end": -1, "host_queued_end": 1585499801.833555}, "device": "cpu", "nd_range": {"device_start": 2167576.023187614, "device_end": 2167576.0231885053}, "cmdq": 2, "read": {"device_start": -1, "device_end": -1}}, "FFC_sans_bias46": {"write": {"device_start": -1, "host_queued_start": 1585499801.822964, "device_queued": -1, "device_end": -1, "host_queued_end": 1585499801.833555}, "device": "cpu", "nd_range": {"device_start": 2167576.032262865, "device_end": 2167576.032995123}, "cmdq": 1, "read": {"device_start": -1, "device_end": -1}}, "coalesced_transpose66": {"write": {"device_start": -1, "host_queued_start": 1585499801.808932, "device_queued": -1, "device_end": -1, "host_queued_end": 1585499801.811642}, "device": "gpu", "nd_range": {"device_start": 1585499738.903866, "device_end": 1585499738.903916}, "cmdq": 1, "read": {"device_start": -1, "device_end": -1}}, "coalesced_transpose48": {"write": {"device_start": -1, "host_queued_start": 1585499801.825383, "device_queued": -1, "device_end": -1, "host_queued_end": 1585499801.833555}, "device": "cpu", "nd_range": {"device_start": 2167576.0333547373, "device_end": 2167576.033513156}, "cmdq": 2, "read": {"device_start": -1, "device_end": -1}}}