{"FFC_sans_bias60": {"write": {"device_start": -1, "host_queued_start": 1585499793.783573, "device_queued": -1, "device_end": -1, "host_queued_end": 1585499793.786422}, "device": "gpu", "nd_range": {"device_start": 1585499730.8804092, "device_end": 1585499730.880555}, "cmdq": 2, "read": {"device_start": -1, "device_end": -1}}, "FFC_sans_bias4": {"write": {"device_start": -1, "host_queued_start": 1585499793.794133, "device_queued": -1, "device_end": -1, "host_queued_end": 1585499793.798069}, "device": "cpu", "nd_range": {"device_start": 2167567.995610849, "device_end": 2167567.9964799574}, "cmdq": 0, "read": {"device_start": -1, "device_end": -1}}, "FFC_sans_bias7": {"write": {"device_start": -1, "host_queued_start": 1585499793.797124, "device_queued": -1, "device_end": -1, "host_queued_end": 1585499793.798069}, "device": "cpu", "nd_range": {"device_start": 2167567.9989482043, "device_end": 2167568.000033899}, "cmdq": 0, "read": {"device_start": -1, "device_end": -1}}, "FFC_sans_bias6": {"write": {"device_start": -1, "host_queued_start": 1585499793.79587, "device_queued": -1, "device_end": -1, "host_queued_end": 1585499793.798069}, "device": "cpu", "nd_range": {"device_start": 2167567.9967818, "device_end": 2167567.9988345713}, "cmdq": 0, "read": {"device_start": -1, "device_end": -1}}, "FFC_sans_bias1": {"write": {"device_start": -1, "host_queued_start": 1585499793.789181, "device_queued": -1, "device_end": -1, "host_queued_end": 1585499793.798069}, "device": "cpu", "nd_range": {"device_start": 2167567.9878486022, "device_end": 2167567.99383204}, "cmdq": 1, "read": {"device_start": -1, "device_end": -1}}, "FFC_sans_bias0": {"write": {"device_start": -1, "host_queued_start": 1585499793.788634, "device_queued": -1, "device_end": -1, "host_queued_end": 1585499793.798069}, "device": "cpu", "nd_range": {"device_start": 2167567.987672016, "device_end": 2167567.993625117}, "cmdq": 0, "read": {"device_start": -1, "device_end": -1}}, "FFC_sans_bias2": {"write": {"device_start": -1, "host_queued_start": 1585499793.789766, "device_queued": -1, "device_end": -1, "host_queued_end": 1585499793.798069}, "device": "cpu", "nd_range": {"device_start": 2167567.987671583, "device_end": 2167567.9897176693}, "cmdq": 2, "read": {"device_start": -1, "device_end": -1}}, "FFC_sans_bias61": {"write": {"device_start": 1585499730.880628, "host_queued_start": 1585499793.785832, "device_queued": 1585499730.8800166, "device_end": 1585499730.880637, "host_queued_end": 1585499793.786422}, "device": "gpu", "nd_range": {"device_start": 1585499730.8806393, "device_end": 1585499730.8808405}, "cmdq": 3, "read": {"device_start": 1585499730.8808465, "device_end": 1585499730.8808534}}, "FFC_sans_bias52": {"write": {"device_start": 1585499730.8805559, "host_queued_start": 1585499793.785338, "device_queued": 1585499730.879997, "device_end": 1585499730.880565, "host_queued_end": 1585499793.786422}, "device": "gpu", "nd_range": {"device_start": 1585499730.880567, "device_end": 1585499730.880817}, "cmdq": 2, "read": {"device_start": 1585499730.880829, "device_end": 1585499730.880836}}, "FFC_sans_bias9": {"write": {"device_start": -1, "host_queued_start": 1585499793.79027, "device_queued": -1, "device_end": -1, "host_queued_end": 1585499793.798069}, "device": "cpu", "nd_range": {"device_start": 2167567.993659669, "device_end": 2167567.994383484}, "cmdq": 0, "read": {"device_start": -1, "device_end": -1}}, "coalesced_transpose39": {"write": {"device_start": -1, "host_queued_start": 1585499793.778995, "device_queued": -1, "device_end": -1, "host_queued_end": 1585499793.786422}, "device": "gpu", "nd_range": {"device_start": 1585499730.8796945, "device_end": 1585499730.879751}, "cmdq": 1, "read": {"device_start": -1, "device_end": -1}}, "FFC_sans_bias55": {"write": {"device_start": 1585499730.8793938, "host_queued_start": 1585499793.776915, "device_queued": 1585499730.8792934, "device_end": 1585499730.8794024, "host_queued_end": 1585499793.786422}, "device": "gpu", "nd_range": {"device_start": 1585499730.8794036, "device_end": 1585499730.879612}, "cmdq": 0, "read": {"device_start": -1, "device_end": -1}}, "FFC_sans_bias54": {"write": {"device_start": 1585499730.879314, "host_queued_start": 1585499793.77643, "device_queued": 1585499730.8792107, "device_end": 1585499730.8793228, "host_queued_end": 1585499793.786422}, "device": "gpu", "nd_range": {"device_start": 1585499730.8793237, "device_end": 1585499730.8795872}, "cmdq": 3, "read": {"device_start": -1, "device_end": -1}}, "FFC_sans_bias56": {"write": {"device_start": 1585499730.8792906, "host_queued_start": 1585499793.775937, "device_queued": 1585499730.8791852, "device_end": 1585499730.8792994, "host_queued_end": 1585499793.786422}, "device": "gpu", "nd_range": {"device_start": 1585499730.8793006, "device_end": 1585499730.8795042}, "cmdq": 2, "read": {"device_start": -1, "device_end": -1}}, "FFC_sans_bias51": {"write": {"device_start": -1, "host_queued_start": 1585499793.783272, "device_queued": -1, "device_end": -1, "host_queued_end": 1585499793.786422}, "device": "gpu", "nd_range": {"device_start": 1585499730.8802617, "device_end": 1585499730.8804631}, "cmdq": 1, "read": {"device_start": -1, "device_end": -1}}, "softmax23": {"write": {"device_start": -1, "host_queued_start": 1585499793.795534, "device_queued": -1, "device_end": -1, "host_queued_end": 1585499793.798069}, "device": "cpu", "nd_range": {"device_start": 2167567.9978101472, "device_end": 2167567.997871629}, "cmdq": 2, "read": {"device_start": -1, "device_end": -1}}, "FFC_sans_bias37": {"write": {"device_start": 1585499730.8789127, "host_queued_start": 1585499793.773418, "device_queued": 1585499730.8788917, "device_end": 1585499730.8789213, "host_queued_end": 1585499793.786422}, "device": "gpu", "nd_range": {"device_start": 1585499730.8790884, "device_end": 1585499730.8791964}, "cmdq": 1, "read": {"device_start": -1, "device_end": -1}}, "empty62": {"write": {"device_start": 1585499730.878634, "host_queued_start": 1585499793.770328, "device_queued": 1585499730.878608, "device_end": 1585499730.8786428, "host_queued_end": 1585499793.786422}, "device": "gpu", "nd_range": {"device_start": 1585499730.878659, "device_end": 1585499730.8786623}, "cmdq": 3, "read": {"device_start": -1, "device_end": -1}}, "FFC_sans_bias70": {"write": {"device_start": 1585499730.8807566, "host_queued_start": 1585499793.786324, "device_queued": 1585499730.880162, "device_end": 1585499730.8807652, "host_queued_end": 1585499793.786422}, "device": "gpu", "nd_range": {"device_start": 1585499730.8807678, "device_end": 1585499730.8809173}, "cmdq": 0, "read": {"device_start": 1585499730.8809202, "device_end": 1585499730.8809326}}, "FFC_sans_bias58": {"write": {"device_start": -1, "host_queued_start": 1585499793.780985, "device_queued": -1, "device_end": -1, "host_queued_end": 1585499793.786422}, "device": "gpu", "nd_range": {"device_start": 1585499730.8798141, "device_end": 1585499730.8801188}, "cmdq": 0, "read": {"device_start": -1, "device_end": -1}}, "softmax41": {"write": {"device_start": -1, "host_queued_start": 1585499793.781709, "device_queued": -1, "device_end": -1, "host_queued_end": 1585499793.786422}, "device": "gpu", "nd_range": {"device_start": 1585499730.8800251, "device_end": 1585499730.8802395}, "cmdq": 3, "read": {"device_start": -1, "device_end": -1}}, "FFC_sans_bias11": {"write": {"device_start": -1, "host_queued_start": 1585499793.791308, "device_queued": -1, "device_end": -1, "host_queued_end": 1585499793.798069}, "device": "cpu", "nd_range": {"device_start": 2167567.989723515, "device_end": 2167567.991559633}, "cmdq": 2, "read": {"device_start": -1, "device_end": -1}}, "FFC_sans_bias10": {"write": {"device_start": -1, "host_queued_start": 1585499793.7908, "device_queued": -1, "device_end": -1, "host_queued_end": 1585499793.798069}, "device": "cpu", "nd_range": {"device_start": 2167567.993947927, "device_end": 2167567.994913327}, "cmdq": 1, "read": {"device_start": -1, "device_end": -1}}, "coalesced_transpose3": {"write": {"device_start": -1, "host_queued_start": 1585499793.793206, "device_queued": -1, "device_end": -1, "host_queued_end": 1585499793.798069}, "device": "cpu", "nd_range": {"device_start": 2167567.9954556003, "device_end": 2167567.995507754}, "cmdq": 0, "read": {"device_start": -1, "device_end": -1}}, "FFC_sans_bias34": {"write": {"device_start": 1585499730.880445, "host_queued_start": 1585499793.784343, "device_queued": 1585499730.8799336, "device_end": 1585499730.8804538, "host_queued_end": 1585499793.786422}, "device": "gpu", "nd_range": {"device_start": 1585499730.8804555, "device_end": 1585499730.8806589}, "cmdq": 0, "read": {"device_start": 1585499730.8806667, "device_end": 1585499730.880675}}, "FFC_sans_bias15": {"write": {"device_start": -1, "host_queued_start": 1585499793.796291, "device_queued": -1, "device_end": -1, "host_queued_end": 1585499793.798069}, "device": "cpu", "nd_range": {"device_start": 2167567.9979731333, "device_end": 2167567.999881838}, "cmdq": 1, "read": {"device_start": -1, "device_end": -1}}, "FFC_sans_bias31": {"write": {"device_start": -1, "host_queued_start": 1585499793.780103, "device_queued": -1, "device_end": -1, "host_queued_end": 1585499793.786422}, "device": "gpu", "nd_range": {"device_start": 1585499730.8798037, "device_end": 1585499730.8799183}, "cmdq": 1, "read": {"device_start": -1, "device_end": -1}}, "FFC_sans_bias16": {"write": {"device_start": -1, "host_queued_start": 1585499793.797572, "device_queued": -1, "device_end": -1, "host_queued_end": 1585499793.798069}, "device": "cpu", "nd_range": {"device_start": 2167567.9999878323, "device_end": 2167568.0006729583}, "cmdq": 1, "read": {"device_start": -1, "device_end": -1}}, "FFC_sans_bias19": {"write": {"device_start": -1, "host_queued_start": 1585499793.792311, "device_queued": -1, "device_end": -1, "host_queued_end": 1585499793.798069}, "device": "cpu", "nd_range": {"device_start": 2167567.995019276, "device_end": 2167567.995988694}, "cmdq": 1, "read": {"device_start": -1, "device_end": -1}}, "FFC_sans_bias18": {"write": {"device_start": -1, "host_queued_start": 1585499793.79181, "device_queued": -1, "device_end": -1, "host_queued_end": 1585499793.798069}, "device": "cpu", "nd_range": {"device_start": 2167567.9945014743, "device_end": 2167567.995345549}, "cmdq": 0, "read": {"device_start": -1, "device_end": -1}}, "coalesced_transpose30": {"write": {"device_start": -1, "host_queued_start": 1585499793.778734, "device_queued": -1, "device_end": -1, "host_queued_end": 1585499793.786422}, "device": "gpu", "nd_range": {"device_start": 1585499730.8796134, "device_end": 1585499730.8797326}, "cmdq": 0, "read": {"device_start": -1, "device_end": -1}}, "FFC_sans_bias69": {"write": {"device_start": -1, "host_queued_start": 1585499793.783859, "device_queued": -1, "device_end": -1, "host_queued_end": 1585499793.786422}, "device": "gpu", "nd_range": {"device_start": 1585499730.8804145, "device_end": 1585499730.8806272}, "cmdq": 3, "read": {"device_start": -1, "device_end": -1}}, "FFC_sans_bias38": {"write": {"device_start": 1585499730.8790011, "host_queued_start": 1585499793.773918, "device_queued": 1585499730.8789148, "device_end": 1585499730.8790097, "host_queued_end": 1585499793.786422}, "device": "gpu", "nd_range": {"device_start": 1585499730.8791022, "device_end": 1585499730.8792892}, "cmdq": 2, "read": {"device_start": -1, "device_end": -1}}, "coalesced_transpose57": {"write": {"device_start": -1, "host_queued_start": 1585499793.77954, "device_queued": -1, "device_end": -1, "host_queued_end": 1585499793.786422}, "device": "gpu", "nd_range": {"device_start": 1585499730.8798003, "device_end": 1585499730.8798091}, "cmdq": 3, "read": {"device_start": -1, "device_end": -1}}, "empty26": {"write": {"device_start": -1, "host_queued_start": 1585499793.788047, "device_queued": -1, "device_end": -1, "host_queued_end": 1585499793.798069}, "device": "cpu", "nd_range": {"device_start": 2167567.987643165, "device_end": 2167567.987654212}, "cmdq": 2, "read": {"device_start": -1, "device_end": -1}}, "coalesced_transpose12": {"write": {"device_start": -1, "host_queued_start": 1585499793.793512, "device_queued": -1, "device_end": -1, "host_queued_end": 1585499793.798069}, "device": "cpu", "nd_range": {"device_start": 2167567.996200758, "device_end": 2167567.996253396}, "cmdq": 1, "read": {"device_start": -1, "device_end": -1}}, "empty44": {"write": {"device_start": 1585499730.878577, "host_queued_start": 1585499793.769523, "device_queued": 1585499730.8785536, "device_end": 1585499730.8785853, "host_queued_end": 1585499793.786422}, "device": "gpu", "nd_range": {"device_start": 1585499730.8786452, "device_end": 1585499730.8786485}, "cmdq": 1, "read": {"device_start": -1, "device_end": -1}}, "coalesced_transpose21": {"write": {"device_start": -1, "host_queued_start": 1585499793.793801, "device_queued": -1, "device_end": -1, "host_queued_end": 1585499793.798069}, "device": "cpu", "nd_range": {"device_start": 2167567.996287385, "device_end": 2167567.996453658}, "cmdq": 2, "read": {"device_start": -1, "device_end": -1}}, "FFC_sans_bias36": {"write": {"device_start": 1585499730.8788724, "host_queued_start": 1585499793.772787, "device_queued": 1585499730.8788428, "device_end": 1585499730.8788812, "host_queued_end": 1585499793.786422}, "device": "gpu", "nd_range": {"device_start": 1585499730.878887, "device_end": 1585499730.8790631}, "cmdq": 0, "read": {"device_start": -1, "device_end": -1}}, "softmax14": {"write": {"device_start": -1, "host_queued_start": 1585499793.795286, "device_queued": -1, "device_end": -1, "host_queued_end": 1585499793.798069}, "device": "cpu", "nd_range": {"device_start": 2167567.997914118, "device_end": 2167567.9979612073}, "cmdq": 1, "read": {"device_start": -1, "device_end": -1}}, "FFC_sans_bias13": {"write": {"device_start": -1, "host_queued_start": 1585499793.794458, "device_queued": -1, "device_end": -1, "host_queued_end": 1585499793.798069}, "device": "cpu", "nd_range": {"device_start": 2167567.996357037, "device_end": 2167567.99780333}, "cmdq": 1, "read": {"device_start": -1, "device_end": -1}}, "empty8": {"write": {"device_start": -1, "host_queued_start": 1585499793.787135, "device_queued": -1, "device_end": -1, "host_queued_end": 1585499793.798069}, "device": "cpu", "nd_range": {"device_start": 2167567.9876432503, "device_end": 2167567.987654222}, "cmdq": 0, "read": {"device_start": -1, "device_end": -1}}, "FFC_sans_bias42": {"write": {"device_start": -1, "host_queued_start": 1585499793.782972, "device_queued": -1, "device_end": -1, "host_queued_end": 1585499793.786422}, "device": "gpu", "nd_range": {"device_start": 1585499730.8802538, "device_end": 1585499730.880443}, "cmdq": 0, "read": {"device_start": -1, "device_end": -1}}, "FFC_sans_bias43": {"write": {"device_start": 1585499730.8804655, "host_queued_start": 1585499793.784843, "device_queued": 1585499730.8799782, "device_end": 1585499730.8804743, "host_queued_end": 1585499793.786422}, "device": "gpu", "nd_range": {"device_start": 1585499730.880476, "device_end": 1585499730.8807333}, "cmdq": 1, "read": {"device_start": 1585499730.8807392, "device_end": 1585499730.8807542}}, "FFC_sans_bias40": {"write": {"device_start": -1, "host_queued_start": 1585499793.780416, "device_queued": -1, "device_end": -1, "host_queued_end": 1585499793.786422}, "device": "gpu", "nd_range": {"device_start": 1585499730.8798068, "device_end": 1585499730.8800142}, "cmdq": 2, "read": {"device_start": -1, "device_end": -1}}, "softmax32": {"write": {"device_start": -1, "host_queued_start": 1585499793.781487, "device_queued": -1, "device_end": -1, "host_queued_end": 1585499793.786422}, "device": "gpu", "nd_range": {"device_start": 1585499730.8800178, "device_end": 1585499730.8802333}, "cmdq": 2, "read": {"device_start": -1, "device_end": -1}}, "FFC_sans_bias47": {"write": {"device_start": 1585499730.879199, "host_queued_start": 1585499793.775452, "device_queued": 1585499730.87916, "device_end": 1585499730.8792078, "host_queued_end": 1585499793.786422}, "device": "gpu", "nd_range": {"device_start": 1585499730.8792512, "device_end": 1585499730.879488}, "cmdq": 1, "read": {"device_start": -1, "device_end": -1}}, "FFC_sans_bias45": {"write": {"device_start": 1585499730.8790243, "host_queued_start": 1585499793.774406, "device_queued": 1585499730.8789384, "device_end": 1585499730.8790326, "host_queued_end": 1585499793.786422}, "device": "gpu", "nd_range": {"device_start": 1585499730.8791175, "device_end": 1585499730.8793108}, "cmdq": 3, "read": {"device_start": -1, "device_end": -1}}, "softmax50": {"write": {"device_start": -1, "host_queued_start": 1585499793.781935, "device_queued": -1, "device_end": -1, "host_queued_end": 1585499793.786422}, "device": "gpu", "nd_range": {"device_start": 1585499730.8801227, "device_end": 1585499730.8801992}, "cmdq": 0, "read": {"device_start": -1, "device_end": -1}}, "FFC_sans_bias33": {"write": {"device_start": -1, "host_queued_start": 1585499793.782688, "device_queued": -1, "device_end": -1, "host_queued_end": 1585499793.786422}, "device": "gpu", "nd_range": {"device_start": 1585499730.8802433, "device_end": 1585499730.8803515}, "cmdq": 3, "read": {"device_start": -1, "device_end": -1}}, "FFC_sans_bias63": {"write": {"device_start": 1585499730.8795896, "host_queued_start": 1585499793.778401, "device_queued": 1585499730.879376, "device_end": 1585499730.879598, "host_queued_end": 1585499793.786422}, "device": "gpu", "nd_range": {"device_start": 1585499730.879599, "device_end": 1585499730.8797991}, "cmdq": 3, "read": {"device_start": -1, "device_end": -1}}, "FFC_sans_bias49": {"write": {"device_start": -1, "host_queued_start": 1585499793.780692, "device_queued": -1, "device_end": -1, "host_queued_end": 1585499793.786422}, "device": "gpu", "nd_range": {"device_start": 1585499730.8798118, "device_end": 1585499730.8800228}, "cmdq": 3, "read": {"device_start": -1, "device_end": -1}}, "FFC_sans_bias64": {"write": {"device_start": 1585499730.8794892, "host_queued_start": 1585499793.777417, "device_queued": 1585499730.8793342, "device_end": 1585499730.8794978, "host_queued_end": 1585499793.786422}, "device": "gpu", "nd_range": {"device_start": 1585499730.8795214, "device_end": 1585499730.8796933}, "cmdq": 1, "read": {"device_start": -1, "device_end": -1}}, "FFC_sans_bias65": {"write": {"device_start": 1585499730.8795059, "host_queued_start": 1585499793.777912, "device_queued": 1585499730.8793552, "device_end": 1585499730.8795142, "host_queued_end": 1585499793.786422}, "device": "gpu", "nd_range": {"device_start": 1585499730.8795326, "device_end": 1585499730.8797686}, "cmdq": 2, "read": {"device_start": -1, "device_end": -1}}, "FFC_sans_bias67": {"write": {"device_start": -1, "host_queued_start": 1585499793.781278, "device_queued": -1, "device_end": -1, "host_queued_end": 1585499793.786422}, "device": "gpu", "nd_range": {"device_start": 1585499730.8799212, "device_end": 1585499730.880158}, "cmdq": 1, "read": {"device_start": -1, "device_end": -1}}, "FFC_sans_bias24": {"write": {"device_start": -1, "host_queued_start": 1585499793.79662, "device_queued": -1, "device_end": -1, "host_queued_end": 1585499793.798069}, "device": "cpu", "nd_range": {"device_start": 2167567.997881229, "device_end": 2167567.998845717}, "cmdq": 2, "read": {"device_start": -1, "device_end": -1}}, "FFC_sans_bias25": {"write": {"device_start": -1, "host_queued_start": 1585499793.798026, "device_queued": -1, "device_end": -1, "host_queued_end": 1585499793.798069}, "device": "cpu", "nd_range": {"device_start": 2167567.998856274, "device_end": 2167568.0003101532}, "cmdq": 2, "read": {"device_start": -1, "device_end": -1}}, "FFC_sans_bias27": {"write": {"device_start": 1585499730.8787339, "host_queued_start": 1585499793.771307, "device_queued": 1585499730.8787086, "device_end": 1585499730.8787436, "host_queued_end": 1585499793.786422}, "device": "gpu", "nd_range": {"device_start": 1585499730.878801, "device_end": 1585499730.8789103}, "cmdq": 1, "read": {"device_start": -1, "device_end": -1}}, "FFC_sans_bias20": {"write": {"device_start": -1, "host_queued_start": 1585499793.7929, "device_queued": -1, "device_end": -1, "host_queued_end": 1585499793.798069}, "device": "cpu", "nd_range": {"device_start": 2167567.9915635823, "device_end": 2167567.993148969}, "cmdq": 2, "read": {"device_start": -1, "device_end": -1}}, "FFC_sans_bias22": {"write": {"device_start": -1, "host_queued_start": 1585499793.794776, "device_queued": -1, "device_end": -1, "host_queued_end": 1585499793.798069}, "device": "cpu", "nd_range": {"device_start": 2167567.9965947373, "device_end": 2167567.997697216}, "cmdq": 2, "read": {"device_start": -1, "device_end": -1}}, "softmax68": {"write": {"device_start": -1, "host_queued_start": 1585499793.78237, "device_queued": -1, "device_end": -1, "host_queued_end": 1585499793.786422}, "device": "gpu", "nd_range": {"device_start": 1585499730.8802357, "device_end": 1585499730.880406}, "cmdq": 2, "read": {"device_start": -1, "device_end": -1}}, "softmax5": {"write": {"device_start": -1, "host_queued_start": 1585499793.795036, "device_queued": -1, "device_end": -1, "host_queued_end": 1585499793.798069}, "device": "cpu", "nd_range": {"device_start": 2167567.996491392, "device_end": 2167567.996678688}, "cmdq": 0, "read": {"device_start": -1, "device_end": -1}}, "FFC_sans_bias28": {"write": {"device_start": 1585499730.878761, "host_queued_start": 1585499793.771809, "device_queued": 1585499730.8787346, "device_end": 1585499730.878771, "host_queued_end": 1585499793.786422}, "device": "gpu", "nd_range": {"device_start": 1585499730.8788137, "device_end": 1585499730.8789992}, "cmdq": 2, "read": {"device_start": -1, "device_end": -1}}, "FFC_sans_bias29": {"write": {"device_start": 1585499730.8787887, "host_queued_start": 1585499793.7723, "device_queued": 1585499730.8787637, "device_end": 1585499730.8787973, "host_queued_end": 1585499793.786422}, "device": "gpu", "nd_range": {"device_start": 1585499730.878837, "device_end": 1585499730.879022}, "cmdq": 3, "read": {"device_start": -1, "device_end": -1}}, "empty17": {"write": {"device_start": -1, "host_queued_start": 1585499793.78763, "device_queued": -1, "device_end": -1, "host_queued_end": 1585499793.798069}, "device": "cpu", "nd_range": {"device_start": 2167567.987679998, "device_end": 2167567.987684523}, "cmdq": 1, "read": {"device_start": -1, "device_end": -1}}, "softmax59": {"write": {"device_start": -1, "host_queued_start": 1585499793.782148, "device_queued": -1, "device_end": -1, "host_queued_end": 1585499793.786422}, "device": "gpu", "nd_range": {"device_start": 1585499730.8801613, "device_end": 1585499730.880258}, "cmdq": 1, "read": {"device_start": -1, "device_end": -1}}, "empty71": {"write": {"device_start": 1585499730.878694, "host_queued_start": 1585499793.770786, "device_queued": 1585499730.8786678, "device_end": 1585499730.8787026, "host_queued_end": 1585499793.786422}, "device": "gpu", "nd_range": {"device_start": 1585499730.878704, "device_end": 1585499730.8787074}, "cmdq": 0, "read": {"device_start": -1, "device_end": -1}}, "empty35": {"write": {"device_start": 1585499730.878507, "host_queued_start": 1585499793.768927, "device_queued": 1585499730.878474, "device_end": 1585499730.8785155, "host_queued_end": 1585499793.786422}, "device": "gpu", "nd_range": {"device_start": 1585499730.8785326, "device_end": 1585499730.8785458}, "cmdq": 0, "read": {"device_start": -1, "device_end": -1}}, "empty53": {"write": {"device_start": 1585499730.8786037, "host_queued_start": 1585499793.769926, "device_queued": 1585499730.8785794, "device_end": 1585499730.8786123, "host_queued_end": 1585499793.786422}, "device": "gpu", "nd_range": {"device_start": 1585499730.8786507, "device_end": 1585499730.8786542}, "cmdq": 2, "read": {"device_start": -1, "device_end": -1}}, "FFC_sans_bias46": {"write": {"device_start": 1585499730.8791454, "host_queued_start": 1585499793.774956, "device_queued": 1585499730.8791227, "device_end": 1585499730.879154, "host_queued_end": 1585499793.786422}, "device": "gpu", "nd_range": {"device_start": 1585499730.8791552, "device_end": 1585499730.8793917}, "cmdq": 0, "read": {"device_start": -1, "device_end": -1}}, "coalesced_transpose66": {"write": {"device_start": -1, "host_queued_start": 1585499793.779806, "device_queued": -1, "device_end": -1, "host_queued_end": 1585499793.786422}, "device": "gpu", "nd_range": {"device_start": 1585499730.8797338, "device_end": 1585499730.8797548}, "cmdq": 0, "read": {"device_start": -1, "device_end": -1}}, "coalesced_transpose48": {"write": {"device_start": -1, "host_queued_start": 1585499793.779268, "device_queued": -1, "device_end": -1, "host_queued_end": 1585499793.786422}, "device": "gpu", "nd_range": {"device_start": 1585499730.87977, "device_end": 1585499730.8797836}, "cmdq": 2, "read": {"device_start": -1, "device_end": -1}}}