{"FFC_sans_bias60": {"write": {"device_start": -1, "host_queued_start": 1585500024.218718, "device_queued": -1, "device_end": -1, "host_queued_end": 1585500024.221199}, "device": "gpu", "nd_range": {"device_start": 1585499961.3130686, "device_end": 1585499961.3136566}, "cmdq": 0, "read": {"device_start": -1, "device_end": -1}}, "FFC_sans_bias4": {"write": {"device_start": -1, "host_queued_start": 1585500024.248689, "device_queued": -1, "device_end": -1, "host_queued_end": 1585500024.260286}, "device": "cpu", "nd_range": {"device_start": 2167798.5361623163, "device_end": 2167798.547615144}, "cmdq": 0, "read": {"device_start": -1, "device_end": -1}}, "FFC_sans_bias7": {"write": {"device_start": -1, "host_queued_start": 1585500024.25527, "device_queued": -1, "device_end": -1, "host_queued_end": 1585500024.260286}, "device": "cpu", "nd_range": {"device_start": 2167798.5946663693, "device_end": 2167798.60052991}, "cmdq": 0, "read": {"device_start": -1, "device_end": -1}}, "FFC_sans_bias6": {"write": {"device_start": -1, "host_queued_start": 1585500024.252493, "device_queued": -1, "device_end": -1, "host_queued_end": 1585500024.260286}, "device": "cpu", "nd_range": {"device_start": 2167798.563613621, "device_end": 2167798.576314351}, "cmdq": 0, "read": {"device_start": -1, "device_end": -1}}, "FFC_sans_bias1": {"write": {"device_start": -1, "host_queued_start": 1585500024.229093, "device_queued": -1, "device_end": -1, "host_queued_end": 1585500024.260286}, "device": "cpu", "nd_range": {"device_start": 2167798.449965549, "device_end": 2167798.465339128}, "cmdq": 1, "read": {"device_start": -1, "device_end": -1}}, "FFC_sans_bias0": {"write": {"device_start": -1, "host_queued_start": 1585500024.228052, "device_queued": -1, "device_end": -1, "host_queued_end": 1585500024.260286}, "device": "cpu", "nd_range": {"device_start": 2167798.4499295163, "device_end": 2167798.457787252}, "cmdq": 0, "read": {"device_start": -1, "device_end": -1}}, "FFC_sans_bias2": {"write": {"device_start": -1, "host_queued_start": 1585500024.230252, "device_queued": -1, "device_end": -1, "host_queued_end": 1585500024.260286}, "device": "cpu", "nd_range": {"device_start": 2167798.449929233, "device_end": 2167798.465531396}, "cmdq": 2, "read": {"device_start": -1, "device_end": -1}}, "FFC_sans_bias61": {"write": {"device_start": 1585499961.314393, "host_queued_start": 1585500024.220047, "device_queued": 1585499961.3076525, "device_end": 1585499961.314422, "host_queued_end": 1585500024.221199}, "device": "gpu", "nd_range": {"device_start": 1585499961.3144262, "device_end": 1585499961.3150198}, "cmdq": 0, "read": {"device_start": 1585499961.3150227, "device_end": 1585499961.3150458}}, "FFC_sans_bias52": {"write": {"device_start": -1, "host_queued_start": 1585500024.260242, "device_queued": -1, "device_end": -1, "host_queued_end": 1585500024.260286}, "device": "cpu", "nd_range": {"device_start": 2167798.6164320833, "device_end": 2167798.621672436}, "cmdq": 2, "read": {"device_start": -1, "device_end": -1}}, "FFC_sans_bias9": {"write": {"device_start": -1, "host_queued_start": 1585500024.231433, "device_queued": -1, "device_end": -1, "host_queued_end": 1585500024.260286}, "device": "cpu", "nd_range": {"device_start": 2167798.4578982173, "device_end": 2167798.4664854323}, "cmdq": 0, "read": {"device_start": -1, "device_end": -1}}, "coalesced_transpose39": {"write": {"device_start": -1, "host_queued_start": 1585500024.247923, "device_queued": -1, "device_end": -1, "host_queued_end": 1585500024.260286}, "device": "cpu", "nd_range": {"device_start": 2167798.5121625434, "device_end": 2167798.5124125}, "cmdq": 1, "read": {"device_start": -1, "device_end": -1}}, "FFC_sans_bias55": {"write": {"device_start": 1585499961.3085496, "host_queued_start": 1585500024.213276, "device_queued": 1585499961.3069665, "device_end": 1585499961.3085732, "host_queued_end": 1585500024.221199}, "device": "gpu", "nd_range": {"device_start": 1585499961.3085773, "device_end": 1585499961.3091702}, "cmdq": 0, "read": {"device_start": -1, "device_end": -1}}, "FFC_sans_bias54": {"write": {"device_start": 1585499961.3078187, "host_queued_start": 1585500024.212238, "device_queued": 1585499961.3069127, "device_end": 1585499961.3078427, "host_queued_end": 1585500024.221199}, "device": "gpu", "nd_range": {"device_start": 1585499961.3078513, "device_end": 1585499961.3084407}, "cmdq": 0, "read": {"device_start": -1, "device_end": -1}}, "FFC_sans_bias56": {"write": {"device_start": 1585499961.3070693, "host_queued_start": 1585500024.211185, "device_queued": 1585499961.3066952, "device_end": 1585499961.3070936, "host_queued_end": 1585500024.221199}, "device": "gpu", "nd_range": {"device_start": 1585499961.3070986, "device_end": 1585499961.3076982}, "cmdq": 0, "read": {"device_start": -1, "device_end": -1}}, "FFC_sans_bias51": {"write": {"device_start": -1, "host_queued_start": 1585500024.254218, "device_queued": -1, "device_end": -1, "host_queued_end": 1585500024.260286}, "device": "cpu", "nd_range": {"device_start": 2167798.6007528193, "device_end": 2167798.611066623}, "cmdq": 2, "read": {"device_start": -1, "device_end": -1}}, "softmax23": {"write": {"device_start": -1, "host_queued_start": 1585500024.251284, "device_queued": -1, "device_end": -1, "host_queued_end": 1585500024.260286}, "device": "cpu", "nd_range": {"device_start": 2167798.5711244633, "device_end": 2167798.5840079254}, "cmdq": 2, "read": {"device_start": -1, "device_end": -1}}, "FFC_sans_bias37": {"write": {"device_start": -1, "host_queued_start": 1585500024.241985, "device_queued": -1, "device_end": -1, "host_queued_end": 1585500024.260286}, "device": "cpu", "nd_range": {"device_start": 2167798.488688591, "device_end": 2167798.496780802}, "cmdq": 1, "read": {"device_start": -1, "device_end": -1}}, "empty62": {"write": {"device_start": 1585499961.306705, "host_queued_start": 1585500024.209118, "device_queued": 1585499961.3065689, "device_end": 1585499961.3067327, "host_queued_end": 1585500024.221199}, "device": "gpu", "nd_range": {"device_start": 1585499961.3067358, "device_end": 1585499961.3067408}, "cmdq": 0, "read": {"device_start": -1, "device_end": -1}}, "FFC_sans_bias70": {"write": {"device_start": 1585499961.3152595, "host_queued_start": 1585500024.221098, "device_queued": 1585499961.307859, "device_end": 1585499961.315288, "host_queued_end": 1585500024.221199}, "device": "gpu", "nd_range": {"device_start": 1585499961.3152966, "device_end": 1585499961.315893}, "cmdq": 0, "read": {"device_start": 1585499961.3159018, "device_end": 1585499961.3159246}}, "FFC_sans_bias58": {"write": {"device_start": -1, "host_queued_start": 1585500024.21738, "device_queued": -1, "device_end": -1, "host_queued_end": 1585500024.221199}, "device": "gpu", "nd_range": {"device_start": 1585499961.3114603, "device_end": 1585499961.3120553}, "cmdq": 0, "read": {"device_start": -1, "device_end": -1}}, "softmax41": {"write": {"device_start": -1, "host_queued_start": 1585500024.251834, "device_queued": -1, "device_end": -1, "host_queued_end": 1585500024.260286}, "device": "cpu", "nd_range": {"device_start": 2167798.5381096452, "device_end": 2167798.539178796}, "cmdq": 1, "read": {"device_start": -1, "device_end": -1}}, "FFC_sans_bias11": {"write": {"device_start": -1, "host_queued_start": 1585500024.23354, "device_queued": -1, "device_end": -1, "host_queued_end": 1585500024.260286}, "device": "cpu", "nd_range": {"device_start": 2167798.4656415293, "device_end": 2167798.489756608}, "cmdq": 2, "read": {"device_start": -1, "device_end": -1}}, "FFC_sans_bias10": {"write": {"device_start": -1, "host_queued_start": 1585500024.232488, "device_queued": -1, "device_end": -1, "host_queued_end": 1585500024.260286}, "device": "cpu", "nd_range": {"device_start": 2167798.465349655, "device_end": 2167798.473889164}, "cmdq": 1, "read": {"device_start": -1, "device_end": -1}}, "coalesced_transpose3": {"write": {"device_start": -1, "host_queued_start": 1585500024.246567, "device_queued": -1, "device_end": -1, "host_queued_end": 1585500024.260286}, "device": "cpu", "nd_range": {"device_start": 2167798.534895266, "device_end": 2167798.535143141}, "cmdq": 0, "read": {"device_start": -1, "device_end": -1}}, "FFC_sans_bias34": {"write": {"device_start": -1, "host_queued_start": 1585500024.258243, "device_queued": -1, "device_end": -1, "host_queued_end": 1585500024.260286}, "device": "cpu", "nd_range": {"device_start": 2167798.600534305, "device_end": 2167798.608831001}, "cmdq": 0, "read": {"device_start": -1, "device_end": -1}}, "FFC_sans_bias15": {"write": {"device_start": -1, "host_queued_start": 1585500024.252845, "device_queued": -1, "device_end": -1, "host_queued_end": 1585500024.260286}, "device": "cpu", "nd_range": {"device_start": 2167798.5394194443, "device_end": 2167798.553676262}, "cmdq": 1, "read": {"device_start": -1, "device_end": -1}}, "FFC_sans_bias31": {"write": {"device_start": -1, "host_queued_start": 1585500024.249734, "device_queued": -1, "device_end": -1, "host_queued_end": 1585500024.260286}, "device": "cpu", "nd_range": {"device_start": 2167798.547733677, "device_end": 2167798.562971382}, "cmdq": 0, "read": {"device_start": -1, "device_end": -1}}, "FFC_sans_bias16": {"write": {"device_start": -1, "host_queued_start": 1585500024.256262, "device_queued": -1, "device_end": -1, "host_queued_end": 1585500024.260286}, "device": "cpu", "nd_range": {"device_start": 2167798.5726647293, "device_end": 2167798.582339589}, "cmdq": 1, "read": {"device_start": -1, "device_end": -1}}, "FFC_sans_bias19": {"write": {"device_start": -1, "host_queued_start": 1585500024.235645, "device_queued": -1, "device_end": -1, "host_queued_end": 1585500024.260286}, "device": "cpu", "nd_range": {"device_start": 2167798.4740118133, "device_end": 2167798.48327515}, "cmdq": 1, "read": {"device_start": -1, "device_end": -1}}, "FFC_sans_bias18": {"write": {"device_start": -1, "host_queued_start": 1585500024.234598, "device_queued": -1, "device_end": -1, "host_queued_end": 1585500024.260286}, "device": "cpu", "nd_range": {"device_start": 2167798.470899513, "device_end": 2167798.489352796}, "cmdq": 0, "read": {"device_start": -1, "device_end": -1}}, "coalesced_transpose30": {"write": {"device_start": -1, "host_queued_start": 1585500024.247592, "device_queued": -1, "device_end": -1, "host_queued_end": 1585500024.260286}, "device": "cpu", "nd_range": {"device_start": 2167798.535254953, "device_end": 2167798.5359313022}, "cmdq": 0, "read": {"device_start": -1, "device_end": -1}}, "FFC_sans_bias69": {"write": {"device_start": -1, "host_queued_start": 1585500024.219033, "device_queued": -1, "device_end": -1, "host_queued_end": 1585500024.221199}, "device": "gpu", "nd_range": {"device_start": 1585499961.3136585, "device_end": 1585499961.314259}, "cmdq": 0, "read": {"device_start": -1, "device_end": -1}}, "FFC_sans_bias38": {"write": {"device_start": -1, "host_queued_start": 1585500024.243091, "device_queued": -1, "device_end": -1, "host_queued_end": 1585500024.260286}, "device": "cpu", "nd_range": {"device_start": 2167798.5126842703, "device_end": 2167798.5227208002}, "cmdq": 2, "read": {"device_start": -1, "device_end": -1}}, "coalesced_transpose57": {"write": {"device_start": -1, "host_queued_start": 1585500024.216739, "device_queued": -1, "device_end": -1, "host_queued_end": 1585500024.221199}, "device": "gpu", "nd_range": {"device_start": 1585499961.311436, "device_end": 1585499961.311444}, "cmdq": 0, "read": {"device_start": -1, "device_end": -1}}, "empty26": {"write": {"device_start": -1, "host_queued_start": 1585500024.224428, "device_queued": -1, "device_end": -1, "host_queued_end": 1585500024.260286}, "device": "cpu", "nd_range": {"device_start": 2167798.4498918033, "device_end": 2167798.449900169}, "cmdq": 2, "read": {"device_start": -1, "device_end": -1}}, "coalesced_transpose12": {"write": {"device_start": -1, "host_queued_start": 1585500024.246931, "device_queued": -1, "device_end": -1, "host_queued_end": 1585500024.260286}, "device": "cpu", "nd_range": {"device_start": 2167798.5119035873, "device_end": 2167798.512156816}, "cmdq": 1, "read": {"device_start": -1, "device_end": -1}}, "empty44": {"write": {"device_start": -1, "host_queued_start": 1585500024.22626, "device_queued": -1, "device_end": -1, "host_queued_end": 1585500024.260286}, "device": "cpu", "nd_range": {"device_start": 2167798.449959074, "device_end": 2167798.449959891}, "cmdq": 1, "read": {"device_start": -1, "device_end": -1}}, "coalesced_transpose21": {"write": {"device_start": -1, "host_queued_start": 1585500024.247264, "device_queued": -1, "device_end": -1, "host_queued_end": 1585500024.260286}, "device": "cpu", "nd_range": {"device_start": 2167798.5376360253, "device_end": 2167798.539253918}, "cmdq": 2, "read": {"device_start": -1, "device_end": -1}}, "FFC_sans_bias36": {"write": {"device_start": -1, "host_queued_start": 1585500024.240921, "device_queued": -1, "device_end": -1, "host_queued_end": 1585500024.260286}, "device": "cpu", "nd_range": {"device_start": 2167798.5060505453, "device_end": 2167798.520357851}, "cmdq": 0, "read": {"device_start": -1, "device_end": -1}}, "softmax14": {"write": {"device_start": -1, "host_queued_start": 1585500024.251, "device_queued": -1, "device_end": -1, "host_queued_end": 1585500024.260286}, "device": "cpu", "nd_range": {"device_start": 2167798.5359610403, "device_end": 2167798.538003941}, "cmdq": 1, "read": {"device_start": -1, "device_end": -1}}, "FFC_sans_bias13": {"write": {"device_start": -1, "host_queued_start": 1585500024.249036, "device_queued": -1, "device_end": -1, "host_queued_end": 1585500024.260286}, "device": "cpu", "nd_range": {"device_start": 2167798.512418289, "device_end": 2167798.523947124}, "cmdq": 1, "read": {"device_start": -1, "device_end": -1}}, "empty8": {"write": {"device_start": -1, "host_queued_start": 1585500024.22252, "device_queued": -1, "device_end": -1, "host_queued_end": 1585500024.260286}, "device": "cpu", "nd_range": {"device_start": 2167798.4498858973, "device_end": 2167798.449900175}, "cmdq": 0, "read": {"device_start": -1, "device_end": -1}}, "FFC_sans_bias42": {"write": {"device_start": -1, "host_queued_start": 1585500024.253874, "device_queued": -1, "device_end": -1, "host_queued_end": 1585500024.260286}, "device": "cpu", "nd_range": {"device_start": 2167798.553813156, "device_end": 2167798.572552478}, "cmdq": 1, "read": {"device_start": -1, "device_end": -1}}, "FFC_sans_bias43": {"write": {"device_start": -1, "host_queued_start": 1585500024.259243, "device_queued": -1, "device_end": -1, "host_queued_end": 1585500024.260286}, "device": "cpu", "nd_range": {"device_start": 2167798.582345268, "device_end": 2167798.596188032}, "cmdq": 1, "read": {"device_start": -1, "device_end": -1}}, "FFC_sans_bias40": {"write": {"device_start": -1, "host_queued_start": 1585500024.250075, "device_queued": -1, "device_end": -1, "host_queued_end": 1585500024.260286}, "device": "cpu", "nd_range": {"device_start": 2167798.5239538313, "device_end": 2167798.535940565}, "cmdq": 1, "read": {"device_start": -1, "device_end": -1}}, "softmax32": {"write": {"device_start": -1, "host_queued_start": 1585500024.251559, "device_queued": -1, "device_end": -1, "host_queued_end": 1585500024.260286}, "device": "cpu", "nd_range": {"device_start": 2167798.563402725, "device_end": 2167798.563607329}, "cmdq": 0, "read": {"device_start": -1, "device_end": -1}}, "FFC_sans_bias47": {"write": {"device_start": -1, "host_queued_start": 1585500024.246237, "device_queued": -1, "device_end": -1, "host_queued_end": 1585500024.260286}, "device": "cpu", "nd_range": {"device_start": 2167798.5228341753, "device_end": 2167798.537530992}, "cmdq": 2, "read": {"device_start": -1, "device_end": -1}}, "FFC_sans_bias45": {"write": {"device_start": -1, "host_queued_start": 1585500024.244139, "device_queued": -1, "device_end": -1, "host_queued_end": 1585500024.260286}, "device": "cpu", "nd_range": {"device_start": 2167798.5204780484, "device_end": 2167798.534778397}, "cmdq": 0, "read": {"device_start": -1, "device_end": -1}}, "softmax50": {"write": {"device_start": -1, "host_queued_start": 1585500024.252112, "device_queued": -1, "device_end": -1, "host_queued_end": 1585500024.260286}, "device": "cpu", "nd_range": {"device_start": 2167798.584014911, "device_end": 2167798.5842251633}, "cmdq": 2, "read": {"device_start": -1, "device_end": -1}}, "FFC_sans_bias33": {"write": {"device_start": -1, "host_queued_start": 1585500024.25353, "device_queued": -1, "device_end": -1, "host_queued_end": 1585500024.260286}, "device": "cpu", "nd_range": {"device_start": 2167798.576323418, "device_end": 2167798.5946587333}, "cmdq": 0, "read": {"device_start": -1, "device_end": -1}}, "FFC_sans_bias63": {"write": {"device_start": 1585499961.3107967, "host_queued_start": 1585500024.216414, "device_queued": 1585499961.3072624, "device_end": 1585499961.3108268, "host_queued_end": 1585500024.221199}, "device": "gpu", "nd_range": {"device_start": 1585499961.3108332, "device_end": 1585499961.3114343}, "cmdq": 0, "read": {"device_start": -1, "device_end": -1}}, "FFC_sans_bias49": {"write": {"device_start": -1, "host_queued_start": 1585500024.250417, "device_queued": -1, "device_end": -1, "host_queued_end": 1585500024.260286}, "device": "cpu", "nd_range": {"device_start": 2167798.562974763, "device_end": 2167798.571118186}, "cmdq": 2, "read": {"device_start": -1, "device_end": -1}}, "FFC_sans_bias64": {"write": {"device_start": 1585499961.3092802, "host_queued_start": 1585500024.214314, "device_queued": 1585499961.3071148, "device_end": 1585499961.3093088, "host_queued_end": 1585500024.221199}, "device": "gpu", "nd_range": {"device_start": 1585499961.3093226, "device_end": 1585499961.3099194}, "cmdq": 0, "read": {"device_start": -1, "device_end": -1}}, "FFC_sans_bias65": {"write": {"device_start": 1585499961.3100357, "host_queued_start": 1585500024.215389, "device_queued": 1585499961.307147, "device_end": 1585499961.3100653, "host_queued_end": 1585500024.221199}, "device": "gpu", "nd_range": {"device_start": 1585499961.310075, "device_end": 1585499961.3106792}, "cmdq": 0, "read": {"device_start": -1, "device_end": -1}}, "FFC_sans_bias67": {"write": {"device_start": -1, "host_queued_start": 1585500024.21787, "device_queued": -1, "device_end": -1, "host_queued_end": 1585500024.221199}, "device": "gpu", "nd_range": {"device_start": 1585499961.312057, "device_end": 1585499961.312653}, "cmdq": 0, "read": {"device_start": -1, "device_end": -1}}, "FFC_sans_bias24": {"write": {"device_start": -1, "host_queued_start": 1585500024.253187, "device_queued": -1, "device_end": -1, "host_queued_end": 1585500024.260286}, "device": "cpu", "nd_range": {"device_start": 2167798.5842306633, "device_end": 2167798.600743481}, "cmdq": 2, "read": {"device_start": -1, "device_end": -1}}, "FFC_sans_bias25": {"write": {"device_start": -1, "host_queued_start": 1585500024.257254, "device_queued": -1, "device_end": -1, "host_queued_end": 1585500024.260286}, "device": "cpu", "nd_range": {"device_start": 2167798.6110743904, "device_end": 2167798.616426058}, "cmdq": 2, "read": {"device_start": -1, "device_end": -1}}, "FFC_sans_bias27": {"write": {"device_start": -1, "host_queued_start": 1585500024.237743, "device_queued": -1, "device_end": -1, "host_queued_end": 1585500024.260286}, "device": "cpu", "nd_range": {"device_start": 2167798.4897091393, "device_end": 2167798.5041157464}, "cmdq": 0, "read": {"device_start": -1, "device_end": -1}}, "FFC_sans_bias20": {"write": {"device_start": -1, "host_queued_start": 1585500024.236699, "device_queued": -1, "device_end": -1, "host_queued_end": 1585500024.260286}, "device": "cpu", "nd_range": {"device_start": 2167798.489866966, "device_end": 2167798.503906114}, "cmdq": 2, "read": {"device_start": -1, "device_end": -1}}, "FFC_sans_bias22": {"write": {"device_start": -1, "host_queued_start": 1585500024.249388, "device_queued": -1, "device_end": -1, "host_queued_end": 1585500024.260286}, "device": "cpu", "nd_range": {"device_start": 2167798.5398312923, "device_end": 2167798.562965845}, "cmdq": 2, "read": {"device_start": -1, "device_end": -1}}, "softmax68": {"write": {"device_start": -1, "host_queued_start": 1585500024.218372, "device_queued": -1, "device_end": -1, "host_queued_end": 1585500024.221199}, "device": "gpu", "nd_range": {"device_start": 1585499961.3128576, "device_end": 1585499961.3130665}, "cmdq": 0, "read": {"device_start": -1, "device_end": -1}}, "softmax5": {"write": {"device_start": -1, "host_queued_start": 1585500024.250704, "device_queued": -1, "device_end": -1, "host_queued_end": 1585500024.260286}, "device": "cpu", "nd_range": {"device_start": 2167798.562986053, "device_end": 2167798.563393947}, "cmdq": 0, "read": {"device_start": -1, "device_end": -1}}, "FFC_sans_bias28": {"write": {"device_start": -1, "host_queued_start": 1585500024.238813, "device_queued": -1, "device_end": -1, "host_queued_end": 1585500024.260286}, "device": "cpu", "nd_range": {"device_start": 2167798.483392979, "device_end": 2167798.488680696}, "cmdq": 1, "read": {"device_start": -1, "device_end": -1}}, "FFC_sans_bias29": {"write": {"device_start": -1, "host_queued_start": 1585500024.239871, "device_queued": -1, "device_end": -1, "host_queued_end": 1585500024.260286}, "device": "cpu", "nd_range": {"device_start": 2167798.504029237, "device_end": 2167798.512573556}, "cmdq": 2, "read": {"device_start": -1, "device_end": -1}}, "empty17": {"write": {"device_start": -1, "host_queued_start": 1585500024.223522, "device_queued": -1, "device_end": -1, "host_queued_end": 1585500024.260286}, "device": "cpu", "nd_range": {"device_start": 2167798.449935528, "device_end": 2167798.449939711}, "cmdq": 1, "read": {"device_start": -1, "device_end": -1}}, "softmax59": {"write": {"device_start": -1, "host_queued_start": 1585500024.218128, "device_queued": -1, "device_end": -1, "host_queued_end": 1585500024.221199}, "device": "gpu", "nd_range": {"device_start": 1585499961.312655, "device_end": 1585499961.3128567}, "cmdq": 0, "read": {"device_start": -1, "device_end": -1}}, "empty71": {"write": {"device_start": 1585499961.3069026, "host_queued_start": 1585500024.210161, "device_queued": 1585499961.3066585, "device_end": 1585499961.306929, "host_queued_end": 1585500024.221199}, "device": "gpu", "nd_range": {"device_start": 1585499961.3069444, "device_end": 1585499961.306948}, "cmdq": 0, "read": {"device_start": -1, "device_end": -1}}, "empty35": {"write": {"device_start": -1, "host_queued_start": 1585500024.22537, "device_queued": -1, "device_end": -1, "host_queued_end": 1585500024.260286}, "device": "cpu", "nd_range": {"device_start": 2167798.4499228713, "device_end": 2167798.449923973}, "cmdq": 0, "read": {"device_start": -1, "device_end": -1}}, "empty53": {"write": {"device_start": -1, "host_queued_start": 1585500024.227097, "device_queued": -1, "device_end": -1, "host_queued_end": 1585500024.260286}, "device": "cpu", "nd_range": {"device_start": 2167798.449922771, "device_end": 2167798.449923764}, "cmdq": 2, "read": {"device_start": -1, "device_end": -1}}, "FFC_sans_bias46": {"write": {"device_start": -1, "host_queued_start": 1585500024.245187, "device_queued": -1, "device_end": -1, "host_queued_end": 1585500024.260286}, "device": "cpu", "nd_range": {"device_start": 2167798.496902367, "device_end": 2167798.511894985}, "cmdq": 1, "read": {"device_start": -1, "device_end": -1}}, "coalesced_transpose66": {"write": {"device_start": -1, "host_queued_start": 1585500024.217054, "device_queued": -1, "device_end": -1, "host_queued_end": 1585500024.221199}, "device": "gpu", "nd_range": {"device_start": 1585499961.311445, "device_end": 1585499961.3114583}, "cmdq": 0, "read": {"device_start": -1, "device_end": -1}}, "coalesced_transpose48": {"write": {"device_start": -1, "host_queued_start": 1585500024.24825, "device_queued": -1, "device_end": -1, "host_queued_end": 1585500024.260286}, "device": "cpu", "nd_range": {"device_start": 2167798.539270273, "device_end": 2167798.539722233}, "cmdq": 2, "read": {"device_start": -1, "device_end": -1}}}