{"FFC_sans_bias60": {"write": {"device_start": -1, "host_queued_start": 1585499985.108825, "device_queued": -1, "device_end": -1, "host_queued_end": 1585499985.116716}, "device": "gpu", "nd_range": {"device_start": 1585499922.2286212, "device_end": 1585499922.229224}, "cmdq": 0, "read": {"device_start": -1, "device_end": -1}}, "FFC_sans_bias4": {"write": {"device_start": -1, "host_queued_start": 1585499985.123138, "device_queued": -1, "device_end": -1, "host_queued_end": 1585499985.12492}, "device": "cpu", "nd_range": {"device_start": 2167759.327121816, "device_end": 2167759.331217098}, "cmdq": 1, "read": {"device_start": -1, "device_end": -1}}, "FFC_sans_bias7": {"write": {"device_start": -1, "host_queued_start": 1585499985.124873, "device_queued": -1, "device_end": -1, "host_queued_end": 1585499985.12492}, "device": "cpu", "nd_range": {"device_start": 2167759.336576587, "device_end": 2167759.341564407}, "cmdq": 0, "read": {"device_start": -1, "device_end": -1}}, "FFC_sans_bias6": {"write": {"device_start": -1, "host_queued_start": 1585499985.123758, "device_queued": -1, "device_end": -1, "host_queued_end": 1585499985.12492}, "device": "cpu", "nd_range": {"device_start": 2167759.331535918, "device_end": 2167759.3365673353}, "cmdq": 1, "read": {"device_start": -1, "device_end": -1}}, "FFC_sans_bias1": {"write": {"device_start": -1, "host_queued_start": 1585499985.121142, "device_queued": -1, "device_end": -1, "host_queued_end": 1585499985.12492}, "device": "cpu", "nd_range": {"device_start": 2167759.314494659, "device_end": 2167759.322622327}, "cmdq": 0, "read": {"device_start": -1, "device_end": -1}}, "FFC_sans_bias0": {"write": {"device_start": -1, "host_queued_start": 1585499985.119844, "device_queued": -1, "device_end": -1, "host_queued_end": 1585499985.12492}, "device": "cpu", "nd_range": {"device_start": 2167759.314486688, "device_end": 2167759.322884649}, "cmdq": 1, "read": {"device_start": -1, "device_end": -1}}, "FFC_sans_bias2": {"write": {"device_start": -1, "host_queued_start": 1585499985.122437, "device_queued": -1, "device_end": -1, "host_queued_end": 1585499985.12492}, "device": "cpu", "nd_range": {"device_start": 2167759.323138582, "device_end": 2167759.326976758}, "cmdq": 1, "read": {"device_start": -1, "device_end": -1}}, "FFC_sans_bias61": {"write": {"device_start": 1585499922.2337837, "host_queued_start": 1585499985.115567, "device_queued": 1585499922.207999, "device_end": 1585499922.233807, "host_queued_end": 1585499985.116716}, "device": "gpu", "nd_range": {"device_start": 1585499922.2338114, "device_end": 1585499922.2344089}, "cmdq": 0, "read": {"device_start": 1585499922.2344174, "device_end": 1585499922.2344396}}, "FFC_sans_bias52": {"write": {"device_start": 1585499922.2329981, "host_queued_start": 1585499985.114514, "device_queued": 1585499922.2079368, "device_end": 1585499922.2330215, "host_queued_end": 1585499985.116716}, "device": "gpu", "nd_range": {"device_start": 1585499922.2330258, "device_end": 1585499922.233623}, "cmdq": 0, "read": {"device_start": 1585499922.2336257, "device_end": 1585499922.2336483}}, "FFC_sans_bias9": {"write": {"device_start": 1585499922.2046793, "host_queued_start": 1585499985.079393, "device_queued": 1585499922.2038915, "device_end": 1585499922.2047083, "host_queued_end": 1585499985.116716}, "device": "gpu", "nd_range": {"device_start": 1585499922.2047186, "device_end": 1585499922.2053113}, "cmdq": 0, "read": {"device_start": -1, "device_end": -1}}, "coalesced_transpose39": {"write": {"device_start": -1, "host_queued_start": 1585499985.101901, "device_queued": -1, "device_end": -1, "host_queued_end": 1585499985.116716}, "device": "gpu", "nd_range": {"device_start": 1585499922.2199063, "device_end": 1585499922.2199152}, "cmdq": 0, "read": {"device_start": -1, "device_end": -1}}, "FFC_sans_bias55": {"write": {"device_start": 1585499922.2170427, "host_queued_start": 1585499985.097499, "device_queued": 1585499922.2058618, "device_end": 1585499922.2170665, "host_queued_end": 1585499985.116716}, "device": "gpu", "nd_range": {"device_start": 1585499922.2170713, "device_end": 1585499922.2176652}, "cmdq": 0, "read": {"device_start": -1, "device_end": -1}}, "FFC_sans_bias54": {"write": {"device_start": 1585499922.2163403, "host_queued_start": 1585499985.096459, "device_queued": 1585499922.2057285, "device_end": 1585499922.2163641, "host_queued_end": 1585499985.116716}, "device": "gpu", "nd_range": {"device_start": 1585499922.2163708, "device_end": 1585499922.216964}, "cmdq": 0, "read": {"device_start": -1, "device_end": -1}}, "FFC_sans_bias56": {"write": {"device_start": 1585499922.2156482, "host_queued_start": 1585499985.09542, "device_queued": 1585499922.2056892, "device_end": 1585499922.2156713, "host_queued_end": 1585499985.116716}, "device": "gpu", "nd_range": {"device_start": 1585499922.2156765, "device_end": 1585499922.2162669}, "cmdq": 0, "read": {"device_start": -1, "device_end": -1}}, "FFC_sans_bias51": {"write": {"device_start": -1, "host_queued_start": 1585499985.108504, "device_queued": -1, "device_end": -1, "host_queued_end": 1585499985.116716}, "device": "gpu", "nd_range": {"device_start": 1585499922.2280173, "device_end": 1585499922.2286198}, "cmdq": 0, "read": {"device_start": -1, "device_end": -1}}, "softmax23": {"write": {"device_start": -1, "host_queued_start": 1585499985.105603, "device_queued": -1, "device_end": -1, "host_queued_end": 1585499985.116716}, "device": "gpu", "nd_range": {"device_start": 1585499922.2243528, "device_end": 1585499922.224563}, "cmdq": 0, "read": {"device_start": -1, "device_end": -1}}, "FFC_sans_bias37": {"write": {"device_start": 1585499922.2119083, "host_queued_start": 1585499985.090066, "device_queued": 1585499922.2051463, "device_end": 1585499922.211932, "host_queued_end": 1585499985.116716}, "device": "gpu", "nd_range": {"device_start": 1585499922.211938, "device_end": 1585499922.2125363}, "cmdq": 0, "read": {"device_start": -1, "device_end": -1}}, "empty62": {"write": {"device_start": 1585499922.2042203, "host_queued_start": 1585499985.077557, "device_queued": 1585499922.2038102, "device_end": 1585499922.2042499, "host_queued_end": 1585499985.116716}, "device": "gpu", "nd_range": {"device_start": 1585499922.2042527, "device_end": 1585499922.2042563}, "cmdq": 0, "read": {"device_start": -1, "device_end": -1}}, "FFC_sans_bias70": {"write": {"device_start": 1585499922.234568, "host_queued_start": 1585499985.116613, "device_queued": 1585499922.2081833, "device_end": 1585499922.2345915, "host_queued_end": 1585499985.116716}, "device": "gpu", "nd_range": {"device_start": 1585499922.2345958, "device_end": 1585499922.2351925}, "cmdq": 0, "read": {"device_start": 1585499922.2352018, "device_end": 1585499922.235224}}, "FFC_sans_bias58": {"write": {"device_start": -1, "host_queued_start": 1585499985.104766, "device_queued": -1, "device_end": -1, "host_queued_end": 1585499985.116716}, "device": "gpu", "nd_range": {"device_start": 1585499922.2229443, "device_end": 1585499922.2235436}, "cmdq": 0, "read": {"device_start": -1, "device_end": -1}}, "softmax41": {"write": {"device_start": -1, "host_queued_start": 1585499985.106109, "device_queued": -1, "device_end": -1, "host_queued_end": 1585499985.116716}, "device": "gpu", "nd_range": {"device_start": 1585499922.2247744, "device_end": 1585499922.224985}, "cmdq": 0, "read": {"device_start": -1, "device_end": -1}}, "FFC_sans_bias11": {"write": {"device_start": 1585499922.2060864, "host_queued_start": 1585499985.081491, "device_queued": 1585499922.2041934, "device_end": 1585499922.2061114, "host_queued_end": 1585499985.116716}, "device": "gpu", "nd_range": {"device_start": 1585499922.2061155, "device_end": 1585499922.2067103}, "cmdq": 0, "read": {"device_start": -1, "device_end": -1}}, "FFC_sans_bias10": {"write": {"device_start": 1585499922.2054317, "host_queued_start": 1585499985.080439, "device_queued": 1585499922.2041419, "device_end": 1585499922.2054577, "host_queued_end": 1585499985.116716}, "device": "gpu", "nd_range": {"device_start": 1585499922.2054608, "device_end": 1585499922.2059655}, "cmdq": 0, "read": {"device_start": -1, "device_end": -1}}, "coalesced_transpose3": {"write": {"device_start": -1, "host_queued_start": 1585499985.122769, "device_queued": -1, "device_end": -1, "host_queued_end": 1585499985.12492}, "device": "cpu", "nd_range": {"device_start": 2167759.3227944, "device_end": 2167759.322881358}, "cmdq": 0, "read": {"device_start": -1, "device_end": -1}}, "FFC_sans_bias34": {"write": {"device_start": 1585499922.2314687, "host_queued_start": 1585499985.112401, "device_queued": 1585499922.20771, "device_end": 1585499922.231492, "host_queued_end": 1585499985.116716}, "device": "gpu", "nd_range": {"device_start": 1585499922.231496, "device_end": 1585499922.2320929}, "cmdq": 0, "read": {"device_start": 1585499922.2320948, "device_end": 1585499922.2321174}}, "FFC_sans_bias15": {"write": {"device_start": -1, "host_queued_start": 1585499985.107214, "device_queued": -1, "device_end": -1, "host_queued_end": 1585499985.116716}, "device": "gpu", "nd_range": {"device_start": 1585499922.2256203, "device_end": 1585499922.2262201}, "cmdq": 0, "read": {"device_start": -1, "device_end": -1}}, "FFC_sans_bias31": {"write": {"device_start": -1, "host_queued_start": 1585499985.10381, "device_queued": -1, "device_end": -1, "host_queued_end": 1585499985.116716}, "device": "gpu", "nd_range": {"device_start": 1585499922.221141, "device_end": 1585499922.221741}, "cmdq": 0, "read": {"device_start": -1, "device_end": -1}}, "FFC_sans_bias16": {"write": {"device_start": 1585499922.2299073, "host_queued_start": 1585499985.110241, "device_queued": 1585499922.2074723, "device_end": 1585499922.2299309, "host_queued_end": 1585499985.116716}, "device": "gpu", "nd_range": {"device_start": 1585499922.2299354, "device_end": 1585499922.230533}, "cmdq": 0, "read": {"device_start": 1585499922.2305412, "device_end": 1585499922.2305639}}, "FFC_sans_bias19": {"write": {"device_start": 1585499922.2075698, "host_queued_start": 1585499985.083785, "device_queued": 1585499922.2044575, "device_end": 1585499922.2075992, "host_queued_end": 1585499985.116716}, "device": "gpu", "nd_range": {"device_start": 1585499922.2076085, "device_end": 1585499922.2081125}, "cmdq": 0, "read": {"device_start": -1, "device_end": -1}}, "FFC_sans_bias18": {"write": {"device_start": 1585499922.2068336, "host_queued_start": 1585499985.082534, "device_queued": 1585499922.2044058, "device_end": 1585499922.2068636, "host_queued_end": 1585499985.116716}, "device": "gpu", "nd_range": {"device_start": 1585499922.2068677, "device_end": 1585499922.2074533}, "cmdq": 0, "read": {"device_start": -1, "device_end": -1}}, "coalesced_transpose30": {"write": {"device_start": -1, "host_queued_start": 1585499985.101594, "device_queued": -1, "device_end": -1, "host_queued_end": 1585499985.116716}, "device": "gpu", "nd_range": {"device_start": 1585499922.219897, "device_end": 1585499922.2199054}, "cmdq": 0, "read": {"device_start": -1, "device_end": -1}}, "FFC_sans_bias69": {"write": {"device_start": -1, "host_queued_start": 1585499985.10914, "device_queued": -1, "device_end": -1, "host_queued_end": 1585499985.116716}, "device": "gpu", "nd_range": {"device_start": 1585499922.229226, "device_end": 1585499922.2298207}, "cmdq": 0, "read": {"device_start": -1, "device_end": -1}}, "FFC_sans_bias38": {"write": {"device_start": 1585499922.2126262, "host_queued_start": 1585499985.091163, "device_queued": 1585499922.205284, "device_end": 1585499922.21265, "host_queued_end": 1585499985.116716}, "device": "gpu", "nd_range": {"device_start": 1585499922.2126546, "device_end": 1585499922.2132401}, "cmdq": 0, "read": {"device_start": -1, "device_end": -1}}, "coalesced_transpose57": {"write": {"device_start": -1, "host_queued_start": 1585499985.102516, "device_queued": -1, "device_end": -1, "host_queued_end": 1585499985.116716}, "device": "gpu", "nd_range": {"device_start": 1585499922.219926, "device_end": 1585499922.2199347}, "cmdq": 0, "read": {"device_start": -1, "device_end": -1}}, "empty26": {"write": {"device_start": 1585499922.2034876, "host_queued_start": 1585499985.074234, "device_queued": 1585499922.2033854, "device_end": 1585499922.2035182, "host_queued_end": 1585499985.116716}, "device": "gpu", "nd_range": {"device_start": 1585499922.2035208, "device_end": 1585499922.203524}, "cmdq": 0, "read": {"device_start": -1, "device_end": -1}}, "coalesced_transpose12": {"write": {"device_start": -1, "host_queued_start": 1585499985.100971, "device_queued": -1, "device_end": -1, "host_queued_end": 1585499985.116716}, "device": "gpu", "nd_range": {"device_start": 1585499922.219876, "device_end": 1585499922.219885}, "cmdq": 0, "read": {"device_start": -1, "device_end": -1}}, "empty44": {"write": {"device_start": 1585499922.2038531, "host_queued_start": 1585499985.07593, "device_queued": 1585499922.2034705, "device_end": 1585499922.2038786, "host_queued_end": 1585499985.116716}, "device": "gpu", "nd_range": {"device_start": 1585499922.20389, "device_end": 1585499922.2038937}, "cmdq": 0, "read": {"device_start": -1, "device_end": -1}}, "coalesced_transpose21": {"write": {"device_start": -1, "host_queued_start": 1585499985.101282, "device_queued": -1, "device_end": -1, "host_queued_end": 1585499985.116716}, "device": "gpu", "nd_range": {"device_start": 1585499922.2198875, "device_end": 1585499922.2198958}, "cmdq": 0, "read": {"device_start": -1, "device_end": -1}}, "FFC_sans_bias36": {"write": {"device_start": 1585499922.2111886, "host_queued_start": 1585499985.08903, "device_queued": 1585499922.2051067, "device_end": 1585499922.211219, "host_queued_end": 1585499985.116716}, "device": "gpu", "nd_range": {"device_start": 1585499922.2112222, "device_end": 1585499922.211825}, "cmdq": 0, "read": {"device_start": -1, "device_end": -1}}, "softmax14": {"write": {"device_start": -1, "host_queued_start": 1585499985.105352, "device_queued": -1, "device_end": -1, "host_queued_end": 1585499985.116716}, "device": "gpu", "nd_range": {"device_start": 1585499922.2241397, "device_end": 1585499922.2243516}, "cmdq": 0, "read": {"device_start": -1, "device_end": -1}}, "FFC_sans_bias13": {"write": {"device_start": -1, "host_queued_start": 1585499985.103159, "device_queued": -1, "device_end": -1, "host_queued_end": 1585499985.116716}, "device": "gpu", "nd_range": {"device_start": 1585499922.2199461, "device_end": 1585499922.220537}, "cmdq": 0, "read": {"device_start": -1, "device_end": -1}}, "empty8": {"write": {"device_start": -1, "host_queued_start": 1585499985.118374, "device_queued": -1, "device_end": -1, "host_queued_end": 1585499985.12492}, "device": "cpu", "nd_range": {"device_start": 2167759.314463317, "device_end": 2167759.314474735}, "cmdq": 0, "read": {"device_start": -1, "device_end": -1}}, "FFC_sans_bias42": {"write": {"device_start": -1, "host_queued_start": 1585499985.108184, "device_queued": -1, "device_end": -1, "host_queued_end": 1585499985.116716}, "device": "gpu", "nd_range": {"device_start": 1585499922.22742, "device_end": 1585499922.2280161}, "cmdq": 0, "read": {"device_start": -1, "device_end": -1}}, "FFC_sans_bias43": {"write": {"device_start": 1585499922.2322366, "host_queued_start": 1585499985.113447, "device_queued": 1585499922.2077758, "device_end": 1585499922.2322598, "host_queued_end": 1585499985.116716}, "device": "gpu", "nd_range": {"device_start": 1585499922.2322643, "device_end": 1585499922.2328482}, "cmdq": 0, "read": {"device_start": 1585499922.232854, "device_end": 1585499922.232876}}, "FFC_sans_bias40": {"write": {"device_start": -1, "host_queued_start": 1585499985.104126, "device_queued": -1, "device_end": -1, "host_queued_end": 1585499985.116716}, "device": "gpu", "nd_range": {"device_start": 1585499922.2217422, "device_end": 1585499922.222342}, "cmdq": 0, "read": {"device_start": -1, "device_end": -1}}, "softmax32": {"write": {"device_start": -1, "host_queued_start": 1585499985.105855, "device_queued": -1, "device_end": -1, "host_queued_end": 1585499985.116716}, "device": "gpu", "nd_range": {"device_start": 1585499922.2245638, "device_end": 1585499922.2247732}, "cmdq": 0, "read": {"device_start": -1, "device_end": -1}}, "FFC_sans_bias47": {"write": {"device_start": 1585499922.2149456, "host_queued_start": 1585499985.094354, "device_queued": 1585499922.2055588, "device_end": 1585499922.2149694, "host_queued_end": 1585499985.116716}, "device": "gpu", "nd_range": {"device_start": 1585499922.214976, "device_end": 1585499922.215569}, "cmdq": 0, "read": {"device_start": -1, "device_end": -1}}, "FFC_sans_bias45": {"write": {"device_start": 1585499922.2135315, "host_queued_start": 1585499985.092228, "device_queued": 1585499922.205332, "device_end": 1585499922.2135558, "host_queued_end": 1585499985.116716}, "device": "gpu", "nd_range": {"device_start": 1585499922.213562, "device_end": 1585499922.2141635}, "cmdq": 0, "read": {"device_start": -1, "device_end": -1}}, "softmax50": {"write": {"device_start": -1, "host_queued_start": 1585499985.106366, "device_queued": -1, "device_end": -1, "host_queued_end": 1585499985.116716}, "device": "gpu", "nd_range": {"device_start": 1585499922.2249858, "device_end": 1585499922.2251954}, "cmdq": 0, "read": {"device_start": -1, "device_end": -1}}, "FFC_sans_bias33": {"write": {"device_start": -1, "host_queued_start": 1585499985.107861, "device_queued": -1, "device_end": -1, "host_queued_end": 1585499985.116716}, "device": "gpu", "nd_range": {"device_start": 1585499922.2268212, "device_end": 1585499922.227419}, "cmdq": 0, "read": {"device_start": -1, "device_end": -1}}, "FFC_sans_bias63": {"write": {"device_start": 1585499922.2192454, "host_queued_start": 1585499985.100638, "device_queued": 1585499922.2061436, "device_end": 1585499922.2192693, "host_queued_end": 1585499985.116716}, "device": "gpu", "nd_range": {"device_start": 1585499922.2192748, "device_end": 1585499922.2198749}, "cmdq": 0, "read": {"device_start": -1, "device_end": -1}}, "FFC_sans_bias49": {"write": {"device_start": -1, "host_queued_start": 1585499985.104446, "device_queued": -1, "device_end": -1, "host_queued_end": 1585499985.116716}, "device": "gpu", "nd_range": {"device_start": 1585499922.222343, "device_end": 1585499922.2229433}, "cmdq": 0, "read": {"device_start": -1, "device_end": -1}}, "FFC_sans_bias64": {"write": {"device_start": 1585499922.2178426, "host_queued_start": 1585499985.098549, "device_queued": 1585499922.205901, "device_end": 1585499922.2178662, "host_queued_end": 1585499985.116716}, "device": "gpu", "nd_range": {"device_start": 1585499922.217872, "device_end": 1585499922.218472}, "cmdq": 0, "read": {"device_start": -1, "device_end": -1}}, "FFC_sans_bias65": {"write": {"device_start": 1585499922.218545, "host_queued_start": 1585499985.099599, "device_queued": 1585499922.206103, "device_end": 1585499922.218569, "host_queued_end": 1585499985.116716}, "device": "gpu", "nd_range": {"device_start": 1585499922.218572, "device_end": 1585499922.2191708}, "cmdq": 0, "read": {"device_start": -1, "device_end": -1}}, "FFC_sans_bias67": {"write": {"device_start": -1, "host_queued_start": 1585499985.10509, "device_queued": -1, "device_end": -1, "host_queued_end": 1585499985.116716}, "device": "gpu", "nd_range": {"device_start": 1585499922.2235448, "device_end": 1585499922.2241383}, "cmdq": 0, "read": {"device_start": -1, "device_end": -1}}, "FFC_sans_bias24": {"write": {"device_start": -1, "host_queued_start": 1585499985.107536, "device_queued": -1, "device_end": -1, "host_queued_end": 1585499985.116716}, "device": "gpu", "nd_range": {"device_start": 1585499922.226221, "device_end": 1585499922.22682}, "cmdq": 0, "read": {"device_start": -1, "device_end": -1}}, "FFC_sans_bias25": {"write": {"device_start": 1585499922.2306905, "host_queued_start": 1585499985.111322, "device_queued": 1585499922.207551, "device_end": 1585499922.2307134, "host_queued_end": 1585499985.116716}, "device": "gpu", "nd_range": {"device_start": 1585499922.230718, "device_end": 1585499922.2313154}, "cmdq": 0, "read": {"device_start": 1585499922.231324, "device_end": 1585499922.2313464}}, "FFC_sans_bias27": {"write": {"device_start": 1585499922.208954, "host_queued_start": 1585499985.085876, "device_queued": 1585499922.2047737, "device_end": 1585499922.2089775, "host_queued_end": 1585499985.116716}, "device": "gpu", "nd_range": {"device_start": 1585499922.2089837, "device_end": 1585499922.209582}, "cmdq": 0, "read": {"device_start": -1, "device_end": -1}}, "FFC_sans_bias20": {"write": {"device_start": 1585499922.2082343, "host_queued_start": 1585499985.084838, "device_queued": 1585499922.204735, "device_end": 1585499922.2082589, "host_queued_end": 1585499985.116716}, "device": "gpu", "nd_range": {"device_start": 1585499922.2082627, "device_end": 1585499922.2088537}, "cmdq": 0, "read": {"device_start": -1, "device_end": -1}}, "FFC_sans_bias22": {"write": {"device_start": -1, "host_queued_start": 1585499985.103483, "device_queued": -1, "device_end": -1, "host_queued_end": 1585499985.116716}, "device": "gpu", "nd_range": {"device_start": 1585499922.220538, "device_end": 1585499922.2211392}, "cmdq": 0, "read": {"device_start": -1, "device_end": -1}}, "softmax68": {"write": {"device_start": -1, "host_queued_start": 1585499985.106897, "device_queued": -1, "device_end": -1, "host_queued_end": 1585499985.116716}, "device": "gpu", "nd_range": {"device_start": 1585499922.2254076, "device_end": 1585499922.225619}, "cmdq": 0, "read": {"device_start": -1, "device_end": -1}}, "softmax5": {"write": {"device_start": -1, "host_queued_start": 1585499985.123405, "device_queued": -1, "device_end": -1, "host_queued_end": 1585499985.12492}, "device": "cpu", "nd_range": {"device_start": 2167759.331241075, "device_end": 2167759.331389185}, "cmdq": 0, "read": {"device_start": -1, "device_end": -1}}, "FFC_sans_bias28": {"write": {"device_start": 1585499922.2096832, "host_queued_start": 1585499985.086948, "device_queued": 1585499922.2049232, "device_end": 1585499922.2097077, "host_queued_end": 1585499985.116716}, "device": "gpu", "nd_range": {"device_start": 1585499922.2097118, "device_end": 1585499922.2103045}, "cmdq": 0, "read": {"device_start": -1, "device_end": -1}}, "FFC_sans_bias29": {"write": {"device_start": 1585499922.2104135, "host_queued_start": 1585499985.087993, "device_queued": 1585499922.2049627, "device_end": 1585499922.2104375, "host_queued_end": 1585499985.116716}, "device": "gpu", "nd_range": {"device_start": 1585499922.210444, "device_end": 1585499922.2110474}, "cmdq": 0, "read": {"device_start": -1, "device_end": -1}}, "empty17": {"write": {"device_start": 1585499922.2033253, "host_queued_start": 1585499985.073184, "device_queued": 1585499922.2031958, "device_end": 1585499922.2033558, "host_queued_end": 1585499985.116716}, "device": "gpu", "nd_range": {"device_start": 1585499922.2033598, "device_end": 1585499922.2033746}, "cmdq": 0, "read": {"device_start": -1, "device_end": -1}}, "softmax59": {"write": {"device_start": -1, "host_queued_start": 1585499985.106625, "device_queued": -1, "device_end": -1, "host_queued_end": 1585499985.116716}, "device": "gpu", "nd_range": {"device_start": 1585499922.2251964, "device_end": 1585499922.2254062}, "cmdq": 0, "read": {"device_start": -1, "device_end": -1}}, "empty71": {"write": {"device_start": 1585499922.2044852, "host_queued_start": 1585499985.078372, "device_queued": 1585499922.2038503, "device_end": 1585499922.204511, "host_queued_end": 1585499985.116716}, "device": "gpu", "nd_range": {"device_start": 1585499922.2045193, "device_end": 1585499922.2045228}, "cmdq": 0, "read": {"device_start": -1, "device_end": -1}}, "empty35": {"write": {"device_start": 1585499922.2036715, "host_queued_start": 1585499985.075104, "device_queued": 1585499922.2034326, "device_end": 1585499922.203701, "host_queued_end": 1585499985.116716}, "device": "gpu", "nd_range": {"device_start": 1585499922.2037098, "device_end": 1585499922.2037134}, "cmdq": 0, "read": {"device_start": -1, "device_end": -1}}, "empty53": {"write": {"device_start": 1585499922.204002, "host_queued_start": 1585499985.076742, "device_queued": 1585499922.2037528, "device_end": 1585499922.2040346, "host_queued_end": 1585499985.116716}, "device": "gpu", "nd_range": {"device_start": 1585499922.2040417, "device_end": 1585499922.2040517}, "cmdq": 0, "read": {"device_start": -1, "device_end": -1}}, "FFC_sans_bias46": {"write": {"device_start": 1585499922.2142422, "host_queued_start": 1585499985.093276, "device_queued": 1585499922.2055113, "device_end": 1585499922.2142653, "host_queued_end": 1585499985.116716}, "device": "gpu", "nd_range": {"device_start": 1585499922.2142725, "device_end": 1585499922.2148712}, "cmdq": 0, "read": {"device_start": -1, "device_end": -1}}, "coalesced_transpose66": {"write": {"device_start": -1, "host_queued_start": 1585499985.102833, "device_queued": -1, "device_end": -1, "host_queued_end": 1585499985.116716}, "device": "gpu", "nd_range": {"device_start": 1585499922.2199364, "device_end": 1585499922.219945}, "cmdq": 0, "read": {"device_start": -1, "device_end": -1}}, "coalesced_transpose48": {"write": {"device_start": -1, "host_queued_start": 1585499985.102207, "device_queued": -1, "device_end": -1, "host_queued_end": 1585499985.116716}, "device": "gpu", "nd_range": {"device_start": 1585499922.2199166, "device_end": 1585499922.2199252}, "cmdq": 0, "read": {"device_start": -1, "device_end": -1}}}