{"FFC_sans_bias60": {"write": {"device_start": -1, "host_queued_start": 1585500290.809276, "device_queued": -1, "device_end": -1, "host_queued_end": 1585500290.816035}, "device": "gpu", "nd_range": {"device_start": 1585500227.9079666, "device_end": 1585500227.9089603}, "cmdq": 1, "read": {"device_start": -1, "device_end": -1}}, "FFC_sans_bias4": {"write": {"device_start": -1, "host_queued_start": 1585500290.827307, "device_queued": -1, "device_end": -1, "host_queued_end": 1585500290.831064}, "device": "cpu", "nd_range": {"device_start": 2168065.0509308563, "device_end": 2168065.056862602}, "cmdq": 2, "read": {"device_start": -1, "device_end": -1}}, "FFC_sans_bias7": {"write": {"device_start": -1, "host_queued_start": 1585500290.82997, "device_queued": -1, "device_end": -1, "host_queued_end": 1585500290.831064}, "device": "cpu", "nd_range": {"device_start": 2168065.081493405, "device_end": 2168065.0854884093}, "cmdq": 0, "read": {"device_start": -1, "device_end": -1}}, "FFC_sans_bias6": {"write": {"device_start": -1, "host_queued_start": 1585500290.828579, "device_queued": -1, "device_end": -1, "host_queued_end": 1585500290.831064}, "device": "cpu", "nd_range": {"device_start": 2168065.063162607, "device_end": 2168065.081486368}, "cmdq": 2, "read": {"device_start": -1, "device_end": -1}}, "FFC_sans_bias1": {"write": {"device_start": -1, "host_queued_start": 1585500290.821506, "device_queued": -1, "device_end": -1, "host_queued_end": 1585500290.831064}, "device": "cpu", "nd_range": {"device_start": 2168065.0208530873, "device_end": 2168065.036314506}, "cmdq": 3, "read": {"device_start": -1, "device_end": -1}}, "FFC_sans_bias0": {"write": {"device_start": -1, "host_queued_start": 1585500290.820073, "device_queued": -1, "device_end": -1, "host_queued_end": 1585500290.831064}, "device": "cpu", "nd_range": {"device_start": 2168065.020795254, "device_end": 2168065.038195487}, "cmdq": 2, "read": {"device_start": -1, "device_end": -1}}, "FFC_sans_bias2": {"write": {"device_start": -1, "host_queued_start": 1585500290.82279, "device_queued": -1, "device_end": -1, "host_queued_end": 1585500290.831064}, "device": "cpu", "nd_range": {"device_start": 2168065.020757011, "device_end": 2168065.0361881643}, "cmdq": 0, "read": {"device_start": -1, "device_end": -1}}, "FFC_sans_bias61": {"write": {"device_start": 1585500227.9109375, "host_queued_start": 1585500290.814837, "device_queued": 1585500227.8992016, "device_end": 1585500227.9109948, "host_queued_end": 1585500290.816035}, "device": "gpu", "nd_range": {"device_start": 1585500227.9110072, "device_end": 1585500227.9116042}, "cmdq": 1, "read": {"device_start": 1585500227.91161, "device_end": 1585500227.9116344}}, "FFC_sans_bias52": {"write": {"device_start": 1585500227.9111242, "host_queued_start": 1585500290.813792, "device_queued": 1585500227.8991559, "device_end": 1585500227.911151, "host_queued_end": 1585500290.816035}, "device": "gpu", "nd_range": {"device_start": 1585500227.9111533, "device_end": 1585500227.9125652}, "cmdq": 0, "read": {"device_start": 1585500227.9125695, "device_end": 1585500227.9125938}}, "FFC_sans_bias9": {"write": {"device_start": -1, "host_queued_start": 1585500290.823979, "device_queued": -1, "device_end": -1, "host_queued_end": 1585500290.831064}, "device": "cpu", "nd_range": {"device_start": 2168065.0207534223, "device_end": 2168065.036237561}, "cmdq": 1, "read": {"device_start": -1, "device_end": -1}}, "coalesced_transpose39": {"write": {"device_start": -1, "host_queued_start": 1585500290.803396, "device_queued": -1, "device_end": -1, "host_queued_end": 1585500290.816035}, "device": "gpu", "nd_range": {"device_start": 1585500227.9038672, "device_end": 1585500227.9047534}, "cmdq": 2, "read": {"device_start": -1, "device_end": -1}}, "FFC_sans_bias55": {"write": {"device_start": 1585500227.9010994, "host_queued_start": 1585500290.799324, "device_queued": 1585500227.896711, "device_end": 1585500227.9011254, "host_queued_end": 1585500290.816035}, "device": "gpu", "nd_range": {"device_start": 1585500227.9011323, "device_end": 1585500227.902424}, "cmdq": 2, "read": {"device_start": -1, "device_end": -1}}, "FFC_sans_bias54": {"write": {"device_start": 1585500227.9005928, "host_queued_start": 1585500290.798252, "device_queued": 1585500227.896675, "device_end": 1585500227.9006183, "host_queued_end": 1585500290.816035}, "device": "gpu", "nd_range": {"device_start": 1585500227.9006228, "device_end": 1585500227.9019067}, "cmdq": 1, "read": {"device_start": -1, "device_end": -1}}, "FFC_sans_bias56": {"write": {"device_start": 1585500227.9001334, "host_queued_start": 1585500290.797218, "device_queued": 1585500227.896522, "device_end": 1585500227.9001627, "host_queued_end": 1585500290.816035}, "device": "gpu", "nd_range": {"device_start": 1585500227.900175, "device_end": 1585500227.9014618}, "cmdq": 0, "read": {"device_start": -1, "device_end": -1}}, "FFC_sans_bias51": {"write": {"device_start": -1, "host_queued_start": 1585500290.808968, "device_queued": -1, "device_end": -1, "host_queued_end": 1585500290.816035}, "device": "gpu", "nd_range": {"device_start": 1585500227.907562, "device_end": 1585500227.9085298}, "cmdq": 0, "read": {"device_start": -1, "device_end": -1}}, "softmax23": {"write": {"device_start": -1, "host_queued_start": 1585500290.80644, "device_queued": -1, "device_end": -1, "host_queued_end": 1585500290.816035}, "device": "gpu", "nd_range": {"device_start": 1585500227.905358, "device_end": 1585500227.9066286}, "cmdq": 0, "read": {"device_start": -1, "device_end": -1}}, "FFC_sans_bias37": {"write": {"device_start": 1585500227.8977504, "host_queued_start": 1585500290.791967, "device_queued": 1585500227.8959684, "device_end": 1585500227.8977818, "host_queued_end": 1585500290.816035}, "device": "gpu", "nd_range": {"device_start": 1585500227.8977854, "device_end": 1585500227.8990378}, "cmdq": 1, "read": {"device_start": -1, "device_end": -1}}, "empty62": {"write": {"device_start": 1585500227.8948255, "host_queued_start": 1585500290.78274, "device_queued": 1585500227.8947265, "device_end": 1585500227.8949013, "host_queued_end": 1585500290.816035}, "device": "gpu", "nd_range": {"device_start": 1585500227.8949077, "device_end": 1585500227.8949132}, "cmdq": 1, "read": {"device_start": -1, "device_end": -1}}, "FFC_sans_bias70": {"write": {"device_start": 1585500227.9121895, "host_queued_start": 1585500290.815876, "device_queued": 1585500227.8992372, "device_end": 1585500227.9122138, "host_queued_end": 1585500290.816035}, "device": "gpu", "nd_range": {"device_start": 1585500227.9122179, "device_end": 1585500227.9130008}, "cmdq": 2, "read": {"device_start": 1585500227.9130073, "device_end": 1585500227.91303}}, "FFC_sans_bias58": {"write": {"device_start": -1, "host_queued_start": 1585500290.805864, "device_queued": -1, "device_end": -1, "host_queued_end": 1585500290.816035}, "device": "gpu", "nd_range": {"device_start": 1585500227.9048457, "device_end": 1585500227.9058127}, "cmdq": 1, "read": {"device_start": -1, "device_end": -1}}, "softmax41": {"write": {"device_start": -1, "host_queued_start": 1585500290.806975, "device_queued": -1, "device_end": -1, "host_queued_end": 1585500290.816035}, "device": "gpu", "nd_range": {"device_start": 1585500227.9069426, "device_end": 1585500227.9073265}, "cmdq": 2, "read": {"device_start": -1, "device_end": -1}}, "FFC_sans_bias11": {"write": {"device_start": -1, "host_queued_start": 1585500290.826265, "device_queued": -1, "device_end": -1, "host_queued_end": 1585500290.831064}, "device": "cpu", "nd_range": {"device_start": 2168065.0363352112, "device_end": 2168065.044109859}, "cmdq": 3, "read": {"device_start": -1, "device_end": -1}}, "FFC_sans_bias10": {"write": {"device_start": -1, "host_queued_start": 1585500290.825184, "device_queued": -1, "device_end": -1, "host_queued_end": 1585500290.831064}, "device": "cpu", "nd_range": {"device_start": 2168065.0403917823, "device_end": 2168065.050908149}, "cmdq": 2, "read": {"device_start": -1, "device_end": -1}}, "coalesced_transpose3": {"write": {"device_start": -1, "host_queued_start": 1585500290.826616, "device_queued": -1, "device_end": -1, "host_queued_end": 1585500290.831064}, "device": "cpu", "nd_range": {"device_start": 2168065.039782917, "device_end": 2168065.0400256133}, "cmdq": 0, "read": {"device_start": -1, "device_end": -1}}, "FFC_sans_bias34": {"write": {"device_start": 1585500227.9091153, "host_queued_start": 1585500290.81168, "device_queued": 1585500227.8988647, "device_end": 1585500227.9091465, "host_queued_end": 1585500290.816035}, "device": "gpu", "nd_range": {"device_start": 1585500227.9091523, "device_end": 1585500227.9104657}, "cmdq": 1, "read": {"device_start": 1585500227.9104733, "device_end": 1585500227.9104984}}, "FFC_sans_bias15": {"write": {"device_start": -1, "host_queued_start": 1585500290.828934, "device_queued": -1, "device_end": -1, "host_queued_end": 1585500290.831064}, "device": "cpu", "nd_range": {"device_start": 2168065.059683251, "device_end": 2168065.066420047}, "cmdq": 3, "read": {"device_start": -1, "device_end": -1}}, "FFC_sans_bias31": {"write": {"device_start": -1, "host_queued_start": 1585500290.804913, "device_queued": -1, "device_end": -1, "host_queued_end": 1585500290.816035}, "device": "gpu", "nd_range": {"device_start": 1585500227.9037654, "device_end": 1585500227.9048448}, "cmdq": 1, "read": {"device_start": -1, "device_end": -1}}, "FFC_sans_bias16": {"write": {"device_start": -1, "host_queued_start": 1585500290.830992, "device_queued": -1, "device_end": -1, "host_queued_end": 1585500290.831064}, "device": "cpu", "nd_range": {"device_start": 2168065.066661319, "device_end": 2168065.081487189}, "cmdq": 1, "read": {"device_start": -1, "device_end": -1}}, "FFC_sans_bias19": {"write": {"device_start": 1585500227.8952234, "host_queued_start": 1585500290.78557, "device_queued": 1585500227.8951216, "device_end": 1585500227.8952742, "host_queued_end": 1585500290.816035}, "device": "gpu", "nd_range": {"device_start": 1585500227.895282, "device_end": 1585500227.8960743}, "cmdq": 1, "read": {"device_start": -1, "device_end": -1}}, "FFC_sans_bias18": {"write": {"device_start": 1585500227.8950295, "host_queued_start": 1585500290.784527, "device_queued": 1585500227.8948143, "device_end": 1585500227.8950596, "host_queued_end": 1585500290.816035}, "device": "gpu", "nd_range": {"device_start": 1585500227.8950703, "device_end": 1585500227.8956733}, "cmdq": 0, "read": {"device_start": -1, "device_end": -1}}, "coalesced_transpose30": {"write": {"device_start": -1, "host_queued_start": 1585500290.803086, "device_queued": -1, "device_end": -1, "host_queued_end": 1585500290.816035}, "device": "gpu", "nd_range": {"device_start": 1585500227.9034014, "device_end": 1585500227.9037383}, "cmdq": 1, "read": {"device_start": -1, "device_end": -1}}, "FFC_sans_bias69": {"write": {"device_start": -1, "host_queued_start": 1585500290.80959, "device_queued": -1, "device_end": -1, "host_queued_end": 1585500290.816035}, "device": "gpu", "nd_range": {"device_start": 1585500227.9095154, "device_end": 1585500227.9109046}, "cmdq": 2, "read": {"device_start": -1, "device_end": -1}}, "FFC_sans_bias38": {"write": {"device_start": 1585500227.8981874, "host_queued_start": 1585500290.793012, "device_queued": 1585500227.8959925, "device_end": 1585500227.8982189, "host_queued_end": 1585500290.816035}, "device": "gpu", "nd_range": {"device_start": 1585500227.8982215, "device_end": 1585500227.8995268}, "cmdq": 2, "read": {"device_start": -1, "device_end": -1}}, "coalesced_transpose57": {"write": {"device_start": -1, "host_queued_start": 1585500290.803994, "device_queued": -1, "device_end": -1, "host_queued_end": 1585500290.816035}, "device": "gpu", "nd_range": {"device_start": 1585500227.9037464, "device_end": 1585500227.9037638}, "cmdq": 1, "read": {"device_start": -1, "device_end": -1}}, "empty26": {"write": {"device_start": 1585500227.8943036, "host_queued_start": 1585500290.779175, "device_queued": 1585500227.894161, "device_end": 1585500227.8943315, "host_queued_end": 1585500290.816035}, "device": "gpu", "nd_range": {"device_start": 1585500227.8943346, "device_end": 1585500227.894339}, "cmdq": 0, "read": {"device_start": -1, "device_end": -1}}, "coalesced_transpose12": {"write": {"device_start": -1, "host_queued_start": 1585500290.826956, "device_queued": -1, "device_end": -1, "host_queued_end": 1585500290.831064}, "device": "cpu", "nd_range": {"device_start": 2168065.05092624, "device_end": 2168065.05117448}, "cmdq": 1, "read": {"device_start": -1, "device_end": -1}}, "empty44": {"write": {"device_start": 1585500227.8945525, "host_queued_start": 1585500290.781063, "device_queued": 1585500227.89436, "device_end": 1585500227.8946228, "host_queued_end": 1585500290.816035}, "device": "gpu", "nd_range": {"device_start": 1585500227.8946302, "device_end": 1585500227.8946342}, "cmdq": 2, "read": {"device_start": -1, "device_end": -1}}, "coalesced_transpose21": {"write": {"device_start": -1, "host_queued_start": 1585500290.802786, "device_queued": -1, "device_end": -1, "host_queued_end": 1585500290.816035}, "device": "gpu", "nd_range": {"device_start": 1585500227.9028876, "device_end": 1585500227.9037147}, "cmdq": 0, "read": {"device_start": -1, "device_end": -1}}, "FFC_sans_bias36": {"write": {"device_start": 1585500227.8971817, "host_queued_start": 1585500290.790947, "device_queued": 1585500227.8956296, "device_end": 1585500227.897213, "host_queued_end": 1585500290.816035}, "device": "gpu", "nd_range": {"device_start": 1585500227.8972166, "device_end": 1585500227.898574}, "cmdq": 0, "read": {"device_start": -1, "device_end": -1}}, "softmax14": {"write": {"device_start": -1, "host_queued_start": 1585500290.828232, "device_queued": -1, "device_end": -1, "host_queued_end": 1585500290.831064}, "device": "cpu", "nd_range": {"device_start": 2168065.0594074694, "device_end": 2168065.0595484083}, "cmdq": 1, "read": {"device_start": -1, "device_end": -1}}, "FFC_sans_bias13": {"write": {"device_start": -1, "host_queued_start": 1585500290.827668, "device_queued": -1, "device_end": -1, "host_queued_end": 1585500290.831064}, "device": "cpu", "nd_range": {"device_start": 2168065.0512956562, "device_end": 2168065.0593880643}, "cmdq": 3, "read": {"device_start": -1, "device_end": -1}}, "empty8": {"write": {"device_start": -1, "host_queued_start": 1585500290.817561, "device_queued": -1, "device_end": -1, "host_queued_end": 1585500290.831064}, "device": "cpu", "nd_range": {"device_start": 2168065.02071923, "device_end": 2168065.020730189}, "cmdq": 0, "read": {"device_start": -1, "device_end": -1}}, "FFC_sans_bias42": {"write": {"device_start": -1, "host_queued_start": 1585500290.808656, "device_queued": -1, "device_end": -1, "host_queued_end": 1585500290.816035}, "device": "gpu", "nd_range": {"device_start": 1585500227.9081414, "device_end": 1585500227.9095144}, "cmdq": 2, "read": {"device_start": -1, "device_end": -1}}, "FFC_sans_bias43": {"write": {"device_start": 1585500227.9110188, "host_queued_start": 1585500290.812735, "device_queued": 1585500227.8988934, "device_end": 1585500227.9110446, "host_queued_end": 1585500290.816035}, "device": "gpu", "nd_range": {"device_start": 1585500227.9110475, "device_end": 1585500227.9120219}, "cmdq": 2, "read": {"device_start": 1585500227.912026, "device_end": 1585500227.91205}}, "FFC_sans_bias40": {"write": {"device_start": -1, "host_queued_start": 1585500290.805228, "device_queued": -1, "device_end": -1, "host_queued_end": 1585500290.816035}, "device": "gpu", "nd_range": {"device_start": 1585500227.9051921, "device_end": 1585500227.906342}, "cmdq": 2, "read": {"device_start": -1, "device_end": -1}}, "softmax32": {"write": {"device_start": -1, "host_queued_start": 1585500290.806724, "device_queued": -1, "device_end": -1, "host_queued_end": 1585500290.816035}, "device": "gpu", "nd_range": {"device_start": 1585500227.9058144, "device_end": 1585500227.906623}, "cmdq": 1, "read": {"device_start": -1, "device_end": -1}}, "FFC_sans_bias47": {"write": {"device_start": 1585500227.8996425, "host_queued_start": 1585500290.796181, "device_queued": 1585500227.896354, "device_end": 1585500227.8996687, "host_queued_end": 1585500290.816035}, "device": "gpu", "nd_range": {"device_start": 1585500227.8996742, "device_end": 1585500227.9009895}, "cmdq": 2, "read": {"device_start": -1, "device_end": -1}}, "FFC_sans_bias45": {"write": {"device_start": 1585500227.898694, "host_queued_start": 1585500290.794062, "device_queued": 1585500227.8962607, "device_end": 1585500227.898728, "host_queued_end": 1585500290.816035}, "device": "gpu", "nd_range": {"device_start": 1585500227.8987324, "device_end": 1585500227.900031}, "cmdq": 0, "read": {"device_start": -1, "device_end": -1}}, "softmax50": {"write": {"device_start": -1, "host_queued_start": 1585500290.807231, "device_queued": -1, "device_end": -1, "host_queued_end": 1585500290.816035}, "device": "gpu", "nd_range": {"device_start": 1585500227.9066303, "device_end": 1585500227.9069567}, "cmdq": 0, "read": {"device_start": -1, "device_end": -1}}, "FFC_sans_bias33": {"write": {"device_start": -1, "host_queued_start": 1585500290.808344, "device_queued": -1, "device_end": -1, "host_queued_end": 1585500290.816035}, "device": "gpu", "nd_range": {"device_start": 1585500227.9069622, "device_end": 1585500227.9079654}, "cmdq": 1, "read": {"device_start": -1, "device_end": -1}}, "FFC_sans_bias63": {"write": {"device_start": 1585500227.9025393, "host_queued_start": 1585500290.802431, "device_queued": 1585500227.8970194, "device_end": 1585500227.9025667, "host_queued_end": 1585500290.816035}, "device": "gpu", "nd_range": {"device_start": 1585500227.9025714, "device_end": 1585500227.9038632}, "cmdq": 2, "read": {"device_start": -1, "device_end": -1}}, "FFC_sans_bias49": {"write": {"device_start": -1, "host_queued_start": 1585500290.805547, "device_queued": -1, "device_end": -1, "host_queued_end": 1585500290.816035}, "device": "gpu", "nd_range": {"device_start": 1585500227.9043698, "device_end": 1585500227.9053571}, "cmdq": 0, "read": {"device_start": -1, "device_end": -1}}, "FFC_sans_bias64": {"write": {"device_start": 1585500227.9015727, "host_queued_start": 1585500290.800365, "device_queued": 1585500227.8969438, "device_end": 1585500227.9015994, "host_queued_end": 1585500290.816035}, "device": "gpu", "nd_range": {"device_start": 1585500227.9016044, "device_end": 1585500227.9028862}, "cmdq": 0, "read": {"device_start": -1, "device_end": -1}}, "FFC_sans_bias65": {"write": {"device_start": 1585500227.9020162, "host_queued_start": 1585500290.801405, "device_queued": 1585500227.8969975, "device_end": 1585500227.9020426, "host_queued_end": 1585500290.816035}, "device": "gpu", "nd_range": {"device_start": 1585500227.9020488, "device_end": 1585500227.9033997}, "cmdq": 1, "read": {"device_start": -1, "device_end": -1}}, "FFC_sans_bias67": {"write": {"device_start": -1, "host_queued_start": 1585500290.806179, "device_queued": -1, "device_end": -1, "host_queued_end": 1585500290.816035}, "device": "gpu", "nd_range": {"device_start": 1585500227.9063432, "device_end": 1585500227.906941}, "cmdq": 2, "read": {"device_start": -1, "device_end": -1}}, "FFC_sans_bias24": {"write": {"device_start": -1, "host_queued_start": 1585500290.80803, "device_queued": -1, "device_end": -1, "host_queued_end": 1585500290.816035}, "device": "gpu", "nd_range": {"device_start": 1585500227.9069579, "device_end": 1585500227.9075608}, "cmdq": 0, "read": {"device_start": -1, "device_end": -1}}, "FFC_sans_bias25": {"write": {"device_start": 1585500227.9086814, "host_queued_start": 1585500290.810635, "device_queued": 1585500227.8986633, "device_end": 1585500227.90871, "host_queued_end": 1585500290.816035}, "device": "gpu", "nd_range": {"device_start": 1585500227.908713, "device_end": 1585500227.9099517}, "cmdq": 0, "read": {"device_start": 1585500227.9099545, "device_end": 1585500227.9099865}}, "FFC_sans_bias27": {"write": {"device_start": 1585500227.895823, "host_queued_start": 1585500290.787812, "device_queued": 1585500227.8953962, "device_end": 1585500227.8958535, "host_queued_end": 1585500290.816035}, "device": "gpu", "nd_range": {"device_start": 1585500227.8958573, "device_end": 1585500227.8970642}, "cmdq": 0, "read": {"device_start": -1, "device_end": -1}}, "FFC_sans_bias20": {"write": {"device_start": 1585500227.8953164, "host_queued_start": 1585500290.786645, "device_queued": 1585500227.8951578, "device_end": 1585500227.8953457, "host_queued_end": 1585500290.816035}, "device": "gpu", "nd_range": {"device_start": 1585500227.895348, "device_end": 1585500227.8966491}, "cmdq": 2, "read": {"device_start": -1, "device_end": -1}}, "FFC_sans_bias22": {"write": {"device_start": -1, "host_queued_start": 1585500290.804603, "device_queued": -1, "device_end": -1, "host_queued_end": 1585500290.816035}, "device": "gpu", "nd_range": {"device_start": 1585500227.9037528, "device_end": 1585500227.9043686}, "cmdq": 0, "read": {"device_start": -1, "device_end": -1}}, "softmax68": {"write": {"device_start": -1, "host_queued_start": 1585500290.807721, "device_queued": -1, "device_end": -1, "host_queued_end": 1585500290.816035}, "device": "gpu", "nd_range": {"device_start": 1585500227.9073277, "device_end": 1585500227.90814}, "cmdq": 2, "read": {"device_start": -1, "device_end": -1}}, "softmax5": {"write": {"device_start": -1, "host_queued_start": 1585500290.827951, "device_queued": -1, "device_end": -1, "host_queued_end": 1585500290.831064}, "device": "cpu", "nd_range": {"device_start": 2168065.0629469203, "device_end": 2168065.063154058}, "cmdq": 0, "read": {"device_start": -1, "device_end": -1}}, "FFC_sans_bias28": {"write": {"device_start": 1585500227.8962064, "host_queued_start": 1585500290.788852, "device_queued": 1585500227.8954535, "device_end": 1585500227.8962388, "host_queued_end": 1585500290.816035}, "device": "gpu", "nd_range": {"device_start": 1585500227.896243, "device_end": 1585500227.897618}, "cmdq": 1, "read": {"device_start": -1, "device_end": -1}}, "FFC_sans_bias29": {"write": {"device_start": 1585500227.8967838, "host_queued_start": 1585500290.789889, "device_queued": 1585500227.8954773, "device_end": 1585500227.8968155, "host_queued_end": 1585500290.816035}, "device": "gpu", "nd_range": {"device_start": 1585500227.8968198, "device_end": 1585500227.898057}, "cmdq": 2, "read": {"device_start": -1, "device_end": -1}}, "empty17": {"write": {"device_start": -1, "host_queued_start": 1585500290.818826, "device_queued": -1, "device_end": -1, "host_queued_end": 1585500290.831064}, "device": "cpu", "nd_range": {"device_start": 2168065.020722278, "device_end": 2168065.0207302133}, "cmdq": 1, "read": {"device_start": -1, "device_end": -1}}, "softmax59": {"write": {"device_start": -1, "host_queued_start": 1585500290.807476, "device_queued": -1, "device_end": -1, "host_queued_end": 1585500290.816035}, "device": "gpu", "nd_range": {"device_start": 1585500227.9066238, "device_end": 1585500227.906961}, "cmdq": 1, "read": {"device_start": -1, "device_end": -1}}, "empty71": {"write": {"device_start": 1585500227.8949313, "host_queued_start": 1585500290.783551, "device_queued": 1585500227.8947535, "device_end": 1585500227.8950024, "host_queued_end": 1585500290.816035}, "device": "gpu", "nd_range": {"device_start": 1585500227.8950083, "device_end": 1585500227.8950126}, "cmdq": 2, "read": {"device_start": -1, "device_end": -1}}, "empty35": {"write": {"device_start": 1585500227.894456, "host_queued_start": 1585500290.780221, "device_queued": 1585500227.8943353, "device_end": 1585500227.8945317, "host_queued_end": 1585500290.816035}, "device": "gpu", "nd_range": {"device_start": 1585500227.894538, "device_end": 1585500227.8945448}, "cmdq": 1, "read": {"device_start": -1, "device_end": -1}}, "empty53": {"write": {"device_start": 1585500227.894638, "host_queued_start": 1585500290.781907, "device_queued": 1585500227.8944244, "device_end": 1585500227.8946633, "host_queued_end": 1585500290.816035}, "device": "gpu", "nd_range": {"device_start": 1585500227.894674, "device_end": 1585500227.8946774}, "cmdq": 0, "read": {"device_start": -1, "device_end": -1}}, "FFC_sans_bias46": {"write": {"device_start": 1585500227.8991518, "host_queued_start": 1585500290.795132, "device_queued": 1585500227.8963284, "device_end": 1585500227.899178, "host_queued_end": 1585500290.816035}, "device": "gpu", "nd_range": {"device_start": 1585500227.8991847, "device_end": 1585500227.9004827}, "cmdq": 1, "read": {"device_start": -1, "device_end": -1}}, "coalesced_transpose66": {"write": {"device_start": -1, "host_queued_start": 1585500290.80429, "device_queued": -1, "device_end": -1, "host_queued_end": 1585500290.816035}, "device": "gpu", "nd_range": {"device_start": 1585500227.9047632, "device_end": 1585500227.9051905}, "cmdq": 2, "read": {"device_start": -1, "device_end": -1}}, "coalesced_transpose48": {"write": {"device_start": -1, "host_queued_start": 1585500290.803693, "device_queued": -1, "device_end": -1, "host_queued_end": 1585500290.816035}, "device": "gpu", "nd_range": {"device_start": 1585500227.903721, "device_end": 1585500227.9037519}, "cmdq": 0, "read": {"device_start": -1, "device_end": -1}}}