{"FFC_sans_bias60": {"write": {"device_start": -1, "host_queued_start": 1585500001.864546, "device_queued": -1, "device_end": -1, "host_queued_end": 1585500001.871704}, "device": "cpu", "nd_range": {"device_start": 2167776.231055124, "device_end": 2167776.244012156}, "cmdq": 1, "read": {"device_start": -1, "device_end": -1}}, "FFC_sans_bias4": {"write": {"device_start": -1, "host_queued_start": 1585500001.85796, "device_queued": -1, "device_end": -1, "host_queued_end": 1585500001.871704}, "device": "cpu", "nd_range": {"device_start": 2167776.156426552, "device_end": 2167776.165079084}, "cmdq": 1, "read": {"device_start": -1, "device_end": -1}}, "FFC_sans_bias7": {"write": {"device_start": -1, "host_queued_start": 1585500001.865607, "device_queued": -1, "device_end": -1, "host_queued_end": 1585500001.871704}, "device": "cpu", "nd_range": {"device_start": 2167776.2419424993, "device_end": 2167776.252601953}, "cmdq": 0, "read": {"device_start": -1, "device_end": -1}}, "FFC_sans_bias6": {"write": {"device_start": -1, "host_queued_start": 1585500001.862448, "device_queued": -1, "device_end": -1, "host_queued_end": 1585500001.871704}, "device": "cpu", "nd_range": {"device_start": 2167776.194668487, "device_end": 2167776.209260275}, "cmdq": 1, "read": {"device_start": -1, "device_end": -1}}, "FFC_sans_bias1": {"write": {"device_start": -1, "host_queued_start": 1585500001.835176, "device_queued": -1, "device_end": -1, "host_queued_end": 1585500001.871704}, "device": "cpu", "nd_range": {"device_start": 2167776.061373934, "device_end": 2167776.0704952553}, "cmdq": 0, "read": {"device_start": -1, "device_end": -1}}, "FFC_sans_bias0": {"write": {"device_start": -1, "host_queued_start": 1585500001.834093, "device_queued": -1, "device_end": -1, "host_queued_end": 1585500001.871704}, "device": "cpu", "nd_range": {"device_start": 2167776.0613671723, "device_end": 2167776.068918868}, "cmdq": 1, "read": {"device_start": -1, "device_end": -1}}, "FFC_sans_bias2": {"write": {"device_start": -1, "host_queued_start": 1585500001.836229, "device_queued": -1, "device_end": -1, "host_queued_end": 1585500001.871704}, "device": "cpu", "nd_range": {"device_start": 2167776.069049355, "device_end": 2167776.0757279983}, "cmdq": 1, "read": {"device_start": -1, "device_end": -1}}, "FFC_sans_bias61": {"write": {"device_start": -1, "host_queued_start": 1585500001.871659, "device_queued": -1, "device_end": -1, "host_queued_end": 1585500001.871704}, "device": "cpu", "nd_range": {"device_start": 2167776.268366685, "device_end": 2167776.2782081473}, "cmdq": 0, "read": {"device_start": -1, "device_end": -1}}, "FFC_sans_bias52": {"write": {"device_start": -1, "host_queued_start": 1585500001.87066, "device_queued": -1, "device_end": -1, "host_queued_end": 1585500001.871704}, "device": "cpu", "nd_range": {"device_start": 2167776.2678997163, "device_end": 2167776.2786695743}, "cmdq": 1, "read": {"device_start": -1, "device_end": -1}}, "FFC_sans_bias9": {"write": {"device_start": -1, "host_queued_start": 1585500001.837302, "device_queued": -1, "device_end": -1, "host_queued_end": 1585500001.871704}, "device": "cpu", "nd_range": {"device_start": 2167776.07060457, "device_end": 2167776.078235982}, "cmdq": 0, "read": {"device_start": -1, "device_end": -1}}, "coalesced_transpose39": {"write": {"device_start": -1, "host_queued_start": 1585500001.856958, "device_queued": -1, "device_end": -1, "host_queued_end": 1585500001.871704}, "device": "cpu", "nd_range": {"device_start": 2167776.15676681, "device_end": 2167776.157017543}, "cmdq": 0, "read": {"device_start": -1, "device_end": -1}}, "FFC_sans_bias55": {"write": {"device_start": -1, "host_queued_start": 1585500001.855281, "device_queued": -1, "device_end": -1, "host_queued_end": 1585500001.871704}, "device": "cpu", "nd_range": {"device_start": 2167776.131500603, "device_end": 2167776.1381839593}, "cmdq": 1, "read": {"device_start": -1, "device_end": -1}}, "FFC_sans_bias54": {"write": {"device_start": -1, "host_queued_start": 1585500001.854214, "device_queued": -1, "device_end": -1, "host_queued_end": 1585500001.871704}, "device": "cpu", "nd_range": {"device_start": 2167776.150963004, "device_end": 2167776.156218593}, "cmdq": 0, "read": {"device_start": -1, "device_end": -1}}, "FFC_sans_bias56": {"write": {"device_start": -1, "host_queued_start": 1585500001.853166, "device_queued": -1, "device_end": -1, "host_queued_end": 1585500001.871704}, "device": "cpu", "nd_range": {"device_start": 2167776.123731752, "device_end": 2167776.13137297}, "cmdq": 1, "read": {"device_start": -1, "device_end": -1}}, "FFC_sans_bias51": {"write": {"device_start": -1, "host_queued_start": 1585500001.864202, "device_queued": -1, "device_end": -1, "host_queued_end": 1585500001.871704}, "device": "cpu", "nd_range": {"device_start": 2167776.232817776, "device_end": 2167776.2419347633}, "cmdq": 0, "read": {"device_start": -1, "device_end": -1}}, "softmax23": {"write": {"device_start": -1, "host_queued_start": 1585500001.860969, "device_queued": -1, "device_end": -1, "host_queued_end": 1585500001.871704}, "device": "cpu", "nd_range": {"device_start": 2167776.189242897, "device_end": 2167776.1894535134}, "cmdq": 0, "read": {"device_start": -1, "device_end": -1}}, "FFC_sans_bias37": {"write": {"device_start": -1, "host_queued_start": 1585500001.847886, "device_queued": -1, "device_end": -1, "host_queued_end": 1585500001.871704}, "device": "cpu", "nd_range": {"device_start": 2167776.132940669, "device_end": 2167776.139852072}, "cmdq": 0, "read": {"device_start": -1, "device_end": -1}}, "empty62": {"write": {"device_start": -1, "host_queued_start": 1585500001.833145, "device_queued": -1, "device_end": -1, "host_queued_end": 1585500001.871704}, "device": "cpu", "nd_range": {"device_start": 2167776.061368445, "device_end": 2167776.061369048}, "cmdq": 0, "read": {"device_start": -1, "device_end": -1}}, "FFC_sans_bias70": {"write": {"device_start": 1585499938.9162295, "host_queued_start": 1585500001.826348, "device_queued": 1585499938.9130194, "device_end": 1585499938.916253, "host_queued_end": 1585500001.826448}, "device": "gpu", "nd_range": {"device_start": 1585499938.916261, "device_end": 1585499938.916857}, "cmdq": 0, "read": {"device_start": 1585499938.9168584, "device_end": 1585499938.9168837}}, "FFC_sans_bias58": {"write": {"device_start": -1, "host_queued_start": 1585500001.860112, "device_queued": -1, "device_end": -1, "host_queued_end": 1585500001.871704}, "device": "cpu", "nd_range": {"device_start": 2167776.188130231, "device_end": 2167776.193668224}, "cmdq": 1, "read": {"device_start": -1, "device_end": -1}}, "softmax41": {"write": {"device_start": -1, "host_queued_start": 1585500001.861514, "device_queued": -1, "device_end": -1, "host_queued_end": 1585500001.871704}, "device": "cpu", "nd_range": {"device_start": 2167776.189560959, "device_end": 2167776.189765444}, "cmdq": 0, "read": {"device_start": -1, "device_end": -1}}, "FFC_sans_bias11": {"write": {"device_start": -1, "host_queued_start": 1585500001.83943, "device_queued": -1, "device_end": -1, "host_queued_end": 1585500001.871704}, "device": "cpu", "nd_range": {"device_start": 2167776.082769962, "device_end": 2167776.090457653}, "cmdq": 0, "read": {"device_start": -1, "device_end": -1}}, "FFC_sans_bias10": {"write": {"device_start": -1, "host_queued_start": 1585500001.838347, "device_queued": -1, "device_end": -1, "host_queued_end": 1585500001.871704}, "device": "cpu", "nd_range": {"device_start": 2167776.075843762, "device_end": 2167776.082081384}, "cmdq": 1, "read": {"device_start": -1, "device_end": -1}}, "coalesced_transpose3": {"write": {"device_start": -1, "host_queued_start": 1585500001.855619, "device_queued": -1, "device_end": -1, "host_queued_end": 1585500001.871704}, "device": "cpu", "nd_range": {"device_start": 2167776.1562232543, "device_end": 2167776.1564175333}, "cmdq": 0, "read": {"device_start": -1, "device_end": -1}}, "FFC_sans_bias34": {"write": {"device_start": -1, "host_queued_start": 1585500001.868596, "device_queued": -1, "device_end": -1, "host_queued_end": 1585500001.871704}, "device": "cpu", "nd_range": {"device_start": 2167776.252607013, "device_end": 2167776.2678955602}, "cmdq": 1, "read": {"device_start": -1, "device_end": -1}}, "FFC_sans_bias15": {"write": {"device_start": -1, "host_queued_start": 1585500001.862813, "device_queued": -1, "device_end": -1, "host_queued_end": 1585500001.871704}, "device": "cpu", "nd_range": {"device_start": 2167776.194949308, "device_end": 2167776.209296903}, "cmdq": 0, "read": {"device_start": -1, "device_end": -1}}, "FFC_sans_bias31": {"write": {"device_start": -1, "host_queued_start": 1585500001.859079, "device_queued": -1, "device_end": -1, "host_queued_end": 1585500001.871704}, "device": "cpu", "nd_range": {"device_start": 2167776.167663853, "device_end": 2167776.178446967}, "cmdq": 0, "read": {"device_start": -1, "device_end": -1}}, "FFC_sans_bias16": {"write": {"device_start": -1, "host_queued_start": 1585500001.866609, "device_queued": -1, "device_end": -1, "host_queued_end": 1585500001.871704}, "device": "cpu", "nd_range": {"device_start": 2167776.244140741, "device_end": 2167776.252601968}, "cmdq": 1, "read": {"device_start": -1, "device_end": -1}}, "FFC_sans_bias19": {"write": {"device_start": -1, "host_queued_start": 1585500001.841518, "device_queued": -1, "device_end": -1, "host_queued_end": 1585500001.871704}, "device": "cpu", "nd_range": {"device_start": 2167776.098277626, "device_end": 2167776.104931701}, "cmdq": 0, "read": {"device_start": -1, "device_end": -1}}, "FFC_sans_bias18": {"write": {"device_start": -1, "host_queued_start": 1585500001.840475, "device_queued": -1, "device_end": -1, "host_queued_end": 1585500001.871704}, "device": "cpu", "nd_range": {"device_start": 2167776.08208821, "device_end": 2167776.089987161}, "cmdq": 1, "read": {"device_start": -1, "device_end": -1}}, "coalesced_transpose30": {"write": {"device_start": -1, "host_queued_start": 1585500001.856613, "device_queued": -1, "device_end": -1, "host_queued_end": 1585500001.871704}, "device": "cpu", "nd_range": {"device_start": 2167776.1386804823, "device_end": 2167776.138933516}, "cmdq": 1, "read": {"device_start": -1, "device_end": -1}}, "FFC_sans_bias69": {"write": {"device_start": -1, "host_queued_start": 1585500001.825335, "device_queued": -1, "device_end": -1, "host_queued_end": 1585500001.826448}, "device": "gpu", "nd_range": {"device_start": 1585499938.915518, "device_end": 1585499938.9161162}, "cmdq": 0, "read": {"device_start": -1, "device_end": -1}}, "FFC_sans_bias38": {"write": {"device_start": -1, "host_queued_start": 1585500001.848944, "device_queued": -1, "device_end": -1, "host_queued_end": 1585500001.871704}, "device": "cpu", "nd_range": {"device_start": 2167776.10904333, "device_end": 2167776.116695852}, "cmdq": 1, "read": {"device_start": -1, "device_end": -1}}, "coalesced_transpose57": {"write": {"device_start": -1, "host_queued_start": 1585500001.857616, "device_queued": -1, "device_end": -1, "host_queued_end": 1585500001.871704}, "device": "cpu", "nd_range": {"device_start": 2167776.157129656, "device_end": 2167776.157380796}, "cmdq": 0, "read": {"device_start": -1, "device_end": -1}}, "empty26": {"write": {"device_start": -1, "host_queued_start": 1585500001.829757, "device_queued": -1, "device_end": -1, "host_queued_end": 1585500001.871704}, "device": "cpu", "nd_range": {"device_start": 2167776.0613547224, "device_end": 2167776.061355722}, "cmdq": 0, "read": {"device_start": -1, "device_end": -1}}, "coalesced_transpose12": {"write": {"device_start": -1, "host_queued_start": 1585500001.855952, "device_queued": -1, "device_end": -1, "host_queued_end": 1585500001.871704}, "device": "cpu", "nd_range": {"device_start": 2167776.1383026564, "device_end": 2167776.138564404}, "cmdq": 1, "read": {"device_start": -1, "device_end": -1}}, "empty44": {"write": {"device_start": -1, "host_queued_start": 1585500001.831536, "device_queued": -1, "device_end": -1, "host_queued_end": 1585500001.871704}, "device": "cpu", "nd_range": {"device_start": 2167776.0613625282, "device_end": 2167776.061363237}, "cmdq": 0, "read": {"device_start": -1, "device_end": -1}}, "coalesced_transpose21": {"write": {"device_start": -1, "host_queued_start": 1585500001.856274, "device_queued": -1, "device_end": -1, "host_queued_end": 1585500001.871704}, "device": "cpu", "nd_range": {"device_start": 2167776.15643044, "device_end": 2167776.156641647}, "cmdq": 0, "read": {"device_start": -1, "device_end": -1}}, "FFC_sans_bias36": {"write": {"device_start": -1, "host_queued_start": 1585500001.846842, "device_queued": -1, "device_end": -1, "host_queued_end": 1585500001.871704}, "device": "cpu", "nd_range": {"device_start": 2167776.103315696, "device_end": 2167776.10891589}, "cmdq": 1, "read": {"device_start": -1, "device_end": -1}}, "softmax14": {"write": {"device_start": -1, "host_queued_start": 1585500001.860678, "device_queued": -1, "device_end": -1, "host_queued_end": 1585500001.871704}, "device": "cpu", "nd_range": {"device_start": 2167776.193723921, "device_end": 2167776.1940466673}, "cmdq": 1, "read": {"device_start": -1, "device_end": -1}}, "FFC_sans_bias13": {"write": {"device_start": -1, "host_queued_start": 1585500001.858309, "device_queued": -1, "device_end": -1, "host_queued_end": 1585500001.871704}, "device": "cpu", "nd_range": {"device_start": 2167776.157491451, "device_end": 2167776.167551856}, "cmdq": 0, "read": {"device_start": -1, "device_end": -1}}, "empty8": {"write": {"device_start": -1, "host_queued_start": 1585500001.827706, "device_queued": -1, "device_end": -1, "host_queued_end": 1585500001.871704}, "device": "cpu", "nd_range": {"device_start": 2167776.061322729, "device_end": 2167776.061334432}, "cmdq": 0, "read": {"device_start": -1, "device_end": -1}}, "FFC_sans_bias42": {"write": {"device_start": -1, "host_queued_start": 1585500001.863858, "device_queued": -1, "device_end": -1, "host_queued_end": 1585500001.871704}, "device": "cpu", "nd_range": {"device_start": 2167776.222948947, "device_end": 2167776.231025368}, "cmdq": 1, "read": {"device_start": -1, "device_end": -1}}, "FFC_sans_bias43": {"write": {"device_start": -1, "host_queued_start": 1585500001.869588, "device_queued": -1, "device_end": -1, "host_queued_end": 1585500001.871704}, "device": "cpu", "nd_range": {"device_start": 2167776.260281025, "device_end": 2167776.26836302}, "cmdq": 0, "read": {"device_start": -1, "device_end": -1}}, "FFC_sans_bias40": {"write": {"device_start": -1, "host_queued_start": 1585500001.859426, "device_queued": -1, "device_end": -1, "host_queued_end": 1585500001.871704}, "device": "cpu", "nd_range": {"device_start": 2167776.1756236833, "device_end": 2167776.1881217}, "cmdq": 1, "read": {"device_start": -1, "device_end": -1}}, "softmax32": {"write": {"device_start": -1, "host_queued_start": 1585500001.861242, "device_queued": -1, "device_end": -1, "host_queued_end": 1585500001.871704}, "device": "cpu", "nd_range": {"device_start": 2167776.1940619983, "device_end": 2167776.1943535423}, "cmdq": 1, "read": {"device_start": -1, "device_end": -1}}, "FFC_sans_bias47": {"write": {"device_start": -1, "host_queued_start": 1585500001.852124, "device_queued": -1, "device_end": -1, "host_queued_end": 1585500001.871704}, "device": "cpu", "nd_range": {"device_start": 2167776.145074098, "device_end": 2167776.150957955}, "cmdq": 0, "read": {"device_start": -1, "device_end": -1}}, "FFC_sans_bias45": {"write": {"device_start": -1, "host_queued_start": 1585500001.85, "device_queued": -1, "device_end": -1, "host_queued_end": 1585500001.871704}, "device": "cpu", "nd_range": {"device_start": 2167776.1398598603, "device_end": 2167776.1450683894}, "cmdq": 0, "read": {"device_start": -1, "device_end": -1}}, "softmax50": {"write": {"device_start": -1, "host_queued_start": 1585500001.861805, "device_queued": -1, "device_end": -1, "host_queued_end": 1585500001.871704}, "device": "cpu", "nd_range": {"device_start": 2167776.194363941, "device_end": 2167776.1946557662}, "cmdq": 1, "read": {"device_start": -1, "device_end": -1}}, "FFC_sans_bias33": {"write": {"device_start": -1, "host_queued_start": 1585500001.863514, "device_queued": -1, "device_end": -1, "host_queued_end": 1585500001.871704}, "device": "cpu", "nd_range": {"device_start": 2167776.209309597, "device_end": 2167776.2328048493}, "cmdq": 0, "read": {"device_start": -1, "device_end": -1}}, "FFC_sans_bias63": {"write": {"device_start": 1585499938.9140704, "host_queued_start": 1585500001.824119, "device_queued": 1585499938.9128067, "device_end": 1585499938.914101, "host_queued_end": 1585500001.826448}, "device": "gpu", "nd_range": {"device_start": 1585499938.914104, "device_end": 1585499938.9147017}, "cmdq": 0, "read": {"device_start": -1, "device_end": -1}}, "FFC_sans_bias49": {"write": {"device_start": -1, "host_queued_start": 1585500001.859769, "device_queued": -1, "device_end": -1, "host_queued_end": 1585500001.871704}, "device": "cpu", "nd_range": {"device_start": 2167776.1785580833, "device_end": 2167776.187848084}, "cmdq": 0, "read": {"device_start": -1, "device_end": -1}}, "FFC_sans_bias64": {"write": {"device_start": 1585499938.9126737, "host_queued_start": 1585500001.821987, "device_queued": 1585499938.9125578, "device_end": 1585499938.9127, "host_queued_end": 1585500001.826448}, "device": "gpu", "nd_range": {"device_start": 1585499938.9127028, "device_end": 1585499938.913206}, "cmdq": 0, "read": {"device_start": -1, "device_end": -1}}, "FFC_sans_bias65": {"write": {"device_start": 1585499938.9133232, "host_queued_start": 1585500001.823086, "device_queued": 1585499938.9126148, "device_end": 1585499938.9133542, "host_queued_end": 1585500001.826448}, "device": "gpu", "nd_range": {"device_start": 1585499938.9133625, "device_end": 1585499938.9139662}, "cmdq": 0, "read": {"device_start": -1, "device_end": -1}}, "FFC_sans_bias67": {"write": {"device_start": -1, "host_queued_start": 1585500001.82477, "device_queued": -1, "device_end": -1, "host_queued_end": 1585500001.826448}, "device": "gpu", "nd_range": {"device_start": 1585499938.9147112, "device_end": 1585499938.91531}, "cmdq": 0, "read": {"device_start": -1, "device_end": -1}}, "FFC_sans_bias24": {"write": {"device_start": -1, "host_queued_start": 1585500001.86317, "device_queued": -1, "device_end": -1, "host_queued_end": 1585500001.871704}, "device": "cpu", "nd_range": {"device_start": 2167776.209288551, "device_end": 2167776.2207968594}, "cmdq": 1, "read": {"device_start": -1, "device_end": -1}}, "FFC_sans_bias25": {"write": {"device_start": -1, "host_queued_start": 1585500001.867605, "device_queued": -1, "device_end": -1, "host_queued_end": 1585500001.871704}, "device": "cpu", "nd_range": {"device_start": 2167776.252608947, "device_end": 2167776.260277974}, "cmdq": 0, "read": {"device_start": -1, "device_end": -1}}, "FFC_sans_bias27": {"write": {"device_start": -1, "host_queued_start": 1585500001.843651, "device_queued": -1, "device_end": -1, "host_queued_end": 1585500001.871704}, "device": "cpu", "nd_range": {"device_start": 2167776.111713551, "device_end": 2167776.1207948183}, "cmdq": 0, "read": {"device_start": -1, "device_end": -1}}, "FFC_sans_bias20": {"write": {"device_start": -1, "host_queued_start": 1585500001.842591, "device_queued": -1, "device_end": -1, "host_queued_end": 1585500001.871704}, "device": "cpu", "nd_range": {"device_start": 2167776.090125958, "device_end": 2167776.095396554}, "cmdq": 1, "read": {"device_start": -1, "device_end": -1}}, "FFC_sans_bias22": {"write": {"device_start": -1, "host_queued_start": 1585500001.858731, "device_queued": -1, "device_end": -1, "host_queued_end": 1585500001.871704}, "device": "cpu", "nd_range": {"device_start": 2167776.1667036493, "device_end": 2167776.175601885}, "cmdq": 1, "read": {"device_start": -1, "device_end": -1}}, "softmax68": {"write": {"device_start": -1, "host_queued_start": 1585500001.82502, "device_queued": -1, "device_end": -1, "host_queued_end": 1585500001.826448}, "device": "gpu", "nd_range": {"device_start": 1585499938.915311, "device_end": 1585499938.9155166}, "cmdq": 0, "read": {"device_start": -1, "device_end": -1}}, "softmax5": {"write": {"device_start": -1, "host_queued_start": 1585500001.860393, "device_queued": -1, "device_end": -1, "host_queued_end": 1585500001.871704}, "device": "cpu", "nd_range": {"device_start": 2167776.1879772083, "device_end": 2167776.189128934}, "cmdq": 0, "read": {"device_start": -1, "device_end": -1}}, "FFC_sans_bias28": {"write": {"device_start": -1, "host_queued_start": 1585500001.8447, "device_queued": -1, "device_end": -1, "host_queued_end": 1585500001.871704}, "device": "cpu", "nd_range": {"device_start": 2167776.0955244573, "device_end": 2167776.10319321}, "cmdq": 1, "read": {"device_start": -1, "device_end": -1}}, "FFC_sans_bias29": {"write": {"device_start": -1, "host_queued_start": 1585500001.845772, "device_queued": -1, "device_end": -1, "host_queued_end": 1585500001.871704}, "device": "cpu", "nd_range": {"device_start": 2167776.121405033, "device_end": 2167776.127106532}, "cmdq": 0, "read": {"device_start": -1, "device_end": -1}}, "empty17": {"write": {"device_start": -1, "host_queued_start": 1585500001.828914, "device_queued": -1, "device_end": -1, "host_queued_end": 1585500001.871704}, "device": "cpu", "nd_range": {"device_start": 2167776.0613228222, "device_end": 2167776.0613343883}, "cmdq": 1, "read": {"device_start": -1, "device_end": -1}}, "softmax59": {"write": {"device_start": -1, "host_queued_start": 1585500001.862088, "device_queued": -1, "device_end": -1, "host_queued_end": 1585500001.871704}, "device": "cpu", "nd_range": {"device_start": 2167776.194698051, "device_end": 2167776.194939339}, "cmdq": 0, "read": {"device_start": -1, "device_end": -1}}, "empty71": {"write": {"device_start": 1585499938.912527, "host_queued_start": 1585500001.820783, "device_queued": 1585499938.9124048, "device_end": 1585499938.9125535, "host_queued_end": 1585500001.826448}, "device": "gpu", "nd_range": {"device_start": 1585499938.9125564, "device_end": 1585499938.912561}, "cmdq": 0, "read": {"device_start": -1, "device_end": -1}}, "empty35": {"write": {"device_start": -1, "host_queued_start": 1585500001.830563, "device_queued": -1, "device_end": -1, "host_queued_end": 1585500001.871704}, "device": "cpu", "nd_range": {"device_start": 2167776.0613546753, "device_end": 2167776.0613555913}, "cmdq": 1, "read": {"device_start": -1, "device_end": -1}}, "empty53": {"write": {"device_start": -1, "host_queued_start": 1585500001.832341, "device_queued": -1, "device_end": -1, "host_queued_end": 1585500001.871704}, "device": "cpu", "nd_range": {"device_start": 2167776.0613617944, "device_end": 2167776.06136241}, "cmdq": 1, "read": {"device_start": -1, "device_end": -1}}, "FFC_sans_bias46": {"write": {"device_start": -1, "host_queued_start": 1585500001.851076, "device_queued": -1, "device_end": -1, "host_queued_end": 1585500001.871704}, "device": "cpu", "nd_range": {"device_start": 2167776.116818705, "device_end": 2167776.123612319}, "cmdq": 1, "read": {"device_start": -1, "device_end": -1}}, "coalesced_transpose66": {"write": {"device_start": -1, "host_queued_start": 1585500001.824442, "device_queued": -1, "device_end": -1, "host_queued_end": 1585500001.826448}, "device": "gpu", "nd_range": {"device_start": 1585499938.914703, "device_end": 1585499938.91471}, "cmdq": 0, "read": {"device_start": -1, "device_end": -1}}, "coalesced_transpose48": {"write": {"device_start": -1, "host_queued_start": 1585500001.857289, "device_queued": -1, "device_end": -1, "host_queued_end": 1585500001.871704}, "device": "cpu", "nd_range": {"device_start": 2167776.139045052, "device_end": 2167776.139444484}, "cmdq": 1, "read": {"device_start": -1, "device_end": -1}}}