{"FFC_sans_bias60": {"write": {"device_start": -1, "host_queued_start": 1585500144.78909, "device_queued": -1, "device_end": -1, "host_queued_end": 1585500144.793759}, "device": "gpu", "nd_range": {"device_start": 1585500081.8851845, "device_end": 1585500081.886162}, "cmdq": 0, "read": {"device_start": -1, "device_end": -1}}, "FFC_sans_bias4": {"write": {"device_start": -1, "host_queued_start": 1585500144.813433, "device_queued": -1, "device_end": -1, "host_queued_end": 1585500144.821168}, "device": "cpu", "nd_range": {"device_start": 2167919.058707394, "device_end": 2167919.066689642}, "cmdq": 2, "read": {"device_start": -1, "device_end": -1}}, "FFC_sans_bias7": {"write": {"device_start": -1, "host_queued_start": 1585500144.818134, "device_queued": -1, "device_end": -1, "host_queued_end": 1585500144.821168}, "device": "cpu", "nd_range": {"device_start": 2167919.1033668783, "device_end": 2167919.116464626}, "cmdq": 2, "read": {"device_start": -1, "device_end": -1}}, "FFC_sans_bias6": {"write": {"device_start": -1, "host_queued_start": 1585500144.815989, "device_queued": -1, "device_end": -1, "host_queued_end": 1585500144.821168}, "device": "cpu", "nd_range": {"device_start": 2167919.087649379, "device_end": 2167919.1030615773}, "cmdq": 1, "read": {"device_start": -1, "device_end": -1}}, "FFC_sans_bias1": {"write": {"device_start": -1, "host_queued_start": 1585500144.800644, "device_queued": -1, "device_end": -1, "host_queued_end": 1585500144.821168}, "device": "cpu", "nd_range": {"device_start": 2167919.010823693, "device_end": 2167919.019775704}, "cmdq": 2, "read": {"device_start": -1, "device_end": -1}}, "FFC_sans_bias0": {"write": {"device_start": -1, "host_queued_start": 1585500144.799462, "device_queued": -1, "device_end": -1, "host_queued_end": 1585500144.821168}, "device": "cpu", "nd_range": {"device_start": 2167919.0108056213, "device_end": 2167919.026549106}, "cmdq": 1, "read": {"device_start": -1, "device_end": -1}}, "FFC_sans_bias2": {"write": {"device_start": -1, "host_queued_start": 1585500144.8017, "device_queued": -1, "device_end": -1, "host_queued_end": 1585500144.821168}, "device": "cpu", "nd_range": {"device_start": 2167919.0108163883, "device_end": 2167919.022731963}, "cmdq": 0, "read": {"device_start": -1, "device_end": -1}}, "FFC_sans_bias61": {"write": {"device_start": 1585500081.8873541, "host_queued_start": 1585500144.792605, "device_queued": 1585500081.8786438, "device_end": 1585500081.8873856, "host_queued_end": 1585500144.793759}, "device": "gpu", "nd_range": {"device_start": 1585500081.8873892, "device_end": 1585500081.8880625}, "cmdq": 0, "read": {"device_start": 1585500081.8880658, "device_end": 1585500081.888089}}, "FFC_sans_bias52": {"write": {"device_start": 1585500081.8867364, "host_queued_start": 1585500144.791564, "device_queued": 1585500081.8784175, "device_end": 1585500081.8867688, "host_queued_end": 1585500144.793759}, "device": "gpu", "nd_range": {"device_start": 1585500081.8867724, "device_end": 1585500081.887578}, "cmdq": 1, "read": {"device_start": 1585500081.8875842, "device_end": 1585500081.887608}}, "FFC_sans_bias9": {"write": {"device_start": -1, "host_queued_start": 1585500144.802772, "device_queued": -1, "device_end": -1, "host_queued_end": 1585500144.821168}, "device": "cpu", "nd_range": {"device_start": 2167919.026883597, "device_end": 2167919.035894706}, "cmdq": 1, "read": {"device_start": -1, "device_end": -1}}, "coalesced_transpose39": {"write": {"device_start": -1, "host_queued_start": 1585500144.784889, "device_queued": -1, "device_end": -1, "host_queued_end": 1585500144.793759}, "device": "gpu", "nd_range": {"device_start": 1585500081.881906, "device_end": 1585500081.8822942}, "cmdq": 0, "read": {"device_start": -1, "device_end": -1}}, "FFC_sans_bias55": {"write": {"device_start": 1585500081.8800838, "host_queued_start": 1585500144.781389, "device_queued": 1585500081.8771358, "device_end": 1585500081.8801172, "host_queued_end": 1585500144.793759}, "device": "gpu", "nd_range": {"device_start": 1585500081.8801217, "device_end": 1585500081.88093}, "cmdq": 0, "read": {"device_start": -1, "device_end": -1}}, "FFC_sans_bias54": {"write": {"device_start": 1585500081.8796022, "host_queued_start": 1585500144.780349, "device_queued": 1585500081.876987, "device_end": 1585500081.879636, "host_queued_end": 1585500144.793759}, "device": "gpu", "nd_range": {"device_start": 1585500081.879642, "device_end": 1585500081.8804922}, "cmdq": 1, "read": {"device_start": -1, "device_end": -1}}, "FFC_sans_bias56": {"write": {"device_start": 1585500081.8791318, "host_queued_start": 1585500144.779311, "device_queued": 1585500081.8769426, "device_end": 1585500081.8791583, "host_queued_end": 1585500144.793759}, "device": "gpu", "nd_range": {"device_start": 1585500081.879164, "device_end": 1585500081.8799703}, "cmdq": 0, "read": {"device_start": -1, "device_end": -1}}, "FFC_sans_bias51": {"write": {"device_start": -1, "host_queued_start": 1585500144.788769, "device_queued": -1, "device_end": -1, "host_queued_end": 1585500144.793759}, "device": "gpu", "nd_range": {"device_start": 1585500081.8849332, "device_end": 1585500081.8855937}, "cmdq": 1, "read": {"device_start": -1, "device_end": -1}}, "softmax23": {"write": {"device_start": -1, "host_queued_start": 1585500144.815349, "device_queued": -1, "device_end": -1, "host_queued_end": 1585500144.821168}, "device": "cpu", "nd_range": {"device_start": 2167919.08462193, "device_end": 2167919.0848375363}, "cmdq": 2, "read": {"device_start": -1, "device_end": -1}}, "FFC_sans_bias37": {"write": {"device_start": 1585500081.8765054, "host_queued_start": 1585500144.773837, "device_queued": 1585500081.87634, "device_end": 1585500081.876532, "host_queued_end": 1585500144.793759}, "device": "gpu", "nd_range": {"device_start": 1585500081.8765357, "device_end": 1585500081.8775005}, "cmdq": 1, "read": {"device_start": -1, "device_end": -1}}, "empty62": {"write": {"device_start": 1585500081.8762047, "host_queued_start": 1585500144.771007, "device_queued": 1585500081.8759818, "device_end": 1585500081.8762658, "host_queued_end": 1585500144.793759}, "device": "gpu", "nd_range": {"device_start": 1585500081.876271, "device_end": 1585500081.8762825}, "cmdq": 0, "read": {"device_start": -1, "device_end": -1}}, "FFC_sans_bias70": {"write": {"device_start": 1585500081.8878162, "host_queued_start": 1585500144.793656, "device_queued": 1585500081.8786893, "device_end": 1585500081.887854, "host_queued_end": 1585500144.793759}, "device": "gpu", "nd_range": {"device_start": 1585500081.8878586, "device_end": 1585500081.888526}, "cmdq": 1, "read": {"device_start": 1585500081.888532, "device_end": 1585500081.8885548}}, "FFC_sans_bias58": {"write": {"device_start": -1, "host_queued_start": 1585500144.786803, "device_queued": -1, "device_end": -1, "host_queued_end": 1585500144.793759}, "device": "gpu", "nd_range": {"device_start": 1585500081.8829162, "device_end": 1585500081.8838933}, "cmdq": 0, "read": {"device_start": -1, "device_end": -1}}, "softmax41": {"write": {"device_start": -1, "host_queued_start": 1585500144.787381, "device_queued": -1, "device_end": -1, "host_queued_end": 1585500144.793759}, "device": "gpu", "nd_range": {"device_start": 1585500081.8838944, "device_end": 1585500081.8843806}, "cmdq": 0, "read": {"device_start": -1, "device_end": -1}}, "FFC_sans_bias11": {"write": {"device_start": -1, "host_queued_start": 1585500144.804968, "device_queued": -1, "device_end": -1, "host_queued_end": 1585500144.821168}, "device": "cpu", "nd_range": {"device_start": 2167919.022866703, "device_end": 2167919.0429892694}, "cmdq": 0, "read": {"device_start": -1, "device_end": -1}}, "FFC_sans_bias10": {"write": {"device_start": -1, "host_queued_start": 1585500144.803814, "device_queued": -1, "device_end": -1, "host_queued_end": 1585500144.821168}, "device": "cpu", "nd_range": {"device_start": 2167919.019901547, "device_end": 2167919.028925388}, "cmdq": 2, "read": {"device_start": -1, "device_end": -1}}, "coalesced_transpose3": {"write": {"device_start": -1, "host_queued_start": 1585500144.811986, "device_queued": -1, "device_end": -1, "host_queued_end": 1585500144.821168}, "device": "cpu", "nd_range": {"device_start": 2167919.058422306, "device_end": 2167919.0585690993}, "cmdq": 1, "read": {"device_start": -1, "device_end": -1}}, "FFC_sans_bias34": {"write": {"device_start": -1, "host_queued_start": 1585500144.821123, "device_queued": -1, "device_end": -1, "host_queued_end": 1585500144.821168}, "device": "cpu", "nd_range": {"device_start": 2167919.118629946, "device_end": 2167919.1293044332}, "cmdq": 2, "read": {"device_start": -1, "device_end": -1}}, "FFC_sans_bias15": {"write": {"device_start": -1, "host_queued_start": 1585500144.816353, "device_queued": -1, "device_end": -1, "host_queued_end": 1585500144.821168}, "device": "cpu", "nd_range": {"device_start": 2167919.0874129683, "device_end": 2167919.1030398053}, "cmdq": 2, "read": {"device_start": -1, "device_end": -1}}, "FFC_sans_bias31": {"write": {"device_start": -1, "host_queued_start": 1585500144.81447, "device_queued": -1, "device_end": -1, "host_queued_end": 1585500144.821168}, "device": "cpu", "nd_range": {"device_start": 2167919.0668175383, "device_end": 2167919.0716977483}, "cmdq": 2, "read": {"device_start": -1, "device_end": -1}}, "FFC_sans_bias16": {"write": {"device_start": -1, "host_queued_start": 1585500144.819133, "device_queued": -1, "device_end": -1, "host_queued_end": 1585500144.821168}, "device": "cpu", "nd_range": {"device_start": 2167919.108010067, "device_end": 2167919.128003891}, "cmdq": 0, "read": {"device_start": -1, "device_end": -1}}, "FFC_sans_bias19": {"write": {"device_start": -1, "host_queued_start": 1585500144.807391, "device_queued": -1, "device_end": -1, "host_queued_end": 1585500144.821168}, "device": "cpu", "nd_range": {"device_start": 2167919.029041679, "device_end": 2167919.0423506023}, "cmdq": 2, "read": {"device_start": -1, "device_end": -1}}, "FFC_sans_bias18": {"write": {"device_start": -1, "host_queued_start": 1585500144.806198, "device_queued": -1, "device_end": -1, "host_queued_end": 1585500144.821168}, "device": "cpu", "nd_range": {"device_start": 2167919.036021429, "device_end": 2167919.0488266023}, "cmdq": 1, "read": {"device_start": -1, "device_end": -1}}, "coalesced_transpose30": {"write": {"device_start": -1, "host_queued_start": 1585500144.813089, "device_queued": -1, "device_end": -1, "host_queued_end": 1585500144.821168}, "device": "cpu", "nd_range": {"device_start": 2167919.058706658, "device_end": 2167919.058849194}, "cmdq": 1, "read": {"device_start": -1, "device_end": -1}}, "FFC_sans_bias69": {"write": {"device_start": -1, "host_queued_start": 1585500144.789425, "device_queued": -1, "device_end": -1, "host_queued_end": 1585500144.793759}, "device": "gpu", "nd_range": {"device_start": 1585500081.885595, "device_end": 1585500081.8865895}, "cmdq": 1, "read": {"device_start": -1, "device_end": -1}}, "FFC_sans_bias38": {"write": {"device_start": 1585500081.8772373, "host_queued_start": 1585500144.774941, "device_queued": 1585500081.8765512, "device_end": 1585500081.8772678, "host_queued_end": 1585500144.793759}, "device": "gpu", "nd_range": {"device_start": 1585500081.8772707, "device_end": 1585500081.8780646}, "cmdq": 0, "read": {"device_start": -1, "device_end": -1}}, "coalesced_transpose57": {"write": {"device_start": -1, "host_queued_start": 1585500144.785508, "device_queued": -1, "device_end": -1, "host_queued_end": 1585500144.793759}, "device": "gpu", "nd_range": {"device_start": 1585500081.8822954, "device_end": 1585500081.8823118}, "cmdq": 0, "read": {"device_start": -1, "device_end": -1}}, "empty26": {"write": {"device_start": -1, "host_queued_start": 1585500144.797334, "device_queued": -1, "device_end": -1, "host_queued_end": 1585500144.821168}, "device": "cpu", "nd_range": {"device_start": 2167919.010767598, "device_end": 2167919.010779802}, "cmdq": 2, "read": {"device_start": -1, "device_end": -1}}, "coalesced_transpose12": {"write": {"device_start": -1, "host_queued_start": 1585500144.812325, "device_queued": -1, "device_end": -1, "host_queued_end": 1585500144.821168}, "device": "cpu", "nd_range": {"device_start": 2167919.051600039, "device_end": 2167919.051845786}, "cmdq": 2, "read": {"device_start": -1, "device_end": -1}}, "empty44": {"write": {"device_start": 1585500081.875954, "host_queued_start": 1585500144.76905, "device_queued": 1585500081.8758287, "device_end": 1585500081.8760006, "host_queued_end": 1585500144.793759}, "device": "gpu", "nd_range": {"device_start": 1585500081.876008, "device_end": 1585500081.8760197}, "cmdq": 0, "read": {"device_start": -1, "device_end": -1}}, "coalesced_transpose21": {"write": {"device_start": -1, "host_queued_start": 1585500144.812758, "device_queued": -1, "device_end": -1, "host_queued_end": 1585500144.821168}, "device": "cpu", "nd_range": {"device_start": 2167919.076202252, "device_end": 2167919.076312403}, "cmdq": 0, "read": {"device_start": -1, "device_end": -1}}, "FFC_sans_bias36": {"write": {"device_start": 1585500081.8764138, "host_queued_start": 1585500144.772798, "device_queued": 1585500081.8762867, "device_end": 1585500081.8764808, "host_queued_end": 1585500144.793759}, "device": "gpu", "nd_range": {"device_start": 1585500081.87649, "device_end": 1585500081.8770955}, "cmdq": 0, "read": {"device_start": -1, "device_end": -1}}, "softmax14": {"write": {"device_start": -1, "host_queued_start": 1585500144.815072, "device_queued": -1, "device_end": -1, "host_queued_end": 1585500144.821168}, "device": "cpu", "nd_range": {"device_start": 2167919.08721792, "device_end": 2167919.087399594}, "cmdq": 1, "read": {"device_start": -1, "device_end": -1}}, "FFC_sans_bias13": {"write": {"device_start": -1, "host_queued_start": 1585500144.813776, "device_queued": -1, "device_end": -1, "host_queued_end": 1585500144.821168}, "device": "cpu", "nd_range": {"device_start": 2167919.076330128, "device_end": 2167919.087192623}, "cmdq": 0, "read": {"device_start": -1, "device_end": -1}}, "empty8": {"write": {"device_start": -1, "host_queued_start": 1585500144.795269, "device_queued": -1, "device_end": -1, "host_queued_end": 1585500144.821168}, "device": "cpu", "nd_range": {"device_start": 2167919.010797374, "device_end": 2167919.0107984943}, "cmdq": 0, "read": {"device_start": -1, "device_end": -1}}, "FFC_sans_bias42": {"write": {"device_start": -1, "host_queued_start": 1585500144.788453, "device_queued": -1, "device_end": -1, "host_queued_end": 1585500144.793759}, "device": "gpu", "nd_range": {"device_start": 1585500081.884587, "device_end": 1585500081.885183}, "cmdq": 0, "read": {"device_start": -1, "device_end": -1}}, "FFC_sans_bias43": {"write": {"device_start": 1585500081.8863075, "host_queued_start": 1585500144.79047, "device_queued": 1585500081.8783636, "device_end": 1585500081.886339, "host_queued_end": 1585500144.793759}, "device": "gpu", "nd_range": {"device_start": 1585500081.886342, "device_end": 1585500081.8871267}, "cmdq": 0, "read": {"device_start": 1585500081.887128, "device_end": 1585500081.887153}}, "FFC_sans_bias40": {"write": {"device_start": -1, "host_queued_start": 1585500144.786129, "device_queued": -1, "device_end": -1, "host_queued_end": 1585500144.793759}, "device": "gpu", "nd_range": {"device_start": 1585500081.8823128, "device_end": 1585500081.882915}, "cmdq": 0, "read": {"device_start": -1, "device_end": -1}}, "softmax32": {"write": {"device_start": -1, "host_queued_start": 1585500144.815623, "device_queued": -1, "device_end": -1, "host_queued_end": 1585500144.821168}, "device": "cpu", "nd_range": {"device_start": 2167919.0875310753, "device_end": 2167919.087740987}, "cmdq": 0, "read": {"device_start": -1, "device_end": -1}}, "FFC_sans_bias47": {"write": {"device_start": 1585500081.8785799, "host_queued_start": 1585500144.778064, "device_queued": 1585500081.8767955, "device_end": 1585500081.8786137, "host_queued_end": 1585500144.793759}, "device": "gpu", "nd_range": {"device_start": 1585500081.8786175, "device_end": 1585500081.8794887}, "cmdq": 1, "read": {"device_start": -1, "device_end": -1}}, "FFC_sans_bias45": {"write": {"device_start": 1585500081.8776238, "host_queued_start": 1585500144.775982, "device_queued": 1585500081.8765957, "device_end": 1585500081.8776503, "host_queued_end": 1585500144.793759}, "device": "gpu", "nd_range": {"device_start": 1585500081.877654, "device_end": 1585500081.878494}, "cmdq": 1, "read": {"device_start": -1, "device_end": -1}}, "softmax50": {"write": {"device_start": -1, "host_queued_start": 1585500144.787627, "device_queued": -1, "device_end": -1, "host_queued_end": 1585500144.793759}, "device": "gpu", "nd_range": {"device_start": 1585500081.8843527, "device_end": 1585500081.8845665}, "cmdq": 1, "read": {"device_start": -1, "device_end": -1}}, "FFC_sans_bias33": {"write": {"device_start": -1, "host_queued_start": 1585500144.817082, "device_queued": -1, "device_end": -1, "host_queued_end": 1585500144.821168}, "device": "cpu", "nd_range": {"device_start": 2167919.1030759662, "device_end": 2167919.118623313}, "cmdq": 1, "read": {"device_start": -1, "device_end": -1}}, "FFC_sans_bias63": {"write": {"device_start": 1585500081.881601, "host_queued_start": 1585500144.784556, "device_queued": 1585500081.8774068, "device_end": 1585500081.8816335, "host_queued_end": 1585500144.793759}, "device": "gpu", "nd_range": {"device_start": 1585500081.8816383, "device_end": 1585500081.8824522}, "cmdq": 1, "read": {"device_start": -1, "device_end": -1}}, "FFC_sans_bias49": {"write": {"device_start": -1, "host_queued_start": 1585500144.786456, "device_queued": -1, "device_end": -1, "host_queued_end": 1585500144.793759}, "device": "gpu", "nd_range": {"device_start": 1585500081.8827698, "device_end": 1585500081.8833776}, "cmdq": 1, "read": {"device_start": -1, "device_end": -1}}, "FFC_sans_bias64": {"write": {"device_start": 1585500081.8806274, "host_queued_start": 1585500144.782432, "device_queued": 1585500081.8771906, "device_end": 1585500081.880661, "host_queued_end": 1585500144.793759}, "device": "gpu", "nd_range": {"device_start": 1585500081.8806655, "device_end": 1585500081.8814695}, "cmdq": 1, "read": {"device_start": -1, "device_end": -1}}, "FFC_sans_bias65": {"write": {"device_start": 1585500081.8810651, "host_queued_start": 1585500144.783521, "device_queued": 1585500081.8773618, "device_end": 1585500081.8811033, "host_queued_end": 1585500144.793759}, "device": "gpu", "nd_range": {"device_start": 1585500081.88111, "device_end": 1585500081.8819048}, "cmdq": 0, "read": {"device_start": -1, "device_end": -1}}, "FFC_sans_bias67": {"write": {"device_start": -1, "host_queued_start": 1585500144.787126, "device_queued": -1, "device_end": -1, "host_queued_end": 1585500144.793759}, "device": "gpu", "nd_range": {"device_start": 1585500081.8833785, "device_end": 1585500081.8843513}, "cmdq": 1, "read": {"device_start": -1, "device_end": -1}}, "FFC_sans_bias24": {"write": {"device_start": -1, "host_queued_start": 1585500144.816718, "device_queued": -1, "device_end": -1, "host_queued_end": 1585500144.821168}, "device": "cpu", "nd_range": {"device_start": 2167919.087859312, "device_end": 2167919.103061893}, "cmdq": 0, "read": {"device_start": -1, "device_end": -1}}, "FFC_sans_bias25": {"write": {"device_start": -1, "host_queued_start": 1585500144.820127, "device_queued": -1, "device_end": -1, "host_queued_end": 1585500144.821168}, "device": "cpu", "nd_range": {"device_start": 2167919.118633908, "device_end": 2167919.127208381}, "cmdq": 1, "read": {"device_start": -1, "device_end": -1}}, "FFC_sans_bias27": {"write": {"device_start": -1, "host_queued_start": 1585500144.809495, "device_queued": -1, "device_end": -1, "host_queued_end": 1585500144.821168}, "device": "cpu", "nd_range": {"device_start": 2167919.048942636, "device_end": 2167919.0584145533}, "cmdq": 1, "read": {"device_start": -1, "device_end": -1}}, "FFC_sans_bias20": {"write": {"device_start": -1, "host_queued_start": 1585500144.80844, "device_queued": -1, "device_end": -1, "host_queued_end": 1585500144.821168}, "device": "cpu", "nd_range": {"device_start": 2167919.045170191, "device_end": 2167919.059119243}, "cmdq": 0, "read": {"device_start": -1, "device_end": -1}}, "FFC_sans_bias22": {"write": {"device_start": -1, "host_queued_start": 1585500144.814124, "device_queued": -1, "device_end": -1, "host_queued_end": 1585500144.821168}, "device": "cpu", "nd_range": {"device_start": 2167919.0763193513, "device_end": 2167919.084489887}, "cmdq": 1, "read": {"device_start": -1, "device_end": -1}}, "softmax68": {"write": {"device_start": -1, "host_queued_start": 1585500144.788134, "device_queued": -1, "device_end": -1, "host_queued_end": 1585500144.793759}, "device": "gpu", "nd_range": {"device_start": 1585500081.8845677, "device_end": 1585500081.884932}, "cmdq": 1, "read": {"device_start": -1, "device_end": -1}}, "softmax5": {"write": {"device_start": -1, "host_queued_start": 1585500144.814777, "device_queued": -1, "device_end": -1, "host_queued_end": 1585500144.821168}, "device": "cpu", "nd_range": {"device_start": 2167919.087203137, "device_end": 2167919.0873868233}, "cmdq": 0, "read": {"device_start": -1, "device_end": -1}}, "FFC_sans_bias28": {"write": {"device_start": -1, "host_queued_start": 1585500144.810566, "device_queued": -1, "device_end": -1, "host_queued_end": 1585500144.821168}, "device": "cpu", "nd_range": {"device_start": 2167919.042465309, "device_end": 2167919.051482575}, "cmdq": 2, "read": {"device_start": -1, "device_end": -1}}, "FFC_sans_bias29": {"write": {"device_start": -1, "host_queued_start": 1585500144.811652, "device_queued": -1, "device_end": -1, "host_queued_end": 1585500144.821168}, "device": "cpu", "nd_range": {"device_start": 2167919.0595183903, "device_end": 2167919.06779832}, "cmdq": 0, "read": {"device_start": -1, "device_end": -1}}, "empty17": {"write": {"device_start": -1, "host_queued_start": 1585500144.796333, "device_queued": -1, "device_end": -1, "host_queued_end": 1585500144.821168}, "device": "cpu", "nd_range": {"device_start": 2167919.010767626, "device_end": 2167919.010779816}, "cmdq": 1, "read": {"device_start": -1, "device_end": -1}}, "softmax59": {"write": {"device_start": -1, "host_queued_start": 1585500144.787882, "device_queued": -1, "device_end": -1, "host_queued_end": 1585500144.793759}, "device": "gpu", "nd_range": {"device_start": 1585500081.8843815, "device_end": 1585500081.8845859}, "cmdq": 0, "read": {"device_start": -1, "device_end": -1}}, "empty71": {"write": {"device_start": 1585500081.8763094, "host_queued_start": 1585500144.771825, "device_queued": 1585500081.8760297, "device_end": 1585500081.87637, "host_queued_end": 1585500144.793759}, "device": "gpu", "nd_range": {"device_start": 1585500081.8763745, "device_end": 1585500081.8763788}, "cmdq": 1, "read": {"device_start": -1, "device_end": -1}}, "empty35": {"write": {"device_start": -1, "host_queued_start": 1585500144.798291, "device_queued": -1, "device_end": -1, "host_queued_end": 1585500144.821168}, "device": "cpu", "nd_range": {"device_start": 2167919.010808559, "device_end": 2167919.0108100143}, "cmdq": 0, "read": {"device_start": -1, "device_end": -1}}, "empty53": {"write": {"device_start": 1585500081.8760762, "host_queued_start": 1585500144.770122, "device_queued": 1585500081.8759372, "device_end": 1585500081.8761287, "host_queued_end": 1585500144.793759}, "device": "gpu", "nd_range": {"device_start": 1585500081.8761342, "device_end": 1585500081.8761387}, "cmdq": 1, "read": {"device_start": -1, "device_end": -1}}, "FFC_sans_bias46": {"write": {"device_start": 1585500081.8781986, "host_queued_start": 1585500144.777024, "device_queued": 1585500081.8767505, "device_end": 1585500081.8782296, "host_queued_end": 1585500144.793759}, "device": "gpu", "nd_range": {"device_start": 1585500081.8782341, "device_end": 1585500081.8790226}, "cmdq": 0, "read": {"device_start": -1, "device_end": -1}}, "coalesced_transpose66": {"write": {"device_start": -1, "host_queued_start": 1585500144.78581, "device_queued": -1, "device_end": -1, "host_queued_end": 1585500144.793759}, "device": "gpu", "nd_range": {"device_start": 1585500081.8827448, "device_end": 1585500081.8827684}, "cmdq": 1, "read": {"device_start": -1, "device_end": -1}}, "coalesced_transpose48": {"write": {"device_start": -1, "host_queued_start": 1585500144.785204, "device_queued": -1, "device_end": -1, "host_queued_end": 1585500144.793759}, "device": "gpu", "nd_range": {"device_start": 1585500081.8824549, "device_end": 1585500081.882743}, "cmdq": 1, "read": {"device_start": -1, "device_end": -1}}}