{"FFC_sans_bias60": {"write": {"device_start": -1, "host_queued_start": 1585500481.320795, "device_queued": -1, "device_end": -1, "host_queued_end": 1585500481.327881}, "device": "cpu", "nd_range": {"device_start": 2168255.673283447, "device_end": 2168255.677584996}, "cmdq": 0, "read": {"device_start": -1, "device_end": -1}}, "FFC_sans_bias4": {"write": {"device_start": -1, "host_queued_start": 1585500481.314147, "device_queued": -1, "device_end": -1, "host_queued_end": 1585500481.327881}, "device": "cpu", "nd_range": {"device_start": 2168255.613180551, "device_end": 2168255.617042061}, "cmdq": 0, "read": {"device_start": -1, "device_end": -1}}, "FFC_sans_bias7": {"write": {"device_start": -1, "host_queued_start": 1585500481.321844, "device_queued": -1, "device_end": -1, "host_queued_end": 1585500481.327881}, "device": "cpu", "nd_range": {"device_start": 2168255.6775903213, "device_end": 2168255.6824038713}, "cmdq": 0, "read": {"device_start": -1, "device_end": -1}}, "FFC_sans_bias6": {"write": {"device_start": -1, "host_queued_start": 1585500481.318714, "device_queued": -1, "device_end": -1, "host_queued_end": 1585500481.327881}, "device": "cpu", "nd_range": {"device_start": 2168255.64607947, "device_end": 2168255.6501977732}, "cmdq": 0, "read": {"device_start": -1, "device_end": -1}}, "FFC_sans_bias1": {"write": {"device_start": -1, "host_queued_start": 1585500481.291431, "device_queued": -1, "device_end": -1, "host_queued_end": 1585500481.327881}, "device": "cpu", "nd_range": {"device_start": 2168255.5218883543, "device_end": 2168255.525965761}, "cmdq": 0, "read": {"device_start": -1, "device_end": -1}}, "FFC_sans_bias0": {"write": {"device_start": -1, "host_queued_start": 1585500481.290358, "device_queued": -1, "device_end": -1, "host_queued_end": 1585500481.327881}, "device": "cpu", "nd_range": {"device_start": 2168255.517567894, "device_end": 2168255.5218814993}, "cmdq": 0, "read": {"device_start": -1, "device_end": -1}}, "FFC_sans_bias2": {"write": {"device_start": -1, "host_queued_start": 1585500481.292486, "device_queued": -1, "device_end": -1, "host_queued_end": 1585500481.327881}, "device": "cpu", "nd_range": {"device_start": 2168255.525974159, "device_end": 2168255.52991109}, "cmdq": 0, "read": {"device_start": -1, "device_end": -1}}, "FFC_sans_bias61": {"write": {"device_start": -1, "host_queued_start": 1585500481.327836, "device_queued": -1, "device_end": -1, "host_queued_end": 1585500481.327881}, "device": "cpu", "nd_range": {"device_start": 2168255.705564447, "device_end": 2168255.709774613}, "cmdq": 0, "read": {"device_start": -1, "device_end": -1}}, "FFC_sans_bias52": {"write": {"device_start": -1, "host_queued_start": 1585500481.326842, "device_queued": -1, "device_end": -1, "host_queued_end": 1585500481.327881}, "device": "cpu", "nd_range": {"device_start": 2168255.700298491, "device_end": 2168255.7055618432}, "cmdq": 0, "read": {"device_start": -1, "device_end": -1}}, "FFC_sans_bias9": {"write": {"device_start": -1, "host_queued_start": 1585500481.293532, "device_queued": -1, "device_end": -1, "host_queued_end": 1585500481.327881}, "device": "cpu", "nd_range": {"device_start": 2168255.530036773, "device_end": 2168255.53388174}, "cmdq": 0, "read": {"device_start": -1, "device_end": -1}}, "coalesced_transpose39": {"write": {"device_start": -1, "host_queued_start": 1585500481.313144, "device_queued": -1, "device_end": -1, "host_queued_end": 1585500481.327881}, "device": "cpu", "nd_range": {"device_start": 2168255.612409046, "device_end": 2168255.612571593}, "cmdq": 0, "read": {"device_start": -1, "device_end": -1}}, "FFC_sans_bias55": {"write": {"device_start": -1, "host_queued_start": 1585500481.311468, "device_queued": -1, "device_end": -1, "host_queued_end": 1585500481.327881}, "device": "cpu", "nd_range": {"device_start": 2168255.606833965, "device_end": 2168255.611411008}, "cmdq": 0, "read": {"device_start": -1, "device_end": -1}}, "FFC_sans_bias54": {"write": {"device_start": -1, "host_queued_start": 1585500481.310399, "device_queued": -1, "device_end": -1, "host_queued_end": 1585500481.327881}, "device": "cpu", "nd_range": {"device_start": 2168255.602136971, "device_end": 2168255.606828744}, "cmdq": 0, "read": {"device_start": -1, "device_end": -1}}, "FFC_sans_bias56": {"write": {"device_start": -1, "host_queued_start": 1585500481.309355, "device_queued": -1, "device_end": -1, "host_queued_end": 1585500481.327881}, "device": "cpu", "nd_range": {"device_start": 2168255.597554609, "device_end": 2168255.602130778}, "cmdq": 0, "read": {"device_start": -1, "device_end": -1}}, "FFC_sans_bias51": {"write": {"device_start": -1, "host_queued_start": 1585500481.32045, "device_queued": -1, "device_end": -1, "host_queued_end": 1585500481.327881}, "device": "cpu", "nd_range": {"device_start": 2168255.668498267, "device_end": 2168255.673278715}, "cmdq": 0, "read": {"device_start": -1, "device_end": -1}}, "softmax23": {"write": {"device_start": -1, "host_queued_start": 1585500481.317189, "device_queued": -1, "device_end": -1, "host_queued_end": 1585500481.327881}, "device": "cpu", "nd_range": {"device_start": 2168255.6455010353, "device_end": 2168255.6456121514}, "cmdq": 0, "read": {"device_start": -1, "device_end": -1}}, "FFC_sans_bias37": {"write": {"device_start": -1, "host_queued_start": 1585500481.304104, "device_queued": -1, "device_end": -1, "host_queued_end": 1585500481.327881}, "device": "cpu", "nd_range": {"device_start": 2168255.57472347, "device_end": 2168255.579219886}, "cmdq": 0, "read": {"device_start": -1, "device_end": -1}}, "empty62": {"write": {"device_start": -1, "host_queued_start": 1585500481.289409, "device_queued": -1, "device_end": -1, "host_queued_end": 1585500481.327881}, "device": "cpu", "nd_range": {"device_start": 2168255.517545092, "device_end": 2168255.5175456284}, "cmdq": 0, "read": {"device_start": -1, "device_end": -1}}, "FFC_sans_bias70": {"write": {"device_start": 1585500418.357981, "host_queued_start": 1585500481.282794, "device_queued": 1585500418.3564641, "device_end": 1585500418.358011, "host_queued_end": 1585500481.282906}, "device": "gpu", "nd_range": {"device_start": 1585500418.3592625, "device_end": 1585500418.3598611}, "cmdq": 3, "read": {"device_start": 1585500418.3598661, "device_end": 1585500418.359889}}, "FFC_sans_bias58": {"write": {"device_start": -1, "host_queued_start": 1585500481.316353, "device_queued": -1, "device_end": -1, "host_queued_end": 1585500481.327881}, "device": "cpu", "nd_range": {"device_start": 2168255.6398843243, "device_end": 2168255.644321848}, "cmdq": 0, "read": {"device_start": -1, "device_end": -1}}, "softmax41": {"write": {"device_start": -1, "host_queued_start": 1585500481.317781, "device_queued": -1, "device_end": -1, "host_queued_end": 1585500481.327881}, "device": "cpu", "nd_range": {"device_start": 2168255.645733197, "device_end": 2168255.6458442193}, "cmdq": 0, "read": {"device_start": -1, "device_end": -1}}, "FFC_sans_bias11": {"write": {"device_start": -1, "host_queued_start": 1585500481.295655, "device_queued": -1, "device_end": -1, "host_queued_end": 1585500481.327881}, "device": "cpu", "nd_range": {"device_start": 2168255.538780929, "device_end": 2168255.542936019}, "cmdq": 0, "read": {"device_start": -1, "device_end": -1}}, "FFC_sans_bias10": {"write": {"device_start": -1, "host_queued_start": 1585500481.294592, "device_queued": -1, "device_end": -1, "host_queued_end": 1585500481.327881}, "device": "cpu", "nd_range": {"device_start": 2168255.5340010803, "device_end": 2168255.538774906}, "cmdq": 0, "read": {"device_start": -1, "device_end": -1}}, "coalesced_transpose3": {"write": {"device_start": -1, "host_queued_start": 1585500481.311807, "device_queued": -1, "device_end": -1, "host_queued_end": 1585500481.327881}, "device": "cpu", "nd_range": {"device_start": 2168255.611416274, "device_end": 2168255.611602487}, "cmdq": 0, "read": {"device_start": -1, "device_end": -1}}, "FFC_sans_bias34": {"write": {"device_start": -1, "host_queued_start": 1585500481.324857, "device_queued": -1, "device_end": -1, "host_queued_end": 1585500481.327881}, "device": "cpu", "nd_range": {"device_start": 2168255.691454342, "device_end": 2168255.6957580773}, "cmdq": 0, "read": {"device_start": -1, "device_end": -1}}, "FFC_sans_bias15": {"write": {"device_start": -1, "host_queued_start": 1585500481.319078, "device_queued": -1, "device_end": -1, "host_queued_end": 1585500481.327881}, "device": "cpu", "nd_range": {"device_start": 2168255.650202951, "device_end": 2168255.65510379}, "cmdq": 0, "read": {"device_start": -1, "device_end": -1}}, "FFC_sans_bias31": {"write": {"device_start": -1, "host_queued_start": 1585500481.315302, "device_queued": -1, "device_end": -1, "host_queued_end": 1585500481.327881}, "device": "cpu", "nd_range": {"device_start": 2168255.6262111953, "device_end": 2168255.630966249}, "cmdq": 0, "read": {"device_start": -1, "device_end": -1}}, "FFC_sans_bias16": {"write": {"device_start": -1, "host_queued_start": 1585500481.322842, "device_queued": -1, "device_end": -1, "host_queued_end": 1585500481.327881}, "device": "cpu", "nd_range": {"device_start": 2168255.682407048, "device_end": 2168255.686893668}, "cmdq": 0, "read": {"device_start": -1, "device_end": -1}}, "FFC_sans_bias19": {"write": {"device_start": -1, "host_queued_start": 1585500481.297762, "device_queued": -1, "device_end": -1, "host_queued_end": 1585500481.327881}, "device": "cpu", "nd_range": {"device_start": 2168255.54808261, "device_end": 2168255.552364902}, "cmdq": 0, "read": {"device_start": -1, "device_end": -1}}, "FFC_sans_bias18": {"write": {"device_start": -1, "host_queued_start": 1585500481.296719, "device_queued": -1, "device_end": -1, "host_queued_end": 1585500481.327881}, "device": "cpu", "nd_range": {"device_start": 2168255.5429416243, "device_end": 2168255.547962016}, "cmdq": 0, "read": {"device_start": -1, "device_end": -1}}, "coalesced_transpose30": {"write": {"device_start": -1, "host_queued_start": 1585500481.312809, "device_queued": -1, "device_end": -1, "host_queued_end": 1585500481.327881}, "device": "cpu", "nd_range": {"device_start": 2168255.612179685, "device_end": 2168255.61229078}, "cmdq": 0, "read": {"device_start": -1, "device_end": -1}}, "FFC_sans_bias69": {"write": {"device_start": -1, "host_queued_start": 1585500481.281761, "device_queued": -1, "device_end": -1, "host_queued_end": 1585500481.282906}, "device": "gpu", "nd_range": {"device_start": 1585500418.3586628, "device_end": 1585500418.3592584}, "cmdq": 2, "read": {"device_start": -1, "device_end": -1}}, "FFC_sans_bias38": {"write": {"device_start": -1, "host_queued_start": 1585500481.305157, "device_queued": -1, "device_end": -1, "host_queued_end": 1585500481.327881}, "device": "cpu", "nd_range": {"device_start": 2168255.5792250633, "device_end": 2168255.583840139}, "cmdq": 0, "read": {"device_start": -1, "device_end": -1}}, "coalesced_transpose57": {"write": {"device_start": -1, "host_queued_start": 1585500481.313802, "device_queued": -1, "device_end": -1, "host_queued_end": 1585500481.327881}, "device": "cpu", "nd_range": {"device_start": 2168255.612933516, "device_end": 2168255.613074807}, "cmdq": 0, "read": {"device_start": -1, "device_end": -1}}, "empty26": {"write": {"device_start": -1, "host_queued_start": 1585500481.286074, "device_queued": -1, "device_end": -1, "host_queued_end": 1585500481.327881}, "device": "cpu", "nd_range": {"device_start": 2168255.5175255863, "device_end": 2168255.517526225}, "cmdq": 0, "read": {"device_start": -1, "device_end": -1}}, "coalesced_transpose12": {"write": {"device_start": -1, "host_queued_start": 1585500481.312144, "device_queued": -1, "device_end": -1, "host_queued_end": 1585500481.327881}, "device": "cpu", "nd_range": {"device_start": 2168255.61173196, "device_end": 2168255.611844994}, "cmdq": 0, "read": {"device_start": -1, "device_end": -1}}, "empty44": {"write": {"device_start": -1, "host_queued_start": 1585500481.287782, "device_queued": -1, "device_end": -1, "host_queued_end": 1585500481.327881}, "device": "cpu", "nd_range": {"device_start": 2168255.517534877, "device_end": 2168255.5175355673}, "cmdq": 0, "read": {"device_start": -1, "device_end": -1}}, "coalesced_transpose21": {"write": {"device_start": -1, "host_queued_start": 1585500481.312477, "device_queued": -1, "device_end": -1, "host_queued_end": 1585500481.327881}, "device": "cpu", "nd_range": {"device_start": 2168255.611957351, "device_end": 2168255.612062456}, "cmdq": 0, "read": {"device_start": -1, "device_end": -1}}, "FFC_sans_bias36": {"write": {"device_start": -1, "host_queued_start": 1585500481.303065, "device_queued": -1, "device_end": -1, "host_queued_end": 1585500481.327881}, "device": "cpu", "nd_range": {"device_start": 2168255.57018169, "device_end": 2168255.574718283}, "cmdq": 0, "read": {"device_start": -1, "device_end": -1}}, "softmax14": {"write": {"device_start": -1, "host_queued_start": 1585500481.316914, "device_queued": -1, "device_end": -1, "host_queued_end": 1585500481.327881}, "device": "cpu", "nd_range": {"device_start": 2168255.645380935, "device_end": 2168255.6454950213}, "cmdq": 0, "read": {"device_start": -1, "device_end": -1}}, "FFC_sans_bias13": {"write": {"device_start": -1, "host_queued_start": 1585500481.314589, "device_queued": -1, "device_end": -1, "host_queued_end": 1585500481.327881}, "device": "cpu", "nd_range": {"device_start": 2168255.61715074, "device_end": 2168255.6219390393}, "cmdq": 0, "read": {"device_start": -1, "device_end": -1}}, "empty8": {"write": {"device_start": -1, "host_queued_start": 1585500481.284341, "device_queued": -1, "device_end": -1, "host_queued_end": 1585500481.327881}, "device": "cpu", "nd_range": {"device_start": 2168255.5174852773, "device_end": 2168255.517499586}, "cmdq": 0, "read": {"device_start": -1, "device_end": -1}}, "FFC_sans_bias42": {"write": {"device_start": -1, "host_queued_start": 1585500481.320107, "device_queued": -1, "device_end": -1, "host_queued_end": 1585500481.327881}, "device": "cpu", "nd_range": {"device_start": 2168255.664084873, "device_end": 2168255.6684932304}, "cmdq": 0, "read": {"device_start": -1, "device_end": -1}}, "FFC_sans_bias43": {"write": {"device_start": -1, "host_queued_start": 1585500481.325845, "device_queued": -1, "device_end": -1, "host_queued_end": 1585500481.327881}, "device": "cpu", "nd_range": {"device_start": 2168255.6957614273, "device_end": 2168255.700295897}, "cmdq": 0, "read": {"device_start": -1, "device_end": -1}}, "FFC_sans_bias40": {"write": {"device_start": -1, "host_queued_start": 1585500481.315651, "device_queued": -1, "device_end": -1, "host_queued_end": 1585500481.327881}, "device": "cpu", "nd_range": {"device_start": 2168255.630972269, "device_end": 2168255.63527834}, "cmdq": 0, "read": {"device_start": -1, "device_end": -1}}, "softmax32": {"write": {"device_start": -1, "host_queued_start": 1585500481.31748, "device_queued": -1, "device_end": -1, "host_queued_end": 1585500481.327881}, "device": "cpu", "nd_range": {"device_start": 2168255.645617419, "device_end": 2168255.6457274463}, "cmdq": 0, "read": {"device_start": -1, "device_end": -1}}, "FFC_sans_bias47": {"write": {"device_start": -1, "host_queued_start": 1585500481.308308, "device_queued": -1, "device_end": -1, "host_queued_end": 1585500481.327881}, "device": "cpu", "nd_range": {"device_start": 2168255.593132922, "device_end": 2168255.59754951}, "cmdq": 0, "read": {"device_start": -1, "device_end": -1}}, "FFC_sans_bias45": {"write": {"device_start": -1, "host_queued_start": 1585500481.306195, "device_queued": -1, "device_end": -1, "host_queued_end": 1585500481.327881}, "device": "cpu", "nd_range": {"device_start": 2168255.583844936, "device_end": 2168255.588535563}, "cmdq": 0, "read": {"device_start": -1, "device_end": -1}}, "softmax50": {"write": {"device_start": -1, "host_queued_start": 1585500481.318093, "device_queued": -1, "device_end": -1, "host_queued_end": 1585500481.327881}, "device": "cpu", "nd_range": {"device_start": 2168255.6458494873, "device_end": 2168255.645959836}, "cmdq": 0, "read": {"device_start": -1, "device_end": -1}}, "FFC_sans_bias33": {"write": {"device_start": -1, "host_queued_start": 1585500481.319767, "device_queued": -1, "device_end": -1, "host_queued_end": 1585500481.327881}, "device": "cpu", "nd_range": {"device_start": 2168255.659316195, "device_end": 2168255.664079967}, "cmdq": 0, "read": {"device_start": -1, "device_end": -1}}, "FFC_sans_bias63": {"write": {"device_start": 1585500418.356336, "host_queued_start": 1585500481.280482, "device_queued": 1585500418.3560233, "device_end": 1585500418.3563616, "host_queued_end": 1585500481.282906}, "device": "gpu", "nd_range": {"device_start": 1585500418.3563669, "device_end": 1585500418.357859}, "cmdq": 3, "read": {"device_start": -1, "device_end": -1}}, "FFC_sans_bias49": {"write": {"device_start": -1, "host_queued_start": 1585500481.31601, "device_queued": -1, "device_end": -1, "host_queued_end": 1585500481.327881}, "device": "cpu", "nd_range": {"device_start": 2168255.63528421, "device_end": 2168255.6398788183}, "cmdq": 0, "read": {"device_start": -1, "device_end": -1}}, "FFC_sans_bias64": {"write": {"device_start": 1585500418.3561556, "host_queued_start": 1585500481.278284, "device_queued": 1585500418.355988, "device_end": 1585500418.356215, "host_queued_end": 1585500481.282906}, "device": "gpu", "nd_range": {"device_start": 1585500418.3562512, "device_end": 1585500418.3568878}, "cmdq": 1, "read": {"device_start": -1, "device_end": -1}}, "FFC_sans_bias65": {"write": {"device_start": 1585500418.3562498, "host_queued_start": 1585500481.279415, "device_queued": 1585500418.356006, "device_end": 1585500418.3563175, "host_queued_end": 1585500481.282906}, "device": "gpu", "nd_range": {"device_start": 1585500418.3563232, "device_end": 1585500418.357292}, "cmdq": 2, "read": {"device_start": -1, "device_end": -1}}, "FFC_sans_bias67": {"write": {"device_start": -1, "host_queued_start": 1585500481.281189, "device_queued": -1, "device_end": -1, "host_queued_end": 1585500481.282906}, "device": "gpu", "nd_range": {"device_start": 1585500418.3578618, "device_end": 1585500418.358458}, "cmdq": 0, "read": {"device_start": -1, "device_end": -1}}, "FFC_sans_bias24": {"write": {"device_start": -1, "host_queued_start": 1585500481.319425, "device_queued": -1, "device_end": -1, "host_queued_end": 1585500481.327881}, "device": "cpu", "nd_range": {"device_start": 2168255.655109304, "device_end": 2168255.659311052}, "cmdq": 0, "read": {"device_start": -1, "device_end": -1}}, "FFC_sans_bias25": {"write": {"device_start": -1, "host_queued_start": 1585500481.323866, "device_queued": -1, "device_end": -1, "host_queued_end": 1585500481.327881}, "device": "cpu", "nd_range": {"device_start": 2168255.686897587, "device_end": 2168255.691451541}, "cmdq": 0, "read": {"device_start": -1, "device_end": -1}}, "FFC_sans_bias27": {"write": {"device_start": -1, "host_queued_start": 1585500481.29989, "device_queued": -1, "device_end": -1, "host_queued_end": 1585500481.327881}, "device": "cpu", "nd_range": {"device_start": 2168255.5569031984, "device_end": 2168255.561271641}, "cmdq": 0, "read": {"device_start": -1, "device_end": -1}}, "FFC_sans_bias20": {"write": {"device_start": -1, "host_queued_start": 1585500481.298843, "device_queued": -1, "device_end": -1, "host_queued_end": 1585500481.327881}, "device": "cpu", "nd_range": {"device_start": 2168255.5523707103, "device_end": 2168255.556897369}, "cmdq": 0, "read": {"device_start": -1, "device_end": -1}}, "FFC_sans_bias22": {"write": {"device_start": -1, "host_queued_start": 1585500481.314939, "device_queued": -1, "device_end": -1, "host_queued_end": 1585500481.327881}, "device": "cpu", "nd_range": {"device_start": 2168255.622046507, "device_end": 2168255.6261025243}, "cmdq": 0, "read": {"device_start": -1, "device_end": -1}}, "softmax68": {"write": {"device_start": -1, "host_queued_start": 1585500481.281445, "device_queued": -1, "device_end": -1, "host_queued_end": 1585500481.282906}, "device": "gpu", "nd_range": {"device_start": 1585500418.3584654, "device_end": 1585500418.358656}, "cmdq": 1, "read": {"device_start": -1, "device_end": -1}}, "softmax5": {"write": {"device_start": -1, "host_queued_start": 1585500481.316637, "device_queued": -1, "device_end": -1, "host_queued_end": 1585500481.327881}, "device": "cpu", "nd_range": {"device_start": 2168255.64432741, "device_end": 2168255.645375343}, "cmdq": 0, "read": {"device_start": -1, "device_end": -1}}, "FFC_sans_bias28": {"write": {"device_start": -1, "host_queued_start": 1585500481.300948, "device_queued": -1, "device_end": -1, "host_queued_end": 1585500481.327881}, "device": "cpu", "nd_range": {"device_start": 2168255.5612770934, "device_end": 2168255.565792119}, "cmdq": 0, "read": {"device_start": -1, "device_end": -1}}, "FFC_sans_bias29": {"write": {"device_start": -1, "host_queued_start": 1585500481.301995, "device_queued": -1, "device_end": -1, "host_queued_end": 1585500481.327881}, "device": "cpu", "nd_range": {"device_start": 2168255.5657977713, "device_end": 2168255.5701763323}, "cmdq": 0, "read": {"device_start": -1, "device_end": -1}}, "empty17": {"write": {"device_start": -1, "host_queued_start": 1585500481.285226, "device_queued": -1, "device_end": -1, "host_queued_end": 1585500481.327881}, "device": "cpu", "nd_range": {"device_start": 2168255.51752001, "device_end": 2168255.5175210643}, "cmdq": 0, "read": {"device_start": -1, "device_end": -1}}, "softmax59": {"write": {"device_start": -1, "host_queued_start": 1585500481.31837, "device_queued": -1, "device_end": -1, "host_queued_end": 1585500481.327881}, "device": "cpu", "nd_range": {"device_start": 2168255.6459648074, "device_end": 2168255.6460742312}, "cmdq": 0, "read": {"device_start": -1, "device_end": -1}}, "empty71": {"write": {"device_start": 1585500418.3560424, "host_queued_start": 1585500481.277074, "device_queued": 1585500418.355911, "device_end": 1585500418.3560846, "host_queued_end": 1585500481.282906}, "device": "gpu", "nd_range": {"device_start": 1585500418.3560889, "device_end": 1585500418.356094}, "cmdq": 0, "read": {"device_start": -1, "device_end": -1}}, "empty35": {"write": {"device_start": -1, "host_queued_start": 1585500481.286916, "device_queued": -1, "device_end": -1, "host_queued_end": 1585500481.327881}, "device": "cpu", "nd_range": {"device_start": 2168255.51752999, "device_end": 2168255.517530614}, "cmdq": 0, "read": {"device_start": -1, "device_end": -1}}, "empty53": {"write": {"device_start": -1, "host_queued_start": 1585500481.288584, "device_queued": -1, "device_end": -1, "host_queued_end": 1585500481.327881}, "device": "cpu", "nd_range": {"device_start": 2168255.517540167, "device_end": 2168255.517540813}, "cmdq": 0, "read": {"device_start": -1, "device_end": -1}}, "FFC_sans_bias46": {"write": {"device_start": -1, "host_queued_start": 1585500481.307262, "device_queued": -1, "device_end": -1, "host_queued_end": 1585500481.327881}, "device": "cpu", "nd_range": {"device_start": 2168255.58854052, "device_end": 2168255.593127799}, "cmdq": 0, "read": {"device_start": -1, "device_end": -1}}, "coalesced_transpose66": {"write": {"device_start": -1, "host_queued_start": 1585500481.280838, "device_queued": -1, "device_end": -1, "host_queued_end": 1585500481.282906}, "device": "gpu", "nd_range": {"device_start": 1585500418.356893, "device_end": 1585500418.3576977}, "cmdq": 4, "read": {"device_start": -1, "device_end": -1}}, "coalesced_transpose48": {"write": {"device_start": -1, "host_queued_start": 1585500481.313471, "device_queued": -1, "device_end": -1, "host_queued_end": 1585500481.327881}, "device": "cpu", "nd_range": {"device_start": 2168255.612677634, "device_end": 2168255.6128264233}, "cmdq": 0, "read": {"device_start": -1, "device_end": -1}}}