{"FFC_sans_bias60": {"write": {"device_start": -1, "host_queued_start": 1585500492.511529, "device_queued": -1, "device_end": -1, "host_queued_end": 1585500492.518332}, "device": "gpu", "nd_range": {"device_start": 1585500429.6049728, "device_end": 1585500429.6067479}, "cmdq": 1, "read": {"device_start": -1, "device_end": -1}}, "FFC_sans_bias4": {"write": {"device_start": -1, "host_queued_start": 1585500492.52944, "device_queued": -1, "device_end": -1, "host_queued_end": 1585500492.533275}, "device": "cpu", "nd_range": {"device_start": 2168266.7483196002, "device_end": 2168266.7559212893}, "cmdq": 0, "read": {"device_start": -1, "device_end": -1}}, "FFC_sans_bias7": {"write": {"device_start": -1, "host_queued_start": 1585500492.53218, "device_queued": -1, "device_end": -1, "host_queued_end": 1585500492.533275}, "device": "cpu", "nd_range": {"device_start": 2168266.762506667, "device_end": 2168266.770268567}, "cmdq": 0, "read": {"device_start": -1, "device_end": -1}}, "FFC_sans_bias6": {"write": {"device_start": -1, "host_queued_start": 1585500492.530757, "device_queued": -1, "device_end": -1, "host_queued_end": 1585500492.533275}, "device": "cpu", "nd_range": {"device_start": 2168266.757257021, "device_end": 2168266.762500614}, "cmdq": 0, "read": {"device_start": -1, "device_end": -1}}, "FFC_sans_bias1": {"write": {"device_start": -1, "host_queued_start": 1585500492.523797, "device_queued": -1, "device_end": -1, "host_queued_end": 1585500492.533275}, "device": "cpu", "nd_range": {"device_start": 2168266.722911064, "device_end": 2168266.7309103953}, "cmdq": 1, "read": {"device_start": -1, "device_end": -1}}, "FFC_sans_bias0": {"write": {"device_start": -1, "host_queued_start": 1585500492.522534, "device_queued": -1, "device_end": -1, "host_queued_end": 1585500492.533275}, "device": "cpu", "nd_range": {"device_start": 2168266.7229113523, "device_end": 2168266.731466465}, "cmdq": 0, "read": {"device_start": -1, "device_end": -1}}, "FFC_sans_bias2": {"write": {"device_start": -1, "host_queued_start": 1585500492.52504, "device_queued": -1, "device_end": -1, "host_queued_end": 1585500492.533275}, "device": "cpu", "nd_range": {"device_start": 2168266.7315924643, "device_end": 2168266.740602794}, "cmdq": 0, "read": {"device_start": -1, "device_end": -1}}, "FFC_sans_bias61": {"write": {"device_start": 1585500429.6072748, "host_queued_start": 1585500492.517077, "device_queued": 1585500429.5954592, "device_end": 1585500429.6073003, "host_queued_end": 1585500492.518332}, "device": "gpu", "nd_range": {"device_start": 1585500429.6073117, "device_end": 1585500429.6095898}, "cmdq": 2, "read": {"device_start": 1585500429.6095996, "device_end": 1585500429.6096215}}, "FFC_sans_bias52": {"write": {"device_start": 1585500429.6068366, "host_queued_start": 1585500492.516021, "device_queued": 1585500429.5954354, "device_end": 1585500429.6068614, "host_queued_end": 1585500492.518332}, "device": "gpu", "nd_range": {"device_start": 1585500429.6068711, "device_end": 1585500429.6091526}, "cmdq": 1, "read": {"device_start": 1585500429.6091588, "device_end": 1585500429.6091821}}, "FFC_sans_bias9": {"write": {"device_start": -1, "host_queued_start": 1585500492.526192, "device_queued": -1, "device_end": -1, "host_queued_end": 1585500492.533275}, "device": "cpu", "nd_range": {"device_start": 2168266.7310547233, "device_end": 2168266.736974228}, "cmdq": 1, "read": {"device_start": -1, "device_end": -1}}, "coalesced_transpose39": {"write": {"device_start": -1, "host_queued_start": 1585500492.505631, "device_queued": -1, "device_end": -1, "host_queued_end": 1585500492.518332}, "device": "gpu", "nd_range": {"device_start": 1585500429.599661, "device_end": 1585500429.6005533}, "cmdq": 1, "read": {"device_start": -1, "device_end": -1}}, "FFC_sans_bias55": {"write": {"device_start": 1585500429.5969272, "host_queued_start": 1585500492.501519, "device_queued": 1585500429.5931222, "device_end": 1585500429.5969536, "host_queued_end": 1585500492.518332}, "device": "gpu", "nd_range": {"device_start": 1585500429.5969698, "device_end": 1585500429.599203}, "cmdq": 0, "read": {"device_start": -1, "device_end": -1}}, "FFC_sans_bias54": {"write": {"device_start": 1585500429.5963986, "host_queued_start": 1585500492.500464, "device_queued": 1585500429.592853, "device_end": 1585500429.5964255, "host_queued_end": 1585500492.518332}, "device": "gpu", "nd_range": {"device_start": 1585500429.59643, "device_end": 1585500429.5986898}, "cmdq": 4, "read": {"device_start": -1, "device_end": -1}}, "FFC_sans_bias56": {"write": {"device_start": 1585500429.5959375, "host_queued_start": 1585500492.499393, "device_queued": 1585500429.5928328, "device_end": 1585500429.595963, "host_queued_end": 1585500492.518332}, "device": "gpu", "nd_range": {"device_start": 1585500429.5959702, "device_end": 1585500429.5982296}, "cmdq": 3, "read": {"device_start": -1, "device_end": -1}}, "FFC_sans_bias51": {"write": {"device_start": -1, "host_queued_start": 1585500492.511216, "device_queued": -1, "device_end": -1, "host_queued_end": 1585500492.518332}, "device": "gpu", "nd_range": {"device_start": 1585500429.6041856, "device_end": 1585500429.6047938}, "cmdq": 0, "read": {"device_start": -1, "device_end": -1}}, "softmax23": {"write": {"device_start": -1, "host_queued_start": 1585500492.508702, "device_queued": -1, "device_end": -1, "host_queued_end": 1585500492.518332}, "device": "gpu", "nd_range": {"device_start": 1585500429.6016083, "device_end": 1585500429.604188}, "cmdq": 1, "read": {"device_start": -1, "device_end": -1}}, "FFC_sans_bias37": {"write": {"device_start": 1585500429.593622, "host_queued_start": 1585500492.49406, "device_queued": 1585500429.5922346, "device_end": 1585500429.593654, "host_queued_end": 1585500492.518332}, "device": "gpu", "nd_range": {"device_start": 1585500429.5936608, "device_end": 1585500429.5958316}, "cmdq": 3, "read": {"device_start": -1, "device_end": -1}}, "empty62": {"write": {"device_start": 1585500429.5914822, "host_queued_start": 1585500492.484752, "device_queued": 1585500429.591378, "device_end": 1585500429.5915325, "host_queued_end": 1585500492.518332}, "device": "gpu", "nd_range": {"device_start": 1585500429.5915356, "device_end": 1585500429.5915399}, "cmdq": 4, "read": {"device_start": -1, "device_end": -1}}, "FFC_sans_bias70": {"write": {"device_start": 1585500429.6079051, "host_queued_start": 1585500492.518234, "device_queued": 1585500429.595658, "device_end": 1585500429.607931, "host_queued_end": 1585500492.518332}, "device": "gpu", "nd_range": {"device_start": 1585500429.6079433, "device_end": 1585500429.6100745}, "cmdq": 3, "read": {"device_start": 1585500429.6100774, "device_end": 1585500429.6101003}}, "FFC_sans_bias58": {"write": {"device_start": -1, "host_queued_start": 1585500492.508134, "device_queued": -1, "device_end": -1, "host_queued_end": 1585500492.518332}, "device": "gpu", "nd_range": {"device_start": 1585500429.6010122, "device_end": 1585500429.6031022}, "cmdq": 4, "read": {"device_start": -1, "device_end": -1}}, "softmax41": {"write": {"device_start": -1, "host_queued_start": 1585500492.5092, "device_queued": -1, "device_end": -1, "host_queued_end": 1585500492.518332}, "device": "gpu", "nd_range": {"device_start": 1585500429.6031296, "device_end": 1585500429.6042109}, "cmdq": 3, "read": {"device_start": -1, "device_end": -1}}, "FFC_sans_bias11": {"write": {"device_start": -1, "host_queued_start": 1585500492.528386, "device_queued": -1, "device_end": -1, "host_queued_end": 1585500492.533275}, "device": "cpu", "nd_range": {"device_start": 2168266.738908084, "device_end": 2168266.744627166}, "cmdq": 1, "read": {"device_start": -1, "device_end": -1}}, "FFC_sans_bias10": {"write": {"device_start": -1, "host_queued_start": 1585500492.527306, "device_queued": -1, "device_end": -1, "host_queued_end": 1585500492.533275}, "device": "cpu", "nd_range": {"device_start": 2168266.740720279, "device_end": 2168266.748157484}, "cmdq": 0, "read": {"device_start": -1, "device_end": -1}}, "coalesced_transpose3": {"write": {"device_start": -1, "host_queued_start": 1585500492.528727, "device_queued": -1, "device_end": -1, "host_queued_end": 1585500492.533275}, "device": "cpu", "nd_range": {"device_start": 2168266.748166357, "device_end": 2168266.7483129613}, "cmdq": 0, "read": {"device_start": -1, "device_end": -1}}, "FFC_sans_bias34": {"write": {"device_start": 1585500429.6063032, "host_queued_start": 1585500492.513928, "device_queued": 1585500429.5948682, "device_end": 1585500429.606332, "host_queued_end": 1585500492.518332}, "device": "gpu", "nd_range": {"device_start": 1585500429.6063454, "device_end": 1585500429.60818}, "cmdq": 4, "read": {"device_start": 1585500429.6081893, "device_end": 1585500429.6082144}}, "FFC_sans_bias15": {"write": {"device_start": -1, "host_queued_start": 1585500492.53112, "device_queued": -1, "device_end": -1, "host_queued_end": 1585500492.533275}, "device": "cpu", "nd_range": {"device_start": 2168266.7636317313, "device_end": 2168266.770787356}, "cmdq": 1, "read": {"device_start": -1, "device_end": -1}}, "FFC_sans_bias31": {"write": {"device_start": -1, "host_queued_start": 1585500492.507186, "device_queued": -1, "device_end": -1, "host_queued_end": 1585500492.518332}, "device": "gpu", "nd_range": {"device_start": 1585500429.6006677, "device_end": 1585500429.6015937}, "cmdq": 1, "read": {"device_start": -1, "device_end": -1}}, "FFC_sans_bias16": {"write": {"device_start": -1, "host_queued_start": 1585500492.533229, "device_queued": -1, "device_end": -1, "host_queued_end": 1585500492.533275}, "device": "cpu", "nd_range": {"device_start": 2168266.770795459, "device_end": 2168266.780610181}, "cmdq": 1, "read": {"device_start": -1, "device_end": -1}}, "FFC_sans_bias19": {"write": {"device_start": 1585500429.591774, "host_queued_start": 1585500492.487624, "device_queued": 1585500429.5915573, "device_end": 1585500429.5918465, "host_queued_end": 1585500492.518332}, "device": "gpu", "nd_range": {"device_start": 1585500429.591853, "device_end": 1585500429.5928562}, "cmdq": 2, "read": {"device_start": -1, "device_end": -1}}, "FFC_sans_bias18": {"write": {"device_start": 1585500429.5916753, "host_queued_start": 1585500492.486559, "device_queued": 1585500429.59154, "device_end": 1585500429.5917442, "host_queued_end": 1585500492.518332}, "device": "gpu", "nd_range": {"device_start": 1585500429.5918372, "device_end": 1585500429.5924485}, "cmdq": 1, "read": {"device_start": -1, "device_end": -1}}, "coalesced_transpose30": {"write": {"device_start": -1, "host_queued_start": 1585500492.505322, "device_queued": -1, "device_end": -1, "host_queued_end": 1585500492.518332}, "device": "gpu", "nd_range": {"device_start": 1585500429.5992045, "device_end": 1585500429.600533}, "cmdq": 0, "read": {"device_start": -1, "device_end": -1}}, "FFC_sans_bias69": {"write": {"device_start": -1, "host_queued_start": 1585500492.511845, "device_queued": -1, "device_end": -1, "host_queued_end": 1585500492.518332}, "device": "gpu", "nd_range": {"device_start": 1585500429.6062057, "device_end": 1585500429.607186}, "cmdq": 2, "read": {"device_start": -1, "device_end": -1}}, "FFC_sans_bias38": {"write": {"device_start": 1585500429.593994, "host_queued_start": 1585500492.49517, "device_queued": 1585500429.5922563, "device_end": 1585500429.5940247, "host_queued_end": 1585500492.518332}, "device": "gpu", "nd_range": {"device_start": 1585500429.5940301, "device_end": 1585500429.5962937}, "cmdq": 4, "read": {"device_start": -1, "device_end": -1}}, "coalesced_transpose57": {"write": {"device_start": -1, "host_queued_start": 1585500492.506239, "device_queued": -1, "device_end": -1, "host_queued_end": 1585500492.518332}, "device": "gpu", "nd_range": {"device_start": 1585500429.6006513, "device_end": 1585500429.6009927}, "cmdq": 3, "read": {"device_start": -1, "device_end": -1}}, "empty26": {"write": {"device_start": 1585500429.5910716, "host_queued_start": 1585500492.481136, "device_queued": 1585500429.590952, "device_end": 1585500429.5911245, "host_queued_end": 1585500492.518332}, "device": "gpu", "nd_range": {"device_start": 1585500429.5911427, "device_end": 1585500429.591148}, "cmdq": 0, "read": {"device_start": -1, "device_end": -1}}, "coalesced_transpose12": {"write": {"device_start": -1, "host_queued_start": 1585500492.529068, "device_queued": -1, "device_end": -1, "host_queued_end": 1585500492.533275}, "device": "cpu", "nd_range": {"device_start": 2168266.7504750593, "device_end": 2168266.750710988}, "cmdq": 1, "read": {"device_start": -1, "device_end": -1}}, "empty44": {"write": {"device_start": 1585500429.5912979, "host_queued_start": 1585500492.483061, "device_queued": 1585500429.591101, "device_end": 1585500429.5913644, "host_queued_end": 1585500492.518332}, "device": "gpu", "nd_range": {"device_start": 1585500429.5914617, "device_end": 1585500429.591479}, "cmdq": 2, "read": {"device_start": -1, "device_end": -1}}, "coalesced_transpose21": {"write": {"device_start": -1, "host_queued_start": 1585500492.505017, "device_queued": -1, "device_end": -1, "host_queued_end": 1585500492.518332}, "device": "gpu", "nd_range": {"device_start": 1585500429.598691, "device_end": 1585500429.600513}, "cmdq": 4, "read": {"device_start": -1, "device_end": -1}}, "FFC_sans_bias36": {"write": {"device_start": 1585500429.592936, "host_queued_start": 1585500492.493032, "device_queued": 1585500429.5922208, "device_end": 1585500429.592966, "host_queued_end": 1585500492.518332}, "device": "gpu", "nd_range": {"device_start": 1585500429.592973, "device_end": 1585500429.595319}, "cmdq": 2, "read": {"device_start": -1, "device_end": -1}}, "softmax14": {"write": {"device_start": -1, "host_queued_start": 1585500492.530384, "device_queued": -1, "device_end": -1, "host_queued_end": 1585500492.533275}, "device": "cpu", "nd_range": {"device_start": 2168266.756928849, "device_end": 2168266.763623352}, "cmdq": 1, "read": {"device_start": -1, "device_end": -1}}, "FFC_sans_bias13": {"write": {"device_start": -1, "host_queued_start": 1585500492.52981, "device_queued": -1, "device_end": -1, "host_queued_end": 1585500492.533275}, "device": "cpu", "nd_range": {"device_start": 2168266.7507182993, "device_end": 2168266.756922694}, "cmdq": 1, "read": {"device_start": -1, "device_end": -1}}, "empty8": {"write": {"device_start": -1, "host_queued_start": 1585500492.520036, "device_queued": -1, "device_end": -1, "host_queued_end": 1585500492.533275}, "device": "cpu", "nd_range": {"device_start": 2168266.722880303, "device_end": 2168266.722893629}, "cmdq": 0, "read": {"device_start": -1, "device_end": -1}}, "FFC_sans_bias42": {"write": {"device_start": -1, "host_queued_start": 1585500492.510901, "device_queued": -1, "device_end": -1, "host_queued_end": 1585500492.518332}, "device": "gpu", "nd_range": {"device_start": 1585500429.6042304, "device_end": 1585500429.606192}, "cmdq": 4, "read": {"device_start": -1, "device_end": -1}}, "FFC_sans_bias43": {"write": {"device_start": 1585500429.6064255, "host_queued_start": 1585500492.514979, "device_queued": 1585500429.5951931, "device_end": 1585500429.6064508, "host_queued_end": 1585500492.518332}, "device": "gpu", "nd_range": {"device_start": 1585500429.6064625, "device_end": 1585500429.6086354}, "cmdq": 0, "read": {"device_start": 1585500429.6086395, "device_end": 1585500429.6086621}}, "FFC_sans_bias40": {"write": {"device_start": -1, "host_queued_start": 1585500492.507497, "device_queued": -1, "device_end": -1, "host_queued_end": 1585500492.518332}, "device": "gpu", "nd_range": {"device_start": 1585500429.6006792, "device_end": 1585500429.6021454}, "cmdq": 2, "read": {"device_start": -1, "device_end": -1}}, "softmax32": {"write": {"device_start": -1, "host_queued_start": 1585500492.508955, "device_queued": -1, "device_end": -1, "host_queued_end": 1585500492.518332}, "device": "gpu", "nd_range": {"device_start": 1585500429.6031208, "device_end": 1585500429.6042}, "cmdq": 2, "read": {"device_start": -1, "device_end": -1}}, "FFC_sans_bias47": {"write": {"device_start": 1585500429.595433, "host_queued_start": 1585500492.498331, "device_queued": 1585500429.5927234, "device_end": 1585500429.5954602, "host_queued_end": 1585500492.518332}, "device": "gpu", "nd_range": {"device_start": 1585500429.5954638, "device_end": 1585500429.5977778}, "cmdq": 2, "read": {"device_start": -1, "device_end": -1}}, "FFC_sans_bias45": {"write": {"device_start": 1585500429.594486, "host_queued_start": 1585500492.496211, "device_queued": 1585500429.5926294, "device_end": 1585500429.5945184, "host_queued_end": 1585500492.518332}, "device": "gpu", "nd_range": {"device_start": 1585500429.5945218, "device_end": 1585500429.596822}, "cmdq": 0, "read": {"device_start": -1, "device_end": -1}}, "softmax50": {"write": {"device_start": -1, "host_queued_start": 1585500492.509441, "device_queued": -1, "device_end": -1, "host_queued_end": 1585500492.518332}, "device": "gpu", "nd_range": {"device_start": 1585500429.603111, "device_end": 1585500429.604176}, "cmdq": 4, "read": {"device_start": -1, "device_end": -1}}, "FFC_sans_bias33": {"write": {"device_start": -1, "host_queued_start": 1585500492.510582, "device_queued": -1, "device_end": -1, "host_queued_end": 1585500492.518332}, "device": "gpu", "nd_range": {"device_start": 1585500429.604221, "device_end": 1585500429.6057813}, "cmdq": 3, "read": {"device_start": -1, "device_end": -1}}, "FFC_sans_bias63": {"write": {"device_start": 1585500429.598333, "host_queued_start": 1585500492.504688, "device_queued": 1585500429.5933185, "device_end": 1585500429.5983598, "host_queued_end": 1585500492.518332}, "device": "gpu", "nd_range": {"device_start": 1585500429.5983746, "device_end": 1585500429.6006417}, "cmdq": 3, "read": {"device_start": -1, "device_end": -1}}, "FFC_sans_bias49": {"write": {"device_start": -1, "host_queued_start": 1585500492.507817, "device_queued": -1, "device_end": -1, "host_queued_end": 1585500492.518332}, "device": "gpu", "nd_range": {"device_start": 1585500429.6010036, "device_end": 1585500429.602586}, "cmdq": 3, "read": {"device_start": -1, "device_end": -1}}, "FFC_sans_bias64": {"write": {"device_start": 1585500429.5973651, "host_queued_start": 1585500492.502602, "device_queued": 1585500429.593273, "device_end": 1585500429.5973914, "host_queued_end": 1585500492.518332}, "device": "gpu", "nd_range": {"device_start": 1585500429.5973978, "device_end": 1585500429.5996566}, "cmdq": 1, "read": {"device_start": -1, "device_end": -1}}, "FFC_sans_bias65": {"write": {"device_start": 1585500429.5978897, "host_queued_start": 1585500492.503657, "device_queued": 1585500429.5933027, "device_end": 1585500429.5979154, "host_queued_end": 1585500492.518332}, "device": "gpu", "nd_range": {"device_start": 1585500429.5979207, "device_end": 1585500429.600179}, "cmdq": 2, "read": {"device_start": -1, "device_end": -1}}, "FFC_sans_bias67": {"write": {"device_start": -1, "host_queued_start": 1585500492.508444, "device_queued": -1, "device_end": -1, "host_queued_end": 1585500492.518332}, "device": "gpu", "nd_range": {"device_start": 1585500429.601166, "device_end": 1585500429.6035607}, "cmdq": 0, "read": {"device_start": -1, "device_end": -1}}, "FFC_sans_bias24": {"write": {"device_start": -1, "host_queued_start": 1585500492.510258, "device_queued": -1, "device_end": -1, "host_queued_end": 1585500492.518332}, "device": "gpu", "nd_range": {"device_start": 1585500429.6042082, "device_end": 1585500429.6052008}, "cmdq": 2, "read": {"device_start": -1, "device_end": -1}}, "FFC_sans_bias25": {"write": {"device_start": 1585500429.6059213, "host_queued_start": 1585500492.512875, "device_queued": 1585500429.5949044, "device_end": 1585500429.6059568, "host_queued_end": 1585500492.518332}, "device": "gpu", "nd_range": {"device_start": 1585500429.6062145, "device_end": 1585500429.6077151}, "cmdq": 3, "read": {"device_start": 1585500429.6077266, "device_end": 1585500429.6077518}}, "FFC_sans_bias27": {"write": {"device_start": 1585500429.5919635, "host_queued_start": 1585500492.489867, "device_queued": 1585500429.5917773, "device_end": 1585500429.5919876, "host_queued_end": 1585500492.518332}, "device": "gpu", "nd_range": {"device_start": 1585500429.5920303, "device_end": 1585500429.5938604}, "cmdq": 4, "read": {"device_start": -1, "device_end": -1}}, "FFC_sans_bias20": {"write": {"device_start": 1585500429.591877, "host_queued_start": 1585500492.488671, "device_queued": 1585500429.5917559, "device_end": 1585500429.5919414, "host_queued_end": 1585500492.518332}, "device": "gpu", "nd_range": {"device_start": 1585500429.592017, "device_end": 1585500429.5934353}, "cmdq": 3, "read": {"device_start": -1, "device_end": -1}}, "FFC_sans_bias22": {"write": {"device_start": -1, "host_queued_start": 1585500492.506866, "device_queued": -1, "device_end": -1, "host_queued_end": 1585500492.518332}, "device": "gpu", "nd_range": {"device_start": 1585500429.6005452, "device_end": 1585500429.6011567}, "cmdq": 0, "read": {"device_start": -1, "device_end": -1}}, "softmax68": {"write": {"device_start": -1, "host_queued_start": 1585500492.509944, "device_queued": -1, "device_end": -1, "host_queued_end": 1585500492.518332}, "device": "gpu", "nd_range": {"device_start": 1585500429.6041968, "device_end": 1585500429.604964}, "cmdq": 1, "read": {"device_start": -1, "device_end": -1}}, "softmax5": {"write": {"device_start": -1, "host_queued_start": 1585500492.530099, "device_queued": -1, "device_end": -1, "host_queued_end": 1585500492.533275}, "device": "cpu", "nd_range": {"device_start": 2168266.7560465373, "device_end": 2168266.757237845}, "cmdq": 0, "read": {"device_start": -1, "device_end": -1}}, "FFC_sans_bias28": {"write": {"device_start": 1585500429.5921347, "host_queued_start": 1585500492.490958, "device_queued": 1585500429.5920377, "device_end": 1585500429.592165, "host_queued_end": 1585500492.518332}, "device": "gpu", "nd_range": {"device_start": 1585500429.5921683, "device_end": 1585500429.5943606}, "cmdq": 0, "read": {"device_start": -1, "device_end": -1}}, "FFC_sans_bias29": {"write": {"device_start": 1585500429.5925777, "host_queued_start": 1585500492.491997, "device_queued": 1585500429.5921934, "device_end": 1585500429.5926082, "host_queued_end": 1585500492.518332}, "device": "gpu", "nd_range": {"device_start": 1585500429.5926113, "device_end": 1585500429.5948482}, "cmdq": 1, "read": {"device_start": -1, "device_end": -1}}, "empty17": {"write": {"device_start": -1, "host_queued_start": 1585500492.521225, "device_queued": -1, "device_end": -1, "host_queued_end": 1585500492.533275}, "device": "cpu", "nd_range": {"device_start": 2168266.722880224, "device_end": 2168266.722893637}, "cmdq": 1, "read": {"device_start": -1, "device_end": -1}}, "softmax59": {"write": {"device_start": -1, "host_queued_start": 1585500492.509693, "device_queued": -1, "device_end": -1, "host_queued_end": 1585500492.518332}, "device": "gpu", "nd_range": {"device_start": 1585500429.6035705, "device_end": 1585500429.6037858}, "cmdq": 0, "read": {"device_start": -1, "device_end": -1}}, "empty71": {"write": {"device_start": 1585500429.5915766, "host_queued_start": 1585500492.485587, "device_queued": 1585500429.591486, "device_end": 1585500429.5916405, "host_queued_end": 1585500492.518332}, "device": "gpu", "nd_range": {"device_start": 1585500429.5916443, "device_end": 1585500429.591648}, "cmdq": 0, "read": {"device_start": -1, "device_end": -1}}, "empty35": {"write": {"device_start": 1585500429.59119, "host_queued_start": 1585500492.482188, "device_queued": 1585500429.591075, "device_end": 1585500429.5912557, "host_queued_end": 1585500492.518332}, "device": "gpu", "nd_range": {"device_start": 1585500429.5914316, "device_end": 1585500429.5914712}, "cmdq": 1, "read": {"device_start": -1, "device_end": -1}}, "empty53": {"write": {"device_start": 1585500429.59139, "host_queued_start": 1585500492.483911, "device_queued": 1585500429.5911324, "device_end": 1585500429.5914676, "host_queued_end": 1585500492.518332}, "device": "gpu", "nd_range": {"device_start": 1585500429.5914726, "device_end": 1585500429.5914807}, "cmdq": 3, "read": {"device_start": -1, "device_end": -1}}, "FFC_sans_bias46": {"write": {"device_start": 1585500429.59497, "host_queued_start": 1585500492.497272, "device_queued": 1585500429.5926993, "device_end": 1585500429.5950027, "host_queued_end": 1585500492.518332}, "device": "gpu", "nd_range": {"device_start": 1585500429.5950081, "device_end": 1585500429.5972602}, "cmdq": 1, "read": {"device_start": -1, "device_end": -1}}, "coalesced_transpose66": {"write": {"device_start": -1, "host_queued_start": 1585500492.506542, "device_queued": -1, "device_end": -1, "host_queued_end": 1585500492.518332}, "device": "gpu", "nd_range": {"device_start": 1585500429.60053, "device_end": 1585500429.6005635}, "cmdq": 4, "read": {"device_start": -1, "device_end": -1}}, "coalesced_transpose48": {"write": {"device_start": -1, "host_queued_start": 1585500492.505936, "device_queued": -1, "device_end": -1, "host_queued_end": 1585500492.518332}, "device": "gpu", "nd_range": {"device_start": 1585500429.600188, "device_end": 1585500429.6005585}, "cmdq": 2, "read": {"device_start": -1, "device_end": -1}}}