{"FFC_sans_bias60": {"write": {"device_start": -1, "host_queued_start": 1585500170.077614, "device_queued": -1, "device_end": -1, "host_queued_end": 1585500170.08221}, "device": "gpu", "nd_range": {"device_start": 1585500107.17304, "device_end": 1585500107.1740098}, "cmdq": 0, "read": {"device_start": -1, "device_end": -1}}, "FFC_sans_bias4": {"write": {"device_start": -1, "host_queued_start": 1585500170.101866, "device_queued": -1, "device_end": -1, "host_queued_end": 1585500170.109552}, "device": "cpu", "nd_range": {"device_start": 2167944.367054856, "device_end": 2167944.382329274}, "cmdq": 0, "read": {"device_start": -1, "device_end": -1}}, "FFC_sans_bias7": {"write": {"device_start": -1, "host_queued_start": 1585500170.106517, "device_queued": -1, "device_end": -1, "host_queued_end": 1585500170.109552}, "device": "cpu", "nd_range": {"device_start": 2167944.3981565973, "device_end": 2167944.405367344}, "cmdq": 0, "read": {"device_start": -1, "device_end": -1}}, "FFC_sans_bias6": {"write": {"device_start": -1, "host_queued_start": 1585500170.104404, "device_queued": -1, "device_end": -1, "host_queued_end": 1585500170.109552}, "device": "cpu", "nd_range": {"device_start": 2167944.382762773, "device_end": 2167944.398033277}, "cmdq": 0, "read": {"device_start": -1, "device_end": -1}}, "FFC_sans_bias1": {"write": {"device_start": -1, "host_queued_start": 1585500170.089082, "device_queued": -1, "device_end": -1, "host_queued_end": 1585500170.109552}, "device": "cpu", "nd_range": {"device_start": 2167944.2991754543, "device_end": 2167944.314508386}, "cmdq": 1, "read": {"device_start": -1, "device_end": -1}}, "FFC_sans_bias0": {"write": {"device_start": -1, "host_queued_start": 1585500170.087953, "device_queued": -1, "device_end": -1, "host_queued_end": 1585500170.109552}, "device": "cpu", "nd_range": {"device_start": 2167944.2991751223, "device_end": 2167944.315347461}, "cmdq": 0, "read": {"device_start": -1, "device_end": -1}}, "FFC_sans_bias2": {"write": {"device_start": -1, "host_queued_start": 1585500170.090155, "device_queued": -1, "device_end": -1, "host_queued_end": 1585500170.109552}, "device": "cpu", "nd_range": {"device_start": 2167944.299392087, "device_end": 2167944.3165731803}, "cmdq": 2, "read": {"device_start": -1, "device_end": -1}}, "FFC_sans_bias61": {"write": {"device_start": 1585500107.1752188, "host_queued_start": 1585500170.08105, "device_queued": 1585500107.166582, "device_end": 1585500107.1752515, "host_queued_end": 1585500170.08221}, "device": "gpu", "nd_range": {"device_start": 1585500107.175255, "device_end": 1585500107.1759043}, "cmdq": 0, "read": {"device_start": 1585500107.1759112, "device_end": 1585500107.1759343}}, "FFC_sans_bias52": {"write": {"device_start": 1585500107.1745765, "host_queued_start": 1585500170.080019, "device_queued": 1585500107.1663523, "device_end": 1585500107.174608, "host_queued_end": 1585500170.08221}, "device": "gpu", "nd_range": {"device_start": 1585500107.174611, "device_end": 1585500107.1754344}, "cmdq": 1, "read": {"device_start": 1585500107.175438, "device_end": 1585500107.1754687}}, "FFC_sans_bias9": {"write": {"device_start": -1, "host_queued_start": 1585500170.091226, "device_queued": -1, "device_end": -1, "host_queued_end": 1585500170.109552}, "device": "cpu", "nd_range": {"device_start": 2167944.301262758, "device_end": 2167944.317787035}, "cmdq": 3, "read": {"device_start": -1, "device_end": -1}}, "coalesced_transpose39": {"write": {"device_start": -1, "host_queued_start": 1585500170.073508, "device_queued": -1, "device_end": -1, "host_queued_end": 1585500170.08221}, "device": "gpu", "nd_range": {"device_start": 1585500107.1697366, "device_end": 1585500107.170118}, "cmdq": 0, "read": {"device_start": -1, "device_end": -1}}, "FFC_sans_bias55": {"write": {"device_start": 1585500107.1679006, "host_queued_start": 1585500170.070049, "device_queued": 1585500107.1650724, "device_end": 1585500107.1679258, "host_queued_end": 1585500170.08221}, "device": "gpu", "nd_range": {"device_start": 1585500107.167932, "device_end": 1585500107.168751}, "cmdq": 0, "read": {"device_start": -1, "device_end": -1}}, "FFC_sans_bias54": {"write": {"device_start": 1585500107.1674094, "host_queued_start": 1585500170.069019, "device_queued": 1585500107.164858, "device_end": 1585500107.1674361, "host_queued_end": 1585500170.08221}, "device": "gpu", "nd_range": {"device_start": 1585500107.1674392, "device_end": 1585500107.1683028}, "cmdq": 1, "read": {"device_start": -1, "device_end": -1}}, "FFC_sans_bias56": {"write": {"device_start": 1585500107.166954, "host_queued_start": 1585500170.067988, "device_queued": 1585500107.1648169, "device_end": 1585500107.16698, "host_queued_end": 1585500170.08221}, "device": "gpu", "nd_range": {"device_start": 1585500107.1669834, "device_end": 1585500107.1677983}, "cmdq": 0, "read": {"device_start": -1, "device_end": -1}}, "FFC_sans_bias51": {"write": {"device_start": -1, "host_queued_start": 1585500170.077299, "device_queued": -1, "device_end": -1, "host_queued_end": 1585500170.08221}, "device": "gpu", "nd_range": {"device_start": 1585500107.1726782, "device_end": 1585500107.1734412}, "cmdq": 1, "read": {"device_start": -1, "device_end": -1}}, "softmax23": {"write": {"device_start": -1, "host_queued_start": 1585500170.103759, "device_queued": -1, "device_end": -1, "host_queued_end": 1585500170.109552}, "device": "cpu", "nd_range": {"device_start": 2167944.365115227, "device_end": 2167944.365330739}, "cmdq": 2, "read": {"device_start": -1, "device_end": -1}}, "FFC_sans_bias37": {"write": {"device_start": 1585500107.164335, "host_queued_start": 1585500170.062523, "device_queued": 1585500107.1641915, "device_end": 1585500107.1643696, "host_queued_end": 1585500170.08221}, "device": "gpu", "nd_range": {"device_start": 1585500107.1643732, "device_end": 1585500107.1653244}, "cmdq": 1, "read": {"device_start": -1, "device_end": -1}}, "empty62": {"write": {"device_start": 1585500107.1639392, "host_queued_start": 1585500170.059655, "device_queued": 1585500107.163802, "device_end": 1585500107.1640267, "host_queued_end": 1585500170.08221}, "device": "gpu", "nd_range": {"device_start": 1585500107.164031, "device_end": 1585500107.1640484}, "cmdq": 0, "read": {"device_start": -1, "device_end": -1}}, "FFC_sans_bias70": {"write": {"device_start": 1585500107.17569, "host_queued_start": 1585500170.082109, "device_queued": 1585500107.1666367, "device_end": 1585500107.1757202, "host_queued_end": 1585500170.08221}, "device": "gpu", "nd_range": {"device_start": 1585500107.1757236, "device_end": 1585500107.1763906}, "cmdq": 1, "read": {"device_start": 1585500107.1763992, "device_end": 1585500107.1764247}}, "FFC_sans_bias58": {"write": {"device_start": -1, "host_queued_start": 1585500170.075395, "device_queued": -1, "device_end": -1, "host_queued_end": 1585500170.08221}, "device": "gpu", "nd_range": {"device_start": 1585500107.1707397, "device_end": 1585500107.1717246}, "cmdq": 0, "read": {"device_start": -1, "device_end": -1}}, "softmax41": {"write": {"device_start": -1, "host_queued_start": 1585500170.075954, "device_queued": -1, "device_end": -1, "host_queued_end": 1585500170.08221}, "device": "gpu", "nd_range": {"device_start": 1585500107.171726, "device_end": 1585500107.1722305}, "cmdq": 0, "read": {"device_start": -1, "device_end": -1}}, "FFC_sans_bias11": {"write": {"device_start": -1, "host_queued_start": 1585500170.09337, "device_queued": -1, "device_end": -1, "host_queued_end": 1585500170.109552}, "device": "cpu", "nd_range": {"device_start": 2167944.3146994263, "device_end": 2167944.329901841}, "cmdq": 1, "read": {"device_start": -1, "device_end": -1}}, "FFC_sans_bias10": {"write": {"device_start": -1, "host_queued_start": 1585500170.092261, "device_queued": -1, "device_end": -1, "host_queued_end": 1585500170.109552}, "device": "cpu", "nd_range": {"device_start": 2167944.317950319, "device_end": 2167944.339276153}, "cmdq": 0, "read": {"device_start": -1, "device_end": -1}}, "coalesced_transpose3": {"write": {"device_start": -1, "host_queued_start": 1585500170.100412, "device_queued": -1, "device_end": -1, "host_queued_end": 1585500170.109552}, "device": "cpu", "nd_range": {"device_start": 2167944.3666763133, "device_end": 2167944.366944355}, "cmdq": 0, "read": {"device_start": -1, "device_end": -1}}, "FFC_sans_bias34": {"write": {"device_start": -1, "host_queued_start": 1585500170.109508, "device_queued": -1, "device_end": -1, "host_queued_end": 1585500170.109552}, "device": "cpu", "nd_range": {"device_start": 2167944.38217234, "device_end": 2167944.398334439}, "cmdq": 3, "read": {"device_start": -1, "device_end": -1}}, "FFC_sans_bias15": {"write": {"device_start": -1, "host_queued_start": 1585500170.104774, "device_queued": -1, "device_end": -1, "host_queued_end": 1585500170.109552}, "device": "cpu", "nd_range": {"device_start": 2167944.3652888592, "device_end": 2167944.388373801}, "cmdq": 1, "read": {"device_start": -1, "device_end": -1}}, "FFC_sans_bias31": {"write": {"device_start": -1, "host_queued_start": 1585500170.102928, "device_queued": -1, "device_end": -1, "host_queued_end": 1585500170.109552}, "device": "cpu", "nd_range": {"device_start": 2167944.349148518, "device_end": 2167944.3656337503}, "cmdq": 3, "read": {"device_start": -1, "device_end": -1}}, "FFC_sans_bias16": {"write": {"device_start": -1, "host_queued_start": 1585500170.107511, "device_queued": -1, "device_end": -1, "host_queued_end": 1585500170.109552}, "device": "cpu", "nd_range": {"device_start": 2167944.3930795523, "device_end": 2167944.407143147}, "cmdq": 1, "read": {"device_start": -1, "device_end": -1}}, "FFC_sans_bias19": {"write": {"device_start": -1, "host_queued_start": 1585500170.09587, "device_queued": -1, "device_end": -1, "host_queued_end": 1585500170.109552}, "device": "cpu", "nd_range": {"device_start": 2167944.3179093823, "device_end": 2167944.334195274}, "cmdq": 3, "read": {"device_start": -1, "device_end": -1}}, "FFC_sans_bias18": {"write": {"device_start": -1, "host_queued_start": 1585500170.094665, "device_queued": -1, "device_end": -1, "host_queued_end": 1585500170.109552}, "device": "cpu", "nd_range": {"device_start": 2167944.316697605, "device_end": 2167944.331977652}, "cmdq": 2, "read": {"device_start": -1, "device_end": -1}}, "coalesced_transpose30": {"write": {"device_start": -1, "host_queued_start": 1585500170.101516, "device_queued": -1, "device_end": -1, "host_queued_end": 1585500170.109552}, "device": "cpu", "nd_range": {"device_start": 2167944.348796288, "device_end": 2167944.349039048}, "cmdq": 3, "read": {"device_start": -1, "device_end": -1}}, "FFC_sans_bias69": {"write": {"device_start": -1, "host_queued_start": 1585500170.077925, "device_queued": -1, "device_end": -1, "host_queued_end": 1585500170.08221}, "device": "gpu", "nd_range": {"device_start": 1585500107.1734421, "device_end": 1585500107.174435}, "cmdq": 1, "read": {"device_start": -1, "device_end": -1}}, "FFC_sans_bias38": {"write": {"device_start": 1585500107.165068, "host_queued_start": 1585500170.063669, "device_queued": 1585500107.164396, "device_end": 1585500107.1650934, "host_queued_end": 1585500170.08221}, "device": "gpu", "nd_range": {"device_start": 1585500107.1650977, "device_end": 1585500107.1658626}, "cmdq": 0, "read": {"device_start": -1, "device_end": -1}}, "coalesced_transpose57": {"write": {"device_start": -1, "host_queued_start": 1585500170.074108, "device_queued": -1, "device_end": -1, "host_queued_end": 1585500170.08221}, "device": "gpu", "nd_range": {"device_start": 1585500107.1701193, "device_end": 1585500107.1701372}, "cmdq": 0, "read": {"device_start": -1, "device_end": -1}}, "empty26": {"write": {"device_start": -1, "host_queued_start": 1585500170.085917, "device_queued": -1, "device_end": -1, "host_queued_end": 1585500170.109552}, "device": "cpu", "nd_range": {"device_start": 2167944.29936255, "device_end": 2167944.2993660853}, "cmdq": 2, "read": {"device_start": -1, "device_end": -1}}, "coalesced_transpose12": {"write": {"device_start": -1, "host_queued_start": 1585500170.100745, "device_queued": -1, "device_end": -1, "host_queued_end": 1585500170.109552}, "device": "cpu", "nd_range": {"device_start": 2167944.35157839, "device_end": 2167944.351824625}, "cmdq": 1, "read": {"device_start": -1, "device_end": -1}}, "empty44": {"write": {"device_start": 1585500107.1637278, "host_queued_start": 1585500170.057684, "device_queued": 1585500107.1635985, "device_end": 1585500107.1637576, "host_queued_end": 1585500170.08221}, "device": "gpu", "nd_range": {"device_start": 1585500107.1637602, "device_end": 1585500107.1637657}, "cmdq": 0, "read": {"device_start": -1, "device_end": -1}}, "coalesced_transpose21": {"write": {"device_start": -1, "host_queued_start": 1585500170.101174, "device_queued": -1, "device_end": -1, "host_queued_end": 1585500170.109552}, "device": "cpu", "nd_range": {"device_start": 2167944.346994563, "device_end": 2167944.3472380503}, "cmdq": 2, "read": {"device_start": -1, "device_end": -1}}, "FFC_sans_bias36": {"write": {"device_start": 1585500107.1642406, "host_queued_start": 1585500170.061473, "device_queued": 1585500107.1641378, "device_end": 1585500107.1643102, "host_queued_end": 1585500170.08221}, "device": "gpu", "nd_range": {"device_start": 1585500107.1643155, "device_end": 1585500107.1649158}, "cmdq": 0, "read": {"device_start": -1, "device_end": -1}}, "softmax14": {"write": {"device_start": -1, "host_queued_start": 1585500170.103492, "device_queued": -1, "device_end": -1, "host_queued_end": 1585500170.109552}, "device": "cpu", "nd_range": {"device_start": 2167944.364937529, "device_end": 2167944.365170476}, "cmdq": 1, "read": {"device_start": -1, "device_end": -1}}, "FFC_sans_bias13": {"write": {"device_start": -1, "host_queued_start": 1585500170.10222, "device_queued": -1, "device_end": -1, "host_queued_end": 1585500170.109552}, "device": "cpu", "nd_range": {"device_start": 2167944.351941063, "device_end": 2167944.364867156}, "cmdq": 1, "read": {"device_start": -1, "device_end": -1}}, "empty8": {"write": {"device_start": -1, "host_queued_start": 1585500170.08369, "device_queued": -1, "device_end": -1, "host_queued_end": 1585500170.109552}, "device": "cpu", "nd_range": {"device_start": 2167944.29914146, "device_end": 2167944.299153978}, "cmdq": 0, "read": {"device_start": -1, "device_end": -1}}, "FFC_sans_bias42": {"write": {"device_start": -1, "host_queued_start": 1585500170.076987, "device_queued": -1, "device_end": -1, "host_queued_end": 1585500170.08221}, "device": "gpu", "nd_range": {"device_start": 1585500107.1724353, "device_end": 1585500107.1730387}, "cmdq": 0, "read": {"device_start": -1, "device_end": -1}}, "FFC_sans_bias43": {"write": {"device_start": 1585500107.1741664, "host_queued_start": 1585500170.078971, "device_queued": 1585500107.1663003, "device_end": 1585500107.1741972, "host_queued_end": 1585500170.08221}, "device": "gpu", "nd_range": {"device_start": 1585500107.1741998, "device_end": 1585500107.174973}, "cmdq": 0, "read": {"device_start": 1585500107.1749797, "device_end": 1585500107.1750045}}, "FFC_sans_bias40": {"write": {"device_start": -1, "host_queued_start": 1585500170.074755, "device_queued": -1, "device_end": -1, "host_queued_end": 1585500170.08221}, "device": "gpu", "nd_range": {"device_start": 1585500107.1701384, "device_end": 1585500107.1707385}, "cmdq": 0, "read": {"device_start": -1, "device_end": -1}}, "softmax32": {"write": {"device_start": -1, "host_queued_start": 1585500170.104042, "device_queued": -1, "device_end": -1, "host_queued_end": 1585500170.109552}, "device": "cpu", "nd_range": {"device_start": 2167944.365755577, "device_end": 2167944.365966002}, "cmdq": 3, "read": {"device_start": -1, "device_end": -1}}, "FFC_sans_bias47": {"write": {"device_start": 1585500107.166478, "host_queued_start": 1585500170.0668, "device_queued": 1585500107.1646526, "device_end": 1585500107.16651, "host_queued_end": 1585500170.08221}, "device": "gpu", "nd_range": {"device_start": 1585500107.1665154, "device_end": 1585500107.1673112}, "cmdq": 1, "read": {"device_start": -1, "device_end": -1}}, "FFC_sans_bias45": {"write": {"device_start": 1585500107.165464, "host_queued_start": 1585500170.0647, "device_queued": 1585500107.1644511, "device_end": 1585500107.1654963, "host_queued_end": 1585500170.08221}, "device": "gpu", "nd_range": {"device_start": 1585500107.1655009, "device_end": 1585500107.166331}, "cmdq": 1, "read": {"device_start": -1, "device_end": -1}}, "softmax50": {"write": {"device_start": -1, "host_queued_start": 1585500170.076191, "device_queued": -1, "device_end": -1, "host_queued_end": 1585500170.08221}, "device": "gpu", "nd_range": {"device_start": 1585500107.172158, "device_end": 1585500107.1723638}, "cmdq": 1, "read": {"device_start": -1, "device_end": -1}}, "FFC_sans_bias33": {"write": {"device_start": -1, "host_queued_start": 1585500170.105473, "device_queued": -1, "device_end": -1, "host_queued_end": 1585500170.109552}, "device": "cpu", "nd_range": {"device_start": 2167944.366075381, "device_end": 2167944.382048942}, "cmdq": 3, "read": {"device_start": -1, "device_end": -1}}, "FFC_sans_bias63": {"write": {"device_start": 1585500107.1694055, "host_queued_start": 1585500170.073187, "device_queued": 1585500107.165326, "device_end": 1585500107.1694312, "host_queued_end": 1585500170.08221}, "device": "gpu", "nd_range": {"device_start": 1585500107.1694357, "device_end": 1585500107.1702435}, "cmdq": 1, "read": {"device_start": -1, "device_end": -1}}, "FFC_sans_bias49": {"write": {"device_start": -1, "host_queued_start": 1585500170.075078, "device_queued": -1, "device_end": -1, "host_queued_end": 1585500170.08221}, "device": "gpu", "nd_range": {"device_start": 1585500107.170588, "device_end": 1585500107.1711936}, "cmdq": 1, "read": {"device_start": -1, "device_end": -1}}, "FFC_sans_bias64": {"write": {"device_start": 1585500107.1684134, "host_queued_start": 1585500170.071129, "device_queued": 1585500107.1651294, "device_end": 1585500107.1684387, "host_queued_end": 1585500170.08221}, "device": "gpu", "nd_range": {"device_start": 1585500107.168443, "device_end": 1585500107.169289}, "cmdq": 1, "read": {"device_start": -1, "device_end": -1}}, "FFC_sans_bias65": {"write": {"device_start": 1585500107.1688607, "host_queued_start": 1585500170.072159, "device_queued": 1585500107.1652834, "device_end": 1585500107.1688943, "host_queued_end": 1585500170.08221}, "device": "gpu", "nd_range": {"device_start": 1585500107.1689, "device_end": 1585500107.1697352}, "cmdq": 0, "read": {"device_start": -1, "device_end": -1}}, "FFC_sans_bias67": {"write": {"device_start": -1, "host_queued_start": 1585500170.075706, "device_queued": -1, "device_end": -1, "host_queued_end": 1585500170.08221}, "device": "gpu", "nd_range": {"device_start": 1585500107.1711957, "device_end": 1585500107.172157}, "cmdq": 1, "read": {"device_start": -1, "device_end": -1}}, "FFC_sans_bias24": {"write": {"device_start": -1, "host_queued_start": 1585500170.105132, "device_queued": -1, "device_end": -1, "host_queued_end": 1585500170.109552}, "device": "cpu", "nd_range": {"device_start": 2167944.365448506, "device_end": 2167944.380698563}, "cmdq": 2, "read": {"device_start": -1, "device_end": -1}}, "FFC_sans_bias25": {"write": {"device_start": -1, "host_queued_start": 1585500170.108519, "device_queued": -1, "device_end": -1, "host_queued_end": 1585500170.109552}, "device": "cpu", "nd_range": {"device_start": 2167944.380830166, "device_end": 2167944.396097431}, "cmdq": 2, "read": {"device_start": -1, "device_end": -1}}, "FFC_sans_bias27": {"write": {"device_start": -1, "host_queued_start": 1585500170.097975, "device_queued": -1, "device_end": -1, "host_queued_end": 1585500170.109552}, "device": "cpu", "nd_range": {"device_start": 2167944.3300314914, "device_end": 2167944.345234034}, "cmdq": 1, "read": {"device_start": -1, "device_end": -1}}, "FFC_sans_bias20": {"write": {"device_start": -1, "host_queued_start": 1585500170.096926, "device_queued": -1, "device_end": -1, "host_queued_end": 1585500170.109552}, "device": "cpu", "nd_range": {"device_start": 2167944.348633916, "device_end": 2167944.366557118}, "cmdq": 0, "read": {"device_start": -1, "device_end": -1}}, "FFC_sans_bias22": {"write": {"device_start": -1, "host_queued_start": 1585500170.102557, "device_queued": -1, "device_end": -1, "host_queued_end": 1585500170.109552}, "device": "cpu", "nd_range": {"device_start": 2167944.347346981, "device_end": 2167944.3649201193}, "cmdq": 2, "read": {"device_start": -1, "device_end": -1}}, "softmax68": {"write": {"device_start": -1, "host_queued_start": 1585500170.076675, "device_queued": -1, "device_end": -1, "host_queued_end": 1585500170.08221}, "device": "gpu", "nd_range": {"device_start": 1585500107.172365, "device_end": 1585500107.1726773}, "cmdq": 1, "read": {"device_start": -1, "device_end": -1}}, "softmax5": {"write": {"device_start": -1, "host_queued_start": 1585500170.10322, "device_queued": -1, "device_end": -1, "host_queued_end": 1585500170.109552}, "device": "cpu", "nd_range": {"device_start": 2167944.3824462923, "device_end": 2167944.3826546012}, "cmdq": 0, "read": {"device_start": -1, "device_end": -1}}, "FFC_sans_bias28": {"write": {"device_start": -1, "host_queued_start": 1585500170.099038, "device_queued": -1, "device_end": -1, "host_queued_end": 1585500170.109552}, "device": "cpu", "nd_range": {"device_start": 2167944.332107237, "device_end": 2167944.3468758743}, "cmdq": 2, "read": {"device_start": -1, "device_end": -1}}, "FFC_sans_bias29": {"write": {"device_start": -1, "host_queued_start": 1585500170.100083, "device_queued": -1, "device_end": -1, "host_queued_end": 1585500170.109552}, "device": "cpu", "nd_range": {"device_start": 2167944.334318296, "device_end": 2167944.3486796413}, "cmdq": 3, "read": {"device_start": -1, "device_end": -1}}, "empty17": {"write": {"device_start": -1, "host_queued_start": 1585500170.084842, "device_queued": -1, "device_end": -1, "host_queued_end": 1585500170.109552}, "device": "cpu", "nd_range": {"device_start": 2167944.299143542, "device_end": 2167944.299153914}, "cmdq": 1, "read": {"device_start": -1, "device_end": -1}}, "softmax59": {"write": {"device_start": -1, "host_queued_start": 1585500170.076431, "device_queued": -1, "device_end": -1, "host_queued_end": 1585500170.08221}, "device": "gpu", "nd_range": {"device_start": 1585500107.1722322, "device_end": 1585500107.1724343}, "cmdq": 0, "read": {"device_start": -1, "device_end": -1}}, "empty71": {"write": {"device_start": 1585500107.164029, "host_queued_start": 1585500170.06048, "device_queued": 1585500107.1638443, "device_end": 1585500107.16406, "host_queued_end": 1585500170.08221}, "device": "gpu", "nd_range": {"device_start": 1585500107.1640651, "device_end": 1585500107.1640687}, "cmdq": 1, "read": {"device_start": -1, "device_end": -1}}, "empty35": {"write": {"device_start": -1, "host_queued_start": 1585500170.086852, "device_queued": -1, "device_end": -1, "host_queued_end": 1585500170.109552}, "device": "cpu", "nd_range": {"device_start": 2167944.299186475, "device_end": 2167944.299192786}, "cmdq": 3, "read": {"device_start": -1, "device_end": -1}}, "empty53": {"write": {"device_start": 1585500107.163833, "host_queued_start": 1585500170.058794, "device_queued": 1585500107.163726, "device_end": 1585500107.1638975, "host_queued_end": 1585500170.08221}, "device": "gpu", "nd_range": {"device_start": 1585500107.1639073, "device_end": 1585500107.163919}, "cmdq": 1, "read": {"device_start": -1, "device_end": -1}}, "FFC_sans_bias46": {"write": {"device_start": 1585500107.166005, "host_queued_start": 1585500170.065733, "device_queued": 1585500107.1645968, "device_end": 1585500107.1660368, "host_queued_end": 1585500170.08221}, "device": "gpu", "nd_range": {"device_start": 1585500107.1660407, "device_end": 1585500107.1668344}, "cmdq": 0, "read": {"device_start": -1, "device_end": -1}}, "coalesced_transpose66": {"write": {"device_start": -1, "host_queued_start": 1585500170.074404, "device_queued": -1, "device_end": -1, "host_queued_end": 1585500170.08221}, "device": "gpu", "nd_range": {"device_start": 1585500107.1705635, "device_end": 1585500107.1705868}, "cmdq": 1, "read": {"device_start": -1, "device_end": -1}}, "coalesced_transpose48": {"write": {"device_start": -1, "host_queued_start": 1585500170.073816, "device_queued": -1, "device_end": -1, "host_queued_end": 1585500170.08221}, "device": "gpu", "nd_range": {"device_start": 1585500107.1702473, "device_end": 1585500107.1705613}, "cmdq": 1, "read": {"device_start": -1, "device_end": -1}}}