{"FFC_sans_bias60": {"write": {"device_start": -1, "host_queued_start": 1585500391.555219, "device_queued": -1, "device_end": -1, "host_queued_end": 1585500391.562137}, "device": "gpu", "nd_range": {"device_start": 1585500328.6511784, "device_end": 1585500328.6531157}, "cmdq": 2, "read": {"device_start": -1, "device_end": -1}}, "FFC_sans_bias4": {"write": {"device_start": -1, "host_queued_start": 1585500391.57347, "device_queued": -1, "device_end": -1, "host_queued_end": 1585500391.577286}, "device": "cpu", "nd_range": {"device_start": 2168165.795869045, "device_end": 2168165.8037794502}, "cmdq": 1, "read": {"device_start": -1, "device_end": -1}}, "FFC_sans_bias7": {"write": {"device_start": -1, "host_queued_start": 1585500391.576215, "device_queued": -1, "device_end": -1, "host_queued_end": 1585500391.577286}, "device": "cpu", "nd_range": {"device_start": 2168165.81053623, "device_end": 2168165.825106686}, "cmdq": 1, "read": {"device_start": -1, "device_end": -1}}, "FFC_sans_bias6": {"write": {"device_start": -1, "host_queued_start": 1585500391.574788, "device_queued": -1, "device_end": -1, "host_queued_end": 1585500391.577286}, "device": "cpu", "nd_range": {"device_start": 2168165.804188316, "device_end": 2168165.810406789}, "cmdq": 2, "read": {"device_start": -1, "device_end": -1}}, "FFC_sans_bias1": {"write": {"device_start": -1, "host_queued_start": 1585500391.567713, "device_queued": -1, "device_end": -1, "host_queued_end": 1585500391.577286}, "device": "cpu", "nd_range": {"device_start": 2168165.767443866, "device_end": 2168165.78311051}, "cmdq": 0, "read": {"device_start": -1, "device_end": -1}}, "FFC_sans_bias0": {"write": {"device_start": -1, "host_queued_start": 1585500391.566293, "device_queued": -1, "device_end": -1, "host_queued_end": 1585500391.577286}, "device": "cpu", "nd_range": {"device_start": 2168165.766990148, "device_end": 2168165.775150115}, "cmdq": 2, "read": {"device_start": -1, "device_end": -1}}, "FFC_sans_bias2": {"write": {"device_start": -1, "host_queued_start": 1585500391.568959, "device_queued": -1, "device_end": -1, "host_queued_end": 1585500391.577286}, "device": "cpu", "nd_range": {"device_start": 2168165.766991729, "device_end": 2168165.779594892}, "cmdq": 1, "read": {"device_start": -1, "device_end": -1}}, "FFC_sans_bias61": {"write": {"device_start": 1585500328.6542387, "host_queued_start": 1585500391.560895, "device_queued": 1585500328.6415777, "device_end": 1585500328.6542642, "host_queued_end": 1585500391.562137}, "device": "gpu", "nd_range": {"device_start": 1585500328.654272, "device_end": 1585500328.6559694}, "cmdq": 0, "read": {"device_start": 1585500328.655978, "device_end": 1585500328.6560004}}, "FFC_sans_bias52": {"write": {"device_start": 1585500328.6536374, "host_queued_start": 1585500391.559845, "device_queued": 1585500328.6412094, "device_end": 1585500328.6536672, "host_queued_end": 1585500391.562137}, "device": "gpu", "nd_range": {"device_start": 1585500328.6536767, "device_end": 1585500328.6555264}, "cmdq": 3, "read": {"device_start": 1585500328.6555374, "device_end": 1585500328.6555603}}, "FFC_sans_bias9": {"write": {"device_start": -1, "host_queued_start": 1585500391.570256, "device_queued": -1, "device_end": -1, "host_queued_end": 1585500391.577286}, "device": "cpu", "nd_range": {"device_start": 2168165.7752977093, "device_end": 2168165.7867871793}, "cmdq": 2, "read": {"device_start": -1, "device_end": -1}}, "coalesced_transpose39": {"write": {"device_start": -1, "host_queued_start": 1585500391.5492, "device_queued": -1, "device_end": -1, "host_queued_end": 1585500391.562137}, "device": "gpu", "nd_range": {"device_start": 1585500328.646652, "device_end": 1585500328.6470072}, "cmdq": 2, "read": {"device_start": -1, "device_end": -1}}, "FFC_sans_bias55": {"write": {"device_start": 1585500328.6438365, "host_queued_start": 1585500391.545095, "device_queued": 1585500328.6394913, "device_end": 1585500328.6438677, "host_queued_end": 1585500391.562137}, "device": "gpu", "nd_range": {"device_start": 1585500328.6438715, "device_end": 1585500328.6456697}, "cmdq": 0, "read": {"device_start": -1, "device_end": -1}}, "FFC_sans_bias54": {"write": {"device_start": 1585500328.6433713, "host_queued_start": 1585500391.544039, "device_queued": 1585500328.6392946, "device_end": 1585500328.643403, "host_queued_end": 1585500391.562137}, "device": "gpu", "nd_range": {"device_start": 1585500328.6434116, "device_end": 1585500328.6452074}, "cmdq": 3, "read": {"device_start": -1, "device_end": -1}}, "FFC_sans_bias56": {"write": {"device_start": 1585500328.642867, "host_queued_start": 1585500391.543005, "device_queued": 1585500328.6392632, "device_end": 1585500328.6428933, "host_queued_end": 1585500391.562137}, "device": "gpu", "nd_range": {"device_start": 1585500328.6429, "device_end": 1585500328.6446788}, "cmdq": 2, "read": {"device_start": -1, "device_end": -1}}, "FFC_sans_bias51": {"write": {"device_start": -1, "host_queued_start": 1585500391.554898, "device_queued": -1, "device_end": -1, "host_queued_end": 1585500391.562137}, "device": "gpu", "nd_range": {"device_start": 1585500328.650947, "device_end": 1585500328.6525626}, "cmdq": 1, "read": {"device_start": -1, "device_end": -1}}, "softmax23": {"write": {"device_start": -1, "host_queued_start": 1585500391.552343, "device_queued": -1, "device_end": -1, "host_queued_end": 1585500391.562137}, "device": "gpu", "nd_range": {"device_start": 1585500328.6481688, "device_end": 1585500328.6498575}, "cmdq": 0, "read": {"device_start": -1, "device_end": -1}}, "FFC_sans_bias37": {"write": {"device_start": 1585500328.640401, "host_queued_start": 1585500391.537739, "device_queued": 1585500328.6388435, "device_end": 1585500328.6404314, "host_queued_end": 1585500391.562137}, "device": "gpu", "nd_range": {"device_start": 1585500328.6404355, "device_end": 1585500328.6422741}, "cmdq": 1, "read": {"device_start": -1, "device_end": -1}}, "empty62": {"write": {"device_start": 1585500328.6380372, "host_queued_start": 1585500391.528346, "device_queued": 1585500328.6379528, "device_end": 1585500328.6380959, "host_queued_end": 1585500391.562137}, "device": "gpu", "nd_range": {"device_start": 1585500328.6381016, "device_end": 1585500328.638106}, "cmdq": 0, "read": {"device_start": -1, "device_end": -1}}, "FFC_sans_bias70": {"write": {"device_start": 1585500328.6547098, "host_queued_start": 1585500391.562028, "device_queued": 1585500328.6417148, "device_end": 1585500328.6547348, "host_queued_end": 1585500391.562137}, "device": "gpu", "nd_range": {"device_start": 1585500328.6547453, "device_end": 1585500328.6564517}, "cmdq": 1, "read": {"device_start": 1585500328.6564567, "device_end": 1585500328.656479}}, "FFC_sans_bias58": {"write": {"device_start": -1, "host_queued_start": 1585500391.55176, "device_queued": -1, "device_end": -1, "host_queued_end": 1585500391.562137}, "device": "gpu", "nd_range": {"device_start": 1585500328.648158, "device_end": 1585500328.6496677}, "cmdq": 2, "read": {"device_start": -1, "device_end": -1}}, "softmax41": {"write": {"device_start": -1, "host_queued_start": 1585500391.55284, "device_queued": -1, "device_end": -1, "host_queued_end": 1585500391.562137}, "device": "gpu", "nd_range": {"device_start": 1585500328.6496763, "device_end": 1585500328.6505535}, "cmdq": 2, "read": {"device_start": -1, "device_end": -1}}, "FFC_sans_bias11": {"write": {"device_start": -1, "host_queued_start": 1585500391.572448, "device_queued": -1, "device_end": -1, "host_queued_end": 1585500391.577286}, "device": "cpu", "nd_range": {"device_start": 2168165.780220137, "device_end": 2168165.795850846}, "cmdq": 1, "read": {"device_start": -1, "device_end": -1}}, "FFC_sans_bias10": {"write": {"device_start": -1, "host_queued_start": 1585500391.571388, "device_queued": -1, "device_end": -1, "host_queued_end": 1585500391.577286}, "device": "cpu", "nd_range": {"device_start": 2168165.783122972, "device_end": 2168165.795851272}, "cmdq": 0, "read": {"device_start": -1, "device_end": -1}}, "coalesced_transpose3": {"write": {"device_start": -1, "host_queued_start": 1585500391.572784, "device_queued": -1, "device_end": -1, "host_queued_end": 1585500391.577286}, "device": "cpu", "nd_range": {"device_start": 2168165.786911597, "device_end": 2168165.787154425}, "cmdq": 2, "read": {"device_start": -1, "device_end": -1}}, "FFC_sans_bias34": {"write": {"device_start": 1585500328.6526804, "host_queued_start": 1585500391.557667, "device_queued": 1585500328.6411548, "device_end": 1585500328.6527126, "host_queued_end": 1585500391.562137}, "device": "gpu", "nd_range": {"device_start": 1585500328.6527255, "device_end": 1585500328.654536}, "cmdq": 1, "read": {"device_start": 1585500328.6545372, "device_end": 1585500328.6545615}}, "FFC_sans_bias15": {"write": {"device_start": -1, "host_queued_start": 1585500391.575151, "device_queued": -1, "device_end": -1, "host_queued_end": 1585500391.577286}, "device": "cpu", "nd_range": {"device_start": 2168165.8043802083, "device_end": 2168165.813425017}, "cmdq": 0, "read": {"device_start": -1, "device_end": -1}}, "FFC_sans_bias31": {"write": {"device_start": -1, "host_queued_start": 1585500391.550793, "device_queued": -1, "device_end": -1, "host_queued_end": 1585500391.562137}, "device": "gpu", "nd_range": {"device_start": 1585500328.6471572, "device_end": 1585500328.6487021}, "cmdq": 3, "read": {"device_start": -1, "device_end": -1}}, "FFC_sans_bias16": {"write": {"device_start": -1, "host_queued_start": 1585500391.577239, "device_queued": -1, "device_end": -1, "host_queued_end": 1585500391.577286}, "device": "cpu", "nd_range": {"device_start": 2168165.81454635, "device_end": 2168165.8209794303}, "cmdq": 2, "read": {"device_start": -1, "device_end": -1}}, "FFC_sans_bias19": {"write": {"device_start": 1585500328.63831, "host_queued_start": 1585500391.53127, "device_queued": 1585500328.6380415, "device_end": 1585500328.638381, "host_queued_end": 1585500391.562137}, "device": "gpu", "nd_range": {"device_start": 1585500328.6383862, "device_end": 1585500328.6393073}, "cmdq": 3, "read": {"device_start": -1, "device_end": -1}}, "FFC_sans_bias18": {"write": {"device_start": 1585500328.6382189, "host_queued_start": 1585500391.530168, "device_queued": 1585500328.638025, "device_end": 1585500328.638289, "host_queued_end": 1585500391.562137}, "device": "gpu", "nd_range": {"device_start": 1585500328.6382952, "device_end": 1585500328.638902}, "cmdq": 2, "read": {"device_start": -1, "device_end": -1}}, "coalesced_transpose30": {"write": {"device_start": -1, "host_queued_start": 1585500391.548892, "device_queued": -1, "device_end": -1, "host_queued_end": 1585500391.562137}, "device": "gpu", "nd_range": {"device_start": 1585500328.646142, "device_end": 1585500328.646995}, "cmdq": 1, "read": {"device_start": -1, "device_end": -1}}, "FFC_sans_bias69": {"write": {"device_start": -1, "host_queued_start": 1585500391.55554, "device_queued": -1, "device_end": -1, "host_queued_end": 1585500391.562137}, "device": "gpu", "nd_range": {"device_start": 1585500328.6515834, "device_end": 1585500328.6535494}, "cmdq": 3, "read": {"device_start": -1, "device_end": -1}}, "FFC_sans_bias38": {"write": {"device_start": 1585500328.6409862, "host_queued_start": 1585500391.538835, "device_queued": 1585500328.6388748, "device_end": 1585500328.6410203, "host_queued_end": 1585500391.562137}, "device": "gpu", "nd_range": {"device_start": 1585500328.6410272, "device_end": 1585500328.6427612}, "cmdq": 2, "read": {"device_start": -1, "device_end": -1}}, "coalesced_transpose57": {"write": {"device_start": -1, "host_queued_start": 1585500391.54981, "device_queued": -1, "device_end": -1, "host_queued_end": 1585500391.562137}, "device": "gpu", "nd_range": {"device_start": 1585500328.6469765, "device_end": 1585500328.6470222}, "cmdq": 0, "read": {"device_start": -1, "device_end": -1}}, "empty26": {"write": {"device_start": 1585500328.637652, "host_queued_start": 1585500391.524708, "device_queued": 1585500328.6375103, "device_end": 1585500328.6377044, "host_queued_end": 1585500391.562137}, "device": "gpu", "nd_range": {"device_start": 1585500328.637714, "device_end": 1585500328.6377199}, "cmdq": 0, "read": {"device_start": -1, "device_end": -1}}, "coalesced_transpose12": {"write": {"device_start": -1, "host_queued_start": 1585500391.57312, "device_queued": -1, "device_end": -1, "host_queued_end": 1585500391.577286}, "device": "cpu", "nd_range": {"device_start": 2168165.795858365, "device_end": 2168165.797032998}, "cmdq": 0, "read": {"device_start": -1, "device_end": -1}}, "empty44": {"write": {"device_start": 1585500328.6378527, "host_queued_start": 1585500391.526641, "device_queued": 1585500328.6376827, "device_end": 1585500328.637929, "host_queued_end": 1585500391.562137}, "device": "gpu", "nd_range": {"device_start": 1585500328.637933, "device_end": 1585500328.6379378}, "cmdq": 2, "read": {"device_start": -1, "device_end": -1}}, "coalesced_transpose21": {"write": {"device_start": -1, "host_queued_start": 1585500391.548579, "device_queued": -1, "device_end": -1, "host_queued_end": 1585500391.562137}, "device": "gpu", "nd_range": {"device_start": 1585500328.6456707, "device_end": 1585500328.6469748}, "cmdq": 0, "read": {"device_start": -1, "device_end": -1}}, "FFC_sans_bias36": {"write": {"device_start": 1585500328.639982, "host_queued_start": 1585500391.53669, "device_queued": 1585500328.6386979, "device_end": 1585500328.6400137, "host_queued_end": 1585500391.562137}, "device": "gpu", "nd_range": {"device_start": 1585500328.6400201, "device_end": 1585500328.641799}, "cmdq": 0, "read": {"device_start": -1, "device_end": -1}}, "softmax14": {"write": {"device_start": -1, "host_queued_start": 1585500391.574415, "device_queued": -1, "device_end": -1, "host_queued_end": 1585500391.577286}, "device": "cpu", "nd_range": {"device_start": 2168165.803966469, "device_end": 2168165.804158919}, "cmdq": 1, "read": {"device_start": -1, "device_end": -1}}, "FFC_sans_bias13": {"write": {"device_start": -1, "host_queued_start": 1585500391.573842, "device_queued": -1, "device_end": -1, "host_queued_end": 1585500391.577286}, "device": "cpu", "nd_range": {"device_start": 2168165.797818725, "device_end": 2168165.803799833}, "cmdq": 2, "read": {"device_start": -1, "device_end": -1}}, "empty8": {"write": {"device_start": -1, "host_queued_start": 1585500391.563888, "device_queued": -1, "device_end": -1, "host_queued_end": 1585500391.577286}, "device": "cpu", "nd_range": {"device_start": 2168165.766945585, "device_end": 2168165.766953438}, "cmdq": 0, "read": {"device_start": -1, "device_end": -1}}, "FFC_sans_bias42": {"write": {"device_start": -1, "host_queued_start": 1585500391.554543, "device_queued": -1, "device_end": -1, "host_queued_end": 1585500391.562137}, "device": "gpu", "nd_range": {"device_start": 1585500328.6505847, "device_end": 1585500328.652154}, "cmdq": 0, "read": {"device_start": -1, "device_end": -1}}, "FFC_sans_bias43": {"write": {"device_start": 1585500328.6532238, "host_queued_start": 1585500391.558739, "device_queued": 1585500328.6411827, "device_end": 1585500328.6532502, "host_queued_end": 1585500391.562137}, "device": "gpu", "nd_range": {"device_start": 1585500328.6532605, "device_end": 1585500328.6550133}, "cmdq": 2, "read": {"device_start": 1585500328.6550257, "device_end": 1585500328.655049}}, "FFC_sans_bias40": {"write": {"device_start": -1, "host_queued_start": 1585500391.551113, "device_queued": -1, "device_end": -1, "host_queued_end": 1585500391.562137}, "device": "gpu", "nd_range": {"device_start": 1585500328.6471288, "device_end": 1585500328.6477315}, "cmdq": 0, "read": {"device_start": -1, "device_end": -1}}, "softmax32": {"write": {"device_start": -1, "host_queued_start": 1585500391.552593, "device_queued": -1, "device_end": -1, "host_queued_end": 1585500391.562137}, "device": "gpu", "nd_range": {"device_start": 1585500328.6491406, "device_end": 1585500328.650541}, "cmdq": 1, "read": {"device_start": -1, "device_end": -1}}, "FFC_sans_bias47": {"write": {"device_start": 1585500328.6423635, "host_queued_start": 1585500391.541939, "device_queued": 1585500328.6392434, "device_end": 1585500328.6423907, "host_queued_end": 1585500391.562137}, "device": "gpu", "nd_range": {"device_start": 1585500328.6423972, "device_end": 1585500328.64425}, "cmdq": 1, "read": {"device_start": -1, "device_end": -1}}, "FFC_sans_bias45": {"write": {"device_start": 1585500328.6414342, "host_queued_start": 1585500391.539875, "device_queued": 1585500328.6388993, "device_end": 1585500328.6414688, "host_queued_end": 1585500391.562137}, "device": "gpu", "nd_range": {"device_start": 1585500328.641472, "device_end": 1585500328.6432576}, "cmdq": 3, "read": {"device_start": -1, "device_end": -1}}, "softmax50": {"write": {"device_start": -1, "host_queued_start": 1585500391.553094, "device_queued": -1, "device_end": -1, "host_queued_end": 1585500391.562137}, "device": "gpu", "nd_range": {"device_start": 1585500328.6501207, "device_end": 1585500328.6503286}, "cmdq": 3, "read": {"device_start": -1, "device_end": -1}}, "FFC_sans_bias33": {"write": {"device_start": -1, "host_queued_start": 1585500391.554225, "device_queued": -1, "device_end": -1, "host_queued_end": 1585500391.562137}, "device": "gpu", "nd_range": {"device_start": 1585500328.6505735, "device_end": 1585500328.6515744}, "cmdq": 3, "read": {"device_start": -1, "device_end": -1}}, "FFC_sans_bias63": {"write": {"device_start": 1585500328.6453106, "host_queued_start": 1585500391.548241, "device_queued": 1585500328.6396577, "device_end": 1585500328.6453369, "host_queued_end": 1585500391.562137}, "device": "gpu", "nd_range": {"device_start": 1585500328.6453407, "device_end": 1585500328.647108}, "cmdq": 3, "read": {"device_start": -1, "device_end": -1}}, "FFC_sans_bias49": {"write": {"device_start": -1, "host_queued_start": 1585500391.551435, "device_queued": -1, "device_end": -1, "host_queued_end": 1585500391.562137}, "device": "gpu", "nd_range": {"device_start": 1585500328.6471717, "device_end": 1585500328.6491318}, "cmdq": 1, "read": {"device_start": -1, "device_end": -1}}, "FFC_sans_bias64": {"write": {"device_start": 1585500328.6443613, "host_queued_start": 1585500391.546136, "device_queued": 1585500328.6396244, "device_end": 1585500328.644392, "host_queued_end": 1585500391.562137}, "device": "gpu", "nd_range": {"device_start": 1585500328.644395, "device_end": 1585500328.64614}, "cmdq": 1, "read": {"device_start": -1, "device_end": -1}}, "FFC_sans_bias65": {"write": {"device_start": 1585500328.6447945, "host_queued_start": 1585500391.547203, "device_queued": 1585500328.6396422, "device_end": 1585500328.6448278, "host_queued_end": 1585500391.562137}, "device": "gpu", "nd_range": {"device_start": 1585500328.6448333, "device_end": 1585500328.6466448}, "cmdq": 2, "read": {"device_start": -1, "device_end": -1}}, "FFC_sans_bias67": {"write": {"device_start": -1, "host_queued_start": 1585500391.552082, "device_queued": -1, "device_end": -1, "host_queued_end": 1585500391.562137}, "device": "gpu", "nd_range": {"device_start": 1585500328.6487114, "device_end": 1585500328.650112}, "cmdq": 3, "read": {"device_start": -1, "device_end": -1}}, "FFC_sans_bias24": {"write": {"device_start": -1, "host_queued_start": 1585500391.553906, "device_queued": -1, "device_end": -1, "host_queued_end": 1585500391.562137}, "device": "gpu", "nd_range": {"device_start": 1585500328.650563, "device_end": 1585500328.6511693}, "cmdq": 2, "read": {"device_start": -1, "device_end": -1}}, "FFC_sans_bias25": {"write": {"device_start": 1585500328.6523008, "host_queued_start": 1585500391.556586, "device_queued": 1585500328.640967, "device_end": 1585500328.6523328, "host_queued_end": 1585500391.562137}, "device": "gpu", "nd_range": {"device_start": 1585500328.652345, "device_end": 1585500328.6540565}, "cmdq": 0, "read": {"device_start": 1585500328.6540627, "device_end": 1585500328.6540873}}, "FFC_sans_bias27": {"write": {"device_start": 1585500328.6385427, "host_queued_start": 1585500391.533515, "device_queued": 1585500328.6384454, "device_end": 1585500328.6385732, "host_queued_end": 1585500391.562137}, "device": "gpu", "nd_range": {"device_start": 1585500328.638578, "device_end": 1585500328.640301}, "cmdq": 1, "read": {"device_start": -1, "device_end": -1}}, "FFC_sans_bias20": {"write": {"device_start": 1585500328.6384044, "host_queued_start": 1585500391.532321, "device_queued": 1585500328.6382654, "device_end": 1585500328.63843, "host_queued_end": 1585500391.562137}, "device": "gpu", "nd_range": {"device_start": 1585500328.6384408, "device_end": 1585500328.6398904}, "cmdq": 0, "read": {"device_start": -1, "device_end": -1}}, "FFC_sans_bias22": {"write": {"device_start": -1, "host_queued_start": 1585500391.550445, "device_queued": -1, "device_end": -1, "host_queued_end": 1585500391.562137}, "device": "gpu", "nd_range": {"device_start": 1585500328.6471431, "device_end": 1585500328.6481483}, "cmdq": 2, "read": {"device_start": -1, "device_end": -1}}, "softmax68": {"write": {"device_start": -1, "host_queued_start": 1585500391.553589, "device_queued": -1, "device_end": -1, "host_queued_end": 1585500391.562137}, "device": "gpu", "nd_range": {"device_start": 1585500328.6505504, "device_end": 1585500328.6509383}, "cmdq": 1, "read": {"device_start": -1, "device_end": -1}}, "softmax5": {"write": {"device_start": -1, "host_queued_start": 1585500391.574132, "device_queued": -1, "device_end": -1, "host_queued_end": 1585500391.577286}, "device": "cpu", "nd_range": {"device_start": 2168165.8039647173, "device_end": 2168165.804174173}, "cmdq": 0, "read": {"device_start": -1, "device_end": -1}}, "FFC_sans_bias28": {"write": {"device_start": 1585500328.6390073, "host_queued_start": 1585500391.534552, "device_queued": 1585500328.6384733, "device_end": 1585500328.6390386, "host_queued_end": 1585500391.562137}, "device": "gpu", "nd_range": {"device_start": 1585500328.6390443, "device_end": 1585500328.6408687}, "cmdq": 2, "read": {"device_start": -1, "device_end": -1}}, "FFC_sans_bias29": {"write": {"device_start": 1585500328.639421, "host_queued_start": 1585500391.535647, "device_queued": 1585500328.6384897, "device_end": 1585500328.639446, "host_queued_end": 1585500391.562137}, "device": "gpu", "nd_range": {"device_start": 1585500328.6394513, "device_end": 1585500328.6412928}, "cmdq": 3, "read": {"device_start": -1, "device_end": -1}}, "empty17": {"write": {"device_start": -1, "host_queued_start": 1585500391.565011, "device_queued": -1, "device_end": -1, "host_queued_end": 1585500391.577286}, "device": "cpu", "nd_range": {"device_start": 2168165.766972669, "device_end": 2168165.766978148}, "cmdq": 1, "read": {"device_start": -1, "device_end": -1}}, "softmax59": {"write": {"device_start": -1, "host_queued_start": 1585500391.553339, "device_queued": -1, "device_end": -1, "host_queued_end": 1585500391.562137}, "device": "gpu", "nd_range": {"device_start": 1585500328.6498668, "device_end": 1585500328.6505394}, "cmdq": 0, "read": {"device_start": -1, "device_end": -1}}, "empty71": {"write": {"device_start": 1585500328.6381333, "host_queued_start": 1585500391.52918, "device_queued": 1585500328.6380064, "device_end": 1585500328.6381888, "host_queued_end": 1585500391.562137}, "device": "gpu", "nd_range": {"device_start": 1585500328.6381924, "device_end": 1585500328.6381962}, "cmdq": 1, "read": {"device_start": -1, "device_end": -1}}, "empty35": {"write": {"device_start": 1585500328.637758, "host_queued_start": 1585500391.525757, "device_queued": 1585500328.6376474, "device_end": 1585500328.637822, "host_queued_end": 1585500391.562137}, "device": "gpu", "nd_range": {"device_start": 1585500328.6378264, "device_end": 1585500328.6378329}, "cmdq": 1, "read": {"device_start": -1, "device_end": -1}}, "empty53": {"write": {"device_start": 1585500328.6379476, "host_queued_start": 1585500391.527491, "device_queued": 1585500328.63771, "device_end": 1585500328.6379766, "host_queued_end": 1585500391.562137}, "device": "gpu", "nd_range": {"device_start": 1585500328.6379886, "device_end": 1585500328.6379955}, "cmdq": 3, "read": {"device_start": -1, "device_end": -1}}, "FFC_sans_bias46": {"write": {"device_start": 1585500328.6418793, "host_queued_start": 1585500391.540902, "device_queued": 1585500328.639104, "device_end": 1585500328.6419065, "host_queued_end": 1585500391.562137}, "device": "gpu", "nd_range": {"device_start": 1585500328.6419165, "device_end": 1585500328.643714}, "cmdq": 0, "read": {"device_start": -1, "device_end": -1}}, "coalesced_transpose66": {"write": {"device_start": -1, "host_queued_start": 1585500391.550118, "device_queued": -1, "device_end": -1, "host_queued_end": 1585500391.562137}, "device": "gpu", "nd_range": {"device_start": 1585500328.646996, "device_end": 1585500328.6470268}, "cmdq": 1, "read": {"device_start": -1, "device_end": -1}}, "coalesced_transpose48": {"write": {"device_start": -1, "host_queued_start": 1585500391.549506, "device_queued": -1, "device_end": -1, "host_queued_end": 1585500391.562137}, "device": "gpu", "nd_range": {"device_start": 1585500328.647115, "device_end": 1585500328.647146}, "cmdq": 3, "read": {"device_start": -1, "device_end": -1}}}