{"FFC_sans_bias60": {"write": {"device_start": -1, "host_queued_start": 1585500299.13593, "device_queued": -1, "device_end": -1, "host_queued_end": 1585500299.139484}, "device": "gpu", "nd_range": {"device_start": 1585500236.2240167, "device_end": 1585500236.2248173}, "cmdq": 1, "read": {"device_start": -1, "device_end": -1}}, "FFC_sans_bias4": {"write": {"device_start": -1, "host_queued_start": 1585500299.162969, "device_queued": -1, "device_end": -1, "host_queued_end": 1585500299.172526}, "device": "cpu", "nd_range": {"device_start": 2168073.449570288, "device_end": 2168073.4610113003}, "cmdq": 1, "read": {"device_start": -1, "device_end": -1}}, "FFC_sans_bias7": {"write": {"device_start": -1, "host_queued_start": 1585500299.168514, "device_queued": -1, "device_end": -1, "host_queued_end": 1585500299.172526}, "device": "cpu", "nd_range": {"device_start": 2168073.484372423, "device_end": 2168073.499570095}, "cmdq": 0, "read": {"device_start": -1, "device_end": -1}}, "FFC_sans_bias6": {"write": {"device_start": -1, "host_queued_start": 1585500299.166091, "device_queued": -1, "device_end": -1, "host_queued_end": 1585500299.172526}, "device": "cpu", "nd_range": {"device_start": 2168073.4615612663, "device_end": 2168073.48406432}, "cmdq": 3, "read": {"device_start": -1, "device_end": -1}}, "FFC_sans_bias1": {"write": {"device_start": -1, "host_queued_start": 1585500299.14683, "device_queued": -1, "device_end": -1, "host_queued_end": 1585500299.172526}, "device": "cpu", "nd_range": {"device_start": 2168073.3621491543, "device_end": 2168073.377560574}, "cmdq": 2, "read": {"device_start": -1, "device_end": -1}}, "FFC_sans_bias0": {"write": {"device_start": -1, "host_queued_start": 1585500299.14576, "device_queued": -1, "device_end": -1, "host_queued_end": 1585500299.172526}, "device": "cpu", "nd_range": {"device_start": 2168073.3626462403, "device_end": 2168073.377786423}, "cmdq": 1, "read": {"device_start": -1, "device_end": -1}}, "FFC_sans_bias2": {"write": {"device_start": -1, "host_queued_start": 1585500299.14805, "device_queued": -1, "device_end": -1, "host_queued_end": 1585500299.172526}, "device": "cpu", "nd_range": {"device_start": 2168073.362167492, "device_end": 2168073.377708272}, "cmdq": 3, "read": {"device_start": -1, "device_end": -1}}, "FFC_sans_bias61": {"write": {"device_start": 1585500236.2249424, "host_queued_start": 1585500299.138303, "device_queued": 1585500236.2195017, "device_end": 1585500236.2249732, "host_queued_end": 1585500299.139484}, "device": "gpu", "nd_range": {"device_start": 1585500236.224976, "device_end": 1585500236.2262332}, "cmdq": 1, "read": {"device_start": 1585500236.2262356, "device_end": 1585500236.2262626}}, "FFC_sans_bias52": {"write": {"device_start": 1585500236.224396, "host_queued_start": 1585500299.137251, "device_queued": 1585500236.2194464, "device_end": 1585500236.2244267, "host_queued_end": 1585500299.139484}, "device": "gpu", "nd_range": {"device_start": 1585500236.224433, "device_end": 1585500236.2252433}, "cmdq": 0, "read": {"device_start": 1585500236.2252474, "device_end": 1585500236.2252712}}, "FFC_sans_bias9": {"write": {"device_start": -1, "host_queued_start": 1585500299.149213, "device_queued": -1, "device_end": -1, "host_queued_end": 1585500299.172526}, "device": "cpu", "nd_range": {"device_start": 2168073.423668744, "device_end": 2168073.42936747}, "cmdq": 0, "read": {"device_start": -1, "device_end": -1}}, "coalesced_transpose39": {"write": {"device_start": -1, "host_queued_start": 1585500299.162623, "device_queued": -1, "device_end": -1, "host_queued_end": 1585500299.172526}, "device": "cpu", "nd_range": {"device_start": 2168073.449531796, "device_end": 2168073.449776487}, "cmdq": 0, "read": {"device_start": -1, "device_end": -1}}, "FFC_sans_bias55": {"write": {"device_start": 1585500236.2195625, "host_queued_start": 1585500299.129281, "device_queued": 1585500236.218344, "device_end": 1585500236.2195876, "host_queued_end": 1585500299.139484}, "device": "gpu", "nd_range": {"device_start": 1585500236.2195902, "device_end": 1585500236.2208915}, "cmdq": 2, "read": {"device_start": -1, "device_end": -1}}, "FFC_sans_bias54": {"write": {"device_start": 1585500236.2190096, "host_queued_start": 1585500299.128252, "device_queued": 1585500236.2182033, "device_end": 1585500236.2190406, "host_queued_end": 1585500299.139484}, "device": "gpu", "nd_range": {"device_start": 1585500236.219045, "device_end": 1585500236.2204194}, "cmdq": 1, "read": {"device_start": -1, "device_end": -1}}, "FFC_sans_bias56": {"write": {"device_start": 1585500236.2186277, "host_queued_start": 1585500299.127221, "device_queued": 1585500236.218159, "device_end": 1585500236.218658, "host_queued_end": 1585500299.139484}, "device": "gpu", "nd_range": {"device_start": 1585500236.218663, "device_end": 1585500236.2198963}, "cmdq": 0, "read": {"device_start": -1, "device_end": -1}}, "FFC_sans_bias51": {"write": {"device_start": -1, "host_queued_start": 1585500299.135613, "device_queued": -1, "device_end": -1, "host_queued_end": 1585500299.139484}, "device": "gpu", "nd_range": {"device_start": 1585500236.223551, "device_end": 1585500236.224253}, "cmdq": 0, "read": {"device_start": -1, "device_end": -1}}, "softmax23": {"write": {"device_start": -1, "host_queued_start": 1585500299.165179, "device_queued": -1, "device_end": -1, "host_queued_end": 1585500299.172526}, "device": "cpu", "nd_range": {"device_start": 2168073.4580891333, "device_end": 2168073.458310529}, "cmdq": 0, "read": {"device_start": -1, "device_end": -1}}, "FFC_sans_bias37": {"write": {"device_start": -1, "host_queued_start": 1585500299.159822, "device_queued": -1, "device_end": -1, "host_queued_end": 1585500299.172526}, "device": "cpu", "nd_range": {"device_start": 2168073.4083727673, "device_end": 2168073.423549326}, "cmdq": 2, "read": {"device_start": -1, "device_end": -1}}, "empty62": {"write": {"device_start": 1585500236.2175937, "host_queued_start": 1585500299.122106, "device_queued": 1585500236.2174885, "device_end": 1585500236.2176566, "host_queued_end": 1585500299.139484}, "device": "gpu", "nd_range": {"device_start": 1585500236.217662, "device_end": 1585500236.2176733}, "cmdq": 1, "read": {"device_start": -1, "device_end": -1}}, "FFC_sans_bias70": {"write": {"device_start": 1585500236.2258961, "host_queued_start": 1585500299.139369, "device_queued": 1585500236.2196665, "device_end": 1585500236.225926, "host_queued_end": 1585500299.139484}, "device": "gpu", "nd_range": {"device_start": 1585500236.2259305, "device_end": 1585500236.226684}, "cmdq": 2, "read": {"device_start": 1585500236.2266865, "device_end": 1585500236.2267098}}, "FFC_sans_bias58": {"write": {"device_start": -1, "host_queued_start": 1585500299.134185, "device_queued": -1, "device_end": -1, "host_queued_end": 1585500299.139484}, "device": "gpu", "nd_range": {"device_start": 1585500236.2222474, "device_end": 1585500236.2232854}, "cmdq": 1, "read": {"device_start": -1, "device_end": -1}}, "softmax41": {"write": {"device_start": -1, "host_queued_start": 1585500299.165747, "device_queued": -1, "device_end": -1, "host_queued_end": 1585500299.172526}, "device": "cpu", "nd_range": {"device_start": 2168073.476747395, "device_end": 2168073.476957192}, "cmdq": 2, "read": {"device_start": -1, "device_end": -1}}, "FFC_sans_bias11": {"write": {"device_start": -1, "host_queued_start": 1585500299.151381, "device_queued": -1, "device_end": -1, "host_queued_end": 1585500299.172526}, "device": "cpu", "nd_range": {"device_start": 2168073.3776758113, "device_end": 2168073.392908369}, "cmdq": 2, "read": {"device_start": -1, "device_end": -1}}, "FFC_sans_bias10": {"write": {"device_start": -1, "host_queued_start": 1585500299.150307, "device_queued": -1, "device_end": -1, "host_queued_end": 1585500299.172526}, "device": "cpu", "nd_range": {"device_start": 2168073.377800526, "device_end": 2168073.393009691}, "cmdq": 1, "read": {"device_start": -1, "device_end": -1}}, "coalesced_transpose3": {"write": {"device_start": -1, "host_queued_start": 1585500299.161203, "device_queued": -1, "device_end": -1, "host_queued_end": 1585500299.172526}, "device": "cpu", "nd_range": {"device_start": 2168073.449171754, "device_end": 2168073.449417284}, "cmdq": 0, "read": {"device_start": -1, "device_end": -1}}, "FFC_sans_bias34": {"write": {"device_start": -1, "host_queued_start": 1585500299.171492, "device_queued": -1, "device_end": -1, "host_queued_end": 1585500299.172526}, "device": "cpu", "nd_range": {"device_start": 2168073.507618824, "device_end": 2168073.517904024}, "cmdq": 3, "read": {"device_start": -1, "device_end": -1}}, "FFC_sans_bias15": {"write": {"device_start": -1, "host_queued_start": 1585500299.166432, "device_queued": -1, "device_end": -1, "host_queued_end": 1585500299.172526}, "device": "cpu", "nd_range": {"device_start": 2168073.461339055, "device_end": 2168073.476782265}, "cmdq": 0, "read": {"device_start": -1, "device_end": -1}}, "FFC_sans_bias31": {"write": {"device_start": -1, "host_queued_start": 1585500299.164005, "device_queued": -1, "device_end": -1, "host_queued_end": 1585500299.172526}, "device": "cpu", "nd_range": {"device_start": 2168073.449889, "device_end": 2168073.457976973}, "cmdq": 0, "read": {"device_start": -1, "device_end": -1}}, "FFC_sans_bias16": {"write": {"device_start": -1, "host_queued_start": 1585500299.169506, "device_queued": -1, "device_end": -1, "host_queued_end": 1585500299.172526}, "device": "cpu", "nd_range": {"device_start": 2168073.484504722, "device_end": 2168073.499823782}, "cmdq": 1, "read": {"device_start": -1, "device_end": -1}}, "FFC_sans_bias19": {"write": {"device_start": -1, "host_queued_start": 1585500299.153468, "device_queued": -1, "device_end": -1, "host_queued_end": 1585500299.172526}, "device": "cpu", "nd_range": {"device_start": 2168073.429375559, "device_end": 2168073.434691873}, "cmdq": 0, "read": {"device_start": -1, "device_end": -1}}, "FFC_sans_bias18": {"write": {"device_start": -1, "host_queued_start": 1585500299.152423, "device_queued": -1, "device_end": -1, "host_queued_end": 1585500299.172526}, "device": "cpu", "nd_range": {"device_start": 2168073.3778320993, "device_end": 2168073.393292535}, "cmdq": 3, "read": {"device_start": -1, "device_end": -1}}, "coalesced_transpose30": {"write": {"device_start": -1, "host_queued_start": 1585500299.162291, "device_queued": -1, "device_end": -1, "host_queued_end": 1585500299.172526}, "device": "cpu", "nd_range": {"device_start": 2168073.42408873, "device_end": 2168073.42433677}, "cmdq": 3, "read": {"device_start": -1, "device_end": -1}}, "FFC_sans_bias69": {"write": {"device_start": -1, "host_queued_start": 1585500299.136238, "device_queued": -1, "device_end": -1, "host_queued_end": 1585500299.139484}, "device": "gpu", "nd_range": {"device_start": 1585500236.2244666, "device_end": 1585500236.2257686}, "cmdq": 2, "read": {"device_start": -1, "device_end": -1}}, "FFC_sans_bias38": {"write": {"device_start": -1, "host_queued_start": 1585500299.160874, "device_queued": -1, "device_end": -1, "host_queued_end": 1585500299.172526}, "device": "cpu", "nd_range": {"device_start": 2168073.40879974, "device_end": 2168073.4240401313}, "cmdq": 3, "read": {"device_start": -1, "device_end": -1}}, "coalesced_transpose57": {"write": {"device_start": -1, "host_queued_start": 1585500299.133247, "device_queued": -1, "device_end": -1, "host_queued_end": 1585500299.139484}, "device": "gpu", "nd_range": {"device_start": 1585500236.2218764, "device_end": 1585500236.2222462}, "cmdq": 1, "read": {"device_start": -1, "device_end": -1}}, "empty26": {"write": {"device_start": -1, "host_queued_start": 1585500299.142978, "device_queued": -1, "device_end": -1, "host_queued_end": 1585500299.172526}, "device": "cpu", "nd_range": {"device_start": 2168073.3621421093, "device_end": 2168073.362142858}, "cmdq": 2, "read": {"device_start": -1, "device_end": -1}}, "coalesced_transpose12": {"write": {"device_start": -1, "host_queued_start": 1585500299.161531, "device_queued": -1, "device_end": -1, "host_queued_end": 1585500299.172526}, "device": "cpu", "nd_range": {"device_start": 2168073.423820047, "device_end": 2168073.424074472}, "cmdq": 1, "read": {"device_start": -1, "device_end": -1}}, "empty44": {"write": {"device_start": -1, "host_queued_start": 1585500299.144811, "device_queued": -1, "device_end": -1, "host_queued_end": 1585500299.172526}, "device": "cpu", "nd_range": {"device_start": 2168073.3621355183, "device_end": 2168073.362136545}, "cmdq": 0, "read": {"device_start": -1, "device_end": -1}}, "coalesced_transpose21": {"write": {"device_start": -1, "host_queued_start": 1585500299.161864, "device_queued": -1, "device_end": -1, "host_queued_end": 1585500299.172526}, "device": "cpu", "nd_range": {"device_start": 2168073.4347341913, "device_end": 2168073.435851302}, "cmdq": 2, "read": {"device_start": -1, "device_end": -1}}, "FFC_sans_bias36": {"write": {"device_start": -1, "host_queued_start": 1585500299.158781, "device_queued": -1, "device_end": -1, "host_queued_end": 1585500299.172526}, "device": "cpu", "nd_range": {"device_start": 2168073.408518181, "device_end": 2168073.4237053622}, "cmdq": 1, "read": {"device_start": -1, "device_end": -1}}, "softmax14": {"write": {"device_start": -1, "host_queued_start": 1585500299.164904, "device_queued": -1, "device_end": -1, "host_queued_end": 1585500299.172526}, "device": "cpu", "nd_range": {"device_start": 2168073.461007451, "device_end": 2168073.461222057}, "cmdq": 3, "read": {"device_start": -1, "device_end": -1}}, "FFC_sans_bias13": {"write": {"device_start": -1, "host_queued_start": 1585500299.163315, "device_queued": -1, "device_end": -1, "host_queued_end": 1585500299.172526}, "device": "cpu", "nd_range": {"device_start": 2168073.435993956, "device_end": 2168073.4609863013}, "cmdq": 2, "read": {"device_start": -1, "device_end": -1}}, "empty8": {"write": {"device_start": -1, "host_queued_start": 1585500299.140891, "device_queued": -1, "device_end": -1, "host_queued_end": 1585500299.172526}, "device": "cpu", "nd_range": {"device_start": 2168073.36210411, "device_end": 2168073.362114901}, "cmdq": 0, "read": {"device_start": -1, "device_end": -1}}, "FFC_sans_bias42": {"write": {"device_start": -1, "host_queued_start": 1585500299.167463, "device_queued": -1, "device_end": -1, "host_queued_end": 1585500299.172526}, "device": "cpu", "nd_range": {"device_start": 2168073.484073881, "device_end": 2168073.507607675}, "cmdq": 3, "read": {"device_start": -1, "device_end": -1}}, "FFC_sans_bias43": {"write": {"device_start": -1, "host_queued_start": 1585500299.172482, "device_queued": -1, "device_end": -1, "host_queued_end": 1585500299.172526}, "device": "cpu", "nd_range": {"device_start": 2168073.5076294662, "device_end": 2168073.517904437}, "cmdq": 0, "read": {"device_start": -1, "device_end": -1}}, "FFC_sans_bias40": {"write": {"device_start": -1, "host_queued_start": 1585500299.164349, "device_queued": -1, "device_end": -1, "host_queued_end": 1585500299.172526}, "device": "cpu", "nd_range": {"device_start": 2168073.46105354, "device_end": 2168073.476010228}, "cmdq": 1, "read": {"device_start": -1, "device_end": -1}}, "softmax32": {"write": {"device_start": -1, "host_queued_start": 1585500299.165469, "device_queued": -1, "device_end": -1, "host_queued_end": 1585500299.172526}, "device": "cpu", "nd_range": {"device_start": 2168073.47614622, "device_end": 2168073.4763601003}, "cmdq": 1, "read": {"device_start": -1, "device_end": -1}}, "FFC_sans_bias47": {"write": {"device_start": 1585500236.2181017, "host_queued_start": 1585500299.126149, "device_queued": 1585500236.2179253, "device_end": 1585500236.218131, "host_queued_end": 1585500299.139484}, "device": "gpu", "nd_range": {"device_start": 1585500236.218151, "device_end": 1585500236.2194514}, "cmdq": 2, "read": {"device_start": -1, "device_end": -1}}, "FFC_sans_bias45": {"write": {"device_start": 1585500236.2177923, "host_queued_start": 1585500299.124073, "device_queued": 1585500236.2176151, "device_end": 1585500236.217817, "host_queued_end": 1585500299.139484}, "device": "gpu", "nd_range": {"device_start": 1585500236.2178879, "device_end": 1585500236.218492}, "cmdq": 0, "read": {"device_start": -1, "device_end": -1}}, "softmax50": {"write": {"device_start": -1, "host_queued_start": 1585500299.134788, "device_queued": -1, "device_end": -1, "host_queued_end": 1585500299.139484}, "device": "gpu", "nd_range": {"device_start": 1585500236.2228482, "device_end": 1585500236.22355}, "cmdq": 0, "read": {"device_start": -1, "device_end": -1}}, "FFC_sans_bias33": {"write": {"device_start": -1, "host_queued_start": 1585500299.167121, "device_queued": -1, "device_end": -1, "host_queued_end": 1585500299.172526}, "device": "cpu", "nd_range": {"device_start": 2168073.476966117, "device_end": 2168073.502208629}, "cmdq": 2, "read": {"device_start": -1, "device_end": -1}}, "FFC_sans_bias63": {"write": {"device_start": 1585500236.2210162, "host_queued_start": 1585500299.132625, "device_queued": 1585500236.218702, "device_end": 1585500236.2210472, "host_queued_end": 1585500299.139484}, "device": "gpu", "nd_range": {"device_start": 1585500236.2210505, "device_end": 1585500236.2223387}, "cmdq": 2, "read": {"device_start": -1, "device_end": -1}}, "FFC_sans_bias49": {"write": {"device_start": -1, "host_queued_start": 1585500299.133877, "device_queued": -1, "device_end": -1, "host_queued_end": 1585500299.139484}, "device": "gpu", "nd_range": {"device_start": 1585500236.22223, "device_end": 1585500236.222847}, "cmdq": 0, "read": {"device_start": -1, "device_end": -1}}, "FFC_sans_bias64": {"write": {"device_start": 1585500236.2200131, "host_queued_start": 1585500299.130478, "device_queued": 1585500236.218431, "device_end": 1585500236.2200446, "host_queued_end": 1585500299.139484}, "device": "gpu", "nd_range": {"device_start": 1585500236.2200482, "device_end": 1585500236.221374}, "cmdq": 0, "read": {"device_start": -1, "device_end": -1}}, "FFC_sans_bias65": {"write": {"device_start": 1585500236.220567, "host_queued_start": 1585500299.131591, "device_queued": 1585500236.2186635, "device_end": 1585500236.2205985, "host_queued_end": 1585500299.139484}, "device": "gpu", "nd_range": {"device_start": 1585500236.2206028, "device_end": 1585500236.2218723}, "cmdq": 1, "read": {"device_start": -1, "device_end": -1}}, "FFC_sans_bias67": {"write": {"device_start": -1, "host_queued_start": 1585500299.134509, "device_queued": -1, "device_end": -1, "host_queued_end": 1585500299.139484}, "device": "gpu", "nd_range": {"device_start": 1585500236.2232006, "device_end": 1585500236.2238286}, "cmdq": 2, "read": {"device_start": -1, "device_end": -1}}, "FFC_sans_bias24": {"write": {"device_start": -1, "host_queued_start": 1585500299.166779, "device_queued": -1, "device_end": -1, "host_queued_end": 1585500299.172526}, "device": "cpu", "nd_range": {"device_start": 2168073.4764744653, "device_end": 2168073.4843988903}, "cmdq": 1, "read": {"device_start": -1, "device_end": -1}}, "FFC_sans_bias25": {"write": {"device_start": -1, "host_queued_start": 1585500299.170494, "device_queued": -1, "device_end": -1, "host_queued_end": 1585500299.172526}, "device": "cpu", "nd_range": {"device_start": 2168073.502217193, "device_end": 2168073.507505115}, "cmdq": 2, "read": {"device_start": -1, "device_end": -1}}, "FFC_sans_bias27": {"write": {"device_start": -1, "host_queued_start": 1585500299.155621, "device_queued": -1, "device_end": -1, "host_queued_end": 1585500299.172526}, "device": "cpu", "nd_range": {"device_start": 2168073.3930335823, "device_end": 2168073.4082496413}, "cmdq": 2, "read": {"device_start": -1, "device_end": -1}}, "FFC_sans_bias20": {"write": {"device_start": -1, "host_queued_start": 1585500299.154515, "device_queued": -1, "device_end": -1, "host_queued_end": 1585500299.172526}, "device": "cpu", "nd_range": {"device_start": 2168073.393140893, "device_end": 2168073.408397988}, "cmdq": 1, "read": {"device_start": -1, "device_end": -1}}, "FFC_sans_bias22": {"write": {"device_start": -1, "host_queued_start": 1585500299.163655, "device_queued": -1, "device_end": -1, "host_queued_end": 1585500299.172526}, "device": "cpu", "nd_range": {"device_start": 2168073.438781729, "device_end": 2168073.450233736}, "cmdq": 3, "read": {"device_start": -1, "device_end": -1}}, "softmax68": {"write": {"device_start": -1, "host_queued_start": 1585500299.135288, "device_queued": -1, "device_end": -1, "host_queued_end": 1585500299.139484}, "device": "gpu", "nd_range": {"device_start": 1585500236.2238295, "device_end": 1585500236.2244656}, "cmdq": 2, "read": {"device_start": -1, "device_end": -1}}, "softmax5": {"write": {"device_start": -1, "host_queued_start": 1585500299.164628, "device_queued": -1, "device_end": -1, "host_queued_end": 1585500299.172526}, "device": "cpu", "nd_range": {"device_start": 2168073.461037067, "device_end": 2168073.4614469423}, "cmdq": 2, "read": {"device_start": -1, "device_end": -1}}, "FFC_sans_bias28": {"write": {"device_start": -1, "host_queued_start": 1585500299.15666, "device_queued": -1, "device_end": -1, "host_queued_end": 1585500299.172526}, "device": "cpu", "nd_range": {"device_start": 2168073.3934053713, "device_end": 2168073.408687809}, "cmdq": 3, "read": {"device_start": -1, "device_end": -1}}, "FFC_sans_bias29": {"write": {"device_start": -1, "host_queued_start": 1585500299.157709, "device_queued": -1, "device_end": -1, "host_queued_end": 1585500299.172526}, "device": "cpu", "nd_range": {"device_start": 2168073.434713473, "device_end": 2168073.4490487683}, "cmdq": 0, "read": {"device_start": -1, "device_end": -1}}, "empty17": {"write": {"device_start": -1, "host_queued_start": 1585500299.141978, "device_queued": -1, "device_end": -1, "host_queued_end": 1585500299.172526}, "device": "cpu", "nd_range": {"device_start": 2168073.362625957, "device_end": 2168073.36263028}, "cmdq": 1, "read": {"device_start": -1, "device_end": -1}}, "softmax59": {"write": {"device_start": -1, "host_queued_start": 1585500299.135035, "device_queued": -1, "device_end": -1, "host_queued_end": 1585500299.139484}, "device": "gpu", "nd_range": {"device_start": 1585500236.2232864, "device_end": 1585500236.2240155}, "cmdq": 1, "read": {"device_start": -1, "device_end": -1}}, "empty71": {"write": {"device_start": 1585500236.2176967, "host_queued_start": 1585500299.123065, "device_queued": 1585500236.217534, "device_end": 1585500236.2177567, "host_queued_end": 1585500299.139484}, "device": "gpu", "nd_range": {"device_start": 1585500236.2177603, "device_end": 1585500236.2177644}, "cmdq": 2, "read": {"device_start": -1, "device_end": -1}}, "empty35": {"write": {"device_start": -1, "host_queued_start": 1585500299.143984, "device_queued": -1, "device_end": -1, "host_queued_end": 1585500299.172526}, "device": "cpu", "nd_range": {"device_start": 2168073.362146649, "device_end": 2168073.362151085}, "cmdq": 3, "read": {"device_start": -1, "device_end": -1}}, "empty53": {"write": {"device_start": 1585500236.2174954, "host_queued_start": 1585500299.121066, "device_queued": 1585500236.2173696, "device_end": 1585500236.2175283, "host_queued_end": 1585500299.139484}, "device": "gpu", "nd_range": {"device_start": 1585500236.217538, "device_end": 1585500236.2175434}, "cmdq": 0, "read": {"device_start": -1, "device_end": -1}}, "FFC_sans_bias46": {"write": {"device_start": 1585500236.2180092, "host_queued_start": 1585500299.125106, "device_queued": 1585500236.2178998, "device_end": 1585500236.218078, "host_queued_end": 1585500299.139484}, "device": "gpu", "nd_range": {"device_start": 1585500236.218083, "device_end": 1585500236.218897}, "cmdq": 1, "read": {"device_start": -1, "device_end": -1}}, "coalesced_transpose66": {"write": {"device_start": -1, "host_queued_start": 1585500299.133543, "device_queued": -1, "device_end": -1, "host_queued_end": 1585500299.139484}, "device": "gpu", "nd_range": {"device_start": 1585500236.2223444, "device_end": 1585500236.2231991}, "cmdq": 2, "read": {"device_start": -1, "device_end": -1}}, "coalesced_transpose48": {"write": {"device_start": -1, "host_queued_start": 1585500299.132952, "device_queued": -1, "device_end": -1, "host_queued_end": 1585500299.139484}, "device": "gpu", "nd_range": {"device_start": 1585500236.2213752, "device_end": 1585500236.2222288}, "cmdq": 0, "read": {"device_start": -1, "device_end": -1}}}