{"FFC_sans_bias60": {"write": {"device_start": -1, "host_queued_start": 1585500416.78833, "device_queued": -1, "device_end": -1, "host_queued_end": 1585500416.795096}, "device": "gpu", "nd_range": {"device_start": 1585500353.8834765, "device_end": 1585500353.885403}, "cmdq": 2, "read": {"device_start": -1, "device_end": -1}}, "FFC_sans_bias4": {"write": {"device_start": -1, "host_queued_start": 1585500416.80623, "device_queued": -1, "device_end": -1, "host_queued_end": 1585500416.81009}, "device": "cpu", "nd_range": {"device_start": 2168191.0246138712, "device_end": 2168191.032705408}, "cmdq": 2, "read": {"device_start": -1, "device_end": -1}}, "FFC_sans_bias7": {"write": {"device_start": -1, "host_queued_start": 1585500416.808984, "device_queued": -1, "device_end": -1, "host_queued_end": 1585500416.81009}, "device": "cpu", "nd_range": {"device_start": 2168191.042672615, "device_end": 2168191.049798652}, "cmdq": 0, "read": {"device_start": -1, "device_end": -1}}, "FFC_sans_bias6": {"write": {"device_start": -1, "host_queued_start": 1585500416.807557, "device_queued": -1, "device_end": -1, "host_queued_end": 1585500416.81009}, "device": "cpu", "nd_range": {"device_start": 2168191.033147018, "device_end": 2168191.042663638}, "cmdq": 2, "read": {"device_start": -1, "device_end": -1}}, "FFC_sans_bias1": {"write": {"device_start": -1, "host_queued_start": 1585500416.800436, "device_queued": -1, "device_end": -1, "host_queued_end": 1585500416.81009}, "device": "cpu", "nd_range": {"device_start": 2168190.999848672, "device_end": 2168191.015162045}, "cmdq": 3, "read": {"device_start": -1, "device_end": -1}}, "FFC_sans_bias0": {"write": {"device_start": -1, "host_queued_start": 1585500416.799132, "device_queued": -1, "device_end": -1, "host_queued_end": 1585500416.81009}, "device": "cpu", "nd_range": {"device_start": 2168190.9997190894, "device_end": 2168191.0163340443}, "cmdq": 2, "read": {"device_start": -1, "device_end": -1}}, "FFC_sans_bias2": {"write": {"device_start": -1, "host_queued_start": 1585500416.801719, "device_queued": -1, "device_end": -1, "host_queued_end": 1585500416.81009}, "device": "cpu", "nd_range": {"device_start": 2168190.999710936, "device_end": 2168191.016107518}, "cmdq": 0, "read": {"device_start": -1, "device_end": -1}}, "FFC_sans_bias61": {"write": {"device_start": 1585500353.8865292, "host_queued_start": 1585500416.79386, "device_queued": 1585500353.874093, "device_end": 1585500353.8865547, "host_queued_end": 1585500416.795096}, "device": "gpu", "nd_range": {"device_start": 1585500353.8865635, "device_end": 1585500353.8882527}, "cmdq": 0, "read": {"device_start": 1585500353.8882627, "device_end": 1585500353.8882854}}, "FFC_sans_bias52": {"write": {"device_start": 1585500353.8859262, "host_queued_start": 1585500416.792822, "device_queued": 1585500353.8738673, "device_end": 1585500353.8859518, "host_queued_end": 1585500416.795096}, "device": "gpu", "nd_range": {"device_start": 1585500353.8859622, "device_end": 1585500353.8878021}, "cmdq": 3, "read": {"device_start": 1585500353.8878086, "device_end": 1585500353.8878329}}, "FFC_sans_bias9": {"write": {"device_start": -1, "host_queued_start": 1585500416.80295, "device_queued": -1, "device_end": -1, "host_queued_end": 1585500416.81009}, "device": "cpu", "nd_range": {"device_start": 2168190.99970977, "device_end": 2168191.015309534}, "cmdq": 1, "read": {"device_start": -1, "device_end": -1}}, "coalesced_transpose39": {"write": {"device_start": -1, "host_queued_start": 1585500416.782403, "device_queued": -1, "device_end": -1, "host_queued_end": 1585500416.795096}, "device": "gpu", "nd_range": {"device_start": 1585500353.8789692, "device_end": 1585500353.8793273}, "cmdq": 2, "read": {"device_start": -1, "device_end": -1}}, "FFC_sans_bias55": {"write": {"device_start": 1585500353.8761408, "host_queued_start": 1585500416.778274, "device_queued": 1585500353.871928, "device_end": 1585500353.876172, "host_queued_end": 1585500416.795096}, "device": "gpu", "nd_range": {"device_start": 1585500353.8761785, "device_end": 1585500353.877987}, "cmdq": 0, "read": {"device_start": -1, "device_end": -1}}, "FFC_sans_bias54": {"write": {"device_start": 1585500353.875701, "host_queued_start": 1585500416.777236, "device_queued": 1585500353.8717222, "device_end": 1585500353.8757331, "host_queued_end": 1585500416.795096}, "device": "gpu", "nd_range": {"device_start": 1585500353.8757432, "device_end": 1585500353.8775318}, "cmdq": 3, "read": {"device_start": -1, "device_end": -1}}, "FFC_sans_bias56": {"write": {"device_start": 1585500353.8751833, "host_queued_start": 1585500416.776196, "device_queued": 1585500353.8716962, "device_end": 1585500353.8752108, "host_queued_end": 1585500416.795096}, "device": "gpu", "nd_range": {"device_start": 1585500353.8752172, "device_end": 1585500353.8770013}, "cmdq": 2, "read": {"device_start": -1, "device_end": -1}}, "FFC_sans_bias51": {"write": {"device_start": -1, "host_queued_start": 1585500416.788016, "device_queued": -1, "device_end": -1, "host_queued_end": 1585500416.795096}, "device": "gpu", "nd_range": {"device_start": 1585500353.8832283, "device_end": 1585500353.884857}, "cmdq": 1, "read": {"device_start": -1, "device_end": -1}}, "softmax23": {"write": {"device_start": -1, "host_queued_start": 1585500416.785504, "device_queued": -1, "device_end": -1, "host_queued_end": 1585500416.795096}, "device": "gpu", "nd_range": {"device_start": 1585500353.8804798, "device_end": 1585500353.8821712}, "cmdq": 0, "read": {"device_start": -1, "device_end": -1}}, "FFC_sans_bias37": {"write": {"device_start": 1585500353.8727953, "host_queued_start": 1585500416.770956, "device_queued": 1585500353.8712602, "device_end": 1585500353.872826, "host_queued_end": 1585500416.795096}, "device": "gpu", "nd_range": {"device_start": 1585500353.8728306, "device_end": 1585500353.8746002}, "cmdq": 1, "read": {"device_start": -1, "device_end": -1}}, "empty62": {"write": {"device_start": 1585500353.8703527, "host_queued_start": 1585500416.761478, "device_queued": 1585500353.8702152, "device_end": 1585500353.8704317, "host_queued_end": 1585500416.795096}, "device": "gpu", "nd_range": {"device_start": 1585500353.870449, "device_end": 1585500353.8704538}, "cmdq": 0, "read": {"device_start": -1, "device_end": -1}}, "FFC_sans_bias70": {"write": {"device_start": 1585500353.8870065, "host_queued_start": 1585500416.794994, "device_queued": 1585500353.874301, "device_end": 1585500353.8870325, "host_queued_end": 1585500416.795096}, "device": "gpu", "nd_range": {"device_start": 1585500353.8870416, "device_end": 1585500353.8887167}, "cmdq": 1, "read": {"device_start": 1585500353.888724, "device_end": 1585500353.8887498}}, "FFC_sans_bias58": {"write": {"device_start": -1, "host_queued_start": 1585500416.784926, "device_queued": -1, "device_end": -1, "host_queued_end": 1585500416.795096}, "device": "gpu", "nd_range": {"device_start": 1585500353.880468, "device_end": 1585500353.8819954}, "cmdq": 2, "read": {"device_start": -1, "device_end": -1}}, "softmax41": {"write": {"device_start": -1, "host_queued_start": 1585500416.786002, "device_queued": -1, "device_end": -1, "host_queued_end": 1585500416.795096}, "device": "gpu", "nd_range": {"device_start": 1585500353.8820045, "device_end": 1585500353.882847}, "cmdq": 2, "read": {"device_start": -1, "device_end": -1}}, "FFC_sans_bias11": {"write": {"device_start": -1, "host_queued_start": 1585500416.805188, "device_queued": -1, "device_end": -1, "host_queued_end": 1585500416.81009}, "device": "cpu", "nd_range": {"device_start": 2168191.015292007, "device_end": 2168191.0241373093}, "cmdq": 3, "read": {"device_start": -1, "device_end": -1}}, "FFC_sans_bias10": {"write": {"device_start": -1, "host_queued_start": 1585500416.804134, "device_queued": -1, "device_end": -1, "host_queued_end": 1585500416.81009}, "device": "cpu", "nd_range": {"device_start": 2168191.016554567, "device_end": 2168191.024492686}, "cmdq": 2, "read": {"device_start": -1, "device_end": -1}}, "coalesced_transpose3": {"write": {"device_start": -1, "host_queued_start": 1585500416.805524, "device_queued": -1, "device_end": -1, "host_queued_end": 1585500416.81009}, "device": "cpu", "nd_range": {"device_start": 2168191.016116885, "device_end": 2168191.0163555993}, "cmdq": 0, "read": {"device_start": -1, "device_end": -1}}, "FFC_sans_bias34": {"write": {"device_start": 1585500353.884984, "host_queued_start": 1585500416.790747, "device_queued": 1585500353.8738132, "device_end": 1585500353.8850129, "host_queued_end": 1585500416.795096}, "device": "gpu", "nd_range": {"device_start": 1585500353.8850236, "device_end": 1585500353.8868284}, "cmdq": 1, "read": {"device_start": 1585500353.886838, "device_end": 1585500353.8868616}}, "FFC_sans_bias15": {"write": {"device_start": -1, "host_queued_start": 1585500416.807921, "device_queued": -1, "device_end": -1, "host_queued_end": 1585500416.81009}, "device": "cpu", "nd_range": {"device_start": 2168191.036765809, "device_end": 2168191.044740235}, "cmdq": 3, "read": {"device_start": -1, "device_end": -1}}, "FFC_sans_bias31": {"write": {"device_start": -1, "host_queued_start": 1585500416.783971, "device_queued": -1, "device_end": -1, "host_queued_end": 1585500416.795096}, "device": "gpu", "nd_range": {"device_start": 1585500353.879467, "device_end": 1585500353.881031}, "cmdq": 3, "read": {"device_start": -1, "device_end": -1}}, "FFC_sans_bias16": {"write": {"device_start": -1, "host_queued_start": 1585500416.810039, "device_queued": -1, "device_end": -1, "host_queued_end": 1585500416.81009}, "device": "cpu", "nd_range": {"device_start": 2168191.045733719, "device_end": 2168191.050989941}, "cmdq": 1, "read": {"device_start": -1, "device_end": -1}}, "FFC_sans_bias19": {"write": {"device_start": 1585500353.8706734, "host_queued_start": 1585500416.764427, "device_queued": 1585500353.8703113, "device_end": 1585500353.870746, "host_queued_end": 1585500416.795096}, "device": "gpu", "nd_range": {"device_start": 1585500353.8707523, "device_end": 1585500353.8716412}, "cmdq": 3, "read": {"device_start": -1, "device_end": -1}}, "FFC_sans_bias18": {"write": {"device_start": 1585500353.870565, "host_queued_start": 1585500416.763364, "device_queued": 1585500353.8702939, "device_end": 1585500353.8706255, "host_queued_end": 1585500416.795096}, "device": "gpu", "nd_range": {"device_start": 1585500353.8706295, "device_end": 1585500353.8712385}, "cmdq": 2, "read": {"device_start": -1, "device_end": -1}}, "coalesced_transpose30": {"write": {"device_start": -1, "host_queued_start": 1585500416.782085, "device_queued": -1, "device_end": -1, "host_queued_end": 1585500416.795096}, "device": "gpu", "nd_range": {"device_start": 1585500353.878441, "device_end": 1585500353.8793144}, "cmdq": 1, "read": {"device_start": -1, "device_end": -1}}, "FFC_sans_bias69": {"write": {"device_start": -1, "host_queued_start": 1585500416.788652, "device_queued": -1, "device_end": -1, "host_queued_end": 1585500416.795096}, "device": "gpu", "nd_range": {"device_start": 1585500353.883872, "device_end": 1585500353.8858387}, "cmdq": 3, "read": {"device_start": -1, "device_end": -1}}, "FFC_sans_bias38": {"write": {"device_start": 1585500353.873285, "host_queued_start": 1585500416.771997, "device_queued": 1585500353.871291, "device_end": 1585500353.8733163, "host_queued_end": 1585500416.795096}, "device": "gpu", "nd_range": {"device_start": 1585500353.8733196, "device_end": 1585500353.8750694}, "cmdq": 2, "read": {"device_start": -1, "device_end": -1}}, "coalesced_transpose57": {"write": {"device_start": -1, "host_queued_start": 1585500416.783027, "device_queued": -1, "device_end": -1, "host_queued_end": 1585500416.795096}, "device": "gpu", "nd_range": {"device_start": 1585500353.8793056, "device_end": 1585500353.879334}, "cmdq": 0, "read": {"device_start": -1, "device_end": -1}}, "empty26": {"write": {"device_start": 1585500353.8699038, "host_queued_start": 1585500416.757868, "device_queued": 1585500353.8697655, "device_end": 1585500353.8699348, "host_queued_end": 1585500416.795096}, "device": "gpu", "nd_range": {"device_start": 1585500353.869941, "device_end": 1585500353.8699524}, "cmdq": 0, "read": {"device_start": -1, "device_end": -1}}, "coalesced_transpose12": {"write": {"device_start": -1, "host_queued_start": 1585500416.805853, "device_queued": -1, "device_end": -1, "host_queued_end": 1585500416.81009}, "device": "cpu", "nd_range": {"device_start": 2168191.024609393, "device_end": 2168191.024853189}, "cmdq": 1, "read": {"device_start": -1, "device_end": -1}}, "empty44": {"write": {"device_start": 1585500353.8701346, "host_queued_start": 1585500416.759797, "device_queued": 1585500353.869957, "device_end": 1585500353.8702023, "host_queued_end": 1585500416.795096}, "device": "gpu", "nd_range": {"device_start": 1585500353.870206, "device_end": 1585500353.8702104}, "cmdq": 2, "read": {"device_start": -1, "device_end": -1}}, "coalesced_transpose21": {"write": {"device_start": -1, "host_queued_start": 1585500416.781763, "device_queued": -1, "device_end": -1, "host_queued_end": 1585500416.795096}, "device": "gpu", "nd_range": {"device_start": 1585500353.8779879, "device_end": 1585500353.8793046}, "cmdq": 0, "read": {"device_start": -1, "device_end": -1}}, "FFC_sans_bias36": {"write": {"device_start": 1585500353.8723886, "host_queued_start": 1585500416.769871, "device_queued": 1585500353.8710876, "device_end": 1585500353.8724203, "host_queued_end": 1585500416.795096}, "device": "gpu", "nd_range": {"device_start": 1585500353.8724234, "device_end": 1585500353.8741345}, "cmdq": 0, "read": {"device_start": -1, "device_end": -1}}, "softmax14": {"write": {"device_start": -1, "host_queued_start": 1585500416.807197, "device_queued": -1, "device_end": -1, "host_queued_end": 1585500416.81009}, "device": "cpu", "nd_range": {"device_start": 2168191.036431748, "device_end": 2168191.036641538}, "cmdq": 1, "read": {"device_start": -1, "device_end": -1}}, "FFC_sans_bias13": {"write": {"device_start": -1, "host_queued_start": 1585500416.806621, "device_queued": -1, "device_end": -1, "host_queued_end": 1585500416.81009}, "device": "cpu", "nd_range": {"device_start": 2168191.024971513, "device_end": 2168191.035493132}, "cmdq": 3, "read": {"device_start": -1, "device_end": -1}}, "empty8": {"write": {"device_start": -1, "host_queued_start": 1585500416.796801, "device_queued": -1, "device_end": -1, "host_queued_end": 1585500416.81009}, "device": "cpu", "nd_range": {"device_start": 2168190.9996751673, "device_end": 2168190.99968598}, "cmdq": 0, "read": {"device_start": -1, "device_end": -1}}, "FFC_sans_bias42": {"write": {"device_start": -1, "host_queued_start": 1585500416.787697, "device_queued": -1, "device_end": -1, "host_queued_end": 1585500416.795096}, "device": "gpu", "nd_range": {"device_start": 1585500353.8828743, "device_end": 1585500353.884437}, "cmdq": 0, "read": {"device_start": -1, "device_end": -1}}, "FFC_sans_bias43": {"write": {"device_start": 1585500353.885491, "host_queued_start": 1585500416.791788, "device_queued": 1585500353.873841, "device_end": 1585500353.8855164, "host_queued_end": 1585500416.795096}, "device": "gpu", "nd_range": {"device_start": 1585500353.8855298, "device_end": 1585500353.8873043}, "cmdq": 2, "read": {"device_start": 1585500353.8873115, "device_end": 1585500353.8873346}}, "FFC_sans_bias40": {"write": {"device_start": -1, "host_queued_start": 1585500416.784291, "device_queued": -1, "device_end": -1, "host_queued_end": 1585500416.795096}, "device": "gpu", "nd_range": {"device_start": 1585500353.8794377, "device_end": 1585500353.8800428}, "cmdq": 0, "read": {"device_start": -1, "device_end": -1}}, "softmax32": {"write": {"device_start": -1, "host_queued_start": 1585500416.785755, "device_queued": -1, "device_end": -1, "host_queued_end": 1585500416.795096}, "device": "gpu", "nd_range": {"device_start": 1585500353.881453, "device_end": 1585500353.8828344}, "cmdq": 1, "read": {"device_start": -1, "device_end": -1}}, "FFC_sans_bias47": {"write": {"device_start": 1585500353.8747094, "host_queued_start": 1585500416.775161, "device_queued": 1585500353.8716724, "device_end": 1585500353.8747349, "host_queued_end": 1585500416.795096}, "device": "gpu", "nd_range": {"device_start": 1585500353.8747432, "device_end": 1585500353.8765717}, "cmdq": 1, "read": {"device_start": -1, "device_end": -1}}, "FFC_sans_bias45": {"write": {"device_start": 1585500353.8737588, "host_queued_start": 1585500416.773041, "device_queued": 1585500353.8713167, "device_end": 1585500353.8737905, "host_queued_end": 1585500416.795096}, "device": "gpu", "nd_range": {"device_start": 1585500353.8737977, "device_end": 1585500353.8755937}, "cmdq": 3, "read": {"device_start": -1, "device_end": -1}}, "softmax50": {"write": {"device_start": -1, "host_queued_start": 1585500416.78625, "device_queued": -1, "device_end": -1, "host_queued_end": 1585500416.795096}, "device": "gpu", "nd_range": {"device_start": 1585500353.8824441, "device_end": 1585500353.88266}, "cmdq": 3, "read": {"device_start": -1, "device_end": -1}}, "FFC_sans_bias33": {"write": {"device_start": -1, "host_queued_start": 1585500416.787384, "device_queued": -1, "device_end": -1, "host_queued_end": 1585500416.795096}, "device": "gpu", "nd_range": {"device_start": 1585500353.8828645, "device_end": 1585500353.883862}, "cmdq": 3, "read": {"device_start": -1, "device_end": -1}}, "FFC_sans_bias63": {"write": {"device_start": 1585500353.8776605, "host_queued_start": 1585500416.781426, "device_queued": 1585500353.8720958, "device_end": 1585500353.8776925, "host_queued_end": 1585500416.795096}, "device": "gpu", "nd_range": {"device_start": 1585500353.8777, "device_end": 1585500353.8794117}, "cmdq": 3, "read": {"device_start": -1, "device_end": -1}}, "FFC_sans_bias49": {"write": {"device_start": -1, "host_queued_start": 1585500416.784614, "device_queued": -1, "device_end": -1, "host_queued_end": 1585500416.795096}, "device": "gpu", "nd_range": {"device_start": 1585500353.8794818, "device_end": 1585500353.8814435}, "cmdq": 1, "read": {"device_start": -1, "device_end": -1}}, "FFC_sans_bias64": {"write": {"device_start": 1585500353.876689, "host_queued_start": 1585500416.77935, "device_queued": 1585500353.872061, "device_end": 1585500353.8767195, "host_queued_end": 1585500416.795096}, "device": "gpu", "nd_range": {"device_start": 1585500353.876728, "device_end": 1585500353.878439}, "cmdq": 1, "read": {"device_start": -1, "device_end": -1}}, "FFC_sans_bias65": {"write": {"device_start": 1585500353.87714, "host_queued_start": 1585500416.780396, "device_queued": 1585500353.8720791, "device_end": 1585500353.877172, "host_queued_end": 1585500416.795096}, "device": "gpu", "nd_range": {"device_start": 1585500353.8771765, "device_end": 1585500353.8789632}, "cmdq": 2, "read": {"device_start": -1, "device_end": -1}}, "FFC_sans_bias67": {"write": {"device_start": -1, "host_queued_start": 1585500416.785246, "device_queued": -1, "device_end": -1, "host_queued_end": 1585500416.795096}, "device": "gpu", "nd_range": {"device_start": 1585500353.8810399, "device_end": 1585500353.882435}, "cmdq": 3, "read": {"device_start": -1, "device_end": -1}}, "FFC_sans_bias24": {"write": {"device_start": -1, "host_queued_start": 1585500416.787069, "device_queued": -1, "device_end": -1, "host_queued_end": 1585500416.795096}, "device": "gpu", "nd_range": {"device_start": 1585500353.8828547, "device_end": 1585500353.8834674}, "cmdq": 2, "read": {"device_start": -1, "device_end": -1}}, "FFC_sans_bias25": {"write": {"device_start": 1585500353.8846128, "host_queued_start": 1585500416.789681, "device_queued": 1585500353.873585, "device_end": 1585500353.8846502, "host_queued_end": 1585500416.795096}, "device": "gpu", "nd_range": {"device_start": 1585500353.8846629, "device_end": 1585500353.8863463}, "cmdq": 0, "read": {"device_start": 1585500353.886349, "device_end": 1585500353.8863735}}, "FFC_sans_bias27": {"write": {"device_start": 1585500353.8709064, "host_queued_start": 1585500416.766709, "device_queued": 1585500353.8708, "device_end": 1585500353.8709376, "host_queued_end": 1585500416.795096}, "device": "gpu", "nd_range": {"device_start": 1585500353.8709438, "device_end": 1585500353.8726304}, "cmdq": 1, "read": {"device_start": -1, "device_end": -1}}, "FFC_sans_bias20": {"write": {"device_start": 1585500353.8707669, "host_queued_start": 1585500416.765473, "device_queued": 1585500353.8706067, "device_end": 1585500353.8707905, "host_queued_end": 1585500416.795096}, "device": "gpu", "nd_range": {"device_start": 1585500353.870796, "device_end": 1585500353.8722134}, "cmdq": 0, "read": {"device_start": -1, "device_end": -1}}, "FFC_sans_bias22": {"write": {"device_start": -1, "host_queued_start": 1585500416.783647, "device_queued": -1, "device_end": -1, "host_queued_end": 1585500416.795096}, "device": "gpu", "nd_range": {"device_start": 1585500353.8794518, "device_end": 1585500353.8804522}, "cmdq": 2, "read": {"device_start": -1, "device_end": -1}}, "softmax68": {"write": {"device_start": -1, "host_queued_start": 1585500416.786753, "device_queued": -1, "device_end": -1, "host_queued_end": 1585500416.795096}, "device": "gpu", "nd_range": {"device_start": 1585500353.8828444, "device_end": 1585500353.8832188}, "cmdq": 1, "read": {"device_start": -1, "device_end": -1}}, "softmax5": {"write": {"device_start": -1, "host_queued_start": 1585500416.806912, "device_queued": -1, "device_end": -1, "host_queued_end": 1585500416.81009}, "device": "cpu", "nd_range": {"device_start": 2168191.03281814, "device_end": 2168191.033035897}, "cmdq": 0, "read": {"device_start": -1, "device_end": -1}}, "FFC_sans_bias28": {"write": {"device_start": 1585500353.8713598, "host_queued_start": 1585500416.767752, "device_queued": 1585500353.8708358, "device_end": 1585500353.8713858, "host_queued_end": 1585500416.795096}, "device": "gpu", "nd_range": {"device_start": 1585500353.8713987, "device_end": 1585500353.8731828}, "cmdq": 2, "read": {"device_start": -1, "device_end": -1}}, "FFC_sans_bias29": {"write": {"device_start": 1585500353.8717573, "host_queued_start": 1585500416.768825, "device_queued": 1585500353.8708518, "device_end": 1585500353.8717823, "host_queued_end": 1585500416.795096}, "device": "gpu", "nd_range": {"device_start": 1585500353.8717852, "device_end": 1585500353.8736193}, "cmdq": 3, "read": {"device_start": -1, "device_end": -1}}, "empty17": {"write": {"device_start": -1, "host_queued_start": 1585500416.79791, "device_queued": -1, "device_end": -1, "host_queued_end": 1585500416.81009}, "device": "cpu", "nd_range": {"device_start": 2168190.999675101, "device_end": 2168190.99968597}, "cmdq": 1, "read": {"device_start": -1, "device_end": -1}}, "softmax59": {"write": {"device_start": -1, "host_queued_start": 1585500416.786499, "device_queued": -1, "device_end": -1, "host_queued_end": 1585500416.795096}, "device": "gpu", "nd_range": {"device_start": 1585500353.88218, "device_end": 1585500353.882833}, "cmdq": 0, "read": {"device_start": -1, "device_end": -1}}, "empty71": {"write": {"device_start": 1585500353.870458, "host_queued_start": 1585500416.762322, "device_queued": 1585500353.8702717, "device_end": 1585500353.8705337, "host_queued_end": 1585500416.795096}, "device": "gpu", "nd_range": {"device_start": 1585500353.8705444, "device_end": 1585500353.8705487}, "cmdq": 1, "read": {"device_start": -1, "device_end": -1}}, "empty35": {"write": {"device_start": 1585500353.8700461, "host_queued_start": 1585500416.758953, "device_queued": 1585500353.8699205, "device_end": 1585500353.8701265, "host_queued_end": 1585500416.795096}, "device": "gpu", "nd_range": {"device_start": 1585500353.8701334, "device_end": 1585500353.8701441}, "cmdq": 1, "read": {"device_start": -1, "device_end": -1}}, "empty53": {"write": {"device_start": 1585500353.8702493, "host_queued_start": 1585500416.760638, "device_queued": 1585500353.869973, "device_end": 1585500353.8703258, "host_queued_end": 1585500416.795096}, "device": "gpu", "nd_range": {"device_start": 1585500353.870331, "device_end": 1585500353.870335}, "cmdq": 3, "read": {"device_start": -1, "device_end": -1}}, "FFC_sans_bias46": {"write": {"device_start": 1585500353.874252, "host_queued_start": 1585500416.774077, "device_queued": 1585500353.871538, "device_end": 1585500353.874279, "host_queued_end": 1585500416.795096}, "device": "gpu", "nd_range": {"device_start": 1585500353.874284, "device_end": 1585500353.8760347}, "cmdq": 0, "read": {"device_start": -1, "device_end": -1}}, "coalesced_transpose66": {"write": {"device_start": -1, "host_queued_start": 1585500416.783326, "device_queued": -1, "device_end": -1, "host_queued_end": 1585500416.795096}, "device": "gpu", "nd_range": {"device_start": 1585500353.8793156, "device_end": 1585500353.8793452}, "cmdq": 1, "read": {"device_start": -1, "device_end": -1}}, "coalesced_transpose48": {"write": {"device_start": -1, "host_queued_start": 1585500416.782729, "device_queued": -1, "device_end": -1, "host_queued_end": 1585500416.795096}, "device": "gpu", "nd_range": {"device_start": 1585500353.8794193, "device_end": 1585500353.879455}, "cmdq": 3, "read": {"device_start": -1, "device_end": -1}}}