{"FFC_sans_bias60": {"write": {"device_start": -1, "host_queued_start": 1585500327.16781, "device_queued": -1, "device_end": -1, "host_queued_end": 1585500327.170318}, "device": "gpu", "nd_range": {"device_start": 1585500264.2520034, "device_end": 1585500264.252611}, "cmdq": 2, "read": {"device_start": -1, "device_end": -1}}, "FFC_sans_bias4": {"write": {"device_start": -1, "host_queued_start": 1585500327.198094, "device_queued": -1, "device_end": -1, "host_queued_end": 1585500327.209882}, "device": "cpu", "nd_range": {"device_start": 2168101.469851415, "device_end": 2168101.477943053}, "cmdq": 0, "read": {"device_start": -1, "device_end": -1}}, "FFC_sans_bias7": {"write": {"device_start": -1, "host_queued_start": 1585500327.204821, "device_queued": -1, "device_end": -1, "host_queued_end": 1585500327.209882}, "device": "cpu", "nd_range": {"device_start": 2168101.53155111, "device_end": 2168101.546725004}, "cmdq": 3, "read": {"device_start": -1, "device_end": -1}}, "FFC_sans_bias6": {"write": {"device_start": -1, "host_queued_start": 1585500327.201958, "device_queued": -1, "device_end": -1, "host_queued_end": 1585500327.209882}, "device": "cpu", "nd_range": {"device_start": 2168101.5154784103, "device_end": 2168101.530830372}, "cmdq": 2, "read": {"device_start": -1, "device_end": -1}}, "FFC_sans_bias1": {"write": {"device_start": -1, "host_queued_start": 1585500327.178538, "device_queued": -1, "device_end": -1, "host_queued_end": 1585500327.209882}, "device": "cpu", "nd_range": {"device_start": 2168101.399558154, "device_end": 2168101.414916015}, "cmdq": 2, "read": {"device_start": -1, "device_end": -1}}, "FFC_sans_bias0": {"write": {"device_start": -1, "host_queued_start": 1585500327.177438, "device_queued": -1, "device_end": -1, "host_queued_end": 1585500327.209882}, "device": "cpu", "nd_range": {"device_start": 2168101.399521777, "device_end": 2168101.4149400443}, "cmdq": 1, "read": {"device_start": -1, "device_end": -1}}, "FFC_sans_bias2": {"write": {"device_start": -1, "host_queued_start": 1585500327.179626, "device_queued": -1, "device_end": -1, "host_queued_end": 1585500327.209882}, "device": "cpu", "nd_range": {"device_start": 2168101.39979483, "device_end": 2168101.415254236}, "cmdq": 3, "read": {"device_start": -1, "device_end": -1}}, "FFC_sans_bias61": {"write": {"device_start": 1585500264.2521236, "host_queued_start": 1585500327.16916, "device_queued": 1585500264.248894, "device_end": 1585500264.2521532, "host_queued_end": 1585500327.170318}, "device": "gpu", "nd_range": {"device_start": 1585500264.2526255, "device_end": 1585500264.2536178}, "cmdq": 1, "read": {"device_start": 1585500264.2536204, "device_end": 1585500264.2536447}}, "FFC_sans_bias52": {"write": {"device_start": -1, "host_queued_start": 1585500327.209836, "device_queued": -1, "device_end": -1, "host_queued_end": 1585500327.209882}, "device": "cpu", "nd_range": {"device_start": 2168101.550670632, "device_end": 2168101.559007108}, "cmdq": 3, "read": {"device_start": -1, "device_end": -1}}, "FFC_sans_bias9": {"write": {"device_start": -1, "host_queued_start": 1585500327.180685, "device_queued": -1, "device_end": -1, "host_queued_end": 1585500327.209882}, "device": "cpu", "nd_range": {"device_start": 2168101.430819623, "device_end": 2168101.4459891194}, "cmdq": 4, "read": {"device_start": -1, "device_end": -1}}, "coalesced_transpose39": {"write": {"device_start": -1, "host_queued_start": 1585500327.197399, "device_queued": -1, "device_end": -1, "host_queued_end": 1585500327.209882}, "device": "cpu", "nd_range": {"device_start": 2168101.479506282, "device_end": 2168101.4797691503}, "cmdq": 3, "read": {"device_start": -1, "device_end": -1}}, "FFC_sans_bias55": {"write": {"device_start": 1585500264.248076, "host_queued_start": 1585500327.162272, "device_queued": 1585500264.247925, "device_end": 1585500264.2481093, "host_queued_end": 1585500327.170318}, "device": "gpu", "nd_range": {"device_start": 1585500264.2482193, "device_end": 1585500264.2494075}, "cmdq": 1, "read": {"device_start": -1, "device_end": -1}}, "FFC_sans_bias54": {"write": {"device_start": 1585500264.2479699, "host_queued_start": 1585500327.161211, "device_queued": 1585500264.2478702, "device_end": 1585500264.2480292, "host_queued_end": 1585500327.170318}, "device": "gpu", "nd_range": {"device_start": 1585500264.2480335, "device_end": 1585500264.2488408}, "cmdq": 0, "read": {"device_start": -1, "device_end": -1}}, "FFC_sans_bias56": {"write": {"device_start": 1585500264.2477956, "host_queued_start": 1585500327.16013, "device_queued": 1585500264.247591, "device_end": 1585500264.2478256, "host_queued_end": 1585500327.170318}, "device": "gpu", "nd_range": {"device_start": 1585500264.2478282, "device_end": 1585500264.2484345}, "cmdq": 2, "read": {"device_start": -1, "device_end": -1}}, "FFC_sans_bias51": {"write": {"device_start": -1, "host_queued_start": 1585500327.203759, "device_queued": -1, "device_end": -1, "host_queued_end": 1585500327.209882}, "device": "cpu", "nd_range": {"device_start": 2168101.530948035, "device_end": 2168101.548273871}, "cmdq": 2, "read": {"device_start": -1, "device_end": -1}}, "softmax23": {"write": {"device_start": -1, "host_queued_start": 1585500327.200733, "device_queued": -1, "device_end": -1, "host_queued_end": 1585500327.209882}, "device": "cpu", "nd_range": {"device_start": 2168101.510276426, "device_end": 2168101.510404373}, "cmdq": 3, "read": {"device_start": -1, "device_end": -1}}, "FFC_sans_bias37": {"write": {"device_start": -1, "host_queued_start": 1585500327.191365, "device_queued": -1, "device_end": -1, "host_queued_end": 1585500327.209882}, "device": "cpu", "nd_range": {"device_start": 2168101.461417699, "device_end": 2168101.469022599}, "cmdq": 4, "read": {"device_start": -1, "device_end": -1}}, "empty62": {"write": {"device_start": 1585500264.247585, "host_queued_start": 1585500327.158026, "device_queued": 1585500264.2474465, "device_end": 1585500264.247614, "host_queued_end": 1585500327.170318}, "device": "gpu", "nd_range": {"device_start": 1585500264.2476225, "device_end": 1585500264.2476351}, "cmdq": 0, "read": {"device_start": -1, "device_end": -1}}, "FFC_sans_bias70": {"write": {"device_start": 1585500264.2527301, "host_queued_start": 1585500327.170214, "device_queued": 1585500264.2488675, "device_end": 1585500264.2527611, "host_queued_end": 1585500327.170318}, "device": "gpu", "nd_range": {"device_start": 1585500264.2532213, "device_end": 1585500264.254195}, "cmdq": 2, "read": {"device_start": 1585500264.2541997, "device_end": 1585500264.2542226}}, "FFC_sans_bias58": {"write": {"device_start": -1, "host_queued_start": 1585500327.166655, "device_queued": -1, "device_end": -1, "host_queued_end": 1585500327.170318}, "device": "gpu", "nd_range": {"device_start": 1585500264.2507944, "device_end": 1585500264.2514026}, "cmdq": 1, "read": {"device_start": -1, "device_end": -1}}, "softmax41": {"write": {"device_start": -1, "host_queued_start": 1585500327.20131, "device_queued": -1, "device_end": -1, "host_queued_end": 1585500327.209882}, "device": "cpu", "nd_range": {"device_start": 2168101.496626267, "device_end": 2168101.4968158663}, "cmdq": 0, "read": {"device_start": -1, "device_end": -1}}, "FFC_sans_bias11": {"write": {"device_start": -1, "host_queued_start": 1585500327.182839, "device_queued": -1, "device_end": -1, "host_queued_end": 1585500327.209882}, "device": "cpu", "nd_range": {"device_start": 2168101.4185062842, "device_end": 2168101.443136612}, "cmdq": 1, "read": {"device_start": -1, "device_end": -1}}, "FFC_sans_bias10": {"write": {"device_start": -1, "host_queued_start": 1585500327.181737, "device_queued": -1, "device_end": -1, "host_queued_end": 1585500327.209882}, "device": "cpu", "nd_range": {"device_start": 2168101.3995306683, "device_end": 2168101.4167023744}, "cmdq": 0, "read": {"device_start": -1, "device_end": -1}}, "coalesced_transpose3": {"write": {"device_start": -1, "host_queued_start": 1585500327.195957, "device_queued": -1, "device_end": -1, "host_queued_end": 1585500327.209882}, "device": "cpu", "nd_range": {"device_start": 2168101.469145718, "device_end": 2168101.4693938033}, "cmdq": 4, "read": {"device_start": -1, "device_end": -1}}, "FFC_sans_bias34": {"write": {"device_start": -1, "host_queued_start": 1585500327.207835, "device_queued": -1, "device_end": -1, "host_queued_end": 1585500327.209882}, "device": "cpu", "nd_range": {"device_start": 2168101.5266230633, "device_end": 2168101.541834718}, "cmdq": 1, "read": {"device_start": -1, "device_end": -1}}, "FFC_sans_bias15": {"write": {"device_start": -1, "host_queued_start": 1585500327.202309, "device_queued": -1, "device_end": -1, "host_queued_end": 1585500327.209882}, "device": "cpu", "nd_range": {"device_start": 2168101.5161577812, "device_end": 2168101.5314227743}, "cmdq": 3, "read": {"device_start": -1, "device_end": -1}}, "FFC_sans_bias31": {"write": {"device_start": -1, "host_queued_start": 1585500327.199159, "device_queued": -1, "device_end": -1, "host_queued_end": 1585500327.209882}, "device": "cpu", "nd_range": {"device_start": 2168101.4798868434, "device_end": 2168101.4947349443}, "cmdq": 3, "read": {"device_start": -1, "device_end": -1}}, "FFC_sans_bias16": {"write": {"device_start": -1, "host_queued_start": 1585500327.205827, "device_queued": -1, "device_end": -1, "host_queued_end": 1585500327.209882}, "device": "cpu", "nd_range": {"device_start": 2168101.541838998, "device_end": 2168101.5514113693}, "cmdq": 4, "read": {"device_start": -1, "device_end": -1}}, "FFC_sans_bias19": {"write": {"device_start": -1, "host_queued_start": 1585500327.184972, "device_queued": -1, "device_end": -1, "host_queued_end": 1585500327.209882}, "device": "cpu", "nd_range": {"device_start": 2168101.415376284, "device_end": 2168101.430585315}, "cmdq": 3, "read": {"device_start": -1, "device_end": -1}}, "FFC_sans_bias18": {"write": {"device_start": -1, "host_queued_start": 1585500327.183919, "device_queued": -1, "device_end": -1, "host_queued_end": 1585500327.209882}, "device": "cpu", "nd_range": {"device_start": 2168101.414967249, "device_end": 2168101.430160534}, "cmdq": 2, "read": {"device_start": -1, "device_end": -1}}, "coalesced_transpose30": {"write": {"device_start": -1, "host_queued_start": 1585500327.19697, "device_queued": -1, "device_end": -1, "host_queued_end": 1585500327.209882}, "device": "cpu", "nd_range": {"device_start": 2168101.479208228, "device_end": 2168101.4794485723}, "cmdq": 2, "read": {"device_start": -1, "device_end": -1}}, "FFC_sans_bias69": {"write": {"device_start": -1, "host_queued_start": 1585500327.168134, "device_queued": -1, "device_end": -1, "host_queued_end": 1585500327.170318}, "device": "gpu", "nd_range": {"device_start": 1585500264.252615, "device_end": 1585500264.2532175}, "cmdq": 0, "read": {"device_start": -1, "device_end": -1}}, "FFC_sans_bias38": {"write": {"device_start": -1, "host_queued_start": 1585500327.192426, "device_queued": -1, "device_end": -1, "host_queued_end": 1585500327.209882}, "device": "cpu", "nd_range": {"device_start": 2168101.4330858923, "device_end": 2168101.4488831223}, "cmdq": 0, "read": {"device_start": -1, "device_end": -1}}, "coalesced_transpose57": {"write": {"device_start": -1, "host_queued_start": 1585500327.165823, "device_queued": -1, "device_end": -1, "host_queued_end": 1585500327.170318}, "device": "gpu", "nd_range": {"device_start": 1585500264.2498293, "device_end": 1585500264.2506957}, "cmdq": 2, "read": {"device_start": -1, "device_end": -1}}, "empty26": {"write": {"device_start": -1, "host_queued_start": 1585500327.173775, "device_queued": -1, "device_end": -1, "host_queued_end": 1585500327.209882}, "device": "cpu", "nd_range": {"device_start": 2168101.3995338213, "device_end": 2168101.399539741}, "cmdq": 2, "read": {"device_start": -1, "device_end": -1}}, "coalesced_transpose12": {"write": {"device_start": -1, "host_queued_start": 1585500327.196297, "device_queued": -1, "device_end": -1, "host_queued_end": 1585500327.209882}, "device": "cpu", "nd_range": {"device_start": 2168101.4490069, "device_end": 2168101.449255045}, "cmdq": 0, "read": {"device_start": -1, "device_end": -1}}, "empty44": {"write": {"device_start": -1, "host_queued_start": 1585500327.175519, "device_queued": -1, "device_end": -1, "host_queued_end": 1585500327.209882}, "device": "cpu", "nd_range": {"device_start": 2168101.430704515, "device_end": 2168101.430707713}, "cmdq": 4, "read": {"device_start": -1, "device_end": -1}}, "coalesced_transpose21": {"write": {"device_start": -1, "host_queued_start": 1585500327.196634, "device_queued": -1, "device_end": -1, "host_queued_end": 1585500327.209882}, "device": "cpu", "nd_range": {"device_start": 2168101.4976095962, "device_end": 2168101.497860231}, "cmdq": 1, "read": {"device_start": -1, "device_end": -1}}, "FFC_sans_bias36": {"write": {"device_start": -1, "host_queued_start": 1585500327.190285, "device_queued": -1, "device_end": -1, "host_queued_end": 1585500327.209882}, "device": "cpu", "nd_range": {"device_start": 2168101.449365932, "device_end": 2168101.4650920583}, "cmdq": 3, "read": {"device_start": -1, "device_end": -1}}, "softmax14": {"write": {"device_start": -1, "host_queued_start": 1585500327.200447, "device_queued": -1, "device_end": -1, "host_queued_end": 1585500327.209882}, "device": "cpu", "nd_range": {"device_start": 2168101.515148498, "device_end": 2168101.515357234}, "cmdq": 2, "read": {"device_start": -1, "device_end": -1}}, "FFC_sans_bias13": {"write": {"device_start": -1, "host_queued_start": 1585500327.198446, "device_queued": -1, "device_end": -1, "host_queued_end": 1585500327.209882}, "device": "cpu", "nd_range": {"device_start": 2168101.497871155, "device_end": 2168101.5110454313}, "cmdq": 1, "read": {"device_start": -1, "device_end": -1}}, "empty8": {"write": {"device_start": -1, "host_queued_start": 1585500327.171746, "device_queued": -1, "device_end": -1, "host_queued_end": 1585500327.209882}, "device": "cpu", "nd_range": {"device_start": 2168101.399489024, "device_end": 2168101.399500669}, "cmdq": 0, "read": {"device_start": -1, "device_end": -1}}, "FFC_sans_bias42": {"write": {"device_start": -1, "host_queued_start": 1585500327.203401, "device_queued": -1, "device_end": -1, "host_queued_end": 1585500327.209882}, "device": "cpu", "nd_range": {"device_start": 2168101.511484588, "device_end": 2168101.5266153323}, "cmdq": 1, "read": {"device_start": -1, "device_end": -1}}, "FFC_sans_bias43": {"write": {"device_start": -1, "host_queued_start": 1585500327.208836, "device_queued": -1, "device_end": -1, "host_queued_end": 1585500327.209882}, "device": "cpu", "nd_range": {"device_start": 2168101.54842185, "device_end": 2168101.5565937003}, "cmdq": 2, "read": {"device_start": -1, "device_end": -1}}, "FFC_sans_bias40": {"write": {"device_start": -1, "host_queued_start": 1585500327.19951, "device_queued": -1, "device_end": -1, "host_queued_end": 1585500327.209882}, "device": "cpu", "nd_range": {"device_start": 2168101.486256698, "device_end": 2168101.4966170383}, "cmdq": 4, "read": {"device_start": -1, "device_end": -1}}, "softmax32": {"write": {"device_start": -1, "host_queued_start": 1585500327.201017, "device_queued": -1, "device_end": -1, "host_queued_end": 1585500327.209882}, "device": "cpu", "nd_range": {"device_start": 2168101.496629747, "device_end": 2168101.496805326}, "cmdq": 4, "read": {"device_start": -1, "device_end": -1}}, "FFC_sans_bias47": {"write": {"device_start": -1, "host_queued_start": 1585500327.195616, "device_queued": -1, "device_end": -1, "host_queued_end": 1585500327.209882}, "device": "cpu", "nd_range": {"device_start": 2168101.465217656, "device_end": 2168101.47937812}, "cmdq": 3, "read": {"device_start": -1, "device_end": -1}}, "FFC_sans_bias45": {"write": {"device_start": -1, "host_queued_start": 1585500327.193487, "device_queued": -1, "device_end": -1, "host_queued_end": 1585500327.209882}, "device": "cpu", "nd_range": {"device_start": 2168101.478500165, "device_end": 2168101.49760161}, "cmdq": 1, "read": {"device_start": -1, "device_end": -1}}, "softmax50": {"write": {"device_start": -1, "host_queued_start": 1585500327.201604, "device_queued": -1, "device_end": -1, "host_queued_end": 1585500327.209882}, "device": "cpu", "nd_range": {"device_start": 2168101.511271721, "device_end": 2168101.5114790653}, "cmdq": 1, "read": {"device_start": -1, "device_end": -1}}, "FFC_sans_bias33": {"write": {"device_start": -1, "host_queued_start": 1585500327.203042, "device_queued": -1, "device_end": -1, "host_queued_end": 1585500327.209882}, "device": "cpu", "nd_range": {"device_start": 2168101.4969439413, "device_end": 2168101.504535511}, "cmdq": 0, "read": {"device_start": -1, "device_end": -1}}, "FFC_sans_bias63": {"write": {"device_start": 1585500264.2495408, "host_queued_start": 1585500327.165488, "device_queued": 1585500264.248392, "device_end": 1585500264.2495732, "host_queued_end": 1585500327.170318}, "device": "gpu", "nd_range": {"device_start": 1585500264.2495766, "device_end": 1585500264.2507906}, "cmdq": 1, "read": {"device_start": -1, "device_end": -1}}, "FFC_sans_bias49": {"write": {"device_start": -1, "host_queued_start": 1585500327.199867, "device_queued": -1, "device_end": -1, "host_queued_end": 1585500327.209882}, "device": "cpu", "nd_range": {"device_start": 2168101.478056095, "device_end": 2168101.486669275}, "cmdq": 0, "read": {"device_start": -1, "device_end": -1}}, "FFC_sans_bias64": {"write": {"device_start": 1585500264.2485871, "host_queued_start": 1585500327.163393, "device_queued": 1585500264.2479448, "device_end": 1585500264.2486181, "host_queued_end": 1585500327.170318}, "device": "gpu", "nd_range": {"device_start": 1585500264.2486215, "device_end": 1585500264.2498264}, "cmdq": 2, "read": {"device_start": -1, "device_end": -1}}, "FFC_sans_bias65": {"write": {"device_start": 1585500264.248979, "host_queued_start": 1585500327.164438, "device_queued": 1585500264.2482443, "device_end": 1585500264.2490098, "host_queued_end": 1585500327.170318}, "device": "gpu", "nd_range": {"device_start": 1585500264.2490141, "device_end": 1585500264.2503781}, "cmdq": 0, "read": {"device_start": -1, "device_end": -1}}, "FFC_sans_bias67": {"write": {"device_start": -1, "host_queued_start": 1585500327.166978, "device_queued": -1, "device_end": -1, "host_queued_end": 1585500327.170318}, "device": "gpu", "nd_range": {"device_start": 1585500264.2507997, "device_end": 1585500264.251799}, "cmdq": 2, "read": {"device_start": -1, "device_end": -1}}, "FFC_sans_bias24": {"write": {"device_start": -1, "host_queued_start": 1585500327.202677, "device_queued": -1, "device_end": -1, "host_queued_end": 1585500327.209882}, "device": "cpu", "nd_range": {"device_start": 2168101.5104140723, "device_end": 2168101.5172740743}, "cmdq": 4, "read": {"device_start": -1, "device_end": -1}}, "FFC_sans_bias25": {"write": {"device_start": -1, "host_queued_start": 1585500327.206834, "device_queued": -1, "device_end": -1, "host_queued_end": 1585500327.209882}, "device": "cpu", "nd_range": {"device_start": 2168101.517670601, "device_end": 2168101.546928339}, "cmdq": 0, "read": {"device_start": -1, "device_end": -1}}, "FFC_sans_bias27": {"write": {"device_start": -1, "host_queued_start": 1585500327.187108, "device_queued": -1, "device_end": -1, "host_queued_end": 1585500327.209882}, "device": "cpu", "nd_range": {"device_start": 2168101.4168268493, "device_end": 2168101.432967187}, "cmdq": 0, "read": {"device_start": -1, "device_end": -1}}, "FFC_sans_bias20": {"write": {"device_start": -1, "host_queued_start": 1585500327.186034, "device_queued": -1, "device_end": -1, "host_queued_end": 1585500327.209882}, "device": "cpu", "nd_range": {"device_start": 2168101.446104077, "device_end": 2168101.4613018082}, "cmdq": 4, "read": {"device_start": -1, "device_end": -1}}, "FFC_sans_bias22": {"write": {"device_start": -1, "host_queued_start": 1585500327.198804, "device_queued": -1, "device_end": -1, "host_queued_end": 1585500327.209882}, "device": "cpu", "nd_range": {"device_start": 2168101.5007560994, "device_end": 2168101.5102689713}, "cmdq": 2, "read": {"device_start": -1, "device_end": -1}}, "softmax68": {"write": {"device_start": -1, "host_queued_start": 1585500327.167492, "device_queued": -1, "device_end": -1, "host_queued_end": 1585500327.170318}, "device": "gpu", "nd_range": {"device_start": 1585500264.2518077, "device_end": 1585500264.2519984}, "cmdq": 1, "read": {"device_start": -1, "device_end": -1}}, "softmax5": {"write": {"device_start": -1, "host_queued_start": 1585500327.200162, "device_queued": -1, "device_end": -1, "host_queued_end": 1585500327.209882}, "device": "cpu", "nd_range": {"device_start": 2168101.511053366, "device_end": 2168101.511265314}, "cmdq": 1, "read": {"device_start": -1, "device_end": -1}}, "FFC_sans_bias28": {"write": {"device_start": -1, "host_queued_start": 1585500327.188162, "device_queued": -1, "device_end": -1, "host_queued_end": 1585500327.209882}, "device": "cpu", "nd_range": {"device_start": 2168101.448902974, "device_end": 2168101.470743}, "cmdq": 1, "read": {"device_start": -1, "device_end": -1}}, "FFC_sans_bias29": {"write": {"device_start": -1, "host_queued_start": 1585500327.189226, "device_queued": -1, "device_end": -1, "host_queued_end": 1585500327.209882}, "device": "cpu", "nd_range": {"device_start": 2168101.430287113, "device_end": 2168101.4455597904}, "cmdq": 2, "read": {"device_start": -1, "device_end": -1}}, "empty17": {"write": {"device_start": -1, "host_queued_start": 1585500327.172857, "device_queued": -1, "device_end": -1, "host_queued_end": 1585500327.209882}, "device": "cpu", "nd_range": {"device_start": 2168101.399488944, "device_end": 2168101.3995007183}, "cmdq": 1, "read": {"device_start": -1, "device_end": -1}}, "softmax59": {"write": {"device_start": -1, "host_queued_start": 1585500327.167241, "device_queued": -1, "device_end": -1, "host_queued_end": 1585500327.170318}, "device": "gpu", "nd_range": {"device_start": 1585500264.2518034, "device_end": 1585500264.251996}, "cmdq": 0, "read": {"device_start": -1, "device_end": -1}}, "empty71": {"write": {"device_start": 1585500264.2476995, "host_queued_start": 1585500327.159111, "device_queued": 1585500264.2475598, "device_end": 1585500264.2477472, "host_queued_end": 1585500327.170318}, "device": "gpu", "nd_range": {"device_start": 1585500264.247757, "device_end": 1585500264.2477632}, "cmdq": 1, "read": {"device_start": -1, "device_end": -1}}, "empty35": {"write": {"device_start": -1, "host_queued_start": 1585500327.174643, "device_queued": -1, "device_end": -1, "host_queued_end": 1585500327.209882}, "device": "cpu", "nd_range": {"device_start": 2168101.399760214, "device_end": 2168101.3997637313}, "cmdq": 3, "read": {"device_start": -1, "device_end": -1}}, "empty53": {"write": {"device_start": -1, "host_queued_start": 1585500327.176415, "device_queued": -1, "device_end": -1, "host_queued_end": 1585500327.209882}, "device": "cpu", "nd_range": {"device_start": 2168101.3995229, "device_end": 2168101.399523919}, "cmdq": 0, "read": {"device_start": -1, "device_end": -1}}, "FFC_sans_bias46": {"write": {"device_start": -1, "host_queued_start": 1585500327.194549, "device_queued": -1, "device_end": -1, "host_queued_end": 1585500327.209882}, "device": "cpu", "nd_range": {"device_start": 2168101.445681254, "device_end": 2168101.461011615}, "cmdq": 2, "read": {"device_start": -1, "device_end": -1}}, "coalesced_transpose66": {"write": {"device_start": -1, "host_queued_start": 1585500327.166297, "device_queued": -1, "device_end": -1, "host_queued_end": 1585500327.170318}, "device": "gpu", "nd_range": {"device_start": 1585500264.2503815, "device_end": 1585500264.2507086}, "cmdq": 0, "read": {"device_start": -1, "device_end": -1}}, "coalesced_transpose48": {"write": {"device_start": -1, "host_queued_start": 1585500327.197738, "device_queued": -1, "device_end": -1, "host_queued_end": 1585500327.209882}, "device": "cpu", "nd_range": {"device_start": 2168101.469505542, "device_end": 2168101.469742338}, "cmdq": 4, "read": {"device_start": -1, "device_end": -1}}}