{"FFC_sans_bias60": {"write": {"device_start": -1, "host_queued_start": 1585500178.589151, "device_queued": -1, "device_end": -1, "host_queued_end": 1585500178.596238}, "device": "cpu", "nd_range": {"device_start": 2167952.976213179, "device_end": 2167952.9853184023}, "cmdq": 3, "read": {"device_start": -1, "device_end": -1}}, "FFC_sans_bias4": {"write": {"device_start": -1, "host_queued_start": 1585500178.582604, "device_queued": -1, "device_end": -1, "host_queued_end": 1585500178.596238}, "device": "cpu", "nd_range": {"device_start": 2167952.901426713, "device_end": 2167952.918197667}, "cmdq": 3, "read": {"device_start": -1, "device_end": -1}}, "FFC_sans_bias7": {"write": {"device_start": -1, "host_queued_start": 1585500178.590204, "device_queued": -1, "device_end": -1, "host_queued_end": 1585500178.596238}, "device": "cpu", "nd_range": {"device_start": 2167952.960965785, "device_end": 2167952.976131799}, "cmdq": 0, "read": {"device_start": -1, "device_end": -1}}, "FFC_sans_bias6": {"write": {"device_start": -1, "host_queued_start": 1585500178.587065, "device_queued": -1, "device_end": -1, "host_queued_end": 1585500178.596238}, "device": "cpu", "nd_range": {"device_start": 2167952.932109634, "device_end": 2167952.947653689}, "cmdq": 1, "read": {"device_start": -1, "device_end": -1}}, "FFC_sans_bias1": {"write": {"device_start": -1, "host_queued_start": 1585500178.559669, "device_queued": -1, "device_end": -1, "host_queued_end": 1585500178.596238}, "device": "cpu", "nd_range": {"device_start": 2167952.785882166, "device_end": 2167952.801564795}, "cmdq": 0, "read": {"device_start": -1, "device_end": -1}}, "FFC_sans_bias0": {"write": {"device_start": -1, "host_queued_start": 1585500178.558621, "device_queued": -1, "device_end": -1, "host_queued_end": 1585500178.596238}, "device": "cpu", "nd_range": {"device_start": 2167952.81715023, "device_end": 2167952.832474662}, "cmdq": 3, "read": {"device_start": -1, "device_end": -1}}, "FFC_sans_bias2": {"write": {"device_start": -1, "host_queued_start": 1585500178.560729, "device_queued": -1, "device_end": -1, "host_queued_end": 1585500178.596238}, "device": "cpu", "nd_range": {"device_start": 2167952.785902845, "device_end": 2167952.801438907}, "cmdq": 1, "read": {"device_start": -1, "device_end": -1}}, "FFC_sans_bias61": {"write": {"device_start": -1, "host_queued_start": 1585500178.596192, "device_queued": -1, "device_end": -1, "host_queued_end": 1585500178.596238}, "device": "cpu", "nd_range": {"device_start": 2167952.987103256, "device_end": 2167952.998509596}, "cmdq": 2, "read": {"device_start": -1, "device_end": -1}}, "FFC_sans_bias52": {"write": {"device_start": -1, "host_queued_start": 1585500178.595172, "device_queued": -1, "device_end": -1, "host_queued_end": 1585500178.596238}, "device": "cpu", "nd_range": {"device_start": 2167952.978610616, "device_end": 2167952.999687239}, "cmdq": 1, "read": {"device_start": -1, "device_end": -1}}, "FFC_sans_bias9": {"write": {"device_start": -1, "host_queued_start": 1585500178.561777, "device_queued": -1, "device_end": -1, "host_queued_end": 1585500178.596238}, "device": "cpu", "nd_range": {"device_start": 2167952.7862968603, "device_end": 2167952.801567623}, "cmdq": 2, "read": {"device_start": -1, "device_end": -1}}, "coalesced_transpose39": {"write": {"device_start": -1, "host_queued_start": 1585500178.581485, "device_queued": -1, "device_end": -1, "host_queued_end": 1585500178.596238}, "device": "cpu", "nd_range": {"device_start": 2167952.863375462, "device_end": 2167952.863635642}, "cmdq": 0, "read": {"device_start": -1, "device_end": -1}}, "FFC_sans_bias55": {"write": {"device_start": -1, "host_queued_start": 1585500178.579805, "device_queued": -1, "device_end": -1, "host_queued_end": 1585500178.596238}, "device": "cpu", "nd_range": {"device_start": 2167952.887503499, "device_end": 2167952.9009496584}, "cmdq": 3, "read": {"device_start": -1, "device_end": -1}}, "FFC_sans_bias54": {"write": {"device_start": -1, "host_queued_start": 1585500178.578755, "device_queued": -1, "device_end": -1, "host_queued_end": 1585500178.596238}, "device": "cpu", "nd_range": {"device_start": 2167952.897878445, "device_end": 2167952.907463684}, "cmdq": 2, "read": {"device_start": -1, "device_end": -1}}, "FFC_sans_bias56": {"write": {"device_start": -1, "host_queued_start": 1585500178.577701, "device_queued": -1, "device_end": -1, "host_queued_end": 1585500178.596238}, "device": "cpu", "nd_range": {"device_start": 2167952.847924324, "device_end": 2167952.863135743}, "cmdq": 1, "read": {"device_start": -1, "device_end": -1}}, "FFC_sans_bias51": {"write": {"device_start": -1, "host_queued_start": 1585500178.588805, "device_queued": -1, "device_end": -1, "host_queued_end": 1585500178.596238}, "device": "cpu", "nd_range": {"device_start": 2167952.947013311, "device_end": 2167952.962329004}, "cmdq": 2, "read": {"device_start": -1, "device_end": -1}}, "softmax23": {"write": {"device_start": -1, "host_queued_start": 1585500178.585537, "device_queued": -1, "device_end": -1, "host_queued_end": 1585500178.596238}, "device": "cpu", "nd_range": {"device_start": 2167952.92408127, "device_end": 2167952.924292923}, "cmdq": 0, "read": {"device_start": -1, "device_end": -1}}, "FFC_sans_bias37": {"write": {"device_start": -1, "host_queued_start": 1585500178.572408, "device_queued": -1, "device_end": -1, "host_queued_end": 1585500178.596238}, "device": "cpu", "nd_range": {"device_start": 2167952.832456192, "device_end": 2167952.8476272193}, "cmdq": 0, "read": {"device_start": -1, "device_end": -1}}, "empty62": {"write": {"device_start": -1, "host_queued_start": 1585500178.557641, "device_queued": -1, "device_end": -1, "host_queued_end": 1585500178.596238}, "device": "cpu", "nd_range": {"device_start": 2167952.7858769842, "device_end": 2167952.785877944}, "cmdq": 2, "read": {"device_start": -1, "device_end": -1}}, "FFC_sans_bias70": {"write": {"device_start": 1585500115.6348772, "host_queued_start": 1585500178.55093, "device_queued": 1585500115.6327615, "device_end": 1585500115.6349068, "host_queued_end": 1585500178.551036}, "device": "gpu", "nd_range": {"device_start": 1585500115.635362, "device_end": 1585500115.6359513}, "cmdq": 0, "read": {"device_start": 1585500115.6359556, "device_end": 1585500115.635978}}, "FFC_sans_bias58": {"write": {"device_start": -1, "host_queued_start": 1585500178.584696, "device_queued": -1, "device_end": -1, "host_queued_end": 1585500178.596238}, "device": "cpu", "nd_range": {"device_start": 2167952.919312029, "device_end": 2167952.931585853}, "cmdq": 1, "read": {"device_start": -1, "device_end": -1}}, "softmax41": {"write": {"device_start": -1, "host_queued_start": 1585500178.586126, "device_queued": -1, "device_end": -1, "host_queued_end": 1585500178.596238}, "device": "cpu", "nd_range": {"device_start": 2167952.9314146433, "device_end": 2167952.93162469}, "cmdq": 2, "read": {"device_start": -1, "device_end": -1}}, "FFC_sans_bias11": {"write": {"device_start": -1, "host_queued_start": 1585500178.563961, "device_queued": -1, "device_end": -1, "host_queued_end": 1585500178.596238}, "device": "cpu", "nd_range": {"device_start": 2167952.8015855732, "device_end": 2167952.81690356}, "cmdq": 0, "read": {"device_start": -1, "device_end": -1}}, "FFC_sans_bias10": {"write": {"device_start": -1, "host_queued_start": 1585500178.562889, "device_queued": -1, "device_end": -1, "host_queued_end": 1585500178.596238}, "device": "cpu", "nd_range": {"device_start": 2167952.832616269, "device_end": 2167952.847905872}, "cmdq": 3, "read": {"device_start": -1, "device_end": -1}}, "coalesced_transpose3": {"write": {"device_start": -1, "host_queued_start": 1585500178.580144, "device_queued": -1, "device_end": -1, "host_queued_end": 1585500178.596238}, "device": "cpu", "nd_range": {"device_start": 2167952.8630951634, "device_end": 2167952.86335991}, "cmdq": 0, "read": {"device_start": -1, "device_end": -1}}, "FFC_sans_bias34": {"write": {"device_start": -1, "host_queued_start": 1585500178.593184, "device_queued": -1, "device_end": -1, "host_queued_end": 1585500178.596238}, "device": "cpu", "nd_range": {"device_start": 2167952.985342734, "device_end": 2167953.0062594963}, "cmdq": 3, "read": {"device_start": -1, "device_end": -1}}, "FFC_sans_bias15": {"write": {"device_start": -1, "host_queued_start": 1585500178.587428, "device_queued": -1, "device_end": -1, "host_queued_end": 1585500178.596238}, "device": "cpu", "nd_range": {"device_start": 2167952.9316321663, "device_end": 2167952.947006051}, "cmdq": 2, "read": {"device_start": -1, "device_end": -1}}, "FFC_sans_bias31": {"write": {"device_start": -1, "host_queued_start": 1585500178.58366, "device_queued": -1, "device_end": -1, "host_queued_end": 1585500178.596238}, "device": "cpu", "nd_range": {"device_start": 2167952.908297807, "device_end": 2167952.9235947873}, "cmdq": 2, "read": {"device_start": -1, "device_end": -1}}, "FFC_sans_bias16": {"write": {"device_start": -1, "host_queued_start": 1585500178.591199, "device_queued": -1, "device_end": -1, "host_queued_end": 1585500178.596238}, "device": "cpu", "nd_range": {"device_start": 2167952.963356967, "device_end": 2167952.978605383}, "cmdq": 1, "read": {"device_start": -1, "device_end": -1}}, "FFC_sans_bias19": {"write": {"device_start": -1, "host_queued_start": 1585500178.566049, "device_queued": -1, "device_end": -1, "host_queued_end": 1585500178.596238}, "device": "cpu", "nd_range": {"device_start": 2167952.8018149473, "device_end": 2167952.8170101154}, "cmdq": 2, "read": {"device_start": -1, "device_end": -1}}, "FFC_sans_bias18": {"write": {"device_start": -1, "host_queued_start": 1585500178.565006, "device_queued": -1, "device_end": -1, "host_queued_end": 1585500178.596238}, "device": "cpu", "nd_range": {"device_start": 2167952.8015543423, "device_end": 2167952.81676559}, "cmdq": 1, "read": {"device_start": -1, "device_end": -1}}, "coalesced_transpose30": {"write": {"device_start": -1, "host_queued_start": 1585500178.581147, "device_queued": -1, "device_end": -1, "host_queued_end": 1585500178.596238}, "device": "cpu", "nd_range": {"device_start": 2167952.901071501, "device_end": 2167952.901318251}, "cmdq": 3, "read": {"device_start": -1, "device_end": -1}}, "FFC_sans_bias69": {"write": {"device_start": -1, "host_queued_start": 1585500178.549864, "device_queued": -1, "device_end": -1, "host_queued_end": 1585500178.551036}, "device": "gpu", "nd_range": {"device_start": 1585500115.6347585, "device_end": 1585500115.6353583}, "cmdq": 1, "read": {"device_start": -1, "device_end": -1}}, "FFC_sans_bias38": {"write": {"device_start": -1, "host_queued_start": 1585500178.573464, "device_queued": -1, "device_end": -1, "host_queued_end": 1585500178.596238}, "device": "cpu", "nd_range": {"device_start": 2167952.8325107764, "device_end": 2167952.847805222}, "cmdq": 1, "read": {"device_start": -1, "device_end": -1}}, "coalesced_transpose57": {"write": {"device_start": -1, "host_queued_start": 1585500178.582143, "device_queued": -1, "device_end": -1, "host_queued_end": 1585500178.596238}, "device": "cpu", "nd_range": {"device_start": 2167952.907945118, "device_end": 2167952.908190641}, "cmdq": 2, "read": {"device_start": -1, "device_end": -1}}, "empty26": {"write": {"device_start": -1, "host_queued_start": 1585500178.554272, "device_queued": -1, "device_end": -1, "host_queued_end": 1585500178.596238}, "device": "cpu", "nd_range": {"device_start": 2167952.785850245, "device_end": 2167952.7858593063}, "cmdq": 2, "read": {"device_start": -1, "device_end": -1}}, "coalesced_transpose12": {"write": {"device_start": -1, "host_queued_start": 1585500178.580478, "device_queued": -1, "device_end": -1, "host_queued_end": 1585500178.596238}, "device": "cpu", "nd_range": {"device_start": 2167952.863259648, "device_end": 2167952.863509329}, "cmdq": 1, "read": {"device_start": -1, "device_end": -1}}, "empty44": {"write": {"device_start": -1, "host_queued_start": 1585500178.556028, "device_queued": -1, "device_end": -1, "host_queued_end": 1585500178.596238}, "device": "cpu", "nd_range": {"device_start": 2167952.785874812, "device_end": 2167952.7858758}, "cmdq": 0, "read": {"device_start": -1, "device_end": -1}}, "coalesced_transpose21": {"write": {"device_start": -1, "host_queued_start": 1585500178.580816, "device_queued": -1, "device_end": -1, "host_queued_end": 1585500178.596238}, "device": "cpu", "nd_range": {"device_start": 2167952.9075819002, "device_end": 2167952.90783073}, "cmdq": 2, "read": {"device_start": -1, "device_end": -1}}, "FFC_sans_bias36": {"write": {"device_start": -1, "host_queued_start": 1585500178.571362, "device_queued": -1, "device_end": -1, "host_queued_end": 1585500178.596238}, "device": "cpu", "nd_range": {"device_start": 2167952.8634056523, "device_end": 2167952.878694124}, "cmdq": 3, "read": {"device_start": -1, "device_end": -1}}, "softmax14": {"write": {"device_start": -1, "host_queued_start": 1585500178.58526, "device_queued": -1, "device_end": -1, "host_queued_end": 1585500178.596238}, "device": "cpu", "nd_range": {"device_start": 2167952.929741175, "device_end": 2167952.929957367}, "cmdq": 3, "read": {"device_start": -1, "device_end": -1}}, "FFC_sans_bias13": {"write": {"device_start": -1, "host_queued_start": 1585500178.582965, "device_queued": -1, "device_end": -1, "host_queued_end": 1585500178.596238}, "device": "cpu", "nd_range": {"device_start": 2167952.863748637, "device_end": 2167952.878948253}, "cmdq": 0, "read": {"device_start": -1, "device_end": -1}}, "empty8": {"write": {"device_start": -1, "host_queued_start": 1585500178.552427, "device_queued": -1, "device_end": -1, "host_queued_end": 1585500178.596238}, "device": "cpu", "nd_range": {"device_start": 2167952.78584996, "device_end": 2167952.785859295}, "cmdq": 0, "read": {"device_start": -1, "device_end": -1}}, "FFC_sans_bias42": {"write": {"device_start": -1, "host_queued_start": 1585500178.588462, "device_queued": -1, "device_end": -1, "host_queued_end": 1585500178.596238}, "device": "cpu", "nd_range": {"device_start": 2167952.947761789, "device_end": 2167952.963247001}, "cmdq": 1, "read": {"device_start": -1, "device_end": -1}}, "FFC_sans_bias43": {"write": {"device_start": -1, "host_queued_start": 1585500178.594173, "device_queued": -1, "device_end": -1, "host_queued_end": 1585500178.596238}, "device": "cpu", "nd_range": {"device_start": 2167952.988007875, "device_end": 2167952.996560737}, "cmdq": 0, "read": {"device_start": -1, "device_end": -1}}, "FFC_sans_bias40": {"write": {"device_start": -1, "host_queued_start": 1585500178.584004, "device_queued": -1, "device_end": -1, "host_queued_end": 1585500178.596238}, "device": "cpu", "nd_range": {"device_start": 2167952.918319697, "device_end": 2167952.9297317653}, "cmdq": 3, "read": {"device_start": -1, "device_end": -1}}, "softmax32": {"write": {"device_start": -1, "host_queued_start": 1585500178.585827, "device_queued": -1, "device_end": -1, "host_queued_end": 1585500178.596238}, "device": "cpu", "nd_range": {"device_start": 2167952.9317808123, "device_end": 2167952.931995314}, "cmdq": 1, "read": {"device_start": -1, "device_end": -1}}, "FFC_sans_bias47": {"write": {"device_start": -1, "host_queued_start": 1585500178.576648, "device_queued": -1, "device_end": -1, "host_queued_end": 1585500178.596238}, "device": "cpu", "nd_range": {"device_start": 2167952.8477499504, "device_end": 2167952.862972155}, "cmdq": 0, "read": {"device_start": -1, "device_end": -1}}, "FFC_sans_bias45": {"write": {"device_start": -1, "host_queued_start": 1585500178.574508, "device_queued": -1, "device_end": -1, "host_queued_end": 1585500178.596238}, "device": "cpu", "nd_range": {"device_start": 2167952.878921742, "device_end": 2167952.897658783}, "cmdq": 2, "read": {"device_start": -1, "device_end": -1}}, "softmax50": {"write": {"device_start": -1, "host_queued_start": 1585500178.586436, "device_queued": -1, "device_end": -1, "host_queued_end": 1585500178.596238}, "device": "cpu", "nd_range": {"device_start": 2167952.929963151, "device_end": 2167952.930178096}, "cmdq": 3, "read": {"device_start": -1, "device_end": -1}}, "FFC_sans_bias33": {"write": {"device_start": -1, "host_queued_start": 1585500178.58812, "device_queued": -1, "device_end": -1, "host_queued_end": 1585500178.596238}, "device": "cpu", "nd_range": {"device_start": 2167952.945739822, "device_end": 2167952.960957908}, "cmdq": 0, "read": {"device_start": -1, "device_end": -1}}, "FFC_sans_bias63": {"write": {"device_start": 1585500115.633178, "host_queued_start": 1585500178.548647, "device_queued": 1585500115.6325533, "device_end": 1585500115.63321, "host_queued_end": 1585500178.551036}, "device": "gpu", "nd_range": {"device_start": 1585500115.633213, "device_end": 1585500115.6339228}, "cmdq": 1, "read": {"device_start": -1, "device_end": -1}}, "FFC_sans_bias49": {"write": {"device_start": -1, "host_queued_start": 1585500178.58435, "device_queued": -1, "device_end": -1, "host_queued_end": 1585500178.596238}, "device": "cpu", "nd_range": {"device_start": 2167952.8889277973, "device_end": 2167952.897709485}, "cmdq": 0, "read": {"device_start": -1, "device_end": -1}}, "FFC_sans_bias64": {"write": {"device_start": 1585500115.6323838, "host_queued_start": 1585500178.546488, "device_queued": 1585500115.6322722, "device_end": 1585500115.6324265, "host_queued_end": 1585500178.551036}, "device": "gpu", "nd_range": {"device_start": 1585500115.6324298, "device_end": 1585500115.6330338}, "cmdq": 1, "read": {"device_start": -1, "device_end": -1}}, "FFC_sans_bias65": {"write": {"device_start": 1585500115.63247, "host_queued_start": 1585500178.547606, "device_queued": 1585500115.6323478, "device_end": 1585500115.632499, "host_queued_end": 1585500178.551036}, "device": "gpu", "nd_range": {"device_start": 1585500115.6325443, "device_end": 1585500115.633441}, "cmdq": 0, "read": {"device_start": -1, "device_end": -1}}, "FFC_sans_bias67": {"write": {"device_start": -1, "host_queued_start": 1585500178.549295, "device_queued": -1, "device_end": -1, "host_queued_end": 1585500178.551036}, "device": "gpu", "nd_range": {"device_start": 1585500115.6339247, "device_end": 1585500115.6345346}, "cmdq": 1, "read": {"device_start": -1, "device_end": -1}}, "FFC_sans_bias24": {"write": {"device_start": -1, "host_queued_start": 1585500178.587776, "device_queued": -1, "device_end": -1, "host_queued_end": 1585500178.596238}, "device": "cpu", "nd_range": {"device_start": 2167952.930185576, "device_end": 2167952.945500838}, "cmdq": 3, "read": {"device_start": -1, "device_end": -1}}, "FFC_sans_bias25": {"write": {"device_start": -1, "host_queued_start": 1585500178.592194, "device_queued": -1, "device_end": -1, "host_queued_end": 1585500178.596238}, "device": "cpu", "nd_range": {"device_start": 2167952.9623396234, "device_end": 2167952.9776208093}, "cmdq": 2, "read": {"device_start": -1, "device_end": -1}}, "FFC_sans_bias27": {"write": {"device_start": -1, "host_queued_start": 1585500178.568184, "device_queued": -1, "device_end": -1, "host_queued_end": 1585500178.596238}, "device": "cpu", "nd_range": {"device_start": 2167952.817239733, "device_end": 2167952.832441832}, "cmdq": 0, "read": {"device_start": -1, "device_end": -1}}, "FFC_sans_bias20": {"write": {"device_start": -1, "host_queued_start": 1585500178.567132, "device_queued": -1, "device_end": -1, "host_queued_end": 1585500178.596238}, "device": "cpu", "nd_range": {"device_start": 2167952.8480252293, "device_end": 2167952.863277892}, "cmdq": 3, "read": {"device_start": -1, "device_end": -1}}, "FFC_sans_bias22": {"write": {"device_start": -1, "host_queued_start": 1585500178.583313, "device_queued": -1, "device_end": -1, "host_queued_end": 1585500178.596238}, "device": "cpu", "nd_range": {"device_start": 2167952.90819904, "device_end": 2167952.919194689}, "cmdq": 1, "read": {"device_start": -1, "device_end": -1}}, "softmax68": {"write": {"device_start": -1, "host_queued_start": 1585500178.549546, "device_queued": -1, "device_end": -1, "host_queued_end": 1585500178.551036}, "device": "gpu", "nd_range": {"device_start": 1585500115.6345382, "device_end": 1585500115.6347556}, "cmdq": 0, "read": {"device_start": -1, "device_end": -1}}, "softmax5": {"write": {"device_start": -1, "host_queued_start": 1585500178.584983, "device_queued": -1, "device_end": -1, "host_queued_end": 1585500178.596238}, "device": "cpu", "nd_range": {"device_start": 2167952.923711069, "device_end": 2167952.923934216}, "cmdq": 2, "read": {"device_start": -1, "device_end": -1}}, "FFC_sans_bias28": {"write": {"device_start": -1, "host_queued_start": 1585500178.56924, "device_queued": -1, "device_end": -1, "host_queued_end": 1585500178.596238}, "device": "cpu", "nd_range": {"device_start": 2167952.817154298, "device_end": 2167952.8323573363}, "cmdq": 1, "read": {"device_start": -1, "device_end": -1}}, "FFC_sans_bias29": {"write": {"device_start": -1, "host_queued_start": 1585500178.570296, "device_queued": -1, "device_end": -1, "host_queued_end": 1585500178.596238}, "device": "cpu", "nd_range": {"device_start": 2167952.8636230123, "device_end": 2167952.8788077263}, "cmdq": 2, "read": {"device_start": -1, "device_end": -1}}, "empty17": {"write": {"device_start": -1, "host_queued_start": 1585500178.553384, "device_queued": -1, "device_end": -1, "host_queued_end": 1585500178.596238}, "device": "cpu", "nd_range": {"device_start": 2167952.785882901, "device_end": 2167952.78588365}, "cmdq": 1, "read": {"device_start": -1, "device_end": -1}}, "softmax59": {"write": {"device_start": -1, "host_queued_start": 1585500178.586719, "device_queued": -1, "device_end": -1, "host_queued_end": 1585500178.596238}, "device": "cpu", "nd_range": {"device_start": 2167952.9455080694, "device_end": 2167952.94573152}, "cmdq": 0, "read": {"device_start": -1, "device_end": -1}}, "empty71": {"write": {"device_start": 1585500115.6322918, "host_queued_start": 1585500178.54528, "device_queued": 1585500115.6321745, "device_end": 1585500115.6323175, "host_queued_end": 1585500178.551036}, "device": "gpu", "nd_range": {"device_start": 1585500115.6323223, "device_end": 1585500115.6323304}, "cmdq": 0, "read": {"device_start": -1, "device_end": -1}}, "empty35": {"write": {"device_start": -1, "host_queued_start": 1585500178.555146, "device_queued": -1, "device_end": -1, "host_queued_end": 1585500178.596238}, "device": "cpu", "nd_range": {"device_start": 2167952.816885944, "device_end": 2167952.816888912}, "cmdq": 3, "read": {"device_start": -1, "device_end": -1}}, "empty53": {"write": {"device_start": -1, "host_queued_start": 1585500178.556833, "device_queued": -1, "device_end": -1, "host_queued_end": 1585500178.596238}, "device": "cpu", "nd_range": {"device_start": 2167952.785895566, "device_end": 2167952.7858975693}, "cmdq": 1, "read": {"device_start": -1, "device_end": -1}}, "FFC_sans_bias46": {"write": {"device_start": -1, "host_queued_start": 1585500178.575593, "device_queued": -1, "device_end": -1, "host_queued_end": 1585500178.596238}, "device": "cpu", "nd_range": {"device_start": 2167952.87881495, "device_end": 2167952.887386647}, "cmdq": 3, "read": {"device_start": -1, "device_end": -1}}, "coalesced_transpose66": {"write": {"device_start": -1, "host_queued_start": 1585500178.548974, "device_queued": -1, "device_end": -1, "host_queued_end": 1585500178.551036}, "device": "gpu", "nd_range": {"device_start": 1585500115.6334429, "device_end": 1585500115.6338484}, "cmdq": 0, "read": {"device_start": -1, "device_end": -1}}, "coalesced_transpose48": {"write": {"device_start": -1, "host_queued_start": 1585500178.581813, "device_queued": -1, "device_end": -1, "host_queued_end": 1585500178.596238}, "device": "cpu", "nd_range": {"device_start": 2167952.888571075, "device_end": 2167952.888808995}, "cmdq": 1, "read": {"device_start": -1, "device_end": -1}}}