{"FFC_sans_bias60": {"write": {"device_start": -1, "host_queued_start": 1585500548.573293, "device_queued": -1, "device_end": -1, "host_queued_end": 1585500548.577884}, "device": "gpu", "nd_range": {"device_start": 1585500485.6578772, "device_end": 1585500485.6598556}, "cmdq": 0, "read": {"device_start": -1, "device_end": -1}}, "FFC_sans_bias4": {"write": {"device_start": -1, "host_queued_start": 1585500548.597743, "device_queued": -1, "device_end": -1, "host_queued_end": 1585500548.605359}, "device": "cpu", "nd_range": {"device_start": 2168322.844960546, "device_end": 2168322.8605131633}, "cmdq": 0, "read": {"device_start": -1, "device_end": -1}}, "FFC_sans_bias7": {"write": {"device_start": -1, "host_queued_start": 1585500548.602323, "device_queued": -1, "device_end": -1, "host_queued_end": 1585500548.605359}, "device": "cpu", "nd_range": {"device_start": 2168322.876329793, "device_end": 2168322.892091624}, "cmdq": 0, "read": {"device_start": -1, "device_end": -1}}, "FFC_sans_bias6": {"write": {"device_start": -1, "host_queued_start": 1585500548.600257, "device_queued": -1, "device_end": -1, "host_queued_end": 1585500548.605359}, "device": "cpu", "nd_range": {"device_start": 2168322.860950952, "device_end": 2168322.8762108083}, "cmdq": 0, "read": {"device_start": -1, "device_end": -1}}, "FFC_sans_bias1": {"write": {"device_start": -1, "host_queued_start": 1585500548.584898, "device_queued": -1, "device_end": -1, "host_queued_end": 1585500548.605359}, "device": "cpu", "nd_range": {"device_start": 2168322.795343923, "device_end": 2168322.810647782}, "cmdq": 1, "read": {"device_start": -1, "device_end": -1}}, "FFC_sans_bias0": {"write": {"device_start": -1, "host_queued_start": 1585500548.583829, "device_queued": -1, "device_end": -1, "host_queued_end": 1585500548.605359}, "device": "cpu", "nd_range": {"device_start": 2168322.795011099, "device_end": 2168322.811425291}, "cmdq": 0, "read": {"device_start": -1, "device_end": -1}}, "FFC_sans_bias2": {"write": {"device_start": -1, "host_queued_start": 1585500548.585976, "device_queued": -1, "device_end": -1, "host_queued_end": 1585500548.605359}, "device": "cpu", "nd_range": {"device_start": 2168322.802643056, "device_end": 2168322.817953307}, "cmdq": 2, "read": {"device_start": -1, "device_end": -1}}, "FFC_sans_bias61": {"write": {"device_start": 1585500485.6595793, "host_queued_start": 1585500548.576743, "device_queued": 1585500485.6517723, "device_end": 1585500485.6596103, "host_queued_end": 1585500548.577884}, "device": "gpu", "nd_range": {"device_start": 1585500485.6598737, "device_end": 1585500485.6613386}, "cmdq": 4, "read": {"device_start": 1585500485.6613443, "device_end": 1585500485.6613674}}, "FFC_sans_bias52": {"write": {"device_start": 1585500485.6589875, "host_queued_start": 1585500548.575706, "device_queued": 1585500485.651734, "device_end": 1585500485.6590247, "host_queued_end": 1585500548.577884}, "device": "gpu", "nd_range": {"device_start": 1585500485.6594572, "device_end": 1585500485.6608405}, "cmdq": 3, "read": {"device_start": 1585500485.6608477, "device_end": 1585500485.6608756}}, "FFC_sans_bias9": {"write": {"device_start": -1, "host_queued_start": 1585500548.587082, "device_queued": -1, "device_end": -1, "host_queued_end": 1585500548.605359}, "device": "cpu", "nd_range": {"device_start": 2168322.794991231, "device_end": 2168322.80292125}, "cmdq": 3, "read": {"device_start": -1, "device_end": -1}}, "coalesced_transpose39": {"write": {"device_start": -1, "host_queued_start": 1585500548.569134, "device_queued": -1, "device_end": -1, "host_queued_end": 1585500548.577884}, "device": "gpu", "nd_range": {"device_start": 1585500485.6535363, "device_end": 1585500485.655351}, "cmdq": 1, "read": {"device_start": -1, "device_end": -1}}, "FFC_sans_bias55": {"write": {"device_start": 1585500485.6516757, "host_queued_start": 1585500548.565618, "device_queued": 1585500485.6502428, "device_end": 1585500485.6517065, "host_queued_end": 1585500548.577884}, "device": "gpu", "nd_range": {"device_start": 1585500485.6517136, "device_end": 1585500485.654018}, "cmdq": 2, "read": {"device_start": -1, "device_end": -1}}, "FFC_sans_bias54": {"write": {"device_start": 1585500485.6513238, "host_queued_start": 1585500548.564581, "device_queued": 1585500485.6502151, "device_end": 1585500485.651355, "host_queued_end": 1585500548.577884}, "device": "gpu", "nd_range": {"device_start": 1585500485.651359, "device_end": 1585500485.6535354}, "cmdq": 1, "read": {"device_start": -1, "device_end": -1}}, "FFC_sans_bias56": {"write": {"device_start": 1585500485.6507065, "host_queued_start": 1585500548.56355, "device_queued": 1585500485.6501474, "device_end": 1585500485.6507373, "host_queued_end": 1585500548.577884}, "device": "gpu", "nd_range": {"device_start": 1585500485.65074, "device_end": 1585500485.6530702}, "cmdq": 0, "read": {"device_start": -1, "device_end": -1}}, "FFC_sans_bias51": {"write": {"device_start": -1, "host_queued_start": 1585500548.572977, "device_queued": -1, "device_end": -1, "host_queued_end": 1585500548.577884}, "device": "gpu", "nd_range": {"device_start": 1585500485.6578689, "device_end": 1585500485.659442}, "cmdq": 4, "read": {"device_start": -1, "device_end": -1}}, "softmax23": {"write": {"device_start": -1, "host_queued_start": 1585500548.599644, "device_queued": -1, "device_end": -1, "host_queued_end": 1585500548.605359}, "device": "cpu", "nd_range": {"device_start": 2168322.864528547, "device_end": 2168322.864736253}, "cmdq": 2, "read": {"device_start": -1, "device_end": -1}}, "FFC_sans_bias37": {"write": {"device_start": 1585500485.649667, "host_queued_start": 1585500548.558118, "device_queued": 1585500485.6495483, "device_end": 1585500485.6497, "host_queued_end": 1585500548.577884}, "device": "gpu", "nd_range": {"device_start": 1585500485.6497033, "device_end": 1585500485.6505756}, "cmdq": 0, "read": {"device_start": -1, "device_end": -1}}, "empty62": {"write": {"device_start": 1585500485.6493356, "host_queued_start": 1585500548.555195, "device_queued": 1585500485.6491318, "device_end": 1585500485.649409, "host_queued_end": 1585500548.577884}, "device": "gpu", "nd_range": {"device_start": 1585500485.649517, "device_end": 1585500485.649529}, "cmdq": 2, "read": {"device_start": -1, "device_end": -1}}, "FFC_sans_bias70": {"write": {"device_start": 1585500485.6599805, "host_queued_start": 1585500548.577782, "device_queued": 1585500485.6519606, "device_end": 1585500485.6600103, "host_queued_end": 1585500548.577884}, "device": "gpu", "nd_range": {"device_start": 1585500485.6600213, "device_end": 1585500485.6618125}, "cmdq": 0, "read": {"device_start": 1585500485.661818, "device_end": 1585500485.6618414}}, "FFC_sans_bias58": {"write": {"device_start": -1, "host_queued_start": 1585500548.571042, "device_queued": -1, "device_end": -1, "host_queued_end": 1585500548.577884}, "device": "gpu", "nd_range": {"device_start": 1585500485.6554594, "device_end": 1585500485.6570237}, "cmdq": 2, "read": {"device_start": -1, "device_end": -1}}, "softmax41": {"write": {"device_start": -1, "host_queued_start": 1585500548.571605, "device_queued": -1, "device_end": -1, "host_queued_end": 1585500548.577884}, "device": "gpu", "nd_range": {"device_start": 1585500485.6560547, "device_end": 1585500485.6578422}, "cmdq": 4, "read": {"device_start": -1, "device_end": -1}}, "FFC_sans_bias11": {"write": {"device_start": -1, "host_queued_start": 1585500548.589414, "device_queued": -1, "device_end": -1, "host_queued_end": 1585500548.605359}, "device": "cpu", "nd_range": {"device_start": 2168322.810786806, "device_end": 2168322.82603362}, "cmdq": 1, "read": {"device_start": -1, "device_end": -1}}, "FFC_sans_bias10": {"write": {"device_start": -1, "host_queued_start": 1585500548.58822, "device_queued": -1, "device_end": -1, "host_queued_end": 1585500548.605359}, "device": "cpu", "nd_range": {"device_start": 2168322.811552323, "device_end": 2168322.8274913942}, "cmdq": 0, "read": {"device_start": -1, "device_end": -1}}, "coalesced_transpose3": {"write": {"device_start": -1, "host_queued_start": 1585500548.596303, "device_queued": -1, "device_end": -1, "host_queued_end": 1585500548.605359}, "device": "cpu", "nd_range": {"device_start": 2168322.844587477, "device_end": 2168322.844838241}, "cmdq": 0, "read": {"device_start": -1, "device_end": -1}}, "FFC_sans_bias34": {"write": {"device_start": -1, "host_queued_start": 1585500548.605314, "device_queued": -1, "device_end": -1, "host_queued_end": 1585500548.605359}, "device": "cpu", "nd_range": {"device_start": 2168322.8991546063, "device_end": 2168322.903116501}, "cmdq": 3, "read": {"device_start": -1, "device_end": -1}}, "FFC_sans_bias15": {"write": {"device_start": -1, "host_queued_start": 1585500548.600596, "device_queued": -1, "device_end": -1, "host_queued_end": 1585500548.605359}, "device": "cpu", "nd_range": {"device_start": 2168322.857469615, "device_end": 2168322.872710716}, "cmdq": 1, "read": {"device_start": -1, "device_end": -1}}, "FFC_sans_bias31": {"write": {"device_start": -1, "host_queued_start": 1585500548.598802, "device_queued": -1, "device_end": -1, "host_queued_end": 1585500548.605359}, "device": "cpu", "nd_range": {"device_start": 2168322.8603377743, "device_end": 2168322.883352812}, "cmdq": 3, "read": {"device_start": -1, "device_end": -1}}, "FFC_sans_bias16": {"write": {"device_start": -1, "host_queued_start": 1585500548.603335, "device_queued": -1, "device_end": -1, "host_queued_end": 1585500548.605359}, "device": "cpu", "nd_range": {"device_start": 2168322.872835243, "device_end": 2168322.888126823}, "cmdq": 1, "read": {"device_start": -1, "device_end": -1}}, "FFC_sans_bias19": {"write": {"device_start": -1, "host_queued_start": 1585500548.591749, "device_queued": -1, "device_end": -1, "host_queued_end": 1585500548.605359}, "device": "cpu", "nd_range": {"device_start": 2168322.803040395, "device_end": 2168322.822924904}, "cmdq": 3, "read": {"device_start": -1, "device_end": -1}}, "FFC_sans_bias18": {"write": {"device_start": -1, "host_queued_start": 1585500548.590601, "device_queued": -1, "device_end": -1, "host_queued_end": 1585500548.605359}, "device": "cpu", "nd_range": {"device_start": 2168322.818091473, "device_end": 2168322.833308579}, "cmdq": 2, "read": {"device_start": -1, "device_end": -1}}, "coalesced_transpose30": {"write": {"device_start": -1, "host_queued_start": 1585500548.597399, "device_queued": -1, "device_end": -1, "host_queued_end": 1585500548.605359}, "device": "cpu", "nd_range": {"device_start": 2168322.859698697, "device_end": 2168322.859950875}, "cmdq": 3, "read": {"device_start": -1, "device_end": -1}}, "FFC_sans_bias69": {"write": {"device_start": -1, "host_queued_start": 1585500548.573609, "device_queued": -1, "device_end": -1, "host_queued_end": 1585500548.577884}, "device": "gpu", "nd_range": {"device_start": 1585500485.657852, "device_end": 1585500485.658468}, "cmdq": 1, "read": {"device_start": -1, "device_end": -1}}, "FFC_sans_bias38": {"write": {"device_start": 1585500485.64982, "host_queued_start": 1585500548.559201, "device_queued": 1585500485.6497169, "device_end": 1585500485.649891, "host_queued_end": 1585500548.577884}, "device": "gpu", "nd_range": {"device_start": 1585500485.6499643, "device_end": 1585500485.6511464}, "cmdq": 1, "read": {"device_start": -1, "device_end": -1}}, "coalesced_transpose57": {"write": {"device_start": -1, "host_queued_start": 1585500548.569742, "device_queued": -1, "device_end": -1, "host_queued_end": 1585500548.577884}, "device": "gpu", "nd_range": {"device_start": 1585500485.6545262, "device_end": 1585500485.6553667}, "cmdq": 3, "read": {"device_start": -1, "device_end": -1}}, "empty26": {"write": {"device_start": -1, "host_queued_start": 1585500548.581796, "device_queued": -1, "device_end": -1, "host_queued_end": 1585500548.605359}, "device": "cpu", "nd_range": {"device_start": 2168322.794975946, "device_end": 2168322.794977038}, "cmdq": 2, "read": {"device_start": -1, "device_end": -1}}, "coalesced_transpose12": {"write": {"device_start": -1, "host_queued_start": 1585500548.596743, "device_queued": -1, "device_end": -1, "host_queued_end": 1585500548.605359}, "device": "cpu", "nd_range": {"device_start": 2168322.841460821, "device_end": 2168322.841701873}, "cmdq": 1, "read": {"device_start": -1, "device_end": -1}}, "empty44": {"write": {"device_start": 1585500485.64911, "host_queued_start": 1585500548.553247, "device_queued": 1585500485.6489892, "device_end": 1585500485.6491504, "host_queued_end": 1585500548.577884}, "device": "gpu", "nd_range": {"device_start": 1585500485.6491597, "device_end": 1585500485.649165}, "cmdq": 0, "read": {"device_start": -1, "device_end": -1}}, "coalesced_transpose21": {"write": {"device_start": -1, "host_queued_start": 1585500548.597076, "device_queued": -1, "device_end": -1, "host_queued_end": 1585500548.605359}, "device": "cpu", "nd_range": {"device_start": 2168322.848722151, "device_end": 2168322.8489693413}, "cmdq": 2, "read": {"device_start": -1, "device_end": -1}}, "FFC_sans_bias36": {"write": {"device_start": 1585500485.6495287, "host_queued_start": 1585500548.557044, "device_queued": 1585500485.6494215, "device_end": 1585500485.649554, "host_queued_end": 1585500548.577884}, "device": "gpu", "nd_range": {"device_start": 1585500485.649562, "device_end": 1585500485.6501675}, "cmdq": 4, "read": {"device_start": -1, "device_end": -1}}, "softmax14": {"write": {"device_start": -1, "host_queued_start": 1585500548.599366, "device_queued": -1, "device_end": -1, "host_queued_end": 1585500548.605359}, "device": "cpu", "nd_range": {"device_start": 2168322.857141078, "device_end": 2168322.857358493}, "cmdq": 1, "read": {"device_start": -1, "device_end": -1}}, "FFC_sans_bias13": {"write": {"device_start": -1, "host_queued_start": 1585500548.598085, "device_queued": -1, "device_end": -1, "host_queued_end": 1585500548.605359}, "device": "cpu", "nd_range": {"device_start": 2168322.8418107983, "device_end": 2168322.857019871}, "cmdq": 1, "read": {"device_start": -1, "device_end": -1}}, "empty8": {"write": {"device_start": -1, "host_queued_start": 1585500548.579522, "device_queued": -1, "device_end": -1, "host_queued_end": 1585500548.605359}, "device": "cpu", "nd_range": {"device_start": 2168322.7949468903, "device_end": 2168322.794956732}, "cmdq": 0, "read": {"device_start": -1, "device_end": -1}}, "FFC_sans_bias42": {"write": {"device_start": -1, "host_queued_start": 1585500548.572662, "device_queued": -1, "device_end": -1, "host_queued_end": 1585500548.577884}, "device": "gpu", "nd_range": {"device_start": 1585500485.6578617, "device_end": 1585500485.6588635}, "cmdq": 3, "read": {"device_start": -1, "device_end": -1}}, "FFC_sans_bias43": {"write": {"device_start": 1585500485.6577995, "host_queued_start": 1585500548.574652, "device_queued": 1585500485.6515653, "device_end": 1585500485.6578252, "host_queued_end": 1585500548.577884}, "device": "gpu", "nd_range": {"device_start": 1585500485.658875, "device_end": 1585500485.6603937}, "cmdq": 2, "read": {"device_start": 1585500485.6603992, "device_end": 1585500485.6604233}}, "FFC_sans_bias40": {"write": {"device_start": -1, "host_queued_start": 1585500548.570373, "device_queued": -1, "device_end": -1, "host_queued_end": 1585500548.577884}, "device": "gpu", "nd_range": {"device_start": 1585500485.6554377, "device_end": 1585500485.656042}, "cmdq": 0, "read": {"device_start": -1, "device_end": -1}}, "softmax32": {"write": {"device_start": -1, "host_queued_start": 1585500548.599916, "device_queued": -1, "device_end": -1, "host_queued_end": 1585500548.605359}, "device": "cpu", "nd_range": {"device_start": 2168322.883361785, "device_end": 2168322.883570971}, "cmdq": 3, "read": {"device_start": -1, "device_end": -1}}, "FFC_sans_bias47": {"write": {"device_start": 1585500485.6502686, "host_queued_start": 1585500548.562487, "device_queued": 1585500485.64978, "device_end": 1585500485.6503005, "host_queued_end": 1585500548.577884}, "device": "gpu", "nd_range": {"device_start": 1585500485.6503046, "device_end": 1585500485.6525578}, "cmdq": 4, "read": {"device_start": -1, "device_end": -1}}, "FFC_sans_bias45": {"write": {"device_start": 1585500485.6499174, "host_queued_start": 1585500548.560237, "device_queued": 1585500485.6497445, "device_end": 1585500485.6499922, "host_queued_end": 1585500548.577884}, "device": "gpu", "nd_range": {"device_start": 1585500485.649996, "device_end": 1585500485.6515615}, "cmdq": 2, "read": {"device_start": -1, "device_end": -1}}, "softmax50": {"write": {"device_start": -1, "host_queued_start": 1585500548.571855, "device_queued": -1, "device_end": -1, "host_queued_end": 1585500548.577884}, "device": "gpu", "nd_range": {"device_start": 1585500485.6564596, "device_end": 1585500485.6578445}, "cmdq": 0, "read": {"device_start": -1, "device_end": -1}}, "FFC_sans_bias33": {"write": {"device_start": -1, "host_queued_start": 1585500548.601279, "device_queued": -1, "device_end": -1, "host_queued_end": 1585500548.605359}, "device": "cpu", "nd_range": {"device_start": 2168322.883578963, "device_end": 2168322.899137697}, "cmdq": 3, "read": {"device_start": -1, "device_end": -1}}, "FFC_sans_bias63": {"write": {"device_start": 1585500485.6531997, "host_queued_start": 1585500548.568804, "device_queued": 1585500485.6506608, "device_end": 1585500485.6532311, "host_queued_end": 1585500548.577884}, "device": "gpu", "nd_range": {"device_start": 1585500485.6532369, "device_end": 1585500485.6554286}, "cmdq": 0, "read": {"device_start": -1, "device_end": -1}}, "FFC_sans_bias49": {"write": {"device_start": -1, "host_queued_start": 1585500548.570716, "device_queued": -1, "device_end": -1, "host_queued_end": 1585500548.577884}, "device": "gpu", "nd_range": {"device_start": 1585500485.6554487, "device_end": 1585500485.6564488}, "cmdq": 1, "read": {"device_start": -1, "device_end": -1}}, "FFC_sans_bias64": {"write": {"device_start": 1585500485.6522489, "host_queued_start": 1585500548.566688, "device_queued": 1585500485.6504178, "device_end": 1585500485.6522737, "host_queued_end": 1585500548.577884}, "device": "gpu", "nd_range": {"device_start": 1585500485.65228, "device_end": 1585500485.654519}, "cmdq": 3, "read": {"device_start": -1, "device_end": -1}}, "FFC_sans_bias65": {"write": {"device_start": 1585500485.652679, "host_queued_start": 1585500548.567743, "device_queued": 1585500485.6504486, "device_end": 1585500485.6527102, "host_queued_end": 1585500548.577884}, "device": "gpu", "nd_range": {"device_start": 1585500485.652724, "device_end": 1585500485.6549683}, "cmdq": 4, "read": {"device_start": -1, "device_end": -1}}, "FFC_sans_bias67": {"write": {"device_start": -1, "host_queued_start": 1585500548.571351, "device_queued": -1, "device_end": -1, "host_queued_end": 1585500548.577884}, "device": "gpu", "nd_range": {"device_start": 1585500485.6554685, "device_end": 1585500485.6574416}, "cmdq": 3, "read": {"device_start": -1, "device_end": -1}}, "FFC_sans_bias24": {"write": {"device_start": -1, "host_queued_start": 1585500548.600935, "device_queued": -1, "device_end": -1, "host_queued_end": 1585500548.605359}, "device": "cpu", "nd_range": {"device_start": 2168322.8648420493, "device_end": 2168322.880039987}, "cmdq": 2, "read": {"device_start": -1, "device_end": -1}}, "FFC_sans_bias25": {"write": {"device_start": -1, "host_queued_start": 1585500548.604329, "device_queued": -1, "device_end": -1, "host_queued_end": 1585500548.605359}, "device": "cpu", "nd_range": {"device_start": 2168322.880154497, "device_end": 2168322.894415297}, "cmdq": 2, "read": {"device_start": -1, "device_end": -1}}, "FFC_sans_bias27": {"write": {"device_start": -1, "host_queued_start": 1585500548.593838, "device_queued": -1, "device_end": -1, "host_queued_end": 1585500548.605359}, "device": "cpu", "nd_range": {"device_start": 2168322.826156342, "device_end": 2168322.841336767}, "cmdq": 1, "read": {"device_start": -1, "device_end": -1}}, "FFC_sans_bias20": {"write": {"device_start": -1, "host_queued_start": 1585500548.592798, "device_queued": -1, "device_end": -1, "host_queued_end": 1585500548.605359}, "device": "cpu", "nd_range": {"device_start": 2168322.827611408, "device_end": 2168322.843722722}, "cmdq": 0, "read": {"device_start": -1, "device_end": -1}}, "FFC_sans_bias22": {"write": {"device_start": -1, "host_queued_start": 1585500548.598428, "device_queued": -1, "device_end": -1, "host_queued_end": 1585500548.605359}, "device": "cpu", "nd_range": {"device_start": 2168322.84907785, "device_end": 2168322.864411007}, "cmdq": 2, "read": {"device_start": -1, "device_end": -1}}, "softmax68": {"write": {"device_start": -1, "host_queued_start": 1585500548.572351, "device_queued": -1, "device_end": -1, "host_queued_end": 1585500548.577884}, "device": "gpu", "nd_range": {"device_start": 1585500485.657452, "device_end": 1585500485.6576495}, "cmdq": 2, "read": {"device_start": -1, "device_end": -1}}, "softmax5": {"write": {"device_start": -1, "host_queued_start": 1585500548.599079, "device_queued": -1, "device_end": -1, "host_queued_end": 1585500548.605359}, "device": "cpu", "nd_range": {"device_start": 2168322.860636203, "device_end": 2168322.860844937}, "cmdq": 0, "read": {"device_start": -1, "device_end": -1}}, "FFC_sans_bias28": {"write": {"device_start": -1, "host_queued_start": 1585500548.5949, "device_queued": -1, "device_end": -1, "host_queued_end": 1585500548.605359}, "device": "cpu", "nd_range": {"device_start": 2168322.833429682, "device_end": 2168322.8486047513}, "cmdq": 2, "read": {"device_start": -1, "device_end": -1}}, "FFC_sans_bias29": {"write": {"device_start": -1, "host_queued_start": 1585500548.595953, "device_queued": -1, "device_end": -1, "host_queued_end": 1585500548.605359}, "device": "cpu", "nd_range": {"device_start": 2168322.8292834843, "device_end": 2168322.8591546933}, "cmdq": 3, "read": {"device_start": -1, "device_end": -1}}, "empty17": {"write": {"device_start": -1, "host_queued_start": 1585500548.580665, "device_queued": -1, "device_end": -1, "host_queued_end": 1585500548.605359}, "device": "cpu", "nd_range": {"device_start": 2168322.794946703, "device_end": 2168322.7949567554}, "cmdq": 1, "read": {"device_start": -1, "device_end": -1}}, "softmax59": {"write": {"device_start": -1, "host_queued_start": 1585500548.572104, "device_queued": -1, "device_end": -1, "host_queued_end": 1585500548.577884}, "device": "gpu", "nd_range": {"device_start": 1585500485.657034, "device_end": 1585500485.6578474}, "cmdq": 1, "read": {"device_start": -1, "device_end": -1}}, "empty71": {"write": {"device_start": 1585500485.6494365, "host_queued_start": 1585500548.556037, "device_queued": 1585500485.6491847, "device_end": 1585500485.6495187, "host_queued_end": 1585500548.577884}, "device": "gpu", "nd_range": {"device_start": 1585500485.6495261, "device_end": 1585500485.6495378}, "cmdq": 3, "read": {"device_start": -1, "device_end": -1}}, "empty35": {"write": {"device_start": -1, "host_queued_start": 1585500548.582816, "device_queued": -1, "device_end": -1, "host_queued_end": 1585500548.605359}, "device": "cpu", "nd_range": {"device_start": 2168322.794983943, "device_end": 2168322.794984842}, "cmdq": 3, "read": {"device_start": -1, "device_end": -1}}, "empty53": {"write": {"device_start": 1585500485.6492302, "host_queued_start": 1585500548.554294, "device_queued": 1585500485.6490989, "device_end": 1585500485.649302, "host_queued_end": 1585500548.577884}, "device": "gpu", "nd_range": {"device_start": 1585500485.6494784, "device_end": 1585500485.6495233}, "cmdq": 1, "read": {"device_start": -1, "device_end": -1}}, "FFC_sans_bias46": {"write": {"device_start": 1585500485.6500204, "host_queued_start": 1585500548.561274, "device_queued": 1585500485.6497598, "device_end": 1585500485.6500463, "host_queued_end": 1585500548.577884}, "device": "gpu", "nd_range": {"device_start": 1585500485.6500492, "device_end": 1585500485.6521227}, "cmdq": 3, "read": {"device_start": -1, "device_end": -1}}, "coalesced_transpose66": {"write": {"device_start": -1, "host_queued_start": 1585500548.570043, "device_queued": -1, "device_end": -1, "host_queued_end": 1585500548.577884}, "device": "gpu", "nd_range": {"device_start": 1585500485.6549754, "device_end": 1585500485.6553807}, "cmdq": 4, "read": {"device_start": -1, "device_end": -1}}, "coalesced_transpose48": {"write": {"device_start": -1, "host_queued_start": 1585500548.569439, "device_queued": -1, "device_end": -1, "host_queued_end": 1585500548.577884}, "device": "gpu", "nd_range": {"device_start": 1585500485.6540198, "device_end": 1585500485.6553643}, "cmdq": 2, "read": {"device_start": -1, "device_end": -1}}}