{"FFC_sans_bias60": {"write": {"device_start": -1, "host_queued_start": 1585500105.642582, "device_queued": -1, "device_end": -1, "host_queued_end": 1585500105.650993}, "device": "cpu", "nd_range": {"device_start": 2167880.0430923863, "device_end": 2167880.0484051253}, "cmdq": 0, "read": {"device_start": -1, "device_end": -1}}, "FFC_sans_bias4": {"write": {"device_start": -1, "host_queued_start": 1585500105.635406, "device_queued": -1, "device_end": -1, "host_queued_end": 1585500105.650993}, "device": "cpu", "nd_range": {"device_start": 2167879.9728237153, "device_end": 2167879.978046563}, "cmdq": 0, "read": {"device_start": -1, "device_end": -1}}, "FFC_sans_bias7": {"write": {"device_start": -1, "host_queued_start": 1585500105.644014, "device_queued": -1, "device_end": -1, "host_queued_end": 1585500105.650993}, "device": "cpu", "nd_range": {"device_start": 2167880.0537969433, "device_end": 2167880.059021884}, "cmdq": 0, "read": {"device_start": -1, "device_end": -1}}, "FFC_sans_bias6": {"write": {"device_start": -1, "host_queued_start": 1585500105.640395, "device_queued": -1, "device_end": -1, "host_queued_end": 1585500105.650993}, "device": "cpu", "nd_range": {"device_start": 2167880.015943991, "device_end": 2167880.019849855}, "cmdq": 0, "read": {"device_start": -1, "device_end": -1}}, "FFC_sans_bias1": {"write": {"device_start": -1, "host_queued_start": 1585500105.609064, "device_queued": -1, "device_end": -1, "host_queued_end": 1585500105.650993}, "device": "cpu", "nd_range": {"device_start": 2167879.845969011, "device_end": 2167879.851229891}, "cmdq": 0, "read": {"device_start": -1, "device_end": -1}}, "FFC_sans_bias0": {"write": {"device_start": -1, "host_queued_start": 1585500105.60802, "device_queued": -1, "device_end": -1, "host_queued_end": 1585500105.650993}, "device": "cpu", "nd_range": {"device_start": 2167879.840706328, "device_end": 2167879.845953918}, "cmdq": 0, "read": {"device_start": -1, "device_end": -1}}, "FFC_sans_bias2": {"write": {"device_start": -1, "host_queued_start": 1585500105.610145, "device_queued": -1, "device_end": -1, "host_queued_end": 1585500105.650993}, "device": "cpu", "nd_range": {"device_start": 2167879.851235845, "device_end": 2167879.8566582194}, "cmdq": 0, "read": {"device_start": -1, "device_end": -1}}, "FFC_sans_bias61": {"write": {"device_start": -1, "host_queued_start": 1585500105.64995, "device_queued": -1, "device_end": -1, "host_queued_end": 1585500105.650993}, "device": "cpu", "nd_range": {"device_start": 2167880.0852664113, "device_end": 2167880.090535461}, "cmdq": 0, "read": {"device_start": -1, "device_end": -1}}, "FFC_sans_bias52": {"write": {"device_start": -1, "host_queued_start": 1585500105.648966, "device_queued": -1, "device_end": -1, "host_queued_end": 1585500105.650993}, "device": "cpu", "nd_range": {"device_start": 2167880.079983307, "device_end": 2167880.085256768}, "cmdq": 0, "read": {"device_start": -1, "device_end": -1}}, "FFC_sans_bias9": {"write": {"device_start": -1, "host_queued_start": 1585500105.611354, "device_queued": -1, "device_end": -1, "host_queued_end": 1585500105.650993}, "device": "cpu", "nd_range": {"device_start": 2167879.856664161, "device_end": 2167879.8627247973}, "cmdq": 0, "read": {"device_start": -1, "device_end": -1}}, "coalesced_transpose39": {"write": {"device_start": -1, "host_queued_start": 1585500105.63407, "device_queued": -1, "device_end": -1, "host_queued_end": 1585500105.650993}, "device": "cpu", "nd_range": {"device_start": 2167879.971992268, "device_end": 2167879.972110676}, "cmdq": 0, "read": {"device_start": -1, "device_end": -1}}, "FFC_sans_bias55": {"write": {"device_start": -1, "host_queued_start": 1585500105.629252, "device_queued": -1, "device_end": -1, "host_queued_end": 1585500105.650993}, "device": "cpu", "nd_range": {"device_start": 2167879.950073387, "device_end": 2167879.955280874}, "cmdq": 0, "read": {"device_start": -1, "device_end": -1}}, "FFC_sans_bias54": {"write": {"device_start": -1, "host_queued_start": 1585500105.628213, "device_queued": -1, "device_end": -1, "host_queued_end": 1585500105.650993}, "device": "cpu", "nd_range": {"device_start": 2167879.944709767, "device_end": 2167879.949961245}, "cmdq": 0, "read": {"device_start": -1, "device_end": -1}}, "FFC_sans_bias56": {"write": {"device_start": -1, "host_queued_start": 1585500105.627175, "device_queued": -1, "device_end": -1, "host_queued_end": 1585500105.650993}, "device": "cpu", "nd_range": {"device_start": 2167879.939444402, "device_end": 2167879.9447043804}, "cmdq": 0, "read": {"device_start": -1, "device_end": -1}}, "FFC_sans_bias51": {"write": {"device_start": -1, "host_queued_start": 1585500105.642222, "device_queued": -1, "device_end": -1, "host_queued_end": 1585500105.650993}, "device": "cpu", "nd_range": {"device_start": 2167880.0382497753, "device_end": 2167880.043087107}, "cmdq": 0, "read": {"device_start": -1, "device_end": -1}}, "softmax23": {"write": {"device_start": -1, "host_queued_start": 1585500105.638687, "device_queued": -1, "device_end": -1, "host_queued_end": 1585500105.650993}, "device": "cpu", "nd_range": {"device_start": 2167880.0148721123, "device_end": 2167880.0149637964}, "cmdq": 0, "read": {"device_start": -1, "device_end": -1}}, "FFC_sans_bias37": {"write": {"device_start": -1, "host_queued_start": 1585500105.621858, "device_queued": -1, "device_end": -1, "host_queued_end": 1585500105.650993}, "device": "cpu", "nd_range": {"device_start": 2167879.912899283, "device_end": 2167879.918155089}, "cmdq": 0, "read": {"device_start": -1, "device_end": -1}}, "empty62": {"write": {"device_start": -1, "host_queued_start": 1585500105.606193, "device_queued": -1, "device_end": -1, "host_queued_end": 1585500105.650993}, "device": "cpu", "nd_range": {"device_start": 2167879.840696087, "device_end": 2167879.8406966333}, "cmdq": 0, "read": {"device_start": -1, "device_end": -1}}, "FFC_sans_bias70": {"write": {"device_start": -1, "host_queued_start": 1585500105.650948, "device_queued": -1, "device_end": -1, "host_queued_end": 1585500105.650993}, "device": "cpu", "nd_range": {"device_start": 2167880.0905387523, "device_end": 2167880.095784684}, "cmdq": 0, "read": {"device_start": -1, "device_end": -1}}, "FFC_sans_bias58": {"write": {"device_start": -1, "host_queued_start": 1585500105.637505, "device_queued": -1, "device_end": -1, "host_queued_end": 1585500105.650993}, "device": "cpu", "nd_range": {"device_start": 2167880.004576039, "device_end": 2167880.009146539}, "cmdq": 0, "read": {"device_start": -1, "device_end": -1}}, "softmax41": {"write": {"device_start": -1, "host_queued_start": 1585500105.639239, "device_queued": -1, "device_end": -1, "host_queued_end": 1585500105.650993}, "device": "cpu", "nd_range": {"device_start": 2167880.015257662, "device_end": 2167880.015326986}, "cmdq": 0, "read": {"device_start": -1, "device_end": -1}}, "FFC_sans_bias11": {"write": {"device_start": -1, "host_queued_start": 1585500105.613451, "device_queued": -1, "device_end": -1, "host_queued_end": 1585500105.650993}, "device": "cpu", "nd_range": {"device_start": 2167879.868804722, "device_end": 2167879.874878229}, "cmdq": 0, "read": {"device_start": -1, "device_end": -1}}, "FFC_sans_bias10": {"write": {"device_start": -1, "host_queued_start": 1585500105.6124, "device_queued": -1, "device_end": -1, "host_queued_end": 1585500105.650993}, "device": "cpu", "nd_range": {"device_start": 2167879.8627296803, "device_end": 2167879.868800721}, "cmdq": 0, "read": {"device_start": -1, "device_end": -1}}, "coalesced_transpose3": {"write": {"device_start": -1, "host_queued_start": 1585500105.632742, "device_queued": -1, "device_end": -1, "host_queued_end": 1585500105.650993}, "device": "cpu", "nd_range": {"device_start": 2167879.9710102063, "device_end": 2167879.971171076}, "cmdq": 0, "read": {"device_start": -1, "device_end": -1}}, "FFC_sans_bias34": {"write": {"device_start": -1, "host_queued_start": 1585500105.646978, "device_queued": -1, "device_end": -1, "host_queued_end": 1585500105.650993}, "device": "cpu", "nd_range": {"device_start": 2167880.069513924, "device_end": 2167880.074755399}, "cmdq": 0, "read": {"device_start": -1, "device_end": -1}}, "FFC_sans_bias15": {"write": {"device_start": -1, "host_queued_start": 1585500105.640742, "device_queued": -1, "device_end": -1, "host_queued_end": 1585500105.650993}, "device": "cpu", "nd_range": {"device_start": 2167880.019855833, "device_end": 2167880.024843725}, "cmdq": 0, "read": {"device_start": -1, "device_end": -1}}, "FFC_sans_bias31": {"write": {"device_start": -1, "host_queued_start": 1585500105.636433, "device_queued": -1, "device_end": -1, "host_queued_end": 1585500105.650993}, "device": "cpu", "nd_range": {"device_start": 2167879.988684431, "device_end": 2167879.9939599363}, "cmdq": 0, "read": {"device_start": -1, "device_end": -1}}, "FFC_sans_bias16": {"write": {"device_start": -1, "host_queued_start": 1585500105.645001, "device_queued": -1, "device_end": -1, "host_queued_end": 1585500105.650993}, "device": "cpu", "nd_range": {"device_start": 2167880.059025662, "device_end": 2167880.064243906}, "cmdq": 0, "read": {"device_start": -1, "device_end": -1}}, "FFC_sans_bias19": {"write": {"device_start": -1, "host_queued_start": 1585500105.615549, "device_queued": -1, "device_end": -1, "host_queued_end": 1585500105.650993}, "device": "cpu", "nd_range": {"device_start": 2167879.881060066, "device_end": 2167879.886314808}, "cmdq": 0, "read": {"device_start": -1, "device_end": -1}}, "FFC_sans_bias18": {"write": {"device_start": -1, "host_queued_start": 1585500105.614491, "device_queued": -1, "device_end": -1, "host_queued_end": 1585500105.650993}, "device": "cpu", "nd_range": {"device_start": 2167879.874883118, "device_end": 2167879.880926005}, "cmdq": 0, "read": {"device_start": -1, "device_end": -1}}, "coalesced_transpose30": {"write": {"device_start": -1, "host_queued_start": 1585500105.633739, "device_queued": -1, "device_end": -1, "host_queued_end": 1585500105.650993}, "device": "cpu", "nd_range": {"device_start": 2167879.9717645813, "device_end": 2167879.9718870963}, "cmdq": 0, "read": {"device_start": -1, "device_end": -1}}, "FFC_sans_bias69": {"write": {"device_start": -1, "host_queued_start": 1585500105.642937, "device_queued": -1, "device_end": -1, "host_queued_end": 1585500105.650993}, "device": "cpu", "nd_range": {"device_start": 2167880.048423142, "device_end": 2167880.053676483}, "cmdq": 0, "read": {"device_start": -1, "device_end": -1}}, "FFC_sans_bias38": {"write": {"device_start": -1, "host_queued_start": 1585500105.622964, "device_queued": -1, "device_end": -1, "host_queued_end": 1585500105.650993}, "device": "cpu", "nd_range": {"device_start": 2167879.918162852, "device_end": 2167879.9234582623}, "cmdq": 0, "read": {"device_start": -1, "device_end": -1}}, "coalesced_transpose57": {"write": {"device_start": -1, "host_queued_start": 1585500105.634732, "device_queued": -1, "device_end": -1, "host_queued_end": 1585500105.650993}, "device": "cpu", "nd_range": {"device_start": 2167879.9724310623, "device_end": 2167879.972527491}, "cmdq": 0, "read": {"device_start": -1, "device_end": -1}}, "empty26": {"write": {"device_start": -1, "host_queued_start": 1585500105.602972, "device_queued": -1, "device_end": -1, "host_queued_end": 1585500105.650993}, "device": "cpu", "nd_range": {"device_start": 2167879.8406780423, "device_end": 2167879.8406786113}, "cmdq": 0, "read": {"device_start": -1, "device_end": -1}}, "coalesced_transpose12": {"write": {"device_start": -1, "host_queued_start": 1585500105.633074, "device_queued": -1, "device_end": -1, "host_queued_end": 1585500105.650993}, "device": "cpu", "nd_range": {"device_start": 2167879.9712920333, "device_end": 2167879.971412022}, "cmdq": 0, "read": {"device_start": -1, "device_end": -1}}, "empty44": {"write": {"device_start": -1, "host_queued_start": 1585500105.604581, "device_queued": -1, "device_end": -1, "host_queued_end": 1585500105.650993}, "device": "cpu", "nd_range": {"device_start": 2167879.840687842, "device_end": 2167879.840688502}, "cmdq": 0, "read": {"device_start": -1, "device_end": -1}}, "coalesced_transpose21": {"write": {"device_start": -1, "host_queued_start": 1585500105.633409, "device_queued": -1, "device_end": -1, "host_queued_end": 1585500105.650993}, "device": "cpu", "nd_range": {"device_start": 2167879.971529588, "device_end": 2167879.9716493743}, "cmdq": 0, "read": {"device_start": -1, "device_end": -1}}, "FFC_sans_bias36": {"write": {"device_start": -1, "host_queued_start": 1585500105.620821, "device_queued": -1, "device_end": -1, "host_queued_end": 1585500105.650993}, "device": "cpu", "nd_range": {"device_start": 2167879.907527062, "device_end": 2167879.912779419}, "cmdq": 0, "read": {"device_start": -1, "device_end": -1}}, "softmax14": {"write": {"device_start": -1, "host_queued_start": 1585500105.638406, "device_queued": -1, "device_end": -1, "host_queued_end": 1585500105.650993}, "device": "cpu", "nd_range": {"device_start": 2167880.014671939, "device_end": 2167880.0147673083}, "cmdq": 0, "read": {"device_start": -1, "device_end": -1}}, "FFC_sans_bias13": {"write": {"device_start": -1, "host_queued_start": 1585500105.635748, "device_queued": -1, "device_end": -1, "host_queued_end": 1585500105.650993}, "device": "cpu", "nd_range": {"device_start": 2167879.978052346, "device_end": 2167879.9833268314}, "cmdq": 0, "read": {"device_start": -1, "device_end": -1}}, "empty8": {"write": {"device_start": -1, "host_queued_start": 1585500105.601013, "device_queued": -1, "device_end": -1, "host_queued_end": 1585500105.650993}, "device": "cpu", "nd_range": {"device_start": 2167879.8406401672, "device_end": 2167879.840652218}, "cmdq": 0, "read": {"device_start": -1, "device_end": -1}}, "FFC_sans_bias42": {"write": {"device_start": -1, "host_queued_start": 1585500105.641864, "device_queued": -1, "device_end": -1, "host_queued_end": 1585500105.650993}, "device": "cpu", "nd_range": {"device_start": 2167880.034142619, "device_end": 2167880.038244298}, "cmdq": 0, "read": {"device_start": -1, "device_end": -1}}, "FFC_sans_bias43": {"write": {"device_start": -1, "host_queued_start": 1585500105.647969, "device_queued": -1, "device_end": -1, "host_queued_end": 1585500105.650993}, "device": "cpu", "nd_range": {"device_start": 2167880.074758584, "device_end": 2167880.079980549}, "cmdq": 0, "read": {"device_start": -1, "device_end": -1}}, "FFC_sans_bias40": {"write": {"device_start": -1, "host_queued_start": 1585500105.636773, "device_queued": -1, "device_end": -1, "host_queued_end": 1585500105.650993}, "device": "cpu", "nd_range": {"device_start": 2167879.994068305, "device_end": 2167879.9993039872}, "cmdq": 0, "read": {"device_start": -1, "device_end": -1}}, "softmax32": {"write": {"device_start": -1, "host_queued_start": 1585500105.638963, "device_queued": -1, "device_end": -1, "host_queued_end": 1585500105.650993}, "device": "cpu", "nd_range": {"device_start": 2167880.015074981, "device_end": 2167880.0151551403}, "cmdq": 0, "read": {"device_start": -1, "device_end": -1}}, "FFC_sans_bias47": {"write": {"device_start": -1, "host_queued_start": 1585500105.626093, "device_queued": -1, "device_end": -1, "host_queued_end": 1585500105.650993}, "device": "cpu", "nd_range": {"device_start": 2167879.934078588, "device_end": 2167879.9393350603}, "cmdq": 0, "read": {"device_start": -1, "device_end": -1}}, "FFC_sans_bias45": {"write": {"device_start": -1, "host_queued_start": 1585500105.624009, "device_queued": -1, "device_end": -1, "host_queued_end": 1585500105.650993}, "device": "cpu", "nd_range": {"device_start": 2167879.9235710273, "device_end": 2167879.9288336462}, "cmdq": 0, "read": {"device_start": -1, "device_end": -1}}, "softmax50": {"write": {"device_start": -1, "host_queued_start": 1585500105.639511, "device_queued": -1, "device_end": -1, "host_queued_end": 1585500105.650993}, "device": "cpu", "nd_range": {"device_start": 2167880.01542941, "device_end": 2167880.015500756}, "cmdq": 0, "read": {"device_start": -1, "device_end": -1}}, "FFC_sans_bias33": {"write": {"device_start": -1, "host_queued_start": 1585500105.641473, "device_queued": -1, "device_end": -1, "host_queued_end": 1585500105.650993}, "device": "cpu", "nd_range": {"device_start": 2167880.028880618, "device_end": 2167880.034137003}, "cmdq": 0, "read": {"device_start": -1, "device_end": -1}}, "FFC_sans_bias63": {"write": {"device_start": -1, "host_queued_start": 1585500105.632404, "device_queued": -1, "device_end": -1, "host_queued_end": 1585500105.650993}, "device": "cpu", "nd_range": {"device_start": 2167879.9657751513, "device_end": 2167879.971005279}, "cmdq": 0, "read": {"device_start": -1, "device_end": -1}}, "FFC_sans_bias49": {"write": {"device_start": -1, "host_queued_start": 1585500105.637112, "device_queued": -1, "device_end": -1, "host_queued_end": 1585500105.650993}, "device": "cpu", "nd_range": {"device_start": 2167879.999309659, "device_end": 2167880.004570764}, "cmdq": 0, "read": {"device_start": -1, "device_end": -1}}, "FFC_sans_bias64": {"write": {"device_start": -1, "host_queued_start": 1585500105.630305, "device_queued": -1, "device_end": -1, "host_queued_end": 1585500105.650993}, "device": "cpu", "nd_range": {"device_start": 2167879.955288384, "device_end": 2167879.9605150153}, "cmdq": 0, "read": {"device_start": -1, "device_end": -1}}, "FFC_sans_bias65": {"write": {"device_start": -1, "host_queued_start": 1585500105.631363, "device_queued": -1, "device_end": -1, "host_queued_end": 1585500105.650993}, "device": "cpu", "nd_range": {"device_start": 2167879.9605202293, "device_end": 2167879.96577005}, "cmdq": 0, "read": {"device_start": -1, "device_end": -1}}, "FFC_sans_bias67": {"write": {"device_start": -1, "host_queued_start": 1585500105.637853, "device_queued": -1, "device_end": -1, "host_queued_end": 1585500105.650993}, "device": "cpu", "nd_range": {"device_start": 2167880.0091514993, "device_end": 2167880.014379805}, "cmdq": 0, "read": {"device_start": -1, "device_end": -1}}, "FFC_sans_bias24": {"write": {"device_start": -1, "host_queued_start": 1585500105.64111, "device_queued": -1, "device_end": -1, "host_queued_end": 1585500105.650993}, "device": "cpu", "nd_range": {"device_start": 2167880.024849412, "device_end": 2167880.028874928}, "cmdq": 0, "read": {"device_start": -1, "device_end": -1}}, "FFC_sans_bias25": {"write": {"device_start": -1, "host_queued_start": 1585500105.645987, "device_queued": -1, "device_end": -1, "host_queued_end": 1585500105.650993}, "device": "cpu", "nd_range": {"device_start": 2167880.0642469143, "device_end": 2167880.0695105763}, "cmdq": 0, "read": {"device_start": -1, "device_end": -1}}, "FFC_sans_bias27": {"write": {"device_start": -1, "host_queued_start": 1585500105.617657, "device_queued": -1, "device_end": -1, "host_queued_end": 1585500105.650993}, "device": "cpu", "nd_range": {"device_start": 2167879.891714916, "device_end": 2167879.8969918094}, "cmdq": 0, "read": {"device_start": -1, "device_end": -1}}, "FFC_sans_bias20": {"write": {"device_start": -1, "host_queued_start": 1585500105.616603, "device_queued": -1, "device_end": -1, "host_queued_end": 1585500105.650993}, "device": "cpu", "nd_range": {"device_start": 2167879.886322666, "device_end": 2167879.891586136}, "cmdq": 0, "read": {"device_start": -1, "device_end": -1}}, "FFC_sans_bias22": {"write": {"device_start": -1, "host_queued_start": 1585500105.636087, "device_queued": -1, "device_end": -1, "host_queued_end": 1585500105.650993}, "device": "cpu", "nd_range": {"device_start": 2167879.983435518, "device_end": 2167879.988678554}, "cmdq": 0, "read": {"device_start": -1, "device_end": -1}}, "softmax68": {"write": {"device_start": -1, "host_queued_start": 1585500105.640058, "device_queued": -1, "device_end": -1, "host_queued_end": 1585500105.650993}, "device": "cpu", "nd_range": {"device_start": 2167880.015773604, "device_end": 2167880.015836957}, "cmdq": 0, "read": {"device_start": -1, "device_end": -1}}, "softmax5": {"write": {"device_start": -1, "host_queued_start": 1585500105.638129, "device_queued": -1, "device_end": -1, "host_queued_end": 1585500105.650993}, "device": "cpu", "nd_range": {"device_start": 2167880.0143845533, "device_end": 2167880.014536544}, "cmdq": 0, "read": {"device_start": -1, "device_end": -1}}, "FFC_sans_bias28": {"write": {"device_start": -1, "host_queued_start": 1585500105.618732, "device_queued": -1, "device_end": -1, "host_queued_end": 1585500105.650993}, "device": "cpu", "nd_range": {"device_start": 2167879.8969974173, "device_end": 2167879.902275276}, "cmdq": 0, "read": {"device_start": -1, "device_end": -1}}, "FFC_sans_bias29": {"write": {"device_start": -1, "host_queued_start": 1585500105.619781, "device_queued": -1, "device_end": -1, "host_queued_end": 1585500105.650993}, "device": "cpu", "nd_range": {"device_start": 2167879.902280493, "device_end": 2167879.907522161}, "cmdq": 0, "read": {"device_start": -1, "device_end": -1}}, "empty17": {"write": {"device_start": -1, "host_queued_start": 1585500105.602049, "device_queued": -1, "device_end": -1, "host_queued_end": 1585500105.650993}, "device": "cpu", "nd_range": {"device_start": 2167879.8406729093, "device_end": 2167879.840673775}, "cmdq": 0, "read": {"device_start": -1, "device_end": -1}}, "softmax59": {"write": {"device_start": -1, "host_queued_start": 1585500105.639785, "device_queued": -1, "device_end": -1, "host_queued_end": 1585500105.650993}, "device": "cpu", "nd_range": {"device_start": 2167880.015605467, "device_end": 2167880.015671091}, "cmdq": 0, "read": {"device_start": -1, "device_end": -1}}, "empty71": {"write": {"device_start": -1, "host_queued_start": 1585500105.607046, "device_queued": -1, "device_end": -1, "host_queued_end": 1585500105.650993}, "device": "cpu", "nd_range": {"device_start": 2167879.840700246, "device_end": 2167879.8407007772}, "cmdq": 0, "read": {"device_start": -1, "device_end": -1}}, "empty35": {"write": {"device_start": -1, "host_queued_start": 1585500105.603779, "device_queued": -1, "device_end": -1, "host_queued_end": 1585500105.650993}, "device": "cpu", "nd_range": {"device_start": 2167879.840682168, "device_end": 2167879.840682764}, "cmdq": 0, "read": {"device_start": -1, "device_end": -1}}, "empty53": {"write": {"device_start": -1, "host_queued_start": 1585500105.605383, "device_queued": -1, "device_end": -1, "host_queued_end": 1585500105.650993}, "device": "cpu", "nd_range": {"device_start": 2167879.8406921444, "device_end": 2167879.8406926873}, "cmdq": 0, "read": {"device_start": -1, "device_end": -1}}, "FFC_sans_bias46": {"write": {"device_start": -1, "host_queued_start": 1585500105.625048, "device_queued": -1, "device_end": -1, "host_queued_end": 1585500105.650993}, "device": "cpu", "nd_range": {"device_start": 2167879.928839175, "device_end": 2167879.934073628}, "cmdq": 0, "read": {"device_start": -1, "device_end": -1}}, "coalesced_transpose66": {"write": {"device_start": -1, "host_queued_start": 1585500105.635058, "device_queued": -1, "device_end": -1, "host_queued_end": 1585500105.650993}, "device": "cpu", "nd_range": {"device_start": 2167879.9726304254, "device_end": 2167879.9727241523}, "cmdq": 0, "read": {"device_start": -1, "device_end": -1}}, "coalesced_transpose48": {"write": {"device_start": -1, "host_queued_start": 1585500105.634398, "device_queued": -1, "device_end": -1, "host_queued_end": 1585500105.650993}, "device": "cpu", "nd_range": {"device_start": 2167879.972222705, "device_end": 2167879.972325132}, "cmdq": 0, "read": {"device_start": -1, "device_end": -1}}}