{"FFC_sans_bias60": {"write": {"device_start": -1, "host_queued_start": 1585499976.604448, "device_queued": -1, "device_end": -1, "host_queued_end": 1585499976.61156}, "device": "cpu", "nd_range": {"device_start": 2167750.9568878342, "device_end": 2167750.961399962}, "cmdq": 0, "read": {"device_start": -1, "device_end": -1}}, "FFC_sans_bias4": {"write": {"device_start": -1, "host_queued_start": 1585499976.597969, "device_queued": -1, "device_end": -1, "host_queued_end": 1585499976.61156}, "device": "cpu", "nd_range": {"device_start": 2167750.89697898, "device_end": 2167750.90111198}, "cmdq": 0, "read": {"device_start": -1, "device_end": -1}}, "FFC_sans_bias7": {"write": {"device_start": -1, "host_queued_start": 1585499976.605495, "device_queued": -1, "device_end": -1, "host_queued_end": 1585499976.61156}, "device": "cpu", "nd_range": {"device_start": 2167750.9614052963, "device_end": 2167750.965948009}, "cmdq": 0, "read": {"device_start": -1, "device_end": -1}}, "FFC_sans_bias6": {"write": {"device_start": -1, "host_queued_start": 1585499976.602365, "device_queued": -1, "device_end": -1, "host_queued_end": 1585499976.61156}, "device": "cpu", "nd_range": {"device_start": 2167750.929693522, "device_end": 2167750.933988526}, "cmdq": 0, "read": {"device_start": -1, "device_end": -1}}, "FFC_sans_bias1": {"write": {"device_start": -1, "host_queued_start": 1585499976.575324, "device_queued": -1, "device_end": -1, "host_queued_end": 1585499976.61156}, "device": "cpu", "nd_range": {"device_start": 2167750.8056191714, "device_end": 2167750.8095805123}, "cmdq": 0, "read": {"device_start": -1, "device_end": -1}}, "FFC_sans_bias0": {"write": {"device_start": -1, "host_queued_start": 1585499976.574249, "device_queued": -1, "device_end": -1, "host_queued_end": 1585499976.61156}, "device": "cpu", "nd_range": {"device_start": 2167750.80122904, "device_end": 2167750.8055991833}, "cmdq": 0, "read": {"device_start": -1, "device_end": -1}}, "FFC_sans_bias2": {"write": {"device_start": -1, "host_queued_start": 1585499976.576369, "device_queued": -1, "device_end": -1, "host_queued_end": 1585499976.61156}, "device": "cpu", "nd_range": {"device_start": 2167750.809603737, "device_end": 2167750.813554426}, "cmdq": 0, "read": {"device_start": -1, "device_end": -1}}, "FFC_sans_bias61": {"write": {"device_start": -1, "host_queued_start": 1585499976.611515, "device_queued": -1, "device_end": -1, "host_queued_end": 1585499976.61156}, "device": "cpu", "nd_range": {"device_start": 2167750.9894749373, "device_end": 2167750.9937713062}, "cmdq": 0, "read": {"device_start": -1, "device_end": -1}}, "FFC_sans_bias52": {"write": {"device_start": -1, "host_queued_start": 1585499976.610474, "device_queued": -1, "device_end": -1, "host_queued_end": 1585499976.61156}, "device": "cpu", "nd_range": {"device_start": 2167750.984744857, "device_end": 2167750.989472274}, "cmdq": 0, "read": {"device_start": -1, "device_end": -1}}, "FFC_sans_bias9": {"write": {"device_start": -1, "host_queued_start": 1585499976.577406, "device_queued": -1, "device_end": -1, "host_queued_end": 1585499976.61156}, "device": "cpu", "nd_range": {"device_start": 2167750.813560068, "device_end": 2167750.818198266}, "cmdq": 0, "read": {"device_start": -1, "device_end": -1}}, "coalesced_transpose39": {"write": {"device_start": -1, "host_queued_start": 1585499976.596975, "device_queued": -1, "device_end": -1, "host_queued_end": 1585499976.61156}, "device": "cpu", "nd_range": {"device_start": 2167750.896320356, "device_end": 2167750.896443171}, "cmdq": 0, "read": {"device_start": -1, "device_end": -1}}, "FFC_sans_bias55": {"write": {"device_start": -1, "host_queued_start": 1585499976.595322, "device_queued": -1, "device_end": -1, "host_queued_end": 1585499976.61156}, "device": "cpu", "nd_range": {"device_start": 2167750.890723132, "device_end": 2167750.895302787}, "cmdq": 0, "read": {"device_start": -1, "device_end": -1}}, "FFC_sans_bias54": {"write": {"device_start": -1, "host_queued_start": 1585499976.594278, "device_queued": -1, "device_end": -1, "host_queued_end": 1585499976.61156}, "device": "cpu", "nd_range": {"device_start": 2167750.886292476, "device_end": 2167750.8907175013}, "cmdq": 0, "read": {"device_start": -1, "device_end": -1}}, "FFC_sans_bias56": {"write": {"device_start": -1, "host_queued_start": 1585499976.593207, "device_queued": -1, "device_end": -1, "host_queued_end": 1585499976.61156}, "device": "cpu", "nd_range": {"device_start": 2167750.8814979703, "device_end": 2167750.8862875793}, "cmdq": 0, "read": {"device_start": -1, "device_end": -1}}, "FFC_sans_bias51": {"write": {"device_start": -1, "host_queued_start": 1585499976.604106, "device_queued": -1, "device_end": -1, "host_queued_end": 1585499976.61156}, "device": "cpu", "nd_range": {"device_start": 2167750.952362008, "device_end": 2167750.956882577}, "cmdq": 0, "read": {"device_start": -1, "device_end": -1}}, "softmax23": {"write": {"device_start": -1, "host_queued_start": 1585499976.600897, "device_queued": -1, "device_end": -1, "host_queued_end": 1585499976.61156}, "device": "cpu", "nd_range": {"device_start": 2167750.9291103063, "device_end": 2167750.92922929}, "cmdq": 0, "read": {"device_start": -1, "device_end": -1}}, "FFC_sans_bias37": {"write": {"device_start": -1, "host_queued_start": 1585499976.587925, "device_queued": -1, "device_end": -1, "host_queued_end": 1585499976.61156}, "device": "cpu", "nd_range": {"device_start": 2167750.858700217, "device_end": 2167750.8632571953}, "cmdq": 0, "read": {"device_start": -1, "device_end": -1}}, "empty62": {"write": {"device_start": -1, "host_queued_start": 1585499976.573307, "device_queued": -1, "device_end": -1, "host_queued_end": 1585499976.61156}, "device": "cpu", "nd_range": {"device_start": 2167750.8012223733, "device_end": 2167750.8012228683}, "cmdq": 0, "read": {"device_start": -1, "device_end": -1}}, "FFC_sans_bias70": {"write": {"device_start": 1585499913.6571586, "host_queued_start": 1585499976.56646, "device_queued": 1585499913.6538668, "device_end": 1585499913.6571872, "host_queued_end": 1585499976.566566}, "device": "gpu", "nd_range": {"device_start": 1585499913.6571903, "device_end": 1585499913.6577866}, "cmdq": 0, "read": {"device_start": 1585499913.6577945, "device_end": 1585499913.6578176}}, "FFC_sans_bias58": {"write": {"device_start": -1, "host_queued_start": 1585499976.600071, "device_queued": -1, "device_end": -1, "host_queued_end": 1585499976.61156}, "device": "cpu", "nd_range": {"device_start": 2167750.9242160344, "device_end": 2167750.928745315}, "cmdq": 0, "read": {"device_start": -1, "device_end": -1}}, "softmax41": {"write": {"device_start": -1, "host_queued_start": 1585499976.601442, "device_queued": -1, "device_end": -1, "host_queued_end": 1585499976.61156}, "device": "cpu", "nd_range": {"device_start": 2167750.929348255, "device_end": 2167750.929458905}, "cmdq": 0, "read": {"device_start": -1, "device_end": -1}}, "FFC_sans_bias11": {"write": {"device_start": -1, "host_queued_start": 1585499976.579516, "device_queued": -1, "device_end": -1, "host_queued_end": 1585499976.61156}, "device": "cpu", "nd_range": {"device_start": 2167750.8223156943, "device_end": 2167750.827108154}, "cmdq": 0, "read": {"device_start": -1, "device_end": -1}}, "FFC_sans_bias10": {"write": {"device_start": -1, "host_queued_start": 1585499976.578447, "device_queued": -1, "device_end": -1, "host_queued_end": 1585499976.61156}, "device": "cpu", "nd_range": {"device_start": 2167750.8182031503, "device_end": 2167750.8223109613}, "cmdq": 0, "read": {"device_start": -1, "device_end": -1}}, "coalesced_transpose3": {"write": {"device_start": -1, "host_queued_start": 1585499976.59566, "device_queued": -1, "device_end": -1, "host_queued_end": 1585499976.61156}, "device": "cpu", "nd_range": {"device_start": 2167750.895307547, "device_end": 2167750.895470844}, "cmdq": 0, "read": {"device_start": -1, "device_end": -1}}, "FFC_sans_bias34": {"write": {"device_start": -1, "host_queued_start": 1585499976.608481, "device_queued": -1, "device_end": -1, "host_queued_end": 1585499976.61156}, "device": "cpu", "nd_range": {"device_start": 2167750.9749605553, "device_end": 2167750.980195396}, "cmdq": 0, "read": {"device_start": -1, "device_end": -1}}, "FFC_sans_bias15": {"write": {"device_start": -1, "host_queued_start": 1585499976.602729, "device_queued": -1, "device_end": -1, "host_queued_end": 1585499976.61156}, "device": "cpu", "nd_range": {"device_start": 2167750.9339941842, "device_end": 2167750.938672833}, "cmdq": 0, "read": {"device_start": -1, "device_end": -1}}, "FFC_sans_bias31": {"write": {"device_start": -1, "host_queued_start": 1585499976.59905, "device_queued": -1, "device_end": -1, "host_queued_end": 1585499976.61156}, "device": "cpu", "nd_range": {"device_start": 2167750.910062782, "device_end": 2167750.914704971}, "cmdq": 0, "read": {"device_start": -1, "device_end": -1}}, "FFC_sans_bias16": {"write": {"device_start": -1, "host_queued_start": 1585499976.606486, "device_queued": -1, "device_end": -1, "host_queued_end": 1585499976.61156}, "device": "cpu", "nd_range": {"device_start": 2167750.9659512113, "device_end": 2167750.9704006664}, "cmdq": 0, "read": {"device_start": -1, "device_end": -1}}, "FFC_sans_bias19": {"write": {"device_start": -1, "host_queued_start": 1585499976.581593, "device_queued": -1, "device_end": -1, "host_queued_end": 1585499976.61156}, "device": "cpu", "nd_range": {"device_start": 2167750.831317997, "device_end": 2167750.836065755}, "cmdq": 0, "read": {"device_start": -1, "device_end": -1}}, "FFC_sans_bias18": {"write": {"device_start": -1, "host_queued_start": 1585499976.580555, "device_queued": -1, "device_end": -1, "host_queued_end": 1585499976.61156}, "device": "cpu", "nd_range": {"device_start": 2167750.8271134254, "device_end": 2167750.831312843}, "cmdq": 0, "read": {"device_start": -1, "device_end": -1}}, "coalesced_transpose30": {"write": {"device_start": -1, "host_queued_start": 1585499976.596646, "device_queued": -1, "device_end": -1, "host_queued_end": 1585499976.61156}, "device": "cpu", "nd_range": {"device_start": 2167750.8960789084, "device_end": 2167750.8961986993}, "cmdq": 0, "read": {"device_start": -1, "device_end": -1}}, "FFC_sans_bias69": {"write": {"device_start": -1, "host_queued_start": 1585499976.565454, "device_queued": -1, "device_end": -1, "host_queued_end": 1585499976.566566}, "device": "gpu", "nd_range": {"device_start": 1585499913.6565418, "device_end": 1585499913.6570506}, "cmdq": 0, "read": {"device_start": -1, "device_end": -1}}, "FFC_sans_bias38": {"write": {"device_start": -1, "host_queued_start": 1585499976.588974, "device_queued": -1, "device_end": -1, "host_queued_end": 1585499976.61156}, "device": "cpu", "nd_range": {"device_start": 2167750.8632620294, "device_end": 2167750.8678233293}, "cmdq": 0, "read": {"device_start": -1, "device_end": -1}}, "coalesced_transpose57": {"write": {"device_start": -1, "host_queued_start": 1585499976.597632, "device_queued": -1, "device_end": -1, "host_queued_end": 1585499976.61156}, "device": "cpu", "nd_range": {"device_start": 2167750.896782325, "device_end": 2167750.89687521}, "cmdq": 0, "read": {"device_start": -1, "device_end": -1}}, "empty26": {"write": {"device_start": -1, "host_queued_start": 1585499976.569947, "device_queued": -1, "device_end": -1, "host_queued_end": 1585499976.61156}, "device": "cpu", "nd_range": {"device_start": 2167750.8012045133, "device_end": 2167750.801205085}, "cmdq": 0, "read": {"device_start": -1, "device_end": -1}}, "coalesced_transpose12": {"write": {"device_start": -1, "host_queued_start": 1585499976.595988, "device_queued": -1, "device_end": -1, "host_queued_end": 1585499976.61156}, "device": "cpu", "nd_range": {"device_start": 2167750.895612188, "device_end": 2167750.895735981}, "cmdq": 0, "read": {"device_start": -1, "device_end": -1}}, "empty44": {"write": {"device_start": -1, "host_queued_start": 1585499976.571683, "device_queued": -1, "device_end": -1, "host_queued_end": 1585499976.61156}, "device": "cpu", "nd_range": {"device_start": 2167750.801213689, "device_end": 2167750.801214151}, "cmdq": 0, "read": {"device_start": -1, "device_end": -1}}, "coalesced_transpose21": {"write": {"device_start": -1, "host_queued_start": 1585499976.596319, "device_queued": -1, "device_end": -1, "host_queued_end": 1585499976.61156}, "device": "cpu", "nd_range": {"device_start": 2167750.895850141, "device_end": 2167750.895950038}, "cmdq": 0, "read": {"device_start": -1, "device_end": -1}}, "FFC_sans_bias36": {"write": {"device_start": -1, "host_queued_start": 1585499976.586885, "device_queued": -1, "device_end": -1, "host_queued_end": 1585499976.61156}, "device": "cpu", "nd_range": {"device_start": 2167750.8541338663, "device_end": 2167750.8586951722}, "cmdq": 0, "read": {"device_start": -1, "device_end": -1}}, "softmax14": {"write": {"device_start": -1, "host_queued_start": 1585499976.600624, "device_queued": -1, "device_end": -1, "host_queued_end": 1585499976.61156}, "device": "cpu", "nd_range": {"device_start": 2167750.92901362, "device_end": 2167750.9291044073}, "cmdq": 0, "read": {"device_start": -1, "device_end": -1}}, "FFC_sans_bias13": {"write": {"device_start": -1, "host_queued_start": 1585499976.59831, "device_queued": -1, "device_end": -1, "host_queued_end": 1585499976.61156}, "device": "cpu", "nd_range": {"device_start": 2167750.901118235, "device_end": 2167750.905870711}, "cmdq": 0, "read": {"device_start": -1, "device_end": -1}}, "empty8": {"write": {"device_start": -1, "host_queued_start": 1585499976.567932, "device_queued": -1, "device_end": -1, "host_queued_end": 1585499976.61156}, "device": "cpu", "nd_range": {"device_start": 2167750.8011664352, "device_end": 2167750.801179092}, "cmdq": 0, "read": {"device_start": -1, "device_end": -1}}, "FFC_sans_bias42": {"write": {"device_start": -1, "host_queued_start": 1585499976.603769, "device_queued": -1, "device_end": -1, "host_queued_end": 1585499976.61156}, "device": "cpu", "nd_range": {"device_start": 2167750.947829476, "device_end": 2167750.9523564093}, "cmdq": 0, "read": {"device_start": -1, "device_end": -1}}, "FFC_sans_bias43": {"write": {"device_start": -1, "host_queued_start": 1585499976.609468, "device_queued": -1, "device_end": -1, "host_queued_end": 1585499976.61156}, "device": "cpu", "nd_range": {"device_start": 2167750.98019819, "device_end": 2167750.984742194}, "cmdq": 0, "read": {"device_start": -1, "device_end": -1}}, "FFC_sans_bias40": {"write": {"device_start": -1, "host_queued_start": 1585499976.599393, "device_queued": -1, "device_end": -1, "host_queued_end": 1585499976.61156}, "device": "cpu", "nd_range": {"device_start": 2167750.914710509, "device_end": 2167750.9193884563}, "cmdq": 0, "read": {"device_start": -1, "device_end": -1}}, "softmax32": {"write": {"device_start": -1, "host_queued_start": 1585499976.601169, "device_queued": -1, "device_end": -1, "host_queued_end": 1585499976.61156}, "device": "cpu", "nd_range": {"device_start": 2167750.929234588, "device_end": 2167750.9293430583}, "cmdq": 0, "read": {"device_start": -1, "device_end": -1}}, "FFC_sans_bias47": {"write": {"device_start": -1, "host_queued_start": 1585499976.592169, "device_queued": -1, "device_end": -1, "host_queued_end": 1585499976.61156}, "device": "cpu", "nd_range": {"device_start": 2167750.8768097213, "device_end": 2167750.8814923773}, "cmdq": 0, "read": {"device_start": -1, "device_end": -1}}, "FFC_sans_bias45": {"write": {"device_start": -1, "host_queued_start": 1585499976.590035, "device_queued": -1, "device_end": -1, "host_queued_end": 1585499976.61156}, "device": "cpu", "nd_range": {"device_start": 2167750.867828187, "device_end": 2167750.8722135723}, "cmdq": 0, "read": {"device_start": -1, "device_end": -1}}, "softmax50": {"write": {"device_start": -1, "host_queued_start": 1585499976.601731, "device_queued": -1, "device_end": -1, "host_queued_end": 1585499976.61156}, "device": "cpu", "nd_range": {"device_start": 2167750.929464164, "device_end": 2167750.929575304}, "cmdq": 0, "read": {"device_start": -1, "device_end": -1}}, "FFC_sans_bias33": {"write": {"device_start": -1, "host_queued_start": 1585499976.60343, "device_queued": -1, "device_end": -1, "host_queued_end": 1585499976.61156}, "device": "cpu", "nd_range": {"device_start": 2167750.943239239, "device_end": 2167750.947824684}, "cmdq": 0, "read": {"device_start": -1, "device_end": -1}}, "FFC_sans_bias63": {"write": {"device_start": 1585499913.6551013, "host_queued_start": 1585499976.564264, "device_queued": 1585499913.6536856, "device_end": 1585499913.6551309, "host_queued_end": 1585499976.566566}, "device": "gpu", "nd_range": {"device_start": 1585499913.6551354, "device_end": 1585499913.6557326}, "cmdq": 0, "read": {"device_start": -1, "device_end": -1}}, "FFC_sans_bias49": {"write": {"device_start": -1, "host_queued_start": 1585499976.599731, "device_queued": -1, "device_end": -1, "host_queued_end": 1585499976.61156}, "device": "cpu", "nd_range": {"device_start": 2167750.919394587, "device_end": 2167750.9242104283}, "cmdq": 0, "read": {"device_start": -1, "device_end": -1}}, "FFC_sans_bias64": {"write": {"device_start": 1585499913.6536145, "host_queued_start": 1585499976.562148, "device_queued": 1585499913.6534178, "device_end": 1585499913.6536434, "host_queued_end": 1585499976.566566}, "device": "gpu", "nd_range": {"device_start": 1585499913.6536465, "device_end": 1585499913.654236}, "cmdq": 0, "read": {"device_start": -1, "device_end": -1}}, "FFC_sans_bias65": {"write": {"device_start": 1585499913.654358, "host_queued_start": 1585499976.563232, "device_queued": 1585499913.6534688, "device_end": 1585499913.6543868, "host_queued_end": 1585499976.566566}, "device": "gpu", "nd_range": {"device_start": 1585499913.6543968, "device_end": 1585499913.654998}, "cmdq": 0, "read": {"device_start": -1, "device_end": -1}}, "FFC_sans_bias67": {"write": {"device_start": -1, "host_queued_start": 1585499976.5649, "device_queued": -1, "device_end": -1, "host_queued_end": 1585499976.566566}, "device": "gpu", "nd_range": {"device_start": 1585499913.6557426, "device_end": 1585499913.6563396}, "cmdq": 0, "read": {"device_start": -1, "device_end": -1}}, "FFC_sans_bias24": {"write": {"device_start": -1, "host_queued_start": 1585499976.603073, "device_queued": -1, "device_end": -1, "host_queued_end": 1585499976.61156}, "device": "cpu", "nd_range": {"device_start": 2167750.938678115, "device_end": 2167750.9432341163}, "cmdq": 0, "read": {"device_start": -1, "device_end": -1}}, "FFC_sans_bias25": {"write": {"device_start": -1, "host_queued_start": 1585499976.607491, "device_queued": -1, "device_end": -1, "host_queued_end": 1585499976.61156}, "device": "cpu", "nd_range": {"device_start": 2167750.970403414, "device_end": 2167750.974957942}, "cmdq": 0, "read": {"device_start": -1, "device_end": -1}}, "FFC_sans_bias27": {"write": {"device_start": -1, "host_queued_start": 1585499976.583713, "device_queued": -1, "device_end": -1, "host_queued_end": 1585499976.61156}, "device": "cpu", "nd_range": {"device_start": 2167750.8406289043, "device_end": 2167750.845251704}, "cmdq": 0, "read": {"device_start": -1, "device_end": -1}}, "FFC_sans_bias20": {"write": {"device_start": -1, "host_queued_start": 1585499976.582666, "device_queued": -1, "device_end": -1, "host_queued_end": 1585499976.61156}, "device": "cpu", "nd_range": {"device_start": 2167750.836071554, "device_end": 2167750.8406233573}, "cmdq": 0, "read": {"device_start": -1, "device_end": -1}}, "FFC_sans_bias22": {"write": {"device_start": -1, "host_queued_start": 1585499976.598652, "device_queued": -1, "device_end": -1, "host_queued_end": 1585499976.61156}, "device": "cpu", "nd_range": {"device_start": 2167750.905876032, "device_end": 2167750.910057322}, "cmdq": 0, "read": {"device_start": -1, "device_end": -1}}, "softmax68": {"write": {"device_start": -1, "host_queued_start": 1585499976.565147, "device_queued": -1, "device_end": -1, "host_queued_end": 1585499976.566566}, "device": "gpu", "nd_range": {"device_start": 1585499913.6563406, "device_end": 1585499913.6565409}, "cmdq": 0, "read": {"device_start": -1, "device_end": -1}}, "softmax5": {"write": {"device_start": -1, "host_queued_start": 1585499976.60035, "device_queued": -1, "device_end": -1, "host_queued_end": 1585499976.61156}, "device": "cpu", "nd_range": {"device_start": 2167750.928750377, "device_end": 2167750.928889558}, "cmdq": 0, "read": {"device_start": -1, "device_end": -1}}, "FFC_sans_bias28": {"write": {"device_start": -1, "host_queued_start": 1585499976.584759, "device_queued": -1, "device_end": -1, "host_queued_end": 1585499976.61156}, "device": "cpu", "nd_range": {"device_start": 2167750.8452570243, "device_end": 2167750.8495374913}, "cmdq": 0, "read": {"device_start": -1, "device_end": -1}}, "FFC_sans_bias29": {"write": {"device_start": -1, "host_queued_start": 1585499976.585819, "device_queued": -1, "device_end": -1, "host_queued_end": 1585499976.61156}, "device": "cpu", "nd_range": {"device_start": 2167750.849542601, "device_end": 2167750.854127649}, "cmdq": 0, "read": {"device_start": -1, "device_end": -1}}, "empty17": {"write": {"device_start": -1, "host_queued_start": 1585499976.569134, "device_queued": -1, "device_end": -1, "host_queued_end": 1585499976.61156}, "device": "cpu", "nd_range": {"device_start": 2167750.801198328, "device_end": 2167750.801199606}, "cmdq": 0, "read": {"device_start": -1, "device_end": -1}}, "softmax59": {"write": {"device_start": -1, "host_queued_start": 1585499976.602011, "device_queued": -1, "device_end": -1, "host_queued_end": 1585499976.61156}, "device": "cpu", "nd_range": {"device_start": 2167750.929580606, "device_end": 2167750.929688267}, "cmdq": 0, "read": {"device_start": -1, "device_end": -1}}, "empty71": {"write": {"device_start": 1585499913.6534483, "host_queued_start": 1585499976.560951, "device_queued": 1585499913.65331, "device_end": 1585499913.6534746, "host_queued_end": 1585499976.566566}, "device": "gpu", "nd_range": {"device_start": 1585499913.6534793, "device_end": 1585499913.6534836}, "cmdq": 0, "read": {"device_start": -1, "device_end": -1}}, "empty35": {"write": {"device_start": -1, "host_queued_start": 1585499976.570803, "device_queued": -1, "device_end": -1, "host_queued_end": 1585499976.61156}, "device": "cpu", "nd_range": {"device_start": 2167750.801208883, "device_end": 2167750.801209434}, "cmdq": 0, "read": {"device_start": -1, "device_end": -1}}, "empty53": {"write": {"device_start": -1, "host_queued_start": 1585499976.572503, "device_queued": -1, "device_end": -1, "host_queued_end": 1585499976.61156}, "device": "cpu", "nd_range": {"device_start": 2167750.8012181683, "device_end": 2167750.801218649}, "cmdq": 0, "read": {"device_start": -1, "device_end": -1}}, "FFC_sans_bias46": {"write": {"device_start": -1, "host_queued_start": 1585499976.591125, "device_queued": -1, "device_end": -1, "host_queued_end": 1585499976.61156}, "device": "cpu", "nd_range": {"device_start": 2167750.8722183383, "device_end": 2167750.876804557}, "cmdq": 0, "read": {"device_start": -1, "device_end": -1}}, "coalesced_transpose66": {"write": {"device_start": -1, "host_queued_start": 1585499976.564581, "device_queued": -1, "device_end": -1, "host_queued_end": 1585499976.566566}, "device": "gpu", "nd_range": {"device_start": 1585499913.6557338, "device_end": 1585499913.6557412}, "cmdq": 0, "read": {"device_start": -1, "device_end": -1}}, "coalesced_transpose48": {"write": {"device_start": -1, "host_queued_start": 1585499976.597305, "device_queued": -1, "device_end": -1, "host_queued_end": 1585499976.61156}, "device": "cpu", "nd_range": {"device_start": 2167750.896556715, "device_end": 2167750.896676246}, "cmdq": 0, "read": {"device_start": -1, "device_end": -1}}}