{"FFC_sans_bias60": {"write": {"device_start": -1, "host_queued_start": 1585500470.04932, "device_queued": -1, "device_end": -1, "host_queued_end": 1585500470.055135}, "device": "gpu", "nd_range": {"device_start": 1585500407.1391551, "device_end": 1585500407.1408825}, "cmdq": 3, "read": {"device_start": -1, "device_end": -1}}, "FFC_sans_bias4": {"write": {"device_start": -1, "host_queued_start": 1585500470.070833, "device_queued": -1, "device_end": -1, "host_queued_end": 1585500470.076646}, "device": "cpu", "nd_range": {"device_start": 2168244.3071714863, "device_end": 2168244.311265345}, "cmdq": 0, "read": {"device_start": -1, "device_end": -1}}, "FFC_sans_bias7": {"write": {"device_start": -1, "host_queued_start": 1585500470.074614, "device_queued": -1, "device_end": -1, "host_queued_end": 1585500470.076646}, "device": "cpu", "nd_range": {"device_start": 2168244.334727752, "device_end": 2168244.339247742}, "cmdq": 0, "read": {"device_start": -1, "device_end": -1}}, "FFC_sans_bias6": {"write": {"device_start": -1, "host_queued_start": 1585500470.072786, "device_queued": -1, "device_end": -1, "host_queued_end": 1585500470.076646}, "device": "cpu", "nd_range": {"device_start": 2168244.320919761, "device_end": 2168244.325713292}, "cmdq": 0, "read": {"device_start": -1, "device_end": -1}}, "FFC_sans_bias1": {"write": {"device_start": -1, "host_queued_start": 1585500470.061358, "device_queued": -1, "device_end": -1, "host_queued_end": 1585500470.076646}, "device": "cpu", "nd_range": {"device_start": 2168244.2704653763, "device_end": 2168244.274410616}, "cmdq": 0, "read": {"device_start": -1, "device_end": -1}}, "FFC_sans_bias0": {"write": {"device_start": -1, "host_queued_start": 1585500470.060212, "device_queued": -1, "device_end": -1, "host_queued_end": 1585500470.076646}, "device": "cpu", "nd_range": {"device_start": 2168244.266280849, "device_end": 2168244.27044579}, "cmdq": 0, "read": {"device_start": -1, "device_end": -1}}, "FFC_sans_bias2": {"write": {"device_start": -1, "host_queued_start": 1585500470.062467, "device_queued": -1, "device_end": -1, "host_queued_end": 1585500470.076646}, "device": "cpu", "nd_range": {"device_start": 2168244.2744293823, "device_end": 2168244.278369076}, "cmdq": 0, "read": {"device_start": -1, "device_end": -1}}, "FFC_sans_bias61": {"write": {"device_start": 1585500407.1410124, "host_queued_start": 1585500470.053953, "device_queued": 1585500407.1321058, "device_end": 1585500407.1410437, "host_queued_end": 1585500470.055135}, "device": "gpu", "nd_range": {"device_start": 1585500407.141048, "device_end": 1585500407.1432643}, "cmdq": 3, "read": {"device_start": 1585500407.1432679, "device_end": 1585500407.1432972}}, "FFC_sans_bias52": {"write": {"device_start": 1585500407.1406705, "host_queued_start": 1585500470.052858, "device_queued": 1585500407.1320906, "device_end": 1585500407.1407, "host_queued_end": 1585500470.055135}, "device": "gpu", "nd_range": {"device_start": 1585500407.1407044, "device_end": 1585500407.1427908}, "cmdq": 2, "read": {"device_start": 1585500407.1428022, "device_end": 1585500407.142832}}, "FFC_sans_bias9": {"write": {"device_start": -1, "host_queued_start": 1585500470.063535, "device_queued": -1, "device_end": -1, "host_queued_end": 1585500470.076646}, "device": "cpu", "nd_range": {"device_start": 2168244.278374252, "device_end": 2168244.282670477}, "cmdq": 0, "read": {"device_start": -1, "device_end": -1}}, "coalesced_transpose39": {"write": {"device_start": -1, "host_queued_start": 1585500470.044087, "device_queued": -1, "device_end": -1, "host_queued_end": 1585500470.055135}, "device": "gpu", "nd_range": {"device_start": 1585500407.1350338, "device_end": 1585500407.1363585}, "cmdq": 1, "read": {"device_start": -1, "device_end": -1}}, "FFC_sans_bias55": {"write": {"device_start": 1585500407.1327052, "host_queued_start": 1585500470.040187, "device_queued": 1585500407.1303198, "device_end": 1585500407.132732, "host_queued_end": 1585500470.055135}, "device": "gpu", "nd_range": {"device_start": 1585500407.1327384, "device_end": 1585500407.1350322}, "cmdq": 1, "read": {"device_start": -1, "device_end": -1}}, "FFC_sans_bias54": {"write": {"device_start": 1585500407.1322544, "host_queued_start": 1585500470.039121, "device_queued": 1585500407.130262, "device_end": 1585500407.1322849, "host_queued_end": 1585500470.055135}, "device": "gpu", "nd_range": {"device_start": 1585500407.1322906, "device_end": 1585500407.1345344}, "cmdq": 0, "read": {"device_start": -1, "device_end": -1}}, "FFC_sans_bias56": {"write": {"device_start": 1585500407.1317885, "host_queued_start": 1585500470.038025, "device_queued": 1585500407.1300201, "device_end": 1585500407.1318197, "host_queued_end": 1585500470.055135}, "device": "gpu", "nd_range": {"device_start": 1585500407.1318257, "device_end": 1585500407.134082}, "cmdq": 4, "read": {"device_start": -1, "device_end": -1}}, "FFC_sans_bias51": {"write": {"device_start": -1, "host_queued_start": 1585500470.048988, "device_queued": -1, "device_end": -1, "host_queued_end": 1585500470.055135}, "device": "gpu", "nd_range": {"device_start": 1585500407.1386542, "device_end": 1585500407.1393764}, "cmdq": 2, "read": {"device_start": -1, "device_end": -1}}, "softmax23": {"write": {"device_start": -1, "host_queued_start": 1585500470.072426, "device_queued": -1, "device_end": -1, "host_queued_end": 1585500470.076646}, "device": "cpu", "nd_range": {"device_start": 2168244.320824332, "device_end": 2168244.320913476}, "cmdq": 0, "read": {"device_start": -1, "device_end": -1}}, "FFC_sans_bias37": {"write": {"device_start": 1585500407.129516, "host_queued_start": 1585500470.032622, "device_queued": 1585500407.1292572, "device_end": 1585500407.1295483, "host_queued_end": 1585500470.055135}, "device": "gpu", "nd_range": {"device_start": 1585500407.1295764, "device_end": 1585500407.1316602}, "cmdq": 4, "read": {"device_start": -1, "device_end": -1}}, "empty62": {"write": {"device_start": 1585500407.1287582, "host_queued_start": 1585500470.026153, "device_queued": 1585500407.1285152, "device_end": 1585500407.1287832, "host_queued_end": 1585500470.055135}, "device": "gpu", "nd_range": {"device_start": 1585500407.1288853, "device_end": 1585500407.1288908}, "cmdq": 3, "read": {"device_start": -1, "device_end": -1}}, "FFC_sans_bias70": {"write": {"device_start": 1585500407.1424203, "host_queued_start": 1585500470.055029, "device_queued": 1585500407.1323068, "device_end": 1585500407.1424534, "host_queued_end": 1585500470.055135}, "device": "gpu", "nd_range": {"device_start": 1585500407.1424627, "device_end": 1585500407.1437447}, "cmdq": 4, "read": {"device_start": 1585500407.1437519, "device_end": 1585500407.1437752}}, "FFC_sans_bias58": {"write": {"device_start": -1, "host_queued_start": 1585500470.046363, "device_queued": -1, "device_end": -1, "host_queued_end": 1585500470.055135}, "device": "gpu", "nd_range": {"device_start": 1585500407.136381, "device_end": 1585500407.1383922}, "cmdq": 3, "read": {"device_start": -1, "device_end": -1}}, "softmax41": {"write": {"device_start": -1, "host_queued_start": 1585500470.04723, "device_queued": -1, "device_end": -1, "host_queued_end": 1585500470.055135}, "device": "gpu", "nd_range": {"device_start": 1585500407.1374474, "device_end": 1585500407.1388545}, "cmdq": 1, "read": {"device_start": -1, "device_end": -1}}, "FFC_sans_bias11": {"write": {"device_start": -1, "host_queued_start": 1585500470.065634, "device_queued": -1, "device_end": -1, "host_queued_end": 1585500470.076646}, "device": "cpu", "nd_range": {"device_start": 2168244.288239993, "device_end": 2168244.292324881}, "cmdq": 0, "read": {"device_start": -1, "device_end": -1}}, "FFC_sans_bias10": {"write": {"device_start": -1, "host_queued_start": 1585500470.064586, "device_queued": -1, "device_end": -1, "host_queued_end": 1585500470.076646}, "device": "cpu", "nd_range": {"device_start": 2168244.282675708, "device_end": 2168244.2882339833}, "cmdq": 0, "read": {"device_start": -1, "device_end": -1}}, "coalesced_transpose3": {"write": {"device_start": -1, "host_queued_start": 1585500470.069661, "device_queued": -1, "device_end": -1, "host_queued_end": 1585500470.076646}, "device": "cpu", "nd_range": {"device_start": 2168244.3063876713, "device_end": 2168244.306578142}, "cmdq": 0, "read": {"device_start": -1, "device_end": -1}}, "FFC_sans_bias34": {"write": {"device_start": 1585500407.140501, "host_queued_start": 1585500470.050698, "device_queued": 1585500407.131914, "device_end": 1585500407.1405308, "host_queued_end": 1585500470.055135}, "device": "gpu", "nd_range": {"device_start": 1585500407.140535, "device_end": 1585500407.1418333}, "cmdq": 0, "read": {"device_start": 1585500407.1418355, "device_end": 1585500407.1418598}}, "FFC_sans_bias15": {"write": {"device_start": -1, "host_queued_start": 1585500470.073167, "device_queued": -1, "device_end": -1, "host_queued_end": 1585500470.076646}, "device": "cpu", "nd_range": {"device_start": 2168244.3257188844, "device_end": 2168244.330175404}, "cmdq": 0, "read": {"device_start": -1, "device_end": -1}}, "FFC_sans_bias31": {"write": {"device_start": -1, "host_queued_start": 1585500470.045357, "device_queued": -1, "device_end": -1, "host_queued_end": 1585500470.055135}, "device": "gpu", "nd_range": {"device_start": 1585500407.1363554, "device_end": 1585500407.1369746}, "cmdq": 0, "read": {"device_start": -1, "device_end": -1}}, "FFC_sans_bias16": {"write": {"device_start": -1, "host_queued_start": 1585500470.075607, "device_queued": -1, "device_end": -1, "host_queued_end": 1585500470.076646}, "device": "cpu", "nd_range": {"device_start": 2168244.339251312, "device_end": 2168244.343930062}, "cmdq": 0, "read": {"device_start": -1, "device_end": -1}}, "FFC_sans_bias19": {"write": {"device_start": -1, "host_queued_start": 1585500470.067977, "device_queued": -1, "device_end": -1, "host_queued_end": 1585500470.076646}, "device": "cpu", "nd_range": {"device_start": 2168244.2972668572, "device_end": 2168244.301346404}, "cmdq": 0, "read": {"device_start": -1, "device_end": -1}}, "FFC_sans_bias18": {"write": {"device_start": -1, "host_queued_start": 1585500470.066714, "device_queued": -1, "device_end": -1, "host_queued_end": 1585500470.076646}, "device": "cpu", "nd_range": {"device_start": 2168244.29233004, "device_end": 2168244.297261799}, "cmdq": 0, "read": {"device_start": -1, "device_end": -1}}, "coalesced_transpose30": {"write": {"device_start": -1, "host_queued_start": 1585500470.043771, "device_queued": -1, "device_end": -1, "host_queued_end": 1585500470.055135}, "device": "gpu", "nd_range": {"device_start": 1585500407.1345353, "device_end": 1585500407.1363544}, "cmdq": 0, "read": {"device_start": -1, "device_end": -1}}, "FFC_sans_bias69": {"write": {"device_start": -1, "host_queued_start": 1585500470.049645, "device_queued": -1, "device_end": -1, "host_queued_end": 1585500470.055135}, "device": "gpu", "nd_range": {"device_start": 1585500407.1405509, "device_end": 1585500407.142295}, "cmdq": 4, "read": {"device_start": -1, "device_end": -1}}, "FFC_sans_bias38": {"write": {"device_start": 1585500407.1298652, "host_queued_start": 1585500470.033732, "device_queued": 1585500407.1295896, "device_end": 1585500407.1298904, "host_queued_end": 1585500470.055135}, "device": "gpu", "nd_range": {"device_start": 1585500407.1298993, "device_end": 1585500407.1321213}, "cmdq": 0, "read": {"device_start": -1, "device_end": -1}}, "coalesced_transpose57": {"write": {"device_start": -1, "host_queued_start": 1585500470.044713, "device_queued": -1, "device_end": -1, "host_queued_end": 1585500470.055135}, "device": "gpu", "nd_range": {"device_start": 1585500407.1359951, "device_end": 1585500407.13638}, "cmdq": 3, "read": {"device_start": -1, "device_end": -1}}, "empty26": {"write": {"device_start": -1, "host_queued_start": 1585500470.058947, "device_queued": -1, "device_end": -1, "host_queued_end": 1585500470.076646}, "device": "cpu", "nd_range": {"device_start": 2168244.266275092, "device_end": 2168244.266275899}, "cmdq": 0, "read": {"device_start": -1, "device_end": -1}}, "coalesced_transpose12": {"write": {"device_start": -1, "host_queued_start": 1585500470.070035, "device_queued": -1, "device_end": -1, "host_queued_end": 1585500470.076646}, "device": "cpu", "nd_range": {"device_start": 2168244.306722764, "device_end": 2168244.306836718}, "cmdq": 0, "read": {"device_start": -1, "device_end": -1}}, "empty44": {"write": {"device_start": 1585500407.1285539, "host_queued_start": 1585500470.024341, "device_queued": 1585500407.1284544, "device_end": 1585500407.1286132, "host_queued_end": 1585500470.055135}, "device": "gpu", "nd_range": {"device_start": 1585500407.1288445, "device_end": 1585500407.1288564}, "cmdq": 1, "read": {"device_start": -1, "device_end": -1}}, "coalesced_transpose21": {"write": {"device_start": -1, "host_queued_start": 1585500470.070425, "device_queued": -1, "device_end": -1, "host_queued_end": 1585500470.076646}, "device": "cpu", "nd_range": {"device_start": 2168244.3069588323, "device_end": 2168244.30705764}, "cmdq": 0, "read": {"device_start": -1, "device_end": -1}}, "FFC_sans_bias36": {"write": {"device_start": 1585500407.1294081, "host_queued_start": 1585500470.03139, "device_queued": 1585500407.1292348, "device_end": 1585500407.1294813, "host_queued_end": 1585500470.055135}, "device": "gpu", "nd_range": {"device_start": 1585500407.1295617, "device_end": 1585500407.1311345}, "cmdq": 3, "read": {"device_start": -1, "device_end": -1}}, "softmax14": {"write": {"device_start": -1, "host_queued_start": 1585500470.072142, "device_queued": -1, "device_end": -1, "host_queued_end": 1585500470.076646}, "device": "cpu", "nd_range": {"device_start": 2168244.3205987513, "device_end": 2168244.320706394}, "cmdq": 0, "read": {"device_start": -1, "device_end": -1}}, "FFC_sans_bias13": {"write": {"device_start": -1, "host_queued_start": 1585500470.071246, "device_queued": -1, "device_end": -1, "host_queued_end": 1585500470.076646}, "device": "cpu", "nd_range": {"device_start": 2168244.311271639, "device_end": 2168244.3160739313}, "cmdq": 0, "read": {"device_start": -1, "device_end": -1}}, "empty8": {"write": {"device_start": -1, "host_queued_start": 1585500470.056612, "device_queued": -1, "device_end": -1, "host_queued_end": 1585500470.076646}, "device": "cpu", "nd_range": {"device_start": 2168244.266237526, "device_end": 2168244.266250077}, "cmdq": 0, "read": {"device_start": -1, "device_end": -1}}, "FFC_sans_bias42": {"write": {"device_start": -1, "host_queued_start": 1585500470.048654, "device_queued": -1, "device_end": -1, "host_queued_end": 1585500470.055135}, "device": "gpu", "nd_range": {"device_start": 1585500407.1388555, "device_end": 1585500407.139898}, "cmdq": 1, "read": {"device_start": -1, "device_end": -1}}, "FFC_sans_bias43": {"write": {"device_start": 1585500407.1400533, "host_queued_start": 1585500470.051779, "device_queued": 1585500407.1320636, "device_end": 1585500407.1400838, "host_queued_end": 1585500470.055135}, "device": "gpu", "nd_range": {"device_start": 1585500407.1400912, "device_end": 1585500407.1413376}, "cmdq": 1, "read": {"device_start": 1585500407.1413453, "device_end": 1585500407.1413693}}, "FFC_sans_bias40": {"write": {"device_start": -1, "host_queued_start": 1585500470.045689, "device_queued": -1, "device_end": -1, "host_queued_end": 1585500470.055135}, "device": "gpu", "nd_range": {"device_start": 1585500407.1363595, "device_end": 1585500407.1374457}, "cmdq": 1, "read": {"device_start": -1, "device_end": -1}}, "softmax32": {"write": {"device_start": -1, "host_queued_start": 1585500470.046975, "device_queued": -1, "device_end": -1, "host_queued_end": 1585500470.055135}, "device": "gpu", "nd_range": {"device_start": 1585500407.136976, "device_end": 1585500407.1388643}, "cmdq": 0, "read": {"device_start": -1, "device_end": -1}}, "FFC_sans_bias47": {"write": {"device_start": 1585500407.1312916, "host_queued_start": 1585500470.036968, "device_queued": 1585500407.129836, "device_end": 1585500407.131328, "host_queued_end": 1585500470.055135}, "device": "gpu", "nd_range": {"device_start": 1585500407.1313348, "device_end": 1585500407.133573}, "cmdq": 3, "read": {"device_start": -1, "device_end": -1}}, "FFC_sans_bias45": {"write": {"device_start": 1585500407.1302996, "host_queued_start": 1585500470.034835, "device_queued": 1585500407.129784, "device_end": 1585500407.130324, "host_queued_end": 1585500470.055135}, "device": "gpu", "nd_range": {"device_start": 1585500407.1303303, "device_end": 1585500407.132591}, "cmdq": 1, "read": {"device_start": -1, "device_end": -1}}, "softmax50": {"write": {"device_start": -1, "host_queued_start": 1585500470.047489, "device_queued": -1, "device_end": -1, "host_queued_end": 1585500470.055135}, "device": "gpu", "nd_range": {"device_start": 1585500407.1379464, "device_end": 1585500407.1386533}, "cmdq": 2, "read": {"device_start": -1, "device_end": -1}}, "FFC_sans_bias33": {"write": {"device_start": -1, "host_queued_start": 1585500470.048322, "device_queued": -1, "device_end": -1, "host_queued_end": 1585500470.055135}, "device": "gpu", "nd_range": {"device_start": 1585500407.1388652, "device_end": 1585500407.1403625}, "cmdq": 0, "read": {"device_start": -1, "device_end": -1}}, "FFC_sans_bias63": {"write": {"device_start": 1585500407.1341603, "host_queued_start": 1585500470.04343, "device_queued": 1585500407.1305428, "device_end": 1585500407.1341856, "host_queued_end": 1585500470.055135}, "device": "gpu", "nd_range": {"device_start": 1585500407.1341887, "device_end": 1585500407.1364706}, "cmdq": 4, "read": {"device_start": -1, "device_end": -1}}, "FFC_sans_bias49": {"write": {"device_start": -1, "host_queued_start": 1585500470.046031, "device_queued": -1, "device_end": -1, "host_queued_end": 1585500470.055135}, "device": "gpu", "nd_range": {"device_start": 1585500407.136377, "device_end": 1585500407.1379454}, "cmdq": 2, "read": {"device_start": -1, "device_end": -1}}, "FFC_sans_bias64": {"write": {"device_start": 1585500407.133211, "host_queued_start": 1585500470.041259, "device_queued": 1585500407.1304984, "device_end": 1585500407.1332362, "host_queued_end": 1585500470.055135}, "device": "gpu", "nd_range": {"device_start": 1585500407.1332417, "device_end": 1585500407.1355176}, "cmdq": 2, "read": {"device_start": -1, "device_end": -1}}, "FFC_sans_bias65": {"write": {"device_start": 1585500407.1336517, "host_queued_start": 1585500470.042331, "device_queued": 1585500407.1305265, "device_end": 1585500407.133684, "host_queued_end": 1585500470.055135}, "device": "gpu", "nd_range": {"device_start": 1585500407.1336899, "device_end": 1585500407.1359859}, "cmdq": 3, "read": {"device_start": -1, "device_end": -1}}, "FFC_sans_bias67": {"write": {"device_start": -1, "host_queued_start": 1585500470.046711, "device_queued": -1, "device_end": -1, "host_queued_end": 1585500470.055135}, "device": "gpu", "nd_range": {"device_start": 1585500407.1382954, "device_end": 1585500407.13893}, "cmdq": 4, "read": {"device_start": -1, "device_end": -1}}, "FFC_sans_bias24": {"write": {"device_start": -1, "host_queued_start": 1585500470.073536, "device_queued": -1, "device_end": -1, "host_queued_end": 1585500470.076646}, "device": "cpu", "nd_range": {"device_start": 2168244.3301807293, "device_end": 2168244.3347221753}, "cmdq": 0, "read": {"device_start": -1, "device_end": -1}}, "FFC_sans_bias25": {"write": {"device_start": -1, "host_queued_start": 1585500470.076602, "device_queued": -1, "device_end": -1, "host_queued_end": 1585500470.076646}, "device": "cpu", "nd_range": {"device_start": 2168244.3439330272, "device_end": 2168244.348461164}, "cmdq": 0, "read": {"device_start": -1, "device_end": -1}}, "FFC_sans_bias27": {"write": {"device_start": 1585500407.1290407, "host_queued_start": 1585500470.028152, "device_queued": 1585500407.1289377, "device_end": 1585500407.1291137, "host_queued_end": 1585500470.055135}, "device": "gpu", "nd_range": {"device_start": 1585500407.1291244, "device_end": 1585500407.1297297}, "cmdq": 0, "read": {"device_start": -1, "device_end": -1}}, "FFC_sans_bias20": {"write": {"device_start": -1, "host_queued_start": 1585500470.069292, "device_queued": -1, "device_end": -1, "host_queued_end": 1585500470.076646}, "device": "cpu", "nd_range": {"device_start": 2168244.301351107, "device_end": 2168244.306382554}, "cmdq": 0, "read": {"device_start": -1, "device_end": -1}}, "FFC_sans_bias22": {"write": {"device_start": -1, "host_queued_start": 1585500470.071592, "device_queued": -1, "device_end": -1, "host_queued_end": 1585500470.076646}, "device": "cpu", "nd_range": {"device_start": 2168244.316079401, "device_end": 2168244.320324933}, "cmdq": 0, "read": {"device_start": -1, "device_end": -1}}, "softmax68": {"write": {"device_start": -1, "host_queued_start": 1585500470.048, "device_queued": -1, "device_end": -1, "host_queued_end": 1585500470.055135}, "device": "gpu", "nd_range": {"device_start": 1585500407.138931, "device_end": 1585500407.140549}, "cmdq": 4, "read": {"device_start": -1, "device_end": -1}}, "softmax5": {"write": {"device_start": -1, "host_queued_start": 1585500470.071871, "device_queued": -1, "device_end": -1, "host_queued_end": 1585500470.076646}, "device": "cpu", "nd_range": {"device_start": 2168244.320330547, "device_end": 2168244.320467576}, "cmdq": 0, "read": {"device_start": -1, "device_end": -1}}, "FFC_sans_bias28": {"write": {"device_start": 1585500407.1291327, "host_queued_start": 1585500470.029227, "device_queued": 1585500407.1290033, "device_end": 1585500407.1291566, "host_queued_end": 1585500470.055135}, "device": "gpu", "nd_range": {"device_start": 1585500407.129299, "device_end": 1585500407.1301348}, "cmdq": 1, "read": {"device_start": -1, "device_end": -1}}, "FFC_sans_bias29": {"write": {"device_start": 1585500407.1293182, "host_queued_start": 1585500470.030293, "device_queued": 1585500407.1292086, "device_end": 1585500407.1294003, "host_queued_end": 1585500470.055135}, "device": "gpu", "nd_range": {"device_start": 1585500407.1295257, "device_end": 1585500407.1307194}, "cmdq": 2, "read": {"device_start": -1, "device_end": -1}}, "empty17": {"write": {"device_start": -1, "host_queued_start": 1585500470.057927, "device_queued": -1, "device_end": -1, "host_queued_end": 1585500470.076646}, "device": "cpu", "nd_range": {"device_start": 2168244.266267965, "device_end": 2168244.266269936}, "cmdq": 0, "read": {"device_start": -1, "device_end": -1}}, "softmax59": {"write": {"device_start": -1, "host_queued_start": 1585500470.047744, "device_queued": -1, "device_end": -1, "host_queued_end": 1585500470.055135}, "device": "gpu", "nd_range": {"device_start": 1585500407.1383936, "device_end": 1585500407.139154}, "cmdq": 3, "read": {"device_start": -1, "device_end": -1}}, "empty71": {"write": {"device_start": 1585500407.1289027, "host_queued_start": 1585500470.027104, "device_queued": 1585500407.1288064, "device_end": 1585500407.128928, "host_queued_end": 1585500470.055135}, "device": "gpu", "nd_range": {"device_start": 1585500407.1289368, "device_end": 1585500407.1289403}, "cmdq": 4, "read": {"device_start": -1, "device_end": -1}}, "empty35": {"write": {"device_start": 1585500407.128458, "host_queued_start": 1585500470.023155, "device_queued": 1585500407.1283293, "device_end": 1585500407.1284873, "host_queued_end": 1585500470.055135}, "device": "gpu", "nd_range": {"device_start": 1585500407.128539, "device_end": 1585500407.1285446}, "cmdq": 0, "read": {"device_start": -1, "device_end": -1}}, "empty53": {"write": {"device_start": 1585500407.1286554, "host_queued_start": 1585500470.025244, "device_queued": 1585500407.1284926, "device_end": 1585500407.128726, "host_queued_end": 1585500470.055135}, "device": "gpu", "nd_range": {"device_start": 1585500407.128868, "device_end": 1585500407.128874}, "cmdq": 2, "read": {"device_start": -1, "device_end": -1}}, "FFC_sans_bias46": {"write": {"device_start": 1585500407.1308563, "host_queued_start": 1585500470.0359, "device_queued": 1585500407.1298115, "device_end": 1585500407.1308868, "host_queued_end": 1585500470.055135}, "device": "gpu", "nd_range": {"device_start": 1585500407.1308935, "device_end": 1585500407.1331084}, "cmdq": 2, "read": {"device_start": -1, "device_end": -1}}, "coalesced_transpose66": {"write": {"device_start": -1, "host_queued_start": 1585500470.045022, "device_queued": -1, "device_end": -1, "host_queued_end": 1585500470.055135}, "device": "gpu", "nd_range": {"device_start": 1585500407.1364808, "device_end": 1585500407.1382942}, "cmdq": 4, "read": {"device_start": -1, "device_end": -1}}, "coalesced_transpose48": {"write": {"device_start": -1, "host_queued_start": 1585500470.044401, "device_queued": -1, "device_end": -1, "host_queued_end": 1585500470.055135}, "device": "gpu", "nd_range": {"device_start": 1585500407.1355188, "device_end": 1585500407.136376}, "cmdq": 2, "read": {"device_start": -1, "device_end": -1}}}