{"FFC_sans_bias60": {"write": {"device_start": -1, "host_queued_start": 1585500153.316865, "device_queued": -1, "device_end": -1, "host_queued_end": 1585500153.323936}, "device": "cpu", "nd_range": {"device_start": 2167927.677027061, "device_end": 2167927.691378349}, "cmdq": 1, "read": {"device_start": -1, "device_end": -1}}, "FFC_sans_bias4": {"write": {"device_start": -1, "host_queued_start": 1585500153.310249, "device_queued": -1, "device_end": -1, "host_queued_end": 1585500153.323936}, "device": "cpu", "nd_range": {"device_start": 2167927.599467434, "device_end": 2167927.612157777}, "cmdq": 2, "read": {"device_start": -1, "device_end": -1}}, "FFC_sans_bias7": {"write": {"device_start": -1, "host_queued_start": 1585500153.317918, "device_queued": -1, "device_end": -1, "host_queued_end": 1585500153.323936}, "device": "cpu", "nd_range": {"device_start": 2167927.6845812993, "device_end": 2167927.699796164}, "cmdq": 2, "read": {"device_start": -1, "device_end": -1}}, "FFC_sans_bias6": {"write": {"device_start": -1, "host_queued_start": 1585500153.314773, "device_queued": -1, "device_end": -1, "host_queued_end": 1585500153.323936}, "device": "cpu", "nd_range": {"device_start": 2167927.645968308, "device_end": 2167927.6614008453}, "cmdq": 1, "read": {"device_start": -1, "device_end": -1}}, "FFC_sans_bias1": {"write": {"device_start": -1, "host_queued_start": 1585500153.287494, "device_queued": -1, "device_end": -1, "host_queued_end": 1585500153.323936}, "device": "cpu", "nd_range": {"device_start": 2167927.513624413, "device_end": 2167927.5289176223}, "cmdq": 2, "read": {"device_start": -1, "device_end": -1}}, "FFC_sans_bias0": {"write": {"device_start": -1, "host_queued_start": 1585500153.286422, "device_queued": -1, "device_end": -1, "host_queued_end": 1585500153.323936}, "device": "cpu", "nd_range": {"device_start": 2167927.513591385, "device_end": 2167927.5260897423}, "cmdq": 1, "read": {"device_start": -1, "device_end": -1}}, "FFC_sans_bias2": {"write": {"device_start": -1, "host_queued_start": 1585500153.288541, "device_queued": -1, "device_end": -1, "host_queued_end": 1585500153.323936}, "device": "cpu", "nd_range": {"device_start": 2167927.5135974432, "device_end": 2167927.521624337}, "cmdq": 0, "read": {"device_start": -1, "device_end": -1}}, "FFC_sans_bias61": {"write": {"device_start": -1, "host_queued_start": 1585500153.323891, "device_queued": -1, "device_end": -1, "host_queued_end": 1585500153.323936}, "device": "cpu", "nd_range": {"device_start": 2167927.708906906, "device_end": 2167927.713423462}, "cmdq": 2, "read": {"device_start": -1, "device_end": -1}}, "FFC_sans_bias52": {"write": {"device_start": -1, "host_queued_start": 1585500153.322897, "device_queued": -1, "device_end": -1, "host_queued_end": 1585500153.323936}, "device": "cpu", "nd_range": {"device_start": 2167927.704444038, "device_end": 2167927.710637141}, "cmdq": 1, "read": {"device_start": -1, "device_end": -1}}, "FFC_sans_bias9": {"write": {"device_start": -1, "host_queued_start": 1585500153.289585, "device_queued": -1, "device_end": -1, "host_queued_end": 1585500153.323936}, "device": "cpu", "nd_range": {"device_start": 2167927.527236605, "device_end": 2167927.536750654}, "cmdq": 1, "read": {"device_start": -1, "device_end": -1}}, "coalesced_transpose39": {"write": {"device_start": -1, "host_queued_start": 1585500153.309252, "device_queued": -1, "device_end": -1, "host_queued_end": 1585500153.323936}, "device": "cpu", "nd_range": {"device_start": 2167927.599107764, "device_end": 2167927.599361935}, "cmdq": 2, "read": {"device_start": -1, "device_end": -1}}, "FFC_sans_bias55": {"write": {"device_start": -1, "host_queued_start": 1585500153.30759, "device_queued": -1, "device_end": -1, "host_queued_end": 1585500153.323936}, "device": "cpu", "nd_range": {"device_start": 2167927.6045261873, "device_end": 2167927.614057194}, "cmdq": 0, "read": {"device_start": -1, "device_end": -1}}, "FFC_sans_bias54": {"write": {"device_start": -1, "host_queued_start": 1585500153.306543, "device_queued": -1, "device_end": -1, "host_queued_end": 1585500153.323936}, "device": "cpu", "nd_range": {"device_start": 2167927.5900581894, "device_end": 2167927.5986240753}, "cmdq": 2, "read": {"device_start": -1, "device_end": -1}}, "FFC_sans_bias56": {"write": {"device_start": -1, "host_queued_start": 1585500153.305501, "device_queued": -1, "device_end": -1, "host_queued_end": 1585500153.323936}, "device": "cpu", "nd_range": {"device_start": 2167927.579773216, "device_end": 2167927.5940091982}, "cmdq": 1, "read": {"device_start": -1, "device_end": -1}}, "FFC_sans_bias51": {"write": {"device_start": -1, "host_queued_start": 1585500153.316522, "device_queued": -1, "device_end": -1, "host_queued_end": 1585500153.323936}, "device": "cpu", "nd_range": {"device_start": 2167927.653185698, "device_end": 2167927.6684277393}, "cmdq": 0, "read": {"device_start": -1, "device_end": -1}}, "softmax23": {"write": {"device_start": -1, "host_queued_start": 1585500153.313264, "device_queued": -1, "device_end": -1, "host_queued_end": 1585500153.323936}, "device": "cpu", "nd_range": {"device_start": 2167927.639286927, "device_end": 2167927.639504127}, "cmdq": 2, "read": {"device_start": -1, "device_end": -1}}, "FFC_sans_bias37": {"write": {"device_start": -1, "host_queued_start": 1585500153.300239, "device_queued": -1, "device_end": -1, "host_queued_end": 1585500153.323936}, "device": "cpu", "nd_range": {"device_start": 2167927.564097232, "device_end": 2167927.577374921}, "cmdq": 2, "read": {"device_start": -1, "device_end": -1}}, "empty62": {"write": {"device_start": -1, "host_queued_start": 1585500153.285476, "device_queued": -1, "device_end": -1, "host_queued_end": 1585500153.323936}, "device": "cpu", "nd_range": {"device_start": 2167927.5135913054, "device_end": 2167927.5135920323}, "cmdq": 0, "read": {"device_start": -1, "device_end": -1}}, "FFC_sans_bias70": {"write": {"device_start": 1585500090.363451, "host_queued_start": 1585500153.278761, "device_queued": 1585500090.3612342, "device_end": 1585500090.3634815, "host_queued_end": 1585500153.278869}, "device": "gpu", "nd_range": {"device_start": 1585500090.3639238, "device_end": 1585500090.3645184}, "cmdq": 0, "read": {"device_start": 1585500090.3645203, "device_end": 1585500090.364543}}, "FFC_sans_bias58": {"write": {"device_start": -1, "host_queued_start": 1585500153.312414, "device_queued": -1, "device_end": -1, "host_queued_end": 1585500153.323936}, "device": "cpu", "nd_range": {"device_start": 2167927.623909094, "device_end": 2167927.6391625362}, "cmdq": 2, "read": {"device_start": -1, "device_end": -1}}, "softmax41": {"write": {"device_start": -1, "host_queued_start": 1585500153.313847, "device_queued": -1, "device_end": -1, "host_queued_end": 1585500153.323936}, "device": "cpu", "nd_range": {"device_start": 2167927.645654704, "device_end": 2167927.6458613114}, "cmdq": 1, "read": {"device_start": -1, "device_end": -1}}, "FFC_sans_bias11": {"write": {"device_start": -1, "host_queued_start": 1585500153.291729, "device_queued": -1, "device_end": -1, "host_queued_end": 1585500153.323936}, "device": "cpu", "nd_range": {"device_start": 2167927.521731681, "device_end": 2167927.5382902604}, "cmdq": 0, "read": {"device_start": -1, "device_end": -1}}, "FFC_sans_bias10": {"write": {"device_start": -1, "host_queued_start": 1585500153.290666, "device_queued": -1, "device_end": -1, "host_queued_end": 1585500153.323936}, "device": "cpu", "nd_range": {"device_start": 2167927.529029637, "device_end": 2167927.540511011}, "cmdq": 2, "read": {"device_start": -1, "device_end": -1}}, "coalesced_transpose3": {"write": {"device_start": -1, "host_queued_start": 1585500153.307927, "device_queued": -1, "device_end": -1, "host_queued_end": 1585500153.323936}, "device": "cpu", "nd_range": {"device_start": 2167927.594130061, "device_end": 2167927.594378563}, "cmdq": 1, "read": {"device_start": -1, "device_end": -1}}, "FFC_sans_bias34": {"write": {"device_start": -1, "host_queued_start": 1585500153.320899, "device_queued": -1, "device_end": -1, "host_queued_end": 1585500153.323936}, "device": "cpu", "nd_range": {"device_start": 2167927.699803887, "device_end": 2167927.7089028154}, "cmdq": 2, "read": {"device_start": -1, "device_end": -1}}, "FFC_sans_bias15": {"write": {"device_start": -1, "host_queued_start": 1585500153.315124, "device_queued": -1, "device_end": -1, "host_queued_end": 1585500153.323936}, "device": "cpu", "nd_range": {"device_start": 2167927.652730139, "device_end": 2167927.668347795}, "cmdq": 2, "read": {"device_start": -1, "device_end": -1}}, "FFC_sans_bias31": {"write": {"device_start": -1, "host_queued_start": 1585500153.311379, "device_queued": -1, "device_end": -1, "host_queued_end": 1585500153.323936}, "device": "cpu", "nd_range": {"device_start": 2167927.6122754193, "device_end": 2167927.6237789}, "cmdq": 2, "read": {"device_start": -1, "device_end": -1}}, "FFC_sans_bias16": {"write": {"device_start": -1, "host_queued_start": 1585500153.318915, "device_queued": -1, "device_end": -1, "host_queued_end": 1585500153.323936}, "device": "cpu", "nd_range": {"device_start": 2167927.668434182, "device_end": 2167927.6836623903}, "cmdq": 0, "read": {"device_start": -1, "device_end": -1}}, "FFC_sans_bias19": {"write": {"device_start": -1, "host_queued_start": 1585500153.293848, "device_queued": -1, "device_end": -1, "host_queued_end": 1585500153.323936}, "device": "cpu", "nd_range": {"device_start": 2167927.540628163, "device_end": 2167927.553887424}, "cmdq": 2, "read": {"device_start": -1, "device_end": -1}}, "FFC_sans_bias18": {"write": {"device_start": -1, "host_queued_start": 1585500153.292796, "device_queued": -1, "device_end": -1, "host_queued_end": 1585500153.323936}, "device": "cpu", "nd_range": {"device_start": 2167927.536881879, "device_end": 2167927.546390781}, "cmdq": 1, "read": {"device_start": -1, "device_end": -1}}, "coalesced_transpose30": {"write": {"device_start": -1, "host_queued_start": 1585500153.308917, "device_queued": -1, "device_end": -1, "host_queued_end": 1585500153.323936}, "device": "cpu", "nd_range": {"device_start": 2167927.5944923083, "device_end": 2167927.594741952}, "cmdq": 1, "read": {"device_start": -1, "device_end": -1}}, "FFC_sans_bias69": {"write": {"device_start": -1, "host_queued_start": 1585500153.27769, "device_queued": -1, "device_end": -1, "host_queued_end": 1585500153.278869}, "device": "gpu", "nd_range": {"device_start": 1585500090.3633342, "device_end": 1585500090.3639205}, "cmdq": 1, "read": {"device_start": -1, "device_end": -1}}, "FFC_sans_bias38": {"write": {"device_start": -1, "host_queued_start": 1585500153.301294, "device_queued": -1, "device_end": -1, "host_queued_end": 1585500153.323936}, "device": "cpu", "nd_range": {"device_start": 2167927.5806942834, "device_end": 2167927.595340975}, "cmdq": 0, "read": {"device_start": -1, "device_end": -1}}, "coalesced_transpose57": {"write": {"device_start": -1, "host_queued_start": 1585500153.309908, "device_queued": -1, "device_end": -1, "host_queued_end": 1585500153.323936}, "device": "cpu", "nd_range": {"device_start": 2167927.6170750163, "device_end": 2167927.617308307}, "cmdq": 1, "read": {"device_start": -1, "device_end": -1}}, "empty26": {"write": {"device_start": -1, "host_queued_start": 1585500153.282135, "device_queued": -1, "device_end": -1, "host_queued_end": 1585500153.323936}, "device": "cpu", "nd_range": {"device_start": 2167927.513591674, "device_end": 2167927.513596512}, "cmdq": 2, "read": {"device_start": -1, "device_end": -1}}, "coalesced_transpose12": {"write": {"device_start": -1, "host_queued_start": 1585500153.308259, "device_queued": -1, "device_end": -1, "host_queued_end": 1585500153.323936}, "device": "cpu", "nd_range": {"device_start": 2167927.598740424, "device_end": 2167927.598996695}, "cmdq": 2, "read": {"device_start": -1, "device_end": -1}}, "empty44": {"write": {"device_start": -1, "host_queued_start": 1585500153.283868, "device_queued": -1, "device_end": -1, "host_queued_end": 1585500153.323936}, "device": "cpu", "nd_range": {"device_start": 2167927.513584923, "device_end": 2167927.5135858213}, "cmdq": 1, "read": {"device_start": -1, "device_end": -1}}, "coalesced_transpose21": {"write": {"device_start": -1, "host_queued_start": 1585500153.308586, "device_queued": -1, "device_end": -1, "host_queued_end": 1585500153.323936}, "device": "cpu", "nd_range": {"device_start": 2167927.6141770002, "device_end": 2167927.614426747}, "cmdq": 0, "read": {"device_start": -1, "device_end": -1}}, "FFC_sans_bias36": {"write": {"device_start": -1, "host_queued_start": 1585500153.299199, "device_queued": -1, "device_end": -1, "host_queued_end": 1585500153.323936}, "device": "cpu", "nd_range": {"device_start": 2167927.55864415, "device_end": 2167927.569088539}, "cmdq": 1, "read": {"device_start": -1, "device_end": -1}}, "softmax14": {"write": {"device_start": -1, "host_queued_start": 1585500153.312982, "device_queued": -1, "device_end": -1, "host_queued_end": 1585500153.323936}, "device": "cpu", "nd_range": {"device_start": 2167927.6453395323, "device_end": 2167927.6455490813}, "cmdq": 1, "read": {"device_start": -1, "device_end": -1}}, "FFC_sans_bias13": {"write": {"device_start": -1, "host_queued_start": 1585500153.310658, "device_queued": -1, "device_end": -1, "host_queued_end": 1585500153.323936}, "device": "cpu", "nd_range": {"device_start": 2167927.6148923254, "device_end": 2167927.630084104}, "cmdq": 0, "read": {"device_start": -1, "device_end": -1}}, "empty8": {"write": {"device_start": -1, "host_queued_start": 1585500153.28009, "device_queued": -1, "device_end": -1, "host_queued_end": 1585500153.323936}, "device": "cpu", "nd_range": {"device_start": 2167927.513548923, "device_end": 2167927.5135623063}, "cmdq": 0, "read": {"device_start": -1, "device_end": -1}}, "FFC_sans_bias42": {"write": {"device_start": -1, "host_queued_start": 1585500153.316176, "device_queued": -1, "device_end": -1, "host_queued_end": 1585500153.323936}, "device": "cpu", "nd_range": {"device_start": 2167927.668356046, "device_end": 2167927.684572208}, "cmdq": 2, "read": {"device_start": -1, "device_end": -1}}, "FFC_sans_bias43": {"write": {"device_start": -1, "host_queued_start": 1585500153.321897, "device_queued": -1, "device_end": -1, "host_queued_end": 1585500153.323936}, "device": "cpu", "nd_range": {"device_start": 2167927.691223606, "device_end": 2167927.7016852903}, "cmdq": 0, "read": {"device_start": -1, "device_end": -1}}, "FFC_sans_bias40": {"write": {"device_start": -1, "host_queued_start": 1585500153.311726, "device_queued": -1, "device_end": -1, "host_queued_end": 1585500153.323936}, "device": "cpu", "nd_range": {"device_start": 2167927.630202223, "device_end": 2167927.643726393}, "cmdq": 0, "read": {"device_start": -1, "device_end": -1}}, "softmax32": {"write": {"device_start": -1, "host_queued_start": 1585500153.313551, "device_queued": -1, "device_end": -1, "host_queued_end": 1585500153.323936}, "device": "cpu", "nd_range": {"device_start": 2167927.6440691412, "device_end": 2167927.644289586}, "cmdq": 0, "read": {"device_start": -1, "device_end": -1}}, "FFC_sans_bias47": {"write": {"device_start": -1, "host_queued_start": 1585500153.304433, "device_queued": -1, "device_end": -1, "host_queued_end": 1585500153.323936}, "device": "cpu", "nd_range": {"device_start": 2167927.5953492452, "device_end": 2167927.604406638}, "cmdq": 0, "read": {"device_start": -1, "device_end": -1}}, "FFC_sans_bias45": {"write": {"device_start": -1, "host_queued_start": 1585500153.302336, "device_queued": -1, "device_end": -1, "host_queued_end": 1585500153.323936}, "device": "cpu", "nd_range": {"device_start": 2167927.5692046313, "device_end": 2167927.579651176}, "cmdq": 1, "read": {"device_start": -1, "device_end": -1}}, "softmax50": {"write": {"device_start": -1, "host_queued_start": 1585500153.314155, "device_queued": -1, "device_end": -1, "host_queued_end": 1585500153.323936}, "device": "cpu", "nd_range": {"device_start": 2167927.6525120162, "device_end": 2167927.652719744}, "cmdq": 2, "read": {"device_start": -1, "device_end": -1}}, "FFC_sans_bias33": {"write": {"device_start": -1, "host_queued_start": 1585500153.315828, "device_queued": -1, "device_end": -1, "host_queued_end": 1585500153.323936}, "device": "cpu", "nd_range": {"device_start": 2167927.661515001, "device_end": 2167927.676914337}, "cmdq": 1, "read": {"device_start": -1, "device_end": -1}}, "FFC_sans_bias63": {"write": {"device_start": 1585500090.361746, "host_queued_start": 1585500153.276492, "device_queued": 1585500090.361038, "device_end": 1585500090.361777, "host_queued_end": 1585500153.278869}, "device": "gpu", "nd_range": {"device_start": 1585500090.3617806, "device_end": 1585500090.3625026}, "cmdq": 1, "read": {"device_start": -1, "device_end": -1}}, "FFC_sans_bias49": {"write": {"device_start": -1, "host_queued_start": 1585500153.31207, "device_queued": -1, "device_end": -1, "host_queued_end": 1585500153.323936}, "device": "cpu", "nd_range": {"device_start": 2167927.632816749, "device_end": 2167927.645231532}, "cmdq": 1, "read": {"device_start": -1, "device_end": -1}}, "FFC_sans_bias64": {"write": {"device_start": 1585500090.3609023, "host_queued_start": 1585500153.274339, "device_queued": 1585500090.3607755, "device_end": 1585500090.3609798, "host_queued_end": 1585500153.278869}, "device": "gpu", "nd_range": {"device_start": 1585500090.3609922, "device_end": 1585500090.361599}, "cmdq": 1, "read": {"device_start": -1, "device_end": -1}}, "FFC_sans_bias65": {"write": {"device_start": 1585500090.3609815, "host_queued_start": 1585500153.275455, "device_queued": 1585500090.3608348, "device_end": 1585500090.3610113, "host_queued_end": 1585500153.278869}, "device": "gpu", "nd_range": {"device_start": 1585500090.361028, "device_end": 1585500090.3620076}, "cmdq": 0, "read": {"device_start": -1, "device_end": -1}}, "FFC_sans_bias67": {"write": {"device_start": -1, "host_queued_start": 1585500153.277128, "device_queued": -1, "device_end": -1, "host_queued_end": 1585500153.278869}, "device": "gpu", "nd_range": {"device_start": 1585500090.362504, "device_end": 1585500090.3631148}, "cmdq": 1, "read": {"device_start": -1, "device_end": -1}}, "FFC_sans_bias24": {"write": {"device_start": -1, "host_queued_start": 1585500153.315484, "device_queued": -1, "device_end": -1, "host_queued_end": 1585500153.323936}, "device": "cpu", "nd_range": {"device_start": 2167927.6445061653, "device_end": 2167927.653178215}, "cmdq": 0, "read": {"device_start": -1, "device_end": -1}}, "FFC_sans_bias25": {"write": {"device_start": -1, "host_queued_start": 1585500153.319909, "device_queued": -1, "device_end": -1, "host_queued_end": 1585500153.323936}, "device": "cpu", "nd_range": {"device_start": 2167927.691489195, "device_end": 2167927.704358911}, "cmdq": 1, "read": {"device_start": -1, "device_end": -1}}, "FFC_sans_bias27": {"write": {"device_start": -1, "host_queued_start": 1585500153.296016, "device_queued": -1, "device_end": -1, "host_queued_end": 1585500153.323936}, "device": "cpu", "nd_range": {"device_start": 2167927.5463992553, "device_end": 2167927.55852458}, "cmdq": 1, "read": {"device_start": -1, "device_end": -1}}, "FFC_sans_bias20": {"write": {"device_start": -1, "host_queued_start": 1585500153.294935, "device_queued": -1, "device_end": -1, "host_queued_end": 1585500153.323936}, "device": "cpu", "nd_range": {"device_start": 2167927.5386554413, "device_end": 2167927.5575429443}, "cmdq": 0, "read": {"device_start": -1, "device_end": -1}}, "FFC_sans_bias22": {"write": {"device_start": -1, "host_queued_start": 1585500153.311032, "device_queued": -1, "device_end": -1, "host_queued_end": 1585500153.323936}, "device": "cpu", "nd_range": {"device_start": 2167927.617436704, "device_end": 2167927.6326992554}, "cmdq": 1, "read": {"device_start": -1, "device_end": -1}}, "softmax68": {"write": {"device_start": -1, "host_queued_start": 1585500153.277382, "device_queued": -1, "device_end": -1, "host_queued_end": 1585500153.278869}, "device": "gpu", "nd_range": {"device_start": 1585500090.3631184, "device_end": 1585500090.3633306}, "cmdq": 0, "read": {"device_start": -1, "device_end": -1}}, "softmax5": {"write": {"device_start": -1, "host_queued_start": 1585500153.312697, "device_queued": -1, "device_end": -1, "host_queued_end": 1585500153.323936}, "device": "cpu", "nd_range": {"device_start": 2167927.643841747, "device_end": 2167927.644059066}, "cmdq": 0, "read": {"device_start": -1, "device_end": -1}}, "FFC_sans_bias28": {"write": {"device_start": -1, "host_queued_start": 1585500153.297076, "device_queued": -1, "device_end": -1, "host_queued_end": 1585500153.323936}, "device": "cpu", "nd_range": {"device_start": 2167927.554009236, "device_end": 2167927.563968451}, "cmdq": 2, "read": {"device_start": -1, "device_end": -1}}, "FFC_sans_bias29": {"write": {"device_start": -1, "host_queued_start": 1585500153.298129, "device_queued": -1, "device_end": -1, "host_queued_end": 1585500153.323936}, "device": "cpu", "nd_range": {"device_start": 2167927.5578476093, "device_end": 2167927.575368436}, "cmdq": 0, "read": {"device_start": -1, "device_end": -1}}, "empty17": {"write": {"device_start": -1, "host_queued_start": 1585500153.281251, "device_queued": -1, "device_end": -1, "host_queued_end": 1585500153.323936}, "device": "cpu", "nd_range": {"device_start": 2167927.5135490173, "device_end": 2167927.513562307}, "cmdq": 1, "read": {"device_start": -1, "device_end": -1}}, "softmax59": {"write": {"device_start": -1, "host_queued_start": 1585500153.314429, "device_queued": -1, "device_end": -1, "host_queued_end": 1585500153.323936}, "device": "cpu", "nd_range": {"device_start": 2167927.644296193, "device_end": 2167927.644500831}, "cmdq": 0, "read": {"device_start": -1, "device_end": -1}}, "empty71": {"write": {"device_start": 1585500090.3607745, "host_queued_start": 1585500153.273116, "device_queued": 1585500090.3606496, "device_end": 1585500090.3608296, "host_queued_end": 1585500153.278869}, "device": "gpu", "nd_range": {"device_start": 1585500090.360834, "device_end": 1585500090.36084}, "cmdq": 0, "read": {"device_start": -1, "device_end": -1}}, "empty35": {"write": {"device_start": -1, "host_queued_start": 1585500153.283024, "device_queued": -1, "device_end": -1, "host_queued_end": 1585500153.323936}, "device": "cpu", "nd_range": {"device_start": 2167927.513584211, "device_end": 2167927.5135852033}, "cmdq": 0, "read": {"device_start": -1, "device_end": -1}}, "empty53": {"write": {"device_start": -1, "host_queued_start": 1585500153.284669, "device_queued": -1, "device_end": -1, "host_queued_end": 1585500153.323936}, "device": "cpu", "nd_range": {"device_start": 2167927.513615619, "device_end": 2167927.513616866}, "cmdq": 2, "read": {"device_start": -1, "device_end": -1}}, "FFC_sans_bias46": {"write": {"device_start": -1, "host_queued_start": 1585500153.303389, "device_queued": -1, "device_end": -1, "host_queued_end": 1585500153.323936}, "device": "cpu", "nd_range": {"device_start": 2167927.577497934, "device_end": 2167927.589931001}, "cmdq": 2, "read": {"device_start": -1, "device_end": -1}}, "coalesced_transpose66": {"write": {"device_start": -1, "host_queued_start": 1585500153.276815, "device_queued": -1, "device_end": -1, "host_queued_end": 1585500153.278869}, "device": "gpu", "nd_range": {"device_start": 1585500090.3620098, "device_end": 1585500090.362411}, "cmdq": 0, "read": {"device_start": -1, "device_end": -1}}, "coalesced_transpose48": {"write": {"device_start": -1, "host_queued_start": 1585500153.30958, "device_queued": -1, "device_end": -1, "host_queued_end": 1585500153.323936}, "device": "cpu", "nd_range": {"device_start": 2167927.614540025, "device_end": 2167927.614785864}, "cmdq": 0, "read": {"device_start": -1, "device_end": -1}}}