{"FFC_sans_bias60": {"write": {"device_start": -1, "host_queued_start": 1585500545.806351, "device_queued": -1, "device_end": -1, "host_queued_end": 1585500545.812016}, "device": "gpu", "nd_range": {"device_start": 1585500482.8938553, "device_end": 1585500482.8956027}, "cmdq": 3, "read": {"device_start": -1, "device_end": -1}}, "FFC_sans_bias4": {"write": {"device_start": -1, "host_queued_start": 1585500545.827941, "device_queued": -1, "device_end": -1, "host_queued_end": 1585500545.833555}, "device": "cpu", "nd_range": {"device_start": 2168320.0692087743, "device_end": 2168320.075184503}, "cmdq": 3, "read": {"device_start": -1, "device_end": -1}}, "FFC_sans_bias7": {"write": {"device_start": -1, "host_queued_start": 1585500545.831535, "device_queued": -1, "device_end": -1, "host_queued_end": 1585500545.833555}, "device": "cpu", "nd_range": {"device_start": 2168320.087526989, "device_end": 2168320.0939901583}, "cmdq": 0, "read": {"device_start": -1, "device_end": -1}}, "FFC_sans_bias6": {"write": {"device_start": -1, "host_queued_start": 1585500545.829832, "device_queued": -1, "device_end": -1, "host_queued_end": 1585500545.833555}, "device": "cpu", "nd_range": {"device_start": 2168320.07921746, "device_end": 2168320.087340794}, "cmdq": 1, "read": {"device_start": -1, "device_end": -1}}, "FFC_sans_bias1": {"write": {"device_start": -1, "host_queued_start": 1585500545.8183, "device_queued": -1, "device_end": -1, "host_queued_end": 1585500545.833555}, "device": "cpu", "nd_range": {"device_start": 2168320.023251371, "device_end": 2168320.038667085}, "cmdq": 0, "read": {"device_start": -1, "device_end": -1}}, "FFC_sans_bias0": {"write": {"device_start": -1, "host_queued_start": 1585500545.817044, "device_queued": -1, "device_end": -1, "host_queued_end": 1585500545.833555}, "device": "cpu", "nd_range": {"device_start": 2168320.0232243394, "device_end": 2168320.041736028}, "cmdq": 3, "read": {"device_start": -1, "device_end": -1}}, "FFC_sans_bias2": {"write": {"device_start": -1, "host_queued_start": 1585500545.819377, "device_queued": -1, "device_end": -1, "host_queued_end": 1585500545.833555}, "device": "cpu", "nd_range": {"device_start": 2168320.0237111393, "device_end": 2168320.038913453}, "cmdq": 1, "read": {"device_start": -1, "device_end": -1}}, "FFC_sans_bias61": {"write": {"device_start": 1585500482.8957088, "host_queued_start": 1585500545.810878, "device_queued": 1585500482.8863533, "device_end": 1585500482.8957403, "host_queued_end": 1585500545.812016}, "device": "gpu", "nd_range": {"device_start": 1585500482.8957438, "device_end": 1585500482.8980224}, "cmdq": 3, "read": {"device_start": 1585500482.8980331, "device_end": 1585500482.898056}}, "FFC_sans_bias52": {"write": {"device_start": 1585500482.8953583, "host_queued_start": 1585500545.809798, "device_queued": 1585500482.8863382, "device_end": 1585500482.8953903, "host_queued_end": 1585500545.812016}, "device": "gpu", "nd_range": {"device_start": 1585500482.895396, "device_end": 1585500482.8975506}, "cmdq": 2, "read": {"device_start": 1585500482.8975585, "device_end": 1585500482.8975842}}, "FFC_sans_bias9": {"write": {"device_start": -1, "host_queued_start": 1585500545.820418, "device_queued": -1, "device_end": -1, "host_queued_end": 1585500545.833555}, "device": "cpu", "nd_range": {"device_start": 2168320.023181001, "device_end": 2168320.0405645412}, "cmdq": 2, "read": {"device_start": -1, "device_end": -1}}, "coalesced_transpose39": {"write": {"device_start": -1, "host_queued_start": 1585500545.801352, "device_queued": -1, "device_end": -1, "host_queued_end": 1585500545.812016}, "device": "gpu", "nd_range": {"device_start": 1585500482.8897972, "device_end": 1585500482.891072}, "cmdq": 1, "read": {"device_start": -1, "device_end": -1}}, "FFC_sans_bias55": {"write": {"device_start": 1585500482.8874285, "host_queued_start": 1585500545.797573, "device_queued": 1585500482.8848715, "device_end": 1585500482.887454, "host_queued_end": 1585500545.812016}, "device": "gpu", "nd_range": {"device_start": 1585500482.8874598, "device_end": 1585500482.8897946}, "cmdq": 1, "read": {"device_start": -1, "device_end": -1}}, "FFC_sans_bias54": {"write": {"device_start": 1585500482.886963, "host_queued_start": 1585500545.796542, "device_queued": 1585500482.8848176, "device_end": 1585500482.886989, "host_queued_end": 1585500545.812016}, "device": "gpu", "nd_range": {"device_start": 1585500482.8869963, "device_end": 1585500482.8892622}, "cmdq": 0, "read": {"device_start": -1, "device_end": -1}}, "FFC_sans_bias56": {"write": {"device_start": 1585500482.8865118, "host_queued_start": 1585500545.795438, "device_queued": 1585500482.8846264, "device_end": 1585500482.8865418, "host_queued_end": 1585500545.812016}, "device": "gpu", "nd_range": {"device_start": 1585500482.8865452, "device_end": 1585500482.8888247}, "cmdq": 4, "read": {"device_start": -1, "device_end": -1}}, "FFC_sans_bias51": {"write": {"device_start": -1, "host_queued_start": 1585500545.806039, "device_queued": -1, "device_end": -1, "host_queued_end": 1585500545.812016}, "device": "gpu", "nd_range": {"device_start": 1585500482.8935845, "device_end": 1585500482.89463}, "cmdq": 2, "read": {"device_start": -1, "device_end": -1}}, "softmax23": {"write": {"device_start": -1, "host_queued_start": 1585500545.829499, "device_queued": -1, "device_end": -1, "host_queued_end": 1585500545.833555}, "device": "cpu", "nd_range": {"device_start": 2168320.071351292, "device_end": 2168320.071568673}, "cmdq": 0, "read": {"device_start": -1, "device_end": -1}}, "FFC_sans_bias37": {"write": {"device_start": 1585500482.884197, "host_queued_start": 1585500545.790197, "device_queued": 1585500482.8839686, "device_end": 1585500482.884223, "host_queued_end": 1585500545.812016}, "device": "gpu", "nd_range": {"device_start": 1585500482.8842266, "device_end": 1585500482.8863964}, "cmdq": 4, "read": {"device_start": -1, "device_end": -1}}, "empty62": {"write": {"device_start": 1585500482.8836176, "host_queued_start": 1585500545.783965, "device_queued": 1585500482.883383, "device_end": 1585500482.8836863, "host_queued_end": 1585500545.812016}, "device": "gpu", "nd_range": {"device_start": 1585500482.883695, "device_end": 1585500482.8837004}, "cmdq": 3, "read": {"device_start": -1, "device_end": -1}}, "FFC_sans_bias70": {"write": {"device_start": 1585500482.8971894, "host_queued_start": 1585500545.811921, "device_queued": 1585500482.8865535, "device_end": 1585500482.89722, "host_queued_end": 1585500545.812016}, "device": "gpu", "nd_range": {"device_start": 1585500482.8972228, "device_end": 1585500482.8984668}, "cmdq": 4, "read": {"device_start": 1585500482.898471, "device_end": 1585500482.8984933}}, "FFC_sans_bias58": {"write": {"device_start": -1, "host_queued_start": 1585500545.803547, "device_queued": -1, "device_end": -1, "host_queued_end": 1585500545.812016}, "device": "gpu", "nd_range": {"device_start": 1585500482.8910944, "device_end": 1585500482.8931653}, "cmdq": 3, "read": {"device_start": -1, "device_end": -1}}, "softmax41": {"write": {"device_start": -1, "host_queued_start": 1585500545.804359, "device_queued": -1, "device_end": -1, "host_queued_end": 1585500545.812016}, "device": "gpu", "nd_range": {"device_start": 1585500482.8922088, "device_end": 1585500482.8934355}, "cmdq": 1, "read": {"device_start": -1, "device_end": -1}}, "FFC_sans_bias11": {"write": {"device_start": -1, "host_queued_start": 1585500545.822512, "device_queued": -1, "device_end": -1, "host_queued_end": 1585500545.833555}, "device": "cpu", "nd_range": {"device_start": 2168320.038808946, "device_end": 2168320.0540366434}, "cmdq": 0, "read": {"device_start": -1, "device_end": -1}}, "FFC_sans_bias10": {"write": {"device_start": -1, "host_queued_start": 1585500545.82146, "device_queued": -1, "device_end": -1, "host_queued_end": 1585500545.833555}, "device": "cpu", "nd_range": {"device_start": 2168320.041897959, "device_end": 2168320.057643405}, "cmdq": 3, "read": {"device_start": -1, "device_end": -1}}, "coalesced_transpose3": {"write": {"device_start": -1, "host_queued_start": 1585500545.82678, "device_queued": -1, "device_end": -1, "host_queued_end": 1585500545.833555}, "device": "cpu", "nd_range": {"device_start": 2168320.054163157, "device_end": 2168320.054407604}, "cmdq": 0, "read": {"device_start": -1, "device_end": -1}}, "FFC_sans_bias34": {"write": {"device_start": 1585500482.8952153, "host_queued_start": 1585500545.807705, "device_queued": 1585500482.886158, "device_end": 1585500482.8952456, "host_queued_end": 1585500545.812016}, "device": "gpu", "nd_range": {"device_start": 1585500482.895257, "device_end": 1585500482.896577}, "cmdq": 0, "read": {"device_start": 1585500482.8965826, "device_end": 1585500482.8966062}}, "FFC_sans_bias15": {"write": {"device_start": -1, "host_queued_start": 1585500545.830167, "device_queued": -1, "device_end": -1, "host_queued_end": 1585500545.833555}, "device": "cpu", "nd_range": {"device_start": 2168320.0756541803, "device_end": 2168320.092634011}, "cmdq": 2, "read": {"device_start": -1, "device_end": -1}}, "FFC_sans_bias31": {"write": {"device_start": -1, "host_queued_start": 1585500545.802594, "device_queued": -1, "device_end": -1, "host_queued_end": 1585500545.812016}, "device": "gpu", "nd_range": {"device_start": 1585500482.8910685, "device_end": 1585500482.8916938}, "cmdq": 0, "read": {"device_start": -1, "device_end": -1}}, "FFC_sans_bias16": {"write": {"device_start": -1, "host_queued_start": 1585500545.832525, "device_queued": -1, "device_end": -1, "host_queued_end": 1585500545.833555}, "device": "cpu", "nd_range": {"device_start": 2168320.0931824073, "device_end": 2168320.1017172923}, "cmdq": 1, "read": {"device_start": -1, "device_end": -1}}, "FFC_sans_bias19": {"write": {"device_start": -1, "host_queued_start": 1585500545.825103, "device_queued": -1, "device_end": -1, "host_queued_end": 1585500545.833555}, "device": "cpu", "nd_range": {"device_start": 2168320.040700517, "device_end": 2168320.0558575}, "cmdq": 2, "read": {"device_start": -1, "device_end": -1}}, "FFC_sans_bias18": {"write": {"device_start": -1, "host_queued_start": 1585500545.82382, "device_queued": -1, "device_end": -1, "host_queued_end": 1585500545.833555}, "device": "cpu", "nd_range": {"device_start": 2168320.039040597, "device_end": 2168320.0542407692}, "cmdq": 1, "read": {"device_start": -1, "device_end": -1}}, "coalesced_transpose30": {"write": {"device_start": -1, "host_queued_start": 1585500545.801047, "device_queued": -1, "device_end": -1, "host_queued_end": 1585500545.812016}, "device": "gpu", "nd_range": {"device_start": 1585500482.8892632, "device_end": 1585500482.8910675}, "cmdq": 0, "read": {"device_start": -1, "device_end": -1}}, "FFC_sans_bias69": {"write": {"device_start": -1, "host_queued_start": 1585500545.806667, "device_queued": -1, "device_end": -1, "host_queued_end": 1585500545.812016}, "device": "gpu", "nd_range": {"device_start": 1585500482.8952742, "device_end": 1585500482.8970604}, "cmdq": 4, "read": {"device_start": -1, "device_end": -1}}, "FFC_sans_bias38": {"write": {"device_start": 1585500482.8845851, "host_queued_start": 1585500545.791275, "device_queued": 1585500482.884192, "device_end": 1585500482.8846147, "host_queued_end": 1585500545.812016}, "device": "gpu", "nd_range": {"device_start": 1585500482.8846214, "device_end": 1585500482.8868704}, "cmdq": 0, "read": {"device_start": -1, "device_end": -1}}, "coalesced_transpose57": {"write": {"device_start": -1, "host_queued_start": 1585500545.801957, "device_queued": -1, "device_end": -1, "host_queued_end": 1585500545.812016}, "device": "gpu", "nd_range": {"device_start": 1585500482.8907168, "device_end": 1585500482.891093}, "cmdq": 3, "read": {"device_start": -1, "device_end": -1}}, "empty26": {"write": {"device_start": -1, "host_queued_start": 1585500545.815867, "device_queued": -1, "device_end": -1, "host_queued_end": 1585500545.833555}, "device": "cpu", "nd_range": {"device_start": 2168320.023150437, "device_end": 2168320.023162151}, "cmdq": 2, "read": {"device_start": -1, "device_end": -1}}, "coalesced_transpose12": {"write": {"device_start": -1, "host_queued_start": 1585500545.827174, "device_queued": -1, "device_end": -1, "host_queued_end": 1585500545.833555}, "device": "cpu", "nd_range": {"device_start": 2168320.057652612, "device_end": 2168320.058744517}, "cmdq": 1, "read": {"device_start": -1, "device_end": -1}}, "empty44": {"write": {"device_start": 1585500482.8834443, "host_queued_start": 1585500545.782235, "device_queued": 1585500482.8833327, "device_end": 1585500482.883503, "host_queued_end": 1585500545.812016}, "device": "gpu", "nd_range": {"device_start": 1585500482.8836634, "device_end": 1585500482.8836906}, "cmdq": 1, "read": {"device_start": -1, "device_end": -1}}, "coalesced_transpose21": {"write": {"device_start": -1, "host_queued_start": 1585500545.82755, "device_queued": -1, "device_end": -1, "host_queued_end": 1585500545.833555}, "device": "cpu", "nd_range": {"device_start": 2168320.05598634, "device_end": 2168320.05622775}, "cmdq": 2, "read": {"device_start": -1, "device_end": -1}}, "FFC_sans_bias36": {"write": {"device_start": 1585500482.8841162, "host_queued_start": 1585500545.788991, "device_queued": 1585500482.8839517, "device_end": 1585500482.8841956, "host_queued_end": 1585500545.812016}, "device": "gpu", "nd_range": {"device_start": 1585500482.8842068, "device_end": 1585500482.885872}, "cmdq": 3, "read": {"device_start": -1, "device_end": -1}}, "softmax14": {"write": {"device_start": -1, "host_queued_start": 1585500545.829217, "device_queued": -1, "device_end": -1, "host_queued_end": 1585500545.833555}, "device": "cpu", "nd_range": {"device_start": 2168320.0751942634, "device_end": 2168320.075317963}, "cmdq": 3, "read": {"device_start": -1, "device_end": -1}}, "FFC_sans_bias13": {"write": {"device_start": -1, "host_queued_start": 1585500545.828308, "device_queued": -1, "device_end": -1, "host_queued_end": 1585500545.833555}, "device": "cpu", "nd_range": {"device_start": 2168320.061598504, "device_end": 2168320.0701417}, "cmdq": 0, "read": {"device_start": -1, "device_end": -1}}, "empty8": {"write": {"device_start": -1, "host_queued_start": 1585500545.813682, "device_queued": -1, "device_end": -1, "host_queued_end": 1585500545.833555}, "device": "cpu", "nd_range": {"device_start": 2168320.023180405, "device_end": 2168320.0231841113}, "cmdq": 0, "read": {"device_start": -1, "device_end": -1}}, "FFC_sans_bias42": {"write": {"device_start": -1, "host_queued_start": 1585500545.805725, "device_queued": -1, "device_end": -1, "host_queued_end": 1585500545.812016}, "device": "gpu", "nd_range": {"device_start": 1585500482.8934367, "device_end": 1585500482.894158}, "cmdq": 1, "read": {"device_start": -1, "device_end": -1}}, "FFC_sans_bias43": {"write": {"device_start": 1585500482.8942897, "host_queued_start": 1585500545.80876, "device_queued": 1585500482.8863108, "device_end": 1585500482.894317, "host_queued_end": 1585500545.812016}, "device": "gpu", "nd_range": {"device_start": 1585500482.8943207, "device_end": 1585500482.8960745}, "cmdq": 1, "read": {"device_start": 1585500482.896081, "device_end": 1585500482.896105}}, "FFC_sans_bias40": {"write": {"device_start": -1, "host_queued_start": 1585500545.802921, "device_queued": -1, "device_end": -1, "host_queued_end": 1585500545.812016}, "device": "gpu", "nd_range": {"device_start": 1585500482.8910735, "device_end": 1585500482.8922076}, "cmdq": 1, "read": {"device_start": -1, "device_end": -1}}, "softmax32": {"write": {"device_start": -1, "host_queued_start": 1585500545.804112, "device_queued": -1, "device_end": -1, "host_queued_end": 1585500545.812016}, "device": "gpu", "nd_range": {"device_start": 1585500482.891695, "device_end": 1585500482.8936012}, "cmdq": 0, "read": {"device_start": -1, "device_end": -1}}, "FFC_sans_bias47": {"write": {"device_start": 1585500482.8859537, "host_queued_start": 1585500545.794382, "device_queued": 1585500482.8844233, "device_end": 1585500482.8859854, "host_queued_end": 1585500545.812016}, "device": "gpu", "nd_range": {"device_start": 1585500482.8859885, "device_end": 1585500482.888309}, "cmdq": 3, "read": {"device_start": -1, "device_end": -1}}, "FFC_sans_bias45": {"write": {"device_start": 1585500482.8849585, "host_queued_start": 1585500545.792306, "device_queued": 1585500482.8843799, "device_end": 1585500482.8849828, "host_queued_end": 1585500545.812016}, "device": "gpu", "nd_range": {"device_start": 1585500482.8849905, "device_end": 1585500482.8873427}, "cmdq": 1, "read": {"device_start": -1, "device_end": -1}}, "softmax50": {"write": {"device_start": -1, "host_queued_start": 1585500545.804606, "device_queued": -1, "device_end": -1, "host_queued_end": 1585500545.812016}, "device": "gpu", "nd_range": {"device_start": 1585500482.89268, "device_end": 1585500482.8935833}, "cmdq": 2, "read": {"device_start": -1, "device_end": -1}}, "FFC_sans_bias33": {"write": {"device_start": -1, "host_queued_start": 1585500545.805412, "device_queued": -1, "device_end": -1, "host_queued_end": 1585500545.812016}, "device": "gpu", "nd_range": {"device_start": 1585500482.8936024, "device_end": 1585500482.8951054}, "cmdq": 0, "read": {"device_start": -1, "device_end": -1}}, "FFC_sans_bias63": {"write": {"device_start": 1585500482.8889322, "host_queued_start": 1585500545.800725, "device_queued": 1585500482.8850398, "device_end": 1585500482.8889575, "host_queued_end": 1585500545.812016}, "device": "gpu", "nd_range": {"device_start": 1585500482.8889701, "device_end": 1585500482.891241}, "cmdq": 4, "read": {"device_start": -1, "device_end": -1}}, "FFC_sans_bias49": {"write": {"device_start": -1, "host_queued_start": 1585500545.803236, "device_queued": -1, "device_end": -1, "host_queued_end": 1585500545.812016}, "device": "gpu", "nd_range": {"device_start": 1585500482.891077, "device_end": 1585500482.8926785}, "cmdq": 2, "read": {"device_start": -1, "device_end": -1}}, "FFC_sans_bias64": {"write": {"device_start": 1585500482.8879478, "host_queued_start": 1585500545.798647, "device_queued": 1585500482.885005, "device_end": 1585500482.8879802, "host_queued_end": 1585500545.812016}, "device": "gpu", "nd_range": {"device_start": 1585500482.8879893, "device_end": 1585500482.8902547}, "cmdq": 2, "read": {"device_start": -1, "device_end": -1}}, "FFC_sans_bias65": {"write": {"device_start": 1585500482.888391, "host_queued_start": 1585500545.799685, "device_queued": 1585500482.885025, "device_end": 1585500482.888423, "host_queued_end": 1585500545.812016}, "device": "gpu", "nd_range": {"device_start": 1585500482.888427, "device_end": 1585500482.8907065}, "cmdq": 3, "read": {"device_start": -1, "device_end": -1}}, "FFC_sans_bias67": {"write": {"device_start": -1, "host_queued_start": 1585500545.803864, "device_queued": -1, "device_end": -1, "host_queued_end": 1585500545.812016}, "device": "gpu", "nd_range": {"device_start": 1585500482.893046, "device_end": 1585500482.893662}, "cmdq": 4, "read": {"device_start": -1, "device_end": -1}}, "FFC_sans_bias24": {"write": {"device_start": -1, "host_queued_start": 1585500545.830498, "device_queued": -1, "device_end": -1, "host_queued_end": 1585500545.833555}, "device": "cpu", "nd_range": {"device_start": 2168320.075363241, "device_end": 2168320.084032602}, "cmdq": 3, "read": {"device_start": -1, "device_end": -1}}, "FFC_sans_bias25": {"write": {"device_start": -1, "host_queued_start": 1585500545.833511, "device_queued": -1, "device_end": -1, "host_queued_end": 1585500545.833555}, "device": "cpu", "nd_range": {"device_start": 2168320.093027463, "device_end": 2168320.1071688333}, "cmdq": 2, "read": {"device_start": -1, "device_end": -1}}, "FFC_sans_bias27": {"write": {"device_start": 1585500482.8838003, "host_queued_start": 1585500545.785805, "device_queued": 1585500482.883723, "device_end": 1585500482.8838537, "host_queued_end": 1585500545.812016}, "device": "gpu", "nd_range": {"device_start": 1585500482.883862, "device_end": 1585500482.8844662}, "cmdq": 0, "read": {"device_start": -1, "device_end": -1}}, "FFC_sans_bias20": {"write": {"device_start": -1, "host_queued_start": 1585500545.826366, "device_queued": -1, "device_end": -1, "host_queued_end": 1585500545.833555}, "device": "cpu", "nd_range": {"device_start": 2168320.057658094, "device_end": 2168320.06908155}, "cmdq": 3, "read": {"device_start": -1, "device_end": -1}}, "FFC_sans_bias22": {"write": {"device_start": -1, "host_queued_start": 1585500545.828648, "device_queued": -1, "device_end": -1, "host_queued_end": 1585500545.833555}, "device": "cpu", "nd_range": {"device_start": 2168320.058862397, "device_end": 2168320.071341203}, "cmdq": 1, "read": {"device_start": -1, "device_end": -1}}, "softmax68": {"write": {"device_start": -1, "host_queued_start": 1585500545.805104, "device_queued": -1, "device_end": -1, "host_queued_end": 1585500545.812016}, "device": "gpu", "nd_range": {"device_start": 1585500482.8936634, "device_end": 1585500482.895273}, "cmdq": 4, "read": {"device_start": -1, "device_end": -1}}, "softmax5": {"write": {"device_start": -1, "host_queued_start": 1585500545.828929, "device_queued": -1, "device_end": -1, "host_queued_end": 1585500545.833555}, "device": "cpu", "nd_range": {"device_start": 2168320.075192863, "device_end": 2168320.075345011}, "cmdq": 2, "read": {"device_start": -1, "device_end": -1}}, "FFC_sans_bias28": {"write": {"device_start": 1585500482.883887, "host_queued_start": 1585500545.786868, "device_queued": 1585500482.883773, "device_end": 1585500482.8839173, "host_queued_end": 1585500545.812016}, "device": "gpu", "nd_range": {"device_start": 1585500482.8839993, "device_end": 1585500482.8848784}, "cmdq": 1, "read": {"device_start": -1, "device_end": -1}}, "FFC_sans_bias29": {"write": {"device_start": 1585500482.8840249, "host_queued_start": 1585500545.787938, "device_queued": 1585500482.8839266, "device_end": 1585500482.884086, "host_queued_end": 1585500545.812016}, "device": "gpu", "nd_range": {"device_start": 1585500482.8841872, "device_end": 1585500482.8854337}, "cmdq": 2, "read": {"device_start": -1, "device_end": -1}}, "empty17": {"write": {"device_start": -1, "host_queued_start": 1585500545.814785, "device_queued": -1, "device_end": -1, "host_queued_end": 1585500545.833555}, "device": "cpu", "nd_range": {"device_start": 2168320.023150364, "device_end": 2168320.0231622}, "cmdq": 1, "read": {"device_start": -1, "device_end": -1}}, "softmax59": {"write": {"device_start": -1, "host_queued_start": 1585500545.804854, "device_queued": -1, "device_end": -1, "host_queued_end": 1585500545.812016}, "device": "gpu", "nd_range": {"device_start": 1585500482.8931668, "device_end": 1585500482.8938544}, "cmdq": 3, "read": {"device_start": -1, "device_end": -1}}, "empty71": {"write": {"device_start": 1585500482.883706, "host_queued_start": 1585500545.784805, "device_queued": 1585500482.8836079, "device_end": 1585500482.8837316, "host_queued_end": 1585500545.812016}, "device": "gpu", "nd_range": {"device_start": 1585500482.883736, "device_end": 1585500482.8837397}, "cmdq": 4, "read": {"device_start": -1, "device_end": -1}}, "empty35": {"write": {"device_start": 1585500482.883344, "host_queued_start": 1585500545.781196, "device_queued": 1585500482.883193, "device_end": 1585500482.8833702, "host_queued_end": 1585500545.812016}, "device": "gpu", "nd_range": {"device_start": 1585500482.883375, "device_end": 1585500482.8833807}, "cmdq": 0, "read": {"device_start": -1, "device_end": -1}}, "empty53": {"write": {"device_start": 1585500482.8835316, "host_queued_start": 1585500545.783126, "device_queued": 1585500482.8833623, "device_end": 1585500482.883595, "host_queued_end": 1585500545.812016}, "device": "gpu", "nd_range": {"device_start": 1585500482.8836873, "device_end": 1585500482.8836982}, "cmdq": 2, "read": {"device_start": -1, "device_end": -1}}, "FFC_sans_bias46": {"write": {"device_start": 1585500482.8855195, "host_queued_start": 1585500545.793343, "device_queued": 1585500482.8844054, "device_end": 1585500482.8855443, "host_queued_end": 1585500545.812016}, "device": "gpu", "nd_range": {"device_start": 1585500482.8855493, "device_end": 1585500482.8878446}, "cmdq": 2, "read": {"device_start": -1, "device_end": -1}}, "coalesced_transpose66": {"write": {"device_start": -1, "host_queued_start": 1585500545.802259, "device_queued": -1, "device_end": -1, "host_queued_end": 1585500545.812016}, "device": "gpu", "nd_range": {"device_start": 1585500482.8912525, "device_end": 1585500482.8930445}, "cmdq": 4, "read": {"device_start": -1, "device_end": -1}}, "coalesced_transpose48": {"write": {"device_start": -1, "host_queued_start": 1585500545.801656, "device_queued": -1, "device_end": -1, "host_queued_end": 1585500545.812016}, "device": "gpu", "nd_range": {"device_start": 1585500482.890256, "device_end": 1585500482.8910758}, "cmdq": 2, "read": {"device_start": -1, "device_end": -1}}}