{"FFC_sans_bias60": {"write": {"device_start": -1, "host_queued_start": 1585499993.35447, "device_queued": -1, "device_end": -1, "host_queued_end": 1585499993.359227}, "device": "gpu", "nd_range": {"device_start": 1585499930.459413, "device_end": 1585499930.4600122}, "cmdq": 0, "read": {"device_start": -1, "device_end": -1}}, "FFC_sans_bias4": {"write": {"device_start": -1, "host_queued_start": 1585499993.379023, "device_queued": -1, "device_end": -1, "host_queued_end": 1585499993.386885}, "device": "cpu", "nd_range": {"device_start": 2167767.621953815, "device_end": 2167767.628456502}, "cmdq": 0, "read": {"device_start": -1, "device_end": -1}}, "FFC_sans_bias7": {"write": {"device_start": -1, "host_queued_start": 1585499993.383718, "device_queued": -1, "device_end": -1, "host_queued_end": 1585499993.386885}, "device": "cpu", "nd_range": {"device_start": 2167767.64907226, "device_end": 2167767.65695047}, "cmdq": 0, "read": {"device_start": -1, "device_end": -1}}, "FFC_sans_bias6": {"write": {"device_start": -1, "host_queued_start": 1585499993.381531, "device_queued": -1, "device_end": -1, "host_queued_end": 1585499993.386885}, "device": "cpu", "nd_range": {"device_start": 2167767.6373525653, "device_end": 2167767.643103466}, "cmdq": 0, "read": {"device_start": -1, "device_end": -1}}, "FFC_sans_bias1": {"write": {"device_start": -1, "host_queued_start": 1585499993.365832, "device_queued": -1, "device_end": -1, "host_queued_end": 1585499993.386885}, "device": "cpu", "nd_range": {"device_start": 2167767.5765146273, "device_end": 2167767.584374282}, "cmdq": 1, "read": {"device_start": -1, "device_end": -1}}, "FFC_sans_bias0": {"write": {"device_start": -1, "host_queued_start": 1585499993.364662, "device_queued": -1, "device_end": -1, "host_queued_end": 1585499993.386885}, "device": "cpu", "nd_range": {"device_start": 2167767.57651688, "device_end": 2167767.58570114}, "cmdq": 0, "read": {"device_start": -1, "device_end": -1}}, "FFC_sans_bias2": {"write": {"device_start": -1, "host_queued_start": 1585499993.366967, "device_queued": -1, "device_end": -1, "host_queued_end": 1585499993.386885}, "device": "cpu", "nd_range": {"device_start": 2167767.588463028, "device_end": 2167767.5942092333}, "cmdq": 0, "read": {"device_start": -1, "device_end": -1}}, "FFC_sans_bias61": {"write": {"device_start": 1585499930.4623916, "host_queued_start": 1585499993.358032, "device_queued": 1585499930.447938, "device_end": 1585499930.4624224, "host_queued_end": 1585499993.359227}, "device": "gpu", "nd_range": {"device_start": 1585499930.4624267, "device_end": 1585499930.4630175}, "cmdq": 0, "read": {"device_start": 1585499930.46302, "device_end": 1585499930.4630446}}, "FFC_sans_bias52": {"write": {"device_start": 1585499930.4615738, "host_queued_start": 1585499993.35695, "device_queued": 1585499930.447751, "device_end": 1585499930.4616032, "host_queued_end": 1585499993.359227}, "device": "gpu", "nd_range": {"device_start": 1585499930.4616094, "device_end": 1585499930.462207}, "cmdq": 0, "read": {"device_start": 1585499930.4622114, "device_end": 1585499930.4622352}}, "FFC_sans_bias9": {"write": {"device_start": -1, "host_queued_start": 1585499993.368162, "device_queued": -1, "device_end": -1, "host_queued_end": 1585499993.386885}, "device": "cpu", "nd_range": {"device_start": 2167767.584491432, "device_end": 2167767.5895324093}, "cmdq": 1, "read": {"device_start": -1, "device_end": -1}}, "coalesced_transpose39": {"write": {"device_start": -1, "host_queued_start": 1585499993.350232, "device_queued": -1, "device_end": -1, "host_queued_end": 1585499993.359227}, "device": "gpu", "nd_range": {"device_start": 1585499930.454926, "device_end": 1585499930.4549344}, "cmdq": 0, "read": {"device_start": -1, "device_end": -1}}, "FFC_sans_bias55": {"write": {"device_start": 1585499930.4520826, "host_queued_start": 1585499993.346642, "device_queued": 1585499930.446674, "device_end": 1585499930.4521062, "host_queued_end": 1585499993.359227}, "device": "gpu", "nd_range": {"device_start": 1585499930.452113, "device_end": 1585499930.4527137}, "cmdq": 0, "read": {"device_start": -1, "device_end": -1}}, "FFC_sans_bias54": {"write": {"device_start": 1585499930.4513514, "host_queued_start": 1585499993.345521, "device_queued": 1585499930.4465377, "device_end": 1585499930.4513805, "host_queued_end": 1585499993.359227}, "device": "gpu", "nd_range": {"device_start": 1585499930.451387, "device_end": 1585499930.4519908}, "cmdq": 0, "read": {"device_start": -1, "device_end": -1}}, "FFC_sans_bias56": {"write": {"device_start": 1585499930.4506326, "host_queued_start": 1585499993.344264, "device_queued": 1585499930.44649, "device_end": 1585499930.4506626, "host_queued_end": 1585499993.359227}, "device": "gpu", "nd_range": {"device_start": 1585499930.4506655, "device_end": 1585499930.4512613}, "cmdq": 0, "read": {"device_start": -1, "device_end": -1}}, "FFC_sans_bias51": {"write": {"device_start": -1, "host_queued_start": 1585499993.35415, "device_queued": -1, "device_end": -1, "host_queued_end": 1585499993.359227}, "device": "gpu", "nd_range": {"device_start": 1585499930.4588096, "device_end": 1585499930.4594119}, "cmdq": 0, "read": {"device_start": -1, "device_end": -1}}, "softmax23": {"write": {"device_start": -1, "host_queued_start": 1585499993.380915, "device_queued": -1, "device_end": -1, "host_queued_end": 1585499993.386885}, "device": "cpu", "nd_range": {"device_start": 2167767.6371026, "device_end": 2167767.637235627}, "cmdq": 0, "read": {"device_start": -1, "device_end": -1}}, "FFC_sans_bias37": {"write": {"device_start": 1585499930.4470773, "host_queued_start": 1585499993.338801, "device_queued": 1585499930.4458988, "device_end": 1585499930.4471016, "host_queued_end": 1585499993.359227}, "device": "gpu", "nd_range": {"device_start": 1585499930.4471042, "device_end": 1585499930.4477003}, "cmdq": 0, "read": {"device_start": -1, "device_end": -1}}, "empty62": {"write": {"device_start": 1585499930.4459548, "host_queued_start": 1585499993.335787, "device_queued": 1585499930.4456546, "device_end": 1585499930.44598, "host_queued_end": 1585499993.359227}, "device": "gpu", "nd_range": {"device_start": 1585499930.4459825, "device_end": 1585499930.445986}, "cmdq": 0, "read": {"device_start": -1, "device_end": -1}}, "FFC_sans_bias70": {"write": {"device_start": 1585499930.4631946, "host_queued_start": 1585499993.359122, "device_queued": 1585499930.4479902, "device_end": 1585499930.4632235, "host_queued_end": 1585499993.359227}, "device": "gpu", "nd_range": {"device_start": 1585499930.4632263, "device_end": 1585499930.4638245}, "cmdq": 0, "read": {"device_start": 1585499930.4638283, "device_end": 1585499930.4638515}}, "FFC_sans_bias58": {"write": {"device_start": -1, "host_queued_start": 1585499993.352156, "device_queued": -1, "device_end": -1, "host_queued_end": 1585499993.359227}, "device": "gpu", "nd_range": {"device_start": 1585499930.4561574, "device_end": 1585499930.456758}, "cmdq": 0, "read": {"device_start": -1, "device_end": -1}}, "softmax41": {"write": {"device_start": -1, "host_queued_start": 1585499993.352744, "device_queued": -1, "device_end": -1, "host_queued_end": 1585499993.359227}, "device": "gpu", "nd_range": {"device_start": 1585499930.4573557, "device_end": 1585499930.457568}, "cmdq": 0, "read": {"device_start": -1, "device_end": -1}}, "FFC_sans_bias11": {"write": {"device_start": -1, "host_queued_start": 1585499993.370367, "device_queued": -1, "device_end": -1, "host_queued_end": 1585499993.386885}, "device": "cpu", "nd_range": {"device_start": 2167767.590424167, "device_end": 2167767.598292238}, "cmdq": 1, "read": {"device_start": -1, "device_end": -1}}, "FFC_sans_bias10": {"write": {"device_start": -1, "host_queued_start": 1585499993.369274, "device_queued": -1, "device_end": -1, "host_queued_end": 1585499993.386885}, "device": "cpu", "nd_range": {"device_start": 2167767.5943241813, "device_end": 2167767.600978145}, "cmdq": 0, "read": {"device_start": -1, "device_end": -1}}, "coalesced_transpose3": {"write": {"device_start": -1, "host_queued_start": 1585499993.377549, "device_queued": -1, "device_end": -1, "host_queued_end": 1585499993.386885}, "device": "cpu", "nd_range": {"device_start": 2167767.621249889, "device_end": 2167767.6214965032}, "cmdq": 0, "read": {"device_start": -1, "device_end": -1}}, "FFC_sans_bias34": {"write": {"device_start": -1, "host_queued_start": 1585499993.38684, "device_queued": -1, "device_end": -1, "host_queued_end": 1585499993.386885}, "device": "cpu", "nd_range": {"device_start": 2167767.6787332743, "device_end": 2167767.683672126}, "cmdq": 1, "read": {"device_start": -1, "device_end": -1}}, "FFC_sans_bias15": {"write": {"device_start": -1, "host_queued_start": 1585499993.381893, "device_queued": -1, "device_end": -1, "host_queued_end": 1585499993.386885}, "device": "cpu", "nd_range": {"device_start": 2167767.666393605, "device_end": 2167767.6702543003}, "cmdq": 1, "read": {"device_start": -1, "device_end": -1}}, "FFC_sans_bias31": {"write": {"device_start": -1, "host_queued_start": 1585499993.380062, "device_queued": -1, "device_end": -1, "host_queued_end": 1585499993.386885}, "device": "cpu", "nd_range": {"device_start": 2167767.651963135, "device_end": 2167767.663292477}, "cmdq": 1, "read": {"device_start": -1, "device_end": -1}}, "FFC_sans_bias16": {"write": {"device_start": -1, "host_queued_start": 1585499993.384755, "device_queued": -1, "device_end": -1, "host_queued_end": 1585499993.386885}, "device": "cpu", "nd_range": {"device_start": 2167767.67442444, "device_end": 2167767.6787297013}, "cmdq": 1, "read": {"device_start": -1, "device_end": -1}}, "FFC_sans_bias19": {"write": {"device_start": -1, "host_queued_start": 1585499993.372558, "device_queued": -1, "device_end": -1, "host_queued_end": 1585499993.386885}, "device": "cpu", "nd_range": {"device_start": 2167767.60628345, "device_end": 2167767.611311548}, "cmdq": 1, "read": {"device_start": -1, "device_end": -1}}, "FFC_sans_bias18": {"write": {"device_start": -1, "host_queued_start": 1585499993.371463, "device_queued": -1, "device_end": -1, "host_queued_end": 1585499993.386885}, "device": "cpu", "nd_range": {"device_start": 2167767.6011006963, "device_end": 2167767.6073839283}, "cmdq": 0, "read": {"device_start": -1, "device_end": -1}}, "coalesced_transpose30": {"write": {"device_start": -1, "host_queued_start": 1585499993.378687, "device_queued": -1, "device_end": -1, "host_queued_end": 1585499993.386885}, "device": "cpu", "nd_range": {"device_start": 2167767.642981106, "device_end": 2167767.6430917312}, "cmdq": 1, "read": {"device_start": -1, "device_end": -1}}, "FFC_sans_bias69": {"write": {"device_start": -1, "host_queued_start": 1585499993.354793, "device_queued": -1, "device_end": -1, "host_queued_end": 1585499993.359227}, "device": "gpu", "nd_range": {"device_start": 1585499930.4600136, "device_end": 1585499930.4606102}, "cmdq": 0, "read": {"device_start": -1, "device_end": -1}}, "FFC_sans_bias38": {"write": {"device_start": 1585499930.4477797, "host_queued_start": 1585499993.339902, "device_queued": 1585499930.4460607, "device_end": 1585499930.4478045, "host_queued_end": 1585499993.359227}, "device": "gpu", "nd_range": {"device_start": 1585499930.4478073, "device_end": 1585499930.4484}, "cmdq": 0, "read": {"device_start": -1, "device_end": -1}}, "coalesced_transpose57": {"write": {"device_start": -1, "host_queued_start": 1585499993.350881, "device_queued": -1, "device_end": -1, "host_queued_end": 1585499993.359227}, "device": "gpu", "nd_range": {"device_start": 1585499930.4549448, "device_end": 1585499930.454953}, "cmdq": 0, "read": {"device_start": -1, "device_end": -1}}, "empty26": {"write": {"device_start": -1, "host_queued_start": 1585499993.362716, "device_queued": -1, "device_end": -1, "host_queued_end": 1585499993.386885}, "device": "cpu", "nd_range": {"device_start": 2167767.576507403, "device_end": 2167767.576508251}, "cmdq": 0, "read": {"device_start": -1, "device_end": -1}}, "coalesced_transpose12": {"write": {"device_start": -1, "host_queued_start": 1585499993.377891, "device_queued": -1, "device_end": -1, "host_queued_end": 1585499993.386885}, "device": "cpu", "nd_range": {"device_start": 2167767.642425301, "device_end": 2167767.64263805}, "cmdq": 1, "read": {"device_start": -1, "device_end": -1}}, "empty44": {"write": {"device_start": 1585499930.445586, "host_queued_start": 1585499993.333804, "device_queued": 1585499930.4454556, "device_end": 1585499930.4456131, "host_queued_end": 1585499993.359227}, "device": "gpu", "nd_range": {"device_start": 1585499930.445621, "device_end": 1585499930.4456258}, "cmdq": 0, "read": {"device_start": -1, "device_end": -1}}, "coalesced_transpose21": {"write": {"device_start": -1, "host_queued_start": 1585499993.378252, "device_queued": -1, "device_end": -1, "host_queued_end": 1585499993.386885}, "device": "cpu", "nd_range": {"device_start": 2167767.6216093083, "device_end": 2167767.6218448402}, "cmdq": 0, "read": {"device_start": -1, "device_end": -1}}, "FFC_sans_bias36": {"write": {"device_start": 1585499930.446353, "host_queued_start": 1585499993.337665, "device_queued": 1585499930.4458425, "device_end": 1585499930.4463775, "host_queued_end": 1585499993.359227}, "device": "gpu", "nd_range": {"device_start": 1585499930.4463859, "device_end": 1585499930.44698}, "cmdq": 0, "read": {"device_start": -1, "device_end": -1}}, "softmax14": {"write": {"device_start": -1, "host_queued_start": 1585499993.380638, "device_queued": -1, "device_end": -1, "host_queued_end": 1585499993.386885}, "device": "cpu", "nd_range": {"device_start": 2167767.663300647, "device_end": 2167767.666117016}, "cmdq": 1, "read": {"device_start": -1, "device_end": -1}}, "FFC_sans_bias13": {"write": {"device_start": -1, "host_queued_start": 1585499993.379361, "device_queued": -1, "device_end": -1, "host_queued_end": 1585499993.386885}, "device": "cpu", "nd_range": {"device_start": 2167767.643335257, "device_end": 2167767.651955015}, "cmdq": 1, "read": {"device_start": -1, "device_end": -1}}, "empty8": {"write": {"device_start": -1, "host_queued_start": 1585499993.360749, "device_queued": -1, "device_end": -1, "host_queued_end": 1585499993.386885}, "device": "cpu", "nd_range": {"device_start": 2167767.57648041, "device_end": 2167767.5764888073}, "cmdq": 0, "read": {"device_start": -1, "device_end": -1}}, "FFC_sans_bias42": {"write": {"device_start": -1, "host_queued_start": 1585499993.353835, "device_queued": -1, "device_end": -1, "host_queued_end": 1585499993.359227}, "device": "gpu", "nd_range": {"device_start": 1585499930.4582033, "device_end": 1585499930.4588084}, "cmdq": 0, "read": {"device_start": -1, "device_end": -1}}, "FFC_sans_bias43": {"write": {"device_start": 1585499930.4607322, "host_queued_start": 1585499993.35585, "device_queued": 1585499930.447676, "device_end": 1585499930.4607592, "host_queued_end": 1585499993.359227}, "device": "gpu", "nd_range": {"device_start": 1585499930.4607627, "device_end": 1585499930.461358}, "cmdq": 0, "read": {"device_start": 1585499930.46136, "device_end": 1585499930.4613912}}, "FFC_sans_bias40": {"write": {"device_start": -1, "host_queued_start": 1585499993.351511, "device_queued": -1, "device_end": -1, "host_queued_end": 1585499993.359227}, "device": "gpu", "nd_range": {"device_start": 1585499930.454964, "device_end": 1585499930.4555545}, "cmdq": 0, "read": {"device_start": -1, "device_end": -1}}, "softmax32": {"write": {"device_start": -1, "host_queued_start": 1585499993.381189, "device_queued": -1, "device_end": -1, "host_queued_end": 1585499993.386885}, "device": "cpu", "nd_range": {"device_start": 2167767.666133339, "device_end": 2167767.666226318}, "cmdq": 1, "read": {"device_start": -1, "device_end": -1}}, "FFC_sans_bias47": {"write": {"device_start": 1585499930.4499135, "host_queued_start": 1585499993.34318, "device_queued": 1585499930.4463096, "device_end": 1585499930.4499416, "host_queued_end": 1585499993.359227}, "device": "gpu", "nd_range": {"device_start": 1585499930.4499516, "device_end": 1585499930.4505424}, "cmdq": 0, "read": {"device_start": -1, "device_end": -1}}, "FFC_sans_bias45": {"write": {"device_start": 1585499930.4484813, "host_queued_start": 1585499993.340986, "device_queued": 1585499930.4461005, "device_end": 1585499930.4485064, "host_queued_end": 1585499993.359227}, "device": "gpu", "nd_range": {"device_start": 1585499930.4485126, "device_end": 1585499930.4491105}, "cmdq": 0, "read": {"device_start": -1, "device_end": -1}}, "softmax50": {"write": {"device_start": -1, "host_queued_start": 1585499993.353004, "device_queued": -1, "device_end": -1, "host_queued_end": 1585499993.359227}, "device": "gpu", "nd_range": {"device_start": 1585499930.4575691, "device_end": 1585499930.4577796}, "cmdq": 0, "read": {"device_start": -1, "device_end": -1}}, "FFC_sans_bias33": {"write": {"device_start": -1, "host_queued_start": 1585499993.382626, "device_queued": -1, "device_end": -1, "host_queued_end": 1585499993.386885}, "device": "cpu", "nd_range": {"device_start": 2167767.670261668, "device_end": 2167767.6744181663}, "cmdq": 1, "read": {"device_start": -1, "device_end": -1}}, "FFC_sans_bias63": {"write": {"device_start": 1585499930.4542913, "host_queued_start": 1585499993.349897, "device_queued": 1585499930.4469054, "device_end": 1585499930.454321, "host_queued_end": 1585499993.359227}, "device": "gpu", "nd_range": {"device_start": 1585499930.4543269, "device_end": 1585499930.4549243}, "cmdq": 0, "read": {"device_start": -1, "device_end": -1}}, "FFC_sans_bias49": {"write": {"device_start": -1, "host_queued_start": 1585499993.351841, "device_queued": -1, "device_end": -1, "host_queued_end": 1585499993.359227}, "device": "gpu", "nd_range": {"device_start": 1585499930.4555557, "device_end": 1585499930.4561565}, "cmdq": 0, "read": {"device_start": -1, "device_end": -1}}, "FFC_sans_bias64": {"write": {"device_start": 1585499930.452831, "host_queued_start": 1585499993.347729, "device_queued": 1585499930.4467263, "device_end": 1585499930.45286, "host_queued_end": 1585499993.359227}, "device": "gpu", "nd_range": {"device_start": 1585499930.4528666, "device_end": 1585499930.4534647}, "cmdq": 0, "read": {"device_start": -1, "device_end": -1}}, "FFC_sans_bias65": {"write": {"device_start": 1585499930.4535654, "host_queued_start": 1585499993.348813, "device_queued": 1585499930.446862, "device_end": 1585499930.453596, "host_queued_end": 1585499993.359227}, "device": "gpu", "nd_range": {"device_start": 1585499930.453599, "device_end": 1585499930.4541996}, "cmdq": 0, "read": {"device_start": -1, "device_end": -1}}, "FFC_sans_bias67": {"write": {"device_start": -1, "host_queued_start": 1585499993.352489, "device_queued": -1, "device_end": -1, "host_queued_end": 1585499993.359227}, "device": "gpu", "nd_range": {"device_start": 1585499930.45676, "device_end": 1585499930.4573543}, "cmdq": 0, "read": {"device_start": -1, "device_end": -1}}, "FFC_sans_bias24": {"write": {"device_start": -1, "host_queued_start": 1585499993.382259, "device_queued": -1, "device_end": -1, "host_queued_end": 1585499993.386885}, "device": "cpu", "nd_range": {"device_start": 2167767.643134227, "device_end": 2167767.648961359}, "cmdq": 0, "read": {"device_start": -1, "device_end": -1}}, "FFC_sans_bias25": {"write": {"device_start": -1, "host_queued_start": 1585499993.385794, "device_queued": -1, "device_end": -1, "host_queued_end": 1585499993.386885}, "device": "cpu", "nd_range": {"device_start": 2167767.656955611, "device_end": 2167767.6657118853}, "cmdq": 0, "read": {"device_start": -1, "device_end": -1}}, "FFC_sans_bias27": {"write": {"device_start": -1, "host_queued_start": 1585499993.374788, "device_queued": -1, "device_end": -1, "host_queued_end": 1585499993.386885}, "device": "cpu", "nd_range": {"device_start": 2167767.6164636393, "device_end": 2167767.631611351}, "cmdq": 1, "read": {"device_start": -1, "device_end": -1}}, "FFC_sans_bias20": {"write": {"device_start": -1, "host_queued_start": 1585499993.373675, "device_queued": -1, "device_end": -1, "host_queued_end": 1585499993.386885}, "device": "cpu", "nd_range": {"device_start": 2167767.607507436, "device_end": 2167767.615129106}, "cmdq": 0, "read": {"device_start": -1, "device_end": -1}}, "FFC_sans_bias22": {"write": {"device_start": -1, "host_queued_start": 1585499993.379715, "device_queued": -1, "device_end": -1, "host_queued_end": 1585499993.386885}, "device": "cpu", "nd_range": {"device_start": 2167767.628579188, "device_end": 2167767.6366693024}, "cmdq": 0, "read": {"device_start": -1, "device_end": -1}}, "softmax68": {"write": {"device_start": -1, "host_queued_start": 1585499993.353525, "device_queued": -1, "device_end": -1, "host_queued_end": 1585499993.359227}, "device": "gpu", "nd_range": {"device_start": 1585499930.4579928, "device_end": 1585499930.4582021}, "cmdq": 0, "read": {"device_start": -1, "device_end": -1}}, "softmax5": {"write": {"device_start": -1, "host_queued_start": 1585499993.380343, "device_queued": -1, "device_end": -1, "host_queued_end": 1585499993.386885}, "device": "cpu", "nd_range": {"device_start": 2167767.636781422, "device_end": 2167767.6369979223}, "cmdq": 0, "read": {"device_start": -1, "device_end": -1}}, "FFC_sans_bias28": {"write": {"device_start": -1, "host_queued_start": 1585499993.376008, "device_queued": -1, "device_end": -1, "host_queued_end": 1585499993.386885}, "device": "cpu", "nd_range": {"device_start": 2167767.6151357293, "device_end": 2167767.621130406}, "cmdq": 0, "read": {"device_start": -1, "device_end": -1}}, "FFC_sans_bias29": {"write": {"device_start": -1, "host_queued_start": 1585499993.377159, "device_queued": -1, "device_end": -1, "host_queued_end": 1585499993.386885}, "device": "cpu", "nd_range": {"device_start": 2167767.631790393, "device_end": 2167767.642302088}, "cmdq": 1, "read": {"device_start": -1, "device_end": -1}}, "empty17": {"write": {"device_start": -1, "host_queued_start": 1585499993.361765, "device_queued": -1, "device_end": -1, "host_queued_end": 1585499993.386885}, "device": "cpu", "nd_range": {"device_start": 2167767.576474133, "device_end": 2167767.576486208}, "cmdq": 1, "read": {"device_start": -1, "device_end": -1}}, "softmax59": {"write": {"device_start": -1, "host_queued_start": 1585499993.353261, "device_queued": -1, "device_end": -1, "host_queued_end": 1585499993.359227}, "device": "gpu", "nd_range": {"device_start": 1585499930.4577813, "device_end": 1585499930.4579916}, "cmdq": 0, "read": {"device_start": -1, "device_end": -1}}, "empty71": {"write": {"device_start": 1585499930.4461482, "host_queued_start": 1585499993.336644, "device_queued": 1585499930.44568, "device_end": 1585499930.4461746, "host_queued_end": 1585499993.359227}, "device": "gpu", "nd_range": {"device_start": 1585499930.4461827, "device_end": 1585499930.4461865}, "cmdq": 0, "read": {"device_start": -1, "device_end": -1}}, "empty35": {"write": {"device_start": -1, "host_queued_start": 1585499993.363641, "device_queued": -1, "device_end": -1, "host_queued_end": 1585499993.386885}, "device": "cpu", "nd_range": {"device_start": 2167767.5765064573, "device_end": 2167767.5765076634}, "cmdq": 1, "read": {"device_start": -1, "device_end": -1}}, "empty53": {"write": {"device_start": 1585499930.445752, "host_queued_start": 1585499993.334929, "device_queued": 1585499930.4456096, "device_end": 1585499930.4457786, "host_queued_end": 1585499993.359227}, "device": "gpu", "nd_range": {"device_start": 1585499930.4457912, "device_end": 1585499930.4457946}, "cmdq": 0, "read": {"device_start": -1, "device_end": -1}}, "FFC_sans_bias46": {"write": {"device_start": 1585499930.4491937, "host_queued_start": 1585499993.342063, "device_queued": 1585499930.4462683, "device_end": 1585499930.4492235, "host_queued_end": 1585499993.359227}, "device": "gpu", "nd_range": {"device_start": 1585499930.4492326, "device_end": 1585499930.4498236}, "cmdq": 0, "read": {"device_start": -1, "device_end": -1}}, "coalesced_transpose66": {"write": {"device_start": -1, "host_queued_start": 1585499993.35119, "device_queued": -1, "device_end": -1, "host_queued_end": 1585499993.359227}, "device": "gpu", "nd_range": {"device_start": 1585499930.4549541, "device_end": 1585499930.4549625}, "cmdq": 0, "read": {"device_start": -1, "device_end": -1}}, "coalesced_transpose48": {"write": {"device_start": -1, "host_queued_start": 1585499993.350545, "device_queued": -1, "device_end": -1, "host_queued_end": 1585499993.359227}, "device": "gpu", "nd_range": {"device_start": 1585499930.4549356, "device_end": 1585499930.4549437}, "cmdq": 0, "read": {"device_start": -1, "device_end": -1}}}