{"FFC_sans_bias60": {"write": {"device_start": -1, "host_queued_start": 1585499970.867771, "device_queued": -1, "device_end": -1, "host_queued_end": 1585499970.871337}, "device": "gpu", "nd_range": {"device_start": 1585499907.9685364, "device_end": 1585499907.9691331}, "cmdq": 0, "read": {"device_start": -1, "device_end": -1}}, "FFC_sans_bias4": {"write": {"device_start": -1, "host_queued_start": 1585499970.894758, "device_queued": -1, "device_end": -1, "host_queued_end": 1585499970.90446}, "device": "cpu", "nd_range": {"device_start": 2167745.162407305, "device_end": 2167745.166505935}, "cmdq": 0, "read": {"device_start": -1, "device_end": -1}}, "FFC_sans_bias7": {"write": {"device_start": -1, "host_queued_start": 1585499970.90039, "device_queued": -1, "device_end": -1, "host_queued_end": 1585499970.90446}, "device": "cpu", "nd_range": {"device_start": 2167745.225309439, "device_end": 2167745.2294770693}, "cmdq": 0, "read": {"device_start": -1, "device_end": -1}}, "FFC_sans_bias6": {"write": {"device_start": -1, "host_queued_start": 1585499970.897874, "device_queued": -1, "device_end": -1, "host_queued_end": 1585499970.90446}, "device": "cpu", "nd_range": {"device_start": 2167745.1857343423, "device_end": 2167745.190842035}, "cmdq": 0, "read": {"device_start": -1, "device_end": -1}}, "FFC_sans_bias1": {"write": {"device_start": -1, "host_queued_start": 1585499970.878714, "device_queued": -1, "device_end": -1, "host_queued_end": 1585499970.90446}, "device": "cpu", "nd_range": {"device_start": 2167745.098826961, "device_end": 2167745.102871247}, "cmdq": 0, "read": {"device_start": -1, "device_end": -1}}, "FFC_sans_bias0": {"write": {"device_start": -1, "host_queued_start": 1585499970.87752, "device_queued": -1, "device_end": -1, "host_queued_end": 1585499970.90446}, "device": "cpu", "nd_range": {"device_start": 2167745.0941299913, "device_end": 2167745.0988115952}, "cmdq": 0, "read": {"device_start": -1, "device_end": -1}}, "FFC_sans_bias2": {"write": {"device_start": -1, "host_queued_start": 1585499970.879766, "device_queued": -1, "device_end": -1, "host_queued_end": 1585499970.90446}, "device": "cpu", "nd_range": {"device_start": 2167745.102876789, "device_end": 2167745.106823562}, "cmdq": 0, "read": {"device_start": -1, "device_end": -1}}, "FFC_sans_bias61": {"write": {"device_start": 1585499907.9707184, "host_queued_start": 1585499970.870182, "device_queued": 1585499907.959921, "device_end": 1585499907.9707441, "host_queued_end": 1585499970.871337}, "device": "gpu", "nd_range": {"device_start": 1585499907.9707477, "device_end": 1585499907.9713466}, "cmdq": 0, "read": {"device_start": 1585499907.971355, "device_end": 1585499907.9713776}}, "FFC_sans_bias52": {"write": {"device_start": 1585499907.969886, "host_queued_start": 1585499970.869095, "device_queued": 1585499907.9598641, "device_end": 1585499907.9699113, "host_queued_end": 1585499970.871337}, "device": "gpu", "nd_range": {"device_start": 1585499907.9699197, "device_end": 1585499907.9705122}, "cmdq": 0, "read": {"device_start": 1585499907.9705138, "device_end": 1585499907.9705377}}, "FFC_sans_bias9": {"write": {"device_start": -1, "host_queued_start": 1585499970.880808, "device_queued": -1, "device_end": -1, "host_queued_end": 1585499970.90446}, "device": "cpu", "nd_range": {"device_start": 2167745.106958209, "device_end": 2167745.1107820463}, "cmdq": 0, "read": {"device_start": -1, "device_end": -1}}, "coalesced_transpose39": {"write": {"device_start": -1, "host_queued_start": 1585499970.894315, "device_queued": -1, "device_end": -1, "host_queued_end": 1585499970.90446}, "device": "cpu", "nd_range": {"device_start": 2167745.162211719, "device_end": 2167745.1623041453}, "cmdq": 0, "read": {"device_start": -1, "device_end": -1}}, "FFC_sans_bias55": {"write": {"device_start": 1585499907.9626002, "host_queued_start": 1585499970.861096, "device_queued": 1585499907.9589617, "device_end": 1585499907.9626298, "host_queued_end": 1585499970.871337}, "device": "gpu", "nd_range": {"device_start": 1585499907.962637, "device_end": 1585499907.9632452}, "cmdq": 0, "read": {"device_start": -1, "device_end": -1}}, "FFC_sans_bias54": {"write": {"device_start": 1585499907.9618435, "host_queued_start": 1585499970.860073, "device_queued": 1585499907.9588287, "device_end": 1585499907.9618742, "host_queued_end": 1585499970.871337}, "device": "gpu", "nd_range": {"device_start": 1585499907.9618812, "device_end": 1585499907.9624758}, "cmdq": 0, "read": {"device_start": -1, "device_end": -1}}, "FFC_sans_bias56": {"write": {"device_start": 1585499907.9610581, "host_queued_start": 1585499970.859043, "device_queued": 1585499907.9587817, "device_end": 1585499907.9610884, "host_queued_end": 1585499970.871337}, "device": "gpu", "nd_range": {"device_start": 1585499907.9610958, "device_end": 1585499907.961717}, "cmdq": 0, "read": {"device_start": -1, "device_end": -1}}, "FFC_sans_bias51": {"write": {"device_start": -1, "host_queued_start": 1585499970.867442, "device_queued": -1, "device_end": -1, "host_queued_end": 1585499970.871337}, "device": "gpu", "nd_range": {"device_start": 1585499907.9679394, "device_end": 1585499907.9685352}, "cmdq": 0, "read": {"device_start": -1, "device_end": -1}}, "softmax23": {"write": {"device_start": -1, "host_queued_start": 1585499970.896972, "device_queued": -1, "device_end": -1, "host_queued_end": 1585499970.90446}, "device": "cpu", "nd_range": {"device_start": 2167745.185186656, "device_end": 2167745.185267184}, "cmdq": 0, "read": {"device_start": -1, "device_end": -1}}, "FFC_sans_bias37": {"write": {"device_start": -1, "host_queued_start": 1585499970.891613, "device_queued": -1, "device_end": -1, "host_queued_end": 1585499970.90446}, "device": "cpu", "nd_range": {"device_start": 2167745.1518145544, "device_end": 2167745.156594046}, "cmdq": 0, "read": {"device_start": -1, "device_end": -1}}, "empty62": {"write": {"device_start": 1585499907.9584959, "host_queued_start": 1585499970.85402, "device_queued": 1585499907.9583335, "device_end": 1585499907.9585268, "host_queued_end": 1585499970.871337}, "device": "gpu", "nd_range": {"device_start": 1585499907.9585328, "device_end": 1585499907.9585369}, "cmdq": 0, "read": {"device_start": -1, "device_end": -1}}, "FFC_sans_bias70": {"write": {"device_start": 1585499907.9715536, "host_queued_start": 1585499970.871242, "device_queued": 1585499907.9600792, "device_end": 1585499907.971583, "host_queued_end": 1585499970.871337}, "device": "gpu", "nd_range": {"device_start": 1585499907.9715905, "device_end": 1585499907.9721882}, "cmdq": 0, "read": {"device_start": 1585499907.9721937, "device_end": 1585499907.972217}}, "FFC_sans_bias58": {"write": {"device_start": -1, "host_queued_start": 1585499970.866061, "device_queued": -1, "device_end": -1, "host_queued_end": 1585499970.871337}, "device": "gpu", "nd_range": {"device_start": 1585499907.9661193, "device_end": 1585499907.9667187}, "cmdq": 0, "read": {"device_start": -1, "device_end": -1}}, "softmax41": {"write": {"device_start": -1, "host_queued_start": 1585499970.897529, "device_queued": -1, "device_end": -1, "host_queued_end": 1585499970.90446}, "device": "cpu", "nd_range": {"device_start": 2167745.185553878, "device_end": 2167745.185634422}, "cmdq": 0, "read": {"device_start": -1, "device_end": -1}}, "FFC_sans_bias11": {"write": {"device_start": -1, "host_queued_start": 1585499970.882917, "device_queued": -1, "device_end": -1, "host_queued_end": 1585499970.90446}, "device": "cpu", "nd_range": {"device_start": 2167745.115924584, "device_end": 2167745.120238921}, "cmdq": 0, "read": {"device_start": -1, "device_end": -1}}, "FFC_sans_bias10": {"write": {"device_start": -1, "host_queued_start": 1585499970.881848, "device_queued": -1, "device_end": -1, "host_queued_end": 1585499970.90446}, "device": "cpu", "nd_range": {"device_start": 2167745.110903073, "device_end": 2167745.115918974}, "cmdq": 0, "read": {"device_start": -1, "device_end": -1}}, "coalesced_transpose3": {"write": {"device_start": -1, "host_queued_start": 1585499970.892991, "device_queued": -1, "device_end": -1, "host_queued_end": 1585499970.90446}, "device": "cpu", "nd_range": {"device_start": 2167745.1613585283, "device_end": 2167745.1614700924}, "cmdq": 0, "read": {"device_start": -1, "device_end": -1}}, "FFC_sans_bias34": {"write": {"device_start": -1, "host_queued_start": 1585499970.903406, "device_queued": -1, "device_end": -1, "host_queued_end": 1585499970.90446}, "device": "cpu", "nd_range": {"device_start": 2167745.2399612092, "device_end": 2167745.24472428}, "cmdq": 0, "read": {"device_start": -1, "device_end": -1}}, "FFC_sans_bias15": {"write": {"device_start": -1, "host_queued_start": 1585499970.898241, "device_queued": -1, "device_end": -1, "host_queued_end": 1585499970.90446}, "device": "cpu", "nd_range": {"device_start": 2167745.191023985, "device_end": 2167745.1966824373}, "cmdq": 0, "read": {"device_start": -1, "device_end": -1}}, "FFC_sans_bias31": {"write": {"device_start": -1, "host_queued_start": 1585499970.895789, "device_queued": -1, "device_end": -1, "host_queued_end": 1585499970.90446}, "device": "cpu", "nd_range": {"device_start": 2167745.175766775, "device_end": 2167745.180351368}, "cmdq": 0, "read": {"device_start": -1, "device_end": -1}}, "FFC_sans_bias16": {"write": {"device_start": -1, "host_queued_start": 1585499970.901399, "device_queued": -1, "device_end": -1, "host_queued_end": 1585499970.90446}, "device": "cpu", "nd_range": {"device_start": 2167745.229480614, "device_end": 2167745.23593677}, "cmdq": 0, "read": {"device_start": -1, "device_end": -1}}, "FFC_sans_bias19": {"write": {"device_start": -1, "host_queued_start": 1585499970.885207, "device_queued": -1, "device_end": -1, "host_queued_end": 1585499970.90446}, "device": "cpu", "nd_range": {"device_start": 2167745.124781359, "device_end": 2167745.1293189703}, "cmdq": 0, "read": {"device_start": -1, "device_end": -1}}, "FFC_sans_bias18": {"write": {"device_start": -1, "host_queued_start": 1585499970.884047, "device_queued": -1, "device_end": -1, "host_queued_end": 1585499970.90446}, "device": "cpu", "nd_range": {"device_start": 2167745.1202465473, "device_end": 2167745.124775914}, "cmdq": 0, "read": {"device_start": -1, "device_end": -1}}, "coalesced_transpose30": {"write": {"device_start": -1, "host_queued_start": 1585499970.893986, "device_queued": -1, "device_end": -1, "host_queued_end": 1585499970.90446}, "device": "cpu", "nd_range": {"device_start": 2167745.162015871, "device_end": 2167745.162110562}, "cmdq": 0, "read": {"device_start": -1, "device_end": -1}}, "FFC_sans_bias69": {"write": {"device_start": -1, "host_queued_start": 1585499970.868082, "device_queued": -1, "device_end": -1, "host_queued_end": 1585499970.871337}, "device": "gpu", "nd_range": {"device_start": 1585499907.9691343, "device_end": 1585499907.9697394}, "cmdq": 0, "read": {"device_start": -1, "device_end": -1}}, "FFC_sans_bias38": {"write": {"device_start": -1, "host_queued_start": 1585499970.892663, "device_queued": -1, "device_end": -1, "host_queued_end": 1585499970.90446}, "device": "cpu", "nd_range": {"device_start": 2167745.15659925, "device_end": 2167745.161241596}, "cmdq": 0, "read": {"device_start": -1, "device_end": -1}}, "coalesced_transpose57": {"write": {"device_start": -1, "host_queued_start": 1585499970.865136, "device_queued": -1, "device_end": -1, "host_queued_end": 1585499970.871337}, "device": "gpu", "nd_range": {"device_start": 1585499907.9654994, "device_end": 1585499907.9655082}, "cmdq": 0, "read": {"device_start": -1, "device_end": -1}}, "empty26": {"write": {"device_start": -1, "host_queued_start": 1585499970.874765, "device_queued": -1, "device_end": -1, "host_queued_end": 1585499970.90446}, "device": "cpu", "nd_range": {"device_start": 2167745.094092299, "device_end": 2167745.094092944}, "cmdq": 0, "read": {"device_start": -1, "device_end": -1}}, "coalesced_transpose12": {"write": {"device_start": -1, "host_queued_start": 1585499970.893322, "device_queued": -1, "device_end": -1, "host_queued_end": 1585499970.90446}, "device": "cpu", "nd_range": {"device_start": 2167745.1615890283, "device_end": 2167745.161698772}, "cmdq": 0, "read": {"device_start": -1, "device_end": -1}}, "empty44": {"write": {"device_start": -1, "host_queued_start": 1585499970.876533, "device_queued": -1, "device_end": -1, "host_queued_end": 1585499970.90446}, "device": "cpu", "nd_range": {"device_start": 2167745.0941039124, "device_end": 2167745.094108169}, "cmdq": 0, "read": {"device_start": -1, "device_end": -1}}, "coalesced_transpose21": {"write": {"device_start": -1, "host_queued_start": 1585499970.893657, "device_queued": -1, "device_end": -1, "host_queued_end": 1585499970.90446}, "device": "cpu", "nd_range": {"device_start": 2167745.161807963, "device_end": 2167745.1619079513}, "cmdq": 0, "read": {"device_start": -1, "device_end": -1}}, "FFC_sans_bias36": {"write": {"device_start": -1, "host_queued_start": 1585499970.890539, "device_queued": -1, "device_end": -1, "host_queued_end": 1585499970.90446}, "device": "cpu", "nd_range": {"device_start": 2167745.14730542, "device_end": 2167745.151798172}, "cmdq": 0, "read": {"device_start": -1, "device_end": -1}}, "softmax14": {"write": {"device_start": -1, "host_queued_start": 1585499970.896696, "device_queued": -1, "device_end": -1, "host_queued_end": 1585499970.90446}, "device": "cpu", "nd_range": {"device_start": 2167745.185004874, "device_end": 2167745.185083814}, "cmdq": 0, "read": {"device_start": -1, "device_end": -1}}, "FFC_sans_bias13": {"write": {"device_start": -1, "host_queued_start": 1585499970.895104, "device_queued": -1, "device_end": -1, "host_queued_end": 1585499970.90446}, "device": "cpu", "nd_range": {"device_start": 2167745.16661072, "device_end": 2167745.171146885}, "cmdq": 0, "read": {"device_start": -1, "device_end": -1}}, "empty8": {"write": {"device_start": -1, "host_queued_start": 1585499970.872736, "device_queued": -1, "device_end": -1, "host_queued_end": 1585499970.90446}, "device": "cpu", "nd_range": {"device_start": 2167745.094053285, "device_end": 2167745.094068183}, "cmdq": 0, "read": {"device_start": -1, "device_end": -1}}, "FFC_sans_bias42": {"write": {"device_start": -1, "host_queued_start": 1585499970.899328, "device_queued": -1, "device_end": -1, "host_queued_end": 1585499970.90446}, "device": "cpu", "nd_range": {"device_start": 2167745.220434756, "device_end": 2167745.2253007223}, "cmdq": 0, "read": {"device_start": -1, "device_end": -1}}, "FFC_sans_bias43": {"write": {"device_start": -1, "host_queued_start": 1585499970.904415, "device_queued": -1, "device_end": -1, "host_queued_end": 1585499970.90446}, "device": "cpu", "nd_range": {"device_start": 2167745.244726839, "device_end": 2167745.2490443913}, "cmdq": 0, "read": {"device_start": -1, "device_end": -1}}, "FFC_sans_bias40": {"write": {"device_start": -1, "host_queued_start": 1585499970.896135, "device_queued": -1, "device_end": -1, "host_queued_end": 1585499970.90446}, "device": "cpu", "nd_range": {"device_start": 2167745.1804591473, "device_end": 2167745.1847483753}, "cmdq": 0, "read": {"device_start": -1, "device_end": -1}}, "softmax32": {"write": {"device_start": -1, "host_queued_start": 1585499970.897242, "device_queued": -1, "device_end": -1, "host_queued_end": 1585499970.90446}, "device": "cpu", "nd_range": {"device_start": 2167745.185368866, "device_end": 2167745.185448899}, "cmdq": 0, "read": {"device_start": -1, "device_end": -1}}, "FFC_sans_bias47": {"write": {"device_start": 1585499907.9603066, "host_queued_start": 1585499970.85798, "device_queued": 1585499907.9586196, "device_end": 1585499907.9603431, "host_queued_end": 1585499970.871337}, "device": "gpu", "nd_range": {"device_start": 1585499907.9603512, "device_end": 1585499907.9609463}, "cmdq": 0, "read": {"device_start": -1, "device_end": -1}}, "FFC_sans_bias45": {"write": {"device_start": 1585499907.958859, "host_queued_start": 1585499970.855901, "device_queued": 1585499907.958407, "device_end": 1585499907.9588857, "host_queued_end": 1585499970.871337}, "device": "gpu", "nd_range": {"device_start": 1585499907.9589024, "device_end": 1585499907.9594998}, "cmdq": 0, "read": {"device_start": -1, "device_end": -1}}, "softmax50": {"write": {"device_start": -1, "host_queued_start": 1585499970.866643, "device_queued": -1, "device_end": -1, "host_queued_end": 1585499970.871337}, "device": "gpu", "nd_range": {"device_start": 1585499907.9673176, "device_end": 1585499907.967529}, "cmdq": 0, "read": {"device_start": -1, "device_end": -1}}, "FFC_sans_bias33": {"write": {"device_start": -1, "host_queued_start": 1585499970.89897, "device_queued": -1, "device_end": -1, "host_queued_end": 1585499970.90446}, "device": "cpu", "nd_range": {"device_start": 2167745.203786843, "device_end": 2167745.220130456}, "cmdq": 0, "read": {"device_start": -1, "device_end": -1}}, "FFC_sans_bias63": {"write": {"device_start": 1585499907.9648528, "host_queued_start": 1585499970.864479, "device_queued": 1585499907.9591863, "device_end": 1585499907.9648826, "host_queued_end": 1585499970.871337}, "device": "gpu", "nd_range": {"device_start": 1585499907.9648917, "device_end": 1585499907.9654884}, "cmdq": 0, "read": {"device_start": -1, "device_end": -1}}, "FFC_sans_bias49": {"write": {"device_start": -1, "host_queued_start": 1585499970.865744, "device_queued": -1, "device_end": -1, "host_queued_end": 1585499970.871337}, "device": "gpu", "nd_range": {"device_start": 1585499907.965519, "device_end": 1585499907.9661183}, "cmdq": 0, "read": {"device_start": -1, "device_end": -1}}, "FFC_sans_bias64": {"write": {"device_start": 1585499907.963361, "host_queued_start": 1585499970.862136, "device_queued": 1585499907.9590023, "device_end": 1585499907.9633906, "host_queued_end": 1585499970.871337}, "device": "gpu", "nd_range": {"device_start": 1585499907.9633934, "device_end": 1585499907.963993}, "cmdq": 0, "read": {"device_start": -1, "device_end": -1}}, "FFC_sans_bias65": {"write": {"device_start": 1585499907.964121, "host_queued_start": 1585499970.863252, "device_queued": 1585499907.9591477, "device_end": 1585499907.9641504, "host_queued_end": 1585499970.871337}, "device": "gpu", "nd_range": {"device_start": 1585499907.9641566, "device_end": 1585499907.9647446}, "cmdq": 0, "read": {"device_start": -1, "device_end": -1}}, "FFC_sans_bias67": {"write": {"device_start": -1, "host_queued_start": 1585499970.866368, "device_queued": -1, "device_end": -1, "host_queued_end": 1585499970.871337}, "device": "gpu", "nd_range": {"device_start": 1585499907.9667199, "device_end": 1585499907.9673166}, "cmdq": 0, "read": {"device_start": -1, "device_end": -1}}, "FFC_sans_bias24": {"write": {"device_start": -1, "host_queued_start": 1585499970.898609, "device_queued": -1, "device_end": -1, "host_queued_end": 1585499970.90446}, "device": "cpu", "nd_range": {"device_start": 2167745.1969218273, "device_end": 2167745.203494477}, "cmdq": 0, "read": {"device_start": -1, "device_end": -1}}, "FFC_sans_bias25": {"write": {"device_start": -1, "host_queued_start": 1585499970.902394, "device_queued": -1, "device_end": -1, "host_queued_end": 1585499970.90446}, "device": "cpu", "nd_range": {"device_start": 2167745.235940438, "device_end": 2167745.2399585033}, "cmdq": 0, "read": {"device_start": -1, "device_end": -1}}, "FFC_sans_bias27": {"write": {"device_start": -1, "host_queued_start": 1585499970.887395, "device_queued": -1, "device_end": -1, "host_queued_end": 1585499970.90446}, "device": "cpu", "nd_range": {"device_start": 2167745.1339559793, "device_end": 2167745.138296956}, "cmdq": 0, "read": {"device_start": -1, "device_end": -1}}, "FFC_sans_bias20": {"write": {"device_start": -1, "host_queued_start": 1585499970.886322, "device_queued": -1, "device_end": -1, "host_queued_end": 1585499970.90446}, "device": "cpu", "nd_range": {"device_start": 2167745.129433055, "device_end": 2167745.133949894}, "cmdq": 0, "read": {"device_start": -1, "device_end": -1}}, "FFC_sans_bias22": {"write": {"device_start": -1, "host_queued_start": 1585499970.895446, "device_queued": -1, "device_end": -1, "host_queued_end": 1585499970.90446}, "device": "cpu", "nd_range": {"device_start": 2167745.1712570554, "device_end": 2167745.175658218}, "cmdq": 0, "read": {"device_start": -1, "device_end": -1}}, "softmax68": {"write": {"device_start": -1, "host_queued_start": 1585499970.867135, "device_queued": -1, "device_end": -1, "host_queued_end": 1585499970.871337}, "device": "gpu", "nd_range": {"device_start": 1585499907.9677367, "device_end": 1585499907.9679384}, "cmdq": 0, "read": {"device_start": -1, "device_end": -1}}, "softmax5": {"write": {"device_start": -1, "host_queued_start": 1585499970.89642, "device_queued": -1, "device_end": -1, "host_queued_end": 1585499970.90446}, "device": "cpu", "nd_range": {"device_start": 2167745.18475461, "device_end": 2167745.1848952263}, "cmdq": 0, "read": {"device_start": -1, "device_end": -1}}, "FFC_sans_bias28": {"write": {"device_start": -1, "host_queued_start": 1585499970.88844, "device_queued": -1, "device_end": -1, "host_queued_end": 1585499970.90446}, "device": "cpu", "nd_range": {"device_start": 2167745.138302462, "device_end": 2167745.142809845}, "cmdq": 0, "read": {"device_start": -1, "device_end": -1}}, "FFC_sans_bias29": {"write": {"device_start": -1, "host_queued_start": 1585499970.88949, "device_queued": -1, "device_end": -1, "host_queued_end": 1585499970.90446}, "device": "cpu", "nd_range": {"device_start": 2167745.1428148123, "device_end": 2167745.1471876213}, "cmdq": 0, "read": {"device_start": -1, "device_end": -1}}, "empty17": {"write": {"device_start": -1, "host_queued_start": 1585499970.873835, "device_queued": -1, "device_end": -1, "host_queued_end": 1585499970.90446}, "device": "cpu", "nd_range": {"device_start": 2167745.094086131, "device_end": 2167745.0940871723}, "cmdq": 0, "read": {"device_start": -1, "device_end": -1}}, "softmax59": {"write": {"device_start": -1, "host_queued_start": 1585499970.866889, "device_queued": -1, "device_end": -1, "host_queued_end": 1585499970.871337}, "device": "gpu", "nd_range": {"device_start": 1585499907.96753, "device_end": 1585499907.9677358}, "cmdq": 0, "read": {"device_start": -1, "device_end": -1}}, "empty71": {"write": {"device_start": 1585499907.9586794, "host_queued_start": 1585499970.854929, "device_queued": 1585499907.9583724, "device_end": 1585499907.95871, "host_queued_end": 1585499970.871337}, "device": "gpu", "nd_range": {"device_start": 1585499907.9587157, "device_end": 1585499907.9587193}, "cmdq": 0, "read": {"device_start": -1, "device_end": -1}}, "empty35": {"write": {"device_start": -1, "host_queued_start": 1585499970.875653, "device_queued": -1, "device_end": -1, "host_queued_end": 1585499970.90446}, "device": "cpu", "nd_range": {"device_start": 2167745.094096952, "device_end": 2167745.094097571}, "cmdq": 0, "read": {"device_start": -1, "device_end": -1}}, "empty53": {"write": {"device_start": 1585499907.9583364, "host_queued_start": 1585499970.852984, "device_queued": 1585499907.958199, "device_end": 1585499907.958368, "host_queued_end": 1585499970.871337}, "device": "gpu", "nd_range": {"device_start": 1585499907.9583707, "device_end": 1585499907.9583755}, "cmdq": 0, "read": {"device_start": -1, "device_end": -1}}, "FFC_sans_bias46": {"write": {"device_start": 1585499907.9596267, "host_queued_start": 1585499970.85694, "device_queued": 1585499907.9585705, "device_end": 1585499907.9596558, "host_queued_end": 1585499970.871337}, "device": "gpu", "nd_range": {"device_start": 1585499907.9596584, "device_end": 1585499907.9601696}, "cmdq": 0, "read": {"device_start": -1, "device_end": -1}}, "coalesced_transpose66": {"write": {"device_start": -1, "host_queued_start": 1585499970.865432, "device_queued": -1, "device_end": -1, "host_queued_end": 1585499970.871337}, "device": "gpu", "nd_range": {"device_start": 1585499907.9655092, "device_end": 1585499907.9655178}, "cmdq": 0, "read": {"device_start": -1, "device_end": -1}}, "coalesced_transpose48": {"write": {"device_start": -1, "host_queued_start": 1585499970.864813, "device_queued": -1, "device_end": -1, "host_queued_end": 1585499970.871337}, "device": "gpu", "nd_range": {"device_start": 1585499907.96549, "device_end": 1585499907.9654984}, "cmdq": 0, "read": {"device_start": -1, "device_end": -1}}}