{"FFC_sans_bias60": {"write": {"device_start": -1, "host_queued_start": 1585500512.393436, "device_queued": -1, "device_end": -1, "host_queued_end": 1585500512.402237}, "device": "gpu", "nd_range": {"device_start": 1585500449.4928257, "device_end": 1585500449.4947302}, "cmdq": 2, "read": {"device_start": -1, "device_end": -1}}, "FFC_sans_bias4": {"write": {"device_start": -1, "host_queued_start": 1585500512.387001, "device_queued": -1, "device_end": -1, "host_queued_end": 1585500512.402237}, "device": "gpu", "nd_range": {"device_start": 1585500449.487043, "device_end": 1585500449.487653}, "cmdq": 0, "read": {"device_start": -1, "device_end": -1}}, "FFC_sans_bias7": {"write": {"device_start": 1585500449.4943664, "host_queued_start": 1585500512.394778, "device_queued": 1585500449.4796786, "device_end": 1585500449.4943979, "host_queued_end": 1585500512.402237}, "device": "gpu", "nd_range": {"device_start": 1585500449.4944186, "device_end": 1585500449.4961855}, "cmdq": 4, "read": {"device_start": 1585500449.4961925, "device_end": 1585500449.4962158}}, "FFC_sans_bias6": {"write": {"device_start": -1, "host_queued_start": 1585500512.391565, "device_queued": -1, "device_end": -1, "host_queued_end": 1585500512.402237}, "device": "gpu", "nd_range": {"device_start": 1585500449.4912326, "device_end": 1585500449.4918447}, "cmdq": 1, "read": {"device_start": -1, "device_end": -1}}, "FFC_sans_bias1": {"write": {"device_start": 1585500449.4754498, "host_queued_start": 1585500512.361144, "device_queued": 1585500449.4753025, "device_end": 1585500449.4754813, "host_queued_end": 1585500512.402237}, "device": "gpu", "nd_range": {"device_start": 1585500449.4754846, "device_end": 1585500449.4764357}, "cmdq": 4, "read": {"device_start": -1, "device_end": -1}}, "FFC_sans_bias0": {"write": {"device_start": 1585500449.4753668, "host_queued_start": 1585500512.360113, "device_queued": 1585500449.4752645, "device_end": 1585500449.4754238, "host_queued_end": 1585500512.402237}, "device": "gpu", "nd_range": {"device_start": 1585500449.475429, "device_end": 1585500449.476032}, "cmdq": 3, "read": {"device_start": -1, "device_end": -1}}, "FFC_sans_bias2": {"write": {"device_start": 1585500449.4756355, "host_queued_start": 1585500512.362209, "device_queued": 1585500449.4755476, "device_end": 1585500449.4756866, "host_queued_end": 1585500512.402237}, "device": "gpu", "nd_range": {"device_start": 1585500449.4756908, "device_end": 1585500449.4770024}, "cmdq": 0, "read": {"device_start": -1, "device_end": -1}}, "FFC_sans_bias61": {"write": {"device_start": 1585500449.4954112, "host_queued_start": 1585500512.401077, "device_queued": 1585500449.4807208, "device_end": 1585500449.4954417, "host_queued_end": 1585500512.402237}, "device": "gpu", "nd_range": {"device_start": 1585500449.4954574, "device_end": 1585500449.4976215}, "cmdq": 0, "read": {"device_start": 1585500449.498738, "device_end": 1585500449.498767}}, "FFC_sans_bias52": {"write": {"device_start": 1585500449.4963958, "host_queued_start": 1585500512.400019, "device_queued": 1585500449.4803982, "device_end": 1585500449.4964259, "host_queued_end": 1585500512.402237}, "device": "gpu", "nd_range": {"device_start": 1585500449.496438, "device_end": 1585500449.49859}, "cmdq": 4, "read": {"device_start": 1585500449.4985929, "device_end": 1585500449.4986155}}, "FFC_sans_bias9": {"write": {"device_start": 1585500449.4757311, "host_queued_start": 1585500512.363435, "device_queued": 1585500449.47561, "device_end": 1585500449.475797, "host_queued_end": 1585500512.402237}, "device": "gpu", "nd_range": {"device_start": 1585500449.4759097, "device_end": 1585500449.4774396}, "cmdq": 1, "read": {"device_start": -1, "device_end": -1}}, "coalesced_transpose39": {"write": {"device_start": -1, "host_queued_start": 1585500512.38578, "device_queued": -1, "device_end": -1, "host_queued_end": 1585500512.402237}, "device": "gpu", "nd_range": {"device_start": 1585500449.4871075, "device_end": 1585500449.4879725}, "cmdq": 1, "read": {"device_start": -1, "device_end": -1}}, "FFC_sans_bias55": {"write": {"device_start": 1585500449.4833174, "host_queued_start": 1585500512.381131, "device_queued": 1585500449.477468, "device_end": 1585500449.4833474, "host_queued_end": 1585500512.402237}, "device": "gpu", "nd_range": {"device_start": 1585500449.4833574, "device_end": 1585500449.485664}, "cmdq": 3, "read": {"device_start": -1, "device_end": -1}}, "FFC_sans_bias54": {"write": {"device_start": 1585500449.4828677, "host_queued_start": 1585500512.380093, "device_queued": 1585500449.4774415, "device_end": 1585500449.4828992, "host_queued_end": 1585500512.402237}, "device": "gpu", "nd_range": {"device_start": 1585500449.4829087, "device_end": 1585500449.4851913}, "cmdq": 2, "read": {"device_start": -1, "device_end": -1}}, "FFC_sans_bias56": {"write": {"device_start": 1585500449.4823408, "host_queued_start": 1585500512.379033, "device_queued": 1585500449.477413, "device_end": 1585500449.4823735, "host_queued_end": 1585500512.402237}, "device": "gpu", "nd_range": {"device_start": 1585500449.4823818, "device_end": 1585500449.4847016}, "cmdq": 1, "read": {"device_start": -1, "device_end": -1}}, "FFC_sans_bias51": {"write": {"device_start": -1, "host_queued_start": 1585500512.393121, "device_queued": -1, "device_end": -1, "host_queued_end": 1585500512.402237}, "device": "gpu", "nd_range": {"device_start": 1585500449.4918544, "device_end": 1585500449.4937825}, "cmdq": 1, "read": {"device_start": -1, "device_end": -1}}, "softmax23": {"write": {"device_start": -1, "host_queued_start": 1585500512.389979, "device_queued": -1, "device_end": -1, "host_queued_end": 1585500512.402237}, "device": "gpu", "nd_range": {"device_start": 1585500449.4890583, "device_end": 1585500449.4909496}, "cmdq": 0, "read": {"device_start": -1, "device_end": -1}}, "FFC_sans_bias37": {"write": {"device_start": 1585500449.4799922, "host_queued_start": 1585500512.373852, "device_queued": 1585500449.4768536, "device_end": 1585500449.4800231, "host_queued_end": 1585500512.402237}, "device": "gpu", "nd_range": {"device_start": 1585500449.4800322, "device_end": 1585500449.4822512}, "cmdq": 1, "read": {"device_start": -1, "device_end": -1}}, "empty62": {"write": {"device_start": 1585500449.4751673, "host_queued_start": 1585500512.358282, "device_queued": 1585500449.475023, "device_end": 1585500449.4752197, "host_queued_end": 1585500512.402237}, "device": "gpu", "nd_range": {"device_start": 1585500449.475329, "device_end": 1585500449.475334}, "cmdq": 1, "read": {"device_start": -1, "device_end": -1}}, "FFC_sans_bias70": {"write": {"device_start": 1585500449.4973722, "host_queued_start": 1585500512.402139, "device_queued": 1585500449.480785, "device_end": 1585500449.4974027, "host_queued_end": 1585500512.402237}, "device": "gpu", "nd_range": {"device_start": 1585500449.4974144, "device_end": 1585500449.499032}, "cmdq": 1, "read": {"device_start": 1585500449.4990358, "device_end": 1585500449.499058}}, "FFC_sans_bias58": {"write": {"device_start": -1, "host_queued_start": 1585500512.388918, "device_queued": -1, "device_end": -1, "host_queued_end": 1585500512.402237}, "device": "gpu", "nd_range": {"device_start": 1585500449.4896128, "device_end": 1585500449.4910088}, "cmdq": 1, "read": {"device_start": -1, "device_end": -1}}, "softmax41": {"write": {"device_start": -1, "host_queued_start": 1585500512.390467, "device_queued": -1, "device_end": -1, "host_queued_end": 1585500512.402237}, "device": "gpu", "nd_range": {"device_start": 1585500449.4905636, "device_end": 1585500449.491302}, "cmdq": 2, "read": {"device_start": -1, "device_end": -1}}, "FFC_sans_bias11": {"write": {"device_start": 1585500449.4761634, "host_queued_start": 1585500512.365512, "device_queued": 1585500449.4758477, "device_end": 1585500449.4761937, "host_queued_end": 1585500512.402237}, "device": "gpu", "nd_range": {"device_start": 1585500449.4761965, "device_end": 1585500449.478433}, "cmdq": 3, "read": {"device_start": -1, "device_end": -1}}, "FFC_sans_bias10": {"write": {"device_start": 1585500449.4758081, "host_queued_start": 1585500512.364472, "device_queued": 1585500449.4756303, "device_end": 1585500449.4758377, "host_queued_end": 1585500512.402237}, "device": "gpu", "nd_range": {"device_start": 1585500449.4759324, "device_end": 1585500449.4779518}, "cmdq": 2, "read": {"device_start": -1, "device_end": -1}}, "coalesced_transpose3": {"write": {"device_start": -1, "host_queued_start": 1585500512.384583, "device_queued": -1, "device_end": -1, "host_queued_end": 1585500512.402237}, "device": "gpu", "nd_range": {"device_start": 1585500449.4851928, "device_end": 1585500449.4869835}, "cmdq": 2, "read": {"device_start": -1, "device_end": -1}}, "FFC_sans_bias34": {"write": {"device_start": 1585500449.494857, "host_queued_start": 1585500512.397894, "device_queued": 1585500449.4799745, "device_end": 1585500449.494888, "host_queued_end": 1585500512.402237}, "device": "gpu", "nd_range": {"device_start": 1585500449.4949114, "device_end": 1585500449.4966257}, "cmdq": 2, "read": {"device_start": 1585500449.4966307, "device_end": 1585500449.4966533}}, "FFC_sans_bias15": {"write": {"device_start": -1, "host_queued_start": 1585500512.391874, "device_queued": -1, "device_end": -1, "host_queued_end": 1585500512.402237}, "device": "gpu", "nd_range": {"device_start": 1585500449.4913428, "device_end": 1585500449.4928153}, "cmdq": 2, "read": {"device_start": -1, "device_end": -1}}, "FFC_sans_bias31": {"write": {"device_start": -1, "host_queued_start": 1585500512.387944, "device_queued": -1, "device_end": -1, "host_queued_end": 1585500512.402237}, "device": "gpu", "nd_range": {"device_start": 1585500449.487125, "device_end": 1585500449.4886293}, "cmdq": 3, "read": {"device_start": -1, "device_end": -1}}, "FFC_sans_bias16": {"write": {"device_start": 1585500449.4923856, "host_queued_start": 1585500512.395827, "device_queued": 1585500449.479915, "device_end": 1585500449.4924161, "host_queued_end": 1585500512.402237}, "device": "gpu", "nd_range": {"device_start": 1585500449.49284, "device_end": 1585500449.495211}, "cmdq": 0, "read": {"device_start": 1585500449.4952145, "device_end": 1585500449.4952383}}, "FFC_sans_bias19": {"write": {"device_start": 1585500449.477101, "host_queued_start": 1585500512.367618, "device_queued": 1585500449.476084, "device_end": 1585500449.4771266, "host_queued_end": 1585500512.402237}, "device": "gpu", "nd_range": {"device_start": 1585500449.4771328, "device_end": 1585500449.4794254}, "cmdq": 0, "read": {"device_start": -1, "device_end": -1}}, "FFC_sans_bias18": {"write": {"device_start": 1585500449.4765487, "host_queued_start": 1585500512.36654, "device_queued": 1585500449.4758768, "device_end": 1585500449.4765801, "host_queued_end": 1585500512.402237}, "device": "gpu", "nd_range": {"device_start": 1585500449.476587, "device_end": 1585500449.4789014}, "cmdq": 4, "read": {"device_start": -1, "device_end": -1}}, "coalesced_transpose30": {"write": {"device_start": -1, "host_queued_start": 1585500512.385482, "device_queued": -1, "device_end": -1, "host_queued_end": 1585500512.402237}, "device": "gpu", "nd_range": {"device_start": 1585500449.4866447, "device_end": 1585500449.4870293}, "cmdq": 0, "read": {"device_start": -1, "device_end": -1}}, "FFC_sans_bias69": {"write": {"device_start": -1, "host_queued_start": 1585500512.393751, "device_queued": -1, "device_end": -1, "host_queued_end": 1585500512.402237}, "device": "gpu", "nd_range": {"device_start": 1585500449.4932485, "device_end": 1585500449.4956715}, "cmdq": 3, "read": {"device_start": -1, "device_end": -1}}, "FFC_sans_bias38": {"write": {"device_start": 1585500449.4805098, "host_queued_start": 1585500512.374902, "device_queued": 1585500449.4768784, "device_end": 1585500449.4805424, "host_queued_end": 1585500512.402237}, "device": "gpu", "nd_range": {"device_start": 1585500449.4805462, "device_end": 1585500449.4827783}, "cmdq": 2, "read": {"device_start": -1, "device_end": -1}}, "coalesced_transpose57": {"write": {"device_start": -1, "host_queued_start": 1585500512.386375, "device_queued": -1, "device_end": -1, "host_queued_end": 1585500512.402237}, "device": "gpu", "nd_range": {"device_start": 1585500449.486998, "device_end": 1585500449.487066}, "cmdq": 3, "read": {"device_start": -1, "device_end": -1}}, "empty26": {"write": {"device_start": 1585500449.4747024, "host_queued_start": 1585500512.354893, "device_queued": 1585500449.4745436, "device_end": 1585500449.4747732, "host_queued_end": 1585500512.402237}, "device": "gpu", "nd_range": {"device_start": 1585500449.4749234, "device_end": 1585500449.4749293}, "cmdq": 2, "read": {"device_start": -1, "device_end": -1}}, "coalesced_transpose12": {"write": {"device_start": -1, "host_queued_start": 1585500512.384881, "device_queued": -1, "device_end": -1, "host_queued_end": 1585500512.402237}, "device": "gpu", "nd_range": {"device_start": 1585500449.485665, "device_end": 1585500449.4869967}, "cmdq": 3, "read": {"device_start": -1, "device_end": -1}}, "empty44": {"write": {"device_start": 1585500449.474957, "host_queued_start": 1585500512.356627, "device_queued": 1585500449.4748638, "device_end": 1585500449.4749863, "host_queued_end": 1585500512.402237}, "device": "gpu", "nd_range": {"device_start": 1585500449.474989, "device_end": 1585500449.4749923}, "cmdq": 4, "read": {"device_start": -1, "device_end": -1}}, "coalesced_transpose21": {"write": {"device_start": -1, "host_queued_start": 1585500512.385179, "device_queued": -1, "device_end": -1, "host_queued_end": 1585500512.402237}, "device": "gpu", "nd_range": {"device_start": 1585500449.4861612, "device_end": 1585500449.4870114}, "cmdq": 4, "read": {"device_start": -1, "device_end": -1}}, "FFC_sans_bias36": {"write": {"device_start": 1585500449.479551, "host_queued_start": 1585500512.372822, "device_queued": 1585500449.4767945, "device_end": 1585500449.479583, "host_queued_end": 1585500512.402237}, "device": "gpu", "nd_range": {"device_start": 1585500449.4795907, "device_end": 1585500449.4818037}, "cmdq": 0, "read": {"device_start": -1, "device_end": -1}}, "softmax14": {"write": {"device_start": -1, "host_queued_start": 1585500512.389729, "device_queued": -1, "device_end": -1, "host_queued_end": 1585500512.402237}, "device": "gpu", "nd_range": {"device_start": 1585500449.4900446, "device_end": 1585500449.4913068}, "cmdq": 4, "read": {"device_start": -1, "device_end": -1}}, "FFC_sans_bias13": {"write": {"device_start": -1, "host_queued_start": 1585500512.387314, "device_queued": -1, "device_end": -1, "host_queued_end": 1585500512.402237}, "device": "gpu", "nd_range": {"device_start": 1585500449.487985, "device_end": 1585500449.489602}, "cmdq": 1, "read": {"device_start": -1, "device_end": -1}}, "empty8": {"write": {"device_start": 1585500449.4744709, "host_queued_start": 1585500512.352963, "device_queued": 1585500449.4743533, "device_end": 1585500449.474498, "host_queued_end": 1585500512.402237}, "device": "gpu", "nd_range": {"device_start": 1585500449.474507, "device_end": 1585500449.4745176}, "cmdq": 0, "read": {"device_start": -1, "device_end": -1}}, "FFC_sans_bias42": {"write": {"device_start": -1, "host_queued_start": 1585500512.392814, "device_queued": -1, "device_end": -1, "host_queued_end": 1585500512.402237}, "device": "gpu", "nd_range": {"device_start": 1585500449.4913297, "device_end": 1585500449.492255}, "cmdq": 0, "read": {"device_start": -1, "device_end": -1}}, "FFC_sans_bias43": {"write": {"device_start": 1585500449.4957845, "host_queued_start": 1585500512.398966, "device_queued": 1585500449.480153, "device_end": 1585500449.495815, "host_queued_end": 1585500512.402237}, "device": "gpu", "nd_range": {"device_start": 1585500449.4958332, "device_end": 1585500449.4980845}, "cmdq": 3, "read": {"device_start": 1585500449.4980948, "device_end": 1585500449.4981194}}, "FFC_sans_bias40": {"write": {"device_start": -1, "host_queued_start": 1585500512.388264, "device_queued": -1, "device_end": -1, "host_queued_end": 1585500512.402237}, "device": "gpu", "nd_range": {"device_start": 1585500449.4880054, "device_end": 1585500449.4900327}, "cmdq": 4, "read": {"device_start": -1, "device_end": -1}}, "softmax32": {"write": {"device_start": -1, "host_queued_start": 1585500512.39022, "device_queued": -1, "device_end": -1, "host_queued_end": 1585500512.402237}, "device": "gpu", "nd_range": {"device_start": 1585500449.4910204, "device_end": 1585500449.4912214}, "cmdq": 1, "read": {"device_start": -1, "device_end": -1}}, "FFC_sans_bias47": {"write": {"device_start": 1585500449.481881, "host_queued_start": 1585500512.377993, "device_queued": 1585500449.4772642, "device_end": 1585500449.4819076, "host_queued_end": 1585500512.402237}, "device": "gpu", "nd_range": {"device_start": 1585500449.4819176, "device_end": 1585500449.484219}, "cmdq": 0, "read": {"device_start": -1, "device_end": -1}}, "FFC_sans_bias45": {"write": {"device_start": 1585500449.4809282, "host_queued_start": 1585500512.37593, "device_queued": 1585500449.4769886, "device_end": 1585500449.4809542, "host_queued_end": 1585500512.402237}, "device": "gpu", "nd_range": {"device_start": 1585500449.4809704, "device_end": 1585500449.4832318}, "cmdq": 3, "read": {"device_start": -1, "device_end": -1}}, "softmax50": {"write": {"device_start": -1, "host_queued_start": 1585500512.390718, "device_queued": -1, "device_end": -1, "host_queued_end": 1585500512.402237}, "device": "gpu", "nd_range": {"device_start": 1585500449.490945, "device_end": 1585500449.491156}, "cmdq": 3, "read": {"device_start": -1, "device_end": -1}}, "FFC_sans_bias33": {"write": {"device_start": -1, "host_queued_start": 1585500512.392502, "device_queued": -1, "device_end": -1, "host_queued_end": 1585500512.402237}, "device": "gpu", "nd_range": {"device_start": 1585500449.49201, "device_end": 1585500449.494233}, "cmdq": 4, "read": {"device_start": -1, "device_end": -1}}, "FFC_sans_bias63": {"write": {"device_start": 1585500449.4847906, "host_queued_start": 1585500512.384268, "device_queued": 1585500449.477857, "device_end": 1585500449.4848235, "host_queued_end": 1585500512.402237}, "device": "gpu", "nd_range": {"device_start": 1585500449.4848332, "device_end": 1585500449.487106}, "cmdq": 1, "read": {"device_start": -1, "device_end": -1}}, "FFC_sans_bias49": {"write": {"device_start": -1, "host_queued_start": 1585500512.388583, "device_queued": -1, "device_end": -1, "host_queued_end": 1585500512.402237}, "device": "gpu", "nd_range": {"device_start": 1585500449.487665, "device_end": 1585500449.4890468}, "cmdq": 0, "read": {"device_start": -1, "device_end": -1}}, "FFC_sans_bias64": {"write": {"device_start": 1585500449.4838521, "host_queued_start": 1585500512.3822, "device_queued": 1585500449.4774857, "device_end": 1585500449.4838839, "host_queued_end": 1585500512.402237}, "device": "gpu", "nd_range": {"device_start": 1585500449.483893, "device_end": 1585500449.48616}, "cmdq": 4, "read": {"device_start": -1, "device_end": -1}}, "FFC_sans_bias65": {"write": {"device_start": 1585500449.484314, "host_queued_start": 1585500512.38324, "device_queued": 1585500449.4778159, "device_end": 1585500449.4843469, "host_queued_end": 1585500512.402237}, "device": "gpu", "nd_range": {"device_start": 1585500449.4843512, "device_end": 1585500449.486639}, "cmdq": 0, "read": {"device_start": -1, "device_end": -1}}, "FFC_sans_bias67": {"write": {"device_start": -1, "host_queued_start": 1585500512.389228, "device_queued": -1, "device_end": -1, "host_queued_end": 1585500512.402237}, "device": "gpu", "nd_range": {"device_start": 1585500449.488065, "device_end": 1585500449.4905527}, "cmdq": 2, "read": {"device_start": -1, "device_end": -1}}, "FFC_sans_bias24": {"write": {"device_start": -1, "host_queued_start": 1585500512.392189, "device_queued": -1, "device_end": -1, "host_queued_end": 1585500512.402237}, "device": "gpu", "nd_range": {"device_start": 1585500449.491354, "device_end": 1585500449.4932382}, "cmdq": 3, "read": {"device_start": -1, "device_end": -1}}, "FFC_sans_bias25": {"write": {"device_start": 1585500449.49501, "host_queued_start": 1585500512.396859, "device_queued": 1585500449.480218, "device_end": 1585500449.4950407, "host_queued_end": 1585500512.402237}, "device": "gpu", "nd_range": {"device_start": 1585500449.4950614, "device_end": 1585500449.4971626}, "cmdq": 1, "read": {"device_start": 1585500449.49717, "device_end": 1585500449.4971926}}, "FFC_sans_bias27": {"write": {"device_start": 1585500449.478069, "host_queued_start": 1585500512.369688, "device_queued": 1585500449.476356, "device_end": 1585500449.4780943, "host_queued_end": 1585500512.402237}, "device": "gpu", "nd_range": {"device_start": 1585500449.4780974, "device_end": 1585500449.480392}, "cmdq": 2, "read": {"device_start": -1, "device_end": -1}}, "FFC_sans_bias20": {"write": {"device_start": 1585500449.4775343, "host_queued_start": 1585500512.368653, "device_queued": 1585500449.4763234, "device_end": 1585500449.4775589, "host_queued_end": 1585500512.402237}, "device": "gpu", "nd_range": {"device_start": 1585500449.477564, "device_end": 1585500449.4798691}, "cmdq": 1, "read": {"device_start": -1, "device_end": -1}}, "FFC_sans_bias22": {"write": {"device_start": -1, "host_queued_start": 1585500512.38763, "device_queued": -1, "device_end": -1, "host_queued_end": 1585500512.402237}, "device": "gpu", "nd_range": {"device_start": 1585500449.4870632, "device_end": 1585500449.4880536}, "cmdq": 2, "read": {"device_start": -1, "device_end": -1}}, "softmax68": {"write": {"device_start": -1, "host_queued_start": 1585500512.391249, "device_queued": -1, "device_end": -1, "host_queued_end": 1585500512.402237}, "device": "gpu", "nd_range": {"device_start": 1585500449.490961, "device_end": 1585500449.4911788}, "cmdq": 0, "read": {"device_start": -1, "device_end": -1}}, "softmax5": {"write": {"device_start": -1, "host_queued_start": 1585500512.38948, "device_queued": -1, "device_end": -1, "host_queued_end": 1585500512.402237}, "device": "gpu", "nd_range": {"device_start": 1585500449.488642, "device_end": 1585500449.4909344}, "cmdq": 3, "read": {"device_start": -1, "device_end": -1}}, "FFC_sans_bias28": {"write": {"device_start": 1585500449.4785473, "host_queued_start": 1585500512.370743, "device_queued": 1585500449.4763713, "device_end": 1585500449.4785724, "host_queued_end": 1585500512.402237}, "device": "gpu", "nd_range": {"device_start": 1585500449.4785757, "device_end": 1585500449.4808245}, "cmdq": 3, "read": {"device_start": -1, "device_end": -1}}, "FFC_sans_bias29": {"write": {"device_start": 1585500449.479009, "host_queued_start": 1585500512.371783, "device_queued": 1585500449.4763885, "device_end": 1585500449.479041, "host_queued_end": 1585500512.402237}, "device": "gpu", "nd_range": {"device_start": 1585500449.4790483, "device_end": 1585500449.481388}, "cmdq": 4, "read": {"device_start": -1, "device_end": -1}}, "empty17": {"write": {"device_start": 1585500449.4746177, "host_queued_start": 1585500512.354002, "device_queued": 1585500449.474518, "device_end": 1585500449.4746833, "host_queued_end": 1585500512.402237}, "device": "gpu", "nd_range": {"device_start": 1585500449.4749012, "device_end": 1585500449.4749107}, "cmdq": 1, "read": {"device_start": -1, "device_end": -1}}, "softmax59": {"write": {"device_start": -1, "host_queued_start": 1585500512.390962, "device_queued": -1, "device_end": -1, "host_queued_end": 1585500512.402237}, "device": "gpu", "nd_range": {"device_start": 1585500449.491319, "device_end": 1585500449.491999}, "cmdq": 4, "read": {"device_start": -1, "device_end": -1}}, "empty71": {"write": {"device_start": 1585500449.4752524, "host_queued_start": 1585500512.359145, "device_queued": 1585500449.4750426, "device_end": 1585500449.4752822, "host_queued_end": 1585500512.402237}, "device": "gpu", "nd_range": {"device_start": 1585500449.4753442, "device_end": 1585500449.475349}, "cmdq": 2, "read": {"device_start": -1, "device_end": -1}}, "empty35": {"write": {"device_start": 1585500449.474808, "host_queued_start": 1585500512.355732, "device_queued": 1585500449.4745672, "device_end": 1585500449.4748309, "host_queued_end": 1585500512.402237}, "device": "gpu", "nd_range": {"device_start": 1585500449.47494, "device_end": 1585500449.474944}, "cmdq": 3, "read": {"device_start": -1, "device_end": -1}}, "empty53": {"write": {"device_start": 1585500449.4750772, "host_queued_start": 1585500512.357468, "device_queued": 1585500449.4749744, "device_end": 1585500449.4751294, "host_queued_end": 1585500512.402237}, "device": "gpu", "nd_range": {"device_start": 1585500449.4751332, "device_end": 1585500449.4751375}, "cmdq": 0, "read": {"device_start": -1, "device_end": -1}}, "FFC_sans_bias46": {"write": {"device_start": 1585500449.4814696, "host_queued_start": 1585500512.37696, "device_queued": 1585500449.4770088, "device_end": 1585500449.4814956, "host_queued_end": 1585500512.402237}, "device": "gpu", "nd_range": {"device_start": 1585500449.4815037, "device_end": 1585500449.4837549}, "cmdq": 4, "read": {"device_start": -1, "device_end": -1}}, "coalesced_transpose66": {"write": {"device_start": -1, "host_queued_start": 1585500512.386682, "device_queued": -1, "device_end": -1, "host_queued_end": 1585500512.402237}, "device": "gpu", "nd_range": {"device_start": 1585500449.4870124, "device_end": 1585500449.4870687}, "cmdq": 4, "read": {"device_start": -1, "device_end": -1}}, "coalesced_transpose48": {"write": {"device_start": -1, "host_queued_start": 1585500512.386075, "device_queued": -1, "device_end": -1, "host_queued_end": 1585500512.402237}, "device": "gpu", "nd_range": {"device_start": 1585500449.4869928, "device_end": 1585500449.4870486}, "cmdq": 2, "read": {"device_start": -1, "device_end": -1}}}