{"FFC_sans_bias60": {"write": {"device_start": -1, "host_queued_start": 1585499979.486815, "device_queued": -1, "device_end": -1, "host_queued_end": 1585499979.495262}, "device": "cpu", "nd_range": {"device_start": 2167753.8609512113, "device_end": 2167753.865793663}, "cmdq": 0, "read": {"device_start": -1, "device_end": -1}}, "FFC_sans_bias4": {"write": {"device_start": -1, "host_queued_start": 1585499979.479621, "device_queued": -1, "device_end": -1, "host_queued_end": 1585499979.495262}, "device": "cpu", "nd_range": {"device_start": 2167753.7959042303, "device_end": 2167753.800211667}, "cmdq": 0, "read": {"device_start": -1, "device_end": -1}}, "FFC_sans_bias7": {"write": {"device_start": -1, "host_queued_start": 1585499979.488211, "device_queued": -1, "device_end": -1, "host_queued_end": 1585499979.495262}, "device": "cpu", "nd_range": {"device_start": 2167753.870094132, "device_end": 2167753.8747348343}, "cmdq": 0, "read": {"device_start": -1, "device_end": -1}}, "FFC_sans_bias6": {"write": {"device_start": -1, "host_queued_start": 1585499979.484636, "device_queued": -1, "device_end": -1, "host_queued_end": 1585499979.495262}, "device": "cpu", "nd_range": {"device_start": 2167753.833415512, "device_end": 2167753.837705032}, "cmdq": 0, "read": {"device_start": -1, "device_end": -1}}, "FFC_sans_bias1": {"write": {"device_start": -1, "host_queued_start": 1585499979.453209, "device_queued": -1, "device_end": -1, "host_queued_end": 1585499979.495262}, "device": "cpu", "nd_range": {"device_start": 2167753.689261301, "device_end": 2167753.6932156812}, "cmdq": 0, "read": {"device_start": -1, "device_end": -1}}, "FFC_sans_bias0": {"write": {"device_start": -1, "host_queued_start": 1585499979.452167, "device_queued": -1, "device_end": -1, "host_queued_end": 1585499979.495262}, "device": "cpu", "nd_range": {"device_start": 2167753.684978837, "device_end": 2167753.689242077}, "cmdq": 0, "read": {"device_start": -1, "device_end": -1}}, "FFC_sans_bias2": {"write": {"device_start": -1, "host_queued_start": 1585499979.454261, "device_queued": -1, "device_end": -1, "host_queued_end": 1585499979.495262}, "device": "cpu", "nd_range": {"device_start": 2167753.693238492, "device_end": 2167753.69732622}, "cmdq": 0, "read": {"device_start": -1, "device_end": -1}}, "FFC_sans_bias61": {"write": {"device_start": -1, "host_queued_start": 1585499979.494214, "device_queued": -1, "device_end": -1, "host_queued_end": 1585499979.495262}, "device": "cpu", "nd_range": {"device_start": 2167753.8973814934, "device_end": 2167753.901910731}, "cmdq": 0, "read": {"device_start": -1, "device_end": -1}}, "FFC_sans_bias52": {"write": {"device_start": -1, "host_queued_start": 1585499979.493224, "device_queued": -1, "device_end": -1, "host_queued_end": 1585499979.495262}, "device": "cpu", "nd_range": {"device_start": 2167753.8928281222, "device_end": 2167753.8973784563}, "cmdq": 0, "read": {"device_start": -1, "device_end": -1}}, "FFC_sans_bias9": {"write": {"device_start": -1, "host_queued_start": 1585499979.455483, "device_queued": -1, "device_end": -1, "host_queued_end": 1585499979.495262}, "device": "cpu", "nd_range": {"device_start": 2167753.697331198, "device_end": 2167753.7014184133}, "cmdq": 0, "read": {"device_start": -1, "device_end": -1}}, "coalesced_transpose39": {"write": {"device_start": -1, "host_queued_start": 1585499979.478274, "device_queued": -1, "device_end": -1, "host_queued_end": 1585499979.495262}, "device": "cpu", "nd_range": {"device_start": 2167753.794804152, "device_end": 2167753.795174822}, "cmdq": 0, "read": {"device_start": -1, "device_end": -1}}, "FFC_sans_bias55": {"write": {"device_start": -1, "host_queued_start": 1585499979.473451, "device_queued": -1, "device_end": -1, "host_queued_end": 1585499979.495262}, "device": "cpu", "nd_range": {"device_start": 2167753.775497227, "device_end": 2167753.7799303993}, "cmdq": 0, "read": {"device_start": -1, "device_end": -1}}, "FFC_sans_bias54": {"write": {"device_start": -1, "host_queued_start": 1585499979.472407, "device_queued": -1, "device_end": -1, "host_queued_end": 1585499979.495262}, "device": "cpu", "nd_range": {"device_start": 2167753.770928006, "device_end": 2167753.775493111}, "cmdq": 0, "read": {"device_start": -1, "device_end": -1}}, "FFC_sans_bias56": {"write": {"device_start": -1, "host_queued_start": 1585499979.471338, "device_queued": -1, "device_end": -1, "host_queued_end": 1585499979.495262}, "device": "cpu", "nd_range": {"device_start": 2167753.766520515, "device_end": 2167753.770923317}, "cmdq": 0, "read": {"device_start": -1, "device_end": -1}}, "FFC_sans_bias51": {"write": {"device_start": -1, "host_queued_start": 1585499979.486466, "device_queued": -1, "device_end": -1, "host_queued_end": 1585499979.495262}, "device": "cpu", "nd_range": {"device_start": 2167753.856516816, "device_end": 2167753.8609454203}, "cmdq": 0, "read": {"device_start": -1, "device_end": -1}}, "softmax23": {"write": {"device_start": -1, "host_queued_start": 1585499979.482924, "device_queued": -1, "device_end": -1, "host_queued_end": 1585499979.495262}, "device": "cpu", "nd_range": {"device_start": 2167753.832705344, "device_end": 2167753.832816378}, "cmdq": 0, "read": {"device_start": -1, "device_end": -1}}, "FFC_sans_bias37": {"write": {"device_start": -1, "host_queued_start": 1585499979.466038, "device_queued": -1, "device_end": -1, "host_queued_end": 1585499979.495262}, "device": "cpu", "nd_range": {"device_start": 2167753.7433996163, "device_end": 2167753.74816836}, "cmdq": 0, "read": {"device_start": -1, "device_end": -1}}, "empty62": {"write": {"device_start": -1, "host_queued_start": 1585499979.450361, "device_queued": -1, "device_end": -1, "host_queued_end": 1585499979.495262}, "device": "cpu", "nd_range": {"device_start": 2167753.684969161, "device_end": 2167753.6849699183}, "cmdq": 0, "read": {"device_start": -1, "device_end": -1}}, "FFC_sans_bias70": {"write": {"device_start": -1, "host_queued_start": 1585499979.495216, "device_queued": -1, "device_end": -1, "host_queued_end": 1585499979.495262}, "device": "cpu", "nd_range": {"device_start": 2167753.9019131362, "device_end": 2167753.906490021}, "cmdq": 0, "read": {"device_start": -1, "device_end": -1}}, "FFC_sans_bias58": {"write": {"device_start": -1, "host_queued_start": 1585499979.481735, "device_queued": -1, "device_end": -1, "host_queued_end": 1585499979.495262}, "device": "cpu", "nd_range": {"device_start": 2167753.823283352, "device_end": 2167753.827852805}, "cmdq": 0, "read": {"device_start": -1, "device_end": -1}}, "softmax41": {"write": {"device_start": -1, "host_queued_start": 1585499979.483473, "device_queued": -1, "device_end": -1, "host_queued_end": 1585499979.495262}, "device": "cpu", "nd_range": {"device_start": 2167753.832939228, "device_end": 2167753.833056022}, "cmdq": 0, "read": {"device_start": -1, "device_end": -1}}, "FFC_sans_bias11": {"write": {"device_start": -1, "host_queued_start": 1585499979.45759, "device_queued": -1, "device_end": -1, "host_queued_end": 1585499979.495262}, "device": "cpu", "nd_range": {"device_start": 2167753.706439821, "device_end": 2167753.710615956}, "cmdq": 0, "read": {"device_start": -1, "device_end": -1}}, "FFC_sans_bias10": {"write": {"device_start": -1, "host_queued_start": 1585499979.456536, "device_queued": -1, "device_end": -1, "host_queued_end": 1585499979.495262}, "device": "cpu", "nd_range": {"device_start": 2167753.701424574, "device_end": 2167753.7064342713}, "cmdq": 0, "read": {"device_start": -1, "device_end": -1}}, "coalesced_transpose3": {"write": {"device_start": -1, "host_queued_start": 1585499979.476941, "device_queued": -1, "device_end": -1, "host_queued_end": 1585499979.495262}, "device": "cpu", "nd_range": {"device_start": 2167753.793768939, "device_end": 2167753.7939450983}, "cmdq": 0, "read": {"device_start": -1, "device_end": -1}}, "FFC_sans_bias34": {"write": {"device_start": -1, "host_queued_start": 1585499979.491214, "device_queued": -1, "device_end": -1, "host_queued_end": 1585499979.495262}, "device": "cpu", "nd_range": {"device_start": 2167753.8837830583, "device_end": 2167753.888315124}, "cmdq": 0, "read": {"device_start": -1, "device_end": -1}}, "FFC_sans_bias15": {"write": {"device_start": -1, "host_queued_start": 1585499979.484982, "device_queued": -1, "device_end": -1, "host_queued_end": 1585499979.495262}, "device": "cpu", "nd_range": {"device_start": 2167753.837709912, "device_end": 2167753.8424423994}, "cmdq": 0, "read": {"device_start": -1, "device_end": -1}}, "FFC_sans_bias31": {"write": {"device_start": -1, "host_queued_start": 1585499979.480656, "device_queued": -1, "device_end": -1, "host_queued_end": 1585499979.495262}, "device": "cpu", "nd_range": {"device_start": 2167753.809451797, "device_end": 2167753.813984015}, "cmdq": 0, "read": {"device_start": -1, "device_end": -1}}, "FFC_sans_bias16": {"write": {"device_start": -1, "host_queued_start": 1585499979.489207, "device_queued": -1, "device_end": -1, "host_queued_end": 1585499979.495262}, "device": "cpu", "nd_range": {"device_start": 2167753.87473822, "device_end": 2167753.87904409}, "cmdq": 0, "read": {"device_start": -1, "device_end": -1}}, "FFC_sans_bias19": {"write": {"device_start": -1, "host_queued_start": 1585499979.459709, "device_queued": -1, "device_end": -1, "host_queued_end": 1585499979.495262}, "device": "cpu", "nd_range": {"device_start": 2167753.7153141573, "device_end": 2167753.720780141}, "cmdq": 0, "read": {"device_start": -1, "device_end": -1}}, "FFC_sans_bias18": {"write": {"device_start": -1, "host_queued_start": 1585499979.458659, "device_queued": -1, "device_end": -1, "host_queued_end": 1585499979.495262}, "device": "cpu", "nd_range": {"device_start": 2167753.710629389, "device_end": 2167753.7153092823}, "cmdq": 0, "read": {"device_start": -1, "device_end": -1}}, "coalesced_transpose30": {"write": {"device_start": -1, "host_queued_start": 1585499979.47794, "device_queued": -1, "device_end": -1, "host_queued_end": 1585499979.495262}, "device": "cpu", "nd_range": {"device_start": 2167753.794578974, "device_end": 2167753.794699069}, "cmdq": 0, "read": {"device_start": -1, "device_end": -1}}, "FFC_sans_bias69": {"write": {"device_start": -1, "host_queued_start": 1585499979.487157, "device_queued": -1, "device_end": -1, "host_queued_end": 1585499979.495262}, "device": "cpu", "nd_range": {"device_start": 2167753.8657998443, "device_end": 2167753.8700886643}, "cmdq": 0, "read": {"device_start": -1, "device_end": -1}}, "FFC_sans_bias38": {"write": {"device_start": -1, "host_queued_start": 1585499979.467124, "device_queued": -1, "device_end": -1, "host_queued_end": 1585499979.495262}, "device": "cpu", "nd_range": {"device_start": 2167753.7481727623, "device_end": 2167753.7525006873}, "cmdq": 0, "read": {"device_start": -1, "device_end": -1}}, "coalesced_transpose57": {"write": {"device_start": -1, "host_queued_start": 1585499979.478941, "device_queued": -1, "device_end": -1, "host_queued_end": 1585499979.495262}, "device": "cpu", "nd_range": {"device_start": 2167753.795461814, "device_end": 2167753.7955803922}, "cmdq": 0, "read": {"device_start": -1, "device_end": -1}}, "empty26": {"write": {"device_start": -1, "host_queued_start": 1585499979.447149, "device_queued": -1, "device_end": -1, "host_queued_end": 1585499979.495262}, "device": "cpu", "nd_range": {"device_start": 2167753.6849505813, "device_end": 2167753.684951358}, "cmdq": 0, "read": {"device_start": -1, "device_end": -1}}, "coalesced_transpose12": {"write": {"device_start": -1, "host_queued_start": 1585499979.477276, "device_queued": -1, "device_end": -1, "host_queued_end": 1585499979.495262}, "device": "cpu", "nd_range": {"device_start": 2167753.794082647, "device_end": 2167753.794207071}, "cmdq": 0, "read": {"device_start": -1, "device_end": -1}}, "empty44": {"write": {"device_start": -1, "host_queued_start": 1585499979.448754, "device_queued": -1, "device_end": -1, "host_queued_end": 1585499979.495262}, "device": "cpu", "nd_range": {"device_start": 2167753.68496022, "device_end": 2167753.684961018}, "cmdq": 0, "read": {"device_start": -1, "device_end": -1}}, "coalesced_transpose21": {"write": {"device_start": -1, "host_queued_start": 1585499979.47761, "device_queued": -1, "device_end": -1, "host_queued_end": 1585499979.495262}, "device": "cpu", "nd_range": {"device_start": 2167753.794335754, "device_end": 2167753.794456296}, "cmdq": 0, "read": {"device_start": -1, "device_end": -1}}, "FFC_sans_bias36": {"write": {"device_start": -1, "host_queued_start": 1585499979.464992, "device_queued": -1, "device_end": -1, "host_queued_end": 1585499979.495262}, "device": "cpu", "nd_range": {"device_start": 2167753.7388955792, "device_end": 2167753.7433950664}, "cmdq": 0, "read": {"device_start": -1, "device_end": -1}}, "softmax14": {"write": {"device_start": -1, "host_queued_start": 1585499979.482648, "device_queued": -1, "device_end": -1, "host_queued_end": 1585499979.495262}, "device": "cpu", "nd_range": {"device_start": 2167753.832578139, "device_end": 2167753.83269944}, "cmdq": 0, "read": {"device_start": -1, "device_end": -1}}, "FFC_sans_bias13": {"write": {"device_start": -1, "host_queued_start": 1585499979.479965, "device_queued": -1, "device_end": -1, "host_queued_end": 1585499979.495262}, "device": "cpu", "nd_range": {"device_start": 2167753.800218211, "device_end": 2167753.804998557}, "cmdq": 0, "read": {"device_start": -1, "device_end": -1}}, "empty8": {"write": {"device_start": -1, "host_queued_start": 1585499979.445205, "device_queued": -1, "device_end": -1, "host_queued_end": 1585499979.495262}, "device": "cpu", "nd_range": {"device_start": 2167753.684906381, "device_end": 2167753.6849205503}, "cmdq": 0, "read": {"device_start": -1, "device_end": -1}}, "FFC_sans_bias42": {"write": {"device_start": -1, "host_queued_start": 1585499979.486103, "device_queued": -1, "device_end": -1, "host_queued_end": 1585499979.495262}, "device": "cpu", "nd_range": {"device_start": 2167753.85141263, "device_end": 2167753.856511789}, "cmdq": 0, "read": {"device_start": -1, "device_end": -1}}, "FFC_sans_bias43": {"write": {"device_start": -1, "host_queued_start": 1585499979.492227, "device_queued": -1, "device_end": -1, "host_queued_end": 1585499979.495262}, "device": "cpu", "nd_range": {"device_start": 2167753.8883178043, "device_end": 2167753.892825414}, "cmdq": 0, "read": {"device_start": -1, "device_end": -1}}, "FFC_sans_bias40": {"write": {"device_start": -1, "host_queued_start": 1585499979.480998, "device_queued": -1, "device_end": -1, "host_queued_end": 1585499979.495262}, "device": "cpu", "nd_range": {"device_start": 2167753.81398922, "device_end": 2167753.818490432}, "cmdq": 0, "read": {"device_start": -1, "device_end": -1}}, "softmax32": {"write": {"device_start": -1, "host_queued_start": 1585499979.483198, "device_queued": -1, "device_end": -1, "host_queued_end": 1585499979.495262}, "device": "cpu", "nd_range": {"device_start": 2167753.8328218143, "device_end": 2167753.83293377}, "cmdq": 0, "read": {"device_start": -1, "device_end": -1}}, "FFC_sans_bias47": {"write": {"device_start": -1, "host_queued_start": 1585499979.47026, "device_queued": -1, "device_end": -1, "host_queued_end": 1585499979.495262}, "device": "cpu", "nd_range": {"device_start": 2167753.761932007, "device_end": 2167753.766515518}, "cmdq": 0, "read": {"device_start": -1, "device_end": -1}}, "FFC_sans_bias45": {"write": {"device_start": -1, "host_queued_start": 1585499979.468165, "device_queued": -1, "device_end": -1, "host_queued_end": 1585499979.495262}, "device": "cpu", "nd_range": {"device_start": 2167753.7525049853, "device_end": 2167753.757116061}, "cmdq": 0, "read": {"device_start": -1, "device_end": -1}}, "softmax50": {"write": {"device_start": -1, "host_queued_start": 1585499979.483746, "device_queued": -1, "device_end": -1, "host_queued_end": 1585499979.495262}, "device": "cpu", "nd_range": {"device_start": 2167753.8330614353, "device_end": 2167753.833173464}, "cmdq": 0, "read": {"device_start": -1, "device_end": -1}}, "FFC_sans_bias33": {"write": {"device_start": -1, "host_queued_start": 1585499979.485732, "device_queued": -1, "device_end": -1, "host_queued_end": 1585499979.495262}, "device": "cpu", "nd_range": {"device_start": 2167753.8468664763, "device_end": 2167753.8514077594}, "cmdq": 0, "read": {"device_start": -1, "device_end": -1}}, "FFC_sans_bias63": {"write": {"device_start": -1, "host_queued_start": 1585499979.476601, "device_queued": -1, "device_end": -1, "host_queued_end": 1585499979.495262}, "device": "cpu", "nd_range": {"device_start": 2167753.789672185, "device_end": 2167753.793763691}, "cmdq": 0, "read": {"device_start": -1, "device_end": -1}}, "FFC_sans_bias49": {"write": {"device_start": -1, "host_queued_start": 1585499979.481342, "device_queued": -1, "device_end": -1, "host_queued_end": 1585499979.495262}, "device": "cpu", "nd_range": {"device_start": 2167753.818495986, "device_end": 2167753.823278482}, "cmdq": 0, "read": {"device_start": -1, "device_end": -1}}, "FFC_sans_bias64": {"write": {"device_start": -1, "host_queued_start": 1585499979.474503, "device_queued": -1, "device_end": -1, "host_queued_end": 1585499979.495262}, "device": "cpu", "nd_range": {"device_start": 2167753.779935127, "device_end": 2167753.784489092}, "cmdq": 0, "read": {"device_start": -1, "device_end": -1}}, "FFC_sans_bias65": {"write": {"device_start": -1, "host_queued_start": 1585499979.475559, "device_queued": -1, "device_end": -1, "host_queued_end": 1585499979.495262}, "device": "cpu", "nd_range": {"device_start": 2167753.784493547, "device_end": 2167753.78966728}, "cmdq": 0, "read": {"device_start": -1, "device_end": -1}}, "FFC_sans_bias67": {"write": {"device_start": -1, "host_queued_start": 1585499979.482084, "device_queued": -1, "device_end": -1, "host_queued_end": 1585499979.495262}, "device": "cpu", "nd_range": {"device_start": 2167753.827858169, "device_end": 2167753.832445551}, "cmdq": 0, "read": {"device_start": -1, "device_end": -1}}, "FFC_sans_bias24": {"write": {"device_start": -1, "host_queued_start": 1585499979.485358, "device_queued": -1, "device_end": -1, "host_queued_end": 1585499979.495262}, "device": "cpu", "nd_range": {"device_start": 2167753.842447854, "device_end": 2167753.8468611683}, "cmdq": 0, "read": {"device_start": -1, "device_end": -1}}, "FFC_sans_bias25": {"write": {"device_start": -1, "host_queued_start": 1585499979.490199, "device_queued": -1, "device_end": -1, "host_queued_end": 1585499979.495262}, "device": "cpu", "nd_range": {"device_start": 2167753.879046706, "device_end": 2167753.883780404}, "cmdq": 0, "read": {"device_start": -1, "device_end": -1}}, "FFC_sans_bias27": {"write": {"device_start": -1, "host_queued_start": 1585499979.46181, "device_queued": -1, "device_end": -1, "host_queued_end": 1585499979.495262}, "device": "cpu", "nd_range": {"device_start": 2167753.724863532, "device_end": 2167753.729823605}, "cmdq": 0, "read": {"device_start": -1, "device_end": -1}}, "FFC_sans_bias20": {"write": {"device_start": -1, "host_queued_start": 1585499979.460762, "device_queued": -1, "device_end": -1, "host_queued_end": 1585499979.495262}, "device": "cpu", "nd_range": {"device_start": 2167753.7207851433, "device_end": 2167753.724859084}, "cmdq": 0, "read": {"device_start": -1, "device_end": -1}}, "FFC_sans_bias22": {"write": {"device_start": -1, "host_queued_start": 1585499979.480307, "device_queued": -1, "device_end": -1, "host_queued_end": 1585499979.495262}, "device": "cpu", "nd_range": {"device_start": 2167753.8050045893, "device_end": 2167753.8094463963}, "cmdq": 0, "read": {"device_start": -1, "device_end": -1}}, "softmax68": {"write": {"device_start": -1, "host_queued_start": 1585499979.484295, "device_queued": -1, "device_end": -1, "host_queued_end": 1585499979.495262}, "device": "cpu", "nd_range": {"device_start": 2167753.83329752, "device_end": 2167753.833409837}, "cmdq": 0, "read": {"device_start": -1, "device_end": -1}}, "softmax5": {"write": {"device_start": -1, "host_queued_start": 1585499979.482365, "device_queued": -1, "device_end": -1, "host_queued_end": 1585499979.495262}, "device": "cpu", "nd_range": {"device_start": 2167753.8324517123, "device_end": 2167753.832572387}, "cmdq": 0, "read": {"device_start": -1, "device_end": -1}}, "FFC_sans_bias28": {"write": {"device_start": -1, "host_queued_start": 1585499979.462885, "device_queued": -1, "device_end": -1, "host_queued_end": 1585499979.495262}, "device": "cpu", "nd_range": {"device_start": 2167753.7298286003, "device_end": 2167753.734110203}, "cmdq": 0, "read": {"device_start": -1, "device_end": -1}}, "FFC_sans_bias29": {"write": {"device_start": -1, "host_queued_start": 1585499979.463942, "device_queued": -1, "device_end": -1, "host_queued_end": 1585499979.495262}, "device": "cpu", "nd_range": {"device_start": 2167753.734114393, "device_end": 2167753.7388909264}, "cmdq": 0, "read": {"device_start": -1, "device_end": -1}}, "empty17": {"write": {"device_start": -1, "host_queued_start": 1585499979.446232, "device_queued": -1, "device_end": -1, "host_queued_end": 1585499979.495262}, "device": "cpu", "nd_range": {"device_start": 2167753.6849428373, "device_end": 2167753.684943799}, "cmdq": 0, "read": {"device_start": -1, "device_end": -1}}, "softmax59": {"write": {"device_start": -1, "host_queued_start": 1585499979.48402, "device_queued": -1, "device_end": -1, "host_queued_end": 1585499979.495262}, "device": "cpu", "nd_range": {"device_start": 2167753.83317859, "device_end": 2167753.833291824}, "cmdq": 0, "read": {"device_start": -1, "device_end": -1}}, "empty71": {"write": {"device_start": -1, "host_queued_start": 1585499979.451188, "device_queued": -1, "device_end": -1, "host_queued_end": 1585499979.495262}, "device": "cpu", "nd_range": {"device_start": 2167753.68497327, "device_end": 2167753.6849738313}, "cmdq": 0, "read": {"device_start": -1, "device_end": -1}}, "empty35": {"write": {"device_start": -1, "host_queued_start": 1585499979.447952, "device_queued": -1, "device_end": -1, "host_queued_end": 1585499979.495262}, "device": "cpu", "nd_range": {"device_start": 2167753.684955624, "device_end": 2167753.684956204}, "cmdq": 0, "read": {"device_start": -1, "device_end": -1}}, "empty53": {"write": {"device_start": -1, "host_queued_start": 1585499979.449555, "device_queued": -1, "device_end": -1, "host_queued_end": 1585499979.495262}, "device": "cpu", "nd_range": {"device_start": 2167753.684964829, "device_end": 2167753.684965346}, "cmdq": 0, "read": {"device_start": -1, "device_end": -1}}, "FFC_sans_bias46": {"write": {"device_start": -1, "host_queued_start": 1585499979.46921, "device_queued": -1, "device_end": -1, "host_queued_end": 1585499979.495262}, "device": "cpu", "nd_range": {"device_start": 2167753.757121182, "device_end": 2167753.761927877}, "cmdq": 0, "read": {"device_start": -1, "device_end": -1}}, "coalesced_transpose66": {"write": {"device_start": -1, "host_queued_start": 1585499979.479271, "device_queued": -1, "device_end": -1, "host_queued_end": 1585499979.495262}, "device": "cpu", "nd_range": {"device_start": 2167753.795695851, "device_end": 2167753.795800224}, "cmdq": 0, "read": {"device_start": -1, "device_end": -1}}, "coalesced_transpose48": {"write": {"device_start": -1, "host_queued_start": 1585499979.478611, "device_queued": -1, "device_end": -1, "host_queued_end": 1585499979.495262}, "device": "cpu", "nd_range": {"device_start": 2167753.795180608, "device_end": 2167753.7953349072}, "cmdq": 0, "read": {"device_start": -1, "device_end": -1}}}