{"FFC_sans_bias60": {"write": {"device_start": -1, "host_queued_start": 1585500332.914765, "device_queued": -1, "device_end": -1, "host_queued_end": 1585500332.923162}, "device": "cpu", "nd_range": {"device_start": 2168107.2832544763, "device_end": 2168107.298811643}, "cmdq": 2, "read": {"device_start": -1, "device_end": -1}}, "FFC_sans_bias4": {"write": {"device_start": -1, "host_queued_start": 1585500332.907632, "device_queued": -1, "device_end": -1, "host_queued_end": 1585500332.923162}, "device": "cpu", "nd_range": {"device_start": 2168107.225959618, "device_end": 2168107.242035014}, "cmdq": 0, "read": {"device_start": -1, "device_end": -1}}, "FFC_sans_bias7": {"write": {"device_start": -1, "host_queued_start": 1585500332.916149, "device_queued": -1, "device_end": -1, "host_queued_end": 1585500332.923162}, "device": "cpu", "nd_range": {"device_start": 2168107.307373749, "device_end": 2168107.334744857}, "cmdq": 4, "read": {"device_start": -1, "device_end": -1}}, "FFC_sans_bias6": {"write": {"device_start": -1, "host_queued_start": 1585500332.912691, "device_queued": -1, "device_end": -1, "host_queued_end": 1585500332.923162}, "device": "cpu", "nd_range": {"device_start": 2168107.2756294683, "device_end": 2168107.290880489}, "cmdq": 1, "read": {"device_start": -1, "device_end": -1}}, "FFC_sans_bias1": {"write": {"device_start": -1, "host_queued_start": 1585500332.881156, "device_queued": -1, "device_end": -1, "host_queued_end": 1585500332.923162}, "device": "cpu", "nd_range": {"device_start": 2168107.1128539303, "device_end": 2168107.129995195}, "cmdq": 4, "read": {"device_start": -1, "device_end": -1}}, "FFC_sans_bias0": {"write": {"device_start": -1, "host_queued_start": 1585500332.880113, "device_queued": -1, "device_end": -1, "host_queued_end": 1585500332.923162}, "device": "cpu", "nd_range": {"device_start": 2168107.112870626, "device_end": 2168107.128106843}, "cmdq": 3, "read": {"device_start": -1, "device_end": -1}}, "FFC_sans_bias2": {"write": {"device_start": -1, "host_queued_start": 1585500332.882368, "device_queued": -1, "device_end": -1, "host_queued_end": 1585500332.923162}, "device": "cpu", "nd_range": {"device_start": 2168107.1128464183, "device_end": 2168107.1283604233}, "cmdq": 0, "read": {"device_start": -1, "device_end": -1}}, "FFC_sans_bias61": {"write": {"device_start": -1, "host_queued_start": 1585500332.9221, "device_queued": -1, "device_end": -1, "host_queued_end": 1585500332.923162}, "device": "cpu", "nd_range": {"device_start": 2168107.314388691, "device_end": 2168107.3297392433}, "cmdq": 0, "read": {"device_start": -1, "device_end": -1}}, "FFC_sans_bias52": {"write": {"device_start": -1, "host_queued_start": 1585500332.921106, "device_queued": -1, "device_end": -1, "host_queued_end": 1585500332.923162}, "device": "cpu", "nd_range": {"device_start": 2168107.334749189, "device_end": 2168107.33884621}, "cmdq": 4, "read": {"device_start": -1, "device_end": -1}}, "FFC_sans_bias9": {"write": {"device_start": -1, "host_queued_start": 1585500332.88344, "device_queued": -1, "device_end": -1, "host_queued_end": 1585500332.923162}, "device": "cpu", "nd_range": {"device_start": 2168107.113808408, "device_end": 2168107.129042522}, "cmdq": 1, "read": {"device_start": -1, "device_end": -1}}, "coalesced_transpose39": {"write": {"device_start": -1, "host_queued_start": 1585500332.906282, "device_queued": -1, "device_end": -1, "host_queued_end": 1585500332.923162}, "device": "cpu", "nd_range": {"device_start": 2168107.190463758, "device_end": 2168107.1907280954}, "cmdq": 1, "read": {"device_start": -1, "device_end": -1}}, "FFC_sans_bias55": {"write": {"device_start": -1, "host_queued_start": 1585500332.901434, "device_queued": -1, "device_end": -1, "host_queued_end": 1585500332.923162}, "device": "cpu", "nd_range": {"device_start": 2168107.240446864, "device_end": 2168107.248162928}, "cmdq": 3, "read": {"device_start": -1, "device_end": -1}}, "FFC_sans_bias54": {"write": {"device_start": -1, "host_queued_start": 1585500332.900391, "device_queued": -1, "device_end": -1, "host_queued_end": 1585500332.923162}, "device": "cpu", "nd_range": {"device_start": 2168107.1743391743, "device_end": 2168107.189543828}, "cmdq": 2, "read": {"device_start": -1, "device_end": -1}}, "FFC_sans_bias56": {"write": {"device_start": -1, "host_queued_start": 1585500332.899342, "device_queued": -1, "device_end": -1, "host_queued_end": 1585500332.923162}, "device": "cpu", "nd_range": {"device_start": 2168107.159835175, "device_end": 2168107.1750638713}, "cmdq": 1, "read": {"device_start": -1, "device_end": -1}}, "FFC_sans_bias51": {"write": {"device_start": -1, "host_queued_start": 1585500332.91442, "device_queued": -1, "device_end": -1, "host_queued_end": 1585500332.923162}, "device": "cpu", "nd_range": {"device_start": 2168107.290889839, "device_end": 2168107.306185311}, "cmdq": 1, "read": {"device_start": -1, "device_end": -1}}, "softmax23": {"write": {"device_start": -1, "host_queued_start": 1585500332.910973, "device_queued": -1, "device_end": -1, "host_queued_end": 1585500332.923162}, "device": "cpu", "nd_range": {"device_start": 2168107.258464754, "device_end": 2168107.258682617}, "cmdq": 0, "read": {"device_start": -1, "device_end": -1}}, "FFC_sans_bias37": {"write": {"device_start": -1, "host_queued_start": 1585500332.894041, "device_queued": -1, "device_end": -1, "host_queued_end": 1585500332.923162}, "device": "cpu", "nd_range": {"device_start": 2168107.144416153, "device_end": 2168107.159719529}, "cmdq": 1, "read": {"device_start": -1, "device_end": -1}}, "empty62": {"write": {"device_start": -1, "host_queued_start": 1585500332.878311, "device_queued": -1, "device_end": -1, "host_queued_end": 1585500332.923162}, "device": "cpu", "nd_range": {"device_start": 2168107.1131859133, "device_end": 2168107.1131871543}, "cmdq": 1, "read": {"device_start": -1, "device_end": -1}}, "FFC_sans_bias70": {"write": {"device_start": -1, "host_queued_start": 1585500332.923117, "device_queued": -1, "device_end": -1, "host_queued_end": 1585500332.923162}, "device": "cpu", "nd_range": {"device_start": 2168107.321459053, "device_end": 2168107.334745028}, "cmdq": 1, "read": {"device_start": -1, "device_end": -1}}, "FFC_sans_bias58": {"write": {"device_start": -1, "host_queued_start": 1585500332.909787, "device_queued": -1, "device_end": -1, "host_queued_end": 1585500332.923162}, "device": "cpu", "nd_range": {"device_start": 2168107.2609929433, "device_end": 2168107.275391101}, "cmdq": 1, "read": {"device_start": -1, "device_end": -1}}, "softmax41": {"write": {"device_start": -1, "host_queued_start": 1585500332.911522, "device_queued": -1, "device_end": -1, "host_queued_end": 1585500332.923162}, "device": "cpu", "nd_range": {"device_start": 2168107.240638018, "device_end": 2168107.240862259}, "cmdq": 2, "read": {"device_start": -1, "device_end": -1}}, "FFC_sans_bias11": {"write": {"device_start": -1, "host_queued_start": 1585500332.885565, "device_queued": -1, "device_end": -1, "host_queued_end": 1585500332.923162}, "device": "cpu", "nd_range": {"device_start": 2168107.190376589, "device_end": 2168107.199142525}, "cmdq": 3, "read": {"device_start": -1, "device_end": -1}}, "FFC_sans_bias10": {"write": {"device_start": -1, "host_queued_start": 1585500332.8845, "device_queued": -1, "device_end": -1, "host_queued_end": 1585500332.923162}, "device": "cpu", "nd_range": {"device_start": 2168107.128115667, "device_end": 2168107.1433908693}, "cmdq": 2, "read": {"device_start": -1, "device_end": -1}}, "coalesced_transpose3": {"write": {"device_start": -1, "host_queued_start": 1585500332.90493, "device_queued": -1, "device_end": -1, "host_queued_end": 1585500332.923162}, "device": "cpu", "nd_range": {"device_start": 2168107.18966099, "device_end": 2168107.189908302}, "cmdq": 2, "read": {"device_start": -1, "device_end": -1}}, "FFC_sans_bias34": {"write": {"device_start": -1, "host_queued_start": 1585500332.919118, "device_queued": -1, "device_end": -1, "host_queued_end": 1585500332.923162}, "device": "cpu", "nd_range": {"device_start": 2168107.307755634, "device_end": 2168107.323654973}, "cmdq": 2, "read": {"device_start": -1, "device_end": -1}}, "FFC_sans_bias15": {"write": {"device_start": -1, "host_queued_start": 1585500332.91304, "device_queued": -1, "device_end": -1, "host_queued_end": 1585500332.923162}, "device": "cpu", "nd_range": {"device_start": 2168107.2687322292, "device_end": 2168107.283135108}, "cmdq": 2, "read": {"device_start": -1, "device_end": -1}}, "FFC_sans_bias31": {"write": {"device_start": -1, "host_queued_start": 1585500332.908682, "device_queued": -1, "device_end": -1, "host_queued_end": 1585500332.923162}, "device": "cpu", "nd_range": {"device_start": 2168107.248990977, "device_end": 2168107.2576347813}, "cmdq": 3, "read": {"device_start": -1, "device_end": -1}}, "FFC_sans_bias16": {"write": {"device_start": -1, "host_queued_start": 1585500332.917133, "device_queued": -1, "device_end": -1, "host_queued_end": 1585500332.923162}, "device": "cpu", "nd_range": {"device_start": 2168107.29892496, "device_end": 2168107.314381932}, "cmdq": 0, "read": {"device_start": -1, "device_end": -1}}, "FFC_sans_bias19": {"write": {"device_start": -1, "host_queued_start": 1585500332.887739, "device_queued": -1, "device_end": -1, "host_queued_end": 1585500332.923162}, "device": "cpu", "nd_range": {"device_start": 2168107.131829694, "device_end": 2168107.15522271}, "cmdq": 0, "read": {"device_start": -1, "device_end": -1}}, "FFC_sans_bias18": {"write": {"device_start": -1, "host_queued_start": 1585500332.886694, "device_queued": -1, "device_end": -1, "host_queued_end": 1585500332.923162}, "device": "cpu", "nd_range": {"device_start": 2168107.130102185, "device_end": 2168107.146539829}, "cmdq": 4, "read": {"device_start": -1, "device_end": -1}}, "coalesced_transpose30": {"write": {"device_start": -1, "host_queued_start": 1585500332.905939, "device_queued": -1, "device_end": -1, "host_queued_end": 1585500332.923162}, "device": "cpu", "nd_range": {"device_start": 2168107.2252867143, "device_end": 2168107.225545127}, "cmdq": 0, "read": {"device_start": -1, "device_end": -1}}, "FFC_sans_bias69": {"write": {"device_start": -1, "host_queued_start": 1585500332.915111, "device_queued": -1, "device_end": -1, "host_queued_end": 1585500332.923162}, "device": "cpu", "nd_range": {"device_start": 2168107.276172013, "device_end": 2168107.29145576}, "cmdq": 3, "read": {"device_start": -1, "device_end": -1}}, "FFC_sans_bias38": {"write": {"device_start": -1, "host_queued_start": 1585500332.895117, "device_queued": -1, "device_end": -1, "host_queued_end": 1585500332.923162}, "device": "cpu", "nd_range": {"device_start": 2168107.158894474, "device_end": 2168107.1742128613}, "cmdq": 2, "read": {"device_start": -1, "device_end": -1}}, "coalesced_transpose57": {"write": {"device_start": -1, "host_queued_start": 1585500332.906959, "device_queued": -1, "device_end": -1, "host_queued_end": 1585500332.923162}, "device": "cpu", "nd_range": {"device_start": 2168107.248643536, "device_end": 2168107.248877687}, "cmdq": 3, "read": {"device_start": -1, "device_end": -1}}, "empty26": {"write": {"device_start": -1, "host_queued_start": 1585500332.875002, "device_queued": -1, "device_end": -1, "host_queued_end": 1585500332.923162}, "device": "cpu", "nd_range": {"device_start": 2168107.1128054583, "device_end": 2168107.1128167403}, "cmdq": 2, "read": {"device_start": -1, "device_end": -1}}, "coalesced_transpose12": {"write": {"device_start": -1, "host_queued_start": 1585500332.905279, "device_queued": -1, "device_end": -1, "host_queued_end": 1585500332.923162}, "device": "cpu", "nd_range": {"device_start": 2168107.248279373, "device_end": 2168107.248530774}, "cmdq": 3, "read": {"device_start": -1, "device_end": -1}}, "empty44": {"write": {"device_start": -1, "host_queued_start": 1585500332.87667, "device_queued": -1, "device_end": -1, "host_queued_end": 1585500332.923162}, "device": "cpu", "nd_range": {"device_start": 2168107.112847345, "device_end": 2168107.112848071}, "cmdq": 4, "read": {"device_start": -1, "device_end": -1}}, "coalesced_transpose21": {"write": {"device_start": -1, "host_queued_start": 1585500332.905607, "device_queued": -1, "device_end": -1, "host_queued_end": 1585500332.923162}, "device": "cpu", "nd_range": {"device_start": 2168107.210162482, "device_end": 2168107.210426464}, "cmdq": 4, "read": {"device_start": -1, "device_end": -1}}, "FFC_sans_bias36": {"write": {"device_start": -1, "host_queued_start": 1585500332.893, "device_queued": -1, "device_end": -1, "host_queued_end": 1585500332.923162}, "device": "cpu", "nd_range": {"device_start": 2168107.162388496, "device_end": 2168107.187220001}, "cmdq": 0, "read": {"device_start": -1, "device_end": -1}}, "softmax14": {"write": {"device_start": -1, "host_queued_start": 1585500332.910695, "device_queued": -1, "device_end": -1, "host_queued_end": 1585500332.923162}, "device": "cpu", "nd_range": {"device_start": 2168107.268399233, "device_end": 2168107.268610652}, "cmdq": 4, "read": {"device_start": -1, "device_end": -1}}, "FFC_sans_bias13": {"write": {"device_start": -1, "host_queued_start": 1585500332.907971, "device_queued": -1, "device_end": -1, "host_queued_end": 1585500332.923162}, "device": "cpu", "nd_range": {"device_start": 2168107.249533305, "device_end": 2168107.2609798233}, "cmdq": 1, "read": {"device_start": -1, "device_end": -1}}, "empty8": {"write": {"device_start": -1, "host_queued_start": 1585500332.873099, "device_queued": -1, "device_end": -1, "host_queued_end": 1585500332.923162}, "device": "cpu", "nd_range": {"device_start": 2168107.112803556, "device_end": 2168107.1128167394}, "cmdq": 0, "read": {"device_start": -1, "device_end": -1}}, "FFC_sans_bias42": {"write": {"device_start": -1, "host_queued_start": 1585500332.914078, "device_queued": -1, "device_end": -1, "host_queued_end": 1585500332.923162}, "device": "cpu", "nd_range": {"device_start": 2168107.258911491, "device_end": 2168107.272979543}, "cmdq": 0, "read": {"device_start": -1, "device_end": -1}}, "FFC_sans_bias43": {"write": {"device_start": -1, "host_queued_start": 1585500332.920111, "device_queued": -1, "device_end": -1, "host_queued_end": 1585500332.923162}, "device": "cpu", "nd_range": {"device_start": 2168107.2914640973, "device_end": 2168107.307751941}, "cmdq": 3, "read": {"device_start": -1, "device_end": -1}}, "FFC_sans_bias40": {"write": {"device_start": -1, "host_queued_start": 1585500332.9091, "device_queued": -1, "device_end": -1, "host_queued_end": 1585500332.923162}, "device": "cpu", "nd_range": {"device_start": 2168107.212777549, "device_end": 2168107.235589214}, "cmdq": 4, "read": {"device_start": -1, "device_end": -1}}, "softmax32": {"write": {"device_start": -1, "host_queued_start": 1585500332.911248, "device_queued": -1, "device_end": -1, "host_queued_end": 1585500332.923162}, "device": "cpu", "nd_range": {"device_start": 2168107.275402564, "device_end": 2168107.2756219544}, "cmdq": 1, "read": {"device_start": -1, "device_end": -1}}, "FFC_sans_bias47": {"write": {"device_start": -1, "host_queued_start": 1585500332.898263, "device_queued": -1, "device_end": -1, "host_queued_end": 1585500332.923162}, "device": "cpu", "nd_range": {"device_start": 2168107.192976249, "device_end": 2168107.207338414}, "cmdq": 0, "read": {"device_start": -1, "device_end": -1}}, "FFC_sans_bias45": {"write": {"device_start": -1, "host_queued_start": 1585500332.896155, "device_queued": -1, "device_end": -1, "host_queued_end": 1585500332.923162}, "device": "cpu", "nd_range": {"device_start": 2168107.215013587, "device_end": 2168107.240367723}, "cmdq": 3, "read": {"device_start": -1, "device_end": -1}}, "softmax50": {"write": {"device_start": -1, "host_queued_start": 1585500332.911795, "device_queued": -1, "device_end": -1, "host_queued_end": 1585500332.923162}, "device": "cpu", "nd_range": {"device_start": 2168107.260125554, "device_end": 2168107.260336767}, "cmdq": 3, "read": {"device_start": -1, "device_end": -1}}, "FFC_sans_bias33": {"write": {"device_start": -1, "host_queued_start": 1585500332.913738, "device_queued": -1, "device_end": -1, "host_queued_end": 1585500332.923162}, "device": "cpu", "nd_range": {"device_start": 2168107.276065002, "device_end": 2168107.3073616093}, "cmdq": 4, "read": {"device_start": -1, "device_end": -1}}, "FFC_sans_bias63": {"write": {"device_start": -1, "host_queued_start": 1585500332.904588, "device_queued": -1, "device_end": -1, "host_queued_end": 1585500332.923162}, "device": "cpu", "nd_range": {"device_start": 2168107.1751877964, "device_end": 2168107.190339522}, "cmdq": 1, "read": {"device_start": -1, "device_end": -1}}, "FFC_sans_bias49": {"write": {"device_start": -1, "host_queued_start": 1585500332.909448, "device_queued": -1, "device_end": -1, "host_queued_end": 1585500332.923162}, "device": "cpu", "nd_range": {"device_start": 2168107.242044528, "device_end": 2168107.2584551703}, "cmdq": 0, "read": {"device_start": -1, "device_end": -1}}, "FFC_sans_bias64": {"write": {"device_start": -1, "host_queued_start": 1585500332.90248, "device_queued": -1, "device_end": -1, "host_queued_end": 1585500332.923162}, "device": "cpu", "nd_range": {"device_start": 2168107.179079566, "device_end": 2168107.20861413}, "cmdq": 4, "read": {"device_start": -1, "device_end": -1}}, "FFC_sans_bias65": {"write": {"device_start": -1, "host_queued_start": 1585500332.903533, "device_queued": -1, "device_end": -1, "host_queued_end": 1585500332.923162}, "device": "cpu", "nd_range": {"device_start": 2168107.2077953583, "device_end": 2168107.2246156363}, "cmdq": 0, "read": {"device_start": -1, "device_end": -1}}, "FFC_sans_bias67": {"write": {"device_start": -1, "host_queued_start": 1585500332.910134, "device_queued": -1, "device_end": -1, "host_queued_end": 1585500332.923162}, "device": "cpu", "nd_range": {"device_start": 2168107.227502455, "device_end": 2168107.2404279104}, "cmdq": 2, "read": {"device_start": -1, "device_end": -1}}, "FFC_sans_bias24": {"write": {"device_start": -1, "host_queued_start": 1585500332.913381, "device_queued": -1, "device_end": -1, "host_queued_end": 1585500332.923162}, "device": "cpu", "nd_range": {"device_start": 2168107.260346086, "device_end": 2168107.276162357}, "cmdq": 3, "read": {"device_start": -1, "device_end": -1}}, "FFC_sans_bias25": {"write": {"device_start": -1, "host_queued_start": 1585500332.918121, "device_queued": -1, "device_end": -1, "host_queued_end": 1585500332.923162}, "device": "cpu", "nd_range": {"device_start": 2168107.306193719, "device_end": 2168107.321454606}, "cmdq": 1, "read": {"device_start": -1, "device_end": -1}}, "FFC_sans_bias27": {"write": {"device_start": -1, "host_queued_start": 1585500332.889833, "device_queued": -1, "device_end": -1, "host_queued_end": 1585500332.923162}, "device": "cpu", "nd_range": {"device_start": 2168107.143400588, "device_end": 2168107.158756473}, "cmdq": 2, "read": {"device_start": -1, "device_end": -1}}, "FFC_sans_bias20": {"write": {"device_start": -1, "host_queued_start": 1585500332.888786, "device_queued": -1, "device_end": -1, "host_queued_end": 1585500332.923162}, "device": "cpu", "nd_range": {"device_start": 2168107.129052992, "device_end": 2168107.144294512}, "cmdq": 1, "read": {"device_start": -1, "device_end": -1}}, "FFC_sans_bias22": {"write": {"device_start": -1, "host_queued_start": 1585500332.908332, "device_queued": -1, "device_end": -1, "host_queued_end": 1585500332.923162}, "device": "cpu", "nd_range": {"device_start": 2168107.21579944, "device_end": 2168107.2273571673}, "cmdq": 2, "read": {"device_start": -1, "device_end": -1}}, "softmax68": {"write": {"device_start": -1, "host_queued_start": 1585500332.912332, "device_queued": -1, "device_end": -1, "host_queued_end": 1585500332.923162}, "device": "cpu", "nd_range": {"device_start": 2168107.2586891702, "device_end": 2168107.258904652}, "cmdq": 0, "read": {"device_start": -1, "device_end": -1}}, "softmax5": {"write": {"device_start": -1, "host_queued_start": 1585500332.910411, "device_queued": -1, "device_end": -1, "host_queued_end": 1585500332.923162}, "device": "cpu", "nd_range": {"device_start": 2168107.257745351, "device_end": 2168107.2579565994}, "cmdq": 3, "read": {"device_start": -1, "device_end": -1}}, "FFC_sans_bias28": {"write": {"device_start": -1, "host_queued_start": 1585500332.89091, "device_queued": -1, "device_end": -1, "host_queued_end": 1585500332.923162}, "device": "cpu", "nd_range": {"device_start": 2168107.199450003, "device_end": 2168107.214886525}, "cmdq": 3, "read": {"device_start": -1, "device_end": -1}}, "FFC_sans_bias29": {"write": {"device_start": -1, "host_queued_start": 1585500332.89196, "device_queued": -1, "device_end": -1, "host_queued_end": 1585500332.923162}, "device": "cpu", "nd_range": {"device_start": 2168107.1466578133, "device_end": 2168107.163093063}, "cmdq": 4, "read": {"device_start": -1, "device_end": -1}}, "empty17": {"write": {"device_start": -1, "host_queued_start": 1585500332.874125, "device_queued": -1, "device_end": -1, "host_queued_end": 1585500332.923162}, "device": "cpu", "nd_range": {"device_start": 2168107.113150245, "device_end": 2168107.113153688}, "cmdq": 1, "read": {"device_start": -1, "device_end": -1}}, "softmax59": {"write": {"device_start": -1, "host_queued_start": 1585500332.912064, "device_queued": -1, "device_end": -1, "host_queued_end": 1585500332.923162}, "device": "cpu", "nd_range": {"device_start": 2168107.27584587, "device_end": 2168107.27605745}, "cmdq": 4, "read": {"device_start": -1, "device_end": -1}}, "empty71": {"write": {"device_start": -1, "host_queued_start": 1585500332.879146, "device_queued": -1, "device_end": -1, "host_queued_end": 1585500332.923162}, "device": "cpu", "nd_range": {"device_start": 2168107.112840746, "device_end": 2168107.112841613}, "cmdq": 2, "read": {"device_start": -1, "device_end": -1}}, "empty35": {"write": {"device_start": -1, "host_queued_start": 1585500332.87584, "device_queued": -1, "device_end": -1, "host_queued_end": 1585500332.923162}, "device": "cpu", "nd_range": {"device_start": 2168107.112847904, "device_end": 2168107.112852854}, "cmdq": 3, "read": {"device_start": -1, "device_end": -1}}, "empty53": {"write": {"device_start": -1, "host_queued_start": 1585500332.877506, "device_queued": -1, "device_end": -1, "host_queued_end": 1585500332.923162}, "device": "cpu", "nd_range": {"device_start": 2168107.11284021, "device_end": 2168107.112841201}, "cmdq": 0, "read": {"device_start": -1, "device_end": -1}}, "FFC_sans_bias46": {"write": {"device_start": -1, "host_queued_start": 1585500332.897198, "device_queued": -1, "device_end": -1, "host_queued_end": 1585500332.923162}, "device": "cpu", "nd_range": {"device_start": 2168107.163213, "device_end": 2168107.1789523913}, "cmdq": 4, "read": {"device_start": -1, "device_end": -1}}, "coalesced_transpose66": {"write": {"device_start": -1, "host_queued_start": 1585500332.907291, "device_queued": -1, "device_end": -1, "host_queued_end": 1585500332.923162}, "device": "cpu", "nd_range": {"device_start": 2168107.2115155193, "device_end": 2168107.211777293}, "cmdq": 4, "read": {"device_start": -1, "device_end": -1}}, "coalesced_transpose48": {"write": {"device_start": -1, "host_queued_start": 1585500332.90663, "device_queued": -1, "device_end": -1, "host_queued_end": 1585500332.923162}, "device": "cpu", "nd_range": {"device_start": 2168107.190020081, "device_end": 2168107.190261819}, "cmdq": 2, "read": {"device_start": -1, "device_end": -1}}}