{"FFC_sans_bias60": {"write": {"device_start": -1, "host_queued_start": 1585500142.02157, "device_queued": -1, "device_end": -1, "host_queued_end": 1585500142.027677}, "device": "gpu", "nd_range": {"device_start": 1585500079.1214118, "device_end": 1585500079.122365}, "cmdq": 0, "read": {"device_start": -1, "device_end": -1}}, "FFC_sans_bias4": {"write": {"device_start": -1, "host_queued_start": 1585500142.043087, "device_queued": -1, "device_end": -1, "host_queued_end": 1585500142.04901}, "device": "cpu", "nd_range": {"device_start": 2167916.280129998, "device_end": 2167916.2968896553}, "cmdq": 0, "read": {"device_start": -1, "device_end": -1}}, "FFC_sans_bias7": {"write": {"device_start": -1, "host_queued_start": 1585500142.046972, "device_queued": -1, "device_end": -1, "host_queued_end": 1585500142.04901}, "device": "cpu", "nd_range": {"device_start": 2167916.311086533, "device_end": 2167916.3238803213}, "cmdq": 0, "read": {"device_start": -1, "device_end": -1}}, "FFC_sans_bias6": {"write": {"device_start": -1, "host_queued_start": 1585500142.045177, "device_queued": -1, "device_end": -1, "host_queued_end": 1585500142.04901}, "device": "cpu", "nd_range": {"device_start": 2167916.29794495, "device_end": 2167916.311079759}, "cmdq": 0, "read": {"device_start": -1, "device_end": -1}}, "FFC_sans_bias1": {"write": {"device_start": -1, "host_queued_start": 1585500142.033528, "device_queued": -1, "device_end": -1, "host_queued_end": 1585500142.04901}, "device": "cpu", "nd_range": {"device_start": 2167916.2386243483, "device_end": 2167916.2515701423}, "cmdq": 1, "read": {"device_start": -1, "device_end": -1}}, "FFC_sans_bias0": {"write": {"device_start": -1, "host_queued_start": 1585500142.03237, "device_queued": -1, "device_end": -1, "host_queued_end": 1585500142.04901}, "device": "cpu", "nd_range": {"device_start": 2167916.2386236833, "device_end": 2167916.251226372}, "cmdq": 0, "read": {"device_start": -1, "device_end": -1}}, "FFC_sans_bias2": {"write": {"device_start": -1, "host_queued_start": 1585500142.034772, "device_queued": -1, "device_end": -1, "host_queued_end": 1585500142.04901}, "device": "cpu", "nd_range": {"device_start": 2167916.238994011, "device_end": 2167916.2475959873}, "cmdq": 2, "read": {"device_start": -1, "device_end": -1}}, "FFC_sans_bias61": {"write": {"device_start": 1585500079.1250184, "host_queued_start": 1585500142.026441, "device_queued": 1585500079.1133084, "device_end": 1585500079.1250489, "host_queued_end": 1585500142.027677}, "device": "gpu", "nd_range": {"device_start": 1585500079.1250572, "device_end": 1585500079.1257312}, "cmdq": 1, "read": {"device_start": 1585500079.1257334, "device_end": 1585500079.125756}}, "FFC_sans_bias52": {"write": {"device_start": 1585500079.123595, "host_queued_start": 1585500142.025299, "device_queued": 1585500079.1131244, "device_end": 1585500079.1236289, "host_queued_end": 1585500142.027677}, "device": "gpu", "nd_range": {"device_start": 1585500079.1236448, "device_end": 1585500079.1242545}, "cmdq": 0, "read": {"device_start": 1585500079.1242628, "device_end": 1585500079.1242867}}, "FFC_sans_bias9": {"write": {"device_start": -1, "host_queued_start": 1585500142.035991, "device_queued": -1, "device_end": -1, "host_queued_end": 1585500142.04901}, "device": "cpu", "nd_range": {"device_start": 2167916.2518737703, "device_end": 2167916.268429283}, "cmdq": 0, "read": {"device_start": -1, "device_end": -1}}, "coalesced_transpose39": {"write": {"device_start": -1, "host_queued_start": 1585500142.015969, "device_queued": -1, "device_end": -1, "host_queued_end": 1585500142.027677}, "device": "gpu", "nd_range": {"device_start": 1585500079.1179318, "device_end": 1585500079.1179419}, "cmdq": 1, "read": {"device_start": -1, "device_end": -1}}, "FFC_sans_bias55": {"write": {"device_start": 1585500079.1156743, "host_queued_start": 1585500142.011864, "device_queued": 1585500079.1114907, "device_end": 1585500079.1157064, "host_queued_end": 1585500142.027677}, "device": "gpu", "nd_range": {"device_start": 1585500079.115711, "device_end": 1585500079.1164877}, "cmdq": 0, "read": {"device_start": -1, "device_end": -1}}, "FFC_sans_bias54": {"write": {"device_start": 1585500079.1151597, "host_queued_start": 1585500142.010742, "device_queued": 1585500079.111437, "device_end": 1585500079.1151857, "host_queued_end": 1585500142.027677}, "device": "gpu", "nd_range": {"device_start": 1585500079.1151922, "device_end": 1585500079.116005}, "cmdq": 1, "read": {"device_start": -1, "device_end": -1}}, "FFC_sans_bias56": {"write": {"device_start": 1585500079.1146624, "host_queued_start": 1585500142.00958, "device_queued": 1585500079.1112585, "device_end": 1585500079.1146882, "host_queued_end": 1585500142.027677}, "device": "gpu", "nd_range": {"device_start": 1585500079.1146927, "device_end": 1585500079.115528}, "cmdq": 0, "read": {"device_start": -1, "device_end": -1}}, "FFC_sans_bias51": {"write": {"device_start": -1, "host_queued_start": 1585500142.021216, "device_queued": -1, "device_end": -1, "host_queued_end": 1585500142.027677}, "device": "gpu", "nd_range": {"device_start": 1585500079.121815, "device_end": 1585500079.122812}, "cmdq": 1, "read": {"device_start": -1, "device_end": -1}}, "softmax23": {"write": {"device_start": -1, "host_queued_start": 1585500142.04482, "device_queued": -1, "device_end": -1, "host_queued_end": 1585500142.04901}, "device": "cpu", "nd_range": {"device_start": 2167916.2930174763, "device_end": 2167916.293224933}, "cmdq": 2, "read": {"device_start": -1, "device_end": -1}}, "FFC_sans_bias37": {"write": {"device_start": 1585500079.1122792, "host_queued_start": 1585500142.001831, "device_queued": 1585500079.1108522, "device_end": 1585500079.112305, "host_queued_end": 1585500142.027677}, "device": "gpu", "nd_range": {"device_start": 1585500079.1123083, "device_end": 1585500079.1131206}, "cmdq": 1, "read": {"device_start": -1, "device_end": -1}}, "empty62": {"write": {"device_start": 1585500079.1102524, "host_queued_start": 1585500141.995801, "device_queued": 1585500079.110038, "device_end": 1585500079.1102767, "host_queued_end": 1585500142.027677}, "device": "gpu", "nd_range": {"device_start": 1585500079.1102808, "device_end": 1585500079.1102893}, "cmdq": 1, "read": {"device_start": -1, "device_end": -1}}, "FFC_sans_bias70": {"write": {"device_start": 1585500079.124513, "host_queued_start": 1585500142.027576, "device_queued": 1585500079.1133657, "device_end": 1585500079.1245441, "host_queued_end": 1585500142.027677}, "device": "gpu", "nd_range": {"device_start": 1585500079.1245527, "device_end": 1585500079.1252377}, "cmdq": 0, "read": {"device_start": 1585500079.1258786, "device_end": 1585500079.1259093}}, "FFC_sans_bias58": {"write": {"device_start": -1, "host_queued_start": 1585500142.018379, "device_queued": -1, "device_end": -1, "host_queued_end": 1585500142.027677}, "device": "gpu", "nd_range": {"device_start": 1585500079.118571, "device_end": 1585500079.119545}, "cmdq": 0, "read": {"device_start": -1, "device_end": -1}}, "softmax41": {"write": {"device_start": -1, "host_queued_start": 1585500142.0193, "device_queued": -1, "device_end": -1, "host_queued_end": 1585500142.027677}, "device": "gpu", "nd_range": {"device_start": 1585500079.120577, "device_end": 1585500079.1207805}, "cmdq": 1, "read": {"device_start": -1, "device_end": -1}}, "FFC_sans_bias11": {"write": {"device_start": -1, "host_queued_start": 1585500142.038083, "device_queued": -1, "device_end": -1, "host_queued_end": 1585500142.04901}, "device": "cpu", "nd_range": {"device_start": 2167916.2477056533, "device_end": 2167916.257272068}, "cmdq": 2, "read": {"device_start": -1, "device_end": -1}}, "FFC_sans_bias10": {"write": {"device_start": -1, "host_queued_start": 1585500142.037033, "device_queued": -1, "device_end": -1, "host_queued_end": 1585500142.04901}, "device": "cpu", "nd_range": {"device_start": 2167916.2517022053, "device_end": 2167916.268430553}, "cmdq": 1, "read": {"device_start": -1, "device_end": -1}}, "coalesced_transpose3": {"write": {"device_start": -1, "host_queued_start": 1585500142.041803, "device_queued": -1, "device_end": -1, "host_queued_end": 1585500142.04901}, "device": "cpu", "nd_range": {"device_start": 2167916.279859958, "device_end": 2167916.28012296}, "cmdq": 0, "read": {"device_start": -1, "device_end": -1}}, "FFC_sans_bias34": {"write": {"device_start": 1585500079.1225302, "host_queued_start": 1585500142.023041, "device_queued": 1585500079.1129322, "device_end": 1585500079.122557, "host_queued_end": 1585500142.027677}, "device": "gpu", "nd_range": {"device_start": 1585500079.1225717, "device_end": 1585500079.1233351}, "cmdq": 0, "read": {"device_start": 1585500079.1233368, "device_end": 1585500079.1233618}}, "FFC_sans_bias15": {"write": {"device_start": -1, "host_queued_start": 1585500142.045542, "device_queued": -1, "device_end": -1, "host_queued_end": 1585500142.04901}, "device": "cpu", "nd_range": {"device_start": 2167916.285822667, "device_end": 2167916.29633649}, "cmdq": 1, "read": {"device_start": -1, "device_end": -1}}, "FFC_sans_bias31": {"write": {"device_start": -1, "host_queued_start": 1585500142.017335, "device_queued": -1, "device_end": -1, "host_queued_end": 1585500142.027677}, "device": "gpu", "nd_range": {"device_start": 1585500079.1179729, "device_end": 1585500079.1189675}, "cmdq": 1, "read": {"device_start": -1, "device_end": -1}}, "FFC_sans_bias16": {"write": {"device_start": -1, "host_queued_start": 1585500142.04796, "device_queued": -1, "device_end": -1, "host_queued_end": 1585500142.04901}, "device": "cpu", "nd_range": {"device_start": 2167916.296452491, "device_end": 2167916.309495822}, "cmdq": 1, "read": {"device_start": -1, "device_end": -1}}, "FFC_sans_bias19": {"write": {"device_start": -1, "host_queued_start": 1585500142.040207, "device_queued": -1, "device_end": -1, "host_queued_end": 1585500142.04901}, "device": "cpu", "nd_range": {"device_start": 2167916.2685921863, "device_end": 2167916.277230773}, "cmdq": 1, "read": {"device_start": -1, "device_end": -1}}, "FFC_sans_bias18": {"write": {"device_start": -1, "host_queued_start": 1585500142.039163, "device_queued": -1, "device_end": -1, "host_queued_end": 1585500142.04901}, "device": "cpu", "nd_range": {"device_start": 2167916.268436618, "device_end": 2167916.2739394433}, "cmdq": 0, "read": {"device_start": -1, "device_end": -1}}, "coalesced_transpose30": {"write": {"device_start": -1, "host_queued_start": 1585500142.015626, "device_queued": -1, "device_end": -1, "host_queued_end": 1585500142.027677}, "device": "gpu", "nd_range": {"device_start": 1585500079.1174417, "device_end": 1585500079.1178079}, "cmdq": 0, "read": {"device_start": -1, "device_end": -1}}, "FFC_sans_bias69": {"write": {"device_start": -1, "host_queued_start": 1585500142.021911, "device_queued": -1, "device_end": -1, "host_queued_end": 1585500142.027677}, "device": "gpu", "nd_range": {"device_start": 1585500079.1228194, "device_end": 1585500079.1237888}, "cmdq": 1, "read": {"device_start": -1, "device_end": -1}}, "FFC_sans_bias38": {"write": {"device_start": 1585500079.1127193, "host_queued_start": 1585500142.004063, "device_queued": 1585500079.1109028, "device_end": 1585500079.112748, "host_queued_end": 1585500142.027677}, "device": "gpu", "nd_range": {"device_start": 1585500079.1127532, "device_end": 1585500079.1135638}, "cmdq": 0, "read": {"device_start": -1, "device_end": -1}}, "coalesced_transpose57": {"write": {"device_start": -1, "host_queued_start": 1585500142.016648, "device_queued": -1, "device_end": -1, "host_queued_end": 1585500142.027677}, "device": "gpu", "nd_range": {"device_start": 1585500079.1179488, "device_end": 1585500079.117963}, "cmdq": 1, "read": {"device_start": -1, "device_end": -1}}, "empty26": {"write": {"device_start": -1, "host_queued_start": 1585500142.031254, "device_queued": -1, "device_end": -1, "host_queued_end": 1585500142.04901}, "device": "cpu", "nd_range": {"device_start": 2167916.2387197623, "device_end": 2167916.2387246923}, "cmdq": 2, "read": {"device_start": -1, "device_end": -1}}, "coalesced_transpose12": {"write": {"device_start": -1, "host_queued_start": 1585500142.042278, "device_queued": -1, "device_end": -1, "host_queued_end": 1585500142.04901}, "device": "cpu", "nd_range": {"device_start": 2167916.2772502303, "device_end": 2167916.2774703433}, "cmdq": 1, "read": {"device_start": -1, "device_end": -1}}, "empty44": {"write": {"device_start": 1585500079.1100452, "host_queued_start": 1585500141.994112, "device_queued": 1585500079.1099515, "device_end": 1585500079.110104, "host_queued_end": 1585500142.027677}, "device": "gpu", "nd_range": {"device_start": 1585500079.110108, "device_end": 1585500079.1101112}, "cmdq": 1, "read": {"device_start": -1, "device_end": -1}}, "coalesced_transpose21": {"write": {"device_start": -1, "host_queued_start": 1585500142.042662, "device_queued": -1, "device_end": -1, "host_queued_end": 1585500142.04901}, "device": "cpu", "nd_range": {"device_start": 2167916.2772379713, "device_end": 2167916.277462943}, "cmdq": 2, "read": {"device_start": -1, "device_end": -1}}, "FFC_sans_bias36": {"write": {"device_start": 1585500079.1117408, "host_queued_start": 1585500142.000734, "device_queued": 1585500079.1107025, "device_end": 1585500079.1117656, "host_queued_end": 1585500142.027677}, "device": "gpu", "nd_range": {"device_start": 1585500079.111775, "device_end": 1585500079.1125774}, "cmdq": 0, "read": {"device_start": -1, "device_end": -1}}, "softmax14": {"write": {"device_start": -1, "host_queued_start": 1585500142.044547, "device_queued": -1, "device_end": -1, "host_queued_end": 1585500142.04901}, "device": "cpu", "nd_range": {"device_start": 2167916.2854868863, "device_end": 2167916.285704805}, "cmdq": 1, "read": {"device_start": -1, "device_end": -1}}, "FFC_sans_bias13": {"write": {"device_start": -1, "host_queued_start": 1585500142.043558, "device_queued": -1, "device_end": -1, "host_queued_end": 1585500142.04901}, "device": "cpu", "nd_range": {"device_start": 2167916.277481495, "device_end": 2167916.285359859}, "cmdq": 1, "read": {"device_start": -1, "device_end": -1}}, "empty8": {"write": {"device_start": -1, "host_queued_start": 1585500142.029143, "device_queued": -1, "device_end": -1, "host_queued_end": 1585500142.04901}, "device": "cpu", "nd_range": {"device_start": 2167916.238598457, "device_end": 2167916.238606593}, "cmdq": 0, "read": {"device_start": -1, "device_end": -1}}, "FFC_sans_bias42": {"write": {"device_start": -1, "host_queued_start": 1585500142.020869, "device_queued": -1, "device_end": -1, "host_queued_end": 1585500142.027677}, "device": "gpu", "nd_range": {"device_start": 1585500079.1207974, "device_end": 1585500079.1214042}, "cmdq": 0, "read": {"device_start": -1, "device_end": -1}}, "FFC_sans_bias43": {"write": {"device_start": 1585500079.1239274, "host_queued_start": 1585500142.024167, "device_queued": 1585500079.1130638, "device_end": 1585500079.1239595, "host_queued_end": 1585500142.027677}, "device": "gpu", "nd_range": {"device_start": 1585500079.1239743, "device_end": 1585500079.124774}, "cmdq": 1, "read": {"device_start": 1585500079.1247787, "device_end": 1585500079.124809}}, "FFC_sans_bias40": {"write": {"device_start": -1, "host_queued_start": 1585500142.017683, "device_queued": -1, "device_end": -1, "host_queued_end": 1585500142.027677}, "device": "gpu", "nd_range": {"device_start": 1585500079.11796, "device_end": 1585500079.1185632}, "cmdq": 0, "read": {"device_start": -1, "device_end": -1}}, "softmax32": {"write": {"device_start": -1, "host_queued_start": 1585500142.019018, "device_queued": -1, "device_end": -1, "host_queued_end": 1585500142.027677}, "device": "gpu", "nd_range": {"device_start": 1585500079.119553, "device_end": 1585500079.1200516}, "cmdq": 0, "read": {"device_start": -1, "device_end": -1}}, "FFC_sans_bias47": {"write": {"device_start": 1585500079.114204, "host_queued_start": 1585500142.008422, "device_queued": 1585500079.1112075, "device_end": 1585500079.1142304, "host_queued_end": 1585500142.027677}, "device": "gpu", "nd_range": {"device_start": 1585500079.1142352, "device_end": 1585500079.1150455}, "cmdq": 1, "read": {"device_start": -1, "device_end": -1}}, "FFC_sans_bias45": {"write": {"device_start": 1585500079.1132069, "host_queued_start": 1585500142.005984, "device_queued": 1585500079.111052, "device_end": 1585500079.1132329, "host_queued_end": 1585500142.027677}, "device": "gpu", "nd_range": {"device_start": 1585500079.1132376, "device_end": 1585500079.1140907}, "cmdq": 1, "read": {"device_start": -1, "device_end": -1}}, "softmax50": {"write": {"device_start": -1, "host_queued_start": 1585500142.019586, "device_queued": -1, "device_end": -1, "host_queued_end": 1585500142.027677}, "device": "gpu", "nd_range": {"device_start": 1585500079.1200585, "device_end": 1585500079.1205802}, "cmdq": 0, "read": {"device_start": -1, "device_end": -1}}, "FFC_sans_bias33": {"write": {"device_start": -1, "host_queued_start": 1585500142.020526, "device_queued": -1, "device_end": -1, "host_queued_end": 1585500142.027677}, "device": "gpu", "nd_range": {"device_start": 1585500079.1211832, "device_end": 1585500079.1218078}, "cmdq": 1, "read": {"device_start": -1, "device_end": -1}}, "FFC_sans_bias63": {"write": {"device_start": 1585500079.1171126, "host_queued_start": 1585500142.015247, "device_queued": 1585500079.1119094, "device_end": 1585500079.1171453, "host_queued_end": 1585500142.027677}, "device": "gpu", "nd_range": {"device_start": 1585500079.1171505, "device_end": 1585500079.1179307}, "cmdq": 1, "read": {"device_start": -1, "device_end": -1}}, "FFC_sans_bias49": {"write": {"device_start": -1, "host_queued_start": 1585500142.018045, "device_queued": -1, "device_end": -1, "host_queued_end": 1585500142.027677}, "device": "gpu", "nd_range": {"device_start": 1585500079.1189756, "device_end": 1585500079.1199653}, "cmdq": 1, "read": {"device_start": -1, "device_end": -1}}, "FFC_sans_bias64": {"write": {"device_start": 1585500079.1161296, "host_queued_start": 1585500142.012984, "device_queued": 1585500079.1116698, "device_end": 1585500079.1161551, "host_queued_end": 1585500142.027677}, "device": "gpu", "nd_range": {"device_start": 1585500079.116162, "device_end": 1585500079.116987}, "cmdq": 1, "read": {"device_start": -1, "device_end": -1}}, "FFC_sans_bias65": {"write": {"device_start": 1585500079.116612, "host_queued_start": 1585500142.014093, "device_queued": 1585500079.1117167, "device_end": 1585500079.1166444, "host_queued_end": 1585500142.027677}, "device": "gpu", "nd_range": {"device_start": 1585500079.1166477, "device_end": 1585500079.1174397}, "cmdq": 0, "read": {"device_start": -1, "device_end": -1}}, "FFC_sans_bias67": {"write": {"device_start": -1, "host_queued_start": 1585500142.018729, "device_queued": -1, "device_end": -1, "host_queued_end": 1585500142.027677}, "device": "gpu", "nd_range": {"device_start": 1585500079.1199732, "device_end": 1585500079.120569}, "cmdq": 1, "read": {"device_start": -1, "device_end": -1}}, "FFC_sans_bias24": {"write": {"device_start": -1, "host_queued_start": 1585500142.045902, "device_queued": -1, "device_end": -1, "host_queued_end": 1585500142.04901}, "device": "cpu", "nd_range": {"device_start": 2167916.293335242, "device_end": 2167916.3052602923}, "cmdq": 2, "read": {"device_start": -1, "device_end": -1}}, "FFC_sans_bias25": {"write": {"device_start": -1, "host_queued_start": 1585500142.048964, "device_queued": -1, "device_end": -1, "host_queued_end": 1585500142.04901}, "device": "cpu", "nd_range": {"device_start": 2167916.305269457, "device_end": 2167916.315687988}, "cmdq": 2, "read": {"device_start": -1, "device_end": -1}}, "FFC_sans_bias27": {"write": {"device_start": 1585500079.1105065, "host_queued_start": 1585500141.997582, "device_queued": 1585500079.110347, "device_end": 1585500079.1105711, "host_queued_end": 1585500142.027677}, "device": "gpu", "nd_range": {"device_start": 1585500079.1105778, "device_end": 1585500079.1111865}, "cmdq": 1, "read": {"device_start": -1, "device_end": -1}}, "FFC_sans_bias20": {"write": {"device_start": -1, "host_queued_start": 1585500142.041352, "device_queued": -1, "device_end": -1, "host_queued_end": 1585500142.04901}, "device": "cpu", "nd_range": {"device_start": 2167916.257395545, "device_end": 2167916.268429968}, "cmdq": 2, "read": {"device_start": -1, "device_end": -1}}, "FFC_sans_bias22": {"write": {"device_start": -1, "host_queued_start": 1585500142.043903, "device_queued": -1, "device_end": -1, "host_queued_end": 1585500142.04901}, "device": "cpu", "nd_range": {"device_start": 2167916.277687815, "device_end": 2167916.292896817}, "cmdq": 2, "read": {"device_start": -1, "device_end": -1}}, "softmax68": {"write": {"device_start": -1, "host_queued_start": 1585500142.020179, "device_queued": -1, "device_end": -1, "host_queued_end": 1585500142.027677}, "device": "gpu", "nd_range": {"device_start": 1585500079.1205873, "device_end": 1585500079.1207788}, "cmdq": 0, "read": {"device_start": -1, "device_end": -1}}, "softmax5": {"write": {"device_start": -1, "host_queued_start": 1585500142.044216, "device_queued": -1, "device_end": -1, "host_queued_end": 1585500142.04901}, "device": "cpu", "nd_range": {"device_start": 2167916.296896466, "device_end": 2167916.29793762}, "cmdq": 0, "read": {"device_start": -1, "device_end": -1}}, "FFC_sans_bias28": {"write": {"device_start": 1585500079.1105933, "host_queued_start": 1585500141.998671, "device_queued": 1585500079.1103911, "device_end": 1585500079.1106176, "host_queued_end": 1585500142.027677}, "device": "gpu", "nd_range": {"device_start": 1585500079.1106422, "device_end": 1585500079.1115873}, "cmdq": 0, "read": {"device_start": -1, "device_end": -1}}, "FFC_sans_bias29": {"write": {"device_start": 1585500079.1112998, "host_queued_start": 1585500141.999709, "device_queued": 1585500079.1106515, "device_end": 1585500079.1113307, "host_queued_end": 1585500142.027677}, "device": "gpu", "nd_range": {"device_start": 1585500079.1113338, "device_end": 1585500079.112159}, "cmdq": 1, "read": {"device_start": -1, "device_end": -1}}, "empty17": {"write": {"device_start": -1, "host_queued_start": 1585500142.030266, "device_queued": -1, "device_end": -1, "host_queued_end": 1585500142.04901}, "device": "cpu", "nd_range": {"device_start": 2167916.2385985143, "device_end": 2167916.2386066653}, "cmdq": 1, "read": {"device_start": -1, "device_end": -1}}, "softmax59": {"write": {"device_start": -1, "host_queued_start": 1585500142.019876, "device_queued": -1, "device_end": -1, "host_queued_end": 1585500142.027677}, "device": "gpu", "nd_range": {"device_start": 1585500079.1207888, "device_end": 1585500079.121175}, "cmdq": 1, "read": {"device_start": -1, "device_end": -1}}, "empty71": {"write": {"device_start": 1585500079.110392, "host_queued_start": 1585500141.996605, "device_queued": 1585500079.1103015, "device_end": 1585500079.1104486, "host_queued_end": 1585500142.027677}, "device": "gpu", "nd_range": {"device_start": 1585500079.1104515, "device_end": 1585500079.1104574}, "cmdq": 0, "read": {"device_start": -1, "device_end": -1}}, "empty35": {"write": {"device_start": 1585500079.109898, "host_queued_start": 1585500141.993063, "device_queued": 1585500079.1097846, "device_end": 1585500079.109926, "host_queued_end": 1585500142.027677}, "device": "gpu", "nd_range": {"device_start": 1585500079.1099725, "device_end": 1585500079.1099775}, "cmdq": 0, "read": {"device_start": -1, "device_end": -1}}, "empty53": {"write": {"device_start": 1585500079.110168, "host_queued_start": 1585500141.994988, "device_queued": 1585500079.1099977, "device_end": 1585500079.1102185, "host_queued_end": 1585500142.027677}, "device": "gpu", "nd_range": {"device_start": 1585500079.1102288, "device_end": 1585500079.1102347}, "cmdq": 0, "read": {"device_start": -1, "device_end": -1}}, "FFC_sans_bias46": {"write": {"device_start": 1585500079.1136897, "host_queued_start": 1585500142.007281, "device_queued": 1585500079.111083, "device_end": 1585500079.1137183, "host_queued_end": 1585500142.027677}, "device": "gpu", "nd_range": {"device_start": 1585500079.1137247, "device_end": 1585500079.114552}, "cmdq": 0, "read": {"device_start": -1, "device_end": -1}}, "coalesced_transpose66": {"write": {"device_start": -1, "host_queued_start": 1585500142.016983, "device_queued": -1, "device_end": -1, "host_queued_end": 1585500142.027677}, "device": "gpu", "nd_range": {"device_start": 1585500079.1178336, "device_end": 1585500079.1178517}, "cmdq": 0, "read": {"device_start": -1, "device_end": -1}}, "coalesced_transpose48": {"write": {"device_start": -1, "host_queued_start": 1585500142.016312, "device_queued": -1, "device_end": -1, "host_queued_end": 1585500142.027677}, "device": "gpu", "nd_range": {"device_start": 1585500079.1178098, "device_end": 1585500079.1178262}, "cmdq": 0, "read": {"device_start": -1, "device_end": -1}}}