{"FFC_sans_bias60": {"write": {"device_start": -1, "host_queued_start": 1585500296.341409, "device_queued": -1, "device_end": -1, "host_queued_end": 1585500296.345996}, "device": "gpu", "nd_range": {"device_start": 1585500233.4332325, "device_end": 1585500233.434439}, "cmdq": 0, "read": {"device_start": -1, "device_end": -1}}, "FFC_sans_bias4": {"write": {"device_start": -1, "host_queued_start": 1585500296.365834, "device_queued": -1, "device_end": -1, "host_queued_end": 1585500296.373449}, "device": "cpu", "nd_range": {"device_start": 2168070.638629495, "device_end": 2168070.657814878}, "cmdq": 0, "read": {"device_start": -1, "device_end": -1}}, "FFC_sans_bias7": {"write": {"device_start": -1, "host_queued_start": 1585500296.37041, "device_queued": -1, "device_end": -1, "host_queued_end": 1585500296.373449}, "device": "cpu", "nd_range": {"device_start": 2168070.669893207, "device_end": 2168070.6775764273}, "cmdq": 0, "read": {"device_start": -1, "device_end": -1}}, "FFC_sans_bias6": {"write": {"device_start": -1, "host_queued_start": 1585500296.368348, "device_queued": -1, "device_end": -1, "host_queued_end": 1585500296.373449}, "device": "cpu", "nd_range": {"device_start": 2168070.6580372253, "device_end": 2168070.66988741}, "cmdq": 0, "read": {"device_start": -1, "device_end": -1}}, "FFC_sans_bias1": {"write": {"device_start": -1, "host_queued_start": 1585500296.353037, "device_queued": -1, "device_end": -1, "host_queued_end": 1585500296.373449}, "device": "cpu", "nd_range": {"device_start": 2168070.563068768, "device_end": 2168070.5782730193}, "cmdq": 1, "read": {"device_start": -1, "device_end": -1}}, "FFC_sans_bias0": {"write": {"device_start": -1, "host_queued_start": 1585500296.351984, "device_queued": -1, "device_end": -1, "host_queued_end": 1585500296.373449}, "device": "cpu", "nd_range": {"device_start": 2168070.563067608, "device_end": 2168070.5784682552}, "cmdq": 0, "read": {"device_start": -1, "device_end": -1}}, "FFC_sans_bias2": {"write": {"device_start": -1, "host_queued_start": 1585500296.354092, "device_queued": -1, "device_end": -1, "host_queued_end": 1585500296.373449}, "device": "cpu", "nd_range": {"device_start": 2168070.5634241193, "device_end": 2168070.578572357}, "cmdq": 2, "read": {"device_start": -1, "device_end": -1}}, "FFC_sans_bias61": {"write": {"device_start": 1585500233.4349892, "host_queued_start": 1585500296.34486, "device_queued": 1585500233.42703, "device_end": 1585500233.4350212, "host_queued_end": 1585500296.345996}, "device": "gpu", "nd_range": {"device_start": 1585500233.435035, "device_end": 1585500233.436382}, "cmdq": 1, "read": {"device_start": 1585500233.4363868, "device_end": 1585500233.4364097}}, "FFC_sans_bias52": {"write": {"device_start": 1585500233.4345899, "host_queued_start": 1585500296.34382, "device_queued": 1585500233.4269822, "device_end": 1585500233.4346209, "host_queued_end": 1585500296.345996}, "device": "gpu", "nd_range": {"device_start": 1585500233.4346354, "device_end": 1585500233.4358463}, "cmdq": 0, "read": {"device_start": 1585500233.4358525, "device_end": 1585500233.4358773}}, "FFC_sans_bias9": {"write": {"device_start": -1, "host_queued_start": 1585500296.355185, "device_queued": -1, "device_end": -1, "host_queued_end": 1585500296.373449}, "device": "cpu", "nd_range": {"device_start": 2168070.56311968, "device_end": 2168070.579212001}, "cmdq": 3, "read": {"device_start": -1, "device_end": -1}}, "coalesced_transpose39": {"write": {"device_start": -1, "host_queued_start": 1585500296.337252, "device_queued": -1, "device_end": -1, "host_queued_end": 1585500296.345996}, "device": "gpu", "nd_range": {"device_start": 1585500233.4296691, "device_end": 1585500233.4305086}, "cmdq": 1, "read": {"device_start": -1, "device_end": -1}}, "FFC_sans_bias55": {"write": {"device_start": 1585500233.427817, "host_queued_start": 1585500296.333763, "device_queued": 1585500233.4255853, "device_end": 1585500233.4278433, "host_queued_end": 1585500296.345996}, "device": "gpu", "nd_range": {"device_start": 1585500233.4278476, "device_end": 1585500233.4291723}, "cmdq": 0, "read": {"device_start": -1, "device_end": -1}}, "FFC_sans_bias54": {"write": {"device_start": 1585500233.4273689, "host_queued_start": 1585500296.332729, "device_queued": 1585500233.4253209, "device_end": 1585500233.4273956, "host_queued_end": 1585500296.345996}, "device": "gpu", "nd_range": {"device_start": 1585500233.4273992, "device_end": 1585500233.428696}, "cmdq": 2, "read": {"device_start": -1, "device_end": -1}}, "FFC_sans_bias56": {"write": {"device_start": 1585500233.4268265, "host_queued_start": 1585500296.331701, "device_queued": 1585500233.4252932, "device_end": 1585500233.426859, "host_queued_end": 1585500296.345996}, "device": "gpu", "nd_range": {"device_start": 1585500233.4268622, "device_end": 1585500233.4282322}, "cmdq": 1, "read": {"device_start": -1, "device_end": -1}}, "FFC_sans_bias51": {"write": {"device_start": -1, "host_queued_start": 1585500296.341093, "device_queued": -1, "device_end": -1, "host_queued_end": 1585500296.345996}, "device": "gpu", "nd_range": {"device_start": 1585500233.4328694, "device_end": 1585500233.4338644}, "cmdq": 2, "read": {"device_start": -1, "device_end": -1}}, "softmax23": {"write": {"device_start": -1, "host_queued_start": 1585500296.367716, "device_queued": -1, "device_end": -1, "host_queued_end": 1585500296.373449}, "device": "cpu", "nd_range": {"device_start": 2168070.618273445, "device_end": 2168070.6184951}, "cmdq": 2, "read": {"device_start": -1, "device_end": -1}}, "FFC_sans_bias37": {"write": {"device_start": 1585500233.4247446, "host_queued_start": 1585500296.326223, "device_queued": 1585500233.4245608, "device_end": 1585500233.4247742, "host_queued_end": 1585500296.345996}, "device": "gpu", "nd_range": {"device_start": 1585500233.424777, "device_end": 1585500233.4257338}, "cmdq": 2, "read": {"device_start": -1, "device_end": -1}}, "empty62": {"write": {"device_start": 1585500233.4243748, "host_queued_start": 1585500296.323373, "device_queued": 1585500233.424164, "device_end": 1585500233.4244614, "host_queued_end": 1585500296.345996}, "device": "gpu", "nd_range": {"device_start": 1585500233.4244666, "device_end": 1585500233.424473}, "cmdq": 2, "read": {"device_start": -1, "device_end": -1}}, "FFC_sans_bias70": {"write": {"device_start": 1585500233.4356487, "host_queued_start": 1585500296.3459, "device_queued": 1585500233.4271867, "device_end": 1585500233.4356787, "host_queued_end": 1585500296.345996}, "device": "gpu", "nd_range": {"device_start": 1585500233.4356868, "device_end": 1585500233.4368207}, "cmdq": 2, "read": {"device_start": 1585500233.4368289, "device_end": 1585500233.436852}}, "FFC_sans_bias58": {"write": {"device_start": -1, "host_queued_start": 1585500296.339153, "device_queued": -1, "device_end": -1, "host_queued_end": 1585500296.345996}, "device": "gpu", "nd_range": {"device_start": 1585500233.4306443, "device_end": 1585500233.4322014}, "cmdq": 1, "read": {"device_start": -1, "device_end": -1}}, "softmax41": {"write": {"device_start": -1, "host_queued_start": 1585500296.339721, "device_queued": -1, "device_end": -1, "host_queued_end": 1585500296.345996}, "device": "gpu", "nd_range": {"device_start": 1585500233.4316502, "device_end": 1585500233.4328477}, "cmdq": 0, "read": {"device_start": -1, "device_end": -1}}, "FFC_sans_bias11": {"write": {"device_start": -1, "host_queued_start": 1585500296.357513, "device_queued": -1, "device_end": -1, "host_queued_end": 1585500296.373449}, "device": "cpu", "nd_range": {"device_start": 2168070.578281028, "device_end": 2168070.59345668}, "cmdq": 1, "read": {"device_start": -1, "device_end": -1}}, "FFC_sans_bias10": {"write": {"device_start": -1, "host_queued_start": 1585500296.356232, "device_queued": -1, "device_end": -1, "host_queued_end": 1585500296.373449}, "device": "cpu", "nd_range": {"device_start": 2168070.578479759, "device_end": 2168070.609725914}, "cmdq": 0, "read": {"device_start": -1, "device_end": -1}}, "coalesced_transpose3": {"write": {"device_start": -1, "host_queued_start": 1585500296.364406, "device_queued": -1, "device_end": -1, "host_queued_end": 1585500296.373449}, "device": "cpu", "nd_range": {"device_start": 2168070.638371488, "device_end": 2168070.638622294}, "cmdq": 0, "read": {"device_start": -1, "device_end": -1}}, "FFC_sans_bias34": {"write": {"device_start": -1, "host_queued_start": 1585500296.373404, "device_queued": -1, "device_end": -1, "host_queued_end": 1585500296.373449}, "device": "cpu", "nd_range": {"device_start": 2168070.655502628, "device_end": 2168070.663596476}, "cmdq": 3, "read": {"device_start": -1, "device_end": -1}}, "FFC_sans_bias15": {"write": {"device_start": -1, "host_queued_start": 1585500296.368687, "device_queued": -1, "device_end": -1, "host_queued_end": 1585500296.373449}, "device": "cpu", "nd_range": {"device_start": 2168070.627927623, "device_end": 2168070.63948271}, "cmdq": 1, "read": {"device_start": -1, "device_end": -1}}, "FFC_sans_bias31": {"write": {"device_start": -1, "host_queued_start": 1585500296.366878, "device_queued": -1, "device_end": -1, "host_queued_end": 1585500296.373449}, "device": "cpu", "nd_range": {"device_start": 2168070.6110521522, "device_end": 2168070.6385632753}, "cmdq": 3, "read": {"device_start": -1, "device_end": -1}}, "FFC_sans_bias16": {"write": {"device_start": -1, "host_queued_start": 1585500296.371414, "device_queued": -1, "device_end": -1, "host_queued_end": 1585500296.373449}, "device": "cpu", "nd_range": {"device_start": 2168070.639601094, "device_end": 2168070.653351374}, "cmdq": 1, "read": {"device_start": -1, "device_end": -1}}, "FFC_sans_bias19": {"write": {"device_start": -1, "host_queued_start": 1585500296.359844, "device_queued": -1, "device_end": -1, "host_queued_end": 1585500296.373449}, "device": "cpu", "nd_range": {"device_start": 2168070.5793186733, "device_end": 2168070.595804694}, "cmdq": 3, "read": {"device_start": -1, "device_end": -1}}, "FFC_sans_bias18": {"write": {"device_start": -1, "host_queued_start": 1585500296.358711, "device_queued": -1, "device_end": -1, "host_queued_end": 1585500296.373449}, "device": "cpu", "nd_range": {"device_start": 2168070.578581401, "device_end": 2168070.593757774}, "cmdq": 2, "read": {"device_start": -1, "device_end": -1}}, "coalesced_transpose30": {"write": {"device_start": -1, "host_queued_start": 1585500296.365495, "device_queued": -1, "device_end": -1, "host_queued_end": 1585500296.373449}, "device": "cpu", "nd_range": {"device_start": 2168070.610703805, "device_end": 2168070.6109406142}, "cmdq": 3, "read": {"device_start": -1, "device_end": -1}}, "FFC_sans_bias69": {"write": {"device_start": -1, "host_queued_start": 1585500296.341722, "device_queued": -1, "device_end": -1, "host_queued_end": 1585500296.345996}, "device": "gpu", "nd_range": {"device_start": 1585500233.4334698, "device_end": 1585500233.4348576}, "cmdq": 1, "read": {"device_start": -1, "device_end": -1}}, "FFC_sans_bias38": {"write": {"device_start": 1585500233.424915, "host_queued_start": 1585500296.327317, "device_queued": 1585500233.4248087, "device_end": 1585500233.424946, "host_queued_end": 1585500296.345996}, "device": "gpu", "nd_range": {"device_start": 1585500233.4249506, "device_end": 1585500233.4262967}, "cmdq": 0, "read": {"device_start": -1, "device_end": -1}}, "coalesced_transpose57": {"write": {"device_start": -1, "host_queued_start": 1585500296.337848, "device_queued": -1, "device_end": -1, "host_queued_end": 1585500296.345996}, "device": "gpu", "nd_range": {"device_start": 1585500233.4306118, "device_end": 1585500233.4306264}, "cmdq": 0, "read": {"device_start": -1, "device_end": -1}}, "empty26": {"write": {"device_start": -1, "host_queued_start": 1585500296.349746, "device_queued": -1, "device_end": -1, "host_queued_end": 1585500296.373449}, "device": "cpu", "nd_range": {"device_start": 2168070.563240747, "device_end": 2168070.5632444113}, "cmdq": 2, "read": {"device_start": -1, "device_end": -1}}, "coalesced_transpose12": {"write": {"device_start": -1, "host_queued_start": 1585500296.364834, "device_queued": -1, "device_end": -1, "host_queued_end": 1585500296.373449}, "device": "cpu", "nd_range": {"device_start": 2168070.6180273932, "device_end": 2168070.618268871}, "cmdq": 1, "read": {"device_start": -1, "device_end": -1}}, "empty44": {"write": {"device_start": 1585500233.424094, "host_queued_start": 1585500296.321455, "device_queued": 1585500233.4239354, "device_end": 1585500233.424127, "host_queued_end": 1585500296.345996}, "device": "gpu", "nd_range": {"device_start": 1585500233.4241369, "device_end": 1585500233.4241412}, "cmdq": 0, "read": {"device_start": -1, "device_end": -1}}, "coalesced_transpose21": {"write": {"device_start": -1, "host_queued_start": 1585500296.36517, "device_queued": -1, "device_end": -1, "host_queued_end": 1585500296.373449}, "device": "cpu", "nd_range": {"device_start": 2168070.609188137, "device_end": 2168070.6094253603}, "cmdq": 2, "read": {"device_start": -1, "device_end": -1}}, "FFC_sans_bias36": {"write": {"device_start": 1585500233.4246433, "host_queued_start": 1585500296.325187, "device_queued": 1585500233.4245336, "device_end": 1585500233.4247158, "host_queued_end": 1585500296.345996}, "device": "gpu", "nd_range": {"device_start": 1585500233.4247205, "device_end": 1585500233.425322}, "cmdq": 1, "read": {"device_start": -1, "device_end": -1}}, "softmax14": {"write": {"device_start": -1, "host_queued_start": 1585500296.367445, "device_queued": -1, "device_end": -1, "host_queued_end": 1585500296.373449}, "device": "cpu", "nd_range": {"device_start": 2168070.627602572, "device_end": 2168070.627811125}, "cmdq": 1, "read": {"device_start": -1, "device_end": -1}}, "FFC_sans_bias13": {"write": {"device_start": -1, "host_queued_start": 1585500296.366178, "device_queued": -1, "device_end": -1, "host_queued_end": 1585500296.373449}, "device": "cpu", "nd_range": {"device_start": 2168070.618386233, "device_end": 2168070.62748024}, "cmdq": 1, "read": {"device_start": -1, "device_end": -1}}, "empty8": {"write": {"device_start": -1, "host_queued_start": 1585500296.347497, "device_queued": -1, "device_end": -1, "host_queued_end": 1585500296.373449}, "device": "cpu", "nd_range": {"device_start": 2168070.5630372823, "device_end": 2168070.5630475543}, "cmdq": 0, "read": {"device_start": -1, "device_end": -1}}, "FFC_sans_bias42": {"write": {"device_start": -1, "host_queued_start": 1585500296.340775, "device_queued": -1, "device_end": -1, "host_queued_end": 1585500296.345996}, "device": "gpu", "nd_range": {"device_start": 1585500233.4328613, "device_end": 1585500233.4334648}, "cmdq": 1, "read": {"device_start": -1, "device_end": -1}}, "FFC_sans_bias43": {"write": {"device_start": 1585500233.4340148, "host_queued_start": 1585500296.342766, "device_queued": 1585500233.4267223, "device_end": 1585500233.4340415, "host_queued_end": 1585500296.345996}, "device": "gpu", "nd_range": {"device_start": 1585500233.4340487, "device_end": 1585500233.4354103}, "cmdq": 2, "read": {"device_start": 1585500233.435413, "device_end": 1585500233.4354372}}, "FFC_sans_bias40": {"write": {"device_start": -1, "host_queued_start": 1585500296.33847, "device_queued": -1, "device_end": -1, "host_queued_end": 1585500296.345996}, "device": "gpu", "nd_range": {"device_start": 1585500233.4306235, "device_end": 1585500233.4312289}, "cmdq": 2, "read": {"device_start": -1, "device_end": -1}}, "softmax32": {"write": {"device_start": -1, "host_queued_start": 1585500296.367999, "device_queued": -1, "device_end": -1, "host_queued_end": 1585500296.373449}, "device": "cpu", "nd_range": {"device_start": 2168070.638790545, "device_end": 2168070.63900037}, "cmdq": 3, "read": {"device_start": -1, "device_end": -1}}, "FFC_sans_bias47": {"write": {"device_start": 1585500233.4264295, "host_queued_start": 1585500296.330657, "device_queued": 1585500233.425131, "device_end": 1585500233.426462, "host_queued_end": 1585500296.345996}, "device": "gpu", "nd_range": {"device_start": 1585500233.4264657, "device_end": 1585500233.4277127}, "cmdq": 0, "read": {"device_start": -1, "device_end": -1}}, "FFC_sans_bias45": {"write": {"device_start": 1585500233.425415, "host_queued_start": 1585500296.328375, "device_queued": 1585500233.4248643, "device_end": 1585500233.4254465, "host_queued_end": 1585500296.345996}, "device": "gpu", "nd_range": {"device_start": 1585500233.4254508, "device_end": 1585500233.4267266}, "cmdq": 1, "read": {"device_start": -1, "device_end": -1}}, "softmax50": {"write": {"device_start": -1, "host_queued_start": 1585500296.339962, "device_queued": -1, "device_end": -1, "host_queued_end": 1585500296.345996}, "device": "gpu", "nd_range": {"device_start": 1585500233.4322073, "device_end": 1585500233.4328558}, "cmdq": 1, "read": {"device_start": -1, "device_end": -1}}, "FFC_sans_bias33": {"write": {"device_start": -1, "host_queued_start": 1585500296.369369, "device_queued": -1, "device_end": -1, "host_queued_end": 1585500296.373449}, "device": "cpu", "nd_range": {"device_start": 2168070.639108728, "device_end": 2168070.655493368}, "cmdq": 3, "read": {"device_start": -1, "device_end": -1}}, "FFC_sans_bias63": {"write": {"device_start": 1585500233.429299, "host_queued_start": 1585500296.336928, "device_queued": 1585500233.4258742, "device_end": 1585500233.429331, "host_queued_end": 1585500296.345996}, "device": "gpu", "nd_range": {"device_start": 1585500233.4293346, "device_end": 1585500233.4306104}, "cmdq": 0, "read": {"device_start": -1, "device_end": -1}}, "FFC_sans_bias49": {"write": {"device_start": -1, "host_queued_start": 1585500296.338812, "device_queued": -1, "device_end": -1, "host_queued_end": 1585500296.345996}, "device": "gpu", "nd_range": {"device_start": 1585500233.4306343, "device_end": 1585500233.4316442}, "cmdq": 0, "read": {"device_start": -1, "device_end": -1}}, "FFC_sans_bias64": {"write": {"device_start": 1585500233.4283736, "host_queued_start": 1585500296.334842, "device_queued": 1585500233.4256494, "device_end": 1585500233.428406, "host_queued_end": 1585500296.345996}, "device": "gpu", "nd_range": {"device_start": 1585500233.4284124, "device_end": 1585500233.4296675}, "cmdq": 1, "read": {"device_start": -1, "device_end": -1}}, "FFC_sans_bias65": {"write": {"device_start": 1585500233.428821, "host_queued_start": 1585500296.3359, "device_queued": 1585500233.425673, "device_end": 1585500233.4288535, "host_queued_end": 1585500296.345996}, "device": "gpu", "nd_range": {"device_start": 1585500233.4288573, "device_end": 1585500233.4301357}, "cmdq": 2, "read": {"device_start": -1, "device_end": -1}}, "FFC_sans_bias67": {"write": {"device_start": -1, "host_queued_start": 1585500296.339471, "device_queued": -1, "device_end": -1, "host_queued_end": 1585500296.345996}, "device": "gpu", "nd_range": {"device_start": 1585500233.4312363, "device_end": 1585500233.432612}, "cmdq": 2, "read": {"device_start": -1, "device_end": -1}}, "FFC_sans_bias24": {"write": {"device_start": -1, "host_queued_start": 1585500296.369026, "device_queued": -1, "device_end": -1, "host_queued_end": 1585500296.373449}, "device": "cpu", "nd_range": {"device_start": 2168070.6186034163, "device_end": 2168070.633935228}, "cmdq": 2, "read": {"device_start": -1, "device_end": -1}}, "FFC_sans_bias25": {"write": {"device_start": -1, "host_queued_start": 1585500296.372406, "device_queued": -1, "device_end": -1, "host_queued_end": 1585500296.373449}, "device": "cpu", "nd_range": {"device_start": 2168070.634050387, "device_end": 2168070.649201521}, "cmdq": 2, "read": {"device_start": -1, "device_end": -1}}, "FFC_sans_bias27": {"write": {"device_start": -1, "host_queued_start": 1585500296.36196, "device_queued": -1, "device_end": -1, "host_queued_end": 1585500296.373449}, "device": "cpu", "nd_range": {"device_start": 2168070.593597522, "device_end": 2168070.608850479}, "cmdq": 1, "read": {"device_start": -1, "device_end": -1}}, "FFC_sans_bias20": {"write": {"device_start": -1, "host_queued_start": 1585500296.360888, "device_queued": -1, "device_end": -1, "host_queued_end": 1585500296.373449}, "device": "cpu", "nd_range": {"device_start": 2168070.612439391, "device_end": 2168070.632911839}, "cmdq": 0, "read": {"device_start": -1, "device_end": -1}}, "FFC_sans_bias22": {"write": {"device_start": -1, "host_queued_start": 1585500296.366523, "device_queued": -1, "device_end": -1, "host_queued_end": 1585500296.373449}, "device": "cpu", "nd_range": {"device_start": 2168070.6095359363, "device_end": 2168070.6181489173}, "cmdq": 2, "read": {"device_start": -1, "device_end": -1}}, "softmax68": {"write": {"device_start": -1, "host_queued_start": 1585500296.340465, "device_queued": -1, "device_end": -1, "host_queued_end": 1585500296.345996}, "device": "gpu", "nd_range": {"device_start": 1585500233.4328537, "device_end": 1585500233.4332263}, "cmdq": 0, "read": {"device_start": -1, "device_end": -1}}, "softmax5": {"write": {"device_start": -1, "host_queued_start": 1585500296.367172, "device_queued": -1, "device_end": -1, "host_queued_end": 1585500296.373449}, "device": "cpu", "nd_range": {"device_start": 2168070.6578242932, "device_end": 2168070.6580314683}, "cmdq": 0, "read": {"device_start": -1, "device_end": -1}}, "FFC_sans_bias28": {"write": {"device_start": -1, "host_queued_start": 1585500296.363028, "device_queued": -1, "device_end": -1, "host_queued_end": 1585500296.373449}, "device": "cpu", "nd_range": {"device_start": 2168070.5938811162, "device_end": 2168070.609067444}, "cmdq": 2, "read": {"device_start": -1, "device_end": -1}}, "FFC_sans_bias29": {"write": {"device_start": -1, "host_queued_start": 1585500296.364074, "device_queued": -1, "device_end": -1, "host_queued_end": 1585500296.373449}, "device": "cpu", "nd_range": {"device_start": 2168070.595923191, "device_end": 2168070.610580012}, "cmdq": 3, "read": {"device_start": -1, "device_end": -1}}, "empty17": {"write": {"device_start": -1, "host_queued_start": 1585500296.348717, "device_queued": -1, "device_end": -1, "host_queued_end": 1585500296.373449}, "device": "cpu", "nd_range": {"device_start": 2168070.563039329, "device_end": 2168070.5630475623}, "cmdq": 1, "read": {"device_start": -1, "device_end": -1}}, "softmax59": {"write": {"device_start": -1, "host_queued_start": 1585500296.340217, "device_queued": -1, "device_end": -1, "host_queued_end": 1585500296.345996}, "device": "gpu", "nd_range": {"device_start": 1585500233.4326181, "device_end": 1585500233.4328232}, "cmdq": 2, "read": {"device_start": -1, "device_end": -1}}, "empty71": {"write": {"device_start": 1585500233.424469, "host_queued_start": 1585500296.324221, "device_queued": 1585500233.4242337, "device_end": 1585500233.4244945, "host_queued_end": 1585500296.345996}, "device": "gpu", "nd_range": {"device_start": 1585500233.424503, "device_end": 1585500233.4245067}, "cmdq": 0, "read": {"device_start": -1, "device_end": -1}}, "empty35": {"write": {"device_start": -1, "host_queued_start": 1585500296.350718, "device_queued": -1, "device_end": -1, "host_queued_end": 1585500296.373449}, "device": "cpu", "nd_range": {"device_start": 2168070.563098775, "device_end": 2168070.5631038393}, "cmdq": 3, "read": {"device_start": -1, "device_end": -1}}, "empty53": {"write": {"device_start": 1585500233.424242, "host_queued_start": 1585500296.322498, "device_queued": 1585500233.4241374, "device_end": 1585500233.4243114, "host_queued_end": 1585500296.345996}, "device": "gpu", "nd_range": {"device_start": 1585500233.424318, "device_end": 1585500233.424323}, "cmdq": 1, "read": {"device_start": -1, "device_end": -1}}, "FFC_sans_bias46": {"write": {"device_start": 1585500233.4259186, "host_queued_start": 1585500296.329428, "device_queued": 1585500233.4248893, "device_end": 1585500233.4259503, "host_queued_end": 1585500296.345996}, "device": "gpu", "nd_range": {"device_start": 1585500233.4259543, "device_end": 1585500233.4272666}, "cmdq": 2, "read": {"device_start": -1, "device_end": -1}}, "coalesced_transpose66": {"write": {"device_start": -1, "host_queued_start": 1585500296.338151, "device_queued": -1, "device_end": -1, "host_queued_end": 1585500296.345996}, "device": "gpu", "nd_range": {"device_start": 1585500233.4305098, "device_end": 1585500233.4305274}, "cmdq": 1, "read": {"device_start": -1, "device_end": -1}}, "coalesced_transpose48": {"write": {"device_start": -1, "host_queued_start": 1585500296.337551, "device_queued": -1, "device_end": -1, "host_queued_end": 1585500296.345996}, "device": "gpu", "nd_range": {"device_start": 1585500233.430137, "device_end": 1585500233.430523}, "cmdq": 2, "read": {"device_start": -1, "device_end": -1}}}