{"FFC_sans_bias60": {"write": {"device_start": -1, "host_queued_start": 1585500441.991425, "device_queued": -1, "device_end": -1, "host_queued_end": 1585500441.998175}, "device": "gpu", "nd_range": {"device_start": 1585500379.086715, "device_end": 1585500379.088908}, "cmdq": 2, "read": {"device_start": -1, "device_end": -1}}, "FFC_sans_bias4": {"write": {"device_start": -1, "host_queued_start": 1585500442.011303, "device_queued": -1, "device_end": -1, "host_queued_end": 1585500442.015286}, "device": "cpu", "nd_range": {"device_start": 2168216.2442466943, "device_end": 2168216.2502153763}, "cmdq": 0, "read": {"device_start": -1, "device_end": -1}}, "FFC_sans_bias7": {"write": {"device_start": -1, "host_queued_start": 1585500442.014088, "device_queued": -1, "device_end": -1, "host_queued_end": 1585500442.015286}, "device": "cpu", "nd_range": {"device_start": 2168216.2618422774, "device_end": 2168216.267828314}, "cmdq": 1, "read": {"device_start": -1, "device_end": -1}}, "FFC_sans_bias6": {"write": {"device_start": -1, "host_queued_start": 1585500442.012631, "device_queued": -1, "device_end": -1, "host_queued_end": 1585500442.015286}, "device": "cpu", "nd_range": {"device_start": 2168216.252321472, "device_end": 2168216.259454073}, "cmdq": 4, "read": {"device_start": -1, "device_end": -1}}, "FFC_sans_bias1": {"write": {"device_start": -1, "host_queued_start": 1585500442.004605, "device_queued": -1, "device_end": -1, "host_queued_end": 1585500442.015286}, "device": "cpu", "nd_range": {"device_start": 2168216.205100541, "device_end": 2168216.228290723}, "cmdq": 3, "read": {"device_start": -1, "device_end": -1}}, "FFC_sans_bias0": {"write": {"device_start": -1, "host_queued_start": 1585500442.002538, "device_queued": -1, "device_end": -1, "host_queued_end": 1585500442.015286}, "device": "cpu", "nd_range": {"device_start": 2168216.205026532, "device_end": 2168216.220383149}, "cmdq": 2, "read": {"device_start": -1, "device_end": -1}}, "FFC_sans_bias2": {"write": {"device_start": -1, "host_queued_start": 1585500442.006656, "device_queued": -1, "device_end": -1, "host_queued_end": 1585500442.015286}, "device": "cpu", "nd_range": {"device_start": 2168216.220603316, "device_end": 2168216.2318398813}, "cmdq": 4, "read": {"device_start": -1, "device_end": -1}}, "FFC_sans_bias61": {"write": {"device_start": 1585500379.090182, "host_queued_start": 1585500441.996944, "device_queued": 1585500379.0772877, "device_end": 1585500379.090207, "host_queued_end": 1585500441.998175}, "device": "gpu", "nd_range": {"device_start": 1585500379.0902176, "device_end": 1585500379.0919313}, "cmdq": 0, "read": {"device_start": 1585500379.0919356, "device_end": 1585500379.0919583}}, "FFC_sans_bias52": {"write": {"device_start": 1585500379.08941, "host_queued_start": 1585500441.995894, "device_queued": 1585500379.0767295, "device_end": 1585500379.089439, "host_queued_end": 1585500441.998175}, "device": "gpu", "nd_range": {"device_start": 1585500379.0894487, "device_end": 1585500379.091388}, "cmdq": 3, "read": {"device_start": 1585500379.091397, "device_end": 1585500379.091421}}, "FFC_sans_bias9": {"write": {"device_start": -1, "host_queued_start": 1585500442.008075, "device_queued": -1, "device_end": -1, "host_queued_end": 1585500442.015286}, "device": "cpu", "nd_range": {"device_start": 2168216.204893847, "device_end": 2168216.221587013}, "cmdq": 0, "read": {"device_start": -1, "device_end": -1}}, "coalesced_transpose39": {"write": {"device_start": -1, "host_queued_start": 1585500441.985501, "device_queued": -1, "device_end": -1, "host_queued_end": 1585500441.998175}, "device": "gpu", "nd_range": {"device_start": 1585500379.0817535, "device_end": 1585500379.0822675}, "cmdq": 2, "read": {"device_start": -1, "device_end": -1}}, "FFC_sans_bias55": {"write": {"device_start": 1585500379.078939, "host_queued_start": 1585500441.981423, "device_queued": 1585500379.0744, "device_end": 1585500379.0789666, "host_queued_end": 1585500441.998175}, "device": "gpu", "nd_range": {"device_start": 1585500379.078976, "device_end": 1585500379.0806568}, "cmdq": 0, "read": {"device_start": -1, "device_end": -1}}, "FFC_sans_bias54": {"write": {"device_start": 1585500379.0784154, "host_queued_start": 1585500441.980385, "device_queued": 1585500379.074225, "device_end": 1585500379.0784495, "host_queued_end": 1585500441.998175}, "device": "gpu", "nd_range": {"device_start": 1585500379.078455, "device_end": 1585500379.080205}, "cmdq": 3, "read": {"device_start": -1, "device_end": -1}}, "FFC_sans_bias56": {"write": {"device_start": 1585500379.077979, "host_queued_start": 1585500441.979342, "device_queued": 1585500379.074196, "device_end": 1585500379.078006, "host_queued_end": 1585500441.998175}, "device": "gpu", "nd_range": {"device_start": 1585500379.0780134, "device_end": 1585500379.0796826}, "cmdq": 2, "read": {"device_start": -1, "device_end": -1}}, "FFC_sans_bias51": {"write": {"device_start": -1, "host_queued_start": 1585500441.991107, "device_queued": -1, "device_end": -1, "host_queued_end": 1585500441.998175}, "device": "gpu", "nd_range": {"device_start": 1585500379.0861344, "device_end": 1585500379.088207}, "cmdq": 1, "read": {"device_start": -1, "device_end": -1}}, "softmax23": {"write": {"device_start": -1, "host_queued_start": 1585500441.988577, "device_queued": -1, "device_end": -1, "host_queued_end": 1585500441.998175}, "device": "gpu", "nd_range": {"device_start": 1585500379.0834966, "device_end": 1585500379.0853343}, "cmdq": 0, "read": {"device_start": -1, "device_end": -1}}, "FFC_sans_bias37": {"write": {"device_start": 1585500379.0761614, "host_queued_start": 1585500441.974088, "device_queued": 1585500379.0736878, "device_end": 1585500379.0762277, "host_queued_end": 1585500441.998175}, "device": "gpu", "nd_range": {"device_start": 1585500379.0762386, "device_end": 1585500379.0772607}, "cmdq": 1, "read": {"device_start": -1, "device_end": -1}}, "empty62": {"write": {"device_start": 1585500379.0727584, "host_queued_start": 1585500441.964712, "device_queued": 1585500379.0726426, "device_end": 1585500379.072826, "host_queued_end": 1585500441.998175}, "device": "gpu", "nd_range": {"device_start": 1585500379.0728362, "device_end": 1585500379.0728471}, "cmdq": 0, "read": {"device_start": -1, "device_end": -1}}, "FFC_sans_bias70": {"write": {"device_start": 1585500379.09058, "host_queued_start": 1585500441.99807, "device_queued": 1585500379.0774696, "device_end": 1585500379.090604, "host_queued_end": 1585500441.998175}, "device": "gpu", "nd_range": {"device_start": 1585500379.090613, "device_end": 1585500379.092354}, "cmdq": 1, "read": {"device_start": 1585500379.092357, "device_end": 1585500379.0923798}}, "FFC_sans_bias58": {"write": {"device_start": -1, "host_queued_start": 1585500441.988015, "device_queued": -1, "device_end": -1, "host_queued_end": 1585500441.998175}, "device": "gpu", "nd_range": {"device_start": 1585500379.0834837, "device_end": 1585500379.0851629}, "cmdq": 2, "read": {"device_start": -1, "device_end": -1}}, "softmax41": {"write": {"device_start": -1, "host_queued_start": 1585500441.989089, "device_queued": -1, "device_end": -1, "host_queued_end": 1585500441.998175}, "device": "gpu", "nd_range": {"device_start": 1585500379.0851734, "device_end": 1585500379.0858052}, "cmdq": 2, "read": {"device_start": -1, "device_end": -1}}, "FFC_sans_bias11": {"write": {"device_start": -1, "host_queued_start": 1585500442.010237, "device_queued": -1, "device_end": -1, "host_queued_end": 1585500442.015286}, "device": "cpu", "nd_range": {"device_start": 2168216.221719194, "device_end": 2168216.2407802544}, "cmdq": 2, "read": {"device_start": -1, "device_end": -1}}, "FFC_sans_bias10": {"write": {"device_start": -1, "host_queued_start": 1585500442.009149, "device_queued": -1, "device_end": -1, "host_queued_end": 1585500442.015286}, "device": "cpu", "nd_range": {"device_start": 2168216.204889732, "device_end": 2168216.220400345}, "cmdq": 1, "read": {"device_start": -1, "device_end": -1}}, "coalesced_transpose3": {"write": {"device_start": -1, "host_queued_start": 1585500442.010567, "device_queued": -1, "device_end": -1, "host_queued_end": 1585500442.015286}, "device": "cpu", "nd_range": {"device_start": 2168216.243968715, "device_end": 2168216.244086049}, "cmdq": 3, "read": {"device_start": -1, "device_end": -1}}, "FFC_sans_bias34": {"write": {"device_start": 1585500379.0883186, "host_queued_start": 1585500441.993817, "device_queued": 1585500379.0766394, "device_end": 1585500379.0883465, "host_queued_end": 1585500441.998175}, "device": "gpu", "nd_range": {"device_start": 1585500379.088365, "device_end": 1585500379.0903995}, "cmdq": 1, "read": {"device_start": 1585500379.090401, "device_end": 1585500379.0904286}}, "FFC_sans_bias15": {"write": {"device_start": -1, "host_queued_start": 1585500442.013002, "device_queued": -1, "device_end": -1, "host_queued_end": 1585500442.015286}, "device": "cpu", "nd_range": {"device_start": 2168216.2502382114, "device_end": 2168216.256439474}, "cmdq": 0, "read": {"device_start": -1, "device_end": -1}}, "FFC_sans_bias31": {"write": {"device_start": -1, "host_queued_start": 1585500441.987055, "device_queued": -1, "device_end": -1, "host_queued_end": 1585500441.998175}, "device": "gpu", "nd_range": {"device_start": 1585500379.0823963, "device_end": 1585500379.0840762}, "cmdq": 3, "read": {"device_start": -1, "device_end": -1}}, "FFC_sans_bias16": {"write": {"device_start": -1, "host_queued_start": 1585500442.01524, "device_queued": -1, "device_end": -1, "host_queued_end": 1585500442.015286}, "device": "cpu", "nd_range": {"device_start": 2168216.2569242683, "device_end": 2168216.270042497}, "cmdq": 2, "read": {"device_start": -1, "device_end": -1}}, "FFC_sans_bias19": {"write": {"device_start": 1585500379.073091, "host_queued_start": 1585500441.967582, "device_queued": 1585500379.072729, "device_end": 1585500379.0731606, "host_queued_end": 1585500441.998175}, "device": "gpu", "nd_range": {"device_start": 1585500379.0731664, "device_end": 1585500379.0740771}, "cmdq": 3, "read": {"device_start": -1, "device_end": -1}}, "FFC_sans_bias18": {"write": {"device_start": 1585500379.0729856, "host_queued_start": 1585500441.966495, "device_queued": 1585500379.072711, "device_end": 1585500379.073062, "host_queued_end": 1585500441.998175}, "device": "gpu", "nd_range": {"device_start": 1585500379.0730658, "device_end": 1585500379.0736725}, "cmdq": 2, "read": {"device_start": -1, "device_end": -1}}, "coalesced_transpose30": {"write": {"device_start": -1, "host_queued_start": 1585500441.985197, "device_queued": -1, "device_end": -1, "host_queued_end": 1585500441.998175}, "device": "gpu", "nd_range": {"device_start": 1585500379.081343, "device_end": 1585500379.082253}, "cmdq": 1, "read": {"device_start": -1, "device_end": -1}}, "FFC_sans_bias69": {"write": {"device_start": -1, "host_queued_start": 1585500441.991742, "device_queued": -1, "device_end": -1, "host_queued_end": 1585500441.998175}, "device": "gpu", "nd_range": {"device_start": 1585500379.0871189, "device_end": 1585500379.0893087}, "cmdq": 3, "read": {"device_start": -1, "device_end": -1}}, "FFC_sans_bias38": {"write": {"device_start": 1585500379.076336, "host_queued_start": 1585500441.975157, "device_queued": 1585500379.0737207, "device_end": 1585500379.076395, "host_queued_end": 1585500441.998175}, "device": "gpu", "nd_range": {"device_start": 1585500379.0764012, "device_end": 1585500379.0778162}, "cmdq": 2, "read": {"device_start": -1, "device_end": -1}}, "coalesced_transpose57": {"write": {"device_start": -1, "host_queued_start": 1585500441.986109, "device_queued": -1, "device_end": -1, "host_queued_end": 1585500441.998175}, "device": "gpu", "nd_range": {"device_start": 1585500379.0822504, "device_end": 1585500379.082274}, "cmdq": 0, "read": {"device_start": -1, "device_end": -1}}, "empty26": {"write": {"device_start": 1585500379.07232, "host_queued_start": 1585500441.961065, "device_queued": 1585500379.0721717, "device_end": 1585500379.072357, "host_queued_end": 1585500441.998175}, "device": "gpu", "nd_range": {"device_start": 1585500379.0723655, "device_end": 1585500379.0723784}, "cmdq": 0, "read": {"device_start": -1, "device_end": -1}}, "coalesced_transpose12": {"write": {"device_start": -1, "host_queued_start": 1585500442.01092, "device_queued": -1, "device_end": -1, "host_queued_end": 1585500442.015286}, "device": "cpu", "nd_range": {"device_start": 2168216.231992565, "device_end": 2168216.2322590123}, "cmdq": 4, "read": {"device_start": -1, "device_end": -1}}, "empty44": {"write": {"device_start": 1585500379.0725613, "host_queued_start": 1585500441.963024, "device_queued": 1585500379.0723054, "device_end": 1585500379.0726237, "host_queued_end": 1585500441.998175}, "device": "gpu", "nd_range": {"device_start": 1585500379.072627, "device_end": 1585500379.072639}, "cmdq": 2, "read": {"device_start": -1, "device_end": -1}}, "coalesced_transpose21": {"write": {"device_start": -1, "host_queued_start": 1585500441.984888, "device_queued": -1, "device_end": -1, "host_queued_end": 1585500441.998175}, "device": "gpu", "nd_range": {"device_start": 1585500379.080658, "device_end": 1585500379.0822492}, "cmdq": 0, "read": {"device_start": -1, "device_end": -1}}, "FFC_sans_bias36": {"write": {"device_start": 1585500379.0747702, "host_queued_start": 1585500441.973055, "device_queued": 1585500379.0735095, "device_end": 1585500379.0748115, "host_queued_end": 1585500441.998175}, "device": "gpu", "nd_range": {"device_start": 1585500379.0748248, "device_end": 1585500379.07684}, "cmdq": 0, "read": {"device_start": -1, "device_end": -1}}, "softmax14": {"write": {"device_start": -1, "host_queued_start": 1585500442.012262, "device_queued": -1, "device_end": -1, "host_queued_end": 1585500442.015286}, "device": "cpu", "nd_range": {"device_start": 2168216.244246324, "device_end": 2168216.244476642}, "cmdq": 3, "read": {"device_start": -1, "device_end": -1}}, "FFC_sans_bias13": {"write": {"device_start": -1, "host_queued_start": 1585500442.011676, "device_queued": -1, "device_end": -1, "host_queued_end": 1585500442.015286}, "device": "cpu", "nd_range": {"device_start": 2168216.232616037, "device_end": 2168216.241112622}, "cmdq": 1, "read": {"device_start": -1, "device_end": -1}}, "empty8": {"write": {"device_start": -1, "host_queued_start": 1585500441.999941, "device_queued": -1, "device_end": -1, "host_queued_end": 1585500442.015286}, "device": "cpu", "nd_range": {"device_start": 2168216.2048639623, "device_end": 2168216.20486922}, "cmdq": 0, "read": {"device_start": -1, "device_end": -1}}, "FFC_sans_bias42": {"write": {"device_start": -1, "host_queued_start": 1585500441.990791, "device_queued": -1, "device_end": -1, "host_queued_end": 1585500441.998175}, "device": "gpu", "nd_range": {"device_start": 1585500379.0861228, "device_end": 1585500379.0878046}, "cmdq": 0, "read": {"device_start": -1, "device_end": -1}}, "FFC_sans_bias43": {"write": {"device_start": 1585500379.0890374, "host_queued_start": 1585500441.994856, "device_queued": 1585500379.0766888, "device_end": 1585500379.0890746, "host_queued_end": 1585500441.998175}, "device": "gpu", "nd_range": {"device_start": 1585500379.0890882, "device_end": 1585500379.0909698}, "cmdq": 2, "read": {"device_start": 1585500379.09098, "device_end": 1585500379.0910034}}, "FFC_sans_bias40": {"write": {"device_start": -1, "host_queued_start": 1585500441.987372, "device_queued": -1, "device_end": -1, "host_queued_end": 1585500441.998175}, "device": "gpu", "nd_range": {"device_start": 1585500379.0823658, "device_end": 1585500379.0829728}, "cmdq": 0, "read": {"device_start": -1, "device_end": -1}}, "softmax32": {"write": {"device_start": -1, "host_queued_start": 1585500441.988839, "device_queued": -1, "device_end": -1, "host_queued_end": 1585500441.998175}, "device": "gpu", "nd_range": {"device_start": 1585500379.0844913, "device_end": 1585500379.0857925}, "cmdq": 1, "read": {"device_start": -1, "device_end": -1}}, "FFC_sans_bias47": {"write": {"device_start": 1585500379.0773873, "host_queued_start": 1585500441.978279, "device_queued": 1585500379.0740647, "device_end": 1585500379.077415, "host_queued_end": 1585500441.998175}, "device": "gpu", "nd_range": {"device_start": 1585500379.0774229, "device_end": 1585500379.0792239}, "cmdq": 1, "read": {"device_start": -1, "device_end": -1}}, "FFC_sans_bias45": {"write": {"device_start": 1585500379.0764432, "host_queued_start": 1585500441.976193, "device_queued": 1585500379.0737395, "device_end": 1585500379.0764692, "host_queued_end": 1585500441.998175}, "device": "gpu", "nd_range": {"device_start": 1585500379.0764732, "device_end": 1585500379.0782409}, "cmdq": 3, "read": {"device_start": -1, "device_end": -1}}, "softmax50": {"write": {"device_start": -1, "host_queued_start": 1585500441.989341, "device_queued": -1, "device_end": -1, "host_queued_end": 1585500441.998175}, "device": "gpu", "nd_range": {"device_start": 1585500379.085565, "device_end": 1585500379.0857735}, "cmdq": 3, "read": {"device_start": -1, "device_end": -1}}, "FFC_sans_bias33": {"write": {"device_start": -1, "host_queued_start": 1585500441.990471, "device_queued": -1, "device_end": -1, "host_queued_end": 1585500441.998175}, "device": "gpu", "nd_range": {"device_start": 1585500379.0861123, "device_end": 1585500379.0871112}, "cmdq": 3, "read": {"device_start": -1, "device_end": -1}}, "FFC_sans_bias63": {"write": {"device_start": 1585500379.080378, "host_queued_start": 1585500441.984562, "device_queued": 1585500379.0746098, "device_end": 1585500379.0804133, "host_queued_end": 1585500441.998175}, "device": "gpu", "nd_range": {"device_start": 1585500379.0804214, "device_end": 1585500379.0823452}, "cmdq": 3, "read": {"device_start": -1, "device_end": -1}}, "FFC_sans_bias49": {"write": {"device_start": -1, "host_queued_start": 1585500441.987695, "device_queued": -1, "device_end": -1, "host_queued_end": 1585500441.998175}, "device": "gpu", "nd_range": {"device_start": 1585500379.0824108, "device_end": 1585500379.0844803}, "cmdq": 1, "read": {"device_start": -1, "device_end": -1}}, "FFC_sans_bias64": {"write": {"device_start": 1585500379.0793731, "host_queued_start": 1585500441.982455, "device_queued": 1585500379.0745482, "device_end": 1585500379.0794053, "host_queued_end": 1585500441.998175}, "device": "gpu", "nd_range": {"device_start": 1585500379.079413, "device_end": 1585500379.0813415}, "cmdq": 1, "read": {"device_start": -1, "device_end": -1}}, "FFC_sans_bias65": {"write": {"device_start": 1585500379.0798004, "host_queued_start": 1585500441.983528, "device_queued": 1585500379.0745842, "device_end": 1585500379.0798335, "host_queued_end": 1585500441.998175}, "device": "gpu", "nd_range": {"device_start": 1585500379.0798395, "device_end": 1585500379.081746}, "cmdq": 2, "read": {"device_start": -1, "device_end": -1}}, "FFC_sans_bias67": {"write": {"device_start": -1, "host_queued_start": 1585500441.988325, "device_queued": -1, "device_end": -1, "host_queued_end": 1585500441.998175}, "device": "gpu", "nd_range": {"device_start": 1585500379.0840857, "device_end": 1585500379.0855553}, "cmdq": 3, "read": {"device_start": -1, "device_end": -1}}, "FFC_sans_bias24": {"write": {"device_start": -1, "host_queued_start": 1585500441.990153, "device_queued": -1, "device_end": -1, "host_queued_end": 1585500441.998175}, "device": "gpu", "nd_range": {"device_start": 1585500379.086101, "device_end": 1585500379.0867066}, "cmdq": 2, "read": {"device_start": -1, "device_end": -1}}, "FFC_sans_bias25": {"write": {"device_start": 1585500379.0879369, "host_queued_start": 1585500441.992767, "device_queued": 1585500379.076475, "device_end": 1585500379.0879636, "host_queued_end": 1585500441.998175}, "device": "gpu", "nd_range": {"device_start": 1585500379.0879765, "device_end": 1585500379.0899923}, "cmdq": 0, "read": {"device_start": 1585500379.0899982, "device_end": 1585500379.090025}}, "FFC_sans_bias27": {"write": {"device_start": 1585500379.0733297, "host_queued_start": 1585500441.969873, "device_queued": 1585500379.0732338, "device_end": 1585500379.0733602, "host_queued_end": 1585500441.998175}, "device": "gpu", "nd_range": {"device_start": 1585500379.0733638, "device_end": 1585500379.0750763}, "cmdq": 1, "read": {"device_start": -1, "device_end": -1}}, "FFC_sans_bias20": {"write": {"device_start": 1585500379.0731826, "host_queued_start": 1585500441.968644, "device_queued": 1585500379.0730453, "device_end": 1585500379.073207, "host_queued_end": 1585500441.998175}, "device": "gpu", "nd_range": {"device_start": 1585500379.07321, "device_end": 1585500379.0746467}, "cmdq": 0, "read": {"device_start": -1, "device_end": -1}}, "FFC_sans_bias22": {"write": {"device_start": -1, "host_queued_start": 1585500441.986731, "device_queued": -1, "device_end": -1, "host_queued_end": 1585500441.998175}, "device": "gpu", "nd_range": {"device_start": 1585500379.0823815, "device_end": 1585500379.0834746}, "cmdq": 2, "read": {"device_start": -1, "device_end": -1}}, "softmax68": {"write": {"device_start": -1, "host_queued_start": 1585500441.98984, "device_queued": -1, "device_end": -1, "host_queued_end": 1585500441.998175}, "device": "gpu", "nd_range": {"device_start": 1585500379.0858026, "device_end": 1585500379.0861256}, "cmdq": 1, "read": {"device_start": -1, "device_end": -1}}, "softmax5": {"write": {"device_start": -1, "host_queued_start": 1585500442.011971, "device_queued": -1, "device_end": -1, "host_queued_end": 1585500442.015286}, "device": "cpu", "nd_range": {"device_start": 2168216.250234243, "device_end": 2168216.25128981}, "cmdq": 2, "read": {"device_start": -1, "device_end": -1}}, "FFC_sans_bias28": {"write": {"device_start": 1585500379.0737867, "host_queued_start": 1585500441.970971, "device_queued": 1585500379.073262, "device_end": 1585500379.0738168, "host_queued_end": 1585500441.998175}, "device": "gpu", "nd_range": {"device_start": 1585500379.07382, "device_end": 1585500379.075871}, "cmdq": 2, "read": {"device_start": -1, "device_end": -1}}, "FFC_sans_bias29": {"write": {"device_start": 1585500379.0741675, "host_queued_start": 1585500441.972018, "device_queued": 1585500379.0732772, "device_end": 1585500379.074197, "host_queued_end": 1585500441.998175}, "device": "gpu", "nd_range": {"device_start": 1585500379.0742009, "device_end": 1585500379.0762677}, "cmdq": 3, "read": {"device_start": -1, "device_end": -1}}, "empty17": {"write": {"device_start": -1, "host_queued_start": 1585500442.00097, "device_queued": -1, "device_end": -1, "host_queued_end": 1585500442.015286}, "device": "cpu", "nd_range": {"device_start": 2168216.2048569713, "device_end": 2168216.204869058}, "cmdq": 1, "read": {"device_start": -1, "device_end": -1}}, "softmax59": {"write": {"device_start": -1, "host_queued_start": 1585500441.989599, "device_queued": -1, "device_end": -1, "host_queued_end": 1585500441.998175}, "device": "gpu", "nd_range": {"device_start": 1585500379.0853453, "device_end": 1585500379.0856109}, "cmdq": 0, "read": {"device_start": -1, "device_end": -1}}, "empty71": {"write": {"device_start": 1585500379.072873, "host_queued_start": 1585500441.965526, "device_queued": 1585500379.0726883, "device_end": 1585500379.0729475, "host_queued_end": 1585500441.998175}, "device": "gpu", "nd_range": {"device_start": 1585500379.072957, "device_end": 1585500379.0729678}, "cmdq": 1, "read": {"device_start": -1, "device_end": -1}}, "empty35": {"write": {"device_start": 1585500379.072444, "host_queued_start": 1585500441.962108, "device_queued": 1585500379.072284, "device_end": 1585500379.0725055, "host_queued_end": 1585500441.998175}, "device": "gpu", "nd_range": {"device_start": 1585500379.0725234, "device_end": 1585500379.07253}, "cmdq": 1, "read": {"device_start": -1, "device_end": -1}}, "empty53": {"write": {"device_start": 1585500379.0726624, "host_queued_start": 1585500441.96387, "device_queued": 1585500379.072332, "device_end": 1585500379.0727496, "host_queued_end": 1585500441.998175}, "device": "gpu", "nd_range": {"device_start": 1585500379.0727534, "device_end": 1585500379.0727587}, "cmdq": 3, "read": {"device_start": -1, "device_end": -1}}, "FFC_sans_bias46": {"write": {"device_start": 1585500379.077051, "host_queued_start": 1585500441.977233, "device_queued": 1585500379.0739307, "device_end": 1585500379.0771165, "host_queued_end": 1585500441.998175}, "device": "gpu", "nd_range": {"device_start": 1585500379.0771234, "device_end": 1585500379.0787642}, "cmdq": 0, "read": {"device_start": -1, "device_end": -1}}, "coalesced_transpose66": {"write": {"device_start": -1, "host_queued_start": 1585500441.986404, "device_queued": -1, "device_end": -1, "host_queued_end": 1585500441.998175}, "device": "gpu", "nd_range": {"device_start": 1585500379.0822544, "device_end": 1585500379.082277}, "cmdq": 1, "read": {"device_start": -1, "device_end": -1}}, "coalesced_transpose48": {"write": {"device_start": -1, "host_queued_start": 1585500441.985806, "device_queued": -1, "device_end": -1, "host_queued_end": 1585500441.998175}, "device": "gpu", "nd_range": {"device_start": 1585500379.0823522, "device_end": 1585500379.0823848}, "cmdq": 3, "read": {"device_start": -1, "device_end": -1}}}