{"FFC_sans_bias60": {"write": {"device_start": -1, "host_queued_start": 1585500113.991261, "device_queued": -1, "device_end": -1, "host_queued_end": 1585500113.997926}, "device": "gpu", "nd_range": {"device_start": 1585500051.0964916, "device_end": 1585500051.0975852}, "cmdq": 0, "read": {"device_start": -1, "device_end": -1}}, "FFC_sans_bias4": {"write": {"device_start": -1, "host_queued_start": 1585500114.011283, "device_queued": -1, "device_end": -1, "host_queued_end": 1585500114.015043}, "device": "cpu", "nd_range": {"device_start": 2167888.2355529843, "device_end": 2167888.244207478}, "cmdq": 0, "read": {"device_start": -1, "device_end": -1}}, "FFC_sans_bias7": {"write": {"device_start": -1, "host_queued_start": 1585500114.013962, "device_queued": -1, "device_end": -1, "host_queued_end": 1585500114.015043}, "device": "cpu", "nd_range": {"device_start": 2167888.270514899, "device_end": 2167888.2746513044}, "cmdq": 0, "read": {"device_start": -1, "device_end": -1}}, "FFC_sans_bias6": {"write": {"device_start": -1, "host_queued_start": 1585500114.012549, "device_queued": -1, "device_end": -1, "host_queued_end": 1585500114.015043}, "device": "cpu", "nd_range": {"device_start": 2167888.2579737073, "device_end": 2167888.270507805}, "cmdq": 0, "read": {"device_start": -1, "device_end": -1}}, "FFC_sans_bias1": {"write": {"device_start": -1, "host_queued_start": 1585500114.003932, "device_queued": -1, "device_end": -1, "host_queued_end": 1585500114.015043}, "device": "cpu", "nd_range": {"device_start": 2167888.204631164, "device_end": 2167888.212546272}, "cmdq": 1, "read": {"device_start": -1, "device_end": -1}}, "FFC_sans_bias0": {"write": {"device_start": -1, "host_queued_start": 1585500114.002168, "device_queued": -1, "device_end": -1, "host_queued_end": 1585500114.015043}, "device": "cpu", "nd_range": {"device_start": 2167888.204632096, "device_end": 2167888.215116187}, "cmdq": 0, "read": {"device_start": -1, "device_end": -1}}, "FFC_sans_bias2": {"write": {"device_start": -1, "host_queued_start": 1585500114.005752, "device_queued": -1, "device_end": -1, "host_queued_end": 1585500114.015043}, "device": "cpu", "nd_range": {"device_start": 2167888.215234957, "device_end": 2167888.230104259}, "cmdq": 0, "read": {"device_start": -1, "device_end": -1}}, "FFC_sans_bias61": {"write": {"device_start": 1585500051.1070573, "host_queued_start": 1585500113.996791, "device_queued": 1585500051.0852387, "device_end": 1585500051.1070821, "host_queued_end": 1585500113.997926}, "device": "gpu", "nd_range": {"device_start": 1585500051.107086, "device_end": 1585500051.107967}, "cmdq": 0, "read": {"device_start": 1585500051.1079688, "device_end": 1585500051.1079917}}, "FFC_sans_bias52": {"write": {"device_start": 1585500051.10636, "host_queued_start": 1585500113.995758, "device_queued": 1585500051.0850933, "device_end": 1585500051.106385, "host_queued_end": 1585500113.997926}, "device": "gpu", "nd_range": {"device_start": 1585500051.1064699, "device_end": 1585500051.1072764}, "cmdq": 1, "read": {"device_start": 1585500051.107279, "device_end": 1585500051.107302}}, "FFC_sans_bias9": {"write": {"device_start": -1, "host_queued_start": 1585500114.007816, "device_queued": -1, "device_end": -1, "host_queued_end": 1585500114.015043}, "device": "cpu", "nd_range": {"device_start": 2167888.212556213, "device_end": 2167888.219211262}, "cmdq": 1, "read": {"device_start": -1, "device_end": -1}}, "coalesced_transpose39": {"write": {"device_start": -1, "host_queued_start": 1585500113.985398, "device_queued": -1, "device_end": -1, "host_queued_end": 1585500113.997926}, "device": "gpu", "nd_range": {"device_start": 1585500051.0907085, "device_end": 1585500051.0907393}, "cmdq": 0, "read": {"device_start": -1, "device_end": -1}}, "FFC_sans_bias55": {"write": {"device_start": 1585500051.0886161, "host_queued_start": 1585500113.981306, "device_queued": 1585500051.082956, "device_end": 1585500051.0886521, "host_queued_end": 1585500113.997926}, "device": "gpu", "nd_range": {"device_start": 1585500051.088664, "device_end": 1585500051.0894048}, "cmdq": 0, "read": {"device_start": -1, "device_end": -1}}, "FFC_sans_bias54": {"write": {"device_start": 1585500051.0881538, "host_queued_start": 1585500113.980267, "device_queued": 1585500051.0828955, "device_end": 1585500051.088185, "host_queued_end": 1585500113.997926}, "device": "gpu", "nd_range": {"device_start": 1585500051.0881932, "device_end": 1585500051.0888958}, "cmdq": 1, "read": {"device_start": -1, "device_end": -1}}, "FFC_sans_bias56": {"write": {"device_start": 1585500051.0875561, "host_queued_start": 1585500113.979239, "device_queued": 1585500051.0827303, "device_end": 1585500051.087589, "host_queued_end": 1585500113.997926}, "device": "gpu", "nd_range": {"device_start": 1585500051.0875974, "device_end": 1585500051.0884275}, "cmdq": 0, "read": {"device_start": -1, "device_end": -1}}, "FFC_sans_bias51": {"write": {"device_start": -1, "host_queued_start": 1585500113.990945, "device_queued": -1, "device_end": -1, "host_queued_end": 1585500113.997926}, "device": "gpu", "nd_range": {"device_start": 1585500051.0959032, "device_end": 1585500051.096991}, "cmdq": 1, "read": {"device_start": -1, "device_end": -1}}, "softmax23": {"write": {"device_start": -1, "host_queued_start": 1585500113.98845, "device_queued": -1, "device_end": -1, "host_queued_end": 1585500113.997926}, "device": "gpu", "nd_range": {"device_start": 1585500051.0936556, "device_end": 1585500051.0943656}, "cmdq": 0, "read": {"device_start": -1, "device_end": -1}}, "FFC_sans_bias37": {"write": {"device_start": 1585500051.0849025, "host_queued_start": 1585500113.973994, "device_queued": 1585500051.0823123, "device_end": 1585500051.08493, "host_queued_end": 1585500113.997926}, "device": "gpu", "nd_range": {"device_start": 1585500051.085233, "device_end": 1585500051.0860283}, "cmdq": 1, "read": {"device_start": -1, "device_end": -1}}, "empty62": {"write": {"device_start": 1585500051.081498, "host_queued_start": 1585500113.964715, "device_queued": 1585500051.0813684, "device_end": 1585500051.081573, "host_queued_end": 1585500113.997926}, "device": "gpu", "nd_range": {"device_start": 1585500051.0815802, "device_end": 1585500051.081584}, "cmdq": 0, "read": {"device_start": -1, "device_end": -1}}, "FFC_sans_bias70": {"write": {"device_start": 1585500051.1074362, "host_queued_start": 1585500113.997828, "device_queued": 1585500051.0854337, "device_end": 1585500051.1074617, "host_queued_end": 1585500113.997926}, "device": "gpu", "nd_range": {"device_start": 1585500051.1074646, "device_end": 1585500051.1083617}, "cmdq": 1, "read": {"device_start": 1585500051.1083653, "device_end": 1585500051.1083891}}, "FFC_sans_bias58": {"write": {"device_start": -1, "host_queued_start": 1585500113.987886, "device_queued": -1, "device_end": -1, "host_queued_end": 1585500113.997926}, "device": "gpu", "nd_range": {"device_start": 1585500051.0925486, "device_end": 1585500051.0936542}, "cmdq": 0, "read": {"device_start": -1, "device_end": -1}}, "softmax41": {"write": {"device_start": -1, "host_queued_start": 1585500113.988939, "device_queued": -1, "device_end": -1, "host_queued_end": 1585500113.997926}, "device": "gpu", "nd_range": {"device_start": 1585500051.0943668, "device_end": 1585500051.0945773}, "cmdq": 0, "read": {"device_start": -1, "device_end": -1}}, "FFC_sans_bias11": {"write": {"device_start": -1, "host_queued_start": 1585500114.010267, "device_queued": -1, "device_end": -1, "host_queued_end": 1585500114.015043}, "device": "cpu", "nd_range": {"device_start": 2167888.221794839, "device_end": 2167888.2318637744}, "cmdq": 1, "read": {"device_start": -1, "device_end": -1}}, "FFC_sans_bias10": {"write": {"device_start": -1, "host_queued_start": 1585500114.009162, "device_queued": -1, "device_end": -1, "host_queued_end": 1585500114.015043}, "device": "cpu", "nd_range": {"device_start": 2167888.230331554, "device_end": 2167888.235113324}, "cmdq": 0, "read": {"device_start": -1, "device_end": -1}}, "coalesced_transpose3": {"write": {"device_start": -1, "host_queued_start": 1585500114.010607, "device_queued": -1, "device_end": -1, "host_queued_end": 1585500114.015043}, "device": "cpu", "nd_range": {"device_start": 2167888.23525938, "device_end": 2167888.235429421}, "cmdq": 0, "read": {"device_start": -1, "device_end": -1}}, "FFC_sans_bias34": {"write": {"device_start": 1585500051.1051614, "host_queued_start": 1585500113.993663, "device_queued": 1585500051.0848072, "device_end": 1585500051.1051865, "host_queued_end": 1585500113.997926}, "device": "gpu", "nd_range": {"device_start": 1585500051.1051896, "device_end": 1585500051.1061795}, "cmdq": 1, "read": {"device_start": 1585500051.106184, "device_end": 1585500051.106209}}, "FFC_sans_bias15": {"write": {"device_start": -1, "host_queued_start": 1585500114.012896, "device_queued": -1, "device_end": -1, "host_queued_end": 1585500114.015043}, "device": "cpu", "nd_range": {"device_start": 2167888.24369062, "device_end": 2167888.2589422152}, "cmdq": 1, "read": {"device_start": -1, "device_end": -1}}, "FFC_sans_bias31": {"write": {"device_start": -1, "host_queued_start": 1585500113.986939, "device_queued": -1, "device_end": -1, "host_queued_end": 1585500113.997926}, "device": "gpu", "nd_range": {"device_start": 1585500051.0912428, "device_end": 1585500051.0919757}, "cmdq": 1, "read": {"device_start": -1, "device_end": -1}}, "FFC_sans_bias16": {"write": {"device_start": -1, "host_queued_start": 1585500114.014998, "device_queued": -1, "device_end": -1, "host_queued_end": 1585500114.015043}, "device": "cpu", "nd_range": {"device_start": 2167888.258954855, "device_end": 2167888.266567545}, "cmdq": 1, "read": {"device_start": -1, "device_end": -1}}, "FFC_sans_bias19": {"write": {"device_start": 1585500051.0818005, "host_queued_start": 1585500113.967597, "device_queued": 1585500051.081679, "device_end": 1585500051.081832, "host_queued_end": 1585500113.997926}, "device": "gpu", "nd_range": {"device_start": 1585500051.081836, "device_end": 1585500051.0827785}, "cmdq": 1, "read": {"device_start": -1, "device_end": -1}}, "FFC_sans_bias18": {"write": {"device_start": 1585500051.0816936, "host_queued_start": 1585500113.966503, "device_queued": 1585500051.0814638, "device_end": 1585500051.0817676, "host_queued_end": 1585500113.997926}, "device": "gpu", "nd_range": {"device_start": 1585500051.081772, "device_end": 1585500051.082382}, "cmdq": 0, "read": {"device_start": -1, "device_end": -1}}, "coalesced_transpose30": {"write": {"device_start": -1, "host_queued_start": 1585500113.985093, "device_queued": -1, "device_end": -1, "host_queued_end": 1585500113.997926}, "device": "gpu", "nd_range": {"device_start": 1585500051.090837, "device_end": 1585500051.0911908}, "cmdq": 1, "read": {"device_start": -1, "device_end": -1}}, "FFC_sans_bias69": {"write": {"device_start": -1, "host_queued_start": 1585500113.991574, "device_queued": -1, "device_end": -1, "host_queued_end": 1585500113.997926}, "device": "gpu", "nd_range": {"device_start": 1585500051.0969932, "device_end": 1585500051.0979834}, "cmdq": 1, "read": {"device_start": -1, "device_end": -1}}, "FFC_sans_bias38": {"write": {"device_start": 1585500051.0855834, "host_queued_start": 1585500113.975066, "device_queued": 1585500051.082365, "device_end": 1585500051.0856502, "host_queued_end": 1585500113.997926}, "device": "gpu", "nd_range": {"device_start": 1585500051.0856626, "device_end": 1585500051.0864513}, "cmdq": 0, "read": {"device_start": -1, "device_end": -1}}, "coalesced_transpose57": {"write": {"device_start": -1, "host_queued_start": 1585500113.986007, "device_queued": -1, "device_end": -1, "host_queued_end": 1585500113.997926}, "device": "gpu", "nd_range": {"device_start": 1585500051.0907412, "device_end": 1585500051.0907598}, "cmdq": 0, "read": {"device_start": -1, "device_end": -1}}, "empty26": {"write": {"device_start": 1585500051.08102, "host_queued_start": 1585500113.961139, "device_queued": 1585500051.0808697, "device_end": 1585500051.081055, "host_queued_end": 1585500113.997926}, "device": "gpu", "nd_range": {"device_start": 1585500051.0810573, "device_end": 1585500051.081062}, "cmdq": 0, "read": {"device_start": -1, "device_end": -1}}, "coalesced_transpose12": {"write": {"device_start": -1, "host_queued_start": 1585500114.010936, "device_queued": -1, "device_end": -1, "host_queued_end": 1585500114.015043}, "device": "cpu", "nd_range": {"device_start": 2167888.2352461433, "device_end": 2167888.235471584}, "cmdq": 1, "read": {"device_start": -1, "device_end": -1}}, "empty44": {"write": {"device_start": 1585500051.0812757, "host_queued_start": 1585500113.963057, "device_queued": 1585500051.0811083, "device_end": 1585500051.0813558, "host_queued_end": 1585500113.997926}, "device": "gpu", "nd_range": {"device_start": 1585500051.0813673, "device_end": 1585500051.0813718}, "cmdq": 0, "read": {"device_start": -1, "device_end": -1}}, "coalesced_transpose21": {"write": {"device_start": -1, "host_queued_start": 1585500113.984785, "device_queued": -1, "device_end": -1, "host_queued_end": 1585500113.997926}, "device": "gpu", "nd_range": {"device_start": 1585500051.0903668, "device_end": 1585500051.0907004}, "cmdq": 0, "read": {"device_start": -1, "device_end": -1}}, "FFC_sans_bias36": {"write": {"device_start": 1585500051.0844798, "host_queued_start": 1585500113.972972, "device_queued": 1585500051.0821571, "device_end": 1585500051.084529, "host_queued_end": 1585500113.997926}, "device": "gpu", "nd_range": {"device_start": 1585500051.08454, "device_end": 1585500051.0854406}, "cmdq": 0, "read": {"device_start": -1, "device_end": -1}}, "softmax14": {"write": {"device_start": -1, "host_queued_start": 1585500114.012202, "device_queued": -1, "device_end": -1, "host_queued_end": 1585500114.015043}, "device": "cpu", "nd_range": {"device_start": 2167888.243368485, "device_end": 2167888.243583092}, "cmdq": 1, "read": {"device_start": -1, "device_end": -1}}, "FFC_sans_bias13": {"write": {"device_start": -1, "host_queued_start": 1585500114.011635, "device_queued": -1, "device_end": -1, "host_queued_end": 1585500114.015043}, "device": "cpu", "nd_range": {"device_start": 2167888.235505965, "device_end": 2167888.24325113}, "cmdq": 1, "read": {"device_start": -1, "device_end": -1}}, "empty8": {"write": {"device_start": -1, "host_queued_start": 1585500113.999654, "device_queued": -1, "device_end": -1, "host_queued_end": 1585500114.015043}, "device": "cpu", "nd_range": {"device_start": 2167888.204601738, "device_end": 2167888.2046135264}, "cmdq": 0, "read": {"device_start": -1, "device_end": -1}}, "FFC_sans_bias42": {"write": {"device_start": -1, "host_queued_start": 1585500113.990634, "device_queued": -1, "device_end": -1, "host_queued_end": 1585500113.997926}, "device": "gpu", "nd_range": {"device_start": 1585500051.095405, "device_end": 1585500051.0964906}, "cmdq": 0, "read": {"device_start": -1, "device_end": -1}}, "FFC_sans_bias43": {"write": {"device_start": 1585500051.1059828, "host_queued_start": 1585500113.994727, "device_queued": 1585500051.0849164, "device_end": 1585500051.1060112, "host_queued_end": 1585500113.997926}, "device": "gpu", "nd_range": {"device_start": 1585500051.106016, "device_end": 1585500051.1068718}, "cmdq": 0, "read": {"device_start": 1585500051.1068766, "device_end": 1585500051.106909}}, "FFC_sans_bias40": {"write": {"device_start": -1, "host_queued_start": 1585500113.987255, "device_queued": -1, "device_end": -1, "host_queued_end": 1585500113.997926}, "device": "gpu", "nd_range": {"device_start": 1585500051.0913727, "device_end": 1585500051.0925472}, "cmdq": 0, "read": {"device_start": -1, "device_end": -1}}, "softmax32": {"write": {"device_start": -1, "host_queued_start": 1585500113.988701, "device_queued": -1, "device_end": -1, "host_queued_end": 1585500113.997926}, "device": "gpu", "nd_range": {"device_start": 1585500051.094063, "device_end": 1585500051.0943754}, "cmdq": 1, "read": {"device_start": -1, "device_end": -1}}, "FFC_sans_bias47": {"write": {"device_start": 1585500051.0871377, "host_queued_start": 1585500113.978182, "device_queued": 1585500051.0826957, "device_end": 1585500051.0871668, "host_queued_end": 1585500113.997926}, "device": "gpu", "nd_range": {"device_start": 1585500051.0871723, "device_end": 1585500051.0879774}, "cmdq": 1, "read": {"device_start": -1, "device_end": -1}}, "FFC_sans_bias45": {"write": {"device_start": 1585500051.086166, "host_queued_start": 1585500113.976114, "device_queued": 1585500051.082531, "device_end": 1585500051.0861986, "host_queued_end": 1585500113.997926}, "device": "gpu", "nd_range": {"device_start": 1585500051.0862038, "device_end": 1585500051.0870175}, "cmdq": 1, "read": {"device_start": -1, "device_end": -1}}, "softmax50": {"write": {"device_start": -1, "host_queued_start": 1585500113.989191, "device_queued": -1, "device_end": -1, "host_queued_end": 1585500113.997926}, "device": "gpu", "nd_range": {"device_start": 1585500051.0943766, "device_end": 1585500051.0945823}, "cmdq": 1, "read": {"device_start": -1, "device_end": -1}}, "FFC_sans_bias33": {"write": {"device_start": -1, "host_queued_start": 1585500113.99031, "device_queued": -1, "device_end": -1, "host_queued_end": 1585500113.997926}, "device": "gpu", "nd_range": {"device_start": 1585500051.0947967, "device_end": 1585500051.0959017}, "cmdq": 1, "read": {"device_start": -1, "device_end": -1}}, "FFC_sans_bias63": {"write": {"device_start": 1585500051.0900412, "host_queued_start": 1585500113.984462, "device_queued": 1585500051.0833154, "device_end": 1585500051.0900743, "host_queued_end": 1585500113.997926}, "device": "gpu", "nd_range": {"device_start": 1585500051.0900795, "device_end": 1585500051.0908337}, "cmdq": 1, "read": {"device_start": -1, "device_end": -1}}, "FFC_sans_bias49": {"write": {"device_start": -1, "host_queued_start": 1585500113.987568, "device_queued": -1, "device_end": -1, "host_queued_end": 1585500113.997926}, "device": "gpu", "nd_range": {"device_start": 1585500051.0919774, "device_end": 1585500051.0930643}, "cmdq": 1, "read": {"device_start": -1, "device_end": -1}}, "FFC_sans_bias64": {"write": {"device_start": 1585500051.089071, "host_queued_start": 1585500113.982348, "device_queued": 1585500051.083114, "device_end": 1585500051.0891, "host_queued_end": 1585500113.997926}, "device": "gpu", "nd_range": {"device_start": 1585500051.0891073, "device_end": 1585500051.0898561}, "cmdq": 1, "read": {"device_start": -1, "device_end": -1}}, "FFC_sans_bias65": {"write": {"device_start": 1585500051.0895448, "host_queued_start": 1585500113.983394, "device_queued": 1585500051.083161, "device_end": 1585500051.089588, "host_queued_end": 1585500113.997926}, "device": "gpu", "nd_range": {"device_start": 1585500051.089592, "device_end": 1585500051.0903583}, "cmdq": 0, "read": {"device_start": -1, "device_end": -1}}, "FFC_sans_bias67": {"write": {"device_start": -1, "host_queued_start": 1585500113.988201, "device_queued": -1, "device_end": -1, "host_queued_end": 1585500113.997926}, "device": "gpu", "nd_range": {"device_start": 1585500051.0930657, "device_end": 1585500051.0940611}, "cmdq": 1, "read": {"device_start": -1, "device_end": -1}}, "FFC_sans_bias24": {"write": {"device_start": -1, "host_queued_start": 1585500113.989995, "device_queued": -1, "device_end": -1, "host_queued_end": 1585500113.997926}, "device": "gpu", "nd_range": {"device_start": 1585500051.09479, "device_end": 1585500051.0954041}, "cmdq": 0, "read": {"device_start": -1, "device_end": -1}}, "FFC_sans_bias25": {"write": {"device_start": 1585500051.1050553, "host_queued_start": 1585500113.992596, "device_queued": 1585500051.084608, "device_end": 1585500051.1051183, "host_queued_end": 1585500113.997926}, "device": "gpu", "nd_range": {"device_start": 1585500051.1051667, "device_end": 1585500051.105778}, "cmdq": 0, "read": {"device_start": 1585500051.1057823, "device_end": 1585500051.1058114}}, "FFC_sans_bias27": {"write": {"device_start": 1585500051.0829625, "host_queued_start": 1585500113.969678, "device_queued": 1585500051.0819116, "device_end": 1585500051.0829964, "host_queued_end": 1585500113.997926}, "device": "gpu", "nd_range": {"device_start": 1585500051.082999, "device_end": 1585500051.0837746}, "cmdq": 1, "read": {"device_start": -1, "device_end": -1}}, "FFC_sans_bias20": {"write": {"device_start": 1585500051.0824783, "host_queued_start": 1585500113.968639, "device_queued": 1585500051.0817392, "device_end": 1585500051.0825043, "host_queued_end": 1585500113.997926}, "device": "gpu", "nd_range": {"device_start": 1585500051.0825071, "device_end": 1585500051.083343}, "cmdq": 0, "read": {"device_start": -1, "device_end": -1}}, "FFC_sans_bias22": {"write": {"device_start": -1, "host_queued_start": 1585500113.986623, "device_queued": -1, "device_end": -1, "host_queued_end": 1585500113.997926}, "device": "gpu", "nd_range": {"device_start": 1585500051.090765, "device_end": 1585500051.0913715}, "cmdq": 0, "read": {"device_start": -1, "device_end": -1}}, "softmax68": {"write": {"device_start": -1, "host_queued_start": 1585500113.989684, "device_queued": -1, "device_end": -1, "host_queued_end": 1585500113.997926}, "device": "gpu", "nd_range": {"device_start": 1585500051.0945837, "device_end": 1585500051.094795}, "cmdq": 1, "read": {"device_start": -1, "device_end": -1}}, "softmax5": {"write": {"device_start": -1, "host_queued_start": 1585500114.011923, "device_queued": -1, "device_end": -1, "host_queued_end": 1585500114.015043}, "device": "cpu", "nd_range": {"device_start": 2167888.249377562, "device_end": 2167888.257955896}, "cmdq": 0, "read": {"device_start": -1, "device_end": -1}}, "FFC_sans_bias28": {"write": {"device_start": 1585500051.083461, "host_queued_start": 1585500113.970892, "device_queued": 1585500051.0819652, "device_end": 1585500051.083493, "host_queued_end": 1585500113.997926}, "device": "gpu", "nd_range": {"device_start": 1585500051.0834966, "device_end": 1585500051.084306}, "cmdq": 0, "read": {"device_start": -1, "device_end": -1}}, "FFC_sans_bias29": {"write": {"device_start": 1585500051.083889, "host_queued_start": 1585500113.971938, "device_queued": 1585500051.0821028, "device_end": 1585500051.083915, "host_queued_end": 1585500113.997926}, "device": "gpu", "nd_range": {"device_start": 1585500051.0839212, "device_end": 1585500051.0847673}, "cmdq": 1, "read": {"device_start": -1, "device_end": -1}}, "empty17": {"write": {"device_start": -1, "host_queued_start": 1585500114.000794, "device_queued": -1, "device_end": -1, "host_queued_end": 1585500114.015043}, "device": "cpu", "nd_range": {"device_start": 2167888.204601684, "device_end": 2167888.204613603}, "cmdq": 1, "read": {"device_start": -1, "device_end": -1}}, "softmax59": {"write": {"device_start": -1, "host_queued_start": 1585500113.989435, "device_queued": -1, "device_end": -1, "host_queued_end": 1585500113.997926}, "device": "gpu", "nd_range": {"device_start": 1585500051.0945783, "device_end": 1585500051.094789}, "cmdq": 0, "read": {"device_start": -1, "device_end": -1}}, "empty71": {"write": {"device_start": 1585500051.0815983, "host_queued_start": 1585500113.965521, "device_queued": 1585500051.0814204, "device_end": 1585500051.0816631, "host_queued_end": 1585500113.997926}, "device": "gpu", "nd_range": {"device_start": 1585500051.0816672, "device_end": 1585500051.081673}, "cmdq": 1, "read": {"device_start": -1, "device_end": -1}}, "empty35": {"write": {"device_start": 1585500051.0811687, "host_queued_start": 1585500113.962185, "device_queued": 1585500051.0810661, "device_end": 1585500051.0812337, "host_queued_end": 1585500113.997926}, "device": "gpu", "nd_range": {"device_start": 1585500051.0812418, "device_end": 1585500051.0812464}, "cmdq": 1, "read": {"device_start": -1, "device_end": -1}}, "empty53": {"write": {"device_start": 1585500051.081386, "host_queued_start": 1585500113.963891, "device_queued": 1585500051.0811455, "device_end": 1585500051.0814593, "host_queued_end": 1585500113.997926}, "device": "gpu", "nd_range": {"device_start": 1585500051.0814652, "device_end": 1585500051.0814693}, "cmdq": 1, "read": {"device_start": -1, "device_end": -1}}, "FFC_sans_bias46": {"write": {"device_start": 1585500051.086559, "host_queued_start": 1585500113.977146, "device_queued": 1585500051.0825765, "device_end": 1585500051.0865855, "host_queued_end": 1585500113.997926}, "device": "gpu", "nd_range": {"device_start": 1585500051.0865893, "device_end": 1585500051.08744}, "cmdq": 0, "read": {"device_start": -1, "device_end": -1}}, "coalesced_transpose66": {"write": {"device_start": -1, "host_queued_start": 1585500113.986308, "device_queued": -1, "device_end": -1, "host_queued_end": 1585500113.997926}, "device": "gpu", "nd_range": {"device_start": 1585500051.0912206, "device_end": 1585500051.0912416}, "cmdq": 1, "read": {"device_start": -1, "device_end": -1}}, "coalesced_transpose48": {"write": {"device_start": -1, "host_queued_start": 1585500113.9857, "device_queued": -1, "device_end": -1, "host_queued_end": 1585500113.997926}, "device": "gpu", "nd_range": {"device_start": 1585500051.0911973, "device_end": 1585500051.091219}, "cmdq": 1, "read": {"device_start": -1, "device_end": -1}}}