{"FFC_sans_bias60": {"write": {"device_start": -1, "host_queued_start": 1585500282.471083, "device_queued": -1, "device_end": -1, "host_queued_end": 1585500282.479583}, "device": "cpu", "nd_range": {"device_start": 2168056.8553246893, "device_end": 2168056.871964251}, "cmdq": 2, "read": {"device_start": -1, "device_end": -1}}, "FFC_sans_bias4": {"write": {"device_start": -1, "host_queued_start": 1585500282.463762, "device_queued": -1, "device_end": -1, "host_queued_end": 1585500282.479583}, "device": "cpu", "nd_range": {"device_start": 2168056.784456712, "device_end": 2168056.7940967623}, "cmdq": 1, "read": {"device_start": -1, "device_end": -1}}, "FFC_sans_bias7": {"write": {"device_start": -1, "host_queued_start": 1585500282.47248, "device_queued": -1, "device_end": -1, "host_queued_end": 1585500282.479583}, "device": "cpu", "nd_range": {"device_start": 2168056.8546786983, "device_end": 2168056.869981658}, "cmdq": 1, "read": {"device_start": -1, "device_end": -1}}, "FFC_sans_bias6": {"write": {"device_start": -1, "host_queued_start": 1585500282.468856, "device_queued": -1, "device_end": -1, "host_queued_end": 1585500282.479583}, "device": "cpu", "nd_range": {"device_start": 2168056.82384394, "device_end": 2168056.8399291174}, "cmdq": 2, "read": {"device_start": -1, "device_end": -1}}, "FFC_sans_bias1": {"write": {"device_start": -1, "host_queued_start": 1585500282.437269, "device_queued": -1, "device_end": -1, "host_queued_end": 1585500282.479583}, "device": "cpu", "nd_range": {"device_start": 2168056.6692756643, "device_end": 2168056.6847575353}, "cmdq": 0, "read": {"device_start": -1, "device_end": -1}}, "FFC_sans_bias0": {"write": {"device_start": -1, "host_queued_start": 1585500282.436216, "device_queued": -1, "device_end": -1, "host_queued_end": 1585500282.479583}, "device": "cpu", "nd_range": {"device_start": 2168056.669442167, "device_end": 2168056.6819160543}, "cmdq": 2, "read": {"device_start": -1, "device_end": -1}}, "FFC_sans_bias2": {"write": {"device_start": -1, "host_queued_start": 1585500282.438323, "device_queued": -1, "device_end": -1, "host_queued_end": 1585500282.479583}, "device": "cpu", "nd_range": {"device_start": 2168056.669275716, "device_end": 2168056.678054409}, "cmdq": 1, "read": {"device_start": -1, "device_end": -1}}, "FFC_sans_bias61": {"write": {"device_start": -1, "host_queued_start": 1585500282.478536, "device_queued": -1, "device_end": -1, "host_queued_end": 1585500282.479583}, "device": "cpu", "nd_range": {"device_start": 2168056.885200603, "device_end": 2168056.894692577}, "cmdq": 1, "read": {"device_start": -1, "device_end": -1}}, "FFC_sans_bias52": {"write": {"device_start": -1, "host_queued_start": 1585500282.477539, "device_queued": -1, "device_end": -1, "host_queued_end": 1585500282.479583}, "device": "cpu", "nd_range": {"device_start": 2168056.8861396383, "device_end": 2168056.897521662}, "cmdq": 0, "read": {"device_start": -1, "device_end": -1}}, "FFC_sans_bias9": {"write": {"device_start": -1, "host_queued_start": 1585500282.439554, "device_queued": -1, "device_end": -1, "host_queued_end": 1585500282.479583}, "device": "cpu", "nd_range": {"device_start": 2168056.682044492, "device_end": 2168056.696507436}, "cmdq": 2, "read": {"device_start": -1, "device_end": -1}}, "coalesced_transpose39": {"write": {"device_start": -1, "host_queued_start": 1585500282.462408, "device_queued": -1, "device_end": -1, "host_queued_end": 1585500282.479583}, "device": "cpu", "nd_range": {"device_start": 2168056.76379097, "device_end": 2168056.7640423654}, "cmdq": 0, "read": {"device_start": -1, "device_end": -1}}, "FFC_sans_bias55": {"write": {"device_start": -1, "host_queued_start": 1585500282.457568, "device_queued": -1, "device_end": -1, "host_queued_end": 1585500282.479583}, "device": "cpu", "nd_range": {"device_start": 2168056.7639513863, "device_end": 2168056.7759262524}, "cmdq": 1, "read": {"device_start": -1, "device_end": -1}}, "FFC_sans_bias54": {"write": {"device_start": -1, "host_queued_start": 1585500282.456522, "device_queued": -1, "device_end": -1, "host_queued_end": 1585500282.479583}, "device": "cpu", "nd_range": {"device_start": 2168056.739768917, "device_end": 2168056.7526852083}, "cmdq": 0, "read": {"device_start": -1, "device_end": -1}}, "FFC_sans_bias56": {"write": {"device_start": -1, "host_queued_start": 1585500282.455475, "device_queued": -1, "device_end": -1, "host_queued_end": 1585500282.479583}, "device": "cpu", "nd_range": {"device_start": 2168056.744275968, "device_end": 2168056.756654832}, "cmdq": 2, "read": {"device_start": -1, "device_end": -1}}, "FFC_sans_bias51": {"write": {"device_start": -1, "host_queued_start": 1585500282.470718, "device_queued": -1, "device_end": -1, "host_queued_end": 1585500282.479583}, "device": "cpu", "nd_range": {"device_start": 2168056.839463742, "device_end": 2168056.854671371}, "cmdq": 1, "read": {"device_start": -1, "device_end": -1}}, "softmax23": {"write": {"device_start": -1, "host_queued_start": 1585500282.467128, "device_queued": -1, "device_end": -1, "host_queued_end": 1585500282.479583}, "device": "cpu", "nd_range": {"device_start": 2168056.823385685, "device_end": 2168056.823617612}, "cmdq": 2, "read": {"device_start": -1, "device_end": -1}}, "FFC_sans_bias37": {"write": {"device_start": -1, "host_queued_start": 1585500282.45014, "device_queued": -1, "device_end": -1, "host_queued_end": 1585500282.479583}, "device": "cpu", "nd_range": {"device_start": 2168056.7142524, "device_end": 2168056.7280724864}, "cmdq": 0, "read": {"device_start": -1, "device_end": -1}}, "empty62": {"write": {"device_start": -1, "host_queued_start": 1585500282.434423, "device_queued": -1, "device_end": -1, "host_queued_end": 1585500282.479583}, "device": "cpu", "nd_range": {"device_start": 2168056.669269838, "device_end": 2168056.669270535}, "cmdq": 0, "read": {"device_start": -1, "device_end": -1}}, "FFC_sans_bias70": {"write": {"device_start": -1, "host_queued_start": 1585500282.479537, "device_queued": -1, "device_end": -1, "host_queued_end": 1585500282.479583}, "device": "cpu", "nd_range": {"device_start": 2168056.902048393, "device_end": 2168056.911363357}, "cmdq": 2, "read": {"device_start": -1, "device_end": -1}}, "FFC_sans_bias58": {"write": {"device_start": -1, "host_queued_start": 1585500282.465933, "device_queued": -1, "device_end": -1, "host_queued_end": 1585500282.479583}, "device": "cpu", "nd_range": {"device_start": 2168056.8095698743, "device_end": 2168056.823440915}, "cmdq": 1, "read": {"device_start": -1, "device_end": -1}}, "softmax41": {"write": {"device_start": -1, "host_queued_start": 1585500282.467685, "device_queued": -1, "device_end": -1, "host_queued_end": 1585500282.479583}, "device": "cpu", "nd_range": {"device_start": 2168056.823687289, "device_end": 2168056.8239132473}, "cmdq": 1, "read": {"device_start": -1, "device_end": -1}}, "FFC_sans_bias11": {"write": {"device_start": -1, "host_queued_start": 1585500282.44168, "device_queued": -1, "device_end": -1, "host_queued_end": 1585500282.479583}, "device": "cpu", "nd_range": {"device_start": 2168056.678193427, "device_end": 2168056.694592989}, "cmdq": 1, "read": {"device_start": -1, "device_end": -1}}, "FFC_sans_bias10": {"write": {"device_start": -1, "host_queued_start": 1585500282.440623, "device_queued": -1, "device_end": -1, "host_queued_end": 1585500282.479583}, "device": "cpu", "nd_range": {"device_start": 2168056.6848848523, "device_end": 2168056.694422902}, "cmdq": 0, "read": {"device_start": -1, "device_end": -1}}, "coalesced_transpose3": {"write": {"device_start": -1, "host_queued_start": 1585500282.461066, "device_queued": -1, "device_end": -1, "host_queued_end": 1585500282.479583}, "device": "cpu", "nd_range": {"device_start": 2168056.7702371064, "device_end": 2168056.77042494}, "cmdq": 2, "read": {"device_start": -1, "device_end": -1}}, "FFC_sans_bias34": {"write": {"device_start": -1, "host_queued_start": 1585500282.475546, "device_queued": -1, "device_end": -1, "host_queued_end": 1585500282.479583}, "device": "cpu", "nd_range": {"device_start": 2168056.869988067, "device_end": 2168056.885196656}, "cmdq": 1, "read": {"device_start": -1, "device_end": -1}}, "FFC_sans_bias15": {"write": {"device_start": -1, "host_queued_start": 1585500282.469226, "device_queued": -1, "device_end": -1, "host_queued_end": 1585500282.479583}, "device": "cpu", "nd_range": {"device_start": 2168056.8243740234, "device_end": 2168056.839781505}, "cmdq": 0, "read": {"device_start": -1, "device_end": -1}}, "FFC_sans_bias31": {"write": {"device_start": -1, "host_queued_start": 1585500282.464802, "device_queued": -1, "device_end": -1, "host_queued_end": 1585500282.479583}, "device": "cpu", "nd_range": {"device_start": 2168056.794209807, "device_end": 2168056.809456965}, "cmdq": 1, "read": {"device_start": -1, "device_end": -1}}, "FFC_sans_bias16": {"write": {"device_start": -1, "host_queued_start": 1585500282.473498, "device_queued": -1, "device_end": -1, "host_queued_end": 1585500282.479583}, "device": "cpu", "nd_range": {"device_start": 2168056.871972647, "device_end": 2168056.887812748}, "cmdq": 2, "read": {"device_start": -1, "device_end": -1}}, "FFC_sans_bias19": {"write": {"device_start": -1, "host_queued_start": 1585500282.443804, "device_queued": -1, "device_end": -1, "host_queued_end": 1585500282.479583}, "device": "cpu", "nd_range": {"device_start": 2168056.6945427293, "device_end": 2168056.702887637}, "cmdq": 0, "read": {"device_start": -1, "device_end": -1}}, "FFC_sans_bias18": {"write": {"device_start": -1, "host_queued_start": 1585500282.442753, "device_queued": -1, "device_end": -1, "host_queued_end": 1585500282.479583}, "device": "cpu", "nd_range": {"device_start": 2168056.69663386, "device_end": 2168056.7103467924}, "cmdq": 2, "read": {"device_start": -1, "device_end": -1}}, "coalesced_transpose30": {"write": {"device_start": -1, "host_queued_start": 1585500282.462073, "device_queued": -1, "device_end": -1, "host_queued_end": 1585500282.479583}, "device": "cpu", "nd_range": {"device_start": 2168056.7706509503, "device_end": 2168056.770750745}, "cmdq": 2, "read": {"device_start": -1, "device_end": -1}}, "FFC_sans_bias69": {"write": {"device_start": -1, "host_queued_start": 1585500282.471431, "device_queued": -1, "device_end": -1, "host_queued_end": 1585500282.479583}, "device": "cpu", "nd_range": {"device_start": 2168056.855474641, "device_end": 2168056.8707022713}, "cmdq": 0, "read": {"device_start": -1, "device_end": -1}}, "FFC_sans_bias38": {"write": {"device_start": -1, "host_queued_start": 1585500282.451261, "device_queued": -1, "device_end": -1, "host_queued_end": 1585500282.479583}, "device": "cpu", "nd_range": {"device_start": 2168056.7299712054, "device_end": 2168056.7455089074}, "cmdq": 1, "read": {"device_start": -1, "device_end": -1}}, "coalesced_transpose57": {"write": {"device_start": -1, "host_queued_start": 1585500282.46308, "device_queued": -1, "device_end": -1, "host_queued_end": 1585500282.479583}, "device": "cpu", "nd_range": {"device_start": 2168056.7759576472, "device_end": 2168056.777084597}, "cmdq": 2, "read": {"device_start": -1, "device_end": -1}}, "empty26": {"write": {"device_start": -1, "host_queued_start": 1585500282.431175, "device_queued": -1, "device_end": -1, "host_queued_end": 1585500282.479583}, "device": "cpu", "nd_range": {"device_start": 2168056.6692699143, "device_end": 2168056.669274589}, "cmdq": 2, "read": {"device_start": -1, "device_end": -1}}, "coalesced_transpose12": {"write": {"device_start": -1, "host_queued_start": 1585500282.461405, "device_queued": -1, "device_end": -1, "host_queued_end": 1585500282.479583}, "device": "cpu", "nd_range": {"device_start": 2168056.763412706, "device_end": 2168056.7636758913}, "cmdq": 0, "read": {"device_start": -1, "device_end": -1}}, "empty44": {"write": {"device_start": -1, "host_queued_start": 1585500282.432814, "device_queued": -1, "device_end": -1, "host_queued_end": 1585500282.479583}, "device": "cpu", "nd_range": {"device_start": 2168056.669263454, "device_end": 2168056.6692643194}, "cmdq": 1, "read": {"device_start": -1, "device_end": -1}}, "coalesced_transpose21": {"write": {"device_start": -1, "host_queued_start": 1585500282.461738, "device_queued": -1, "device_end": -1, "host_queued_end": 1585500282.479583}, "device": "cpu", "nd_range": {"device_start": 2168056.783742153, "device_end": 2168056.7839899613}, "cmdq": 1, "read": {"device_start": -1, "device_end": -1}}, "FFC_sans_bias36": {"write": {"device_start": -1, "host_queued_start": 1585500282.449094, "device_queued": -1, "device_end": -1, "host_queued_end": 1585500282.479583}, "device": "cpu", "nd_range": {"device_start": 2168056.7205708963, "device_end": 2168056.732107235}, "cmdq": 2, "read": {"device_start": -1, "device_end": -1}}, "softmax14": {"write": {"device_start": -1, "host_queued_start": 1585500282.46685, "device_queued": -1, "device_end": -1, "host_queued_end": 1585500282.479583}, "device": "cpu", "nd_range": {"device_start": 2168056.823451286, "device_end": 2168056.823681056}, "cmdq": 1, "read": {"device_start": -1, "device_end": -1}}, "FFC_sans_bias13": {"write": {"device_start": -1, "host_queued_start": 1585500282.464109, "device_queued": -1, "device_end": -1, "host_queued_end": 1585500282.479583}, "device": "cpu", "nd_range": {"device_start": 2168056.77721571, "device_end": 2168056.790687296}, "cmdq": 2, "read": {"device_start": -1, "device_end": -1}}, "empty8": {"write": {"device_start": -1, "host_queued_start": 1585500282.429225, "device_queued": -1, "device_end": -1, "host_queued_end": 1585500282.479583}, "device": "cpu", "nd_range": {"device_start": 2168056.669228369, "device_end": 2168056.669241688}, "cmdq": 0, "read": {"device_start": -1, "device_end": -1}}, "FFC_sans_bias42": {"write": {"device_start": -1, "host_queued_start": 1585500282.470355, "device_queued": -1, "device_end": -1, "host_queued_end": 1585500282.479583}, "device": "cpu", "nd_range": {"device_start": 2168056.839886256, "device_end": 2168056.855282931}, "cmdq": 0, "read": {"device_start": -1, "device_end": -1}}, "FFC_sans_bias43": {"write": {"device_start": -1, "host_queued_start": 1585500282.476542, "device_queued": -1, "device_end": -1, "host_queued_end": 1585500282.479583}, "device": "cpu", "nd_range": {"device_start": 2168056.896511437, "device_end": 2168056.9020391083}, "cmdq": 2, "read": {"device_start": -1, "device_end": -1}}, "FFC_sans_bias40": {"write": {"device_start": -1, "host_queued_start": 1585500282.465149, "device_queued": -1, "device_end": -1, "host_queued_end": 1585500282.479583}, "device": "cpu", "nd_range": {"device_start": 2168056.7908107433, "device_end": 2168056.807087472}, "cmdq": 2, "read": {"device_start": -1, "device_end": -1}}, "softmax32": {"write": {"device_start": -1, "host_queued_start": 1585500282.467411, "device_queued": -1, "device_end": -1, "host_queued_end": 1585500282.479583}, "device": "cpu", "nd_range": {"device_start": 2168056.8215617933, "device_end": 2168056.821774097}, "cmdq": 0, "read": {"device_start": -1, "device_end": -1}}, "FFC_sans_bias47": {"write": {"device_start": -1, "host_queued_start": 1585500282.454409, "device_queued": -1, "device_end": -1, "host_queued_end": 1585500282.479583}, "device": "cpu", "nd_range": {"device_start": 2168056.749092452, "device_end": 2168056.763369283}, "cmdq": 1, "read": {"device_start": -1, "device_end": -1}}, "FFC_sans_bias45": {"write": {"device_start": -1, "host_queued_start": 1585500282.452314, "device_queued": -1, "device_end": -1, "host_queued_end": 1585500282.479583}, "device": "cpu", "nd_range": {"device_start": 2168056.732237106, "device_end": 2168056.7441482}, "cmdq": 2, "read": {"device_start": -1, "device_end": -1}}, "softmax50": {"write": {"device_start": -1, "host_queued_start": 1585500282.467961, "device_queued": -1, "device_end": -1, "host_queued_end": 1585500282.479583}, "device": "cpu", "nd_range": {"device_start": 2168056.8236246123, "device_end": 2168056.823838414}, "cmdq": 2, "read": {"device_start": -1, "device_end": -1}}, "FFC_sans_bias33": {"write": {"device_start": -1, "host_queued_start": 1585500282.469965, "device_queued": -1, "device_end": -1, "host_queued_end": 1585500282.479583}, "device": "cpu", "nd_range": {"device_start": 2168056.839946195, "device_end": 2168056.8553164164}, "cmdq": 2, "read": {"device_start": -1, "device_end": -1}}, "FFC_sans_bias63": {"write": {"device_start": -1, "host_queued_start": 1585500282.460725, "device_queued": -1, "device_end": -1, "host_queued_end": 1585500282.479583}, "device": "cpu", "nd_range": {"device_start": 2168056.775938624, "device_end": 2168056.783623557}, "cmdq": 1, "read": {"device_start": -1, "device_end": -1}}, "FFC_sans_bias49": {"write": {"device_start": -1, "host_queued_start": 1585500282.465578, "device_queued": -1, "device_end": -1, "host_queued_end": 1585500282.479583}, "device": "cpu", "nd_range": {"device_start": 2168056.805836398, "device_end": 2168056.821086354}, "cmdq": 0, "read": {"device_start": -1, "device_end": -1}}, "FFC_sans_bias64": {"write": {"device_start": -1, "host_queued_start": 1585500282.458631, "device_queued": -1, "device_end": -1, "host_queued_end": 1585500282.479583}, "device": "cpu", "nd_range": {"device_start": 2168056.756772446, "device_end": 2168056.770224621}, "cmdq": 2, "read": {"device_start": -1, "device_end": -1}}, "FFC_sans_bias65": {"write": {"device_start": -1, "host_queued_start": 1585500282.459681, "device_queued": -1, "device_end": -1, "host_queued_end": 1585500282.479583}, "device": "cpu", "nd_range": {"device_start": 2168056.752798561, "device_end": 2168056.763290488}, "cmdq": 0, "read": {"device_start": -1, "device_end": -1}}, "FFC_sans_bias67": {"write": {"device_start": -1, "host_queued_start": 1585500282.466284, "device_queued": -1, "device_end": -1, "host_queued_end": 1585500282.479583}, "device": "cpu", "nd_range": {"device_start": 2168056.80721843, "device_end": 2168056.82337633}, "cmdq": 2, "read": {"device_start": -1, "device_end": -1}}, "FFC_sans_bias24": {"write": {"device_start": -1, "host_queued_start": 1585500282.469595, "device_queued": -1, "device_end": -1, "host_queued_end": 1585500282.479583}, "device": "cpu", "nd_range": {"device_start": 2168056.8241455792, "device_end": 2168056.839457017}, "cmdq": 1, "read": {"device_start": -1, "device_end": -1}}, "FFC_sans_bias25": {"write": {"device_start": -1, "host_queued_start": 1585500282.474523, "device_queued": -1, "device_end": -1, "host_queued_end": 1585500282.479583}, "device": "cpu", "nd_range": {"device_start": 2168056.870824064, "device_end": 2168056.886133676}, "cmdq": 0, "read": {"device_start": -1, "device_end": -1}}, "FFC_sans_bias27": {"write": {"device_start": -1, "host_queued_start": 1585500282.445909, "device_queued": -1, "device_end": -1, "host_queued_end": 1585500282.479583}, "device": "cpu", "nd_range": {"device_start": 2168056.710464893, "device_end": 2168056.7194715193}, "cmdq": 2, "read": {"device_start": -1, "device_end": -1}}, "FFC_sans_bias20": {"write": {"device_start": -1, "host_queued_start": 1585500282.44486, "device_queued": -1, "device_end": -1, "host_queued_end": 1585500282.479583}, "device": "cpu", "nd_range": {"device_start": 2168056.694904944, "device_end": 2168056.713296304}, "cmdq": 1, "read": {"device_start": -1, "device_end": -1}}, "FFC_sans_bias22": {"write": {"device_start": -1, "host_queued_start": 1585500282.464456, "device_queued": -1, "device_end": -1, "host_queued_end": 1585500282.479583}, "device": "cpu", "nd_range": {"device_start": 2168056.790509502, "device_end": 2168056.805707836}, "cmdq": 0, "read": {"device_start": -1, "device_end": -1}}, "softmax68": {"write": {"device_start": -1, "host_queued_start": 1585500282.468513, "device_queued": -1, "device_end": -1, "host_queued_end": 1585500282.479583}, "device": "cpu", "nd_range": {"device_start": 2168056.823918925, "device_end": 2168056.8241377813}, "cmdq": 1, "read": {"device_start": -1, "device_end": -1}}, "softmax5": {"write": {"device_start": -1, "host_queued_start": 1585500282.466565, "device_queued": -1, "device_end": -1, "host_queued_end": 1585500282.479583}, "device": "cpu", "nd_range": {"device_start": 2168056.821219794, "device_end": 2168056.821444534}, "cmdq": 0, "read": {"device_start": -1, "device_end": -1}}, "FFC_sans_bias28": {"write": {"device_start": -1, "host_queued_start": 1585500282.446986, "device_queued": -1, "device_end": -1, "host_queued_end": 1585500282.479583}, "device": "cpu", "nd_range": {"device_start": 2168056.702998238, "device_end": 2168056.714138151}, "cmdq": 0, "read": {"device_start": -1, "device_end": -1}}, "FFC_sans_bias29": {"write": {"device_start": -1, "host_queued_start": 1585500282.448047, "device_queued": -1, "device_end": -1, "host_queued_end": 1585500282.479583}, "device": "cpu", "nd_range": {"device_start": 2168056.713614649, "device_end": 2168056.727215973}, "cmdq": 1, "read": {"device_start": -1, "device_end": -1}}, "empty17": {"write": {"device_start": -1, "host_queued_start": 1585500282.430264, "device_queued": -1, "device_end": -1, "host_queued_end": 1585500282.479583}, "device": "cpu", "nd_range": {"device_start": 2168056.669228312, "device_end": 2168056.669241676}, "cmdq": 1, "read": {"device_start": -1, "device_end": -1}}, "softmax59": {"write": {"device_start": -1, "host_queued_start": 1585500282.468237, "device_queued": -1, "device_end": -1, "host_queued_end": 1585500282.479583}, "device": "cpu", "nd_range": {"device_start": 2168056.8235809193, "device_end": 2168056.824270488}, "cmdq": 0, "read": {"device_start": -1, "device_end": -1}}, "empty71": {"write": {"device_start": -1, "host_queued_start": 1585500282.435237, "device_queued": -1, "device_end": -1, "host_queued_end": 1585500282.479583}, "device": "cpu", "nd_range": {"device_start": 2168056.669269584, "device_end": 2168056.669270176}, "cmdq": 1, "read": {"device_start": -1, "device_end": -1}}, "empty35": {"write": {"device_start": -1, "host_queued_start": 1585500282.432015, "device_queued": -1, "device_end": -1, "host_queued_end": 1585500282.479583}, "device": "cpu", "nd_range": {"device_start": 2168056.6692635193, "device_end": 2168056.66926445}, "cmdq": 0, "read": {"device_start": -1, "device_end": -1}}, "empty53": {"write": {"device_start": -1, "host_queued_start": 1585500282.433619, "device_queued": -1, "device_end": -1, "host_queued_end": 1585500282.479583}, "device": "cpu", "nd_range": {"device_start": 2168056.669426088, "device_end": 2168056.669429316}, "cmdq": 2, "read": {"device_start": -1, "device_end": -1}}, "FFC_sans_bias46": {"write": {"device_start": -1, "host_queued_start": 1585500282.453352, "device_queued": -1, "device_end": -1, "host_queued_end": 1585500282.479583}, "device": "cpu", "nd_range": {"device_start": 2168056.7281992463, "device_end": 2168056.7396536423}, "cmdq": 0, "read": {"device_start": -1, "device_end": -1}}, "coalesced_transpose66": {"write": {"device_start": -1, "host_queued_start": 1585500282.463414, "device_queued": -1, "device_end": -1, "host_queued_end": 1585500282.479583}, "device": "cpu", "nd_range": {"device_start": 2168056.7702336903, "device_end": 2168056.770454451}, "cmdq": 0, "read": {"device_start": -1, "device_end": -1}}, "coalesced_transpose48": {"write": {"device_start": -1, "host_queued_start": 1585500282.462747, "device_queued": -1, "device_end": -1, "host_queued_end": 1585500282.479583}, "device": "cpu", "nd_range": {"device_start": 2168056.784103348, "device_end": 2168056.784348037}, "cmdq": 1, "read": {"device_start": -1, "device_end": -1}}}