{"FFC_sans_bias60": {"write": {"device_start": -1, "host_queued_start": 1585500554.229844, "device_queued": -1, "device_end": -1, "host_queued_end": 1585500554.232346}, "device": "gpu", "nd_range": {"device_start": 1585500491.3078523, "device_end": 1585500491.3084612}, "cmdq": 4, "read": {"device_start": -1, "device_end": -1}}, "FFC_sans_bias4": {"write": {"device_start": -1, "host_queued_start": 1585500554.259506, "device_queued": -1, "device_end": -1, "host_queued_end": 1585500554.271094}, "device": "cpu", "nd_range": {"device_start": 2168328.545765275, "device_end": 2168328.563528709}, "cmdq": 2, "read": {"device_start": -1, "device_end": -1}}, "FFC_sans_bias7": {"write": {"device_start": -1, "host_queued_start": 1585500554.266032, "device_queued": -1, "device_end": -1, "host_queued_end": 1585500554.271094}, "device": "cpu", "nd_range": {"device_start": 2168328.595667437, "device_end": 2168328.6095079463}, "cmdq": 0, "read": {"device_start": -1, "device_end": -1}}, "FFC_sans_bias6": {"write": {"device_start": -1, "host_queued_start": 1585500554.263294, "device_queued": -1, "device_end": -1, "host_queued_end": 1585500554.271094}, "device": "cpu", "nd_range": {"device_start": 2168328.572194564, "device_end": 2168328.587725832}, "cmdq": 2, "read": {"device_start": -1, "device_end": -1}}, "FFC_sans_bias1": {"write": {"device_start": -1, "host_queued_start": 1585500554.240249, "device_queued": -1, "device_end": -1, "host_queued_end": 1585500554.271094}, "device": "cpu", "nd_range": {"device_start": 2168328.4607611382, "device_end": 2168328.475924637}, "cmdq": 3, "read": {"device_start": -1, "device_end": -1}}, "FFC_sans_bias0": {"write": {"device_start": -1, "host_queued_start": 1585500554.239144, "device_queued": -1, "device_end": -1, "host_queued_end": 1585500554.271094}, "device": "cpu", "nd_range": {"device_start": 2168328.46097677, "device_end": 2168328.476153408}, "cmdq": 2, "read": {"device_start": -1, "device_end": -1}}, "FFC_sans_bias2": {"write": {"device_start": -1, "host_queued_start": 1585500554.241304, "device_queued": -1, "device_end": -1, "host_queued_end": 1585500554.271094}, "device": "cpu", "nd_range": {"device_start": 2168328.4607551172, "device_end": 2168328.4763956303}, "cmdq": 0, "read": {"device_start": -1, "device_end": -1}}, "FFC_sans_bias61": {"write": {"device_start": 1585500491.3079276, "host_queued_start": 1585500554.231198, "device_queued": 1585500491.304697, "device_end": 1585500491.3079932, "host_queued_end": 1585500554.232346}, "device": "gpu", "nd_range": {"device_start": 1585500491.3084638, "device_end": 1585500491.3094232}, "cmdq": 1, "read": {"device_start": 1585500491.309426, "device_end": 1585500491.30945}}, "FFC_sans_bias52": {"write": {"device_start": -1, "host_queued_start": 1585500554.27105, "device_queued": -1, "device_end": -1, "host_queued_end": 1585500554.271094}, "device": "cpu", "nd_range": {"device_start": 2168328.611229437, "device_end": 2168328.622829957}, "cmdq": 1, "read": {"device_start": -1, "device_end": -1}}, "FFC_sans_bias9": {"write": {"device_start": -1, "host_queued_start": 1585500554.242343, "device_queued": -1, "device_end": -1, "host_queued_end": 1585500554.271094}, "device": "cpu", "nd_range": {"device_start": 2168328.4607430743, "device_end": 2168328.47695968}, "cmdq": 1, "read": {"device_start": -1, "device_end": -1}}, "coalesced_transpose39": {"write": {"device_start": -1, "host_queued_start": 1585500554.258826, "device_queued": -1, "device_end": -1, "host_queued_end": 1585500554.271094}, "device": "cpu", "nd_range": {"device_start": 2168328.54574423, "device_end": 2168328.5460041063}, "cmdq": 0, "read": {"device_start": -1, "device_end": -1}}, "FFC_sans_bias55": {"write": {"device_start": 1585500491.3038313, "host_queued_start": 1585500554.224395, "device_queued": 1585500491.3037295, "device_end": 1585500491.3038592, "host_queued_end": 1585500554.232346}, "device": "gpu", "nd_range": {"device_start": 1585500491.3038712, "device_end": 1585500491.3054104}, "cmdq": 4, "read": {"device_start": -1, "device_end": -1}}, "FFC_sans_bias54": {"write": {"device_start": 1585500491.3037362, "host_queued_start": 1585500554.223338, "device_queued": 1585500491.3034842, "device_end": 1585500491.303799, "host_queued_end": 1585500554.232346}, "device": "gpu", "nd_range": {"device_start": 1585500491.3038476, "device_end": 1585500491.304835}, "cmdq": 3, "read": {"device_start": -1, "device_end": -1}}, "FFC_sans_bias56": {"write": {"device_start": 1585500491.3036532, "host_queued_start": 1585500554.222206, "device_queued": 1585500491.3034582, "device_end": 1585500491.3037052, "host_queued_end": 1585500554.232346}, "device": "gpu", "nd_range": {"device_start": 1585500491.3038182, "device_end": 1585500491.3044276}, "cmdq": 2, "read": {"device_start": -1, "device_end": -1}}, "FFC_sans_bias51": {"write": {"device_start": -1, "host_queued_start": 1585500554.264995, "device_queued": -1, "device_end": -1, "host_queued_end": 1585500554.271094}, "device": "cpu", "nd_range": {"device_start": 2168328.5766308913, "device_end": 2168328.591951466}, "cmdq": 3, "read": {"device_start": -1, "device_end": -1}}, "softmax23": {"write": {"device_start": -1, "host_queued_start": 1585500554.262079, "device_queued": -1, "device_end": -1, "host_queued_end": 1585500554.271094}, "device": "cpu", "nd_range": {"device_start": 2168328.571968932, "device_end": 2168328.5721868724}, "cmdq": 2, "read": {"device_start": -1, "device_end": -1}}, "FFC_sans_bias37": {"write": {"device_start": -1, "host_queued_start": 1585500554.252868, "device_queued": -1, "device_end": -1, "host_queued_end": 1585500554.271094}, "device": "cpu", "nd_range": {"device_start": 2168328.506383759, "device_end": 2168328.521586968}, "cmdq": 3, "read": {"device_start": -1, "device_end": -1}}, "empty62": {"write": {"device_start": 1585500491.3034146, "host_queued_start": 1585500554.220167, "device_queued": 1585500491.3032756, "device_end": 1585500491.3034418, "host_queued_end": 1585500554.232346}, "device": "gpu", "nd_range": {"device_start": 1585500491.303487, "device_end": 1585500491.3034923}, "cmdq": 0, "read": {"device_start": -1, "device_end": -1}}, "FFC_sans_bias70": {"write": {"device_start": 1585500491.3080065, "host_queued_start": 1585500554.232244, "device_queued": 1585500491.3047247, "device_end": 1585500491.3080378, "host_queued_end": 1585500554.232346}, "device": "gpu", "nd_range": {"device_start": 1585500491.3088775, "device_end": 1585500491.309853}, "cmdq": 2, "read": {"device_start": 1585500491.3098545, "device_end": 1585500491.309878}}, "FFC_sans_bias58": {"write": {"device_start": -1, "host_queued_start": 1585500554.228702, "device_queued": -1, "device_end": -1, "host_queued_end": 1585500554.232346}, "device": "gpu", "nd_range": {"device_start": 1585500491.3066697, "device_end": 1585500491.30732}, "cmdq": 0, "read": {"device_start": -1, "device_end": -1}}, "softmax41": {"write": {"device_start": -1, "host_queued_start": 1585500554.262661, "device_queued": -1, "device_end": -1, "host_queued_end": 1585500554.271094}, "device": "cpu", "nd_range": {"device_start": 2168328.576461884, "device_end": 2168328.576782883}, "cmdq": 0, "read": {"device_start": -1, "device_end": -1}}, "FFC_sans_bias11": {"write": {"device_start": -1, "host_queued_start": 1585500554.244456, "device_queued": -1, "device_end": -1, "host_queued_end": 1585500554.271094}, "device": "cpu", "nd_range": {"device_start": 2168328.475933234, "device_end": 2168328.491050216}, "cmdq": 3, "read": {"device_start": -1, "device_end": -1}}, "FFC_sans_bias10": {"write": {"device_start": -1, "host_queued_start": 1585500554.243392, "device_queued": -1, "device_end": -1, "host_queued_end": 1585500554.271094}, "device": "cpu", "nd_range": {"device_start": 2168328.476283315, "device_end": 2168328.4914598754}, "cmdq": 2, "read": {"device_start": -1, "device_end": -1}}, "coalesced_transpose3": {"write": {"device_start": -1, "host_queued_start": 1585500554.25741, "device_queued": -1, "device_end": -1, "host_queued_end": 1585500554.271094}, "device": "cpu", "nd_range": {"device_start": 2168328.545369135, "device_end": 2168328.545629026}, "cmdq": 0, "read": {"device_start": -1, "device_end": -1}}, "FFC_sans_bias34": {"write": {"device_start": -1, "host_queued_start": 1585500554.269062, "device_queued": -1, "device_end": -1, "host_queued_end": 1585500554.271094}, "device": "cpu", "nd_range": {"device_start": 2168328.5955293723, "device_end": 2168328.607457607}, "cmdq": 3, "read": {"device_start": -1, "device_end": -1}}, "FFC_sans_bias15": {"write": {"device_start": -1, "host_queued_start": 1585500554.263633, "device_queued": -1, "device_end": -1, "host_queued_end": 1585500554.271094}, "device": "cpu", "nd_range": {"device_start": 2168328.5672585373, "device_end": 2168328.576623096}, "cmdq": 3, "read": {"device_start": -1, "device_end": -1}}, "FFC_sans_bias31": {"write": {"device_start": -1, "host_queued_start": 1585500554.26054, "device_queued": -1, "device_end": -1, "host_queued_end": 1585500554.271094}, "device": "cpu", "nd_range": {"device_start": 2168328.545236097, "device_end": 2168328.560535673}, "cmdq": 1, "read": {"device_start": -1, "device_end": -1}}, "FFC_sans_bias16": {"write": {"device_start": -1, "host_queued_start": 1585500554.267026, "device_queued": -1, "device_end": -1, "host_queued_end": 1585500554.271094}, "device": "cpu", "nd_range": {"device_start": 2168328.595459733, "device_end": 2168328.611223938}, "cmdq": 1, "read": {"device_start": -1, "device_end": -1}}, "FFC_sans_bias19": {"write": {"device_start": -1, "host_queued_start": 1585500554.24653, "device_queued": -1, "device_end": -1, "host_queued_end": 1585500554.271094}, "device": "cpu", "nd_range": {"device_start": 2168328.4770762012, "device_end": 2168328.493411481}, "cmdq": 1, "read": {"device_start": -1, "device_end": -1}}, "FFC_sans_bias18": {"write": {"device_start": -1, "host_queued_start": 1585500554.245492, "device_queued": -1, "device_end": -1, "host_queued_end": 1585500554.271094}, "device": "cpu", "nd_range": {"device_start": 2168328.4798906273, "device_end": 2168328.5086892773}, "cmdq": 0, "read": {"device_start": -1, "device_end": -1}}, "coalesced_transpose30": {"write": {"device_start": -1, "host_queued_start": 1585500554.258399, "device_queued": -1, "device_end": -1, "host_queued_end": 1585500554.271094}, "device": "cpu", "nd_range": {"device_start": 2168328.537575608, "device_end": 2168328.53781781}, "cmdq": 3, "read": {"device_start": -1, "device_end": -1}}, "FFC_sans_bias69": {"write": {"device_start": -1, "host_queued_start": 1585500554.230161, "device_queued": -1, "device_end": -1, "host_queued_end": 1585500554.232346}, "device": "gpu", "nd_range": {"device_start": 1585500491.3081243, "device_end": 1585500491.3088732}, "cmdq": 0, "read": {"device_start": -1, "device_end": -1}}, "FFC_sans_bias38": {"write": {"device_start": -1, "host_queued_start": 1585500554.253915, "device_queued": -1, "device_end": -1, "host_queued_end": 1585500554.271094}, "device": "cpu", "nd_range": {"device_start": 2168328.537578244, "device_end": 2168328.54525258}, "cmdq": 0, "read": {"device_start": -1, "device_end": -1}}, "coalesced_transpose57": {"write": {"device_start": -1, "host_queued_start": 1585500554.227886, "device_queued": -1, "device_end": -1, "host_queued_end": 1585500554.232346}, "device": "gpu", "nd_range": {"device_start": 1585500491.3054147, "device_end": 1585500491.3066626}, "cmdq": 3, "read": {"device_start": -1, "device_end": -1}}, "empty26": {"write": {"device_start": -1, "host_queued_start": 1585500554.235586, "device_queued": -1, "device_end": -1, "host_queued_end": 1585500554.271094}, "device": "cpu", "nd_range": {"device_start": 2168328.4607040463, "device_end": 2168328.460716166}, "cmdq": 2, "read": {"device_start": -1, "device_end": -1}}, "coalesced_transpose12": {"write": {"device_start": -1, "host_queued_start": 1585500554.257742, "device_queued": -1, "device_end": -1, "host_queued_end": 1585500554.271094}, "device": "cpu", "nd_range": {"device_start": 2168328.526263399, "device_end": 2168328.5265156343}, "cmdq": 1, "read": {"device_start": -1, "device_end": -1}}, "empty44": {"write": {"device_start": -1, "host_queued_start": 1585500554.237257, "device_queued": -1, "device_end": -1, "host_queued_end": 1585500554.271094}, "device": "cpu", "nd_range": {"device_start": 2168328.460747513, "device_end": 2168328.460749038}, "cmdq": 0, "read": {"device_start": -1, "device_end": -1}}, "coalesced_transpose21": {"write": {"device_start": -1, "host_queued_start": 1585500554.258074, "device_queued": -1, "device_end": -1, "host_queued_end": 1585500554.271094}, "device": "cpu", "nd_range": {"device_start": 2168328.534515486, "device_end": 2168328.534782911}, "cmdq": 2, "read": {"device_start": -1, "device_end": -1}}, "FFC_sans_bias36": {"write": {"device_start": -1, "host_queued_start": 1585500554.251821, "device_queued": -1, "device_end": -1, "host_queued_end": 1585500554.271094}, "device": "cpu", "nd_range": {"device_start": 2168328.506799225, "device_end": 2168328.522073747}, "cmdq": 2, "read": {"device_start": -1, "device_end": -1}}, "softmax14": {"write": {"device_start": -1, "host_queued_start": 1585500554.261799, "device_queued": -1, "device_end": -1, "host_queued_end": 1585500554.271094}, "device": "cpu", "nd_range": {"device_start": 2168328.5606811224, "device_end": 2168328.560905997}, "cmdq": 1, "read": {"device_start": -1, "device_end": -1}}, "FFC_sans_bias13": {"write": {"device_start": -1, "host_queued_start": 1585500554.259847, "device_queued": -1, "device_end": -1, "host_queued_end": 1585500554.271094}, "device": "cpu", "nd_range": {"device_start": 2168328.537941119, "device_end": 2168328.553301372}, "cmdq": 3, "read": {"device_start": -1, "device_end": -1}}, "empty8": {"write": {"device_start": -1, "host_queued_start": 1585500554.233657, "device_queued": -1, "device_end": -1, "host_queued_end": 1585500554.271094}, "device": "cpu", "nd_range": {"device_start": 2168328.460736379, "device_end": 2168328.460737526}, "cmdq": 0, "read": {"device_start": -1, "device_end": -1}}, "FFC_sans_bias42": {"write": {"device_start": -1, "host_queued_start": 1585500554.264649, "device_queued": -1, "device_end": -1, "host_queued_end": 1585500554.271094}, "device": "cpu", "nd_range": {"device_start": 2168328.5877366113, "device_end": 2168328.608335628}, "cmdq": 2, "read": {"device_start": -1, "device_end": -1}}, "FFC_sans_bias43": {"write": {"device_start": -1, "host_queued_start": 1585500554.270052, "device_queued": -1, "device_end": -1, "host_queued_end": 1585500554.271094}, "device": "cpu", "nd_range": {"device_start": 2168328.609515156, "device_end": 2168328.622428373}, "cmdq": 0, "read": {"device_start": -1, "device_end": -1}}, "FFC_sans_bias40": {"write": {"device_start": -1, "host_queued_start": 1585500554.26088, "device_queued": -1, "device_end": -1, "host_queued_end": 1585500554.271094}, "device": "cpu", "nd_range": {"device_start": 2168328.564169328, "device_end": 2168328.571851892}, "cmdq": 2, "read": {"device_start": -1, "device_end": -1}}, "softmax32": {"write": {"device_start": -1, "host_queued_start": 1585500554.262363, "device_queued": -1, "device_end": -1, "host_queued_end": 1585500554.271094}, "device": "cpu", "nd_range": {"device_start": 2168328.5669347593, "device_end": 2168328.5671507823}, "cmdq": 3, "read": {"device_start": -1, "device_end": -1}}, "FFC_sans_bias47": {"write": {"device_start": -1, "host_queued_start": 1585500554.257083, "device_queued": -1, "device_end": -1, "host_queued_end": 1585500554.271094}, "device": "cpu", "nd_range": {"device_start": 2168328.521722151, "device_end": 2168328.5343465363}, "cmdq": 3, "read": {"device_start": -1, "device_end": -1}}, "FFC_sans_bias45": {"write": {"device_start": -1, "host_queued_start": 1585500554.254987, "device_queued": -1, "device_end": -1, "host_queued_end": 1585500554.271094}, "device": "cpu", "nd_range": {"device_start": 2168328.510488, "device_end": 2168328.5261435993}, "cmdq": 1, "read": {"device_start": -1, "device_end": -1}}, "softmax50": {"write": {"device_start": -1, "host_queued_start": 1585500554.262956, "device_queued": -1, "device_end": -1, "host_queued_end": 1585500554.271094}, "device": "cpu", "nd_range": {"device_start": 2168328.5673992, "device_end": 2168328.569292407}, "cmdq": 1, "read": {"device_start": -1, "device_end": -1}}, "FFC_sans_bias33": {"write": {"device_start": -1, "host_queued_start": 1585500554.26431, "device_queued": -1, "device_end": -1, "host_queued_end": 1585500554.271094}, "device": "cpu", "nd_range": {"device_start": 2168328.569301406, "device_end": 2168328.595448575}, "cmdq": 1, "read": {"device_start": -1, "device_end": -1}}, "FFC_sans_bias63": {"write": {"device_start": 1585500491.3045604, "host_queued_start": 1585500554.227563, "device_queued": 1585500491.304063, "device_end": 1585500491.3045855, "host_queued_end": 1585500554.232346}, "device": "gpu", "nd_range": {"device_start": 1585500491.3045936, "device_end": 1585500491.3068163}, "cmdq": 2, "read": {"device_start": -1, "device_end": -1}}, "FFC_sans_bias49": {"write": {"device_start": -1, "host_queued_start": 1585500554.261225, "device_queued": -1, "device_end": -1, "host_queued_end": 1585500554.271094}, "device": "cpu", "nd_range": {"device_start": 2168328.553427203, "device_end": 2168328.566817262}, "cmdq": 3, "read": {"device_start": -1, "device_end": -1}}, "FFC_sans_bias64": {"write": {"device_start": 1585500491.3040862, "host_queued_start": 1585500554.225466, "device_queued": 1585500491.3039842, "device_end": 1585500491.3041537, "host_queued_end": 1585500554.232346}, "device": "gpu", "nd_range": {"device_start": 1585500491.3041613, "device_end": 1585500491.3058321}, "cmdq": 0, "read": {"device_start": -1, "device_end": -1}}, "FFC_sans_bias65": {"write": {"device_start": 1585500491.3041816, "host_queued_start": 1585500554.226503, "device_queued": 1585500491.3040447, "device_end": 1585500491.3042078, "host_queued_end": 1585500554.232346}, "device": "gpu", "nd_range": {"device_start": 1585500491.3043282, "device_end": 1585500491.3063855}, "cmdq": 1, "read": {"device_start": -1, "device_end": -1}}, "FFC_sans_bias67": {"write": {"device_start": -1, "host_queued_start": 1585500554.229021, "device_queued": -1, "device_end": -1, "host_queued_end": 1585500554.232346}, "device": "gpu", "nd_range": {"device_start": 1585500491.3066828, "device_end": 1585500491.3077807}, "cmdq": 1, "read": {"device_start": -1, "device_end": -1}}, "FFC_sans_bias24": {"write": {"device_start": -1, "host_queued_start": 1585500554.263971, "device_queued": -1, "device_end": -1, "host_queued_end": 1585500554.271094}, "device": "cpu", "nd_range": {"device_start": 2168328.576891106, "device_end": 2168328.595559102}, "cmdq": 0, "read": {"device_start": -1, "device_end": -1}}, "FFC_sans_bias25": {"write": {"device_start": -1, "host_queued_start": 1585500554.268021, "device_queued": -1, "device_end": -1, "host_queued_end": 1585500554.271094}, "device": "cpu", "nd_range": {"device_start": 2168328.6083440743, "device_end": 2168328.616251639}, "cmdq": 2, "read": {"device_start": -1, "device_end": -1}}, "FFC_sans_bias27": {"write": {"device_start": -1, "host_queued_start": 1585500554.248623, "device_queued": -1, "device_end": -1, "host_queued_end": 1585500554.271094}, "device": "cpu", "nd_range": {"device_start": 2168328.4910572683, "device_end": 2168328.5062417723}, "cmdq": 3, "read": {"device_start": -1, "device_end": -1}}, "FFC_sans_bias20": {"write": {"device_start": -1, "host_queued_start": 1585500554.247581, "device_queued": -1, "device_end": -1, "host_queued_end": 1585500554.271094}, "device": "cpu", "nd_range": {"device_start": 2168328.491471136, "device_end": 2168328.5066763563}, "cmdq": 2, "read": {"device_start": -1, "device_end": -1}}, "FFC_sans_bias22": {"write": {"device_start": -1, "host_queued_start": 1585500554.260191, "device_queued": -1, "device_end": -1, "host_queued_end": 1585500554.271094}, "device": "cpu", "nd_range": {"device_start": 2168328.546118387, "device_end": 2168328.562140773}, "cmdq": 0, "read": {"device_start": -1, "device_end": -1}}, "softmax68": {"write": {"device_start": -1, "host_queued_start": 1585500554.229539, "device_queued": -1, "device_end": -1, "host_queued_end": 1585500554.232346}, "device": "gpu", "nd_range": {"device_start": 1585500491.307787, "device_end": 1585500491.308121}, "cmdq": 3, "read": {"device_start": -1, "device_end": -1}}, "softmax5": {"write": {"device_start": -1, "host_queued_start": 1585500554.261515, "device_queued": -1, "device_end": -1, "host_queued_end": 1585500554.271094}, "device": "cpu", "nd_range": {"device_start": 2168328.564222638, "device_end": 2168328.564436703}, "cmdq": 0, "read": {"device_start": -1, "device_end": -1}}, "FFC_sans_bias28": {"write": {"device_start": -1, "host_queued_start": 1585500554.249688, "device_queued": -1, "device_end": -1, "host_queued_end": 1585500554.271094}, "device": "cpu", "nd_range": {"device_start": 2168328.510622411, "device_end": 2168328.5334106833}, "cmdq": 0, "read": {"device_start": -1, "device_end": -1}}, "FFC_sans_bias29": {"write": {"device_start": -1, "host_queued_start": 1585500554.250772, "device_queued": -1, "device_end": -1, "host_queued_end": 1585500554.271094}, "device": "cpu", "nd_range": {"device_start": 2168328.4935282483, "device_end": 2168328.5103664193}, "cmdq": 1, "read": {"device_start": -1, "device_end": -1}}, "empty17": {"write": {"device_start": -1, "host_queued_start": 1585500554.234744, "device_queued": -1, "device_end": -1, "host_queued_end": 1585500554.271094}, "device": "cpu", "nd_range": {"device_start": 2168328.4607041893, "device_end": 2168328.460716099}, "cmdq": 1, "read": {"device_start": -1, "device_end": -1}}, "softmax59": {"write": {"device_start": -1, "host_queued_start": 1585500554.229292, "device_queued": -1, "device_end": -1, "host_queued_end": 1585500554.232346}, "device": "gpu", "nd_range": {"device_start": 1585500491.307328, "device_end": 1585500491.3078423}, "cmdq": 2, "read": {"device_start": -1, "device_end": -1}}, "empty71": {"write": {"device_start": 1585500491.303535, "host_queued_start": 1585500554.221207, "device_queued": 1585500491.3034406, "device_end": 1585500491.3036034, "host_queued_end": 1585500554.232346}, "device": "gpu", "nd_range": {"device_start": 1585500491.3037965, "device_end": 1585500491.3038025}, "cmdq": 1, "read": {"device_start": -1, "device_end": -1}}, "empty35": {"write": {"device_start": -1, "host_queued_start": 1585500554.236425, "device_queued": -1, "device_end": -1, "host_queued_end": 1585500554.271094}, "device": "cpu", "nd_range": {"device_start": 2168328.460739133, "device_end": 2168328.460743417}, "cmdq": 3, "read": {"device_start": -1, "device_end": -1}}, "empty53": {"write": {"device_start": -1, "host_queued_start": 1585500554.238127, "device_queued": -1, "device_end": -1, "host_queued_end": 1585500554.271094}, "device": "cpu", "nd_range": {"device_start": 2168328.4607374873, "device_end": 2168328.460738278}, "cmdq": 1, "read": {"device_start": -1, "device_end": -1}}, "FFC_sans_bias46": {"write": {"device_start": -1, "host_queued_start": 1585500554.25603, "device_queued": -1, "device_end": -1, "host_queued_end": 1585500554.271094}, "device": "cpu", "nd_range": {"device_start": 2168328.522193409, "device_end": 2168328.534346349}, "cmdq": 2, "read": {"device_start": -1, "device_end": -1}}, "coalesced_transpose66": {"write": {"device_start": -1, "host_queued_start": 1585500554.228362, "device_queued": -1, "device_end": -1, "host_queued_end": 1585500554.232346}, "device": "gpu", "nd_range": {"device_start": 1585500491.3058379, "device_end": 1585500491.3066785}, "cmdq": 4, "read": {"device_start": -1, "device_end": -1}}, "coalesced_transpose48": {"write": {"device_start": -1, "host_queued_start": 1585500554.259163, "device_queued": -1, "device_end": -1, "host_queued_end": 1585500554.271094}, "device": "cpu", "nd_range": {"device_start": 2168328.5346028353, "device_end": 2168328.534804723}, "cmdq": 1, "read": {"device_start": -1, "device_end": -1}}}