{"FFC_sans_bias60": {"write": {"device_start": -1, "host_queued_start": 1585500004.762822, "device_queued": -1, "device_end": -1, "host_queued_end": 1585500004.771238}, "device": "cpu", "nd_range": {"device_start": 2167779.15051113, "device_end": 2167779.158305168}, "cmdq": 0, "read": {"device_start": -1, "device_end": -1}}, "FFC_sans_bias4": {"write": {"device_start": -1, "host_queued_start": 1585500004.755588, "device_queued": -1, "device_end": -1, "host_queued_end": 1585500004.771238}, "device": "cpu", "nd_range": {"device_start": 2167779.07555748, "device_end": 2167779.082977989}, "cmdq": 0, "read": {"device_start": -1, "device_end": -1}}, "FFC_sans_bias7": {"write": {"device_start": -1, "host_queued_start": 1585500004.764217, "device_queued": -1, "device_end": -1, "host_queued_end": 1585500004.771238}, "device": "cpu", "nd_range": {"device_start": 2167779.1583117982, "device_end": 2167779.162652785}, "cmdq": 0, "read": {"device_start": -1, "device_end": -1}}, "FFC_sans_bias6": {"write": {"device_start": -1, "host_queued_start": 1585500004.760632, "device_queued": -1, "device_end": -1, "host_queued_end": 1585500004.771238}, "device": "cpu", "nd_range": {"device_start": 2167779.122383771, "device_end": 2167779.130977693}, "cmdq": 0, "read": {"device_start": -1, "device_end": -1}}, "FFC_sans_bias1": {"write": {"device_start": -1, "host_queued_start": 1585500004.729116, "device_queued": -1, "device_end": -1, "host_queued_end": 1585500004.771238}, "device": "cpu", "nd_range": {"device_start": 2167778.960932273, "device_end": 2167778.9697397943}, "cmdq": 1, "read": {"device_start": -1, "device_end": -1}}, "FFC_sans_bias0": {"write": {"device_start": -1, "host_queued_start": 1585500004.728065, "device_queued": -1, "device_end": -1, "host_queued_end": 1585500004.771238}, "device": "cpu", "nd_range": {"device_start": 2167778.96093385, "device_end": 2167778.9688372253}, "cmdq": 0, "read": {"device_start": -1, "device_end": -1}}, "FFC_sans_bias2": {"write": {"device_start": -1, "host_queued_start": 1585500004.730173, "device_queued": -1, "device_end": -1, "host_queued_end": 1585500004.771238}, "device": "cpu", "nd_range": {"device_start": 2167778.968947228, "device_end": 2167778.976546614}, "cmdq": 0, "read": {"device_start": -1, "device_end": -1}}, "FFC_sans_bias61": {"write": {"device_start": -1, "host_queued_start": 1585500004.770186, "device_queued": -1, "device_end": -1, "host_queued_end": 1585500004.771238}, "device": "cpu", "nd_range": {"device_start": 2167779.174387038, "device_end": 2167779.1786895543}, "cmdq": 0, "read": {"device_start": -1, "device_end": -1}}, "FFC_sans_bias52": {"write": {"device_start": -1, "host_queued_start": 1585500004.769194, "device_queued": -1, "device_end": -1, "host_queued_end": 1585500004.771238}, "device": "cpu", "nd_range": {"device_start": 2167779.141009847, "device_end": 2167779.146607302}, "cmdq": 1, "read": {"device_start": -1, "device_end": -1}}, "FFC_sans_bias9": {"write": {"device_start": -1, "host_queued_start": 1585500004.731409, "device_queued": -1, "device_end": -1, "host_queued_end": 1585500004.771238}, "device": "cpu", "nd_range": {"device_start": 2167778.969861439, "device_end": 2167778.9772997983}, "cmdq": 1, "read": {"device_start": -1, "device_end": -1}}, "coalesced_transpose39": {"write": {"device_start": -1, "host_queued_start": 1585500004.754243, "device_queued": -1, "device_end": -1, "host_queued_end": 1585500004.771238}, "device": "cpu", "nd_range": {"device_start": 2167779.074852426, "device_end": 2167779.0751025113}, "cmdq": 0, "read": {"device_start": -1, "device_end": -1}}, "FFC_sans_bias55": {"write": {"device_start": -1, "host_queued_start": 1585500004.749442, "device_queued": -1, "device_end": -1, "host_queued_end": 1585500004.771238}, "device": "cpu", "nd_range": {"device_start": 2167779.0555615933, "device_end": 2167779.064406407}, "cmdq": 0, "read": {"device_start": -1, "device_end": -1}}, "FFC_sans_bias54": {"write": {"device_start": -1, "host_queued_start": 1585500004.748398, "device_queued": -1, "device_end": -1, "host_queued_end": 1585500004.771238}, "device": "cpu", "nd_range": {"device_start": 2167779.035229079, "device_end": 2167779.04288728}, "cmdq": 1, "read": {"device_start": -1, "device_end": -1}}, "FFC_sans_bias56": {"write": {"device_start": -1, "host_queued_start": 1585500004.747356, "device_queued": -1, "device_end": -1, "host_queued_end": 1585500004.771238}, "device": "cpu", "nd_range": {"device_start": 2167779.0476323003, "device_end": 2167779.055451164}, "cmdq": 0, "read": {"device_start": -1, "device_end": -1}}, "FFC_sans_bias51": {"write": {"device_start": -1, "host_queued_start": 1585500004.762467, "device_queued": -1, "device_end": -1, "host_queued_end": 1585500004.771238}, "device": "cpu", "nd_range": {"device_start": 2167779.108827177, "device_end": 2167779.1140459334}, "cmdq": 1, "read": {"device_start": -1, "device_end": -1}}, "softmax23": {"write": {"device_start": -1, "host_queued_start": 1585500004.758921, "device_queued": -1, "device_end": -1, "host_queued_end": 1585500004.771238}, "device": "cpu", "nd_range": {"device_start": 2167779.122024787, "device_end": 2167779.122142467}, "cmdq": 0, "read": {"device_start": -1, "device_end": -1}}, "FFC_sans_bias37": {"write": {"device_start": -1, "host_queued_start": 1585500004.742047, "device_queued": -1, "device_end": -1, "host_queued_end": 1585500004.771238}, "device": "cpu", "nd_range": {"device_start": 2167779.006184676, "device_end": 2167779.014065347}, "cmdq": 1, "read": {"device_start": -1, "device_end": -1}}, "empty62": {"write": {"device_start": -1, "host_queued_start": 1585500004.726243, "device_queued": -1, "device_end": -1, "host_queued_end": 1585500004.771238}, "device": "cpu", "nd_range": {"device_start": 2167778.960927687, "device_end": 2167778.960928568}, "cmdq": 0, "read": {"device_start": -1, "device_end": -1}}, "FFC_sans_bias70": {"write": {"device_start": -1, "host_queued_start": 1585500004.771193, "device_queued": -1, "device_end": -1, "host_queued_end": 1585500004.771238}, "device": "cpu", "nd_range": {"device_start": 2167779.1466146964, "device_end": 2167779.1564009683}, "cmdq": 1, "read": {"device_start": -1, "device_end": -1}}, "FFC_sans_bias58": {"write": {"device_start": -1, "host_queued_start": 1585500004.757725, "device_queued": -1, "device_end": -1, "host_queued_end": 1585500004.771238}, "device": "cpu", "nd_range": {"device_start": 2167779.114052146, "device_end": 2167779.1218780363}, "cmdq": 0, "read": {"device_start": -1, "device_end": -1}}, "softmax41": {"write": {"device_start": -1, "host_queued_start": 1585500004.759465, "device_queued": -1, "device_end": -1, "host_queued_end": 1585500004.771238}, "device": "cpu", "nd_range": {"device_start": 2167779.1221472, "device_end": 2167779.1222643703}, "cmdq": 0, "read": {"device_start": -1, "device_end": -1}}, "FFC_sans_bias11": {"write": {"device_start": -1, "host_queued_start": 1585500004.73352, "device_queued": -1, "device_end": -1, "host_queued_end": 1585500004.771238}, "device": "cpu", "nd_range": {"device_start": 2167778.977307638, "device_end": 2167778.9840491423}, "cmdq": 1, "read": {"device_start": -1, "device_end": -1}}, "FFC_sans_bias10": {"write": {"device_start": -1, "host_queued_start": 1585500004.732462, "device_queued": -1, "device_end": -1, "host_queued_end": 1585500004.771238}, "device": "cpu", "nd_range": {"device_start": 2167778.979836963, "device_end": 2167778.9867781503}, "cmdq": 0, "read": {"device_start": -1, "device_end": -1}}, "coalesced_transpose3": {"write": {"device_start": -1, "host_queued_start": 1585500004.752919, "device_queued": -1, "device_end": -1, "host_queued_end": 1585500004.771238}, "device": "cpu", "nd_range": {"device_start": 2167779.0741383852, "device_end": 2167779.074392452}, "cmdq": 0, "read": {"device_start": -1, "device_end": -1}}, "FFC_sans_bias34": {"write": {"device_start": -1, "host_queued_start": 1585500004.767204, "device_queued": -1, "device_end": -1, "host_queued_end": 1585500004.771238}, "device": "cpu", "nd_range": {"device_start": 2167779.133626345, "device_end": 2167779.141006677}, "cmdq": 1, "read": {"device_start": -1, "device_end": -1}}, "FFC_sans_bias15": {"write": {"device_start": -1, "host_queued_start": 1585500004.760974, "device_queued": -1, "device_end": -1, "host_queued_end": 1585500004.771238}, "device": "cpu", "nd_range": {"device_start": 2167779.0951879392, "device_end": 2167779.101801372}, "cmdq": 1, "read": {"device_start": -1, "device_end": -1}}, "FFC_sans_bias31": {"write": {"device_start": -1, "host_queued_start": 1585500004.756614, "device_queued": -1, "device_end": -1, "host_queued_end": 1585500004.771238}, "device": "cpu", "nd_range": {"device_start": 2167779.068614943, "device_end": 2167779.079742481}, "cmdq": 1, "read": {"device_start": -1, "device_end": -1}}, "FFC_sans_bias16": {"write": {"device_start": -1, "host_queued_start": 1585500004.765215, "device_queued": -1, "device_end": -1, "host_queued_end": 1585500004.771238}, "device": "cpu", "nd_range": {"device_start": 2167779.122528958, "device_end": 2167779.133620711}, "cmdq": 1, "read": {"device_start": -1, "device_end": -1}}, "FFC_sans_bias19": {"write": {"device_start": -1, "host_queued_start": 1585500004.735644, "device_queued": -1, "device_end": -1, "host_queued_end": 1585500004.771238}, "device": "cpu", "nd_range": {"device_start": 2167778.9841652573, "device_end": 2167778.990737791}, "cmdq": 1, "read": {"device_start": -1, "device_end": -1}}, "FFC_sans_bias18": {"write": {"device_start": -1, "host_queued_start": 1585500004.734564, "device_queued": -1, "device_end": -1, "host_queued_end": 1585500004.771238}, "device": "cpu", "nd_range": {"device_start": 2167778.993842056, "device_end": 2167779.006177832}, "cmdq": 0, "read": {"device_start": -1, "device_end": -1}}, "coalesced_transpose30": {"write": {"device_start": -1, "host_queued_start": 1585500004.753912, "device_queued": -1, "device_end": -1, "host_queued_end": 1585500004.771238}, "device": "cpu", "nd_range": {"device_start": 2167779.059942733, "device_end": 2167779.060199203}, "cmdq": 1, "read": {"device_start": -1, "device_end": -1}}, "FFC_sans_bias69": {"write": {"device_start": -1, "host_queued_start": 1585500004.763162, "device_queued": -1, "device_end": -1, "host_queued_end": 1585500004.771238}, "device": "cpu", "nd_range": {"device_start": 2167779.114257946, "device_end": 2167779.1222463814}, "cmdq": 1, "read": {"device_start": -1, "device_end": -1}}, "FFC_sans_bias38": {"write": {"device_start": -1, "host_queued_start": 1585500004.74313, "device_queued": -1, "device_end": -1, "host_queued_end": 1585500004.771238}, "device": "cpu", "nd_range": {"device_start": 2167779.0277102133, "device_end": 2167779.035740829}, "cmdq": 0, "read": {"device_start": -1, "device_end": -1}}, "coalesced_transpose57": {"write": {"device_start": -1, "host_queued_start": 1585500004.754913, "device_queued": -1, "device_end": -1, "host_queued_end": 1585500004.771238}, "device": "cpu", "nd_range": {"device_start": 2167779.075208956, "device_end": 2167779.075453918}, "cmdq": 0, "read": {"device_start": -1, "device_end": -1}}, "empty26": {"write": {"device_start": -1, "host_queued_start": 1585500004.723028, "device_queued": -1, "device_end": -1, "host_queued_end": 1585500004.771238}, "device": "cpu", "nd_range": {"device_start": 2167778.9609138123, "device_end": 2167778.960914901}, "cmdq": 0, "read": {"device_start": -1, "device_end": -1}}, "coalesced_transpose12": {"write": {"device_start": -1, "host_queued_start": 1585500004.753249, "device_queued": -1, "device_end": -1, "host_queued_end": 1585500004.771238}, "device": "cpu", "nd_range": {"device_start": 2167779.059577749, "device_end": 2167779.0598328123}, "cmdq": 1, "read": {"device_start": -1, "device_end": -1}}, "empty44": {"write": {"device_start": -1, "host_queued_start": 1585500004.724638, "device_queued": -1, "device_end": -1, "host_queued_end": 1585500004.771238}, "device": "cpu", "nd_range": {"device_start": 2167778.960921585, "device_end": 2167778.9609224973}, "cmdq": 0, "read": {"device_start": -1, "device_end": -1}}, "coalesced_transpose21": {"write": {"device_start": -1, "host_queued_start": 1585500004.75358, "device_queued": -1, "device_end": -1, "host_queued_end": 1585500004.771238}, "device": "cpu", "nd_range": {"device_start": 2167779.074498054, "device_end": 2167779.074748517}, "cmdq": 0, "read": {"device_start": -1, "device_end": -1}}, "FFC_sans_bias36": {"write": {"device_start": -1, "host_queued_start": 1585500004.740978, "device_queued": -1, "device_end": -1, "host_queued_end": 1585500004.771238}, "device": "cpu", "nd_range": {"device_start": 2167779.019992792, "device_end": 2167779.02759304}, "cmdq": 0, "read": {"device_start": -1, "device_end": -1}}, "softmax14": {"write": {"device_start": -1, "host_queued_start": 1585500004.758633, "device_queued": -1, "device_end": -1, "host_queued_end": 1585500004.771238}, "device": "cpu", "nd_range": {"device_start": 2167779.094643497, "device_end": 2167779.094737614}, "cmdq": 1, "read": {"device_start": -1, "device_end": -1}}, "FFC_sans_bias13": {"write": {"device_start": -1, "host_queued_start": 1585500004.755932, "device_queued": -1, "device_end": -1, "host_queued_end": 1585500004.771238}, "device": "cpu", "nd_range": {"device_start": 2167779.0610083593, "device_end": 2167779.068499545}, "cmdq": 1, "read": {"device_start": -1, "device_end": -1}}, "empty8": {"write": {"device_start": -1, "host_queued_start": 1585500004.721134, "device_queued": -1, "device_end": -1, "host_queued_end": 1585500004.771238}, "device": "cpu", "nd_range": {"device_start": 2167778.9608806763, "device_end": 2167778.9608930224}, "cmdq": 0, "read": {"device_start": -1, "device_end": -1}}, "FFC_sans_bias42": {"write": {"device_start": -1, "host_queued_start": 1585500004.762118, "device_queued": -1, "device_end": -1, "host_queued_end": 1585500004.771238}, "device": "cpu", "nd_range": {"device_start": 2167779.143865989, "device_end": 2167779.150505323}, "cmdq": 0, "read": {"device_start": -1, "device_end": -1}}, "FFC_sans_bias43": {"write": {"device_start": -1, "host_queued_start": 1585500004.768198, "device_queued": -1, "device_end": -1, "host_queued_end": 1585500004.771238}, "device": "cpu", "nd_range": {"device_start": 2167779.167428803, "device_end": 2167779.17438211}, "cmdq": 0, "read": {"device_start": -1, "device_end": -1}}, "FFC_sans_bias40": {"write": {"device_start": -1, "host_queued_start": 1585500004.756956, "device_queued": -1, "device_end": -1, "host_queued_end": 1585500004.771238}, "device": "cpu", "nd_range": {"device_start": 2167779.096186301, "device_end": 2167779.114045943}, "cmdq": 0, "read": {"device_start": -1, "device_end": -1}}, "softmax32": {"write": {"device_start": -1, "host_queued_start": 1585500004.759193, "device_queued": -1, "device_end": -1, "host_queued_end": 1585500004.771238}, "device": "cpu", "nd_range": {"device_start": 2167779.094745379, "device_end": 2167779.0948262843}, "cmdq": 1, "read": {"device_start": -1, "device_end": -1}}, "FFC_sans_bias47": {"write": {"device_start": -1, "host_queued_start": 1585500004.746273, "device_queued": -1, "device_end": -1, "host_queued_end": 1585500004.771238}, "device": "cpu", "nd_range": {"device_start": 2167779.024375637, "device_end": 2167779.035106488}, "cmdq": 1, "read": {"device_start": -1, "device_end": -1}}, "FFC_sans_bias45": {"write": {"device_start": -1, "host_queued_start": 1585500004.744175, "device_queued": -1, "device_end": -1, "host_queued_end": 1585500004.771238}, "device": "cpu", "nd_range": {"device_start": 2167779.014218002, "device_end": 2167779.0242552743}, "cmdq": 1, "read": {"device_start": -1, "device_end": -1}}, "softmax50": {"write": {"device_start": -1, "host_queued_start": 1585500004.759737, "device_queued": -1, "device_end": -1, "host_queued_end": 1585500004.771238}, "device": "cpu", "nd_range": {"device_start": 2167779.094837042, "device_end": 2167779.0949290614}, "cmdq": 1, "read": {"device_start": -1, "device_end": -1}}, "FFC_sans_bias33": {"write": {"device_start": -1, "host_queued_start": 1585500004.761731, "device_queued": -1, "device_end": -1, "host_queued_end": 1585500004.771238}, "device": "cpu", "nd_range": {"device_start": 2167779.101922561, "device_end": 2167779.108707033}, "cmdq": 1, "read": {"device_start": -1, "device_end": -1}}, "FFC_sans_bias63": {"write": {"device_start": -1, "host_queued_start": 1585500004.752583, "device_queued": -1, "device_end": -1, "host_queued_end": 1585500004.771238}, "device": "cpu", "nd_range": {"device_start": 2167779.0508376453, "device_end": 2167779.0594629142}, "cmdq": 1, "read": {"device_start": -1, "device_end": -1}}, "FFC_sans_bias49": {"write": {"device_start": -1, "host_queued_start": 1585500004.757378, "device_queued": -1, "device_end": -1, "host_queued_end": 1585500004.771238}, "device": "cpu", "nd_range": {"device_start": 2167779.0798565852, "device_end": 2167779.0881997813}, "cmdq": 1, "read": {"device_start": -1, "device_end": -1}}, "FFC_sans_bias64": {"write": {"device_start": -1, "host_queued_start": 1585500004.75049, "device_queued": -1, "device_end": -1, "host_queued_end": 1585500004.771238}, "device": "cpu", "nd_range": {"device_start": 2167779.043003925, "device_end": 2167779.050715969}, "cmdq": 1, "read": {"device_start": -1, "device_end": -1}}, "FFC_sans_bias65": {"write": {"device_start": -1, "host_queued_start": 1585500004.751544, "device_queued": -1, "device_end": -1, "host_queued_end": 1585500004.771238}, "device": "cpu", "nd_range": {"device_start": 2167779.0645188633, "device_end": 2167779.074023298}, "cmdq": 0, "read": {"device_start": -1, "device_end": -1}}, "FFC_sans_bias67": {"write": {"device_start": -1, "host_queued_start": 1585500004.758073, "device_queued": -1, "device_end": -1, "host_queued_end": 1585500004.771238}, "device": "cpu", "nd_range": {"device_start": 2167779.0883172113, "device_end": 2167779.0945315743}, "cmdq": 1, "read": {"device_start": -1, "device_end": -1}}, "FFC_sans_bias24": {"write": {"device_start": -1, "host_queued_start": 1585500004.761355, "device_queued": -1, "device_end": -1, "host_queued_end": 1585500004.771238}, "device": "cpu", "nd_range": {"device_start": 2167779.1309851063, "device_end": 2167779.143859799}, "cmdq": 0, "read": {"device_start": -1, "device_end": -1}}, "FFC_sans_bias25": {"write": {"device_start": -1, "host_queued_start": 1585500004.766206, "device_queued": -1, "device_end": -1, "host_queued_end": 1585500004.771238}, "device": "cpu", "nd_range": {"device_start": 2167779.162655841, "device_end": 2167779.1674258253}, "cmdq": 0, "read": {"device_start": -1, "device_end": -1}}, "FFC_sans_bias27": {"write": {"device_start": -1, "host_queued_start": 1585500004.737747, "device_queued": -1, "device_end": -1, "host_queued_end": 1585500004.771238}, "device": "cpu", "nd_range": {"device_start": 2167778.9907457163, "device_end": 2167778.998101153}, "cmdq": 1, "read": {"device_start": -1, "device_end": -1}}, "FFC_sans_bias20": {"write": {"device_start": -1, "host_queued_start": 1585500004.736695, "device_queued": -1, "device_end": -1, "host_queued_end": 1585500004.771238}, "device": "cpu", "nd_range": {"device_start": 2167779.006185896, "device_end": 2167779.014037259}, "cmdq": 0, "read": {"device_start": -1, "device_end": -1}}, "FFC_sans_bias22": {"write": {"device_start": -1, "host_queued_start": 1585500004.756272, "device_queued": -1, "device_end": -1, "host_queued_end": 1585500004.771238}, "device": "cpu", "nd_range": {"device_start": 2167779.083087868, "device_end": 2167779.0961765773}, "cmdq": 0, "read": {"device_start": -1, "device_end": -1}}, "softmax68": {"write": {"device_start": -1, "host_queued_start": 1585500004.760291, "device_queued": -1, "device_end": -1, "host_queued_end": 1585500004.771238}, "device": "cpu", "nd_range": {"device_start": 2167779.094937324, "device_end": 2167779.095083495}, "cmdq": 1, "read": {"device_start": -1, "device_end": -1}}, "softmax5": {"write": {"device_start": -1, "host_queued_start": 1585500004.758354, "device_queued": -1, "device_end": -1, "host_queued_end": 1585500004.771238}, "device": "cpu", "nd_range": {"device_start": 2167779.1218844843, "device_end": 2167779.122019148}, "cmdq": 0, "read": {"device_start": -1, "device_end": -1}}, "FFC_sans_bias28": {"write": {"device_start": -1, "host_queued_start": 1585500004.73886, "device_queued": -1, "device_end": -1, "host_queued_end": 1585500004.771238}, "device": "cpu", "nd_range": {"device_start": 2167779.014079716, "device_end": 2167779.0198792033}, "cmdq": 0, "read": {"device_start": -1, "device_end": -1}}, "FFC_sans_bias29": {"write": {"device_start": -1, "host_queued_start": 1585500004.739912, "device_queued": -1, "device_end": -1, "host_queued_end": 1585500004.771238}, "device": "cpu", "nd_range": {"device_start": 2167778.998224787, "device_end": 2167779.006178006}, "cmdq": 1, "read": {"device_start": -1, "device_end": -1}}, "empty17": {"write": {"device_start": -1, "host_queued_start": 1585500004.722162, "device_queued": -1, "device_end": -1, "host_queued_end": 1585500004.771238}, "device": "cpu", "nd_range": {"device_start": 2167778.9608807303, "device_end": 2167778.960893018}, "cmdq": 1, "read": {"device_start": -1, "device_end": -1}}, "softmax59": {"write": {"device_start": -1, "host_queued_start": 1585500004.760015, "device_queued": -1, "device_end": -1, "host_queued_end": 1585500004.771238}, "device": "cpu", "nd_range": {"device_start": 2167779.12226964, "device_end": 2167779.122379615}, "cmdq": 0, "read": {"device_start": -1, "device_end": -1}}, "empty71": {"write": {"device_start": -1, "host_queued_start": 1585500004.72709, "device_queued": -1, "device_end": -1, "host_queued_end": 1585500004.771238}, "device": "cpu", "nd_range": {"device_start": 2167778.960926752, "device_end": 2167778.9609273393}, "cmdq": 1, "read": {"device_start": -1, "device_end": -1}}, "empty35": {"write": {"device_start": -1, "host_queued_start": 1585500004.723834, "device_queued": -1, "device_end": -1, "host_queued_end": 1585500004.771238}, "device": "cpu", "nd_range": {"device_start": 2167778.9609140633, "device_end": 2167778.960915211}, "cmdq": 1, "read": {"device_start": -1, "device_end": -1}}, "empty53": {"write": {"device_start": -1, "host_queued_start": 1585500004.72544, "device_queued": -1, "device_end": -1, "host_queued_end": 1585500004.771238}, "device": "cpu", "nd_range": {"device_start": 2167778.9609217113, "device_end": 2167778.960922303}, "cmdq": 1, "read": {"device_start": -1, "device_end": -1}}, "FFC_sans_bias46": {"write": {"device_start": -1, "host_queued_start": 1585500004.745221, "device_queued": -1, "device_end": -1, "host_queued_end": 1585500004.771238}, "device": "cpu", "nd_range": {"device_start": 2167779.035853141, "device_end": 2167779.0475207074}, "cmdq": 0, "read": {"device_start": -1, "device_end": -1}}, "coalesced_transpose66": {"write": {"device_start": -1, "host_queued_start": 1585500004.755239, "device_queued": -1, "device_end": -1, "host_queued_end": 1585500004.771238}, "device": "cpu", "nd_range": {"device_start": 2167779.060660705, "device_end": 2167779.060902018}, "cmdq": 1, "read": {"device_start": -1, "device_end": -1}}, "coalesced_transpose48": {"write": {"device_start": -1, "host_queued_start": 1585500004.754583, "device_queued": -1, "device_end": -1, "host_queued_end": 1585500004.771238}, "device": "cpu", "nd_range": {"device_start": 2167779.060307824, "device_end": 2167779.06055512}, "cmdq": 1, "read": {"device_start": -1, "device_end": -1}}}