{"FFC_sans_bias60": {"write": {"device_start": -1, "host_queued_start": 1585500427.911332, "device_queued": -1, "device_end": -1, "host_queued_end": 1585500427.91384}, "device": "gpu", "nd_range": {"device_start": 1585500364.9928977, "device_end": 1585500364.9935067}, "cmdq": 2, "read": {"device_start": -1, "device_end": -1}}, "FFC_sans_bias4": {"write": {"device_start": -1, "host_queued_start": 1585500427.941272, "device_queued": -1, "device_end": -1, "host_queued_end": 1585500427.95295}, "device": "cpu", "nd_range": {"device_start": 2168202.217886113, "device_end": 2168202.226328373}, "cmdq": 2, "read": {"device_start": -1, "device_end": -1}}, "FFC_sans_bias7": {"write": {"device_start": -1, "host_queued_start": 1585500427.947912, "device_queued": -1, "device_end": -1, "host_queued_end": 1585500427.95295}, "device": "cpu", "nd_range": {"device_start": 2168202.2609940763, "device_end": 2168202.276898311}, "cmdq": 0, "read": {"device_start": -1, "device_end": -1}}, "FFC_sans_bias6": {"write": {"device_start": -1, "host_queued_start": 1585500427.945097, "device_queued": -1, "device_end": -1, "host_queued_end": 1585500427.95295}, "device": "cpu", "nd_range": {"device_start": 2168202.244576498, "device_end": 2168202.260156849}, "cmdq": 2, "read": {"device_start": -1, "device_end": -1}}, "FFC_sans_bias1": {"write": {"device_start": -1, "host_queued_start": 1585500427.921874, "device_queued": -1, "device_end": -1, "host_queued_end": 1585500427.95295}, "device": "cpu", "nd_range": {"device_start": 2168202.143302239, "device_end": 2168202.1586835273}, "cmdq": 3, "read": {"device_start": -1, "device_end": -1}}, "FFC_sans_bias0": {"write": {"device_start": -1, "host_queued_start": 1585500427.920759, "device_queued": -1, "device_end": -1, "host_queued_end": 1585500427.95295}, "device": "cpu", "nd_range": {"device_start": 2168202.142629846, "device_end": 2168202.158030842}, "cmdq": 2, "read": {"device_start": -1, "device_end": -1}}, "FFC_sans_bias2": {"write": {"device_start": -1, "host_queued_start": 1585500427.922969, "device_queued": -1, "device_end": -1, "host_queued_end": 1585500427.95295}, "device": "cpu", "nd_range": {"device_start": 2168202.142597746, "device_end": 2168202.159207296}, "cmdq": 0, "read": {"device_start": -1, "device_end": -1}}, "FFC_sans_bias61": {"write": {"device_start": 1585500364.9930196, "host_queued_start": 1585500427.912679, "device_queued": 1585500364.9894967, "device_end": 1585500364.9930758, "host_queued_end": 1585500427.91384}, "device": "gpu", "nd_range": {"device_start": 1585500364.9935105, "device_end": 1585500364.9944823}, "cmdq": 0, "read": {"device_start": 1585500364.9944906, "device_end": 1585500364.9945157}}, "FFC_sans_bias52": {"write": {"device_start": -1, "host_queued_start": 1585500427.952906, "device_queued": -1, "device_end": -1, "host_queued_end": 1585500427.95295}, "device": "cpu", "nd_range": {"device_start": 2168202.311154466, "device_end": 2168202.315018208}, "cmdq": 1, "read": {"device_start": -1, "device_end": -1}}, "FFC_sans_bias9": {"write": {"device_start": -1, "host_queued_start": 1585500427.924017, "device_queued": -1, "device_end": -1, "host_queued_end": 1585500427.95295}, "device": "cpu", "nd_range": {"device_start": 2168202.142596296, "device_end": 2168202.158054808}, "cmdq": 1, "read": {"device_start": -1, "device_end": -1}}, "coalesced_transpose39": {"write": {"device_start": -1, "host_queued_start": 1585500427.940593, "device_queued": -1, "device_end": -1, "host_queued_end": 1585500427.95295}, "device": "cpu", "nd_range": {"device_start": 2168202.230038262, "device_end": 2168202.230287738}, "cmdq": 0, "read": {"device_start": -1, "device_end": -1}}, "FFC_sans_bias55": {"write": {"device_start": 1585500364.988799, "host_queued_start": 1585500427.905805, "device_queued": 1585500364.988702, "device_end": 1585500364.9888296, "host_queued_end": 1585500427.91384}, "device": "gpu", "nd_range": {"device_start": 1585500364.988834, "device_end": 1585500364.9902413}, "cmdq": 0, "read": {"device_start": -1, "device_end": -1}}, "FFC_sans_bias54": {"write": {"device_start": 1585500364.9886513, "host_queued_start": 1585500427.904739, "device_queued": 1585500364.9883454, "device_end": 1585500364.9886825, "host_queued_end": 1585500427.91384}, "device": "gpu", "nd_range": {"device_start": 1585500364.9886951, "device_end": 1585500364.989693}, "cmdq": 3, "read": {"device_start": -1, "device_end": -1}}, "FFC_sans_bias56": {"write": {"device_start": 1585500364.9885566, "host_queued_start": 1585500427.903665, "device_queued": 1585500364.9883249, "device_end": 1585500364.9886384, "host_queued_end": 1585500427.91384}, "device": "gpu", "nd_range": {"device_start": 1585500364.9886699, "device_end": 1585500364.9892905}, "cmdq": 2, "read": {"device_start": -1, "device_end": -1}}, "FFC_sans_bias51": {"write": {"device_start": -1, "host_queued_start": 1585500427.946858, "device_queued": -1, "device_end": -1, "host_queued_end": 1585500427.95295}, "device": "cpu", "nd_range": {"device_start": 2168202.295362926, "device_end": 2168202.303285716}, "cmdq": 3, "read": {"device_start": -1, "device_end": -1}}, "softmax23": {"write": {"device_start": -1, "host_queued_start": 1585500427.943883, "device_queued": -1, "device_end": -1, "host_queued_end": 1585500427.95295}, "device": "cpu", "nd_range": {"device_start": 2168202.24425754, "device_end": 2168202.2443855363}, "cmdq": 2, "read": {"device_start": -1, "device_end": -1}}, "FFC_sans_bias37": {"write": {"device_start": -1, "host_queued_start": 1585500427.9346, "device_queued": -1, "device_end": -1, "host_queued_end": 1585500427.95295}, "device": "cpu", "nd_range": {"device_start": 2168202.1896127863, "device_end": 2168202.223455872}, "cmdq": 3, "read": {"device_start": -1, "device_end": -1}}, "empty62": {"write": {"device_start": 1585500364.9883285, "host_queued_start": 1585500427.901561, "device_queued": 1585500364.98821, "device_end": 1585500364.9883964, "host_queued_end": 1585500427.91384}, "device": "gpu", "nd_range": {"device_start": 1585500364.9884024, "device_end": 1585500364.9884143}, "cmdq": 0, "read": {"device_start": -1, "device_end": -1}}, "FFC_sans_bias70": {"write": {"device_start": 1585500364.9930918, "host_queued_start": 1585500427.913741, "device_queued": 1585500364.9896352, "device_end": 1585500364.993122, "host_queued_end": 1585500427.91384}, "device": "gpu", "nd_range": {"device_start": 1585500364.9939153, "device_end": 1585500364.9948876}, "cmdq": 1, "read": {"device_start": 1585500364.994889, "device_end": 1585500364.9949133}}, "FFC_sans_bias58": {"write": {"device_start": -1, "host_queued_start": 1585500427.910166, "device_queued": -1, "device_end": -1, "host_queued_end": 1585500427.91384}, "device": "gpu", "nd_range": {"device_start": 1585500364.9916785, "device_end": 1585500364.9926765}, "cmdq": 2, "read": {"device_start": -1, "device_end": -1}}, "softmax41": {"write": {"device_start": -1, "host_queued_start": 1585500427.944458, "device_queued": -1, "device_end": -1, "host_queued_end": 1585500427.95295}, "device": "cpu", "nd_range": {"device_start": 2168202.244463268, "device_end": 2168202.244811118}, "cmdq": 0, "read": {"device_start": -1, "device_end": -1}}, "FFC_sans_bias11": {"write": {"device_start": -1, "host_queued_start": 1585500427.926115, "device_queued": -1, "device_end": -1, "host_queued_end": 1585500427.95295}, "device": "cpu", "nd_range": {"device_start": 2168202.158802458, "device_end": 2168202.174121196}, "cmdq": 3, "read": {"device_start": -1, "device_end": -1}}, "FFC_sans_bias10": {"write": {"device_start": -1, "host_queued_start": 1585500427.925058, "device_queued": -1, "device_end": -1, "host_queued_end": 1585500427.95295}, "device": "cpu", "nd_range": {"device_start": 2168202.1580408253, "device_end": 2168202.1733111893}, "cmdq": 2, "read": {"device_start": -1, "device_end": -1}}, "coalesced_transpose3": {"write": {"device_start": -1, "host_queued_start": 1585500427.93917, "device_queued": -1, "device_end": -1, "host_queued_end": 1585500427.95295}, "device": "cpu", "nd_range": {"device_start": 2168202.208491447, "device_end": 2168202.208772769}, "cmdq": 0, "read": {"device_start": -1, "device_end": -1}}, "FFC_sans_bias34": {"write": {"device_start": -1, "host_queued_start": 1585500427.950896, "device_queued": -1, "device_end": -1, "host_queued_end": 1585500427.95295}, "device": "cpu", "nd_range": {"device_start": 2168202.303293961, "device_end": 2168202.30892753}, "cmdq": 3, "read": {"device_start": -1, "device_end": -1}}, "FFC_sans_bias15": {"write": {"device_start": -1, "host_queued_start": 1585500427.94544, "device_queued": -1, "device_end": -1, "host_queued_end": 1585500427.95295}, "device": "cpu", "nd_range": {"device_start": 2168202.286311975, "device_end": 2168202.295339448}, "cmdq": 3, "read": {"device_start": -1, "device_end": -1}}, "FFC_sans_bias31": {"write": {"device_start": -1, "host_queued_start": 1585500427.942304, "device_queued": -1, "device_end": -1, "host_queued_end": 1585500427.95295}, "device": "cpu", "nd_range": {"device_start": 2168202.247792529, "device_end": 2168202.271235083}, "cmdq": 1, "read": {"device_start": -1, "device_end": -1}}, "FFC_sans_bias16": {"write": {"device_start": -1, "host_queued_start": 1585500427.948907, "device_queued": -1, "device_end": -1, "host_queued_end": 1585500427.95295}, "device": "cpu", "nd_range": {"device_start": 2168202.297334638, "device_end": 2168202.311149497}, "cmdq": 1, "read": {"device_start": -1, "device_end": -1}}, "FFC_sans_bias19": {"write": {"device_start": -1, "host_queued_start": 1585500427.928273, "device_queued": -1, "device_end": -1, "host_queued_end": 1585500427.95295}, "device": "cpu", "nd_range": {"device_start": 2168202.1614972693, "device_end": 2168202.18316836}, "cmdq": 1, "read": {"device_start": -1, "device_end": -1}}, "FFC_sans_bias18": {"write": {"device_start": -1, "host_queued_start": 1585500427.927208, "device_queued": -1, "device_end": -1, "host_queued_end": 1585500427.95295}, "device": "cpu", "nd_range": {"device_start": 2168202.159321097, "device_end": 2168202.17505131}, "cmdq": 0, "read": {"device_start": -1, "device_end": -1}}, "coalesced_transpose30": {"write": {"device_start": -1, "host_queued_start": 1585500427.940167, "device_queued": -1, "device_end": -1, "host_queued_end": 1585500427.95295}, "device": "cpu", "nd_range": {"device_start": 2168202.244451818, "device_end": 2168202.2447358733}, "cmdq": 3, "read": {"device_start": -1, "device_end": -1}}, "FFC_sans_bias69": {"write": {"device_start": -1, "host_queued_start": 1585500427.911648, "device_queued": -1, "device_end": -1, "host_queued_end": 1585500427.91384}, "device": "gpu", "nd_range": {"device_start": 1585500364.9929092, "device_end": 1585500364.9939117}, "cmdq": 3, "read": {"device_start": -1, "device_end": -1}}, "FFC_sans_bias38": {"write": {"device_start": -1, "host_queued_start": 1585500427.935665, "device_queued": -1, "device_end": -1, "host_queued_end": 1585500427.95295}, "device": "cpu", "nd_range": {"device_start": 2168202.1914791483, "device_end": 2168202.2083459483}, "cmdq": 0, "read": {"device_start": -1, "device_end": -1}}, "coalesced_transpose57": {"write": {"device_start": -1, "host_queued_start": 1585500427.909367, "device_queued": -1, "device_end": -1, "host_queued_end": 1585500427.91384}, "device": "gpu", "nd_range": {"device_start": 1585500364.9902427, "device_end": 1585500364.9915423}, "cmdq": 0, "read": {"device_start": -1, "device_end": -1}}, "empty26": {"write": {"device_start": -1, "host_queued_start": 1585500427.917206, "device_queued": -1, "device_end": -1, "host_queued_end": 1585500427.95295}, "device": "cpu", "nd_range": {"device_start": 2168202.142601169, "device_end": 2168202.1426061452}, "cmdq": 2, "read": {"device_start": -1, "device_end": -1}}, "coalesced_transpose12": {"write": {"device_start": -1, "host_queued_start": 1585500427.939505, "device_queued": -1, "device_end": -1, "host_queued_end": 1585500427.95295}, "device": "cpu", "nd_range": {"device_start": 2168202.239835226, "device_end": 2168202.240088344}, "cmdq": 1, "read": {"device_start": -1, "device_end": -1}}, "empty44": {"write": {"device_start": -1, "host_queued_start": 1585500427.918905, "device_queued": -1, "device_end": -1, "host_queued_end": 1585500427.95295}, "device": "cpu", "nd_range": {"device_start": 2168202.142590599, "device_end": 2168202.1425915724}, "cmdq": 0, "read": {"device_start": -1, "device_end": -1}}, "coalesced_transpose21": {"write": {"device_start": -1, "host_queued_start": 1585500427.939837, "device_queued": -1, "device_end": -1, "host_queued_end": 1585500427.95295}, "device": "cpu", "nd_range": {"device_start": 2168202.2174666463, "device_end": 2168202.217760965}, "cmdq": 2, "read": {"device_start": -1, "device_end": -1}}, "FFC_sans_bias36": {"write": {"device_start": -1, "host_queued_start": 1585500427.933537, "device_queued": -1, "device_end": -1, "host_queued_end": 1585500427.95295}, "device": "cpu", "nd_range": {"device_start": 2168202.188688062, "device_end": 2168202.204108016}, "cmdq": 2, "read": {"device_start": -1, "device_end": -1}}, "softmax14": {"write": {"device_start": -1, "host_queued_start": 1585500427.943601, "device_queued": -1, "device_end": -1, "host_queued_end": 1585500427.95295}, "device": "cpu", "nd_range": {"device_start": 2168202.271246845, "device_end": 2168202.278739733}, "cmdq": 1, "read": {"device_start": -1, "device_end": -1}}, "FFC_sans_bias13": {"write": {"device_start": -1, "host_queued_start": 1585500427.941615, "device_queued": -1, "device_end": -1, "host_queued_end": 1585500427.95295}, "device": "cpu", "nd_range": {"device_start": 2168202.244745412, "device_end": 2168202.259970778}, "cmdq": 3, "read": {"device_start": -1, "device_end": -1}}, "empty8": {"write": {"device_start": -1, "host_queued_start": 1585500427.915305, "device_queued": -1, "device_end": -1, "host_queued_end": 1585500427.95295}, "device": "cpu", "nd_range": {"device_start": 2168202.142556576, "device_end": 2168202.14256788}, "cmdq": 0, "read": {"device_start": -1, "device_end": -1}}, "FFC_sans_bias42": {"write": {"device_start": -1, "host_queued_start": 1585500427.946504, "device_queued": -1, "device_end": -1, "host_queued_end": 1585500427.95295}, "device": "cpu", "nd_range": {"device_start": 2168202.2602654933, "device_end": 2168202.2759364913}, "cmdq": 2, "read": {"device_start": -1, "device_end": -1}}, "FFC_sans_bias43": {"write": {"device_start": -1, "host_queued_start": 1585500427.951909, "device_queued": -1, "device_end": -1, "host_queued_end": 1585500427.95295}, "device": "cpu", "nd_range": {"device_start": 2168202.278631517, "device_end": 2168202.28725313}, "cmdq": 0, "read": {"device_start": -1, "device_end": -1}}, "FFC_sans_bias40": {"write": {"device_start": -1, "host_queued_start": 1585500427.942674, "device_queued": -1, "device_end": -1, "host_queued_end": 1585500427.95295}, "device": "cpu", "nd_range": {"device_start": 2168202.230541117, "device_end": 2168202.2419920843}, "cmdq": 2, "read": {"device_start": -1, "device_end": -1}}, "softmax32": {"write": {"device_start": -1, "host_queued_start": 1585500427.944169, "device_queued": -1, "device_end": -1, "host_queued_end": 1585500427.95295}, "device": "cpu", "nd_range": {"device_start": 2168202.2752151163, "device_end": 2168202.278671949}, "cmdq": 3, "read": {"device_start": -1, "device_end": -1}}, "FFC_sans_bias47": {"write": {"device_start": -1, "host_queued_start": 1585500427.938836, "device_queued": -1, "device_end": -1, "host_queued_end": 1585500427.95295}, "device": "cpu", "nd_range": {"device_start": 2168202.228022391, "device_end": 2168202.2444394873}, "cmdq": 3, "read": {"device_start": -1, "device_end": -1}}, "FFC_sans_bias45": {"write": {"device_start": -1, "host_queued_start": 1585500427.936713, "device_queued": -1, "device_end": -1, "host_queued_end": 1585500427.95295}, "device": "cpu", "nd_range": {"device_start": 2168202.223091531, "device_end": 2168202.231398304}, "cmdq": 1, "read": {"device_start": -1, "device_end": -1}}, "softmax50": {"write": {"device_start": -1, "host_queued_start": 1585500427.944749, "device_queued": -1, "device_end": -1, "host_queued_end": 1585500427.95295}, "device": "cpu", "nd_range": {"device_start": 2168202.2787484312, "device_end": 2168202.278960652}, "cmdq": 1, "read": {"device_start": -1, "device_end": -1}}, "FFC_sans_bias33": {"write": {"device_start": -1, "host_queued_start": 1585500427.94616, "device_queued": -1, "device_end": -1, "host_queued_end": 1585500427.95295}, "device": "cpu", "nd_range": {"device_start": 2168202.278967205, "device_end": 2168202.29732749}, "cmdq": 1, "read": {"device_start": -1, "device_end": -1}}, "FFC_sans_bias63": {"write": {"device_start": 1585500364.9898138, "host_queued_start": 1585500427.909041, "device_queued": 1585500364.988901, "device_end": 1585500364.9898453, "host_queued_end": 1585500427.91384}, "device": "gpu", "nd_range": {"device_start": 1585500364.98985, "device_end": 1585500364.9916668}, "cmdq": 3, "read": {"device_start": -1, "device_end": -1}}, "FFC_sans_bias49": {"write": {"device_start": -1, "host_queued_start": 1585500427.943023, "device_queued": -1, "device_end": -1, "host_queued_end": 1585500427.95295}, "device": "cpu", "nd_range": {"device_start": 2168202.2599790953, "device_end": 2168202.275207324}, "cmdq": 3, "read": {"device_start": -1, "device_end": -1}}, "FFC_sans_bias64": {"write": {"device_start": 1585500364.9889627, "host_queued_start": 1585500427.906922, "device_queued": 1585500364.9888573, "device_end": 1585500364.988993, "host_queued_end": 1585500427.91384}, "device": "gpu", "nd_range": {"device_start": 1585500364.9889958, "device_end": 1585500364.990684}, "cmdq": 1, "read": {"device_start": -1, "device_end": -1}}, "FFC_sans_bias65": {"write": {"device_start": 1585500364.9894078, "host_queued_start": 1585500427.907988, "device_queued": 1585500364.9888825, "device_end": 1585500364.9894376, "host_queued_end": 1585500427.91384}, "device": "gpu", "nd_range": {"device_start": 1585500364.9894402, "device_end": 1585500364.991205}, "cmdq": 2, "read": {"device_start": -1, "device_end": -1}}, "FFC_sans_bias67": {"write": {"device_start": -1, "host_queued_start": 1585500427.910476, "device_queued": -1, "device_end": -1, "host_queued_end": 1585500427.91384}, "device": "gpu", "nd_range": {"device_start": 1585500364.9916713, "device_end": 1585500364.992282}, "cmdq": 3, "read": {"device_start": -1, "device_end": -1}}, "FFC_sans_bias24": {"write": {"device_start": -1, "host_queued_start": 1585500427.945801, "device_queued": -1, "device_end": -1, "host_queued_end": 1585500427.95295}, "device": "cpu", "nd_range": {"device_start": 2168202.244819772, "device_end": 2168202.260986178}, "cmdq": 0, "read": {"device_start": -1, "device_end": -1}}, "FFC_sans_bias25": {"write": {"device_start": -1, "host_queued_start": 1585500427.949896, "device_queued": -1, "device_end": -1, "host_queued_end": 1585500427.95295}, "device": "cpu", "nd_range": {"device_start": 2168202.275946647, "device_end": 2168202.2915121303}, "cmdq": 2, "read": {"device_start": -1, "device_end": -1}}, "FFC_sans_bias27": {"write": {"device_start": -1, "host_queued_start": 1585500427.930373, "device_queued": -1, "device_end": -1, "host_queued_end": 1585500427.95295}, "device": "cpu", "nd_range": {"device_start": 2168202.174242555, "device_end": 2168202.1894959323}, "cmdq": 3, "read": {"device_start": -1, "device_end": -1}}, "FFC_sans_bias20": {"write": {"device_start": -1, "host_queued_start": 1585500427.929327, "device_queued": -1, "device_end": -1, "host_queued_end": 1585500427.95295}, "device": "cpu", "nd_range": {"device_start": 2168202.173319083, "device_end": 2168202.188556904}, "cmdq": 2, "read": {"device_start": -1, "device_end": -1}}, "FFC_sans_bias22": {"write": {"device_start": -1, "host_queued_start": 1585500427.941961, "device_queued": -1, "device_end": -1, "host_queued_end": 1585500427.95295}, "device": "cpu", "nd_range": {"device_start": 2168202.230426333, "device_end": 2168202.2439821754}, "cmdq": 0, "read": {"device_start": -1, "device_end": -1}}, "softmax68": {"write": {"device_start": -1, "host_queued_start": 1585500427.911022, "device_queued": -1, "device_end": -1, "host_queued_end": 1585500427.91384}, "device": "gpu", "nd_range": {"device_start": 1585500364.9926906, "device_end": 1585500364.992893}, "cmdq": 1, "read": {"device_start": -1, "device_end": -1}}, "softmax5": {"write": {"device_start": -1, "host_queued_start": 1585500427.943318, "device_queued": -1, "device_end": -1, "host_queued_end": 1585500427.95295}, "device": "cpu", "nd_range": {"device_start": 2168202.2441126173, "device_end": 2168202.244341126}, "cmdq": 0, "read": {"device_start": -1, "device_end": -1}}, "FFC_sans_bias28": {"write": {"device_start": -1, "host_queued_start": 1585500427.931427, "device_queued": -1, "device_end": -1, "host_queued_end": 1585500427.95295}, "device": "cpu", "nd_range": {"device_start": 2168202.175162449, "device_end": 2168202.191197629}, "cmdq": 0, "read": {"device_start": -1, "device_end": -1}}, "FFC_sans_bias29": {"write": {"device_start": -1, "host_queued_start": 1585500427.932481, "device_queued": -1, "device_end": -1, "host_queued_end": 1585500427.95295}, "device": "cpu", "nd_range": {"device_start": 2168202.191957171, "device_end": 2168202.215453898}, "cmdq": 1, "read": {"device_start": -1, "device_end": -1}}, "empty17": {"write": {"device_start": -1, "host_queued_start": 1585500427.91637, "device_queued": -1, "device_end": -1, "host_queued_end": 1585500427.95295}, "device": "cpu", "nd_range": {"device_start": 2168202.142556495, "device_end": 2168202.142567906}, "cmdq": 1, "read": {"device_start": -1, "device_end": -1}}, "softmax59": {"write": {"device_start": -1, "host_queued_start": 1585500427.910771, "device_queued": -1, "device_end": -1, "host_queued_end": 1585500427.91384}, "device": "gpu", "nd_range": {"device_start": 1585500364.9926846, "device_end": 1585500364.9928908}, "cmdq": 0, "read": {"device_start": -1, "device_end": -1}}, "empty71": {"write": {"device_start": 1585500364.9884484, "host_queued_start": 1585500427.902655, "device_queued": 1585500364.9883018, "device_end": 1585500364.9885116, "host_queued_end": 1585500427.91384}, "device": "gpu", "nd_range": {"device_start": 1585500364.9885151, "device_end": 1585500364.9885197}, "cmdq": 1, "read": {"device_start": -1, "device_end": -1}}, "empty35": {"write": {"device_start": -1, "host_queued_start": 1585500427.918045, "device_queued": -1, "device_end": -1, "host_queued_end": 1585500427.95295}, "device": "cpu", "nd_range": {"device_start": 2168202.14283296, "device_end": 2168202.142837388}, "cmdq": 3, "read": {"device_start": -1, "device_end": -1}}, "empty53": {"write": {"device_start": -1, "host_queued_start": 1585500427.91976, "device_queued": -1, "device_end": -1, "host_queued_end": 1585500427.95295}, "device": "cpu", "nd_range": {"device_start": 2168202.1425901153, "device_end": 2168202.142591351}, "cmdq": 1, "read": {"device_start": -1, "device_end": -1}}, "FFC_sans_bias46": {"write": {"device_start": -1, "host_queued_start": 1585500427.937762, "device_queued": -1, "device_end": -1, "host_queued_end": 1585500427.95295}, "device": "cpu", "nd_range": {"device_start": 2168202.2043174813, "device_end": 2168202.217294324}, "cmdq": 2, "read": {"device_start": -1, "device_end": -1}}, "coalesced_transpose66": {"write": {"device_start": -1, "host_queued_start": 1585500427.909839, "device_queued": -1, "device_end": -1, "host_queued_end": 1585500427.91384}, "device": "gpu", "nd_range": {"device_start": 1585500364.9906852, "device_end": 1585500364.9915524}, "cmdq": 1, "read": {"device_start": -1, "device_end": -1}}, "coalesced_transpose48": {"write": {"device_start": -1, "host_queued_start": 1585500427.940925, "device_queued": -1, "device_end": -1, "host_queued_end": 1585500427.95295}, "device": "cpu", "nd_range": {"device_start": 2168202.240488892, "device_end": 2168202.240732491}, "cmdq": 1, "read": {"device_start": -1, "device_end": -1}}}