{"FFC_sans_bias60": {"write": {"device_start": -1, "host_queued_start": 1585500007.686142, "device_queued": -1, "device_end": -1, "host_queued_end": 1585500007.694962}, "device": "gpu", "nd_range": {"device_start": 1585499944.8102736, "device_end": 1585499944.8108716}, "cmdq": 0, "read": {"device_start": -1, "device_end": -1}}, "FFC_sans_bias4": {"write": {"device_start": -1, "host_queued_start": 1585500007.679541, "device_queued": -1, "device_end": -1, "host_queued_end": 1585500007.694962}, "device": "gpu", "nd_range": {"device_start": 1585499944.8001785, "device_end": 1585499944.8007786}, "cmdq": 0, "read": {"device_start": -1, "device_end": -1}}, "FFC_sans_bias7": {"write": {"device_start": 1585499944.8115833, "host_queued_start": 1585500007.687484, "device_queued": 1585499944.7856293, "device_end": 1585499944.8116114, "host_queued_end": 1585500007.694962}, "device": "gpu", "nd_range": {"device_start": 1585499944.8116198, "device_end": 1585499944.812222}, "cmdq": 0, "read": {"device_start": 1585499944.8122284, "device_end": 1585499944.8122513}}, "FFC_sans_bias6": {"write": {"device_start": -1, "host_queued_start": 1585500007.684111, "device_queued": -1, "device_end": -1, "host_queued_end": 1585500007.694962}, "device": "gpu", "nd_range": {"device_start": 1585499944.806693, "device_end": 1585499944.8072891}, "cmdq": 0, "read": {"device_start": -1, "device_end": -1}}, "FFC_sans_bias1": {"write": {"device_start": 1585499944.783162, "host_queued_start": 1585500007.653482, "device_queued": 1585499944.781825, "device_end": 1585499944.7831924, "host_queued_end": 1585500007.694962}, "device": "gpu", "nd_range": {"device_start": 1585499944.7832005, "device_end": 1585499944.7838}, "cmdq": 0, "read": {"device_start": -1, "device_end": -1}}, "FFC_sans_bias0": {"write": {"device_start": 1585499944.7824116, "host_queued_start": 1585500007.652426, "device_queued": 1585499944.7817678, "device_end": 1585499944.78244, "host_queued_end": 1585500007.694962}, "device": "gpu", "nd_range": {"device_start": 1585499944.7824426, "device_end": 1585499944.78304}, "cmdq": 0, "read": {"device_start": -1, "device_end": -1}}, "FFC_sans_bias2": {"write": {"device_start": 1585499944.783918, "host_queued_start": 1585500007.654519, "device_queued": 1585499944.7820044, "device_end": 1585499944.7839475, "host_queued_end": 1585500007.694962}, "device": "gpu", "nd_range": {"device_start": 1585499944.7839508, "device_end": 1585499944.7845483}, "cmdq": 0, "read": {"device_start": -1, "device_end": -1}}, "FFC_sans_bias61": {"write": {"device_start": 1585499944.8165321, "host_queued_start": 1585500007.693788, "device_queued": 1585499944.7862191, "device_end": 1585499944.8165605, "host_queued_end": 1585500007.694962}, "device": "gpu", "nd_range": {"device_start": 1585499944.8165667, "device_end": 1585499944.8171616}, "cmdq": 0, "read": {"device_start": 1585499944.817168, "device_end": 1585499944.81719}}, "FFC_sans_bias52": {"write": {"device_start": 1585499944.815736, "host_queued_start": 1585500007.692718, "device_queued": 1585499944.7860498, "device_end": 1585499944.815759, "host_queued_end": 1585500007.694962}, "device": "gpu", "nd_range": {"device_start": 1585499944.815764, "device_end": 1585499944.8163574}, "cmdq": 0, "read": {"device_start": 1585499944.816362, "device_end": 1585499944.816384}}, "FFC_sans_bias9": {"write": {"device_start": 1585499944.7847054, "host_queued_start": 1585500007.655593, "device_queued": 1585499944.7820628, "device_end": 1585499944.7847302, "host_queued_end": 1585500007.694962}, "device": "gpu", "nd_range": {"device_start": 1585499944.784733, "device_end": 1585499944.7853308}, "cmdq": 0, "read": {"device_start": -1, "device_end": -1}}, "coalesced_transpose39": {"write": {"device_start": -1, "host_queued_start": 1585500007.678295, "device_queued": -1, "device_end": -1, "host_queued_end": 1585500007.694962}, "device": "gpu", "nd_range": {"device_start": 1585499944.800139, "device_end": 1585499944.8001475}, "cmdq": 0, "read": {"device_start": -1, "device_end": -1}}, "FFC_sans_bias55": {"write": {"device_start": 1585499944.7972054, "host_queued_start": 1585500007.673594, "device_queued": 1585499944.7839699, "device_end": 1585499944.797234, "host_queued_end": 1585500007.694962}, "device": "gpu", "nd_range": {"device_start": 1585499944.797241, "device_end": 1585499944.7978399}, "cmdq": 0, "read": {"device_start": -1, "device_end": -1}}, "FFC_sans_bias54": {"write": {"device_start": 1585499944.7964568, "host_queued_start": 1585500007.67256, "device_queued": 1585499944.783759, "device_end": 1585499944.7964857, "host_queued_end": 1585500007.694962}, "device": "gpu", "nd_range": {"device_start": 1585499944.7964954, "device_end": 1585499944.7970886}, "cmdq": 0, "read": {"device_start": -1, "device_end": -1}}, "FFC_sans_bias56": {"write": {"device_start": 1585499944.7957, "host_queued_start": 1585500007.67153, "device_queued": 1585499944.7837253, "device_end": 1585499944.795728, "host_queued_end": 1585500007.694962}, "device": "gpu", "nd_range": {"device_start": 1585499944.7957346, "device_end": 1585499944.796342}, "cmdq": 0, "read": {"device_start": -1, "device_end": -1}}, "FFC_sans_bias51": {"write": {"device_start": -1, "host_queued_start": 1585500007.685811, "device_queued": -1, "device_end": -1, "host_queued_end": 1585500007.694962}, "device": "gpu", "nd_range": {"device_start": 1585499944.8096747, "device_end": 1585499944.8102725}, "cmdq": 0, "read": {"device_start": -1, "device_end": -1}}, "softmax23": {"write": {"device_start": -1, "host_queued_start": 1585500007.682557, "device_queued": -1, "device_end": -1, "host_queued_end": 1585500007.694962}, "device": "gpu", "nd_range": {"device_start": 1585499944.8054206, "device_end": 1585499944.805632}, "cmdq": 0, "read": {"device_start": -1, "device_end": -1}}, "FFC_sans_bias37": {"write": {"device_start": 1585499944.7920454, "host_queued_start": 1585500007.666281, "device_queued": 1585499944.7832608, "device_end": 1585499944.7920747, "host_queued_end": 1585500007.694962}, "device": "gpu", "nd_range": {"device_start": 1585499944.7920809, "device_end": 1585499944.7926755}, "cmdq": 0, "read": {"device_start": -1, "device_end": -1}}, "empty62": {"write": {"device_start": 1585499944.7821054, "host_queued_start": 1585500007.65056, "device_queued": 1585499944.781503, "device_end": 1585499944.7821338, "host_queued_end": 1585500007.694962}, "device": "gpu", "nd_range": {"device_start": 1585499944.7821398, "device_end": 1585499944.7821498}, "cmdq": 0, "read": {"device_start": -1, "device_end": -1}}, "FFC_sans_bias70": {"write": {"device_start": 1585499944.8173685, "host_queued_start": 1585500007.694853, "device_queued": 1585499944.7862675, "device_end": 1585499944.8173966, "host_queued_end": 1585500007.694962}, "device": "gpu", "nd_range": {"device_start": 1585499944.8173995, "device_end": 1585499944.817997}, "cmdq": 0, "read": {"device_start": 1585499944.8180034, "device_end": 1585499944.8180254}}, "FFC_sans_bias58": {"write": {"device_start": -1, "host_queued_start": 1585500007.681477, "device_queued": -1, "device_end": -1, "host_queued_end": 1585500007.694962}, "device": "gpu", "nd_range": {"device_start": 1585499944.8037882, "device_end": 1585499944.8043888}, "cmdq": 0, "read": {"device_start": -1, "device_end": -1}}, "softmax41": {"write": {"device_start": -1, "host_queued_start": 1585500007.683059, "device_queued": -1, "device_end": -1, "host_queued_end": 1585500007.694962}, "device": "gpu", "nd_range": {"device_start": 1585499944.8058476, "device_end": 1585499944.8060584}, "cmdq": 0, "read": {"device_start": -1, "device_end": -1}}, "FFC_sans_bias11": {"write": {"device_start": 1585499944.7861648, "host_queued_start": 1585500007.65785, "device_queued": 1585499944.7823682, "device_end": 1585499944.7861888, "host_queued_end": 1585500007.694962}, "device": "gpu", "nd_range": {"device_start": 1585499944.786196, "device_end": 1585499944.7867944}, "cmdq": 0, "read": {"device_start": -1, "device_end": -1}}, "FFC_sans_bias10": {"write": {"device_start": 1585499944.7854283, "host_queued_start": 1585500007.656802, "device_queued": 1585499944.7822988, "device_end": 1585499944.7854524, "host_queued_end": 1585500007.694962}, "device": "gpu", "nd_range": {"device_start": 1585499944.7854605, "device_end": 1585499944.7860627}, "cmdq": 0, "read": {"device_start": -1, "device_end": -1}}, "coalesced_transpose3": {"write": {"device_start": -1, "host_queued_start": 1585500007.677056, "device_queued": -1, "device_end": -1, "host_queued_end": 1585500007.694962}, "device": "gpu", "nd_range": {"device_start": 1585499944.8000994, "device_end": 1585499944.8001077}, "cmdq": 0, "read": {"device_start": -1, "device_end": -1}}, "FFC_sans_bias34": {"write": {"device_start": 1585499944.8140996, "host_queued_start": 1585500007.690634, "device_queued": 1585499944.7858655, "device_end": 1585499944.8141277, "host_queued_end": 1585500007.694962}, "device": "gpu", "nd_range": {"device_start": 1585499944.8141356, "device_end": 1585499944.814732}, "cmdq": 0, "read": {"device_start": 1585499944.8147378, "device_end": 1585499944.81476}}, "FFC_sans_bias15": {"write": {"device_start": -1, "host_queued_start": 1585500007.684515, "device_queued": -1, "device_end": -1, "host_queued_end": 1585500007.694962}, "device": "gpu", "nd_range": {"device_start": 1585499944.8072903, "device_end": 1585499944.8078916}, "cmdq": 0, "read": {"device_start": -1, "device_end": -1}}, "FFC_sans_bias31": {"write": {"device_start": -1, "host_queued_start": 1585500007.680532, "device_queued": -1, "device_end": -1, "host_queued_end": 1585500007.694962}, "device": "gpu", "nd_range": {"device_start": 1585499944.8019848, "device_end": 1585499944.8025882}, "cmdq": 0, "read": {"device_start": -1, "device_end": -1}}, "FFC_sans_bias16": {"write": {"device_start": 1585499944.8124328, "host_queued_start": 1585500007.688545, "device_queued": 1585499944.7856786, "device_end": 1585499944.8124619, "host_queued_end": 1585500007.694962}, "device": "gpu", "nd_range": {"device_start": 1585499944.8124657, "device_end": 1585499944.8130608}, "cmdq": 0, "read": {"device_start": 1585499944.8130696, "device_end": 1585499944.813092}}, "FFC_sans_bias19": {"write": {"device_start": 1585499944.7876227, "host_queued_start": 1585500007.659988, "device_queued": 1585499944.7826223, "device_end": 1585499944.7876465, "host_queued_end": 1585500007.694962}, "device": "gpu", "nd_range": {"device_start": 1585499944.7876532, "device_end": 1585499944.788251}, "cmdq": 0, "read": {"device_start": -1, "device_end": -1}}, "FFC_sans_bias18": {"write": {"device_start": 1585499944.7868948, "host_queued_start": 1585500007.658936, "device_queued": 1585499944.782559, "device_end": 1585499944.7869184, "host_queued_end": 1585500007.694962}, "device": "gpu", "nd_range": {"device_start": 1585499944.786925, "device_end": 1585499944.7875237}, "cmdq": 0, "read": {"device_start": -1, "device_end": -1}}, "coalesced_transpose30": {"write": {"device_start": -1, "host_queued_start": 1585500007.677982, "device_queued": -1, "device_end": -1, "host_queued_end": 1585500007.694962}, "device": "gpu", "nd_range": {"device_start": 1585499944.8001294, "device_end": 1585499944.8001375}, "cmdq": 0, "read": {"device_start": -1, "device_end": -1}}, "FFC_sans_bias69": {"write": {"device_start": -1, "host_queued_start": 1585500007.686455, "device_queued": -1, "device_end": -1, "host_queued_end": 1585500007.694962}, "device": "gpu", "nd_range": {"device_start": 1585499944.8108728, "device_end": 1585499944.8114612}, "cmdq": 0, "read": {"device_start": -1, "device_end": -1}}, "FFC_sans_bias38": {"write": {"device_start": 1585499944.792791, "host_queued_start": 1585500007.667338, "device_queued": 1585499944.7834027, "device_end": 1585499944.792819, "host_queued_end": 1585500007.694962}, "device": "gpu", "nd_range": {"device_start": 1585499944.7928288, "device_end": 1585499944.7934356}, "cmdq": 0, "read": {"device_start": -1, "device_end": -1}}, "coalesced_transpose57": {"write": {"device_start": -1, "host_queued_start": 1585500007.678905, "device_queued": -1, "device_end": -1, "host_queued_end": 1585500007.694962}, "device": "gpu", "nd_range": {"device_start": 1585499944.8001585, "device_end": 1585499944.8001673}, "cmdq": 0, "read": {"device_start": -1, "device_end": -1}}, "empty26": {"write": {"device_start": 1585499944.7813363, "host_queued_start": 1585500007.647311, "device_queued": 1585499944.7810974, "device_end": 1585499944.7813647, "host_queued_end": 1585500007.694962}, "device": "gpu", "nd_range": {"device_start": 1585499944.7813728, "device_end": 1585499944.7813764}, "cmdq": 0, "read": {"device_start": -1, "device_end": -1}}, "coalesced_transpose12": {"write": {"device_start": -1, "host_queued_start": 1585500007.677365, "device_queued": -1, "device_end": -1, "host_queued_end": 1585500007.694962}, "device": "gpu", "nd_range": {"device_start": 1585499944.8001087, "device_end": 1585499944.8001173}, "cmdq": 0, "read": {"device_start": -1, "device_end": -1}}, "empty44": {"write": {"device_start": 1585499944.781662, "host_queued_start": 1585500007.648927, "device_queued": 1585499944.7814143, "device_end": 1585499944.7816849, "host_queued_end": 1585500007.694962}, "device": "gpu", "nd_range": {"device_start": 1585499944.781693, "device_end": 1585499944.7816966}, "cmdq": 0, "read": {"device_start": -1, "device_end": -1}}, "coalesced_transpose21": {"write": {"device_start": -1, "host_queued_start": 1585500007.677666, "device_queued": -1, "device_end": -1, "host_queued_end": 1585500007.694962}, "device": "gpu", "nd_range": {"device_start": 1585499944.8001194, "device_end": 1585499944.8001285}, "cmdq": 0, "read": {"device_start": -1, "device_end": -1}}, "FFC_sans_bias36": {"write": {"device_start": 1585499944.7912774, "host_queued_start": 1585500007.665251, "device_queued": 1585499944.7832031, "device_end": 1585499944.7913055, "host_queued_end": 1585500007.694962}, "device": "gpu", "nd_range": {"device_start": 1585499944.7913153, "device_end": 1585499944.7919264}, "cmdq": 0, "read": {"device_start": -1, "device_end": -1}}, "softmax14": {"write": {"device_start": -1, "host_queued_start": 1585500007.68231, "device_queued": -1, "device_end": -1, "host_queued_end": 1585500007.694962}, "device": "gpu", "nd_range": {"device_start": 1585499944.8052092, "device_end": 1585499944.8054197}, "cmdq": 0, "read": {"device_start": -1, "device_end": -1}}, "FFC_sans_bias13": {"write": {"device_start": -1, "host_queued_start": 1585500007.679872, "device_queued": -1, "device_end": -1, "host_queued_end": 1585500007.694962}, "device": "gpu", "nd_range": {"device_start": 1585499944.8007796, "device_end": 1585499944.8013823}, "cmdq": 0, "read": {"device_start": -1, "device_end": -1}}, "empty8": {"write": {"device_start": 1585499944.7809954, "host_queued_start": 1585500007.645394, "device_queued": 1585499944.78088, "device_end": 1585499944.7810245, "host_queued_end": 1585500007.694962}, "device": "gpu", "nd_range": {"device_start": 1585499944.7810297, "device_end": 1585499944.7810342}, "cmdq": 0, "read": {"device_start": -1, "device_end": -1}}, "FFC_sans_bias42": {"write": {"device_start": -1, "host_queued_start": 1585500007.685486, "device_queued": -1, "device_end": -1, "host_queued_end": 1585500007.694962}, "device": "gpu", "nd_range": {"device_start": 1585499944.809084, "device_end": 1585499944.8096735}, "cmdq": 0, "read": {"device_start": -1, "device_end": -1}}, "FFC_sans_bias43": {"write": {"device_start": 1585499944.8149316, "host_queued_start": 1585500007.691675, "device_queued": 1585499944.7859974, "device_end": 1585499944.8149548, "host_queued_end": 1585500007.694962}, "device": "gpu", "nd_range": {"device_start": 1585499944.814958, "device_end": 1585499944.8155544}, "cmdq": 0, "read": {"device_start": 1585499944.815558, "device_end": 1585499944.8155804}}, "FFC_sans_bias40": {"write": {"device_start": -1, "host_queued_start": 1585500007.680852, "device_queued": -1, "device_end": -1, "host_queued_end": 1585500007.694962}, "device": "gpu", "nd_range": {"device_start": 1585499944.8025892, "device_end": 1585499944.803188}, "cmdq": 0, "read": {"device_start": -1, "device_end": -1}}, "softmax32": {"write": {"device_start": -1, "host_queued_start": 1585500007.682815, "device_queued": -1, "device_end": -1, "host_queued_end": 1585500007.694962}, "device": "gpu", "nd_range": {"device_start": 1585499944.8056333, "device_end": 1585499944.8058467}, "cmdq": 0, "read": {"device_start": -1, "device_end": -1}}, "FFC_sans_bias47": {"write": {"device_start": 1585499944.7950456, "host_queued_start": 1585500007.670463, "device_queued": 1585499944.7836092, "device_end": 1585499944.7950757, "host_queued_end": 1585500007.694962}, "device": "gpu", "nd_range": {"device_start": 1585499944.7950814, "device_end": 1585499944.795585}, "cmdq": 0, "read": {"device_start": -1, "device_end": -1}}, "FFC_sans_bias45": {"write": {"device_start": 1585499944.7935526, "host_queued_start": 1585500007.668377, "device_queued": 1585499944.783448, "device_end": 1585499944.7935822, "host_queued_end": 1585500007.694962}, "device": "gpu", "nd_range": {"device_start": 1585499944.7935894, "device_end": 1585499944.7941852}, "cmdq": 0, "read": {"device_start": -1, "device_end": -1}}, "softmax50": {"write": {"device_start": -1, "host_queued_start": 1585500007.683309, "device_queued": -1, "device_end": -1, "host_queued_end": 1585500007.694962}, "device": "gpu", "nd_range": {"device_start": 1585499944.8060594, "device_end": 1585499944.806269}, "cmdq": 0, "read": {"device_start": -1, "device_end": -1}}, "FFC_sans_bias33": {"write": {"device_start": -1, "host_queued_start": 1585500007.685156, "device_queued": -1, "device_end": -1, "host_queued_end": 1585500007.694962}, "device": "gpu", "nd_range": {"device_start": 1585499944.8084826, "device_end": 1585499944.809083}, "cmdq": 0, "read": {"device_start": -1, "device_end": -1}}, "FFC_sans_bias63": {"write": {"device_start": 1585499944.7994633, "host_queued_start": 1585500007.676727, "device_queued": 1585499944.7841752, "device_end": 1585499944.7994924, "host_queued_end": 1585500007.694962}, "device": "gpu", "nd_range": {"device_start": 1585499944.7994988, "device_end": 1585499944.8000984}, "cmdq": 0, "read": {"device_start": -1, "device_end": -1}}, "FFC_sans_bias49": {"write": {"device_start": -1, "host_queued_start": 1585500007.681165, "device_queued": -1, "device_end": -1, "host_queued_end": 1585500007.694962}, "device": "gpu", "nd_range": {"device_start": 1585499944.803189, "device_end": 1585499944.803787}, "cmdq": 0, "read": {"device_start": -1, "device_end": -1}}, "FFC_sans_bias64": {"write": {"device_start": 1585499944.797956, "host_queued_start": 1585500007.674642, "device_queued": 1585499944.7840195, "device_end": 1585499944.797985, "host_queued_end": 1585500007.694962}, "device": "gpu", "nd_range": {"device_start": 1585499944.7979915, "device_end": 1585499944.7985895}, "cmdq": 0, "read": {"device_start": -1, "device_end": -1}}, "FFC_sans_bias65": {"write": {"device_start": 1585499944.7987065, "host_queued_start": 1585500007.675691, "device_queued": 1585499944.7841413, "device_end": 1585499944.7987354, "host_queued_end": 1585500007.694962}, "device": "gpu", "nd_range": {"device_start": 1585499944.798742, "device_end": 1585499944.7993479}, "cmdq": 0, "read": {"device_start": -1, "device_end": -1}}, "FFC_sans_bias67": {"write": {"device_start": -1, "host_queued_start": 1585500007.681809, "device_queued": -1, "device_end": -1, "host_queued_end": 1585500007.694962}, "device": "gpu", "nd_range": {"device_start": 1585499944.8043897, "device_end": 1585499944.8049932}, "cmdq": 0, "read": {"device_start": -1, "device_end": -1}}, "FFC_sans_bias24": {"write": {"device_start": -1, "host_queued_start": 1585500007.684836, "device_queued": -1, "device_end": -1, "host_queued_end": 1585500007.694962}, "device": "gpu", "nd_range": {"device_start": 1585499944.807893, "device_end": 1585499944.8084812}, "cmdq": 0, "read": {"device_start": -1, "device_end": -1}}, "FFC_sans_bias25": {"write": {"device_start": 1585499944.813266, "host_queued_start": 1585500007.689586, "device_queued": 1585499944.785811, "device_end": 1585499944.8132946, "host_queued_end": 1585500007.694962}, "device": "gpu", "nd_range": {"device_start": 1585499944.813301, "device_end": 1585499944.8138988}, "cmdq": 0, "read": {"device_start": 1585499944.8139043, "device_end": 1585499944.8139265}}, "FFC_sans_bias27": {"write": {"device_start": 1585499944.7890594, "host_queued_start": 1585500007.662094, "device_queued": 1585499944.7828045, "device_end": 1585499944.789083, "host_queued_end": 1585500007.694962}, "device": "gpu", "nd_range": {"device_start": 1585499944.78909, "device_end": 1585499944.7896907}, "cmdq": 0, "read": {"device_start": -1, "device_end": -1}}, "FFC_sans_bias20": {"write": {"device_start": 1585499944.7883444, "host_queued_start": 1585500007.661054, "device_queued": 1585499944.7827556, "device_end": 1585499944.7883677, "host_queued_end": 1585500007.694962}, "device": "gpu", "nd_range": {"device_start": 1585499944.7883742, "device_end": 1585499944.7889597}, "cmdq": 0, "read": {"device_start": -1, "device_end": -1}}, "FFC_sans_bias22": {"write": {"device_start": -1, "host_queued_start": 1585500007.680203, "device_queued": -1, "device_end": -1, "host_queued_end": 1585500007.694962}, "device": "gpu", "nd_range": {"device_start": 1585499944.8013835, "device_end": 1585499944.8019838}, "cmdq": 0, "read": {"device_start": -1, "device_end": -1}}, "softmax68": {"write": {"device_start": -1, "host_queued_start": 1585500007.683798, "device_queued": -1, "device_end": -1, "host_queued_end": 1585500007.694962}, "device": "gpu", "nd_range": {"device_start": 1585499944.8064823, "device_end": 1585499944.8066916}, "cmdq": 0, "read": {"device_start": -1, "device_end": -1}}, "softmax5": {"write": {"device_start": -1, "host_queued_start": 1585500007.682062, "device_queued": -1, "device_end": -1, "host_queued_end": 1585500007.694962}, "device": "gpu", "nd_range": {"device_start": 1585499944.804994, "device_end": 1585499944.8052082}, "cmdq": 0, "read": {"device_start": -1, "device_end": -1}}, "FFC_sans_bias28": {"write": {"device_start": 1585499944.7897906, "host_queued_start": 1585500007.663158, "device_queued": 1585499944.7829394, "device_end": 1585499944.789819, "host_queued_end": 1585500007.694962}, "device": "gpu", "nd_range": {"device_start": 1585499944.7898219, "device_end": 1585499944.7904282}, "cmdq": 0, "read": {"device_start": -1, "device_end": -1}}, "FFC_sans_bias29": {"write": {"device_start": 1585499944.7905269, "host_queued_start": 1585500007.664206, "device_queued": 1585499944.7829907, "device_end": 1585499944.7905567, "host_queued_end": 1585500007.694962}, "device": "gpu", "nd_range": {"device_start": 1585499944.7905624, "device_end": 1585499944.7911625}, "cmdq": 0, "read": {"device_start": -1, "device_end": -1}}, "empty17": {"write": {"device_start": 1585499944.7811537, "host_queued_start": 1585500007.646445, "device_queued": 1585499944.7810533, "device_end": 1585499944.7811778, "host_queued_end": 1585500007.694962}, "device": "gpu", "nd_range": {"device_start": 1585499944.7811866, "device_end": 1585499944.78119}, "cmdq": 0, "read": {"device_start": -1, "device_end": -1}}, "softmax59": {"write": {"device_start": -1, "host_queued_start": 1585500007.683554, "device_queued": -1, "device_end": -1, "host_queued_end": 1585500007.694962}, "device": "gpu", "nd_range": {"device_start": 1585499944.806271, "device_end": 1585499944.8064814}, "cmdq": 0, "read": {"device_start": -1, "device_end": -1}}, "empty71": {"write": {"device_start": 1585499944.7822602, "host_queued_start": 1585500007.651439, "device_queued": 1585499944.7815354, "device_end": 1585499944.7822886, "host_queued_end": 1585500007.694962}, "device": "gpu", "nd_range": {"device_start": 1585499944.782291, "device_end": 1585499944.7822952}, "cmdq": 0, "read": {"device_start": -1, "device_end": -1}}, "empty35": {"write": {"device_start": 1585499944.781507, "host_queued_start": 1585500007.64812, "device_queued": 1585499944.7811365, "device_end": 1585499944.7815318, "host_queued_end": 1585500007.694962}, "device": "gpu", "nd_range": {"device_start": 1585499944.7815423, "device_end": 1585499944.7815459}, "cmdq": 0, "read": {"device_start": -1, "device_end": -1}}, "empty53": {"write": {"device_start": 1585499944.781873, "host_queued_start": 1585500007.64974, "device_queued": 1585499944.7814689, "device_end": 1585499944.7819026, "host_queued_end": 1585500007.694962}, "device": "gpu", "nd_range": {"device_start": 1585499944.7819114, "device_end": 1585499944.781915}, "cmdq": 0, "read": {"device_start": -1, "device_end": -1}}, "FFC_sans_bias46": {"write": {"device_start": 1585499944.7943022, "host_queued_start": 1585500007.669413, "device_queued": 1585499944.7835755, "device_end": 1585499944.7943301, "host_queued_end": 1585500007.694962}, "device": "gpu", "nd_range": {"device_start": 1585499944.7943368, "device_end": 1585499944.7949271}, "cmdq": 0, "read": {"device_start": -1, "device_end": -1}}, "coalesced_transpose66": {"write": {"device_start": -1, "host_queued_start": 1585500007.679206, "device_queued": -1, "device_end": -1, "host_queued_end": 1585500007.694962}, "device": "gpu", "nd_range": {"device_start": 1585499944.8001688, "device_end": 1585499944.8001776}, "cmdq": 0, "read": {"device_start": -1, "device_end": -1}}, "coalesced_transpose48": {"write": {"device_start": -1, "host_queued_start": 1585500007.678605, "device_queued": -1, "device_end": -1, "host_queued_end": 1585500007.694962}, "device": "gpu", "nd_range": {"device_start": 1585499944.8001485, "device_end": 1585499944.8001575}, "cmdq": 0, "read": {"device_start": -1, "device_end": -1}}}