{"FFC_sans_bias60": {"write": {"device_start": -1, "host_queued_start": 1585500086.075397, "device_queued": -1, "device_end": -1, "host_queued_end": 1585500086.083236}, "device": "gpu", "nd_range": {"device_start": 1585500023.1880808, "device_end": 1585500023.1890516}, "cmdq": 0, "read": {"device_start": -1, "device_end": -1}}, "FFC_sans_bias4": {"write": {"device_start": -1, "host_queued_start": 1585500086.089945, "device_queued": -1, "device_end": -1, "host_queued_end": 1585500086.091749}, "device": "cpu", "nd_range": {"device_start": 2167860.2942747413, "device_end": 2167860.298463366}, "cmdq": 0, "read": {"device_start": -1, "device_end": -1}}, "FFC_sans_bias7": {"write": {"device_start": -1, "host_queued_start": 1585500086.091691, "device_queued": -1, "device_end": -1, "host_queued_end": 1585500086.091749}, "device": "cpu", "nd_range": {"device_start": 2167860.30354841, "device_end": 2167860.307772486}, "cmdq": 0, "read": {"device_start": -1, "device_end": -1}}, "FFC_sans_bias6": {"write": {"device_start": -1, "host_queued_start": 1585500086.090576, "device_queued": -1, "device_end": -1, "host_queued_end": 1585500086.091749}, "device": "cpu", "nd_range": {"device_start": 2167860.298735885, "device_end": 2167860.303541263}, "cmdq": 0, "read": {"device_start": -1, "device_end": -1}}, "FFC_sans_bias1": {"write": {"device_start": -1, "host_queued_start": 1585500086.087742, "device_queued": -1, "device_end": -1, "host_queued_end": 1585500086.091749}, "device": "cpu", "nd_range": {"device_start": 2167860.285502404, "device_end": 2167860.290199441}, "cmdq": 0, "read": {"device_start": -1, "device_end": -1}}, "FFC_sans_bias0": {"write": {"device_start": -1, "host_queued_start": 1585500086.086271, "device_queued": -1, "device_end": -1, "host_queued_end": 1585500086.091749}, "device": "cpu", "nd_range": {"device_start": 2167860.281315479, "device_end": 2167860.285483294}, "cmdq": 0, "read": {"device_start": -1, "device_end": -1}}, "FFC_sans_bias2": {"write": {"device_start": -1, "host_queued_start": 1585500086.089163, "device_queued": -1, "device_end": -1, "host_queued_end": 1585500086.091749}, "device": "cpu", "nd_range": {"device_start": 2167860.290208491, "device_end": 2167860.294150914}, "cmdq": 0, "read": {"device_start": -1, "device_end": -1}}, "FFC_sans_bias61": {"write": {"device_start": 1585500023.1925716, "host_queued_start": 1585500086.082059, "device_queued": 1585500023.172094, "device_end": 1585500023.1925967, "host_queued_end": 1585500086.083236}, "device": "gpu", "nd_range": {"device_start": 1585500023.1926055, "device_end": 1585500023.1933017}, "cmdq": 1, "read": {"device_start": 1585500023.193306, "device_end": 1585500023.193328}}, "FFC_sans_bias52": {"write": {"device_start": 1585500023.1911092, "host_queued_start": 1585500086.081018, "device_queued": 1585500023.172036, "device_end": 1585500023.1911342, "host_queued_end": 1585500086.083236}, "device": "gpu", "nd_range": {"device_start": 1585500023.191145, "device_end": 1585500023.1918929}, "cmdq": 0, "read": {"device_start": 1585500023.1918957, "device_end": 1585500023.19192}}, "FFC_sans_bias9": {"write": {"device_start": 1585500023.167846, "host_queued_start": 1585500086.046081, "device_queued": 1585500023.1675293, "device_end": 1585500023.1678703, "host_queued_end": 1585500086.083236}, "device": "gpu", "nd_range": {"device_start": 1585500023.1678758, "device_end": 1585500023.168482}, "cmdq": 1, "read": {"device_start": -1, "device_end": -1}}, "coalesced_transpose39": {"write": {"device_start": -1, "host_queued_start": 1585500086.068549, "device_queued": -1, "device_end": -1, "host_queued_end": 1585500086.083236}, "device": "gpu", "nd_range": {"device_start": 1585500023.182359, "device_end": 1585500023.1823788}, "cmdq": 1, "read": {"device_start": -1, "device_end": -1}}, "FFC_sans_bias55": {"write": {"device_start": 1585500023.1790612, "host_queued_start": 1585500086.064138, "device_queued": 1585500023.169462, "device_end": 1585500023.1790948, "host_queued_end": 1585500086.083236}, "device": "gpu", "nd_range": {"device_start": 1585500023.1791012, "device_end": 1585500023.180081}, "cmdq": 0, "read": {"device_start": -1, "device_end": -1}}, "FFC_sans_bias54": {"write": {"device_start": 1585500023.1789627, "host_queued_start": 1585500086.063107, "device_queued": 1585500023.169321, "device_end": 1585500023.1790538, "host_queued_end": 1585500086.083236}, "device": "gpu", "nd_range": {"device_start": 1585500023.1790617, "device_end": 1585500023.1796858}, "cmdq": 1, "read": {"device_start": -1, "device_end": -1}}, "FFC_sans_bias56": {"write": {"device_start": 1585500023.1748695, "host_queued_start": 1585500086.062039, "device_queued": 1585500023.1692798, "device_end": 1585500023.1748965, "host_queued_end": 1585500086.083236}, "device": "gpu", "nd_range": {"device_start": 1585500023.1749027, "device_end": 1585500023.1756914}, "cmdq": 0, "read": {"device_start": -1, "device_end": -1}}, "FFC_sans_bias51": {"write": {"device_start": -1, "host_queued_start": 1585500086.075078, "device_queued": -1, "device_end": -1, "host_queued_end": 1585500086.083236}, "device": "gpu", "nd_range": {"device_start": 1585500023.1884959, "device_end": 1585500023.189472}, "cmdq": 1, "read": {"device_start": -1, "device_end": -1}}, "softmax23": {"write": {"device_start": -1, "host_queued_start": 1585500086.072218, "device_queued": -1, "device_end": -1, "host_queued_end": 1585500086.083236}, "device": "gpu", "nd_range": {"device_start": 1585500023.185996, "device_end": 1585500023.186204}, "cmdq": 1, "read": {"device_start": -1, "device_end": -1}}, "FFC_sans_bias37": {"write": {"device_start": 1585500023.1724555, "host_queued_start": 1585500086.056768, "device_queued": 1585500023.1686754, "device_end": 1585500023.1724823, "host_queued_end": 1585500086.083236}, "device": "gpu", "nd_range": {"device_start": 1585500023.172487, "device_end": 1585500023.1733017}, "cmdq": 1, "read": {"device_start": -1, "device_end": -1}}, "empty62": {"write": {"device_start": 1585500023.16764, "host_queued_start": 1585500086.044299, "device_queued": 1585500023.1674647, "device_end": 1585500023.1677213, "host_queued_end": 1585500086.083236}, "device": "gpu", "nd_range": {"device_start": 1585500023.1677248, "device_end": 1585500023.1677299}, "cmdq": 1, "read": {"device_start": -1, "device_end": -1}}, "FFC_sans_bias70": {"write": {"device_start": 1585500023.1920433, "host_queued_start": 1585500086.083133, "device_queued": 1585500023.1722791, "device_end": 1585500023.1920679, "host_queued_end": 1585500086.083236}, "device": "gpu", "nd_range": {"device_start": 1585500023.1920793, "device_end": 1585500023.1928592}, "cmdq": 0, "read": {"device_start": 1585500023.193398, "device_end": 1585500023.1934202}}, "FFC_sans_bias58": {"write": {"device_start": -1, "host_queued_start": 1585500086.07141, "device_queued": -1, "device_end": -1, "host_queued_end": 1585500086.083236}, "device": "gpu", "nd_range": {"device_start": 1585500023.183977, "device_end": 1585500023.1849468}, "cmdq": 0, "read": {"device_start": -1, "device_end": -1}}, "softmax41": {"write": {"device_start": -1, "host_queued_start": 1585500086.072716, "device_queued": -1, "device_end": -1, "host_queued_end": 1585500086.083236}, "device": "gpu", "nd_range": {"device_start": 1585500023.186215, "device_end": 1585500023.1864219}, "cmdq": 1, "read": {"device_start": -1, "device_end": -1}}, "FFC_sans_bias11": {"write": {"device_start": 1585500023.1685915, "host_queued_start": 1585500086.048214, "device_queued": 1585500023.1678042, "device_end": 1585500023.168623, "host_queued_end": 1585500086.083236}, "device": "gpu", "nd_range": {"device_start": 1585500023.1686277, "device_end": 1585500023.1694694}, "cmdq": 1, "read": {"device_start": -1, "device_end": -1}}, "FFC_sans_bias10": {"write": {"device_start": 1585500023.1679568, "host_queued_start": 1585500086.04717, "device_queued": 1585500023.167761, "device_end": 1585500023.1679878, "host_queued_end": 1585500086.083236}, "device": "gpu", "nd_range": {"device_start": 1585500023.167992, "device_end": 1585500023.168896}, "cmdq": 0, "read": {"device_start": -1, "device_end": -1}}, "coalesced_transpose3": {"write": {"device_start": -1, "host_queued_start": 1585500086.089571, "device_queued": -1, "device_end": -1, "host_queued_end": 1585500086.091749}, "device": "cpu", "nd_range": {"device_start": 2167860.2941560913, "device_end": 2167860.29425228}, "cmdq": 0, "read": {"device_start": -1, "device_end": -1}}, "FFC_sans_bias34": {"write": {"device_start": 1585500023.1901493, "host_queued_start": 1585500086.078916, "device_queued": 1585500023.171767, "device_end": 1585500023.1901748, "host_queued_end": 1585500086.083236}, "device": "gpu", "nd_range": {"device_start": 1585500023.1901855, "device_end": 1585500023.1909432}, "cmdq": 0, "read": {"device_start": 1585500023.1909518, "device_end": 1585500023.1909766}}, "FFC_sans_bias15": {"write": {"device_start": -1, "host_queued_start": 1585500086.073791, "device_queued": -1, "device_end": -1, "host_queued_end": 1585500086.083236}, "device": "gpu", "nd_range": {"device_start": 1585500023.1867802, "device_end": 1585500023.1874886}, "cmdq": 1, "read": {"device_start": -1, "device_end": -1}}, "FFC_sans_bias31": {"write": {"device_start": -1, "host_queued_start": 1585500086.070424, "device_queued": -1, "device_end": -1, "host_queued_end": 1585500086.083236}, "device": "gpu", "nd_range": {"device_start": 1585500023.1834295, "device_end": 1585500023.1844013}, "cmdq": 1, "read": {"device_start": -1, "device_end": -1}}, "FFC_sans_bias16": {"write": {"device_start": 1585500023.1891472, "host_queued_start": 1585500086.076805, "device_queued": 1585500023.171495, "device_end": 1585500023.1891737, "host_queued_end": 1585500086.083236}, "device": "gpu", "nd_range": {"device_start": 1585500023.1891847, "device_end": 1585500023.1899693}, "cmdq": 0, "read": {"device_start": 1585500023.189977, "device_end": 1585500023.1900027}}, "FFC_sans_bias19": {"write": {"device_start": 1585500023.1695673, "host_queued_start": 1585500086.050447, "device_queued": 1585500023.1680298, "device_end": 1585500023.1695983, "host_queued_end": 1585500086.083236}, "device": "gpu", "nd_range": {"device_start": 1585500023.1696036, "device_end": 1585500023.1704378}, "cmdq": 1, "read": {"device_start": -1, "device_end": -1}}, "FFC_sans_bias18": {"write": {"device_start": 1585500023.169006, "host_queued_start": 1585500086.049248, "device_queued": 1585500023.16799, "device_end": 1585500023.1690373, "host_queued_end": 1585500086.083236}, "device": "gpu", "nd_range": {"device_start": 1585500023.169041, "device_end": 1585500023.1698802}, "cmdq": 0, "read": {"device_start": -1, "device_end": -1}}, "coalesced_transpose30": {"write": {"device_start": -1, "host_queued_start": 1585500086.068247, "device_queued": -1, "device_end": -1, "host_queued_end": 1585500086.083236}, "device": "gpu", "nd_range": {"device_start": 1585500023.1810927, "device_end": 1585500023.1811066}, "cmdq": 0, "read": {"device_start": -1, "device_end": -1}}, "FFC_sans_bias69": {"write": {"device_start": -1, "host_queued_start": 1585500086.075707, "device_queued": -1, "device_end": -1, "host_queued_end": 1585500086.083236}, "device": "gpu", "nd_range": {"device_start": 1585500023.1894815, "device_end": 1585500023.190469}, "cmdq": 1, "read": {"device_start": -1, "device_end": -1}}, "FFC_sans_bias38": {"write": {"device_start": 1585500023.17294, "host_queued_start": 1585500086.057803, "device_queued": 1585500023.1688256, "device_end": 1585500023.1729674, "host_queued_end": 1585500086.083236}, "device": "gpu", "nd_range": {"device_start": 1585500023.1729736, "device_end": 1585500023.1738205}, "cmdq": 0, "read": {"device_start": -1, "device_end": -1}}, "coalesced_transpose57": {"write": {"device_start": -1, "host_queued_start": 1585500086.069152, "device_queued": -1, "device_end": -1, "host_queued_end": 1585500086.083236}, "device": "gpu", "nd_range": {"device_start": 1585500023.1823895, "device_end": 1585500023.1827965}, "cmdq": 1, "read": {"device_start": -1, "device_end": -1}}, "empty26": {"write": {"device_start": 1585500023.167159, "host_queued_start": 1585500086.040998, "device_queued": 1585500023.1670482, "device_end": 1585500023.1672413, "host_queued_end": 1585500086.083236}, "device": "gpu", "nd_range": {"device_start": 1585500023.1672523, "device_end": 1585500023.167256}, "cmdq": 1, "read": {"device_start": -1, "device_end": -1}}, "coalesced_transpose12": {"write": {"device_start": -1, "host_queued_start": 1585500086.067635, "device_queued": -1, "device_end": -1, "host_queued_end": 1585500086.083236}, "device": "gpu", "nd_range": {"device_start": 1585500023.181079, "device_end": 1585500023.1810918}, "cmdq": 0, "read": {"device_start": -1, "device_end": -1}}, "empty44": {"write": {"device_start": 1585500023.1673782, "host_queued_start": 1585500086.042683, "device_queued": 1585500023.1671793, "device_end": 1585500023.1674042, "host_queued_end": 1585500086.083236}, "device": "gpu", "nd_range": {"device_start": 1585500023.1674187, "device_end": 1585500023.1674223}, "cmdq": 1, "read": {"device_start": -1, "device_end": -1}}, "coalesced_transpose21": {"write": {"device_start": -1, "host_queued_start": 1585500086.067939, "device_queued": -1, "device_end": -1, "host_queued_end": 1585500086.083236}, "device": "gpu", "nd_range": {"device_start": 1585500023.1823432, "device_end": 1585500023.1823573}, "cmdq": 1, "read": {"device_start": -1, "device_end": -1}}, "FFC_sans_bias36": {"write": {"device_start": 1585500023.1720603, "host_queued_start": 1585500086.05574, "device_queued": 1585500023.1686227, "device_end": 1585500023.1720936, "host_queued_end": 1585500086.083236}, "device": "gpu", "nd_range": {"device_start": 1585500023.1720977, "device_end": 1585500023.1728425}, "cmdq": 0, "read": {"device_start": -1, "device_end": -1}}, "softmax14": {"write": {"device_start": -1, "host_queued_start": 1585500086.071971, "device_queued": -1, "device_end": -1, "host_queued_end": 1585500086.083236}, "device": "gpu", "nd_range": {"device_start": 1585500023.1849585, "device_end": 1585500023.185437}, "cmdq": 0, "read": {"device_start": -1, "device_end": -1}}, "FFC_sans_bias13": {"write": {"device_start": -1, "host_queued_start": 1585500086.069793, "device_queued": -1, "device_end": -1, "host_queued_end": 1585500086.083236}, "device": "gpu", "nd_range": {"device_start": 1585500023.1828096, "device_end": 1585500023.1834178}, "cmdq": 1, "read": {"device_start": -1, "device_end": -1}}, "empty8": {"write": {"device_start": -1, "host_queued_start": 1585500086.084858, "device_queued": -1, "device_end": -1, "host_queued_end": 1585500086.091749}, "device": "cpu", "nd_range": {"device_start": 2167860.28129117, "device_end": 2167860.281301061}, "cmdq": 0, "read": {"device_start": -1, "device_end": -1}}, "FFC_sans_bias42": {"write": {"device_start": -1, "host_queued_start": 1585500086.074765, "device_queued": -1, "device_end": -1, "host_queued_end": 1585500086.083236}, "device": "gpu", "nd_range": {"device_start": 1585500023.1870952, "device_end": 1585500023.188071}, "cmdq": 0, "read": {"device_start": -1, "device_end": -1}}, "FFC_sans_bias43": {"write": {"device_start": 1585500023.19161, "host_queued_start": 1585500086.079965, "device_queued": 1585500023.1718018, "device_end": 1585500023.1916356, "host_queued_end": 1585500086.083236}, "device": "gpu", "nd_range": {"device_start": 1585500023.1916466, "device_end": 1585500023.1924047}, "cmdq": 1, "read": {"device_start": 1585500023.1924098, "device_end": 1585500023.192434}}, "FFC_sans_bias40": {"write": {"device_start": -1, "host_queued_start": 1585500086.070782, "device_queued": -1, "device_end": -1, "host_queued_end": 1585500086.083236}, "device": "gpu", "nd_range": {"device_start": 1585500023.182991, "device_end": 1585500023.1839652}, "cmdq": 0, "read": {"device_start": -1, "device_end": -1}}, "softmax32": {"write": {"device_start": -1, "host_queued_start": 1585500086.072465, "device_queued": -1, "device_end": -1, "host_queued_end": 1585500086.083236}, "device": "gpu", "nd_range": {"device_start": 1585500023.1854477, "device_end": 1585500023.1860414}, "cmdq": 0, "read": {"device_start": -1, "device_end": -1}}, "FFC_sans_bias47": {"write": {"device_start": 1585500023.1743736, "host_queued_start": 1585500086.06101, "device_queued": 1585500023.1691256, "device_end": 1585500023.1743994, "host_queued_end": 1585500086.083236}, "device": "gpu", "nd_range": {"device_start": 1585500023.1744056, "device_end": 1585500023.1752408}, "cmdq": 1, "read": {"device_start": -1, "device_end": -1}}, "FFC_sans_bias45": {"write": {"device_start": 1585500023.1733918, "host_queued_start": 1585500086.058875, "device_queued": 1585500023.168864, "device_end": 1585500023.1734188, "host_queued_end": 1585500086.083236}, "device": "gpu", "nd_range": {"device_start": 1585500023.1734252, "device_end": 1585500023.1742773}, "cmdq": 1, "read": {"device_start": -1, "device_end": -1}}, "softmax50": {"write": {"device_start": -1, "host_queued_start": 1585500086.072966, "device_queued": -1, "device_end": -1, "host_queued_end": 1585500086.083236}, "device": "gpu", "nd_range": {"device_start": 1585500023.1860518, "device_end": 1585500023.1862574}, "cmdq": 0, "read": {"device_start": -1, "device_end": -1}}, "FFC_sans_bias33": {"write": {"device_start": -1, "host_queued_start": 1585500086.074425, "device_queued": -1, "device_end": -1, "host_queued_end": 1585500086.083236}, "device": "gpu", "nd_range": {"device_start": 1585500023.1874983, "device_end": 1585500023.1884863}, "cmdq": 1, "read": {"device_start": -1, "device_end": -1}}, "FFC_sans_bias63": {"write": {"device_start": 1585500023.1817136, "host_queued_start": 1585500086.06731, "device_queued": 1585500023.1697752, "device_end": 1585500023.1817424, "host_queued_end": 1585500086.083236}, "device": "gpu", "nd_range": {"device_start": 1585500023.1817472, "device_end": 1585500023.1823418}, "cmdq": 1, "read": {"device_start": -1, "device_end": -1}}, "FFC_sans_bias49": {"write": {"device_start": -1, "host_queued_start": 1585500086.071093, "device_queued": -1, "device_end": -1, "host_queued_end": 1585500086.083236}, "device": "gpu", "nd_range": {"device_start": 1585500023.184412, "device_end": 1585500023.1853764}, "cmdq": 1, "read": {"device_start": -1, "device_end": -1}}, "FFC_sans_bias64": {"write": {"device_start": 1585500023.1797864, "host_queued_start": 1585500086.06521, "device_queued": 1585500023.169515, "device_end": 1585500023.1798134, "host_queued_end": 1585500086.083236}, "device": "gpu", "nd_range": {"device_start": 1585500023.1798193, "device_end": 1585500023.180653}, "cmdq": 1, "read": {"device_start": -1, "device_end": -1}}, "FFC_sans_bias65": {"write": {"device_start": 1585500023.1801727, "host_queued_start": 1585500086.066247, "device_queued": 1585500023.169703, "device_end": 1585500023.1802003, "host_queued_end": 1585500086.083236}, "device": "gpu", "nd_range": {"device_start": 1585500023.1802065, "device_end": 1585500023.1810777}, "cmdq": 0, "read": {"device_start": -1, "device_end": -1}}, "FFC_sans_bias67": {"write": {"device_start": -1, "host_queued_start": 1585500086.071721, "device_queued": -1, "device_end": -1, "host_queued_end": 1585500086.083236}, "device": "gpu", "nd_range": {"device_start": 1585500023.1853874, "device_end": 1585500023.185985}, "cmdq": 1, "read": {"device_start": -1, "device_end": -1}}, "FFC_sans_bias24": {"write": {"device_start": -1, "host_queued_start": 1585500086.074107, "device_queued": -1, "device_end": -1, "host_queued_end": 1585500086.083236}, "device": "gpu", "nd_range": {"device_start": 1585500023.1864808, "device_end": 1585500023.1870852}, "cmdq": 0, "read": {"device_start": -1, "device_end": -1}}, "FFC_sans_bias25": {"write": {"device_start": 1585500023.1905491, "host_queued_start": 1585500086.077856, "device_queued": 1585500023.171572, "device_end": 1585500023.1905742, "host_queued_end": 1585500086.083236}, "device": "gpu", "nd_range": {"device_start": 1585500023.1905863, "device_end": 1585500023.191439}, "cmdq": 1, "read": {"device_start": 1585500023.191447, "device_end": 1585500023.1914723}}, "FFC_sans_bias27": {"write": {"device_start": 1585500023.1705837, "host_queued_start": 1585500086.052551, "device_queued": 1585500023.1682403, "device_end": 1585500023.1706154, "host_queued_end": 1585500086.083236}, "device": "gpu", "nd_range": {"device_start": 1585500023.1706219, "device_end": 1585500023.1713524}, "cmdq": 1, "read": {"device_start": -1, "device_end": -1}}, "FFC_sans_bias20": {"write": {"device_start": 1585500023.1700177, "host_queued_start": 1585500086.051519, "device_queued": 1585500023.1681888, "device_end": 1585500023.1700497, "host_queued_end": 1585500086.083236}, "device": "gpu", "nd_range": {"device_start": 1585500023.1700535, "device_end": 1585500023.1708672}, "cmdq": 0, "read": {"device_start": -1, "device_end": -1}}, "FFC_sans_bias22": {"write": {"device_start": -1, "host_queued_start": 1585500086.070107, "device_queued": -1, "device_end": -1, "host_queued_end": 1585500086.083236}, "device": "gpu", "nd_range": {"device_start": 1585500023.182375, "device_end": 1585500023.182979}, "cmdq": 0, "read": {"device_start": -1, "device_end": -1}}, "softmax68": {"write": {"device_start": -1, "host_queued_start": 1585500086.073474, "device_queued": -1, "device_end": -1, "host_queued_end": 1585500086.083236}, "device": "gpu", "nd_range": {"device_start": 1585500023.1862671, "device_end": 1585500023.1864707}, "cmdq": 0, "read": {"device_start": -1, "device_end": -1}}, "softmax5": {"write": {"device_start": -1, "host_queued_start": 1585500086.090235, "device_queued": -1, "device_end": -1, "host_queued_end": 1585500086.091749}, "device": "cpu", "nd_range": {"device_start": 2167860.298473825, "device_end": 2167860.2986118663}, "cmdq": 0, "read": {"device_start": -1, "device_end": -1}}, "FFC_sans_bias28": {"write": {"device_start": 1585500023.1709998, "host_queued_start": 1585500086.053623, "device_queued": 1585500023.1683903, "device_end": 1585500023.171026, "host_queued_end": 1585500086.083236}, "device": "gpu", "nd_range": {"device_start": 1585500023.171031, "device_end": 1585500023.1718652}, "cmdq": 0, "read": {"device_start": -1, "device_end": -1}}, "FFC_sans_bias29": {"write": {"device_start": 1585500023.1714895, "host_queued_start": 1585500086.054706, "device_queued": 1585500023.1684308, "device_end": 1585500023.1715214, "host_queued_end": 1585500086.083236}, "device": "gpu", "nd_range": {"device_start": 1585500023.1715326, "device_end": 1585500023.1723244}, "cmdq": 1, "read": {"device_start": -1, "device_end": -1}}, "empty17": {"write": {"device_start": 1585500023.1670537, "host_queued_start": 1585500086.039924, "device_queued": 1585500023.1669214, "device_end": 1585500023.1671088, "host_queued_end": 1585500086.083236}, "device": "gpu", "nd_range": {"device_start": 1585500023.1671178, "device_end": 1585500023.1671233}, "cmdq": 0, "read": {"device_start": -1, "device_end": -1}}, "softmax59": {"write": {"device_start": -1, "host_queued_start": 1585500086.073212, "device_queued": -1, "device_end": -1, "host_queued_end": 1585500086.083236}, "device": "gpu", "nd_range": {"device_start": 1585500023.186432, "device_end": 1585500023.1867704}, "cmdq": 1, "read": {"device_start": -1, "device_end": -1}}, "empty71": {"write": {"device_start": 1585500023.1677608, "host_queued_start": 1585500086.045111, "device_queued": 1585500023.1674948, "device_end": 1585500023.1678433, "host_queued_end": 1585500086.083236}, "device": "gpu", "nd_range": {"device_start": 1585500023.167857, "device_end": 1585500023.1678708}, "cmdq": 0, "read": {"device_start": -1, "device_end": -1}}, "empty35": {"write": {"device_start": 1585500023.1672857, "host_queued_start": 1585500086.041843, "device_queued": 1585500023.1671453, "device_end": 1585500023.1673572, "host_queued_end": 1585500086.083236}, "device": "gpu", "nd_range": {"device_start": 1585500023.1673625, "device_end": 1585500023.1673677}, "cmdq": 0, "read": {"device_start": -1, "device_end": -1}}, "empty53": {"write": {"device_start": 1585500023.1675243, "host_queued_start": 1585500086.043488, "device_queued": 1585500023.1674244, "device_end": 1585500023.167593, "host_queued_end": 1585500086.083236}, "device": "gpu", "nd_range": {"device_start": 1585500023.1675963, "device_end": 1585500023.1676052}, "cmdq": 0, "read": {"device_start": -1, "device_end": -1}}, "FFC_sans_bias46": {"write": {"device_start": 1585500023.1739185, "host_queued_start": 1585500086.059943, "device_queued": 1585500023.1690762, "device_end": 1585500023.1739457, "host_queued_end": 1585500086.083236}, "device": "gpu", "nd_range": {"device_start": 1585500023.173951, "device_end": 1585500023.174778}, "cmdq": 0, "read": {"device_start": -1, "device_end": -1}}, "coalesced_transpose66": {"write": {"device_start": -1, "host_queued_start": 1585500086.069452, "device_queued": -1, "device_end": -1, "host_queued_end": 1585500086.083236}, "device": "gpu", "nd_range": {"device_start": 1585500023.1811306, "device_end": 1585500023.1811423}, "cmdq": 0, "read": {"device_start": -1, "device_end": -1}}, "coalesced_transpose48": {"write": {"device_start": -1, "host_queued_start": 1585500086.068854, "device_queued": -1, "device_end": -1, "host_queued_end": 1585500086.083236}, "device": "gpu", "nd_range": {"device_start": 1585500023.1811075, "device_end": 1585500023.1811209}, "cmdq": 0, "read": {"device_start": -1, "device_end": -1}}}