{"FFC_sans_bias60": {"write": {"device_start": -1, "host_queued_start": 1585500419.522523, "device_queued": -1, "device_end": -1, "host_queued_end": 1585500419.528154}, "device": "gpu", "nd_range": {"device_start": 1585500356.614265, "device_end": 1585500356.6158972}, "cmdq": 2, "read": {"device_start": -1, "device_end": -1}}, "FFC_sans_bias4": {"write": {"device_start": -1, "host_queued_start": 1585500419.543914, "device_queued": -1, "device_end": -1, "host_queued_end": 1585500419.549751}, "device": "cpu", "nd_range": {"device_start": 2168193.7775032623, "device_end": 2168193.783678884}, "cmdq": 3, "read": {"device_start": -1, "device_end": -1}}, "FFC_sans_bias7": {"write": {"device_start": -1, "host_queued_start": 1585500419.547717, "device_queued": -1, "device_end": -1, "host_queued_end": 1585500419.549751}, "device": "cpu", "nd_range": {"device_start": 2168193.801910045, "device_end": 2168193.810480921}, "cmdq": 0, "read": {"device_start": -1, "device_end": -1}}, "FFC_sans_bias6": {"write": {"device_start": -1, "host_queued_start": 1585500419.545916, "device_queued": -1, "device_end": -1, "host_queued_end": 1585500419.549751}, "device": "cpu", "nd_range": {"device_start": 2168193.792322141, "device_end": 2168193.801898145}, "cmdq": 1, "read": {"device_start": -1, "device_end": -1}}, "FFC_sans_bias1": {"write": {"device_start": -1, "host_queued_start": 1585500419.534455, "device_queued": -1, "device_end": -1, "host_queued_end": 1585500419.549751}, "device": "cpu", "nd_range": {"device_start": 2168193.7393714613, "device_end": 2168193.754865672}, "cmdq": 0, "read": {"device_start": -1, "device_end": -1}}, "FFC_sans_bias0": {"write": {"device_start": -1, "host_queued_start": 1585500419.533162, "device_queued": -1, "device_end": -1, "host_queued_end": 1585500419.549751}, "device": "cpu", "nd_range": {"device_start": 2168193.7394991433, "device_end": 2168193.754758791}, "cmdq": 3, "read": {"device_start": -1, "device_end": -1}}, "FFC_sans_bias2": {"write": {"device_start": -1, "host_queued_start": 1585500419.535645, "device_queued": -1, "device_end": -1, "host_queued_end": 1585500419.549751}, "device": "cpu", "nd_range": {"device_start": 2168193.7393713254, "device_end": 2168193.7549285484}, "cmdq": 1, "read": {"device_start": -1, "device_end": -1}}, "FFC_sans_bias61": {"write": {"device_start": 1585500356.6165984, "host_queued_start": 1585500419.527014, "device_queued": 1585500356.6060884, "device_end": 1585500356.6166258, "host_queued_end": 1585500419.528154}, "device": "gpu", "nd_range": {"device_start": 1585500356.6166344, "device_end": 1585500356.6183424}, "cmdq": 3, "read": {"device_start": 1585500356.6183522, "device_end": 1585500356.618378}}, "FFC_sans_bias52": {"write": {"device_start": 1585500356.6160243, "host_queued_start": 1585500419.525965, "device_queued": 1585500356.606056, "device_end": 1585500356.616056, "host_queued_end": 1585500419.528154}, "device": "gpu", "nd_range": {"device_start": 1585500356.6160722, "device_end": 1585500356.617868}, "cmdq": 2, "read": {"device_start": 1585500356.6178744, "device_end": 1585500356.6178975}}, "FFC_sans_bias9": {"write": {"device_start": -1, "host_queued_start": 1585500419.536687, "device_queued": -1, "device_end": -1, "host_queued_end": 1585500419.549751}, "device": "cpu", "nd_range": {"device_start": 2168193.739397574, "device_end": 2168193.755700766}, "cmdq": 2, "read": {"device_start": -1, "device_end": -1}}, "coalesced_transpose39": {"write": {"device_start": -1, "host_queued_start": 1585500419.517507, "device_queued": -1, "device_end": -1, "host_queued_end": 1585500419.528154}, "device": "gpu", "nd_range": {"device_start": 1585500356.6099274, "device_end": 1585500356.6107655}, "cmdq": 1, "read": {"device_start": -1, "device_end": -1}}, "FFC_sans_bias55": {"write": {"device_start": 1585500356.6076384, "host_queued_start": 1585500419.513718, "device_queued": 1585500356.6043746, "device_end": 1585500356.6076703, "host_queued_end": 1585500419.528154}, "device": "gpu", "nd_range": {"device_start": 1585500356.6076758, "device_end": 1585500356.6094747}, "cmdq": 0, "read": {"device_start": -1, "device_end": -1}}, "FFC_sans_bias54": {"write": {"device_start": 1585500356.6071548, "host_queued_start": 1585500419.512672, "device_queued": 1585500356.6041324, "device_end": 1585500356.607187, "host_queued_end": 1585500419.528154}, "device": "gpu", "nd_range": {"device_start": 1585500356.6071942, "device_end": 1585500356.6089587}, "cmdq": 3, "read": {"device_start": -1, "device_end": -1}}, "FFC_sans_bias56": {"write": {"device_start": 1585500356.6066515, "host_queued_start": 1585500419.511621, "device_queued": 1585500356.6041176, "device_end": 1585500356.6066847, "host_queued_end": 1585500419.528154}, "device": "gpu", "nd_range": {"device_start": 1585500356.60669, "device_end": 1585500356.608498}, "cmdq": 2, "read": {"device_start": -1, "device_end": -1}}, "FFC_sans_bias51": {"write": {"device_start": -1, "host_queued_start": 1585500419.522208, "device_queued": -1, "device_end": -1, "host_queued_end": 1585500419.528154}, "device": "gpu", "nd_range": {"device_start": 1585500356.6139064, "device_end": 1585500356.615469}, "cmdq": 1, "read": {"device_start": -1, "device_end": -1}}, "softmax23": {"write": {"device_start": -1, "host_queued_start": 1585500419.545549, "device_queued": -1, "device_end": -1, "host_queued_end": 1585500419.549751}, "device": "cpu", "nd_range": {"device_start": 2168193.7944806963, "device_end": 2168193.79468521}, "cmdq": 0, "read": {"device_start": -1, "device_end": -1}}, "FFC_sans_bias37": {"write": {"device_start": 1585500356.604228, "host_queued_start": 1585500419.506351, "device_queued": 1585500356.603686, "device_end": 1585500356.6042588, "host_queued_end": 1585500419.528154}, "device": "gpu", "nd_range": {"device_start": 1585500356.604264, "device_end": 1585500356.606081}, "cmdq": 1, "read": {"device_start": -1, "device_end": -1}}, "empty62": {"write": {"device_start": 1585500356.6032202, "host_queued_start": 1585500419.500154, "device_queued": 1585500356.6029396, "device_end": 1585500356.6033099, "host_queued_end": 1585500419.528154}, "device": "gpu", "nd_range": {"device_start": 1585500356.6033156, "device_end": 1585500356.6033196}, "cmdq": 3, "read": {"device_start": -1, "device_end": -1}}, "FFC_sans_bias70": {"write": {"device_start": 1585500356.61715, "host_queued_start": 1585500419.528054, "device_queued": 1585500356.6063964, "device_end": 1585500356.6171808, "host_queued_end": 1585500419.528154}, "device": "gpu", "nd_range": {"device_start": 1585500356.6171873, "device_end": 1585500356.6188395}, "cmdq": 0, "read": {"device_start": 1585500356.6188464, "device_end": 1585500356.618872}}, "FFC_sans_bias58": {"write": {"device_start": -1, "host_queued_start": 1585500419.519687, "device_queued": -1, "device_end": -1, "host_queued_end": 1585500419.528154}, "device": "gpu", "nd_range": {"device_start": 1585500356.6109529, "device_end": 1585500356.612921}, "cmdq": 0, "read": {"device_start": -1, "device_end": -1}}, "softmax41": {"write": {"device_start": -1, "host_queued_start": 1585500419.520511, "device_queued": -1, "device_end": -1, "host_queued_end": 1585500419.528154}, "device": "gpu", "nd_range": {"device_start": 1585500356.612503, "device_end": 1585500356.6138778}, "cmdq": 3, "read": {"device_start": -1, "device_end": -1}}, "FFC_sans_bias11": {"write": {"device_start": -1, "host_queued_start": 1585500419.538804, "device_queued": -1, "device_end": -1, "host_queued_end": 1585500419.549751}, "device": "cpu", "nd_range": {"device_start": 2168193.755007904, "device_end": 2168193.770215412}, "cmdq": 0, "read": {"device_start": -1, "device_end": -1}}, "FFC_sans_bias10": {"write": {"device_start": -1, "host_queued_start": 1585500419.537733, "device_queued": -1, "device_end": -1, "host_queued_end": 1585500419.549751}, "device": "cpu", "nd_range": {"device_start": 2168193.75488341, "device_end": 2168193.770108377}, "cmdq": 3, "read": {"device_start": -1, "device_end": -1}}, "coalesced_transpose3": {"write": {"device_start": -1, "host_queued_start": 1585500419.542759, "device_queued": -1, "device_end": -1, "host_queued_end": 1585500419.549751}, "device": "cpu", "nd_range": {"device_start": 2168193.7703350903, "device_end": 2168193.7705813283}, "cmdq": 0, "read": {"device_start": -1, "device_end": -1}}, "FFC_sans_bias34": {"write": {"device_start": 1585500356.615062, "host_queued_start": 1585500419.523857, "device_queued": 1585500356.6058755, "device_end": 1585500356.615093, "host_queued_end": 1585500419.528154}, "device": "gpu", "nd_range": {"device_start": 1585500356.6151116, "device_end": 1585500356.6168852}, "cmdq": 0, "read": {"device_start": 1585500356.6168902, "device_end": 1585500356.6169271}}, "FFC_sans_bias15": {"write": {"device_start": -1, "host_queued_start": 1585500419.546289, "device_queued": -1, "device_end": -1, "host_queued_end": 1585500419.549751}, "device": "cpu", "nd_range": {"device_start": 2168193.80011449, "device_end": 2168193.811624205}, "cmdq": 2, "read": {"device_start": -1, "device_end": -1}}, "FFC_sans_bias31": {"write": {"device_start": -1, "host_queued_start": 1585500419.518747, "device_queued": -1, "device_end": -1, "host_queued_end": 1585500419.528154}, "device": "gpu", "nd_range": {"device_start": 1585500356.61092, "device_end": 1585500356.61153}, "cmdq": 1, "read": {"device_start": -1, "device_end": -1}}, "FFC_sans_bias16": {"write": {"device_start": -1, "host_queued_start": 1585500419.548714, "device_queued": -1, "device_end": -1, "host_queued_end": 1585500419.549751}, "device": "cpu", "nd_range": {"device_start": 2168193.8116340353, "device_end": 2168193.82010405}, "cmdq": 1, "read": {"device_start": -1, "device_end": -1}}, "FFC_sans_bias19": {"write": {"device_start": -1, "host_queued_start": 1585500419.540927, "device_queued": -1, "device_end": -1, "host_queued_end": 1585500419.549751}, "device": "cpu", "nd_range": {"device_start": 2168193.7558278823, "device_end": 2168193.771545018}, "cmdq": 2, "read": {"device_start": -1, "device_end": -1}}, "FFC_sans_bias18": {"write": {"device_start": -1, "host_queued_start": 1585500419.53985, "device_queued": -1, "device_end": -1, "host_queued_end": 1585500419.549751}, "device": "cpu", "nd_range": {"device_start": 2168193.758554859, "device_end": 2168193.778286436}, "cmdq": 1, "read": {"device_start": -1, "device_end": -1}}, "coalesced_transpose30": {"write": {"device_start": -1, "host_queued_start": 1585500419.517203, "device_queued": -1, "device_end": -1, "host_queued_end": 1585500419.528154}, "device": "gpu", "nd_range": {"device_start": 1585500356.6094759, "device_end": 1585500356.6107507}, "cmdq": 0, "read": {"device_start": -1, "device_end": -1}}, "FFC_sans_bias69": {"write": {"device_start": -1, "host_queued_start": 1585500419.522842, "device_queued": -1, "device_end": -1, "host_queued_end": 1585500419.528154}, "device": "gpu", "nd_range": {"device_start": 1585500356.6145, "device_end": 1585500356.6164448}, "cmdq": 3, "read": {"device_start": -1, "device_end": -1}}, "FFC_sans_bias38": {"write": {"device_start": 1585500356.6046345, "host_queued_start": 1585500419.50743, "device_queued": 1585500356.603706, "device_end": 1585500356.6046634, "host_queued_end": 1585500419.528154}, "device": "gpu", "nd_range": {"device_start": 1585500356.6046746, "device_end": 1585500356.6065333}, "cmdq": 2, "read": {"device_start": -1, "device_end": -1}}, "coalesced_transpose57": {"write": {"device_start": -1, "host_queued_start": 1585500419.518115, "device_queued": -1, "device_end": -1, "host_queued_end": 1585500419.528154}, "device": "gpu", "nd_range": {"device_start": 1585500356.6109061, "device_end": 1585500356.6109338}, "cmdq": 3, "read": {"device_start": -1, "device_end": -1}}, "empty26": {"write": {"device_start": -1, "host_queued_start": 1585500419.531878, "device_queued": -1, "device_end": -1, "host_queued_end": 1585500419.549751}, "device": "cpu", "nd_range": {"device_start": 2168193.739375825, "device_end": 2168193.739380543}, "cmdq": 2, "read": {"device_start": -1, "device_end": -1}}, "coalesced_transpose12": {"write": {"device_start": -1, "host_queued_start": 1585500419.543179, "device_queued": -1, "device_end": -1, "host_queued_end": 1585500419.549751}, "device": "cpu", "nd_range": {"device_start": 2168193.7792370073, "device_end": 2168193.7794774603}, "cmdq": 1, "read": {"device_start": -1, "device_end": -1}}, "empty44": {"write": {"device_start": 1585500356.603, "host_queued_start": 1585500419.498447, "device_queued": 1585500356.6028996, "device_end": 1585500356.6030705, "host_queued_end": 1585500419.528154}, "device": "gpu", "nd_range": {"device_start": 1585500356.603085, "device_end": 1585500356.6030908}, "cmdq": 1, "read": {"device_start": -1, "device_end": -1}}, "coalesced_transpose21": {"write": {"device_start": -1, "host_queued_start": 1585500419.54354, "device_queued": -1, "device_end": -1, "host_queued_end": 1585500419.549751}, "device": "cpu", "nd_range": {"device_start": 2168193.771664727, "device_end": 2168193.771899812}, "cmdq": 2, "read": {"device_start": -1, "device_end": -1}}, "FFC_sans_bias36": {"write": {"device_start": 1585500356.603758, "host_queued_start": 1585500419.505161, "device_queued": 1585500356.603521, "device_end": 1585500356.603785, "host_queued_end": 1585500419.528154}, "device": "gpu", "nd_range": {"device_start": 1585500356.6037908, "device_end": 1585500356.6055336}, "cmdq": 0, "read": {"device_start": -1, "device_end": -1}}, "softmax14": {"write": {"device_start": -1, "host_queued_start": 1585500419.545275, "device_queued": -1, "device_end": -1, "host_queued_end": 1585500419.549751}, "device": "cpu", "nd_range": {"device_start": 2168193.794691837, "device_end": 2168193.794896565}, "cmdq": 3, "read": {"device_start": -1, "device_end": -1}}, "FFC_sans_bias13": {"write": {"device_start": -1, "host_queued_start": 1585500419.544278, "device_queued": -1, "device_end": -1, "host_queued_end": 1585500419.549751}, "device": "cpu", "nd_range": {"device_start": 2168193.781830421, "device_end": 2168193.7943625543}, "cmdq": 0, "read": {"device_start": -1, "device_end": -1}}, "empty8": {"write": {"device_start": -1, "host_queued_start": 1585500419.529727, "device_queued": -1, "device_end": -1, "host_queued_end": 1585500419.549751}, "device": "cpu", "nd_range": {"device_start": 2168193.7393405423, "device_end": 2168193.739351882}, "cmdq": 0, "read": {"device_start": -1, "device_end": -1}}, "FFC_sans_bias42": {"write": {"device_start": -1, "host_queued_start": 1585500419.521894, "device_queued": -1, "device_end": -1, "host_queued_end": 1585500419.528154}, "device": "gpu", "nd_range": {"device_start": 1585500356.6138966, "device_end": 1585500356.6148977}, "cmdq": 0, "read": {"device_start": -1, "device_end": -1}}, "FFC_sans_bias43": {"write": {"device_start": 1585500356.6155984, "host_queued_start": 1585500419.524927, "device_queued": 1585500356.6060307, "device_end": 1585500356.6156304, "host_queued_end": 1585500419.528154}, "device": "gpu", "nd_range": {"device_start": 1585500356.6156452, "device_end": 1585500356.6174078}, "cmdq": 1, "read": {"device_start": 1585500356.6174142, "device_end": 1585500356.6174421}}, "FFC_sans_bias40": {"write": {"device_start": -1, "host_queued_start": 1585500419.519066, "device_queued": -1, "device_end": -1, "host_queued_end": 1585500419.528154}, "device": "gpu", "nd_range": {"device_start": 1585500356.6109307, "device_end": 1585500356.6119285}, "cmdq": 2, "read": {"device_start": -1, "device_end": -1}}, "softmax32": {"write": {"device_start": -1, "host_queued_start": 1585500419.520258, "device_queued": -1, "device_end": -1, "host_queued_end": 1585500419.528154}, "device": "gpu", "nd_range": {"device_start": 1585500356.6119363, "device_end": 1585500356.6138673}, "cmdq": 2, "read": {"device_start": -1, "device_end": -1}}, "FFC_sans_bias47": {"write": {"device_start": 1585500356.6062071, "host_queued_start": 1585500419.51055, "device_queued": 1585500356.6040933, "device_end": 1585500356.6062393, "host_queued_end": 1585500419.528154}, "device": "gpu", "nd_range": {"device_start": 1585500356.6062427, "device_end": 1585500356.6079998}, "cmdq": 1, "read": {"device_start": -1, "device_end": -1}}, "FFC_sans_bias45": {"write": {"device_start": 1585500356.6052232, "host_queued_start": 1585500419.508465, "device_queued": 1585500356.603721, "device_end": 1585500356.6052547, "host_queued_end": 1585500419.528154}, "device": "gpu", "nd_range": {"device_start": 1585500356.60526, "device_end": 1585500356.6070306}, "cmdq": 3, "read": {"device_start": -1, "device_end": -1}}, "softmax50": {"write": {"device_start": -1, "host_queued_start": 1585500419.52076, "device_queued": -1, "device_end": -1, "host_queued_end": 1585500419.528154}, "device": "gpu", "nd_range": {"device_start": 1585500356.612929, "device_end": 1585500356.6138885}, "cmdq": 0, "read": {"device_start": -1, "device_end": -1}}, "FFC_sans_bias33": {"write": {"device_start": -1, "host_queued_start": 1585500419.521572, "device_queued": -1, "device_end": -1, "host_queued_end": 1585500419.528154}, "device": "gpu", "nd_range": {"device_start": 1585500356.613886, "device_end": 1585500356.6144924}, "cmdq": 3, "read": {"device_start": -1, "device_end": -1}}, "FFC_sans_bias63": {"write": {"device_start": 1585500356.6090798, "host_queued_start": 1585500419.516873, "device_queued": 1585500356.6045442, "device_end": 1585500356.6091127, "host_queued_end": 1585500419.528154}, "device": "gpu", "nd_range": {"device_start": 1585500356.6091173, "device_end": 1585500356.610898}, "cmdq": 3, "read": {"device_start": -1, "device_end": -1}}, "FFC_sans_bias49": {"write": {"device_start": -1, "host_queued_start": 1585500419.519376, "device_queued": -1, "device_end": -1, "host_queued_end": 1585500419.528154}, "device": "gpu", "nd_range": {"device_start": 1585500356.6109436, "device_end": 1585500356.6124945}, "cmdq": 3, "read": {"device_start": -1, "device_end": -1}}, "FFC_sans_bias64": {"write": {"device_start": 1585500356.6081252, "host_queued_start": 1585500419.514791, "device_queued": 1585500356.6045134, "device_end": 1585500356.6081567, "host_queued_end": 1585500419.528154}, "device": "gpu", "nd_range": {"device_start": 1585500356.608163, "device_end": 1585500356.6099262}, "cmdq": 1, "read": {"device_start": -1, "device_end": -1}}, "FFC_sans_bias65": {"write": {"device_start": 1585500356.6086068, "host_queued_start": 1585500419.515829, "device_queued": 1585500356.6045306, "device_end": 1585500356.6086335, "host_queued_end": 1585500419.528154}, "device": "gpu", "nd_range": {"device_start": 1585500356.6086435, "device_end": 1585500356.6104121}, "cmdq": 2, "read": {"device_start": -1, "device_end": -1}}, "FFC_sans_bias67": {"write": {"device_start": -1, "host_queued_start": 1585500419.520005, "device_queued": -1, "device_end": -1, "host_queued_end": 1585500419.528154}, "device": "gpu", "nd_range": {"device_start": 1585500356.6115382, "device_end": 1585500356.613394}, "cmdq": 1, "read": {"device_start": -1, "device_end": -1}}, "FFC_sans_bias24": {"write": {"device_start": -1, "host_queued_start": 1585500419.546664, "device_queued": -1, "device_end": -1, "host_queued_end": 1585500419.549751}, "device": "cpu", "nd_range": {"device_start": 2168193.795013357, "device_end": 2168193.810921478}, "cmdq": 3, "read": {"device_start": -1, "device_end": -1}}, "FFC_sans_bias25": {"write": {"device_start": -1, "host_queued_start": 1585500419.549706, "device_queued": -1, "device_end": -1, "host_queued_end": 1585500419.549751}, "device": "cpu", "nd_range": {"device_start": 2168193.8116390933, "device_end": 2168193.8192645283}, "cmdq": 2, "read": {"device_start": -1, "device_end": -1}}, "FFC_sans_bias27": {"write": {"device_start": 1585500356.6034563, "host_queued_start": 1585500419.501963, "device_queued": 1585500356.6032627, "device_end": 1585500356.6035278, "host_queued_end": 1585500419.528154}, "device": "gpu", "nd_range": {"device_start": 1585500356.6035326, "device_end": 1585500356.6041358}, "cmdq": 1, "read": {"device_start": -1, "device_end": -1}}, "FFC_sans_bias20": {"write": {"device_start": -1, "host_queued_start": 1585500419.542348, "device_queued": -1, "device_end": -1, "host_queued_end": 1585500419.549751}, "device": "cpu", "nd_range": {"device_start": 2168193.770240018, "device_end": 2168193.7773908554}, "cmdq": 3, "read": {"device_start": -1, "device_end": -1}}, "FFC_sans_bias22": {"write": {"device_start": -1, "host_queued_start": 1585500419.544661, "device_queued": -1, "device_end": -1, "host_queued_end": 1585500419.549751}, "device": "cpu", "nd_range": {"device_start": 2168193.7798415693, "device_end": 2168193.7923143073}, "cmdq": 1, "read": {"device_start": -1, "device_end": -1}}, "softmax68": {"write": {"device_start": -1, "host_queued_start": 1585500419.521258, "device_queued": -1, "device_end": -1, "host_queued_end": 1585500419.528154}, "device": "gpu", "nd_range": {"device_start": 1585500356.6138752, "device_end": 1585500356.6142578}, "cmdq": 2, "read": {"device_start": -1, "device_end": -1}}, "softmax5": {"write": {"device_start": -1, "host_queued_start": 1585500419.54499, "device_queued": -1, "device_end": -1, "host_queued_end": 1585500419.549751}, "device": "cpu", "nd_range": {"device_start": 2168193.783845807, "device_end": 2168193.784062591}, "cmdq": 2, "read": {"device_start": -1, "device_end": -1}}, "FFC_sans_bias28": {"write": {"device_start": 1585500356.603568, "host_queued_start": 1585500419.503053, "device_queued": 1585500356.6032872, "device_end": 1585500356.6036456, "host_queued_end": 1585500419.528154}, "device": "gpu", "nd_range": {"device_start": 1585500356.6036487, "device_end": 1585500356.6045437}, "cmdq": 2, "read": {"device_start": -1, "device_end": -1}}, "FFC_sans_bias29": {"write": {"device_start": 1585500356.6036522, "host_queued_start": 1585500419.504113, "device_queued": 1585500356.6033072, "device_end": 1585500356.6036992, "host_queued_end": 1585500419.528154}, "device": "gpu", "nd_range": {"device_start": 1585500356.6037052, "device_end": 1585500356.6051085}, "cmdq": 3, "read": {"device_start": -1, "device_end": -1}}, "empty17": {"write": {"device_start": -1, "host_queued_start": 1585500419.530851, "device_queued": -1, "device_end": -1, "host_queued_end": 1585500419.549751}, "device": "cpu", "nd_range": {"device_start": 2168193.7393404134, "device_end": 2168193.739351916}, "cmdq": 1, "read": {"device_start": -1, "device_end": -1}}, "softmax59": {"write": {"device_start": -1, "host_queued_start": 1585500419.521012, "device_queued": -1, "device_end": -1, "host_queued_end": 1585500419.528154}, "device": "gpu", "nd_range": {"device_start": 1585500356.6134017, "device_end": 1585500356.613606}, "cmdq": 1, "read": {"device_start": -1, "device_end": -1}}, "empty71": {"write": {"device_start": 1585500356.603347, "host_queued_start": 1585500419.500989, "device_queued": 1585500356.6032064, "device_end": 1585500356.6034212, "host_queued_end": 1585500419.528154}, "device": "gpu", "nd_range": {"device_start": 1585500356.6034257, "device_end": 1585500356.6034296}, "cmdq": 0, "read": {"device_start": -1, "device_end": -1}}, "empty35": {"write": {"device_start": 1585500356.6028767, "host_queued_start": 1585500419.497405, "device_queued": 1585500356.6027431, "device_end": 1585500356.6029053, "host_queued_end": 1585500419.528154}, "device": "gpu", "nd_range": {"device_start": 1585500356.6029112, "device_end": 1585500356.6029162}, "cmdq": 0, "read": {"device_start": -1, "device_end": -1}}, "empty53": {"write": {"device_start": 1585500356.6031182, "host_queued_start": 1585500419.499316, "device_queued": 1585500356.60292, "device_end": 1585500356.603193, "host_queued_end": 1585500419.528154}, "device": "gpu", "nd_range": {"device_start": 1585500356.6032038, "device_end": 1585500356.6032088}, "cmdq": 2, "read": {"device_start": -1, "device_end": -1}}, "FFC_sans_bias46": {"write": {"device_start": 1585500356.6056695, "host_queued_start": 1585500419.509511, "device_queued": 1585500356.6039224, "device_end": 1585500356.6056995, "host_queued_end": 1585500419.528154}, "device": "gpu", "nd_range": {"device_start": 1585500356.6057026, "device_end": 1585500356.6075065}, "cmdq": 0, "read": {"device_start": -1, "device_end": -1}}, "coalesced_transpose66": {"write": {"device_start": -1, "host_queued_start": 1585500419.51842, "device_queued": -1, "device_end": -1, "host_queued_end": 1585500419.528154}, "device": "gpu", "nd_range": {"device_start": 1585500356.6107621, "device_end": 1585500356.610788}, "cmdq": 0, "read": {"device_start": -1, "device_end": -1}}, "coalesced_transpose48": {"write": {"device_start": -1, "host_queued_start": 1585500419.517813, "device_queued": -1, "device_end": -1, "host_queued_end": 1585500419.528154}, "device": "gpu", "nd_range": {"device_start": 1585500356.6104186, "device_end": 1585500356.6107762}, "cmdq": 2, "read": {"device_start": -1, "device_end": -1}}}