{"FFC_sans_bias60": {"write": {"device_start": -1, "host_queued_start": 1585500324.347759, "device_queued": -1, "device_end": -1, "host_queued_end": 1585500324.351275}, "device": "gpu", "nd_range": {"device_start": 1585500261.4349873, "device_end": 1585500261.4357994}, "cmdq": 1, "read": {"device_start": -1, "device_end": -1}}, "FFC_sans_bias4": {"write": {"device_start": -1, "host_queued_start": 1585500324.374294, "device_queued": -1, "device_end": -1, "host_queued_end": 1585500324.383886}, "device": "cpu", "nd_range": {"device_start": 2168098.651116589, "device_end": 2168098.666393824}, "cmdq": 0, "read": {"device_start": -1, "device_end": -1}}, "FFC_sans_bias7": {"write": {"device_start": -1, "host_queued_start": 1585500324.379854, "device_queued": -1, "device_end": -1, "host_queued_end": 1585500324.383886}, "device": "cpu", "nd_range": {"device_start": 2168098.681895027, "device_end": 2168098.693597619}, "cmdq": 0, "read": {"device_start": -1, "device_end": -1}}, "FFC_sans_bias6": {"write": {"device_start": -1, "host_queued_start": 1585500324.377453, "device_queued": -1, "device_end": -1, "host_queued_end": 1585500324.383886}, "device": "cpu", "nd_range": {"device_start": 2168098.666824099, "device_end": 2168098.68185755}, "cmdq": 0, "read": {"device_start": -1, "device_end": -1}}, "FFC_sans_bias1": {"write": {"device_start": -1, "host_queued_start": 1585500324.358376, "device_queued": -1, "device_end": -1, "host_queued_end": 1585500324.383886}, "device": "cpu", "nd_range": {"device_start": 2168098.5735246823, "device_end": 2168098.589148653}, "cmdq": 1, "read": {"device_start": -1, "device_end": -1}}, "FFC_sans_bias0": {"write": {"device_start": -1, "host_queued_start": 1585500324.357333, "device_queued": -1, "device_end": -1, "host_queued_end": 1585500324.383886}, "device": "cpu", "nd_range": {"device_start": 2168098.573524711, "device_end": 2168098.588908086}, "cmdq": 0, "read": {"device_start": -1, "device_end": -1}}, "FFC_sans_bias2": {"write": {"device_start": -1, "host_queued_start": 1585500324.359529, "device_queued": -1, "device_end": -1, "host_queued_end": 1585500324.383886}, "device": "cpu", "nd_range": {"device_start": 2168098.5735453763, "device_end": 2168098.589026782}, "cmdq": 2, "read": {"device_start": -1, "device_end": -1}}, "FFC_sans_bias61": {"write": {"device_start": 1585500261.4358985, "host_queued_start": 1585500324.350112, "device_queued": 1585500261.4303212, "device_end": 1585500261.43593, "host_queued_end": 1585500324.351275}, "device": "gpu", "nd_range": {"device_start": 1585500261.4359365, "device_end": 1585500261.4372406}, "cmdq": 1, "read": {"device_start": 1585500261.4372437, "device_end": 1585500261.4372666}}, "FFC_sans_bias52": {"write": {"device_start": 1585500261.4353793, "host_queued_start": 1585500324.349074, "device_queued": 1585500261.430282, "device_end": 1585500261.43541, "host_queued_end": 1585500324.351275}, "device": "gpu", "nd_range": {"device_start": 1585500261.435414, "device_end": 1585500261.4362597}, "cmdq": 0, "read": {"device_start": 1585500261.436262, "device_end": 1585500261.4362917}}, "FFC_sans_bias9": {"write": {"device_start": -1, "host_queued_start": 1585500324.360638, "device_queued": -1, "device_end": -1, "host_queued_end": 1585500324.383886}, "device": "cpu", "nd_range": {"device_start": 2168098.574046031, "device_end": 2168098.589300761}, "cmdq": 3, "read": {"device_start": -1, "device_end": -1}}, "coalesced_transpose39": {"write": {"device_start": -1, "host_queued_start": 1585500324.373955, "device_queued": -1, "device_end": -1, "host_queued_end": 1585500324.383886}, "device": "cpu", "nd_range": {"device_start": 2168098.667006284, "device_end": 2168098.66725454}, "cmdq": 4, "read": {"device_start": -1, "device_end": -1}}, "FFC_sans_bias55": {"write": {"device_start": 1585500261.4305608, "host_queued_start": 1585500324.341172, "device_queued": 1585500261.4293127, "device_end": 1585500261.430593, "host_queued_end": 1585500324.351275}, "device": "gpu", "nd_range": {"device_start": 1585500261.4306006, "device_end": 1585500261.4318962}, "cmdq": 2, "read": {"device_start": -1, "device_end": -1}}, "FFC_sans_bias54": {"write": {"device_start": 1585500261.4299898, "host_queued_start": 1585500324.340142, "device_queued": 1585500261.4291794, "device_end": 1585500261.430016, "host_queued_end": 1585500324.351275}, "device": "gpu", "nd_range": {"device_start": 1585500261.4300208, "device_end": 1585500261.431434}, "cmdq": 1, "read": {"device_start": -1, "device_end": -1}}, "FFC_sans_bias56": {"write": {"device_start": 1585500261.4296088, "host_queued_start": 1585500324.339119, "device_queued": 1585500261.4291377, "device_end": 1585500261.4296346, "host_queued_end": 1585500324.351275}, "device": "gpu", "nd_range": {"device_start": 1585500261.4296393, "device_end": 1585500261.4308999}, "cmdq": 0, "read": {"device_start": -1, "device_end": -1}}, "FFC_sans_bias51": {"write": {"device_start": -1, "host_queued_start": 1585500324.347444, "device_queued": -1, "device_end": -1, "host_queued_end": 1585500324.351275}, "device": "gpu", "nd_range": {"device_start": 1585500261.4345748, "device_end": 1585500261.4352705}, "cmdq": 0, "read": {"device_start": -1, "device_end": -1}}, "softmax23": {"write": {"device_start": -1, "host_queued_start": 1585500324.376536, "device_queued": -1, "device_end": -1, "host_queued_end": 1585500324.383886}, "device": "cpu", "nd_range": {"device_start": 2168098.629870131, "device_end": 2168098.6301030433}, "cmdq": 2, "read": {"device_start": -1, "device_end": -1}}, "FFC_sans_bias37": {"write": {"device_start": -1, "host_queued_start": 1585500324.371179, "device_queued": -1, "device_end": -1, "host_queued_end": 1585500324.383886}, "device": "cpu", "nd_range": {"device_start": 2168098.604717501, "device_end": 2168098.619891123}, "cmdq": 3, "read": {"device_start": -1, "device_end": -1}}, "empty62": {"write": {"device_start": 1585500261.4286559, "host_queued_start": 1585500324.334085, "device_queued": 1585500261.428527, "device_end": 1585500261.428724, "host_queued_end": 1585500324.351275}, "device": "gpu", "nd_range": {"device_start": 1585500261.4287314, "device_end": 1585500261.4287355}, "cmdq": 1, "read": {"device_start": -1, "device_end": -1}}, "FFC_sans_bias70": {"write": {"device_start": 1585500261.436848, "host_queued_start": 1585500324.351176, "device_queued": 1585500261.4304626, "device_end": 1585500261.4368794, "host_queued_end": 1585500324.351275}, "device": "gpu", "nd_range": {"device_start": 1585500261.436882, "device_end": 1585500261.4376678}, "cmdq": 2, "read": {"device_start": 1585500261.4376726, "device_end": 1585500261.4376953}}, "FFC_sans_bias58": {"write": {"device_start": -1, "host_queued_start": 1585500324.346052, "device_queued": -1, "device_end": -1, "host_queued_end": 1585500324.351275}, "device": "gpu", "nd_range": {"device_start": 1585500261.4332426, "device_end": 1585500261.4343112}, "cmdq": 1, "read": {"device_start": -1, "device_end": -1}}, "softmax41": {"write": {"device_start": -1, "host_queued_start": 1585500324.377116, "device_queued": -1, "device_end": -1, "host_queued_end": 1585500324.383886}, "device": "cpu", "nd_range": {"device_start": 2168098.6848902483, "device_end": 2168098.685102621}, "cmdq": 4, "read": {"device_start": -1, "device_end": -1}}, "FFC_sans_bias11": {"write": {"device_start": -1, "host_queued_start": 1585500324.362823, "device_queued": -1, "device_end": -1, "host_queued_end": 1585500324.383886}, "device": "cpu", "nd_range": {"device_start": 2168098.620016653, "device_end": 2168098.635305354}, "cmdq": 0, "read": {"device_start": -1, "device_end": -1}}, "FFC_sans_bias10": {"write": {"device_start": -1, "host_queued_start": 1585500324.361728, "device_queued": -1, "device_end": -1, "host_queued_end": 1585500324.383886}, "device": "cpu", "nd_range": {"device_start": 2168098.5889282553, "device_end": 2168098.6201462373}, "cmdq": 4, "read": {"device_start": -1, "device_end": -1}}, "coalesced_transpose3": {"write": {"device_start": -1, "host_queued_start": 1585500324.372562, "device_queued": -1, "device_end": -1, "host_queued_end": 1585500324.383886}, "device": "cpu", "nd_range": {"device_start": 2168098.650751638, "device_end": 2168098.651003167}, "cmdq": 0, "read": {"device_start": -1, "device_end": -1}}, "FFC_sans_bias34": {"write": {"device_start": -1, "host_queued_start": 1585500324.382853, "device_queued": -1, "device_end": -1, "host_queued_end": 1585500324.383886}, "device": "cpu", "nd_range": {"device_start": 2168098.696445545, "device_end": 2168098.7106185923}, "cmdq": 3, "read": {"device_start": -1, "device_end": -1}}, "FFC_sans_bias15": {"write": {"device_start": -1, "host_queued_start": 1585500324.377794, "device_queued": -1, "device_end": -1, "host_queued_end": 1585500324.383886}, "device": "cpu", "nd_range": {"device_start": 2168098.638820608, "device_end": 2168098.64882222}, "cmdq": 1, "read": {"device_start": -1, "device_end": -1}}, "FFC_sans_bias31": {"write": {"device_start": -1, "host_queued_start": 1585500324.375348, "device_queued": -1, "device_end": -1, "host_queued_end": 1585500324.383886}, "device": "cpu", "nd_range": {"device_start": 2168098.6660273043, "device_end": 2168098.6815571752}, "cmdq": 3, "read": {"device_start": -1, "device_end": -1}}, "FFC_sans_bias16": {"write": {"device_start": -1, "host_queued_start": 1585500324.380836, "device_queued": -1, "device_end": -1, "host_queued_end": 1585500324.383886}, "device": "cpu", "nd_range": {"device_start": 2168098.648941176, "device_end": 2168098.665635202}, "cmdq": 1, "read": {"device_start": -1, "device_end": -1}}, "FFC_sans_bias19": {"write": {"device_start": -1, "host_queued_start": 1585500324.3649, "device_queued": -1, "device_end": -1, "host_queued_end": 1585500324.383886}, "device": "cpu", "nd_range": {"device_start": 2168098.5891726674, "device_end": 2168098.60442672}, "cmdq": 2, "read": {"device_start": -1, "device_end": -1}}, "FFC_sans_bias18": {"write": {"device_start": -1, "host_queued_start": 1585500324.36386, "device_queued": -1, "device_end": -1, "host_queued_end": 1585500324.383886}, "device": "cpu", "nd_range": {"device_start": 2168098.589369426, "device_end": 2168098.606097604}, "cmdq": 1, "read": {"device_start": -1, "device_end": -1}}, "coalesced_transpose30": {"write": {"device_start": -1, "host_queued_start": 1585500324.373629, "device_queued": -1, "device_end": -1, "host_queued_end": 1585500324.383886}, "device": "cpu", "nd_range": {"device_start": 2168098.6656407393, "device_end": 2168098.665881534}, "cmdq": 3, "read": {"device_start": -1, "device_end": -1}}, "FFC_sans_bias69": {"write": {"device_start": -1, "host_queued_start": 1585500324.348069, "device_queued": -1, "device_end": -1, "host_queued_end": 1585500324.351275}, "device": "gpu", "nd_range": {"device_start": 1585500261.4354582, "device_end": 1585500261.4367497}, "cmdq": 2, "read": {"device_start": -1, "device_end": -1}}, "FFC_sans_bias38": {"write": {"device_start": -1, "host_queued_start": 1585500324.372221, "device_queued": -1, "device_end": -1, "host_queued_end": 1585500324.383886}, "device": "cpu", "nd_range": {"device_start": 2168098.651721395, "device_end": 2168098.666890202}, "cmdq": 4, "read": {"device_start": -1, "device_end": -1}}, "coalesced_transpose57": {"write": {"device_start": -1, "host_queued_start": 1585500324.345135, "device_queued": -1, "device_end": -1, "host_queued_end": 1585500324.351275}, "device": "gpu", "nd_range": {"device_start": 1585500261.4328918, "device_end": 1585500261.433241}, "cmdq": 1, "read": {"device_start": -1, "device_end": -1}}, "empty26": {"write": {"device_start": -1, "host_queued_start": 1585500324.354583, "device_queued": -1, "device_end": -1, "host_queued_end": 1585500324.383886}, "device": "cpu", "nd_range": {"device_start": 2168098.5735229393, "device_end": 2168098.57352783}, "cmdq": 2, "read": {"device_start": -1, "device_end": -1}}, "coalesced_transpose12": {"write": {"device_start": -1, "host_queued_start": 1585500324.372903, "device_queued": -1, "device_end": -1, "host_queued_end": 1585500324.383886}, "device": "cpu", "nd_range": {"device_start": 2168098.6296399552, "device_end": 2168098.629884514}, "cmdq": 1, "read": {"device_start": -1, "device_end": -1}}, "empty44": {"write": {"device_start": -1, "host_queued_start": 1585500324.356352, "device_queued": -1, "device_end": -1, "host_queued_end": 1585500324.383886}, "device": "cpu", "nd_range": {"device_start": 2168098.588919737, "device_end": 2168098.5889218124}, "cmdq": 4, "read": {"device_start": -1, "device_end": -1}}, "coalesced_transpose21": {"write": {"device_start": -1, "host_queued_start": 1585500324.373304, "device_queued": -1, "device_end": -1, "host_queued_end": 1585500324.383886}, "device": "cpu", "nd_range": {"device_start": 2168098.619828585, "device_end": 2168098.620082187}, "cmdq": 2, "read": {"device_start": -1, "device_end": -1}}, "FFC_sans_bias36": {"write": {"device_start": -1, "host_queued_start": 1585500324.370119, "device_queued": -1, "device_end": -1, "host_queued_end": 1585500324.383886}, "device": "cpu", "nd_range": {"device_start": 2168098.6045591673, "device_end": 2168098.619700239}, "cmdq": 2, "read": {"device_start": -1, "device_end": -1}}, "softmax14": {"write": {"device_start": -1, "host_queued_start": 1585500324.376236, "device_queued": -1, "device_end": -1, "host_queued_end": 1585500324.383886}, "device": "cpu", "nd_range": {"device_start": 2168098.638502623, "device_end": 2168098.638710036}, "cmdq": 1, "read": {"device_start": -1, "device_end": -1}}, "FFC_sans_bias13": {"write": {"device_start": -1, "host_queued_start": 1585500324.374658, "device_queued": -1, "device_end": -1, "host_queued_end": 1585500324.383886}, "device": "cpu", "nd_range": {"device_start": 2168098.630011455, "device_end": 2168098.6383737912}, "cmdq": 1, "read": {"device_start": -1, "device_end": -1}}, "empty8": {"write": {"device_start": -1, "host_queued_start": 1585500324.352695, "device_queued": -1, "device_end": -1, "host_queued_end": 1585500324.383886}, "device": "cpu", "nd_range": {"device_start": 2168098.573493462, "device_end": 2168098.5735046403}, "cmdq": 0, "read": {"device_start": -1, "device_end": -1}}, "FFC_sans_bias42": {"write": {"device_start": -1, "host_queued_start": 1585500324.378814, "device_queued": -1, "device_end": -1, "host_queued_end": 1585500324.383886}, "device": "cpu", "nd_range": {"device_start": 2168098.685208933, "device_end": 2168098.696251138}, "cmdq": 4, "read": {"device_start": -1, "device_end": -1}}, "FFC_sans_bias43": {"write": {"device_start": -1, "host_queued_start": 1585500324.383842, "device_queued": -1, "device_end": -1, "host_queued_end": 1585500324.383886}, "device": "cpu", "nd_range": {"device_start": 2168098.696263636, "device_end": 2168098.703878139}, "cmdq": 4, "read": {"device_start": -1, "device_end": -1}}, "FFC_sans_bias40": {"write": {"device_start": -1, "host_queued_start": 1585500324.375689, "device_queued": -1, "device_end": -1, "host_queued_end": 1585500324.383886}, "device": "cpu", "nd_range": {"device_start": 2168098.667364433, "device_end": 2168098.68477596}, "cmdq": 4, "read": {"device_start": -1, "device_end": -1}}, "softmax32": {"write": {"device_start": -1, "host_queued_start": 1585500324.376819, "device_queued": -1, "device_end": -1, "host_queued_end": 1585500324.383886}, "device": "cpu", "nd_range": {"device_start": 2168098.681696052, "device_end": 2168098.681879602}, "cmdq": 3, "read": {"device_start": -1, "device_end": -1}}, "FFC_sans_bias47": {"write": {"device_start": 1585500261.4291012, "host_queued_start": 1585500324.338038, "device_queued": 1585500261.4289312, "device_end": 1585500261.429134, "host_queued_end": 1585500324.351275}, "device": "gpu", "nd_range": {"device_start": 1585500261.4291377, "device_end": 1585500261.4304693}, "cmdq": 2, "read": {"device_start": -1, "device_end": -1}}, "FFC_sans_bias45": {"write": {"device_start": 1585500261.4288456, "host_queued_start": 1585500324.335972, "device_queued": 1585500261.4286745, "device_end": 1585500261.42887, "host_queued_end": 1585500324.351275}, "device": "gpu", "nd_range": {"device_start": 1585500261.4288986, "device_end": 1585500261.4295077}, "cmdq": 0, "read": {"device_start": -1, "device_end": -1}}, "softmax50": {"write": {"device_start": -1, "host_queued_start": 1585500324.346637, "device_queued": -1, "device_end": -1, "host_queued_end": 1585500324.351275}, "device": "gpu", "nd_range": {"device_start": 1585500261.4338346, "device_end": 1585500261.434574}, "cmdq": 0, "read": {"device_start": -1, "device_end": -1}}, "FFC_sans_bias33": {"write": {"device_start": -1, "host_queued_start": 1585500324.378471, "device_queued": -1, "device_end": -1, "host_queued_end": 1585500324.383886}, "device": "cpu", "nd_range": {"device_start": 2168098.682085555, "device_end": 2168098.6962108393}, "cmdq": 3, "read": {"device_start": -1, "device_end": -1}}, "FFC_sans_bias63": {"write": {"device_start": 1585500261.4319975, "host_queued_start": 1585500324.344504, "device_queued": 1585500261.4295788, "device_end": 1585500261.43203, "host_queued_end": 1585500324.351275}, "device": "gpu", "nd_range": {"device_start": 1585500261.4320347, "device_end": 1585500261.4333487}, "cmdq": 2, "read": {"device_start": -1, "device_end": -1}}, "FFC_sans_bias49": {"write": {"device_start": -1, "host_queued_start": 1585500324.34574, "device_queued": -1, "device_end": -1, "host_queued_end": 1585500324.351275}, "device": "gpu", "nd_range": {"device_start": 1585500261.4332237, "device_end": 1585500261.4338334}, "cmdq": 0, "read": {"device_start": -1, "device_end": -1}}, "FFC_sans_bias64": {"write": {"device_start": 1585500261.4309797, "host_queued_start": 1585500324.342386, "device_queued": 1585500261.4293773, "device_end": 1585500261.431007, "host_queued_end": 1585500324.351275}, "device": "gpu", "nd_range": {"device_start": 1585500261.4310124, "device_end": 1585500261.43238}, "cmdq": 0, "read": {"device_start": -1, "device_end": -1}}, "FFC_sans_bias65": {"write": {"device_start": 1585500261.431529, "host_queued_start": 1585500324.343475, "device_queued": 1585500261.4295561, "device_end": 1585500261.4315596, "host_queued_end": 1585500324.351275}, "device": "gpu", "nd_range": {"device_start": 1585500261.431563, "device_end": 1585500261.4328883}, "cmdq": 1, "read": {"device_start": -1, "device_end": -1}}, "FFC_sans_bias67": {"write": {"device_start": -1, "host_queued_start": 1585500324.346362, "device_queued": -1, "device_end": -1, "host_queued_end": 1585500324.351275}, "device": "gpu", "nd_range": {"device_start": 1585500261.4342096, "device_end": 1585500261.4348114}, "cmdq": 2, "read": {"device_start": -1, "device_end": -1}}, "FFC_sans_bias24": {"write": {"device_start": -1, "host_queued_start": 1585500324.378132, "device_queued": -1, "device_end": -1, "host_queued_end": 1585500324.383886}, "device": "cpu", "nd_range": {"device_start": 2168098.630215277, "device_end": 2168098.650832258}, "cmdq": 2, "read": {"device_start": -1, "device_end": -1}}, "FFC_sans_bias25": {"write": {"device_start": -1, "host_queued_start": 1585500324.381833, "device_queued": -1, "device_end": -1, "host_queued_end": 1585500324.383886}, "device": "cpu", "nd_range": {"device_start": 2168098.652678141, "device_end": 2168098.679796587}, "cmdq": 2, "read": {"device_start": -1, "device_end": -1}}, "FFC_sans_bias27": {"write": {"device_start": -1, "host_queued_start": 1585500324.366997, "device_queued": -1, "device_end": -1, "host_queued_end": 1585500324.383886}, "device": "cpu", "nd_range": {"device_start": 2168098.622829066, "device_end": 2168098.65159909}, "cmdq": 4, "read": {"device_start": -1, "device_end": -1}}, "FFC_sans_bias20": {"write": {"device_start": -1, "host_queued_start": 1585500324.36594, "device_queued": -1, "device_end": -1, "host_queued_end": 1585500324.383886}, "device": "cpu", "nd_range": {"device_start": 2168098.589319136, "device_end": 2168098.604602692}, "cmdq": 3, "read": {"device_start": -1, "device_end": -1}}, "FFC_sans_bias22": {"write": {"device_start": -1, "host_queued_start": 1585500324.374999, "device_queued": -1, "device_end": -1, "host_queued_end": 1585500324.383886}, "device": "cpu", "nd_range": {"device_start": 2168098.620202184, "device_end": 2168098.6297477}, "cmdq": 2, "read": {"device_start": -1, "device_end": -1}}, "softmax68": {"write": {"device_start": -1, "host_queued_start": 1585500324.347129, "device_queued": -1, "device_end": -1, "host_queued_end": 1585500324.351275}, "device": "gpu", "nd_range": {"device_start": 1585500261.4348125, "device_end": 1585500261.4354572}, "cmdq": 2, "read": {"device_start": -1, "device_end": -1}}, "softmax5": {"write": {"device_start": -1, "host_queued_start": 1585500324.375964, "device_queued": -1, "device_end": -1, "host_queued_end": 1585500324.383886}, "device": "cpu", "nd_range": {"device_start": 2168098.6665071934, "device_end": 2168098.6667189733}, "cmdq": 0, "read": {"device_start": -1, "device_end": -1}}, "FFC_sans_bias28": {"write": {"device_start": -1, "host_queued_start": 1585500324.368034, "device_queued": -1, "device_end": -1, "host_queued_end": 1585500324.383886}, "device": "cpu", "nd_range": {"device_start": 2168098.635431169, "device_end": 2168098.650634931}, "cmdq": 0, "read": {"device_start": -1, "device_end": -1}}, "FFC_sans_bias29": {"write": {"device_start": -1, "host_queued_start": 1585500324.369074, "device_queued": -1, "device_end": -1, "host_queued_end": 1585500324.383886}, "device": "cpu", "nd_range": {"device_start": 2168098.6062193993, "device_end": 2168098.621652741}, "cmdq": 1, "read": {"device_start": -1, "device_end": -1}}, "empty17": {"write": {"device_start": -1, "host_queued_start": 1585500324.353662, "device_queued": -1, "device_end": -1, "host_queued_end": 1585500324.383886}, "device": "cpu", "nd_range": {"device_start": 2168098.573493514, "device_end": 2168098.573504642}, "cmdq": 1, "read": {"device_start": -1, "device_end": -1}}, "softmax59": {"write": {"device_start": -1, "host_queued_start": 1585500324.346884, "device_queued": -1, "device_end": -1, "host_queued_end": 1585500324.351275}, "device": "gpu", "nd_range": {"device_start": 1585500261.4343123, "device_end": 1585500261.434986}, "cmdq": 1, "read": {"device_start": -1, "device_end": -1}}, "empty71": {"write": {"device_start": 1585500261.4287524, "host_queued_start": 1585500324.334974, "device_queued": 1585500261.4285493, "device_end": 1585500261.4288325, "host_queued_end": 1585500324.351275}, "device": "gpu", "nd_range": {"device_start": 1585500261.428841, "device_end": 1585500261.4288447}, "cmdq": 2, "read": {"device_start": -1, "device_end": -1}}, "empty35": {"write": {"device_start": -1, "host_queued_start": 1585500324.355521, "device_queued": -1, "device_end": -1, "host_queued_end": 1585500324.383886}, "device": "cpu", "nd_range": {"device_start": 2168098.573735223, "device_end": 2168098.573739239}, "cmdq": 3, "read": {"device_start": -1, "device_end": -1}}, "empty53": {"write": {"device_start": 1585500261.42855, "host_queued_start": 1585500324.333046, "device_queued": 1585500261.428423, "device_end": 1585500261.428596, "host_queued_end": 1585500324.351275}, "device": "gpu", "nd_range": {"device_start": 1585500261.4286022, "device_end": 1585500261.4286096}, "cmdq": 0, "read": {"device_start": -1, "device_end": -1}}, "FFC_sans_bias46": {"write": {"device_start": 1585500261.42901, "host_queued_start": 1585500324.337003, "device_queued": 1585500261.4289072, "device_end": 1585500261.429096, "host_queued_end": 1585500324.351275}, "device": "gpu", "nd_range": {"device_start": 1585500261.4290996, "device_end": 1585500261.4299052}, "cmdq": 1, "read": {"device_start": -1, "device_end": -1}}, "coalesced_transpose66": {"write": {"device_start": -1, "host_queued_start": 1585500324.345427, "device_queued": -1, "device_end": -1, "host_queued_end": 1585500324.351275}, "device": "gpu", "nd_range": {"device_start": 1585500261.4333549, "device_end": 1585500261.4342084}, "cmdq": 2, "read": {"device_start": -1, "device_end": -1}}, "coalesced_transpose48": {"write": {"device_start": -1, "host_queued_start": 1585500324.344837, "device_queued": -1, "device_end": -1, "host_queued_end": 1585500324.351275}, "device": "gpu", "nd_range": {"device_start": 1585500261.4323814, "device_end": 1585500261.4332225}, "cmdq": 0, "read": {"device_start": -1, "device_end": -1}}}