{"FFC_sans_bias60": {"write": {"device_start": -1, "host_queued_start": 1585500212.300506, "device_queued": -1, "device_end": -1, "host_queued_end": 1585500212.308313}, "device": "gpu", "nd_range": {"device_start": 1585500149.4079242, "device_end": 1585500149.4093406}, "cmdq": 0, "read": {"device_start": -1, "device_end": -1}}, "FFC_sans_bias4": {"write": {"device_start": -1, "host_queued_start": 1585500212.314255, "device_queued": -1, "device_end": -1, "host_queued_end": 1585500212.316114}, "device": "cpu", "nd_range": {"device_start": 2167986.5183194843, "device_end": 2167986.523005554}, "cmdq": 0, "read": {"device_start": -1, "device_end": -1}}, "FFC_sans_bias7": {"write": {"device_start": -1, "host_queued_start": 1585500212.316068, "device_queued": -1, "device_end": -1, "host_queued_end": 1585500212.316114}, "device": "cpu", "nd_range": {"device_start": 2167986.527363251, "device_end": 2167986.532154508}, "cmdq": 0, "read": {"device_start": -1, "device_end": -1}}, "FFC_sans_bias6": {"write": {"device_start": -1, "host_queued_start": 1585500212.31494, "device_queued": -1, "device_end": -1, "host_queued_end": 1585500212.316114}, "device": "cpu", "nd_range": {"device_start": 2167986.5232954463, "device_end": 2167986.5273565482}, "cmdq": 0, "read": {"device_start": -1, "device_end": -1}}, "FFC_sans_bias1": {"write": {"device_start": -1, "host_queued_start": 1585500212.312291, "device_queued": -1, "device_end": -1, "host_queued_end": 1585500212.316114}, "device": "cpu", "nd_range": {"device_start": 2167986.5100159682, "device_end": 2167986.513848468}, "cmdq": 0, "read": {"device_start": -1, "device_end": -1}}, "FFC_sans_bias0": {"write": {"device_start": -1, "host_queued_start": 1585500212.311172, "device_queued": -1, "device_end": -1, "host_queued_end": 1585500212.316114}, "device": "cpu", "nd_range": {"device_start": 2167986.505721605, "device_end": 2167986.5098400563}, "cmdq": 0, "read": {"device_start": -1, "device_end": -1}}, "FFC_sans_bias2": {"write": {"device_start": -1, "host_queued_start": 1585500212.313538, "device_queued": -1, "device_end": -1, "host_queued_end": 1585500212.316114}, "device": "cpu", "nd_range": {"device_start": 2167986.513982465, "device_end": 2167986.51805324}, "cmdq": 0, "read": {"device_start": -1, "device_end": -1}}, "FFC_sans_bias61": {"write": {"device_start": 1585500149.4109564, "host_queued_start": 1585500212.307174, "device_queued": 1585500149.3934066, "device_end": 1585500149.4110076, "host_queued_end": 1585500212.308313}, "device": "gpu", "nd_range": {"device_start": 1585500149.4110239, "device_end": 1585500149.411733}, "cmdq": 1, "read": {"device_start": 1585500149.4117413, "device_end": 1585500149.4117632}}, "FFC_sans_bias52": {"write": {"device_start": 1585500149.4104857, "host_queued_start": 1585500212.306121, "device_queued": 1585500149.3933733, "device_end": 1585500149.41051, "host_queued_end": 1585500212.308313}, "device": "gpu", "nd_range": {"device_start": 1585500149.410524, "device_end": 1585500149.4112804}, "cmdq": 0, "read": {"device_start": 1585500149.4112916, "device_end": 1585500149.4113147}}, "FFC_sans_bias9": {"write": {"device_start": 1585500149.389458, "host_queued_start": 1585500212.271381, "device_queued": 1585500149.3891904, "device_end": 1585500149.3895268, "host_queued_end": 1585500212.308313}, "device": "gpu", "nd_range": {"device_start": 1585500149.3895326, "device_end": 1585500149.3901405}, "cmdq": 1, "read": {"device_start": -1, "device_end": -1}}, "coalesced_transpose39": {"write": {"device_start": -1, "host_queued_start": 1585500212.293704, "device_queued": -1, "device_end": -1, "host_queued_end": 1585500212.308313}, "device": "gpu", "nd_range": {"device_start": 1585500149.401332, "device_end": 1585500149.401352}, "cmdq": 1, "read": {"device_start": -1, "device_end": -1}}, "FFC_sans_bias55": {"write": {"device_start": 1585500149.398543, "host_queued_start": 1585500212.289317, "device_queued": 1585500149.3910136, "device_end": 1585500149.3985689, "host_queued_end": 1585500212.308313}, "device": "gpu", "nd_range": {"device_start": 1585500149.3985753, "device_end": 1585500149.4000564}, "cmdq": 0, "read": {"device_start": -1, "device_end": -1}}, "FFC_sans_bias54": {"write": {"device_start": 1585500149.3984458, "host_queued_start": 1585500212.288292, "device_queued": 1585500149.3908458, "device_end": 1585500149.3985043, "host_queued_end": 1585500212.308313}, "device": "gpu", "nd_range": {"device_start": 1585500149.3985112, "device_end": 1585500149.3994749}, "cmdq": 2, "read": {"device_start": -1, "device_end": -1}}, "FFC_sans_bias56": {"write": {"device_start": 1585500149.3983727, "host_queued_start": 1585500212.287257, "device_queued": 1585500149.3908305, "device_end": 1585500149.3984435, "host_queued_end": 1585500212.308313}, "device": "gpu", "nd_range": {"device_start": 1585500149.398454, "device_end": 1585500149.3990734}, "cmdq": 1, "read": {"device_start": -1, "device_end": -1}}, "FFC_sans_bias51": {"write": {"device_start": -1, "host_queued_start": 1585500212.30019, "device_queued": -1, "device_end": -1, "host_queued_end": 1585500212.308313}, "device": "gpu", "nd_range": {"device_start": 1585500149.405984, "device_end": 1585500149.4069514}, "cmdq": 2, "read": {"device_start": -1, "device_end": -1}}, "softmax23": {"write": {"device_start": -1, "host_queued_start": 1585500212.297377, "device_queued": -1, "device_end": -1, "host_queued_end": 1585500212.308313}, "device": "gpu", "nd_range": {"device_start": 1585500149.4040196, "device_end": 1585500149.4051967}, "cmdq": 1, "read": {"device_start": -1, "device_end": -1}}, "FFC_sans_bias37": {"write": {"device_start": 1585500149.3936188, "host_queued_start": 1585500212.282031, "device_queued": 1585500149.3902986, "device_end": 1585500149.393646, "host_queued_end": 1585500212.308313}, "device": "gpu", "nd_range": {"device_start": 1585500149.393655, "device_end": 1585500149.3949397}, "cmdq": 2, "read": {"device_start": -1, "device_end": -1}}, "empty62": {"write": {"device_start": 1585500149.3892732, "host_queued_start": 1585500212.269547, "device_queued": 1585500149.3890982, "device_end": 1585500149.3893552, "host_queued_end": 1585500212.308313}, "device": "gpu", "nd_range": {"device_start": 1585500149.3893669, "device_end": 1585500149.3894038}, "cmdq": 2, "read": {"device_start": -1, "device_end": -1}}, "FFC_sans_bias70": {"write": {"device_start": 1585500149.41108, "host_queued_start": 1585500212.308213, "device_queued": 1585500149.3935843, "device_end": 1585500149.4111052, "host_queued_end": 1585500212.308313}, "device": "gpu", "nd_range": {"device_start": 1585500149.4111145, "device_end": 1585500149.4121652}, "cmdq": 2, "read": {"device_start": 1585500149.41217, "device_end": 1585500149.4121919}}, "FFC_sans_bias58": {"write": {"device_start": -1, "host_queued_start": 1585500212.296562, "device_queued": -1, "device_end": -1, "host_queued_end": 1585500212.308313}, "device": "gpu", "nd_range": {"device_start": 1585500149.402501, "device_end": 1585500149.4040089}, "cmdq": 1, "read": {"device_start": -1, "device_end": -1}}, "softmax41": {"write": {"device_start": -1, "host_queued_start": 1585500212.297865, "device_queued": -1, "device_end": -1, "host_queued_end": 1585500212.308313}, "device": "gpu", "nd_range": {"device_start": 1585500149.4052215, "device_end": 1585500149.4054813}, "cmdq": 0, "read": {"device_start": -1, "device_end": -1}}, "FFC_sans_bias11": {"write": {"device_start": 1585500149.3896384, "host_queued_start": 1585500212.27351, "device_queued": 1585500149.3895035, "device_end": 1585500149.389663, "host_queued_end": 1585500212.308313}, "device": "gpu", "nd_range": {"device_start": 1585500149.38969, "device_end": 1585500149.3910933}, "cmdq": 0, "read": {"device_start": -1, "device_end": -1}}, "FFC_sans_bias10": {"write": {"device_start": 1585500149.3895473, "host_queued_start": 1585500212.272436, "device_queued": 1585500149.3893828, "device_end": 1585500149.3896172, "host_queued_end": 1585500212.308313}, "device": "gpu", "nd_range": {"device_start": 1585500149.3896208, "device_end": 1585500149.3905404}, "cmdq": 2, "read": {"device_start": -1, "device_end": -1}}, "coalesced_transpose3": {"write": {"device_start": -1, "host_queued_start": 1585500212.313892, "device_queued": -1, "device_end": -1, "host_queued_end": 1585500212.316114}, "device": "cpu", "nd_range": {"device_start": 2167986.518060088, "device_end": 2167986.518301098}, "cmdq": 0, "read": {"device_start": -1, "device_end": -1}}, "FFC_sans_bias34": {"write": {"device_start": 1585500149.4095218, "host_queued_start": 1585500212.30402, "device_queued": 1585500149.393113, "device_end": 1585500149.4095473, "host_queued_end": 1585500212.308313}, "device": "gpu", "nd_range": {"device_start": 1585500149.4095602, "device_end": 1585500149.4107697}, "cmdq": 1, "read": {"device_start": 1585500149.4107733, "device_end": 1585500149.4107976}}, "FFC_sans_bias15": {"write": {"device_start": -1, "host_queued_start": 1585500212.29893, "device_queued": -1, "device_end": -1, "host_queued_end": 1585500212.308313}, "device": "gpu", "nd_range": {"device_start": 1585500149.4054654, "device_end": 1585500149.406383}, "cmdq": 1, "read": {"device_start": -1, "device_end": -1}}, "FFC_sans_bias31": {"write": {"device_start": -1, "host_queued_start": 1585500212.295603, "device_queued": -1, "device_end": -1, "host_queued_end": 1585500212.308313}, "device": "gpu", "nd_range": {"device_start": 1585500149.40149, "device_end": 1585500149.40249}, "cmdq": 1, "read": {"device_start": -1, "device_end": -1}}, "FFC_sans_bias16": {"write": {"device_start": 1585500149.4070375, "host_queued_start": 1585500212.301919, "device_queued": 1585500149.3928893, "device_end": 1585500149.4070628, "host_queued_end": 1585500212.308313}, "device": "gpu", "nd_range": {"device_start": 1585500149.4070764, "device_end": 1585500149.4083538}, "cmdq": 2, "read": {"device_start": 1585500149.4083662, "device_end": 1585500149.4084063}}, "FFC_sans_bias19": {"write": {"device_start": 1585500149.3906276, "host_queued_start": 1585500212.275778, "device_queued": 1585500149.3897247, "device_end": 1585500149.3906534, "host_queued_end": 1585500212.308313}, "device": "gpu", "nd_range": {"device_start": 1585500149.3906586, "device_end": 1585500149.3920631}, "cmdq": 2, "read": {"device_start": -1, "device_end": -1}}, "FFC_sans_bias18": {"write": {"device_start": 1585500149.3902216, "host_queued_start": 1585500212.274739, "device_queued": 1585500149.3896976, "device_end": 1585500149.390247, "host_queued_end": 1585500212.308313}, "device": "gpu", "nd_range": {"device_start": 1585500149.3902514, "device_end": 1585500149.3915417}, "cmdq": 1, "read": {"device_start": -1, "device_end": -1}}, "coalesced_transpose30": {"write": {"device_start": -1, "host_queued_start": 1585500212.2934, "device_queued": -1, "device_end": -1, "host_queued_end": 1585500212.308313}, "device": "gpu", "nd_range": {"device_start": 1585500149.401452, "device_end": 1585500149.4014728}, "cmdq": 0, "read": {"device_start": -1, "device_end": -1}}, "FFC_sans_bias69": {"write": {"device_start": -1, "host_queued_start": 1585500212.300899, "device_queued": -1, "device_end": -1, "host_queued_end": 1585500212.308313}, "device": "gpu", "nd_range": {"device_start": 1585500149.4073732, "device_end": 1585500149.4088664}, "cmdq": 1, "read": {"device_start": -1, "device_end": -1}}, "FFC_sans_bias38": {"write": {"device_start": 1585500149.394059, "host_queued_start": 1585500212.283104, "device_queued": 1585500149.390449, "device_end": 1585500149.3940916, "host_queued_end": 1585500212.308313}, "device": "gpu", "nd_range": {"device_start": 1585500149.3940985, "device_end": 1585500149.3954718}, "cmdq": 0, "read": {"device_start": -1, "device_end": -1}}, "coalesced_transpose57": {"write": {"device_start": -1, "host_queued_start": 1585500212.294325, "device_queued": -1, "device_end": -1, "host_queued_end": 1585500212.308313}, "device": "gpu", "nd_range": {"device_start": 1585500149.401475, "device_end": 1585500149.401893}, "cmdq": 0, "read": {"device_start": -1, "device_end": -1}}, "empty26": {"write": {"device_start": 1585500149.3888211, "host_queued_start": 1585500212.266132, "device_queued": 1585500149.3887155, "device_end": 1585500149.3888843, "host_queued_end": 1585500212.308313}, "device": "gpu", "nd_range": {"device_start": 1585500149.3888874, "device_end": 1585500149.3888934}, "cmdq": 1, "read": {"device_start": -1, "device_end": -1}}, "coalesced_transpose12": {"write": {"device_start": -1, "host_queued_start": 1585500212.292785, "device_queued": -1, "device_end": -1, "host_queued_end": 1585500212.308313}, "device": "gpu", "nd_range": {"device_start": 1585500149.4004784, "device_end": 1585500149.4013262}, "cmdq": 1, "read": {"device_start": -1, "device_end": -1}}, "empty44": {"write": {"device_start": 1585500149.3890183, "host_queued_start": 1585500212.267922, "device_queued": 1585500149.3888729, "device_end": 1585500149.3890443, "host_queued_end": 1585500212.308313}, "device": "gpu", "nd_range": {"device_start": 1585500149.3890526, "device_end": 1585500149.3890557}, "cmdq": 0, "read": {"device_start": -1, "device_end": -1}}, "coalesced_transpose21": {"write": {"device_start": -1, "host_queued_start": 1585500212.2931, "device_queued": -1, "device_end": -1, "host_queued_end": 1585500212.308313}, "device": "gpu", "nd_range": {"device_start": 1585500149.4010143, "device_end": 1585500149.4013445}, "cmdq": 2, "read": {"device_start": -1, "device_end": -1}}, "FFC_sans_bias36": {"write": {"device_start": 1585500149.3931224, "host_queued_start": 1585500212.280996, "device_queued": 1585500149.390244, "device_end": 1585500149.3931491, "host_queued_end": 1585500212.308313}, "device": "gpu", "nd_range": {"device_start": 1585500149.3931541, "device_end": 1585500149.394503}, "cmdq": 1, "read": {"device_start": -1, "device_end": -1}}, "softmax14": {"write": {"device_start": -1, "host_queued_start": 1585500212.297127, "device_queued": -1, "device_end": -1, "host_queued_end": 1585500212.308313}, "device": "gpu", "nd_range": {"device_start": 1585500149.4044912, "device_end": 1585500149.4052112}, "cmdq": 0, "read": {"device_start": -1, "device_end": -1}}, "FFC_sans_bias13": {"write": {"device_start": -1, "host_queued_start": 1585500212.294966, "device_queued": -1, "device_end": -1, "host_queued_end": 1585500212.308313}, "device": "gpu", "nd_range": {"device_start": 1585500149.4014695, "device_end": 1585500149.4020748}, "cmdq": 2, "read": {"device_start": -1, "device_end": -1}}, "empty8": {"write": {"device_start": -1, "host_queued_start": 1585500212.31003, "device_queued": -1, "device_end": -1, "host_queued_end": 1585500212.316114}, "device": "cpu", "nd_range": {"device_start": 2167986.505688114, "device_end": 2167986.5057033272}, "cmdq": 0, "read": {"device_start": -1, "device_end": -1}}, "FFC_sans_bias42": {"write": {"device_start": -1, "host_queued_start": 1585500212.299873, "device_queued": -1, "device_end": -1, "host_queued_end": 1585500212.308313}, "device": "gpu", "nd_range": {"device_start": 1585500149.4063923, "device_end": 1585500149.4073637}, "cmdq": 1, "read": {"device_start": -1, "device_end": -1}}, "FFC_sans_bias43": {"write": {"device_start": 1585500149.4085555, "host_queued_start": 1585500212.305075, "device_queued": 1585500149.3931994, "device_end": 1585500149.4085915, "host_queued_end": 1585500212.308313}, "device": "gpu", "nd_range": {"device_start": 1585500149.40861, "device_end": 1585500149.4098313}, "cmdq": 2, "read": {"device_start": 1585500149.4108691, "device_end": 1585500149.4109347}}, "FFC_sans_bias40": {"write": {"device_start": -1, "host_queued_start": 1585500212.295922, "device_queued": -1, "device_end": -1, "host_queued_end": 1585500212.308313}, "device": "gpu", "nd_range": {"device_start": 1585500149.402086, "device_end": 1585500149.4034777}, "cmdq": 2, "read": {"device_start": -1, "device_end": -1}}, "softmax32": {"write": {"device_start": -1, "host_queued_start": 1585500212.297622, "device_queued": -1, "device_end": -1, "host_queued_end": 1585500212.308313}, "device": "gpu", "nd_range": {"device_start": 1585500149.40494, "device_end": 1585500149.405145}, "cmdq": 2, "read": {"device_start": -1, "device_end": -1}}, "FFC_sans_bias47": {"write": {"device_start": 1585500149.3955672, "host_queued_start": 1585500212.286215, "device_queued": 1585500149.3906958, "device_end": 1585500149.3955986, "host_queued_end": 1585500212.308313}, "device": "gpu", "nd_range": {"device_start": 1585500149.395604, "device_end": 1585500149.3968701}, "cmdq": 0, "read": {"device_start": -1, "device_end": -1}}, "FFC_sans_bias45": {"write": {"device_start": 1585500149.3946097, "host_queued_start": 1585500212.284145, "device_queued": 1585500149.3904815, "device_end": 1585500149.3946357, "host_queued_end": 1585500212.308313}, "device": "gpu", "nd_range": {"device_start": 1585500149.3946435, "device_end": 1585500149.3959177}, "cmdq": 1, "read": {"device_start": -1, "device_end": -1}}, "softmax50": {"write": {"device_start": -1, "host_queued_start": 1585500212.29811, "device_queued": -1, "device_end": -1, "host_queued_end": 1585500212.308313}, "device": "gpu", "nd_range": {"device_start": 1585500149.4052076, "device_end": 1585500149.4054554}, "cmdq": 1, "read": {"device_start": -1, "device_end": -1}}, "FFC_sans_bias33": {"write": {"device_start": -1, "host_queued_start": 1585500212.299558, "device_queued": -1, "device_end": -1, "host_queued_end": 1585500212.308313}, "device": "gpu", "nd_range": {"device_start": 1585500149.40662, "device_end": 1585500149.4079146}, "cmdq": 0, "read": {"device_start": -1, "device_end": -1}}, "FFC_sans_bias63": {"write": {"device_start": 1585500149.400147, "host_queued_start": 1585500212.29245, "device_queued": 1585500149.3912609, "device_end": 1585500149.4001737, "host_queued_end": 1585500212.308313}, "device": "gpu", "nd_range": {"device_start": 1585500149.4001799, "device_end": 1585500149.4014466}, "cmdq": 0, "read": {"device_start": -1, "device_end": -1}}, "FFC_sans_bias49": {"write": {"device_start": -1, "host_queued_start": 1585500212.296243, "device_queued": -1, "device_end": -1, "host_queued_end": 1585500212.308313}, "device": "gpu", "nd_range": {"device_start": 1585500149.4030645, "device_end": 1585500149.4044805}, "cmdq": 0, "read": {"device_start": -1, "device_end": -1}}, "FFC_sans_bias64": {"write": {"device_start": 1585500149.3991735, "host_queued_start": 1585500212.290357, "device_queued": 1585500149.391047, "device_end": 1585500149.3992004, "host_queued_end": 1585500212.308313}, "device": "gpu", "nd_range": {"device_start": 1585500149.3992052, "device_end": 1585500149.4004767}, "cmdq": 1, "read": {"device_start": -1, "device_end": -1}}, "FFC_sans_bias65": {"write": {"device_start": 1585500149.3995626, "host_queued_start": 1585500212.291404, "device_queued": 1585500149.3911848, "device_end": 1585500149.399589, "host_queued_end": 1585500212.308313}, "device": "gpu", "nd_range": {"device_start": 1585500149.3995945, "device_end": 1585500149.4010127}, "cmdq": 2, "read": {"device_start": -1, "device_end": -1}}, "FFC_sans_bias67": {"write": {"device_start": -1, "host_queued_start": 1585500212.296878, "device_queued": -1, "device_end": -1, "host_queued_end": 1585500212.308313}, "device": "gpu", "nd_range": {"device_start": 1585500149.4034889, "device_end": 1585500149.4049299}, "cmdq": 2, "read": {"device_start": -1, "device_end": -1}}, "FFC_sans_bias24": {"write": {"device_start": -1, "host_queued_start": 1585500212.299241, "device_queued": -1, "device_end": -1, "host_queued_end": 1585500212.308313}, "device": "gpu", "nd_range": {"device_start": 1585500149.4053683, "device_end": 1585500149.405974}, "cmdq": 2, "read": {"device_start": -1, "device_end": -1}}, "FFC_sans_bias25": {"write": {"device_start": 1585500149.4094229, "host_queued_start": 1585500212.302975, "device_queued": 1585500149.3929555, "device_end": 1585500149.4094477, "host_queued_end": 1585500212.308313}, "device": "gpu", "nd_range": {"device_start": 1585500149.4094598, "device_end": 1585500149.4103165}, "cmdq": 0, "read": {"device_start": 1585500149.410318, "device_end": 1585500149.410342}}, "FFC_sans_bias27": {"write": {"device_start": 1585500149.3916316, "host_queued_start": 1585500212.277852, "device_queued": 1585500149.3899322, "device_end": 1585500149.3916566, "host_queued_end": 1585500212.308313}, "device": "gpu", "nd_range": {"device_start": 1585500149.391659, "device_end": 1585500149.3930209}, "cmdq": 1, "read": {"device_start": -1, "device_end": -1}}, "FFC_sans_bias20": {"write": {"device_start": 1585500149.3911848, "host_queued_start": 1585500212.276821, "device_queued": 1585500149.3898711, "device_end": 1585500149.3912103, "host_queued_end": 1585500212.308313}, "device": "gpu", "nd_range": {"device_start": 1585500149.391214, "device_end": 1585500149.3925283}, "cmdq": 0, "read": {"device_start": -1, "device_end": -1}}, "FFC_sans_bias22": {"write": {"device_start": -1, "host_queued_start": 1585500212.295291, "device_queued": -1, "device_end": -1, "host_queued_end": 1585500212.308313}, "device": "gpu", "nd_range": {"device_start": 1585500149.4019055, "device_end": 1585500149.4030535}, "cmdq": 0, "read": {"device_start": -1, "device_end": -1}}, "softmax68": {"write": {"device_start": -1, "host_queued_start": 1585500212.298622, "device_queued": -1, "device_end": -1, "host_queued_end": 1585500212.308313}, "device": "gpu", "nd_range": {"device_start": 1585500149.4054914, "device_end": 1585500149.4066103}, "cmdq": 0, "read": {"device_start": -1, "device_end": -1}}, "softmax5": {"write": {"device_start": -1, "host_queued_start": 1585500212.314562, "device_queued": -1, "device_end": -1, "host_queued_end": 1585500212.316114}, "device": "cpu", "nd_range": {"device_start": 2167986.523012128, "device_end": 2167986.5231682863}, "cmdq": 0, "read": {"device_start": -1, "device_end": -1}}, "FFC_sans_bias28": {"write": {"device_start": 1585500149.39215, "host_queued_start": 1585500212.278929, "device_queued": 1585500149.39004, "device_end": 1585500149.3921762, "host_queued_end": 1585500212.308313}, "device": "gpu", "nd_range": {"device_start": 1585500149.3921802, "device_end": 1585500149.3935223}, "cmdq": 2, "read": {"device_start": -1, "device_end": -1}}, "FFC_sans_bias29": {"write": {"device_start": 1585500149.3926277, "host_queued_start": 1585500212.279968, "device_queued": 1585500149.3900867, "device_end": 1585500149.3926601, "host_queued_end": 1585500212.308313}, "device": "gpu", "nd_range": {"device_start": 1585500149.392666, "device_end": 1585500149.3939605}, "cmdq": 0, "read": {"device_start": -1, "device_end": -1}}, "empty17": {"write": {"device_start": 1585500149.388716, "host_queued_start": 1585500212.265083, "device_queued": 1585500149.388575, "device_end": 1585500149.3887622, "host_queued_end": 1585500212.308313}, "device": "gpu", "nd_range": {"device_start": 1585500149.3887687, "device_end": 1585500149.3887734}, "cmdq": 0, "read": {"device_start": -1, "device_end": -1}}, "softmax59": {"write": {"device_start": -1, "host_queued_start": 1585500212.298354, "device_queued": -1, "device_end": -1, "host_queued_end": 1585500212.308313}, "device": "gpu", "nd_range": {"device_start": 1585500149.4051552, "device_end": 1585500149.4053578}, "cmdq": 2, "read": {"device_start": -1, "device_end": -1}}, "empty71": {"write": {"device_start": 1585500149.3893654, "host_queued_start": 1585500212.270357, "device_queued": 1585500149.389145, "device_end": 1585500149.3894374, "host_queued_end": 1585500212.308313}, "device": "gpu", "nd_range": {"device_start": 1585500149.3894424, "device_end": 1585500149.3894465}, "cmdq": 0, "read": {"device_start": -1, "device_end": -1}}, "empty35": {"write": {"device_start": 1585500149.388919, "host_queued_start": 1585500212.26708, "device_queued": 1585500149.3887484, "device_end": 1585500149.3889995, "host_queued_end": 1585500212.308313}, "device": "gpu", "nd_range": {"device_start": 1585500149.389004, "device_end": 1585500149.389008}, "cmdq": 2, "read": {"device_start": -1, "device_end": -1}}, "empty53": {"write": {"device_start": 1585500149.3891757, "host_queued_start": 1585500212.268731, "device_queued": 1585500149.3890724, "device_end": 1585500149.3892515, "host_queued_end": 1585500212.308313}, "device": "gpu", "nd_range": {"device_start": 1585500149.3892558, "device_end": 1585500149.3892622}, "cmdq": 1, "read": {"device_start": -1, "device_end": -1}}, "FFC_sans_bias46": {"write": {"device_start": 1585500149.3950303, "host_queued_start": 1585500212.285183, "device_queued": 1585500149.39062, "device_end": 1585500149.3950627, "host_queued_end": 1585500212.308313}, "device": "gpu", "nd_range": {"device_start": 1585500149.3950665, "device_end": 1585500149.3963614}, "cmdq": 2, "read": {"device_start": -1, "device_end": -1}}, "coalesced_transpose66": {"write": {"device_start": -1, "host_queued_start": 1585500212.29464, "device_queued": -1, "device_end": -1, "host_queued_end": 1585500212.308313}, "device": "gpu", "nd_range": {"device_start": 1585500149.4013534, "device_end": 1585500149.4013712}, "cmdq": 1, "read": {"device_start": -1, "device_end": -1}}, "coalesced_transpose48": {"write": {"device_start": -1, "host_queued_start": 1585500212.294015, "device_queued": -1, "device_end": -1, "host_queued_end": 1585500212.308313}, "device": "gpu", "nd_range": {"device_start": 1585500149.401346, "device_end": 1585500149.4013655}, "cmdq": 2, "read": {"device_start": -1, "device_end": -1}}}