{"FFC_sans_bias60": {"write": {"device_start": -1, "host_queued_start": 1585500304.861173, "device_queued": -1, "device_end": -1, "host_queued_end": 1585500304.86827}, "device": "cpu", "nd_range": {"device_start": 2168079.2266179873, "device_end": 2168079.242612047}, "cmdq": 3, "read": {"device_start": -1, "device_end": -1}}, "FFC_sans_bias4": {"write": {"device_start": -1, "host_queued_start": 1585500304.854627, "device_queued": -1, "device_end": -1, "host_queued_end": 1585500304.86827}, "device": "cpu", "nd_range": {"device_start": 2168079.143161878, "device_end": 2168079.1575409323}, "cmdq": 3, "read": {"device_start": -1, "device_end": -1}}, "FFC_sans_bias7": {"write": {"device_start": -1, "host_queued_start": 1585500304.862252, "device_queued": -1, "device_end": -1, "host_queued_end": 1585500304.86827}, "device": "cpu", "nd_range": {"device_start": 2168079.233358595, "device_end": 2168079.262080783}, "cmdq": 0, "read": {"device_start": -1, "device_end": -1}}, "FFC_sans_bias6": {"write": {"device_start": -1, "host_queued_start": 1585500304.859062, "device_queued": -1, "device_end": -1, "host_queued_end": 1585500304.86827}, "device": "cpu", "nd_range": {"device_start": 2168079.206799886, "device_end": 2168079.232921196}, "cmdq": 1, "read": {"device_start": -1, "device_end": -1}}, "FFC_sans_bias1": {"write": {"device_start": -1, "host_queued_start": 1585500304.831818, "device_queued": -1, "device_end": -1, "host_queued_end": 1585500304.86827}, "device": "cpu", "nd_range": {"device_start": 2168079.0579220722, "device_end": 2168079.0737867733}, "cmdq": 0, "read": {"device_start": -1, "device_end": -1}}, "FFC_sans_bias0": {"write": {"device_start": -1, "host_queued_start": 1585500304.830777, "device_queued": -1, "device_end": -1, "host_queued_end": 1585500304.86827}, "device": "cpu", "nd_range": {"device_start": 2168079.057949386, "device_end": 2168079.073298505}, "cmdq": 3, "read": {"device_start": -1, "device_end": -1}}, "FFC_sans_bias2": {"write": {"device_start": -1, "host_queued_start": 1585500304.832869, "device_queued": -1, "device_end": -1, "host_queued_end": 1585500304.86827}, "device": "cpu", "nd_range": {"device_start": 2168079.057922488, "device_end": 2168079.073428729}, "cmdq": 1, "read": {"device_start": -1, "device_end": -1}}, "FFC_sans_bias61": {"write": {"device_start": -1, "host_queued_start": 1585500304.868224, "device_queued": -1, "device_end": -1, "host_queued_end": 1585500304.86827}, "device": "cpu", "nd_range": {"device_start": 2168079.252639056, "device_end": 2168079.260719664}, "cmdq": 2, "read": {"device_start": -1, "device_end": -1}}, "FFC_sans_bias52": {"write": {"device_start": -1, "host_queued_start": 1585500304.867225, "device_queued": -1, "device_end": -1, "host_queued_end": 1585500304.86827}, "device": "cpu", "nd_range": {"device_start": 2168079.2587228073, "device_end": 2168079.265631744}, "cmdq": 1, "read": {"device_start": -1, "device_end": -1}}, "FFC_sans_bias9": {"write": {"device_start": -1, "host_queued_start": 1585500304.833913, "device_queued": -1, "device_end": -1, "host_queued_end": 1585500304.86827}, "device": "cpu", "nd_range": {"device_start": 2168079.058760608, "device_end": 2168079.0740006613}, "cmdq": 2, "read": {"device_start": -1, "device_end": -1}}, "coalesced_transpose39": {"write": {"device_start": -1, "host_queued_start": 1585500304.853531, "device_queued": -1, "device_end": -1, "host_queued_end": 1585500304.86827}, "device": "cpu", "nd_range": {"device_start": 2168079.138344007, "device_end": 2168079.138585659}, "cmdq": 0, "read": {"device_start": -1, "device_end": -1}}, "FFC_sans_bias55": {"write": {"device_start": -1, "host_queued_start": 1585500304.851868, "device_queued": -1, "device_end": -1, "host_queued_end": 1585500304.86827}, "device": "cpu", "nd_range": {"device_start": 2168079.134572177, "device_end": 2168079.142686442}, "cmdq": 3, "read": {"device_start": -1, "device_end": -1}}, "FFC_sans_bias54": {"write": {"device_start": -1, "host_queued_start": 1585500304.850826, "device_queued": -1, "device_end": -1, "host_queued_end": 1585500304.86827}, "device": "cpu", "nd_range": {"device_start": 2168079.1199723803, "device_end": 2168079.13517143}, "cmdq": 2, "read": {"device_start": -1, "device_end": -1}}, "FFC_sans_bias56": {"write": {"device_start": -1, "host_queued_start": 1585500304.849779, "device_queued": -1, "device_end": -1, "host_queued_end": 1585500304.86827}, "device": "cpu", "nd_range": {"device_start": 2168079.152092946, "device_end": 2168079.158748426}, "cmdq": 1, "read": {"device_start": -1, "device_end": -1}}, "FFC_sans_bias51": {"write": {"device_start": -1, "host_queued_start": 1585500304.860824, "device_queued": -1, "device_end": -1, "host_queued_end": 1585500304.86827}, "device": "cpu", "nd_range": {"device_start": 2168079.194044055, "device_end": 2168079.2085021823}, "cmdq": 2, "read": {"device_start": -1, "device_end": -1}}, "softmax23": {"write": {"device_start": -1, "host_queued_start": 1585500304.85755, "device_queued": -1, "device_end": -1, "host_queued_end": 1585500304.86827}, "device": "cpu", "nd_range": {"device_start": 2168079.189142962, "device_end": 2168079.189350821}, "cmdq": 0, "read": {"device_start": -1, "device_end": -1}}, "FFC_sans_bias37": {"write": {"device_start": -1, "host_queued_start": 1585500304.844513, "device_queued": -1, "device_end": -1, "host_queued_end": 1585500304.86827}, "device": "cpu", "nd_range": {"device_start": 2168079.106001366, "device_end": 2168079.122635885}, "cmdq": 0, "read": {"device_start": -1, "device_end": -1}}, "empty62": {"write": {"device_start": -1, "host_queued_start": 1585500304.829788, "device_queued": -1, "device_end": -1, "host_queued_end": 1585500304.86827}, "device": "cpu", "nd_range": {"device_start": 2168079.0586503902, "device_end": 2168079.0586527}, "cmdq": 2, "read": {"device_start": -1, "device_end": -1}}, "FFC_sans_bias70": {"write": {"device_start": 1585500241.9036598, "host_queued_start": 1585500304.823098, "device_queued": 1585500241.9015741, "device_end": 1585500241.9036853, "host_queued_end": 1585500304.823205}, "device": "gpu", "nd_range": {"device_start": 1585500241.9043353, "device_end": 1585500241.9049275}, "cmdq": 2, "read": {"device_start": 1585500241.9049327, "device_end": 1585500241.9049559}}, "FFC_sans_bias58": {"write": {"device_start": -1, "host_queued_start": 1585500304.856695, "device_queued": -1, "device_end": -1, "host_queued_end": 1585500304.86827}, "device": "cpu", "nd_range": {"device_start": 2168079.177627401, "device_end": 2168079.2065571733}, "cmdq": 1, "read": {"device_start": -1, "device_end": -1}}, "softmax41": {"write": {"device_start": -1, "host_queued_start": 1585500304.858128, "device_queued": -1, "device_end": -1, "host_queued_end": 1585500304.86827}, "device": "cpu", "nd_range": {"device_start": 2168079.163464284, "device_end": 2168079.163559168}, "cmdq": 2, "read": {"device_start": -1, "device_end": -1}}, "FFC_sans_bias11": {"write": {"device_start": -1, "host_queued_start": 1585500304.836042, "device_queued": -1, "device_end": -1, "host_queued_end": 1585500304.86827}, "device": "cpu", "nd_range": {"device_start": 2168079.073899718, "device_end": 2168079.090352457}, "cmdq": 0, "read": {"device_start": -1, "device_end": -1}}, "FFC_sans_bias10": {"write": {"device_start": -1, "host_queued_start": 1585500304.834991, "device_queued": -1, "device_end": -1, "host_queued_end": 1585500304.86827}, "device": "cpu", "nd_range": {"device_start": 2168079.0733075, "device_end": 2168079.0885861563}, "cmdq": 3, "read": {"device_start": -1, "device_end": -1}}, "coalesced_transpose3": {"write": {"device_start": -1, "host_queued_start": 1585500304.852208, "device_queued": -1, "device_end": -1, "host_queued_end": 1585500304.86827}, "device": "cpu", "nd_range": {"device_start": 2168079.137987574, "device_end": 2168079.1382361352}, "cmdq": 0, "read": {"device_start": -1, "device_end": -1}}, "FFC_sans_bias34": {"write": {"device_start": -1, "host_queued_start": 1585500304.865235, "device_queued": -1, "device_end": -1, "host_queued_end": 1585500304.86827}, "device": "cpu", "nd_range": {"device_start": 2168079.242622117, "device_end": 2168079.2526356042}, "cmdq": 3, "read": {"device_start": -1, "device_end": -1}}, "FFC_sans_bias15": {"write": {"device_start": -1, "host_queued_start": 1585500304.859422, "device_queued": -1, "device_end": -1, "host_queued_end": 1585500304.86827}, "device": "cpu", "nd_range": {"device_start": 2168079.1777784033, "device_end": 2168079.194009339}, "cmdq": 2, "read": {"device_start": -1, "device_end": -1}}, "FFC_sans_bias31": {"write": {"device_start": -1, "host_queued_start": 1585500304.855664, "device_queued": -1, "device_end": -1, "host_queued_end": 1585500304.86827}, "device": "cpu", "nd_range": {"device_start": 2168079.14378922, "device_end": 2168079.15364828}, "cmdq": 2, "read": {"device_start": -1, "device_end": -1}}, "FFC_sans_bias16": {"write": {"device_start": -1, "host_queued_start": 1585500304.863249, "device_queued": -1, "device_end": -1, "host_queued_end": 1585500304.86827}, "device": "cpu", "nd_range": {"device_start": 2168079.2434628652, "device_end": 2168079.258719643}, "cmdq": 1, "read": {"device_start": -1, "device_end": -1}}, "FFC_sans_bias19": {"write": {"device_start": -1, "host_queued_start": 1585500304.838133, "device_queued": -1, "device_end": -1, "host_queued_end": 1585500304.86827}, "device": "cpu", "nd_range": {"device_start": 2168079.0741163343, "device_end": 2168079.089286736}, "cmdq": 2, "read": {"device_start": -1, "device_end": -1}}, "FFC_sans_bias18": {"write": {"device_start": -1, "host_queued_start": 1585500304.837085, "device_queued": -1, "device_end": -1, "host_queued_end": 1585500304.86827}, "device": "cpu", "nd_range": {"device_start": 2168079.076891939, "device_end": 2168079.1058212803}, "cmdq": 1, "read": {"device_start": -1, "device_end": -1}}, "coalesced_transpose30": {"write": {"device_start": -1, "host_queued_start": 1585500304.853203, "device_queued": -1, "device_end": -1, "host_queued_end": 1585500304.86827}, "device": "cpu", "nd_range": {"device_start": 2168079.14280606, "device_end": 2168079.14305087}, "cmdq": 3, "read": {"device_start": -1, "device_end": -1}}, "FFC_sans_bias69": {"write": {"device_start": -1, "host_queued_start": 1585500304.822049, "device_queued": -1, "device_end": -1, "host_queued_end": 1585500304.823205}, "device": "gpu", "nd_range": {"device_start": 1585500241.9037378, "device_end": 1585500241.9043324}, "cmdq": 1, "read": {"device_start": -1, "device_end": -1}}, "FFC_sans_bias38": {"write": {"device_start": -1, "host_queued_start": 1585500304.845561, "device_queued": -1, "device_end": -1, "host_queued_end": 1585500304.86827}, "device": "cpu", "nd_range": {"device_start": 2168079.137500221, "device_end": 2168079.151825279}, "cmdq": 1, "read": {"device_start": -1, "device_end": -1}}, "coalesced_transpose57": {"write": {"device_start": -1, "host_queued_start": 1585500304.854187, "device_queued": -1, "device_end": -1, "host_queued_end": 1585500304.86827}, "device": "cpu", "nd_range": {"device_start": 2168079.143441645, "device_end": 2168079.143676366}, "cmdq": 2, "read": {"device_start": -1, "device_end": -1}}, "empty26": {"write": {"device_start": -1, "host_queued_start": 1585500304.826379, "device_queued": -1, "device_end": -1, "host_queued_end": 1585500304.86827}, "device": "cpu", "nd_range": {"device_start": 2168079.058184754, "device_end": 2168079.058188818}, "cmdq": 2, "read": {"device_start": -1, "device_end": -1}}, "coalesced_transpose12": {"write": {"device_start": -1, "host_queued_start": 1585500304.852541, "device_queued": -1, "device_end": -1, "host_queued_end": 1585500304.86827}, "device": "cpu", "nd_range": {"device_start": 2168079.1655322383, "device_end": 2168079.165660074}, "cmdq": 1, "read": {"device_start": -1, "device_end": -1}}, "empty44": {"write": {"device_start": -1, "host_queued_start": 1585500304.828168, "device_queued": -1, "device_end": -1, "host_queued_end": 1585500304.86827}, "device": "cpu", "nd_range": {"device_start": 2168079.057916218, "device_end": 2168079.0579171022}, "cmdq": 0, "read": {"device_start": -1, "device_end": -1}}, "coalesced_transpose21": {"write": {"device_start": -1, "host_queued_start": 1585500304.852871, "device_queued": -1, "device_end": -1, "host_queued_end": 1585500304.86827}, "device": "cpu", "nd_range": {"device_start": 2168079.1352877542, "device_end": 2168079.135534212}, "cmdq": 2, "read": {"device_start": -1, "device_end": -1}}, "FFC_sans_bias36": {"write": {"device_start": -1, "host_queued_start": 1585500304.843469, "device_queued": -1, "device_end": -1, "host_queued_end": 1585500304.86827}, "device": "cpu", "nd_range": {"device_start": 2168079.103835017, "device_end": 2168079.119017297}, "cmdq": 3, "read": {"device_start": -1, "device_end": -1}}, "softmax14": {"write": {"device_start": -1, "host_queued_start": 1585500304.857267, "device_queued": -1, "device_end": -1, "host_queued_end": 1585500304.86827}, "device": "cpu", "nd_range": {"device_start": 2168079.177337142, "device_end": 2168079.177544787}, "cmdq": 3, "read": {"device_start": -1, "device_end": -1}}, "FFC_sans_bias13": {"write": {"device_start": -1, "host_queued_start": 1585500304.854978, "device_queued": -1, "device_end": -1, "host_queued_end": 1585500304.86827}, "device": "cpu", "nd_range": {"device_start": 2168079.165667281, "device_end": 2168079.173745618}, "cmdq": 0, "read": {"device_start": -1, "device_end": -1}}, "empty8": {"write": {"device_start": -1, "host_queued_start": 1585500304.824645, "device_queued": -1, "device_end": -1, "host_queued_end": 1585500304.86827}, "device": "cpu", "nd_range": {"device_start": 2168079.057883515, "device_end": 2168079.0578923593}, "cmdq": 0, "read": {"device_start": -1, "device_end": -1}}, "FFC_sans_bias42": {"write": {"device_start": -1, "host_queued_start": 1585500304.860483, "device_queued": -1, "device_end": -1, "host_queued_end": 1585500304.86827}, "device": "cpu", "nd_range": {"device_start": 2168079.232950666, "device_end": 2168079.243455707}, "cmdq": 1, "read": {"device_start": -1, "device_end": -1}}, "FFC_sans_bias43": {"write": {"device_start": -1, "host_queued_start": 1585500304.866226, "device_queued": -1, "device_end": -1, "host_queued_end": 1585500304.86827}, "device": "cpu", "nd_range": {"device_start": 2168079.268098054, "device_end": 2168079.2733497173}, "cmdq": 0, "read": {"device_start": -1, "device_end": -1}}, "FFC_sans_bias40": {"write": {"device_start": -1, "host_queued_start": 1585500304.856009, "device_queued": -1, "device_end": -1, "host_queued_end": 1585500304.86827}, "device": "cpu", "nd_range": {"device_start": 2168079.157656811, "device_end": 2168079.163342785}, "cmdq": 3, "read": {"device_start": -1, "device_end": -1}}, "softmax32": {"write": {"device_start": -1, "host_queued_start": 1585500304.857832, "device_queued": -1, "device_end": -1, "host_queued_end": 1585500304.86827}, "device": "cpu", "nd_range": {"device_start": 2168079.2065737993, "device_end": 2168079.206793304}, "cmdq": 1, "read": {"device_start": -1, "device_end": -1}}, "FFC_sans_bias47": {"write": {"device_start": -1, "host_queued_start": 1585500304.848741, "device_queued": -1, "device_end": -1, "host_queued_end": 1585500304.86827}, "device": "cpu", "nd_range": {"device_start": 2168079.1227579983, "device_end": 2168079.137879733}, "cmdq": 0, "read": {"device_start": -1, "device_end": -1}}, "FFC_sans_bias45": {"write": {"device_start": -1, "host_queued_start": 1585500304.84663, "device_queued": -1, "device_end": -1, "host_queued_end": 1585500304.86827}, "device": "cpu", "nd_range": {"device_start": 2168079.104680121, "device_end": 2168079.119857295}, "cmdq": 2, "read": {"device_start": -1, "device_end": -1}}, "softmax50": {"write": {"device_start": -1, "host_queued_start": 1585500304.858433, "device_queued": -1, "device_end": -1, "host_queued_end": 1585500304.86827}, "device": "cpu", "nd_range": {"device_start": 2168079.189459721, "device_end": 2168079.18966219}, "cmdq": 3, "read": {"device_start": -1, "device_end": -1}}, "FFC_sans_bias33": {"write": {"device_start": -1, "host_queued_start": 1585500304.860131, "device_queued": -1, "device_end": -1, "host_queued_end": 1585500304.86827}, "device": "cpu", "nd_range": {"device_start": 2168079.2082386003, "device_end": 2168079.233249791}, "cmdq": 0, "read": {"device_start": -1, "device_end": -1}}, "FFC_sans_bias63": {"write": {"device_start": 1585500241.9014688, "host_queued_start": 1585500304.820865, "device_queued": 1585500241.901375, "device_end": 1585500241.9014976, "host_queued_end": 1585500304.823205}, "device": "gpu", "nd_range": {"device_start": 1585500241.901501, "device_end": 1585500241.9029217}, "cmdq": 0, "read": {"device_start": -1, "device_end": -1}}, "FFC_sans_bias49": {"write": {"device_start": -1, "host_queued_start": 1585500304.856351, "device_queued": -1, "device_end": -1, "host_queued_end": 1585500304.86827}, "device": "cpu", "nd_range": {"device_start": 2168079.173865923, "device_end": 2168079.1890246393}, "cmdq": 0, "read": {"device_start": -1, "device_end": -1}}, "FFC_sans_bias64": {"write": {"device_start": 1585500241.9012542, "host_queued_start": 1585500304.818679, "device_queued": 1585500241.901097, "device_end": 1585500241.901329, "host_queued_end": 1585500304.823205}, "device": "gpu", "nd_range": {"device_start": 1585500241.9013371, "device_end": 1585500241.9019508}, "cmdq": 1, "read": {"device_start": -1, "device_end": -1}}, "FFC_sans_bias65": {"write": {"device_start": 1585500241.901336, "host_queued_start": 1585500304.819778, "device_queued": 1585500241.9011152, "device_end": 1585500241.9013665, "host_queued_end": 1585500304.823205}, "device": "gpu", "nd_range": {"device_start": 1585500241.9013686, "device_end": 1585500241.9023504}, "cmdq": 2, "read": {"device_start": -1, "device_end": -1}}, "FFC_sans_bias67": {"write": {"device_start": -1, "host_queued_start": 1585500304.821498, "device_queued": -1, "device_end": -1, "host_queued_end": 1585500304.823205}, "device": "gpu", "nd_range": {"device_start": 1585500241.902927, "device_end": 1585500241.903532}, "cmdq": 2, "read": {"device_start": -1, "device_end": -1}}, "FFC_sans_bias24": {"write": {"device_start": -1, "host_queued_start": 1585500304.859781, "device_queued": -1, "device_end": -1, "host_queued_end": 1585500304.86827}, "device": "cpu", "nd_range": {"device_start": 2168079.189771262, "device_end": 2168079.205612938}, "cmdq": 3, "read": {"device_start": -1, "device_end": -1}}, "FFC_sans_bias25": {"write": {"device_start": -1, "host_queued_start": 1585500304.864242, "device_queued": -1, "device_end": -1, "host_queued_end": 1585500304.86827}, "device": "cpu", "nd_range": {"device_start": 2168079.208509021, "device_end": 2168079.224694979}, "cmdq": 2, "read": {"device_start": -1, "device_end": -1}}, "FFC_sans_bias27": {"write": {"device_start": -1, "host_queued_start": 1585500304.840286, "device_queued": -1, "device_end": -1, "host_queued_end": 1585500304.86827}, "device": "cpu", "nd_range": {"device_start": 2168079.090469674, "device_end": 2168079.105798236}, "cmdq": 0, "read": {"device_start": -1, "device_end": -1}}, "FFC_sans_bias20": {"write": {"device_start": -1, "host_queued_start": 1585500304.839211, "device_queued": -1, "device_end": -1, "host_queued_end": 1585500304.86827}, "device": "cpu", "nd_range": {"device_start": 2168079.088593535, "device_end": 2168079.103827975}, "cmdq": 3, "read": {"device_start": -1, "device_end": -1}}, "FFC_sans_bias22": {"write": {"device_start": -1, "host_queued_start": 1585500304.85532, "device_queued": -1, "device_end": -1, "host_queued_end": 1585500304.86827}, "device": "cpu", "nd_range": {"device_start": 2168079.166161872, "device_end": 2168079.177614335}, "cmdq": 1, "read": {"device_start": -1, "device_end": -1}}, "softmax68": {"write": {"device_start": -1, "host_queued_start": 1585500304.821743, "device_queued": -1, "device_end": -1, "host_queued_end": 1585500304.823205}, "device": "gpu", "nd_range": {"device_start": 1585500241.9035354, "device_end": 1585500241.9037325}, "cmdq": 0, "read": {"device_start": -1, "device_end": -1}}, "softmax5": {"write": {"device_start": -1, "host_queued_start": 1585500304.856975, "device_queued": -1, "device_end": -1, "host_queued_end": 1585500304.86827}, "device": "cpu", "nd_range": {"device_start": 2168079.15802634, "device_end": 2168079.158242911}, "cmdq": 2, "read": {"device_start": -1, "device_end": -1}}, "FFC_sans_bias28": {"write": {"device_start": -1, "host_queued_start": 1585500304.841348, "device_queued": -1, "device_end": -1, "host_queued_end": 1585500304.86827}, "device": "cpu", "nd_range": {"device_start": 2168079.105829983, "device_end": 2168079.137492056}, "cmdq": 1, "read": {"device_start": -1, "device_end": -1}}, "FFC_sans_bias29": {"write": {"device_start": -1, "host_queued_start": 1585500304.842402, "device_queued": -1, "device_end": -1, "host_queued_end": 1585500304.86827}, "device": "cpu", "nd_range": {"device_start": 2168079.089403918, "device_end": 2168079.1045613163}, "cmdq": 2, "read": {"device_start": -1, "device_end": -1}}, "empty17": {"write": {"device_start": -1, "host_queued_start": 1585500304.82553, "device_queued": -1, "device_end": -1, "host_queued_end": 1585500304.86827}, "device": "cpu", "nd_range": {"device_start": 2168079.057879344, "device_end": 2168079.057892342}, "cmdq": 1, "read": {"device_start": -1, "device_end": -1}}, "softmax59": {"write": {"device_start": -1, "host_queued_start": 1585500304.858715, "device_queued": -1, "device_end": -1, "host_queued_end": 1585500304.86827}, "device": "cpu", "nd_range": {"device_start": 2168079.2079153974, "device_end": 2168079.208129495}, "cmdq": 0, "read": {"device_start": -1, "device_end": -1}}, "empty71": {"write": {"device_start": 1585500241.9011426, "host_queued_start": 1585500304.817413, "device_queued": 1585500241.901011, "device_end": 1585500241.901192, "host_queued_end": 1585500304.823205}, "device": "gpu", "nd_range": {"device_start": 1585500241.9011972, "device_end": 1585500241.90121}, "cmdq": 0, "read": {"device_start": -1, "device_end": -1}}, "empty35": {"write": {"device_start": -1, "host_queued_start": 1585500304.827285, "device_queued": -1, "device_end": -1, "host_queued_end": 1585500304.86827}, "device": "cpu", "nd_range": {"device_start": 2168079.0579254273, "device_end": 2168079.057930022}, "cmdq": 3, "read": {"device_start": -1, "device_end": -1}}, "empty53": {"write": {"device_start": -1, "host_queued_start": 1585500304.82898, "device_queued": -1, "device_end": -1, "host_queued_end": 1585500304.86827}, "device": "cpu", "nd_range": {"device_start": 2168079.057916239, "device_end": 2168079.057917321}, "cmdq": 1, "read": {"device_start": -1, "device_end": -1}}, "FFC_sans_bias46": {"write": {"device_start": -1, "host_queued_start": 1585500304.847684, "device_queued": -1, "device_end": -1, "host_queued_end": 1585500304.86827}, "device": "cpu", "nd_range": {"device_start": 2168079.119157277, "device_end": 2168079.134426942}, "cmdq": 3, "read": {"device_start": -1, "device_end": -1}}, "coalesced_transpose66": {"write": {"device_start": -1, "host_queued_start": 1585500304.821184, "device_queued": -1, "device_end": -1, "host_queued_end": 1585500304.823205}, "device": "gpu", "nd_range": {"device_start": 1585500241.9019525, "device_end": 1585500241.9027555}, "cmdq": 1, "read": {"device_start": -1, "device_end": -1}}, "coalesced_transpose48": {"write": {"device_start": -1, "host_queued_start": 1585500304.853861, "device_queued": -1, "device_end": -1, "host_queued_end": 1585500304.86827}, "device": "cpu", "nd_range": {"device_start": 2168079.1656687213, "device_end": 2168079.166156453}, "cmdq": 1, "read": {"device_start": -1, "device_end": -1}}}