{"FFC_sans_bias60": {"write": {"device_start": -1, "host_queued_start": 1585500394.30223, "device_queued": -1, "device_end": -1, "host_queued_end": 1585500394.30786}, "device": "gpu", "nd_range": {"device_start": 1585500331.3947003, "device_end": 1585500331.396319}, "cmdq": 2, "read": {"device_start": -1, "device_end": -1}}, "FFC_sans_bias4": {"write": {"device_start": -1, "host_queued_start": 1585500394.323594, "device_queued": -1, "device_end": -1, "host_queued_end": 1585500394.329509}, "device": "cpu", "nd_range": {"device_start": 2168168.568190067, "device_end": 2168168.583461149}, "cmdq": 0, "read": {"device_start": -1, "device_end": -1}}, "FFC_sans_bias7": {"write": {"device_start": -1, "host_queued_start": 1585500394.327487, "device_queued": -1, "device_end": -1, "host_queued_end": 1585500394.329509}, "device": "cpu", "nd_range": {"device_start": 2168168.5908396393, "device_end": 2168168.5982685983}, "cmdq": 0, "read": {"device_start": -1, "device_end": -1}}, "FFC_sans_bias6": {"write": {"device_start": -1, "host_queued_start": 1585500394.325612, "device_queued": -1, "device_end": -1, "host_queued_end": 1585500394.329509}, "device": "cpu", "nd_range": {"device_start": 2168168.583687114, "device_end": 2168168.59083301}, "cmdq": 0, "read": {"device_start": -1, "device_end": -1}}, "FFC_sans_bias1": {"write": {"device_start": -1, "host_queued_start": 1585500394.3141, "device_queued": -1, "device_end": -1, "host_queued_end": 1585500394.329509}, "device": "cpu", "nd_range": {"device_start": 2168168.519136867, "device_end": 2168168.5270915423}, "cmdq": 1, "read": {"device_start": -1, "device_end": -1}}, "FFC_sans_bias0": {"write": {"device_start": -1, "host_queued_start": 1585500394.312865, "device_queued": -1, "device_end": -1, "host_queued_end": 1585500394.329509}, "device": "cpu", "nd_range": {"device_start": 2168168.519139667, "device_end": 2168168.53334806}, "cmdq": 0, "read": {"device_start": -1, "device_end": -1}}, "FFC_sans_bias2": {"write": {"device_start": -1, "host_queued_start": 1585500394.315306, "device_queued": -1, "device_end": -1, "host_queued_end": 1585500394.329509}, "device": "cpu", "nd_range": {"device_start": 2168168.519149864, "device_end": 2168168.531915932}, "cmdq": 2, "read": {"device_start": -1, "device_end": -1}}, "FFC_sans_bias61": {"write": {"device_start": 1585500331.3970366, "host_queued_start": 1585500394.306717, "device_queued": 1585500331.3868597, "device_end": 1585500331.3970664, "host_queued_end": 1585500394.30786}, "device": "gpu", "nd_range": {"device_start": 1585500331.3970761, "device_end": 1585500331.3987553}, "cmdq": 3, "read": {"device_start": 1585500331.398765, "device_end": 1585500331.398788}}, "FFC_sans_bias52": {"write": {"device_start": 1585500331.3964508, "host_queued_start": 1585500394.305669, "device_queued": 1585500331.3868387, "device_end": 1585500331.3964837, "host_queued_end": 1585500394.30786}, "device": "gpu", "nd_range": {"device_start": 1585500331.3965006, "device_end": 1585500331.3982985}, "cmdq": 2, "read": {"device_start": 1585500331.3983057, "device_end": 1585500331.398328}}, "FFC_sans_bias9": {"write": {"device_start": -1, "host_queued_start": 1585500394.316346, "device_queued": -1, "device_end": -1, "host_queued_end": 1585500394.329509}, "device": "cpu", "nd_range": {"device_start": 2168168.534076253, "device_end": 2168168.5547396}, "cmdq": 0, "read": {"device_start": -1, "device_end": -1}}, "coalesced_transpose39": {"write": {"device_start": -1, "host_queued_start": 1585500394.297252, "device_queued": -1, "device_end": -1, "host_queued_end": 1585500394.30786}, "device": "gpu", "nd_range": {"device_start": 1585500331.390542, "device_end": 1585500331.3913808}, "cmdq": 1, "read": {"device_start": -1, "device_end": -1}}, "FFC_sans_bias55": {"write": {"device_start": 1585500331.3882334, "host_queued_start": 1585500394.293483, "device_queued": 1585500331.3850627, "device_end": 1585500331.3882596, "host_queued_end": 1585500394.30786}, "device": "gpu", "nd_range": {"device_start": 1585500331.388263, "device_end": 1585500331.3900378}, "cmdq": 0, "read": {"device_start": -1, "device_end": -1}}, "FFC_sans_bias54": {"write": {"device_start": 1585500331.3877766, "host_queued_start": 1585500394.29245, "device_queued": 1585500331.3848314, "device_end": 1585500331.387802, "host_queued_end": 1585500394.30786}, "device": "gpu", "nd_range": {"device_start": 1585500331.38781, "device_end": 1585500331.3895605}, "cmdq": 3, "read": {"device_start": -1, "device_end": -1}}, "FFC_sans_bias56": {"write": {"device_start": 1585500331.387233, "host_queued_start": 1585500394.291425, "device_queued": 1585500331.3848057, "device_end": 1585500331.3872597, "host_queued_end": 1585500394.30786}, "device": "gpu", "nd_range": {"device_start": 1585500331.3872688, "device_end": 1585500331.3890972}, "cmdq": 2, "read": {"device_start": -1, "device_end": -1}}, "FFC_sans_bias51": {"write": {"device_start": -1, "host_queued_start": 1585500394.301917, "device_queued": -1, "device_end": -1, "host_queued_end": 1585500394.30786}, "device": "gpu", "nd_range": {"device_start": 1585500331.394337, "device_end": 1585500331.3959007}, "cmdq": 1, "read": {"device_start": -1, "device_end": -1}}, "softmax23": {"write": {"device_start": -1, "host_queued_start": 1585500394.325253, "device_queued": -1, "device_end": -1, "host_queued_end": 1585500394.329509}, "device": "cpu", "nd_range": {"device_start": 2168168.56550379, "device_end": 2168168.565717495}, "cmdq": 2, "read": {"device_start": -1, "device_end": -1}}, "FFC_sans_bias37": {"write": {"device_start": 1585500331.38488, "host_queued_start": 1585500394.286166, "device_queued": 1585500331.3843842, "device_end": 1585500331.3849094, "host_queued_end": 1585500394.30786}, "device": "gpu", "nd_range": {"device_start": 1585500331.3849134, "device_end": 1585500331.3866847}, "cmdq": 1, "read": {"device_start": -1, "device_end": -1}}, "empty62": {"write": {"device_start": 1585500331.383632, "host_queued_start": 1585500394.280024, "device_queued": 1585500331.383389, "device_end": 1585500331.3836572, "host_queued_end": 1585500394.30786}, "device": "gpu", "nd_range": {"device_start": 1585500331.3836613, "device_end": 1585500331.3836696}, "cmdq": 3, "read": {"device_start": -1, "device_end": -1}}, "FFC_sans_bias70": {"write": {"device_start": 1585500331.3975415, "host_queued_start": 1585500394.307758, "device_queued": 1585500331.3871403, "device_end": 1585500331.3975663, "host_queued_end": 1585500394.30786}, "device": "gpu", "nd_range": {"device_start": 1585500331.3975754, "device_end": 1585500331.399248}, "cmdq": 0, "read": {"device_start": 1585500331.3992581, "device_end": 1585500331.3992844}}, "FFC_sans_bias58": {"write": {"device_start": -1, "host_queued_start": 1585500394.299435, "device_queued": -1, "device_end": -1, "host_queued_end": 1585500394.30786}, "device": "gpu", "nd_range": {"device_start": 1585500331.3915684, "device_end": 1585500331.393539}, "cmdq": 0, "read": {"device_start": -1, "device_end": -1}}, "softmax41": {"write": {"device_start": -1, "host_queued_start": 1585500394.30024, "device_queued": -1, "device_end": -1, "host_queued_end": 1585500394.30786}, "device": "gpu", "nd_range": {"device_start": 1585500331.3931272, "device_end": 1585500331.3943117}, "cmdq": 3, "read": {"device_start": -1, "device_end": -1}}, "FFC_sans_bias11": {"write": {"device_start": -1, "host_queued_start": 1585500394.318452, "device_queued": -1, "device_end": -1, "host_queued_end": 1585500394.329509}, "device": "cpu", "nd_range": {"device_start": 2168168.5320581673, "device_end": 2168168.543657633}, "cmdq": 2, "read": {"device_start": -1, "device_end": -1}}, "FFC_sans_bias10": {"write": {"device_start": -1, "host_queued_start": 1585500394.317386, "device_queued": -1, "device_end": -1, "host_queued_end": 1585500394.329509}, "device": "cpu", "nd_range": {"device_start": 2168168.5272276313, "device_end": 2168168.53818051}, "cmdq": 1, "read": {"device_start": -1, "device_end": -1}}, "coalesced_transpose3": {"write": {"device_start": -1, "host_queued_start": 1585500394.322449, "device_queued": -1, "device_end": -1, "host_queued_end": 1585500394.329509}, "device": "cpu", "nd_range": {"device_start": 2168168.567818244, "device_end": 2168168.5680778683}, "cmdq": 0, "read": {"device_start": -1, "device_end": -1}}, "FFC_sans_bias34": {"write": {"device_start": 1585500331.3954864, "host_queued_start": 1585500394.303588, "device_queued": 1585500331.3866003, "device_end": 1585500331.3955142, "host_queued_end": 1585500394.30786}, "device": "gpu", "nd_range": {"device_start": 1585500331.3955343, "device_end": 1585500331.3973122}, "cmdq": 0, "read": {"device_start": 1585500331.397317, "device_end": 1585500331.397352}}, "FFC_sans_bias15": {"write": {"device_start": -1, "host_queued_start": 1585500394.326055, "device_queued": -1, "device_end": -1, "host_queued_end": 1585500394.329509}, "device": "cpu", "nd_range": {"device_start": 2168168.566739079, "device_end": 2168168.575629861}, "cmdq": 1, "read": {"device_start": -1, "device_end": -1}}, "FFC_sans_bias31": {"write": {"device_start": -1, "host_queued_start": 1585500394.298479, "device_queued": -1, "device_end": -1, "host_queued_end": 1585500394.30786}, "device": "gpu", "nd_range": {"device_start": 1585500331.3915372, "device_end": 1585500331.3921447}, "cmdq": 1, "read": {"device_start": -1, "device_end": -1}}, "FFC_sans_bias16": {"write": {"device_start": -1, "host_queued_start": 1585500394.328474, "device_queued": -1, "device_end": -1, "host_queued_end": 1585500394.329509}, "device": "cpu", "nd_range": {"device_start": 2168168.5757496743, "device_end": 2168168.585401563}, "cmdq": 1, "read": {"device_start": -1, "device_end": -1}}, "FFC_sans_bias19": {"write": {"device_start": -1, "host_queued_start": 1585500394.320581, "device_queued": -1, "device_end": -1, "host_queued_end": 1585500394.329509}, "device": "cpu", "nd_range": {"device_start": 2168168.538302427, "device_end": 2168168.549640893}, "cmdq": 1, "read": {"device_start": -1, "device_end": -1}}, "FFC_sans_bias18": {"write": {"device_start": -1, "host_queued_start": 1585500394.319532, "device_queued": -1, "device_end": -1, "host_queued_end": 1585500394.329509}, "device": "cpu", "nd_range": {"device_start": 2168168.554866402, "device_end": 2168168.567698663}, "cmdq": 0, "read": {"device_start": -1, "device_end": -1}}, "coalesced_transpose30": {"write": {"device_start": -1, "host_queued_start": 1585500394.296947, "device_queued": -1, "device_end": -1, "host_queued_end": 1585500394.30786}, "device": "gpu", "nd_range": {"device_start": 1585500331.3900392, "device_end": 1585500331.3913653}, "cmdq": 0, "read": {"device_start": -1, "device_end": -1}}, "FFC_sans_bias69": {"write": {"device_start": -1, "host_queued_start": 1585500394.302543, "device_queued": -1, "device_end": -1, "host_queued_end": 1585500394.30786}, "device": "gpu", "nd_range": {"device_start": 1585500331.3949268, "device_end": 1585500331.396875}, "cmdq": 3, "read": {"device_start": -1, "device_end": -1}}, "FFC_sans_bias38": {"write": {"device_start": 1585500331.385307, "host_queued_start": 1585500394.287271, "device_queued": 1585500331.38441, "device_end": 1585500331.3853316, "host_queued_end": 1585500394.30786}, "device": "gpu", "nd_range": {"device_start": 1585500331.3853428, "device_end": 1585500331.3871408}, "cmdq": 2, "read": {"device_start": -1, "device_end": -1}}, "coalesced_transpose57": {"write": {"device_start": -1, "host_queued_start": 1585500394.297848, "device_queued": -1, "device_end": -1, "host_queued_end": 1585500394.30786}, "device": "gpu", "nd_range": {"device_start": 1585500331.3915246, "device_end": 1585500331.3915505}, "cmdq": 3, "read": {"device_start": -1, "device_end": -1}}, "empty26": {"write": {"device_start": -1, "host_queued_start": 1585500394.311711, "device_queued": -1, "device_end": -1, "host_queued_end": 1585500394.329509}, "device": "cpu", "nd_range": {"device_start": 2168168.5191014754, "device_end": 2168168.519108573}, "cmdq": 2, "read": {"device_start": -1, "device_end": -1}}, "coalesced_transpose12": {"write": {"device_start": -1, "host_queued_start": 1585500394.322859, "device_queued": -1, "device_end": -1, "host_queued_end": 1585500394.329509}, "device": "cpu", "nd_range": {"device_start": 2168168.549759337, "device_end": 2168168.549999215}, "cmdq": 1, "read": {"device_start": -1, "device_end": -1}}, "empty44": {"write": {"device_start": 1585500331.3834257, "host_queued_start": 1585500394.278297, "device_queued": 1585500331.3833213, "device_end": 1585500331.3834822, "host_queued_end": 1585500394.30786}, "device": "gpu", "nd_range": {"device_start": 1585500331.3834882, "device_end": 1585500331.3835003}, "cmdq": 1, "read": {"device_start": -1, "device_end": -1}}, "coalesced_transpose21": {"write": {"device_start": -1, "host_queued_start": 1585500394.32322, "device_queued": -1, "device_end": -1, "host_queued_end": 1585500394.329509}, "device": "cpu", "nd_range": {"device_start": 2168168.555471682, "device_end": 2168168.555709356}, "cmdq": 2, "read": {"device_start": -1, "device_end": -1}}, "FFC_sans_bias36": {"write": {"device_start": 1585500331.3842914, "host_queued_start": 1585500394.284973, "device_queued": 1585500331.3841956, "device_end": 1585500331.3843222, "host_queued_end": 1585500394.30786}, "device": "gpu", "nd_range": {"device_start": 1585500331.3843772, "device_end": 1585500331.3861504}, "cmdq": 0, "read": {"device_start": -1, "device_end": -1}}, "softmax14": {"write": {"device_start": -1, "host_queued_start": 1585500394.324969, "device_queued": -1, "device_end": -1, "host_queued_end": 1585500394.329509}, "device": "cpu", "nd_range": {"device_start": 2168168.566423643, "device_end": 2168168.566631482}, "cmdq": 1, "read": {"device_start": -1, "device_end": -1}}, "FFC_sans_bias13": {"write": {"device_start": -1, "host_queued_start": 1585500394.323983, "device_queued": -1, "device_end": -1, "host_queued_end": 1585500394.329509}, "device": "cpu", "nd_range": {"device_start": 2168168.550114584, "device_end": 2168168.5663098623}, "cmdq": 1, "read": {"device_start": -1, "device_end": -1}}, "empty8": {"write": {"device_start": -1, "host_queued_start": 1585500394.309469, "device_queued": -1, "device_end": -1, "host_queued_end": 1585500394.329509}, "device": "cpu", "nd_range": {"device_start": 2168168.519128108, "device_end": 2168168.519129223}, "cmdq": 0, "read": {"device_start": -1, "device_end": -1}}, "FFC_sans_bias42": {"write": {"device_start": -1, "host_queued_start": 1585500394.301599, "device_queued": -1, "device_end": -1, "host_queued_end": 1585500394.30786}, "device": "gpu", "nd_range": {"device_start": 1585500331.3943274, "device_end": 1585500331.3953226}, "cmdq": 0, "read": {"device_start": -1, "device_end": -1}}, "FFC_sans_bias43": {"write": {"device_start": 1585500331.3960536, "host_queued_start": 1585500394.304634, "device_queued": 1585500331.3868136, "device_end": 1585500331.3960838, "host_queued_end": 1585500394.30786}, "device": "gpu", "nd_range": {"device_start": 1585500331.3960996, "device_end": 1585500331.397804}, "cmdq": 1, "read": {"device_start": 1585500331.3978066, "device_end": 1585500331.3978307}}, "FFC_sans_bias40": {"write": {"device_start": -1, "host_queued_start": 1585500394.298818, "device_queued": -1, "device_end": -1, "host_queued_end": 1585500394.30786}, "device": "gpu", "nd_range": {"device_start": 1585500331.391548, "device_end": 1585500331.392548}, "cmdq": 2, "read": {"device_start": -1, "device_end": -1}}, "softmax32": {"write": {"device_start": -1, "host_queued_start": 1585500394.29999, "device_queued": -1, "device_end": -1, "host_queued_end": 1585500394.30786}, "device": "gpu", "nd_range": {"device_start": 1585500331.3925571, "device_end": 1585500331.3943021}, "cmdq": 2, "read": {"device_start": -1, "device_end": -1}}, "FFC_sans_bias47": {"write": {"device_start": 1585500331.3868613, "host_queued_start": 1585500394.290374, "device_queued": 1585500331.3847764, "device_end": 1585500331.3868928, "host_queued_end": 1585500394.30786}, "device": "gpu", "nd_range": {"device_start": 1585500331.386901, "device_end": 1585500331.3886209}, "cmdq": 1, "read": {"device_start": -1, "device_end": -1}}, "FFC_sans_bias45": {"write": {"device_start": 1585500331.3858597, "host_queued_start": 1585500394.288299, "device_queued": 1585500331.3844342, "device_end": 1585500331.3858905, "host_queued_end": 1585500394.30786}, "device": "gpu", "nd_range": {"device_start": 1585500331.385895, "device_end": 1585500331.387661}, "cmdq": 3, "read": {"device_start": -1, "device_end": -1}}, "softmax50": {"write": {"device_start": -1, "host_queued_start": 1585500394.300488, "device_queued": -1, "device_end": -1, "host_queued_end": 1585500394.30786}, "device": "gpu", "nd_range": {"device_start": 1585500331.393547, "device_end": 1585500331.3941057}, "cmdq": 0, "read": {"device_start": -1, "device_end": -1}}, "FFC_sans_bias33": {"write": {"device_start": -1, "host_queued_start": 1585500394.301285, "device_queued": -1, "device_end": -1, "host_queued_end": 1585500394.30786}, "device": "gpu", "nd_range": {"device_start": 1585500331.3943195, "device_end": 1585500331.39492}, "cmdq": 3, "read": {"device_start": -1, "device_end": -1}}, "FFC_sans_bias63": {"write": {"device_start": 1585500331.3896873, "host_queued_start": 1585500394.296615, "device_queued": 1585500331.3852913, "device_end": 1585500331.3897185, "host_queued_end": 1585500394.30786}, "device": "gpu", "nd_range": {"device_start": 1585500331.3897254, "device_end": 1585500331.3915162}, "cmdq": 3, "read": {"device_start": -1, "device_end": -1}}, "FFC_sans_bias49": {"write": {"device_start": -1, "host_queued_start": 1585500394.299127, "device_queued": -1, "device_end": -1, "host_queued_end": 1585500394.30786}, "device": "gpu", "nd_range": {"device_start": 1585500331.39156, "device_end": 1585500331.3931196}, "cmdq": 3, "read": {"device_start": -1, "device_end": -1}}, "FFC_sans_bias64": {"write": {"device_start": 1585500331.3887255, "host_queued_start": 1585500394.294519, "device_queued": 1585500331.3852417, "device_end": 1585500331.3887572, "host_queued_end": 1585500394.30786}, "device": "gpu", "nd_range": {"device_start": 1585500331.3887737, "device_end": 1585500331.3905406}, "cmdq": 1, "read": {"device_start": -1, "device_end": -1}}, "FFC_sans_bias65": {"write": {"device_start": 1585500331.3892272, "host_queued_start": 1585500394.295581, "device_queued": 1585500331.3852696, "device_end": 1585500331.3892534, "host_queued_end": 1585500394.30786}, "device": "gpu", "nd_range": {"device_start": 1585500331.3892574, "device_end": 1585500331.3910115}, "cmdq": 2, "read": {"device_start": -1, "device_end": -1}}, "FFC_sans_bias67": {"write": {"device_start": -1, "host_queued_start": 1585500394.299745, "device_queued": -1, "device_end": -1, "host_queued_end": 1585500394.30786}, "device": "gpu", "nd_range": {"device_start": 1585500331.3921523, "device_end": 1585500331.3940122}, "cmdq": 1, "read": {"device_start": -1, "device_end": -1}}, "FFC_sans_bias24": {"write": {"device_start": -1, "host_queued_start": 1585500394.32642, "device_queued": -1, "device_end": -1, "host_queued_end": 1585500394.329509}, "device": "cpu", "nd_range": {"device_start": 2168168.5658277073, "device_end": 2168168.587255989}, "cmdq": 2, "read": {"device_start": -1, "device_end": -1}}, "FFC_sans_bias25": {"write": {"device_start": -1, "host_queued_start": 1585500394.329466, "device_queued": -1, "device_end": -1, "host_queued_end": 1585500394.329509}, "device": "cpu", "nd_range": {"device_start": 2168168.5881378073, "device_end": 2168168.5982685573}, "cmdq": 2, "read": {"device_start": -1, "device_end": -1}}, "FFC_sans_bias27": {"write": {"device_start": 1585500331.383919, "host_queued_start": 1585500394.28184, "device_queued": 1585500331.3837707, "device_end": 1585500331.3839903, "host_queued_end": 1585500394.30786}, "device": "gpu", "nd_range": {"device_start": 1585500331.3841414, "device_end": 1585500331.3847523}, "cmdq": 1, "read": {"device_start": -1, "device_end": -1}}, "FFC_sans_bias20": {"write": {"device_start": -1, "host_queued_start": 1585500394.322049, "device_queued": -1, "device_end": -1, "host_queued_end": 1585500394.329509}, "device": "cpu", "nd_range": {"device_start": 2168168.543666109, "device_end": 2168168.555349208}, "cmdq": 2, "read": {"device_start": -1, "device_end": -1}}, "FFC_sans_bias22": {"write": {"device_start": -1, "host_queued_start": 1585500394.324366, "device_queued": -1, "device_end": -1, "host_queued_end": 1585500394.329509}, "device": "cpu", "nd_range": {"device_start": 2168168.5558238, "device_end": 2168168.565389829}, "cmdq": 2, "read": {"device_start": -1, "device_end": -1}}, "softmax68": {"write": {"device_start": -1, "host_queued_start": 1585500394.30098, "device_queued": -1, "device_end": -1, "host_queued_end": 1585500394.30786}, "device": "gpu", "nd_range": {"device_start": 1585500331.3943093, "device_end": 1585500331.3946931}, "cmdq": 2, "read": {"device_start": -1, "device_end": -1}}, "softmax5": {"write": {"device_start": -1, "host_queued_start": 1585500394.324698, "device_queued": -1, "device_end": -1, "host_queued_end": 1585500394.329509}, "device": "cpu", "nd_range": {"device_start": 2168168.583469556, "device_end": 2168168.583680767}, "cmdq": 0, "read": {"device_start": -1, "device_end": -1}}, "FFC_sans_bias28": {"write": {"device_start": 1585500331.3840363, "host_queued_start": 1585500394.282905, "device_queued": 1585500331.3837907, "device_end": 1585500331.384104, "host_queued_end": 1585500394.30786}, "device": "gpu", "nd_range": {"device_start": 1585500331.3841772, "device_end": 1585500331.3851597}, "cmdq": 2, "read": {"device_start": -1, "device_end": -1}}, "FFC_sans_bias29": {"write": {"device_start": 1585500331.3841362, "host_queued_start": 1585500394.283941, "device_queued": 1585500331.383813, "device_end": 1585500331.3841608, "host_queued_end": 1585500394.30786}, "device": "gpu", "nd_range": {"device_start": 1585500331.38419, "device_end": 1585500331.38573}, "cmdq": 3, "read": {"device_start": -1, "device_end": -1}}, "empty17": {"write": {"device_start": -1, "host_queued_start": 1585500394.310686, "device_queued": -1, "device_end": -1, "host_queued_end": 1585500394.329509}, "device": "cpu", "nd_range": {"device_start": 2168168.5190945272, "device_end": 2168168.519108558}, "cmdq": 1, "read": {"device_start": -1, "device_end": -1}}, "softmax59": {"write": {"device_start": -1, "host_queued_start": 1585500394.300737, "device_queued": -1, "device_end": -1, "host_queued_end": 1585500394.30786}, "device": "gpu", "nd_range": {"device_start": 1585500331.3940194, "device_end": 1585500331.3942323}, "cmdq": 1, "read": {"device_start": -1, "device_end": -1}}, "empty71": {"write": {"device_start": 1585500331.3838131, "host_queued_start": 1585500394.280876, "device_queued": 1585500331.3837173, "device_end": 1585500331.3838754, "host_queued_end": 1585500394.30786}, "device": "gpu", "nd_range": {"device_start": 1585500331.3838813, "device_end": 1585500331.3838918}, "cmdq": 0, "read": {"device_start": -1, "device_end": -1}}, "empty35": {"write": {"device_start": 1585500331.3833203, "host_queued_start": 1585500394.277232, "device_queued": 1585500331.3831818, "device_end": 1585500331.3833492, "host_queued_end": 1585500394.30786}, "device": "gpu", "nd_range": {"device_start": 1585500331.3833606, "device_end": 1585500331.3833659}, "cmdq": 0, "read": {"device_start": -1, "device_end": -1}}, "empty53": {"write": {"device_start": 1585500331.3835342, "host_queued_start": 1585500394.279162, "device_queued": 1585500331.3833683, "device_end": 1585500331.3835979, "host_queued_end": 1585500394.30786}, "device": "gpu", "nd_range": {"device_start": 1585500331.383604, "device_end": 1585500331.3836083}, "cmdq": 2, "read": {"device_start": -1, "device_end": -1}}, "FFC_sans_bias46": {"write": {"device_start": 1585500331.3862872, "host_queued_start": 1585500394.289337, "device_queued": 1585500331.3846142, "device_end": 1585500331.3863187, "host_queued_end": 1585500394.30786}, "device": "gpu", "nd_range": {"device_start": 1585500331.3863263, "device_end": 1585500331.3881242}, "cmdq": 0, "read": {"device_start": -1, "device_end": -1}}, "coalesced_transpose66": {"write": {"device_start": -1, "host_queued_start": 1585500394.298152, "device_queued": -1, "device_end": -1, "host_queued_end": 1585500394.30786}, "device": "gpu", "nd_range": {"device_start": 1585500331.3913774, "device_end": 1585500331.3913994}, "cmdq": 0, "read": {"device_start": -1, "device_end": -1}}, "coalesced_transpose48": {"write": {"device_start": -1, "host_queued_start": 1585500394.297555, "device_queued": -1, "device_end": -1, "host_queued_end": 1585500394.30786}, "device": "gpu", "nd_range": {"device_start": 1585500331.3910165, "device_end": 1585500331.3913934}, "cmdq": 2, "read": {"device_start": -1, "device_end": -1}}}