{"FFC_sans_bias60": {"write": {"device_start": -1, "host_queued_start": 1585500293.579094, "device_queued": -1, "device_end": -1, "host_queued_end": 1585500293.584911}, "device": "gpu", "nd_range": {"device_start": 1585500230.674275, "device_end": 1585500230.6752322}, "cmdq": 2, "read": {"device_start": -1, "device_end": -1}}, "FFC_sans_bias4": {"write": {"device_start": -1, "host_queued_start": 1585500293.601235, "device_queued": -1, "device_end": -1, "host_queued_end": 1585500293.607124}, "device": "cpu", "nd_range": {"device_start": 2168067.840049583, "device_end": 2168067.848703505}, "cmdq": 3, "read": {"device_start": -1, "device_end": -1}}, "FFC_sans_bias7": {"write": {"device_start": -1, "host_queued_start": 1585500293.604994, "device_queued": -1, "device_end": -1, "host_queued_end": 1585500293.607124}, "device": "cpu", "nd_range": {"device_start": 2168067.854898543, "device_end": 2168067.865041639}, "cmdq": 0, "read": {"device_start": -1, "device_end": -1}}, "FFC_sans_bias6": {"write": {"device_start": -1, "host_queued_start": 1585500293.603111, "device_queued": -1, "device_end": -1, "host_queued_end": 1585500293.607124}, "device": "cpu", "nd_range": {"device_start": 2168067.849014825, "device_end": 2168067.854758975}, "cmdq": 1, "read": {"device_start": -1, "device_end": -1}}, "FFC_sans_bias1": {"write": {"device_start": -1, "host_queued_start": 1585500293.591292, "device_queued": -1, "device_end": -1, "host_queued_end": 1585500293.607124}, "device": "cpu", "nd_range": {"device_start": 2168067.796735959, "device_end": 2168067.812170541}, "cmdq": 0, "read": {"device_start": -1, "device_end": -1}}, "FFC_sans_bias0": {"write": {"device_start": -1, "host_queued_start": 1585500293.589987, "device_queued": -1, "device_end": -1, "host_queued_end": 1585500293.607124}, "device": "cpu", "nd_range": {"device_start": 2168067.796745473, "device_end": 2168067.811991331}, "cmdq": 3, "read": {"device_start": -1, "device_end": -1}}, "FFC_sans_bias2": {"write": {"device_start": -1, "host_queued_start": 1585500293.592597, "device_queued": -1, "device_end": -1, "host_queued_end": 1585500293.607124}, "device": "cpu", "nd_range": {"device_start": 2168067.7967466163, "device_end": 2168067.8133175713}, "cmdq": 1, "read": {"device_start": -1, "device_end": -1}}, "FFC_sans_bias61": {"write": {"device_start": 1585500230.6774135, "host_queued_start": 1585500293.583704, "device_queued": 1585500230.6666214, "device_end": 1585500230.677445, "host_queued_end": 1585500293.584911}, "device": "gpu", "nd_range": {"device_start": 1585500230.6774516, "device_end": 1585500230.6785736}, "cmdq": 1, "read": {"device_start": 1585500230.6785767, "device_end": 1585500230.6786005}}, "FFC_sans_bias52": {"write": {"device_start": 1585500230.676344, "host_queued_start": 1585500293.582626, "device_queued": 1585500230.6663294, "device_end": 1585500230.6763752, "host_queued_end": 1585500293.584911}, "device": "gpu", "nd_range": {"device_start": 1585500230.6763844, "device_end": 1585500230.6776242}, "cmdq": 0, "read": {"device_start": 1585500230.6776326, "device_end": 1585500230.6776621}}, "FFC_sans_bias9": {"write": {"device_start": -1, "host_queued_start": 1585500293.593682, "device_queued": -1, "device_end": -1, "host_queued_end": 1585500293.607124}, "device": "cpu", "nd_range": {"device_start": 2168067.7968631573, "device_end": 2168067.81209714}, "cmdq": 2, "read": {"device_start": -1, "device_end": -1}}, "coalesced_transpose39": {"write": {"device_start": -1, "host_queued_start": 1585500293.574099, "device_queued": -1, "device_end": -1, "host_queued_end": 1585500293.584911}, "device": "gpu", "nd_range": {"device_start": 1585500230.6705375, "device_end": 1585500230.6708984}, "cmdq": 0, "read": {"device_start": -1, "device_end": -1}}, "FFC_sans_bias55": {"write": {"device_start": 1585500230.6682565, "host_queued_start": 1585500293.570188, "device_queued": 1585500230.6646864, "device_end": 1585500230.668283, "host_queued_end": 1585500293.584911}, "device": "gpu", "nd_range": {"device_start": 1585500230.668288, "device_end": 1585500230.6696332}, "cmdq": 1, "read": {"device_start": -1, "device_end": -1}}, "FFC_sans_bias54": {"write": {"device_start": 1585500230.6678076, "host_queued_start": 1585500293.569118, "device_queued": 1585500230.6646552, "device_end": 1585500230.6678383, "host_queued_end": 1585500293.584911}, "device": "gpu", "nd_range": {"device_start": 1585500230.6678436, "device_end": 1585500230.6690922}, "cmdq": 0, "read": {"device_start": -1, "device_end": -1}}, "FFC_sans_bias56": {"write": {"device_start": 1585500230.6672828, "host_queued_start": 1585500293.568042, "device_queued": 1585500230.6644647, "device_end": 1585500230.6673157, "host_queued_end": 1585500293.584911}, "device": "gpu", "nd_range": {"device_start": 1585500230.6673236, "device_end": 1585500230.668666}, "cmdq": 2, "read": {"device_start": -1, "device_end": -1}}, "FFC_sans_bias51": {"write": {"device_start": -1, "host_queued_start": 1585500293.578783, "device_queued": -1, "device_end": -1, "host_queued_end": 1585500293.584911}, "device": "gpu", "nd_range": {"device_start": 1585500230.6744323, "device_end": 1585500230.675666}, "cmdq": 1, "read": {"device_start": -1, "device_end": -1}}, "softmax23": {"write": {"device_start": -1, "host_queued_start": 1585500293.602756, "device_queued": -1, "device_end": -1, "host_queued_end": 1585500293.607124}, "device": "cpu", "nd_range": {"device_start": 2168067.852637793, "device_end": 2168067.85284906}, "cmdq": 0, "read": {"device_start": -1, "device_end": -1}}, "FFC_sans_bias37": {"write": {"device_start": 1585500230.664832, "host_queued_start": 1585500293.562603, "device_queued": 1585500230.6639676, "device_end": 1585500230.6648567, "host_queued_end": 1585500293.584911}, "device": "gpu", "nd_range": {"device_start": 1585500230.6648602, "device_end": 1585500230.666225}, "cmdq": 0, "read": {"device_start": -1, "device_end": -1}}, "empty62": {"write": {"device_start": 1585500230.6633675, "host_queued_start": 1585500293.556223, "device_queued": 1585500230.6631527, "device_end": 1585500230.6633928, "host_queued_end": 1585500293.584911}, "device": "gpu", "nd_range": {"device_start": 1585500230.6633966, "device_end": 1585500230.6634045}, "cmdq": 0, "read": {"device_start": -1, "device_end": -1}}, "FFC_sans_bias70": {"write": {"device_start": 1585500230.6769075, "host_queued_start": 1585500293.584815, "device_queued": 1585500230.6665847, "device_end": 1585500230.676937, "host_queued_end": 1585500293.584911}, "device": "gpu", "nd_range": {"device_start": 1585500230.6769528, "device_end": 1585500230.6781223}, "cmdq": 2, "read": {"device_start": 1585500230.678127, "device_end": 1585500230.67815}}, "FFC_sans_bias58": {"write": {"device_start": -1, "host_queued_start": 1585500293.576283, "device_queued": -1, "device_end": -1, "host_queued_end": 1585500293.584911}, "device": "gpu", "nd_range": {"device_start": 1585500230.6720734, "device_end": 1585500230.6735291}, "cmdq": 1, "read": {"device_start": -1, "device_end": -1}}, "softmax41": {"write": {"device_start": -1, "host_queued_start": 1585500293.577086, "device_queued": -1, "device_end": -1, "host_queued_end": 1585500293.584911}, "device": "gpu", "nd_range": {"device_start": 1585500230.6735365, "device_end": 1585500230.673811}, "cmdq": 1, "read": {"device_start": -1, "device_end": -1}}, "FFC_sans_bias11": {"write": {"device_start": -1, "host_queued_start": 1585500293.595906, "device_queued": -1, "device_end": -1, "host_queued_end": 1585500293.607124}, "device": "cpu", "nd_range": {"device_start": 2168067.815744422, "device_end": 2168067.835659332}, "cmdq": 0, "read": {"device_start": -1, "device_end": -1}}, "FFC_sans_bias10": {"write": {"device_start": -1, "host_queued_start": 1585500293.594795, "device_queued": -1, "device_end": -1, "host_queued_end": 1585500293.607124}, "device": "cpu", "nd_range": {"device_start": 2168067.812188152, "device_end": 2168067.827372568}, "cmdq": 3, "read": {"device_start": -1, "device_end": -1}}, "coalesced_transpose3": {"write": {"device_start": -1, "host_queued_start": 1585500293.600075, "device_queued": -1, "device_end": -1, "host_queued_end": 1585500293.607124}, "device": "cpu", "nd_range": {"device_start": 2168067.83972688, "device_end": 2168067.8398754504}, "cmdq": 0, "read": {"device_start": -1, "device_end": -1}}, "FFC_sans_bias34": {"write": {"device_start": 1585500230.6758034, "host_queued_start": 1585500293.580464, "device_queued": 1585500230.6662438, "device_end": 1585500230.6758404, "host_queued_end": 1585500293.584911}, "device": "gpu", "nd_range": {"device_start": 1585500230.6758554, "device_end": 1585500230.6771657}, "cmdq": 1, "read": {"device_start": 1585500230.677169, "device_end": 1585500230.6771939}}, "FFC_sans_bias15": {"write": {"device_start": -1, "host_queued_start": 1585500293.603549, "device_queued": -1, "device_end": -1, "host_queued_end": 1585500293.607124}, "device": "cpu", "nd_range": {"device_start": 2168067.8538135653, "device_end": 2168067.867685712}, "cmdq": 2, "read": {"device_start": -1, "device_end": -1}}, "FFC_sans_bias31": {"write": {"device_start": -1, "host_queued_start": 1585500293.575354, "device_queued": -1, "device_end": -1, "host_queued_end": 1585500293.584911}, "device": "gpu", "nd_range": {"device_start": 1585500230.6710584, "device_end": 1585500230.6720595}, "cmdq": 1, "read": {"device_start": -1, "device_end": -1}}, "FFC_sans_bias16": {"write": {"device_start": -1, "host_queued_start": 1585500293.606025, "device_queued": -1, "device_end": -1, "host_queued_end": 1585500293.607124}, "device": "cpu", "nd_range": {"device_start": 2168067.867691922, "device_end": 2168067.873430207}, "cmdq": 1, "read": {"device_start": -1, "device_end": -1}}, "FFC_sans_bias19": {"write": {"device_start": -1, "host_queued_start": 1585500293.59822, "device_queued": -1, "device_end": -1, "host_queued_end": 1585500293.607124}, "device": "cpu", "nd_range": {"device_start": 2168067.812125441, "device_end": 2168067.8272618563}, "cmdq": 2, "read": {"device_start": -1, "device_end": -1}}, "FFC_sans_bias18": {"write": {"device_start": -1, "host_queued_start": 1585500293.596995, "device_queued": -1, "device_end": -1, "host_queued_end": 1585500293.607124}, "device": "cpu", "nd_range": {"device_start": 2168067.8134406703, "device_end": 2168067.8296118043}, "cmdq": 1, "read": {"device_start": -1, "device_end": -1}}, "coalesced_transpose30": {"write": {"device_start": -1, "host_queued_start": 1585500293.573784, "device_queued": -1, "device_end": -1, "host_queued_end": 1585500293.584911}, "device": "gpu", "nd_range": {"device_start": 1585500230.670069, "device_end": 1585500230.6708875}, "cmdq": 2, "read": {"device_start": -1, "device_end": -1}}, "FFC_sans_bias69": {"write": {"device_start": -1, "host_queued_start": 1585500293.579407, "device_queued": -1, "device_end": -1, "host_queued_end": 1585500293.584911}, "device": "gpu", "nd_range": {"device_start": 1585500230.6747146, "device_end": 1585500230.6762028}, "cmdq": 0, "read": {"device_start": -1, "device_end": -1}}, "FFC_sans_bias38": {"write": {"device_start": 1585500230.6654112, "host_queued_start": 1585500293.563708, "device_queued": 1585500230.6640093, "device_end": 1585500230.6654403, "host_queued_end": 1585500293.584911}, "device": "gpu", "nd_range": {"device_start": 1585500230.6654449, "device_end": 1585500230.6666927}, "cmdq": 1, "read": {"device_start": -1, "device_end": -1}}, "coalesced_transpose57": {"write": {"device_start": -1, "host_queued_start": 1585500293.574737, "device_queued": -1, "device_end": -1, "host_queued_end": 1585500293.584911}, "device": "gpu", "nd_range": {"device_start": 1585500230.6708956, "device_end": 1585500230.67092}, "cmdq": 2, "read": {"device_start": -1, "device_end": -1}}, "empty26": {"write": {"device_start": -1, "host_queued_start": 1585500293.588671, "device_queued": -1, "device_end": -1, "host_queued_end": 1585500293.607124}, "device": "cpu", "nd_range": {"device_start": 2168067.7967073373, "device_end": 2168067.796715739}, "cmdq": 2, "read": {"device_start": -1, "device_end": -1}}, "coalesced_transpose12": {"write": {"device_start": -1, "host_queued_start": 1585500293.600458, "device_queued": -1, "device_end": -1, "host_queued_end": 1585500293.607124}, "device": "cpu", "nd_range": {"device_start": 2168067.8297238653, "device_end": 2168067.829964164}, "cmdq": 1, "read": {"device_start": -1, "device_end": -1}}, "empty44": {"write": {"device_start": 1585500230.663162, "host_queued_start": 1585500293.554406, "device_queued": 1585500230.6630464, "device_end": 1585500230.6632183, "host_queued_end": 1585500293.584911}, "device": "gpu", "nd_range": {"device_start": 1585500230.663223, "device_end": 1585500230.6632352}, "cmdq": 1, "read": {"device_start": -1, "device_end": -1}}, "coalesced_transpose21": {"write": {"device_start": -1, "host_queued_start": 1585500293.60083, "device_queued": -1, "device_end": -1, "host_queued_end": 1585500293.607124}, "device": "cpu", "nd_range": {"device_start": 2168067.82727129, "device_end": 2168067.8275103914}, "cmdq": 2, "read": {"device_start": -1, "device_end": -1}}, "FFC_sans_bias36": {"write": {"device_start": 1585500230.664503, "host_queued_start": 1585500293.561384, "device_queued": 1585500230.6637938, "device_end": 1585500230.6645284, "host_queued_end": 1585500293.584911}, "device": "gpu", "nd_range": {"device_start": 1585500230.664534, "device_end": 1585500230.665699}, "cmdq": 2, "read": {"device_start": -1, "device_end": -1}}, "softmax14": {"write": {"device_start": -1, "host_queued_start": 1585500293.602466, "device_queued": -1, "device_end": -1, "host_queued_end": 1585500293.607124}, "device": "cpu", "nd_range": {"device_start": 2168067.8528448613, "device_end": 2168067.8531735023}, "cmdq": 3, "read": {"device_start": -1, "device_end": -1}}, "FFC_sans_bias13": {"write": {"device_start": -1, "host_queued_start": 1585500293.601583, "device_queued": -1, "device_end": -1, "host_queued_end": 1585500293.607124}, "device": "cpu", "nd_range": {"device_start": 2168067.840049608, "device_end": 2168067.8462743033}, "cmdq": 0, "read": {"device_start": -1, "device_end": -1}}, "empty8": {"write": {"device_start": -1, "host_queued_start": 1585500293.586464, "device_queued": -1, "device_end": -1, "host_queued_end": 1585500293.607124}, "device": "cpu", "nd_range": {"device_start": 2168067.796705083, "device_end": 2168067.796715735}, "cmdq": 0, "read": {"device_start": -1, "device_end": -1}}, "FFC_sans_bias42": {"write": {"device_start": -1, "host_queued_start": 1585500293.578433, "device_queued": -1, "device_end": -1, "host_queued_end": 1585500293.584911}, "device": "gpu", "nd_range": {"device_start": 1585500230.6739857, "device_end": 1585500230.6747077}, "cmdq": 0, "read": {"device_start": -1, "device_end": -1}}, "FFC_sans_bias43": {"write": {"device_start": 1585500230.675389, "host_queued_start": 1585500293.581545, "device_queued": 1585500230.6661072, "device_end": 1585500230.6754198, "host_queued_end": 1585500293.584911}, "device": "gpu", "nd_range": {"device_start": 1585500230.675434, "device_end": 1585500230.676655}, "cmdq": 2, "read": {"device_start": 1585500230.6766577, "device_end": 1585500230.6766877}}, "FFC_sans_bias40": {"write": {"device_start": -1, "host_queued_start": 1585500293.575667, "device_queued": -1, "device_end": -1, "host_queued_end": 1585500293.584911}, "device": "gpu", "nd_range": {"device_start": 1585500230.6710436, "device_end": 1585500230.6716466}, "cmdq": 2, "read": {"device_start": -1, "device_end": -1}}, "softmax32": {"write": {"device_start": -1, "host_queued_start": 1585500293.576839, "device_queued": -1, "device_end": -1, "host_queued_end": 1585500293.584911}, "device": "gpu", "nd_range": {"device_start": 1585500230.6726472, "device_end": 1585500230.673625}, "cmdq": 0, "read": {"device_start": -1, "device_end": -1}}, "FFC_sans_bias47": {"write": {"device_start": 1585500230.666865, "host_queued_start": 1585500293.56697, "device_queued": 1585500230.6644309, "device_end": 1585500230.6668923, "host_queued_end": 1585500293.584911}, "device": "gpu", "nd_range": {"device_start": 1585500230.6668994, "device_end": 1585500230.6681273}, "cmdq": 1, "read": {"device_start": -1, "device_end": -1}}, "FFC_sans_bias45": {"write": {"device_start": 1585500230.6658456, "host_queued_start": 1585500293.564777, "device_queued": 1585500230.6641977, "device_end": 1585500230.665878, "host_queued_end": 1585500293.584911}, "device": "gpu", "nd_range": {"device_start": 1585500230.665883, "device_end": 1585500230.6671693}, "cmdq": 2, "read": {"device_start": -1, "device_end": -1}}, "softmax50": {"write": {"device_start": -1, "host_queued_start": 1585500293.577327, "device_queued": -1, "device_end": -1, "host_queued_end": 1585500293.584911}, "device": "gpu", "nd_range": {"device_start": 1585500230.673057, "device_end": 1585500230.6736557}, "cmdq": 2, "read": {"device_start": -1, "device_end": -1}}, "FFC_sans_bias33": {"write": {"device_start": -1, "host_queued_start": 1585500293.57812, "device_queued": -1, "device_end": -1, "host_queued_end": 1585500293.584911}, "device": "gpu", "nd_range": {"device_start": 1585500230.6736631, "device_end": 1585500230.6742673}, "cmdq": 2, "read": {"device_start": -1, "device_end": -1}}, "FFC_sans_bias63": {"write": {"device_start": 1585500230.6697614, "host_queued_start": 1585500293.573449, "device_queued": 1585500230.6650395, "device_end": 1585500230.6697931, "host_queued_end": 1585500293.584911}, "device": "gpu", "nd_range": {"device_start": 1585500230.6697977, "device_end": 1585500230.6710272}, "cmdq": 1, "read": {"device_start": -1, "device_end": -1}}, "FFC_sans_bias49": {"write": {"device_start": -1, "host_queued_start": 1585500293.575979, "device_queued": -1, "device_end": -1, "host_queued_end": 1585500293.584911}, "device": "gpu", "nd_range": {"device_start": 1585500230.6710708, "device_end": 1585500230.6726396}, "cmdq": 0, "read": {"device_start": -1, "device_end": -1}}, "FFC_sans_bias64": {"write": {"device_start": 1585500230.6687787, "host_queued_start": 1585500293.571295, "device_queued": 1585500230.6648371, "device_end": 1585500230.6688051, "host_queued_end": 1585500293.584911}, "device": "gpu", "nd_range": {"device_start": 1585500230.6688094, "device_end": 1585500230.6700673}, "cmdq": 2, "read": {"device_start": -1, "device_end": -1}}, "FFC_sans_bias65": {"write": {"device_start": 1585500230.6692128, "host_queued_start": 1585500293.572374, "device_queued": 1585500230.664901, "device_end": 1585500230.6692443, "host_queued_end": 1585500293.584911}, "device": "gpu", "nd_range": {"device_start": 1585500230.6692502, "device_end": 1585500230.670536}, "cmdq": 0, "read": {"device_start": -1, "device_end": -1}}, "FFC_sans_bias67": {"write": {"device_start": -1, "host_queued_start": 1585500293.576591, "device_queued": -1, "device_end": -1, "host_queued_end": 1585500293.584911}, "device": "gpu", "nd_range": {"device_start": 1585500230.6716545, "device_end": 1585500230.6730492}, "cmdq": 2, "read": {"device_start": -1, "device_end": -1}}, "FFC_sans_bias24": {"write": {"device_start": -1, "host_queued_start": 1585500293.60391, "device_queued": -1, "device_end": -1, "host_queued_end": 1585500293.607124}, "device": "cpu", "nd_range": {"device_start": 2168067.853290326, "device_end": 2168067.862109655}, "cmdq": 3, "read": {"device_start": -1, "device_end": -1}}, "FFC_sans_bias25": {"write": {"device_start": -1, "host_queued_start": 1585500293.60708, "device_queued": -1, "device_end": -1, "host_queued_end": 1585500293.607124}, "device": "cpu", "nd_range": {"device_start": 2168067.8677044963, "device_end": 2168067.883388218}, "cmdq": 2, "read": {"device_start": -1, "device_end": -1}}, "FFC_sans_bias27": {"write": {"device_start": 1585500230.663628, "host_queued_start": 1585500293.558093, "device_queued": 1585500230.6634638, "device_end": 1585500230.6636832, "host_queued_end": 1585500293.584911}, "device": "gpu", "nd_range": {"device_start": 1585500230.6636927, "device_end": 1585500230.6642973}, "cmdq": 2, "read": {"device_start": -1, "device_end": -1}}, "FFC_sans_bias20": {"write": {"device_start": -1, "host_queued_start": 1585500293.599596, "device_queued": -1, "device_end": -1, "host_queued_end": 1585500293.607124}, "device": "cpu", "nd_range": {"device_start": 2168067.82749246, "device_end": 2168067.839870572}, "cmdq": 3, "read": {"device_start": -1, "device_end": -1}}, "FFC_sans_bias22": {"write": {"device_start": -1, "host_queued_start": 1585500293.601924, "device_queued": -1, "device_end": -1, "host_queued_end": 1585500293.607124}, "device": "cpu", "nd_range": {"device_start": 2168067.830073086, "device_end": 2168067.839511236}, "cmdq": 1, "read": {"device_start": -1, "device_end": -1}}, "softmax68": {"write": {"device_start": -1, "host_queued_start": 1585500293.577814, "device_queued": -1, "device_end": -1, "host_queued_end": 1585500293.584911}, "device": "gpu", "nd_range": {"device_start": 1585500230.673818, "device_end": 1585500230.674425}, "cmdq": 1, "read": {"device_start": -1, "device_end": -1}}, "softmax5": {"write": {"device_start": -1, "host_queued_start": 1585500293.602199, "device_queued": -1, "device_end": -1, "host_queued_end": 1585500293.607124}, "device": "cpu", "nd_range": {"device_start": 2168067.848722999, "device_end": 2168067.848858207}, "cmdq": 2, "read": {"device_start": -1, "device_end": -1}}, "FFC_sans_bias28": {"write": {"device_start": 1585500230.6637268, "host_queued_start": 1585500293.559229, "device_queued": 1585500230.6635275, "device_end": 1585500230.6637528, "host_queued_end": 1585500293.584911}, "device": "gpu", "nd_range": {"device_start": 1585500230.6637611, "device_end": 1585500230.6647148}, "cmdq": 0, "read": {"device_start": -1, "device_end": -1}}, "FFC_sans_bias29": {"write": {"device_start": 1585500230.6638637, "host_queued_start": 1585500293.560304, "device_queued": 1585500230.66377, "device_end": 1585500230.663889, "host_queued_end": 1585500293.584911}, "device": "gpu", "nd_range": {"device_start": 1585500230.6638987, "device_end": 1585500230.6652741}, "cmdq": 1, "read": {"device_start": -1, "device_end": -1}}, "empty17": {"write": {"device_start": -1, "host_queued_start": 1585500293.587613, "device_queued": -1, "device_end": -1, "host_queued_end": 1585500293.607124}, "device": "cpu", "nd_range": {"device_start": 2168067.796735345, "device_end": 2168067.796736375}, "cmdq": 1, "read": {"device_start": -1, "device_end": -1}}, "softmax59": {"write": {"device_start": -1, "host_queued_start": 1585500293.577572, "device_queued": -1, "device_end": -1, "host_queued_end": 1585500293.584911}, "device": "gpu", "nd_range": {"device_start": 1585500230.6736324, "device_end": 1585500230.6739786}, "cmdq": 0, "read": {"device_start": -1, "device_end": -1}}, "empty71": {"write": {"device_start": 1585500230.6635342, "host_queued_start": 1585500293.557074, "device_queued": 1585500230.6634374, "device_end": 1585500230.6636, "host_queued_end": 1585500293.584911}, "device": "gpu", "nd_range": {"device_start": 1585500230.6636162, "device_end": 1585500230.6636212}, "cmdq": 1, "read": {"device_start": -1, "device_end": -1}}, "empty35": {"write": {"device_start": 1585500230.663049, "host_queued_start": 1585500293.553306, "device_queued": 1585500230.662921, "device_end": 1585500230.6630955, "host_queued_end": 1585500293.584911}, "device": "gpu", "nd_range": {"device_start": 1585500230.663113, "device_end": 1585500230.663118}, "cmdq": 0, "read": {"device_start": -1, "device_end": -1}}, "empty53": {"write": {"device_start": 1585500230.6632717, "host_queued_start": 1585500293.555337, "device_queued": 1585500230.6630723, "device_end": 1585500230.663332, "host_queued_end": 1585500293.584911}, "device": "gpu", "nd_range": {"device_start": 1585500230.6633353, "device_end": 1585500230.6633396}, "cmdq": 2, "read": {"device_start": -1, "device_end": -1}}, "FFC_sans_bias46": {"write": {"device_start": 1585500230.6663456, "host_queued_start": 1585500293.56585, "device_queued": 1585500230.6642587, "device_end": 1585500230.6663783, "host_queued_end": 1585500293.584911}, "device": "gpu", "nd_range": {"device_start": 1585500230.6663897, "device_end": 1585500230.6676776}, "cmdq": 0, "read": {"device_start": -1, "device_end": -1}}, "coalesced_transpose66": {"write": {"device_start": -1, "host_queued_start": 1585500293.575038, "device_queued": -1, "device_end": -1, "host_queued_end": 1585500293.584911}, "device": "gpu", "nd_range": {"device_start": 1585500230.6709075, "device_end": 1585500230.67093}, "cmdq": 0, "read": {"device_start": -1, "device_end": -1}}, "coalesced_transpose48": {"write": {"device_start": -1, "host_queued_start": 1585500293.574403, "device_queued": -1, "device_end": -1, "host_queued_end": 1585500293.584911}, "device": "gpu", "nd_range": {"device_start": 1585500230.6710322, "device_end": 1585500230.671049}, "cmdq": 1, "read": {"device_start": -1, "device_end": -1}}}