{"FFC_sans_bias60": {"write": {"device_start": -1, "host_queued_start": 1585500041.08643, "device_queued": -1, "device_end": -1, "host_queued_end": 1585500041.092033}, "device": "gpu", "nd_range": {"device_start": 1585499978.1952097, "device_end": 1585499978.1958072}, "cmdq": 0, "read": {"device_start": -1, "device_end": -1}}, "FFC_sans_bias4": {"write": {"device_start": -1, "host_queued_start": 1585500041.107467, "device_queued": -1, "device_end": -1, "host_queued_end": 1585500041.113384}, "device": "cpu", "nd_range": {"device_start": 2167815.34238727, "device_end": 2167815.350026987}, "cmdq": 3, "read": {"device_start": -1, "device_end": -1}}, "FFC_sans_bias7": {"write": {"device_start": -1, "host_queued_start": 1585500041.111149, "device_queued": -1, "device_end": -1, "host_queued_end": 1585500041.113384}, "device": "cpu", "nd_range": {"device_start": 2167815.375380988, "device_end": 2167815.38394303}, "cmdq": 0, "read": {"device_start": -1, "device_end": -1}}, "FFC_sans_bias6": {"write": {"device_start": -1, "host_queued_start": 1585500041.109366, "device_queued": -1, "device_end": -1, "host_queued_end": 1585500041.113384}, "device": "cpu", "nd_range": {"device_start": 2167815.361130374, "device_end": 2167815.3753673444}, "cmdq": 1, "read": {"device_start": -1, "device_end": -1}}, "FFC_sans_bias1": {"write": {"device_start": -1, "host_queued_start": 1585500041.09802, "device_queued": -1, "device_end": -1, "host_queued_end": 1585500041.113384}, "device": "cpu", "nd_range": {"device_start": 2167815.30299881, "device_end": 2167815.3190446272}, "cmdq": 0, "read": {"device_start": -1, "device_end": -1}}, "FFC_sans_bias0": {"write": {"device_start": -1, "host_queued_start": 1585500041.096893, "device_queued": -1, "device_end": -1, "host_queued_end": 1585500041.113384}, "device": "cpu", "nd_range": {"device_start": 2167815.3031386063, "device_end": 2167815.3183280793}, "cmdq": 3, "read": {"device_start": -1, "device_end": -1}}, "FFC_sans_bias2": {"write": {"device_start": -1, "host_queued_start": 1585500041.099244, "device_queued": -1, "device_end": -1, "host_queued_end": 1585500041.113384}, "device": "cpu", "nd_range": {"device_start": 2167815.302997807, "device_end": 2167815.318519784}, "cmdq": 1, "read": {"device_start": -1, "device_end": -1}}, "FFC_sans_bias61": {"write": {"device_start": 1585499978.2030885, "host_queued_start": 1585500041.0909, "device_queued": 1585499978.1804445, "device_end": 1585499978.2031128, "host_queued_end": 1585500041.092033}, "device": "gpu", "nd_range": {"device_start": 1585499978.2031157, "device_end": 1585499978.2037058}, "cmdq": 0, "read": {"device_start": 1585499978.203713, "device_end": 1585499978.2037349}}, "FFC_sans_bias52": {"write": {"device_start": 1585499978.199114, "host_queued_start": 1585500041.089852, "device_queued": 1585499978.1802049, "device_end": 1585499978.1991374, "host_queued_end": 1585500041.092033}, "device": "gpu", "nd_range": {"device_start": 1585499978.199143, "device_end": 1585499978.1997404}, "cmdq": 0, "read": {"device_start": 1585499978.199749, "device_end": 1585499978.1997716}}, "FFC_sans_bias9": {"write": {"device_start": -1, "host_queued_start": 1585500041.100362, "device_queued": -1, "device_end": -1, "host_queued_end": 1585500041.113384}, "device": "cpu", "nd_range": {"device_start": 2167815.303030266, "device_end": 2167815.320822381}, "cmdq": 2, "read": {"device_start": -1, "device_end": -1}}, "coalesced_transpose39": {"write": {"device_start": -1, "host_queued_start": 1585500041.081379, "device_queued": -1, "device_end": -1, "host_queued_end": 1585500041.092033}, "device": "gpu", "nd_range": {"device_start": 1585499978.1892707, "device_end": 1585499978.1892798}, "cmdq": 0, "read": {"device_start": -1, "device_end": -1}}, "FFC_sans_bias55": {"write": {"device_start": 1585499978.1863155, "host_queued_start": 1585500041.077571, "device_queued": 1585499978.1787145, "device_end": 1585499978.1863453, "host_queued_end": 1585500041.092033}, "device": "gpu", "nd_range": {"device_start": 1585499978.1863523, "device_end": 1585499978.1869624}, "cmdq": 0, "read": {"device_start": -1, "device_end": -1}}, "FFC_sans_bias54": {"write": {"device_start": 1585499978.1855545, "host_queued_start": 1585500041.076535, "device_queued": 1585499978.178659, "device_end": 1585499978.1855848, "host_queued_end": 1585500041.092033}, "device": "gpu", "nd_range": {"device_start": 1585499978.1855934, "device_end": 1585499978.186193}, "cmdq": 0, "read": {"device_start": -1, "device_end": -1}}, "FFC_sans_bias56": {"write": {"device_start": 1585499978.1847835, "host_queued_start": 1585500041.075499, "device_queued": 1585499978.1785152, "device_end": 1585499978.1848135, "host_queued_end": 1585500041.092033}, "device": "gpu", "nd_range": {"device_start": 1585499978.1848204, "device_end": 1585499978.1854324}, "cmdq": 0, "read": {"device_start": -1, "device_end": -1}}, "FFC_sans_bias51": {"write": {"device_start": -1, "host_queued_start": 1585500041.086098, "device_queued": -1, "device_end": -1, "host_queued_end": 1585500041.092033}, "device": "gpu", "nd_range": {"device_start": 1585499978.1946054, "device_end": 1585499978.1952088}, "cmdq": 0, "read": {"device_start": -1, "device_end": -1}}, "softmax23": {"write": {"device_start": -1, "host_queued_start": 1585500041.109007, "device_queued": -1, "device_end": -1, "host_queued_end": 1585500041.113384}, "device": "cpu", "nd_range": {"device_start": 2167815.3611345054, "device_end": 2167815.3613374364}, "cmdq": 0, "read": {"device_start": -1, "device_end": -1}}, "FFC_sans_bias37": {"write": {"device_start": 1585499978.1810431, "host_queued_start": 1585500041.07007, "device_queued": 1585499978.1780953, "device_end": 1585499978.1810665, "host_queued_end": 1585500041.092033}, "device": "gpu", "nd_range": {"device_start": 1585499978.1810703, "device_end": 1585499978.1816669}, "cmdq": 0, "read": {"device_start": -1, "device_end": -1}}, "empty62": {"write": {"device_start": 1585499978.1776342, "host_queued_start": 1585500041.064038, "device_queued": 1585499978.177205, "device_end": 1585499978.1776636, "host_queued_end": 1585500041.092033}, "device": "gpu", "nd_range": {"device_start": 1585499978.1776726, "device_end": 1585499978.1776762}, "cmdq": 0, "read": {"device_start": -1, "device_end": -1}}, "FFC_sans_bias70": {"write": {"device_start": 1585499978.2038634, "host_queued_start": 1585500041.091936, "device_queued": 1585499978.180499, "device_end": 1585499978.2038867, "host_queued_end": 1585500041.092033}, "device": "gpu", "nd_range": {"device_start": 1585499978.203892, "device_end": 1585499978.2044818}, "cmdq": 0, "read": {"device_start": 1585499978.2044902, "device_end": 1585499978.204513}}, "FFC_sans_bias58": {"write": {"device_start": -1, "host_queued_start": 1585500041.083563, "device_queued": -1, "device_end": -1, "host_queued_end": 1585500041.092033}, "device": "gpu", "nd_range": {"device_start": 1585499978.191113, "device_end": 1585499978.1917138}, "cmdq": 0, "read": {"device_start": -1, "device_end": -1}}, "softmax41": {"write": {"device_start": -1, "host_queued_start": 1585500041.084406, "device_queued": -1, "device_end": -1, "host_queued_end": 1585500041.092033}, "device": "gpu", "nd_range": {"device_start": 1585499978.1925344, "device_end": 1585499978.1927505}, "cmdq": 0, "read": {"device_start": -1, "device_end": -1}}, "FFC_sans_bias11": {"write": {"device_start": -1, "host_queued_start": 1585500041.102688, "device_queued": -1, "device_end": -1, "host_queued_end": 1585500041.113384}, "device": "cpu", "nd_range": {"device_start": 2167815.319054528, "device_end": 2167815.334331959}, "cmdq": 0, "read": {"device_start": -1, "device_end": -1}}, "FFC_sans_bias10": {"write": {"device_start": -1, "host_queued_start": 1585500041.101494, "device_queued": -1, "device_end": -1, "host_queued_end": 1585500041.113384}, "device": "cpu", "nd_range": {"device_start": 2167815.31846091, "device_end": 2167815.333606759}, "cmdq": 3, "read": {"device_start": -1, "device_end": -1}}, "coalesced_transpose3": {"write": {"device_start": -1, "host_queued_start": 1585500041.106341, "device_queued": -1, "device_end": -1, "host_queued_end": 1585500041.113384}, "device": "cpu", "nd_range": {"device_start": 2167815.334454846, "device_end": 2167815.33470379}, "cmdq": 0, "read": {"device_start": -1, "device_end": -1}}, "FFC_sans_bias34": {"write": {"device_start": 1585499978.1965597, "host_queued_start": 1585500041.087777, "device_queued": 1585499978.1799865, "device_end": 1585499978.196583, "host_queued_end": 1585500041.092033}, "device": "gpu", "nd_range": {"device_start": 1585499978.1965914, "device_end": 1585499978.1971805}, "cmdq": 0, "read": {"device_start": 1585499978.1971865, "device_end": 1585499978.1972108}}, "FFC_sans_bias15": {"write": {"device_start": -1, "host_queued_start": 1585500041.109726, "device_queued": -1, "device_end": -1, "host_queued_end": 1585500041.113384}, "device": "cpu", "nd_range": {"device_start": 2167815.365329083, "device_end": 2167815.376914306}, "cmdq": 2, "read": {"device_start": -1, "device_end": -1}}, "FFC_sans_bias31": {"write": {"device_start": -1, "host_queued_start": 1585500041.082605, "device_queued": -1, "device_end": -1, "host_queued_end": 1585500041.092033}, "device": "gpu", "nd_range": {"device_start": 1585499978.189309, "device_end": 1585499978.1899078}, "cmdq": 0, "read": {"device_start": -1, "device_end": -1}}, "FFC_sans_bias16": {"write": {"device_start": -1, "host_queued_start": 1585500041.112177, "device_queued": -1, "device_end": -1, "host_queued_end": 1585500041.113384}, "device": "cpu", "nd_range": {"device_start": 2167815.377035857, "device_end": 2167815.38811506}, "cmdq": 1, "read": {"device_start": -1, "device_end": -1}}, "FFC_sans_bias19": {"write": {"device_start": -1, "host_queued_start": 1585500041.104937, "device_queued": -1, "device_end": -1, "host_queued_end": 1585500041.113384}, "device": "cpu", "nd_range": {"device_start": 2167815.320936858, "device_end": 2167815.3360339142}, "cmdq": 2, "read": {"device_start": -1, "device_end": -1}}, "FFC_sans_bias18": {"write": {"device_start": -1, "host_queued_start": 1585500041.103848, "device_queued": -1, "device_end": -1, "host_queued_end": 1585500041.113384}, "device": "cpu", "nd_range": {"device_start": 2167815.322099314, "device_end": 2167815.3425866663}, "cmdq": 1, "read": {"device_start": -1, "device_end": -1}}, "coalesced_transpose30": {"write": {"device_start": -1, "host_queued_start": 1585500041.081076, "device_queued": -1, "device_end": -1, "host_queued_end": 1585500041.092033}, "device": "gpu", "nd_range": {"device_start": 1585499978.1892612, "device_end": 1585499978.1892695}, "cmdq": 0, "read": {"device_start": -1, "device_end": -1}}, "FFC_sans_bias69": {"write": {"device_start": -1, "host_queued_start": 1585500041.086763, "device_queued": -1, "device_end": -1, "host_queued_end": 1585500041.092033}, "device": "gpu", "nd_range": {"device_start": 1585499978.1958094, "device_end": 1585499978.19641}, "cmdq": 0, "read": {"device_start": -1, "device_end": -1}}, "FFC_sans_bias38": {"write": {"device_start": 1585499978.1817803, "host_queued_start": 1585500041.071137, "device_queued": 1585499978.1781359, "device_end": 1585499978.181804, "host_queued_end": 1585500041.092033}, "device": "gpu", "nd_range": {"device_start": 1585499978.1818109, "device_end": 1585499978.182411}, "cmdq": 0, "read": {"device_start": -1, "device_end": -1}}, "coalesced_transpose57": {"write": {"device_start": -1, "host_queued_start": 1585500041.081989, "device_queued": -1, "device_end": -1, "host_queued_end": 1585500041.092033}, "device": "gpu", "nd_range": {"device_start": 1585499978.18929, "device_end": 1585499978.1892984}, "cmdq": 0, "read": {"device_start": -1, "device_end": -1}}, "empty26": {"write": {"device_start": -1, "host_queued_start": 1585500041.095721, "device_queued": -1, "device_end": -1, "host_queued_end": 1585500041.113384}, "device": "cpu", "nd_range": {"device_start": 2167815.3030076344, "device_end": 2167815.303012722}, "cmdq": 2, "read": {"device_start": -1, "device_end": -1}}, "coalesced_transpose12": {"write": {"device_start": -1, "host_queued_start": 1585500041.106794, "device_queued": -1, "device_end": -1, "host_queued_end": 1585500041.113384}, "device": "cpu", "nd_range": {"device_start": 2167815.342713699, "device_end": 2167815.342951865}, "cmdq": 1, "read": {"device_start": -1, "device_end": -1}}, "empty44": {"write": {"device_start": 1585499978.177286, "host_queued_start": 1585500041.062382, "device_queued": 1585499978.1770937, "device_end": 1585499978.1773114, "host_queued_end": 1585500041.092033}, "device": "gpu", "nd_range": {"device_start": 1585499978.17732, "device_end": 1585499978.1773233}, "cmdq": 0, "read": {"device_start": -1, "device_end": -1}}, "coalesced_transpose21": {"write": {"device_start": -1, "host_queued_start": 1585500041.107124, "device_queued": -1, "device_end": -1, "host_queued_end": 1585500041.113384}, "device": "cpu", "nd_range": {"device_start": 2167815.336151069, "device_end": 2167815.336386919}, "cmdq": 2, "read": {"device_start": -1, "device_end": -1}}, "FFC_sans_bias36": {"write": {"device_start": 1585499978.1802874, "host_queued_start": 1585500041.06904, "device_queued": 1585499978.1778436, "device_end": 1585499978.1803164, "host_queued_end": 1585500041.092033}, "device": "gpu", "nd_range": {"device_start": 1585499978.180325, "device_end": 1585499978.1809342}, "cmdq": 0, "read": {"device_start": -1, "device_end": -1}}, "softmax14": {"write": {"device_start": -1, "host_queued_start": 1585500041.108736, "device_queued": -1, "device_end": -1, "host_queued_end": 1585500041.113384}, "device": "cpu", "nd_range": {"device_start": 2167815.361345169, "device_end": 2167815.3624164853}, "cmdq": 3, "read": {"device_start": -1, "device_end": -1}}, "FFC_sans_bias13": {"write": {"device_start": -1, "host_queued_start": 1585500041.107835, "device_queued": -1, "device_end": -1, "host_queued_end": 1585500041.113384}, "device": "cpu", "nd_range": {"device_start": 2167815.34623829, "device_end": 2167815.3611131813}, "cmdq": 0, "read": {"device_start": -1, "device_end": -1}}, "empty8": {"write": {"device_start": -1, "host_queued_start": 1585500041.09361, "device_queued": -1, "device_end": -1, "host_queued_end": 1585500041.113384}, "device": "cpu", "nd_range": {"device_start": 2167815.302967558, "device_end": 2167815.302978593}, "cmdq": 0, "read": {"device_start": -1, "device_end": -1}}, "FFC_sans_bias42": {"write": {"device_start": -1, "host_queued_start": 1585500041.085777, "device_queued": -1, "device_end": -1, "host_queued_end": 1585500041.092033}, "device": "gpu", "nd_range": {"device_start": 1585499978.1940074, "device_end": 1585499978.1946042}, "cmdq": 0, "read": {"device_start": -1, "device_end": -1}}, "FFC_sans_bias43": {"write": {"device_start": 1585499978.1974235, "host_queued_start": 1585500041.088816, "device_queued": 1585499978.1801467, "device_end": 1585499978.197455, "host_queued_end": 1585500041.092033}, "device": "gpu", "nd_range": {"device_start": 1585499978.1974702, "device_end": 1585499978.1980677}, "cmdq": 0, "read": {"device_start": 1585499978.198076, "device_end": 1585499978.198118}}, "FFC_sans_bias40": {"write": {"device_start": -1, "host_queued_start": 1585500041.08293, "device_queued": -1, "device_end": -1, "host_queued_end": 1585500041.092033}, "device": "gpu", "nd_range": {"device_start": 1585499978.1899087, "device_end": 1585499978.190509}, "cmdq": 0, "read": {"device_start": -1, "device_end": -1}}, "softmax32": {"write": {"device_start": -1, "host_queued_start": 1585500041.084154, "device_queued": -1, "device_end": -1, "host_queued_end": 1585500041.092033}, "device": "gpu", "nd_range": {"device_start": 1585499978.1923203, "device_end": 1585499978.1925333}, "cmdq": 0, "read": {"device_start": -1, "device_end": -1}}, "FFC_sans_bias47": {"write": {"device_start": 1585499978.184029, "host_queued_start": 1585500041.074434, "device_queued": 1585499978.1784744, "device_end": 1585499978.1840591, "host_queued_end": 1585500041.092033}, "device": "gpu", "nd_range": {"device_start": 1585499978.1840668, "device_end": 1585499978.1846642}, "cmdq": 0, "read": {"device_start": -1, "device_end": -1}}, "FFC_sans_bias45": {"write": {"device_start": 1585499978.18253, "host_queued_start": 1585500041.072351, "device_queued": 1585499978.1782892, "device_end": 1585499978.1825597, "host_queued_end": 1585500041.092033}, "device": "gpu", "nd_range": {"device_start": 1585499978.1825624, "device_end": 1585499978.1831641}, "cmdq": 0, "read": {"device_start": -1, "device_end": -1}}, "softmax50": {"write": {"device_start": -1, "host_queued_start": 1585500041.084657, "device_queued": -1, "device_end": -1, "host_queued_end": 1585500041.092033}, "device": "gpu", "nd_range": {"device_start": 1585499978.1927514, "device_end": 1585499978.1929696}, "cmdq": 0, "read": {"device_start": -1, "device_end": -1}}, "FFC_sans_bias33": {"write": {"device_start": -1, "host_queued_start": 1585500041.085466, "device_queued": -1, "device_end": -1, "host_queued_end": 1585500041.092033}, "device": "gpu", "nd_range": {"device_start": 1585499978.1934063, "device_end": 1585499978.1940062}, "cmdq": 0, "read": {"device_start": -1, "device_end": -1}}, "FFC_sans_bias63": {"write": {"device_start": 1585499978.188632, "host_queued_start": 1585500041.080735, "device_queued": 1585499978.1791258, "device_end": 1585499978.1886625, "host_queued_end": 1585500041.092033}, "device": "gpu", "nd_range": {"device_start": 1585499978.1886654, "device_end": 1585499978.1892598}, "cmdq": 0, "read": {"device_start": -1, "device_end": -1}}, "FFC_sans_bias49": {"write": {"device_start": -1, "host_queued_start": 1585500041.083248, "device_queued": -1, "device_end": -1, "host_queued_end": 1585500041.092033}, "device": "gpu", "nd_range": {"device_start": 1585499978.1905105, "device_end": 1585499978.191112}, "cmdq": 0, "read": {"device_start": -1, "device_end": -1}}, "FFC_sans_bias64": {"write": {"device_start": 1585499978.1871142, "host_queued_start": 1585500041.078647, "device_queued": 1585499978.1788995, "device_end": 1585499978.187144, "host_queued_end": 1585500041.092033}, "device": "gpu", "nd_range": {"device_start": 1585499978.1871467, "device_end": 1585499978.1877475}, "cmdq": 0, "read": {"device_start": -1, "device_end": -1}}, "FFC_sans_bias65": {"write": {"device_start": 1585499978.1878731, "host_queued_start": 1585500041.079701, "device_queued": 1585499978.178958, "device_end": 1585499978.1879032, "host_queued_end": 1585500041.092033}, "device": "gpu", "nd_range": {"device_start": 1585499978.1879058, "device_end": 1585499978.188515}, "cmdq": 0, "read": {"device_start": -1, "device_end": -1}}, "FFC_sans_bias67": {"write": {"device_start": -1, "host_queued_start": 1585500041.08389, "device_queued": -1, "device_end": -1, "host_queued_end": 1585500041.092033}, "device": "gpu", "nd_range": {"device_start": 1585499978.1917152, "device_end": 1585499978.1923192}, "cmdq": 0, "read": {"device_start": -1, "device_end": -1}}, "FFC_sans_bias24": {"write": {"device_start": -1, "host_queued_start": 1585500041.110081, "device_queued": -1, "device_end": -1, "host_queued_end": 1585500041.113384}, "device": "cpu", "nd_range": {"device_start": 2167815.362542348, "device_end": 2167815.377746793}, "cmdq": 3, "read": {"device_start": -1, "device_end": -1}}, "FFC_sans_bias25": {"write": {"device_start": -1, "host_queued_start": 1585500041.113341, "device_queued": -1, "device_end": -1, "host_queued_end": 1585500041.113384}, "device": "cpu", "nd_range": {"device_start": 2167815.3777560233, "device_end": 2167815.3880228293}, "cmdq": 2, "read": {"device_start": -1, "device_end": -1}}, "FFC_sans_bias27": {"write": {"device_start": 1585499978.1780376, "host_queued_start": 1585500041.06583, "device_queued": 1585499978.177529, "device_end": 1585499978.1780686, "host_queued_end": 1585500041.092033}, "device": "gpu", "nd_range": {"device_start": 1585499978.1780794, "device_end": 1585499978.1786664}, "cmdq": 0, "read": {"device_start": -1, "device_end": -1}}, "FFC_sans_bias20": {"write": {"device_start": -1, "host_queued_start": 1585500041.106004, "device_queued": -1, "device_end": -1, "host_queued_end": 1585500041.113384}, "device": "cpu", "nd_range": {"device_start": 2167815.333735736, "device_end": 2167815.342255867}, "cmdq": 3, "read": {"device_start": -1, "device_end": -1}}, "FFC_sans_bias22": {"write": {"device_start": -1, "host_queued_start": 1585500041.108179, "device_queued": -1, "device_end": -1, "host_queued_end": 1585500041.113384}, "device": "cpu", "nd_range": {"device_start": 2167815.343312384, "device_end": 2167815.361113036}, "cmdq": 1, "read": {"device_start": -1, "device_end": -1}}, "softmax68": {"write": {"device_start": -1, "host_queued_start": 1585500041.085155, "device_queued": -1, "device_end": -1, "host_queued_end": 1585500041.092033}, "device": "gpu", "nd_range": {"device_start": 1585499978.1931882, "device_end": 1585499978.1934054}, "cmdq": 0, "read": {"device_start": -1, "device_end": -1}}, "softmax5": {"write": {"device_start": -1, "host_queued_start": 1585500041.10846, "device_queued": -1, "device_end": -1, "host_queued_end": 1585500041.113384}, "device": "cpu", "nd_range": {"device_start": 2167815.350197825, "device_end": 2167815.350417604}, "cmdq": 2, "read": {"device_start": -1, "device_end": -1}}, "FFC_sans_bias28": {"write": {"device_start": 1585499978.1787615, "host_queued_start": 1585500041.066963, "device_queued": 1585499978.1775763, "device_end": 1585499978.1787906, "host_queued_end": 1585500041.092033}, "device": "gpu", "nd_range": {"device_start": 1585499978.178799, "device_end": 1585499978.1793962}, "cmdq": 0, "read": {"device_start": -1, "device_end": -1}}, "FFC_sans_bias29": {"write": {"device_start": 1585499978.1795716, "host_queued_start": 1585500041.068007, "device_queued": 1585499978.1778028, "device_end": 1585499978.1796014, "host_queued_end": 1585500041.092033}, "device": "gpu", "nd_range": {"device_start": 1585499978.179607, "device_end": 1585499978.1802042}, "cmdq": 0, "read": {"device_start": -1, "device_end": -1}}, "empty17": {"write": {"device_start": -1, "host_queued_start": 1585500041.094798, "device_queued": -1, "device_end": -1, "host_queued_end": 1585500041.113384}, "device": "cpu", "nd_range": {"device_start": 2167815.302967375, "device_end": 2167815.302978576}, "cmdq": 1, "read": {"device_start": -1, "device_end": -1}}, "softmax59": {"write": {"device_start": -1, "host_queued_start": 1585500041.084902, "device_queued": -1, "device_end": -1, "host_queued_end": 1585500041.092033}, "device": "gpu", "nd_range": {"device_start": 1585499978.1929715, "device_end": 1585499978.1931813}, "cmdq": 0, "read": {"device_start": -1, "device_end": -1}}, "empty71": {"write": {"device_start": 1585499978.1778646, "host_queued_start": 1585500041.064842, "device_queued": 1585499978.1774716, "device_end": 1585499978.1778898, "host_queued_end": 1585500041.092033}, "device": "gpu", "nd_range": {"device_start": 1585499978.1778994, "device_end": 1585499978.177903}, "cmdq": 0, "read": {"device_start": -1, "device_end": -1}}, "empty35": {"write": {"device_start": 1585499978.1771069, "host_queued_start": 1585500041.061337, "device_queued": 1585499978.176967, "device_end": 1585499978.1771357, "host_queued_end": 1585500041.092033}, "device": "gpu", "nd_range": {"device_start": 1585499978.177139, "device_end": 1585499978.1771438}, "cmdq": 0, "read": {"device_start": -1, "device_end": -1}}, "empty53": {"write": {"device_start": 1585499978.177476, "host_queued_start": 1585500041.063223, "device_queued": 1585499978.177149, "device_end": 1585499978.177501, "host_queued_end": 1585500041.092033}, "device": "gpu", "nd_range": {"device_start": 1585499978.1775098, "device_end": 1585499978.1775134}, "cmdq": 0, "read": {"device_start": -1, "device_end": -1}}, "FFC_sans_bias46": {"write": {"device_start": 1585499978.1832857, "host_queued_start": 1585500041.073394, "device_queued": 1585499978.1783292, "device_end": 1585499978.1833158, "host_queued_end": 1585500041.092033}, "device": "gpu", "nd_range": {"device_start": 1585499978.183319, "device_end": 1585499978.1839123}, "cmdq": 0, "read": {"device_start": -1, "device_end": -1}}, "coalesced_transpose66": {"write": {"device_start": -1, "host_queued_start": 1585500041.082283, "device_queued": -1, "device_end": -1, "host_queued_end": 1585500041.092033}, "device": "gpu", "nd_range": {"device_start": 1585499978.1892993, "device_end": 1585499978.1893077}, "cmdq": 0, "read": {"device_start": -1, "device_end": -1}}, "coalesced_transpose48": {"write": {"device_start": -1, "host_queued_start": 1585500041.081683, "device_queued": -1, "device_end": -1, "host_queued_end": 1585500041.092033}, "device": "gpu", "nd_range": {"device_start": 1585499978.1892807, "device_end": 1585499978.189289}, "cmdq": 0, "read": {"device_start": -1, "device_end": -1}}}