{"FFC_sans_bias60": {"write": {"device_start": -1, "host_queued_start": 1585500248.607712, "device_queued": -1, "device_end": -1, "host_queued_end": 1585500248.611242}, "device": "gpu", "nd_range": {"device_start": 1585500185.6970625, "device_end": 1585500185.6978726}, "cmdq": 1, "read": {"device_start": -1, "device_end": -1}}, "FFC_sans_bias4": {"write": {"device_start": -1, "host_queued_start": 1585500248.634494, "device_queued": -1, "device_end": -1, "host_queued_end": 1585500248.644057}, "device": "cpu", "nd_range": {"device_start": 2168022.910163212, "device_end": 2168022.916182515}, "cmdq": 1, "read": {"device_start": -1, "device_end": -1}}, "FFC_sans_bias7": {"write": {"device_start": -1, "host_queued_start": 1585500248.640046, "device_queued": -1, "device_end": -1, "host_queued_end": 1585500248.644057}, "device": "cpu", "nd_range": {"device_start": 2168022.9500948763, "device_end": 2168022.957715408}, "cmdq": 0, "read": {"device_start": -1, "device_end": -1}}, "FFC_sans_bias6": {"write": {"device_start": -1, "host_queued_start": 1585500248.637619, "device_queued": -1, "device_end": -1, "host_queued_end": 1585500248.644057}, "device": "cpu", "nd_range": {"device_start": 2168022.9318633573, "device_end": 2168022.9404868283}, "cmdq": 1, "read": {"device_start": -1, "device_end": -1}}, "FFC_sans_bias1": {"write": {"device_start": -1, "host_queued_start": 1585500248.618488, "device_queued": -1, "device_end": -1, "host_queued_end": 1585500248.644057}, "device": "cpu", "nd_range": {"device_start": 2168022.833696715, "device_end": 2168022.841650619}, "cmdq": 0, "read": {"device_start": -1, "device_end": -1}}, "FFC_sans_bias0": {"write": {"device_start": -1, "host_queued_start": 1585500248.61745, "device_queued": -1, "device_end": -1, "host_queued_end": 1585500248.644057}, "device": "cpu", "nd_range": {"device_start": 2168022.833691363, "device_end": 2168022.8405824313}, "cmdq": 1, "read": {"device_start": -1, "device_end": -1}}, "FFC_sans_bias2": {"write": {"device_start": -1, "host_queued_start": 1585500248.619706, "device_queued": -1, "device_end": -1, "host_queued_end": 1585500248.644057}, "device": "cpu", "nd_range": {"device_start": 2168022.8415418793, "device_end": 2168022.847277548}, "cmdq": 1, "read": {"device_start": -1, "device_end": -1}}, "FFC_sans_bias61": {"write": {"device_start": 1585500185.6980033, "host_queued_start": 1585500248.610069, "device_queued": 1585500185.6925645, "device_end": 1585500185.6980345, "host_queued_end": 1585500248.611242}, "device": "gpu", "nd_range": {"device_start": 1585500185.6980383, "device_end": 1585500185.6992805}, "cmdq": 1, "read": {"device_start": 1585500185.6992905, "device_end": 1585500185.699318}}, "FFC_sans_bias52": {"write": {"device_start": 1585500185.6974976, "host_queued_start": 1585500248.609028, "device_queued": 1585500185.6924994, "device_end": 1585500185.6975284, "host_queued_end": 1585500248.611242}, "device": "gpu", "nd_range": {"device_start": 1585500185.6975343, "device_end": 1585500185.6983187}, "cmdq": 0, "read": {"device_start": 1585500185.6983216, "device_end": 1585500185.698346}}, "FFC_sans_bias9": {"write": {"device_start": -1, "host_queued_start": 1585500248.620883, "device_queued": -1, "device_end": -1, "host_queued_end": 1585500248.644057}, "device": "cpu", "nd_range": {"device_start": 2168022.8417590912, "device_end": 2168022.8582588043}, "cmdq": 0, "read": {"device_start": -1, "device_end": -1}}, "coalesced_transpose39": {"write": {"device_start": -1, "host_queued_start": 1585500248.634153, "device_queued": -1, "device_end": -1, "host_queued_end": 1585500248.644057}, "device": "cpu", "nd_range": {"device_start": 2168022.910535538, "device_end": 2168022.9107670523}, "cmdq": 0, "read": {"device_start": -1, "device_end": -1}}, "FFC_sans_bias55": {"write": {"device_start": 1585500185.692646, "host_queued_start": 1585500248.601132, "device_queued": 1585500185.6914432, "device_end": 1585500185.6926765, "host_queued_end": 1585500248.611242}, "device": "gpu", "nd_range": {"device_start": 1585500185.6926818, "device_end": 1585500185.6939538}, "cmdq": 2, "read": {"device_start": -1, "device_end": -1}}, "FFC_sans_bias54": {"write": {"device_start": 1585500185.6920931, "host_queued_start": 1585500248.600078, "device_queued": 1585500185.6912997, "device_end": 1585500185.6921227, "host_queued_end": 1585500248.611242}, "device": "gpu", "nd_range": {"device_start": 1585500185.6921268, "device_end": 1585500185.693521}, "cmdq": 1, "read": {"device_start": -1, "device_end": -1}}, "FFC_sans_bias56": {"write": {"device_start": 1585500185.6917033, "host_queued_start": 1585500248.599051, "device_queued": 1585500185.691256, "device_end": 1585500185.6917331, "host_queued_end": 1585500248.611242}, "device": "gpu", "nd_range": {"device_start": 1585500185.691735, "device_end": 1585500185.6929533}, "cmdq": 0, "read": {"device_start": -1, "device_end": -1}}, "FFC_sans_bias51": {"write": {"device_start": -1, "host_queued_start": 1585500248.607389, "device_queued": -1, "device_end": -1, "host_queued_end": 1585500248.611242}, "device": "gpu", "nd_range": {"device_start": 1585500185.696649, "device_end": 1585500185.6973681}, "cmdq": 0, "read": {"device_start": -1, "device_end": -1}}, "softmax23": {"write": {"device_start": -1, "host_queued_start": 1585500248.636683, "device_queued": -1, "device_end": -1, "host_queued_end": 1585500248.644057}, "device": "cpu", "nd_range": {"device_start": 2168022.928360353, "device_end": 2168022.9285662062}, "cmdq": 0, "read": {"device_start": -1, "device_end": -1}}, "FFC_sans_bias37": {"write": {"device_start": -1, "host_queued_start": 1585500248.631395, "device_queued": -1, "device_end": -1, "host_queued_end": 1585500248.644057}, "device": "cpu", "nd_range": {"device_start": 2168022.9045774913, "device_end": 2168022.909831856}, "cmdq": 0, "read": {"device_start": -1, "device_end": -1}}, "empty62": {"write": {"device_start": 1585500185.6907375, "host_queued_start": 1585500248.594024, "device_queued": 1585500185.6905916, "device_end": 1585500185.6908112, "host_queued_end": 1585500248.611242}, "device": "gpu", "nd_range": {"device_start": 1585500185.6908162, "device_end": 1585500185.69082}, "cmdq": 1, "read": {"device_start": -1, "device_end": -1}}, "FFC_sans_bias70": {"write": {"device_start": 1585500185.6989818, "host_queued_start": 1585500248.611142, "device_queued": 1585500185.6927261, "device_end": 1585500185.6990123, "host_queued_end": 1585500248.611242}, "device": "gpu", "nd_range": {"device_start": 1585500185.6990156, "device_end": 1585500185.6997354}, "cmdq": 2, "read": {"device_start": 1585500185.6997383, "device_end": 1585500185.6997607}}, "FFC_sans_bias58": {"write": {"device_start": -1, "host_queued_start": 1585500248.606006, "device_queued": -1, "device_end": -1, "host_queued_end": 1585500248.611242}, "device": "gpu", "nd_range": {"device_start": 1585500185.6953, "device_end": 1585500185.696377}, "cmdq": 1, "read": {"device_start": -1, "device_end": -1}}, "softmax41": {"write": {"device_start": -1, "host_queued_start": 1585500248.637258, "device_queued": -1, "device_end": -1, "host_queued_end": 1585500248.644057}, "device": "cpu", "nd_range": {"device_start": 2168022.931238315, "device_end": 2168022.9314079513}, "cmdq": 0, "read": {"device_start": -1, "device_end": -1}}, "FFC_sans_bias11": {"write": {"device_start": -1, "host_queued_start": 1585500248.623055, "device_queued": -1, "device_end": -1, "host_queued_end": 1585500248.644057}, "device": "cpu", "nd_range": {"device_start": 2168022.858266027, "device_end": 2168022.863518367}, "cmdq": 0, "read": {"device_start": -1, "device_end": -1}}, "FFC_sans_bias10": {"write": {"device_start": -1, "host_queued_start": 1585500248.621952, "device_queued": -1, "device_end": -1, "host_queued_end": 1585500248.644057}, "device": "cpu", "nd_range": {"device_start": 2168022.8473966853, "device_end": 2168022.858259695}, "cmdq": 1, "read": {"device_start": -1, "device_end": -1}}, "coalesced_transpose3": {"write": {"device_start": -1, "host_queued_start": 1585500248.63276, "device_queued": -1, "device_end": -1, "host_queued_end": 1585500248.644057}, "device": "cpu", "nd_range": {"device_start": 2168022.909836825, "device_end": 2168022.910013013}, "cmdq": 0, "read": {"device_start": -1, "device_end": -1}}, "FFC_sans_bias34": {"write": {"device_start": -1, "host_queued_start": 1585500248.643026, "device_queued": -1, "device_end": -1, "host_queued_end": 1585500248.644057}, "device": "cpu", "nd_range": {"device_start": 2168022.973144608, "device_end": 2168022.980812692}, "cmdq": 1, "read": {"device_start": -1, "device_end": -1}}, "FFC_sans_bias15": {"write": {"device_start": -1, "host_queued_start": 1585500248.637977, "device_queued": -1, "device_end": -1, "host_queued_end": 1585500248.644057}, "device": "cpu", "nd_range": {"device_start": 2168022.931639165, "device_end": 2168022.941458938}, "cmdq": 0, "read": {"device_start": -1, "device_end": -1}}, "FFC_sans_bias31": {"write": {"device_start": -1, "host_queued_start": 1585500248.635527, "device_queued": -1, "device_end": -1, "host_queued_end": 1585500248.644057}, "device": "cpu", "nd_range": {"device_start": 2168022.919183311, "device_end": 2168022.927492034}, "cmdq": 0, "read": {"device_start": -1, "device_end": -1}}, "FFC_sans_bias16": {"write": {"device_start": -1, "host_queued_start": 1585500248.641031, "device_queued": -1, "device_end": -1, "host_queued_end": 1585500248.644057}, "device": "cpu", "nd_range": {"device_start": 2168022.959090726, "device_end": 2168022.9731408022}, "cmdq": 1, "read": {"device_start": -1, "device_end": -1}}, "FFC_sans_bias19": {"write": {"device_start": -1, "host_queued_start": 1585500248.625127, "device_queued": -1, "device_end": -1, "host_queued_end": 1585500248.644057}, "device": "cpu", "nd_range": {"device_start": 2168022.8691687193, "device_end": 2168022.883182362}, "cmdq": 0, "read": {"device_start": -1, "device_end": -1}}, "FFC_sans_bias18": {"write": {"device_start": -1, "host_queued_start": 1585500248.624089, "device_queued": -1, "device_end": -1, "host_queued_end": 1585500248.644057}, "device": "cpu", "nd_range": {"device_start": 2168022.858276761, "device_end": 2168022.866989146}, "cmdq": 1, "read": {"device_start": -1, "device_end": -1}}, "coalesced_transpose30": {"write": {"device_start": -1, "host_queued_start": 1585500248.633735, "device_queued": -1, "device_end": -1, "host_queued_end": 1585500248.644057}, "device": "cpu", "nd_range": {"device_start": 2168022.896967175, "device_end": 2168022.897072413}, "cmdq": 1, "read": {"device_start": -1, "device_end": -1}}, "FFC_sans_bias69": {"write": {"device_start": -1, "host_queued_start": 1585500248.608022, "device_queued": -1, "device_end": -1, "host_queued_end": 1585500248.611242}, "device": "gpu", "nd_range": {"device_start": 1585500185.697561, "device_end": 1585500185.698846}, "cmdq": 2, "read": {"device_start": -1, "device_end": -1}}, "FFC_sans_bias38": {"write": {"device_start": -1, "host_queued_start": 1585500248.632434, "device_queued": -1, "device_end": -1, "host_queued_end": 1585500248.644057}, "device": "cpu", "nd_range": {"device_start": 2168022.891177716, "device_end": 2168022.896604069}, "cmdq": 1, "read": {"device_start": -1, "device_end": -1}}, "coalesced_transpose57": {"write": {"device_start": -1, "host_queued_start": 1585500248.605092, "device_queued": -1, "device_end": -1, "host_queued_end": 1585500248.611242}, "device": "gpu", "nd_range": {"device_start": 1585500185.6949472, "device_end": 1585500185.6952991}, "cmdq": 1, "read": {"device_start": -1, "device_end": -1}}, "empty26": {"write": {"device_start": -1, "host_queued_start": 1585500248.61474, "device_queued": -1, "device_end": -1, "host_queued_end": 1585500248.644057}, "device": "cpu", "nd_range": {"device_start": 2168022.833681315, "device_end": 2168022.833682504}, "cmdq": 0, "read": {"device_start": -1, "device_end": -1}}, "coalesced_transpose12": {"write": {"device_start": -1, "host_queued_start": 1585500248.633082, "device_queued": -1, "device_end": -1, "host_queued_end": 1585500248.644057}, "device": "cpu", "nd_range": {"device_start": 2168022.896730707, "device_end": 2168022.89684621}, "cmdq": 1, "read": {"device_start": -1, "device_end": -1}}, "empty44": {"write": {"device_start": -1, "host_queued_start": 1585500248.616503, "device_queued": -1, "device_end": -1, "host_queued_end": 1585500248.644057}, "device": "cpu", "nd_range": {"device_start": 2168022.833690315, "device_end": 2168022.833691103}, "cmdq": 0, "read": {"device_start": -1, "device_end": -1}}, "coalesced_transpose21": {"write": {"device_start": -1, "host_queued_start": 1585500248.633409, "device_queued": -1, "device_end": -1, "host_queued_end": 1585500248.644057}, "device": "cpu", "nd_range": {"device_start": 2168022.910161801, "device_end": 2168022.910419966}, "cmdq": 0, "read": {"device_start": -1, "device_end": -1}}, "FFC_sans_bias36": {"write": {"device_start": -1, "host_queued_start": 1585500248.630334, "device_queued": -1, "device_end": -1, "host_queued_end": 1585500248.644057}, "device": "cpu", "nd_range": {"device_start": 2168022.883189205, "device_end": 2168022.89117099}, "cmdq": 1, "read": {"device_start": -1, "device_end": -1}}, "softmax14": {"write": {"device_start": -1, "host_queued_start": 1585500248.636418, "device_queued": -1, "device_end": -1, "host_queued_end": 1585500248.644057}, "device": "cpu", "nd_range": {"device_start": 2168022.931233526, "device_end": 2168022.9314203993}, "cmdq": 1, "read": {"device_start": -1, "device_end": -1}}, "FFC_sans_bias13": {"write": {"device_start": -1, "host_queued_start": 1585500248.634855, "device_queued": -1, "device_end": -1, "host_queued_end": 1585500248.644057}, "device": "cpu", "nd_range": {"device_start": 2168022.910875196, "device_end": 2168022.919067046}, "cmdq": 0, "read": {"device_start": -1, "device_end": -1}}, "empty8": {"write": {"device_start": -1, "host_queued_start": 1585500248.612628, "device_queued": -1, "device_end": -1, "host_queued_end": 1585500248.644057}, "device": "cpu", "nd_range": {"device_start": 2168022.8336481983, "device_end": 2168022.83365898}, "cmdq": 0, "read": {"device_start": -1, "device_end": -1}}, "FFC_sans_bias42": {"write": {"device_start": -1, "host_queued_start": 1585500248.639008, "device_queued": -1, "device_end": -1, "host_queued_end": 1585500248.644057}, "device": "cpu", "nd_range": {"device_start": 2168022.947424779, "device_end": 2168022.959083273}, "cmdq": 1, "read": {"device_start": -1, "device_end": -1}}, "FFC_sans_bias43": {"write": {"device_start": -1, "host_queued_start": 1585500248.644013, "device_queued": -1, "device_end": -1, "host_queued_end": 1585500248.644057}, "device": "cpu", "nd_range": {"device_start": 2168022.963472754, "device_end": 2168022.971057421}, "cmdq": 0, "read": {"device_start": -1, "device_end": -1}}, "FFC_sans_bias40": {"write": {"device_start": -1, "host_queued_start": 1585500248.635872, "device_queued": -1, "device_end": -1, "host_queued_end": 1585500248.644057}, "device": "cpu", "nd_range": {"device_start": 2168022.92390232, "device_end": 2168022.931219161}, "cmdq": 1, "read": {"device_start": -1, "device_end": -1}}, "softmax32": {"write": {"device_start": -1, "host_queued_start": 1585500248.636977, "device_queued": -1, "device_end": -1, "host_queued_end": 1585500248.644057}, "device": "cpu", "nd_range": {"device_start": 2168022.9316405, "device_end": 2168022.9318554862}, "cmdq": 1, "read": {"device_start": -1, "device_end": -1}}, "FFC_sans_bias47": {"write": {"device_start": 1585500185.6911747, "host_queued_start": 1585500248.597961, "device_queued": 1585500185.6910017, "device_end": 1585500185.6912062, "host_queued_end": 1585500248.611242}, "device": "gpu", "nd_range": {"device_start": 1585500185.691247, "device_end": 1585500185.6925364}, "cmdq": 2, "read": {"device_start": -1, "device_end": -1}}, "FFC_sans_bias45": {"write": {"device_start": 1585500185.6909287, "host_queued_start": 1585500248.595898, "device_queued": 1585500185.690678, "device_end": 1585500185.6909544, "host_queued_end": 1585500248.611242}, "device": "gpu", "nd_range": {"device_start": 1585500185.6909592, "device_end": 1585500185.691564}, "cmdq": 0, "read": {"device_start": -1, "device_end": -1}}, "softmax50": {"write": {"device_start": -1, "host_queued_start": 1585500248.606563, "device_queued": -1, "device_end": -1, "host_queued_end": 1585500248.611242}, "device": "gpu", "nd_range": {"device_start": 1585500185.695906, "device_end": 1585500185.6966481}, "cmdq": 0, "read": {"device_start": -1, "device_end": -1}}, "FFC_sans_bias33": {"write": {"device_start": -1, "host_queued_start": 1585500248.63867, "device_queued": -1, "device_end": -1, "host_queued_end": 1585500248.644057}, "device": "cpu", "nd_range": {"device_start": 2168022.9414688633, "device_end": 2168022.950087199}, "cmdq": 0, "read": {"device_start": -1, "device_end": -1}}, "FFC_sans_bias63": {"write": {"device_start": 1585500185.6940868, "host_queued_start": 1585500248.60447, "device_queued": 1585500185.6917787, "device_end": 1585500185.6941178, "host_queued_end": 1585500248.611242}, "device": "gpu", "nd_range": {"device_start": 1585500185.6941235, "device_end": 1585500185.6954107}, "cmdq": 2, "read": {"device_start": -1, "device_end": -1}}, "FFC_sans_bias49": {"write": {"device_start": -1, "host_queued_start": 1585500248.605691, "device_queued": -1, "device_end": -1, "host_queued_end": 1585500248.611242}, "device": "gpu", "nd_range": {"device_start": 1585500185.6952965, "device_end": 1585500185.6959045}, "cmdq": 0, "read": {"device_start": -1, "device_end": -1}}, "FFC_sans_bias64": {"write": {"device_start": 1585500185.6930873, "host_queued_start": 1585500248.602171, "device_queued": 1585500185.6915221, "device_end": 1585500185.693114, "host_queued_end": 1585500248.611242}, "device": "gpu", "nd_range": {"device_start": 1585500185.693118, "device_end": 1585500185.694438}, "cmdq": 0, "read": {"device_start": -1, "device_end": -1}}, "FFC_sans_bias65": {"write": {"device_start": 1585500185.6936398, "host_queued_start": 1585500248.60343, "device_queued": 1585500185.6917405, "device_end": 1585500185.69367, "host_queued_end": 1585500248.611242}, "device": "gpu", "nd_range": {"device_start": 1585500185.6936722, "device_end": 1585500185.6949434}, "cmdq": 1, "read": {"device_start": -1, "device_end": -1}}, "FFC_sans_bias67": {"write": {"device_start": -1, "host_queued_start": 1585500248.606315, "device_queued": -1, "device_end": -1, "host_queued_end": 1585500248.611242}, "device": "gpu", "nd_range": {"device_start": 1585500185.6962833, "device_end": 1585500185.6968865}, "cmdq": 2, "read": {"device_start": -1, "device_end": -1}}, "FFC_sans_bias24": {"write": {"device_start": -1, "host_queued_start": 1585500248.638328, "device_queued": -1, "device_end": -1, "host_queued_end": 1585500248.644057}, "device": "cpu", "nd_range": {"device_start": 2168022.9404952703, "device_end": 2168022.947416834}, "cmdq": 1, "read": {"device_start": -1, "device_end": -1}}, "FFC_sans_bias25": {"write": {"device_start": -1, "host_queued_start": 1585500248.642038, "device_queued": -1, "device_end": -1, "host_queued_end": 1585500248.644057}, "device": "cpu", "nd_range": {"device_start": 2168022.957719287, "device_end": 2168022.9634690313}, "cmdq": 0, "read": {"device_start": -1, "device_end": -1}}, "FFC_sans_bias27": {"write": {"device_start": -1, "host_queued_start": 1585500248.627224, "device_queued": -1, "device_end": -1, "host_queued_end": 1585500248.644057}, "device": "cpu", "nd_range": {"device_start": 2168022.883202547, "device_end": 2168022.8992661643}, "cmdq": 0, "read": {"device_start": -1, "device_end": -1}}, "FFC_sans_bias20": {"write": {"device_start": -1, "host_queued_start": 1585500248.626167, "device_queued": -1, "device_end": -1, "host_queued_end": 1585500248.644057}, "device": "cpu", "nd_range": {"device_start": 2168022.866996069, "device_end": 2168022.874914213}, "cmdq": 1, "read": {"device_start": -1, "device_end": -1}}, "FFC_sans_bias22": {"write": {"device_start": -1, "host_queued_start": 1585500248.635189, "device_queued": -1, "device_end": -1, "host_queued_end": 1585500248.644057}, "device": "cpu", "nd_range": {"device_start": 2168022.9178182823, "device_end": 2168022.923761346}, "cmdq": 1, "read": {"device_start": -1, "device_end": -1}}, "softmax68": {"write": {"device_start": -1, "host_queued_start": 1585500248.607088, "device_queued": -1, "device_end": -1, "host_queued_end": 1585500248.611242}, "device": "gpu", "nd_range": {"device_start": 1585500185.6968877, "device_end": 1585500185.6975596}, "cmdq": 2, "read": {"device_start": -1, "device_end": -1}}, "softmax5": {"write": {"device_start": -1, "host_queued_start": 1585500248.636146, "device_queued": -1, "device_end": -1, "host_queued_end": 1585500248.644057}, "device": "cpu", "nd_range": {"device_start": 2168022.927606202, "device_end": 2168022.928245632}, "cmdq": 0, "read": {"device_start": -1, "device_end": -1}}, "FFC_sans_bias28": {"write": {"device_start": -1, "host_queued_start": 1585500248.628257, "device_queued": -1, "device_end": -1, "host_queued_end": 1585500248.644057}, "device": "cpu", "nd_range": {"device_start": 2168022.87504423, "device_end": 2168022.88318266}, "cmdq": 1, "read": {"device_start": -1, "device_end": -1}}, "FFC_sans_bias29": {"write": {"device_start": -1, "host_queued_start": 1585500248.629297, "device_queued": -1, "device_end": -1, "host_queued_end": 1585500248.644057}, "device": "cpu", "nd_range": {"device_start": 2168022.899271999, "device_end": 2168022.904572633}, "cmdq": 0, "read": {"device_start": -1, "device_end": -1}}, "empty17": {"write": {"device_start": -1, "host_queued_start": 1585500248.613704, "device_queued": -1, "device_end": -1, "host_queued_end": 1585500248.644057}, "device": "cpu", "nd_range": {"device_start": 2168022.8336551893, "device_end": 2168022.833663953}, "cmdq": 1, "read": {"device_start": -1, "device_end": -1}}, "softmax59": {"write": {"device_start": -1, "host_queued_start": 1585500248.606848, "device_queued": -1, "device_end": -1, "host_queued_end": 1585500248.611242}, "device": "gpu", "nd_range": {"device_start": 1585500185.696378, "device_end": 1585500185.6970615}, "cmdq": 1, "read": {"device_start": -1, "device_end": -1}}, "empty71": {"write": {"device_start": 1585500185.6908488, "host_queued_start": 1585500248.594893, "device_queued": 1585500185.6906261, "device_end": 1585500185.6909232, "host_queued_end": 1585500248.611242}, "device": "gpu", "nd_range": {"device_start": 1585500185.6909275, "device_end": 1585500185.6909344}, "cmdq": 2, "read": {"device_start": -1, "device_end": -1}}, "empty35": {"write": {"device_start": -1, "host_queued_start": 1585500248.615704, "device_queued": -1, "device_end": -1, "host_queued_end": 1585500248.644057}, "device": "cpu", "nd_range": {"device_start": 2168022.8336830763, "device_end": 2168022.833684436}, "cmdq": 1, "read": {"device_start": -1, "device_end": -1}}, "empty53": {"write": {"device_start": 1585500185.6906004, "host_queued_start": 1585500248.592987, "device_queued": 1585500185.6904764, "device_end": 1585500185.6906328, "host_queued_end": 1585500248.611242}, "device": "gpu", "nd_range": {"device_start": 1585500185.6906366, "device_end": 1585500185.6906424}, "cmdq": 0, "read": {"device_start": -1, "device_end": -1}}, "FFC_sans_bias46": {"write": {"device_start": 1585500185.6910758, "host_queued_start": 1585500248.596934, "device_queued": 1585500185.690977, "device_end": 1585500185.6911535, "host_queued_end": 1585500248.611242}, "device": "gpu", "nd_range": {"device_start": 1585500185.6911578, "device_end": 1585500185.6919682}, "cmdq": 1, "read": {"device_start": -1, "device_end": -1}}, "coalesced_transpose66": {"write": {"device_start": -1, "host_queued_start": 1585500248.605388, "device_queued": -1, "device_end": -1, "host_queued_end": 1585500248.611242}, "device": "gpu", "nd_range": {"device_start": 1585500185.6954167, "device_end": 1585500185.6962817}, "cmdq": 2, "read": {"device_start": -1, "device_end": -1}}, "coalesced_transpose48": {"write": {"device_start": -1, "host_queued_start": 1585500248.604797, "device_queued": -1, "device_end": -1, "host_queued_end": 1585500248.611242}, "device": "gpu", "nd_range": {"device_start": 1585500185.694439, "device_end": 1585500185.6952956}, "cmdq": 0, "read": {"device_start": -1, "device_end": -1}}}