{"FFC_sans_bias60": {"write": {"device_start": -1, "host_queued_start": 1585500576.655835, "device_queued": -1, "device_end": -1, "host_queued_end": 1585500576.659364}, "device": "gpu", "nd_range": {"device_start": 1585500513.73683, "device_end": 1585500513.7374477}, "cmdq": 2, "read": {"device_start": -1, "device_end": -1}}, "FFC_sans_bias4": {"write": {"device_start": -1, "host_queued_start": 1585500576.6827, "device_queued": -1, "device_end": -1, "host_queued_end": 1585500576.692228}, "device": "cpu", "nd_range": {"device_start": 2168350.931868, "device_end": 2168350.9480688283}, "cmdq": 0, "read": {"device_start": -1, "device_end": -1}}, "FFC_sans_bias7": {"write": {"device_start": -1, "host_queued_start": 1585500576.688219, "device_queued": -1, "device_end": -1, "host_queued_end": 1585500576.692228}, "device": "cpu", "nd_range": {"device_start": 2168350.964901442, "device_end": 2168350.980191478}, "cmdq": 0, "read": {"device_start": -1, "device_end": -1}}, "FFC_sans_bias6": {"write": {"device_start": -1, "host_queued_start": 1585500576.685813, "device_queued": -1, "device_end": -1, "host_queued_end": 1585500576.692228}, "device": "cpu", "nd_range": {"device_start": 2168350.948504976, "device_end": 2168350.964779397}, "cmdq": 0, "read": {"device_start": -1, "device_end": -1}}, "FFC_sans_bias1": {"write": {"device_start": -1, "host_queued_start": 1585500576.666603, "device_queued": -1, "device_end": -1, "host_queued_end": 1585500576.692228}, "device": "cpu", "nd_range": {"device_start": 2168350.881838491, "device_end": 2168350.897318595}, "cmdq": 1, "read": {"device_start": -1, "device_end": -1}}, "FFC_sans_bias0": {"write": {"device_start": -1, "host_queued_start": 1585500576.665526, "device_queued": -1, "device_end": -1, "host_queued_end": 1585500576.692228}, "device": "cpu", "nd_range": {"device_start": 2168350.881837901, "device_end": 2168350.899127127}, "cmdq": 0, "read": {"device_start": -1, "device_end": -1}}, "FFC_sans_bias2": {"write": {"device_start": -1, "host_queued_start": 1585500576.667844, "device_queued": -1, "device_end": -1, "host_queued_end": 1585500576.692228}, "device": "cpu", "nd_range": {"device_start": 2168350.882208444, "device_end": 2168350.897597237}, "cmdq": 2, "read": {"device_start": -1, "device_end": -1}}, "FFC_sans_bias61": {"write": {"device_start": 1585500513.7365694, "host_queued_start": 1585500576.658195, "device_queued": 1585500513.731894, "device_end": 1585500513.7365952, "host_queued_end": 1585500576.659364}, "device": "gpu", "nd_range": {"device_start": 1585500513.737454, "device_end": 1585500513.738436}, "cmdq": 0, "read": {"device_start": 1585500513.7395606, "device_end": 1585500513.7395914}}, "FFC_sans_bias52": {"write": {"device_start": 1585500513.7369432, "host_queued_start": 1585500576.657152, "device_queued": 1585500513.7318254, "device_end": 1585500513.7369752, "host_queued_end": 1585500576.659364}, "device": "gpu", "nd_range": {"device_start": 1585500513.7380128, "device_end": 1585500513.739408}, "cmdq": 4, "read": {"device_start": 1585500513.7394097, "device_end": 1585500513.7394333}}, "FFC_sans_bias9": {"write": {"device_start": -1, "host_queued_start": 1585500576.668892, "device_queued": -1, "device_end": -1, "host_queued_end": 1585500576.692228}, "device": "cpu", "nd_range": {"device_start": 2168350.8971365783, "device_end": 2168350.912405625}, "cmdq": 3, "read": {"device_start": -1, "device_end": -1}}, "coalesced_transpose39": {"write": {"device_start": -1, "host_queued_start": 1585500576.682346, "device_queued": -1, "device_end": -1, "host_queued_end": 1585500576.692228}, "device": "cpu", "nd_range": {"device_start": 2168350.9933529543, "device_end": 2168350.993606964}, "cmdq": 4, "read": {"device_start": -1, "device_end": -1}}, "FFC_sans_bias55": {"write": {"device_start": 1585500513.7310143, "host_queued_start": 1585500576.64922, "device_queued": 1585500513.7305338, "device_end": 1585500513.731039, "host_queued_end": 1585500576.659364}, "device": "gpu", "nd_range": {"device_start": 1585500513.731051, "device_end": 1585500513.7332556}, "cmdq": 3, "read": {"device_start": -1, "device_end": -1}}, "FFC_sans_bias54": {"write": {"device_start": 1585500513.7307224, "host_queued_start": 1585500576.648193, "device_queued": 1585500513.7305171, "device_end": 1585500513.7307532, "host_queued_end": 1585500576.659364}, "device": "gpu", "nd_range": {"device_start": 1585500513.7308326, "device_end": 1585500513.732815}, "cmdq": 2, "read": {"device_start": -1, "device_end": -1}}, "FFC_sans_bias56": {"write": {"device_start": 1585500513.7305913, "host_queued_start": 1585500576.64716, "device_queued": 1585500513.73049, "device_end": 1585500513.73065, "host_queued_end": 1585500576.659364}, "device": "gpu", "nd_range": {"device_start": 1585500513.7308104, "device_end": 1585500513.7322652}, "cmdq": 1, "read": {"device_start": -1, "device_end": -1}}, "FFC_sans_bias51": {"write": {"device_start": -1, "host_queued_start": 1585500576.655519, "device_queued": -1, "device_end": -1, "host_queued_end": 1585500576.659364}, "device": "gpu", "nd_range": {"device_start": 1585500513.736418, "device_end": 1585500513.7370389}, "cmdq": 1, "read": {"device_start": -1, "device_end": -1}}, "softmax23": {"write": {"device_start": -1, "host_queued_start": 1585500576.684917, "device_queued": -1, "device_end": -1, "host_queued_end": 1585500576.692228}, "device": "cpu", "nd_range": {"device_start": 2168350.94421466, "device_end": 2168350.9444314623}, "cmdq": 2, "read": {"device_start": -1, "device_end": -1}}, "FFC_sans_bias37": {"write": {"device_start": -1, "host_queued_start": 1585500576.679556, "device_queued": -1, "device_end": -1, "host_queued_end": 1585500576.692228}, "device": "cpu", "nd_range": {"device_start": 2168350.927705469, "device_end": 2168350.942879442}, "cmdq": 3, "read": {"device_start": -1, "device_end": -1}}, "empty62": {"write": {"device_start": 1585500513.7299356, "host_queued_start": 1585500576.642088, "device_queued": 1585500513.729831, "device_end": 1585500513.7300007, "host_queued_end": 1585500576.659364}, "device": "gpu", "nd_range": {"device_start": 1585500513.7302055, "device_end": 1585500513.7302122}, "cmdq": 1, "read": {"device_start": -1, "device_end": -1}}, "FFC_sans_bias70": {"write": {"device_start": 1585500513.737167, "host_queued_start": 1585500576.659264, "device_queued": 1585500513.7321382, "device_end": 1585500513.737197, "host_queued_end": 1585500576.659364}, "device": "gpu", "nd_range": {"device_start": 1585500513.7380066, "device_end": 1585500513.7389553}, "cmdq": 1, "read": {"device_start": 1585500513.7389612, "device_end": 1585500513.738985}}, "FFC_sans_bias58": {"write": {"device_start": -1, "host_queued_start": 1585500576.654113, "device_queued": -1, "device_end": -1, "host_queued_end": 1585500576.659364}, "device": "gpu", "nd_range": {"device_start": 1585500513.7347212, "device_end": 1585500513.7362032}, "cmdq": 1, "read": {"device_start": -1, "device_end": -1}}, "softmax41": {"write": {"device_start": -1, "host_queued_start": 1585500576.685476, "device_queued": -1, "device_end": -1, "host_queued_end": 1585500576.692228}, "device": "cpu", "nd_range": {"device_start": 2168351.0048957043, "device_end": 2168351.005021492}, "cmdq": 4, "read": {"device_start": -1, "device_end": -1}}, "FFC_sans_bias11": {"write": {"device_start": -1, "host_queued_start": 1585500576.671164, "device_queued": -1, "device_end": -1, "host_queued_end": 1585500576.692228}, "device": "cpu", "nd_range": {"device_start": 2168350.899236882, "device_end": 2168350.915012697}, "cmdq": 0, "read": {"device_start": -1, "device_end": -1}}, "FFC_sans_bias10": {"write": {"device_start": -1, "host_queued_start": 1585500576.670095, "device_queued": -1, "device_end": -1, "host_queued_end": 1585500576.692228}, "device": "cpu", "nd_range": {"device_start": 2168350.881878553, "device_end": 2168350.897118365}, "cmdq": 4, "read": {"device_start": -1, "device_end": -1}}, "coalesced_transpose3": {"write": {"device_start": -1, "host_queued_start": 1585500576.680933, "device_queued": -1, "device_end": -1, "host_queued_end": 1585500576.692228}, "device": "cpu", "nd_range": {"device_start": 2168350.931505586, "device_end": 2168350.931759212}, "cmdq": 0, "read": {"device_start": -1, "device_end": -1}}, "FFC_sans_bias34": {"write": {"device_start": -1, "host_queued_start": 1585500576.691195, "device_queued": -1, "device_end": -1, "host_queued_end": 1585500576.692228}, "device": "cpu", "nd_range": {"device_start": 2168350.9743410433, "device_end": 2168350.986633688}, "cmdq": 3, "read": {"device_start": -1, "device_end": -1}}, "FFC_sans_bias15": {"write": {"device_start": -1, "host_queued_start": 1585500576.686157, "device_queued": -1, "device_end": -1, "host_queued_end": 1585500576.692228}, "device": "cpu", "nd_range": {"device_start": 2168350.988190412, "device_end": 2168350.996020174}, "cmdq": 1, "read": {"device_start": -1, "device_end": -1}}, "FFC_sans_bias31": {"write": {"device_start": -1, "host_queued_start": 1585500576.683728, "device_queued": -1, "device_end": -1, "host_queued_end": 1585500576.692228}, "device": "cpu", "nd_range": {"device_start": 2168350.943373154, "device_end": 2168350.958543307}, "cmdq": 3, "read": {"device_start": -1, "device_end": -1}}, "FFC_sans_bias16": {"write": {"device_start": -1, "host_queued_start": 1585500576.689213, "device_queued": -1, "device_end": -1, "host_queued_end": 1585500576.692228}, "device": "cpu", "nd_range": {"device_start": 2168350.996026358, "device_end": 2168351.0046888813}, "cmdq": 1, "read": {"device_start": -1, "device_end": -1}}, "FFC_sans_bias19": {"write": {"device_start": -1, "host_queued_start": 1585500576.673273, "device_queued": -1, "device_end": -1, "host_queued_end": 1585500576.692228}, "device": "cpu", "nd_range": {"device_start": 2168350.897718857, "device_end": 2168350.9130249643}, "cmdq": 2, "read": {"device_start": -1, "device_end": -1}}, "FFC_sans_bias18": {"write": {"device_start": -1, "host_queued_start": 1585500576.672205, "device_queued": -1, "device_end": -1, "host_queued_end": 1585500576.692228}, "device": "cpu", "nd_range": {"device_start": 2168350.900872561, "device_end": 2168350.923326474}, "cmdq": 1, "read": {"device_start": -1, "device_end": -1}}, "coalesced_transpose30": {"write": {"device_start": -1, "host_queued_start": 1585500576.682021, "device_queued": -1, "device_end": -1, "host_queued_end": 1585500576.692228}, "device": "cpu", "nd_range": {"device_start": 2168350.943013083, "device_end": 2168350.943254967}, "cmdq": 3, "read": {"device_start": -1, "device_end": -1}}, "FFC_sans_bias69": {"write": {"device_start": -1, "host_queued_start": 1585500576.656142, "device_queued": -1, "device_end": -1, "host_queued_end": 1585500576.659364}, "device": "gpu", "nd_range": {"device_start": 1585500513.7368352, "device_end": 1585500513.7380016}, "cmdq": 3, "read": {"device_start": -1, "device_end": -1}}, "FFC_sans_bias38": {"write": {"device_start": -1, "host_queued_start": 1585500576.680602, "device_queued": -1, "device_end": -1, "host_queued_end": 1585500576.692228}, "device": "cpu", "nd_range": {"device_start": 2168350.98712815, "device_end": 2168350.993346219}, "cmdq": 4, "read": {"device_start": -1, "device_end": -1}}, "coalesced_transpose57": {"write": {"device_start": -1, "host_queued_start": 1585500576.653179, "device_queued": -1, "device_end": -1, "host_queued_end": 1585500576.659364}, "device": "gpu", "nd_range": {"device_start": 1585500513.7332568, "device_end": 1585500513.7346041}, "cmdq": 3, "read": {"device_start": -1, "device_end": -1}}, "empty26": {"write": {"device_start": -1, "host_queued_start": 1585500576.662882, "device_queued": -1, "device_end": -1, "host_queued_end": 1585500576.692228}, "device": "cpu", "nd_range": {"device_start": 2168350.8820360443, "device_end": 2168350.882039552}, "cmdq": 2, "read": {"device_start": -1, "device_end": -1}}, "coalesced_transpose12": {"write": {"device_start": -1, "host_queued_start": 1585500576.681262, "device_queued": -1, "device_end": -1, "host_queued_end": 1585500576.692228}, "device": "cpu", "nd_range": {"device_start": 2168350.9621792943, "device_end": 2168350.962431984}, "cmdq": 1, "read": {"device_start": -1, "device_end": -1}}, "empty44": {"write": {"device_start": -1, "host_queued_start": 1585500576.664549, "device_queued": -1, "device_end": -1, "host_queued_end": 1585500576.692228}, "device": "cpu", "nd_range": {"device_start": 2168350.88185701, "device_end": 2168350.881861707}, "cmdq": 4, "read": {"device_start": -1, "device_end": -1}}, "coalesced_transpose21": {"write": {"device_start": -1, "host_queued_start": 1585500576.681692, "device_queued": -1, "device_end": -1, "host_queued_end": 1585500576.692228}, "device": "cpu", "nd_range": {"device_start": 2168350.928449247, "device_end": 2168350.9286930603}, "cmdq": 2, "read": {"device_start": -1, "device_end": -1}}, "FFC_sans_bias36": {"write": {"device_start": -1, "host_queued_start": 1585500576.678493, "device_queued": -1, "device_end": -1, "host_queued_end": 1585500576.692228}, "device": "cpu", "nd_range": {"device_start": 2168350.913144906, "device_end": 2168350.928331482}, "cmdq": 2, "read": {"device_start": -1, "device_end": -1}}, "softmax14": {"write": {"device_start": -1, "host_queued_start": 1585500576.684615, "device_queued": -1, "device_end": -1, "host_queued_end": 1585500576.692228}, "device": "cpu", "nd_range": {"device_start": 2168350.987124225, "device_end": 2168350.9881805633}, "cmdq": 1, "read": {"device_start": -1, "device_end": -1}}, "FFC_sans_bias13": {"write": {"device_start": -1, "host_queued_start": 1585500576.683044, "device_queued": -1, "device_end": -1, "host_queued_end": 1585500576.692228}, "device": "cpu", "nd_range": {"device_start": 2168350.962810548, "device_end": 2168350.9871148863}, "cmdq": 1, "read": {"device_start": -1, "device_end": -1}}, "empty8": {"write": {"device_start": -1, "host_queued_start": 1585500576.660688, "device_queued": -1, "device_end": -1, "host_queued_end": 1585500576.692228}, "device": "cpu", "nd_range": {"device_start": 2168350.881804348, "device_end": 2168350.881815467}, "cmdq": 0, "read": {"device_start": -1, "device_end": -1}}, "FFC_sans_bias42": {"write": {"device_start": -1, "host_queued_start": 1585500576.687175, "device_queued": -1, "device_end": -1, "host_queued_end": 1585500576.692228}, "device": "cpu", "nd_range": {"device_start": 2168351.005027752, "device_end": 2168351.010870147}, "cmdq": 4, "read": {"device_start": -1, "device_end": -1}}, "FFC_sans_bias43": {"write": {"device_start": -1, "host_queued_start": 1585500576.692184, "device_queued": -1, "device_end": -1, "host_queued_end": 1585500576.692228}, "device": "cpu", "nd_range": {"device_start": 2168351.0108752362, "device_end": 2168351.015092696}, "cmdq": 4, "read": {"device_start": -1, "device_end": -1}}, "FFC_sans_bias40": {"write": {"device_start": -1, "host_queued_start": 1585500576.684069, "device_queued": -1, "device_end": -1, "host_queued_end": 1585500576.692228}, "device": "cpu", "nd_range": {"device_start": 2168350.993612673, "device_end": 2168351.004890169}, "cmdq": 4, "read": {"device_start": -1, "device_end": -1}}, "softmax32": {"write": {"device_start": -1, "host_queued_start": 1585500576.685204, "device_queued": -1, "device_end": -1, "host_queued_end": 1585500576.692228}, "device": "cpu", "nd_range": {"device_start": 2168350.9586632783, "device_end": 2168350.958849661}, "cmdq": 3, "read": {"device_start": -1, "device_end": -1}}, "FFC_sans_bias47": {"write": {"device_start": 1585500513.730393, "host_queued_start": 1585500576.646105, "device_queued": 1585500513.730293, "device_end": 1585500513.730423, "host_queued_end": 1585500576.659364}, "device": "gpu", "nd_range": {"device_start": 1585500513.7304819, "device_end": 1585500513.7318554}, "cmdq": 0, "read": {"device_start": -1, "device_end": -1}}, "FFC_sans_bias45": {"write": {"device_start": 1585500513.7301452, "host_queued_start": 1585500576.643976, "device_queued": 1585500513.7299006, "device_end": 1585500513.7302077, "host_queued_end": 1585500576.659364}, "device": "gpu", "nd_range": {"device_start": 1585500513.730256, "device_end": 1585500513.7308698}, "cmdq": 3, "read": {"device_start": -1, "device_end": -1}}, "softmax50": {"write": {"device_start": -1, "host_queued_start": 1585500576.654703, "device_queued": -1, "device_end": -1, "host_queued_end": 1585500576.659364}, "device": "gpu", "nd_range": {"device_start": 1585500513.735228, "device_end": 1585500513.7364051}, "cmdq": 3, "read": {"device_start": -1, "device_end": -1}}, "FFC_sans_bias33": {"write": {"device_start": -1, "host_queued_start": 1585500576.686838, "device_queued": -1, "device_end": -1, "host_queued_end": 1585500576.692228}, "device": "cpu", "nd_range": {"device_start": 2168350.958953528, "device_end": 2168350.974219758}, "cmdq": 3, "read": {"device_start": -1, "device_end": -1}}, "FFC_sans_bias63": {"write": {"device_start": 1585500513.73236, "host_queued_start": 1585500576.65254, "device_queued": 1585500513.7311008, "device_end": 1585500513.732393, "host_queued_end": 1585500576.659364}, "device": "gpu", "nd_range": {"device_start": 1585500513.7324004, "device_end": 1585500513.734716}, "cmdq": 1, "read": {"device_start": -1, "device_end": -1}}, "FFC_sans_bias49": {"write": {"device_start": -1, "host_queued_start": 1585500576.653806, "device_queued": -1, "device_end": -1, "host_queued_end": 1585500576.659364}, "device": "gpu", "nd_range": {"device_start": 1585500513.7346125, "device_end": 1585500513.7352169}, "cmdq": 0, "read": {"device_start": -1, "device_end": -1}}, "FFC_sans_bias64": {"write": {"device_start": 1585500513.7314076, "host_queued_start": 1585500576.650428, "device_queued": 1585500513.730771, "device_end": 1585500513.7314377, "host_queued_end": 1585500576.659364}, "device": "gpu", "nd_range": {"device_start": 1585500513.731441, "device_end": 1585500513.7337573}, "cmdq": 4, "read": {"device_start": -1, "device_end": -1}}, "FFC_sans_bias65": {"write": {"device_start": 1585500513.7320037, "host_queued_start": 1585500576.651505, "device_queued": 1585500513.7310364, "device_end": 1585500513.7320344, "host_queued_end": 1585500576.659364}, "device": "gpu", "nd_range": {"device_start": 1585500513.73204, "device_end": 1585500513.7342472}, "cmdq": 0, "read": {"device_start": -1, "device_end": -1}}, "FFC_sans_bias67": {"write": {"device_start": -1, "host_queued_start": 1585500576.654428, "device_queued": -1, "device_end": -1, "host_queued_end": 1585500576.659364}, "device": "gpu", "nd_range": {"device_start": 1585500513.734629, "device_end": 1585500513.7356665}, "cmdq": 2, "read": {"device_start": -1, "device_end": -1}}, "FFC_sans_bias24": {"write": {"device_start": -1, "host_queued_start": 1585500576.686497, "device_queued": -1, "device_end": -1, "host_queued_end": 1585500576.692228}, "device": "cpu", "nd_range": {"device_start": 2168350.94454543, "device_end": 2168350.9597883723}, "cmdq": 2, "read": {"device_start": -1, "device_end": -1}}, "FFC_sans_bias25": {"write": {"device_start": -1, "host_queued_start": 1585500576.690202, "device_queued": -1, "device_end": -1, "host_queued_end": 1585500576.692228}, "device": "cpu", "nd_range": {"device_start": 2168350.959903018, "device_end": 2168350.975205895}, "cmdq": 2, "read": {"device_start": -1, "device_end": -1}}, "FFC_sans_bias27": {"write": {"device_start": -1, "host_queued_start": 1585500576.675371, "device_queued": -1, "device_end": -1, "host_queued_end": 1585500576.692228}, "device": "cpu", "nd_range": {"device_start": 2168350.975210782, "device_end": 2168350.987118396}, "cmdq": 4, "read": {"device_start": -1, "device_end": -1}}, "FFC_sans_bias20": {"write": {"device_start": -1, "host_queued_start": 1585500576.674311, "device_queued": -1, "device_end": -1, "host_queued_end": 1585500576.692228}, "device": "cpu", "nd_range": {"device_start": 2168350.912412329, "device_end": 2168350.9275716543}, "cmdq": 3, "read": {"device_start": -1, "device_end": -1}}, "FFC_sans_bias22": {"write": {"device_start": -1, "host_queued_start": 1585500576.683387, "device_queued": -1, "device_end": -1, "host_queued_end": 1585500576.692228}, "device": "cpu", "nd_range": {"device_start": 2168350.928804045, "device_end": 2168350.9440965774}, "cmdq": 2, "read": {"device_start": -1, "device_end": -1}}, "softmax68": {"write": {"device_start": -1, "host_queued_start": 1585500576.655202, "device_queued": -1, "device_end": -1, "host_queued_end": 1585500576.659364}, "device": "gpu", "nd_range": {"device_start": 1585500513.7356768, "device_end": 1585500513.7364125}, "cmdq": 0, "read": {"device_start": -1, "device_end": -1}}, "softmax5": {"write": {"device_start": -1, "host_queued_start": 1585500576.684345, "device_queued": -1, "device_end": -1, "host_queued_end": 1585500576.692228}, "device": "cpu", "nd_range": {"device_start": 2168350.948188824, "device_end": 2168350.94839652}, "cmdq": 0, "read": {"device_start": -1, "device_end": -1}}, "FFC_sans_bias28": {"write": {"device_start": -1, "host_queued_start": 1585500576.676409, "device_queued": -1, "device_end": -1, "host_queued_end": 1585500576.692228}, "device": "cpu", "nd_range": {"device_start": 2168350.9151222743, "device_end": 2168350.931393419}, "cmdq": 0, "read": {"device_start": -1, "device_end": -1}}, "FFC_sans_bias29": {"write": {"device_start": -1, "host_queued_start": 1585500576.677453, "device_queued": -1, "device_end": -1, "host_queued_end": 1585500576.692228}, "device": "cpu", "nd_range": {"device_start": 2168350.9233358973, "device_end": 2168350.954596545}, "cmdq": 1, "read": {"device_start": -1, "device_end": -1}}, "empty17": {"write": {"device_start": -1, "host_queued_start": 1585500576.661865, "device_queued": -1, "device_end": -1, "host_queued_end": 1585500576.692228}, "device": "cpu", "nd_range": {"device_start": 2168350.881804259, "device_end": 2168350.881815486}, "cmdq": 1, "read": {"device_start": -1, "device_end": -1}}, "softmax59": {"write": {"device_start": -1, "host_queued_start": 1585500576.654958, "device_queued": -1, "device_end": -1, "host_queued_end": 1585500576.659364}, "device": "gpu", "nd_range": {"device_start": 1585500513.7364101, "device_end": 1585500513.7368152}, "cmdq": 4, "read": {"device_start": -1, "device_end": -1}}, "empty71": {"write": {"device_start": 1585500513.730059, "host_queued_start": 1585500576.642975, "device_queued": 1585500513.7298772, "device_end": 1585500513.7301133, "host_queued_end": 1585500576.659364}, "device": "gpu", "nd_range": {"device_start": 1585500513.7302244, "device_end": 1585500513.73023}, "cmdq": 2, "read": {"device_start": -1, "device_end": -1}}, "empty35": {"write": {"device_start": -1, "host_queued_start": 1585500576.663718, "device_queued": -1, "device_end": -1, "host_queued_end": 1585500576.692228}, "device": "cpu", "nd_range": {"device_start": 2168350.89712699, "device_end": 2168350.8971284702}, "cmdq": 3, "read": {"device_start": -1, "device_end": -1}}, "empty53": {"write": {"device_start": 1585500513.729831, "host_queued_start": 1585500576.641048, "device_queued": 1585500513.729708, "device_end": 1585500513.729859, "host_queued_end": 1585500576.659364}, "device": "gpu", "nd_range": {"device_start": 1585500513.7298625, "device_end": 1585500513.7298672}, "cmdq": 0, "read": {"device_start": -1, "device_end": -1}}, "FFC_sans_bias46": {"write": {"device_start": 1585500513.7302456, "host_queued_start": 1585500576.645039, "device_queued": 1585500513.7301414, "device_end": 1585500513.730275, "host_queued_end": 1585500576.659364}, "device": "gpu", "nd_range": {"device_start": 1585500513.7302833, "device_end": 1585500513.7312763}, "cmdq": 4, "read": {"device_start": -1, "device_end": -1}}, "coalesced_transpose66": {"write": {"device_start": -1, "host_queued_start": 1585500576.653491, "device_queued": -1, "device_end": -1, "host_queued_end": 1585500576.659364}, "device": "gpu", "nd_range": {"device_start": 1585500513.7337582, "device_end": 1585500513.7346203}, "cmdq": 4, "read": {"device_start": -1, "device_end": -1}}, "coalesced_transpose48": {"write": {"device_start": -1, "host_queued_start": 1585500576.652874, "device_queued": -1, "device_end": -1, "host_queued_end": 1585500576.659364}, "device": "gpu", "nd_range": {"device_start": 1585500513.7328165, "device_end": 1585500513.7346008}, "cmdq": 2, "read": {"device_start": -1, "device_end": -1}}}