{"FFC_sans_bias60": {"write": {"device_start": -1, "host_queued_start": 1585500363.696549, "device_queued": -1, "device_end": -1, "host_queued_end": 1585500363.704327}, "device": "gpu", "nd_range": {"device_start": 1585500300.7971985, "device_end": 1585500300.7991269}, "cmdq": 2, "read": {"device_start": -1, "device_end": -1}}, "FFC_sans_bias4": {"write": {"device_start": -1, "host_queued_start": 1585500363.710886, "device_queued": -1, "device_end": -1, "host_queued_end": 1585500363.712758}, "device": "cpu", "nd_range": {"device_start": 2168137.914638888, "device_end": 2168137.91888049}, "cmdq": 1, "read": {"device_start": -1, "device_end": -1}}, "FFC_sans_bias7": {"write": {"device_start": -1, "host_queued_start": 1585500363.712684, "device_queued": -1, "device_end": -1, "host_queued_end": 1585500363.712758}, "device": "cpu", "nd_range": {"device_start": 2168137.924073601, "device_end": 2168137.92835371}, "cmdq": 0, "read": {"device_start": -1, "device_end": -1}}, "FFC_sans_bias6": {"write": {"device_start": -1, "host_queued_start": 1585500363.711546, "device_queued": -1, "device_end": -1, "host_queued_end": 1585500363.712758}, "device": "cpu", "nd_range": {"device_start": 2168137.9192458494, "device_end": 2168137.92406318}, "cmdq": 1, "read": {"device_start": -1, "device_end": -1}}, "FFC_sans_bias1": {"write": {"device_start": -1, "host_queued_start": 1585500363.708848, "device_queued": -1, "device_end": -1, "host_queued_end": 1585500363.712758}, "device": "cpu", "nd_range": {"device_start": 2168137.902402297, "device_end": 2168137.9090891103}, "cmdq": 0, "read": {"device_start": -1, "device_end": -1}}, "FFC_sans_bias0": {"write": {"device_start": -1, "host_queued_start": 1585500363.70758, "device_queued": -1, "device_end": -1, "host_queued_end": 1585500363.712758}, "device": "cpu", "nd_range": {"device_start": 2168137.9023953243, "device_end": 2168137.910423987}, "cmdq": 1, "read": {"device_start": -1, "device_end": -1}}, "FFC_sans_bias2": {"write": {"device_start": -1, "host_queued_start": 1585500363.710118, "device_queued": -1, "device_end": -1, "host_queued_end": 1585500363.712758}, "device": "cpu", "nd_range": {"device_start": 2168137.910447879, "device_end": 2168137.91462898}, "cmdq": 1, "read": {"device_start": -1, "device_end": -1}}, "FFC_sans_bias61": {"write": {"device_start": 1585500300.8002298, "host_queued_start": 1585500363.703185, "device_queued": 1585500300.785527, "device_end": 1585500300.8002558, "host_queued_end": 1585500363.704327}, "device": "gpu", "nd_range": {"device_start": 1585500300.8002656, "device_end": 1585500300.8019962}, "cmdq": 1, "read": {"device_start": 1585500300.8020024, "device_end": 1585500300.802025}}, "FFC_sans_bias52": {"write": {"device_start": 1585500300.7997587, "host_queued_start": 1585500363.702137, "device_queued": 1585500300.7854743, "device_end": 1585500300.7997835, "host_queued_end": 1585500363.704327}, "device": "gpu", "nd_range": {"device_start": 1585500300.7997942, "device_end": 1585500300.801529}, "cmdq": 0, "read": {"device_start": 1585500300.8015366, "device_end": 1585500300.80156}}, "FFC_sans_bias9": {"write": {"device_start": 1585500300.781343, "host_queued_start": 1585500363.667408, "device_queued": 1585500300.7810223, "device_end": 1585500300.7814069, "host_queued_end": 1585500363.704327}, "device": "gpu", "nd_range": {"device_start": 1585500300.7814236, "device_end": 1585500300.7820342}, "cmdq": 3, "read": {"device_start": -1, "device_end": -1}}, "coalesced_transpose39": {"write": {"device_start": -1, "host_queued_start": 1585500363.689693, "device_queued": -1, "device_end": -1, "host_queued_end": 1585500363.704327}, "device": "gpu", "nd_range": {"device_start": 1585500300.7916489, "device_end": 1585500300.791684}, "cmdq": 3, "read": {"device_start": -1, "device_end": -1}}, "FFC_sans_bias55": {"write": {"device_start": 1585500300.7883992, "host_queued_start": 1585500363.68532, "device_queued": 1585500300.7831736, "device_end": 1585500300.7884247, "host_queued_end": 1585500363.704327}, "device": "gpu", "nd_range": {"device_start": 1585500300.788441, "device_end": 1585500300.7902024}, "cmdq": 0, "read": {"device_start": -1, "device_end": -1}}, "FFC_sans_bias54": {"write": {"device_start": 1585500300.7879198, "host_queued_start": 1585500363.684291, "device_queued": 1585500300.782937, "device_end": 1585500300.7879508, "host_queued_end": 1585500363.704327}, "device": "gpu", "nd_range": {"device_start": 1585500300.7879589, "device_end": 1585500300.7897692}, "cmdq": 3, "read": {"device_start": -1, "device_end": -1}}, "FFC_sans_bias56": {"write": {"device_start": 1585500300.7874498, "host_queued_start": 1585500363.68326, "device_queued": 1585500300.7829108, "device_end": 1585500300.7874758, "host_queued_end": 1585500363.704327}, "device": "gpu", "nd_range": {"device_start": 1585500300.787485, "device_end": 1585500300.7892208}, "cmdq": 2, "read": {"device_start": -1, "device_end": -1}}, "FFC_sans_bias51": {"write": {"device_start": -1, "host_queued_start": 1585500363.696232, "device_queued": -1, "device_end": -1, "host_queued_end": 1585500363.704327}, "device": "gpu", "nd_range": {"device_start": 1585500300.7962325, "device_end": 1585500300.7981715}, "cmdq": 1, "read": {"device_start": -1, "device_end": -1}}, "softmax23": {"write": {"device_start": -1, "host_queued_start": 1585500363.693375, "device_queued": -1, "device_end": -1, "host_queued_end": 1585500363.704327}, "device": "gpu", "nd_range": {"device_start": 1585500300.7951348, "device_end": 1585500300.795339}, "cmdq": 3, "read": {"device_start": -1, "device_end": -1}}, "FFC_sans_bias37": {"write": {"device_start": 1585500300.785026, "host_queued_start": 1585500363.678017, "device_queued": 1585500300.7823248, "device_end": 1585500300.785052, "host_queued_end": 1585500363.704327}, "device": "gpu", "nd_range": {"device_start": 1585500300.785057, "device_end": 1585500300.786835}, "cmdq": 1, "read": {"device_start": -1, "device_end": -1}}, "empty62": {"write": {"device_start": 1585500300.781139, "host_queued_start": 1585500363.665559, "device_queued": 1585500300.7809665, "device_end": 1585500300.7812052, "host_queued_end": 1585500363.704327}, "device": "gpu", "nd_range": {"device_start": 1585500300.781212, "device_end": 1585500300.7812235}, "cmdq": 1, "read": {"device_start": -1, "device_end": -1}}, "FFC_sans_bias70": {"write": {"device_start": 1585500300.801175, "host_queued_start": 1585500363.704225, "device_queued": 1585500300.7856793, "device_end": 1585500300.8012002, "host_queued_end": 1585500363.704327}, "device": "gpu", "nd_range": {"device_start": 1585500300.801209, "device_end": 1585500300.8024254}, "cmdq": 2, "read": {"device_start": 1585500300.802432, "device_end": 1585500300.802455}}, "FFC_sans_bias58": {"write": {"device_start": -1, "host_queued_start": 1585500363.692552, "device_queued": -1, "device_end": -1, "host_queued_end": 1585500363.704327}, "device": "gpu", "nd_range": {"device_start": 1585500300.792283, "device_end": 1585500300.7942245}, "cmdq": 0, "read": {"device_start": -1, "device_end": -1}}, "softmax41": {"write": {"device_start": -1, "host_queued_start": 1585500363.693885, "device_queued": -1, "device_end": -1, "host_queued_end": 1585500363.704327}, "device": "gpu", "nd_range": {"device_start": 1585500300.794659, "device_end": 1585500300.7955794}, "cmdq": 1, "read": {"device_start": -1, "device_end": -1}}, "FFC_sans_bias11": {"write": {"device_start": 1585500300.7815495, "host_queued_start": 1585500363.669486, "device_queued": 1585500300.7813616, "device_end": 1585500300.7816052, "host_queued_end": 1585500363.704327}, "device": "gpu", "nd_range": {"device_start": 1585500300.78161, "device_end": 1585500300.783009}, "cmdq": 1, "read": {"device_start": -1, "device_end": -1}}, "FFC_sans_bias10": {"write": {"device_start": 1585500300.781452, "host_queued_start": 1585500363.668447, "device_queued": 1585500300.7812994, "device_end": 1585500300.781514, "host_queued_end": 1585500363.704327}, "device": "gpu", "nd_range": {"device_start": 1585500300.7815168, "device_end": 1585500300.7824318}, "cmdq": 0, "read": {"device_start": -1, "device_end": -1}}, "coalesced_transpose3": {"write": {"device_start": -1, "host_queued_start": 1585500363.710521, "device_queued": -1, "device_end": -1, "host_queued_end": 1585500363.712758}, "device": "cpu", "nd_range": {"device_start": 2168137.9093644773, "device_end": 2168137.9096015203}, "cmdq": 0, "read": {"device_start": -1, "device_end": -1}}, "FFC_sans_bias34": {"write": {"device_start": 1585500300.7992055, "host_queued_start": 1585500363.700055, "device_queued": 1585500300.7851882, "device_end": 1585500300.799231, "host_queued_end": 1585500363.704327}, "device": "gpu", "nd_range": {"device_start": 1585500300.799245, "device_end": 1585500300.8010113}, "cmdq": 2, "read": {"device_start": 1585500300.801017, "device_end": 1585500300.8010416}}, "FFC_sans_bias15": {"write": {"device_start": -1, "host_queued_start": 1585500363.694962, "device_queued": -1, "device_end": -1, "host_queued_end": 1585500363.704327}, "device": "gpu", "nd_range": {"device_start": 1585500300.795619, "device_end": 1585500300.7962232}, "cmdq": 1, "read": {"device_start": -1, "device_end": -1}}, "FFC_sans_bias31": {"write": {"device_start": -1, "host_queued_start": 1585500363.691571, "device_queued": -1, "device_end": -1, "host_queued_end": 1585500363.704327}, "device": "gpu", "nd_range": {"device_start": 1585500300.7916794, "device_end": 1585500300.7926729}, "cmdq": 1, "read": {"device_start": -1, "device_end": -1}}, "FFC_sans_bias16": {"write": {"device_start": 1585500300.797709, "host_queued_start": 1585500363.69797, "device_queued": 1585500300.7849774, "device_end": 1585500300.7977347, "host_queued_end": 1585500363.704327}, "device": "gpu", "nd_range": {"device_start": 1585500300.7977448, "device_end": 1585500300.7995834}, "cmdq": 0, "read": {"device_start": 1585500300.7995877, "device_end": 1585500300.7996116}}, "FFC_sans_bias19": {"write": {"device_start": 1585500300.7821615, "host_queued_start": 1585500363.671736, "device_queued": 1585500300.7815669, "device_end": 1585500300.782189, "host_queued_end": 1585500363.704327}, "device": "gpu", "nd_range": {"device_start": 1585500300.7822015, "device_end": 1585500300.7839587}, "cmdq": 3, "read": {"device_start": -1, "device_end": -1}}, "FFC_sans_bias18": {"write": {"device_start": 1585500300.7816477, "host_queued_start": 1585500363.670706, "device_queued": 1585500300.781542, "device_end": 1585500300.7816777, "host_queued_end": 1585500363.704327}, "device": "gpu", "nd_range": {"device_start": 1585500300.7816799, "device_end": 1585500300.783421}, "cmdq": 2, "read": {"device_start": -1, "device_end": -1}}, "coalesced_transpose30": {"write": {"device_start": -1, "host_queued_start": 1585500363.689382, "device_queued": -1, "device_end": -1, "host_queued_end": 1585500363.704327}, "device": "gpu", "nd_range": {"device_start": 1585500300.7911894, "device_end": 1585500300.7915869}, "cmdq": 2, "read": {"device_start": -1, "device_end": -1}}, "FFC_sans_bias69": {"write": {"device_start": -1, "host_queued_start": 1585500363.69695, "device_queued": -1, "device_end": -1, "host_queued_end": 1585500363.704327}, "device": "gpu", "nd_range": {"device_start": 1585500300.7966356, "device_end": 1585500300.7986052}, "cmdq": 3, "read": {"device_start": -1, "device_end": -1}}, "FFC_sans_bias38": {"write": {"device_start": 1585500300.7855115, "host_queued_start": 1585500363.679084, "device_queued": 1585500300.782456, "device_end": 1585500300.7855384, "host_queued_end": 1585500363.704327}, "device": "gpu", "nd_range": {"device_start": 1585500300.7855535, "device_end": 1585500300.787353}, "cmdq": 2, "read": {"device_start": -1, "device_end": -1}}, "coalesced_transpose57": {"write": {"device_start": -1, "host_queued_start": 1585500363.690301, "device_queued": -1, "device_end": -1, "host_queued_end": 1585500363.704327}, "device": "gpu", "nd_range": {"device_start": 1585500300.791583, "device_end": 1585500300.791609}, "cmdq": 1, "read": {"device_start": -1, "device_end": -1}}, "empty26": {"write": {"device_start": 1585500300.7807245, "host_queued_start": 1585500363.662199, "device_queued": 1585500300.7805717, "device_end": 1585500300.7807806, "host_queued_end": 1585500363.704327}, "device": "gpu", "nd_range": {"device_start": 1585500300.7807841, "device_end": 1585500300.7807968}, "cmdq": 1, "read": {"device_start": -1, "device_end": -1}}, "coalesced_transpose12": {"write": {"device_start": -1, "host_queued_start": 1585500363.688773, "device_queued": -1, "device_end": -1, "host_queued_end": 1585500363.704327}, "device": "gpu", "nd_range": {"device_start": 1585500300.790204, "device_end": 1585500300.791559}, "cmdq": 0, "read": {"device_start": -1, "device_end": -1}}, "empty44": {"write": {"device_start": 1585500300.7809281, "host_queued_start": 1585500363.663907, "device_queued": 1585500300.7806227, "device_end": 1585500300.7809885, "host_queued_end": 1585500363.704327}, "device": "gpu", "nd_range": {"device_start": 1585500300.7809947, "device_end": 1585500300.7809994}, "cmdq": 3, "read": {"device_start": -1, "device_end": -1}}, "coalesced_transpose21": {"write": {"device_start": -1, "host_queued_start": 1585500363.689084, "device_queued": -1, "device_end": -1, "host_queued_end": 1585500363.704327}, "device": "gpu", "nd_range": {"device_start": 1585500300.790735, "device_end": 1585500300.7915726}, "cmdq": 1, "read": {"device_start": -1, "device_end": -1}}, "FFC_sans_bias36": {"write": {"device_start": 1585500300.784525, "host_queued_start": 1585500363.676975, "device_queued": 1585500300.7822814, "device_end": 1585500300.7845507, "host_queued_end": 1585500363.704327}, "device": "gpu", "nd_range": {"device_start": 1585500300.7845552, "device_end": 1585500300.7863896}, "cmdq": 0, "read": {"device_start": -1, "device_end": -1}}, "softmax14": {"write": {"device_start": -1, "host_queued_start": 1585500363.693116, "device_queued": -1, "device_end": -1, "host_queued_end": 1585500363.704327}, "device": "gpu", "nd_range": {"device_start": 1585500300.793669, "device_end": 1585500300.795583}, "cmdq": 2, "read": {"device_start": -1, "device_end": -1}}, "FFC_sans_bias13": {"write": {"device_start": -1, "host_queued_start": 1585500363.690928, "device_queued": -1, "device_end": -1, "host_queued_end": 1585500363.704327}, "device": "gpu", "nd_range": {"device_start": 1585500300.791697, "device_end": 1585500300.7932587}, "cmdq": 3, "read": {"device_start": -1, "device_end": -1}}, "empty8": {"write": {"device_start": -1, "host_queued_start": 1585500363.70616, "device_queued": -1, "device_end": -1, "host_queued_end": 1585500363.712758}, "device": "cpu", "nd_range": {"device_start": 2168137.902372496, "device_end": 2168137.902382954}, "cmdq": 0, "read": {"device_start": -1, "device_end": -1}}, "FFC_sans_bias42": {"write": {"device_start": -1, "host_queued_start": 1585500363.695916, "device_queued": -1, "device_end": -1, "host_queued_end": 1585500363.704327}, "device": "gpu", "nd_range": {"device_start": 1585500300.796, "device_end": 1585500300.7976232}, "cmdq": 0, "read": {"device_start": -1, "device_end": -1}}, "FFC_sans_bias43": {"write": {"device_start": 1585500300.798681, "host_queued_start": 1585500363.701094, "device_queued": 1585500300.7852144, "device_end": 1585500300.798707, "host_queued_end": 1585500363.704327}, "device": "gpu", "nd_range": {"device_start": 1585500300.7987201, "device_end": 1585500300.800558}, "cmdq": 3, "read": {"device_start": 1585500300.8005633, "device_end": 1585500300.8005857}}, "FFC_sans_bias40": {"write": {"device_start": -1, "host_queued_start": 1585500363.691899, "device_queued": -1, "device_end": -1, "host_queued_end": 1585500363.704327}, "device": "gpu", "nd_range": {"device_start": 1585500300.7917106, "device_end": 1585500300.7936575}, "cmdq": 2, "read": {"device_start": -1, "device_end": -1}}, "softmax32": {"write": {"device_start": -1, "host_queued_start": 1585500363.693634, "device_queued": -1, "device_end": -1, "host_queued_end": 1585500363.704327}, "device": "gpu", "nd_range": {"device_start": 1585500300.794235, "device_end": 1585500300.7955983}, "cmdq": 0, "read": {"device_start": -1, "device_end": -1}}, "FFC_sans_bias47": {"write": {"device_start": 1585500300.786927, "host_queued_start": 1585500363.682199, "device_queued": 1585500300.7827742, "device_end": 1585500300.7869527, "host_queued_end": 1585500363.704327}, "device": "gpu", "nd_range": {"device_start": 1585500300.786961, "device_end": 1585500300.788791}, "cmdq": 1, "read": {"device_start": -1, "device_end": -1}}, "FFC_sans_bias45": {"write": {"device_start": 1585500300.7859843, "host_queued_start": 1585500363.680117, "device_queued": 1585500300.782487, "device_end": 1585500300.7860105, "host_queued_end": 1585500363.704327}, "device": "gpu", "nd_range": {"device_start": 1585500300.7860148, "device_end": 1585500300.7878115}, "cmdq": 3, "read": {"device_start": -1, "device_end": -1}}, "softmax50": {"write": {"device_start": -1, "host_queued_start": 1585500363.694136, "device_queued": -1, "device_end": -1, "host_queued_end": 1585500363.704327}, "device": "gpu", "nd_range": {"device_start": 1585500300.7955933, "device_end": 1585500300.7959638}, "cmdq": 2, "read": {"device_start": -1, "device_end": -1}}, "FFC_sans_bias33": {"write": {"device_start": -1, "host_queued_start": 1585500363.695596, "device_queued": -1, "device_end": -1, "host_queued_end": 1585500363.704327}, "device": "gpu", "nd_range": {"device_start": 1585500300.7956316, "device_end": 1585500300.7966256}, "cmdq": 3, "read": {"device_start": -1, "device_end": -1}}, "FFC_sans_bias63": {"write": {"device_start": 1585500300.7898674, "host_queued_start": 1585500363.688448, "device_queued": 1585500300.783368, "device_end": 1585500300.7898936, "host_queued_end": 1585500363.704327}, "device": "gpu", "nd_range": {"device_start": 1585500300.789899, "device_end": 1585500300.7916405}, "cmdq": 3, "read": {"device_start": -1, "device_end": -1}}, "FFC_sans_bias49": {"write": {"device_start": -1, "host_queued_start": 1585500363.692223, "device_queued": -1, "device_end": -1, "host_queued_end": 1585500363.704327}, "device": "gpu", "nd_range": {"device_start": 1585500300.79327, "device_end": 1585500300.7951243}, "cmdq": 3, "read": {"device_start": -1, "device_end": -1}}, "FFC_sans_bias64": {"write": {"device_start": 1585500300.7889097, "host_queued_start": 1585500363.686357, "device_queued": 1585500300.7832294, "device_end": 1585500300.7889376, "host_queued_end": 1585500363.704327}, "device": "gpu", "nd_range": {"device_start": 1585500300.788946, "device_end": 1585500300.7907326}, "cmdq": 1, "read": {"device_start": -1, "device_end": -1}}, "FFC_sans_bias65": {"write": {"device_start": 1585500300.7893064, "host_queued_start": 1585500363.687419, "device_queued": 1585500300.7833476, "device_end": 1585500300.7893333, "host_queued_end": 1585500363.704327}, "device": "gpu", "nd_range": {"device_start": 1585500300.7893412, "device_end": 1585500300.791188}, "cmdq": 2, "read": {"device_start": -1, "device_end": -1}}, "FFC_sans_bias67": {"write": {"device_start": -1, "host_queued_start": 1585500363.692864, "device_queued": -1, "device_end": -1, "host_queued_end": 1585500363.704327}, "device": "gpu", "nd_range": {"device_start": 1585500300.7926834, "device_end": 1585500300.7946491}, "cmdq": 1, "read": {"device_start": -1, "device_end": -1}}, "FFC_sans_bias24": {"write": {"device_start": -1, "host_queued_start": 1585500363.695279, "device_queued": -1, "device_end": -1, "host_queued_end": 1585500363.704327}, "device": "gpu", "nd_range": {"device_start": 1585500300.7959735, "device_end": 1585500300.797189}, "cmdq": 2, "read": {"device_start": -1, "device_end": -1}}, "FFC_sans_bias25": {"write": {"device_start": 1585500300.7982502, "host_queued_start": 1585500363.699022, "device_queued": 1585500300.7850423, "device_end": 1585500300.7982767, "host_queued_end": 1585500363.704327}, "device": "gpu", "nd_range": {"device_start": 1585500300.7982888, "device_end": 1585500300.8000684}, "cmdq": 1, "read": {"device_start": 1585500300.800072, "device_end": 1585500300.8000953}}, "FFC_sans_bias27": {"write": {"device_start": 1585500300.7831402, "host_queued_start": 1585500363.673835, "device_queued": 1585500300.781818, "device_end": 1585500300.7831707, "host_queued_end": 1585500363.704327}, "device": "gpu", "nd_range": {"device_start": 1585500300.783175, "device_end": 1585500300.7849107}, "cmdq": 1, "read": {"device_start": -1, "device_end": -1}}, "FFC_sans_bias20": {"write": {"device_start": 1585500300.7825632, "host_queued_start": 1585500363.6728, "device_queued": 1585500300.7817757, "device_end": 1585500300.7825925, "host_queued_end": 1585500363.704327}, "device": "gpu", "nd_range": {"device_start": 1585500300.782599, "device_end": 1585500300.7844174}, "cmdq": 0, "read": {"device_start": -1, "device_end": -1}}, "FFC_sans_bias22": {"write": {"device_start": -1, "host_queued_start": 1585500363.691244, "device_queued": -1, "device_end": -1, "host_queued_end": 1585500363.704327}, "device": "gpu", "nd_range": {"device_start": 1585500300.7916641, "device_end": 1585500300.7922728}, "cmdq": 0, "read": {"device_start": -1, "device_end": -1}}, "softmax68": {"write": {"device_start": -1, "host_queued_start": 1585500363.694649, "device_queued": -1, "device_end": -1, "host_queued_end": 1585500363.704327}, "device": "gpu", "nd_range": {"device_start": 1585500300.7956073, "device_end": 1585500300.7959907}, "cmdq": 0, "read": {"device_start": -1, "device_end": -1}}, "softmax5": {"write": {"device_start": -1, "host_queued_start": 1585500363.711174, "device_queued": -1, "device_end": -1, "host_queued_end": 1585500363.712758}, "device": "cpu", "nd_range": {"device_start": 2168137.919015035, "device_end": 2168137.919116985}, "cmdq": 0, "read": {"device_start": -1, "device_end": -1}}, "FFC_sans_bias28": {"write": {"device_start": 1585500300.783531, "host_queued_start": 1585500363.674897, "device_queued": 1585500300.781968, "device_end": 1585500300.7835565, "host_queued_end": 1585500363.704327}, "device": "gpu", "nd_range": {"device_start": 1585500300.7835596, "device_end": 1585500300.785399}, "cmdq": 2, "read": {"device_start": -1, "device_end": -1}}, "FFC_sans_bias29": {"write": {"device_start": 1585500300.7840648, "host_queued_start": 1585500363.675941, "device_queued": 1585500300.7819977, "device_end": 1585500300.7840912, "host_queued_end": 1585500363.704327}, "device": "gpu", "nd_range": {"device_start": 1585500300.784097, "device_end": 1585500300.7858694}, "cmdq": 3, "read": {"device_start": -1, "device_end": -1}}, "empty17": {"write": {"device_start": 1585500300.780604, "host_queued_start": 1585500363.66115, "device_queued": 1585500300.7804592, "device_end": 1585500300.780652, "host_queued_end": 1585500363.704327}, "device": "gpu", "nd_range": {"device_start": 1585500300.7806585, "device_end": 1585500300.7806711}, "cmdq": 0, "read": {"device_start": -1, "device_end": -1}}, "softmax59": {"write": {"device_start": -1, "host_queued_start": 1585500363.694398, "device_queued": -1, "device_end": -1, "host_queued_end": 1585500363.704327}, "device": "gpu", "nd_range": {"device_start": 1585500300.795349, "device_end": 1585500300.7955523}, "cmdq": 3, "read": {"device_start": -1, "device_end": -1}}, "empty71": {"write": {"device_start": 1585500300.7812412, "host_queued_start": 1585500363.666376, "device_queued": 1585500300.7809947, "device_end": 1585500300.7813175, "host_queued_end": 1585500363.704327}, "device": "gpu", "nd_range": {"device_start": 1585500300.7813218, "device_end": 1585500300.7813263}, "cmdq": 2, "read": {"device_start": -1, "device_end": -1}}, "empty35": {"write": {"device_start": 1585500300.7808344, "host_queued_start": 1585500363.663067, "device_queued": 1585500300.7805924, "device_end": 1585500300.780902, "host_queued_end": 1585500363.704327}, "device": "gpu", "nd_range": {"device_start": 1585500300.780915, "device_end": 1585500300.7809193}, "cmdq": 2, "read": {"device_start": -1, "device_end": -1}}, "empty53": {"write": {"device_start": 1585500300.7810338, "host_queued_start": 1585500363.664747, "device_queued": 1585500300.7809145, "device_end": 1585500300.7810996, "host_queued_end": 1585500363.704327}, "device": "gpu", "nd_range": {"device_start": 1585500300.781105, "device_end": 1585500300.7811193}, "cmdq": 0, "read": {"device_start": -1, "device_end": -1}}, "FFC_sans_bias46": {"write": {"device_start": 1585500300.7864935, "host_queued_start": 1585500363.681164, "device_queued": 1585500300.7827299, "device_end": 1585500300.78652, "host_queued_end": 1585500363.704327}, "device": "gpu", "nd_range": {"device_start": 1585500300.786524, "device_end": 1585500300.788285}, "cmdq": 0, "read": {"device_start": -1, "device_end": -1}}, "coalesced_transpose66": {"write": {"device_start": -1, "host_queued_start": 1585500363.690608, "device_queued": -1, "device_end": -1, "host_queued_end": 1585500363.704327}, "device": "gpu", "nd_range": {"device_start": 1585500300.7915998, "device_end": 1585500300.7916207}, "cmdq": 2, "read": {"device_start": -1, "device_end": -1}}, "coalesced_transpose48": {"write": {"device_start": -1, "host_queued_start": 1585500363.689995, "device_queued": -1, "device_end": -1, "host_queued_end": 1585500363.704327}, "device": "gpu", "nd_range": {"device_start": 1585500300.7915602, "device_end": 1585500300.791604}, "cmdq": 0, "read": {"device_start": -1, "device_end": -1}}}