{"FFC_sans_bias60": {"write": {"device_start": -1, "host_queued_start": 1585500276.702665, "device_queued": -1, "device_end": -1, "host_queued_end": 1585500276.70512}, "device": "gpu", "nd_range": {"device_start": 1585500213.7881315, "device_end": 1585500213.7887416}, "cmdq": 2, "read": {"device_start": -1, "device_end": -1}}, "FFC_sans_bias4": {"write": {"device_start": -1, "host_queued_start": 1585500276.732395, "device_queued": -1, "device_end": -1, "host_queued_end": 1585500276.743918}, "device": "cpu", "nd_range": {"device_start": 2168051.0320459954, "device_end": 2168051.048624774}, "cmdq": 0, "read": {"device_start": -1, "device_end": -1}}, "FFC_sans_bias7": {"write": {"device_start": -1, "host_queued_start": 1585500276.738918, "device_queued": -1, "device_end": -1, "host_queued_end": 1585500276.743918}, "device": "cpu", "nd_range": {"device_start": 2168051.0821385803, "device_end": 2168051.0876660673}, "cmdq": 0, "read": {"device_start": -1, "device_end": -1}}, "FFC_sans_bias6": {"write": {"device_start": -1, "host_queued_start": 1585500276.736156, "device_queued": -1, "device_end": -1, "host_queued_end": 1585500276.743918}, "device": "cpu", "nd_range": {"device_start": 2168051.065304804, "device_end": 2168051.0707759843}, "cmdq": 0, "read": {"device_start": -1, "device_end": -1}}, "FFC_sans_bias1": {"write": {"device_start": -1, "host_queued_start": 1585500276.713122, "device_queued": -1, "device_end": -1, "host_queued_end": 1585500276.743918}, "device": "cpu", "nd_range": {"device_start": 2168050.933562111, "device_end": 2168050.94156316}, "cmdq": 1, "read": {"device_start": -1, "device_end": -1}}, "FFC_sans_bias0": {"write": {"device_start": -1, "host_queued_start": 1585500276.712044, "device_queued": -1, "device_end": -1, "host_queued_end": 1585500276.743918}, "device": "cpu", "nd_range": {"device_start": 2168050.933562327, "device_end": 2168050.945243875}, "cmdq": 0, "read": {"device_start": -1, "device_end": -1}}, "FFC_sans_bias2": {"write": {"device_start": -1, "host_queued_start": 1585500276.714185, "device_queued": -1, "device_end": -1, "host_queued_end": 1585500276.743918}, "device": "cpu", "nd_range": {"device_start": 2168050.9335933863, "device_end": 2168050.94972006}, "cmdq": 2, "read": {"device_start": -1, "device_end": -1}}, "FFC_sans_bias61": {"write": {"device_start": 1585500213.7882333, "host_queued_start": 1585500276.703981, "device_queued": 1585500213.7848418, "device_end": 1585500213.7882636, "host_queued_end": 1585500276.70512}, "device": "gpu", "nd_range": {"device_start": 1585500213.7887566, "device_end": 1585500213.789758}, "cmdq": 1, "read": {"device_start": 1585500213.7897606, "device_end": 1585500213.7897847}}, "FFC_sans_bias52": {"write": {"device_start": -1, "host_queued_start": 1585500276.743873, "device_queued": -1, "device_end": -1, "host_queued_end": 1585500276.743918}, "device": "cpu", "nd_range": {"device_start": 2168051.07628944, "device_end": 2168051.084487333}, "cmdq": 2, "read": {"device_start": -1, "device_end": -1}}, "FFC_sans_bias9": {"write": {"device_start": -1, "host_queued_start": 1585500276.715258, "device_queued": -1, "device_end": -1, "host_queued_end": 1585500276.743918}, "device": "cpu", "nd_range": {"device_start": 2168050.9453579793, "device_end": 2168050.958209644}, "cmdq": 0, "read": {"device_start": -1, "device_end": -1}}, "coalesced_transpose39": {"write": {"device_start": -1, "host_queued_start": 1585500276.731631, "device_queued": -1, "device_end": -1, "host_queued_end": 1585500276.743918}, "device": "cpu", "nd_range": {"device_start": 2168051.007152543, "device_end": 2168051.007537817}, "cmdq": 1, "read": {"device_start": -1, "device_end": -1}}, "FFC_sans_bias55": {"write": {"device_start": 1585500213.7841537, "host_queued_start": 1585500276.697263, "device_queued": 1585500213.7840044, "device_end": 1585500213.7841907, "host_queued_end": 1585500276.70512}, "device": "gpu", "nd_range": {"device_start": 1585500213.784194, "device_end": 1585500213.7855148}, "cmdq": 1, "read": {"device_start": -1, "device_end": -1}}, "FFC_sans_bias54": {"write": {"device_start": 1585500213.7840571, "host_queued_start": 1585500276.696233, "device_queued": 1585500213.7839553, "device_end": 1585500213.7841332, "host_queued_end": 1585500276.70512}, "device": "gpu", "nd_range": {"device_start": 1585500213.784139, "device_end": 1585500213.7849534}, "cmdq": 0, "read": {"device_start": -1, "device_end": -1}}, "FFC_sans_bias56": {"write": {"device_start": 1585500213.78391, "host_queued_start": 1585500276.695158, "device_queued": 1585500213.7836998, "device_end": 1585500213.7839348, "host_queued_end": 1585500276.70512}, "device": "gpu", "nd_range": {"device_start": 1585500213.7839377, "device_end": 1585500213.7845457}, "cmdq": 2, "read": {"device_start": -1, "device_end": -1}}, "FFC_sans_bias51": {"write": {"device_start": -1, "host_queued_start": 1585500276.737864, "device_queued": -1, "device_end": -1, "host_queued_end": 1585500276.743918}, "device": "cpu", "nd_range": {"device_start": 2168051.053681007, "device_end": 2168051.069135589}, "cmdq": 2, "read": {"device_start": -1, "device_end": -1}}, "softmax23": {"write": {"device_start": -1, "host_queued_start": 1585500276.734951, "device_queued": -1, "device_end": -1, "host_queued_end": 1585500276.743918}, "device": "cpu", "nd_range": {"device_start": 2168051.035794735, "device_end": 2168051.0360122803}, "cmdq": 2, "read": {"device_start": -1, "device_end": -1}}, "FFC_sans_bias37": {"write": {"device_start": -1, "host_queued_start": 1585500276.725751, "device_queued": -1, "device_end": -1, "host_queued_end": 1585500276.743918}, "device": "cpu", "nd_range": {"device_start": 2168050.9804981533, "device_end": 2168050.994796344}, "cmdq": 1, "read": {"device_start": -1, "device_end": -1}}, "empty62": {"write": {"device_start": 1585500213.7837124, "host_queued_start": 1585500276.69309, "device_queued": 1585500213.7835858, "device_end": 1585500213.783775, "host_queued_end": 1585500276.70512}, "device": "gpu", "nd_range": {"device_start": 1585500213.783782, "device_end": 1585500213.7837873}, "cmdq": 0, "read": {"device_start": -1, "device_end": -1}}, "FFC_sans_bias70": {"write": {"device_start": 1585500213.7888756, "host_queued_start": 1585500276.705022, "device_queued": 1585500213.7848127, "device_end": 1585500213.7889066, "host_queued_end": 1585500276.70512}, "device": "gpu", "nd_range": {"device_start": 1585500213.7893598, "device_end": 1585500213.7902365}, "cmdq": 2, "read": {"device_start": 1585500213.7902448, "device_end": 1585500213.790268}}, "FFC_sans_bias58": {"write": {"device_start": -1, "host_queued_start": 1585500276.701516, "device_queued": -1, "device_end": -1, "host_queued_end": 1585500276.70512}, "device": "gpu", "nd_range": {"device_start": 1585500213.7869148, "device_end": 1585500213.7875202}, "cmdq": 1, "read": {"device_start": -1, "device_end": -1}}, "softmax41": {"write": {"device_start": -1, "host_queued_start": 1585500276.735507, "device_queued": -1, "device_end": -1, "host_queued_end": 1585500276.743918}, "device": "cpu", "nd_range": {"device_start": 2168051.024999939, "device_end": 2168051.0252060173}, "cmdq": 1, "read": {"device_start": -1, "device_end": -1}}, "FFC_sans_bias11": {"write": {"device_start": -1, "host_queued_start": 1585500276.717351, "device_queued": -1, "device_end": -1, "host_queued_end": 1585500276.743918}, "device": "cpu", "nd_range": {"device_start": 2168050.9498395603, "device_end": 2168050.9610036863}, "cmdq": 2, "read": {"device_start": -1, "device_end": -1}}, "FFC_sans_bias10": {"write": {"device_start": -1, "host_queued_start": 1585500276.716298, "device_queued": -1, "device_end": -1, "host_queued_end": 1585500276.743918}, "device": "cpu", "nd_range": {"device_start": 2168050.941682945, "device_end": 2168050.956691074}, "cmdq": 1, "read": {"device_start": -1, "device_end": -1}}, "coalesced_transpose3": {"write": {"device_start": -1, "host_queued_start": 1585500276.730307, "device_queued": -1, "device_end": -1, "host_queued_end": 1585500276.743918}, "device": "cpu", "nd_range": {"device_start": 2168051.0308085973, "device_end": 2168051.031059327}, "cmdq": 0, "read": {"device_start": -1, "device_end": -1}}, "FFC_sans_bias34": {"write": {"device_start": -1, "host_queued_start": 1585500276.741888, "device_queued": -1, "device_end": -1, "host_queued_end": 1585500276.743918}, "device": "cpu", "nd_range": {"device_start": 2168051.087669134, "device_end": 2168051.091477999}, "cmdq": 0, "read": {"device_start": -1, "device_end": -1}}, "FFC_sans_bias15": {"write": {"device_start": -1, "host_queued_start": 1585500276.736495, "device_queued": -1, "device_end": -1, "host_queued_end": 1585500276.743918}, "device": "cpu", "nd_range": {"device_start": 2168051.025312814, "device_end": 2168051.0369768552}, "cmdq": 1, "read": {"device_start": -1, "device_end": -1}}, "FFC_sans_bias31": {"write": {"device_start": -1, "host_queued_start": 1585500276.733419, "device_queued": -1, "device_end": -1, "host_queued_end": 1585500276.743918}, "device": "cpu", "nd_range": {"device_start": 2168051.0486336793, "device_end": 2168051.064294747}, "cmdq": 0, "read": {"device_start": -1, "device_end": -1}}, "FFC_sans_bias16": {"write": {"device_start": -1, "host_queued_start": 1585500276.739908, "device_queued": -1, "device_end": -1, "host_queued_end": 1585500276.743918}, "device": "cpu", "nd_range": {"device_start": 2168051.048147072, "device_end": 2168051.057663552}, "cmdq": 1, "read": {"device_start": -1, "device_end": -1}}, "FFC_sans_bias19": {"write": {"device_start": -1, "host_queued_start": 1585500276.719431, "device_queued": -1, "device_end": -1, "host_queued_end": 1585500276.743918}, "device": "cpu", "nd_range": {"device_start": 2168050.956808138, "device_end": 2168050.969008687}, "cmdq": 1, "read": {"device_start": -1, "device_end": -1}}, "FFC_sans_bias18": {"write": {"device_start": -1, "host_queued_start": 1585500276.718386, "device_queued": -1, "device_end": -1, "host_queued_end": 1585500276.743918}, "device": "cpu", "nd_range": {"device_start": 2168050.958354163, "device_end": 2168050.9672259563}, "cmdq": 0, "read": {"device_start": -1, "device_end": -1}}, "coalesced_transpose30": {"write": {"device_start": -1, "host_queued_start": 1585500276.731308, "device_queued": -1, "device_end": -1, "host_queued_end": 1585500276.743918}, "device": "cpu", "nd_range": {"device_start": 2168051.0314300493, "device_end": 2168051.031678888}, "cmdq": 0, "read": {"device_start": -1, "device_end": -1}}, "FFC_sans_bias69": {"write": {"device_start": -1, "host_queued_start": 1585500276.70298, "device_queued": -1, "device_end": -1, "host_queued_end": 1585500276.70512}, "device": "gpu", "nd_range": {"device_start": 1585500213.7887454, "device_end": 1585500213.789355}, "cmdq": 0, "read": {"device_start": -1, "device_end": -1}}, "FFC_sans_bias38": {"write": {"device_start": -1, "host_queued_start": 1585500276.726847, "device_queued": -1, "device_end": -1, "host_queued_end": 1585500276.743918}, "device": "cpu", "nd_range": {"device_start": 2168050.983566419, "device_end": 2168050.995842269}, "cmdq": 2, "read": {"device_start": -1, "device_end": -1}}, "coalesced_transpose57": {"write": {"device_start": -1, "host_queued_start": 1585500276.700732, "device_queued": -1, "device_end": -1, "host_queued_end": 1585500276.70512}, "device": "gpu", "nd_range": {"device_start": 1585500213.7859504, "device_end": 1585500213.7867773}, "cmdq": 2, "read": {"device_start": -1, "device_end": -1}}, "empty26": {"write": {"device_start": -1, "host_queued_start": 1585500276.708475, "device_queued": -1, "device_end": -1, "host_queued_end": 1585500276.743918}, "device": "cpu", "nd_range": {"device_start": 2168050.9335621903, "device_end": 2168050.933566451}, "cmdq": 2, "read": {"device_start": -1, "device_end": -1}}, "coalesced_transpose12": {"write": {"device_start": -1, "host_queued_start": 1585500276.730649, "device_queued": -1, "device_end": -1, "host_queued_end": 1585500276.743918}, "device": "cpu", "nd_range": {"device_start": 2168051.00687773, "device_end": 2168051.0071266303}, "cmdq": 1, "read": {"device_start": -1, "device_end": -1}}, "empty44": {"write": {"device_start": -1, "host_queued_start": 1585500276.710114, "device_queued": -1, "device_end": -1, "host_queued_end": 1585500276.743918}, "device": "cpu", "nd_range": {"device_start": 2168050.933555975, "device_end": 2168050.9335568603}, "cmdq": 1, "read": {"device_start": -1, "device_end": -1}}, "coalesced_transpose21": {"write": {"device_start": -1, "host_queued_start": 1585500276.730977, "device_queued": -1, "device_end": -1, "host_queued_end": 1585500276.743918}, "device": "cpu", "nd_range": {"device_start": 2168051.009081202, "device_end": 2168051.009329664}, "cmdq": 2, "read": {"device_start": -1, "device_end": -1}}, "FFC_sans_bias36": {"write": {"device_start": -1, "host_queued_start": 1585500276.724693, "device_queued": -1, "device_end": -1, "host_queued_end": 1585500276.743918}, "device": "cpu", "nd_range": {"device_start": 2168050.99350071, "device_end": 2168051.007114884}, "cmdq": 0, "read": {"device_start": -1, "device_end": -1}}, "softmax14": {"write": {"device_start": -1, "host_queued_start": 1585500276.734679, "device_queued": -1, "device_end": -1, "host_queued_end": 1585500276.743918}, "device": "cpu", "nd_range": {"device_start": 2168051.0246691993, "device_end": 2168051.0248897723}, "cmdq": 1, "read": {"device_start": -1, "device_end": -1}}, "FFC_sans_bias13": {"write": {"device_start": -1, "host_queued_start": 1585500276.732736, "device_queued": -1, "device_end": -1, "host_queued_end": 1585500276.743918}, "device": "cpu", "nd_range": {"device_start": 2168051.007641892, "device_end": 2168051.016325803}, "cmdq": 1, "read": {"device_start": -1, "device_end": -1}}, "empty8": {"write": {"device_start": -1, "host_queued_start": 1585500276.706468, "device_queued": -1, "device_end": -1, "host_queued_end": 1585500276.743918}, "device": "cpu", "nd_range": {"device_start": 2168050.933518502, "device_end": 2168050.933532713}, "cmdq": 0, "read": {"device_start": -1, "device_end": -1}}, "FFC_sans_bias42": {"write": {"device_start": -1, "host_queued_start": 1585500276.737521, "device_queued": -1, "device_end": -1, "host_queued_end": 1585500276.743918}, "device": "cpu", "nd_range": {"device_start": 2168051.03709485, "device_end": 2168051.048139194}, "cmdq": 1, "read": {"device_start": -1, "device_end": -1}}, "FFC_sans_bias43": {"write": {"device_start": -1, "host_queued_start": 1585500276.742882, "device_queued": -1, "device_end": -1, "host_queued_end": 1585500276.743918}, "device": "cpu", "nd_range": {"device_start": 2168051.0576675492, "device_end": 2168051.066246464}, "cmdq": 1, "read": {"device_start": -1, "device_end": -1}}, "FFC_sans_bias40": {"write": {"device_start": -1, "host_queued_start": 1585500276.733758, "device_queued": -1, "device_end": -1, "host_queued_end": 1585500276.743918}, "device": "cpu", "nd_range": {"device_start": 2168051.016442901, "device_end": 2168051.024556608}, "cmdq": 1, "read": {"device_start": -1, "device_end": -1}}, "softmax32": {"write": {"device_start": -1, "host_queued_start": 1585500276.735221, "device_queued": -1, "device_end": -1, "host_queued_end": 1585500276.743918}, "device": "cpu", "nd_range": {"device_start": 2168051.0648960304, "device_end": 2168051.065299755}, "cmdq": 0, "read": {"device_start": -1, "device_end": -1}}, "FFC_sans_bias47": {"write": {"device_start": -1, "host_queued_start": 1585500276.729978, "device_queued": -1, "device_end": -1, "host_queued_end": 1585500276.743918}, "device": "cpu", "nd_range": {"device_start": 2168050.9959594253, "device_end": 2168051.008966227}, "cmdq": 2, "read": {"device_start": -1, "device_end": -1}}, "FFC_sans_bias45": {"write": {"device_start": -1, "host_queued_start": 1585500276.727887, "device_queued": -1, "device_end": -1, "host_queued_end": 1585500276.743918}, "device": "cpu", "nd_range": {"device_start": 2168051.007869488, "device_end": 2168051.027416326}, "cmdq": 0, "read": {"device_start": -1, "device_end": -1}}, "softmax50": {"write": {"device_start": -1, "host_queued_start": 1585500276.7358, "device_queued": -1, "device_end": -1, "host_queued_end": 1585500276.743918}, "device": "cpu", "nd_range": {"device_start": 2168051.036120262, "device_end": 2168051.0363278952}, "cmdq": 2, "read": {"device_start": -1, "device_end": -1}}, "FFC_sans_bias33": {"write": {"device_start": -1, "host_queued_start": 1585500276.737175, "device_queued": -1, "device_end": -1, "host_queued_end": 1585500276.743918}, "device": "cpu", "nd_range": {"device_start": 2168051.0707840053, "device_end": 2168051.0821330203}, "cmdq": 0, "read": {"device_start": -1, "device_end": -1}}, "FFC_sans_bias63": {"write": {"device_start": 1585500213.7856302, "host_queued_start": 1585500276.700408, "device_queued": 1585500213.7843554, "device_end": 1585500213.7856681, "host_queued_end": 1585500276.70512}, "device": "gpu", "nd_range": {"device_start": 1585500213.7856727, "device_end": 1585500213.78691}, "cmdq": 1, "read": {"device_start": -1, "device_end": -1}}, "FFC_sans_bias49": {"write": {"device_start": -1, "host_queued_start": 1585500276.734118, "device_queued": -1, "device_end": -1, "host_queued_end": 1585500276.743918}, "device": "cpu", "nd_range": {"device_start": 2168051.025467561, "device_end": 2168051.035676951}, "cmdq": 2, "read": {"device_start": -1, "device_end": -1}}, "FFC_sans_bias64": {"write": {"device_start": 1585500213.7846675, "host_queued_start": 1585500276.698301, "device_queued": 1585500213.7840219, "device_end": 1585500213.784699, "host_queued_end": 1585500276.70512}, "device": "gpu", "nd_range": {"device_start": 1585500213.7847035, "device_end": 1585500213.785948}, "cmdq": 2, "read": {"device_start": -1, "device_end": -1}}, "FFC_sans_bias65": {"write": {"device_start": 1585500213.7850854, "host_queued_start": 1585500276.699379, "device_queued": 1585500213.7842147, "device_end": 1585500213.785111, "host_queued_end": 1585500276.70512}, "device": "gpu", "nd_range": {"device_start": 1585500213.7851202, "device_end": 1585500213.7864664}, "cmdq": 0, "read": {"device_start": -1, "device_end": -1}}, "FFC_sans_bias67": {"write": {"device_start": -1, "host_queued_start": 1585500276.701836, "device_queued": -1, "device_end": -1, "host_queued_end": 1585500276.70512}, "device": "gpu", "nd_range": {"device_start": 1585500213.7869215, "device_end": 1585500213.7879193}, "cmdq": 2, "read": {"device_start": -1, "device_end": -1}}, "FFC_sans_bias24": {"write": {"device_start": -1, "host_queued_start": 1585500276.736836, "device_queued": -1, "device_end": -1, "host_queued_end": 1585500276.743918}, "device": "cpu", "nd_range": {"device_start": 2168051.036435869, "device_end": 2168051.053567767}, "cmdq": 2, "read": {"device_start": -1, "device_end": -1}}, "FFC_sans_bias25": {"write": {"device_start": -1, "host_queued_start": 1585500276.740894, "device_queued": -1, "device_end": -1, "host_queued_end": 1585500276.743918}, "device": "cpu", "nd_range": {"device_start": 2168051.069247236, "device_end": 2168051.0762832873}, "cmdq": 2, "read": {"device_start": -1, "device_end": -1}}, "FFC_sans_bias27": {"write": {"device_start": -1, "host_queued_start": 1585500276.721524, "device_queued": -1, "device_end": -1, "host_queued_end": 1585500276.743918}, "device": "cpu", "nd_range": {"device_start": 2168050.9762220583, "device_end": 2168050.9925865983}, "cmdq": 0, "read": {"device_start": -1, "device_end": -1}}, "FFC_sans_bias20": {"write": {"device_start": -1, "host_queued_start": 1585500276.720483, "device_queued": -1, "device_end": -1, "host_queued_end": 1585500276.743918}, "device": "cpu", "nd_range": {"device_start": 2168050.96111935, "device_end": 2168050.972843627}, "cmdq": 2, "read": {"device_start": -1, "device_end": -1}}, "FFC_sans_bias22": {"write": {"device_start": -1, "host_queued_start": 1585500276.733081, "device_queued": -1, "device_end": -1, "host_queued_end": 1585500276.743918}, "device": "cpu", "nd_range": {"device_start": 2168051.0097805453, "device_end": 2168051.025349252}, "cmdq": 2, "read": {"device_start": -1, "device_end": -1}}, "softmax68": {"write": {"device_start": -1, "host_queued_start": 1585500276.70233, "device_queued": -1, "device_end": -1, "host_queued_end": 1585500276.70512}, "device": "gpu", "nd_range": {"device_start": 1585500213.7879293, "device_end": 1585500213.7881253}, "cmdq": 1, "read": {"device_start": -1, "device_end": -1}}, "softmax5": {"write": {"device_start": -1, "host_queued_start": 1585500276.7344, "device_queued": -1, "device_end": -1, "host_queued_end": 1585500276.743918}, "device": "cpu", "nd_range": {"device_start": 2168051.064301841, "device_end": 2168051.064891269}, "cmdq": 0, "read": {"device_start": -1, "device_end": -1}}, "FFC_sans_bias28": {"write": {"device_start": -1, "host_queued_start": 1585500276.722564, "device_queued": -1, "device_end": -1, "host_queued_end": 1585500276.743918}, "device": "cpu", "nd_range": {"device_start": 2168050.969127646, "device_end": 2168050.980382287}, "cmdq": 1, "read": {"device_start": -1, "device_end": -1}}, "FFC_sans_bias29": {"write": {"device_start": -1, "host_queued_start": 1585500276.723645, "device_queued": -1, "device_end": -1, "host_queued_end": 1585500276.743918}, "device": "cpu", "nd_range": {"device_start": 2168050.9729619133, "device_end": 2168050.9834470893}, "cmdq": 2, "read": {"device_start": -1, "device_end": -1}}, "empty17": {"write": {"device_start": -1, "host_queued_start": 1585500276.707566, "device_queued": -1, "device_end": -1, "host_queued_end": 1585500276.743918}, "device": "cpu", "nd_range": {"device_start": 2168050.933522024, "device_end": 2168050.9335327693}, "cmdq": 1, "read": {"device_start": -1, "device_end": -1}}, "softmax59": {"write": {"device_start": -1, "host_queued_start": 1585500276.702087, "device_queued": -1, "device_end": -1, "host_queued_end": 1585500276.70512}, "device": "gpu", "nd_range": {"device_start": 1585500213.787925, "device_end": 1585500213.7881172}, "cmdq": 0, "read": {"device_start": -1, "device_end": -1}}, "empty71": {"write": {"device_start": 1585500213.7838166, "host_queued_start": 1585500276.694134, "device_queued": 1585500213.7836802, "device_end": 1585500213.783886, "host_queued_end": 1585500276.70512}, "device": "gpu", "nd_range": {"device_start": 1585500213.7838922, "device_end": 1585500213.783897}, "cmdq": 1, "read": {"device_start": -1, "device_end": -1}}, "empty35": {"write": {"device_start": -1, "host_queued_start": 1585500276.709313, "device_queued": -1, "device_end": -1, "host_queued_end": 1585500276.743918}, "device": "cpu", "nd_range": {"device_start": 2168050.933554963, "device_end": 2168050.933555981}, "cmdq": 0, "read": {"device_start": -1, "device_end": -1}}, "empty53": {"write": {"device_start": -1, "host_queued_start": 1585500276.711034, "device_queued": -1, "device_end": -1, "host_queued_end": 1585500276.743918}, "device": "cpu", "nd_range": {"device_start": 2168050.933585632, "device_end": 2168050.933586772}, "cmdq": 2, "read": {"device_start": -1, "device_end": -1}}, "FFC_sans_bias46": {"write": {"device_start": -1, "host_queued_start": 1585500276.728931, "device_queued": -1, "device_end": -1, "host_queued_end": 1585500276.743918}, "device": "cpu", "nd_range": {"device_start": 2168050.994909102, "device_end": 2168051.006754495}, "cmdq": 1, "read": {"device_start": -1, "device_end": -1}}, "coalesced_transpose66": {"write": {"device_start": -1, "host_queued_start": 1585500276.701028, "device_queued": -1, "device_end": -1, "host_queued_end": 1585500276.70512}, "device": "gpu", "nd_range": {"device_start": 1585500213.7864702, "device_end": 1585500213.7867928}, "cmdq": 0, "read": {"device_start": -1, "device_end": -1}}, "coalesced_transpose48": {"write": {"device_start": -1, "host_queued_start": 1585500276.732048, "device_queued": -1, "device_end": -1, "host_queued_end": 1585500276.743918}, "device": "cpu", "nd_range": {"device_start": 2168051.0094380924, "device_end": 2168051.009673843}, "cmdq": 2, "read": {"device_start": -1, "device_end": -1}}}