{"FFC_sans_bias60": {"write": {"device_start": -1, "host_queued_start": 1585500397.059747, "device_queued": -1, "device_end": -1, "host_queued_end": 1585500397.06433}, "device": "gpu", "nd_range": {"device_start": 1585500334.1483004, "device_end": 1585500334.1495667}, "cmdq": 2, "read": {"device_start": -1, "device_end": -1}}, "FFC_sans_bias4": {"write": {"device_start": -1, "host_queued_start": 1585500397.083915, "device_queued": -1, "device_end": -1, "host_queued_end": 1585500397.091666}, "device": "cpu", "nd_range": {"device_start": 2168171.339740872, "device_end": 2168171.3464149283}, "cmdq": 2, "read": {"device_start": -1, "device_end": -1}}, "FFC_sans_bias7": {"write": {"device_start": -1, "host_queued_start": 1585500397.088586, "device_queued": -1, "device_end": -1, "host_queued_end": 1585500397.091666}, "device": "cpu", "nd_range": {"device_start": 2168171.373706548, "device_end": 2168171.382753847}, "cmdq": 2, "read": {"device_start": -1, "device_end": -1}}, "FFC_sans_bias6": {"write": {"device_start": -1, "host_queued_start": 1585500397.086446, "device_queued": -1, "device_end": -1, "host_queued_end": 1585500397.091666}, "device": "cpu", "nd_range": {"device_start": 2168171.357811191, "device_end": 2168171.371657661}, "cmdq": 1, "read": {"device_start": -1, "device_end": -1}}, "FFC_sans_bias1": {"write": {"device_start": -1, "host_queued_start": 1585500397.071132, "device_queued": -1, "device_end": -1, "host_queued_end": 1585500397.091666}, "device": "cpu", "nd_range": {"device_start": 2168171.281327744, "device_end": 2168171.293771087}, "cmdq": 2, "read": {"device_start": -1, "device_end": -1}}, "FFC_sans_bias0": {"write": {"device_start": -1, "host_queued_start": 1585500397.070065, "device_queued": -1, "device_end": -1, "host_queued_end": 1585500397.091666}, "device": "cpu", "nd_range": {"device_start": 2168171.281287917, "device_end": 2168171.289110259}, "cmdq": 1, "read": {"device_start": -1, "device_end": -1}}, "FFC_sans_bias2": {"write": {"device_start": -1, "host_queued_start": 1585500397.072178, "device_queued": -1, "device_end": -1, "host_queued_end": 1585500397.091666}, "device": "cpu", "nd_range": {"device_start": 2168171.281299156, "device_end": 2168171.295441999}, "cmdq": 0, "read": {"device_start": -1, "device_end": -1}}, "FFC_sans_bias61": {"write": {"device_start": 1585500334.1497042, "host_queued_start": 1585500397.063196, "device_queued": 1585500334.142371, "device_end": 1585500334.149735, "host_queued_end": 1585500397.06433}, "device": "gpu", "nd_range": {"device_start": 1585500334.1497386, "device_end": 1585500334.1514676}, "cmdq": 2, "read": {"device_start": 1585500334.1514719, "device_end": 1585500334.1514952}}, "FFC_sans_bias52": {"write": {"device_start": 1585500334.1491652, "host_queued_start": 1585500397.062123, "device_queued": 1585500334.1423526, "device_end": 1585500334.1491964, "host_queued_end": 1585500397.06433}, "device": "gpu", "nd_range": {"device_start": 1585500334.1492076, "device_end": 1585500334.1505256}, "cmdq": 1, "read": {"device_start": 1585500334.1505296, "device_end": 1585500334.1505537}}, "FFC_sans_bias9": {"write": {"device_start": -1, "host_queued_start": 1585500397.073219, "device_queued": -1, "device_end": -1, "host_queued_end": 1585500397.091666}, "device": "cpu", "nd_range": {"device_start": 2168171.289236842, "device_end": 2168171.306688568}, "cmdq": 1, "read": {"device_start": -1, "device_end": -1}}, "coalesced_transpose39": {"write": {"device_start": -1, "host_queued_start": 1585500397.055533, "device_queued": -1, "device_end": -1, "host_queued_end": 1585500397.06433}, "device": "gpu", "nd_range": {"device_start": 1585500334.1446705, "device_end": 1585500334.1460109}, "cmdq": 0, "read": {"device_start": -1, "device_end": -1}}, "FFC_sans_bias55": {"write": {"device_start": 1585500334.1429193, "host_queued_start": 1585500397.052067, "device_queued": 1585500334.1410177, "device_end": 1585500334.1429517, "host_queued_end": 1585500397.06433}, "device": "gpu", "nd_range": {"device_start": 1585500334.1429548, "device_end": 1585500334.1446695}, "cmdq": 0, "read": {"device_start": -1, "device_end": -1}}, "FFC_sans_bias54": {"write": {"device_start": 1585500334.142398, "host_queued_start": 1585500397.051032, "device_queued": 1585500334.140811, "device_end": 1585500334.1424308, "host_queued_end": 1585500397.06433}, "device": "gpu", "nd_range": {"device_start": 1585500334.1424377, "device_end": 1585500334.1442137}, "cmdq": 3, "read": {"device_start": -1, "device_end": -1}}, "FFC_sans_bias56": {"write": {"device_start": 1585500334.1419594, "host_queued_start": 1585500397.049938, "device_queued": 1585500334.1406815, "device_end": 1585500334.141991, "host_queued_end": 1585500397.06433}, "device": "gpu", "nd_range": {"device_start": 1585500334.1419966, "device_end": 1585500334.1437201}, "cmdq": 2, "read": {"device_start": -1, "device_end": -1}}, "FFC_sans_bias51": {"write": {"device_start": -1, "host_queued_start": 1585500397.059411, "device_queued": -1, "device_end": -1, "host_queued_end": 1585500397.06433}, "device": "gpu", "nd_range": {"device_start": 1585500334.1478, "device_end": 1585500334.1490376}, "cmdq": 1, "read": {"device_start": -1, "device_end": -1}}, "softmax23": {"write": {"device_start": -1, "host_queued_start": 1585500397.085803, "device_queued": -1, "device_end": -1, "host_queued_end": 1585500397.091666}, "device": "cpu", "nd_range": {"device_start": 2168171.356401746, "device_end": 2168171.3565745563}, "cmdq": 2, "read": {"device_start": -1, "device_end": -1}}, "FFC_sans_bias37": {"write": {"device_start": 1585500334.1402812, "host_queued_start": 1585500397.044446, "device_queued": 1585500334.1401167, "device_end": 1585500334.140346, "host_queued_end": 1585500397.06433}, "device": "gpu", "nd_range": {"device_start": 1585500334.140424, "device_end": 1585500334.1412327}, "cmdq": 1, "read": {"device_start": -1, "device_end": -1}}, "empty62": {"write": {"device_start": 1585500334.1399138, "host_queued_start": 1585500397.041444, "device_queued": 1585500334.1397297, "device_end": 1585500334.139987, "host_queued_end": 1585500397.06433}, "device": "gpu", "nd_range": {"device_start": 1585500334.1399913, "device_end": 1585500334.1399958}, "cmdq": 2, "read": {"device_start": -1, "device_end": -1}}, "FFC_sans_bias70": {"write": {"device_start": 1585500334.1511269, "host_queued_start": 1585500397.06423, "device_queued": 1585500334.142551, "device_end": 1585500334.1511588, "host_queued_end": 1585500397.06433}, "device": "gpu", "nd_range": {"device_start": 1585500334.1511621, "device_end": 1585500334.1519172}, "cmdq": 3, "read": {"device_start": 1585500334.1519206, "device_end": 1585500334.1519434}}, "FFC_sans_bias58": {"write": {"device_start": -1, "host_queued_start": 1585500397.0574, "device_queued": -1, "device_end": -1, "host_queued_end": 1585500397.06433}, "device": "gpu", "nd_range": {"device_start": 1585500334.146029, "device_end": 1585500334.1476045}, "cmdq": 2, "read": {"device_start": -1, "device_end": -1}}, "softmax41": {"write": {"device_start": -1, "host_queued_start": 1585500397.057979, "device_queued": -1, "device_end": -1, "host_queued_end": 1585500397.06433}, "device": "gpu", "nd_range": {"device_start": 1585500334.1466205, "device_end": 1585500334.147794}, "cmdq": 0, "read": {"device_start": -1, "device_end": -1}}, "FFC_sans_bias11": {"write": {"device_start": -1, "host_queued_start": 1585500397.075612, "device_queued": -1, "device_end": -1, "host_queued_end": 1585500397.091666}, "device": "cpu", "nd_range": {"device_start": 2168171.295556187, "device_end": 2168171.305305825}, "cmdq": 0, "read": {"device_start": -1, "device_end": -1}}, "FFC_sans_bias10": {"write": {"device_start": -1, "host_queued_start": 1585500397.074381, "device_queued": -1, "device_end": -1, "host_queued_end": 1585500397.091666}, "device": "cpu", "nd_range": {"device_start": 2168171.2937791334, "device_end": 2168171.306349437}, "cmdq": 2, "read": {"device_start": -1, "device_end": -1}}, "coalesced_transpose3": {"write": {"device_start": -1, "host_queued_start": 1585500397.082467, "device_queued": -1, "device_end": -1, "host_queued_end": 1585500397.091666}, "device": "cpu", "nd_range": {"device_start": 2168171.338911007, "device_end": 2168171.339034656}, "cmdq": 1, "read": {"device_start": -1, "device_end": -1}}, "FFC_sans_bias34": {"write": {"device_start": -1, "host_queued_start": 1585500397.09162, "device_queued": -1, "device_end": -1, "host_queued_end": 1585500397.091666}, "device": "cpu", "nd_range": {"device_start": 2168171.383391216, "device_end": 2168171.391924228}, "cmdq": 2, "read": {"device_start": -1, "device_end": -1}}, "FFC_sans_bias15": {"write": {"device_start": -1, "host_queued_start": 1585500397.086811, "device_queued": -1, "device_end": -1, "host_queued_end": 1585500397.091666}, "device": "cpu", "nd_range": {"device_start": 2168171.358889523, "device_end": 2168171.3696332523}, "cmdq": 2, "read": {"device_start": -1, "device_end": -1}}, "FFC_sans_bias31": {"write": {"device_start": -1, "host_queued_start": 1585500397.084953, "device_queued": -1, "device_end": -1, "host_queued_end": 1585500397.091666}, "device": "cpu", "nd_range": {"device_start": 2168171.346559895, "device_end": 2168171.3530114223}, "cmdq": 2, "read": {"device_start": -1, "device_end": -1}}, "FFC_sans_bias16": {"write": {"device_start": -1, "host_queued_start": 1585500397.089576, "device_queued": -1, "device_end": -1, "host_queued_end": 1585500397.091666}, "device": "cpu", "nd_range": {"device_start": 2168171.369688385, "device_end": 2168171.377329518}, "cmdq": 0, "read": {"device_start": -1, "device_end": -1}}, "FFC_sans_bias19": {"write": {"device_start": -1, "host_queued_start": 1585500397.077876, "device_queued": -1, "device_end": -1, "host_queued_end": 1585500397.091666}, "device": "cpu", "nd_range": {"device_start": 2168171.306481415, "device_end": 2168171.3213655152}, "cmdq": 2, "read": {"device_start": -1, "device_end": -1}}, "FFC_sans_bias18": {"write": {"device_start": -1, "host_queued_start": 1585500397.076756, "device_queued": -1, "device_end": -1, "host_queued_end": 1585500397.091666}, "device": "cpu", "nd_range": {"device_start": 2168171.306951885, "device_end": 2168171.3252420654}, "cmdq": 1, "read": {"device_start": -1, "device_end": -1}}, "coalesced_transpose30": {"write": {"device_start": -1, "host_queued_start": 1585500397.083572, "device_queued": -1, "device_end": -1, "host_queued_end": 1585500397.091666}, "device": "cpu", "nd_range": {"device_start": 2168171.339757035, "device_end": 2168171.340012434}, "cmdq": 1, "read": {"device_start": -1, "device_end": -1}}, "FFC_sans_bias69": {"write": {"device_start": -1, "host_queued_start": 1585500397.060064, "device_queued": -1, "device_end": -1, "host_queued_end": 1585500397.06433}, "device": "gpu", "nd_range": {"device_start": 1585500334.149232, "device_end": 1585500334.1509938}, "cmdq": 3, "read": {"device_start": -1, "device_end": -1}}, "FFC_sans_bias38": {"write": {"device_start": 1585500334.1403646, "host_queued_start": 1585500397.045511, "device_queued": 1585500334.1401432, "device_end": 1585500334.1404223, "host_queued_end": 1585500397.06433}, "device": "gpu", "nd_range": {"device_start": 1585500334.1404495, "device_end": 1585500334.1418126}, "cmdq": 2, "read": {"device_start": -1, "device_end": -1}}, "coalesced_transpose57": {"write": {"device_start": -1, "host_queued_start": 1585500397.056137, "device_queued": -1, "device_end": -1, "host_queued_end": 1585500397.06433}, "device": "gpu", "nd_range": {"device_start": 1585500334.1456451, "device_end": 1585500334.1460276}, "cmdq": 2, "read": {"device_start": -1, "device_end": -1}}, "empty26": {"write": {"device_start": -1, "host_queued_start": 1585500397.06795, "device_queued": -1, "device_end": -1, "host_queued_end": 1585500397.091666}, "device": "cpu", "nd_range": {"device_start": 2168171.281305766, "device_end": 2168171.281310962}, "cmdq": 2, "read": {"device_start": -1, "device_end": -1}}, "coalesced_transpose12": {"write": {"device_start": -1, "host_queued_start": 1585500397.082907, "device_queued": -1, "device_end": -1, "host_queued_end": 1585500397.091666}, "device": "cpu", "nd_range": {"device_start": 2168171.330223013, "device_end": 2168171.330475529}, "cmdq": 2, "read": {"device_start": -1, "device_end": -1}}, "empty44": {"write": {"device_start": 1585500334.1396878, "host_queued_start": 1585500397.039447, "device_queued": 1585500334.139544, "device_end": 1585500334.1397216, "host_queued_end": 1585500397.06433}, "device": "gpu", "nd_range": {"device_start": 1585500334.1397328, "device_end": 1585500334.1397378}, "cmdq": 0, "read": {"device_start": -1, "device_end": -1}}, "coalesced_transpose21": {"write": {"device_start": -1, "host_queued_start": 1585500397.083244, "device_queued": -1, "device_end": -1, "host_queued_end": 1585500397.091666}, "device": "cpu", "nd_range": {"device_start": 2168171.3252971834, "device_end": 2168171.325658758}, "cmdq": 0, "read": {"device_start": -1, "device_end": -1}}, "FFC_sans_bias36": {"write": {"device_start": 1585500334.1401563, "host_queued_start": 1585500397.043383, "device_queued": 1585500334.140057, "device_end": 1585500334.1402194, "host_queued_end": 1585500397.06433}, "device": "gpu", "nd_range": {"device_start": 1585500334.140223, "device_end": 1585500334.14083}, "cmdq": 0, "read": {"device_start": -1, "device_end": -1}}, "softmax14": {"write": {"device_start": -1, "host_queued_start": 1585500397.085529, "device_queued": -1, "device_end": -1, "host_queued_end": 1585500397.091666}, "device": "cpu", "nd_range": {"device_start": 2168171.356415133, "device_end": 2168171.3578036553}, "cmdq": 1, "read": {"device_start": -1, "device_end": -1}}, "FFC_sans_bias13": {"write": {"device_start": -1, "host_queued_start": 1585500397.084262, "device_queued": -1, "device_end": -1, "host_queued_end": 1585500397.091666}, "device": "cpu", "nd_range": {"device_start": 2168171.3310172963, "device_end": 2168171.337190086}, "cmdq": 0, "read": {"device_start": -1, "device_end": -1}}, "empty8": {"write": {"device_start": -1, "host_queued_start": 1585500397.065769, "device_queued": -1, "device_end": -1, "host_queued_end": 1585500397.091666}, "device": "cpu", "nd_range": {"device_start": 2168171.281260422, "device_end": 2168171.281268415}, "cmdq": 0, "read": {"device_start": -1, "device_end": -1}}, "FFC_sans_bias42": {"write": {"device_start": -1, "host_queued_start": 1585500397.059087, "device_queued": -1, "device_end": -1, "host_queued_end": 1585500397.06433}, "device": "gpu", "nd_range": {"device_start": 1585500334.147795, "device_end": 1585500334.1485972}, "cmdq": 0, "read": {"device_start": -1, "device_end": -1}}, "FFC_sans_bias43": {"write": {"device_start": 1585500334.1487508, "host_queued_start": 1585500397.061077, "device_queued": 1585500334.142286, "device_end": 1585500334.1487792, "host_queued_end": 1585500397.06433}, "device": "gpu", "nd_range": {"device_start": 1585500334.1487856, "device_end": 1585500334.150013}, "cmdq": 0, "read": {"device_start": 1585500334.1500173, "device_end": 1585500334.1500432}}, "FFC_sans_bias40": {"write": {"device_start": -1, "host_queued_start": 1585500397.056762, "device_queued": -1, "device_end": -1, "host_queued_end": 1585500397.06433}, "device": "gpu", "nd_range": {"device_start": 1585500334.146012, "device_end": 1585500334.1466196}, "cmdq": 0, "read": {"device_start": -1, "device_end": -1}}, "softmax32": {"write": {"device_start": -1, "host_queued_start": 1585500397.086093, "device_queued": -1, "device_end": -1, "host_queued_end": 1585500397.091666}, "device": "cpu", "nd_range": {"device_start": 2168171.353035433, "device_end": 2168171.353190051}, "cmdq": 0, "read": {"device_start": -1, "device_end": -1}}, "FFC_sans_bias47": {"write": {"device_start": 1585500334.141351, "host_queued_start": 1585500397.048874, "device_queued": 1585500334.14066, "device_end": 1585500334.1413817, "host_queued_end": 1585500397.06433}, "device": "gpu", "nd_range": {"device_start": 1585500334.141386, "device_end": 1585500334.1432207}, "cmdq": 1, "read": {"device_start": -1, "device_end": -1}}, "FFC_sans_bias45": {"write": {"device_start": 1585500334.140458, "host_queued_start": 1585500397.046563, "device_queued": 1585500334.140365, "device_end": 1585500334.1404827, "host_queued_end": 1585500397.06433}, "device": "gpu", "nd_range": {"device_start": 1585500334.1404924, "device_end": 1585500334.1422305}, "cmdq": 3, "read": {"device_start": -1, "device_end": -1}}, "softmax50": {"write": {"device_start": -1, "host_queued_start": 1585500397.058227, "device_queued": -1, "device_end": -1, "host_queued_end": 1585500397.06433}, "device": "gpu", "nd_range": {"device_start": 1585500334.1470885, "device_end": 1585500334.147798}, "cmdq": 1, "read": {"device_start": -1, "device_end": -1}}, "FFC_sans_bias33": {"write": {"device_start": -1, "host_queued_start": 1585500397.087498, "device_queued": -1, "device_end": -1, "host_queued_end": 1585500397.091666}, "device": "cpu", "nd_range": {"device_start": 2168171.371665446, "device_end": 2168171.383373786}, "cmdq": 1, "read": {"device_start": -1, "device_end": -1}}, "FFC_sans_bias63": {"write": {"device_start": 1585500334.1443152, "host_queued_start": 1585500397.055208, "device_queued": 1585500334.1412227, "device_end": 1585500334.1443417, "host_queued_end": 1585500397.06433}, "device": "gpu", "nd_range": {"device_start": 1585500334.1443489, "device_end": 1585500334.1461582}, "cmdq": 3, "read": {"device_start": -1, "device_end": -1}}, "FFC_sans_bias49": {"write": {"device_start": -1, "host_queued_start": 1585500397.057074, "device_queued": -1, "device_end": -1, "host_queued_end": 1585500397.06433}, "device": "gpu", "nd_range": {"device_start": 1585500334.1460247, "device_end": 1585500334.1470876}, "cmdq": 1, "read": {"device_start": -1, "device_end": -1}}, "FFC_sans_bias64": {"write": {"device_start": 1585500334.1433532, "host_queued_start": 1585500397.053099, "device_queued": 1585500334.1410828, "device_end": 1585500334.1433861, "host_queued_end": 1585500397.06433}, "device": "gpu", "nd_range": {"device_start": 1585500334.1434016, "device_end": 1585500334.145181}, "cmdq": 1, "read": {"device_start": -1, "device_end": -1}}, "FFC_sans_bias65": {"write": {"device_start": 1585500334.143858, "host_queued_start": 1585500397.054135, "device_queued": 1585500334.1411068, "device_end": 1585500334.1438904, "host_queued_end": 1585500397.06433}, "device": "gpu", "nd_range": {"device_start": 1585500334.143896, "device_end": 1585500334.1456394}, "cmdq": 2, "read": {"device_start": -1, "device_end": -1}}, "FFC_sans_bias67": {"write": {"device_start": -1, "host_queued_start": 1585500397.057729, "device_queued": -1, "device_end": -1, "host_queued_end": 1585500397.06433}, "device": "gpu", "nd_range": {"device_start": 1585500334.1474435, "device_end": 1585500334.1480467}, "cmdq": 3, "read": {"device_start": -1, "device_end": -1}}, "FFC_sans_bias24": {"write": {"device_start": -1, "host_queued_start": 1585500397.087157, "device_queued": -1, "device_end": -1, "host_queued_end": 1585500397.091666}, "device": "cpu", "nd_range": {"device_start": 2168171.3565845652, "device_end": 2168171.3637384423}, "cmdq": 0, "read": {"device_start": -1, "device_end": -1}}, "FFC_sans_bias25": {"write": {"device_start": -1, "host_queued_start": 1585500397.090597, "device_queued": -1, "device_end": -1, "host_queued_end": 1585500397.091666}, "device": "cpu", "nd_range": {"device_start": 2168171.383394436, "device_end": 2168171.390506038}, "cmdq": 1, "read": {"device_start": -1, "device_end": -1}}, "FFC_sans_bias27": {"write": {"device_start": -1, "host_queued_start": 1585500397.080031, "device_queued": -1, "device_end": -1, "host_queued_end": 1585500397.091666}, "device": "cpu", "nd_range": {"device_start": 2168171.3255586503, "device_end": 2168171.338904199}, "cmdq": 1, "read": {"device_start": -1, "device_end": -1}}, "FFC_sans_bias20": {"write": {"device_start": -1, "host_queued_start": 1585500397.078969, "device_queued": -1, "device_end": -1, "host_queued_end": 1585500397.091666}, "device": "cpu", "nd_range": {"device_start": 2168171.305422816, "device_end": 2168171.314256019}, "cmdq": 0, "read": {"device_start": -1, "device_end": -1}}, "FFC_sans_bias22": {"write": {"device_start": -1, "host_queued_start": 1585500397.084606, "device_queued": -1, "device_end": -1, "host_queued_end": 1585500397.091666}, "device": "cpu", "nd_range": {"device_start": 2168171.340019353, "device_end": 2168171.356396189}, "cmdq": 1, "read": {"device_start": -1, "device_end": -1}}, "softmax68": {"write": {"device_start": -1, "host_queued_start": 1585500397.058771, "device_queued": -1, "device_end": -1, "host_queued_end": 1585500397.06433}, "device": "gpu", "nd_range": {"device_start": 1585500334.148048, "device_end": 1585500334.149231}, "cmdq": 3, "read": {"device_start": -1, "device_end": -1}}, "softmax5": {"write": {"device_start": -1, "host_queued_start": 1585500397.085254, "device_queued": -1, "device_end": -1, "host_queued_end": 1585500397.091666}, "device": "cpu", "nd_range": {"device_start": 2168171.347603248, "device_end": 2168171.3478190163}, "cmdq": 0, "read": {"device_start": -1, "device_end": -1}}, "FFC_sans_bias28": {"write": {"device_start": -1, "host_queued_start": 1585500397.081081, "device_queued": -1, "device_end": -1, "host_queued_end": 1585500397.091666}, "device": "cpu", "nd_range": {"device_start": 2168171.3214886403, "device_end": 2168171.3301011953}, "cmdq": 2, "read": {"device_start": -1, "device_end": -1}}, "FFC_sans_bias29": {"write": {"device_start": -1, "host_queued_start": 1585500397.082132, "device_queued": -1, "device_end": -1, "host_queued_end": 1585500397.091666}, "device": "cpu", "nd_range": {"device_start": 2168171.31438202, "device_end": 2168171.325271539}, "cmdq": 0, "read": {"device_start": -1, "device_end": -1}}, "empty17": {"write": {"device_start": -1, "host_queued_start": 1585500397.066899, "device_queued": -1, "device_end": -1, "host_queued_end": 1585500397.091666}, "device": "cpu", "nd_range": {"device_start": 2168171.281256847, "device_end": 2168171.281268454}, "cmdq": 1, "read": {"device_start": -1, "device_end": -1}}, "softmax59": {"write": {"device_start": -1, "host_queued_start": 1585500397.05848, "device_queued": -1, "device_end": -1, "host_queued_end": 1585500397.06433}, "device": "gpu", "nd_range": {"device_start": 1585500334.1476057, "device_end": 1585500334.1482995}, "cmdq": 2, "read": {"device_start": -1, "device_end": -1}}, "empty71": {"write": {"device_start": 1585500334.14, "host_queued_start": 1585500397.042308, "device_queued": 1585500334.1397545, "device_end": 1585500334.140026, "host_queued_end": 1585500397.06433}, "device": "gpu", "nd_range": {"device_start": 1585500334.1400414, "device_end": 1585500334.140045}, "cmdq": 3, "read": {"device_start": -1, "device_end": -1}}, "empty35": {"write": {"device_start": -1, "host_queued_start": 1585500397.068969, "device_queued": -1, "device_end": -1, "host_queued_end": 1585500397.091666}, "device": "cpu", "nd_range": {"device_start": 2168171.28129125, "device_end": 2168171.2812925563}, "cmdq": 0, "read": {"device_start": -1, "device_end": -1}}, "empty53": {"write": {"device_start": 1585500334.1397872, "host_queued_start": 1585500397.040515, "device_queued": 1585500334.139694, "device_end": 1585500334.13984, "host_queued_end": 1585500397.06433}, "device": "gpu", "nd_range": {"device_start": 1585500334.1398478, "device_end": 1585500334.139853}, "cmdq": 1, "read": {"device_start": -1, "device_end": -1}}, "FFC_sans_bias46": {"write": {"device_start": 1585500334.140934, "host_queued_start": 1585500397.047647, "device_queued": 1585500334.1405938, "device_end": 1585500334.1409643, "host_queued_end": 1585500397.06433}, "device": "gpu", "nd_range": {"device_start": 1585500334.140969, "device_end": 1585500334.1427715}, "cmdq": 0, "read": {"device_start": -1, "device_end": -1}}, "coalesced_transpose66": {"write": {"device_start": -1, "host_queued_start": 1585500397.056432, "device_queued": -1, "device_end": -1, "host_queued_end": 1585500397.06433}, "device": "gpu", "nd_range": {"device_start": 1585500334.1461668, "device_end": 1585500334.1474426}, "cmdq": 3, "read": {"device_start": -1, "device_end": -1}}, "coalesced_transpose48": {"write": {"device_start": -1, "host_queued_start": 1585500397.055841, "device_queued": -1, "device_end": -1, "host_queued_end": 1585500397.06433}, "device": "gpu", "nd_range": {"device_start": 1585500334.1451845, "device_end": 1585500334.1460238}, "cmdq": 1, "read": {"device_start": -1, "device_end": -1}}}