{"FFC_sans_bias60": {"write": {"device_start": -1, "host_queued_start": 1585500035.665274, "device_queued": -1, "device_end": -1, "host_queued_end": 1585500035.673126}, "device": "gpu", "nd_range": {"device_start": 1585499972.7868307, "device_end": 1585499972.7874298}, "cmdq": 0, "read": {"device_start": -1, "device_end": -1}}, "FFC_sans_bias4": {"write": {"device_start": -1, "host_queued_start": 1585500035.679442, "device_queued": -1, "device_end": -1, "host_queued_end": 1585500035.681233}, "device": "cpu", "nd_range": {"device_start": 2167809.883345621, "device_end": 2167809.888191558}, "cmdq": 1, "read": {"device_start": -1, "device_end": -1}}, "FFC_sans_bias7": {"write": {"device_start": -1, "host_queued_start": 1585500035.681186, "device_queued": -1, "device_end": -1, "host_queued_end": 1585500035.681233}, "device": "cpu", "nd_range": {"device_start": 2167809.892921916, "device_end": 2167809.8977214433}, "cmdq": 0, "read": {"device_start": -1, "device_end": -1}}, "FFC_sans_bias6": {"write": {"device_start": -1, "host_queued_start": 1585500035.680104, "device_queued": -1, "device_end": -1, "host_queued_end": 1585500035.681233}, "device": "cpu", "nd_range": {"device_start": 2167809.8884982043, "device_end": 2167809.8927938123}, "cmdq": 3, "read": {"device_start": -1, "device_end": -1}}, "FFC_sans_bias1": {"write": {"device_start": -1, "host_queued_start": 1585500035.677361, "device_queued": -1, "device_end": -1, "host_queued_end": 1585500035.681233}, "device": "cpu", "nd_range": {"device_start": 2167809.870835348, "device_end": 2167809.882905133}, "cmdq": 2, "read": {"device_start": -1, "device_end": -1}}, "FFC_sans_bias0": {"write": {"device_start": -1, "host_queued_start": 1585500035.676044, "device_queued": -1, "device_end": -1, "host_queued_end": 1585500035.681233}, "device": "cpu", "nd_range": {"device_start": 2167809.8708231393, "device_end": 2167809.8794972133}, "cmdq": 1, "read": {"device_start": -1, "device_end": -1}}, "FFC_sans_bias2": {"write": {"device_start": -1, "host_queued_start": 1585500035.678697, "device_queued": -1, "device_end": -1, "host_queued_end": 1585500035.681233}, "device": "cpu", "nd_range": {"device_start": 2167809.870862867, "device_end": 2167809.883041367}, "cmdq": 3, "read": {"device_start": -1, "device_end": -1}}, "FFC_sans_bias61": {"write": {"device_start": 1585499972.7921915, "host_queued_start": 1585500035.671971, "device_queued": 1585499972.762808, "device_end": 1585499972.792215, "host_queued_end": 1585500035.673126}, "device": "gpu", "nd_range": {"device_start": 1585499972.792219, "device_end": 1585499972.7928154}, "cmdq": 0, "read": {"device_start": 1585499972.792823, "device_end": 1585499972.7928476}}, "FFC_sans_bias52": {"write": {"device_start": 1585499972.7914212, "host_queued_start": 1585500035.670925, "device_queued": 1585499972.7627406, "device_end": 1585499972.7914448, "host_queued_end": 1585500035.673126}, "device": "gpu", "nd_range": {"device_start": 1585499972.79145, "device_end": 1585499972.7920468}, "cmdq": 0, "read": {"device_start": 1585499972.7920487, "device_end": 1585499972.792071}}, "FFC_sans_bias9": {"write": {"device_start": 1585499972.7593594, "host_queued_start": 1585500035.635742, "device_queued": 1585499972.7588053, "device_end": 1585499972.7593846, "host_queued_end": 1585500035.673126}, "device": "gpu", "nd_range": {"device_start": 1585499972.75939, "device_end": 1585499972.759989}, "cmdq": 0, "read": {"device_start": -1, "device_end": -1}}, "coalesced_transpose39": {"write": {"device_start": -1, "host_queued_start": 1585500035.658285, "device_queued": -1, "device_end": -1, "host_queued_end": 1585500035.673126}, "device": "gpu", "nd_range": {"device_start": 1585499972.7781374, "device_end": 1585499972.778146}, "cmdq": 0, "read": {"device_start": -1, "device_end": -1}}, "FFC_sans_bias55": {"write": {"device_start": 1585499972.775391, "host_queued_start": 1585500035.653851, "device_queued": 1585499972.7606778, "device_end": 1585499972.775415, "host_queued_end": 1585500035.673126}, "device": "gpu", "nd_range": {"device_start": 1585499972.7754216, "device_end": 1585499972.7760158}, "cmdq": 0, "read": {"device_start": -1, "device_end": -1}}, "FFC_sans_bias54": {"write": {"device_start": 1585499972.7746887, "host_queued_start": 1585500035.652812, "device_queued": 1585499972.7605293, "device_end": 1585499972.774713, "host_queued_end": 1585500035.673126}, "device": "gpu", "nd_range": {"device_start": 1585499972.774719, "device_end": 1585499972.775316}, "cmdq": 0, "read": {"device_start": -1, "device_end": -1}}, "FFC_sans_bias56": {"write": {"device_start": 1585499972.773987, "host_queued_start": 1585500035.651773, "device_queued": 1585499972.7604861, "device_end": 1585499972.774011, "host_queued_end": 1585500035.673126}, "device": "gpu", "nd_range": {"device_start": 1585499972.7740176, "device_end": 1585499972.7746136}, "cmdq": 0, "read": {"device_start": -1, "device_end": -1}}, "FFC_sans_bias51": {"write": {"device_start": -1, "host_queued_start": 1585500035.664932, "device_queued": -1, "device_end": -1, "host_queued_end": 1585500035.673126}, "device": "gpu", "nd_range": {"device_start": 1585499972.7862375, "device_end": 1585499972.7868295}, "cmdq": 0, "read": {"device_start": -1, "device_end": -1}}, "softmax23": {"write": {"device_start": -1, "host_queued_start": 1585500035.661995, "device_queued": -1, "device_end": -1, "host_queued_end": 1585500035.673126}, "device": "gpu", "nd_range": {"device_start": 1585499972.7825751, "device_end": 1585499972.7827845}, "cmdq": 0, "read": {"device_start": -1, "device_end": -1}}, "FFC_sans_bias37": {"write": {"device_start": 1585499972.770475, "host_queued_start": 1585500035.646489, "device_queued": 1585499972.7598476, "device_end": 1585499972.770498, "host_queued_end": 1585500035.673126}, "device": "gpu", "nd_range": {"device_start": 1585499972.7705054, "device_end": 1585499972.7711034}, "cmdq": 0, "read": {"device_start": -1, "device_end": -1}}, "empty62": {"write": {"device_start": 1585499972.7591033, "host_queued_start": 1585500035.633886, "device_queued": 1585499972.7587066, "device_end": 1585499972.7591317, "host_queued_end": 1585500035.673126}, "device": "gpu", "nd_range": {"device_start": 1585499972.7591345, "device_end": 1585499972.759144}, "cmdq": 0, "read": {"device_start": -1, "device_end": -1}}, "FFC_sans_bias70": {"write": {"device_start": 1585499972.7930086, "host_queued_start": 1585500035.673023, "device_queued": 1585499972.762966, "device_end": 1585499972.7930324, "host_queued_end": 1585500035.673126}, "device": "gpu", "nd_range": {"device_start": 1585499972.7930362, "device_end": 1585499972.7936335}, "cmdq": 0, "read": {"device_start": 1585499972.7936423, "device_end": 1585499972.7936645}}, "FFC_sans_bias58": {"write": {"device_start": -1, "host_queued_start": 1585500035.661155, "device_queued": -1, "device_end": -1, "host_queued_end": 1585500035.673126}, "device": "gpu", "nd_range": {"device_start": 1585499972.7811816, "device_end": 1585499972.7817712}, "cmdq": 0, "read": {"device_start": -1, "device_end": -1}}, "softmax41": {"write": {"device_start": -1, "host_queued_start": 1585500035.662507, "device_queued": -1, "device_end": -1, "host_queued_end": 1585500035.673126}, "device": "gpu", "nd_range": {"device_start": 1585499972.782994, "device_end": 1585499972.7832026}, "cmdq": 0, "read": {"device_start": -1, "device_end": -1}}, "FFC_sans_bias11": {"write": {"device_start": 1585499972.7608123, "host_queued_start": 1585500035.637839, "device_queued": 1585499972.7590854, "device_end": 1585499972.7608426, "host_queued_end": 1585500035.673126}, "device": "gpu", "nd_range": {"device_start": 1585499972.7608488, "device_end": 1585499972.7614486}, "cmdq": 0, "read": {"device_start": -1, "device_end": -1}}, "FFC_sans_bias10": {"write": {"device_start": 1585499972.760072, "host_queued_start": 1585500035.636789, "device_queued": 1585499972.7590427, "device_end": 1585499972.7600958, "host_queued_end": 1585500035.673126}, "device": "gpu", "nd_range": {"device_start": 1585499972.7601054, "device_end": 1585499972.7607021}, "cmdq": 0, "read": {"device_start": -1, "device_end": -1}}, "coalesced_transpose3": {"write": {"device_start": -1, "host_queued_start": 1585500035.679064, "device_queued": -1, "device_end": -1, "host_queued_end": 1585500035.681233}, "device": "cpu", "nd_range": {"device_start": 2167809.8830375853, "device_end": 2167809.8831736282}, "cmdq": 0, "read": {"device_start": -1, "device_end": -1}}, "FFC_sans_bias34": {"write": {"device_start": 1585499972.789704, "host_queued_start": 1585500035.668823, "device_queued": 1585499972.7625155, "device_end": 1585499972.789728, "host_queued_end": 1585500035.673126}, "device": "gpu", "nd_range": {"device_start": 1585499972.7897317, "device_end": 1585499972.79033}, "cmdq": 0, "read": {"device_start": 1585499972.790338, "device_end": 1585499972.7903605}}, "FFC_sans_bias15": {"write": {"device_start": -1, "host_queued_start": 1585500035.663643, "device_queued": -1, "device_end": -1, "host_queued_end": 1585500035.673126}, "device": "gpu", "nd_range": {"device_start": 1585499972.7838454, "device_end": 1585499972.7844424}, "cmdq": 0, "read": {"device_start": -1, "device_end": -1}}, "FFC_sans_bias31": {"write": {"device_start": -1, "host_queued_start": 1585500035.660199, "device_queued": -1, "device_end": -1, "host_queued_end": 1585500035.673126}, "device": "gpu", "nd_range": {"device_start": 1585499972.779378, "device_end": 1585499972.7799761}, "cmdq": 0, "read": {"device_start": -1, "device_end": -1}}, "FFC_sans_bias16": {"write": {"device_start": 1585499972.7881336, "host_queued_start": 1585500035.666721, "device_queued": 1585499972.7622597, "device_end": 1585499972.7881594, "host_queued_end": 1585500035.673126}, "device": "gpu", "nd_range": {"device_start": 1585499972.7881622, "device_end": 1585499972.7887602}, "cmdq": 0, "read": {"device_start": 1585499972.7887666, "device_end": 1585499972.7887897}}, "FFC_sans_bias19": {"write": {"device_start": 1585499972.7623472, "host_queued_start": 1585500035.640127, "device_queued": 1585499972.7593868, "device_end": 1585499972.762371, "host_queued_end": 1585500035.673126}, "device": "gpu", "nd_range": {"device_start": 1585499972.7623756, "device_end": 1585499972.7629704}, "cmdq": 0, "read": {"device_start": -1, "device_end": -1}}, "FFC_sans_bias18": {"write": {"device_start": 1585499972.7615576, "host_queued_start": 1585500035.638911, "device_queued": 1585499972.759339, "device_end": 1585499972.761589, "host_queued_end": 1585500035.673126}, "device": "gpu", "nd_range": {"device_start": 1585499972.7616048, "device_end": 1585499972.762204}, "cmdq": 0, "read": {"device_start": -1, "device_end": -1}}, "coalesced_transpose30": {"write": {"device_start": -1, "host_queued_start": 1585500035.657976, "device_queued": -1, "device_end": -1, "host_queued_end": 1585500035.673126}, "device": "gpu", "nd_range": {"device_start": 1585499972.778128, "device_end": 1585499972.7781365}, "cmdq": 0, "read": {"device_start": -1, "device_end": -1}}, "FFC_sans_bias69": {"write": {"device_start": -1, "host_queued_start": 1585500035.665603, "device_queued": -1, "device_end": -1, "host_queued_end": 1585500035.673126}, "device": "gpu", "nd_range": {"device_start": 1585499972.7874308, "device_end": 1585499972.7880294}, "cmdq": 0, "read": {"device_start": -1, "device_end": -1}}, "FFC_sans_bias38": {"write": {"device_start": 1585499972.7711854, "host_queued_start": 1585500035.647569, "device_queued": 1585499972.7599857, "device_end": 1585499972.7712095, "host_queued_end": 1585500035.673126}, "device": "gpu", "nd_range": {"device_start": 1585499972.771216, "device_end": 1585499972.7718139}, "cmdq": 0, "read": {"device_start": -1, "device_end": -1}}, "coalesced_transpose57": {"write": {"device_start": -1, "host_queued_start": 1585500035.658912, "device_queued": -1, "device_end": -1, "host_queued_end": 1585500035.673126}, "device": "gpu", "nd_range": {"device_start": 1585499972.7781575, "device_end": 1585499972.7781668}, "cmdq": 0, "read": {"device_start": -1, "device_end": -1}}, "empty26": {"write": {"device_start": 1585499972.7585237, "host_queued_start": 1585500035.630589, "device_queued": 1585499972.758353, "device_end": 1585499972.758554, "host_queued_end": 1585500035.673126}, "device": "gpu", "nd_range": {"device_start": 1585499972.7585602, "device_end": 1585499972.7585638}, "cmdq": 0, "read": {"device_start": -1, "device_end": -1}}, "coalesced_transpose12": {"write": {"device_start": -1, "host_queued_start": 1585500035.65735, "device_queued": -1, "device_end": -1, "host_queued_end": 1585500035.673126}, "device": "gpu", "nd_range": {"device_start": 1585499972.7781086, "device_end": 1585499972.7781174}, "cmdq": 0, "read": {"device_start": -1, "device_end": -1}}, "empty44": {"write": {"device_start": 1585499972.7588034, "host_queued_start": 1585500035.632258, "device_queued": 1585499972.758468, "device_end": 1585499972.7588286, "host_queued_end": 1585500035.673126}, "device": "gpu", "nd_range": {"device_start": 1585499972.7588315, "device_end": 1585499972.7588348}, "cmdq": 0, "read": {"device_start": -1, "device_end": -1}}, "coalesced_transpose21": {"write": {"device_start": -1, "host_queued_start": 1585500035.657667, "device_queued": -1, "device_end": -1, "host_queued_end": 1585500035.673126}, "device": "gpu", "nd_range": {"device_start": 1585499972.7781186, "device_end": 1585499972.778127}, "cmdq": 0, "read": {"device_start": -1, "device_end": -1}}, "FFC_sans_bias36": {"write": {"device_start": 1585499972.7660778, "host_queued_start": 1585500035.645419, "device_queued": 1585499972.7598097, "device_end": 1585499972.7661054, "host_queued_end": 1585500035.673126}, "device": "gpu", "nd_range": {"device_start": 1585499972.7661083, "device_end": 1585499972.7667072}, "cmdq": 0, "read": {"device_start": -1, "device_end": -1}}, "softmax14": {"write": {"device_start": -1, "host_queued_start": 1585500035.661736, "device_queued": -1, "device_end": -1, "host_queued_end": 1585500035.673126}, "device": "gpu", "nd_range": {"device_start": 1585499972.7823625, "device_end": 1585499972.7825735}, "cmdq": 0, "read": {"device_start": -1, "device_end": -1}}, "FFC_sans_bias13": {"write": {"device_start": -1, "host_queued_start": 1585500035.659547, "device_queued": -1, "device_end": -1, "host_queued_end": 1585500035.673126}, "device": "gpu", "nd_range": {"device_start": 1585499972.778177, "device_end": 1585499972.7787783}, "cmdq": 0, "read": {"device_start": -1, "device_end": -1}}, "empty8": {"write": {"device_start": -1, "host_queued_start": 1585500035.674797, "device_queued": -1, "device_end": -1, "host_queued_end": 1585500035.681233}, "device": "cpu", "nd_range": {"device_start": 2167809.8708027513, "device_end": 2167809.8708120054}, "cmdq": 0, "read": {"device_start": -1, "device_end": -1}}, "FFC_sans_bias42": {"write": {"device_start": -1, "host_queued_start": 1585500035.664607, "device_queued": -1, "device_end": -1, "host_queued_end": 1585500035.673126}, "device": "gpu", "nd_range": {"device_start": 1585499972.7856398, "device_end": 1585499972.7862365}, "cmdq": 0, "read": {"device_start": -1, "device_end": -1}}, "FFC_sans_bias43": {"write": {"device_start": 1585499972.7906463, "host_queued_start": 1585500035.669877, "device_queued": 1585499972.7625842, "device_end": 1585499972.79067, "host_queued_end": 1585500035.673126}, "device": "gpu", "nd_range": {"device_start": 1585499972.790674, "device_end": 1585499972.7912703}, "cmdq": 0, "read": {"device_start": 1585499972.7912726, "device_end": 1585499972.7912948}}, "FFC_sans_bias40": {"write": {"device_start": -1, "host_queued_start": 1585500035.660517, "device_queued": -1, "device_end": -1, "host_queued_end": 1585500035.673126}, "device": "gpu", "nd_range": {"device_start": 1585499972.779977, "device_end": 1585499972.7805784}, "cmdq": 0, "read": {"device_start": -1, "device_end": -1}}, "softmax32": {"write": {"device_start": -1, "host_queued_start": 1585500035.662249, "device_queued": -1, "device_end": -1, "host_queued_end": 1585500035.673126}, "device": "gpu", "nd_range": {"device_start": 1585499972.7827854, "device_end": 1585499972.782993}, "cmdq": 0, "read": {"device_start": -1, "device_end": -1}}, "FFC_sans_bias47": {"write": {"device_start": 1585499972.773285, "host_queued_start": 1585500035.650734, "device_queued": 1585499972.760324, "device_end": 1585499972.7733085, "host_queued_end": 1585500035.673126}, "device": "gpu", "nd_range": {"device_start": 1585499972.7733152, "device_end": 1585499972.7739115}, "cmdq": 0, "read": {"device_start": -1, "device_end": -1}}, "FFC_sans_bias45": {"write": {"device_start": 1585499972.771888, "host_queued_start": 1585500035.648612, "device_queued": 1585499972.760053, "device_end": 1585499972.7719116, "host_queued_end": 1585500035.673126}, "device": "gpu", "nd_range": {"device_start": 1585499972.7719185, "device_end": 1585499972.7725146}, "cmdq": 0, "read": {"device_start": -1, "device_end": -1}}, "softmax50": {"write": {"device_start": -1, "host_queued_start": 1585500035.662776, "device_queued": -1, "device_end": -1, "host_queued_end": 1585500035.673126}, "device": "gpu", "nd_range": {"device_start": 1585499972.7832036, "device_end": 1585499972.7834156}, "cmdq": 0, "read": {"device_start": -1, "device_end": -1}}, "FFC_sans_bias33": {"write": {"device_start": -1, "host_queued_start": 1585500035.664287, "device_queued": -1, "device_end": -1, "host_queued_end": 1585500035.673126}, "device": "gpu", "nd_range": {"device_start": 1585499972.785041, "device_end": 1585499972.7856388}, "cmdq": 0, "read": {"device_start": -1, "device_end": -1}}, "FFC_sans_bias63": {"write": {"device_start": 1585499972.7774873, "host_queued_start": 1585500035.657014, "device_queued": 1585499972.7609303, "device_end": 1585499972.7775106, "host_queued_end": 1585500035.673126}, "device": "gpu", "nd_range": {"device_start": 1585499972.7775176, "device_end": 1585499972.7781072}, "cmdq": 0, "read": {"device_start": -1, "device_end": -1}}, "FFC_sans_bias49": {"write": {"device_start": -1, "host_queued_start": 1585500035.660836, "device_queued": -1, "device_end": -1, "host_queued_end": 1585500035.673126}, "device": "gpu", "nd_range": {"device_start": 1585499972.7805796, "device_end": 1585499972.7811806}, "cmdq": 0, "read": {"device_start": -1, "device_end": -1}}, "FFC_sans_bias64": {"write": {"device_start": 1585499972.7760844, "host_queued_start": 1585500035.65493, "device_queued": 1585499972.7607303, "device_end": 1585499972.7761085, "host_queued_end": 1585500035.673126}, "device": "gpu", "nd_range": {"device_start": 1585499972.7761116, "device_end": 1585499972.7767127}, "cmdq": 0, "read": {"device_start": -1, "device_end": -1}}, "FFC_sans_bias65": {"write": {"device_start": 1585499972.7767847, "host_queued_start": 1585500035.655971, "device_queued": 1585499972.7608812, "device_end": 1585499972.7768085, "host_queued_end": 1585500035.673126}, "device": "gpu", "nd_range": {"device_start": 1585499972.7768152, "device_end": 1585499972.7774127}, "cmdq": 0, "read": {"device_start": -1, "device_end": -1}}, "FFC_sans_bias67": {"write": {"device_start": -1, "host_queued_start": 1585500035.661478, "device_queued": -1, "device_end": -1, "host_queued_end": 1585500035.673126}, "device": "gpu", "nd_range": {"device_start": 1585499972.7817726, "device_end": 1585499972.782361}, "cmdq": 0, "read": {"device_start": -1, "device_end": -1}}, "FFC_sans_bias24": {"write": {"device_start": -1, "host_queued_start": 1585500035.663962, "device_queued": -1, "device_end": -1, "host_queued_end": 1585500035.673126}, "device": "gpu", "nd_range": {"device_start": 1585499972.7844434, "device_end": 1585499972.7850397}, "cmdq": 0, "read": {"device_start": -1, "device_end": -1}}, "FFC_sans_bias25": {"write": {"device_start": 1585499972.7889233, "host_queued_start": 1585500035.667779, "device_queued": 1585499972.7623355, "device_end": 1585499972.788947, "host_queued_end": 1585500035.673126}, "device": "gpu", "nd_range": {"device_start": 1585499972.7889535, "device_end": 1585499972.7895513}, "cmdq": 0, "read": {"device_start": 1585499972.7895596, "device_end": 1585499972.7895834}}, "FFC_sans_bias27": {"write": {"device_start": 1585499972.7637942, "host_queued_start": 1585500035.642219, "device_queued": 1585499972.7595394, "device_end": 1585499972.7638183, "host_queued_end": 1585500035.673126}, "device": "gpu", "nd_range": {"device_start": 1585499972.7638247, "device_end": 1585499972.7644258}, "cmdq": 0, "read": {"device_start": -1, "device_end": -1}}, "FFC_sans_bias20": {"write": {"device_start": 1585499972.7630498, "host_queued_start": 1585500035.641179, "device_queued": 1585499972.759509, "device_end": 1585499972.76308, "host_queued_end": 1585500035.673126}, "device": "gpu", "nd_range": {"device_start": 1585499972.7630897, "device_end": 1585499972.7636757}, "cmdq": 0, "read": {"device_start": -1, "device_end": -1}}, "FFC_sans_bias22": {"write": {"device_start": -1, "host_queued_start": 1585500035.659876, "device_queued": -1, "device_end": -1, "host_queued_end": 1585500035.673126}, "device": "gpu", "nd_range": {"device_start": 1585499972.7787793, "device_end": 1585499972.779377}, "cmdq": 0, "read": {"device_start": -1, "device_end": -1}}, "softmax68": {"write": {"device_start": -1, "host_queued_start": 1585500035.663325, "device_queued": -1, "device_end": -1, "host_queued_end": 1585500035.673126}, "device": "gpu", "nd_range": {"device_start": 1585499972.783636, "device_end": 1585499972.7838445}, "cmdq": 0, "read": {"device_start": -1, "device_end": -1}}, "softmax5": {"write": {"device_start": -1, "host_queued_start": 1585500035.679715, "device_queued": -1, "device_end": -1, "host_queued_end": 1585500035.681233}, "device": "cpu", "nd_range": {"device_start": 2167809.888209041, "device_end": 2167809.888343994}, "cmdq": 2, "read": {"device_start": -1, "device_end": -1}}, "FFC_sans_bias28": {"write": {"device_start": 1585499972.7645378, "host_queued_start": 1585500035.643297, "device_queued": 1585499972.7596605, "device_end": 1585499972.7645614, "host_queued_end": 1585500035.673126}, "device": "gpu", "nd_range": {"device_start": 1585499972.764568, "device_end": 1585499972.7651572}, "cmdq": 0, "read": {"device_start": -1, "device_end": -1}}, "FFC_sans_bias29": {"write": {"device_start": 1585499972.7652676, "host_queued_start": 1585500035.644347, "device_queued": 1585499972.7596908, "device_end": 1585499972.7652912, "host_queued_end": 1585500035.673126}, "device": "gpu", "nd_range": {"device_start": 1585499972.765294, "device_end": 1585499972.7658787}, "cmdq": 0, "read": {"device_start": -1, "device_end": -1}}, "empty17": {"write": {"device_start": 1585499972.7583559, "host_queued_start": 1585500035.629493, "device_queued": 1585499972.7582028, "device_end": 1585499972.7583828, "host_queued_end": 1585500035.673126}, "device": "gpu", "nd_range": {"device_start": 1585499972.7583966, "device_end": 1585499972.7584014}, "cmdq": 0, "read": {"device_start": -1, "device_end": -1}}, "softmax59": {"write": {"device_start": -1, "host_queued_start": 1585500035.663032, "device_queued": -1, "device_end": -1, "host_queued_end": 1585500035.673126}, "device": "gpu", "nd_range": {"device_start": 1585499972.7834167, "device_end": 1585499972.7836351}, "cmdq": 0, "read": {"device_start": -1, "device_end": -1}}, "empty71": {"write": {"device_start": 1585499972.7592487, "host_queued_start": 1585500035.634758, "device_queued": 1585499972.7587724, "device_end": 1585499972.7592723, "host_queued_end": 1585500035.673126}, "device": "gpu", "nd_range": {"device_start": 1585499972.759281, "device_end": 1585499972.7592847}, "cmdq": 0, "read": {"device_start": -1, "device_end": -1}}, "empty35": {"write": {"device_start": 1585499972.7586784, "host_queued_start": 1585500035.63143, "device_queued": 1585499972.7583892, "device_end": 1585499972.7587097, "host_queued_end": 1585500035.673126}, "device": "gpu", "nd_range": {"device_start": 1585499972.758723, "device_end": 1585499972.7587266}, "cmdq": 0, "read": {"device_start": -1, "device_end": -1}}, "empty53": {"write": {"device_start": 1585499972.7589583, "host_queued_start": 1585500035.633069, "device_queued": 1585499972.7586555, "device_end": 1585499972.7589903, "host_queued_end": 1585500035.673126}, "device": "gpu", "nd_range": {"device_start": 1585499972.7589993, "device_end": 1585499972.759003}, "cmdq": 0, "read": {"device_start": -1, "device_end": -1}}, "FFC_sans_bias46": {"write": {"device_start": 1585499972.7725894, "host_queued_start": 1585500035.649666, "device_queued": 1585499972.7602782, "device_end": 1585499972.7726133, "host_queued_end": 1585500035.673126}, "device": "gpu", "nd_range": {"device_start": 1585499972.77262, "device_end": 1585499972.7732136}, "cmdq": 0, "read": {"device_start": -1, "device_end": -1}}, "coalesced_transpose66": {"write": {"device_start": -1, "host_queued_start": 1585500035.659225, "device_queued": -1, "device_end": -1, "host_queued_end": 1585500035.673126}, "device": "gpu", "nd_range": {"device_start": 1585499972.778168, "device_end": 1585499972.778176}, "cmdq": 0, "read": {"device_start": -1, "device_end": -1}}, "coalesced_transpose48": {"write": {"device_start": -1, "host_queued_start": 1585500035.6586, "device_queued": -1, "device_end": -1, "host_queued_end": 1585500035.673126}, "device": "gpu", "nd_range": {"device_start": 1585499972.7781472, "device_end": 1585499972.778156}, "cmdq": 0, "read": {"device_start": -1, "device_end": -1}}}