{"FFC_sans_bias60": {"write": {"device_start": -1, "host_queued_start": 1585500243.074161, "device_queued": -1, "device_end": -1, "host_queued_end": 1585500243.079875}, "device": "gpu", "nd_range": {"device_start": 1585500180.170788, "device_end": 1585500180.1721914}, "cmdq": 2, "read": {"device_start": -1, "device_end": -1}}, "FFC_sans_bias4": {"write": {"device_start": -1, "host_queued_start": 1585500243.095084, "device_queued": -1, "device_end": -1, "host_queued_end": 1585500243.100984}, "device": "cpu", "nd_range": {"device_start": 2168017.328722853, "device_end": 2168017.336858864}, "cmdq": 1, "read": {"device_start": -1, "device_end": -1}}, "FFC_sans_bias7": {"write": {"device_start": -1, "host_queued_start": 1585500243.098951, "device_queued": -1, "device_end": -1, "host_queued_end": 1585500243.100984}, "device": "cpu", "nd_range": {"device_start": 2168017.3531697933, "device_end": 2168017.3607890243}, "cmdq": 0, "read": {"device_start": -1, "device_end": -1}}, "FFC_sans_bias6": {"write": {"device_start": -1, "host_queued_start": 1585500243.097119, "device_queued": -1, "device_end": -1, "host_queued_end": 1585500243.100984}, "device": "cpu", "nd_range": {"device_start": 2168017.34237081, "device_end": 2168017.351001327}, "cmdq": 1, "read": {"device_start": -1, "device_end": -1}}, "FFC_sans_bias1": {"write": {"device_start": -1, "host_queued_start": 1585500243.085803, "device_queued": -1, "device_end": -1, "host_queued_end": 1585500243.100984}, "device": "cpu", "nd_range": {"device_start": 2168017.290606587, "device_end": 2168017.2985687023}, "cmdq": 0, "read": {"device_start": -1, "device_end": -1}}, "FFC_sans_bias0": {"write": {"device_start": -1, "host_queued_start": 1585500243.084595, "device_queued": -1, "device_end": -1, "host_queued_end": 1585500243.100984}, "device": "cpu", "nd_range": {"device_start": 2168017.290599129, "device_end": 2168017.297278094}, "cmdq": 1, "read": {"device_start": -1, "device_end": -1}}, "FFC_sans_bias2": {"write": {"device_start": -1, "host_queued_start": 1585500243.086993, "device_queued": -1, "device_end": -1, "host_queued_end": 1585500243.100984}, "device": "cpu", "nd_range": {"device_start": 2168017.2982400754, "device_end": 2168017.303916652}, "cmdq": 1, "read": {"device_start": -1, "device_end": -1}}, "FFC_sans_bias61": {"write": {"device_start": 1585500180.174011, "host_queued_start": 1585500243.078743, "device_queued": 1585500180.1629393, "device_end": 1585500180.1740434, "host_queued_end": 1585500243.079875}, "device": "gpu", "nd_range": {"device_start": 1585500180.1740558, "device_end": 1585500180.175093}, "cmdq": 1, "read": {"device_start": 1585500180.175104, "device_end": 1585500180.1751323}}, "FFC_sans_bias52": {"write": {"device_start": 1585500180.1732945, "host_queued_start": 1585500243.07763, "device_queued": 1585500180.1626892, "device_end": 1585500180.1733296, "host_queued_end": 1585500243.079875}, "device": "gpu", "nd_range": {"device_start": 1585500180.173337, "device_end": 1585500180.1741514}, "cmdq": 0, "read": {"device_start": 1585500180.1741567, "device_end": 1585500180.1741822}}, "FFC_sans_bias9": {"write": {"device_start": -1, "host_queued_start": 1585500243.088089, "device_queued": -1, "device_end": -1, "host_queued_end": 1585500243.100984}, "device": "cpu", "nd_range": {"device_start": 2168017.29869594, "device_end": 2168017.3082261053}, "cmdq": 0, "read": {"device_start": -1, "device_end": -1}}, "coalesced_transpose39": {"write": {"device_start": -1, "host_queued_start": 1585500243.06908, "device_queued": -1, "device_end": -1, "host_queued_end": 1585500243.079875}, "device": "gpu", "nd_range": {"device_start": 1585500180.1668813, "device_end": 1585500180.1672494}, "cmdq": 0, "read": {"device_start": -1, "device_end": -1}}, "FFC_sans_bias55": {"write": {"device_start": 1585500180.164572, "host_queued_start": 1585500243.065272, "device_queued": 1585500180.1609647, "device_end": 1585500180.1646047, "host_queued_end": 1585500243.079875}, "device": "gpu", "nd_range": {"device_start": 1585500180.1646075, "device_end": 1585500180.165958}, "cmdq": 1, "read": {"device_start": -1, "device_end": -1}}, "FFC_sans_bias54": {"write": {"device_start": 1585500180.1641068, "host_queued_start": 1585500243.064236, "device_queued": 1585500180.1609156, "device_end": 1585500180.164139, "host_queued_end": 1585500243.079875}, "device": "gpu", "nd_range": {"device_start": 1585500180.1641448, "device_end": 1585500180.1654265}, "cmdq": 0, "read": {"device_start": -1, "device_end": -1}}, "FFC_sans_bias56": {"write": {"device_start": 1585500180.1636283, "host_queued_start": 1585500243.063202, "device_queued": 1585500180.16071, "device_end": 1585500180.1636617, "host_queued_end": 1585500243.079875}, "device": "gpu", "nd_range": {"device_start": 1585500180.1636689, "device_end": 1585500180.1649964}, "cmdq": 2, "read": {"device_start": -1, "device_end": -1}}, "FFC_sans_bias51": {"write": {"device_start": -1, "host_queued_start": 1585500243.073838, "device_queued": -1, "device_end": -1, "host_queued_end": 1585500243.079875}, "device": "gpu", "nd_range": {"device_start": 1585500180.1704204, "device_end": 1585500180.1711903}, "cmdq": 1, "read": {"device_start": -1, "device_end": -1}}, "softmax23": {"write": {"device_start": -1, "host_queued_start": 1585500243.096754, "device_queued": -1, "device_end": -1, "host_queued_end": 1585500243.100984}, "device": "cpu", "nd_range": {"device_start": 2168017.342191535, "device_end": 2168017.342356428}, "cmdq": 0, "read": {"device_start": -1, "device_end": -1}}, "FFC_sans_bias37": {"write": {"device_start": 1585500180.1611383, "host_queued_start": 1585500243.057729, "device_queued": 1585500180.1602542, "device_end": 1585500180.1611702, "host_queued_end": 1585500243.079875}, "device": "gpu", "nd_range": {"device_start": 1585500180.1611755, "device_end": 1585500180.1625805}, "cmdq": 0, "read": {"device_start": -1, "device_end": -1}}, "empty62": {"write": {"device_start": 1585500180.159691, "host_queued_start": 1585500243.051718, "device_queued": 1585500180.1595368, "device_end": 1585500180.1597168, "host_queued_end": 1585500243.079875}, "device": "gpu", "nd_range": {"device_start": 1585500180.1597326, "device_end": 1585500180.159736}, "cmdq": 0, "read": {"device_start": -1, "device_end": -1}}, "FFC_sans_bias70": {"write": {"device_start": 1585500180.1738796, "host_queued_start": 1585500243.079783, "device_queued": 1585500180.1629014, "device_end": 1585500180.173911, "host_queued_end": 1585500243.079875}, "device": "gpu", "nd_range": {"device_start": 1585500180.17392, "device_end": 1585500180.1746218}, "cmdq": 2, "read": {"device_start": 1585500180.1746283, "device_end": 1585500180.1746507}}, "FFC_sans_bias58": {"write": {"device_start": -1, "host_queued_start": 1585500243.071337, "device_queued": -1, "device_end": -1, "host_queued_end": 1585500243.079875}, "device": "gpu", "nd_range": {"device_start": 1585500180.1684086, "device_end": 1585500180.1698692}, "cmdq": 1, "read": {"device_start": -1, "device_end": -1}}, "softmax41": {"write": {"device_start": -1, "host_queued_start": 1585500243.072154, "device_queued": -1, "device_end": -1, "host_queued_end": 1585500243.079875}, "device": "gpu", "nd_range": {"device_start": 1585500180.169877, "device_end": 1585500180.1700888}, "cmdq": 1, "read": {"device_start": -1, "device_end": -1}}, "FFC_sans_bias11": {"write": {"device_start": -1, "host_queued_start": 1585500243.09019, "device_queued": -1, "device_end": -1, "host_queued_end": 1585500243.100984}, "device": "cpu", "nd_range": {"device_start": 2168017.308348029, "device_end": 2168017.315974898}, "cmdq": 0, "read": {"device_start": -1, "device_end": -1}}, "FFC_sans_bias10": {"write": {"device_start": -1, "host_queued_start": 1585500243.089137, "device_queued": -1, "device_end": -1, "host_queued_end": 1585500243.100984}, "device": "cpu", "nd_range": {"device_start": 2168017.304057607, "device_end": 2168017.3146291412}, "cmdq": 1, "read": {"device_start": -1, "device_end": -1}}, "coalesced_transpose3": {"write": {"device_start": -1, "host_queued_start": 1585500243.093925, "device_queued": -1, "device_end": -1, "host_queued_end": 1585500243.100984}, "device": "cpu", "nd_range": {"device_start": 2168017.32765166, "device_end": 2168017.32780786}, "cmdq": 0, "read": {"device_start": -1, "device_end": -1}}, "FFC_sans_bias34": {"write": {"device_start": 1585500180.1713336, "host_queued_start": 1585500243.075543, "device_queued": 1585500180.162614, "device_end": 1585500180.1713595, "host_queued_end": 1585500243.079875}, "device": "gpu", "nd_range": {"device_start": 1585500180.1713722, "device_end": 1585500180.1727011}, "cmdq": 1, "read": {"device_start": 1585500180.1727085, "device_end": 1585500180.1727328}}, "FFC_sans_bias15": {"write": {"device_start": -1, "host_queued_start": 1585500243.097496, "device_queued": -1, "device_end": -1, "host_queued_end": 1585500243.100984}, "device": "cpu", "nd_range": {"device_start": 2168017.342582011, "device_end": 2168017.3531623553}, "cmdq": 0, "read": {"device_start": -1, "device_end": -1}}, "FFC_sans_bias31": {"write": {"device_start": -1, "host_queued_start": 1585500243.070309, "device_queued": -1, "device_end": -1, "host_queued_end": 1585500243.079875}, "device": "gpu", "nd_range": {"device_start": 1585500180.1674058, "device_end": 1585500180.1684008}, "cmdq": 1, "read": {"device_start": -1, "device_end": -1}}, "FFC_sans_bias16": {"write": {"device_start": -1, "host_queued_start": 1585500243.099943, "device_queued": -1, "device_end": -1, "host_queued_end": 1585500243.100984}, "device": "cpu", "nd_range": {"device_start": 2168017.363413377, "device_end": 2168017.3722586273}, "cmdq": 1, "read": {"device_start": -1, "device_end": -1}}, "FFC_sans_bias19": {"write": {"device_start": -1, "host_queued_start": 1585500243.09231, "device_queued": -1, "device_end": -1, "host_queued_end": 1585500243.100984}, "device": "cpu", "nd_range": {"device_start": 2168017.316095604, "device_end": 2168017.327543354}, "cmdq": 0, "read": {"device_start": -1, "device_end": -1}}, "FFC_sans_bias18": {"write": {"device_start": -1, "host_queued_start": 1585500243.091263, "device_queued": -1, "device_end": -1, "host_queued_end": 1585500243.100984}, "device": "cpu", "nd_range": {"device_start": 2168017.314752254, "device_end": 2168017.321401475}, "cmdq": 1, "read": {"device_start": -1, "device_end": -1}}, "coalesced_transpose30": {"write": {"device_start": -1, "host_queued_start": 1585500243.068774, "device_queued": -1, "device_end": -1, "host_queued_end": 1585500243.079875}, "device": "gpu", "nd_range": {"device_start": 1585500180.1664088, "device_end": 1585500180.1672387}, "cmdq": 2, "read": {"device_start": -1, "device_end": -1}}, "FFC_sans_bias69": {"write": {"device_start": -1, "host_queued_start": 1585500243.074472, "device_queued": -1, "device_end": -1, "host_queued_end": 1585500243.079875}, "device": "gpu", "nd_range": {"device_start": 1585500180.1717446, "device_end": 1585500180.1731753}, "cmdq": 0, "read": {"device_start": -1, "device_end": -1}}, "FFC_sans_bias38": {"write": {"device_start": 1585500180.1616938, "host_queued_start": 1585500243.059006, "device_queued": 1585500180.1603038, "device_end": 1585500180.1617248, "host_queued_end": 1585500243.079875}, "device": "gpu", "nd_range": {"device_start": 1585500180.1617281, "device_end": 1585500180.163018}, "cmdq": 1, "read": {"device_start": -1, "device_end": -1}}, "coalesced_transpose57": {"write": {"device_start": -1, "host_queued_start": 1585500243.069692, "device_queued": -1, "device_end": -1, "host_queued_end": 1585500243.079875}, "device": "gpu", "nd_range": {"device_start": 1585500180.1672463, "device_end": 1585500180.1672714}, "cmdq": 2, "read": {"device_start": -1, "device_end": -1}}, "empty26": {"write": {"device_start": -1, "host_queued_start": 1585500243.083471, "device_queued": -1, "device_end": -1, "host_queued_end": 1585500243.100984}, "device": "cpu", "nd_range": {"device_start": 2168017.290599531, "device_end": 2168017.290600405}, "cmdq": 0, "read": {"device_start": -1, "device_end": -1}}, "coalesced_transpose12": {"write": {"device_start": -1, "host_queued_start": 1585500243.094286, "device_queued": -1, "device_end": -1, "host_queued_end": 1585500243.100984}, "device": "cpu", "nd_range": {"device_start": 2168017.328561529, "device_end": 2168017.328714319}, "cmdq": 1, "read": {"device_start": -1, "device_end": -1}}, "empty44": {"write": {"device_start": 1585500180.1595058, "host_queued_start": 1585500243.050001, "device_queued": 1585500180.1593852, "device_end": 1585500180.159577, "host_queued_end": 1585500243.079875}, "device": "gpu", "nd_range": {"device_start": 1585500180.1595848, "device_end": 1585500180.1595907}, "cmdq": 1, "read": {"device_start": -1, "device_end": -1}}, "coalesced_transpose21": {"write": {"device_start": -1, "host_queued_start": 1585500243.094672, "device_queued": -1, "device_end": -1, "host_queued_end": 1585500243.100984}, "device": "cpu", "nd_range": {"device_start": 2168017.327917019, "device_end": 2168017.328059249}, "cmdq": 0, "read": {"device_start": -1, "device_end": -1}}, "FFC_sans_bias36": {"write": {"device_start": 1585500180.1607435, "host_queued_start": 1585500243.056693, "device_queued": 1585500180.1600902, "device_end": 1585500180.160768, "host_queued_end": 1585500243.079875}, "device": "gpu", "nd_range": {"device_start": 1585500180.160772, "device_end": 1585500180.1620252}, "cmdq": 2, "read": {"device_start": -1, "device_end": -1}}, "softmax14": {"write": {"device_start": -1, "host_queued_start": 1585500243.09648, "device_queued": -1, "device_end": -1, "host_queued_end": 1585500243.100984}, "device": "cpu", "nd_range": {"device_start": 2168017.342195486, "device_end": 2168017.342344739}, "cmdq": 1, "read": {"device_start": -1, "device_end": -1}}, "FFC_sans_bias13": {"write": {"device_start": -1, "host_queued_start": 1585500243.095525, "device_queued": -1, "device_end": -1, "host_queued_end": 1585500243.100984}, "device": "cpu", "nd_range": {"device_start": 2168017.328721687, "device_end": 2168017.339197456}, "cmdq": 0, "read": {"device_start": -1, "device_end": -1}}, "empty8": {"write": {"device_start": -1, "host_queued_start": 1585500243.081394, "device_queued": -1, "device_end": -1, "host_queued_end": 1585500243.100984}, "device": "cpu", "nd_range": {"device_start": 2168017.2905683164, "device_end": 2168017.2905794033}, "cmdq": 0, "read": {"device_start": -1, "device_end": -1}}, "FFC_sans_bias42": {"write": {"device_start": -1, "host_queued_start": 1585500243.073522, "device_queued": -1, "device_end": -1, "host_queued_end": 1585500243.079875}, "device": "gpu", "nd_range": {"device_start": 1585500180.1705508, "device_end": 1585500180.1717372}, "cmdq": 0, "read": {"device_start": -1, "device_end": -1}}, "FFC_sans_bias43": {"write": {"device_start": 1585500180.1723013, "host_queued_start": 1585500243.076591, "device_queued": 1585500180.1624582, "device_end": 1585500180.172332, "host_queued_end": 1585500243.079875}, "device": "gpu", "nd_range": {"device_start": 1585500180.172342, "device_end": 1585500180.1736536}, "cmdq": 2, "read": {"device_start": 1585500180.1736603, "device_end": 1585500180.173691}}, "FFC_sans_bias40": {"write": {"device_start": -1, "host_queued_start": 1585500243.070666, "device_queued": -1, "device_end": -1, "host_queued_end": 1585500243.079875}, "device": "gpu", "nd_range": {"device_start": 1585500180.1673908, "device_end": 1585500180.1679971}, "cmdq": 2, "read": {"device_start": -1, "device_end": -1}}, "softmax32": {"write": {"device_start": -1, "host_queued_start": 1585500243.071908, "device_queued": -1, "device_end": -1, "host_queued_end": 1585500243.079875}, "device": "gpu", "nd_range": {"device_start": 1585500180.1689785, "device_end": 1585500180.170165}, "cmdq": 0, "read": {"device_start": -1, "device_end": -1}}, "FFC_sans_bias47": {"write": {"device_start": 1585500180.1631343, "host_queued_start": 1585500243.062147, "device_queued": 1585500180.1606867, "device_end": 1585500180.163174, "host_queued_end": 1585500243.079875}, "device": "gpu", "nd_range": {"device_start": 1585500180.1631806, "device_end": 1585500180.164475}, "cmdq": 1, "read": {"device_start": -1, "device_end": -1}}, "FFC_sans_bias45": {"write": {"device_start": 1585500180.162143, "host_queued_start": 1585500243.060047, "device_queued": 1585500180.160433, "device_end": 1585500180.1621754, "host_queued_end": 1585500243.079875}, "device": "gpu", "nd_range": {"device_start": 1585500180.1621788, "device_end": 1585500180.1635249}, "cmdq": 2, "read": {"device_start": -1, "device_end": -1}}, "softmax50": {"write": {"device_start": -1, "host_queued_start": 1585500243.072401, "device_queued": -1, "device_end": -1, "host_queued_end": 1585500243.079875}, "device": "gpu", "nd_range": {"device_start": 1585500180.1693976, "device_end": 1585500180.1701622}, "cmdq": 2, "read": {"device_start": -1, "device_end": -1}}, "FFC_sans_bias33": {"write": {"device_start": -1, "host_queued_start": 1585500243.073206, "device_queued": -1, "device_end": -1, "host_queued_end": 1585500243.079875}, "device": "gpu", "nd_range": {"device_start": 1585500180.1701825, "device_end": 1585500180.1707802}, "cmdq": 2, "read": {"device_start": -1, "device_end": -1}}, "FFC_sans_bias63": {"write": {"device_start": 1585500180.1660614, "host_queued_start": 1585500243.068433, "device_queued": 1585500180.1613576, "device_end": 1585500180.1660926, "host_queued_end": 1585500243.079875}, "device": "gpu", "nd_range": {"device_start": 1585500180.1660998, "device_end": 1585500180.1673744}, "cmdq": 1, "read": {"device_start": -1, "device_end": -1}}, "FFC_sans_bias49": {"write": {"device_start": -1, "host_queued_start": 1585500243.071022, "device_queued": -1, "device_end": -1, "host_queued_end": 1585500243.079875}, "device": "gpu", "nd_range": {"device_start": 1585500180.1674175, "device_end": 1585500180.168971}, "cmdq": 0, "read": {"device_start": -1, "device_end": -1}}, "FFC_sans_bias64": {"write": {"device_start": 1585500180.1650925, "host_queued_start": 1585500243.066316, "device_queued": 1585500180.1611283, "device_end": 1585500180.1651258, "host_queued_end": 1585500243.079875}, "device": "gpu", "nd_range": {"device_start": 1585500180.1651323, "device_end": 1585500180.1664073}, "cmdq": 2, "read": {"device_start": -1, "device_end": -1}}, "FFC_sans_bias65": {"write": {"device_start": 1585500180.1655502, "host_queued_start": 1585500243.067391, "device_queued": 1585500180.1612265, "device_end": 1585500180.1655824, "host_queued_end": 1585500243.079875}, "device": "gpu", "nd_range": {"device_start": 1585500180.1655884, "device_end": 1585500180.1668804}, "cmdq": 0, "read": {"device_start": -1, "device_end": -1}}, "FFC_sans_bias67": {"write": {"device_start": -1, "host_queued_start": 1585500243.071654, "device_queued": -1, "device_end": -1, "host_queued_end": 1585500243.079875}, "device": "gpu", "nd_range": {"device_start": 1585500180.168005, "device_end": 1585500180.1693897}, "cmdq": 2, "read": {"device_start": -1, "device_end": -1}}, "FFC_sans_bias24": {"write": {"device_start": -1, "host_queued_start": 1585500243.097863, "device_queued": -1, "device_end": -1, "host_queued_end": 1585500243.100984}, "device": "cpu", "nd_range": {"device_start": 2168017.351122395, "device_end": 2168017.36339131}, "cmdq": 1, "read": {"device_start": -1, "device_end": -1}}, "FFC_sans_bias25": {"write": {"device_start": -1, "host_queued_start": 1585500243.100939, "device_queued": -1, "device_end": -1, "host_queued_end": 1585500243.100984}, "device": "cpu", "nd_range": {"device_start": 2168017.3633994083, "device_end": 2168017.3712542662}, "cmdq": 0, "read": {"device_start": -1, "device_end": -1}}, "FFC_sans_bias27": {"write": {"device_start": 1585500180.1599512, "host_queued_start": 1585500243.053502, "device_queued": 1585500180.1597729, "device_end": 1585500180.1600177, "host_queued_end": 1585500243.079875}, "device": "gpu", "nd_range": {"device_start": 1585500180.1600296, "device_end": 1585500180.1606388}, "cmdq": 2, "read": {"device_start": -1, "device_end": -1}}, "FFC_sans_bias20": {"write": {"device_start": -1, "host_queued_start": 1585500243.093446, "device_queued": -1, "device_end": -1, "host_queued_end": 1585500243.100984}, "device": "cpu", "nd_range": {"device_start": 2168017.321517557, "device_end": 2168017.328554051}, "cmdq": 1, "read": {"device_start": -1, "device_end": -1}}, "FFC_sans_bias22": {"write": {"device_start": -1, "host_queued_start": 1585500243.095895, "device_queued": -1, "device_end": -1, "host_queued_end": 1585500243.100984}, "device": "cpu", "nd_range": {"device_start": 2168017.336980443, "device_end": 2168017.342068825}, "cmdq": 1, "read": {"device_start": -1, "device_end": -1}}, "softmax68": {"write": {"device_start": -1, "host_queued_start": 1585500243.072896, "device_queued": -1, "device_end": -1, "host_queued_end": 1585500243.079875}, "device": "gpu", "nd_range": {"device_start": 1585500180.1700957, "device_end": 1585500180.1704135}, "cmdq": 1, "read": {"device_start": -1, "device_end": -1}}, "softmax5": {"write": {"device_start": -1, "host_queued_start": 1585500243.096175, "device_queued": -1, "device_end": -1, "host_queued_end": 1585500243.100984}, "device": "cpu", "nd_range": {"device_start": 2168017.339333632, "device_end": 2168017.3395501813}, "cmdq": 0, "read": {"device_start": -1, "device_end": -1}}, "FFC_sans_bias28": {"write": {"device_start": 1585500180.1600409, "host_queued_start": 1585500243.054551, "device_queued": 1585500180.159832, "device_end": 1585500180.160075, "host_queued_end": 1585500243.079875}, "device": "gpu", "nd_range": {"device_start": 1585500180.1600785, "device_end": 1585500180.1610417}, "cmdq": 0, "read": {"device_start": -1, "device_end": -1}}, "FFC_sans_bias29": {"write": {"device_start": 1585500180.1601582, "host_queued_start": 1585500243.055653, "device_queued": 1585500180.160057, "device_end": 1585500180.1601884, "host_queued_end": 1585500243.079875}, "device": "gpu", "nd_range": {"device_start": 1585500180.1601913, "device_end": 1585500180.1616092}, "cmdq": 1, "read": {"device_start": -1, "device_end": -1}}, "empty17": {"write": {"device_start": -1, "host_queued_start": 1585500243.082496, "device_queued": -1, "device_end": -1, "host_queued_end": 1585500243.100984}, "device": "cpu", "nd_range": {"device_start": 2168017.2905677883, "device_end": 2168017.290579415}, "cmdq": 1, "read": {"device_start": -1, "device_end": -1}}, "softmax59": {"write": {"device_start": -1, "host_queued_start": 1585500243.072648, "device_queued": -1, "device_end": -1, "host_queued_end": 1585500243.079875}, "device": "gpu", "nd_range": {"device_start": 1585500180.170172, "device_end": 1585500180.1705441}, "cmdq": 0, "read": {"device_start": -1, "device_end": -1}}, "empty71": {"write": {"device_start": 1585500180.15985, "host_queued_start": 1585500243.052528, "device_queued": 1585500180.1597466, "device_end": 1585500180.1598992, "host_queued_end": 1585500243.079875}, "device": "gpu", "nd_range": {"device_start": 1585500180.1599028, "device_end": 1585500180.159907}, "cmdq": 1, "read": {"device_start": -1, "device_end": -1}}, "empty35": {"write": {"device_start": 1585500180.1593947, "host_queued_start": 1585500243.048953, "device_queued": 1585500180.1592667, "device_end": 1585500180.1594627, "host_queued_end": 1585500243.079875}, "device": "gpu", "nd_range": {"device_start": 1585500180.1594687, "device_end": 1585500180.1594777}, "cmdq": 0, "read": {"device_start": -1, "device_end": -1}}, "empty53": {"write": {"device_start": 1585500180.1595976, "host_queued_start": 1585500243.050874, "device_queued": 1585500180.1594086, "device_end": 1585500180.1596797, "host_queued_end": 1585500243.079875}, "device": "gpu", "nd_range": {"device_start": 1585500180.159683, "device_end": 1585500180.1596873}, "cmdq": 2, "read": {"device_start": -1, "device_end": -1}}, "FFC_sans_bias46": {"write": {"device_start": 1585500180.1626925, "host_queued_start": 1585500243.061094, "device_queued": 1585500180.1605098, "device_end": 1585500180.1627226, "host_queued_end": 1585500243.079875}, "device": "gpu", "nd_range": {"device_start": 1585500180.1627293, "device_end": 1585500180.1640062}, "cmdq": 0, "read": {"device_start": -1, "device_end": -1}}, "coalesced_transpose66": {"write": {"device_start": -1, "host_queued_start": 1585500243.069987, "device_queued": -1, "device_end": -1, "host_queued_end": 1585500243.079875}, "device": "gpu", "nd_range": {"device_start": 1585500180.1672587, "device_end": 1585500180.1672752}, "cmdq": 0, "read": {"device_start": -1, "device_end": -1}}, "coalesced_transpose48": {"write": {"device_start": -1, "host_queued_start": 1585500243.069389, "device_queued": -1, "device_end": -1, "host_queued_end": 1585500243.079875}, "device": "gpu", "nd_range": {"device_start": 1585500180.1673794, "device_end": 1585500180.1673965}, "cmdq": 1, "read": {"device_start": -1, "device_end": -1}}}