{"FFC_sans_bias60": {"write": {"device_start": -1, "host_queued_start": 1585500229.024969, "device_queued": -1, "device_end": -1, "host_queued_end": 1585500229.032235}, "device": "cpu", "nd_range": {"device_start": 2168003.391886855, "device_end": 2168003.397180953}, "cmdq": 0, "read": {"device_start": -1, "device_end": -1}}, "FFC_sans_bias4": {"write": {"device_start": -1, "host_queued_start": 1585500229.017585, "device_queued": -1, "device_end": -1, "host_queued_end": 1585500229.032235}, "device": "cpu", "nd_range": {"device_start": 2168003.3190022702, "device_end": 2168003.324725226}, "cmdq": 0, "read": {"device_start": -1, "device_end": -1}}, "FFC_sans_bias7": {"write": {"device_start": -1, "host_queued_start": 1585500229.026101, "device_queued": -1, "device_end": -1, "host_queued_end": 1585500229.032235}, "device": "cpu", "nd_range": {"device_start": 2168003.397186426, "device_end": 2168003.402511592}, "cmdq": 0, "read": {"device_start": -1, "device_end": -1}}, "FFC_sans_bias6": {"write": {"device_start": -1, "host_queued_start": 1585500229.022682, "device_queued": -1, "device_end": -1, "host_queued_end": 1585500229.032235}, "device": "cpu", "nd_range": {"device_start": 2168003.359495157, "device_end": 2168003.3648696314}, "cmdq": 0, "read": {"device_start": -1, "device_end": -1}}, "FFC_sans_bias1": {"write": {"device_start": -1, "host_queued_start": 1585500228.991402, "device_queued": -1, "device_end": -1, "host_queued_end": 1585500229.032235}, "device": "cpu", "nd_range": {"device_start": 2168003.226475303, "device_end": 2168003.2304068613}, "cmdq": 0, "read": {"device_start": -1, "device_end": -1}}, "FFC_sans_bias0": {"write": {"device_start": -1, "host_queued_start": 1585500228.990322, "device_queued": -1, "device_end": -1, "host_queued_end": 1585500229.032235}, "device": "cpu", "nd_range": {"device_start": 2168003.221911401, "device_end": 2168003.226455001}, "cmdq": 0, "read": {"device_start": -1, "device_end": -1}}, "FFC_sans_bias2": {"write": {"device_start": -1, "host_queued_start": 1585500228.992459, "device_queued": -1, "device_end": -1, "host_queued_end": 1585500229.032235}, "device": "cpu", "nd_range": {"device_start": 2168003.230417325, "device_end": 2168003.234322911}, "cmdq": 0, "read": {"device_start": -1, "device_end": -1}}, "FFC_sans_bias61": {"write": {"device_start": -1, "host_queued_start": 1585500229.03219, "device_queued": -1, "device_end": -1, "host_queued_end": 1585500229.032235}, "device": "cpu", "nd_range": {"device_start": 2168003.430544558, "device_end": 2168003.435777586}, "cmdq": 0, "read": {"device_start": -1, "device_end": -1}}, "FFC_sans_bias52": {"write": {"device_start": -1, "host_queued_start": 1585500229.031195, "device_queued": -1, "device_end": -1, "host_queued_end": 1585500229.032235}, "device": "cpu", "nd_range": {"device_start": 2168003.424155514, "device_end": 2168003.430541969}, "cmdq": 0, "read": {"device_start": -1, "device_end": -1}}, "FFC_sans_bias9": {"write": {"device_start": -1, "host_queued_start": 1585500228.993529, "device_queued": -1, "device_end": -1, "host_queued_end": 1585500229.032235}, "device": "cpu", "nd_range": {"device_start": 2168003.234336413, "device_end": 2168003.238260954}, "cmdq": 0, "read": {"device_start": -1, "device_end": -1}}, "coalesced_transpose39": {"write": {"device_start": -1, "host_queued_start": 1585500229.01654, "device_queued": -1, "device_end": -1, "host_queued_end": 1585500229.032235}, "device": "cpu", "nd_range": {"device_start": 2168003.318459699, "device_end": 2168003.318614453}, "cmdq": 0, "read": {"device_start": -1, "device_end": -1}}, "FFC_sans_bias55": {"write": {"device_start": -1, "host_queued_start": 1585500229.014731, "device_queued": -1, "device_end": -1, "host_queued_end": 1585500229.032235}, "device": "cpu", "nd_range": {"device_start": 2168003.312982703, "device_end": 2168003.317576716}, "cmdq": 0, "read": {"device_start": -1, "device_end": -1}}, "FFC_sans_bias54": {"write": {"device_start": -1, "host_queued_start": 1585500229.013514, "device_queued": -1, "device_end": -1, "host_queued_end": 1585500229.032235}, "device": "cpu", "nd_range": {"device_start": 2168003.307623167, "device_end": 2168003.312977684}, "cmdq": 0, "read": {"device_start": -1, "device_end": -1}}, "FFC_sans_bias56": {"write": {"device_start": -1, "host_queued_start": 1585500229.012339, "device_queued": -1, "device_end": -1, "host_queued_end": 1585500229.032235}, "device": "cpu", "nd_range": {"device_start": 2168003.302934191, "device_end": 2168003.3076177523}, "cmdq": 0, "read": {"device_start": -1, "device_end": -1}}, "FFC_sans_bias51": {"write": {"device_start": -1, "host_queued_start": 1585500229.024597, "device_queued": -1, "device_end": -1, "host_queued_end": 1585500229.032235}, "device": "cpu", "nd_range": {"device_start": 2168003.386648004, "device_end": 2168003.391881442}, "cmdq": 0, "read": {"device_start": -1, "device_end": -1}}, "softmax23": {"write": {"device_start": -1, "host_queued_start": 1585500229.021013, "device_queued": -1, "device_end": -1, "host_queued_end": 1585500229.032235}, "device": "cpu", "nd_range": {"device_start": 2168003.358440694, "device_end": 2168003.358638951}, "cmdq": 0, "read": {"device_start": -1, "device_end": -1}}, "FFC_sans_bias37": {"write": {"device_start": -1, "host_queued_start": 1585500229.00648, "device_queued": -1, "device_end": -1, "host_queued_end": 1585500229.032235}, "device": "cpu", "nd_range": {"device_start": 2168003.280230699, "device_end": 2168003.2848823913}, "cmdq": 0, "read": {"device_start": -1, "device_end": -1}}, "empty62": {"write": {"device_start": -1, "host_queued_start": 1585500228.98937, "device_queued": -1, "device_end": -1, "host_queued_end": 1585500229.032235}, "device": "cpu", "nd_range": {"device_start": 2168003.221905339, "device_end": 2168003.221906005}, "cmdq": 0, "read": {"device_start": -1, "device_end": -1}}, "FFC_sans_bias70": {"write": {"device_start": 1585500166.0653248, "host_queued_start": 1585500228.982829, "device_queued": 1585500166.0634074, "device_end": 1585500166.0653558, "host_queued_end": 1585500228.982946}, "device": "gpu", "nd_range": {"device_start": 1585500166.0660267, "device_end": 1585500166.0666234}, "cmdq": 2, "read": {"device_start": 1585500166.066625, "device_end": 1585500166.0666478}}, "FFC_sans_bias58": {"write": {"device_start": -1, "host_queued_start": 1585500229.02007, "device_queued": -1, "device_end": -1, "host_queued_end": 1585500229.032235}, "device": "cpu", "nd_range": {"device_start": 2168003.352380848, "device_end": 2168003.357652579}, "cmdq": 0, "read": {"device_start": -1, "device_end": -1}}, "softmax41": {"write": {"device_start": -1, "host_queued_start": 1585500229.021625, "device_queued": -1, "device_end": -1, "host_queued_end": 1585500229.032235}, "device": "cpu", "nd_range": {"device_start": 2168003.358883075, "device_end": 2168003.359076378}, "cmdq": 0, "read": {"device_start": -1, "device_end": -1}}, "FFC_sans_bias11": {"write": {"device_start": -1, "host_queued_start": 1585500228.995663, "device_queued": -1, "device_end": -1, "host_queued_end": 1585500229.032235}, "device": "cpu", "nd_range": {"device_start": 2168003.243066919, "device_end": 2168003.24759531}, "cmdq": 0, "read": {"device_start": -1, "device_end": -1}}, "FFC_sans_bias10": {"write": {"device_start": -1, "host_queued_start": 1585500228.994593, "device_queued": -1, "device_end": -1, "host_queued_end": 1585500229.032235}, "device": "cpu", "nd_range": {"device_start": 2168003.238266718, "device_end": 2168003.243062276}, "cmdq": 0, "read": {"device_start": -1, "device_end": -1}}, "coalesced_transpose3": {"write": {"device_start": -1, "host_queued_start": 1585500229.015155, "device_queued": -1, "device_end": -1, "host_queued_end": 1585500229.032235}, "device": "cpu", "nd_range": {"device_start": 2168003.317582096, "device_end": 2168003.31774742}, "cmdq": 0, "read": {"device_start": -1, "device_end": -1}}, "FFC_sans_bias34": {"write": {"device_start": -1, "host_queued_start": 1585500229.02921, "device_queued": -1, "device_end": -1, "host_queued_end": 1585500229.032235}, "device": "cpu", "nd_range": {"device_start": 2168003.413385753, "device_end": 2168003.418911838}, "cmdq": 0, "read": {"device_start": -1, "device_end": -1}}, "FFC_sans_bias15": {"write": {"device_start": -1, "host_queued_start": 1585500229.023068, "device_queued": -1, "device_end": -1, "host_queued_end": 1585500229.032235}, "device": "cpu", "nd_range": {"device_start": 2168003.3648798233, "device_end": 2168003.3703701063}, "cmdq": 0, "read": {"device_start": -1, "device_end": -1}}, "FFC_sans_bias31": {"write": {"device_start": -1, "host_queued_start": 1585500229.018895, "device_queued": -1, "device_end": -1, "host_queued_end": 1585500229.032235}, "device": "cpu", "nd_range": {"device_start": 2168003.335559909, "device_end": 2168003.3408350972}, "cmdq": 0, "read": {"device_start": -1, "device_end": -1}}, "FFC_sans_bias16": {"write": {"device_start": -1, "host_queued_start": 1585500229.027211, "device_queued": -1, "device_end": -1, "host_queued_end": 1585500229.032235}, "device": "cpu", "nd_range": {"device_start": 2168003.402514895, "device_end": 2168003.408076243}, "cmdq": 0, "read": {"device_start": -1, "device_end": -1}}, "FFC_sans_bias19": {"write": {"device_start": -1, "host_queued_start": 1585500228.997799, "device_queued": -1, "device_end": -1, "host_queued_end": 1585500229.032235}, "device": "cpu", "nd_range": {"device_start": 2168003.252741213, "device_end": 2168003.257061275}, "cmdq": 0, "read": {"device_start": -1, "device_end": -1}}, "FFC_sans_bias18": {"write": {"device_start": -1, "host_queued_start": 1585500228.996739, "device_queued": -1, "device_end": -1, "host_queued_end": 1585500229.032235}, "device": "cpu", "nd_range": {"device_start": 2168003.2476000153, "device_end": 2168003.25273595}, "cmdq": 0, "read": {"device_start": -1, "device_end": -1}}, "coalesced_transpose30": {"write": {"device_start": -1, "host_queued_start": 1585500229.016207, "device_queued": -1, "device_end": -1, "host_queued_end": 1585500229.032235}, "device": "cpu", "nd_range": {"device_start": 2168003.3183411174, "device_end": 2168003.318453077}, "cmdq": 0, "read": {"device_start": -1, "device_end": -1}}, "FFC_sans_bias69": {"write": {"device_start": -1, "host_queued_start": 1585500228.981733, "device_queued": -1, "device_end": -1, "host_queued_end": 1585500228.982946}, "device": "gpu", "nd_range": {"device_start": 1585500166.065427, "device_end": 1585500166.0660233}, "cmdq": 1, "read": {"device_start": -1, "device_end": -1}}, "FFC_sans_bias38": {"write": {"device_start": -1, "host_queued_start": 1585500229.007686, "device_queued": -1, "device_end": -1, "host_queued_end": 1585500229.032235}, "device": "cpu", "nd_range": {"device_start": 2168003.284887406, "device_end": 2168003.289447147}, "cmdq": 0, "read": {"device_start": -1, "device_end": -1}}, "coalesced_transpose57": {"write": {"device_start": -1, "host_queued_start": 1585500229.017216, "device_queued": -1, "device_end": -1, "host_queued_end": 1585500229.032235}, "device": "cpu", "nd_range": {"device_start": 2168003.3188339863, "device_end": 2168003.3189921193}, "cmdq": 0, "read": {"device_start": -1, "device_end": -1}}, "empty26": {"write": {"device_start": -1, "host_queued_start": 1585500228.98611, "device_queued": -1, "device_end": -1, "host_queued_end": 1585500229.032235}, "device": "cpu", "nd_range": {"device_start": 2168003.221886556, "device_end": 2168003.221887324}, "cmdq": 0, "read": {"device_start": -1, "device_end": -1}}, "coalesced_transpose12": {"write": {"device_start": -1, "host_queued_start": 1585500229.015511, "device_queued": -1, "device_end": -1, "host_queued_end": 1585500229.032235}, "device": "cpu", "nd_range": {"device_start": 2168003.3178820573, "device_end": 2168003.3179906183}, "cmdq": 0, "read": {"device_start": -1, "device_end": -1}}, "empty44": {"write": {"device_start": -1, "host_queued_start": 1585500228.987763, "device_queued": -1, "device_end": -1, "host_queued_end": 1585500229.032235}, "device": "cpu", "nd_range": {"device_start": 2168003.221895981, "device_end": 2168003.2218966503}, "cmdq": 0, "read": {"device_start": -1, "device_end": -1}}, "coalesced_transpose21": {"write": {"device_start": -1, "host_queued_start": 1585500229.015859, "device_queued": -1, "device_end": -1, "host_queued_end": 1585500229.032235}, "device": "cpu", "nd_range": {"device_start": 2168003.318114628, "device_end": 2168003.318224621}, "cmdq": 0, "read": {"device_start": -1, "device_end": -1}}, "FFC_sans_bias36": {"write": {"device_start": -1, "host_queued_start": 1585500229.005139, "device_queued": -1, "device_end": -1, "host_queued_end": 1585500229.032235}, "device": "cpu", "nd_range": {"device_start": 2168003.27586417, "device_end": 2168003.2802253123}, "cmdq": 0, "read": {"device_start": -1, "device_end": -1}}, "softmax14": {"write": {"device_start": -1, "host_queued_start": 1585500229.0207, "device_queued": -1, "device_end": -1, "host_queued_end": 1585500229.032235}, "device": "cpu", "nd_range": {"device_start": 2168003.357898776, "device_end": 2168003.358427064}, "cmdq": 0, "read": {"device_start": -1, "device_end": -1}}, "FFC_sans_bias13": {"write": {"device_start": -1, "host_queued_start": 1585500229.018117, "device_queued": -1, "device_end": -1, "host_queued_end": 1585500229.032235}, "device": "cpu", "nd_range": {"device_start": 2168003.3247314533, "device_end": 2168003.33033018}, "cmdq": 0, "read": {"device_start": -1, "device_end": -1}}, "empty8": {"write": {"device_start": -1, "host_queued_start": 1585500228.984385, "device_queued": -1, "device_end": -1, "host_queued_end": 1585500229.032235}, "device": "cpu", "nd_range": {"device_start": 2168003.2218484203, "device_end": 2168003.2218609583}, "cmdq": 0, "read": {"device_start": -1, "device_end": -1}}, "FFC_sans_bias42": {"write": {"device_start": -1, "host_queued_start": 1585500229.024223, "device_queued": -1, "device_end": -1, "host_queued_end": 1585500229.032235}, "device": "cpu", "nd_range": {"device_start": 2168003.381147072, "device_end": 2168003.386641736}, "cmdq": 0, "read": {"device_start": -1, "device_end": -1}}, "FFC_sans_bias43": {"write": {"device_start": -1, "host_queued_start": 1585500229.0302, "device_queued": -1, "device_end": -1, "host_queued_end": 1585500229.032235}, "device": "cpu", "nd_range": {"device_start": 2168003.418914639, "device_end": 2168003.424152542}, "cmdq": 0, "read": {"device_start": -1, "device_end": -1}}, "FFC_sans_bias40": {"write": {"device_start": -1, "host_queued_start": 1585500229.019283, "device_queued": -1, "device_end": -1, "host_queued_end": 1585500229.032235}, "device": "cpu", "nd_range": {"device_start": 2168003.3408412263, "device_end": 2168003.346454304}, "cmdq": 0, "read": {"device_start": -1, "device_end": -1}}, "softmax32": {"write": {"device_start": -1, "host_queued_start": 1585500229.021316, "device_queued": -1, "device_end": -1, "host_queued_end": 1585500229.032235}, "device": "cpu", "nd_range": {"device_start": 2168003.358644878, "device_end": 2168003.3588695163}, "cmdq": 0, "read": {"device_start": -1, "device_end": -1}}, "FFC_sans_bias47": {"write": {"device_start": -1, "host_queued_start": 1585500229.011179, "device_queued": -1, "device_end": -1, "host_queued_end": 1585500229.032235}, "device": "cpu", "nd_range": {"device_start": 2168003.2983643143, "device_end": 2168003.302928951}, "cmdq": 0, "read": {"device_start": -1, "device_end": -1}}, "FFC_sans_bias45": {"write": {"device_start": -1, "host_queued_start": 1585500229.00884, "device_queued": -1, "device_end": -1, "host_queued_end": 1585500229.032235}, "device": "cpu", "nd_range": {"device_start": 2168003.289452067, "device_end": 2168003.2940336782}, "cmdq": 0, "read": {"device_start": -1, "device_end": -1}}, "softmax50": {"write": {"device_start": -1, "host_queued_start": 1585500229.021957, "device_queued": -1, "device_end": -1, "host_queued_end": 1585500229.032235}, "device": "cpu", "nd_range": {"device_start": 2168003.359091103, "device_end": 2168003.3592827623}, "cmdq": 0, "read": {"device_start": -1, "device_end": -1}}, "FFC_sans_bias33": {"write": {"device_start": -1, "host_queued_start": 1585500229.023849, "device_queued": -1, "device_end": -1, "host_queued_end": 1585500229.032235}, "device": "cpu", "nd_range": {"device_start": 2168003.375633261, "device_end": 2168003.381141563}, "cmdq": 0, "read": {"device_start": -1, "device_end": -1}}, "FFC_sans_bias63": {"write": {"device_start": 1585500166.063305, "host_queued_start": 1585500228.980531, "device_queued": 1585500166.0632105, "device_end": 1585500166.063334, "host_queued_end": 1585500228.982946}, "device": "gpu", "nd_range": {"device_start": 1585500166.0633368, "device_end": 1585500166.0646372}, "cmdq": 0, "read": {"device_start": -1, "device_end": -1}}, "FFC_sans_bias49": {"write": {"device_start": -1, "host_queued_start": 1585500229.01968, "device_queued": -1, "device_end": -1, "host_queued_end": 1585500229.032235}, "device": "cpu", "nd_range": {"device_start": 2168003.3464605613, "device_end": 2168003.352374474}, "cmdq": 0, "read": {"device_start": -1, "device_end": -1}}, "FFC_sans_bias64": {"write": {"device_start": 1585500166.06306, "host_queued_start": 1585500228.978336, "device_queued": 1585500166.0629325, "device_end": 1585500166.0631192, "host_queued_end": 1585500228.982946}, "device": "gpu", "nd_range": {"device_start": 1585500166.063127, "device_end": 1585500166.0637338}, "cmdq": 1, "read": {"device_start": -1, "device_end": -1}}, "FFC_sans_bias65": {"write": {"device_start": 1585500166.063152, "host_queued_start": 1585500228.979456, "device_queued": 1585500166.0629516, "device_end": 1585500166.0631814, "host_queued_end": 1585500228.982946}, "device": "gpu", "nd_range": {"device_start": 1585500166.063199, "device_end": 1585500166.0641484}, "cmdq": 2, "read": {"device_start": -1, "device_end": -1}}, "FFC_sans_bias67": {"write": {"device_start": -1, "host_queued_start": 1585500228.981168, "device_queued": -1, "device_end": -1, "host_queued_end": 1585500228.982946}, "device": "gpu", "nd_range": {"device_start": 1585500166.0646422, "device_end": 1585500166.0652287}, "cmdq": 2, "read": {"device_start": -1, "device_end": -1}}, "FFC_sans_bias24": {"write": {"device_start": -1, "host_queued_start": 1585500229.023475, "device_queued": -1, "device_end": -1, "host_queued_end": 1585500229.032235}, "device": "cpu", "nd_range": {"device_start": 2168003.370376429, "device_end": 2168003.375627646}, "cmdq": 0, "read": {"device_start": -1, "device_end": -1}}, "FFC_sans_bias25": {"write": {"device_start": -1, "host_queued_start": 1585500229.028222, "device_queued": -1, "device_end": -1, "host_queued_end": 1585500229.032235}, "device": "cpu", "nd_range": {"device_start": 2168003.40807926, "device_end": 2168003.4133829083}, "cmdq": 0, "read": {"device_start": -1, "device_end": -1}}, "FFC_sans_bias27": {"write": {"device_start": -1, "host_queued_start": 1585500228.999917, "device_queued": -1, "device_end": -1, "host_queued_end": 1585500229.032235}, "device": "cpu", "nd_range": {"device_start": 2168003.2616520873, "device_end": 2168003.266927245}, "cmdq": 0, "read": {"device_start": -1, "device_end": -1}}, "FFC_sans_bias20": {"write": {"device_start": -1, "host_queued_start": 1585500228.998872, "device_queued": -1, "device_end": -1, "host_queued_end": 1585500229.032235}, "device": "cpu", "nd_range": {"device_start": 2168003.2570660203, "device_end": 2168003.261647098}, "cmdq": 0, "read": {"device_start": -1, "device_end": -1}}, "FFC_sans_bias22": {"write": {"device_start": -1, "host_queued_start": 1585500229.018499, "device_queued": -1, "device_end": -1, "host_queued_end": 1585500229.032235}, "device": "cpu", "nd_range": {"device_start": 2168003.3303378033, "device_end": 2168003.335554262}, "cmdq": 0, "read": {"device_start": -1, "device_end": -1}}, "softmax68": {"write": {"device_start": -1, "host_queued_start": 1585500228.981424, "device_queued": -1, "device_end": -1, "host_queued_end": 1585500228.982946}, "device": "gpu", "nd_range": {"device_start": 1585500166.0652306, "device_end": 1585500166.0654225}, "cmdq": 0, "read": {"device_start": -1, "device_end": -1}}, "softmax5": {"write": {"device_start": -1, "host_queued_start": 1585500229.020387, "device_queued": -1, "device_end": -1, "host_queued_end": 1585500229.032235}, "device": "cpu", "nd_range": {"device_start": 2168003.3576577753, "device_end": 2168003.3578933612}, "cmdq": 0, "read": {"device_start": -1, "device_end": -1}}, "FFC_sans_bias28": {"write": {"device_start": -1, "host_queued_start": 1585500229.001073, "device_queued": -1, "device_end": -1, "host_queued_end": 1585500229.032235}, "device": "cpu", "nd_range": {"device_start": 2168003.2669321643, "device_end": 2168003.271257412}, "cmdq": 0, "read": {"device_start": -1, "device_end": -1}}, "FFC_sans_bias29": {"write": {"device_start": -1, "host_queued_start": 1585500229.003115, "device_queued": -1, "device_end": -1, "host_queued_end": 1585500229.032235}, "device": "cpu", "nd_range": {"device_start": 2168003.2712710393, "device_end": 2168003.2758590993}, "cmdq": 0, "read": {"device_start": -1, "device_end": -1}}, "empty17": {"write": {"device_start": -1, "host_queued_start": 1585500228.985266, "device_queued": -1, "device_end": -1, "host_queued_end": 1585500229.032235}, "device": "cpu", "nd_range": {"device_start": 2168003.221880164, "device_end": 2168003.2218812783}, "cmdq": 0, "read": {"device_start": -1, "device_end": -1}}, "softmax59": {"write": {"device_start": -1, "host_queued_start": 1585500229.022279, "device_queued": -1, "device_end": -1, "host_queued_end": 1585500229.032235}, "device": "cpu", "nd_range": {"device_start": 2168003.359296978, "device_end": 2168003.3594900193}, "cmdq": 0, "read": {"device_start": -1, "device_end": -1}}, "empty71": {"write": {"device_start": 1585500166.0629625, "host_queued_start": 1585500228.977127, "device_queued": 1585500166.0628471, "device_end": 1585500166.0630107, "host_queued_end": 1585500228.982946}, "device": "gpu", "nd_range": {"device_start": 1585500166.063016, "device_end": 1585500166.0630226}, "cmdq": 0, "read": {"device_start": -1, "device_end": -1}}, "empty35": {"write": {"device_start": -1, "host_queued_start": 1585500228.98694, "device_queued": -1, "device_end": -1, "host_queued_end": 1585500229.032235}, "device": "cpu", "nd_range": {"device_start": 2168003.221891614, "device_end": 2168003.221892354}, "cmdq": 0, "read": {"device_start": -1, "device_end": -1}}, "empty53": {"write": {"device_start": -1, "host_queued_start": 1585500228.988567, "device_queued": -1, "device_end": -1, "host_queued_end": 1585500229.032235}, "device": "cpu", "nd_range": {"device_start": 2168003.221900564, "device_end": 2168003.22190133}, "cmdq": 0, "read": {"device_start": -1, "device_end": -1}}, "FFC_sans_bias46": {"write": {"device_start": -1, "host_queued_start": 1585500229.009998, "device_queued": -1, "device_end": -1, "host_queued_end": 1585500229.032235}, "device": "cpu", "nd_range": {"device_start": 2168003.2940388233, "device_end": 2168003.298359054}, "cmdq": 0, "read": {"device_start": -1, "device_end": -1}}, "coalesced_transpose66": {"write": {"device_start": -1, "host_queued_start": 1585500228.980849, "device_queued": -1, "device_end": -1, "host_queued_end": 1585500228.982946}, "device": "gpu", "nd_range": {"device_start": 1585500166.0637355, "device_end": 1585500166.0645516}, "cmdq": 1, "read": {"device_start": -1, "device_end": -1}}, "coalesced_transpose48": {"write": {"device_start": -1, "host_queued_start": 1585500229.016869, "device_queued": -1, "device_end": -1, "host_queued_end": 1585500229.032235}, "device": "cpu", "nd_range": {"device_start": 2168003.3187281513, "device_end": 2168003.3188281353}, "cmdq": 0, "read": {"device_start": -1, "device_end": -1}}}