{"FFC_sans_bias60": {"write": {"device_start": -1, "host_queued_start": 1585500288.120652, "device_queued": -1, "device_end": -1, "host_queued_end": 1585500288.128344}, "device": "gpu", "nd_range": {"device_start": 1585500225.2268615, "device_end": 1585500225.2283213}, "cmdq": 0, "read": {"device_start": -1, "device_end": -1}}, "FFC_sans_bias4": {"write": {"device_start": -1, "host_queued_start": 1585500288.13497, "device_queued": -1, "device_end": -1, "host_queued_end": 1585500288.136913}, "device": "cpu", "nd_range": {"device_start": 2168062.3385297353, "device_end": 2168062.343035703}, "cmdq": 1, "read": {"device_start": -1, "device_end": -1}}, "FFC_sans_bias7": {"write": {"device_start": -1, "host_queued_start": 1585500288.136851, "device_queued": -1, "device_end": -1, "host_queued_end": 1585500288.136913}, "device": "cpu", "nd_range": {"device_start": 2168062.348469377, "device_end": 2168062.353704745}, "cmdq": 0, "read": {"device_start": -1, "device_end": -1}}, "FFC_sans_bias6": {"write": {"device_start": -1, "host_queued_start": 1585500288.135674, "device_queued": -1, "device_end": -1, "host_queued_end": 1585500288.136913}, "device": "cpu", "nd_range": {"device_start": 2168062.34348292, "device_end": 2168062.348342659}, "cmdq": 3, "read": {"device_start": -1, "device_end": -1}}, "FFC_sans_bias1": {"write": {"device_start": -1, "host_queued_start": 1585500288.13277, "device_queued": -1, "device_end": -1, "host_queued_end": 1585500288.136913}, "device": "cpu", "nd_range": {"device_start": 2168062.326531576, "device_end": 2168062.3345854143}, "cmdq": 2, "read": {"device_start": -1, "device_end": -1}}, "FFC_sans_bias0": {"write": {"device_start": -1, "host_queued_start": 1585500288.131374, "device_queued": -1, "device_end": -1, "host_queued_end": 1585500288.136913}, "device": "cpu", "nd_range": {"device_start": 2168062.326529459, "device_end": 2168062.3384948783}, "cmdq": 1, "read": {"device_start": -1, "device_end": -1}}, "FFC_sans_bias2": {"write": {"device_start": -1, "host_queued_start": 1585500288.134163, "device_queued": -1, "device_end": -1, "host_queued_end": 1585500288.136913}, "device": "cpu", "nd_range": {"device_start": 2168062.326540242, "device_end": 2168062.3384546973}, "cmdq": 3, "read": {"device_start": -1, "device_end": -1}}, "FFC_sans_bias61": {"write": {"device_start": 1585500225.2304342, "host_queued_start": 1585500288.127204, "device_queued": 1585500225.211914, "device_end": 1585500225.2304847, "host_queued_end": 1585500288.128344}, "device": "gpu", "nd_range": {"device_start": 1585500225.2304971, "device_end": 1585500225.2312179}, "cmdq": 1, "read": {"device_start": 1585500225.2312214, "device_end": 1585500225.2312438}}, "FFC_sans_bias52": {"write": {"device_start": 1585500225.2299728, "host_queued_start": 1585500288.126154, "device_queued": 1585500225.2118714, "device_end": 1585500225.2299979, "host_queued_end": 1585500288.128344}, "device": "gpu", "nd_range": {"device_start": 1585500225.23001, "device_end": 1585500225.2307713}, "cmdq": 0, "read": {"device_start": 1585500225.230783, "device_end": 1585500225.230806}}, "FFC_sans_bias9": {"write": {"device_start": 1585500225.207494, "host_queued_start": 1585500288.091465, "device_queued": 1585500225.207252, "device_end": 1585500225.2075644, "host_queued_end": 1585500288.128344}, "device": "gpu", "nd_range": {"device_start": 1585500225.207569, "device_end": 1585500225.2081761}, "cmdq": 1, "read": {"device_start": -1, "device_end": -1}}, "coalesced_transpose39": {"write": {"device_start": -1, "host_queued_start": 1585500288.113804, "device_queued": -1, "device_end": -1, "host_queued_end": 1585500288.128344}, "device": "gpu", "nd_range": {"device_start": 1585500225.2178574, "device_end": 1585500225.217876}, "cmdq": 1, "read": {"device_start": -1, "device_end": -1}}, "FFC_sans_bias55": {"write": {"device_start": 1585500225.2163365, "host_queued_start": 1585500288.10941, "device_queued": 1585500225.2093732, "device_end": 1585500225.2164142, "host_queued_end": 1585500288.128344}, "device": "gpu", "nd_range": {"device_start": 1585500225.216431, "device_end": 1585500225.217049}, "cmdq": 0, "read": {"device_start": -1, "device_end": -1}}, "FFC_sans_bias54": {"write": {"device_start": 1585500225.2145352, "host_queued_start": 1585500288.108382, "device_queued": 1585500225.2091205, "device_end": 1585500225.214561, "host_queued_end": 1585500288.128344}, "device": "gpu", "nd_range": {"device_start": 1585500225.214567, "device_end": 1585500225.2158725}, "cmdq": 2, "read": {"device_start": -1, "device_end": -1}}, "FFC_sans_bias56": {"write": {"device_start": 1585500225.214072, "host_queued_start": 1585500288.107346, "device_queued": 1585500225.2090948, "device_end": 1585500225.214097, "host_queued_end": 1585500288.128344}, "device": "gpu", "nd_range": {"device_start": 1585500225.2141018, "device_end": 1585500225.2153847}, "cmdq": 1, "read": {"device_start": -1, "device_end": -1}}, "FFC_sans_bias51": {"write": {"device_start": -1, "host_queued_start": 1585500288.120259, "device_queued": -1, "device_end": -1, "host_queued_end": 1585500288.128344}, "device": "gpu", "nd_range": {"device_start": 1585500225.2254612, "device_end": 1585500225.2264273}, "cmdq": 2, "read": {"device_start": -1, "device_end": -1}}, "softmax23": {"write": {"device_start": -1, "host_queued_start": 1585500288.117426, "device_queued": -1, "device_end": -1, "host_queued_end": 1585500288.128344}, "device": "gpu", "nd_range": {"device_start": 1585500225.2235193, "device_end": 1585500225.2246842}, "cmdq": 1, "read": {"device_start": -1, "device_end": -1}}, "FFC_sans_bias37": {"write": {"device_start": 1585500225.211665, "host_queued_start": 1585500288.102122, "device_queued": 1585500225.2084754, "device_end": 1585500225.2116916, "host_queued_end": 1585500288.128344}, "device": "gpu", "nd_range": {"device_start": 1585500225.2116966, "device_end": 1585500225.212981}, "cmdq": 2, "read": {"device_start": -1, "device_end": -1}}, "empty62": {"write": {"device_start": 1585500225.2073116, "host_queued_start": 1585500288.089609, "device_queued": 1585500225.2071245, "device_end": 1585500225.2073858, "host_queued_end": 1585500288.128344}, "device": "gpu", "nd_range": {"device_start": 1585500225.2073898, "device_end": 1585500225.2073944}, "cmdq": 2, "read": {"device_start": -1, "device_end": -1}}, "FFC_sans_bias70": {"write": {"device_start": 1585500225.230566, "host_queued_start": 1585500288.128246, "device_queued": 1585500225.212102, "device_end": 1585500225.2305915, "host_queued_end": 1585500288.128344}, "device": "gpu", "nd_range": {"device_start": 1585500225.2306027, "device_end": 1585500225.2317028}, "cmdq": 2, "read": {"device_start": 1585500225.2317123, "device_end": 1585500225.2317379}}, "FFC_sans_bias58": {"write": {"device_start": -1, "host_queued_start": 1585500288.116623, "device_queued": -1, "device_end": -1, "host_queued_end": 1585500288.128344}, "device": "gpu", "nd_range": {"device_start": 1585500225.2219837, "device_end": 1585500225.2235086}, "cmdq": 1, "read": {"device_start": -1, "device_end": -1}}, "softmax41": {"write": {"device_start": -1, "host_queued_start": 1585500288.117916, "device_queued": -1, "device_end": -1, "host_queued_end": 1585500288.128344}, "device": "gpu", "nd_range": {"device_start": 1585500225.2246814, "device_end": 1585500225.2249184}, "cmdq": 0, "read": {"device_start": -1, "device_end": -1}}, "FFC_sans_bias11": {"write": {"device_start": 1585500225.2077014, "host_queued_start": 1585500288.093726, "device_queued": 1585500225.207543, "device_end": 1585500225.2077262, "host_queued_end": 1585500288.128344}, "device": "gpu", "nd_range": {"device_start": 1585500225.2077537, "device_end": 1585500225.2091603}, "cmdq": 0, "read": {"device_start": -1, "device_end": -1}}, "FFC_sans_bias10": {"write": {"device_start": 1585500225.2075965, "host_queued_start": 1585500288.092535, "device_queued": 1585500225.2074497, "device_end": 1585500225.207634, "host_queued_end": 1585500288.128344}, "device": "gpu", "nd_range": {"device_start": 1585500225.2076387, "device_end": 1585500225.208578}, "cmdq": 2, "read": {"device_start": -1, "device_end": -1}}, "coalesced_transpose3": {"write": {"device_start": -1, "host_queued_start": 1585500288.134592, "device_queued": -1, "device_end": -1, "host_queued_end": 1585500288.136913}, "device": "cpu", "nd_range": {"device_start": 2168062.334726648, "device_end": 2168062.3349658092}, "cmdq": 0, "read": {"device_start": -1, "device_end": -1}}, "FFC_sans_bias34": {"write": {"device_start": 1585500225.2289028, "host_queued_start": 1585500288.124075, "device_queued": 1585500225.2116036, "device_end": 1585500225.2289283, "host_queued_end": 1585500288.128344}, "device": "gpu", "nd_range": {"device_start": 1585500225.228941, "device_end": 1585500225.2302508}, "cmdq": 1, "read": {"device_start": 1585500225.23026, "device_end": 1585500225.230284}}, "FFC_sans_bias15": {"write": {"device_start": -1, "host_queued_start": 1585500288.118995, "device_queued": -1, "device_end": -1, "host_queued_end": 1585500288.128344}, "device": "gpu", "nd_range": {"device_start": 1585500225.2249484, "device_end": 1585500225.2258878}, "cmdq": 1, "read": {"device_start": -1, "device_end": -1}}, "FFC_sans_bias31": {"write": {"device_start": -1, "host_queued_start": 1585500288.115667, "device_queued": -1, "device_end": -1, "host_queued_end": 1585500288.128344}, "device": "gpu", "nd_range": {"device_start": 1585500225.2209725, "device_end": 1585500225.2219715}, "cmdq": 1, "read": {"device_start": -1, "device_end": -1}}, "FFC_sans_bias16": {"write": {"device_start": 1585500225.2265117, "host_queued_start": 1585500288.121986, "device_queued": 1585500225.2113798, "device_end": 1585500225.2265372, "host_queued_end": 1585500288.128344}, "device": "gpu", "nd_range": {"device_start": 1585500225.2265472, "device_end": 1585500225.2278411}, "cmdq": 2, "read": {"device_start": 1585500225.2278473, "device_end": 1585500225.2278724}}, "FFC_sans_bias19": {"write": {"device_start": 1585500225.2086964, "host_queued_start": 1585500288.09586, "device_queued": 1585500225.207789, "device_end": 1585500225.2087264, "host_queued_end": 1585500288.128344}, "device": "gpu", "nd_range": {"device_start": 1585500225.2087314, "device_end": 1585500225.2101305}, "cmdq": 2, "read": {"device_start": -1, "device_end": -1}}, "FFC_sans_bias18": {"write": {"device_start": 1585500225.2082975, "host_queued_start": 1585500288.094823, "device_queued": 1585500225.207762, "device_end": 1585500225.2083275, "host_queued_end": 1585500288.128344}, "device": "gpu", "nd_range": {"device_start": 1585500225.2083302, "device_end": 1585500225.209579}, "cmdq": 1, "read": {"device_start": -1, "device_end": -1}}, "coalesced_transpose30": {"write": {"device_start": -1, "host_queued_start": 1585500288.113505, "device_queued": -1, "device_end": -1, "host_queued_end": 1585500288.128344}, "device": "gpu", "nd_range": {"device_start": 1585500225.2209353, "device_end": 1585500225.220956}, "cmdq": 0, "read": {"device_start": -1, "device_end": -1}}, "FFC_sans_bias69": {"write": {"device_start": -1, "host_queued_start": 1585500288.12097, "device_queued": -1, "device_end": -1, "host_queued_end": 1585500288.128344}, "device": "gpu", "nd_range": {"device_start": 1585500225.2273943, "device_end": 1585500225.2288241}, "cmdq": 1, "read": {"device_start": -1, "device_end": -1}}, "FFC_sans_bias38": {"write": {"device_start": 1585500225.212146, "host_queued_start": 1585500288.103186, "device_queued": 1585500225.2086704, "device_end": 1585500225.212173, "host_queued_end": 1585500288.128344}, "device": "gpu", "nd_range": {"device_start": 1585500225.212176, "device_end": 1585500225.2134767}, "cmdq": 0, "read": {"device_start": -1, "device_end": -1}}, "coalesced_transpose57": {"write": {"device_start": -1, "host_queued_start": 1585500288.114413, "device_queued": -1, "device_end": -1, "host_queued_end": 1585500288.128344}, "device": "gpu", "nd_range": {"device_start": 1585500225.2209575, "device_end": 1585500225.2213712}, "cmdq": 0, "read": {"device_start": -1, "device_end": -1}}, "empty26": {"write": {"device_start": 1585500225.2068326, "host_queued_start": 1585500288.086256, "device_queued": 1585500225.2067146, "device_end": 1585500225.206905, "host_queued_end": 1585500288.128344}, "device": "gpu", "nd_range": {"device_start": 1585500225.2069097, "device_end": 1585500225.2069156}, "cmdq": 1, "read": {"device_start": -1, "device_end": -1}}, "coalesced_transpose12": {"write": {"device_start": -1, "host_queued_start": 1585500288.112876, "device_queued": -1, "device_end": -1, "host_queued_end": 1585500288.128344}, "device": "gpu", "nd_range": {"device_start": 1585500225.2174697, "device_end": 1585500225.2178507}, "cmdq": 1, "read": {"device_start": -1, "device_end": -1}}, "empty44": {"write": {"device_start": 1585500225.2070463, "host_queued_start": 1585500288.087982, "device_queued": 1585500225.2068086, "device_end": 1585500225.2070715, "host_queued_end": 1585500288.128344}, "device": "gpu", "nd_range": {"device_start": 1585500225.207075, "device_end": 1585500225.2070785}, "cmdq": 0, "read": {"device_start": -1, "device_end": -1}}, "coalesced_transpose21": {"write": {"device_start": -1, "host_queued_start": 1585500288.113196, "device_queued": -1, "device_end": -1, "host_queued_end": 1585500288.128344}, "device": "gpu", "nd_range": {"device_start": 1585500225.217929, "device_end": 1585500225.217942}, "cmdq": 2, "read": {"device_start": -1, "device_end": -1}}, "FFC_sans_bias36": {"write": {"device_start": 1585500225.2112124, "host_queued_start": 1585500288.10109, "device_queued": 1585500225.2084482, "device_end": 1585500225.211244, "host_queued_end": 1585500288.128344}, "device": "gpu", "nd_range": {"device_start": 1585500225.2112503, "device_end": 1585500225.2125177}, "cmdq": 1, "read": {"device_start": -1, "device_end": -1}}, "softmax14": {"write": {"device_start": -1, "host_queued_start": 1585500288.117182, "device_queued": -1, "device_end": -1, "host_queued_end": 1585500288.128344}, "device": "gpu", "nd_range": {"device_start": 1585500225.2239578, "device_end": 1585500225.2246718}, "cmdq": 0, "read": {"device_start": -1, "device_end": -1}}, "FFC_sans_bias13": {"write": {"device_start": -1, "host_queued_start": 1585500288.115038, "device_queued": -1, "device_end": -1, "host_queued_end": 1585500288.128344}, "device": "gpu", "nd_range": {"device_start": 1585500225.2209527, "device_end": 1585500225.2215538}, "cmdq": 2, "read": {"device_start": -1, "device_end": -1}}, "empty8": {"write": {"device_start": -1, "host_queued_start": 1585500288.129943, "device_queued": -1, "device_end": -1, "host_queued_end": 1585500288.136913}, "device": "cpu", "nd_range": {"device_start": 2168062.3265084033, "device_end": 2168062.326519642}, "cmdq": 0, "read": {"device_start": -1, "device_end": -1}}, "FFC_sans_bias42": {"write": {"device_start": -1, "host_queued_start": 1585500288.119942, "device_queued": -1, "device_end": -1, "host_queued_end": 1585500288.128344}, "device": "gpu", "nd_range": {"device_start": 1585500225.2258978, "device_end": 1585500225.2273853}, "cmdq": 1, "read": {"device_start": -1, "device_end": -1}}, "FFC_sans_bias43": {"write": {"device_start": 1585500225.228023, "host_queued_start": 1585500288.125112, "device_queued": 1585500225.2116854, "device_end": 1585500225.2280476, "host_queued_end": 1585500288.128344}, "device": "gpu", "nd_range": {"device_start": 1585500225.2280571, "device_end": 1585500225.2292843}, "cmdq": 2, "read": {"device_start": 1585500225.2303574, "device_end": 1585500225.2304316}}, "FFC_sans_bias40": {"write": {"device_start": -1, "host_queued_start": 1585500288.115985, "device_queued": -1, "device_end": -1, "host_queued_end": 1585500288.128344}, "device": "gpu", "nd_range": {"device_start": 1585500225.2215643, "device_end": 1585500225.22295}, "cmdq": 2, "read": {"device_start": -1, "device_end": -1}}, "softmax32": {"write": {"device_start": -1, "host_queued_start": 1585500288.117675, "device_queued": -1, "device_end": -1, "host_queued_end": 1585500288.128344}, "device": "gpu", "nd_range": {"device_start": 1585500225.2244234, "device_end": 1585500225.2246273}, "cmdq": 2, "read": {"device_start": -1, "device_end": -1}}, "FFC_sans_bias47": {"write": {"device_start": 1585500225.213586, "host_queued_start": 1585500288.106302, "device_queued": 1585500225.2089505, "device_end": 1585500225.213612, "host_queued_end": 1585500288.128344}, "device": "gpu", "nd_range": {"device_start": 1585500225.2136173, "device_end": 1585500225.2149374}, "cmdq": 0, "read": {"device_start": -1, "device_end": -1}}, "FFC_sans_bias45": {"write": {"device_start": 1585500225.2126281, "host_queued_start": 1585500288.104222, "device_queued": 1585500225.208718, "device_end": 1585500225.2126546, "host_queued_end": 1585500288.128344}, "device": "gpu", "nd_range": {"device_start": 1585500225.2126594, "device_end": 1585500225.213954}, "cmdq": 1, "read": {"device_start": -1, "device_end": -1}}, "softmax50": {"write": {"device_start": -1, "host_queued_start": 1585500288.11817, "device_queued": -1, "device_end": -1, "host_queued_end": 1585500288.128344}, "device": "gpu", "nd_range": {"device_start": 1585500225.224694, "device_end": 1585500225.2249389}, "cmdq": 1, "read": {"device_start": -1, "device_end": -1}}, "FFC_sans_bias33": {"write": {"device_start": -1, "host_queued_start": 1585500288.119627, "device_queued": -1, "device_end": -1, "host_queued_end": 1585500288.128344}, "device": "gpu", "nd_range": {"device_start": 1585500225.2256415, "device_end": 1585500225.226853}, "cmdq": 0, "read": {"device_start": -1, "device_end": -1}}, "FFC_sans_bias63": {"write": {"device_start": 1585500225.2203004, "host_queued_start": 1585500288.112543, "device_queued": 1585500225.2096577, "device_end": 1585500225.2203262, "host_queued_end": 1585500288.128344}, "device": "gpu", "nd_range": {"device_start": 1585500225.2203324, "device_end": 1585500225.2209315}, "cmdq": 0, "read": {"device_start": -1, "device_end": -1}}, "FFC_sans_bias49": {"write": {"device_start": -1, "host_queued_start": 1585500288.116303, "device_queued": -1, "device_end": -1, "host_queued_end": 1585500288.128344}, "device": "gpu", "nd_range": {"device_start": 1585500225.2225542, "device_end": 1585500225.223947}, "cmdq": 0, "read": {"device_start": -1, "device_end": -1}}, "FFC_sans_bias64": {"write": {"device_start": 1585500225.2164178, "host_queued_start": 1585500288.110452, "device_queued": 1585500225.2094262, "device_end": 1585500225.2164834, "host_queued_end": 1585500288.128344}, "device": "gpu", "nd_range": {"device_start": 1585500225.2164984, "device_end": 1585500225.2174685}, "cmdq": 1, "read": {"device_start": -1, "device_end": -1}}, "FFC_sans_bias65": {"write": {"device_start": 1585500225.2165117, "host_queued_start": 1585500288.1115, "device_queued": 1585500225.209563, "device_end": 1585500225.2165384, "host_queued_end": 1585500288.128344}, "device": "gpu", "nd_range": {"device_start": 1585500225.2165453, "device_end": 1585500225.217927}, "cmdq": 2, "read": {"device_start": -1, "device_end": -1}}, "FFC_sans_bias67": {"write": {"device_start": -1, "host_queued_start": 1585500288.116935, "device_queued": -1, "device_end": -1, "host_queued_end": 1585500288.128344}, "device": "gpu", "nd_range": {"device_start": 1585500225.222961, "device_end": 1585500225.224414}, "cmdq": 2, "read": {"device_start": -1, "device_end": -1}}, "FFC_sans_bias24": {"write": {"device_start": -1, "host_queued_start": 1585500288.119316, "device_queued": -1, "device_end": -1, "host_queued_end": 1585500288.128344}, "device": "gpu", "nd_range": {"device_start": 1585500225.2248504, "device_end": 1585500225.2254517}, "cmdq": 2, "read": {"device_start": -1, "device_end": -1}}, "FFC_sans_bias25": {"write": {"device_start": 1585500225.2283971, "host_queued_start": 1585500288.123041, "device_queued": 1585500225.2114499, "device_end": 1585500225.228422, "host_queued_end": 1585500288.128344}, "device": "gpu", "nd_range": {"device_start": 1585500225.228433, "device_end": 1585500225.229803}, "cmdq": 0, "read": {"device_start": 1585500225.2298055, "device_end": 1585500225.2298293}}, "FFC_sans_bias27": {"write": {"device_start": 1585500225.2096746, "host_queued_start": 1585500288.097961, "device_queued": 1585500225.2080073, "device_end": 1585500225.209706, "host_queued_end": 1585500288.128344}, "device": "gpu", "nd_range": {"device_start": 1585500225.2097113, "device_end": 1585500225.2110686}, "cmdq": 1, "read": {"device_start": -1, "device_end": -1}}, "FFC_sans_bias20": {"write": {"device_start": 1585500225.2093241, "host_queued_start": 1585500288.096916, "device_queued": 1585500225.2079642, "device_end": 1585500225.2093556, "host_queued_end": 1585500288.128344}, "device": "gpu", "nd_range": {"device_start": 1585500225.20936, "device_end": 1585500225.210573}, "cmdq": 0, "read": {"device_start": -1, "device_end": -1}}, "FFC_sans_bias22": {"write": {"device_start": -1, "host_queued_start": 1585500288.115354, "device_queued": -1, "device_end": -1, "host_queued_end": 1585500288.128344}, "device": "gpu", "nd_range": {"device_start": 1585500225.221384, "device_end": 1585500225.2225432}, "cmdq": 0, "read": {"device_start": -1, "device_end": -1}}, "softmax68": {"write": {"device_start": -1, "host_queued_start": 1585500288.118687, "device_queued": -1, "device_end": -1, "host_queued_end": 1585500288.128344}, "device": "gpu", "nd_range": {"device_start": 1585500225.2249281, "device_end": 1585500225.2256322}, "cmdq": 0, "read": {"device_start": -1, "device_end": -1}}, "softmax5": {"write": {"device_start": -1, "host_queued_start": 1585500288.135261, "device_queued": -1, "device_end": -1, "host_queued_end": 1585500288.136913}, "device": "cpu", "nd_range": {"device_start": 2168062.343219359, "device_end": 2168062.3433221923}, "cmdq": 2, "read": {"device_start": -1, "device_end": -1}}, "FFC_sans_bias28": {"write": {"device_start": 1585500225.2102594, "host_queued_start": 1585500288.099026, "device_queued": 1585500225.208153, "device_end": 1585500225.2102916, "host_queued_end": 1585500288.128344}, "device": "gpu", "nd_range": {"device_start": 1585500225.210294, "device_end": 1585500225.2115471}, "cmdq": 2, "read": {"device_start": -1, "device_end": -1}}, "FFC_sans_bias29": {"write": {"device_start": 1585500225.2107167, "host_queued_start": 1585500288.100061, "device_queued": 1585500225.208236, "device_end": 1585500225.2107482, "host_queued_end": 1585500288.128344}, "device": "gpu", "nd_range": {"device_start": 1585500225.2107537, "device_end": 1585500225.2120218}, "cmdq": 0, "read": {"device_start": -1, "device_end": -1}}, "empty17": {"write": {"device_start": 1585500225.2066824, "host_queued_start": 1585500288.085209, "device_queued": 1585500225.2065516, "device_end": 1585500225.2067096, "host_queued_end": 1585500288.128344}, "device": "gpu", "nd_range": {"device_start": 1585500225.2067127, "device_end": 1585500225.2067173}, "cmdq": 0, "read": {"device_start": -1, "device_end": -1}}, "softmax59": {"write": {"device_start": -1, "host_queued_start": 1585500288.118431, "device_queued": -1, "device_end": -1, "host_queued_end": 1585500288.128344}, "device": "gpu", "nd_range": {"device_start": 1585500225.224637, "device_end": 1585500225.2248406}, "cmdq": 2, "read": {"device_start": -1, "device_end": -1}}, "empty71": {"write": {"device_start": 1585500225.2073996, "host_queued_start": 1585500288.090426, "device_queued": 1585500225.20719, "device_end": 1585500225.2074368, "host_queued_end": 1585500288.128344}, "device": "gpu", "nd_range": {"device_start": 1585500225.2074404, "device_end": 1585500225.2074451}, "cmdq": 0, "read": {"device_start": -1, "device_end": -1}}, "empty35": {"write": {"device_start": 1585500225.2069542, "host_queued_start": 1585500288.08714, "device_queued": 1585500225.2067497, "device_end": 1585500225.207, "host_queued_end": 1585500288.128344}, "device": "gpu", "nd_range": {"device_start": 1585500225.2070057, "device_end": 1585500225.2070107}, "cmdq": 2, "read": {"device_start": -1, "device_end": -1}}, "empty53": {"write": {"device_start": 1585500225.207189, "host_queued_start": 1585500288.088797, "device_queued": 1585500225.2070973, "device_end": 1585500225.207252, "host_queued_end": 1585500288.128344}, "device": "gpu", "nd_range": {"device_start": 1585500225.207257, "device_end": 1585500225.2072628}, "cmdq": 1, "read": {"device_start": -1, "device_end": -1}}, "FFC_sans_bias46": {"write": {"device_start": 1585500225.2131164, "host_queued_start": 1585500288.105266, "device_queued": 1585500225.2088828, "device_end": 1585500225.2131422, "host_queued_end": 1585500288.128344}, "device": "gpu", "nd_range": {"device_start": 1585500225.2131484, "device_end": 1585500225.214423}, "cmdq": 2, "read": {"device_start": -1, "device_end": -1}}, "coalesced_transpose66": {"write": {"device_start": -1, "host_queued_start": 1585500288.114718, "device_queued": -1, "device_end": -1, "host_queued_end": 1585500288.128344}, "device": "gpu", "nd_range": {"device_start": 1585500225.217878, "device_end": 1585500225.2178977}, "cmdq": 1, "read": {"device_start": -1, "device_end": -1}}, "coalesced_transpose48": {"write": {"device_start": -1, "host_queued_start": 1585500288.114105, "device_queued": -1, "device_end": -1, "host_queued_end": 1585500288.128344}, "device": "gpu", "nd_range": {"device_start": 1585500225.2179434, "device_end": 1585500225.2179573}, "cmdq": 2, "read": {"device_start": -1, "device_end": -1}}}