{"FFC_sans_bias60": {"write": {"device_start": -1, "host_queued_start": 1585500562.905252, "device_queued": -1, "device_end": -1, "host_queued_end": 1585500562.914116}, "device": "gpu", "nd_range": {"device_start": 1585500500.0027537, "device_end": 1585500500.0052085}, "cmdq": 2, "read": {"device_start": -1, "device_end": -1}}, "FFC_sans_bias4": {"write": {"device_start": -1, "host_queued_start": 1585500562.898818, "device_queued": -1, "device_end": -1, "host_queued_end": 1585500562.914116}, "device": "gpu", "nd_range": {"device_start": 1585500499.9975293, "device_end": 1585500499.9981356}, "cmdq": 0, "read": {"device_start": -1, "device_end": -1}}, "FFC_sans_bias7": {"write": {"device_start": 1585500500.0048575, "host_queued_start": 1585500562.906593, "device_queued": 1585500499.9898133, "device_end": 1585500500.004887, "host_queued_end": 1585500562.914116}, "device": "gpu", "nd_range": {"device_start": 1585500500.0049086, "device_end": 1585500500.0066957}, "cmdq": 4, "read": {"device_start": 1585500500.0067017, "device_end": 1585500500.006726}}, "FFC_sans_bias6": {"write": {"device_start": -1, "host_queued_start": 1585500562.903359, "device_queued": -1, "device_end": -1, "host_queued_end": 1585500562.914116}, "device": "gpu", "nd_range": {"device_start": 1585500500.001735, "device_end": 1585500500.0023358}, "cmdq": 1, "read": {"device_start": -1, "device_end": -1}}, "FFC_sans_bias1": {"write": {"device_start": 1585500499.9859378, "host_queued_start": 1585500562.872943, "device_queued": 1585500499.9855561, "device_end": 1585500499.9860034, "host_queued_end": 1585500562.914116}, "device": "gpu", "nd_range": {"device_start": 1585500499.9860098, "device_end": 1585500499.9869328}, "cmdq": 4, "read": {"device_start": -1, "device_end": -1}}, "FFC_sans_bias0": {"write": {"device_start": 1585500499.9858394, "host_queued_start": 1585500562.871899, "device_queued": 1585500499.9855318, "device_end": 1585500499.985907, "host_queued_end": 1585500562.914116}, "device": "gpu", "nd_range": {"device_start": 1585500499.9859147, "device_end": 1585500499.986528}, "cmdq": 3, "read": {"device_start": -1, "device_end": -1}}, "FFC_sans_bias2": {"write": {"device_start": 1585500499.98603, "host_queued_start": 1585500562.873987, "device_queued": 1585500499.9858007, "device_end": 1585500499.9861162, "host_queued_end": 1585500562.914116}, "device": "gpu", "nd_range": {"device_start": 1585500499.9861295, "device_end": 1585500499.987511}, "cmdq": 0, "read": {"device_start": -1, "device_end": -1}}, "FFC_sans_bias61": {"write": {"device_start": 1585500500.0063727, "host_queued_start": 1585500562.912986, "device_queued": 1585500499.9908588, "device_end": 1585500500.0064032, "host_queued_end": 1585500562.914116}, "device": "gpu", "nd_range": {"device_start": 1585500500.0064213, "device_end": 1585500500.0085511}, "cmdq": 0, "read": {"device_start": 1585500500.0092247, "device_end": 1585500500.009254}}, "FFC_sans_bias52": {"write": {"device_start": 1585500500.0068944, "host_queued_start": 1585500562.911942, "device_queued": 1585500499.9906073, "device_end": 1585500500.006925, "host_queued_end": 1585500562.914116}, "device": "gpu", "nd_range": {"device_start": 1585500500.0069346, "device_end": 1585500500.009084}, "cmdq": 4, "read": {"device_start": 1585500500.0090897, "device_end": 1585500500.0091121}}, "FFC_sans_bias9": {"write": {"device_start": 1585500499.9861188, "host_queued_start": 1585500562.875223, "device_queued": 1585500499.9858565, "device_end": 1585500499.9861565, "host_queued_end": 1585500562.914116}, "device": "gpu", "nd_range": {"device_start": 1585500499.9861603, "device_end": 1585500499.98792}, "cmdq": 1, "read": {"device_start": -1, "device_end": -1}}, "coalesced_transpose39": {"write": {"device_start": -1, "host_queued_start": 1585500562.897598, "device_queued": -1, "device_end": -1, "host_queued_end": 1585500562.914116}, "device": "gpu", "nd_range": {"device_start": 1585500499.99763, "device_end": 1585500499.9984915}, "cmdq": 1, "read": {"device_start": -1, "device_end": -1}}, "FFC_sans_bias55": {"write": {"device_start": 1585500499.9938428, "host_queued_start": 1585500562.892934, "device_queued": 1585500499.987563, "device_end": 1585500499.993874, "host_queued_end": 1585500562.914116}, "device": "gpu", "nd_range": {"device_start": 1585500499.9938881, "device_end": 1585500499.9961734}, "cmdq": 3, "read": {"device_start": -1, "device_end": -1}}, "FFC_sans_bias54": {"write": {"device_start": 1585500499.9933934, "host_queued_start": 1585500562.891903, "device_queued": 1585500499.987535, "device_end": 1585500499.9934256, "host_queued_end": 1585500562.914116}, "device": "gpu", "nd_range": {"device_start": 1585500499.9934409, "device_end": 1585500499.9956665}, "cmdq": 2, "read": {"device_start": -1, "device_end": -1}}, "FFC_sans_bias56": {"write": {"device_start": 1585500499.9928896, "host_queued_start": 1585500562.890878, "device_queued": 1585500499.987502, "device_end": 1585500499.992922, "host_queued_end": 1585500562.914116}, "device": "gpu", "nd_range": {"device_start": 1585500499.992925, "device_end": 1585500499.9952142}, "cmdq": 1, "read": {"device_start": -1, "device_end": -1}}, "FFC_sans_bias51": {"write": {"device_start": -1, "host_queued_start": 1585500562.904938, "device_queued": -1, "device_end": -1, "host_queued_end": 1585500562.914116}, "device": "gpu", "nd_range": {"device_start": 1585500500.002346, "device_end": 1585500500.0042489}, "cmdq": 1, "read": {"device_start": -1, "device_end": -1}}, "softmax23": {"write": {"device_start": -1, "host_queued_start": 1585500562.901772, "device_queued": -1, "device_end": -1, "host_queued_end": 1585500562.914116}, "device": "gpu", "nd_range": {"device_start": 1585500499.9995444, "device_end": 1585500500.001439}, "cmdq": 0, "read": {"device_start": -1, "device_end": -1}}, "FFC_sans_bias37": {"write": {"device_start": 1585500499.9904568, "host_queued_start": 1585500562.88567, "device_queued": 1585500499.9869328, "device_end": 1585500499.990482, "host_queued_end": 1585500562.914116}, "device": "gpu", "nd_range": {"device_start": 1585500499.9904857, "device_end": 1585500499.9927602}, "cmdq": 1, "read": {"device_start": -1, "device_end": -1}}, "empty62": {"write": {"device_start": 1585500499.9856544, "host_queued_start": 1585500562.870062, "device_queued": 1585500499.9853415, "device_end": 1585500499.9857192, "host_queued_end": 1585500562.914116}, "device": "gpu", "nd_range": {"device_start": 1585500499.9857283, "device_end": 1585500499.9857361}, "cmdq": 1, "read": {"device_start": -1, "device_end": -1}}, "FFC_sans_bias70": {"write": {"device_start": 1585500500.007864, "host_queued_start": 1585500562.91402, "device_queued": 1585500499.9909477, "device_end": 1585500500.0078943, "host_queued_end": 1585500562.914116}, "device": "gpu", "nd_range": {"device_start": 1585500500.0079045, "device_end": 1585500500.0095165}, "cmdq": 1, "read": {"device_start": 1585500500.0095243, "device_end": 1585500500.0095463}}, "FFC_sans_bias58": {"write": {"device_start": -1, "host_queued_start": 1585500562.900715, "device_queued": -1, "device_end": -1, "host_queued_end": 1585500562.914116}, "device": "gpu", "nd_range": {"device_start": 1585500500.0001154, "device_end": 1585500500.0015025}, "cmdq": 1, "read": {"device_start": -1, "device_end": -1}}, "softmax41": {"write": {"device_start": -1, "host_queued_start": 1585500562.902258, "device_queued": -1, "device_end": -1, "host_queued_end": 1585500562.914116}, "device": "gpu", "nd_range": {"device_start": 1585500500.0010724, "device_end": 1585500500.0017922}, "cmdq": 2, "read": {"device_start": -1, "device_end": -1}}, "FFC_sans_bias11": {"write": {"device_start": 1585500499.9866214, "host_queued_start": 1585500562.877296, "device_queued": 1585500499.9860227, "device_end": 1585500499.986651, "host_queued_end": 1585500562.914116}, "device": "gpu", "nd_range": {"device_start": 1585500499.986655, "device_end": 1585500499.9889102}, "cmdq": 3, "read": {"device_start": -1, "device_end": -1}}, "FFC_sans_bias10": {"write": {"device_start": 1585500499.9862187, "host_queued_start": 1585500562.876255, "device_queued": 1585500499.9858751, "device_end": 1585500499.9862437, "host_queued_end": 1585500562.914116}, "device": "gpu", "nd_range": {"device_start": 1585500499.9862497, "device_end": 1585500499.98848}, "cmdq": 2, "read": {"device_start": -1, "device_end": -1}}, "coalesced_transpose3": {"write": {"device_start": -1, "host_queued_start": 1585500562.896377, "device_queued": -1, "device_end": -1, "host_queued_end": 1585500562.914116}, "device": "gpu", "nd_range": {"device_start": 1585500499.9956682, "device_end": 1585500499.997477}, "cmdq": 2, "read": {"device_start": -1, "device_end": -1}}, "FFC_sans_bias34": {"write": {"device_start": 1585500500.0053408, "host_queued_start": 1585500562.909745, "device_queued": 1585500499.9902024, "device_end": 1585500500.005372, "host_queued_end": 1585500562.914116}, "device": "gpu", "nd_range": {"device_start": 1585500500.0053961, "device_end": 1585500500.0071445}, "cmdq": 2, "read": {"device_start": 1585500500.0071552, "device_end": 1585500500.0071783}}, "FFC_sans_bias15": {"write": {"device_start": -1, "host_queued_start": 1585500562.903678, "device_queued": -1, "device_end": -1, "host_queued_end": 1585500562.914116}, "device": "gpu", "nd_range": {"device_start": 1585500500.001803, "device_end": 1585500500.0027423}, "cmdq": 2, "read": {"device_start": -1, "device_end": -1}}, "FFC_sans_bias31": {"write": {"device_start": -1, "host_queued_start": 1585500562.899757, "device_queued": -1, "device_end": -1, "host_queued_end": 1585500562.914116}, "device": "gpu", "nd_range": {"device_start": 1585500499.997649, "device_end": 1585500499.9991136}, "cmdq": 3, "read": {"device_start": -1, "device_end": -1}}, "FFC_sans_bias16": {"write": {"device_start": 1585500500.0038602, "host_queued_start": 1585500562.907645, "device_queued": 1585500499.9901505, "device_end": 1585500500.003891, "host_queued_end": 1585500562.914116}, "device": "gpu", "nd_range": {"device_start": 1585500500.003914, "device_end": 1585500500.0061696}, "cmdq": 0, "read": {"device_start": 1585500500.0061717, "device_end": 1585500500.0061953}}, "FFC_sans_bias19": {"write": {"device_start": 1585500499.9876144, "host_queued_start": 1585500562.879439, "device_queued": 1585500499.9863002, "device_end": 1585500499.9876454, "host_queued_end": 1585500562.914116}, "device": "gpu", "nd_range": {"device_start": 1585500499.987651, "device_end": 1585500499.989895}, "cmdq": 0, "read": {"device_start": -1, "device_end": -1}}, "FFC_sans_bias18": {"write": {"device_start": 1585500499.9870214, "host_queued_start": 1585500562.878377, "device_queued": 1585500499.9860523, "device_end": 1585500499.9870465, "host_queued_end": 1585500562.914116}, "device": "gpu", "nd_range": {"device_start": 1585500499.9870608, "device_end": 1585500499.989394}, "cmdq": 4, "read": {"device_start": -1, "device_end": -1}}, "coalesced_transpose30": {"write": {"device_start": -1, "host_queued_start": 1585500562.897293, "device_queued": -1, "device_end": -1, "host_queued_end": 1585500562.914116}, "device": "gpu", "nd_range": {"device_start": 1585500499.9971297, "device_end": 1585500499.9975133}, "cmdq": 0, "read": {"device_start": -1, "device_end": -1}}, "FFC_sans_bias69": {"write": {"device_start": -1, "host_queued_start": 1585500562.905569, "device_queued": -1, "device_end": -1, "host_queued_end": 1585500562.914116}, "device": "gpu", "nd_range": {"device_start": 1585500500.0033095, "device_end": 1585500500.0057282}, "cmdq": 3, "read": {"device_start": -1, "device_end": -1}}, "FFC_sans_bias38": {"write": {"device_start": 1585500499.9909828, "host_queued_start": 1585500562.886729, "device_queued": 1585500499.986962, "device_end": 1585500499.9910085, "host_queued_end": 1585500562.914116}, "device": "gpu", "nd_range": {"device_start": 1585500499.9910252, "device_end": 1585500499.99328}, "cmdq": 2, "read": {"device_start": -1, "device_end": -1}}, "coalesced_transpose57": {"write": {"device_start": -1, "host_queued_start": 1585500562.898197, "device_queued": -1, "device_end": -1, "host_queued_end": 1585500562.914116}, "device": "gpu", "nd_range": {"device_start": 1585500499.9974918, "device_end": 1585500499.9975533}, "cmdq": 3, "read": {"device_start": -1, "device_end": -1}}, "empty26": {"write": {"device_start": 1585500499.9852402, "host_queued_start": 1585500562.866718, "device_queued": 1585500499.9850311, "device_end": 1585500499.9853117, "host_queued_end": 1585500562.914116}, "device": "gpu", "nd_range": {"device_start": 1585500499.9853187, "device_end": 1585500499.9853244}, "cmdq": 2, "read": {"device_start": -1, "device_end": -1}}, "coalesced_transpose12": {"write": {"device_start": -1, "host_queued_start": 1585500562.896681, "device_queued": -1, "device_end": -1, "host_queued_end": 1585500562.914116}, "device": "gpu", "nd_range": {"device_start": 1585500499.9961755, "device_end": 1585500499.997491}, "cmdq": 3, "read": {"device_start": -1, "device_end": -1}}, "empty44": {"write": {"device_start": 1585500499.9854531, "host_queued_start": 1585500562.868396, "device_queued": 1585500499.985206, "device_end": 1585500499.9855182, "host_queued_end": 1585500562.914116}, "device": "gpu", "nd_range": {"device_start": 1585500499.9855251, "device_end": 1585500499.9855294}, "cmdq": 4, "read": {"device_start": -1, "device_end": -1}}, "coalesced_transpose21": {"write": {"device_start": -1, "host_queued_start": 1585500562.896987, "device_queued": -1, "device_end": -1, "host_queued_end": 1585500562.914116}, "device": "gpu", "nd_range": {"device_start": 1585500499.9966645, "device_end": 1585500499.997509}, "cmdq": 4, "read": {"device_start": -1, "device_end": -1}}, "FFC_sans_bias36": {"write": {"device_start": 1585500499.9900124, "host_queued_start": 1585500562.88465, "device_queued": 1585500499.9868727, "device_end": 1585500499.990045, "host_queued_end": 1585500562.914116}, "device": "gpu", "nd_range": {"device_start": 1585500499.990049, "device_end": 1585500499.9923024}, "cmdq": 0, "read": {"device_start": -1, "device_end": -1}}, "softmax14": {"write": {"device_start": -1, "host_queued_start": 1585500562.90153, "device_queued": -1, "device_end": -1, "host_queued_end": 1585500562.914116}, "device": "gpu", "nd_range": {"device_start": 1585500500.0005364, "device_end": 1585500500.0017738}, "cmdq": 4, "read": {"device_start": -1, "device_end": -1}}, "FFC_sans_bias13": {"write": {"device_start": -1, "host_queued_start": 1585500562.89913, "device_queued": -1, "device_end": -1, "host_queued_end": 1585500562.914116}, "device": "gpu", "nd_range": {"device_start": 1585500499.9985054, "device_end": 1585500500.0001035}, "cmdq": 1, "read": {"device_start": -1, "device_end": -1}}, "empty8": {"write": {"device_start": 1585500499.9849799, "host_queued_start": 1585500562.864772, "device_queued": 1585500499.984859, "device_end": 1585500499.9850118, "host_queued_end": 1585500562.914116}, "device": "gpu", "nd_range": {"device_start": 1585500499.9850223, "device_end": 1585500499.9850268}, "cmdq": 0, "read": {"device_start": -1, "device_end": -1}}, "FFC_sans_bias42": {"write": {"device_start": -1, "host_queued_start": 1585500562.90462, "device_queued": -1, "device_end": -1, "host_queued_end": 1585500562.914116}, "device": "gpu", "nd_range": {"device_start": 1585500500.001827, "device_end": 1585500500.0037298}, "cmdq": 0, "read": {"device_start": -1, "device_end": -1}}, "FFC_sans_bias43": {"write": {"device_start": 1585500500.0058486, "host_queued_start": 1585500562.910848, "device_queued": 1585500499.9903243, "device_end": 1585500500.0058794, "host_queued_end": 1585500562.914116}, "device": "gpu", "nd_range": {"device_start": 1585500500.0058978, "device_end": 1585500500.0081196}, "cmdq": 3, "read": {"device_start": 1585500500.0081317, "device_end": 1585500500.008156}}, "FFC_sans_bias40": {"write": {"device_start": -1, "host_queued_start": 1585500562.900071, "device_queued": -1, "device_end": -1, "host_queued_end": 1585500562.914116}, "device": "gpu", "nd_range": {"device_start": 1585500499.9985251, "device_end": 1585500500.000525}, "cmdq": 4, "read": {"device_start": -1, "device_end": -1}}, "softmax32": {"write": {"device_start": -1, "host_queued_start": 1585500562.902013, "device_queued": -1, "device_end": -1, "host_queued_end": 1585500562.914116}, "device": "gpu", "nd_range": {"device_start": 1585500500.0015147, "device_end": 1585500500.0017242}, "cmdq": 1, "read": {"device_start": -1, "device_end": -1}}, "FFC_sans_bias47": {"write": {"device_start": 1585500499.992421, "host_queued_start": 1585500562.889815, "device_queued": 1585500499.9873478, "device_end": 1585500499.9924517, "host_queued_end": 1585500562.914116}, "device": "gpu", "nd_range": {"device_start": 1585500499.9924564, "device_end": 1585500499.9946957}, "cmdq": 0, "read": {"device_start": -1, "device_end": -1}}, "FFC_sans_bias45": {"write": {"device_start": 1585500499.99143, "host_queued_start": 1585500562.887755, "device_queued": 1585500499.9871304, "device_end": 1585500499.9914558, "host_queued_end": 1585500562.914116}, "device": "gpu", "nd_range": {"device_start": 1585500499.991462, "device_end": 1585500499.9937189}, "cmdq": 3, "read": {"device_start": -1, "device_end": -1}}, "softmax50": {"write": {"device_start": -1, "host_queued_start": 1585500562.902501, "device_queued": -1, "device_end": -1, "host_queued_end": 1585500562.914116}, "device": "gpu", "nd_range": {"device_start": 1585500500.001471, "device_end": 1585500500.0016778}, "cmdq": 3, "read": {"device_start": -1, "device_end": -1}}, "FFC_sans_bias33": {"write": {"device_start": -1, "host_queued_start": 1585500562.904306, "device_queued": -1, "device_end": -1, "host_queued_end": 1585500562.914116}, "device": "gpu", "nd_range": {"device_start": 1585500500.0025194, "device_end": 1585500500.004738}, "cmdq": 4, "read": {"device_start": -1, "device_end": -1}}, "FFC_sans_bias63": {"write": {"device_start": 1585500499.995326, "host_queued_start": 1585500562.896052, "device_queued": 1585500499.9879932, "device_end": 1585500499.9953573, "host_queued_end": 1585500562.914116}, "device": "gpu", "nd_range": {"device_start": 1585500499.9953713, "device_end": 1585500499.9976285}, "cmdq": 1, "read": {"device_start": -1, "device_end": -1}}, "FFC_sans_bias49": {"write": {"device_start": -1, "host_queued_start": 1585500562.900384, "device_queued": -1, "device_end": -1, "host_queued_end": 1585500562.914116}, "device": "gpu", "nd_range": {"device_start": 1585500499.9981477, "device_end": 1585500499.9995327}, "cmdq": 0, "read": {"device_start": -1, "device_end": -1}}, "FFC_sans_bias64": {"write": {"device_start": 1585500499.9943612, "host_queued_start": 1585500562.893974, "device_queued": 1585500499.9875846, "device_end": 1585500499.9943926, "host_queued_end": 1585500562.914116}, "device": "gpu", "nd_range": {"device_start": 1585500499.9944072, "device_end": 1585500499.996661}, "cmdq": 4, "read": {"device_start": -1, "device_end": -1}}, "FFC_sans_bias65": {"write": {"device_start": 1585500499.9948184, "host_queued_start": 1585500562.895023, "device_queued": 1585500499.9879184, "device_end": 1585500499.9948502, "host_queued_end": 1585500562.914116}, "device": "gpu", "nd_range": {"device_start": 1585500499.9948575, "device_end": 1585500499.9971223}, "cmdq": 0, "read": {"device_start": -1, "device_end": -1}}, "FFC_sans_bias67": {"write": {"device_start": -1, "host_queued_start": 1585500562.901028, "device_queued": -1, "device_end": -1, "host_queued_end": 1585500562.914116}, "device": "gpu", "nd_range": {"device_start": 1585500499.9985697, "device_end": 1585500500.001061}, "cmdq": 2, "read": {"device_start": -1, "device_end": -1}}, "FFC_sans_bias24": {"write": {"device_start": -1, "host_queued_start": 1585500562.903995, "device_queued": -1, "device_end": -1, "host_queued_end": 1585500562.914116}, "device": "gpu", "nd_range": {"device_start": 1585500500.0018132, "device_end": 1585500500.0032985}, "cmdq": 3, "read": {"device_start": -1, "device_end": -1}}, "FFC_sans_bias25": {"write": {"device_start": 1585500500.0054965, "host_queued_start": 1585500562.908706, "device_queued": 1585500499.9903827, "device_end": 1585500500.0055265, "host_queued_end": 1585500562.914116}, "device": "gpu", "nd_range": {"device_start": 1585500500.005549, "device_end": 1585500500.0076582}, "cmdq": 1, "read": {"device_start": 1585500500.0076685, "device_end": 1585500500.0076919}}, "FFC_sans_bias27": {"write": {"device_start": 1585500499.9886353, "host_queued_start": 1585500562.881505, "device_queued": 1585500499.9864779, "device_end": 1585500499.9886656, "host_queued_end": 1585500562.914116}, "device": "gpu", "nd_range": {"device_start": 1585500499.9886723, "device_end": 1585500499.9908783}, "cmdq": 2, "read": {"device_start": -1, "device_end": -1}}, "FFC_sans_bias20": {"write": {"device_start": 1585500499.9880393, "host_queued_start": 1585500562.880468, "device_queued": 1585500499.9864497, "device_end": 1585500499.9880645, "host_queued_end": 1585500562.914116}, "device": "gpu", "nd_range": {"device_start": 1585500499.9880717, "device_end": 1585500499.9903543}, "cmdq": 1, "read": {"device_start": -1, "device_end": -1}}, "FFC_sans_bias22": {"write": {"device_start": -1, "host_queued_start": 1585500562.899443, "device_queued": -1, "device_end": -1, "host_queued_end": 1585500562.914116}, "device": "gpu", "nd_range": {"device_start": 1585500499.99755, "device_end": 1585500499.998557}, "cmdq": 2, "read": {"device_start": -1, "device_end": -1}}, "softmax68": {"write": {"device_start": -1, "host_queued_start": 1585500562.903047, "device_queued": -1, "device_end": -1, "host_queued_end": 1585500562.914116}, "device": "gpu", "nd_range": {"device_start": 1585500500.0014508, "device_end": 1585500500.0016618}, "cmdq": 0, "read": {"device_start": -1, "device_end": -1}}, "softmax5": {"write": {"device_start": -1, "host_queued_start": 1585500562.90128, "device_queued": -1, "device_end": -1, "host_queued_end": 1585500562.914116}, "device": "gpu", "nd_range": {"device_start": 1585500499.9991262, "device_end": 1585500500.0014591}, "cmdq": 3, "read": {"device_start": -1, "device_end": -1}}, "FFC_sans_bias28": {"write": {"device_start": 1585500499.9890287, "host_queued_start": 1585500562.882533, "device_queued": 1585500499.9864936, "device_end": 1585500499.9890594, "host_queued_end": 1585500562.914116}, "device": "gpu", "nd_range": {"device_start": 1585500499.989066, "device_end": 1585500499.9913242}, "cmdq": 3, "read": {"device_start": -1, "device_end": -1}}, "FFC_sans_bias29": {"write": {"device_start": 1585500499.989523, "host_queued_start": 1585500562.883622, "device_queued": 1585500499.9865263, "device_end": 1585500499.989555, "host_queued_end": 1585500562.914116}, "device": "gpu", "nd_range": {"device_start": 1585500499.9895585, "device_end": 1585500499.9918673}, "cmdq": 4, "read": {"device_start": -1, "device_end": -1}}, "empty17": {"write": {"device_start": 1585500499.9851196, "host_queued_start": 1585500562.865818, "device_queued": 1585500499.985006, "device_end": 1585500499.9851925, "host_queued_end": 1585500562.914116}, "device": "gpu", "nd_range": {"device_start": 1585500499.9852319, "device_end": 1585500499.9852386}, "cmdq": 1, "read": {"device_start": -1, "device_end": -1}}, "softmax59": {"write": {"device_start": -1, "host_queued_start": 1585500562.902753, "device_queued": -1, "device_end": -1, "host_queued_end": 1585500562.914116}, "device": "gpu", "nd_range": {"device_start": 1585500500.0017855, "device_end": 1585500500.0025086}, "cmdq": 4, "read": {"device_start": -1, "device_end": -1}}, "empty71": {"write": {"device_start": 1585500499.9857433, "host_queued_start": 1585500562.870922, "device_queued": 1585500499.985364, "device_end": 1585500499.9857886, "host_queued_end": 1585500562.914116}, "device": "gpu", "nd_range": {"device_start": 1585500499.985801, "device_end": 1585500499.9858067}, "cmdq": 2, "read": {"device_start": -1, "device_end": -1}}, "empty35": {"write": {"device_start": 1585500499.9853451, "host_queued_start": 1585500562.867561, "device_queued": 1585500499.9850543, "device_end": 1585500499.9854043, "host_queued_end": 1585500562.914116}, "device": "gpu", "nd_range": {"device_start": 1585500499.9854085, "device_end": 1585500499.9854143}, "cmdq": 3, "read": {"device_start": -1, "device_end": -1}}, "empty53": {"write": {"device_start": 1585500499.9855516, "host_queued_start": 1585500562.86924, "device_queued": 1585500499.985302, "device_end": 1585500499.9856248, "host_queued_end": 1585500562.914116}, "device": "gpu", "nd_range": {"device_start": 1585500499.985633, "device_end": 1585500499.9856417}, "cmdq": 0, "read": {"device_start": -1, "device_end": -1}}, "FFC_sans_bias46": {"write": {"device_start": 1585500499.991955, "host_queued_start": 1585500562.888783, "device_queued": 1585500499.9871628, "device_end": 1585500499.9919858, "host_queued_end": 1585500562.914116}, "device": "gpu", "nd_range": {"device_start": 1585500499.9920018, "device_end": 1585500499.994247}, "cmdq": 4, "read": {"device_start": -1, "device_end": -1}}, "coalesced_transpose66": {"write": {"device_start": -1, "host_queued_start": 1585500562.898495, "device_queued": -1, "device_end": -1, "host_queued_end": 1585500562.914116}, "device": "gpu", "nd_range": {"device_start": 1585500499.99751, "device_end": 1585500499.997557}, "cmdq": 4, "read": {"device_start": -1, "device_end": -1}}, "coalesced_transpose48": {"write": {"device_start": -1, "host_queued_start": 1585500562.8979, "device_queued": -1, "device_end": -1, "host_queued_end": 1585500562.914116}, "device": "gpu", "nd_range": {"device_start": 1585500499.9974868, "device_end": 1585500499.9975343}, "cmdq": 2, "read": {"device_start": -1, "device_end": -1}}}