{"FFC_sans_bias60": {"write": {"device_start": -1, "host_queued_start": 1585500579.466869, "device_queued": -1, "device_end": -1, "host_queued_end": 1585500579.469345}, "device": "gpu", "nd_range": {"device_start": 1585500516.5441236, "device_end": 1585500516.5447335}, "cmdq": 4, "read": {"device_start": -1, "device_end": -1}}, "FFC_sans_bias4": {"write": {"device_start": -1, "host_queued_start": 1585500579.496685, "device_queued": -1, "device_end": -1, "host_queued_end": 1585500579.50826}, "device": "cpu", "nd_range": {"device_start": 2168353.7767638504, "device_end": 2168353.797609773}, "cmdq": 0, "read": {"device_start": -1, "device_end": -1}}, "FFC_sans_bias7": {"write": {"device_start": -1, "host_queued_start": 1585500579.503223, "device_queued": -1, "device_end": -1, "host_queued_end": 1585500579.50826}, "device": "cpu", "nd_range": {"device_start": 2168353.818121485, "device_end": 2168353.833380573}, "cmdq": 3, "read": {"device_start": -1, "device_end": -1}}, "FFC_sans_bias6": {"write": {"device_start": -1, "host_queued_start": 1585500579.500442, "device_queued": -1, "device_end": -1, "host_queued_end": 1585500579.50826}, "device": "cpu", "nd_range": {"device_start": 2168353.800921483, "device_end": 2168353.816189342}, "cmdq": 2, "read": {"device_start": -1, "device_end": -1}}, "FFC_sans_bias1": {"write": {"device_start": -1, "host_queued_start": 1585500579.477392, "device_queued": -1, "device_end": -1, "host_queued_end": 1585500579.50826}, "device": "cpu", "nd_range": {"device_start": 2168353.713337982, "device_end": 2168353.728530398}, "cmdq": 2, "read": {"device_start": -1, "device_end": -1}}, "FFC_sans_bias0": {"write": {"device_start": -1, "host_queued_start": 1585500579.476268, "device_queued": -1, "device_end": -1, "host_queued_end": 1585500579.50826}, "device": "cpu", "nd_range": {"device_start": 2168353.697896324, "device_end": 2168353.713182378}, "cmdq": 1, "read": {"device_start": -1, "device_end": -1}}, "FFC_sans_bias2": {"write": {"device_start": -1, "host_queued_start": 1585500579.478452, "device_queued": -1, "device_end": -1, "host_queued_end": 1585500579.50826}, "device": "cpu", "nd_range": {"device_start": 2168353.697931143, "device_end": 2168353.715693326}, "cmdq": 3, "read": {"device_start": -1, "device_end": -1}}, "FFC_sans_bias61": {"write": {"device_start": 1585500516.5441968, "host_queued_start": 1585500579.468196, "device_queued": 1585500516.5410094, "device_end": 1585500516.5442545, "host_queued_end": 1585500579.469345}, "device": "gpu", "nd_range": {"device_start": 1585500516.5447364, "device_end": 1585500516.545708}, "cmdq": 1, "read": {"device_start": 1585500516.5457177, "device_end": 1585500516.5457408}}, "FFC_sans_bias52": {"write": {"device_start": -1, "host_queued_start": 1585500579.508216, "device_queued": -1, "device_end": -1, "host_queued_end": 1585500579.50826}, "device": "cpu", "nd_range": {"device_start": 2168353.843506381, "device_end": 2168353.858131015}, "cmdq": 3, "read": {"device_start": -1, "device_end": -1}}, "FFC_sans_bias9": {"write": {"device_start": -1, "host_queued_start": 1585500579.479517, "device_queued": -1, "device_end": -1, "host_queued_end": 1585500579.50826}, "device": "cpu", "nd_range": {"device_start": 2168353.698158008, "device_end": 2168353.7135882573}, "cmdq": 4, "read": {"device_start": -1, "device_end": -1}}, "coalesced_transpose39": {"write": {"device_start": -1, "host_queued_start": 1585500579.49601, "device_queued": -1, "device_end": -1, "host_queued_end": 1585500579.50826}, "device": "cpu", "nd_range": {"device_start": 2168353.76485958, "device_end": 2168353.7651038263}, "cmdq": 3, "read": {"device_start": -1, "device_end": -1}}, "FFC_sans_bias55": {"write": {"device_start": 1585500516.5401082, "host_queued_start": 1585500579.461405, "device_queued": 1585500516.5400293, "device_end": 1585500516.5401356, "host_queued_end": 1585500579.469345}, "device": "gpu", "nd_range": {"device_start": 1585500516.5401564, "device_end": 1585500516.5416865}, "cmdq": 4, "read": {"device_start": -1, "device_end": -1}}, "FFC_sans_bias54": {"write": {"device_start": 1585500516.5400183, "host_queued_start": 1585500579.460349, "device_queued": 1585500516.5397651, "device_end": 1585500516.5400434, "host_queued_end": 1585500579.469345}, "device": "gpu", "nd_range": {"device_start": 1585500516.540135, "device_end": 1585500516.5411174}, "cmdq": 3, "read": {"device_start": -1, "device_end": -1}}, "FFC_sans_bias56": {"write": {"device_start": 1585500516.5399313, "host_queued_start": 1585500579.459282, "device_queued": 1585500516.5397203, "device_end": 1585500516.540006, "host_queued_end": 1585500579.469345}, "device": "gpu", "nd_range": {"device_start": 1585500516.5401042, "device_end": 1585500516.5407097}, "cmdq": 2, "read": {"device_start": -1, "device_end": -1}}, "FFC_sans_bias51": {"write": {"device_start": -1, "host_queued_start": 1585500579.502175, "device_queued": -1, "device_end": -1, "host_queued_end": 1585500579.50826}, "device": "cpu", "nd_range": {"device_start": 2168353.833384856, "device_end": 2168353.84195641}, "cmdq": 2, "read": {"device_start": -1, "device_end": -1}}, "softmax23": {"write": {"device_start": -1, "host_queued_start": 1585500579.499267, "device_queued": -1, "device_end": -1, "host_queued_end": 1585500579.50826}, "device": "cpu", "nd_range": {"device_start": 2168353.801905489, "device_end": 2168353.802947537}, "cmdq": 3, "read": {"device_start": -1, "device_end": -1}}, "FFC_sans_bias37": {"write": {"device_start": -1, "host_queued_start": 1585500579.490014, "device_queued": -1, "device_end": -1, "host_queued_end": 1585500579.50826}, "device": "cpu", "nd_range": {"device_start": 2168353.729046368, "device_end": 2168353.744249511}, "cmdq": 4, "read": {"device_start": -1, "device_end": -1}}, "empty62": {"write": {"device_start": 1585500516.539737, "host_queued_start": 1585500579.457207, "device_queued": 1585500516.539595, "device_end": 1585500516.5397644, "host_queued_end": 1585500579.469345}, "device": "gpu", "nd_range": {"device_start": 1585500516.5397677, "device_end": 1585500516.5397725}, "cmdq": 0, "read": {"device_start": -1, "device_end": -1}}, "FFC_sans_bias70": {"write": {"device_start": 1585500516.5442681, "host_queued_start": 1585500579.469249, "device_queued": 1585500516.5410342, "device_end": 1585500516.5442982, "host_queued_end": 1585500579.469345}, "device": "gpu", "nd_range": {"device_start": 1585500516.5451567, "device_end": 1585500516.5461285}, "cmdq": 2, "read": {"device_start": 1585500516.5461297, "device_end": 1585500516.5461533}}, "FFC_sans_bias58": {"write": {"device_start": -1, "host_queued_start": 1585500579.465722, "device_queued": -1, "device_end": -1, "host_queued_end": 1585500579.469345}, "device": "gpu", "nd_range": {"device_start": 1585500516.5429654, "device_end": 1585500516.5435715}, "cmdq": 0, "read": {"device_start": -1, "device_end": -1}}, "softmax41": {"write": {"device_start": -1, "host_queued_start": 1585500579.499832, "device_queued": -1, "device_end": -1, "host_queued_end": 1585500579.50826}, "device": "cpu", "nd_range": {"device_start": 2168353.8206571103, "device_end": 2168353.820983496}, "cmdq": 0, "read": {"device_start": -1, "device_end": -1}}, "FFC_sans_bias11": {"write": {"device_start": -1, "host_queued_start": 1585500579.481608, "device_queued": -1, "device_end": -1, "host_queued_end": 1585500579.50826}, "device": "cpu", "nd_range": {"device_start": 2168353.7447231803, "device_end": 2168353.7598547693}, "cmdq": 1, "read": {"device_start": -1, "device_end": -1}}, "FFC_sans_bias10": {"write": {"device_start": -1, "host_queued_start": 1585500579.480562, "device_queued": -1, "device_end": -1, "host_queued_end": 1585500579.50826}, "device": "cpu", "nd_range": {"device_start": 2168353.697904826, "device_end": 2168353.713372001}, "cmdq": 0, "read": {"device_start": -1, "device_end": -1}}, "coalesced_transpose3": {"write": {"device_start": -1, "host_queued_start": 1585500579.494605, "device_queued": -1, "device_end": -1, "host_queued_end": 1585500579.50826}, "device": "cpu", "nd_range": {"device_start": 2168353.7443666253, "device_end": 2168353.744610098}, "cmdq": 4, "read": {"device_start": -1, "device_end": -1}}, "FFC_sans_bias34": {"write": {"device_start": -1, "host_queued_start": 1585500579.506227, "device_queued": -1, "device_end": -1, "host_queued_end": 1585500579.50826}, "device": "cpu", "nd_range": {"device_start": 2168353.8445500163, "device_end": 2168353.857411554}, "cmdq": 1, "read": {"device_start": -1, "device_end": -1}}, "FFC_sans_bias15": {"write": {"device_start": -1, "host_queued_start": 1585500579.500784, "device_queued": -1, "device_end": -1, "host_queued_end": 1585500579.50826}, "device": "cpu", "nd_range": {"device_start": 2168353.803071055, "device_end": 2168353.818095682}, "cmdq": 3, "read": {"device_start": -1, "device_end": -1}}, "FFC_sans_bias31": {"write": {"device_start": -1, "host_queued_start": 1585500579.497718, "device_queued": -1, "device_end": -1, "host_queued_end": 1585500579.50826}, "device": "cpu", "nd_range": {"device_start": 2168353.772983184, "device_end": 2168353.788266595}, "cmdq": 3, "read": {"device_start": -1, "device_end": -1}}, "FFC_sans_bias16": {"write": {"device_start": -1, "host_queued_start": 1585500579.504251, "device_queued": -1, "device_end": -1, "host_queued_end": 1585500579.50826}, "device": "cpu", "nd_range": {"device_start": 2168353.8181592072, "device_end": 2168353.827028369}, "cmdq": 4, "read": {"device_start": -1, "device_end": -1}}, "FFC_sans_bias19": {"write": {"device_start": -1, "host_queued_start": 1585500579.483721, "device_queued": -1, "device_end": -1, "host_queued_end": 1585500579.50826}, "device": "cpu", "nd_range": {"device_start": 2168353.715804281, "device_end": 2168353.73199687}, "cmdq": 3, "read": {"device_start": -1, "device_end": -1}}, "FFC_sans_bias18": {"write": {"device_start": -1, "host_queued_start": 1585500579.482677, "device_queued": -1, "device_end": -1, "host_queued_end": 1585500579.50826}, "device": "cpu", "nd_range": {"device_start": 2168353.728670812, "device_end": 2168353.7439185153}, "cmdq": 2, "read": {"device_start": -1, "device_end": -1}}, "coalesced_transpose30": {"write": {"device_start": -1, "host_queued_start": 1585500579.495589, "device_queued": -1, "device_end": -1, "host_queued_end": 1585500579.50826}, "device": "cpu", "nd_range": {"device_start": 2168353.772628067, "device_end": 2168353.772866805}, "cmdq": 2, "read": {"device_start": -1, "device_end": -1}}, "FFC_sans_bias69": {"write": {"device_start": -1, "host_queued_start": 1585500579.467185, "device_queued": -1, "device_end": -1, "host_queued_end": 1585500579.469345}, "device": "gpu", "nd_range": {"device_start": 1585500516.5444436, "device_end": 1585500516.5451515}, "cmdq": 0, "read": {"device_start": -1, "device_end": -1}}, "FFC_sans_bias38": {"write": {"device_start": -1, "host_queued_start": 1585500579.491092, "device_queued": -1, "device_end": -1, "host_queued_end": 1585500579.50826}, "device": "cpu", "nd_range": {"device_start": 2168353.7472279333, "device_end": 2168353.770385433}, "cmdq": 0, "read": {"device_start": -1, "device_end": -1}}, "coalesced_transpose57": {"write": {"device_start": -1, "host_queued_start": 1585500579.464923, "device_queued": -1, "device_end": -1, "host_queued_end": 1585500579.469345}, "device": "gpu", "nd_range": {"device_start": 1585500516.5416944, "device_end": 1585500516.5429595}, "cmdq": 3, "read": {"device_start": -1, "device_end": -1}}, "empty26": {"write": {"device_start": -1, "host_queued_start": 1585500579.472617, "device_queued": -1, "device_end": -1, "host_queued_end": 1585500579.50826}, "device": "cpu", "nd_range": {"device_start": 2168353.713327199, "device_end": 2168353.713330014}, "cmdq": 2, "read": {"device_start": -1, "device_end": -1}}, "coalesced_transpose12": {"write": {"device_start": -1, "host_queued_start": 1585500579.494936, "device_queued": -1, "device_end": -1, "host_queued_end": 1585500579.50826}, "device": "cpu", "nd_range": {"device_start": 2168353.776114493, "device_end": 2168353.7763718273}, "cmdq": 0, "read": {"device_start": -1, "device_end": -1}}, "empty44": {"write": {"device_start": -1, "host_queued_start": 1585500579.474303, "device_queued": -1, "device_end": -1, "host_queued_end": 1585500579.50826}, "device": "cpu", "nd_range": {"device_start": 2168353.698146161, "device_end": 2168353.69814988}, "cmdq": 4, "read": {"device_start": -1, "device_end": -1}}, "coalesced_transpose21": {"write": {"device_start": -1, "host_queued_start": 1585500579.495264, "device_queued": -1, "device_end": -1, "host_queued_end": 1585500579.50826}, "device": "cpu", "nd_range": {"device_start": 2168353.788058624, "device_end": 2168353.788304394}, "cmdq": 1, "read": {"device_start": -1, "device_end": -1}}, "FFC_sans_bias36": {"write": {"device_start": -1, "host_queued_start": 1585500579.488971, "device_queued": -1, "device_end": -1, "host_queued_end": 1585500579.50826}, "device": "cpu", "nd_range": {"device_start": 2168353.7321226993, "device_end": 2168353.7483845972}, "cmdq": 3, "read": {"device_start": -1, "device_end": -1}}, "softmax14": {"write": {"device_start": -1, "host_queued_start": 1585500579.498983, "device_queued": -1, "device_end": -1, "host_queued_end": 1585500579.50826}, "device": "cpu", "nd_range": {"device_start": 2168353.800606343, "device_end": 2168353.800816806}, "cmdq": 2, "read": {"device_start": -1, "device_end": -1}}, "FFC_sans_bias13": {"write": {"device_start": -1, "host_queued_start": 1585500579.497036, "device_queued": -1, "device_end": -1, "host_queued_end": 1585500579.50826}, "device": "cpu", "nd_range": {"device_start": 2168353.788496205, "device_end": 2168353.7967125713}, "cmdq": 1, "read": {"device_start": -1, "device_end": -1}}, "empty8": {"write": {"device_start": -1, "host_queued_start": 1585500579.4708, "device_queued": -1, "device_end": -1, "host_queued_end": 1585500579.50826}, "device": "cpu", "nd_range": {"device_start": 2168353.697859457, "device_end": 2168353.6978730652}, "cmdq": 0, "read": {"device_start": -1, "device_end": -1}}, "FFC_sans_bias42": {"write": {"device_start": -1, "host_queued_start": 1585500579.501832, "device_queued": -1, "device_end": -1, "host_queued_end": 1585500579.50826}, "device": "cpu", "nd_range": {"device_start": 2168353.827197783, "device_end": 2168353.844539035}, "cmdq": 1, "read": {"device_start": -1, "device_end": -1}}, "FFC_sans_bias43": {"write": {"device_start": -1, "host_queued_start": 1585500579.507229, "device_queued": -1, "device_end": -1, "host_queued_end": 1585500579.50826}, "device": "cpu", "nd_range": {"device_start": 2168353.844828377, "device_end": 2168353.8583356263}, "cmdq": 2, "read": {"device_start": -1, "device_end": -1}}, "FFC_sans_bias40": {"write": {"device_start": -1, "host_queued_start": 1585500579.498059, "device_queued": -1, "device_end": -1, "host_queued_end": 1585500579.50826}, "device": "cpu", "nd_range": {"device_start": 2168353.772765885, "device_end": 2168353.789724421}, "cmdq": 4, "read": {"device_start": -1, "device_end": -1}}, "softmax32": {"write": {"device_start": -1, "host_queued_start": 1585500579.499541, "device_queued": -1, "device_end": -1, "host_queued_end": 1585500579.50826}, "device": "cpu", "nd_range": {"device_start": 2168353.789848973, "device_end": 2168353.790072252}, "cmdq": 4, "read": {"device_start": -1, "device_end": -1}}, "FFC_sans_bias47": {"write": {"device_start": -1, "host_queued_start": 1585500579.494266, "device_queued": -1, "device_end": -1, "host_queued_end": 1585500579.50826}, "device": "cpu", "nd_range": {"device_start": 2168353.748504682, "device_end": 2168353.764731821}, "cmdq": 3, "read": {"device_start": -1, "device_end": -1}}, "FFC_sans_bias45": {"write": {"device_start": -1, "host_queued_start": 1585500579.49214, "device_queued": -1, "device_end": -1, "host_queued_end": 1585500579.50826}, "device": "cpu", "nd_range": {"device_start": 2168353.772606106, "device_end": 2168353.7879216243}, "cmdq": 1, "read": {"device_start": -1, "device_end": -1}}, "softmax50": {"write": {"device_start": -1, "host_queued_start": 1585500579.500105, "device_queued": -1, "device_end": -1, "host_queued_end": 1585500579.50826}, "device": "cpu", "nd_range": {"device_start": 2168353.8269666303, "device_end": 2168353.8271843493}, "cmdq": 1, "read": {"device_start": -1, "device_end": -1}}, "FFC_sans_bias33": {"write": {"device_start": -1, "host_queued_start": 1585500579.501471, "device_queued": -1, "device_end": -1, "host_queued_end": 1585500579.50826}, "device": "cpu", "nd_range": {"device_start": 2168353.8209904293, "device_end": 2168353.835865408}, "cmdq": 0, "read": {"device_start": -1, "device_end": -1}}, "FFC_sans_bias63": {"write": {"device_start": 1585500516.5408335, "host_queued_start": 1585500579.464605, "device_queued": 1585500516.5403793, "device_end": 1585500516.540863, "host_queued_end": 1585500579.469345}, "device": "gpu", "nd_range": {"device_start": 1585500516.540867, "device_end": 1585500516.543091}, "cmdq": 2, "read": {"device_start": -1, "device_end": -1}}, "FFC_sans_bias49": {"write": {"device_start": -1, "host_queued_start": 1585500579.498403, "device_queued": -1, "device_end": -1, "host_queued_end": 1585500579.50826}, "device": "cpu", "nd_range": {"device_start": 2168353.797839499, "device_end": 2168353.820647446}, "cmdq": 0, "read": {"device_start": -1, "device_end": -1}}, "FFC_sans_bias64": {"write": {"device_start": 1585500516.5403883, "host_queued_start": 1585500579.462478, "device_queued": 1585500516.5402675, "device_end": 1585500516.540443, "host_queued_end": 1585500579.469345}, "device": "gpu", "nd_range": {"device_start": 1585500516.5404503, "device_end": 1585500516.5421007}, "cmdq": 0, "read": {"device_start": -1, "device_end": -1}}, "FFC_sans_bias65": {"write": {"device_start": 1585500516.5404813, "host_queued_start": 1585500579.46357, "device_queued": 1585500516.540351, "device_end": 1585500516.5405116, "host_queued_end": 1585500579.469345}, "device": "gpu", "nd_range": {"device_start": 1585500516.5406163, "device_end": 1585500516.5426478}, "cmdq": 1, "read": {"device_start": -1, "device_end": -1}}, "FFC_sans_bias67": {"write": {"device_start": -1, "host_queued_start": 1585500579.466038, "device_queued": -1, "device_end": -1, "host_queued_end": 1585500579.469345}, "device": "gpu", "nd_range": {"device_start": 1585500516.5429761, "device_end": 1585500516.54408}, "cmdq": 1, "read": {"device_start": -1, "device_end": -1}}, "FFC_sans_bias24": {"write": {"device_start": -1, "host_queued_start": 1585500579.501125, "device_queued": -1, "device_end": -1, "host_queued_end": 1585500579.50826}, "device": "cpu", "nd_range": {"device_start": 2168353.804518726, "device_end": 2168353.817709059}, "cmdq": 4, "read": {"device_start": -1, "device_end": -1}}, "FFC_sans_bias25": {"write": {"device_start": -1, "host_queued_start": 1585500579.505241, "device_queued": -1, "device_end": -1, "host_queued_end": 1585500579.50826}, "device": "cpu", "nd_range": {"device_start": 2168353.8358729132, "device_end": 2168353.854293968}, "cmdq": 0, "read": {"device_start": -1, "device_end": -1}}, "FFC_sans_bias27": {"write": {"device_start": -1, "host_queued_start": 1585500579.485807, "device_queued": -1, "device_end": -1, "host_queued_end": 1585500579.50826}, "device": "cpu", "nd_range": {"device_start": 2168353.716714168, "device_end": 2168353.7391923163}, "cmdq": 0, "read": {"device_start": -1, "device_end": -1}}, "FFC_sans_bias20": {"write": {"device_start": -1, "host_queued_start": 1585500579.484765, "device_queued": -1, "device_end": -1, "host_queued_end": 1585500579.50826}, "device": "cpu", "nd_range": {"device_start": 2168353.713710071, "device_end": 2168353.728922036}, "cmdq": 4, "read": {"device_start": -1, "device_end": -1}}, "FFC_sans_bias22": {"write": {"device_start": -1, "host_queued_start": 1585500579.497378, "device_queued": -1, "device_end": -1, "host_queued_end": 1585500579.50826}, "device": "cpu", "nd_range": {"device_start": 2168353.7888027583, "device_end": 2168353.800495206}, "cmdq": 2, "read": {"device_start": -1, "device_end": -1}}, "softmax68": {"write": {"device_start": -1, "host_queued_start": 1585500579.466534, "device_queued": -1, "device_end": -1, "host_queued_end": 1585500579.469345}, "device": "gpu", "nd_range": {"device_start": 1585500516.5440853, "device_end": 1585500516.5444398}, "cmdq": 3, "read": {"device_start": -1, "device_end": -1}}, "softmax5": {"write": {"device_start": -1, "host_queued_start": 1585500579.498701, "device_queued": -1, "device_end": -1, "host_queued_end": 1585500579.50826}, "device": "cpu", "nd_range": {"device_start": 2168353.797623714, "device_end": 2168353.797833466}, "cmdq": 1, "read": {"device_start": -1, "device_end": -1}}, "FFC_sans_bias28": {"write": {"device_start": -1, "host_queued_start": 1585500579.486871, "device_queued": -1, "device_end": -1, "host_queued_end": 1585500579.50826}, "device": "cpu", "nd_range": {"device_start": 2168353.759973724, "device_end": 2168353.772394402}, "cmdq": 1, "read": {"device_start": -1, "device_end": -1}}, "FFC_sans_bias29": {"write": {"device_start": -1, "host_queued_start": 1585500579.487926, "device_queued": -1, "device_end": -1, "host_queued_end": 1585500579.50826}, "device": "cpu", "nd_range": {"device_start": 2168353.7440408133, "device_end": 2168353.759371908}, "cmdq": 2, "read": {"device_start": -1, "device_end": -1}}, "empty17": {"write": {"device_start": -1, "host_queued_start": 1585500579.47178, "device_queued": -1, "device_end": -1, "host_queued_end": 1585500579.50826}, "device": "cpu", "nd_range": {"device_start": 2168353.697866059, "device_end": 2168353.6978730583}, "cmdq": 1, "read": {"device_start": -1, "device_end": -1}}, "softmax59": {"write": {"device_start": -1, "host_queued_start": 1585500579.466289, "device_queued": -1, "device_end": -1, "host_queued_end": 1585500579.469345}, "device": "gpu", "nd_range": {"device_start": 1585500516.5435786, "device_end": 1585500516.5441186}, "cmdq": 2, "read": {"device_start": -1, "device_end": -1}}, "empty71": {"write": {"device_start": 1585500516.5398474, "host_queued_start": 1585500579.45825, "device_queued": 1585500516.5396926, "device_end": 1585500516.5399153, "host_queued_end": 1585500579.469345}, "device": "gpu", "nd_range": {"device_start": 1585500516.5400708, "device_end": 1585500516.5400813}, "cmdq": 1, "read": {"device_start": -1, "device_end": -1}}, "empty35": {"write": {"device_start": -1, "host_queued_start": 1585500579.473473, "device_queued": -1, "device_end": -1, "host_queued_end": 1585500579.50826}, "device": "cpu", "nd_range": {"device_start": 2168353.6979062003, "device_end": 2168353.6979117463}, "cmdq": 3, "read": {"device_start": -1, "device_end": -1}}, "empty53": {"write": {"device_start": -1, "host_queued_start": 1585500579.475241, "device_queued": -1, "device_end": -1, "host_queued_end": 1585500579.50826}, "device": "cpu", "nd_range": {"device_start": 2168353.697896663, "device_end": 2168353.6978981514}, "cmdq": 0, "read": {"device_start": -1, "device_end": -1}}, "FFC_sans_bias46": {"write": {"device_start": -1, "host_queued_start": 1585500579.493184, "device_queued": -1, "device_end": -1, "host_queued_end": 1585500579.50826}, "device": "cpu", "nd_range": {"device_start": 2168353.759500253, "device_end": 2168353.77246923}, "cmdq": 2, "read": {"device_start": -1, "device_end": -1}}, "coalesced_transpose66": {"write": {"device_start": -1, "host_queued_start": 1585500579.465402, "device_queued": -1, "device_end": -1, "host_queued_end": 1585500579.469345}, "device": "gpu", "nd_range": {"device_start": 1585500516.5421088, "device_end": 1585500516.542972}, "cmdq": 4, "read": {"device_start": -1, "device_end": -1}}, "coalesced_transpose48": {"write": {"device_start": -1, "host_queued_start": 1585500579.496341, "device_queued": -1, "device_end": -1, "host_queued_end": 1585500579.50826}, "device": "cpu", "nd_range": {"device_start": 2168353.772486091, "device_end": 2168353.7726422753}, "cmdq": 4, "read": {"device_start": -1, "device_end": -1}}}