{"FFC_sans_bias60": {"write": {"device_start": -1, "host_queued_start": 1585500478.4227, "device_queued": -1, "device_end": -1, "host_queued_end": 1585500478.425155}, "device": "gpu", "nd_range": {"device_start": 1585500415.5025854, "device_end": 1585500415.50319}, "cmdq": 4, "read": {"device_start": -1, "device_end": -1}}, "FFC_sans_bias4": {"write": {"device_start": -1, "host_queued_start": 1585500478.452434, "device_queued": -1, "device_end": -1, "host_queued_end": 1585500478.463969}, "device": "cpu", "nd_range": {"device_start": 2168252.7359607383, "device_end": 2168252.7402635273}, "cmdq": 0, "read": {"device_start": -1, "device_end": -1}}, "FFC_sans_bias7": {"write": {"device_start": -1, "host_queued_start": 1585500478.45898, "device_queued": -1, "device_end": -1, "host_queued_end": 1585500478.463969}, "device": "cpu", "nd_range": {"device_start": 2168252.7920465763, "device_end": 2168252.7960817823}, "cmdq": 0, "read": {"device_start": -1, "device_end": -1}}, "FFC_sans_bias6": {"write": {"device_start": -1, "host_queued_start": 1585500478.456225, "device_queued": -1, "device_end": -1, "host_queued_end": 1585500478.463969}, "device": "cpu", "nd_range": {"device_start": 2168252.764519797, "device_end": 2168252.769314077}, "cmdq": 0, "read": {"device_start": -1, "device_end": -1}}, "FFC_sans_bias1": {"write": {"device_start": -1, "host_queued_start": 1585500478.433148, "device_queued": -1, "device_end": -1, "host_queued_end": 1585500478.463969}, "device": "cpu", "nd_range": {"device_start": 2168252.657949627, "device_end": 2168252.66191374}, "cmdq": 0, "read": {"device_start": -1, "device_end": -1}}, "FFC_sans_bias0": {"write": {"device_start": -1, "host_queued_start": 1585500478.432055, "device_queued": -1, "device_end": -1, "host_queued_end": 1585500478.463969}, "device": "cpu", "nd_range": {"device_start": 2168252.653664106, "device_end": 2168252.6579384753}, "cmdq": 0, "read": {"device_start": -1, "device_end": -1}}, "FFC_sans_bias2": {"write": {"device_start": -1, "host_queued_start": 1585500478.434193, "device_queued": -1, "device_end": -1, "host_queued_end": 1585500478.463969}, "device": "cpu", "nd_range": {"device_start": 2168252.662046547, "device_end": 2168252.666112178}, "cmdq": 0, "read": {"device_start": -1, "device_end": -1}}, "FFC_sans_bias61": {"write": {"device_start": 1585500415.5026386, "host_queued_start": 1585500478.424022, "device_queued": 1585500415.4993815, "device_end": 1585500415.5026915, "host_queued_end": 1585500478.425155}, "device": "gpu", "nd_range": {"device_start": 1585500415.5031927, "device_end": 1585500415.504148}, "cmdq": 1, "read": {"device_start": 1585500415.5041542, "device_end": 1585500415.5041788}}, "FFC_sans_bias52": {"write": {"device_start": -1, "host_queued_start": 1585500478.463925, "device_queued": -1, "device_end": -1, "host_queued_end": 1585500478.463969}, "device": "cpu", "nd_range": {"device_start": 2168252.8162224162, "device_end": 2168252.820506325}, "cmdq": 0, "read": {"device_start": -1, "device_end": -1}}, "FFC_sans_bias9": {"write": {"device_start": -1, "host_queued_start": 1585500478.435292, "device_queued": -1, "device_end": -1, "host_queued_end": 1585500478.463969}, "device": "cpu", "nd_range": {"device_start": 2168252.666129804, "device_end": 2168252.6701986413}, "cmdq": 0, "read": {"device_start": -1, "device_end": -1}}, "coalesced_transpose39": {"write": {"device_start": -1, "host_queued_start": 1585500478.451673, "device_queued": -1, "device_end": -1, "host_queued_end": 1585500478.463969}, "device": "cpu", "nd_range": {"device_start": 2168252.7355540553, "device_end": 2168252.735660322}, "cmdq": 0, "read": {"device_start": -1, "device_end": -1}}, "FFC_sans_bias55": {"write": {"device_start": 1585500415.498676, "host_queued_start": 1585500478.417262, "device_queued": 1585500415.4984741, "device_end": 1585500415.4987025, "host_queued_end": 1585500478.425155}, "device": "gpu", "nd_range": {"device_start": 1585500415.4987066, "device_end": 1585500415.5001495}, "cmdq": 4, "read": {"device_start": -1, "device_end": -1}}, "FFC_sans_bias54": {"write": {"device_start": 1585500415.49858, "host_queued_start": 1585500478.4162, "device_queued": 1585500415.4982896, "device_end": 1585500415.4986522, "host_queued_end": 1585500478.425155}, "device": "gpu", "nd_range": {"device_start": 1585500415.4986565, "device_end": 1585500415.4995794}, "cmdq": 3, "read": {"device_start": -1, "device_end": -1}}, "FFC_sans_bias56": {"write": {"device_start": 1585500415.4984877, "host_queued_start": 1585500478.415104, "device_queued": 1585500415.4982698, "device_end": 1585500415.4985693, "host_queued_end": 1585500478.425155}, "device": "gpu", "nd_range": {"device_start": 1585500415.4985728, "device_end": 1585500415.4991841}, "cmdq": 2, "read": {"device_start": -1, "device_end": -1}}, "FFC_sans_bias51": {"write": {"device_start": -1, "host_queued_start": 1585500478.457928, "device_queued": -1, "device_end": -1, "host_queued_end": 1585500478.463969}, "device": "cpu", "nd_range": {"device_start": 2168252.788013791, "device_end": 2168252.79192671}, "cmdq": 0, "read": {"device_start": -1, "device_end": -1}}, "softmax23": {"write": {"device_start": -1, "host_queued_start": 1585500478.454977, "device_queued": -1, "device_end": -1, "host_queued_end": 1585500478.463969}, "device": "cpu", "nd_range": {"device_start": 2168252.763716979, "device_end": 2168252.763799462}, "cmdq": 0, "read": {"device_start": -1, "device_end": -1}}, "FFC_sans_bias37": {"write": {"device_start": -1, "host_queued_start": 1585500478.445789, "device_queued": -1, "device_end": -1, "host_queued_end": 1585500478.463969}, "device": "cpu", "nd_range": {"device_start": 2168252.712090897, "device_end": 2168252.716041611}, "cmdq": 0, "read": {"device_start": -1, "device_end": -1}}, "empty62": {"write": {"device_start": 1585500415.4982903, "host_queued_start": 1585500478.413036, "device_queued": 1585500415.49813, "device_end": 1585500415.4983416, "host_queued_end": 1585500478.425155}, "device": "gpu", "nd_range": {"device_start": 1585500415.498351, "device_end": 1585500415.4983563}, "cmdq": 0, "read": {"device_start": -1, "device_end": -1}}, "FFC_sans_bias70": {"write": {"device_start": 1585500415.502726, "host_queued_start": 1585500478.425061, "device_queued": 1585500415.4993994, "device_end": 1585500415.5027616, "host_queued_end": 1585500478.425155}, "device": "gpu", "nd_range": {"device_start": 1585500415.5036104, "device_end": 1585500415.50458}, "cmdq": 2, "read": {"device_start": 1585500415.5045867, "device_end": 1585500415.5046158}}, "FFC_sans_bias58": {"write": {"device_start": -1, "host_queued_start": 1585500478.42155, "device_queued": -1, "device_end": -1, "host_queued_end": 1585500478.425155}, "device": "gpu", "nd_range": {"device_start": 1585500415.5014393, "device_end": 1585500415.502055}, "cmdq": 0, "read": {"device_start": -1, "device_end": -1}}, "softmax41": {"write": {"device_start": -1, "host_queued_start": 1585500478.45554, "device_queued": -1, "device_end": -1, "host_queued_end": 1585500478.463969}, "device": "cpu", "nd_range": {"device_start": 2168252.764094387, "device_end": 2168252.7642067024}, "cmdq": 0, "read": {"device_start": -1, "device_end": -1}}, "FFC_sans_bias11": {"write": {"device_start": -1, "host_queued_start": 1585500478.437371, "device_queued": -1, "device_end": -1, "host_queued_end": 1585500478.463969}, "device": "cpu", "nd_range": {"device_start": 2168252.675229651, "device_end": 2168252.679296364}, "cmdq": 0, "read": {"device_start": -1, "device_end": -1}}, "FFC_sans_bias10": {"write": {"device_start": -1, "host_queued_start": 1585500478.436325, "device_queued": -1, "device_end": -1, "host_queued_end": 1585500478.463969}, "device": "cpu", "nd_range": {"device_start": 2168252.670204001, "device_end": 2168252.675106532}, "cmdq": 0, "read": {"device_start": -1, "device_end": -1}}, "coalesced_transpose3": {"write": {"device_start": -1, "host_queued_start": 1585500478.450329, "device_queued": -1, "device_end": -1, "host_queued_end": 1585500478.463969}, "device": "cpu", "nd_range": {"device_start": 2168252.734573923, "device_end": 2168252.7347298423}, "cmdq": 0, "read": {"device_start": -1, "device_end": -1}}, "FFC_sans_bias34": {"write": {"device_start": -1, "host_queued_start": 1585500478.461945, "device_queued": -1, "device_end": -1, "host_queued_end": 1585500478.463969}, "device": "cpu", "nd_range": {"device_start": 2168252.807392992, "device_end": 2168252.811462096}, "cmdq": 0, "read": {"device_start": -1, "device_end": -1}}, "FFC_sans_bias15": {"write": {"device_start": -1, "host_queued_start": 1585500478.456564, "device_queued": -1, "device_end": -1, "host_queued_end": 1585500478.463969}, "device": "cpu", "nd_range": {"device_start": 2168252.7694194023, "device_end": 2168252.774195637}, "cmdq": 0, "read": {"device_start": -1, "device_end": -1}}, "FFC_sans_bias31": {"write": {"device_start": -1, "host_queued_start": 1585500478.453459, "device_queued": -1, "device_end": -1, "host_queued_end": 1585500478.463969}, "device": "cpu", "nd_range": {"device_start": 2168252.7496237853, "device_end": 2168252.7541717864}, "cmdq": 0, "read": {"device_start": -1, "device_end": -1}}, "FFC_sans_bias16": {"write": {"device_start": -1, "host_queued_start": 1585500478.459981, "device_queued": -1, "device_end": -1, "host_queued_end": 1585500478.463969}, "device": "cpu", "nd_range": {"device_start": 2168252.79608567, "device_end": 2168252.800858377}, "cmdq": 0, "read": {"device_start": -1, "device_end": -1}}, "FFC_sans_bias19": {"write": {"device_start": -1, "host_queued_start": 1585500478.439457, "device_queued": -1, "device_end": -1, "host_queued_end": 1585500478.463969}, "device": "cpu", "nd_range": {"device_start": 2168252.6843066593, "device_end": 2168252.688380309}, "cmdq": 0, "read": {"device_start": -1, "device_end": -1}}, "FFC_sans_bias18": {"write": {"device_start": -1, "host_queued_start": 1585500478.438408, "device_queued": -1, "device_end": -1, "host_queued_end": 1585500478.463969}, "device": "cpu", "nd_range": {"device_start": 2168252.6794158514, "device_end": 2168252.684184908}, "cmdq": 0, "read": {"device_start": -1, "device_end": -1}}, "coalesced_transpose30": {"write": {"device_start": -1, "host_queued_start": 1585500478.451348, "device_queued": -1, "device_end": -1, "host_queued_end": 1585500478.463969}, "device": "cpu", "nd_range": {"device_start": 2168252.735306247, "device_end": 2168252.735439931}, "cmdq": 0, "read": {"device_start": -1, "device_end": -1}}, "FFC_sans_bias69": {"write": {"device_start": -1, "host_queued_start": 1585500478.423014, "device_queued": -1, "device_end": -1, "host_queued_end": 1585500478.425155}, "device": "gpu", "nd_range": {"device_start": 1585500415.5028796, "device_end": 1585500415.503606}, "cmdq": 0, "read": {"device_start": -1, "device_end": -1}}, "FFC_sans_bias38": {"write": {"device_start": -1, "host_queued_start": 1585500478.446864, "device_queued": -1, "device_end": -1, "host_queued_end": 1585500478.463969}, "device": "cpu", "nd_range": {"device_start": 2168252.716158235, "device_end": 2168252.7209759313}, "cmdq": 0, "read": {"device_start": -1, "device_end": -1}}, "coalesced_transpose57": {"write": {"device_start": -1, "host_queued_start": 1585500478.420769, "device_queued": -1, "device_end": -1, "host_queued_end": 1585500478.425155}, "device": "gpu", "nd_range": {"device_start": 1585500415.5001552, "device_end": 1585500415.5014343}, "cmdq": 3, "read": {"device_start": -1, "device_end": -1}}, "empty26": {"write": {"device_start": -1, "host_queued_start": 1585500478.428494, "device_queued": -1, "device_end": -1, "host_queued_end": 1585500478.463969}, "device": "cpu", "nd_range": {"device_start": 2168252.653608018, "device_end": 2168252.6536122602}, "cmdq": 0, "read": {"device_start": -1, "device_end": -1}}, "coalesced_transpose12": {"write": {"device_start": -1, "host_queued_start": 1585500478.450689, "device_queued": -1, "device_end": -1, "host_queued_end": 1585500478.463969}, "device": "cpu", "nd_range": {"device_start": 2168252.7348426813, "device_end": 2168252.734939706}, "cmdq": 0, "read": {"device_start": -1, "device_end": -1}}, "empty44": {"write": {"device_start": -1, "host_queued_start": 1585500478.430156, "device_queued": -1, "device_end": -1, "host_queued_end": 1585500478.463969}, "device": "cpu", "nd_range": {"device_start": 2168252.6536524673, "device_end": 2168252.653653231}, "cmdq": 0, "read": {"device_start": -1, "device_end": -1}}, "coalesced_transpose21": {"write": {"device_start": -1, "host_queued_start": 1585500478.451017, "device_queued": -1, "device_end": -1, "host_queued_end": 1585500478.463969}, "device": "cpu", "nd_range": {"device_start": 2168252.73504799, "device_end": 2168252.7352024782}, "cmdq": 0, "read": {"device_start": -1, "device_end": -1}}, "FFC_sans_bias36": {"write": {"device_start": -1, "host_queued_start": 1585500478.444714, "device_queued": -1, "device_end": -1, "host_queued_end": 1585500478.463969}, "device": "cpu", "nd_range": {"device_start": 2168252.707279753, "device_end": 2168252.712085017}, "cmdq": 0, "read": {"device_start": -1, "device_end": -1}}, "softmax14": {"write": {"device_start": -1, "host_queued_start": 1585500478.454692, "device_queued": -1, "device_end": -1, "host_queued_end": 1585500478.463969}, "device": "cpu", "nd_range": {"device_start": 2168252.763522381, "device_end": 2168252.763613441}, "cmdq": 0, "read": {"device_start": -1, "device_end": -1}}, "FFC_sans_bias13": {"write": {"device_start": -1, "host_queued_start": 1585500478.452775, "device_queued": -1, "device_end": -1, "host_queued_end": 1585500478.463969}, "device": "cpu", "nd_range": {"device_start": 2168252.7402722593, "device_end": 2168252.745232221}, "cmdq": 0, "read": {"device_start": -1, "device_end": -1}}, "empty8": {"write": {"device_start": -1, "host_queued_start": 1585500478.426689, "device_queued": -1, "device_end": -1, "host_queued_end": 1585500478.463969}, "device": "cpu", "nd_range": {"device_start": 2168252.653567682, "device_end": 2168252.6535809333}, "cmdq": 0, "read": {"device_start": -1, "device_end": -1}}, "FFC_sans_bias42": {"write": {"device_start": -1, "host_queued_start": 1585500478.457585, "device_queued": -1, "device_end": -1, "host_queued_end": 1585500478.463969}, "device": "cpu", "nd_range": {"device_start": 2168252.783274249, "device_end": 2168252.788007801}, "cmdq": 0, "read": {"device_start": -1, "device_end": -1}}, "FFC_sans_bias43": {"write": {"device_start": -1, "host_queued_start": 1585500478.462935, "device_queued": -1, "device_end": -1, "host_queued_end": 1585500478.463969}, "device": "cpu", "nd_range": {"device_start": 2168252.811464894, "device_end": 2168252.816219658}, "cmdq": 0, "read": {"device_start": -1, "device_end": -1}}, "FFC_sans_bias40": {"write": {"device_start": -1, "host_queued_start": 1585500478.453797, "device_queued": -1, "device_end": -1, "host_queued_end": 1585500478.463969}, "device": "cpu", "nd_range": {"device_start": 2168252.7541773343, "device_end": 2168252.758626961}, "cmdq": 0, "read": {"device_start": -1, "device_end": -1}}, "softmax32": {"write": {"device_start": -1, "host_queued_start": 1585500478.455251, "device_queued": -1, "device_end": -1, "host_queued_end": 1585500478.463969}, "device": "cpu", "nd_range": {"device_start": 2168252.763901175, "device_end": 2168252.7639827533}, "cmdq": 0, "read": {"device_start": -1, "device_end": -1}}, "FFC_sans_bias47": {"write": {"device_start": -1, "host_queued_start": 1585500478.449998, "device_queued": -1, "device_end": -1, "host_queued_end": 1585500478.463969}, "device": "cpu", "nd_range": {"device_start": 2168252.730252731, "device_end": 2168252.7345575043}, "cmdq": 0, "read": {"device_start": -1, "device_end": -1}}, "FFC_sans_bias45": {"write": {"device_start": -1, "host_queued_start": 1585500478.447904, "device_queued": -1, "device_end": -1, "host_queued_end": 1585500478.463969}, "device": "cpu", "nd_range": {"device_start": 2168252.72110158, "device_end": 2168252.7254217723}, "cmdq": 0, "read": {"device_start": -1, "device_end": -1}}, "softmax50": {"write": {"device_start": -1, "host_queued_start": 1585500478.455868, "device_queued": -1, "device_end": -1, "host_queued_end": 1585500478.463969}, "device": "cpu", "nd_range": {"device_start": 2168252.7643076233, "device_end": 2168252.764415213}, "cmdq": 0, "read": {"device_start": -1, "device_end": -1}}, "FFC_sans_bias33": {"write": {"device_start": -1, "host_queued_start": 1585500478.457237, "device_queued": -1, "device_end": -1, "host_queued_end": 1585500478.463969}, "device": "cpu", "nd_range": {"device_start": 2168252.778747598, "device_end": 2168252.783268603}, "cmdq": 0, "read": {"device_start": -1, "device_end": -1}}, "FFC_sans_bias63": {"write": {"device_start": 1585500415.4992967, "host_queued_start": 1585500478.420443, "device_queued": 1585500415.498808, "device_end": 1585500415.4993272, "host_queued_end": 1585500478.425155}, "device": "gpu", "nd_range": {"device_start": 1585500415.4993305, "device_end": 1585500415.501565}, "cmdq": 2, "read": {"device_start": -1, "device_end": -1}}, "FFC_sans_bias49": {"write": {"device_start": -1, "host_queued_start": 1585500478.454136, "device_queued": -1, "device_end": -1, "host_queued_end": 1585500478.463969}, "device": "cpu", "nd_range": {"device_start": 2168252.7587365583, "device_end": 2168252.763270644}, "cmdq": 0, "read": {"device_start": -1, "device_end": -1}}, "FFC_sans_bias64": {"write": {"device_start": 1585500415.4988263, "host_queued_start": 1585500478.418329, "device_queued": 1585500415.498731, "device_end": 1585500415.498908, "host_queued_end": 1585500478.425155}, "device": "gpu", "nd_range": {"device_start": 1585500415.4989147, "device_end": 1585500415.5005772}, "cmdq": 0, "read": {"device_start": -1, "device_end": -1}}, "FFC_sans_bias65": {"write": {"device_start": 1585500415.4989233, "host_queued_start": 1585500478.419413, "device_queued": 1585500415.4987893, "device_end": 1585500415.4989488, "host_queued_end": 1585500478.425155}, "device": "gpu", "nd_range": {"device_start": 1585500415.4989998, "device_end": 1585500415.5011134}, "cmdq": 1, "read": {"device_start": -1, "device_end": -1}}, "FFC_sans_bias67": {"write": {"device_start": -1, "host_queued_start": 1585500478.421862, "device_queued": -1, "device_end": -1, "host_queued_end": 1585500478.425155}, "device": "gpu", "nd_range": {"device_start": 1585500415.5014498, "device_end": 1585500415.5025365}, "cmdq": 1, "read": {"device_start": -1, "device_end": -1}}, "FFC_sans_bias24": {"write": {"device_start": -1, "host_queued_start": 1585500478.456902, "device_queued": -1, "device_end": -1, "host_queued_end": 1585500478.463969}, "device": "cpu", "nd_range": {"device_start": 2168252.7742042723, "device_end": 2168252.778741111}, "cmdq": 0, "read": {"device_start": -1, "device_end": -1}}, "FFC_sans_bias25": {"write": {"device_start": -1, "host_queued_start": 1585500478.460964, "device_queued": -1, "device_end": -1, "host_queued_end": 1585500478.463969}, "device": "cpu", "nd_range": {"device_start": 2168252.800861104, "device_end": 2168252.807387634}, "cmdq": 0, "read": {"device_start": -1, "device_end": -1}}, "FFC_sans_bias27": {"write": {"device_start": -1, "host_queued_start": 1585500478.441541, "device_queued": -1, "device_end": -1, "host_queued_end": 1585500478.463969}, "device": "cpu", "nd_range": {"device_start": 2168252.6932775853, "device_end": 2168252.6975676343}, "cmdq": 0, "read": {"device_start": -1, "device_end": -1}}, "FFC_sans_bias20": {"write": {"device_start": -1, "host_queued_start": 1585500478.440503, "device_queued": -1, "device_end": -1, "host_queued_end": 1585500478.463969}, "device": "cpu", "nd_range": {"device_start": 2168252.688498657, "device_end": 2168252.69327139}, "cmdq": 0, "read": {"device_start": -1, "device_end": -1}}, "FFC_sans_bias22": {"write": {"device_start": -1, "host_queued_start": 1585500478.453121, "device_queued": -1, "device_end": -1, "host_queued_end": 1585500478.463969}, "device": "cpu", "nd_range": {"device_start": 2168252.745343858, "device_end": 2168252.749617658}, "cmdq": 0, "read": {"device_start": -1, "device_end": -1}}, "softmax68": {"write": {"device_start": -1, "host_queued_start": 1585500478.422353, "device_queued": -1, "device_end": -1, "host_queued_end": 1585500478.425155}, "device": "gpu", "nd_range": {"device_start": 1585500415.5025454, "device_end": 1585500415.5028763}, "cmdq": 3, "read": {"device_start": -1, "device_end": -1}}, "softmax5": {"write": {"device_start": -1, "host_queued_start": 1585500478.454416, "device_queued": -1, "device_end": -1, "host_queued_end": 1585500478.463969}, "device": "cpu", "nd_range": {"device_start": 2168252.763276601, "device_end": 2168252.763401957}, "cmdq": 0, "read": {"device_start": -1, "device_end": -1}}, "FFC_sans_bias28": {"write": {"device_start": -1, "host_queued_start": 1585500478.442598, "device_queued": -1, "device_end": -1, "host_queued_end": 1585500478.463969}, "device": "cpu", "nd_range": {"device_start": 2168252.697573009, "device_end": 2168252.702418275}, "cmdq": 0, "read": {"device_start": -1, "device_end": -1}}, "FFC_sans_bias29": {"write": {"device_start": -1, "host_queued_start": 1585500478.443659, "device_queued": -1, "device_end": -1, "host_queued_end": 1585500478.463969}, "device": "cpu", "nd_range": {"device_start": 2168252.70243623, "device_end": 2168252.707165936}, "cmdq": 0, "read": {"device_start": -1, "device_end": -1}}, "empty17": {"write": {"device_start": -1, "host_queued_start": 1585500478.427692, "device_queued": -1, "device_end": -1, "host_queued_end": 1585500478.463969}, "device": "cpu", "nd_range": {"device_start": 2168252.653599768, "device_end": 2168252.6536007603}, "cmdq": 0, "read": {"device_start": -1, "device_end": -1}}, "softmax59": {"write": {"device_start": -1, "host_queued_start": 1585500478.422113, "device_queued": -1, "device_end": -1, "host_queued_end": 1585500478.425155}, "device": "gpu", "nd_range": {"device_start": 1585500415.502061, "device_end": 1585500415.50258}, "cmdq": 2, "read": {"device_start": -1, "device_end": -1}}, "empty71": {"write": {"device_start": 1585500415.4983912, "host_queued_start": 1585500478.414078, "device_queued": 1585500415.4982502, "device_end": 1585500415.4984589, "host_queued_end": 1585500478.425155}, "device": "gpu", "nd_range": {"device_start": 1585500415.4985282, "device_end": 1585500415.498568}, "cmdq": 1, "read": {"device_start": -1, "device_end": -1}}, "empty35": {"write": {"device_start": -1, "host_queued_start": 1585500478.429298, "device_queued": -1, "device_end": -1, "host_queued_end": 1585500478.463969}, "device": "cpu", "nd_range": {"device_start": 2168252.653645853, "device_end": 2168252.653647129}, "cmdq": 0, "read": {"device_start": -1, "device_end": -1}}, "empty53": {"write": {"device_start": -1, "host_queued_start": 1585500478.431032, "device_queued": -1, "device_end": -1, "host_queued_end": 1585500478.463969}, "device": "cpu", "nd_range": {"device_start": 2168252.653658417, "device_end": 2168252.6536589973}, "cmdq": 0, "read": {"device_start": -1, "device_end": -1}}, "FFC_sans_bias46": {"write": {"device_start": -1, "host_queued_start": 1585500478.448952, "device_queued": -1, "device_end": -1, "host_queued_end": 1585500478.463969}, "device": "cpu", "nd_range": {"device_start": 2168252.725427914, "device_end": 2168252.730247396}, "cmdq": 0, "read": {"device_start": -1, "device_end": -1}}, "coalesced_transpose66": {"write": {"device_start": -1, "host_queued_start": 1585500478.421228, "device_queued": -1, "device_end": -1, "host_queued_end": 1585500478.425155}, "device": "gpu", "nd_range": {"device_start": 1585500415.5005841, "device_end": 1585500415.501446}, "cmdq": 4, "read": {"device_start": -1, "device_end": -1}}, "coalesced_transpose48": {"write": {"device_start": -1, "host_queued_start": 1585500478.452088, "device_queued": -1, "device_end": -1, "host_queued_end": 1585500478.463969}, "device": "cpu", "nd_range": {"device_start": 2168252.7357658553, "device_end": 2168252.7358557633}, "cmdq": 0, "read": {"device_start": -1, "device_end": -1}}}