{"FFC_sans_bias60": {"write": {"device_start": -1, "host_queued_start": 1585499987.811399, "device_queued": -1, "device_end": -1, "host_queued_end": 1585499987.818127}, "device": "gpu", "nd_range": {"device_start": 1585499924.9260447, "device_end": 1585499924.9266446}, "cmdq": 0, "read": {"device_start": -1, "device_end": -1}}, "FFC_sans_bias4": {"write": {"device_start": -1, "host_queued_start": 1585499987.828761, "device_queued": -1, "device_end": -1, "host_queued_end": 1585499987.832765}, "device": "cpu", "nd_range": {"device_start": 2167762.044865454, "device_end": 2167762.054460102}, "cmdq": 0, "read": {"device_start": -1, "device_end": -1}}, "FFC_sans_bias7": {"write": {"device_start": -1, "host_queued_start": 1585499987.831674, "device_queued": -1, "device_end": -1, "host_queued_end": 1585499987.832765}, "device": "cpu", "nd_range": {"device_start": 2167762.0617483403, "device_end": 2167762.073133234}, "cmdq": 0, "read": {"device_start": -1, "device_end": -1}}, "FFC_sans_bias6": {"write": {"device_start": -1, "host_queued_start": 1585499987.83016, "device_queued": -1, "device_end": -1, "host_queued_end": 1585499987.832765}, "device": "cpu", "nd_range": {"device_start": 2167762.054746691, "device_end": 2167762.061638078}, "cmdq": 0, "read": {"device_start": -1, "device_end": -1}}, "FFC_sans_bias1": {"write": {"device_start": -1, "host_queued_start": 1585499987.823183, "device_queued": -1, "device_end": -1, "host_queued_end": 1585499987.832765}, "device": "cpu", "nd_range": {"device_start": 2167762.0223768963, "device_end": 2167762.0302901873}, "cmdq": 1, "read": {"device_start": -1, "device_end": -1}}, "FFC_sans_bias0": {"write": {"device_start": -1, "host_queued_start": 1585499987.822028, "device_queued": -1, "device_end": -1, "host_queued_end": 1585499987.832765}, "device": "cpu", "nd_range": {"device_start": 2167762.0223769173, "device_end": 2167762.030040577}, "cmdq": 0, "read": {"device_start": -1, "device_end": -1}}, "FFC_sans_bias2": {"write": {"device_start": -1, "host_queued_start": 1585499987.824327, "device_queued": -1, "device_end": -1, "host_queued_end": 1585499987.832765}, "device": "cpu", "nd_range": {"device_start": 2167762.030159139, "device_end": 2167762.038041199}, "cmdq": 0, "read": {"device_start": -1, "device_end": -1}}, "FFC_sans_bias61": {"write": {"device_start": 1585499924.9304724, "host_queued_start": 1585499987.816984, "device_queued": 1585499924.9083993, "device_end": 1585499924.9304955, "host_queued_end": 1585499987.818127}, "device": "gpu", "nd_range": {"device_start": 1585499924.9304988, "device_end": 1585499924.931096}, "cmdq": 0, "read": {"device_start": 1585499924.9311054, "device_end": 1585499924.9311283}}, "FFC_sans_bias52": {"write": {"device_start": 1585499924.929696, "host_queued_start": 1585499987.815927, "device_queued": 1585499924.9083514, "device_end": 1585499924.9297194, "host_queued_end": 1585499987.818127}, "device": "gpu", "nd_range": {"device_start": 1585499924.9297228, "device_end": 1585499924.9303195}, "cmdq": 0, "read": {"device_start": 1585499924.9303215, "device_end": 1585499924.9303436}}, "FFC_sans_bias9": {"write": {"device_start": -1, "host_queued_start": 1585499987.825406, "device_queued": -1, "device_end": -1, "host_queued_end": 1585499987.832765}, "device": "cpu", "nd_range": {"device_start": 2167762.030504607, "device_end": 2167762.041784997}, "cmdq": 1, "read": {"device_start": -1, "device_end": -1}}, "coalesced_transpose39": {"write": {"device_start": -1, "host_queued_start": 1585499987.805462, "device_queued": -1, "device_end": -1, "host_queued_end": 1585499987.818127}, "device": "gpu", "nd_range": {"device_start": 1585499924.9187431, "device_end": 1585499924.918754}, "cmdq": 0, "read": {"device_start": -1, "device_end": -1}}, "FFC_sans_bias55": {"write": {"device_start": 1585499924.915845, "host_queued_start": 1585499987.801342, "device_queued": 1585499924.9066994, "device_end": 1585499924.9158742, "host_queued_end": 1585499987.818127}, "device": "gpu", "nd_range": {"device_start": 1585499924.9158769, "device_end": 1585499924.916477}, "cmdq": 0, "read": {"device_start": -1, "device_end": -1}}, "FFC_sans_bias54": {"write": {"device_start": 1585499924.915095, "host_queued_start": 1585499987.800291, "device_queued": 1585499924.9066644, "device_end": 1585499924.9151237, "host_queued_end": 1585499987.818127}, "device": "gpu", "nd_range": {"device_start": 1585499924.915129, "device_end": 1585499924.9157224}, "cmdq": 0, "read": {"device_start": -1, "device_end": -1}}, "FFC_sans_bias56": {"write": {"device_start": 1585499924.914362, "host_queued_start": 1585499987.799263, "device_queued": 1585499924.9065278, "device_end": 1585499924.914386, "host_queued_end": 1585499987.818127}, "device": "gpu", "nd_range": {"device_start": 1585499924.9143891, "device_end": 1585499924.914984}, "cmdq": 0, "read": {"device_start": -1, "device_end": -1}}, "FFC_sans_bias51": {"write": {"device_start": -1, "host_queued_start": 1585499987.811083, "device_queued": -1, "device_end": -1, "host_queued_end": 1585499987.818127}, "device": "gpu", "nd_range": {"device_start": 1585499924.9254446, "device_end": 1585499924.9260437}, "cmdq": 0, "read": {"device_start": -1, "device_end": -1}}, "softmax23": {"write": {"device_start": -1, "host_queued_start": 1585499987.808554, "device_queued": -1, "device_end": -1, "host_queued_end": 1585499987.818127}, "device": "gpu", "nd_range": {"device_start": 1585499924.922388, "device_end": 1585499924.922599}, "cmdq": 0, "read": {"device_start": -1, "device_end": -1}}, "FFC_sans_bias37": {"write": {"device_start": 1585499924.910807, "host_queued_start": 1585499987.794008, "device_queued": 1585499924.905996, "device_end": 1585499924.91083, "host_queued_end": 1585499987.818127}, "device": "gpu", "nd_range": {"device_start": 1585499924.9108353, "device_end": 1585499924.9114356}, "cmdq": 0, "read": {"device_start": -1, "device_end": -1}}, "empty62": {"write": {"device_start": 1585499924.905351, "host_queued_start": 1585499987.78465, "device_queued": 1585499924.9051092, "device_end": 1585499924.905382, "host_queued_end": 1585499987.818127}, "device": "gpu", "nd_range": {"device_start": 1585499924.9053893, "device_end": 1585499924.9053934}, "cmdq": 0, "read": {"device_start": -1, "device_end": -1}}, "FFC_sans_bias70": {"write": {"device_start": 1585499924.9312556, "host_queued_start": 1585499987.818028, "device_queued": 1585499924.9085877, "device_end": 1585499924.9312797, "host_queued_end": 1585499987.818127}, "device": "gpu", "nd_range": {"device_start": 1585499924.9312825, "device_end": 1585499924.9318786}, "cmdq": 0, "read": {"device_start": 1585499924.9318874, "device_end": 1585499924.93191}}, "FFC_sans_bias58": {"write": {"device_start": -1, "host_queued_start": 1585499987.807984, "device_queued": -1, "device_end": -1, "host_queued_end": 1585499987.818127}, "device": "gpu", "nd_range": {"device_start": 1585499924.9211845, "device_end": 1585499924.9217844}, "cmdq": 0, "read": {"device_start": -1, "device_end": -1}}, "softmax41": {"write": {"device_start": -1, "host_queued_start": 1585499987.809052, "device_queued": -1, "device_end": -1, "host_queued_end": 1585499987.818127}, "device": "gpu", "nd_range": {"device_start": 1585499924.9228103, "device_end": 1585499924.9230196}, "cmdq": 0, "read": {"device_start": -1, "device_end": -1}}, "FFC_sans_bias11": {"write": {"device_start": -1, "host_queued_start": 1585499987.827668, "device_queued": -1, "device_end": -1, "host_queued_end": 1585499987.832765}, "device": "cpu", "nd_range": {"device_start": 2167762.041910963, "device_end": 2167762.05446003}, "cmdq": 1, "read": {"device_start": -1, "device_end": -1}}, "FFC_sans_bias10": {"write": {"device_start": -1, "host_queued_start": 1585499987.826538, "device_queued": -1, "device_end": -1, "host_queued_end": 1585499987.832765}, "device": "cpu", "nd_range": {"device_start": 2167762.038196883, "device_end": 2167762.044394292}, "cmdq": 0, "read": {"device_start": -1, "device_end": -1}}, "coalesced_transpose3": {"write": {"device_start": -1, "host_queued_start": 1585499987.828024, "device_queued": -1, "device_end": -1, "host_queued_end": 1585499987.832765}, "device": "cpu", "nd_range": {"device_start": 2167762.044515281, "device_end": 2167762.044755991}, "cmdq": 0, "read": {"device_start": -1, "device_end": -1}}, "FFC_sans_bias34": {"write": {"device_start": 1585499924.9281344, "host_queued_start": 1585499987.813827, "device_queued": 1585499924.908168, "device_end": 1585499924.9281583, "host_queued_end": 1585499987.818127}, "device": "gpu", "nd_range": {"device_start": 1585499924.9281614, "device_end": 1585499924.9287546}, "cmdq": 0, "read": {"device_start": 1585499924.928759, "device_end": 1585499924.9287817}}, "FFC_sans_bias15": {"write": {"device_start": -1, "host_queued_start": 1585499987.830503, "device_queued": -1, "device_end": -1, "host_queued_end": 1585499987.832765}, "device": "cpu", "nd_range": {"device_start": 2167762.073627051, "device_end": 2167762.077543672}, "cmdq": 1, "read": {"device_start": -1, "device_end": -1}}, "FFC_sans_bias31": {"write": {"device_start": -1, "host_queued_start": 1585499987.807022, "device_queued": -1, "device_end": -1, "host_queued_end": 1585499987.818127}, "device": "gpu", "nd_range": {"device_start": 1585499924.9193878, "device_end": 1585499924.9199867}, "cmdq": 0, "read": {"device_start": -1, "device_end": -1}}, "FFC_sans_bias16": {"write": {"device_start": -1, "host_queued_start": 1585499987.83272, "device_queued": -1, "device_end": -1, "host_queued_end": 1585499987.832765}, "device": "cpu", "nd_range": {"device_start": 2167762.0775522552, "device_end": 2167762.082690355}, "cmdq": 1, "read": {"device_start": -1, "device_end": -1}}, "FFC_sans_bias19": {"write": {"device_start": 1585499924.9063892, "host_queued_start": 1585499987.787508, "device_queued": 1585499924.9053943, "device_end": 1585499924.9064186, "host_queued_end": 1585499987.818127}, "device": "gpu", "nd_range": {"device_start": 1585499924.9064236, "device_end": 1585499924.907011}, "cmdq": 0, "read": {"device_start": -1, "device_end": -1}}, "FFC_sans_bias18": {"write": {"device_start": 1585499924.9056456, "host_queued_start": 1585499987.786441, "device_queued": 1585499924.905199, "device_end": 1585499924.9056706, "host_queued_end": 1585499987.818127}, "device": "gpu", "nd_range": {"device_start": 1585499924.9056733, "device_end": 1585499924.9062705}, "cmdq": 0, "read": {"device_start": -1, "device_end": -1}}, "coalesced_transpose30": {"write": {"device_start": -1, "host_queued_start": 1585499987.805158, "device_queued": -1, "device_end": -1, "host_queued_end": 1585499987.818127}, "device": "gpu", "nd_range": {"device_start": 1585499924.9187284, "device_end": 1585499924.9187422}, "cmdq": 0, "read": {"device_start": -1, "device_end": -1}}, "FFC_sans_bias69": {"write": {"device_start": -1, "host_queued_start": 1585499987.811714, "device_queued": -1, "device_end": -1, "host_queued_end": 1585499987.818127}, "device": "gpu", "nd_range": {"device_start": 1585499924.9266455, "device_end": 1585499924.927245}, "cmdq": 0, "read": {"device_start": -1, "device_end": -1}}, "FFC_sans_bias38": {"write": {"device_start": 1585499924.9115422, "host_queued_start": 1585499987.795078, "device_queued": 1585499924.9060385, "device_end": 1585499924.911566, "host_queued_end": 1585499987.818127}, "device": "gpu", "nd_range": {"device_start": 1585499924.9115696, "device_end": 1585499924.91216}, "cmdq": 0, "read": {"device_start": -1, "device_end": -1}}, "coalesced_transpose57": {"write": {"device_start": -1, "host_queued_start": 1585499987.806067, "device_queued": -1, "device_end": -1, "host_queued_end": 1585499987.818127}, "device": "gpu", "nd_range": {"device_start": 1585499924.9187644, "device_end": 1585499924.9187772}, "cmdq": 0, "read": {"device_start": -1, "device_end": -1}}, "empty26": {"write": {"device_start": 1585499924.9047444, "host_queued_start": 1585499987.781102, "device_queued": 1585499924.9045956, "device_end": 1585499924.9047754, "host_queued_end": 1585499987.818127}, "device": "gpu", "nd_range": {"device_start": 1585499924.9047782, "device_end": 1585499924.9047873}, "cmdq": 0, "read": {"device_start": -1, "device_end": -1}}, "coalesced_transpose12": {"write": {"device_start": -1, "host_queued_start": 1585499987.828348, "device_queued": -1, "device_end": -1, "host_queued_end": 1585499987.832765}, "device": "cpu", "nd_range": {"device_start": 2167762.054467013, "device_end": 2167762.055107483}, "cmdq": 1, "read": {"device_start": -1, "device_end": -1}}, "empty44": {"write": {"device_start": 1585499924.905055, "host_queued_start": 1585499987.78302, "device_queued": 1585499924.9047747, "device_end": 1585499924.9050858, "host_queued_end": 1585499987.818127}, "device": "gpu", "nd_range": {"device_start": 1585499924.9050894, "device_end": 1585499924.9050927}, "cmdq": 0, "read": {"device_start": -1, "device_end": -1}}, "coalesced_transpose21": {"write": {"device_start": -1, "host_queued_start": 1585499987.804837, "device_queued": -1, "device_end": -1, "host_queued_end": 1585499987.818127}, "device": "gpu", "nd_range": {"device_start": 1585499924.918718, "device_end": 1585499924.918727}, "cmdq": 0, "read": {"device_start": -1, "device_end": -1}}, "FFC_sans_bias36": {"write": {"device_start": 1585499924.9100819, "host_queued_start": 1585499987.792967, "device_queued": 1585499924.9058483, "device_end": 1585499924.910106, "host_queued_end": 1585499987.818127}, "device": "gpu", "nd_range": {"device_start": 1585499924.9101114, "device_end": 1585499924.9107077}, "cmdq": 0, "read": {"device_start": -1, "device_end": -1}}, "softmax14": {"write": {"device_start": -1, "host_queued_start": 1585499987.82972, "device_queued": -1, "device_end": -1, "host_queued_end": 1585499987.832765}, "device": "cpu", "nd_range": {"device_start": 2167762.073140032, "device_end": 2167762.0736085693}, "cmdq": 1, "read": {"device_start": -1, "device_end": -1}}, "FFC_sans_bias13": {"write": {"device_start": -1, "host_queued_start": 1585499987.829124, "device_queued": -1, "device_end": -1, "host_queued_end": 1585499987.832765}, "device": "cpu", "nd_range": {"device_start": 2167762.055124034, "device_end": 2167762.073132981}, "cmdq": 1, "read": {"device_start": -1, "device_end": -1}}, "empty8": {"write": {"device_start": -1, "host_queued_start": 1585499987.819854, "device_queued": -1, "device_end": -1, "host_queued_end": 1585499987.832765}, "device": "cpu", "nd_range": {"device_start": 2167762.022350238, "device_end": 2167762.022359588}, "cmdq": 0, "read": {"device_start": -1, "device_end": -1}}, "FFC_sans_bias42": {"write": {"device_start": -1, "host_queued_start": 1585499987.810758, "device_queued": -1, "device_end": -1, "host_queued_end": 1585499987.818127}, "device": "gpu", "nd_range": {"device_start": 1585499924.9248462, "device_end": 1585499924.9254436}, "cmdq": 0, "read": {"device_start": -1, "device_end": -1}}, "FFC_sans_bias43": {"write": {"device_start": 1585499924.9289117, "host_queued_start": 1585499987.81488, "device_queued": 1585499924.9082181, "device_end": 1585499924.9289348, "host_queued_end": 1585499987.818127}, "device": "gpu", "nd_range": {"device_start": 1585499924.9289384, "device_end": 1585499924.929536}, "cmdq": 0, "read": {"device_start": 1585499924.9295444, "device_end": 1585499924.9295669}}, "FFC_sans_bias40": {"write": {"device_start": -1, "host_queued_start": 1585499987.807343, "device_queued": -1, "device_end": -1, "host_queued_end": 1585499987.818127}, "device": "gpu", "nd_range": {"device_start": 1585499924.919988, "device_end": 1585499924.920588}, "cmdq": 0, "read": {"device_start": -1, "device_end": -1}}, "softmax32": {"write": {"device_start": -1, "host_queued_start": 1585499987.808802, "device_queued": -1, "device_end": -1, "host_queued_end": 1585499987.818127}, "device": "gpu", "nd_range": {"device_start": 1585499924.9226003, "device_end": 1585499924.9228084}, "cmdq": 0, "read": {"device_start": -1, "device_end": -1}}, "FFC_sans_bias47": {"write": {"device_start": 1585499924.913618, "host_queued_start": 1585499987.798199, "device_queued": 1585499924.906467, "device_end": 1585499924.9136426, "host_queued_end": 1585499987.818127}, "device": "gpu", "nd_range": {"device_start": 1585499924.9136462, "device_end": 1585499924.914241}, "cmdq": 0, "read": {"device_start": -1, "device_end": -1}}, "FFC_sans_bias45": {"write": {"device_start": 1585499924.9122505, "host_queued_start": 1585499987.796113, "device_queued": 1585499924.9061823, "device_end": 1585499924.9122736, "host_queued_end": 1585499987.818127}, "device": "gpu", "nd_range": {"device_start": 1585499924.9122791, "device_end": 1585499924.9128757}, "cmdq": 0, "read": {"device_start": -1, "device_end": -1}}, "softmax50": {"write": {"device_start": -1, "host_queued_start": 1585499987.809301, "device_queued": -1, "device_end": -1, "host_queued_end": 1585499987.818127}, "device": "gpu", "nd_range": {"device_start": 1585499924.9230206, "device_end": 1585499924.92323}, "cmdq": 0, "read": {"device_start": -1, "device_end": -1}}, "FFC_sans_bias33": {"write": {"device_start": -1, "host_queued_start": 1585499987.810429, "device_queued": -1, "device_end": -1, "host_queued_end": 1585499987.818127}, "device": "gpu", "nd_range": {"device_start": 1585499924.9242496, "device_end": 1585499924.9248452}, "cmdq": 0, "read": {"device_start": -1, "device_end": -1}}, "FFC_sans_bias63": {"write": {"device_start": 1585499924.9180834, "host_queued_start": 1585499987.804506, "device_queued": 1585499924.9069817, "device_end": 1585499924.9181192, "host_queued_end": 1585499987.818127}, "device": "gpu", "nd_range": {"device_start": 1585499924.9181273, "device_end": 1585499924.9187171}, "cmdq": 0, "read": {"device_start": -1, "device_end": -1}}, "FFC_sans_bias49": {"write": {"device_start": -1, "host_queued_start": 1585499987.807662, "device_queued": -1, "device_end": -1, "host_queued_end": 1585499987.818127}, "device": "gpu", "nd_range": {"device_start": 1585499924.92059, "device_end": 1585499924.9211833}, "cmdq": 0, "read": {"device_start": -1, "device_end": -1}}, "FFC_sans_bias64": {"write": {"device_start": 1585499924.916618, "host_queued_start": 1585499987.802379, "device_queued": 1585499924.9068239, "device_end": 1585499924.916647, "host_queued_end": 1585499987.818127}, "device": "gpu", "nd_range": {"device_start": 1585499924.9166527, "device_end": 1585499924.9172509}, "cmdq": 0, "read": {"device_start": -1, "device_end": -1}}, "FFC_sans_bias65": {"write": {"device_start": 1585499924.917359, "host_queued_start": 1585499987.80345, "device_queued": 1585499924.9068606, "device_end": 1585499924.9173827, "host_queued_end": 1585499987.818127}, "device": "gpu", "nd_range": {"device_start": 1585499924.9173915, "device_end": 1585499924.917977}, "cmdq": 0, "read": {"device_start": -1, "device_end": -1}}, "FFC_sans_bias67": {"write": {"device_start": -1, "host_queued_start": 1585499987.808295, "device_queued": -1, "device_end": -1, "host_queued_end": 1585499987.818127}, "device": "gpu", "nd_range": {"device_start": 1585499924.9217865, "device_end": 1585499924.9223871}, "cmdq": 0, "read": {"device_start": -1, "device_end": -1}}, "FFC_sans_bias24": {"write": {"device_start": -1, "host_queued_start": 1585499987.810108, "device_queued": -1, "device_end": -1, "host_queued_end": 1585499987.818127}, "device": "gpu", "nd_range": {"device_start": 1585499924.9236512, "device_end": 1585499924.9242485}, "cmdq": 0, "read": {"device_start": -1, "device_end": -1}}, "FFC_sans_bias25": {"write": {"device_start": 1585499924.9273403, "host_queued_start": 1585499987.812764, "device_queued": 1585499924.9080296, "device_end": 1585499924.9273646, "host_queued_end": 1585499987.818127}, "device": "gpu", "nd_range": {"device_start": 1585499924.9273674, "device_end": 1585499924.9279633}, "cmdq": 0, "read": {"device_start": 1585499924.927965, "device_end": 1585499924.9279883}}, "FFC_sans_bias27": {"write": {"device_start": 1585499924.9078076, "host_queued_start": 1585499987.789586, "device_queued": 1585499924.9056215, "device_end": 1585499924.9078314, "host_queued_end": 1585499987.818127}, "device": "gpu", "nd_range": {"device_start": 1585499924.9078422, "device_end": 1585499924.9084406}, "cmdq": 0, "read": {"device_start": -1, "device_end": -1}}, "FFC_sans_bias20": {"write": {"device_start": 1585499924.9070928, "host_queued_start": 1585499987.788549, "device_queued": 1585499924.9054484, "device_end": 1585499924.9071164, "host_queued_end": 1585499987.818127}, "device": "gpu", "nd_range": {"device_start": 1585499924.9071221, "device_end": 1585499924.9077194}, "cmdq": 0, "read": {"device_start": -1, "device_end": -1}}, "FFC_sans_bias22": {"write": {"device_start": -1, "host_queued_start": 1585499987.806696, "device_queued": -1, "device_end": -1, "host_queued_end": 1585499987.818127}, "device": "gpu", "nd_range": {"device_start": 1585499924.918788, "device_end": 1585499924.9193866}, "cmdq": 0, "read": {"device_start": -1, "device_end": -1}}, "softmax68": {"write": {"device_start": -1, "host_queued_start": 1585499987.809797, "device_queued": -1, "device_end": -1, "host_queued_end": 1585499987.818127}, "device": "gpu", "nd_range": {"device_start": 1585499924.9234414, "device_end": 1585499924.9236503}, "cmdq": 0, "read": {"device_start": -1, "device_end": -1}}, "softmax5": {"write": {"device_start": -1, "host_queued_start": 1585499987.829447, "device_queued": -1, "device_end": -1, "host_queued_end": 1585499987.832765}, "device": "cpu", "nd_range": {"device_start": 2167762.054467602, "device_end": 2167762.0547204143}, "cmdq": 0, "read": {"device_start": -1, "device_end": -1}}, "FFC_sans_bias28": {"write": {"device_start": 1585499924.9086483, "host_queued_start": 1585499987.790655, "device_queued": 1585499924.9056726, "device_end": 1585499924.908672, "host_queued_end": 1585499987.818127}, "device": "gpu", "nd_range": {"device_start": 1585499924.9086769, "device_end": 1585499924.9092665}, "cmdq": 0, "read": {"device_start": -1, "device_end": -1}}, "FFC_sans_bias29": {"write": {"device_start": 1585499924.9093652, "host_queued_start": 1585499987.791899, "device_queued": 1585499924.9058044, "device_end": 1585499924.9093883, "host_queued_end": 1585499987.818127}, "device": "gpu", "nd_range": {"device_start": 1585499924.9093926, "device_end": 1585499924.9099808}, "cmdq": 0, "read": {"device_start": -1, "device_end": -1}}, "empty17": {"write": {"device_start": -1, "host_queued_start": 1585499987.820949, "device_queued": -1, "device_end": -1, "host_queued_end": 1585499987.832765}, "device": "cpu", "nd_range": {"device_start": 2167762.022350105, "device_end": 2167762.0223593493}, "cmdq": 1, "read": {"device_start": -1, "device_end": -1}}, "softmax59": {"write": {"device_start": -1, "host_queued_start": 1585499987.809552, "device_queued": -1, "device_end": -1, "host_queued_end": 1585499987.818127}, "device": "gpu", "nd_range": {"device_start": 1585499924.9232311, "device_end": 1585499924.9234402}, "cmdq": 0, "read": {"device_start": -1, "device_end": -1}}, "empty71": {"write": {"device_start": 1585499924.9054985, "host_queued_start": 1585499987.785457, "device_queued": 1585499924.9051626, "device_end": 1585499924.9055274, "host_queued_end": 1585499987.818127}, "device": "gpu", "nd_range": {"device_start": 1585499924.9055328, "device_end": 1585499924.9055362}, "cmdq": 0, "read": {"device_start": -1, "device_end": -1}}, "empty35": {"write": {"device_start": 1585499924.90489, "host_queued_start": 1585499987.782158, "device_queued": 1585499924.904732, "device_end": 1585499924.9049163, "host_queued_end": 1585499987.818127}, "device": "gpu", "nd_range": {"device_start": 1585499924.9049246, "device_end": 1585499924.9049277}, "cmdq": 0, "read": {"device_start": -1, "device_end": -1}}, "empty53": {"write": {"device_start": 1585499924.9052017, "host_queued_start": 1585499987.783842, "device_queued": 1585499924.9048595, "device_end": 1585499924.9052272, "host_queued_end": 1585499987.818127}, "device": "gpu", "nd_range": {"device_start": 1585499924.9052358, "device_end": 1585499924.9052396}, "cmdq": 0, "read": {"device_start": -1, "device_end": -1}}, "FFC_sans_bias46": {"write": {"device_start": 1585499924.912986, "host_queued_start": 1585499987.797153, "device_queued": 1585499924.9062247, "device_end": 1585499924.9130094, "host_queued_end": 1585499987.818127}, "device": "gpu", "nd_range": {"device_start": 1585499924.9130135, "device_end": 1585499924.913515}, "cmdq": 0, "read": {"device_start": -1, "device_end": -1}}, "coalesced_transpose66": {"write": {"device_start": -1, "host_queued_start": 1585499987.806367, "device_queued": -1, "device_end": -1, "host_queued_end": 1585499987.818127}, "device": "gpu", "nd_range": {"device_start": 1585499924.9187787, "device_end": 1585499924.9187868}, "cmdq": 0, "read": {"device_start": -1, "device_end": -1}}, "coalesced_transpose48": {"write": {"device_start": -1, "host_queued_start": 1585499987.805765, "device_queued": -1, "device_end": -1, "host_queued_end": 1585499987.818127}, "device": "gpu", "nd_range": {"device_start": 1585499924.918755, "device_end": 1585499924.9187634}, "cmdq": 0, "read": {"device_start": -1, "device_end": -1}}}