{"FFC_sans_bias60": {"write": {"device_start": -1, "host_queued_start": 1585499982.397364, "device_queued": -1, "device_end": -1, "host_queued_end": 1585499982.406079}, "device": "gpu", "nd_range": {"device_start": 1585499919.5217834, "device_end": 1585499919.5223827}, "cmdq": 0, "read": {"device_start": -1, "device_end": -1}}, "FFC_sans_bias4": {"write": {"device_start": -1, "host_queued_start": 1585499982.390872, "device_queued": -1, "device_end": -1, "host_queued_end": 1585499982.406079}, "device": "gpu", "nd_range": {"device_start": 1585499919.5116878, "device_end": 1585499919.5122879}, "cmdq": 0, "read": {"device_start": -1, "device_end": -1}}, "FFC_sans_bias7": {"write": {"device_start": 1585499919.5231035, "host_queued_start": 1585499982.398682, "device_queued": 1585499919.4974368, "device_end": 1585499919.523133, "host_queued_end": 1585499982.406079}, "device": "gpu", "nd_range": {"device_start": 1585499919.5231357, "device_end": 1585499919.5237372}, "cmdq": 0, "read": {"device_start": 1585499919.5237427, "device_end": 1585499919.5237658}}, "FFC_sans_bias6": {"write": {"device_start": -1, "host_queued_start": 1585499982.395387, "device_queued": -1, "device_end": -1, "host_queued_end": 1585499982.406079}, "device": "gpu", "nd_range": {"device_start": 1585499919.5181918, "device_end": 1585499919.5187924}, "cmdq": 0, "read": {"device_start": -1, "device_end": -1}}, "FFC_sans_bias1": {"write": {"device_start": 1585499919.4949093, "host_queued_start": 1585499982.364986, "device_queued": 1585499919.4936485, "device_end": 1585499919.4949386, "host_queued_end": 1585499982.406079}, "device": "gpu", "nd_range": {"device_start": 1585499919.4949412, "device_end": 1585499919.4955304}, "cmdq": 0, "read": {"device_start": -1, "device_end": -1}}, "FFC_sans_bias0": {"write": {"device_start": 1585499919.4941943, "host_queued_start": 1585499982.363948, "device_queued": 1585499919.4935904, "device_end": 1585499919.494225, "host_queued_end": 1585499982.406079}, "device": "gpu", "nd_range": {"device_start": 1585499919.4942305, "device_end": 1585499919.4948275}, "cmdq": 0, "read": {"device_start": -1, "device_end": -1}}, "FFC_sans_bias2": {"write": {"device_start": 1585499919.4956481, "host_queued_start": 1585499982.366026, "device_queued": 1585499919.493864, "device_end": 1585499919.4956849, "host_queued_end": 1585499982.406079}, "device": "gpu", "nd_range": {"device_start": 1585499919.4956949, "device_end": 1585499919.4962907}, "cmdq": 0, "read": {"device_start": -1, "device_end": -1}}, "FFC_sans_bias61": {"write": {"device_start": 1585499919.5280962, "host_queued_start": 1585499982.404936, "device_queued": 1585499919.498083, "device_end": 1585499919.5281253, "host_queued_end": 1585499982.406079}, "device": "gpu", "nd_range": {"device_start": 1585499919.5281408, "device_end": 1585499919.5287392}, "cmdq": 0, "read": {"device_start": 1585499919.5287464, "device_end": 1585499919.5287685}}, "FFC_sans_bias52": {"write": {"device_start": 1585499919.5272615, "host_queued_start": 1585499982.403875, "device_queued": 1585499919.497946, "device_end": 1585499919.5272915, "host_queued_end": 1585499982.406079}, "device": "gpu", "nd_range": {"device_start": 1585499919.527306, "device_end": 1585499919.5279033}, "cmdq": 0, "read": {"device_start": 1585499919.5279055, "device_end": 1585499919.5279279}}, "FFC_sans_bias9": {"write": {"device_start": 1585499919.4963915, "host_queued_start": 1585499982.36709, "device_queued": 1585499919.4939237, "device_end": 1585499919.4964154, "host_queued_end": 1585499982.406079}, "device": "gpu", "nd_range": {"device_start": 1585499919.4964197, "device_end": 1585499919.4970167}, "cmdq": 0, "read": {"device_start": -1, "device_end": -1}}, "coalesced_transpose39": {"write": {"device_start": -1, "host_queued_start": 1585499982.389644, "device_queued": -1, "device_end": -1, "host_queued_end": 1585499982.406079}, "device": "gpu", "nd_range": {"device_start": 1585499919.5116487, "device_end": 1585499919.511657}, "cmdq": 0, "read": {"device_start": -1, "device_end": -1}}, "FFC_sans_bias55": {"write": {"device_start": 1585499919.5088382, "host_queued_start": 1585499982.384991, "device_queued": 1585499919.495635, "device_end": 1585499919.5088685, "host_queued_end": 1585499982.406079}, "device": "gpu", "nd_range": {"device_start": 1585499919.5088716, "device_end": 1585499919.509378}, "cmdq": 0, "read": {"device_start": -1, "device_end": -1}}, "FFC_sans_bias54": {"write": {"device_start": 1585499919.508098, "host_queued_start": 1585499982.383967, "device_queued": 1585499919.495445, "device_end": 1585499919.5081277, "host_queued_end": 1585499982.406079}, "device": "gpu", "nd_range": {"device_start": 1585499919.5081315, "device_end": 1585499919.5087197}, "cmdq": 0, "read": {"device_start": -1, "device_end": -1}}, "FFC_sans_bias56": {"write": {"device_start": 1585499919.5073524, "host_queued_start": 1585499982.382919, "device_queued": 1585499919.495393, "device_end": 1585499919.5073829, "host_queued_end": 1585499982.406079}, "device": "gpu", "nd_range": {"device_start": 1585499919.507389, "device_end": 1585499919.5079892}, "cmdq": 0, "read": {"device_start": -1, "device_end": -1}}, "FFC_sans_bias51": {"write": {"device_start": -1, "host_queued_start": 1585499982.397047, "device_queued": -1, "device_end": -1, "host_queued_end": 1585499982.406079}, "device": "gpu", "nd_range": {"device_start": 1585499919.5211847, "device_end": 1585499919.5217822}, "cmdq": 0, "read": {"device_start": -1, "device_end": -1}}, "softmax23": {"write": {"device_start": -1, "host_queued_start": 1585499982.393856, "device_queued": -1, "device_end": -1, "host_queued_end": 1585499982.406079}, "device": "gpu", "nd_range": {"device_start": 1585499919.5169225, "device_end": 1585499919.5171356}, "cmdq": 0, "read": {"device_start": -1, "device_end": -1}}, "FFC_sans_bias37": {"write": {"device_start": 1585499919.503711, "host_queued_start": 1585499982.377702, "device_queued": 1585499919.494873, "device_end": 1585499919.5037405, "host_queued_end": 1585499982.406079}, "device": "gpu", "nd_range": {"device_start": 1585499919.5037446, "device_end": 1585499919.5043402}, "cmdq": 0, "read": {"device_start": -1, "device_end": -1}}, "empty62": {"write": {"device_start": 1585499919.4938583, "host_queued_start": 1585499982.362146, "device_queued": 1585499919.4933398, "device_end": 1585499919.4938827, "host_queued_end": 1585499982.406079}, "device": "gpu", "nd_range": {"device_start": 1585499919.4938884, "device_end": 1585499919.493898}, "cmdq": 0, "read": {"device_start": -1, "device_end": -1}}, "FFC_sans_bias70": {"write": {"device_start": 1585499919.5289388, "host_queued_start": 1585499982.405981, "device_queued": 1585499919.498131, "device_end": 1585499919.528968, "host_queued_end": 1585499982.406079}, "device": "gpu", "nd_range": {"device_start": 1585499919.5289767, "device_end": 1585499919.529567}, "cmdq": 0, "read": {"device_start": 1585499919.529575, "device_end": 1585499919.5295973}}, "FFC_sans_bias58": {"write": {"device_start": -1, "host_queued_start": 1585499982.392785, "device_queued": -1, "device_end": -1, "host_queued_end": 1585499982.406079}, "device": "gpu", "nd_range": {"device_start": 1585499919.5152965, "device_end": 1585499919.515896}, "cmdq": 0, "read": {"device_start": -1, "device_end": -1}}, "softmax41": {"write": {"device_start": -1, "host_queued_start": 1585499982.394348, "device_queued": -1, "device_end": -1, "host_queued_end": 1585499982.406079}, "device": "gpu", "nd_range": {"device_start": 1585499919.5173476, "device_end": 1585499919.5175574}, "cmdq": 0, "read": {"device_start": -1, "device_end": -1}}, "FFC_sans_bias11": {"write": {"device_start": 1585499919.49786, "host_queued_start": 1585499982.369335, "device_queued": 1585499919.4941556, "device_end": 1585499919.4978838, "host_queued_end": 1585499982.406079}, "device": "gpu", "nd_range": {"device_start": 1585499919.4978864, "device_end": 1585499919.4984853}, "cmdq": 0, "read": {"device_start": -1, "device_end": -1}}, "FFC_sans_bias10": {"write": {"device_start": 1585499919.4971018, "host_queued_start": 1585499982.368293, "device_queued": 1585499919.4941, "device_end": 1585499919.497131, "host_queued_end": 1585499982.406079}, "device": "gpu", "nd_range": {"device_start": 1585499919.4971385, "device_end": 1585499919.4977486}, "cmdq": 0, "read": {"device_start": -1, "device_end": -1}}, "coalesced_transpose3": {"write": {"device_start": -1, "host_queued_start": 1585499982.388423, "device_queued": -1, "device_end": -1, "host_queued_end": 1585499982.406079}, "device": "gpu", "nd_range": {"device_start": 1585499919.5116105, "device_end": 1585499919.5116186}, "cmdq": 0, "read": {"device_start": -1, "device_end": -1}}, "FFC_sans_bias34": {"write": {"device_start": 1585499919.5256078, "host_queued_start": 1585499982.401794, "device_queued": 1585499919.4977376, "device_end": 1585499919.5256371, "host_queued_end": 1585499982.406079}, "device": "gpu", "nd_range": {"device_start": 1585499919.5256405, "device_end": 1585499919.5262365}, "cmdq": 0, "read": {"device_start": 1585499919.5262427, "device_end": 1585499919.526265}}, "FFC_sans_bias15": {"write": {"device_start": -1, "host_queued_start": 1585499982.395786, "device_queued": -1, "device_end": -1, "host_queued_end": 1585499982.406079}, "device": "gpu", "nd_range": {"device_start": 1585499919.5187938, "device_end": 1585499919.5193899}, "cmdq": 0, "read": {"device_start": -1, "device_end": -1}}, "FFC_sans_bias31": {"write": {"device_start": -1, "host_queued_start": 1585499982.39185, "device_queued": -1, "device_end": -1, "host_queued_end": 1585499982.406079}, "device": "gpu", "nd_range": {"device_start": 1585499919.513494, "device_end": 1585499919.5140922}, "cmdq": 0, "read": {"device_start": -1, "device_end": -1}}, "FFC_sans_bias16": {"write": {"device_start": 1585499919.5239458, "host_queued_start": 1585499982.399727, "device_queued": 1585499919.4975119, "device_end": 1585499919.5239754, "host_queued_end": 1585499982.406079}, "device": "gpu", "nd_range": {"device_start": 1585499919.5239787, "device_end": 1585499919.5245743}, "cmdq": 0, "read": {"device_start": 1585499919.5245767, "device_end": 1585499919.5245993}}, "FFC_sans_bias19": {"write": {"device_start": 1585499919.4993253, "host_queued_start": 1585499982.371454, "device_queued": 1585499919.4943995, "device_end": 1585499919.4993489, "host_queued_end": 1585499982.406079}, "device": "gpu", "nd_range": {"device_start": 1585499919.4993536, "device_end": 1585499919.4999492}, "cmdq": 0, "read": {"device_start": -1, "device_end": -1}}, "FFC_sans_bias18": {"write": {"device_start": 1585499919.4985878, "host_queued_start": 1585499982.370368, "device_queued": 1585499919.494358, "device_end": 1585499919.4986126, "host_queued_end": 1585499982.406079}, "device": "gpu", "nd_range": {"device_start": 1585499919.4986196, "device_end": 1585499919.4992254}, "cmdq": 0, "read": {"device_start": -1, "device_end": -1}}, "coalesced_transpose30": {"write": {"device_start": -1, "host_queued_start": 1585499982.389339, "device_queued": -1, "device_end": -1, "host_queued_end": 1585499982.406079}, "device": "gpu", "nd_range": {"device_start": 1585499919.5116389, "device_end": 1585499919.5116472}, "cmdq": 0, "read": {"device_start": -1, "device_end": -1}}, "FFC_sans_bias69": {"write": {"device_start": -1, "host_queued_start": 1585499982.397671, "device_queued": -1, "device_end": -1, "host_queued_end": 1585499982.406079}, "device": "gpu", "nd_range": {"device_start": 1585499919.522384, "device_end": 1585499919.5229836}, "cmdq": 0, "read": {"device_start": -1, "device_end": -1}}, "FFC_sans_bias38": {"write": {"device_start": 1585499919.5044565, "host_queued_start": 1585499982.37877, "device_queued": 1585499919.4950223, "device_end": 1585499919.5044868, "host_queued_end": 1585499982.406079}, "device": "gpu", "nd_range": {"device_start": 1585499919.5044901, "device_end": 1585499919.5049963}, "cmdq": 0, "read": {"device_start": -1, "device_end": -1}}, "coalesced_transpose57": {"write": {"device_start": -1, "host_queued_start": 1585499982.390248, "device_queued": -1, "device_end": -1, "host_queued_end": 1585499982.406079}, "device": "gpu", "nd_range": {"device_start": 1585499919.5116677, "device_end": 1585499919.5116763}, "cmdq": 0, "read": {"device_start": -1, "device_end": -1}}, "empty26": {"write": {"device_start": 1585499919.4931743, "host_queued_start": 1585499982.358907, "device_queued": 1585499919.4929345, "device_end": 1585499919.4932034, "host_queued_end": 1585499982.406079}, "device": "gpu", "nd_range": {"device_start": 1585499919.4932094, "device_end": 1585499919.493213}, "cmdq": 0, "read": {"device_start": -1, "device_end": -1}}, "coalesced_transpose12": {"write": {"device_start": -1, "host_queued_start": 1585499982.388731, "device_queued": -1, "device_end": -1, "host_queued_end": 1585499982.406079}, "device": "gpu", "nd_range": {"device_start": 1585499919.51162, "device_end": 1585499919.511628}, "cmdq": 0, "read": {"device_start": -1, "device_end": -1}}, "empty44": {"write": {"device_start": 1585499919.493509, "host_queued_start": 1585499982.360525, "device_queued": 1585499919.4932504, "device_end": 1585499919.4935372, "host_queued_end": 1585499982.406079}, "device": "gpu", "nd_range": {"device_start": 1585499919.4935412, "device_end": 1585499919.4935448}, "cmdq": 0, "read": {"device_start": -1, "device_end": -1}}, "coalesced_transpose21": {"write": {"device_start": -1, "host_queued_start": 1585499982.389034, "device_queued": -1, "device_end": -1, "host_queued_end": 1585499982.406079}, "device": "gpu", "nd_range": {"device_start": 1585499919.5116289, "device_end": 1585499919.511637}, "cmdq": 0, "read": {"device_start": -1, "device_end": -1}}, "FFC_sans_bias36": {"write": {"device_start": 1585499919.5029695, "host_queued_start": 1585499982.376661, "device_queued": 1585499919.4948184, "device_end": 1585499919.5029936, "host_queued_end": 1585499982.406079}, "device": "gpu", "nd_range": {"device_start": 1585499919.5030026, "device_end": 1585499919.5035996}, "cmdq": 0, "read": {"device_start": -1, "device_end": -1}}, "softmax14": {"write": {"device_start": -1, "host_queued_start": 1585499982.393609, "device_queued": -1, "device_end": -1, "host_queued_end": 1585499982.406079}, "device": "gpu", "nd_range": {"device_start": 1585499919.5167115, "device_end": 1585499919.5169206}, "cmdq": 0, "read": {"device_start": -1, "device_end": -1}}, "FFC_sans_bias13": {"write": {"device_start": -1, "host_queued_start": 1585499982.391196, "device_queued": -1, "device_end": -1, "host_queued_end": 1585499982.406079}, "device": "gpu", "nd_range": {"device_start": 1585499919.5122888, "device_end": 1585499919.5128894}, "cmdq": 0, "read": {"device_start": -1, "device_end": -1}}, "empty8": {"write": {"device_start": 1585499919.4928434, "host_queued_start": 1585499982.357002, "device_queued": 1585499919.4927192, "device_end": 1585499919.4928744, "host_queued_end": 1585499982.406079}, "device": "gpu", "nd_range": {"device_start": 1585499919.4928775, "device_end": 1585499919.492882}, "cmdq": 0, "read": {"device_start": -1, "device_end": -1}}, "FFC_sans_bias42": {"write": {"device_start": -1, "host_queued_start": 1585499982.396732, "device_queued": -1, "device_end": -1, "host_queued_end": 1585499982.406079}, "device": "gpu", "nd_range": {"device_start": 1585499919.5205853, "device_end": 1585499919.5211833}, "cmdq": 0, "read": {"device_start": -1, "device_end": -1}}, "FFC_sans_bias43": {"write": {"device_start": 1585499919.5264347, "host_queued_start": 1585499982.402839, "device_queued": 1585499919.4978957, "device_end": 1585499919.5264652, "host_queued_end": 1585499982.406079}, "device": "gpu", "nd_range": {"device_start": 1585499919.5264795, "device_end": 1585499919.5270674}, "cmdq": 0, "read": {"device_start": 1585499919.52707, "device_end": 1585499919.5270927}}, "FFC_sans_bias40": {"write": {"device_start": -1, "host_queued_start": 1585499982.392161, "device_queued": -1, "device_end": -1, "host_queued_end": 1585499982.406079}, "device": "gpu", "nd_range": {"device_start": 1585499919.5140934, "device_end": 1585499919.5146928}, "cmdq": 0, "read": {"device_start": -1, "device_end": -1}}, "softmax32": {"write": {"device_start": -1, "host_queued_start": 1585499982.394105, "device_queued": -1, "device_end": -1, "host_queued_end": 1585499982.406079}, "device": "gpu", "nd_range": {"device_start": 1585499919.517137, "device_end": 1585499919.5173464}, "cmdq": 0, "read": {"device_start": -1, "device_end": -1}}, "FFC_sans_bias47": {"write": {"device_start": 1585499919.50661, "host_queued_start": 1585499982.381869, "device_queued": 1585499919.49526, "device_end": 1585499919.50664, "host_queued_end": 1585499982.406079}, "device": "gpu", "nd_range": {"device_start": 1585499919.5066488, "device_end": 1585499919.5072448}, "cmdq": 0, "read": {"device_start": -1, "device_end": -1}}, "FFC_sans_bias45": {"write": {"device_start": 1585499919.5051138, "host_queued_start": 1585499982.379799, "device_queued": 1585499919.4950645, "device_end": 1585499919.505144, "host_queued_end": 1585499982.406079}, "device": "gpu", "nd_range": {"device_start": 1585499919.5051515, "device_end": 1585499919.5057414}, "cmdq": 0, "read": {"device_start": -1, "device_end": -1}}, "softmax50": {"write": {"device_start": -1, "host_queued_start": 1585499982.394602, "device_queued": -1, "device_end": -1, "host_queued_end": 1585499982.406079}, "device": "gpu", "nd_range": {"device_start": 1585499919.5175583, "device_end": 1585499919.5177686}, "cmdq": 0, "read": {"device_start": -1, "device_end": -1}}, "FFC_sans_bias33": {"write": {"device_start": -1, "host_queued_start": 1585499982.396419, "device_queued": -1, "device_end": -1, "host_queued_end": 1585499982.406079}, "device": "gpu", "nd_range": {"device_start": 1585499919.5199876, "device_end": 1585499919.520584}, "cmdq": 0, "read": {"device_start": -1, "device_end": -1}}, "FFC_sans_bias63": {"write": {"device_start": 1585499919.5109866, "host_queued_start": 1585499982.388103, "device_queued": 1585499919.4959362, "device_end": 1585499919.5110164, "host_queued_end": 1585499982.406079}, "device": "gpu", "nd_range": {"device_start": 1585499919.5110242, "device_end": 1585499919.5116096}, "cmdq": 0, "read": {"device_start": -1, "device_end": -1}}, "FFC_sans_bias49": {"write": {"device_start": -1, "host_queued_start": 1585499982.392475, "device_queued": -1, "device_end": -1, "host_queued_end": 1585499982.406079}, "device": "gpu", "nd_range": {"device_start": 1585499919.5146945, "device_end": 1585499919.515295}, "cmdq": 0, "read": {"device_start": -1, "device_end": -1}}, "FFC_sans_bias64": {"write": {"device_start": 1585499919.5094945, "host_queued_start": 1585499982.38603, "device_queued": 1585499919.495719, "device_end": 1585499919.5095243, "host_queued_end": 1585499982.406079}, "device": "gpu", "nd_range": {"device_start": 1585499919.5095322, "device_end": 1585499919.5101328}, "cmdq": 0, "read": {"device_start": -1, "device_end": -1}}, "FFC_sans_bias65": {"write": {"device_start": 1585499919.5102503, "host_queued_start": 1585499982.387077, "device_queued": 1585499919.4958763, "device_end": 1585499919.5102808, "host_queued_end": 1585499982.406079}, "device": "gpu", "nd_range": {"device_start": 1585499919.510284, "device_end": 1585499919.5108778}, "cmdq": 0, "read": {"device_start": -1, "device_end": -1}}, "FFC_sans_bias67": {"write": {"device_start": -1, "host_queued_start": 1585499982.393112, "device_queued": -1, "device_end": -1, "host_queued_end": 1585499982.406079}, "device": "gpu", "nd_range": {"device_start": 1585499919.5158975, "device_end": 1585499919.5164986}, "cmdq": 0, "read": {"device_start": -1, "device_end": -1}}, "FFC_sans_bias24": {"write": {"device_start": -1, "host_queued_start": 1585499982.396105, "device_queued": -1, "device_end": -1, "host_queued_end": 1585499982.406079}, "device": "gpu", "nd_range": {"device_start": 1585499919.519391, "device_end": 1585499919.5199864}, "cmdq": 0, "read": {"device_start": -1, "device_end": -1}}, "FFC_sans_bias25": {"write": {"device_start": 1585499919.5247786, "host_queued_start": 1585499982.40076, "device_queued": 1585499919.4976795, "device_end": 1585499919.5248084, "host_queued_end": 1585499982.406079}, "device": "gpu", "nd_range": {"device_start": 1585499919.524811, "device_end": 1585499919.5254095}, "cmdq": 0, "read": {"device_start": 1585499919.5254164, "device_end": 1585499919.5254385}}, "FFC_sans_bias27": {"write": {"device_start": 1585499919.5007825, "host_queued_start": 1585499982.373539, "device_queued": 1585499919.4945507, "device_end": 1585499919.5008056, "host_queued_end": 1585499982.406079}, "device": "gpu", "nd_range": {"device_start": 1585499919.5008118, "device_end": 1585499919.5014105}, "cmdq": 0, "read": {"device_start": -1, "device_end": -1}}, "FFC_sans_bias20": {"write": {"device_start": 1585499919.5000439, "host_queued_start": 1585499982.372503, "device_queued": 1585499919.4945192, "device_end": 1585499919.5000687, "host_queued_end": 1585499982.406079}, "device": "gpu", "nd_range": {"device_start": 1585499919.5000756, "device_end": 1585499919.5006816}, "cmdq": 0, "read": {"device_start": -1, "device_end": -1}}, "FFC_sans_bias22": {"write": {"device_start": -1, "host_queued_start": 1585499982.391525, "device_queued": -1, "device_end": -1, "host_queued_end": 1585499982.406079}, "device": "gpu", "nd_range": {"device_start": 1585499919.5128908, "device_end": 1585499919.5134928}, "cmdq": 0, "read": {"device_start": -1, "device_end": -1}}, "softmax68": {"write": {"device_start": -1, "host_queued_start": 1585499982.395086, "device_queued": -1, "device_end": -1, "host_queued_end": 1585499982.406079}, "device": "gpu", "nd_range": {"device_start": 1585499919.5179808, "device_end": 1585499919.5181904}, "cmdq": 0, "read": {"device_start": -1, "device_end": -1}}, "softmax5": {"write": {"device_start": -1, "host_queued_start": 1585499982.393362, "device_queued": -1, "device_end": -1, "host_queued_end": 1585499982.406079}, "device": "gpu", "nd_range": {"device_start": 1585499919.5164995, "device_end": 1585499919.5167103}, "cmdq": 0, "read": {"device_start": -1, "device_end": -1}}, "FFC_sans_bias28": {"write": {"device_start": 1585499919.5015178, "host_queued_start": 1585499982.374568, "device_queued": 1585499919.4946685, "device_end": 1585499919.5015414, "host_queued_end": 1585499982.406079}, "device": "gpu", "nd_range": {"device_start": 1585499919.501548, "device_end": 1585499919.5021474}, "cmdq": 0, "read": {"device_start": -1, "device_end": -1}}, "FFC_sans_bias29": {"write": {"device_start": 1585499919.5022457, "host_queued_start": 1585499982.375633, "device_queued": 1585499919.4947014, "device_end": 1585499919.502275, "host_queued_end": 1585499982.406079}, "device": "gpu", "nd_range": {"device_start": 1585499919.5022783, "device_end": 1585499919.5028753}, "cmdq": 0, "read": {"device_start": -1, "device_end": -1}}, "empty17": {"write": {"device_start": 1585499919.4929893, "host_queued_start": 1585499982.358051, "device_queued": 1585499919.4928918, "device_end": 1585499919.4930134, "host_queued_end": 1585499982.406079}, "device": "gpu", "nd_range": {"device_start": 1585499919.4930222, "device_end": 1585499919.4930258}, "cmdq": 0, "read": {"device_start": -1, "device_end": -1}}, "softmax59": {"write": {"device_start": -1, "host_queued_start": 1585499982.394847, "device_queued": -1, "device_end": -1, "host_queued_end": 1585499982.406079}, "device": "gpu", "nd_range": {"device_start": 1585499919.5177703, "device_end": 1585499919.5179794}, "cmdq": 0, "read": {"device_start": -1, "device_end": -1}}, "empty71": {"write": {"device_start": 1585499919.494023, "host_queued_start": 1585499982.362977, "device_queued": 1585499919.4933822, "device_end": 1585499919.4940522, "host_queued_end": 1585499982.406079}, "device": "gpu", "nd_range": {"device_start": 1585499919.4940562, "device_end": 1585499919.4940598}, "cmdq": 0, "read": {"device_start": -1, "device_end": -1}}, "empty35": {"write": {"device_start": 1585499919.4933484, "host_queued_start": 1585499982.359722, "device_queued": 1585499919.4929779, "device_end": 1585499919.4933724, "host_queued_end": 1585499982.406079}, "device": "gpu", "nd_range": {"device_start": 1585499919.4933805, "device_end": 1585499919.4933844}, "cmdq": 0, "read": {"device_start": -1, "device_end": -1}}, "empty53": {"write": {"device_start": 1585499919.4936912, "host_queued_start": 1585499982.361339, "device_queued": 1585499919.4933069, "device_end": 1585499919.4937208, "host_queued_end": 1585499982.406079}, "device": "gpu", "nd_range": {"device_start": 1585499919.4937234, "device_end": 1585499919.4937274}, "cmdq": 0, "read": {"device_start": -1, "device_end": -1}}, "FFC_sans_bias46": {"write": {"device_start": 1585499919.5058575, "host_queued_start": 1585499982.380823, "device_queued": 1585499919.4952095, "device_end": 1585499919.5058873, "host_queued_end": 1585499982.406079}, "device": "gpu", "nd_range": {"device_start": 1585499919.5058904, "device_end": 1585499919.5064926}, "cmdq": 0, "read": {"device_start": -1, "device_end": -1}}, "coalesced_transpose66": {"write": {"device_start": -1, "host_queued_start": 1585499982.390545, "device_queued": -1, "device_end": -1, "host_queued_end": 1585499982.406079}, "device": "gpu", "nd_range": {"device_start": 1585499919.5116775, "device_end": 1585499919.511686}, "cmdq": 0, "read": {"device_start": -1, "device_end": -1}}, "coalesced_transpose48": {"write": {"device_start": -1, "host_queued_start": 1585499982.389949, "device_queued": -1, "device_end": -1, "host_queued_end": 1585499982.406079}, "device": "gpu", "nd_range": {"device_start": 1585499919.5116584, "device_end": 1585499919.5116668}, "cmdq": 0, "read": {"device_start": -1, "device_end": -1}}}