{"FFC_sans_bias60": {"write": {"device_start": -1, "host_queued_start": 1585500234.902114, "device_queued": -1, "device_end": -1, "host_queued_end": 1585500234.910898}, "device": "gpu", "nd_range": {"device_start": 1585500172.0097406, "device_end": 1585500172.0112329}, "cmdq": 2, "read": {"device_start": -1, "device_end": -1}}, "FFC_sans_bias4": {"write": {"device_start": -1, "host_queued_start": 1585500234.8956, "device_queued": -1, "device_end": -1, "host_queued_end": 1585500234.910898}, "device": "gpu", "nd_range": {"device_start": 1585500172.0037282, "device_end": 1585500172.0048816}, "cmdq": 1, "read": {"device_start": -1, "device_end": -1}}, "FFC_sans_bias7": {"write": {"device_start": 1585500172.0108495, "host_queued_start": 1585500234.903448, "device_queued": 1585500171.9957864, "device_end": 1585500172.0108795, "host_queued_end": 1585500234.910898}, "device": "gpu", "nd_range": {"device_start": 1585500172.0109, "device_end": 1585500172.012155}, "cmdq": 1, "read": {"device_start": 1585500172.0121608, "device_end": 1585500172.0121853}}, "FFC_sans_bias6": {"write": {"device_start": -1, "host_queued_start": 1585500234.900219, "device_queued": -1, "device_end": -1, "host_queued_end": 1585500234.910898}, "device": "gpu", "nd_range": {"device_start": 1585500172.0077262, "device_end": 1585500172.0083342}, "cmdq": 2, "read": {"device_start": -1, "device_end": -1}}, "FFC_sans_bias1": {"write": {"device_start": 1585500171.9916348, "host_queued_start": 1585500234.869722, "device_queued": 1585500171.9914188, "device_end": 1585500171.9917195, "host_queued_end": 1585500234.910898}, "device": "gpu", "nd_range": {"device_start": 1585500171.991724, "device_end": 1585500171.9926047}, "cmdq": 0, "read": {"device_start": -1, "device_end": -1}}, "FFC_sans_bias0": {"write": {"device_start": 1585500171.9915469, "host_queued_start": 1585500234.868683, "device_queued": 1585500171.9913468, "device_end": 1585500171.9915886, "host_queued_end": 1585500234.910898}, "device": "gpu", "nd_range": {"device_start": 1585500171.9915926, "device_end": 1585500171.9921992}, "cmdq": 2, "read": {"device_start": -1, "device_end": -1}}, "FFC_sans_bias2": {"write": {"device_start": 1585500171.9917223, "host_queued_start": 1585500234.870807, "device_queued": 1585500171.9916067, "device_end": 1585500171.9917476, "host_queued_end": 1585500234.910898}, "device": "gpu", "nd_range": {"device_start": 1585500171.9917505, "device_end": 1585500171.993185}, "cmdq": 1, "read": {"device_start": -1, "device_end": -1}}, "FFC_sans_bias61": {"write": {"device_start": 1585500172.014285, "host_queued_start": 1585500234.909758, "device_queued": 1585500171.9965138, "device_end": 1585500172.0143094, "host_queued_end": 1585500234.910898}, "device": "gpu", "nd_range": {"device_start": 1585500172.0143216, "device_end": 1585500172.015529}, "cmdq": 1, "read": {"device_start": 1585500172.0155373, "device_end": 1585500172.0155592}}, "FFC_sans_bias52": {"write": {"device_start": 1585500172.013326, "host_queued_start": 1585500234.908716, "device_queued": 1585500171.996308, "device_end": 1585500172.0133579, "host_queued_end": 1585500234.910898}, "device": "gpu", "nd_range": {"device_start": 1585500172.0133715, "device_end": 1585500172.014609}, "cmdq": 0, "read": {"device_start": 1585500172.014622, "device_end": 1585500172.0146446}}, "FFC_sans_bias9": {"write": {"device_start": 1585500171.992307, "host_queued_start": 1585500234.871995, "device_queued": 1585500171.991631, "device_end": 1585500171.9923375, "host_queued_end": 1585500234.910898}, "device": "gpu", "nd_range": {"device_start": 1585500171.9923418, "device_end": 1585500171.9935927}, "cmdq": 2, "read": {"device_start": -1, "device_end": -1}}, "coalesced_transpose39": {"write": {"device_start": -1, "host_queued_start": 1585500234.894373, "device_queued": -1, "device_end": -1, "host_queued_end": 1585500234.910898}, "device": "gpu", "nd_range": {"device_start": 1585500172.0031724, "device_end": 1585500172.003204}, "cmdq": 0, "read": {"device_start": -1, "device_end": -1}}, "FFC_sans_bias55": {"write": {"device_start": 1585500172.0004916, "host_queued_start": 1585500234.889745, "device_queued": 1585500171.9934452, "device_end": 1585500172.0005178, "host_queued_end": 1585500234.910898}, "device": "gpu", "nd_range": {"device_start": 1585500172.0005233, "device_end": 1585500172.001858}, "cmdq": 1, "read": {"device_start": -1, "device_end": -1}}, "FFC_sans_bias54": {"write": {"device_start": 1585500172.0000243, "host_queued_start": 1585500234.888718, "device_queued": 1585500171.9932783, "device_end": 1585500172.00005, "host_queued_end": 1585500234.910898}, "device": "gpu", "nd_range": {"device_start": 1585500172.0000584, "device_end": 1585500172.0013566}, "cmdq": 0, "read": {"device_start": -1, "device_end": -1}}, "FFC_sans_bias56": {"write": {"device_start": 1585500171.9995425, "host_queued_start": 1585500234.88769, "device_queued": 1585500171.993093, "device_end": 1585500171.9995673, "host_queued_end": 1585500234.910898}, "device": "gpu", "nd_range": {"device_start": 1585500171.9995756, "device_end": 1585500172.000894}, "cmdq": 2, "read": {"device_start": -1, "device_end": -1}}, "FFC_sans_bias51": {"write": {"device_start": -1, "host_queued_start": 1585500234.901797, "device_queued": -1, "device_end": -1, "host_queued_end": 1585500234.910898}, "device": "gpu", "nd_range": {"device_start": 1585500172.0093138, "device_end": 1585500172.0107253}, "cmdq": 1, "read": {"device_start": -1, "device_end": -1}}, "softmax23": {"write": {"device_start": -1, "host_queued_start": 1585500234.898609, "device_queued": -1, "device_end": -1, "host_queued_end": 1585500234.910898}, "device": "gpu", "nd_range": {"device_start": 1585500172.006782, "device_end": 1585500172.0074956}, "cmdq": 2, "read": {"device_start": -1, "device_end": -1}}, "FFC_sans_bias37": {"write": {"device_start": 1585500171.9971223, "host_queued_start": 1585500234.882439, "device_queued": 1585500171.9926426, "device_end": 1585500171.9971488, "host_queued_end": 1585500234.910898}, "device": "gpu", "nd_range": {"device_start": 1585500171.9971566, "device_end": 1585500171.9984653}, "cmdq": 0, "read": {"device_start": -1, "device_end": -1}}, "empty62": {"write": {"device_start": 1585500171.9913645, "host_queued_start": 1585500234.866906, "device_queued": 1585500171.9911482, "device_end": 1585500171.9914358, "host_queued_end": 1585500234.910898}, "device": "gpu", "nd_range": {"device_start": 1585500171.9914417, "device_end": 1585500171.9914474}, "cmdq": 0, "read": {"device_start": -1, "device_end": -1}}, "FFC_sans_bias70": {"write": {"device_start": 1585500172.0138688, "host_queued_start": 1585500234.9108, "device_queued": 1585500171.9964786, "device_end": 1585500172.0138993, "host_queued_end": 1585500234.910898}, "device": "gpu", "nd_range": {"device_start": 1585500172.0139167, "device_end": 1585500172.0150661}, "cmdq": 2, "read": {"device_start": 1585500172.0150685, "device_end": 1585500172.0150912}}, "FFC_sans_bias58": {"write": {"device_start": -1, "host_queued_start": 1585500234.89751, "device_queued": -1, "device_end": -1, "host_queued_end": 1585500234.910898}, "device": "gpu", "nd_range": {"device_start": 1585500172.0063062, "device_end": 1585500172.0072653}, "cmdq": 1, "read": {"device_start": -1, "device_end": -1}}, "softmax41": {"write": {"device_start": -1, "host_queued_start": 1585500234.8991, "device_queued": -1, "device_end": -1, "host_queued_end": 1585500234.910898}, "device": "gpu", "nd_range": {"device_start": 1585500172.0074925, "device_end": 1585500172.0076993}, "cmdq": 1, "read": {"device_start": -1, "device_end": -1}}, "FFC_sans_bias11": {"write": {"device_start": 1585500171.9933312, "host_queued_start": 1585500234.87406, "device_queued": 1585500171.9918709, "device_end": 1585500171.993357, "host_queued_end": 1585500234.910898}, "device": "gpu", "nd_range": {"device_start": 1585500171.9933615, "device_end": 1585500171.9945903}, "cmdq": 1, "read": {"device_start": -1, "device_end": -1}}, "FFC_sans_bias10": {"write": {"device_start": 1585500171.9927323, "host_queued_start": 1585500234.873026, "device_queued": 1585500171.991817, "device_end": 1585500171.992763, "host_queued_end": 1585500234.910898}, "device": "gpu", "nd_range": {"device_start": 1585500171.992768, "device_end": 1585500171.9941504}, "cmdq": 0, "read": {"device_start": -1, "device_end": -1}}, "coalesced_transpose3": {"write": {"device_start": -1, "host_queued_start": 1585500234.893168, "device_queued": -1, "device_end": -1, "host_queued_end": 1585500234.910898}, "device": "gpu", "nd_range": {"device_start": 1585500172.002328, "device_end": 1585500172.003161}, "cmdq": 2, "read": {"device_start": -1, "device_end": -1}}, "FFC_sans_bias34": {"write": {"device_start": 1585500172.0130386, "host_queued_start": 1585500234.906593, "device_queued": 1585500171.9961283, "device_end": 1585500172.0130694, "host_queued_end": 1585500234.910898}, "device": "gpu", "nd_range": {"device_start": 1585500172.013089, "device_end": 1585500172.0140893}, "cmdq": 1, "read": {"device_start": 1585500172.014093, "device_end": 1585500172.0141168}}, "FFC_sans_bias15": {"write": {"device_start": -1, "host_queued_start": 1585500234.900539, "device_queued": -1, "device_end": -1, "host_queued_end": 1585500234.910898}, "device": "gpu", "nd_range": {"device_start": 1585500172.0077403, "device_end": 1585500172.0087337}, "cmdq": 0, "read": {"device_start": -1, "device_end": -1}}, "FFC_sans_bias31": {"write": {"device_start": -1, "host_queued_start": 1585500234.896543, "device_queued": -1, "device_end": -1, "host_queued_end": 1585500234.910898}, "device": "gpu", "nd_range": {"device_start": 1585500172.0048943, "device_end": 1585500172.0062947}, "cmdq": 1, "read": {"device_start": -1, "device_end": -1}}, "FFC_sans_bias16": {"write": {"device_start": 1585500172.0113585, "host_queued_start": 1585500234.904494, "device_queued": 1585500171.9957566, "device_end": 1585500172.0113897, "host_queued_end": 1585500234.910898}, "device": "gpu", "nd_range": {"device_start": 1585500172.0114095, "device_end": 1585500172.0126784}, "cmdq": 2, "read": {"device_start": 1585500172.0126903, "device_end": 1585500172.012717}}, "FFC_sans_bias19": {"write": {"device_start": 1585500171.9942718, "host_queued_start": 1585500234.876147, "device_queued": 1585500171.9920475, "device_end": 1585500171.9943047, "host_queued_end": 1585500234.910898}, "device": "gpu", "nd_range": {"device_start": 1585500171.9943101, "device_end": 1585500171.995575}, "cmdq": 0, "read": {"device_start": -1, "device_end": -1}}, "FFC_sans_bias18": {"write": {"device_start": 1585500171.9937708, "host_queued_start": 1585500234.875119, "device_queued": 1585500171.9918962, "device_end": 1585500171.9938025, "host_queued_end": 1585500234.910898}, "device": "gpu", "nd_range": {"device_start": 1585500171.9938064, "device_end": 1585500171.99511}, "cmdq": 2, "read": {"device_start": -1, "device_end": -1}}, "coalesced_transpose30": {"write": {"device_start": -1, "host_queued_start": 1585500234.894072, "device_queued": -1, "device_end": -1, "host_queued_end": 1585500234.910898}, "device": "gpu", "nd_range": {"device_start": 1585500172.0031667, "device_end": 1585500172.0031884}, "cmdq": 2, "read": {"device_start": -1, "device_end": -1}}, "FFC_sans_bias69": {"write": {"device_start": -1, "host_queued_start": 1585500234.902425, "device_queued": -1, "device_end": -1, "host_queued_end": 1585500234.910898}, "device": "gpu", "nd_range": {"device_start": 1585500172.010296, "device_end": 1585500172.0116973}, "cmdq": 0, "read": {"device_start": -1, "device_end": -1}}, "FFC_sans_bias38": {"write": {"device_start": 1585500171.997623, "host_queued_start": 1585500234.883522, "device_queued": 1585500171.9928336, "device_end": 1585500171.9976485, "host_queued_end": 1585500234.910898}, "device": "gpu", "nd_range": {"device_start": 1585500171.9976554, "device_end": 1585500171.9989593}, "cmdq": 1, "read": {"device_start": -1, "device_end": -1}}, "coalesced_transpose57": {"write": {"device_start": -1, "host_queued_start": 1585500234.89498, "device_queued": -1, "device_end": -1, "host_queued_end": 1585500234.910898}, "device": "gpu", "nd_range": {"device_start": 1585500172.0032005, "device_end": 1585500172.0032232}, "cmdq": 2, "read": {"device_start": -1, "device_end": -1}}, "empty26": {"write": {"device_start": 1585500171.9909773, "host_queued_start": 1585500234.863584, "device_queued": 1585500171.990776, "device_end": 1585500171.9910488, "host_queued_end": 1585500234.910898}, "device": "gpu", "nd_range": {"device_start": 1585500171.9910548, "device_end": 1585500171.9910586}, "cmdq": 2, "read": {"device_start": -1, "device_end": -1}}, "coalesced_transpose12": {"write": {"device_start": -1, "host_queued_start": 1585500234.89347, "device_queued": -1, "device_end": -1, "host_queued_end": 1585500234.910898}, "device": "gpu", "nd_range": {"device_start": 1585500172.0028324, "device_end": 1585500172.0031705}, "cmdq": 0, "read": {"device_start": -1, "device_end": -1}}, "empty44": {"write": {"device_start": 1585500171.9911544, "host_queued_start": 1585500234.86524, "device_queued": 1585500171.9910622, "device_end": 1585500171.991223, "host_queued_end": 1585500234.910898}, "device": "gpu", "nd_range": {"device_start": 1585500171.9912302, "device_end": 1585500171.9912357}, "cmdq": 1, "read": {"device_start": -1, "device_end": -1}}, "coalesced_transpose21": {"write": {"device_start": -1, "host_queued_start": 1585500234.893769, "device_queued": -1, "device_end": -1, "host_queued_end": 1585500234.910898}, "device": "gpu", "nd_range": {"device_start": 1585500172.003272, "device_end": 1585500172.003297}, "cmdq": 1, "read": {"device_start": -1, "device_end": -1}}, "FFC_sans_bias36": {"write": {"device_start": 1585500171.9966161, "host_queued_start": 1585500234.881406, "device_queued": 1585500171.99248, "device_end": 1585500171.996642, "host_queued_end": 1585500234.910898}, "device": "gpu", "nd_range": {"device_start": 1585500171.996649, "device_end": 1585500171.997976}, "cmdq": 2, "read": {"device_start": -1, "device_end": -1}}, "softmax14": {"write": {"device_start": -1, "host_queued_start": 1585500234.898358, "device_queued": -1, "device_end": -1, "host_queued_end": 1585500234.910898}, "device": "gpu", "nd_range": {"device_start": 1585500172.007277, "device_end": 1585500172.0074804}, "cmdq": 1, "read": {"device_start": -1, "device_end": -1}}, "FFC_sans_bias13": {"write": {"device_start": -1, "host_queued_start": 1585500234.895918, "device_queued": -1, "device_end": -1, "host_queued_end": 1585500234.910898}, "device": "gpu", "nd_range": {"device_start": 1585500172.0032897, "device_end": 1585500172.0038953}, "cmdq": 2, "read": {"device_start": -1, "device_end": -1}}, "empty8": {"write": {"device_start": 1585500171.9907281, "host_queued_start": 1585500234.861582, "device_queued": 1585500171.9905808, "device_end": 1585500171.99076, "host_queued_end": 1585500234.910898}, "device": "gpu", "nd_range": {"device_start": 1585500171.9907696, "device_end": 1585500171.9907744}, "cmdq": 0, "read": {"device_start": -1, "device_end": -1}}, "FFC_sans_bias42": {"write": {"device_start": -1, "host_queued_start": 1585500234.901487, "device_queued": -1, "device_end": -1, "host_queued_end": 1585500234.910898}, "device": "gpu", "nd_range": {"device_start": 1585500172.0087447, "device_end": 1585500172.0102859}, "cmdq": 0, "read": {"device_start": -1, "device_end": -1}}, "FFC_sans_bias43": {"write": {"device_start": 1585500172.0128896, "host_queued_start": 1585500234.907637, "device_queued": 1585500171.99608, "device_end": 1585500172.0129201, "host_queued_end": 1585500234.910898}, "device": "gpu", "nd_range": {"device_start": 1585500172.0129373, "device_end": 1585500172.0136511}, "cmdq": 2, "read": {"device_start": 1585500172.0136578, "device_end": 1585500172.0136878}}, "FFC_sans_bias40": {"write": {"device_start": -1, "host_queued_start": 1585500234.896859, "device_queued": -1, "device_end": -1, "host_queued_end": 1585500234.910898}, "device": "gpu", "nd_range": {"device_start": 1585500172.0039084, "device_end": 1585500172.0053105}, "cmdq": 2, "read": {"device_start": -1, "device_end": -1}}, "softmax32": {"write": {"device_start": -1, "host_queued_start": 1585500234.898854, "device_queued": -1, "device_end": -1, "host_queued_end": 1585500234.910898}, "device": "gpu", "nd_range": {"device_start": 1585500172.0069566, "device_end": 1585500172.0075107}, "cmdq": 0, "read": {"device_start": -1, "device_end": -1}}, "FFC_sans_bias47": {"write": {"device_start": 1585500171.9990652, "host_queued_start": 1585500234.88666, "device_queued": 1585500171.9930692, "device_end": 1585500171.9990907, "host_queued_end": 1585500234.910898}, "device": "gpu", "nd_range": {"device_start": 1585500171.9990954, "device_end": 1585500172.0003872}, "cmdq": 1, "read": {"device_start": -1, "device_end": -1}}, "FFC_sans_bias45": {"write": {"device_start": 1585500171.9980865, "host_queued_start": 1585500234.884579, "device_queued": 1585500171.9928517, "device_end": 1585500171.9981134, "host_queued_end": 1585500234.910898}, "device": "gpu", "nd_range": {"device_start": 1585500171.9981177, "device_end": 1585500171.9994292}, "cmdq": 2, "read": {"device_start": -1, "device_end": -1}}, "softmax50": {"write": {"device_start": -1, "host_queued_start": 1585500234.899344, "device_queued": -1, "device_end": -1, "host_queued_end": 1585500234.910898}, "device": "gpu", "nd_range": {"device_start": 1585500172.007507, "device_end": 1585500172.007715}, "cmdq": 2, "read": {"device_start": -1, "device_end": -1}}, "FFC_sans_bias33": {"write": {"device_start": -1, "host_queued_start": 1585500234.901175, "device_queued": -1, "device_end": -1, "host_queued_end": 1585500234.910898}, "device": "gpu", "nd_range": {"device_start": 1585500172.008345, "device_end": 1585500172.0097296}, "cmdq": 2, "read": {"device_start": -1, "device_end": -1}}, "FFC_sans_bias63": {"write": {"device_start": 1585500172.0019565, "host_queued_start": 1585500234.892844, "device_queued": 1585500171.9937384, "device_end": 1585500172.0019815, "host_queued_end": 1585500234.910898}, "device": "gpu", "nd_range": {"device_start": 1585500172.0019855, "device_end": 1585500172.0032685}, "cmdq": 1, "read": {"device_start": -1, "device_end": -1}}, "FFC_sans_bias49": {"write": {"device_start": -1, "host_queued_start": 1585500234.897188, "device_queued": -1, "device_end": -1, "host_queued_end": 1585500234.910898}, "device": "gpu", "nd_range": {"device_start": 1585500172.0043328, "device_end": 1585500172.0058215}, "cmdq": 0, "read": {"device_start": -1, "device_end": -1}}, "FFC_sans_bias64": {"write": {"device_start": 1585500172.0009832, "host_queued_start": 1585500234.890784, "device_queued": 1585500171.9934745, "device_end": 1585500172.0010092, "host_queued_end": 1585500234.910898}, "device": "gpu", "nd_range": {"device_start": 1585500172.0010164, "device_end": 1585500172.002327}, "cmdq": 2, "read": {"device_start": -1, "device_end": -1}}, "FFC_sans_bias65": {"write": {"device_start": 1585500172.001459, "host_queued_start": 1585500234.891822, "device_queued": 1585500171.9936829, "device_end": 1585500172.0014853, "host_queued_end": 1585500234.910898}, "device": "gpu", "nd_range": {"device_start": 1585500172.0014918, "device_end": 1585500172.0028307}, "cmdq": 0, "read": {"device_start": -1, "device_end": -1}}, "FFC_sans_bias67": {"write": {"device_start": -1, "host_queued_start": 1585500234.897861, "device_queued": -1, "device_end": -1, "host_queued_end": 1585500234.910898}, "device": "gpu", "nd_range": {"device_start": 1585500172.0053232, "device_end": 1585500172.0067708}, "cmdq": 2, "read": {"device_start": -1, "device_end": -1}}, "FFC_sans_bias24": {"write": {"device_start": -1, "host_queued_start": 1585500234.900858, "device_queued": -1, "device_end": -1, "host_queued_end": 1585500234.910898}, "device": "gpu", "nd_range": {"device_start": 1585500172.0081022, "device_end": 1585500172.0093029}, "cmdq": 1, "read": {"device_start": -1, "device_end": -1}}, "FFC_sans_bias25": {"write": {"device_start": 1585500172.0118136, "host_queued_start": 1585500234.905548, "device_queued": 1585500171.9959671, "device_end": 1585500172.0118446, "host_queued_end": 1585500234.910898}, "device": "gpu", "nd_range": {"device_start": 1585500172.0118651, "device_end": 1585500172.01311}, "cmdq": 0, "read": {"device_start": 1585500172.0131156, "device_end": 1585500172.0131514}}, "FFC_sans_bias27": {"write": {"device_start": 1585500171.995217, "host_queued_start": 1585500234.878262, "device_queued": 1585500171.9922225, "device_end": 1585500171.995249, "host_queued_end": 1585500234.910898}, "device": "gpu", "nd_range": {"device_start": 1585500171.9952567, "device_end": 1585500171.9965343}, "cmdq": 2, "read": {"device_start": -1, "device_end": -1}}, "FFC_sans_bias20": {"write": {"device_start": 1585500171.994714, "host_queued_start": 1585500234.877208, "device_queued": 1585500171.9921916, "device_end": 1585500171.9947467, "host_queued_end": 1585500234.910898}, "device": "gpu", "nd_range": {"device_start": 1585500171.9947495, "device_end": 1585500171.9960666}, "cmdq": 1, "read": {"device_start": -1, "device_end": -1}}, "FFC_sans_bias22": {"write": {"device_start": -1, "host_queued_start": 1585500234.896231, "device_queued": -1, "device_end": -1, "host_queued_end": 1585500234.910898}, "device": "gpu", "nd_range": {"device_start": 1585500172.0033257, "device_end": 1585500172.0043209}, "cmdq": 0, "read": {"device_start": -1, "device_end": -1}}, "softmax68": {"write": {"device_start": -1, "host_queued_start": 1585500234.899832, "device_queued": -1, "device_end": -1, "host_queued_end": 1585500234.910898}, "device": "gpu", "nd_range": {"device_start": 1585500172.0077112, "device_end": 1585500172.008091}, "cmdq": 1, "read": {"device_start": -1, "device_end": -1}}, "softmax5": {"write": {"device_start": -1, "host_queued_start": 1585500234.898111, "device_queued": -1, "device_end": -1, "host_queued_end": 1585500234.910898}, "device": "gpu", "nd_range": {"device_start": 1585500172.0058343, "device_end": 1585500172.0069451}, "cmdq": 0, "read": {"device_start": -1, "device_end": -1}}, "FFC_sans_bias28": {"write": {"device_start": 1585500171.9957032, "host_queued_start": 1585500234.879329, "device_queued": 1585500171.9923928, "device_end": 1585500171.9957352, "host_queued_end": 1585500234.910898}, "device": "gpu", "nd_range": {"device_start": 1585500171.9957402, "device_end": 1585500171.997019}, "cmdq": 0, "read": {"device_start": -1, "device_end": -1}}, "FFC_sans_bias29": {"write": {"device_start": 1585500171.996165, "host_queued_start": 1585500234.880361, "device_queued": 1585500171.9924548, "device_end": 1585500171.9961915, "host_queued_end": 1585500234.910898}, "device": "gpu", "nd_range": {"device_start": 1585500171.9961996, "device_end": 1585500171.9975107}, "cmdq": 1, "read": {"device_start": -1, "device_end": -1}}, "empty17": {"write": {"device_start": 1585500171.9908547, "host_queued_start": 1585500234.862714, "device_queued": 1585500171.99076, "device_end": 1585500171.9909139, "host_queued_end": 1585500234.910898}, "device": "gpu", "nd_range": {"device_start": 1585500171.9909205, "device_end": 1585500171.990926}, "cmdq": 1, "read": {"device_start": -1, "device_end": -1}}, "softmax59": {"write": {"device_start": -1, "host_queued_start": 1585500234.899588, "device_queued": -1, "device_end": -1, "host_queued_end": 1585500234.910898}, "device": "gpu", "nd_range": {"device_start": 1585500172.0075214, "device_end": 1585500172.0077298}, "cmdq": 0, "read": {"device_start": -1, "device_end": -1}}, "empty71": {"write": {"device_start": 1585500171.9914677, "host_queued_start": 1585500234.867713, "device_queued": 1585500171.9911873, "device_end": 1585500171.9915442, "host_queued_end": 1585500234.910898}, "device": "gpu", "nd_range": {"device_start": 1585500171.9915543, "device_end": 1585500171.9915743}, "cmdq": 1, "read": {"device_start": -1, "device_end": -1}}, "empty35": {"write": {"device_start": 1585500171.9910634, "host_queued_start": 1585500234.864432, "device_queued": 1585500171.9908419, "device_end": 1585500171.9910922, "host_queued_end": 1585500234.910898}, "device": "gpu", "nd_range": {"device_start": 1585500171.9911044, "device_end": 1585500171.9911087}, "cmdq": 0, "read": {"device_start": -1, "device_end": -1}}, "empty53": {"write": {"device_start": 1585500171.991262, "host_queued_start": 1585500234.866056, "device_queued": 1585500171.991098, "device_end": 1585500171.991334, "host_queued_end": 1585500234.910898}, "device": "gpu", "nd_range": {"device_start": 1585500171.9913394, "device_end": 1585500171.9913445}, "cmdq": 2, "read": {"device_start": -1, "device_end": -1}}, "FFC_sans_bias46": {"write": {"device_start": 1585500171.998573, "host_queued_start": 1585500234.8856, "device_queued": 1585500171.9930148, "device_end": 1585500171.9985986, "host_queued_end": 1585500234.910898}, "device": "gpu", "nd_range": {"device_start": 1585500171.9986057, "device_end": 1585500171.999914}, "cmdq": 0, "read": {"device_start": -1, "device_end": -1}}, "coalesced_transpose66": {"write": {"device_start": -1, "host_queued_start": 1585500234.895285, "device_queued": -1, "device_end": -1, "host_queued_end": 1585500234.910898}, "device": "gpu", "nd_range": {"device_start": 1585500172.003218, "device_end": 1585500172.003236}, "cmdq": 0, "read": {"device_start": -1, "device_end": -1}}, "coalesced_transpose48": {"write": {"device_start": -1, "host_queued_start": 1585500234.894679, "device_queued": -1, "device_end": -1, "host_queued_end": 1585500234.910898}, "device": "gpu", "nd_range": {"device_start": 1585500172.0033076, "device_end": 1585500172.0037136}, "cmdq": 1, "read": {"device_start": -1, "device_end": -1}}}