{"FFC_sans_bias60": {"write": {"device_start": -1, "host_queued_start": 1585500206.642636, "device_queued": -1, "device_end": -1, "host_queued_end": 1585500206.651028}, "device": "cpu", "nd_range": {"device_start": 2167981.02598837, "device_end": 2167981.04125628}, "cmdq": 2, "read": {"device_start": -1, "device_end": -1}}, "FFC_sans_bias4": {"write": {"device_start": -1, "host_queued_start": 1585500206.635494, "device_queued": -1, "device_end": -1, "host_queued_end": 1585500206.651028}, "device": "cpu", "nd_range": {"device_start": 2167980.9749910003, "device_end": 2167980.991422843}, "cmdq": 0, "read": {"device_start": -1, "device_end": -1}}, "FFC_sans_bias7": {"write": {"device_start": -1, "host_queued_start": 1585500206.644028, "device_queued": -1, "device_end": -1, "host_queued_end": 1585500206.651028}, "device": "cpu", "nd_range": {"device_start": 2167981.0564911473, "device_end": 2167981.07174718}, "cmdq": 4, "read": {"device_start": -1, "device_end": -1}}, "FFC_sans_bias6": {"write": {"device_start": -1, "host_queued_start": 1585500206.64056, "device_queued": -1, "device_end": -1, "host_queued_end": 1585500206.651028}, "device": "cpu", "nd_range": {"device_start": 2167981.0247385954, "device_end": 2167981.0420907433}, "cmdq": 1, "read": {"device_start": -1, "device_end": -1}}, "FFC_sans_bias1": {"write": {"device_start": -1, "host_queued_start": 1585500206.609122, "device_queued": -1, "device_end": -1, "host_queued_end": 1585500206.651028}, "device": "cpu", "nd_range": {"device_start": 2167980.857163562, "device_end": 2167980.8737648483}, "cmdq": 4, "read": {"device_start": -1, "device_end": -1}}, "FFC_sans_bias0": {"write": {"device_start": -1, "host_queued_start": 1585500206.608082, "device_queued": -1, "device_end": -1, "host_queued_end": 1585500206.651028}, "device": "cpu", "nd_range": {"device_start": 2167980.889870116, "device_end": 2167980.907405657}, "cmdq": 3, "read": {"device_start": -1, "device_end": -1}}, "FFC_sans_bias2": {"write": {"device_start": -1, "host_queued_start": 1585500206.61034, "device_queued": -1, "device_end": -1, "host_queued_end": 1585500206.651028}, "device": "cpu", "nd_range": {"device_start": 2167980.8407223513, "device_end": 2167980.856241931}, "cmdq": 0, "read": {"device_start": -1, "device_end": -1}}, "FFC_sans_bias61": {"write": {"device_start": -1, "host_queued_start": 1585500206.649967, "device_queued": -1, "device_end": -1, "host_queued_end": 1585500206.651028}, "device": "cpu", "nd_range": {"device_start": 2167981.0813336363, "device_end": 2167981.093842601}, "cmdq": 0, "read": {"device_start": -1, "device_end": -1}}, "FFC_sans_bias52": {"write": {"device_start": -1, "host_queued_start": 1585500206.648975, "device_queued": -1, "device_end": -1, "host_queued_end": 1585500206.651028}, "device": "cpu", "nd_range": {"device_start": 2167981.0840092213, "device_end": 2167981.0937507083}, "cmdq": 4, "read": {"device_start": -1, "device_end": -1}}, "FFC_sans_bias9": {"write": {"device_start": -1, "host_queued_start": 1585500206.611424, "device_queued": -1, "device_end": -1, "host_queued_end": 1585500206.651028}, "device": "cpu", "nd_range": {"device_start": 2167980.8407222233, "device_end": 2167980.856096737}, "cmdq": 1, "read": {"device_start": -1, "device_end": -1}}, "coalesced_transpose39": {"write": {"device_start": -1, "host_queued_start": 1585500206.634168, "device_queued": -1, "device_end": -1, "host_queued_end": 1585500206.651028}, "device": "cpu", "nd_range": {"device_start": 2167980.9174814173, "device_end": 2167980.917744569}, "cmdq": 1, "read": {"device_start": -1, "device_end": -1}}, "FFC_sans_bias55": {"write": {"device_start": -1, "host_queued_start": 1585500206.629341, "device_queued": -1, "device_end": -1, "host_queued_end": 1585500206.651028}, "device": "cpu", "nd_range": {"device_start": 2167980.955906374, "device_end": 2167980.9738260433}, "cmdq": 3, "read": {"device_start": -1, "device_end": -1}}, "FFC_sans_bias54": {"write": {"device_start": -1, "host_queued_start": 1585500206.628305, "device_queued": -1, "device_end": -1, "host_queued_end": 1585500206.651028}, "device": "cpu", "nd_range": {"device_start": 2167980.948181859, "device_end": 2167980.96354916}, "cmdq": 2, "read": {"device_start": -1, "device_end": -1}}, "FFC_sans_bias56": {"write": {"device_start": -1, "host_queued_start": 1585500206.627259, "device_queued": -1, "device_end": -1, "host_queued_end": 1585500206.651028}, "device": "cpu", "nd_range": {"device_start": 2167980.886832279, "device_end": 2167980.902132171}, "cmdq": 1, "read": {"device_start": -1, "device_end": -1}}, "FFC_sans_bias51": {"write": {"device_start": -1, "host_queued_start": 1585500206.642289, "device_queued": -1, "device_end": -1, "host_queued_end": 1585500206.651028}, "device": "cpu", "nd_range": {"device_start": 2167981.042110133, "device_end": 2167981.057395148}, "cmdq": 1, "read": {"device_start": -1, "device_end": -1}}, "softmax23": {"write": {"device_start": -1, "host_queued_start": 1585500206.638815, "device_queued": -1, "device_end": -1, "host_queued_end": 1585500206.651028}, "device": "cpu", "nd_range": {"device_start": 2167981.007800377, "device_end": 2167981.008020955}, "cmdq": 0, "read": {"device_start": -1, "device_end": -1}}, "FFC_sans_bias37": {"write": {"device_start": -1, "host_queued_start": 1585500206.621935, "device_queued": -1, "device_end": -1, "host_queued_end": 1585500206.651028}, "device": "cpu", "nd_range": {"device_start": 2167980.8716452513, "device_end": 2167980.8868246903}, "cmdq": 1, "read": {"device_start": -1, "device_end": -1}}, "empty62": {"write": {"device_start": -1, "host_queued_start": 1585500206.606285, "device_queued": -1, "device_end": -1, "host_queued_end": 1585500206.651028}, "device": "cpu", "nd_range": {"device_start": 2167980.840715771, "device_end": 2167980.8407167234}, "cmdq": 1, "read": {"device_start": -1, "device_end": -1}}, "FFC_sans_bias70": {"write": {"device_start": -1, "host_queued_start": 1585500206.650984, "device_queued": -1, "device_end": -1, "host_queued_end": 1585500206.651028}, "device": "cpu", "nd_range": {"device_start": 2167981.07379092, "device_end": 2167981.087397415}, "cmdq": 1, "read": {"device_start": -1, "device_end": -1}}, "FFC_sans_bias58": {"write": {"device_start": -1, "host_queued_start": 1585500206.63762, "device_queued": -1, "device_end": -1, "host_queued_end": 1585500206.651028}, "device": "cpu", "nd_range": {"device_start": 2167980.9949341943, "device_end": 2167981.010298998}, "cmdq": 1, "read": {"device_start": -1, "device_end": -1}}, "softmax41": {"write": {"device_start": -1, "host_queued_start": 1585500206.639375, "device_queued": -1, "device_end": -1, "host_queued_end": 1585500206.651028}, "device": "cpu", "nd_range": {"device_start": 2167980.9949189033, "device_end": 2167980.995143187}, "cmdq": 2, "read": {"device_start": -1, "device_end": -1}}, "FFC_sans_bias11": {"write": {"device_start": -1, "host_queued_start": 1585500206.613537, "device_queued": -1, "device_end": -1, "host_queued_end": 1585500206.651028}, "device": "cpu", "nd_range": {"device_start": 2167980.90752905, "device_end": 2167980.923794141}, "cmdq": 3, "read": {"device_start": -1, "device_end": -1}}, "FFC_sans_bias10": {"write": {"device_start": -1, "host_queued_start": 1585500206.61249, "device_queued": -1, "device_end": -1, "host_queued_end": 1585500206.651028}, "device": "cpu", "nd_range": {"device_start": 2167980.840755973, "device_end": 2167980.8570362283}, "cmdq": 2, "read": {"device_start": -1, "device_end": -1}}, "coalesced_transpose3": {"write": {"device_start": -1, "host_queued_start": 1585500206.632846, "device_queued": -1, "device_end": -1, "host_queued_end": 1585500206.651028}, "device": "cpu", "nd_range": {"device_start": 2167980.963555727, "device_end": 2167980.96382777}, "cmdq": 2, "read": {"device_start": -1, "device_end": -1}}, "FFC_sans_bias34": {"write": {"device_start": -1, "host_queued_start": 1585500206.646998, "device_queued": -1, "device_end": -1, "host_queued_end": 1585500206.651028}, "device": "cpu", "nd_range": {"device_start": 2167981.058548756, "device_end": 2167981.0737748933}, "cmdq": 2, "read": {"device_start": -1, "device_end": -1}}, "FFC_sans_bias15": {"write": {"device_start": -1, "host_queued_start": 1585500206.640904, "device_queued": -1, "device_end": -1, "host_queued_end": 1585500206.651028}, "device": "cpu", "nd_range": {"device_start": 2167981.010737189, "device_end": 2167981.025980148}, "cmdq": 2, "read": {"device_start": -1, "device_end": -1}}, "FFC_sans_bias31": {"write": {"device_start": -1, "host_queued_start": 1585500206.636516, "device_queued": -1, "device_end": -1, "host_queued_end": 1585500206.651028}, "device": "cpu", "nd_range": {"device_start": 2167980.995253528, "device_end": 2167981.011034572}, "cmdq": 3, "read": {"device_start": -1, "device_end": -1}}, "FFC_sans_bias16": {"write": {"device_start": -1, "host_queued_start": 1585500206.645017, "device_queued": -1, "device_end": -1, "host_queued_end": 1585500206.651028}, "device": "cpu", "nd_range": {"device_start": 2167981.071829449, "device_end": 2167981.081320416}, "cmdq": 0, "read": {"device_start": -1, "device_end": -1}}, "FFC_sans_bias19": {"write": {"device_start": -1, "host_queued_start": 1585500206.61564, "device_queued": -1, "device_end": -1, "host_queued_end": 1585500206.651028}, "device": "cpu", "nd_range": {"device_start": 2167980.856365887, "device_end": 2167980.871558249}, "cmdq": 0, "read": {"device_start": -1, "device_end": -1}}, "FFC_sans_bias18": {"write": {"device_start": -1, "host_queued_start": 1585500206.614593, "device_queued": -1, "device_end": -1, "host_queued_end": 1585500206.651028}, "device": "cpu", "nd_range": {"device_start": 2167980.873893163, "device_end": 2167980.889636788}, "cmdq": 4, "read": {"device_start": -1, "device_end": -1}}, "coalesced_transpose30": {"write": {"device_start": -1, "host_queued_start": 1585500206.633839, "device_queued": -1, "device_end": -1, "host_queued_end": 1585500206.651028}, "device": "cpu", "nd_range": {"device_start": 2167980.9746376784, "device_end": 2167980.9748869603}, "cmdq": 0, "read": {"device_start": -1, "device_end": -1}}, "FFC_sans_bias69": {"write": {"device_start": -1, "host_queued_start": 1585500206.642985, "device_queued": -1, "device_end": -1, "host_queued_end": 1585500206.651028}, "device": "cpu", "nd_range": {"device_start": 2167981.027464395, "device_end": 2167981.043020091}, "cmdq": 3, "read": {"device_start": -1, "device_end": -1}}, "FFC_sans_bias38": {"write": {"device_start": -1, "host_queued_start": 1585500206.62304, "device_queued": -1, "device_end": -1, "host_queued_end": 1585500206.651028}, "device": "cpu", "nd_range": {"device_start": 2167980.9328980492, "device_end": 2167980.948175428}, "cmdq": 2, "read": {"device_start": -1, "device_end": -1}}, "coalesced_transpose57": {"write": {"device_start": -1, "host_queued_start": 1585500206.634828, "device_queued": -1, "device_end": -1, "host_queued_end": 1585500206.651028}, "device": "cpu", "nd_range": {"device_start": 2167980.9742955943, "device_end": 2167980.97453508}, "cmdq": 3, "read": {"device_start": -1, "device_end": -1}}, "empty26": {"write": {"device_start": -1, "host_queued_start": 1585500206.602967, "device_queued": -1, "device_end": -1, "host_queued_end": 1585500206.651028}, "device": "cpu", "nd_range": {"device_start": 2167980.840721446, "device_end": 2167980.8407268752}, "cmdq": 2, "read": {"device_start": -1, "device_end": -1}}, "coalesced_transpose12": {"write": {"device_start": -1, "host_queued_start": 1585500206.633177, "device_queued": -1, "device_end": -1, "host_queued_end": 1585500206.651028}, "device": "cpu", "nd_range": {"device_start": 2167980.973938681, "device_end": 2167980.974186847}, "cmdq": 3, "read": {"device_start": -1, "device_end": -1}}, "empty44": {"write": {"device_start": -1, "host_queued_start": 1585500206.604637, "device_queued": -1, "device_end": -1, "host_queued_end": 1585500206.651028}, "device": "cpu", "nd_range": {"device_start": 2167980.85715292, "device_end": 2167980.857155587}, "cmdq": 4, "read": {"device_start": -1, "device_end": -1}}, "coalesced_transpose21": {"write": {"device_start": -1, "host_queued_start": 1585500206.633505, "device_queued": -1, "device_end": -1, "host_queued_end": 1585500206.651028}, "device": "cpu", "nd_range": {"device_start": 2167980.9636957413, "device_end": 2167980.963975918}, "cmdq": 4, "read": {"device_start": -1, "device_end": -1}}, "FFC_sans_bias36": {"write": {"device_start": -1, "host_queued_start": 1585500206.620895, "device_queued": -1, "device_end": -1, "host_queued_end": 1585500206.651028}, "device": "cpu", "nd_range": {"device_start": 2167980.871577038, "device_end": 2167980.886910389}, "cmdq": 0, "read": {"device_start": -1, "device_end": -1}}, "softmax14": {"write": {"device_start": -1, "host_queued_start": 1585500206.63853, "device_queued": -1, "device_end": -1, "host_queued_end": 1585500206.651028}, "device": "cpu", "nd_range": {"device_start": 2167981.010306356, "device_end": 2167981.010516697}, "cmdq": 4, "read": {"device_start": -1, "device_end": -1}}, "FFC_sans_bias13": {"write": {"device_start": -1, "host_queued_start": 1585500206.635831, "device_queued": -1, "device_end": -1, "host_queued_end": 1585500206.651028}, "device": "cpu", "nd_range": {"device_start": 2167980.9796362123, "device_end": 2167980.994923625}, "cmdq": 1, "read": {"device_start": -1, "device_end": -1}}, "empty8": {"write": {"device_start": -1, "host_queued_start": 1585500206.60106, "device_queued": -1, "device_end": -1, "host_queued_end": 1585500206.651028}, "device": "cpu", "nd_range": {"device_start": 2167980.8406824493, "device_end": 2167980.840694774}, "cmdq": 0, "read": {"device_start": -1, "device_end": -1}}, "FFC_sans_bias42": {"write": {"device_start": -1, "host_queued_start": 1585500206.641945, "device_queued": -1, "device_end": -1, "host_queued_end": 1585500206.651028}, "device": "cpu", "nd_range": {"device_start": 2167981.0082505653, "device_end": 2167981.024503313}, "cmdq": 0, "read": {"device_start": -1, "device_end": -1}}, "FFC_sans_bias43": {"write": {"device_start": -1, "host_queued_start": 1585500206.647985, "device_queued": -1, "device_end": -1, "host_queued_end": 1585500206.651028}, "device": "cpu", "nd_range": {"device_start": 2167981.0431312053, "device_end": 2167981.058544098}, "cmdq": 3, "read": {"device_start": -1, "device_end": -1}}, "FFC_sans_bias40": {"write": {"device_start": -1, "host_queued_start": 1585500206.636934, "device_queued": -1, "device_end": -1, "host_queued_end": 1585500206.651028}, "device": "cpu", "nd_range": {"device_start": 2167980.9642507453, "device_end": 2167980.979518643}, "cmdq": 4, "read": {"device_start": -1, "device_end": -1}}, "softmax32": {"write": {"device_start": -1, "host_queued_start": 1585500206.639095, "device_queued": -1, "device_end": -1, "host_queued_end": 1585500206.651028}, "device": "cpu", "nd_range": {"device_start": 2167981.024510864, "device_end": 2167981.024729939}, "cmdq": 1, "read": {"device_start": -1, "device_end": -1}}, "FFC_sans_bias47": {"write": {"device_start": -1, "host_queued_start": 1585500206.626183, "device_queued": -1, "device_end": -1, "host_queued_end": 1585500206.651028}, "device": "cpu", "nd_range": {"device_start": 2167980.886923761, "device_end": 2167980.9022285803}, "cmdq": 0, "read": {"device_start": -1, "device_end": -1}}, "FFC_sans_bias45": {"write": {"device_start": -1, "host_queued_start": 1585500206.624082, "device_queued": -1, "device_end": -1, "host_queued_end": 1585500206.651028}, "device": "cpu", "nd_range": {"device_start": 2167980.939813557, "device_end": 2167980.95578562}, "cmdq": 3, "read": {"device_start": -1, "device_end": -1}}, "softmax50": {"write": {"device_start": -1, "host_queued_start": 1585500206.639664, "device_queued": -1, "device_end": -1, "host_queued_end": 1585500206.651028}, "device": "cpu", "nd_range": {"device_start": 2167981.011459579, "device_end": 2167981.0116663342}, "cmdq": 3, "read": {"device_start": -1, "device_end": -1}}, "FFC_sans_bias33": {"write": {"device_start": -1, "host_queued_start": 1585500206.641604, "device_queued": -1, "device_end": -1, "host_queued_end": 1585500206.651028}, "device": "cpu", "nd_range": {"device_start": 2167981.0412626313, "device_end": 2167981.056482748}, "cmdq": 4, "read": {"device_start": -1, "device_end": -1}}, "FFC_sans_bias63": {"write": {"device_start": -1, "host_queued_start": 1585500206.632513, "device_queued": -1, "device_end": -1, "host_queued_end": 1585500206.651028}, "device": "cpu", "nd_range": {"device_start": 2167980.9021388013, "device_end": 2167980.91747274}, "cmdq": 1, "read": {"device_start": -1, "device_end": -1}}, "FFC_sans_bias49": {"write": {"device_start": -1, "host_queued_start": 1585500206.637279, "device_queued": -1, "device_end": -1, "host_queued_end": 1585500206.651028}, "device": "cpu", "nd_range": {"device_start": 2167980.9915510584, "device_end": 2167981.0077893133}, "cmdq": 0, "read": {"device_start": -1, "device_end": -1}}, "FFC_sans_bias64": {"write": {"device_start": -1, "host_queued_start": 1585500206.630381, "device_queued": -1, "device_end": -1, "host_queued_end": 1585500206.651028}, "device": "cpu", "nd_range": {"device_start": 2167980.948497082, "device_end": 2167980.963688426}, "cmdq": 4, "read": {"device_start": -1, "device_end": -1}}, "FFC_sans_bias65": {"write": {"device_start": -1, "host_queued_start": 1585500206.631444, "device_queued": -1, "device_end": -1, "host_queued_end": 1585500206.651028}, "device": "cpu", "nd_range": {"device_start": 2167980.902243326, "device_end": 2167980.917609104}, "cmdq": 0, "read": {"device_start": -1, "device_end": -1}}, "FFC_sans_bias67": {"write": {"device_start": -1, "host_queued_start": 1585500206.637965, "device_queued": -1, "device_end": -1, "host_queued_end": 1585500206.651028}, "device": "cpu", "nd_range": {"device_start": 2167980.9794284264, "device_end": 2167980.994799722}, "cmdq": 2, "read": {"device_start": -1, "device_end": -1}}, "FFC_sans_bias24": {"write": {"device_start": -1, "host_queued_start": 1585500206.641248, "device_queued": -1, "device_end": -1, "host_queued_end": 1585500206.651028}, "device": "cpu", "nd_range": {"device_start": 2167981.011770571, "device_end": 2167981.027360497}, "cmdq": 3, "read": {"device_start": -1, "device_end": -1}}, "FFC_sans_bias25": {"write": {"device_start": -1, "host_queued_start": 1585500206.646003, "device_queued": -1, "device_end": -1, "host_queued_end": 1585500206.651028}, "device": "cpu", "nd_range": {"device_start": 2167981.057402078, "device_end": 2167981.073786717}, "cmdq": 1, "read": {"device_start": -1, "device_end": -1}}, "FFC_sans_bias27": {"write": {"device_start": -1, "host_queued_start": 1585500206.617731, "device_queued": -1, "device_end": -1, "host_queued_end": 1585500206.651028}, "device": "cpu", "nd_range": {"device_start": 2167980.917751647, "device_end": 2167980.9328917093}, "cmdq": 2, "read": {"device_start": -1, "device_end": -1}}, "FFC_sans_bias20": {"write": {"device_start": -1, "host_queued_start": 1585500206.616685, "device_queued": -1, "device_end": -1, "host_queued_end": 1585500206.651028}, "device": "cpu", "nd_range": {"device_start": 2167980.856231145, "device_end": 2167980.871510892}, "cmdq": 1, "read": {"device_start": -1, "device_end": -1}}, "FFC_sans_bias22": {"write": {"device_start": -1, "host_queued_start": 1585500206.636172, "device_queued": -1, "device_end": -1, "host_queued_end": 1585500206.651028}, "device": "cpu", "nd_range": {"device_start": 2167980.964100047, "device_end": 2167980.9793093693}, "cmdq": 2, "read": {"device_start": -1, "device_end": -1}}, "softmax68": {"write": {"device_start": -1, "host_queued_start": 1585500206.640204, "device_queued": -1, "device_end": -1, "host_queued_end": 1585500206.651028}, "device": "cpu", "nd_range": {"device_start": 2167981.008027202, "device_end": 2167981.008242742}, "cmdq": 0, "read": {"device_start": -1, "device_end": -1}}, "softmax5": {"write": {"device_start": -1, "host_queued_start": 1585500206.63824, "device_queued": -1, "device_end": -1, "host_queued_end": 1585500206.651028}, "device": "cpu", "nd_range": {"device_start": 2167981.011139823, "device_end": 2167981.0113492003}, "cmdq": 3, "read": {"device_start": -1, "device_end": -1}}, "FFC_sans_bias28": {"write": {"device_start": -1, "host_queued_start": 1585500206.618804, "device_queued": -1, "device_end": -1, "host_queued_end": 1585500206.651028}, "device": "cpu", "nd_range": {"device_start": 2167980.92390991, "device_end": 2167980.93970038}, "cmdq": 3, "read": {"device_start": -1, "device_end": -1}}, "FFC_sans_bias29": {"write": {"device_start": -1, "host_queued_start": 1585500206.619853, "device_queued": -1, "device_end": -1, "host_queued_end": 1585500206.651028}, "device": "cpu", "nd_range": {"device_start": 2167980.9177275803, "device_end": 2167980.932971915}, "cmdq": 4, "read": {"device_start": -1, "device_end": -1}}, "empty17": {"write": {"device_start": -1, "host_queued_start": 1585500206.602084, "device_queued": -1, "device_end": -1, "host_queued_end": 1585500206.651028}, "device": "cpu", "nd_range": {"device_start": 2167980.840682515, "device_end": 2167980.840694812}, "cmdq": 1, "read": {"device_start": -1, "device_end": -1}}, "softmax59": {"write": {"device_start": -1, "host_queued_start": 1585500206.639935, "device_queued": -1, "device_end": -1, "host_queued_end": 1585500206.651028}, "device": "cpu", "nd_range": {"device_start": 2167981.010525567, "device_end": 2167981.0107313343}, "cmdq": 4, "read": {"device_start": -1, "device_end": -1}}, "empty71": {"write": {"device_start": -1, "host_queued_start": 1585500206.607112, "device_queued": -1, "device_end": -1, "host_queued_end": 1585500206.651028}, "device": "cpu", "nd_range": {"device_start": 2167980.840747558, "device_end": 2167980.840748406}, "cmdq": 2, "read": {"device_start": -1, "device_end": -1}}, "empty35": {"write": {"device_start": -1, "host_queued_start": 1585500206.603807, "device_queued": -1, "device_end": -1, "host_queued_end": 1585500206.651028}, "device": "cpu", "nd_range": {"device_start": 2167980.8897505533, "device_end": 2167980.889753533}, "cmdq": 3, "read": {"device_start": -1, "device_end": -1}}, "empty53": {"write": {"device_start": -1, "host_queued_start": 1585500206.60548, "device_queued": -1, "device_end": -1, "host_queued_end": 1585500206.651028}, "device": "cpu", "nd_range": {"device_start": 2167980.8407156533, "device_end": 2167980.8407166013}, "cmdq": 0, "read": {"device_start": -1, "device_end": -1}}, "FFC_sans_bias46": {"write": {"device_start": -1, "host_queued_start": 1585500206.625121, "device_queued": -1, "device_end": -1, "host_queued_end": 1585500206.651028}, "device": "cpu", "nd_range": {"device_start": 2167980.933127085, "device_end": 2167980.94838238}, "cmdq": 4, "read": {"device_start": -1, "device_end": -1}}, "coalesced_transpose66": {"write": {"device_start": -1, "host_queued_start": 1585500206.635156, "device_queued": -1, "device_end": -1, "host_queued_end": 1585500206.651028}, "device": "cpu", "nd_range": {"device_start": 2167980.9639829732, "device_end": 2167980.964244322}, "cmdq": 4, "read": {"device_start": -1, "device_end": -1}}, "coalesced_transpose48": {"write": {"device_start": -1, "host_queued_start": 1585500206.634497, "device_queued": -1, "device_end": -1, "host_queued_end": 1585500206.651028}, "device": "cpu", "nd_range": {"device_start": 2167980.9638364813, "device_end": 2167980.9640936223}, "cmdq": 2, "read": {"device_start": -1, "device_end": -1}}}