{"FFC_sans_bias60": {"write": {"device_start": -1, "host_queued_start": 1585405409.297702, "device_queued": -1, "device_end": -1, "host_queued_end": 1585405409.31775}, "device": "gpu", "nd_range": {"device_start": 1585405349.2343965, "device_end": 1585405349.2441103}, "cmdq": 1, "read": {"device_start": -1, "device_end": -1}}, "FFC_sans_bias4": {"write": {"device_start": -1, "host_queued_start": 1585405409.346748, "device_queued": -1, "device_end": -1, "host_queued_end": 1585405409.355249}, "device": "cpu", "nd_range": {"device_start": 2073183.8156735972, "device_end": 2073183.912729375}, "cmdq": 0, "read": {"device_start": -1, "device_end": -1}}, "FFC_sans_bias7": {"write": {"device_start": -1, "host_queued_start": 1585405409.351853, "device_queued": -1, "device_end": -1, "host_queued_end": 1585405409.355249}, "device": "cpu", "nd_range": {"device_start": 2073183.9896994901, "device_end": 2073184.045495819}, "cmdq": 0, "read": {"device_start": -1, "device_end": -1}}, "FFC_sans_bias6": {"write": {"device_start": -1, "host_queued_start": 1585405409.348146, "device_queued": -1, "device_end": -1, "host_queued_end": 1585405409.355249}, "device": "cpu", "nd_range": {"device_start": 2073183.916953504, "device_end": 2073183.9894799152}, "cmdq": 0, "read": {"device_start": -1, "device_end": -1}}, "FFC_sans_bias1": {"write": {"device_start": -1, "host_queued_start": 1585405409.331967, "device_queued": -1, "device_end": -1, "host_queued_end": 1585405409.355249}, "device": "cpu", "nd_range": {"device_start": 2073183.5449124712, "device_end": 2073183.6064730452}, "cmdq": 1, "read": {"device_start": -1, "device_end": -1}}, "FFC_sans_bias0": {"write": {"device_start": -1, "host_queued_start": 1585405409.32827, "device_queued": -1, "device_end": -1, "host_queued_end": 1585405409.355249}, "device": "cpu", "nd_range": {"device_start": 2073183.544918992, "device_end": 2073183.664979764}, "cmdq": 0, "read": {"device_start": -1, "device_end": -1}}, "FFC_sans_bias2": {"write": {"device_start": -1, "host_queued_start": 1585405409.3354, "device_queued": -1, "device_end": -1, "host_queued_end": 1585405409.355249}, "device": "cpu", "nd_range": {"device_start": 2073183.669193038, "device_end": 2073183.753160227}, "cmdq": 0, "read": {"device_start": -1, "device_end": -1}}, "FFC_sans_bias61": {"write": {"device_start": 1585405349.254328, "host_queued_start": 1585405409.314368, "device_queued": 1585405349.1538055, "device_end": 1585405349.2544224, "host_queued_end": 1585405409.31775}, "device": "gpu", "nd_range": {"device_start": 1585405349.2544255, "device_end": 1585405349.2635403}, "cmdq": 1, "read": {"device_start": 1585405349.2635427, "device_end": 1585405349.263629}}, "FFC_sans_bias52": {"write": {"device_start": 1585405349.247876, "host_queued_start": 1585405409.311069, "device_queued": 1585405349.1535556, "device_end": 1585405349.2479715, "host_queued_end": 1585405409.31775}, "device": "gpu", "nd_range": {"device_start": 1585405349.247975, "device_end": 1585405349.2570734}, "cmdq": 0, "read": {"device_start": 1585405349.257076, "device_end": 1585405349.2571685}}, "FFC_sans_bias9": {"write": {"device_start": -1, "host_queued_start": 1585405409.338847, "device_queued": -1, "device_end": -1, "host_queued_end": 1585405409.355249}, "device": "cpu", "nd_range": {"device_start": 2073183.6067509842, "device_end": 2073183.677991254}, "cmdq": 1, "read": {"device_start": -1, "device_end": -1}}, "coalesced_transpose39": {"write": {"device_start": -1, "host_queued_start": 1585405409.291809, "device_queued": -1, "device_end": -1, "host_queued_end": 1585405409.31775}, "device": "gpu", "nd_range": {"device_start": 1585405349.2039902, "device_end": 1585405349.2103271}, "cmdq": 2, "read": {"device_start": -1, "device_end": -1}}, "FFC_sans_bias55": {"write": {"device_start": 1585405349.1847496, "host_queued_start": 1585405409.281022, "device_queued": 1585405349.1485033, "device_end": 1585405349.184846, "host_queued_end": 1585405409.31775}, "device": "gpu", "nd_range": {"device_start": 1585405349.184853, "device_end": 1585405349.1942172}, "cmdq": 2, "read": {"device_start": -1, "device_end": -1}}, "FFC_sans_bias54": {"write": {"device_start": 1585405349.1816037, "host_queued_start": 1585405409.277744, "device_queued": 1585405349.1483793, "device_end": 1585405349.1817138, "host_queued_end": 1585405409.31775}, "device": "gpu", "nd_range": {"device_start": 1585405349.1817222, "device_end": 1585405349.1909583}, "cmdq": 1, "read": {"device_start": -1, "device_end": -1}}, "FFC_sans_bias56": {"write": {"device_start": 1585405349.1782928, "host_queued_start": 1585405409.274451, "device_queued": 1585405349.1481464, "device_end": 1585405349.1783948, "host_queued_end": 1585405409.31775}, "device": "gpu", "nd_range": {"device_start": 1585405349.1783998, "device_end": 1585405349.187712}, "cmdq": 0, "read": {"device_start": -1, "device_end": -1}}, "FFC_sans_bias51": {"write": {"device_start": -1, "host_queued_start": 1585405409.297384, "device_queued": -1, "device_end": -1, "host_queued_end": 1585405409.31775}, "device": "gpu", "nd_range": {"device_start": 1585405349.2310908, "device_end": 1585405349.2408018}, "cmdq": 0, "read": {"device_start": -1, "device_end": -1}}, "softmax23": {"write": {"device_start": -1, "host_queued_start": 1585405409.294899, "device_queued": -1, "device_end": -1, "host_queued_end": 1585405409.31775}, "device": "gpu", "nd_range": {"device_start": 1585405349.2138317, "device_end": 1585405349.221892}, "cmdq": 0, "read": {"device_start": -1, "device_end": -1}}, "FFC_sans_bias37": {"write": {"device_start": 1585405349.161951, "host_queued_start": 1585405409.25808, "device_queued": 1585405349.1469643, "device_end": 1585405349.162053, "host_queued_end": 1585405409.31775}, "device": "gpu", "nd_range": {"device_start": 1585405349.1620574, "device_end": 1585405349.1713934}, "cmdq": 1, "read": {"device_start": -1, "device_end": -1}}, "empty62": {"write": {"device_start": 1585405349.1444538, "host_queued_start": 1585405409.229276, "device_queued": 1585405349.1441312, "device_end": 1585405349.144743, "host_queued_end": 1585405409.31775}, "device": "gpu", "nd_range": {"device_start": 1585405349.1447468, "device_end": 1585405349.144752}, "cmdq": 1, "read": {"device_start": -1, "device_end": -1}}, "FFC_sans_bias70": {"write": {"device_start": 1585405349.251083, "host_queued_start": 1585405409.317634, "device_queued": 1585405349.1539392, "device_end": 1585405349.2511797, "host_queued_end": 1585405409.31775}, "device": "gpu", "nd_range": {"device_start": 1585405349.2511833, "device_end": 1585405349.2603383}, "cmdq": 2, "read": {"device_start": 1585405349.2603495, "device_end": 1585405349.2604413}}, "FFC_sans_bias58": {"write": {"device_start": -1, "host_queued_start": 1585405409.294329, "device_queued": -1, "device_end": -1, "host_queued_end": 1585405409.31775}, "device": "gpu", "nd_range": {"device_start": 1585405349.2105405, "device_end": 1585405349.2170362}, "cmdq": 1, "read": {"device_start": -1, "device_end": -1}}, "softmax41": {"write": {"device_start": -1, "host_queued_start": 1585405409.295396, "device_queued": -1, "device_end": -1, "host_queued_end": 1585405409.31775}, "device": "gpu", "nd_range": {"device_start": 1585405349.2235737, "device_end": 1585405349.2239857}, "cmdq": 2, "read": {"device_start": -1, "device_end": -1}}, "FFC_sans_bias11": {"write": {"device_start": -1, "host_queued_start": 1585405409.345697, "device_queued": -1, "device_end": -1, "host_queued_end": 1585405409.355249}, "device": "cpu", "nd_range": {"device_start": 2073183.6780065321, "device_end": 2073183.761223572}, "cmdq": 1, "read": {"device_start": -1, "device_end": -1}}, "FFC_sans_bias10": {"write": {"device_start": -1, "host_queued_start": 1585405409.342253, "device_queued": -1, "device_end": -1, "host_queued_end": 1585405409.355249}, "device": "cpu", "nd_range": {"device_start": 2073183.753177405, "device_end": 2073183.7949951931}, "cmdq": 0, "read": {"device_start": -1, "device_end": -1}}, "coalesced_transpose3": {"write": {"device_start": -1, "host_queued_start": 1585405409.346054, "device_queued": -1, "device_end": -1, "host_queued_end": 1585405409.355249}, "device": "cpu", "nd_range": {"device_start": 2073183.795025024, "device_end": 2073183.815658448}, "cmdq": 0, "read": {"device_start": -1, "device_end": -1}}, "FFC_sans_bias34": {"write": {"device_start": 1585405349.244372, "host_queued_start": 1585405409.304526, "device_queued": 1585405349.1529868, "device_end": 1585405349.2444742, "host_queued_end": 1585405409.31775}, "device": "gpu", "nd_range": {"device_start": 1585405349.2444797, "device_end": 1585405349.2537894}, "cmdq": 1, "read": {"device_start": 1585405349.253792, "device_end": 1585405349.2538824}}, "FFC_sans_bias15": {"write": {"device_start": -1, "host_queued_start": 1585405409.348487, "device_queued": -1, "device_end": -1, "host_queued_end": 1585405409.355249}, "device": "cpu", "nd_range": {"device_start": 2073183.8495852232, "device_end": 2073183.9297392822}, "cmdq": 1, "read": {"device_start": -1, "device_end": -1}}, "FFC_sans_bias31": {"write": {"device_start": -1, "host_queued_start": 1585405409.293371, "device_queued": -1, "device_end": -1, "host_queued_end": 1585405409.31775}, "device": "gpu", "nd_range": {"device_start": 1585405349.203862, "device_end": 1585405349.2105393}, "cmdq": 1, "read": {"device_start": -1, "device_end": -1}}, "FFC_sans_bias16": {"write": {"device_start": -1, "host_queued_start": 1585405409.355193, "device_queued": -1, "device_end": -1, "host_queued_end": 1585405409.355249}, "device": "cpu", "nd_range": {"device_start": 2073183.9299268732, "device_end": 2073184.0251471011}, "cmdq": 1, "read": {"device_start": -1, "device_end": -1}}, "FFC_sans_bias19": {"write": {"device_start": 1585405349.1454587, "host_queued_start": 1585405409.238035, "device_queued": 1585405349.1452098, "device_end": 1585405349.1457229, "host_queued_end": 1585405409.31775}, "device": "gpu", "nd_range": {"device_start": 1585405349.145752, "device_end": 1585405349.1518528}, "cmdq": 1, "read": {"device_start": -1, "device_end": -1}}, "FFC_sans_bias18": {"write": {"device_start": 1585405349.1450741, "host_queued_start": 1585405409.234734, "device_queued": 1585405349.1447606, "device_end": 1585405349.1451695, "host_queued_end": 1585405409.31775}, "device": "gpu", "nd_range": {"device_start": 1585405349.1451743, "device_end": 1585405349.1485302}, "cmdq": 0, "read": {"device_start": -1, "device_end": -1}}, "coalesced_transpose30": {"write": {"device_start": -1, "host_queued_start": 1585405409.29149, "device_queued": -1, "device_end": -1, "host_queued_end": 1585405409.31775}, "device": "gpu", "nd_range": {"device_start": 1585405349.2007425, "device_end": 1585405349.2038248}, "cmdq": 1, "read": {"device_start": -1, "device_end": -1}}, "FFC_sans_bias69": {"write": {"device_start": -1, "host_queued_start": 1585405409.29802, "device_queued": -1, "device_end": -1, "host_queued_end": 1585405409.31775}, "device": "gpu", "nd_range": {"device_start": 1585405349.2277708, "device_end": 1585405349.23753}, "cmdq": 2, "read": {"device_start": -1, "device_end": -1}}, "FFC_sans_bias38": {"write": {"device_start": 1585405349.165239, "host_queued_start": 1585405409.261353, "device_queued": 1585405349.1471188, "device_end": 1585405349.1653392, "host_queued_end": 1585405409.31775}, "device": "gpu", "nd_range": {"device_start": 1585405349.165344, "device_end": 1585405349.1746657}, "cmdq": 2, "read": {"device_start": -1, "device_end": -1}}, "coalesced_transpose57": {"write": {"device_start": -1, "host_queued_start": 1585405409.292434, "device_queued": -1, "device_end": -1, "host_queued_end": 1585405409.31775}, "device": "gpu", "nd_range": {"device_start": 1585405349.2038343, "device_end": 1585405349.20386}, "cmdq": 1, "read": {"device_start": -1, "device_end": -1}}, "empty26": {"write": {"device_start": 1585405349.1431186, "host_queued_start": 1585405409.217945, "device_queued": 1585405349.1427453, "device_end": 1585405349.1432948, "host_queued_end": 1585405409.31775}, "device": "gpu", "nd_range": {"device_start": 1585405349.1433039, "device_end": 1585405349.1433084}, "cmdq": 0, "read": {"device_start": -1, "device_end": -1}}, "coalesced_transpose12": {"write": {"device_start": -1, "host_queued_start": 1585405409.34639, "device_queued": -1, "device_end": -1, "host_queued_end": 1585405409.355249}, "device": "cpu", "nd_range": {"device_start": 2073183.7950257692, "device_end": 2073183.7955540312}, "cmdq": 1, "read": {"device_start": -1, "device_end": -1}}, "empty44": {"write": {"device_start": 1585405349.1438107, "host_queued_start": 1585405409.224038, "device_queued": 1585405349.143348, "device_end": 1585405349.1441073, "host_queued_end": 1585405409.31775}, "device": "gpu", "nd_range": {"device_start": 1585405349.144111, "device_end": 1585405349.1441166}, "cmdq": 2, "read": {"device_start": -1, "device_end": -1}}, "coalesced_transpose21": {"write": {"device_start": -1, "host_queued_start": 1585405409.291171, "device_queued": -1, "device_end": -1, "host_queued_end": 1585405409.31775}, "device": "gpu", "nd_range": {"device_start": 1585405349.197482, "device_end": 1585405349.2037845}, "cmdq": 0, "read": {"device_start": -1, "device_end": -1}}, "FFC_sans_bias36": {"write": {"device_start": 1585405349.1586788, "host_queued_start": 1585405409.254834, "device_queued": 1585405349.1467307, "device_end": 1585405349.1587799, "host_queued_end": 1585405409.31775}, "device": "gpu", "nd_range": {"device_start": 1585405349.1587868, "device_end": 1585405349.168135}, "cmdq": 0, "read": {"device_start": -1, "device_end": -1}}, "softmax14": {"write": {"device_start": -1, "host_queued_start": 1585405409.347805, "device_queued": -1, "device_end": -1, "host_queued_end": 1585405409.355249}, "device": "cpu", "nd_range": {"device_start": 2073183.848609118, "device_end": 2073183.8495756541}, "cmdq": 1, "read": {"device_start": -1, "device_end": -1}}, "FFC_sans_bias13": {"write": {"device_start": -1, "host_queued_start": 1585405409.347114, "device_queued": -1, "device_end": -1, "host_queued_end": 1585405409.355249}, "device": "cpu", "nd_range": {"device_start": 2073183.795565912, "device_end": 2073183.84859474}, "cmdq": 1, "read": {"device_start": -1, "device_end": -1}}, "empty8": {"write": {"device_start": -1, "host_queued_start": 1585405409.322093, "device_queued": -1, "device_end": -1, "host_queued_end": 1585405409.355249}, "device": "cpu", "nd_range": {"device_start": 2073183.544842754, "device_end": 2073183.5448535162}, "cmdq": 0, "read": {"device_start": -1, "device_end": -1}}, "FFC_sans_bias42": {"write": {"device_start": -1, "host_queued_start": 1585405409.297073, "device_queued": -1, "device_end": -1, "host_queued_end": 1585405409.31775}, "device": "gpu", "nd_range": {"device_start": 1585405349.2244024, "device_end": 1585405349.2277696}, "cmdq": 2, "read": {"device_start": -1, "device_end": -1}}, "FFC_sans_bias43": {"write": {"device_start": 1585405349.2413816, "host_queued_start": 1585405409.307766, "device_queued": 1585405349.15312, "device_end": 1585405349.2414773, "host_queued_end": 1585405409.31775}, "device": "gpu", "nd_range": {"device_start": 1585405349.241482, "device_end": 1585405349.2505488}, "cmdq": 2, "read": {"device_start": 1585405349.2505538, "device_end": 1585405349.250648}}, "FFC_sans_bias40": {"write": {"device_start": -1, "host_queued_start": 1585405409.293684, "device_queued": -1, "device_end": -1, "host_queued_end": 1585405409.31775}, "device": "gpu", "nd_range": {"device_start": 1585405349.2136152, "device_end": 1585405349.2202384}, "cmdq": 2, "read": {"device_start": -1, "device_end": -1}}, "softmax32": {"write": {"device_start": -1, "host_queued_start": 1585405409.295149, "device_queued": -1, "device_end": -1, "host_queued_end": 1585405409.31775}, "device": "gpu", "nd_range": {"device_start": 1585405349.2170372, "device_end": 1585405349.2218583}, "cmdq": 1, "read": {"device_start": -1, "device_end": -1}}, "FFC_sans_bias47": {"write": {"device_start": 1585405349.1750362, "host_queued_start": 1585405409.271152, "device_queued": 1585405349.1478107, "device_end": 1585405349.1751387, "host_queued_end": 1585405409.31775}, "device": "gpu", "nd_range": {"device_start": 1585405349.175145, "device_end": 1585405349.1844487}, "cmdq": 2, "read": {"device_start": -1, "device_end": -1}}, "FFC_sans_bias45": {"write": {"device_start": 1585405349.1685002, "host_queued_start": 1585405409.264646, "device_queued": 1585405349.1474514, "device_end": 1585405349.168603, "host_queued_end": 1585405409.31775}, "device": "gpu", "nd_range": {"device_start": 1585405349.1686091, "device_end": 1585405349.1779385}, "cmdq": 0, "read": {"device_start": -1, "device_end": -1}}, "softmax50": {"write": {"device_start": -1, "host_queued_start": 1585405409.29564, "device_queued": -1, "device_end": -1, "host_queued_end": 1585405409.31775}, "device": "gpu", "nd_range": {"device_start": 1585405349.2218933, "device_end": 1585405349.2250102}, "cmdq": 0, "read": {"device_start": -1, "device_end": -1}}, "FFC_sans_bias33": {"write": {"device_start": -1, "host_queued_start": 1585405409.296763, "device_queued": -1, "device_end": -1, "host_queued_end": 1585405409.31775}, "device": "gpu", "nd_range": {"device_start": 1585405349.225021, "device_end": 1585405349.2343953}, "cmdq": 1, "read": {"device_start": -1, "device_end": -1}}, "FFC_sans_bias63": {"write": {"device_start": 1585405349.1944792, "host_queued_start": 1585405409.290835, "device_queued": 1585405349.1494353, "device_end": 1585405349.1945755, "host_queued_end": 1585405409.31775}, "device": "gpu", "nd_range": {"device_start": 1585405349.1945794, "device_end": 1585405349.2039835}, "cmdq": 2, "read": {"device_start": -1, "device_end": -1}}, "FFC_sans_bias49": {"write": {"device_start": -1, "host_queued_start": 1585405409.294003, "device_queued": -1, "device_end": -1, "host_queued_end": 1585405409.31775}, "device": "gpu", "nd_range": {"device_start": 1585405349.207228, "device_end": 1585405349.2138307}, "cmdq": 0, "read": {"device_start": -1, "device_end": -1}}, "FFC_sans_bias64": {"write": {"device_start": 1585405349.1880019, "host_queued_start": 1585405409.28428, "device_queued": 1585405349.149072, "device_end": 1585405349.1880965, "host_queued_end": 1585405409.31775}, "device": "gpu", "nd_range": {"device_start": 1585405349.1881003, "device_end": 1585405349.1974797}, "cmdq": 0, "read": {"device_start": -1, "device_end": -1}}, "FFC_sans_bias65": {"write": {"device_start": 1585405349.191254, "host_queued_start": 1585405409.287549, "device_queued": 1585405349.1493096, "device_end": 1585405349.191353, "host_queued_end": 1585405409.31775}, "device": "gpu", "nd_range": {"device_start": 1585405349.1913562, "device_end": 1585405349.200741}, "cmdq": 1, "read": {"device_start": -1, "device_end": -1}}, "FFC_sans_bias67": {"write": {"device_start": -1, "host_queued_start": 1585405409.294651, "device_queued": -1, "device_end": -1, "host_queued_end": 1585405409.31775}, "device": "gpu", "nd_range": {"device_start": 1585405349.2202399, "device_end": 1585405349.223572}, "cmdq": 2, "read": {"device_start": -1, "device_end": -1}}, "FFC_sans_bias24": {"write": {"device_start": -1, "host_queued_start": 1585405409.296448, "device_queued": -1, "device_end": -1, "host_queued_end": 1585405409.31775}, "device": "gpu", "nd_range": {"device_start": 1585405349.2250113, "device_end": 1585405349.2310898}, "cmdq": 0, "read": {"device_start": -1, "device_end": -1}}, "FFC_sans_bias25": {"write": {"device_start": 1585405349.2410495, "host_queued_start": 1585405409.301234, "device_queued": 1585405349.1527123, "device_end": 1585405349.2411435, "host_queued_end": 1585405409.31775}, "device": "gpu", "nd_range": {"device_start": 1585405349.2411482, "device_end": 1585405349.247331}, "cmdq": 0, "read": {"device_start": 1585405349.247333, "device_end": 1585405349.2474284}}, "FFC_sans_bias27": {"write": {"device_start": 1585405349.148796, "host_queued_start": 1585405409.244751, "device_queued": 1585405349.1460075, "device_end": 1585405349.1488957, "host_queued_end": 1585405409.31775}, "device": "gpu", "nd_range": {"device_start": 1585405349.1488988, "device_end": 1585405349.1583264}, "cmdq": 0, "read": {"device_start": -1, "device_end": -1}}, "FFC_sans_bias20": {"write": {"device_start": 1585405349.145769, "host_queued_start": 1585405409.241373, "device_queued": 1585405349.145341, "device_end": 1585405349.1458902, "host_queued_end": 1585405409.31775}, "device": "gpu", "nd_range": {"device_start": 1585405349.1459098, "device_end": 1585405349.1551533}, "cmdq": 2, "read": {"device_start": -1, "device_end": -1}}, "FFC_sans_bias22": {"write": {"device_start": -1, "host_queued_start": 1585405409.293057, "device_queued": -1, "device_end": -1, "host_queued_end": 1585405409.31775}, "device": "gpu", "nd_range": {"device_start": 1585405349.2038422, "device_end": 1585405349.207227}, "cmdq": 0, "read": {"device_start": -1, "device_end": -1}}, "softmax68": {"write": {"device_start": -1, "host_queued_start": 1585405409.296137, "device_queued": -1, "device_end": -1, "host_queued_end": 1585405409.31775}, "device": "gpu", "nd_range": {"device_start": 1585405349.2239869, "device_end": 1585405349.2244015}, "cmdq": 2, "read": {"device_start": -1, "device_end": -1}}, "softmax5": {"write": {"device_start": -1, "host_queued_start": 1585405409.34752, "device_queued": -1, "device_end": -1, "host_queued_end": 1585405409.355249}, "device": "cpu", "nd_range": {"device_start": 2073183.9127482912, "device_end": 2073183.91678638}, "cmdq": 0, "read": {"device_start": -1, "device_end": -1}}, "FFC_sans_bias28": {"write": {"device_start": 1585405349.1522179, "host_queued_start": 1585405409.24823, "device_queued": 1585405349.146247, "device_end": 1585405349.152327, "host_queued_end": 1585405409.31775}, "device": "gpu", "nd_range": {"device_start": 1585405349.1523316, "device_end": 1585405349.1615903}, "cmdq": 1, "read": {"device_start": -1, "device_end": -1}}, "FFC_sans_bias29": {"write": {"device_start": 1585405349.155498, "host_queued_start": 1585405409.251524, "device_queued": 1585405349.1463702, "device_end": 1585405349.155599, "host_queued_end": 1585405409.31775}, "device": "gpu", "nd_range": {"device_start": 1585405349.1556041, "device_end": 1585405349.1648786}, "cmdq": 2, "read": {"device_start": -1, "device_end": -1}}, "empty17": {"write": {"device_start": -1, "host_queued_start": 1585405409.325107, "device_queued": -1, "device_end": -1, "host_queued_end": 1585405409.355249}, "device": "cpu", "nd_range": {"device_start": 2073183.5448411321, "device_end": 2073183.5448536852}, "cmdq": 1, "read": {"device_start": -1, "device_end": -1}}, "softmax59": {"write": {"device_start": -1, "host_queued_start": 1585405409.295885, "device_queued": -1, "device_end": -1, "host_queued_end": 1585405409.31775}, "device": "gpu", "nd_range": {"device_start": 1585405349.2218592, "device_end": 1585405349.2250197}, "cmdq": 1, "read": {"device_start": -1, "device_end": -1}}, "empty71": {"write": {"device_start": 1585405349.14477, "host_queued_start": 1585405409.231911, "device_queued": 1585405349.1444318, "device_end": 1585405349.1450434, "host_queued_end": 1585405409.31775}, "device": "gpu", "nd_range": {"device_start": 1585405349.1450548, "device_end": 1585405349.1450584}, "cmdq": 2, "read": {"device_start": -1, "device_end": -1}}, "empty35": {"write": {"device_start": 1585405349.1434803, "host_queued_start": 1585405409.221364, "device_queued": 1585405349.143112, "device_end": 1585405349.143777, "host_queued_end": 1585405409.31775}, "device": "gpu", "nd_range": {"device_start": 1585405349.1437898, "device_end": 1585405349.143794}, "cmdq": 1, "read": {"device_start": -1, "device_end": -1}}, "empty53": {"write": {"device_start": 1585405349.1441386, "host_queued_start": 1585405409.226701, "device_queued": 1585405349.1437986, "device_end": 1585405349.1444137, "host_queued_end": 1585405409.31775}, "device": "gpu", "nd_range": {"device_start": 1585405349.144424, "device_end": 1585405349.1444275}, "cmdq": 0, "read": {"device_start": -1, "device_end": -1}}, "FFC_sans_bias46": {"write": {"device_start": 1585405349.1717722, "host_queued_start": 1585405409.267904, "device_queued": 1585405349.1476855, "device_end": 1585405349.1718743, "host_queued_end": 1585405409.31775}, "device": "gpu", "nd_range": {"device_start": 1585405349.171881, "device_end": 1585405349.181222}, "cmdq": 1, "read": {"device_start": -1, "device_end": -1}}, "coalesced_transpose66": {"write": {"device_start": -1, "host_queued_start": 1585405409.292737, "device_queued": -1, "device_end": -1, "host_queued_end": 1585405409.31775}, "device": "gpu", "nd_range": {"device_start": 1585405349.2103374, "device_end": 1585405349.2136142}, "cmdq": 2, "read": {"device_start": -1, "device_end": -1}}, "coalesced_transpose48": {"write": {"device_start": -1, "host_queued_start": 1585405409.292121, "device_queued": -1, "device_end": -1, "host_queued_end": 1585405409.31775}, "device": "gpu", "nd_range": {"device_start": 1585405349.2037916, "device_end": 1585405349.2038412}, "cmdq": 0, "read": {"device_start": -1, "device_end": -1}}}