{"FFC_sans_bias60": {"write": {"device_start": -1, "host_queued_start": 1585405603.233725, "device_queued": -1, "device_end": -1, "host_queued_end": 1585405603.250493}, "device": "gpu", "nd_range": {"device_start": 1585405543.1411555, "device_end": 1585405543.1535485}, "cmdq": 2, "read": {"device_start": -1, "device_end": -1}}, "FFC_sans_bias4": {"write": {"device_start": -1, "host_queued_start": 1585405603.293797, "device_queued": -1, "device_end": -1, "host_queued_end": 1585405603.306166}, "device": "cpu", "nd_range": {"device_start": 2073377.816751942, "device_end": 2073377.888215742}, "cmdq": 1, "read": {"device_start": -1, "device_end": -1}}, "FFC_sans_bias7": {"write": {"device_start": -1, "host_queued_start": 1585405603.29969, "device_queued": -1, "device_end": -1, "host_queued_end": 1585405603.306166}, "device": "cpu", "nd_range": {"device_start": 2073378.0426463252, "device_end": 2073378.1111622872}, "cmdq": 0, "read": {"device_start": -1, "device_end": -1}}, "FFC_sans_bias6": {"write": {"device_start": -1, "host_queued_start": 1585405603.295746, "device_queued": -1, "device_end": -1, "host_queued_end": 1585405603.306166}, "device": "cpu", "nd_range": {"device_start": 2073377.944334947, "device_end": 2073378.009159703}, "cmdq": 1, "read": {"device_start": -1, "device_end": -1}}, "FFC_sans_bias1": {"write": {"device_start": -1, "host_queued_start": 1585405603.267684, "device_queued": -1, "device_end": -1, "host_queued_end": 1585405603.306166}, "device": "cpu", "nd_range": {"device_start": 2073377.495830381, "device_end": 2073377.5952937782}, "cmdq": 0, "read": {"device_start": -1, "device_end": -1}}, "FFC_sans_bias0": {"write": {"device_start": -1, "host_queued_start": 1585405603.263806, "device_queued": -1, "device_end": -1, "host_queued_end": 1585405603.306166}, "device": "cpu", "nd_range": {"device_start": 2073377.49582197, "device_end": 2073377.543127888}, "cmdq": 1, "read": {"device_start": -1, "device_end": -1}}, "FFC_sans_bias2": {"write": {"device_start": -1, "host_queued_start": 1585405603.271331, "device_queued": -1, "device_end": -1, "host_queued_end": 1585405603.306166}, "device": "cpu", "nd_range": {"device_start": 2073377.5433369442, "device_end": 2073377.6009743132}, "cmdq": 1, "read": {"device_start": -1, "device_end": -1}}, "FFC_sans_bias61": {"write": {"device_start": 1585405543.1570792, "host_queued_start": 1585405603.24712, "device_queued": 1585405543.0792267, "device_end": 1585405543.1571743, "host_queued_end": 1585405603.250493}, "device": "gpu", "nd_range": {"device_start": 1585405543.157184, "device_end": 1585405543.1698632}, "cmdq": 3, "read": {"device_start": 1585405543.1698658, "device_end": 1585405543.1699524}}, "FFC_sans_bias52": {"write": {"device_start": 1585405543.1540146, "host_queued_start": 1585405603.243849, "device_queued": 1585405543.0790954, "device_end": 1585405543.1541116, "host_queued_end": 1585405603.250493}, "device": "gpu", "nd_range": {"device_start": 1585405543.1541216, "device_end": 1585405543.1666079}, "cmdq": 2, "read": {"device_start": 1585405543.1666162, "device_end": 1585405543.1667056}}, "FFC_sans_bias9": {"write": {"device_start": -1, "host_queued_start": 1585405603.274831, "device_queued": -1, "device_end": -1, "host_queued_end": 1585405603.306166}, "device": "cpu", "nd_range": {"device_start": 2073377.602810041, "device_end": 2073377.676150876}, "cmdq": 0, "read": {"device_start": -1, "device_end": -1}}, "coalesced_transpose39": {"write": {"device_start": -1, "host_queued_start": 1585405603.228735, "device_queued": -1, "device_end": -1, "host_queued_end": 1585405603.250493}, "device": "gpu", "nd_range": {"device_start": 1585405543.115394, "device_end": 1585405543.1217303}, "cmdq": 1, "read": {"device_start": -1, "device_end": -1}}, "FFC_sans_bias55": {"write": {"device_start": 1585405543.0994616, "host_queued_start": 1585405603.218235, "device_queued": 1585405543.075297, "device_end": 1585405543.0995653, "host_queued_end": 1585405603.250493}, "device": "gpu", "nd_range": {"device_start": 1585405543.099568, "device_end": 1585405543.1121347}, "cmdq": 0, "read": {"device_start": -1, "device_end": -1}}, "FFC_sans_bias54": {"write": {"device_start": 1585405543.0961957, "host_queued_start": 1585405603.214993, "device_queued": 1585405543.0748525, "device_end": 1585405543.0962954, "host_queued_end": 1585405603.250493}, "device": "gpu", "nd_range": {"device_start": 1585405543.0963025, "device_end": 1585405543.1088912}, "cmdq": 3, "read": {"device_start": -1, "device_end": -1}}, "FFC_sans_bias56": {"write": {"device_start": 1585405543.0941343, "host_queued_start": 1585405603.211686, "device_queued": 1585405543.0747268, "device_end": 1585405543.094255, "host_queued_end": 1585405603.250493}, "device": "gpu", "nd_range": {"device_start": 1585405543.094261, "device_end": 1585405543.105633}, "cmdq": 2, "read": {"device_start": -1, "device_end": -1}}, "FFC_sans_bias51": {"write": {"device_start": -1, "host_queued_start": 1585405603.233398, "device_queued": -1, "device_end": -1, "host_queued_end": 1585405603.250493}, "device": "gpu", "nd_range": {"device_start": 1585405543.1404557, "device_end": 1585405543.1503596}, "cmdq": 1, "read": {"device_start": -1, "device_end": -1}}, "softmax23": {"write": {"device_start": -1, "host_queued_start": 1585405603.295388, "device_queued": -1, "device_end": -1, "host_queued_end": 1585405603.306166}, "device": "cpu", "nd_range": {"device_start": 2073377.943566723, "device_end": 2073377.944241991}, "cmdq": 0, "read": {"device_start": -1, "device_end": -1}}, "FFC_sans_bias37": {"write": {"device_start": 1585405543.0765984, "host_queued_start": 1585405603.195077, "device_queued": 1585405543.0735974, "device_end": 1585405543.0767043, "host_queued_end": 1585405603.250493}, "device": "gpu", "nd_range": {"device_start": 1585405543.0767107, "device_end": 1585405543.0893292}, "cmdq": 1, "read": {"device_start": -1, "device_end": -1}}, "empty62": {"write": {"device_start": 1585405543.0716093, "host_queued_start": 1585405603.176296, "device_queued": 1585405543.0712204, "device_end": 1585405543.0718472, "host_queued_end": 1585405603.250493}, "device": "gpu", "nd_range": {"device_start": 1585405543.071856, "device_end": 1585405543.0718613}, "cmdq": 3, "read": {"device_start": -1, "device_end": -1}}, "FFC_sans_bias70": {"write": {"device_start": 1585405543.160627, "host_queued_start": 1585405603.250385, "device_queued": 1585405543.0798483, "device_end": 1585405543.1607194, "host_queued_end": 1585405603.250493}, "device": "gpu", "nd_range": {"device_start": 1585405543.1607287, "device_end": 1585405543.1730647}, "cmdq": 0, "read": {"device_start": 1585405543.17307, "device_end": 1585405543.1731641}}, "FFC_sans_bias58": {"write": {"device_start": -1, "host_queued_start": 1585405603.23091, "device_queued": -1, "device_end": -1, "host_queued_end": 1585405603.250493}, "device": "gpu", "nd_range": {"device_start": 1585405543.1219094, "device_end": 1585405543.1350176}, "cmdq": 0, "read": {"device_start": -1, "device_end": -1}}, "softmax41": {"write": {"device_start": -1, "host_queued_start": 1585405603.231726, "device_queued": -1, "device_end": -1, "host_queued_end": 1585405603.250493}, "device": "gpu", "nd_range": {"device_start": 1585405543.1318545, "device_end": 1585405543.1404278}, "cmdq": 3, "read": {"device_start": -1, "device_end": -1}}, "FFC_sans_bias11": {"write": {"device_start": -1, "host_queued_start": 1585405603.281929, "device_queued": -1, "device_end": -1, "host_queued_end": 1585405603.306166}, "device": "cpu", "nd_range": {"device_start": 2073377.676167332, "device_end": 2073377.7503626652}, "cmdq": 0, "read": {"device_start": -1, "device_end": -1}}, "FFC_sans_bias10": {"write": {"device_start": -1, "host_queued_start": 1585405603.278484, "device_queued": -1, "device_end": -1, "host_queued_end": 1585405603.306166}, "device": "cpu", "nd_range": {"device_start": 2073377.6011252552, "device_end": 2073377.6555215092}, "cmdq": 1, "read": {"device_start": -1, "device_end": -1}}, "coalesced_transpose3": {"write": {"device_start": -1, "host_queued_start": 1585405603.292767, "device_queued": -1, "device_end": -1, "host_queued_end": 1585405603.306166}, "device": "cpu", "nd_range": {"device_start": 2073377.816231125, "device_end": 2073377.8167396782}, "cmdq": 0, "read": {"device_start": -1, "device_end": -1}}, "FFC_sans_bias34": {"write": {"device_start": 1585405543.1474204, "host_queued_start": 1585405603.237266, "device_queued": 1585405543.0787158, "device_end": 1585405543.1475146, "host_queued_end": 1585405603.250493}, "device": "gpu", "nd_range": {"device_start": 1585405543.147525, "device_end": 1585405543.160102}, "cmdq": 0, "read": {"device_start": 1585405543.1601076, "device_end": 1585405543.1601958}}, "FFC_sans_bias15": {"write": {"device_start": -1, "host_queued_start": 1585405603.296108, "device_queued": -1, "device_end": -1, "host_queued_end": 1585405603.306166}, "device": "cpu", "nd_range": {"device_start": 2073377.9444322942, "device_end": 2073378.0424427341}, "cmdq": 0, "read": {"device_start": -1, "device_end": -1}}, "FFC_sans_bias31": {"write": {"device_start": -1, "host_queued_start": 1585405603.22996, "device_queued": -1, "device_end": -1, "host_queued_end": 1585405603.250493}, "device": "gpu", "nd_range": {"device_start": 1585405543.121872, "device_end": 1585405543.12523}, "cmdq": 1, "read": {"device_start": -1, "device_end": -1}}, "FFC_sans_bias16": {"write": {"device_start": -1, "host_queued_start": 1585405603.302905, "device_queued": -1, "device_end": -1, "host_queued_end": 1585405603.306166}, "device": "cpu", "nd_range": {"device_start": 2073378.078131277, "device_end": 2073378.1476125221}, "cmdq": 1, "read": {"device_start": -1, "device_end": -1}}, "FFC_sans_bias19": {"write": {"device_start": -1, "host_queued_start": 1585405603.288841, "device_queued": -1, "device_end": -1, "host_queued_end": 1585405603.306166}, "device": "cpu", "nd_range": {"device_start": 2073377.7503758592, "device_end": 2073377.8162074322}, "cmdq": 0, "read": {"device_start": -1, "device_end": -1}}, "FFC_sans_bias18": {"write": {"device_start": -1, "host_queued_start": 1585405603.285376, "device_queued": -1, "device_end": -1, "host_queued_end": 1585405603.306166}, "device": "cpu", "nd_range": {"device_start": 2073377.655718659, "device_end": 2073377.734010359}, "cmdq": 1, "read": {"device_start": -1, "device_end": -1}}, "coalesced_transpose30": {"write": {"device_start": -1, "host_queued_start": 1585405603.228427, "device_queued": -1, "device_end": -1, "host_queued_end": 1585405603.250493}, "device": "gpu", "nd_range": {"device_start": 1585405543.1121368, "device_end": 1585405543.121674}, "cmdq": 0, "read": {"device_start": -1, "device_end": -1}}, "FFC_sans_bias69": {"write": {"device_start": -1, "host_queued_start": 1585405603.234048, "device_queued": -1, "device_end": -1, "host_queued_end": 1585405603.250493}, "device": "gpu", "nd_range": {"device_start": 1585405543.1438062, "device_end": 1585405543.1568446}, "cmdq": 3, "read": {"device_start": -1, "device_end": -1}}, "FFC_sans_bias38": {"write": {"device_start": 1585405543.0799925, "host_queued_start": 1585405603.198564, "device_queued": 1585405543.0737526, "device_end": 1585405543.0800922, "host_queued_end": 1585405603.250493}, "device": "gpu", "nd_range": {"device_start": 1585405543.080096, "device_end": 1585405543.0926266}, "cmdq": 2, "read": {"device_start": -1, "device_end": -1}}, "coalesced_transpose57": {"write": {"device_start": -1, "host_queued_start": 1585405603.229344, "device_queued": -1, "device_end": -1, "host_queued_end": 1585405603.250493}, "device": "gpu", "nd_range": {"device_start": 1585405543.1218562, "device_end": 1585405543.1218884}, "cmdq": 3, "read": {"device_start": -1, "device_end": -1}}, "empty26": {"write": {"device_start": -1, "host_queued_start": 1585405603.260836, "device_queued": -1, "device_end": -1, "host_queued_end": 1585405603.306166}, "device": "cpu", "nd_range": {"device_start": 2073377.4958222762, "device_end": 2073377.495823515}, "cmdq": 0, "read": {"device_start": -1, "device_end": -1}}, "coalesced_transpose12": {"write": {"device_start": -1, "host_queued_start": 1585405603.293104, "device_queued": -1, "device_end": -1, "host_queued_end": 1585405603.306166}, "device": "cpu", "nd_range": {"device_start": 2073377.7919154642, "device_end": 2073377.7930038231}, "cmdq": 1, "read": {"device_start": -1, "device_end": -1}}, "empty44": {"write": {"device_start": 1585405543.0709536, "host_queued_start": 1585405603.170971, "device_queued": 1585405543.0706615, "device_end": 1585405543.0711982, "host_queued_end": 1585405603.250493}, "device": "gpu", "nd_range": {"device_start": 1585405543.071269, "device_end": 1585405543.0712826}, "cmdq": 1, "read": {"device_start": -1, "device_end": -1}}, "coalesced_transpose21": {"write": {"device_start": -1, "host_queued_start": 1585405603.293442, "device_queued": -1, "device_end": -1, "host_queued_end": 1585405603.306166}, "device": "cpu", "nd_range": {"device_start": 2073377.81675562, "device_end": 2073377.817429647}, "cmdq": 0, "read": {"device_start": -1, "device_end": -1}}, "FFC_sans_bias36": {"write": {"device_start": 1585405543.0734878, "host_queued_start": 1585405603.191727, "device_queued": 1585405543.07322, "device_end": 1585405543.0735862, "host_queued_end": 1585405603.250493}, "device": "gpu", "nd_range": {"device_start": 1585405543.0735915, "device_end": 1585405543.0859916}, "cmdq": 0, "read": {"device_start": -1, "device_end": -1}}, "softmax14": {"write": {"device_start": -1, "host_queued_start": 1585405603.2951, "device_queued": -1, "device_end": -1, "host_queued_end": 1585405603.306166}, "device": "cpu", "nd_range": {"device_start": 2073377.943570957, "device_end": 2073377.9442991272}, "cmdq": 1, "read": {"device_start": -1, "device_end": -1}}, "FFC_sans_bias13": {"write": {"device_start": -1, "host_queued_start": 1585405603.294174, "device_queued": -1, "device_end": -1, "host_queued_end": 1585405603.306166}, "device": "cpu", "nd_range": {"device_start": 2073377.8174384732, "device_end": 2073377.912339623}, "cmdq": 0, "read": {"device_start": -1, "device_end": -1}}, "empty8": {"write": {"device_start": -1, "host_queued_start": 1585405603.254655, "device_queued": -1, "device_end": -1, "host_queued_end": 1585405603.306166}, "device": "cpu", "nd_range": {"device_start": 2073377.4957850452, "device_end": 2073377.4957977962}, "cmdq": 0, "read": {"device_start": -1, "device_end": -1}}, "FFC_sans_bias42": {"write": {"device_start": -1, "host_queued_start": 1585405603.233077, "device_queued": -1, "device_end": -1, "host_queued_end": 1585405603.250493}, "device": "gpu", "nd_range": {"device_start": 1585405543.1404467, "device_end": 1585405543.147138}, "cmdq": 0, "read": {"device_start": -1, "device_end": -1}}, "FFC_sans_bias43": {"write": {"device_start": 1585405543.1505954, "host_queued_start": 1585405603.240564, "device_queued": 1585405543.078964, "device_end": 1585405543.15069, "host_queued_end": 1585405603.250493}, "device": "gpu", "nd_range": {"device_start": 1585405543.1507025, "device_end": 1585405543.163348}, "cmdq": 1, "read": {"device_start": 1585405543.1633542, "device_end": 1585405543.1634421}}, "FFC_sans_bias40": {"write": {"device_start": -1, "host_queued_start": 1585405603.230275, "device_queued": -1, "device_end": -1, "host_queued_end": 1585405603.250493}, "device": "gpu", "nd_range": {"device_start": 1585405543.1218853, "device_end": 1585405543.128559}, "cmdq": 2, "read": {"device_start": -1, "device_end": -1}}, "softmax32": {"write": {"device_start": -1, "host_queued_start": 1585405603.231477, "device_queued": -1, "device_end": -1, "host_queued_end": 1585405603.250493}, "device": "gpu", "nd_range": {"device_start": 1585405543.1285677, "device_end": 1585405543.1404173}, "cmdq": 2, "read": {"device_start": -1, "device_end": -1}}, "FFC_sans_bias47": {"write": {"device_start": 1585405543.0897627, "host_queued_start": 1585405603.208415, "device_queued": 1585405543.074598, "device_end": 1585405543.0898876, "host_queued_end": 1585405603.250493}, "device": "gpu", "nd_range": {"device_start": 1585405543.0898952, "device_end": 1585405543.1023793}, "cmdq": 1, "read": {"device_start": -1, "device_end": -1}}, "FFC_sans_bias45": {"write": {"device_start": 1585405543.0832603, "host_queued_start": 1585405603.201817, "device_queued": 1585405543.073876, "device_end": 1585405543.0833628, "host_queued_end": 1585405603.250493}, "device": "gpu", "nd_range": {"device_start": 1585405543.083366, "device_end": 1585405543.095824}, "cmdq": 3, "read": {"device_start": -1, "device_end": -1}}, "softmax50": {"write": {"device_start": -1, "host_queued_start": 1585405603.231972, "device_queued": -1, "device_end": -1, "host_queued_end": 1585405603.250493}, "device": "gpu", "nd_range": {"device_start": 1585405543.1350265, "device_end": 1585405543.1404128}, "cmdq": 0, "read": {"device_start": -1, "device_end": -1}}, "FFC_sans_bias33": {"write": {"device_start": -1, "host_queued_start": 1585405603.232763, "device_queued": -1, "device_end": -1, "host_queued_end": 1585405603.250493}, "device": "gpu", "nd_range": {"device_start": 1585405543.1404366, "device_end": 1585405543.1437979}, "cmdq": 3, "read": {"device_start": -1, "device_end": -1}}, "FFC_sans_bias63": {"write": {"device_start": 1585405543.1092844, "host_queued_start": 1585405603.228072, "device_queued": 1585405543.0757885, "device_end": 1585405543.1093857, "host_queued_end": 1585405603.250493}, "device": "gpu", "nd_range": {"device_start": 1585405543.1094012, "device_end": 1585405543.1218472}, "cmdq": 3, "read": {"device_start": -1, "device_end": -1}}, "FFC_sans_bias49": {"write": {"device_start": -1, "host_queued_start": 1585405603.230593, "device_queued": -1, "device_end": -1, "host_queued_end": 1585405603.250493}, "device": "gpu", "nd_range": {"device_start": 1585405543.1218994, "device_end": 1585405543.131846}, "cmdq": 3, "read": {"device_start": -1, "device_end": -1}}, "FFC_sans_bias64": {"write": {"device_start": 1585405543.1027708, "host_queued_start": 1585405603.221504, "device_queued": 1585405543.075538, "device_end": 1585405543.1028752, "host_queued_end": 1585405603.250493}, "device": "gpu", "nd_range": {"device_start": 1585405543.1028793, "device_end": 1585405543.1153932}, "cmdq": 1, "read": {"device_start": -1, "device_end": -1}}, "FFC_sans_bias65": {"write": {"device_start": 1585405543.10604, "host_queued_start": 1585405603.224786, "device_queued": 1585405543.0756638, "device_end": 1585405543.1061435, "host_queued_end": 1585405603.250493}, "device": "gpu", "nd_range": {"device_start": 1585405543.1061466, "device_end": 1585405543.1186347}, "cmdq": 2, "read": {"device_start": -1, "device_end": -1}}, "FFC_sans_bias67": {"write": {"device_start": -1, "host_queued_start": 1585405603.231223, "device_queued": -1, "device_end": -1, "host_queued_end": 1585405603.250493}, "device": "gpu", "nd_range": {"device_start": 1585405543.1252387, "device_end": 1585405543.1382902}, "cmdq": 1, "read": {"device_start": -1, "device_end": -1}}, "FFC_sans_bias24": {"write": {"device_start": -1, "host_queued_start": 1585405603.29647, "device_queued": -1, "device_end": -1, "host_queued_end": 1585405603.306166}, "device": "cpu", "nd_range": {"device_start": 2073378.0093634652, "device_end": 2073378.078113496}, "cmdq": 1, "read": {"device_start": -1, "device_end": -1}}, "FFC_sans_bias25": {"write": {"device_start": -1, "host_queued_start": 1585405603.306112, "device_queued": -1, "device_end": -1, "host_queued_end": 1585405603.306166}, "device": "cpu", "nd_range": {"device_start": 2073378.111176975, "device_end": 2073378.170659526}, "cmdq": 0, "read": {"device_start": -1, "device_end": -1}}, "FFC_sans_bias27": {"write": {"device_start": 1585405543.0722303, "host_queued_start": 1585405603.181701, "device_queued": 1585405543.0718696, "device_end": 1585405543.0724027, "host_queued_end": 1585405603.250493}, "device": "gpu", "nd_range": {"device_start": 1585405543.0728567, "device_end": 1585405543.0762424}, "cmdq": 1, "read": {"device_start": -1, "device_end": -1}}, "FFC_sans_bias20": {"write": {"device_start": -1, "host_queued_start": 1585405603.292295, "device_queued": -1, "device_end": -1, "host_queued_end": 1585405603.306166}, "device": "cpu", "nd_range": {"device_start": 2073377.7342238831, "device_end": 2073377.791720635}, "cmdq": 1, "read": {"device_start": -1, "device_end": -1}}, "FFC_sans_bias22": {"write": {"device_start": -1, "host_queued_start": 1585405603.294529, "device_queued": -1, "device_end": -1, "host_queued_end": 1585405603.306166}, "device": "cpu", "nd_range": {"device_start": 2073377.892250312, "device_end": 2073377.943553328}, "cmdq": 1, "read": {"device_start": -1, "device_end": -1}}, "softmax68": {"write": {"device_start": -1, "host_queued_start": 1585405603.232458, "device_queued": -1, "device_end": -1, "host_queued_end": 1585405603.250493}, "device": "gpu", "nd_range": {"device_start": 1585405543.1404252, "device_end": 1585405543.1411471}, "cmdq": 2, "read": {"device_start": -1, "device_end": -1}}, "softmax5": {"write": {"device_start": -1, "host_queued_start": 1585405603.29483, "device_queued": -1, "device_end": -1, "host_queued_end": 1585405603.306166}, "device": "cpu", "nd_range": {"device_start": 2073377.9125430572, "device_end": 2073377.9134947762}, "cmdq": 0, "read": {"device_start": -1, "device_end": -1}}, "FFC_sans_bias28": {"write": {"device_start": 1585405543.0725417, "host_queued_start": 1585405603.185036, "device_queued": 1585405543.0722432, "device_end": 1585405543.072818, "host_queued_end": 1585405603.250493}, "device": "gpu", "nd_range": {"device_start": 1585405543.0730135, "device_end": 1585405543.0795887}, "cmdq": 2, "read": {"device_start": -1, "device_end": -1}}, "FFC_sans_bias29": {"write": {"device_start": 1585405543.072832, "host_queued_start": 1585405603.188371, "device_queued": 1585405543.0724344, "device_end": 1585405543.0729265, "host_queued_end": 1585405603.250493}, "device": "gpu", "nd_range": {"device_start": 1585405543.0731223, "device_end": 1585405543.082869}, "cmdq": 3, "read": {"device_start": -1, "device_end": -1}}, "empty17": {"write": {"device_start": -1, "host_queued_start": 1585405603.257824, "device_queued": -1, "device_end": -1, "host_queued_end": 1585405603.306166}, "device": "cpu", "nd_range": {"device_start": 2073377.495785156, "device_end": 2073377.4957979221}, "cmdq": 1, "read": {"device_start": -1, "device_end": -1}}, "softmax59": {"write": {"device_start": -1, "host_queued_start": 1585405603.232216, "device_queued": -1, "device_end": -1, "host_queued_end": 1585405603.250493}, "device": "gpu", "nd_range": {"device_start": 1585405543.1382983, "device_end": 1585405543.1387112}, "cmdq": 1, "read": {"device_start": -1, "device_end": -1}}, "empty71": {"write": {"device_start": 1585405543.0719326, "host_queued_start": 1585405603.178931, "device_queued": 1585405543.0715833, "device_end": 1585405543.0722208, "host_queued_end": 1585405603.250493}, "device": "gpu", "nd_range": {"device_start": 1585405543.0722313, "device_end": 1585405543.0722418}, "cmdq": 0, "read": {"device_start": -1, "device_end": -1}}, "empty35": {"write": {"device_start": 1585405543.070549, "host_queued_start": 1585405603.16756, "device_queued": 1585405543.0702138, "device_end": 1585405543.0706472, "host_queued_end": 1585405603.250493}, "device": "gpu", "nd_range": {"device_start": 1585405543.0706582, "device_end": 1585405543.0706625}, "cmdq": 0, "read": {"device_start": -1, "device_end": -1}}, "empty53": {"write": {"device_start": 1585405543.071283, "host_queued_start": 1585405603.17363, "device_queued": 1585405543.0708451, "device_end": 1585405543.0715642, "host_queued_end": 1585405603.250493}, "device": "gpu", "nd_range": {"device_start": 1585405543.071577, "device_end": 1585405543.0715818}, "cmdq": 2, "read": {"device_start": -1, "device_end": -1}}, "FFC_sans_bias46": {"write": {"device_start": 1585405543.086398, "host_queued_start": 1585405603.205125, "device_queued": 1585405543.0743582, "device_end": 1585405543.086507, "host_queued_end": 1585405603.250493}, "device": "gpu", "nd_range": {"device_start": 1585405543.0865111, "device_end": 1585405543.0990748}, "cmdq": 0, "read": {"device_start": -1, "device_end": -1}}, "coalesced_transpose66": {"write": {"device_start": -1, "host_queued_start": 1585405603.229645, "device_queued": -1, "device_end": -1, "host_queued_end": 1585405603.250493}, "device": "gpu", "nd_range": {"device_start": 1585405543.1216848, "device_end": 1585405543.1217687}, "cmdq": 0, "read": {"device_start": -1, "device_end": -1}}, "coalesced_transpose48": {"write": {"device_start": -1, "host_queued_start": 1585405603.22904, "device_queued": -1, "device_end": -1, "host_queued_end": 1585405603.250493}, "device": "gpu", "nd_range": {"device_start": 1585405543.118642, "device_end": 1585405543.1217551}, "cmdq": 2, "read": {"device_start": -1, "device_end": -1}}}