{"FFC_sans_bias60": {"write": {"device_start": -1, "host_queued_start": 1585405584.987943, "device_queued": -1, "device_end": -1, "host_queued_end": 1585405585.018457}, "device": "cpu", "nd_range": {"device_start": 2073360.603605065, "device_end": 2073360.6389082882}, "cmdq": 0, "read": {"device_start": -1, "device_end": -1}}, "FFC_sans_bias4": {"write": {"device_start": -1, "host_queued_start": 1585405584.980749, "device_queued": -1, "device_end": -1, "host_queued_end": 1585405585.018457}, "device": "cpu", "nd_range": {"device_start": 2073360.0862568931, "device_end": 2073360.1214367782}, "cmdq": 0, "read": {"device_start": -1, "device_end": -1}}, "FFC_sans_bias7": {"write": {"device_start": -1, "host_queued_start": 1585405584.991547, "device_queued": -1, "device_end": -1, "host_queued_end": 1585405585.018457}, "device": "cpu", "nd_range": {"device_start": 2073360.674684077, "device_end": 2073360.7090104881}, "cmdq": 0, "read": {"device_start": -1, "device_end": -1}}, "FFC_sans_bias6": {"write": {"device_start": -1, "host_queued_start": 1585405584.985783, "device_queued": -1, "device_end": -1, "host_queued_end": 1585405585.018457}, "device": "cpu", "nd_range": {"device_start": 2073360.3837544702, "device_end": 2073360.4232924902}, "cmdq": 0, "read": {"device_start": -1, "device_end": -1}}, "FFC_sans_bias1": {"write": {"device_start": -1, "host_queued_start": 1585405584.904587, "device_queued": -1, "device_end": -1, "host_queued_end": 1585405585.018457}, "device": "cpu", "nd_range": {"device_start": 2073359.2474854502, "device_end": 2073359.2832367392}, "cmdq": 0, "read": {"device_start": -1, "device_end": -1}}, "FFC_sans_bias0": {"write": {"device_start": -1, "host_queued_start": 1585405584.901237, "device_queued": -1, "device_end": -1, "host_queued_end": 1585405585.018457}, "device": "cpu", "nd_range": {"device_start": 2073359.208270902, "device_end": 2073359.247470505}, "cmdq": 0, "read": {"device_start": -1, "device_end": -1}}, "FFC_sans_bias2": {"write": {"device_start": -1, "host_queued_start": 1585405584.907928, "device_queued": -1, "device_end": -1, "host_queued_end": 1585405585.018457}, "device": "cpu", "nd_range": {"device_start": 2073359.2832611192, "device_end": 2073359.3186793842}, "cmdq": 0, "read": {"device_start": -1, "device_end": -1}}, "FFC_sans_bias61": {"write": {"device_start": -1, "host_queued_start": 1585405585.0143, "device_queued": -1, "device_end": -1, "host_queued_end": 1585405585.018457}, "device": "cpu", "nd_range": {"device_start": 2073360.8949961672, "device_end": 2073360.9300778492}, "cmdq": 0, "read": {"device_start": -1, "device_end": -1}}, "FFC_sans_bias52": {"write": {"device_start": -1, "host_queued_start": 1585405585.010539, "device_queued": -1, "device_end": -1, "host_queued_end": 1585405585.018457}, "device": "cpu", "nd_range": {"device_start": 2073360.8565432972, "device_end": 2073360.8949913592}, "cmdq": 0, "read": {"device_start": -1, "device_end": -1}}, "FFC_sans_bias9": {"write": {"device_start": -1, "host_queued_start": 1585405584.911438, "device_queued": -1, "device_end": -1, "host_queued_end": 1585405585.018457}, "device": "cpu", "nd_range": {"device_start": 2073359.3186981992, "device_end": 2073359.354451904}, "cmdq": 0, "read": {"device_start": -1, "device_end": -1}}, "coalesced_transpose39": {"write": {"device_start": -1, "host_queued_start": 1585405584.979402, "device_queued": -1, "device_end": -1, "host_queued_end": 1585405585.018457}, "device": "cpu", "nd_range": {"device_start": 2073360.084758742, "device_end": 2073360.0851315232}, "cmdq": 0, "read": {"device_start": -1, "device_end": -1}}, "FFC_sans_bias55": {"write": {"device_start": -1, "host_queued_start": 1585405584.967777, "device_queued": -1, "device_end": -1, "host_queued_end": 1585405585.018457}, "device": "cpu", "nd_range": {"device_start": 2073359.9391587311, "device_end": 2073359.972468571}, "cmdq": 0, "read": {"device_start": -1, "device_end": -1}}, "FFC_sans_bias54": {"write": {"device_start": -1, "host_queued_start": 1585405584.964446, "device_queued": -1, "device_end": -1, "host_queued_end": 1585405585.018457}, "device": "cpu", "nd_range": {"device_start": 2073359.900973045, "device_end": 2073359.93915064}, "cmdq": 0, "read": {"device_start": -1, "device_end": -1}}, "FFC_sans_bias56": {"write": {"device_start": -1, "host_queued_start": 1585405584.961164, "device_queued": -1, "device_end": -1, "host_queued_end": 1585405585.018457}, "device": "cpu", "nd_range": {"device_start": 2073359.8644330942, "device_end": 2073359.900965468}, "cmdq": 0, "read": {"device_start": -1, "device_end": -1}}, "FFC_sans_bias51": {"write": {"device_start": -1, "host_queued_start": 1585405584.987598, "device_queued": -1, "device_end": -1, "host_queued_end": 1585405585.018457}, "device": "cpu", "nd_range": {"device_start": 2073360.566926534, "device_end": 2073360.6035862241}, "cmdq": 0, "read": {"device_start": -1, "device_end": -1}}, "softmax23": {"write": {"device_start": -1, "host_queued_start": 1585405584.984071, "device_queued": -1, "device_end": -1, "host_queued_end": 1585405585.018457}, "device": "cpu", "nd_range": {"device_start": 2073360.3809222032, "device_end": 2073360.3818942711}, "cmdq": 0, "read": {"device_start": -1, "device_end": -1}}, "FFC_sans_bias37": {"write": {"device_start": -1, "host_queued_start": 1585405584.944647, "device_queued": -1, "device_end": -1, "host_queued_end": 1585405585.018457}, "device": "cpu", "nd_range": {"device_start": 2073359.687834988, "device_end": 2073359.7240189821}, "cmdq": 0, "read": {"device_start": -1, "device_end": -1}}, "empty62": {"write": {"device_start": -1, "host_queued_start": 1585405584.895853, "device_queued": -1, "device_end": -1, "host_queued_end": 1585405585.018457}, "device": "cpu", "nd_range": {"device_start": 2073359.208259944, "device_end": 2073359.208260555}, "cmdq": 0, "read": {"device_start": -1, "device_end": -1}}, "FFC_sans_bias70": {"write": {"device_start": -1, "host_queued_start": 1585405585.01836, "device_queued": -1, "device_end": -1, "host_queued_end": 1585405585.018457}, "device": "cpu", "nd_range": {"device_start": 2073360.9300838131, "device_end": 2073360.966100804}, "cmdq": 0, "read": {"device_start": -1, "device_end": -1}}, "FFC_sans_bias58": {"write": {"device_start": -1, "host_queued_start": 1585405584.982883, "device_queued": -1, "device_end": -1, "host_queued_end": 1585405585.018457}, "device": "cpu", "nd_range": {"device_start": 2073360.307102096, "device_end": 2073360.341749055}, "cmdq": 0, "read": {"device_start": -1, "device_end": -1}}, "softmax41": {"write": {"device_start": -1, "host_queued_start": 1585405584.984623, "device_queued": -1, "device_end": -1, "host_queued_end": 1585405585.018457}, "device": "cpu", "nd_range": {"device_start": 2073360.382302009, "device_end": 2073360.382664364}, "cmdq": 0, "read": {"device_start": -1, "device_end": -1}}, "FFC_sans_bias11": {"write": {"device_start": -1, "host_queued_start": 1585405584.918126, "device_queued": -1, "device_end": -1, "host_queued_end": 1585405585.018457}, "device": "cpu", "nd_range": {"device_start": 2073359.3904649732, "device_end": 2073359.427923835}, "cmdq": 0, "read": {"device_start": -1, "device_end": -1}}, "FFC_sans_bias10": {"write": {"device_start": -1, "host_queued_start": 1585405584.914802, "device_queued": -1, "device_end": -1, "host_queued_end": 1585405585.018457}, "device": "cpu", "nd_range": {"device_start": 2073359.3546480332, "device_end": 2073359.39044542}, "cmdq": 0, "read": {"device_start": -1, "device_end": -1}}, "coalesced_transpose3": {"write": {"device_start": -1, "host_queued_start": 1585405584.978047, "device_queued": -1, "device_end": -1, "host_queued_end": 1585405585.018457}, "device": "cpu", "nd_range": {"device_start": 2073360.082947794, "device_end": 2073360.0835004442}, "cmdq": 0, "read": {"device_start": -1, "device_end": -1}}, "FFC_sans_bias34": {"write": {"device_start": -1, "host_queued_start": 1585405585.001896, "device_queued": -1, "device_end": -1, "host_queued_end": 1585405585.018457}, "device": "cpu", "nd_range": {"device_start": 2073360.784790157, "device_end": 2073360.8186588}, "cmdq": 0, "read": {"device_start": -1, "device_end": -1}}, "FFC_sans_bias15": {"write": {"device_start": -1, "host_queued_start": 1585405584.98613, "device_queued": -1, "device_end": -1, "host_queued_end": 1585405585.018457}, "device": "cpu", "nd_range": {"device_start": 2073360.4233099371, "device_end": 2073360.4586474271}, "cmdq": 0, "read": {"device_start": -1, "device_end": -1}}, "FFC_sans_bias31": {"write": {"device_start": -1, "host_queued_start": 1585405584.98179, "device_queued": -1, "device_end": -1, "host_queued_end": 1585405585.018457}, "device": "cpu", "nd_range": {"device_start": 2073360.1917353722, "device_end": 2073360.236681665}, "cmdq": 0, "read": {"device_start": -1, "device_end": -1}}, "FFC_sans_bias16": {"write": {"device_start": -1, "host_queued_start": 1585405584.994806, "device_queued": -1, "device_end": -1, "host_queued_end": 1585405585.018457}, "device": "cpu", "nd_range": {"device_start": 2073360.709016035, "device_end": 2073360.7476865782}, "cmdq": 0, "read": {"device_start": -1, "device_end": -1}}, "FFC_sans_bias19": {"write": {"device_start": -1, "host_queued_start": 1585405584.924763, "device_queued": -1, "device_end": -1, "host_queued_end": 1585405585.018457}, "device": "cpu", "nd_range": {"device_start": 2073359.4638349041, "device_end": 2073359.498792347}, "cmdq": 0, "read": {"device_start": -1, "device_end": -1}}, "FFC_sans_bias18": {"write": {"device_start": -1, "host_queued_start": 1585405584.92142, "device_queued": -1, "device_end": -1, "host_queued_end": 1585405585.018457}, "device": "cpu", "nd_range": {"device_start": 2073359.4279425982, "device_end": 2073359.463826155}, "cmdq": 0, "read": {"device_start": -1, "device_end": -1}}, "coalesced_transpose30": {"write": {"device_start": -1, "host_queued_start": 1585405584.979065, "device_queued": -1, "device_end": -1, "host_queued_end": 1585405585.018457}, "device": "cpu", "nd_range": {"device_start": 2073360.084373854, "device_end": 2073360.084753245}, "cmdq": 0, "read": {"device_start": -1, "device_end": -1}}, "FFC_sans_bias69": {"write": {"device_start": -1, "host_queued_start": 1585405584.98829, "device_queued": -1, "device_end": -1, "host_queued_end": 1585405585.018457}, "device": "cpu", "nd_range": {"device_start": 2073360.638918085, "device_end": 2073360.674664773}, "cmdq": 0, "read": {"device_start": -1, "device_end": -1}}, "FFC_sans_bias38": {"write": {"device_start": -1, "host_queued_start": 1585405584.947966, "device_queued": -1, "device_end": -1, "host_queued_end": 1585405585.018457}, "device": "cpu", "nd_range": {"device_start": 2073359.7240274092, "device_end": 2073359.7591249791}, "cmdq": 0, "read": {"device_start": -1, "device_end": -1}}, "coalesced_transpose57": {"write": {"device_start": -1, "host_queued_start": 1585405584.980066, "device_queued": -1, "device_end": -1, "host_queued_end": 1585405585.018457}, "device": "cpu", "nd_range": {"device_start": 2073360.085501891, "device_end": 2073360.0858734292}, "cmdq": 0, "read": {"device_start": -1, "device_end": -1}}, "empty26": {"write": {"device_start": -1, "host_queued_start": 1585405584.885425, "device_queued": -1, "device_end": -1, "host_queued_end": 1585405585.018457}, "device": "cpu", "nd_range": {"device_start": 2073359.208241933, "device_end": 2073359.208242506}, "cmdq": 0, "read": {"device_start": -1, "device_end": -1}}, "coalesced_transpose12": {"write": {"device_start": -1, "host_queued_start": 1585405584.978386, "device_queued": -1, "device_end": -1, "host_queued_end": 1585405585.018457}, "device": "cpu", "nd_range": {"device_start": 2073360.0835086182, "device_end": 2073360.083989947}, "cmdq": 0, "read": {"device_start": -1, "device_end": -1}}, "empty44": {"write": {"device_start": -1, "host_queued_start": 1585405584.890636, "device_queued": -1, "device_end": -1, "host_queued_end": 1585405585.018457}, "device": "cpu", "nd_range": {"device_start": 2073359.208251384, "device_end": 2073359.208252133}, "cmdq": 0, "read": {"device_start": -1, "device_end": -1}}, "coalesced_transpose21": {"write": {"device_start": -1, "host_queued_start": 1585405584.978729, "device_queued": -1, "device_end": -1, "host_queued_end": 1585405585.018457}, "device": "cpu", "nd_range": {"device_start": 2073360.0839965371, "device_end": 2073360.0843673982}, "cmdq": 0, "read": {"device_start": -1, "device_end": -1}}, "FFC_sans_bias36": {"write": {"device_start": -1, "host_queued_start": 1585405584.941327, "device_queued": -1, "device_end": -1, "host_queued_end": 1585405585.018457}, "device": "cpu", "nd_range": {"device_start": 2073359.652608883, "device_end": 2073359.6878277021}, "cmdq": 0, "read": {"device_start": -1, "device_end": -1}}, "softmax14": {"write": {"device_start": -1, "host_queued_start": 1585405584.983794, "device_queued": -1, "device_end": -1, "host_queued_end": 1585405585.018457}, "device": "cpu", "nd_range": {"device_start": 2073360.380545637, "device_end": 2073360.38091374}, "cmdq": 0, "read": {"device_start": -1, "device_end": -1}}, "FFC_sans_bias13": {"write": {"device_start": -1, "host_queued_start": 1585405584.981095, "device_queued": -1, "device_end": -1, "host_queued_end": 1585405585.018457}, "device": "cpu", "nd_range": {"device_start": 2073360.1214461902, "device_end": 2073360.1575068252}, "cmdq": 0, "read": {"device_start": -1, "device_end": -1}}, "empty8": {"write": {"device_start": -1, "host_queued_start": 1585405584.879505, "device_queued": -1, "device_end": -1, "host_queued_end": 1585405585.018457}, "device": "cpu", "nd_range": {"device_start": 2073359.2082061372, "device_end": 2073359.2082168232}, "cmdq": 0, "read": {"device_start": -1, "device_end": -1}}, "FFC_sans_bias42": {"write": {"device_start": -1, "host_queued_start": 1585405584.98725, "device_queued": -1, "device_end": -1, "host_queued_end": 1585405585.018457}, "device": "cpu", "nd_range": {"device_start": 2073360.5312031752, "device_end": 2073360.566905131}, "cmdq": 0, "read": {"device_start": -1, "device_end": -1}}, "FFC_sans_bias43": {"write": {"device_start": -1, "host_queued_start": 1585405585.006698, "device_queued": -1, "device_end": -1, "host_queued_end": 1585405585.018457}, "device": "cpu", "nd_range": {"device_start": 2073360.8186753301, "device_end": 2073360.856538247}, "cmdq": 0, "read": {"device_start": -1, "device_end": -1}}, "FFC_sans_bias40": {"write": {"device_start": -1, "host_queued_start": 1585405584.982134, "device_queued": -1, "device_end": -1, "host_queued_end": 1585405585.018457}, "device": "cpu", "nd_range": {"device_start": 2073360.2366953841, "device_end": 2073360.2713171972}, "cmdq": 0, "read": {"device_start": -1, "device_end": -1}}, "softmax32": {"write": {"device_start": -1, "host_queued_start": 1585405584.984345, "device_queued": -1, "device_end": -1, "host_queued_end": 1585405585.018457}, "device": "cpu", "nd_range": {"device_start": 2073360.381901255, "device_end": 2073360.382294042}, "cmdq": 0, "read": {"device_start": -1, "device_end": -1}}, "FFC_sans_bias47": {"write": {"device_start": -1, "host_queued_start": 1585405584.957853, "device_queued": -1, "device_end": -1, "host_queued_end": 1585405585.018457}, "device": "cpu", "nd_range": {"device_start": 2073359.828072142, "device_end": 2073359.8644248962}, "cmdq": 0, "read": {"device_start": -1, "device_end": -1}}, "FFC_sans_bias45": {"write": {"device_start": -1, "host_queued_start": 1585405584.951239, "device_queued": -1, "device_end": -1, "host_queued_end": 1585405585.018457}, "device": "cpu", "nd_range": {"device_start": 2073359.7591428761, "device_end": 2073359.7933850072}, "cmdq": 0, "read": {"device_start": -1, "device_end": -1}}, "softmax50": {"write": {"device_start": -1, "host_queued_start": 1585405584.984897, "device_queued": -1, "device_end": -1, "host_queued_end": 1585405585.018457}, "device": "cpu", "nd_range": {"device_start": 2073360.3826715471, "device_end": 2073360.3830282001}, "cmdq": 0, "read": {"device_start": -1, "device_end": -1}}, "FFC_sans_bias33": {"write": {"device_start": -1, "host_queued_start": 1585405584.986871, "device_queued": -1, "device_end": -1, "host_queued_end": 1585405585.018457}, "device": "cpu", "nd_range": {"device_start": 2073360.4952902442, "device_end": 2073360.531185199}, "cmdq": 0, "read": {"device_start": -1, "device_end": -1}}, "FFC_sans_bias63": {"write": {"device_start": -1, "host_queued_start": 1585405584.977685, "device_queued": -1, "device_end": -1, "host_queued_end": 1585405585.018457}, "device": "cpu", "nd_range": {"device_start": 2073360.045130992, "device_end": 2073360.0829410492}, "cmdq": 0, "read": {"device_start": -1, "device_end": -1}}, "FFC_sans_bias49": {"write": {"device_start": -1, "host_queued_start": 1585405584.982482, "device_queued": -1, "device_end": -1, "host_queued_end": 1585405585.018457}, "device": "cpu", "nd_range": {"device_start": 2073360.271327615, "device_end": 2073360.3070826472}, "cmdq": 0, "read": {"device_start": -1, "device_end": -1}}, "FFC_sans_bias64": {"write": {"device_start": -1, "host_queued_start": 1585405584.971067, "device_queued": -1, "device_end": -1, "host_queued_end": 1585405585.018457}, "device": "cpu", "nd_range": {"device_start": 2073359.972476443, "device_end": 2073360.007267259}, "cmdq": 0, "read": {"device_start": -1, "device_end": -1}}, "FFC_sans_bias65": {"write": {"device_start": -1, "host_queued_start": 1585405584.974383, "device_queued": -1, "device_end": -1, "host_queued_end": 1585405585.018457}, "device": "cpu", "nd_range": {"device_start": 2073360.0072899922, "device_end": 2073360.045113879}, "cmdq": 0, "read": {"device_start": -1, "device_end": -1}}, "FFC_sans_bias67": {"write": {"device_start": -1, "host_queued_start": 1585405584.983235, "device_queued": -1, "device_end": -1, "host_queued_end": 1585405585.018457}, "device": "cpu", "nd_range": {"device_start": 2073360.3417679681, "device_end": 2073360.3801194062}, "cmdq": 0, "read": {"device_start": -1, "device_end": -1}}, "FFC_sans_bias24": {"write": {"device_start": -1, "host_queued_start": 1585405584.986502, "device_queued": -1, "device_end": -1, "host_queued_end": 1585405585.018457}, "device": "cpu", "nd_range": {"device_start": 2073360.458665763, "device_end": 2073360.4952720911}, "cmdq": 0, "read": {"device_start": -1, "device_end": -1}}, "FFC_sans_bias25": {"write": {"device_start": -1, "host_queued_start": 1585405584.99801, "device_queued": -1, "device_end": -1, "host_queued_end": 1585405585.018457}, "device": "cpu", "nd_range": {"device_start": 2073360.747694499, "device_end": 2073360.784784638}, "cmdq": 0, "read": {"device_start": -1, "device_end": -1}}, "FFC_sans_bias27": {"write": {"device_start": -1, "host_queued_start": 1585405584.931399, "device_queued": -1, "device_end": -1, "host_queued_end": 1585405585.018457}, "device": "cpu", "nd_range": {"device_start": 2073359.5405452221, "device_end": 2073359.5763277202}, "cmdq": 0, "read": {"device_start": -1, "device_end": -1}}, "FFC_sans_bias20": {"write": {"device_start": -1, "host_queued_start": 1585405584.928058, "device_queued": -1, "device_end": -1, "host_queued_end": 1585405585.018457}, "device": "cpu", "nd_range": {"device_start": 2073359.498816278, "device_end": 2073359.5405278401}, "cmdq": 0, "read": {"device_start": -1, "device_end": -1}}, "FFC_sans_bias22": {"write": {"device_start": -1, "host_queued_start": 1585405584.981441, "device_queued": -1, "device_end": -1, "host_queued_end": 1585405585.018457}, "device": "cpu", "nd_range": {"device_start": 2073360.157523509, "device_end": 2073360.1917072232}, "cmdq": 0, "read": {"device_start": -1, "device_end": -1}}, "softmax68": {"write": {"device_start": -1, "host_queued_start": 1585405584.985444, "device_queued": -1, "device_end": -1, "host_queued_end": 1585405585.018457}, "device": "cpu", "nd_range": {"device_start": 2073360.3833987892, "device_end": 2073360.3837468121}, "cmdq": 0, "read": {"device_start": -1, "device_end": -1}}, "softmax5": {"write": {"device_start": -1, "host_queued_start": 1585405584.983515, "device_queued": -1, "device_end": -1, "host_queued_end": 1585405585.018457}, "device": "cpu", "nd_range": {"device_start": 2073360.3801282991, "device_end": 2073360.380537067}, "cmdq": 0, "read": {"device_start": -1, "device_end": -1}}, "FFC_sans_bias28": {"write": {"device_start": -1, "host_queued_start": 1585405584.934727, "device_queued": -1, "device_end": -1, "host_queued_end": 1585405585.018457}, "device": "cpu", "nd_range": {"device_start": 2073359.5763360881, "device_end": 2073359.616533118}, "cmdq": 0, "read": {"device_start": -1, "device_end": -1}}, "FFC_sans_bias29": {"write": {"device_start": -1, "host_queued_start": 1585405584.938019, "device_queued": -1, "device_end": -1, "host_queued_end": 1585405585.018457}, "device": "cpu", "nd_range": {"device_start": 2073359.616540475, "device_end": 2073359.6526015732}, "cmdq": 0, "read": {"device_start": -1, "device_end": -1}}, "empty17": {"write": {"device_start": -1, "host_queued_start": 1585405584.882846, "device_queued": -1, "device_end": -1, "host_queued_end": 1585405585.018457}, "device": "cpu", "nd_range": {"device_start": 2073359.2082361511, "device_end": 2073359.2082374012}, "cmdq": 0, "read": {"device_start": -1, "device_end": -1}}, "softmax59": {"write": {"device_start": -1, "host_queued_start": 1585405584.985172, "device_queued": -1, "device_end": -1, "host_queued_end": 1585405585.018457}, "device": "cpu", "nd_range": {"device_start": 2073360.3830351501, "device_end": 2073360.383391905}, "cmdq": 0, "read": {"device_start": -1, "device_end": -1}}, "empty71": {"write": {"device_start": -1, "host_queued_start": 1585405584.898431, "device_queued": -1, "device_end": -1, "host_queued_end": 1585405585.018457}, "device": "cpu", "nd_range": {"device_start": 2073359.2082659092, "device_end": 2073359.2082666382}, "cmdq": 0, "read": {"device_start": -1, "device_end": -1}}, "empty35": {"write": {"device_start": -1, "host_queued_start": 1585405584.888033, "device_queued": -1, "device_end": -1, "host_queued_end": 1585405585.018457}, "device": "cpu", "nd_range": {"device_start": 2073359.208246597, "device_end": 2073359.2082471221}, "cmdq": 0, "read": {"device_start": -1, "device_end": -1}}, "empty53": {"write": {"device_start": -1, "host_queued_start": 1585405584.893248, "device_queued": -1, "device_end": -1, "host_queued_end": 1585405585.018457}, "device": "cpu", "nd_range": {"device_start": 2073359.2082556412, "device_end": 2073359.2082562142}, "cmdq": 0, "read": {"device_start": -1, "device_end": -1}}, "FFC_sans_bias46": {"write": {"device_start": -1, "host_queued_start": 1585405584.95455, "device_queued": -1, "device_end": -1, "host_queued_end": 1585405585.018457}, "device": "cpu", "nd_range": {"device_start": 2073359.7934032662, "device_end": 2073359.8280506702}, "cmdq": 0, "read": {"device_start": -1, "device_end": -1}}, "coalesced_transpose66": {"write": {"device_start": -1, "host_queued_start": 1585405584.980397, "device_queued": -1, "device_end": -1, "host_queued_end": 1585405585.018457}, "device": "cpu", "nd_range": {"device_start": 2073360.0858796842, "device_end": 2073360.0862506651}, "cmdq": 0, "read": {"device_start": -1, "device_end": -1}}, "coalesced_transpose48": {"write": {"device_start": -1, "host_queued_start": 1585405584.979734, "device_queued": -1, "device_end": -1, "host_queued_end": 1585405585.018457}, "device": "cpu", "nd_range": {"device_start": 2073360.085137678, "device_end": 2073360.085495629}, "cmdq": 0, "read": {"device_start": -1, "device_end": -1}}}