{"FFC_sans_bias60": {"write": {"device_start": -1, "host_queued_start": 1585405427.836785, "device_queued": -1, "device_end": -1, "host_queued_end": 1585405427.859377}, "device": "cpu", "nd_range": {"device_start": 2073203.3983501932, "device_end": 2073203.4708969481}, "cmdq": 1, "read": {"device_start": -1, "device_end": -1}}, "FFC_sans_bias4": {"write": {"device_start": -1, "host_queued_start": 1585405427.830116, "device_queued": -1, "device_end": -1, "host_queued_end": 1585405427.859377}, "device": "cpu", "nd_range": {"device_start": 2073202.8611924672, "device_end": 2073202.938232338}, "cmdq": 1, "read": {"device_start": -1, "device_end": -1}}, "FFC_sans_bias7": {"write": {"device_start": -1, "host_queued_start": 1585405427.840018, "device_queued": -1, "device_end": -1, "host_queued_end": 1585405427.859377}, "device": "cpu", "nd_range": {"device_start": 2073203.426324913, "device_end": 2073203.517480395}, "cmdq": 0, "read": {"device_start": -1, "device_end": -1}}, "FFC_sans_bias6": {"write": {"device_start": -1, "host_queued_start": 1585405427.834663, "device_queued": -1, "device_end": -1, "host_queued_end": 1585405427.859377}, "device": "cpu", "nd_range": {"device_start": 2073203.1568116061, "device_end": 2073203.2387083531}, "cmdq": 1, "read": {"device_start": -1, "device_end": -1}}, "FFC_sans_bias1": {"write": {"device_start": -1, "host_queued_start": 1585405427.764744, "device_queued": -1, "device_end": -1, "host_queued_end": 1585405427.859377}, "device": "cpu", "nd_range": {"device_start": 2073202.049056054, "device_end": 2073202.156527623}, "cmdq": 0, "read": {"device_start": -1, "device_end": -1}}, "FFC_sans_bias0": {"write": {"device_start": -1, "host_queued_start": 1585405427.761443, "device_queued": -1, "device_end": -1, "host_queued_end": 1585405427.859377}, "device": "cpu", "nd_range": {"device_start": 2073202.0490457672, "device_end": 2073202.105969296}, "cmdq": 1, "read": {"device_start": -1, "device_end": -1}}, "FFC_sans_bias2": {"write": {"device_start": -1, "host_queued_start": 1585405427.768077, "device_queued": -1, "device_end": -1, "host_queued_end": 1585405427.859377}, "device": "cpu", "nd_range": {"device_start": 2073202.10688456, "device_end": 2073202.185501795}, "cmdq": 1, "read": {"device_start": -1, "device_end": -1}}, "FFC_sans_bias61": {"write": {"device_start": -1, "host_queued_start": 1585405427.859323, "device_queued": -1, "device_end": -1, "host_queued_end": 1585405427.859377}, "device": "cpu", "nd_range": {"device_start": 2073203.684934097, "device_end": 2073203.74211936}, "cmdq": 0, "read": {"device_start": -1, "device_end": -1}}, "FFC_sans_bias52": {"write": {"device_start": -1, "host_queued_start": 1585405427.856127, "device_queued": -1, "device_end": -1, "host_queued_end": 1585405427.859377}, "device": "cpu", "nd_range": {"device_start": 2073203.629524969, "device_end": 2073203.7117692172}, "cmdq": 1, "read": {"device_start": -1, "device_end": -1}}, "FFC_sans_bias9": {"write": {"device_start": -1, "host_queued_start": 1585405427.771376, "device_queued": -1, "device_end": -1, "host_queued_end": 1585405427.859377}, "device": "cpu", "nd_range": {"device_start": 2073202.156729706, "device_end": 2073202.2676024141}, "cmdq": 0, "read": {"device_start": -1, "device_end": -1}}, "coalesced_transpose39": {"write": {"device_start": -1, "host_queued_start": 1585405427.829107, "device_queued": -1, "device_end": -1, "host_queued_end": 1585405427.859377}, "device": "cpu", "nd_range": {"device_start": 2073202.862298784, "device_end": 2073202.8633753012}, "cmdq": 0, "read": {"device_start": -1, "device_end": -1}}, "FFC_sans_bias55": {"write": {"device_start": -1, "host_queued_start": 1585405427.827398, "device_queued": -1, "device_end": -1, "host_queued_end": 1585405427.859377}, "device": "cpu", "nd_range": {"device_start": 2073202.7677889252, "device_end": 2073202.838852541}, "cmdq": 1, "read": {"device_start": -1, "device_end": -1}}, "FFC_sans_bias54": {"write": {"device_start": -1, "host_queued_start": 1585405427.824133, "device_queued": -1, "device_end": -1, "host_queued_end": 1585405427.859377}, "device": "cpu", "nd_range": {"device_start": 2073202.800426115, "device_end": 2073202.860658274}, "cmdq": 0, "read": {"device_start": -1, "device_end": -1}}, "FFC_sans_bias56": {"write": {"device_start": -1, "host_queued_start": 1585405427.820853, "device_queued": -1, "device_end": -1, "host_queued_end": 1585405427.859377}, "device": "cpu", "nd_range": {"device_start": 2073202.694943096, "device_end": 2073202.7675847681}, "cmdq": 1, "read": {"device_start": -1, "device_end": -1}}, "FFC_sans_bias51": {"write": {"device_start": -1, "host_queued_start": 1585405427.836442, "device_queued": -1, "device_end": -1, "host_queued_end": 1585405427.859377}, "device": "cpu", "nd_range": {"device_start": 2073203.3380918782, "device_end": 2073203.4261186202}, "cmdq": 0, "read": {"device_start": -1, "device_end": -1}}, "softmax23": {"write": {"device_start": -1, "host_queued_start": 1585405427.833151, "device_queued": -1, "device_end": -1, "host_queued_end": 1585405427.859377}, "device": "cpu", "nd_range": {"device_start": 2073203.1458494102, "device_end": 2073203.14678918}, "cmdq": 0, "read": {"device_start": -1, "device_end": -1}}, "FFC_sans_bias37": {"write": {"device_start": -1, "host_queued_start": 1585405427.804386, "device_queued": -1, "device_end": -1, "host_queued_end": 1585405427.859377}, "device": "cpu", "nd_range": {"device_start": 2073202.590340617, "device_end": 2073202.6590102362}, "cmdq": 0, "read": {"device_start": -1, "device_end": -1}}, "empty62": {"write": {"device_start": -1, "host_queued_start": 1585405427.758473, "device_queued": -1, "device_end": -1, "host_queued_end": 1585405427.859377}, "device": "cpu", "nd_range": {"device_start": 2073202.049048745, "device_end": 2073202.04904943}, "cmdq": 0, "read": {"device_start": -1, "device_end": -1}}, "FFC_sans_bias70": {"write": {"device_start": 1585405367.5778959, "host_queued_start": 1585405427.738492, "device_queued": 1585405367.5649693, "device_end": 1585405367.5779974, "host_queued_end": 1585405427.738658}, "device": "gpu", "nd_range": {"device_start": 1585405367.5813107, "device_end": 1585405367.584633}, "cmdq": 2, "read": {"device_start": 1585405367.5846367, "device_end": 1585405367.5847359}}, "FFC_sans_bias58": {"write": {"device_start": -1, "host_queued_start": 1585405427.832307, "device_queued": -1, "device_end": -1, "host_queued_end": 1585405427.859377}, "device": "cpu", "nd_range": {"device_start": 2073203.083235878, "device_end": 2073203.1552991492}, "cmdq": 1, "read": {"device_start": -1, "device_end": -1}}, "softmax41": {"write": {"device_start": -1, "host_queued_start": 1585405427.833721, "device_queued": -1, "device_end": -1, "host_queued_end": 1585405427.859377}, "device": "cpu", "nd_range": {"device_start": 2073203.14679609, "device_end": 2073203.147728441}, "cmdq": 0, "read": {"device_start": -1, "device_end": -1}}, "FFC_sans_bias11": {"write": {"device_start": -1, "host_queued_start": 1585405427.778021, "device_queued": -1, "device_end": -1, "host_queued_end": 1585405427.859377}, "device": "cpu", "nd_range": {"device_start": 2073202.2676317482, "device_end": 2073202.371439815}, "cmdq": 0, "read": {"device_start": -1, "device_end": -1}}, "FFC_sans_bias10": {"write": {"device_start": -1, "host_queued_start": 1585405427.774722, "device_queued": -1, "device_end": -1, "host_queued_end": 1585405427.859377}, "device": "cpu", "nd_range": {"device_start": 2073202.18570919, "device_end": 2073202.267602815}, "cmdq": 1, "read": {"device_start": -1, "device_end": -1}}, "coalesced_transpose3": {"write": {"device_start": -1, "host_queued_start": 1585405427.827764, "device_queued": -1, "device_end": -1, "host_queued_end": 1585405427.859377}, "device": "cpu", "nd_range": {"device_start": 2073202.8606678392, "device_end": 2073202.861181853}, "cmdq": 0, "read": {"device_start": -1, "device_end": -1}}, "FFC_sans_bias34": {"write": {"device_start": -1, "host_queued_start": 1585405427.849629, "device_queued": -1, "device_end": -1, "host_queued_end": 1585405427.859377}, "device": "cpu", "nd_range": {"device_start": 2073203.567696639, "device_end": 2073203.6295079112}, "cmdq": 1, "read": {"device_start": -1, "device_end": -1}}, "FFC_sans_bias15": {"write": {"device_start": -1, "host_queued_start": 1585405427.835023, "device_queued": -1, "device_end": -1, "host_queued_end": 1585405427.859377}, "device": "cpu", "nd_range": {"device_start": 2073203.1683616182, "device_end": 2073203.250588183}, "cmdq": 0, "read": {"device_start": -1, "device_end": -1}}, "FFC_sans_bias31": {"write": {"device_start": -1, "host_queued_start": 1585405427.831261, "device_queued": -1, "device_end": -1, "host_queued_end": 1585405427.859377}, "device": "cpu", "nd_range": {"device_start": 2073202.9564744222, "device_end": 2073203.049678296}, "cmdq": 0, "read": {"device_start": -1, "device_end": -1}}, "FFC_sans_bias16": {"write": {"device_start": -1, "host_queued_start": 1585405427.84323, "device_queued": -1, "device_end": -1, "host_queued_end": 1585405427.859377}, "device": "cpu", "nd_range": {"device_start": 2073203.4711117302, "device_end": 2073203.5676846642}, "cmdq": 1, "read": {"device_start": -1, "device_end": -1}}, "FFC_sans_bias19": {"write": {"device_start": -1, "host_queued_start": 1585405427.784623, "device_queued": -1, "device_end": -1, "host_queued_end": 1585405427.859377}, "device": "cpu", "nd_range": {"device_start": 2073202.371457698, "device_end": 2073202.4485428822}, "cmdq": 0, "read": {"device_start": -1, "device_end": -1}}, "FFC_sans_bias18": {"write": {"device_start": -1, "host_queued_start": 1585405427.781284, "device_queued": -1, "device_end": -1, "host_queued_end": 1585405427.859377}, "device": "cpu", "nd_range": {"device_start": 2073202.267628631, "device_end": 2073202.330854326}, "cmdq": 1, "read": {"device_start": -1, "device_end": -1}}, "coalesced_transpose30": {"write": {"device_start": -1, "host_queued_start": 1585405427.828769, "device_queued": -1, "device_end": -1, "host_queued_end": 1585405427.859377}, "device": "cpu", "nd_range": {"device_start": 2073202.840302552, "device_end": 2073202.841395297}, "cmdq": 1, "read": {"device_start": -1, "device_end": -1}}, "FFC_sans_bias69": {"write": {"device_start": -1, "host_queued_start": 1585405427.735206, "device_queued": -1, "device_end": -1, "host_queued_end": 1585405427.738658}, "device": "gpu", "nd_range": {"device_start": 1585405367.5779967, "device_end": 1585405367.5813076}, "cmdq": 1, "read": {"device_start": -1, "device_end": -1}}, "FFC_sans_bias38": {"write": {"device_start": -1, "host_queued_start": 1585405427.807677, "device_queued": -1, "device_end": -1, "host_queued_end": 1585405427.859377}, "device": "cpu", "nd_range": {"device_start": 2073202.5555333132, "device_end": 2073202.627085264}, "cmdq": 1, "read": {"device_start": -1, "device_end": -1}}, "coalesced_transpose57": {"write": {"device_start": -1, "host_queued_start": 1585405427.829771, "device_queued": -1, "device_end": -1, "host_queued_end": 1585405427.859377}, "device": "cpu", "nd_range": {"device_start": 2073202.8633829092, "device_end": 2073202.8644699182}, "cmdq": 0, "read": {"device_start": -1, "device_end": -1}}, "empty26": {"write": {"device_start": -1, "host_queued_start": 1585405427.747985, "device_queued": -1, "device_end": -1, "host_queued_end": 1585405427.859377}, "device": "cpu", "nd_range": {"device_start": 2073202.0490349801, "device_end": 2073202.0490360141}, "cmdq": 0, "read": {"device_start": -1, "device_end": -1}}, "coalesced_transpose12": {"write": {"device_start": -1, "host_queued_start": 1585405427.828097, "device_queued": -1, "device_end": -1, "host_queued_end": 1585405427.859377}, "device": "cpu", "nd_range": {"device_start": 2073202.8390459272, "device_end": 2073202.8401374712}, "cmdq": 1, "read": {"device_start": -1, "device_end": -1}}, "empty44": {"write": {"device_start": -1, "host_queued_start": 1585405427.753201, "device_queued": -1, "device_end": -1, "host_queued_end": 1585405427.859377}, "device": "cpu", "nd_range": {"device_start": 2073202.049042453, "device_end": 2073202.0490432542}, "cmdq": 0, "read": {"device_start": -1, "device_end": -1}}, "coalesced_transpose21": {"write": {"device_start": -1, "host_queued_start": 1585405427.828436, "device_queued": -1, "device_end": -1, "host_queued_end": 1585405427.859377}, "device": "cpu", "nd_range": {"device_start": 2073202.861196903, "device_end": 2073202.8622904972}, "cmdq": 0, "read": {"device_start": -1, "device_end": -1}}, "FFC_sans_bias36": {"write": {"device_start": -1, "host_queued_start": 1585405427.801092, "device_queued": -1, "device_end": -1, "host_queued_end": 1585405427.859377}, "device": "cpu", "nd_range": {"device_start": 2073202.501167234, "device_end": 2073202.5555170442}, "cmdq": 1, "read": {"device_start": -1, "device_end": -1}}, "softmax14": {"write": {"device_start": -1, "host_queued_start": 1585405427.832874, "device_queued": -1, "device_end": -1, "host_queued_end": 1585405427.859377}, "device": "cpu", "nd_range": {"device_start": 2073203.155324432, "device_end": 2073203.1560187342}, "cmdq": 1, "read": {"device_start": -1, "device_end": -1}}, "FFC_sans_bias13": {"write": {"device_start": -1, "host_queued_start": 1585405427.830558, "device_queued": -1, "device_end": -1, "host_queued_end": 1585405427.859377}, "device": "cpu", "nd_range": {"device_start": 2073202.8644782752, "device_end": 2073202.9562803512}, "cmdq": 0, "read": {"device_start": -1, "device_end": -1}}, "empty8": {"write": {"device_start": -1, "host_queued_start": 1585405427.742631, "device_queued": -1, "device_end": -1, "host_queued_end": 1585405427.859377}, "device": "cpu", "nd_range": {"device_start": 2073202.0489929281, "device_end": 2073202.0490075492}, "cmdq": 0, "read": {"device_start": -1, "device_end": -1}}, "FFC_sans_bias42": {"write": {"device_start": -1, "host_queued_start": 1585405427.836099, "device_queued": -1, "device_end": -1, "host_queued_end": 1585405427.859377}, "device": "cpu", "nd_range": {"device_start": 2073203.3251052822, "device_end": 2073203.3983319022}, "cmdq": 1, "read": {"device_start": -1, "device_end": -1}}, "FFC_sans_bias43": {"write": {"device_start": -1, "host_queued_start": 1585405427.852881, "device_queued": -1, "device_end": -1, "host_queued_end": 1585405427.859377}, "device": "cpu", "nd_range": {"device_start": 2073203.6056081592, "device_end": 2073203.684924331}, "cmdq": 0, "read": {"device_start": -1, "device_end": -1}}, "FFC_sans_bias40": {"write": {"device_start": -1, "host_queued_start": 1585405427.831616, "device_queued": -1, "device_end": -1, "host_queued_end": 1585405427.859377}, "device": "cpu", "nd_range": {"device_start": 2073203.0107915702, "device_end": 2073203.083009473}, "cmdq": 1, "read": {"device_start": -1, "device_end": -1}}, "softmax32": {"write": {"device_start": -1, "host_queued_start": 1585405427.833428, "device_queued": -1, "device_end": -1, "host_queued_end": 1585405427.859377}, "device": "cpu", "nd_range": {"device_start": 2073203.156028357, "device_end": 2073203.1564171521}, "cmdq": 1, "read": {"device_start": -1, "device_end": -1}}, "FFC_sans_bias47": {"write": {"device_start": -1, "host_queued_start": 1585405427.817559, "device_queued": -1, "device_end": -1, "host_queued_end": 1585405427.859377}, "device": "cpu", "nd_range": {"device_start": 2073202.729776456, "device_end": 2073202.8002212832}, "cmdq": 0, "read": {"device_start": -1, "device_end": -1}}, "FFC_sans_bias45": {"write": {"device_start": -1, "host_queued_start": 1585405427.810959, "device_queued": -1, "device_end": -1, "host_queued_end": 1585405427.859377}, "device": "cpu", "nd_range": {"device_start": 2073202.6592168212, "device_end": 2073202.729563144}, "cmdq": 0, "read": {"device_start": -1, "device_end": -1}}, "softmax50": {"write": {"device_start": -1, "host_queued_start": 1585405427.834041, "device_queued": -1, "device_end": -1, "host_queued_end": 1585405427.859377}, "device": "cpu", "nd_range": {"device_start": 2073203.156424452, "device_end": 2073203.1568056252}, "cmdq": 1, "read": {"device_start": -1, "device_end": -1}}, "FFC_sans_bias33": {"write": {"device_start": -1, "host_queued_start": 1585405427.83575, "device_queued": -1, "device_end": -1, "host_queued_end": 1585405427.859377}, "device": "cpu", "nd_range": {"device_start": 2073203.2506001212, "device_end": 2073203.3380745922}, "cmdq": 0, "read": {"device_start": -1, "device_end": -1}}, "FFC_sans_bias63": {"write": {"device_start": 1585405367.5646305, "host_queued_start": 1585405427.73393, "device_queued": 1585405367.5643756, "device_end": 1585405367.5647273, "host_queued_end": 1585405427.738658}, "device": "gpu", "nd_range": {"device_start": 1585405367.564731, "device_end": 1585405367.5741937}, "cmdq": 0, "read": {"device_start": -1, "device_end": -1}}, "FFC_sans_bias49": {"write": {"device_start": -1, "host_queued_start": 1585405427.831962, "device_queued": -1, "device_end": -1, "host_queued_end": 1585405427.859377}, "device": "cpu", "nd_range": {"device_start": 2073203.049889361, "device_end": 2073203.144851875}, "cmdq": 0, "read": {"device_start": -1, "device_end": -1}}, "FFC_sans_bias64": {"write": {"device_start": 1585405367.563944, "host_queued_start": 1585405427.727209, "device_queued": 1585405367.5634685, "device_end": 1585405367.5642378, "host_queued_end": 1585405427.738658}, "device": "gpu", "nd_range": {"device_start": 1585405367.5642476, "device_end": 1585405367.567619}, "cmdq": 1, "read": {"device_start": -1, "device_end": -1}}, "FFC_sans_bias65": {"write": {"device_start": 1585405367.5642657, "host_queued_start": 1585405427.730525, "device_queued": 1585405367.5635958, "device_end": 1585405367.5643635, "host_queued_end": 1585405427.738658}, "device": "gpu", "nd_range": {"device_start": 1585405367.564367, "device_end": 1585405367.5709562}, "cmdq": 2, "read": {"device_start": -1, "device_end": -1}}, "FFC_sans_bias67": {"write": {"device_start": -1, "host_queued_start": 1585405427.734624, "device_queued": -1, "device_end": -1, "host_queued_end": 1585405427.738658}, "device": "gpu", "nd_range": {"device_start": 1585405367.574198, "device_end": 1585405367.5775638}, "cmdq": 2, "read": {"device_start": -1, "device_end": -1}}, "FFC_sans_bias24": {"write": {"device_start": -1, "host_queued_start": 1585405427.835391, "device_queued": -1, "device_end": -1, "host_queued_end": 1585405427.859377}, "device": "cpu", "nd_range": {"device_start": 2073203.238731815, "device_end": 2073203.32508495}, "cmdq": 1, "read": {"device_start": -1, "device_end": -1}}, "FFC_sans_bias25": {"write": {"device_start": -1, "host_queued_start": 1585405427.846425, "device_queued": -1, "device_end": -1, "host_queued_end": 1585405427.859377}, "device": "cpu", "nd_range": {"device_start": 2073203.5174926352, "device_end": 2073203.605600784}, "cmdq": 0, "read": {"device_start": -1, "device_end": -1}}, "FFC_sans_bias27": {"write": {"device_start": -1, "host_queued_start": 1585405427.79121, "device_queued": -1, "device_end": -1, "host_queued_end": 1585405427.859377}, "device": "cpu", "nd_range": {"device_start": 2073202.4485576171, "device_end": 2073202.5154230902}, "cmdq": 0, "read": {"device_start": -1, "device_end": -1}}, "FFC_sans_bias20": {"write": {"device_start": -1, "host_queued_start": 1585405427.787924, "device_queued": -1, "device_end": -1, "host_queued_end": 1585405427.859377}, "device": "cpu", "nd_range": {"device_start": 2073202.3308723872, "device_end": 2073202.411817677}, "cmdq": 1, "read": {"device_start": -1, "device_end": -1}}, "FFC_sans_bias22": {"write": {"device_start": -1, "host_queued_start": 1585405427.830914, "device_queued": -1, "device_end": -1, "host_queued_end": 1585405427.859377}, "device": "cpu", "nd_range": {"device_start": 2073202.9403759122, "device_end": 2073203.0100948422}, "cmdq": 1, "read": {"device_start": -1, "device_end": -1}}, "softmax68": {"write": {"device_start": -1, "host_queued_start": 1585405427.734889, "device_queued": -1, "device_end": -1, "host_queued_end": 1585405427.738658}, "device": "gpu", "nd_range": {"device_start": 1585405367.5775664, "device_end": 1585405367.577982}, "cmdq": 0, "read": {"device_start": -1, "device_end": -1}}, "softmax5": {"write": {"device_start": -1, "host_queued_start": 1585405427.832595, "device_queued": -1, "device_end": -1, "host_queued_end": 1585405427.859377}, "device": "cpu", "nd_range": {"device_start": 2073203.144872768, "device_end": 2073203.1458387931}, "cmdq": 0, "read": {"device_start": -1, "device_end": -1}}, "FFC_sans_bias28": {"write": {"device_start": -1, "host_queued_start": 1585405427.79451, "device_queued": -1, "device_end": -1, "host_queued_end": 1585405427.859377}, "device": "cpu", "nd_range": {"device_start": 2073202.4118415662, "device_end": 2073202.5011514311}, "cmdq": 1, "read": {"device_start": -1, "device_end": -1}}, "FFC_sans_bias29": {"write": {"device_start": -1, "host_queued_start": 1585405427.797818, "device_queued": -1, "device_end": -1, "host_queued_end": 1585405427.859377}, "device": "cpu", "nd_range": {"device_start": 2073202.5154383231, "device_end": 2073202.5901209512}, "cmdq": 0, "read": {"device_start": -1, "device_end": -1}}, "empty17": {"write": {"device_start": -1, "host_queued_start": 1585405427.745321, "device_queued": -1, "device_end": -1, "host_queued_end": 1585405427.859377}, "device": "cpu", "nd_range": {"device_start": 2073202.0489929651, "device_end": 2073202.049007632}, "cmdq": 1, "read": {"device_start": -1, "device_end": -1}}, "softmax59": {"write": {"device_start": -1, "host_queued_start": 1585405427.834317, "device_queued": -1, "device_end": -1, "host_queued_end": 1585405427.859377}, "device": "cpu", "nd_range": {"device_start": 2073203.155322784, "device_end": 2073203.168351961}, "cmdq": 0, "read": {"device_start": -1, "device_end": -1}}, "empty71": {"write": {"device_start": 1585405367.5635922, "host_queued_start": 1585405427.723595, "device_queued": 1585405367.563262, "device_end": 1585405367.5638244, "host_queued_end": 1585405427.738658}, "device": "gpu", "nd_range": {"device_start": 1585405367.5638275, "device_end": 1585405367.563833}, "cmdq": 0, "read": {"device_start": -1, "device_end": -1}}, "empty35": {"write": {"device_start": -1, "host_queued_start": 1585405427.750623, "device_queued": -1, "device_end": -1, "host_queued_end": 1585405427.859377}, "device": "cpu", "nd_range": {"device_start": 2073202.0490317552, "device_end": 2073202.0490327592}, "cmdq": 1, "read": {"device_start": -1, "device_end": -1}}, "empty53": {"write": {"device_start": -1, "host_queued_start": 1585405427.755884, "device_queued": -1, "device_end": -1, "host_queued_end": 1585405427.859377}, "device": "cpu", "nd_range": {"device_start": 2073202.0490401052, "device_end": 2073202.04904072}, "cmdq": 1, "read": {"device_start": -1, "device_end": -1}}, "FFC_sans_bias46": {"write": {"device_start": -1, "host_queued_start": 1585405427.814224, "device_queued": -1, "device_end": -1, "host_queued_end": 1585405427.859377}, "device": "cpu", "nd_range": {"device_start": 2073202.627297898, "device_end": 2073202.6947431192}, "cmdq": 1, "read": {"device_start": -1, "device_end": -1}}, "coalesced_transpose66": {"write": {"device_start": -1, "host_queued_start": 1585405427.734275, "device_queued": -1, "device_end": -1, "host_queued_end": 1585405427.738658}, "device": "gpu", "nd_range": {"device_start": 1585405367.5676203, "device_end": 1585405367.574035}, "cmdq": 1, "read": {"device_start": -1, "device_end": -1}}, "coalesced_transpose48": {"write": {"device_start": -1, "host_queued_start": 1585405427.82944, "device_queued": -1, "device_end": -1, "host_queued_end": 1585405427.859377}, "device": "cpu", "nd_range": {"device_start": 2073202.8415394512, "device_end": 2073202.8426132302}, "cmdq": 1, "read": {"device_start": -1, "device_end": -1}}}