{"FFC_sans_bias60": {"write": {"device_start": -1, "host_queued_start": 1585405170.520109, "device_queued": -1, "device_end": -1, "host_queued_end": 1585405170.546398}, "device": "cpu", "nd_range": {"device_start": 2072946.1258756432, "device_end": 2072946.2892312792}, "cmdq": 2, "read": {"device_start": -1, "device_end": -1}}, "FFC_sans_bias4": {"write": {"device_start": -1, "host_queued_start": 1585405170.513005, "device_queued": -1, "device_end": -1, "host_queued_end": 1585405170.546398}, "device": "cpu", "nd_range": {"device_start": 2072945.8426146852, "device_end": 2072946.019509941}, "cmdq": 0, "read": {"device_start": -1, "device_end": -1}}, "FFC_sans_bias7": {"write": {"device_start": -1, "host_queued_start": 1585405170.523683, "device_queued": -1, "device_end": -1, "host_queued_end": 1585405170.546398}, "device": "cpu", "nd_range": {"device_start": 2072946.288909695, "device_end": 2072946.4187317102}, "cmdq": 4, "read": {"device_start": -1, "device_end": -1}}, "FFC_sans_bias6": {"write": {"device_start": -1, "host_queued_start": 1585405170.518017, "device_queued": -1, "device_end": -1, "host_queued_end": 1585405170.546398}, "device": "cpu", "nd_range": {"device_start": 2072946.1280168672, "device_end": 2072946.2679624262}, "cmdq": 1, "read": {"device_start": -1, "device_end": -1}}, "FFC_sans_bias1": {"write": {"device_start": -1, "host_queued_start": 1585405170.4372, "device_queued": -1, "device_end": -1, "host_queued_end": 1585405170.546398}, "device": "cpu", "nd_range": {"device_start": 2072944.7360908801, "device_end": 2072944.8590646072}, "cmdq": 4, "read": {"device_start": -1, "device_end": -1}}, "FFC_sans_bias0": {"write": {"device_start": -1, "host_queued_start": 1585405170.433876, "device_queued": -1, "device_end": -1, "host_queued_end": 1585405170.546398}, "device": "cpu", "nd_range": {"device_start": 2072944.9819537841, "device_end": 2072945.105323967}, "cmdq": 3, "read": {"device_start": -1, "device_end": -1}}, "FFC_sans_bias2": {"write": {"device_start": -1, "host_queued_start": 1585405170.440694, "device_queued": -1, "device_end": -1, "host_queued_end": 1585405170.546398}, "device": "cpu", "nd_range": {"device_start": 2072944.7360726472, "device_end": 2072944.8586480871}, "cmdq": 0, "read": {"device_start": -1, "device_end": -1}}, "FFC_sans_bias61": {"write": {"device_start": -1, "host_queued_start": 1585405170.543126, "device_queued": -1, "device_end": -1, "host_queued_end": 1585405170.546398}, "device": "cpu", "nd_range": {"device_start": 2072946.5102659222, "device_end": 2072946.7016383451}, "cmdq": 0, "read": {"device_start": -1, "device_end": -1}}, "FFC_sans_bias52": {"write": {"device_start": -1, "host_queued_start": 1585405170.539892, "device_queued": -1, "device_end": -1, "host_queued_end": 1585405170.546398}, "device": "cpu", "nd_range": {"device_start": 2072946.5071994672, "device_end": 2072946.63575235}, "cmdq": 4, "read": {"device_start": -1, "device_end": -1}}, "FFC_sans_bias9": {"write": {"device_start": -1, "host_queued_start": 1585405170.444022, "device_queued": -1, "device_end": -1, "host_queued_end": 1585405170.546398}, "device": "cpu", "nd_range": {"device_start": 2072944.7365706412, "device_end": 2072944.865879168}, "cmdq": 1, "read": {"device_start": -1, "device_end": -1}}, "coalesced_transpose39": {"write": {"device_start": -1, "host_queued_start": 1585405170.511676, "device_queued": -1, "device_end": -1, "host_queued_end": 1585405170.546398}, "device": "cpu", "nd_range": {"device_start": 2072945.4185249722, "device_end": 2072945.4196397641}, "cmdq": 1, "read": {"device_start": -1, "device_end": -1}}, "FFC_sans_bias55": {"write": {"device_start": -1, "host_queued_start": 1585405170.50013, "device_queued": -1, "device_end": -1, "host_queued_end": 1585405170.546398}, "device": "cpu", "nd_range": {"device_start": 2072945.476898302, "device_end": 2072945.599306931}, "cmdq": 3, "read": {"device_start": -1, "device_end": -1}}, "FFC_sans_bias54": {"write": {"device_start": -1, "host_queued_start": 1585405170.49685, "device_queued": -1, "device_end": -1, "host_queued_end": 1585405170.546398}, "device": "cpu", "nd_range": {"device_start": 2072945.7181902402, "device_end": 2072945.841189983}, "cmdq": 2, "read": {"device_start": -1, "device_end": -1}}, "FFC_sans_bias56": {"write": {"device_start": -1, "host_queued_start": 1585405170.493555, "device_queued": -1, "device_end": -1, "host_queued_end": 1585405170.546398}, "device": "cpu", "nd_range": {"device_start": 2072945.127854251, "device_end": 2072945.2899415721}, "cmdq": 1, "read": {"device_start": -1, "device_end": -1}}, "FFC_sans_bias51": {"write": {"device_start": -1, "host_queued_start": 1585405170.51977, "device_queued": -1, "device_end": -1, "host_queued_end": 1585405170.546398}, "device": "cpu", "nd_range": {"device_start": 2072946.3809679842, "device_end": 2072946.491886279}, "cmdq": 1, "read": {"device_start": -1, "device_end": -1}}, "softmax23": {"write": {"device_start": -1, "host_queued_start": 1585405170.516299, "device_queued": -1, "device_end": -1, "host_queued_end": 1585405170.546398}, "device": "cpu", "nd_range": {"device_start": 2072946.1507534692, "device_end": 2072946.1607883582}, "cmdq": 0, "read": {"device_start": -1, "device_end": -1}}, "FFC_sans_bias37": {"write": {"device_start": -1, "host_queued_start": 1585405170.477063, "device_queued": -1, "device_end": -1, "host_queued_end": 1585405170.546398}, "device": "cpu", "nd_range": {"device_start": 2072944.997238883, "device_end": 2072945.1278347182}, "cmdq": 1, "read": {"device_start": -1, "device_end": -1}}, "empty62": {"write": {"device_start": -1, "host_queued_start": 1585405170.428504, "device_queued": -1, "device_end": -1, "host_queued_end": 1585405170.546398}, "device": "cpu", "nd_range": {"device_start": 2072944.7365629862, "device_end": 2072944.7365640341}, "cmdq": 1, "read": {"device_start": -1, "device_end": -1}}, "FFC_sans_bias70": {"write": {"device_start": -1, "host_queued_start": 1585405170.546342, "device_queued": -1, "device_end": -1, "host_queued_end": 1585405170.546398}, "device": "cpu", "nd_range": {"device_start": 2072946.6145240031, "device_end": 2072946.7002810691}, "cmdq": 1, "read": {"device_start": -1, "device_end": -1}}, "FFC_sans_bias58": {"write": {"device_start": -1, "host_queued_start": 1585405170.515123, "device_queued": -1, "device_end": -1, "host_queued_end": 1585405170.546398}, "device": "cpu", "nd_range": {"device_start": 2072945.868028237, "device_end": 2072946.1145446622}, "cmdq": 1, "read": {"device_start": -1, "device_end": -1}}, "softmax41": {"write": {"device_start": -1, "host_queued_start": 1585405170.516845, "device_queued": -1, "device_end": -1, "host_queued_end": 1585405170.546398}, "device": "cpu", "nd_range": {"device_start": 2072946.0309067962, "device_end": 2072946.031838719}, "cmdq": 2, "read": {"device_start": -1, "device_end": -1}}, "FFC_sans_bias11": {"write": {"device_start": -1, "host_queued_start": 1585405170.450703, "device_queued": -1, "device_end": -1, "host_queued_end": 1585405170.546398}, "device": "cpu", "nd_range": {"device_start": 2072945.105496298, "device_end": 2072945.229799546}, "cmdq": 3, "read": {"device_start": -1, "device_end": -1}}, "FFC_sans_bias10": {"write": {"device_start": -1, "host_queued_start": 1585405170.447376, "device_queued": -1, "device_end": -1, "host_queued_end": 1585405170.546398}, "device": "cpu", "nd_range": {"device_start": 2072944.8589114961, "device_end": 2072944.9809485201}, "cmdq": 2, "read": {"device_start": -1, "device_end": -1}}, "coalesced_transpose3": {"write": {"device_start": -1, "host_queued_start": 1585405170.510337, "device_queued": -1, "device_end": -1, "host_queued_end": 1585405170.546398}, "device": "cpu", "nd_range": {"device_start": 2072945.8412042242, "device_end": 2072945.84242119}, "cmdq": 2, "read": {"device_start": -1, "device_end": -1}}, "FFC_sans_bias34": {"write": {"device_start": -1, "host_queued_start": 1585405170.533407, "device_queued": -1, "device_end": -1, "host_queued_end": 1585405170.546398}, "device": "cpu", "nd_range": {"device_start": 2072946.289241142, "device_end": 2072946.3809587262}, "cmdq": 2, "read": {"device_start": -1, "device_end": -1}}, "FFC_sans_bias15": {"write": {"device_start": -1, "host_queued_start": 1585405170.518379, "device_queued": -1, "device_end": -1, "host_queued_end": 1585405170.546398}, "device": "cpu", "nd_range": {"device_start": 2072946.0319753592, "device_end": 2072946.1257453281}, "cmdq": 2, "read": {"device_start": -1, "device_end": -1}}, "FFC_sans_bias31": {"write": {"device_start": -1, "host_queued_start": 1585405170.514036, "device_queued": -1, "device_end": -1, "host_queued_end": 1585405170.546398}, "device": "cpu", "nd_range": {"device_start": 2072945.601922091, "device_end": 2072945.725083762}, "cmdq": 3, "read": {"device_start": -1, "device_end": -1}}, "FFC_sans_bias16": {"write": {"device_start": -1, "host_queued_start": 1585405170.526931, "device_queued": -1, "device_end": -1, "host_queued_end": 1585405170.546398}, "device": "cpu", "nd_range": {"device_start": 2072946.4164050072, "device_end": 2072946.5102556932}, "cmdq": 0, "read": {"device_start": -1, "device_end": -1}}, "FFC_sans_bias19": {"write": {"device_start": -1, "host_queued_start": 1585405170.457301, "device_queued": -1, "device_end": -1, "host_queued_end": 1585405170.546398}, "device": "cpu", "nd_range": {"device_start": 2072944.980964119, "device_end": 2072945.1036474472}, "cmdq": 0, "read": {"device_start": -1, "device_end": -1}}, "FFC_sans_bias18": {"write": {"device_start": -1, "host_queued_start": 1585405170.454002, "device_queued": -1, "device_end": -1, "host_queued_end": 1585405170.546398}, "device": "cpu", "nd_range": {"device_start": 2072944.859081878, "device_end": 2072944.9819213892}, "cmdq": 4, "read": {"device_start": -1, "device_end": -1}}, "coalesced_transpose30": {"write": {"device_start": -1, "host_queued_start": 1585405170.511343, "device_queued": -1, "device_end": -1, "host_queued_end": 1585405170.546398}, "device": "cpu", "nd_range": {"device_start": 2072945.4720314452, "device_end": 2072945.473140706}, "cmdq": 0, "read": {"device_start": -1, "device_end": -1}}, "FFC_sans_bias69": {"write": {"device_start": -1, "host_queued_start": 1585405170.520457, "device_queued": -1, "device_end": -1, "host_queued_end": 1585405170.546398}, "device": "cpu", "nd_range": {"device_start": 2072946.427282391, "device_end": 2072946.5505001}, "cmdq": 3, "read": {"device_start": -1, "device_end": -1}}, "FFC_sans_bias38": {"write": {"device_start": -1, "host_queued_start": 1585405170.48037, "device_queued": -1, "device_end": -1, "host_queued_end": 1585405170.546398}, "device": "cpu", "nd_range": {"device_start": 2072945.595435095, "device_end": 2072945.7181749372}, "cmdq": 2, "read": {"device_start": -1, "device_end": -1}}, "coalesced_transpose57": {"write": {"device_start": -1, "host_queued_start": 1585405170.512332, "device_queued": -1, "device_end": -1, "host_queued_end": 1585405170.546398}, "device": "cpu", "nd_range": {"device_start": 2072945.6007065861, "device_end": 2072945.6017756932}, "cmdq": 3, "read": {"device_start": -1, "device_end": -1}}, "empty26": {"write": {"device_start": -1, "host_queued_start": 1585405170.417959, "device_queued": -1, "device_end": -1, "host_queued_end": 1585405170.546398}, "device": "cpu", "nd_range": {"device_start": 2072944.85887887, "device_end": 2072944.8588840612}, "cmdq": 2, "read": {"device_start": -1, "device_end": -1}}, "coalesced_transpose12": {"write": {"device_start": -1, "host_queued_start": 1585405170.51068, "device_queued": -1, "device_end": -1, "host_queued_end": 1585405170.546398}, "device": "cpu", "nd_range": {"device_start": 2072945.5994704, "device_end": 2072945.600550193}, "cmdq": 3, "read": {"device_start": -1, "device_end": -1}}, "empty44": {"write": {"device_start": -1, "host_queued_start": 1585405170.423272, "device_queued": -1, "device_end": -1, "host_queued_end": 1585405170.546398}, "device": "cpu", "nd_range": {"device_start": 2072944.7360691172, "device_end": 2072944.7360738511}, "cmdq": 4, "read": {"device_start": -1, "device_end": -1}}, "coalesced_transpose21": {"write": {"device_start": -1, "host_queued_start": 1585405170.511012, "device_queued": -1, "device_end": -1, "host_queued_end": 1585405170.546398}, "device": "cpu", "nd_range": {"device_start": 2072945.80548551, "device_end": 2072945.8066988462}, "cmdq": 4, "read": {"device_start": -1, "device_end": -1}}, "FFC_sans_bias36": {"write": {"device_start": -1, "host_queued_start": 1585405170.473776, "device_queued": -1, "device_end": -1, "host_queued_end": 1585405170.546398}, "device": "cpu", "nd_range": {"device_start": 2072945.1036671232, "device_end": 2072945.227319319}, "cmdq": 0, "read": {"device_start": -1, "device_end": -1}}, "softmax14": {"write": {"device_start": -1, "host_queued_start": 1585405170.516023, "device_queued": -1, "device_end": -1, "host_queued_end": 1585405170.546398}, "device": "cpu", "nd_range": {"device_start": 2072945.936944904, "device_end": 2072945.937909136}, "cmdq": 4, "read": {"device_start": -1, "device_end": -1}}, "FFC_sans_bias13": {"write": {"device_start": -1, "host_queued_start": 1585405170.513347, "device_queued": -1, "device_end": -1, "host_queued_end": 1585405170.546398}, "device": "cpu", "nd_range": {"device_start": 2072945.7252653902, "device_end": 2072945.8632837422}, "cmdq": 1, "read": {"device_start": -1, "device_end": -1}}, "empty8": {"write": {"device_start": -1, "host_queued_start": 1585405170.41194, "device_queued": -1, "device_end": -1, "host_queued_end": 1585405170.546398}, "device": "cpu", "nd_range": {"device_start": 2072944.736029284, "device_end": 2072944.7360434681}, "cmdq": 0, "read": {"device_start": -1, "device_end": -1}}, "FFC_sans_bias42": {"write": {"device_start": -1, "host_queued_start": 1585405170.519427, "device_queued": -1, "device_end": -1, "host_queued_end": 1585405170.546398}, "device": "cpu", "nd_range": {"device_start": 2072946.1620381852, "device_end": 2072946.416379288}, "cmdq": 0, "read": {"device_start": -1, "device_end": -1}}, "FFC_sans_bias43": {"write": {"device_start": -1, "host_queued_start": 1585405170.536646, "device_queued": -1, "device_end": -1, "host_queued_end": 1585405170.546398}, "device": "cpu", "nd_range": {"device_start": 2072946.550710078, "device_end": 2072946.6699800452}, "cmdq": 3, "read": {"device_start": -1, "device_end": -1}}, "FFC_sans_bias40": {"write": {"device_start": -1, "host_queued_start": 1585405170.514377, "device_queued": -1, "device_end": -1, "host_queued_end": 1585405170.546398}, "device": "cpu", "nd_range": {"device_start": 2072945.8078812712, "device_end": 2072945.936923746}, "cmdq": 4, "read": {"device_start": -1, "device_end": -1}}, "softmax32": {"write": {"device_start": -1, "host_queued_start": 1585405170.516575, "device_queued": -1, "device_end": -1, "host_queued_end": 1585405170.546398}, "device": "cpu", "nd_range": {"device_start": 2072946.1147661882, "device_end": 2072946.1156964942}, "cmdq": 1, "read": {"device_start": -1, "device_end": -1}}, "FFC_sans_bias47": {"write": {"device_start": -1, "host_queued_start": 1585405170.490268, "device_queued": -1, "device_end": -1, "host_queued_end": 1585405170.546398}, "device": "cpu", "nd_range": {"device_start": 2072945.2273664891, "device_end": 2072945.3498505112}, "cmdq": 0, "read": {"device_start": -1, "device_end": -1}}, "FFC_sans_bias45": {"write": {"device_start": -1, "host_queued_start": 1585405170.483667, "device_queued": -1, "device_end": -1, "host_queued_end": 1585405170.546398}, "device": "cpu", "nd_range": {"device_start": 2072945.3531987192, "device_end": 2072945.476759742}, "cmdq": 3, "read": {"device_start": -1, "device_end": -1}}, "softmax50": {"write": {"device_start": -1, "host_queued_start": 1585405170.517117, "device_queued": -1, "device_end": -1, "host_queued_end": 1585405170.546398}, "device": "cpu", "nd_range": {"device_start": 2072946.26819746, "device_end": 2072946.2691395462}, "cmdq": 3, "read": {"device_start": -1, "device_end": -1}}, "FFC_sans_bias33": {"write": {"device_start": -1, "host_queued_start": 1585405170.519085, "device_queued": -1, "device_end": -1, "host_queued_end": 1585405170.546398}, "device": "cpu", "nd_range": {"device_start": 2072946.160058455, "device_end": 2072946.2888853971}, "cmdq": 4, "read": {"device_start": -1, "device_end": -1}}, "FFC_sans_bias63": {"write": {"device_start": -1, "host_queued_start": 1585405170.509973, "device_queued": -1, "device_end": -1, "host_queued_end": 1585405170.546398}, "device": "cpu", "nd_range": {"device_start": 2072945.2901749052, "device_end": 2072945.4184935351}, "cmdq": 1, "read": {"device_start": -1, "device_end": -1}}, "FFC_sans_bias49": {"write": {"device_start": -1, "host_queued_start": 1585405170.514781, "device_queued": -1, "device_end": -1, "host_queued_end": 1585405170.546398}, "device": "cpu", "nd_range": {"device_start": 2072946.0256388541, "device_end": 2072946.1507329731}, "cmdq": 0, "read": {"device_start": -1, "device_end": -1}}, "FFC_sans_bias64": {"write": {"device_start": -1, "host_queued_start": 1585405170.503409, "device_queued": -1, "device_end": -1, "host_queued_end": 1585405170.546398}, "device": "cpu", "nd_range": {"device_start": 2072945.6756034752, "device_end": 2072945.805463077}, "cmdq": 4, "read": {"device_start": -1, "device_end": -1}}, "FFC_sans_bias65": {"write": {"device_start": -1, "host_queued_start": 1585405170.506698, "device_queued": -1, "device_end": -1, "host_queued_end": 1585405170.546398}, "device": "cpu", "nd_range": {"device_start": 2072945.3498662002, "device_end": 2072945.472015737}, "cmdq": 0, "read": {"device_start": -1, "device_end": -1}}, "FFC_sans_bias67": {"write": {"device_start": -1, "host_queued_start": 1585405170.515468, "device_queued": -1, "device_end": -1, "host_queued_end": 1585405170.546398}, "device": "cpu", "nd_range": {"device_start": 2072945.965648916, "device_end": 2072946.0307583602}, "cmdq": 2, "read": {"device_start": -1, "device_end": -1}}, "FFC_sans_bias24": {"write": {"device_start": -1, "host_queued_start": 1585405170.518729, "device_queued": -1, "device_end": -1, "host_queued_end": 1585405170.546398}, "device": "cpu", "nd_range": {"device_start": 2072946.2693005311, "device_end": 2072946.42707387}, "cmdq": 3, "read": {"device_start": -1, "device_end": -1}}, "FFC_sans_bias25": {"write": {"device_start": -1, "host_queued_start": 1585405170.530132, "device_queued": -1, "device_end": -1, "host_queued_end": 1585405170.546398}, "device": "cpu", "nd_range": {"device_start": 2072946.491910044, "device_end": 2072946.614513545}, "cmdq": 1, "read": {"device_start": -1, "device_end": -1}}, "FFC_sans_bias27": {"write": {"device_start": -1, "host_queued_start": 1585405170.463928, "device_queued": -1, "device_end": -1, "host_queued_end": 1585405170.546398}, "device": "cpu", "nd_range": {"device_start": 2072945.4731536212, "device_end": 2072945.595417401}, "cmdq": 2, "read": {"device_start": -1, "device_end": -1}}, "FFC_sans_bias20": {"write": {"device_start": -1, "host_queued_start": 1585405170.460639, "device_queued": -1, "device_end": -1, "host_queued_end": 1585405170.546398}, "device": "cpu", "nd_range": {"device_start": 2072944.866026997, "device_end": 2072944.9972185432}, "cmdq": 1, "read": {"device_start": -1, "device_end": -1}}, "FFC_sans_bias22": {"write": {"device_start": -1, "host_queued_start": 1585405170.513692, "device_queued": -1, "device_end": -1, "host_queued_end": 1585405170.546398}, "device": "cpu", "nd_range": {"device_start": 2072945.8436815112, "device_end": 2072945.9654327491}, "cmdq": 2, "read": {"device_start": -1, "device_end": -1}}, "softmax68": {"write": {"device_start": -1, "host_queued_start": 1585405170.51766, "device_queued": -1, "device_end": -1, "host_queued_end": 1585405170.546398}, "device": "cpu", "nd_range": {"device_start": 2072946.1609799021, "device_end": 2072946.161912274}, "cmdq": 0, "read": {"device_start": -1, "device_end": -1}}, "softmax5": {"write": {"device_start": -1, "host_queued_start": 1585405170.515743, "device_queued": -1, "device_end": -1, "host_queued_end": 1585405170.546398}, "device": "cpu", "nd_range": {"device_start": 2072946.0245227031, "device_end": 2072946.025456072}, "cmdq": 3, "read": {"device_start": -1, "device_end": -1}}, "FFC_sans_bias28": {"write": {"device_start": -1, "host_queued_start": 1585405170.467246, "device_queued": -1, "device_end": -1, "host_queued_end": 1585405170.546398}, "device": "cpu", "nd_range": {"device_start": 2072945.2300335171, "device_end": 2072945.353045256}, "cmdq": 3, "read": {"device_start": -1, "device_end": -1}}, "FFC_sans_bias29": {"write": {"device_start": -1, "host_queued_start": 1585405170.470517, "device_queued": -1, "device_end": -1, "host_queued_end": 1585405170.546398}, "device": "cpu", "nd_range": {"device_start": 2072945.4196539822, "device_end": 2072945.5472371122}, "cmdq": 4, "read": {"device_start": -1, "device_end": -1}}, "empty17": {"write": {"device_start": -1, "host_queued_start": 1585405170.415324, "device_queued": -1, "device_end": -1, "host_queued_end": 1585405170.546398}, "device": "cpu", "nd_range": {"device_start": 2072944.7365367082, "device_end": 2072944.736542266}, "cmdq": 1, "read": {"device_start": -1, "device_end": -1}}, "softmax59": {"write": {"device_start": -1, "host_queued_start": 1585405170.51739, "device_queued": -1, "device_end": -1, "host_queued_end": 1585405170.546398}, "device": "cpu", "nd_range": {"device_start": 2072946.123406466, "device_end": 2072946.1243423491}, "cmdq": 4, "read": {"device_start": -1, "device_end": -1}}, "empty71": {"write": {"device_start": -1, "host_queued_start": 1585405170.431104, "device_queued": -1, "device_end": -1, "host_queued_end": 1585405170.546398}, "device": "cpu", "nd_range": {"device_start": 2072944.858898817, "device_end": 2072944.8588994972}, "cmdq": 2, "read": {"device_start": -1, "device_end": -1}}, "empty35": {"write": {"device_start": -1, "host_queued_start": 1585405170.420608, "device_queued": -1, "device_end": -1, "host_queued_end": 1585405170.546398}, "device": "cpu", "nd_range": {"device_start": 2072944.981938475, "device_end": 2072944.981941933}, "cmdq": 3, "read": {"device_start": -1, "device_end": -1}}, "empty53": {"write": {"device_start": -1, "host_queued_start": 1585405170.425881, "device_queued": -1, "device_end": -1, "host_queued_end": 1585405170.546398}, "device": "cpu", "nd_range": {"device_start": 2072944.736065668, "device_end": 2072944.7360666841}, "cmdq": 0, "read": {"device_start": -1, "device_end": -1}}, "FFC_sans_bias46": {"write": {"device_start": -1, "host_queued_start": 1585405170.486963, "device_queued": -1, "device_end": -1, "host_queued_end": 1585405170.546398}, "device": "cpu", "nd_range": {"device_start": 2072945.5472583172, "device_end": 2072945.6755814862}, "cmdq": 4, "read": {"device_start": -1, "device_end": -1}}, "coalesced_transpose66": {"write": {"device_start": -1, "host_queued_start": 1585405170.512662, "device_queued": -1, "device_end": -1, "host_queued_end": 1585405170.546398}, "device": "cpu", "nd_range": {"device_start": 2072945.806712171, "device_end": 2072945.807869283}, "cmdq": 4, "read": {"device_start": -1, "device_end": -1}}, "coalesced_transpose48": {"write": {"device_start": -1, "host_queued_start": 1585405170.512004, "device_queued": -1, "device_end": -1, "host_queued_end": 1585405170.546398}, "device": "cpu", "nd_range": {"device_start": 2072945.842446912, "device_end": 2072945.8436691912}, "cmdq": 2, "read": {"device_start": -1, "device_end": -1}}}