{"FFC_sans_bias60": {"write": {"device_start": -1, "host_queued_start": 1585405061.229612, "device_queued": -1, "device_end": -1, "host_queued_end": 1585405061.256192}, "device": "gpu", "nd_range": {"device_start": 1585405001.2324252, "device_end": 1585405001.235742}, "cmdq": 0, "read": {"device_start": -1, "device_end": -1}}, "FFC_sans_bias4": {"write": {"device_start": -1, "host_queued_start": 1585405061.223072, "device_queued": -1, "device_end": -1, "host_queued_end": 1585405061.256192}, "device": "gpu", "nd_range": {"device_start": 1585405001.182282, "device_end": 1585405001.185615}, "cmdq": 0, "read": {"device_start": -1, "device_end": -1}}, "FFC_sans_bias7": {"write": {"device_start": 1585405001.239306, "host_queued_start": 1585405061.233117, "device_queued": 1585405001.1025047, "device_end": 1585405001.2394001, "host_queued_end": 1585405061.256192}, "device": "gpu", "nd_range": {"device_start": 1585405001.2394059, "device_end": 1585405001.2427166}, "cmdq": 0, "read": {"device_start": 1585405001.242722, "device_end": 1585405001.2428143}}, "FFC_sans_bias6": {"write": {"device_start": -1, "host_queued_start": 1585405061.227623, "device_queued": -1, "device_end": -1, "host_queued_end": 1585405061.256192}, "device": "gpu", "nd_range": {"device_start": 1585405001.212365, "device_end": 1585405001.2156982}, "cmdq": 0, "read": {"device_start": -1, "device_end": -1}}, "FFC_sans_bias1": {"write": {"device_start": 1585405001.0980382, "host_queued_start": 1585405061.147889, "device_queued": 1585405001.0931807, "device_end": 1585405001.098131, "host_queued_end": 1585405061.256192}, "device": "gpu", "nd_range": {"device_start": 1585405001.0981336, "device_end": 1585405001.101454}, "cmdq": 0, "read": {"device_start": -1, "device_end": -1}}, "FFC_sans_bias0": {"write": {"device_start": 1585405001.094379, "host_queued_start": 1585405061.144557, "device_queued": 1585405001.0927975, "device_end": 1585405001.0944724, "host_queued_end": 1585405061.256192}, "device": "gpu", "nd_range": {"device_start": 1585405001.0944822, "device_end": 1585405001.097807}, "cmdq": 0, "read": {"device_start": -1, "device_end": -1}}, "FFC_sans_bias2": {"write": {"device_start": 1585405001.1017163, "host_queued_start": 1585405061.151243, "device_queued": 1585405001.0935075, "device_end": 1585405001.1018028, "host_queued_end": 1585405061.256192}, "device": "gpu", "nd_range": {"device_start": 1585405001.1018052, "device_end": 1585405001.1051419}, "cmdq": 0, "read": {"device_start": -1, "device_end": -1}}, "FFC_sans_bias61": {"write": {"device_start": 1585405001.262869, "host_queued_start": 1585405061.25279, "device_queued": 1585405001.104091, "device_end": 1585405001.2629623, "host_queued_end": 1585405061.256192}, "device": "gpu", "nd_range": {"device_start": 1585405001.262968, "device_end": 1585405001.2662818}, "cmdq": 0, "read": {"device_start": 1585405001.266285, "device_end": 1585405001.2663703}}, "FFC_sans_bias52": {"write": {"device_start": 1585405001.2589285, "host_queued_start": 1585405061.249468, "device_queued": 1585405001.103852, "device_end": 1585405001.2590218, "host_queued_end": 1585405061.256192}, "device": "gpu", "nd_range": {"device_start": 1585405001.2590241, "device_end": 1585405001.2623627}, "cmdq": 0, "read": {"device_start": 1585405001.2623682, "device_end": 1585405001.2624533}}, "FFC_sans_bias9": {"write": {"device_start": 1585405001.1053474, "host_queued_start": 1585405061.154521, "device_queued": 1585405001.0938394, "device_end": 1585405001.105442, "host_queued_end": 1585405061.256192}, "device": "gpu", "nd_range": {"device_start": 1585405001.1054456, "device_end": 1585405001.1088042}, "cmdq": 0, "read": {"device_start": -1, "device_end": -1}}, "coalesced_transpose39": {"write": {"device_start": -1, "host_queued_start": 1585405061.221826, "device_queued": -1, "device_end": -1, "host_queued_end": 1585405061.256192}, "device": "gpu", "nd_range": {"device_start": 1585405001.182204, "device_end": 1585405001.182222}, "cmdq": 0, "read": {"device_start": -1, "device_end": -1}}, "FFC_sans_bias55": {"write": {"device_start": 1585405001.1677368, "host_queued_start": 1585405061.210392, "device_queued": 1585405001.097892, "device_end": 1585405001.1678298, "host_queued_end": 1585405061.256192}, "device": "gpu", "nd_range": {"device_start": 1585405001.1678364, "device_end": 1585405001.1711657}, "cmdq": 0, "read": {"device_start": -1, "device_end": -1}}, "FFC_sans_bias54": {"write": {"device_start": 1585405001.1640718, "host_queued_start": 1585405061.207164, "device_queued": 1585405001.097633, "device_end": 1585405001.164166, "host_queued_end": 1585405061.256192}, "device": "gpu", "nd_range": {"device_start": 1585405001.1641695, "device_end": 1585405001.1675127}, "cmdq": 0, "read": {"device_start": -1, "device_end": -1}}, "FFC_sans_bias56": {"write": {"device_start": 1585405001.1604161, "host_queued_start": 1585405061.20392, "device_queued": 1585405001.0974035, "device_end": 1585405001.1605096, "host_queued_end": 1585405061.256192}, "device": "gpu", "nd_range": {"device_start": 1585405001.160516, "device_end": 1585405001.1638496}, "cmdq": 0, "read": {"device_start": -1, "device_end": -1}}, "FFC_sans_bias51": {"write": {"device_start": -1, "host_queued_start": 1585405061.229294, "device_queued": -1, "device_end": -1, "host_queued_end": 1585405061.256192}, "device": "gpu", "nd_range": {"device_start": 1585405001.2290912, "device_end": 1585405001.232424}, "cmdq": 0, "read": {"device_start": -1, "device_end": -1}}, "softmax23": {"write": {"device_start": -1, "host_queued_start": 1585405061.226076, "device_queued": -1, "device_end": -1, "host_queued_end": 1585405061.256192}, "device": "gpu", "nd_range": {"device_start": 1585405001.2098377, "device_end": 1585405001.210257}, "cmdq": 0, "read": {"device_start": -1, "device_end": -1}}, "FFC_sans_bias37": {"write": {"device_start": 1585405001.142058, "host_queued_start": 1585405061.18757, "device_queued": 1585405001.0962646, "device_end": 1585405001.1421523, "host_queued_end": 1585405061.256192}, "device": "gpu", "nd_range": {"device_start": 1585405001.1421556, "device_end": 1585405001.145491}, "cmdq": 0, "read": {"device_start": -1, "device_end": -1}}, "empty62": {"write": {"device_start": 1585405001.0937128, "host_queued_start": 1585405061.139142, "device_queued": 1585405001.0924633, "device_end": 1585405001.0938044, "host_queued_end": 1585405061.256192}, "device": "gpu", "nd_range": {"device_start": 1585405001.0938075, "device_end": 1585405001.0938115}, "cmdq": 0, "read": {"device_start": -1, "device_end": -1}}, "FFC_sans_bias70": {"write": {"device_start": 1585405001.2667866, "host_queued_start": 1585405061.256067, "device_queued": 1585405001.1043327, "device_end": 1585405001.2668798, "host_queued_end": 1585405061.256192}, "device": "gpu", "nd_range": {"device_start": 1585405001.266885, "device_end": 1585405001.2702134}, "cmdq": 0, "read": {"device_start": 1585405001.270219, "device_end": 1585405001.2703032}}, "FFC_sans_bias58": {"write": {"device_start": -1, "host_queued_start": 1585405061.224992, "device_queued": -1, "device_end": -1, "host_queued_end": 1585405061.256192}, "device": "gpu", "nd_range": {"device_start": 1585405001.202315, "device_end": 1585405001.2056446}, "cmdq": 0, "read": {"device_start": -1, "device_end": -1}}, "softmax41": {"write": {"device_start": -1, "host_queued_start": 1585405061.226579, "device_queued": -1, "device_end": -1, "host_queued_end": 1585405061.256192}, "device": "gpu", "nd_range": {"device_start": 1585405001.2106807, "device_end": 1585405001.2111018}, "cmdq": 0, "read": {"device_start": -1, "device_end": -1}}, "FFC_sans_bias11": {"write": {"device_start": 1585405001.1126988, "host_queued_start": 1585405061.161356, "device_queued": 1585405001.0945077, "device_end": 1585405001.1127927, "host_queued_end": 1585405061.256192}, "device": "gpu", "nd_range": {"device_start": 1585405001.1127956, "device_end": 1585405001.1161544}, "cmdq": 0, "read": {"device_start": -1, "device_end": -1}}, "FFC_sans_bias10": {"write": {"device_start": 1585405001.1090543, "host_queued_start": 1585405061.157995, "device_queued": 1585405001.094148, "device_end": 1585405001.1091478, "host_queued_end": 1585405061.256192}, "device": "gpu", "nd_range": {"device_start": 1585405001.1091506, "device_end": 1585405001.1124778}, "cmdq": 0, "read": {"device_start": -1, "device_end": -1}}, "coalesced_transpose3": {"write": {"device_start": -1, "host_queued_start": 1585405061.220601, "device_queued": -1, "device_end": -1, "host_queued_end": 1585405061.256192}, "device": "gpu", "nd_range": {"device_start": 1585405001.1821275, "device_end": 1585405001.182145}, "cmdq": 0, "read": {"device_start": -1, "device_end": -1}}, "FFC_sans_bias34": {"write": {"device_start": 1585405001.2510703, "host_queued_start": 1585405061.242949, "device_queued": 1585405001.103316, "device_end": 1585405001.2511632, "host_queued_end": 1585405061.256192}, "device": "gpu", "nd_range": {"device_start": 1585405001.2511659, "device_end": 1585405001.2544897}, "cmdq": 0, "read": {"device_start": 1585405001.2544947, "device_end": 1585405001.2545798}}, "FFC_sans_bias15": {"write": {"device_start": -1, "host_queued_start": 1585405061.228021, "device_queued": -1, "device_end": -1, "host_queued_end": 1585405061.256192}, "device": "gpu", "nd_range": {"device_start": 1585405001.2156992, "device_end": 1585405001.2190363}, "cmdq": 0, "read": {"device_start": -1, "device_end": -1}}, "FFC_sans_bias31": {"write": {"device_start": -1, "host_queued_start": 1585405061.224027, "device_queued": -1, "device_end": -1, "host_queued_end": 1585405061.256192}, "device": "gpu", "nd_range": {"device_start": 1585405001.1922834, "device_end": 1585405001.1956313}, "cmdq": 0, "read": {"device_start": -1, "device_end": -1}}, "FFC_sans_bias16": {"write": {"device_start": 1585405001.2432272, "host_queued_start": 1585405061.23638, "device_queued": 1585405001.102777, "device_end": 1585405001.2433197, "host_queued_end": 1585405061.256192}, "device": "gpu", "nd_range": {"device_start": 1585405001.243322, "device_end": 1585405001.2466393}, "cmdq": 0, "read": {"device_start": 1585405001.2466414, "device_end": 1585405001.246727}}, "FFC_sans_bias19": {"write": {"device_start": 1585405001.120049, "host_queued_start": 1585405061.167906, "device_queued": 1585405001.0949538, "device_end": 1585405001.120144, "host_queued_end": 1585405061.256192}, "device": "gpu", "nd_range": {"device_start": 1585405001.1201472, "device_end": 1585405001.1234891}, "cmdq": 0, "read": {"device_start": -1, "device_end": -1}}, "FFC_sans_bias18": {"write": {"device_start": 1585405001.1163862, "host_queued_start": 1585405061.164646, "device_queued": 1585405001.0947285, "device_end": 1585405001.1164794, "host_queued_end": 1585405061.256192}, "device": "gpu", "nd_range": {"device_start": 1585405001.116486, "device_end": 1585405001.1198184}, "cmdq": 0, "read": {"device_start": -1, "device_end": -1}}, "coalesced_transpose30": {"write": {"device_start": -1, "host_queued_start": 1585405061.221519, "device_queued": -1, "device_end": -1, "host_queued_end": 1585405061.256192}, "device": "gpu", "nd_range": {"device_start": 1585405001.1821847, "device_end": 1585405001.182203}, "cmdq": 0, "read": {"device_start": -1, "device_end": -1}}, "FFC_sans_bias69": {"write": {"device_start": -1, "host_queued_start": 1585405061.229922, "device_queued": -1, "device_end": -1, "host_queued_end": 1585405061.256192}, "device": "gpu", "nd_range": {"device_start": 1585405001.235743, "device_end": 1585405001.239081}, "cmdq": 0, "read": {"device_start": -1, "device_end": -1}}, "FFC_sans_bias38": {"write": {"device_start": 1585405001.1457124, "host_queued_start": 1585405061.190858, "device_queued": 1585405001.0964925, "device_end": 1585405001.1458056, "host_queued_end": 1585405061.256192}, "device": "gpu", "nd_range": {"device_start": 1585405001.1458123, "device_end": 1585405001.1491733}, "cmdq": 0, "read": {"device_start": -1, "device_end": -1}}, "coalesced_transpose57": {"write": {"device_start": -1, "host_queued_start": 1585405061.222438, "device_queued": -1, "device_end": -1, "host_queued_end": 1585405061.256192}, "device": "gpu", "nd_range": {"device_start": 1585405001.1822429, "device_end": 1585405001.1822605}, "cmdq": 0, "read": {"device_start": -1, "device_end": -1}}, "empty26": {"write": {"device_start": 1585405001.092317, "host_queued_start": 1585405061.128751, "device_queued": 1585405001.0916615, "device_end": 1585405001.0924096, "host_queued_end": 1585405061.256192}, "device": "gpu", "nd_range": {"device_start": 1585405001.092419, "device_end": 1585405001.0924222}, "cmdq": 0, "read": {"device_start": -1, "device_end": -1}}, "coalesced_transpose12": {"write": {"device_start": -1, "host_queued_start": 1585405061.220911, "device_queued": -1, "device_end": -1, "host_queued_end": 1585405061.256192}, "device": "gpu", "nd_range": {"device_start": 1585405001.182146, "device_end": 1585405001.1821647}, "cmdq": 0, "read": {"device_start": -1, "device_end": -1}}, "empty44": {"write": {"device_start": 1585405001.0930512, "host_queued_start": 1585405061.133923, "device_queued": 1585405001.0920625, "device_end": 1585405001.0931435, "host_queued_end": 1585405061.256192}, "device": "gpu", "nd_range": {"device_start": 1585405001.0931478, "device_end": 1585405001.0931513}, "cmdq": 0, "read": {"device_start": -1, "device_end": -1}}, "coalesced_transpose21": {"write": {"device_start": -1, "host_queued_start": 1585405061.221215, "device_queued": -1, "device_end": -1, "host_queued_end": 1585405061.256192}, "device": "gpu", "nd_range": {"device_start": 1585405001.1821656, "device_end": 1585405001.1821837}, "cmdq": 0, "read": {"device_start": -1, "device_end": -1}}, "FFC_sans_bias36": {"write": {"device_start": 1585405001.1384113, "host_queued_start": 1585405061.184282, "device_queued": 1585405001.0960505, "device_end": 1585405001.1385045, "host_queued_end": 1585405061.256192}, "device": "gpu", "nd_range": {"device_start": 1585405001.1385112, "device_end": 1585405001.141837}, "cmdq": 0, "read": {"device_start": -1, "device_end": -1}}, "softmax14": {"write": {"device_start": -1, "host_queued_start": 1585405061.225827, "device_queued": -1, "device_end": -1, "host_queued_end": 1585405061.256192}, "device": "gpu", "nd_range": {"device_start": 1585405001.2094157, "device_end": 1585405001.2098358}, "cmdq": 0, "read": {"device_start": -1, "device_end": -1}}, "FFC_sans_bias13": {"write": {"device_start": -1, "host_queued_start": 1585405061.223391, "device_queued": -1, "device_end": -1, "host_queued_end": 1585405061.256192}, "device": "gpu", "nd_range": {"device_start": 1585405001.1856163, "device_end": 1585405001.1889505}, "cmdq": 0, "read": {"device_start": -1, "device_end": -1}}, "empty8": {"write": {"device_start": 1585405001.0915246, "host_queued_start": 1585405061.122784, "device_queued": 1585405001.091186, "device_end": 1585405001.0916176, "host_queued_end": 1585405061.256192}, "device": "gpu", "nd_range": {"device_start": 1585405001.09162, "device_end": 1585405001.0916245}, "cmdq": 0, "read": {"device_start": -1, "device_end": -1}}, "FFC_sans_bias42": {"write": {"device_start": -1, "host_queued_start": 1585405061.228981, "device_queued": -1, "device_end": -1, "host_queued_end": 1585405061.256192}, "device": "gpu", "nd_range": {"device_start": 1585405001.225749, "device_end": 1585405001.22909}, "cmdq": 0, "read": {"device_start": -1, "device_end": -1}}, "FFC_sans_bias43": {"write": {"device_start": 1585405001.2549973, "host_queued_start": 1585405061.246206, "device_queued": 1585405001.1035864, "device_end": 1585405001.255091, "host_queued_end": 1585405061.256192}, "device": "gpu", "nd_range": {"device_start": 1585405001.2550967, "device_end": 1585405001.2584274}, "cmdq": 0, "read": {"device_start": 1585405001.258432, "device_end": 1585405001.258517}}, "FFC_sans_bias40": {"write": {"device_start": -1, "host_queued_start": 1585405061.22434, "device_queued": -1, "device_end": -1, "host_queued_end": 1585405061.256192}, "device": "gpu", "nd_range": {"device_start": 1585405001.1956327, "device_end": 1585405001.1989748}, "cmdq": 0, "read": {"device_start": -1, "device_end": -1}}, "softmax32": {"write": {"device_start": -1, "host_queued_start": 1585405061.226328, "device_queued": -1, "device_end": -1, "host_queued_end": 1585405061.256192}, "device": "gpu", "nd_range": {"device_start": 1585405001.2102582, "device_end": 1585405001.2106788}, "cmdq": 0, "read": {"device_start": -1, "device_end": -1}}, "FFC_sans_bias47": {"write": {"device_start": 1585405001.1567461, "host_queued_start": 1585405061.200653, "device_queued": 1585405001.0971735, "device_end": 1585405001.1568398, "host_queued_end": 1585405061.256192}, "device": "gpu", "nd_range": {"device_start": 1585405001.156843, "device_end": 1585405001.1601923}, "cmdq": 0, "read": {"device_start": -1, "device_end": -1}}, "FFC_sans_bias45": {"write": {"device_start": 1585405001.149397, "host_queued_start": 1585405061.194096, "device_queued": 1585405001.0967104, "device_end": 1585405001.1494906, "host_queued_end": 1585405061.256192}, "device": "gpu", "nd_range": {"device_start": 1585405001.1494937, "device_end": 1585405001.152839}, "cmdq": 0, "read": {"device_start": -1, "device_end": -1}}, "softmax50": {"write": {"device_start": -1, "host_queued_start": 1585405061.226827, "device_queued": -1, "device_end": -1, "host_queued_end": 1585405061.256192}, "device": "gpu", "nd_range": {"device_start": 1585405001.2111027, "device_end": 1585405001.211522}, "cmdq": 0, "read": {"device_start": -1, "device_end": -1}}, "FFC_sans_bias33": {"write": {"device_start": -1, "host_queued_start": 1585405061.228661, "device_queued": -1, "device_end": -1, "host_queued_end": 1585405061.256192}, "device": "gpu", "nd_range": {"device_start": 1585405001.2223887, "device_end": 1585405001.2257478}, "cmdq": 0, "read": {"device_start": -1, "device_end": -1}}, "FFC_sans_bias63": {"write": {"device_start": 1585405001.1787016, "host_queued_start": 1585405061.220255, "device_queued": 1585405001.0986047, "device_end": 1585405001.1787956, "host_queued_end": 1585405061.256192}, "device": "gpu", "nd_range": {"device_start": 1585405001.1787994, "device_end": 1585405001.1821265}, "cmdq": 0, "read": {"device_start": -1, "device_end": -1}}, "FFC_sans_bias49": {"write": {"device_start": -1, "host_queued_start": 1585405061.224652, "device_queued": -1, "device_end": -1, "host_queued_end": 1585405061.256192}, "device": "gpu", "nd_range": {"device_start": 1585405001.1989758, "device_end": 1585405001.2023141}, "cmdq": 0, "read": {"device_start": -1, "device_end": -1}}, "FFC_sans_bias64": {"write": {"device_start": 1585405001.1713872, "host_queued_start": 1585405061.21365, "device_queued": 1585405001.0981443, "device_end": 1585405001.1714811, "host_queued_end": 1585405061.256192}, "device": "gpu", "nd_range": {"device_start": 1585405001.1714842, "device_end": 1585405001.1748376}, "cmdq": 0, "read": {"device_start": -1, "device_end": -1}}, "FFC_sans_bias65": {"write": {"device_start": 1585405001.1750593, "host_queued_start": 1585405061.216916, "device_queued": 1585405001.0983763, "device_end": 1585405001.1751523, "host_queued_end": 1585405061.256192}, "device": "gpu", "nd_range": {"device_start": 1585405001.1751592, "device_end": 1585405001.1784804}, "cmdq": 0, "read": {"device_start": -1, "device_end": -1}}, "FFC_sans_bias67": {"write": {"device_start": -1, "host_queued_start": 1585405061.225325, "device_queued": -1, "device_end": -1, "host_queued_end": 1585405061.256192}, "device": "gpu", "nd_range": {"device_start": 1585405001.2056456, "device_end": 1585405001.208992}, "cmdq": 0, "read": {"device_start": -1, "device_end": -1}}, "FFC_sans_bias24": {"write": {"device_start": -1, "host_queued_start": 1585405061.228339, "device_queued": -1, "device_end": -1, "host_queued_end": 1585405061.256192}, "device": "gpu", "nd_range": {"device_start": 1585405001.2190373, "device_end": 1585405001.2223878}, "cmdq": 0, "read": {"device_start": -1, "device_end": -1}}, "FFC_sans_bias25": {"write": {"device_start": 1585405001.2471411, "host_queued_start": 1585405061.239683, "device_queued": 1585405001.1030493, "device_end": 1585405001.247234, "host_queued_end": 1585405061.256192}, "device": "gpu", "nd_range": {"device_start": 1585405001.2472405, "device_end": 1585405001.2505705}, "cmdq": 0, "read": {"device_start": 1585405001.2505727, "device_end": 1585405001.250658}}, "FFC_sans_bias27": {"write": {"device_start": 1585405001.1273992, "host_queued_start": 1585405061.174419, "device_queued": 1585405001.0953984, "device_end": 1585405001.1274936, "host_queued_end": 1585405061.256192}, "device": "gpu", "nd_range": {"device_start": 1585405001.127497, "device_end": 1585405001.1308324}, "cmdq": 0, "read": {"device_start": -1, "device_end": -1}}, "FFC_sans_bias20": {"write": {"device_start": 1585405001.123719, "host_queued_start": 1585405061.171178, "device_queued": 1585405001.0951757, "device_end": 1585405001.123812, "host_queued_end": 1585405061.256192}, "device": "gpu", "nd_range": {"device_start": 1585405001.1238189, "device_end": 1585405001.127169}, "cmdq": 0, "read": {"device_start": -1, "device_end": -1}}, "FFC_sans_bias22": {"write": {"device_start": -1, "host_queued_start": 1585405061.223707, "device_queued": -1, "device_end": -1, "host_queued_end": 1585405061.256192}, "device": "gpu", "nd_range": {"device_start": 1585405001.1889517, "device_end": 1585405001.1922822}, "cmdq": 0, "read": {"device_start": -1, "device_end": -1}}, "softmax68": {"write": {"device_start": -1, "host_queued_start": 1585405061.227312, "device_queued": -1, "device_end": -1, "host_queued_end": 1585405061.256192}, "device": "gpu", "nd_range": {"device_start": 1585405001.2119443, "device_end": 1585405001.212364}, "cmdq": 0, "read": {"device_start": -1, "device_end": -1}}, "softmax5": {"write": {"device_start": -1, "host_queued_start": 1585405061.225579, "device_queued": -1, "device_end": -1, "host_queued_end": 1585405061.256192}, "device": "gpu", "nd_range": {"device_start": 1585405001.208994, "device_end": 1585405001.2094147}, "cmdq": 0, "read": {"device_start": -1, "device_end": -1}}, "FFC_sans_bias28": {"write": {"device_start": 1585405001.131057, "host_queued_start": 1585405061.177654, "device_queued": 1585405001.095624, "device_end": 1585405001.1311507, "host_queued_end": 1585405061.256192}, "device": "gpu", "nd_range": {"device_start": 1585405001.1311536, "device_end": 1585405001.1345105}, "cmdq": 0, "read": {"device_start": -1, "device_end": -1}}, "FFC_sans_bias29": {"write": {"device_start": 1585405001.1347332, "host_queued_start": 1585405061.18098, "device_queued": 1585405001.0958402, "device_end": 1585405001.1348279, "host_queued_end": 1585405061.256192}, "device": "gpu", "nd_range": {"device_start": 1585405001.1348314, "device_end": 1585405001.1381865}, "cmdq": 0, "read": {"device_start": -1, "device_end": -1}}, "empty17": {"write": {"device_start": 1585405001.09193, "host_queued_start": 1585405061.126126, "device_queued": 1585405001.0914385, "device_end": 1585405001.092023, "host_queued_end": 1585405061.256192}, "device": "gpu", "nd_range": {"device_start": 1585405001.0920253, "device_end": 1585405001.092029}, "cmdq": 0, "read": {"device_start": -1, "device_end": -1}}, "softmax59": {"write": {"device_start": -1, "host_queued_start": 1585405061.22707, "device_queued": -1, "device_end": -1, "host_queued_end": 1585405061.256192}, "device": "gpu", "nd_range": {"device_start": 1585405001.211523, "device_end": 1585405001.2119431}, "cmdq": 0, "read": {"device_start": -1, "device_end": -1}}, "empty71": {"write": {"device_start": 1585405001.0940435, "host_queued_start": 1585405061.141747, "device_queued": 1585405001.0926056, "device_end": 1585405001.0941372, "host_queued_end": 1585405061.256192}, "device": "gpu", "nd_range": {"device_start": 1585405001.0941474, "device_end": 1585405001.094151}, "cmdq": 0, "read": {"device_start": -1, "device_end": -1}}, "empty35": {"write": {"device_start": 1585405001.0926702, "host_queued_start": 1585405061.131348, "device_queued": 1585405001.0918088, "device_end": 1585405001.0927627, "host_queued_end": 1585405061.256192}, "device": "gpu", "nd_range": {"device_start": 1585405001.0927658, "device_end": 1585405001.0927694}, "cmdq": 0, "read": {"device_start": -1, "device_end": -1}}, "empty53": {"write": {"device_start": 1585405001.093379, "host_queued_start": 1585405061.136533, "device_queued": 1585405001.092211, "device_end": 1585405001.0934718, "host_queued_end": 1585405061.256192}, "device": "gpu", "nd_range": {"device_start": 1585405001.0934744, "device_end": 1585405001.0934782}, "cmdq": 0, "read": {"device_start": -1, "device_end": -1}}, "FFC_sans_bias46": {"write": {"device_start": 1585405001.1530638, "host_queued_start": 1585405061.197357, "device_queued": 1585405001.0969357, "device_end": 1585405001.1531575, "host_queued_end": 1585405061.256192}, "device": "gpu", "nd_range": {"device_start": 1585405001.1531603, "device_end": 1585405001.156523}, "cmdq": 0, "read": {"device_start": -1, "device_end": -1}}, "coalesced_transpose66": {"write": {"device_start": -1, "host_queued_start": 1585405061.222749, "device_queued": -1, "device_end": -1, "host_queued_end": 1585405061.256192}, "device": "gpu", "nd_range": {"device_start": 1585405001.1822617, "device_end": 1585405001.1822808}, "cmdq": 0, "read": {"device_start": -1, "device_end": -1}}, "coalesced_transpose48": {"write": {"device_start": -1, "host_queued_start": 1585405061.222132, "device_queued": -1, "device_end": -1, "host_queued_end": 1585405061.256192}, "device": "gpu", "nd_range": {"device_start": 1585405001.1822228, "device_end": 1585405001.182242}, "cmdq": 0, "read": {"device_start": -1, "device_end": -1}}}