{"FFC_sans_bias60": {"write": {"device_start": -1, "host_queued_start": 1585405329.773827, "device_queued": -1, "device_end": -1, "host_queued_end": 1585405329.797268}, "device": "gpu", "nd_range": {"device_start": 1585405269.7515786, "device_end": 1585405269.7586167}, "cmdq": 0, "read": {"device_start": -1, "device_end": -1}}, "FFC_sans_bias4": {"write": {"device_start": -1, "host_queued_start": 1585405329.813599, "device_queued": -1, "device_end": -1, "host_queued_end": 1585405329.817747}, "device": "cpu", "nd_range": {"device_start": 2073104.111321204, "device_end": 2073104.1489648002}, "cmdq": 0, "read": {"device_start": -1, "device_end": -1}}, "FFC_sans_bias7": {"write": {"device_start": -1, "host_queued_start": 1585405329.817692, "device_queued": -1, "device_end": -1, "host_queued_end": 1585405329.817747}, "device": "cpu", "nd_range": {"device_start": 2073104.193163844, "device_end": 2073104.2405279381}, "cmdq": 3, "read": {"device_start": -1, "device_end": -1}}, "FFC_sans_bias6": {"write": {"device_start": -1, "host_queued_start": 1585405329.814229, "device_queued": -1, "device_end": -1, "host_queued_end": 1585405329.817747}, "device": "cpu", "nd_range": {"device_start": 2073104.1499931281, "device_end": 2073104.192646325}, "cmdq": 2, "read": {"device_start": -1, "device_end": -1}}, "FFC_sans_bias1": {"write": {"device_start": -1, "host_queued_start": 1585405329.808985, "device_queued": -1, "device_end": -1, "host_queued_end": 1585405329.817747}, "device": "cpu", "nd_range": {"device_start": 2073104.007374738, "device_end": 2073104.1108255552}, "cmdq": 2, "read": {"device_start": -1, "device_end": -1}}, "FFC_sans_bias0": {"write": {"device_start": -1, "host_queued_start": 1585405329.805089, "device_queued": -1, "device_end": -1, "host_queued_end": 1585405329.817747}, "device": "cpu", "nd_range": {"device_start": 2073104.0073613082, "device_end": 2073104.0694361902}, "cmdq": 1, "read": {"device_start": -1, "device_end": -1}}, "FFC_sans_bias2": {"write": {"device_start": -1, "host_queued_start": 1585405329.812799, "device_queued": -1, "device_end": -1, "host_queued_end": 1585405329.817747}, "device": "cpu", "nd_range": {"device_start": 2073104.007376837, "device_end": 2073104.1014780302}, "cmdq": 3, "read": {"device_start": -1, "device_end": -1}}, "FFC_sans_bias61": {"write": {"device_start": 1585405269.7768354, "host_queued_start": 1585405329.793878, "device_queued": 1585405269.6371584, "device_end": 1585405269.7769303, "host_queued_end": 1585405329.797268}, "device": "gpu", "nd_range": {"device_start": 1585405269.776943, "device_end": 1585405269.7833347}, "cmdq": 1, "read": {"device_start": 1585405269.783345, "device_end": 1585405269.7834308}}, "FFC_sans_bias52": {"write": {"device_start": 1585405269.7732868, "host_queued_start": 1585405329.79061, "device_queued": 1585405269.6368892, "device_end": 1585405269.7733796, "host_queued_end": 1585405329.797268}, "device": "gpu", "nd_range": {"device_start": 1585405269.773393, "device_end": 1585405269.7798295}, "cmdq": 0, "read": {"device_start": 1585405269.779836, "device_end": 1585405269.7799253}}, "FFC_sans_bias9": {"write": {"device_start": 1585405269.627073, "host_queued_start": 1585405329.69957, "device_queued": 1585405269.6267722, "device_end": 1585405269.627169, "host_queued_end": 1585405329.797268}, "device": "gpu", "nd_range": {"device_start": 1585405269.6271741, "device_end": 1585405269.6308212}, "cmdq": 1, "read": {"device_start": -1, "device_end": -1}}, "coalesced_transpose39": {"write": {"device_start": -1, "host_queued_start": 1585405329.76694, "device_queued": -1, "device_end": -1, "host_queued_end": 1585405329.797268}, "device": "gpu", "nd_range": {"device_start": 1585405269.7109199, "device_end": 1585405269.7109418}, "cmdq": 1, "read": {"device_start": -1, "device_end": -1}}, "FFC_sans_bias55": {"write": {"device_start": 1585405269.6935303, "host_queued_start": 1585405329.755814, "device_queued": 1585405269.631346, "device_end": 1585405269.6936264, "host_queued_end": 1585405329.797268}, "device": "gpu", "nd_range": {"device_start": 1585405269.693636, "device_end": 1585405269.7003138}, "cmdq": 0, "read": {"device_start": -1, "device_end": -1}}, "FFC_sans_bias54": {"write": {"device_start": 1585405269.6899693, "host_queued_start": 1585405329.752558, "device_queued": 1585405269.6310084, "device_end": 1585405269.690067, "host_queued_end": 1585405329.797268}, "device": "gpu", "nd_range": {"device_start": 1585405269.6900713, "device_end": 1585405269.6967769}, "cmdq": 1, "read": {"device_start": -1, "device_end": -1}}, "FFC_sans_bias56": {"write": {"device_start": 1585405269.6864915, "host_queued_start": 1585405329.749277, "device_queued": 1585405269.6306944, "device_end": 1585405269.686591, "host_queued_end": 1585405329.797268}, "device": "gpu", "nd_range": {"device_start": 1585405269.6865976, "device_end": 1585405269.6932497}, "cmdq": 0, "read": {"device_start": -1, "device_end": -1}}, "FFC_sans_bias51": {"write": {"device_start": -1, "host_queued_start": 1585405329.773509, "device_queued": -1, "device_end": -1, "host_queued_end": 1585405329.797268}, "device": "gpu", "nd_range": {"device_start": 1585405269.7481155, "device_end": 1585405269.7551222}, "cmdq": 1, "read": {"device_start": -1, "device_end": -1}}, "softmax23": {"write": {"device_start": -1, "host_queued_start": 1585405329.770621, "device_queued": -1, "device_end": -1, "host_queued_end": 1585405329.797268}, "device": "gpu", "nd_range": {"device_start": 1585405269.7359037, "device_end": 1585405269.7363591}, "cmdq": 1, "read": {"device_start": -1, "device_end": -1}}, "FFC_sans_bias37": {"write": {"device_start": 1585405269.6688812, "host_queued_start": 1585405329.732882, "device_queued": 1585405269.6295426, "device_end": 1585405269.6689794, "host_queued_end": 1585405329.797268}, "device": "gpu", "nd_range": {"device_start": 1585405269.6689851, "device_end": 1585405269.675627}, "cmdq": 1, "read": {"device_start": -1, "device_end": -1}}, "empty62": {"write": {"device_start": 1585405269.6264546, "host_queued_start": 1585405329.694071, "device_queued": 1585405269.6260993, "device_end": 1585405269.6267517, "host_queued_end": 1585405329.797268}, "device": "gpu", "nd_range": {"device_start": 1585405269.6267552, "device_end": 1585405269.6267624}, "cmdq": 1, "read": {"device_start": -1, "device_end": -1}}, "FFC_sans_bias70": {"write": {"device_start": 1585405269.7803524, "host_queued_start": 1585405329.797136, "device_queued": 1585405269.637468, "device_end": 1585405269.780445, "host_queued_end": 1585405329.797268}, "device": "gpu", "nd_range": {"device_start": 1585405269.7804573, "device_end": 1585405269.7867692}, "cmdq": 0, "read": {"device_start": 1585405269.7867777, "device_end": 1585405269.7868729}}, "FFC_sans_bias58": {"write": {"device_start": -1, "host_queued_start": 1585405329.769786, "device_queued": -1, "device_end": -1, "host_queued_end": 1585405329.797268}, "device": "gpu", "nd_range": {"device_start": 1585405269.7217717, "device_end": 1585405269.7287776}, "cmdq": 0, "read": {"device_start": -1, "device_end": -1}}, "softmax41": {"write": {"device_start": -1, "host_queued_start": 1585405329.771131, "device_queued": -1, "device_end": -1, "host_queued_end": 1585405329.797268}, "device": "gpu", "nd_range": {"device_start": 1585405269.736371, "device_end": 1585405269.736829}, "cmdq": 1, "read": {"device_start": -1, "device_end": -1}}, "FFC_sans_bias11": {"write": {"device_start": 1585405269.6312246, "host_queued_start": 1585405329.706312, "device_queued": 1585405269.6276717, "device_end": 1585405269.6313248, "host_queued_end": 1585405329.797268}, "device": "gpu", "nd_range": {"device_start": 1585405269.6313283, "device_end": 1585405269.6379824}, "cmdq": 1, "read": {"device_start": -1, "device_end": -1}}, "FFC_sans_bias10": {"write": {"device_start": 1585405269.627537, "host_queued_start": 1585405329.702911, "device_queued": 1585405269.6272497, "device_end": 1585405269.62766, "host_queued_end": 1585405329.797268}, "device": "gpu", "nd_range": {"device_start": 1585405269.6276624, "device_end": 1585405269.634431}, "cmdq": 0, "read": {"device_start": -1, "device_end": -1}}, "coalesced_transpose3": {"write": {"device_start": -1, "host_queued_start": 1585405329.813219, "device_queued": -1, "device_end": -1, "host_queued_end": 1585405329.817747}, "device": "cpu", "nd_range": {"device_start": 2073104.110857893, "device_end": 2073104.1113098732}, "cmdq": 4, "read": {"device_start": -1, "device_end": -1}}, "FFC_sans_bias34": {"write": {"device_start": 1585405269.7663188, "host_queued_start": 1585405329.78409, "device_queued": 1585405269.636342, "device_end": 1585405269.7664196, "host_queued_end": 1585405329.797268}, "device": "gpu", "nd_range": {"device_start": 1585405269.7664335, "device_end": 1585405269.7727253}, "cmdq": 0, "read": {"device_start": 1585405269.7727342, "device_end": 1585405269.7728279}}, "FFC_sans_bias15": {"write": {"device_start": -1, "host_queued_start": 1585405329.772228, "device_queued": -1, "device_end": -1, "host_queued_end": 1585405329.797268}, "device": "gpu", "nd_range": {"device_start": 1585405269.737306, "device_end": 1585405269.7409732}, "cmdq": 1, "read": {"device_start": -1, "device_end": -1}}, "FFC_sans_bias31": {"write": {"device_start": -1, "host_queued_start": 1585405329.768831, "device_queued": -1, "device_end": -1, "host_queued_end": 1585405329.797268}, "device": "gpu", "nd_range": {"device_start": 1585405269.718193, "device_end": 1585405269.7253358}, "cmdq": 1, "read": {"device_start": -1, "device_end": -1}}, "FFC_sans_bias16": {"write": {"device_start": 1585405269.7589264, "host_queued_start": 1585405329.777492, "device_queued": 1585405269.6357894, "device_end": 1585405269.7590256, "host_queued_end": 1585405329.797268}, "device": "gpu", "nd_range": {"device_start": 1585405269.7590399, "device_end": 1585405269.7657027}, "cmdq": 0, "read": {"device_start": 1585405269.7657094, "device_end": 1585405269.7658083}}, "FFC_sans_bias19": {"write": {"device_start": 1585405269.6383939, "host_queued_start": 1585405329.713088, "device_queued": 1585405269.6281483, "device_end": 1585405269.6384976, "host_queued_end": 1585405329.797268}, "device": "gpu", "nd_range": {"device_start": 1585405269.638502, "device_end": 1585405269.6450162}, "cmdq": 1, "read": {"device_start": -1, "device_end": -1}}, "FFC_sans_bias18": {"write": {"device_start": 1585405269.6348898, "host_queued_start": 1585405329.709798, "device_queued": 1585405269.6279178, "device_end": 1585405269.6350143, "host_queued_end": 1585405329.797268}, "device": "gpu", "nd_range": {"device_start": 1585405269.6350198, "device_end": 1585405269.6414502}, "cmdq": 0, "read": {"device_start": -1, "device_end": -1}}, "coalesced_transpose30": {"write": {"device_start": -1, "host_queued_start": 1585405329.766628, "device_queued": -1, "device_end": -1, "host_queued_end": 1585405329.797268}, "device": "gpu", "nd_range": {"device_start": 1585405269.7106786, "device_end": 1585405269.710712}, "cmdq": 0, "read": {"device_start": -1, "device_end": -1}}, "FFC_sans_bias69": {"write": {"device_start": -1, "host_queued_start": 1585405329.774231, "device_queued": -1, "device_end": -1, "host_queued_end": 1585405329.797268}, "device": "gpu", "nd_range": {"device_start": 1585405269.7551339, "device_end": 1585405269.762164}, "cmdq": 1, "read": {"device_start": -1, "device_end": -1}}, "FFC_sans_bias38": {"write": {"device_start": 1585405269.672303, "host_queued_start": 1585405329.736155, "device_queued": 1585405269.6297622, "device_end": 1585405269.6724005, "host_queued_end": 1585405329.797268}, "device": "gpu", "nd_range": {"device_start": 1585405269.6724072, "device_end": 1585405269.6791048}, "cmdq": 0, "read": {"device_start": -1, "device_end": -1}}, "coalesced_transpose57": {"write": {"device_start": -1, "host_queued_start": 1585405329.767558, "device_queued": -1, "device_end": -1, "host_queued_end": 1585405329.797268}, "device": "gpu", "nd_range": {"device_start": 1585405269.7109525, "device_end": 1585405269.7144117}, "cmdq": 1, "read": {"device_start": -1, "device_end": -1}}, "empty26": {"write": {"device_start": 1585405269.6251328, "host_queued_start": 1585405329.683292, "device_queued": 1585405269.6247358, "device_end": 1585405269.625339, "host_queued_end": 1585405329.797268}, "device": "gpu", "nd_range": {"device_start": 1585405269.6253426, "device_end": 1585405269.6253479}, "cmdq": 1, "read": {"device_start": -1, "device_end": -1}}, "coalesced_transpose12": {"write": {"device_start": -1, "host_queued_start": 1585405329.765994, "device_queued": -1, "device_end": -1, "host_queued_end": 1585405329.797268}, "device": "gpu", "nd_range": {"device_start": 1585405269.7073922, "device_end": 1585405269.7106771}, "cmdq": 0, "read": {"device_start": -1, "device_end": -1}}, "empty44": {"write": {"device_start": 1585405269.6258142, "host_queued_start": 1585405329.688847, "device_queued": 1585405269.625361, "device_end": 1585405269.6260803, "host_queued_end": 1585405329.797268}, "device": "gpu", "nd_range": {"device_start": 1585405269.626089, "device_end": 1585405269.6260931}, "cmdq": 1, "read": {"device_start": -1, "device_end": -1}}, "coalesced_transpose21": {"write": {"device_start": -1, "host_queued_start": 1585405329.766306, "device_queued": -1, "device_end": -1, "host_queued_end": 1585405329.797268}, "device": "gpu", "nd_range": {"device_start": 1585405269.7108982, "device_end": 1585405269.7109184}, "cmdq": 1, "read": {"device_start": -1, "device_end": -1}}, "FFC_sans_bias36": {"write": {"device_start": 1585405269.6652977, "host_queued_start": 1585405329.729604, "device_queued": 1585405269.629325, "device_end": 1585405269.6653974, "host_queued_end": 1585405329.797268}, "device": "gpu", "nd_range": {"device_start": 1585405269.6654053, "device_end": 1585405269.672026}, "cmdq": 0, "read": {"device_start": -1, "device_end": -1}}, "softmax14": {"write": {"device_start": -1, "host_queued_start": 1585405329.77036, "device_queued": -1, "device_end": -1, "host_queued_end": 1585405329.797268}, "device": "gpu", "nd_range": {"device_start": 1585405269.728789, "device_end": 1585405269.7330418}, "cmdq": 0, "read": {"device_start": -1, "device_end": -1}}, "FFC_sans_bias13": {"write": {"device_start": -1, "host_queued_start": 1585405329.768186, "device_queued": -1, "device_end": -1, "host_queued_end": 1585405329.797268}, "device": "gpu", "nd_range": {"device_start": 1585405269.714425, "device_end": 1585405269.7181814}, "cmdq": 1, "read": {"device_start": -1, "device_end": -1}}, "empty8": {"write": {"device_start": -1, "host_queued_start": 1585405329.801635, "device_queued": -1, "device_end": -1, "host_queued_end": 1585405329.817747}, "device": "cpu", "nd_range": {"device_start": 2073104.0073344111, "device_end": 2073104.007346526}, "cmdq": 0, "read": {"device_start": -1, "device_end": -1}}, "FFC_sans_bias42": {"write": {"device_start": -1, "host_queued_start": 1585405329.773191, "device_queued": -1, "device_end": -1, "host_queued_end": 1585405329.797268}, "device": "gpu", "nd_range": {"device_start": 1585405269.744563, "device_end": 1585405269.751567}, "cmdq": 0, "read": {"device_start": -1, "device_end": -1}}, "FFC_sans_bias43": {"write": {"device_start": 1585405269.7698038, "host_queued_start": 1585405329.787357, "device_queued": 1585405269.6365936, "device_end": 1585405269.769899, "host_queued_end": 1585405329.797268}, "device": "gpu", "nd_range": {"device_start": 1585405269.769912, "device_end": 1585405269.7762969}, "cmdq": 1, "read": {"device_start": 1585405269.7763064, "device_end": 1585405269.776397}}, "FFC_sans_bias40": {"write": {"device_start": -1, "host_queued_start": 1585405329.76915, "device_queued": -1, "device_end": -1, "host_queued_end": 1585405329.797268}, "device": "gpu", "nd_range": {"device_start": 1585405269.7146072, "device_end": 1585405269.7217584}, "cmdq": 0, "read": {"device_start": -1, "device_end": -1}}, "softmax32": {"write": {"device_start": -1, "host_queued_start": 1585405329.770877, "device_queued": -1, "device_end": -1, "host_queued_end": 1585405329.797268}, "device": "gpu", "nd_range": {"device_start": 1585405269.7330549, "device_end": 1585405269.736484}, "cmdq": 0, "read": {"device_start": -1, "device_end": -1}}, "FFC_sans_bias47": {"write": {"device_start": 1585405269.6829185, "host_queued_start": 1585405329.74599, "device_queued": 1585405269.6304624, "device_end": 1585405269.6830156, "host_queued_end": 1585405329.797268}, "device": "gpu", "nd_range": {"device_start": 1585405269.68302, "device_end": 1585405269.6897006}, "cmdq": 1, "read": {"device_start": -1, "device_end": -1}}, "FFC_sans_bias45": {"write": {"device_start": 1585405269.675904, "host_queued_start": 1585405329.739465, "device_queued": 1585405269.62999, "device_end": 1585405269.6760097, "host_queued_end": 1585405329.797268}, "device": "gpu", "nd_range": {"device_start": 1585405269.6760154, "device_end": 1585405269.682656}, "cmdq": 1, "read": {"device_start": -1, "device_end": -1}}, "softmax50": {"write": {"device_start": -1, "host_queued_start": 1585405329.771386, "device_queued": -1, "device_end": -1, "host_queued_end": 1585405329.797268}, "device": "gpu", "nd_range": {"device_start": 1585405269.7364962, "device_end": 1585405269.736951}, "cmdq": 0, "read": {"device_start": -1, "device_end": -1}}, "FFC_sans_bias33": {"write": {"device_start": -1, "host_queued_start": 1585405329.772869, "device_queued": -1, "device_end": -1, "host_queued_end": 1585405329.797268}, "device": "gpu", "nd_range": {"device_start": 1585405269.7409847, "device_end": 1585405269.7481036}, "cmdq": 1, "read": {"device_start": -1, "device_end": -1}}, "FFC_sans_bias63": {"write": {"device_start": 1585405269.7041285, "host_queued_start": 1585405329.765644, "device_queued": 1585405269.6320713, "device_end": 1585405269.7042248, "host_queued_end": 1585405329.797268}, "device": "gpu", "nd_range": {"device_start": 1585405269.7042298, "device_end": 1585405269.7108967}, "cmdq": 1, "read": {"device_start": -1, "device_end": -1}}, "FFC_sans_bias49": {"write": {"device_start": -1, "host_queued_start": 1585405329.769468, "device_queued": -1, "device_end": -1, "host_queued_end": 1585405329.797268}, "device": "gpu", "nd_range": {"device_start": 1585405269.7253492, "device_end": 1585405269.7322528}, "cmdq": 1, "read": {"device_start": -1, "device_end": -1}}, "FFC_sans_bias64": {"write": {"device_start": 1585405269.6970487, "host_queued_start": 1585405329.75913, "device_queued": 1585405269.631595, "device_end": 1585405269.6971498, "host_queued_end": 1585405329.797268}, "device": "gpu", "nd_range": {"device_start": 1585405269.6971545, "device_end": 1585405269.7038574}, "cmdq": 1, "read": {"device_start": -1, "device_end": -1}}, "FFC_sans_bias65": {"write": {"device_start": 1585405269.700598, "host_queued_start": 1585405329.762386, "device_queued": 1585405269.6318262, "device_end": 1585405269.700697, "host_queued_end": 1585405329.797268}, "device": "gpu", "nd_range": {"device_start": 1585405269.7007036, "device_end": 1585405269.7073898}, "cmdq": 0, "read": {"device_start": -1, "device_end": -1}}, "FFC_sans_bias67": {"write": {"device_start": -1, "host_queued_start": 1585405329.770104, "device_queued": -1, "device_end": -1, "host_queued_end": 1585405329.797268}, "device": "gpu", "nd_range": {"device_start": 1585405269.7322657, "device_end": 1585405269.7358916}, "cmdq": 1, "read": {"device_start": -1, "device_end": -1}}, "FFC_sans_bias24": {"write": {"device_start": -1, "host_queued_start": 1585405329.77255, "device_queued": -1, "device_end": -1, "host_queued_end": 1585405329.797268}, "device": "gpu", "nd_range": {"device_start": 1585405269.7375116, "device_end": 1585405269.7445514}, "cmdq": 0, "read": {"device_start": -1, "device_end": -1}}, "FFC_sans_bias25": {"write": {"device_start": 1585405269.7624233, "host_queued_start": 1585405329.780802, "device_queued": 1585405269.6360369, "device_end": 1585405269.7625213, "host_queued_end": 1585405329.797268}, "device": "gpu", "nd_range": {"device_start": 1585405269.7625344, "device_end": 1585405269.7692282}, "cmdq": 1, "read": {"device_start": 1585405269.7692378, "device_end": 1585405269.7693334}}, "FFC_sans_bias27": {"write": {"device_start": 1585405269.6574512, "host_queued_start": 1585405329.719785, "device_queued": 1585405269.6286235, "device_end": 1585405269.6577559, "host_queued_end": 1585405329.797268}, "device": "gpu", "nd_range": {"device_start": 1585405269.6577628, "device_end": 1585405269.661412}, "cmdq": 1, "read": {"device_start": -1, "device_end": -1}}, "FFC_sans_bias20": {"write": {"device_start": 1585405269.6418715, "host_queued_start": 1585405329.716478, "device_queued": 1585405269.6283953, "device_end": 1585405269.6419768, "host_queued_end": 1585405329.797268}, "device": "gpu", "nd_range": {"device_start": 1585405269.6419811, "device_end": 1585405269.6485448}, "cmdq": 0, "read": {"device_start": -1, "device_end": -1}}, "FFC_sans_bias22": {"write": {"device_start": -1, "host_queued_start": 1585405329.768509, "device_queued": -1, "device_end": -1, "host_queued_end": 1585405329.797268}, "device": "gpu", "nd_range": {"device_start": 1585405269.7109363, "device_end": 1585405269.7145936}, "cmdq": 0, "read": {"device_start": -1, "device_end": -1}}, "softmax68": {"write": {"device_start": -1, "host_queued_start": 1585405329.77191, "device_queued": -1, "device_end": -1, "host_queued_end": 1585405329.797268}, "device": "gpu", "nd_range": {"device_start": 1585405269.7369637, "device_end": 1585405269.7374997}, "cmdq": 0, "read": {"device_start": -1, "device_end": -1}}, "softmax5": {"write": {"device_start": -1, "host_queued_start": 1585405329.813881, "device_queued": -1, "device_end": -1, "host_queued_end": 1585405329.817747}, "device": "cpu", "nd_range": {"device_start": 2073104.1490634321, "device_end": 2073104.1499486961}, "cmdq": 1, "read": {"device_start": -1, "device_end": -1}}, "FFC_sans_bias28": {"write": {"device_start": 1585405269.6577582, "host_queued_start": 1585405329.723107, "device_queued": 1585405269.628853, "device_end": 1585405269.6578646, "host_queued_end": 1585405329.797268}, "device": "gpu", "nd_range": {"device_start": 1585405269.6578705, "device_end": 1585405269.6650229}, "cmdq": 0, "read": {"device_start": -1, "device_end": -1}}, "FFC_sans_bias29": {"write": {"device_start": 1585405269.661684, "host_queued_start": 1585405329.726356, "device_queued": 1585405269.6290767, "device_end": 1585405269.6617813, "host_queued_end": 1585405329.797268}, "device": "gpu", "nd_range": {"device_start": 1585405269.661787, "device_end": 1585405269.6685984}, "cmdq": 1, "read": {"device_start": -1, "device_end": -1}}, "empty17": {"write": {"device_start": 1585405269.624778, "host_queued_start": 1585405329.679916, "device_queued": 1585405269.6244185, "device_end": 1585405269.6249871, "host_queued_end": 1585405329.797268}, "device": "gpu", "nd_range": {"device_start": 1585405269.6249907, "device_end": 1585405269.6249976}, "cmdq": 0, "read": {"device_start": -1, "device_end": -1}}, "softmax59": {"write": {"device_start": -1, "host_queued_start": 1585405329.771641, "device_queued": -1, "device_end": -1, "host_queued_end": 1585405329.797268}, "device": "gpu", "nd_range": {"device_start": 1585405269.7368407, "device_end": 1585405269.7372935}, "cmdq": 1, "read": {"device_start": -1, "device_end": -1}}, "empty71": {"write": {"device_start": 1585405269.6267743, "host_queued_start": 1585405329.696711, "device_queued": 1585405269.6264415, "device_end": 1585405269.6270664, "host_queued_end": 1585405329.797268}, "device": "gpu", "nd_range": {"device_start": 1585405269.627077, "device_end": 1585405269.6270869}, "cmdq": 0, "read": {"device_start": -1, "device_end": -1}}, "empty35": {"write": {"device_start": 1585405269.6254904, "host_queued_start": 1585405329.686206, "device_queued": 1585405269.6250112, "device_end": 1585405269.6257725, "host_queued_end": 1585405329.797268}, "device": "gpu", "nd_range": {"device_start": 1585405269.6257863, "device_end": 1585405269.6257904}, "cmdq": 0, "read": {"device_start": -1, "device_end": -1}}, "empty53": {"write": {"device_start": 1585405269.6261325, "host_queued_start": 1585405329.69148, "device_queued": 1585405269.625796, "device_end": 1585405269.626422, "host_queued_end": 1585405329.797268}, "device": "gpu", "nd_range": {"device_start": 1585405269.6264317, "device_end": 1585405269.6264362}, "cmdq": 0, "read": {"device_start": -1, "device_end": -1}}, "FFC_sans_bias46": {"write": {"device_start": 1585405269.679384, "host_queued_start": 1585405329.74274, "device_queued": 1585405269.63022, "device_end": 1585405269.679484, "host_queued_end": 1585405329.797268}, "device": "gpu", "nd_range": {"device_start": 1585405269.6794884, "device_end": 1585405269.6862106}, "cmdq": 0, "read": {"device_start": -1, "device_end": -1}}, "coalesced_transpose66": {"write": {"device_start": -1, "host_queued_start": 1585405329.767861, "device_queued": -1, "device_end": -1, "host_queued_end": 1585405329.797268}, "device": "gpu", "nd_range": {"device_start": 1585405269.7107615, "device_end": 1585405269.7107923}, "cmdq": 0, "read": {"device_start": -1, "device_end": -1}}, "coalesced_transpose48": {"write": {"device_start": -1, "host_queued_start": 1585405329.767248, "device_queued": -1, "device_end": -1, "host_queued_end": 1585405329.797268}, "device": "gpu", "nd_range": {"device_start": 1585405269.7107139, "device_end": 1585405269.710748}, "cmdq": 0, "read": {"device_start": -1, "device_end": -1}}}