{"FFC_sans_bias60": {"write": {"device_start": -1, "host_queued_start": 1585405081.281821, "device_queued": -1, "device_end": -1, "host_queued_end": 1585405081.28883}, "device": "gpu", "nd_range": {"device_start": 1585405021.1566517, "device_end": 1585405021.1602638}, "cmdq": 0, "read": {"device_start": -1, "device_end": -1}}, "FFC_sans_bias4": {"write": {"device_start": -1, "host_queued_start": 1585405081.36833, "device_queued": -1, "device_end": -1, "host_queued_end": 1585405081.393372}, "device": "cpu", "nd_range": {"device_start": 2072856.2818206372, "device_end": 2072856.375977379}, "cmdq": 0, "read": {"device_start": -1, "device_end": -1}}, "FFC_sans_bias7": {"write": {"device_start": -1, "host_queued_start": 1585405081.37719, "device_queued": -1, "device_end": -1, "host_queued_end": 1585405081.393372}, "device": "cpu", "nd_range": {"device_start": 2072856.6408228572, "device_end": 2072856.763418453}, "cmdq": 0, "read": {"device_start": -1, "device_end": -1}}, "FFC_sans_bias6": {"write": {"device_start": -1, "host_queued_start": 1585405081.372171, "device_queued": -1, "device_end": -1, "host_queued_end": 1585405081.393372}, "device": "cpu", "nd_range": {"device_start": 2072856.4580986141, "device_end": 2072856.5378576322}, "cmdq": 0, "read": {"device_start": -1, "device_end": -1}}, "FFC_sans_bias1": {"write": {"device_start": -1, "host_queued_start": 1585405081.312408, "device_queued": -1, "device_end": -1, "host_queued_end": 1585405081.393372}, "device": "cpu", "nd_range": {"device_start": 2072855.5830296811, "device_end": 2072855.682371702}, "cmdq": 1, "read": {"device_start": -1, "device_end": -1}}, "FFC_sans_bias0": {"write": {"device_start": -1, "host_queued_start": 1585405081.308995, "device_queued": -1, "device_end": -1, "host_queued_end": 1585405081.393372}, "device": "cpu", "nd_range": {"device_start": 2072855.583028488, "device_end": 2072855.771750532}, "cmdq": 0, "read": {"device_start": -1, "device_end": -1}}, "FFC_sans_bias2": {"write": {"device_start": -1, "host_queued_start": 1585405081.315708, "device_queued": -1, "device_end": -1, "host_queued_end": 1585405081.393372}, "device": "cpu", "nd_range": {"device_start": 2072855.5830590122, "device_end": 2072855.64888638}, "cmdq": 2, "read": {"device_start": -1, "device_end": -1}}, "FFC_sans_bias61": {"write": {"device_start": 1585405021.1642663, "host_queued_start": 1585405081.285411, "device_queued": 1585405021.1262844, "device_end": 1585405021.1643686, "host_queued_end": 1585405081.28883}, "device": "gpu", "nd_range": {"device_start": 1585405021.1643753, "device_end": 1585405021.1679811}, "cmdq": 0, "read": {"device_start": 1585405021.1679866, "device_end": 1585405021.1680777}}, "FFC_sans_bias52": {"write": {"device_start": -1, "host_queued_start": 1585405081.393318, "device_queued": -1, "device_end": -1, "host_queued_end": 1585405081.393372}, "device": "cpu", "nd_range": {"device_start": 2072856.7284794692, "device_end": 2072856.8449775241}, "cmdq": 2, "read": {"device_start": -1, "device_end": -1}}, "FFC_sans_bias9": {"write": {"device_start": -1, "host_queued_start": 1585405081.319001, "device_queued": -1, "device_end": -1, "host_queued_end": 1585405081.393372}, "device": "cpu", "nd_range": {"device_start": 2072855.772737896, "device_end": 2072855.8919274951}, "cmdq": 0, "read": {"device_start": -1, "device_end": -1}}, "coalesced_transpose39": {"write": {"device_start": -1, "host_queued_start": 1585405081.367546, "device_queued": -1, "device_end": -1, "host_queued_end": 1585405081.393372}, "device": "cpu", "nd_range": {"device_start": 2072856.2075526062, "device_end": 2072856.2087105822}, "cmdq": 1, "read": {"device_start": -1, "device_end": -1}}, "FFC_sans_bias55": {"write": {"device_start": 1585405021.1325161, "host_queued_start": 1585405081.269449, "device_queued": 1585405021.1245506, "device_end": 1585405021.1326113, "host_queued_end": 1585405081.28883}, "device": "gpu", "nd_range": {"device_start": 1585405021.1326137, "device_end": 1585405021.1362662}, "cmdq": 0, "read": {"device_start": -1, "device_end": -1}}, "FFC_sans_bias54": {"write": {"device_start": 1585405021.1284676, "host_queued_start": 1585405081.266122, "device_queued": 1585405021.1241448, "device_end": 1585405021.1285608, "host_queued_end": 1585405081.28883}, "device": "gpu", "nd_range": {"device_start": 1585405021.1285641, "device_end": 1585405021.1321964}, "cmdq": 0, "read": {"device_start": -1, "device_end": -1}}, "FFC_sans_bias56": {"write": {"device_start": 1585405021.124447, "host_queued_start": 1585405081.262803, "device_queued": 1585405021.1237764, "device_end": 1585405021.1245408, "host_queued_end": 1585405081.28883}, "device": "gpu", "nd_range": {"device_start": 1585405021.1245437, "device_end": 1585405021.1281652}, "cmdq": 0, "read": {"device_start": -1, "device_end": -1}}, "FFC_sans_bias51": {"write": {"device_start": -1, "host_queued_start": 1585405081.373952, "device_queued": -1, "device_end": -1, "host_queued_end": 1585405081.393372}, "device": "cpu", "nd_range": {"device_start": 2072856.5371844752, "device_end": 2072856.659765738}, "cmdq": 2, "read": {"device_start": -1, "device_end": -1}}, "softmax23": {"write": {"device_start": -1, "host_queued_start": 1585405081.370936, "device_queued": -1, "device_end": -1, "host_queued_end": 1585405081.393372}, "device": "cpu", "nd_range": {"device_start": 2072856.41312604, "device_end": 2072856.414120255}, "cmdq": 2, "read": {"device_start": -1, "device_end": -1}}, "FFC_sans_bias37": {"write": {"device_start": -1, "host_queued_start": 1585405081.352604, "device_queued": -1, "device_end": -1, "host_queued_end": 1585405081.393372}, "device": "cpu", "nd_range": {"device_start": 2072856.043036292, "device_end": 2072856.1263795851}, "cmdq": 1, "read": {"device_start": -1, "device_end": -1}}, "empty62": {"write": {"device_start": 1585405021.1234825, "host_queued_start": 1585405081.25659, "device_queued": 1585405021.12315, "device_end": 1585405021.1235867, "host_queued_end": 1585405081.28883}, "device": "gpu", "nd_range": {"device_start": 1585405021.1235948, "device_end": 1585405021.1235995}, "cmdq": 0, "read": {"device_start": -1, "device_end": -1}}, "FFC_sans_bias70": {"write": {"device_start": 1585405021.1686823, "host_queued_start": 1585405081.28872, "device_queued": 1585405021.1265433, "device_end": 1585405021.1687775, "host_queued_end": 1585405081.28883}, "device": "gpu", "nd_range": {"device_start": 1585405021.1687849, "device_end": 1585405021.172403}, "cmdq": 0, "read": {"device_start": 1585405021.1724067, "device_end": 1585405021.17251}}, "FFC_sans_bias58": {"write": {"device_start": -1, "host_queued_start": 1585405081.280452, "device_queued": -1, "device_end": -1, "host_queued_end": 1585405081.28883}, "device": "gpu", "nd_range": {"device_start": 1585405021.1484783, "device_end": 1585405021.15209}, "cmdq": 0, "read": {"device_start": -1, "device_end": -1}}, "softmax41": {"write": {"device_start": -1, "host_queued_start": 1585405081.371494, "device_queued": -1, "device_end": -1, "host_queued_end": 1585405081.393372}, "device": "cpu", "nd_range": {"device_start": 2072856.4620416851, "device_end": 2072856.4629755542}, "cmdq": 1, "read": {"device_start": -1, "device_end": -1}}, "FFC_sans_bias11": {"write": {"device_start": -1, "host_queued_start": 1585405081.325616, "device_queued": -1, "device_end": -1, "host_queued_end": 1585405081.393372}, "device": "cpu", "nd_range": {"device_start": 2072855.649108862, "device_end": 2072855.7336060852}, "cmdq": 2, "read": {"device_start": -1, "device_end": -1}}, "FFC_sans_bias10": {"write": {"device_start": -1, "host_queued_start": 1585405081.322301, "device_queued": -1, "device_end": -1, "host_queued_end": 1585405081.393372}, "device": "cpu", "nd_range": {"device_start": 2072855.6823907301, "device_end": 2072855.7749787292}, "cmdq": 1, "read": {"device_start": -1, "device_end": -1}}, "coalesced_transpose3": {"write": {"device_start": -1, "host_queued_start": 1585405081.366182, "device_queued": -1, "device_end": -1, "host_queued_end": 1585405081.393372}, "device": "cpu", "nd_range": {"device_start": 2072856.2791285352, "device_end": 2072856.280330066}, "cmdq": 0, "read": {"device_start": -1, "device_end": -1}}, "FFC_sans_bias34": {"write": {"device_start": -1, "host_queued_start": 1585405081.386862, "device_queued": -1, "device_end": -1, "host_queued_end": 1585405081.393372}, "device": "cpu", "nd_range": {"device_start": 2072856.7634289672, "device_end": 2072856.838284227}, "cmdq": 0, "read": {"device_start": -1, "device_end": -1}}, "FFC_sans_bias15": {"write": {"device_start": -1, "host_queued_start": 1585405081.372538, "device_queued": -1, "device_end": -1, "host_queued_end": 1585405081.393372}, "device": "cpu", "nd_range": {"device_start": 2072856.463121847, "device_end": 2072856.5629600722}, "cmdq": 1, "read": {"device_start": -1, "device_end": -1}}, "FFC_sans_bias31": {"write": {"device_start": -1, "host_queued_start": 1585405081.369385, "device_queued": -1, "device_end": -1, "host_queued_end": 1585405081.393372}, "device": "cpu", "nd_range": {"device_start": 2072856.376198715, "device_end": 2072856.4497426732}, "cmdq": 0, "read": {"device_start": -1, "device_end": -1}}, "FFC_sans_bias16": {"write": {"device_start": -1, "host_queued_start": 1585405081.380412, "device_queued": -1, "device_end": -1, "host_queued_end": 1585405081.393372}, "device": "cpu", "nd_range": {"device_start": 2072856.672341281, "device_end": 2072856.8028456622}, "cmdq": 1, "read": {"device_start": -1, "device_end": -1}}, "FFC_sans_bias19": {"write": {"device_start": -1, "host_queued_start": 1585405081.332376, "device_queued": -1, "device_end": -1, "host_queued_end": 1585405081.393372}, "device": "cpu", "nd_range": {"device_start": 2072855.7751484362, "device_end": 2072855.8932717042}, "cmdq": 1, "read": {"device_start": -1, "device_end": -1}}, "FFC_sans_bias18": {"write": {"device_start": -1, "host_queued_start": 1585405081.328908, "device_queued": -1, "device_end": -1, "host_queued_end": 1585405081.393372}, "device": "cpu", "nd_range": {"device_start": 2072855.891946373, "device_end": 2072856.000592024}, "cmdq": 0, "read": {"device_start": -1, "device_end": -1}}, "coalesced_transpose30": {"write": {"device_start": -1, "host_queued_start": 1585405081.367211, "device_queued": -1, "device_end": -1, "host_queued_end": 1585405081.393372}, "device": "cpu", "nd_range": {"device_start": 2072856.2805044332, "device_end": 2072856.2816602462}, "cmdq": 0, "read": {"device_start": -1, "device_end": -1}}, "FFC_sans_bias69": {"write": {"device_start": -1, "host_queued_start": 1585405081.282142, "device_queued": -1, "device_end": -1, "host_queued_end": 1585405081.28883}, "device": "gpu", "nd_range": {"device_start": 1585405021.160265, "device_end": 1585405021.1639082}, "cmdq": 0, "read": {"device_start": -1, "device_end": -1}}, "FFC_sans_bias38": {"write": {"device_start": -1, "host_queued_start": 1585405081.355894, "device_queued": -1, "device_end": -1, "host_queued_end": 1585405081.393372}, "device": "cpu", "nd_range": {"device_start": 2072855.918494462, "device_end": 2072856.0083018201}, "cmdq": 2, "read": {"device_start": -1, "device_end": -1}}, "coalesced_transpose57": {"write": {"device_start": -1, "host_queued_start": 1585405081.279814, "device_queued": -1, "device_end": -1, "host_queued_end": 1585405081.28883}, "device": "gpu", "nd_range": {"device_start": 1585405021.1484394, "device_end": 1585405021.1484568}, "cmdq": 0, "read": {"device_start": -1, "device_end": -1}}, "empty26": {"write": {"device_start": -1, "host_queued_start": 1585405081.298097, "device_queued": -1, "device_end": -1, "host_queued_end": 1585405081.393372}, "device": "cpu", "nd_range": {"device_start": 2072855.58302783, "device_end": 2072855.5830325081}, "cmdq": 2, "read": {"device_start": -1, "device_end": -1}}, "coalesced_transpose12": {"write": {"device_start": -1, "host_queued_start": 1585405081.366532, "device_queued": -1, "device_end": -1, "host_queued_end": 1585405081.393372}, "device": "cpu", "nd_range": {"device_start": 2072856.2062401392, "device_end": 2072856.207387031}, "cmdq": 1, "read": {"device_start": -1, "device_end": -1}}, "empty44": {"write": {"device_start": -1, "host_queued_start": 1585405081.303521, "device_queued": -1, "device_end": -1, "host_queued_end": 1585405081.393372}, "device": "cpu", "nd_range": {"device_start": 2072855.58302205, "device_end": 2072855.583023101}, "cmdq": 1, "read": {"device_start": -1, "device_end": -1}}, "coalesced_transpose21": {"write": {"device_start": -1, "host_queued_start": 1585405081.366875, "device_queued": -1, "device_end": -1, "host_queued_end": 1585405081.393372}, "device": "cpu", "nd_range": {"device_start": 2072856.1273232962, "device_end": 2072856.1285420742}, "cmdq": 2, "read": {"device_start": -1, "device_end": -1}}, "FFC_sans_bias36": {"write": {"device_start": -1, "host_queued_start": 1585405081.349272, "device_queued": -1, "device_end": -1, "host_queued_end": 1585405081.393372}, "device": "cpu", "nd_range": {"device_start": 2072856.0910089312, "device_end": 2072856.1652118082}, "cmdq": 0, "read": {"device_start": -1, "device_end": -1}}, "softmax14": {"write": {"device_start": -1, "host_queued_start": 1585405081.37066, "device_queued": -1, "device_end": -1, "host_queued_end": 1585405081.393372}, "device": "cpu", "nd_range": {"device_start": 2072856.4609445052, "device_end": 2072856.4618941112}, "cmdq": 1, "read": {"device_start": -1, "device_end": -1}}, "FFC_sans_bias13": {"write": {"device_start": -1, "host_queued_start": 1585405081.368685, "device_queued": -1, "device_end": -1, "host_queued_end": 1585405081.393372}, "device": "cpu", "nd_range": {"device_start": 2072856.2088597522, "device_end": 2072856.3511831241}, "cmdq": 1, "read": {"device_start": -1, "device_end": -1}}, "empty8": {"write": {"device_start": -1, "host_queued_start": 1585405081.292615, "device_queued": -1, "device_end": -1, "host_queued_end": 1585405081.393372}, "device": "cpu", "nd_range": {"device_start": 2072855.5829825331, "device_end": 2072855.5829962532}, "cmdq": 0, "read": {"device_start": -1, "device_end": -1}}, "FFC_sans_bias42": {"write": {"device_start": -1, "host_queued_start": 1585405081.373598, "device_queued": -1, "device_end": -1, "host_queued_end": 1585405081.393372}, "device": "cpu", "nd_range": {"device_start": 2072856.5631621752, "device_end": 2072856.6665759422}, "cmdq": 1, "read": {"device_start": -1, "device_end": -1}}, "FFC_sans_bias43": {"write": {"device_start": -1, "host_queued_start": 1585405081.390066, "device_queued": -1, "device_end": -1, "host_queued_end": 1585405081.393372}, "device": "cpu", "nd_range": {"device_start": 2072856.802857015, "device_end": 2072856.8681086672}, "cmdq": 1, "read": {"device_start": -1, "device_end": -1}}, "FFC_sans_bias40": {"write": {"device_start": -1, "host_queued_start": 1585405081.369733, "device_queued": -1, "device_end": -1, "host_queued_end": 1585405081.393372}, "device": "cpu", "nd_range": {"device_start": 2072856.353451319, "device_end": 2072856.460797789}, "cmdq": 1, "read": {"device_start": -1, "device_end": -1}}, "softmax32": {"write": {"device_start": -1, "host_queued_start": 1585405081.371216, "device_queued": -1, "device_end": -1, "host_queued_end": 1585405081.393372}, "device": "cpu", "nd_range": {"device_start": 2072856.4569434822, "device_end": 2072856.4580905722}, "cmdq": 0, "read": {"device_start": -1, "device_end": -1}}, "FFC_sans_bias47": {"write": {"device_start": -1, "host_queued_start": 1585405081.365822, "device_queued": -1, "device_end": -1, "host_queued_end": 1585405081.393372}, "device": "cpu", "nd_range": {"device_start": 2072856.0083254182, "device_end": 2072856.1273122672}, "cmdq": 2, "read": {"device_start": -1, "device_end": -1}}, "FFC_sans_bias45": {"write": {"device_start": -1, "host_queued_start": 1585405081.359195, "device_queued": -1, "device_end": -1, "host_queued_end": 1585405081.393372}, "device": "cpu", "nd_range": {"device_start": 2072856.165231748, "device_end": 2072856.2788847112}, "cmdq": 0, "read": {"device_start": -1, "device_end": -1}}, "softmax50": {"write": {"device_start": -1, "host_queued_start": 1585405081.371774, "device_queued": -1, "device_end": -1, "host_queued_end": 1585405081.393372}, "device": "cpu", "nd_range": {"device_start": 2072856.4141304262, "device_end": 2072856.4150977011}, "cmdq": 2, "read": {"device_start": -1, "device_end": -1}}, "FFC_sans_bias33": {"write": {"device_start": -1, "host_queued_start": 1585405081.37325, "device_queued": -1, "device_end": -1, "host_queued_end": 1585405081.393372}, "device": "cpu", "nd_range": {"device_start": 2072856.5378699682, "device_end": 2072856.6405944591}, "cmdq": 0, "read": {"device_start": -1, "device_end": -1}}, "FFC_sans_bias63": {"write": {"device_start": 1585405021.1446812, "host_queued_start": 1585405081.279457, "device_queued": 1585405021.1252193, "device_end": 1585405021.1447783, "host_queued_end": 1585405081.28883}, "device": "gpu", "nd_range": {"device_start": 1585405021.1447809, "device_end": 1585405021.1484385}, "cmdq": 0, "read": {"device_start": -1, "device_end": -1}}, "FFC_sans_bias49": {"write": {"device_start": -1, "host_queued_start": 1585405081.370083, "device_queued": -1, "device_end": -1, "host_queued_end": 1585405081.393372}, "device": "cpu", "nd_range": {"device_start": 2072856.2834294462, "device_end": 2072856.413110597}, "cmdq": 2, "read": {"device_start": -1, "device_end": -1}}, "FFC_sans_bias64": {"write": {"device_start": 1585405021.1365714, "host_queued_start": 1585405081.272843, "device_queued": 1585405021.1247745, "device_end": 1585405021.136666, "host_queued_end": 1585405081.28883}, "device": "gpu", "nd_range": {"device_start": 1585405021.136669, "device_end": 1585405021.1403184}, "cmdq": 0, "read": {"device_start": -1, "device_end": -1}}, "FFC_sans_bias65": {"write": {"device_start": 1585405021.1406305, "host_queued_start": 1585405081.276194, "device_queued": 1585405021.124999, "device_end": 1585405021.1407259, "host_queued_end": 1585405081.28883}, "device": "gpu", "nd_range": {"device_start": 1585405021.1407294, "device_end": 1585405021.1443696}, "cmdq": 0, "read": {"device_start": -1, "device_end": -1}}, "FFC_sans_bias67": {"write": {"device_start": -1, "host_queued_start": 1585405081.280968, "device_queued": -1, "device_end": -1, "host_queued_end": 1585405081.28883}, "device": "gpu", "nd_range": {"device_start": 1585405021.152091, "device_end": 1585405021.15572}, "cmdq": 0, "read": {"device_start": -1, "device_end": -1}}, "FFC_sans_bias24": {"write": {"device_start": -1, "host_queued_start": 1585405081.372903, "device_queued": -1, "device_end": -1, "host_queued_end": 1585405081.393372}, "device": "cpu", "nd_range": {"device_start": 2072856.4151064681, "device_end": 2072856.537167987}, "cmdq": 2, "read": {"device_start": -1, "device_end": -1}}, "FFC_sans_bias25": {"write": {"device_start": -1, "host_queued_start": 1585405081.383635, "device_queued": -1, "device_end": -1, "host_queued_end": 1585405081.393372}, "device": "cpu", "nd_range": {"device_start": 2072856.6599830962, "device_end": 2072856.728466388}, "cmdq": 2, "read": {"device_start": -1, "device_end": -1}}, "FFC_sans_bias27": {"write": {"device_start": -1, "host_queued_start": 1585405081.339359, "device_queued": -1, "device_end": -1, "host_queued_end": 1585405081.393372}, "device": "cpu", "nd_range": {"device_start": 2072856.0006073092, "device_end": 2072856.090993128}, "cmdq": 0, "read": {"device_start": -1, "device_end": -1}}, "FFC_sans_bias20": {"write": {"device_start": -1, "host_queued_start": 1585405081.335848, "device_queued": -1, "device_end": -1, "host_queued_end": 1585405081.393372}, "device": "cpu", "nd_range": {"device_start": 2072855.733840292, "device_end": 2072855.823320267}, "cmdq": 2, "read": {"device_start": -1, "device_end": -1}}, "FFC_sans_bias22": {"write": {"device_start": -1, "host_queued_start": 1585405081.369038, "device_queued": -1, "device_end": -1, "host_queued_end": 1585405081.393372}, "device": "cpu", "nd_range": {"device_start": 2072856.214750749, "device_end": 2072856.283415622}, "cmdq": 2, "read": {"device_start": -1, "device_end": -1}}, "softmax68": {"write": {"device_start": -1, "host_queued_start": 1585405081.2815, "device_queued": -1, "device_end": -1, "host_queued_end": 1585405081.28883}, "device": "gpu", "nd_range": {"device_start": 1585405021.1561913, "device_end": 1585405021.1566505}, "cmdq": 0, "read": {"device_start": -1, "device_end": -1}}, "softmax5": {"write": {"device_start": -1, "host_queued_start": 1585405081.370368, "device_queued": -1, "device_end": -1, "host_queued_end": 1585405081.393372}, "device": "cpu", "nd_range": {"device_start": 2072856.4497613611, "device_end": 2072856.4569308502}, "cmdq": 0, "read": {"device_start": -1, "device_end": -1}}, "FFC_sans_bias28": {"write": {"device_start": -1, "host_queued_start": 1585405081.342655, "device_queued": -1, "device_end": -1, "host_queued_end": 1585405081.393372}, "device": "cpu", "nd_range": {"device_start": 2072855.8934037802, "device_end": 2072856.0428153481}, "cmdq": 1, "read": {"device_start": -1, "device_end": -1}}, "FFC_sans_bias29": {"write": {"device_start": -1, "host_queued_start": 1585405081.345962, "device_queued": -1, "device_end": -1, "host_queued_end": 1585405081.393372}, "device": "cpu", "nd_range": {"device_start": 2072855.8233437792, "device_end": 2072855.9184759841}, "cmdq": 2, "read": {"device_start": -1, "device_end": -1}}, "empty17": {"write": {"device_start": -1, "host_queued_start": 1585405081.295438, "device_queued": -1, "device_end": -1, "host_queued_end": 1585405081.393372}, "device": "cpu", "nd_range": {"device_start": 2072855.582987287, "device_end": 2072855.582997204}, "cmdq": 1, "read": {"device_start": -1, "device_end": -1}}, "softmax59": {"write": {"device_start": -1, "host_queued_start": 1585405081.28124, "device_queued": -1, "device_end": -1, "host_queued_end": 1585405081.28883}, "device": "gpu", "nd_range": {"device_start": 1585405021.1557214, "device_end": 1585405021.1561904}, "cmdq": 0, "read": {"device_start": -1, "device_end": -1}}, "empty71": {"write": {"device_start": 1585405021.1239474, "host_queued_start": 1585405081.259959, "device_queued": 1585405021.1234925, "device_end": 1585405021.1240444, "host_queued_end": 1585405081.28883}, "device": "gpu", "nd_range": {"device_start": 1585405021.1240473, "device_end": 1585405021.1240506}, "cmdq": 0, "read": {"device_start": -1, "device_end": -1}}, "empty35": {"write": {"device_start": -1, "host_queued_start": 1585405081.30084, "device_queued": -1, "device_end": -1, "host_queued_end": 1585405081.393372}, "device": "cpu", "nd_range": {"device_start": 2072855.5830220042, "device_end": 2072855.5830232762}, "cmdq": 0, "read": {"device_start": -1, "device_end": -1}}, "empty53": {"write": {"device_start": -1, "host_queued_start": 1585405081.306124, "device_queued": -1, "device_end": -1, "host_queued_end": 1585405081.393372}, "device": "cpu", "nd_range": {"device_start": 2072855.5830499872, "device_end": 2072855.5830510282}, "cmdq": 2, "read": {"device_start": -1, "device_end": -1}}, "FFC_sans_bias46": {"write": {"device_start": -1, "host_queued_start": 1585405081.362483, "device_queued": -1, "device_end": -1, "host_queued_end": 1585405081.393372}, "device": "cpu", "nd_range": {"device_start": 2072856.1266048062, "device_end": 2072856.2060034762}, "cmdq": 1, "read": {"device_start": -1, "device_end": -1}}, "coalesced_transpose66": {"write": {"device_start": -1, "host_queued_start": 1585405081.280128, "device_queued": -1, "device_end": -1, "host_queued_end": 1585405081.28883}, "device": "gpu", "nd_range": {"device_start": 1585405021.1484578, "device_end": 1585405021.1484766}, "cmdq": 0, "read": {"device_start": -1, "device_end": -1}}, "coalesced_transpose48": {"write": {"device_start": -1, "host_queued_start": 1585405081.367883, "device_queued": -1, "device_end": -1, "host_queued_end": 1585405081.393372}, "device": "cpu", "nd_range": {"device_start": 2072856.213566401, "device_end": 2072856.2147248262}, "cmdq": 2, "read": {"device_start": -1, "device_end": -1}}}