{"FFC_sans_bias60": {"write": {"device_start": -1, "host_queued_start": 1585405682.744045, "device_queued": -1, "device_end": -1, "host_queued_end": 1585405682.757538}, "device": "gpu", "nd_range": {"device_start": 1585405622.6344044, "device_end": 1585405622.644164}, "cmdq": 2, "read": {"device_start": -1, "device_end": -1}}, "FFC_sans_bias4": {"write": {"device_start": -1, "host_queued_start": 1585405682.81206, "device_queued": -1, "device_end": -1, "host_queued_end": 1585405682.828919}, "device": "cpu", "nd_range": {"device_start": 2073457.404280065, "device_end": 2073457.494807538}, "cmdq": 0, "read": {"device_start": -1, "device_end": -1}}, "FFC_sans_bias7": {"write": {"device_start": -1, "host_queued_start": 1585405682.818821, "device_queued": -1, "device_end": -1, "host_queued_end": 1585405682.828919}, "device": "cpu", "nd_range": {"device_start": 2073457.68894523, "device_end": 2073457.820447891}, "cmdq": 0, "read": {"device_start": -1, "device_end": -1}}, "FFC_sans_bias6": {"write": {"device_start": -1, "host_queued_start": 1585405682.814555, "device_queued": -1, "device_end": -1, "host_queued_end": 1585405682.828919}, "device": "cpu", "nd_range": {"device_start": 2073457.496366223, "device_end": 2073457.6887197192}, "cmdq": 0, "read": {"device_start": -1, "device_end": -1}}, "FFC_sans_bias1": {"write": {"device_start": -1, "host_queued_start": 1585405682.776765, "device_queued": -1, "device_end": -1, "host_queued_end": 1585405682.828919}, "device": "cpu", "nd_range": {"device_start": 2073457.0187654991, "device_end": 2073457.1410549032}, "cmdq": 1, "read": {"device_start": -1, "device_end": -1}}, "FFC_sans_bias0": {"write": {"device_start": -1, "host_queued_start": 1585405682.773201, "device_queued": -1, "device_end": -1, "host_queued_end": 1585405682.828919}, "device": "cpu", "nd_range": {"device_start": 2073457.01854976, "device_end": 2073457.142058144}, "cmdq": 0, "read": {"device_start": -1, "device_end": -1}}, "FFC_sans_bias2": {"write": {"device_start": -1, "host_queued_start": 1585405682.780155, "device_queued": -1, "device_end": -1, "host_queued_end": 1585405682.828919}, "device": "cpu", "nd_range": {"device_start": 2073457.018549717, "device_end": 2073457.141042611}, "cmdq": 2, "read": {"device_start": -1, "device_end": -1}}, "FFC_sans_bias61": {"write": {"device_start": 1585405622.6445146, "host_queued_start": 1585405682.754157, "device_queued": 1585405622.582444, "device_end": 1585405622.6446152, "host_queued_end": 1585405682.757538}, "device": "gpu", "nd_range": {"device_start": 1585405622.6446183, "device_end": 1585405622.6582768}, "cmdq": 2, "read": {"device_start": 1585405622.6582818, "device_end": 1585405622.6583834}}, "FFC_sans_bias52": {"write": {"device_start": 1585405622.641025, "host_queued_start": 1585405682.750879, "device_queued": 1585405622.5823092, "device_end": 1585405622.6411254, "host_queued_end": 1585405682.757538}, "device": "gpu", "nd_range": {"device_start": 1585405622.641131, "device_end": 1585405622.6512427}, "cmdq": 1, "read": {"device_start": 1585405622.651248, "device_end": 1585405622.651345}}, "FFC_sans_bias9": {"write": {"device_start": -1, "host_queued_start": 1585405682.783598, "device_queued": -1, "device_end": -1, "host_queued_end": 1585405682.828919}, "device": "cpu", "nd_range": {"device_start": 2073457.0192388732, "device_end": 2073457.266484786}, "cmdq": 3, "read": {"device_start": -1, "device_end": -1}}, "coalesced_transpose39": {"write": {"device_start": -1, "host_queued_start": 1585405682.739937, "device_queued": -1, "device_end": -1, "host_queued_end": 1585405682.757538}, "device": "gpu", "nd_range": {"device_start": 1585405622.6088035, "device_end": 1585405622.6191654}, "cmdq": 0, "read": {"device_start": -1, "device_end": -1}}, "FFC_sans_bias55": {"write": {"device_start": 1585405622.5950046, "host_queued_start": 1585405682.729717, "device_queued": 1585405622.5790648, "device_end": 1585405622.595106, "host_queued_end": 1585405682.757538}, "device": "gpu", "nd_range": {"device_start": 1585405622.5951135, "device_end": 1585405622.6088018}, "cmdq": 0, "read": {"device_start": -1, "device_end": -1}}, "FFC_sans_bias54": {"write": {"device_start": 1585405622.5914638, "host_queued_start": 1585405682.726408, "device_queued": 1585405622.5785906, "device_end": 1585405622.5915575, "host_queued_end": 1585405682.757538}, "device": "gpu", "nd_range": {"device_start": 1585405622.591574, "device_end": 1585405622.605326}, "cmdq": 3, "read": {"device_start": -1, "device_end": -1}}, "FFC_sans_bias56": {"write": {"device_start": 1585405622.5880125, "host_queued_start": 1585405682.723125, "device_queued": 1585405622.5784628, "device_end": 1585405622.5881135, "host_queued_end": 1585405682.757538}, "device": "gpu", "nd_range": {"device_start": 1585405622.5881288, "device_end": 1585405622.601712}, "cmdq": 2, "read": {"device_start": -1, "device_end": -1}}, "FFC_sans_bias51": {"write": {"device_start": -1, "host_queued_start": 1585405682.743737, "device_queued": -1, "device_end": -1, "host_queued_end": 1585405682.757538}, "device": "gpu", "nd_range": {"device_start": 1585405622.6309347, "device_end": 1585405622.6406677}, "cmdq": 1, "read": {"device_start": -1, "device_end": -1}}, "softmax23": {"write": {"device_start": -1, "host_queued_start": 1585405682.81394, "device_queued": -1, "device_end": -1, "host_queued_end": 1585405682.828919}, "device": "cpu", "nd_range": {"device_start": 2073457.691011694, "device_end": 2073457.691973346}, "cmdq": 2, "read": {"device_start": -1, "device_end": -1}}, "FFC_sans_bias37": {"write": {"device_start": 1585405622.57715, "host_queued_start": 1585405682.70633, "device_queued": 1585405622.5768967, "device_end": 1585405622.5773675, "host_queued_end": 1585405682.757538}, "device": "gpu", "nd_range": {"device_start": 1585405622.577722, "device_end": 1585405622.584141}, "cmdq": 1, "read": {"device_start": -1, "device_end": -1}}, "empty62": {"write": {"device_start": 1585405622.5761333, "host_queued_start": 1585405682.697523, "device_queued": 1585405622.5757089, "device_end": 1585405622.5763881, "host_queued_end": 1585405682.757538}, "device": "gpu", "nd_range": {"device_start": 1585405622.576398, "device_end": 1585405622.5764024}, "cmdq": 2, "read": {"device_start": -1, "device_end": -1}}, "FFC_sans_bias70": {"write": {"device_start": 1585405622.6549993, "host_queued_start": 1585405682.757433, "device_queued": 1585405622.5825727, "device_end": 1585405622.6550958, "host_queued_end": 1585405682.757538}, "device": "gpu", "nd_range": {"device_start": 1585405622.6551, "device_end": 1585405622.6616905}, "cmdq": 3, "read": {"device_start": 1585405622.6616943, "device_end": 1585405622.6617863}}, "FFC_sans_bias58": {"write": {"device_start": -1, "host_queued_start": 1585405682.741806, "device_queued": -1, "device_end": -1, "host_queued_end": 1585405682.757538}, "device": "gpu", "nd_range": {"device_start": 1585405622.619205, "device_end": 1585405622.630011}, "cmdq": 2, "read": {"device_start": -1, "device_end": -1}}, "softmax41": {"write": {"device_start": -1, "host_queued_start": 1585405682.742367, "device_queued": -1, "device_end": -1, "host_queued_end": 1585405682.757538}, "device": "gpu", "nd_range": {"device_start": 1585405622.6229212, "device_end": 1585405622.6309288}, "cmdq": 0, "read": {"device_start": -1, "device_end": -1}}, "FFC_sans_bias11": {"write": {"device_start": -1, "host_queued_start": 1585405682.790487, "device_queued": -1, "device_end": -1, "host_queued_end": 1585405682.828919}, "device": "cpu", "nd_range": {"device_start": 2073457.1410826272, "device_end": 2073457.2644400052}, "cmdq": 1, "read": {"device_start": -1, "device_end": -1}}, "FFC_sans_bias10": {"write": {"device_start": -1, "host_queued_start": 1585405682.787026, "device_queued": -1, "device_end": -1, "host_queued_end": 1585405682.828919}, "device": "cpu", "nd_range": {"device_start": 2073457.142211785, "device_end": 2073457.294474971}, "cmdq": 0, "read": {"device_start": -1, "device_end": -1}}, "coalesced_transpose3": {"write": {"device_start": -1, "host_queued_start": 1585405682.81061, "device_queued": -1, "device_end": -1, "host_queued_end": 1585405682.828919}, "device": "cpu", "nd_range": {"device_start": 2073457.402941778, "device_end": 2073457.404120576}, "cmdq": 0, "read": {"device_start": -1, "device_end": -1}}, "FFC_sans_bias34": {"write": {"device_start": -1, "host_queued_start": 1585405682.828862, "device_queued": -1, "device_end": -1, "host_queued_end": 1585405682.828919}, "device": "cpu", "nd_range": {"device_start": 2073457.8449954682, "device_end": 2073457.9231641192}, "cmdq": 3, "read": {"device_start": -1, "device_end": -1}}, "FFC_sans_bias15": {"write": {"device_start": -1, "host_queued_start": 1585405682.814903, "device_queued": -1, "device_end": -1, "host_queued_end": 1585405682.828919}, "device": "cpu", "nd_range": {"device_start": 2073457.5240243422, "device_end": 2073457.6526364472}, "cmdq": 1, "read": {"device_start": -1, "device_end": -1}}, "FFC_sans_bias31": {"write": {"device_start": -1, "host_queued_start": 1585405682.813097, "device_queued": -1, "device_end": -1, "host_queued_end": 1585405682.828919}, "device": "cpu", "nd_range": {"device_start": 2073457.5930298972, "device_end": 2073457.7210837551}, "cmdq": 3, "read": {"device_start": -1, "device_end": -1}}, "FFC_sans_bias16": {"write": {"device_start": -1, "host_queued_start": 1585405682.822165, "device_queued": -1, "device_end": -1, "host_queued_end": 1585405682.828919}, "device": "cpu", "nd_range": {"device_start": 2073457.652876045, "device_end": 2073457.8619518112}, "cmdq": 1, "read": {"device_start": -1, "device_end": -1}}, "FFC_sans_bias19": {"write": {"device_start": -1, "host_queued_start": 1585405682.797052, "device_queued": -1, "device_end": -1, "host_queued_end": 1585405682.828919}, "device": "cpu", "nd_range": {"device_start": 2073457.2665100312, "device_end": 2073457.46419902}, "cmdq": 3, "read": {"device_start": -1, "device_end": -1}}, "FFC_sans_bias18": {"write": {"device_start": -1, "host_queued_start": 1585405682.793772, "device_queued": -1, "device_end": -1, "host_queued_end": 1585405682.828919}, "device": "cpu", "nd_range": {"device_start": 2073457.14138274, "device_end": 2073457.264774339}, "cmdq": 2, "read": {"device_start": -1, "device_end": -1}}, "coalesced_transpose30": {"write": {"device_start": -1, "host_queued_start": 1585405682.81172, "device_queued": -1, "device_end": -1, "host_queued_end": 1585405682.828919}, "device": "cpu", "nd_range": {"device_start": 2073457.5917561261, "device_end": 2073457.592858012}, "cmdq": 3, "read": {"device_start": -1, "device_end": -1}}, "FFC_sans_bias69": {"write": {"device_start": -1, "host_queued_start": 1585405682.744361, "device_queued": -1, "device_end": -1, "host_queued_end": 1585405682.757538}, "device": "gpu", "nd_range": {"device_start": 1585405622.6415193, "device_end": 1585405622.6547484}, "cmdq": 3, "read": {"device_start": -1, "device_end": -1}}, "FFC_sans_bias38": {"write": {"device_start": 1585405622.5774543, "host_queued_start": 1585405682.709664, "device_queued": 1585405622.57704, "device_end": 1585405622.5776918, "host_queued_end": 1585405682.757538}, "device": "gpu", "nd_range": {"device_start": 1585405622.5778835, "device_end": 1585405622.5876696}, "cmdq": 2, "read": {"device_start": -1, "device_end": -1}}, "coalesced_transpose57": {"write": {"device_start": -1, "host_queued_start": 1585405682.740553, "device_queued": -1, "device_end": -1, "host_queued_end": 1585405682.757538}, "device": "gpu", "nd_range": {"device_start": 1585405622.6158934, "device_end": 1585405622.619204}, "cmdq": 2, "read": {"device_start": -1, "device_end": -1}}, "empty26": {"write": {"device_start": -1, "host_queued_start": 1585405682.767507, "device_queued": -1, "device_end": -1, "host_queued_end": 1585405682.828919}, "device": "cpu", "nd_range": {"device_start": 2073457.018521487, "device_end": 2073457.018529837}, "cmdq": 2, "read": {"device_start": -1, "device_end": -1}}, "coalesced_transpose12": {"write": {"device_start": -1, "host_queued_start": 1585405682.811056, "device_queued": -1, "device_end": -1, "host_queued_end": 1585405682.828919}, "device": "cpu", "nd_range": {"device_start": 2073457.387197297, "device_end": 2073457.3884447392}, "cmdq": 1, "read": {"device_start": -1, "device_end": -1}}, "empty44": {"write": {"device_start": 1585405622.5754213, "host_queued_start": 1585405682.691423, "device_queued": 1585405622.5750759, "device_end": 1585405622.5756035, "host_queued_end": 1585405682.757538}, "device": "gpu", "nd_range": {"device_start": 1585405622.5756125, "device_end": 1585405622.575617}, "cmdq": 0, "read": {"device_start": -1, "device_end": -1}}, "coalesced_transpose21": {"write": {"device_start": -1, "host_queued_start": 1585405682.81139, "device_queued": -1, "device_end": -1, "host_queued_end": 1585405682.828919}, "device": "cpu", "nd_range": {"device_start": 2073457.4942848582, "device_end": 2073457.495510274}, "cmdq": 2, "read": {"device_start": -1, "device_end": -1}}, "FFC_sans_bias36": {"write": {"device_start": 1585405622.576772, "host_queued_start": 1585405682.703022, "device_queued": 1585405622.576409, "device_end": 1585405622.5768673, "host_queued_end": 1585405682.757538}, "device": "gpu", "nd_range": {"device_start": 1585405622.5768747, "device_end": 1585405622.5805244}, "cmdq": 0, "read": {"device_start": -1, "device_end": -1}}, "softmax14": {"write": {"device_start": -1, "host_queued_start": 1585405682.81367, "device_queued": -1, "device_end": -1, "host_queued_end": 1585405682.828919}, "device": "cpu", "nd_range": {"device_start": 2073457.5125784501, "device_end": 2073457.520788192}, "cmdq": 1, "read": {"device_start": -1, "device_end": -1}}, "FFC_sans_bias13": {"write": {"device_start": -1, "host_queued_start": 1585405682.812407, "device_queued": -1, "device_end": -1, "host_queued_end": 1585405682.828919}, "device": "cpu", "nd_range": {"device_start": 2073457.388456135, "device_end": 2073457.512561063}, "cmdq": 1, "read": {"device_start": -1, "device_end": -1}}, "empty8": {"write": {"device_start": -1, "host_queued_start": 1585405682.761509, "device_queued": -1, "device_end": -1, "host_queued_end": 1585405682.828919}, "device": "cpu", "nd_range": {"device_start": 2073457.0185211322, "device_end": 2073457.0185298042}, "cmdq": 0, "read": {"device_start": -1, "device_end": -1}}, "FFC_sans_bias42": {"write": {"device_start": -1, "host_queued_start": 1585405682.743423, "device_queued": -1, "device_end": -1, "host_queued_end": 1585405682.757538}, "device": "gpu", "nd_range": {"device_start": 1585405622.63093, "device_end": 1585405622.6371107}, "cmdq": 0, "read": {"device_start": -1, "device_end": -1}}, "FFC_sans_bias43": {"write": {"device_start": 1585405622.6374857, "host_queued_start": 1585405682.747558, "device_queued": 1585405622.5820591, "device_end": 1585405622.637588, "host_queued_end": 1585405682.757538}, "device": "gpu", "nd_range": {"device_start": 1585405622.6375916, "device_end": 1585405622.647691}, "cmdq": 0, "read": {"device_start": 1585405622.6476977, "device_end": 1585405622.647837}}, "FFC_sans_bias40": {"write": {"device_start": -1, "host_queued_start": 1585405682.741183, "device_queued": -1, "device_end": -1, "host_queued_end": 1585405682.757538}, "device": "gpu", "nd_range": {"device_start": 1585405622.6191666, "device_end": 1585405622.6229203}, "cmdq": 0, "read": {"device_start": -1, "device_end": -1}}, "softmax32": {"write": {"device_start": -1, "host_queued_start": 1585405682.814216, "device_queued": -1, "device_end": -1, "host_queued_end": 1585405682.828919}, "device": "cpu", "nd_range": {"device_start": 2073457.7211060072, "device_end": 2073457.7220743971}, "cmdq": 3, "read": {"device_start": -1, "device_end": -1}}, "FFC_sans_bias47": {"write": {"device_start": 1585405622.5845008, "host_queued_start": 1585405682.719825, "device_queued": 1585405622.5783346, "device_end": 1585405622.5846038, "host_queued_end": 1585405682.757538}, "device": "gpu", "nd_range": {"device_start": 1585405622.5846117, "device_end": 1585405622.5982134}, "cmdq": 1, "read": {"device_start": -1, "device_end": -1}}, "FFC_sans_bias45": {"write": {"device_start": 1585405622.5777533, "host_queued_start": 1585405682.712992, "device_queued": 1585405622.577384, "device_end": 1585405622.5778477, "host_queued_end": 1585405682.757538}, "device": "gpu", "nd_range": {"device_start": 1585405622.5779965, "device_end": 1585405622.591109}, "cmdq": 3, "read": {"device_start": -1, "device_end": -1}}, "softmax50": {"write": {"device_start": -1, "host_queued_start": 1585405682.742626, "device_queued": -1, "device_end": -1, "host_queued_end": 1585405682.757538}, "device": "gpu", "nd_range": {"device_start": 1585405622.6264844, "device_end": 1585405622.630933}, "cmdq": 1, "read": {"device_start": -1, "device_end": -1}}, "FFC_sans_bias33": {"write": {"device_start": -1, "host_queued_start": 1585405682.815581, "device_queued": -1, "device_end": -1, "host_queued_end": 1585405682.828919}, "device": "cpu", "nd_range": {"device_start": 2073457.722087498, "device_end": 2073457.8449739462}, "cmdq": 3, "read": {"device_start": -1, "device_end": -1}}, "FFC_sans_bias63": {"write": {"device_start": 1585405622.6056974, "host_queued_start": 1585405682.739594, "device_queued": 1585405622.5795574, "device_end": 1585405622.6057997, "host_queued_end": 1585405682.757538}, "device": "gpu", "nd_range": {"device_start": 1585405622.6058154, "device_end": 1585405622.6193721}, "cmdq": 3, "read": {"device_start": -1, "device_end": -1}}, "FFC_sans_bias49": {"write": {"device_start": -1, "host_queued_start": 1585405682.741495, "device_queued": -1, "device_end": -1, "host_queued_end": 1585405682.757538}, "device": "gpu", "nd_range": {"device_start": 1585405622.61919, "device_end": 1585405622.6264832}, "cmdq": 1, "read": {"device_start": -1, "device_end": -1}}, "FFC_sans_bias64": {"write": {"device_start": 1585405622.5985763, "host_queued_start": 1585405682.733038, "device_queued": 1585405622.5793037, "device_end": 1585405622.5986803, "host_queued_end": 1585405682.757538}, "device": "gpu", "nd_range": {"device_start": 1585405622.5986836, "device_end": 1585405622.6123295}, "cmdq": 1, "read": {"device_start": -1, "device_end": -1}}, "FFC_sans_bias65": {"write": {"device_start": 1585405622.6020858, "host_queued_start": 1585405682.736315, "device_queued": 1585405622.5794318, "device_end": 1585405622.6021857, "host_queued_end": 1585405682.757538}, "device": "gpu", "nd_range": {"device_start": 1585405622.6021934, "device_end": 1585405622.6158857}, "cmdq": 2, "read": {"device_start": -1, "device_end": -1}}, "FFC_sans_bias67": {"write": {"device_start": -1, "host_queued_start": 1585405682.742117, "device_queued": -1, "device_end": -1, "host_queued_end": 1585405682.757538}, "device": "gpu", "nd_range": {"device_start": 1585405622.6297832, "device_end": 1585405622.633548}, "cmdq": 3, "read": {"device_start": -1, "device_end": -1}}, "FFC_sans_bias24": {"write": {"device_start": -1, "host_queued_start": 1585405682.815241, "device_queued": -1, "device_end": -1, "host_queued_end": 1585405682.828919}, "device": "cpu", "nd_range": {"device_start": 2073457.6921471541, "device_end": 2073457.873708951}, "cmdq": 2, "read": {"device_start": -1, "device_end": -1}}, "FFC_sans_bias25": {"write": {"device_start": -1, "host_queued_start": 1585405682.825524, "device_queued": -1, "device_end": -1, "host_queued_end": 1585405682.828919}, "device": "cpu", "nd_range": {"device_start": 2073457.873729567, "device_end": 2073457.943735274}, "cmdq": 2, "read": {"device_start": -1, "device_end": -1}}, "FFC_sans_bias27": {"write": {"device_start": -1, "host_queued_start": 1585405682.80364, "device_queued": -1, "device_end": -1, "host_queued_end": 1585405682.828919}, "device": "cpu", "nd_range": {"device_start": 2073457.26445752, "device_end": 2073457.387179533}, "cmdq": 1, "read": {"device_start": -1, "device_end": -1}}, "FFC_sans_bias20": {"write": {"device_start": -1, "host_queued_start": 1585405682.800371, "device_queued": -1, "device_end": -1, "host_queued_end": 1585405682.828919}, "device": "cpu", "nd_range": {"device_start": 2073457.2946837102, "device_end": 2073457.402761232}, "cmdq": 0, "read": {"device_start": -1, "device_end": -1}}, "FFC_sans_bias22": {"write": {"device_start": -1, "host_queued_start": 1585405682.812747, "device_queued": -1, "device_end": -1, "host_queued_end": 1585405682.828919}, "device": "cpu", "nd_range": {"device_start": 2073457.495522171, "device_end": 2073457.690830348}, "cmdq": 2, "read": {"device_start": -1, "device_end": -1}}, "softmax68": {"write": {"device_start": -1, "host_queued_start": 1585405682.743117, "device_queued": -1, "device_end": -1, "host_queued_end": 1585405682.757538}, "device": "gpu", "nd_range": {"device_start": 1585405622.6335495, "device_end": 1585405622.641518}, "cmdq": 3, "read": {"device_start": -1, "device_end": -1}}, "softmax5": {"write": {"device_start": -1, "host_queued_start": 1585405682.813394, "device_queued": -1, "device_end": -1, "host_queued_end": 1585405682.828919}, "device": "cpu", "nd_range": {"device_start": 2073457.4950604031, "device_end": 2073457.496212325}, "cmdq": 0, "read": {"device_start": -1, "device_end": -1}}, "FFC_sans_bias28": {"write": {"device_start": -1, "host_queued_start": 1585405682.806924, "device_queued": -1, "device_end": -1, "host_queued_end": 1585405682.828919}, "device": "cpu", "nd_range": {"device_start": 2073457.2647872062, "device_end": 2073457.387330684}, "cmdq": 2, "read": {"device_start": -1, "device_end": -1}}, "FFC_sans_bias29": {"write": {"device_start": -1, "host_queued_start": 1585405682.810245, "device_queued": -1, "device_end": -1, "host_queued_end": 1585405682.828919}, "device": "cpu", "nd_range": {"device_start": 2073457.4642242582, "device_end": 2073457.5915282501}, "cmdq": 3, "read": {"device_start": -1, "device_end": -1}}, "empty17": {"write": {"device_start": -1, "host_queued_start": 1585405682.764496, "device_queued": -1, "device_end": -1, "host_queued_end": 1585405682.828919}, "device": "cpu", "nd_range": {"device_start": 2073457.0187480631, "device_end": 2073457.018749291}, "cmdq": 1, "read": {"device_start": -1, "device_end": -1}}, "softmax59": {"write": {"device_start": -1, "host_queued_start": 1585405682.742871, "device_queued": -1, "device_end": -1, "host_queued_end": 1585405682.757538}, "device": "gpu", "nd_range": {"device_start": 1585405622.630012, "device_end": 1585405622.634403}, "cmdq": 2, "read": {"device_start": -1, "device_end": -1}}, "empty71": {"write": {"device_start": 1585405622.5764594, "host_queued_start": 1585405682.700184, "device_queued": 1585405622.5760648, "device_end": 1585405622.5767071, "host_queued_end": 1585405682.757538}, "device": "gpu", "nd_range": {"device_start": 1585405622.5767167, "device_end": 1585405622.5767207}, "cmdq": 3, "read": {"device_start": -1, "device_end": -1}}, "empty35": {"write": {"device_start": -1, "host_queued_start": 1585405682.770299, "device_queued": -1, "device_end": -1, "host_queued_end": 1585405682.828919}, "device": "cpu", "nd_range": {"device_start": 2073457.018716497, "device_end": 2073457.018720016}, "cmdq": 3, "read": {"device_start": -1, "device_end": -1}}, "empty53": {"write": {"device_start": 1585405622.5758004, "host_queued_start": 1585405682.694865, "device_queued": 1585405622.575422, "device_end": 1585405622.5760405, "host_queued_end": 1585405682.757538}, "device": "gpu", "nd_range": {"device_start": 1585405622.5761106, "device_end": 1585405622.5761237}, "cmdq": 1, "read": {"device_start": -1, "device_end": -1}}, "FFC_sans_bias46": {"write": {"device_start": 1585405622.5808518, "host_queued_start": 1585405682.716323, "device_queued": 1585405622.578095, "device_end": 1585405622.5809512, "host_queued_end": 1585405682.757538}, "device": "gpu", "nd_range": {"device_start": 1585405622.5809553, "device_end": 1585405622.5946515}, "cmdq": 0, "read": {"device_start": -1, "device_end": -1}}, "coalesced_transpose66": {"write": {"device_start": -1, "host_queued_start": 1585405682.740854, "device_queued": -1, "device_end": -1, "host_queued_end": 1585405682.757538}, "device": "gpu", "nd_range": {"device_start": 1585405622.6193826, "device_end": 1585405622.6297822}, "cmdq": 3, "read": {"device_start": -1, "device_end": -1}}, "coalesced_transpose48": {"write": {"device_start": -1, "host_queued_start": 1585405682.740251, "device_queued": -1, "device_end": -1, "host_queued_end": 1585405682.757538}, "device": "gpu", "nd_range": {"device_start": 1585405622.6123345, "device_end": 1585405622.6191888}, "cmdq": 1, "read": {"device_start": -1, "device_end": -1}}}