{"FFC_sans_bias60": {"write": {"device_start": -1, "host_queued_start": 1585405270.968796, "device_queued": -1, "device_end": -1, "host_queued_end": 1585405270.97579}, "device": "gpu", "nd_range": {"device_start": 1585405210.8351197, "device_end": 1585405210.84358}, "cmdq": 0, "read": {"device_start": -1, "device_end": -1}}, "FFC_sans_bias4": {"write": {"device_start": -1, "host_queued_start": 1585405271.061203, "device_queued": -1, "device_end": -1, "host_queued_end": 1585405271.086106}, "device": "cpu", "nd_range": {"device_start": 2073045.944914214, "device_end": 2073046.0851942212}, "cmdq": 0, "read": {"device_start": -1, "device_end": -1}}, "FFC_sans_bias7": {"write": {"device_start": -1, "host_queued_start": 1585405271.069969, "device_queued": -1, "device_end": -1, "host_queued_end": 1585405271.086106}, "device": "cpu", "nd_range": {"device_start": 2073046.4600789482, "device_end": 2073046.554245071}, "cmdq": 0, "read": {"device_start": -1, "device_end": -1}}, "FFC_sans_bias6": {"write": {"device_start": -1, "host_queued_start": 1585405271.064988, "device_queued": -1, "device_end": -1, "host_queued_end": 1585405271.086106}, "device": "cpu", "nd_range": {"device_start": 2073046.197593566, "device_end": 2073046.332323031}, "cmdq": 0, "read": {"device_start": -1, "device_end": -1}}, "FFC_sans_bias1": {"write": {"device_start": -1, "host_queued_start": 1585405270.999446, "device_queued": -1, "device_end": -1, "host_queued_end": 1585405271.086106}, "device": "cpu", "nd_range": {"device_start": 2073045.2758058591, "device_end": 2073045.4024389102}, "cmdq": 1, "read": {"device_start": -1, "device_end": -1}}, "FFC_sans_bias0": {"write": {"device_start": -1, "host_queued_start": 1585405270.99616, "device_queued": -1, "device_end": -1, "host_queued_end": 1585405271.086106}, "device": "cpu", "nd_range": {"device_start": 2073045.2757645582, "device_end": 2073045.3910473532}, "cmdq": 0, "read": {"device_start": -1, "device_end": -1}}, "FFC_sans_bias2": {"write": {"device_start": -1, "host_queued_start": 1585405271.004113, "device_queued": -1, "device_end": -1, "host_queued_end": 1585405271.086106}, "device": "cpu", "nd_range": {"device_start": 2073045.275763526, "device_end": 2073045.344621804}, "cmdq": 2, "read": {"device_start": -1, "device_end": -1}}, "FFC_sans_bias61": {"write": {"device_start": 1585405210.843913, "host_queued_start": 1585405270.972373, "device_queued": 1585405210.807865, "device_end": 1585405210.8440144, "host_queued_end": 1585405270.97579}, "device": "gpu", "nd_range": {"device_start": 1585405210.8440173, "device_end": 1585405210.8516245}, "cmdq": 0, "read": {"device_start": 1585405210.8516319, "device_end": 1585405210.8517575}}, "FFC_sans_bias52": {"write": {"device_start": -1, "host_queued_start": 1585405271.086052, "device_queued": -1, "device_end": -1, "host_queued_end": 1585405271.086106}, "device": "cpu", "nd_range": {"device_start": 2073046.589804368, "device_end": 2073046.6565218472}, "cmdq": 2, "read": {"device_start": -1, "device_end": -1}}, "FFC_sans_bias9": {"write": {"device_start": -1, "host_queued_start": 1585405271.008233, "device_queued": -1, "device_end": -1, "host_queued_end": 1585405271.086106}, "device": "cpu", "nd_range": {"device_start": 2073045.39224861, "device_end": 2073045.5138766202}, "cmdq": 0, "read": {"device_start": -1, "device_end": -1}}, "coalesced_transpose39": {"write": {"device_start": -1, "host_queued_start": 1585405271.060433, "device_queued": -1, "device_end": -1, "host_queued_end": 1585405271.086106}, "device": "cpu", "nd_range": {"device_start": 2073045.881258255, "device_end": 2073045.882449042}, "cmdq": 1, "read": {"device_start": -1, "device_end": -1}}, "FFC_sans_bias55": {"write": {"device_start": 1585405210.8096275, "host_queued_start": 1585405270.956501, "device_queued": 1585405210.8060613, "device_end": 1585405210.8097296, "host_queued_end": 1585405270.97579}, "device": "gpu", "nd_range": {"device_start": 1585405210.8097332, "device_end": 1585405210.8164668}, "cmdq": 0, "read": {"device_start": -1, "device_end": -1}}, "FFC_sans_bias54": {"write": {"device_start": 1585405210.8059545, "host_queued_start": 1585405270.953182, "device_queued": 1585405210.8056817, "device_end": 1585405210.8060503, "host_queued_end": 1585405270.97579}, "device": "gpu", "nd_range": {"device_start": 1585405210.8060524, "device_end": 1585405210.8128748}, "cmdq": 1, "read": {"device_start": -1, "device_end": -1}}, "FFC_sans_bias56": {"write": {"device_start": 1585405210.8055263, "host_queued_start": 1585405270.949848, "device_queued": 1585405210.805119, "device_end": 1585405210.805623, "host_queued_end": 1585405270.97579}, "device": "gpu", "nd_range": {"device_start": 1585405210.8056314, "device_end": 1585405210.809273}, "cmdq": 0, "read": {"device_start": -1, "device_end": -1}}, "FFC_sans_bias51": {"write": {"device_start": -1, "host_queued_start": 1585405271.066705, "device_queued": -1, "device_end": -1, "host_queued_end": 1585405271.086106}, "device": "cpu", "nd_range": {"device_start": 2073046.3758106572, "device_end": 2073046.4986744202}, "cmdq": 2, "read": {"device_start": -1, "device_end": -1}}, "softmax23": {"write": {"device_start": -1, "host_queued_start": 1585405271.063756, "device_queued": -1, "device_end": -1, "host_queued_end": 1585405271.086106}, "device": "cpu", "nd_range": {"device_start": 2073046.2464994052, "device_end": 2073046.247431193}, "cmdq": 2, "read": {"device_start": -1, "device_end": -1}}, "FFC_sans_bias37": {"write": {"device_start": -1, "host_queued_start": 1585405271.045459, "device_queued": -1, "device_end": -1, "host_queued_end": 1585405271.086106}, "device": "cpu", "nd_range": {"device_start": 2073045.7291265852, "device_end": 2073045.8123213712}, "cmdq": 1, "read": {"device_start": -1, "device_end": -1}}, "empty62": {"write": {"device_start": 1585405210.8048441, "host_queued_start": 1585405270.943542, "device_queued": 1585405210.8045208, "device_end": 1585405210.8050065, "host_queued_end": 1585405270.97579}, "device": "gpu", "nd_range": {"device_start": 1585405210.8050103, "device_end": 1585405210.805015}, "cmdq": 0, "read": {"device_start": -1, "device_end": -1}}, "FFC_sans_bias70": {"write": {"device_start": 1585405210.8394918, "host_queued_start": 1585405270.975686, "device_queued": 1585405210.808088, "device_end": 1585405210.8395996, "host_queued_end": 1585405270.97579}, "device": "gpu", "nd_range": {"device_start": 1585405210.839719, "device_end": 1585405210.847424}, "cmdq": 1, "read": {"device_start": 1585405210.847427, "device_end": 1585405210.8475175}}, "FFC_sans_bias58": {"write": {"device_start": -1, "host_queued_start": 1585405270.967635, "device_queued": -1, "device_end": -1, "host_queued_end": 1585405270.97579}, "device": "gpu", "nd_range": {"device_start": 1585405210.8267596, "device_end": 1585405210.8305092}, "cmdq": 0, "read": {"device_start": -1, "device_end": -1}}, "softmax41": {"write": {"device_start": -1, "host_queued_start": 1585405271.064298, "device_queued": -1, "device_end": -1, "host_queued_end": 1585405271.086106}, "device": "cpu", "nd_range": {"device_start": 2073046.0699072282, "device_end": 2073046.070834197}, "cmdq": 1, "read": {"device_start": -1, "device_end": -1}}, "FFC_sans_bias11": {"write": {"device_start": -1, "host_queued_start": 1585405271.015213, "device_queued": -1, "device_end": -1, "host_queued_end": 1585405271.086106}, "device": "cpu", "nd_range": {"device_start": 2073045.3448453492, "device_end": 2073045.437000201}, "cmdq": 2, "read": {"device_start": -1, "device_end": -1}}, "FFC_sans_bias10": {"write": {"device_start": -1, "host_queued_start": 1585405271.011827, "device_queued": -1, "device_end": -1, "host_queued_end": 1585405271.086106}, "device": "cpu", "nd_range": {"device_start": 2073045.402458959, "device_end": 2073045.5269704012}, "cmdq": 1, "read": {"device_start": -1, "device_end": -1}}, "coalesced_transpose3": {"write": {"device_start": -1, "host_queued_start": 1585405271.059105, "device_queued": -1, "device_end": -1, "host_queued_end": 1585405271.086106}, "device": "cpu", "nd_range": {"device_start": 2073045.942483447, "device_end": 2073045.9436921682}, "cmdq": 0, "read": {"device_start": -1, "device_end": -1}}, "FFC_sans_bias34": {"write": {"device_start": -1, "host_queued_start": 1585405271.079632, "device_queued": -1, "device_end": -1, "host_queued_end": 1585405271.086106}, "device": "cpu", "nd_range": {"device_start": 2073046.554251956, "device_end": 2073046.6472491552}, "cmdq": 0, "read": {"device_start": -1, "device_end": -1}}, "FFC_sans_bias15": {"write": {"device_start": -1, "host_queued_start": 1585405271.06533, "device_queued": -1, "device_end": -1, "host_queued_end": 1585405271.086106}, "device": "cpu", "nd_range": {"device_start": 2073046.0709557352, "device_end": 2073046.1645705372}, "cmdq": 1, "read": {"device_start": -1, "device_end": -1}}, "FFC_sans_bias31": {"write": {"device_start": -1, "host_queued_start": 1585405271.062235, "device_queued": -1, "device_end": -1, "host_queued_end": 1585405271.086106}, "device": "cpu", "nd_range": {"device_start": 2073046.0853828602, "device_end": 2073046.1948380521}, "cmdq": 0, "read": {"device_start": -1, "device_end": -1}}, "FFC_sans_bias16": {"write": {"device_start": -1, "host_queued_start": 1585405271.073183, "device_queued": -1, "device_end": -1, "host_queued_end": 1585405271.086106}, "device": "cpu", "nd_range": {"device_start": 2073046.3137433692, "device_end": 2073046.3985469802}, "cmdq": 1, "read": {"device_start": -1, "device_end": -1}}, "FFC_sans_bias19": {"write": {"device_start": -1, "host_queued_start": 1585405271.022113, "device_queued": -1, "device_end": -1, "host_queued_end": 1585405271.086106}, "device": "cpu", "nd_range": {"device_start": 2073045.5350818252, "device_end": 2073045.629234709}, "cmdq": 1, "read": {"device_start": -1, "device_end": -1}}, "FFC_sans_bias18": {"write": {"device_start": -1, "host_queued_start": 1585405271.018665, "device_queued": -1, "device_end": -1, "host_queued_end": 1585405271.086106}, "device": "cpu", "nd_range": {"device_start": 2073045.514092371, "device_end": 2073045.609711532}, "cmdq": 0, "read": {"device_start": -1, "device_end": -1}}, "coalesced_transpose30": {"write": {"device_start": -1, "host_queued_start": 1585405271.060106, "device_queued": -1, "device_end": -1, "host_queued_end": 1585405271.086106}, "device": "cpu", "nd_range": {"device_start": 2073045.943703771, "device_end": 2073045.944903694}, "cmdq": 0, "read": {"device_start": -1, "device_end": -1}}, "FFC_sans_bias69": {"write": {"device_start": -1, "host_queued_start": 1585405270.969114, "device_queued": -1, "device_end": -1, "host_queued_end": 1585405270.97579}, "device": "gpu", "nd_range": {"device_start": 1585405210.834841, "device_end": 1585405210.839115}, "cmdq": 1, "read": {"device_start": -1, "device_end": -1}}, "FFC_sans_bias38": {"write": {"device_start": -1, "host_queued_start": 1585405271.04883, "device_queued": -1, "device_end": -1, "host_queued_end": 1585405271.086106}, "device": "cpu", "nd_range": {"device_start": 2073045.6483343632, "device_end": 2073045.742751083}, "cmdq": 2, "read": {"device_start": -1, "device_end": -1}}, "coalesced_transpose57": {"write": {"device_start": -1, "host_queued_start": 1585405270.966812, "device_queued": -1, "device_end": -1, "host_queued_end": 1585405270.97579}, "device": "gpu", "nd_range": {"device_start": 1585405210.8234723, "device_end": 1585405210.8267584}, "cmdq": 0, "read": {"device_start": -1, "device_end": -1}}, "empty26": {"write": {"device_start": -1, "host_queued_start": 1585405270.985304, "device_queued": -1, "device_end": -1, "host_queued_end": 1585405271.086106}, "device": "cpu", "nd_range": {"device_start": 2073045.2757200561, "device_end": 2073045.2757303182}, "cmdq": 2, "read": {"device_start": -1, "device_end": -1}}, "coalesced_transpose12": {"write": {"device_start": -1, "host_queued_start": 1585405271.059444, "device_queued": -1, "device_end": -1, "host_queued_end": 1585405271.086106}, "device": "cpu", "nd_range": {"device_start": 2073045.880057248, "device_end": 2073045.881248495}, "cmdq": 1, "read": {"device_start": -1, "device_end": -1}}, "empty44": {"write": {"device_start": -1, "host_queued_start": 1585405270.990691, "device_queued": -1, "device_end": -1, "host_queued_end": 1585405271.086106}, "device": "cpu", "nd_range": {"device_start": 2073045.2757984032, "device_end": 2073045.2757994512}, "cmdq": 1, "read": {"device_start": -1, "device_end": -1}}, "coalesced_transpose21": {"write": {"device_start": -1, "host_queued_start": 1585405271.059774, "device_queued": -1, "device_end": -1, "host_queued_end": 1585405271.086106}, "device": "cpu", "nd_range": {"device_start": 2073045.865711589, "device_end": 2073045.8669425002}, "cmdq": 2, "read": {"device_start": -1, "device_end": -1}}, "FFC_sans_bias36": {"write": {"device_start": -1, "host_queued_start": 1585405271.041889, "device_queued": -1, "device_end": -1, "host_queued_end": 1585405271.086106}, "device": "cpu", "nd_range": {"device_start": 2073045.7119352892, "device_end": 2073045.866986891}, "cmdq": 0, "read": {"device_start": -1, "device_end": -1}}, "softmax14": {"write": {"device_start": -1, "host_queued_start": 1585405271.063486, "device_queued": -1, "device_end": -1, "host_queued_end": 1585405271.086106}, "device": "cpu", "nd_range": {"device_start": 2073046.068808437, "device_end": 2073046.0697555132}, "cmdq": 1, "read": {"device_start": -1, "device_end": -1}}, "FFC_sans_bias13": {"write": {"device_start": -1, "host_queued_start": 1585405271.061548, "device_queued": -1, "device_end": -1, "host_queued_end": 1585405271.086106}, "device": "cpu", "nd_range": {"device_start": 2073045.882457022, "device_end": 2073046.0045175091}, "cmdq": 1, "read": {"device_start": -1, "device_end": -1}}, "empty8": {"write": {"device_start": -1, "host_queued_start": 1585405270.979519, "device_queued": -1, "device_end": -1, "host_queued_end": 1585405271.086106}, "device": "cpu", "nd_range": {"device_start": 2073045.2757172931, "device_end": 2073045.2757303212}, "cmdq": 0, "read": {"device_start": -1, "device_end": -1}}, "FFC_sans_bias42": {"write": {"device_start": -1, "host_queued_start": 1585405271.066354, "device_queued": -1, "device_end": -1, "host_queued_end": 1585405271.086106}, "device": "cpu", "nd_range": {"device_start": 2073046.1647961661, "device_end": 2073046.313516125}, "cmdq": 1, "read": {"device_start": -1, "device_end": -1}}, "FFC_sans_bias43": {"write": {"device_start": -1, "host_queued_start": 1585405271.08285, "device_queued": -1, "device_end": -1, "host_queued_end": 1585405271.086106}, "device": "cpu", "nd_range": {"device_start": 2073046.3985588562, "device_end": 2073046.5435283582}, "cmdq": 1, "read": {"device_start": -1, "device_end": -1}}, "FFC_sans_bias40": {"write": {"device_start": -1, "host_queued_start": 1585405271.062586, "device_queued": -1, "device_end": -1, "host_queued_end": 1585405271.086106}, "device": "cpu", "nd_range": {"device_start": 2073046.0047531482, "device_end": 2073046.0685936282}, "cmdq": 1, "read": {"device_start": -1, "device_end": -1}}, "softmax32": {"write": {"device_start": -1, "host_queued_start": 1585405271.064029, "device_queued": -1, "device_end": -1, "host_queued_end": 1585405271.086106}, "device": "cpu", "nd_range": {"device_start": 2073046.1965320252, "device_end": 2073046.197468006}, "cmdq": 0, "read": {"device_start": -1, "device_end": -1}}, "FFC_sans_bias47": {"write": {"device_start": -1, "host_queued_start": 1585405271.058751, "device_queued": -1, "device_end": -1, "host_queued_end": 1585405271.086106}, "device": "cpu", "nd_range": {"device_start": 2073045.7429559582, "device_end": 2073045.865488389}, "cmdq": 2, "read": {"device_start": -1, "device_end": -1}}, "FFC_sans_bias45": {"write": {"device_start": -1, "host_queued_start": 1585405271.052172, "device_queued": -1, "device_end": -1, "host_queued_end": 1585405271.086106}, "device": "cpu", "nd_range": {"device_start": 2073045.8670015892, "device_end": 2073045.942466431}, "cmdq": 0, "read": {"device_start": -1, "device_end": -1}}, "softmax50": {"write": {"device_start": -1, "host_queued_start": 1585405271.064584, "device_queued": -1, "device_end": -1, "host_queued_end": 1585405271.086106}, "device": "cpu", "nd_range": {"device_start": 2073046.247643849, "device_end": 2073046.2486136481}, "cmdq": 2, "read": {"device_start": -1, "device_end": -1}}, "FFC_sans_bias33": {"write": {"device_start": -1, "host_queued_start": 1585405271.066013, "device_queued": -1, "device_end": -1, "host_queued_end": 1585405271.086106}, "device": "cpu", "nd_range": {"device_start": 2073046.3323424521, "device_end": 2073046.4600629301}, "cmdq": 0, "read": {"device_start": -1, "device_end": -1}}, "FFC_sans_bias63": {"write": {"device_start": 1585405210.820221, "host_queued_start": 1585405270.966439, "device_queued": 1585405210.8067498, "device_end": 1585405210.82032, "host_queued_end": 1585405270.97579}, "device": "gpu", "nd_range": {"device_start": 1585405210.820323, "device_end": 1585405210.8269653}, "cmdq": 1, "read": {"device_start": -1, "device_end": -1}}, "FFC_sans_bias49": {"write": {"device_start": -1, "host_queued_start": 1585405271.062929, "device_queued": -1, "device_end": -1, "host_queued_end": 1585405271.086106}, "device": "cpu", "nd_range": {"device_start": 2073046.0320148142, "device_end": 2073046.24628949}, "cmdq": 2, "read": {"device_start": -1, "device_end": -1}}, "FFC_sans_bias64": {"write": {"device_start": 1585405210.8132515, "host_queued_start": 1585405270.959802, "device_queued": 1585405210.8062897, "device_end": 1585405210.8133574, "host_queued_end": 1585405270.97579}, "device": "gpu", "nd_range": {"device_start": 1585405210.8133626, "device_end": 1585405210.8198793}, "cmdq": 1, "read": {"device_start": -1, "device_end": -1}}, "FFC_sans_bias65": {"write": {"device_start": 1585405210.816812, "host_queued_start": 1585405270.963141, "device_queued": 1585405210.8065217, "device_end": 1585405210.8169136, "host_queued_end": 1585405270.97579}, "device": "gpu", "nd_range": {"device_start": 1585405210.8169162, "device_end": 1585405210.8234713}, "cmdq": 0, "read": {"device_start": -1, "device_end": -1}}, "FFC_sans_bias67": {"write": {"device_start": -1, "host_queued_start": 1585405270.967964, "device_queued": -1, "device_end": -1, "host_queued_end": 1585405270.97579}, "device": "gpu", "nd_range": {"device_start": 1585405210.8303044, "device_end": 1585405210.834377}, "cmdq": 1, "read": {"device_start": -1, "device_end": -1}}, "FFC_sans_bias24": {"write": {"device_start": -1, "host_queued_start": 1585405271.065669, "device_queued": -1, "device_end": -1, "host_queued_end": 1585405271.086106}, "device": "cpu", "nd_range": {"device_start": 2073046.2487432372, "device_end": 2073046.3755900061}, "cmdq": 2, "read": {"device_start": -1, "device_end": -1}}, "FFC_sans_bias25": {"write": {"device_start": -1, "host_queued_start": 1585405271.076424, "device_queued": -1, "device_end": -1, "host_queued_end": 1585405271.086106}, "device": "cpu", "nd_range": {"device_start": 2073046.4986968222, "device_end": 2073046.589797208}, "cmdq": 2, "read": {"device_start": -1, "device_end": -1}}, "FFC_sans_bias27": {"write": {"device_start": -1, "host_queued_start": 1585405271.029783, "device_queued": -1, "device_end": -1, "host_queued_end": 1585405271.086106}, "device": "cpu", "nd_range": {"device_start": 2073045.6099283611, "device_end": 2073045.711915563}, "cmdq": 0, "read": {"device_start": -1, "device_end": -1}}, "FFC_sans_bias20": {"write": {"device_start": -1, "host_queued_start": 1585405271.025952, "device_queued": -1, "device_end": -1, "host_queued_end": 1585405271.086106}, "device": "cpu", "nd_range": {"device_start": 2073045.4370205272, "device_end": 2073045.5286347081}, "cmdq": 2, "read": {"device_start": -1, "device_end": -1}}, "FFC_sans_bias22": {"write": {"device_start": -1, "host_queued_start": 1585405271.061895, "device_queued": -1, "device_end": -1, "host_queued_end": 1585405271.086106}, "device": "cpu", "nd_range": {"device_start": 2073045.899388039, "device_end": 2073046.0225507321}, "cmdq": 2, "read": {"device_start": -1, "device_end": -1}}, "softmax68": {"write": {"device_start": -1, "host_queued_start": 1585405270.968483, "device_queued": -1, "device_end": -1, "host_queued_end": 1585405270.97579}, "device": "gpu", "nd_range": {"device_start": 1585405210.834378, "device_end": 1585405210.834839}, "cmdq": 1, "read": {"device_start": -1, "device_end": -1}}, "softmax5": {"write": {"device_start": -1, "host_queued_start": 1585405271.063214, "device_queued": -1, "device_end": -1, "host_queued_end": 1585405271.086106}, "device": "cpu", "nd_range": {"device_start": 2073046.1951835891, "device_end": 2073046.1963025632}, "cmdq": 0, "read": {"device_start": -1, "device_end": -1}}, "FFC_sans_bias28": {"write": {"device_start": -1, "host_queued_start": 1585405271.033596, "device_queued": -1, "device_end": -1, "host_queued_end": 1585405271.086106}, "device": "cpu", "nd_range": {"device_start": 2073045.6294401682, "device_end": 2073045.7289157952}, "cmdq": 1, "read": {"device_start": -1, "device_end": -1}}, "FFC_sans_bias29": {"write": {"device_start": -1, "host_queued_start": 1585405271.037952, "device_queued": -1, "device_end": -1, "host_queued_end": 1585405271.086106}, "device": "cpu", "nd_range": {"device_start": 2073045.5287696512, "device_end": 2073045.6483202092}, "cmdq": 2, "read": {"device_start": -1, "device_end": -1}}, "empty17": {"write": {"device_start": -1, "host_queued_start": 1585405270.982368, "device_queued": -1, "device_end": -1, "host_queued_end": 1585405271.086106}, "device": "cpu", "nd_range": {"device_start": 2073045.2757723832, "device_end": 2073045.2757766242}, "cmdq": 1, "read": {"device_start": -1, "device_end": -1}}, "softmax59": {"write": {"device_start": -1, "host_queued_start": 1585405270.968234, "device_queued": -1, "device_end": -1, "host_queued_end": 1585405270.97579}, "device": "gpu", "nd_range": {"device_start": 1585405210.8305106, "device_end": 1585405210.8351188}, "cmdq": 0, "read": {"device_start": -1, "device_end": -1}}, "empty71": {"write": {"device_start": 1585405210.805205, "host_queued_start": 1585405270.94697, "device_queued": 1585405210.804826, "device_end": 1585405210.8054826, "host_queued_end": 1585405270.97579}, "device": "gpu", "nd_range": {"device_start": 1585405210.80549, "device_end": 1585405210.8054948}, "cmdq": 1, "read": {"device_start": -1, "device_end": -1}}, "empty35": {"write": {"device_start": -1, "host_queued_start": 1585405270.987978, "device_queued": -1, "device_end": -1, "host_queued_end": 1585405271.086106}, "device": "cpu", "nd_range": {"device_start": 2073045.2757564161, "device_end": 2073045.2757577582}, "cmdq": 0, "read": {"device_start": -1, "device_end": -1}}, "empty53": {"write": {"device_start": -1, "host_queued_start": 1585405270.993369, "device_queued": -1, "device_end": -1, "host_queued_end": 1585405271.086106}, "device": "cpu", "nd_range": {"device_start": 2073045.275756072, "device_end": 2073045.2757573551}, "cmdq": 2, "read": {"device_start": -1, "device_end": -1}}, "FFC_sans_bias46": {"write": {"device_start": -1, "host_queued_start": 1585405271.055439, "device_queued": -1, "device_end": -1, "host_queued_end": 1585405271.086106}, "device": "cpu", "nd_range": {"device_start": 2073045.812353318, "device_end": 2073045.880039572}, "cmdq": 1, "read": {"device_start": -1, "device_end": -1}}, "coalesced_transpose66": {"write": {"device_start": -1, "host_queued_start": 1585405270.967118, "device_queued": -1, "device_end": -1, "host_queued_end": 1585405270.97579}, "device": "gpu", "nd_range": {"device_start": 1585405210.8269663, "device_end": 1585405210.8303003}, "cmdq": 1, "read": {"device_start": -1, "device_end": -1}}, "coalesced_transpose48": {"write": {"device_start": -1, "host_queued_start": 1585405271.060826, "device_queued": -1, "device_end": -1, "host_queued_end": 1585405271.086106}, "device": "cpu", "nd_range": {"device_start": 2073045.8980594482, "device_end": 2073045.8991923102}, "cmdq": 2, "read": {"device_start": -1, "device_end": -1}}}