{"FFC_sans_bias60": {"write": {"device_start": -1, "host_queued_start": 1585405101.965204, "device_queued": -1, "device_end": -1, "host_queued_end": 1585405101.988636}, "device": "gpu", "nd_range": {"device_start": 1585405041.9574776, "device_end": 1585405041.960818}, "cmdq": 0, "read": {"device_start": -1, "device_end": -1}}, "FFC_sans_bias4": {"write": {"device_start": -1, "host_queued_start": 1585405102.006611, "device_queued": -1, "device_end": -1, "host_queued_end": 1585405102.01091}, "device": "cpu", "nd_range": {"device_start": 2072876.327046222, "device_end": 2072876.3672851622}, "cmdq": 1, "read": {"device_start": -1, "device_end": -1}}, "FFC_sans_bias7": {"write": {"device_start": -1, "host_queued_start": 1585405102.010859, "device_queued": -1, "device_end": -1, "host_queued_end": 1585405102.01091}, "device": "cpu", "nd_range": {"device_start": 2072876.4081658882, "device_end": 2072876.4460127081}, "cmdq": 0, "read": {"device_start": -1, "device_end": -1}}, "FFC_sans_bias6": {"write": {"device_start": -1, "host_queued_start": 1585405102.007264, "device_queued": -1, "device_end": -1, "host_queued_end": 1585405102.01091}, "device": "cpu", "nd_range": {"device_start": 2072876.3681082812, "device_end": 2072876.408111775}, "cmdq": 3, "read": {"device_start": -1, "device_end": -1}}, "FFC_sans_bias1": {"write": {"device_start": -1, "host_queued_start": 1585405102.000196, "device_queued": -1, "device_end": -1, "host_queued_end": 1585405102.01091}, "device": "cpu", "nd_range": {"device_start": 2072876.200495568, "device_end": 2072876.3249758342}, "cmdq": 2, "read": {"device_start": -1, "device_end": -1}}, "FFC_sans_bias0": {"write": {"device_start": -1, "host_queued_start": 1585405101.996437, "device_queued": -1, "device_end": -1, "host_queued_end": 1585405102.01091}, "device": "cpu", "nd_range": {"device_start": 2072876.200487585, "device_end": 2072876.3268867142}, "cmdq": 1, "read": {"device_start": -1, "device_end": -1}}, "FFC_sans_bias2": {"write": {"device_start": -1, "host_queued_start": 1585405102.005292, "device_queued": -1, "device_end": -1, "host_queued_end": 1585405102.01091}, "device": "cpu", "nd_range": {"device_start": 2072876.2005540691, "device_end": 2072876.3192010962}, "cmdq": 3, "read": {"device_start": -1, "device_end": -1}}, "FFC_sans_bias61": {"write": {"device_start": 1585405041.9867692, "host_queued_start": 1585405101.985261, "device_queued": 1585405041.8341053, "device_end": 1585405041.9868567, "host_queued_end": 1585405101.988636}, "device": "gpu", "nd_range": {"device_start": 1585405041.986899, "device_end": 1585405041.9902256}, "cmdq": 0, "read": {"device_start": 1585405041.9902303, "device_end": 1585405041.9903162}}, "FFC_sans_bias52": {"write": {"device_start": 1585405041.9825575, "host_queued_start": 1585405101.981955, "device_queued": 1585405041.833862, "device_end": 1585405041.9826963, "host_queued_end": 1585405101.988636}, "device": "gpu", "nd_range": {"device_start": 1585405041.982739, "device_end": 1585405041.9862316}, "cmdq": 0, "read": {"device_start": 1585405041.986241, "device_end": 1585405041.9863563}}, "FFC_sans_bias9": {"write": {"device_start": 1585405041.8254693, "host_queued_start": 1585405101.890865, "device_queued": 1585405041.8240814, "device_end": 1585405041.8255913, "host_queued_end": 1585405101.988636}, "device": "gpu", "nd_range": {"device_start": 1585405041.825594, "device_end": 1585405041.8289258}, "cmdq": 0, "read": {"device_start": -1, "device_end": -1}}, "coalesced_transpose39": {"write": {"device_start": -1, "host_queued_start": 1585405101.958418, "device_queued": -1, "device_end": -1, "host_queued_end": 1585405101.988636}, "device": "gpu", "nd_range": {"device_start": 1585405041.9126594, "device_end": 1585405041.9126775}, "cmdq": 0, "read": {"device_start": -1, "device_end": -1}}, "FFC_sans_bias55": {"write": {"device_start": 1585405041.897057, "host_queued_start": 1585405101.947269, "device_queued": 1585405041.8285966, "device_end": 1585405041.8972023, "host_queued_end": 1585405101.988636}, "device": "gpu", "nd_range": {"device_start": 1585405041.8972502, "device_end": 1585405041.9007664}, "cmdq": 0, "read": {"device_start": -1, "device_end": -1}}, "FFC_sans_bias54": {"write": {"device_start": 1585405041.8933153, "host_queued_start": 1585405101.944003, "device_queued": 1585405041.8283632, "device_end": 1585405041.8934054, "host_queued_end": 1585405101.988636}, "device": "gpu", "nd_range": {"device_start": 1585405041.8934488, "device_end": 1585405041.8967807}, "cmdq": 0, "read": {"device_start": -1, "device_end": -1}}, "FFC_sans_bias56": {"write": {"device_start": 1585405041.8893762, "host_queued_start": 1585405101.940747, "device_queued": 1585405041.8281376, "device_end": 1585405041.8895092, "host_queued_end": 1585405101.988636}, "device": "gpu", "nd_range": {"device_start": 1585405041.8895552, "device_end": 1585405041.8930798}, "cmdq": 0, "read": {"device_start": -1, "device_end": -1}}, "FFC_sans_bias51": {"write": {"device_start": -1, "host_queued_start": 1585405101.964887, "device_queued": -1, "device_end": -1, "host_queued_end": 1585405101.988636}, "device": "gpu", "nd_range": {"device_start": 1585405041.9539533, "device_end": 1585405041.9574761}, "cmdq": 0, "read": {"device_start": -1, "device_end": -1}}, "softmax23": {"write": {"device_start": -1, "host_queued_start": 1585405101.962053, "device_queued": -1, "device_end": -1, "host_queued_end": 1585405101.988636}, "device": "gpu", "nd_range": {"device_start": 1585405041.937439, "device_end": 1585405041.937859}, "cmdq": 0, "read": {"device_start": -1, "device_end": -1}}, "FFC_sans_bias37": {"write": {"device_start": 1585405041.8694417, "host_queued_start": 1585405101.924229, "device_queued": 1585405041.8269963, "device_end": 1585405041.8695679, "host_queued_end": 1585405101.988636}, "device": "gpu", "nd_range": {"device_start": 1585405041.8696065, "device_end": 1585405041.8731272}, "cmdq": 0, "read": {"device_start": -1, "device_end": -1}}, "empty62": {"write": {"device_start": 1585405041.8247259, "host_queued_start": 1585405101.885447, "device_queued": 1585405041.8236678, "device_end": 1585405041.8248198, "host_queued_end": 1585405101.988636}, "device": "gpu", "nd_range": {"device_start": 1585405041.824825, "device_end": 1585405041.824834}, "cmdq": 0, "read": {"device_start": -1, "device_end": -1}}, "FFC_sans_bias70": {"write": {"device_start": 1585405041.9908738, "host_queued_start": 1585405101.98853, "device_queued": 1585405041.8343813, "device_end": 1585405041.9910078, "host_queued_end": 1585405101.988636}, "device": "gpu", "nd_range": {"device_start": 1585405041.9910512, "device_end": 1585405041.9945433}, "cmdq": 0, "read": {"device_start": 1585405041.9945495, "device_end": 1585405041.9946635}}, "FFC_sans_bias58": {"write": {"device_start": -1, "host_queued_start": 1585405101.961241, "device_queued": -1, "device_end": -1, "host_queued_end": 1585405101.988636}, "device": "gpu", "nd_range": {"device_start": 1585405041.9301608, "device_end": 1585405041.9336755}, "cmdq": 0, "read": {"device_start": -1, "device_end": -1}}, "softmax41": {"write": {"device_start": -1, "host_queued_start": 1585405101.962544, "device_queued": -1, "device_end": -1, "host_queued_end": 1585405101.988636}, "device": "gpu", "nd_range": {"device_start": 1585405041.9382808, "device_end": 1585405041.9387033}, "cmdq": 0, "read": {"device_start": -1, "device_end": -1}}, "FFC_sans_bias11": {"write": {"device_start": 1585405041.8331182, "host_queued_start": 1585405101.897558, "device_queued": 1585405041.8248398, "device_end": 1585405041.8332198, "host_queued_end": 1585405101.988636}, "device": "gpu", "nd_range": {"device_start": 1585405041.8332224, "device_end": 1585405041.8367927}, "cmdq": 0, "read": {"device_start": -1, "device_end": -1}}, "FFC_sans_bias10": {"write": {"device_start": 1585405041.829261, "host_queued_start": 1585405101.894157, "device_queued": 1585405041.824452, "device_end": 1585405041.8293543, "host_queued_end": 1585405101.988636}, "device": "gpu", "nd_range": {"device_start": 1585405041.829364, "device_end": 1585405041.832683}, "cmdq": 0, "read": {"device_start": -1, "device_end": -1}}, "coalesced_transpose3": {"write": {"device_start": -1, "host_queued_start": 1585405102.006158, "device_queued": -1, "device_end": -1, "host_queued_end": 1585405102.01091}, "device": "cpu", "nd_range": {"device_start": 2072876.3250008551, "device_end": 2072876.3261160252}, "cmdq": 0, "read": {"device_start": -1, "device_end": -1}}, "FFC_sans_bias34": {"write": {"device_start": 1585405041.9742978, "host_queued_start": 1585405101.975392, "device_queued": 1585405041.8332977, "device_end": 1585405041.9743857, "host_queued_end": 1585405101.988636}, "device": "gpu", "nd_range": {"device_start": 1585405041.9744267, "device_end": 1585405041.9777412}, "cmdq": 0, "read": {"device_start": 1585405041.9777498, "device_end": 1585405041.977836}}, "FFC_sans_bias15": {"write": {"device_start": -1, "host_queued_start": 1585405101.963617, "device_queued": -1, "device_end": -1, "host_queued_end": 1585405101.988636}, "device": "gpu", "nd_range": {"device_start": 1585405041.939973, "device_end": 1585405041.94331}, "cmdq": 0, "read": {"device_start": -1, "device_end": -1}}, "FFC_sans_bias31": {"write": {"device_start": -1, "host_queued_start": 1585405101.960297, "device_queued": -1, "device_end": -1, "host_queued_end": 1585405101.988636}, "device": "gpu", "nd_range": {"device_start": 1585405041.9194384, "device_end": 1585405041.9230466}, "cmdq": 0, "read": {"device_start": -1, "device_end": -1}}, "FFC_sans_bias16": {"write": {"device_start": 1585405041.964472, "host_queued_start": 1585405101.968797, "device_queued": 1585405041.832634, "device_end": 1585405041.9645967, "host_queued_end": 1585405101.988636}, "device": "gpu", "nd_range": {"device_start": 1585405041.964641, "device_end": 1585405041.9681368}, "cmdq": 0, "read": {"device_start": 1585405041.9681432, "device_end": 1585405041.9682574}}, "FFC_sans_bias19": {"write": {"device_start": 1585405041.8413498, "host_queued_start": 1585405101.904383, "device_queued": 1585405041.8256135, "device_end": 1585405041.8415122, "host_queued_end": 1585405101.988636}, "device": "gpu", "nd_range": {"device_start": 1585405041.8415606, "device_end": 1585405041.845082}, "cmdq": 0, "read": {"device_start": -1, "device_end": -1}}, "FFC_sans_bias18": {"write": {"device_start": 1585405041.8373477, "host_queued_start": 1585405101.900882, "device_queued": 1585405041.8251944, "device_end": 1585405041.8374634, "host_queued_end": 1585405101.988636}, "device": "gpu", "nd_range": {"device_start": 1585405041.8374662, "device_end": 1585405041.8409336}, "cmdq": 0, "read": {"device_start": -1, "device_end": -1}}, "coalesced_transpose30": {"write": {"device_start": -1, "host_queued_start": 1585405101.958109, "device_queued": -1, "device_end": -1, "host_queued_end": 1585405101.988636}, "device": "gpu", "nd_range": {"device_start": 1585405041.9126399, "device_end": 1585405041.9126577}, "cmdq": 0, "read": {"device_start": -1, "device_end": -1}}, "FFC_sans_bias69": {"write": {"device_start": -1, "host_queued_start": 1585405101.965517, "device_queued": -1, "device_end": -1, "host_queued_end": 1585405101.988636}, "device": "gpu", "nd_range": {"device_start": 1585405041.960819, "device_end": 1585405041.9641614}, "cmdq": 0, "read": {"device_start": -1, "device_end": -1}}, "FFC_sans_bias38": {"write": {"device_start": 1585405041.8733475, "host_queued_start": 1585405101.927563, "device_queued": 1585405041.8272195, "device_end": 1585405041.87344, "host_queued_end": 1585405101.988636}, "device": "gpu", "nd_range": {"device_start": 1585405041.8734806, "device_end": 1585405041.8768125}, "cmdq": 0, "read": {"device_start": -1, "device_end": -1}}, "coalesced_transpose57": {"write": {"device_start": -1, "host_queued_start": 1585405101.959038, "device_queued": -1, "device_end": -1, "host_queued_end": 1585405101.988636}, "device": "gpu", "nd_range": {"device_start": 1585405041.9126978, "device_end": 1585405041.9127166}, "cmdq": 0, "read": {"device_start": -1, "device_end": -1}}, "empty26": {"write": {"device_start": 1585405041.8231475, "host_queued_start": 1585405101.875007, "device_queued": 1585405041.822689, "device_end": 1585405041.8232415, "host_queued_end": 1585405101.988636}, "device": "gpu", "nd_range": {"device_start": 1585405041.823244, "device_end": 1585405041.823248}, "cmdq": 0, "read": {"device_start": -1, "device_end": -1}}, "coalesced_transpose12": {"write": {"device_start": -1, "host_queued_start": 1585405101.957498, "device_queued": -1, "device_end": -1, "host_queued_end": 1585405101.988636}, "device": "gpu", "nd_range": {"device_start": 1585405041.9126027, "device_end": 1585405041.9126196}, "cmdq": 0, "read": {"device_start": -1, "device_end": -1}}, "empty44": {"write": {"device_start": 1585405041.823967, "host_queued_start": 1585405101.880234, "device_queued": 1585405041.8232536, "device_end": 1585405041.8240616, "host_queued_end": 1585405101.988636}, "device": "gpu", "nd_range": {"device_start": 1585405041.8240678, "device_end": 1585405041.8240788}, "cmdq": 0, "read": {"device_start": -1, "device_end": -1}}, "coalesced_transpose21": {"write": {"device_start": -1, "host_queued_start": 1585405101.957804, "device_queued": -1, "device_end": -1, "host_queued_end": 1585405101.988636}, "device": "gpu", "nd_range": {"device_start": 1585405041.9126205, "device_end": 1585405041.912639}, "cmdq": 0, "read": {"device_start": -1, "device_end": -1}}, "FFC_sans_bias36": {"write": {"device_start": 1585405041.8657093, "host_queued_start": 1585405101.920898, "device_queued": 1585405041.8267734, "device_end": 1585405041.8657975, "host_queued_end": 1585405101.988636}, "device": "gpu", "nd_range": {"device_start": 1585405041.8658354, "device_end": 1585405041.8691556}, "cmdq": 0, "read": {"device_start": -1, "device_end": -1}}, "softmax14": {"write": {"device_start": -1, "host_queued_start": 1585405101.961809, "device_queued": -1, "device_end": -1, "host_queued_end": 1585405101.988636}, "device": "gpu", "nd_range": {"device_start": 1585405041.937016, "device_end": 1585405041.937438}, "cmdq": 0, "read": {"device_start": -1, "device_end": -1}}, "FFC_sans_bias13": {"write": {"device_start": -1, "host_queued_start": 1585405101.959662, "device_queued": -1, "device_end": -1, "host_queued_end": 1585405101.988636}, "device": "gpu", "nd_range": {"device_start": 1585405041.912737, "device_end": 1585405041.9160888}, "cmdq": 0, "read": {"device_start": -1, "device_end": -1}}, "empty8": {"write": {"device_start": -1, "host_queued_start": 1585405101.993021, "device_queued": -1, "device_end": -1, "host_queued_end": 1585405102.01091}, "device": "cpu", "nd_range": {"device_start": 2072876.200460971, "device_end": 2072876.200471786}, "cmdq": 0, "read": {"device_start": -1, "device_end": -1}}, "FFC_sans_bias42": {"write": {"device_start": -1, "host_queued_start": 1585405101.964569, "device_queued": -1, "device_end": -1, "host_queued_end": 1585405101.988636}, "device": "gpu", "nd_range": {"device_start": 1585405041.9504373, "device_end": 1585405041.9539523}, "cmdq": 0, "read": {"device_start": -1, "device_end": -1}}, "FFC_sans_bias43": {"write": {"device_start": 1585405041.9783883, "host_queued_start": 1585405101.978675, "device_queued": 1585405041.8335927, "device_end": 1585405041.9785268, "host_queued_end": 1585405101.988636}, "device": "gpu", "nd_range": {"device_start": 1585405041.9785666, "device_end": 1585405041.9818912}, "cmdq": 0, "read": {"device_start": 1585405041.9819002, "device_end": 1585405041.9819872}}, "FFC_sans_bias40": {"write": {"device_start": -1, "host_queued_start": 1585405101.960609, "device_queued": -1, "device_end": -1, "host_queued_end": 1585405101.988636}, "device": "gpu", "nd_range": {"device_start": 1585405041.9230475, "device_end": 1585405041.9265609}, "cmdq": 0, "read": {"device_start": -1, "device_end": -1}}, "softmax32": {"write": {"device_start": -1, "host_queued_start": 1585405101.9623, "device_queued": -1, "device_end": -1, "host_queued_end": 1585405101.988636}, "device": "gpu", "nd_range": {"device_start": 1585405041.9378603, "device_end": 1585405041.9382799}, "cmdq": 0, "read": {"device_start": -1, "device_end": -1}}, "FFC_sans_bias47": {"write": {"device_start": 1585405041.8849483, "host_queued_start": 1585405101.937466, "device_queued": 1585405041.8279119, "device_end": 1585405041.8850386, "host_queued_end": 1585405101.988636}, "device": "gpu", "nd_range": {"device_start": 1585405041.885079, "device_end": 1585405041.8884027}, "cmdq": 0, "read": {"device_start": -1, "device_end": -1}}, "FFC_sans_bias45": {"write": {"device_start": 1585405041.8771117, "host_queued_start": 1585405101.930816, "device_queued": 1585405041.827444, "device_end": 1585405041.8772576, "host_queued_end": 1585405101.988636}, "device": "gpu", "nd_range": {"device_start": 1585405041.877299, "device_end": 1585405041.8807287}, "cmdq": 0, "read": {"device_start": -1, "device_end": -1}}, "softmax50": {"write": {"device_start": -1, "host_queued_start": 1585405101.962799, "device_queued": -1, "device_end": -1, "host_queued_end": 1585405101.988636}, "device": "gpu", "nd_range": {"device_start": 1585405041.9387043, "device_end": 1585405041.9391255}, "cmdq": 0, "read": {"device_start": -1, "device_end": -1}}, "FFC_sans_bias33": {"write": {"device_start": -1, "host_queued_start": 1585405101.964255, "device_queued": -1, "device_end": -1, "host_queued_end": 1585405101.988636}, "device": "gpu", "nd_range": {"device_start": 1585405041.946834, "device_end": 1585405041.950436}, "cmdq": 0, "read": {"device_start": -1, "device_end": -1}}, "FFC_sans_bias63": {"write": {"device_start": 1585405041.909131, "host_queued_start": 1585405101.957151, "device_queued": 1585405041.8293633, "device_end": 1585405041.9092216, "host_queued_end": 1585405101.988636}, "device": "gpu", "nd_range": {"device_start": 1585405041.9092622, "device_end": 1585405041.912601}, "cmdq": 0, "read": {"device_start": -1, "device_end": -1}}, "FFC_sans_bias49": {"write": {"device_start": -1, "host_queued_start": 1585405101.960924, "device_queued": -1, "device_end": -1, "host_queued_end": 1585405101.988636}, "device": "gpu", "nd_range": {"device_start": 1585405041.9265618, "device_end": 1585405041.9301598}, "cmdq": 0, "read": {"device_start": -1, "device_end": -1}}, "FFC_sans_bias64": {"write": {"device_start": 1585405041.9009902, "host_queued_start": 1585405101.950583, "device_queued": 1585405041.8288348, "device_end": 1585405041.9010818, "host_queued_end": 1585405101.988636}, "device": "gpu", "nd_range": {"device_start": 1585405041.9011247, "device_end": 1585405041.9044595}, "cmdq": 0, "read": {"device_start": -1, "device_end": -1}}, "FFC_sans_bias65": {"write": {"device_start": 1585405041.9047494, "host_queued_start": 1585405101.953855, "device_queued": 1585405041.829097, "device_end": 1585405041.9049006, "host_queued_end": 1585405101.988636}, "device": "gpu", "nd_range": {"device_start": 1585405041.9049447, "device_end": 1585405041.9084666}, "cmdq": 0, "read": {"device_start": -1, "device_end": -1}}, "FFC_sans_bias67": {"write": {"device_start": -1, "host_queued_start": 1585405101.961558, "device_queued": -1, "device_end": -1, "host_queued_end": 1585405101.988636}, "device": "gpu", "nd_range": {"device_start": 1585405041.9336767, "device_end": 1585405041.9370143}, "cmdq": 0, "read": {"device_start": -1, "device_end": -1}}, "FFC_sans_bias24": {"write": {"device_start": -1, "host_queued_start": 1585405101.963933, "device_queued": -1, "device_end": -1, "host_queued_end": 1585405101.988636}, "device": "gpu", "nd_range": {"device_start": 1585405041.9433112, "device_end": 1585405041.946833}, "cmdq": 0, "read": {"device_start": -1, "device_end": -1}}, "FFC_sans_bias25": {"write": {"device_start": 1585405041.9700572, "host_queued_start": 1585405101.972081, "device_queued": 1585405041.832961, "device_end": 1585405041.970213, "host_queued_end": 1585405101.988636}, "device": "gpu", "nd_range": {"device_start": 1585405041.9702597, "device_end": 1585405041.9737558}, "cmdq": 0, "read": {"device_start": 1585405041.9737613, "device_end": 1585405041.9738712}}, "FFC_sans_bias27": {"write": {"device_start": 1585405041.8539016, "host_queued_start": 1585405101.911009, "device_queued": 1585405041.826078, "device_end": 1585405041.8540647, "host_queued_end": 1585405101.988636}, "device": "gpu", "nd_range": {"device_start": 1585405041.854109, "device_end": 1585405041.857632}, "cmdq": 0, "read": {"device_start": -1, "device_end": -1}}, "FFC_sans_bias20": {"write": {"device_start": 1585405041.8500073, "host_queued_start": 1585405101.907691, "device_queued": 1585405041.825854, "device_end": 1585405041.8501008, "host_queued_end": 1585405101.988636}, "device": "gpu", "nd_range": {"device_start": 1585405041.8501399, "device_end": 1585405041.8535721}, "cmdq": 0, "read": {"device_start": -1, "device_end": -1}}, "FFC_sans_bias22": {"write": {"device_start": -1, "host_queued_start": 1585405101.959978, "device_queued": -1, "device_end": -1, "host_queued_end": 1585405101.988636}, "device": "gpu", "nd_range": {"device_start": 1585405041.9160903, "device_end": 1585405041.9194376}, "cmdq": 0, "read": {"device_start": -1, "device_end": -1}}, "softmax68": {"write": {"device_start": -1, "host_queued_start": 1585405101.963307, "device_queued": -1, "device_end": -1, "host_queued_end": 1585405101.988636}, "device": "gpu", "nd_range": {"device_start": 1585405041.9395494, "device_end": 1585405041.9399712}, "cmdq": 0, "read": {"device_start": -1, "device_end": -1}}, "softmax5": {"write": {"device_start": -1, "host_queued_start": 1585405102.006911, "device_queued": -1, "device_end": -1, "host_queued_end": 1585405102.01091}, "device": "cpu", "nd_range": {"device_start": 2072876.3673874931, "device_end": 2072876.3678807572}, "cmdq": 2, "read": {"device_start": -1, "device_end": -1}}, "FFC_sans_bias28": {"write": {"device_start": 1585405041.8579383, "host_queued_start": 1585405101.914277, "device_queued": 1585405041.8263032, "device_end": 1585405041.8580947, "host_queued_end": 1585405101.988636}, "device": "gpu", "nd_range": {"device_start": 1585405041.858134, "device_end": 1585405041.8616486}, "cmdq": 0, "read": {"device_start": -1, "device_end": -1}}, "FFC_sans_bias29": {"write": {"device_start": 1585405041.8618705, "host_queued_start": 1585405101.917625, "device_queued": 1585405041.8265512, "device_end": 1585405041.8619597, "host_queued_end": 1585405101.988636}, "device": "gpu", "nd_range": {"device_start": 1585405041.8619676, "device_end": 1585405041.8654878}, "cmdq": 0, "read": {"device_start": -1, "device_end": -1}}, "empty17": {"write": {"device_start": 1585405041.8226905, "host_queued_start": 1585405101.871624, "device_queued": 1585405041.8223588, "device_end": 1585405041.8227901, "host_queued_end": 1585405101.988636}, "device": "gpu", "nd_range": {"device_start": 1585405041.8227992, "device_end": 1585405041.8228033}, "cmdq": 0, "read": {"device_start": -1, "device_end": -1}}, "softmax59": {"write": {"device_start": -1, "host_queued_start": 1585405101.963044, "device_queued": -1, "device_end": -1, "host_queued_end": 1585405101.988636}, "device": "gpu", "nd_range": {"device_start": 1585405041.939127, "device_end": 1585405041.9395485}, "cmdq": 0, "read": {"device_start": -1, "device_end": -1}}, "empty71": {"write": {"device_start": 1585405041.8250926, "host_queued_start": 1585405101.88805, "device_queued": 1585405041.823871, "device_end": 1585405041.825185, "host_queued_end": 1585405101.988636}, "device": "gpu", "nd_range": {"device_start": 1585405041.8251877, "device_end": 1585405041.8251915}, "cmdq": 0, "read": {"device_start": -1, "device_end": -1}}, "empty35": {"write": {"device_start": 1585405041.8235462, "host_queued_start": 1585405101.877626, "device_queued": 1585405041.8229764, "device_end": 1585405041.8236406, "host_queued_end": 1585405101.988636}, "device": "gpu", "nd_range": {"device_start": 1585405041.8236458, "device_end": 1585405041.8236492}, "cmdq": 0, "read": {"device_start": -1, "device_end": -1}}, "empty53": {"write": {"device_start": 1585405041.824349, "host_queued_start": 1585405101.882875, "device_queued": 1585405041.823468, "device_end": 1585405041.8244426, "host_queued_end": 1585405101.988636}, "device": "gpu", "nd_range": {"device_start": 1585405041.8244529, "device_end": 1585405041.8244562}, "cmdq": 0, "read": {"device_start": -1, "device_end": -1}}, "FFC_sans_bias46": {"write": {"device_start": 1585405041.881021, "host_queued_start": 1585405101.934101, "device_queued": 1585405041.8276677, "device_end": 1585405041.8811598, "host_queued_end": 1585405101.988636}, "device": "gpu", "nd_range": {"device_start": 1585405041.8812025, "device_end": 1585405041.8847203}, "cmdq": 0, "read": {"device_start": -1, "device_end": -1}}, "coalesced_transpose66": {"write": {"device_start": -1, "host_queued_start": 1585405101.959339, "device_queued": -1, "device_end": -1, "host_queued_end": 1585405101.988636}, "device": "gpu", "nd_range": {"device_start": 1585405041.9127176, "device_end": 1585405041.912736}, "cmdq": 0, "read": {"device_start": -1, "device_end": -1}}, "coalesced_transpose48": {"write": {"device_start": -1, "host_queued_start": 1585405101.958729, "device_queued": -1, "device_end": -1, "host_queued_end": 1585405101.988636}, "device": "gpu", "nd_range": {"device_start": 1585405041.9126785, "device_end": 1585405041.9126968}, "cmdq": 0, "read": {"device_start": -1, "device_end": -1}}}