{"FFC_sans_bias60": {"write": {"device_start": -1, "host_queued_start": 1585405470.444088, "device_queued": -1, "device_end": -1, "host_queued_end": 1585405470.470273}, "device": "cpu", "nd_range": {"device_start": 2073246.216563417, "device_end": 2073246.360512119}, "cmdq": 2, "read": {"device_start": -1, "device_end": -1}}, "FFC_sans_bias4": {"write": {"device_start": -1, "host_queued_start": 1585405470.436802, "device_queued": -1, "device_end": -1, "host_queued_end": 1585405470.470273}, "device": "cpu", "nd_range": {"device_start": 2073245.5511350252, "device_end": 2073245.64239551}, "cmdq": 1, "read": {"device_start": -1, "device_end": -1}}, "FFC_sans_bias7": {"write": {"device_start": -1, "host_queued_start": 1585405470.447682, "device_queued": -1, "device_end": -1, "host_queued_end": 1585405470.470273}, "device": "cpu", "nd_range": {"device_start": 2073246.1912219091, "device_end": 2073246.274973798}, "cmdq": 1, "read": {"device_start": -1, "device_end": -1}}, "FFC_sans_bias6": {"write": {"device_start": -1, "host_queued_start": 1585405470.441859, "device_queued": -1, "device_end": -1, "host_queued_end": 1585405470.470273}, "device": "cpu", "nd_range": {"device_start": 2073245.9420254042, "device_end": 2073246.0794143681}, "cmdq": 2, "read": {"device_start": -1, "device_end": -1}}, "FFC_sans_bias1": {"write": {"device_start": -1, "host_queued_start": 1585405470.360718, "device_queued": -1, "device_end": -1, "host_queued_end": 1585405470.470273}, "device": "cpu", "nd_range": {"device_start": 2073244.659995251, "device_end": 2073244.7956693822}, "cmdq": 0, "read": {"device_start": -1, "device_end": -1}}, "FFC_sans_bias0": {"write": {"device_start": -1, "host_queued_start": 1585405470.357351, "device_queued": -1, "device_end": -1, "host_queued_end": 1585405470.470273}, "device": "cpu", "nd_range": {"device_start": 2073244.660018705, "device_end": 2073244.7844718562}, "cmdq": 2, "read": {"device_start": -1, "device_end": -1}}, "FFC_sans_bias2": {"write": {"device_start": -1, "host_queued_start": 1585405470.364094, "device_queued": -1, "device_end": -1, "host_queued_end": 1585405470.470273}, "device": "cpu", "nd_range": {"device_start": 2073244.6599952122, "device_end": 2073244.7216721962}, "cmdq": 1, "read": {"device_start": -1, "device_end": -1}}, "FFC_sans_bias61": {"write": {"device_start": -1, "host_queued_start": 1585405470.466999, "device_queued": -1, "device_end": -1, "host_queued_end": 1585405470.470273}, "device": "cpu", "nd_range": {"device_start": 2073246.397201124, "device_end": 2073246.45819706}, "cmdq": 1, "read": {"device_start": -1, "device_end": -1}}, "FFC_sans_bias52": {"write": {"device_start": -1, "host_queued_start": 1585405470.463783, "device_queued": -1, "device_end": -1, "host_queued_end": 1585405470.470273}, "device": "cpu", "nd_range": {"device_start": 2073246.2304528162, "device_end": 2073246.373374212}, "cmdq": 0, "read": {"device_start": -1, "device_end": -1}}, "FFC_sans_bias9": {"write": {"device_start": -1, "host_queued_start": 1585405470.367599, "device_queued": -1, "device_end": -1, "host_queued_end": 1585405470.470273}, "device": "cpu", "nd_range": {"device_start": 2073244.7851846712, "device_end": 2073244.842985959}, "cmdq": 2, "read": {"device_start": -1, "device_end": -1}}, "coalesced_transpose39": {"write": {"device_start": -1, "host_queued_start": 1585405470.435466, "device_queued": -1, "device_end": -1, "host_queued_end": 1585405470.470273}, "device": "cpu", "nd_range": {"device_start": 2073245.58758184, "device_end": 2073245.5887562232}, "cmdq": 0, "read": {"device_start": -1, "device_end": -1}}, "FFC_sans_bias55": {"write": {"device_start": -1, "host_queued_start": 1585405470.423881, "device_queued": -1, "device_end": -1, "host_queued_end": 1585405470.470273}, "device": "cpu", "nd_range": {"device_start": 2073245.2913874341, "device_end": 2073245.4209886892}, "cmdq": 1, "read": {"device_start": -1, "device_end": -1}}, "FFC_sans_bias54": {"write": {"device_start": -1, "host_queued_start": 1585405470.420534, "device_queued": -1, "device_end": -1, "host_queued_end": 1585405470.470273}, "device": "cpu", "nd_range": {"device_start": 2073245.3909176772, "device_end": 2073245.5190437052}, "cmdq": 0, "read": {"device_start": -1, "device_end": -1}}, "FFC_sans_bias56": {"write": {"device_start": -1, "host_queued_start": 1585405470.417254, "device_queued": -1, "device_end": -1, "host_queued_end": 1585405470.470273}, "device": "cpu", "nd_range": {"device_start": 2073245.2335286392, "device_end": 2073245.416758785}, "cmdq": 2, "read": {"device_start": -1, "device_end": -1}}, "FFC_sans_bias51": {"write": {"device_start": -1, "host_queued_start": 1585405470.443744, "device_queued": -1, "device_end": -1, "host_queued_end": 1585405470.470273}, "device": "cpu", "nd_range": {"device_start": 2073246.0779291731, "device_end": 2073246.1908938382}, "cmdq": 1, "read": {"device_start": -1, "device_end": -1}}, "softmax23": {"write": {"device_start": -1, "host_queued_start": 1585405470.440146, "device_queued": -1, "device_end": -1, "host_queued_end": 1585405470.470273}, "device": "cpu", "nd_range": {"device_start": 2073245.927789506, "device_end": 2073245.940796449}, "cmdq": 2, "read": {"device_start": -1, "device_end": -1}}, "FFC_sans_bias37": {"write": {"device_start": -1, "host_queued_start": 1585405470.400731, "device_queued": -1, "device_end": -1, "host_queued_end": 1585405470.470273}, "device": "cpu", "nd_range": {"device_start": 2073245.2072984541, "device_end": 2073245.2992168802}, "cmdq": 0, "read": {"device_start": -1, "device_end": -1}}, "empty62": {"write": {"device_start": -1, "host_queued_start": 1585405470.351963, "device_queued": -1, "device_end": -1, "host_queued_end": 1585405470.470273}, "device": "cpu", "nd_range": {"device_start": 2073244.659988796, "device_end": 2073244.659989682}, "cmdq": 0, "read": {"device_start": -1, "device_end": -1}}, "FFC_sans_bias70": {"write": {"device_start": -1, "host_queued_start": 1585405470.470215, "device_queued": -1, "device_end": -1, "host_queued_end": 1585405470.470273}, "device": "cpu", "nd_range": {"device_start": 2073246.4852553231, "device_end": 2073246.528536389}, "cmdq": 2, "read": {"device_start": -1, "device_end": -1}}, "FFC_sans_bias58": {"write": {"device_start": -1, "host_queued_start": 1585405470.438961, "device_queued": -1, "device_end": -1, "host_queued_end": 1585405470.470273}, "device": "cpu", "nd_range": {"device_start": 2073245.768121028, "device_end": 2073245.8405879522}, "cmdq": 1, "read": {"device_start": -1, "device_end": -1}}, "softmax41": {"write": {"device_start": -1, "host_queued_start": 1585405470.440696, "device_queued": -1, "device_end": -1, "host_queued_end": 1585405470.470273}, "device": "cpu", "nd_range": {"device_start": 2073245.867906881, "device_end": 2073245.868849537}, "cmdq": 1, "read": {"device_start": -1, "device_end": -1}}, "FFC_sans_bias11": {"write": {"device_start": -1, "host_queued_start": 1585405470.374257, "device_queued": -1, "device_end": -1, "host_queued_end": 1585405470.470273}, "device": "cpu", "nd_range": {"device_start": 2073244.721884771, "device_end": 2073244.8422077212}, "cmdq": 1, "read": {"device_start": -1, "device_end": -1}}, "FFC_sans_bias10": {"write": {"device_start": -1, "host_queued_start": 1585405470.370926, "device_queued": -1, "device_end": -1, "host_queued_end": 1585405470.470273}, "device": "cpu", "nd_range": {"device_start": 2073244.795687841, "device_end": 2073244.9780018341}, "cmdq": 0, "read": {"device_start": -1, "device_end": -1}}, "coalesced_transpose3": {"write": {"device_start": -1, "host_queued_start": 1585405470.434121, "device_queued": -1, "device_end": -1, "host_queued_end": 1585405470.470273}, "device": "cpu", "nd_range": {"device_start": 2073245.5416775402, "device_end": 2073245.542762617}, "cmdq": 2, "read": {"device_start": -1, "device_end": -1}}, "FFC_sans_bias34": {"write": {"device_start": -1, "host_queued_start": 1585405470.45732, "device_queued": -1, "device_end": -1, "host_queued_end": 1585405470.470273}, "device": "cpu", "nd_range": {"device_start": 2073246.274989762, "device_end": 2073246.3971879422}, "cmdq": 1, "read": {"device_start": -1, "device_end": -1}}, "FFC_sans_bias15": {"write": {"device_start": -1, "host_queued_start": 1585405470.442229, "device_queued": -1, "device_end": -1, "host_queued_end": 1585405470.470273}, "device": "cpu", "nd_range": {"device_start": 2073245.84298883, "device_end": 2073245.903962057}, "cmdq": 0, "read": {"device_start": -1, "device_end": -1}}, "FFC_sans_bias31": {"write": {"device_start": -1, "host_queued_start": 1585405470.437832, "device_queued": -1, "device_end": -1, "host_queued_end": 1585405470.470273}, "device": "cpu", "nd_range": {"device_start": 2073245.661645167, "device_end": 2073245.7680954142}, "cmdq": 1, "read": {"device_start": -1, "device_end": -1}}, "FFC_sans_bias16": {"write": {"device_start": -1, "host_queued_start": 1585405470.450904, "device_queued": -1, "device_end": -1, "host_queued_end": 1585405470.470273}, "device": "cpu", "nd_range": {"device_start": 2073246.360528531, "device_end": 2073246.431537256}, "cmdq": 2, "read": {"device_start": -1, "device_end": -1}}, "FFC_sans_bias19": {"write": {"device_start": -1, "host_queued_start": 1585405470.38089, "device_queued": -1, "device_end": -1, "host_queued_end": 1585405470.470273}, "device": "cpu", "nd_range": {"device_start": 2073244.978212872, "device_end": 2073245.0843118362}, "cmdq": 0, "read": {"device_start": -1, "device_end": -1}}, "FFC_sans_bias18": {"write": {"device_start": -1, "host_queued_start": 1585405470.377589, "device_queued": -1, "device_end": -1, "host_queued_end": 1585405470.470273}, "device": "cpu", "nd_range": {"device_start": 2073244.8430027352, "device_end": 2073244.946774672}, "cmdq": 2, "read": {"device_start": -1, "device_end": -1}}, "coalesced_transpose30": {"write": {"device_start": -1, "host_queued_start": 1585405470.435133, "device_queued": -1, "device_end": -1, "host_queued_end": 1585405470.470273}, "device": "cpu", "nd_range": {"device_start": 2073245.5429168402, "device_end": 2073245.5439948551}, "cmdq": 2, "read": {"device_start": -1, "device_end": -1}}, "FFC_sans_bias69": {"write": {"device_start": -1, "host_queued_start": 1585405470.444433, "device_queued": -1, "device_end": -1, "host_queued_end": 1585405470.470273}, "device": "cpu", "nd_range": {"device_start": 2073245.9804035572, "device_end": 2073246.089837436}, "cmdq": 0, "read": {"device_start": -1, "device_end": -1}}, "FFC_sans_bias38": {"write": {"device_start": -1, "host_queued_start": 1585405470.404059, "device_queued": -1, "device_end": -1, "host_queued_end": 1585405470.470273}, "device": "cpu", "nd_range": {"device_start": 2073245.0142760691, "device_end": 2073245.1514164722}, "cmdq": 1, "read": {"device_start": -1, "device_end": -1}}, "coalesced_transpose57": {"write": {"device_start": -1, "host_queued_start": 1585405470.436122, "device_queued": -1, "device_end": -1, "host_queued_end": 1585405470.470273}, "device": "cpu", "nd_range": {"device_start": 2073245.5441478202, "device_end": 2073245.5452209741}, "cmdq": 2, "read": {"device_start": -1, "device_end": -1}}, "empty26": {"write": {"device_start": -1, "host_queued_start": 1585405470.341471, "device_queued": -1, "device_end": -1, "host_queued_end": 1585405470.470273}, "device": "cpu", "nd_range": {"device_start": 2073244.6599795462, "device_end": 2073244.6599839712}, "cmdq": 2, "read": {"device_start": -1, "device_end": -1}}, "coalesced_transpose12": {"write": {"device_start": -1, "host_queued_start": 1585405470.43446, "device_queued": -1, "device_end": -1, "host_queued_end": 1585405470.470273}, "device": "cpu", "nd_range": {"device_start": 2073245.586259911, "device_end": 2073245.5874270652}, "cmdq": 0, "read": {"device_start": -1, "device_end": -1}}, "empty44": {"write": {"device_start": -1, "host_queued_start": 1585405470.346767, "device_queued": -1, "device_end": -1, "host_queued_end": 1585405470.470273}, "device": "cpu", "nd_range": {"device_start": 2073244.65998161, "device_end": 2073244.6599826082}, "cmdq": 1, "read": {"device_start": -1, "device_end": -1}}, "coalesced_transpose21": {"write": {"device_start": -1, "host_queued_start": 1585405470.4348, "device_queued": -1, "device_end": -1, "host_queued_end": 1585405470.470273}, "device": "cpu", "nd_range": {"device_start": 2073245.5487158052, "device_end": 2073245.5497901042}, "cmdq": 1, "read": {"device_start": -1, "device_end": -1}}, "FFC_sans_bias36": {"write": {"device_start": -1, "host_queued_start": 1585405470.397459, "device_queued": -1, "device_end": -1, "host_queued_end": 1585405470.470273}, "device": "cpu", "nd_range": {"device_start": 2073245.0383541381, "device_end": 2073245.131973569}, "cmdq": 2, "read": {"device_start": -1, "device_end": -1}}, "softmax14": {"write": {"device_start": -1, "host_queued_start": 1585405470.439868, "device_queued": -1, "device_end": -1, "host_queued_end": 1585405470.470273}, "device": "cpu", "nd_range": {"device_start": 2073245.840605634, "device_end": 2073245.8415665412}, "cmdq": 1, "read": {"device_start": -1, "device_end": -1}}, "FFC_sans_bias13": {"write": {"device_start": -1, "host_queued_start": 1585405470.437148, "device_queued": -1, "device_end": -1, "host_queued_end": 1585405470.470273}, "device": "cpu", "nd_range": {"device_start": 2073245.604920726, "device_end": 2073245.7809052991}, "cmdq": 2, "read": {"device_start": -1, "device_end": -1}}, "empty8": {"write": {"device_start": -1, "host_queued_start": 1585405470.335506, "device_queued": -1, "device_end": -1, "host_queued_end": 1585405470.470273}, "device": "cpu", "nd_range": {"device_start": 2073244.659944802, "device_end": 2073244.6599579551}, "cmdq": 0, "read": {"device_start": -1, "device_end": -1}}, "FFC_sans_bias42": {"write": {"device_start": -1, "host_queued_start": 1585405470.443382, "device_queued": -1, "device_end": -1, "host_queued_end": 1585405470.470273}, "device": "cpu", "nd_range": {"device_start": 2073245.9039760942, "device_end": 2073245.980388378}, "cmdq": 0, "read": {"device_start": -1, "device_end": -1}}, "FFC_sans_bias43": {"write": {"device_start": -1, "host_queued_start": 1585405470.460538, "device_queued": -1, "device_end": -1, "host_queued_end": 1585405470.470273}, "device": "cpu", "nd_range": {"device_start": 2073246.4315523442, "device_end": 2073246.4852491731}, "cmdq": 2, "read": {"device_start": -1, "device_end": -1}}, "FFC_sans_bias40": {"write": {"device_start": -1, "host_queued_start": 1585405470.438176, "device_queued": -1, "device_end": -1, "host_queued_end": 1585405470.470273}, "device": "cpu", "nd_range": {"device_start": 2073245.7809329191, "device_end": 2073245.8645106282}, "cmdq": 2, "read": {"device_start": -1, "device_end": -1}}, "softmax32": {"write": {"device_start": -1, "host_queued_start": 1585405470.440421, "device_queued": -1, "device_end": -1, "host_queued_end": 1585405470.470273}, "device": "cpu", "nd_range": {"device_start": 2073245.7869500602, "device_end": 2073245.7878877101}, "cmdq": 0, "read": {"device_start": -1, "device_end": -1}}, "FFC_sans_bias47": {"write": {"device_start": -1, "host_queued_start": 1585405470.413954, "device_queued": -1, "device_end": -1, "host_queued_end": 1585405470.470273}, "device": "cpu", "nd_range": {"device_start": 2073245.1514301682, "device_end": 2073245.291365917}, "cmdq": 1, "read": {"device_start": -1, "device_end": -1}}, "FFC_sans_bias45": {"write": {"device_start": -1, "host_queued_start": 1585405470.407338, "device_queued": -1, "device_end": -1, "host_queued_end": 1585405470.470273}, "device": "cpu", "nd_range": {"device_start": 2073245.132823226, "device_end": 2073245.2333062892}, "cmdq": 2, "read": {"device_start": -1, "device_end": -1}}, "softmax50": {"write": {"device_start": -1, "host_queued_start": 1585405470.440971, "device_queued": -1, "device_end": -1, "host_queued_end": 1585405470.470273}, "device": "cpu", "nd_range": {"device_start": 2073245.9409684162, "device_end": 2073245.941894998}, "cmdq": 2, "read": {"device_start": -1, "device_end": -1}}, "FFC_sans_bias33": {"write": {"device_start": -1, "host_queued_start": 1585405470.442992, "device_queued": -1, "device_end": -1, "host_queued_end": 1585405470.470273}, "device": "cpu", "nd_range": {"device_start": 2073246.092016071, "device_end": 2073246.21653835}, "cmdq": 2, "read": {"device_start": -1, "device_end": -1}}, "FFC_sans_bias63": {"write": {"device_start": -1, "host_queued_start": 1585405470.433754, "device_queued": -1, "device_end": -1, "host_queued_end": 1585405470.470273}, "device": "cpu", "nd_range": {"device_start": 2073245.4211565612, "device_end": 2073245.5485732022}, "cmdq": 1, "read": {"device_start": -1, "device_end": -1}}, "FFC_sans_bias49": {"write": {"device_start": -1, "host_queued_start": 1585405470.438609, "device_queued": -1, "device_end": -1, "host_queued_end": 1585405470.470273}, "device": "cpu", "nd_range": {"device_start": 2073245.6747979312, "device_end": 2073245.7859528991}, "cmdq": 0, "read": {"device_start": -1, "device_end": -1}}, "FFC_sans_bias64": {"write": {"device_start": -1, "host_queued_start": 1585405470.427175, "device_queued": -1, "device_end": -1, "host_queued_end": 1585405470.470273}, "device": "cpu", "nd_range": {"device_start": 2073245.4169580182, "device_end": 2073245.5414868342}, "cmdq": 2, "read": {"device_start": -1, "device_end": -1}}, "FFC_sans_bias65": {"write": {"device_start": -1, "host_queued_start": 1585405470.430479, "device_queued": -1, "device_end": -1, "host_queued_end": 1585405470.470273}, "device": "cpu", "nd_range": {"device_start": 2073245.5192668452, "device_end": 2073245.5860672842}, "cmdq": 0, "read": {"device_start": -1, "device_end": -1}}, "FFC_sans_bias67": {"write": {"device_start": -1, "host_queued_start": 1585405470.439309, "device_queued": -1, "device_end": -1, "host_queued_end": 1585405470.470273}, "device": "cpu", "nd_range": {"device_start": 2073245.864535754, "device_end": 2073245.9277691862}, "cmdq": 2, "read": {"device_start": -1, "device_end": -1}}, "FFC_sans_bias24": {"write": {"device_start": -1, "host_queued_start": 1585405470.442607, "device_queued": -1, "device_end": -1, "host_queued_end": 1585405470.470273}, "device": "cpu", "nd_range": {"device_start": 2073245.955521143, "device_end": 2073246.07770759}, "cmdq": 1, "read": {"device_start": -1, "device_end": -1}}, "FFC_sans_bias25": {"write": {"device_start": -1, "host_queued_start": 1585405470.45411, "device_queued": -1, "device_end": -1, "host_queued_end": 1585405470.470273}, "device": "cpu", "nd_range": {"device_start": 2073246.0898491642, "device_end": 2073246.2304315302}, "cmdq": 0, "read": {"device_start": -1, "device_end": -1}}, "FFC_sans_bias27": {"write": {"device_start": -1, "host_queued_start": 1585405470.38751, "device_queued": -1, "device_end": -1, "host_queued_end": 1585405470.470273}, "device": "cpu", "nd_range": {"device_start": 2073244.9470045092, "device_end": 2073245.038140299}, "cmdq": 2, "read": {"device_start": -1, "device_end": -1}}, "FFC_sans_bias20": {"write": {"device_start": -1, "host_queued_start": 1585405470.384227, "device_queued": -1, "device_end": -1, "host_queued_end": 1585405470.470273}, "device": "cpu", "nd_range": {"device_start": 2073244.842424957, "device_end": 2073244.9109559131}, "cmdq": 1, "read": {"device_start": -1, "device_end": -1}}, "FFC_sans_bias22": {"write": {"device_start": -1, "host_queued_start": 1585405470.437491, "device_queued": -1, "device_end": -1, "host_queued_end": 1585405470.470273}, "device": "cpu", "nd_range": {"device_start": 2073245.590197629, "device_end": 2073245.6745753891}, "cmdq": 0, "read": {"device_start": -1, "device_end": -1}}, "softmax68": {"write": {"device_start": -1, "host_queued_start": 1585405470.44152, "device_queued": -1, "device_end": -1, "host_queued_end": 1585405470.470273}, "device": "cpu", "nd_range": {"device_start": 2073245.9543874662, "device_end": 2073245.9553187082}, "cmdq": 1, "read": {"device_start": -1, "device_end": -1}}, "softmax5": {"write": {"device_start": -1, "host_queued_start": 1585405470.439589, "device_queued": -1, "device_end": -1, "host_queued_end": 1585405470.470273}, "device": "cpu", "nd_range": {"device_start": 2073245.785968905, "device_end": 2073245.786938427}, "cmdq": 0, "read": {"device_start": -1, "device_end": -1}}, "FFC_sans_bias28": {"write": {"device_start": -1, "host_queued_start": 1585405470.390821, "device_queued": -1, "device_end": -1, "host_queued_end": 1585405470.470273}, "device": "cpu", "nd_range": {"device_start": 2073245.0843312312, "device_end": 2073245.2070699742}, "cmdq": 0, "read": {"device_start": -1, "device_end": -1}}, "FFC_sans_bias29": {"write": {"device_start": -1, "host_queued_start": 1585405470.394152, "device_queued": -1, "device_end": -1, "host_queued_end": 1585405470.470273}, "device": "cpu", "nd_range": {"device_start": 2073244.910975181, "device_end": 2073245.014253304}, "cmdq": 1, "read": {"device_start": -1, "device_end": -1}}, "empty17": {"write": {"device_start": -1, "host_queued_start": 1585405470.338857, "device_queued": -1, "device_end": -1, "host_queued_end": 1585405470.470273}, "device": "cpu", "nd_range": {"device_start": 2073244.659944734, "device_end": 2073244.6599578892}, "cmdq": 1, "read": {"device_start": -1, "device_end": -1}}, "softmax59": {"write": {"device_start": -1, "host_queued_start": 1585405470.441246, "device_queued": -1, "device_end": -1, "host_queued_end": 1585405470.470273}, "device": "cpu", "nd_range": {"device_start": 2073245.8420559722, "device_end": 2073245.842979944}, "cmdq": 0, "read": {"device_start": -1, "device_end": -1}}, "empty71": {"write": {"device_start": -1, "host_queued_start": 1585405470.354539, "device_queued": -1, "device_end": -1, "host_queued_end": 1585405470.470273}, "device": "cpu", "nd_range": {"device_start": 2073244.659988684, "device_end": 2073244.6599896962}, "cmdq": 1, "read": {"device_start": -1, "device_end": -1}}, "empty35": {"write": {"device_start": -1, "host_queued_start": 1585405470.344158, "device_queued": -1, "device_end": -1, "host_queued_end": 1585405470.470273}, "device": "cpu", "nd_range": {"device_start": 2073244.6599816412, "device_end": 2073244.659982619}, "cmdq": 0, "read": {"device_start": -1, "device_end": -1}}, "empty53": {"write": {"device_start": -1, "host_queued_start": 1585405470.349348, "device_queued": -1, "device_end": -1, "host_queued_end": 1585405470.470273}, "device": "cpu", "nd_range": {"device_start": 2073244.6599994842, "device_end": 2073244.6600112272}, "cmdq": 2, "read": {"device_start": -1, "device_end": -1}}, "FFC_sans_bias46": {"write": {"device_start": -1, "host_queued_start": 1585405470.410664, "device_queued": -1, "device_end": -1, "host_queued_end": 1585405470.470273}, "device": "cpu", "nd_range": {"device_start": 2073245.2994073422, "device_end": 2073245.3907055422}, "cmdq": 0, "read": {"device_start": -1, "device_end": -1}}, "coalesced_transpose66": {"write": {"device_start": -1, "host_queued_start": 1585405470.436458, "device_queued": -1, "device_end": -1, "host_queued_end": 1585405470.470273}, "device": "cpu", "nd_range": {"device_start": 2073245.5888996692, "device_end": 2073245.5900583542}, "cmdq": 0, "read": {"device_start": -1, "device_end": -1}}, "coalesced_transpose48": {"write": {"device_start": -1, "host_queued_start": 1585405470.435795, "device_queued": -1, "device_end": -1, "host_queued_end": 1585405470.470273}, "device": "cpu", "nd_range": {"device_start": 2073245.5499303062, "device_end": 2073245.5509986382}, "cmdq": 1, "read": {"device_start": -1, "device_end": -1}}}