{"FFC_sans_bias60": {"write": {"device_start": -1, "host_queued_start": 1585405556.307117, "device_queued": -1, "device_end": -1, "host_queued_end": 1585405556.333768}, "device": "gpu", "nd_range": {"device_start": 1585405496.2932456, "device_end": 1585405496.3086174}, "cmdq": 2, "read": {"device_start": -1, "device_end": -1}}, "FFC_sans_bias4": {"write": {"device_start": -1, "host_queued_start": 1585405556.300523, "device_queued": -1, "device_end": -1, "host_queued_end": 1585405556.333768}, "device": "gpu", "nd_range": {"device_start": 1585405496.250224, "device_end": 1585405496.2542338}, "cmdq": 0, "read": {"device_start": -1, "device_end": -1}}, "FFC_sans_bias7": {"write": {"device_start": 1585405496.2895472, "host_queued_start": 1585405556.310648, "device_queued": 1585405496.1677659, "device_end": 1585405496.2896466, "host_queued_end": 1585405556.333768}, "device": "gpu", "nd_range": {"device_start": 1585405496.289653, "device_end": 1585405496.3009372}, "cmdq": 0, "read": {"device_start": 1585405496.3009446, "device_end": 1585405496.3010375}}, "FFC_sans_bias6": {"write": {"device_start": -1, "host_queued_start": 1585405556.305156, "device_queued": -1, "device_end": -1, "host_queued_end": 1585405556.333768}, "device": "gpu", "nd_range": {"device_start": 1585405496.2783694, "device_end": 1585405496.2852678}, "cmdq": 0, "read": {"device_start": -1, "device_end": -1}}, "FFC_sans_bias1": {"write": {"device_start": 1585405496.157902, "host_queued_start": 1585405556.225074, "device_queued": 1585405496.1576822, "device_end": 1585405496.158131, "host_queued_end": 1585405556.333768}, "device": "gpu", "nd_range": {"device_start": 1585405496.1584558, "device_end": 1585405496.165607}, "cmdq": 1, "read": {"device_start": -1, "device_end": -1}}, "FFC_sans_bias0": {"write": {"device_start": 1585405496.157576, "host_queued_start": 1585405556.221714, "device_queued": 1585405496.157294, "device_end": 1585405496.1576705, "host_queued_end": 1585405556.333768}, "device": "gpu", "nd_range": {"device_start": 1585405496.1576765, "device_end": 1585405496.1616762}, "cmdq": 0, "read": {"device_start": -1, "device_end": -1}}, "FFC_sans_bias2": {"write": {"device_start": 1585405496.1581726, "host_queued_start": 1585405556.228426, "device_queued": 1585405496.1578052, "device_end": 1585405496.1584308, "host_queued_end": 1585405556.333768}, "device": "gpu", "nd_range": {"device_start": 1585405496.158572, "device_end": 1585405496.1695337}, "cmdq": 2, "read": {"device_start": -1, "device_end": -1}}, "FFC_sans_bias61": {"write": {"device_start": 1585405496.3197534, "host_queued_start": 1585405556.330389, "device_queued": 1585405496.1692605, "device_end": 1585405496.3198512, "host_queued_end": 1585405556.333768}, "device": "gpu", "nd_range": {"device_start": 1585405496.3198545, "device_end": 1585405496.3333156}, "cmdq": 2, "read": {"device_start": 1585405496.3333282, "device_end": 1585405496.3334153}}, "FFC_sans_bias52": {"write": {"device_start": 1585405496.3267508, "host_queued_start": 1585405556.327127, "device_queued": 1585405496.1691198, "device_end": 1585405496.3268468, "host_queued_end": 1585405556.333768}, "device": "gpu", "nd_range": {"device_start": 1585405496.3268518, "device_end": 1585405496.3367717}, "cmdq": 1, "read": {"device_start": 1585405496.3367777, "device_end": 1585405496.3368628}}, "FFC_sans_bias9": {"write": {"device_start": 1585405496.1584444, "host_queued_start": 1585405556.231901, "device_queued": 1585405496.158145, "device_end": 1585405496.1585395, "host_queued_end": 1585405556.333768}, "device": "gpu", "nd_range": {"device_start": 1585405496.1586728, "device_end": 1585405496.1732259}, "cmdq": 3, "read": {"device_start": -1, "device_end": -1}}, "coalesced_transpose39": {"write": {"device_start": -1, "host_queued_start": 1585405556.299296, "device_queued": -1, "device_end": -1, "host_queued_end": 1585405556.333768}, "device": "gpu", "nd_range": {"device_start": 1585405496.2501483, "device_end": 1585405496.250223}, "cmdq": 0, "read": {"device_start": -1, "device_end": -1}}, "FFC_sans_bias55": {"write": {"device_start": 1585405496.2237198, "host_queued_start": 1585405556.287886, "device_queued": 1585405496.1627767, "device_end": 1585405496.2238224, "host_queued_end": 1585405556.333768}, "device": "gpu", "nd_range": {"device_start": 1585405496.2238379, "device_end": 1585405496.2388353}, "cmdq": 0, "read": {"device_start": -1, "device_end": -1}}, "FFC_sans_bias54": {"write": {"device_start": 1585405496.2198207, "host_queued_start": 1585405556.284591, "device_queued": 1585405496.162297, "device_end": 1585405496.2199256, "host_queued_end": 1585405556.333768}, "device": "gpu", "nd_range": {"device_start": 1585405496.2199416, "device_end": 1585405496.2349458}, "cmdq": 3, "read": {"device_start": -1, "device_end": -1}}, "FFC_sans_bias56": {"write": {"device_start": 1585405496.2160401, "host_queued_start": 1585405556.28128, "device_queued": 1585405496.1621404, "device_end": 1585405496.2161424, "host_queued_end": 1585405556.333768}, "device": "gpu", "nd_range": {"device_start": 1585405496.21615, "device_end": 1585405496.2311134}, "cmdq": 2, "read": {"device_start": -1, "device_end": -1}}, "FFC_sans_bias51": {"write": {"device_start": -1, "host_queued_start": 1585405556.306798, "device_queued": -1, "device_end": -1, "host_queued_end": 1585405556.333768}, "device": "gpu", "nd_range": {"device_start": 1585405496.297126, "device_end": 1585405496.3121426}, "cmdq": 1, "read": {"device_start": -1, "device_end": -1}}, "softmax23": {"write": {"device_start": -1, "host_queued_start": 1585405556.303526, "device_queued": -1, "device_end": -1, "host_queued_end": 1585405556.333768}, "device": "gpu", "nd_range": {"device_start": 1585405496.2736666, "device_end": 1585405496.2793522}, "cmdq": 2, "read": {"device_start": -1, "device_end": -1}}, "FFC_sans_bias37": {"write": {"device_start": 1585405496.196694, "host_queued_start": 1585405556.26485, "device_queued": 1585405496.1609178, "device_end": 1585405496.1967983, "host_queued_end": 1585405556.333768}, "device": "gpu", "nd_range": {"device_start": 1585405496.1968064, "device_end": 1585405496.211821}, "cmdq": 1, "read": {"device_start": -1, "device_end": -1}}, "empty62": {"write": {"device_start": 1585405496.157021, "host_queued_start": 1585405556.216319, "device_queued": 1585405496.1567178, "device_end": 1585405496.1572819, "host_queued_end": 1585405556.333768}, "device": "gpu", "nd_range": {"device_start": 1585405496.1572921, "device_end": 1585405496.1572957}, "cmdq": 2, "read": {"device_start": -1, "device_end": -1}}, "FFC_sans_bias70": {"write": {"device_start": 1585405496.330275, "host_queued_start": 1585405556.333637, "device_queued": 1585405496.169398, "device_end": 1585405496.3303711, "host_queued_end": 1585405556.333768}, "device": "gpu", "nd_range": {"device_start": 1585405496.3303738, "device_end": 1585405496.3402119}, "cmdq": 3, "read": {"device_start": 1585405496.3402176, "device_end": 1585405496.340303}}, "FFC_sans_bias58": {"write": {"device_start": -1, "host_queued_start": 1585405556.302429, "device_queued": -1, "device_end": -1, "host_queued_end": 1585405556.333768}, "device": "gpu", "nd_range": {"device_start": 1585405496.262069, "device_end": 1585405496.2736652}, "cmdq": 2, "read": {"device_start": -1, "device_end": -1}}, "softmax41": {"write": {"device_start": -1, "host_queued_start": 1585405556.304019, "device_queued": -1, "device_end": -1, "host_queued_end": 1585405556.333768}, "device": "gpu", "nd_range": {"device_start": 1585405496.274526, "device_end": 1585405496.2783675}, "cmdq": 0, "read": {"device_start": -1, "device_end": -1}}, "FFC_sans_bias11": {"write": {"device_start": 1585405496.1659617, "host_queued_start": 1585405556.238478, "device_queued": 1585405496.1589894, "device_end": 1585405496.1660635, "host_queued_end": 1585405556.333768}, "device": "gpu", "nd_range": {"device_start": 1585405496.1660695, "device_end": 1585405496.1809642}, "cmdq": 1, "read": {"device_start": -1, "device_end": -1}}, "FFC_sans_bias10": {"write": {"device_start": 1585405496.1620028, "host_queued_start": 1585405556.2352, "device_queued": 1585405496.1587613, "device_end": 1585405496.162107, "host_queued_end": 1585405556.333768}, "device": "gpu", "nd_range": {"device_start": 1585405496.16211, "device_end": 1585405496.1771162}, "cmdq": 0, "read": {"device_start": -1, "device_end": -1}}, "coalesced_transpose3": {"write": {"device_start": -1, "host_queued_start": 1585405556.298058, "device_queued": -1, "device_end": -1, "host_queued_end": 1585405556.333768}, "device": "gpu", "nd_range": {"device_start": 1585405496.2388368, "device_end": 1585405496.2501369}, "cmdq": 0, "read": {"device_start": -1, "device_end": -1}}, "FFC_sans_bias34": {"write": {"device_start": 1585405496.315931, "host_queued_start": 1585405556.320503, "device_queued": 1585405496.1682847, "device_end": 1585405496.316031, "host_queued_end": 1585405556.333768}, "device": "gpu", "nd_range": {"device_start": 1585405496.3160462, "device_end": 1585405496.3297186}, "cmdq": 3, "read": {"device_start": 1585405496.3297224, "device_end": 1585405496.3298109}}, "FFC_sans_bias15": {"write": {"device_start": -1, "host_queued_start": 1585405556.305496, "device_queued": -1, "device_end": -1, "host_queued_end": 1585405556.333768}, "device": "gpu", "nd_range": {"device_start": 1585405496.2871804, "device_end": 1585405496.2971246}, "cmdq": 1, "read": {"device_start": -1, "device_end": -1}}, "FFC_sans_bias31": {"write": {"device_start": -1, "host_queued_start": 1585405556.301476, "device_queued": -1, "device_end": -1, "host_queued_end": 1585405556.333768}, "device": "gpu", "nd_range": {"device_start": 1585405496.2694674, "device_end": 1585405496.277393}, "cmdq": 3, "read": {"device_start": -1, "device_end": -1}}, "FFC_sans_bias16": {"write": {"device_start": 1585405496.3124187, "host_queued_start": 1585405556.31393, "device_queued": 1585405496.168017, "device_end": 1585405496.3125193, "host_queued_end": 1585405556.333768}, "device": "gpu", "nd_range": {"device_start": 1585405496.3125231, "device_end": 1585405496.3261902}, "cmdq": 1, "read": {"device_start": 1585405496.3261988, "device_end": 1585405496.326289}}, "FFC_sans_bias19": {"write": {"device_start": 1585405496.1735277, "host_queued_start": 1585405556.245098, "device_queued": 1585405496.1592672, "device_end": 1585405496.1736307, "host_queued_end": 1585405556.333768}, "device": "gpu", "nd_range": {"device_start": 1585405496.173646, "device_end": 1585405496.1887245}, "cmdq": 3, "read": {"device_start": -1, "device_end": -1}}, "FFC_sans_bias18": {"write": {"device_start": 1585405496.1698892, "host_queued_start": 1585405556.241799, "device_queued": 1585405496.1591403, "device_end": 1585405496.1699924, "host_queued_end": 1585405556.333768}, "device": "gpu", "nd_range": {"device_start": 1585405496.170001, "device_end": 1585405496.1848173}, "cmdq": 2, "read": {"device_start": -1, "device_end": -1}}, "coalesced_transpose30": {"write": {"device_start": -1, "host_queued_start": 1585405556.298989, "device_queued": -1, "device_end": -1, "host_queued_end": 1585405556.333768}, "device": "gpu", "nd_range": {"device_start": 1585405496.2503767, "device_end": 1585405496.2618096}, "cmdq": 3, "read": {"device_start": -1, "device_end": -1}}, "FFC_sans_bias69": {"write": {"device_start": -1, "host_queued_start": 1585405556.307432, "device_queued": -1, "device_end": -1, "host_queued_end": 1585405556.333768}, "device": "gpu", "nd_range": {"device_start": 1585405496.3050747, "device_end": 1585405496.3156543}, "cmdq": 3, "read": {"device_start": -1, "device_end": -1}}, "FFC_sans_bias38": {"write": {"device_start": 1585405496.2005873, "host_queued_start": 1585405556.268169, "device_queued": 1585405496.1610594, "device_end": 1585405496.2006907, "host_queued_end": 1585405556.333768}, "device": "gpu", "nd_range": {"device_start": 1585405496.2007062, "device_end": 1585405496.2157538}, "cmdq": 2, "read": {"device_start": -1, "device_end": -1}}, "coalesced_transpose57": {"write": {"device_start": -1, "host_queued_start": 1585405556.299898, "device_queued": -1, "device_end": -1, "host_queued_end": 1585405556.333768}, "device": "gpu", "nd_range": {"device_start": 1585405496.2502162, "device_end": 1585405496.2502651}, "cmdq": 2, "read": {"device_start": -1, "device_end": -1}}, "empty26": {"write": {"device_start": 1585405496.1558335, "host_queued_start": 1585405556.20577, "device_queued": 1585405496.1554177, "device_end": 1585405496.1561172, "host_queued_end": 1585405556.333768}, "device": "gpu", "nd_range": {"device_start": 1585405496.1561248, "device_end": 1585405496.1561317}, "cmdq": 2, "read": {"device_start": -1, "device_end": -1}}, "coalesced_transpose12": {"write": {"device_start": -1, "host_queued_start": 1585405556.298362, "device_queued": -1, "device_end": -1, "host_queued_end": 1585405556.333768}, "device": "gpu", "nd_range": {"device_start": 1585405496.2426906, "device_end": 1585405496.2501726}, "cmdq": 1, "read": {"device_start": -1, "device_end": -1}}, "empty44": {"write": {"device_start": 1585405496.1564474, "host_queued_start": 1585405556.211084, "device_queued": 1585405496.156131, "device_end": 1585405496.1567063, "host_queued_end": 1585405556.333768}, "device": "gpu", "nd_range": {"device_start": 1585405496.1567168, "device_end": 1585405496.1567214}, "cmdq": 0, "read": {"device_start": -1, "device_end": -1}}, "coalesced_transpose21": {"write": {"device_start": -1, "host_queued_start": 1585405556.298682, "device_queued": -1, "device_end": -1, "host_queued_end": 1585405556.333768}, "device": "gpu", "nd_range": {"device_start": 1585405496.2465582, "device_end": 1585405496.2502024}, "cmdq": 2, "read": {"device_start": -1, "device_end": -1}}, "FFC_sans_bias36": {"write": {"device_start": 1585405496.1928716, "host_queued_start": 1585405556.261587, "device_queued": 1585405496.1606736, "device_end": 1585405496.1929724, "host_queued_end": 1585405556.333768}, "device": "gpu", "nd_range": {"device_start": 1585405496.1929796, "device_end": 1585405496.2080507}, "cmdq": 0, "read": {"device_start": -1, "device_end": -1}}, "softmax14": {"write": {"device_start": -1, "host_queued_start": 1585405556.303276, "device_queued": -1, "device_end": -1, "host_queued_end": 1585405556.333768}, "device": "gpu", "nd_range": {"device_start": 1585405496.2697299, "device_end": 1585405496.2793207}, "cmdq": 1, "read": {"device_start": -1, "device_end": -1}}, "FFC_sans_bias13": {"write": {"device_start": -1, "host_queued_start": 1585405556.300844, "device_queued": -1, "device_end": -1, "host_queued_end": 1585405556.333768}, "device": "gpu", "nd_range": {"device_start": 1585405496.2502398, "device_end": 1585405496.2581856}, "cmdq": 1, "read": {"device_start": -1, "device_end": -1}}, "empty8": {"write": {"device_start": 1585405496.1551793, "host_queued_start": 1585405556.199732, "device_queued": 1585405496.1548145, "device_end": 1585405496.155402, "host_queued_end": 1585405556.333768}, "device": "gpu", "nd_range": {"device_start": 1585405496.1554067, "device_end": 1585405496.155412}, "cmdq": 0, "read": {"device_start": -1, "device_end": -1}}, "FFC_sans_bias42": {"write": {"device_start": -1, "host_queued_start": 1585405556.306479, "device_queued": -1, "device_end": -1, "host_queued_end": 1585405556.333768}, "device": "gpu", "nd_range": {"device_start": 1585405496.2852688, "device_end": 1585405496.2892766}, "cmdq": 0, "read": {"device_start": -1, "device_end": -1}}, "FFC_sans_bias43": {"write": {"device_start": 1585405496.3092558, "host_queued_start": 1585405556.323776, "device_queued": 1585405496.1688538, "device_end": 1585405496.3093536, "host_queued_end": 1585405556.333768}, "device": "gpu", "nd_range": {"device_start": 1585405496.3093681, "device_end": 1585405496.3227434}, "cmdq": 0, "read": {"device_start": 1585405496.3227465, "device_end": 1585405496.322835}}, "FFC_sans_bias40": {"write": {"device_start": -1, "host_queued_start": 1585405556.301795, "device_queued": -1, "device_end": -1, "host_queued_end": 1585405556.333768}, "device": "gpu", "nd_range": {"device_start": 1585405496.2542353, "device_end": 1585405496.2658007}, "cmdq": 0, "read": {"device_start": -1, "device_end": -1}}, "softmax32": {"write": {"device_start": -1, "host_queued_start": 1585405556.303772, "device_queued": -1, "device_end": -1, "host_queued_end": 1585405556.333768}, "device": "gpu", "nd_range": {"device_start": 1585405496.2814014, "device_end": 1585405496.286186}, "cmdq": 3, "read": {"device_start": -1, "device_end": -1}}, "FFC_sans_bias47": {"write": {"device_start": 1585405496.2121243, "host_queued_start": 1585405556.277998, "device_queued": 1585405496.1620018, "device_end": 1585405496.2122264, "host_queued_end": 1585405556.333768}, "device": "gpu", "nd_range": {"device_start": 1585405496.2122424, "device_end": 1585405496.2272882}, "cmdq": 1, "read": {"device_start": -1, "device_end": -1}}, "FFC_sans_bias45": {"write": {"device_start": 1585405496.2044935, "host_queued_start": 1585405556.271442, "device_queued": 1585405496.1611862, "device_end": 1585405496.2045972, "host_queued_end": 1585405556.333768}, "device": "gpu", "nd_range": {"device_start": 1585405496.2046137, "device_end": 1585405496.219526}, "cmdq": 3, "read": {"device_start": -1, "device_end": -1}}, "softmax50": {"write": {"device_start": -1, "host_queued_start": 1585405556.304268, "device_queued": -1, "device_end": -1, "host_queued_end": 1585405556.333768}, "device": "gpu", "nd_range": {"device_start": 1585405496.2793221, "device_end": 1585405496.2871795}, "cmdq": 1, "read": {"device_start": -1, "device_end": -1}}, "FFC_sans_bias33": {"write": {"device_start": -1, "host_queued_start": 1585405556.306156, "device_queued": -1, "device_end": -1, "host_queued_end": 1585405556.333768}, "device": "gpu", "nd_range": {"device_start": 1585405496.2902684, "device_end": 1585405496.3050737}, "cmdq": 3, "read": {"device_start": -1, "device_end": -1}}, "FFC_sans_bias63": {"write": {"device_start": 1585405496.2352421, "host_queued_start": 1585405556.297718, "device_queued": 1585405496.163306, "device_end": 1585405496.235345, "host_queued_end": 1585405556.333768}, "device": "gpu", "nd_range": {"device_start": 1585405496.2353513, "device_end": 1585405496.2503676}, "cmdq": 3, "read": {"device_start": -1, "device_end": -1}}, "FFC_sans_bias49": {"write": {"device_start": -1, "host_queued_start": 1585405556.302114, "device_queued": -1, "device_end": -1, "host_queued_end": 1585405556.333768}, "device": "gpu", "nd_range": {"device_start": 1585405496.2581868, "device_end": 1585405496.269729}, "cmdq": 1, "read": {"device_start": -1, "device_end": -1}}, "FFC_sans_bias64": {"write": {"device_start": 1585405496.2275813, "host_queued_start": 1585405556.291157, "device_queued": 1585405496.1630347, "device_end": 1585405496.2276855, "host_queued_end": 1585405556.333768}, "device": "gpu", "nd_range": {"device_start": 1585405496.227703, "device_end": 1585405496.2426877}, "cmdq": 1, "read": {"device_start": -1, "device_end": -1}}, "FFC_sans_bias65": {"write": {"device_start": 1585405496.2314003, "host_queued_start": 1585405556.29444, "device_queued": 1585405496.1631749, "device_end": 1585405496.2315032, "host_queued_end": 1585405556.333768}, "device": "gpu", "nd_range": {"device_start": 1585405496.2315068, "device_end": 1585405496.2465518}, "cmdq": 2, "read": {"device_start": -1, "device_end": -1}}, "FFC_sans_bias67": {"write": {"device_start": -1, "host_queued_start": 1585405556.302775, "device_queued": -1, "device_end": -1, "host_queued_end": 1585405556.333768}, "device": "gpu", "nd_range": {"device_start": 1585405496.277394, "device_end": 1585405496.2814002}, "cmdq": 3, "read": {"device_start": -1, "device_end": -1}}, "FFC_sans_bias24": {"write": {"device_start": -1, "host_queued_start": 1585405556.305828, "device_queued": -1, "device_end": -1, "host_queued_end": 1585405556.333768}, "device": "gpu", "nd_range": {"device_start": 1585405496.2871637, "device_end": 1585405496.2932446}, "cmdq": 2, "read": {"device_start": -1, "device_end": -1}}, "FFC_sans_bias25": {"write": {"device_start": 1585405496.3088896, "host_queued_start": 1585405556.317244, "device_queued": 1585405496.168151, "device_end": 1585405496.3089888, "host_queued_end": 1585405556.333768}, "device": "gpu", "nd_range": {"device_start": 1585405496.3089952, "device_end": 1585405496.3191907}, "cmdq": 2, "read": {"device_start": 1585405496.3191996, "device_end": 1585405496.3192894}}, "FFC_sans_bias27": {"write": {"device_start": 1585405496.1812584, "host_queued_start": 1585405556.251759, "device_queued": 1585405496.1599653, "device_end": 1585405496.181363, "host_queued_end": 1585405556.333768}, "device": "gpu", "nd_range": {"device_start": 1585405496.1813676, "device_end": 1585405496.1963985}, "cmdq": 1, "read": {"device_start": -1, "device_end": -1}}, "FFC_sans_bias20": {"write": {"device_start": 1585405496.177412, "host_queued_start": 1585405556.248451, "device_queued": 1585405496.1597252, "device_end": 1585405496.177516, "host_queued_end": 1585405556.333768}, "device": "gpu", "nd_range": {"device_start": 1585405496.1775205, "device_end": 1585405496.1925793}, "cmdq": 0, "read": {"device_start": -1, "device_end": -1}}, "FFC_sans_bias22": {"write": {"device_start": -1, "host_queued_start": 1585405556.301158, "device_queued": -1, "device_end": -1, "host_queued_end": 1585405556.333768}, "device": "gpu", "nd_range": {"device_start": 1585405496.2502663, "device_end": 1585405496.262068}, "cmdq": 2, "read": {"device_start": -1, "device_end": -1}}, "softmax68": {"write": {"device_start": -1, "host_queued_start": 1585405556.304763, "device_queued": -1, "device_end": -1, "host_queued_end": 1585405556.333768}, "device": "gpu", "nd_range": {"device_start": 1585405496.2861876, "device_end": 1585405496.2902675}, "cmdq": 3, "read": {"device_start": -1, "device_end": -1}}, "softmax5": {"write": {"device_start": -1, "host_queued_start": 1585405556.303025, "device_queued": -1, "device_end": -1, "host_queued_end": 1585405556.333768}, "device": "gpu", "nd_range": {"device_start": 1585405496.265802, "device_end": 1585405496.2745247}, "cmdq": 0, "read": {"device_start": -1, "device_end": -1}}, "FFC_sans_bias28": {"write": {"device_start": 1585405496.1851175, "host_queued_start": 1585405556.255024, "device_queued": 1585405496.1600916, "device_end": 1585405496.185222, "host_queued_end": 1585405556.333768}, "device": "gpu", "nd_range": {"device_start": 1585405496.18523, "device_end": 1585405496.2002869}, "cmdq": 2, "read": {"device_start": -1, "device_end": -1}}, "FFC_sans_bias29": {"write": {"device_start": 1585405496.1890252, "host_queued_start": 1585405556.258304, "device_queued": 1585405496.1602194, "device_end": 1585405496.189129, "host_queued_end": 1585405556.333768}, "device": "gpu", "nd_range": {"device_start": 1585405496.189136, "device_end": 1585405496.2041914}, "cmdq": 3, "read": {"device_start": -1, "device_end": -1}}, "empty17": {"write": {"device_start": 1585405496.1555176, "host_queued_start": 1585405556.203132, "device_queued": 1585405496.155088, "device_end": 1585405496.1558, "host_queued_end": 1585405556.333768}, "device": "gpu", "nd_range": {"device_start": 1585405496.1558616, "device_end": 1585405496.1558943}, "cmdq": 1, "read": {"device_start": -1, "device_end": -1}}, "softmax59": {"write": {"device_start": -1, "host_queued_start": 1585405556.30452, "device_queued": -1, "device_end": -1, "host_queued_end": 1585405556.333768}, "device": "gpu", "nd_range": {"device_start": 1585405496.2793531, "device_end": 1585405496.2871625}, "cmdq": 2, "read": {"device_start": -1, "device_end": -1}}, "empty71": {"write": {"device_start": 1585405496.1572986, "host_queued_start": 1585405556.218931, "device_queued": 1585405496.1569955, "device_end": 1585405496.1575396, "host_queued_end": 1585405556.333768}, "device": "gpu", "nd_range": {"device_start": 1585405496.1575434, "device_end": 1585405496.157548}, "cmdq": 3, "read": {"device_start": -1, "device_end": -1}}, "empty35": {"write": {"device_start": 1585405496.156148, "host_queued_start": 1585405556.208446, "device_queued": 1585405496.1558132, "device_end": 1585405496.156413, "host_queued_end": 1585405556.333768}, "device": "gpu", "nd_range": {"device_start": 1585405496.1564238, "device_end": 1585405496.1564283}, "cmdq": 3, "read": {"device_start": -1, "device_end": -1}}, "empty53": {"write": {"device_start": 1585405496.1567361, "host_queued_start": 1585405556.213666, "device_queued": 1585405496.1564279, "device_end": 1585405496.1569831, "host_queued_end": 1585405556.333768}, "device": "gpu", "nd_range": {"device_start": 1585405496.1570225, "device_end": 1585405496.1570587}, "cmdq": 1, "read": {"device_start": -1, "device_end": -1}}, "FFC_sans_bias46": {"write": {"device_start": 1585405496.208338, "host_queued_start": 1585405556.274711, "device_queued": 1585405496.1616373, "device_end": 1585405496.2084389, "host_queued_end": 1585405556.333768}, "device": "gpu", "nd_range": {"device_start": 1585405496.2084444, "device_end": 1585405496.223435}, "cmdq": 0, "read": {"device_start": -1, "device_end": -1}}, "coalesced_transpose66": {"write": {"device_start": -1, "host_queued_start": 1585405556.300205, "device_queued": -1, "device_end": -1, "host_queued_end": 1585405556.333768}, "device": "gpu", "nd_range": {"device_start": 1585405496.261826, "device_end": 1585405496.2694662}, "cmdq": 3, "read": {"device_start": -1, "device_end": -1}}, "coalesced_transpose48": {"write": {"device_start": -1, "host_queued_start": 1585405556.299598, "device_queued": -1, "device_end": -1, "host_queued_end": 1585405556.333768}, "device": "gpu", "nd_range": {"device_start": 1585405496.250184, "device_end": 1585405496.250239}, "cmdq": 1, "read": {"device_start": -1, "device_end": -1}}}