{"FFC_sans_bias60": {"write": {"device_start": -1, "host_queued_start": 1585405873.648335, "device_queued": -1, "device_end": -1, "host_queued_end": 1585405873.662009}, "device": "gpu", "nd_range": {"device_start": 1585405813.5299542, "device_end": 1585405813.5366576}, "cmdq": 0, "read": {"device_start": -1, "device_end": -1}}, "FFC_sans_bias4": {"write": {"device_start": -1, "host_queued_start": 1585405873.716836, "device_queued": -1, "device_end": -1, "host_queued_end": 1585405873.733794}, "device": "cpu", "nd_range": {"device_start": 2073648.2950749001, "device_end": 2073648.3869364571}, "cmdq": 0, "read": {"device_start": -1, "device_end": -1}}, "FFC_sans_bias7": {"write": {"device_start": -1, "host_queued_start": 1585405873.723895, "device_queued": -1, "device_end": -1, "host_queued_end": 1585405873.733794}, "device": "cpu", "nd_range": {"device_start": 2073648.4569511232, "device_end": 2073648.6233130642}, "cmdq": 0, "read": {"device_start": -1, "device_end": -1}}, "FFC_sans_bias6": {"write": {"device_start": -1, "host_queued_start": 1585405873.719518, "device_queued": -1, "device_end": -1, "host_queued_end": 1585405873.733794}, "device": "cpu", "nd_range": {"device_start": 2073648.387943003, "device_end": 2073648.4569348972}, "cmdq": 0, "read": {"device_start": -1, "device_end": -1}}, "FFC_sans_bias1": {"write": {"device_start": -1, "host_queued_start": 1585405873.681536, "device_queued": -1, "device_end": -1, "host_queued_end": 1585405873.733794}, "device": "cpu", "nd_range": {"device_start": 2073647.92342652, "device_end": 2073648.045612785}, "cmdq": 1, "read": {"device_start": -1, "device_end": -1}}, "FFC_sans_bias0": {"write": {"device_start": -1, "host_queued_start": 1585405873.677901, "device_queued": -1, "device_end": -1, "host_queued_end": 1585405873.733794}, "device": "cpu", "nd_range": {"device_start": 2073647.923426622, "device_end": 2073648.04634968}, "cmdq": 0, "read": {"device_start": -1, "device_end": -1}}, "FFC_sans_bias2": {"write": {"device_start": -1, "host_queued_start": 1585405873.685106, "device_queued": -1, "device_end": -1, "host_queued_end": 1585405873.733794}, "device": "cpu", "nd_range": {"device_start": 2073647.923495528, "device_end": 2073648.173850069}, "cmdq": 2, "read": {"device_start": -1, "device_end": -1}}, "FFC_sans_bias61": {"write": {"device_start": 1585405813.53363, "host_queued_start": 1585405873.658603, "device_queued": 1585405813.481692, "device_end": 1585405813.533729, "host_queued_end": 1585405873.662009}, "device": "gpu", "nd_range": {"device_start": 1585405813.5430665, "device_end": 1585405813.5464349}, "cmdq": 4, "read": {"device_start": 1585405813.550164, "device_end": 1585405813.5502644}}, "FFC_sans_bias52": {"write": {"device_start": 1585405813.5433953, "host_queued_start": 1585405873.655286, "device_queued": 1585405813.481561, "device_end": 1585405813.5435028, "host_queued_end": 1585405873.662009}, "device": "gpu", "nd_range": {"device_start": 1585405813.5435114, "device_end": 1585405813.553071}, "cmdq": 3, "read": {"device_start": 1585405813.5530732, "device_end": 1585405813.5531666}}, "FFC_sans_bias9": {"write": {"device_start": -1, "host_queued_start": 1585405873.688538, "device_queued": -1, "device_end": -1, "host_queued_end": 1585405873.733794}, "device": "cpu", "nd_range": {"device_start": 2073647.92413844, "device_end": 2073648.0475795572}, "cmdq": 3, "read": {"device_start": -1, "device_end": -1}}, "coalesced_transpose39": {"write": {"device_start": -1, "host_queued_start": 1585405873.644105, "device_queued": -1, "device_end": -1, "host_queued_end": 1585405873.662009}, "device": "gpu", "nd_range": {"device_start": 1585405813.5024157, "device_end": 1585405813.5152142}, "cmdq": 1, "read": {"device_start": -1, "device_end": -1}}, "FFC_sans_bias55": {"write": {"device_start": 1585405813.4896631, "host_queued_start": 1585405873.633918, "device_queued": 1585405813.4784913, "device_end": 1585405813.4897668, "host_queued_end": 1585405873.662009}, "device": "gpu", "nd_range": {"device_start": 1585405813.4897726, "device_end": 1585405813.505677}, "cmdq": 2, "read": {"device_start": -1, "device_end": -1}}, "FFC_sans_bias54": {"write": {"device_start": 1585405813.4865835, "host_queued_start": 1585405873.630566, "device_queued": 1585405813.4783332, "device_end": 1585405813.4866843, "host_queued_end": 1585405873.662009}, "device": "gpu", "nd_range": {"device_start": 1585405813.4866924, "device_end": 1585405813.5024135}, "cmdq": 1, "read": {"device_start": -1, "device_end": -1}}, "FFC_sans_bias56": {"write": {"device_start": 1585405813.4832304, "host_queued_start": 1585405873.627268, "device_queued": 1585405813.478068, "device_end": 1585405813.4833293, "host_queued_end": 1585405873.662009}, "device": "gpu", "nd_range": {"device_start": 1585405813.4833393, "device_end": 1585405813.499156}, "cmdq": 0, "read": {"device_start": -1, "device_end": -1}}, "FFC_sans_bias51": {"write": {"device_start": -1, "host_queued_start": 1585405873.648013, "device_queued": -1, "device_end": -1, "host_queued_end": 1585405873.662009}, "device": "gpu", "nd_range": {"device_start": 1585405813.5299397, "device_end": 1585405813.5333192}, "cmdq": 4, "read": {"device_start": -1, "device_end": -1}}, "softmax23": {"write": {"device_start": -1, "host_queued_start": 1585405873.718902, "device_queued": -1, "device_end": -1, "host_queued_end": 1585405873.733794}, "device": "cpu", "nd_range": {"device_start": 2073648.6658612562, "device_end": 2073648.666805389}, "cmdq": 2, "read": {"device_start": -1, "device_end": -1}}, "FFC_sans_bias37": {"write": {"device_start": 1585405813.4764972, "host_queued_start": 1585405873.610308, "device_queued": 1585405813.4762428, "device_end": 1585405813.4765933, "host_queued_end": 1585405873.662009}, "device": "gpu", "nd_range": {"device_start": 1585405813.4765975, "device_end": 1585405813.4829347}, "cmdq": 0, "read": {"device_start": -1, "device_end": -1}}, "empty62": {"write": {"device_start": 1585405813.4754684, "host_queued_start": 1585405873.601462, "device_queued": 1585405813.4750128, "device_end": 1585405813.4757416, "host_queued_end": 1585405873.662009}, "device": "gpu", "nd_range": {"device_start": 1585405813.4758544, "device_end": 1585405813.475909}, "cmdq": 2, "read": {"device_start": -1, "device_end": -1}}, "FFC_sans_bias70": {"write": {"device_start": 1585405813.5438087, "host_queued_start": 1585405873.661893, "device_queued": 1585405813.4822707, "device_end": 1585405813.5439038, "host_queued_end": 1585405873.662009}, "device": "gpu", "nd_range": {"device_start": 1585405813.5439131, "device_end": 1585405813.55615}, "cmdq": 0, "read": {"device_start": 1585405813.556152, "device_end": 1585405813.556247}}, "FFC_sans_bias58": {"write": {"device_start": -1, "host_queued_start": 1585405873.646042, "device_queued": -1, "device_end": -1, "host_queued_end": 1585405873.662009}, "device": "gpu", "nd_range": {"device_start": 1585405813.5154402, "device_end": 1585405813.5253725}, "cmdq": 2, "read": {"device_start": -1, "device_end": -1}}, "softmax41": {"write": {"device_start": -1, "host_queued_start": 1585405873.646624, "device_queued": -1, "device_end": -1, "host_queued_end": 1585405873.662009}, "device": "gpu", "nd_range": {"device_start": 1585405813.5187821, "device_end": 1585405813.529932}, "cmdq": 4, "read": {"device_start": -1, "device_end": -1}}, "FFC_sans_bias11": {"write": {"device_start": -1, "host_queued_start": 1585405873.695161, "device_queued": -1, "device_end": -1, "host_queued_end": 1585405873.733794}, "device": "cpu", "nd_range": {"device_start": 2073648.0458480532, "device_end": 2073648.168247142}, "cmdq": 1, "read": {"device_start": -1, "device_end": -1}}, "FFC_sans_bias10": {"write": {"device_start": -1, "host_queued_start": 1585405873.691822, "device_queued": -1, "device_end": -1, "host_queued_end": 1585405873.733794}, "device": "cpu", "nd_range": {"device_start": 2073648.0465072892, "device_end": 2073648.1690108331}, "cmdq": 0, "read": {"device_start": -1, "device_end": -1}}, "coalesced_transpose3": {"write": {"device_start": -1, "host_queued_start": 1585405873.715356, "device_queued": -1, "device_end": -1, "host_queued_end": 1585405873.733794}, "device": "cpu", "nd_range": {"device_start": 2073648.2939823791, "device_end": 2073648.2950637462}, "cmdq": 0, "read": {"device_start": -1, "device_end": -1}}, "FFC_sans_bias34": {"write": {"device_start": -1, "host_queued_start": 1585405873.733734, "device_queued": -1, "device_end": -1, "host_queued_end": 1585405873.733794}, "device": "cpu", "nd_range": {"device_start": 2073648.6796670242, "device_end": 2073648.7667230142}, "cmdq": 3, "read": {"device_start": -1, "device_end": -1}}, "FFC_sans_bias15": {"write": {"device_start": -1, "host_queued_start": 1585405873.719862, "device_queued": -1, "device_end": -1, "host_queued_end": 1585405873.733794}, "device": "cpu", "nd_range": {"device_start": 2073648.3910895342, "device_end": 2073648.5058102072}, "cmdq": 1, "read": {"device_start": -1, "device_end": -1}}, "FFC_sans_bias31": {"write": {"device_start": -1, "host_queued_start": 1585405873.718045, "device_queued": -1, "device_end": -1, "host_queued_end": 1585405873.733794}, "device": "cpu", "nd_range": {"device_start": 2073648.5374433992, "device_end": 2073648.606757895}, "cmdq": 3, "read": {"device_start": -1, "device_end": -1}}, "FFC_sans_bias16": {"write": {"device_start": -1, "host_queued_start": 1585405873.727121, "device_queued": -1, "device_end": -1, "host_queued_end": 1585405873.733794}, "device": "cpu", "nd_range": {"device_start": 2073648.506023707, "device_end": 2073648.6179973052}, "cmdq": 1, "read": {"device_start": -1, "device_end": -1}}, "FFC_sans_bias19": {"write": {"device_start": -1, "host_queued_start": 1585405873.701738, "device_queued": -1, "device_end": -1, "host_queued_end": 1585405873.733794}, "device": "cpu", "nd_range": {"device_start": 2073648.0477265222, "device_end": 2073648.171034499}, "cmdq": 3, "read": {"device_start": -1, "device_end": -1}}, "FFC_sans_bias18": {"write": {"device_start": -1, "host_queued_start": 1585405873.698451, "device_queued": -1, "device_end": -1, "host_queued_end": 1585405873.733794}, "device": "cpu", "nd_range": {"device_start": 2073648.1738660801, "device_end": 2073648.407900822}, "cmdq": 2, "read": {"device_start": -1, "device_end": -1}}, "coalesced_transpose30": {"write": {"device_start": -1, "host_queued_start": 1585405873.716485, "device_queued": -1, "device_end": -1, "host_queued_end": 1585405873.733794}, "device": "cpu", "nd_range": {"device_start": 2073648.5362374692, "device_end": 2073648.5374200582}, "cmdq": 3, "read": {"device_start": -1, "device_end": -1}}, "FFC_sans_bias69": {"write": {"device_start": -1, "host_queued_start": 1585405873.648661, "device_queued": -1, "device_end": -1, "host_queued_end": 1585405873.662009}, "device": "gpu", "nd_range": {"device_start": 1585405813.52996, "device_end": 1585405813.5399332}, "cmdq": 1, "read": {"device_start": -1, "device_end": -1}}, "FFC_sans_bias38": {"write": {"device_start": 1585405813.476854, "host_queued_start": 1585405873.613738, "device_queued": 1585405813.4766037, "device_end": 1585405813.4771047, "host_queued_end": 1585405873.662009}, "device": "gpu", "nd_range": {"device_start": 1585405813.4776495, "device_end": 1585405813.486218}, "cmdq": 1, "read": {"device_start": -1, "device_end": -1}}, "coalesced_transpose57": {"write": {"device_start": -1, "host_queued_start": 1585405873.644739, "device_queued": -1, "device_end": -1, "host_queued_end": 1585405873.662009}, "device": "gpu", "nd_range": {"device_start": 1585405813.5089357, "device_end": 1585405813.5152626}, "cmdq": 3, "read": {"device_start": -1, "device_end": -1}}, "empty26": {"write": {"device_start": -1, "host_queued_start": 1585405873.672003, "device_queued": -1, "device_end": -1, "host_queued_end": 1585405873.733794}, "device": "cpu", "nd_range": {"device_start": 2073647.9234359371, "device_end": 2073647.9234402431}, "cmdq": 2, "read": {"device_start": -1, "device_end": -1}}, "coalesced_transpose12": {"write": {"device_start": -1, "host_queued_start": 1585405873.715811, "device_queued": -1, "device_end": -1, "host_queued_end": 1585405873.733794}, "device": "cpu", "nd_range": {"device_start": 2073648.292211919, "device_end": 2073648.293311669}, "cmdq": 1, "read": {"device_start": -1, "device_end": -1}}, "empty44": {"write": {"device_start": 1585405813.4747813, "host_queued_start": 1585405873.595469, "device_queued": 1585405813.4744399, "device_end": 1585405813.4749396, "host_queued_end": 1585405873.662009}, "device": "gpu", "nd_range": {"device_start": 1585405813.474943, "device_end": 1585405813.474948}, "cmdq": 0, "read": {"device_start": -1, "device_end": -1}}, "coalesced_transpose21": {"write": {"device_start": -1, "host_queued_start": 1585405873.716152, "device_queued": -1, "device_end": -1, "host_queued_end": 1585405873.733794}, "device": "cpu", "nd_range": {"device_start": 2073648.526627982, "device_end": 2073648.527815571}, "cmdq": 2, "read": {"device_start": -1, "device_end": -1}}, "FFC_sans_bias36": {"write": {"device_start": 1585405813.4761093, "host_queued_start": 1585405873.606985, "device_queued": 1585405813.4757648, "device_end": 1585405813.4762044, "host_queued_end": 1585405873.662009}, "device": "gpu", "nd_range": {"device_start": 1585405813.4762142, "device_end": 1585405813.4795752}, "cmdq": 4, "read": {"device_start": -1, "device_end": -1}}, "softmax14": {"write": {"device_start": -1, "host_queued_start": 1585405873.718619, "device_queued": -1, "device_end": -1, "host_queued_end": 1585405873.733794}, "device": "cpu", "nd_range": {"device_start": 2073648.3899826452, "device_end": 2073648.3909527692}, "cmdq": 1, "read": {"device_start": -1, "device_end": -1}}, "FFC_sans_bias13": {"write": {"device_start": -1, "host_queued_start": 1585405873.717197, "device_queued": -1, "device_end": -1, "host_queued_end": 1585405873.733794}, "device": "cpu", "nd_range": {"device_start": 2073648.293489315, "device_end": 2073648.389857134}, "cmdq": 1, "read": {"device_start": -1, "device_end": -1}}, "empty8": {"write": {"device_start": -1, "host_queued_start": 1585405873.666227, "device_queued": -1, "device_end": -1, "host_queued_end": 1585405873.733794}, "device": "cpu", "nd_range": {"device_start": 2073647.9233913561, "device_end": 2073647.92340209}, "cmdq": 0, "read": {"device_start": -1, "device_end": -1}}, "FFC_sans_bias42": {"write": {"device_start": -1, "host_queued_start": 1585405873.647693, "device_queued": -1, "device_end": -1, "host_queued_end": 1585405873.662009}, "device": "gpu", "nd_range": {"device_start": 1585405813.5299742, "device_end": 1585405813.5430555}, "cmdq": 3, "read": {"device_start": -1, "device_end": -1}}, "FFC_sans_bias43": {"write": {"device_start": 1585405813.5293221, "host_queued_start": 1585405873.651934, "device_queued": 1585405813.481426, "device_end": 1585405813.5294237, "host_queued_end": 1585405873.662009}, "device": "gpu", "nd_range": {"device_start": 1585405813.543076, "device_end": 1585405813.5497596}, "cmdq": 2, "read": {"device_start": 1585405813.5497692, "device_end": 1585405813.5498652}}, "FFC_sans_bias40": {"write": {"device_start": -1, "host_queued_start": 1585405873.645389, "device_queued": -1, "device_end": -1, "host_queued_end": 1585405873.662009}, "device": "gpu", "nd_range": {"device_start": 1585405813.515418, "device_end": 1585405813.5187714}, "cmdq": 0, "read": {"device_start": -1, "device_end": -1}}, "softmax32": {"write": {"device_start": -1, "host_queued_start": 1585405873.719174, "device_queued": -1, "device_end": -1, "host_queued_end": 1585405873.733794}, "device": "cpu", "nd_range": {"device_start": 2073648.606776488, "device_end": 2073648.6077823492}, "cmdq": 3, "read": {"device_start": -1, "device_end": -1}}, "FFC_sans_bias47": {"write": {"device_start": 1585405813.4798815, "host_queued_start": 1585405873.623946, "device_queued": 1585405813.4774764, "device_end": 1585405813.4799824, "host_queued_end": 1585405873.662009}, "device": "gpu", "nd_range": {"device_start": 1585405813.4799886, "device_end": 1585405813.4959311}, "cmdq": 4, "read": {"device_start": -1, "device_end": -1}}, "FFC_sans_bias45": {"write": {"device_start": 1585405813.4771576, "host_queued_start": 1585405873.617083, "device_queued": 1585405813.4767401, "device_end": 1585405813.4774585, "host_queued_end": 1585405873.662009}, "device": "gpu", "nd_range": {"device_start": 1585405813.4777598, "device_end": 1585405813.4893327}, "cmdq": 2, "read": {"device_start": -1, "device_end": -1}}, "softmax50": {"write": {"device_start": -1, "host_queued_start": 1585405873.646878, "device_queued": -1, "device_end": -1, "host_queued_end": 1585405873.662009}, "device": "gpu", "nd_range": {"device_start": 1585405813.5221171, "device_end": 1585405813.5299227}, "cmdq": 0, "read": {"device_start": -1, "device_end": -1}}, "FFC_sans_bias33": {"write": {"device_start": -1, "host_queued_start": 1585405873.72058, "device_queued": -1, "device_end": -1, "host_queued_end": 1585405873.733794}, "device": "cpu", "nd_range": {"device_start": 2073648.6077945482, "device_end": 2073648.6796540201}, "cmdq": 3, "read": {"device_start": -1, "device_end": -1}}, "FFC_sans_bias63": {"write": {"device_start": 1585405813.499487, "host_queued_start": 1585405873.64375, "device_queued": 1585405813.4793086, "device_end": 1585405813.4995887, "host_queued_end": 1585405873.662009}, "device": "gpu", "nd_range": {"device_start": 1585405813.4995916, "device_end": 1585405813.5154097}, "cmdq": 0, "read": {"device_start": -1, "device_end": -1}}, "FFC_sans_bias49": {"write": {"device_start": -1, "host_queued_start": 1585405873.645712, "device_queued": -1, "device_end": -1, "host_queued_end": 1585405873.662009}, "device": "gpu", "nd_range": {"device_start": 1585405813.515429, "device_end": 1585405813.5221076}, "cmdq": 1, "read": {"device_start": -1, "device_end": -1}}, "FFC_sans_bias64": {"write": {"device_start": 1585405813.4930058, "host_queued_start": 1585405873.637191, "device_queued": 1585405813.4786208, "device_end": 1585405813.4931095, "host_queued_end": 1585405873.662009}, "device": "gpu", "nd_range": {"device_start": 1585405813.4931161, "device_end": 1585405813.5089276}, "cmdq": 3, "read": {"device_start": -1, "device_end": -1}}, "FFC_sans_bias65": {"write": {"device_start": 1585405813.4962819, "host_queued_start": 1585405873.640488, "device_queued": 1585405813.4787486, "device_end": 1585405813.496391, "host_queued_end": 1585405873.662009}, "device": "gpu", "nd_range": {"device_start": 1585405813.4964, "device_end": 1585405813.5121913}, "cmdq": 4, "read": {"device_start": -1, "device_end": -1}}, "FFC_sans_bias67": {"write": {"device_start": -1, "host_queued_start": 1585405873.646362, "device_queued": -1, "device_end": -1, "host_queued_end": 1585405873.662009}, "device": "gpu", "nd_range": {"device_start": 1585405813.515449, "device_end": 1585405813.528524}, "cmdq": 3, "read": {"device_start": -1, "device_end": -1}}, "FFC_sans_bias24": {"write": {"device_start": -1, "host_queued_start": 1585405873.720205, "device_queued": -1, "device_end": -1, "host_queued_end": 1585405873.733794}, "device": "cpu", "nd_range": {"device_start": 2073648.66681593, "device_end": 2073648.7267916512}, "cmdq": 2, "read": {"device_start": -1, "device_end": -1}}, "FFC_sans_bias25": {"write": {"device_start": -1, "host_queued_start": 1585405873.730328, "device_queued": -1, "device_end": -1, "host_queued_end": 1585405873.733794}, "device": "cpu", "nd_range": {"device_start": 2073648.726809839, "device_end": 2073648.7814550272}, "cmdq": 2, "read": {"device_start": -1, "device_end": -1}}, "FFC_sans_bias27": {"write": {"device_start": -1, "host_queued_start": 1585405873.708343, "device_queued": -1, "device_end": -1, "host_queued_end": 1585405873.733794}, "device": "cpu", "nd_range": {"device_start": 2073648.1684778102, "device_end": 2073648.2919919111}, "cmdq": 1, "read": {"device_start": -1, "device_end": -1}}, "FFC_sans_bias20": {"write": {"device_start": -1, "host_queued_start": 1585405873.705051, "device_queued": -1, "device_end": -1, "host_queued_end": 1585405873.733794}, "device": "cpu", "nd_range": {"device_start": 2073648.1690235552, "device_end": 2073648.29396903}, "cmdq": 0, "read": {"device_start": -1, "device_end": -1}}, "FFC_sans_bias22": {"write": {"device_start": -1, "host_queued_start": 1585405873.717675, "device_queued": -1, "device_end": -1, "host_queued_end": 1585405873.733794}, "device": "cpu", "nd_range": {"device_start": 2073648.527826288, "device_end": 2073648.665837702}, "cmdq": 2, "read": {"device_start": -1, "device_end": -1}}, "softmax68": {"write": {"device_start": -1, "host_queued_start": 1585405873.64738, "device_queued": -1, "device_end": -1, "host_queued_end": 1585405873.662009}, "device": "gpu", "nd_range": {"device_start": 1585405813.5285378, "device_end": 1585405813.5289614}, "cmdq": 2, "read": {"device_start": -1, "device_end": -1}}, "softmax5": {"write": {"device_start": -1, "host_queued_start": 1585405873.718323, "device_queued": -1, "device_end": -1, "host_queued_end": 1585405873.733794}, "device": "cpu", "nd_range": {"device_start": 2073648.3869557632, "device_end": 2073648.387932483}, "cmdq": 0, "read": {"device_start": -1, "device_end": -1}}, "FFC_sans_bias28": {"write": {"device_start": -1, "host_queued_start": 1585405873.711657, "device_queued": -1, "device_end": -1, "host_queued_end": 1585405873.733794}, "device": "cpu", "nd_range": {"device_start": 2073648.4079199482, "device_end": 2073648.5266056391}, "cmdq": 2, "read": {"device_start": -1, "device_end": -1}}, "FFC_sans_bias29": {"write": {"device_start": -1, "host_queued_start": 1585405873.714999, "device_queued": -1, "device_end": -1, "host_queued_end": 1585405873.733794}, "device": "cpu", "nd_range": {"device_start": 2073648.1710473031, "device_end": 2073648.324528045}, "cmdq": 3, "read": {"device_start": -1, "device_end": -1}}, "empty17": {"write": {"device_start": -1, "host_queued_start": 1585405873.669136, "device_queued": -1, "device_end": -1, "host_queued_end": 1585405873.733794}, "device": "cpu", "nd_range": {"device_start": 2073647.9233933582, "device_end": 2073647.9234020321}, "cmdq": 1, "read": {"device_start": -1, "device_end": -1}}, "softmax59": {"write": {"device_start": -1, "host_queued_start": 1585405873.647128, "device_queued": -1, "device_end": -1, "host_queued_end": 1585405873.662009}, "device": "gpu", "nd_range": {"device_start": 1585405813.525383, "device_end": 1585405813.5299244}, "cmdq": 1, "read": {"device_start": -1, "device_end": -1}}, "empty71": {"write": {"device_start": 1585405813.475785, "host_queued_start": 1585405873.604129, "device_queued": 1585405813.4753785, "device_end": 1585405813.4760509, "host_queued_end": 1585405873.662009}, "device": "gpu", "nd_range": {"device_start": 1585405813.47606, "device_end": 1585405813.4760633}, "cmdq": 3, "read": {"device_start": -1, "device_end": -1}}, "empty35": {"write": {"device_start": -1, "host_queued_start": 1585405873.674926, "device_queued": -1, "device_end": -1, "host_queued_end": 1585405873.733794}, "device": "cpu", "nd_range": {"device_start": 2073647.9240217332, "device_end": 2073647.924025481}, "cmdq": 3, "read": {"device_start": -1, "device_end": -1}}, "empty53": {"write": {"device_start": 1585405813.4751356, "host_queued_start": 1585405873.598845, "device_queued": 1585405813.4747615, "device_end": 1585405813.475353, "host_queued_end": 1585405873.662009}, "device": "gpu", "nd_range": {"device_start": 1585405813.4758208, "device_end": 1585405813.4758856}, "cmdq": 1, "read": {"device_start": -1, "device_end": -1}}, "FFC_sans_bias46": {"write": {"device_start": 1585405813.4774895, "host_queued_start": 1585405873.620406, "device_queued": 1585405813.4771216, "device_end": 1585405813.4776132, "host_queued_end": 1585405873.662009}, "device": "gpu", "nd_range": {"device_start": 1585405813.4778683, "device_end": 1585405813.4926674}, "cmdq": 3, "read": {"device_start": -1, "device_end": -1}}, "coalesced_transpose66": {"write": {"device_start": -1, "host_queued_start": 1585405873.645054, "device_queued": -1, "device_end": -1, "host_queued_end": 1585405873.662009}, "device": "gpu", "nd_range": {"device_start": 1585405813.5122006, "device_end": 1585405813.5152874}, "cmdq": 4, "read": {"device_start": -1, "device_end": -1}}, "coalesced_transpose48": {"write": {"device_start": -1, "host_queued_start": 1585405873.644427, "device_queued": -1, "device_end": -1, "host_queued_end": 1585405873.662009}, "device": "gpu", "nd_range": {"device_start": 1585405813.5056806, "device_end": 1585405813.5152512}, "cmdq": 2, "read": {"device_start": -1, "device_end": -1}}}