{"FFC_sans_bias60": {"write": {"device_start": -1, "host_queued_start": 1585405847.637956, "device_queued": -1, "device_end": -1, "host_queued_end": 1585405847.660859}, "device": "cpu", "nd_range": {"device_start": 2073623.1068383532, "device_end": 2073623.2386466172}, "cmdq": 1, "read": {"device_start": -1, "device_end": -1}}, "FFC_sans_bias4": {"write": {"device_start": -1, "host_queued_start": 1585405847.63131, "device_queued": -1, "device_end": -1, "host_queued_end": 1585405847.660859}, "device": "cpu", "nd_range": {"device_start": 2073622.609460819, "device_end": 2073622.7327715652}, "cmdq": 2, "read": {"device_start": -1, "device_end": -1}}, "FFC_sans_bias7": {"write": {"device_start": -1, "host_queued_start": 1585405847.641233, "device_queued": -1, "device_end": -1, "host_queued_end": 1585405847.660859}, "device": "cpu", "nd_range": {"device_start": 2073623.1289173022, "device_end": 2073623.282015212}, "cmdq": 2, "read": {"device_start": -1, "device_end": -1}}, "FFC_sans_bias6": {"write": {"device_start": -1, "host_queued_start": 1585405847.635828, "device_queued": -1, "device_end": -1, "host_queued_end": 1585405847.660859}, "device": "cpu", "nd_range": {"device_start": 2073622.8701681432, "device_end": 2073622.9779255101}, "cmdq": 1, "read": {"device_start": -1, "device_end": -1}}, "FFC_sans_bias1": {"write": {"device_start": -1, "host_queued_start": 1585405847.565558, "device_queued": -1, "device_end": -1, "host_queued_end": 1585405847.660859}, "device": "cpu", "nd_range": {"device_start": 2073621.8505460261, "device_end": 2073621.968828492}, "cmdq": 2, "read": {"device_start": -1, "device_end": -1}}, "FFC_sans_bias0": {"write": {"device_start": -1, "host_queued_start": 1585405847.562138, "device_queued": -1, "device_end": -1, "host_queued_end": 1585405847.660859}, "device": "cpu", "nd_range": {"device_start": 2073621.8505147072, "device_end": 2073621.916078834}, "cmdq": 1, "read": {"device_start": -1, "device_end": -1}}, "FFC_sans_bias2": {"write": {"device_start": -1, "host_queued_start": 1585405847.568893, "device_queued": -1, "device_end": -1, "host_queued_end": 1585405847.660859}, "device": "cpu", "nd_range": {"device_start": 2073621.850523371, "device_end": 2073621.967444587}, "cmdq": 0, "read": {"device_start": -1, "device_end": -1}}, "FFC_sans_bias61": {"write": {"device_start": -1, "host_queued_start": 1585405847.660801, "device_queued": -1, "device_end": -1, "host_queued_end": 1585405847.660859}, "device": "cpu", "nd_range": {"device_start": 2073623.412299134, "device_end": 2073623.493727175}, "cmdq": 2, "read": {"device_start": -1, "device_end": -1}}, "FFC_sans_bias52": {"write": {"device_start": -1, "host_queued_start": 1585405847.657556, "device_queued": -1, "device_end": -1, "host_queued_end": 1585405847.660859}, "device": "cpu", "nd_range": {"device_start": 2073623.406027134, "device_end": 2073623.496397891}, "cmdq": 1, "read": {"device_start": -1, "device_end": -1}}, "FFC_sans_bias9": {"write": {"device_start": -1, "host_queued_start": 1585405847.572234, "device_queued": -1, "device_end": -1, "host_queued_end": 1585405847.660859}, "device": "cpu", "nd_range": {"device_start": 2073621.916303494, "device_end": 2073622.0301645042}, "cmdq": 1, "read": {"device_start": -1, "device_end": -1}}, "coalesced_transpose39": {"write": {"device_start": -1, "host_queued_start": 1585405847.630185, "device_queued": -1, "device_end": -1, "host_queued_end": 1585405847.660859}, "device": "cpu", "nd_range": {"device_start": 2073622.607813175, "device_end": 2073622.609237293}, "cmdq": 2, "read": {"device_start": -1, "device_end": -1}}, "FFC_sans_bias55": {"write": {"device_start": -1, "host_queued_start": 1585405847.62845, "device_queued": -1, "device_end": -1, "host_queued_end": 1585405847.660859}, "device": "cpu", "nd_range": {"device_start": 2073622.5017770922, "device_end": 2073622.6069542172}, "cmdq": 0, "read": {"device_start": -1, "device_end": -1}}, "FFC_sans_bias54": {"write": {"device_start": -1, "host_queued_start": 1585405847.625097, "device_queued": -1, "device_end": -1, "host_queued_end": 1585405847.660859}, "device": "cpu", "nd_range": {"device_start": 2073622.510880623, "device_end": 2073622.6067747572}, "cmdq": 2, "read": {"device_start": -1, "device_end": -1}}, "FFC_sans_bias56": {"write": {"device_start": -1, "host_queued_start": 1585405847.621773, "device_queued": -1, "device_end": -1, "host_queued_end": 1585405847.660859}, "device": "cpu", "nd_range": {"device_start": 2073622.4608789212, "device_end": 2073622.5732616882}, "cmdq": 1, "read": {"device_start": -1, "device_end": -1}}, "FFC_sans_bias51": {"write": {"device_start": -1, "host_queued_start": 1585405847.637602, "device_queued": -1, "device_end": -1, "host_queued_end": 1585405847.660859}, "device": "cpu", "nd_range": {"device_start": 2073623.0993765602, "device_end": 2073623.2224375242}, "cmdq": 0, "read": {"device_start": -1, "device_end": -1}}, "softmax23": {"write": {"device_start": -1, "host_queued_start": 1585405847.634289, "device_queued": -1, "device_end": -1, "host_queued_end": 1585405847.660859}, "device": "cpu", "nd_range": {"device_start": 2073622.9220533401, "device_end": 2073622.9230024482}, "cmdq": 2, "read": {"device_start": -1, "device_end": -1}}, "FFC_sans_bias37": {"write": {"device_start": -1, "host_queued_start": 1585405847.605284, "device_queued": -1, "device_end": -1, "host_queued_end": 1585405847.660859}, "device": "cpu", "nd_range": {"device_start": 2073622.3318441191, "device_end": 2073622.4416126872}, "cmdq": 2, "read": {"device_start": -1, "device_end": -1}}, "empty62": {"write": {"device_start": -1, "host_queued_start": 1585405847.559236, "device_queued": -1, "device_end": -1, "host_queued_end": 1585405847.660859}, "device": "cpu", "nd_range": {"device_start": 2073621.850517322, "device_end": 2073621.850518268}, "cmdq": 0, "read": {"device_start": -1, "device_end": -1}}, "FFC_sans_bias70": {"write": {"device_start": 1585405787.364229, "host_queued_start": 1585405847.53922, "device_queued": 1585405787.3544257, "device_end": 1585405787.3643274, "host_queued_end": 1585405847.539496}, "device": "gpu", "nd_range": {"device_start": 1585405787.3709383, "device_end": 1585405787.374269}, "cmdq": 3, "read": {"device_start": 1585405787.3742745, "device_end": 1585405787.3743653}}, "FFC_sans_bias58": {"write": {"device_start": -1, "host_queued_start": 1585405847.633423, "device_queued": -1, "device_end": -1, "host_queued_end": 1585405847.660859}, "device": "cpu", "nd_range": {"device_start": 2073622.8567308201, "device_end": 2073622.921842097}, "cmdq": 2, "read": {"device_start": -1, "device_end": -1}}, "softmax41": {"write": {"device_start": -1, "host_queued_start": 1585405847.634888, "device_queued": -1, "device_end": -1, "host_queued_end": 1585405847.660859}, "device": "cpu", "nd_range": {"device_start": 2073622.8692337212, "device_end": 2073622.870159097}, "cmdq": 1, "read": {"device_start": -1, "device_end": -1}}, "FFC_sans_bias11": {"write": {"device_start": -1, "host_queued_start": 1585405847.578806, "device_queued": -1, "device_end": -1, "host_queued_end": 1585405847.660859}, "device": "cpu", "nd_range": {"device_start": 2073621.9765312981, "device_end": 2073622.073160412}, "cmdq": 0, "read": {"device_start": -1, "device_end": -1}}, "FFC_sans_bias10": {"write": {"device_start": -1, "host_queued_start": 1585405847.575512, "device_queued": -1, "device_end": -1, "host_queued_end": 1585405847.660859}, "device": "cpu", "nd_range": {"device_start": 2073621.968841453, "device_end": 2073622.0810183752}, "cmdq": 2, "read": {"device_start": -1, "device_end": -1}}, "coalesced_transpose3": {"write": {"device_start": -1, "host_queued_start": 1585405847.62882, "device_queued": -1, "device_end": -1, "host_queued_end": 1585405847.660859}, "device": "cpu", "nd_range": {"device_start": 2073622.5732793822, "device_end": 2073622.5783743141}, "cmdq": 1, "read": {"device_start": -1, "device_end": -1}}, "FFC_sans_bias34": {"write": {"device_start": -1, "host_queued_start": 1585405847.651058, "device_queued": -1, "device_end": -1, "host_queued_end": 1585405847.660859}, "device": "cpu", "nd_range": {"device_start": 2073623.292008545, "device_end": 2073623.412289645}, "cmdq": 2, "read": {"device_start": -1, "device_end": -1}}, "FFC_sans_bias15": {"write": {"device_start": -1, "host_queued_start": 1585405847.636197, "device_queued": -1, "device_end": -1, "host_queued_end": 1585405847.660859}, "device": "cpu", "nd_range": {"device_start": 2073622.9242651442, "device_end": 2073623.0052705272}, "cmdq": 2, "read": {"device_start": -1, "device_end": -1}}, "FFC_sans_bias31": {"write": {"device_start": -1, "host_queued_start": 1585405847.63237, "device_queued": -1, "device_end": -1, "host_queued_end": 1585405847.660859}, "device": "cpu", "nd_range": {"device_start": 2073622.732940114, "device_end": 2073622.8566096902}, "cmdq": 2, "read": {"device_start": -1, "device_end": -1}}, "FFC_sans_bias16": {"write": {"device_start": -1, "host_queued_start": 1585405847.644457, "device_queued": -1, "device_end": -1, "host_queued_end": 1585405847.660859}, "device": "cpu", "nd_range": {"device_start": 2073623.222463703, "device_end": 2073623.3447201361}, "cmdq": 0, "read": {"device_start": -1, "device_end": -1}}, "FFC_sans_bias19": {"write": {"device_start": -1, "host_queued_start": 1585405847.585421, "device_queued": -1, "device_end": -1, "host_queued_end": 1585405847.660859}, "device": "cpu", "nd_range": {"device_start": 2073622.0812025461, "device_end": 2073622.2313696381}, "cmdq": 2, "read": {"device_start": -1, "device_end": -1}}, "FFC_sans_bias18": {"write": {"device_start": -1, "host_queued_start": 1585405847.582081, "device_queued": -1, "device_end": -1, "host_queued_end": 1585405847.660859}, "device": "cpu", "nd_range": {"device_start": 2073622.0301878832, "device_end": 2073622.1277204412}, "cmdq": 1, "read": {"device_start": -1, "device_end": -1}}, "coalesced_transpose30": {"write": {"device_start": -1, "host_queued_start": 1585405847.629844, "device_queued": -1, "device_end": -1, "host_queued_end": 1585405847.660859}, "device": "cpu", "nd_range": {"device_start": 2073622.578392632, "device_end": 2073622.580606548}, "cmdq": 1, "read": {"device_start": -1, "device_end": -1}}, "FFC_sans_bias69": {"write": {"device_start": -1, "host_queued_start": 1585405847.535879, "device_queued": -1, "device_end": -1, "host_queued_end": 1585405847.539496}, "device": "gpu", "nd_range": {"device_start": 1585405787.3675988, "device_end": 1585405787.3709347}, "cmdq": 2, "read": {"device_start": -1, "device_end": -1}}, "FFC_sans_bias38": {"write": {"device_start": -1, "host_queued_start": 1585405847.608592, "device_queued": -1, "device_end": -1, "host_queued_end": 1585405847.660859}, "device": "cpu", "nd_range": {"device_start": 2073622.2759273362, "device_end": 2073622.37286545}, "cmdq": 0, "read": {"device_start": -1, "device_end": -1}}, "coalesced_transpose57": {"write": {"device_start": -1, "host_queued_start": 1585405847.630866, "device_queued": -1, "device_end": -1, "host_queued_end": 1585405847.660859}, "device": "cpu", "nd_range": {"device_start": 2073622.6076558512, "device_end": 2073622.608782907}, "cmdq": 1, "read": {"device_start": -1, "device_end": -1}}, "empty26": {"write": {"device_start": -1, "host_queued_start": 1585405847.548641, "device_queued": -1, "device_end": -1, "host_queued_end": 1585405847.660859}, "device": "cpu", "nd_range": {"device_start": 2073621.850515586, "device_end": 2073621.8505200131}, "cmdq": 2, "read": {"device_start": -1, "device_end": -1}}, "coalesced_transpose12": {"write": {"device_start": -1, "host_queued_start": 1585405847.629163, "device_queued": -1, "device_end": -1, "host_queued_end": 1585405847.660859}, "device": "cpu", "nd_range": {"device_start": 2073622.6069505152, "device_end": 2073622.6076555362}, "cmdq": 2, "read": {"device_start": -1, "device_end": -1}}, "empty44": {"write": {"device_start": -1, "host_queued_start": 1585405847.553986, "device_queued": -1, "device_end": -1, "host_queued_end": 1585405847.660859}, "device": "cpu", "nd_range": {"device_start": 2073621.8505086682, "device_end": 2073621.8505095702}, "cmdq": 1, "read": {"device_start": -1, "device_end": -1}}, "coalesced_transpose21": {"write": {"device_start": -1, "host_queued_start": 1585405847.629504, "device_queued": -1, "device_end": -1, "host_queued_end": 1585405847.660859}, "device": "cpu", "nd_range": {"device_start": 2073622.6069652901, "device_end": 2073622.608109852}, "cmdq": 0, "read": {"device_start": -1, "device_end": -1}}, "FFC_sans_bias36": {"write": {"device_start": -1, "host_queued_start": 1585405847.601964, "device_queued": -1, "device_end": -1, "host_queued_end": 1585405847.660859}, "device": "cpu", "nd_range": {"device_start": 2073622.235854553, "device_end": 2073622.3629949722}, "cmdq": 1, "read": {"device_start": -1, "device_end": -1}}, "softmax14": {"write": {"device_start": -1, "host_queued_start": 1585405847.634001, "device_queued": -1, "device_end": -1, "host_queued_end": 1585405847.660859}, "device": "cpu", "nd_range": {"device_start": 2073622.868294347, "device_end": 2073622.8692263772}, "cmdq": 1, "read": {"device_start": -1, "device_end": -1}}, "FFC_sans_bias13": {"write": {"device_start": -1, "host_queued_start": 1585405847.631666, "device_queued": -1, "device_end": -1, "host_queued_end": 1585405847.660859}, "device": "cpu", "nd_range": {"device_start": 2073622.609296547, "device_end": 2073622.7319487652}, "cmdq": 0, "read": {"device_start": -1, "device_end": -1}}, "empty8": {"write": {"device_start": -1, "host_queued_start": 1585405847.543284, "device_queued": -1, "device_end": -1, "host_queued_end": 1585405847.660859}, "device": "cpu", "nd_range": {"device_start": 2073621.850470365, "device_end": 2073621.8504843952}, "cmdq": 0, "read": {"device_start": -1, "device_end": -1}}, "FFC_sans_bias42": {"write": {"device_start": -1, "host_queued_start": 1585405847.637249, "device_queued": -1, "device_end": -1, "host_queued_end": 1585405847.660859}, "device": "cpu", "nd_range": {"device_start": 2073623.005474993, "device_end": 2073623.12871002}, "cmdq": 2, "read": {"device_start": -1, "device_end": -1}}, "FFC_sans_bias43": {"write": {"device_start": -1, "host_queued_start": 1585405847.654267, "device_queued": -1, "device_end": -1, "host_queued_end": 1585405847.660859}, "device": "cpu", "nd_range": {"device_start": 2073623.3447306512, "device_end": 2073623.435804181}, "cmdq": 0, "read": {"device_start": -1, "device_end": -1}}, "FFC_sans_bias40": {"write": {"device_start": -1, "host_queued_start": 1585405847.632717, "device_queued": -1, "device_end": -1, "host_queued_end": 1585405847.660859}, "device": "cpu", "nd_range": {"device_start": 2073622.7319652042, "device_end": 2073622.854888159}, "cmdq": 0, "read": {"device_start": -1, "device_end": -1}}, "softmax32": {"write": {"device_start": -1, "host_queued_start": 1585405847.634584, "device_queued": -1, "device_end": -1, "host_queued_end": 1585405847.660859}, "device": "cpu", "nd_range": {"device_start": 2073622.863544997, "device_end": 2073622.8644693692}, "cmdq": 0, "read": {"device_start": -1, "device_end": -1}}, "FFC_sans_bias47": {"write": {"device_start": -1, "host_queued_start": 1585405847.618484, "device_queued": -1, "device_end": -1, "host_queued_end": 1585405847.660859}, "device": "cpu", "nd_range": {"device_start": 2073622.3728793042, "device_end": 2073622.501760865}, "cmdq": 0, "read": {"device_start": -1, "device_end": -1}}, "FFC_sans_bias45": {"write": {"device_start": -1, "host_queued_start": 1585405847.611879, "device_queued": -1, "device_end": -1, "host_queued_end": 1585405847.660859}, "device": "cpu", "nd_range": {"device_start": 2073622.363022342, "device_end": 2073622.460862959}, "cmdq": 1, "read": {"device_start": -1, "device_end": -1}}, "softmax50": {"write": {"device_start": -1, "host_queued_start": 1585405847.635195, "device_queued": -1, "device_end": -1, "host_queued_end": 1585405847.660859}, "device": "cpu", "nd_range": {"device_start": 2073622.923163464, "device_end": 2073622.9241153891}, "cmdq": 2, "read": {"device_start": -1, "device_end": -1}}, "FFC_sans_bias33": {"write": {"device_start": -1, "host_queued_start": 1585405847.636895, "device_queued": -1, "device_end": -1, "host_queued_end": 1585405847.660859}, "device": "cpu", "nd_range": {"device_start": 2073622.977951145, "device_end": 2073623.106821947}, "cmdq": 1, "read": {"device_start": -1, "device_end": -1}}, "FFC_sans_bias63": {"write": {"device_start": 1585405787.3539157, "host_queued_start": 1585405847.5345, "device_queued": 1585405787.3535533, "device_end": 1585405787.3540087, "host_queued_end": 1585405847.539496}, "device": "gpu", "nd_range": {"device_start": 1585405787.3541265, "device_end": 1585405787.3638375}, "cmdq": 3, "read": {"device_start": -1, "device_end": -1}}, "FFC_sans_bias49": {"write": {"device_start": -1, "host_queued_start": 1585405847.633071, "device_queued": -1, "device_end": -1, "host_queued_end": 1585405847.660859}, "device": "cpu", "nd_range": {"device_start": 2073622.739021294, "device_end": 2073622.8682832662}, "cmdq": 1, "read": {"device_start": -1, "device_end": -1}}, "FFC_sans_bias64": {"write": {"device_start": 1585405787.3532786, "host_queued_start": 1585405847.527732, "device_queued": 1585405787.352809, "device_end": 1585405787.353542, "host_queued_end": 1585405847.539496}, "device": "gpu", "nd_range": {"device_start": 1585405787.3538954, "device_end": 1585405787.357274}, "cmdq": 1, "read": {"device_start": -1, "device_end": -1}}, "FFC_sans_bias65": {"write": {"device_start": 1585405787.3536055, "host_queued_start": 1585405847.531142, "device_queued": 1585405787.3531694, "device_end": 1585405787.3538675, "host_queued_end": 1585405847.539496}, "device": "gpu", "nd_range": {"device_start": 1585405787.3540254, "device_end": 1585405787.3606331}, "cmdq": 2, "read": {"device_start": -1, "device_end": -1}}, "FFC_sans_bias67": {"write": {"device_start": -1, "host_queued_start": 1585405847.535298, "device_queued": -1, "device_end": -1, "host_queued_end": 1585405847.539496}, "device": "gpu", "nd_range": {"device_start": 1585405787.36384, "device_end": 1585405787.367177}, "cmdq": 0, "read": {"device_start": -1, "device_end": -1}}, "FFC_sans_bias24": {"write": {"device_start": -1, "host_queued_start": 1585405847.636545, "device_queued": -1, "device_end": -1, "host_queued_end": 1585405847.660859}, "device": "cpu", "nd_range": {"device_start": 2073622.9766019052, "device_end": 2073623.099361624}, "cmdq": 0, "read": {"device_start": -1, "device_end": -1}}, "FFC_sans_bias25": {"write": {"device_start": -1, "host_queued_start": 1585405847.647816, "device_queued": -1, "device_end": -1, "host_queued_end": 1585405847.660859}, "device": "cpu", "nd_range": {"device_start": 2073623.238665007, "device_end": 2073623.406016885}, "cmdq": 1, "read": {"device_start": -1, "device_end": -1}}, "FFC_sans_bias27": {"write": {"device_start": -1, "host_queued_start": 1585405847.592097, "device_queued": -1, "device_end": -1, "host_queued_end": 1585405847.660859}, "device": "cpu", "nd_range": {"device_start": 2073622.1277423021, "device_end": 2073622.2356713912}, "cmdq": 1, "read": {"device_start": -1, "device_end": -1}}, "FFC_sans_bias20": {"write": {"device_start": -1, "host_queued_start": 1585405847.588803, "device_queued": -1, "device_end": -1, "host_queued_end": 1585405847.660859}, "device": "cpu", "nd_range": {"device_start": 2073622.073180631, "device_end": 2073622.174620416}, "cmdq": 0, "read": {"device_start": -1, "device_end": -1}}, "FFC_sans_bias22": {"write": {"device_start": -1, "host_queued_start": 1585405847.632019, "device_queued": -1, "device_end": -1, "host_queued_end": 1585405847.660859}, "device": "cpu", "nd_range": {"device_start": 2073622.6087984112, "device_end": 2073622.739006591}, "cmdq": 1, "read": {"device_start": -1, "device_end": -1}}, "softmax68": {"write": {"device_start": -1, "host_queued_start": 1585405847.535557, "device_queued": -1, "device_end": -1, "host_queued_end": 1585405847.539496}, "device": "gpu", "nd_range": {"device_start": 1585405787.367184, "device_end": 1585405787.3675923}, "cmdq": 1, "read": {"device_start": -1, "device_end": -1}}, "softmax5": {"write": {"device_start": -1, "host_queued_start": 1585405847.63371, "device_queued": -1, "device_end": -1, "host_queued_end": 1585405847.660859}, "device": "cpu", "nd_range": {"device_start": 2073622.854908596, "device_end": 2073622.855876367}, "cmdq": 0, "read": {"device_start": -1, "device_end": -1}}, "FFC_sans_bias28": {"write": {"device_start": -1, "host_queued_start": 1585405847.595381, "device_queued": -1, "device_end": -1, "host_queued_end": 1585405847.660859}, "device": "cpu", "nd_range": {"device_start": 2073622.231613436, "device_end": 2073622.3316147872}, "cmdq": 2, "read": {"device_start": -1, "device_end": -1}}, "FFC_sans_bias29": {"write": {"device_start": -1, "host_queued_start": 1585405847.598673, "device_queued": -1, "device_end": -1, "host_queued_end": 1585405847.660859}, "device": "cpu", "nd_range": {"device_start": 2073622.1746361111, "device_end": 2073622.2759008622}, "cmdq": 0, "read": {"device_start": -1, "device_end": -1}}, "empty17": {"write": {"device_start": -1, "host_queued_start": 1585405847.545991, "device_queued": -1, "device_end": -1, "host_queued_end": 1585405847.660859}, "device": "cpu", "nd_range": {"device_start": 2073621.850470551, "device_end": 2073621.8504843991}, "cmdq": 1, "read": {"device_start": -1, "device_end": -1}}, "softmax59": {"write": {"device_start": -1, "host_queued_start": 1585405847.63548, "device_queued": -1, "device_end": -1, "host_queued_end": 1585405847.660859}, "device": "cpu", "nd_range": {"device_start": 2073622.97563681, "device_end": 2073622.9765875451}, "cmdq": 0, "read": {"device_start": -1, "device_end": -1}}, "empty71": {"write": {"device_start": 1585405787.352927, "host_queued_start": 1585405847.524103, "device_queued": 1585405787.3525927, "device_end": 1585405787.3531578, "host_queued_end": 1585405847.539496}, "device": "gpu", "nd_range": {"device_start": 1585405787.3531637, "device_end": 1585405787.3531687}, "cmdq": 0, "read": {"device_start": -1, "device_end": -1}}, "empty35": {"write": {"device_start": -1, "host_queued_start": 1585405847.551288, "device_queued": -1, "device_end": -1, "host_queued_end": 1585405847.660859}, "device": "cpu", "nd_range": {"device_start": 2073621.850510495, "device_end": 2073621.850511569}, "cmdq": 0, "read": {"device_start": -1, "device_end": -1}}, "empty53": {"write": {"device_start": -1, "host_queued_start": 1585405847.556642, "device_queued": -1, "device_end": -1, "host_queued_end": 1585405847.660859}, "device": "cpu", "nd_range": {"device_start": 2073621.8505369932, "device_end": 2073621.8505379332}, "cmdq": 2, "read": {"device_start": -1, "device_end": -1}}, "FFC_sans_bias46": {"write": {"device_start": -1, "host_queued_start": 1585405847.615184, "device_queued": -1, "device_end": -1, "host_queued_end": 1585405847.660859}, "device": "cpu", "nd_range": {"device_start": 2073622.4418470822, "device_end": 2073622.5107029711}, "cmdq": 2, "read": {"device_start": -1, "device_end": -1}}, "coalesced_transpose66": {"write": {"device_start": -1, "host_queued_start": 1585405847.53493, "device_queued": -1, "device_end": -1, "host_queued_end": 1585405847.539496}, "device": "gpu", "nd_range": {"device_start": 1585405787.3572774, "device_end": 1585405787.3637407}, "cmdq": 4, "read": {"device_start": -1, "device_end": -1}}, "coalesced_transpose48": {"write": {"device_start": -1, "host_queued_start": 1585405847.630524, "device_queued": -1, "device_end": -1, "host_queued_end": 1585405847.660859}, "device": "cpu", "nd_range": {"device_start": 2073622.608119057, "device_end": 2073622.609285854}, "cmdq": 0, "read": {"device_start": -1, "device_end": -1}}}