{"FFC_sans_bias60": {"write": {"device_start": -1, "host_queued_start": 1585405364.810649, "device_queued": -1, "device_end": -1, "host_queued_end": 1585405364.837184}, "device": "gpu", "nd_range": {"device_start": 1585405304.807843, "device_end": 1585405304.8184013}, "cmdq": 2, "read": {"device_start": -1, "device_end": -1}}, "FFC_sans_bias4": {"write": {"device_start": -1, "host_queued_start": 1585405364.804028, "device_queued": -1, "device_end": -1, "host_queued_end": 1585405364.837184}, "device": "gpu", "nd_range": {"device_start": 1585405304.7628422, "device_end": 1585405304.770935}, "cmdq": 1, "read": {"device_start": -1, "device_end": -1}}, "FFC_sans_bias7": {"write": {"device_start": 1585405304.8045533, "host_queued_start": 1585405364.814165, "device_queued": 1585405304.6762908, "device_end": 1585405304.8046541, "host_queued_end": 1585405364.837184}, "device": "gpu", "nd_range": {"device_start": 1585405304.804676, "device_end": 1585405304.8148618}, "cmdq": 1, "read": {"device_start": 1585405304.8148644, "device_end": 1585405304.8149602}}, "FFC_sans_bias6": {"write": {"device_start": -1, "host_queued_start": 1585405364.808695, "device_queued": -1, "device_end": -1, "host_queued_end": 1585405364.837184}, "device": "gpu", "nd_range": {"device_start": 1585405304.7907343, "device_end": 1585405304.7972238}, "cmdq": 2, "read": {"device_start": -1, "device_end": -1}}, "FFC_sans_bias1": {"write": {"device_start": 1585405304.666629, "host_queued_start": 1585405364.728738, "device_queued": 1585405304.6663835, "device_end": 1585405304.6667259, "host_queued_end": 1585405364.837184}, "device": "gpu", "nd_range": {"device_start": 1585405304.6667292, "device_end": 1585405304.674257}, "cmdq": 0, "read": {"device_start": -1, "device_end": -1}}, "FFC_sans_bias0": {"write": {"device_start": 1585405304.6662285, "host_queued_start": 1585405364.725424, "device_queued": 1585405304.6659257, "device_end": 1585405304.666323, "host_queued_end": 1585405364.837184}, "device": "gpu", "nd_range": {"device_start": 1585405304.6663315, "device_end": 1585405304.6703334}, "cmdq": 2, "read": {"device_start": -1, "device_end": -1}}, "FFC_sans_bias2": {"write": {"device_start": 1585405304.6669674, "host_queued_start": 1585405364.73206, "device_queued": 1585405304.6667368, "device_end": 1585405304.6670632, "host_queued_end": 1585405364.837184}, "device": "gpu", "nd_range": {"device_start": 1585405304.6670816, "device_end": 1585405304.678184}, "cmdq": 1, "read": {"device_start": -1, "device_end": -1}}, "FFC_sans_bias61": {"write": {"device_start": 1585405304.8373725, "host_queued_start": 1585405364.833824, "device_queued": 1585405304.677977, "device_end": 1585405304.8374689, "host_queued_end": 1585405364.837184}, "device": "gpu", "nd_range": {"device_start": 1585405304.8376043, "device_end": 1585405304.8489764}, "cmdq": 1, "read": {"device_start": 1585405304.848986, "device_end": 1585405304.8491}}, "FFC_sans_bias52": {"write": {"device_start": 1585405304.830318, "host_queued_start": 1585405364.830549, "device_queued": 1585405304.6775064, "device_end": 1585405304.8304393, "host_queued_end": 1585405364.837184}, "device": "gpu", "nd_range": {"device_start": 1585405304.8304565, "device_end": 1585405304.8408368}, "cmdq": 0, "read": {"device_start": 1585405304.8408406, "device_end": 1585405304.840927}}, "FFC_sans_bias9": {"write": {"device_start": 1585405304.6706274, "host_queued_start": 1585405364.735533, "device_queued": 1585405304.6668696, "device_end": 1585405304.6707265, "host_queued_end": 1585405364.837184}, "device": "gpu", "nd_range": {"device_start": 1585405304.670731, "device_end": 1585405304.6818986}, "cmdq": 2, "read": {"device_start": -1, "device_end": -1}}, "coalesced_transpose39": {"write": {"device_start": -1, "host_queued_start": 1585405364.802804, "device_queued": -1, "device_end": -1, "host_queued_end": 1585405364.837184}, "device": "gpu", "nd_range": {"device_start": 1585405304.7588913, "device_end": 1585405304.758944}, "cmdq": 0, "read": {"device_start": -1, "device_end": -1}}, "FFC_sans_bias55": {"write": {"device_start": 1585405304.7363045, "host_queued_start": 1585405364.791393, "device_queued": 1585405304.6712437, "device_end": 1585405304.7364058, "host_queued_end": 1585405364.837184}, "device": "gpu", "nd_range": {"device_start": 1585405304.736412, "device_end": 1585405304.7475832}, "cmdq": 1, "read": {"device_start": -1, "device_end": -1}}, "FFC_sans_bias54": {"write": {"device_start": 1585405304.7323809, "host_queued_start": 1585405364.788105, "device_queued": 1585405304.6709983, "device_end": 1585405304.7324848, "host_queued_end": 1585405364.837184}, "device": "gpu", "nd_range": {"device_start": 1585405304.7324896, "device_end": 1585405304.743696}, "cmdq": 0, "read": {"device_start": -1, "device_end": -1}}, "FFC_sans_bias56": {"write": {"device_start": 1585405304.7285638, "host_queued_start": 1585405364.784808, "device_queued": 1585405304.67052, "device_end": 1585405304.7286673, "host_queued_end": 1585405364.837184}, "device": "gpu", "nd_range": {"device_start": 1585405304.728672, "device_end": 1585405304.7398376}, "cmdq": 2, "read": {"device_start": -1, "device_end": -1}}, "FFC_sans_bias51": {"write": {"device_start": -1, "host_queued_start": 1585405364.810308, "device_queued": -1, "device_end": -1, "host_queued_end": 1585405364.837184}, "device": "gpu", "nd_range": {"device_start": 1585405304.793655, "device_end": 1585405304.8042727}, "cmdq": 1, "read": {"device_start": -1, "device_end": -1}}, "softmax23": {"write": {"device_start": -1, "host_queued_start": 1585405364.807059, "device_queued": -1, "device_end": -1, "host_queued_end": 1585405364.837184}, "device": "gpu", "nd_range": {"device_start": 1585405304.7849798, "device_end": 1585405304.789931}, "cmdq": 2, "read": {"device_start": -1, "device_end": -1}}, "FFC_sans_bias37": {"write": {"device_start": 1585405304.7092881, "host_queued_start": 1585405364.768455, "device_queued": 1585405304.66938, "device_end": 1585405304.709394, "host_queued_end": 1585405364.837184}, "device": "gpu", "nd_range": {"device_start": 1585405304.7094035, "device_end": 1585405304.7205184}, "cmdq": 0, "read": {"device_start": -1, "device_end": -1}}, "empty62": {"write": {"device_start": 1585405304.6656547, "host_queued_start": 1585405364.71999, "device_queued": 1585405304.665358, "device_end": 1585405304.6659071, "host_queued_end": 1585405364.837184}, "device": "gpu", "nd_range": {"device_start": 1585405304.6659176, "device_end": 1585405304.6659217}, "cmdq": 0, "read": {"device_start": -1, "device_end": -1}}, "FFC_sans_bias70": {"write": {"device_start": 1585405304.833505, "host_queued_start": 1585405364.837071, "device_queued": 1585405304.6778114, "device_end": 1585405304.8336031, "host_queued_end": 1585405364.837184}, "device": "gpu", "nd_range": {"device_start": 1585405304.8336182, "device_end": 1585405304.844716}, "cmdq": 2, "read": {"device_start": 1585405304.8447204, "device_end": 1585405304.8448057}}, "FFC_sans_bias58": {"write": {"device_start": -1, "host_queued_start": 1585405364.805954, "device_queued": -1, "device_end": -1, "host_queued_end": 1585405364.837184}, "device": "gpu", "nd_range": {"device_start": 1585405304.781482, "device_end": 1585405304.7884405}, "cmdq": 1, "read": {"device_start": -1, "device_end": -1}}, "softmax41": {"write": {"device_start": -1, "host_queued_start": 1585405364.807552, "device_queued": -1, "device_end": -1, "host_queued_end": 1585405364.837184}, "device": "gpu", "nd_range": {"device_start": 1585405304.7889252, "device_end": 1585405304.7893808}, "cmdq": 1, "read": {"device_start": -1, "device_end": -1}}, "FFC_sans_bias11": {"write": {"device_start": 1585405304.6785438, "host_queued_start": 1585405364.742169, "device_queued": 1585405304.667529, "device_end": 1585405304.6786463, "host_queued_end": 1585405364.837184}, "device": "gpu", "nd_range": {"device_start": 1585405304.6786528, "device_end": 1585405304.689665}, "cmdq": 1, "read": {"device_start": -1, "device_end": -1}}, "FFC_sans_bias10": {"write": {"device_start": 1585405304.6745775, "host_queued_start": 1585405364.738834, "device_queued": 1585405304.667284, "device_end": 1585405304.6746812, "host_queued_end": 1585405364.837184}, "device": "gpu", "nd_range": {"device_start": 1585405304.674688, "device_end": 1585405304.6858542}, "cmdq": 0, "read": {"device_start": -1, "device_end": -1}}, "coalesced_transpose3": {"write": {"device_start": -1, "host_queued_start": 1585405364.801538, "device_queued": -1, "device_end": -1, "host_queued_end": 1585405364.837184}, "device": "gpu", "nd_range": {"device_start": 1585405304.7514277, "device_end": 1585405304.7588534}, "cmdq": 2, "read": {"device_start": -1, "device_end": -1}}, "FFC_sans_bias34": {"write": {"device_start": 1585405304.8264465, "host_queued_start": 1585405364.823987, "device_queued": 1585405304.677131, "device_end": 1585405304.826539, "host_queued_end": 1585405364.837184}, "device": "gpu", "nd_range": {"device_start": 1585405304.8265593, "device_end": 1585405304.8368008}, "cmdq": 1, "read": {"device_start": 1585405304.836804, "device_end": 1585405304.8369}}, "FFC_sans_bias15": {"write": {"device_start": -1, "host_queued_start": 1585405364.809014, "device_queued": -1, "device_end": -1, "host_queued_end": 1585405364.837184}, "device": "gpu", "nd_range": {"device_start": 1585405304.7907586, "device_end": 1585405304.8007846}, "cmdq": 0, "read": {"device_start": -1, "device_end": -1}}, "FFC_sans_bias31": {"write": {"device_start": -1, "host_queued_start": 1585405364.805, "device_queued": -1, "device_end": -1, "host_queued_end": 1585405364.837184}, "device": "gpu", "nd_range": {"device_start": 1585405304.7709498, "device_end": 1585405304.7814677}, "cmdq": 1, "read": {"device_start": -1, "device_end": -1}}, "FFC_sans_bias16": {"write": {"device_start": 1585405304.8186831, "host_queued_start": 1585405364.817434, "device_queued": 1585405304.6761289, "device_end": 1585405304.8187842, "host_queued_end": 1585405364.837184}, "device": "gpu", "nd_range": {"device_start": 1585405304.8188078, "device_end": 1585405304.8254654}, "cmdq": 2, "read": {"device_start": 1585405304.8254688, "device_end": 1585405304.82557}}, "FFC_sans_bias19": {"write": {"device_start": 1585405304.6861594, "host_queued_start": 1585405364.748724, "device_queued": 1585405304.6679773, "device_end": 1585405304.6862621, "host_queued_end": 1585405364.837184}, "device": "gpu", "nd_range": {"device_start": 1585405304.6862679, "device_end": 1585405304.6973972}, "cmdq": 0, "read": {"device_start": -1, "device_end": -1}}, "FFC_sans_bias18": {"write": {"device_start": 1585405304.682205, "host_queued_start": 1585405364.745456, "device_queued": 1585405304.6676452, "device_end": 1585405304.6823106, "host_queued_end": 1585405364.837184}, "device": "gpu", "nd_range": {"device_start": 1585405304.6823153, "device_end": 1585405304.693484}, "cmdq": 2, "read": {"device_start": -1, "device_end": -1}}, "coalesced_transpose30": {"write": {"device_start": -1, "host_queued_start": 1585405364.802488, "device_queued": -1, "device_end": -1, "host_queued_end": 1585405364.837184}, "device": "gpu", "nd_range": {"device_start": 1585405304.758863, "device_end": 1585405304.7589147}, "cmdq": 2, "read": {"device_start": -1, "device_end": -1}}, "FFC_sans_bias69": {"write": {"device_start": -1, "host_queued_start": 1585405364.810962, "device_queued": -1, "device_end": -1, "host_queued_end": 1585405364.837184}, "device": "gpu", "nd_range": {"device_start": 1585405304.8113203, "device_end": 1585405304.8219295}, "cmdq": 0, "read": {"device_start": -1, "device_end": -1}}, "FFC_sans_bias38": {"write": {"device_start": 1585405304.7131517, "host_queued_start": 1585405364.771731, "device_queued": 1585405304.6696286, "device_end": 1585405304.7132561, "host_queued_end": 1585405364.837184}, "device": "gpu", "nd_range": {"device_start": 1585405304.713261, "device_end": 1585405304.7244174}, "cmdq": 1, "read": {"device_start": -1, "device_end": -1}}, "coalesced_transpose57": {"write": {"device_start": -1, "host_queued_start": 1585405364.803407, "device_queued": -1, "device_end": -1, "host_queued_end": 1585405364.837184}, "device": "gpu", "nd_range": {"device_start": 1585405304.7589295, "device_end": 1585405304.7589676}, "cmdq": 2, "read": {"device_start": -1, "device_end": -1}}, "empty26": {"write": {"device_start": 1585405304.6644464, "host_queued_start": 1585405364.709501, "device_queued": 1585405304.663997, "device_end": 1585405304.664701, "host_queued_end": 1585405364.837184}, "device": "gpu", "nd_range": {"device_start": 1585405304.6647103, "device_end": 1585405304.6647155}, "cmdq": 2, "read": {"device_start": -1, "device_end": -1}}, "coalesced_transpose12": {"write": {"device_start": -1, "host_queued_start": 1585405364.801864, "device_queued": -1, "device_end": -1, "host_queued_end": 1585405364.837184}, "device": "gpu", "nd_range": {"device_start": 1585405304.7552137, "device_end": 1585405304.7588902}, "cmdq": 0, "read": {"device_start": -1, "device_end": -1}}, "empty44": {"write": {"device_start": 1585405304.6650565, "host_queued_start": 1585405364.71477, "device_queued": 1585405304.6647208, "device_end": 1585405304.665342, "host_queued_end": 1585405364.837184}, "device": "gpu", "nd_range": {"device_start": 1585405304.6653469, "device_end": 1585405304.665352}, "cmdq": 1, "read": {"device_start": -1, "device_end": -1}}, "coalesced_transpose21": {"write": {"device_start": -1, "host_queued_start": 1585405364.802177, "device_queued": -1, "device_end": -1, "host_queued_end": 1585405364.837184}, "device": "gpu", "nd_range": {"device_start": 1585405304.7590365, "device_end": 1585405304.759064}, "cmdq": 1, "read": {"device_start": -1, "device_end": -1}}, "FFC_sans_bias36": {"write": {"device_start": 1585405304.7053607, "host_queued_start": 1585405364.765189, "device_queued": 1585405304.6690407, "device_end": 1585405304.7054644, "host_queued_end": 1585405364.837184}, "device": "gpu", "nd_range": {"device_start": 1585405304.70547, "device_end": 1585405304.7166245}, "cmdq": 2, "read": {"device_start": -1, "device_end": -1}}, "softmax14": {"write": {"device_start": -1, "host_queued_start": 1585405364.806806, "device_queued": -1, "device_end": -1, "host_queued_end": 1585405364.837184}, "device": "gpu", "nd_range": {"device_start": 1585405304.7884557, "device_end": 1585405304.7889097}, "cmdq": 1, "read": {"device_start": -1, "device_end": -1}}, "FFC_sans_bias13": {"write": {"device_start": -1, "host_queued_start": 1585405364.804358, "device_queued": -1, "device_end": -1, "host_queued_end": 1585405364.837184}, "device": "gpu", "nd_range": {"device_start": 1585405304.759057, "device_end": 1585405304.7630465}, "cmdq": 2, "read": {"device_start": -1, "device_end": -1}}, "empty8": {"write": {"device_start": 1585405304.6637137, "host_queued_start": 1585405364.703539, "device_queued": 1585405304.6634026, "device_end": 1585405304.6638107, "host_queued_end": 1585405364.837184}, "device": "gpu", "nd_range": {"device_start": 1585405304.6638138, "device_end": 1585405304.6638186}, "cmdq": 0, "read": {"device_start": -1, "device_end": -1}}, "FFC_sans_bias42": {"write": {"device_start": -1, "host_queued_start": 1585405364.809985, "device_queued": -1, "device_end": -1, "host_queued_end": 1585405364.837184}, "device": "gpu", "nd_range": {"device_start": 1585405304.8007977, "device_end": 1585405304.8113072}, "cmdq": 0, "read": {"device_start": -1, "device_end": -1}}, "FFC_sans_bias43": {"write": {"device_start": 1585405304.8260748, "host_queued_start": 1585405364.827253, "device_queued": 1585405304.676964, "device_end": 1585405304.826174, "host_queued_end": 1585405364.837184}, "device": "gpu", "nd_range": {"device_start": 1585405304.8261979, "device_end": 1585405304.8329072}, "cmdq": 2, "read": {"device_start": 1585405304.8329105, "device_end": 1585405304.8330011}}, "FFC_sans_bias40": {"write": {"device_start": -1, "host_queued_start": 1585405364.805319, "device_queued": -1, "device_end": -1, "host_queued_end": 1585405364.837184}, "device": "gpu", "nd_range": {"device_start": 1585405304.7630625, "device_end": 1585405304.7743216}, "cmdq": 2, "read": {"device_start": -1, "device_end": -1}}, "softmax32": {"write": {"device_start": -1, "host_queued_start": 1585405364.807304, "device_queued": -1, "device_end": -1, "host_queued_end": 1585405364.837184}, "device": "gpu", "nd_range": {"device_start": 1585405304.785849, "device_end": 1585405304.7899482}, "cmdq": 0, "read": {"device_start": -1, "device_end": -1}}, "FFC_sans_bias47": {"write": {"device_start": 1585405304.7247148, "host_queued_start": 1585405364.781519, "device_queued": 1585405304.6703541, "device_end": 1585405304.7248204, "host_queued_end": 1585405364.837184}, "device": "gpu", "nd_range": {"device_start": 1585405304.7248259, "device_end": 1585405304.7359703}, "cmdq": 1, "read": {"device_start": -1, "device_end": -1}}, "FFC_sans_bias45": {"write": {"device_start": 1585405304.7169287, "host_queued_start": 1585405364.774998, "device_queued": 1585405304.669758, "device_end": 1585405304.7170334, "host_queued_end": 1585405364.837184}, "device": "gpu", "nd_range": {"device_start": 1585405304.7170415, "device_end": 1585405304.7282588}, "cmdq": 2, "read": {"device_start": -1, "device_end": -1}}, "softmax50": {"write": {"device_start": -1, "host_queued_start": 1585405364.807802, "device_queued": -1, "device_end": -1, "host_queued_end": 1585405364.837184}, "device": "gpu", "nd_range": {"device_start": 1585405304.789945, "device_end": 1585405304.7907212}, "cmdq": 2, "read": {"device_start": -1, "device_end": -1}}, "FFC_sans_bias33": {"write": {"device_start": -1, "host_queued_start": 1585405364.80966, "device_queued": -1, "device_end": -1, "host_queued_end": 1585405364.837184}, "device": "gpu", "nd_range": {"device_start": 1585405304.7972372, "device_end": 1585405304.8078291}, "cmdq": 2, "read": {"device_start": -1, "device_end": -1}}, "FFC_sans_bias63": {"write": {"device_start": 1585405304.7478778, "host_queued_start": 1585405364.801172, "device_queued": 1585405304.671965, "device_end": 1585405304.7479835, "host_queued_end": 1585405364.837184}, "device": "gpu", "nd_range": {"device_start": 1585405304.7479873, "device_end": 1585405304.7590303}, "cmdq": 1, "read": {"device_start": -1, "device_end": -1}}, "FFC_sans_bias49": {"write": {"device_start": -1, "host_queued_start": 1585405364.805639, "device_queued": -1, "device_end": -1, "host_queued_end": 1585405364.837184}, "device": "gpu", "nd_range": {"device_start": 1585405304.7672377, "device_end": 1585405304.777894}, "cmdq": 0, "read": {"device_start": -1, "device_end": -1}}, "FFC_sans_bias64": {"write": {"device_start": 1585405304.7401342, "host_queued_start": 1585405364.794661, "device_queued": 1585405304.6713724, "device_end": 1585405304.7402396, "host_queued_end": 1585405364.837184}, "device": "gpu", "nd_range": {"device_start": 1585405304.7402573, "device_end": 1585405304.7514257}, "cmdq": 2, "read": {"device_start": -1, "device_end": -1}}, "FFC_sans_bias65": {"write": {"device_start": 1585405304.7439942, "host_queued_start": 1585405364.797916, "device_queued": 1585405304.67172, "device_end": 1585405304.7440968, "host_queued_end": 1585405364.837184}, "device": "gpu", "nd_range": {"device_start": 1585405304.7441022, "device_end": 1585405304.7552116}, "cmdq": 0, "read": {"device_start": -1, "device_end": -1}}, "FFC_sans_bias67": {"write": {"device_start": -1, "host_queued_start": 1585405364.806289, "device_queued": -1, "device_end": -1, "host_queued_end": 1585405364.837184}, "device": "gpu", "nd_range": {"device_start": 1585405304.7743375, "device_end": 1585405304.784965}, "cmdq": 2, "read": {"device_start": -1, "device_end": -1}}, "FFC_sans_bias24": {"write": {"device_start": -1, "host_queued_start": 1585405364.809331, "device_queued": -1, "device_end": -1, "host_queued_end": 1585405364.837184}, "device": "gpu", "nd_range": {"device_start": 1585405304.7899764, "device_end": 1585405304.7936409}, "cmdq": 1, "read": {"device_start": -1, "device_end": -1}}, "FFC_sans_bias25": {"write": {"device_start": 1585405304.822215, "host_queued_start": 1585405364.82069, "device_queued": 1585405304.6766577, "device_end": 1585405304.8223135, "host_queued_end": 1585405364.837184}, "device": "gpu", "nd_range": {"device_start": 1585405304.8223343, "device_end": 1585405304.8292294}, "cmdq": 0, "read": {"device_start": 1585405304.8292425, "device_end": 1585405304.8294997}}, "FFC_sans_bias27": {"write": {"device_start": 1585405304.6937928, "host_queued_start": 1585405364.755362, "device_queued": 1585405304.6683383, "device_end": 1585405304.6938958, "host_queued_end": 1585405364.837184}, "device": "gpu", "nd_range": {"device_start": 1585405304.6939127, "device_end": 1585405304.705048}, "cmdq": 2, "read": {"device_start": -1, "device_end": -1}}, "FFC_sans_bias20": {"write": {"device_start": 1585405304.6899734, "host_queued_start": 1585405364.75201, "device_queued": 1585405304.6682107, "device_end": 1585405304.6900744, "host_queued_end": 1585405364.837184}, "device": "gpu", "nd_range": {"device_start": 1585405304.6900778, "device_end": 1585405304.7012281}, "cmdq": 1, "read": {"device_start": -1, "device_end": -1}}, "FFC_sans_bias22": {"write": {"device_start": -1, "host_queued_start": 1585405364.804673, "device_queued": -1, "device_end": -1, "host_queued_end": 1585405364.837184}, "device": "gpu", "nd_range": {"device_start": 1585405304.7590964, "device_end": 1585405304.7672226}, "cmdq": 0, "read": {"device_start": -1, "device_end": -1}}, "softmax68": {"write": {"device_start": -1, "host_queued_start": 1585405364.808301, "device_queued": -1, "device_end": -1, "host_queued_end": 1585405364.837184}, "device": "gpu", "nd_range": {"device_start": 1585405304.7893944, "device_end": 1585405304.789843}, "cmdq": 1, "read": {"device_start": -1, "device_end": -1}}, "softmax5": {"write": {"device_start": -1, "host_queued_start": 1585405364.806544, "device_queued": -1, "device_end": -1, "host_queued_end": 1585405364.837184}, "device": "gpu", "nd_range": {"device_start": 1585405304.7779083, "device_end": 1585405304.785835}, "cmdq": 0, "read": {"device_start": -1, "device_end": -1}}, "FFC_sans_bias28": {"write": {"device_start": 1585405304.697706, "host_queued_start": 1585405364.758639, "device_queued": 1585405304.668678, "device_end": 1585405304.6978123, "host_queued_end": 1585405364.837184}, "device": "gpu", "nd_range": {"device_start": 1585405304.697829, "device_end": 1585405304.7089849}, "cmdq": 0, "read": {"device_start": -1, "device_end": -1}}, "FFC_sans_bias29": {"write": {"device_start": 1585405304.7015333, "host_queued_start": 1585405364.761915, "device_queued": 1585405304.6689117, "device_end": 1585405304.701635, "host_queued_end": 1585405364.837184}, "device": "gpu", "nd_range": {"device_start": 1585405304.7016416, "device_end": 1585405304.7128499}, "cmdq": 1, "read": {"device_start": -1, "device_end": -1}}, "empty17": {"write": {"device_start": 1585405304.6641083, "host_queued_start": 1585405364.706894, "device_queued": 1585405304.6638248, "device_end": 1585405304.6643167, "host_queued_end": 1585405364.837184}, "device": "gpu", "nd_range": {"device_start": 1585405304.664328, "device_end": 1585405304.6643326}, "cmdq": 1, "read": {"device_start": -1, "device_end": -1}}, "softmax59": {"write": {"device_start": -1, "host_queued_start": 1585405364.80805, "device_queued": -1, "device_end": -1, "host_queued_end": 1585405364.837184}, "device": "gpu", "nd_range": {"device_start": 1585405304.7899613, "device_end": 1585405304.7907448}, "cmdq": 0, "read": {"device_start": -1, "device_end": -1}}, "empty71": {"write": {"device_start": 1585405304.6659431, "host_queued_start": 1585405364.722643, "device_queued": 1585405304.6656091, "device_end": 1585405304.6662147, "host_queued_end": 1585405364.837184}, "device": "gpu", "nd_range": {"device_start": 1585405304.6662188, "device_end": 1585405304.6662233}, "cmdq": 1, "read": {"device_start": -1, "device_end": -1}}, "empty35": {"write": {"device_start": 1585405304.6647565, "host_queued_start": 1585405364.712173, "device_queued": 1585405304.6643364, "device_end": 1585405304.6650236, "host_queued_end": 1585405364.837184}, "device": "gpu", "nd_range": {"device_start": 1585405304.6650345, "device_end": 1585405304.665039}, "cmdq": 0, "read": {"device_start": -1, "device_end": -1}}, "empty53": {"write": {"device_start": 1585405304.6653562, "host_queued_start": 1585405364.717346, "device_queued": 1585405304.6650417, "device_end": 1585405304.6655903, "host_queued_end": 1585405364.837184}, "device": "gpu", "nd_range": {"device_start": 1585405304.6655955, "device_end": 1585405304.6656032}, "cmdq": 2, "read": {"device_start": -1, "device_end": -1}}, "FFC_sans_bias46": {"write": {"device_start": 1585405304.720824, "host_queued_start": 1585405364.778228, "device_queued": 1585405304.6701, "device_end": 1585405304.720927, "host_queued_end": 1585405364.837184}, "device": "gpu", "nd_range": {"device_start": 1585405304.7209306, "device_end": 1585405304.7320745}, "cmdq": 0, "read": {"device_start": -1, "device_end": -1}}, "coalesced_transpose66": {"write": {"device_start": -1, "host_queued_start": 1585405364.803711, "device_queued": -1, "device_end": -1, "host_queued_end": 1585405364.837184}, "device": "gpu", "nd_range": {"device_start": 1585405304.7589593, "device_end": 1585405304.7589893}, "cmdq": 0, "read": {"device_start": -1, "device_end": -1}}, "coalesced_transpose48": {"write": {"device_start": -1, "host_queued_start": 1585405364.803107, "device_queued": -1, "device_end": -1, "host_queued_end": 1585405364.837184}, "device": "gpu", "nd_range": {"device_start": 1585405304.7590752, "device_end": 1585405304.7628264}, "cmdq": 1, "read": {"device_start": -1, "device_end": -1}}}