{"FFC_sans_bias60": {"write": {"device_start": -1, "host_queued_start": 1585405447.611661, "device_queued": -1, "device_end": -1, "host_queued_end": 1585405447.631817}, "device": "gpu", "nd_range": {"device_start": 1585405387.554963, "device_end": 1585405387.565544}, "cmdq": 1, "read": {"device_start": -1, "device_end": -1}}, "FFC_sans_bias4": {"write": {"device_start": -1, "host_queued_start": 1585405447.661935, "device_queued": -1, "device_end": -1, "host_queued_end": 1585405447.670562}, "device": "cpu", "nd_range": {"device_start": 2073222.073858105, "device_end": 2073222.1347856082}, "cmdq": 1, "read": {"device_start": -1, "device_end": -1}}, "FFC_sans_bias7": {"write": {"device_start": -1, "host_queued_start": 1585405447.667032, "device_queued": -1, "device_end": -1, "host_queued_end": 1585405447.670562}, "device": "cpu", "nd_range": {"device_start": 2073222.2150311812, "device_end": 2073222.29036782}, "cmdq": 1, "read": {"device_start": -1, "device_end": -1}}, "FFC_sans_bias6": {"write": {"device_start": -1, "host_queued_start": 1585405447.663194, "device_queued": -1, "device_end": -1, "host_queued_end": 1585405447.670562}, "device": "cpu", "nd_range": {"device_start": 2073222.149056246, "device_end": 2073222.2059387192}, "cmdq": 2, "read": {"device_start": -1, "device_end": -1}}, "FFC_sans_bias1": {"write": {"device_start": -1, "host_queued_start": 1585405447.646388, "device_queued": -1, "device_end": -1, "host_queued_end": 1585405447.670562}, "device": "cpu", "nd_range": {"device_start": 2073221.8603723552, "device_end": 2073221.9496683772}, "cmdq": 0, "read": {"device_start": -1, "device_end": -1}}, "FFC_sans_bias0": {"write": {"device_start": -1, "host_queued_start": 1585405447.642271, "device_queued": -1, "device_end": -1, "host_queued_end": 1585405447.670562}, "device": "cpu", "nd_range": {"device_start": 2073221.860367248, "device_end": 2073221.9617984921}, "cmdq": 2, "read": {"device_start": -1, "device_end": -1}}, "FFC_sans_bias2": {"write": {"device_start": -1, "host_queued_start": 1585405447.650108, "device_queued": -1, "device_end": -1, "host_queued_end": 1585405447.670562}, "device": "cpu", "nd_range": {"device_start": 2073221.8603967042, "device_end": 2073221.986811527}, "cmdq": 1, "read": {"device_start": -1, "device_end": -1}}, "FFC_sans_bias61": {"write": {"device_start": 1585405387.576645, "host_queued_start": 1585405447.628416, "device_queued": 1585405387.4669023, "device_end": 1585405387.5767388, "host_queued_end": 1585405447.631817}, "device": "gpu", "nd_range": {"device_start": 1585405387.5767424, "device_end": 1585405387.5866363}, "cmdq": 1, "read": {"device_start": 1585405387.5866382, "device_end": 1585405387.586724}}, "FFC_sans_bias52": {"write": {"device_start": 1585405387.5696077, "host_queued_start": 1585405447.625122, "device_queued": 1585405387.4666476, "device_end": 1585405387.5697045, "host_queued_end": 1585405447.631817}, "device": "gpu", "nd_range": {"device_start": 1585405387.5697117, "device_end": 1585405387.5796118}, "cmdq": 0, "read": {"device_start": 1585405387.5796158, "device_end": 1585405387.5797029}}, "FFC_sans_bias9": {"write": {"device_start": -1, "host_queued_start": 1585405447.653785, "device_queued": -1, "device_end": -1, "host_queued_end": 1585405447.670562}, "device": "cpu", "nd_range": {"device_start": 2073221.9620050471, "device_end": 2073222.072675825}, "cmdq": 2, "read": {"device_start": -1, "device_end": -1}}, "coalesced_transpose39": {"write": {"device_start": -1, "host_queued_start": 1585405447.605608, "device_queued": -1, "device_end": -1, "host_queued_end": 1585405447.631817}, "device": "gpu", "nd_range": {"device_start": 1585405387.5219514, "device_end": 1585405387.5288033}, "cmdq": 2, "read": {"device_start": -1, "device_end": -1}}, "FFC_sans_bias55": {"write": {"device_start": 1585405387.5028, "host_queued_start": 1585405447.594786, "device_queued": 1585405387.4615483, "device_end": 1585405387.5029023, "host_queued_end": 1585405447.631817}, "device": "gpu", "nd_range": {"device_start": 1585405387.50291, "device_end": 1585405387.5113764}, "cmdq": 2, "read": {"device_start": -1, "device_end": -1}}, "FFC_sans_bias54": {"write": {"device_start": 1585405387.5024793, "host_queued_start": 1585405447.591485, "device_queued": 1585405387.461423, "device_end": 1585405387.502786, "host_queued_end": 1585405447.631817}, "device": "gpu", "nd_range": {"device_start": 1585405387.5027997, "device_end": 1585405387.5078423}, "cmdq": 1, "read": {"device_start": -1, "device_end": -1}}, "FFC_sans_bias56": {"write": {"device_start": 1585405387.4941292, "host_queued_start": 1585405447.588206, "device_queued": 1585405387.4611838, "device_end": 1585405387.494265, "host_queued_end": 1585405447.631817}, "device": "gpu", "nd_range": {"device_start": 1585405387.4942734, "device_end": 1585405387.5042875}, "cmdq": 0, "read": {"device_start": -1, "device_end": -1}}, "FFC_sans_bias51": {"write": {"device_start": -1, "host_queued_start": 1585405447.611339, "device_queued": -1, "device_end": -1, "host_queued_end": 1585405447.631817}, "device": "gpu", "nd_range": {"device_start": 1585405387.5514486, "device_end": 1585405387.5620344}, "cmdq": 0, "read": {"device_start": -1, "device_end": -1}}, "softmax23": {"write": {"device_start": -1, "host_queued_start": 1585405447.608781, "device_queued": -1, "device_end": -1, "host_queued_end": 1585405447.631817}, "device": "gpu", "nd_range": {"device_start": 1585405387.53262, "device_end": 1585405387.5413826}, "cmdq": 0, "read": {"device_start": -1, "device_end": -1}}, "FFC_sans_bias37": {"write": {"device_start": 1585405387.4764807, "host_queued_start": 1585405447.571766, "device_queued": 1585405387.4600124, "device_end": 1585405387.4766026, "host_queued_end": 1585405447.631817}, "device": "gpu", "nd_range": {"device_start": 1585405387.47661, "device_end": 1585405387.486658}, "cmdq": 1, "read": {"device_start": -1, "device_end": -1}}, "empty62": {"write": {"device_start": 1585405387.4574723, "host_queued_start": 1585405447.542943, "device_queued": 1585405387.457124, "device_end": 1585405387.457684, "host_queued_end": 1585405447.631817}, "device": "gpu", "nd_range": {"device_start": 1585405387.4576883, "device_end": 1585405387.4576933}, "cmdq": 1, "read": {"device_start": -1, "device_end": -1}}, "FFC_sans_bias70": {"write": {"device_start": 1585405387.5731514, "host_queued_start": 1585405447.6317, "device_queued": 1585405387.4670377, "device_end": 1585405387.5732498, "host_queued_end": 1585405447.631817}, "device": "gpu", "nd_range": {"device_start": 1585405387.573253, "device_end": 1585405387.5831301}, "cmdq": 2, "read": {"device_start": 1585405387.5831401, "device_end": 1585405387.5832283}}, "FFC_sans_bias58": {"write": {"device_start": -1, "host_queued_start": 1585405447.608211, "device_queued": -1, "device_end": -1, "host_queued_end": 1585405447.631817}, "device": "gpu", "nd_range": {"device_start": 1585405387.5290399, "device_end": 1585405387.536082}, "cmdq": 1, "read": {"device_start": -1, "device_end": -1}}, "softmax41": {"write": {"device_start": -1, "host_queued_start": 1585405447.609288, "device_queued": -1, "device_end": -1, "host_queued_end": 1585405447.631817}, "device": "gpu", "nd_range": {"device_start": 1585405387.5432932, "device_end": 1585405387.543743}, "cmdq": 2, "read": {"device_start": -1, "device_end": -1}}, "FFC_sans_bias11": {"write": {"device_start": -1, "host_queued_start": 1585405447.660889, "device_queued": -1, "device_end": -1, "host_queued_end": 1585405447.670562}, "device": "cpu", "nd_range": {"device_start": 2073221.9870178392, "device_end": 2073222.072676002}, "cmdq": 1, "read": {"device_start": -1, "device_end": -1}}, "FFC_sans_bias10": {"write": {"device_start": -1, "host_queued_start": 1585405447.657351, "device_queued": -1, "device_end": -1, "host_queued_end": 1585405447.670562}, "device": "cpu", "nd_range": {"device_start": 2073221.9558535651, "device_end": 2073222.0245697142}, "cmdq": 0, "read": {"device_start": -1, "device_end": -1}}, "coalesced_transpose3": {"write": {"device_start": -1, "host_queued_start": 1585405447.66125, "device_queued": -1, "device_end": -1, "host_queued_end": 1585405447.670562}, "device": "cpu", "nd_range": {"device_start": 2073222.072692644, "device_end": 2073222.0738488652}, "cmdq": 2, "read": {"device_start": -1, "device_end": -1}}, "FFC_sans_bias34": {"write": {"device_start": 1585405387.5657816, "host_queued_start": 1585405447.618507, "device_queued": 1585405387.4660819, "device_end": 1585405387.5658796, "host_queued_end": 1585405447.631817}, "device": "gpu", "nd_range": {"device_start": 1585405387.5658834, "device_end": 1585405387.5761206}, "cmdq": 1, "read": {"device_start": 1585405387.576124, "device_end": 1585405387.5762131}}, "FFC_sans_bias15": {"write": {"device_start": -1, "host_queued_start": 1585405447.663636, "device_queued": -1, "device_end": -1, "host_queued_end": 1585405447.670562}, "device": "cpu", "nd_range": {"device_start": 2073222.164755511, "device_end": 2073222.2437354052}, "cmdq": 0, "read": {"device_start": -1, "device_end": -1}}, "FFC_sans_bias31": {"write": {"device_start": -1, "host_queued_start": 1585405447.607205, "device_queued": -1, "device_end": -1, "host_queued_end": 1585405447.631817}, "device": "gpu", "nd_range": {"device_start": 1585405387.5217998, "device_end": 1585405387.5290387}, "cmdq": 1, "read": {"device_start": -1, "device_end": -1}}, "FFC_sans_bias16": {"write": {"device_start": -1, "host_queued_start": 1585405447.67044, "device_queued": -1, "device_end": -1, "host_queued_end": 1585405447.670562}, "device": "cpu", "nd_range": {"device_start": 2073222.2513766761, "device_end": 2073222.299491204}, "cmdq": 2, "read": {"device_start": -1, "device_end": -1}}, "FFC_sans_bias19": {"write": {"device_start": 1585405387.458457, "host_queued_start": 1585405447.551691, "device_queued": 1585405387.4582171, "device_end": 1585405387.4587011, "host_queued_end": 1585405447.631817}, "device": "gpu", "nd_range": {"device_start": 1585405387.4587321, "device_end": 1585405387.4654355}, "cmdq": 1, "read": {"device_start": -1, "device_end": -1}}, "FFC_sans_bias18": {"write": {"device_start": 1585405387.4581165, "host_queued_start": 1585405447.548344, "device_queued": 1585405387.457747, "device_end": 1585405387.458206, "host_queued_end": 1585405447.631817}, "device": "gpu", "nd_range": {"device_start": 1585405387.4582088, "device_end": 1585405387.4618454}, "cmdq": 0, "read": {"device_start": -1, "device_end": -1}}, "coalesced_transpose30": {"write": {"device_start": -1, "host_queued_start": 1585405447.605294, "device_queued": -1, "device_end": -1, "host_queued_end": 1585405447.631817}, "device": "gpu", "nd_range": {"device_start": 1585405387.5183709, "device_end": 1585405387.5217128}, "cmdq": 1, "read": {"device_start": -1, "device_end": -1}}, "FFC_sans_bias69": {"write": {"device_start": -1, "host_queued_start": 1585405447.611986, "device_queued": -1, "device_end": -1, "host_queued_end": 1585405447.631817}, "device": "gpu", "nd_range": {"device_start": 1585405387.5478468, "device_end": 1585405387.5584488}, "cmdq": 2, "read": {"device_start": -1, "device_end": -1}}, "FFC_sans_bias38": {"write": {"device_start": 1585405387.4799888, "host_queued_start": 1585405447.57505, "device_queued": 1585405387.4601412, "device_end": 1585405387.4801104, "host_queued_end": 1585405447.631817}, "device": "gpu", "nd_range": {"device_start": 1585405387.480119, "device_end": 1585405387.4901884}, "cmdq": 2, "read": {"device_start": -1, "device_end": -1}}, "coalesced_transpose57": {"write": {"device_start": -1, "host_queued_start": 1585405447.606253, "device_queued": -1, "device_end": -1, "host_queued_end": 1585405447.631817}, "device": "gpu", "nd_range": {"device_start": 1585405387.5217233, "device_end": 1585405387.5217986}, "cmdq": 1, "read": {"device_start": -1, "device_end": -1}}, "empty26": {"write": {"device_start": 1585405387.4561431, "host_queued_start": 1585405447.531527, "device_queued": 1585405387.45581, "device_end": 1585405387.4563482, "host_queued_end": 1585405447.631817}, "device": "gpu", "nd_range": {"device_start": 1585405387.456354, "device_end": 1585405387.4563587}, "cmdq": 0, "read": {"device_start": -1, "device_end": -1}}, "coalesced_transpose12": {"write": {"device_start": -1, "host_queued_start": 1585405447.661585, "device_queued": -1, "device_end": -1, "host_queued_end": 1585405447.670562}, "device": "cpu", "nd_range": {"device_start": 2073222.024585403, "device_end": 2073222.025682327}, "cmdq": 0, "read": {"device_start": -1, "device_end": -1}}, "empty44": {"write": {"device_start": 1585405387.4568322, "host_queued_start": 1585405447.537623, "device_queued": 1585405387.4563985, "device_end": 1585405387.4571025, "host_queued_end": 1585405447.631817}, "device": "gpu", "nd_range": {"device_start": 1585405387.4571095, "device_end": 1585405387.4571168}, "cmdq": 2, "read": {"device_start": -1, "device_end": -1}}, "coalesced_transpose21": {"write": {"device_start": -1, "host_queued_start": 1585405447.60498, "device_queued": -1, "device_end": -1, "host_queued_end": 1585405447.631817}, "device": "gpu", "nd_range": {"device_start": 1585405387.5148802, "device_end": 1585405387.5216727}, "cmdq": 0, "read": {"device_start": -1, "device_end": -1}}, "FFC_sans_bias36": {"write": {"device_start": 1585405387.4729004, "host_queued_start": 1585405447.568476, "device_queued": 1585405387.4597754, "device_end": 1585405387.4730153, "host_queued_end": 1585405447.631817}, "device": "gpu", "nd_range": {"device_start": 1585405387.4730215, "device_end": 1585405387.4831176}, "cmdq": 0, "read": {"device_start": -1, "device_end": -1}}, "softmax14": {"write": {"device_start": -1, "host_queued_start": 1585405447.66285, "device_queued": -1, "device_end": -1, "host_queued_end": 1585405447.670562}, "device": "cpu", "nd_range": {"device_start": 2073222.149051656, "device_end": 2073222.1571041672}, "cmdq": 1, "read": {"device_start": -1, "device_end": -1}}, "FFC_sans_bias13": {"write": {"device_start": -1, "host_queued_start": 1585405447.662283, "device_queued": -1, "device_end": -1, "host_queued_end": 1585405447.670562}, "device": "cpu", "nd_range": {"device_start": 2073222.0738598271, "device_end": 2073222.149040702}, "cmdq": 2, "read": {"device_start": -1, "device_end": -1}}, "empty8": {"write": {"device_start": -1, "host_queued_start": 1585405447.636122, "device_queued": -1, "device_end": -1, "host_queued_end": 1585405447.670562}, "device": "cpu", "nd_range": {"device_start": 2073221.860337913, "device_end": 2073221.860348595}, "cmdq": 0, "read": {"device_start": -1, "device_end": -1}}, "FFC_sans_bias42": {"write": {"device_start": -1, "host_queued_start": 1585405447.611018, "device_queued": -1, "device_end": -1, "host_queued_end": 1585405447.631817}, "device": "gpu", "nd_range": {"device_start": 1585405387.544196, "device_end": 1585405387.5478458}, "cmdq": 2, "read": {"device_start": -1, "device_end": -1}}, "FFC_sans_bias43": {"write": {"device_start": 1585405387.5626466, "host_queued_start": 1585405447.621839, "device_queued": 1585405387.466225, "device_end": 1585405387.5627463, "host_queued_end": 1585405447.631817}, "device": "gpu", "nd_range": {"device_start": 1585405387.5627527, "device_end": 1585405387.5726123}, "cmdq": 2, "read": {"device_start": 1585405387.5726166, "device_end": 1585405387.5727108}}, "FFC_sans_bias40": {"write": {"device_start": -1, "host_queued_start": 1585405447.607564, "device_queued": -1, "device_end": -1, "host_queued_end": 1585405447.631817}, "device": "gpu", "nd_range": {"device_start": 1585405387.5323777, "device_end": 1585405387.5396748}, "cmdq": 2, "read": {"device_start": -1, "device_end": -1}}, "softmax32": {"write": {"device_start": -1, "host_queued_start": 1585405447.609038, "device_queued": -1, "device_end": -1, "host_queued_end": 1585405447.631817}, "device": "gpu", "nd_range": {"device_start": 1585405387.5360832, "device_end": 1585405387.5413868}, "cmdq": 1, "read": {"device_start": -1, "device_end": -1}}, "FFC_sans_bias47": {"write": {"device_start": 1585405387.4905713, "host_queued_start": 1585405447.584881, "device_queued": 1585405387.4608428, "device_end": 1585405387.4906747, "host_queued_end": 1585405447.631817}, "device": "gpu", "nd_range": {"device_start": 1585405387.4906821, "device_end": 1585405387.5007958}, "cmdq": 2, "read": {"device_start": -1, "device_end": -1}}, "FFC_sans_bias45": {"write": {"device_start": 1585405387.4834948, "host_queued_start": 1585405447.57833, "device_queued": 1585405387.4604833, "device_end": 1585405387.4836154, "host_queued_end": 1585405447.631817}, "device": "gpu", "nd_range": {"device_start": 1585405387.4836218, "device_end": 1585405387.4937205}, "cmdq": 0, "read": {"device_start": -1, "device_end": -1}}, "softmax50": {"write": {"device_start": -1, "host_queued_start": 1585405447.609537, "device_queued": -1, "device_end": -1, "host_queued_end": 1585405447.631817}, "device": "gpu", "nd_range": {"device_start": 1585405387.541384, "device_end": 1585405387.544851}, "cmdq": 0, "read": {"device_start": -1, "device_end": -1}}, "FFC_sans_bias33": {"write": {"device_start": -1, "host_queued_start": 1585405447.610698, "device_queued": -1, "device_end": -1, "host_queued_end": 1585405447.631817}, "device": "gpu", "nd_range": {"device_start": 1585405387.544861, "device_end": 1585405387.554962}, "cmdq": 1, "read": {"device_start": -1, "device_end": -1}}, "FFC_sans_bias63": {"write": {"device_start": 1585405387.5116308, "host_queued_start": 1585405447.604634, "device_queued": 1585405387.4625187, "device_end": 1585405387.5117319, "host_queued_end": 1585405447.631817}, "device": "gpu", "nd_range": {"device_start": 1585405387.511737, "device_end": 1585405387.521945}, "cmdq": 2, "read": {"device_start": -1, "device_end": -1}}, "FFC_sans_bias49": {"write": {"device_start": -1, "host_queued_start": 1585405447.607887, "device_queued": -1, "device_end": -1, "host_queued_end": 1585405447.631817}, "device": "gpu", "nd_range": {"device_start": 1585405387.5254385, "device_end": 1585405387.5326188}, "cmdq": 0, "read": {"device_start": -1, "device_end": -1}}, "FFC_sans_bias64": {"write": {"device_start": 1585405387.504582, "host_queued_start": 1585405447.598054, "device_queued": 1585405387.4619572, "device_end": 1585405387.5046837, "host_queued_end": 1585405447.631817}, "device": "gpu", "nd_range": {"device_start": 1585405387.5046878, "device_end": 1585405387.5148785}, "cmdq": 0, "read": {"device_start": -1, "device_end": -1}}, "FFC_sans_bias65": {"write": {"device_start": 1585405387.5081022, "host_queued_start": 1585405447.601365, "device_queued": 1585405387.4623775, "device_end": 1585405387.5082014, "host_queued_end": 1585405447.631817}, "device": "gpu", "nd_range": {"device_start": 1585405387.5082076, "device_end": 1585405387.5183697}, "cmdq": 1, "read": {"device_start": -1, "device_end": -1}}, "FFC_sans_bias67": {"write": {"device_start": -1, "host_queued_start": 1585405447.60853, "device_queued": -1, "device_end": -1, "host_queued_end": 1585405447.631817}, "device": "gpu", "nd_range": {"device_start": 1585405387.539676, "device_end": 1585405387.5432923}, "cmdq": 2, "read": {"device_start": -1, "device_end": -1}}, "FFC_sans_bias24": {"write": {"device_start": -1, "host_queued_start": 1585405447.610353, "device_queued": -1, "device_end": -1, "host_queued_end": 1585405447.631817}, "device": "gpu", "nd_range": {"device_start": 1585405387.5448523, "device_end": 1585405387.5514476}, "cmdq": 0, "read": {"device_start": -1, "device_end": -1}}, "FFC_sans_bias25": {"write": {"device_start": 1585405387.562302, "host_queued_start": 1585405447.615237, "device_queued": 1585405387.4656842, "device_end": 1585405387.5623996, "host_queued_end": 1585405447.631817}, "device": "gpu", "nd_range": {"device_start": 1585405387.5624056, "device_end": 1585405387.5690668}, "cmdq": 0, "read": {"device_start": 1585405387.5690706, "device_end": 1585405387.569163}}, "FFC_sans_bias27": {"write": {"device_start": 1585405387.4622438, "host_queued_start": 1585405447.55834, "device_queued": 1585405387.4590485, "device_end": 1585405387.462355, "host_queued_end": 1585405447.631817}, "device": "gpu", "nd_range": {"device_start": 1585405387.4623618, "device_end": 1585405387.472484}, "cmdq": 0, "read": {"device_start": -1, "device_end": -1}}, "FFC_sans_bias20": {"write": {"device_start": 1585405387.458782, "host_queued_start": 1585405447.555051, "device_queued": 1585405387.4583688, "device_end": 1585405387.458915, "host_queued_end": 1585405447.631817}, "device": "gpu", "nd_range": {"device_start": 1585405387.4589415, "device_end": 1585405387.469039}, "cmdq": 2, "read": {"device_start": -1, "device_end": -1}}, "FFC_sans_bias22": {"write": {"device_start": -1, "host_queued_start": 1585405447.606881, "device_queued": -1, "device_end": -1, "host_queued_end": 1585405447.631817}, "device": "gpu", "nd_range": {"device_start": 1585405387.5217614, "device_end": 1585405387.5254369}, "cmdq": 0, "read": {"device_start": -1, "device_end": -1}}, "softmax68": {"write": {"device_start": -1, "host_queued_start": 1585405447.610038, "device_queued": -1, "device_end": -1, "host_queued_end": 1585405447.631817}, "device": "gpu", "nd_range": {"device_start": 1585405387.5437438, "device_end": 1585405387.544195}, "cmdq": 2, "read": {"device_start": -1, "device_end": -1}}, "softmax5": {"write": {"device_start": -1, "host_queued_start": 1585405447.662566, "device_queued": -1, "device_end": -1, "host_queued_end": 1585405447.670562}, "device": "cpu", "nd_range": {"device_start": 2073222.1348081182, "device_end": 2073222.13578352}, "cmdq": 0, "read": {"device_start": -1, "device_end": -1}}, "FFC_sans_bias28": {"write": {"device_start": 1585405387.4658668, "host_queued_start": 1585405447.561877, "device_queued": 1585405387.4592881, "device_end": 1585405387.465997, "host_queued_end": 1585405447.631817}, "device": "gpu", "nd_range": {"device_start": 1585405387.466006, "device_end": 1585405387.4760532}, "cmdq": 1, "read": {"device_start": -1, "device_end": -1}}, "FFC_sans_bias29": {"write": {"device_start": 1585405387.4694235, "host_queued_start": 1585405447.565179, "device_queued": 1585405387.459414, "device_end": 1585405387.4695277, "host_queued_end": 1585405447.631817}, "device": "gpu", "nd_range": {"device_start": 1585405387.4695323, "device_end": 1585405387.4795868}, "cmdq": 2, "read": {"device_start": -1, "device_end": -1}}, "empty17": {"write": {"device_start": -1, "host_queued_start": 1585405447.639312, "device_queued": -1, "device_end": -1, "host_queued_end": 1585405447.670562}, "device": "cpu", "nd_range": {"device_start": 2073221.860370685, "device_end": 2073221.860376862}, "cmdq": 1, "read": {"device_start": -1, "device_end": -1}}, "softmax59": {"write": {"device_start": -1, "host_queued_start": 1585405447.609786, "device_queued": -1, "device_end": -1, "host_queued_end": 1585405447.631817}, "device": "gpu", "nd_range": {"device_start": 1585405387.5413883, "device_end": 1585405387.54486}, "cmdq": 1, "read": {"device_start": -1, "device_end": -1}}, "empty71": {"write": {"device_start": 1585405387.4577866, "host_queued_start": 1585405447.545522, "device_queued": 1585405387.457468, "device_end": 1585405387.457986, "host_queued_end": 1585405447.631817}, "device": "gpu", "nd_range": {"device_start": 1585405387.457997, "device_end": 1585405387.4580019}, "cmdq": 2, "read": {"device_start": -1, "device_end": -1}}, "empty35": {"write": {"device_start": 1585405387.456506, "host_queued_start": 1585405447.534981, "device_queued": 1585405387.4561589, "device_end": 1585405387.4567978, "host_queued_end": 1585405447.631817}, "device": "gpu", "nd_range": {"device_start": 1585405387.456809, "device_end": 1585405387.4568143}, "cmdq": 1, "read": {"device_start": -1, "device_end": -1}}, "empty53": {"write": {"device_start": 1585405387.4571655, "host_queued_start": 1585405447.540298, "device_queued": 1585405387.4568226, "device_end": 1585405387.4574485, "host_queued_end": 1585405447.631817}, "device": "gpu", "nd_range": {"device_start": 1585405387.457457, "device_end": 1585405387.4574606}, "cmdq": 0, "read": {"device_start": -1, "device_end": -1}}, "FFC_sans_bias46": {"write": {"device_start": 1585405387.4870405, "host_queued_start": 1585405447.581614, "device_queued": 1585405387.4607172, "device_end": 1585405387.4871564, "host_queued_end": 1585405447.631817}, "device": "gpu", "nd_range": {"device_start": 1585405387.48716, "device_end": 1585405387.4972692}, "cmdq": 1, "read": {"device_start": -1, "device_end": -1}}, "coalesced_transpose66": {"write": {"device_start": -1, "host_queued_start": 1585405447.606555, "device_queued": -1, "device_end": -1, "host_queued_end": 1585405447.631817}, "device": "gpu", "nd_range": {"device_start": 1585405387.5288131, "device_end": 1585405387.532376}, "cmdq": 2, "read": {"device_start": -1, "device_end": -1}}, "coalesced_transpose48": {"write": {"device_start": -1, "host_queued_start": 1585405447.605945, "device_queued": -1, "device_end": -1, "host_queued_end": 1585405447.631817}, "device": "gpu", "nd_range": {"device_start": 1585405387.5216808, "device_end": 1585405387.5217605}, "cmdq": 0, "read": {"device_start": -1, "device_end": -1}}}