{"FFC_sans_bias60": {"write": {"device_start": -1, "host_queued_start": 1585405703.701031, "device_queued": -1, "device_end": -1, "host_queued_end": 1585405703.727219}, "device": "cpu", "nd_range": {"device_start": 2073479.0162270542, "device_end": 2073479.1439597271}, "cmdq": 2, "read": {"device_start": -1, "device_end": -1}}, "FFC_sans_bias4": {"write": {"device_start": -1, "host_queued_start": 1585405703.693847, "device_queued": -1, "device_end": -1, "host_queued_end": 1585405703.727219}, "device": "cpu", "nd_range": {"device_start": 2073478.6942537632, "device_end": 2073478.8665241292}, "cmdq": 0, "read": {"device_start": -1, "device_end": -1}}, "FFC_sans_bias7": {"write": {"device_start": -1, "host_queued_start": 1585405703.704601, "device_queued": -1, "device_end": -1, "host_queued_end": 1585405703.727219}, "device": "cpu", "nd_range": {"device_start": 2073479.443881767, "device_end": 2073479.572963708}, "cmdq": 0, "read": {"device_start": -1, "device_end": -1}}, "FFC_sans_bias6": {"write": {"device_start": -1, "host_queued_start": 1585405703.698906, "device_queued": -1, "device_end": -1, "host_queued_end": 1585405703.727219}, "device": "cpu", "nd_range": {"device_start": 2073479.006013032, "device_end": 2073479.221358549}, "cmdq": 0, "read": {"device_start": -1, "device_end": -1}}, "FFC_sans_bias1": {"write": {"device_start": -1, "host_queued_start": 1585405703.61691, "device_queued": -1, "device_end": -1, "host_queued_end": 1585405703.727219}, "device": "cpu", "nd_range": {"device_start": 2073477.9169190992, "device_end": 2073478.147655602}, "cmdq": 1, "read": {"device_start": -1, "device_end": -1}}, "FFC_sans_bias0": {"write": {"device_start": -1, "host_queued_start": 1585405703.613427, "device_queued": -1, "device_end": -1, "host_queued_end": 1585405703.727219}, "device": "cpu", "nd_range": {"device_start": 2073477.9173510342, "device_end": 2073478.0400450192}, "cmdq": 0, "read": {"device_start": -1, "device_end": -1}}, "FFC_sans_bias2": {"write": {"device_start": -1, "host_queued_start": 1585405703.62055, "device_queued": -1, "device_end": -1, "host_queued_end": 1585405703.727219}, "device": "cpu", "nd_range": {"device_start": 2073477.916930394, "device_end": 2073478.0400979081}, "cmdq": 2, "read": {"device_start": -1, "device_end": -1}}, "FFC_sans_bias61": {"write": {"device_start": -1, "host_queued_start": 1585405703.723954, "device_queued": -1, "device_end": -1, "host_queued_end": 1585405703.727219}, "device": "cpu", "nd_range": {"device_start": 2073479.269632325, "device_end": 2073479.3941393192}, "cmdq": 2, "read": {"device_start": -1, "device_end": -1}}, "FFC_sans_bias52": {"write": {"device_start": -1, "host_queued_start": 1585405703.720738, "device_queued": -1, "device_end": -1, "host_queued_end": 1585405703.727219}, "device": "cpu", "nd_range": {"device_start": 2073479.5727816902, "device_end": 2073479.6974472392}, "cmdq": 1, "read": {"device_start": -1, "device_end": -1}}, "FFC_sans_bias9": {"write": {"device_start": -1, "host_queued_start": 1585405703.624052, "device_queued": -1, "device_end": -1, "host_queued_end": 1585405703.727219}, "device": "cpu", "nd_range": {"device_start": 2073477.916952094, "device_end": 2073478.0481750662}, "cmdq": 3, "read": {"device_start": -1, "device_end": -1}}, "coalesced_transpose39": {"write": {"device_start": -1, "host_queued_start": 1585405703.692478, "device_queued": -1, "device_end": -1, "host_queued_end": 1585405703.727219}, "device": "cpu", "nd_range": {"device_start": 2073478.6930496711, "device_end": 2073478.694245086}, "cmdq": 0, "read": {"device_start": -1, "device_end": -1}}, "FFC_sans_bias55": {"write": {"device_start": -1, "host_queued_start": 1585405703.680897, "device_queued": -1, "device_end": -1, "host_queued_end": 1585405703.727219}, "device": "cpu", "nd_range": {"device_start": 2073478.561687509, "device_end": 2073478.6812282982}, "cmdq": 0, "read": {"device_start": -1, "device_end": -1}}, "FFC_sans_bias54": {"write": {"device_start": -1, "host_queued_start": 1585405703.677614, "device_queued": -1, "device_end": -1, "host_queued_end": 1585405703.727219}, "device": "cpu", "nd_range": {"device_start": 2073478.4414935492, "device_end": 2073478.666884138}, "cmdq": 3, "read": {"device_start": -1, "device_end": -1}}, "FFC_sans_bias56": {"write": {"device_start": -1, "host_queued_start": 1585405703.674319, "device_queued": -1, "device_end": -1, "host_queued_end": 1585405703.727219}, "device": "cpu", "nd_range": {"device_start": 2073478.4126361322, "device_end": 2073478.5363601372}, "cmdq": 2, "read": {"device_start": -1, "device_end": -1}}, "FFC_sans_bias51": {"write": {"device_start": -1, "host_queued_start": 1585405703.700687, "device_queued": -1, "device_end": -1, "host_queued_end": 1585405703.727219}, "device": "cpu", "nd_range": {"device_start": 2073479.3977578431, "device_end": 2073479.474348094}, "cmdq": 1, "read": {"device_start": -1, "device_end": -1}}, "softmax23": {"write": {"device_start": -1, "host_queued_start": 1585405703.697174, "device_queued": -1, "device_end": -1, "host_queued_end": 1585405703.727219}, "device": "cpu", "nd_range": {"device_start": 2073478.8959313652, "device_end": 2073478.8969189692}, "cmdq": 2, "read": {"device_start": -1, "device_end": -1}}, "FFC_sans_bias37": {"write": {"device_start": -1, "host_queued_start": 1585405703.657842, "device_queued": -1, "device_end": -1, "host_queued_end": 1585405703.727219}, "device": "cpu", "nd_range": {"device_start": 2073478.561711915, "device_end": 2073478.6844685061}, "cmdq": 1, "read": {"device_start": -1, "device_end": -1}}, "empty62": {"write": {"device_start": -1, "host_queued_start": 1585405703.608009, "device_queued": -1, "device_end": -1, "host_queued_end": 1585405703.727219}, "device": "cpu", "nd_range": {"device_start": 2073477.916923857, "device_end": 2073477.9169245292}, "cmdq": 2, "read": {"device_start": -1, "device_end": -1}}, "FFC_sans_bias70": {"write": {"device_start": -1, "host_queued_start": 1585405703.727164, "device_queued": -1, "device_end": -1, "host_queued_end": 1585405703.727219}, "device": "cpu", "nd_range": {"device_start": 2073479.7387119012, "device_end": 2073479.7808451632}, "cmdq": 3, "read": {"device_start": -1, "device_end": -1}}, "FFC_sans_bias58": {"write": {"device_start": -1, "host_queued_start": 1585405703.695991, "device_queued": -1, "device_end": -1, "host_queued_end": 1585405703.727219}, "device": "cpu", "nd_range": {"device_start": 2073478.799440121, "device_end": 2073478.8957804362}, "cmdq": 2, "read": {"device_start": -1, "device_end": -1}}, "softmax41": {"write": {"device_start": -1, "host_queued_start": 1585405703.69773, "device_queued": -1, "device_end": -1, "host_queued_end": 1585405703.727219}, "device": "cpu", "nd_range": {"device_start": 2073479.0049472512, "device_end": 2073479.0058845081}, "cmdq": 0, "read": {"device_start": -1, "device_end": -1}}, "FFC_sans_bias11": {"write": {"device_start": -1, "host_queued_start": 1585405703.630996, "device_queued": -1, "device_end": -1, "host_queued_end": 1585405703.727219}, "device": "cpu", "nd_range": {"device_start": 2073478.147678764, "device_end": 2073478.402352913}, "cmdq": 1, "read": {"device_start": -1, "device_end": -1}}, "FFC_sans_bias10": {"write": {"device_start": -1, "host_queued_start": 1585405703.627538, "device_queued": -1, "device_end": -1, "host_queued_end": 1585405703.727219}, "device": "cpu", "nd_range": {"device_start": 2073478.0400773971, "device_end": 2073478.162926325}, "cmdq": 0, "read": {"device_start": -1, "device_end": -1}}, "coalesced_transpose3": {"write": {"device_start": -1, "host_queued_start": 1585405703.69114, "device_queued": -1, "device_end": -1, "host_queued_end": 1585405703.727219}, "device": "cpu", "nd_range": {"device_start": 2073478.681247249, "device_end": 2073478.6930321222}, "cmdq": 0, "read": {"device_start": -1, "device_end": -1}}, "FFC_sans_bias34": {"write": {"device_start": -1, "host_queued_start": 1585405703.714274, "device_queued": -1, "device_end": -1, "host_queued_end": 1585405703.727219}, "device": "cpu", "nd_range": {"device_start": 2073479.697187497, "device_end": 2073479.7386991542}, "cmdq": 3, "read": {"device_start": -1, "device_end": -1}}, "FFC_sans_bias15": {"write": {"device_start": -1, "host_queued_start": 1585405703.699278, "device_queued": -1, "device_end": -1, "host_queued_end": 1585405703.727219}, "device": "cpu", "nd_range": {"device_start": 2073479.2747896842, "device_end": 2073479.397740015}, "cmdq": 1, "read": {"device_start": -1, "device_end": -1}}, "FFC_sans_bias31": {"write": {"device_start": -1, "host_queued_start": 1585405703.694894, "device_queued": -1, "device_end": -1, "host_queued_end": 1585405703.727219}, "device": "cpu", "nd_range": {"device_start": 2073479.046984255, "device_end": 2073479.170938109}, "cmdq": 3, "read": {"device_start": -1, "device_end": -1}}, "FFC_sans_bias16": {"write": {"device_start": -1, "host_queued_start": 1585405703.707813, "device_queued": -1, "device_end": -1, "host_queued_end": 1585405703.727219}, "device": "cpu", "nd_range": {"device_start": 2073479.474362788, "device_end": 2073479.572768446}, "cmdq": 1, "read": {"device_start": -1, "device_end": -1}}, "FFC_sans_bias19": {"write": {"device_start": -1, "host_queued_start": 1585405703.637938, "device_queued": -1, "device_end": -1, "host_queued_end": 1585405703.727219}, "device": "cpu", "nd_range": {"device_start": 2073478.048349006, "device_end": 2073478.1776172272}, "cmdq": 3, "read": {"device_start": -1, "device_end": -1}}, "FFC_sans_bias18": {"write": {"device_start": -1, "host_queued_start": 1585405703.6345, "device_queued": -1, "device_end": -1, "host_queued_end": 1585405703.727219}, "device": "cpu", "nd_range": {"device_start": 2073478.0401177092, "device_end": 2073478.163250392}, "cmdq": 2, "read": {"device_start": -1, "device_end": -1}}, "coalesced_transpose30": {"write": {"device_start": -1, "host_queued_start": 1585405703.692146, "device_queued": -1, "device_end": -1, "host_queued_end": 1585405703.727219}, "device": "cpu", "nd_range": {"device_start": 2073478.826520754, "device_end": 2073478.827714363}, "cmdq": 3, "read": {"device_start": -1, "device_end": -1}}, "FFC_sans_bias69": {"write": {"device_start": -1, "host_queued_start": 1585405703.701378, "device_queued": -1, "device_end": -1, "host_queued_end": 1585405703.727219}, "device": "cpu", "nd_range": {"device_start": 2073479.5816218231, "device_end": 2073479.6971671171}, "cmdq": 3, "read": {"device_start": -1, "device_end": -1}}, "FFC_sans_bias38": {"write": {"device_start": -1, "host_queued_start": 1585405703.661135, "device_queued": -1, "device_end": -1, "host_queued_end": 1585405703.727219}, "device": "cpu", "nd_range": {"device_start": 2073478.2883955662, "device_end": 2073478.4124296892}, "cmdq": 2, "read": {"device_start": -1, "device_end": -1}}, "coalesced_transpose57": {"write": {"device_start": -1, "host_queued_start": 1585405703.693144, "device_queued": -1, "device_end": -1, "host_queued_end": 1585405703.727219}, "device": "cpu", "nd_range": {"device_start": 2073478.7091384912, "device_end": 2073478.710283016}, "cmdq": 2, "read": {"device_start": -1, "device_end": -1}}, "empty26": {"write": {"device_start": -1, "host_queued_start": 1585405703.597483, "device_queued": -1, "device_end": -1, "host_queued_end": 1585405703.727219}, "device": "cpu", "nd_range": {"device_start": 2073477.916917181, "device_end": 2073477.91691792}, "cmdq": 2, "read": {"device_start": -1, "device_end": -1}}, "coalesced_transpose12": {"write": {"device_start": -1, "host_queued_start": 1585405703.69148, "device_queued": -1, "device_end": -1, "host_queued_end": 1585405703.727219}, "device": "cpu", "nd_range": {"device_start": 2073479.0217874672, "device_end": 2073479.022856262}, "cmdq": 1, "read": {"device_start": -1, "device_end": -1}}, "empty44": {"write": {"device_start": -1, "host_queued_start": 1585405703.602807, "device_queued": -1, "device_end": -1, "host_queued_end": 1585405703.727219}, "device": "cpu", "nd_range": {"device_start": 2073477.9169119212, "device_end": 2073477.9169128572}, "cmdq": 0, "read": {"device_start": -1, "device_end": -1}}, "coalesced_transpose21": {"write": {"device_start": -1, "host_queued_start": 1585405703.691812, "device_queued": -1, "device_end": -1, "host_queued_end": 1585405703.727219}, "device": "cpu", "nd_range": {"device_start": 2073478.6606851292, "device_end": 2073478.6619224981}, "cmdq": 2, "read": {"device_start": -1, "device_end": -1}}, "FFC_sans_bias36": {"write": {"device_start": -1, "host_queued_start": 1585405703.654553, "device_queued": -1, "device_end": -1, "host_queued_end": 1585405703.727219}, "device": "cpu", "nd_range": {"device_start": 2073478.3158076222, "device_end": 2073478.4385038381}, "cmdq": 0, "read": {"device_start": -1, "device_end": -1}}, "softmax14": {"write": {"device_start": -1, "host_queued_start": 1585405703.696897, "device_queued": -1, "device_end": -1, "host_queued_end": 1585405703.727219}, "device": "cpu", "nd_range": {"device_start": 2073479.2728252711, "device_end": 2073479.2738073252}, "cmdq": 1, "read": {"device_start": -1, "device_end": -1}}, "FFC_sans_bias13": {"write": {"device_start": -1, "host_queued_start": 1585405703.694195, "device_queued": -1, "device_end": -1, "host_queued_end": 1585405703.727219}, "device": "cpu", "nd_range": {"device_start": 2073479.024227753, "device_end": 2073479.147578119}, "cmdq": 1, "read": {"device_start": -1, "device_end": -1}}, "empty8": {"write": {"device_start": -1, "host_queued_start": 1585405703.591455, "device_queued": -1, "device_end": -1, "host_queued_end": 1585405703.727219}, "device": "cpu", "nd_range": {"device_start": 2073477.9168765421, "device_end": 2073477.916889043}, "cmdq": 0, "read": {"device_start": -1, "device_end": -1}}, "FFC_sans_bias42": {"write": {"device_start": -1, "host_queued_start": 1585405703.700341, "device_queued": -1, "device_end": -1, "host_queued_end": 1585405703.727219}, "device": "cpu", "nd_range": {"device_start": 2073479.2213911312, "device_end": 2073479.4438621262}, "cmdq": 0, "read": {"device_start": -1, "device_end": -1}}, "FFC_sans_bias43": {"write": {"device_start": -1, "host_queued_start": 1585405703.717519, "device_queued": -1, "device_end": -1, "host_queued_end": 1585405703.727219}, "device": "cpu", "nd_range": {"device_start": 2073479.5729729391, "device_end": 2073479.6939317582}, "cmdq": 0, "read": {"device_start": -1, "device_end": -1}}, "FFC_sans_bias40": {"write": {"device_start": -1, "host_queued_start": 1585405703.695293, "device_queued": -1, "device_end": -1, "host_queued_end": 1585405703.727219}, "device": "cpu", "nd_range": {"device_start": 2073478.8665439982, "device_end": 2073479.0012786142}, "cmdq": 0, "read": {"device_start": -1, "device_end": -1}}, "softmax32": {"write": {"device_start": -1, "host_queued_start": 1585405703.697452, "device_queued": -1, "device_end": -1, "host_queued_end": 1585405703.727219}, "device": "cpu", "nd_range": {"device_start": 2073479.351571175, "device_end": 2073479.363865111}, "cmdq": 3, "read": {"device_start": -1, "device_end": -1}}, "FFC_sans_bias47": {"write": {"device_start": -1, "host_queued_start": 1585405703.671006, "device_queued": -1, "device_end": -1, "host_queued_end": 1585405703.727219}, "device": "cpu", "nd_range": {"device_start": 2073478.68462487, "device_end": 2073478.894607166}, "cmdq": 1, "read": {"device_start": -1, "device_end": -1}}, "FFC_sans_bias45": {"write": {"device_start": -1, "host_queued_start": 1585405703.664426, "device_queued": -1, "device_end": -1, "host_queued_end": 1585405703.727219}, "device": "cpu", "nd_range": {"device_start": 2073478.310051152, "device_end": 2073478.441480268}, "cmdq": 3, "read": {"device_start": -1, "device_end": -1}}, "softmax50": {"write": {"device_start": -1, "host_queued_start": 1585405703.698011, "device_queued": -1, "device_end": -1, "host_queued_end": 1585405703.727219}, "device": "cpu", "nd_range": {"device_start": 2073479.273817213, "device_end": 2073479.274778017}, "cmdq": 1, "read": {"device_start": -1, "device_end": -1}}, "FFC_sans_bias33": {"write": {"device_start": -1, "host_queued_start": 1585405703.699996, "device_queued": -1, "device_end": -1, "host_queued_end": 1585405703.727219}, "device": "cpu", "nd_range": {"device_start": 2073479.364859645, "device_end": 2073479.581401345}, "cmdq": 3, "read": {"device_start": -1, "device_end": -1}}, "FFC_sans_bias63": {"write": {"device_start": -1, "host_queued_start": 1585405703.69078, "device_queued": -1, "device_end": -1, "host_queued_end": 1585405703.727219}, "device": "cpu", "nd_range": {"device_start": 2073478.6669025742, "device_end": 2073478.826500907}, "cmdq": 3, "read": {"device_start": -1, "device_end": -1}}, "FFC_sans_bias49": {"write": {"device_start": -1, "host_queued_start": 1585405703.695644, "device_queued": -1, "device_end": -1, "host_queued_end": 1585405703.727219}, "device": "cpu", "nd_range": {"device_start": 2073479.1475924982, "device_end": 2073479.27281144}, "cmdq": 1, "read": {"device_start": -1, "device_end": -1}}, "FFC_sans_bias64": {"write": {"device_start": -1, "host_queued_start": 1585405703.684223, "device_queued": -1, "device_end": -1, "host_queued_end": 1585405703.727219}, "device": "cpu", "nd_range": {"device_start": 2073478.8946275332, "device_end": 2073479.0216247942}, "cmdq": 1, "read": {"device_start": -1, "device_end": -1}}, "FFC_sans_bias65": {"write": {"device_start": -1, "host_queued_start": 1585405703.687514, "device_queued": -1, "device_end": -1, "host_queued_end": 1585405703.727219}, "device": "cpu", "nd_range": {"device_start": 2073478.536597283, "device_end": 2073478.660454336}, "cmdq": 2, "read": {"device_start": -1, "device_end": -1}}, "FFC_sans_bias67": {"write": {"device_start": -1, "host_queued_start": 1585405703.696339, "device_queued": -1, "device_end": -1, "host_queued_end": 1585405703.727219}, "device": "cpu", "nd_range": {"device_start": 2073479.170958054, "device_end": 2073479.351551538}, "cmdq": 3, "read": {"device_start": -1, "device_end": -1}}, "FFC_sans_bias24": {"write": {"device_start": -1, "host_queued_start": 1585405703.699636, "device_queued": -1, "device_end": -1, "host_queued_end": 1585405703.727219}, "device": "cpu", "nd_range": {"device_start": 2073478.898169809, "device_end": 2073479.016053507}, "cmdq": 2, "read": {"device_start": -1, "device_end": -1}}, "FFC_sans_bias25": {"write": {"device_start": -1, "host_queued_start": 1585405703.711021, "device_queued": -1, "device_end": -1, "host_queued_end": 1585405703.727219}, "device": "cpu", "nd_range": {"device_start": 2073479.1441974281, "device_end": 2073479.269617327}, "cmdq": 2, "read": {"device_start": -1, "device_end": -1}}, "FFC_sans_bias27": {"write": {"device_start": -1, "host_queued_start": 1585405703.644563, "device_queued": -1, "device_end": -1, "host_queued_end": 1585405703.727219}, "device": "cpu", "nd_range": {"device_start": 2073478.4023770231, "device_end": 2073478.5617019222}, "cmdq": 1, "read": {"device_start": -1, "device_end": -1}}, "FFC_sans_bias20": {"write": {"device_start": -1, "host_queued_start": 1585405703.641239, "device_queued": -1, "device_end": -1, "host_queued_end": 1585405703.727219}, "device": "cpu", "nd_range": {"device_start": 2073478.1629439371, "device_end": 2073478.3157846872}, "cmdq": 0, "read": {"device_start": -1, "device_end": -1}}, "FFC_sans_bias22": {"write": {"device_start": -1, "host_queued_start": 1585405703.69454, "device_queued": -1, "device_end": -1, "host_queued_end": 1585405703.727219}, "device": "cpu", "nd_range": {"device_start": 2073478.7104872812, "device_end": 2073478.7992000522}, "cmdq": 2, "read": {"device_start": -1, "device_end": -1}}, "softmax68": {"write": {"device_start": -1, "host_queued_start": 1585405703.698559, "device_queued": -1, "device_end": -1, "host_queued_end": 1585405703.727219}, "device": "cpu", "nd_range": {"device_start": 2073479.3638833412, "device_end": 2073479.364849593}, "cmdq": 3, "read": {"device_start": -1, "device_end": -1}}, "softmax5": {"write": {"device_start": -1, "host_queued_start": 1585405703.696619, "device_queued": -1, "device_end": -1, "host_queued_end": 1585405703.727219}, "device": "cpu", "nd_range": {"device_start": 2073479.001300431, "device_end": 2073479.0047859282}, "cmdq": 0, "read": {"device_start": -1, "device_end": -1}}, "FFC_sans_bias28": {"write": {"device_start": -1, "host_queued_start": 1585405703.647878, "device_queued": -1, "device_end": -1, "host_queued_end": 1585405703.727219}, "device": "cpu", "nd_range": {"device_start": 2073478.1633945142, "device_end": 2073478.288144689}, "cmdq": 2, "read": {"device_start": -1, "device_end": -1}}, "FFC_sans_bias29": {"write": {"device_start": -1, "host_queued_start": 1585405703.651241, "device_queued": -1, "device_end": -1, "host_queued_end": 1585405703.727219}, "device": "cpu", "nd_range": {"device_start": 2073478.177636905, "device_end": 2073478.310030362}, "cmdq": 3, "read": {"device_start": -1, "device_end": -1}}, "empty17": {"write": {"device_start": -1, "host_queued_start": 1585405703.594845, "device_queued": -1, "device_end": -1, "host_queued_end": 1585405703.727219}, "device": "cpu", "nd_range": {"device_start": 2073477.916876475, "device_end": 2073477.91688906}, "cmdq": 1, "read": {"device_start": -1, "device_end": -1}}, "softmax59": {"write": {"device_start": -1, "host_queued_start": 1585405703.698286, "device_queued": -1, "device_end": -1, "host_queued_end": 1585405703.727219}, "device": "cpu", "nd_range": {"device_start": 2073478.8970707292, "device_end": 2073478.8980236882}, "cmdq": 2, "read": {"device_start": -1, "device_end": -1}}, "empty71": {"write": {"device_start": -1, "host_queued_start": 1585405703.610604, "device_queued": -1, "device_end": -1, "host_queued_end": 1585405703.727219}, "device": "cpu", "nd_range": {"device_start": 2073477.9169432302, "device_end": 2073477.9169441252}, "cmdq": 3, "read": {"device_start": -1, "device_end": -1}}, "empty35": {"write": {"device_start": -1, "host_queued_start": 1585405703.600162, "device_queued": -1, "device_end": -1, "host_queued_end": 1585405703.727219}, "device": "cpu", "nd_range": {"device_start": 2073477.9169236822, "device_end": 2073477.916927674}, "cmdq": 3, "read": {"device_start": -1, "device_end": -1}}, "empty53": {"write": {"device_start": -1, "host_queued_start": 1585405703.605401, "device_queued": -1, "device_end": -1, "host_queued_end": 1585405703.727219}, "device": "cpu", "nd_range": {"device_start": 2073477.9169123282, "device_end": 2073477.916913591}, "cmdq": 1, "read": {"device_start": -1, "device_end": -1}}, "FFC_sans_bias46": {"write": {"device_start": -1, "host_queued_start": 1585405703.667707, "device_queued": -1, "device_end": -1, "host_queued_end": 1585405703.727219}, "device": "cpu", "nd_range": {"device_start": 2073478.4385224322, "device_end": 2073478.5616690642}, "cmdq": 0, "read": {"device_start": -1, "device_end": -1}}, "coalesced_transpose66": {"write": {"device_start": -1, "host_queued_start": 1585405703.69349, "device_queued": -1, "device_end": -1, "host_queued_end": 1585405703.727219}, "device": "cpu", "nd_range": {"device_start": 2073479.0458717342, "device_end": 2073479.0469641841}, "cmdq": 3, "read": {"device_start": -1, "device_end": -1}}, "coalesced_transpose48": {"write": {"device_start": -1, "host_queued_start": 1585405703.692812, "device_queued": -1, "device_end": -1, "host_queued_end": 1585405703.727219}, "device": "cpu", "nd_range": {"device_start": 2073479.0230032662, "device_end": 2073479.0240775342}, "cmdq": 1, "read": {"device_start": -1, "device_end": -1}}}