{"FFC_sans_bias60": {"write": {"device_start": -1, "host_queued_start": 1585405599.990981, "device_queued": -1, "device_end": -1, "host_queued_end": 1585405600.014086}, "device": "gpu", "nd_range": {"device_start": 1585405539.923117, "device_end": 1585405539.9368348}, "cmdq": 2, "read": {"device_start": -1, "device_end": -1}}, "FFC_sans_bias4": {"write": {"device_start": -1, "host_queued_start": 1585405600.044036, "device_queued": -1, "device_end": -1, "host_queued_end": 1585405600.053046}, "device": "cpu", "nd_range": {"device_start": 2073374.47627945, "device_end": 2073374.554980623}, "cmdq": 0, "read": {"device_start": -1, "device_end": -1}}, "FFC_sans_bias7": {"write": {"device_start": -1, "host_queued_start": 1585405600.049454, "device_queued": -1, "device_end": -1, "host_queued_end": 1585405600.053046}, "device": "cpu", "nd_range": {"device_start": 2073374.651635809, "device_end": 2073374.70804293}, "cmdq": 0, "read": {"device_start": -1, "device_end": -1}}, "FFC_sans_bias6": {"write": {"device_start": -1, "host_queued_start": 1585405600.045437, "device_queued": -1, "device_end": -1, "host_queued_end": 1585405600.053046}, "device": "cpu", "nd_range": {"device_start": 2073374.56507975, "device_end": 2073374.6514060341}, "cmdq": 0, "read": {"device_start": -1, "device_end": -1}}, "FFC_sans_bias1": {"write": {"device_start": -1, "host_queued_start": 1585405600.028953, "device_queued": -1, "device_end": -1, "host_queued_end": 1585405600.053046}, "device": "cpu", "nd_range": {"device_start": 2073374.2426448392, "device_end": 2073374.305398137}, "cmdq": 1, "read": {"device_start": -1, "device_end": -1}}, "FFC_sans_bias0": {"write": {"device_start": -1, "host_queued_start": 1585405600.025206, "device_queued": -1, "device_end": -1, "host_queued_end": 1585405600.053046}, "device": "cpu", "nd_range": {"device_start": 2073374.2426449761, "device_end": 2073374.33706561}, "cmdq": 0, "read": {"device_start": -1, "device_end": -1}}, "FFC_sans_bias2": {"write": {"device_start": -1, "host_queued_start": 1585405600.032515, "device_queued": -1, "device_end": -1, "host_queued_end": 1585405600.053046}, "device": "cpu", "nd_range": {"device_start": 2073374.3414043202, "device_end": 2073374.4078489982}, "cmdq": 0, "read": {"device_start": -1, "device_end": -1}}, "FFC_sans_bias61": {"write": {"device_start": 1585405539.944105, "host_queued_start": 1585405600.01001, "device_queued": 1585405539.8462112, "device_end": 1585405539.9441965, "host_queued_end": 1585405600.014086}, "device": "gpu", "nd_range": {"device_start": 1585405539.9442077, "device_end": 1585405539.9568021}, "cmdq": 0, "read": {"device_start": 1585405539.956806, "device_end": 1585405539.9568942}}, "FFC_sans_bias52": {"write": {"device_start": 1585405539.9402487, "host_queued_start": 1585405600.006113, "device_queued": 1585405539.8456206, "device_end": 1585405539.9403396, "host_queued_end": 1585405600.014086}, "device": "gpu", "nd_range": {"device_start": 1585405539.9403539, "device_end": 1585405539.9535658}, "cmdq": 3, "read": {"device_start": 1585405539.9535694, "device_end": 1585405539.9536574}}, "FFC_sans_bias9": {"write": {"device_start": -1, "host_queued_start": 1585405600.036027, "device_queued": -1, "device_end": -1, "host_queued_end": 1585405600.053046}, "device": "cpu", "nd_range": {"device_start": 2073374.3160208422, "device_end": 2073374.386567516}, "cmdq": 1, "read": {"device_start": -1, "device_end": -1}}, "coalesced_transpose39": {"write": {"device_start": -1, "host_queued_start": 1585405599.985145, "device_queued": -1, "device_end": -1, "host_queued_end": 1585405600.014086}, "device": "gpu", "nd_range": {"device_start": 1585405539.894762, "device_end": 1585405539.8981233}, "cmdq": 2, "read": {"device_start": -1, "device_end": -1}}, "FFC_sans_bias55": {"write": {"device_start": 1585405539.8752756, "host_queued_start": 1585405599.974424, "device_queued": 1585405539.8411133, "device_end": 1585405539.8753734, "host_queued_end": 1585405600.014086}, "device": "gpu", "nd_range": {"device_start": 1585405539.8753793, "device_end": 1585405539.8877778}, "cmdq": 0, "read": {"device_start": -1, "device_end": -1}}, "FFC_sans_bias54": {"write": {"device_start": 1585405539.8718038, "host_queued_start": 1585405599.97111, "device_queued": 1585405539.839871, "device_end": 1585405539.8719172, "host_queued_end": 1585405600.014086}, "device": "gpu", "nd_range": {"device_start": 1585405539.8719223, "device_end": 1585405539.8846545}, "cmdq": 3, "read": {"device_start": -1, "device_end": -1}}, "FFC_sans_bias56": {"write": {"device_start": 1585405539.8683455, "host_queued_start": 1585405599.967846, "device_queued": 1585405539.8397424, "device_end": 1585405539.868449, "host_queued_end": 1585405600.014086}, "device": "gpu", "nd_range": {"device_start": 1585405539.8684545, "device_end": 1585405539.8813717}, "cmdq": 2, "read": {"device_start": -1, "device_end": -1}}, "FFC_sans_bias51": {"write": {"device_start": -1, "host_queued_start": 1585405599.990667, "device_queued": -1, "device_end": -1, "host_queued_end": 1585405600.014086}, "device": "gpu", "nd_range": {"device_start": 1585405539.9203126, "device_end": 1585405539.9333444}, "cmdq": 1, "read": {"device_start": -1, "device_end": -1}}, "softmax23": {"write": {"device_start": -1, "host_queued_start": 1585405599.9882, "device_queued": -1, "device_end": -1, "host_queued_end": 1585405600.014086}, "device": "gpu", "nd_range": {"device_start": 1585405539.9052386, "device_end": 1585405539.9154637}, "cmdq": 0, "read": {"device_start": -1, "device_end": -1}}, "FFC_sans_bias37": {"write": {"device_start": 1585405539.850963, "host_queued_start": 1585405599.951505, "device_queued": 1585405539.8385108, "device_end": 1585405539.851074, "host_queued_end": 1585405600.014086}, "device": "gpu", "nd_range": {"device_start": 1585405539.8510816, "device_end": 1585405539.8643987}, "cmdq": 1, "read": {"device_start": -1, "device_end": -1}}, "empty62": {"write": {"device_start": 1585405539.8356838, "host_queued_start": 1585405599.922788, "device_queued": 1585405539.8353324, "device_end": 1585405539.8359523, "host_queued_end": 1585405600.014086}, "device": "gpu", "nd_range": {"device_start": 1585405539.835964, "device_end": 1585405539.8359685}, "cmdq": 0, "read": {"device_start": -1, "device_end": -1}}, "FFC_sans_bias70": {"write": {"device_start": 1585405539.947633, "host_queued_start": 1585405600.013849, "device_queued": 1585405539.8464682, "device_end": 1585405539.9477274, "host_queued_end": 1585405600.014086}, "device": "gpu", "nd_range": {"device_start": 1585405539.9477403, "device_end": 1585405539.960325}, "cmdq": 1, "read": {"device_start": 1585405539.96033, "device_end": 1585405539.9604461}}, "FFC_sans_bias58": {"write": {"device_start": -1, "host_queued_start": 1585405599.987635, "device_queued": -1, "device_end": -1, "host_queued_end": 1585405600.014086}, "device": "gpu", "nd_range": {"device_start": 1585405539.9052272, "device_end": 1585405539.915064}, "cmdq": 2, "read": {"device_start": -1, "device_end": -1}}, "softmax41": {"write": {"device_start": -1, "host_queued_start": 1585405599.988685, "device_queued": -1, "device_end": -1, "host_queued_end": 1585405600.014086}, "device": "gpu", "nd_range": {"device_start": 1585405539.9150743, "device_end": 1585405539.919579}, "cmdq": 2, "read": {"device_start": -1, "device_end": -1}}, "FFC_sans_bias11": {"write": {"device_start": -1, "host_queued_start": 1585405600.042975, "device_queued": -1, "device_end": -1, "host_queued_end": 1585405600.053046}, "device": "cpu", "nd_range": {"device_start": 2073374.3865894342, "device_end": 2073374.4432741592}, "cmdq": 1, "read": {"device_start": -1, "device_end": -1}}, "FFC_sans_bias10": {"write": {"device_start": -1, "host_queued_start": 1585405600.039484, "device_queued": -1, "device_end": -1, "host_queued_end": 1585405600.053046}, "device": "cpu", "nd_range": {"device_start": 2073374.4080716092, "device_end": 2073374.4673727972}, "cmdq": 0, "read": {"device_start": -1, "device_end": -1}}, "coalesced_transpose3": {"write": {"device_start": -1, "host_queued_start": 1585405600.043342, "device_queued": -1, "device_end": -1, "host_queued_end": 1585405600.053046}, "device": "cpu", "nd_range": {"device_start": 2073374.4675494311, "device_end": 2073374.4761329892}, "cmdq": 0, "read": {"device_start": -1, "device_end": -1}}, "FFC_sans_bias34": {"write": {"device_start": 1585405539.9335878, "host_queued_start": 1585405599.997824, "device_queued": 1585405539.8453753, "device_end": 1585405539.933681, "host_queued_end": 1585405600.014086}, "device": "gpu", "nd_range": {"device_start": 1585405539.9336917, "device_end": 1585405539.9470778}, "cmdq": 1, "read": {"device_start": 1585405539.9470787, "device_end": 1585405539.9471729}}, "FFC_sans_bias15": {"write": {"device_start": -1, "host_queued_start": 1585405600.045848, "device_queued": -1, "device_end": -1, "host_queued_end": 1585405600.053046}, "device": "cpu", "nd_range": {"device_start": 2073374.5329805322, "device_end": 2073374.596222429}, "cmdq": 1, "read": {"device_start": -1, "device_end": -1}}, "FFC_sans_bias31": {"write": {"device_start": -1, "host_queued_start": 1585405599.986691, "device_queued": -1, "device_end": -1, "host_queued_end": 1585405600.014086}, "device": "gpu", "nd_range": {"device_start": 1585405539.898303, "device_end": 1585405539.9085164}, "cmdq": 3, "read": {"device_start": -1, "device_end": -1}}, "FFC_sans_bias16": {"write": {"device_start": -1, "host_queued_start": 1585405600.052988, "device_queued": -1, "device_end": -1, "host_queued_end": 1585405600.053046}, "device": "cpu", "nd_range": {"device_start": 2073374.596420624, "device_end": 2073374.685459122}, "cmdq": 1, "read": {"device_start": -1, "device_end": -1}}, "FFC_sans_bias19": {"write": {"device_start": 1585405539.836588, "host_queued_start": 1585405599.931488, "device_queued": 1585405539.836244, "device_end": 1585405539.8366888, "host_queued_end": 1585405600.014086}, "device": "gpu", "nd_range": {"device_start": 1585405539.8367267, "device_end": 1585405539.8435318}, "cmdq": 3, "read": {"device_start": -1, "device_end": -1}}, "FFC_sans_bias18": {"write": {"device_start": 1585405539.836289, "host_queued_start": 1585405599.928183, "device_queued": 1585405539.835976, "device_end": 1585405539.8365211, "host_queued_end": 1585405600.014086}, "device": "gpu", "nd_range": {"device_start": 1585405539.8365557, "device_end": 1585405539.8399208}, "cmdq": 2, "read": {"device_start": -1, "device_end": -1}}, "coalesced_transpose30": {"write": {"device_start": -1, "host_queued_start": 1585405599.984847, "device_queued": -1, "device_end": -1, "host_queued_end": 1585405600.014086}, "device": "gpu", "nd_range": {"device_start": 1585405539.8911827, "device_end": 1585405539.8981187}, "cmdq": 1, "read": {"device_start": -1, "device_end": -1}}, "FFC_sans_bias69": {"write": {"device_start": -1, "host_queued_start": 1585405599.991295, "device_queued": -1, "device_end": -1, "host_queued_end": 1585405600.014086}, "device": "gpu", "nd_range": {"device_start": 1585405539.9266763, "device_end": 1585405539.9400125}, "cmdq": 3, "read": {"device_start": -1, "device_end": -1}}, "FFC_sans_bias38": {"write": {"device_start": 1585405539.8541584, "host_queued_start": 1585405599.954801, "device_queued": 1585405539.8387246, "device_end": 1585405539.8542545, "host_queued_end": 1585405600.014086}, "device": "gpu", "nd_range": {"device_start": 1585405539.8542593, "device_end": 1585405539.8679862}, "cmdq": 2, "read": {"device_start": -1, "device_end": -1}}, "coalesced_transpose57": {"write": {"device_start": -1, "host_queued_start": 1585405599.985751, "device_queued": -1, "device_end": -1, "host_queued_end": 1585405600.014086}, "device": "gpu", "nd_range": {"device_start": 1585405539.8980594, "device_end": 1585405539.8981442}, "cmdq": 0, "read": {"device_start": -1, "device_end": -1}}, "empty26": {"write": {"device_start": 1585405539.8343115, "host_queued_start": 1585405599.911396, "device_queued": 1585405539.833991, "device_end": 1585405539.8344295, "host_queued_end": 1585405600.014086}, "device": "gpu", "nd_range": {"device_start": 1585405539.8344767, "device_end": 1585405539.8344815}, "cmdq": 0, "read": {"device_start": -1, "device_end": -1}}, "coalesced_transpose12": {"write": {"device_start": -1, "host_queued_start": 1585405600.043682, "device_queued": -1, "device_end": -1, "host_queued_end": 1585405600.053046}, "device": "cpu", "nd_range": {"device_start": 2073374.467543109, "device_end": 2073374.4682077572}, "cmdq": 1, "read": {"device_start": -1, "device_end": -1}}, "empty44": {"write": {"device_start": 1585405539.8350515, "host_queued_start": 1585405599.917485, "device_queued": 1585405539.8346584, "device_end": 1585405539.8352823, "host_queued_end": 1585405600.014086}, "device": "gpu", "nd_range": {"device_start": 1585405539.8352876, "device_end": 1585405539.8352923}, "cmdq": 2, "read": {"device_start": -1, "device_end": -1}}, "coalesced_transpose21": {"write": {"device_start": -1, "host_queued_start": 1585405599.984544, "device_queued": -1, "device_end": -1, "host_queued_end": 1585405600.014086}, "device": "gpu", "nd_range": {"device_start": 1585405539.8877795, "device_end": 1585405539.8980584}, "cmdq": 0, "read": {"device_start": -1, "device_end": -1}}, "FFC_sans_bias36": {"write": {"device_start": 1585405539.8473675, "host_queued_start": 1585405599.948221, "device_queued": 1585405539.8379028, "device_end": 1585405539.8474848, "host_queued_end": 1585405600.014086}, "device": "gpu", "nd_range": {"device_start": 1585405539.8477805, "device_end": 1585405539.8608925}, "cmdq": 0, "read": {"device_start": -1, "device_end": -1}}, "softmax14": {"write": {"device_start": -1, "host_queued_start": 1585405600.045008, "device_queued": -1, "device_end": -1, "host_queued_end": 1585405600.053046}, "device": "cpu", "nd_range": {"device_start": 2073374.5196583292, "device_end": 2073374.5327877451}, "cmdq": 1, "read": {"device_start": -1, "device_end": -1}}, "FFC_sans_bias13": {"write": {"device_start": -1, "host_queued_start": 1585405600.044417, "device_queued": -1, "device_end": -1, "host_queued_end": 1585405600.053046}, "device": "cpu", "nd_range": {"device_start": 2073374.4682248482, "device_end": 2073374.5196415712}, "cmdq": 1, "read": {"device_start": -1, "device_end": -1}}, "empty8": {"write": {"device_start": -1, "host_queued_start": 1585405600.018391, "device_queued": -1, "device_end": -1, "host_queued_end": 1585405600.053046}, "device": "cpu", "nd_range": {"device_start": 2073374.2426105822, "device_end": 2073374.2426231971}, "cmdq": 0, "read": {"device_start": -1, "device_end": -1}}, "FFC_sans_bias42": {"write": {"device_start": -1, "host_queued_start": 1585405599.990347, "device_queued": -1, "device_end": -1, "host_queued_end": 1585405600.014086}, "device": "gpu", "nd_range": {"device_start": 1585405539.9196088, "device_end": 1585405539.9300175}, "cmdq": 0, "read": {"device_start": -1, "device_end": -1}}, "FFC_sans_bias43": {"write": {"device_start": 1585405539.9370732, "host_queued_start": 1585405600.001148, "device_queued": 1585405539.845504, "device_end": 1585405539.9371665, "host_queued_end": 1585405600.014086}, "device": "gpu", "nd_range": {"device_start": 1585405539.9371798, "device_end": 1585405539.9503436}, "cmdq": 2, "read": {"device_start": 1585405539.9503493, "device_end": 1585405539.950439}}, "FFC_sans_bias40": {"write": {"device_start": -1, "host_queued_start": 1585405599.987005, "device_queued": -1, "device_end": -1, "host_queued_end": 1585405600.014086}, "device": "gpu", "nd_range": {"device_start": 1585405539.8982716, "device_end": 1585405539.901864}, "cmdq": 0, "read": {"device_start": -1, "device_end": -1}}, "softmax32": {"write": {"device_start": -1, "host_queued_start": 1585405599.988444, "device_queued": -1, "device_end": -1, "host_queued_end": 1585405600.014086}, "device": "gpu", "nd_range": {"device_start": 1585405539.9116907, "device_end": 1585405539.9195657}, "cmdq": 1, "read": {"device_start": -1, "device_end": -1}}, "FFC_sans_bias47": {"write": {"device_start": 1585405539.8647103, "host_queued_start": 1585405599.964608, "device_queued": 1585405539.8396125, "device_end": 1585405539.8648183, "host_queued_end": 1585405600.014086}, "device": "gpu", "nd_range": {"device_start": 1585405539.864827, "device_end": 1585405539.8780391}, "cmdq": 1, "read": {"device_start": -1, "device_end": -1}}, "FFC_sans_bias45": {"write": {"device_start": 1585405539.8576205, "host_queued_start": 1585405599.958047, "device_queued": 1585405539.8388631, "device_end": 1585405539.8577292, "host_queued_end": 1585405600.014086}, "device": "gpu", "nd_range": {"device_start": 1585405539.8577383, "device_end": 1585405539.8714592}, "cmdq": 3, "read": {"device_start": -1, "device_end": -1}}, "softmax50": {"write": {"device_start": -1, "host_queued_start": 1585405599.988934, "device_queued": -1, "device_end": -1, "host_queued_end": 1585405600.014086}, "device": "gpu", "nd_range": {"device_start": 1585405539.9185655, "device_end": 1585405539.9195602}, "cmdq": 3, "read": {"device_start": -1, "device_end": -1}}, "FFC_sans_bias33": {"write": {"device_start": -1, "host_queued_start": 1585405599.990033, "device_queued": -1, "device_end": -1, "host_queued_end": 1585405600.014086}, "device": "gpu", "nd_range": {"device_start": 1585405539.919598, "device_end": 1585405539.9266675}, "cmdq": 3, "read": {"device_start": -1, "device_end": -1}}, "FFC_sans_bias63": {"write": {"device_start": 1585405539.884908, "host_queued_start": 1585405599.984205, "device_queued": 1585405539.8416293, "device_end": 1585405539.8850024, "host_queued_end": 1585405600.014086}, "device": "gpu", "nd_range": {"device_start": 1585405539.8850112, "device_end": 1585405539.8982508}, "cmdq": 3, "read": {"device_start": -1, "device_end": -1}}, "FFC_sans_bias49": {"write": {"device_start": -1, "host_queued_start": 1585405599.987322, "device_queued": -1, "device_end": -1, "host_queued_end": 1585405600.014086}, "device": "gpu", "nd_range": {"device_start": 1585405539.8983178, "device_end": 1585405539.91168}, "cmdq": 1, "read": {"device_start": -1, "device_end": -1}}, "FFC_sans_bias64": {"write": {"device_start": 1585405539.8783257, "host_queued_start": 1585405599.9777, "device_queued": 1585405539.841376, "device_end": 1585405539.8784206, "host_queued_end": 1585405600.014086}, "device": "gpu", "nd_range": {"device_start": 1585405539.878428, "device_end": 1585405539.8911786}, "cmdq": 1, "read": {"device_start": -1, "device_end": -1}}, "FFC_sans_bias65": {"write": {"device_start": 1585405539.8816392, "host_queued_start": 1585405599.980959, "device_queued": 1585405539.8415039, "device_end": 1585405539.8817363, "host_queued_end": 1585405600.014086}, "device": "gpu", "nd_range": {"device_start": 1585405539.8817406, "device_end": 1585405539.8947544}, "cmdq": 2, "read": {"device_start": -1, "device_end": -1}}, "FFC_sans_bias67": {"write": {"device_start": -1, "host_queued_start": 1585405599.987949, "device_queued": -1, "device_end": -1, "host_queued_end": 1585405600.014086}, "device": "gpu", "nd_range": {"device_start": 1585405539.9085271, "device_end": 1585405539.9185562}, "cmdq": 3, "read": {"device_start": -1, "device_end": -1}}, "FFC_sans_bias24": {"write": {"device_start": -1, "host_queued_start": 1585405599.989724, "device_queued": -1, "device_end": -1, "host_queued_end": 1585405600.014086}, "device": "gpu", "nd_range": {"device_start": 1585405539.9195879, "device_end": 1585405539.9231064}, "cmdq": 2, "read": {"device_start": -1, "device_end": -1}}, "FFC_sans_bias25": {"write": {"device_start": 1585405539.9302747, "host_queued_start": 1585405599.994546, "device_queued": 1585405539.8451192, "device_end": 1585405539.930369, "host_queued_end": 1585405600.014086}, "device": "gpu", "nd_range": {"device_start": 1585405539.930381, "device_end": 1585405539.9435725}, "cmdq": 0, "read": {"device_start": 1585405539.9435775, "device_end": 1585405539.9436665}}, "FFC_sans_bias27": {"write": {"device_start": 1585405539.8384554, "host_queued_start": 1585405599.938128, "device_queued": 1585405539.8371134, "device_end": 1585405539.8385787, "host_queued_end": 1585405600.014086}, "device": "gpu", "nd_range": {"device_start": 1585405539.8385904, "device_end": 1585405539.8506198}, "cmdq": 1, "read": {"device_start": -1, "device_end": -1}}, "FFC_sans_bias20": {"write": {"device_start": 1585405539.8381317, "host_queued_start": 1585405599.934837, "device_queued": 1585405539.836841, "device_end": 1585405539.8384402, "host_queued_end": 1585405600.014086}, "device": "gpu", "nd_range": {"device_start": 1585405539.8384464, "device_end": 1585405539.8470204}, "cmdq": 0, "read": {"device_start": -1, "device_end": -1}}, "FFC_sans_bias22": {"write": {"device_start": -1, "host_queued_start": 1585405599.986367, "device_queued": -1, "device_end": -1, "host_queued_end": 1585405600.014086}, "device": "gpu", "nd_range": {"device_start": 1585405539.898289, "device_end": 1585405539.9052172}, "cmdq": 2, "read": {"device_start": -1, "device_end": -1}}, "softmax68": {"write": {"device_start": -1, "host_queued_start": 1585405599.989413, "device_queued": -1, "device_end": -1, "host_queued_end": 1585405600.014086}, "device": "gpu", "nd_range": {"device_start": 1585405539.9195757, "device_end": 1585405539.9203026}, "cmdq": 1, "read": {"device_start": -1, "device_end": -1}}, "softmax5": {"write": {"device_start": -1, "host_queued_start": 1585405600.044713, "device_queued": -1, "device_end": -1, "host_queued_end": 1585405600.053046}, "device": "cpu", "nd_range": {"device_start": 2073374.563970036, "device_end": 2073374.5649090332}, "cmdq": 0, "read": {"device_start": -1, "device_end": -1}}, "FFC_sans_bias28": {"write": {"device_start": 1585405539.8404415, "host_queued_start": 1585405599.941626, "device_queued": 1585405539.8372371, "device_end": 1585405539.840671, "host_queued_end": 1585405600.014086}, "device": "gpu", "nd_range": {"device_start": 1585405539.8406765, "device_end": 1585405539.8537967}, "cmdq": 2, "read": {"device_start": -1, "device_end": -1}}, "FFC_sans_bias29": {"write": {"device_start": 1585405539.8439019, "host_queued_start": 1585405599.944931, "device_queued": 1585405539.8373682, "device_end": 1585405539.8440099, "host_queued_end": 1585405600.014086}, "device": "gpu", "nd_range": {"device_start": 1585405539.8440142, "device_end": 1585405539.8573027}, "cmdq": 3, "read": {"device_start": -1, "device_end": -1}}, "empty17": {"write": {"device_start": -1, "host_queued_start": 1585405600.021964, "device_queued": -1, "device_end": -1, "host_queued_end": 1585405600.053046}, "device": "cpu", "nd_range": {"device_start": 2073374.242610645, "device_end": 2073374.2426230651}, "cmdq": 1, "read": {"device_start": -1, "device_end": -1}}, "softmax59": {"write": {"device_start": -1, "host_queued_start": 1585405599.989173, "device_queued": -1, "device_end": -1, "host_queued_end": 1585405600.014086}, "device": "gpu", "nd_range": {"device_start": 1585405539.915473, "device_end": 1585405539.9195633}, "cmdq": 0, "read": {"device_start": -1, "device_end": -1}}, "empty71": {"write": {"device_start": 1585405539.8359869, "host_queued_start": 1585405599.925362, "device_queued": 1585405539.8356333, "device_end": 1585405539.8362257, "host_queued_end": 1585405600.014086}, "device": "gpu", "nd_range": {"device_start": 1585405539.836283, "device_end": 1585405539.8362892}, "cmdq": 1, "read": {"device_start": -1, "device_end": -1}}, "empty35": {"write": {"device_start": 1585405539.8347347, "host_queued_start": 1585405599.91486, "device_queued": 1585405539.83445, "device_end": 1585405539.8349845, "host_queued_end": 1585405600.014086}, "device": "gpu", "nd_range": {"device_start": 1585405539.8350506, "device_end": 1585405539.8350706}, "cmdq": 1, "read": {"device_start": -1, "device_end": -1}}, "empty53": {"write": {"device_start": 1585405539.8353705, "host_queued_start": 1585405599.920125, "device_queued": 1585405539.835006, "device_end": 1585405539.8356123, "host_queued_end": 1585405600.014086}, "device": "gpu", "nd_range": {"device_start": 1585405539.8356228, "device_end": 1585405539.8356264}, "cmdq": 3, "read": {"device_start": -1, "device_end": -1}}, "FFC_sans_bias46": {"write": {"device_start": 1585405539.8612454, "host_queued_start": 1585405599.96133, "device_queued": 1585405539.8393524, "device_end": 1585405539.861347, "host_queued_end": 1585405600.014086}, "device": "gpu", "nd_range": {"device_start": 1585405539.8613539, "device_end": 1585405539.8749444}, "cmdq": 0, "read": {"device_start": -1, "device_end": -1}}, "coalesced_transpose66": {"write": {"device_start": -1, "host_queued_start": 1585405599.98605, "device_queued": -1, "device_end": -1, "host_queued_end": 1585405600.014086}, "device": "gpu", "nd_range": {"device_start": 1585405539.8981197, "device_end": 1585405539.8981597}, "cmdq": 1, "read": {"device_start": -1, "device_end": -1}}, "coalesced_transpose48": {"write": {"device_start": -1, "host_queued_start": 1585405599.985447, "device_queued": -1, "device_end": -1, "host_queued_end": 1585405600.014086}, "device": "gpu", "nd_range": {"device_start": 1585405539.898258, "device_end": 1585405539.8982923}, "cmdq": 3, "read": {"device_start": -1, "device_end": -1}}}