{"FFC_sans_bias60": {"write": {"device_start": -1, "host_queued_start": 1585405149.856063, "device_queued": -1, "device_end": -1, "host_queued_end": 1585405149.869574}, "device": "gpu", "nd_range": {"device_start": 1585405089.7707548, "device_end": 1585405089.7740903}, "cmdq": 0, "read": {"device_start": -1, "device_end": -1}}, "FFC_sans_bias4": {"write": {"device_start": -1, "host_queued_start": 1585405149.924455, "device_queued": -1, "device_end": -1, "host_queued_end": 1585405149.94104}, "device": "cpu", "nd_range": {"device_start": 2072924.501361794, "device_end": 2072924.6310791431}, "cmdq": 0, "read": {"device_start": -1, "device_end": -1}}, "FFC_sans_bias7": {"write": {"device_start": -1, "host_queued_start": 1585405149.931347, "device_queued": -1, "device_end": -1, "host_queued_end": 1585405149.94104}, "device": "cpu", "nd_range": {"device_start": 2072924.8309165242, "device_end": 2072924.895997314}, "cmdq": 2, "read": {"device_start": -1, "device_end": -1}}, "FFC_sans_bias6": {"write": {"device_start": -1, "host_queued_start": 1585405149.927041, "device_queued": -1, "device_end": -1, "host_queued_end": 1585405149.94104}, "device": "cpu", "nd_range": {"device_start": 2072924.754643114, "device_end": 2072924.8306902652}, "cmdq": 3, "read": {"device_start": -1, "device_end": -1}}, "FFC_sans_bias1": {"write": {"device_start": -1, "host_queued_start": 1585405149.888421, "device_queued": -1, "device_end": -1, "host_queued_end": 1585405149.94104}, "device": "cpu", "nd_range": {"device_start": 2072924.1306829692, "device_end": 2072924.2630389791}, "cmdq": 0, "read": {"device_start": -1, "device_end": -1}}, "FFC_sans_bias0": {"write": {"device_start": -1, "host_queued_start": 1585405149.884899, "device_queued": -1, "device_end": -1, "host_queued_end": 1585405149.94104}, "device": "cpu", "nd_range": {"device_start": 2072924.3773146211, "device_end": 2072924.4984723912}, "cmdq": 4, "read": {"device_start": -1, "device_end": -1}}, "FFC_sans_bias2": {"write": {"device_start": -1, "host_queued_start": 1585405149.891851, "device_queued": -1, "device_end": -1, "host_queued_end": 1585405149.94104}, "device": "cpu", "nd_range": {"device_start": 2072924.130682541, "device_end": 2072924.304684478}, "cmdq": 1, "read": {"device_start": -1, "device_end": -1}}, "FFC_sans_bias61": {"write": {"device_start": 1585405089.7856486, "host_queued_start": 1585405149.866188, "device_queued": 1585405089.7078378, "device_end": 1585405089.7857482, "host_queued_end": 1585405149.869574}, "device": "gpu", "nd_range": {"device_start": 1585405089.785753, "device_end": 1585405089.7890725}, "cmdq": 0, "read": {"device_start": 1585405089.789079, "device_end": 1585405089.7891748}}, "FFC_sans_bias52": {"write": {"device_start": 1585405089.7816708, "host_queued_start": 1585405149.862856, "device_queued": 1585405089.707573, "device_end": 1585405089.7817738, "host_queued_end": 1585405149.869574}, "device": "gpu", "nd_range": {"device_start": 1585405089.7817829, "device_end": 1585405089.7851043}, "cmdq": 0, "read": {"device_start": 1585405089.785109, "device_end": 1585405089.7852013}}, "FFC_sans_bias9": {"write": {"device_start": -1, "host_queued_start": 1585405149.895423, "device_queued": -1, "device_end": -1, "host_queued_end": 1585405149.94104}, "device": "cpu", "nd_range": {"device_start": 2072924.130725325, "device_end": 2072924.2945206652}, "cmdq": 2, "read": {"device_start": -1, "device_end": -1}}, "coalesced_transpose39": {"write": {"device_start": -1, "host_queued_start": 1585405149.851931, "device_queued": -1, "device_end": -1, "host_queued_end": 1585405149.869574}, "device": "gpu", "nd_range": {"device_start": 1585405089.7488863, "device_end": 1585405089.748904}, "cmdq": 0, "read": {"device_start": -1, "device_end": -1}}, "FFC_sans_bias55": {"write": {"device_start": 1585405089.7340703, "host_queued_start": 1585405149.841754, "device_queued": 1585405089.7045796, "device_end": 1585405089.7341688, "host_queued_end": 1585405149.869574}, "device": "gpu", "nd_range": {"device_start": 1585405089.734184, "device_end": 1585405089.7375267}, "cmdq": 0, "read": {"device_start": -1, "device_end": -1}}, "FFC_sans_bias54": {"write": {"device_start": 1585405089.7302833, "host_queued_start": 1585405149.838459, "device_queued": 1585405089.704358, "device_end": 1585405089.730393, "host_queued_end": 1585405149.869574}, "device": "gpu", "nd_range": {"device_start": 1585405089.7303953, "device_end": 1585405089.7337298}, "cmdq": 0, "read": {"device_start": -1, "device_end": -1}}, "FFC_sans_bias56": {"write": {"device_start": 1585405089.7264473, "host_queued_start": 1585405149.83521, "device_queued": 1585405089.704136, "device_end": 1585405089.726559, "host_queued_end": 1585405149.869574}, "device": "gpu", "nd_range": {"device_start": 1585405089.7265613, "device_end": 1585405089.7299197}, "cmdq": 0, "read": {"device_start": -1, "device_end": -1}}, "FFC_sans_bias51": {"write": {"device_start": -1, "host_queued_start": 1585405149.855742, "device_queued": -1, "device_end": -1, "host_queued_end": 1585405149.869574}, "device": "gpu", "nd_range": {"device_start": 1585405089.7674205, "device_end": 1585405089.7707536}, "cmdq": 0, "read": {"device_start": -1, "device_end": -1}}, "softmax23": {"write": {"device_start": -1, "host_queued_start": 1585405149.926359, "device_queued": -1, "device_end": -1, "host_queued_end": 1585405149.94104}, "device": "cpu", "nd_range": {"device_start": 2072924.6609336361, "device_end": 2072924.661862401}, "cmdq": 1, "read": {"device_start": -1, "device_end": -1}}, "FFC_sans_bias37": {"write": {"device_start": 1585405089.7074666, "host_queued_start": 1585405149.818373, "device_queued": 1585405089.7028637, "device_end": 1585405089.707563, "host_queued_end": 1585405149.869574}, "device": "gpu", "nd_range": {"device_start": 1585405089.7075665, "device_end": 1585405089.7109091}, "cmdq": 0, "read": {"device_start": -1, "device_end": -1}}, "empty62": {"write": {"device_start": 1585405089.7030125, "host_queued_start": 1585405149.80962, "device_queued": 1585405089.7022655, "device_end": 1585405089.7031066, "host_queued_end": 1585405149.869574}, "device": "gpu", "nd_range": {"device_start": 1585405089.7031217, "device_end": 1585405089.703125}, "cmdq": 0, "read": {"device_start": -1, "device_end": -1}}, "FFC_sans_bias70": {"write": {"device_start": 1585405089.7896085, "host_queued_start": 1585405149.869462, "device_queued": 1585405089.7081118, "device_end": 1585405089.7897086, "host_queued_end": 1585405149.869574}, "device": "gpu", "nd_range": {"device_start": 1585405089.7897167, "device_end": 1585405089.7930448}, "cmdq": 0, "read": {"device_start": 1585405089.793051, "device_end": 1585405089.7931402}}, "FFC_sans_bias58": {"write": {"device_start": -1, "host_queued_start": 1585405149.853813, "device_queued": -1, "device_end": -1, "host_queued_end": 1585405149.869574}, "device": "gpu", "nd_range": {"device_start": 1585405089.7556994, "device_end": 1585405089.7590618}, "cmdq": 0, "read": {"device_start": -1, "device_end": -1}}, "softmax41": {"write": {"device_start": -1, "host_queued_start": 1585405149.854372, "device_queued": -1, "device_end": -1, "host_queued_end": 1585405149.869574}, "device": "gpu", "nd_range": {"device_start": 1585405089.762411, "device_end": 1585405089.7628326}, "cmdq": 0, "read": {"device_start": -1, "device_end": -1}}, "FFC_sans_bias11": {"write": {"device_start": -1, "host_queued_start": 1585405149.902324, "device_queued": -1, "device_end": -1, "host_queued_end": 1585405149.94104}, "device": "cpu", "nd_range": {"device_start": 2072924.499449724, "device_end": 2072924.6140373591}, "cmdq": 4, "read": {"device_start": -1, "device_end": -1}}, "FFC_sans_bias10": {"write": {"device_start": -1, "host_queued_start": 1585405149.898948, "device_queued": -1, "device_end": -1, "host_queued_end": 1585405149.94104}, "device": "cpu", "nd_range": {"device_start": 2072924.1309612081, "device_end": 2072924.2544917772}, "cmdq": 3, "read": {"device_start": -1, "device_end": -1}}, "coalesced_transpose3": {"write": {"device_start": -1, "host_queued_start": 1585405149.922972, "device_queued": -1, "device_end": -1, "host_queued_end": 1585405149.94104}, "device": "cpu", "nd_range": {"device_start": 2072924.4269553921, "device_end": 2072924.428094559}, "cmdq": 1, "read": {"device_start": -1, "device_end": -1}}, "FFC_sans_bias34": {"write": {"device_start": -1, "host_queued_start": 1585405149.940985, "device_queued": -1, "device_end": -1, "host_queued_end": 1585405149.94104}, "device": "cpu", "nd_range": {"device_start": 2072924.9307340272, "device_end": 2072924.9892329571}, "cmdq": 0, "read": {"device_start": -1, "device_end": -1}}, "FFC_sans_bias15": {"write": {"device_start": -1, "host_queued_start": 1585405149.927404, "device_queued": -1, "device_end": -1, "host_queued_end": 1585405149.94104}, "device": "cpu", "nd_range": {"device_start": 2072924.6837230031, "device_end": 2072924.8478834191}, "cmdq": 4, "read": {"device_start": -1, "device_end": -1}}, "FFC_sans_bias31": {"write": {"device_start": -1, "host_queued_start": 1585405149.925515, "device_queued": -1, "device_end": -1, "host_queued_end": 1585405149.94104}, "device": "cpu", "nd_range": {"device_start": 2072924.698986384, "device_end": 2072924.754409664}, "cmdq": 3, "read": {"device_start": -1, "device_end": -1}}, "FFC_sans_bias16": {"write": {"device_start": -1, "host_queued_start": 1585405149.934559, "device_queued": -1, "device_end": -1, "host_queued_end": 1585405149.94104}, "device": "cpu", "nd_range": {"device_start": 2072924.864402126, "device_end": 2072924.9858615692}, "cmdq": 3, "read": {"device_start": -1, "device_end": -1}}, "FFC_sans_bias19": {"write": {"device_start": -1, "host_queued_start": 1585405149.909203, "device_queued": -1, "device_end": -1, "host_queued_end": 1585405149.94104}, "device": "cpu", "nd_range": {"device_start": 2072924.3047050182, "device_end": 2072924.426934217}, "cmdq": 1, "read": {"device_start": -1, "device_end": -1}}, "FFC_sans_bias18": {"write": {"device_start": -1, "host_queued_start": 1585405149.905787, "device_queued": -1, "device_end": -1, "host_queued_end": 1585405149.94104}, "device": "cpu", "nd_range": {"device_start": 2072924.2632677872, "device_end": 2072924.392791592}, "cmdq": 0, "read": {"device_start": -1, "device_end": -1}}, "coalesced_transpose30": {"write": {"device_start": -1, "host_queued_start": 1585405149.924102, "device_queued": -1, "device_end": -1, "host_queued_end": 1585405149.94104}, "device": "cpu", "nd_range": {"device_start": 2072924.6816466972, "device_end": 2072924.682741465}, "cmdq": 4, "read": {"device_start": -1, "device_end": -1}}, "FFC_sans_bias69": {"write": {"device_start": -1, "host_queued_start": 1585405149.856372, "device_queued": -1, "device_end": -1, "host_queued_end": 1585405149.869574}, "device": "gpu", "nd_range": {"device_start": 1585405089.7740912, "device_end": 1585405089.777419}, "cmdq": 0, "read": {"device_start": -1, "device_end": -1}}, "FFC_sans_bias38": {"write": {"device_start": 1585405089.7112584, "host_queued_start": 1585405149.821701, "device_queued": 1585405089.7031262, "device_end": 1585405089.711354, "host_queued_end": 1585405149.869574}, "device": "gpu", "nd_range": {"device_start": 1585405089.7113574, "device_end": 1585405089.714784}, "cmdq": 0, "read": {"device_start": -1, "device_end": -1}}, "coalesced_transpose57": {"write": {"device_start": -1, "host_queued_start": 1585405149.852546, "device_queued": -1, "device_end": -1, "host_queued_end": 1585405149.869574}, "device": "gpu", "nd_range": {"device_start": 1585405089.7489245, "device_end": 1585405089.7489424}, "cmdq": 0, "read": {"device_start": -1, "device_end": -1}}, "empty26": {"write": {"device_start": -1, "host_queued_start": 1585405149.879212, "device_queued": -1, "device_end": -1, "host_queued_end": 1585405149.94104}, "device": "cpu", "nd_range": {"device_start": 2072924.1307017012, "device_end": 2072924.1307063412}, "cmdq": 2, "read": {"device_start": -1, "device_end": -1}}, "coalesced_transpose12": {"write": {"device_start": -1, "host_queued_start": 1585405149.923306, "device_queued": -1, "device_end": -1, "host_queued_end": 1585405149.94104}, "device": "cpu", "nd_range": {"device_start": 2072924.471276065, "device_end": 2072924.472923357}, "cmdq": 2, "read": {"device_start": -1, "device_end": -1}}, "empty44": {"write": {"device_start": 1585405089.702149, "host_queued_start": 1585405149.803602, "device_queued": 1585405089.7018113, "device_end": 1585405089.7022483, "host_queued_end": 1585405149.869574}, "device": "gpu", "nd_range": {"device_start": 1585405089.7022572, "device_end": 1585405089.7022617}, "cmdq": 0, "read": {"device_start": -1, "device_end": -1}}, "coalesced_transpose21": {"write": {"device_start": -1, "host_queued_start": 1585405149.923747, "device_queued": -1, "device_end": -1, "host_queued_end": 1585405149.94104}, "device": "cpu", "nd_range": {"device_start": 2072924.428108419, "device_end": 2072924.429209514}, "cmdq": 3, "read": {"device_start": -1, "device_end": -1}}, "FFC_sans_bias36": {"write": {"device_start": 1585405089.7037752, "host_queued_start": 1585405149.815091, "device_queued": 1585405089.7025542, "device_end": 1585405089.7038677, "host_queued_end": 1585405149.869574}, "device": "gpu", "nd_range": {"device_start": 1585405089.703876, "device_end": 1585405089.7071855}, "cmdq": 0, "read": {"device_start": -1, "device_end": -1}}, "softmax14": {"write": {"device_start": -1, "host_queued_start": 1585405149.926088, "device_queued": -1, "device_end": -1, "host_queued_end": 1585405149.94104}, "device": "cpu", "nd_range": {"device_start": 2072924.6312466282, "device_end": 2072924.6322043522}, "cmdq": 0, "read": {"device_start": -1, "device_end": -1}}, "FFC_sans_bias13": {"write": {"device_start": -1, "host_queued_start": 1585405149.92482, "device_queued": -1, "device_end": -1, "host_queued_end": 1585405149.94104}, "device": "cpu", "nd_range": {"device_start": 2072924.498041301, "device_end": 2072924.6244484382}, "cmdq": 1, "read": {"device_start": -1, "device_end": -1}}, "empty8": {"write": {"device_start": -1, "host_queued_start": 1585405149.873566, "device_queued": -1, "device_end": -1, "host_queued_end": 1585405149.94104}, "device": "cpu", "nd_range": {"device_start": 2072924.1306474742, "device_end": 2072924.130658108}, "cmdq": 0, "read": {"device_start": -1, "device_end": -1}}, "FFC_sans_bias42": {"write": {"device_start": -1, "host_queued_start": 1585405149.855422, "device_queued": -1, "device_end": -1, "host_queued_end": 1585405149.869574}, "device": "gpu", "nd_range": {"device_start": 1585405089.7640975, "device_end": 1585405089.7674196}, "cmdq": 0, "read": {"device_start": -1, "device_end": -1}}, "FFC_sans_bias43": {"write": {"device_start": 1585405089.7776885, "host_queued_start": 1585405149.859561, "device_queued": 1585405089.7071795, "device_end": 1585405089.7777853, "host_queued_end": 1585405149.869574}, "device": "gpu", "nd_range": {"device_start": 1585405089.7777934, "device_end": 1585405089.7811253}, "cmdq": 0, "read": {"device_start": 1585405089.781127, "device_end": 1585405089.7812223}}, "FFC_sans_bias40": {"write": {"device_start": -1, "host_queued_start": 1585405149.85317, "device_queued": -1, "device_end": -1, "host_queued_end": 1585405149.869574}, "device": "gpu", "nd_range": {"device_start": 1585405089.7489634, "device_end": 1585405089.752322}, "cmdq": 0, "read": {"device_start": -1, "device_end": -1}}, "softmax32": {"write": {"device_start": -1, "host_queued_start": 1585405149.926682, "device_queued": -1, "device_end": -1, "host_queued_end": 1585405149.94104}, "device": "cpu", "nd_range": {"device_start": 2072924.7620060581, "device_end": 2072924.762955584}, "cmdq": 2, "read": {"device_start": -1, "device_end": -1}}, "FFC_sans_bias47": {"write": {"device_start": 1585405089.7226274, "host_queued_start": 1585405149.831738, "device_queued": 1585405089.7039106, "device_end": 1585405089.7227235, "host_queued_end": 1585405149.869574}, "device": "gpu", "nd_range": {"device_start": 1585405089.7227278, "device_end": 1585405089.7260673}, "cmdq": 0, "read": {"device_start": -1, "device_end": -1}}, "FFC_sans_bias45": {"write": {"device_start": 1585405089.715077, "host_queued_start": 1585405149.825059, "device_queued": 1585405089.7033935, "device_end": 1585405089.71517, "host_queued_end": 1585405149.869574}, "device": "gpu", "nd_range": {"device_start": 1585405089.7151768, "device_end": 1585405089.7185104}, "cmdq": 0, "read": {"device_start": -1, "device_end": -1}}, "softmax50": {"write": {"device_start": -1, "host_queued_start": 1585405149.854624, "device_queued": -1, "device_end": -1, "host_queued_end": 1585405149.869574}, "device": "gpu", "nd_range": {"device_start": 1585405089.7628338, "device_end": 1585405089.7632537}, "cmdq": 0, "read": {"device_start": -1, "device_end": -1}}, "FFC_sans_bias33": {"write": {"device_start": -1, "host_queued_start": 1585405149.928102, "device_queued": -1, "device_end": -1, "host_queued_end": 1585405149.94104}, "device": "cpu", "nd_range": {"device_start": 2072924.7629755132, "device_end": 2072924.9079958291}, "cmdq": 1, "read": {"device_start": -1, "device_end": -1}}, "FFC_sans_bias63": {"write": {"device_start": 1585405089.7454364, "host_queued_start": 1585405149.851592, "device_queued": 1585405089.7052476, "device_end": 1585405089.7455356, "host_queued_end": 1585405149.869574}, "device": "gpu", "nd_range": {"device_start": 1585405089.7455437, "device_end": 1585405089.7488854}, "cmdq": 0, "read": {"device_start": -1, "device_end": -1}}, "FFC_sans_bias49": {"write": {"device_start": -1, "host_queued_start": 1585405149.853496, "device_queued": -1, "device_end": -1, "host_queued_end": 1585405149.869574}, "device": "gpu", "nd_range": {"device_start": 1585405089.7523234, "device_end": 1585405089.7556982}, "cmdq": 0, "read": {"device_start": -1, "device_end": -1}}, "FFC_sans_bias64": {"write": {"device_start": 1585405089.737868, "host_queued_start": 1585405149.845084, "device_queued": 1585405089.7048025, "device_end": 1585405089.7379684, "host_queued_end": 1585405149.869574}, "device": "gpu", "nd_range": {"device_start": 1585405089.737973, "device_end": 1585405089.7413077}, "cmdq": 0, "read": {"device_start": -1, "device_end": -1}}, "FFC_sans_bias65": {"write": {"device_start": 1585405089.7416527, "host_queued_start": 1585405149.84835, "device_queued": 1585405089.7050247, "device_end": 1585405089.7417498, "host_queued_end": 1585405149.869574}, "device": "gpu", "nd_range": {"device_start": 1585405089.7417526, "device_end": 1585405089.7450962}, "cmdq": 0, "read": {"device_start": -1, "device_end": -1}}, "FFC_sans_bias67": {"write": {"device_start": -1, "host_queued_start": 1585405149.854126, "device_queued": -1, "device_end": -1, "host_queued_end": 1585405149.869574}, "device": "gpu", "nd_range": {"device_start": 1585405089.7590628, "device_end": 1585405089.7624102}, "cmdq": 0, "read": {"device_start": -1, "device_end": -1}}, "FFC_sans_bias24": {"write": {"device_start": -1, "host_queued_start": 1585405149.927759, "device_queued": -1, "device_end": -1, "host_queued_end": 1585405149.94104}, "device": "cpu", "nd_range": {"device_start": 2072924.6618767271, "device_end": 2072924.76925451}, "cmdq": 0, "read": {"device_start": -1, "device_end": -1}}, "FFC_sans_bias25": {"write": {"device_start": -1, "host_queued_start": 1585405149.937763, "device_queued": -1, "device_end": -1, "host_queued_end": 1585405149.94104}, "device": "cpu", "nd_range": {"device_start": 2072924.847903358, "device_end": 2072924.956257895}, "cmdq": 4, "read": {"device_start": -1, "device_end": -1}}, "FFC_sans_bias27": {"write": {"device_start": -1, "host_queued_start": 1585405149.91602, "device_queued": -1, "device_end": -1, "host_queued_end": 1585405149.94104}, "device": "cpu", "nd_range": {"device_start": 2072924.254725313, "device_end": 2072924.3772961812}, "cmdq": 3, "read": {"device_start": -1, "device_end": -1}}, "FFC_sans_bias20": {"write": {"device_start": -1, "host_queued_start": 1585405149.912621, "device_queued": -1, "device_end": -1, "host_queued_end": 1585405149.94104}, "device": "cpu", "nd_range": {"device_start": 2072924.2945445841, "device_end": 2072924.4712580582}, "cmdq": 2, "read": {"device_start": -1, "device_end": -1}}, "FFC_sans_bias22": {"write": {"device_start": -1, "host_queued_start": 1585405149.925166, "device_queued": -1, "device_end": -1, "host_queued_end": 1585405149.94104}, "device": "cpu", "nd_range": {"device_start": 2072924.472937836, "device_end": 2072924.6590088042}, "cmdq": 2, "read": {"device_start": -1, "device_end": -1}}, "softmax68": {"write": {"device_start": -1, "host_queued_start": 1585405149.855116, "device_queued": -1, "device_end": -1, "host_queued_end": 1585405149.869574}, "device": "gpu", "nd_range": {"device_start": 1585405089.7636757, "device_end": 1585405089.7640958}, "cmdq": 0, "read": {"device_start": -1, "device_end": -1}}, "softmax5": {"write": {"device_start": -1, "host_queued_start": 1585405149.925812, "device_queued": -1, "device_end": -1, "host_queued_end": 1585405149.94104}, "device": "cpu", "nd_range": {"device_start": 2072924.6827562202, "device_end": 2072924.683713799}, "cmdq": 4, "read": {"device_start": -1, "device_end": -1}}, "FFC_sans_bias28": {"write": {"device_start": -1, "host_queued_start": 1585405149.919305, "device_queued": -1, "device_end": -1, "host_queued_end": 1585405149.94104}, "device": "cpu", "nd_range": {"device_start": 2072924.6140516512, "device_end": 2072924.6816345681}, "cmdq": 4, "read": {"device_start": -1, "device_end": -1}}, "FFC_sans_bias29": {"write": {"device_start": -1, "host_queued_start": 1585405149.922606, "device_queued": -1, "device_end": -1, "host_queued_end": 1585405149.94104}, "device": "cpu", "nd_range": {"device_start": 2072924.392990861, "device_end": 2072924.501207967}, "cmdq": 0, "read": {"device_start": -1, "device_end": -1}}, "empty17": {"write": {"device_start": -1, "host_queued_start": 1585405149.876532, "device_queued": -1, "device_end": -1, "host_queued_end": 1585405149.94104}, "device": "cpu", "nd_range": {"device_start": 2072924.1306471801, "device_end": 2072924.1306581122}, "cmdq": 1, "read": {"device_start": -1, "device_end": -1}}, "softmax59": {"write": {"device_start": -1, "host_queued_start": 1585405149.85487, "device_queued": -1, "device_end": -1, "host_queued_end": 1585405149.869574}, "device": "gpu", "nd_range": {"device_start": 1585405089.7632546, "device_end": 1585405089.7636747}, "cmdq": 0, "read": {"device_start": -1, "device_end": -1}}, "empty71": {"write": {"device_start": 1585405089.7033882, "host_queued_start": 1585405149.81227, "device_queued": 1585405089.7024217, "device_end": 1585405089.703482, "host_queued_end": 1585405149.869574}, "device": "gpu", "nd_range": {"device_start": 1585405089.703487, "device_end": 1585405089.7034898}, "cmdq": 0, "read": {"device_start": -1, "device_end": -1}}, "empty35": {"write": {"device_start": -1, "host_queued_start": 1585405149.881994, "device_queued": -1, "device_end": -1, "host_queued_end": 1585405149.94104}, "device": "cpu", "nd_range": {"device_start": 2072924.130923032, "device_end": 2072924.130926643}, "cmdq": 3, "read": {"device_start": -1, "device_end": -1}}, "empty53": {"write": {"device_start": 1585405089.7025974, "host_queued_start": 1585405149.806999, "device_queued": 1585405089.7020383, "device_end": 1585405089.7026927, "host_queued_end": 1585405149.869574}, "device": "gpu", "nd_range": {"device_start": 1585405089.7027013, "device_end": 1585405089.7027047}, "cmdq": 0, "read": {"device_start": -1, "device_end": -1}}, "FFC_sans_bias46": {"write": {"device_start": 1585405089.7188513, "host_queued_start": 1585405149.828385, "device_queued": 1585405089.7036557, "device_end": 1585405089.718949, "host_queued_end": 1585405149.869574}, "device": "gpu", "nd_range": {"device_start": 1585405089.718952, "device_end": 1585405089.722302}, "cmdq": 0, "read": {"device_start": -1, "device_end": -1}}, "coalesced_transpose66": {"write": {"device_start": -1, "host_queued_start": 1585405149.852847, "device_queued": -1, "device_end": -1, "host_queued_end": 1585405149.869574}, "device": "gpu", "nd_range": {"device_start": 1585405089.748943, "device_end": 1585405089.7489617}, "cmdq": 0, "read": {"device_start": -1, "device_end": -1}}, "coalesced_transpose48": {"write": {"device_start": -1, "host_queued_start": 1585405149.852239, "device_queued": -1, "device_end": -1, "host_queued_end": 1585405149.869574}, "device": "gpu", "nd_range": {"device_start": 1585405089.7489057, "device_end": 1585405089.7489235}, "cmdq": 0, "read": {"device_start": -1, "device_end": -1}}}