{"FFC_sans_bias60": {"write": {"device_start": -1, "host_queued_start": 1585405275.228906, "device_queued": -1, "device_end": -1, "host_queued_end": 1585405275.251576}, "device": "cpu", "nd_range": {"device_start": 2073050.6120763451, "device_end": 2073050.705158479}, "cmdq": 1, "read": {"device_start": -1, "device_end": -1}}, "FFC_sans_bias4": {"write": {"device_start": -1, "host_queued_start": 1585405275.222274, "device_queued": -1, "device_end": -1, "host_queued_end": 1585405275.251576}, "device": "cpu", "nd_range": {"device_start": 2073050.1465958182, "device_end": 2073050.232333956}, "cmdq": 2, "read": {"device_start": -1, "device_end": -1}}, "FFC_sans_bias7": {"write": {"device_start": -1, "host_queued_start": 1585405275.232164, "device_queued": -1, "device_end": -1, "host_queued_end": 1585405275.251576}, "device": "cpu", "nd_range": {"device_start": 2073050.7058616392, "device_end": 2073050.825010027}, "cmdq": 2, "read": {"device_start": -1, "device_end": -1}}, "FFC_sans_bias6": {"write": {"device_start": -1, "host_queued_start": 1585405275.226819, "device_queued": -1, "device_end": -1, "host_queued_end": 1585405275.251576}, "device": "cpu", "nd_range": {"device_start": 2073050.437467996, "device_end": 2073050.518652141}, "cmdq": 1, "read": {"device_start": -1, "device_end": -1}}, "FFC_sans_bias1": {"write": {"device_start": -1, "host_queued_start": 1585405275.156837, "device_queued": -1, "device_end": -1, "host_queued_end": 1585405275.251576}, "device": "cpu", "nd_range": {"device_start": 2073049.4412446702, "device_end": 2073049.5644378702}, "cmdq": 2, "read": {"device_start": -1, "device_end": -1}}, "FFC_sans_bias0": {"write": {"device_start": -1, "host_queued_start": 1585405275.153403, "device_queued": -1, "device_end": -1, "host_queued_end": 1585405275.251576}, "device": "cpu", "nd_range": {"device_start": 2073049.4412676832, "device_end": 2073049.5030484402}, "cmdq": 1, "read": {"device_start": -1, "device_end": -1}}, "FFC_sans_bias2": {"write": {"device_start": -1, "host_queued_start": 1585405275.160184, "device_queued": -1, "device_end": -1, "host_queued_end": 1585405275.251576}, "device": "cpu", "nd_range": {"device_start": 2073049.4412519252, "device_end": 2073049.5738041701}, "cmdq": 0, "read": {"device_start": -1, "device_end": -1}}, "FFC_sans_bias61": {"write": {"device_start": -1, "host_queued_start": 1585405275.251522, "device_queued": -1, "device_end": -1, "host_queued_end": 1585405275.251576}, "device": "cpu", "nd_range": {"device_start": 2073050.878593137, "device_end": 2073050.932798556}, "cmdq": 2, "read": {"device_start": -1, "device_end": -1}}, "FFC_sans_bias52": {"write": {"device_start": -1, "host_queued_start": 1585405275.248271, "device_queued": -1, "device_end": -1, "host_queued_end": 1585405275.251576}, "device": "cpu", "nd_range": {"device_start": 2073050.820929974, "device_end": 2073050.9146312482}, "cmdq": 1, "read": {"device_start": -1, "device_end": -1}}, "FFC_sans_bias9": {"write": {"device_start": -1, "host_queued_start": 1585405275.163486, "device_queued": -1, "device_end": -1, "host_queued_end": 1585405275.251576}, "device": "cpu", "nd_range": {"device_start": 2073049.503257598, "device_end": 2073049.6476024122}, "cmdq": 1, "read": {"device_start": -1, "device_end": -1}}, "coalesced_transpose39": {"write": {"device_start": -1, "host_queued_start": 1585405275.221266, "device_queued": -1, "device_end": -1, "host_queued_end": 1585405275.251576}, "device": "cpu", "nd_range": {"device_start": 2073050.1098304542, "device_end": 2073050.110919885}, "cmdq": 2, "read": {"device_start": -1, "device_end": -1}}, "FFC_sans_bias55": {"write": {"device_start": -1, "host_queued_start": 1585405275.219562, "device_queued": -1, "device_end": -1, "host_queued_end": 1585405275.251576}, "device": "cpu", "nd_range": {"device_start": 2073050.1451015212, "device_end": 2073050.214295326}, "cmdq": 0, "read": {"device_start": -1, "device_end": -1}}, "FFC_sans_bias54": {"write": {"device_start": -1, "host_queued_start": 1585405275.216282, "device_queued": -1, "device_end": -1, "host_queued_end": 1585405275.251576}, "device": "cpu", "nd_range": {"device_start": 2073049.9798001822, "device_end": 2073050.1067319992}, "cmdq": 2, "read": {"device_start": -1, "device_end": -1}}, "FFC_sans_bias56": {"write": {"device_start": -1, "host_queued_start": 1585405275.212995, "device_queued": -1, "device_end": -1, "host_queued_end": 1585405275.251576}, "device": "cpu", "nd_range": {"device_start": 2073050.0508467332, "device_end": 2073050.1433884592}, "cmdq": 1, "read": {"device_start": -1, "device_end": -1}}, "FFC_sans_bias51": {"write": {"device_start": -1, "host_queued_start": 1585405275.228564, "device_queued": -1, "device_end": -1, "host_queued_end": 1585405275.251576}, "device": "cpu", "nd_range": {"device_start": 2073050.5231824622, "device_end": 2073050.6408999572}, "cmdq": 0, "read": {"device_start": -1, "device_end": -1}}, "softmax23": {"write": {"device_start": -1, "host_queued_start": 1585405275.225328, "device_queued": -1, "device_end": -1, "host_queued_end": 1585405275.251576}, "device": "cpu", "nd_range": {"device_start": 2073050.4500960982, "device_end": 2073050.451039147}, "cmdq": 2, "read": {"device_start": -1, "device_end": -1}}, "FFC_sans_bias37": {"write": {"device_start": -1, "host_queued_start": 1585405275.196506, "device_queued": -1, "device_end": -1, "host_queued_end": 1585405275.251576}, "device": "cpu", "nd_range": {"device_start": 2073049.765580971, "device_end": 2073049.8678215551}, "cmdq": 2, "read": {"device_start": -1, "device_end": -1}}, "empty62": {"write": {"device_start": -1, "host_queued_start": 1585405275.150642, "device_queued": -1, "device_end": -1, "host_queued_end": 1585405275.251576}, "device": "cpu", "nd_range": {"device_start": 2073049.4412453761, "device_end": 2073049.441246075}, "cmdq": 0, "read": {"device_start": -1, "device_end": -1}}, "FFC_sans_bias70": {"write": {"device_start": 1585405214.9755254, "host_queued_start": 1585405275.130696, "device_queued": 1585405214.9612327, "device_end": 1585405214.9756308, "host_queued_end": 1585405275.130816}, "device": "gpu", "nd_range": {"device_start": 1585405214.978814, "device_end": 1585405214.9824133}, "cmdq": 0, "read": {"device_start": 1585405214.9824152, "device_end": 1585405214.982506}}, "FFC_sans_bias58": {"write": {"device_start": -1, "host_queued_start": 1585405275.224474, "device_queued": -1, "device_end": -1, "host_queued_end": 1585405275.251576}, "device": "cpu", "nd_range": {"device_start": 2073050.3675774871, "device_end": 2073050.449914935}, "cmdq": 2, "read": {"device_start": -1, "device_end": -1}}, "softmax41": {"write": {"device_start": -1, "host_queued_start": 1585405275.225893, "device_queued": -1, "device_end": -1, "host_queued_end": 1585405275.251576}, "device": "cpu", "nd_range": {"device_start": 2073050.436399151, "device_end": 2073050.437336716}, "cmdq": 1, "read": {"device_start": -1, "device_end": -1}}, "FFC_sans_bias11": {"write": {"device_start": -1, "host_queued_start": 1585405275.170111, "device_queued": -1, "device_end": -1, "host_queued_end": 1585405275.251576}, "device": "cpu", "nd_range": {"device_start": 2073049.573818121, "device_end": 2073049.7189419342}, "cmdq": 0, "read": {"device_start": -1, "device_end": -1}}, "FFC_sans_bias10": {"write": {"device_start": -1, "host_queued_start": 1585405275.166792, "device_queued": -1, "device_end": -1, "host_queued_end": 1585405275.251576}, "device": "cpu", "nd_range": {"device_start": 2073049.5646625652, "device_end": 2073049.620988625}, "cmdq": 2, "read": {"device_start": -1, "device_end": -1}}, "coalesced_transpose3": {"write": {"device_start": -1, "host_queued_start": 1585405275.219925, "device_queued": -1, "device_end": -1, "host_queued_end": 1585405275.251576}, "device": "cpu", "nd_range": {"device_start": 2073050.1435889811, "device_end": 2073050.145082825}, "cmdq": 1, "read": {"device_start": -1, "device_end": -1}}, "FFC_sans_bias34": {"write": {"device_start": -1, "host_queued_start": 1585405275.241821, "device_queued": -1, "device_end": -1, "host_queued_end": 1585405275.251576}, "device": "cpu", "nd_range": {"device_start": 2073050.8250289871, "device_end": 2073050.8785823332}, "cmdq": 2, "read": {"device_start": -1, "device_end": -1}}, "FFC_sans_bias15": {"write": {"device_start": -1, "host_queued_start": 1585405275.227168, "device_queued": -1, "device_end": -1, "host_queued_end": 1585405275.251576}, "device": "cpu", "nd_range": {"device_start": 2073050.452049876, "device_end": 2073050.59506623}, "cmdq": 2, "read": {"device_start": -1, "device_end": -1}}, "FFC_sans_bias31": {"write": {"device_start": -1, "host_queued_start": 1585405275.223413, "device_queued": -1, "device_end": -1, "host_queued_end": 1585405275.251576}, "device": "cpu", "nd_range": {"device_start": 2073050.2323592422, "device_end": 2073050.367560672}, "cmdq": 2, "read": {"device_start": -1, "device_end": -1}}, "FFC_sans_bias16": {"write": {"device_start": -1, "host_queued_start": 1585405275.235372, "device_queued": -1, "device_end": -1, "host_queued_end": 1585405275.251576}, "device": "cpu", "nd_range": {"device_start": 2073050.6411382372, "device_end": 2073050.7408939872}, "cmdq": 0, "read": {"device_start": -1, "device_end": -1}}, "FFC_sans_bias19": {"write": {"device_start": -1, "host_queued_start": 1585405275.176686, "device_queued": -1, "device_end": -1, "host_queued_end": 1585405275.251576}, "device": "cpu", "nd_range": {"device_start": 2073049.621197639, "device_end": 2073049.701334208}, "cmdq": 2, "read": {"device_start": -1, "device_end": -1}}, "FFC_sans_bias18": {"write": {"device_start": -1, "host_queued_start": 1585405275.173391, "device_queued": -1, "device_end": -1, "host_queued_end": 1585405275.251576}, "device": "cpu", "nd_range": {"device_start": 2073049.647619809, "device_end": 2073049.767425714}, "cmdq": 1, "read": {"device_start": -1, "device_end": -1}}, "coalesced_transpose30": {"write": {"device_start": -1, "host_queued_start": 1585405275.220928, "device_queued": -1, "device_end": -1, "host_queued_end": 1585405275.251576}, "device": "cpu", "nd_range": {"device_start": 2073050.145358019, "device_end": 2073050.1464600922}, "cmdq": 1, "read": {"device_start": -1, "device_end": -1}}, "FFC_sans_bias69": {"write": {"device_start": -1, "host_queued_start": 1585405275.127366, "device_queued": -1, "device_end": -1, "host_queued_end": 1585405275.130816}, "device": "gpu", "nd_range": {"device_start": 1585405214.9751956, "device_end": 1585405214.9788108}, "cmdq": 1, "read": {"device_start": -1, "device_end": -1}}, "FFC_sans_bias38": {"write": {"device_start": -1, "host_queued_start": 1585405275.199823, "device_queued": -1, "device_end": -1, "host_queued_end": 1585405275.251576}, "device": "cpu", "nd_range": {"device_start": 2073049.959155552, "device_end": 2073050.0581904952}, "cmdq": 0, "read": {"device_start": -1, "device_end": -1}}, "coalesced_transpose57": {"write": {"device_start": -1, "host_queued_start": 1585405275.221927, "device_queued": -1, "device_end": -1, "host_queued_end": 1585405275.251576}, "device": "cpu", "nd_range": {"device_start": 2073050.2156446262, "device_end": 2073050.22692259}, "cmdq": 1, "read": {"device_start": -1, "device_end": -1}}, "empty26": {"write": {"device_start": -1, "host_queued_start": 1585405275.140059, "device_queued": -1, "device_end": -1, "host_queued_end": 1585405275.251576}, "device": "cpu", "nd_range": {"device_start": 2073049.4412013032, "device_end": 2073049.4412155002}, "cmdq": 2, "read": {"device_start": -1, "device_end": -1}}, "coalesced_transpose12": {"write": {"device_start": -1, "host_queued_start": 1585405275.220262, "device_queued": -1, "device_end": -1, "host_queued_end": 1585405275.251576}, "device": "cpu", "nd_range": {"device_start": 2073050.1074216452, "device_end": 2073050.108530102}, "cmdq": 2, "read": {"device_start": -1, "device_end": -1}}, "empty44": {"write": {"device_start": -1, "host_queued_start": 1585405275.14528, "device_queued": -1, "device_end": -1, "host_queued_end": 1585405275.251576}, "device": "cpu", "nd_range": {"device_start": 2073049.441258935, "device_end": 2073049.4412599911}, "cmdq": 1, "read": {"device_start": -1, "device_end": -1}}, "coalesced_transpose21": {"write": {"device_start": -1, "host_queued_start": 1585405275.220595, "device_queued": -1, "device_end": -1, "host_queued_end": 1585405275.251576}, "device": "cpu", "nd_range": {"device_start": 2073050.214508119, "device_end": 2073050.215578675}, "cmdq": 0, "read": {"device_start": -1, "device_end": -1}}, "FFC_sans_bias36": {"write": {"device_start": -1, "host_queued_start": 1585405275.193216, "device_queued": -1, "device_end": -1, "host_queued_end": 1585405275.251576}, "device": "cpu", "nd_range": {"device_start": 2073049.8761921201, "device_end": 2073049.9759267461}, "cmdq": 1, "read": {"device_start": -1, "device_end": -1}}, "softmax14": {"write": {"device_start": -1, "host_queued_start": 1585405275.225051, "device_queued": -1, "device_end": -1, "host_queued_end": 1585405275.251576}, "device": "cpu", "nd_range": {"device_start": 2073050.435265128, "device_end": 2073050.436230048}, "cmdq": 1, "read": {"device_start": -1, "device_end": -1}}, "FFC_sans_bias13": {"write": {"device_start": -1, "host_queued_start": 1585405275.222689, "device_queued": -1, "device_end": -1, "host_queued_end": 1585405275.251576}, "device": "cpu", "nd_range": {"device_start": 2073050.2171839012, "device_end": 2073050.2938588522}, "cmdq": 0, "read": {"device_start": -1, "device_end": -1}}, "empty8": {"write": {"device_start": -1, "host_queued_start": 1585405275.134439, "device_queued": -1, "device_end": -1, "host_queued_end": 1585405275.251576}, "device": "cpu", "nd_range": {"device_start": 2073049.441201169, "device_end": 2073049.4412155242}, "cmdq": 0, "read": {"device_start": -1, "device_end": -1}}, "FFC_sans_bias42": {"write": {"device_start": -1, "host_queued_start": 1585405275.228221, "device_queued": -1, "device_end": -1, "host_queued_end": 1585405275.251576}, "device": "cpu", "nd_range": {"device_start": 2073050.5950841021, "device_end": 2073050.7056924512}, "cmdq": 2, "read": {"device_start": -1, "device_end": -1}}, "FFC_sans_bias43": {"write": {"device_start": -1, "host_queued_start": 1585405275.245052, "device_queued": -1, "device_end": -1, "host_queued_end": 1585405275.251576}, "device": "cpu", "nd_range": {"device_start": 2073050.7409044332, "device_end": 2073050.83537666}, "cmdq": 0, "read": {"device_start": -1, "device_end": -1}}, "FFC_sans_bias40": {"write": {"device_start": -1, "host_queued_start": 1585405275.223762, "device_queued": -1, "device_end": -1, "host_queued_end": 1585405275.251576}, "device": "cpu", "nd_range": {"device_start": 2073050.2938790142, "device_end": 2073050.355124145}, "cmdq": 0, "read": {"device_start": -1, "device_end": -1}}, "softmax32": {"write": {"device_start": -1, "host_queued_start": 1585405275.225603, "device_queued": -1, "device_end": -1, "host_queued_end": 1585405275.251576}, "device": "cpu", "nd_range": {"device_start": 2073050.367571558, "device_end": 2073050.3685622471}, "cmdq": 0, "read": {"device_start": -1, "device_end": -1}}, "FFC_sans_bias47": {"write": {"device_start": -1, "host_queued_start": 1585405275.209703, "device_queued": -1, "device_end": -1, "host_queued_end": 1585405275.251576}, "device": "cpu", "nd_range": {"device_start": 2073050.0583662072, "device_end": 2073050.145083382}, "cmdq": 0, "read": {"device_start": -1, "device_end": -1}}, "FFC_sans_bias45": {"write": {"device_start": -1, "host_queued_start": 1585405275.203114, "device_queued": -1, "device_end": -1, "host_queued_end": 1585405275.251576}, "device": "cpu", "nd_range": {"device_start": 2073049.97594919, "device_end": 2073050.0506210271}, "cmdq": 1, "read": {"device_start": -1, "device_end": -1}}, "softmax50": {"write": {"device_start": -1, "host_queued_start": 1585405275.226199, "device_queued": -1, "device_end": -1, "host_queued_end": 1585405275.251576}, "device": "cpu", "nd_range": {"device_start": 2073050.4510496892, "device_end": 2073050.4520406972}, "cmdq": 2, "read": {"device_start": -1, "device_end": -1}}, "FFC_sans_bias33": {"write": {"device_start": -1, "host_queued_start": 1585405275.227874, "device_queued": -1, "device_end": -1, "host_queued_end": 1585405275.251576}, "device": "cpu", "nd_range": {"device_start": 2073050.5188712692, "device_end": 2073050.611849013}, "cmdq": 1, "read": {"device_start": -1, "device_end": -1}}, "FFC_sans_bias63": {"write": {"device_start": 1585405214.9641826, "host_queued_start": 1585405275.126044, "device_queued": 1585405214.9605865, "device_end": 1585405214.9642835, "host_queued_end": 1585405275.130816}, "device": "gpu", "nd_range": {"device_start": 1585405214.964286, "device_end": 1585405214.9710228}, "cmdq": 1, "read": {"device_start": -1, "device_end": -1}}, "FFC_sans_bias49": {"write": {"device_start": -1, "host_queued_start": 1585405275.224119, "device_queued": -1, "device_end": -1, "host_queued_end": 1585405275.251576}, "device": "cpu", "nd_range": {"device_start": 2073050.367805723, "device_end": 2073050.435240495}, "cmdq": 1, "read": {"device_start": -1, "device_end": -1}}, "FFC_sans_bias64": {"write": {"device_start": 1585405214.9601002, "host_queued_start": 1585405275.119346, "device_queued": 1585405214.959717, "device_end": 1585405214.9601955, "host_queued_end": 1585405275.130816}, "device": "gpu", "nd_range": {"device_start": 1585405214.9602053, "device_end": 1585405214.9638498}, "cmdq": 1, "read": {"device_start": -1, "device_end": -1}}, "FFC_sans_bias65": {"write": {"device_start": 1585405214.960477, "host_queued_start": 1585405275.122716, "device_queued": 1585405214.960207, "device_end": 1585405214.9605756, "host_queued_end": 1585405275.130816}, "device": "gpu", "nd_range": {"device_start": 1585405214.9605782, "device_end": 1585405214.967458}, "cmdq": 0, "read": {"device_start": -1, "device_end": -1}}, "FFC_sans_bias67": {"write": {"device_start": -1, "host_queued_start": 1585405275.126788, "device_queued": -1, "device_end": -1, "host_queued_end": 1585405275.130816}, "device": "gpu", "nd_range": {"device_start": 1585405214.9710248, "device_end": 1585405214.9746993}, "cmdq": 1, "read": {"device_start": -1, "device_end": -1}}, "FFC_sans_bias24": {"write": {"device_start": -1, "host_queued_start": 1585405275.227529, "device_queued": -1, "device_end": -1, "host_queued_end": 1585405275.251576}, "device": "cpu", "nd_range": {"device_start": 2073050.46972111, "device_end": 2073050.5231703722}, "cmdq": 0, "read": {"device_start": -1, "device_end": -1}}, "FFC_sans_bias25": {"write": {"device_start": -1, "host_queued_start": 1585405275.238603, "device_queued": -1, "device_end": -1, "host_queued_end": 1585405275.251576}, "device": "cpu", "nd_range": {"device_start": 2073050.7058922122, "device_end": 2073050.8209166492}, "cmdq": 1, "read": {"device_start": -1, "device_end": -1}}, "FFC_sans_bias27": {"write": {"device_start": -1, "host_queued_start": 1585405275.183281, "device_queued": -1, "device_end": -1, "host_queued_end": 1585405275.251576}, "device": "cpu", "nd_range": {"device_start": 2073049.767438522, "device_end": 2073049.8761764562}, "cmdq": 1, "read": {"device_start": -1, "device_end": -1}}, "FFC_sans_bias20": {"write": {"device_start": -1, "host_queued_start": 1585405275.17998, "device_queued": -1, "device_end": -1, "host_queued_end": 1585405275.251576}, "device": "cpu", "nd_range": {"device_start": 2073049.7189567701, "device_end": 2073049.8273631441}, "cmdq": 0, "read": {"device_start": -1, "device_end": -1}}, "FFC_sans_bias22": {"write": {"device_start": -1, "host_queued_start": 1585405275.223066, "device_queued": -1, "device_end": -1, "host_queued_end": 1585405275.251576}, "device": "cpu", "nd_range": {"device_start": 2073050.2275770602, "device_end": 2073050.36750071}, "cmdq": 1, "read": {"device_start": -1, "device_end": -1}}, "softmax68": {"write": {"device_start": -1, "host_queued_start": 1585405275.127048, "device_queued": -1, "device_end": -1, "host_queued_end": 1585405275.130816}, "device": "gpu", "nd_range": {"device_start": 1585405214.9747036, "device_end": 1585405214.9751928}, "cmdq": 0, "read": {"device_start": -1, "device_end": -1}}, "softmax5": {"write": {"device_start": -1, "host_queued_start": 1585405275.224773, "device_queued": -1, "device_end": -1, "host_queued_end": 1585405275.251576}, "device": "cpu", "nd_range": {"device_start": 2073050.3551474991, "device_end": 2073050.35614317}, "cmdq": 0, "read": {"device_start": -1, "device_end": -1}}, "FFC_sans_bias28": {"write": {"device_start": -1, "host_queued_start": 1585405275.186565, "device_queued": -1, "device_end": -1, "host_queued_end": 1585405275.251576}, "device": "cpu", "nd_range": {"device_start": 2073049.701553435, "device_end": 2073049.7653607242}, "cmdq": 2, "read": {"device_start": -1, "device_end": -1}}, "FFC_sans_bias29": {"write": {"device_start": -1, "host_queued_start": 1585405275.189904, "device_queued": -1, "device_end": -1, "host_queued_end": 1585405275.251576}, "device": "cpu", "nd_range": {"device_start": 2073049.8273793412, "device_end": 2073049.959132516}, "cmdq": 0, "read": {"device_start": -1, "device_end": -1}}, "empty17": {"write": {"device_start": -1, "host_queued_start": 1585405275.137393, "device_queued": -1, "device_end": -1, "host_queued_end": 1585405275.251576}, "device": "cpu", "nd_range": {"device_start": 2073049.4412375742, "device_end": 2073049.441241898}, "cmdq": 1, "read": {"device_start": -1, "device_end": -1}}, "softmax59": {"write": {"device_start": -1, "host_queued_start": 1585405275.226473, "device_queued": -1, "device_end": -1, "host_queued_end": 1585405275.251576}, "device": "cpu", "nd_range": {"device_start": 2073050.4687538352, "device_end": 2073050.4697084262}, "cmdq": 0, "read": {"device_start": -1, "device_end": -1}}, "empty71": {"write": {"device_start": 1585405214.9597554, "host_queued_start": 1585405275.115701, "device_queued": 1585405214.9594283, "device_end": 1585405214.959948, "host_queued_end": 1585405275.130816}, "device": "gpu", "nd_range": {"device_start": 1585405214.9599597, "device_end": 1585405214.9599643}, "cmdq": 0, "read": {"device_start": -1, "device_end": -1}}, "empty35": {"write": {"device_start": -1, "host_queued_start": 1585405275.142701, "device_queued": -1, "device_end": -1, "host_queued_end": 1585405275.251576}, "device": "cpu", "nd_range": {"device_start": 2073049.4412382622, "device_end": 2073049.4412392601}, "cmdq": 0, "read": {"device_start": -1, "device_end": -1}}, "empty53": {"write": {"device_start": -1, "host_queued_start": 1585405275.14799, "device_queued": -1, "device_end": -1, "host_queued_end": 1585405275.251576}, "device": "cpu", "nd_range": {"device_start": 2073049.441238499, "device_end": 2073049.441239495}, "cmdq": 2, "read": {"device_start": -1, "device_end": -1}}, "FFC_sans_bias46": {"write": {"device_start": -1, "host_queued_start": 1585405275.206381, "device_queued": -1, "device_end": -1, "host_queued_end": 1585405275.251576}, "device": "cpu", "nd_range": {"device_start": 2073049.868041974, "device_end": 2073049.9796555862}, "cmdq": 2, "read": {"device_start": -1, "device_end": -1}}, "coalesced_transpose66": {"write": {"device_start": -1, "host_queued_start": 1585405275.12644, "device_queued": -1, "device_end": -1, "host_queued_end": 1585405275.130816}, "device": "gpu", "nd_range": {"device_start": 1585405214.9674592, "device_end": 1585405214.9707682}, "cmdq": 0, "read": {"device_start": -1, "device_end": -1}}, "coalesced_transpose48": {"write": {"device_start": -1, "host_queued_start": 1585405275.221595, "device_queued": -1, "device_end": -1, "host_queued_end": 1585405275.251576}, "device": "cpu", "nd_range": {"device_start": 2073050.215733858, "device_end": 2073050.2169821681}, "cmdq": 0, "read": {"device_start": -1, "device_end": -1}}}