{"FFC_sans_bias60": {"write": {"device_start": -1, "host_queued_start": 1585405450.817379, "device_queued": -1, "device_end": -1, "host_queued_end": 1585405450.834126}, "device": "gpu", "nd_range": {"device_start": 1585405390.729717, "device_end": 1585405390.73946}, "cmdq": 2, "read": {"device_start": -1, "device_end": -1}}, "FFC_sans_bias4": {"write": {"device_start": -1, "host_queued_start": 1585405450.877047, "device_queued": -1, "device_end": -1, "host_queued_end": 1585405450.88947}, "device": "cpu", "nd_range": {"device_start": 2073225.4786291192, "device_end": 2073225.555399836}, "cmdq": 0, "read": {"device_start": -1, "device_end": -1}}, "FFC_sans_bias7": {"write": {"device_start": -1, "host_queued_start": 1585405450.882967, "device_queued": -1, "device_end": -1, "host_queued_end": 1585405450.88947}, "device": "cpu", "nd_range": {"device_start": 2073225.6682895822, "device_end": 2073225.730196864}, "cmdq": 0, "read": {"device_start": -1, "device_end": -1}}, "FFC_sans_bias6": {"write": {"device_start": -1, "host_queued_start": 1585405450.87895, "device_queued": -1, "device_end": -1, "host_queued_end": 1585405450.88947}, "device": "cpu", "nd_range": {"device_start": 2073225.5567214682, "device_end": 2073225.6680738092}, "cmdq": 0, "read": {"device_start": -1, "device_end": -1}}, "FFC_sans_bias1": {"write": {"device_start": -1, "host_queued_start": 1585405450.85108, "device_queued": -1, "device_end": -1, "host_queued_end": 1585405450.88947}, "device": "cpu", "nd_range": {"device_start": 2073225.0791130972, "device_end": 2073225.204029215}, "cmdq": 1, "read": {"device_start": -1, "device_end": -1}}, "FFC_sans_bias0": {"write": {"device_start": -1, "host_queued_start": 1585405450.847422, "device_queued": -1, "device_end": -1, "host_queued_end": 1585405450.88947}, "device": "cpu", "nd_range": {"device_start": 2073225.0791120892, "device_end": 2073225.2220071652}, "cmdq": 0, "read": {"device_start": -1, "device_end": -1}}, "FFC_sans_bias2": {"write": {"device_start": -1, "host_queued_start": 1585405450.854549, "device_queued": -1, "device_end": -1, "host_queued_end": 1585405450.88947}, "device": "cpu", "nd_range": {"device_start": 2073225.0791548581, "device_end": 2073225.1432635472}, "cmdq": 2, "read": {"device_start": -1, "device_end": -1}}, "FFC_sans_bias61": {"write": {"device_start": 1585405390.750066, "host_queued_start": 1585405450.830765, "device_queued": 1585405390.667096, "device_end": 1585405390.7501602, "host_queued_end": 1585405450.834126}, "device": "gpu", "nd_range": {"device_start": 1585405390.7501683, "device_end": 1585405390.7589707}, "cmdq": 1, "read": {"device_start": 1585405390.7589753, "device_end": 1585405390.7590668}}, "FFC_sans_bias52": {"write": {"device_start": 1585405390.7462697, "host_queued_start": 1585405450.827498, "device_queued": 1585405390.6665726, "device_end": 1585405390.7463634, "host_queued_end": 1585405450.834126}, "device": "gpu", "nd_range": {"device_start": 1585405390.7463725, "device_end": 1585405390.7524552}, "cmdq": 0, "read": {"device_start": 1585405390.7524593, "device_end": 1585405390.7525473}}, "FFC_sans_bias9": {"write": {"device_start": -1, "host_queued_start": 1585405450.858024, "device_queued": -1, "device_end": -1, "host_queued_end": 1585405450.88947}, "device": "cpu", "nd_range": {"device_start": 2073225.252283086, "device_end": 2073225.3564617122}, "cmdq": 0, "read": {"device_start": -1, "device_end": -1}}, "coalesced_transpose39": {"write": {"device_start": -1, "host_queued_start": 1585405450.812387, "device_queued": -1, "device_end": -1, "host_queued_end": 1585405450.834126}, "device": "gpu", "nd_range": {"device_start": 1585405390.7058, "device_end": 1585405390.7088645}, "cmdq": 0, "read": {"device_start": -1, "device_end": -1}}, "FFC_sans_bias55": {"write": {"device_start": 1585405390.6899629, "host_queued_start": 1585405450.80188, "device_queued": 1585405390.6626735, "device_end": 1585405390.6900663, "host_queued_end": 1585405450.834126}, "device": "gpu", "nd_range": {"device_start": 1585405390.6900709, "device_end": 1585405390.6992733}, "cmdq": 1, "read": {"device_start": -1, "device_end": -1}}, "FFC_sans_bias54": {"write": {"device_start": 1585405390.686623, "host_queued_start": 1585405450.798568, "device_queued": 1585405390.66244, "device_end": 1585405390.6867282, "host_queued_end": 1585405450.834126}, "device": "gpu", "nd_range": {"device_start": 1585405390.6867344, "device_end": 1585405390.6959884}, "cmdq": 0, "read": {"device_start": -1, "device_end": -1}}, "FFC_sans_bias56": {"write": {"device_start": 1585405390.6834137, "host_queued_start": 1585405450.79533, "device_queued": 1585405390.662106, "device_end": 1585405390.683517, "host_queued_end": 1585405450.834126}, "device": "gpu", "nd_range": {"device_start": 1585405390.6835253, "device_end": 1585405390.6927576}, "cmdq": 2, "read": {"device_start": -1, "device_end": -1}}, "FFC_sans_bias51": {"write": {"device_start": -1, "host_queued_start": 1585405450.817067, "device_queued": -1, "device_end": -1, "host_queued_end": 1585405450.834126}, "device": "gpu", "nd_range": {"device_start": 1585405390.726347, "device_end": 1585405390.733029}, "cmdq": 1, "read": {"device_start": -1, "device_end": -1}}, "softmax23": {"write": {"device_start": -1, "host_queued_start": 1585405450.878593, "device_queued": -1, "device_end": -1, "host_queued_end": 1585405450.88947}, "device": "cpu", "nd_range": {"device_start": 2073225.5456421932, "device_end": 2073225.5465794262}, "cmdq": 2, "read": {"device_start": -1, "device_end": -1}}, "FFC_sans_bias37": {"write": {"device_start": 1585405390.6671588, "host_queued_start": 1585405450.778739, "device_queued": 1585405390.6609993, "device_end": 1585405390.6672666, "host_queued_end": 1585405450.834126}, "device": "gpu", "nd_range": {"device_start": 1585405390.6672723, "device_end": 1585405390.6764781}, "cmdq": 0, "read": {"device_start": -1, "device_end": -1}}, "empty62": {"write": {"device_start": 1585405390.6593373, "host_queued_start": 1585405450.760072, "device_queued": 1585405390.658958, "device_end": 1585405390.6595807, "host_queued_end": 1585405450.834126}, "device": "gpu", "nd_range": {"device_start": 1585405390.6595905, "device_end": 1585405390.6595943}, "cmdq": 0, "read": {"device_start": -1, "device_end": -1}}, "FFC_sans_bias70": {"write": {"device_start": 1585405390.7497509, "host_queued_start": 1585405450.834016, "device_queued": 1585405390.6669207, "device_end": 1585405390.7498446, "host_queued_end": 1585405450.834126}, "device": "gpu", "nd_range": {"device_start": 1585405390.7498555, "device_end": 1585405390.755734}, "cmdq": 2, "read": {"device_start": 1585405390.7557397, "device_end": 1585405390.7558339}}, "FFC_sans_bias58": {"write": {"device_start": -1, "host_queued_start": 1585405450.814562, "device_queued": -1, "device_end": -1, "host_queued_end": 1585405450.834126}, "device": "gpu", "nd_range": {"device_start": 1585405390.7156944, "device_end": 1585405390.7254329}, "cmdq": 1, "read": {"device_start": -1, "device_end": -1}}, "softmax41": {"write": {"device_start": -1, "host_queued_start": 1585405450.815399, "device_queued": -1, "device_end": -1, "host_queued_end": 1585405450.834126}, "device": "gpu", "nd_range": {"device_start": 1585405390.7254424, "device_end": 1585405390.7258525}, "cmdq": 1, "read": {"device_start": -1, "device_end": -1}}, "FFC_sans_bias11": {"write": {"device_start": -1, "host_queued_start": 1585405450.864977, "device_queued": -1, "device_end": -1, "host_queued_end": 1585405450.88947}, "device": "cpu", "nd_range": {"device_start": 2073225.1434772692, "device_end": 2073225.278347718}, "cmdq": 2, "read": {"device_start": -1, "device_end": -1}}, "FFC_sans_bias10": {"write": {"device_start": -1, "host_queued_start": 1585405450.861518, "device_queued": -1, "device_end": -1, "host_queued_end": 1585405450.88947}, "device": "cpu", "nd_range": {"device_start": 2073225.2042594892, "device_end": 2073225.2665038211}, "cmdq": 1, "read": {"device_start": -1, "device_end": -1}}, "coalesced_transpose3": {"write": {"device_start": -1, "host_queued_start": 1585405450.875836, "device_queued": -1, "device_end": -1, "host_queued_end": 1585405450.88947}, "device": "cpu", "nd_range": {"device_start": 2073225.4772665962, "device_end": 2073225.4784548162}, "cmdq": 0, "read": {"device_start": -1, "device_end": -1}}, "FFC_sans_bias34": {"write": {"device_start": 1585405390.7332923, "host_queued_start": 1585405450.820907, "device_queued": 1585405390.6662233, "device_end": 1585405390.7333863, "host_queued_end": 1585405450.834126}, "device": "gpu", "nd_range": {"device_start": 1585405390.7333992, "device_end": 1585405390.7427287}, "cmdq": 1, "read": {"device_start": 1585405390.7427309, "device_end": 1585405390.7428231}}, "FFC_sans_bias15": {"write": {"device_start": -1, "host_queued_start": 1585405450.87931, "device_queued": -1, "device_end": -1, "host_queued_end": 1585405450.88947}, "device": "cpu", "nd_range": {"device_start": 2073225.4439121382, "device_end": 2073225.523999504}, "cmdq": 1, "read": {"device_start": -1, "device_end": -1}}, "FFC_sans_bias31": {"write": {"device_start": -1, "host_queued_start": 1585405450.813604, "device_queued": -1, "device_end": -1, "host_queued_end": 1585405450.834126}, "device": "gpu", "nd_range": {"device_start": 1585405390.7090373, "device_end": 1585405390.7156858}, "cmdq": 1, "read": {"device_start": -1, "device_end": -1}}, "FFC_sans_bias16": {"write": {"device_start": -1, "host_queued_start": 1585405450.886169, "device_queued": -1, "device_end": -1, "host_queued_end": 1585405450.88947}, "device": "cpu", "nd_range": {"device_start": 2073225.529230914, "device_end": 2073225.6702873402}, "cmdq": 1, "read": {"device_start": -1, "device_end": -1}}, "FFC_sans_bias19": {"write": {"device_start": -1, "host_queued_start": 1585405450.871912, "device_queued": -1, "device_end": -1, "host_queued_end": 1585405450.88947}, "device": "cpu", "nd_range": {"device_start": 2073225.2667184172, "device_end": 2073225.3337802112}, "cmdq": 1, "read": {"device_start": -1, "device_end": -1}}, "FFC_sans_bias18": {"write": {"device_start": -1, "host_queued_start": 1585405450.868435, "device_queued": -1, "device_end": -1, "host_queued_end": 1585405450.88947}, "device": "cpu", "nd_range": {"device_start": 2073225.356488954, "device_end": 2073225.4770268162}, "cmdq": 0, "read": {"device_start": -1, "device_end": -1}}, "coalesced_transpose30": {"write": {"device_start": -1, "host_queued_start": 1585405450.812085, "device_queued": -1, "device_end": -1, "host_queued_end": 1585405450.834126}, "device": "gpu", "nd_range": {"device_start": 1585405390.7025802, "device_end": 1585405390.708817}, "cmdq": 2, "read": {"device_start": -1, "device_end": -1}}, "FFC_sans_bias69": {"write": {"device_start": -1, "host_queued_start": 1585405450.817695, "device_queued": -1, "device_end": -1, "host_queued_end": 1585405450.834126}, "device": "gpu", "nd_range": {"device_start": 1585405390.736297, "device_end": 1585405390.7460315}, "cmdq": 0, "read": {"device_start": -1, "device_end": -1}}, "FFC_sans_bias38": {"write": {"device_start": 1585405390.6704445, "host_queued_start": 1585405450.782263, "device_queued": 1585405390.6612394, "device_end": 1585405390.6705477, "host_queued_end": 1585405450.834126}, "device": "gpu", "nd_range": {"device_start": 1585405390.6705546, "device_end": 1585405390.6797562}, "cmdq": 1, "read": {"device_start": -1, "device_end": -1}}, "coalesced_transpose57": {"write": {"device_start": -1, "host_queued_start": 1585405450.812991, "device_queued": -1, "device_end": -1, "host_queued_end": 1585405450.834126}, "device": "gpu", "nd_range": {"device_start": 1585405390.7088265, "device_end": 1585405390.7088861}, "cmdq": 2, "read": {"device_start": -1, "device_end": -1}}, "empty26": {"write": {"device_start": -1, "host_queued_start": 1585405450.844222, "device_queued": -1, "device_end": -1, "host_queued_end": 1585405450.88947}, "device": "cpu", "nd_range": {"device_start": 2073225.0791279462, "device_end": 2073225.07913403}, "cmdq": 2, "read": {"device_start": -1, "device_end": -1}}, "coalesced_transpose12": {"write": {"device_start": -1, "host_queued_start": 1585405450.876248, "device_queued": -1, "device_end": -1, "host_queued_end": 1585405450.88947}, "device": "cpu", "nd_range": {"device_start": 2073225.333993572, "device_end": 2073225.3350765752}, "cmdq": 1, "read": {"device_start": -1, "device_end": -1}}, "empty44": {"write": {"device_start": 1585405390.6586788, "host_queued_start": 1585405450.754806, "device_queued": 1585405390.658322, "device_end": 1585405390.6589334, "host_queued_end": 1585405450.834126}, "device": "gpu", "nd_range": {"device_start": 1585405390.6589375, "device_end": 1585405390.6589425}, "cmdq": 1, "read": {"device_start": -1, "device_end": -1}}, "coalesced_transpose21": {"write": {"device_start": -1, "host_queued_start": 1585405450.876707, "device_queued": -1, "device_end": -1, "host_queued_end": 1585405450.88947}, "device": "cpu", "nd_range": {"device_start": 2073225.414604261, "device_end": 2073225.4176951991}, "cmdq": 2, "read": {"device_start": -1, "device_end": -1}}, "FFC_sans_bias36": {"write": {"device_start": 1585405390.6637888, "host_queued_start": 1585405450.775467, "device_queued": 1585405390.660567, "device_end": 1585405390.6638892, "host_queued_end": 1585405450.834126}, "device": "gpu", "nd_range": {"device_start": 1585405390.663892, "device_end": 1585405390.6731896}, "cmdq": 2, "read": {"device_start": -1, "device_end": -1}}, "softmax14": {"write": {"device_start": -1, "host_queued_start": 1585405450.878301, "device_queued": -1, "device_end": -1, "host_queued_end": 1585405450.88947}, "device": "cpu", "nd_range": {"device_start": 2073225.4427832842, "device_end": 2073225.4437462962}, "cmdq": 1, "read": {"device_start": -1, "device_end": -1}}, "FFC_sans_bias13": {"write": {"device_start": -1, "host_queued_start": 1585405450.877413, "device_queued": -1, "device_end": -1, "host_queued_end": 1585405450.88947}, "device": "cpu", "nd_range": {"device_start": 2073225.3352447182, "device_end": 2073225.442577105}, "cmdq": 1, "read": {"device_start": -1, "device_end": -1}}, "empty8": {"write": {"device_start": -1, "host_queued_start": 1585405450.838154, "device_queued": -1, "device_end": -1, "host_queued_end": 1585405450.88947}, "device": "cpu", "nd_range": {"device_start": 2073225.0790734892, "device_end": 2073225.0790872572}, "cmdq": 0, "read": {"device_start": -1, "device_end": -1}}, "FFC_sans_bias42": {"write": {"device_start": -1, "host_queued_start": 1585405450.816753, "device_queued": -1, "device_end": -1, "host_queued_end": 1585405450.834126}, "device": "gpu", "nd_range": {"device_start": 1585405390.727059, "device_end": 1585405390.736288}, "cmdq": 0, "read": {"device_start": -1, "device_end": -1}}, "FFC_sans_bias43": {"write": {"device_start": 1585405390.7397084, "host_queued_start": 1585405450.824209, "device_queued": 1585405390.6660912, "device_end": 1585405390.7398047, "host_queued_end": 1585405450.834126}, "device": "gpu", "nd_range": {"device_start": 1585405390.7398174, "device_end": 1585405390.7492092}, "cmdq": 2, "read": {"device_start": 1585405390.7492173, "device_end": 1585405390.7493086}}, "FFC_sans_bias40": {"write": {"device_start": -1, "host_queued_start": 1585405450.813922, "device_queued": -1, "device_end": -1, "host_queued_end": 1585405450.834126}, "device": "gpu", "nd_range": {"device_start": 1585405390.7090151, "device_end": 1585405390.712375}, "cmdq": 2, "read": {"device_start": -1, "device_end": -1}}, "softmax32": {"write": {"device_start": -1, "host_queued_start": 1585405450.815151, "device_queued": -1, "device_end": -1, "host_queued_end": 1585405450.834126}, "device": "gpu", "nd_range": {"device_start": 1585405390.7189603, "device_end": 1585405390.7263165}, "cmdq": 0, "read": {"device_start": -1, "device_end": -1}}, "FFC_sans_bias47": {"write": {"device_start": 1585405390.6801612, "host_queued_start": 1585405450.792078, "device_queued": 1585405390.6619818, "device_end": 1585405390.6802654, "host_queued_end": 1585405450.834126}, "device": "gpu", "nd_range": {"device_start": 1585405390.6802695, "device_end": 1585405390.6895375}, "cmdq": 1, "read": {"device_start": -1, "device_end": -1}}, "FFC_sans_bias45": {"write": {"device_start": 1585405390.6736126, "host_queued_start": 1585405450.785529, "device_queued": 1585405390.6613674, "device_end": 1585405390.6737323, "host_queued_end": 1585405450.834126}, "device": "gpu", "nd_range": {"device_start": 1585405390.6737363, "device_end": 1585405390.6830018}, "cmdq": 2, "read": {"device_start": -1, "device_end": -1}}, "softmax50": {"write": {"device_start": -1, "host_queued_start": 1585405450.815641, "device_queued": -1, "device_end": -1, "host_queued_end": 1585405450.834126}, "device": "gpu", "nd_range": {"device_start": 1585405390.7221534, "device_end": 1585405390.7263281}, "cmdq": 2, "read": {"device_start": -1, "device_end": -1}}, "FFC_sans_bias33": {"write": {"device_start": -1, "host_queued_start": 1585405450.81644, "device_queued": -1, "device_end": -1, "host_queued_end": 1585405450.834126}, "device": "gpu", "nd_range": {"device_start": 1585405390.7263372, "device_end": 1585405390.7297084}, "cmdq": 2, "read": {"device_start": -1, "device_end": -1}}, "FFC_sans_bias63": {"write": {"device_start": 1585405390.6996858, "host_queued_start": 1585405450.811728, "device_queued": 1585405390.663371, "device_end": 1585405390.699793, "host_queued_end": 1585405450.834126}, "device": "gpu", "nd_range": {"device_start": 1585405390.6997972, "device_end": 1585405390.708998}, "cmdq": 1, "read": {"device_start": -1, "device_end": -1}}, "FFC_sans_bias49": {"write": {"device_start": -1, "host_queued_start": 1585405450.814232, "device_queued": -1, "device_end": -1, "host_queued_end": 1585405450.834126}, "device": "gpu", "nd_range": {"device_start": 1585405390.70905, "device_end": 1585405390.7189517}, "cmdq": 0, "read": {"device_start": -1, "device_end": -1}}, "FFC_sans_bias64": {"write": {"device_start": 1585405390.6931653, "host_queued_start": 1585405450.805156, "device_queued": 1585405390.6627982, "device_end": 1585405390.6932688, "host_queued_end": 1585405450.834126}, "device": "gpu", "nd_range": {"device_start": 1585405390.693275, "device_end": 1585405390.702578}, "cmdq": 2, "read": {"device_start": -1, "device_end": -1}}, "FFC_sans_bias65": {"write": {"device_start": 1585405390.6963828, "host_queued_start": 1585405450.808448, "device_queued": 1585405390.6631374, "device_end": 1585405390.6964872, "host_queued_end": 1585405450.834126}, "device": "gpu", "nd_range": {"device_start": 1585405390.696491, "device_end": 1585405390.7057984}, "cmdq": 0, "read": {"device_start": -1, "device_end": -1}}, "FFC_sans_bias67": {"write": {"device_start": -1, "host_queued_start": 1585405450.814899, "device_queued": -1, "device_end": -1, "host_queued_end": 1585405450.834126}, "device": "gpu", "nd_range": {"device_start": 1585405390.7123833, "device_end": 1585405390.722144}, "cmdq": 2, "read": {"device_start": -1, "device_end": -1}}, "FFC_sans_bias24": {"write": {"device_start": -1, "host_queued_start": 1585405450.879666, "device_queued": -1, "device_end": -1, "host_queued_end": 1585405450.88947}, "device": "cpu", "nd_range": {"device_start": 2073225.546746544, "device_end": 2073225.6187170001}, "cmdq": 2, "read": {"device_start": -1, "device_end": -1}}, "FFC_sans_bias25": {"write": {"device_start": -1, "host_queued_start": 1585405450.889415, "device_queued": -1, "device_end": -1, "host_queued_end": 1585405450.88947}, "device": "cpu", "nd_range": {"device_start": 2073225.6189475642, "device_end": 2073225.714117258}, "cmdq": 2, "read": {"device_start": -1, "device_end": -1}}, "FFC_sans_bias27": {"write": {"device_start": 1585405390.6599658, "host_queued_start": 1585405450.765502, "device_queued": 1585405390.6596012, "device_end": 1585405390.6600618, "host_queued_end": 1585405450.834126}, "device": "gpu", "nd_range": {"device_start": 1585405390.66007, "device_end": 1585405390.6634345}, "cmdq": 2, "read": {"device_start": -1, "device_end": -1}}, "FFC_sans_bias20": {"write": {"device_start": -1, "host_queued_start": 1585405450.87537, "device_queued": -1, "device_end": -1, "host_queued_end": 1585405450.88947}, "device": "cpu", "nd_range": {"device_start": 2073225.278364594, "device_end": 2073225.4145810672}, "cmdq": 2, "read": {"device_start": -1, "device_end": -1}}, "FFC_sans_bias22": {"write": {"device_start": -1, "host_queued_start": 1585405450.877754, "device_queued": -1, "device_end": -1, "host_queued_end": 1585405450.88947}, "device": "cpu", "nd_range": {"device_start": 2073225.417707585, "device_end": 2073225.545424553}, "cmdq": 2, "read": {"device_start": -1, "device_end": -1}}, "softmax68": {"write": {"device_start": -1, "host_queued_start": 1585405450.816133, "device_queued": -1, "device_end": -1, "host_queued_end": 1585405450.834126}, "device": "gpu", "nd_range": {"device_start": 1585405390.7258618, "device_end": 1585405390.726272}, "cmdq": 1, "read": {"device_start": -1, "device_end": -1}}, "softmax5": {"write": {"device_start": -1, "host_queued_start": 1585405450.878032, "device_queued": -1, "device_end": -1, "host_queued_end": 1585405450.88947}, "device": "cpu", "nd_range": {"device_start": 2073225.555601088, "device_end": 2073225.556562388}, "cmdq": 0, "read": {"device_start": -1, "device_end": -1}}, "FFC_sans_bias28": {"write": {"device_start": 1585405390.6603215, "host_queued_start": 1585405450.768825, "device_queued": 1585405390.6600735, "device_end": 1585405390.6604185, "host_queued_end": 1585405450.834126}, "device": "gpu", "nd_range": {"device_start": 1585405390.6604226, "device_end": 1585405390.6667616}, "cmdq": 0, "read": {"device_start": -1, "device_end": -1}}, "FFC_sans_bias29": {"write": {"device_start": 1585405390.6606727, "host_queued_start": 1585405450.772152, "device_queued": 1585405390.6604285, "device_end": 1585405390.6607692, "host_queued_end": 1585405450.834126}, "device": "gpu", "nd_range": {"device_start": 1585405390.6607904, "device_end": 1585405390.670057}, "cmdq": 1, "read": {"device_start": -1, "device_end": -1}}, "empty17": {"write": {"device_start": -1, "host_queued_start": 1585405450.84115, "device_queued": -1, "device_end": -1, "host_queued_end": 1585405450.88947}, "device": "cpu", "nd_range": {"device_start": 2073225.0790787782, "device_end": 2073225.0790880302}, "cmdq": 1, "read": {"device_start": -1, "device_end": -1}}, "softmax59": {"write": {"device_start": -1, "host_queued_start": 1585405450.815887, "device_queued": -1, "device_end": -1, "host_queued_end": 1585405450.834126}, "device": "gpu", "nd_range": {"device_start": 1585405390.7263248, "device_end": 1585405390.7270508}, "cmdq": 0, "read": {"device_start": -1, "device_end": -1}}, "empty71": {"write": {"device_start": 1585405390.6596503, "host_queued_start": 1585405450.762724, "device_queued": 1585405390.6593235, "device_end": 1585405390.659875, "host_queued_end": 1585405450.834126}, "device": "gpu", "nd_range": {"device_start": 1585405390.6598847, "device_end": 1585405390.6598883}, "cmdq": 1, "read": {"device_start": -1, "device_end": -1}}, "empty35": {"write": {"device_start": 1585405390.6583233, "host_queued_start": 1585405450.751464, "device_queued": 1585405390.6579845, "device_end": 1585405390.6585426, "host_queued_end": 1585405450.834126}, "device": "gpu", "nd_range": {"device_start": 1585405390.6585515, "device_end": 1585405390.6585557}, "cmdq": 0, "read": {"device_start": -1, "device_end": -1}}, "empty53": {"write": {"device_start": 1585405390.6590178, "host_queued_start": 1585405450.757422, "device_queued": 1585405390.6585662, "device_end": 1585405390.659301, "host_queued_end": 1585405450.834126}, "device": "gpu", "nd_range": {"device_start": 1585405390.6593058, "device_end": 1585405390.6593122}, "cmdq": 2, "read": {"device_start": -1, "device_end": -1}}, "FFC_sans_bias46": {"write": {"device_start": 1585405390.6768787, "host_queued_start": 1585405450.788796, "device_queued": 1585405390.6617217, "device_end": 1585405390.6769805, "host_queued_end": 1585405450.834126}, "device": "gpu", "nd_range": {"device_start": 1585405390.6769862, "device_end": 1585405390.686225}, "cmdq": 0, "read": {"device_start": -1, "device_end": -1}}, "coalesced_transpose66": {"write": {"device_start": -1, "host_queued_start": 1585405450.813288, "device_queued": -1, "device_end": -1, "host_queued_end": 1585405450.834126}, "device": "gpu", "nd_range": {"device_start": 1585405390.7088728, "device_end": 1585405390.7089055}, "cmdq": 0, "read": {"device_start": -1, "device_end": -1}}, "coalesced_transpose48": {"write": {"device_start": -1, "host_queued_start": 1585405450.812688, "device_queued": -1, "device_end": -1, "host_queued_end": 1585405450.834126}, "device": "gpu", "nd_range": {"device_start": 1585405390.7090034, "device_end": 1585405390.709027}, "cmdq": 1, "read": {"device_start": -1, "device_end": -1}}}