{"FFC_sans_bias60": {"write": {"device_start": -1, "host_queued_start": 1585405094.484535, "device_queued": -1, "device_end": -1, "host_queued_end": 1585405094.510773}, "device": "cpu", "nd_range": {"device_start": 2072870.053275722, "device_end": 2072870.1577599782}, "cmdq": 2, "read": {"device_start": -1, "device_end": -1}}, "FFC_sans_bias4": {"write": {"device_start": -1, "host_queued_start": 1585405094.477334, "device_queued": -1, "device_end": -1, "host_queued_end": 1585405094.510773}, "device": "cpu", "nd_range": {"device_start": 2072869.5644643062, "device_end": 2072869.654587249}, "cmdq": 1, "read": {"device_start": -1, "device_end": -1}}, "FFC_sans_bias7": {"write": {"device_start": -1, "host_queued_start": 1585405094.488148, "device_queued": -1, "device_end": -1, "host_queued_end": 1585405094.510773}, "device": "cpu", "nd_range": {"device_start": 2072870.0492121242, "device_end": 2072870.1740852292}, "cmdq": 1, "read": {"device_start": -1, "device_end": -1}}, "FFC_sans_bias6": {"write": {"device_start": -1, "host_queued_start": 1585405094.482387, "device_queued": -1, "device_end": -1, "host_queued_end": 1585405094.510773}, "device": "cpu", "nd_range": {"device_start": 2072869.8482933561, "device_end": 2072869.912569456}, "cmdq": 2, "read": {"device_start": -1, "device_end": -1}}, "FFC_sans_bias1": {"write": {"device_start": -1, "host_queued_start": 1585405094.401109, "device_queued": -1, "device_end": -1, "host_queued_end": 1585405094.510773}, "device": "cpu", "nd_range": {"device_start": 2072868.7008342892, "device_end": 2072868.8000281872}, "cmdq": 0, "read": {"device_start": -1, "device_end": -1}}, "FFC_sans_bias0": {"write": {"device_start": -1, "host_queued_start": 1585405094.397748, "device_queued": -1, "device_end": -1, "host_queued_end": 1585405094.510773}, "device": "cpu", "nd_range": {"device_start": 2072868.7004774022, "device_end": 2072868.8027469632}, "cmdq": 2, "read": {"device_start": -1, "device_end": -1}}, "FFC_sans_bias2": {"write": {"device_start": -1, "host_queued_start": 1585405094.404464, "device_queued": -1, "device_end": -1, "host_queued_end": 1585405094.510773}, "device": "cpu", "nd_range": {"device_start": 2072868.7005197462, "device_end": 2072868.8078816112}, "cmdq": 1, "read": {"device_start": -1, "device_end": -1}}, "FFC_sans_bias61": {"write": {"device_start": -1, "host_queued_start": 1585405094.507504, "device_queued": -1, "device_end": -1, "host_queued_end": 1585405094.510773}, "device": "cpu", "nd_range": {"device_start": 2072870.2579420102, "device_end": 2072870.408263911}, "cmdq": 1, "read": {"device_start": -1, "device_end": -1}}, "FFC_sans_bias52": {"write": {"device_start": -1, "host_queued_start": 1585405094.504271, "device_queued": -1, "device_end": -1, "host_queued_end": 1585405094.510773}, "device": "cpu", "nd_range": {"device_start": 2072870.335034142, "device_end": 2072870.4002402152}, "cmdq": 0, "read": {"device_start": -1, "device_end": -1}}, "FFC_sans_bias9": {"write": {"device_start": -1, "host_queued_start": 1585405094.407996, "device_queued": -1, "device_end": -1, "host_queued_end": 1585405094.510773}, "device": "cpu", "nd_range": {"device_start": 2072868.805582913, "device_end": 2072868.935984129}, "cmdq": 2, "read": {"device_start": -1, "device_end": -1}}, "coalesced_transpose39": {"write": {"device_start": -1, "host_queued_start": 1585405094.475991, "device_queued": -1, "device_end": -1, "host_queued_end": 1585405094.510773}, "device": "cpu", "nd_range": {"device_start": 2072869.487761548, "device_end": 2072869.488955191}, "cmdq": 0, "read": {"device_start": -1, "device_end": -1}}, "FFC_sans_bias55": {"write": {"device_start": -1, "host_queued_start": 1585405094.464351, "device_queued": -1, "device_end": -1, "host_queued_end": 1585405094.510773}, "device": "cpu", "nd_range": {"device_start": 2072869.3387524802, "device_end": 2072869.453745841}, "cmdq": 1, "read": {"device_start": -1, "device_end": -1}}, "FFC_sans_bias54": {"write": {"device_start": -1, "host_queued_start": 1585405094.461059, "device_queued": -1, "device_end": -1, "host_queued_end": 1585405094.510773}, "device": "cpu", "nd_range": {"device_start": 2072869.2741393282, "device_end": 2072869.3865759412}, "cmdq": 0, "read": {"device_start": -1, "device_end": -1}}, "FFC_sans_bias56": {"write": {"device_start": -1, "host_queued_start": 1585405094.457785, "device_queued": -1, "device_end": -1, "host_queued_end": 1585405094.510773}, "device": "cpu", "nd_range": {"device_start": 2072869.420869443, "device_end": 2072869.5200311102}, "cmdq": 2, "read": {"device_start": -1, "device_end": -1}}, "FFC_sans_bias51": {"write": {"device_start": -1, "host_queued_start": 1585405094.484194, "device_queued": -1, "device_end": -1, "host_queued_end": 1585405094.510773}, "device": "cpu", "nd_range": {"device_start": 2072869.955102171, "device_end": 2072870.049195511}, "cmdq": 1, "read": {"device_start": -1, "device_end": -1}}, "softmax23": {"write": {"device_start": -1, "host_queued_start": 1585405094.480675, "device_queued": -1, "device_end": -1, "host_queued_end": 1585405094.510773}, "device": "cpu", "nd_range": {"device_start": 2072869.8469783291, "device_end": 2072869.847869757}, "cmdq": 2, "read": {"device_start": -1, "device_end": -1}}, "FFC_sans_bias37": {"write": {"device_start": -1, "host_queued_start": 1585405094.441201, "device_queued": -1, "device_end": -1, "host_queued_end": 1585405094.510773}, "device": "cpu", "nd_range": {"device_start": 2072869.082022364, "device_end": 2072869.173684179}, "cmdq": 0, "read": {"device_start": -1, "device_end": -1}}, "empty62": {"write": {"device_start": -1, "host_queued_start": 1585405094.392328, "device_queued": -1, "device_end": -1, "host_queued_end": 1585405094.510773}, "device": "cpu", "nd_range": {"device_start": 2072868.70047761, "device_end": 2072868.7004784732}, "cmdq": 0, "read": {"device_start": -1, "device_end": -1}}, "FFC_sans_bias70": {"write": {"device_start": -1, "host_queued_start": 1585405094.510718, "device_queued": -1, "device_end": -1, "host_queued_end": 1585405094.510773}, "device": "cpu", "nd_range": {"device_start": 2072870.354615261, "device_end": 2072870.4296495472}, "cmdq": 2, "read": {"device_start": -1, "device_end": -1}}, "FFC_sans_bias58": {"write": {"device_start": -1, "host_queued_start": 1585405094.479494, "device_queued": -1, "device_end": -1, "host_queued_end": 1585405094.510773}, "device": "cpu", "nd_range": {"device_start": 2072869.7578449922, "device_end": 2072869.85080529}, "cmdq": 1, "read": {"device_start": -1, "device_end": -1}}, "softmax41": {"write": {"device_start": -1, "host_queued_start": 1585405094.481225, "device_queued": -1, "device_end": -1, "host_queued_end": 1585405094.510773}, "device": "cpu", "nd_range": {"device_start": 2072869.851757998, "device_end": 2072869.852691875}, "cmdq": 1, "read": {"device_start": -1, "device_end": -1}}, "FFC_sans_bias11": {"write": {"device_start": -1, "host_queued_start": 1585405094.414776, "device_queued": -1, "device_end": -1, "host_queued_end": 1585405094.510773}, "device": "cpu", "nd_range": {"device_start": 2072868.808041834, "device_end": 2072868.9332092912}, "cmdq": 1, "read": {"device_start": -1, "device_end": -1}}, "FFC_sans_bias10": {"write": {"device_start": -1, "host_queued_start": 1585405094.411365, "device_queued": -1, "device_end": -1, "host_queued_end": 1585405094.510773}, "device": "cpu", "nd_range": {"device_start": 2072868.800060325, "device_end": 2072868.872645216}, "cmdq": 0, "read": {"device_start": -1, "device_end": -1}}, "coalesced_transpose3": {"write": {"device_start": -1, "host_queued_start": 1585405094.47466, "device_queued": -1, "device_end": -1, "host_queued_end": 1585405094.510773}, "device": "cpu", "nd_range": {"device_start": 2072869.5635197032, "device_end": 2072869.564447679}, "cmdq": 2, "read": {"device_start": -1, "device_end": -1}}, "FFC_sans_bias34": {"write": {"device_start": -1, "host_queued_start": 1585405094.49784, "device_queued": -1, "device_end": -1, "host_queued_end": 1585405094.510773}, "device": "cpu", "nd_range": {"device_start": 2072870.174099632, "device_end": 2072870.2579273672}, "cmdq": 1, "read": {"device_start": -1, "device_end": -1}}, "FFC_sans_bias15": {"write": {"device_start": -1, "host_queued_start": 1585405094.482737, "device_queued": -1, "device_end": -1, "host_queued_end": 1585405094.510773}, "device": "cpu", "nd_range": {"device_start": 2072869.8797941692, "device_end": 2072869.983290757}, "cmdq": 0, "read": {"device_start": -1, "device_end": -1}}, "FFC_sans_bias31": {"write": {"device_start": -1, "host_queued_start": 1585405094.478367, "device_queued": -1, "device_end": -1, "host_queued_end": 1585405094.510773}, "device": "cpu", "nd_range": {"device_start": 2072869.654815664, "device_end": 2072869.757823764}, "cmdq": 1, "read": {"device_start": -1, "device_end": -1}}, "FFC_sans_bias16": {"write": {"device_start": -1, "host_queued_start": 1585405094.491355, "device_queued": -1, "device_end": -1, "host_queued_end": 1585405094.510773}, "device": "cpu", "nd_range": {"device_start": 2072870.1577803781, "device_end": 2072870.211258759}, "cmdq": 2, "read": {"device_start": -1, "device_end": -1}}, "FFC_sans_bias19": {"write": {"device_start": -1, "host_queued_start": 1585405094.421386, "device_queued": -1, "device_end": -1, "host_queued_end": 1585405094.510773}, "device": "cpu", "nd_range": {"device_start": 2072868.8726622362, "device_end": 2072868.9603979702}, "cmdq": 0, "read": {"device_start": -1, "device_end": -1}}, "FFC_sans_bias18": {"write": {"device_start": -1, "host_queued_start": 1585405094.418066, "device_queued": -1, "device_end": -1, "host_queued_end": 1585405094.510773}, "device": "cpu", "nd_range": {"device_start": 2072868.935998385, "device_end": 2072869.0610919811}, "cmdq": 2, "read": {"device_start": -1, "device_end": -1}}, "coalesced_transpose30": {"write": {"device_start": -1, "host_queued_start": 1585405094.475662, "device_queued": -1, "device_end": -1, "host_queued_end": 1585405094.510773}, "device": "cpu", "nd_range": {"device_start": 2072869.5644664222, "device_end": 2072869.565789736}, "cmdq": 2, "read": {"device_start": -1, "device_end": -1}}, "FFC_sans_bias69": {"write": {"device_start": -1, "host_queued_start": 1585405094.484878, "device_queued": -1, "device_end": -1, "host_queued_end": 1585405094.510773}, "device": "cpu", "nd_range": {"device_start": 2072870.0794454552, "device_end": 2072870.243289659}, "cmdq": 0, "read": {"device_start": -1, "device_end": -1}}, "FFC_sans_bias38": {"write": {"device_start": -1, "host_queued_start": 1585405094.444493, "device_queued": -1, "device_end": -1, "host_queued_end": 1585405094.510773}, "device": "cpu", "nd_range": {"device_start": 2072869.1219034062, "device_end": 2072869.2434857162}, "cmdq": 1, "read": {"device_start": -1, "device_end": -1}}, "coalesced_transpose57": {"write": {"device_start": -1, "host_queued_start": 1585405094.476651, "device_queued": -1, "device_end": -1, "host_queued_end": 1585405094.510773}, "device": "cpu", "nd_range": {"device_start": 2072869.5659457871, "device_end": 2072869.5671878692}, "cmdq": 2, "read": {"device_start": -1, "device_end": -1}}, "empty26": {"write": {"device_start": -1, "host_queued_start": 1585405094.381772, "device_queued": -1, "device_end": -1, "host_queued_end": 1585405094.510773}, "device": "cpu", "nd_range": {"device_start": 2072868.7004363902, "device_end": 2072868.7004453302}, "cmdq": 2, "read": {"device_start": -1, "device_end": -1}}, "coalesced_transpose12": {"write": {"device_start": -1, "host_queued_start": 1585405094.474997, "device_queued": -1, "device_end": -1, "host_queued_end": 1585405094.510773}, "device": "cpu", "nd_range": {"device_start": 2072869.4863932792, "device_end": 2072869.487590047}, "cmdq": 0, "read": {"device_start": -1, "device_end": -1}}, "empty44": {"write": {"device_start": -1, "host_queued_start": 1585405094.387131, "device_queued": -1, "device_end": -1, "host_queued_end": 1585405094.510773}, "device": "cpu", "nd_range": {"device_start": 2072868.7005025032, "device_end": 2072868.70050378}, "cmdq": 1, "read": {"device_start": -1, "device_end": -1}}, "coalesced_transpose21": {"write": {"device_start": -1, "host_queued_start": 1585405094.47533, "device_queued": -1, "device_end": -1, "host_queued_end": 1585405094.510773}, "device": "cpu", "nd_range": {"device_start": 2072869.5298851621, "device_end": 2072869.5310589771}, "cmdq": 1, "read": {"device_start": -1, "device_end": -1}}, "FFC_sans_bias36": {"write": {"device_start": -1, "host_queued_start": 1585405094.437929, "device_queued": -1, "device_end": -1, "host_queued_end": 1585405094.510773}, "device": "cpu", "nd_range": {"device_start": 2072869.2054852922, "device_end": 2072869.3056229292}, "cmdq": 2, "read": {"device_start": -1, "device_end": -1}}, "softmax14": {"write": {"device_start": -1, "host_queued_start": 1585405094.480401, "device_queued": -1, "device_end": -1, "host_queued_end": 1585405094.510773}, "device": "cpu", "nd_range": {"device_start": 2072869.8508197542, "device_end": 2072869.851750615}, "cmdq": 1, "read": {"device_start": -1, "device_end": -1}}, "FFC_sans_bias13": {"write": {"device_start": -1, "host_queued_start": 1585405094.477681, "device_queued": -1, "device_end": -1, "host_queued_end": 1585405094.510773}, "device": "cpu", "nd_range": {"device_start": 2072869.5673268312, "device_end": 2072869.67175203}, "cmdq": 2, "read": {"device_start": -1, "device_end": -1}}, "empty8": {"write": {"device_start": -1, "host_queued_start": 1585405094.375534, "device_queued": -1, "device_end": -1, "host_queued_end": 1585405094.510773}, "device": "cpu", "nd_range": {"device_start": 2072868.700428351, "device_end": 2072868.700445342}, "cmdq": 0, "read": {"device_start": -1, "device_end": -1}}, "FFC_sans_bias42": {"write": {"device_start": -1, "host_queued_start": 1585405094.483848, "device_queued": -1, "device_end": -1, "host_queued_end": 1585405094.510773}, "device": "cpu", "nd_range": {"device_start": 2072869.9833076692, "device_end": 2072870.079429025}, "cmdq": 0, "read": {"device_start": -1, "device_end": -1}}, "FFC_sans_bias43": {"write": {"device_start": -1, "host_queued_start": 1585405094.501047, "device_queued": -1, "device_end": -1, "host_queued_end": 1585405094.510773}, "device": "cpu", "nd_range": {"device_start": 2072870.2112754511, "device_end": 2072870.3546054512}, "cmdq": 2, "read": {"device_start": -1, "device_end": -1}}, "FFC_sans_bias40": {"write": {"device_start": -1, "host_queued_start": 1585405094.478719, "device_queued": -1, "device_end": -1, "host_queued_end": 1585405094.510773}, "device": "cpu", "nd_range": {"device_start": 2072869.6719775521, "device_end": 2072869.771492927}, "cmdq": 2, "read": {"device_start": -1, "device_end": -1}}, "softmax32": {"write": {"device_start": -1, "host_queued_start": 1585405094.480949, "device_queued": -1, "device_end": -1, "host_queued_end": 1585405094.510773}, "device": "cpu", "nd_range": {"device_start": 2072869.786061119, "device_end": 2072869.7870040692}, "cmdq": 0, "read": {"device_start": -1, "device_end": -1}}, "FFC_sans_bias47": {"write": {"device_start": -1, "host_queued_start": 1585405094.454465, "device_queued": -1, "device_end": -1, "host_queued_end": 1585405094.510773}, "device": "cpu", "nd_range": {"device_start": 2072869.2437286202, "device_end": 2072869.3387285522}, "cmdq": 1, "read": {"device_start": -1, "device_end": -1}}, "FFC_sans_bias45": {"write": {"device_start": -1, "host_queued_start": 1585405094.447806, "device_queued": -1, "device_end": -1, "host_queued_end": 1585405094.510773}, "device": "cpu", "nd_range": {"device_start": 2072869.3056402262, "device_end": 2072869.420844004}, "cmdq": 2, "read": {"device_start": -1, "device_end": -1}}, "softmax50": {"write": {"device_start": -1, "host_queued_start": 1585405094.481499, "device_queued": -1, "device_end": -1, "host_queued_end": 1585405094.510773}, "device": "cpu", "nd_range": {"device_start": 2072869.8478884741, "device_end": 2072869.848286661}, "cmdq": 2, "read": {"device_start": -1, "device_end": -1}}, "FFC_sans_bias33": {"write": {"device_start": -1, "host_queued_start": 1585405094.483476, "device_queued": -1, "device_end": -1, "host_queued_end": 1585405094.510773}, "device": "cpu", "nd_range": {"device_start": 2072869.912588804, "device_end": 2072870.05325512}, "cmdq": 2, "read": {"device_start": -1, "device_end": -1}}, "FFC_sans_bias63": {"write": {"device_start": -1, "host_queued_start": 1585405094.474278, "device_queued": -1, "device_end": -1, "host_queued_end": 1585405094.510773}, "device": "cpu", "nd_range": {"device_start": 2072869.4539540592, "device_end": 2072869.5297061272}, "cmdq": 1, "read": {"device_start": -1, "device_end": -1}}, "FFC_sans_bias49": {"write": {"device_start": -1, "host_queued_start": 1585405094.479144, "device_queued": -1, "device_end": -1, "host_queued_end": 1585405094.510773}, "device": "cpu", "nd_range": {"device_start": 2072869.689497746, "device_end": 2072869.7850578222}, "cmdq": 0, "read": {"device_start": -1, "device_end": -1}}, "FFC_sans_bias64": {"write": {"device_start": -1, "host_queued_start": 1585405094.467651, "device_queued": -1, "device_end": -1, "host_queued_end": 1585405094.510773}, "device": "cpu", "nd_range": {"device_start": 2072869.5202374852, "device_end": 2072869.563495848}, "cmdq": 2, "read": {"device_start": -1, "device_end": -1}}, "FFC_sans_bias65": {"write": {"device_start": -1, "host_queued_start": 1585405094.470957, "device_queued": -1, "device_end": -1, "host_queued_end": 1585405094.510773}, "device": "cpu", "nd_range": {"device_start": 2072869.3868069572, "device_end": 2072869.4861624101}, "cmdq": 0, "read": {"device_start": -1, "device_end": -1}}, "FFC_sans_bias67": {"write": {"device_start": -1, "host_queued_start": 1585405094.479842, "device_queued": -1, "device_end": -1, "host_queued_end": 1585405094.510773}, "device": "cpu", "nd_range": {"device_start": 2072869.771517679, "device_end": 2072869.8469571671}, "cmdq": 2, "read": {"device_start": -1, "device_end": -1}}, "FFC_sans_bias24": {"write": {"device_start": -1, "host_queued_start": 1585405094.48311, "device_queued": -1, "device_end": -1, "host_queued_end": 1585405094.510773}, "device": "cpu", "nd_range": {"device_start": 2072869.8572296512, "device_end": 2072869.955085217}, "cmdq": 1, "read": {"device_start": -1, "device_end": -1}}, "FFC_sans_bias25": {"write": {"device_start": -1, "host_queued_start": 1585405094.494605, "device_queued": -1, "device_end": -1, "host_queued_end": 1585405094.510773}, "device": "cpu", "nd_range": {"device_start": 2072870.243305847, "device_end": 2072870.3350261152}, "cmdq": 0, "read": {"device_start": -1, "device_end": -1}}, "FFC_sans_bias27": {"write": {"device_start": -1, "host_queued_start": 1585405094.427993, "device_queued": -1, "device_end": -1, "host_queued_end": 1585405094.510773}, "device": "cpu", "nd_range": {"device_start": 2072869.0611129112, "device_end": 2072869.2054677992}, "cmdq": 2, "read": {"device_start": -1, "device_end": -1}}, "FFC_sans_bias20": {"write": {"device_start": -1, "host_queued_start": 1585405094.424694, "device_queued": -1, "device_end": -1, "host_queued_end": 1585405094.510773}, "device": "cpu", "nd_range": {"device_start": 2072868.933426493, "device_end": 2072869.0150783532}, "cmdq": 1, "read": {"device_start": -1, "device_end": -1}}, "FFC_sans_bias22": {"write": {"device_start": -1, "host_queued_start": 1585405094.478023, "device_queued": -1, "device_end": -1, "host_queued_end": 1585405094.510773}, "device": "cpu", "nd_range": {"device_start": 2072869.564749198, "device_end": 2072869.6894791862}, "cmdq": 0, "read": {"device_start": -1, "device_end": -1}}, "softmax68": {"write": {"device_start": -1, "host_queued_start": 1585405094.48205, "device_queued": -1, "device_end": -1, "host_queued_end": 1585405094.510773}, "device": "cpu", "nd_range": {"device_start": 2072869.8526996132, "device_end": 2072869.857220259}, "cmdq": 1, "read": {"device_start": -1, "device_end": -1}}, "softmax5": {"write": {"device_start": -1, "host_queued_start": 1585405094.480124, "device_queued": -1, "device_end": -1, "host_queued_end": 1585405094.510773}, "device": "cpu", "nd_range": {"device_start": 2072869.7850784212, "device_end": 2072869.786048389}, "cmdq": 0, "read": {"device_start": -1, "device_end": -1}}, "FFC_sans_bias28": {"write": {"device_start": -1, "host_queued_start": 1585405094.431297, "device_queued": -1, "device_end": -1, "host_queued_end": 1585405094.510773}, "device": "cpu", "nd_range": {"device_start": 2072868.9604113612, "device_end": 2072869.0820078012}, "cmdq": 0, "read": {"device_start": -1, "device_end": -1}}, "FFC_sans_bias29": {"write": {"device_start": -1, "host_queued_start": 1585405094.434626, "device_queued": -1, "device_end": -1, "host_queued_end": 1585405094.510773}, "device": "cpu", "nd_range": {"device_start": 2072869.015100517, "device_end": 2072869.121672383}, "cmdq": 1, "read": {"device_start": -1, "device_end": -1}}, "empty17": {"write": {"device_start": -1, "host_queued_start": 1585405094.378851, "device_queued": -1, "device_end": -1, "host_queued_end": 1585405094.510773}, "device": "cpu", "nd_range": {"device_start": 2072868.700477946, "device_end": 2072868.7004822192}, "cmdq": 1, "read": {"device_start": -1, "device_end": -1}}, "softmax59": {"write": {"device_start": -1, "host_queued_start": 1585405094.481778, "device_queued": -1, "device_end": -1, "host_queued_end": 1585405094.510773}, "device": "cpu", "nd_range": {"device_start": 2072869.8788376092, "device_end": 2072869.879772531}, "cmdq": 0, "read": {"device_start": -1, "device_end": -1}}, "empty71": {"write": {"device_start": -1, "host_queued_start": 1585405094.394962, "device_queued": -1, "device_end": -1, "host_queued_end": 1585405094.510773}, "device": "cpu", "nd_range": {"device_start": 2072868.7005111931, "device_end": 2072868.7005120772}, "cmdq": 1, "read": {"device_start": -1, "device_end": -1}}, "empty35": {"write": {"device_start": -1, "host_queued_start": 1585405094.38448, "device_queued": -1, "device_end": -1, "host_queued_end": 1585405094.510773}, "device": "cpu", "nd_range": {"device_start": 2072868.700470803, "device_end": 2072868.7004724052}, "cmdq": 0, "read": {"device_start": -1, "device_end": -1}}, "empty53": {"write": {"device_start": -1, "host_queued_start": 1585405094.389708, "device_queued": -1, "device_end": -1, "host_queued_end": 1585405094.510773}, "device": "cpu", "nd_range": {"device_start": 2072868.7004706492, "device_end": 2072868.700471597}, "cmdq": 2, "read": {"device_start": -1, "device_end": -1}}, "FFC_sans_bias46": {"write": {"device_start": -1, "host_queued_start": 1585405094.451104, "device_queued": -1, "device_end": -1, "host_queued_end": 1585405094.510773}, "device": "cpu", "nd_range": {"device_start": 2072869.1737006162, "device_end": 2072869.274122433}, "cmdq": 0, "read": {"device_start": -1, "device_end": -1}}, "coalesced_transpose66": {"write": {"device_start": -1, "host_queued_start": 1585405094.476986, "device_queued": -1, "device_end": -1, "host_queued_end": 1585405094.510773}, "device": "cpu", "nd_range": {"device_start": 2072869.5635156522, "device_end": 2072869.564428901}, "cmdq": 0, "read": {"device_start": -1, "device_end": -1}}, "coalesced_transpose48": {"write": {"device_start": -1, "host_queued_start": 1585405094.476321, "device_queued": -1, "device_end": -1, "host_queued_end": 1585405094.510773}, "device": "cpu", "nd_range": {"device_start": 2072869.531213826, "device_end": 2072869.532366913}, "cmdq": 1, "read": {"device_start": -1, "device_end": -1}}}