{"FFC_sans_bias60": {"write": {"device_start": -1, "host_queued_start": 1585405026.158515, "device_queued": -1, "device_end": -1, "host_queued_end": 1585405026.181866}, "device": "gpu", "nd_range": {"device_start": 1585404966.1412957, "device_end": 1585404966.1446354}, "cmdq": 0, "read": {"device_start": -1, "device_end": -1}}, "FFC_sans_bias4": {"write": {"device_start": -1, "host_queued_start": 1585405026.197984, "device_queued": -1, "device_end": -1, "host_queued_end": 1585405026.202075}, "device": "cpu", "nd_range": {"device_start": 2072800.4990311752, "device_end": 2072800.539661457}, "cmdq": 1, "read": {"device_start": -1, "device_end": -1}}, "FFC_sans_bias7": {"write": {"device_start": -1, "host_queued_start": 1585405026.202021, "device_queued": -1, "device_end": -1, "host_queued_end": 1585405026.202075}, "device": "cpu", "nd_range": {"device_start": 2072800.575632363, "device_end": 2072800.6107390022}, "cmdq": 0, "read": {"device_start": -1, "device_end": -1}}, "FFC_sans_bias6": {"write": {"device_start": -1, "host_queued_start": 1585405026.198626, "device_queued": -1, "device_end": -1, "host_queued_end": 1585405026.202075}, "device": "cpu", "nd_range": {"device_start": 2072800.540322316, "device_end": 2072800.5756051322}, "cmdq": 1, "read": {"device_start": -1, "device_end": -1}}, "FFC_sans_bias1": {"write": {"device_start": -1, "host_queued_start": 1585405026.193532, "device_queued": -1, "device_end": -1, "host_queued_end": 1585405026.202075}, "device": "cpu", "nd_range": {"device_start": 2072800.391685445, "device_end": 2072800.4396244732}, "cmdq": 0, "read": {"device_start": -1, "device_end": -1}}, "FFC_sans_bias0": {"write": {"device_start": -1, "host_queued_start": 1585405026.189593, "device_queued": -1, "device_end": -1, "host_queued_end": 1585405026.202075}, "device": "cpu", "nd_range": {"device_start": 2072800.3916736161, "device_end": 2072800.4634863762}, "cmdq": 1, "read": {"device_start": -1, "device_end": -1}}, "FFC_sans_bias2": {"write": {"device_start": -1, "host_queued_start": 1585405026.197277, "device_queued": -1, "device_end": -1, "host_queued_end": 1585405026.202075}, "device": "cpu", "nd_range": {"device_start": 2072800.4635233001, "device_end": 2072800.499014565}, "cmdq": 1, "read": {"device_start": -1, "device_end": -1}}, "FFC_sans_bias61": {"write": {"device_start": 1585404966.1677663, "host_queued_start": 1585405026.178501, "device_queued": 1585404966.029751, "device_end": 1585404966.167853, "host_queued_end": 1585405026.181866}, "device": "gpu", "nd_range": {"device_start": 1585404966.1678605, "device_end": 1585404966.1711736}, "cmdq": 0, "read": {"device_start": 1585404966.1711783, "device_end": 1585404966.171264}}, "FFC_sans_bias52": {"write": {"device_start": 1585404966.163868, "host_queued_start": 1585405026.175216, "device_queued": 1585404966.029484, "device_end": 1585404966.1639552, "host_queued_end": 1585405026.181866}, "device": "gpu", "nd_range": {"device_start": 1585404966.1639621, "device_end": 1585404966.1672716}, "cmdq": 0, "read": {"device_start": 1585404966.16728, "device_end": 1585404966.1673653}}, "FFC_sans_bias9": {"write": {"device_start": 1585404966.021005, "host_queued_start": 1585405026.084045, "device_queued": 1585404966.0196326, "device_end": 1585404966.0211241, "host_queued_end": 1585405026.181866}, "device": "gpu", "nd_range": {"device_start": 1585404966.0211399, "device_end": 1585404966.024467}, "cmdq": 0, "read": {"device_start": -1, "device_end": -1}}, "coalesced_transpose39": {"write": {"device_start": -1, "host_queued_start": 1585405026.151703, "device_queued": -1, "device_end": -1, "host_queued_end": 1585405026.181866}, "device": "gpu", "nd_range": {"device_start": 1585404966.0981605, "device_end": 1585404966.0981786}, "cmdq": 0, "read": {"device_start": -1, "device_end": -1}}, "FFC_sans_bias55": {"write": {"device_start": 1585404966.0837026, "host_queued_start": 1585405026.140615, "device_queued": 1585404966.024092, "device_end": 1585404966.0837948, "host_queued_end": 1585405026.181866}, "device": "gpu", "nd_range": {"device_start": 1585404966.0838015, "device_end": 1585404966.0871332}, "cmdq": 0, "read": {"device_start": -1, "device_end": -1}}, "FFC_sans_bias54": {"write": {"device_start": 1585404966.0800357, "host_queued_start": 1585405026.137372, "device_queued": 1585404966.0238767, "device_end": 1585404966.0801232, "host_queued_end": 1585405026.181866}, "device": "gpu", "nd_range": {"device_start": 1585404966.0801296, "device_end": 1585404966.0834868}, "cmdq": 0, "read": {"device_start": -1, "device_end": -1}}, "FFC_sans_bias56": {"write": {"device_start": 1585404966.076383, "host_queued_start": 1585405026.134123, "device_queued": 1585404966.0236664, "device_end": 1585404966.07647, "host_queued_end": 1585405026.181866}, "device": "gpu", "nd_range": {"device_start": 1585404966.0764768, "device_end": 1585404966.0798216}, "cmdq": 0, "read": {"device_start": -1, "device_end": -1}}, "FFC_sans_bias51": {"write": {"device_start": -1, "host_queued_start": 1585405026.1582, "device_queued": -1, "device_end": -1, "host_queued_end": 1585405026.181866}, "device": "gpu", "nd_range": {"device_start": 1585404966.137955, "device_end": 1585404966.141294}, "cmdq": 0, "read": {"device_start": -1, "device_end": -1}}, "softmax23": {"write": {"device_start": -1, "host_queued_start": 1585405026.155379, "device_queued": -1, "device_end": -1, "host_queued_end": 1585405026.181866}, "device": "gpu", "nd_range": {"device_start": 1585404966.1220465, "device_end": 1585404966.1224682}, "cmdq": 0, "read": {"device_start": -1, "device_end": -1}}, "FFC_sans_bias37": {"write": {"device_start": 1585404966.0581484, "host_queued_start": 1585405026.117751, "device_queued": 1585404966.0225558, "device_end": 1585404966.0582366, "host_queued_end": 1585405026.181866}, "device": "gpu", "nd_range": {"device_start": 1585404966.0582435, "device_end": 1585404966.0615978}, "cmdq": 0, "read": {"device_start": -1, "device_end": -1}}, "empty62": {"write": {"device_start": 1585404966.0202696, "host_queued_start": 1585405026.078555, "device_queued": 1585404966.0192473, "device_end": 1585404966.0203626, "host_queued_end": 1585405026.181866}, "device": "gpu", "nd_range": {"device_start": 1585404966.0203779, "device_end": 1585404966.0203812}, "cmdq": 0, "read": {"device_start": -1, "device_end": -1}}, "FFC_sans_bias70": {"write": {"device_start": 1585404966.1716628, "host_queued_start": 1585405026.181744, "device_queued": 1585404966.0300183, "device_end": 1585404966.1717505, "host_queued_end": 1585405026.181866}, "device": "gpu", "nd_range": {"device_start": 1585404966.171757, "device_end": 1585404966.175091}, "cmdq": 0, "read": {"device_start": 1585404966.1750991, "device_end": 1585404966.1751866}}, "FFC_sans_bias58": {"write": {"device_start": -1, "host_queued_start": 1585405026.154548, "device_queued": -1, "device_end": -1, "host_queued_end": 1585405026.181866}, "device": "gpu", "nd_range": {"device_start": 1585404966.114959, "device_end": 1585404966.1182895}, "cmdq": 0, "read": {"device_start": -1, "device_end": -1}}, "softmax41": {"write": {"device_start": -1, "host_queued_start": 1585405026.155877, "device_queued": -1, "device_end": -1, "host_queued_end": 1585405026.181866}, "device": "gpu", "nd_range": {"device_start": 1585404966.122892, "device_end": 1585404966.1233125}, "cmdq": 0, "read": {"device_start": -1, "device_end": -1}}, "FFC_sans_bias11": {"write": {"device_start": 1585404966.0284917, "host_queued_start": 1585405026.090987, "device_queued": 1585404966.0203826, "device_end": 1585404966.0286067, "host_queued_end": 1585405026.181866}, "device": "gpu", "nd_range": {"device_start": 1585404966.0286162, "device_end": 1585404966.031964}, "cmdq": 0, "read": {"device_start": -1, "device_end": -1}}, "FFC_sans_bias10": {"write": {"device_start": 1585404966.024795, "host_queued_start": 1585405026.087514, "device_queued": 1585404966.019998, "device_end": 1585404966.0248961, "host_queued_end": 1585405026.181866}, "device": "gpu", "nd_range": {"device_start": 1585404966.024904, "device_end": 1585404966.0282245}, "cmdq": 0, "read": {"device_start": -1, "device_end": -1}}, "coalesced_transpose3": {"write": {"device_start": -1, "host_queued_start": 1585405026.197638, "device_queued": -1, "device_end": -1, "host_queued_end": 1585405026.202075}, "device": "cpu", "nd_range": {"device_start": 2072800.4398211732, "device_end": 2072800.440917784}, "cmdq": 0, "read": {"device_start": -1, "device_end": -1}}, "FFC_sans_bias34": {"write": {"device_start": 1585404966.156022, "host_queued_start": 1585405026.168643, "device_queued": 1585404966.0289402, "device_end": 1585404966.156111, "host_queued_end": 1585405026.181866}, "device": "gpu", "nd_range": {"device_start": 1585404966.1561184, "device_end": 1585404966.1594408}, "cmdq": 0, "read": {"device_start": 1585404966.1594443, "device_end": 1585404966.1595297}}, "FFC_sans_bias15": {"write": {"device_start": -1, "host_queued_start": 1585405026.15694, "device_queued": -1, "device_end": -1, "host_queued_end": 1585405026.181866}, "device": "gpu", "nd_range": {"device_start": 1585404966.1245785, "device_end": 1585404966.1279325}, "cmdq": 0, "read": {"device_start": -1, "device_end": -1}}, "FFC_sans_bias31": {"write": {"device_start": -1, "host_queued_start": 1585405026.153607, "device_queued": -1, "device_end": -1, "host_queued_end": 1585405026.181866}, "device": "gpu", "nd_range": {"device_start": 1585404966.104927, "device_end": 1585404966.1082652}, "cmdq": 0, "read": {"device_start": -1, "device_end": -1}}, "FFC_sans_bias16": {"write": {"device_start": 1585404966.1482186, "host_queued_start": 1585405026.162112, "device_queued": 1585404966.0281923, "device_end": 1585404966.1483066, "host_queued_end": 1585405026.181866}, "device": "gpu", "nd_range": {"device_start": 1585404966.1483123, "device_end": 1585404966.1516201}, "cmdq": 0, "read": {"device_start": 1585404966.1516216, "device_end": 1585404966.151707}}, "FFC_sans_bias19": {"write": {"device_start": 1585404966.0360975, "host_queued_start": 1585405026.097938, "device_queued": 1585404966.0211444, "device_end": 1585404966.0361938, "host_queued_end": 1585405026.181866}, "device": "gpu", "nd_range": {"device_start": 1585404966.036201, "device_end": 1585404966.0395534}, "cmdq": 0, "read": {"device_start": -1, "device_end": -1}}, "FFC_sans_bias18": {"write": {"device_start": 1585404966.0323193, "host_queued_start": 1585405026.094489, "device_queued": 1585404966.020732, "device_end": 1585404966.0324228, "host_queued_end": 1585405026.181866}, "device": "gpu", "nd_range": {"device_start": 1585404966.0324275, "device_end": 1585404966.035772}, "cmdq": 0, "read": {"device_start": -1, "device_end": -1}}, "coalesced_transpose30": {"write": {"device_start": -1, "host_queued_start": 1585405026.151401, "device_queued": -1, "device_end": -1, "host_queued_end": 1585405026.181866}, "device": "gpu", "nd_range": {"device_start": 1585404966.0981407, "device_end": 1585404966.0981586}, "cmdq": 0, "read": {"device_start": -1, "device_end": -1}}, "FFC_sans_bias69": {"write": {"device_start": -1, "host_queued_start": 1585405026.158833, "device_queued": -1, "device_end": -1, "host_queued_end": 1585405026.181866}, "device": "gpu", "nd_range": {"device_start": 1585404966.1446366, "device_end": 1585404966.1479719}, "cmdq": 0, "read": {"device_start": -1, "device_end": -1}}, "FFC_sans_bias38": {"write": {"device_start": 1585404966.0618086, "host_queued_start": 1585405026.121023, "device_queued": 1585404966.0227783, "device_end": 1585404966.0618973, "host_queued_end": 1585405026.181866}, "device": "gpu", "nd_range": {"device_start": 1585404966.0619032, "device_end": 1585404966.0652633}, "cmdq": 0, "read": {"device_start": -1, "device_end": -1}}, "coalesced_transpose57": {"write": {"device_start": -1, "host_queued_start": 1585405026.152309, "device_queued": -1, "device_end": -1, "host_queued_end": 1585405026.181866}, "device": "gpu", "nd_range": {"device_start": 1585404966.0981982, "device_end": 1585404966.098216}, "cmdq": 0, "read": {"device_start": -1, "device_end": -1}}, "empty26": {"write": {"device_start": 1585404966.0187318, "host_queued_start": 1585405026.067974, "device_queued": 1585404966.0182993, "device_end": 1585404966.018826, "host_queued_end": 1585405026.181866}, "device": "gpu", "nd_range": {"device_start": 1585404966.0188313, "device_end": 1585404966.0188344}, "cmdq": 0, "read": {"device_start": -1, "device_end": -1}}, "coalesced_transpose12": {"write": {"device_start": -1, "host_queued_start": 1585405026.150788, "device_queued": -1, "device_end": -1, "host_queued_end": 1585405026.181866}, "device": "gpu", "nd_range": {"device_start": 1585404966.0981026, "device_end": 1585404966.0981205}, "cmdq": 0, "read": {"device_start": -1, "device_end": -1}}, "empty44": {"write": {"device_start": 1585404966.0195184, "host_queued_start": 1585405026.073284, "device_queued": 1585404966.0188377, "device_end": 1585404966.0196123, "host_queued_end": 1585405026.181866}, "device": "gpu", "nd_range": {"device_start": 1585404966.0196276, "device_end": 1585404966.019631}, "cmdq": 0, "read": {"device_start": -1, "device_end": -1}}, "coalesced_transpose21": {"write": {"device_start": -1, "host_queued_start": 1585405026.151095, "device_queued": -1, "device_end": -1, "host_queued_end": 1585405026.181866}, "device": "gpu", "nd_range": {"device_start": 1585404966.0981216, "device_end": 1585404966.0981398}, "cmdq": 0, "read": {"device_start": -1, "device_end": -1}}, "FFC_sans_bias36": {"write": {"device_start": 1585404966.0544806, "host_queued_start": 1585405026.11449, "device_queued": 1585404966.0223298, "device_end": 1585404966.054568, "host_queued_end": 1585405026.181866}, "device": "gpu", "nd_range": {"device_start": 1585404966.0545745, "device_end": 1585404966.0579264}, "cmdq": 0, "read": {"device_start": -1, "device_end": -1}}, "softmax14": {"write": {"device_start": -1, "host_queued_start": 1585405026.155126, "device_queued": -1, "device_end": -1, "host_queued_end": 1585405026.181866}, "device": "gpu", "nd_range": {"device_start": 1585404966.1216218, "device_end": 1585404966.1220455}, "cmdq": 0, "read": {"device_start": -1, "device_end": -1}}, "FFC_sans_bias13": {"write": {"device_start": -1, "host_queued_start": 1585405026.152949, "device_queued": -1, "device_end": -1, "host_queued_end": 1585405026.181866}, "device": "gpu", "nd_range": {"device_start": 1585404966.0982363, "device_end": 1585404966.1015818}, "cmdq": 0, "read": {"device_start": -1, "device_end": -1}}, "empty8": {"write": {"device_start": -1, "host_queued_start": 1585405026.186215, "device_queued": -1, "device_end": -1, "host_queued_end": 1585405026.202075}, "device": "cpu", "nd_range": {"device_start": 2072800.3916499952, "device_end": 2072800.3916597632}, "cmdq": 0, "read": {"device_start": -1, "device_end": -1}}, "FFC_sans_bias42": {"write": {"device_start": -1, "host_queued_start": 1585405026.157888, "device_queued": -1, "device_end": -1, "host_queued_end": 1585405026.181866}, "device": "gpu", "nd_range": {"device_start": 1585404966.1346047, "device_end": 1585404966.137954}, "cmdq": 0, "read": {"device_start": -1, "device_end": -1}}, "FFC_sans_bias43": {"write": {"device_start": 1585404966.1599522, "host_queued_start": 1585405026.171907, "device_queued": 1585404966.029221, "device_end": 1585404966.1600409, "host_queued_end": 1585405026.181866}, "device": "gpu", "nd_range": {"device_start": 1585404966.1600463, "device_end": 1585404966.1633637}, "cmdq": 0, "read": {"device_start": 1585404966.1633723, "device_end": 1585404966.1634576}}, "FFC_sans_bias40": {"write": {"device_start": -1, "host_queued_start": 1585405026.153919, "device_queued": -1, "device_end": -1, "host_queued_end": 1585405026.181866}, "device": "gpu", "nd_range": {"device_start": 1585404966.108266, "device_end": 1585404966.1115963}, "cmdq": 0, "read": {"device_start": -1, "device_end": -1}}, "softmax32": {"write": {"device_start": -1, "host_queued_start": 1585405026.155623, "device_queued": -1, "device_end": -1, "host_queued_end": 1585405026.181866}, "device": "gpu", "nd_range": {"device_start": 1585404966.1224697, "device_end": 1585404966.122891}, "cmdq": 0, "read": {"device_start": -1, "device_end": -1}}, "FFC_sans_bias47": {"write": {"device_start": 1585404966.0727465, "host_queued_start": 1585405026.130821, "device_queued": 1585404966.0234435, "device_end": 1585404966.072835, "host_queued_end": 1585405026.181866}, "device": "gpu", "nd_range": {"device_start": 1585404966.0728416, "device_end": 1585404966.076175}, "cmdq": 0, "read": {"device_start": -1, "device_end": -1}}, "FFC_sans_bias45": {"write": {"device_start": 1585404966.065471, "host_queued_start": 1585405026.124269, "device_queued": 1585404966.022996, "device_end": 1585404966.0655584, "host_queued_end": 1585405026.181866}, "device": "gpu", "nd_range": {"device_start": 1585404966.065565, "device_end": 1585404966.0688968}, "cmdq": 0, "read": {"device_start": -1, "device_end": -1}}, "softmax50": {"write": {"device_start": -1, "host_queued_start": 1585405026.156123, "device_queued": -1, "device_end": -1, "host_queued_end": 1585405026.181866}, "device": "gpu", "nd_range": {"device_start": 1585404966.123314, "device_end": 1585404966.1237345}, "cmdq": 0, "read": {"device_start": -1, "device_end": -1}}, "FFC_sans_bias33": {"write": {"device_start": -1, "host_queued_start": 1585405026.157574, "device_queued": -1, "device_end": -1, "host_queued_end": 1585405026.181866}, "device": "gpu", "nd_range": {"device_start": 1585404966.1312742, "device_end": 1585404966.1346035}, "cmdq": 0, "read": {"device_start": -1, "device_end": -1}}, "FFC_sans_bias63": {"write": {"device_start": 1585404966.094683, "host_queued_start": 1585405026.150439, "device_queued": 1585404966.0249047, "device_end": 1585404966.0947704, "host_queued_end": 1585405026.181866}, "device": "gpu", "nd_range": {"device_start": 1585404966.0947766, "device_end": 1585404966.0981011}, "cmdq": 0, "read": {"device_start": -1, "device_end": -1}}, "FFC_sans_bias49": {"write": {"device_start": -1, "host_queued_start": 1585405026.154232, "device_queued": -1, "device_end": -1, "host_queued_end": 1585405026.181866}, "device": "gpu", "nd_range": {"device_start": 1585404966.111598, "device_end": 1585404966.1149578}, "cmdq": 0, "read": {"device_start": -1, "device_end": -1}}, "FFC_sans_bias64": {"write": {"device_start": 1585404966.0873623, "host_queued_start": 1585405026.143905, "device_queued": 1585404966.0243297, "device_end": 1585404966.0874507, "host_queued_end": 1585405026.181866}, "device": "gpu", "nd_range": {"device_start": 1585404966.0874572, "device_end": 1585404966.0907884}, "cmdq": 0, "read": {"device_start": -1, "device_end": -1}}, "FFC_sans_bias65": {"write": {"device_start": 1585404966.091017, "host_queued_start": 1585405026.147184, "device_queued": 1585404966.0246258, "device_end": 1585404966.0911043, "host_queued_end": 1585405026.181866}, "device": "gpu", "nd_range": {"device_start": 1585404966.091111, "device_end": 1585404966.094466}, "cmdq": 0, "read": {"device_start": -1, "device_end": -1}}, "FFC_sans_bias67": {"write": {"device_start": -1, "host_queued_start": 1585405026.154871, "device_queued": -1, "device_end": -1, "host_queued_end": 1585405026.181866}, "device": "gpu", "nd_range": {"device_start": 1585404966.1182904, "device_end": 1585404966.121621}, "cmdq": 0, "read": {"device_start": -1, "device_end": -1}}, "FFC_sans_bias24": {"write": {"device_start": -1, "host_queued_start": 1585405026.157258, "device_queued": -1, "device_end": -1, "host_queued_end": 1585405026.181866}, "device": "gpu", "nd_range": {"device_start": 1585404966.1279345, "device_end": 1585404966.1312733}, "cmdq": 0, "read": {"device_start": -1, "device_end": -1}}, "FFC_sans_bias25": {"write": {"device_start": 1585404966.1521196, "host_queued_start": 1585405026.165377, "device_queued": 1585404966.0286577, "device_end": 1585404966.1522074, "host_queued_end": 1585405026.181866}, "device": "gpu", "nd_range": {"device_start": 1585404966.1522148, "device_end": 1585404966.1555161}, "cmdq": 0, "read": {"device_start": 1585404966.1555245, "device_end": 1585404966.1556141}}, "FFC_sans_bias27": {"write": {"device_start": 1585404966.0435154, "host_queued_start": 1585405026.104541, "device_queued": 1585404966.0216098, "device_end": 1585404966.0436046, "host_queued_end": 1585405026.181866}, "device": "gpu", "nd_range": {"device_start": 1585404966.0436115, "device_end": 1585404966.0469458}, "cmdq": 0, "read": {"device_start": -1, "device_end": -1}}, "FFC_sans_bias20": {"write": {"device_start": 1585404966.039835, "host_queued_start": 1585405026.101286, "device_queued": 1585404966.0213861, "device_end": 1585404966.0399356, "host_queued_end": 1585405026.181866}, "device": "gpu", "nd_range": {"device_start": 1585404966.0399415, "device_end": 1585404966.0432856}, "cmdq": 0, "read": {"device_start": -1, "device_end": -1}}, "FFC_sans_bias22": {"write": {"device_start": -1, "host_queued_start": 1585405026.153288, "device_queued": -1, "device_end": -1, "host_queued_end": 1585405026.181866}, "device": "gpu", "nd_range": {"device_start": 1585404966.101583, "device_end": 1585404966.1049259}, "cmdq": 0, "read": {"device_start": -1, "device_end": -1}}, "softmax68": {"write": {"device_start": -1, "host_queued_start": 1585405026.156633, "device_queued": -1, "device_end": -1, "host_queued_end": 1585405026.181866}, "device": "gpu", "nd_range": {"device_start": 1585404966.1241558, "device_end": 1585404966.1245773}, "cmdq": 0, "read": {"device_start": -1, "device_end": -1}}, "softmax5": {"write": {"device_start": -1, "host_queued_start": 1585405026.198262, "device_queued": -1, "device_end": -1, "host_queued_end": 1585405026.202075}, "device": "cpu", "nd_range": {"device_start": 2072800.53972043, "device_end": 2072800.540174578}, "cmdq": 0, "read": {"device_start": -1, "device_end": -1}}, "FFC_sans_bias28": {"write": {"device_start": 1585404966.0471678, "host_queued_start": 1585405026.107814, "device_queued": 1585404966.021839, "device_end": 1585404966.0472617, "host_queued_end": 1585405026.181866}, "device": "gpu", "nd_range": {"device_start": 1585404966.0472682, "device_end": 1585404966.0506268}, "cmdq": 0, "read": {"device_start": -1, "device_end": -1}}, "FFC_sans_bias29": {"write": {"device_start": 1585404966.0508435, "host_queued_start": 1585405026.111178, "device_queued": 1585404966.0221066, "device_end": 1585404966.050933, "host_queued_end": 1585405026.181866}, "device": "gpu", "nd_range": {"device_start": 1585404966.0509393, "device_end": 1585404966.0542703}, "cmdq": 0, "read": {"device_start": -1, "device_end": -1}}, "empty17": {"write": {"device_start": 1585404966.0182843, "host_queued_start": 1585405026.064475, "device_queued": 1585404966.0179262, "device_end": 1585404966.0183878, "host_queued_end": 1585405026.181866}, "device": "gpu", "nd_range": {"device_start": 1585404966.0183935, "device_end": 1585404966.0183978}, "cmdq": 0, "read": {"device_start": -1, "device_end": -1}}, "softmax59": {"write": {"device_start": -1, "host_queued_start": 1585405026.156368, "device_queued": -1, "device_end": -1, "host_queued_end": 1585405026.181866}, "device": "gpu", "nd_range": {"device_start": 1585404966.1237354, "device_end": 1585404966.1241548}, "cmdq": 0, "read": {"device_start": -1, "device_end": -1}}, "empty71": {"write": {"device_start": 1585404966.0206294, "host_queued_start": 1585405026.081212, "device_queued": 1585404966.0194142, "device_end": 1585404966.0207226, "host_queued_end": 1585405026.181866}, "device": "gpu", "nd_range": {"device_start": 1585404966.020725, "device_end": 1585404966.0207288}, "cmdq": 0, "read": {"device_start": -1, "device_end": -1}}, "empty35": {"write": {"device_start": 1585404966.019129, "host_queued_start": 1585405026.070634, "device_queued": 1585404966.0185728, "device_end": 1585404966.0192246, "host_queued_end": 1585405026.181866}, "device": "gpu", "nd_range": {"device_start": 1585404966.019227, "device_end": 1585404966.0192308}, "cmdq": 0, "read": {"device_start": -1, "device_end": -1}}, "empty53": {"write": {"device_start": 1585404966.0198963, "host_queued_start": 1585405026.075928, "device_queued": 1585404966.0190408, "device_end": 1585404966.0199888, "host_queued_end": 1585405026.181866}, "device": "gpu", "nd_range": {"device_start": 1585404966.019998, "device_end": 1585404966.0200014}, "cmdq": 0, "read": {"device_start": -1, "device_end": -1}}, "FFC_sans_bias46": {"write": {"device_start": 1585404966.0691123, "host_queued_start": 1585405026.127543, "device_queued": 1585404966.023212, "device_end": 1585404966.0692003, "host_queued_end": 1585405026.181866}, "device": "gpu", "nd_range": {"device_start": 1585404966.0692074, "device_end": 1585404966.0725377}, "cmdq": 0, "read": {"device_start": -1, "device_end": -1}}, "coalesced_transpose66": {"write": {"device_start": -1, "host_queued_start": 1585405026.152625, "device_queued": -1, "device_end": -1, "host_queued_end": 1585405026.181866}, "device": "gpu", "nd_range": {"device_start": 1585404966.0982175, "device_end": 1585404966.0982351}, "cmdq": 0, "read": {"device_start": -1, "device_end": -1}}, "coalesced_transpose48": {"write": {"device_start": -1, "host_queued_start": 1585405026.152004, "device_queued": -1, "device_end": -1, "host_queued_end": 1585405026.181866}, "device": "gpu", "nd_range": {"device_start": 1585404966.0981796, "device_end": 1585404966.098197}, "cmdq": 0, "read": {"device_start": -1, "device_end": -1}}}