{"FFC_sans_bias60": {"write": {"device_start": -1, "host_queued_start": 1585405322.123293, "device_queued": -1, "device_end": -1, "host_queued_end": 1585405322.149481}, "device": "cpu", "nd_range": {"device_start": 2073097.6738215722, "device_end": 2073097.8090305612}, "cmdq": 2, "read": {"device_start": -1, "device_end": -1}}, "FFC_sans_bias4": {"write": {"device_start": -1, "host_queued_start": 1585405322.11612, "device_queued": -1, "device_end": -1, "host_queued_end": 1585405322.149481}, "device": "cpu", "nd_range": {"device_start": 2073097.1460639772, "device_end": 2073097.3688159862}, "cmdq": 0, "read": {"device_start": -1, "device_end": -1}}, "FFC_sans_bias7": {"write": {"device_start": -1, "host_queued_start": 1585405322.126893, "device_queued": -1, "device_end": -1, "host_queued_end": 1585405322.149481}, "device": "cpu", "nd_range": {"device_start": 2073097.7387945722, "device_end": 2073097.861758952}, "cmdq": 0, "read": {"device_start": -1, "device_end": -1}}, "FFC_sans_bias6": {"write": {"device_start": -1, "host_queued_start": 1585405322.121174, "device_queued": -1, "device_end": -1, "host_queued_end": 1585405322.149481}, "device": "cpu", "nd_range": {"device_start": 2073097.4933857091, "device_end": 2073097.615763752}, "cmdq": 0, "read": {"device_start": -1, "device_end": -1}}, "FFC_sans_bias1": {"write": {"device_start": -1, "host_queued_start": 1585405322.039806, "device_queued": -1, "device_end": -1, "host_queued_end": 1585405322.149481}, "device": "cpu", "nd_range": {"device_start": 2073096.339219297, "device_end": 2073096.47058324}, "cmdq": 1, "read": {"device_start": -1, "device_end": -1}}, "FFC_sans_bias0": {"write": {"device_start": -1, "host_queued_start": 1585405322.036396, "device_queued": -1, "device_end": -1, "host_queued_end": 1585405322.149481}, "device": "cpu", "nd_range": {"device_start": 2073096.3391778152, "device_end": 2073096.5187665152}, "cmdq": 0, "read": {"device_start": -1, "device_end": -1}}, "FFC_sans_bias2": {"write": {"device_start": -1, "host_queued_start": 1585405322.043253, "device_queued": -1, "device_end": -1, "host_queued_end": 1585405322.149481}, "device": "cpu", "nd_range": {"device_start": 2073096.339177939, "device_end": 2073096.462126116}, "cmdq": 2, "read": {"device_start": -1, "device_end": -1}}, "FFC_sans_bias61": {"write": {"device_start": -1, "host_queued_start": 1585405322.146228, "device_queued": -1, "device_end": -1, "host_queued_end": 1585405322.149481}, "device": "cpu", "nd_range": {"device_start": 2073097.9975560862, "device_end": 2073098.0915461772}, "cmdq": 2, "read": {"device_start": -1, "device_end": -1}}, "FFC_sans_bias52": {"write": {"device_start": -1, "host_queued_start": 1585405322.143024, "device_queued": -1, "device_end": -1, "host_queued_end": 1585405322.149481}, "device": "cpu", "nd_range": {"device_start": 2073098.0205871002, "device_end": 2073098.1441358372}, "cmdq": 1, "read": {"device_start": -1, "device_end": -1}}, "FFC_sans_bias9": {"write": {"device_start": -1, "host_queued_start": 1585405322.046892, "device_queued": -1, "device_end": -1, "host_queued_end": 1585405322.149481}, "device": "cpu", "nd_range": {"device_start": 2073096.339988314, "device_end": 2073096.4628549071}, "cmdq": 3, "read": {"device_start": -1, "device_end": -1}}, "coalesced_transpose39": {"write": {"device_start": -1, "host_queued_start": 1585405322.114785, "device_queued": -1, "device_end": -1, "host_queued_end": 1585405322.149481}, "device": "cpu", "nd_range": {"device_start": 2073097.1449621862, "device_end": 2073097.1460519382}, "cmdq": 0, "read": {"device_start": -1, "device_end": -1}}, "FFC_sans_bias55": {"write": {"device_start": -1, "host_queued_start": 1585405322.103252, "device_queued": -1, "device_end": -1, "host_queued_end": 1585405322.149481}, "device": "cpu", "nd_range": {"device_start": 2073097.010404078, "device_end": 2073097.1326593182}, "cmdq": 0, "read": {"device_start": -1, "device_end": -1}}, "FFC_sans_bias54": {"write": {"device_start": -1, "host_queued_start": 1585405322.099958, "device_queued": -1, "device_end": -1, "host_queued_end": 1585405322.149481}, "device": "cpu", "nd_range": {"device_start": 2073096.8479542132, "device_end": 2073097.09594329}, "cmdq": 3, "read": {"device_start": -1, "device_end": -1}}, "FFC_sans_bias56": {"write": {"device_start": -1, "host_queued_start": 1585405322.096674, "device_queued": -1, "device_end": -1, "host_queued_end": 1585405322.149481}, "device": "cpu", "nd_range": {"device_start": 2073096.8306893692, "device_end": 2073096.9940583932}, "cmdq": 2, "read": {"device_start": -1, "device_end": -1}}, "FFC_sans_bias51": {"write": {"device_start": -1, "host_queued_start": 1585405322.122952, "device_queued": -1, "device_end": -1, "host_queued_end": 1585405322.149481}, "device": "cpu", "nd_range": {"device_start": 2073097.7618977071, "device_end": 2073097.891250783}, "cmdq": 1, "read": {"device_start": -1, "device_end": -1}}, "softmax23": {"write": {"device_start": -1, "host_queued_start": 1585405322.119472, "device_queued": -1, "device_end": -1, "host_queued_end": 1585405322.149481}, "device": "cpu", "nd_range": {"device_start": 2073097.432469848, "device_end": 2073097.4334110252}, "cmdq": 2, "read": {"device_start": -1, "device_end": -1}}, "FFC_sans_bias37": {"write": {"device_start": -1, "host_queued_start": 1585405322.08011, "device_queued": -1, "device_end": -1, "host_queued_end": 1585405322.149481}, "device": "cpu", "nd_range": {"device_start": 2073096.8994533212, "device_end": 2073097.031703195}, "cmdq": 1, "read": {"device_start": -1, "device_end": -1}}, "empty62": {"write": {"device_start": -1, "host_queued_start": 1585405322.030868, "device_queued": -1, "device_end": -1, "host_queued_end": 1585405322.149481}, "device": "cpu", "nd_range": {"device_start": 2073096.339171668, "device_end": 2073096.339172814}, "cmdq": 2, "read": {"device_start": -1, "device_end": -1}}, "FFC_sans_bias70": {"write": {"device_start": -1, "host_queued_start": 1585405322.149427, "device_queued": -1, "device_end": -1, "host_queued_end": 1585405322.149481}, "device": "cpu", "nd_range": {"device_start": 2073098.187026319, "device_end": 2073098.2393367952}, "cmdq": 3, "read": {"device_start": -1, "device_end": -1}}, "FFC_sans_bias58": {"write": {"device_start": -1, "host_queued_start": 1585405322.118292, "device_queued": -1, "device_end": -1, "host_queued_end": 1585405322.149481}, "device": "cpu", "nd_range": {"device_start": 2073097.310257906, "device_end": 2073097.4322512082}, "cmdq": 2, "read": {"device_start": -1, "device_end": -1}}, "softmax41": {"write": {"device_start": -1, "host_queued_start": 1585405322.12002, "device_queued": -1, "device_end": -1, "host_queued_end": 1585405322.149481}, "device": "cpu", "nd_range": {"device_start": 2073097.4923295162, "device_end": 2073097.4932574732}, "cmdq": 0, "read": {"device_start": -1, "device_end": -1}}, "FFC_sans_bias11": {"write": {"device_start": -1, "host_queued_start": 1585405322.053587, "device_queued": -1, "device_end": -1, "host_queued_end": 1585405322.149481}, "device": "cpu", "nd_range": {"device_start": 2073096.470603706, "device_end": 2073096.7296460592}, "cmdq": 1, "read": {"device_start": -1, "device_end": -1}}, "FFC_sans_bias10": {"write": {"device_start": -1, "host_queued_start": 1585405322.050285, "device_queued": -1, "device_end": -1, "host_queued_end": 1585405322.149481}, "device": "cpu", "nd_range": {"device_start": 2073096.5187897421, "device_end": 2073096.6413185352}, "cmdq": 0, "read": {"device_start": -1, "device_end": -1}}, "coalesced_transpose3": {"write": {"device_start": -1, "host_queued_start": 1585405322.113453, "device_queued": -1, "device_end": -1, "host_queued_end": 1585405322.149481}, "device": "cpu", "nd_range": {"device_start": 2073097.1326808971, "device_end": 2073097.144948719}, "cmdq": 0, "read": {"device_start": -1, "device_end": -1}}, "FFC_sans_bias34": {"write": {"device_start": -1, "host_queued_start": 1585405322.136581, "device_queued": -1, "device_end": -1, "host_queued_end": 1585405322.149481}, "device": "cpu", "nd_range": {"device_start": 2073098.1447136481, "device_end": 2073098.1870193572}, "cmdq": 3, "read": {"device_start": -1, "device_end": -1}}, "FFC_sans_bias15": {"write": {"device_start": -1, "host_queued_start": 1585405322.121541, "device_queued": -1, "device_end": -1, "host_queued_end": 1585405322.149481}, "device": "cpu", "nd_range": {"device_start": 2073097.632261817, "device_end": 2073097.7618680452}, "cmdq": 1, "read": {"device_start": -1, "device_end": -1}}, "FFC_sans_bias31": {"write": {"device_start": -1, "host_queued_start": 1585405322.117163, "device_queued": -1, "device_end": -1, "host_queued_end": 1585405322.149481}, "device": "cpu", "nd_range": {"device_start": 2073097.362268378, "device_end": 2073097.607574284}, "cmdq": 3, "read": {"device_start": -1, "device_end": -1}}, "FFC_sans_bias16": {"write": {"device_start": -1, "host_queued_start": 1585405322.130105, "device_queued": -1, "device_end": -1, "host_queued_end": 1585405322.149481}, "device": "cpu", "nd_range": {"device_start": 2073097.8914656392, "device_end": 2073098.0205749741}, "cmdq": 1, "read": {"device_start": -1, "device_end": -1}}, "FFC_sans_bias19": {"write": {"device_start": -1, "host_queued_start": 1585405322.060245, "device_queued": -1, "device_end": -1, "host_queued_end": 1585405322.149481}, "device": "cpu", "nd_range": {"device_start": 2073096.4630457312, "device_end": 2073096.585293007}, "cmdq": 3, "read": {"device_start": -1, "device_end": -1}}, "FFC_sans_bias18": {"write": {"device_start": -1, "host_queued_start": 1585405322.056929, "device_queued": -1, "device_end": -1, "host_queued_end": 1585405322.149481}, "device": "cpu", "nd_range": {"device_start": 2073096.462367318, "device_end": 2073096.585350654}, "cmdq": 2, "read": {"device_start": -1, "device_end": -1}}, "coalesced_transpose30": {"write": {"device_start": -1, "host_queued_start": 1585405322.114446, "device_queued": -1, "device_end": -1, "host_queued_end": 1585405322.149481}, "device": "cpu", "nd_range": {"device_start": 2073097.350628314, "device_end": 2073097.3609536951}, "cmdq": 3, "read": {"device_start": -1, "device_end": -1}}, "FFC_sans_bias69": {"write": {"device_start": -1, "host_queued_start": 1585405322.123638, "device_queued": -1, "device_end": -1, "host_queued_end": 1585405322.149481}, "device": "cpu", "nd_range": {"device_start": 2073098.076021128, "device_end": 2073098.1446903392}, "cmdq": 3, "read": {"device_start": -1, "device_end": -1}}, "FFC_sans_bias38": {"write": {"device_start": -1, "host_queued_start": 1585405322.083433, "device_queued": -1, "device_end": -1, "host_queued_end": 1585405322.149481}, "device": "cpu", "nd_range": {"device_start": 2073096.7079676872, "device_end": 2073096.8304530792}, "cmdq": 2, "read": {"device_start": -1, "device_end": -1}}, "coalesced_transpose57": {"write": {"device_start": -1, "host_queued_start": 1585405322.11544, "device_queued": -1, "device_end": -1, "host_queued_end": 1585405322.149481}, "device": "cpu", "nd_range": {"device_start": 2073097.185042134, "device_end": 2073097.1862263812}, "cmdq": 2, "read": {"device_start": -1, "device_end": -1}}, "empty26": {"write": {"device_start": -1, "host_queued_start": 1585405322.017806, "device_queued": -1, "device_end": -1, "host_queued_end": 1585405322.149481}, "device": "cpu", "nd_range": {"device_start": 2073096.3391370492, "device_end": 2073096.3391475342}, "cmdq": 2, "read": {"device_start": -1, "device_end": -1}}, "coalesced_transpose12": {"write": {"device_start": -1, "host_queued_start": 1585405322.113788, "device_queued": -1, "device_end": -1, "host_queued_end": 1585405322.149481}, "device": "cpu", "nd_range": {"device_start": 2073097.3255989281, "device_end": 2073097.326688908}, "cmdq": 1, "read": {"device_start": -1, "device_end": -1}}, "empty44": {"write": {"device_start": -1, "host_queued_start": 1585405322.024719, "device_queued": -1, "device_end": -1, "host_queued_end": 1585405322.149481}, "device": "cpu", "nd_range": {"device_start": 2073096.3391709172, "device_end": 2073096.3391719752}, "cmdq": 0, "read": {"device_start": -1, "device_end": -1}}, "coalesced_transpose21": {"write": {"device_start": -1, "host_queued_start": 1585405322.114117, "device_queued": -1, "device_end": -1, "host_queued_end": 1585405322.149481}, "device": "cpu", "nd_range": {"device_start": 2073097.1838194141, "device_end": 2073097.1850321742}, "cmdq": 2, "read": {"device_start": -1, "device_end": -1}}, "FFC_sans_bias36": {"write": {"device_start": -1, "host_queued_start": 1585405322.076816, "device_queued": -1, "device_end": -1, "host_queued_end": 1585405322.149481}, "device": "cpu", "nd_range": {"device_start": 2073096.764532284, "device_end": 2073096.8874663962}, "cmdq": 0, "read": {"device_start": -1, "device_end": -1}}, "softmax14": {"write": {"device_start": -1, "host_queued_start": 1585405322.119197, "device_queued": -1, "device_end": -1, "host_queued_end": 1585405322.149481}, "device": "cpu", "nd_range": {"device_start": 2073097.630034171, "device_end": 2073097.630978788}, "cmdq": 1, "read": {"device_start": -1, "device_end": -1}}, "FFC_sans_bias13": {"write": {"device_start": -1, "host_queued_start": 1585405322.116466, "device_queued": -1, "device_end": -1, "host_queued_end": 1585405322.149481}, "device": "cpu", "nd_range": {"device_start": 2073097.328106668, "device_end": 2073097.4999098242}, "cmdq": 1, "read": {"device_start": -1, "device_end": -1}}, "empty8": {"write": {"device_start": -1, "host_queued_start": 1585405322.011019, "device_queued": -1, "device_end": -1, "host_queued_end": 1585405322.149481}, "device": "cpu", "nd_range": {"device_start": 2073096.3391342591, "device_end": 2073096.3391475142}, "cmdq": 0, "read": {"device_start": -1, "device_end": -1}}, "FFC_sans_bias42": {"write": {"device_start": -1, "host_queued_start": 1585405322.122606, "device_queued": -1, "device_end": -1, "host_queued_end": 1585405322.149481}, "device": "cpu", "nd_range": {"device_start": 2073097.615957037, "device_end": 2073097.738770341}, "cmdq": 0, "read": {"device_start": -1, "device_end": -1}}, "FFC_sans_bias43": {"write": {"device_start": -1, "host_queued_start": 1585405322.1398, "device_queued": -1, "device_end": -1, "host_queued_end": 1585405322.149481}, "device": "cpu", "nd_range": {"device_start": 2073097.861766268, "device_end": 2073097.9839527512}, "cmdq": 0, "read": {"device_start": -1, "device_end": -1}}, "FFC_sans_bias40": {"write": {"device_start": -1, "host_queued_start": 1585405322.117517, "device_queued": -1, "device_end": -1, "host_queued_end": 1585405322.149481}, "device": "cpu", "nd_range": {"device_start": 2073097.368826783, "device_end": 2073097.4910108692}, "cmdq": 0, "read": {"device_start": -1, "device_end": -1}}, "softmax32": {"write": {"device_start": -1, "host_queued_start": 1585405322.119748, "device_queued": -1, "device_end": -1, "host_queued_end": 1585405322.149481}, "device": "cpu", "nd_range": {"device_start": 2073097.8581373922, "device_end": 2073097.8687776262}, "cmdq": 3, "read": {"device_start": -1, "device_end": -1}}, "FFC_sans_bias47": {"write": {"device_start": -1, "host_queued_start": 1585405322.09333, "device_queued": -1, "device_end": -1, "host_queued_end": 1585405322.149481}, "device": "cpu", "nd_range": {"device_start": 2073097.0319238422, "device_end": 2073097.162587831}, "cmdq": 1, "read": {"device_start": -1, "device_end": -1}}, "FFC_sans_bias45": {"write": {"device_start": -1, "host_queued_start": 1585405322.086748, "device_queued": -1, "device_end": -1, "host_queued_end": 1585405322.149481}, "device": "cpu", "nd_range": {"device_start": 2073096.7076417902, "device_end": 2073096.8479318542}, "cmdq": 3, "read": {"device_start": -1, "device_end": -1}}, "softmax50": {"write": {"device_start": -1, "host_queued_start": 1585405322.120292, "device_queued": -1, "device_end": -1, "host_queued_end": 1585405322.149481}, "device": "cpu", "nd_range": {"device_start": 2073097.6311412712, "device_end": 2073097.632096013}, "cmdq": 1, "read": {"device_start": -1, "device_end": -1}}, "FFC_sans_bias33": {"write": {"device_start": -1, "host_queued_start": 1585405322.12226, "device_queued": -1, "device_end": -1, "host_queued_end": 1585405322.149481}, "device": "cpu", "nd_range": {"device_start": 2073097.8700446011, "device_end": 2073098.063513667}, "cmdq": 3, "read": {"device_start": -1, "device_end": -1}}, "FFC_sans_bias63": {"write": {"device_start": -1, "host_queued_start": 1585405322.113094, "device_queued": -1, "device_end": -1, "host_queued_end": 1585405322.149481}, "device": "cpu", "nd_range": {"device_start": 2073097.0959609612, "device_end": 2073097.3506045062}, "cmdq": 3, "read": {"device_start": -1, "device_end": -1}}, "FFC_sans_bias49": {"write": {"device_start": -1, "host_queued_start": 1585405322.117945, "device_queued": -1, "device_end": -1, "host_queued_end": 1585405322.149481}, "device": "cpu", "nd_range": {"device_start": 2073097.5000925972, "device_end": 2073097.6298100082}, "cmdq": 1, "read": {"device_start": -1, "device_end": -1}}, "FFC_sans_bias64": {"write": {"device_start": -1, "host_queued_start": 1585405322.106534, "device_queued": -1, "device_end": -1, "host_queued_end": 1585405322.149481}, "device": "cpu", "nd_range": {"device_start": 2073097.162787738, "device_end": 2073097.3246889752}, "cmdq": 1, "read": {"device_start": -1, "device_end": -1}}, "FFC_sans_bias65": {"write": {"device_start": -1, "host_queued_start": 1585405322.109826, "device_queued": -1, "device_end": -1, "host_queued_end": 1585405322.149481}, "device": "cpu", "nd_range": {"device_start": 2073096.9940897112, "device_end": 2073097.1838037812}, "cmdq": 2, "read": {"device_start": -1, "device_end": -1}}, "FFC_sans_bias67": {"write": {"device_start": -1, "host_queued_start": 1585405322.118643, "device_queued": -1, "device_end": -1, "host_queued_end": 1585405322.149481}, "device": "cpu", "nd_range": {"device_start": 2073097.6200189022, "device_end": 2073097.85811255}, "cmdq": 3, "read": {"device_start": -1, "device_end": -1}}, "FFC_sans_bias24": {"write": {"device_start": -1, "host_queued_start": 1585405322.121903, "device_queued": -1, "device_end": -1, "host_queued_end": 1585405322.149481}, "device": "cpu", "nd_range": {"device_start": 2073097.4346113661, "device_end": 2073097.673605767}, "cmdq": 2, "read": {"device_start": -1, "device_end": -1}}, "FFC_sans_bias25": {"write": {"device_start": -1, "host_queued_start": 1585405322.133311, "device_queued": -1, "device_end": -1, "host_queued_end": 1585405322.149481}, "device": "cpu", "nd_range": {"device_start": 2073097.8092577732, "device_end": 2073097.9975438681}, "cmdq": 2, "read": {"device_start": -1, "device_end": -1}}, "FFC_sans_bias27": {"write": {"device_start": -1, "host_queued_start": 1585405322.066858, "device_queued": -1, "device_end": -1, "host_queued_end": 1585405322.149481}, "device": "cpu", "nd_range": {"device_start": 2073096.73075795, "device_end": 2073096.8992165602}, "cmdq": 1, "read": {"device_start": -1, "device_end": -1}}, "FFC_sans_bias20": {"write": {"device_start": -1, "host_queued_start": 1585405322.063564, "device_queued": -1, "device_end": -1, "host_queued_end": 1585405322.149481}, "device": "cpu", "nd_range": {"device_start": 2073096.641551552, "device_end": 2073096.7642950811}, "cmdq": 0, "read": {"device_start": -1, "device_end": -1}}, "FFC_sans_bias22": {"write": {"device_start": -1, "host_queued_start": 1585405322.116809, "device_queued": -1, "device_end": -1, "host_queued_end": 1585405322.149481}, "device": "cpu", "nd_range": {"device_start": 2073097.186234425, "device_end": 2073097.310026288}, "cmdq": 2, "read": {"device_start": -1, "device_end": -1}}, "softmax68": {"write": {"device_start": -1, "host_queued_start": 1585405322.120835, "device_queued": -1, "device_end": -1, "host_queued_end": 1585405322.149481}, "device": "cpu", "nd_range": {"device_start": 2073097.8689728691, "device_end": 2073097.8699075342}, "cmdq": 3, "read": {"device_start": -1, "device_end": -1}}, "softmax5": {"write": {"device_start": -1, "host_queued_start": 1585405322.118922, "device_queued": -1, "device_end": -1, "host_queued_end": 1585405322.149481}, "device": "cpu", "nd_range": {"device_start": 2073097.4912374252, "device_end": 2073097.4921784422}, "cmdq": 0, "read": {"device_start": -1, "device_end": -1}}, "FFC_sans_bias28": {"write": {"device_start": -1, "host_queued_start": 1585405322.070197, "device_queued": -1, "device_end": -1, "host_queued_end": 1585405322.149481}, "device": "cpu", "nd_range": {"device_start": 2073096.5853727502, "device_end": 2073096.707632278}, "cmdq": 2, "read": {"device_start": -1, "device_end": -1}}, "FFC_sans_bias29": {"write": {"device_start": -1, "host_queued_start": 1585405322.073478, "device_queued": -1, "device_end": -1, "host_queued_end": 1585405322.149481}, "device": "cpu", "nd_range": {"device_start": 2073096.58562297, "device_end": 2073096.7076225162}, "cmdq": 3, "read": {"device_start": -1, "device_end": -1}}, "empty17": {"write": {"device_start": -1, "host_queued_start": 1585405322.014871, "device_queued": -1, "device_end": -1, "host_queued_end": 1585405322.149481}, "device": "cpu", "nd_range": {"device_start": 2073096.339183761, "device_end": 2073096.339188564}, "cmdq": 1, "read": {"device_start": -1, "device_end": -1}}, "softmax59": {"write": {"device_start": -1, "host_queued_start": 1585405322.120565, "device_queued": -1, "device_end": -1, "host_queued_end": 1585405322.149481}, "device": "cpu", "nd_range": {"device_start": 2073097.4335594021, "device_end": 2073097.4344822252}, "cmdq": 2, "read": {"device_start": -1, "device_end": -1}}, "empty71": {"write": {"device_start": -1, "host_queued_start": 1585405322.03351, "device_queued": -1, "device_end": -1, "host_queued_end": 1585405322.149481}, "device": "cpu", "nd_range": {"device_start": 2073096.33959718, "device_end": 2073096.3395981921}, "cmdq": 3, "read": {"device_start": -1, "device_end": -1}}, "empty35": {"write": {"device_start": -1, "host_queued_start": 1585405322.02157, "device_queued": -1, "device_end": -1, "host_queued_end": 1585405322.149481}, "device": "cpu", "nd_range": {"device_start": 2073096.339585642, "device_end": 2073096.3395892002}, "cmdq": 3, "read": {"device_start": -1, "device_end": -1}}, "empty53": {"write": {"device_start": -1, "host_queued_start": 1585405322.028103, "device_queued": -1, "device_end": -1, "host_queued_end": 1585405322.149481}, "device": "cpu", "nd_range": {"device_start": 2073096.3392122572, "device_end": 2073096.339213214}, "cmdq": 1, "read": {"device_start": -1, "device_end": -1}}, "FFC_sans_bias46": {"write": {"device_start": -1, "host_queued_start": 1585405322.090021, "device_queued": -1, "device_end": -1, "host_queued_end": 1585405322.149481}, "device": "cpu", "nd_range": {"device_start": 2073096.8874878082, "device_end": 2073097.010379251}, "cmdq": 0, "read": {"device_start": -1, "device_end": -1}}, "coalesced_transpose66": {"write": {"device_start": -1, "host_queued_start": 1585405322.11576, "device_queued": -1, "device_end": -1, "host_queued_end": 1585405322.149481}, "device": "cpu", "nd_range": {"device_start": 2073097.3611605952, "device_end": 2073097.3622571942}, "cmdq": 3, "read": {"device_start": -1, "device_end": -1}}, "coalesced_transpose48": {"write": {"device_start": -1, "host_queued_start": 1585405322.115114, "device_queued": -1, "device_end": -1, "host_queued_end": 1585405322.149481}, "device": "cpu", "nd_range": {"device_start": 2073097.326856347, "device_end": 2073097.327941779}, "cmdq": 1, "read": {"device_start": -1, "device_end": -1}}}