{"FFC_sans_bias60": {"write": {"device_start": -1, "host_queued_start": 1585405204.065026, "device_queued": -1, "device_end": -1, "host_queued_end": 1585405204.091235}, "device": "cpu", "nd_range": {"device_start": 2072979.6866570532, "device_end": 2072979.7240917182}, "cmdq": 0, "read": {"device_start": -1, "device_end": -1}}, "FFC_sans_bias4": {"write": {"device_start": -1, "host_queued_start": 1585405204.057715, "device_queued": -1, "device_end": -1, "host_queued_end": 1585405204.091235}, "device": "cpu", "nd_range": {"device_start": 2072979.162340112, "device_end": 2072979.205841161}, "cmdq": 0, "read": {"device_start": -1, "device_end": -1}}, "FFC_sans_bias7": {"write": {"device_start": -1, "host_queued_start": 1585405204.068627, "device_queued": -1, "device_end": -1, "host_queued_end": 1585405204.091235}, "device": "cpu", "nd_range": {"device_start": 2072979.7583456712, "device_end": 2072979.7948790912}, "cmdq": 0, "read": {"device_start": -1, "device_end": -1}}, "FFC_sans_bias6": {"write": {"device_start": -1, "host_queued_start": 1585405204.062816, "device_queued": -1, "device_end": -1, "host_queued_end": 1585405204.091235}, "device": "cpu", "nd_range": {"device_start": 2072979.464176644, "device_end": 2072979.499876999}, "cmdq": 0, "read": {"device_start": -1, "device_end": -1}}, "FFC_sans_bias1": {"write": {"device_start": -1, "host_queued_start": 1585405203.9765, "device_queued": -1, "device_end": -1, "host_queued_end": 1585405204.091235}, "device": "cpu", "nd_range": {"device_start": 2072978.3143380561, "device_end": 2072978.357667793}, "cmdq": 0, "read": {"device_start": -1, "device_end": -1}}, "FFC_sans_bias0": {"write": {"device_start": -1, "host_queued_start": 1585405203.973165, "device_queued": -1, "device_end": -1, "host_queued_end": 1585405204.091235}, "device": "cpu", "nd_range": {"device_start": 2072978.280963323, "device_end": 2072978.3143269392}, "cmdq": 0, "read": {"device_start": -1, "device_end": -1}}, "FFC_sans_bias2": {"write": {"device_start": -1, "host_queued_start": 1585405203.979849, "device_queued": -1, "device_end": -1, "host_queued_end": 1585405204.091235}, "device": "cpu", "nd_range": {"device_start": 2072978.357690674, "device_end": 2072978.3930528462}, "cmdq": 0, "read": {"device_start": -1, "device_end": -1}}, "FFC_sans_bias61": {"write": {"device_start": -1, "host_queued_start": 1585405204.087947, "device_queued": -1, "device_end": -1, "host_queued_end": 1585405204.091235}, "device": "cpu", "nd_range": {"device_start": 2072979.9729717602, "device_end": 2072980.008267481}, "cmdq": 0, "read": {"device_start": -1, "device_end": -1}}, "FFC_sans_bias52": {"write": {"device_start": -1, "host_queued_start": 1585405204.084731, "device_queued": -1, "device_end": -1, "host_queued_end": 1585405204.091235}, "device": "cpu", "nd_range": {"device_start": 2072979.9364026152, "device_end": 2072979.972966457}, "cmdq": 0, "read": {"device_start": -1, "device_end": -1}}, "FFC_sans_bias9": {"write": {"device_start": -1, "host_queued_start": 1585405203.983306, "device_queued": -1, "device_end": -1, "host_queued_end": 1585405204.091235}, "device": "cpu", "nd_range": {"device_start": 2072978.393071256, "device_end": 2072978.4283080292}, "cmdq": 0, "read": {"device_start": -1, "device_end": -1}}, "coalesced_transpose39": {"write": {"device_start": -1, "host_queued_start": 1585405204.05638, "device_queued": -1, "device_end": -1, "host_queued_end": 1585405204.091235}, "device": "cpu", "nd_range": {"device_start": 2072979.159842251, "device_end": 2072979.1603216182}, "cmdq": 0, "read": {"device_start": -1, "device_end": -1}}, "FFC_sans_bias55": {"write": {"device_start": -1, "host_queued_start": 1585405204.044695, "device_queued": -1, "device_end": -1, "host_queued_end": 1585405204.091235}, "device": "cpu", "nd_range": {"device_start": 2072979.009198788, "device_end": 2072979.049650192}, "cmdq": 0, "read": {"device_start": -1, "device_end": -1}}, "FFC_sans_bias54": {"write": {"device_start": -1, "host_queued_start": 1585405204.041372, "device_queued": -1, "device_end": -1, "host_queued_end": 1585405204.091235}, "device": "cpu", "nd_range": {"device_start": 2072978.9748313362, "device_end": 2072979.0091817842}, "cmdq": 0, "read": {"device_start": -1, "device_end": -1}}, "FFC_sans_bias56": {"write": {"device_start": -1, "host_queued_start": 1585405204.038061, "device_queued": -1, "device_end": -1, "host_queued_end": 1585405204.091235}, "device": "cpu", "nd_range": {"device_start": 2072978.938816026, "device_end": 2072978.974813194}, "cmdq": 0, "read": {"device_start": -1, "device_end": -1}}, "FFC_sans_bias51": {"write": {"device_start": -1, "host_queued_start": 1585405204.064683, "device_queued": -1, "device_end": -1, "host_queued_end": 1585405204.091235}, "device": "cpu", "nd_range": {"device_start": 2072979.646740141, "device_end": 2072979.6866480142}, "cmdq": 0, "read": {"device_start": -1, "device_end": -1}}, "softmax23": {"write": {"device_start": -1, "host_queued_start": 1585405204.061077, "device_queued": -1, "device_end": -1, "host_queued_end": 1585405204.091235}, "device": "cpu", "nd_range": {"device_start": 2072979.4608427782, "device_end": 2072979.461180506}, "cmdq": 0, "read": {"device_start": -1, "device_end": -1}}, "FFC_sans_bias37": {"write": {"device_start": -1, "host_queued_start": 1585405204.020585, "device_queued": -1, "device_end": -1, "host_queued_end": 1585405204.091235}, "device": "cpu", "nd_range": {"device_start": 2072978.7636518131, "device_end": 2072978.7976410831}, "cmdq": 0, "read": {"device_start": -1, "device_end": -1}}, "empty62": {"write": {"device_start": -1, "host_queued_start": 1585405203.967736, "device_queued": -1, "device_end": -1, "host_queued_end": 1585405204.091235}, "device": "cpu", "nd_range": {"device_start": 2072978.2809524222, "device_end": 2072978.280952935}, "cmdq": 0, "read": {"device_start": -1, "device_end": -1}}, "FFC_sans_bias70": {"write": {"device_start": -1, "host_queued_start": 1585405204.09118, "device_queued": -1, "device_end": -1, "host_queued_end": 1585405204.091235}, "device": "cpu", "nd_range": {"device_start": 2072980.008272652, "device_end": 2072980.0437302832}, "cmdq": 0, "read": {"device_start": -1, "device_end": -1}}, "FFC_sans_bias58": {"write": {"device_start": -1, "host_queued_start": 1585405204.059893, "device_queued": -1, "device_end": -1, "host_queued_end": 1585405204.091235}, "device": "cpu", "nd_range": {"device_start": 2072979.390576295, "device_end": 2072979.425473236}, "cmdq": 0, "read": {"device_start": -1, "device_end": -1}}, "softmax41": {"write": {"device_start": -1, "host_queued_start": 1585405204.061632, "device_queued": -1, "device_end": -1, "host_queued_end": 1585405204.091235}, "device": "cpu", "nd_range": {"device_start": 2072979.4618046102, "device_end": 2072979.4627673791}, "cmdq": 0, "read": {"device_start": -1, "device_end": -1}}, "FFC_sans_bias11": {"write": {"device_start": -1, "host_queued_start": 1585405203.989916, "device_queued": -1, "device_end": -1, "host_queued_end": 1585405204.091235}, "device": "cpu", "nd_range": {"device_start": 2072978.4642571972, "device_end": 2072978.499761023}, "cmdq": 0, "read": {"device_start": -1, "device_end": -1}}, "FFC_sans_bias10": {"write": {"device_start": -1, "host_queued_start": 1585405203.986587, "device_queued": -1, "device_end": -1, "host_queued_end": 1585405204.091235}, "device": "cpu", "nd_range": {"device_start": 2072978.428327053, "device_end": 2072978.4642492582}, "cmdq": 0, "read": {"device_start": -1, "device_end": -1}}, "coalesced_transpose3": {"write": {"device_start": -1, "host_queued_start": 1585405204.055045, "device_queued": -1, "device_end": -1, "host_queued_end": 1585405204.091235}, "device": "cpu", "nd_range": {"device_start": 2072979.1572023532, "device_end": 2072979.1577550601}, "cmdq": 0, "read": {"device_start": -1, "device_end": -1}}, "FFC_sans_bias34": {"write": {"device_start": -1, "host_queued_start": 1585405204.078313, "device_queued": -1, "device_end": -1, "host_queued_end": 1585405204.091235}, "device": "cpu", "nd_range": {"device_start": 2072979.8649816962, "device_end": 2072979.8998297292}, "cmdq": 0, "read": {"device_start": -1, "device_end": -1}}, "FFC_sans_bias15": {"write": {"device_start": -1, "host_queued_start": 1585405204.063163, "device_queued": -1, "device_end": -1, "host_queued_end": 1585405204.091235}, "device": "cpu", "nd_range": {"device_start": 2072979.499895387, "device_end": 2072979.5344170022}, "cmdq": 0, "read": {"device_start": -1, "device_end": -1}}, "FFC_sans_bias31": {"write": {"device_start": -1, "host_queued_start": 1585405204.05881, "device_queued": -1, "device_end": -1, "host_queued_end": 1585405204.091235}, "device": "cpu", "nd_range": {"device_start": 2072979.2849452791, "device_end": 2072979.319655013}, "cmdq": 0, "read": {"device_start": -1, "device_end": -1}}, "FFC_sans_bias16": {"write": {"device_start": -1, "host_queued_start": 1585405204.07184, "device_queued": -1, "device_end": -1, "host_queued_end": 1585405204.091235}, "device": "cpu", "nd_range": {"device_start": 2072979.7948935472, "device_end": 2072979.8294298341}, "cmdq": 0, "read": {"device_start": -1, "device_end": -1}}, "FFC_sans_bias19": {"write": {"device_start": -1, "host_queued_start": 1585405203.996599, "device_queued": -1, "device_end": -1, "host_queued_end": 1585405204.091235}, "device": "cpu", "nd_range": {"device_start": 2072978.536648401, "device_end": 2072978.5706935981}, "cmdq": 0, "read": {"device_start": -1, "device_end": -1}}, "FFC_sans_bias18": {"write": {"device_start": -1, "host_queued_start": 1585405203.993273, "device_queued": -1, "device_end": -1, "host_queued_end": 1585405204.091235}, "device": "cpu", "nd_range": {"device_start": 2072978.499768875, "device_end": 2072978.5366260062}, "cmdq": 0, "read": {"device_start": -1, "device_end": -1}}, "coalesced_transpose30": {"write": {"device_start": -1, "host_queued_start": 1585405204.056047, "device_queued": -1, "device_end": -1, "host_queued_end": 1585405204.091235}, "device": "cpu", "nd_range": {"device_start": 2072979.159220037, "device_end": 2072979.1597131481}, "cmdq": 0, "read": {"device_start": -1, "device_end": -1}}, "FFC_sans_bias69": {"write": {"device_start": -1, "host_queued_start": 1585405204.065371, "device_queued": -1, "device_end": -1, "host_queued_end": 1585405204.091235}, "device": "cpu", "nd_range": {"device_start": 2072979.7241124, "device_end": 2072979.758336551}, "cmdq": 0, "read": {"device_start": -1, "device_end": -1}}, "FFC_sans_bias38": {"write": {"device_start": -1, "host_queued_start": 1585405204.024449, "device_queued": -1, "device_end": -1, "host_queued_end": 1585405204.091235}, "device": "cpu", "nd_range": {"device_start": 2072978.797649614, "device_end": 2072978.8327004532}, "cmdq": 0, "read": {"device_start": -1, "device_end": -1}}, "coalesced_transpose57": {"write": {"device_start": -1, "host_queued_start": 1585405204.057039, "device_queued": -1, "device_end": -1, "host_queued_end": 1585405204.091235}, "device": "cpu", "nd_range": {"device_start": 2072979.1610906231, "device_end": 2072979.1615309252}, "cmdq": 0, "read": {"device_start": -1, "device_end": -1}}, "empty26": {"write": {"device_start": -1, "host_queued_start": 1585405203.957298, "device_queued": -1, "device_end": -1, "host_queued_end": 1585405204.091235}, "device": "cpu", "nd_range": {"device_start": 2072978.280932394, "device_end": 2072978.2809331801}, "cmdq": 0, "read": {"device_start": -1, "device_end": -1}}, "coalesced_transpose12": {"write": {"device_start": -1, "host_queued_start": 1585405204.05538, "device_queued": -1, "device_end": -1, "host_queued_end": 1585405204.091235}, "device": "cpu", "nd_range": {"device_start": 2072979.1579321092, "device_end": 2072979.1584661072}, "cmdq": 0, "read": {"device_start": -1, "device_end": -1}}, "empty44": {"write": {"device_start": -1, "host_queued_start": 1585405203.962508, "device_queued": -1, "device_end": -1, "host_queued_end": 1585405204.091235}, "device": "cpu", "nd_range": {"device_start": 2072978.2809416102, "device_end": 2072978.2809422351}, "cmdq": 0, "read": {"device_start": -1, "device_end": -1}}, "coalesced_transpose21": {"write": {"device_start": -1, "host_queued_start": 1585405204.055714, "device_queued": -1, "device_end": -1, "host_queued_end": 1585405204.091235}, "device": "cpu", "nd_range": {"device_start": 2072979.158606131, "device_end": 2072979.1590896242}, "cmdq": 0, "read": {"device_start": -1, "device_end": -1}}, "FFC_sans_bias36": {"write": {"device_start": -1, "host_queued_start": 1585405204.016653, "device_queued": -1, "device_end": -1, "host_queued_end": 1585405204.091235}, "device": "cpu", "nd_range": {"device_start": 2072978.728380595, "device_end": 2072978.7636433311}, "cmdq": 0, "read": {"device_start": -1, "device_end": -1}}, "softmax14": {"write": {"device_start": -1, "host_queued_start": 1585405204.0608, "device_queued": -1, "device_end": -1, "host_queued_end": 1585405204.091235}, "device": "cpu", "nd_range": {"device_start": 2072979.4603486552, "device_end": 2072979.4606863682}, "cmdq": 0, "read": {"device_start": -1, "device_end": -1}}, "FFC_sans_bias13": {"write": {"device_start": -1, "host_queued_start": 1585405204.0581, "device_queued": -1, "device_end": -1, "host_queued_end": 1585405204.091235}, "device": "cpu", "nd_range": {"device_start": 2072979.2058605412, "device_end": 2072979.249437595}, "cmdq": 0, "read": {"device_start": -1, "device_end": -1}}, "empty8": {"write": {"device_start": -1, "host_queued_start": 1585405203.951384, "device_queued": -1, "device_end": -1, "host_queued_end": 1585405204.091235}, "device": "cpu", "nd_range": {"device_start": 2072978.280889051, "device_end": 2072978.280904002}, "cmdq": 0, "read": {"device_start": -1, "device_end": -1}}, "FFC_sans_bias42": {"write": {"device_start": -1, "host_queued_start": 1585405204.06433, "device_queued": -1, "device_end": -1, "host_queued_end": 1585405204.091235}, "device": "cpu", "nd_range": {"device_start": 2072979.6080070771, "device_end": 2072979.6467217132}, "cmdq": 0, "read": {"device_start": -1, "device_end": -1}}, "FFC_sans_bias43": {"write": {"device_start": -1, "host_queued_start": 1585405204.081516, "device_queued": -1, "device_end": -1, "host_queued_end": 1585405204.091235}, "device": "cpu", "nd_range": {"device_start": 2072979.8998342552, "device_end": 2072979.936397822}, "cmdq": 0, "read": {"device_start": -1, "device_end": -1}}, "FFC_sans_bias40": {"write": {"device_start": -1, "host_queued_start": 1585405204.059154, "device_queued": -1, "device_end": -1, "host_queued_end": 1585405204.091235}, "device": "cpu", "nd_range": {"device_start": 2072979.3196665542, "device_end": 2072979.356604421}, "cmdq": 0, "read": {"device_start": -1, "device_end": -1}}, "softmax32": {"write": {"device_start": -1, "host_queued_start": 1585405204.061353, "device_queued": -1, "device_end": -1, "host_queued_end": 1585405204.091235}, "device": "cpu", "nd_range": {"device_start": 2072979.461319487, "device_end": 2072979.4616615032}, "cmdq": 0, "read": {"device_start": -1, "device_end": -1}}, "FFC_sans_bias47": {"write": {"device_start": -1, "host_queued_start": 1585405204.034657, "device_queued": -1, "device_end": -1, "host_queued_end": 1585405204.091235}, "device": "cpu", "nd_range": {"device_start": 2072978.903781136, "device_end": 2072978.938805855}, "cmdq": 0, "read": {"device_start": -1, "device_end": -1}}, "FFC_sans_bias45": {"write": {"device_start": -1, "host_queued_start": 1585405204.027905, "device_queued": -1, "device_end": -1, "host_queued_end": 1585405204.091235}, "device": "cpu", "nd_range": {"device_start": 2072978.8327205142, "device_end": 2072978.8679080291}, "cmdq": 0, "read": {"device_start": -1, "device_end": -1}}, "softmax50": {"write": {"device_start": -1, "host_queued_start": 1585405204.061906, "device_queued": -1, "device_end": -1, "host_queued_end": 1585405204.091235}, "device": "cpu", "nd_range": {"device_start": 2072979.4627749021, "device_end": 2072979.4631428912}, "cmdq": 0, "read": {"device_start": -1, "device_end": -1}}, "FFC_sans_bias33": {"write": {"device_start": -1, "host_queued_start": 1585405204.063943, "device_queued": -1, "device_end": -1, "host_queued_end": 1585405204.091235}, "device": "cpu", "nd_range": {"device_start": 2072979.5699242102, "device_end": 2072979.6079864781}, "cmdq": 0, "read": {"device_start": -1, "device_end": -1}}, "FFC_sans_bias63": {"write": {"device_start": -1, "host_queued_start": 1585405204.054684, "device_queued": -1, "device_end": -1, "host_queued_end": 1585405204.091235}, "device": "cpu", "nd_range": {"device_start": 2072979.1215916902, "device_end": 2072979.1571844972}, "cmdq": 0, "read": {"device_start": -1, "device_end": -1}}, "FFC_sans_bias49": {"write": {"device_start": -1, "host_queued_start": 1585405204.059497, "device_queued": -1, "device_end": -1, "host_queued_end": 1585405204.091235}, "device": "cpu", "nd_range": {"device_start": 2072979.356623796, "device_end": 2072979.3905578062}, "cmdq": 0, "read": {"device_start": -1, "device_end": -1}}, "FFC_sans_bias64": {"write": {"device_start": -1, "host_queued_start": 1585405204.048019, "device_queued": -1, "device_end": -1, "host_queued_end": 1585405204.091235}, "device": "cpu", "nd_range": {"device_start": 2072979.0496683272, "device_end": 2072979.0850789752}, "cmdq": 0, "read": {"device_start": -1, "device_end": -1}}, "FFC_sans_bias65": {"write": {"device_start": -1, "host_queued_start": 1585405204.051329, "device_queued": -1, "device_end": -1, "host_queued_end": 1585405204.091235}, "device": "cpu", "nd_range": {"device_start": 2072979.0850881762, "device_end": 2072979.1215692821}, "cmdq": 0, "read": {"device_start": -1, "device_end": -1}}, "FFC_sans_bias67": {"write": {"device_start": -1, "host_queued_start": 1585405204.060242, "device_queued": -1, "device_end": -1, "host_queued_end": 1585405204.091235}, "device": "cpu", "nd_range": {"device_start": 2072979.4254923242, "device_end": 2072979.4597560922}, "cmdq": 0, "read": {"device_start": -1, "device_end": -1}}, "FFC_sans_bias24": {"write": {"device_start": -1, "host_queued_start": 1585405204.06357, "device_queued": -1, "device_end": -1, "host_queued_end": 1585405204.091235}, "device": "cpu", "nd_range": {"device_start": 2072979.5344361311, "device_end": 2072979.5699144842}, "cmdq": 0, "read": {"device_start": -1, "device_end": -1}}, "FFC_sans_bias25": {"write": {"device_start": -1, "host_queued_start": 1585405204.075096, "device_queued": -1, "device_end": -1, "host_queued_end": 1585405204.091235}, "device": "cpu", "nd_range": {"device_start": 2072979.8294346991, "device_end": 2072979.8649761612}, "cmdq": 0, "read": {"device_start": -1, "device_end": -1}}, "FFC_sans_bias27": {"write": {"device_start": -1, "host_queued_start": 1585405204.004844, "device_queued": -1, "device_end": -1, "host_queued_end": 1585405204.091235}, "device": "cpu", "nd_range": {"device_start": 2072978.610946288, "device_end": 2072978.6453138432}, "cmdq": 0, "read": {"device_start": -1, "device_end": -1}}, "FFC_sans_bias20": {"write": {"device_start": -1, "host_queued_start": 1585405203.999863, "device_queued": -1, "device_end": -1, "host_queued_end": 1585405204.091235}, "device": "cpu", "nd_range": {"device_start": 2072978.570710927, "device_end": 2072978.610928175}, "cmdq": 0, "read": {"device_start": -1, "device_end": -1}}, "FFC_sans_bias22": {"write": {"device_start": -1, "host_queued_start": 1585405204.058442, "device_queued": -1, "device_end": -1, "host_queued_end": 1585405204.091235}, "device": "cpu", "nd_range": {"device_start": 2072979.2494597742, "device_end": 2072979.284931848}, "cmdq": 0, "read": {"device_start": -1, "device_end": -1}}, "softmax68": {"write": {"device_start": -1, "host_queued_start": 1585405204.062453, "device_queued": -1, "device_end": -1, "host_queued_end": 1585405204.091235}, "device": "cpu", "nd_range": {"device_start": 2072979.463730446, "device_end": 2072979.464047725}, "cmdq": 0, "read": {"device_start": -1, "device_end": -1}}, "softmax5": {"write": {"device_start": -1, "host_queued_start": 1585405204.060522, "device_queued": -1, "device_end": -1, "host_queued_end": 1585405204.091235}, "device": "cpu", "nd_range": {"device_start": 2072979.459773563, "device_end": 2072979.46017808}, "cmdq": 0, "read": {"device_start": -1, "device_end": -1}}, "FFC_sans_bias28": {"write": {"device_start": -1, "host_queued_start": 1585405204.008917, "device_queued": -1, "device_end": -1, "host_queued_end": 1585405204.091235}, "device": "cpu", "nd_range": {"device_start": 2072978.6453334321, "device_end": 2072978.6867494932}, "cmdq": 0, "read": {"device_start": -1, "device_end": -1}}, "FFC_sans_bias29": {"write": {"device_start": -1, "host_queued_start": 1585405204.012824, "device_queued": -1, "device_end": -1, "host_queued_end": 1585405204.091235}, "device": "cpu", "nd_range": {"device_start": 2072978.686766541, "device_end": 2072978.728372157}, "cmdq": 0, "read": {"device_start": -1, "device_end": -1}}, "empty17": {"write": {"device_start": -1, "host_queued_start": 1585405203.954715, "device_queued": -1, "device_end": -1, "host_queued_end": 1585405204.091235}, "device": "cpu", "nd_range": {"device_start": 2072978.280925959, "device_end": 2072978.280927645}, "cmdq": 0, "read": {"device_start": -1, "device_end": -1}}, "softmax59": {"write": {"device_start": -1, "host_queued_start": 1585405204.062182, "device_queued": -1, "device_end": -1, "host_queued_end": 1585405204.091235}, "device": "cpu", "nd_range": {"device_start": 2072979.4632856622, "device_end": 2072979.463602384}, "cmdq": 0, "read": {"device_start": -1, "device_end": -1}}, "empty71": {"write": {"device_start": -1, "host_queued_start": 1585405203.970314, "device_queued": -1, "device_end": -1, "host_queued_end": 1585405204.091235}, "device": "cpu", "nd_range": {"device_start": 2072978.280957248, "device_end": 2072978.2809577791}, "cmdq": 0, "read": {"device_start": -1, "device_end": -1}}, "empty35": {"write": {"device_start": -1, "host_queued_start": 1585405203.959914, "device_queued": -1, "device_end": -1, "host_queued_end": 1585405204.091235}, "device": "cpu", "nd_range": {"device_start": 2072978.2809369792, "device_end": 2072978.280937775}, "cmdq": 0, "read": {"device_start": -1, "device_end": -1}}, "empty53": {"write": {"device_start": -1, "host_queued_start": 1585405203.965111, "device_queued": -1, "device_end": -1, "host_queued_end": 1585405204.091235}, "device": "cpu", "nd_range": {"device_start": 2072978.2809475411, "device_end": 2072978.280948237}, "cmdq": 0, "read": {"device_start": -1, "device_end": -1}}, "FFC_sans_bias46": {"write": {"device_start": -1, "host_queued_start": 1585405204.031286, "device_queued": -1, "device_end": -1, "host_queued_end": 1585405204.091235}, "device": "cpu", "nd_range": {"device_start": 2072978.8679169922, "device_end": 2072978.9037591491}, "cmdq": 0, "read": {"device_start": -1, "device_end": -1}}, "coalesced_transpose66": {"write": {"device_start": -1, "host_queued_start": 1585405204.057369, "device_queued": -1, "device_end": -1, "host_queued_end": 1585405204.091235}, "device": "cpu", "nd_range": {"device_start": 2072979.1616421002, "device_end": 2072979.1622337361}, "cmdq": 0, "read": {"device_start": -1, "device_end": -1}}, "coalesced_transpose48": {"write": {"device_start": -1, "host_queued_start": 1585405204.056711, "device_queued": -1, "device_end": -1, "host_queued_end": 1585405204.091235}, "device": "cpu", "nd_range": {"device_start": 2072979.160453981, "device_end": 2072979.1609691682}, "cmdq": 0, "read": {"device_start": -1, "device_end": -1}}}