{"FFC_sans_bias60": {"write": {"device_start": -1, "host_queued_start": 1585405672.924833, "device_queued": -1, "device_end": -1, "host_queued_end": 1585405672.948104}, "device": "gpu", "nd_range": {"device_start": 1585405612.877278, "device_end": 1585405612.8909245}, "cmdq": 2, "read": {"device_start": -1, "device_end": -1}}, "FFC_sans_bias4": {"write": {"device_start": -1, "host_queued_start": 1585405672.96414, "device_queued": -1, "device_end": -1, "host_queued_end": 1585405672.968613}, "device": "cpu", "nd_range": {"device_start": 2073447.286341194, "device_end": 2073447.32844275}, "cmdq": 1, "read": {"device_start": -1, "device_end": -1}}, "FFC_sans_bias7": {"write": {"device_start": -1, "host_queued_start": 1585405672.968557, "device_queued": -1, "device_end": -1, "host_queued_end": 1585405672.968613}, "device": "cpu", "nd_range": {"device_start": 2073447.3661637292, "device_end": 2073447.4051008231}, "cmdq": 0, "read": {"device_start": -1, "device_end": -1}}, "FFC_sans_bias6": {"write": {"device_start": -1, "host_queued_start": 1585405672.964891, "device_queued": -1, "device_end": -1, "host_queued_end": 1585405672.968613}, "device": "cpu", "nd_range": {"device_start": 2073447.328975815, "device_end": 2073447.366141946}, "cmdq": 3, "read": {"device_start": -1, "device_end": -1}}, "FFC_sans_bias1": {"write": {"device_start": -1, "host_queued_start": 1585405672.959674, "device_queued": -1, "device_end": -1, "host_queued_end": 1585405672.968613}, "device": "cpu", "nd_range": {"device_start": 2073447.1582377802, "device_end": 2073447.285931528}, "cmdq": 2, "read": {"device_start": -1, "device_end": -1}}, "FFC_sans_bias0": {"write": {"device_start": -1, "host_queued_start": 1585405672.956067, "device_queued": -1, "device_end": -1, "host_queued_end": 1585405672.968613}, "device": "cpu", "nd_range": {"device_start": 2073447.1582222122, "device_end": 2073447.283627548}, "cmdq": 1, "read": {"device_start": -1, "device_end": -1}}, "FFC_sans_bias2": {"write": {"device_start": -1, "host_queued_start": 1585405672.963378, "device_queued": -1, "device_end": -1, "host_queued_end": 1585405672.968613}, "device": "cpu", "nd_range": {"device_start": 2073447.158239576, "device_end": 2073447.2247634232}, "cmdq": 3, "read": {"device_start": -1, "device_end": -1}}, "FFC_sans_bias61": {"write": {"device_start": 1585405612.894807, "host_queued_start": 1585405672.944696, "device_queued": 1585405612.7794368, "device_end": 1585405612.8949, "host_queued_end": 1585405672.948104}, "device": "gpu", "nd_range": {"device_start": 1585405612.894913, "device_end": 1585405612.9079614}, "cmdq": 1, "read": {"device_start": 1585405612.9079688, "device_end": 1585405612.908054}}, "FFC_sans_bias52": {"write": {"device_start": 1585405612.8914642, "host_queued_start": 1585405672.94144, "device_queued": 1585405612.7791455, "device_end": 1585405612.8915594, "host_queued_end": 1585405672.948104}, "device": "gpu", "nd_range": {"device_start": 1585405612.8915725, "device_end": 1585405612.904477}, "cmdq": 0, "read": {"device_start": 1585405612.9044793, "device_end": 1585405612.904568}}, "FFC_sans_bias9": {"write": {"device_start": 1585405612.7685413, "host_queued_start": 1585405672.850783, "device_queued": 1585405612.7681744, "device_end": 1585405612.768636, "host_queued_end": 1585405672.948104}, "device": "gpu", "nd_range": {"device_start": 1585405612.7686386, "device_end": 1585405612.7719886}, "cmdq": 3, "read": {"device_start": -1, "device_end": -1}}, "coalesced_transpose39": {"write": {"device_start": -1, "host_queued_start": 1585405672.917892, "device_queued": -1, "device_end": -1, "host_queued_end": 1585405672.948104}, "device": "gpu", "nd_range": {"device_start": 1585405612.8379643, "device_end": 1585405612.8380013}, "cmdq": 3, "read": {"device_start": -1, "device_end": -1}}, "FFC_sans_bias55": {"write": {"device_start": 1585405612.8146126, "host_queued_start": 1585405672.906837, "device_queued": 1585405612.7732594, "device_end": 1585405612.8147092, "host_queued_end": 1585405672.948104}, "device": "gpu", "nd_range": {"device_start": 1585405612.814715, "device_end": 1585405612.827821}, "cmdq": 0, "read": {"device_start": -1, "device_end": -1}}, "FFC_sans_bias54": {"write": {"device_start": 1585405612.8113585, "host_queued_start": 1585405672.903578, "device_queued": 1585405612.7727926, "device_end": 1585405612.8114533, "host_queued_end": 1585405672.948104}, "device": "gpu", "nd_range": {"device_start": 1585405612.8114622, "device_end": 1585405612.8244097}, "cmdq": 3, "read": {"device_start": -1, "device_end": -1}}, "FFC_sans_bias56": {"write": {"device_start": 1585405612.8081317, "host_queued_start": 1585405672.900307, "device_queued": 1585405612.772664, "device_end": 1585405612.808226, "host_queued_end": 1585405672.948104}, "device": "gpu", "nd_range": {"device_start": 1585405612.8082335, "device_end": 1585405612.8211617}, "cmdq": 2, "read": {"device_start": -1, "device_end": -1}}, "FFC_sans_bias51": {"write": {"device_start": -1, "host_queued_start": 1585405672.924429, "device_queued": -1, "device_end": -1, "host_queued_end": 1585405672.948104}, "device": "gpu", "nd_range": {"device_start": 1585405612.870427, "device_end": 1585405612.884039}, "cmdq": 1, "read": {"device_start": -1, "device_end": -1}}, "softmax23": {"write": {"device_start": -1, "host_queued_start": 1585405672.921535, "device_queued": -1, "device_end": -1, "host_queued_end": 1585405672.948104}, "device": "gpu", "nd_range": {"device_start": 1585405612.861889, "device_end": 1585405612.8623052}, "cmdq": 3, "read": {"device_start": -1, "device_end": -1}}, "FFC_sans_bias37": {"write": {"device_start": 1585405612.7924356, "host_queued_start": 1585405672.883919, "device_queued": 1585405612.7713377, "device_end": 1585405612.7925382, "host_queued_end": 1585405672.948104}, "device": "gpu", "nd_range": {"device_start": 1585405612.7925448, "device_end": 1585405612.80465}, "cmdq": 1, "read": {"device_start": -1, "device_end": -1}}, "empty62": {"write": {"device_start": 1585405612.767937, "host_queued_start": 1585405672.845322, "device_queued": 1585405612.767566, "device_end": 1585405612.768157, "host_queued_end": 1585405672.948104}, "device": "gpu", "nd_range": {"device_start": 1585405612.768211, "device_end": 1585405612.7682197}, "cmdq": 1, "read": {"device_start": -1, "device_end": -1}}, "FFC_sans_bias70": {"write": {"device_start": 1585405612.901534, "host_queued_start": 1585405672.947987, "device_queued": 1585405612.7795749, "device_end": 1585405612.9016278, "host_queued_end": 1585405672.948104}, "device": "gpu", "nd_range": {"device_start": 1585405612.90164, "device_end": 1585405612.9112847}, "cmdq": 2, "read": {"device_start": 1585405612.9112935, "device_end": 1585405612.9114218}}, "FFC_sans_bias58": {"write": {"device_start": -1, "host_queued_start": 1585405672.920714, "device_queued": -1, "device_end": -1, "host_queued_end": 1585405672.948104}, "device": "gpu", "nd_range": {"device_start": 1585405612.8413658, "device_end": 1585405612.8552375}, "cmdq": 0, "read": {"device_start": -1, "device_end": -1}}, "softmax41": {"write": {"device_start": -1, "host_queued_start": 1585405672.922033, "device_queued": -1, "device_end": -1, "host_queued_end": 1585405672.948104}, "device": "gpu", "nd_range": {"device_start": 1585405612.8587327, "device_end": 1585405612.862555}, "cmdq": 1, "read": {"device_start": -1, "device_end": -1}}, "FFC_sans_bias11": {"write": {"device_start": 1585405612.7693932, "host_queued_start": 1585405672.857641, "device_queued": 1585405612.7690952, "device_end": 1585405612.7696996, "host_queued_end": 1585405672.948104}, "device": "gpu", "nd_range": {"device_start": 1585405612.7697399, "device_end": 1585405612.7786436}, "cmdq": 1, "read": {"device_start": -1, "device_end": -1}}, "FFC_sans_bias10": {"write": {"device_start": 1585405612.7689676, "host_queued_start": 1585405672.854088, "device_queued": 1585405612.7686937, "device_end": 1585405612.7690852, "host_queued_end": 1585405672.948104}, "device": "gpu", "nd_range": {"device_start": 1585405612.7690902, "device_end": 1585405612.7753317}, "cmdq": 0, "read": {"device_start": -1, "device_end": -1}}, "coalesced_transpose3": {"write": {"device_start": -1, "host_queued_start": 1585405672.963793, "device_queued": -1, "device_end": -1, "host_queued_end": 1585405672.968613}, "device": "cpu", "nd_range": {"device_start": 2073447.285963929, "device_end": 2073447.2863304191}, "cmdq": 0, "read": {"device_start": -1, "device_end": -1}}, "FFC_sans_bias34": {"write": {"device_start": 1585405612.8911483, "host_queued_start": 1585405672.934926, "device_queued": 1585405612.7782195, "device_end": 1585405612.8912394, "host_queued_end": 1585405672.948104}, "device": "gpu", "nd_range": {"device_start": 1585405612.8913615, "device_end": 1585405612.9010015}, "cmdq": 2, "read": {"device_start": 1585405612.901007, "device_end": 1585405612.9010966}}, "FFC_sans_bias15": {"write": {"device_start": -1, "host_queued_start": 1585405672.923132, "device_queued": -1, "device_end": -1, "host_queued_end": 1585405672.948104}, "device": "gpu", "nd_range": {"device_start": 1585405612.8633866, "device_end": 1585405612.8704154}, "cmdq": 1, "read": {"device_start": -1, "device_end": -1}}, "FFC_sans_bias31": {"write": {"device_start": -1, "host_queued_start": 1585405672.919766, "device_queued": -1, "device_end": -1, "host_queued_end": 1585405672.948104}, "device": "gpu", "nd_range": {"device_start": 1585405612.8379955, "device_end": 1585405612.8449712}, "cmdq": 1, "read": {"device_start": -1, "device_end": -1}}, "FFC_sans_bias16": {"write": {"device_start": 1585405612.8741782, "host_queued_start": 1585405672.928392, "device_queued": 1585405612.7778218, "device_end": 1585405612.8742723, "host_queued_end": 1585405672.948104}, "device": "gpu", "nd_range": {"device_start": 1585405612.8743289, "device_end": 1585405612.88741}, "cmdq": 0, "read": {"device_start": 1585405612.8874161, "device_end": 1585405612.887508}}, "FFC_sans_bias19": {"write": {"device_start": 1585405612.772395, "host_queued_start": 1585405672.864213, "device_queued": 1585405612.7694042, "device_end": 1585405612.7724926, "host_queued_end": 1585405672.948104}, "device": "gpu", "nd_range": {"device_start": 1585405612.772495, "device_end": 1585405612.785043}, "cmdq": 3, "read": {"device_start": -1, "device_end": -1}}, "FFC_sans_bias18": {"write": {"device_start": 1585405612.7697463, "host_queued_start": 1585405672.860933, "device_queued": 1585405612.7692459, "device_end": 1585405612.7698743, "host_queued_end": 1585405672.948104}, "device": "gpu", "nd_range": {"device_start": 1585405612.7699277, "device_end": 1585405612.7817514}, "cmdq": 2, "read": {"device_start": -1, "device_end": -1}}, "coalesced_transpose30": {"write": {"device_start": -1, "host_queued_start": 1585405672.917585, "device_queued": -1, "device_end": -1, "host_queued_end": 1585405672.948104}, "device": "gpu", "nd_range": {"device_start": 1585405612.8347902, "device_end": 1585405612.8378608}, "cmdq": 2, "read": {"device_start": -1, "device_end": -1}}, "FFC_sans_bias69": {"write": {"device_start": -1, "host_queued_start": 1585405672.925153, "device_queued": -1, "device_end": -1, "host_queued_end": 1585405672.948104}, "device": "gpu", "nd_range": {"device_start": 1585405612.8668578, "device_end": 1585405612.880508}, "cmdq": 3, "read": {"device_start": -1, "device_end": -1}}, "FFC_sans_bias38": {"write": {"device_start": 1585405612.7951076, "host_queued_start": 1585405672.887202, "device_queued": 1585405612.771465, "device_end": 1585405612.795206, "host_queued_end": 1585405672.948104}, "device": "gpu", "nd_range": {"device_start": 1585405612.7952144, "device_end": 1585405612.8078673}, "cmdq": 2, "read": {"device_start": -1, "device_end": -1}}, "coalesced_transpose57": {"write": {"device_start": -1, "host_queued_start": 1585405672.9185, "device_queued": -1, "device_end": -1, "host_queued_end": 1585405672.948104}, "device": "gpu", "nd_range": {"device_start": 1585405612.8378456, "device_end": 1585405612.837907}, "cmdq": 1, "read": {"device_start": -1, "device_end": -1}}, "empty26": {"write": {"device_start": 1585405612.766632, "host_queued_start": 1585405672.834816, "device_queued": 1585405612.7662961, "device_end": 1585405612.766866, "host_queued_end": 1585405672.948104}, "device": "gpu", "nd_range": {"device_start": 1585405612.7669363, "device_end": 1585405612.7669494}, "cmdq": 1, "read": {"device_start": -1, "device_end": -1}}, "coalesced_transpose12": {"write": {"device_start": -1, "host_queued_start": 1585405672.916968, "device_queued": -1, "device_end": -1, "host_queued_end": 1585405672.948104}, "device": "gpu", "nd_range": {"device_start": 1585405612.8278227, "device_end": 1585405612.837799}, "cmdq": 0, "read": {"device_start": -1, "device_end": -1}}, "empty44": {"write": {"device_start": 1585405612.7672877, "host_queued_start": 1585405672.840086, "device_queued": 1585405612.766889, "device_end": 1585405612.7675447, "host_queued_end": 1585405672.948104}, "device": "gpu", "nd_range": {"device_start": 1585405612.7675562, "device_end": 1585405612.7675602}, "cmdq": 3, "read": {"device_start": -1, "device_end": -1}}, "coalesced_transpose21": {"write": {"device_start": -1, "host_queued_start": 1585405672.917282, "device_queued": -1, "device_end": -1, "host_queued_end": 1585405672.948104}, "device": "gpu", "nd_range": {"device_start": 1585405612.8313165, "device_end": 1585405612.8378341}, "cmdq": 1, "read": {"device_start": -1, "device_end": -1}}, "FFC_sans_bias36": {"write": {"device_start": 1585405612.7921312, "host_queued_start": 1585405672.880656, "device_queued": 1585405612.7710962, "device_end": 1585405612.7924306, "host_queued_end": 1585405672.948104}, "device": "gpu", "nd_range": {"device_start": 1585405612.792438, "device_end": 1585405612.801362}, "cmdq": 0, "read": {"device_start": -1, "device_end": -1}}, "softmax14": {"write": {"device_start": -1, "host_queued_start": 1585405672.921289, "device_queued": -1, "device_end": -1, "host_queued_end": 1585405672.948104}, "device": "gpu", "nd_range": {"device_start": 1585405612.8517392, "device_end": 1585405612.8633478}, "cmdq": 2, "read": {"device_start": -1, "device_end": -1}}, "FFC_sans_bias13": {"write": {"device_start": -1, "host_queued_start": 1585405672.919132, "device_queued": -1, "device_end": -1, "host_queued_end": 1585405672.948104}, "device": "gpu", "nd_range": {"device_start": 1585405612.838015, "device_end": 1585405612.8485544}, "cmdq": 3, "read": {"device_start": -1, "device_end": -1}}, "empty8": {"write": {"device_start": -1, "host_queued_start": 1585405672.952792, "device_queued": -1, "device_end": -1, "host_queued_end": 1585405672.968613}, "device": "cpu", "nd_range": {"device_start": 2073447.158195699, "device_end": 2073447.1582094762}, "cmdq": 0, "read": {"device_start": -1, "device_end": -1}}, "FFC_sans_bias42": {"write": {"device_start": -1, "host_queued_start": 1585405672.924116, "device_queued": -1, "device_end": -1, "host_queued_end": 1585405672.948104}, "device": "gpu", "nd_range": {"device_start": 1585405612.8640678, "device_end": 1585405612.8739069}, "cmdq": 0, "read": {"device_start": -1, "device_end": -1}}, "FFC_sans_bias43": {"write": {"device_start": 1585405612.8846197, "host_queued_start": 1585405672.93818, "device_queued": 1585405612.778357, "device_end": 1585405612.8847146, "host_queued_end": 1585405672.948104}, "device": "gpu", "nd_range": {"device_start": 1585405612.8847325, "device_end": 1585405612.8975723}, "cmdq": 3, "read": {"device_start": 1585405612.8975756, "device_end": 1585405612.8976636}}, "FFC_sans_bias40": {"write": {"device_start": -1, "host_queued_start": 1585405672.920087, "device_queued": -1, "device_end": -1, "host_queued_end": 1585405672.948104}, "device": "gpu", "nd_range": {"device_start": 1585405612.838032, "device_end": 1585405612.8517277}, "cmdq": 2, "read": {"device_start": -1, "device_end": -1}}, "softmax32": {"write": {"device_start": -1, "host_queued_start": 1585405672.921786, "device_queued": -1, "device_end": -1, "host_queued_end": 1585405672.948104}, "device": "gpu", "nd_range": {"device_start": 1585405612.8552485, "device_end": 1585405612.8633327}, "cmdq": 0, "read": {"device_start": -1, "device_end": -1}}, "FFC_sans_bias47": {"write": {"device_start": 1585405612.804908, "host_queued_start": 1585405672.897062, "device_queued": 1585405612.7725146, "device_end": 1585405612.8050036, "host_queued_end": 1585405672.948104}, "device": "gpu", "nd_range": {"device_start": 1585405612.8050098, "device_end": 1585405612.817638}, "cmdq": 1, "read": {"device_start": -1, "device_end": -1}}, "FFC_sans_bias45": {"write": {"device_start": 1585405612.7983592, "host_queued_start": 1585405672.890527, "device_queued": 1585405612.7715912, "device_end": 1585405612.7984555, "host_queued_end": 1585405672.948104}, "device": "gpu", "nd_range": {"device_start": 1585405612.7984598, "device_end": 1585405612.8111012}, "cmdq": 3, "read": {"device_start": -1, "device_end": -1}}, "softmax50": {"write": {"device_start": -1, "host_queued_start": 1585405672.92228, "device_queued": -1, "device_end": -1, "host_queued_end": 1585405672.948104}, "device": "gpu", "nd_range": {"device_start": 1585405612.8633597, "device_end": 1585405612.8640897}, "cmdq": 2, "read": {"device_start": -1, "device_end": -1}}, "FFC_sans_bias33": {"write": {"device_start": -1, "host_queued_start": 1585405672.923788, "device_queued": -1, "device_end": -1, "host_queued_end": 1585405672.948104}, "device": "gpu", "nd_range": {"device_start": 1585405612.8633723, "device_end": 1585405612.8668466}, "cmdq": 3, "read": {"device_start": -1, "device_end": -1}}, "FFC_sans_bias63": {"write": {"device_start": 1585405612.8248672, "host_queued_start": 1585405672.916622, "device_queued": 1585405612.773787, "device_end": 1585405612.825024, "host_queued_end": 1585405672.948104}, "device": "gpu", "nd_range": {"device_start": 1585405612.8250282, "device_end": 1585405612.8379545}, "cmdq": 3, "read": {"device_start": -1, "device_end": -1}}, "FFC_sans_bias49": {"write": {"device_start": -1, "host_queued_start": 1585405672.920398, "device_queued": -1, "device_end": -1, "host_queued_end": 1585405672.948104}, "device": "gpu", "nd_range": {"device_start": 1585405612.8485653, "device_end": 1585405612.8618762}, "cmdq": 3, "read": {"device_start": -1, "device_end": -1}}, "FFC_sans_bias64": {"write": {"device_start": 1585405612.8179114, "host_queued_start": 1585405672.910144, "device_queued": 1585405612.7735264, "device_end": 1585405612.8180146, "host_queued_end": 1585405672.948104}, "device": "gpu", "nd_range": {"device_start": 1585405612.818023, "device_end": 1585405612.831314}, "cmdq": 1, "read": {"device_start": -1, "device_end": -1}}, "FFC_sans_bias65": {"write": {"device_start": 1585405612.8216672, "host_queued_start": 1585405672.913386, "device_queued": 1585405612.7736566, "device_end": 1585405612.821835, "host_queued_end": 1585405672.948104}, "device": "gpu", "nd_range": {"device_start": 1585405612.821848, "device_end": 1585405612.834789}, "cmdq": 2, "read": {"device_start": -1, "device_end": -1}}, "FFC_sans_bias67": {"write": {"device_start": -1, "host_queued_start": 1585405672.921032, "device_queued": -1, "device_end": -1, "host_queued_end": 1585405672.948104}, "device": "gpu", "nd_range": {"device_start": 1585405612.8449829, "device_end": 1585405612.8587215}, "cmdq": 1, "read": {"device_start": -1, "device_end": -1}}, "FFC_sans_bias24": {"write": {"device_start": -1, "host_queued_start": 1585405672.923463, "device_queued": -1, "device_end": -1, "host_queued_end": 1585405672.948104}, "device": "gpu", "nd_range": {"device_start": 1585405612.864101, "device_end": 1585405612.8772671}, "cmdq": 2, "read": {"device_start": -1, "device_end": -1}}, "FFC_sans_bias25": {"write": {"device_start": 1585405612.88428, "host_queued_start": 1585405672.931669, "device_queued": 1585405612.7780824, "device_end": 1585405612.8843806, "host_queued_end": 1585405672.948104}, "device": "gpu", "nd_range": {"device_start": 1585405612.8843975, "device_end": 1585405612.894264}, "cmdq": 1, "read": {"device_start": 1585405612.894268, "device_end": 1585405612.8943584}}, "FFC_sans_bias27": {"write": {"device_start": 1585405612.7790208, "host_queued_start": 1585405672.870828, "device_queued": 1585405612.7703912, "device_end": 1585405612.7791219, "host_queued_end": 1585405672.948104}, "device": "gpu", "nd_range": {"device_start": 1585405612.7791257, "device_end": 1585405612.791597}, "cmdq": 1, "read": {"device_start": -1, "device_end": -1}}, "FFC_sans_bias20": {"write": {"device_start": 1585405612.775693, "host_queued_start": 1585405672.86754, "device_queued": 1585405612.7701344, "device_end": 1585405612.775791, "host_queued_end": 1585405672.948104}, "device": "gpu", "nd_range": {"device_start": 1585405612.7757978, "device_end": 1585405612.7883534}, "cmdq": 0, "read": {"device_start": -1, "device_end": -1}}, "FFC_sans_bias22": {"write": {"device_start": -1, "host_queued_start": 1585405672.919448, "device_queued": -1, "device_end": -1, "host_queued_end": 1585405672.948104}, "device": "gpu", "nd_range": {"device_start": 1585405612.83798, "device_end": 1585405612.8413508}, "cmdq": 0, "read": {"device_start": -1, "device_end": -1}}, "softmax68": {"write": {"device_start": -1, "host_queued_start": 1585405672.922816, "device_queued": -1, "device_end": -1, "host_queued_end": 1585405672.948104}, "device": "gpu", "nd_range": {"device_start": 1585405612.8633442, "device_end": 1585405612.8640563}, "cmdq": 0, "read": {"device_start": -1, "device_end": -1}}, "softmax5": {"write": {"device_start": -1, "host_queued_start": 1585405672.964424, "device_queued": -1, "device_end": -1, "host_queued_end": 1585405672.968613}, "device": "cpu", "nd_range": {"device_start": 2073447.328464149, "device_end": 2073447.328820385}, "cmdq": 2, "read": {"device_start": -1, "device_end": -1}}, "FFC_sans_bias28": {"write": {"device_start": 1585405612.7821507, "host_queued_start": 1585405672.874109, "device_queued": 1585405612.7705185, "device_end": 1585405612.782257, "host_queued_end": 1585405672.948104}, "device": "gpu", "nd_range": {"device_start": 1585405612.782272, "device_end": 1585405612.794831}, "cmdq": 2, "read": {"device_start": -1, "device_end": -1}}, "FFC_sans_bias29": {"write": {"device_start": 1585405612.7854207, "host_queued_start": 1585405672.87736, "device_queued": 1585405612.770644, "device_end": 1585405612.7855375, "host_queued_end": 1585405672.948104}, "device": "gpu", "nd_range": {"device_start": 1585405612.7855427, "device_end": 1585405612.7980866}, "cmdq": 3, "read": {"device_start": -1, "device_end": -1}}, "empty17": {"write": {"device_start": 1585405612.7662826, "host_queued_start": 1585405672.831458, "device_queued": 1585405612.7659447, "device_end": 1585405612.766464, "host_queued_end": 1585405672.948104}, "device": "gpu", "nd_range": {"device_start": 1585405612.7664726, "device_end": 1585405612.7664769}, "cmdq": 0, "read": {"device_start": -1, "device_end": -1}}, "softmax59": {"write": {"device_start": -1, "host_queued_start": 1585405672.922544, "device_queued": -1, "device_end": -1, "host_queued_end": 1585405672.948104}, "device": "gpu", "nd_range": {"device_start": 1585405612.8623161, "device_end": 1585405612.86273}, "cmdq": 3, "read": {"device_start": -1, "device_end": -1}}, "empty71": {"write": {"device_start": 1585405612.768246, "host_queued_start": 1585405672.847957, "device_queued": 1585405612.7678757, "device_end": 1585405612.7685025, "host_queued_end": 1585405672.948104}, "device": "gpu", "nd_range": {"device_start": 1585405612.7685137, "device_end": 1585405612.7685177}, "cmdq": 2, "read": {"device_start": -1, "device_end": -1}}, "empty35": {"write": {"device_start": 1585405612.7669597, "host_queued_start": 1585405672.837437, "device_queued": 1585405612.7665443, "device_end": 1585405612.7672167, "host_queued_end": 1585405672.948104}, "device": "gpu", "nd_range": {"device_start": 1585405612.767228, "device_end": 1585405612.7672327}, "cmdq": 2, "read": {"device_start": -1, "device_end": -1}}, "empty53": {"write": {"device_start": 1585405612.7676058, "host_queued_start": 1585405672.842732, "device_queued": 1585405612.7672396, "device_end": 1585405612.7678475, "host_queued_end": 1585405672.948104}, "device": "gpu", "nd_range": {"device_start": 1585405612.7678506, "device_end": 1585405612.7678616}, "cmdq": 0, "read": {"device_start": -1, "device_end": -1}}, "FFC_sans_bias46": {"write": {"device_start": 1585405612.8016331, "host_queued_start": 1585405672.893819, "device_queued": 1585405612.772104, "device_end": 1585405612.80173, "host_queued_end": 1585405672.948104}, "device": "gpu", "nd_range": {"device_start": 1585405612.8017368, "device_end": 1585405612.814365}, "cmdq": 0, "read": {"device_start": -1, "device_end": -1}}, "coalesced_transpose66": {"write": {"device_start": -1, "host_queued_start": 1585405672.918811, "device_queued": -1, "device_end": -1, "host_queued_end": 1585405672.948104}, "device": "gpu", "nd_range": {"device_start": 1585405612.837874, "device_end": 1585405612.8379269}, "cmdq": 2, "read": {"device_start": -1, "device_end": -1}}, "coalesced_transpose48": {"write": {"device_start": -1, "host_queued_start": 1585405672.918192, "device_queued": -1, "device_end": -1, "host_queued_end": 1585405672.948104}, "device": "gpu", "nd_range": {"device_start": 1585405612.8378005, "device_end": 1585405612.8378801}, "cmdq": 0, "read": {"device_start": -1, "device_end": -1}}}