{"FFC_sans_bias60": {"write": {"device_start": -1, "host_queued_start": 1585405492.320062, "device_queued": -1, "device_end": -1, "host_queued_end": 1585405492.333565}, "device": "gpu", "nd_range": {"device_start": 1585405432.2226102, "device_end": 1585405432.2335591}, "cmdq": 0, "read": {"device_start": -1, "device_end": -1}}, "FFC_sans_bias4": {"write": {"device_start": -1, "host_queued_start": 1585405492.388674, "device_queued": -1, "device_end": -1, "host_queued_end": 1585405492.405104}, "device": "cpu", "nd_range": {"device_start": 2073266.9640506, "device_end": 2073267.0865708562}, "cmdq": 0, "read": {"device_start": -1, "device_end": -1}}, "FFC_sans_bias7": {"write": {"device_start": -1, "host_queued_start": 1585405492.395424, "device_queued": -1, "device_end": -1, "host_queued_end": 1585405492.405104}, "device": "cpu", "nd_range": {"device_start": 2073267.240986068, "device_end": 2073267.3634964281}, "cmdq": 0, "read": {"device_start": -1, "device_end": -1}}, "FFC_sans_bias6": {"write": {"device_start": -1, "host_queued_start": 1585405492.391201, "device_queued": -1, "device_end": -1, "host_queued_end": 1585405492.405104}, "device": "cpu", "nd_range": {"device_start": 2073267.0875767262, "device_end": 2073267.24096139}, "cmdq": 0, "read": {"device_start": -1, "device_end": -1}}, "FFC_sans_bias1": {"write": {"device_start": -1, "host_queued_start": 1585405492.352766, "device_queued": -1, "device_end": -1, "host_queued_end": 1585405492.405104}, "device": "cpu", "nd_range": {"device_start": 2073266.594752056, "device_end": 2073266.757690221}, "cmdq": 1, "read": {"device_start": -1, "device_end": -1}}, "FFC_sans_bias0": {"write": {"device_start": -1, "host_queued_start": 1585405492.349169, "device_queued": -1, "device_end": -1, "host_queued_end": 1585405492.405104}, "device": "cpu", "nd_range": {"device_start": 2073266.59475246, "device_end": 2073266.717413658}, "cmdq": 0, "read": {"device_start": -1, "device_end": -1}}, "FFC_sans_bias2": {"write": {"device_start": -1, "host_queued_start": 1585405492.356371, "device_queued": -1, "device_end": -1, "host_queued_end": 1585405492.405104}, "device": "cpu", "nd_range": {"device_start": 2073266.594797919, "device_end": 2073266.7277713122}, "cmdq": 2, "read": {"device_start": -1, "device_end": -1}}, "FFC_sans_bias61": {"write": {"device_start": 1585405432.237582, "host_queued_start": 1585405492.330178, "device_queued": 1585405432.1633353, "device_end": 1585405432.2376823, "host_queued_end": 1585405492.333565}, "device": "gpu", "nd_range": {"device_start": 1585405432.2376924, "device_end": 1585405432.248879}, "cmdq": 1, "read": {"device_start": 1585405432.248885, "device_end": 1585405432.2489736}}, "FFC_sans_bias52": {"write": {"device_start": 1585405432.2338064, "host_queued_start": 1585405492.326877, "device_queued": 1585405432.1631875, "device_end": 1585405432.233909, "host_queued_end": 1585405492.333565}, "device": "gpu", "nd_range": {"device_start": 1585405432.233919, "device_end": 1585405432.245064}, "cmdq": 0, "read": {"device_start": 1585405432.245073, "device_end": 1585405432.2451658}}, "FFC_sans_bias9": {"write": {"device_start": -1, "host_queued_start": 1585405492.359927, "device_queued": -1, "device_end": -1, "host_queued_end": 1585405492.405104}, "device": "cpu", "nd_range": {"device_start": 2073266.5953224772, "device_end": 2073266.7357514612}, "cmdq": 3, "read": {"device_start": -1, "device_end": -1}}, "coalesced_transpose39": {"write": {"device_start": -1, "host_queued_start": 1585405492.31587, "device_queued": -1, "device_end": -1, "host_queued_end": 1585405492.333565}, "device": "gpu", "nd_range": {"device_start": 1585405432.197009, "device_end": 1585405432.2044618}, "cmdq": 1, "read": {"device_start": -1, "device_end": -1}}, "FFC_sans_bias55": {"write": {"device_start": 1585405432.181959, "host_queued_start": 1585405492.305649, "device_queued": 1585405432.159968, "device_end": 1585405432.182066, "host_queued_end": 1585405492.333565}, "device": "gpu", "nd_range": {"device_start": 1585405432.1820707, "device_end": 1585405432.1931682}, "cmdq": 0, "read": {"device_start": -1, "device_end": -1}}, "FFC_sans_bias54": {"write": {"device_start": 1585405432.1781516, "host_queued_start": 1585405492.302398, "device_queued": 1585405432.1596177, "device_end": 1585405432.1782622, "host_queued_end": 1585405492.333565}, "device": "gpu", "nd_range": {"device_start": 1585405432.1782658, "device_end": 1585405432.1892917}, "cmdq": 2, "read": {"device_start": -1, "device_end": -1}}, "FFC_sans_bias56": {"write": {"device_start": 1585405432.174188, "host_queued_start": 1585405492.299115, "device_queued": 1585405432.1594882, "device_end": 1585405432.1743069, "host_queued_end": 1585405492.333565}, "device": "gpu", "nd_range": {"device_start": 1585405432.1743152, "device_end": 1585405432.185407}, "cmdq": 1, "read": {"device_start": -1, "device_end": -1}}, "FFC_sans_bias51": {"write": {"device_start": -1, "host_queued_start": 1585405492.319747, "device_queued": -1, "device_end": -1, "host_queued_end": 1585405492.333565}, "device": "gpu", "nd_range": {"device_start": 1585405432.221775, "device_end": 1585405432.2296715}, "cmdq": 2, "read": {"device_start": -1, "device_end": -1}}, "softmax23": {"write": {"device_start": -1, "host_queued_start": 1585405492.390558, "device_queued": -1, "device_end": -1, "host_queued_end": 1585405492.405104}, "device": "cpu", "nd_range": {"device_start": 2073267.1997014051, "device_end": 2073267.2007634912}, "cmdq": 2, "read": {"device_start": -1, "device_end": -1}}, "FFC_sans_bias37": {"write": {"device_start": 1585405432.158298, "host_queued_start": 1585405492.282232, "device_queued": 1585405432.1579776, "device_end": 1585405432.1583922, "host_queued_end": 1585405492.333565}, "device": "gpu", "nd_range": {"device_start": 1585405432.1584105, "device_end": 1585405432.1662037}, "cmdq": 2, "read": {"device_start": -1, "device_end": -1}}, "empty62": {"write": {"device_start": 1585405432.1573603, "host_queued_start": 1585405492.273465, "device_queued": 1585405432.1568706, "device_end": 1585405432.1576552, "host_queued_end": 1585405492.333565}, "device": "gpu", "nd_range": {"device_start": 1585405432.1576605, "device_end": 1585405432.1576657}, "cmdq": 2, "read": {"device_start": -1, "device_end": -1}}, "FFC_sans_bias70": {"write": {"device_start": 1585405432.2417629, "host_queued_start": 1585405492.333449, "device_queued": 1585405432.1636932, "device_end": 1585405432.2418742, "host_queued_end": 1585405492.333565}, "device": "gpu", "nd_range": {"device_start": 1585405432.241884, "device_end": 1585405432.2526999}, "cmdq": 2, "read": {"device_start": 1585405432.2527027, "device_end": 1585405432.252793}}, "FFC_sans_bias58": {"write": {"device_start": -1, "host_queued_start": 1585405492.317784, "device_queued": -1, "device_end": -1, "host_queued_end": 1585405492.333565}, "device": "gpu", "nd_range": {"device_start": 1585405432.20469, "device_end": 1585405432.216467}, "cmdq": 1, "read": {"device_start": -1, "device_end": -1}}, "softmax41": {"write": {"device_start": -1, "host_queued_start": 1585405492.318369, "device_queued": -1, "device_end": -1, "host_queued_end": 1585405492.333565}, "device": "gpu", "nd_range": {"device_start": 1585405432.2126, "device_end": 1585405432.2217472}, "cmdq": 0, "read": {"device_start": -1, "device_end": -1}}, "FFC_sans_bias11": {"write": {"device_start": -1, "host_queued_start": 1585405492.366781, "device_queued": -1, "device_end": -1, "host_queued_end": 1585405492.405104}, "device": "cpu", "nd_range": {"device_start": 2073266.7579148512, "device_end": 2073266.8806894}, "cmdq": 1, "read": {"device_start": -1, "device_end": -1}}, "FFC_sans_bias10": {"write": {"device_start": -1, "host_queued_start": 1585405492.363265, "device_queued": -1, "device_end": -1, "host_queued_end": 1585405492.405104}, "device": "cpu", "nd_range": {"device_start": 2073266.7176423762, "device_end": 2073266.840233551}, "cmdq": 0, "read": {"device_start": -1, "device_end": -1}}, "coalesced_transpose3": {"write": {"device_start": -1, "host_queued_start": 1585405492.38719, "device_queued": -1, "device_end": -1, "host_queued_end": 1585405492.405104}, "device": "cpu", "nd_range": {"device_start": 2073266.962896977, "device_end": 2073266.9640381392}, "cmdq": 0, "read": {"device_start": -1, "device_end": -1}}, "FFC_sans_bias34": {"write": {"device_start": -1, "host_queued_start": 1585405492.40505, "device_queued": -1, "device_end": -1, "host_queued_end": 1585405492.405104}, "device": "cpu", "nd_range": {"device_start": 2073267.390064727, "device_end": 2073267.4647543011}, "cmdq": 3, "read": {"device_start": -1, "device_end": -1}}, "FFC_sans_bias15": {"write": {"device_start": -1, "host_queued_start": 1585405492.391542, "device_queued": -1, "device_end": -1, "host_queued_end": 1585405492.405104}, "device": "cpu", "nd_range": {"device_start": 2073267.1220272402, "device_end": 2073267.2466465202}, "cmdq": 1, "read": {"device_start": -1, "device_end": -1}}, "FFC_sans_bias31": {"write": {"device_start": -1, "host_queued_start": 1585405492.389716, "device_queued": -1, "device_end": -1, "host_queued_end": 1585405492.405104}, "device": "cpu", "nd_range": {"device_start": 2073267.143064992, "device_end": 2073267.266119749}, "cmdq": 3, "read": {"device_start": -1, "device_end": -1}}, "FFC_sans_bias16": {"write": {"device_start": -1, "host_queued_start": 1585405492.398638, "device_queued": -1, "device_end": -1, "host_queued_end": 1585405492.405104}, "device": "cpu", "nd_range": {"device_start": 2073267.2468459331, "device_end": 2073267.416168967}, "cmdq": 1, "read": {"device_start": -1, "device_end": -1}}, "FFC_sans_bias19": {"write": {"device_start": -1, "host_queued_start": 1585405492.373656, "device_queued": -1, "device_end": -1, "host_queued_end": 1585405492.405104}, "device": "cpu", "nd_range": {"device_start": 2073266.7357753562, "device_end": 2073266.9866610891}, "cmdq": 3, "read": {"device_start": -1, "device_end": -1}}, "FFC_sans_bias18": {"write": {"device_start": -1, "host_queued_start": 1585405492.370227, "device_queued": -1, "device_end": -1, "host_queued_end": 1585405492.405104}, "device": "cpu", "nd_range": {"device_start": 2073266.7280214971, "device_end": 2073266.858088009}, "cmdq": 2, "read": {"device_start": -1, "device_end": -1}}, "coalesced_transpose30": {"write": {"device_start": -1, "host_queued_start": 1585405492.388314, "device_queued": -1, "device_end": -1, "host_queued_end": 1585405492.405104}, "device": "cpu", "nd_range": {"device_start": 2073267.1419428822, "device_end": 2073267.1430522662}, "cmdq": 3, "read": {"device_start": -1, "device_end": -1}}, "FFC_sans_bias69": {"write": {"device_start": -1, "host_queued_start": 1585405492.320372, "device_queued": -1, "device_end": -1, "host_queued_end": 1585405492.333565}, "device": "gpu", "nd_range": {"device_start": 1585405432.2257564, "device_end": 1585405432.2373245}, "cmdq": 1, "read": {"device_start": -1, "device_end": -1}}, "FFC_sans_bias38": {"write": {"device_start": 1585405432.15875, "host_queued_start": 1585405492.285614, "device_queued": 1585405432.1585035, "device_end": 1585405432.1588585, "host_queued_end": 1585405492.333565}, "device": "gpu", "nd_range": {"device_start": 1585405432.1588624, "device_end": 1585405432.1700644}, "cmdq": 0, "read": {"device_start": -1, "device_end": -1}}, "coalesced_transpose57": {"write": {"device_start": -1, "host_queued_start": 1585405492.316497, "device_queued": -1, "device_end": -1, "host_queued_end": 1585405492.333565}, "device": "gpu", "nd_range": {"device_start": 1585405432.2046432, "device_end": 1585405432.2046692}, "cmdq": 0, "read": {"device_start": -1, "device_end": -1}}, "empty26": {"write": {"device_start": -1, "host_queued_start": 1585405492.343494, "device_queued": -1, "device_end": -1, "host_queued_end": 1585405492.405104}, "device": "cpu", "nd_range": {"device_start": 2073266.5947686322, "device_end": 2073266.5947747522}, "cmdq": 2, "read": {"device_start": -1, "device_end": -1}}, "coalesced_transpose12": {"write": {"device_start": -1, "host_queued_start": 1585405492.38763, "device_queued": -1, "device_end": -1, "host_queued_end": 1585405492.405104}, "device": "cpu", "nd_range": {"device_start": 2073266.9961436961, "device_end": 2073266.9972227332}, "cmdq": 1, "read": {"device_start": -1, "device_end": -1}}, "empty44": {"write": {"device_start": 1585405432.1566467, "host_queued_start": 1585405492.267425, "device_queued": 1585405432.1562881, "device_end": 1585405432.1568491, "host_queued_end": 1585405492.333565}, "device": "gpu", "nd_range": {"device_start": 1585405432.15686, "device_end": 1585405432.1568651}, "cmdq": 0, "read": {"device_start": -1, "device_end": -1}}, "coalesced_transpose21": {"write": {"device_start": -1, "host_queued_start": 1585405492.387974, "device_queued": -1, "device_end": -1, "host_queued_end": 1585405492.405104}, "device": "cpu", "nd_range": {"device_start": 2073266.99400229, "device_end": 2073266.995094482}, "cmdq": 2, "read": {"device_start": -1, "device_end": -1}}, "FFC_sans_bias36": {"write": {"device_start": 1585405432.1579924, "host_queued_start": 1585405492.278917, "device_queued": 1585405432.1576788, "device_end": 1585405432.1582506, "host_queued_end": 1585405492.333565}, "device": "gpu", "nd_range": {"device_start": 1585405432.1582768, "device_end": 1585405432.1622622}, "cmdq": 1, "read": {"device_start": -1, "device_end": -1}}, "softmax14": {"write": {"device_start": -1, "host_queued_start": 1585405492.390287, "device_queued": -1, "device_end": -1, "host_queued_end": 1585405492.405104}, "device": "cpu", "nd_range": {"device_start": 2073267.120918164, "device_end": 2073267.121855901}, "cmdq": 1, "read": {"device_start": -1, "device_end": -1}}, "FFC_sans_bias13": {"write": {"device_start": -1, "host_queued_start": 1585405492.389022, "device_queued": -1, "device_end": -1, "host_queued_end": 1585405492.405104}, "device": "cpu", "nd_range": {"device_start": 2073266.9973636991, "device_end": 2073267.120692403}, "cmdq": 1, "read": {"device_start": -1, "device_end": -1}}, "empty8": {"write": {"device_start": -1, "host_queued_start": 1585405492.337642, "device_queued": -1, "device_end": -1, "host_queued_end": 1585405492.405104}, "device": "cpu", "nd_range": {"device_start": 2073266.594716334, "device_end": 2073266.5947281912}, "cmdq": 0, "read": {"device_start": -1, "device_end": -1}}, "FFC_sans_bias42": {"write": {"device_start": -1, "host_queued_start": 1585405492.31943, "device_queued": -1, "device_end": -1, "host_queued_end": 1585405492.333565}, "device": "gpu", "nd_range": {"device_start": 1585405432.2217653, "device_end": 1585405432.2257493}, "cmdq": 1, "read": {"device_start": -1, "device_end": -1}}, "FFC_sans_bias43": {"write": {"device_start": 1585405432.2308068, "host_queued_start": 1585405492.323579, "device_queued": 1585405432.1628013, "device_end": 1585405432.2309182, "host_queued_end": 1585405492.333565}, "device": "gpu", "nd_range": {"device_start": 1585405432.230929, "device_end": 1585405432.241205}, "cmdq": 2, "read": {"device_start": 1585405432.2412066, "device_end": 1585405432.2413015}}, "FFC_sans_bias40": {"write": {"device_start": -1, "host_queued_start": 1585405492.317128, "device_queued": -1, "device_end": -1, "host_queued_end": 1585405492.333565}, "device": "gpu", "nd_range": {"device_start": 1585405432.204656, "device_end": 1585405432.2086337}, "cmdq": 2, "read": {"device_start": -1, "device_end": -1}}, "softmax32": {"write": {"device_start": -1, "host_queued_start": 1585405492.390849, "device_queued": -1, "device_end": -1, "host_queued_end": 1585405492.405104}, "device": "cpu", "nd_range": {"device_start": 2073267.266350737, "device_end": 2073267.267291198}, "cmdq": 3, "read": {"device_start": -1, "device_end": -1}}, "FFC_sans_bias47": {"write": {"device_start": 1585405432.1704006, "host_queued_start": 1585405492.295798, "device_queued": 1585405432.159241, "device_end": 1585405432.1705039, "host_queued_end": 1585405492.333565}, "device": "gpu", "nd_range": {"device_start": 1585405432.1705098, "device_end": 1585405432.1815717}, "cmdq": 0, "read": {"device_start": -1, "device_end": -1}}, "FFC_sans_bias45": {"write": {"device_start": 1585405432.1626427, "host_queued_start": 1585405492.288973, "device_queued": 1585405432.1587574, "device_end": 1585405432.1627493, "host_queued_end": 1585405492.333565}, "device": "gpu", "nd_range": {"device_start": 1585405432.1627536, "device_end": 1585405432.1737955}, "cmdq": 1, "read": {"device_start": -1, "device_end": -1}}, "softmax50": {"write": {"device_start": -1, "host_queued_start": 1585405492.318628, "device_queued": -1, "device_end": -1, "host_queued_end": 1585405492.333565}, "device": "gpu", "nd_range": {"device_start": 1585405432.2164745, "device_end": 1585405432.2217581}, "cmdq": 1, "read": {"device_start": -1, "device_end": -1}}, "FFC_sans_bias33": {"write": {"device_start": -1, "host_queued_start": 1585405492.392224, "device_queued": -1, "device_end": -1, "host_queued_end": 1585405492.405104}, "device": "cpu", "nd_range": {"device_start": 2073267.267454148, "device_end": 2073267.389850418}, "cmdq": 3, "read": {"device_start": -1, "device_end": -1}}, "FFC_sans_bias63": {"write": {"device_start": 1585405432.193546, "host_queued_start": 1585405492.315529, "device_queued": 1585405432.160687, "device_end": 1585405432.1936493, "host_queued_end": 1585405492.333565}, "device": "gpu", "nd_range": {"device_start": 1585405432.193653, "device_end": 1585405432.2046418}, "cmdq": 0, "read": {"device_start": -1, "device_end": -1}}, "FFC_sans_bias49": {"write": {"device_start": -1, "host_queued_start": 1585405492.31746, "device_queued": -1, "device_end": -1, "host_queued_end": 1585405492.333565}, "device": "gpu", "nd_range": {"device_start": 1585405432.204678, "device_end": 1585405432.2125916}, "cmdq": 0, "read": {"device_start": -1, "device_end": -1}}, "FFC_sans_bias64": {"write": {"device_start": 1585405432.1858149, "host_queued_start": 1585405492.308976, "device_queued": 1585405432.160218, "device_end": 1585405432.1859195, "host_queued_end": 1585405492.333565}, "device": "gpu", "nd_range": {"device_start": 1585405432.1859229, "device_end": 1585405432.1970074}, "cmdq": 1, "read": {"device_start": -1, "device_end": -1}}, "FFC_sans_bias65": {"write": {"device_start": 1585405432.1896882, "host_queued_start": 1585405492.312242, "device_queued": 1585405432.1603458, "device_end": 1585405432.1897924, "host_queued_end": 1585405492.333565}, "device": "gpu", "nd_range": {"device_start": 1585405432.1897974, "device_end": 1585405432.2008557}, "cmdq": 2, "read": {"device_start": -1, "device_end": -1}}, "FFC_sans_bias67": {"write": {"device_start": -1, "host_queued_start": 1585405492.318115, "device_queued": -1, "device_end": -1, "host_queued_end": 1585405492.333565}, "device": "gpu", "nd_range": {"device_start": 1585405432.2086413, "device_end": 1585405432.2201695}, "cmdq": 2, "read": {"device_start": -1, "device_end": -1}}, "FFC_sans_bias24": {"write": {"device_start": -1, "host_queued_start": 1585405492.391885, "device_queued": -1, "device_end": -1, "host_queued_end": 1585405492.405104}, "device": "cpu", "nd_range": {"device_start": 2073267.200775694, "device_end": 2073267.359069142}, "cmdq": 2, "read": {"device_start": -1, "device_end": -1}}, "FFC_sans_bias25": {"write": {"device_start": -1, "host_queued_start": 1585405492.401839, "device_queued": -1, "device_end": -1, "host_queued_end": 1585405492.405104}, "device": "cpu", "nd_range": {"device_start": 2073267.3593080342, "device_end": 2073267.4542406222}, "cmdq": 2, "read": {"device_start": -1, "device_end": -1}}, "FFC_sans_bias27": {"write": {"device_start": -1, "host_queued_start": 1585405492.38022, "device_queued": -1, "device_end": -1, "host_queued_end": 1585405492.405104}, "device": "cpu", "nd_range": {"device_start": 2073266.880913915, "device_end": 2073266.99602986}, "cmdq": 1, "read": {"device_start": -1, "device_end": -1}}, "FFC_sans_bias20": {"write": {"device_start": -1, "host_queued_start": 1585405492.376937, "device_queued": -1, "device_end": -1, "host_queued_end": 1585405492.405104}, "device": "cpu", "nd_range": {"device_start": 2073266.840257812, "device_end": 2073266.9628788782}, "cmdq": 0, "read": {"device_start": -1, "device_end": -1}}, "FFC_sans_bias22": {"write": {"device_start": -1, "host_queued_start": 1585405492.38937, "device_queued": -1, "device_end": -1, "host_queued_end": 1585405492.405104}, "device": "cpu", "nd_range": {"device_start": 2073266.9951109092, "device_end": 2073267.199662652}, "cmdq": 2, "read": {"device_start": -1, "device_end": -1}}, "softmax68": {"write": {"device_start": -1, "host_queued_start": 1585405492.319124, "device_queued": -1, "device_end": -1, "host_queued_end": 1585405492.333565}, "device": "gpu", "nd_range": {"device_start": 1585405432.2217548, "device_end": 1585405432.222603}, "cmdq": 0, "read": {"device_start": -1, "device_end": -1}}, "softmax5": {"write": {"device_start": -1, "host_queued_start": 1585405492.390014, "device_queued": -1, "device_end": -1, "host_queued_end": 1585405492.405104}, "device": "cpu", "nd_range": {"device_start": 2073267.0865910642, "device_end": 2073267.0875622802}, "cmdq": 0, "read": {"device_start": -1, "device_end": -1}}, "FFC_sans_bias28": {"write": {"device_start": -1, "host_queued_start": 1585405492.383497, "device_queued": -1, "device_end": -1, "host_queued_end": 1585405492.405104}, "device": "cpu", "nd_range": {"device_start": 2073266.8581118882, "device_end": 2073266.9863531191}, "cmdq": 2, "read": {"device_start": -1, "device_end": -1}}, "FFC_sans_bias29": {"write": {"device_start": -1, "host_queued_start": 1585405492.38683, "device_queued": -1, "device_end": -1, "host_queued_end": 1585405492.405104}, "device": "cpu", "nd_range": {"device_start": 2073266.98667758, "device_end": 2073267.141922007}, "cmdq": 3, "read": {"device_start": -1, "device_end": -1}}, "empty17": {"write": {"device_start": -1, "host_queued_start": 1585405492.340739, "device_queued": -1, "device_end": -1, "host_queued_end": 1585405492.405104}, "device": "cpu", "nd_range": {"device_start": 2073266.594716398, "device_end": 2073266.594728209}, "cmdq": 1, "read": {"device_start": -1, "device_end": -1}}, "softmax59": {"write": {"device_start": -1, "host_queued_start": 1585405492.318879, "device_queued": -1, "device_end": -1, "host_queued_end": 1585405492.333565}, "device": "gpu", "nd_range": {"device_start": 1585405432.2201781, "device_end": 1585405432.2206624}, "cmdq": 2, "read": {"device_start": -1, "device_end": -1}}, "empty71": {"write": {"device_start": 1585405432.1576796, "host_queued_start": 1585405492.276106, "device_queued": 1585405432.1573381, "device_end": 1585405432.157958, "host_queued_end": 1585405492.333565}, "device": "gpu", "nd_range": {"device_start": 1585405432.1579683, "device_end": 1585405432.1579726}, "cmdq": 0, "read": {"device_start": -1, "device_end": -1}}, "empty35": {"write": {"device_start": -1, "host_queued_start": 1585405492.346218, "device_queued": -1, "device_end": -1, "host_queued_end": 1585405492.405104}, "device": "cpu", "nd_range": {"device_start": 2073266.594993221, "device_end": 2073266.5949966921}, "cmdq": 3, "read": {"device_start": -1, "device_end": -1}}, "empty53": {"write": {"device_start": 1585405432.1570263, "host_queued_start": 1585405492.270842, "device_queued": 1585405432.1565552, "device_end": 1585405432.1573157, "host_queued_end": 1585405492.333565}, "device": "gpu", "nd_range": {"device_start": 1585405432.1573284, "device_end": 1585405432.157333}, "cmdq": 1, "read": {"device_start": -1, "device_end": -1}}, "FFC_sans_bias46": {"write": {"device_start": 1585405432.1665618, "host_queued_start": 1585405492.292294, "device_queued": 1585405432.1588974, "device_end": 1585405432.1666634, "host_queued_end": 1585405492.333565}, "device": "gpu", "nd_range": {"device_start": 1585405432.1666698, "device_end": 1585405432.177723}, "cmdq": 2, "read": {"device_start": -1, "device_end": -1}}, "coalesced_transpose66": {"write": {"device_start": -1, "host_queued_start": 1585405492.316801, "device_queued": -1, "device_end": -1, "host_queued_end": 1585405492.333565}, "device": "gpu", "nd_range": {"device_start": 1585405432.2044632, "device_end": 1585405432.2045386}, "cmdq": 1, "read": {"device_start": -1, "device_end": -1}}, "coalesced_transpose48": {"write": {"device_start": -1, "host_queued_start": 1585405492.31619, "device_queued": -1, "device_end": -1, "host_queued_end": 1585405492.333565}, "device": "gpu", "nd_range": {"device_start": 1585405432.2008572, "device_end": 1585405432.2045057}, "cmdq": 2, "read": {"device_start": -1, "device_end": -1}}}