{"FFC_sans_bias60": {"write": {"device_start": -1, "host_queued_start": 1585405225.6938, "device_queued": -1, "device_end": -1, "host_queued_end": 1585405225.707277}, "device": "gpu", "nd_range": {"device_start": 1585405165.5988715, "device_end": 1585405165.6053562}, "cmdq": 0, "read": {"device_start": -1, "device_end": -1}}, "FFC_sans_bias4": {"write": {"device_start": -1, "host_queued_start": 1585405225.762612, "device_queued": -1, "device_end": -1, "host_queued_end": 1585405225.779852}, "device": "cpu", "nd_range": {"device_start": 2073000.378100645, "device_end": 2073000.4605244042}, "cmdq": 0, "read": {"device_start": -1, "device_end": -1}}, "FFC_sans_bias7": {"write": {"device_start": -1, "host_queued_start": 1585405225.769409, "device_queued": -1, "device_end": -1, "host_queued_end": 1585405225.779852}, "device": "cpu", "nd_range": {"device_start": 2073000.6655630502, "device_end": 2073000.7368603612}, "cmdq": 0, "read": {"device_start": -1, "device_end": -1}}, "FFC_sans_bias6": {"write": {"device_start": -1, "host_queued_start": 1585405225.765107, "device_queued": -1, "device_end": -1, "host_queued_end": 1585405225.779852}, "device": "cpu", "nd_range": {"device_start": 2073000.544952044, "device_end": 2073000.6001940651}, "cmdq": 0, "read": {"device_start": -1, "device_end": -1}}, "FFC_sans_bias1": {"write": {"device_start": -1, "host_queued_start": 1585405225.72691, "device_queued": -1, "device_end": -1, "host_queued_end": 1585405225.779852}, "device": "cpu", "nd_range": {"device_start": 2072999.9695864632, "device_end": 2073000.047293181}, "cmdq": 1, "read": {"device_start": -1, "device_end": -1}}, "FFC_sans_bias0": {"write": {"device_start": -1, "host_queued_start": 1585405225.723199, "device_queued": -1, "device_end": -1, "host_queued_end": 1585405225.779852}, "device": "cpu", "nd_range": {"device_start": 2072999.969584159, "device_end": 2073000.033437882}, "cmdq": 0, "read": {"device_start": -1, "device_end": -1}}, "FFC_sans_bias2": {"write": {"device_start": -1, "host_queued_start": 1585405225.730454, "device_queued": -1, "device_end": -1, "host_queued_end": 1585405225.779852}, "device": "cpu", "nd_range": {"device_start": 2073000.033857956, "device_end": 2073000.09495302}, "cmdq": 0, "read": {"device_start": -1, "device_end": -1}}, "FFC_sans_bias61": {"write": {"device_start": 1585405165.6125412, "host_queued_start": 1585405225.703888, "device_queued": 1585405165.5443087, "device_end": 1585405165.612636, "host_queued_end": 1585405225.707277}, "device": "gpu", "nd_range": {"device_start": 1585405165.6126382, "device_end": 1585405165.6183047}, "cmdq": 0, "read": {"device_start": 1585405165.6183114, "device_end": 1585405165.6183999}}, "FFC_sans_bias52": {"write": {"device_start": 1585405165.6025352, "host_queued_start": 1585405225.700623, "device_queued": 1585405165.5439892, "device_end": 1585405165.6026404, "host_queued_end": 1585405225.707277}, "device": "gpu", "nd_range": {"device_start": 1585405165.6026435, "device_end": 1585405165.6086078}, "cmdq": 1, "read": {"device_start": 1585405165.6086183, "device_end": 1585405165.6087215}}, "FFC_sans_bias9": {"write": {"device_start": -1, "host_queued_start": 1585405225.733925, "device_queued": -1, "device_end": -1, "host_queued_end": 1585405225.779852}, "device": "cpu", "nd_range": {"device_start": 2073000.0489889942, "device_end": 2073000.139221375}, "cmdq": 1, "read": {"device_start": -1, "device_end": -1}}, "coalesced_transpose39": {"write": {"device_start": -1, "host_queued_start": 1585405225.6897, "device_queued": -1, "device_end": -1, "host_queued_end": 1585405225.707277}, "device": "gpu", "nd_range": {"device_start": 1585405165.5751057, "device_end": 1585405165.5781612}, "cmdq": 0, "read": {"device_start": -1, "device_end": -1}}, "FFC_sans_bias55": {"write": {"device_start": 1585405165.5624287, "host_queued_start": 1585405225.679546, "device_queued": 1585405165.5409114, "device_end": 1585405165.5625315, "host_queued_end": 1585405225.707277}, "device": "gpu", "nd_range": {"device_start": 1585405165.5625353, "device_end": 1585405165.5685985}, "cmdq": 0, "read": {"device_start": -1, "device_end": -1}}, "FFC_sans_bias54": {"write": {"device_start": 1585405165.5591655, "host_queued_start": 1585405225.67629, "device_queued": 1585405165.5406613, "device_end": 1585405165.5592833, "host_queued_end": 1585405225.707277}, "device": "gpu", "nd_range": {"device_start": 1585405165.5592875, "device_end": 1585405165.5653172}, "cmdq": 1, "read": {"device_start": -1, "device_end": -1}}, "FFC_sans_bias56": {"write": {"device_start": 1585405165.5558987, "host_queued_start": 1585405225.672993, "device_queued": 1585405165.5404274, "device_end": 1585405165.5560024, "host_queued_end": 1585405225.707277}, "device": "gpu", "nd_range": {"device_start": 1585405165.5560062, "device_end": 1585405165.562066}, "cmdq": 0, "read": {"device_start": -1, "device_end": -1}}, "FFC_sans_bias51": {"write": {"device_start": -1, "host_queued_start": 1585405225.693488, "device_queued": -1, "device_end": -1, "host_queued_end": 1585405225.707277}, "device": "gpu", "nd_range": {"device_start": 1585405165.5921993, "device_end": 1585405165.5955791}, "cmdq": 1, "read": {"device_start": -1, "device_end": -1}}, "softmax23": {"write": {"device_start": -1, "host_queued_start": 1585405225.764477, "device_queued": -1, "device_end": -1, "host_queued_end": 1585405225.779852}, "device": "cpu", "nd_range": {"device_start": 2073000.5444373172, "device_end": 2073000.544839166}, "cmdq": 0, "read": {"device_start": -1, "device_end": -1}}, "FFC_sans_bias37": {"write": {"device_start": 1585405165.5393677, "host_queued_start": 1585405225.656328, "device_queued": 1585405165.5391073, "device_end": 1585405165.5394626, "host_queued_end": 1585405225.707277}, "device": "gpu", "nd_range": {"device_start": 1585405165.5394669, "device_end": 1585405165.5457673}, "cmdq": 1, "read": {"device_start": -1, "device_end": -1}}, "empty62": {"write": {"device_start": 1585405165.5383277, "host_queued_start": 1585405225.647487, "device_queued": 1585405165.5379298, "device_end": 1585405165.5385945, "host_queued_end": 1585405225.707277}, "device": "gpu", "nd_range": {"device_start": 1585405165.5385993, "device_end": 1585405165.538605}, "cmdq": 0, "read": {"device_start": -1, "device_end": -1}}, "FFC_sans_bias70": {"write": {"device_start": 1585405165.609326, "host_queued_start": 1585405225.707164, "device_queued": 1585405165.5445507, "device_end": 1585405165.6094286, "host_queued_end": 1585405225.707277}, "device": "gpu", "nd_range": {"device_start": 1585405165.6094327, "device_end": 1585405165.615141}, "cmdq": 1, "read": {"device_start": 1585405165.6151466, "device_end": 1585405165.6152341}}, "FFC_sans_bias58": {"write": {"device_start": -1, "host_queued_start": 1585405225.691575, "device_queued": -1, "device_end": -1, "host_queued_end": 1585405225.707277}, "device": "gpu", "nd_range": {"device_start": 1585405165.5815854, "device_end": 1585405165.588203}, "cmdq": 0, "read": {"device_start": -1, "device_end": -1}}, "softmax41": {"write": {"device_start": -1, "host_queued_start": 1585405225.692135, "device_queued": -1, "device_end": -1, "host_queued_end": 1585405225.707277}, "device": "gpu", "nd_range": {"device_start": 1585405165.588204, "device_end": 1585405165.5920088}, "cmdq": 0, "read": {"device_start": -1, "device_end": -1}}, "FFC_sans_bias11": {"write": {"device_start": -1, "host_queued_start": 1585405225.740888, "device_queued": -1, "device_end": -1, "host_queued_end": 1585405225.779852}, "device": "cpu", "nd_range": {"device_start": 2073000.1392380982, "device_end": 2073000.2029461132}, "cmdq": 1, "read": {"device_start": -1, "device_end": -1}}, "FFC_sans_bias10": {"write": {"device_start": -1, "host_queued_start": 1585405225.737428, "device_queued": -1, "device_end": -1, "host_queued_end": 1585405225.779852}, "device": "cpu", "nd_range": {"device_start": 2073000.095183463, "device_end": 2073000.1527738431}, "cmdq": 0, "read": {"device_start": -1, "device_end": -1}}, "coalesced_transpose3": {"write": {"device_start": -1, "host_queued_start": 1585405225.761198, "device_queued": -1, "device_end": -1, "host_queued_end": 1585405225.779852}, "device": "cpu", "nd_range": {"device_start": 2073000.3758294622, "device_end": 2073000.376959314}, "cmdq": 0, "read": {"device_start": -1, "device_end": -1}}, "FFC_sans_bias34": {"write": {"device_start": -1, "host_queued_start": 1585405225.779723, "device_queued": -1, "device_end": -1, "host_queued_end": 1585405225.779852}, "device": "cpu", "nd_range": {"device_start": 2073000.764273836, "device_end": 2073000.8251428371}, "cmdq": 1, "read": {"device_start": -1, "device_end": -1}}, "FFC_sans_bias15": {"write": {"device_start": -1, "host_queued_start": 1585405225.765466, "device_queued": -1, "device_end": -1, "host_queued_end": 1585405225.779852}, "device": "cpu", "nd_range": {"device_start": 2073000.5530545902, "device_end": 2073000.626797018}, "cmdq": 1, "read": {"device_start": -1, "device_end": -1}}, "FFC_sans_bias31": {"write": {"device_start": -1, "host_queued_start": 1585405225.763639, "device_queued": -1, "device_end": -1, "host_queued_end": 1585405225.779852}, "device": "cpu", "nd_range": {"device_start": 2073000.4754020772, "device_end": 2073000.544152718}, "cmdq": 1, "read": {"device_start": -1, "device_end": -1}}, "FFC_sans_bias16": {"write": {"device_start": -1, "host_queued_start": 1585405225.77261, "device_queued": -1, "device_end": -1, "host_queued_end": 1585405225.779852}, "device": "cpu", "nd_range": {"device_start": 2073000.6956376142, "device_end": 2073000.764265421}, "cmdq": 1, "read": {"device_start": -1, "device_end": -1}}, "FFC_sans_bias19": {"write": {"device_start": -1, "host_queued_start": 1585405225.747644, "device_queued": -1, "device_end": -1, "host_queued_end": 1585405225.779852}, "device": "cpu", "nd_range": {"device_start": 2073000.202974975, "device_end": 2073000.2932118732}, "cmdq": 1, "read": {"device_start": -1, "device_end": -1}}, "FFC_sans_bias18": {"write": {"device_start": -1, "host_queued_start": 1585405225.74436, "device_queued": -1, "device_end": -1, "host_queued_end": 1585405225.779852}, "device": "cpu", "nd_range": {"device_start": 2073000.1527889702, "device_end": 2073000.2329089942}, "cmdq": 0, "read": {"device_start": -1, "device_end": -1}}, "coalesced_transpose30": {"write": {"device_start": -1, "host_queued_start": 1585405225.762261, "device_queued": -1, "device_end": -1, "host_queued_end": 1585405225.779852}, "device": "cpu", "nd_range": {"device_start": 2073000.415304105, "device_end": 2073000.4164217}, "cmdq": 1, "read": {"device_start": -1, "device_end": -1}}, "FFC_sans_bias69": {"write": {"device_start": -1, "host_queued_start": 1585405225.69411, "device_queued": -1, "device_end": -1, "host_queued_end": 1585405225.707277}, "device": "gpu", "nd_range": {"device_start": 1585405165.5955803, "device_end": 1585405165.6021588}, "cmdq": 1, "read": {"device_start": -1, "device_end": -1}}, "FFC_sans_bias38": {"write": {"device_start": 1585405165.5427594, "host_queued_start": 1585405225.659664, "device_queued": 1585405165.5394726, "device_end": 1585405165.5428581, "host_queued_end": 1585405225.707277}, "device": "gpu", "nd_range": {"device_start": 1585405165.542863, "device_end": 1585405165.5490358}, "cmdq": 0, "read": {"device_start": -1, "device_end": -1}}, "coalesced_transpose57": {"write": {"device_start": -1, "host_queued_start": 1585405225.690309, "device_queued": -1, "device_end": -1, "host_queued_end": 1585405225.707277}, "device": "gpu", "nd_range": {"device_start": 1585405165.5781627, "device_end": 1585405165.5781908}, "cmdq": 0, "read": {"device_start": -1, "device_end": -1}}, "empty26": {"write": {"device_start": -1, "host_queued_start": 1585405225.717218, "device_queued": -1, "device_end": -1, "host_queued_end": 1585405225.779852}, "device": "cpu", "nd_range": {"device_start": 2072999.9695759222, "device_end": 2072999.969577304}, "cmdq": 0, "read": {"device_start": -1, "device_end": -1}}, "coalesced_transpose12": {"write": {"device_start": -1, "host_queued_start": 1585405225.761532, "device_queued": -1, "device_end": -1, "host_queued_end": 1585405225.779852}, "device": "cpu", "nd_range": {"device_start": 2073000.4141957592, "device_end": 2073000.415293398}, "cmdq": 1, "read": {"device_start": -1, "device_end": -1}}, "empty44": {"write": {"device_start": 1585405165.537637, "host_queued_start": 1585405225.641177, "device_queued": 1585405165.5373101, "device_end": 1585405165.5378244, "host_queued_end": 1585405225.707277}, "device": "gpu", "nd_range": {"device_start": 1585405165.5378346, "device_end": 1585405165.5378413}, "cmdq": 0, "read": {"device_start": -1, "device_end": -1}}, "coalesced_transpose21": {"write": {"device_start": -1, "host_queued_start": 1585405225.761935, "device_queued": -1, "device_end": -1, "host_queued_end": 1585405225.779852}, "device": "cpu", "nd_range": {"device_start": 2073000.3769693591, "device_end": 2073000.3780894682}, "cmdq": 0, "read": {"device_start": -1, "device_end": -1}}, "FFC_sans_bias36": {"write": {"device_start": 1585405165.5389755, "host_queued_start": 1585405225.652984, "device_queued": 1585405165.538617, "device_end": 1585405165.5390704, "host_queued_end": 1585405225.707277}, "device": "gpu", "nd_range": {"device_start": 1585405165.5390806, "device_end": 1585405165.5424323}, "cmdq": 0, "read": {"device_start": -1, "device_end": -1}}, "softmax14": {"write": {"device_start": -1, "host_queued_start": 1585405225.764206, "device_queued": -1, "device_end": -1, "host_queued_end": 1585405225.779852}, "device": "cpu", "nd_range": {"device_start": 2073000.544240107, "device_end": 2073000.544738271}, "cmdq": 1, "read": {"device_start": -1, "device_end": -1}}, "FFC_sans_bias13": {"write": {"device_start": -1, "host_queued_start": 1585405225.762955, "device_queued": -1, "device_end": -1, "host_queued_end": 1585405225.779852}, "device": "cpu", "nd_range": {"device_start": 2073000.4164314312, "device_end": 2073000.4753903842}, "cmdq": 1, "read": {"device_start": -1, "device_end": -1}}, "empty8": {"write": {"device_start": -1, "host_queued_start": 1585405225.711236, "device_queued": -1, "device_end": -1, "host_queued_end": 1585405225.779852}, "device": "cpu", "nd_range": {"device_start": 2072999.9695432482, "device_end": 2072999.969550511}, "cmdq": 0, "read": {"device_start": -1, "device_end": -1}}, "FFC_sans_bias42": {"write": {"device_start": -1, "host_queued_start": 1585405225.693178, "device_queued": -1, "device_end": -1, "host_queued_end": 1585405225.707277}, "device": "gpu", "nd_range": {"device_start": 1585405165.5926154, "device_end": 1585405165.5988703}, "cmdq": 0, "read": {"device_start": -1, "device_end": -1}}, "FFC_sans_bias43": {"write": {"device_start": 1585405165.6056962, "host_queued_start": 1585405225.69735, "device_queued": 1585405165.5437555, "device_end": 1585405165.6057994, "host_queued_end": 1585405225.707277}, "device": "gpu", "nd_range": {"device_start": 1585405165.6058028, "device_end": 1585405165.6118853}, "cmdq": 0, "read": {"device_start": 1585405165.611889, "device_end": 1585405165.6119807}}, "FFC_sans_bias40": {"write": {"device_start": -1, "host_queued_start": 1585405225.690932, "device_queued": -1, "device_end": -1, "host_queued_end": 1585405225.707277}, "device": "gpu", "nd_range": {"device_start": 1585405165.5781927, "device_end": 1585405165.581584}, "cmdq": 0, "read": {"device_start": -1, "device_end": -1}}, "softmax32": {"write": {"device_start": -1, "host_queued_start": 1585405225.764746, "device_queued": -1, "device_end": -1, "host_queued_end": 1585405225.779852}, "device": "cpu", "nd_range": {"device_start": 2073000.5448647572, "device_end": 2073000.552909732}, "cmdq": 1, "read": {"device_start": -1, "device_end": -1}}, "FFC_sans_bias47": {"write": {"device_start": 1585405165.5525858, "host_queued_start": 1585405225.669511, "device_queued": 1585405165.5401945, "device_end": 1585405165.5526996, "host_queued_end": 1585405225.707277}, "device": "gpu", "nd_range": {"device_start": 1585405165.5527034, "device_end": 1585405165.558793}, "cmdq": 1, "read": {"device_start": -1, "device_end": -1}}, "FFC_sans_bias45": {"write": {"device_start": 1585405165.5461252, "host_queued_start": 1585405225.662939, "device_queued": 1585405165.5397024, "device_end": 1585405165.5462303, "host_queued_end": 1585405225.707277}, "device": "gpu", "nd_range": {"device_start": 1585405165.5462356, "device_end": 1585405165.5522242}, "cmdq": 1, "read": {"device_start": -1, "device_end": -1}}, "softmax50": {"write": {"device_start": -1, "host_queued_start": 1585405225.692384, "device_queued": -1, "device_end": -1, "host_queued_end": 1585405225.707277}, "device": "gpu", "nd_range": {"device_start": 1585405165.591359, "device_end": 1585405165.591779}, "cmdq": 1, "read": {"device_start": -1, "device_end": -1}}, "FFC_sans_bias33": {"write": {"device_start": -1, "host_queued_start": 1585405225.766182, "device_queued": -1, "device_end": -1, "host_queued_end": 1585405225.779852}, "device": "cpu", "nd_range": {"device_start": 2073000.6268129612, "device_end": 2073000.6956250062}, "cmdq": 1, "read": {"device_start": -1, "device_end": -1}}, "FFC_sans_bias63": {"write": {"device_start": 1585405165.5722399, "host_queued_start": 1585405225.689356, "device_queued": 1585405165.541599, "device_end": 1585405165.5723438, "host_queued_end": 1585405225.707277}, "device": "gpu", "nd_range": {"device_start": 1585405165.5723486, "device_end": 1585405165.5783582}, "cmdq": 1, "read": {"device_start": -1, "device_end": -1}}, "FFC_sans_bias49": {"write": {"device_start": -1, "host_queued_start": 1585405225.691262, "device_queued": -1, "device_end": -1, "host_queued_end": 1585405225.707277}, "device": "gpu", "nd_range": {"device_start": 1585405165.5814724, "device_end": 1585405165.584898}, "cmdq": 1, "read": {"device_start": -1, "device_end": -1}}, "FFC_sans_bias64": {"write": {"device_start": 1585405165.5656848, "host_queued_start": 1585405225.682791, "device_queued": 1585405165.5411437, "device_end": 1585405165.5657887, "host_queued_end": 1585405225.707277}, "device": "gpu", "nd_range": {"device_start": 1585405165.5657933, "device_end": 1585405165.5718527}, "cmdq": 1, "read": {"device_start": -1, "device_end": -1}}, "FFC_sans_bias65": {"write": {"device_start": 1585405165.5689714, "host_queued_start": 1585405225.686097, "device_queued": 1585405165.541373, "device_end": 1585405165.569074, "host_queued_end": 1585405225.707277}, "device": "gpu", "nd_range": {"device_start": 1585405165.5690799, "device_end": 1585405165.575104}, "cmdq": 0, "read": {"device_start": -1, "device_end": -1}}, "FFC_sans_bias67": {"write": {"device_start": -1, "host_queued_start": 1585405225.691884, "device_queued": -1, "device_end": -1, "host_queued_end": 1585405225.707277}, "device": "gpu", "nd_range": {"device_start": 1585405165.584899, "device_end": 1585405165.5913575}, "cmdq": 1, "read": {"device_start": -1, "device_end": -1}}, "FFC_sans_bias24": {"write": {"device_start": -1, "host_queued_start": 1585405225.765824, "device_queued": -1, "device_end": -1, "host_queued_end": 1585405225.779852}, "device": "cpu", "nd_range": {"device_start": 2073000.600209543, "device_end": 2073000.6655498582}, "cmdq": 0, "read": {"device_start": -1, "device_end": -1}}, "FFC_sans_bias25": {"write": {"device_start": -1, "host_queued_start": 1585405225.776083, "device_queued": -1, "device_end": -1, "host_queued_end": 1585405225.779852}, "device": "cpu", "nd_range": {"device_start": 2073000.7368722172, "device_end": 2073000.8095553091}, "cmdq": 0, "read": {"device_start": -1, "device_end": -1}}, "FFC_sans_bias27": {"write": {"device_start": -1, "host_queued_start": 1585405225.754243, "device_queued": -1, "device_end": -1, "host_queued_end": 1585405225.779852}, "device": "cpu", "nd_range": {"device_start": 2073000.2932299592, "device_end": 2073000.3442812362}, "cmdq": 1, "read": {"device_start": -1, "device_end": -1}}, "FFC_sans_bias20": {"write": {"device_start": -1, "host_queued_start": 1585405225.750929, "device_queued": -1, "device_end": -1, "host_queued_end": 1585405225.779852}, "device": "cpu", "nd_range": {"device_start": 2073000.232930853, "device_end": 2073000.303410025}, "cmdq": 0, "read": {"device_start": -1, "device_end": -1}}, "FFC_sans_bias22": {"write": {"device_start": -1, "host_queued_start": 1585405225.763298, "device_queued": -1, "device_end": -1, "host_queued_end": 1585405225.779852}, "device": "cpu", "nd_range": {"device_start": 2073000.460538245, "device_end": 2073000.5431109811}, "cmdq": 0, "read": {"device_start": -1, "device_end": -1}}, "softmax68": {"write": {"device_start": -1, "host_queued_start": 1585405225.692867, "device_queued": -1, "device_end": -1, "host_queued_end": 1585405225.707277}, "device": "gpu", "nd_range": {"device_start": 1585405165.5917802, "device_end": 1585405165.5921977}, "cmdq": 1, "read": {"device_start": -1, "device_end": -1}}, "softmax5": {"write": {"device_start": -1, "host_queued_start": 1585405225.763918, "device_queued": -1, "device_end": -1, "host_queued_end": 1585405225.779852}, "device": "cpu", "nd_range": {"device_start": 2073000.543127309, "device_end": 2073000.5442210522}, "cmdq": 0, "read": {"device_start": -1, "device_end": -1}}, "FFC_sans_bias28": {"write": {"device_start": -1, "host_queued_start": 1585405225.757557, "device_queued": -1, "device_end": -1, "host_queued_end": 1585405225.779852}, "device": "cpu", "nd_range": {"device_start": 2073000.303423165, "device_end": 2073000.375815951}, "cmdq": 0, "read": {"device_start": -1, "device_end": -1}}, "FFC_sans_bias29": {"write": {"device_start": -1, "host_queued_start": 1585405225.76084, "device_queued": -1, "device_end": -1, "host_queued_end": 1585405225.779852}, "device": "cpu", "nd_range": {"device_start": 2073000.3442925022, "device_end": 2073000.414183258}, "cmdq": 1, "read": {"device_start": -1, "device_end": -1}}, "empty17": {"write": {"device_start": -1, "host_queued_start": 1585405225.714149, "device_queued": -1, "device_end": -1, "host_queued_end": 1585405225.779852}, "device": "cpu", "nd_range": {"device_start": 2072999.9695362751, "device_end": 2072999.9695505141}, "cmdq": 1, "read": {"device_start": -1, "device_end": -1}}, "softmax59": {"write": {"device_start": -1, "host_queued_start": 1585405225.692622, "device_queued": -1, "device_end": -1, "host_queued_end": 1585405225.707277}, "device": "gpu", "nd_range": {"device_start": 1585405165.59201, "device_end": 1585405165.5926142}, "cmdq": 0, "read": {"device_start": -1, "device_end": -1}}, "empty71": {"write": {"device_start": 1585405165.5386548, "host_queued_start": 1585405225.650145, "device_queued": 1585405165.5383172, "device_end": 1585405165.538909, "host_queued_end": 1585405225.707277}, "device": "gpu", "nd_range": {"device_start": 1585405165.538918, "device_end": 1585405165.5389218}, "cmdq": 1, "read": {"device_start": -1, "device_end": -1}}, "empty35": {"write": {"device_start": -1, "host_queued_start": 1585405225.720173, "device_queued": -1, "device_end": -1, "host_queued_end": 1585405225.779852}, "device": "cpu", "nd_range": {"device_start": 2072999.9695760522, "device_end": 2072999.9695773462}, "cmdq": 1, "read": {"device_start": -1, "device_end": -1}}, "empty53": {"write": {"device_start": 1585405165.5379958, "host_queued_start": 1585405225.644513, "device_queued": 1585405165.537633, "device_end": 1585405165.538289, "host_queued_end": 1585405225.707277}, "device": "gpu", "nd_range": {"device_start": 1585405165.538293, "device_end": 1585405165.5382974}, "cmdq": 1, "read": {"device_start": -1, "device_end": -1}}, "FFC_sans_bias46": {"write": {"device_start": 1585405165.5494149, "host_queued_start": 1585405225.666191, "device_queued": 1585405165.5399284, "device_end": 1585405165.5495186, "host_queued_end": 1585405225.707277}, "device": "gpu", "nd_range": {"device_start": 1585405165.5495214, "device_end": 1585405165.5555065}, "cmdq": 0, "read": {"device_start": -1, "device_end": -1}}, "coalesced_transpose66": {"write": {"device_start": -1, "host_queued_start": 1585405225.690617, "device_queued": -1, "device_end": -1, "host_queued_end": 1585405225.707277}, "device": "gpu", "nd_range": {"device_start": 1585405165.581409, "device_end": 1585405165.5814703}, "cmdq": 1, "read": {"device_start": -1, "device_end": -1}}, "coalesced_transpose48": {"write": {"device_start": -1, "host_queued_start": 1585405225.690006, "device_queued": -1, "device_end": -1, "host_queued_end": 1585405225.707277}, "device": "gpu", "nd_range": {"device_start": 1585405165.578363, "device_end": 1585405165.5814075}, "cmdq": 1, "read": {"device_start": -1, "device_end": -1}}}