{"FFC_sans_bias60": {"write": {"device_start": -1, "host_queued_start": 1585405119.200919, "device_queued": -1, "device_end": -1, "host_queued_end": 1585405119.207887}, "device": "gpu", "nd_range": {"device_start": 1585405059.0720177, "device_end": 1585405059.0753593}, "cmdq": 0, "read": {"device_start": -1, "device_end": -1}}, "FFC_sans_bias4": {"write": {"device_start": -1, "host_queued_start": 1585405119.287021, "device_queued": -1, "device_end": -1, "host_queued_end": 1585405119.311903}, "device": "cpu", "nd_range": {"device_start": 2072894.177649633, "device_end": 2072894.2893293311}, "cmdq": 2, "read": {"device_start": -1, "device_end": -1}}, "FFC_sans_bias7": {"write": {"device_start": -1, "host_queued_start": 1585405119.295755, "device_queued": -1, "device_end": -1, "host_queued_end": 1585405119.311903}, "device": "cpu", "nd_range": {"device_start": 2072894.6041927822, "device_end": 2072894.7258228401}, "cmdq": 0, "read": {"device_start": -1, "device_end": -1}}, "FFC_sans_bias6": {"write": {"device_start": -1, "host_queued_start": 1585405119.290798, "device_queued": -1, "device_end": -1, "host_queued_end": 1585405119.311903}, "device": "cpu", "nd_range": {"device_start": 2072894.389130891, "device_end": 2072894.5115042361}, "cmdq": 2, "read": {"device_start": -1, "device_end": -1}}, "FFC_sans_bias1": {"write": {"device_start": -1, "host_queued_start": 1585405119.231384, "device_queued": -1, "device_end": -1, "host_queued_end": 1585405119.311903}, "device": "cpu", "nd_range": {"device_start": 2072893.5015915702, "device_end": 2072893.62424059}, "cmdq": 3, "read": {"device_start": -1, "device_end": -1}}, "FFC_sans_bias0": {"write": {"device_start": -1, "host_queued_start": 1585405119.228041, "device_queued": -1, "device_end": -1, "host_queued_end": 1585405119.311903}, "device": "cpu", "nd_range": {"device_start": 2072893.624592741, "device_end": 2072893.7392990792}, "cmdq": 2, "read": {"device_start": -1, "device_end": -1}}, "FFC_sans_bias2": {"write": {"device_start": -1, "host_queued_start": 1585405119.234679, "device_queued": -1, "device_end": -1, "host_queued_end": 1585405119.311903}, "device": "cpu", "nd_range": {"device_start": 2072893.501565336, "device_end": 2072893.623950757}, "cmdq": 0, "read": {"device_start": -1, "device_end": -1}}, "FFC_sans_bias61": {"write": {"device_start": 1585405059.0790603, "host_queued_start": 1585405119.204465, "device_queued": 1585405059.044102, "device_end": 1585405059.0791595, "host_queued_end": 1585405119.207887}, "device": "gpu", "nd_range": {"device_start": 1585405059.0791652, "device_end": 1585405059.082499}, "cmdq": 0, "read": {"device_start": 1585405059.082505, "device_end": 1585405059.0825958}}, "FFC_sans_bias52": {"write": {"device_start": -1, "host_queued_start": 1585405119.311849, "device_queued": -1, "device_end": -1, "host_queued_end": 1585405119.311903}, "device": "cpu", "nd_range": {"device_start": 2072894.903293526, "device_end": 2072894.9841584952}, "cmdq": 1, "read": {"device_start": -1, "device_end": -1}}, "FFC_sans_bias9": {"write": {"device_start": -1, "host_queued_start": 1585405119.237993, "device_queued": -1, "device_end": -1, "host_queued_end": 1585405119.311903}, "device": "cpu", "nd_range": {"device_start": 2072893.501564298, "device_end": 2072893.6242873291}, "cmdq": 1, "read": {"device_start": -1, "device_end": -1}}, "coalesced_transpose39": {"write": {"device_start": -1, "host_queued_start": 1585405119.286238, "device_queued": -1, "device_end": -1, "host_queued_end": 1585405119.311903}, "device": "cpu", "nd_range": {"device_start": 2072894.0508982781, "device_end": 2072894.051982477}, "cmdq": 0, "read": {"device_start": -1, "device_end": -1}}, "FFC_sans_bias55": {"write": {"device_start": 1585405059.0497494, "host_queued_start": 1585405119.188577, "device_queued": 1585405059.0423589, "device_end": 1585405059.0498433, "host_queued_end": 1585405119.207887}, "device": "gpu", "nd_range": {"device_start": 1585405059.0498505, "device_end": 1585405059.0532117}, "cmdq": 0, "read": {"device_start": -1, "device_end": -1}}, "FFC_sans_bias54": {"write": {"device_start": 1585405059.0459862, "host_queued_start": 1585405119.185258, "device_queued": 1585405059.0419729, "device_end": 1585405059.0460818, "host_queued_end": 1585405119.207887}, "device": "gpu", "nd_range": {"device_start": 1585405059.046085, "device_end": 1585405059.049422}, "cmdq": 0, "read": {"device_start": -1, "device_end": -1}}, "FFC_sans_bias56": {"write": {"device_start": 1585405059.042257, "host_queued_start": 1585405119.181862, "device_queued": 1585405059.041633, "device_end": 1585405059.042349, "host_queued_end": 1585405119.207887}, "device": "gpu", "nd_range": {"device_start": 1585405059.0423586, "device_end": 1585405059.045697}, "cmdq": 0, "read": {"device_start": -1, "device_end": -1}}, "FFC_sans_bias51": {"write": {"device_start": -1, "host_queued_start": 1585405119.292516, "device_queued": -1, "device_end": -1, "host_queued_end": 1585405119.311903}, "device": "cpu", "nd_range": {"device_start": 2072894.8217749882, "device_end": 2072894.903038423}, "cmdq": 3, "read": {"device_start": -1, "device_end": -1}}, "softmax23": {"write": {"device_start": -1, "host_queued_start": 1585405119.289593, "device_queued": -1, "device_end": -1, "host_queued_end": 1585405119.311903}, "device": "cpu", "nd_range": {"device_start": 2072894.3881517102, "device_end": 2072894.389118723}, "cmdq": 2, "read": {"device_start": -1, "device_end": -1}}, "FFC_sans_bias37": {"write": {"device_start": -1, "host_queued_start": 1585405119.271363, "device_queued": -1, "device_end": -1, "host_queued_end": 1585405119.311903}, "device": "cpu", "nd_range": {"device_start": 2072893.8156275412, "device_end": 2072893.9381518322}, "cmdq": 3, "read": {"device_start": -1, "device_end": -1}}, "empty62": {"write": {"device_start": 1585405059.0413792, "host_queued_start": 1585405119.175564, "device_queued": 1585405059.0410569, "device_end": 1585405059.0414793, "host_queued_end": 1585405119.207887}, "device": "gpu", "nd_range": {"device_start": 1585405059.041485, "device_end": 1585405059.0414894}, "cmdq": 0, "read": {"device_start": -1, "device_end": -1}}, "FFC_sans_bias70": {"write": {"device_start": 1585405059.0831866, "host_queued_start": 1585405119.207773, "device_queued": 1585405059.0443623, "device_end": 1585405059.0832844, "host_queued_end": 1585405119.207887}, "device": "gpu", "nd_range": {"device_start": 1585405059.0832899, "device_end": 1585405059.0866075}, "cmdq": 0, "read": {"device_start": 1585405059.086614, "device_end": 1585405059.0867033}}, "FFC_sans_bias58": {"write": {"device_start": -1, "host_queued_start": 1585405119.199582, "device_queued": -1, "device_end": -1, "host_queued_end": 1585405119.207887}, "device": "gpu", "nd_range": {"device_start": 1585405059.064512, "device_end": 1585405059.0678482}, "cmdq": 0, "read": {"device_start": -1, "device_end": -1}}, "softmax41": {"write": {"device_start": -1, "host_queued_start": 1585405119.290142, "device_queued": -1, "device_end": -1, "host_queued_end": 1585405119.311903}, "device": "cpu", "nd_range": {"device_start": 2072894.48052704, "device_end": 2072894.481501206}, "cmdq": 0, "read": {"device_start": -1, "device_end": -1}}, "FFC_sans_bias11": {"write": {"device_start": -1, "host_queued_start": 1585405119.244551, "device_queued": -1, "device_end": -1, "host_queued_end": 1585405119.311903}, "device": "cpu", "nd_range": {"device_start": 2072893.624276637, "device_end": 2072893.692735081}, "cmdq": 3, "read": {"device_start": -1, "device_end": -1}}, "FFC_sans_bias10": {"write": {"device_start": -1, "host_queued_start": 1585405119.241274, "device_queued": -1, "device_end": -1, "host_queued_end": 1585405119.311903}, "device": "cpu", "nd_range": {"device_start": 2072893.7393264982, "device_end": 2072893.861607199}, "cmdq": 2, "read": {"device_start": -1, "device_end": -1}}, "coalesced_transpose3": {"write": {"device_start": -1, "host_queued_start": 1585405119.284878, "device_queued": -1, "device_end": -1, "host_queued_end": 1585405119.311903}, "device": "cpu", "nd_range": {"device_start": 2072894.0497830221, "device_end": 2072894.0508759022}, "cmdq": 0, "read": {"device_start": -1, "device_end": -1}}, "FFC_sans_bias34": {"write": {"device_start": -1, "host_queued_start": 1585405119.305411, "device_queued": -1, "device_end": -1, "host_queued_end": 1585405119.311903}, "device": "cpu", "nd_range": {"device_start": 2072894.903274835, "device_end": 2072894.984648396}, "cmdq": 3, "read": {"device_start": -1, "device_end": -1}}, "FFC_sans_bias15": {"write": {"device_start": -1, "host_queued_start": 1585405119.291139, "device_queued": -1, "device_end": -1, "host_queued_end": 1585405119.311903}, "device": "cpu", "nd_range": {"device_start": 2072894.7259453211, "device_end": 2072894.8217300002}, "cmdq": 3, "read": {"device_start": -1, "device_end": -1}}, "FFC_sans_bias31": {"write": {"device_start": -1, "host_queued_start": 1585405119.288059, "device_queued": -1, "device_end": -1, "host_queued_end": 1585405119.311903}, "device": "cpu", "nd_range": {"device_start": 2072894.357896849, "device_end": 2072894.480510666}, "cmdq": 1, "read": {"device_start": -1, "device_end": -1}}, "FFC_sans_bias16": {"write": {"device_start": -1, "host_queued_start": 1585405119.298996, "device_queued": -1, "device_end": -1, "host_queued_end": 1585405119.311903}, "device": "cpu", "nd_range": {"device_start": 2072894.821770783, "device_end": 2072894.8902240882}, "cmdq": 1, "read": {"device_start": -1, "device_end": -1}}, "FFC_sans_bias19": {"write": {"device_start": -1, "host_queued_start": 1585405119.251477, "device_queued": -1, "device_end": -1, "host_queued_end": 1585405119.311903}, "device": "cpu", "nd_range": {"device_start": 2072894.051992133, "device_end": 2072894.124197768}, "cmdq": 1, "read": {"device_start": -1, "device_end": -1}}, "FFC_sans_bias18": {"write": {"device_start": -1, "host_queued_start": 1585405119.247991, "device_queued": -1, "device_end": -1, "host_queued_end": 1585405119.311903}, "device": "cpu", "nd_range": {"device_start": 2072893.6851331242, "device_end": 2072893.8066294352}, "cmdq": 0, "read": {"device_start": -1, "device_end": -1}}, "coalesced_transpose30": {"write": {"device_start": -1, "host_queued_start": 1585405119.285906, "device_queued": -1, "device_end": -1, "host_queued_end": 1585405119.311903}, "device": "cpu", "nd_range": {"device_start": 2072894.0612720991, "device_end": 2072894.0623511232}, "cmdq": 3, "read": {"device_start": -1, "device_end": -1}}, "FFC_sans_bias69": {"write": {"device_start": -1, "host_queued_start": 1585405119.201238, "device_queued": -1, "device_end": -1, "host_queued_end": 1585405119.207887}, "device": "gpu", "nd_range": {"device_start": 1585405059.0753603, "device_end": 1585405059.0787013}, "cmdq": 0, "read": {"device_start": -1, "device_end": -1}}, "FFC_sans_bias38": {"write": {"device_start": -1, "host_queued_start": 1585405119.274633, "device_queued": -1, "device_end": -1, "host_queued_end": 1585405119.311903}, "device": "cpu", "nd_range": {"device_start": 2072893.9282153312, "device_end": 2072894.049767561}, "cmdq": 0, "read": {"device_start": -1, "device_end": -1}}, "coalesced_transpose57": {"write": {"device_start": -1, "host_queued_start": 1585405119.198964, "device_queued": -1, "device_end": -1, "host_queued_end": 1585405119.207887}, "device": "gpu", "nd_range": {"device_start": 1585405059.0644739, "device_end": 1585405059.0644915}, "cmdq": 0, "read": {"device_start": -1, "device_end": -1}}, "empty26": {"write": {"device_start": -1, "host_queued_start": 1585405119.217152, "device_queued": -1, "device_end": -1, "host_queued_end": 1585405119.311903}, "device": "cpu", "nd_range": {"device_start": 2072893.6241954602, "device_end": 2072893.6242012852}, "cmdq": 2, "read": {"device_start": -1, "device_end": -1}}, "coalesced_transpose12": {"write": {"device_start": -1, "host_queued_start": 1585405119.285235, "device_queued": -1, "device_end": -1, "host_queued_end": 1585405119.311903}, "device": "cpu", "nd_range": {"device_start": 2072894.3556633631, "device_end": 2072894.3567749672}, "cmdq": 1, "read": {"device_start": -1, "device_end": -1}}, "empty44": {"write": {"device_start": -1, "host_queued_start": 1585405119.222521, "device_queued": -1, "device_end": -1, "host_queued_end": 1585405119.311903}, "device": "cpu", "nd_range": {"device_start": 2072893.5015581292, "device_end": 2072893.5015590892}, "cmdq": 0, "read": {"device_start": -1, "device_end": -1}}, "coalesced_transpose21": {"write": {"device_start": -1, "host_queued_start": 1585405119.28557, "device_queued": -1, "device_end": -1, "host_queued_end": 1585405119.311903}, "device": "cpu", "nd_range": {"device_start": 2072894.176515737, "device_end": 2072894.177634305}, "cmdq": 2, "read": {"device_start": -1, "device_end": -1}}, "FFC_sans_bias36": {"write": {"device_start": -1, "host_queued_start": 1585405119.268099, "device_queued": -1, "device_end": -1, "host_queued_end": 1585405119.311903}, "device": "cpu", "nd_range": {"device_start": 2072893.9835203511, "device_end": 2072894.1057209051}, "cmdq": 2, "read": {"device_start": -1, "device_end": -1}}, "softmax14": {"write": {"device_start": -1, "host_queued_start": 1585405119.289313, "device_queued": -1, "device_end": -1, "host_queued_end": 1585405119.311903}, "device": "cpu", "nd_range": {"device_start": 2072894.6123791002, "device_end": 2072894.613313296}, "cmdq": 1, "read": {"device_start": -1, "device_end": -1}}, "FFC_sans_bias13": {"write": {"device_start": -1, "host_queued_start": 1585405119.287368, "device_queued": -1, "device_end": -1, "host_queued_end": 1585405119.311903}, "device": "cpu", "nd_range": {"device_start": 2072894.365707328, "device_end": 2072894.488223205}, "cmdq": 3, "read": {"device_start": -1, "device_end": -1}}, "empty8": {"write": {"device_start": -1, "host_queued_start": 1585405119.211606, "device_queued": -1, "device_end": -1, "host_queued_end": 1585405119.311903}, "device": "cpu", "nd_range": {"device_start": 2072893.5015236612, "device_end": 2072893.501530898}, "cmdq": 0, "read": {"device_start": -1, "device_end": -1}}, "FFC_sans_bias42": {"write": {"device_start": -1, "host_queued_start": 1585405119.292169, "device_queued": -1, "device_end": -1, "host_queued_end": 1585405119.311903}, "device": "cpu", "nd_range": {"device_start": 2072894.511535458, "device_end": 2072894.6335887292}, "cmdq": 2, "read": {"device_start": -1, "device_end": -1}}, "FFC_sans_bias43": {"write": {"device_start": -1, "host_queued_start": 1585405119.308638, "device_queued": -1, "device_end": -1, "host_queued_end": 1585405119.311903}, "device": "cpu", "nd_range": {"device_start": 2072894.7360093202, "device_end": 2072894.819901901}, "cmdq": 0, "read": {"device_start": -1, "device_end": -1}}, "FFC_sans_bias40": {"write": {"device_start": -1, "host_queued_start": 1585405119.288406, "device_queued": -1, "device_end": -1, "host_queued_end": 1585405119.311903}, "device": "cpu", "nd_range": {"device_start": 2072894.2893574121, "device_end": 2072894.388129671}, "cmdq": 2, "read": {"device_start": -1, "device_end": -1}}, "softmax32": {"write": {"device_start": -1, "host_queued_start": 1585405119.289868, "device_queued": -1, "device_end": -1, "host_queued_end": 1585405119.311903}, "device": "cpu", "nd_range": {"device_start": 2072894.61128399, "device_end": 2072894.6122262622}, "cmdq": 3, "read": {"device_start": -1, "device_end": -1}}, "FFC_sans_bias47": {"write": {"device_start": -1, "host_queued_start": 1585405119.284519, "device_queued": -1, "device_end": -1, "host_queued_end": 1585405119.311903}, "device": "cpu", "nd_range": {"device_start": 2072893.9383320352, "device_end": 2072894.061103081}, "cmdq": 3, "read": {"device_start": -1, "device_end": -1}}, "FFC_sans_bias45": {"write": {"device_start": -1, "host_queued_start": 1585405119.277921, "device_queued": -1, "device_end": -1, "host_queued_end": 1585405119.311903}, "device": "cpu", "nd_range": {"device_start": 2072894.2850972442, "device_end": 2072894.35564721}, "cmdq": 1, "read": {"device_start": -1, "device_end": -1}}, "softmax50": {"write": {"device_start": -1, "host_queued_start": 1585405119.290434, "device_queued": -1, "device_end": -1, "host_queued_end": 1585405119.311903}, "device": "cpu", "nd_range": {"device_start": 2072894.613453078, "device_end": 2072894.6143886102}, "cmdq": 1, "read": {"device_start": -1, "device_end": -1}}, "FFC_sans_bias33": {"write": {"device_start": -1, "host_queued_start": 1585405119.291826, "device_queued": -1, "device_end": -1, "host_queued_end": 1585405119.311903}, "device": "cpu", "nd_range": {"device_start": 2072894.6145195162, "device_end": 2072894.7369787812}, "cmdq": 1, "read": {"device_start": -1, "device_end": -1}}, "FFC_sans_bias63": {"write": {"device_start": 1585405059.0610278, "host_queued_start": 1585405119.198617, "device_queued": 1585405059.043027, "device_end": 1585405059.0611222, "host_queued_end": 1585405119.207887}, "device": "gpu", "nd_range": {"device_start": 1585405059.0611246, "device_end": 1585405059.0644727}, "cmdq": 0, "read": {"device_start": -1, "device_end": -1}}, "FFC_sans_bias49": {"write": {"device_start": -1, "host_queued_start": 1585405119.28875, "device_queued": -1, "device_end": -1, "host_queued_end": 1585405119.311903}, "device": "cpu", "nd_range": {"device_start": 2072894.488381447, "device_end": 2072894.611114084}, "cmdq": 3, "read": {"device_start": -1, "device_end": -1}}, "FFC_sans_bias64": {"write": {"device_start": 1585405059.0535188, "host_queued_start": 1585405119.191912, "device_queued": 1585405059.0425842, "device_end": 1585405059.0536127, "host_queued_end": 1585405119.207887}, "device": "gpu", "nd_range": {"device_start": 1585405059.0536158, "device_end": 1585405059.0569668}, "cmdq": 0, "read": {"device_start": -1, "device_end": -1}}, "FFC_sans_bias65": {"write": {"device_start": 1585405059.0572634, "host_queued_start": 1585405119.195251, "device_queued": 1585405059.0428078, "device_end": 1585405059.0573575, "host_queued_end": 1585405119.207887}, "device": "gpu", "nd_range": {"device_start": 1585405059.0573642, "device_end": 1585405059.060714}, "cmdq": 0, "read": {"device_start": -1, "device_end": -1}}, "FFC_sans_bias67": {"write": {"device_start": -1, "host_queued_start": 1585405119.200092, "device_queued": -1, "device_end": -1, "host_queued_end": 1585405119.207887}, "device": "gpu", "nd_range": {"device_start": 1585405059.0678494, "device_end": 1585405059.0711694}, "cmdq": 0, "read": {"device_start": -1, "device_end": -1}}, "FFC_sans_bias24": {"write": {"device_start": -1, "host_queued_start": 1585405119.291482, "device_queued": -1, "device_end": -1, "host_queued_end": 1585405119.311903}, "device": "cpu", "nd_range": {"device_start": 2072894.4815131782, "device_end": 2072894.604175111}, "cmdq": 0, "read": {"device_start": -1, "device_end": -1}}, "FFC_sans_bias25": {"write": {"device_start": -1, "host_queued_start": 1585405119.3022, "device_queued": -1, "device_end": -1, "host_queued_end": 1585405119.311903}, "device": "cpu", "nd_range": {"device_start": 2072894.633606933, "device_end": 2072894.753994991}, "cmdq": 2, "read": {"device_start": -1, "device_end": -1}}, "FFC_sans_bias27": {"write": {"device_start": -1, "host_queued_start": 1585405119.258262, "device_queued": -1, "device_end": -1, "host_queued_end": 1585405119.311903}, "device": "cpu", "nd_range": {"device_start": 2072893.6929638581, "device_end": 2072893.8154451752}, "cmdq": 3, "read": {"device_start": -1, "device_end": -1}}, "FFC_sans_bias20": {"write": {"device_start": -1, "host_queued_start": 1585405119.254968, "device_queued": -1, "device_end": -1, "host_queued_end": 1585405119.311903}, "device": "cpu", "nd_range": {"device_start": 2072893.861638575, "device_end": 2072893.983501991}, "cmdq": 2, "read": {"device_start": -1, "device_end": -1}}, "FFC_sans_bias22": {"write": {"device_start": -1, "host_queued_start": 1585405119.287715, "device_queued": -1, "device_end": -1, "host_queued_end": 1585405119.311903}, "device": "cpu", "nd_range": {"device_start": 2072894.18647679, "device_end": 2072894.276072402}, "cmdq": 0, "read": {"device_start": -1, "device_end": -1}}, "softmax68": {"write": {"device_start": -1, "host_queued_start": 1585405119.200608, "device_queued": -1, "device_end": -1, "host_queued_end": 1585405119.207887}, "device": "gpu", "nd_range": {"device_start": 1585405059.0715942, "device_end": 1585405059.0720165}, "cmdq": 0, "read": {"device_start": -1, "device_end": -1}}, "softmax5": {"write": {"device_start": -1, "host_queued_start": 1585405119.289036, "device_queued": -1, "device_end": -1, "host_queued_end": 1585405119.311903}, "device": "cpu", "nd_range": {"device_start": 2072894.2895085532, "device_end": 2072894.290446276}, "cmdq": 0, "read": {"device_start": -1, "device_end": -1}}, "FFC_sans_bias28": {"write": {"device_start": -1, "host_queued_start": 1585405119.261524, "device_queued": -1, "device_end": -1, "host_queued_end": 1585405119.311903}, "device": "cpu", "nd_range": {"device_start": 2072893.806648466, "device_end": 2072893.928199046}, "cmdq": 0, "read": {"device_start": -1, "device_end": -1}}, "FFC_sans_bias29": {"write": {"device_start": -1, "host_queued_start": 1585405119.26482, "device_queued": -1, "device_end": -1, "host_queued_end": 1585405119.311903}, "device": "cpu", "nd_range": {"device_start": 2072894.124215932, "device_end": 2072894.285081204}, "cmdq": 1, "read": {"device_start": -1, "device_end": -1}}, "empty17": {"write": {"device_start": -1, "host_queued_start": 1585405119.214391, "device_queued": -1, "device_end": -1, "host_queued_end": 1585405119.311903}, "device": "cpu", "nd_range": {"device_start": 2072893.50151851, "device_end": 2072893.501530928}, "cmdq": 1, "read": {"device_start": -1, "device_end": -1}}, "softmax59": {"write": {"device_start": -1, "host_queued_start": 1585405119.200355, "device_queued": -1, "device_end": -1, "host_queued_end": 1585405119.207887}, "device": "gpu", "nd_range": {"device_start": 1585405059.0711703, "device_end": 1585405059.0715928}, "cmdq": 0, "read": {"device_start": -1, "device_end": -1}}, "empty71": {"write": {"device_start": 1585405059.0418391, "host_queued_start": 1585405119.17906, "device_queued": 1585405059.0413623, "device_end": 1585405059.0419345, "host_queued_end": 1585405119.207887}, "device": "gpu", "nd_range": {"device_start": 1585405059.041937, "device_end": 1585405059.0419402}, "cmdq": 0, "read": {"device_start": -1, "device_end": -1}}, "empty35": {"write": {"device_start": -1, "host_queued_start": 1585405119.219869, "device_queued": -1, "device_end": -1, "host_queued_end": 1585405119.311903}, "device": "cpu", "nd_range": {"device_start": 2072893.501570481, "device_end": 2072893.5015749182}, "cmdq": 3, "read": {"device_start": -1, "device_end": -1}}, "empty53": {"write": {"device_start": -1, "host_queued_start": 1585405119.225237, "device_queued": -1, "device_end": -1, "host_queued_end": 1585405119.311903}, "device": "cpu", "nd_range": {"device_start": 2072893.5015573902, "device_end": 2072893.501558396}, "cmdq": 1, "read": {"device_start": -1, "device_end": -1}}, "FFC_sans_bias46": {"write": {"device_start": -1, "host_queued_start": 1585405119.281202, "device_queued": -1, "device_end": -1, "host_queued_end": 1585405119.311903}, "device": "cpu", "nd_range": {"device_start": 2072894.1057368321, "device_end": 2072894.176493915}, "cmdq": 2, "read": {"device_start": -1, "device_end": -1}}, "coalesced_transpose66": {"write": {"device_start": -1, "host_queued_start": 1585405119.199267, "device_queued": -1, "device_end": -1, "host_queued_end": 1585405119.207887}, "device": "gpu", "nd_range": {"device_start": 1585405059.0644927, "device_end": 1585405059.064511}, "cmdq": 0, "read": {"device_start": -1, "device_end": -1}}, "coalesced_transpose48": {"write": {"device_start": -1, "host_queued_start": 1585405119.286644, "device_queued": -1, "device_end": -1, "host_queued_end": 1585405119.311903}, "device": "cpu", "nd_range": {"device_start": 2072894.3567893882, "device_end": 2072894.35788715}, "cmdq": 1, "read": {"device_start": -1, "device_end": -1}}}