{"FFC_sans_bias60": {"write": {"device_start": -1, "host_queued_start": 1585405742.231708, "device_queued": -1, "device_end": -1, "host_queued_end": 1585405742.257843}, "device": "cpu", "nd_range": {"device_start": 2073518.1424324932, "device_end": 2073518.2714930521}, "cmdq": 2, "read": {"device_start": -1, "device_end": -1}}, "FFC_sans_bias4": {"write": {"device_start": -1, "host_queued_start": 1585405742.22455, "device_queued": -1, "device_end": -1, "host_queued_end": 1585405742.257843}, "device": "cpu", "nd_range": {"device_start": 2073517.283373631, "device_end": 2073517.3823975332}, "cmdq": 0, "read": {"device_start": -1, "device_end": -1}}, "FFC_sans_bias7": {"write": {"device_start": -1, "host_queued_start": 1585405742.235275, "device_queued": -1, "device_end": -1, "host_queued_end": 1585405742.257843}, "device": "cpu", "nd_range": {"device_start": 2073518.0384344112, "device_end": 2073518.2714923641}, "cmdq": 4, "read": {"device_start": -1, "device_end": -1}}, "FFC_sans_bias6": {"write": {"device_start": -1, "host_queued_start": 1585405742.229619, "device_queued": -1, "device_end": -1, "host_queued_end": 1585405742.257843}, "device": "cpu", "nd_range": {"device_start": 2073517.7455930281, "device_end": 2073517.888962018}, "cmdq": 1, "read": {"device_start": -1, "device_end": -1}}, "FFC_sans_bias1": {"write": {"device_start": -1, "host_queued_start": 1585405742.148767, "device_queued": -1, "device_end": -1, "host_queued_end": 1585405742.257843}, "device": "cpu", "nd_range": {"device_start": 2073516.468448668, "device_end": 2073516.7088243072}, "cmdq": 4, "read": {"device_start": -1, "device_end": -1}}, "FFC_sans_bias0": {"write": {"device_start": -1, "host_queued_start": 1585405742.145408, "device_queued": -1, "device_end": -1, "host_queued_end": 1585405742.257843}, "device": "cpu", "nd_range": {"device_start": 2073516.447550255, "device_end": 2073516.638990902}, "cmdq": 3, "read": {"device_start": -1, "device_end": -1}}, "FFC_sans_bias2": {"write": {"device_start": -1, "host_queued_start": 1585405742.152296, "device_queued": -1, "device_end": -1, "host_queued_end": 1585405742.257843}, "device": "cpu", "nd_range": {"device_start": 2073516.4475449002, "device_end": 2073516.5783419372}, "cmdq": 0, "read": {"device_start": -1, "device_end": -1}}, "FFC_sans_bias61": {"write": {"device_start": -1, "host_queued_start": 1585405742.254599, "device_queued": -1, "device_end": -1, "host_queued_end": 1585405742.257843}, "device": "cpu", "nd_range": {"device_start": 2073518.2715155582, "device_end": 2073518.392394178}, "cmdq": 0, "read": {"device_start": -1, "device_end": -1}}, "FFC_sans_bias52": {"write": {"device_start": -1, "host_queued_start": 1585405742.25137, "device_queued": -1, "device_end": -1, "host_queued_end": 1585405742.257843}, "device": "cpu", "nd_range": {"device_start": 2073518.271781417, "device_end": 2073518.398049642}, "cmdq": 4, "read": {"device_start": -1, "device_end": -1}}, "FFC_sans_bias9": {"write": {"device_start": -1, "host_queued_start": 1585405742.155612, "device_queued": -1, "device_end": -1, "host_queued_end": 1585405742.257843}, "device": "cpu", "nd_range": {"device_start": 2073516.4561601772, "device_end": 2073516.579527162}, "cmdq": 1, "read": {"device_start": -1, "device_end": -1}}, "coalesced_transpose39": {"write": {"device_start": -1, "host_queued_start": 1585405742.223225, "device_queued": -1, "device_end": -1, "host_queued_end": 1585405742.257843}, "device": "cpu", "nd_range": {"device_start": 2073517.2036973732, "device_end": 2073517.2048544812}, "cmdq": 1, "read": {"device_start": -1, "device_end": -1}}, "FFC_sans_bias55": {"write": {"device_start": -1, "host_queued_start": 1585405742.211694, "device_queued": -1, "device_end": -1, "host_queued_end": 1585405742.257843}, "device": "cpu", "nd_range": {"device_start": 2073517.3742767752, "device_end": 2073517.466242239}, "cmdq": 3, "read": {"device_start": -1, "device_end": -1}}, "FFC_sans_bias54": {"write": {"device_start": -1, "host_queued_start": 1585405742.20838, "device_queued": -1, "device_end": -1, "host_queued_end": 1585405742.257843}, "device": "cpu", "nd_range": {"device_start": 2073517.008482305, "device_end": 2073517.131754639}, "cmdq": 2, "read": {"device_start": -1, "device_end": -1}}, "FFC_sans_bias56": {"write": {"device_start": -1, "host_queued_start": 1585405742.205042, "device_queued": -1, "device_end": -1, "host_queued_end": 1585405742.257843}, "device": "cpu", "nd_range": {"device_start": 2073516.840392423, "device_end": 2073517.083902124}, "cmdq": 1, "read": {"device_start": -1, "device_end": -1}}, "FFC_sans_bias51": {"write": {"device_start": -1, "host_queued_start": 1585405742.231369, "device_queued": -1, "device_end": -1, "host_queued_end": 1585405742.257843}, "device": "cpu", "nd_range": {"device_start": 2073517.888977562, "device_end": 2073518.011593301}, "cmdq": 1, "read": {"device_start": -1, "device_end": -1}}, "softmax23": {"write": {"device_start": -1, "host_queued_start": 1585405742.227908, "device_queued": -1, "device_end": -1, "host_queued_end": 1585405742.257843}, "device": "cpu", "nd_range": {"device_start": 2073517.6749644151, "device_end": 2073517.675924411}, "cmdq": 0, "read": {"device_start": -1, "device_end": -1}}, "FFC_sans_bias37": {"write": {"device_start": -1, "host_queued_start": 1585405742.188641, "device_queued": -1, "device_end": -1, "host_queued_end": 1585405742.257843}, "device": "cpu", "nd_range": {"device_start": 2073516.7020349822, "device_end": 2073516.8403779701}, "cmdq": 1, "read": {"device_start": -1, "device_end": -1}}, "empty62": {"write": {"device_start": -1, "host_queued_start": 1585405742.139971, "device_queued": -1, "device_end": -1, "host_queued_end": 1585405742.257843}, "device": "cpu", "nd_range": {"device_start": 2073516.4561217662, "device_end": 2073516.456124169}, "cmdq": 1, "read": {"device_start": -1, "device_end": -1}}, "FFC_sans_bias70": {"write": {"device_start": -1, "host_queued_start": 1585405742.257791, "device_queued": -1, "device_end": -1, "host_queued_end": 1585405742.257843}, "device": "cpu", "nd_range": {"device_start": 2073518.1337887282, "device_end": 2073518.2691924982}, "cmdq": 1, "read": {"device_start": -1, "device_end": -1}}, "FFC_sans_bias58": {"write": {"device_start": -1, "host_queued_start": 1585405742.226714, "device_queued": -1, "device_end": -1, "host_queued_end": 1585405742.257843}, "device": "cpu", "nd_range": {"device_start": 2073517.59778029, "device_end": 2073517.744310551}, "cmdq": 1, "read": {"device_start": -1, "device_end": -1}}, "softmax41": {"write": {"device_start": -1, "host_queued_start": 1585405742.228451, "device_queued": -1, "device_end": -1, "host_queued_end": 1585405742.257843}, "device": "cpu", "nd_range": {"device_start": 2073517.7378301432, "device_end": 2073517.7387812592}, "cmdq": 2, "read": {"device_start": -1, "device_end": -1}}, "FFC_sans_bias11": {"write": {"device_start": -1, "host_queued_start": 1585405742.162247, "device_queued": -1, "device_end": -1, "host_queued_end": 1585405742.257843}, "device": "cpu", "nd_range": {"device_start": 2073517.069064839, "device_end": 2073517.204926067}, "cmdq": 3, "read": {"device_start": -1, "device_end": -1}}, "FFC_sans_bias10": {"write": {"device_start": -1, "host_queued_start": 1585405742.158935, "device_queued": -1, "device_end": -1, "host_queued_end": 1585405742.257843}, "device": "cpu", "nd_range": {"device_start": 2073516.639221748, "device_end": 2073516.7624751942}, "cmdq": 2, "read": {"device_start": -1, "device_end": -1}}, "coalesced_transpose3": {"write": {"device_start": -1, "host_queued_start": 1585405742.221895, "device_queued": -1, "device_end": -1, "host_queued_end": 1585405742.257843}, "device": "cpu", "nd_range": {"device_start": 2073517.1319776212, "device_end": 2073517.133100297}, "cmdq": 2, "read": {"device_start": -1, "device_end": -1}}, "FFC_sans_bias34": {"write": {"device_start": -1, "host_queued_start": 1585405742.244916, "device_queued": -1, "device_end": -1, "host_queued_end": 1585405742.257843}, "device": "cpu", "nd_range": {"device_start": 2073518.27152107, "device_end": 2073518.3980495832}, "cmdq": 2, "read": {"device_start": -1, "device_end": -1}}, "FFC_sans_bias15": {"write": {"device_start": -1, "host_queued_start": 1585405742.229966, "device_queued": -1, "device_end": -1, "host_queued_end": 1585405742.257843}, "device": "cpu", "nd_range": {"device_start": 2073517.7389436862, "device_end": 2073517.872507282}, "cmdq": 2, "read": {"device_start": -1, "device_end": -1}}, "FFC_sans_bias31": {"write": {"device_start": -1, "host_queued_start": 1585405742.225574, "device_queued": -1, "device_end": -1, "host_queued_end": 1585405742.257843}, "device": "cpu", "nd_range": {"device_start": 2073517.471884438, "device_end": 2073517.56060781}, "cmdq": 3, "read": {"device_start": -1, "device_end": -1}}, "FFC_sans_bias16": {"write": {"device_start": -1, "host_queued_start": 1585405742.23846, "device_queued": -1, "device_end": -1, "host_queued_end": 1585405742.257843}, "device": "cpu", "nd_range": {"device_start": 2073518.0005206692, "device_end": 2073518.2519983582}, "cmdq": 0, "read": {"device_start": -1, "device_end": -1}}, "FFC_sans_bias19": {"write": {"device_start": -1, "host_queued_start": 1585405742.168906, "device_queued": -1, "device_end": -1, "host_queued_end": 1585405742.257843}, "device": "cpu", "nd_range": {"device_start": 2073516.578575035, "device_end": 2073516.701060414}, "cmdq": 0, "read": {"device_start": -1, "device_end": -1}}, "FFC_sans_bias18": {"write": {"device_start": -1, "host_queued_start": 1585405742.165581, "device_queued": -1, "device_end": -1, "host_queued_end": 1585405742.257843}, "device": "cpu", "nd_range": {"device_start": 2073516.7088468042, "device_end": 2073516.974200325}, "cmdq": 4, "read": {"device_start": -1, "device_end": -1}}, "coalesced_transpose30": {"write": {"device_start": -1, "host_queued_start": 1585405742.222899, "device_queued": -1, "device_end": -1, "host_queued_end": 1585405742.257843}, "device": "cpu", "nd_range": {"device_start": 2073517.2820415322, "device_end": 2073517.28317846}, "cmdq": 0, "read": {"device_start": -1, "device_end": -1}}, "FFC_sans_bias69": {"write": {"device_start": -1, "host_queued_start": 1585405742.232052, "device_queued": -1, "device_end": -1, "host_queued_end": 1585405742.257843}, "device": "cpu", "nd_range": {"device_start": 2073517.874014585, "device_end": 2073517.9968274022}, "cmdq": 3, "read": {"device_start": -1, "device_end": -1}}, "FFC_sans_bias38": {"write": {"device_start": -1, "host_queued_start": 1585405742.191933, "device_queued": -1, "device_end": -1, "host_queued_end": 1585405742.257843}, "device": "cpu", "nd_range": {"device_start": 2073516.8851613211, "device_end": 2073517.0082462472}, "cmdq": 2, "read": {"device_start": -1, "device_end": -1}}, "coalesced_transpose57": {"write": {"device_start": -1, "host_queued_start": 1585405742.223879, "device_queued": -1, "device_end": -1, "host_queued_end": 1585405742.257843}, "device": "cpu", "nd_range": {"device_start": 2073517.4707877291, "device_end": 2073517.4718718252}, "cmdq": 3, "read": {"device_start": -1, "device_end": -1}}, "empty26": {"write": {"device_start": -1, "host_queued_start": 1585405742.129481, "device_queued": -1, "device_end": -1, "host_queued_end": 1585405742.257843}, "device": "cpu", "nd_range": {"device_start": 2073516.4474994661, "device_end": 2073516.447513808}, "cmdq": 2, "read": {"device_start": -1, "device_end": -1}}, "coalesced_transpose12": {"write": {"device_start": -1, "host_queued_start": 1585405742.222231, "device_queued": -1, "device_end": -1, "host_queued_end": 1585405742.257843}, "device": "cpu", "nd_range": {"device_start": 2073517.466257601, "device_end": 2073517.4707716242}, "cmdq": 3, "read": {"device_start": -1, "device_end": -1}}, "empty44": {"write": {"device_start": -1, "host_queued_start": 1585405742.134761, "device_queued": -1, "device_end": -1, "host_queued_end": 1585405742.257843}, "device": "cpu", "nd_range": {"device_start": 2073516.4682751272, "device_end": 2073516.4682828821}, "cmdq": 4, "read": {"device_start": -1, "device_end": -1}}, "coalesced_transpose21": {"write": {"device_start": -1, "host_queued_start": 1585405742.22256, "device_queued": -1, "device_end": -1, "host_queued_end": 1585405742.257843}, "device": "cpu", "nd_range": {"device_start": 2073517.48501152, "device_end": 2073517.486130024}, "cmdq": 4, "read": {"device_start": -1, "device_end": -1}}, "FFC_sans_bias36": {"write": {"device_start": -1, "host_queued_start": 1585405742.18534, "device_queued": -1, "device_end": -1, "host_queued_end": 1585405742.257843}, "device": "cpu", "nd_range": {"device_start": 2073516.701082258, "device_end": 2073516.8237627742}, "cmdq": 0, "read": {"device_start": -1, "device_end": -1}}, "softmax14": {"write": {"device_start": -1, "host_queued_start": 1585405742.227632, "device_queued": -1, "device_end": -1, "host_queued_end": 1585405742.257843}, "device": "cpu", "nd_range": {"device_start": 2073517.6920132271, "device_end": 2073517.692963727}, "cmdq": 4, "read": {"device_start": -1, "device_end": -1}}, "FFC_sans_bias13": {"write": {"device_start": -1, "host_queued_start": 1585405742.224891, "device_queued": -1, "device_end": -1, "host_queued_end": 1585405742.257843}, "device": "cpu", "nd_range": {"device_start": 2073517.4746476691, "device_end": 2073517.597536554}, "cmdq": 1, "read": {"device_start": -1, "device_end": -1}}, "empty8": {"write": {"device_start": -1, "host_queued_start": 1585405742.123486, "device_queued": -1, "device_end": -1, "host_queued_end": 1585405742.257843}, "device": "cpu", "nd_range": {"device_start": 2073516.447499436, "device_end": 2073516.4475137782}, "cmdq": 0, "read": {"device_start": -1, "device_end": -1}}, "FFC_sans_bias42": {"write": {"device_start": -1, "host_queued_start": 1585405742.23102, "device_queued": -1, "device_end": -1, "host_queued_end": 1585405742.257843}, "device": "cpu", "nd_range": {"device_start": 2073517.7413731841, "device_end": 2073518.000504364}, "cmdq": 0, "read": {"device_start": -1, "device_end": -1}}, "FFC_sans_bias43": {"write": {"device_start": -1, "host_queued_start": 1585405742.248167, "device_queued": -1, "device_end": -1, "host_queued_end": 1585405742.257843}, "device": "cpu", "nd_range": {"device_start": 2073518.0202411131, "device_end": 2073518.1424217792}, "cmdq": 3, "read": {"device_start": -1, "device_end": -1}}, "FFC_sans_bias40": {"write": {"device_start": -1, "host_queued_start": 1585405742.225996, "device_queued": -1, "device_end": -1, "host_queued_end": 1585405742.257843}, "device": "cpu", "nd_range": {"device_start": 2073517.487526355, "device_end": 2073517.6822328311}, "cmdq": 4, "read": {"device_start": -1, "device_end": -1}}, "softmax32": {"write": {"device_start": -1, "host_queued_start": 1585405742.228178, "device_queued": -1, "device_end": -1, "host_queued_end": 1585405742.257843}, "device": "cpu", "nd_range": {"device_start": 2073517.7444797372, "device_end": 2073517.7454376312}, "cmdq": 1, "read": {"device_start": -1, "device_end": -1}}, "FFC_sans_bias47": {"write": {"device_start": -1, "host_queued_start": 1585405742.201769, "device_queued": -1, "device_end": -1, "host_queued_end": 1585405742.257843}, "device": "cpu", "nd_range": {"device_start": 2073516.8237850082, "device_end": 2073516.946230418}, "cmdq": 0, "read": {"device_start": -1, "device_end": -1}}, "FFC_sans_bias45": {"write": {"device_start": -1, "host_queued_start": 1585405742.195214, "device_queued": -1, "device_end": -1, "host_queued_end": 1585405742.257843}, "device": "cpu", "nd_range": {"device_start": 2073517.2746005352, "device_end": 2073517.3742579871}, "cmdq": 3, "read": {"device_start": -1, "device_end": -1}}, "softmax50": {"write": {"device_start": -1, "host_queued_start": 1585405742.228722, "device_queued": -1, "device_end": -1, "host_queued_end": 1585405742.257843}, "device": "cpu", "nd_range": {"device_start": 2073517.572019491, "device_end": 2073517.5729781021}, "cmdq": 3, "read": {"device_start": -1, "device_end": -1}}, "FFC_sans_bias33": {"write": {"device_start": -1, "host_queued_start": 1585405742.23067, "device_queued": -1, "device_end": -1, "host_queued_end": 1585405742.257843}, "device": "cpu", "nd_range": {"device_start": 2073517.874475293, "device_end": 2073518.038418095}, "cmdq": 4, "read": {"device_start": -1, "device_end": -1}}, "FFC_sans_bias63": {"write": {"device_start": -1, "host_queued_start": 1585405742.221534, "device_queued": -1, "device_end": -1, "host_queued_end": 1585405742.257843}, "device": "cpu", "nd_range": {"device_start": 2073517.083924947, "device_end": 2073517.203671771}, "cmdq": 1, "read": {"device_start": -1, "device_end": -1}}, "FFC_sans_bias49": {"write": {"device_start": -1, "host_queued_start": 1585405742.226358, "device_queued": -1, "device_end": -1, "host_queued_end": 1585405742.257843}, "device": "cpu", "nd_range": {"device_start": 2073517.3825846962, "device_end": 2073517.5624535882}, "cmdq": 0, "read": {"device_start": -1, "device_end": -1}}, "FFC_sans_bias64": {"write": {"device_start": -1, "host_queued_start": 1585405742.214987, "device_queued": -1, "device_end": -1, "host_queued_end": 1585405742.257843}, "device": "cpu", "nd_range": {"device_start": 2073517.348094539, "device_end": 2073517.4848180942}, "cmdq": 4, "read": {"device_start": -1, "device_end": -1}}, "FFC_sans_bias65": {"write": {"device_start": -1, "host_queued_start": 1585405742.21826, "device_queued": -1, "device_end": -1, "host_queued_end": 1585405742.257843}, "device": "cpu", "nd_range": {"device_start": 2073516.946248633, "device_end": 2073517.0690484091}, "cmdq": 0, "read": {"device_start": -1, "device_end": -1}}, "FFC_sans_bias67": {"write": {"device_start": -1, "host_queued_start": 1585405742.227085, "device_queued": -1, "device_end": -1, "host_queued_end": 1585405742.257843}, "device": "cpu", "nd_range": {"device_start": 2073517.672297178, "device_end": 2073517.737608035}, "cmdq": 2, "read": {"device_start": -1, "device_end": -1}}, "FFC_sans_bias24": {"write": {"device_start": -1, "host_queued_start": 1585405742.23031, "device_queued": -1, "device_end": -1, "host_queued_end": 1585405742.257843}, "device": "cpu", "nd_range": {"device_start": 2073517.682407573, "device_end": 2073517.873841972}, "cmdq": 3, "read": {"device_start": -1, "device_end": -1}}, "FFC_sans_bias25": {"write": {"device_start": -1, "host_queued_start": 1585405742.241688, "device_queued": -1, "device_end": -1, "host_queued_end": 1585405742.257843}, "device": "cpu", "nd_range": {"device_start": 2073518.0116103382, "device_end": 2073518.133779186}, "cmdq": 1, "read": {"device_start": -1, "device_end": -1}}, "FFC_sans_bias27": {"write": {"device_start": -1, "host_queued_start": 1585405742.175521, "device_queued": -1, "device_end": -1, "host_queued_end": 1585405742.257843}, "device": "cpu", "nd_range": {"device_start": 2073516.762699455, "device_end": 2073516.884926801}, "cmdq": 2, "read": {"device_start": -1, "device_end": -1}}, "FFC_sans_bias20": {"write": {"device_start": -1, "host_queued_start": 1585405742.172185, "device_queued": -1, "device_end": -1, "host_queued_end": 1585405742.257843}, "device": "cpu", "nd_range": {"device_start": 2073516.579678317, "device_end": 2073516.7020244792}, "cmdq": 1, "read": {"device_start": -1, "device_end": -1}}, "FFC_sans_bias22": {"write": {"device_start": -1, "host_queued_start": 1585405742.225237, "device_queued": -1, "device_end": -1, "host_queued_end": 1585405742.257843}, "device": "cpu", "nd_range": {"device_start": 2073517.562008751, "device_end": 2073517.6720623742}, "cmdq": 2, "read": {"device_start": -1, "device_end": -1}}, "softmax68": {"write": {"device_start": -1, "host_queued_start": 1585405742.229261, "device_queued": -1, "device_end": -1, "host_queued_end": 1585405742.257843}, "device": "cpu", "nd_range": {"device_start": 2073517.740256177, "device_end": 2073517.7412066841}, "cmdq": 0, "read": {"device_start": -1, "device_end": -1}}, "softmax5": {"write": {"device_start": -1, "host_queued_start": 1585405742.227361, "device_queued": -1, "device_end": -1, "host_queued_end": 1585405742.257843}, "device": "cpu", "nd_range": {"device_start": 2073517.5608630881, "device_end": 2073517.561833515}, "cmdq": 3, "read": {"device_start": -1, "device_end": -1}}, "FFC_sans_bias28": {"write": {"device_start": -1, "host_queued_start": 1585405742.178795, "device_queued": -1, "device_end": -1, "host_queued_end": 1585405742.257843}, "device": "cpu", "nd_range": {"device_start": 2073517.2049427321, "device_end": 2073517.274575049}, "cmdq": 3, "read": {"device_start": -1, "device_end": -1}}, "FFC_sans_bias29": {"write": {"device_start": -1, "host_queued_start": 1585405742.182073, "device_queued": -1, "device_end": -1, "host_queued_end": 1585405742.257843}, "device": "cpu", "nd_range": {"device_start": 2073516.9742167052, "device_end": 2073517.213695733}, "cmdq": 4, "read": {"device_start": -1, "device_end": -1}}, "empty17": {"write": {"device_start": -1, "host_queued_start": 1585405742.126849, "device_queued": -1, "device_end": -1, "host_queued_end": 1585405742.257843}, "device": "cpu", "nd_range": {"device_start": 2073516.4475438232, "device_end": 2073516.4475488062}, "cmdq": 1, "read": {"device_start": -1, "device_end": -1}}, "softmax59": {"write": {"device_start": -1, "host_queued_start": 1585405742.228991, "device_queued": -1, "device_end": -1, "host_queued_end": 1585405742.257843}, "device": "cpu", "nd_range": {"device_start": 2073517.8734923191, "device_end": 2073517.8744606182}, "cmdq": 4, "read": {"device_start": -1, "device_end": -1}}, "empty71": {"write": {"device_start": -1, "host_queued_start": 1585405742.142627, "device_queued": -1, "device_end": -1, "host_queued_end": 1585405742.257843}, "device": "cpu", "nd_range": {"device_start": 2073516.4475372152, "device_end": 2073516.447538414}, "cmdq": 2, "read": {"device_start": -1, "device_end": -1}}, "empty35": {"write": {"device_start": -1, "host_queued_start": 1585405742.132123, "device_queued": -1, "device_end": -1, "host_queued_end": 1585405742.257843}, "device": "cpu", "nd_range": {"device_start": 2073516.4475437081, "device_end": 2073516.4475444662}, "cmdq": 3, "read": {"device_start": -1, "device_end": -1}}, "empty53": {"write": {"device_start": -1, "host_queued_start": 1585405742.137372, "device_queued": -1, "device_end": -1, "host_queued_end": 1585405742.257843}, "device": "cpu", "nd_range": {"device_start": 2073516.447537742, "device_end": 2073516.4475389202}, "cmdq": 0, "read": {"device_start": -1, "device_end": -1}}, "FFC_sans_bias46": {"write": {"device_start": -1, "host_queued_start": 1585405742.198477, "device_queued": -1, "device_end": -1, "host_queued_end": 1585405742.257843}, "device": "cpu", "nd_range": {"device_start": 2073517.213706663, "device_end": 2073517.3480674012}, "cmdq": 4, "read": {"device_start": -1, "device_end": -1}}, "coalesced_transpose66": {"write": {"device_start": -1, "host_queued_start": 1585405742.224207, "device_queued": -1, "device_end": -1, "host_queued_end": 1585405742.257843}, "device": "cpu", "nd_range": {"device_start": 2073517.4862890202, "device_end": 2073517.487380027}, "cmdq": 4, "read": {"device_start": -1, "device_end": -1}}, "coalesced_transpose48": {"write": {"device_start": -1, "host_queued_start": 1585405742.223549, "device_queued": -1, "device_end": -1, "host_queued_end": 1585405742.257843}, "device": "cpu", "nd_range": {"device_start": 2073517.381187095, "device_end": 2073517.3822760722}, "cmdq": 2, "read": {"device_start": -1, "device_end": -1}}}