{"FFC_sans_bias60": {"write": {"device_start": -1, "host_queued_start": 1585405444.62096, "device_queued": -1, "device_end": -1, "host_queued_end": 1585405444.64435}, "device": "gpu", "nd_range": {"device_start": 1585405384.5963137, "device_end": 1585405384.6069164}, "cmdq": 0, "read": {"device_start": -1, "device_end": -1}}, "FFC_sans_bias4": {"write": {"device_start": -1, "host_queued_start": 1585405444.660141, "device_queued": -1, "device_end": -1, "host_queued_end": 1585405444.664348}, "device": "cpu", "nd_range": {"device_start": 2073218.9625499102, "device_end": 2073218.998787923}, "cmdq": 2, "read": {"device_start": -1, "device_end": -1}}, "FFC_sans_bias7": {"write": {"device_start": -1, "host_queued_start": 1585405444.664292, "device_queued": -1, "device_end": -1, "host_queued_end": 1585405444.664348}, "device": "cpu", "nd_range": {"device_start": 2073219.0347825002, "device_end": 2073219.0705397162}, "cmdq": 2, "read": {"device_start": -1, "device_end": -1}}, "FFC_sans_bias6": {"write": {"device_start": -1, "host_queued_start": 1585405444.660806, "device_queued": -1, "device_end": -1, "host_queued_end": 1585405444.664348}, "device": "cpu", "nd_range": {"device_start": 2073218.9992613771, "device_end": 2073219.0347671781}, "cmdq": 1, "read": {"device_start": -1, "device_end": -1}}, "FFC_sans_bias1": {"write": {"device_start": -1, "host_queued_start": 1585405444.655556, "device_queued": -1, "device_end": -1, "host_queued_end": 1585405444.664348}, "device": "cpu", "nd_range": {"device_start": 2073218.8539721202, "device_end": 2073218.9620479292}, "cmdq": 2, "read": {"device_start": -1, "device_end": -1}}, "FFC_sans_bias0": {"write": {"device_start": -1, "host_queued_start": 1585405444.651924, "device_queued": -1, "device_end": -1, "host_queued_end": 1585405444.664348}, "device": "cpu", "nd_range": {"device_start": 2073218.8539520372, "device_end": 2073218.956612854}, "cmdq": 1, "read": {"device_start": -1, "device_end": -1}}, "FFC_sans_bias2": {"write": {"device_start": -1, "host_queued_start": 1585405444.659258, "device_queued": -1, "device_end": -1, "host_queued_end": 1585405444.664348}, "device": "cpu", "nd_range": {"device_start": 2073218.853968789, "device_end": 2073218.9414109061}, "cmdq": 0, "read": {"device_start": -1, "device_end": -1}}, "FFC_sans_bias61": {"write": {"device_start": 1585405384.621566, "host_queued_start": 1585405444.640982, "device_queued": 1585405384.481164, "device_end": 1585405384.6217766, "host_queued_end": 1585405444.64435}, "device": "gpu", "nd_range": {"device_start": 1585405384.621792, "device_end": 1585405384.6280136}, "cmdq": 1, "read": {"device_start": 1585405384.6280196, "device_end": 1585405384.6281066}}, "FFC_sans_bias52": {"write": {"device_start": 1585405384.617988, "host_queued_start": 1585405444.637669, "device_queued": 1585405384.4810116, "device_end": 1585405384.618084, "host_queued_end": 1585405444.64435}, "device": "gpu", "nd_range": {"device_start": 1585405384.6180995, "device_end": 1585405384.624529}, "cmdq": 0, "read": {"device_start": 1585405384.6245387, "device_end": 1585405384.6246269}}, "FFC_sans_bias9": {"write": {"device_start": 1585405384.4709456, "host_queued_start": 1585405444.546814, "device_queued": 1585405384.4706423, "device_end": 1585405384.4711711, "host_queued_end": 1585405444.64435}, "device": "gpu", "nd_range": {"device_start": 1585405384.4712026, "device_end": 1585405384.4751916}, "cmdq": 1, "read": {"device_start": -1, "device_end": -1}}, "coalesced_transpose39": {"write": {"device_start": -1, "host_queued_start": 1585405444.614113, "device_queued": -1, "device_end": -1, "host_queued_end": 1585405444.64435}, "device": "gpu", "nd_range": {"device_start": 1585405384.552116, "device_end": 1585405384.5521688}, "cmdq": 1, "read": {"device_start": -1, "device_end": -1}}, "FFC_sans_bias55": {"write": {"device_start": 1585405384.5294833, "host_queued_start": 1585405444.603022, "device_queued": 1585405384.4751892, "device_end": 1585405384.5295832, "host_queued_end": 1585405444.64435}, "device": "gpu", "nd_range": {"device_start": 1585405384.5295882, "device_end": 1585405384.5407891}, "cmdq": 0, "read": {"device_start": -1, "device_end": -1}}, "FFC_sans_bias54": {"write": {"device_start": 1585405384.525634, "host_queued_start": 1585405444.599712, "device_queued": 1585405384.474849, "device_end": 1585405384.525731, "host_queued_end": 1585405444.64435}, "device": "gpu", "nd_range": {"device_start": 1585405384.5257354, "device_end": 1585405384.5369086}, "cmdq": 2, "read": {"device_start": -1, "device_end": -1}}, "FFC_sans_bias56": {"write": {"device_start": 1585405384.5217283, "host_queued_start": 1585405444.596413, "device_queued": 1585405384.474729, "device_end": 1585405384.5218284, "host_queued_end": 1585405444.64435}, "device": "gpu", "nd_range": {"device_start": 1585405384.5218372, "device_end": 1585405384.5330703}, "cmdq": 1, "read": {"device_start": -1, "device_end": -1}}, "FFC_sans_bias51": {"write": {"device_start": -1, "host_queued_start": 1585405444.620645, "device_queued": -1, "device_end": -1, "host_queued_end": 1585405444.64435}, "device": "gpu", "nd_range": {"device_start": 1585405384.585046, "device_end": 1585405384.5928247}, "cmdq": 2, "read": {"device_start": -1, "device_end": -1}}, "softmax23": {"write": {"device_start": -1, "host_queued_start": 1585405444.617762, "device_queued": -1, "device_end": -1, "host_queued_end": 1585405444.64435}, "device": "gpu", "nd_range": {"device_start": 1585405384.5717382, "device_end": 1585405384.581011}, "cmdq": 1, "read": {"device_start": -1, "device_end": -1}}, "FFC_sans_bias37": {"write": {"device_start": 1585405384.5025182, "host_queued_start": 1585405444.579977, "device_queued": 1585405384.4733725, "device_end": 1585405384.5026193, "host_queued_end": 1585405444.64435}, "device": "gpu", "nd_range": {"device_start": 1585405384.502628, "device_end": 1585405384.5138032}, "cmdq": 2, "read": {"device_start": -1, "device_end": -1}}, "empty62": {"write": {"device_start": 1585405384.4703422, "host_queued_start": 1585405444.5414, "device_queued": 1585405384.4699757, "device_end": 1585405384.4706233, "host_queued_end": 1585405444.64435}, "device": "gpu", "nd_range": {"device_start": 1585405384.4706347, "device_end": 1585405384.470639}, "cmdq": 2, "read": {"device_start": -1, "device_end": -1}}, "FFC_sans_bias70": {"write": {"device_start": 1585405384.622064, "host_queued_start": 1585405444.64424, "device_queued": 1585405384.4815412, "device_end": 1585405384.622157, "host_queued_end": 1585405444.64435}, "device": "gpu", "nd_range": {"device_start": 1585405384.6221728, "device_end": 1585405384.6314697}, "cmdq": 2, "read": {"device_start": 1585405384.6314795, "device_end": 1585405384.6315644}}, "FFC_sans_bias58": {"write": {"device_start": -1, "host_queued_start": 1585405444.61695, "device_queued": -1, "device_end": -1, "host_queued_end": 1585405444.64435}, "device": "gpu", "nd_range": {"device_start": 1585405384.5602198, "device_end": 1585405384.571726}, "cmdq": 1, "read": {"device_start": -1, "device_end": -1}}, "softmax41": {"write": {"device_start": -1, "host_queued_start": 1585405444.618254, "device_queued": -1, "device_end": -1, "host_queued_end": 1585405444.64435}, "device": "gpu", "nd_range": {"device_start": 1585405384.5810082, "device_end": 1585405384.5818555}, "cmdq": 0, "read": {"device_start": -1, "device_end": -1}}, "FFC_sans_bias11": {"write": {"device_start": 1585405384.4717777, "host_queued_start": 1585405444.553462, "device_queued": 1585405384.471475, "device_end": 1585405384.4718947, "host_queued_end": 1585405444.64435}, "device": "gpu", "nd_range": {"device_start": 1585405384.4718983, "device_end": 1585405384.483058}, "cmdq": 0, "read": {"device_start": -1, "device_end": -1}}, "FFC_sans_bias10": {"write": {"device_start": 1585405384.4712415, "host_queued_start": 1585405444.550117, "device_queued": 1585405384.4708552, "device_end": 1585405384.4713387, "host_queued_end": 1585405444.64435}, "device": "gpu", "nd_range": {"device_start": 1585405384.4713724, "device_end": 1585405384.4791415}, "cmdq": 2, "read": {"device_start": -1, "device_end": -1}}, "coalesced_transpose3": {"write": {"device_start": -1, "host_queued_start": 1585405444.659625, "device_queued": -1, "device_end": -1, "host_queued_end": 1585405444.664348}, "device": "cpu", "nd_range": {"device_start": 2073218.962072344, "device_end": 2073218.9625367501}, "cmdq": 1, "read": {"device_start": -1, "device_end": -1}}, "FFC_sans_bias34": {"write": {"device_start": 1585405384.6106563, "host_queued_start": 1585405444.631136, "device_queued": 1585405384.4803154, "device_end": 1585405384.6107502, "host_queued_end": 1585405444.64435}, "device": "gpu", "nd_range": {"device_start": 1585405384.6107655, "device_end": 1585405384.620949}, "cmdq": 1, "read": {"device_start": 1585405384.6209517, "device_end": 1585405384.6210423}}, "FFC_sans_bias15": {"write": {"device_start": -1, "host_queued_start": 1585405444.619346, "device_queued": -1, "device_end": -1, "host_queued_end": 1585405444.64435}, "device": "gpu", "nd_range": {"device_start": 1585405384.5818832, "device_end": 1585405384.5892622}, "cmdq": 1, "read": {"device_start": -1, "device_end": -1}}, "FFC_sans_bias31": {"write": {"device_start": -1, "host_queued_start": 1585405444.616002, "device_queued": -1, "device_end": -1, "host_queued_end": 1585405444.64435}, "device": "gpu", "nd_range": {"device_start": 1585405384.552301, "device_end": 1585405384.5602062}, "cmdq": 1, "read": {"device_start": -1, "device_end": -1}}, "FFC_sans_bias16": {"write": {"device_start": 1585405384.5930934, "host_queued_start": 1585405444.624591, "device_queued": 1585405384.4798002, "device_end": 1585405384.5931892, "host_queued_end": 1585405444.64435}, "device": "gpu", "nd_range": {"device_start": 1585405384.593205, "device_end": 1585405384.6033797}, "cmdq": 2, "read": {"device_start": 1585405384.6033852, "device_end": 1585405384.6034799}}, "FFC_sans_bias19": {"write": {"device_start": 1585405384.4795337, "host_queued_start": 1585405444.56034, "device_queued": 1585405384.4719324, "device_end": 1585405384.47964, "host_queued_end": 1585405444.64435}, "device": "gpu", "nd_range": {"device_start": 1585405384.479647, "device_end": 1585405384.490637}, "cmdq": 2, "read": {"device_start": -1, "device_end": -1}}, "FFC_sans_bias18": {"write": {"device_start": 1585405384.4755325, "host_queued_start": 1585405444.556983, "device_queued": 1585405384.4717858, "device_end": 1585405384.4756384, "host_queued_end": 1585405444.64435}, "device": "gpu", "nd_range": {"device_start": 1585405384.475642, "device_end": 1585405384.4867353}, "cmdq": 1, "read": {"device_start": -1, "device_end": -1}}, "coalesced_transpose30": {"write": {"device_start": -1, "host_queued_start": 1585405444.613809, "device_queued": -1, "device_end": -1, "host_queued_end": 1585405444.64435}, "device": "gpu", "nd_range": {"device_start": 1585405384.5522583, "device_end": 1585405384.552282}, "cmdq": 0, "read": {"device_start": -1, "device_end": -1}}, "FFC_sans_bias69": {"write": {"device_start": -1, "host_queued_start": 1585405444.621354, "device_queued": -1, "device_end": -1, "host_queued_end": 1585405444.64435}, "device": "gpu", "nd_range": {"device_start": 1585405384.59985, "device_end": 1585405384.6104136}, "cmdq": 1, "read": {"device_start": -1, "device_end": -1}}, "FFC_sans_bias38": {"write": {"device_start": 1585405384.5063412, "host_queued_start": 1585405444.583246, "device_queued": 1585405384.4737167, "device_end": 1585405384.506439, "host_queued_end": 1585405444.64435}, "device": "gpu", "nd_range": {"device_start": 1585405384.5064461, "device_end": 1585405384.5176814}, "cmdq": 0, "read": {"device_start": -1, "device_end": -1}}, "coalesced_transpose57": {"write": {"device_start": -1, "host_queued_start": 1585405444.614751, "device_queued": -1, "device_end": -1, "host_queued_end": 1585405444.64435}, "device": "gpu", "nd_range": {"device_start": 1585405384.5522835, "device_end": 1585405384.5560443}, "cmdq": 0, "read": {"device_start": -1, "device_end": -1}}, "empty26": {"write": {"device_start": 1585405384.4690313, "host_queued_start": 1585405444.530927, "device_queued": 1585405384.4687033, "device_end": 1585405384.469305, "host_queued_end": 1585405444.64435}, "device": "gpu", "nd_range": {"device_start": 1585405384.469315, "device_end": 1585405384.4693224}, "cmdq": 1, "read": {"device_start": -1, "device_end": -1}}, "coalesced_transpose12": {"write": {"device_start": -1, "host_queued_start": 1585405444.6132, "device_queued": -1, "device_end": -1, "host_queued_end": 1585405444.64435}, "device": "gpu", "nd_range": {"device_start": 1585405384.544685, "device_end": 1585405384.552109}, "cmdq": 1, "read": {"device_start": -1, "device_end": -1}}, "empty44": {"write": {"device_start": 1585405384.4696882, "host_queued_start": 1585405444.53619, "device_queued": 1585405384.4693277, "device_end": 1585405384.4699512, "host_queued_end": 1585405444.64435}, "device": "gpu", "nd_range": {"device_start": 1585405384.4699547, "device_end": 1585405384.46996}, "cmdq": 0, "read": {"device_start": -1, "device_end": -1}}, "coalesced_transpose21": {"write": {"device_start": -1, "host_queued_start": 1585405444.613503, "device_queued": -1, "device_end": -1, "host_queued_end": 1585405444.64435}, "device": "gpu", "nd_range": {"device_start": 1585405384.5485241, "device_end": 1585405384.5521438}, "cmdq": 2, "read": {"device_start": -1, "device_end": -1}}, "FFC_sans_bias36": {"write": {"device_start": 1585405384.4986331, "host_queued_start": 1585405444.576682, "device_queued": 1585405384.4732463, "device_end": 1585405384.498734, "host_queued_end": 1585405444.64435}, "device": "gpu", "nd_range": {"device_start": 1585405384.4987411, "device_end": 1585405384.5099273}, "cmdq": 1, "read": {"device_start": -1, "device_end": -1}}, "softmax14": {"write": {"device_start": -1, "host_queued_start": 1585405444.617514, "device_queued": -1, "device_end": -1, "host_queued_end": 1585405444.64435}, "device": "gpu", "nd_range": {"device_start": 1585405384.5756218, "device_end": 1585405384.580995}, "cmdq": 0, "read": {"device_start": -1, "device_end": -1}}, "FFC_sans_bias13": {"write": {"device_start": -1, "host_queued_start": 1585405444.615373, "device_queued": -1, "device_end": -1, "host_queued_end": 1585405444.64435}, "device": "gpu", "nd_range": {"device_start": 1585405384.5522776, "device_end": 1585405384.5562708}, "cmdq": 2, "read": {"device_start": -1, "device_end": -1}}, "empty8": {"write": {"device_start": -1, "host_queued_start": 1585405444.648717, "device_queued": -1, "device_end": -1, "host_queued_end": 1585405444.664348}, "device": "cpu", "nd_range": {"device_start": 2073218.853925178, "device_end": 2073218.8539381642}, "cmdq": 0, "read": {"device_start": -1, "device_end": -1}}, "FFC_sans_bias42": {"write": {"device_start": -1, "host_queued_start": 1585405444.620319, "device_queued": -1, "device_end": -1, "host_queued_end": 1585405444.64435}, "device": "gpu", "nd_range": {"device_start": 1585405384.5892742, "device_end": 1585405384.5998383}, "cmdq": 1, "read": {"device_start": -1, "device_end": -1}}, "FFC_sans_bias43": {"write": {"device_start": 1585405384.6039624, "host_queued_start": 1585405444.6344, "device_queued": 1585405384.4806974, "device_end": 1585405384.6040554, "host_queued_end": 1585405444.64435}, "device": "gpu", "nd_range": {"device_start": 1585405384.6040697, "device_end": 1585405384.6139474}, "cmdq": 2, "read": {"device_start": 1585405384.621264, "device_end": 1585405384.6215217}}, "FFC_sans_bias40": {"write": {"device_start": -1, "host_queued_start": 1585405444.616319, "device_queued": -1, "device_end": -1, "host_queued_end": 1585405444.64435}, "device": "gpu", "nd_range": {"device_start": 1585405384.556284, "device_end": 1585405384.567903}, "cmdq": 2, "read": {"device_start": -1, "device_end": -1}}, "softmax32": {"write": {"device_start": -1, "host_queued_start": 1585405444.618007, "device_queued": -1, "device_end": -1, "host_queued_end": 1585405444.64435}, "device": "gpu", "nd_range": {"device_start": 1585405384.5793886, "device_end": 1585405384.5798757}, "cmdq": 2, "read": {"device_start": -1, "device_end": -1}}, "FFC_sans_bias47": {"write": {"device_start": 1585405384.51795, "host_queued_start": 1585405444.593152, "device_queued": 1585405384.4744823, "device_end": 1585405384.518052, "host_queued_end": 1585405444.64435}, "device": "gpu", "nd_range": {"device_start": 1585405384.5180588, "device_end": 1585405384.5292065}, "cmdq": 0, "read": {"device_start": -1, "device_end": -1}}, "FFC_sans_bias45": {"write": {"device_start": 1585405384.5101972, "host_queued_start": 1585405444.586512, "device_queued": 1585405384.4739506, "device_end": 1585405384.5102983, "host_queued_end": 1585405444.64435}, "device": "gpu", "nd_range": {"device_start": 1585405384.5103033, "device_end": 1585405384.5214553}, "cmdq": 1, "read": {"device_start": -1, "device_end": -1}}, "softmax50": {"write": {"device_start": -1, "host_queued_start": 1585405444.618501, "device_queued": -1, "device_end": -1, "host_queued_end": 1585405444.64435}, "device": "gpu", "nd_range": {"device_start": 1585405384.581024, "device_end": 1585405384.5818713}, "cmdq": 1, "read": {"device_start": -1, "device_end": -1}}, "FFC_sans_bias33": {"write": {"device_start": -1, "host_queued_start": 1585405444.619994, "device_queued": -1, "device_end": -1, "host_queued_end": 1585405444.64435}, "device": "gpu", "nd_range": {"device_start": 1585405384.5859067, "device_end": 1585405384.5963008}, "cmdq": 0, "read": {"device_start": -1, "device_end": -1}}, "FFC_sans_bias63": {"write": {"device_start": 1585405384.5410535, "host_queued_start": 1585405444.61286, "device_queued": 1585405384.4760735, "device_end": 1585405384.5411532, "host_queued_end": 1585405444.64435}, "device": "gpu", "nd_range": {"device_start": 1585405384.5411618, "device_end": 1585405384.5522523}, "cmdq": 0, "read": {"device_start": -1, "device_end": -1}}, "FFC_sans_bias49": {"write": {"device_start": -1, "host_queued_start": 1585405444.616629, "device_queued": -1, "device_end": -1, "host_queued_end": 1585405444.64435}, "device": "gpu", "nd_range": {"device_start": 1585405384.5640988, "device_end": 1585405384.5756083}, "cmdq": 0, "read": {"device_start": -1, "device_end": -1}}, "FFC_sans_bias64": {"write": {"device_start": 1585405384.5333385, "host_queued_start": 1585405444.60628, "device_queued": 1585405384.4755313, "device_end": 1585405384.533439, "host_queued_end": 1585405444.64435}, "device": "gpu", "nd_range": {"device_start": 1585405384.5334432, "device_end": 1585405384.5446827}, "cmdq": 1, "read": {"device_start": -1, "device_end": -1}}, "FFC_sans_bias65": {"write": {"device_start": 1585405384.5371797, "host_queued_start": 1585405444.60959, "device_queued": 1585405384.475706, "device_end": 1585405384.537281, "host_queued_end": 1585405444.64435}, "device": "gpu", "nd_range": {"device_start": 1585405384.5372891, "device_end": 1585405384.548523}, "cmdq": 2, "read": {"device_start": -1, "device_end": -1}}, "FFC_sans_bias67": {"write": {"device_start": -1, "host_queued_start": 1585405444.617261, "device_queued": -1, "device_end": -1, "host_queued_end": 1585405444.64435}, "device": "gpu", "nd_range": {"device_start": 1585405384.5679162, "device_end": 1585405384.5793753}, "cmdq": 2, "read": {"device_start": -1, "device_end": -1}}, "FFC_sans_bias24": {"write": {"device_start": -1, "host_queued_start": 1585405444.619674, "device_queued": -1, "device_end": -1, "host_queued_end": 1585405444.64435}, "device": "gpu", "nd_range": {"device_start": 1585405384.581039, "device_end": 1585405384.5850327}, "cmdq": 2, "read": {"device_start": -1, "device_end": -1}}, "FFC_sans_bias25": {"write": {"device_start": 1585405384.6071503, "host_queued_start": 1585405444.627886, "device_queued": 1585405384.4801588, "device_end": 1585405384.6072483, "host_queued_end": 1585405444.64435}, "device": "gpu", "nd_range": {"device_start": 1585405384.6072626, "device_end": 1585405384.6174445}, "cmdq": 0, "read": {"device_start": 1585405384.6174479, "device_end": 1585405384.6175401}}, "FFC_sans_bias27": {"write": {"device_start": 1585405384.4871073, "host_queued_start": 1585405444.566894, "device_queued": 1585405384.4725428, "device_end": 1585405384.4872267, "host_queued_end": 1585405444.64435}, "device": "gpu", "nd_range": {"device_start": 1585405384.4872317, "device_end": 1585405384.4983518}, "cmdq": 1, "read": {"device_start": -1, "device_end": -1}}, "FFC_sans_bias20": {"write": {"device_start": 1585405384.4834485, "host_queued_start": 1585405444.563642, "device_queued": 1585405384.4722838, "device_end": 1585405384.483553, "host_queued_end": 1585405444.64435}, "device": "gpu", "nd_range": {"device_start": 1585405384.4835634, "device_end": 1585405384.4945025}, "cmdq": 0, "read": {"device_start": -1, "device_end": -1}}, "FFC_sans_bias22": {"write": {"device_start": -1, "host_queued_start": 1585405444.615689, "device_queued": -1, "device_end": -1, "host_queued_end": 1585405444.64435}, "device": "gpu", "nd_range": {"device_start": 1585405384.5560586, "device_end": 1585405384.564086}, "cmdq": 0, "read": {"device_start": -1, "device_end": -1}}, "softmax68": {"write": {"device_start": -1, "host_queued_start": 1585405444.619036, "device_queued": -1, "device_end": -1, "host_queued_end": 1585405444.64435}, "device": "gpu", "nd_range": {"device_start": 1585405384.5818684, "device_end": 1585405384.5858932}, "cmdq": 0, "read": {"device_start": -1, "device_end": -1}}, "softmax5": {"write": {"device_start": -1, "host_queued_start": 1585405444.66043, "device_queued": -1, "device_end": -1, "host_queued_end": 1585405444.664348}, "device": "cpu", "nd_range": {"device_start": 2073218.9988012752, "device_end": 2073218.9992499212}, "cmdq": 0, "read": {"device_start": -1, "device_end": -1}}, "FFC_sans_bias28": {"write": {"device_start": 1585405384.4912124, "host_queued_start": 1585405444.570147, "device_queued": 1585405384.4726727, "device_end": 1585405384.491313, "host_queued_end": 1585405444.64435}, "device": "gpu", "nd_range": {"device_start": 1585405384.4913208, "device_end": 1585405384.502242}, "cmdq": 2, "read": {"device_start": -1, "device_end": -1}}, "FFC_sans_bias29": {"write": {"device_start": 1585405384.4948037, "host_queued_start": 1585405444.573424, "device_queued": 1585405384.473013, "device_end": 1585405384.4949038, "host_queued_end": 1585405444.64435}, "device": "gpu", "nd_range": {"device_start": 1585405384.4949136, "device_end": 1585405384.5060668}, "cmdq": 0, "read": {"device_start": -1, "device_end": -1}}, "empty17": {"write": {"device_start": 1585405384.4686713, "host_queued_start": 1585405444.527538, "device_queued": 1585405384.468345, "device_end": 1585405384.4688337, "host_queued_end": 1585405444.64435}, "device": "gpu", "nd_range": {"device_start": 1585405384.4688425, "device_end": 1585405384.4688482}, "cmdq": 0, "read": {"device_start": -1, "device_end": -1}}, "softmax59": {"write": {"device_start": -1, "host_queued_start": 1585405444.618779, "device_queued": -1, "device_end": -1, "host_queued_end": 1585405444.64435}, "device": "gpu", "nd_range": {"device_start": 1585405384.5798893, "device_end": 1585405384.5803738}, "cmdq": 2, "read": {"device_start": -1, "device_end": -1}}, "empty71": {"write": {"device_start": 1585405384.4706426, "host_queued_start": 1585405444.544008, "device_queued": 1585405384.4702816, "device_end": 1585405384.4708335, "host_queued_end": 1585405444.64435}, "device": "gpu", "nd_range": {"device_start": 1585405384.470842, "device_end": 1585405384.470846}, "cmdq": 0, "read": {"device_start": -1, "device_end": -1}}, "empty35": {"write": {"device_start": 1585405384.4693658, "host_queued_start": 1585405444.533543, "device_queued": 1585405384.468931, "device_end": 1585405384.4696424, "host_queued_end": 1585405444.64435}, "device": "gpu", "nd_range": {"device_start": 1585405384.4696467, "device_end": 1585405384.4696534}, "cmdq": 2, "read": {"device_start": -1, "device_end": -1}}, "empty53": {"write": {"device_start": 1585405384.4700084, "host_queued_start": 1585405444.5388, "device_queued": 1585405384.4696672, "device_end": 1585405384.4702342, "host_queued_end": 1585405444.64435}, "device": "gpu", "nd_range": {"device_start": 1585405384.4702415, "device_end": 1585405384.4702466}, "cmdq": 1, "read": {"device_start": -1, "device_end": -1}}, "FFC_sans_bias46": {"write": {"device_start": 1585405384.5140858, "host_queued_start": 1585405444.589842, "device_queued": 1585405384.474128, "device_end": 1585405384.5141842, "host_queued_end": 1585405444.64435}, "device": "gpu", "nd_range": {"device_start": 1585405384.5141935, "device_end": 1585405384.525369}, "cmdq": 2, "read": {"device_start": -1, "device_end": -1}}, "coalesced_transpose66": {"write": {"device_start": -1, "host_queued_start": 1585405444.615055, "device_queued": -1, "device_end": -1, "host_queued_end": 1585405444.64435}, "device": "gpu", "nd_range": {"device_start": 1585405384.55217, "device_end": 1585405384.5522177}, "cmdq": 1, "read": {"device_start": -1, "device_end": -1}}, "coalesced_transpose48": {"write": {"device_start": -1, "host_queued_start": 1585405444.614418, "device_queued": -1, "device_end": -1, "host_queued_end": 1585405444.64435}, "device": "gpu", "nd_range": {"device_start": 1585405384.552145, "device_end": 1585405384.552196}, "cmdq": 2, "read": {"device_start": -1, "device_end": -1}}}