{"FFC_sans_bias60": {"write": {"device_start": -1, "host_queued_start": 1585405305.062914, "device_queued": -1, "device_end": -1, "host_queued_end": 1585405305.073304}, "device": "gpu", "nd_range": {"device_start": 1585405244.9433324, "device_end": 1585405244.9492822}, "cmdq": 0, "read": {"device_start": -1, "device_end": -1}}, "FFC_sans_bias4": {"write": {"device_start": -1, "host_queued_start": 1585405305.141223, "device_queued": -1, "device_end": -1, "host_queued_end": 1585405305.161928}, "device": "cpu", "nd_range": {"device_start": 2073079.955340194, "device_end": 2073080.029892364}, "cmdq": 1, "read": {"device_start": -1, "device_end": -1}}, "FFC_sans_bias7": {"write": {"device_start": -1, "host_queued_start": 1585405305.149011, "device_queued": -1, "device_end": -1, "host_queued_end": 1585405305.161928}, "device": "cpu", "nd_range": {"device_start": 2073080.1318326592, "device_end": 2073080.2187251132}, "cmdq": 0, "read": {"device_start": -1, "device_end": -1}}, "FFC_sans_bias6": {"write": {"device_start": -1, "host_queued_start": 1585405305.144356, "device_queued": -1, "device_end": -1, "host_queued_end": 1585405305.161928}, "device": "cpu", "nd_range": {"device_start": 2073080.055467534, "device_end": 2073080.1316194632}, "cmdq": 3, "read": {"device_start": -1, "device_end": -1}}, "FFC_sans_bias1": {"write": {"device_start": -1, "host_queued_start": 1585405305.094933, "device_queued": -1, "device_end": -1, "host_queued_end": 1585405305.161928}, "device": "cpu", "nd_range": {"device_start": 2073079.351575016, "device_end": 2073079.474209333}, "cmdq": 2, "read": {"device_start": -1, "device_end": -1}}, "FFC_sans_bias0": {"write": {"device_start": -1, "host_queued_start": 1585405305.091457, "device_queued": -1, "device_end": -1, "host_queued_end": 1585405305.161928}, "device": "cpu", "nd_range": {"device_start": 2073079.3515934062, "device_end": 2073079.583876139}, "cmdq": 1, "read": {"device_start": -1, "device_end": -1}}, "FFC_sans_bias2": {"write": {"device_start": -1, "host_queued_start": 1585405305.098365, "device_queued": -1, "device_end": -1, "host_queued_end": 1585405305.161928}, "device": "cpu", "nd_range": {"device_start": 2073079.3516137742, "device_end": 2073079.481145275}, "cmdq": 3, "read": {"device_start": -1, "device_end": -1}}, "FFC_sans_bias61": {"write": {"device_start": 1585405244.9529078, "host_queued_start": 1585405305.069855, "device_queued": 1585405244.9062283, "device_end": 1585405244.9530067, "host_queued_end": 1585405305.073304}, "device": "gpu", "nd_range": {"device_start": 1585405244.953013, "device_end": 1585405244.9590094}, "cmdq": 1, "read": {"device_start": 1585405244.959015, "device_end": 1585405244.9591105}}, "FFC_sans_bias52": {"write": {"device_start": 1585405244.9496737, "host_queued_start": 1585405305.066503, "device_queued": 1585405244.9058888, "device_end": 1585405244.9497774, "host_queued_end": 1585405305.073304}, "device": "gpu", "nd_range": {"device_start": 1585405244.9497848, "device_end": 1585405244.9557073}, "cmdq": 0, "read": {"device_start": 1585405244.9557118, "device_end": 1585405244.95581}}, "FFC_sans_bias9": {"write": {"device_start": -1, "host_queued_start": 1585405305.101892, "device_queued": -1, "device_end": -1, "host_queued_end": 1585405305.161928}, "device": "cpu", "nd_range": {"device_start": 2073079.3518334662, "device_end": 2073079.474193311}, "cmdq": 0, "read": {"device_start": -1, "device_end": -1}}, "coalesced_transpose39": {"write": {"device_start": -1, "host_queued_start": 1585405305.140881, "device_queued": -1, "device_end": -1, "host_queued_end": 1585405305.161928}, "device": "cpu", "nd_range": {"device_start": 2073079.789305336, "device_end": 2073079.790389493}, "cmdq": 0, "read": {"device_start": -1, "device_end": -1}}, "FFC_sans_bias55": {"write": {"device_start": 1585405244.9161334, "host_queued_start": 1585405305.049217, "device_queued": 1585405244.9036567, "device_end": 1585405244.9162347, "host_queued_end": 1585405305.073304}, "device": "gpu", "nd_range": {"device_start": 1585405244.9162388, "device_end": 1585405244.9223397}, "cmdq": 0, "read": {"device_start": -1, "device_end": -1}}, "FFC_sans_bias54": {"write": {"device_start": 1585405244.9129863, "host_queued_start": 1585405305.045826, "device_queued": 1585405244.9034235, "device_end": 1585405244.91309, "host_queued_end": 1585405305.073304}, "device": "gpu", "nd_range": {"device_start": 1585405244.913096, "device_end": 1585405244.9190454}, "cmdq": 1, "read": {"device_start": -1, "device_end": -1}}, "FFC_sans_bias56": {"write": {"device_start": 1585405244.9096594, "host_queued_start": 1585405305.042403, "device_queued": 1585405244.903196, "device_end": 1585405244.9097614, "host_queued_end": 1585405305.073304}, "device": "gpu", "nd_range": {"device_start": 1585405244.909766, "device_end": 1585405244.915734}, "cmdq": 0, "read": {"device_start": -1, "device_end": -1}}, "FFC_sans_bias51": {"write": {"device_start": -1, "host_queued_start": 1585405305.062583, "device_queued": -1, "device_end": -1, "host_queued_end": 1585405305.073304}, "device": "gpu", "nd_range": {"device_start": 1585405244.942602, "device_end": 1585405244.945973}, "cmdq": 1, "read": {"device_start": -1, "device_end": -1}}, "softmax23": {"write": {"device_start": -1, "host_queued_start": 1585405305.143434, "device_queued": -1, "device_end": -1, "host_queued_end": 1585405305.161928}, "device": "cpu", "nd_range": {"device_start": 2073079.9545099721, "device_end": 2073079.9551247952}, "cmdq": 0, "read": {"device_start": -1, "device_end": -1}}, "FFC_sans_bias37": {"write": {"device_start": -1, "host_queued_start": 1585405305.135833, "device_queued": -1, "device_end": -1, "host_queued_end": 1585405305.161928}, "device": "cpu", "nd_range": {"device_start": 2073079.72012245, "device_end": 2073079.785216462}, "cmdq": 2, "read": {"device_start": -1, "device_end": -1}}, "empty62": {"write": {"device_start": 1585405244.901802, "host_queued_start": 1585405305.026136, "device_queued": 1585405244.901435, "device_end": 1585405244.9020343, "host_queued_end": 1585405305.073304}, "device": "gpu", "nd_range": {"device_start": 1585405244.9020388, "device_end": 1585405244.9020436}, "cmdq": 1, "read": {"device_start": -1, "device_end": -1}}, "FFC_sans_bias70": {"write": {"device_start": 1585405244.9564533, "host_queued_start": 1585405305.073193, "device_queued": 1585405244.906543, "device_end": 1585405244.9565535, "host_queued_end": 1585405305.073304}, "device": "gpu", "nd_range": {"device_start": 1585405244.95656, "device_end": 1585405244.9621975}, "cmdq": 0, "read": {"device_start": 1585405244.9622025, "device_end": 1585405244.962304}}, "FFC_sans_bias58": {"write": {"device_start": -1, "host_queued_start": 1585405305.061176, "device_queued": -1, "device_end": -1, "host_queued_end": 1585405305.073304}, "device": "gpu", "nd_range": {"device_start": 1585405244.932094, "device_end": 1585405244.9387865}, "cmdq": 0, "read": {"device_start": -1, "device_end": -1}}, "softmax41": {"write": {"device_start": -1, "host_queued_start": 1585405305.144, "device_queued": -1, "device_end": -1, "host_queued_end": 1585405305.161928}, "device": "cpu", "nd_range": {"device_start": 2073080.187039504, "device_end": 2073080.1879802581}, "cmdq": 2, "read": {"device_start": -1, "device_end": -1}}, "FFC_sans_bias11": {"write": {"device_start": -1, "host_queued_start": 1585405305.108518, "device_queued": -1, "device_end": -1, "host_queued_end": 1585405305.161928}, "device": "cpu", "nd_range": {"device_start": 2073079.4742249292, "device_end": 2073079.597236969}, "cmdq": 2, "read": {"device_start": -1, "device_end": -1}}, "FFC_sans_bias10": {"write": {"device_start": -1, "host_queued_start": 1585405305.10521, "device_queued": -1, "device_end": -1, "host_queued_end": 1585405305.161928}, "device": "cpu", "nd_range": {"device_start": 2073079.5839051611, "device_end": 2073079.7990379801}, "cmdq": 1, "read": {"device_start": -1, "device_end": -1}}, "coalesced_transpose3": {"write": {"device_start": -1, "host_queued_start": 1585405305.139475, "device_queued": -1, "device_end": -1, "host_queued_end": 1585405305.161928}, "device": "cpu", "nd_range": {"device_start": 2073079.7193768062, "device_end": 2073079.7206114812}, "cmdq": 0, "read": {"device_start": -1, "device_end": -1}}, "FFC_sans_bias34": {"write": {"device_start": -1, "host_queued_start": 1585405305.158681, "device_queued": -1, "device_end": -1, "host_queued_end": 1585405305.161928}, "device": "cpu", "nd_range": {"device_start": 2073080.323734858, "device_end": 2073080.4204479721}, "cmdq": 3, "read": {"device_start": -1, "device_end": -1}}, "FFC_sans_bias15": {"write": {"device_start": -1, "host_queued_start": 1585405305.144703, "device_queued": -1, "device_end": -1, "host_queued_end": 1585405305.161928}, "device": "cpu", "nd_range": {"device_start": 2073080.021052031, "device_end": 2073080.085456123}, "cmdq": 0, "read": {"device_start": -1, "device_end": -1}}, "FFC_sans_bias31": {"write": {"device_start": -1, "host_queued_start": 1585405305.142254, "device_queued": -1, "device_end": -1, "host_queued_end": 1585405305.161928}, "device": "cpu", "nd_range": {"device_start": 2073079.847118901, "device_end": 2073079.9542993691}, "cmdq": 0, "read": {"device_start": -1, "device_end": -1}}, "FFC_sans_bias16": {"write": {"device_start": -1, "host_queued_start": 1585405305.152217, "device_queued": -1, "device_end": -1, "host_queued_end": 1585405305.161928}, "device": "cpu", "nd_range": {"device_start": 2073080.218534358, "device_end": 2073080.331578612}, "cmdq": 1, "read": {"device_start": -1, "device_end": -1}}, "FFC_sans_bias19": {"write": {"device_start": -1, "host_queued_start": 1585405305.115129, "device_queued": -1, "device_end": -1, "host_queued_end": 1585405305.161928}, "device": "cpu", "nd_range": {"device_start": 2073079.474552086, "device_end": 2073079.5965935371}, "cmdq": 0, "read": {"device_start": -1, "device_end": -1}}, "FFC_sans_bias18": {"write": {"device_start": -1, "host_queued_start": 1585405305.11181, "device_queued": -1, "device_end": -1, "host_queued_end": 1585405305.161928}, "device": "cpu", "nd_range": {"device_start": 2073079.481328472, "device_end": 2073079.6124644822}, "cmdq": 3, "read": {"device_start": -1, "device_end": -1}}, "coalesced_transpose30": {"write": {"device_start": -1, "host_queued_start": 1585405305.14055, "device_queued": -1, "device_end": -1, "host_queued_end": 1585405305.161928}, "device": "cpu", "nd_range": {"device_start": 2073079.827166307, "device_end": 2073079.8283476902}, "cmdq": 3, "read": {"device_start": -1, "device_end": -1}}, "FFC_sans_bias69": {"write": {"device_start": -1, "host_queued_start": 1585405305.06323, "device_queued": -1, "device_end": -1, "host_queued_end": 1585405305.073304}, "device": "gpu", "nd_range": {"device_start": 1585405244.9459786, "device_end": 1585405244.9525535}, "cmdq": 1, "read": {"device_start": -1, "device_end": -1}}, "FFC_sans_bias38": {"write": {"device_start": -1, "host_queued_start": 1585405305.139124, "device_queued": -1, "device_end": -1, "host_queued_end": 1585405305.161928}, "device": "cpu", "nd_range": {"device_start": 2073079.743804723, "device_end": 2073079.8269469342}, "cmdq": 3, "read": {"device_start": -1, "device_end": -1}}, "coalesced_transpose57": {"write": {"device_start": -1, "host_queued_start": 1585405305.060229, "device_queued": -1, "device_end": -1, "host_queued_end": 1585405305.073304}, "device": "gpu", "nd_range": {"device_start": 1585405244.9320605, "device_end": 1585405244.9320807}, "cmdq": 1, "read": {"device_start": -1, "device_end": -1}}, "empty26": {"write": {"device_start": -1, "host_queued_start": 1585405305.082902, "device_queued": -1, "device_end": -1, "host_queued_end": 1585405305.161928}, "device": "cpu", "nd_range": {"device_start": 2073079.3515431122, "device_end": 2073079.351549477}, "cmdq": 2, "read": {"device_start": -1, "device_end": -1}}, "coalesced_transpose12": {"write": {"device_start": -1, "host_queued_start": 1585405305.139814, "device_queued": -1, "device_end": -1, "host_queued_end": 1585405305.161928}, "device": "cpu", "nd_range": {"device_start": 2073079.9546251022, "device_end": 2073079.955329399}, "cmdq": 1, "read": {"device_start": -1, "device_end": -1}}, "empty44": {"write": {"device_start": -1, "host_queued_start": 1585405305.088502, "device_queued": -1, "device_end": -1, "host_queued_end": 1585405305.161928}, "device": "cpu", "nd_range": {"device_start": 2073079.351575074, "device_end": 2073079.3515761162}, "cmdq": 0, "read": {"device_start": -1, "device_end": -1}}, "coalesced_transpose21": {"write": {"device_start": -1, "host_queued_start": 1585405305.140148, "device_queued": -1, "device_end": -1, "host_queued_end": 1585405305.161928}, "device": "cpu", "nd_range": {"device_start": 2073079.785241455, "device_end": 2073079.786349188}, "cmdq": 2, "read": {"device_start": -1, "device_end": -1}}, "FFC_sans_bias36": {"write": {"device_start": -1, "host_queued_start": 1585405305.132294, "device_queued": -1, "device_end": -1, "host_queued_end": 1585405305.161928}, "device": "cpu", "nd_range": {"device_start": 2073079.8604949662, "device_end": 2073079.9546106462}, "cmdq": 1, "read": {"device_start": -1, "device_end": -1}}, "softmax14": {"write": {"device_start": -1, "host_queued_start": 1585405305.14316, "device_queued": -1, "device_end": -1, "host_queued_end": 1585405305.161928}, "device": "cpu", "nd_range": {"device_start": 2073080.016189523, "device_end": 2073080.0204730162}, "cmdq": 3, "read": {"device_start": -1, "device_end": -1}}, "FFC_sans_bias13": {"write": {"device_start": -1, "host_queued_start": 1585405305.141565, "device_queued": -1, "device_end": -1, "host_queued_end": 1585405305.161928}, "device": "cpu", "nd_range": {"device_start": 2073079.9553389451, "device_end": 2073080.0161625212}, "cmdq": 2, "read": {"device_start": -1, "device_end": -1}}, "empty8": {"write": {"device_start": -1, "host_queued_start": 1585405305.077141, "device_queued": -1, "device_end": -1, "host_queued_end": 1585405305.161928}, "device": "cpu", "nd_range": {"device_start": 2073079.351536045, "device_end": 2073079.3515484382}, "cmdq": 0, "read": {"device_start": -1, "device_end": -1}}, "FFC_sans_bias42": {"write": {"device_start": -1, "host_queued_start": 1585405305.145729, "device_queued": -1, "device_end": -1, "host_queued_end": 1585405305.161928}, "device": "cpu", "nd_range": {"device_start": 2073080.214624402, "device_end": 2073080.3237070022}, "cmdq": 3, "read": {"device_start": -1, "device_end": -1}}, "FFC_sans_bias43": {"write": {"device_start": -1, "host_queued_start": 1585405305.161876, "device_queued": -1, "device_end": -1, "host_queued_end": 1585405305.161928}, "device": "cpu", "nd_range": {"device_start": 2073080.3315876122, "device_end": 2073080.4240219262}, "cmdq": 0, "read": {"device_start": -1, "device_end": -1}}, "FFC_sans_bias40": {"write": {"device_start": -1, "host_queued_start": 1585405305.142605, "device_queued": -1, "device_end": -1, "host_queued_end": 1585405305.161928}, "device": "cpu", "nd_range": {"device_start": 2073080.029906253, "device_end": 2073080.1320831992}, "cmdq": 1, "read": {"device_start": -1, "device_end": -1}}, "softmax32": {"write": {"device_start": -1, "host_queued_start": 1585405305.143728, "device_queued": -1, "device_end": -1, "host_queued_end": 1585405305.161928}, "device": "cpu", "nd_range": {"device_start": 2073080.1322371352, "device_end": 2073080.1331862982}, "cmdq": 1, "read": {"device_start": -1, "device_end": -1}}, "FFC_sans_bias47": {"write": {"device_start": 1585405244.906278, "host_queued_start": 1585405305.039036, "device_queued": 1585405244.9029648, "device_end": 1585405244.9063735, "host_queued_end": 1585405305.073304}, "device": "gpu", "nd_range": {"device_start": 1585405244.9063776, "device_end": 1585405244.9125838}, "cmdq": 1, "read": {"device_start": -1, "device_end": -1}}, "FFC_sans_bias45": {"write": {"device_start": 1585405244.9024746, "host_queued_start": 1585405305.032205, "device_queued": 1585405244.9020572, "device_end": 1585405244.9025698, "host_queued_end": 1585405305.073304}, "device": "gpu", "nd_range": {"device_start": 1585405244.9025805, "device_end": 1585405244.9059415}, "cmdq": 1, "read": {"device_start": -1, "device_end": -1}}, "softmax50": {"write": {"device_start": -1, "host_queued_start": 1585405305.061748, "device_queued": -1, "device_end": -1, "host_queued_end": 1585405305.073304}, "device": "gpu", "nd_range": {"device_start": 1585405244.938792, "device_end": 1585405244.9425893}, "cmdq": 0, "read": {"device_start": -1, "device_end": -1}}, "FFC_sans_bias33": {"write": {"device_start": -1, "host_queued_start": 1585405305.145385, "device_queued": -1, "device_end": -1, "host_queued_end": 1585405305.161928}, "device": "cpu", "nd_range": {"device_start": 2073080.195748818, "device_end": 2073080.2987554672}, "cmdq": 2, "read": {"device_start": -1, "device_end": -1}}, "FFC_sans_bias63": {"write": {"device_start": 1585405244.9260707, "host_queued_start": 1585405305.059556, "device_queued": 1585405244.9043493, "device_end": 1585405244.9261737, "host_queued_end": 1585405305.073304}, "device": "gpu", "nd_range": {"device_start": 1585405244.926177, "device_end": 1585405244.9320562}, "cmdq": 1, "read": {"device_start": -1, "device_end": -1}}, "FFC_sans_bias49": {"write": {"device_start": -1, "host_queued_start": 1585405305.060855, "device_queued": -1, "device_end": -1, "host_queued_end": 1585405305.073304}, "device": "gpu", "nd_range": {"device_start": 1585405244.9320862, "device_end": 1585405244.935455}, "cmdq": 1, "read": {"device_start": -1, "device_end": -1}}, "FFC_sans_bias64": {"write": {"device_start": 1585405244.9194255, "host_queued_start": 1585405305.052586, "device_queued": 1585405244.903888, "device_end": 1585405244.9195282, "host_queued_end": 1585405305.073304}, "device": "gpu", "nd_range": {"device_start": 1585405244.919534, "device_end": 1585405244.9256186}, "cmdq": 1, "read": {"device_start": -1, "device_end": -1}}, "FFC_sans_bias65": {"write": {"device_start": 1585405244.9227247, "host_queued_start": 1585405305.056181, "device_queued": 1585405244.9041195, "device_end": 1585405244.9228287, "host_queued_end": 1585405305.073304}, "device": "gpu", "nd_range": {"device_start": 1585405244.9228332, "device_end": 1585405244.9288423}, "cmdq": 0, "read": {"device_start": -1, "device_end": -1}}, "FFC_sans_bias67": {"write": {"device_start": -1, "host_queued_start": 1585405305.061494, "device_queued": -1, "device_end": -1, "host_queued_end": 1585405305.073304}, "device": "gpu", "nd_range": {"device_start": 1585405244.9354608, "device_end": 1585405244.9419513}, "cmdq": 1, "read": {"device_start": -1, "device_end": -1}}, "FFC_sans_bias24": {"write": {"device_start": -1, "host_queued_start": 1585405305.145046, "device_queued": -1, "device_end": -1, "host_queued_end": 1585405305.161928}, "device": "cpu", "nd_range": {"device_start": 2073080.1333183562, "device_end": 2073080.2183135}, "cmdq": 1, "read": {"device_start": -1, "device_end": -1}}, "FFC_sans_bias25": {"write": {"device_start": -1, "host_queued_start": 1585405305.155468, "device_queued": -1, "device_end": -1, "host_queued_end": 1585405305.161928}, "device": "cpu", "nd_range": {"device_start": 2073080.3002438042, "device_end": 2073080.388070096}, "cmdq": 2, "read": {"device_start": -1, "device_end": -1}}, "FFC_sans_bias27": {"write": {"device_start": -1, "host_queued_start": 1585405305.12169, "device_queued": -1, "device_end": -1, "host_queued_end": 1585405305.161928}, "device": "cpu", "nd_range": {"device_start": 2073079.5973963311, "device_end": 2073079.719933575}, "cmdq": 2, "read": {"device_start": -1, "device_end": -1}}, "FFC_sans_bias20": {"write": {"device_start": -1, "host_queued_start": 1585405305.118404, "device_queued": -1, "device_end": -1, "host_queued_end": 1585405305.161928}, "device": "cpu", "nd_range": {"device_start": 2073079.7991882442, "device_end": 2073079.860476724}, "cmdq": 1, "read": {"device_start": -1, "device_end": -1}}, "FFC_sans_bias22": {"write": {"device_start": -1, "host_queued_start": 1585405305.141905, "device_queued": -1, "device_end": -1, "host_queued_end": 1585405305.161928}, "device": "cpu", "nd_range": {"device_start": 2073079.8283644342, "device_end": 2073079.9250870051}, "cmdq": 3, "read": {"device_start": -1, "device_end": -1}}, "softmax68": {"write": {"device_start": -1, "host_queued_start": 1585405305.062255, "device_queued": -1, "device_end": -1, "host_queued_end": 1585405305.073304}, "device": "gpu", "nd_range": {"device_start": 1585405244.9425948, "device_end": 1585405244.9433267}, "cmdq": 0, "read": {"device_start": -1, "device_end": -1}}, "softmax5": {"write": {"device_start": -1, "host_queued_start": 1585405305.142882, "device_queued": -1, "device_end": -1, "host_queued_end": 1585405305.161928}, "device": "cpu", "nd_range": {"device_start": 2073080.0542397, "device_end": 2073080.0552382802}, "cmdq": 2, "read": {"device_start": -1, "device_end": -1}}, "FFC_sans_bias28": {"write": {"device_start": -1, "host_queued_start": 1585405305.125125, "device_queued": -1, "device_end": -1, "host_queued_end": 1585405305.161928}, "device": "cpu", "nd_range": {"device_start": 2073079.6124859892, "device_end": 2073079.743597675}, "cmdq": 3, "read": {"device_start": -1, "device_end": -1}}, "FFC_sans_bias29": {"write": {"device_start": -1, "host_queued_start": 1585405305.128593, "device_queued": -1, "device_end": -1, "host_queued_end": 1585405305.161928}, "device": "cpu", "nd_range": {"device_start": 2073079.59661433, "device_end": 2073079.719359175}, "cmdq": 0, "read": {"device_start": -1, "device_end": -1}}, "empty17": {"write": {"device_start": -1, "host_queued_start": 1585405305.080049, "device_queued": -1, "device_end": -1, "host_queued_end": 1585405305.161928}, "device": "cpu", "nd_range": {"device_start": 2073079.3515838801, "device_end": 2073079.351584928}, "cmdq": 1, "read": {"device_start": -1, "device_end": -1}}, "softmax59": {"write": {"device_start": -1, "host_queued_start": 1585405305.061998, "device_queued": -1, "device_end": -1, "host_queued_end": 1585405305.073304}, "device": "gpu", "nd_range": {"device_start": 1585405244.9419575, "device_end": 1585405244.9423668}, "cmdq": 1, "read": {"device_start": -1, "device_end": -1}}, "empty71": {"write": {"device_start": 1585405244.902152, "host_queued_start": 1585405305.029309, "device_queued": 1585405244.901733, "device_end": 1585405244.902385, "host_queued_end": 1585405305.073304}, "device": "gpu", "nd_range": {"device_start": 1585405244.9023955, "device_end": 1585405244.9023993}, "cmdq": 0, "read": {"device_start": -1, "device_end": -1}}, "empty35": {"write": {"device_start": -1, "host_queued_start": 1585405305.085759, "device_queued": -1, "device_end": -1, "host_queued_end": 1585405305.161928}, "device": "cpu", "nd_range": {"device_start": 2073079.351590926, "device_end": 2073079.3515964672}, "cmdq": 3, "read": {"device_start": -1, "device_end": -1}}, "empty53": {"write": {"device_start": 1585405244.9014394, "host_queued_start": 1585405305.022246, "device_queued": 1585405244.9010968, "device_end": 1585405244.9016287, "host_queued_end": 1585405305.073304}, "device": "gpu", "nd_range": {"device_start": 1585405244.9016752, "device_end": 1585405244.9016807}, "cmdq": 0, "read": {"device_start": -1, "device_end": -1}}, "FFC_sans_bias46": {"write": {"device_start": 1585405244.9028585, "host_queued_start": 1585405305.035632, "device_queued": 1585405244.9025977, "device_end": 1585405244.9029543, "host_queued_end": 1585405305.073304}, "device": "gpu", "nd_range": {"device_start": 1585405244.9029565, "device_end": 1585405244.9092803}, "cmdq": 0, "read": {"device_start": -1, "device_end": -1}}, "coalesced_transpose66": {"write": {"device_start": -1, "host_queued_start": 1585405305.060536, "device_queued": -1, "device_end": -1, "host_queued_end": 1585405305.073304}, "device": "gpu", "nd_range": {"device_start": 1585405244.9319308, "device_end": 1585405244.9319649}, "cmdq": 0, "read": {"device_start": -1, "device_end": -1}}, "coalesced_transpose48": {"write": {"device_start": -1, "host_queued_start": 1585405305.059913, "device_queued": -1, "device_end": -1, "host_queued_end": 1585405305.073304}, "device": "gpu", "nd_range": {"device_start": 1585405244.9288433, "device_end": 1585405244.931925}, "cmdq": 0, "read": {"device_start": -1, "device_end": -1}}}