{"FFC_sans_bias60": {"write": {"device_start": -1, "host_queued_start": 1585405797.632382, "device_queued": -1, "device_end": -1, "host_queued_end": 1585405797.646011}, "device": "gpu", "nd_range": {"device_start": 1585405737.515893, "device_end": 1585405737.5192637}, "cmdq": 0, "read": {"device_start": -1, "device_end": -1}}, "FFC_sans_bias4": {"write": {"device_start": -1, "host_queued_start": 1585405797.700792, "device_queued": -1, "device_end": -1, "host_queued_end": 1585405797.717823}, "device": "cpu", "nd_range": {"device_start": 2073572.3481630802, "device_end": 2073572.4130644812}, "cmdq": 0, "read": {"device_start": -1, "device_end": -1}}, "FFC_sans_bias7": {"write": {"device_start": -1, "host_queued_start": 1585405797.707853, "device_queued": -1, "device_end": -1, "host_queued_end": 1585405797.717823}, "device": "cpu", "nd_range": {"device_start": 2073572.664225198, "device_end": 2073572.7432296681}, "cmdq": 0, "read": {"device_start": -1, "device_end": -1}}, "FFC_sans_bias6": {"write": {"device_start": -1, "host_queued_start": 1585405797.703533, "device_queued": -1, "device_end": -1, "host_queued_end": 1585405797.717823}, "device": "cpu", "nd_range": {"device_start": 2073572.483346919, "device_end": 2073572.574328806}, "cmdq": 0, "read": {"device_start": -1, "device_end": -1}}, "FFC_sans_bias1": {"write": {"device_start": -1, "host_queued_start": 1585405797.665427, "device_queued": -1, "device_end": -1, "host_queued_end": 1585405797.717823}, "device": "cpu", "nd_range": {"device_start": 2073571.9074606611, "device_end": 2073571.9701383712}, "cmdq": 1, "read": {"device_start": -1, "device_end": -1}}, "FFC_sans_bias0": {"write": {"device_start": -1, "host_queued_start": 1585405797.661665, "device_queued": -1, "device_end": -1, "host_queued_end": 1585405797.717823}, "device": "cpu", "nd_range": {"device_start": 2073571.9074608441, "device_end": 2073571.9863517142}, "cmdq": 0, "read": {"device_start": -1, "device_end": -1}}, "FFC_sans_bias2": {"write": {"device_start": -1, "host_queued_start": 1585405797.669044, "device_queued": -1, "device_end": -1, "host_queued_end": 1585405797.717823}, "device": "cpu", "nd_range": {"device_start": 2073571.986371607, "device_end": 2073572.0675300432}, "cmdq": 0, "read": {"device_start": -1, "device_end": -1}}, "FFC_sans_bias61": {"write": {"device_start": 1585405737.529352, "host_queued_start": 1585405797.64265, "device_queued": 1585405737.4677384, "device_end": 1585405737.5294545, "host_queued_end": 1585405797.646011}, "device": "gpu", "nd_range": {"device_start": 1585405737.5294697, "device_end": 1585405737.5419958}, "cmdq": 4, "read": {"device_start": 1585405737.5420036, "device_end": 1585405737.54209}}, "FFC_sans_bias52": {"write": {"device_start": 1585405737.5261667, "host_queued_start": 1585405797.639304, "device_queued": 1585405737.4676087, "device_end": 1585405737.526271, "host_queued_end": 1585405797.646011}, "device": "gpu", "nd_range": {"device_start": 1585405737.5290334, "device_end": 1585405737.5355866}, "cmdq": 3, "read": {"device_start": 1585405737.5355916, "device_end": 1585405737.5356786}}, "FFC_sans_bias9": {"write": {"device_start": -1, "host_queued_start": 1585405797.672471, "device_queued": -1, "device_end": -1, "host_queued_end": 1585405797.717823}, "device": "cpu", "nd_range": {"device_start": 2073571.9703743642, "device_end": 2073572.0263602962}, "cmdq": 1, "read": {"device_start": -1, "device_end": -1}}, "coalesced_transpose39": {"write": {"device_start": -1, "host_queued_start": 1585405797.628207, "device_queued": -1, "device_end": -1, "host_queued_end": 1585405797.646011}, "device": "gpu", "nd_range": {"device_start": 1585405737.4884822, "device_end": 1585405737.5012734}, "cmdq": 1, "read": {"device_start": -1, "device_end": -1}}, "FFC_sans_bias55": {"write": {"device_start": 1585405737.475723, "host_queued_start": 1585405797.617986, "device_queued": 1585405737.464548, "device_end": 1585405737.4758358, "host_queued_end": 1585405797.646011}, "device": "gpu", "nd_range": {"device_start": 1585405737.4758427, "device_end": 1585405737.4917142}, "cmdq": 2, "read": {"device_start": -1, "device_end": -1}}, "FFC_sans_bias54": {"write": {"device_start": 1585405737.4725616, "host_queued_start": 1585405797.614674, "device_queued": 1585405737.464419, "device_end": 1585405737.4726603, "host_queued_end": 1585405797.646011}, "device": "gpu", "nd_range": {"device_start": 1585405737.4726672, "device_end": 1585405737.4884803}, "cmdq": 1, "read": {"device_start": -1, "device_end": -1}}, "FFC_sans_bias56": {"write": {"device_start": 1585405737.4692209, "host_queued_start": 1585405797.611355, "device_queued": 1585405737.464164, "device_end": 1585405737.4693172, "host_queued_end": 1585405797.646011}, "device": "gpu", "nd_range": {"device_start": 1585405737.4693203, "device_end": 1585405737.4852068}, "cmdq": 0, "read": {"device_start": -1, "device_end": -1}}, "FFC_sans_bias51": {"write": {"device_start": -1, "host_queued_start": 1585405797.632069, "device_queued": -1, "device_end": -1, "host_queued_end": 1585405797.646011}, "device": "gpu", "nd_range": {"device_start": 1585405737.5159185, "device_end": 1585405737.5290203}, "cmdq": 4, "read": {"device_start": -1, "device_end": -1}}, "softmax23": {"write": {"device_start": -1, "host_queued_start": 1585405797.702887, "device_queued": -1, "device_end": -1, "host_queued_end": 1585405797.717823}, "device": "cpu", "nd_range": {"device_start": 2073572.482296599, "device_end": 2073572.4832229281}, "cmdq": 0, "read": {"device_start": -1, "device_end": -1}}, "FFC_sans_bias37": {"write": {"device_start": 1585405737.4625807, "host_queued_start": 1585405797.594467, "device_queued": 1585405737.462328, "device_end": 1585405737.462678, "host_queued_end": 1585405797.646011}, "device": "gpu", "nd_range": {"device_start": 1585405737.46268, "device_end": 1585405737.4689412}, "cmdq": 0, "read": {"device_start": -1, "device_end": -1}}, "empty62": {"write": {"device_start": 1585405737.4615347, "host_queued_start": 1585405797.585625, "device_queued": 1585405737.4610791, "device_end": 1585405737.4618137, "host_queued_end": 1585405797.646011}, "device": "gpu", "nd_range": {"device_start": 1585405737.4619477, "device_end": 1585405737.4620013}, "cmdq": 2, "read": {"device_start": -1, "device_end": -1}}, "FFC_sans_bias70": {"write": {"device_start": 1585405737.5265756, "host_queued_start": 1585405797.6459, "device_queued": 1585405737.4683163, "device_end": 1585405737.5266767, "host_queued_end": 1585405797.646011}, "device": "gpu", "nd_range": {"device_start": 1585405737.5294626, "device_end": 1585405737.5387795}, "cmdq": 0, "read": {"device_start": 1585405737.5387876, "device_end": 1585405737.5388734}}, "FFC_sans_bias58": {"write": {"device_start": -1, "host_queued_start": 1585405797.630114, "device_queued": -1, "device_end": -1, "host_queued_end": 1585405797.646011}, "device": "gpu", "nd_range": {"device_start": 1585405737.5014803, "device_end": 1585405737.5114682}, "cmdq": 2, "read": {"device_start": -1, "device_end": -1}}, "softmax41": {"write": {"device_start": -1, "host_queued_start": 1585405797.630692, "device_queued": -1, "device_end": -1, "host_queued_end": 1585405797.646011}, "device": "gpu", "nd_range": {"device_start": 1585405737.5048456, "device_end": 1585405737.5158849}, "cmdq": 4, "read": {"device_start": -1, "device_end": -1}}, "FFC_sans_bias11": {"write": {"device_start": -1, "host_queued_start": 1585405797.679149, "device_queued": -1, "device_end": -1, "host_queued_end": 1585405797.717823}, "device": "cpu", "nd_range": {"device_start": 2073572.0265652172, "device_end": 2073572.094990554}, "cmdq": 1, "read": {"device_start": -1, "device_end": -1}}, "FFC_sans_bias10": {"write": {"device_start": -1, "host_queued_start": 1585405797.675788, "device_queued": -1, "device_end": -1, "host_queued_end": 1585405797.717823}, "device": "cpu", "nd_range": {"device_start": 2073572.067545799, "device_end": 2073572.1385860841}, "cmdq": 0, "read": {"device_start": -1, "device_end": -1}}, "coalesced_transpose3": {"write": {"device_start": -1, "host_queued_start": 1585405797.69933, "device_queued": -1, "device_end": -1, "host_queued_end": 1585405797.717823}, "device": "cpu", "nd_range": {"device_start": 2073572.3386208832, "device_end": 2073572.347048294}, "cmdq": 0, "read": {"device_start": -1, "device_end": -1}}, "FFC_sans_bias34": {"write": {"device_start": -1, "host_queued_start": 1585405797.717754, "device_queued": -1, "device_end": -1, "host_queued_end": 1585405797.717823}, "device": "cpu", "nd_range": {"device_start": 2073572.709302507, "device_end": 2073572.7974522852}, "cmdq": 1, "read": {"device_start": -1, "device_end": -1}}, "FFC_sans_bias15": {"write": {"device_start": -1, "host_queued_start": 1585405797.703876, "device_queued": -1, "device_end": -1, "host_queued_end": 1585405797.717823}, "device": "cpu", "nd_range": {"device_start": 2073572.4811781112, "device_end": 2073572.553400373}, "cmdq": 1, "read": {"device_start": -1, "device_end": -1}}, "FFC_sans_bias31": {"write": {"device_start": -1, "host_queued_start": 1585405797.702002, "device_queued": -1, "device_end": -1, "host_queued_end": 1585405797.717823}, "device": "cpu", "nd_range": {"device_start": 2073572.3923614842, "device_end": 2073572.4706132452}, "cmdq": 1, "read": {"device_start": -1, "device_end": -1}}, "FFC_sans_bias16": {"write": {"device_start": -1, "host_queued_start": 1585405797.711056, "device_queued": -1, "device_end": -1, "host_queued_end": 1585405797.717823}, "device": "cpu", "nd_range": {"device_start": 2073572.6400174792, "device_end": 2073572.7092897012}, "cmdq": 1, "read": {"device_start": -1, "device_end": -1}}, "FFC_sans_bias19": {"write": {"device_start": -1, "host_queued_start": 1585405797.685723, "device_queued": -1, "device_end": -1, "host_queued_end": 1585405797.717823}, "device": "cpu", "nd_range": {"device_start": 2073572.095007253, "device_end": 2073572.175289266}, "cmdq": 1, "read": {"device_start": -1, "device_end": -1}}, "FFC_sans_bias18": {"write": {"device_start": -1, "host_queued_start": 1585405797.68243, "device_queued": -1, "device_end": -1, "host_queued_end": 1585405797.717823}, "device": "cpu", "nd_range": {"device_start": 2073572.138602893, "device_end": 2073572.2082315632}, "cmdq": 0, "read": {"device_start": -1, "device_end": -1}}, "coalesced_transpose30": {"write": {"device_start": -1, "host_queued_start": 1585405797.700447, "device_queued": -1, "device_end": -1, "host_queued_end": 1585405797.717823}, "device": "cpu", "nd_range": {"device_start": 2073572.3386160661, "device_end": 2073572.339324579}, "cmdq": 1, "read": {"device_start": -1, "device_end": -1}}, "FFC_sans_bias69": {"write": {"device_start": -1, "host_queued_start": 1585405797.632699, "device_queued": -1, "device_end": -1, "host_queued_end": 1585405797.646011}, "device": "gpu", "nd_range": {"device_start": 1585405737.5159016, "device_end": 1585405737.5225937}, "cmdq": 1, "read": {"device_start": -1, "device_end": -1}}, "FFC_sans_bias38": {"write": {"device_start": 1585405737.4629312, "host_queued_start": 1585405797.597854, "device_queued": 1585405737.4626887, "device_end": 1585405737.4631882, "host_queued_end": 1585405797.646011}, "device": "gpu", "nd_range": {"device_start": 1585405737.4637277, "device_end": 1585405737.4721982}, "cmdq": 1, "read": {"device_start": -1, "device_end": -1}}, "coalesced_transpose57": {"write": {"device_start": -1, "host_queued_start": 1585405797.628837, "device_queued": -1, "device_end": -1, "host_queued_end": 1585405797.646011}, "device": "gpu", "nd_range": {"device_start": 1585405737.4949796, "device_end": 1585405737.501326}, "cmdq": 3, "read": {"device_start": -1, "device_end": -1}}, "empty26": {"write": {"device_start": -1, "host_queued_start": 1585405797.655941, "device_queued": -1, "device_end": -1, "host_queued_end": 1585405797.717823}, "device": "cpu", "nd_range": {"device_start": 2073571.90745382, "device_end": 2073571.9074550022}, "cmdq": 0, "read": {"device_start": -1, "device_end": -1}}, "coalesced_transpose12": {"write": {"device_start": -1, "host_queued_start": 1585405797.699775, "device_queued": -1, "device_end": -1, "host_queued_end": 1585405797.717823}, "device": "cpu", "nd_range": {"device_start": 2073572.314011496, "device_end": 2073572.3151866791}, "cmdq": 1, "read": {"device_start": -1, "device_end": -1}}, "empty44": {"write": {"device_start": 1585405737.460849, "host_queued_start": 1585405797.57959, "device_queued": 1585405737.460508, "device_end": 1585405737.461056, "host_queued_end": 1585405797.646011}, "device": "gpu", "nd_range": {"device_start": 1585405737.461065, "device_end": 1585405737.46107}, "cmdq": 0, "read": {"device_start": -1, "device_end": -1}}, "coalesced_transpose21": {"write": {"device_start": -1, "host_queued_start": 1585405797.700115, "device_queued": -1, "device_end": -1, "host_queued_end": 1585405797.717823}, "device": "cpu", "nd_range": {"device_start": 2073572.3470573532, "device_end": 2073572.3481544182}, "cmdq": 0, "read": {"device_start": -1, "device_end": -1}}, "FFC_sans_bias36": {"write": {"device_start": 1585405737.4621716, "host_queued_start": 1585405797.591142, "device_queued": 1585405737.4618366, "device_end": 1585405737.4622695, "host_queued_end": 1585405797.646011}, "device": "gpu", "nd_range": {"device_start": 1585405737.4622743, "device_end": 1585405737.4656277}, "cmdq": 4, "read": {"device_start": -1, "device_end": -1}}, "softmax14": {"write": {"device_start": -1, "host_queued_start": 1585405797.702609, "device_queued": -1, "device_end": -1, "host_queued_end": 1585405797.717823}, "device": "cpu", "nd_range": {"device_start": 2073572.470628652, "device_end": 2073572.4804313362}, "cmdq": 1, "read": {"device_start": -1, "device_end": -1}}, "FFC_sans_bias13": {"write": {"device_start": -1, "host_queued_start": 1585405797.701156, "device_queued": -1, "device_end": -1, "host_queued_end": 1585405797.717823}, "device": "cpu", "nd_range": {"device_start": 2073572.339348609, "device_end": 2073572.3923457102}, "cmdq": 1, "read": {"device_start": -1, "device_end": -1}}, "empty8": {"write": {"device_start": -1, "host_queued_start": 1585405797.650224, "device_queued": -1, "device_end": -1, "host_queued_end": 1585405797.717823}, "device": "cpu", "nd_range": {"device_start": 2073571.9074167332, "device_end": 2073571.9074306202}, "cmdq": 0, "read": {"device_start": -1, "device_end": -1}}, "FFC_sans_bias42": {"write": {"device_start": -1, "host_queued_start": 1585405797.631756, "device_queued": -1, "device_end": -1, "host_queued_end": 1585405797.646011}, "device": "gpu", "nd_range": {"device_start": 1585405737.5159109, "device_end": 1585405737.52582}, "cmdq": 3, "read": {"device_start": -1, "device_end": -1}}, "FFC_sans_bias43": {"write": {"device_start": 1585405737.515336, "host_queued_start": 1585405797.635963, "device_queued": 1585405737.4674726, "device_end": 1585405737.5154393, "host_queued_end": 1585405797.646011}, "device": "gpu", "nd_range": {"device_start": 1585405737.5258317, "device_end": 1585405737.532311}, "cmdq": 2, "read": {"device_start": 1585405737.5323153, "device_end": 1585405737.532479}}, "FFC_sans_bias40": {"write": {"device_start": -1, "host_queued_start": 1585405797.629471, "device_queued": -1, "device_end": -1, "host_queued_end": 1585405797.646011}, "device": "gpu", "nd_range": {"device_start": 1585405737.5014586, "device_end": 1585405737.5048342}, "cmdq": 0, "read": {"device_start": -1, "device_end": -1}}, "softmax32": {"write": {"device_start": -1, "host_queued_start": 1585405797.703178, "device_queued": -1, "device_end": -1, "host_queued_end": 1585405797.717823}, "device": "cpu", "nd_range": {"device_start": 2073572.4805931572, "device_end": 2073572.481171061}, "cmdq": 1, "read": {"device_start": -1, "device_end": -1}}, "FFC_sans_bias47": {"write": {"device_start": 1585405737.4659193, "host_queued_start": 1585405797.608053, "device_queued": 1585405737.4635568, "device_end": 1585405737.4660196, "host_queued_end": 1585405797.646011}, "device": "gpu", "nd_range": {"device_start": 1585405737.4660244, "device_end": 1585405737.4819272}, "cmdq": 4, "read": {"device_start": -1, "device_end": -1}}, "FFC_sans_bias45": {"write": {"device_start": 1585405737.463237, "host_queued_start": 1585405797.601194, "device_queued": 1585405737.4628272, "device_end": 1585405737.4635386, "host_queued_end": 1585405797.646011}, "device": "gpu", "nd_range": {"device_start": 1585405737.4638433, "device_end": 1585405737.4754026}, "cmdq": 2, "read": {"device_start": -1, "device_end": -1}}, "softmax50": {"write": {"device_start": -1, "host_queued_start": 1585405797.630939, "device_queued": -1, "device_end": -1, "host_queued_end": 1585405797.646011}, "device": "gpu", "nd_range": {"device_start": 1585405737.508182, "device_end": 1585405737.5158868}, "cmdq": 0, "read": {"device_start": -1, "device_end": -1}}, "FFC_sans_bias33": {"write": {"device_start": -1, "host_queued_start": 1585405797.704568, "device_queued": -1, "device_end": -1, "host_queued_end": 1585405797.717823}, "device": "cpu", "nd_range": {"device_start": 2073572.553604121, "device_end": 2073572.627505447}, "cmdq": 1, "read": {"device_start": -1, "device_end": -1}}, "FFC_sans_bias63": {"write": {"device_start": 1585405737.4855306, "host_queued_start": 1585405797.627863, "device_queued": 1585405737.4653647, "device_end": 1585405737.485633, "host_queued_end": 1585405797.646011}, "device": "gpu", "nd_range": {"device_start": 1585405737.4856384, "device_end": 1585405737.5014505}, "cmdq": 0, "read": {"device_start": -1, "device_end": -1}}, "FFC_sans_bias49": {"write": {"device_start": -1, "host_queued_start": 1585405797.629787, "device_queued": -1, "device_end": -1, "host_queued_end": 1585405797.646011}, "device": "gpu", "nd_range": {"device_start": 1585405737.5014699, "device_end": 1585405737.5081728}, "cmdq": 1, "read": {"device_start": -1, "device_end": -1}}, "FFC_sans_bias64": {"write": {"device_start": 1585405737.4790285, "host_queued_start": 1585405797.621278, "device_queued": 1585405737.4646785, "device_end": 1585405737.479132, "host_queued_end": 1585405797.646011}, "device": "gpu", "nd_range": {"device_start": 1585405737.479141, "device_end": 1585405737.494972}, "cmdq": 3, "read": {"device_start": -1, "device_end": -1}}, "FFC_sans_bias65": {"write": {"device_start": 1585405737.482282, "host_queued_start": 1585405797.624595, "device_queued": 1585405737.464805, "device_end": 1585405737.4823923, "host_queued_end": 1585405797.646011}, "device": "gpu", "nd_range": {"device_start": 1585405737.4824028, "device_end": 1585405737.4982257}, "cmdq": 4, "read": {"device_start": -1, "device_end": -1}}, "FFC_sans_bias67": {"write": {"device_start": -1, "host_queued_start": 1585405797.630429, "device_queued": -1, "device_end": -1, "host_queued_end": 1585405797.646011}, "device": "gpu", "nd_range": {"device_start": 1585405737.501489, "device_end": 1585405737.5145576}, "cmdq": 3, "read": {"device_start": -1, "device_end": -1}}, "FFC_sans_bias24": {"write": {"device_start": -1, "host_queued_start": 1585405797.704223, "device_queued": -1, "device_end": -1, "host_queued_end": 1585405797.717823}, "device": "cpu", "nd_range": {"device_start": 2073572.5745327151, "device_end": 2073572.664208315}, "cmdq": 0, "read": {"device_start": -1, "device_end": -1}}, "FFC_sans_bias25": {"write": {"device_start": -1, "host_queued_start": 1585405797.714422, "device_queued": -1, "device_end": -1, "host_queued_end": 1585405797.717823}, "device": "cpu", "nd_range": {"device_start": 2073572.7432384922, "device_end": 2073572.814039492}, "cmdq": 0, "read": {"device_start": -1, "device_end": -1}}, "FFC_sans_bias27": {"write": {"device_start": -1, "host_queued_start": 1585405797.69232, "device_queued": -1, "device_end": -1, "host_queued_end": 1585405797.717823}, "device": "cpu", "nd_range": {"device_start": 2073572.175306542, "device_end": 2073572.2434609092}, "cmdq": 1, "read": {"device_start": -1, "device_end": -1}}, "FFC_sans_bias20": {"write": {"device_start": -1, "host_queued_start": 1585405797.689025, "device_queued": -1, "device_end": -1, "host_queued_end": 1585405797.717823}, "device": "cpu", "nd_range": {"device_start": 2073572.2082480802, "device_end": 2073572.298291468}, "cmdq": 0, "read": {"device_start": -1, "device_end": -1}}, "FFC_sans_bias22": {"write": {"device_start": -1, "host_queued_start": 1585405797.701635, "device_queued": -1, "device_end": -1, "host_queued_end": 1585405797.717823}, "device": "cpu", "nd_range": {"device_start": 2073572.4130797682, "device_end": 2073572.481170264}, "cmdq": 0, "read": {"device_start": -1, "device_end": -1}}, "softmax68": {"write": {"device_start": -1, "host_queued_start": 1585405797.631443, "device_queued": -1, "device_end": -1, "host_queued_end": 1585405797.646011}, "device": "gpu", "nd_range": {"device_start": 1585405737.5145676, "device_end": 1585405737.5149791}, "cmdq": 2, "read": {"device_start": -1, "device_end": -1}}, "softmax5": {"write": {"device_start": -1, "host_queued_start": 1585405797.702317, "device_queued": -1, "device_end": -1, "host_queued_end": 1585405797.717823}, "device": "cpu", "nd_range": {"device_start": 2073572.4811779691, "device_end": 2073572.4821630951}, "cmdq": 0, "read": {"device_start": -1, "device_end": -1}}, "FFC_sans_bias28": {"write": {"device_start": -1, "host_queued_start": 1585405797.695623, "device_queued": -1, "device_end": -1, "host_queued_end": 1585405797.717823}, "device": "cpu", "nd_range": {"device_start": 2073572.2983130692, "device_end": 2073572.338605243}, "cmdq": 0, "read": {"device_start": -1, "device_end": -1}}, "FFC_sans_bias29": {"write": {"device_start": -1, "host_queued_start": 1585405797.698969, "device_queued": -1, "device_end": -1, "host_queued_end": 1585405797.717823}, "device": "cpu", "nd_range": {"device_start": 2073572.243701464, "device_end": 2073572.313996307}, "cmdq": 1, "read": {"device_start": -1, "device_end": -1}}, "empty17": {"write": {"device_start": -1, "host_queued_start": 1585405797.653109, "device_queued": -1, "device_end": -1, "host_queued_end": 1585405797.717823}, "device": "cpu", "nd_range": {"device_start": 2073571.9074229852, "device_end": 2073571.9074305762}, "cmdq": 1, "read": {"device_start": -1, "device_end": -1}}, "softmax59": {"write": {"device_start": -1, "host_queued_start": 1585405797.631194, "device_queued": -1, "device_end": -1, "host_queued_end": 1585405797.646011}, "device": "gpu", "nd_range": {"device_start": 1585405737.5114782, "device_end": 1585405737.515117}, "cmdq": 1, "read": {"device_start": -1, "device_end": -1}}, "empty71": {"write": {"device_start": 1585405737.4618502, "host_queued_start": 1585405797.588307, "device_queued": 1585405737.461471, "device_end": 1585405737.4621387, "host_queued_end": 1585405797.646011}, "device": "gpu", "nd_range": {"device_start": 1585405737.462142, "device_end": 1585405737.4621468}, "cmdq": 3, "read": {"device_start": -1, "device_end": -1}}, "empty35": {"write": {"device_start": -1, "host_queued_start": 1585405797.658832, "device_queued": -1, "device_end": -1, "host_queued_end": 1585405797.717823}, "device": "cpu", "nd_range": {"device_start": 2073571.907454014, "device_end": 2073571.907454983}, "cmdq": 1, "read": {"device_start": -1, "device_end": -1}}, "empty53": {"write": {"device_start": 1585405737.461199, "host_queued_start": 1585405797.583006, "device_queued": 1585405737.4608357, "device_end": 1585405737.4614477, "host_queued_end": 1585405797.646011}, "device": "gpu", "nd_range": {"device_start": 1585405737.4619071, "device_end": 1585405737.4619794}, "cmdq": 1, "read": {"device_start": -1, "device_end": -1}}, "FFC_sans_bias46": {"write": {"device_start": 1585405737.4635785, "host_queued_start": 1585405797.604553, "device_queued": 1585405737.463204, "device_end": 1585405737.4637005, "host_queued_end": 1585405797.646011}, "device": "gpu", "nd_range": {"device_start": 1585405737.4639578, "device_end": 1585405737.478699}, "cmdq": 3, "read": {"device_start": -1, "device_end": -1}}, "coalesced_transpose66": {"write": {"device_start": -1, "host_queued_start": 1585405797.629142, "device_queued": -1, "device_end": -1, "host_queued_end": 1585405797.646011}, "device": "gpu", "nd_range": {"device_start": 1585405737.4982336, "device_end": 1585405737.5013402}, "cmdq": 4, "read": {"device_start": -1, "device_end": -1}}, "coalesced_transpose48": {"write": {"device_start": -1, "host_queued_start": 1585405797.628527, "device_queued": -1, "device_end": -1, "host_queued_end": 1585405797.646011}, "device": "gpu", "nd_range": {"device_start": 1585405737.4917188, "device_end": 1585405737.5012977}, "cmdq": 2, "read": {"device_start": -1, "device_end": -1}}}