{"FFC_sans_bias60": {"write": {"device_start": -1, "host_queued_start": 1585405250.875269, "device_queued": -1, "device_end": -1, "host_queued_end": 1585405250.901923}, "device": "gpu", "nd_range": {"device_start": 1585405190.862472, "device_end": 1585405190.869137}, "cmdq": 0, "read": {"device_start": -1, "device_end": -1}}, "FFC_sans_bias4": {"write": {"device_start": -1, "host_queued_start": 1585405250.868605, "device_queued": -1, "device_end": -1, "host_queued_end": 1585405250.901923}, "device": "gpu", "nd_range": {"device_start": 1585405190.8124478, "device_end": 1585405190.8158007}, "cmdq": 0, "read": {"device_start": -1, "device_end": -1}}, "FFC_sans_bias7": {"write": {"device_start": 1585405190.8693805, "host_queued_start": 1585405250.878814, "device_queued": 1585405190.7435884, "device_end": 1585405190.8694756, "host_queued_end": 1585405250.901923}, "device": "gpu", "nd_range": {"device_start": 1585405190.869545, "device_end": 1585405190.8761823}, "cmdq": 0, "read": {"device_start": 1585405190.8761914, "device_end": 1585405190.8762836}}, "FFC_sans_bias6": {"write": {"device_start": -1, "host_queued_start": 1585405250.873243, "device_queued": -1, "device_end": -1, "host_queued_end": 1585405250.901923}, "device": "gpu", "nd_range": {"device_start": 1585405190.8412616, "device_end": 1585405190.848321}, "cmdq": 0, "read": {"device_start": -1, "device_end": -1}}, "FFC_sans_bias1": {"write": {"device_start": 1585405190.7344055, "host_queued_start": 1585405250.793015, "device_queued": 1585405190.7341743, "device_end": 1585405190.7345018, "host_queued_end": 1585405250.901923}, "device": "gpu", "nd_range": {"device_start": 1585405190.7345052, "device_end": 1585405190.7408266}, "cmdq": 1, "read": {"device_start": -1, "device_end": -1}}, "FFC_sans_bias0": {"write": {"device_start": 1585405190.7340593, "host_queued_start": 1585405250.789638, "device_queued": 1585405190.733753, "device_end": 1585405190.7341518, "host_queued_end": 1585405250.901923}, "device": "gpu", "nd_range": {"device_start": 1585405190.7341552, "device_end": 1585405190.737513}, "cmdq": 0, "read": {"device_start": -1, "device_end": -1}}, "FFC_sans_bias2": {"write": {"device_start": 1585405190.737788, "host_queued_start": 1585405250.796356, "device_queued": 1585405190.7345111, "device_end": 1585405190.7378857, "host_queued_end": 1585405250.901923}, "device": "gpu", "nd_range": {"device_start": 1585405190.7378888, "device_end": 1585405190.7440712}, "cmdq": 0, "read": {"device_start": -1, "device_end": -1}}, "FFC_sans_bias61": {"write": {"device_start": 1585405190.8905344, "host_queued_start": 1585405250.898547, "device_queued": 1585405190.7454429, "device_end": 1585405190.89063, "host_queued_end": 1585405250.901923}, "device": "gpu", "nd_range": {"device_start": 1585405190.8907368, "device_end": 1585405190.8970428}, "cmdq": 0, "read": {"device_start": 1585405190.8970468, "device_end": 1585405190.8971605}}, "FFC_sans_bias52": {"write": {"device_start": 1585405190.8803282, "host_queued_start": 1585405250.895276, "device_queued": 1585405190.7451408, "device_end": 1585405190.8804255, "host_queued_end": 1585405250.901923}, "device": "gpu", "nd_range": {"device_start": 1585405190.880428, "device_end": 1585405190.8864956}, "cmdq": 1, "read": {"device_start": 1585405190.8865032, "device_end": 1585405190.8865936}}, "FFC_sans_bias9": {"write": {"device_start": 1585405190.7411277, "host_queued_start": 1585405250.799684, "device_queued": 1585405190.734739, "device_end": 1585405190.741238, "host_queued_end": 1585405250.901923}, "device": "gpu", "nd_range": {"device_start": 1585405190.741242, "device_end": 1585405190.7473035}, "cmdq": 1, "read": {"device_start": -1, "device_end": -1}}, "coalesced_transpose39": {"write": {"device_start": -1, "host_queued_start": 1585405250.867367, "device_queued": -1, "device_end": -1, "host_queued_end": 1585405250.901923}, "device": "gpu", "nd_range": {"device_start": 1585405190.8123906, "device_end": 1585405190.812417}, "cmdq": 0, "read": {"device_start": -1, "device_end": -1}}, "FFC_sans_bias55": {"write": {"device_start": 1585405190.7965627, "host_queued_start": 1585405250.855857, "device_queued": 1585405190.7388544, "device_end": 1585405190.7966628, "host_queued_end": 1585405250.901923}, "device": "gpu", "nd_range": {"device_start": 1585405190.7966697, "device_end": 1585405190.8027728}, "cmdq": 0, "read": {"device_start": -1, "device_end": -1}}, "FFC_sans_bias54": {"write": {"device_start": 1585405190.7932897, "host_queued_start": 1585405250.852554, "device_queued": 1585405190.7386236, "device_end": 1585405190.7933888, "host_queued_end": 1585405250.901923}, "device": "gpu", "nd_range": {"device_start": 1585405190.7933936, "device_end": 1585405190.799515}, "cmdq": 1, "read": {"device_start": -1, "device_end": -1}}, "FFC_sans_bias56": {"write": {"device_start": 1585405190.7900393, "host_queued_start": 1585405250.849265, "device_queued": 1585405190.7383907, "device_end": 1585405190.7901397, "host_queued_end": 1585405250.901923}, "device": "gpu", "nd_range": {"device_start": 1585405190.7901437, "device_end": 1585405190.7962525}, "cmdq": 0, "read": {"device_start": -1, "device_end": -1}}, "FFC_sans_bias51": {"write": {"device_start": -1, "host_queued_start": 1585405250.874949, "device_queued": -1, "device_end": -1, "host_queued_end": 1585405250.901923}, "device": "gpu", "nd_range": {"device_start": 1585405190.851833, "device_end": 1585405190.8588963}, "cmdq": 1, "read": {"device_start": -1, "device_end": -1}}, "softmax23": {"write": {"device_start": -1, "host_queued_start": 1585405250.87166, "device_queued": -1, "device_end": -1, "host_queued_end": 1585405250.901923}, "device": "gpu", "nd_range": {"device_start": 1585405190.8399239, "device_end": 1585405190.8403466}, "cmdq": 0, "read": {"device_start": -1, "device_end": -1}}, "FFC_sans_bias37": {"write": {"device_start": 1585405190.7737498, "host_queued_start": 1585405250.832888, "device_queued": 1585405190.7370155, "device_end": 1585405190.7738488, "host_queued_end": 1585405250.901923}, "device": "gpu", "nd_range": {"device_start": 1585405190.7738535, "device_end": 1585405190.7799487}, "cmdq": 1, "read": {"device_start": -1, "device_end": -1}}, "empty62": {"write": {"device_start": 1585405190.733482, "host_queued_start": 1585405250.784244, "device_queued": 1585405190.733146, "device_end": 1585405190.7337327, "host_queued_end": 1585405250.901923}, "device": "gpu", "nd_range": {"device_start": 1585405190.733739, "device_end": 1585405190.733744}, "cmdq": 0, "read": {"device_start": -1, "device_end": -1}}, "FFC_sans_bias70": {"write": {"device_start": 1585405190.8870366, "host_queued_start": 1585405250.901802, "device_queued": 1585405190.7456937, "device_end": 1585405190.8871346, "host_queued_end": 1585405250.901923}, "device": "gpu", "nd_range": {"device_start": 1585405190.8871372, "device_end": 1585405190.893559}, "cmdq": 1, "read": {"device_start": 1585405190.8935635, "device_end": 1585405190.8936486}}, "FFC_sans_bias58": {"write": {"device_start": -1, "host_queued_start": 1585405250.87054, "device_queued": -1, "device_end": -1, "host_queued_end": 1585405250.901923}, "device": "gpu", "nd_range": {"device_start": 1585405190.8289003, "device_end": 1585405190.8358693}, "cmdq": 0, "read": {"device_start": -1, "device_end": -1}}, "softmax41": {"write": {"device_start": -1, "host_queued_start": 1585405250.872168, "device_queued": -1, "device_end": -1, "host_queued_end": 1585405250.901923}, "device": "gpu", "nd_range": {"device_start": 1585405190.8403482, "device_end": 1585405190.840764}, "cmdq": 0, "read": {"device_start": -1, "device_end": -1}}, "FFC_sans_bias11": {"write": {"device_start": 1585405190.7476158, "host_queued_start": 1585405250.806542, "device_queued": 1585405190.7351947, "device_end": 1585405190.747716, "host_queued_end": 1585405250.901923}, "device": "gpu", "nd_range": {"device_start": 1585405190.7477214, "device_end": 1585405190.753833}, "cmdq": 1, "read": {"device_start": -1, "device_end": -1}}, "FFC_sans_bias10": {"write": {"device_start": 1585405190.7444806, "host_queued_start": 1585405250.803256, "device_queued": 1585405190.734965, "device_end": 1585405190.7446115, "host_queued_end": 1585405250.901923}, "device": "gpu", "nd_range": {"device_start": 1585405190.7446172, "device_end": 1585405190.7506037}, "cmdq": 0, "read": {"device_start": -1, "device_end": -1}}, "coalesced_transpose3": {"write": {"device_start": -1, "host_queued_start": 1585405250.866106, "device_queued": -1, "device_end": -1, "host_queued_end": 1585405250.901923}, "device": "gpu", "nd_range": {"device_start": 1585405190.8092785, "device_end": 1585405190.8123374}, "cmdq": 0, "read": {"device_start": -1, "device_end": -1}}, "FFC_sans_bias34": {"write": {"device_start": 1585405190.8733041, "host_queued_start": 1585405250.888659, "device_queued": 1585405190.744489, "device_end": 1585405190.8734033, "host_queued_end": 1585405250.901923}, "device": "gpu", "nd_range": {"device_start": 1585405190.873408, "device_end": 1585405190.879765}, "cmdq": 1, "read": {"device_start": 1585405190.8797724, "device_end": 1585405190.8798654}}, "FFC_sans_bias15": {"write": {"device_start": -1, "host_queued_start": 1585405250.873649, "device_queued": -1, "device_end": -1, "host_queued_end": 1585405250.901923}, "device": "gpu", "nd_range": {"device_start": 1585405190.8412573, "device_end": 1585405190.8447642}, "cmdq": 1, "read": {"device_start": -1, "device_end": -1}}, "FFC_sans_bias31": {"write": {"device_start": -1, "host_queued_start": 1585405250.869571, "device_queued": -1, "device_end": -1, "host_queued_end": 1585405250.901923}, "device": "gpu", "nd_range": {"device_start": 1585405190.8191407, "device_end": 1585405190.8257782}, "cmdq": 1, "read": {"device_start": -1, "device_end": -1}}, "FFC_sans_bias16": {"write": {"device_start": 1585405190.865939, "host_queued_start": 1585405250.882119, "device_queued": 1585405190.743831, "device_end": 1585405190.8660376, "host_queued_end": 1585405250.901923}, "device": "gpu", "nd_range": {"device_start": 1585405190.866041, "device_end": 1585405190.872712}, "cmdq": 1, "read": {"device_start": 1585405190.872715, "device_end": 1585405190.8728101}}, "FFC_sans_bias19": {"write": {"device_start": 1585405190.7541494, "host_queued_start": 1585405250.813095, "device_queued": 1585405190.7356615, "device_end": 1585405190.7542498, "host_queued_end": 1585405250.901923}, "device": "gpu", "nd_range": {"device_start": 1585405190.7542562, "device_end": 1585405190.760357}, "cmdq": 1, "read": {"device_start": -1, "device_end": -1}}, "FFC_sans_bias18": {"write": {"device_start": 1585405190.7516012, "host_queued_start": 1585405250.809811, "device_queued": 1585405190.7354302, "device_end": 1585405190.751701, "host_queued_end": 1585405250.901923}, "device": "gpu", "nd_range": {"device_start": 1585405190.751707, "device_end": 1585405190.7570953}, "cmdq": 0, "read": {"device_start": -1, "device_end": -1}}, "coalesced_transpose30": {"write": {"device_start": -1, "host_queued_start": 1585405250.867056, "device_queued": -1, "device_end": -1, "host_queued_end": 1585405250.901923}, "device": "gpu", "nd_range": {"device_start": 1585405190.815655, "device_end": 1585405190.815701}, "cmdq": 1, "read": {"device_start": -1, "device_end": -1}}, "FFC_sans_bias69": {"write": {"device_start": -1, "host_queued_start": 1585405250.875592, "device_queued": -1, "device_end": -1, "host_queued_end": 1585405250.901923}, "device": "gpu", "nd_range": {"device_start": 1585405190.8588982, "device_end": 1585405190.8656404}, "cmdq": 1, "read": {"device_start": -1, "device_end": -1}}, "FFC_sans_bias38": {"write": {"device_start": 1585405190.7770123, "host_queued_start": 1585405250.836177, "device_queued": 1585405190.7372727, "device_end": 1585405190.7771122, "host_queued_end": 1585405250.901923}, "device": "gpu", "nd_range": {"device_start": 1585405190.7771184, "device_end": 1585405190.7832012}, "cmdq": 0, "read": {"device_start": -1, "device_end": -1}}, "coalesced_transpose57": {"write": {"device_start": -1, "host_queued_start": 1585405250.867974, "device_queued": -1, "device_end": -1, "host_queued_end": 1585405250.901923}, "device": "gpu", "nd_range": {"device_start": 1585405190.8124194, "device_end": 1585405190.8124466}, "cmdq": 0, "read": {"device_start": -1, "device_end": -1}}, "empty26": {"write": {"device_start": 1585405190.7322745, "host_queued_start": 1585405250.7738, "device_queued": 1585405190.7318988, "device_end": 1585405190.732521, "host_queued_end": 1585405250.901923}, "device": "gpu", "nd_range": {"device_start": 1585405190.7325249, "device_end": 1585405190.7325299}, "cmdq": 0, "read": {"device_start": -1, "device_end": -1}}, "coalesced_transpose12": {"write": {"device_start": -1, "host_queued_start": 1585405250.866424, "device_queued": -1, "device_end": -1, "host_queued_end": 1585405250.901923}, "device": "gpu", "nd_range": {"device_start": 1585405190.8125343, "device_end": 1585405190.8156464}, "cmdq": 1, "read": {"device_start": -1, "device_end": -1}}, "empty44": {"write": {"device_start": 1585405190.7328887, "host_queued_start": 1585405250.779025, "device_queued": 1585405190.732545, "device_end": 1585405190.7331245, "host_queued_end": 1585405250.901923}, "device": "gpu", "nd_range": {"device_start": 1585405190.733128, "device_end": 1585405190.7331328}, "cmdq": 0, "read": {"device_start": -1, "device_end": -1}}, "coalesced_transpose21": {"write": {"device_start": -1, "host_queued_start": 1585405250.866744, "device_queued": -1, "device_end": -1, "host_queued_end": 1585405250.901923}, "device": "gpu", "nd_range": {"device_start": 1585405190.8123431, "device_end": 1585405190.8123815}, "cmdq": 0, "read": {"device_start": -1, "device_end": -1}}, "FFC_sans_bias36": {"write": {"device_start": 1585405190.7704685, "host_queued_start": 1585405250.829626, "device_queued": 1585405190.7367992, "device_end": 1585405190.7705686, "host_queued_end": 1585405250.901923}, "device": "gpu", "nd_range": {"device_start": 1585405190.7705731, "device_end": 1585405190.7766955}, "cmdq": 0, "read": {"device_start": -1, "device_end": -1}}, "softmax14": {"write": {"device_start": -1, "host_queued_start": 1585405250.871405, "device_queued": -1, "device_end": -1, "host_queued_end": 1585405250.901923}, "device": "gpu", "nd_range": {"device_start": 1585405190.839207, "device_end": 1585405190.839918}, "cmdq": 1, "read": {"device_start": -1, "device_end": -1}}, "FFC_sans_bias13": {"write": {"device_start": -1, "host_queued_start": 1585405250.868935, "device_queued": -1, "device_end": -1, "host_queued_end": 1585405250.901923}, "device": "gpu", "nd_range": {"device_start": 1585405190.815779, "device_end": 1585405190.8191392}, "cmdq": 1, "read": {"device_start": -1, "device_end": -1}}, "empty8": {"write": {"device_start": 1585405190.7316058, "host_queued_start": 1585405250.767764, "device_queued": 1585405190.7312396, "device_end": 1585405190.7317116, "host_queued_end": 1585405250.901923}, "device": "gpu", "nd_range": {"device_start": 1585405190.7317152, "device_end": 1585405190.7317214}, "cmdq": 0, "read": {"device_start": -1, "device_end": -1}}, "FFC_sans_bias42": {"write": {"device_start": -1, "host_queued_start": 1585405250.874628, "device_queued": -1, "device_end": -1, "host_queued_end": 1585405250.901923}, "device": "gpu", "nd_range": {"device_start": 1585405190.855401, "device_end": 1585405190.862471}, "cmdq": 0, "read": {"device_start": -1, "device_end": -1}}, "FFC_sans_bias43": {"write": {"device_start": 1585405190.883797, "host_queued_start": 1585405250.891967, "device_queued": 1585405190.7448933, "device_end": 1585405190.8838952, "host_queued_end": 1585405250.901923}, "device": "gpu", "nd_range": {"device_start": 1585405190.8838987, "device_end": 1585405190.8899999}, "cmdq": 0, "read": {"device_start": 1585405190.8900056, "device_end": 1585405190.8900943}}, "FFC_sans_bias40": {"write": {"device_start": -1, "host_queued_start": 1585405250.869892, "device_queued": -1, "device_end": -1, "host_queued_end": 1585405250.901923}, "device": "gpu", "nd_range": {"device_start": 1585405190.8224785, "device_end": 1585405190.828899}, "cmdq": 0, "read": {"device_start": -1, "device_end": -1}}, "softmax32": {"write": {"device_start": -1, "host_queued_start": 1585405250.87191, "device_queued": -1, "device_end": -1, "host_queued_end": 1585405250.901923}, "device": "gpu", "nd_range": {"device_start": 1585405190.8399189, "device_end": 1585405190.8403378}, "cmdq": 1, "read": {"device_start": -1, "device_end": -1}}, "FFC_sans_bias47": {"write": {"device_start": 1585405190.7872677, "host_queued_start": 1585405250.846001, "device_queued": 1585405190.7381558, "device_end": 1585405190.787369, "host_queued_end": 1585405250.901923}, "device": "gpu", "nd_range": {"device_start": 1585405190.7873747, "device_end": 1585405190.7929716}, "cmdq": 1, "read": {"device_start": -1, "device_end": -1}}, "FFC_sans_bias45": {"write": {"device_start": 1585405190.7802658, "host_queued_start": 1585405250.839452, "device_queued": 1585405190.7374942, "device_end": 1585405190.7803657, "host_queued_end": 1585405250.901923}, "device": "gpu", "nd_range": {"device_start": 1585405190.7803693, "device_end": 1585405190.7864723}, "cmdq": 1, "read": {"device_start": -1, "device_end": -1}}, "softmax50": {"write": {"device_start": -1, "host_queued_start": 1585405250.872422, "device_queued": -1, "device_end": -1, "host_queued_end": 1585405250.901923}, "device": "gpu", "nd_range": {"device_start": 1585405190.8403392, "device_end": 1585405190.8407528}, "cmdq": 1, "read": {"device_start": -1, "device_end": -1}}, "FFC_sans_bias33": {"write": {"device_start": -1, "host_queued_start": 1585405250.874301, "device_queued": -1, "device_end": -1, "host_queued_end": 1585405250.901923}, "device": "gpu", "nd_range": {"device_start": 1585405190.8447654, "device_end": 1585405190.851832}, "cmdq": 1, "read": {"device_start": -1, "device_end": -1}}, "FFC_sans_bias63": {"write": {"device_start": 1585405190.8063385, "host_queued_start": 1585405250.865764, "device_queued": 1585405190.739571, "device_end": 1585405190.8064387, "host_queued_end": 1585405250.901923}, "device": "gpu", "nd_range": {"device_start": 1585405190.8064451, "device_end": 1585405190.8125305}, "cmdq": 1, "read": {"device_start": -1, "device_end": -1}}, "FFC_sans_bias49": {"write": {"device_start": -1, "host_queued_start": 1585405250.870218, "device_queued": -1, "device_end": -1, "host_queued_end": 1585405250.901923}, "device": "gpu", "nd_range": {"device_start": 1585405190.82578, "device_end": 1585405190.8324542}, "cmdq": 1, "read": {"device_start": -1, "device_end": -1}}, "FFC_sans_bias64": {"write": {"device_start": 1585405190.7998211, "host_queued_start": 1585405250.859176, "device_queued": 1585405190.7390873, "device_end": 1585405190.79992, "host_queued_end": 1585405250.901923}, "device": "gpu", "nd_range": {"device_start": 1585405190.7999258, "device_end": 1585405190.8060355}, "cmdq": 1, "read": {"device_start": -1, "device_end": -1}}, "FFC_sans_bias65": {"write": {"device_start": 1585405190.8030806, "host_queued_start": 1585405250.862475, "device_queued": 1585405190.7393308, "device_end": 1585405190.8031802, "host_queued_end": 1585405250.901923}, "device": "gpu", "nd_range": {"device_start": 1585405190.803186, "device_end": 1585405190.809276}, "cmdq": 0, "read": {"device_start": -1, "device_end": -1}}, "FFC_sans_bias67": {"write": {"device_start": -1, "host_queued_start": 1585405250.870887, "device_queued": -1, "device_end": -1, "host_queued_end": 1585405250.901923}, "device": "gpu", "nd_range": {"device_start": 1585405190.8324575, "device_end": 1585405190.8392048}, "cmdq": 1, "read": {"device_start": -1, "device_end": -1}}, "FFC_sans_bias24": {"write": {"device_start": -1, "host_queued_start": 1585405250.873973, "device_queued": -1, "device_end": -1, "host_queued_end": 1585405250.901923}, "device": "gpu", "nd_range": {"device_start": 1585405190.848322, "device_end": 1585405190.8554}, "cmdq": 0, "read": {"device_start": -1, "device_end": -1}}, "FFC_sans_bias25": {"write": {"device_start": 1585405190.876762, "host_queued_start": 1585405250.885406, "device_queued": 1585405190.7441509, "device_end": 1585405190.8768618, "host_queued_end": 1585405250.901923}, "device": "gpu", "nd_range": {"device_start": 1585405190.876865, "device_end": 1585405190.8832407}, "cmdq": 0, "read": {"device_start": 1585405190.883245, "device_end": 1585405190.8833377}}, "FFC_sans_bias27": {"write": {"device_start": 1585405190.7606754, "host_queued_start": 1585405250.819733, "device_queued": 1585405190.736117, "device_end": 1585405190.7607763, "host_queued_end": 1585405250.901923}, "device": "gpu", "nd_range": {"device_start": 1585405190.7607815, "device_end": 1585405190.7668874}, "cmdq": 1, "read": {"device_start": -1, "device_end": -1}}, "FFC_sans_bias20": {"write": {"device_start": 1585405190.75741, "host_queued_start": 1585405250.816439, "device_queued": 1585405190.7358873, "device_end": 1585405190.75751, "host_queued_end": 1585405250.901923}, "device": "gpu", "nd_range": {"device_start": 1585405190.7575154, "device_end": 1585405190.7636433}, "cmdq": 0, "read": {"device_start": -1, "device_end": -1}}, "FFC_sans_bias22": {"write": {"device_start": -1, "host_queued_start": 1585405250.869253, "device_queued": -1, "device_end": -1, "host_queued_end": 1585405250.901923}, "device": "gpu", "nd_range": {"device_start": 1585405190.815802, "device_end": 1585405190.8224769}, "cmdq": 0, "read": {"device_start": -1, "device_end": -1}}, "softmax68": {"write": {"device_start": -1, "host_queued_start": 1585405250.872926, "device_queued": -1, "device_end": -1, "host_queued_end": 1585405250.901923}, "device": "gpu", "nd_range": {"device_start": 1585405190.840754, "device_end": 1585405190.8412564}, "cmdq": 1, "read": {"device_start": -1, "device_end": -1}}, "softmax5": {"write": {"device_start": -1, "host_queued_start": 1585405250.871149, "device_queued": -1, "device_end": -1, "host_queued_end": 1585405250.901923}, "device": "gpu", "nd_range": {"device_start": 1585405190.8358707, "device_end": 1585405190.8399217}, "cmdq": 0, "read": {"device_start": -1, "device_end": -1}}, "FFC_sans_bias28": {"write": {"device_start": 1585405190.7639594, "host_queued_start": 1585405250.823054, "device_queued": 1585405190.736347, "device_end": 1585405190.76406, "host_queued_end": 1585405250.901923}, "device": "gpu", "nd_range": {"device_start": 1585405190.7640648, "device_end": 1585405190.770144}, "cmdq": 0, "read": {"device_start": -1, "device_end": -1}}, "FFC_sans_bias29": {"write": {"device_start": 1585405190.767201, "host_queued_start": 1585405250.826358, "device_queued": 1585405190.7365737, "device_end": 1585405190.7673004, "host_queued_end": 1585405250.901923}, "device": "gpu", "nd_range": {"device_start": 1585405190.7673054, "device_end": 1585405190.7734299}, "cmdq": 1, "read": {"device_start": -1, "device_end": -1}}, "empty17": {"write": {"device_start": 1585405190.7319548, "host_queued_start": 1585405250.77118, "device_queued": 1585405190.731639, "device_end": 1585405190.7321937, "host_queued_end": 1585405250.901923}, "device": "gpu", "nd_range": {"device_start": 1585405190.7321973, "device_end": 1585405190.7322032}, "cmdq": 1, "read": {"device_start": -1, "device_end": -1}}, "softmax59": {"write": {"device_start": -1, "host_queued_start": 1585405250.872675, "device_queued": -1, "device_end": -1, "host_queued_end": 1585405250.901923}, "device": "gpu", "nd_range": {"device_start": 1585405190.8407655, "device_end": 1585405190.8412607}, "cmdq": 0, "read": {"device_start": -1, "device_end": -1}}, "empty71": {"write": {"device_start": 1585405190.7337694, "host_queued_start": 1585405250.786855, "device_queued": 1585405190.73347, "device_end": 1585405190.7340088, "host_queued_end": 1585405250.901923}, "device": "gpu", "nd_range": {"device_start": 1585405190.7340162, "device_end": 1585405190.7340207}, "cmdq": 1, "read": {"device_start": -1, "device_end": -1}}, "empty35": {"write": {"device_start": 1585405190.7325847, "host_queued_start": 1585405250.776405, "device_queued": 1585405190.7322178, "device_end": 1585405190.7328405, "host_queued_end": 1585405250.901923}, "device": "gpu", "nd_range": {"device_start": 1585405190.7328446, "device_end": 1585405190.7328503}, "cmdq": 1, "read": {"device_start": -1, "device_end": -1}}, "empty53": {"write": {"device_start": 1585405190.7331903, "host_queued_start": 1585405250.781623, "device_queued": 1585405190.7328618, "device_end": 1585405190.73345, "host_queued_end": 1585405250.901923}, "device": "gpu", "nd_range": {"device_start": 1585405190.7334557, "device_end": 1585405190.733461}, "cmdq": 1, "read": {"device_start": -1, "device_end": -1}}, "FFC_sans_bias46": {"write": {"device_start": 1585405190.7835205, "host_queued_start": 1585405250.842743, "device_queued": 1585405190.7379057, "device_end": 1585405190.7836206, "host_queued_end": 1585405250.901923}, "device": "gpu", "nd_range": {"device_start": 1585405190.7836268, "device_end": 1585405190.7897322}, "cmdq": 0, "read": {"device_start": -1, "device_end": -1}}, "coalesced_transpose66": {"write": {"device_start": -1, "host_queued_start": 1585405250.868283, "device_queued": -1, "device_end": -1, "host_queued_end": 1585405250.901923}, "device": "gpu", "nd_range": {"device_start": 1585405190.8157525, "device_end": 1585405190.8157766}, "cmdq": 1, "read": {"device_start": -1, "device_end": -1}}, "coalesced_transpose48": {"write": {"device_start": -1, "host_queued_start": 1585405250.867666, "device_queued": -1, "device_end": -1, "host_queued_end": 1585405250.901923}, "device": "gpu", "nd_range": {"device_start": 1585405190.8157122, "device_end": 1585405190.8157508}, "cmdq": 1, "read": {"device_start": -1, "device_end": -1}}}