{"FFC_sans_bias60": {"write": {"device_start": -1, "host_queued_start": 1585405822.94696, "device_queued": -1, "device_end": -1, "host_queued_end": 1585405822.973509}, "device": "gpu", "nd_range": {"device_start": 1585405762.933029, "device_end": 1585405762.9540086}, "cmdq": 2, "read": {"device_start": -1, "device_end": -1}}, "FFC_sans_bias4": {"write": {"device_start": -1, "host_queued_start": 1585405822.940441, "device_queued": -1, "device_end": -1, "host_queued_end": 1585405822.973509}, "device": "gpu", "nd_range": {"device_start": 1585405762.889227, "device_end": 1585405762.893528}, "cmdq": 0, "read": {"device_start": -1, "device_end": -1}}, "FFC_sans_bias7": {"write": {"device_start": 1585405762.9460762, "host_queued_start": 1585405822.950471, "device_queued": 1585405762.8004196, "device_end": 1585405762.9461734, "host_queued_end": 1585405822.973509}, "device": "gpu", "nd_range": {"device_start": 1585405762.946332, "device_end": 1585405762.966821}, "cmdq": 4, "read": {"device_start": 1585405762.9668245, "device_end": 1585405762.966916}}, "FFC_sans_bias6": {"write": {"device_start": -1, "host_queued_start": 1585405822.945075, "device_queued": -1, "device_end": -1, "host_queued_end": 1585405822.973509}, "device": "gpu", "nd_range": {"device_start": 1585405762.9244683, "device_end": 1585405762.928791}, "cmdq": 1, "read": {"device_start": -1, "device_end": -1}}, "FFC_sans_bias1": {"write": {"device_start": 1585405762.7904787, "host_queued_start": 1585405822.865111, "device_queued": 1585405762.790172, "device_end": 1585405762.7905755, "host_queued_end": 1585405822.973509}, "device": "gpu", "nd_range": {"device_start": 1585405762.7906191, "device_end": 1585405762.7984197}, "cmdq": 4, "read": {"device_start": -1, "device_end": -1}}, "FFC_sans_bias0": {"write": {"device_start": 1585405762.7901897, "host_queued_start": 1585405822.861768, "device_queued": 1585405762.7898872, "device_end": 1585405762.7904449, "host_queued_end": 1585405822.973509}, "device": "gpu", "nd_range": {"device_start": 1585405762.790476, "device_end": 1585405762.7944605}, "cmdq": 3, "read": {"device_start": -1, "device_end": -1}}, "FFC_sans_bias2": {"write": {"device_start": 1585405762.7909398, "host_queued_start": 1585405822.868439, "device_queued": 1585405762.790715, "device_end": 1585405762.791036, "host_queued_end": 1585405822.973509}, "device": "gpu", "nd_range": {"device_start": 1585405762.7910385, "device_end": 1585405762.802371}, "cmdq": 0, "read": {"device_start": -1, "device_end": -1}}, "FFC_sans_bias61": {"write": {"device_start": 1585405762.9630332, "host_queued_start": 1585405822.970142, "device_queued": 1585405762.802477, "device_end": 1585405762.9631326, "host_queued_end": 1585405822.973509}, "device": "gpu", "nd_range": {"device_start": 1585405762.9631472, "device_end": 1585405762.9834647}, "cmdq": 0, "read": {"device_start": 1585405762.9892313, "device_end": 1585405762.9893265}}, "FFC_sans_bias52": {"write": {"device_start": 1585405762.9673629, "host_queued_start": 1585405822.966897, "device_queued": 1585405762.801944, "device_end": 1585405762.9674594, "host_queued_end": 1585405822.973509}, "device": "gpu", "nd_range": {"device_start": 1585405762.9674766, "device_end": 1585405762.9877765}, "cmdq": 4, "read": {"device_start": 1585405762.9877799, "device_end": 1585405762.9878805}}, "FFC_sans_bias9": {"write": {"device_start": 1585405762.791271, "host_queued_start": 1585405822.871925, "device_queued": 1585405762.7910461, "device_end": 1585405762.7915204, "host_queued_end": 1585405822.973509}, "device": "gpu", "nd_range": {"device_start": 1585405762.791822, "device_end": 1585405762.8060255}, "cmdq": 1, "read": {"device_start": -1, "device_end": -1}}, "coalesced_transpose39": {"write": {"device_start": -1, "host_queued_start": 1585405822.939203, "device_queued": -1, "device_end": -1, "host_queued_end": 1585405822.973509}, "device": "gpu", "nd_range": {"device_start": 1585405762.8894298, "device_end": 1585405762.8975756}, "cmdq": 1, "read": {"device_start": -1, "device_end": -1}}, "FFC_sans_bias55": {"write": {"device_start": 1585405762.855984, "host_queued_start": 1585405822.927841, "device_queued": 1585405762.7954717, "device_end": 1585405762.856088, "host_queued_end": 1585405822.973509}, "device": "gpu", "nd_range": {"device_start": 1585405762.8560917, "device_end": 1585405762.876625}, "cmdq": 3, "read": {"device_start": -1, "device_end": -1}}, "FFC_sans_bias54": {"write": {"device_start": 1585405762.8517413, "host_queued_start": 1585405822.924583, "device_queued": 1585405762.7953365, "device_end": 1585405762.8518448, "host_queued_end": 1585405822.973509}, "device": "gpu", "nd_range": {"device_start": 1585405762.8518567, "device_end": 1585405762.8727474}, "cmdq": 2, "read": {"device_start": -1, "device_end": -1}}, "FFC_sans_bias56": {"write": {"device_start": 1585405762.8474054, "host_queued_start": 1585405822.921312, "device_queued": 1585405762.7951853, "device_end": 1585405762.847503, "host_queued_end": 1585405822.973509}, "device": "gpu", "nd_range": {"device_start": 1585405762.847622, "device_end": 1585405762.8685358}, "cmdq": 1, "read": {"device_start": -1, "device_end": -1}}, "FFC_sans_bias51": {"write": {"device_start": -1, "host_queued_start": 1585405822.946646, "device_queued": -1, "device_end": -1, "host_queued_end": 1585405822.973509}, "device": "gpu", "nd_range": {"device_start": 1585405762.9288056, "device_end": 1585405762.9501643}, "cmdq": 1, "read": {"device_start": -1, "device_end": -1}}, "softmax23": {"write": {"device_start": -1, "host_queued_start": 1585405822.943476, "device_queued": -1, "device_end": -1, "host_queued_end": 1585405822.973509}, "device": "gpu", "nd_range": {"device_start": 1585405762.9065413, "device_end": 1585405762.919414}, "cmdq": 0, "read": {"device_start": -1, "device_end": -1}}, "FFC_sans_bias37": {"write": {"device_start": 1585405762.8264818, "host_queued_start": 1585405822.904865, "device_queued": 1585405762.793702, "device_end": 1585405762.826587, "host_queued_end": 1585405822.973509}, "device": "gpu", "nd_range": {"device_start": 1585405762.8265955, "device_end": 1585405762.8471386}, "cmdq": 1, "read": {"device_start": -1, "device_end": -1}}, "empty62": {"write": {"device_start": 1585405762.789607, "host_queued_start": 1585405822.856319, "device_queued": 1585405762.7892923, "device_end": 1585405762.7898502, "host_queued_end": 1585405822.973509}, "device": "gpu", "nd_range": {"device_start": 1585405762.790224, "device_end": 1585405762.79028}, "cmdq": 1, "read": {"device_start": -1, "device_end": -1}}, "FFC_sans_bias70": {"write": {"device_start": 1585405762.975787, "host_queued_start": 1585405822.973403, "device_queued": 1585405762.802866, "device_end": 1585405762.975887, "host_queued_end": 1585405822.973509}, "device": "gpu", "nd_range": {"device_start": 1585405762.975901, "device_end": 1585405762.991961}, "cmdq": 1, "read": {"device_start": 1585405762.9919653, "device_end": 1585405762.992075}}, "FFC_sans_bias58": {"write": {"device_start": -1, "host_queued_start": 1585405822.942402, "device_queued": -1, "device_end": -1, "host_queued_end": 1585405822.973509}, "device": "gpu", "nd_range": {"device_start": 1585405762.9108853, "device_end": 1585405762.9232662}, "cmdq": 1, "read": {"device_start": -1, "device_end": -1}}, "softmax41": {"write": {"device_start": -1, "host_queued_start": 1585405822.943972, "device_queued": -1, "device_end": -1, "host_queued_end": 1585405822.973509}, "device": "gpu", "nd_range": {"device_start": 1585405762.918976, "device_end": 1585405762.9244716}, "cmdq": 2, "read": {"device_start": -1, "device_end": -1}}, "FFC_sans_bias11": {"write": {"device_start": 1585405762.7947822, "host_queued_start": 1585405822.878559, "device_queued": 1585405762.791534, "device_end": 1585405762.7948754, "host_queued_end": 1585405822.973509}, "device": "gpu", "nd_range": {"device_start": 1585405762.794889, "device_end": 1585405762.8138566}, "cmdq": 3, "read": {"device_start": -1, "device_end": -1}}, "FFC_sans_bias10": {"write": {"device_start": 1585405762.7915485, "host_queued_start": 1585405822.875228, "device_queued": 1585405762.7911735, "device_end": 1585405762.7916448, "host_queued_end": 1585405822.973509}, "device": "gpu", "nd_range": {"device_start": 1585405762.7919402, "device_end": 1585405762.80993}, "cmdq": 2, "read": {"device_start": -1, "device_end": -1}}, "coalesced_transpose3": {"write": {"device_start": -1, "host_queued_start": 1585405822.937967, "device_queued": -1, "device_end": -1, "host_queued_end": 1585405822.973509}, "device": "gpu", "nd_range": {"device_start": 1585405762.8727484, "device_end": 1585405762.889079}, "cmdq": 2, "read": {"device_start": -1, "device_end": -1}}, "FFC_sans_bias34": {"write": {"device_start": 1585405762.9545999, "host_queued_start": 1585405822.960271, "device_queued": 1585405762.801186, "device_end": 1585405762.954702, "host_queued_end": 1585405822.973509}, "device": "gpu", "nd_range": {"device_start": 1585405762.9547307, "device_end": 1585405762.9710548}, "cmdq": 2, "read": {"device_start": 1585405762.971062, "device_end": 1585405762.9711492}}, "FFC_sans_bias15": {"write": {"device_start": -1, "host_queued_start": 1585405822.945389, "device_queued": -1, "device_end": -1, "host_queued_end": 1585405822.973509}, "device": "gpu", "nd_range": {"device_start": 1585405762.9244857, "device_end": 1585405762.9330146}, "cmdq": 2, "read": {"device_start": -1, "device_end": -1}}, "FFC_sans_bias31": {"write": {"device_start": -1, "host_queued_start": 1585405822.941423, "device_queued": -1, "device_end": -1, "host_queued_end": 1585405822.973509}, "device": "gpu", "nd_range": {"device_start": 1585405762.88945, "device_end": 1585405762.9023073}, "cmdq": 3, "read": {"device_start": -1, "device_end": -1}}, "FFC_sans_bias16": {"write": {"device_start": 1585405762.941828, "host_queued_start": 1585405822.95374, "device_queued": 1585405762.801032, "device_end": 1585405762.9419281, "host_queued_end": 1585405822.973509}, "device": "gpu", "nd_range": {"device_start": 1585405762.9419436, "device_end": 1585405762.9624894}, "cmdq": 0, "read": {"device_start": 1585405762.9624956, "device_end": 1585405762.9625876}}, "FFC_sans_bias19": {"write": {"device_start": 1585405762.8027399, "host_queued_start": 1585405822.88517, "device_queued": 1585405762.792255, "device_end": 1585405762.8028443, "host_queued_end": 1585405822.973509}, "device": "gpu", "nd_range": {"device_start": 1585405762.8028479, "device_end": 1585405762.8219554}, "cmdq": 0, "read": {"device_start": -1, "device_end": -1}}, "FFC_sans_bias18": {"write": {"device_start": 1585405762.7987554, "host_queued_start": 1585405822.881893, "device_queued": 1585405762.7916625, "device_end": 1585405762.7988627, "host_queued_end": 1585405822.973509}, "device": "gpu", "nd_range": {"device_start": 1585405762.7988698, "device_end": 1585405762.8181612}, "cmdq": 4, "read": {"device_start": -1, "device_end": -1}}, "coalesced_transpose30": {"write": {"device_start": -1, "host_queued_start": 1585405822.938892, "device_queued": -1, "device_end": -1, "host_queued_end": 1585405822.973509}, "device": "gpu", "nd_range": {"device_start": 1585405762.8851986, "device_end": 1585405762.8892102}, "cmdq": 0, "read": {"device_start": -1, "device_end": -1}}, "FFC_sans_bias69": {"write": {"device_start": -1, "host_queued_start": 1585405822.947279, "device_queued": -1, "device_end": -1, "host_queued_end": 1585405822.973509}, "device": "gpu", "nd_range": {"device_start": 1585405762.937358, "device_end": 1585405762.958253}, "cmdq": 3, "read": {"device_start": -1, "device_end": -1}}, "FFC_sans_bias38": {"write": {"device_start": 1585405762.830707, "host_queued_start": 1585405822.908175, "device_queued": 1585405762.7938435, "device_end": 1585405762.830805, "host_queued_end": 1585405822.973509}, "device": "gpu", "nd_range": {"device_start": 1585405762.8309357, "device_end": 1585405762.8514705}, "cmdq": 2, "read": {"device_start": -1, "device_end": -1}}, "coalesced_transpose57": {"write": {"device_start": -1, "host_queued_start": 1585405822.939806, "device_queued": -1, "device_end": -1, "host_queued_end": 1585405822.973509}, "device": "gpu", "nd_range": {"device_start": 1585405762.8891203, "device_end": 1585405762.889265}, "cmdq": 3, "read": {"device_start": -1, "device_end": -1}}, "empty26": {"write": {"device_start": 1585405762.7883923, "host_queued_start": 1585405822.845819, "device_queued": 1585405762.7879903, "device_end": 1585405762.788657, "host_queued_end": 1585405822.973509}, "device": "gpu", "nd_range": {"device_start": 1585405762.7887757, "device_end": 1585405762.7888381}, "cmdq": 2, "read": {"device_start": -1, "device_end": -1}}, "coalesced_transpose12": {"write": {"device_start": -1, "host_queued_start": 1585405822.938272, "device_queued": -1, "device_end": -1, "host_queued_end": 1585405822.973509}, "device": "gpu", "nd_range": {"device_start": 1585405762.876629, "device_end": 1585405762.8891194}, "cmdq": 3, "read": {"device_start": -1, "device_end": -1}}, "empty44": {"write": {"device_start": 1585405762.7890103, "host_queued_start": 1585405822.851098, "device_queued": 1585405762.788678, "device_end": 1585405762.7892742, "host_queued_end": 1585405822.973509}, "device": "gpu", "nd_range": {"device_start": 1585405762.7892783, "device_end": 1585405762.7892854}, "cmdq": 4, "read": {"device_start": -1, "device_end": -1}}, "coalesced_transpose21": {"write": {"device_start": -1, "host_queued_start": 1585405822.938579, "device_queued": -1, "device_end": -1, "host_queued_end": 1585405822.973509}, "device": "gpu", "nd_range": {"device_start": 1585405762.8809564, "device_end": 1585405762.8891728}, "cmdq": 4, "read": {"device_start": -1, "device_end": -1}}, "FFC_sans_bias36": {"write": {"device_start": 1585405762.8222303, "host_queued_start": 1585405822.9016, "device_queued": 1585405762.793456, "device_end": 1585405762.822333, "host_queued_end": 1585405822.973509}, "device": "gpu", "nd_range": {"device_start": 1585405762.8223443, "device_end": 1585405762.84327}, "cmdq": 0, "read": {"device_start": -1, "device_end": -1}}, "softmax14": {"write": {"device_start": -1, "host_queued_start": 1585405822.94323, "device_queued": -1, "device_end": -1, "host_queued_end": 1585405822.973509}, "device": "gpu", "nd_range": {"device_start": 1585405762.914726, "device_end": 1585405762.924433}, "cmdq": 4, "read": {"device_start": -1, "device_end": -1}}, "FFC_sans_bias13": {"write": {"device_start": -1, "host_queued_start": 1585405822.940771, "device_queued": -1, "device_end": -1, "host_queued_end": 1585405822.973509}, "device": "gpu", "nd_range": {"device_start": 1585405762.897592, "device_end": 1585405762.910871}, "cmdq": 1, "read": {"device_start": -1, "device_end": -1}}, "empty8": {"write": {"device_start": 1585405762.7876768, "host_queued_start": 1585405822.839521, "device_queued": 1585405762.787343, "device_end": 1585405762.787772, "host_queued_end": 1585405822.973509}, "device": "gpu", "nd_range": {"device_start": 1585405762.7877758, "device_end": 1585405762.787781}, "cmdq": 0, "read": {"device_start": -1, "device_end": -1}}, "FFC_sans_bias42": {"write": {"device_start": -1, "host_queued_start": 1585405822.946327, "device_queued": -1, "device_end": -1, "host_queued_end": 1585405822.973509}, "device": "gpu", "nd_range": {"device_start": 1585405762.9245193, "device_end": 1585405762.9415867}, "cmdq": 0, "read": {"device_start": -1, "device_end": -1}}, "FFC_sans_bias43": {"write": {"device_start": 1585405762.958482, "host_queued_start": 1585405822.963618, "device_queued": 1585405762.8013196, "device_end": 1585405762.9585824, "host_queued_end": 1585405822.973509}, "device": "gpu", "nd_range": {"device_start": 1585405762.9586122, "device_end": 1585405762.9791505}, "cmdq": 3, "read": {"device_start": 1585405762.9791615, "device_end": 1585405762.979254}}, "FFC_sans_bias40": {"write": {"device_start": -1, "host_queued_start": 1585405822.941748, "device_queued": -1, "device_end": -1, "host_queued_end": 1585405822.973509}, "device": "gpu", "nd_range": {"device_start": 1585405762.8980567, "device_end": 1585405762.914712}, "cmdq": 4, "read": {"device_start": -1, "device_end": -1}}, "softmax32": {"write": {"device_start": -1, "host_queued_start": 1585405822.943723, "device_queued": -1, "device_end": -1, "host_queued_end": 1585405822.973509}, "device": "gpu", "nd_range": {"device_start": 1585405762.9232793, "device_end": 1585405762.9244537}, "cmdq": 1, "read": {"device_start": -1, "device_end": -1}}, "FFC_sans_bias47": {"write": {"device_start": 1585405762.8435361, "host_queued_start": 1585405822.918016, "device_queued": 1585405762.7948992, "device_end": 1585405762.8436348, "host_queued_end": 1585405822.973509}, "device": "gpu", "nd_range": {"device_start": 1585405762.8437665, "device_end": 1585405762.8642836}, "cmdq": 0, "read": {"device_start": -1, "device_end": -1}}, "FFC_sans_bias45": {"write": {"device_start": 1585405762.8350613, "host_queued_start": 1585405822.911466, "device_queued": 1585405762.793972, "device_end": 1585405762.8351648, "host_queued_end": 1585405822.973509}, "device": "gpu", "nd_range": {"device_start": 1585405762.8351753, "device_end": 1585405762.8557227}, "cmdq": 3, "read": {"device_start": -1, "device_end": -1}}, "softmax50": {"write": {"device_start": -1, "host_queued_start": 1585405822.944215, "device_queued": -1, "device_end": -1, "host_queued_end": 1585405822.973509}, "device": "gpu", "nd_range": {"device_start": 1585405762.919451, "device_end": 1585405762.924489}, "cmdq": 3, "read": {"device_start": -1, "device_end": -1}}, "FFC_sans_bias33": {"write": {"device_start": -1, "host_queued_start": 1585405822.946015, "device_queued": -1, "device_end": -1, "host_queued_end": 1585405822.973509}, "device": "gpu", "nd_range": {"device_start": 1585405762.9253078, "device_end": 1585405762.9458365}, "cmdq": 4, "read": {"device_start": -1, "device_end": -1}}, "FFC_sans_bias63": {"write": {"device_start": 1585405762.868794, "host_queued_start": 1585405822.937632, "device_queued": 1585405762.7964916, "device_end": 1585405762.8688984, "host_queued_end": 1585405822.973509}, "device": "gpu", "nd_range": {"device_start": 1585405762.8689106, "device_end": 1585405762.8894284}, "cmdq": 1, "read": {"device_start": -1, "device_end": -1}}, "FFC_sans_bias49": {"write": {"device_start": -1, "host_queued_start": 1585405822.942063, "device_queued": -1, "device_end": -1, "host_queued_end": 1585405822.973509}, "device": "gpu", "nd_range": {"device_start": 1585405762.8935428, "device_end": 1585405762.9065266}, "cmdq": 0, "read": {"device_start": -1, "device_end": -1}}, "FFC_sans_bias64": {"write": {"device_start": 1585405762.8602228, "host_queued_start": 1585405822.931112, "device_queued": 1585405762.7956295, "device_end": 1585405762.8603203, "host_queued_end": 1585405822.973509}, "device": "gpu", "nd_range": {"device_start": 1585405762.860453, "device_end": 1585405762.8809521}, "cmdq": 4, "read": {"device_start": -1, "device_end": -1}}, "FFC_sans_bias65": {"write": {"device_start": 1585405762.8645413, "host_queued_start": 1585405822.934383, "device_queued": 1585405762.7962396, "device_end": 1585405762.8646467, "host_queued_end": 1585405822.973509}, "device": "gpu", "nd_range": {"device_start": 1585405762.8646593, "device_end": 1585405762.8851898}, "cmdq": 0, "read": {"device_start": -1, "device_end": -1}}, "FFC_sans_bias67": {"write": {"device_start": -1, "host_queued_start": 1585405822.942726, "device_queued": -1, "device_end": -1, "host_queued_end": 1585405822.973509}, "device": "gpu", "nd_range": {"device_start": 1585405762.8980799, "device_end": 1585405762.918961}, "cmdq": 2, "read": {"device_start": -1, "device_end": -1}}, "FFC_sans_bias24": {"write": {"device_start": -1, "host_queued_start": 1585405822.945702, "device_queued": -1, "device_end": -1, "host_queued_end": 1585405822.973509}, "device": "gpu", "nd_range": {"device_start": 1585405762.924503, "device_end": 1585405762.9373438}, "cmdq": 3, "read": {"device_start": -1, "device_end": -1}}, "FFC_sans_bias25": {"write": {"device_start": 1585405762.9549317, "host_queued_start": 1585405822.957011, "device_queued": 1585405762.8015714, "device_end": 1585405762.9550326, "host_queued_end": 1585405822.973509}, "device": "gpu", "nd_range": {"device_start": 1585405762.95505, "device_end": 1585405762.9752643}, "cmdq": 1, "read": {"device_start": 1585405762.9752684, "device_end": 1585405762.975357}}, "FFC_sans_bias27": {"write": {"device_start": 1585405762.8102295, "host_queued_start": 1585405822.891691, "device_queued": 1585405762.7926288, "device_end": 1585405762.8103328, "host_queued_end": 1585405822.973509}, "device": "gpu", "nd_range": {"device_start": 1585405762.8103526, "device_end": 1585405762.830443}, "cmdq": 2, "read": {"device_start": -1, "device_end": -1}}, "FFC_sans_bias20": {"write": {"device_start": 1585405762.8063154, "host_queued_start": 1585405822.888435, "device_queued": 1585405762.7924957, "device_end": 1585405762.8064191, "host_queued_end": 1585405822.973509}, "device": "gpu", "nd_range": {"device_start": 1585405762.806425, "device_end": 1585405762.8262076}, "cmdq": 1, "read": {"device_start": -1, "device_end": -1}}, "FFC_sans_bias22": {"write": {"device_start": -1, "host_queued_start": 1585405822.941097, "device_queued": -1, "device_end": -1, "host_queued_end": 1585405822.973509}, "device": "gpu", "nd_range": {"device_start": 1585405762.8892605, "device_end": 1585405762.8980653}, "cmdq": 2, "read": {"device_start": -1, "device_end": -1}}, "softmax68": {"write": {"device_start": -1, "host_queued_start": 1585405822.944757, "device_queued": -1, "device_end": -1, "host_queued_end": 1585405822.973509}, "device": "gpu", "nd_range": {"device_start": 1585405762.919429, "device_end": 1585405762.924451}, "cmdq": 0, "read": {"device_start": -1, "device_end": -1}}, "softmax5": {"write": {"device_start": -1, "host_queued_start": 1585405822.942977, "device_queued": -1, "device_end": -1, "host_queued_end": 1585405822.973509}, "device": "gpu", "nd_range": {"device_start": 1585405762.9023223, "device_end": 1585405762.9194365}, "cmdq": 3, "read": {"device_start": -1, "device_end": -1}}, "FFC_sans_bias28": {"write": {"device_start": 1585405762.818479, "host_queued_start": 1585405822.894951, "device_queued": 1585405762.7927566, "device_end": 1585405762.8185775, "host_queued_end": 1585405822.973509}, "device": "gpu", "nd_range": {"device_start": 1585405762.8185892, "device_end": 1585405762.83479}, "cmdq": 3, "read": {"device_start": -1, "device_end": -1}}, "FFC_sans_bias29": {"write": {"device_start": 1585405762.818833, "host_queued_start": 1585405822.898223, "device_queued": 1585405762.7928836, "device_end": 1585405762.8189628, "host_queued_end": 1585405822.973509}, "device": "gpu", "nd_range": {"device_start": 1585405762.818972, "device_end": 1585405762.839035}, "cmdq": 4, "read": {"device_start": -1, "device_end": -1}}, "empty17": {"write": {"device_start": 1585405762.7880726, "host_queued_start": 1585405822.842898, "device_queued": 1585405762.7877865, "device_end": 1585405762.7882915, "host_queued_end": 1585405822.973509}, "device": "gpu", "nd_range": {"device_start": 1585405762.7887363, "device_end": 1585405762.7888112}, "cmdq": 1, "read": {"device_start": -1, "device_end": -1}}, "softmax59": {"write": {"device_start": -1, "host_queued_start": 1585405822.94446, "device_queued": -1, "device_end": -1, "host_queued_end": 1585405822.973509}, "device": "gpu", "nd_range": {"device_start": 1585405762.9244475, "device_end": 1585405762.925293}, "cmdq": 4, "read": {"device_start": -1, "device_end": -1}}, "empty71": {"write": {"device_start": 1585405762.789899, "host_queued_start": 1585405822.858922, "device_queued": 1585405762.7895756, "device_end": 1585405762.7901554, "host_queued_end": 1585405822.973509}, "device": "gpu", "nd_range": {"device_start": 1585405762.7902532, "device_end": 1585405762.7902944}, "cmdq": 2, "read": {"device_start": -1, "device_end": -1}}, "empty35": {"write": {"device_start": 1585405762.7886999, "host_queued_start": 1585405822.848459, "device_queued": 1585405762.788313, "device_end": 1585405762.78899, "host_queued_end": 1585405822.973509}, "device": "gpu", "nd_range": {"device_start": 1585405762.789004, "device_end": 1585405762.7890084}, "cmdq": 3, "read": {"device_start": -1, "device_end": -1}}, "empty53": {"write": {"device_start": 1585405762.7893097, "host_queued_start": 1585405822.853707, "device_queued": 1585405762.7890096, "device_end": 1585405762.7895598, "host_queued_end": 1585405822.973509}, "device": "gpu", "nd_range": {"device_start": 1585405762.7895691, "device_end": 1585405762.7895734}, "cmdq": 0, "read": {"device_start": -1, "device_end": -1}}, "FFC_sans_bias46": {"write": {"device_start": 1585405762.8392966, "host_queued_start": 1585405822.914736, "device_queued": 1585405762.7941003, "device_end": 1585405762.8393993, "host_queued_end": 1585405822.973509}, "device": "gpu", "nd_range": {"device_start": 1585405762.8394032, "device_end": 1585405762.8599696}, "cmdq": 4, "read": {"device_start": -1, "device_end": -1}}, "coalesced_transpose66": {"write": {"device_start": -1, "host_queued_start": 1585405822.940105, "device_queued": -1, "device_end": -1, "host_queued_end": 1585405822.973509}, "device": "gpu", "nd_range": {"device_start": 1585405762.8891737, "device_end": 1585405762.8892827}, "cmdq": 4, "read": {"device_start": -1, "device_end": -1}}, "coalesced_transpose48": {"write": {"device_start": -1, "host_queued_start": 1585405822.939507, "device_queued": -1, "device_end": -1, "host_queued_end": 1585405822.973509}, "device": "gpu", "nd_range": {"device_start": 1585405762.8890915, "device_end": 1585405762.889243}, "cmdq": 2, "read": {"device_start": -1, "device_end": -1}}}