{"FFC_sans_bias60": {"write": {"device_start": -1, "host_queued_start": 1585405861.044746, "device_queued": -1, "device_end": -1, "host_queued_end": 1585405861.07201}, "device": "gpu", "nd_range": {"device_start": 1585405801.020101, "device_end": 1585405801.0393858}, "cmdq": 2, "read": {"device_start": -1, "device_end": -1}}, "FFC_sans_bias4": {"write": {"device_start": -1, "host_queued_start": 1585405861.038144, "device_queued": -1, "device_end": -1, "host_queued_end": 1585405861.07201}, "device": "gpu", "nd_range": {"device_start": 1585405800.9805083, "device_end": 1585405800.9845371}, "cmdq": 0, "read": {"device_start": -1, "device_end": -1}}, "FFC_sans_bias7": {"write": {"device_start": 1585405801.0357258, "host_queued_start": 1585405861.048391, "device_queued": 1585405800.8974712, "device_end": 1585405801.035826, "host_queued_end": 1585405861.07201}, "device": "gpu", "nd_range": {"device_start": 1585405801.0358398, "device_end": 1585405801.0508983}, "cmdq": 4, "read": {"device_start": 1585405801.0509055, "device_end": 1585405801.0509946}}, "FFC_sans_bias6": {"write": {"device_start": -1, "host_queued_start": 1585405861.042833, "device_queued": -1, "device_end": -1, "host_queued_end": 1585405861.07201}, "device": "gpu", "nd_range": {"device_start": 1585405801.0121202, "device_end": 1585405801.0161357}, "cmdq": 1, "read": {"device_start": -1, "device_end": -1}}, "FFC_sans_bias1": {"write": {"device_start": 1585405800.8878543, "host_queued_start": 1585405860.957612, "device_queued": 1585405800.8875623, "device_end": 1585405800.8879523, "host_queued_end": 1585405861.07201}, "device": "gpu", "nd_range": {"device_start": 1585405800.8879905, "device_end": 1585405800.8957741}, "cmdq": 4, "read": {"device_start": -1, "device_end": -1}}, "FFC_sans_bias0": {"write": {"device_start": 1585405800.8875704, "host_queued_start": 1585405860.954288, "device_queued": 1585405800.8872514, "device_end": 1585405800.8878274, "host_queued_end": 1585405861.07201}, "device": "gpu", "nd_range": {"device_start": 1585405800.8878603, "device_end": 1585405800.8918521}, "cmdq": 3, "read": {"device_start": -1, "device_end": -1}}, "FFC_sans_bias2": {"write": {"device_start": 1585405800.8883178, "host_queued_start": 1585405860.960952, "device_queued": 1585405800.8880877, "device_end": 1585405800.8884118, "host_queued_end": 1585405861.07201}, "device": "gpu", "nd_range": {"device_start": 1585405800.8884153, "device_end": 1585405800.8996701}, "cmdq": 0, "read": {"device_start": -1, "device_end": -1}}, "FFC_sans_bias61": {"write": {"device_start": 1585405801.0475779, "host_queued_start": 1585405861.068548, "device_queued": 1585405800.8995452, "device_end": 1585405801.0476775, "host_queued_end": 1585405861.07201}, "device": "gpu", "nd_range": {"device_start": 1585405801.0477018, "device_end": 1585405801.0662408}, "cmdq": 0, "read": {"device_start": 1585405801.070067, "device_end": 1585405801.070162}}, "FFC_sans_bias52": {"write": {"device_start": 1585405801.051431, "host_queued_start": 1585405861.065158, "device_queued": 1585405800.8990273, "device_end": 1585405801.05153, "host_queued_end": 1585405861.07201}, "device": "gpu", "nd_range": {"device_start": 1585405801.0515466, "device_end": 1585405801.069755}, "cmdq": 4, "read": {"device_start": 1585405801.0697596, "device_end": 1585405801.0698452}}, "FFC_sans_bias9": {"write": {"device_start": 1585405800.8886425, "host_queued_start": 1585405860.964417, "device_queued": 1585405800.8884215, "device_end": 1585405800.8888571, "host_queued_end": 1585405861.07201}, "device": "gpu", "nd_range": {"device_start": 1585405800.8891652, "device_end": 1585405800.9034624}, "cmdq": 1, "read": {"device_start": -1, "device_end": -1}}, "coalesced_transpose39": {"write": {"device_start": -1, "host_queued_start": 1585405861.036898, "device_queued": -1, "device_end": -1, "host_queued_end": 1585405861.07201}, "device": "gpu", "nd_range": {"device_start": 1585405800.9806128, "device_end": 1585405800.9882226}, "cmdq": 1, "read": {"device_start": -1, "device_end": -1}}, "FFC_sans_bias55": {"write": {"device_start": 1585405800.9501107, "host_queued_start": 1585405861.024911, "device_queued": 1585405800.8926845, "device_end": 1585405800.9502132, "host_queued_end": 1585405861.07201}, "device": "gpu", "nd_range": {"device_start": 1585405800.9502223, "device_end": 1585405800.9690745}, "cmdq": 3, "read": {"device_start": -1, "device_end": -1}}, "FFC_sans_bias54": {"write": {"device_start": 1585405800.9462218, "host_queued_start": 1585405861.021185, "device_queued": 1585405800.8925536, "device_end": 1585405800.9463246, "host_queued_end": 1585405861.07201}, "device": "gpu", "nd_range": {"device_start": 1585405800.9463346, "device_end": 1585405800.9652321}, "cmdq": 2, "read": {"device_start": -1, "device_end": -1}}, "FFC_sans_bias56": {"write": {"device_start": 1585405800.9423323, "host_queued_start": 1585405861.017195, "device_queued": 1585405800.8924217, "device_end": 1585405800.942436, "host_queued_end": 1585405861.07201}, "device": "gpu", "nd_range": {"device_start": 1585405800.9424434, "device_end": 1585405800.9613576}, "cmdq": 1, "read": {"device_start": -1, "device_end": -1}}, "FFC_sans_bias51": {"write": {"device_start": -1, "host_queued_start": 1585405861.044431, "device_queued": -1, "device_end": -1, "host_queued_end": 1585405861.07201}, "device": "gpu", "nd_range": {"device_start": 1585405801.01615, "device_end": 1585405801.0316112}, "cmdq": 1, "read": {"device_start": -1, "device_end": -1}}, "softmax23": {"write": {"device_start": -1, "host_queued_start": 1585405861.0412, "device_queued": -1, "device_end": -1, "host_queued_end": 1585405861.07201}, "device": "gpu", "nd_range": {"device_start": 1585405800.9961848, "device_end": 1585405801.0095448}, "cmdq": 0, "read": {"device_start": -1, "device_end": -1}}, "FFC_sans_bias37": {"write": {"device_start": 1585405800.9230778, "host_queued_start": 1585405860.997466, "device_queued": 1585405800.8910444, "device_end": 1585405800.9231825, "host_queued_end": 1585405861.07201}, "device": "gpu", "nd_range": {"device_start": 1585405800.9231894, "device_end": 1585405800.9420803}, "cmdq": 1, "read": {"device_start": -1, "device_end": -1}}, "empty62": {"write": {"device_start": 1585405800.8870068, "host_queued_start": 1585405860.94888, "device_queued": 1585405800.8866715, "device_end": 1585405800.8872356, "host_queued_end": 1585405861.07201}, "device": "gpu", "nd_range": {"device_start": 1585405800.8876166, "device_end": 1585405800.8876772}, "cmdq": 1, "read": {"device_start": -1, "device_end": -1}}, "FFC_sans_bias70": {"write": {"device_start": 1585405801.0591304, "host_queued_start": 1585405861.071884, "device_queued": 1585405800.899925, "device_end": 1585405801.059235, "host_queued_end": 1585405861.07201}, "device": "gpu", "nd_range": {"device_start": 1585405801.0592504, "device_end": 1585405801.073223}, "cmdq": 1, "read": {"device_start": 1585405801.073232, "device_end": 1585405801.0733173}}, "FFC_sans_bias58": {"write": {"device_start": -1, "host_queued_start": 1585405861.040106, "device_queued": -1, "device_end": -1, "host_queued_end": 1585405861.07201}, "device": "gpu", "nd_range": {"device_start": 1585405801.0000818, "device_end": 1585405801.0116038}, "cmdq": 1, "read": {"device_start": -1, "device_end": -1}}, "softmax41": {"write": {"device_start": -1, "host_queued_start": 1585405861.041703, "device_queued": -1, "device_end": -1, "host_queued_end": 1585405861.07201}, "device": "gpu", "nd_range": {"device_start": 1585405801.0077224, "device_end": 1585405801.01341}, "cmdq": 2, "read": {"device_start": -1, "device_end": -1}}, "FFC_sans_bias11": {"write": {"device_start": 1585405800.8921192, "host_queued_start": 1585405860.971074, "device_queued": 1585405800.8888705, "device_end": 1585405800.8922179, "host_queued_end": 1585405861.07201}, "device": "gpu", "nd_range": {"device_start": 1585405800.8922207, "device_end": 1585405800.9112422}, "cmdq": 3, "read": {"device_start": -1, "device_end": -1}}, "FFC_sans_bias10": {"write": {"device_start": 1585405800.8889186, "host_queued_start": 1585405860.967753, "device_queued": 1585405800.8885515, "device_end": 1585405800.8890138, "host_queued_end": 1585405861.07201}, "device": "gpu", "nd_range": {"device_start": 1585405800.889276, "device_end": 1585405800.9073815}, "cmdq": 2, "read": {"device_start": -1, "device_end": -1}}, "coalesced_transpose3": {"write": {"device_start": -1, "host_queued_start": 1585405861.035647, "device_queued": -1, "device_end": -1, "host_queued_end": 1585405861.07201}, "device": "gpu", "nd_range": {"device_start": 1585405800.9652338, "device_end": 1585405800.9804301}, "cmdq": 2, "read": {"device_start": -1, "device_end": -1}}, "FFC_sans_bias34": {"write": {"device_start": 1585405801.0396245, "host_queued_start": 1585405861.058394, "device_queued": 1585405800.8982272, "device_end": 1585405801.039725, "host_queued_end": 1585405861.07201}, "device": "gpu", "nd_range": {"device_start": 1585405801.0397546, "device_end": 1585405801.054776}, "cmdq": 2, "read": {"device_start": 1585405801.0547805, "device_end": 1585405801.0548677}}, "FFC_sans_bias15": {"write": {"device_start": -1, "host_queued_start": 1585405861.043156, "device_queued": -1, "device_end": -1, "host_queued_end": 1585405861.07201}, "device": "gpu", "nd_range": {"device_start": 1585405801.0134244, "device_end": 1585405801.0200868}, "cmdq": 2, "read": {"device_start": -1, "device_end": -1}}, "FFC_sans_bias31": {"write": {"device_start": -1, "host_queued_start": 1585405861.039127, "device_queued": -1, "device_end": -1, "host_queued_end": 1585405861.07201}, "device": "gpu", "nd_range": {"device_start": 1585405800.9806347, "device_end": 1585405800.992359}, "cmdq": 3, "read": {"device_start": -1, "device_end": -1}}, "FFC_sans_bias16": {"write": {"device_start": 1585405801.0280604, "host_queued_start": 1585405861.051728, "device_queued": 1585405800.8980732, "device_end": 1585405801.028162, "host_queued_end": 1585405861.07201}, "device": "gpu", "nd_range": {"device_start": 1585405801.0281763, "device_end": 1585405801.0470455}, "cmdq": 0, "read": {"device_start": 1585405801.0470552, "device_end": 1585405801.0471456}}, "FFC_sans_bias19": {"write": {"device_start": 1585405800.899933, "host_queued_start": 1585405860.977603, "device_queued": 1585405800.8895838, "device_end": 1585405800.9000332, "host_queued_end": 1585405861.07201}, "device": "gpu", "nd_range": {"device_start": 1585405800.9000447, "device_end": 1585405800.9189854}, "cmdq": 0, "read": {"device_start": -1, "device_end": -1}}, "FFC_sans_bias18": {"write": {"device_start": 1585405800.8960347, "host_queued_start": 1585405860.974347, "device_queued": 1585405800.889023, "device_end": 1585405800.8961346, "host_queued_end": 1585405861.07201}, "device": "gpu", "nd_range": {"device_start": 1585405800.8961394, "device_end": 1585405800.9151142}, "cmdq": 4, "read": {"device_start": -1, "device_end": -1}}, "coalesced_transpose30": {"write": {"device_start": -1, "host_queued_start": 1585405861.036586, "device_queued": -1, "device_end": -1, "host_queued_end": 1585405861.07201}, "device": "gpu", "nd_range": {"device_start": 1585405800.9768462, "device_end": 1585405800.980491}, "cmdq": 0, "read": {"device_start": -1, "device_end": -1}}, "FFC_sans_bias69": {"write": {"device_start": -1, "host_queued_start": 1585405861.04507, "device_queued": -1, "device_end": -1, "host_queued_end": 1585405861.07201}, "device": "gpu", "nd_range": {"device_start": 1585405801.0240185, "device_end": 1585405801.043178}, "cmdq": 3, "read": {"device_start": -1, "device_end": -1}}, "FFC_sans_bias38": {"write": {"device_start": 1585405800.9269443, "host_queued_start": 1585405861.000745, "device_queued": 1585405800.8911853, "device_end": 1585405800.9270468, "host_queued_end": 1585405861.07201}, "device": "gpu", "nd_range": {"device_start": 1585405800.9270556, "device_end": 1585405800.94596}, "cmdq": 2, "read": {"device_start": -1, "device_end": -1}}, "coalesced_transpose57": {"write": {"device_start": -1, "host_queued_start": 1585405861.03751, "device_queued": -1, "device_end": -1, "host_queued_end": 1585405861.07201}, "device": "gpu", "nd_range": {"device_start": 1585405800.980449, "device_end": 1585405800.9805377}, "cmdq": 3, "read": {"device_start": -1, "device_end": -1}}, "empty26": {"write": {"device_start": 1585405800.8857634, "host_queued_start": 1585405860.938289, "device_queued": 1585405800.8853428, "device_end": 1585405800.8860111, "host_queued_end": 1585405861.07201}, "device": "gpu", "nd_range": {"device_start": 1585405800.8861008, "device_end": 1585405800.8861365}, "cmdq": 2, "read": {"device_start": -1, "device_end": -1}}, "coalesced_transpose12": {"write": {"device_start": -1, "host_queued_start": 1585405861.035965, "device_queued": -1, "device_end": -1, "host_queued_end": 1585405861.07201}, "device": "gpu", "nd_range": {"device_start": 1585405800.9690783, "device_end": 1585405800.9804473}, "cmdq": 3, "read": {"device_start": -1, "device_end": -1}}, "empty44": {"write": {"device_start": 1585405800.8863976, "host_queued_start": 1585405860.943605, "device_queued": 1585405800.8860326, "device_end": 1585405800.8866546, "host_queued_end": 1585405861.07201}, "device": "gpu", "nd_range": {"device_start": 1585405800.8866613, "device_end": 1585405800.8866673}, "cmdq": 4, "read": {"device_start": -1, "device_end": -1}}, "coalesced_transpose21": {"write": {"device_start": -1, "host_queued_start": 1585405861.036276, "device_queued": -1, "device_end": -1, "host_queued_end": 1585405861.07201}, "device": "gpu", "nd_range": {"device_start": 1585405800.972974, "device_end": 1585405800.9804678}, "cmdq": 4, "read": {"device_start": -1, "device_end": -1}}, "FFC_sans_bias36": {"write": {"device_start": 1585405800.9192495, "host_queued_start": 1585405860.994216, "device_queued": 1585405800.890789, "device_end": 1585405800.9193509, "host_queued_end": 1585405861.07201}, "device": "gpu", "nd_range": {"device_start": 1585405800.919357, "device_end": 1585405800.9382145}, "cmdq": 0, "read": {"device_start": -1, "device_end": -1}}, "softmax14": {"write": {"device_start": -1, "host_queued_start": 1585405861.04095, "device_queued": -1, "device_end": -1, "host_queued_end": 1585405861.07201}, "device": "gpu", "nd_range": {"device_start": 1585405801.0038872, "device_end": 1585405801.0133898}, "cmdq": 4, "read": {"device_start": -1, "device_end": -1}}, "FFC_sans_bias13": {"write": {"device_start": -1, "host_queued_start": 1585405861.038471, "device_queued": -1, "device_end": -1, "host_queued_end": 1585405861.07201}, "device": "gpu", "nd_range": {"device_start": 1585405800.9882386, "device_end": 1585405801.000067}, "cmdq": 1, "read": {"device_start": -1, "device_end": -1}}, "empty8": {"write": {"device_start": 1585405800.8850696, "host_queued_start": 1585405860.932051, "device_queued": 1585405800.8847706, "device_end": 1585405800.8851628, "host_queued_end": 1585405861.07201}, "device": "gpu", "nd_range": {"device_start": 1585405800.885215, "device_end": 1585405800.8852205}, "cmdq": 0, "read": {"device_start": -1, "device_end": -1}}, "FFC_sans_bias42": {"write": {"device_start": -1, "host_queued_start": 1585405861.044114, "device_queued": -1, "device_end": -1, "host_queued_end": 1585405861.07201}, "device": "gpu", "nd_range": {"device_start": 1585405801.0134587, "device_end": 1585405801.027817}, "cmdq": 0, "read": {"device_start": -1, "device_end": -1}}, "FFC_sans_bias43": {"write": {"device_start": 1585405801.04341, "host_queued_start": 1585405861.061808, "device_queued": 1585405800.898362, "device_end": 1585405801.0435088, "host_queued_end": 1585405861.07201}, "device": "gpu", "nd_range": {"device_start": 1585405801.043534, "device_end": 1585405801.062723}, "cmdq": 3, "read": {"device_start": 1585405801.0627358, "device_end": 1585405801.0628283}}, "FFC_sans_bias40": {"write": {"device_start": -1, "host_queued_start": 1585405861.039448, "device_queued": -1, "device_end": -1, "host_queued_end": 1585405861.07201}, "device": "gpu", "nd_range": {"device_start": 1585405800.9882615, "device_end": 1585405801.0038729}, "cmdq": 4, "read": {"device_start": -1, "device_end": -1}}, "softmax32": {"write": {"device_start": -1, "host_queued_start": 1585405861.04145, "device_queued": -1, "device_end": -1, "host_queued_end": 1585405861.07201}, "device": "gpu", "nd_range": {"device_start": 1585405801.0116186, "device_end": 1585405801.012106}, "cmdq": 1, "read": {"device_start": -1, "device_end": -1}}, "FFC_sans_bias47": {"write": {"device_start": 1585405800.9384675, "host_queued_start": 1585405861.013402, "device_queued": 1585405800.8921106, "device_end": 1585405800.9385715, "host_queued_end": 1585405861.07201}, "device": "gpu", "nd_range": {"device_start": 1585405800.938583, "device_end": 1585405800.957479}, "cmdq": 0, "read": {"device_start": -1, "device_end": -1}}, "FFC_sans_bias45": {"write": {"device_start": 1585405800.9308028, "host_queued_start": 1585405861.005775, "device_queued": 1585405800.8913152, "device_end": 1585405800.930906, "host_queued_end": 1585405861.07201}, "device": "gpu", "nd_range": {"device_start": 1585405800.9309187, "device_end": 1585405800.9498618}, "cmdq": 3, "read": {"device_start": -1, "device_end": -1}}, "softmax50": {"write": {"device_start": -1, "host_queued_start": 1585405861.041951, "device_queued": -1, "device_end": -1, "host_queued_end": 1585405861.07201}, "device": "gpu", "nd_range": {"device_start": 1585405801.0095303, "device_end": 1585405801.013427}, "cmdq": 3, "read": {"device_start": -1, "device_end": -1}}, "FFC_sans_bias33": {"write": {"device_start": -1, "host_queued_start": 1585405861.043796, "device_queued": -1, "device_end": -1, "host_queued_end": 1585405861.07201}, "device": "gpu", "nd_range": {"device_start": 1585405801.0170832, "device_end": 1585405801.035481}, "cmdq": 4, "read": {"device_start": -1, "device_end": -1}}, "FFC_sans_bias63": {"write": {"device_start": 1585405800.961613, "host_queued_start": 1585405861.035297, "device_queued": 1585405800.8936474, "device_end": 1585405800.9617186, "host_queued_end": 1585405861.07201}, "device": "gpu", "nd_range": {"device_start": 1585405800.9617226, "device_end": 1585405800.9806118}, "cmdq": 1, "read": {"device_start": -1, "device_end": -1}}, "FFC_sans_bias49": {"write": {"device_start": -1, "host_queued_start": 1585405861.039769, "device_queued": -1, "device_end": -1, "host_queued_end": 1585405861.07201}, "device": "gpu", "nd_range": {"device_start": 1585405800.9845524, "device_end": 1585405800.9961703}, "cmdq": 0, "read": {"device_start": -1, "device_end": -1}}, "FFC_sans_bias64": {"write": {"device_start": 1585405800.953962, "host_queued_start": 1585405861.02862, "device_queued": 1585405800.892817, "device_end": 1585405800.9540663, "host_queued_end": 1585405861.07201}, "device": "gpu", "nd_range": {"device_start": 1585405800.9540703, "device_end": 1585405800.9729693}, "cmdq": 4, "read": {"device_start": -1, "device_end": -1}}, "FFC_sans_bias65": {"write": {"device_start": 1585405800.9577358, "host_queued_start": 1585405861.031964, "device_queued": 1585405800.8933983, "device_end": 1585405800.9578385, "host_queued_end": 1585405861.07201}, "device": "gpu", "nd_range": {"device_start": 1585405800.957842, "device_end": 1585405800.9768384}, "cmdq": 0, "read": {"device_start": -1, "device_end": -1}}, "FFC_sans_bias67": {"write": {"device_start": -1, "host_queued_start": 1585405861.04043, "device_queued": -1, "device_end": -1, "host_queued_end": 1585405861.07201}, "device": "gpu", "nd_range": {"device_start": 1585405800.9884915, "device_end": 1585405801.007708}, "cmdq": 2, "read": {"device_start": -1, "device_end": -1}}, "FFC_sans_bias24": {"write": {"device_start": -1, "host_queued_start": 1585405861.043477, "device_queued": -1, "device_end": -1, "host_queued_end": 1585405861.07201}, "device": "gpu", "nd_range": {"device_start": 1585405801.0134413, "device_end": 1585405801.0240035}, "cmdq": 3, "read": {"device_start": -1, "device_end": -1}}, "FFC_sans_bias25": {"write": {"device_start": 1585405801.0399766, "host_queued_start": 1585405861.055067, "device_queued": 1585405800.8986266, "device_end": 1585405801.0400767, "host_queued_end": 1585405861.07201}, "device": "gpu", "nd_range": {"device_start": 1585405801.0401008, "device_end": 1585405801.0586028}, "cmdq": 1, "read": {"device_start": 1585405801.0586066, "device_end": 1585405801.0586946}}, "FFC_sans_bias27": {"write": {"device_start": 1585405800.907639, "host_queued_start": 1585405860.984099, "device_queued": 1585405800.8899572, "device_end": 1585405800.9077423, "host_queued_end": 1585405861.07201}, "device": "gpu", "nd_range": {"device_start": 1585405800.9077463, "device_end": 1585405800.9266732}, "cmdq": 2, "read": {"device_start": -1, "device_end": -1}}, "FFC_sans_bias20": {"write": {"device_start": 1585405800.9037166, "host_queued_start": 1585405860.98086, "device_queued": 1585405800.8898275, "device_end": 1585405800.9038196, "host_queued_end": 1585405861.07201}, "device": "gpu", "nd_range": {"device_start": 1585405800.9038308, "device_end": 1585405800.9228137}, "cmdq": 1, "read": {"device_start": -1, "device_end": -1}}, "FFC_sans_bias22": {"write": {"device_start": -1, "host_queued_start": 1585405861.038805, "device_queued": -1, "device_end": -1, "host_queued_end": 1585405861.07201}, "device": "gpu", "nd_range": {"device_start": 1585405800.9805331, "device_end": 1585405800.9884763}, "cmdq": 2, "read": {"device_start": -1, "device_end": -1}}, "softmax68": {"write": {"device_start": -1, "host_queued_start": 1585405861.042508, "device_queued": -1, "device_end": -1, "host_queued_end": 1585405861.07201}, "device": "gpu", "nd_range": {"device_start": 1585405801.0095587, "device_end": 1585405801.0134068}, "cmdq": 0, "read": {"device_start": -1, "device_end": -1}}, "softmax5": {"write": {"device_start": -1, "host_queued_start": 1585405861.040692, "device_queued": -1, "device_end": -1, "host_queued_end": 1585405861.07201}, "device": "gpu", "nd_range": {"device_start": 1585405800.9923742, "device_end": 1585405801.0095155}, "cmdq": 3, "read": {"device_start": -1, "device_end": -1}}, "FFC_sans_bias28": {"write": {"device_start": 1585405800.9115036, "host_queued_start": 1585405860.987398, "device_queued": 1585405800.890085, "device_end": 1585405800.9116082, "host_queued_end": 1585405861.07201}, "device": "gpu", "nd_range": {"device_start": 1585405800.911617, "device_end": 1585405800.9305353}, "cmdq": 3, "read": {"device_start": -1, "device_end": -1}}, "FFC_sans_bias29": {"write": {"device_start": 1585405800.9153767, "host_queued_start": 1585405860.990922, "device_queued": 1585405800.8902118, "device_end": 1585405800.9154804, "host_queued_end": 1585405861.07201}, "device": "gpu", "nd_range": {"device_start": 1585405800.915487, "device_end": 1585405800.934411}, "cmdq": 4, "read": {"device_start": -1, "device_end": -1}}, "empty17": {"write": {"device_start": 1585405800.8854532, "host_queued_start": 1585405860.935374, "device_queued": 1585405800.885177, "device_end": 1585405800.8856761, "host_queued_end": 1585405861.07201}, "device": "gpu", "nd_range": {"device_start": 1585405800.8860729, "device_end": 1585405800.8860838}, "cmdq": 1, "read": {"device_start": -1, "device_end": -1}}, "softmax59": {"write": {"device_start": -1, "host_queued_start": 1585405861.042201, "device_queued": -1, "device_end": -1, "host_queued_end": 1585405861.07201}, "device": "gpu", "nd_range": {"device_start": 1585405801.013404, "device_end": 1585405801.0170686}, "cmdq": 4, "read": {"device_start": -1, "device_end": -1}}, "empty71": {"write": {"device_start": 1585405800.8872943, "host_queued_start": 1585405860.951496, "device_queued": 1585405800.8868833, "device_end": 1585405800.8875477, "host_queued_end": 1585405861.07201}, "device": "gpu", "nd_range": {"device_start": 1585405800.8876514, "device_end": 1585405800.8876874}, "cmdq": 2, "read": {"device_start": -1, "device_end": -1}}, "empty35": {"write": {"device_start": 1585405800.8860931, "host_queued_start": 1585405860.940949, "device_queued": 1585405800.8856974, "device_end": 1585405800.8863637, "host_queued_end": 1585405861.07201}, "device": "gpu", "nd_range": {"device_start": 1585405800.8863776, "device_end": 1585405800.886382}, "cmdq": 3, "read": {"device_start": -1, "device_end": -1}}, "empty53": {"write": {"device_start": 1585405800.8866963, "host_queued_start": 1585405860.946224, "device_queued": 1585405800.8863816, "device_end": 1585405800.8868668, "host_queued_end": 1585405861.07201}, "device": "gpu", "nd_range": {"device_start": 1585405800.886876, "device_end": 1585405800.8868802}, "cmdq": 0, "read": {"device_start": -1, "device_end": -1}}, "FFC_sans_bias46": {"write": {"device_start": 1585405800.9346712, "host_queued_start": 1585405861.00962, "device_queued": 1585405800.8914447, "device_end": 1585405800.9347756, "host_queued_end": 1585405861.07201}, "device": "gpu", "nd_range": {"device_start": 1585405800.9347804, "device_end": 1585405800.9536989}, "cmdq": 4, "read": {"device_start": -1, "device_end": -1}}, "coalesced_transpose66": {"write": {"device_start": -1, "host_queued_start": 1585405861.037819, "device_queued": -1, "device_end": -1, "host_queued_end": 1585405861.07201}, "device": "gpu", "nd_range": {"device_start": 1585405800.9804688, "device_end": 1585405800.9805577}, "cmdq": 4, "read": {"device_start": -1, "device_end": -1}}, "coalesced_transpose48": {"write": {"device_start": -1, "host_queued_start": 1585405861.0372, "device_queued": -1, "device_end": -1, "host_queued_end": 1585405861.07201}, "device": "gpu", "nd_range": {"device_start": 1585405800.9804425, "device_end": 1585405800.9805152}, "cmdq": 2, "read": {"device_start": -1, "device_end": -1}}}