{"FFC_sans_bias60": {"write": {"device_start": -1, "host_queued_start": 1585405752.947297, "device_queued": -1, "device_end": -1, "host_queued_end": 1585405752.967388}, "device": "gpu", "nd_range": {"device_start": 1585405692.8689594, "device_end": 1585405692.8853836}, "cmdq": 1, "read": {"device_start": -1, "device_end": -1}}, "FFC_sans_bias4": {"write": {"device_start": -1, "host_queued_start": 1585405752.996922, "device_queued": -1, "device_end": -1, "host_queued_end": 1585405753.007772}, "device": "cpu", "nd_range": {"device_start": 2073527.4396400272, "device_end": 2073527.4746289162}, "cmdq": 0, "read": {"device_start": -1, "device_end": -1}}, "FFC_sans_bias7": {"write": {"device_start": -1, "host_queued_start": 1585405753.003625, "device_queued": -1, "device_end": -1, "host_queued_end": 1585405753.007772}, "device": "cpu", "nd_range": {"device_start": 2073527.584184088, "device_end": 2073527.620762509}, "cmdq": 0, "read": {"device_start": -1, "device_end": -1}}, "FFC_sans_bias6": {"write": {"device_start": -1, "host_queued_start": 1585405752.998431, "device_queued": -1, "device_end": -1, "host_queued_end": 1585405753.007772}, "device": "cpu", "nd_range": {"device_start": 2073527.5111281462, "device_end": 2073527.546384436}, "cmdq": 0, "read": {"device_start": -1, "device_end": -1}}, "FFC_sans_bias1": {"write": {"device_start": -1, "host_queued_start": 1585405752.981987, "device_queued": -1, "device_end": -1, "host_queued_end": 1585405753.007772}, "device": "cpu", "nd_range": {"device_start": 2073527.244364537, "device_end": 2073527.28531364}, "cmdq": 0, "read": {"device_start": -1, "device_end": -1}}, "FFC_sans_bias0": {"write": {"device_start": -1, "host_queued_start": 1585405752.977998, "device_queued": -1, "device_end": -1, "host_queued_end": 1585405753.007772}, "device": "cpu", "nd_range": {"device_start": 2073527.1973572231, "device_end": 2073527.2443380172}, "cmdq": 0, "read": {"device_start": -1, "device_end": -1}}, "FFC_sans_bias2": {"write": {"device_start": -1, "host_queued_start": 1585405752.985484, "device_queued": -1, "device_end": -1, "host_queued_end": 1585405753.007772}, "device": "cpu", "nd_range": {"device_start": 2073527.2856507462, "device_end": 2073527.331367528}, "cmdq": 0, "read": {"device_start": -1, "device_end": -1}}, "FFC_sans_bias61": {"write": {"device_start": 1585405692.8926687, "host_queued_start": 1585405752.963927, "device_queued": 1585405692.7944777, "device_end": 1585405692.8927627, "host_queued_end": 1585405752.967388}, "device": "gpu", "nd_range": {"device_start": 1585405692.8927746, "device_end": 1585405692.9059465}, "cmdq": 2, "read": {"device_start": 1585405692.9059553, "device_end": 1585405692.9060411}}, "FFC_sans_bias52": {"write": {"device_start": 1585405692.885619, "host_queued_start": 1585405752.960659, "device_queued": 1585405692.7943394, "device_end": 1585405692.8857117, "host_queued_end": 1585405752.967388}, "device": "gpu", "nd_range": {"device_start": 1585405692.8857257, "device_end": 1585405692.902553}, "cmdq": 1, "read": {"device_start": 1585405692.9025607, "device_end": 1585405692.9026477}}, "FFC_sans_bias9": {"write": {"device_start": -1, "host_queued_start": 1585405752.988986, "device_queued": -1, "device_end": -1, "host_queued_end": 1585405753.007772}, "device": "cpu", "nd_range": {"device_start": 2073527.3313890502, "device_end": 2073527.36746458}, "cmdq": 0, "read": {"device_start": -1, "device_end": -1}}, "coalesced_transpose39": {"write": {"device_start": -1, "host_queued_start": 1585405752.941434, "device_queued": -1, "device_end": -1, "host_queued_end": 1585405752.967388}, "device": "gpu", "nd_range": {"device_start": 1585405692.8394632, "device_end": 1585405692.8462887}, "cmdq": 1, "read": {"device_start": -1, "device_end": -1}}, "FFC_sans_bias55": {"write": {"device_start": 1585405692.8197799, "host_queued_start": 1585405752.93073, "device_queued": 1585405692.7893262, "device_end": 1585405692.8198774, "host_queued_end": 1585405752.967388}, "device": "gpu", "nd_range": {"device_start": 1585405692.8198826, "device_end": 1585405692.8362796}, "cmdq": 0, "read": {"device_start": -1, "device_end": -1}}, "FFC_sans_bias54": {"write": {"device_start": 1585405692.8164775, "host_queued_start": 1585405752.927389, "device_queued": 1585405692.7887635, "device_end": 1585405692.8166173, "host_queued_end": 1585405752.967388}, "device": "gpu", "nd_range": {"device_start": 1585405692.8166223, "device_end": 1585405692.8327649}, "cmdq": 4, "read": {"device_start": -1, "device_end": -1}}, "FFC_sans_bias56": {"write": {"device_start": 1585405692.8128598, "host_queued_start": 1585405752.924127, "device_queued": 1585405692.788633, "device_end": 1585405692.8129756, "host_queued_end": 1585405752.967388}, "device": "gpu", "nd_range": {"device_start": 1585405692.812993, "device_end": 1585405692.829289}, "cmdq": 3, "read": {"device_start": -1, "device_end": -1}}, "FFC_sans_bias51": {"write": {"device_start": -1, "host_queued_start": 1585405752.94698, "device_queued": -1, "device_end": -1, "host_queued_end": 1585405752.967388}, "device": "gpu", "nd_range": {"device_start": 1585405692.8682563, "device_end": 1585405692.875332}, "cmdq": 0, "read": {"device_start": -1, "device_end": -1}}, "softmax23": {"write": {"device_start": -1, "host_queued_start": 1585405752.944493, "device_queued": -1, "device_end": -1, "host_queued_end": 1585405752.967388}, "device": "gpu", "nd_range": {"device_start": 1585405692.8530376, "device_end": 1585405692.8682094}, "cmdq": 1, "read": {"device_start": -1, "device_end": -1}}, "FFC_sans_bias37": {"write": {"device_start": 1585405692.7966282, "host_queued_start": 1585405752.907703, "device_queued": 1585405692.7874458, "device_end": 1585405692.796736, "host_queued_end": 1585405752.967388}, "device": "gpu", "nd_range": {"device_start": 1585405692.7967544, "device_end": 1585405692.8124757}, "cmdq": 3, "read": {"device_start": -1, "device_end": -1}}, "empty62": {"write": {"device_start": 1585405692.7847183, "host_queued_start": 1585405752.878934, "device_queued": 1585405692.7843509, "device_end": 1585405692.7849972, "host_queued_end": 1585405752.967388}, "device": "gpu", "nd_range": {"device_start": 1585405692.7850006, "device_end": 1585405692.785008}, "cmdq": 4, "read": {"device_start": -1, "device_end": -1}}, "FFC_sans_bias70": {"write": {"device_start": 1585405692.8995612, "host_queued_start": 1585405752.967217, "device_queued": 1585405692.794891, "device_end": 1585405692.8996506, "host_queued_end": 1585405752.967388}, "device": "gpu", "nd_range": {"device_start": 1585405692.8997397, "device_end": 1585405692.9094381}, "cmdq": 3, "read": {"device_start": 1585405692.909443, "device_end": 1585405692.9095564}}, "FFC_sans_bias58": {"write": {"device_start": -1, "host_queued_start": 1585405752.943928, "device_queued": -1, "device_end": -1, "host_queued_end": 1585405752.967388}, "device": "gpu", "nd_range": {"device_start": 1585405692.8496382, "device_end": 1585405692.863384}, "cmdq": 4, "read": {"device_start": -1, "device_end": -1}}, "softmax41": {"write": {"device_start": -1, "host_queued_start": 1585405752.944987, "device_queued": -1, "device_end": -1, "host_queued_end": 1585405752.967388}, "device": "gpu", "nd_range": {"device_start": 1585405692.8634167, "device_end": 1585405692.8682268}, "cmdq": 3, "read": {"device_start": -1, "device_end": -1}}, "FFC_sans_bias11": {"write": {"device_start": -1, "host_queued_start": 1585405752.995881, "device_queued": -1, "device_end": -1, "host_queued_end": 1585405753.007772}, "device": "cpu", "nd_range": {"device_start": 2073527.402769305, "device_end": 2073527.4385745872}, "cmdq": 0, "read": {"device_start": -1, "device_end": -1}}, "FFC_sans_bias10": {"write": {"device_start": -1, "host_queued_start": 1585405752.992434, "device_queued": -1, "device_end": -1, "host_queued_end": 1585405753.007772}, "device": "cpu", "nd_range": {"device_start": 2073527.367483041, "device_end": 2073527.4027504981}, "cmdq": 0, "read": {"device_start": -1, "device_end": -1}}, "coalesced_transpose3": {"write": {"device_start": -1, "host_queued_start": 1585405752.996244, "device_queued": -1, "device_end": -1, "host_queued_end": 1585405753.007772}, "device": "cpu", "nd_range": {"device_start": 2073527.4385957362, "device_end": 2073527.439167123}, "cmdq": 0, "read": {"device_start": -1, "device_end": -1}}, "FFC_sans_bias34": {"write": {"device_start": 1585405692.8720198, "host_queued_start": 1585405752.954162, "device_queued": 1585405692.793132, "device_end": 1585405692.8721116, "host_queued_end": 1585405752.967388}, "device": "gpu", "nd_range": {"device_start": 1585405692.8820841, "device_end": 1585405692.8958092}, "cmdq": 4, "read": {"device_start": 1585405692.8958142, "device_end": 1585405692.8959022}}, "FFC_sans_bias15": {"write": {"device_start": -1, "host_queued_start": 1585405752.998802, "device_queued": -1, "device_end": -1, "host_queued_end": 1585405753.007772}, "device": "cpu", "nd_range": {"device_start": 2073527.546392017, "device_end": 2073527.584164069}, "cmdq": 0, "read": {"device_start": -1, "device_end": -1}}, "FFC_sans_bias31": {"write": {"device_start": -1, "host_queued_start": 1585405752.942982, "device_queued": -1, "device_end": -1, "host_queued_end": 1585405752.967388}, "device": "gpu", "nd_range": {"device_start": 1585405692.8465, "device_end": 1585405692.8530262}, "cmdq": 1, "read": {"device_start": -1, "device_end": -1}}, "FFC_sans_bias16": {"write": {"device_start": -1, "host_queued_start": 1585405753.007696, "device_queued": -1, "device_end": -1, "host_queued_end": 1585405753.007772}, "device": "cpu", "nd_range": {"device_start": 2073527.6207685282, "device_end": 2073527.654480434}, "cmdq": 0, "read": {"device_start": -1, "device_end": -1}}, "FFC_sans_bias19": {"write": {"device_start": 1585405692.7856333, "host_queued_start": 1585405752.887702, "device_queued": 1585405692.785329, "device_end": 1585405692.7858438, "host_queued_end": 1585405752.967388}, "device": "gpu", "nd_range": {"device_start": 1585405692.7864802, "device_end": 1585405692.793029}, "cmdq": 2, "read": {"device_start": -1, "device_end": -1}}, "FFC_sans_bias18": {"write": {"device_start": 1585405692.785334, "host_queued_start": 1585405752.884338, "device_queued": 1585405692.785019, "device_end": 1585405692.7855828, "host_queued_end": 1585405752.967388}, "device": "gpu", "nd_range": {"device_start": 1585405692.7863197, "device_end": 1585405692.7896907}, "cmdq": 1, "read": {"device_start": -1, "device_end": -1}}, "coalesced_transpose30": {"write": {"device_start": -1, "host_queued_start": 1585405752.941133, "device_queued": -1, "device_end": -1, "host_queued_end": 1585405752.967388}, "device": "gpu", "nd_range": {"device_start": 1585405692.8362806, "device_end": 1585405692.8462381}, "cmdq": 0, "read": {"device_start": -1, "device_end": -1}}, "FFC_sans_bias69": {"write": {"device_start": -1, "host_queued_start": 1585405752.947612, "device_queued": -1, "device_end": -1, "host_queued_end": 1585405752.967388}, "device": "gpu", "nd_range": {"device_start": 1585405692.8787622, "device_end": 1585405692.8924432}, "cmdq": 2, "read": {"device_start": -1, "device_end": -1}}, "FFC_sans_bias38": {"write": {"device_start": 1585405692.7997935, "host_queued_start": 1585405752.911059, "device_queued": 1585405692.78757, "device_end": 1585405692.7999, "host_queued_end": 1585405752.967388}, "device": "gpu", "nd_range": {"device_start": 1585405692.7999165, "device_end": 1585405692.8157654}, "cmdq": 4, "read": {"device_start": -1, "device_end": -1}}, "coalesced_transpose57": {"write": {"device_start": -1, "host_queued_start": 1585405752.942041, "device_queued": -1, "device_end": -1, "host_queued_end": 1585405752.967388}, "device": "gpu", "nd_range": {"device_start": 1585405692.8464837, "device_end": 1585405692.8496177}, "cmdq": 3, "read": {"device_start": -1, "device_end": -1}}, "empty26": {"write": {"device_start": 1585405692.7833567, "host_queued_start": 1585405752.867541, "device_queued": 1585405692.7830253, "device_end": 1585405692.7835205, "host_queued_end": 1585405752.967388}, "device": "gpu", "nd_range": {"device_start": 1585405692.7835295, "device_end": 1585405692.7835343}, "cmdq": 0, "read": {"device_start": -1, "device_end": -1}}, "coalesced_transpose12": {"write": {"device_start": -1, "host_queued_start": 1585405752.996574, "device_queued": -1, "device_end": -1, "host_queued_end": 1585405753.007772}, "device": "cpu", "nd_range": {"device_start": 2073527.4391759532, "device_end": 2073527.4396330372}, "cmdq": 0, "read": {"device_start": -1, "device_end": -1}}, "empty44": {"write": {"device_start": 1585405692.7840655, "host_queued_start": 1585405752.873634, "device_queued": 1585405692.7836423, "device_end": 1585405692.7843242, "host_queued_end": 1585405752.967388}, "device": "gpu", "nd_range": {"device_start": 1585405692.7844396, "device_end": 1585405692.7844732}, "cmdq": 2, "read": {"device_start": -1, "device_end": -1}}, "coalesced_transpose21": {"write": {"device_start": -1, "host_queued_start": 1585405752.940822, "device_queued": -1, "device_end": -1, "host_queued_end": 1585405752.967388}, "device": "gpu", "nd_range": {"device_start": 1585405692.8327665, "device_end": 1585405692.8461912}, "cmdq": 4, "read": {"device_start": -1, "device_end": -1}}, "FFC_sans_bias36": {"write": {"device_start": 1585405692.793485, "host_queued_start": 1585405752.90439, "device_queued": 1585405692.7873194, "device_end": 1585405692.7935836, "host_queued_end": 1585405752.967388}, "device": "gpu", "nd_range": {"device_start": 1585405692.7935903, "device_end": 1585405692.8092186}, "cmdq": 2, "read": {"device_start": -1, "device_end": -1}}, "softmax14": {"write": {"device_start": -1, "host_queued_start": 1585405752.998071, "device_queued": -1, "device_end": -1, "host_queued_end": 1585405753.007772}, "device": "cpu", "nd_range": {"device_start": 2073527.5107312421, "device_end": 2073527.5111217261}, "cmdq": 0, "read": {"device_start": -1, "device_end": -1}}, "FFC_sans_bias13": {"write": {"device_start": -1, "host_queued_start": 1585405752.997294, "device_queued": -1, "device_end": -1, "host_queued_end": 1585405753.007772}, "device": "cpu", "nd_range": {"device_start": 2073527.474636651, "device_end": 2073527.510240934}, "cmdq": 0, "read": {"device_start": -1, "device_end": -1}}, "empty8": {"write": {"device_start": -1, "host_queued_start": 1585405752.971803, "device_queued": -1, "device_end": -1, "host_queued_end": 1585405753.007772}, "device": "cpu", "nd_range": {"device_start": 2073527.1973224732, "device_end": 2073527.1973328812}, "cmdq": 0, "read": {"device_start": -1, "device_end": -1}}, "FFC_sans_bias42": {"write": {"device_start": -1, "host_queued_start": 1585405752.946668, "device_queued": -1, "device_end": -1, "host_queued_end": 1585405752.967388}, "device": "gpu", "nd_range": {"device_start": 1585405692.8682423, "device_end": 1585405692.871761}, "cmdq": 4, "read": {"device_start": -1, "device_end": -1}}, "FFC_sans_bias43": {"write": {"device_start": 1585405692.8755634, "host_queued_start": 1585405752.957408, "device_queued": 1585405692.794051, "device_end": 1585405692.8756588, "host_queued_end": 1585405752.967388}, "device": "gpu", "nd_range": {"device_start": 1585405692.8756707, "device_end": 1585405692.8889472}, "cmdq": 0, "read": {"device_start": 1585405692.8961148, "device_end": 1585405692.8962052}}, "FFC_sans_bias40": {"write": {"device_start": -1, "host_queued_start": 1585405752.943297, "device_queued": -1, "device_end": -1, "host_queued_end": 1585405752.967388}, "device": "gpu", "nd_range": {"device_start": 1585405692.8465133, "device_end": 1585405692.8563368}, "cmdq": 2, "read": {"device_start": -1, "device_end": -1}}, "softmax32": {"write": {"device_start": -1, "host_queued_start": 1585405752.944744, "device_queued": -1, "device_end": -1, "host_queued_end": 1585405752.967388}, "device": "gpu", "nd_range": {"device_start": 1585405692.8634067, "device_end": 1585405692.868222}, "cmdq": 2, "read": {"device_start": -1, "device_end": -1}}, "FFC_sans_bias47": {"write": {"device_start": 1585405692.809592, "host_queued_start": 1585405752.920856, "device_queued": 1585405692.788503, "device_end": 1585405692.8096967, "host_queued_end": 1585405752.967388}, "device": "gpu", "nd_range": {"device_start": 1585405692.8097136, "device_end": 1585405692.8261724}, "cmdq": 2, "read": {"device_start": -1, "device_end": -1}}, "FFC_sans_bias45": {"write": {"device_start": 1585405692.8031113, "host_queued_start": 1585405752.914319, "device_queued": 1585405692.7881284, "device_end": 1585405692.8032088, "host_queued_end": 1585405752.967388}, "device": "gpu", "nd_range": {"device_start": 1585405692.8032124, "device_end": 1585405692.8192892}, "cmdq": 0, "read": {"device_start": -1, "device_end": -1}}, "softmax50": {"write": {"device_start": -1, "host_queued_start": 1585405752.94523, "device_queued": -1, "device_end": -1, "host_queued_end": 1585405752.967388}, "device": "gpu", "nd_range": {"device_start": 1585405692.8633945, "device_end": 1585405692.868232}, "cmdq": 4, "read": {"device_start": -1, "device_end": -1}}, "FFC_sans_bias33": {"write": {"device_start": -1, "host_queued_start": 1585405752.946349, "device_queued": -1, "device_end": -1, "host_queued_end": 1585405752.967388}, "device": "gpu", "nd_range": {"device_start": 1585405692.868278, "device_end": 1585405692.882072}, "cmdq": 3, "read": {"device_start": -1, "device_end": -1}}, "FFC_sans_bias63": {"write": {"device_start": 1585405692.83068, "host_queued_start": 1585405752.940481, "device_queued": 1585405692.7898881, "device_end": 1585405692.8307705, "host_queued_end": 1585405752.967388}, "device": "gpu", "nd_range": {"device_start": 1585405692.8308005, "device_end": 1585405692.846473}, "cmdq": 3, "read": {"device_start": -1, "device_end": -1}}, "FFC_sans_bias49": {"write": {"device_start": -1, "host_queued_start": 1585405752.943614, "device_queued": -1, "device_end": -1, "host_queued_end": 1585405752.967388}, "device": "gpu", "nd_range": {"device_start": 1585405692.8496287, "device_end": 1585405692.859788}, "cmdq": 3, "read": {"device_start": -1, "device_end": -1}}, "FFC_sans_bias64": {"write": {"device_start": 1585405692.8300564, "host_queued_start": 1585405752.933968, "device_queued": 1585405692.7895844, "device_end": 1585405692.830351, "host_queued_end": 1585405752.967388}, "device": "gpu", "nd_range": {"device_start": 1585405692.8303607, "device_end": 1585405692.839458}, "cmdq": 1, "read": {"device_start": -1, "device_end": -1}}, "FFC_sans_bias65": {"write": {"device_start": 1585405692.8303683, "host_queued_start": 1585405752.937218, "device_queued": 1585405692.7897284, "device_end": 1585405692.8305185, "host_queued_end": 1585405752.967388}, "device": "gpu", "nd_range": {"device_start": 1585405692.8305323, "device_end": 1585405692.8429658}, "cmdq": 2, "read": {"device_start": -1, "device_end": -1}}, "FFC_sans_bias67": {"write": {"device_start": -1, "host_queued_start": 1585405752.944238, "device_queued": -1, "device_end": -1, "host_queued_end": 1585405752.967388}, "device": "gpu", "nd_range": {"device_start": 1585405692.8497102, "device_end": 1585405692.8667052}, "cmdq": 0, "read": {"device_start": -1, "device_end": -1}}, "FFC_sans_bias24": {"write": {"device_start": -1, "host_queued_start": 1585405752.946029, "device_queued": -1, "device_end": -1, "host_queued_end": 1585405752.967388}, "device": "gpu", "nd_range": {"device_start": 1585405692.8682685, "device_end": 1585405692.878753}, "cmdq": 2, "read": {"device_start": -1, "device_end": -1}}, "FFC_sans_bias25": {"write": {"device_start": 1585405692.882311, "host_queued_start": 1585405752.950876, "device_queued": 1585405692.7933226, "device_end": 1585405692.8824036, "host_queued_end": 1585405752.967388}, "device": "gpu", "nd_range": {"device_start": 1585405692.8824174, "device_end": 1585405692.8990364}, "cmdq": 3, "read": {"device_start": 1585405692.8990388, "device_end": 1585405692.899128}}, "FFC_sans_bias27": {"write": {"device_start": 1585405692.7863123, "host_queued_start": 1585405752.894513, "device_queued": 1585405692.7858603, "device_end": 1585405692.786432, "host_queued_end": 1585405752.967388}, "device": "gpu", "nd_range": {"device_start": 1585405692.7867002, "device_end": 1585405692.799436}, "cmdq": 4, "read": {"device_start": -1, "device_end": -1}}, "FFC_sans_bias20": {"write": {"device_start": 1585405692.7859612, "host_queued_start": 1585405752.891068, "device_queued": 1585405692.7856023, "device_end": 1585405692.7862818, "host_queued_end": 1585405752.967388}, "device": "gpu", "nd_range": {"device_start": 1585405692.7865934, "device_end": 1585405692.7962308}, "cmdq": 3, "read": {"device_start": -1, "device_end": -1}}, "FFC_sans_bias22": {"write": {"device_start": -1, "host_queued_start": 1585405752.942668, "device_queued": -1, "device_end": -1, "host_queued_end": 1585405752.967388}, "device": "gpu", "nd_range": {"device_start": 1585405692.8462498, "device_end": 1585405692.8496997}, "cmdq": 0, "read": {"device_start": -1, "device_end": -1}}, "softmax68": {"write": {"device_start": -1, "host_queued_start": 1585405752.945718, "device_queued": -1, "device_end": -1, "host_queued_end": 1585405752.967388}, "device": "gpu", "nd_range": {"device_start": 1585405692.8682191, "device_end": 1585405692.86895}, "cmdq": 1, "read": {"device_start": -1, "device_end": -1}}, "softmax5": {"write": {"device_start": -1, "host_queued_start": 1585405752.997684, "device_queued": -1, "device_end": -1, "host_queued_end": 1585405753.007772}, "device": "cpu", "nd_range": {"device_start": 2073527.510250339, "device_end": 2073527.5107230912}, "cmdq": 0, "read": {"device_start": -1, "device_end": -1}}, "FFC_sans_bias28": {"write": {"device_start": 1585405692.7870648, "host_queued_start": 1585405752.897813, "device_queued": 1585405692.786795, "device_end": 1585405692.7871625, "host_queued_end": 1585405752.967388}, "device": "gpu", "nd_range": {"device_start": 1585405692.7871685, "device_end": 1585405692.8027217}, "cmdq": 0, "read": {"device_start": -1, "device_end": -1}}, "FFC_sans_bias29": {"write": {"device_start": 1585405692.7900324, "host_queued_start": 1585405752.901095, "device_queued": 1585405692.787173, "device_end": 1585405692.79013, "host_queued_end": 1585405752.967388}, "device": "gpu", "nd_range": {"device_start": 1585405692.7901354, "device_end": 1585405692.80601}, "cmdq": 1, "read": {"device_start": -1, "device_end": -1}}, "empty17": {"write": {"device_start": -1, "host_queued_start": 1585405752.975153, "device_queued": -1, "device_end": -1, "host_queued_end": 1585405753.007772}, "device": "cpu", "nd_range": {"device_start": 2073527.1973509372, "device_end": 2073527.197352061}, "cmdq": 0, "read": {"device_start": -1, "device_end": -1}}, "softmax59": {"write": {"device_start": -1, "host_queued_start": 1585405752.945472, "device_queued": -1, "device_end": -1, "host_queued_end": 1585405752.967388}, "device": "gpu", "nd_range": {"device_start": 1585405692.866715, "device_end": 1585405692.8682451}, "cmdq": 0, "read": {"device_start": -1, "device_end": -1}}, "empty71": {"write": {"device_start": 1585405692.785028, "host_queued_start": 1585405752.881534, "device_queued": 1585405692.7846823, "device_end": 1585405692.7853093, "host_queued_end": 1585405752.967388}, "device": "gpu", "nd_range": {"device_start": 1585405692.7853174, "device_end": 1585405692.7853215}, "cmdq": 0, "read": {"device_start": -1, "device_end": -1}}, "empty35": {"write": {"device_start": 1585405692.783742, "host_queued_start": 1585405752.871018, "device_queued": 1585405692.7833927, "device_end": 1585405692.784035, "host_queued_end": 1585405752.967388}, "device": "gpu", "nd_range": {"device_start": 1585405692.7843976, "device_end": 1585405692.78442}, "cmdq": 1, "read": {"device_start": -1, "device_end": -1}}, "empty53": {"write": {"device_start": 1585405692.784391, "host_queued_start": 1585405752.876301, "device_queued": 1585405692.7840586, "device_end": 1585405692.784657, "host_queued_end": 1585405752.967388}, "device": "gpu", "nd_range": {"device_start": 1585405692.7846615, "device_end": 1585405692.7846677}, "cmdq": 3, "read": {"device_start": -1, "device_end": -1}}, "FFC_sans_bias46": {"write": {"device_start": 1585405692.8063836, "host_queued_start": 1585405752.917568, "device_queued": 1585405692.7883725, "device_end": 1585405692.8064845, "host_queued_end": 1585405752.967388}, "device": "gpu", "nd_range": {"device_start": 1585405692.806487, "device_end": 1585405692.8228333}, "cmdq": 1, "read": {"device_start": -1, "device_end": -1}}, "coalesced_transpose66": {"write": {"device_start": -1, "host_queued_start": 1585405752.942348, "device_queued": -1, "device_end": -1, "host_queued_end": 1585405752.967388}, "device": "gpu", "nd_range": {"device_start": 1585405692.846203, "device_end": 1585405692.8463428}, "cmdq": 4, "read": {"device_start": -1, "device_end": -1}}, "coalesced_transpose48": {"write": {"device_start": -1, "host_queued_start": 1585405752.941735, "device_queued": -1, "device_end": -1, "host_queued_end": 1585405752.967388}, "device": "gpu", "nd_range": {"device_start": 1585405692.842976, "device_end": 1585405692.84632}, "cmdq": 2, "read": {"device_start": -1, "device_end": -1}}}