{"FFC_sans_bias60": {"write": {"device_start": -1, "host_queued_start": 1585405137.222894, "device_queued": -1, "device_end": -1, "host_queued_end": 1585405137.24943}, "device": "gpu", "nd_range": {"device_start": 1585405077.2438996, "device_end": 1585405077.2476923}, "cmdq": 0, "read": {"device_start": -1, "device_end": -1}}, "FFC_sans_bias4": {"write": {"device_start": -1, "host_queued_start": 1585405137.216337, "device_queued": -1, "device_end": -1, "host_queued_end": 1585405137.24943}, "device": "gpu", "nd_range": {"device_start": 1585405077.1872284, "device_end": 1585405077.1910217}, "cmdq": 0, "read": {"device_start": -1, "device_end": -1}}, "FFC_sans_bias7": {"write": {"device_start": 1585405077.2516863, "host_queued_start": 1585405137.226449, "device_queued": 1585405077.0937166, "device_end": 1585405077.2517788, "host_queued_end": 1585405137.24943}, "device": "gpu", "nd_range": {"device_start": 1585405077.251782, "device_end": 1585405077.255528}, "cmdq": 0, "read": {"device_start": 1585405077.2555335, "device_end": 1585405077.2556193}}, "FFC_sans_bias6": {"write": {"device_start": -1, "host_queued_start": 1585405137.220884, "device_queued": -1, "device_end": -1, "host_queued_end": 1585405137.24943}, "device": "gpu", "nd_range": {"device_start": 1585405077.221267, "device_end": 1585405077.2250466}, "cmdq": 0, "read": {"device_start": -1, "device_end": -1}}, "FFC_sans_bias1": {"write": {"device_start": 1585405077.0896444, "host_queued_start": 1585405137.14127, "device_queued": 1585405077.084259, "device_end": 1585405077.0897384, "host_queued_end": 1585405137.24943}, "device": "gpu", "nd_range": {"device_start": 1585405077.0897446, "device_end": 1585405077.093681}, "cmdq": 0, "read": {"device_start": -1, "device_end": -1}}, "FFC_sans_bias0": {"write": {"device_start": 1585405077.0853508, "host_queued_start": 1585405137.137941, "device_queued": 1585405077.0839248, "device_end": 1585405077.085443, "host_queued_end": 1585405137.24943}, "device": "gpu", "nd_range": {"device_start": 1585405077.0854537, "device_end": 1585405077.089391}, "cmdq": 0, "read": {"device_start": -1, "device_end": -1}}, "FFC_sans_bias2": {"write": {"device_start": 1585405077.0939147, "host_queued_start": 1585405137.144591, "device_queued": 1585405077.0846207, "device_end": 1585405077.094008, "host_queued_end": 1585405137.24943}, "device": "gpu", "nd_range": {"device_start": 1585405077.0940108, "device_end": 1585405077.0980103}, "cmdq": 0, "read": {"device_start": -1, "device_end": -1}}, "FFC_sans_bias61": {"write": {"device_start": 1585405077.2777424, "host_queued_start": 1585405137.246039, "device_queued": 1585405077.0952873, "device_end": 1585405077.277834, "host_queued_end": 1585405137.24943}, "device": "gpu", "nd_range": {"device_start": 1585405077.2778409, "device_end": 1585405077.2815897}, "cmdq": 0, "read": {"device_start": 1585405077.2815967, "device_end": 1585405077.2816823}}, "FFC_sans_bias52": {"write": {"device_start": 1585405077.2733905, "host_queued_start": 1585405137.242758, "device_queued": 1585405077.0950477, "device_end": 1585405077.273482, "host_queued_end": 1585405137.24943}, "device": "gpu", "nd_range": {"device_start": 1585405077.2734857, "device_end": 1585405077.2772355}, "cmdq": 0, "read": {"device_start": 1585405077.277241, "device_end": 1585405077.277326}}, "FFC_sans_bias9": {"write": {"device_start": 1585405077.0982409, "host_queued_start": 1585405137.147897, "device_queued": 1585405077.0849488, "device_end": 1585405077.0983348, "host_queued_end": 1585405137.24943}, "device": "gpu", "nd_range": {"device_start": 1585405077.098342, "device_end": 1585405077.102284}, "cmdq": 0, "read": {"device_start": -1, "device_end": -1}}, "coalesced_transpose39": {"write": {"device_start": -1, "host_queued_start": 1585405137.215118, "device_queued": -1, "device_end": -1, "host_queued_end": 1585405137.24943}, "device": "gpu", "nd_range": {"device_start": 1585405077.1871462, "device_end": 1585405077.1871657}, "cmdq": 0, "read": {"device_start": -1, "device_end": -1}}, "FFC_sans_bias55": {"write": {"device_start": 1585405077.170906, "host_queued_start": 1585405137.203777, "device_queued": 1585405077.088986, "device_end": 1585405077.1709979, "host_queued_end": 1585405137.24943}, "device": "gpu", "nd_range": {"device_start": 1585405077.171002, "device_end": 1585405077.1747944}, "cmdq": 0, "read": {"device_start": -1, "device_end": -1}}, "FFC_sans_bias54": {"write": {"device_start": 1585405077.1667905, "host_queued_start": 1585405137.200477, "device_queued": 1585405077.0887468, "device_end": 1585405077.1668835, "host_queued_end": 1585405137.24943}, "device": "gpu", "nd_range": {"device_start": 1585405077.1668875, "device_end": 1585405077.1706822}, "cmdq": 0, "read": {"device_start": -1, "device_end": -1}}, "FFC_sans_bias56": {"write": {"device_start": 1585405077.1626873, "host_queued_start": 1585405137.197208, "device_queued": 1585405077.0885177, "device_end": 1585405077.16278, "host_queued_end": 1585405137.24943}, "device": "gpu", "nd_range": {"device_start": 1585405077.1627865, "device_end": 1585405077.1665606}, "cmdq": 0, "read": {"device_start": -1, "device_end": -1}}, "FFC_sans_bias51": {"write": {"device_start": -1, "host_queued_start": 1585405137.222579, "device_queued": -1, "device_end": -1, "host_queued_end": 1585405137.24943}, "device": "gpu", "nd_range": {"device_start": 1585405077.2401178, "device_end": 1585405077.2438984}, "cmdq": 0, "read": {"device_start": -1, "device_end": -1}}, "softmax23": {"write": {"device_start": -1, "host_queued_start": 1585405137.219321, "device_queued": -1, "device_end": -1, "host_queued_end": 1585405137.24943}, "device": "gpu", "nd_range": {"device_start": 1585405077.2184262, "device_end": 1585405077.2188976}, "cmdq": 0, "read": {"device_start": -1, "device_end": -1}}, "FFC_sans_bias37": {"write": {"device_start": 1585405077.1411178, "host_queued_start": 1585405137.180795, "device_queued": 1585405077.0873663, "device_end": 1585405077.1412113, "host_queued_end": 1585405137.24943}, "device": "gpu", "nd_range": {"device_start": 1585405077.1412158, "device_end": 1585405077.1451683}, "cmdq": 0, "read": {"device_start": -1, "device_end": -1}}, "empty62": {"write": {"device_start": 1585405077.0846872, "host_queued_start": 1585405137.132558, "device_queued": 1585405077.083579, "device_end": 1585405077.0847802, "host_queued_end": 1585405137.24943}, "device": "gpu", "nd_range": {"device_start": 1585405077.084789, "device_end": 1585405077.0847926}, "cmdq": 0, "read": {"device_start": -1, "device_end": -1}}, "FFC_sans_bias70": {"write": {"device_start": 1585405077.2820914, "host_queued_start": 1585405137.249315, "device_queued": 1585405077.0955377, "device_end": 1585405077.2821848, "host_queued_end": 1585405137.24943}, "device": "gpu", "nd_range": {"device_start": 1585405077.2821927, "device_end": 1585405077.285929}, "cmdq": 0, "read": {"device_start": 1585405077.2859323, "device_end": 1585405077.2860174}}, "FFC_sans_bias58": {"write": {"device_start": -1, "host_queued_start": 1585405137.218227, "device_queued": -1, "device_end": -1, "host_queued_end": 1585405137.24943}, "device": "gpu", "nd_range": {"device_start": 1585405077.209889, "device_end": 1585405077.213684}, "cmdq": 0, "read": {"device_start": -1, "device_end": -1}}, "softmax41": {"write": {"device_start": -1, "host_queued_start": 1585405137.219821, "device_queued": -1, "device_end": -1, "host_queued_end": 1585405137.24943}, "device": "gpu", "nd_range": {"device_start": 1585405077.2193706, "device_end": 1585405077.2198443}, "cmdq": 0, "read": {"device_start": -1, "device_end": -1}}, "FFC_sans_bias11": {"write": {"device_start": 1585405077.1067913, "host_queued_start": 1585405137.154673, "device_queued": 1585405077.085561, "device_end": 1585405077.106884, "host_queued_end": 1585405137.24943}, "device": "gpu", "nd_range": {"device_start": 1585405077.1068914, "device_end": 1585405077.1108553}, "cmdq": 0, "read": {"device_start": -1, "device_end": -1}}, "FFC_sans_bias10": {"write": {"device_start": 1585405077.1025038, "host_queued_start": 1585405137.151366, "device_queued": 1585405077.0853071, "device_end": 1585405077.1025903, "host_queued_end": 1585405137.24943}, "device": "gpu", "nd_range": {"device_start": 1585405077.1025968, "device_end": 1585405077.106558}, "cmdq": 0, "read": {"device_start": -1, "device_end": -1}}, "coalesced_transpose3": {"write": {"device_start": -1, "host_queued_start": 1585405137.213884, "device_queued": -1, "device_end": -1, "host_queued_end": 1585405137.24943}, "device": "gpu", "nd_range": {"device_start": 1585405077.1870666, "device_end": 1585405077.1870847}, "cmdq": 0, "read": {"device_start": -1, "device_end": -1}}, "FFC_sans_bias34": {"write": {"device_start": 1585405077.264714, "host_queued_start": 1585405137.236214, "device_queued": 1585405077.0945587, "device_end": 1585405077.2648058, "host_queued_end": 1585405137.24943}, "device": "gpu", "nd_range": {"device_start": 1585405077.2648103, "device_end": 1585405077.268541}, "cmdq": 0, "read": {"device_start": 1585405077.268545, "device_end": 1585405077.2686303}}, "FFC_sans_bias15": {"write": {"device_start": -1, "host_queued_start": 1585405137.221293, "device_queued": -1, "device_end": -1, "host_queued_end": 1585405137.24943}, "device": "gpu", "nd_range": {"device_start": 1585405077.2250488, "device_end": 1585405077.228812}, "cmdq": 0, "read": {"device_start": -1, "device_end": -1}}, "FFC_sans_bias31": {"write": {"device_start": -1, "host_queued_start": 1585405137.217284, "device_queued": -1, "device_end": -1, "host_queued_end": 1585405137.24943}, "device": "gpu", "nd_range": {"device_start": 1585405077.1985736, "device_end": 1585405077.202349}, "cmdq": 0, "read": {"device_start": -1, "device_end": -1}}, "FFC_sans_bias16": {"write": {"device_start": 1585405077.2560296, "host_queued_start": 1585405137.229722, "device_queued": 1585405077.0940197, "device_end": 1585405077.256121, "host_queued_end": 1585405137.24943}, "device": "gpu", "nd_range": {"device_start": 1585405077.2561247, "device_end": 1585405077.259872}, "cmdq": 0, "read": {"device_start": 1585405077.2598777, "device_end": 1585405077.2599666}}, "FFC_sans_bias19": {"write": {"device_start": 1585405077.115351, "host_queued_start": 1585405137.161257, "device_queued": 1585405077.0860043, "device_end": 1585405077.1154442, "host_queued_end": 1585405137.24943}, "device": "gpu", "nd_range": {"device_start": 1585405077.115449, "device_end": 1585405077.1194203}, "cmdq": 0, "read": {"device_start": -1, "device_end": -1}}, "FFC_sans_bias18": {"write": {"device_start": 1585405077.1110828, "host_queued_start": 1585405137.157987, "device_queued": 1585405077.0857844, "device_end": 1585405077.1111748, "host_queued_end": 1585405137.24943}, "device": "gpu", "nd_range": {"device_start": 1585405077.111178, "device_end": 1585405077.1151204}, "cmdq": 0, "read": {"device_start": -1, "device_end": -1}}, "coalesced_transpose30": {"write": {"device_start": -1, "host_queued_start": 1585405137.214815, "device_queued": -1, "device_end": -1, "host_queued_end": 1585405137.24943}, "device": "gpu", "nd_range": {"device_start": 1585405077.187126, "device_end": 1585405077.187145}, "cmdq": 0, "read": {"device_start": -1, "device_end": -1}}, "FFC_sans_bias69": {"write": {"device_start": -1, "host_queued_start": 1585405137.223208, "device_queued": -1, "device_end": -1, "host_queued_end": 1585405137.24943}, "device": "gpu", "nd_range": {"device_start": 1585405077.2476933, "device_end": 1585405077.2514627}, "cmdq": 0, "read": {"device_start": -1, "device_end": -1}}, "FFC_sans_bias38": {"write": {"device_start": 1585405077.1453931, "host_queued_start": 1585405137.1841, "device_queued": 1585405077.0876045, "device_end": 1585405077.1454852, "host_queued_end": 1585405137.24943}, "device": "gpu", "nd_range": {"device_start": 1585405077.14549, "device_end": 1585405077.1494472}, "cmdq": 0, "read": {"device_start": -1, "device_end": -1}}, "coalesced_transpose57": {"write": {"device_start": -1, "host_queued_start": 1585405137.215718, "device_queued": -1, "device_end": -1, "host_queued_end": 1585405137.24943}, "device": "gpu", "nd_range": {"device_start": 1585405077.1871872, "device_end": 1585405077.1872075}, "cmdq": 0, "read": {"device_start": -1, "device_end": -1}}, "empty26": {"write": {"device_start": 1585405077.0832753, "host_queued_start": 1585405137.12209, "device_queued": 1585405077.0828054, "device_end": 1585405077.083369, "host_queued_end": 1585405137.24943}, "device": "gpu", "nd_range": {"device_start": 1585405077.083378, "device_end": 1585405077.083382}, "cmdq": 0, "read": {"device_start": -1, "device_end": -1}}, "coalesced_transpose12": {"write": {"device_start": -1, "host_queued_start": 1585405137.214197, "device_queued": -1, "device_end": -1, "host_queued_end": 1585405137.24943}, "device": "gpu", "nd_range": {"device_start": 1585405077.1870856, "device_end": 1585405077.1871045}, "cmdq": 0, "read": {"device_start": -1, "device_end": -1}}, "empty44": {"write": {"device_start": 1585405077.084, "host_queued_start": 1585405137.127362, "device_queued": 1585405077.0832226, "device_end": 1585405077.0840921, "host_queued_end": 1585405137.24943}, "device": "gpu", "nd_range": {"device_start": 1585405077.084095, "device_end": 1585405077.084099}, "cmdq": 0, "read": {"device_start": -1, "device_end": -1}}, "coalesced_transpose21": {"write": {"device_start": -1, "host_queued_start": 1585405137.214502, "device_queued": -1, "device_end": -1, "host_queued_end": 1585405137.24943}, "device": "gpu", "nd_range": {"device_start": 1585405077.187106, "device_end": 1585405077.1871247}, "cmdq": 0, "read": {"device_start": -1, "device_end": -1}}, "FFC_sans_bias36": {"write": {"device_start": 1585405077.1368294, "host_queued_start": 1585405137.177531, "device_queued": 1585405077.0871413, "device_end": 1585405077.136921, "host_queued_end": 1585405137.24943}, "device": "gpu", "nd_range": {"device_start": 1585405077.1369252, "device_end": 1585405077.1408937}, "cmdq": 0, "read": {"device_start": -1, "device_end": -1}}, "softmax14": {"write": {"device_start": -1, "host_queued_start": 1585405137.219077, "device_queued": -1, "device_end": -1, "host_queued_end": 1585405137.24943}, "device": "gpu", "nd_range": {"device_start": 1585405077.2179513, "device_end": 1585405077.2184253}, "cmdq": 0, "read": {"device_start": -1, "device_end": -1}}, "FFC_sans_bias13": {"write": {"device_start": -1, "host_queued_start": 1585405137.216654, "device_queued": -1, "device_end": -1, "host_queued_end": 1585405137.24943}, "device": "gpu", "nd_range": {"device_start": 1585405077.1910226, "device_end": 1585405077.1948106}, "cmdq": 0, "read": {"device_start": -1, "device_end": -1}}, "empty8": {"write": {"device_start": 1585405077.082467, "host_queued_start": 1585405137.116043, "device_queued": 1585405077.0820973, "device_end": 1585405077.0825605, "host_queued_end": 1585405137.24943}, "device": "gpu", "nd_range": {"device_start": 1585405077.0825715, "device_end": 1585405077.0825763}, "cmdq": 0, "read": {"device_start": -1, "device_end": -1}}, "FFC_sans_bias42": {"write": {"device_start": -1, "host_queued_start": 1585405137.222259, "device_queued": -1, "device_end": -1, "host_queued_end": 1585405137.24943}, "device": "gpu", "nd_range": {"device_start": 1585405077.2363753, "device_end": 1585405077.2401168}, "cmdq": 0, "read": {"device_start": -1, "device_end": -1}}, "FFC_sans_bias43": {"write": {"device_start": 1585405077.2690425, "host_queued_start": 1585405137.23946, "device_queued": 1585405077.0948064, "device_end": 1585405077.269135, "host_queued_end": 1585405137.24943}, "device": "gpu", "nd_range": {"device_start": 1585405077.269142, "device_end": 1585405077.272879}, "cmdq": 0, "read": {"device_start": 1585405077.2728815, "device_end": 1585405077.272974}}, "FFC_sans_bias40": {"write": {"device_start": -1, "host_queued_start": 1585405137.217597, "device_queued": -1, "device_end": -1, "host_queued_end": 1585405137.24943}, "device": "gpu", "nd_range": {"device_start": 1585405077.20235, "device_end": 1585405077.2061255}, "cmdq": 0, "read": {"device_start": -1, "device_end": -1}}, "softmax32": {"write": {"device_start": -1, "host_queued_start": 1585405137.219568, "device_queued": -1, "device_end": -1, "host_queued_end": 1585405137.24943}, "device": "gpu", "nd_range": {"device_start": 1585405077.2188985, "device_end": 1585405077.2193696}, "cmdq": 0, "read": {"device_start": -1, "device_end": -1}}, "FFC_sans_bias47": {"write": {"device_start": 1585405077.1582289, "host_queued_start": 1585405137.193963, "device_queued": 1585405077.0882876, "device_end": 1585405077.1583226, "host_queued_end": 1585405137.24943}, "device": "gpu", "nd_range": {"device_start": 1585405077.1583264, "device_end": 1585405077.1624563}, "cmdq": 0, "read": {"device_start": -1, "device_end": -1}}, "FFC_sans_bias45": {"write": {"device_start": 1585405077.1496713, "host_queued_start": 1585405137.187405, "device_queued": 1585405077.0878315, "device_end": 1585405077.1497645, "host_queued_end": 1585405137.24943}, "device": "gpu", "nd_range": {"device_start": 1585405077.1497693, "device_end": 1585405077.1537132}, "cmdq": 0, "read": {"device_start": -1, "device_end": -1}}, "softmax50": {"write": {"device_start": -1, "host_queued_start": 1585405137.220065, "device_queued": -1, "device_end": -1, "host_queued_end": 1585405137.24943}, "device": "gpu", "nd_range": {"device_start": 1585405077.2198458, "device_end": 1585405077.2203178}, "cmdq": 0, "read": {"device_start": -1, "device_end": -1}}, "FFC_sans_bias33": {"write": {"device_start": -1, "host_queued_start": 1585405137.221941, "device_queued": -1, "device_end": -1, "host_queued_end": 1585405137.24943}, "device": "gpu", "nd_range": {"device_start": 1585405077.2325795, "device_end": 1585405077.2363741}, "cmdq": 0, "read": {"device_start": -1, "device_end": -1}}, "FFC_sans_bias63": {"write": {"device_start": 1585405077.1832094, "host_queued_start": 1585405137.213547, "device_queued": 1585405077.0899043, "device_end": 1585405077.1833022, "host_queued_end": 1585405137.24943}, "device": "gpu", "nd_range": {"device_start": 1585405077.183305, "device_end": 1585405077.1870646}, "cmdq": 0, "read": {"device_start": -1, "device_end": -1}}, "FFC_sans_bias49": {"write": {"device_start": -1, "host_queued_start": 1585405137.217911, "device_queued": -1, "device_end": -1, "host_queued_end": 1585405137.24943}, "device": "gpu", "nd_range": {"device_start": 1585405077.2061265, "device_end": 1585405077.2098877}, "cmdq": 0, "read": {"device_start": -1, "device_end": -1}}, "FFC_sans_bias64": {"write": {"device_start": 1585405077.1750193, "host_queued_start": 1585405137.207063, "device_queued": 1585405077.0892284, "device_end": 1585405077.1751118, "host_queued_end": 1585405137.24943}, "device": "gpu", "nd_range": {"device_start": 1585405077.1751156, "device_end": 1585405077.1788938}, "cmdq": 0, "read": {"device_start": -1, "device_end": -1}}, "FFC_sans_bias65": {"write": {"device_start": 1585405077.1791165, "host_queued_start": 1585405137.210303, "device_queued": 1585405077.0895133, "device_end": 1585405077.1792085, "host_queued_end": 1585405137.24943}, "device": "gpu", "nd_range": {"device_start": 1585405077.1792135, "device_end": 1585405077.1829848}, "cmdq": 0, "read": {"device_start": -1, "device_end": -1}}, "FFC_sans_bias67": {"write": {"device_start": -1, "host_queued_start": 1585405137.21856, "device_queued": -1, "device_end": -1, "host_queued_end": 1585405137.24943}, "device": "gpu", "nd_range": {"device_start": 1585405077.213685, "device_end": 1585405077.2174747}, "cmdq": 0, "read": {"device_start": -1, "device_end": -1}}, "FFC_sans_bias24": {"write": {"device_start": -1, "host_queued_start": 1585405137.221624, "device_queued": -1, "device_end": -1, "host_queued_end": 1585405137.24943}, "device": "gpu", "nd_range": {"device_start": 1585405077.228813, "device_end": 1585405077.232578}, "cmdq": 0, "read": {"device_start": -1, "device_end": -1}}, "FFC_sans_bias25": {"write": {"device_start": 1585405077.2603805, "host_queued_start": 1585405137.232969, "device_queued": 1585405077.094297, "device_end": 1585405077.260472, "host_queued_end": 1585405137.24943}, "device": "gpu", "nd_range": {"device_start": 1585405077.2604768, "device_end": 1585405077.264218}, "cmdq": 0, "read": {"device_start": 1585405077.2642202, "device_end": 1585405077.2643058}}, "FFC_sans_bias27": {"write": {"device_start": 1585405077.1239464, "host_queued_start": 1585405137.167797, "device_queued": 1585405077.0864415, "device_end": 1585405077.1240401, "host_queued_end": 1585405137.24943}, "device": "gpu", "nd_range": {"device_start": 1585405077.1240475, "device_end": 1585405077.128018}, "cmdq": 0, "read": {"device_start": -1, "device_end": -1}}, "FFC_sans_bias20": {"write": {"device_start": 1585405077.1196487, "host_queued_start": 1585405137.164537, "device_queued": 1585405077.0862174, "device_end": 1585405077.1197417, "host_queued_end": 1585405137.24943}, "device": "gpu", "nd_range": {"device_start": 1585405077.1197476, "device_end": 1585405077.1237192}, "cmdq": 0, "read": {"device_start": -1, "device_end": -1}}, "FFC_sans_bias22": {"write": {"device_start": -1, "host_queued_start": 1585405137.216966, "device_queued": -1, "device_end": -1, "host_queued_end": 1585405137.24943}, "device": "gpu", "nd_range": {"device_start": 1585405077.1948118, "device_end": 1585405077.1985726}, "cmdq": 0, "read": {"device_start": -1, "device_end": -1}}, "softmax68": {"write": {"device_start": -1, "host_queued_start": 1585405137.220556, "device_queued": -1, "device_end": -1, "host_queued_end": 1585405137.24943}, "device": "gpu", "nd_range": {"device_start": 1585405077.2207916, "device_end": 1585405077.221266}, "cmdq": 0, "read": {"device_start": -1, "device_end": -1}}, "softmax5": {"write": {"device_start": -1, "host_queued_start": 1585405137.218825, "device_queued": -1, "device_end": -1, "host_queued_end": 1585405137.24943}, "device": "gpu", "nd_range": {"device_start": 1585405077.2174757, "device_end": 1585405077.2179503}, "cmdq": 0, "read": {"device_start": -1, "device_end": -1}}, "FFC_sans_bias28": {"write": {"device_start": 1585405077.128247, "host_queued_start": 1585405137.171058, "device_queued": 1585405077.0866888, "device_end": 1585405077.1283395, "host_queued_end": 1585405137.24943}, "device": "gpu", "nd_range": {"device_start": 1585405077.128344, "device_end": 1585405077.1323018}, "cmdq": 0, "read": {"device_start": -1, "device_end": -1}}, "FFC_sans_bias29": {"write": {"device_start": 1585405077.1325305, "host_queued_start": 1585405137.174282, "device_queued": 1585405077.0869167, "device_end": 1585405077.132624, "host_queued_end": 1585405137.24943}, "device": "gpu", "nd_range": {"device_start": 1585405077.1326287, "device_end": 1585405077.1366026}, "cmdq": 0, "read": {"device_start": -1, "device_end": -1}}, "empty17": {"write": {"device_start": 1585405077.0828838, "host_queued_start": 1585405137.119448, "device_queued": 1585405077.0825756, "device_end": 1585405077.0829775, "host_queued_end": 1585405137.24943}, "device": "gpu", "nd_range": {"device_start": 1585405077.0829837, "device_end": 1585405077.0829875}, "cmdq": 0, "read": {"device_start": -1, "device_end": -1}}, "softmax59": {"write": {"device_start": -1, "host_queued_start": 1585405137.220312, "device_queued": -1, "device_end": -1, "host_queued_end": 1585405137.24943}, "device": "gpu", "nd_range": {"device_start": 1585405077.2203188, "device_end": 1585405077.2207906}, "cmdq": 0, "read": {"device_start": -1, "device_end": -1}}, "empty71": {"write": {"device_start": 1585405077.0850291, "host_queued_start": 1585405137.13516, "device_queued": 1585405077.0837774, "device_end": 1585405077.0851223, "host_queued_end": 1585405137.24943}, "device": "gpu", "nd_range": {"device_start": 1585405077.085133, "device_end": 1585405077.0851367}, "cmdq": 0, "read": {"device_start": -1, "device_end": -1}}, "empty35": {"write": {"device_start": 1585405077.0836458, "host_queued_start": 1585405137.124759, "device_queued": 1585405077.0830421, "device_end": 1585405077.0837393, "host_queued_end": 1585405137.24943}, "device": "gpu", "nd_range": {"device_start": 1585405077.0837467, "device_end": 1585405077.0837502}, "cmdq": 0, "read": {"device_start": -1, "device_end": -1}}, "empty53": {"write": {"device_start": 1585405077.0843494, "host_queued_start": 1585405137.129949, "device_queued": 1585405077.0834203, "device_end": 1585405077.0844433, "host_queued_end": 1585405137.24943}, "device": "gpu", "nd_range": {"device_start": 1585405077.0844495, "device_end": 1585405077.0844529}, "cmdq": 0, "read": {"device_start": -1, "device_end": -1}}, "FFC_sans_bias46": {"write": {"device_start": 1585405077.1539373, "host_queued_start": 1585405137.190676, "device_queued": 1585405077.0880566, "device_end": 1585405077.1540296, "host_queued_end": 1585405137.24943}, "device": "gpu", "nd_range": {"device_start": 1585405077.1540344, "device_end": 1585405077.1580029}, "cmdq": 0, "read": {"device_start": -1, "device_end": -1}}, "coalesced_transpose66": {"write": {"device_start": -1, "host_queued_start": 1585405137.216026, "device_queued": -1, "device_end": -1, "host_queued_end": 1585405137.24943}, "device": "gpu", "nd_range": {"device_start": 1585405077.1872087, "device_end": 1585405077.1872275}, "cmdq": 0, "read": {"device_start": -1, "device_end": -1}}, "coalesced_transpose48": {"write": {"device_start": -1, "host_queued_start": 1585405137.215417, "device_queued": -1, "device_end": -1, "host_queued_end": 1585405137.24943}, "device": "gpu", "nd_range": {"device_start": 1585405077.187167, "device_end": 1585405077.1871862}, "cmdq": 0, "read": {"device_start": -1, "device_end": -1}}}