{"FFC_sans_bias60": {"write": {"device_start": -1, "host_queued_start": 1585405832.246127, "device_queued": -1, "device_end": -1, "host_queued_end": 1585405832.262821}, "device": "gpu", "nd_range": {"device_start": 1585405772.1447213, "device_end": 1585405772.1570065}, "cmdq": 3, "read": {"device_start": -1, "device_end": -1}}, "FFC_sans_bias4": {"write": {"device_start": -1, "host_queued_start": 1585405832.305522, "device_queued": -1, "device_end": -1, "host_queued_end": 1585405832.317909}, "device": "cpu", "nd_range": {"device_start": 2073606.8858372462, "device_end": 2073607.0042569472}, "cmdq": 0, "read": {"device_start": -1, "device_end": -1}}, "FFC_sans_bias7": {"write": {"device_start": -1, "host_queued_start": 1585405832.311411, "device_queued": -1, "device_end": -1, "host_queued_end": 1585405832.317909}, "device": "cpu", "nd_range": {"device_start": 2073607.081480096, "device_end": 2073607.1430945962}, "cmdq": 0, "read": {"device_start": -1, "device_end": -1}}, "FFC_sans_bias6": {"write": {"device_start": -1, "host_queued_start": 1585405832.307428, "device_queued": -1, "device_end": -1, "host_queued_end": 1585405832.317909}, "device": "cpu", "nd_range": {"device_start": 2073607.0055407512, "device_end": 2073607.0812996181}, "cmdq": 0, "read": {"device_start": -1, "device_end": -1}}, "FFC_sans_bias1": {"write": {"device_start": -1, "host_queued_start": 1585405832.279889, "device_queued": -1, "device_end": -1, "host_queued_end": 1585405832.317909}, "device": "cpu", "nd_range": {"device_start": 2073606.5075886801, "device_end": 2073606.571051015}, "cmdq": 1, "read": {"device_start": -1, "device_end": -1}}, "FFC_sans_bias0": {"write": {"device_start": -1, "host_queued_start": 1585405832.276357, "device_queued": -1, "device_end": -1, "host_queued_end": 1585405832.317909}, "device": "cpu", "nd_range": {"device_start": 2073606.507560996, "device_end": 2073606.6316604542}, "cmdq": 0, "read": {"device_start": -1, "device_end": -1}}, "FFC_sans_bias2": {"write": {"device_start": -1, "host_queued_start": 1585405832.283373, "device_queued": -1, "device_end": -1, "host_queued_end": 1585405832.317909}, "device": "cpu", "nd_range": {"device_start": 2073606.5075609991, "device_end": 2073606.6326294781}, "cmdq": 2, "read": {"device_start": -1, "device_end": -1}}, "FFC_sans_bias61": {"write": {"device_start": 1585405772.1572316, "host_queued_start": 1585405832.259453, "device_queued": 1585405772.0855238, "device_end": 1585405772.1573243, "host_queued_end": 1585405832.262821}, "device": "gpu", "nd_range": {"device_start": 1585405772.1573296, "device_end": 1585405772.1732597}, "cmdq": 3, "read": {"device_start": 1585405772.173268, "device_end": 1585405772.173354}}, "FFC_sans_bias52": {"write": {"device_start": 1585405772.1510262, "host_queued_start": 1585405832.256194, "device_queued": 1585405772.0853786, "device_end": 1585405772.1511188, "host_queued_end": 1585405832.262821}, "device": "gpu", "nd_range": {"device_start": 1585405772.1511292, "device_end": 1585405772.1634765}, "cmdq": 2, "read": {"device_start": 1585405772.1634827, "device_end": 1585405772.1635804}}, "FFC_sans_bias9": {"write": {"device_start": -1, "host_queued_start": 1585405832.286852, "device_queued": -1, "device_end": -1, "host_queued_end": 1585405832.317909}, "device": "cpu", "nd_range": {"device_start": 2073606.6545239321, "device_end": 2073606.7483454382}, "cmdq": 0, "read": {"device_start": -1, "device_end": -1}}, "coalesced_transpose39": {"write": {"device_start": -1, "host_queued_start": 1585405832.241043, "device_queued": -1, "device_end": -1, "host_queued_end": 1585405832.262821}, "device": "gpu", "nd_range": {"device_start": 1585405772.1177745, "device_end": 1585405772.1273518}, "cmdq": 1, "read": {"device_start": -1, "device_end": -1}}, "FFC_sans_bias55": {"write": {"device_start": 1585405772.1018674, "host_queued_start": 1585405832.230604, "device_queued": 1585405772.0816636, "device_end": 1585405772.1019676, "host_queued_end": 1585405832.262821}, "device": "gpu", "nd_range": {"device_start": 1585405772.1019702, "device_end": 1585405772.1177719}, "cmdq": 1, "read": {"device_start": -1, "device_end": -1}}, "FFC_sans_bias54": {"write": {"device_start": 1585405772.0986302, "host_queued_start": 1585405832.227324, "device_queued": 1585405772.0814276, "device_end": 1585405772.0987308, "host_queued_end": 1585405832.262821}, "device": "gpu", "nd_range": {"device_start": 1585405772.0987475, "device_end": 1585405772.1145127}, "cmdq": 0, "read": {"device_start": -1, "device_end": -1}}, "FFC_sans_bias56": {"write": {"device_start": 1585405772.0953279, "host_queued_start": 1585405832.224044, "device_queued": 1585405772.0808718, "device_end": 1585405772.0954282, "host_queued_end": 1585405832.262821}, "device": "gpu", "nd_range": {"device_start": 1585405772.0954337, "device_end": 1585405772.1112578}, "cmdq": 4, "read": {"device_start": -1, "device_end": -1}}, "FFC_sans_bias51": {"write": {"device_start": -1, "host_queued_start": 1585405832.245811, "device_queued": -1, "device_end": -1, "host_queued_end": 1585405832.262821}, "device": "gpu", "nd_range": {"device_start": 1585405772.1415007, "device_end": 1585405772.1471727}, "cmdq": 2, "read": {"device_start": -1, "device_end": -1}}, "softmax23": {"write": {"device_start": -1, "host_queued_start": 1585405832.307073, "device_queued": -1, "device_end": -1, "host_queued_end": 1585405832.317909}, "device": "cpu", "nd_range": {"device_start": 2073606.9918415172, "device_end": 2073606.992830347}, "cmdq": 2, "read": {"device_start": -1, "device_end": -1}}, "FFC_sans_bias37": {"write": {"device_start": 1585405772.0797951, "host_queued_start": 1585405832.207545, "device_queued": 1585405772.0793655, "device_end": 1585405772.0799105, "host_queued_end": 1585405832.262821}, "device": "gpu", "nd_range": {"device_start": 1585405772.0801375, "device_end": 1585405772.0949383}, "cmdq": 4, "read": {"device_start": -1, "device_end": -1}}, "empty62": {"write": {"device_start": 1585405772.0777862, "host_queued_start": 1585405832.188564, "device_queued": 1585405772.077429, "device_end": 1585405772.0780802, "host_queued_end": 1585405832.262821}, "device": "gpu", "nd_range": {"device_start": 1585405772.0780857, "device_end": 1585405772.0780897}, "cmdq": 3, "read": {"device_start": -1, "device_end": -1}}, "FFC_sans_bias70": {"write": {"device_start": 1585405772.1702154, "host_queued_start": 1585405832.262712, "device_queued": 1585405772.085664, "device_end": 1585405772.1703057, "host_queued_end": 1585405832.262821}, "device": "gpu", "nd_range": {"device_start": 1585405772.170308, "device_end": 1585405772.1764214}, "cmdq": 4, "read": {"device_start": 1585405772.1764247, "device_end": 1585405772.17652}}, "FFC_sans_bias58": {"write": {"device_start": -1, "host_queued_start": 1585405832.243258, "device_queued": -1, "device_end": -1, "host_queued_end": 1585405832.262821}, "device": "gpu", "nd_range": {"device_start": 1585405772.127409, "device_end": 1585405772.140646}, "cmdq": 3, "read": {"device_start": -1, "device_end": -1}}, "softmax41": {"write": {"device_start": -1, "host_queued_start": 1585405832.244104, "device_queued": -1, "device_end": -1, "host_queued_end": 1585405832.262821}, "device": "gpu", "nd_range": {"device_start": 1585405772.134096, "device_end": 1585405772.1423059}, "cmdq": 1, "read": {"device_start": -1, "device_end": -1}}, "FFC_sans_bias11": {"write": {"device_start": -1, "host_queued_start": 1585405832.293777, "device_queued": -1, "device_end": -1, "host_queued_end": 1585405832.317909}, "device": "cpu", "nd_range": {"device_start": 2073606.6326432351, "device_end": 2073606.744446773}, "cmdq": 2, "read": {"device_start": -1, "device_end": -1}}, "FFC_sans_bias10": {"write": {"device_start": -1, "host_queued_start": 1585405832.290302, "device_queued": -1, "device_end": -1, "host_queued_end": 1585405832.317909}, "device": "cpu", "nd_range": {"device_start": 2073606.5712711832, "device_end": 2073606.6633472692}, "cmdq": 1, "read": {"device_start": -1, "device_end": -1}}, "coalesced_transpose3": {"write": {"device_start": -1, "host_queued_start": 1585405832.304489, "device_queued": -1, "device_end": -1, "host_queued_end": 1585405832.317909}, "device": "cpu", "nd_range": {"device_start": 2073606.8845280162, "device_end": 2073606.885679684}, "cmdq": 0, "read": {"device_start": -1, "device_end": -1}}, "FFC_sans_bias34": {"write": {"device_start": 1585405772.1506886, "host_queued_start": 1585405832.249646, "device_queued": 1585405772.0849354, "device_end": 1585405772.1507845, "host_queued_end": 1585405832.262821}, "device": "gpu", "nd_range": {"device_start": 1585405772.1507936, "device_end": 1585405772.1602218}, "cmdq": 0, "read": {"device_start": 1585405772.1602228, "device_end": 1585405772.1603167}}, "FFC_sans_bias15": {"write": {"device_start": -1, "host_queued_start": 1585405832.307792, "device_queued": -1, "device_end": -1, "host_queued_end": 1585405832.317909}, "device": "cpu", "nd_range": {"device_start": 2073606.8779532001, "device_end": 2073606.934638018}, "cmdq": 1, "read": {"device_start": -1, "device_end": -1}}, "FFC_sans_bias31": {"write": {"device_start": -1, "host_queued_start": 1585405832.242271, "device_queued": -1, "device_end": -1, "host_queued_end": 1585405832.262821}, "device": "gpu", "nd_range": {"device_start": 1585405772.1273282, "device_end": 1585405772.1307912}, "cmdq": 0, "read": {"device_start": -1, "device_end": -1}}, "FFC_sans_bias16": {"write": {"device_start": -1, "host_queued_start": 1585405832.314646, "device_queued": -1, "device_end": -1, "host_queued_end": 1585405832.317909}, "device": "cpu", "nd_range": {"device_start": 2073606.9346571532, "device_end": 2073607.040644492}, "cmdq": 1, "read": {"device_start": -1, "device_end": -1}}, "FFC_sans_bias19": {"write": {"device_start": -1, "host_queued_start": 1585405832.300678, "device_queued": -1, "device_end": -1, "host_queued_end": 1585405832.317909}, "device": "cpu", "nd_range": {"device_start": 2073606.663368263, "device_end": 2073606.7971104481}, "cmdq": 1, "read": {"device_start": -1, "device_end": -1}}, "FFC_sans_bias18": {"write": {"device_start": -1, "host_queued_start": 1585405832.297221, "device_queued": -1, "device_end": -1, "host_queued_end": 1585405832.317909}, "device": "cpu", "nd_range": {"device_start": 2073606.7484869591, "device_end": 2073606.8843603162}, "cmdq": 0, "read": {"device_start": -1, "device_end": -1}}, "coalesced_transpose30": {"write": {"device_start": -1, "host_queued_start": 1585405832.240738, "device_queued": -1, "device_end": -1, "host_queued_end": 1585405832.262821}, "device": "gpu", "nd_range": {"device_start": 1585405772.114514, "device_end": 1585405772.1273267}, "cmdq": 0, "read": {"device_start": -1, "device_end": -1}}, "FFC_sans_bias69": {"write": {"device_start": -1, "host_queued_start": 1585405832.246439, "device_queued": -1, "device_end": -1, "host_queued_end": 1585405832.262821}, "device": "gpu", "nd_range": {"device_start": 1585405772.154494, "device_end": 1585405772.169989}, "cmdq": 4, "read": {"device_start": -1, "device_end": -1}}, "FFC_sans_bias38": {"write": {"device_start": 1585405772.0822089, "host_queued_start": 1585405832.210893, "device_queued": 1585405772.080237, "device_end": 1585405772.082308, "host_queued_end": 1585405832.262821}, "device": "gpu", "nd_range": {"device_start": 1585405772.082311, "device_end": 1585405772.0982425}, "cmdq": 0, "read": {"device_start": -1, "device_end": -1}}, "coalesced_transpose57": {"write": {"device_start": -1, "host_queued_start": 1585405832.241654, "device_queued": -1, "device_end": -1, "host_queued_end": 1585405832.262821}, "device": "gpu", "nd_range": {"device_start": 1585405772.1243322, "device_end": 1585405772.127408}, "cmdq": 3, "read": {"device_start": -1, "device_end": -1}}, "empty26": {"write": {"device_start": -1, "host_queued_start": 1585405832.273174, "device_queued": -1, "device_end": -1, "host_queued_end": 1585405832.317909}, "device": "cpu", "nd_range": {"device_start": 2073606.507523654, "device_end": 2073606.50753757}, "cmdq": 2, "read": {"device_start": -1, "device_end": -1}}, "coalesced_transpose12": {"write": {"device_start": -1, "host_queued_start": 1585405832.304826, "device_queued": -1, "device_end": -1, "host_queued_end": 1585405832.317909}, "device": "cpu", "nd_range": {"device_start": 2073606.797133444, "device_end": 2073606.7982307381}, "cmdq": 1, "read": {"device_start": -1, "device_end": -1}}, "empty44": {"write": {"device_start": 1585405772.077138, "host_queued_start": 1585405832.183256, "device_queued": 1585405772.0768356, "device_end": 1585405772.077408, "host_queued_end": 1585405832.262821}, "device": "gpu", "nd_range": {"device_start": 1585405772.07778, "device_end": 1585405772.0777965}, "cmdq": 1, "read": {"device_start": -1, "device_end": -1}}, "coalesced_transpose21": {"write": {"device_start": -1, "host_queued_start": 1585405832.305155, "device_queued": -1, "device_end": -1, "host_queued_end": 1585405832.317909}, "device": "cpu", "nd_range": {"device_start": 2073606.81844398, "device_end": 2073606.8195546332}, "cmdq": 2, "read": {"device_start": -1, "device_end": -1}}, "FFC_sans_bias36": {"write": {"device_start": 1585405772.0794094, "host_queued_start": 1585405832.20401, "device_queued": 1585405772.079058, "device_end": 1585405772.0796616, "host_queued_end": 1585405832.262821}, "device": "gpu", "nd_range": {"device_start": 1585405772.0800366, "device_end": 1585405772.0916333}, "cmdq": 3, "read": {"device_start": -1, "device_end": -1}}, "softmax14": {"write": {"device_start": -1, "host_queued_start": 1585405832.306792, "device_queued": -1, "device_end": -1, "host_queued_end": 1585405832.317909}, "device": "cpu", "nd_range": {"device_start": 2073606.8767476692, "device_end": 2073606.877940555}, "cmdq": 1, "read": {"device_start": -1, "device_end": -1}}, "FFC_sans_bias13": {"write": {"device_start": -1, "host_queued_start": 1585405832.305869, "device_queued": -1, "device_end": -1, "host_queued_end": 1585405832.317909}, "device": "cpu", "nd_range": {"device_start": 2073606.7982427492, "device_end": 2073606.876724515}, "cmdq": 1, "read": {"device_start": -1, "device_end": -1}}, "empty8": {"write": {"device_start": -1, "host_queued_start": 1585405832.267298, "device_queued": -1, "device_end": -1, "host_queued_end": 1585405832.317909}, "device": "cpu", "nd_range": {"device_start": 2073606.5075237271, "device_end": 2073606.5075375722}, "cmdq": 0, "read": {"device_start": -1, "device_end": -1}}, "FFC_sans_bias42": {"write": {"device_start": -1, "host_queued_start": 1585405832.245493, "device_queued": -1, "device_end": -1, "host_queued_end": 1585405832.262821}, "device": "gpu", "nd_range": {"device_start": 1585405772.1423068, "device_end": 1585405772.1537416}, "cmdq": 1, "read": {"device_start": -1, "device_end": -1}}, "FFC_sans_bias43": {"write": {"device_start": 1585405772.15397, "host_queued_start": 1585405832.252926, "device_queued": 1585405772.0851831, "device_end": 1585405772.1540613, "host_queued_end": 1585405832.262821}, "device": "gpu", "nd_range": {"device_start": 1585405772.154069, "device_end": 1585405772.166745}, "cmdq": 1, "read": {"device_start": 1585405772.1667478, "device_end": 1585405772.1668367}}, "FFC_sans_bias40": {"write": {"device_start": -1, "host_queued_start": 1585405832.242594, "device_queued": -1, "device_end": -1, "host_queued_end": 1585405832.262821}, "device": "gpu", "nd_range": {"device_start": 1585405772.1273527, "device_end": 1585405772.1340947}, "cmdq": 1, "read": {"device_start": -1, "device_end": -1}}, "softmax32": {"write": {"device_start": -1, "host_queued_start": 1585405832.243846, "device_queued": -1, "device_end": -1, "host_queued_end": 1585405832.262821}, "device": "gpu", "nd_range": {"device_start": 1585405772.1307924, "device_end": 1585405772.1423023}, "cmdq": 0, "read": {"device_start": -1, "device_end": -1}}, "FFC_sans_bias47": {"write": {"device_start": 1585405772.0920038, "host_queued_start": 1585405832.220752, "device_queued": 1585405772.0807447, "device_end": 1585405772.0921044, "host_queued_end": 1585405832.262821}, "device": "gpu", "nd_range": {"device_start": 1585405772.0921195, "device_end": 1585405772.1080012}, "cmdq": 3, "read": {"device_start": -1, "device_end": -1}}, "FFC_sans_bias45": {"write": {"device_start": 1585405772.0855181, "host_queued_start": 1585405832.214183, "device_queued": 1585405772.0804946, "device_end": 1585405772.0856252, "host_queued_end": 1585405832.262821}, "device": "gpu", "nd_range": {"device_start": 1585405772.085632, "device_end": 1585405772.1014826}, "cmdq": 1, "read": {"device_start": -1, "device_end": -1}}, "softmax50": {"write": {"device_start": -1, "host_queued_start": 1585405832.244351, "device_queued": -1, "device_end": -1, "host_queued_end": 1585405832.262821}, "device": "gpu", "nd_range": {"device_start": 1585405772.137396, "device_end": 1585405772.1414998}, "cmdq": 2, "read": {"device_start": -1, "device_end": -1}}, "FFC_sans_bias33": {"write": {"device_start": -1, "host_queued_start": 1585405832.245177, "device_queued": -1, "device_end": -1, "host_queued_end": 1585405832.262821}, "device": "gpu", "nd_range": {"device_start": 1585405772.1423032, "device_end": 1585405772.150448}, "cmdq": 0, "read": {"device_start": -1, "device_end": -1}}, "FFC_sans_bias63": {"write": {"device_start": 1585405772.111645, "host_queued_start": 1585405832.240391, "device_queued": 1585405772.0820696, "device_end": 1585405772.111748, "host_queued_end": 1585405832.262821}, "device": "gpu", "nd_range": {"device_start": 1585405772.111754, "device_end": 1585405772.12753}, "cmdq": 4, "read": {"device_start": -1, "device_end": -1}}, "FFC_sans_bias49": {"write": {"device_start": -1, "host_queued_start": 1585405832.24293, "device_queued": -1, "device_end": -1, "host_queued_end": 1585405832.262821}, "device": "gpu", "nd_range": {"device_start": 1585405772.127386, "device_end": 1585405772.1373951}, "cmdq": 2, "read": {"device_start": -1, "device_end": -1}}, "FFC_sans_bias64": {"write": {"device_start": 1585405772.1051042, "host_queued_start": 1585405832.233886, "device_queued": 1585405772.081789, "device_end": 1585405772.1052053, "host_queued_end": 1585405832.262821}, "device": "gpu", "nd_range": {"device_start": 1585405772.1052122, "device_end": 1585405772.1210628}, "cmdq": 2, "read": {"device_start": -1, "device_end": -1}}, "FFC_sans_bias65": {"write": {"device_start": 1585405772.1083803, "host_queued_start": 1585405832.237128, "device_queued": 1585405772.0819263, "device_end": 1585405772.108482, "host_queued_end": 1585405832.262821}, "device": "gpu", "nd_range": {"device_start": 1585405772.1084893, "device_end": 1585405772.1243203}, "cmdq": 3, "read": {"device_start": -1, "device_end": -1}}, "FFC_sans_bias67": {"write": {"device_start": -1, "host_queued_start": 1585405832.243586, "device_queued": -1, "device_end": -1, "host_queued_end": 1585405832.262821}, "device": "gpu", "nd_range": {"device_start": 1585405772.1404297, "device_end": 1585405772.1439626}, "cmdq": 4, "read": {"device_start": -1, "device_end": -1}}, "FFC_sans_bias24": {"write": {"device_start": -1, "host_queued_start": 1585405832.308131, "device_queued": -1, "device_end": -1, "host_queued_end": 1585405832.317909}, "device": "cpu", "nd_range": {"device_start": 2073606.9928444242, "device_end": 2073607.0727035222}, "cmdq": 2, "read": {"device_start": -1, "device_end": -1}}, "FFC_sans_bias25": {"write": {"device_start": -1, "host_queued_start": 1585405832.317856, "device_queued": -1, "device_end": -1, "host_queued_end": 1585405832.317909}, "device": "cpu", "nd_range": {"device_start": 2073607.072717491, "device_end": 2073607.1227083032}, "cmdq": 2, "read": {"device_start": -1, "device_end": -1}}, "FFC_sans_bias27": {"write": {"device_start": 1585405772.0784147, "host_queued_start": 1585405832.194025, "device_queued": 1585405772.0781, "device_end": 1585405772.0785086, "host_queued_end": 1585405832.262821}, "device": "gpu", "nd_range": {"device_start": 1585405772.0785124, "device_end": 1585405772.0818715}, "cmdq": 0, "read": {"device_start": -1, "device_end": -1}}, "FFC_sans_bias20": {"write": {"device_start": -1, "host_queued_start": 1585405832.304132, "device_queued": -1, "device_end": -1, "host_queued_end": 1585405832.317909}, "device": "cpu", "nd_range": {"device_start": 2073606.74446328, "device_end": 2073606.818429613}, "cmdq": 2, "read": {"device_start": -1, "device_end": -1}}, "FFC_sans_bias22": {"write": {"device_start": -1, "host_queued_start": 1585405832.306216, "device_queued": -1, "device_end": -1, "host_queued_end": 1585405832.317909}, "device": "cpu", "nd_range": {"device_start": 2073606.81956722, "device_end": 2073606.991818417}, "cmdq": 2, "read": {"device_start": -1, "device_end": -1}}, "softmax68": {"write": {"device_start": -1, "host_queued_start": 1585405832.244869, "device_queued": -1, "device_end": -1, "host_queued_end": 1585405832.262821}, "device": "gpu", "nd_range": {"device_start": 1585405772.1439638, "device_end": 1585405772.1544929}, "cmdq": 4, "read": {"device_start": -1, "device_end": -1}}, "softmax5": {"write": {"device_start": -1, "host_queued_start": 1585405832.306498, "device_queued": -1, "device_end": -1, "host_queued_end": 1585405832.317909}, "device": "cpu", "nd_range": {"device_start": 2073607.0044471442, "device_end": 2073607.0053960842}, "cmdq": 0, "read": {"device_start": -1, "device_end": -1}}, "FFC_sans_bias28": {"write": {"device_start": 1585405772.0787857, "host_queued_start": 1585405832.197347, "device_queued": 1585405772.078536, "device_end": 1585405772.0790408, "host_queued_end": 1585405832.262821}, "device": "gpu", "nd_range": {"device_start": 1585405772.0796916, "device_end": 1585405772.085207}, "cmdq": 1, "read": {"device_start": -1, "device_end": -1}}, "FFC_sans_bias29": {"write": {"device_start": 1585405772.0790768, "host_queued_start": 1585405832.200671, "device_queued": 1585405772.0786753, "device_end": 1585405772.0793483, "host_queued_end": 1585405832.262821}, "device": "gpu", "nd_range": {"device_start": 1585405772.079932, "device_end": 1585405772.088505}, "cmdq": 2, "read": {"device_start": -1, "device_end": -1}}, "empty17": {"write": {"device_start": -1, "host_queued_start": 1585405832.270246, "device_queued": -1, "device_end": -1, "host_queued_end": 1585405832.317909}, "device": "cpu", "nd_range": {"device_start": 2073606.5075620231, "device_end": 2073606.5075674292}, "cmdq": 1, "read": {"device_start": -1, "device_end": -1}}, "softmax59": {"write": {"device_start": -1, "host_queued_start": 1585405832.244612, "device_queued": -1, "device_end": -1, "host_queued_end": 1585405832.262821}, "device": "gpu", "nd_range": {"device_start": 1585405772.140647, "device_end": 1585405772.1447203}, "cmdq": 3, "read": {"device_start": -1, "device_end": -1}}, "empty71": {"write": {"device_start": 1585405772.0781033, "host_queued_start": 1585405832.191203, "device_queued": 1585405772.0777314, "device_end": 1585405772.0783496, "host_queued_end": 1585405832.262821}, "device": "gpu", "nd_range": {"device_start": 1585405772.0783587, "device_end": 1585405772.0783625}, "cmdq": 4, "read": {"device_start": -1, "device_end": -1}}, "empty35": {"write": {"device_start": 1585405772.076711, "host_queued_start": 1585405832.179826, "device_queued": 1585405772.0763276, "device_end": 1585405772.0768213, "host_queued_end": 1585405832.262821}, "device": "gpu", "nd_range": {"device_start": 1585405772.076826, "device_end": 1585405772.0768304}, "cmdq": 0, "read": {"device_start": -1, "device_end": -1}}, "empty53": {"write": {"device_start": 1585405772.0774643, "host_queued_start": 1585405832.185924, "device_queued": 1585405772.0770278, "device_end": 1585405772.0777078, "host_queued_end": 1585405832.262821}, "device": "gpu", "nd_range": {"device_start": 1585405772.0778234, "device_end": 1585405772.0778582}, "cmdq": 2, "read": {"device_start": -1, "device_end": -1}}, "FFC_sans_bias46": {"write": {"device_start": 1585405772.0889041, "host_queued_start": 1585405832.217474, "device_queued": 1585405772.0806196, "device_end": 1585405772.0890102, "host_queued_end": 1585405832.262821}, "device": "gpu", "nd_range": {"device_start": 1585405772.089017, "device_end": 1585405772.1047118}, "cmdq": 2, "read": {"device_start": -1, "device_end": -1}}, "coalesced_transpose66": {"write": {"device_start": -1, "host_queued_start": 1585405832.241953, "device_queued": -1, "device_end": -1, "host_queued_end": 1585405832.262821}, "device": "gpu", "nd_range": {"device_start": 1585405772.1275415, "device_end": 1585405772.1404283}, "cmdq": 4, "read": {"device_start": -1, "device_end": -1}}, "coalesced_transpose48": {"write": {"device_start": -1, "host_queued_start": 1585405832.24135, "device_queued": -1, "device_end": -1, "host_queued_end": 1585405832.262821}, "device": "gpu", "nd_range": {"device_start": 1585405772.1210637, "device_end": 1585405772.1273851}, "cmdq": 2, "read": {"device_start": -1, "device_end": -1}}}