{"FFC_sans_bias60": {"write": {"device_start": -1, "host_queued_start": 1585405317.463811, "device_queued": -1, "device_end": -1, "host_queued_end": 1585405317.489998}, "device": "cpu", "nd_range": {"device_start": 2073093.1259608022, "device_end": 2073093.2503568772}, "cmdq": 2, "read": {"device_start": -1, "device_end": -1}}, "FFC_sans_bias4": {"write": {"device_start": -1, "host_queued_start": 1585405317.456573, "device_queued": -1, "device_end": -1, "host_queued_end": 1585405317.489998}, "device": "cpu", "nd_range": {"device_start": 2073092.5615093322, "device_end": 2073092.6904379502}, "cmdq": 0, "read": {"device_start": -1, "device_end": -1}}, "FFC_sans_bias7": {"write": {"device_start": -1, "host_queued_start": 1585405317.467411, "device_queued": -1, "device_end": -1, "host_queued_end": 1585405317.489998}, "device": "cpu", "nd_range": {"device_start": 2073093.1188046902, "device_end": 2073093.2736835002}, "cmdq": 0, "read": {"device_start": -1, "device_end": -1}}, "FFC_sans_bias6": {"write": {"device_start": -1, "host_queued_start": 1585405317.461658, "device_queued": -1, "device_end": -1, "host_queued_end": 1585405317.489998}, "device": "cpu", "nd_range": {"device_start": 2073092.8257488862, "device_end": 2073092.9961957291}, "cmdq": 0, "read": {"device_start": -1, "device_end": -1}}, "FFC_sans_bias1": {"write": {"device_start": -1, "host_queued_start": 1585405317.380597, "device_queued": -1, "device_end": -1, "host_queued_end": 1585405317.489998}, "device": "cpu", "nd_range": {"device_start": 2073091.6800907522, "device_end": 2073091.80261111}, "cmdq": 1, "read": {"device_start": -1, "device_end": -1}}, "FFC_sans_bias0": {"write": {"device_start": -1, "host_queued_start": 1585405317.377298, "device_queued": -1, "device_end": -1, "host_queued_end": 1585405317.489998}, "device": "cpu", "nd_range": {"device_start": 2073091.6797207212, "device_end": 2073091.90752231}, "cmdq": 0, "read": {"device_start": -1, "device_end": -1}}, "FFC_sans_bias2": {"write": {"device_start": -1, "host_queued_start": 1585405317.383935, "device_queued": -1, "device_end": -1, "host_queued_end": 1585405317.489998}, "device": "cpu", "nd_range": {"device_start": 2073091.6797327902, "device_end": 2073091.811496721}, "cmdq": 2, "read": {"device_start": -1, "device_end": -1}}, "FFC_sans_bias61": {"write": {"device_start": -1, "host_queued_start": 1585405317.48676, "device_queued": -1, "device_end": -1, "host_queued_end": 1585405317.489998}, "device": "cpu", "nd_range": {"device_start": 2073093.3729055831, "device_end": 2073093.460925274}, "cmdq": 2, "read": {"device_start": -1, "device_end": -1}}, "FFC_sans_bias52": {"write": {"device_start": -1, "host_queued_start": 1585405317.483545, "device_queued": -1, "device_end": -1, "host_queued_end": 1585405317.489998}, "device": "cpu", "nd_range": {"device_start": 2073093.518176947, "device_end": 2073093.554738084}, "cmdq": 1, "read": {"device_start": -1, "device_end": -1}}, "FFC_sans_bias9": {"write": {"device_start": -1, "host_queued_start": 1585405317.387431, "device_queued": -1, "device_end": -1, "host_queued_end": 1585405317.489998}, "device": "cpu", "nd_range": {"device_start": 2073091.679706471, "device_end": 2073091.802657118}, "cmdq": 3, "read": {"device_start": -1, "device_end": -1}}, "coalesced_transpose39": {"write": {"device_start": -1, "host_queued_start": 1585405317.455225, "device_queued": -1, "device_end": -1, "host_queued_end": 1585405317.489998}, "device": "cpu", "nd_range": {"device_start": 2073092.5604207742, "device_end": 2073092.5615010262}, "cmdq": 0, "read": {"device_start": -1, "device_end": -1}}, "FFC_sans_bias55": {"write": {"device_start": -1, "host_queued_start": 1585405317.443647, "device_queued": -1, "device_end": -1, "host_queued_end": 1585405317.489998}, "device": "cpu", "nd_range": {"device_start": 2073092.491971322, "device_end": 2073092.5592995402}, "cmdq": 0, "read": {"device_start": -1, "device_end": -1}}, "FFC_sans_bias54": {"write": {"device_start": -1, "host_queued_start": 1585405317.440361, "device_queued": -1, "device_end": -1, "host_queued_end": 1585405317.489998}, "device": "cpu", "nd_range": {"device_start": 2073092.2196924551, "device_end": 2073092.3953137712}, "cmdq": 3, "read": {"device_start": -1, "device_end": -1}}, "FFC_sans_bias56": {"write": {"device_start": -1, "host_queued_start": 1585405317.437093, "device_queued": -1, "device_end": -1, "host_queued_end": 1585405317.489998}, "device": "cpu", "nd_range": {"device_start": 2073092.2272093112, "device_end": 2073092.3894043022}, "cmdq": 2, "read": {"device_start": -1, "device_end": -1}}, "FFC_sans_bias51": {"write": {"device_start": -1, "host_queued_start": 1585405317.463441, "device_queued": -1, "device_end": -1, "host_queued_end": 1585405317.489998}, "device": "cpu", "nd_range": {"device_start": 2073093.3349552322, "device_end": 2073093.4821377671}, "cmdq": 1, "read": {"device_start": -1, "device_end": -1}}, "softmax23": {"write": {"device_start": -1, "host_queued_start": 1585405317.45994, "device_queued": -1, "device_end": -1, "host_queued_end": 1585405317.489998}, "device": "cpu", "nd_range": {"device_start": 2073092.9242138532, "device_end": 2073092.9251500522}, "cmdq": 2, "read": {"device_start": -1, "device_end": -1}}, "FFC_sans_bias37": {"write": {"device_start": -1, "host_queued_start": 1585405317.420551, "device_queued": -1, "device_end": -1, "host_queued_end": 1585405317.489998}, "device": "cpu", "nd_range": {"device_start": 2073092.0558284412, "device_end": 2073092.3120267952}, "cmdq": 1, "read": {"device_start": -1, "device_end": -1}}, "empty62": {"write": {"device_start": -1, "host_queued_start": 1585405317.371895, "device_queued": -1, "device_end": -1, "host_queued_end": 1585405317.489998}, "device": "cpu", "nd_range": {"device_start": 2073091.67972512, "device_end": 2073091.6797262672}, "cmdq": 2, "read": {"device_start": -1, "device_end": -1}}, "FFC_sans_bias70": {"write": {"device_start": -1, "host_queued_start": 1585405317.489945, "device_queued": -1, "device_end": -1, "host_queued_end": 1585405317.489998}, "device": "cpu", "nd_range": {"device_start": 2073093.378215349, "device_end": 2073093.4821380202}, "cmdq": 3, "read": {"device_start": -1, "device_end": -1}}, "FFC_sans_bias58": {"write": {"device_start": -1, "host_queued_start": 1585405317.45875, "device_queued": -1, "device_end": -1, "host_queued_end": 1585405317.489998}, "device": "cpu", "nd_range": {"device_start": 2073092.789318365, "device_end": 2073092.9241992182}, "cmdq": 2, "read": {"device_start": -1, "device_end": -1}}, "softmax41": {"write": {"device_start": -1, "host_queued_start": 1585405317.460495, "device_queued": -1, "device_end": -1, "host_queued_end": 1585405317.489998}, "device": "cpu", "nd_range": {"device_start": 2073092.82479241, "device_end": 2073092.825741105}, "cmdq": 0, "read": {"device_start": -1, "device_end": -1}}, "FFC_sans_bias11": {"write": {"device_start": -1, "host_queued_start": 1585405317.394054, "device_queued": -1, "device_end": -1, "host_queued_end": 1585405317.489998}, "device": "cpu", "nd_range": {"device_start": 2073091.802970177, "device_end": 2073091.9253910442}, "cmdq": 1, "read": {"device_start": -1, "device_end": -1}}, "FFC_sans_bias10": {"write": {"device_start": -1, "host_queued_start": 1585405317.390746, "device_queued": -1, "device_end": -1, "host_queued_end": 1585405317.489998}, "device": "cpu", "nd_range": {"device_start": 2073091.9075453982, "device_end": 2073092.094149067}, "cmdq": 0, "read": {"device_start": -1, "device_end": -1}}, "coalesced_transpose3": {"write": {"device_start": -1, "host_queued_start": 1585405317.453835, "device_queued": -1, "device_end": -1, "host_queued_end": 1585405317.489998}, "device": "cpu", "nd_range": {"device_start": 2073092.5593106642, "device_end": 2073092.560412835}, "cmdq": 0, "read": {"device_start": -1, "device_end": -1}}, "FFC_sans_bias34": {"write": {"device_start": -1, "host_queued_start": 1585405317.477076, "device_queued": -1, "device_end": -1, "host_queued_end": 1585405317.489998}, "device": "cpu", "nd_range": {"device_start": 2073093.248031184, "device_end": 2073093.3782027082}, "cmdq": 3, "read": {"device_start": -1, "device_end": -1}}, "FFC_sans_bias15": {"write": {"device_start": -1, "host_queued_start": 1585405317.462025, "device_queued": -1, "device_end": -1, "host_queued_end": 1585405317.489998}, "device": "cpu", "nd_range": {"device_start": 2073093.0896206412, "device_end": 2073093.334929679}, "cmdq": 1, "read": {"device_start": -1, "device_end": -1}}, "FFC_sans_bias31": {"write": {"device_start": -1, "host_queued_start": 1585405317.457612, "device_queued": -1, "device_end": -1, "host_queued_end": 1585405317.489998}, "device": "cpu", "nd_range": {"device_start": 2073092.6914137492, "device_end": 2073092.8040785762}, "cmdq": 3, "read": {"device_start": -1, "device_end": -1}}, "FFC_sans_bias16": {"write": {"device_start": -1, "host_queued_start": 1585405317.47062, "device_queued": -1, "device_end": -1, "host_queued_end": 1585405317.489998}, "device": "cpu", "nd_range": {"device_start": 2073093.482159944, "device_end": 2073093.5181620691}, "cmdq": 1, "read": {"device_start": -1, "device_end": -1}}, "FFC_sans_bias19": {"write": {"device_start": -1, "host_queued_start": 1585405317.40073, "device_queued": -1, "device_end": -1, "host_queued_end": 1585405317.489998}, "device": "cpu", "nd_range": {"device_start": 2073091.8026986732, "device_end": 2073091.92550886}, "cmdq": 3, "read": {"device_start": -1, "device_end": -1}}, "FFC_sans_bias18": {"write": {"device_start": -1, "host_queued_start": 1585405317.397428, "device_queued": -1, "device_end": -1, "host_queued_end": 1585405317.489998}, "device": "cpu", "nd_range": {"device_start": 2073091.811706861, "device_end": 2073091.9414119092}, "cmdq": 2, "read": {"device_start": -1, "device_end": -1}}, "coalesced_transpose30": {"write": {"device_start": -1, "host_queued_start": 1585405317.454877, "device_queued": -1, "device_end": -1, "host_queued_end": 1585405317.489998}, "device": "cpu", "nd_range": {"device_start": 2073092.518433399, "device_end": 2073092.5195772462}, "cmdq": 3, "read": {"device_start": -1, "device_end": -1}}, "FFC_sans_bias69": {"write": {"device_start": -1, "host_queued_start": 1585405317.464158, "device_queued": -1, "device_end": -1, "host_queued_end": 1585405317.489998}, "device": "cpu", "nd_range": {"device_start": 2073093.066881963, "device_end": 2073093.2477870332}, "cmdq": 3, "read": {"device_start": -1, "device_end": -1}}, "FFC_sans_bias38": {"write": {"device_start": -1, "host_queued_start": 1585405317.423861, "device_queued": -1, "device_end": -1, "host_queued_end": 1585405317.489998}, "device": "cpu", "nd_range": {"device_start": 2073092.0721608992, "device_end": 2073092.2268829322}, "cmdq": 2, "read": {"device_start": -1, "device_end": -1}}, "coalesced_transpose57": {"write": {"device_start": -1, "host_queued_start": 1585405317.455888, "device_queued": -1, "device_end": -1, "host_queued_end": 1585405317.489998}, "device": "cpu", "nd_range": {"device_start": 2073092.589569512, "device_end": 2073092.590659202}, "cmdq": 2, "read": {"device_start": -1, "device_end": -1}}, "empty26": {"write": {"device_start": -1, "host_queued_start": 1585405317.361376, "device_queued": -1, "device_end": -1, "host_queued_end": 1585405317.489998}, "device": "cpu", "nd_range": {"device_start": 2073091.6797042172, "device_end": 2073091.679708702}, "cmdq": 2, "read": {"device_start": -1, "device_end": -1}}, "coalesced_transpose12": {"write": {"device_start": -1, "host_queued_start": 1585405317.454177, "device_queued": -1, "device_end": -1, "host_queued_end": 1585405317.489998}, "device": "cpu", "nd_range": {"device_start": 2073092.6333544152, "device_end": 2073092.6369368}, "cmdq": 1, "read": {"device_start": -1, "device_end": -1}}, "empty44": {"write": {"device_start": -1, "host_queued_start": 1585405317.366719, "device_queued": -1, "device_end": -1, "host_queued_end": 1585405317.489998}, "device": "cpu", "nd_range": {"device_start": 2073091.6797146231, "device_end": 2073091.6797158872}, "cmdq": 0, "read": {"device_start": -1, "device_end": -1}}, "coalesced_transpose21": {"write": {"device_start": -1, "host_queued_start": 1585405317.454527, "device_queued": -1, "device_end": -1, "host_queued_end": 1585405317.489998}, "device": "cpu", "nd_range": {"device_start": 2073092.5374692942, "device_end": 2073092.5385675752}, "cmdq": 2, "read": {"device_start": -1, "device_end": -1}}, "FFC_sans_bias36": {"write": {"device_start": -1, "host_queued_start": 1585405317.417248, "device_queued": -1, "device_end": -1, "host_queued_end": 1585405317.489998}, "device": "cpu", "nd_range": {"device_start": 2073092.2469058381, "device_end": 2073092.369267299}, "cmdq": 0, "read": {"device_start": -1, "device_end": -1}}, "softmax14": {"write": {"device_start": -1, "host_queued_start": 1585405317.459661, "device_queued": -1, "device_end": -1, "host_queued_end": 1585405317.489998}, "device": "cpu", "nd_range": {"device_start": 2073093.0845023552, "device_end": 2073093.088374315}, "cmdq": 1, "read": {"device_start": -1, "device_end": -1}}, "FFC_sans_bias13": {"write": {"device_start": -1, "host_queued_start": 1585405317.456919, "device_queued": -1, "device_end": -1, "host_queued_end": 1585405317.489998}, "device": "cpu", "nd_range": {"device_start": 2073092.6489850802, "device_end": 2073092.837375615}, "cmdq": 1, "read": {"device_start": -1, "device_end": -1}}, "empty8": {"write": {"device_start": -1, "host_queued_start": 1585405317.355415, "device_queued": -1, "device_end": -1, "host_queued_end": 1585405317.489998}, "device": "cpu", "nd_range": {"device_start": 2073091.6797063702, "device_end": 2073091.6797070932}, "cmdq": 0, "read": {"device_start": -1, "device_end": -1}}, "FFC_sans_bias42": {"write": {"device_start": -1, "host_queued_start": 1585405317.463098, "device_queued": -1, "device_end": -1, "host_queued_end": 1585405317.489998}, "device": "cpu", "nd_range": {"device_start": 2073092.996211254, "device_end": 2073093.11858305}, "cmdq": 0, "read": {"device_start": -1, "device_end": -1}}, "FFC_sans_bias43": {"write": {"device_start": -1, "host_queued_start": 1585405317.480327, "device_queued": -1, "device_end": -1, "host_queued_end": 1585405317.489998}, "device": "cpu", "nd_range": {"device_start": 2073093.273700044, "device_end": 2073093.39599516}, "cmdq": 0, "read": {"device_start": -1, "device_end": -1}}, "FFC_sans_bias40": {"write": {"device_start": -1, "host_queued_start": 1585405317.45796, "device_queued": -1, "device_end": -1, "host_queued_end": 1585405317.489998}, "device": "cpu", "nd_range": {"device_start": 2073092.690453761, "device_end": 2073092.8127133322}, "cmdq": 0, "read": {"device_start": -1, "device_end": -1}}, "softmax32": {"write": {"device_start": -1, "host_queued_start": 1585405317.460219, "device_queued": -1, "device_end": -1, "host_queued_end": 1585405317.489998}, "device": "cpu", "nd_range": {"device_start": 2073092.9353853702, "device_end": 2073092.9363288062}, "cmdq": 3, "read": {"device_start": -1, "device_end": -1}}, "FFC_sans_bias47": {"write": {"device_start": -1, "host_queued_start": 1585405317.433759, "device_queued": -1, "device_end": -1, "host_queued_end": 1585405317.489998}, "device": "cpu", "nd_range": {"device_start": 2073092.3120456422, "device_end": 2073092.5547767892}, "cmdq": 1, "read": {"device_start": -1, "device_end": -1}}, "FFC_sans_bias45": {"write": {"device_start": -1, "host_queued_start": 1585405317.427142, "device_queued": -1, "device_end": -1, "host_queued_end": 1585405317.489998}, "device": "cpu", "nd_range": {"device_start": 2073092.0480774022, "device_end": 2073092.2196730522}, "cmdq": 3, "read": {"device_start": -1, "device_end": -1}}, "softmax50": {"write": {"device_start": -1, "host_queued_start": 1585405317.460767, "device_queued": -1, "device_end": -1, "host_queued_end": 1585405317.489998}, "device": "cpu", "nd_range": {"device_start": 2073093.088548056, "device_end": 2073093.0894835782}, "cmdq": 1, "read": {"device_start": -1, "device_end": -1}}, "FFC_sans_bias33": {"write": {"device_start": -1, "host_queued_start": 1585405317.462753, "device_queued": -1, "device_end": -1, "host_queued_end": 1585405317.489998}, "device": "cpu", "nd_range": {"device_start": 2073092.9375561022, "device_end": 2073093.0666489482}, "cmdq": 3, "read": {"device_start": -1, "device_end": -1}}, "FFC_sans_bias63": {"write": {"device_start": -1, "host_queued_start": 1585405317.453469, "device_queued": -1, "device_end": -1, "host_queued_end": 1585405317.489998}, "device": "cpu", "nd_range": {"device_start": 2073092.395520813, "device_end": 2073092.518413559}, "cmdq": 3, "read": {"device_start": -1, "device_end": -1}}, "FFC_sans_bias49": {"write": {"device_start": -1, "host_queued_start": 1585405317.458393, "device_queued": -1, "device_end": -1, "host_queued_end": 1585405317.489998}, "device": "cpu", "nd_range": {"device_start": 2073092.8373904612, "device_end": 2073093.084488274}, "cmdq": 1, "read": {"device_start": -1, "device_end": -1}}, "FFC_sans_bias64": {"write": {"device_start": -1, "host_queued_start": 1585405317.446926, "device_queued": -1, "device_end": -1, "host_queued_end": 1585405317.489998}, "device": "cpu", "nd_range": {"device_start": 2073092.554794877, "device_end": 2073092.633334944}, "cmdq": 1, "read": {"device_start": -1, "device_end": -1}}, "FFC_sans_bias65": {"write": {"device_start": -1, "host_queued_start": 1585405317.450192, "device_queued": -1, "device_end": -1, "host_queued_end": 1585405317.489998}, "device": "cpu", "nd_range": {"device_start": 2073092.3960333122, "device_end": 2073092.537257452}, "cmdq": 2, "read": {"device_start": -1, "device_end": -1}}, "FFC_sans_bias67": {"write": {"device_start": -1, "host_queued_start": 1585405317.459101, "device_queued": -1, "device_end": -1, "host_queued_end": 1585405317.489998}, "device": "cpu", "nd_range": {"device_start": 2073092.80428794, "device_end": 2073092.9352261291}, "cmdq": 3, "read": {"device_start": -1, "device_end": -1}}, "FFC_sans_bias24": {"write": {"device_start": -1, "host_queued_start": 1585405317.462384, "device_queued": -1, "device_end": -1, "host_queued_end": 1585405317.489998}, "device": "cpu", "nd_range": {"device_start": 2073092.9261250102, "device_end": 2073093.125763362}, "cmdq": 2, "read": {"device_start": -1, "device_end": -1}}, "FFC_sans_bias25": {"write": {"device_start": -1, "host_queued_start": 1585405317.47382, "device_queued": -1, "device_end": -1, "host_queued_end": 1585405317.489998}, "device": "cpu", "nd_range": {"device_start": 2073093.2503740052, "device_end": 2073093.372895911}, "cmdq": 2, "read": {"device_start": -1, "device_end": -1}}, "FFC_sans_bias27": {"write": {"device_start": -1, "host_queued_start": 1585405317.40736, "device_queued": -1, "device_end": -1, "host_queued_end": 1585405317.489998}, "device": "cpu", "nd_range": {"device_start": 2073091.9254117752, "device_end": 2073092.0558139272}, "cmdq": 1, "read": {"device_start": -1, "device_end": -1}}, "FFC_sans_bias20": {"write": {"device_start": -1, "host_queued_start": 1585405317.404033, "device_queued": -1, "device_end": -1, "host_queued_end": 1585405317.489998}, "device": "cpu", "nd_range": {"device_start": 2073092.094371108, "device_end": 2073092.2468752041}, "cmdq": 0, "read": {"device_start": -1, "device_end": -1}}, "FFC_sans_bias22": {"write": {"device_start": -1, "host_queued_start": 1585405317.457266, "device_queued": -1, "device_end": -1, "host_queued_end": 1585405317.489998}, "device": "cpu", "nd_range": {"device_start": 2073092.5906815762, "device_end": 2073092.7892988862}, "cmdq": 2, "read": {"device_start": -1, "device_end": -1}}, "softmax68": {"write": {"device_start": -1, "host_queued_start": 1585405317.461315, "device_queued": -1, "device_end": -1, "host_queued_end": 1585405317.489998}, "device": "cpu", "nd_range": {"device_start": 2073092.9364899192, "device_end": 2073092.937427648}, "cmdq": 3, "read": {"device_start": -1, "device_end": -1}}, "softmax5": {"write": {"device_start": -1, "host_queued_start": 1585405317.459382, "device_queued": -1, "device_end": -1, "host_queued_end": 1585405317.489998}, "device": "cpu", "nd_range": {"device_start": 2073092.81273271, "device_end": 2073092.824779584}, "cmdq": 0, "read": {"device_start": -1, "device_end": -1}}, "FFC_sans_bias28": {"write": {"device_start": -1, "host_queued_start": 1585405317.410673, "device_queued": -1, "device_end": -1, "host_queued_end": 1585405317.489998}, "device": "cpu", "nd_range": {"device_start": 2073091.941610607, "device_end": 2073092.0719334842}, "cmdq": 2, "read": {"device_start": -1, "device_end": -1}}, "FFC_sans_bias29": {"write": {"device_start": -1, "host_queued_start": 1585405317.413947, "device_queued": -1, "device_end": -1, "host_queued_end": 1585405317.489998}, "device": "cpu", "nd_range": {"device_start": 2073091.925521125, "device_end": 2073092.0480621832}, "cmdq": 3, "read": {"device_start": -1, "device_end": -1}}, "empty17": {"write": {"device_start": -1, "host_queued_start": 1585405317.358751, "device_queued": -1, "device_end": -1, "host_queued_end": 1585405317.489998}, "device": "cpu", "nd_range": {"device_start": 2073091.6796664072, "device_end": 2073091.6796782492}, "cmdq": 1, "read": {"device_start": -1, "device_end": -1}}, "softmax59": {"write": {"device_start": -1, "host_queued_start": 1585405317.461042, "device_queued": -1, "device_end": -1, "host_queued_end": 1585405317.489998}, "device": "cpu", "nd_range": {"device_start": 2073092.925158593, "device_end": 2073092.926113282}, "cmdq": 2, "read": {"device_start": -1, "device_end": -1}}, "empty71": {"write": {"device_start": -1, "host_queued_start": 1585405317.374488, "device_queued": -1, "device_end": -1, "host_queued_end": 1585405317.489998}, "device": "cpu", "nd_range": {"device_start": 2073091.679700518, "device_end": 2073091.679701277}, "cmdq": 3, "read": {"device_start": -1, "device_end": -1}}, "empty35": {"write": {"device_start": -1, "host_queued_start": 1585405317.364047, "device_queued": -1, "device_end": -1, "host_queued_end": 1585405317.489998}, "device": "cpu", "nd_range": {"device_start": 2073091.679666425, "device_end": 2073091.6796782482}, "cmdq": 3, "read": {"device_start": -1, "device_end": -1}}, "empty53": {"write": {"device_start": -1, "host_queued_start": 1585405317.369293, "device_queued": -1, "device_end": -1, "host_queued_end": 1585405317.489998}, "device": "cpu", "nd_range": {"device_start": 2073091.679700521, "device_end": 2073091.6797016922}, "cmdq": 1, "read": {"device_start": -1, "device_end": -1}}, "FFC_sans_bias46": {"write": {"device_start": -1, "host_queued_start": 1585405317.430443, "device_queued": -1, "device_end": -1, "host_queued_end": 1585405317.489998}, "device": "cpu", "nd_range": {"device_start": 2073092.369518436, "device_end": 2073092.491951232}, "cmdq": 0, "read": {"device_start": -1, "device_end": -1}}, "coalesced_transpose66": {"write": {"device_start": -1, "host_queued_start": 1585405317.456226, "device_queued": -1, "device_end": -1, "host_queued_end": 1585405317.489998}, "device": "cpu", "nd_range": {"device_start": 2073092.6894023872, "device_end": 2073092.691291192}, "cmdq": 3, "read": {"device_start": -1, "device_end": -1}}, "coalesced_transpose48": {"write": {"device_start": -1, "host_queued_start": 1585405317.455558, "device_queued": -1, "device_end": -1, "host_queued_end": 1585405317.489998}, "device": "cpu", "nd_range": {"device_start": 2073092.6369573632, "device_end": 2073092.648963619}, "cmdq": 1, "read": {"device_start": -1, "device_end": -1}}}