{"FFC_sans_bias60": {"write": {"device_start": -1, "host_queued_start": 1585405866.999561, "device_queued": -1, "device_end": -1, "host_queued_end": 1585405867.024719}, "device": "gpu", "nd_range": {"device_start": 1585405806.9214087, "device_end": 1585405806.9371383}, "cmdq": 1, "read": {"device_start": -1, "device_end": -1}}, "FFC_sans_bias4": {"write": {"device_start": -1, "host_queued_start": 1585405867.054651, "device_queued": -1, "device_end": -1, "host_queued_end": 1585405867.063244}, "device": "cpu", "nd_range": {"device_start": 2073641.4500922342, "device_end": 2073641.513925231}, "cmdq": 2, "read": {"device_start": -1, "device_end": -1}}, "FFC_sans_bias7": {"write": {"device_start": -1, "host_queued_start": 1585405867.059824, "device_queued": -1, "device_end": -1, "host_queued_end": 1585405867.063244}, "device": "cpu", "nd_range": {"device_start": 2073641.5765433782, "device_end": 2073641.6297006172}, "cmdq": 0, "read": {"device_start": -1, "device_end": -1}}, "FFC_sans_bias6": {"write": {"device_start": -1, "host_queued_start": 1585405867.056116, "device_queued": -1, "device_end": -1, "host_queued_end": 1585405867.063244}, "device": "cpu", "nd_range": {"device_start": 2073641.5227718581, "device_end": 2073641.5763983552}, "cmdq": 2, "read": {"device_start": -1, "device_end": -1}}, "FFC_sans_bias1": {"write": {"device_start": -1, "host_queued_start": 1585405867.039768, "device_queued": -1, "device_end": -1, "host_queued_end": 1585405867.063244}, "device": "cpu", "nd_range": {"device_start": 2073641.2528785102, "device_end": 2073641.4342124881}, "cmdq": 3, "read": {"device_start": -1, "device_end": -1}}, "FFC_sans_bias0": {"write": {"device_start": -1, "host_queued_start": 1585405867.03573, "device_queued": -1, "device_end": -1, "host_queued_end": 1585405867.063244}, "device": "cpu", "nd_range": {"device_start": 2073641.253013106, "device_end": 2073641.375981159}, "cmdq": 2, "read": {"device_start": -1, "device_end": -1}}, "FFC_sans_bias2": {"write": {"device_start": -1, "host_queued_start": 1585405867.043272, "device_queued": -1, "device_end": -1, "host_queued_end": 1585405867.063244}, "device": "cpu", "nd_range": {"device_start": 2073641.2528723972, "device_end": 2073641.3774048511}, "cmdq": 0, "read": {"device_start": -1, "device_end": -1}}, "FFC_sans_bias61": {"write": {"device_start": 1585405806.9438915, "host_queued_start": 1585405867.020569, "device_queued": 1585405806.8490925, "device_end": 1585405806.9439857, "host_queued_end": 1585405867.024719}, "device": "gpu", "nd_range": {"device_start": 1585405806.943998, "device_end": 1585405806.9566233}, "cmdq": 2, "read": {"device_start": 1585405806.9566274, "device_end": 1585405806.9567199}}, "FFC_sans_bias52": {"write": {"device_start": 1585405806.9373808, "host_queued_start": 1585405867.016623, "device_queued": 1585405806.8489542, "device_end": 1585405806.9374793, "host_queued_end": 1585405867.024719}, "device": "gpu", "nd_range": {"device_start": 1585405806.937492, "device_end": 1585405806.9533975}, "cmdq": 1, "read": {"device_start": 1585405806.9534104, "device_end": 1585405806.953517}}, "FFC_sans_bias9": {"write": {"device_start": -1, "host_queued_start": 1585405867.046701, "device_queued": -1, "device_end": -1, "host_queued_end": 1585405867.063244}, "device": "cpu", "nd_range": {"device_start": 2073641.252873199, "device_end": 2073641.381938535}, "cmdq": 1, "read": {"device_start": -1, "device_end": -1}}, "coalesced_transpose39": {"write": {"device_start": -1, "host_queued_start": 1585405866.993628, "device_queued": -1, "device_end": -1, "host_queued_end": 1585405867.024719}, "device": "gpu", "nd_range": {"device_start": 1585405806.8932815, "device_end": 1585405806.899616}, "cmdq": 1, "read": {"device_start": -1, "device_end": -1}}, "FFC_sans_bias55": {"write": {"device_start": 1585405806.8740296, "host_queued_start": 1585405866.982778, "device_queued": 1585405806.8439934, "device_end": 1585405806.8741262, "host_queued_end": 1585405867.024719}, "device": "gpu", "nd_range": {"device_start": 1585405806.8741293, "device_end": 1585405806.8899775}, "cmdq": 0, "read": {"device_start": -1, "device_end": -1}}, "FFC_sans_bias54": {"write": {"device_start": 1585405806.8707893, "host_queued_start": 1585405866.979506, "device_queued": 1585405806.8434293, "device_end": 1585405806.870892, "host_queued_end": 1585405867.024719}, "device": "gpu", "nd_range": {"device_start": 1585405806.8708963, "device_end": 1585405806.8867037}, "cmdq": 4, "read": {"device_start": -1, "device_end": -1}}, "FFC_sans_bias56": {"write": {"device_start": 1585405806.8675828, "host_queued_start": 1585405866.976202, "device_queued": 1585405806.8432963, "device_end": 1585405806.8676846, "host_queued_end": 1585405867.024719}, "device": "gpu", "nd_range": {"device_start": 1585405806.8676927, "device_end": 1585405806.8834577}, "cmdq": 3, "read": {"device_start": -1, "device_end": -1}}, "FFC_sans_bias51": {"write": {"device_start": -1, "host_queued_start": 1585405866.999235, "device_queued": -1, "device_end": -1, "host_queued_end": 1585405867.024719}, "device": "gpu", "nd_range": {"device_start": 1585405806.920712, "device_end": 1585405806.9273875}, "cmdq": 0, "read": {"device_start": -1, "device_end": -1}}, "softmax23": {"write": {"device_start": -1, "host_queued_start": 1585405866.996718, "device_queued": -1, "device_end": -1, "host_queued_end": 1585405867.024719}, "device": "gpu", "nd_range": {"device_start": 1585405806.9063523, "device_end": 1585405806.9206688}, "cmdq": 1, "read": {"device_start": -1, "device_end": -1}}, "FFC_sans_bias37": {"write": {"device_start": 1585405806.851272, "host_queued_start": 1585405866.959768, "device_queued": 1585405806.8420782, "device_end": 1585405806.8513803, "host_queued_end": 1585405867.024719}, "device": "gpu", "nd_range": {"device_start": 1585405806.8513844, "device_end": 1585405806.867223}, "cmdq": 3, "read": {"device_start": -1, "device_end": -1}}, "empty62": {"write": {"device_start": 1585405806.8393316, "host_queued_start": 1585405866.930865, "device_queued": 1585405806.8390114, "device_end": 1585405806.8394258, "host_queued_end": 1585405867.024719}, "device": "gpu", "nd_range": {"device_start": 1585405806.839435, "device_end": 1585405806.8394384}, "cmdq": 4, "read": {"device_start": -1, "device_end": -1}}, "FFC_sans_bias70": {"write": {"device_start": 1585405806.9507477, "host_queued_start": 1585405867.024544, "device_queued": 1585405806.8495045, "device_end": 1585405806.9508476, "host_queued_end": 1585405867.024719}, "device": "gpu", "nd_range": {"device_start": 1585405806.9508598, "device_end": 1585405806.9598775}, "cmdq": 3, "read": {"device_start": 1585405806.959886, "device_end": 1585405806.9599786}}, "FFC_sans_bias58": {"write": {"device_start": -1, "host_queued_start": 1585405866.996141, "device_queued": -1, "device_end": -1, "host_queued_end": 1585405867.024719}, "device": "gpu", "nd_range": {"device_start": 1585405806.9028463, "device_end": 1585405806.9160814}, "cmdq": 4, "read": {"device_start": -1, "device_end": -1}}, "softmax41": {"write": {"device_start": -1, "host_queued_start": 1585405866.997225, "device_queued": -1, "device_end": -1, "host_queued_end": 1585405867.024719}, "device": "gpu", "nd_range": {"device_start": 1585405806.916114, "device_end": 1585405806.9206862}, "cmdq": 3, "read": {"device_start": -1, "device_end": -1}}, "FFC_sans_bias11": {"write": {"device_start": -1, "host_queued_start": 1585405867.05357, "device_queued": -1, "device_end": -1, "host_queued_end": 1585405867.063244}, "device": "cpu", "nd_range": {"device_start": 2073641.4342563662, "device_end": 2073641.5006426591}, "cmdq": 3, "read": {"device_start": -1, "device_end": -1}}, "FFC_sans_bias10": {"write": {"device_start": -1, "host_queued_start": 1585405867.05011, "device_queued": -1, "device_end": -1, "host_queued_end": 1585405867.063244}, "device": "cpu", "nd_range": {"device_start": 2073641.376011772, "device_end": 2073641.430591115}, "cmdq": 2, "read": {"device_start": -1, "device_end": -1}}, "coalesced_transpose3": {"write": {"device_start": -1, "host_queued_start": 1585405867.053932, "device_queued": -1, "device_end": -1, "host_queued_end": 1585405867.063244}, "device": "cpu", "nd_range": {"device_start": 2073641.4342346352, "device_end": 2073641.4424289311}, "cmdq": 0, "read": {"device_start": -1, "device_end": -1}}, "FFC_sans_bias34": {"write": {"device_start": 1585405806.92433, "host_queued_start": 1585405867.008909, "device_queued": 1585405806.8477662, "device_end": 1585405806.9244304, "host_queued_end": 1585405867.024719}, "device": "gpu", "nd_range": {"device_start": 1585405806.933864, "device_end": 1585405806.9469168}, "cmdq": 4, "read": {"device_start": 1585405806.946919, "device_end": 1585405806.947016}}, "FFC_sans_bias15": {"write": {"device_start": -1, "host_queued_start": 1585405867.056478, "device_queued": -1, "device_end": -1, "host_queued_end": 1585405867.063244}, "device": "cpu", "nd_range": {"device_start": 2073641.5824652791, "device_end": 2073641.645921132}, "cmdq": 3, "read": {"device_start": -1, "device_end": -1}}, "FFC_sans_bias31": {"write": {"device_start": -1, "host_queued_start": 1585405866.995184, "device_queued": -1, "device_end": -1, "host_queued_end": 1585405867.024719}, "device": "gpu", "nd_range": {"device_start": 1585405806.8997388, "device_end": 1585405806.9063423}, "cmdq": 1, "read": {"device_start": -1, "device_end": -1}}, "FFC_sans_bias16": {"write": {"device_start": -1, "host_queued_start": 1585405867.063188, "device_queued": -1, "device_end": -1, "host_queued_end": 1585405867.063244}, "device": "cpu", "nd_range": {"device_start": 2073641.64611612, "device_end": 2073641.6820834451}, "cmdq": 1, "read": {"device_start": -1, "device_end": -1}}, "FFC_sans_bias19": {"write": {"device_start": 1585405806.8402877, "host_queued_start": 1585405866.939673, "device_queued": 1585405806.8399744, "device_end": 1585405806.840593, "host_queued_end": 1585405867.024719}, "device": "gpu", "nd_range": {"device_start": 1585405806.8411455, "device_end": 1585405806.8476799}, "cmdq": 2, "read": {"device_start": -1, "device_end": -1}}, "FFC_sans_bias18": {"write": {"device_start": 1585405806.839983, "host_queued_start": 1585405866.936339, "device_queued": 1585405806.839644, "device_end": 1585405806.8402355, "host_queued_end": 1585405867.024719}, "device": "gpu", "nd_range": {"device_start": 1585405806.840981, "device_end": 1585405806.8443537}, "cmdq": 1, "read": {"device_start": -1, "device_end": -1}}, "coalesced_transpose30": {"write": {"device_start": -1, "host_queued_start": 1585405866.993322, "device_queued": -1, "device_end": -1, "host_queued_end": 1585405867.024719}, "device": "gpu", "nd_range": {"device_start": 1585405806.8899786, "device_end": 1585405806.8995879}, "cmdq": 0, "read": {"device_start": -1, "device_end": -1}}, "FFC_sans_bias69": {"write": {"device_start": -1, "host_queued_start": 1585405866.999885, "device_queued": -1, "device_end": -1, "host_queued_end": 1585405867.024719}, "device": "gpu", "nd_range": {"device_start": 1585405806.930684, "device_end": 1585405806.9436448}, "cmdq": 2, "read": {"device_start": -1, "device_end": -1}}, "FFC_sans_bias38": {"write": {"device_start": 1585405806.8544745, "host_queued_start": 1585405866.963055, "device_queued": 1585405806.8422043, "device_end": 1585405806.8545768, "host_queued_end": 1585405867.024719}, "device": "gpu", "nd_range": {"device_start": 1585405806.8545809, "device_end": 1585405806.8704488}, "cmdq": 4, "read": {"device_start": -1, "device_end": -1}}, "coalesced_transpose57": {"write": {"device_start": -1, "host_queued_start": 1585405866.994237, "device_queued": -1, "device_end": -1, "host_queued_end": 1585405867.024719}, "device": "gpu", "nd_range": {"device_start": 1585405806.899723, "device_end": 1585405806.9028244}, "cmdq": 3, "read": {"device_start": -1, "device_end": -1}}, "empty26": {"write": {"device_start": 1585405806.837907, "host_queued_start": 1585405866.919557, "device_queued": 1585405806.837471, "device_end": 1585405806.8382173, "host_queued_end": 1585405867.024719}, "device": "gpu", "nd_range": {"device_start": 1585405806.8382645, "device_end": 1585405806.838269}, "cmdq": 0, "read": {"device_start": -1, "device_end": -1}}, "coalesced_transpose12": {"write": {"device_start": -1, "host_queued_start": 1585405867.054267, "device_queued": -1, "device_end": -1, "host_queued_end": 1585405867.063244}, "device": "cpu", "nd_range": {"device_start": 2073641.430650934, "device_end": 2073641.4312054182}, "cmdq": 1, "read": {"device_start": -1, "device_end": -1}}, "empty44": {"write": {"device_start": 1585405806.8386924, "host_queued_start": 1585405866.925573, "device_queued": 1585405806.838249, "device_end": 1585405806.8389847, "host_queued_end": 1585405867.024719}, "device": "gpu", "nd_range": {"device_start": 1585405806.8391545, "device_end": 1585405806.8391986}, "cmdq": 2, "read": {"device_start": -1, "device_end": -1}}, "coalesced_transpose21": {"write": {"device_start": -1, "host_queued_start": 1585405866.993012, "device_queued": -1, "device_end": -1, "host_queued_end": 1585405867.024719}, "device": "gpu", "nd_range": {"device_start": 1585405806.886705, "device_end": 1585405806.8995476}, "cmdq": 4, "read": {"device_start": -1, "device_end": -1}}, "FFC_sans_bias36": {"write": {"device_start": 1585405806.848061, "host_queued_start": 1585405866.956486, "device_queued": 1585405806.8419523, "device_end": 1585405806.8481612, "host_queued_end": 1585405867.024719}, "device": "gpu", "nd_range": {"device_start": 1585405806.8481665, "device_end": 1585405806.8639245}, "cmdq": 2, "read": {"device_start": -1, "device_end": -1}}, "softmax14": {"write": {"device_start": -1, "host_queued_start": 1585405867.055751, "device_queued": -1, "device_end": -1, "host_queued_end": 1585405867.063244}, "device": "cpu", "nd_range": {"device_start": 2073641.5803967782, "device_end": 2073641.5813422222}, "cmdq": 1, "read": {"device_start": -1, "device_end": -1}}, "FFC_sans_bias13": {"write": {"device_start": -1, "host_queued_start": 1585405867.05502, "device_queued": -1, "device_end": -1, "host_queued_end": 1585405867.063244}, "device": "cpu", "nd_range": {"device_start": 2073641.5036184401, "device_end": 2073641.5739030042}, "cmdq": 3, "read": {"device_start": -1, "device_end": -1}}, "empty8": {"write": {"device_start": -1, "host_queued_start": 1585405867.029412, "device_queued": -1, "device_end": -1, "host_queued_end": 1585405867.063244}, "device": "cpu", "nd_range": {"device_start": 2073641.252834602, "device_end": 2073641.2528477842}, "cmdq": 0, "read": {"device_start": -1, "device_end": -1}}, "FFC_sans_bias42": {"write": {"device_start": -1, "host_queued_start": 1585405866.998922, "device_queued": -1, "device_end": -1, "host_queued_end": 1585405867.024719}, "device": "gpu", "nd_range": {"device_start": 1585405806.920701, "device_end": 1585405806.9240704}, "cmdq": 4, "read": {"device_start": -1, "device_end": -1}}, "FFC_sans_bias43": {"write": {"device_start": 1585405806.9276316, "host_queued_start": 1585405867.012802, "device_queued": 1585405806.8486688, "device_end": 1585405806.9277263, "host_queued_end": 1585405867.024719}, "device": "gpu", "nd_range": {"device_start": 1585405806.927739, "device_end": 1585405806.9404008}, "cmdq": 0, "read": {"device_start": 1585405806.9472454, "device_end": 1585405806.947342}}, "FFC_sans_bias40": {"write": {"device_start": -1, "host_queued_start": 1585405866.995502, "device_queued": -1, "device_end": -1, "host_queued_end": 1585405867.024719}, "device": "gpu", "nd_range": {"device_start": 1585405806.899751, "device_end": 1585405806.9096313}, "cmdq": 2, "read": {"device_start": -1, "device_end": -1}}, "softmax32": {"write": {"device_start": -1, "host_queued_start": 1585405866.996971, "device_queued": -1, "device_end": -1, "host_queued_end": 1585405867.024719}, "device": "gpu", "nd_range": {"device_start": 1585405806.9161043, "device_end": 1585405806.9206815}, "cmdq": 2, "read": {"device_start": -1, "device_end": -1}}, "FFC_sans_bias47": {"write": {"device_start": 1585405806.8642752, "host_queued_start": 1585405866.972944, "device_queued": 1585405806.843168, "device_end": 1585405806.8643785, "host_queued_end": 1585405867.024719}, "device": "gpu", "nd_range": {"device_start": 1585405806.8643901, "device_end": 1585405806.8801744}, "cmdq": 2, "read": {"device_start": -1, "device_end": -1}}, "FFC_sans_bias45": {"write": {"device_start": 1585405806.8577673, "host_queued_start": 1585405866.96633, "device_queued": 1585405806.8427916, "device_end": 1585405806.8578703, "host_queued_end": 1585405867.024719}, "device": "gpu", "nd_range": {"device_start": 1585405806.8578768, "device_end": 1585405806.8736975}, "cmdq": 0, "read": {"device_start": -1, "device_end": -1}}, "softmax50": {"write": {"device_start": -1, "host_queued_start": 1585405866.997471, "device_queued": -1, "device_end": -1, "host_queued_end": 1585405867.024719}, "device": "gpu", "nd_range": {"device_start": 1585405806.9160914, "device_end": 1585405806.920691}, "cmdq": 4, "read": {"device_start": -1, "device_end": -1}}, "FFC_sans_bias33": {"write": {"device_start": -1, "host_queued_start": 1585405866.998604, "device_queued": -1, "device_end": -1, "host_queued_end": 1585405867.024719}, "device": "gpu", "nd_range": {"device_start": 1585405806.9207327, "device_end": 1585405806.9338515}, "cmdq": 3, "read": {"device_start": -1, "device_end": -1}}, "FFC_sans_bias63": {"write": {"device_start": 1585405806.8837225, "host_queued_start": 1585405866.992671, "device_queued": 1585405806.844547, "device_end": 1585405806.8838227, "host_queued_end": 1585405867.024719}, "device": "gpu", "nd_range": {"device_start": 1585405806.883832, "device_end": 1585405806.8997118}, "cmdq": 3, "read": {"device_start": -1, "device_end": -1}}, "FFC_sans_bias49": {"write": {"device_start": -1, "host_queued_start": 1585405866.995824, "device_queued": -1, "device_end": -1, "host_queued_end": 1585405867.024719}, "device": "gpu", "nd_range": {"device_start": 1585405806.9028363, "device_end": 1585405806.912852}, "cmdq": 3, "read": {"device_start": -1, "device_end": -1}}, "FFC_sans_bias64": {"write": {"device_start": 1585405806.882871, "host_queued_start": 1585405866.986086, "device_queued": 1585405806.844247, "device_end": 1585405806.883176, "host_queued_end": 1585405867.024719}, "device": "gpu", "nd_range": {"device_start": 1585405806.8831825, "device_end": 1585405806.893276}, "cmdq": 1, "read": {"device_start": -1, "device_end": -1}}, "FFC_sans_bias65": {"write": {"device_start": 1585405806.88318, "host_queued_start": 1585405866.989361, "device_queued": 1585405806.8443995, "device_end": 1585405806.8832815, "host_queued_end": 1585405867.024719}, "device": "gpu", "nd_range": {"device_start": 1585405806.8832917, "device_end": 1585405806.896469}, "cmdq": 2, "read": {"device_start": -1, "device_end": -1}}, "FFC_sans_bias67": {"write": {"device_start": -1, "host_queued_start": 1585405866.996459, "device_queued": -1, "device_end": -1, "host_queued_end": 1585405867.024719}, "device": "gpu", "nd_range": {"device_start": 1585405806.9030128, "device_end": 1585405806.919322}, "cmdq": 0, "read": {"device_start": -1, "device_end": -1}}, "FFC_sans_bias24": {"write": {"device_start": -1, "host_queued_start": 1585405866.99828, "device_queued": -1, "device_end": -1, "host_queued_end": 1585405867.024719}, "device": "gpu", "nd_range": {"device_start": 1585405806.9207222, "device_end": 1585405806.930674}, "cmdq": 2, "read": {"device_start": -1, "device_end": -1}}, "FFC_sans_bias25": {"write": {"device_start": 1585405806.934117, "host_queued_start": 1585405867.004828, "device_queued": 1585405806.8479404, "device_end": 1585405806.9342127, "host_queued_end": 1585405867.024719}, "device": "gpu", "nd_range": {"device_start": 1585405806.9342268, "device_end": 1585405806.9501638}, "cmdq": 3, "read": {"device_start": 1585405806.950168, "device_end": 1585405806.950269}}, "FFC_sans_bias27": {"write": {"device_start": 1585405806.8409731, "host_queued_start": 1585405866.946511, "device_queued": 1585405806.8406122, "device_end": 1585405806.841092, "host_queued_end": 1585405867.024719}, "device": "gpu", "nd_range": {"device_start": 1585405806.841362, "device_end": 1585405806.854144}, "cmdq": 4, "read": {"device_start": -1, "device_end": -1}}, "FFC_sans_bias20": {"write": {"device_start": 1585405806.8406167, "host_queued_start": 1585405866.943016, "device_queued": 1585405806.8402574, "device_end": 1585405806.8409386, "host_queued_end": 1585405867.024719}, "device": "gpu", "nd_range": {"device_start": 1585405806.8412564, "device_end": 1585405806.8509092}, "cmdq": 3, "read": {"device_start": -1, "device_end": -1}}, "FFC_sans_bias22": {"write": {"device_start": -1, "host_queued_start": 1585405866.994868, "device_queued": -1, "device_end": -1, "host_queued_end": 1585405867.024719}, "device": "gpu", "nd_range": {"device_start": 1585405806.8995996, "device_end": 1585405806.9030032}, "cmdq": 0, "read": {"device_start": -1, "device_end": -1}}, "softmax68": {"write": {"device_start": -1, "host_queued_start": 1585405866.997965, "device_queued": -1, "device_end": -1, "host_queued_end": 1585405867.024719}, "device": "gpu", "nd_range": {"device_start": 1585405806.9206793, "device_end": 1585405806.9213989}, "cmdq": 1, "read": {"device_start": -1, "device_end": -1}}, "softmax5": {"write": {"device_start": -1, "host_queued_start": 1585405867.05535, "device_queued": -1, "device_end": -1, "host_queued_end": 1585405867.063244}, "device": "cpu", "nd_range": {"device_start": 2073641.5218070801, "device_end": 2073641.522756841}, "cmdq": 0, "read": {"device_start": -1, "device_end": -1}}, "FFC_sans_bias28": {"write": {"device_start": 1585405806.8417187, "host_queued_start": 1585405866.949854, "device_queued": 1585405806.8414583, "device_end": 1585405806.841814, "host_queued_end": 1585405867.024719}, "device": "gpu", "nd_range": {"device_start": 1585405806.841821, "device_end": 1585405806.8574245}, "cmdq": 0, "read": {"device_start": -1, "device_end": -1}}, "FFC_sans_bias29": {"write": {"device_start": 1585405806.844661, "host_queued_start": 1585405866.953198, "device_queued": 1585405806.8418243, "device_end": 1585405806.844758, "host_queued_end": 1585405867.024719}, "device": "gpu", "nd_range": {"device_start": 1585405806.8447633, "device_end": 1585405806.860689}, "cmdq": 1, "read": {"device_start": -1, "device_end": -1}}, "empty17": {"write": {"device_start": -1, "host_queued_start": 1585405867.032833, "device_queued": -1, "device_end": -1, "host_queued_end": 1585405867.063244}, "device": "cpu", "nd_range": {"device_start": 2073641.2528346851, "device_end": 2073641.252847779}, "cmdq": 1, "read": {"device_start": -1, "device_end": -1}}, "softmax59": {"write": {"device_start": -1, "host_queued_start": 1585405866.997717, "device_queued": -1, "device_end": -1, "host_queued_end": 1585405867.024719}, "device": "gpu", "nd_range": {"device_start": 1585405806.9193318, "device_end": 1585405806.9197464}, "cmdq": 0, "read": {"device_start": -1, "device_end": -1}}, "empty71": {"write": {"device_start": 1585405806.8396883, "host_queued_start": 1585405866.933516, "device_queued": 1585405806.8394372, "device_end": 1585405806.8399577, "host_queued_end": 1585405867.024719}, "device": "gpu", "nd_range": {"device_start": 1585405806.8399675, "device_end": 1585405806.8399715}, "cmdq": 0, "read": {"device_start": -1, "device_end": -1}}, "empty35": {"write": {"device_start": 1585405806.8383021, "host_queued_start": 1585405866.922956, "device_queued": 1585405806.83792, "device_end": 1585405806.8386388, "host_queued_end": 1585405867.024719}, "device": "gpu", "nd_range": {"device_start": 1585405806.8391213, "device_end": 1585405806.8391855}, "cmdq": 1, "read": {"device_start": -1, "device_end": -1}}, "empty53": {"write": {"device_start": 1585405806.8390245, "host_queued_start": 1585405866.928219, "device_queued": 1585405806.8386667, "device_end": 1585405806.8392808, "host_queued_end": 1585405867.024719}, "device": "gpu", "nd_range": {"device_start": 1585405806.8392859, "device_end": 1585405806.8392916}, "cmdq": 3, "read": {"device_start": -1, "device_end": -1}}, "FFC_sans_bias46": {"write": {"device_start": 1585405806.8610477, "host_queued_start": 1585405866.969625, "device_queued": 1585405806.8430398, "device_end": 1585405806.861148, "host_queued_end": 1585405867.024719}, "device": "gpu", "nd_range": {"device_start": 1585405806.861158, "device_end": 1585405806.87697}, "cmdq": 1, "read": {"device_start": -1, "device_end": -1}}, "coalesced_transpose66": {"write": {"device_start": -1, "host_queued_start": 1585405866.99454, "device_queued": -1, "device_end": -1, "host_queued_end": 1585405867.024719}, "device": "gpu", "nd_range": {"device_start": 1585405806.8995593, "device_end": 1585405806.899655}, "cmdq": 4, "read": {"device_start": -1, "device_end": -1}}, "coalesced_transpose48": {"write": {"device_start": -1, "host_queued_start": 1585405866.993935, "device_queued": -1, "device_end": -1, "host_queued_end": 1585405867.024719}, "device": "gpu", "nd_range": {"device_start": 1585405806.8964794, "device_end": 1585405806.8996406}, "cmdq": 2, "read": {"device_start": -1, "device_end": -1}}}