{"FFC_sans_bias60": {"write": {"device_start": -1, "host_queued_start": 1585405056.692791, "device_queued": -1, "device_end": -1, "host_queued_end": 1585405056.719076}, "device": "cpu", "nd_range": {"device_start": 2072832.2820824191, "device_end": 2072832.3667146622}, "cmdq": 0, "read": {"device_start": -1, "device_end": -1}}, "FFC_sans_bias4": {"write": {"device_start": -1, "host_queued_start": 1585405056.68543, "device_queued": -1, "device_end": -1, "host_queued_end": 1585405056.719076}, "device": "cpu", "nd_range": {"device_start": 2072831.748062208, "device_end": 2072831.835539133}, "cmdq": 0, "read": {"device_start": -1, "device_end": -1}}, "FFC_sans_bias7": {"write": {"device_start": -1, "host_queued_start": 1585405056.696409, "device_queued": -1, "device_end": -1, "host_queued_end": 1585405056.719076}, "device": "cpu", "nd_range": {"device_start": 2072832.3669199932, "device_end": 2072832.441343117}, "cmdq": 0, "read": {"device_start": -1, "device_end": -1}}, "FFC_sans_bias6": {"write": {"device_start": -1, "host_queued_start": 1585405056.690603, "device_queued": -1, "device_end": -1, "host_queued_end": 1585405056.719076}, "device": "cpu", "nd_range": {"device_start": 2072832.0643445172, "device_end": 2072832.1486647432}, "cmdq": 0, "read": {"device_start": -1, "device_end": -1}}, "FFC_sans_bias1": {"write": {"device_start": -1, "host_queued_start": 1585405056.609314, "device_queued": -1, "device_end": -1, "host_queued_end": 1585405056.719076}, "device": "cpu", "nd_range": {"device_start": 2072830.9087918922, "device_end": 2072830.99317944}, "cmdq": 1, "read": {"device_start": -1, "device_end": -1}}, "FFC_sans_bias0": {"write": {"device_start": -1, "host_queued_start": 1585405056.60597, "device_queued": -1, "device_end": -1, "host_queued_end": 1585405056.719076}, "device": "cpu", "nd_range": {"device_start": 2072830.908788494, "device_end": 2072830.9621373662}, "cmdq": 0, "read": {"device_start": -1, "device_end": -1}}, "FFC_sans_bias2": {"write": {"device_start": -1, "host_queued_start": 1585405056.612645, "device_queued": -1, "device_end": -1, "host_queued_end": 1585405056.719076}, "device": "cpu", "nd_range": {"device_start": 2072830.9621596462, "device_end": 2072831.0369168252}, "cmdq": 0, "read": {"device_start": -1, "device_end": -1}}, "FFC_sans_bias61": {"write": {"device_start": -1, "host_queued_start": 1585405056.715751, "device_queued": -1, "device_end": -1, "host_queued_end": 1585405056.719076}, "device": "cpu", "nd_range": {"device_start": 2072832.5915997112, "device_end": 2072832.6622952952}, "cmdq": 0, "read": {"device_start": -1, "device_end": -1}}, "FFC_sans_bias52": {"write": {"device_start": -1, "host_queued_start": 1585405056.712522, "device_queued": -1, "device_end": -1, "host_queued_end": 1585405056.719076}, "device": "cpu", "nd_range": {"device_start": 2072832.563119593, "device_end": 2072832.6278298402}, "cmdq": 1, "read": {"device_start": -1, "device_end": -1}}, "FFC_sans_bias9": {"write": {"device_start": -1, "host_queued_start": 1585405056.616164, "device_queued": -1, "device_end": -1, "host_queued_end": 1585405056.719076}, "device": "cpu", "nd_range": {"device_start": 2072830.9933797992, "device_end": 2072831.0542363962}, "cmdq": 1, "read": {"device_start": -1, "device_end": -1}}, "coalesced_transpose39": {"write": {"device_start": -1, "host_queued_start": 1585405056.684079, "device_queued": -1, "device_end": -1, "host_queued_end": 1585405056.719076}, "device": "cpu", "nd_range": {"device_start": 2072831.7437007702, "device_end": 2072831.745876447}, "cmdq": 0, "read": {"device_start": -1, "device_end": -1}}, "FFC_sans_bias55": {"write": {"device_start": -1, "host_queued_start": 1585405056.672495, "device_queued": -1, "device_end": -1, "host_queued_end": 1585405056.719076}, "device": "cpu", "nd_range": {"device_start": 2072831.5878998542, "device_end": 2072831.67030272}, "cmdq": 0, "read": {"device_start": -1, "device_end": -1}}, "FFC_sans_bias54": {"write": {"device_start": -1, "host_queued_start": 1585405056.669206, "device_queued": -1, "device_end": -1, "host_queued_end": 1585405056.719076}, "device": "cpu", "nd_range": {"device_start": 2072831.577558537, "device_end": 2072831.6439181382}, "cmdq": 1, "read": {"device_start": -1, "device_end": -1}}, "FFC_sans_bias56": {"write": {"device_start": -1, "host_queued_start": 1585405056.665909, "device_queued": -1, "device_end": -1, "host_queued_end": 1585405056.719076}, "device": "cpu", "nd_range": {"device_start": 2072831.520333311, "device_end": 2072831.5878849742}, "cmdq": 0, "read": {"device_start": -1, "device_end": -1}}, "FFC_sans_bias51": {"write": {"device_start": -1, "host_queued_start": 1585405056.692435, "device_queued": -1, "device_end": -1, "host_queued_end": 1585405056.719076}, "device": "cpu", "nd_range": {"device_start": 2072832.211692128, "device_end": 2072832.3114964252}, "cmdq": 1, "read": {"device_start": -1, "device_end": -1}}, "softmax23": {"write": {"device_start": -1, "host_queued_start": 1585405056.688853, "device_queued": -1, "device_end": -1, "host_queued_end": 1585405056.719076}, "device": "cpu", "nd_range": {"device_start": 2072832.0610888281, "device_end": 2072832.062029987}, "cmdq": 0, "read": {"device_start": -1, "device_end": -1}}, "FFC_sans_bias37": {"write": {"device_start": -1, "host_queued_start": 1585405056.649342, "device_queued": -1, "device_end": -1, "host_queued_end": 1585405056.719076}, "device": "cpu", "nd_range": {"device_start": 2072831.3468118722, "device_end": 2072831.4339073442}, "cmdq": 1, "read": {"device_start": -1, "device_end": -1}}, "empty62": {"write": {"device_start": -1, "host_queued_start": 1585405056.600564, "device_queued": -1, "device_end": -1, "host_queued_end": 1585405056.719076}, "device": "cpu", "nd_range": {"device_start": 2072830.9087825662, "device_end": 2072830.908783405}, "cmdq": 0, "read": {"device_start": -1, "device_end": -1}}, "FFC_sans_bias70": {"write": {"device_start": -1, "host_queued_start": 1585405056.719009, "device_queued": -1, "device_end": -1, "host_queued_end": 1585405056.719076}, "device": "cpu", "nd_range": {"device_start": 2072832.6278375832, "device_end": 2072832.6841565492}, "cmdq": 1, "read": {"device_start": -1, "device_end": -1}}, "FFC_sans_bias58": {"write": {"device_start": -1, "host_queued_start": 1585405056.687654, "device_queued": -1, "device_end": -1, "host_queued_end": 1585405056.719076}, "device": "cpu", "nd_range": {"device_start": 2072831.988789732, "device_end": 2072832.0597750281}, "cmdq": 0, "read": {"device_start": -1, "device_end": -1}}, "softmax41": {"write": {"device_start": -1, "host_queued_start": 1585405056.689411, "device_queued": -1, "device_end": -1, "host_queued_end": 1585405056.719076}, "device": "cpu", "nd_range": {"device_start": 2072832.0621766052, "device_end": 2072832.0631197102}, "cmdq": 0, "read": {"device_start": -1, "device_end": -1}}, "FFC_sans_bias11": {"write": {"device_start": -1, "host_queued_start": 1585405056.622899, "device_queued": -1, "device_end": -1, "host_queued_end": 1585405056.719076}, "device": "cpu", "nd_range": {"device_start": 2072831.054255682, "device_end": 2072831.1224888111}, "cmdq": 1, "read": {"device_start": -1, "device_end": -1}}, "FFC_sans_bias10": {"write": {"device_start": -1, "host_queued_start": 1585405056.619551, "device_queued": -1, "device_end": -1, "host_queued_end": 1585405056.719076}, "device": "cpu", "nd_range": {"device_start": 2072831.036934015, "device_end": 2072831.1108143672}, "cmdq": 0, "read": {"device_start": -1, "device_end": -1}}, "coalesced_transpose3": {"write": {"device_start": -1, "host_queued_start": 1585405056.682724, "device_queued": -1, "device_end": -1, "host_queued_end": 1585405056.719076}, "device": "cpu", "nd_range": {"device_start": 2072831.739635213, "device_end": 2072831.7415272042}, "cmdq": 0, "read": {"device_start": -1, "device_end": -1}}, "FFC_sans_bias34": {"write": {"device_start": -1, "host_queued_start": 1585405056.706092, "device_queued": -1, "device_end": -1, "host_queued_end": 1585405056.719076}, "device": "cpu", "nd_range": {"device_start": 2072832.479464167, "device_end": 2072832.5631067292}, "cmdq": 1, "read": {"device_start": -1, "device_end": -1}}, "FFC_sans_bias15": {"write": {"device_start": -1, "host_queued_start": 1585405056.690955, "device_queued": -1, "device_end": -1, "host_queued_end": 1585405056.719076}, "device": "cpu", "nd_range": {"device_start": 2072832.0330240051, "device_end": 2072832.1016120352}, "cmdq": 1, "read": {"device_start": -1, "device_end": -1}}, "FFC_sans_bias31": {"write": {"device_start": -1, "host_queued_start": 1585405056.686475, "device_queued": -1, "device_end": -1, "host_queued_end": 1585405056.719076}, "device": "cpu", "nd_range": {"device_start": 2072831.8355571062, "device_end": 2072831.900258691}, "cmdq": 1, "read": {"device_start": -1, "device_end": -1}}, "FFC_sans_bias16": {"write": {"device_start": -1, "host_queued_start": 1585405056.699669, "device_queued": -1, "device_end": -1, "host_queued_end": 1585405056.719076}, "device": "cpu", "nd_range": {"device_start": 2072832.3984815092, "device_end": 2072832.4794557742}, "cmdq": 1, "read": {"device_start": -1, "device_end": -1}}, "FFC_sans_bias19": {"write": {"device_start": -1, "host_queued_start": 1585405056.629477, "device_queued": -1, "device_end": -1, "host_queued_end": 1585405056.719076}, "device": "cpu", "nd_range": {"device_start": 2072831.1226791912, "device_end": 2072831.198171531}, "cmdq": 1, "read": {"device_start": -1, "device_end": -1}}, "FFC_sans_bias18": {"write": {"device_start": -1, "host_queued_start": 1585405056.626193, "device_queued": -1, "device_end": -1, "host_queued_end": 1585405056.719076}, "device": "cpu", "nd_range": {"device_start": 2072831.1110398872, "device_end": 2072831.1834060252}, "cmdq": 0, "read": {"device_start": -1, "device_end": -1}}, "coalesced_transpose30": {"write": {"device_start": -1, "host_queued_start": 1585405056.683742, "device_queued": -1, "device_end": -1, "host_queued_end": 1585405056.719076}, "device": "cpu", "nd_range": {"device_start": 2072831.766112619, "device_end": 2072831.767185843}, "cmdq": 1, "read": {"device_start": -1, "device_end": -1}}, "FFC_sans_bias69": {"write": {"device_start": -1, "host_queued_start": 1585405056.693139, "device_queued": -1, "device_end": -1, "host_queued_end": 1585405056.719076}, "device": "cpu", "nd_range": {"device_start": 2072832.311513219, "device_end": 2072832.398466577}, "cmdq": 1, "read": {"device_start": -1, "device_end": -1}}, "FFC_sans_bias38": {"write": {"device_start": -1, "host_queued_start": 1585405056.652648, "device_queued": -1, "device_end": -1, "host_queued_end": 1585405056.719076}, "device": "cpu", "nd_range": {"device_start": 2072831.390343365, "device_end": 2072831.4512469792}, "cmdq": 0, "read": {"device_start": -1, "device_end": -1}}, "coalesced_transpose57": {"write": {"device_start": -1, "host_queued_start": 1585405056.684746, "device_queued": -1, "device_end": -1, "host_queued_end": 1585405056.719076}, "device": "cpu", "nd_range": {"device_start": 2072831.7458850632, "device_end": 2072831.748054424}, "cmdq": 0, "read": {"device_start": -1, "device_end": -1}}, "empty26": {"write": {"device_start": -1, "host_queued_start": 1585405056.590058, "device_queued": -1, "device_end": -1, "host_queued_end": 1585405056.719076}, "device": "cpu", "nd_range": {"device_start": 2072830.90876817, "device_end": 2072830.908769245}, "cmdq": 0, "read": {"device_start": -1, "device_end": -1}}, "coalesced_transpose12": {"write": {"device_start": -1, "host_queued_start": 1585405056.683064, "device_queued": -1, "device_end": -1, "host_queued_end": 1585405056.719076}, "device": "cpu", "nd_range": {"device_start": 2072831.7649758202, "device_end": 2072831.766102201}, "cmdq": 1, "read": {"device_start": -1, "device_end": -1}}, "empty44": {"write": {"device_start": -1, "host_queued_start": 1585405056.595314, "device_queued": -1, "device_end": -1, "host_queued_end": 1585405056.719076}, "device": "cpu", "nd_range": {"device_start": 2072830.9087763352, "device_end": 2072830.908777107}, "cmdq": 0, "read": {"device_start": -1, "device_end": -1}}, "coalesced_transpose21": {"write": {"device_start": -1, "host_queued_start": 1585405056.683408, "device_queued": -1, "device_end": -1, "host_queued_end": 1585405056.719076}, "device": "cpu", "nd_range": {"device_start": 2072831.741537884, "device_end": 2072831.7436918071}, "cmdq": 0, "read": {"device_start": -1, "device_end": -1}}, "FFC_sans_bias36": {"write": {"device_start": -1, "host_queued_start": 1585405056.646074, "device_queued": -1, "device_end": -1, "host_queued_end": 1585405056.719076}, "device": "cpu", "nd_range": {"device_start": 2072831.3352743671, "device_end": 2072831.390162378}, "cmdq": 0, "read": {"device_start": -1, "device_end": -1}}, "softmax14": {"write": {"device_start": -1, "host_queued_start": 1585405056.688574, "device_queued": -1, "device_end": -1, "host_queued_end": 1585405056.719076}, "device": "cpu", "nd_range": {"device_start": 2072832.0291140731, "device_end": 2072832.0301036362}, "cmdq": 1, "read": {"device_start": -1, "device_end": -1}}, "FFC_sans_bias13": {"write": {"device_start": -1, "host_queued_start": 1585405056.685781, "device_queued": -1, "device_end": -1, "host_queued_end": 1585405056.719076}, "device": "cpu", "nd_range": {"device_start": 2072831.7694118451, "device_end": 2072831.835539815}, "cmdq": 1, "read": {"device_start": -1, "device_end": -1}}, "empty8": {"write": {"device_start": -1, "host_queued_start": 1585405056.584036, "device_queued": -1, "device_end": -1, "host_queued_end": 1585405056.719076}, "device": "cpu", "nd_range": {"device_start": 2072830.908733227, "device_end": 2072830.9087459631}, "cmdq": 0, "read": {"device_start": -1, "device_end": -1}}, "FFC_sans_bias42": {"write": {"device_start": -1, "host_queued_start": 1585405056.692083, "device_queued": -1, "device_end": -1, "host_queued_end": 1585405056.719076}, "device": "cpu", "nd_range": {"device_start": 2072832.2119570982, "device_end": 2072832.2818594882}, "cmdq": 0, "read": {"device_start": -1, "device_end": -1}}, "FFC_sans_bias43": {"write": {"device_start": -1, "host_queued_start": 1585405056.709302, "device_queued": -1, "device_end": -1, "host_queued_end": 1585405056.719076}, "device": "cpu", "nd_range": {"device_start": 2072832.513974481, "device_end": 2072832.5915838701}, "cmdq": 0, "read": {"device_start": -1, "device_end": -1}}, "FFC_sans_bias40": {"write": {"device_start": -1, "host_queued_start": 1585405056.686874, "device_queued": -1, "device_end": -1, "host_queued_end": 1585405056.719076}, "device": "cpu", "nd_range": {"device_start": 2072831.915508385, "device_end": 2072831.9885891431}, "cmdq": 0, "read": {"device_start": -1, "device_end": -1}}, "softmax32": {"write": {"device_start": -1, "host_queued_start": 1585405056.689132, "device_queued": -1, "device_end": -1, "host_queued_end": 1585405056.719076}, "device": "cpu", "nd_range": {"device_start": 2072832.0301137492, "device_end": 2072832.031085195}, "cmdq": 1, "read": {"device_start": -1, "device_end": -1}}, "FFC_sans_bias47": {"write": {"device_start": -1, "host_queued_start": 1585405056.662569, "device_queued": -1, "device_end": -1, "host_queued_end": 1585405056.719076}, "device": "cpu", "nd_range": {"device_start": 2072831.5022346282, "device_end": 2072831.577546057}, "cmdq": 1, "read": {"device_start": -1, "device_end": -1}}, "FFC_sans_bias45": {"write": {"device_start": -1, "host_queued_start": 1585405056.655948, "device_queued": -1, "device_end": -1, "host_queued_end": 1585405056.719076}, "device": "cpu", "nd_range": {"device_start": 2072831.4339212612, "device_end": 2072831.502221771}, "cmdq": 1, "read": {"device_start": -1, "device_end": -1}}, "softmax50": {"write": {"device_start": -1, "host_queued_start": 1585405056.689689, "device_queued": -1, "device_end": -1, "host_queued_end": 1585405056.719076}, "device": "cpu", "nd_range": {"device_start": 2072832.0310945641, "device_end": 2072832.0320499002}, "cmdq": 1, "read": {"device_start": -1, "device_end": -1}}, "FFC_sans_bias33": {"write": {"device_start": -1, "host_queued_start": 1585405056.6917, "device_queued": -1, "device_end": -1, "host_queued_end": 1585405056.719076}, "device": "cpu", "nd_range": {"device_start": 2072832.1018161252, "device_end": 2072832.211211187}, "cmdq": 1, "read": {"device_start": -1, "device_end": -1}}, "FFC_sans_bias63": {"write": {"device_start": -1, "host_queued_start": 1585405056.682348, "device_queued": -1, "device_end": -1, "host_queued_end": 1585405056.719076}, "device": "cpu", "nd_range": {"device_start": 2072831.70388226, "device_end": 2072831.76496137}, "cmdq": 1, "read": {"device_start": -1, "device_end": -1}}, "FFC_sans_bias49": {"write": {"device_start": -1, "host_queued_start": 1585405056.687301, "device_queued": -1, "device_end": -1, "host_queued_end": 1585405056.719076}, "device": "cpu", "nd_range": {"device_start": 2072831.9002735352, "device_end": 2072831.957826382}, "cmdq": 1, "read": {"device_start": -1, "device_end": -1}}, "FFC_sans_bias64": {"write": {"device_start": -1, "host_queued_start": 1585405056.67578, "device_queued": -1, "device_end": -1, "host_queued_end": 1585405056.719076}, "device": "cpu", "nd_range": {"device_start": 2072831.643937156, "device_end": 2072831.7038701351}, "cmdq": 1, "read": {"device_start": -1, "device_end": -1}}, "FFC_sans_bias65": {"write": {"device_start": -1, "host_queued_start": 1585405056.679083, "device_queued": -1, "device_end": -1, "host_queued_end": 1585405056.719076}, "device": "cpu", "nd_range": {"device_start": 2072831.670327475, "device_end": 2072831.7396218022}, "cmdq": 0, "read": {"device_start": -1, "device_end": -1}}, "FFC_sans_bias67": {"write": {"device_start": -1, "host_queued_start": 1585405056.688005, "device_queued": -1, "device_end": -1, "host_queued_end": 1585405056.719076}, "device": "cpu", "nd_range": {"device_start": 2072831.9578409651, "device_end": 2072832.029100445}, "cmdq": 1, "read": {"device_start": -1, "device_end": -1}}, "FFC_sans_bias24": {"write": {"device_start": -1, "host_queued_start": 1585405056.691329, "device_queued": -1, "device_end": -1, "host_queued_end": 1585405056.719076}, "device": "cpu", "nd_range": {"device_start": 2072832.1488829001, "device_end": 2072832.211602434}, "cmdq": 0, "read": {"device_start": -1, "device_end": -1}}, "FFC_sans_bias25": {"write": {"device_start": -1, "host_queued_start": 1585405056.702895, "device_queued": -1, "device_end": -1, "host_queued_end": 1585405056.719076}, "device": "cpu", "nd_range": {"device_start": 2072832.441357678, "device_end": 2072832.513965856}, "cmdq": 0, "read": {"device_start": -1, "device_end": -1}}, "FFC_sans_bias27": {"write": {"device_start": -1, "host_queued_start": 1585405056.636124, "device_queued": -1, "device_end": -1, "host_queued_end": 1585405056.719076}, "device": "cpu", "nd_range": {"device_start": 2072831.1985227782, "device_end": 2072831.275290138}, "cmdq": 1, "read": {"device_start": -1, "device_end": -1}}, "FFC_sans_bias20": {"write": {"device_start": -1, "host_queued_start": 1585405056.63281, "device_queued": -1, "device_end": -1, "host_queued_end": 1585405056.719076}, "device": "cpu", "nd_range": {"device_start": 2072831.1836142272, "device_end": 2072831.265099565}, "cmdq": 0, "read": {"device_start": -1, "device_end": -1}}, "FFC_sans_bias22": {"write": {"device_start": -1, "host_queued_start": 1585405056.686128, "device_queued": -1, "device_end": -1, "host_queued_end": 1585405056.719076}, "device": "cpu", "nd_range": {"device_start": 2072831.8355541232, "device_end": 2072831.9153145012}, "cmdq": 0, "read": {"device_start": -1, "device_end": -1}}, "softmax68": {"write": {"device_start": -1, "host_queued_start": 1585405056.690251, "device_queued": -1, "device_end": -1, "host_queued_end": 1585405056.719076}, "device": "cpu", "nd_range": {"device_start": 2072832.0320574332, "device_end": 2072832.0330121592}, "cmdq": 1, "read": {"device_start": -1, "device_end": -1}}, "softmax5": {"write": {"device_start": -1, "host_queued_start": 1585405056.688291, "device_queued": -1, "device_end": -1, "host_queued_end": 1585405056.719076}, "device": "cpu", "nd_range": {"device_start": 2072832.059960019, "device_end": 2072832.0609335}, "cmdq": 0, "read": {"device_start": -1, "device_end": -1}}, "FFC_sans_bias28": {"write": {"device_start": -1, "host_queued_start": 1585405056.639475, "device_queued": -1, "device_end": -1, "host_queued_end": 1585405056.719076}, "device": "cpu", "nd_range": {"device_start": 2072831.265332279, "device_end": 2072831.335078844}, "cmdq": 0, "read": {"device_start": -1, "device_end": -1}}, "FFC_sans_bias29": {"write": {"device_start": -1, "host_queued_start": 1585405056.64278, "device_queued": -1, "device_end": -1, "host_queued_end": 1585405056.719076}, "device": "cpu", "nd_range": {"device_start": 2072831.2753028632, "device_end": 2072831.3468004412}, "cmdq": 1, "read": {"device_start": -1, "device_end": -1}}, "empty17": {"write": {"device_start": -1, "host_queued_start": 1585405056.587427, "device_queued": -1, "device_end": -1, "host_queued_end": 1585405056.719076}, "device": "cpu", "nd_range": {"device_start": 2072830.908733153, "device_end": 2072830.9087459452}, "cmdq": 1, "read": {"device_start": -1, "device_end": -1}}, "softmax59": {"write": {"device_start": -1, "host_queued_start": 1585405056.689973, "device_queued": -1, "device_end": -1, "host_queued_end": 1585405056.719076}, "device": "cpu", "nd_range": {"device_start": 2072832.0632584612, "device_end": 2072832.0642074442}, "cmdq": 0, "read": {"device_start": -1, "device_end": -1}}, "empty71": {"write": {"device_start": -1, "host_queued_start": 1585405056.603176, "device_queued": -1, "device_end": -1, "host_queued_end": 1585405056.719076}, "device": "cpu", "nd_range": {"device_start": 2072830.9087864712, "device_end": 2072830.908787141}, "cmdq": 1, "read": {"device_start": -1, "device_end": -1}}, "empty35": {"write": {"device_start": -1, "host_queued_start": 1585405056.592689, "device_queued": -1, "device_end": -1, "host_queued_end": 1585405056.719076}, "device": "cpu", "nd_range": {"device_start": 2072830.9087683791, "device_end": 2072830.9087698262}, "cmdq": 1, "read": {"device_start": -1, "device_end": -1}}, "empty53": {"write": {"device_start": -1, "host_queued_start": 1585405056.597908, "device_queued": -1, "device_end": -1, "host_queued_end": 1585405056.719076}, "device": "cpu", "nd_range": {"device_start": 2072830.908778255, "device_end": 2072830.9087799122}, "cmdq": 1, "read": {"device_start": -1, "device_end": -1}}, "FFC_sans_bias46": {"write": {"device_start": -1, "host_queued_start": 1585405056.659291, "device_queued": -1, "device_end": -1, "host_queued_end": 1585405056.719076}, "device": "cpu", "nd_range": {"device_start": 2072831.45142121, "device_end": 2072831.520169275}, "cmdq": 0, "read": {"device_start": -1, "device_end": -1}}, "coalesced_transpose66": {"write": {"device_start": -1, "host_queued_start": 1585405056.685077, "device_queued": -1, "device_end": -1, "host_queued_end": 1585405056.719076}, "device": "cpu", "nd_range": {"device_start": 2072831.7683080372, "device_end": 2072831.7694034972}, "cmdq": 1, "read": {"device_start": -1, "device_end": -1}}, "coalesced_transpose48": {"write": {"device_start": -1, "host_queued_start": 1585405056.684413, "device_queued": -1, "device_end": -1, "host_queued_end": 1585405056.719076}, "device": "cpu", "nd_range": {"device_start": 2072831.7671941412, "device_end": 2072831.768300608}, "cmdq": 1, "read": {"device_start": -1, "device_end": -1}}}