{"FFC_sans_bias60": {"write": {"device_start": -1, "host_queued_start": 1585405146.393983, "device_queued": -1, "device_end": -1, "host_queued_end": 1585405146.41078}, "device": "gpu", "nd_range": {"device_start": 1585405086.3429737, "device_end": 1585405086.346312}, "cmdq": 0, "read": {"device_start": -1, "device_end": -1}}, "FFC_sans_bias4": {"write": {"device_start": -1, "host_queued_start": 1585405146.452973, "device_queued": -1, "device_end": -1, "host_queued_end": 1585405146.465821}, "device": "cpu", "nd_range": {"device_start": 2072920.9825102512, "device_end": 2072921.0703047542}, "cmdq": 0, "read": {"device_start": -1, "device_end": -1}}, "FFC_sans_bias7": {"write": {"device_start": -1, "host_queued_start": 1585405146.459074, "device_queued": -1, "device_end": -1, "host_queued_end": 1585405146.465821}, "device": "cpu", "nd_range": {"device_start": 2072921.20846012, "device_end": 2072921.3111798812}, "cmdq": 4, "read": {"device_start": -1, "device_end": -1}}, "FFC_sans_bias6": {"write": {"device_start": -1, "host_queued_start": 1585405146.454905, "device_queued": -1, "device_end": -1, "host_queued_end": 1585405146.465821}, "device": "cpu", "nd_range": {"device_start": 2072921.07126434, "device_end": 2072921.16193168}, "cmdq": 1, "read": {"device_start": -1, "device_end": -1}}, "FFC_sans_bias1": {"write": {"device_start": -1, "host_queued_start": 1585405146.42712, "device_queued": -1, "device_end": -1, "host_queued_end": 1585405146.465821}, "device": "cpu", "nd_range": {"device_start": 2072920.6556371972, "device_end": 2072920.7786687121}, "cmdq": 4, "read": {"device_start": -1, "device_end": -1}}, "FFC_sans_bias0": {"write": {"device_start": -1, "host_queued_start": 1585405146.423619, "device_queued": -1, "device_end": -1, "host_queued_end": 1585405146.465821}, "device": "cpu", "nd_range": {"device_start": 2072920.778549232, "device_end": 2072920.9013210812}, "cmdq": 3, "read": {"device_start": -1, "device_end": -1}}, "FFC_sans_bias2": {"write": {"device_start": -1, "host_queued_start": 1585405146.430629, "device_queued": -1, "device_end": -1, "host_queued_end": 1585405146.465821}, "device": "cpu", "nd_range": {"device_start": 2072920.655458668, "device_end": 2072920.887612445}, "cmdq": 0, "read": {"device_start": -1, "device_end": -1}}, "FFC_sans_bias61": {"write": {"device_start": 1585405086.3625689, "host_queued_start": 1585405146.407382, "device_queued": 1585405086.2513866, "device_end": 1585405086.3626676, "host_queued_end": 1585405146.41078}, "device": "gpu", "nd_range": {"device_start": 1585405086.3626745, "device_end": 1585405086.365997}, "cmdq": 0, "read": {"device_start": 1585405086.3660004, "device_end": 1585405086.366099}}, "FFC_sans_bias52": {"write": {"device_start": 1585405086.3585846, "host_queued_start": 1585405146.404117, "device_queued": 1585405086.2511215, "device_end": 1585405086.358676, "host_queued_end": 1585405146.41078}, "device": "gpu", "nd_range": {"device_start": 1585405086.3586829, "device_end": 1585405086.3620086}, "cmdq": 0, "read": {"device_start": 1585405086.3620172, "device_end": 1585405086.3621159}}, "FFC_sans_bias9": {"write": {"device_start": -1, "host_queued_start": 1585405146.434044, "device_queued": -1, "device_end": -1, "host_queued_end": 1585405146.465821}, "device": "cpu", "nd_range": {"device_start": 2072920.6554556242, "device_end": 2072920.787916318}, "cmdq": 1, "read": {"device_start": -1, "device_end": -1}}, "coalesced_transpose39": {"write": {"device_start": -1, "host_queued_start": 1585405146.388909, "device_queued": -1, "device_end": -1, "host_queued_end": 1585405146.41078}, "device": "gpu", "nd_range": {"device_start": 1585405086.3140712, "device_end": 1585405086.3140886}, "cmdq": 0, "read": {"device_start": -1, "device_end": -1}}, "FFC_sans_bias55": {"write": {"device_start": 1585405086.2872248, "host_queued_start": 1585405146.378401, "device_queued": 1585405086.247358, "device_end": 1585405086.2873259, "host_queued_end": 1585405146.41078}, "device": "gpu", "nd_range": {"device_start": 1585405086.287329, "device_end": 1585405086.2906513}, "cmdq": 0, "read": {"device_start": -1, "device_end": -1}}, "FFC_sans_bias54": {"write": {"device_start": 1585405086.2834113, "host_queued_start": 1585405146.375145, "device_queued": 1585405086.247147, "device_end": 1585405086.2835143, "host_queued_end": 1585405146.41078}, "device": "gpu", "nd_range": {"device_start": 1585405086.2835207, "device_end": 1585405086.2868912}, "cmdq": 0, "read": {"device_start": -1, "device_end": -1}}, "FFC_sans_bias56": {"write": {"device_start": 1585405086.279594, "host_queued_start": 1585405146.371881, "device_queued": 1585405086.246937, "device_end": 1585405086.2796955, "host_queued_end": 1585405146.41078}, "device": "gpu", "nd_range": {"device_start": 1585405086.279703, "device_end": 1585405086.283052}, "cmdq": 0, "read": {"device_start": -1, "device_end": -1}}, "FFC_sans_bias51": {"write": {"device_start": -1, "host_queued_start": 1585405146.393643, "device_queued": -1, "device_end": -1, "host_queued_end": 1585405146.41078}, "device": "gpu", "nd_range": {"device_start": 1585405086.3396237, "device_end": 1585405086.3429728}, "cmdq": 0, "read": {"device_start": -1, "device_end": -1}}, "softmax23": {"write": {"device_start": -1, "host_queued_start": 1585405146.454537, "device_queued": -1, "device_end": -1, "host_queued_end": 1585405146.465821}, "device": "cpu", "nd_range": {"device_start": 2072921.13981214, "device_end": 2072921.1407510252}, "cmdq": 0, "read": {"device_start": -1, "device_end": -1}}, "FFC_sans_bias37": {"write": {"device_start": 1585405086.260576, "host_queued_start": 1585405146.355096, "device_queued": 1585405086.2457795, "device_end": 1585405086.2606723, "host_queued_end": 1585405146.41078}, "device": "gpu", "nd_range": {"device_start": 1585405086.2606752, "device_end": 1585405086.264019}, "cmdq": 0, "read": {"device_start": -1, "device_end": -1}}, "empty62": {"write": {"device_start": 1585405086.2447941, "host_queued_start": 1585405146.33639, "device_queued": 1585405086.2439194, "device_end": 1585405086.2448883, "host_queued_end": 1585405146.41078}, "device": "gpu", "nd_range": {"device_start": 1585405086.2448993, "device_end": 1585405086.2449021}, "cmdq": 0, "read": {"device_start": -1, "device_end": -1}}, "FFC_sans_bias70": {"write": {"device_start": 1585405086.3665576, "host_queued_start": 1585405146.410662, "device_queued": 1585405086.2516265, "device_end": 1585405086.3666592, "host_queued_end": 1585405146.41078}, "device": "gpu", "nd_range": {"device_start": 1585405086.3666644, "device_end": 1585405086.3699858}, "cmdq": 0, "read": {"device_start": 1585405086.3699899, "device_end": 1585405086.3700814}}, "FFC_sans_bias58": {"write": {"device_start": -1, "host_queued_start": 1585405146.391113, "device_queued": -1, "device_end": -1, "host_queued_end": 1585405146.41078}, "device": "gpu", "nd_range": {"device_start": 1585405086.324162, "device_end": 1585405086.327493}, "cmdq": 0, "read": {"device_start": -1, "device_end": -1}}, "softmax41": {"write": {"device_start": -1, "host_queued_start": 1585405146.391938, "device_queued": -1, "device_end": -1, "host_queued_end": 1585405146.41078}, "device": "gpu", "nd_range": {"device_start": 1585405086.3312602, "device_end": 1585405086.3316815}, "cmdq": 0, "read": {"device_start": -1, "device_end": -1}}, "FFC_sans_bias11": {"write": {"device_start": -1, "host_queued_start": 1585405146.440907, "device_queued": -1, "device_end": -1, "host_queued_end": 1585405146.465821}, "device": "cpu", "nd_range": {"device_start": 2072920.9013391351, "device_end": 2072920.972008883}, "cmdq": 3, "read": {"device_start": -1, "device_end": -1}}, "FFC_sans_bias10": {"write": {"device_start": -1, "host_queued_start": 1585405146.437423, "device_queued": -1, "device_end": -1, "host_queued_end": 1585405146.465821}, "device": "cpu", "nd_range": {"device_start": 2072920.655485613, "device_end": 2072920.778529195}, "cmdq": 2, "read": {"device_start": -1, "device_end": -1}}, "coalesced_transpose3": {"write": {"device_start": -1, "host_queued_start": 1585405146.451948, "device_queued": -1, "device_end": -1, "host_queued_end": 1585405146.465821}, "device": "cpu", "nd_range": {"device_start": 2072920.9010356811, "device_end": 2072920.9021880862}, "cmdq": 2, "read": {"device_start": -1, "device_end": -1}}, "FFC_sans_bias34": {"write": {"device_start": 1585405086.3499026, "host_queued_start": 1585405146.39753, "device_queued": 1585405086.2505875, "device_end": 1585405086.3500018, "host_queued_end": 1585405146.41078}, "device": "gpu", "nd_range": {"device_start": 1585405086.3500087, "device_end": 1585405086.353319}, "cmdq": 0, "read": {"device_start": 1585405086.3533258, "device_end": 1585405086.3534136}}, "FFC_sans_bias15": {"write": {"device_start": -1, "host_queued_start": 1585405146.455329, "device_queued": -1, "device_end": -1, "host_queued_end": 1585405146.465821}, "device": "cpu", "nd_range": {"device_start": 2072921.134895445, "device_end": 2072921.2512862212}, "cmdq": 2, "read": {"device_start": -1, "device_end": -1}}, "FFC_sans_bias31": {"write": {"device_start": -1, "host_queued_start": 1585405146.390145, "device_queued": -1, "device_end": -1, "host_queued_end": 1585405146.41078}, "device": "gpu", "nd_range": {"device_start": 1585405086.314147, "device_end": 1585405086.3174849}, "cmdq": 0, "read": {"device_start": -1, "device_end": -1}}, "FFC_sans_bias16": {"write": {"device_start": -1, "host_queued_start": 1585405146.462418, "device_queued": -1, "device_end": -1, "host_queued_end": 1585405146.465821}, "device": "cpu", "nd_range": {"device_start": 2072921.2759994122, "device_end": 2072921.3563634232}, "cmdq": 0, "read": {"device_start": -1, "device_end": -1}}, "FFC_sans_bias19": {"write": {"device_start": -1, "host_queued_start": 1585405146.448051, "device_queued": -1, "device_end": -1, "host_queued_end": 1585405146.465821}, "device": "cpu", "nd_range": {"device_start": 2072920.8876369812, "device_end": 2072920.982498798}, "cmdq": 0, "read": {"device_start": -1, "device_end": -1}}, "FFC_sans_bias18": {"write": {"device_start": -1, "host_queued_start": 1585405146.444492, "device_queued": -1, "device_end": -1, "host_queued_end": 1585405146.465821}, "device": "cpu", "nd_range": {"device_start": 2072920.7786904701, "device_end": 2072920.9010212412}, "cmdq": 4, "read": {"device_start": -1, "device_end": -1}}, "coalesced_transpose30": {"write": {"device_start": -1, "host_queued_start": 1585405146.388581, "device_queued": -1, "device_end": -1, "host_queued_end": 1585405146.41078}, "device": "gpu", "nd_range": {"device_start": 1585405086.3140523, "device_end": 1585405086.3140702}, "cmdq": 0, "read": {"device_start": -1, "device_end": -1}}, "FFC_sans_bias69": {"write": {"device_start": -1, "host_queued_start": 1585405146.394307, "device_queued": -1, "device_end": -1, "host_queued_end": 1585405146.41078}, "device": "gpu", "nd_range": {"device_start": 1585405086.346313, "device_end": 1585405086.3496573}, "cmdq": 0, "read": {"device_start": -1, "device_end": -1}}, "FFC_sans_bias38": {"write": {"device_start": 1585405086.2643526, "host_queued_start": 1585405146.358619, "device_queued": 1585405086.2460058, "device_end": 1585405086.2644486, "host_queued_end": 1585405146.41078}, "device": "gpu", "nd_range": {"device_start": 1585405086.2644556, "device_end": 1585405086.267799}, "cmdq": 0, "read": {"device_start": -1, "device_end": -1}}, "coalesced_transpose57": {"write": {"device_start": -1, "host_queued_start": 1585405146.389527, "device_queued": -1, "device_end": -1, "host_queued_end": 1585405146.41078}, "device": "gpu", "nd_range": {"device_start": 1585405086.3141093, "device_end": 1585405086.3141267}, "cmdq": 0, "read": {"device_start": -1, "device_end": -1}}, "empty26": {"write": {"device_start": -1, "host_queued_start": 1585405146.420711, "device_queued": -1, "device_end": -1, "host_queued_end": 1585405146.465821}, "device": "cpu", "nd_range": {"device_start": 2072920.655462708, "device_end": 2072920.6554677652}, "cmdq": 2, "read": {"device_start": -1, "device_end": -1}}, "coalesced_transpose12": {"write": {"device_start": -1, "host_queued_start": 1585405146.452289, "device_queued": -1, "device_end": -1, "host_queued_end": 1585405146.465821}, "device": "cpu", "nd_range": {"device_start": 2072920.972027824, "device_end": 2072920.973144516}, "cmdq": 3, "read": {"device_start": -1, "device_end": -1}}, "empty44": {"write": {"device_start": 1585405086.2439208, "host_queued_start": 1585405146.331149, "device_queued": 1585405086.2434328, "device_end": 1585405086.2440193, "host_queued_end": 1585405146.41078}, "device": "gpu", "nd_range": {"device_start": 1585405086.2440257, "device_end": 1585405086.244029}, "cmdq": 0, "read": {"device_start": -1, "device_end": -1}}, "coalesced_transpose21": {"write": {"device_start": -1, "host_queued_start": 1585405146.452627, "device_queued": -1, "device_end": -1, "host_queued_end": 1585405146.465821}, "device": "cpu", "nd_range": {"device_start": 2072921.039710127, "device_end": 2072921.040798261}, "cmdq": 4, "read": {"device_start": -1, "device_end": -1}}, "FFC_sans_bias36": {"write": {"device_start": 1585405086.2568016, "host_queued_start": 1585405146.351794, "device_queued": 1585405086.245454, "device_end": 1585405086.2568977, "host_queued_end": 1585405146.41078}, "device": "gpu", "nd_range": {"device_start": 1585405086.2569046, "device_end": 1585405086.2602422}, "cmdq": 0, "read": {"device_start": -1, "device_end": -1}}, "softmax14": {"write": {"device_start": -1, "host_queued_start": 1585405146.454245, "device_queued": -1, "device_end": -1, "host_queued_end": 1585405146.465821}, "device": "cpu", "nd_range": {"device_start": 2072921.0651532102, "device_end": 2072921.066102903}, "cmdq": 4, "read": {"device_start": -1, "device_end": -1}}, "FFC_sans_bias13": {"write": {"device_start": -1, "host_queued_start": 1585405146.453343, "device_queued": -1, "device_end": -1, "host_queued_end": 1585405146.465821}, "device": "cpu", "nd_range": {"device_start": 2072920.9732948781, "device_end": 2072921.04223284}, "cmdq": 1, "read": {"device_start": -1, "device_end": -1}}, "empty8": {"write": {"device_start": -1, "host_queued_start": 1585405146.414853, "device_queued": -1, "device_end": -1, "host_queued_end": 1585405146.465821}, "device": "cpu", "nd_range": {"device_start": 2072920.655419938, "device_end": 2072920.655431017}, "cmdq": 0, "read": {"device_start": -1, "device_end": -1}}, "FFC_sans_bias42": {"write": {"device_start": -1, "host_queued_start": 1585405146.393323, "device_queued": -1, "device_end": -1, "host_queued_end": 1585405146.41078}, "device": "gpu", "nd_range": {"device_start": 1585405086.3362887, "device_end": 1585405086.3396227}, "cmdq": 0, "read": {"device_start": -1, "device_end": -1}}, "FFC_sans_bias43": {"write": {"device_start": 1585405086.3546557, "host_queued_start": 1585405146.400814, "device_queued": 1585405086.2508566, "device_end": 1585405086.354747, "host_queued_end": 1585405146.41078}, "device": "gpu", "nd_range": {"device_start": 1585405086.354754, "device_end": 1585405086.3580744}, "cmdq": 0, "read": {"device_start": 1585405086.35808, "device_end": 1585405086.3581688}}, "FFC_sans_bias40": {"write": {"device_start": -1, "host_queued_start": 1585405146.390467, "device_queued": -1, "device_end": -1, "host_queued_end": 1585405146.41078}, "device": "gpu", "nd_range": {"device_start": 1585405086.3174858, "device_end": 1585405086.3208182}, "cmdq": 0, "read": {"device_start": -1, "device_end": -1}}, "softmax32": {"write": {"device_start": -1, "host_queued_start": 1585405146.391688, "device_queued": -1, "device_end": -1, "host_queued_end": 1585405146.41078}, "device": "gpu", "nd_range": {"device_start": 1585405086.3308372, "device_end": 1585405086.3312593}, "cmdq": 0, "read": {"device_start": -1, "device_end": -1}}, "FFC_sans_bias47": {"write": {"device_start": 1585405086.2757826, "host_queued_start": 1585405146.368629, "device_queued": 1585405086.246716, "device_end": 1585405086.2758884, "host_queued_end": 1585405146.41078}, "device": "gpu", "nd_range": {"device_start": 1585405086.2758946, "device_end": 1585405086.2792447}, "cmdq": 0, "read": {"device_start": -1, "device_end": -1}}, "FFC_sans_bias45": {"write": {"device_start": 1585405086.2681313, "host_queued_start": 1585405146.361985, "device_queued": 1585405086.2462325, "device_end": 1585405086.2682304, "host_queued_end": 1585405146.41078}, "device": "gpu", "nd_range": {"device_start": 1585405086.2682333, "device_end": 1585405086.2715838}, "cmdq": 0, "read": {"device_start": -1, "device_end": -1}}, "softmax50": {"write": {"device_start": -1, "host_queued_start": 1585405146.392188, "device_queued": -1, "device_end": -1, "host_queued_end": 1585405146.41078}, "device": "gpu", "nd_range": {"device_start": 1585405086.3316824, "device_end": 1585405086.3321018}, "cmdq": 0, "read": {"device_start": -1, "device_end": -1}}, "FFC_sans_bias33": {"write": {"device_start": -1, "host_queued_start": 1585405146.393003, "device_queued": -1, "device_end": -1, "host_queued_end": 1585405146.41078}, "device": "gpu", "nd_range": {"device_start": 1585405086.3329453, "device_end": 1585405086.3362875}, "cmdq": 0, "read": {"device_start": -1, "device_end": -1}}, "FFC_sans_bias63": {"write": {"device_start": 1585405086.3106005, "host_queued_start": 1585405146.388214, "device_queued": 1585405086.2480235, "device_end": 1585405086.3107, "host_queued_end": 1585405146.41078}, "device": "gpu", "nd_range": {"device_start": 1585405086.310702, "device_end": 1585405086.3140514}, "cmdq": 0, "read": {"device_start": -1, "device_end": -1}}, "FFC_sans_bias49": {"write": {"device_start": -1, "host_queued_start": 1585405146.390794, "device_queued": -1, "device_end": -1, "host_queued_end": 1585405146.41078}, "device": "gpu", "nd_range": {"device_start": 1585405086.3208191, "device_end": 1585405086.324161}, "cmdq": 0, "read": {"device_start": -1, "device_end": -1}}, "FFC_sans_bias64": {"write": {"device_start": 1585405086.2909675, "host_queued_start": 1585405146.381672, "device_queued": 1585405086.2475734, "device_end": 1585405086.2910666, "host_queued_end": 1585405146.41078}, "device": "gpu", "nd_range": {"device_start": 1585405086.2910724, "device_end": 1585405086.2944083}, "cmdq": 0, "read": {"device_start": -1, "device_end": -1}}, "FFC_sans_bias65": {"write": {"device_start": 1585405086.294711, "host_queued_start": 1585405146.384967, "device_queued": 1585405086.2477968, "device_end": 1585405086.2948089, "host_queued_end": 1585405146.41078}, "device": "gpu", "nd_range": {"device_start": 1585405086.294816, "device_end": 1585405086.2981536}, "cmdq": 0, "read": {"device_start": -1, "device_end": -1}}, "FFC_sans_bias67": {"write": {"device_start": -1, "host_queued_start": 1585405146.391431, "device_queued": -1, "device_end": -1, "host_queued_end": 1585405146.41078}, "device": "gpu", "nd_range": {"device_start": 1585405086.3274944, "device_end": 1585405086.3308363}, "cmdq": 0, "read": {"device_start": -1, "device_end": -1}}, "FFC_sans_bias24": {"write": {"device_start": -1, "host_queued_start": 1585405146.455788, "device_queued": -1, "device_end": -1, "host_queued_end": 1585405146.465821}, "device": "cpu", "nd_range": {"device_start": 2072921.1409436662, "device_end": 2072921.247114825}, "cmdq": 3, "read": {"device_start": -1, "device_end": -1}}, "FFC_sans_bias25": {"write": {"device_start": -1, "host_queued_start": 1585405146.465766, "device_queued": -1, "device_end": -1, "host_queued_end": 1585405146.465821}, "device": "cpu", "nd_range": {"device_start": 2072921.2509477332, "device_end": 2072921.362232774}, "cmdq": 1, "read": {"device_start": -1, "device_end": -1}}, "FFC_sans_bias27": {"write": {"device_start": 1585405086.2455728, "host_queued_start": 1585405146.341776, "device_queued": 1585405086.244351, "device_end": 1585405086.2456665, "host_queued_end": 1585405146.41078}, "device": "gpu", "nd_range": {"device_start": 1585405086.2456763, "device_end": 1585405086.2489893}, "cmdq": 0, "read": {"device_start": -1, "device_end": -1}}, "FFC_sans_bias20": {"write": {"device_start": -1, "host_queued_start": 1585405146.45136, "device_queued": -1, "device_end": -1, "host_queued_end": 1585405146.465821}, "device": "cpu", "nd_range": {"device_start": 2072920.7879386311, "device_end": 2072920.9174431881}, "cmdq": 1, "read": {"device_start": -1, "device_end": -1}}, "FFC_sans_bias22": {"write": {"device_start": -1, "host_queued_start": 1585405146.453688, "device_queued": -1, "device_end": -1, "host_queued_end": 1585405146.465821}, "device": "cpu", "nd_range": {"device_start": 2072921.0408231572, "device_end": 2072921.1348750482}, "cmdq": 2, "read": {"device_start": -1, "device_end": -1}}, "softmax68": {"write": {"device_start": -1, "host_queued_start": 1585405146.392691, "device_queued": -1, "device_end": -1, "host_queued_end": 1585405146.41078}, "device": "gpu", "nd_range": {"device_start": 1585405086.3325238, "device_end": 1585405086.3329442}, "cmdq": 0, "read": {"device_start": -1, "device_end": -1}}, "softmax5": {"write": {"device_start": -1, "host_queued_start": 1585405146.453971, "device_queued": -1, "device_end": -1, "host_queued_end": 1585405146.465821}, "device": "cpu", "nd_range": {"device_start": 2072921.070321954, "device_end": 2072921.071255438}, "cmdq": 3, "read": {"device_start": -1, "device_end": -1}}, "FFC_sans_bias28": {"write": {"device_start": 1585405086.2493095, "host_queued_start": 1585405146.345142, "device_queued": 1585405086.244669, "device_end": 1585405086.2494137, "host_queued_end": 1585405146.41078}, "device": "gpu", "nd_range": {"device_start": 1585405086.2494211, "device_end": 1585405086.2527647}, "cmdq": 0, "read": {"device_start": -1, "device_end": -1}}, "FFC_sans_bias29": {"write": {"device_start": 1585405086.2530558, "host_queued_start": 1585405146.348482, "device_queued": 1585405086.2450686, "device_end": 1585405086.2531455, "host_queued_end": 1585405146.41078}, "device": "gpu", "nd_range": {"device_start": 1585405086.2531483, "device_end": 1585405086.2564757}, "cmdq": 0, "read": {"device_start": -1, "device_end": -1}}, "empty17": {"write": {"device_start": -1, "host_queued_start": 1585405146.417879, "device_queued": -1, "device_end": -1, "host_queued_end": 1585405146.465821}, "device": "cpu", "nd_range": {"device_start": 2072920.6554200612, "device_end": 2072920.6554310021}, "cmdq": 1, "read": {"device_start": -1, "device_end": -1}}, "softmax59": {"write": {"device_start": -1, "host_queued_start": 1585405146.392445, "device_queued": -1, "device_end": -1, "host_queued_end": 1585405146.41078}, "device": "gpu", "nd_range": {"device_start": 1585405086.3321028, "device_end": 1585405086.3325222}, "cmdq": 0, "read": {"device_start": -1, "device_end": -1}}, "empty71": {"write": {"device_start": 1585405086.2451935, "host_queued_start": 1585405146.338993, "device_queued": 1585405086.2441611, "device_end": 1585405086.2452867, "host_queued_end": 1585405146.41078}, "device": "gpu", "nd_range": {"device_start": 1585405086.245291, "device_end": 1585405086.2453012}, "cmdq": 0, "read": {"device_start": -1, "device_end": -1}}, "empty35": {"write": {"device_start": 1585405086.2434754, "host_queued_start": 1585405146.327823, "device_queued": 1585405086.2431242, "device_end": 1585405086.2435753, "host_queued_end": 1585405146.41078}, "device": "gpu", "nd_range": {"device_start": 1585405086.2435813, "device_end": 1585405086.2435853}, "cmdq": 0, "read": {"device_start": -1, "device_end": -1}}, "empty53": {"write": {"device_start": 1585405086.2443542, "host_queued_start": 1585405146.333748, "device_queued": 1585405086.2437222, "device_end": 1585405086.2444496, "host_queued_end": 1585405146.41078}, "device": "gpu", "nd_range": {"device_start": 1585405086.2444654, "device_end": 1585405086.2444687}, "cmdq": 0, "read": {"device_start": -1, "device_end": -1}}, "FFC_sans_bias46": {"write": {"device_start": 1585405086.271923, "host_queued_start": 1585405146.365321, "device_queued": 1585405086.24649, "device_end": 1585405086.272036, "host_queued_end": 1585405146.41078}, "device": "gpu", "nd_range": {"device_start": 1585405086.2720437, "device_end": 1585405086.2754018}, "cmdq": 0, "read": {"device_start": -1, "device_end": -1}}, "coalesced_transpose66": {"write": {"device_start": -1, "host_queued_start": 1585405146.389827, "device_queued": -1, "device_end": -1, "host_queued_end": 1585405146.41078}, "device": "gpu", "nd_range": {"device_start": 1585405086.3141277, "device_end": 1585405086.3141458}, "cmdq": 0, "read": {"device_start": -1, "device_end": -1}}, "coalesced_transpose48": {"write": {"device_start": -1, "host_queued_start": 1585405146.389218, "device_queued": -1, "device_end": -1, "host_queued_end": 1585405146.41078}, "device": "gpu", "nd_range": {"device_start": 1585405086.3140898, "device_end": 1585405086.314108}, "cmdq": 0, "read": {"device_start": -1, "device_end": -1}}}