{"FFC_sans_bias60": {"write": {"device_start": -1, "host_queued_start": 1585405070.389857, "device_queued": -1, "device_end": -1, "host_queued_end": 1585405070.406665}, "device": "gpu", "nd_range": {"device_start": 1585405010.3333523, "device_end": 1585405010.3366928}, "cmdq": 0, "read": {"device_start": -1, "device_end": -1}}, "FFC_sans_bias4": {"write": {"device_start": -1, "host_queued_start": 1585405070.448876, "device_queued": -1, "device_end": -1, "host_queued_end": 1585405070.461787}, "device": "cpu", "nd_range": {"device_start": 2072844.915605836, "device_end": 2072845.047804713}, "cmdq": 0, "read": {"device_start": -1, "device_end": -1}}, "FFC_sans_bias7": {"write": {"device_start": -1, "host_queued_start": 1585405070.455132, "device_queued": -1, "device_end": -1, "host_queued_end": 1585405070.461787}, "device": "cpu", "nd_range": {"device_start": 2072845.140803121, "device_end": 2072845.2461510322}, "cmdq": 0, "read": {"device_start": -1, "device_end": -1}}, "FFC_sans_bias6": {"write": {"device_start": -1, "host_queued_start": 1585405070.450763, "device_queued": -1, "device_end": -1, "host_queued_end": 1585405070.461787}, "device": "cpu", "nd_range": {"device_start": 2072845.04881398, "device_end": 2072845.14079237}, "cmdq": 0, "read": {"device_start": -1, "device_end": -1}}, "FFC_sans_bias1": {"write": {"device_start": -1, "host_queued_start": 1585405070.423076, "device_queued": -1, "device_end": -1, "host_queued_end": 1585405070.461787}, "device": "cpu", "nd_range": {"device_start": 2072844.651418229, "device_end": 2072844.761888757}, "cmdq": 1, "read": {"device_start": -1, "device_end": -1}}, "FFC_sans_bias0": {"write": {"device_start": -1, "host_queued_start": 1585405070.419605, "device_queued": -1, "device_end": -1, "host_queued_end": 1585405070.461787}, "device": "cpu", "nd_range": {"device_start": 2072844.6514182352, "device_end": 2072844.74518578}, "cmdq": 0, "read": {"device_start": -1, "device_end": -1}}, "FFC_sans_bias2": {"write": {"device_start": -1, "host_queued_start": 1585405070.426481, "device_queued": -1, "device_end": -1, "host_queued_end": 1585405070.461787}, "device": "cpu", "nd_range": {"device_start": 2072844.6514459162, "device_end": 2072844.7858885631}, "cmdq": 2, "read": {"device_start": -1, "device_end": -1}}, "FFC_sans_bias61": {"write": {"device_start": 1585405010.352073, "host_queued_start": 1585405070.403272, "device_queued": 1585405010.2497306, "device_end": 1585405010.3521633, "host_queued_end": 1585405070.406665}, "device": "gpu", "nd_range": {"device_start": 1585405010.3521674, "device_end": 1585405010.3555}, "cmdq": 0, "read": {"device_start": 1585405010.355502, "device_end": 1585405010.3555887}}, "FFC_sans_bias52": {"write": {"device_start": 1585405010.348145, "host_queued_start": 1585405070.399933, "device_queued": 1585405010.2494674, "device_end": 1585405010.3482404, "host_queued_end": 1585405070.406665}, "device": "gpu", "nd_range": {"device_start": 1585405010.348243, "device_end": 1585405010.3515666}, "cmdq": 0, "read": {"device_start": 1585405010.3515682, "device_end": 1585405010.351656}}, "FFC_sans_bias9": {"write": {"device_start": -1, "host_queued_start": 1585405070.42993, "device_queued": -1, "device_end": -1, "host_queued_end": 1585405070.461787}, "device": "cpu", "nd_range": {"device_start": 2072844.746516264, "device_end": 2072844.8303100902}, "cmdq": 0, "read": {"device_start": -1, "device_end": -1}}, "coalesced_transpose39": {"write": {"device_start": -1, "host_queued_start": 1585405070.384757, "device_queued": -1, "device_end": -1, "host_queued_end": 1585405070.406665}, "device": "gpu", "nd_range": {"device_start": 1585405010.3044105, "device_end": 1585405010.3044283}, "cmdq": 0, "read": {"device_start": -1, "device_end": -1}}, "FFC_sans_bias55": {"write": {"device_start": 1585405010.2854235, "host_queued_start": 1585405070.374163, "device_queued": 1585405010.2456267, "device_end": 1585405010.285525, "host_queued_end": 1585405070.406665}, "device": "gpu", "nd_range": {"device_start": 1585405010.2855282, "device_end": 1585405010.2888641}, "cmdq": 0, "read": {"device_start": -1, "device_end": -1}}, "FFC_sans_bias54": {"write": {"device_start": 1585405010.281602, "host_queued_start": 1585405070.370896, "device_queued": 1585405010.245418, "device_end": 1585405010.2817018, "host_queued_end": 1585405070.406665}, "device": "gpu", "nd_range": {"device_start": 1585405010.28171, "device_end": 1585405010.285091}, "cmdq": 0, "read": {"device_start": -1, "device_end": -1}}, "FFC_sans_bias56": {"write": {"device_start": 1585405010.277795, "host_queued_start": 1585405070.36762, "device_queued": 1585405010.2452118, "device_end": 1585405010.277897, "host_queued_end": 1585405070.406665}, "device": "gpu", "nd_range": {"device_start": 1585405010.2779033, "device_end": 1585405010.2812405}, "cmdq": 0, "read": {"device_start": -1, "device_end": -1}}, "FFC_sans_bias51": {"write": {"device_start": -1, "host_queued_start": 1585405070.389537, "device_queued": -1, "device_end": -1, "host_queued_end": 1585405070.406665}, "device": "gpu", "nd_range": {"device_start": 1585405010.3300104, "device_end": 1585405010.3333507}, "cmdq": 0, "read": {"device_start": -1, "device_end": -1}}, "softmax23": {"write": {"device_start": -1, "host_queued_start": 1585405070.450418, "device_queued": -1, "device_end": -1, "host_queued_end": 1585405070.461787}, "device": "cpu", "nd_range": {"device_start": 2072845.1343898792, "device_end": 2072845.1395380392}, "cmdq": 2, "read": {"device_start": -1, "device_end": -1}}, "FFC_sans_bias37": {"write": {"device_start": 1585405010.2587872, "host_queued_start": 1585405070.35095, "device_queued": 1585405010.2440586, "device_end": 1585405010.258884, "host_queued_end": 1585405070.406665}, "device": "gpu", "nd_range": {"device_start": 1585405010.2588923, "device_end": 1585405010.2622347}, "cmdq": 0, "read": {"device_start": -1, "device_end": -1}}, "empty62": {"write": {"device_start": 1585405010.242987, "host_queued_start": 1585405070.332189, "device_queued": 1585405010.242164, "device_end": 1585405010.2430797, "host_queued_end": 1585405070.406665}, "device": "gpu", "nd_range": {"device_start": 1585405010.2430823, "device_end": 1585405010.243086}, "cmdq": 0, "read": {"device_start": -1, "device_end": -1}}, "FFC_sans_bias70": {"write": {"device_start": 1585405010.3562765, "host_queued_start": 1585405070.406542, "device_queued": 1585405010.2499924, "device_end": 1585405010.356372, "host_queued_end": 1585405070.406665}, "device": "gpu", "nd_range": {"device_start": 1585405010.35638, "device_end": 1585405010.359687}, "cmdq": 0, "read": {"device_start": 1585405010.3596895, "device_end": 1585405010.3597775}}, "FFC_sans_bias58": {"write": {"device_start": -1, "host_queued_start": 1585405070.38698, "device_queued": -1, "device_end": -1, "host_queued_end": 1585405070.406665}, "device": "gpu", "nd_range": {"device_start": 1585405010.3145325, "device_end": 1585405010.3178933}, "cmdq": 0, "read": {"device_start": -1, "device_end": -1}}, "softmax41": {"write": {"device_start": -1, "host_queued_start": 1585405070.387828, "device_queued": -1, "device_end": -1, "host_queued_end": 1585405070.406665}, "device": "gpu", "nd_range": {"device_start": 1585405010.3216498, "device_end": 1585405010.3220725}, "cmdq": 0, "read": {"device_start": -1, "device_end": -1}}, "FFC_sans_bias11": {"write": {"device_start": -1, "host_queued_start": 1585405070.43681, "device_queued": -1, "device_end": -1, "host_queued_end": 1585405070.461787}, "device": "cpu", "nd_range": {"device_start": 2072844.7859090352, "device_end": 2072844.893412586}, "cmdq": 2, "read": {"device_start": -1, "device_end": -1}}, "FFC_sans_bias10": {"write": {"device_start": -1, "host_queued_start": 1585405070.433314, "device_queued": -1, "device_end": -1, "host_queued_end": 1585405070.461787}, "device": "cpu", "nd_range": {"device_start": 2072844.761909309, "device_end": 2072844.865708298}, "cmdq": 1, "read": {"device_start": -1, "device_end": -1}}, "coalesced_transpose3": {"write": {"device_start": -1, "host_queued_start": 1585405070.447758, "device_queued": -1, "device_end": -1, "host_queued_end": 1585405070.461787}, "device": "cpu", "nd_range": {"device_start": 2072844.9144660241, "device_end": 2072844.9155917282}, "cmdq": 0, "read": {"device_start": -1, "device_end": -1}}, "FFC_sans_bias34": {"write": {"device_start": 1585405010.3402812, "host_queued_start": 1585405070.393375, "device_queued": 1585405010.2489357, "device_end": 1585405010.3403723, "host_queued_end": 1585405070.406665}, "device": "gpu", "nd_range": {"device_start": 1585405010.3403792, "device_end": 1585405010.343694}, "cmdq": 0, "read": {"device_start": 1585405010.343696, "device_end": 1585405010.343783}}, "FFC_sans_bias15": {"write": {"device_start": -1, "host_queued_start": 1585405070.451152, "device_queued": -1, "device_end": -1, "host_queued_end": 1585405070.461787}, "device": "cpu", "nd_range": {"device_start": 2072845.0574838081, "device_end": 2072845.15655724}, "cmdq": 1, "read": {"device_start": -1, "device_end": -1}}, "FFC_sans_bias31": {"write": {"device_start": -1, "host_queued_start": 1585405070.385998, "device_queued": -1, "device_end": -1, "host_queued_end": 1585405070.406665}, "device": "gpu", "nd_range": {"device_start": 1585405010.3044865, "device_end": 1585405010.3078349}, "cmdq": 0, "read": {"device_start": -1, "device_end": -1}}, "FFC_sans_bias16": {"write": {"device_start": -1, "host_queued_start": 1585405070.458336, "device_queued": -1, "device_end": -1, "host_queued_end": 1585405070.461787}, "device": "cpu", "nd_range": {"device_start": 2072845.156773352, "device_end": 2072845.2944233532}, "cmdq": 1, "read": {"device_start": -1, "device_end": -1}}, "FFC_sans_bias19": {"write": {"device_start": -1, "host_queued_start": 1585405070.443922, "device_queued": -1, "device_end": -1, "host_queued_end": 1585405070.461787}, "device": "cpu", "nd_range": {"device_start": 2072844.8657257352, "device_end": 2072844.9941067952}, "cmdq": 1, "read": {"device_start": -1, "device_end": -1}}, "FFC_sans_bias18": {"write": {"device_start": -1, "host_queued_start": 1585405070.440345, "device_queued": -1, "device_end": -1, "host_queued_end": 1585405070.461787}, "device": "cpu", "nd_range": {"device_start": 2072844.830335213, "device_end": 2072844.9144502112}, "cmdq": 0, "read": {"device_start": -1, "device_end": -1}}, "coalesced_transpose30": {"write": {"device_start": -1, "host_queued_start": 1585405070.384448, "device_queued": -1, "device_end": -1, "host_queued_end": 1585405070.406665}, "device": "gpu", "nd_range": {"device_start": 1585405010.3043914, "device_end": 1585405010.3044095}, "cmdq": 0, "read": {"device_start": -1, "device_end": -1}}, "FFC_sans_bias69": {"write": {"device_start": -1, "host_queued_start": 1585405070.390176, "device_queued": -1, "device_end": -1, "host_queued_end": 1585405070.406665}, "device": "gpu", "nd_range": {"device_start": 1585405010.3366945, "device_end": 1585405010.3400242}, "cmdq": 0, "read": {"device_start": -1, "device_end": -1}}, "FFC_sans_bias38": {"write": {"device_start": 1585405010.262574, "host_queued_start": 1585405070.354252, "device_queued": 1585405010.24428, "device_end": 1585405010.26267, "host_queued_end": 1585405070.406665}, "device": "gpu", "nd_range": {"device_start": 1585405010.2626767, "device_end": 1585405010.2660332}, "cmdq": 0, "read": {"device_start": -1, "device_end": -1}}, "coalesced_transpose57": {"write": {"device_start": -1, "host_queued_start": 1585405070.385374, "device_queued": -1, "device_end": -1, "host_queued_end": 1585405070.406665}, "device": "gpu", "nd_range": {"device_start": 1585405010.3044486, "device_end": 1585405010.3044667}, "cmdq": 0, "read": {"device_start": -1, "device_end": -1}}, "empty26": {"write": {"device_start": -1, "host_queued_start": 1585405070.416704, "device_queued": -1, "device_end": -1, "host_queued_end": 1585405070.461787}, "device": "cpu", "nd_range": {"device_start": 2072844.651423379, "device_end": 2072844.6514283342}, "cmdq": 2, "read": {"device_start": -1, "device_end": -1}}, "coalesced_transpose12": {"write": {"device_start": -1, "host_queued_start": 1585405070.448198, "device_queued": -1, "device_end": -1, "host_queued_end": 1585405070.461787}, "device": "cpu", "nd_range": {"device_start": 2072844.9941240381, "device_end": 2072844.995250354}, "cmdq": 1, "read": {"device_start": -1, "device_end": -1}}, "empty44": {"write": {"device_start": 1585405010.2421365, "host_queued_start": 1585405070.327002, "device_queued": 1585405010.2416673, "device_end": 1585405010.2422462, "host_queued_end": 1585405070.406665}, "device": "gpu", "nd_range": {"device_start": 1585405010.2422488, "device_end": 1585405010.242252}, "cmdq": 0, "read": {"device_start": -1, "device_end": -1}}, "coalesced_transpose21": {"write": {"device_start": -1, "host_queued_start": 1585405070.448531, "device_queued": -1, "device_end": -1, "host_queued_end": 1585405070.461787}, "device": "cpu", "nd_range": {"device_start": 2072845.0055168462, "device_end": 2072845.0066180232}, "cmdq": 2, "read": {"device_start": -1, "device_end": -1}}, "FFC_sans_bias36": {"write": {"device_start": 1585405010.2550056, "host_queued_start": 1585405070.347657, "device_queued": 1585405010.2438364, "device_end": 1585405010.2551017, "host_queued_end": 1585405070.406665}, "device": "gpu", "nd_range": {"device_start": 1585405010.2551086, "device_end": 1585405010.2584598}, "cmdq": 0, "read": {"device_start": -1, "device_end": -1}}, "softmax14": {"write": {"device_start": -1, "host_queued_start": 1585405070.450145, "device_queued": -1, "device_end": -1, "host_queued_end": 1585405070.461787}, "device": "cpu", "nd_range": {"device_start": 2072845.056513576, "device_end": 2072845.0574724292}, "cmdq": 1, "read": {"device_start": -1, "device_end": -1}}, "FFC_sans_bias13": {"write": {"device_start": -1, "host_queued_start": 1585405070.449244, "device_queued": -1, "device_end": -1, "host_queued_end": 1585405070.461787}, "device": "cpu", "nd_range": {"device_start": 2072844.995261334, "device_end": 2072845.056503155}, "cmdq": 1, "read": {"device_start": -1, "device_end": -1}}, "empty8": {"write": {"device_start": -1, "host_queued_start": 1585405070.410796, "device_queued": -1, "device_end": -1, "host_queued_end": 1585405070.461787}, "device": "cpu", "nd_range": {"device_start": 2072844.651388351, "device_end": 2072844.65139502}, "cmdq": 0, "read": {"device_start": -1, "device_end": -1}}, "FFC_sans_bias42": {"write": {"device_start": -1, "host_queued_start": 1585405070.389215, "device_queued": -1, "device_end": -1, "host_queued_end": 1585405070.406665}, "device": "gpu", "nd_range": {"device_start": 1585405010.3266728, "device_end": 1585405010.330009}, "cmdq": 0, "read": {"device_start": -1, "device_end": -1}}, "FFC_sans_bias43": {"write": {"device_start": 1585405010.34422, "host_queued_start": 1585405070.396653, "device_queued": 1585405010.2492044, "device_end": 1585405010.3443139, "host_queued_end": 1585405070.406665}, "device": "gpu", "nd_range": {"device_start": 1585405010.3443215, "device_end": 1585405010.3476365}, "cmdq": 0, "read": {"device_start": 1585405010.347639, "device_end": 1585405010.347727}}, "FFC_sans_bias40": {"write": {"device_start": -1, "host_queued_start": 1585405070.386322, "device_queued": -1, "device_end": -1, "host_queued_end": 1585405070.406665}, "device": "gpu", "nd_range": {"device_start": 1585405010.307836, "device_end": 1585405010.3111753}, "cmdq": 0, "read": {"device_start": -1, "device_end": -1}}, "softmax32": {"write": {"device_start": -1, "host_queued_start": 1585405070.387562, "device_queued": -1, "device_end": -1, "host_queued_end": 1585405070.406665}, "device": "gpu", "nd_range": {"device_start": 1585405010.3212268, "device_end": 1585405010.3216488}, "cmdq": 0, "read": {"device_start": -1, "device_end": -1}}, "FFC_sans_bias47": {"write": {"device_start": 1585405010.2740068, "host_queued_start": 1585405070.364356, "device_queued": 1585405010.244991, "device_end": 1585405010.2741125, "host_queued_end": 1585405070.406665}, "device": "gpu", "nd_range": {"device_start": 1585405010.274119, "device_end": 1585405010.2774534}, "cmdq": 0, "read": {"device_start": -1, "device_end": -1}}, "FFC_sans_bias45": {"write": {"device_start": 1585405010.2663617, "host_queued_start": 1585405070.357756, "device_queued": 1585405010.2445083, "device_end": 1585405010.2664604, "host_queued_end": 1585405070.406665}, "device": "gpu", "nd_range": {"device_start": 1585405010.266463, "device_end": 1585405010.269826}, "cmdq": 0, "read": {"device_start": -1, "device_end": -1}}, "softmax50": {"write": {"device_start": -1, "host_queued_start": 1585405070.388088, "device_queued": -1, "device_end": -1, "host_queued_end": 1585405070.406665}, "device": "gpu", "nd_range": {"device_start": 1585405010.3220735, "device_end": 1585405010.3224945}, "cmdq": 0, "read": {"device_start": -1, "device_end": -1}}, "FFC_sans_bias33": {"write": {"device_start": -1, "host_queued_start": 1585405070.388901, "device_queued": -1, "device_end": -1, "host_queued_end": 1585405070.406665}, "device": "gpu", "nd_range": {"device_start": 1585405010.3233373, "device_end": 1585405010.326672}, "cmdq": 0, "read": {"device_start": -1, "device_end": -1}}, "FFC_sans_bias63": {"write": {"device_start": 1585405010.3009524, "host_queued_start": 1585405070.384083, "device_queued": 1585405010.246379, "device_end": 1585405010.3010445, "host_queued_end": 1585405070.406665}, "device": "gpu", "nd_range": {"device_start": 1585405010.3010504, "device_end": 1585405010.3043902}, "cmdq": 0, "read": {"device_start": -1, "device_end": -1}}, "FFC_sans_bias49": {"write": {"device_start": -1, "host_queued_start": 1585405070.386645, "device_queued": -1, "device_end": -1, "host_queued_end": 1585405070.406665}, "device": "gpu", "nd_range": {"device_start": 1585405010.3111765, "device_end": 1585405010.3145313}, "cmdq": 0, "read": {"device_start": -1, "device_end": -1}}, "FFC_sans_bias64": {"write": {"device_start": 1585405010.2891653, "host_queued_start": 1585405070.377462, "device_queued": 1585405010.245929, "device_end": 1585405010.2892718, "host_queued_end": 1585405070.406665}, "device": "gpu", "nd_range": {"device_start": 1585405010.289275, "device_end": 1585405010.2926118}, "cmdq": 0, "read": {"device_start": -1, "device_end": -1}}, "FFC_sans_bias65": {"write": {"device_start": 1585405010.2929518, "host_queued_start": 1585405070.380788, "device_queued": 1585405010.2461562, "device_end": 1585405010.2930484, "host_queued_end": 1585405070.406665}, "device": "gpu", "nd_range": {"device_start": 1585405010.293052, "device_end": 1585405010.2963936}, "cmdq": 0, "read": {"device_start": -1, "device_end": -1}}, "FFC_sans_bias67": {"write": {"device_start": -1, "host_queued_start": 1585405070.387299, "device_queued": -1, "device_end": -1, "host_queued_end": 1585405070.406665}, "device": "gpu", "nd_range": {"device_start": 1585405010.3178945, "device_end": 1585405010.321226}, "cmdq": 0, "read": {"device_start": -1, "device_end": -1}}, "FFC_sans_bias24": {"write": {"device_start": -1, "host_queued_start": 1585405070.451687, "device_queued": -1, "device_end": -1, "host_queued_end": 1585405070.461787}, "device": "cpu", "nd_range": {"device_start": 2072845.1395534042, "device_end": 2072845.240792717}, "cmdq": 2, "read": {"device_start": -1, "device_end": -1}}, "FFC_sans_bias25": {"write": {"device_start": -1, "host_queued_start": 1585405070.461729, "device_queued": -1, "device_end": -1, "host_queued_end": 1585405070.461787}, "device": "cpu", "nd_range": {"device_start": 2072845.2408138872, "device_end": 2072845.296418576}, "cmdq": 2, "read": {"device_start": -1, "device_end": -1}}, "FFC_sans_bias27": {"write": {"device_start": 1585405010.2437334, "host_queued_start": 1585405070.337573, "device_queued": 1585405010.2427182, "device_end": 1585405010.2438252, "host_queued_end": 1585405070.406665}, "device": "gpu", "nd_range": {"device_start": 1585405010.243832, "device_end": 1585405010.2471595}, "cmdq": 0, "read": {"device_start": -1, "device_end": -1}}, "FFC_sans_bias20": {"write": {"device_start": -1, "host_queued_start": 1585405070.447251, "device_queued": -1, "device_end": -1, "host_queued_end": 1585405070.461787}, "device": "cpu", "nd_range": {"device_start": 2072844.8934324202, "device_end": 2072845.0009450652}, "cmdq": 2, "read": {"device_start": -1, "device_end": -1}}, "FFC_sans_bias22": {"write": {"device_start": -1, "host_queued_start": 1585405070.449591, "device_queued": -1, "device_end": -1, "host_queued_end": 1585405070.461787}, "device": "cpu", "nd_range": {"device_start": 2072845.006634029, "device_end": 2072845.134368587}, "cmdq": 2, "read": {"device_start": -1, "device_end": -1}}, "softmax68": {"write": {"device_start": -1, "host_queued_start": 1585405070.388585, "device_queued": -1, "device_end": -1, "host_queued_end": 1585405070.406665}, "device": "gpu", "nd_range": {"device_start": 1585405010.3229167, "device_end": 1585405010.3233364}, "cmdq": 0, "read": {"device_start": -1, "device_end": -1}}, "softmax5": {"write": {"device_start": -1, "host_queued_start": 1585405070.449871, "device_queued": -1, "device_end": -1, "host_queued_end": 1585405070.461787}, "device": "cpu", "nd_range": {"device_start": 2072845.0478205392, "device_end": 2072845.0488033372}, "cmdq": 0, "read": {"device_start": -1, "device_end": -1}}, "FFC_sans_bias28": {"write": {"device_start": 1585405010.247476, "host_queued_start": 1585405070.34098, "device_queued": 1585405010.2430897, "device_end": 1585405010.2475762, "host_queued_end": 1585405070.406665}, "device": "gpu", "nd_range": {"device_start": 1585405010.2475915, "device_end": 1585405010.2509289}, "cmdq": 0, "read": {"device_start": -1, "device_end": -1}}, "FFC_sans_bias29": {"write": {"device_start": 1585405010.2512648, "host_queued_start": 1585405070.344329, "device_queued": 1585405010.2434752, "device_end": 1585405010.251359, "host_queued_end": 1585405070.406665}, "device": "gpu", "nd_range": {"device_start": 1585405010.251362, "device_end": 1585405010.2546976}, "cmdq": 0, "read": {"device_start": -1, "device_end": -1}}, "empty17": {"write": {"device_start": -1, "host_queued_start": 1585405070.413841, "device_queued": -1, "device_end": -1, "host_queued_end": 1585405070.461787}, "device": "cpu", "nd_range": {"device_start": 2072844.651380548, "device_end": 2072844.6513949852}, "cmdq": 1, "read": {"device_start": -1, "device_end": -1}}, "softmax59": {"write": {"device_start": -1, "host_queued_start": 1585405070.388339, "device_queued": -1, "device_end": -1, "host_queued_end": 1585405070.406665}, "device": "gpu", "nd_range": {"device_start": 1585405010.3224957, "device_end": 1585405010.3229153}, "cmdq": 0, "read": {"device_start": -1, "device_end": -1}}, "empty71": {"write": {"device_start": 1585405010.2433617, "host_queued_start": 1585405070.334794, "device_queued": 1585405010.2424178, "device_end": 1585405010.2434545, "host_queued_end": 1585405070.406665}, "device": "gpu", "nd_range": {"device_start": 1585405010.2434592, "device_end": 1585405010.243469}, "cmdq": 0, "read": {"device_start": -1, "device_end": -1}}, "empty35": {"write": {"device_start": 1585405010.241684, "host_queued_start": 1585405070.323637, "device_queued": 1585405010.2413526, "device_end": 1585405010.241789, "host_queued_end": 1585405070.406665}, "device": "gpu", "nd_range": {"device_start": 1585405010.2417915, "device_end": 1585405010.241796}, "cmdq": 0, "read": {"device_start": -1, "device_end": -1}}, "empty53": {"write": {"device_start": 1585405010.242601, "host_queued_start": 1585405070.329584, "device_queued": 1585405010.2419708, "device_end": 1585405010.2426941, "host_queued_end": 1585405070.406665}, "device": "gpu", "nd_range": {"device_start": 1585405010.2427092, "device_end": 1585405010.2427123}, "cmdq": 0, "read": {"device_start": -1, "device_end": -1}}, "FFC_sans_bias46": {"write": {"device_start": 1585405010.2701654, "host_queued_start": 1585405070.361076, "device_queued": 1585405010.2447646, "device_end": 1585405010.2702813, "host_queued_end": 1585405070.406665}, "device": "gpu", "nd_range": {"device_start": 1585405010.2702875, "device_end": 1585405010.2736356}, "cmdq": 0, "read": {"device_start": -1, "device_end": -1}}, "coalesced_transpose66": {"write": {"device_start": -1, "host_queued_start": 1585405070.38568, "device_queued": -1, "device_end": -1, "host_queued_end": 1585405070.406665}, "device": "gpu", "nd_range": {"device_start": 1585405010.304468, "device_end": 1585405010.3044856}, "cmdq": 0, "read": {"device_start": -1, "device_end": -1}}, "coalesced_transpose48": {"write": {"device_start": -1, "host_queued_start": 1585405070.385067, "device_queued": -1, "device_end": -1, "host_queued_end": 1585405070.406665}, "device": "gpu", "nd_range": {"device_start": 1585405010.3044293, "device_end": 1585405010.3044477}, "cmdq": 0, "read": {"device_start": -1, "device_end": -1}}}