{"FFC_sans_bias60": {"write": {"device_start": -1, "host_queued_start": 1585405098.982584, "device_queued": -1, "device_end": -1, "host_queued_end": 1585405099.012256}, "device": "gpu", "nd_range": {"device_start": 1585405039.02466, "device_end": 1585405039.0282927}, "cmdq": 0, "read": {"device_start": -1, "device_end": -1}}, "FFC_sans_bias4": {"write": {"device_start": -1, "host_queued_start": 1585405098.976076, "device_queued": -1, "device_end": -1, "host_queued_end": 1585405099.012256}, "device": "gpu", "nd_range": {"device_start": 1585405038.9659655, "device_end": 1585405038.9700344}, "cmdq": 0, "read": {"device_start": -1, "device_end": -1}}, "FFC_sans_bias7": {"write": {"device_start": 1585405039.0321653, "host_queued_start": 1585405098.98611, "device_queued": 1585405038.8584526, "device_end": 1585405039.032259, "host_queued_end": 1585405099.012256}, "device": "gpu", "nd_range": {"device_start": 1585405039.032262, "device_end": 1585405039.0358624}, "cmdq": 0, "read": {"device_start": 1585405039.0358694, "device_end": 1585405039.0359545}}, "FFC_sans_bias6": {"write": {"device_start": -1, "host_queued_start": 1585405098.980592, "device_queued": -1, "device_end": -1, "host_queued_end": 1585405099.012256}, "device": "gpu", "nd_range": {"device_start": 1585405039.0028968, "device_end": 1585405039.0065293}, "cmdq": 0, "read": {"device_start": -1, "device_end": -1}}, "FFC_sans_bias1": {"write": {"device_start": 1585405038.8603745, "host_queued_start": 1585405098.900902, "device_queued": 1585405038.8487437, "device_end": 1585405038.8605332, "host_queued_end": 1585405099.012256}, "device": "gpu", "nd_range": {"device_start": 1585405038.8605826, "device_end": 1585405038.864665}, "cmdq": 0, "read": {"device_start": -1, "device_end": -1}}, "FFC_sans_bias0": {"write": {"device_start": 1585405038.8558795, "host_queued_start": 1585405098.897557, "device_queued": 1585405038.848372, "device_end": 1585405038.8560157, "host_queued_end": 1585405099.012256}, "device": "gpu", "nd_range": {"device_start": 1585405038.8560636, "device_end": 1585405038.8599827}, "cmdq": 0, "read": {"device_start": -1, "device_end": -1}}, "FFC_sans_bias2": {"write": {"device_start": 1585405038.8650043, "host_queued_start": 1585405098.904217, "device_queued": 1585405038.8490682, "device_end": 1585405038.8651545, "host_queued_end": 1585405099.012256}, "device": "gpu", "nd_range": {"device_start": 1585405038.865208, "device_end": 1585405038.8691282}, "cmdq": 0, "read": {"device_start": -1, "device_end": -1}}, "FFC_sans_bias61": {"write": {"device_start": 1585405039.0574543, "host_queued_start": 1585405099.00829, "device_queued": 1585405038.8601573, "device_end": 1585405039.0575483, "host_queued_end": 1585405099.012256}, "device": "gpu", "nd_range": {"device_start": 1585405039.0575569, "device_end": 1585405039.0611565}, "cmdq": 0, "read": {"device_start": 1585405039.0611582, "device_end": 1585405039.0612438}}, "FFC_sans_bias52": {"write": {"device_start": 1585405039.0532498, "host_queued_start": 1585405099.003959, "device_queued": 1585405038.8597887, "device_end": 1585405039.0533435, "host_queued_end": 1585405099.012256}, "device": "gpu", "nd_range": {"device_start": 1585405039.0533464, "device_end": 1585405039.056946}, "cmdq": 0, "read": {"device_start": 1585405039.0569537, "device_end": 1585405039.0570388}}, "FFC_sans_bias9": {"write": {"device_start": 1585405038.8694613, "host_queued_start": 1585405098.90757, "device_queued": 1585405038.849365, "device_end": 1585405038.8695958, "host_queued_end": 1585405099.012256}, "device": "gpu", "nd_range": {"device_start": 1585405038.8696418, "device_end": 1585405038.8737206}, "cmdq": 0, "read": {"device_start": -1, "device_end": -1}}, "coalesced_transpose39": {"write": {"device_start": -1, "host_queued_start": 1585405098.974816, "device_queued": -1, "device_end": -1, "host_queued_end": 1585405099.012256}, "device": "gpu", "nd_range": {"device_start": 1585405038.9658854, "device_end": 1585405038.9659038}, "cmdq": 0, "read": {"device_start": -1, "device_end": -1}}, "FFC_sans_bias55": {"write": {"device_start": 1585405038.9473534, "host_queued_start": 1585405098.96344, "device_queued": 1585405038.8536515, "device_end": 1585405038.9474947, "host_queued_end": 1585405099.012256}, "device": "gpu", "nd_range": {"device_start": 1585405038.9475377, "device_end": 1585405038.951769}, "cmdq": 0, "read": {"device_start": -1, "device_end": -1}}, "FFC_sans_bias54": {"write": {"device_start": 1585405038.9429421, "host_queued_start": 1585405098.960176, "device_queued": 1585405038.8534257, "device_end": 1585405038.9430819, "host_queued_end": 1585405099.012256}, "device": "gpu", "nd_range": {"device_start": 1585405038.943127, "device_end": 1585405038.9470375}, "cmdq": 0, "read": {"device_start": -1, "device_end": -1}}, "FFC_sans_bias56": {"write": {"device_start": 1585405038.9383752, "host_queued_start": 1585405098.956915, "device_queued": 1585405038.8531976, "device_end": 1585405038.9385114, "host_queued_end": 1585405099.012256}, "device": "gpu", "nd_range": {"device_start": 1585405038.9385574, "device_end": 1585405038.9426386}, "cmdq": 0, "read": {"device_start": -1, "device_end": -1}}, "FFC_sans_bias51": {"write": {"device_start": -1, "host_queued_start": 1585405098.982265, "device_queued": -1, "device_end": -1, "host_queued_end": 1585405099.012256}, "device": "gpu", "nd_range": {"device_start": 1585405039.021034, "device_end": 1585405039.0246587}, "cmdq": 0, "read": {"device_start": -1, "device_end": -1}}, "softmax23": {"write": {"device_start": -1, "host_queued_start": 1585405098.979057, "device_queued": -1, "device_end": -1, "host_queued_end": 1585405099.012256}, "device": "gpu", "nd_range": {"device_start": 1585405038.9999022, "device_end": 1585405039.0005913}, "cmdq": 0, "read": {"device_start": -1, "device_end": -1}}, "FFC_sans_bias37": {"write": {"device_start": 1585405038.9152014, "host_queued_start": 1585405098.940597, "device_queued": 1585405038.8520129, "device_end": 1585405038.9153435, "host_queued_end": 1585405099.012256}, "device": "gpu", "nd_range": {"device_start": 1585405038.915389, "device_end": 1585405038.9196131}, "cmdq": 0, "read": {"device_start": -1, "device_end": -1}}, "empty62": {"write": {"device_start": 1585405038.8499076, "host_queued_start": 1585405098.892126, "device_queued": 1585405038.847828, "device_end": 1585405038.8500056, "host_queued_end": 1585405099.012256}, "device": "gpu", "nd_range": {"device_start": 1585405038.850047, "device_end": 1585405038.850051}, "cmdq": 0, "read": {"device_start": -1, "device_end": -1}}, "FFC_sans_bias70": {"write": {"device_start": 1585405039.0616632, "host_queued_start": 1585405099.012077, "device_queued": 1585405038.8605657, "device_end": 1585405039.061757, "host_queued_end": 1585405099.012256}, "device": "gpu", "nd_range": {"device_start": 1585405039.0617614, "device_end": 1585405039.0653787}, "cmdq": 0, "read": {"device_start": 1585405039.0653822, "device_end": 1585405039.065467}}, "FFC_sans_bias58": {"write": {"device_start": -1, "host_queued_start": 1585405098.977977, "device_queued": -1, "device_end": -1, "host_queued_end": 1585405099.012256}, "device": "gpu", "nd_range": {"device_start": 1585405038.9909027, "device_end": 1585405038.9949768}, "cmdq": 0, "read": {"device_start": -1, "device_end": -1}}, "softmax41": {"write": {"device_start": -1, "host_queued_start": 1585405098.979548, "device_queued": -1, "device_end": -1, "host_queued_end": 1585405099.012256}, "device": "gpu", "nd_range": {"device_start": 1585405039.0010538, "device_end": 1585405039.0015135}, "cmdq": 0, "read": {"device_start": -1, "device_end": -1}}, "FFC_sans_bias11": {"write": {"device_start": 1585405038.8786252, "host_queued_start": 1585405098.914332, "device_queued": 1585405038.8500402, "device_end": 1585405038.878759, "host_queued_end": 1585405099.012256}, "device": "gpu", "nd_range": {"device_start": 1585405038.8788052, "device_end": 1585405038.8828888}, "cmdq": 0, "read": {"device_start": -1, "device_end": -1}}, "FFC_sans_bias10": {"write": {"device_start": 1585405038.8740525, "host_queued_start": 1585405098.91106, "device_queued": 1585405038.849706, "device_end": 1585405038.8741972, "host_queued_end": 1585405099.012256}, "device": "gpu", "nd_range": {"device_start": 1585405038.874242, "device_end": 1585405038.8783073}, "cmdq": 0, "read": {"device_start": -1, "device_end": -1}}, "coalesced_transpose3": {"write": {"device_start": -1, "host_queued_start": 1585405098.973566, "device_queued": -1, "device_end": -1, "host_queued_end": 1585405099.012256}, "device": "gpu", "nd_range": {"device_start": 1585405038.9658058, "device_end": 1585405038.9658234}, "cmdq": 0, "read": {"device_start": -1, "device_end": -1}}, "FFC_sans_bias34": {"write": {"device_start": 1585405039.04481, "host_queued_start": 1585405098.995911, "device_queued": 1585405038.859276, "device_end": 1585405039.0449035, "host_queued_end": 1585405099.012256}, "device": "gpu", "nd_range": {"device_start": 1585405039.0449064, "device_end": 1585405039.048525}, "cmdq": 0, "read": {"device_start": 1585405039.0485322, "device_end": 1585405039.0486176}}, "FFC_sans_bias15": {"write": {"device_start": -1, "host_queued_start": 1585405098.980995, "device_queued": -1, "device_end": -1, "host_queued_end": 1585405099.012256}, "device": "gpu", "nd_range": {"device_start": 1585405039.0065303, "device_end": 1585405039.0101402}, "cmdq": 0, "read": {"device_start": -1, "device_end": -1}}, "FFC_sans_bias31": {"write": {"device_start": -1, "host_queued_start": 1585405098.977035, "device_queued": -1, "device_end": -1, "host_queued_end": 1585405099.012256}, "device": "gpu", "nd_range": {"device_start": 1585405038.9781246, "device_end": 1585405038.9823527}, "cmdq": 0, "read": {"device_start": -1, "device_end": -1}}, "FFC_sans_bias16": {"write": {"device_start": 1585405039.0363784, "host_queued_start": 1585405098.989363, "device_queued": 1585405038.8587258, "device_end": 1585405039.0364723, "host_queued_end": 1585405099.012256}, "device": "gpu", "nd_range": {"device_start": 1585405039.036481, "device_end": 1585405039.0400956}, "cmdq": 0, "read": {"device_start": 1585405039.0400977, "device_end": 1585405039.0401833}}, "FFC_sans_bias19": {"write": {"device_start": 1585405038.8877985, "host_queued_start": 1585405098.920942, "device_queued": 1585405038.85067, "device_end": 1585405038.8879197, "host_queued_end": 1585405099.012256}, "device": "gpu", "nd_range": {"device_start": 1585405038.8879657, "device_end": 1585405038.8920505}, "cmdq": 0, "read": {"device_start": -1, "device_end": -1}}, "FFC_sans_bias18": {"write": {"device_start": 1585405038.8832142, "host_queued_start": 1585405098.91765, "device_queued": 1585405038.8504214, "device_end": 1585405038.8833544, "host_queued_end": 1585405099.012256}, "device": "gpu", "nd_range": {"device_start": 1585405038.8833976, "device_end": 1585405038.8874836}, "cmdq": 0, "read": {"device_start": -1, "device_end": -1}}, "coalesced_transpose30": {"write": {"device_start": -1, "host_queued_start": 1585405098.974493, "device_queued": -1, "device_end": -1, "host_queued_end": 1585405099.012256}, "device": "gpu", "nd_range": {"device_start": 1585405038.9658642, "device_end": 1585405038.9658842}, "cmdq": 0, "read": {"device_start": -1, "device_end": -1}}, "FFC_sans_bias69": {"write": {"device_start": -1, "host_queued_start": 1585405098.982898, "device_queued": -1, "device_end": -1, "host_queued_end": 1585405099.012256}, "device": "gpu", "nd_range": {"device_start": 1585405039.0282938, "device_end": 1585405039.0319402}, "cmdq": 0, "read": {"device_start": -1, "device_end": -1}}, "FFC_sans_bias38": {"write": {"device_start": 1585405038.9199235, "host_queued_start": 1585405098.943884, "device_queued": 1585405038.852254, "device_end": 1585405038.9200602, "host_queued_end": 1585405099.012256}, "device": "gpu", "nd_range": {"device_start": 1585405038.9201055, "device_end": 1585405038.924179}, "cmdq": 0, "read": {"device_start": -1, "device_end": -1}}, "coalesced_transpose57": {"write": {"device_start": -1, "host_queued_start": 1585405098.975454, "device_queued": -1, "device_end": -1, "host_queued_end": 1585405099.012256}, "device": "gpu", "nd_range": {"device_start": 1585405038.9659257, "device_end": 1585405038.9659438}, "cmdq": 0, "read": {"device_start": -1, "device_end": -1}}, "empty26": {"write": {"device_start": 1585405038.847983, "host_queued_start": 1585405098.881726, "device_queued": 1585405038.8469398, "device_end": 1585405038.8481143, "host_queued_end": 1585405099.012256}, "device": "gpu", "nd_range": {"device_start": 1585405038.8481627, "device_end": 1585405038.8481667}, "cmdq": 0, "read": {"device_start": -1, "device_end": -1}}, "coalesced_transpose12": {"write": {"device_start": -1, "host_queued_start": 1585405098.973873, "device_queued": -1, "device_end": -1, "host_queued_end": 1585405099.012256}, "device": "gpu", "nd_range": {"device_start": 1585405038.965825, "device_end": 1585405038.965844}, "cmdq": 0, "read": {"device_start": -1, "device_end": -1}}, "empty44": {"write": {"device_start": 1585405038.8489125, "host_queued_start": 1585405098.886949, "device_queued": 1585405038.847446, "device_end": 1585405038.8490415, "host_queued_end": 1585405099.012256}, "device": "gpu", "nd_range": {"device_start": 1585405038.8490856, "device_end": 1585405038.8490894}, "cmdq": 0, "read": {"device_start": -1, "device_end": -1}}, "coalesced_transpose21": {"write": {"device_start": -1, "host_queued_start": 1585405098.974184, "device_queued": -1, "device_end": -1, "host_queued_end": 1585405099.012256}, "device": "gpu", "nd_range": {"device_start": 1585405038.9658449, "device_end": 1585405038.9658632}, "cmdq": 0, "read": {"device_start": -1, "device_end": -1}}, "FFC_sans_bias36": {"write": {"device_start": 1585405038.9107976, "host_queued_start": 1585405098.937308, "device_queued": 1585405038.8517745, "device_end": 1585405038.9109414, "host_queued_end": 1585405099.012256}, "device": "gpu", "nd_range": {"device_start": 1585405038.910985, "device_end": 1585405038.9149005}, "cmdq": 0, "read": {"device_start": -1, "device_end": -1}}, "softmax14": {"write": {"device_start": -1, "host_queued_start": 1585405098.978809, "device_queued": -1, "device_end": -1, "host_queued_end": 1585405099.012256}, "device": "gpu", "nd_range": {"device_start": 1585405038.9994411, "device_end": 1585405038.9999013}, "cmdq": 0, "read": {"device_start": -1, "device_end": -1}}, "FFC_sans_bias13": {"write": {"device_start": -1, "host_queued_start": 1585405098.976394, "device_queued": -1, "device_end": -1, "host_queued_end": 1585405099.012256}, "device": "gpu", "nd_range": {"device_start": 1585405038.9700353, "device_end": 1585405038.9740486}, "cmdq": 0, "read": {"device_start": -1, "device_end": -1}}, "empty8": {"write": {"device_start": 1585405038.846643, "host_queued_start": 1585405098.875495, "device_queued": 1585405038.8462396, "device_end": 1585405038.8468015, "host_queued_end": 1585405099.012256}, "device": "gpu", "nd_range": {"device_start": 1585405038.8468459, "device_end": 1585405038.8468502}, "cmdq": 0, "read": {"device_start": -1, "device_end": -1}}, "FFC_sans_bias42": {"write": {"device_start": -1, "host_queued_start": 1585405098.981951, "device_queued": -1, "device_end": -1, "host_queued_end": 1585405099.012256}, "device": "gpu", "nd_range": {"device_start": 1585405039.0173945, "device_end": 1585405039.021033}, "cmdq": 0, "read": {"device_start": -1, "device_end": -1}}, "FFC_sans_bias43": {"write": {"device_start": 1585405039.049035, "host_queued_start": 1585405098.99916, "device_queued": 1585405038.8595333, "device_end": 1585405039.049129, "host_queued_end": 1585405099.012256}, "device": "gpu", "nd_range": {"device_start": 1585405039.0491345, "device_end": 1585405039.0527408}, "cmdq": 0, "read": {"device_start": 1585405039.0527482, "device_end": 1585405039.052833}}, "FFC_sans_bias40": {"write": {"device_start": -1, "host_queued_start": 1585405098.977349, "device_queued": -1, "device_end": -1, "host_queued_end": 1585405099.012256}, "device": "gpu", "nd_range": {"device_start": 1585405038.982354, "device_end": 1585405038.9866612}, "cmdq": 0, "read": {"device_start": -1, "device_end": -1}}, "softmax32": {"write": {"device_start": -1, "host_queued_start": 1585405098.979306, "device_queued": -1, "device_end": -1, "host_queued_end": 1585405099.012256}, "device": "gpu", "nd_range": {"device_start": 1585405039.0005922, "device_end": 1585405039.0010529}, "cmdq": 0, "read": {"device_start": -1, "device_end": -1}}, "FFC_sans_bias47": {"write": {"device_start": 1585405038.9336278, "host_queued_start": 1585405098.95363, "device_queued": 1585405038.852974, "device_end": 1585405038.9337761, "host_queued_end": 1585405099.012256}, "device": "gpu", "nd_range": {"device_start": 1585405038.9338279, "device_end": 1585405038.9380753}, "cmdq": 0, "read": {"device_start": -1, "device_end": -1}}, "FFC_sans_bias45": {"write": {"device_start": 1585405038.9244792, "host_queued_start": 1585405098.947124, "device_queued": 1585405038.8524754, "device_end": 1585405038.9246218, "host_queued_end": 1585405099.012256}, "device": "gpu", "nd_range": {"device_start": 1585405038.9246645, "device_end": 1585405038.92875}, "cmdq": 0, "read": {"device_start": -1, "device_end": -1}}, "softmax50": {"write": {"device_start": -1, "host_queued_start": 1585405098.979788, "device_queued": -1, "device_end": -1, "host_queued_end": 1585405099.012256}, "device": "gpu", "nd_range": {"device_start": 1585405039.001515, "device_end": 1585405039.0019748}, "cmdq": 0, "read": {"device_start": -1, "device_end": -1}}, "FFC_sans_bias33": {"write": {"device_start": -1, "host_queued_start": 1585405098.981634, "device_queued": -1, "device_end": -1, "host_queued_end": 1585405099.012256}, "device": "gpu", "nd_range": {"device_start": 1585405039.013777, "device_end": 1585405039.0173936}, "cmdq": 0, "read": {"device_start": -1, "device_end": -1}}, "FFC_sans_bias63": {"write": {"device_start": 1585405038.9613914, "host_queued_start": 1585405098.973227, "device_queued": 1585405038.8543413, "device_end": 1585405038.961531, "host_queued_end": 1585405099.012256}, "device": "gpu", "nd_range": {"device_start": 1585405038.961579, "device_end": 1585405038.9658046}, "cmdq": 0, "read": {"device_start": -1, "device_end": -1}}, "FFC_sans_bias49": {"write": {"device_start": -1, "host_queued_start": 1585405098.977665, "device_queued": -1, "device_end": -1, "host_queued_end": 1585405099.012256}, "device": "gpu", "nd_range": {"device_start": 1585405038.986663, "device_end": 1585405038.9909017}, "cmdq": 0, "read": {"device_start": -1, "device_end": -1}}, "FFC_sans_bias64": {"write": {"device_start": 1585405038.9520814, "host_queued_start": 1585405098.966696, "device_queued": 1585405038.8538802, "device_end": 1585405038.9522228, "host_queued_end": 1585405099.012256}, "device": "gpu", "nd_range": {"device_start": 1585405038.952275, "device_end": 1585405038.9563649}, "cmdq": 0, "read": {"device_start": -1, "device_end": -1}}, "FFC_sans_bias65": {"write": {"device_start": 1585405038.9566677, "host_queued_start": 1585405098.969941, "device_queued": 1585405038.8541207, "device_end": 1585405038.9568095, "host_queued_end": 1585405099.012256}, "device": "gpu", "nd_range": {"device_start": 1585405038.956852, "device_end": 1585405038.961089}, "cmdq": 0, "read": {"device_start": -1, "device_end": -1}}, "FFC_sans_bias67": {"write": {"device_start": -1, "host_queued_start": 1585405098.978303, "device_queued": -1, "device_end": -1, "host_queued_end": 1585405099.012256}, "device": "gpu", "nd_range": {"device_start": 1585405038.9949782, "device_end": 1585405038.9989781}, "cmdq": 0, "read": {"device_start": -1, "device_end": -1}}, "FFC_sans_bias24": {"write": {"device_start": -1, "host_queued_start": 1585405098.981314, "device_queued": -1, "device_end": -1, "host_queued_end": 1585405099.012256}, "device": "gpu", "nd_range": {"device_start": 1585405039.0101414, "device_end": 1585405039.013776}, "cmdq": 0, "read": {"device_start": -1, "device_end": -1}}, "FFC_sans_bias25": {"write": {"device_start": 1585405039.0405958, "host_queued_start": 1585405098.992599, "device_queued": 1585405038.8590002, "device_end": 1585405039.0406888, "host_queued_end": 1585405099.012256}, "device": "gpu", "nd_range": {"device_start": 1585405039.0406916, "device_end": 1585405039.0443008}, "cmdq": 0, "read": {"device_start": 1585405039.0443087, "device_end": 1585405039.0443935}}, "FFC_sans_bias27": {"write": {"device_start": 1585405038.8967657, "host_queued_start": 1585405098.927505, "device_queued": 1585405038.8511095, "device_end": 1585405038.8969035, "host_queued_end": 1585405099.012256}, "device": "gpu", "nd_range": {"device_start": 1585405038.8969455, "device_end": 1585405038.901014}, "cmdq": 0, "read": {"device_start": -1, "device_end": -1}}, "FFC_sans_bias20": {"write": {"device_start": 1585405038.8923607, "host_queued_start": 1585405098.924236, "device_queued": 1585405038.850891, "device_end": 1585405038.8924959, "host_queued_end": 1585405099.012256}, "device": "gpu", "nd_range": {"device_start": 1585405038.89254, "device_end": 1585405038.896454}, "cmdq": 0, "read": {"device_start": -1, "device_end": -1}}, "FFC_sans_bias22": {"write": {"device_start": -1, "host_queued_start": 1585405098.976712, "device_queued": -1, "device_end": -1, "host_queued_end": 1585405099.012256}, "device": "gpu", "nd_range": {"device_start": 1585405038.9740498, "device_end": 1585405038.9781237}, "cmdq": 0, "read": {"device_start": -1, "device_end": -1}}, "softmax68": {"write": {"device_start": -1, "host_queued_start": 1585405098.980284, "device_queued": -1, "device_end": -1, "host_queued_end": 1585405099.012256}, "device": "gpu", "nd_range": {"device_start": 1585405039.0024369, "device_end": 1585405039.0028958}, "cmdq": 0, "read": {"device_start": -1, "device_end": -1}}, "softmax5": {"write": {"device_start": -1, "host_queued_start": 1585405098.978558, "device_queued": -1, "device_end": -1, "host_queued_end": 1585405099.012256}, "device": "gpu", "nd_range": {"device_start": 1585405038.9989793, "device_end": 1585405038.9994397}, "cmdq": 0, "read": {"device_start": -1, "device_end": -1}}, "FFC_sans_bias28": {"write": {"device_start": 1585405038.9013236, "host_queued_start": 1585405098.930745, "device_queued": 1585405038.8513358, "device_end": 1585405038.901458, "host_queued_end": 1585405099.012256}, "device": "gpu", "nd_range": {"device_start": 1585405038.9015102, "device_end": 1585405038.905757}, "cmdq": 0, "read": {"device_start": -1, "device_end": -1}}, "FFC_sans_bias29": {"write": {"device_start": 1585405038.906059, "host_queued_start": 1585405098.933984, "device_queued": 1585405038.8515558, "device_end": 1585405038.906199, "host_queued_end": 1585405099.012256}, "device": "gpu", "nd_range": {"device_start": 1585405038.9062448, "device_end": 1585405038.9104958}, "cmdq": 0, "read": {"device_start": -1, "device_end": -1}}, "empty17": {"write": {"device_start": 1585405038.8473039, "host_queued_start": 1585405098.87885, "device_queued": 1585405038.8466747, "device_end": 1585405038.847433, "host_queued_end": 1585405099.012256}, "device": "gpu", "nd_range": {"device_start": 1585405038.8474874, "device_end": 1585405038.8474915}, "cmdq": 0, "read": {"device_start": -1, "device_end": -1}}, "softmax59": {"write": {"device_start": -1, "host_queued_start": 1585405098.980034, "device_queued": -1, "device_end": -1, "host_queued_end": 1585405099.012256}, "device": "gpu", "nd_range": {"device_start": 1585405039.001976, "device_end": 1585405039.002436}, "cmdq": 0, "read": {"device_start": -1, "device_end": -1}}, "empty71": {"write": {"device_start": 1585405038.8503172, "host_queued_start": 1585405098.894752, "device_queued": 1585405038.8481276, "device_end": 1585405038.8504124, "host_queued_end": 1585405099.012256}, "device": "gpu", "nd_range": {"device_start": 1585405038.8504622, "device_end": 1585405038.8504667}, "cmdq": 0, "read": {"device_start": -1, "device_end": -1}}, "empty35": {"write": {"device_start": 1585405038.848475, "host_queued_start": 1585405098.884346, "device_queued": 1585405038.8471384, "device_end": 1585405038.8485649, "host_queued_end": 1585405099.012256}, "device": "gpu", "nd_range": {"device_start": 1585405038.8486135, "device_end": 1585405038.8486173}, "cmdq": 0, "read": {"device_start": -1, "device_end": -1}}, "empty53": {"write": {"device_start": 1585405038.849411, "host_queued_start": 1585405098.889522, "device_queued": 1585405038.8476434, "device_end": 1585405038.8495467, "host_queued_end": 1585405099.012256}, "device": "gpu", "nd_range": {"device_start": 1585405038.8495967, "device_end": 1585405038.8496008}, "cmdq": 0, "read": {"device_start": -1, "device_end": -1}}, "FFC_sans_bias46": {"write": {"device_start": 1585405038.9290514, "host_queued_start": 1585405098.950346, "device_queued": 1585405038.852742, "device_end": 1585405038.9291997, "host_queued_end": 1585405099.012256}, "device": "gpu", "nd_range": {"device_start": 1585405038.9292505, "device_end": 1585405038.9333267}, "cmdq": 0, "read": {"device_start": -1, "device_end": -1}}, "coalesced_transpose66": {"write": {"device_start": -1, "host_queued_start": 1585405098.97576, "device_queued": -1, "device_end": -1, "host_queued_end": 1585405099.012256}, "device": "gpu", "nd_range": {"device_start": 1585405038.965945, "device_end": 1585405038.9659643}, "cmdq": 0, "read": {"device_start": -1, "device_end": -1}}, "coalesced_transpose48": {"write": {"device_start": -1, "host_queued_start": 1585405098.975127, "device_queued": -1, "device_end": -1, "host_queued_end": 1585405099.012256}, "device": "gpu", "nd_range": {"device_start": 1585405038.965905, "device_end": 1585405038.9659247}, "cmdq": 0, "read": {"device_start": -1, "device_end": -1}}}