{"FFC_sans_bias60": {"write": {"device_start": -1, "host_queued_start": 1585405360.138138, "device_queued": -1, "device_end": -1, "host_queued_end": 1585405360.164391}, "device": "cpu", "nd_range": {"device_start": 2073136.035591833, "device_end": 2073136.1496614832}, "cmdq": 2, "read": {"device_start": -1, "device_end": -1}}, "FFC_sans_bias4": {"write": {"device_start": -1, "host_queued_start": 1585405360.130976, "device_queued": -1, "device_end": -1, "host_queued_end": 1585405360.164391}, "device": "cpu", "nd_range": {"device_start": 2073135.381614699, "device_end": 2073135.438935942}, "cmdq": 0, "read": {"device_start": -1, "device_end": -1}}, "FFC_sans_bias7": {"write": {"device_start": -1, "host_queued_start": 1585405360.141753, "device_queued": -1, "device_end": -1, "host_queued_end": 1585405360.164391}, "device": "cpu", "nd_range": {"device_start": 2073135.7631032332, "device_end": 2073135.858237625}, "cmdq": 4, "read": {"device_start": -1, "device_end": -1}}, "FFC_sans_bias6": {"write": {"device_start": -1, "host_queued_start": 1585405360.136053, "device_queued": -1, "device_end": -1, "host_queued_end": 1585405360.164391}, "device": "cpu", "nd_range": {"device_start": 2073135.486634304, "device_end": 2073135.6126386162}, "cmdq": 1, "read": {"device_start": -1, "device_end": -1}}, "FFC_sans_bias1": {"write": {"device_start": -1, "host_queued_start": 1585405360.0551, "device_queued": -1, "device_end": -1, "host_queued_end": 1585405360.164391}, "device": "cpu", "nd_range": {"device_start": 2073134.5992448712, "device_end": 2073134.7216041512}, "cmdq": 4, "read": {"device_start": -1, "device_end": -1}}, "FFC_sans_bias0": {"write": {"device_start": -1, "host_queued_start": 1585405360.051748, "device_queued": -1, "device_end": -1, "host_queued_end": 1585405360.164391}, "device": "cpu", "nd_range": {"device_start": 2073134.3541154682, "device_end": 2073134.4830455922}, "cmdq": 3, "read": {"device_start": -1, "device_end": -1}}, "FFC_sans_bias2": {"write": {"device_start": -1, "host_queued_start": 1585405360.058598, "device_queued": -1, "device_end": -1, "host_queued_end": 1585405360.164391}, "device": "cpu", "nd_range": {"device_start": 2073134.3540932722, "device_end": 2073134.5817791412}, "cmdq": 0, "read": {"device_start": -1, "device_end": -1}}, "FFC_sans_bias61": {"write": {"device_start": -1, "host_queued_start": 1585405360.161102, "device_queued": -1, "device_end": -1, "host_queued_end": 1585405360.164391}, "device": "cpu", "nd_range": {"device_start": 2073136.1496894911, "device_end": 2073136.2438472952}, "cmdq": 0, "read": {"device_start": -1, "device_end": -1}}, "FFC_sans_bias52": {"write": {"device_start": -1, "host_queued_start": 1585405360.157837, "device_queued": -1, "device_end": -1, "host_queued_end": 1585405360.164391}, "device": "cpu", "nd_range": {"device_start": 2073135.8582475232, "device_end": 2073136.1439142341}, "cmdq": 4, "read": {"device_start": -1, "device_end": -1}}, "FFC_sans_bias9": {"write": {"device_start": -1, "host_queued_start": 1585405360.061949, "device_queued": -1, "device_end": -1, "host_queued_end": 1585405360.164391}, "device": "cpu", "nd_range": {"device_start": 2073134.354094037, "device_end": 2073134.4765266702}, "cmdq": 1, "read": {"device_start": -1, "device_end": -1}}, "coalesced_transpose39": {"write": {"device_start": -1, "host_queued_start": 1585405360.129638, "device_queued": -1, "device_end": -1, "host_queued_end": 1585405360.164391}, "device": "cpu", "nd_range": {"device_start": 2073135.0108152821, "device_end": 2073135.0119123482}, "cmdq": 1, "read": {"device_start": -1, "device_end": -1}}, "FFC_sans_bias55": {"write": {"device_start": -1, "host_queued_start": 1585405360.118037, "device_queued": -1, "device_end": -1, "host_queued_end": 1585405360.164391}, "device": "cpu", "nd_range": {"device_start": 2073134.871425226, "device_end": 2073135.0005192242}, "cmdq": 3, "read": {"device_start": -1, "device_end": -1}}, "FFC_sans_bias54": {"write": {"device_start": -1, "host_queued_start": 1585405360.11478, "device_queued": -1, "device_end": -1, "host_queued_end": 1585405360.164391}, "device": "cpu", "nd_range": {"device_start": 2073135.263182314, "device_end": 2073135.3800469171}, "cmdq": 2, "read": {"device_start": -1, "device_end": -1}}, "FFC_sans_bias56": {"write": {"device_start": -1, "host_queued_start": 1585405360.111509, "device_queued": -1, "device_end": -1, "host_queued_end": 1585405360.164391}, "device": "cpu", "nd_range": {"device_start": 2073134.7226890102, "device_end": 2073134.8458223282}, "cmdq": 1, "read": {"device_start": -1, "device_end": -1}}, "FFC_sans_bias51": {"write": {"device_start": -1, "host_queued_start": 1585405360.137792, "device_queued": -1, "device_end": -1, "host_queued_end": 1585405360.164391}, "device": "cpu", "nd_range": {"device_start": 2073135.6127603191, "device_end": 2073135.7349889472}, "cmdq": 1, "read": {"device_start": -1, "device_end": -1}}, "softmax23": {"write": {"device_start": -1, "host_queued_start": 1585405360.134305, "device_queued": -1, "device_end": -1, "host_queued_end": 1585405360.164391}, "device": "cpu", "nd_range": {"device_start": 2073135.586597769, "device_end": 2073135.587528527}, "cmdq": 0, "read": {"device_start": -1, "device_end": -1}}, "FFC_sans_bias37": {"write": {"device_start": -1, "host_queued_start": 1585405360.095032, "device_queued": -1, "device_end": -1, "host_queued_end": 1585405360.164391}, "device": "cpu", "nd_range": {"device_start": 2073134.5999644932, "device_end": 2073134.7226759242}, "cmdq": 1, "read": {"device_start": -1, "device_end": -1}}, "empty62": {"write": {"device_start": -1, "host_queued_start": 1585405360.04633, "device_queued": -1, "device_end": -1, "host_queued_end": 1585405360.164391}, "device": "cpu", "nd_range": {"device_start": 2073134.3540875462, "device_end": 2073134.3540885362}, "cmdq": 1, "read": {"device_start": -1, "device_end": -1}}, "FFC_sans_bias70": {"write": {"device_start": -1, "host_queued_start": 1585405360.164337, "device_queued": -1, "device_end": -1, "host_queued_end": 1585405360.164391}, "device": "cpu", "nd_range": {"device_start": 2073135.978156838, "device_end": 2073136.0623607622}, "cmdq": 1, "read": {"device_start": -1, "device_end": -1}}, "FFC_sans_bias58": {"write": {"device_start": -1, "host_queued_start": 1585405360.133126, "device_queued": -1, "device_end": -1, "host_queued_end": 1585405360.164391}, "device": "cpu", "nd_range": {"device_start": 2073135.1348238222, "device_end": 2073135.259752321}, "cmdq": 1, "read": {"device_start": -1, "device_end": -1}}, "softmax41": {"write": {"device_start": -1, "host_queued_start": 1585405360.134846, "device_queued": -1, "device_end": -1, "host_queued_end": 1585405360.164391}, "device": "cpu", "nd_range": {"device_start": 2073135.812021034, "device_end": 2073135.8129515522}, "cmdq": 2, "read": {"device_start": -1, "device_end": -1}}, "FFC_sans_bias11": {"write": {"device_start": -1, "host_queued_start": 1585405360.068622, "device_queued": -1, "device_end": -1, "host_queued_end": 1585405360.164391}, "device": "cpu", "nd_range": {"device_start": 2073134.4832437232, "device_end": 2073134.612870628}, "cmdq": 3, "read": {"device_start": -1, "device_end": -1}}, "FFC_sans_bias10": {"write": {"device_start": -1, "host_queued_start": 1585405360.065267, "device_queued": -1, "device_end": -1, "host_queued_end": 1585405360.164391}, "device": "cpu", "nd_range": {"device_start": 2073134.354921194, "device_end": 2073134.476702691}, "cmdq": 2, "read": {"device_start": -1, "device_end": -1}}, "coalesced_transpose3": {"write": {"device_start": -1, "host_queued_start": 1585405360.128302, "device_queued": -1, "device_end": -1, "host_queued_end": 1585405360.164391}, "device": "cpu", "nd_range": {"device_start": 2073135.3800706612, "device_end": 2073135.380789597}, "cmdq": 2, "read": {"device_start": -1, "device_end": -1}}, "FFC_sans_bias34": {"write": {"device_start": -1, "host_queued_start": 1585405360.151424, "device_queued": -1, "device_end": -1, "host_queued_end": 1585405360.164391}, "device": "cpu", "nd_range": {"device_start": 2073136.14968921, "device_end": 2073136.2382279981}, "cmdq": 2, "read": {"device_start": -1, "device_end": -1}}, "FFC_sans_bias15": {"write": {"device_start": -1, "host_queued_start": 1585405360.1364, "device_queued": -1, "device_end": -1, "host_queued_end": 1585405360.164391}, "device": "cpu", "nd_range": {"device_start": 2073135.81296142, "device_end": 2073136.035567043}, "cmdq": 2, "read": {"device_start": -1, "device_end": -1}}, "FFC_sans_bias31": {"write": {"device_start": -1, "host_queued_start": 1585405360.132007, "device_queued": -1, "device_end": -1, "host_queued_end": 1585405360.164391}, "device": "cpu", "nd_range": {"device_start": 2073135.2584615871, "device_end": 2073135.372917511}, "cmdq": 3, "read": {"device_start": -1, "device_end": -1}}, "FFC_sans_bias16": {"write": {"device_start": -1, "host_queued_start": 1585405360.144954, "device_queued": -1, "device_end": -1, "host_queued_end": 1585405360.164391}, "device": "cpu", "nd_range": {"device_start": 2073136.06236731, "device_end": 2073136.1482692072}, "cmdq": 0, "read": {"device_start": -1, "device_end": -1}}, "FFC_sans_bias19": {"write": {"device_start": -1, "host_queued_start": 1585405360.075273, "device_queued": -1, "device_end": -1, "host_queued_end": 1585405360.164391}, "device": "cpu", "nd_range": {"device_start": 2073134.5817967441, "device_end": 2073134.8347244302}, "cmdq": 0, "read": {"device_start": -1, "device_end": -1}}, "FFC_sans_bias18": {"write": {"device_start": -1, "host_queued_start": 1585405360.071917, "device_queued": -1, "device_end": -1, "host_queued_end": 1585405360.164391}, "device": "cpu", "nd_range": {"device_start": 2073134.7216205662, "device_end": 2073134.8442723781}, "cmdq": 4, "read": {"device_start": -1, "device_end": -1}}, "coalesced_transpose30": {"write": {"device_start": -1, "host_queued_start": 1585405360.129306, "device_queued": -1, "device_end": -1, "host_queued_end": 1585405360.164391}, "device": "cpu", "nd_range": {"device_start": 2073135.2573442531, "device_end": 2073135.258445491}, "cmdq": 0, "read": {"device_start": -1, "device_end": -1}}, "FFC_sans_bias69": {"write": {"device_start": -1, "host_queued_start": 1585405360.138484, "device_queued": -1, "device_end": -1, "host_queued_end": 1585405360.164391}, "device": "cpu", "nd_range": {"device_start": 2073135.85464893, "device_end": 2073135.9754114721}, "cmdq": 3, "read": {"device_start": -1, "device_end": -1}}, "FFC_sans_bias38": {"write": {"device_start": -1, "host_queued_start": 1585405360.098298, "device_queued": -1, "device_end": -1, "host_queued_end": 1585405360.164391}, "device": "cpu", "nd_range": {"device_start": 2073135.002795869, "device_end": 2073135.259984286}, "cmdq": 2, "read": {"device_start": -1, "device_end": -1}}, "coalesced_transpose57": {"write": {"device_start": -1, "host_queued_start": 1585405360.130294, "device_queued": -1, "device_end": -1, "host_queued_end": 1585405360.164391}, "device": "cpu", "nd_range": {"device_start": 2073135.0016787462, "device_end": 2073135.002785206}, "cmdq": 3, "read": {"device_start": -1, "device_end": -1}}, "empty26": {"write": {"device_start": -1, "host_queued_start": 1585405360.035748, "device_queued": -1, "device_end": -1, "host_queued_end": 1585405360.164391}, "device": "cpu", "nd_range": {"device_start": 2073134.3545003962, "device_end": 2073134.3545038921}, "cmdq": 2, "read": {"device_start": -1, "device_end": -1}}, "coalesced_transpose12": {"write": {"device_start": -1, "host_queued_start": 1585405360.128638, "device_queued": -1, "device_end": -1, "host_queued_end": 1585405360.164391}, "device": "cpu", "nd_range": {"device_start": 2073135.0005425352, "device_end": 2073135.0016652802}, "cmdq": 3, "read": {"device_start": -1, "device_end": -1}}, "empty44": {"write": {"device_start": -1, "host_queued_start": 1585405360.041067, "device_queued": -1, "device_end": -1, "host_queued_end": 1585405360.164391}, "device": "cpu", "nd_range": {"device_start": 2073134.599229071, "device_end": 2073134.5992332352}, "cmdq": 4, "read": {"device_start": -1, "device_end": -1}}, "coalesced_transpose21": {"write": {"device_start": -1, "host_queued_start": 1585405360.128971, "device_queued": -1, "device_end": -1, "host_queued_end": 1585405360.164391}, "device": "cpu", "nd_range": {"device_start": 2073135.3808218532, "device_end": 2073135.381678932}, "cmdq": 4, "read": {"device_start": -1, "device_end": -1}}, "FFC_sans_bias36": {"write": {"device_start": -1, "host_queued_start": 1585405360.091761, "device_queued": -1, "device_end": -1, "host_queued_end": 1585405360.164391}, "device": "cpu", "nd_range": {"device_start": 2073134.8347478362, "device_end": 2073134.9808342461}, "cmdq": 0, "read": {"device_start": -1, "device_end": -1}}, "softmax14": {"write": {"device_start": -1, "host_queued_start": 1585405360.134027, "device_queued": -1, "device_end": -1, "host_queued_end": 1585405360.164391}, "device": "cpu", "nd_range": {"device_start": 2073135.5677329872, "device_end": 2073135.575370015}, "cmdq": 4, "read": {"device_start": -1, "device_end": -1}}, "FFC_sans_bias13": {"write": {"device_start": -1, "host_queued_start": 1585405360.131318, "device_queued": -1, "device_end": -1, "host_queued_end": 1585405360.164391}, "device": "cpu", "nd_range": {"device_start": 2073135.0120838, "device_end": 2073135.1346160942}, "cmdq": 1, "read": {"device_start": -1, "device_end": -1}}, "empty8": {"write": {"device_start": -1, "host_queued_start": 1585405360.029382, "device_queued": -1, "device_end": -1, "host_queued_end": 1585405360.164391}, "device": "cpu", "nd_range": {"device_start": 2073134.354048931, "device_end": 2073134.354062542}, "cmdq": 0, "read": {"device_start": -1, "device_end": -1}}, "FFC_sans_bias42": {"write": {"device_start": -1, "host_queued_start": 1585405360.137447, "device_queued": -1, "device_end": -1, "host_queued_end": 1585405360.164391}, "device": "cpu", "nd_range": {"device_start": 2073135.836633776, "device_end": 2073135.959033932}, "cmdq": 0, "read": {"device_start": -1, "device_end": -1}}, "FFC_sans_bias43": {"write": {"device_start": -1, "host_queued_start": 1585405360.15464, "device_queued": -1, "device_end": -1, "host_queued_end": 1585405360.164391}, "device": "cpu", "nd_range": {"device_start": 2073135.97561415, "device_end": 2073136.1013161682}, "cmdq": 3, "read": {"device_start": -1, "device_end": -1}}, "FFC_sans_bias40": {"write": {"device_start": -1, "host_queued_start": 1585405360.132431, "device_queued": -1, "device_end": -1, "host_queued_end": 1585405360.164391}, "device": "cpu", "nd_range": {"device_start": 2073135.393337134, "device_end": 2073135.5677119782}, "cmdq": 4, "read": {"device_start": -1, "device_end": -1}}, "softmax32": {"write": {"device_start": -1, "host_queued_start": 1585405360.134585, "device_queued": -1, "device_end": -1, "host_queued_end": 1585405360.164391}, "device": "cpu", "nd_range": {"device_start": 2073135.3731642342, "device_end": 2073135.374117593}, "cmdq": 1, "read": {"device_start": -1, "device_end": -1}}, "FFC_sans_bias47": {"write": {"device_start": -1, "host_queued_start": 1585405360.108224, "device_queued": -1, "device_end": -1, "host_queued_end": 1585405360.164391}, "device": "cpu", "nd_range": {"device_start": 2073134.9808492782, "device_end": 2073135.1034736682}, "cmdq": 0, "read": {"device_start": -1, "device_end": -1}}, "FFC_sans_bias45": {"write": {"device_start": -1, "host_queued_start": 1585405360.101618, "device_queued": -1, "device_end": -1, "host_queued_end": 1585405360.164391}, "device": "cpu", "nd_range": {"device_start": 2073134.7417666742, "device_end": 2073134.87140103}, "cmdq": 3, "read": {"device_start": -1, "device_end": -1}}, "softmax50": {"write": {"device_start": -1, "host_queued_start": 1585405360.135129, "device_queued": -1, "device_end": -1, "host_queued_end": 1585405360.164391}, "device": "cpu", "nd_range": {"device_start": 2073135.6106298452, "device_end": 2073135.611579762}, "cmdq": 3, "read": {"device_start": -1, "device_end": -1}}, "FFC_sans_bias33": {"write": {"device_start": -1, "host_queued_start": 1585405360.137104, "device_queued": -1, "device_end": -1, "host_queued_end": 1585405360.164391}, "device": "cpu", "nd_range": {"device_start": 2073135.576888624, "device_end": 2073135.7630793531}, "cmdq": 4, "read": {"device_start": -1, "device_end": -1}}, "FFC_sans_bias63": {"write": {"device_start": -1, "host_queued_start": 1585405360.12794, "device_queued": -1, "device_end": -1, "host_queued_end": 1585405360.164391}, "device": "cpu", "nd_range": {"device_start": 2073134.84596517, "device_end": 2073135.0106404622}, "cmdq": 1, "read": {"device_start": -1, "device_end": -1}}, "FFC_sans_bias49": {"write": {"device_start": -1, "host_queued_start": 1585405360.13278, "device_queued": -1, "device_end": -1, "host_queued_end": 1585405360.164391}, "device": "cpu", "nd_range": {"device_start": 2073135.439116358, "device_end": 2073135.5864033552}, "cmdq": 0, "read": {"device_start": -1, "device_end": -1}}, "FFC_sans_bias64": {"write": {"device_start": -1, "host_queued_start": 1585405360.121356, "device_queued": -1, "device_end": -1, "host_queued_end": 1585405360.164391}, "device": "cpu", "nd_range": {"device_start": 2073135.222924885, "device_end": 2073135.3804989262}, "cmdq": 4, "read": {"device_start": -1, "device_end": -1}}, "FFC_sans_bias65": {"write": {"device_start": -1, "host_queued_start": 1585405360.124662, "device_queued": -1, "device_end": -1, "host_queued_end": 1585405360.164391}, "device": "cpu", "nd_range": {"device_start": 2073135.10349253, "device_end": 2073135.257312643}, "cmdq": 0, "read": {"device_start": -1, "device_end": -1}}, "FFC_sans_bias67": {"write": {"device_start": -1, "host_queued_start": 1585405360.133471, "device_queued": -1, "device_end": -1, "host_queued_end": 1585405360.164391}, "device": "cpu", "nd_range": {"device_start": 2073135.5726038262, "device_end": 2073135.8117866241}, "cmdq": 2, "read": {"device_start": -1, "device_end": -1}}, "FFC_sans_bias24": {"write": {"device_start": -1, "host_queued_start": 1585405360.136742, "device_queued": -1, "device_end": -1, "host_queued_end": 1585405360.164391}, "device": "cpu", "nd_range": {"device_start": 2073135.6115991082, "device_end": 2073135.7336697422}, "cmdq": 3, "read": {"device_start": -1, "device_end": -1}}, "FFC_sans_bias25": {"write": {"device_start": -1, "host_queued_start": 1585405360.148179, "device_queued": -1, "device_end": -1, "host_queued_end": 1585405360.164391}, "device": "cpu", "nd_range": {"device_start": 2073135.735111983, "device_end": 2073135.854637501}, "cmdq": 1, "read": {"device_start": -1, "device_end": -1}}, "FFC_sans_bias27": {"write": {"device_start": -1, "host_queued_start": 1585405360.081891, "device_queued": -1, "device_end": -1, "host_queued_end": 1585405360.164391}, "device": "cpu", "nd_range": {"device_start": 2073134.476848693, "device_end": 2073134.5992114032}, "cmdq": 2, "read": {"device_start": -1, "device_end": -1}}, "FFC_sans_bias20": {"write": {"device_start": -1, "host_queued_start": 1585405360.078581, "device_queued": -1, "device_end": -1, "host_queued_end": 1585405360.164391}, "device": "cpu", "nd_range": {"device_start": 2073134.476752964, "device_end": 2073134.599850021}, "cmdq": 1, "read": {"device_start": -1, "device_end": -1}}, "FFC_sans_bias22": {"write": {"device_start": -1, "host_queued_start": 1585405360.131665, "device_queued": -1, "device_end": -1, "host_queued_end": 1585405360.164391}, "device": "cpu", "nd_range": {"device_start": 2073135.431877169, "device_end": 2073135.572424937}, "cmdq": 2, "read": {"device_start": -1, "device_end": -1}}, "softmax68": {"write": {"device_start": -1, "host_queued_start": 1585405360.135694, "device_queued": -1, "device_end": -1, "host_queued_end": 1585405360.164391}, "device": "cpu", "nd_range": {"device_start": 2073135.835678657, "device_end": 2073135.836614279}, "cmdq": 0, "read": {"device_start": -1, "device_end": -1}}, "softmax5": {"write": {"device_start": -1, "host_queued_start": 1585405360.13375, "device_queued": -1, "device_end": -1, "host_queued_end": 1585405360.164391}, "device": "cpu", "nd_range": {"device_start": 2073135.4856661502, "device_end": 2073135.486611732}, "cmdq": 3, "read": {"device_start": -1, "device_end": -1}}, "FFC_sans_bias28": {"write": {"device_start": -1, "host_queued_start": 1585405360.085195, "device_queued": -1, "device_end": -1, "host_queued_end": 1585405360.164391}, "device": "cpu", "nd_range": {"device_start": 2073134.613076454, "device_end": 2073134.7417434931}, "cmdq": 3, "read": {"device_start": -1, "device_end": -1}}, "FFC_sans_bias29": {"write": {"device_start": -1, "host_queued_start": 1585405360.088487, "device_queued": -1, "device_end": -1, "host_queued_end": 1585405360.164391}, "device": "cpu", "nd_range": {"device_start": 2073134.8442914991, "device_end": 2073134.966806509}, "cmdq": 4, "read": {"device_start": -1, "device_end": -1}}, "empty17": {"write": {"device_start": -1, "host_queued_start": 1585405360.032699, "device_queued": -1, "device_end": -1, "host_queued_end": 1585405360.164391}, "device": "cpu", "nd_range": {"device_start": 2073134.3540489592, "device_end": 2073134.354062505}, "cmdq": 1, "read": {"device_start": -1, "device_end": -1}}, "softmax59": {"write": {"device_start": -1, "host_queued_start": 1585405360.135407, "device_queued": -1, "device_end": -1, "host_queued_end": 1585405360.164391}, "device": "cpu", "nd_range": {"device_start": 2073135.5760165232, "device_end": 2073135.5768789412}, "cmdq": 4, "read": {"device_start": -1, "device_end": -1}}, "empty71": {"write": {"device_start": -1, "host_queued_start": 1585405360.048936, "device_queued": -1, "device_end": -1, "host_queued_end": 1585405360.164391}, "device": "cpu", "nd_range": {"device_start": 2073134.3548172081, "device_end": 2073134.3548197811}, "cmdq": 2, "read": {"device_start": -1, "device_end": -1}}, "empty35": {"write": {"device_start": -1, "host_queued_start": 1585405360.038415, "device_queued": -1, "device_end": -1, "host_queued_end": 1585405360.164391}, "device": "cpu", "nd_range": {"device_start": 2073134.3540923982, "device_end": 2073134.3540977102}, "cmdq": 3, "read": {"device_start": -1, "device_end": -1}}, "empty53": {"write": {"device_start": -1, "host_queued_start": 1585405360.04374, "device_queued": -1, "device_end": -1, "host_queued_end": 1585405360.164391}, "device": "cpu", "nd_range": {"device_start": 2073134.354085904, "device_end": 2073134.3540870172}, "cmdq": 0, "read": {"device_start": -1, "device_end": -1}}, "FFC_sans_bias46": {"write": {"device_start": -1, "host_queued_start": 1585405360.104921, "device_queued": -1, "device_end": -1, "host_queued_end": 1585405360.164391}, "device": "cpu", "nd_range": {"device_start": 2073134.9670367772, "device_end": 2073135.2228834012}, "cmdq": 4, "read": {"device_start": -1, "device_end": -1}}, "coalesced_transpose66": {"write": {"device_start": -1, "host_queued_start": 1585405360.130632, "device_queued": -1, "device_end": -1, "host_queued_end": 1585405360.164391}, "device": "cpu", "nd_range": {"device_start": 2073135.392015217, "device_end": 2073135.3931827422}, "cmdq": 4, "read": {"device_start": -1, "device_end": -1}}, "coalesced_transpose48": {"write": {"device_start": -1, "host_queued_start": 1585405360.129965, "device_queued": -1, "device_end": -1, "host_queued_end": 1585405360.164391}, "device": "cpu", "nd_range": {"device_start": 2073135.3809408701, "device_end": 2073135.4316621942}, "cmdq": 2, "read": {"device_start": -1, "device_end": -1}}}