{"FFC_sans_bias60": {"write": {"device_start": -1, "host_queued_start": 1585405032.323298, "device_queued": -1, "device_end": -1, "host_queued_end": 1585405032.339995}, "device": "gpu", "nd_range": {"device_start": 1585404972.2697246, "device_end": 1585404972.2733402}, "cmdq": 0, "read": {"device_start": -1, "device_end": -1}}, "FFC_sans_bias4": {"write": {"device_start": -1, "host_queued_start": 1585405032.381328, "device_queued": -1, "device_end": -1, "host_queued_end": 1585405032.393998}, "device": "cpu", "nd_range": {"device_start": 2072806.8995001772, "device_end": 2072806.9641244882}, "cmdq": 1, "read": {"device_start": -1, "device_end": -1}}, "FFC_sans_bias7": {"write": {"device_start": -1, "host_queued_start": 1585405032.38745, "device_queued": -1, "device_end": -1, "host_queued_end": 1585405032.393998}, "device": "cpu", "nd_range": {"device_start": 2072807.0879865522, "device_end": 2072807.157492706}, "cmdq": 0, "read": {"device_start": -1, "device_end": -1}}, "FFC_sans_bias6": {"write": {"device_start": -1, "host_queued_start": 1585405032.383309, "device_queued": -1, "device_end": -1, "host_queued_end": 1585405032.393998}, "device": "cpu", "nd_range": {"device_start": 2072807.009438021, "device_end": 2072807.074296859}, "cmdq": 1, "read": {"device_start": -1, "device_end": -1}}, "FFC_sans_bias1": {"write": {"device_start": -1, "host_queued_start": 1585405032.356116, "device_queued": -1, "device_end": -1, "host_queued_end": 1585405032.393998}, "device": "cpu", "nd_range": {"device_start": 2072806.583688257, "device_end": 2072806.6618103322}, "cmdq": 0, "read": {"device_start": -1, "device_end": -1}}, "FFC_sans_bias0": {"write": {"device_start": -1, "host_queued_start": 1585405032.352685, "device_queued": -1, "device_end": -1, "host_queued_end": 1585405032.393998}, "device": "cpu", "nd_range": {"device_start": 2072806.583661274, "device_end": 2072806.6539684231}, "cmdq": 1, "read": {"device_start": -1, "device_end": -1}}, "FFC_sans_bias2": {"write": {"device_start": -1, "host_queued_start": 1585405032.359596, "device_queued": -1, "device_end": -1, "host_queued_end": 1585405032.393998}, "device": "cpu", "nd_range": {"device_start": 2072806.654189394, "device_end": 2072806.707233132}, "cmdq": 1, "read": {"device_start": -1, "device_end": -1}}, "FFC_sans_bias61": {"write": {"device_start": 1585404972.289868, "host_queued_start": 1585405032.336625, "device_queued": 1585404972.1837606, "device_end": 1585404972.2899559, "host_queued_end": 1585405032.339995}, "device": "gpu", "nd_range": {"device_start": 1585404972.2899623, "device_end": 1585404972.2936535}, "cmdq": 0, "read": {"device_start": 1585404972.2936568, "device_end": 1585404972.2937484}}, "FFC_sans_bias52": {"write": {"device_start": 1585404972.2855847, "host_queued_start": 1585405032.333323, "device_queued": 1585404972.183498, "device_end": 1585404972.2856712, "host_queued_end": 1585405032.339995}, "device": "gpu", "nd_range": {"device_start": 1585404972.285678, "device_end": 1585404972.2892926}, "cmdq": 0, "read": {"device_start": 1585404972.289299, "device_end": 1585404972.2893848}}, "FFC_sans_bias9": {"write": {"device_start": -1, "host_queued_start": 1585405032.363103, "device_queued": -1, "device_end": -1, "host_queued_end": 1585405032.393998}, "device": "cpu", "nd_range": {"device_start": 2072806.661969237, "device_end": 2072806.7336756242}, "cmdq": 0, "read": {"device_start": -1, "device_end": -1}}, "coalesced_transpose39": {"write": {"device_start": -1, "host_queued_start": 1585405032.318348, "device_queued": -1, "device_end": -1, "host_queued_end": 1585405032.339995}, "device": "gpu", "nd_range": {"device_start": 1585404972.2382789, "device_end": 1585404972.238299}, "cmdq": 0, "read": {"device_start": -1, "device_end": -1}}, "FFC_sans_bias55": {"write": {"device_start": 1585404972.222472, "host_queued_start": 1585405032.307889, "device_queued": 1585404972.1797993, "device_end": 1585404972.222572, "host_queued_end": 1585405032.339995}, "device": "gpu", "nd_range": {"device_start": 1585404972.2225783, "device_end": 1585404972.2262228}, "cmdq": 0, "read": {"device_start": -1, "device_end": -1}}, "FFC_sans_bias54": {"write": {"device_start": 1585404972.218465, "host_queued_start": 1585405032.304627, "device_queued": 1585404972.1795826, "device_end": 1585404972.2185607, "host_queued_end": 1585405032.339995}, "device": "gpu", "nd_range": {"device_start": 1585404972.2185633, "device_end": 1585404972.2221687}, "cmdq": 0, "read": {"device_start": -1, "device_end": -1}}, "FFC_sans_bias56": {"write": {"device_start": 1585404972.2143855, "host_queued_start": 1585405032.301379, "device_queued": 1585404972.1793396, "device_end": 1585404972.2144873, "host_queued_end": 1585405032.339995}, "device": "gpu", "nd_range": {"device_start": 1585404972.2144902, "device_end": 1585404972.218138}, "cmdq": 0, "read": {"device_start": -1, "device_end": -1}}, "FFC_sans_bias51": {"write": {"device_start": -1, "host_queued_start": 1585405032.322981, "device_queued": -1, "device_end": -1, "host_queued_end": 1585405032.339995}, "device": "gpu", "nd_range": {"device_start": 1585404972.2661028, "device_end": 1585404972.2697234}, "cmdq": 0, "read": {"device_start": -1, "device_end": -1}}, "softmax23": {"write": {"device_start": -1, "host_queued_start": 1585405032.382858, "device_queued": -1, "device_end": -1, "host_queued_end": 1585405032.393998}, "device": "cpu", "nd_range": {"device_start": 2072807.008716861, "device_end": 2072807.009426587}, "cmdq": 0, "read": {"device_start": -1, "device_end": -1}}, "FFC_sans_bias37": {"write": {"device_start": 1585404972.1941698, "host_queued_start": 1585405032.284771, "device_queued": 1585404972.1782346, "device_end": 1585404972.1942787, "host_queued_end": 1585405032.339995}, "device": "gpu", "nd_range": {"device_start": 1585404972.1942852, "device_end": 1585404972.1978936}, "cmdq": 0, "read": {"device_start": -1, "device_end": -1}}, "empty62": {"write": {"device_start": 1585404972.177285, "host_queued_start": 1585405032.266073, "device_queued": 1585404972.176435, "device_end": 1585404972.1773796, "host_queued_end": 1585405032.339995}, "device": "gpu", "nd_range": {"device_start": 1585404972.1773868, "device_end": 1585404972.1773903}, "cmdq": 0, "read": {"device_start": -1, "device_end": -1}}, "FFC_sans_bias70": {"write": {"device_start": 1585404972.2941568, "host_queued_start": 1585405032.339888, "device_queued": 1585404972.184023, "device_end": 1585404972.2942448, "host_queued_end": 1585405032.339995}, "device": "gpu", "nd_range": {"device_start": 1585404972.294252, "device_end": 1585404972.2975595}, "cmdq": 0, "read": {"device_start": 1585404972.2975614, "device_end": 1585404972.2976463}}, "FFC_sans_bias58": {"write": {"device_start": -1, "host_queued_start": 1585405032.320506, "device_queued": -1, "device_end": -1, "host_queued_end": 1585405032.339995}, "device": "gpu", "nd_range": {"device_start": 1585404972.24925, "device_end": 1585404972.252895}, "cmdq": 0, "read": {"device_start": -1, "device_end": -1}}, "softmax41": {"write": {"device_start": -1, "host_queued_start": 1585405032.321304, "device_queued": -1, "device_end": -1, "host_queued_end": 1585405032.339995}, "device": "gpu", "nd_range": {"device_start": 1585404972.2570035, "device_end": 1585404972.257463}, "cmdq": 0, "read": {"device_start": -1, "device_end": -1}}, "FFC_sans_bias11": {"write": {"device_start": -1, "host_queued_start": 1585405032.36972, "device_queued": -1, "device_end": -1, "host_queued_end": 1585405032.393998}, "device": "cpu", "nd_range": {"device_start": 2072806.7336894951, "device_end": 2072806.8081293202}, "cmdq": 0, "read": {"device_start": -1, "device_end": -1}}, "FFC_sans_bias10": {"write": {"device_start": -1, "host_queued_start": 1585405032.366365, "device_queued": -1, "device_end": -1, "host_queued_end": 1585405032.393998}, "device": "cpu", "nd_range": {"device_start": 2072806.70744182, "device_end": 2072806.7875943452}, "cmdq": 1, "read": {"device_start": -1, "device_end": -1}}, "coalesced_transpose3": {"write": {"device_start": -1, "host_queued_start": 1585405032.380225, "device_queued": -1, "device_end": -1, "host_queued_end": 1585405032.393998}, "device": "cpu", "nd_range": {"device_start": 2072806.8859916942, "device_end": 2072806.8870944371}, "cmdq": 0, "read": {"device_start": -1, "device_end": -1}}, "FFC_sans_bias34": {"write": {"device_start": 1585404972.277189, "host_queued_start": 1585405032.326779, "device_queued": 1585404972.1829686, "device_end": 1585404972.2772777, "host_queued_end": 1585405032.339995}, "device": "gpu", "nd_range": {"device_start": 1585404972.2772822, "device_end": 1585404972.280881}, "cmdq": 0, "read": {"device_start": 1585404972.2808862, "device_end": 1585404972.280973}}, "FFC_sans_bias15": {"write": {"device_start": -1, "host_queued_start": 1585405032.383648, "device_queued": -1, "device_end": -1, "host_queued_end": 1585405032.393998}, "device": "cpu", "nd_range": {"device_start": 2072807.0094388032, "device_end": 2072807.0879738582}, "cmdq": 0, "read": {"device_start": -1, "device_end": -1}}, "FFC_sans_bias31": {"write": {"device_start": -1, "host_queued_start": 1585405032.319564, "device_queued": -1, "device_end": -1, "host_queued_end": 1585405032.339995}, "device": "gpu", "nd_range": {"device_start": 1585404972.2383642, "device_end": 1585404972.2419927}, "cmdq": 0, "read": {"device_start": -1, "device_end": -1}}, "FFC_sans_bias16": {"write": {"device_start": -1, "host_queued_start": 1585405032.390652, "device_queued": -1, "device_end": -1, "host_queued_end": 1585405032.393998}, "device": "cpu", "nd_range": {"device_start": 2072807.14673113, "device_end": 2072807.211893999}, "cmdq": 1, "read": {"device_start": -1, "device_end": -1}}, "FFC_sans_bias19": {"write": {"device_start": -1, "host_queued_start": 1585405032.376479, "device_queued": -1, "device_end": -1, "host_queued_end": 1585405032.393998}, "device": "cpu", "nd_range": {"device_start": 2072806.8081458411, "device_end": 2072806.8859716142}, "cmdq": 0, "read": {"device_start": -1, "device_end": -1}}, "FFC_sans_bias18": {"write": {"device_start": -1, "host_queued_start": 1585405032.373085, "device_queued": -1, "device_end": -1, "host_queued_end": 1585405032.393998}, "device": "cpu", "nd_range": {"device_start": 2072806.787614498, "device_end": 2072806.837182017}, "cmdq": 1, "read": {"device_start": -1, "device_end": -1}}, "coalesced_transpose30": {"write": {"device_start": -1, "host_queued_start": 1585405032.318044, "device_queued": -1, "device_end": -1, "host_queued_end": 1585405032.339995}, "device": "gpu", "nd_range": {"device_start": 1585404972.2382586, "device_end": 1585404972.2382777}, "cmdq": 0, "read": {"device_start": -1, "device_end": -1}}, "FFC_sans_bias69": {"write": {"device_start": -1, "host_queued_start": 1585405032.323608, "device_queued": -1, "device_end": -1, "host_queued_end": 1585405032.339995}, "device": "gpu", "nd_range": {"device_start": 1585404972.2733412, "device_end": 1585404972.2769616}, "cmdq": 0, "read": {"device_start": -1, "device_end": -1}}, "FFC_sans_bias38": {"write": {"device_start": 1585404972.1982136, "host_queued_start": 1585405032.288021, "device_queued": 1585404972.1784563, "device_end": 1585404972.198312, "host_queued_end": 1585405032.339995}, "device": "gpu", "nd_range": {"device_start": 1585404972.1983147, "device_end": 1585404972.2019646}, "cmdq": 0, "read": {"device_start": -1, "device_end": -1}}, "coalesced_transpose57": {"write": {"device_start": -1, "host_queued_start": 1585405032.318958, "device_queued": -1, "device_end": -1, "host_queued_end": 1585405032.339995}, "device": "gpu", "nd_range": {"device_start": 1585404972.238321, "device_end": 1585404972.2383418}, "cmdq": 0, "read": {"device_start": -1, "device_end": -1}}, "empty26": {"write": {"device_start": -1, "host_queued_start": 1585405032.349841, "device_queued": -1, "device_end": -1, "host_queued_end": 1585405032.393998}, "device": "cpu", "nd_range": {"device_start": 2072806.583668017, "device_end": 2072806.5836698231}, "cmdq": 0, "read": {"device_start": -1, "device_end": -1}}, "coalesced_transpose12": {"write": {"device_start": -1, "host_queued_start": 1585405032.380657, "device_queued": -1, "device_end": -1, "host_queued_end": 1585405032.393998}, "device": "cpu", "nd_range": {"device_start": 2072806.8990047371, "device_end": 2072806.899486357}, "cmdq": 1, "read": {"device_start": -1, "device_end": -1}}, "empty44": {"write": {"device_start": 1585404972.1765518, "host_queued_start": 1585405032.260893, "device_queued": 1585404972.1760798, "device_end": 1585404972.1766472, "host_queued_end": 1585405032.339995}, "device": "gpu", "nd_range": {"device_start": 1585404972.17665, "device_end": 1585404972.1766539}, "cmdq": 0, "read": {"device_start": -1, "device_end": -1}}, "coalesced_transpose21": {"write": {"device_start": -1, "host_queued_start": 1585405032.380984, "device_queued": -1, "device_end": -1, "host_queued_end": 1585405032.393998}, "device": "cpu", "nd_range": {"device_start": 2072806.88710646, "device_end": 2072806.8882045331}, "cmdq": 0, "read": {"device_start": -1, "device_end": -1}}, "FFC_sans_bias36": {"write": {"device_start": 1585404972.1901393, "host_queued_start": 1585405032.281506, "device_queued": 1585404972.1779554, "device_end": 1585404972.1902308, "host_queued_end": 1585405032.339995}, "device": "gpu", "nd_range": {"device_start": 1585404972.1902363, "device_end": 1585404972.1938846}, "cmdq": 0, "read": {"device_start": -1, "device_end": -1}}, "softmax14": {"write": {"device_start": -1, "host_queued_start": 1585405032.382589, "device_queued": -1, "device_end": -1, "host_queued_end": 1585405032.393998}, "device": "cpu", "nd_range": {"device_start": 2072807.0087216632, "device_end": 2072807.0094268122}, "cmdq": 1, "read": {"device_start": -1, "device_end": -1}}, "FFC_sans_bias13": {"write": {"device_start": -1, "host_queued_start": 1585405032.381672, "device_queued": -1, "device_end": -1, "host_queued_end": 1585405032.393998}, "device": "cpu", "nd_range": {"device_start": 2072806.8994966352, "device_end": 2072806.977621531}, "cmdq": 0, "read": {"device_start": -1, "device_end": -1}}, "empty8": {"write": {"device_start": -1, "host_queued_start": 1585405032.343967, "device_queued": -1, "device_end": -1, "host_queued_end": 1585405032.393998}, "device": "cpu", "nd_range": {"device_start": 2072806.5836021951, "device_end": 2072806.583611119}, "cmdq": 0, "read": {"device_start": -1, "device_end": -1}}, "FFC_sans_bias42": {"write": {"device_start": -1, "host_queued_start": 1585405032.322666, "device_queued": -1, "device_end": -1, "host_queued_end": 1585405032.339995}, "device": "gpu", "nd_range": {"device_start": 1585404972.2624652, "device_end": 1585404972.2661014}, "cmdq": 0, "read": {"device_start": -1, "device_end": -1}}, "FFC_sans_bias43": {"write": {"device_start": 1585404972.2813914, "host_queued_start": 1585405032.330063, "device_queued": 1585404972.1832347, "device_end": 1585404972.2814794, "host_queued_end": 1585405032.339995}, "device": "gpu", "nd_range": {"device_start": 1585404972.2814856, "device_end": 1585404972.2850747}, "cmdq": 0, "read": {"device_start": 1585404972.2850819, "device_end": 1585404972.2851686}}, "FFC_sans_bias40": {"write": {"device_start": -1, "host_queued_start": 1585405032.31988, "device_queued": -1, "device_end": -1, "host_queued_end": 1585405032.339995}, "device": "gpu", "nd_range": {"device_start": 1585404972.2419944, "device_end": 1585404972.245608}, "cmdq": 0, "read": {"device_start": -1, "device_end": -1}}, "softmax32": {"write": {"device_start": -1, "host_queued_start": 1585405032.32106, "device_queued": -1, "device_end": -1, "host_queued_end": 1585405032.339995}, "device": "gpu", "nd_range": {"device_start": 1585404972.2565432, "device_end": 1585404972.2570026}, "cmdq": 0, "read": {"device_start": -1, "device_end": -1}}, "FFC_sans_bias47": {"write": {"device_start": 1585404972.210349, "host_queued_start": 1585405032.298105, "device_queued": 1585404972.179122, "device_end": 1585404972.2104464, "host_queued_end": 1585405032.339995}, "device": "gpu", "nd_range": {"device_start": 1585404972.2104537, "device_end": 1585404972.2140808}, "cmdq": 0, "read": {"device_start": -1, "device_end": -1}}, "FFC_sans_bias45": {"write": {"device_start": 1585404972.2022634, "host_queued_start": 1585405032.291527, "device_queued": 1585404972.1786783, "device_end": 1585404972.2023633, "host_queued_end": 1585405032.339995}, "device": "gpu", "nd_range": {"device_start": 1585404972.2023659, "device_end": 1585404972.206005}, "cmdq": 0, "read": {"device_start": -1, "device_end": -1}}, "softmax50": {"write": {"device_start": -1, "host_queued_start": 1585405032.321547, "device_queued": -1, "device_end": -1, "host_queued_end": 1585405032.339995}, "device": "gpu", "nd_range": {"device_start": 1585404972.257464, "device_end": 1585404972.2579234}, "cmdq": 0, "read": {"device_start": -1, "device_end": -1}}, "FFC_sans_bias33": {"write": {"device_start": -1, "host_queued_start": 1585405032.322352, "device_queued": -1, "device_end": -1, "host_queued_end": 1585405032.339995}, "device": "gpu", "nd_range": {"device_start": 1585404972.258846, "device_end": 1585404972.262463}, "cmdq": 0, "read": {"device_start": -1, "device_end": -1}}, "FFC_sans_bias63": {"write": {"device_start": 1585404972.23455, "host_queued_start": 1585405032.317686, "device_queued": 1585404972.1804383, "device_end": 1585404972.2346382, "host_queued_end": 1585405032.339995}, "device": "gpu", "nd_range": {"device_start": 1585404972.2346437, "device_end": 1585404972.2382574}, "cmdq": 0, "read": {"device_start": -1, "device_end": -1}}, "FFC_sans_bias49": {"write": {"device_start": -1, "host_queued_start": 1585405032.320192, "device_queued": -1, "device_end": -1, "host_queued_end": 1585405032.339995}, "device": "gpu", "nd_range": {"device_start": 1585404972.245609, "device_end": 1585404972.2492485}, "cmdq": 0, "read": {"device_start": -1, "device_end": -1}}, "FFC_sans_bias64": {"write": {"device_start": 1585404972.226523, "host_queued_start": 1585405032.31115, "device_queued": 1585404972.180005, "device_end": 1585404972.2266233, "host_queued_end": 1585405032.339995}, "device": "gpu", "nd_range": {"device_start": 1585404972.2266302, "device_end": 1585404972.2302792}, "cmdq": 0, "read": {"device_start": -1, "device_end": -1}}, "FFC_sans_bias65": {"write": {"device_start": 1585404972.230572, "host_queued_start": 1585405032.314447, "device_queued": 1585404972.180216, "device_end": 1585404972.2306905, "host_queued_end": 1585405032.339995}, "device": "gpu", "nd_range": {"device_start": 1585404972.230693, "device_end": 1585404972.2343104}, "cmdq": 0, "read": {"device_start": -1, "device_end": -1}}, "FFC_sans_bias67": {"write": {"device_start": -1, "host_queued_start": 1585405032.320812, "device_queued": -1, "device_end": -1, "host_queued_end": 1585405032.339995}, "device": "gpu", "nd_range": {"device_start": 1585404972.2528968, "device_end": 1585404972.2565417}, "cmdq": 0, "read": {"device_start": -1, "device_end": -1}}, "FFC_sans_bias24": {"write": {"device_start": -1, "host_queued_start": 1585405032.383985, "device_queued": -1, "device_end": -1, "host_queued_end": 1585405032.393998}, "device": "cpu", "nd_range": {"device_start": 2072807.0745151262, "device_end": 2072807.1467124892}, "cmdq": 1, "read": {"device_start": -1, "device_end": -1}}, "FFC_sans_bias25": {"write": {"device_start": -1, "host_queued_start": 1585405032.393941, "device_queued": -1, "device_end": -1, "host_queued_end": 1585405032.393998}, "device": "cpu", "nd_range": {"device_start": 2072807.1575006982, "device_end": 2072807.2320525972}, "cmdq": 0, "read": {"device_start": -1, "device_end": -1}}, "FFC_sans_bias27": {"write": {"device_start": 1585404972.1780283, "host_queued_start": 1585405032.271533, "device_queued": 1585404972.1768298, "device_end": 1585404972.1781235, "host_queued_end": 1585405032.339995}, "device": "gpu", "nd_range": {"device_start": 1585404972.1781263, "device_end": 1585404972.1817243}, "cmdq": 0, "read": {"device_start": -1, "device_end": -1}}, "FFC_sans_bias20": {"write": {"device_start": -1, "host_queued_start": 1585405032.379866, "device_queued": -1, "device_end": -1, "host_queued_end": 1585405032.393998}, "device": "cpu", "nd_range": {"device_start": 2072806.837196767, "device_end": 2072806.898996046}, "cmdq": 1, "read": {"device_start": -1, "device_end": -1}}, "FFC_sans_bias22": {"write": {"device_start": -1, "host_queued_start": 1585405032.382037, "device_queued": -1, "device_end": -1, "host_queued_end": 1585405032.393998}, "device": "cpu", "nd_range": {"device_start": 2072806.9641396722, "device_end": 2072807.008696957}, "cmdq": 1, "read": {"device_start": -1, "device_end": -1}}, "softmax68": {"write": {"device_start": -1, "host_queued_start": 1585405032.322045, "device_queued": -1, "device_end": -1, "host_queued_end": 1585405032.339995}, "device": "gpu", "nd_range": {"device_start": 1585404972.2583854, "device_end": 1585404972.258845}, "cmdq": 0, "read": {"device_start": -1, "device_end": -1}}, "softmax5": {"write": {"device_start": -1, "host_queued_start": 1585405032.382316, "device_queued": -1, "device_end": -1, "host_queued_end": 1585405032.393998}, "device": "cpu", "nd_range": {"device_start": 2072806.9776460032, "device_end": 2072806.9786019612}, "cmdq": 0, "read": {"device_start": -1, "device_end": -1}}, "FFC_sans_bias28": {"write": {"device_start": 1585404972.1820533, "host_queued_start": 1585405032.274912, "device_queued": 1585404972.17719, "device_end": 1585404972.182157, "host_queued_end": 1585405032.339995}, "device": "gpu", "nd_range": {"device_start": 1585404972.1821628, "device_end": 1585404972.1858249}, "cmdq": 0, "read": {"device_start": -1, "device_end": -1}}, "FFC_sans_bias29": {"write": {"device_start": 1585404972.186125, "host_queued_start": 1585405032.278202, "device_queued": 1585404972.1775386, "device_end": 1585404972.186221, "host_queued_end": 1585405032.339995}, "device": "gpu", "nd_range": {"device_start": 1585404972.1862252, "device_end": 1585404972.1898324}, "cmdq": 0, "read": {"device_start": -1, "device_end": -1}}, "empty17": {"write": {"device_start": -1, "host_queued_start": 1585405032.346994, "device_queued": -1, "device_end": -1, "host_queued_end": 1585405032.393998}, "device": "cpu", "nd_range": {"device_start": 2072806.583602149, "device_end": 2072806.5836111212}, "cmdq": 1, "read": {"device_start": -1, "device_end": -1}}, "softmax59": {"write": {"device_start": -1, "host_queued_start": 1585405032.321794, "device_queued": -1, "device_end": -1, "host_queued_end": 1585405032.339995}, "device": "gpu", "nd_range": {"device_start": 1585404972.2579246, "device_end": 1585404972.2583838}, "cmdq": 0, "read": {"device_start": -1, "device_end": -1}}, "empty71": {"write": {"device_start": 1585404972.1776495, "host_queued_start": 1585405032.268719, "device_queued": 1585404972.1766841, "device_end": 1585404972.177743, "host_queued_end": 1585405032.339995}, "device": "gpu", "nd_range": {"device_start": 1585404972.1777513, "device_end": 1585404972.1777546}, "cmdq": 0, "read": {"device_start": -1, "device_end": -1}}, "empty35": {"write": {"device_start": 1585404972.1761506, "host_queued_start": 1585405032.257559, "device_queued": 1585404972.1758192, "device_end": 1585404972.1762497, "host_queued_end": 1585405032.339995}, "device": "gpu", "nd_range": {"device_start": 1585404972.1762583, "device_end": 1585404972.176263}, "cmdq": 0, "read": {"device_start": -1, "device_end": -1}}, "empty53": {"write": {"device_start": 1585404972.1769266, "host_queued_start": 1585405032.263505, "device_queued": 1585404972.1762598, "device_end": 1585404972.1770196, "host_queued_end": 1585405032.339995}, "device": "gpu", "nd_range": {"device_start": 1585404972.177022, "device_end": 1585404972.177026}, "cmdq": 0, "read": {"device_start": -1, "device_end": -1}}, "FFC_sans_bias46": {"write": {"device_start": 1585404972.2063112, "host_queued_start": 1585405032.294852, "device_queued": 1585404972.1789062, "device_end": 1585404972.2064102, "host_queued_end": 1585405032.339995}, "device": "gpu", "nd_range": {"device_start": 1585404972.2064126, "device_end": 1585404972.2100518}, "cmdq": 0, "read": {"device_start": -1, "device_end": -1}}, "coalesced_transpose66": {"write": {"device_start": -1, "host_queued_start": 1585405032.319251, "device_queued": -1, "device_end": -1, "host_queued_end": 1585405032.339995}, "device": "gpu", "nd_range": {"device_start": 1585404972.2383428, "device_end": 1585404972.2383633}, "cmdq": 0, "read": {"device_start": -1, "device_end": -1}}, "coalesced_transpose48": {"write": {"device_start": -1, "host_queued_start": 1585405032.318657, "device_queued": -1, "device_end": -1, "host_queued_end": 1585405032.339995}, "device": "gpu", "nd_range": {"device_start": 1585404972.2383, "device_end": 1585404972.2383199}, "cmdq": 0, "read": {"device_start": -1, "device_end": -1}}}