{"FFC_sans_bias60": {"write": {"device_start": -1, "host_queued_start": 1585405915.386565, "device_queued": -1, "device_end": -1, "host_queued_end": 1585405915.39677}, "device": "gpu", "nd_range": {"device_start": 1585405855.2511184, "device_end": 1585405855.257029}, "cmdq": 2, "read": {"device_start": -1, "device_end": -1}}, "FFC_sans_bias4": {"write": {"device_start": -1, "host_queued_start": 1585405915.464646, "device_queued": -1, "device_end": -1, "host_queued_end": 1585405915.485377}, "device": "cpu", "nd_range": {"device_start": 2073690.3961969991, "device_end": 2073690.518427971}, "cmdq": 0, "read": {"device_start": -1, "device_end": -1}}, "FFC_sans_bias7": {"write": {"device_start": -1, "host_queued_start": 1585405915.472433, "device_queued": -1, "device_end": -1, "host_queued_end": 1585405915.485377}, "device": "cpu", "nd_range": {"device_start": 2073690.6423090072, "device_end": 2073690.734109624}, "cmdq": 0, "read": {"device_start": -1, "device_end": -1}}, "FFC_sans_bias6": {"write": {"device_start": -1, "host_queued_start": 1585405915.467799, "device_queued": -1, "device_end": -1, "host_queued_end": 1585405915.485377}, "device": "cpu", "nd_range": {"device_start": 2073690.5197382562, "device_end": 2073690.642091562}, "cmdq": 0, "read": {"device_start": -1, "device_end": -1}}, "FFC_sans_bias1": {"write": {"device_start": -1, "host_queued_start": 1585405915.41882, "device_queued": -1, "device_end": -1, "host_queued_end": 1585405915.485377}, "device": "cpu", "nd_range": {"device_start": 2073689.6750309332, "device_end": 2073689.9014951212}, "cmdq": 1, "read": {"device_start": -1, "device_end": -1}}, "FFC_sans_bias0": {"write": {"device_start": -1, "host_queued_start": 1585405915.415355, "device_queued": -1, "device_end": -1, "host_queued_end": 1585405915.485377}, "device": "cpu", "nd_range": {"device_start": 2073689.675031014, "device_end": 2073689.798257593}, "cmdq": 0, "read": {"device_start": -1, "device_end": -1}}, "FFC_sans_bias2": {"write": {"device_start": -1, "host_queued_start": 1585405915.422302, "device_queued": -1, "device_end": -1, "host_queued_end": 1585405915.485377}, "device": "cpu", "nd_range": {"device_start": 2073689.6750540412, "device_end": 2073689.8031401222}, "cmdq": 2, "read": {"device_start": -1, "device_end": -1}}, "FFC_sans_bias61": {"write": {"device_start": 1585405855.2506847, "host_queued_start": 1585405915.393389, "device_queued": 1585405855.2136824, "device_end": 1585405855.2507918, "host_queued_end": 1585405915.39677}, "device": "gpu", "nd_range": {"device_start": 1585405855.2570364, "device_end": 1585405855.263468}, "cmdq": 0, "read": {"device_start": 1585405855.2704225, "device_end": 1585405855.2705483}}, "FFC_sans_bias52": {"write": {"device_start": 1585405855.2514558, "host_queued_start": 1585405915.390098, "device_queued": 1585405855.213396, "device_end": 1585405855.2515564, "host_queued_end": 1585405915.39677}, "device": "gpu", "nd_range": {"device_start": 1585405855.2603195, "device_end": 1585405855.2699666}, "cmdq": 4, "read": {"device_start": 1585405855.269968, "device_end": 1585405855.2700593}}, "FFC_sans_bias9": {"write": {"device_start": -1, "host_queued_start": 1585405915.425594, "device_queued": -1, "device_end": -1, "host_queued_end": 1585405915.485377}, "device": "cpu", "nd_range": {"device_start": 2073689.798096396, "device_end": 2073689.9208309082}, "cmdq": 3, "read": {"device_start": -1, "device_end": -1}}, "coalesced_transpose39": {"write": {"device_start": -1, "host_queued_start": 1585405915.4643, "device_queued": -1, "device_end": -1, "host_queued_end": 1585405915.485377}, "device": "cpu", "nd_range": {"device_start": 2073690.1675538262, "device_end": 2073690.1769995561}, "cmdq": 4, "read": {"device_start": -1, "device_end": -1}}, "FFC_sans_bias55": {"write": {"device_start": 1585405855.2134035, "host_queued_start": 1585405915.373078, "device_queued": 1585405855.2106018, "device_end": 1585405855.2135046, "host_queued_end": 1585405915.39677}, "device": "gpu", "nd_range": {"device_start": 1585405855.2135096, "device_end": 1585405855.2293866}, "cmdq": 3, "read": {"device_start": -1, "device_end": -1}}, "FFC_sans_bias54": {"write": {"device_start": 1585405855.210983, "host_queued_start": 1585405915.369771, "device_queued": 1585405855.2104528, "device_end": 1585405855.2110975, "host_queued_end": 1585405915.39677}, "device": "gpu", "nd_range": {"device_start": 1585405855.2112691, "device_end": 1585405855.2261195}, "cmdq": 2, "read": {"device_start": -1, "device_end": -1}}, "FFC_sans_bias56": {"write": {"device_start": 1585405855.2106028, "host_queued_start": 1585405915.366453, "device_queued": 1585405855.210313, "device_end": 1585405855.2108934, "host_queued_end": 1585405915.39677}, "device": "gpu", "nd_range": {"device_start": 1585405855.2111297, "device_end": 1585405855.2228203}, "cmdq": 1, "read": {"device_start": -1, "device_end": -1}}, "FFC_sans_bias51": {"write": {"device_start": -1, "host_queued_start": 1585405915.386243, "device_queued": -1, "device_end": -1, "host_queued_end": 1585405915.39677}, "device": "gpu", "nd_range": {"device_start": 1585405855.2503405, "device_end": 1585405855.253704}, "cmdq": 1, "read": {"device_start": -1, "device_end": -1}}, "softmax23": {"write": {"device_start": -1, "host_queued_start": 1585405915.46689, "device_queued": -1, "device_end": -1, "host_queued_end": 1585405915.485377}, "device": "cpu", "nd_range": {"device_start": 2073690.204455309, "device_end": 2073690.205400991}, "cmdq": 2, "read": {"device_start": -1, "device_end": -1}}, "FFC_sans_bias37": {"write": {"device_start": -1, "host_queued_start": 1585405915.459051, "device_queued": -1, "device_end": -1, "host_queued_end": 1585405915.485377}, "device": "cpu", "nd_range": {"device_start": 2073690.043887657, "device_end": 2073690.167538736}, "cmdq": 3, "read": {"device_start": -1, "device_end": -1}}, "empty62": {"write": {"device_start": 1585405855.2087116, "host_queued_start": 1585405915.350919, "device_queued": 1585405855.2083406, "device_end": 1585405855.2089343, "host_queued_end": 1585405915.39677}, "device": "gpu", "nd_range": {"device_start": 1585405855.20938, "device_end": 1585405855.2093937}, "cmdq": 1, "read": {"device_start": -1, "device_end": -1}}, "FFC_sans_bias70": {"write": {"device_start": 1585405855.254042, "host_queued_start": 1585405915.396654, "device_queued": 1585405855.214074, "device_end": 1585405855.2541442, "host_queued_end": 1585405915.39677}, "device": "gpu", "nd_range": {"device_start": 1585405855.260314, "device_end": 1585405855.2667449}, "cmdq": 1, "read": {"device_start": 1585405855.2667496, "device_end": 1585405855.2668412}}, "FFC_sans_bias58": {"write": {"device_start": -1, "host_queued_start": 1585405915.384869, "device_queued": -1, "device_end": -1, "host_queued_end": 1585405915.39677}, "device": "gpu", "nd_range": {"device_start": 1585405855.2391415, "device_end": 1585405855.24887}, "cmdq": 1, "read": {"device_start": -1, "device_end": -1}}, "softmax41": {"write": {"device_start": -1, "host_queued_start": 1585405915.467452, "device_queued": -1, "device_end": -1, "host_queued_end": 1585405915.485377}, "device": "cpu", "nd_range": {"device_start": 2073690.4634207322, "device_end": 2073690.4643773232}, "cmdq": 4, "read": {"device_start": -1, "device_end": -1}}, "FFC_sans_bias11": {"write": {"device_start": -1, "host_queued_start": 1585405915.432211, "device_queued": -1, "device_end": -1, "host_queued_end": 1585405915.485377}, "device": "cpu", "nd_range": {"device_start": 2073690.043311008, "device_end": 2073690.166095595}, "cmdq": 0, "read": {"device_start": -1, "device_end": -1}}, "FFC_sans_bias10": {"write": {"device_start": -1, "host_queued_start": 1585405915.428882, "device_queued": -1, "device_end": -1, "host_queued_end": 1585405915.485377}, "device": "cpu", "nd_range": {"device_start": 2073689.6753215091, "device_end": 2073689.7978410001}, "cmdq": 4, "read": {"device_start": -1, "device_end": -1}}, "coalesced_transpose3": {"write": {"device_start": -1, "host_queued_start": 1585405915.462865, "device_queued": -1, "device_end": -1, "host_queued_end": 1585405915.485377}, "device": "cpu", "nd_range": {"device_start": 2073690.3949273152, "device_end": 2073690.396036854}, "cmdq": 0, "read": {"device_start": -1, "device_end": -1}}, "FFC_sans_bias34": {"write": {"device_start": -1, "host_queued_start": 1585405915.482092, "device_queued": -1, "device_end": -1, "host_queued_end": 1585405915.485377}, "device": "cpu", "nd_range": {"device_start": 2073690.7900729692, "device_end": 2073690.843562223}, "cmdq": 3, "read": {"device_start": -1, "device_end": -1}}, "FFC_sans_bias15": {"write": {"device_start": -1, "host_queued_start": 1585405915.468143, "device_queued": -1, "device_end": -1, "host_queued_end": 1585405915.485377}, "device": "cpu", "nd_range": {"device_start": 2073690.40160208, "device_end": 2073690.5238064881}, "cmdq": 1, "read": {"device_start": -1, "device_end": -1}}, "FFC_sans_bias31": {"write": {"device_start": -1, "host_queued_start": 1585405915.465678, "device_queued": -1, "device_end": -1, "host_queued_end": 1585405915.485377}, "device": "cpu", "nd_range": {"device_start": 2073690.568018987, "device_end": 2073690.7127356592}, "cmdq": 3, "read": {"device_start": -1, "device_end": -1}}, "FFC_sans_bias16": {"write": {"device_start": -1, "host_queued_start": 1585405915.475642, "device_queued": -1, "device_end": -1, "host_queued_end": 1585405915.485377}, "device": "cpu", "nd_range": {"device_start": 2073690.5239747982, "device_end": 2073690.6461714152}, "cmdq": 1, "read": {"device_start": -1, "device_end": -1}}, "FFC_sans_bias19": {"write": {"device_start": -1, "host_queued_start": 1585405915.438829, "device_queued": -1, "device_end": -1, "host_queued_end": 1585405915.485377}, "device": "cpu", "nd_range": {"device_start": 2073689.803333034, "device_end": 2073689.9342285402}, "cmdq": 2, "read": {"device_start": -1, "device_end": -1}}, "FFC_sans_bias18": {"write": {"device_start": -1, "host_queued_start": 1585405915.435506, "device_queued": -1, "device_end": -1, "host_queued_end": 1585405915.485377}, "device": "cpu", "nd_range": {"device_start": 2073689.9015170522, "device_end": 2073690.153644585}, "cmdq": 1, "read": {"device_start": -1, "device_end": -1}}, "coalesced_transpose30": {"write": {"device_start": -1, "host_queued_start": 1585405915.463973, "device_queued": -1, "device_end": -1, "host_queued_end": 1585405915.485377}, "device": "cpu", "nd_range": {"device_start": 2073690.556271393, "device_end": 2073690.5573746471}, "cmdq": 3, "read": {"device_start": -1, "device_end": -1}}, "FFC_sans_bias69": {"write": {"device_start": -1, "host_queued_start": 1585405915.386889, "device_queued": -1, "device_end": -1, "host_queued_end": 1585405915.39677}, "device": "gpu", "nd_range": {"device_start": 1585405855.251131, "device_end": 1585405855.2603076}, "cmdq": 3, "read": {"device_start": -1, "device_end": -1}}, "FFC_sans_bias38": {"write": {"device_start": -1, "host_queued_start": 1585405915.462497, "device_queued": -1, "device_end": -1, "host_queued_end": 1585405915.485377}, "device": "cpu", "nd_range": {"device_start": 2073689.920562046, "device_end": 2073690.0432956032}, "cmdq": 4, "read": {"device_start": -1, "device_end": -1}}, "coalesced_transpose57": {"write": {"device_start": -1, "host_queued_start": 1585405915.383925, "device_queued": -1, "device_end": -1, "host_queued_end": 1585405915.39677}, "device": "gpu", "nd_range": {"device_start": 1585405855.2293878, "device_end": 1585405855.2389746}, "cmdq": 3, "read": {"device_start": -1, "device_end": -1}}, "empty26": {"write": {"device_start": -1, "host_queued_start": 1585405915.406646, "device_queued": -1, "device_end": -1, "host_queued_end": 1585405915.485377}, "device": "cpu", "nd_range": {"device_start": 2073689.6750299141, "device_end": 2073689.675033715}, "cmdq": 2, "read": {"device_start": -1, "device_end": -1}}, "coalesced_transpose12": {"write": {"device_start": -1, "host_queued_start": 1585405915.463201, "device_queued": -1, "device_end": -1, "host_queued_end": 1585405915.485377}, "device": "cpu", "nd_range": {"device_start": 2073690.2767310222, "device_end": 2073690.277845672}, "cmdq": 1, "read": {"device_start": -1, "device_end": -1}}, "empty44": {"write": {"device_start": -1, "host_queued_start": 1585405915.412319, "device_queued": -1, "device_end": -1, "host_queued_end": 1585405915.485377}, "device": "cpu", "nd_range": {"device_start": 2073689.6753072082, "device_end": 2073689.675310624}, "cmdq": 4, "read": {"device_start": -1, "device_end": -1}}, "coalesced_transpose21": {"write": {"device_start": -1, "host_queued_start": 1585405915.463639, "device_queued": -1, "device_end": -1, "host_queued_end": 1585405915.485377}, "device": "cpu", "nd_range": {"device_start": 2073690.063462329, "device_end": 2073690.0645868531}, "cmdq": 2, "read": {"device_start": -1, "device_end": -1}}, "FFC_sans_bias36": {"write": {"device_start": -1, "host_queued_start": 1585405915.455662, "device_queued": -1, "device_end": -1, "host_queued_end": 1585405915.485377}, "device": "cpu", "nd_range": {"device_start": 2073689.9344304681, "device_end": 2073690.0632307492}, "cmdq": 2, "read": {"device_start": -1, "device_end": -1}}, "softmax14": {"write": {"device_start": -1, "host_queued_start": 1585405915.466582, "device_queued": -1, "device_end": -1, "host_queued_end": 1585405915.485377}, "device": "cpu", "nd_range": {"device_start": 2073690.400519222, "device_end": 2073690.401451739}, "cmdq": 1, "read": {"device_start": -1, "device_end": -1}}, "FFC_sans_bias13": {"write": {"device_start": -1, "host_queued_start": 1585405915.464987, "device_queued": -1, "device_end": -1, "host_queued_end": 1585405915.485377}, "device": "cpu", "nd_range": {"device_start": 2073690.277857175, "device_end": 2073690.4003497572}, "cmdq": 1, "read": {"device_start": -1, "device_end": -1}}, "empty8": {"write": {"device_start": -1, "host_queued_start": 1585405915.4009, "device_queued": -1, "device_end": -1, "host_queued_end": 1585405915.485377}, "device": "cpu", "nd_range": {"device_start": 2073689.6749961972, "device_end": 2073689.6750080811}, "cmdq": 0, "read": {"device_start": -1, "device_end": -1}}, "FFC_sans_bias42": {"write": {"device_start": -1, "host_queued_start": 1585405915.469169, "device_queued": -1, "device_end": -1, "host_queued_end": 1585405915.485377}, "device": "cpu", "nd_range": {"device_start": 2073690.464524043, "device_end": 2073690.724794019}, "cmdq": 4, "read": {"device_start": -1, "device_end": -1}}, "FFC_sans_bias43": {"write": {"device_start": -1, "host_queued_start": 1585405915.485321, "device_queued": -1, "device_end": -1, "host_queued_end": 1585405915.485377}, "device": "cpu", "nd_range": {"device_start": 2073690.7249514211, "device_end": 2073690.8219504892}, "cmdq": 4, "read": {"device_start": -1, "device_end": -1}}, "FFC_sans_bias40": {"write": {"device_start": -1, "host_queued_start": 1585405915.466023, "device_queued": -1, "device_end": -1, "host_queued_end": 1585405915.485377}, "device": "cpu", "nd_range": {"device_start": 2073690.1772071272, "device_end": 2073690.4631861371}, "cmdq": 4, "read": {"device_start": -1, "device_end": -1}}, "softmax32": {"write": {"device_start": -1, "host_queued_start": 1585405915.46718, "device_queued": -1, "device_end": -1, "host_queued_end": 1585405915.485377}, "device": "cpu", "nd_range": {"device_start": 2073690.712956086, "device_end": 2073690.7138947672}, "cmdq": 3, "read": {"device_start": -1, "device_end": -1}}, "FFC_sans_bias47": {"write": {"device_start": 1585405855.2102122, "host_queued_start": 1585405915.363145, "device_queued": 1585405855.2099514, "device_end": 1585405855.210303, "host_queued_end": 1585405915.39677}, "device": "gpu", "nd_range": {"device_start": 1585405855.210306, "device_end": 1585405855.2197146}, "cmdq": 0, "read": {"device_start": -1, "device_end": -1}}, "FFC_sans_bias45": {"write": {"device_start": 1585405855.2094028, "host_queued_start": 1585405915.356361, "device_queued": 1585405855.2089562, "device_end": 1585405855.2096663, "host_queued_end": 1585405915.39677}, "device": "gpu", "nd_range": {"device_start": 1585405855.2096984, "device_end": 1585405855.2130632}, "cmdq": 3, "read": {"device_start": -1, "device_end": -1}}, "softmax50": {"write": {"device_start": -1, "host_queued_start": 1585405915.385435, "device_queued": -1, "device_end": -1, "host_queued_end": 1585405915.39677}, "device": "gpu", "nd_range": {"device_start": 1585405855.2423868, "device_end": 1585405855.2503178}, "cmdq": 3, "read": {"device_start": -1, "device_end": -1}}, "FFC_sans_bias33": {"write": {"device_start": -1, "host_queued_start": 1585405915.468826, "device_queued": -1, "device_end": -1, "host_queued_end": 1585405915.485377}, "device": "cpu", "nd_range": {"device_start": 2073690.7140340381, "device_end": 2073690.7898543922}, "cmdq": 3, "read": {"device_start": -1, "device_end": -1}}, "FFC_sans_bias63": {"write": {"device_start": 1585405855.2231727, "host_queued_start": 1585405915.383268, "device_queued": 1585405855.2118406, "device_end": 1585405855.2232807, "host_queued_end": 1585405915.39677}, "device": "gpu", "nd_range": {"device_start": 1585405855.223292, "device_end": 1585405855.2391336}, "cmdq": 1, "read": {"device_start": -1, "device_end": -1}}, "FFC_sans_bias49": {"write": {"device_start": -1, "host_queued_start": 1585405915.384551, "device_queued": -1, "device_end": -1, "host_queued_end": 1585405915.39677}, "device": "gpu", "nd_range": {"device_start": 1585405855.2389593, "device_end": 1585405855.242376}, "cmdq": 0, "read": {"device_start": -1, "device_end": -1}}, "FFC_sans_bias64": {"write": {"device_start": 1585405855.2167158, "host_queued_start": 1585405915.376584, "device_queued": 1585405855.2109072, "device_end": 1585405855.2168162, "host_queued_end": 1585405915.39677}, "device": "gpu", "nd_range": {"device_start": 1585405855.2168186, "device_end": 1585405855.2326002}, "cmdq": 4, "read": {"device_start": -1, "device_end": -1}}, "FFC_sans_bias65": {"write": {"device_start": 1585405855.22007, "host_queued_start": 1585405915.379932, "device_queued": 1585405855.2115815, "device_end": 1585405855.2201707, "host_queued_end": 1585405915.39677}, "device": "gpu", "nd_range": {"device_start": 1585405855.2201738, "device_end": 1585405855.2358925}, "cmdq": 0, "read": {"device_start": -1, "device_end": -1}}, "FFC_sans_bias67": {"write": {"device_start": -1, "host_queued_start": 1585405915.385185, "device_queued": -1, "device_end": -1, "host_queued_end": 1585405915.39677}, "device": "gpu", "nd_range": {"device_start": 1585405855.239013, "device_end": 1585405855.245702}, "cmdq": 2, "read": {"device_start": -1, "device_end": -1}}, "FFC_sans_bias24": {"write": {"device_start": -1, "host_queued_start": 1585405915.468484, "device_queued": -1, "device_end": -1, "host_queued_end": 1585405915.485377}, "device": "cpu", "nd_range": {"device_start": 2073690.2055456562, "device_end": 2073690.3370344501}, "cmdq": 2, "read": {"device_start": -1, "device_end": -1}}, "FFC_sans_bias25": {"write": {"device_start": -1, "host_queued_start": 1585405915.478847, "device_queued": -1, "device_end": -1, "host_queued_end": 1585405915.485377}, "device": "cpu", "nd_range": {"device_start": 2073690.3372602712, "device_end": 2073690.5562589772}, "cmdq": 2, "read": {"device_start": -1, "device_end": -1}}, "FFC_sans_bias27": {"write": {"device_start": -1, "host_queued_start": 1585405915.445764, "device_queued": -1, "device_end": -1, "host_queued_end": 1585405915.485377}, "device": "cpu", "nd_range": {"device_start": 2073689.7983743951, "device_end": 2073689.920542662}, "cmdq": 4, "read": {"device_start": -1, "device_end": -1}}, "FFC_sans_bias20": {"write": {"device_start": -1, "host_queued_start": 1585405915.442388, "device_queued": -1, "device_end": -1, "host_queued_end": 1585405915.485377}, "device": "cpu", "nd_range": {"device_start": 2073689.920841749, "device_end": 2073690.043873364}, "cmdq": 3, "read": {"device_start": -1, "device_end": -1}}, "FFC_sans_bias22": {"write": {"device_start": -1, "host_queued_start": 1585405915.465335, "device_queued": -1, "device_end": -1, "host_queued_end": 1585405915.485377}, "device": "cpu", "nd_range": {"device_start": 2073690.0647720632, "device_end": 2073690.2042168402}, "cmdq": 2, "read": {"device_start": -1, "device_end": -1}}, "softmax68": {"write": {"device_start": -1, "host_queued_start": 1585405915.385925, "device_queued": -1, "device_end": -1, "host_queued_end": 1585405915.39677}, "device": "gpu", "nd_range": {"device_start": 1585405855.2457104, "device_end": 1585405855.2503126}, "cmdq": 0, "read": {"device_start": -1, "device_end": -1}}, "softmax5": {"write": {"device_start": -1, "host_queued_start": 1585405915.466305, "device_queued": -1, "device_end": -1, "host_queued_end": 1585405915.485377}, "device": "cpu", "nd_range": {"device_start": 2073690.518643598, "device_end": 2073690.5195814501}, "cmdq": 0, "read": {"device_start": -1, "device_end": -1}}, "FFC_sans_bias28": {"write": {"device_start": -1, "host_queued_start": 1585405915.449068, "device_queued": -1, "device_end": -1, "host_queued_end": 1585405915.485377}, "device": "cpu", "nd_range": {"device_start": 2073690.1661127782, "device_end": 2073690.3946951441}, "cmdq": 0, "read": {"device_start": -1, "device_end": -1}}, "FFC_sans_bias29": {"write": {"device_start": -1, "host_queued_start": 1585405915.45239, "device_queued": -1, "device_end": -1, "host_queued_end": 1585405915.485377}, "device": "cpu", "nd_range": {"device_start": 2073690.153662726, "device_end": 2073690.2767158481}, "cmdq": 1, "read": {"device_start": -1, "device_end": -1}}, "empty17": {"write": {"device_start": -1, "host_queued_start": 1585405915.40387, "device_queued": -1, "device_end": -1, "host_queued_end": 1585405915.485377}, "device": "cpu", "nd_range": {"device_start": 2073689.674996172, "device_end": 2073689.675008147}, "cmdq": 1, "read": {"device_start": -1, "device_end": -1}}, "softmax59": {"write": {"device_start": -1, "host_queued_start": 1585405915.385682, "device_queued": -1, "device_end": -1, "host_queued_end": 1585405915.39677}, "device": "gpu", "nd_range": {"device_start": 1585405855.2503345, "device_end": 1585405855.2511117}, "cmdq": 4, "read": {"device_start": -1, "device_end": -1}}, "empty71": {"write": {"device_start": 1585405855.209044, "host_queued_start": 1585405915.353529, "device_queued": 1585405855.2085884, "device_end": 1585405855.2092936, "host_queued_end": 1585405915.39677}, "device": "gpu", "nd_range": {"device_start": 1585405855.20941, "device_end": 1585405855.2094371}, "cmdq": 2, "read": {"device_start": -1, "device_end": -1}}, "empty35": {"write": {"device_start": -1, "host_queued_start": 1585405915.409574, "device_queued": -1, "device_end": -1, "host_queued_end": 1585405915.485377}, "device": "cpu", "nd_range": {"device_start": 2073689.798072281, "device_end": 2073689.7980779551}, "cmdq": 3, "read": {"device_start": -1, "device_end": -1}}, "empty53": {"write": {"device_start": 1585405855.2083569, "host_queued_start": 1585405915.347538, "device_queued": 1585405855.2080278, "device_end": 1585405855.2085612, "host_queued_end": 1585405915.39677}, "device": "gpu", "nd_range": {"device_start": 1585405855.208564, "device_end": 1585405855.208569}, "cmdq": 0, "read": {"device_start": -1, "device_end": -1}}, "FFC_sans_bias46": {"write": {"device_start": 1585405855.2097144, "host_queued_start": 1585405915.359784, "device_queued": 1585405855.2093282, "device_end": 1585405855.2098103, "host_queued_end": 1585405915.39677}, "device": "gpu", "nd_range": {"device_start": 1585405855.2098565, "device_end": 1585405855.2163932}, "cmdq": 4, "read": {"device_start": -1, "device_end": -1}}, "coalesced_transpose66": {"write": {"device_start": -1, "host_queued_start": 1585405915.384229, "device_queued": -1, "device_end": -1, "host_queued_end": 1585405915.39677}, "device": "gpu", "nd_range": {"device_start": 1585405855.2326012, "device_end": 1585405855.239005}, "cmdq": 4, "read": {"device_start": -1, "device_end": -1}}, "coalesced_transpose48": {"write": {"device_start": -1, "host_queued_start": 1585405915.383619, "device_queued": -1, "device_end": -1, "host_queued_end": 1585405915.39677}, "device": "gpu", "nd_range": {"device_start": 1585405855.2261214, "device_end": 1585405855.2389474}, "cmdq": 2, "read": {"device_start": -1, "device_end": -1}}}