{"FFC_sans_bias60": {"write": {"device_start": -1, "host_queued_start": 1585405073.805977, "device_queued": -1, "device_end": -1, "host_queued_end": 1585405073.819472}, "device": "gpu", "nd_range": {"device_start": 1585405013.7225943, "device_end": 1585405013.7259421}, "cmdq": 0, "read": {"device_start": -1, "device_end": -1}}, "FFC_sans_bias4": {"write": {"device_start": -1, "host_queued_start": 1585405073.873849, "device_queued": -1, "device_end": -1, "host_queued_end": 1585405073.890471}, "device": "cpu", "nd_range": {"device_start": 2072848.5277449072, "device_end": 2072848.6034360372}, "cmdq": 2, "read": {"device_start": -1, "device_end": -1}}, "FFC_sans_bias7": {"write": {"device_start": -1, "host_queued_start": 1585405073.880744, "device_queued": -1, "device_end": -1, "host_queued_end": 1585405073.890471}, "device": "cpu", "nd_range": {"device_start": 2072848.7354866501, "device_end": 2072848.827437893}, "cmdq": 2, "read": {"device_start": -1, "device_end": -1}}, "FFC_sans_bias6": {"write": {"device_start": -1, "host_queued_start": 1585405073.876398, "device_queued": -1, "device_end": -1, "host_queued_end": 1585405073.890471}, "device": "cpu", "nd_range": {"device_start": 2072848.623598043, "device_end": 2072848.7151112072}, "cmdq": 1, "read": {"device_start": -1, "device_end": -1}}, "FFC_sans_bias1": {"write": {"device_start": -1, "host_queued_start": 1585405073.838038, "device_queued": -1, "device_end": -1, "host_queued_end": 1585405073.890471}, "device": "cpu", "nd_range": {"device_start": 2072848.080136524, "device_end": 2072848.175882999}, "cmdq": 2, "read": {"device_start": -1, "device_end": -1}}, "FFC_sans_bias0": {"write": {"device_start": -1, "host_queued_start": 1585405073.834665, "device_queued": -1, "device_end": -1, "host_queued_end": 1585405073.890471}, "device": "cpu", "nd_range": {"device_start": 2072848.080381141, "device_end": 2072848.256912779}, "cmdq": 1, "read": {"device_start": -1, "device_end": -1}}, "FFC_sans_bias2": {"write": {"device_start": -1, "host_queued_start": 1585405073.841476, "device_queued": -1, "device_end": -1, "host_queued_end": 1585405073.890471}, "device": "cpu", "nd_range": {"device_start": 2072848.0801446822, "device_end": 2072848.1493255121}, "cmdq": 0, "read": {"device_start": -1, "device_end": -1}}, "FFC_sans_bias61": {"write": {"device_start": 1585405013.7374477, "host_queued_start": 1585405073.816078, "device_queued": 1585405013.660575, "device_end": 1585405013.7375367, "host_queued_end": 1585405073.819472}, "device": "gpu", "nd_range": {"device_start": 1585405013.737542, "device_end": 1585405013.7408805}, "cmdq": 0, "read": {"device_start": 1585405013.7408843, "device_end": 1585405013.7409801}}, "FFC_sans_bias52": {"write": {"device_start": 1585405013.7335186, "host_queued_start": 1585405073.812796, "device_queued": 1585405013.6602945, "device_end": 1585405013.7336097, "host_queued_end": 1585405073.819472}, "device": "gpu", "nd_range": {"device_start": 1585405013.733614, "device_end": 1585405013.7369428}, "cmdq": 0, "read": {"device_start": 1585405013.736948, "device_end": 1585405013.7370348}}, "FFC_sans_bias9": {"write": {"device_start": -1, "host_queued_start": 1585405073.844976, "device_queued": -1, "device_end": -1, "host_queued_end": 1585405073.890471}, "device": "cpu", "nd_range": {"device_start": 2072848.2569307382, "device_end": 2072848.3801633292}, "cmdq": 1, "read": {"device_start": -1, "device_end": -1}}, "coalesced_transpose39": {"write": {"device_start": -1, "host_queued_start": 1585405073.801748, "device_queued": -1, "device_end": -1, "host_queued_end": 1585405073.819472}, "device": "gpu", "nd_range": {"device_start": 1585405013.7006779, "device_end": 1585405013.7006958}, "cmdq": 0, "read": {"device_start": -1, "device_end": -1}}, "FFC_sans_bias55": {"write": {"device_start": 1585405013.6859584, "host_queued_start": 1585405073.791497, "device_queued": 1585405013.6573281, "device_end": 1585405013.686063, "host_queued_end": 1585405073.819472}, "device": "gpu", "nd_range": {"device_start": 1585405013.6860716, "device_end": 1585405013.6894271}, "cmdq": 0, "read": {"device_start": -1, "device_end": -1}}, "FFC_sans_bias54": {"write": {"device_start": 1585405013.6821902, "host_queued_start": 1585405073.788208, "device_queued": 1585405013.6571069, "device_end": 1585405013.6822915, "host_queued_end": 1585405073.819472}, "device": "gpu", "nd_range": {"device_start": 1585405013.6822941, "device_end": 1585405013.6856542}, "cmdq": 0, "read": {"device_start": -1, "device_end": -1}}, "FFC_sans_bias56": {"write": {"device_start": 1585405013.678388, "host_queued_start": 1585405073.784881, "device_queued": 1585405013.656877, "device_end": 1585405013.678504, "host_queued_end": 1585405073.819472}, "device": "gpu", "nd_range": {"device_start": 1585405013.6785088, "device_end": 1585405013.6818645}, "cmdq": 0, "read": {"device_start": -1, "device_end": -1}}, "FFC_sans_bias51": {"write": {"device_start": -1, "host_queued_start": 1585405073.805655, "device_queued": -1, "device_end": -1, "host_queued_end": 1585405073.819472}, "device": "gpu", "nd_range": {"device_start": 1585405013.7192438, "device_end": 1585405013.7225933}, "cmdq": 0, "read": {"device_start": -1, "device_end": -1}}, "softmax23": {"write": {"device_start": -1, "host_queued_start": 1585405073.875758, "device_queued": -1, "device_end": -1, "host_queued_end": 1585405073.890471}, "device": "cpu", "nd_range": {"device_start": 2072848.6685484382, "device_end": 2072848.669486229}, "cmdq": 2, "read": {"device_start": -1, "device_end": -1}}, "FFC_sans_bias37": {"write": {"device_start": 1585405013.65966, "host_queued_start": 1585405073.767909, "device_queued": 1585405013.6555185, "device_end": 1585405013.659756, "host_queued_end": 1585405073.819472}, "device": "gpu", "nd_range": {"device_start": 1585405013.659763, "device_end": 1585405013.6631188}, "cmdq": 0, "read": {"device_start": -1, "device_end": -1}}, "empty62": {"write": {"device_start": 1585405013.655215, "host_queued_start": 1585405073.758905, "device_queued": 1585405013.6546934, "device_end": 1585405013.6553102, "host_queued_end": 1585405073.819472}, "device": "gpu", "nd_range": {"device_start": 1585405013.6553159, "device_end": 1585405013.655319}, "cmdq": 0, "read": {"device_start": -1, "device_end": -1}}, "FFC_sans_bias70": {"write": {"device_start": 1585405013.741385, "host_queued_start": 1585405073.819359, "device_queued": 1585405013.6608589, "device_end": 1585405013.7414787, "host_queued_end": 1585405073.819472}, "device": "gpu", "nd_range": {"device_start": 1585405013.7414818, "device_end": 1585405013.74481}, "cmdq": 0, "read": {"device_start": 1585405013.7448144, "device_end": 1585405013.7449064}}, "FFC_sans_bias58": {"write": {"device_start": -1, "host_queued_start": 1585405073.803681, "device_queued": -1, "device_end": -1, "host_queued_end": 1585405073.819472}, "device": "gpu", "nd_range": {"device_start": 1585405013.707488, "device_end": 1585405013.7108634}, "cmdq": 0, "read": {"device_start": -1, "device_end": -1}}, "softmax41": {"write": {"device_start": -1, "host_queued_start": 1585405073.804254, "device_queued": -1, "device_end": -1, "host_queued_end": 1585405073.819472}, "device": "gpu", "nd_range": {"device_start": 1585405013.7142131, "device_end": 1585405013.7146354}, "cmdq": 0, "read": {"device_start": -1, "device_end": -1}}, "FFC_sans_bias11": {"write": {"device_start": -1, "host_queued_start": 1585405073.851865, "device_queued": -1, "device_end": -1, "host_queued_end": 1585405073.890471}, "device": "cpu", "nd_range": {"device_start": 2072848.1495696842, "device_end": 2072848.2732818152}, "cmdq": 0, "read": {"device_start": -1, "device_end": -1}}, "FFC_sans_bias10": {"write": {"device_start": -1, "host_queued_start": 1585405073.848507, "device_queued": -1, "device_end": -1, "host_queued_end": 1585405073.890471}, "device": "cpu", "nd_range": {"device_start": 2072848.176112743, "device_end": 2072848.2541311441}, "cmdq": 2, "read": {"device_start": -1, "device_end": -1}}, "coalesced_transpose3": {"write": {"device_start": -1, "host_queued_start": 1585405073.872409, "device_queued": -1, "device_end": -1, "host_queued_end": 1585405073.890471}, "device": "cpu", "nd_range": {"device_start": 2072848.519510996, "device_end": 2072848.520617159}, "cmdq": 1, "read": {"device_start": -1, "device_end": -1}}, "FFC_sans_bias34": {"write": {"device_start": -1, "host_queued_start": 1585405073.890416, "device_queued": -1, "device_end": -1, "host_queued_end": 1585405073.890471}, "device": "cpu", "nd_range": {"device_start": 2072848.8590655911, "device_end": 2072848.9194443831}, "cmdq": 2, "read": {"device_start": -1, "device_end": -1}}, "FFC_sans_bias15": {"write": {"device_start": -1, "host_queued_start": 1585405073.876765, "device_queued": -1, "device_end": -1, "host_queued_end": 1585405073.890471}, "device": "cpu", "nd_range": {"device_start": 2072848.669631835, "device_end": 2072848.735283893}, "cmdq": 2, "read": {"device_start": -1, "device_end": -1}}, "FFC_sans_bias31": {"write": {"device_start": -1, "host_queued_start": 1585405073.874904, "device_queued": -1, "device_end": -1, "host_queued_end": 1585405073.890471}, "device": "cpu", "nd_range": {"device_start": 2072848.603639214, "device_end": 2072848.668351114}, "cmdq": 2, "read": {"device_start": -1, "device_end": -1}}, "FFC_sans_bias16": {"write": {"device_start": -1, "host_queued_start": 1585405073.883994, "device_queued": -1, "device_end": -1, "host_queued_end": 1585405073.890471}, "device": "cpu", "nd_range": {"device_start": 2072848.795887398, "device_end": 2072848.931189618}, "cmdq": 0, "read": {"device_start": -1, "device_end": -1}}, "FFC_sans_bias19": {"write": {"device_start": -1, "host_queued_start": 1585405073.858617, "device_queued": -1, "device_end": -1, "host_queued_end": 1585405073.890471}, "device": "cpu", "nd_range": {"device_start": 2072848.2543736612, "device_end": 2072848.323304149}, "cmdq": 2, "read": {"device_start": -1, "device_end": -1}}, "FFC_sans_bias18": {"write": {"device_start": -1, "host_queued_start": 1585405073.855253, "device_queued": -1, "device_end": -1, "host_queued_end": 1585405073.890471}, "device": "cpu", "nd_range": {"device_start": 2072848.3801883091, "device_end": 2072848.4661224182}, "cmdq": 1, "read": {"device_start": -1, "device_end": -1}}, "coalesced_transpose30": {"write": {"device_start": -1, "host_queued_start": 1585405073.873497, "device_queued": -1, "device_end": -1, "host_queued_end": 1585405073.890471}, "device": "cpu", "nd_range": {"device_start": 2072848.5206358181, "device_end": 2072848.5217317622}, "cmdq": 1, "read": {"device_start": -1, "device_end": -1}}, "FFC_sans_bias69": {"write": {"device_start": -1, "host_queued_start": 1585405073.806298, "device_queued": -1, "device_end": -1, "host_queued_end": 1585405073.819472}, "device": "gpu", "nd_range": {"device_start": 1585405013.725943, "device_end": 1585405013.7292843}, "cmdq": 0, "read": {"device_start": -1, "device_end": -1}}, "FFC_sans_bias38": {"write": {"device_start": 1585405013.6634254, "host_queued_start": 1585405073.771387, "device_queued": 1585405013.6558962, "device_end": 1585405013.6635199, "host_queued_end": 1585405073.819472}, "device": "gpu", "nd_range": {"device_start": 1585405013.6635242, "device_end": 1585405013.6668622}, "cmdq": 0, "read": {"device_start": -1, "device_end": -1}}, "coalesced_transpose57": {"write": {"device_start": -1, "host_queued_start": 1585405073.802382, "device_queued": -1, "device_end": -1, "host_queued_end": 1585405073.819472}, "device": "gpu", "nd_range": {"device_start": 1585405013.700716, "device_end": 1585405013.7007353}, "cmdq": 0, "read": {"device_start": -1, "device_end": -1}}, "empty26": {"write": {"device_start": -1, "host_queued_start": 1585405073.829065, "device_queued": -1, "device_end": -1, "host_queued_end": 1585405073.890471}, "device": "cpu", "nd_range": {"device_start": 2072848.0800998642, "device_end": 2072848.080113928}, "cmdq": 2, "read": {"device_start": -1, "device_end": -1}}, "coalesced_transpose12": {"write": {"device_start": -1, "host_queued_start": 1585405073.872753, "device_queued": -1, "device_end": -1, "host_queued_end": 1585405073.890471}, "device": "cpu", "nd_range": {"device_start": 2072848.416182059, "device_end": 2072848.417272102}, "cmdq": 2, "read": {"device_start": -1, "device_end": -1}}, "empty44": {"write": {"device_start": 1585405013.6544042, "host_queued_start": 1585405073.752308, "device_queued": 1585405013.6540499, "device_end": 1585405013.654508, "host_queued_end": 1585405073.819472}, "device": "gpu", "nd_range": {"device_start": 1585405013.6545172, "device_end": 1585405013.6545212}, "cmdq": 0, "read": {"device_start": -1, "device_end": -1}}, "coalesced_transpose21": {"write": {"device_start": -1, "host_queued_start": 1585405073.873162, "device_queued": -1, "device_end": -1, "host_queued_end": 1585405073.890471}, "device": "cpu", "nd_range": {"device_start": 2072848.485252734, "device_end": 2072848.486346469}, "cmdq": 0, "read": {"device_start": -1, "device_end": -1}}, "FFC_sans_bias36": {"write": {"device_start": 1585405013.6559749, "host_queued_start": 1585405073.764416, "device_queued": 1585405013.6551633, "device_end": 1585405013.6560688, "host_queued_end": 1585405073.819472}, "device": "gpu", "nd_range": {"device_start": 1585405013.6560776, "device_end": 1585405013.6593885}, "cmdq": 0, "read": {"device_start": -1, "device_end": -1}}, "softmax14": {"write": {"device_start": -1, "host_queued_start": 1585405073.875483, "device_queued": -1, "device_end": -1, "host_queued_end": 1585405073.890471}, "device": "cpu", "nd_range": {"device_start": 2072848.622623539, "device_end": 2072848.6235876211}, "cmdq": 1, "read": {"device_start": -1, "device_end": -1}}, "FFC_sans_bias13": {"write": {"device_start": -1, "host_queued_start": 1585405073.874198, "device_queued": -1, "device_end": -1, "host_queued_end": 1585405073.890471}, "device": "cpu", "nd_range": {"device_start": 2072848.486359694, "device_end": 2072848.5879428692}, "cmdq": 0, "read": {"device_start": -1, "device_end": -1}}, "empty8": {"write": {"device_start": -1, "host_queued_start": 1585405073.823426, "device_queued": -1, "device_end": -1, "host_queued_end": 1585405073.890471}, "device": "cpu", "nd_range": {"device_start": 2072848.0800997752, "device_end": 2072848.0801139392}, "cmdq": 0, "read": {"device_start": -1, "device_end": -1}}, "FFC_sans_bias42": {"write": {"device_start": -1, "host_queued_start": 1585405073.805332, "device_queued": -1, "device_end": -1, "host_queued_end": 1585405073.819472}, "device": "gpu", "nd_range": {"device_start": 1585405013.7159138, "device_end": 1585405013.7192428}, "cmdq": 0, "read": {"device_start": -1, "device_end": -1}}, "FFC_sans_bias43": {"write": {"device_start": 1585405013.7295635, "host_queued_start": 1585405073.809486, "device_queued": 1585405013.6600194, "device_end": 1585405013.729657, "host_queued_end": 1585405073.819472}, "device": "gpu", "nd_range": {"device_start": 1585405013.7296612, "device_end": 1585405013.732985}, "cmdq": 0, "read": {"device_start": 1585405013.7329867, "device_end": 1585405013.7330756}}, "FFC_sans_bias40": {"write": {"device_start": -1, "host_queued_start": 1585405073.80302, "device_queued": -1, "device_end": -1, "host_queued_end": 1585405073.819472}, "device": "gpu", "nd_range": {"device_start": 1585405013.7007556, "device_end": 1585405013.7041352}, "cmdq": 0, "read": {"device_start": -1, "device_end": -1}}, "softmax32": {"write": {"device_start": -1, "host_queued_start": 1585405073.876031, "device_queued": -1, "device_end": -1, "host_queued_end": 1585405073.890471}, "device": "cpu", "nd_range": {"device_start": 2072848.6763363471, "device_end": 2072848.677278748}, "cmdq": 0, "read": {"device_start": -1, "device_end": -1}}, "FFC_sans_bias47": {"write": {"device_start": 1585405013.674625, "host_queued_start": 1585405073.781397, "device_queued": 1585405013.6566534, "device_end": 1585405013.674723, "host_queued_end": 1585405073.819472}, "device": "gpu", "nd_range": {"device_start": 1585405013.6747267, "device_end": 1585405013.6780667}, "cmdq": 0, "read": {"device_start": -1, "device_end": -1}}, "FFC_sans_bias45": {"write": {"device_start": 1585405013.6671293, "host_queued_start": 1585405073.774838, "device_queued": 1585405013.6561813, "device_end": 1585405013.667222, "host_queued_end": 1585405073.819472}, "device": "gpu", "nd_range": {"device_start": 1585405013.667229, "device_end": 1585405013.670585}, "cmdq": 0, "read": {"device_start": -1, "device_end": -1}}, "softmax50": {"write": {"device_start": -1, "host_queued_start": 1585405073.804507, "device_queued": -1, "device_end": -1, "host_queued_end": 1585405073.819472}, "device": "gpu", "nd_range": {"device_start": 1585405013.714637, "device_end": 1585405013.7150576}, "cmdq": 0, "read": {"device_start": -1, "device_end": -1}}, "FFC_sans_bias33": {"write": {"device_start": -1, "host_queued_start": 1585405073.877497, "device_queued": -1, "device_end": -1, "host_queued_end": 1585405073.890471}, "device": "cpu", "nd_range": {"device_start": 2072848.7151307352, "device_end": 2072848.840122506}, "cmdq": 1, "read": {"device_start": -1, "device_end": -1}}, "FFC_sans_bias63": {"write": {"device_start": 1585405013.6972296, "host_queued_start": 1585405073.801378, "device_queued": 1585405013.6579866, "device_end": 1585405013.6973276, "host_queued_end": 1585405073.819472}, "device": "gpu", "nd_range": {"device_start": 1585405013.6973305, "device_end": 1585405013.7006767}, "cmdq": 0, "read": {"device_start": -1, "device_end": -1}}, "FFC_sans_bias49": {"write": {"device_start": -1, "host_queued_start": 1585405073.803355, "device_queued": -1, "device_end": -1, "host_queued_end": 1585405073.819472}, "device": "gpu", "nd_range": {"device_start": 1585405013.7041364, "device_end": 1585405013.7074873}, "cmdq": 0, "read": {"device_start": -1, "device_end": -1}}, "FFC_sans_bias64": {"write": {"device_start": 1585405013.689731, "host_queued_start": 1585405073.794781, "device_queued": 1585405013.657549, "device_end": 1585405013.6898272, "host_queued_end": 1585405073.819472}, "device": "gpu", "nd_range": {"device_start": 1585405013.6898305, "device_end": 1585405013.6931853}, "cmdq": 0, "read": {"device_start": -1, "device_end": -1}}, "FFC_sans_bias65": {"write": {"device_start": 1585405013.6934829, "host_queued_start": 1585405073.798054, "device_queued": 1585405013.6577773, "device_end": 1585405013.693581, "host_queued_end": 1585405073.819472}, "device": "gpu", "nd_range": {"device_start": 1585405013.6935868, "device_end": 1585405013.6969318}, "cmdq": 0, "read": {"device_start": -1, "device_end": -1}}, "FFC_sans_bias67": {"write": {"device_start": -1, "host_queued_start": 1585405073.803998, "device_queued": -1, "device_end": -1, "host_queued_end": 1585405073.819472}, "device": "gpu", "nd_range": {"device_start": 1585405013.7108645, "device_end": 1585405013.7142122}, "cmdq": 0, "read": {"device_start": -1, "device_end": -1}}, "FFC_sans_bias24": {"write": {"device_start": -1, "host_queued_start": 1585405073.877132, "device_queued": -1, "device_end": -1, "host_queued_end": 1585405073.890471}, "device": "cpu", "nd_range": {"device_start": 2072848.6773083082, "device_end": 2072848.795865321}, "cmdq": 0, "read": {"device_start": -1, "device_end": -1}}, "FFC_sans_bias25": {"write": {"device_start": -1, "host_queued_start": 1585405073.887217, "device_queued": -1, "device_end": -1, "host_queued_end": 1585405073.890471}, "device": "cpu", "nd_range": {"device_start": 2072848.840142073, "device_end": 2072848.934622232}, "cmdq": 1, "read": {"device_start": -1, "device_end": -1}}, "FFC_sans_bias27": {"write": {"device_start": -1, "host_queued_start": 1585405073.865388, "device_queued": -1, "device_end": -1, "host_queued_end": 1585405073.890471}, "device": "cpu", "nd_range": {"device_start": 2072848.466143615, "device_end": 2072848.519494683}, "cmdq": 1, "read": {"device_start": -1, "device_end": -1}}, "FFC_sans_bias20": {"write": {"device_start": -1, "host_queued_start": 1585405073.862014, "device_queued": -1, "device_end": -1, "host_queued_end": 1585405073.890471}, "device": "cpu", "nd_range": {"device_start": 2072848.273302559, "device_end": 2072848.3985165872}, "cmdq": 0, "read": {"device_start": -1, "device_end": -1}}, "FFC_sans_bias22": {"write": {"device_start": -1, "host_queued_start": 1585405073.874551, "device_queued": -1, "device_end": -1, "host_queued_end": 1585405073.890471}, "device": "cpu", "nd_range": {"device_start": 2072848.5217418242, "device_end": 2072848.622608863}, "cmdq": 1, "read": {"device_start": -1, "device_end": -1}}, "softmax68": {"write": {"device_start": -1, "host_queued_start": 1585405073.805018, "device_queued": -1, "device_end": -1, "host_queued_end": 1585405073.819472}, "device": "gpu", "nd_range": {"device_start": 1585405013.715481, "device_end": 1585405013.7159128}, "cmdq": 0, "read": {"device_start": -1, "device_end": -1}}, "softmax5": {"write": {"device_start": -1, "host_queued_start": 1585405073.875187, "device_queued": -1, "device_end": -1, "host_queued_end": 1585405073.890471}, "device": "cpu", "nd_range": {"device_start": 2072848.611067116, "device_end": 2072848.6120484772}, "cmdq": 0, "read": {"device_start": -1, "device_end": -1}}, "FFC_sans_bias28": {"write": {"device_start": -1, "host_queued_start": 1585405073.868726, "device_queued": -1, "device_end": -1, "host_queued_end": 1585405073.890471}, "device": "cpu", "nd_range": {"device_start": 2072848.323524866, "device_end": 2072848.4159668982}, "cmdq": 2, "read": {"device_start": -1, "device_end": -1}}, "FFC_sans_bias29": {"write": {"device_start": -1, "host_queued_start": 1585405073.872046, "device_queued": -1, "device_end": -1, "host_queued_end": 1585405073.890471}, "device": "cpu", "nd_range": {"device_start": 2072848.398531971, "device_end": 2072848.4852382962}, "cmdq": 0, "read": {"device_start": -1, "device_end": -1}}, "empty17": {"write": {"device_start": -1, "host_queued_start": 1585405073.826311, "device_queued": -1, "device_end": -1, "host_queued_end": 1585405073.890471}, "device": "cpu", "nd_range": {"device_start": 2072848.0801375252, "device_end": 2072848.0801417932}, "cmdq": 1, "read": {"device_start": -1, "device_end": -1}}, "softmax59": {"write": {"device_start": -1, "host_queued_start": 1585405073.80476, "device_queued": -1, "device_end": -1, "host_queued_end": 1585405073.819472}, "device": "gpu", "nd_range": {"device_start": 1585405013.7150586, "device_end": 1585405013.7154794}, "cmdq": 0, "read": {"device_start": -1, "device_end": -1}}, "empty71": {"write": {"device_start": 1585405013.6556041, "host_queued_start": 1585405073.761563, "device_queued": 1585405013.654963, "device_end": 1585405013.6557026, "host_queued_end": 1585405073.819472}, "device": "gpu", "nd_range": {"device_start": 1585405013.6557112, "device_end": 1585405013.655714}, "cmdq": 0, "read": {"device_start": -1, "device_end": -1}}, "empty35": {"write": {"device_start": -1, "host_queued_start": 1585405073.831823, "device_queued": -1, "device_end": -1, "host_queued_end": 1585405073.890471}, "device": "cpu", "nd_range": {"device_start": 2072848.080136656, "device_end": 2072848.0801380922}, "cmdq": 0, "read": {"device_start": -1, "device_end": -1}}, "empty53": {"write": {"device_start": 1585405013.6548269, "host_queued_start": 1585405073.755816, "device_queued": 1585405013.6543953, "device_end": 1585405013.6549206, "host_queued_end": 1585405073.819472}, "device": "gpu", "nd_range": {"device_start": 1585405013.6549232, "device_end": 1585405013.654927}, "cmdq": 0, "read": {"device_start": -1, "device_end": -1}}, "FFC_sans_bias46": {"write": {"device_start": 1585405013.670873, "host_queued_start": 1585405073.778076, "device_queued": 1585405013.6564026, "device_end": 1585405013.670971, "host_queued_end": 1585405073.819472}, "device": "gpu", "nd_range": {"device_start": 1585405013.6709735, "device_end": 1585405013.6743274}, "cmdq": 0, "read": {"device_start": -1, "device_end": -1}}, "coalesced_transpose66": {"write": {"device_start": -1, "host_queued_start": 1585405073.802699, "device_queued": -1, "device_end": -1, "host_queued_end": 1585405073.819472}, "device": "gpu", "nd_range": {"device_start": 1585405013.7007365, "device_end": 1585405013.700755}, "cmdq": 0, "read": {"device_start": -1, "device_end": -1}}, "coalesced_transpose48": {"write": {"device_start": -1, "host_queued_start": 1585405073.802079, "device_queued": -1, "device_end": -1, "host_queued_end": 1585405073.819472}, "device": "gpu", "nd_range": {"device_start": 1585405013.7006967, "device_end": 1585405013.700715}, "cmdq": 0, "read": {"device_start": -1, "device_end": -1}}}