{"FFC_sans_bias60": {"write": {"device_start": -1, "host_queued_start": 1585405648.142778, "device_queued": -1, "device_end": -1, "host_queued_end": 1585405648.152936}, "device": "gpu", "nd_range": {"device_start": 1585405588.0136678, "device_end": 1585405588.0236664}, "cmdq": 2, "read": {"device_start": -1, "device_end": -1}}, "FFC_sans_bias4": {"write": {"device_start": -1, "host_queued_start": 1585405648.220215, "device_queued": -1, "device_end": -1, "host_queued_end": 1585405648.240905}, "device": "cpu", "nd_range": {"device_start": 2073422.9952419791, "device_end": 2073423.073784637}, "cmdq": 1, "read": {"device_start": -1, "device_end": -1}}, "FFC_sans_bias7": {"write": {"device_start": -1, "host_queued_start": 1585405648.228032, "device_queued": -1, "device_end": -1, "host_queued_end": 1585405648.240905}, "device": "cpu", "nd_range": {"device_start": 2073423.3357582341, "device_end": 2073423.4645605632}, "cmdq": 1, "read": {"device_start": -1, "device_end": -1}}, "FFC_sans_bias6": {"write": {"device_start": -1, "host_queued_start": 1585405648.223412, "device_queued": -1, "device_end": -1, "host_queued_end": 1585405648.240905}, "device": "cpu", "nd_range": {"device_start": 2073423.148649716, "device_end": 2073423.242270867}, "cmdq": 2, "read": {"device_start": -1, "device_end": -1}}, "FFC_sans_bias1": {"write": {"device_start": -1, "host_queued_start": 1585405648.174615, "device_queued": -1, "device_end": -1, "host_queued_end": 1585405648.240905}, "device": "cpu", "nd_range": {"device_start": 2073422.4305674112, "device_end": 2073422.49930023}, "cmdq": 0, "read": {"device_start": -1, "device_end": -1}}, "FFC_sans_bias0": {"write": {"device_start": -1, "host_queued_start": 1585405648.171198, "device_queued": -1, "device_end": -1, "host_queued_end": 1585405648.240905}, "device": "cpu", "nd_range": {"device_start": 2073422.4305884251, "device_end": 2073422.5439479991}, "cmdq": 2, "read": {"device_start": -1, "device_end": -1}}, "FFC_sans_bias2": {"write": {"device_start": -1, "host_queued_start": 1585405648.177889, "device_queued": -1, "device_end": -1, "host_queued_end": 1585405648.240905}, "device": "cpu", "nd_range": {"device_start": 2073422.430565858, "device_end": 2073422.554918854}, "cmdq": 1, "read": {"device_start": -1, "device_end": -1}}, "FFC_sans_bias61": {"write": {"device_start": 1585405588.020741, "host_queued_start": 1585405648.149587, "device_queued": 1585405587.976996, "device_end": 1585405588.0208445, "host_queued_end": 1585405648.152936}, "device": "gpu", "nd_range": {"device_start": 1585405588.0236752, "device_end": 1585405588.0300462}, "cmdq": 1, "read": {"device_start": 1585405588.0300515, "device_end": 1585405588.0301416}}, "FFC_sans_bias52": {"write": {"device_start": 1585405588.0130403, "host_queued_start": 1585405648.146327, "device_queued": 1585405587.976744, "device_end": 1585405588.0131469, "host_queued_end": 1585405648.152936}, "device": "gpu", "nd_range": {"device_start": 1585405588.0203652, "device_end": 1585405588.0267568}, "cmdq": 0, "read": {"device_start": 1585405588.0267608, "device_end": 1585405588.0268528}}, "FFC_sans_bias9": {"write": {"device_start": -1, "host_queued_start": 1585405648.181162, "device_queued": -1, "device_end": -1, "host_queued_end": 1585405648.240905}, "device": "cpu", "nd_range": {"device_start": 2073422.553729268, "device_end": 2073422.698241743}, "cmdq": 2, "read": {"device_start": -1, "device_end": -1}}, "coalesced_transpose39": {"write": {"device_start": -1, "host_queued_start": 1585405648.219872, "device_queued": -1, "device_end": -1, "host_queued_end": 1585405648.240905}, "device": "cpu", "nd_range": {"device_start": 2073422.9151824822, "device_end": 2073422.9163487752}, "cmdq": 0, "read": {"device_start": -1, "device_end": -1}}, "FFC_sans_bias55": {"write": {"device_start": 1585405587.9799213, "host_queued_start": 1585405648.129339, "device_queued": 1585405587.9743009, "device_end": 1585405587.9800205, "host_queued_end": 1585405648.152936}, "device": "gpu", "nd_range": {"device_start": 1585405587.980028, "device_end": 1585405587.9925823}, "cmdq": 0, "read": {"device_start": -1, "device_end": -1}}, "FFC_sans_bias54": {"write": {"device_start": 1585405587.9766307, "host_queued_start": 1585405648.126031, "device_queued": 1585405587.9738207, "device_end": 1585405587.9767294, "host_queued_end": 1585405648.152936}, "device": "gpu", "nd_range": {"device_start": 1585405587.9767332, "device_end": 1585405587.9893103}, "cmdq": 3, "read": {"device_start": -1, "device_end": -1}}, "FFC_sans_bias56": {"write": {"device_start": 1585405587.9738805, "host_queued_start": 1585405648.122746, "device_queued": 1585405587.9734573, "device_end": 1585405587.973975, "host_queued_end": 1585405648.152936}, "device": "gpu", "nd_range": {"device_start": 1585405587.974097, "device_end": 1585405587.9860218}, "cmdq": 2, "read": {"device_start": -1, "device_end": -1}}, "FFC_sans_bias51": {"write": {"device_start": -1, "host_queued_start": 1585405648.14238, "device_queued": -1, "device_end": -1, "host_queued_end": 1585405648.152936}, "device": "gpu", "nd_range": {"device_start": 1585405588.0136628, "device_end": 1585405588.0203557}, "cmdq": 1, "read": {"device_start": -1, "device_end": -1}}, "softmax23": {"write": {"device_start": -1, "host_queued_start": 1585405648.222471, "device_queued": -1, "device_end": -1, "host_queued_end": 1585405648.240905}, "device": "cpu", "nd_range": {"device_start": 2073423.138463671, "device_end": 2073423.1486339571}, "cmdq": 2, "read": {"device_start": -1, "device_end": -1}}, "FFC_sans_bias37": {"write": {"device_start": -1, "host_queued_start": 1585405648.214691, "device_queued": -1, "device_end": -1, "host_queued_end": 1585405648.240905}, "device": "cpu", "nd_range": {"device_start": 2073422.7823003982, "device_end": 2073422.9136294832}, "cmdq": 0, "read": {"device_start": -1, "device_end": -1}}, "empty62": {"write": {"device_start": 1585405587.9721124, "host_queued_start": 1585405648.107187, "device_queued": 1585405587.971746, "device_end": 1585405587.9724038, "host_queued_end": 1585405648.152936}, "device": "gpu", "nd_range": {"device_start": 1585405587.9724932, "device_end": 1585405587.9725146}, "cmdq": 1, "read": {"device_start": -1, "device_end": -1}}, "FFC_sans_bias70": {"write": {"device_start": 1585405588.0239868, "host_queued_start": 1585405648.152832, "device_queued": 1585405587.9771242, "device_end": 1585405588.0240898, "host_queued_end": 1585405648.152936}, "device": "gpu", "nd_range": {"device_start": 1585405588.0240967, "device_end": 1585405588.033283}, "cmdq": 2, "read": {"device_start": 1585405588.033291, "device_end": 1585405588.033382}}, "FFC_sans_bias58": {"write": {"device_start": -1, "host_queued_start": 1585405648.14099, "device_queued": -1, "device_end": -1, "host_queued_end": 1585405648.152936}, "device": "gpu", "nd_range": {"device_start": 1585405588.002344, "device_end": 1585405588.0090232}, "cmdq": 0, "read": {"device_start": -1, "device_end": -1}}, "softmax41": {"write": {"device_start": -1, "host_queued_start": 1585405648.223075, "device_queued": -1, "device_end": -1, "host_queued_end": 1585405648.240905}, "device": "cpu", "nd_range": {"device_start": 2073423.1849684021, "device_end": 2073423.185922932}, "cmdq": 1, "read": {"device_start": -1, "device_end": -1}}, "FFC_sans_bias11": {"write": {"device_start": -1, "host_queued_start": 1585405648.187811, "device_queued": -1, "device_end": -1, "host_queued_end": 1585405648.240905}, "device": "cpu", "nd_range": {"device_start": 2073422.5551156532, "device_end": 2073422.6350087242}, "cmdq": 1, "read": {"device_start": -1, "device_end": -1}}, "FFC_sans_bias10": {"write": {"device_start": -1, "host_queued_start": 1585405648.184505, "device_queued": -1, "device_end": -1, "host_queued_end": 1585405648.240905}, "device": "cpu", "nd_range": {"device_start": 2073422.499529981, "device_end": 2073422.5875077462}, "cmdq": 0, "read": {"device_start": -1, "device_end": -1}}, "coalesced_transpose3": {"write": {"device_start": -1, "host_queued_start": 1585405648.218426, "device_queued": -1, "device_end": -1, "host_queued_end": 1585405648.240905}, "device": "cpu", "nd_range": {"device_start": 2073422.9584991, "device_end": 2073422.97218795}, "cmdq": 2, "read": {"device_start": -1, "device_end": -1}}, "FFC_sans_bias34": {"write": {"device_start": -1, "host_queued_start": 1585405648.237633, "device_queued": -1, "device_end": -1, "host_queued_end": 1585405648.240905}, "device": "cpu", "nd_range": {"device_start": 2073423.4645727242, "device_end": 2073423.538730574}, "cmdq": 1, "read": {"device_start": -1, "device_end": -1}}, "FFC_sans_bias15": {"write": {"device_start": -1, "host_queued_start": 1585405648.223758, "device_queued": -1, "device_end": -1, "host_queued_end": 1585405648.240905}, "device": "cpu", "nd_range": {"device_start": 2073423.2360271981, "device_end": 2073423.3345960602}, "cmdq": 0, "read": {"device_start": -1, "device_end": -1}}, "FFC_sans_bias31": {"write": {"device_start": -1, "host_queued_start": 1585405648.221255, "device_queued": -1, "device_end": -1, "host_queued_end": 1585405648.240905}, "device": "cpu", "nd_range": {"device_start": 2073423.0738167001, "device_end": 2073423.1812396871}, "cmdq": 1, "read": {"device_start": -1, "device_end": -1}}, "FFC_sans_bias16": {"write": {"device_start": -1, "host_queued_start": 1585405648.23124, "device_queued": -1, "device_end": -1, "host_queued_end": 1585405648.240905}, "device": "cpu", "nd_range": {"device_start": 2073423.368043072, "device_end": 2073423.5105866701}, "cmdq": 2, "read": {"device_start": -1, "device_end": -1}}, "FFC_sans_bias19": {"write": {"device_start": -1, "host_queued_start": 1585405648.194396, "device_queued": -1, "device_end": -1, "host_queued_end": 1585405648.240905}, "device": "cpu", "nd_range": {"device_start": 2073422.5877263201, "device_end": 2073422.6904556092}, "cmdq": 0, "read": {"device_start": -1, "device_end": -1}}, "FFC_sans_bias18": {"write": {"device_start": -1, "host_queued_start": 1585405648.191125, "device_queued": -1, "device_end": -1, "host_queued_end": 1585405648.240905}, "device": "cpu", "nd_range": {"device_start": 2073422.6982582011, "device_end": 2073422.8145733182}, "cmdq": 2, "read": {"device_start": -1, "device_end": -1}}, "coalesced_transpose30": {"write": {"device_start": -1, "host_queued_start": 1585405648.219539, "device_queued": -1, "device_end": -1, "host_queued_end": 1585405648.240905}, "device": "cpu", "nd_range": {"device_start": 2073422.972356595, "device_end": 2073422.9734893232}, "cmdq": 2, "read": {"device_start": -1, "device_end": -1}}, "FFC_sans_bias69": {"write": {"device_start": -1, "host_queued_start": 1585405648.143099, "device_queued": -1, "device_end": -1, "host_queued_end": 1585405648.152936}, "device": "gpu", "nd_range": {"device_start": 1585405588.0136547, "device_end": 1585405588.0170088}, "cmdq": 3, "read": {"device_start": -1, "device_end": -1}}, "FFC_sans_bias38": {"write": {"device_start": -1, "host_queued_start": 1585405648.218069, "device_queued": -1, "device_end": -1, "host_queued_end": 1585405648.240905}, "device": "cpu", "nd_range": {"device_start": 2073422.8468095562, "device_end": 2073422.958739323}, "cmdq": 1, "read": {"device_start": -1, "device_end": -1}}, "coalesced_transpose57": {"write": {"device_start": -1, "host_queued_start": 1585405648.140045, "device_queued": -1, "device_end": -1, "host_queued_end": 1585405648.152936}, "device": "gpu", "nd_range": {"device_start": 1585405587.9958339, "device_end": 1585405588.0022044}, "cmdq": 1, "read": {"device_start": -1, "device_end": -1}}, "empty26": {"write": {"device_start": -1, "host_queued_start": 1585405648.162659, "device_queued": -1, "device_end": -1, "host_queued_end": 1585405648.240905}, "device": "cpu", "nd_range": {"device_start": 2073422.430565277, "device_end": 2073422.4305700422}, "cmdq": 2, "read": {"device_start": -1, "device_end": -1}}, "coalesced_transpose12": {"write": {"device_start": -1, "host_queued_start": 1585405648.218768, "device_queued": -1, "device_end": -1, "host_queued_end": 1585405648.240905}, "device": "cpu", "nd_range": {"device_start": 2073422.9138342931, "device_end": 2073422.9150166942}, "cmdq": 0, "read": {"device_start": -1, "device_end": -1}}, "empty44": {"write": {"device_start": -1, "host_queued_start": 1585405648.16823, "device_queued": -1, "device_end": -1, "host_queued_end": 1585405648.240905}, "device": "cpu", "nd_range": {"device_start": 2073422.4305586952, "device_end": 2073422.4305598452}, "cmdq": 1, "read": {"device_start": -1, "device_end": -1}}, "coalesced_transpose21": {"write": {"device_start": -1, "host_queued_start": 1585405648.219104, "device_queued": -1, "device_end": -1, "host_queued_end": 1585405648.240905}, "device": "cpu", "nd_range": {"device_start": 2073422.958755959, "device_end": 2073422.9596374591}, "cmdq": 1, "read": {"device_start": -1, "device_end": -1}}, "FFC_sans_bias36": {"write": {"device_start": -1, "host_queued_start": 1585405648.211316, "device_queued": -1, "device_end": -1, "host_queued_end": 1585405648.240905}, "device": "cpu", "nd_range": {"device_start": 2073422.8962206042, "device_end": 2073422.9584844492}, "cmdq": 2, "read": {"device_start": -1, "device_end": -1}}, "softmax14": {"write": {"device_start": -1, "host_queued_start": 1585405648.222184, "device_queued": -1, "device_end": -1, "host_queued_end": 1585405648.240905}, "device": "cpu", "nd_range": {"device_start": 2073423.1812593152, "device_end": 2073423.184818994}, "cmdq": 1, "read": {"device_start": -1, "device_end": -1}}, "FFC_sans_bias13": {"write": {"device_start": -1, "host_queued_start": 1585405648.220563, "device_queued": -1, "device_end": -1, "host_queued_end": 1585405648.240905}, "device": "cpu", "nd_range": {"device_start": 2073422.9736451171, "device_end": 2073423.0879999702}, "cmdq": 2, "read": {"device_start": -1, "device_end": -1}}, "empty8": {"write": {"device_start": -1, "host_queued_start": 1585405648.156893, "device_queued": -1, "device_end": -1, "host_queued_end": 1585405648.240905}, "device": "cpu", "nd_range": {"device_start": 2073422.430519879, "device_end": 2073422.430533755}, "cmdq": 0, "read": {"device_start": -1, "device_end": -1}}, "FFC_sans_bias42": {"write": {"device_start": -1, "host_queued_start": 1585405648.224787, "device_queued": -1, "device_end": -1, "host_queued_end": 1585405648.240905}, "device": "cpu", "nd_range": {"device_start": 2073423.348012865, "device_end": 2073423.476611983}, "cmdq": 0, "read": {"device_start": -1, "device_end": -1}}, "FFC_sans_bias43": {"write": {"device_start": -1, "host_queued_start": 1585405648.24085, "device_queued": -1, "device_end": -1, "host_queued_end": 1585405648.240905}, "device": "cpu", "nd_range": {"device_start": 2073423.510599771, "device_end": 2073423.5889055}, "cmdq": 2, "read": {"device_start": -1, "device_end": -1}}, "FFC_sans_bias40": {"write": {"device_start": -1, "host_queued_start": 1585405648.221599, "device_queued": -1, "device_end": -1, "host_queued_end": 1585405648.240905}, "device": "cpu", "nd_range": {"device_start": 2073423.0880232342, "device_end": 2073423.1384466032}, "cmdq": 2, "read": {"device_start": -1, "device_end": -1}}, "softmax32": {"write": {"device_start": -1, "host_queued_start": 1585405648.222796, "device_queued": -1, "device_end": -1, "host_queued_end": 1585405648.240905}, "device": "cpu", "nd_range": {"device_start": 2073423.2245105852, "device_end": 2073423.2255644002}, "cmdq": 0, "read": {"device_start": -1, "device_end": -1}}, "FFC_sans_bias47": {"write": {"device_start": 1585405587.9735734, "host_queued_start": 1585405648.119357, "device_queued": 1585405587.9733212, "device_end": 1585405587.9738033, "host_queued_end": 1585405648.152936}, "device": "gpu", "nd_range": {"device_start": 1585405587.9739933, "device_end": 1585405587.9828928}, "cmdq": 1, "read": {"device_start": -1, "device_end": -1}}, "FFC_sans_bias45": {"write": {"device_start": 1585405587.9728096, "host_queued_start": 1585405648.112656, "device_queued": 1585405587.9724267, "device_end": 1585405587.9729075, "host_queued_end": 1585405648.152936}, "device": "gpu", "nd_range": {"device_start": 1585405587.9729176, "device_end": 1585405587.9762897}, "cmdq": 3, "read": {"device_start": -1, "device_end": -1}}, "softmax50": {"write": {"device_start": -1, "host_queued_start": 1585405648.14155, "device_queued": -1, "device_end": -1, "host_queued_end": 1585405648.152936}, "device": "gpu", "nd_range": {"device_start": 1585405588.0057125, "device_end": 1585405588.013646}, "cmdq": 2, "read": {"device_start": -1, "device_end": -1}}, "FFC_sans_bias33": {"write": {"device_start": -1, "host_queued_start": 1585405648.224443, "device_queued": -1, "device_end": -1, "host_queued_end": 1585405648.240905}, "device": "cpu", "nd_range": {"device_start": 2073423.2422931092, "device_end": 2073423.3678126202}, "cmdq": 2, "read": {"device_start": -1, "device_end": -1}}, "FFC_sans_bias63": {"write": {"device_start": 1585405587.9896295, "host_queued_start": 1585405648.139388, "device_queued": 1585405587.974799, "device_end": 1585405587.9897294, "host_queued_end": 1585405648.152936}, "device": "gpu", "nd_range": {"device_start": 1585405587.9897325, "device_end": 1585405588.0023284}, "cmdq": 3, "read": {"device_start": -1, "device_end": -1}}, "FFC_sans_bias49": {"write": {"device_start": -1, "host_queued_start": 1585405648.140672, "device_queued": -1, "device_end": -1, "host_queued_end": 1585405648.152936}, "device": "gpu", "nd_range": {"device_start": 1585405588.0023353, "device_end": 1585405588.0057046}, "cmdq": 3, "read": {"device_start": -1, "device_end": -1}}, "FFC_sans_bias64": {"write": {"device_start": 1585405587.9832253, "host_queued_start": 1585405648.132826, "device_queued": 1585405587.9745393, "device_end": 1585405587.983334, "host_queued_end": 1585405648.152936}, "device": "gpu", "nd_range": {"device_start": 1585405587.9833422, "device_end": 1585405587.9958289}, "cmdq": 1, "read": {"device_start": -1, "device_end": -1}}, "FFC_sans_bias65": {"write": {"device_start": 1585405587.9863758, "host_queued_start": 1585405648.136138, "device_queued": 1585405587.974668, "device_end": 1585405587.9864757, "host_queued_end": 1585405648.152936}, "device": "gpu", "nd_range": {"device_start": 1585405587.9864783, "device_end": 1585405587.9991064}, "cmdq": 2, "read": {"device_start": -1, "device_end": -1}}, "FFC_sans_bias67": {"write": {"device_start": -1, "host_queued_start": 1585405648.141304, "device_queued": -1, "device_end": -1, "host_queued_end": 1585405648.152936}, "device": "gpu", "nd_range": {"device_start": 1585405588.0023518, "device_end": 1585405588.0122538}, "cmdq": 1, "read": {"device_start": -1, "device_end": -1}}, "FFC_sans_bias24": {"write": {"device_start": -1, "host_queued_start": 1585405648.2241, "device_queued": -1, "device_end": -1, "host_queued_end": 1585405648.240905}, "device": "cpu", "nd_range": {"device_start": 2073423.1860449552, "device_end": 2073423.335634777}, "cmdq": 1, "read": {"device_start": -1, "device_end": -1}}, "FFC_sans_bias25": {"write": {"device_start": -1, "host_queued_start": 1585405648.234435, "device_queued": -1, "device_end": -1, "host_queued_end": 1585405648.240905}, "device": "cpu", "nd_range": {"device_start": 2073423.4768203592, "device_end": 2073423.569934071}, "cmdq": 0, "read": {"device_start": -1, "device_end": -1}}, "FFC_sans_bias27": {"write": {"device_start": -1, "host_queued_start": 1585405648.201116, "device_queued": -1, "device_end": -1, "host_queued_end": 1585405648.240905}, "device": "cpu", "nd_range": {"device_start": 2073422.8145935882, "device_end": 2073422.896201801}, "cmdq": 2, "read": {"device_start": -1, "device_end": -1}}, "FFC_sans_bias20": {"write": {"device_start": -1, "host_queued_start": 1585405648.197832, "device_queued": -1, "device_end": -1, "host_queued_end": 1585405648.240905}, "device": "cpu", "nd_range": {"device_start": 2073422.635027535, "device_end": 2073422.726243325}, "cmdq": 1, "read": {"device_start": -1, "device_end": -1}}, "FFC_sans_bias22": {"write": {"device_start": -1, "host_queued_start": 1585405648.220908, "device_queued": -1, "device_end": -1, "host_queued_end": 1585405648.240905}, "device": "cpu", "nd_range": {"device_start": 2073422.9598052842, "device_end": 2073423.088600659}, "cmdq": 0, "read": {"device_start": -1, "device_end": -1}}, "softmax68": {"write": {"device_start": -1, "host_queued_start": 1585405648.142058, "device_queued": -1, "device_end": -1, "host_queued_end": 1585405648.152936}, "device": "gpu", "nd_range": {"device_start": 1585405588.0122626, "device_end": 1585405588.0126846}, "cmdq": 0, "read": {"device_start": -1, "device_end": -1}}, "softmax5": {"write": {"device_start": -1, "host_queued_start": 1585405648.221899, "device_queued": -1, "device_end": -1, "host_queued_end": 1585405648.240905}, "device": "cpu", "nd_range": {"device_start": 2073423.088750235, "device_end": 2073423.08970832}, "cmdq": 0, "read": {"device_start": -1, "device_end": -1}}, "FFC_sans_bias28": {"write": {"device_start": -1, "host_queued_start": 1585405648.204543, "device_queued": -1, "device_end": -1, "host_queued_end": 1585405648.240905}, "device": "cpu", "nd_range": {"device_start": 2073422.6906786691, "device_end": 2073422.7820769092}, "cmdq": 0, "read": {"device_start": -1, "device_end": -1}}, "FFC_sans_bias29": {"write": {"device_start": -1, "host_queued_start": 1585405648.207921, "device_queued": -1, "device_end": -1, "host_queued_end": 1585405648.240905}, "device": "cpu", "nd_range": {"device_start": 2073422.726262672, "device_end": 2073422.8467897372}, "cmdq": 1, "read": {"device_start": -1, "device_end": -1}}, "empty17": {"write": {"device_start": -1, "host_queued_start": 1585405648.15983, "device_queued": -1, "device_end": -1, "host_queued_end": 1585405648.240905}, "device": "cpu", "nd_range": {"device_start": 2073422.430519855, "device_end": 2073422.430533749}, "cmdq": 1, "read": {"device_start": -1, "device_end": -1}}, "softmax59": {"write": {"device_start": -1, "host_queued_start": 1585405648.141808, "device_queued": -1, "device_end": -1, "host_queued_end": 1585405648.152936}, "device": "gpu", "nd_range": {"device_start": 1585405588.0090303, "device_end": 1585405588.0136492}, "cmdq": 3, "read": {"device_start": -1, "device_end": -1}}, "empty71": {"write": {"device_start": 1585405587.9724407, "host_queued_start": 1585405648.109807, "device_queued": 1585405587.9720154, "device_end": 1585405587.972647, "host_queued_end": 1585405648.152936}, "device": "gpu", "nd_range": {"device_start": 1585405587.9726562, "device_end": 1585405587.9726598}, "cmdq": 2, "read": {"device_start": -1, "device_end": -1}}, "empty35": {"write": {"device_start": -1, "host_queued_start": 1585405648.165546, "device_queued": -1, "device_end": -1, "host_queued_end": 1585405648.240905}, "device": "cpu", "nd_range": {"device_start": 2073422.430559141, "device_end": 2073422.4305604252}, "cmdq": 0, "read": {"device_start": -1, "device_end": -1}}, "empty53": {"write": {"device_start": 1585405587.9717507, "host_queued_start": 1585405648.103797, "device_queued": 1585405587.971425, "device_end": 1585405587.9719408, "host_queued_end": 1585405648.152936}, "device": "gpu", "nd_range": {"device_start": 1585405587.9719439, "device_end": 1585405587.9719486}, "cmdq": 0, "read": {"device_start": -1, "device_end": -1}}, "FFC_sans_bias46": {"write": {"device_start": 1585405587.973216, "host_queued_start": 1585405648.116003, "device_queued": 1585405587.9729414, "device_end": 1585405587.9733117, "host_queued_end": 1585405648.152936}, "device": "gpu", "nd_range": {"device_start": 1585405587.9733138, "device_end": 1585405587.9796197}, "cmdq": 0, "read": {"device_start": -1, "device_end": -1}}, "coalesced_transpose66": {"write": {"device_start": -1, "host_queued_start": 1585405648.140351, "device_queued": -1, "device_end": -1, "host_queued_end": 1585405648.152936}, "device": "gpu", "nd_range": {"device_start": 1585405587.9991148, "device_end": 1585405588.0022216}, "cmdq": 2, "read": {"device_start": -1, "device_end": -1}}, "coalesced_transpose48": {"write": {"device_start": -1, "host_queued_start": 1585405648.139742, "device_queued": -1, "device_end": -1, "host_queued_end": 1585405648.152936}, "device": "gpu", "nd_range": {"device_start": 1585405587.9925838, "device_end": 1585405588.002163}, "cmdq": 0, "read": {"device_start": -1, "device_end": -1}}}