{"FFC_sans_bias60": {"write": {"device_start": -1, "host_queued_start": 1585405771.376526, "device_queued": -1, "device_end": -1, "host_queued_end": 1585405771.399237}, "device": "cpu", "nd_range": {"device_start": 2073546.8277967072, "device_end": 2073546.863886763}, "cmdq": 0, "read": {"device_start": -1, "device_end": -1}}, "FFC_sans_bias4": {"write": {"device_start": -1, "host_queued_start": 1585405771.369803, "device_queued": -1, "device_end": -1, "host_queued_end": 1585405771.399237}, "device": "cpu", "nd_range": {"device_start": 2073546.35786496, "device_end": 2073546.3945625392}, "cmdq": 0, "read": {"device_start": -1, "device_end": -1}}, "FFC_sans_bias7": {"write": {"device_start": -1, "host_queued_start": 1585405771.379779, "device_queued": -1, "device_end": -1, "host_queued_end": 1585405771.399237}, "device": "cpu", "nd_range": {"device_start": 2073546.863906597, "device_end": 2073546.8986862532}, "cmdq": 0, "read": {"device_start": -1, "device_end": -1}}, "FFC_sans_bias6": {"write": {"device_start": -1, "host_queued_start": 1585405771.374416, "device_queued": -1, "device_end": -1, "host_queued_end": 1585405771.399237}, "device": "cpu", "nd_range": {"device_start": 2073546.6148478272, "device_end": 2073546.649720088}, "cmdq": 0, "read": {"device_start": -1, "device_end": -1}}, "FFC_sans_bias1": {"write": {"device_start": -1, "host_queued_start": 1585405771.304232, "device_queued": -1, "device_end": -1, "host_queued_end": 1585405771.399237}, "device": "cpu", "nd_range": {"device_start": 2073545.6242121032, "device_end": 2073545.659517826}, "cmdq": 0, "read": {"device_start": -1, "device_end": -1}}, "FFC_sans_bias0": {"write": {"device_start": -1, "host_queued_start": 1585405771.300918, "device_queued": -1, "device_end": -1, "host_queued_end": 1585405771.399237}, "device": "cpu", "nd_range": {"device_start": 2073545.5889220482, "device_end": 2073545.6241969212}, "cmdq": 0, "read": {"device_start": -1, "device_end": -1}}, "FFC_sans_bias2": {"write": {"device_start": -1, "host_queued_start": 1585405771.307706, "device_queued": -1, "device_end": -1, "host_queued_end": 1585405771.399237}, "device": "cpu", "nd_range": {"device_start": 2073545.6595407221, "device_end": 2073545.695116932}, "cmdq": 0, "read": {"device_start": -1, "device_end": -1}}, "FFC_sans_bias61": {"write": {"device_start": -1, "host_queued_start": 1585405771.399184, "device_queued": -1, "device_end": -1, "host_queued_end": 1585405771.399237}, "device": "cpu", "nd_range": {"device_start": 2073547.0842015801, "device_end": 2073547.118063759}, "cmdq": 0, "read": {"device_start": -1, "device_end": -1}}, "FFC_sans_bias52": {"write": {"device_start": -1, "host_queued_start": 1585405771.395963, "device_queued": -1, "device_end": -1, "host_queued_end": 1585405771.399237}, "device": "cpu", "nd_range": {"device_start": 2073547.048119175, "device_end": 2073547.0841966742}, "cmdq": 0, "read": {"device_start": -1, "device_end": -1}}, "FFC_sans_bias9": {"write": {"device_start": -1, "host_queued_start": 1585405771.311031, "device_queued": -1, "device_end": -1, "host_queued_end": 1585405771.399237}, "device": "cpu", "nd_range": {"device_start": 2073545.6951280162, "device_end": 2073545.7305040031}, "cmdq": 0, "read": {"device_start": -1, "device_end": -1}}, "coalesced_transpose39": {"write": {"device_start": -1, "host_queued_start": 1585405771.368795, "device_queued": -1, "device_end": -1, "host_queued_end": 1585405771.399237}, "device": "cpu", "nd_range": {"device_start": 2073546.3564272302, "device_end": 2073546.3569040832}, "cmdq": 0, "read": {"device_start": -1, "device_end": -1}}, "FFC_sans_bias55": {"write": {"device_start": -1, "host_queued_start": 1585405771.367084, "device_queued": -1, "device_end": -1, "host_queued_end": 1585405771.399237}, "device": "cpu", "nd_range": {"device_start": 2073546.3192677912, "device_end": 2073546.354210365}, "cmdq": 0, "read": {"device_start": -1, "device_end": -1}}, "FFC_sans_bias54": {"write": {"device_start": -1, "host_queued_start": 1585405771.363825, "device_queued": -1, "device_end": -1, "host_queued_end": 1585405771.399237}, "device": "cpu", "nd_range": {"device_start": 2073546.2837279022, "device_end": 2073546.3192478232}, "cmdq": 0, "read": {"device_start": -1, "device_end": -1}}, "FFC_sans_bias56": {"write": {"device_start": -1, "host_queued_start": 1585405771.360542, "device_queued": -1, "device_end": -1, "host_queued_end": 1585405771.399237}, "device": "cpu", "nd_range": {"device_start": 2073546.2494584, "device_end": 2073546.2837083682}, "cmdq": 0, "read": {"device_start": -1, "device_end": -1}}, "FFC_sans_bias51": {"write": {"device_start": -1, "host_queued_start": 1585405771.376178, "device_queued": -1, "device_end": -1, "host_queued_end": 1585405771.399237}, "device": "cpu", "nd_range": {"device_start": 2073546.792956273, "device_end": 2073546.827779099}, "cmdq": 0, "read": {"device_start": -1, "device_end": -1}}, "softmax23": {"write": {"device_start": -1, "host_queued_start": 1585405771.372893, "device_queued": -1, "device_end": -1, "host_queued_end": 1585405771.399237}, "device": "cpu", "nd_range": {"device_start": 2073546.613274503, "device_end": 2073546.6135968752}, "cmdq": 0, "read": {"device_start": -1, "device_end": -1}}, "FFC_sans_bias37": {"write": {"device_start": -1, "host_queued_start": 1585405771.344045, "device_queued": -1, "device_end": -1, "host_queued_end": 1585405771.399237}, "device": "cpu", "nd_range": {"device_start": 2073546.0569630722, "device_end": 2073546.0911350842}, "cmdq": 0, "read": {"device_start": -1, "device_end": -1}}, "empty62": {"write": {"device_start": -1, "host_queued_start": 1585405771.298145, "device_queued": -1, "device_end": -1, "host_queued_end": 1585405771.399237}, "device": "cpu", "nd_range": {"device_start": 2073545.5889161022, "device_end": 2073545.5889167301}, "cmdq": 0, "read": {"device_start": -1, "device_end": -1}}, "FFC_sans_bias70": {"write": {"device_start": 1585405711.1069038, "host_queued_start": 1585405771.278419, "device_queued": 1585405711.0956545, "device_end": 1585405711.1070035, "host_queued_end": 1585405771.278539}, "device": "gpu", "nd_range": {"device_start": 1585405711.1149616, "device_end": 1585405711.1189067}, "cmdq": 3, "read": {"device_start": 1585405711.1189134, "device_end": 1585405711.1190243}}, "FFC_sans_bias58": {"write": {"device_start": -1, "host_queued_start": 1585405771.372051, "device_queued": -1, "device_end": -1, "host_queued_end": 1585405771.399237}, "device": "cpu", "nd_range": {"device_start": 2073546.5764480112, "device_end": 2073546.612524738}, "cmdq": 0, "read": {"device_start": -1, "device_end": -1}}, "softmax41": {"write": {"device_start": -1, "host_queued_start": 1585405771.373488, "device_queued": -1, "device_end": -1, "host_queued_end": 1585405771.399237}, "device": "cpu", "nd_range": {"device_start": 2073546.613925928, "device_end": 2073546.6142318682}, "cmdq": 0, "read": {"device_start": -1, "device_end": -1}}, "FFC_sans_bias11": {"write": {"device_start": -1, "host_queued_start": 1585405771.317629, "device_queued": -1, "device_end": -1, "host_queued_end": 1585405771.399237}, "device": "cpu", "nd_range": {"device_start": 2073545.7671354872, "device_end": 2073545.8019299791}, "cmdq": 0, "read": {"device_start": -1, "device_end": -1}}, "FFC_sans_bias10": {"write": {"device_start": -1, "host_queued_start": 1585405771.314301, "device_queued": -1, "device_end": -1, "host_queued_end": 1585405771.399237}, "device": "cpu", "nd_range": {"device_start": 2073545.7305236752, "device_end": 2073545.767115347}, "cmdq": 0, "read": {"device_start": -1, "device_end": -1}}, "coalesced_transpose3": {"write": {"device_start": -1, "host_queued_start": 1585405771.367449, "device_queued": -1, "device_end": -1, "host_queued_end": 1585405771.399237}, "device": "cpu", "nd_range": {"device_start": 2073546.3542207712, "device_end": 2073546.354789477}, "cmdq": 0, "read": {"device_start": -1, "device_end": -1}}, "FFC_sans_bias34": {"write": {"device_start": -1, "host_queued_start": 1585405771.389443, "device_queued": -1, "device_end": -1, "host_queued_end": 1585405771.399237}, "device": "cpu", "nd_range": {"device_start": 2073546.9703161432, "device_end": 2073547.0109345801}, "cmdq": 0, "read": {"device_start": -1, "device_end": -1}}, "FFC_sans_bias15": {"write": {"device_start": -1, "host_queued_start": 1585405771.37479, "device_queued": -1, "device_end": -1, "host_queued_end": 1585405771.399237}, "device": "cpu", "nd_range": {"device_start": 2073546.6497370822, "device_end": 2073546.68521043}, "cmdq": 0, "read": {"device_start": -1, "device_end": -1}}, "FFC_sans_bias31": {"write": {"device_start": -1, "host_queued_start": 1585405771.370996, "device_queued": -1, "device_end": -1, "host_queued_end": 1585405771.399237}, "device": "cpu", "nd_range": {"device_start": 2073546.466886375, "device_end": 2073546.50336503}, "cmdq": 0, "read": {"device_start": -1, "device_end": -1}}, "FFC_sans_bias16": {"write": {"device_start": -1, "host_queued_start": 1585405771.383001, "device_queued": -1, "device_end": -1, "host_queued_end": 1585405771.399237}, "device": "cpu", "nd_range": {"device_start": 2073546.8986927401, "device_end": 2073546.936170143}, "cmdq": 0, "read": {"device_start": -1, "device_end": -1}}, "FFC_sans_bias19": {"write": {"device_start": -1, "host_queued_start": 1585405771.32424, "device_queued": -1, "device_end": -1, "host_queued_end": 1585405771.399237}, "device": "cpu", "nd_range": {"device_start": 2073545.8431432452, "device_end": 2073545.878342807}, "cmdq": 0, "read": {"device_start": -1, "device_end": -1}}, "FFC_sans_bias18": {"write": {"device_start": -1, "host_queued_start": 1585405771.320934, "device_queued": -1, "device_end": -1, "host_queued_end": 1585405771.399237}, "device": "cpu", "nd_range": {"device_start": 2073545.8019487332, "device_end": 2073545.842946045}, "cmdq": 0, "read": {"device_start": -1, "device_end": -1}}, "coalesced_transpose30": {"write": {"device_start": -1, "host_queued_start": 1585405771.368457, "device_queued": -1, "device_end": -1, "host_queued_end": 1585405771.399237}, "device": "cpu", "nd_range": {"device_start": 2073546.3559262722, "device_end": 2073546.356419641}, "cmdq": 0, "read": {"device_start": -1, "device_end": -1}}, "FFC_sans_bias69": {"write": {"device_start": -1, "host_queued_start": 1585405771.27519, "device_queued": -1, "device_end": -1, "host_queued_end": 1585405771.278539}, "device": "gpu", "nd_range": {"device_start": 1585405711.1110017, "device_end": 1585405711.114957}, "cmdq": 2, "read": {"device_start": -1, "device_end": -1}}, "FFC_sans_bias38": {"write": {"device_start": -1, "host_queued_start": 1585405771.347333, "device_queued": -1, "device_end": -1, "host_queued_end": 1585405771.399237}, "device": "cpu", "nd_range": {"device_start": 2073546.0911578871, "device_end": 2073546.1332331651}, "cmdq": 0, "read": {"device_start": -1, "device_end": -1}}, "coalesced_transpose57": {"write": {"device_start": -1, "host_queued_start": 1585405771.369458, "device_queued": -1, "device_end": -1, "host_queued_end": 1585405771.399237}, "device": "cpu", "nd_range": {"device_start": 2073546.35739044, "device_end": 2073546.357858475}, "cmdq": 0, "read": {"device_start": -1, "device_end": -1}}, "empty26": {"write": {"device_start": -1, "host_queued_start": 1585405771.287701, "device_queued": -1, "device_end": -1, "host_queued_end": 1585405771.399237}, "device": "cpu", "nd_range": {"device_start": 2073545.588898654, "device_end": 2073545.588899441}, "cmdq": 0, "read": {"device_start": -1, "device_end": -1}}, "coalesced_transpose12": {"write": {"device_start": -1, "host_queued_start": 1585405771.367787, "device_queued": -1, "device_end": -1, "host_queued_end": 1585405771.399237}, "device": "cpu", "nd_range": {"device_start": 2073546.354799566, "device_end": 2073546.3553531102}, "cmdq": 0, "read": {"device_start": -1, "device_end": -1}}, "empty44": {"write": {"device_start": -1, "host_queued_start": 1585405771.292955, "device_queued": -1, "device_end": -1, "host_queued_end": 1585405771.399237}, "device": "cpu", "nd_range": {"device_start": 2073545.588907835, "device_end": 2073545.588908327}, "cmdq": 0, "read": {"device_start": -1, "device_end": -1}}, "coalesced_transpose21": {"write": {"device_start": -1, "host_queued_start": 1585405771.368124, "device_queued": -1, "device_end": -1, "host_queued_end": 1585405771.399237}, "device": "cpu", "nd_range": {"device_start": 2073546.3553626002, "device_end": 2073546.355917036}, "cmdq": 0, "read": {"device_start": -1, "device_end": -1}}, "FFC_sans_bias36": {"write": {"device_start": -1, "host_queued_start": 1585405771.340764, "device_queued": -1, "device_end": -1, "host_queued_end": 1585405771.399237}, "device": "cpu", "nd_range": {"device_start": 2073546.0196404052, "device_end": 2073546.0569541892}, "cmdq": 0, "read": {"device_start": -1, "device_end": -1}}, "softmax14": {"write": {"device_start": -1, "host_queued_start": 1585405771.372613, "device_queued": -1, "device_end": -1, "host_queued_end": 1585405771.399237}, "device": "cpu", "nd_range": {"device_start": 2073546.612906703, "device_end": 2073546.613268044}, "cmdq": 0, "read": {"device_start": -1, "device_end": -1}}, "FFC_sans_bias13": {"write": {"device_start": -1, "host_queued_start": 1585405771.370245, "device_queued": -1, "device_end": -1, "host_queued_end": 1585405771.399237}, "device": "cpu", "nd_range": {"device_start": 2073546.3945719672, "device_end": 2073546.4311190702}, "cmdq": 0, "read": {"device_start": -1, "device_end": -1}}, "empty8": {"write": {"device_start": -1, "host_queued_start": 1585405771.28239, "device_queued": -1, "device_end": -1, "host_queued_end": 1585405771.399237}, "device": "cpu", "nd_range": {"device_start": 2073545.588855942, "device_end": 2073545.5888692841}, "cmdq": 0, "read": {"device_start": -1, "device_end": -1}}, "FFC_sans_bias42": {"write": {"device_start": -1, "host_queued_start": 1585405771.375833, "device_queued": -1, "device_end": -1, "host_queued_end": 1585405771.399237}, "device": "cpu", "nd_range": {"device_start": 2073546.75756899, "device_end": 2073546.792937254}, "cmdq": 0, "read": {"device_start": -1, "device_end": -1}}, "FFC_sans_bias43": {"write": {"device_start": -1, "host_queued_start": 1585405771.392695, "device_queued": -1, "device_end": -1, "host_queued_end": 1585405771.399237}, "device": "cpu", "nd_range": {"device_start": 2073547.010938958, "device_end": 2073547.048114258}, "cmdq": 0, "read": {"device_start": -1, "device_end": -1}}, "FFC_sans_bias40": {"write": {"device_start": -1, "host_queued_start": 1585405771.371358, "device_queued": -1, "device_end": -1, "host_queued_end": 1585405771.399237}, "device": "cpu", "nd_range": {"device_start": 2073546.5033845212, "device_end": 2073546.5414076452}, "cmdq": 0, "read": {"device_start": -1, "device_end": -1}}, "softmax32": {"write": {"device_start": -1, "host_queued_start": 1585405771.373183, "device_queued": -1, "device_end": -1, "host_queued_end": 1585405771.399237}, "device": "cpu", "nd_range": {"device_start": 2073546.6136034871, "device_end": 2073546.6139194882}, "cmdq": 0, "read": {"device_start": -1, "device_end": -1}}, "FFC_sans_bias47": {"write": {"device_start": -1, "host_queued_start": 1585405771.357227, "device_queued": -1, "device_end": -1, "host_queued_end": 1585405771.399237}, "device": "cpu", "nd_range": {"device_start": 2073546.2121972851, "device_end": 2073546.249434086}, "cmdq": 0, "read": {"device_start": -1, "device_end": -1}}, "FFC_sans_bias45": {"write": {"device_start": -1, "host_queued_start": 1585405771.35063, "device_queued": -1, "device_end": -1, "host_queued_end": 1585405771.399237}, "device": "cpu", "nd_range": {"device_start": 2073546.1332526612, "device_end": 2073546.1684444821}, "cmdq": 0, "read": {"device_start": -1, "device_end": -1}}, "softmax50": {"write": {"device_start": -1, "host_queued_start": 1585405771.373797, "device_queued": -1, "device_end": -1, "host_queued_end": 1585405771.399237}, "device": "cpu", "nd_range": {"device_start": 2073546.61423744, "device_end": 2073546.6145379432}, "cmdq": 0, "read": {"device_start": -1, "device_end": -1}}, "FFC_sans_bias33": {"write": {"device_start": -1, "host_queued_start": 1585405771.375485, "device_queued": -1, "device_end": -1, "host_queued_end": 1585405771.399237}, "device": "cpu", "nd_range": {"device_start": 2073546.7225208601, "device_end": 2073546.757549874}, "cmdq": 0, "read": {"device_start": -1, "device_end": -1}}, "FFC_sans_bias63": {"write": {"device_start": 1585405711.0952303, "host_queued_start": 1585405771.273838, "device_queued": 1585405711.0945723, "device_end": 1585405711.0953274, "host_queued_end": 1585405771.278539}, "device": "gpu", "nd_range": {"device_start": 1585405711.0953484, "device_end": 1585405711.106569}, "cmdq": 3, "read": {"device_start": -1, "device_end": -1}}, "FFC_sans_bias49": {"write": {"device_start": -1, "host_queued_start": 1585405771.371703, "device_queued": -1, "device_end": -1, "host_queued_end": 1585405771.399237}, "device": "cpu", "nd_range": {"device_start": 2073546.5414267092, "device_end": 2073546.576262959}, "cmdq": 0, "read": {"device_start": -1, "device_end": -1}}, "FFC_sans_bias64": {"write": {"device_start": 1585405711.0945513, "host_queued_start": 1585405771.267084, "device_queued": 1585405711.0941765, "device_end": 1585405711.0947983, "host_queued_end": 1585405771.278539}, "device": "gpu", "nd_range": {"device_start": 1585405711.094824, "device_end": 1585405711.0988092}, "cmdq": 1, "read": {"device_start": -1, "device_end": -1}}, "FFC_sans_bias65": {"write": {"device_start": 1585405711.094907, "host_queued_start": 1585405771.270437, "device_queued": 1585405711.094399, "device_end": 1585405711.0951204, "host_queued_end": 1585405771.278539}, "device": "gpu", "nd_range": {"device_start": 1585405711.0951548, "device_end": 1585405711.102794}, "cmdq": 2, "read": {"device_start": -1, "device_end": -1}}, "FFC_sans_bias67": {"write": {"device_start": -1, "host_queued_start": 1585405771.274604, "device_queued": -1, "device_end": -1, "host_queued_end": 1585405771.278539}, "device": "gpu", "nd_range": {"device_start": 1585405711.1065714, "device_end": 1585405711.1105053}, "cmdq": 0, "read": {"device_start": -1, "device_end": -1}}, "FFC_sans_bias24": {"write": {"device_start": -1, "host_queued_start": 1585405771.37514, "device_queued": -1, "device_end": -1, "host_queued_end": 1585405771.399237}, "device": "cpu", "nd_range": {"device_start": 2073546.6852289222, "device_end": 2073546.722496232}, "cmdq": 0, "read": {"device_start": -1, "device_end": -1}}, "FFC_sans_bias25": {"write": {"device_start": -1, "host_queued_start": 1585405771.386215, "device_queued": -1, "device_end": -1, "host_queued_end": 1585405771.399237}, "device": "cpu", "nd_range": {"device_start": 2073546.936175069, "device_end": 2073546.970311183}, "cmdq": 0, "read": {"device_start": -1, "device_end": -1}}, "FFC_sans_bias27": {"write": {"device_start": -1, "host_queued_start": 1585405771.330858, "device_queued": -1, "device_end": -1, "host_queued_end": 1585405771.399237}, "device": "cpu", "nd_range": {"device_start": 2073545.9131499592, "device_end": 2073545.948775354}, "cmdq": 0, "read": {"device_start": -1, "device_end": -1}}, "FFC_sans_bias20": {"write": {"device_start": -1, "host_queued_start": 1585405771.327576, "device_queued": -1, "device_end": -1, "host_queued_end": 1585405771.399237}, "device": "cpu", "nd_range": {"device_start": 2073545.878361836, "device_end": 2073545.9131317372}, "cmdq": 0, "read": {"device_start": -1, "device_end": -1}}, "FFC_sans_bias22": {"write": {"device_start": -1, "host_queued_start": 1585405771.370637, "device_queued": -1, "device_end": -1, "host_queued_end": 1585405771.399237}, "device": "cpu", "nd_range": {"device_start": 2073546.4311290171, "device_end": 2073546.4668767771}, "cmdq": 0, "read": {"device_start": -1, "device_end": -1}}, "softmax68": {"write": {"device_start": -1, "host_queued_start": 1585405771.274875, "device_queued": -1, "device_end": -1, "host_queued_end": 1585405771.278539}, "device": "gpu", "nd_range": {"device_start": 1585405711.1105132, "device_end": 1585405711.110995}, "cmdq": 1, "read": {"device_start": -1, "device_end": -1}}, "softmax5": {"write": {"device_start": -1, "host_queued_start": 1585405771.372336, "device_queued": -1, "device_end": -1, "host_queued_end": 1585405771.399237}, "device": "cpu", "nd_range": {"device_start": 2073546.6125350131, "device_end": 2073546.6128980292}, "cmdq": 0, "read": {"device_start": -1, "device_end": -1}}, "FFC_sans_bias28": {"write": {"device_start": -1, "host_queued_start": 1585405771.334175, "device_queued": -1, "device_end": -1, "host_queued_end": 1585405771.399237}, "device": "cpu", "nd_range": {"device_start": 2073545.948796665, "device_end": 2073545.98470571}, "cmdq": 0, "read": {"device_start": -1, "device_end": -1}}, "FFC_sans_bias29": {"write": {"device_start": -1, "host_queued_start": 1585405771.337479, "device_queued": -1, "device_end": -1, "host_queued_end": 1585405771.399237}, "device": "cpu", "nd_range": {"device_start": 2073545.9847245652, "device_end": 2073546.0196177382}, "cmdq": 0, "read": {"device_start": -1, "device_end": -1}}, "empty17": {"write": {"device_start": -1, "host_queued_start": 1585405771.285097, "device_queued": -1, "device_end": -1, "host_queued_end": 1585405771.399237}, "device": "cpu", "nd_range": {"device_start": 2073545.588892416, "device_end": 2073545.58889345}, "cmdq": 0, "read": {"device_start": -1, "device_end": -1}}, "softmax59": {"write": {"device_start": -1, "host_queued_start": 1585405771.374075, "device_queued": -1, "device_end": -1, "host_queued_end": 1585405771.399237}, "device": "cpu", "nd_range": {"device_start": 2073546.6145439562, "device_end": 2073546.614842168}, "cmdq": 0, "read": {"device_start": -1, "device_end": -1}}, "empty71": {"write": {"device_start": 1585405711.0942047, "host_queued_start": 1585405771.263554, "device_queued": 1585405711.0938678, "device_end": 1585405711.0943701, "host_queued_end": 1585405771.278539}, "device": "gpu", "nd_range": {"device_start": 1585405711.094377, "device_end": 1585405711.0943832}, "cmdq": 0, "read": {"device_start": -1, "device_end": -1}}, "empty35": {"write": {"device_start": -1, "host_queued_start": 1585405771.29027, "device_queued": -1, "device_end": -1, "host_queued_end": 1585405771.399237}, "device": "cpu", "nd_range": {"device_start": 2073545.5889034772, "device_end": 2073545.588904062}, "cmdq": 0, "read": {"device_start": -1, "device_end": -1}}, "empty53": {"write": {"device_start": -1, "host_queued_start": 1585405771.295579, "device_queued": -1, "device_end": -1, "host_queued_end": 1585405771.399237}, "device": "cpu", "nd_range": {"device_start": 2073545.5889121261, "device_end": 2073545.5889126842}, "cmdq": 0, "read": {"device_start": -1, "device_end": -1}}, "FFC_sans_bias46": {"write": {"device_start": -1, "host_queued_start": 1585405771.353946, "device_queued": -1, "device_end": -1, "host_queued_end": 1585405771.399237}, "device": "cpu", "nd_range": {"device_start": 2073546.1684630672, "device_end": 2073546.2118626332}, "cmdq": 0, "read": {"device_start": -1, "device_end": -1}}, "coalesced_transpose66": {"write": {"device_start": -1, "host_queued_start": 1585405771.27422, "device_queued": -1, "device_end": -1, "host_queued_end": 1585405771.278539}, "device": "gpu", "nd_range": {"device_start": 1585405711.0988133, "device_end": 1585405711.106433}, "cmdq": 4, "read": {"device_start": -1, "device_end": -1}}, "coalesced_transpose48": {"write": {"device_start": -1, "host_queued_start": 1585405771.36913, "device_queued": -1, "device_end": -1, "host_queued_end": 1585405771.399237}, "device": "cpu", "nd_range": {"device_start": 2073546.3569103312, "device_end": 2073546.3573843131}, "cmdq": 0, "read": {"device_start": -1, "device_end": -1}}}