{"FFC_sans_bias60": {"write": {"device_start": -1, "host_queued_start": 1585405233.168962, "device_queued": -1, "device_end": -1, "host_queued_end": 1585405233.175977}, "device": "gpu", "nd_range": {"device_start": 1585405173.0336888, "device_end": 1585405173.0402162}, "cmdq": 0, "read": {"device_start": -1, "device_end": -1}}, "FFC_sans_bias4": {"write": {"device_start": -1, "host_queued_start": 1585405233.25572, "device_queued": -1, "device_end": -1, "host_queued_end": 1585405233.28069}, "device": "cpu", "nd_range": {"device_start": 2073008.087724534, "device_end": 2073008.157353142}, "cmdq": 0, "read": {"device_start": -1, "device_end": -1}}, "FFC_sans_bias7": {"write": {"device_start": -1, "host_queued_start": 1585405233.264533, "device_queued": -1, "device_end": -1, "host_queued_end": 1585405233.28069}, "device": "cpu", "nd_range": {"device_start": 2073008.5066733141, "device_end": 2073008.583324616}, "cmdq": 0, "read": {"device_start": -1, "device_end": -1}}, "FFC_sans_bias6": {"write": {"device_start": -1, "host_queued_start": 1585405233.259561, "device_queued": -1, "device_end": -1, "host_queued_end": 1585405233.28069}, "device": "cpu", "nd_range": {"device_start": 2073008.3196487722, "device_end": 2073008.39353876}, "cmdq": 0, "read": {"device_start": -1, "device_end": -1}}, "FFC_sans_bias1": {"write": {"device_start": -1, "host_queued_start": 1585405233.199894, "device_queued": -1, "device_end": -1, "host_queued_end": 1585405233.28069}, "device": "cpu", "nd_range": {"device_start": 2073007.470352872, "device_end": 2073007.543400095}, "cmdq": 1, "read": {"device_start": -1, "device_end": -1}}, "FFC_sans_bias0": {"write": {"device_start": -1, "host_queued_start": 1585405233.196538, "device_queued": -1, "device_end": -1, "host_queued_end": 1585405233.28069}, "device": "cpu", "nd_range": {"device_start": 2073007.4703533242, "device_end": 2073007.5342669452}, "cmdq": 0, "read": {"device_start": -1, "device_end": -1}}, "FFC_sans_bias2": {"write": {"device_start": -1, "host_queued_start": 1585405233.203215, "device_queued": -1, "device_end": -1, "host_queued_end": 1585405233.28069}, "device": "cpu", "nd_range": {"device_start": 2073007.535267966, "device_end": 2073007.581142025}, "cmdq": 0, "read": {"device_start": -1, "device_end": -1}}, "FFC_sans_bias61": {"write": {"device_start": 1585405173.0405416, "host_queued_start": 1585405233.172547, "device_queued": 1585405173.009119, "device_end": 1585405173.0406432, "host_queued_end": 1585405233.175977}, "device": "gpu", "nd_range": {"device_start": 1585405173.0406454, "device_end": 1585405173.0466075}, "cmdq": 0, "read": {"device_start": 1585405173.046611, "device_end": 1585405173.0467021}}, "FFC_sans_bias52": {"write": {"device_start": -1, "host_queued_start": 1585405233.280636, "device_queued": -1, "device_end": -1, "host_queued_end": 1585405233.28069}, "device": "cpu", "nd_range": {"device_start": 2073008.696662306, "device_end": 2073008.7483776102}, "cmdq": 1, "read": {"device_start": -1, "device_end": -1}}, "FFC_sans_bias9": {"write": {"device_start": -1, "host_queued_start": 1585405233.206503, "device_queued": -1, "device_end": -1, "host_queued_end": 1585405233.28069}, "device": "cpu", "nd_range": {"device_start": 2073007.5444591572, "device_end": 2073007.6248326611}, "cmdq": 1, "read": {"device_start": -1, "device_end": -1}}, "coalesced_transpose39": {"write": {"device_start": -1, "host_queued_start": 1585405233.25494, "device_queued": -1, "device_end": -1, "host_queued_end": 1585405233.28069}, "device": "cpu", "nd_range": {"device_start": 2073008.0864960342, "device_end": 2073008.0875906611}, "cmdq": 0, "read": {"device_start": -1, "device_end": -1}}, "FFC_sans_bias55": {"write": {"device_start": 1585405173.0106313, "host_queued_start": 1585405233.156679, "device_queued": 1585405173.0073373, "device_end": 1585405173.0107324, "host_queued_end": 1585405233.175977}, "device": "gpu", "nd_range": {"device_start": 1585405173.0107358, "device_end": 1585405173.016925}, "cmdq": 0, "read": {"device_start": -1, "device_end": -1}}, "FFC_sans_bias54": {"write": {"device_start": 1585405173.007232, "host_queued_start": 1585405233.153329, "device_queued": 1585405173.006958, "device_end": 1585405173.0073273, "host_queued_end": 1585405233.175977}, "device": "gpu", "nd_range": {"device_start": 1585405173.0073304, "device_end": 1585405173.01362}, "cmdq": 1, "read": {"device_start": -1, "device_end": -1}}, "FFC_sans_bias56": {"write": {"device_start": 1585405173.0068316, "host_queued_start": 1585405233.149986, "device_queued": 1585405173.0063655, "device_end": 1585405173.0069273, "host_queued_end": 1585405233.175977}, "device": "gpu", "nd_range": {"device_start": 1585405173.0069375, "device_end": 1585405173.0102859}, "cmdq": 0, "read": {"device_start": -1, "device_end": -1}}, "FFC_sans_bias51": {"write": {"device_start": -1, "host_queued_start": 1585405233.261298, "device_queued": -1, "device_end": -1, "host_queued_end": 1585405233.28069}, "device": "cpu", "nd_range": {"device_start": 2073008.4942483432, "device_end": 2073008.554233374}, "cmdq": 1, "read": {"device_start": -1, "device_end": -1}}, "softmax23": {"write": {"device_start": -1, "host_queued_start": 1585405233.258351, "device_queued": -1, "device_end": -1, "host_queued_end": 1585405233.28069}, "device": "cpu", "nd_range": {"device_start": 2073008.31556126, "device_end": 2073008.31650882}, "cmdq": 0, "read": {"device_start": -1, "device_end": -1}}, "FFC_sans_bias37": {"write": {"device_start": -1, "host_queued_start": 1585405233.23996, "device_queued": -1, "device_end": -1, "host_queued_end": 1585405233.28069}, "device": "cpu", "nd_range": {"device_start": 2073007.920336307, "device_end": 2073007.9784421052}, "cmdq": 1, "read": {"device_start": -1, "device_end": -1}}, "empty62": {"write": {"device_start": 1585405173.0061297, "host_queued_start": 1585405233.143698, "device_queued": 1585405173.0057855, "device_end": 1585405173.0063381, "host_queued_end": 1585405233.175977}, "device": "gpu", "nd_range": {"device_start": 1585405173.0063467, "device_end": 1585405173.0063539}, "cmdq": 0, "read": {"device_start": -1, "device_end": -1}}, "FFC_sans_bias70": {"write": {"device_start": 1585405173.0372453, "host_queued_start": 1585405233.175863, "device_queued": 1585405173.0093696, "device_end": 1585405173.0373485, "host_queued_end": 1585405233.175977}, "device": "gpu", "nd_range": {"device_start": 1585405173.0373514, "device_end": 1585405173.0434859}, "cmdq": 1, "read": {"device_start": 1585405173.043495, "device_end": 1585405173.0435853}}, "FFC_sans_bias58": {"write": {"device_start": -1, "host_queued_start": 1585405233.167819, "device_queued": -1, "device_end": -1, "host_queued_end": 1585405233.175977}, "device": "gpu", "nd_range": {"device_start": 1585405173.0264492, "device_end": 1585405173.0298688}, "cmdq": 0, "read": {"device_start": -1, "device_end": -1}}, "softmax41": {"write": {"device_start": -1, "host_queued_start": 1585405233.258902, "device_queued": -1, "device_end": -1, "host_queued_end": 1585405233.28069}, "device": "cpu", "nd_range": {"device_start": 2073008.317619821, "device_end": 2073008.31855885}, "cmdq": 0, "read": {"device_start": -1, "device_end": -1}}, "FFC_sans_bias11": {"write": {"device_start": -1, "host_queued_start": 1585405233.213331, "device_queued": -1, "device_end": -1, "host_queued_end": 1585405233.28069}, "device": "cpu", "nd_range": {"device_start": 2073007.6255466202, "device_end": 2073007.6970965972}, "cmdq": 1, "read": {"device_start": -1, "device_end": -1}}, "FFC_sans_bias10": {"write": {"device_start": -1, "host_queued_start": 1585405233.209929, "device_queued": -1, "device_end": -1, "host_queued_end": 1585405233.28069}, "device": "cpu", "nd_range": {"device_start": 2073007.5811706232, "device_end": 2073007.665078836}, "cmdq": 0, "read": {"device_start": -1, "device_end": -1}}, "coalesced_transpose3": {"write": {"device_start": -1, "host_queued_start": 1585405233.253592, "device_queued": -1, "device_end": -1, "host_queued_end": 1585405233.28069}, "device": "cpu", "nd_range": {"device_start": 2073008.0840000792, "device_end": 2073008.0851085992}, "cmdq": 0, "read": {"device_start": -1, "device_end": -1}}, "FFC_sans_bias34": {"write": {"device_start": -1, "host_queued_start": 1585405233.274151, "device_queued": -1, "device_end": -1, "host_queued_end": 1585405233.28069}, "device": "cpu", "nd_range": {"device_start": 2073008.6162250931, "device_end": 2073008.696651779}, "cmdq": 1, "read": {"device_start": -1, "device_end": -1}}, "FFC_sans_bias15": {"write": {"device_start": -1, "host_queued_start": 1585405233.259917, "device_queued": -1, "device_end": -1, "host_queued_end": 1585405233.28069}, "device": "cpu", "nd_range": {"device_start": 2073008.3311165252, "device_end": 2073008.403060883}, "cmdq": 1, "read": {"device_start": -1, "device_end": -1}}, "FFC_sans_bias31": {"write": {"device_start": -1, "host_queued_start": 1585405233.256783, "device_queued": -1, "device_end": -1, "host_queued_end": 1585405233.28069}, "device": "cpu", "nd_range": {"device_start": 2073008.1858043391, "device_end": 2073008.2646798992}, "cmdq": 1, "read": {"device_start": -1, "device_end": -1}}, "FFC_sans_bias16": {"write": {"device_start": -1, "host_queued_start": 1585405233.267738, "device_queued": -1, "device_end": -1, "host_queued_end": 1585405233.28069}, "device": "cpu", "nd_range": {"device_start": 2073008.5542520962, "device_end": 2073008.6162143152}, "cmdq": 1, "read": {"device_start": -1, "device_end": -1}}, "FFC_sans_bias19": {"write": {"device_start": -1, "host_queued_start": 1585405233.220179, "device_queued": -1, "device_end": -1, "host_queued_end": 1585405233.28069}, "device": "cpu", "nd_range": {"device_start": 2073007.702286923, "device_end": 2073007.77976278}, "cmdq": 1, "read": {"device_start": -1, "device_end": -1}}, "FFC_sans_bias18": {"write": {"device_start": -1, "host_queued_start": 1585405233.216752, "device_queued": -1, "device_end": -1, "host_queued_end": 1585405233.28069}, "device": "cpu", "nd_range": {"device_start": 2073007.6650933211, "device_end": 2073007.722355741}, "cmdq": 0, "read": {"device_start": -1, "device_end": -1}}, "coalesced_transpose30": {"write": {"device_start": -1, "host_queued_start": 1585405233.254608, "device_queued": -1, "device_end": -1, "host_queued_end": 1585405233.28069}, "device": "cpu", "nd_range": {"device_start": 2073008.116143455, "device_end": 2073008.1172412531}, "cmdq": 1, "read": {"device_start": -1, "device_end": -1}}, "FFC_sans_bias69": {"write": {"device_start": -1, "host_queued_start": 1585405233.16928, "device_queued": -1, "device_end": -1, "host_queued_end": 1585405233.175977}, "device": "gpu", "nd_range": {"device_start": 1585405173.0335166, "device_end": 1585405173.0368922}, "cmdq": 1, "read": {"device_start": -1, "device_end": -1}}, "FFC_sans_bias38": {"write": {"device_start": -1, "host_queued_start": 1585405233.24326, "device_queued": -1, "device_end": -1, "host_queued_end": 1585405233.28069}, "device": "cpu", "nd_range": {"device_start": 2073007.9293087202, "device_end": 2073008.0056371281}, "cmdq": 0, "read": {"device_start": -1, "device_end": -1}}, "coalesced_transpose57": {"write": {"device_start": -1, "host_queued_start": 1585405233.167006, "device_queued": -1, "device_end": -1, "host_queued_end": 1585405233.175977}, "device": "gpu", "nd_range": {"device_start": 1585405173.023348, "device_end": 1585405173.0264475}, "cmdq": 0, "read": {"device_start": -1, "device_end": -1}}, "empty26": {"write": {"device_start": -1, "host_queued_start": 1585405233.185458, "device_queued": -1, "device_end": -1, "host_queued_end": 1585405233.28069}, "device": "cpu", "nd_range": {"device_start": 2073007.4703399772, "device_end": 2073007.470341176}, "cmdq": 0, "read": {"device_start": -1, "device_end": -1}}, "coalesced_transpose12": {"write": {"device_start": -1, "host_queued_start": 1585405233.253933, "device_queued": -1, "device_end": -1, "host_queued_end": 1585405233.28069}, "device": "cpu", "nd_range": {"device_start": 2073008.1150259662, "device_end": 2073008.1161321292}, "cmdq": 1, "read": {"device_start": -1, "device_end": -1}}, "empty44": {"write": {"device_start": -1, "host_queued_start": 1585405233.191036, "device_queued": -1, "device_end": -1, "host_queued_end": 1585405233.28069}, "device": "cpu", "nd_range": {"device_start": 2073007.4703475141, "device_end": 2073007.470348207}, "cmdq": 0, "read": {"device_start": -1, "device_end": -1}}, "coalesced_transpose21": {"write": {"device_start": -1, "host_queued_start": 1585405233.254266, "device_queued": -1, "device_end": -1, "host_queued_end": 1585405233.28069}, "device": "cpu", "nd_range": {"device_start": 2073008.0852694612, "device_end": 2073008.086357641}, "cmdq": 0, "read": {"device_start": -1, "device_end": -1}}, "FFC_sans_bias36": {"write": {"device_start": -1, "host_queued_start": 1585405233.236648, "device_queued": -1, "device_end": -1, "host_queued_end": 1585405233.28069}, "device": "cpu", "nd_range": {"device_start": 2073007.863929009, "device_end": 2073007.929143828}, "cmdq": 0, "read": {"device_start": -1, "device_end": -1}}, "softmax14": {"write": {"device_start": -1, "host_queued_start": 1585405233.258078, "device_queued": -1, "device_end": -1, "host_queued_end": 1585405233.28069}, "device": "cpu", "nd_range": {"device_start": 2073008.3278451122, "device_end": 2073008.3288092632}, "cmdq": 1, "read": {"device_start": -1, "device_end": -1}}, "FFC_sans_bias13": {"write": {"device_start": -1, "host_queued_start": 1585405233.256076, "device_queued": -1, "device_end": -1, "host_queued_end": 1585405233.28069}, "device": "cpu", "nd_range": {"device_start": 2073008.118349164, "device_end": 2073008.1856007432}, "cmdq": 1, "read": {"device_start": -1, "device_end": -1}}, "empty8": {"write": {"device_start": -1, "host_queued_start": 1585405233.179795, "device_queued": -1, "device_end": -1, "host_queued_end": 1585405233.28069}, "device": "cpu", "nd_range": {"device_start": 2073007.4703009552, "device_end": 2073007.470314521}, "cmdq": 0, "read": {"device_start": -1, "device_end": -1}}, "FFC_sans_bias42": {"write": {"device_start": -1, "host_queued_start": 1585405233.260947, "device_queued": -1, "device_end": -1, "host_queued_end": 1585405233.28069}, "device": "cpu", "nd_range": {"device_start": 2073008.448309495, "device_end": 2073008.5064839672}, "cmdq": 0, "read": {"device_start": -1, "device_end": -1}}, "FFC_sans_bias43": {"write": {"device_start": -1, "host_queued_start": 1585405233.277404, "device_queued": -1, "device_end": -1, "host_queued_end": 1585405233.28069}, "device": "cpu", "nd_range": {"device_start": 2073008.645952909, "device_end": 2073008.7140820841}, "cmdq": 0, "read": {"device_start": -1, "device_end": -1}}, "FFC_sans_bias40": {"write": {"device_start": -1, "host_queued_start": 1585405233.25714, "device_queued": -1, "device_end": -1, "host_queued_end": 1585405233.28069}, "device": "cpu", "nd_range": {"device_start": 2073008.233070698, "device_end": 2073008.31316453}, "cmdq": 0, "read": {"device_start": -1, "device_end": -1}}, "softmax32": {"write": {"device_start": -1, "host_queued_start": 1585405233.258629, "device_queued": -1, "device_end": -1, "host_queued_end": 1585405233.28069}, "device": "cpu", "nd_range": {"device_start": 2073008.3289597142, "device_end": 2073008.329900101}, "cmdq": 1, "read": {"device_start": -1, "device_end": -1}}, "FFC_sans_bias47": {"write": {"device_start": -1, "host_queued_start": 1585405233.253234, "device_queued": -1, "device_end": -1, "host_queued_end": 1585405233.28069}, "device": "cpu", "nd_range": {"device_start": 2073008.0481543741, "device_end": 2073008.115008688}, "cmdq": 1, "read": {"device_start": -1, "device_end": -1}}, "FFC_sans_bias45": {"write": {"device_start": -1, "host_queued_start": 1585405233.246526, "device_queued": -1, "device_end": -1, "host_queued_end": 1585405233.28069}, "device": "cpu", "nd_range": {"device_start": 2073007.978459811, "device_end": 2073008.0481384152}, "cmdq": 1, "read": {"device_start": -1, "device_end": -1}}, "softmax50": {"write": {"device_start": -1, "host_queued_start": 1585405233.259175, "device_queued": -1, "device_end": -1, "host_queued_end": 1585405233.28069}, "device": "cpu", "nd_range": {"device_start": 2073008.330034123, "device_end": 2073008.3309774352}, "cmdq": 1, "read": {"device_start": -1, "device_end": -1}}, "FFC_sans_bias33": {"write": {"device_start": -1, "host_queued_start": 1585405233.260602, "device_queued": -1, "device_end": -1, "host_queued_end": 1585405233.28069}, "device": "cpu", "nd_range": {"device_start": 2073008.403251171, "device_end": 2073008.4942297472}, "cmdq": 1, "read": {"device_start": -1, "device_end": -1}}, "FFC_sans_bias63": {"write": {"device_start": 1585405173.0203865, "host_queued_start": 1585405233.166658, "device_queued": 1585405173.008053, "device_end": 1585405173.0204995, "host_queued_end": 1585405233.175977}, "device": "gpu", "nd_range": {"device_start": 1585405173.0205033, "device_end": 1585405173.0266306}, "cmdq": 1, "read": {"device_start": -1, "device_end": -1}}, "FFC_sans_bias49": {"write": {"device_start": -1, "host_queued_start": 1585405233.257497, "device_queued": -1, "device_end": -1, "host_queued_end": 1585405233.28069}, "device": "cpu", "nd_range": {"device_start": 2073008.2649005032, "device_end": 2073008.327661467}, "cmdq": 1, "read": {"device_start": -1, "device_end": -1}}, "FFC_sans_bias64": {"write": {"device_start": 1585405173.0139287, "host_queued_start": 1585405233.160075, "device_queued": 1585405173.0075634, "device_end": 1585405173.014031, "host_queued_end": 1585405233.175977}, "device": "gpu", "nd_range": {"device_start": 1585405173.0140345, "device_end": 1585405173.0200465}, "cmdq": 1, "read": {"device_start": -1, "device_end": -1}}, "FFC_sans_bias65": {"write": {"device_start": 1585405173.0172775, "host_queued_start": 1585405233.163383, "device_queued": 1585405173.007795, "device_end": 1585405173.017385, "host_queued_end": 1585405233.175977}, "device": "gpu", "nd_range": {"device_start": 1585405173.0173879, "device_end": 1585405173.0233471}, "cmdq": 0, "read": {"device_start": -1, "device_end": -1}}, "FFC_sans_bias67": {"write": {"device_start": -1, "host_queued_start": 1585405233.168139, "device_queued": -1, "device_end": -1, "host_queued_end": 1585405233.175977}, "device": "gpu", "nd_range": {"device_start": 1585405173.0297093, "device_end": 1585405173.0331025}, "cmdq": 1, "read": {"device_start": -1, "device_end": -1}}, "FFC_sans_bias24": {"write": {"device_start": -1, "host_queued_start": 1585405233.260259, "device_queued": -1, "device_end": -1, "host_queued_end": 1585405233.28069}, "device": "cpu", "nd_range": {"device_start": 2073008.3944540701, "device_end": 2073008.446827491}, "cmdq": 0, "read": {"device_start": -1, "device_end": -1}}, "FFC_sans_bias25": {"write": {"device_start": -1, "host_queued_start": 1585405233.27094, "device_queued": -1, "device_end": -1, "host_queued_end": 1585405233.28069}, "device": "cpu", "nd_range": {"device_start": 2073008.5833371761, "device_end": 2073008.6459353801}, "cmdq": 0, "read": {"device_start": -1, "device_end": -1}}, "FFC_sans_bias27": {"write": {"device_start": -1, "host_queued_start": 1585405233.226768, "device_queued": -1, "device_end": -1, "host_queued_end": 1585405233.28069}, "device": "cpu", "nd_range": {"device_start": 2073007.785163752, "device_end": 2073007.8465499722}, "cmdq": 1, "read": {"device_start": -1, "device_end": -1}}, "FFC_sans_bias20": {"write": {"device_start": -1, "host_queued_start": 1585405233.223475, "device_queued": -1, "device_end": -1, "host_queued_end": 1585405233.28069}, "device": "cpu", "nd_range": {"device_start": 2073007.7225530082, "device_end": 2073007.785364268}, "cmdq": 0, "read": {"device_start": -1, "device_end": -1}}, "FFC_sans_bias22": {"write": {"device_start": -1, "host_queued_start": 1585405233.256428, "device_queued": -1, "device_end": -1, "host_queued_end": 1585405233.28069}, "device": "cpu", "nd_range": {"device_start": 2073008.157545557, "device_end": 2073008.231671483}, "cmdq": 0, "read": {"device_start": -1, "device_end": -1}}, "softmax68": {"write": {"device_start": -1, "host_queued_start": 1585405233.168643, "device_queued": -1, "device_end": -1, "host_queued_end": 1585405233.175977}, "device": "gpu", "nd_range": {"device_start": 1585405173.0331042, "device_end": 1585405173.0335157}, "cmdq": 1, "read": {"device_start": -1, "device_end": -1}}, "softmax5": {"write": {"device_start": -1, "host_queued_start": 1585405233.257801, "device_queued": -1, "device_end": -1, "host_queued_end": 1585405233.28069}, "device": "cpu", "nd_range": {"device_start": 2073008.313471548, "device_end": 2073008.3144260752}, "cmdq": 0, "read": {"device_start": -1, "device_end": -1}}, "FFC_sans_bias28": {"write": {"device_start": -1, "host_queued_start": 1585405233.230041, "device_queued": -1, "device_end": -1, "host_queued_end": 1585405233.28069}, "device": "cpu", "nd_range": {"device_start": 2073007.785515424, "device_end": 2073007.863747853}, "cmdq": 0, "read": {"device_start": -1, "device_end": -1}}, "FFC_sans_bias29": {"write": {"device_start": -1, "host_queued_start": 1585405233.233336, "device_queued": -1, "device_end": -1, "host_queued_end": 1585405233.28069}, "device": "cpu", "nd_range": {"device_start": 2073007.8487564842, "device_end": 2073007.9142561771}, "cmdq": 1, "read": {"device_start": -1, "device_end": -1}}, "empty17": {"write": {"device_start": -1, "host_queued_start": 1585405233.182727, "device_queued": -1, "device_end": -1, "host_queued_end": 1585405233.28069}, "device": "cpu", "nd_range": {"device_start": 2073007.4703010381, "device_end": 2073007.4703144762}, "cmdq": 1, "read": {"device_start": -1, "device_end": -1}}, "softmax59": {"write": {"device_start": -1, "host_queued_start": 1585405233.168395, "device_queued": -1, "device_end": -1, "host_queued_end": 1585405233.175977}, "device": "gpu", "nd_range": {"device_start": 1585405173.02987, "device_end": 1585405173.0336876}, "cmdq": 0, "read": {"device_start": -1, "device_end": -1}}, "empty71": {"write": {"device_start": 1585405173.0064836, "host_queued_start": 1585405233.147115, "device_queued": 1585405173.0060933, "device_end": 1585405173.006737, "host_queued_end": 1585405233.175977}, "device": "gpu", "nd_range": {"device_start": 1585405173.006745, "device_end": 1585405173.0067494}, "cmdq": 1, "read": {"device_start": -1, "device_end": -1}}, "empty35": {"write": {"device_start": -1, "host_queued_start": 1585405233.188308, "device_queued": -1, "device_end": -1, "host_queued_end": 1585405233.28069}, "device": "cpu", "nd_range": {"device_start": 2073007.470340029, "device_end": 2073007.470341046}, "cmdq": 1, "read": {"device_start": -1, "device_end": -1}}, "empty53": {"write": {"device_start": -1, "host_queued_start": 1585405233.193757, "device_queued": -1, "device_end": -1, "host_queued_end": 1585405233.28069}, "device": "cpu", "nd_range": {"device_start": 2073007.4703467612, "device_end": 2073007.4703474822}, "cmdq": 1, "read": {"device_start": -1, "device_end": -1}}, "FFC_sans_bias46": {"write": {"device_start": -1, "host_queued_start": 1585405233.24993, "device_queued": -1, "device_end": -1, "host_queued_end": 1585405233.28069}, "device": "cpu", "nd_range": {"device_start": 2073008.0058434412, "device_end": 2073008.083822637}, "cmdq": 0, "read": {"device_start": -1, "device_end": -1}}, "coalesced_transpose66": {"write": {"device_start": -1, "host_queued_start": 1585405233.167317, "device_queued": -1, "device_end": -1, "host_queued_end": 1585405233.175977}, "device": "gpu", "nd_range": {"device_start": 1585405173.0266323, "device_end": 1585405173.0297084}, "cmdq": 1, "read": {"device_start": -1, "device_end": -1}}, "coalesced_transpose48": {"write": {"device_start": -1, "host_queued_start": 1585405233.255278, "device_queued": -1, "device_end": -1, "host_queued_end": 1585405233.28069}, "device": "cpu", "nd_range": {"device_start": 2073008.11725232, "device_end": 2073008.1183396021}, "cmdq": 1, "read": {"device_start": -1, "device_end": -1}}}