{"FFC_sans_bias60": {"write": {"device_start": -1, "host_queued_start": 1585405140.20513, "device_queued": -1, "device_end": -1, "host_queued_end": 1585405140.228523}, "device": "gpu", "nd_range": {"device_start": 1585405080.186822, "device_end": 1585405080.1901708}, "cmdq": 0, "read": {"device_start": -1, "device_end": -1}}, "FFC_sans_bias4": {"write": {"device_start": -1, "host_queued_start": 1585405140.244351, "device_queued": -1, "device_end": -1, "host_queued_end": 1585405140.248389}, "device": "cpu", "nd_range": {"device_start": 2072914.541145774, "device_end": 2072914.5842042011}, "cmdq": 0, "read": {"device_start": -1, "device_end": -1}}, "FFC_sans_bias7": {"write": {"device_start": -1, "host_queued_start": 1585405140.248335, "device_queued": -1, "device_end": -1, "host_queued_end": 1585405140.248389}, "device": "cpu", "nd_range": {"device_start": 2072914.6186052822, "device_end": 2072914.6556385292}, "cmdq": 3, "read": {"device_start": -1, "device_end": -1}}, "FFC_sans_bias6": {"write": {"device_start": -1, "host_queued_start": 1585405140.244971, "device_queued": -1, "device_end": -1, "host_queued_end": 1585405140.248389}, "device": "cpu", "nd_range": {"device_start": 2072914.5845901591, "device_end": 2072914.61858981}, "cmdq": 2, "read": {"device_start": -1, "device_end": -1}}, "FFC_sans_bias1": {"write": {"device_start": -1, "host_queued_start": 1585405140.239703, "device_queued": -1, "device_end": -1, "host_queued_end": 1585405140.248389}, "device": "cpu", "nd_range": {"device_start": 2072914.438006272, "device_end": 2072914.53537705}, "cmdq": 2, "read": {"device_start": -1, "device_end": -1}}, "FFC_sans_bias0": {"write": {"device_start": -1, "host_queued_start": 1585405140.236046, "device_queued": -1, "device_end": -1, "host_queued_end": 1585405140.248389}, "device": "cpu", "nd_range": {"device_start": 2072914.4379914862, "device_end": 2072914.5554735062}, "cmdq": 1, "read": {"device_start": -1, "device_end": -1}}, "FFC_sans_bias2": {"write": {"device_start": -1, "host_queued_start": 1585405140.243508, "device_queued": -1, "device_end": -1, "host_queued_end": 1585405140.248389}, "device": "cpu", "nd_range": {"device_start": 2072914.4380091692, "device_end": 2072914.550052968}, "cmdq": 3, "read": {"device_start": -1, "device_end": -1}}, "FFC_sans_bias61": {"write": {"device_start": 1585405080.2133589, "host_queued_start": 1585405140.225147, "device_queued": 1585405080.072797, "device_end": 1585405080.2134461, "host_queued_end": 1585405140.228523}, "device": "gpu", "nd_range": {"device_start": 1585405080.213455, "device_end": 1585405080.216763}, "cmdq": 0, "read": {"device_start": 1585405080.216765, "device_end": 1585405080.2168505}}, "FFC_sans_bias52": {"write": {"device_start": 1585405080.209476, "host_queued_start": 1585405140.221857, "device_queued": 1585405080.0725293, "device_end": 1585405080.2095633, "host_queued_end": 1585405140.228523}, "device": "gpu", "nd_range": {"device_start": 1585405080.2095702, "device_end": 1585405080.2128782}, "cmdq": 0, "read": {"device_start": 1585405080.2128801, "device_end": 1585405080.2129653}}, "FFC_sans_bias9": {"write": {"device_start": 1585405080.064093, "host_queued_start": 1585405140.130797, "device_queued": 1585405080.0627902, "device_end": 1585405080.0642152, "host_queued_end": 1585405140.228523}, "device": "gpu", "nd_range": {"device_start": 1585405080.064225, "device_end": 1585405080.0676198}, "cmdq": 0, "read": {"device_start": -1, "device_end": -1}}, "coalesced_transpose39": {"write": {"device_start": -1, "host_queued_start": 1585405140.198227, "device_queued": -1, "device_end": -1, "host_queued_end": 1585405140.228523}, "device": "gpu", "nd_range": {"device_start": 1585405080.1428816, "device_end": 1585405080.1428995}, "cmdq": 0, "read": {"device_start": -1, "device_end": -1}}, "FFC_sans_bias55": {"write": {"device_start": 1585405080.1281474, "host_queued_start": 1585405140.187142, "device_queued": 1585405080.0671687, "device_end": 1585405080.1282396, "host_queued_end": 1585405140.228523}, "device": "gpu", "nd_range": {"device_start": 1585405080.128242, "device_end": 1585405080.1316593}, "cmdq": 0, "read": {"device_start": -1, "device_end": -1}}, "FFC_sans_bias54": {"write": {"device_start": 1585405080.1244302, "host_queued_start": 1585405140.183892, "device_queued": 1585405080.0669453, "device_end": 1585405080.124522, "host_queued_end": 1585405140.228523}, "device": "gpu", "nd_range": {"device_start": 1585405080.1245248, "device_end": 1585405080.1279223}, "cmdq": 0, "read": {"device_start": -1, "device_end": -1}}, "FFC_sans_bias56": {"write": {"device_start": 1585405080.1207027, "host_queued_start": 1585405140.180591, "device_queued": 1585405080.066729, "device_end": 1585405080.1207917, "host_queued_end": 1585405140.228523}, "device": "gpu", "nd_range": {"device_start": 1585405080.1207976, "device_end": 1585405080.1242075}, "cmdq": 0, "read": {"device_start": -1, "device_end": -1}}, "FFC_sans_bias51": {"write": {"device_start": -1, "host_queued_start": 1585405140.204811, "device_queued": -1, "device_end": -1, "host_queued_end": 1585405140.228523}, "device": "gpu", "nd_range": {"device_start": 1585405080.1834793, "device_end": 1585405080.186821}, "cmdq": 0, "read": {"device_start": -1, "device_end": -1}}, "softmax23": {"write": {"device_start": -1, "host_queued_start": 1585405140.201925, "device_queued": -1, "device_end": -1, "host_queued_end": 1585405140.228523}, "device": "gpu", "nd_range": {"device_start": 1585405080.1675634, "device_end": 1585405080.1679847}, "cmdq": 0, "read": {"device_start": -1, "device_end": -1}}, "FFC_sans_bias37": {"write": {"device_start": 1585405080.1020486, "host_queued_start": 1585405140.164149, "device_queued": 1585405080.065604, "device_end": 1585405080.1021447, "host_queued_end": 1585405140.228523}, "device": "gpu", "nd_range": {"device_start": 1585405080.1021504, "device_end": 1585405080.1055737}, "cmdq": 0, "read": {"device_start": -1, "device_end": -1}}, "empty62": {"write": {"device_start": 1585405080.0633607, "host_queued_start": 1585405140.125358, "device_queued": 1585405080.0623755, "device_end": 1585405080.0634544, "host_queued_end": 1585405140.228523}, "device": "gpu", "nd_range": {"device_start": 1585405080.0634606, "device_end": 1585405080.063464}, "cmdq": 0, "read": {"device_start": -1, "device_end": -1}}, "FFC_sans_bias70": {"write": {"device_start": 1585405080.217245, "host_queued_start": 1585405140.228413, "device_queued": 1585405080.0730643, "device_end": 1585405080.2173338, "host_queued_end": 1585405140.228523}, "device": "gpu", "nd_range": {"device_start": 1585405080.2173393, "device_end": 1585405080.2206488}, "cmdq": 0, "read": {"device_start": 1585405080.220657, "device_end": 1585405080.2207413}}, "FFC_sans_bias58": {"write": {"device_start": -1, "host_queued_start": 1585405140.201079, "device_queued": -1, "device_end": -1, "host_queued_end": 1585405140.228523}, "device": "gpu", "nd_range": {"device_start": 1585405080.1599967, "device_end": 1585405080.1634042}, "cmdq": 0, "read": {"device_start": -1, "device_end": -1}}, "softmax41": {"write": {"device_start": -1, "host_queued_start": 1585405140.202434, "device_queued": -1, "device_end": -1, "host_queued_end": 1585405140.228523}, "device": "gpu", "nd_range": {"device_start": 1585405080.1684072, "device_end": 1585405080.1688282}, "cmdq": 0, "read": {"device_start": -1, "device_end": -1}}, "FFC_sans_bias11": {"write": {"device_start": 1585405080.0717099, "host_queued_start": 1585405140.137489, "device_queued": 1585405080.0634916, "device_end": 1585405080.071805, "host_queued_end": 1585405140.228523}, "device": "gpu", "nd_range": {"device_start": 1585405080.0718076, "device_end": 1585405080.075225}, "cmdq": 0, "read": {"device_start": -1, "device_end": -1}}, "FFC_sans_bias10": {"write": {"device_start": 1585405080.0679157, "host_queued_start": 1585405140.134081, "device_queued": 1585405080.0631037, "device_end": 1585405080.0680082, "host_queued_end": 1585405140.228523}, "device": "gpu", "nd_range": {"device_start": 1585405080.0680156, "device_end": 1585405080.0713975}, "cmdq": 0, "read": {"device_start": -1, "device_end": -1}}, "coalesced_transpose3": {"write": {"device_start": -1, "host_queued_start": 1585405140.243979, "device_queued": -1, "device_end": -1, "host_queued_end": 1585405140.248389}, "device": "cpu", "nd_range": {"device_start": 2072914.5355947632, "device_end": 2072914.5400720222}, "cmdq": 4, "read": {"device_start": -1, "device_end": -1}}, "FFC_sans_bias34": {"write": {"device_start": 1585405080.2016516, "host_queued_start": 1585405140.215302, "device_queued": 1585405080.0719876, "device_end": 1585405080.2017398, "host_queued_end": 1585405140.228523}, "device": "gpu", "nd_range": {"device_start": 1585405080.2017467, "device_end": 1585405080.2050657}, "cmdq": 0, "read": {"device_start": 1585405080.2050726, "device_end": 1585405080.2051587}}, "FFC_sans_bias15": {"write": {"device_start": -1, "host_queued_start": 1585405140.203549, "device_queued": -1, "device_end": -1, "host_queued_end": 1585405140.228523}, "device": "gpu", "nd_range": {"device_start": 1585405080.1700919, "device_end": 1585405080.1734293}, "cmdq": 0, "read": {"device_start": -1, "device_end": -1}}, "FFC_sans_bias31": {"write": {"device_start": -1, "host_queued_start": 1585405140.200116, "device_queued": -1, "device_end": -1, "host_queued_end": 1585405140.228523}, "device": "gpu", "nd_range": {"device_start": 1585405080.1497731, "device_end": 1585405080.153175}, "cmdq": 0, "read": {"device_start": -1, "device_end": -1}}, "FFC_sans_bias16": {"write": {"device_start": 1585405080.1937642, "host_queued_start": 1585405140.208737, "device_queued": 1585405080.071318, "device_end": 1585405080.1938586, "host_queued_end": 1585405140.228523}, "device": "gpu", "nd_range": {"device_start": 1585405080.193863, "device_end": 1585405080.19718}, "cmdq": 0, "read": {"device_start": 1585405080.1971884, "device_end": 1585405080.1972766}}, "FFC_sans_bias19": {"write": {"device_start": 1585405080.0793035, "host_queued_start": 1585405140.144363, "device_queued": 1585405080.0642526, "device_end": 1585405080.079399, "host_queued_end": 1585405140.228523}, "device": "gpu", "nd_range": {"device_start": 1585405080.0794053, "device_end": 1585405080.0828161}, "cmdq": 0, "read": {"device_start": -1, "device_end": -1}}, "FFC_sans_bias18": {"write": {"device_start": 1585405080.0755005, "host_queued_start": 1585405140.140814, "device_queued": 1585405080.0638156, "device_end": 1585405080.0755937, "host_queued_end": 1585405140.228523}, "device": "gpu", "nd_range": {"device_start": 1585405080.0756004, "device_end": 1585405080.0790205}, "cmdq": 0, "read": {"device_start": -1, "device_end": -1}}, "coalesced_transpose30": {"write": {"device_start": -1, "host_queued_start": 1585405140.197926, "device_queued": -1, "device_end": -1, "host_queued_end": 1585405140.228523}, "device": "gpu", "nd_range": {"device_start": 1585405080.1428623, "device_end": 1585405080.1428804}, "cmdq": 0, "read": {"device_start": -1, "device_end": -1}}, "FFC_sans_bias69": {"write": {"device_start": -1, "host_queued_start": 1585405140.205447, "device_queued": -1, "device_end": -1, "host_queued_end": 1585405140.228523}, "device": "gpu", "nd_range": {"device_start": 1585405080.1901717, "device_end": 1585405080.1935174}, "cmdq": 0, "read": {"device_start": -1, "device_end": -1}}, "FFC_sans_bias38": {"write": {"device_start": 1585405080.1057975, "host_queued_start": 1585405140.167426, "device_queued": 1585405080.0658119, "device_end": 1585405080.1058898, "host_queued_end": 1585405140.228523}, "device": "gpu", "nd_range": {"device_start": 1585405080.1058931, "device_end": 1585405080.1093054}, "cmdq": 0, "read": {"device_start": -1, "device_end": -1}}, "coalesced_transpose57": {"write": {"device_start": -1, "host_queued_start": 1585405140.198852, "device_queued": -1, "device_end": -1, "host_queued_end": 1585405140.228523}, "device": "gpu", "nd_range": {"device_start": 1585405080.1429205, "device_end": 1585405080.1429384}, "cmdq": 0, "read": {"device_start": -1, "device_end": -1}}, "empty26": {"write": {"device_start": 1585405080.0618205, "host_queued_start": 1585405140.114917, "device_queued": 1585405080.0613668, "device_end": 1585405080.0619154, "host_queued_end": 1585405140.228523}, "device": "gpu", "nd_range": {"device_start": 1585405080.061918, "device_end": 1585405080.061922}, "cmdq": 0, "read": {"device_start": -1, "device_end": -1}}, "coalesced_transpose12": {"write": {"device_start": -1, "host_queued_start": 1585405140.197303, "device_queued": -1, "device_end": -1, "host_queued_end": 1585405140.228523}, "device": "gpu", "nd_range": {"device_start": 1585405080.1428232, "device_end": 1585405080.142842}, "cmdq": 0, "read": {"device_start": -1, "device_end": -1}}, "empty44": {"write": {"device_start": 1585405080.0626163, "host_queued_start": 1585405140.120129, "device_queued": 1585405080.061957, "device_end": 1585405080.0627112, "host_queued_end": 1585405140.228523}, "device": "gpu", "nd_range": {"device_start": 1585405080.0627172, "device_end": 1585405080.0627203}, "cmdq": 0, "read": {"device_start": -1, "device_end": -1}}, "coalesced_transpose21": {"write": {"device_start": -1, "host_queued_start": 1585405140.197609, "device_queued": -1, "device_end": -1, "host_queued_end": 1585405140.228523}, "device": "gpu", "nd_range": {"device_start": 1585405080.142843, "device_end": 1585405080.1428614}, "cmdq": 0, "read": {"device_start": -1, "device_end": -1}}, "FFC_sans_bias36": {"write": {"device_start": 1585405080.0983047, "host_queued_start": 1585405140.160824, "device_queued": 1585405080.0653877, "device_end": 1585405080.0983953, "host_queued_end": 1585405140.228523}, "device": "gpu", "nd_range": {"device_start": 1585405080.0984006, "device_end": 1585405080.101821}, "cmdq": 0, "read": {"device_start": -1, "device_end": -1}}, "softmax14": {"write": {"device_start": -1, "host_queued_start": 1585405140.201673, "device_queued": -1, "device_end": -1, "host_queued_end": 1585405140.228523}, "device": "gpu", "nd_range": {"device_start": 1585405080.1671412, "device_end": 1585405080.1675622}, "cmdq": 0, "read": {"device_start": -1, "device_end": -1}}, "FFC_sans_bias13": {"write": {"device_start": -1, "host_queued_start": 1585405140.199477, "device_queued": -1, "device_end": -1, "host_queued_end": 1585405140.228523}, "device": "gpu", "nd_range": {"device_start": 1585405080.1429598, "device_end": 1585405080.1463592}, "cmdq": 0, "read": {"device_start": -1, "device_end": -1}}, "empty8": {"write": {"device_start": -1, "host_queued_start": 1585405140.23274, "device_queued": -1, "device_end": -1, "host_queued_end": 1585405140.248389}, "device": "cpu", "nd_range": {"device_start": 2072914.4379662462, "device_end": 2072914.437977984}, "cmdq": 0, "read": {"device_start": -1, "device_end": -1}}, "FFC_sans_bias42": {"write": {"device_start": -1, "host_queued_start": 1585405140.204496, "device_queued": -1, "device_end": -1, "host_queued_end": 1585405140.228523}, "device": "gpu", "nd_range": {"device_start": 1585405080.1801295, "device_end": 1585405080.1834784}, "cmdq": 0, "read": {"device_start": -1, "device_end": -1}}, "FFC_sans_bias43": {"write": {"device_start": 1585405080.2055674, "host_queued_start": 1585405140.218557, "device_queued": 1585405080.0722616, "device_end": 1585405080.2056556, "host_queued_end": 1585405140.228523}, "device": "gpu", "nd_range": {"device_start": 1585405080.2056644, "device_end": 1585405080.2089846}, "cmdq": 0, "read": {"device_start": 1585405080.2089906, "device_end": 1585405080.2090752}}, "FFC_sans_bias40": {"write": {"device_start": -1, "host_queued_start": 1585405140.200434, "device_queued": -1, "device_end": -1, "host_queued_end": 1585405140.228523}, "device": "gpu", "nd_range": {"device_start": 1585405080.153176, "device_end": 1585405080.1565726}, "cmdq": 0, "read": {"device_start": -1, "device_end": -1}}, "softmax32": {"write": {"device_start": -1, "host_queued_start": 1585405140.202187, "device_queued": -1, "device_end": -1, "host_queued_end": 1585405140.228523}, "device": "gpu", "nd_range": {"device_start": 1585405080.1679857, "device_end": 1585405080.168406}, "cmdq": 0, "read": {"device_start": -1, "device_end": -1}}, "FFC_sans_bias47": {"write": {"device_start": 1585405080.1169755, "host_queued_start": 1585405140.177312, "device_queued": 1585405080.0664794, "device_end": 1585405080.1170666, "host_queued_end": 1585405140.228523}, "device": "gpu", "nd_range": {"device_start": 1585405080.1170695, "device_end": 1585405080.1204786}, "cmdq": 0, "read": {"device_start": -1, "device_end": -1}}, "FFC_sans_bias45": {"write": {"device_start": 1585405080.1095238, "host_queued_start": 1585405140.170725, "device_queued": 1585405080.0660245, "device_end": 1585405080.1096148, "host_queued_end": 1585405140.228523}, "device": "gpu", "nd_range": {"device_start": 1585405080.109618, "device_end": 1585405080.1130323}, "cmdq": 0, "read": {"device_start": -1, "device_end": -1}}, "softmax50": {"write": {"device_start": -1, "host_queued_start": 1585405140.202691, "device_queued": -1, "device_end": -1, "host_queued_end": 1585405140.228523}, "device": "gpu", "nd_range": {"device_start": 1585405080.1688292, "device_end": 1585405080.1692488}, "cmdq": 0, "read": {"device_start": -1, "device_end": -1}}, "FFC_sans_bias33": {"write": {"device_start": -1, "host_queued_start": 1585405140.204179, "device_queued": -1, "device_end": -1, "host_queued_end": 1585405140.228523}, "device": "gpu", "nd_range": {"device_start": 1585405080.176774, "device_end": 1585405080.1801286}, "cmdq": 0, "read": {"device_start": -1, "device_end": -1}}, "FFC_sans_bias63": {"write": {"device_start": 1585405080.1393232, "host_queued_start": 1585405140.196963, "device_queued": 1585405080.0680175, "device_end": 1585405080.1394136, "host_queued_end": 1585405140.228523}, "device": "gpu", "nd_range": {"device_start": 1585405080.139417, "device_end": 1585405080.1428218}, "cmdq": 0, "read": {"device_start": -1, "device_end": -1}}, "FFC_sans_bias49": {"write": {"device_start": -1, "host_queued_start": 1585405140.20075, "device_queued": -1, "device_end": -1, "host_queued_end": 1585405140.228523}, "device": "gpu", "nd_range": {"device_start": 1585405080.1565735, "device_end": 1585405080.1599958}, "cmdq": 0, "read": {"device_start": -1, "device_end": -1}}, "FFC_sans_bias64": {"write": {"device_start": 1585405080.1318808, "host_queued_start": 1585405140.190417, "device_queued": 1585405080.0674002, "device_end": 1585405080.1319692, "host_queued_end": 1585405140.228523}, "device": "gpu", "nd_range": {"device_start": 1585405080.1319754, "device_end": 1585405080.135379}, "cmdq": 0, "read": {"device_start": -1, "device_end": -1}}, "FFC_sans_bias65": {"write": {"device_start": 1585405080.1355917, "host_queued_start": 1585405140.1937, "device_queued": 1585405080.0676599, "device_end": 1585405080.135679, "host_queued_end": 1585405140.228523}, "device": "gpu", "nd_range": {"device_start": 1585405080.1356845, "device_end": 1585405080.1391044}, "cmdq": 0, "read": {"device_start": -1, "device_end": -1}}, "FFC_sans_bias67": {"write": {"device_start": -1, "host_queued_start": 1585405140.201409, "device_queued": -1, "device_end": -1, "host_queued_end": 1585405140.228523}, "device": "gpu", "nd_range": {"device_start": 1585405080.1634052, "device_end": 1585405080.1671402}, "cmdq": 0, "read": {"device_start": -1, "device_end": -1}}, "FFC_sans_bias24": {"write": {"device_start": -1, "host_queued_start": 1585405140.203863, "device_queued": -1, "device_end": -1, "host_queued_end": 1585405140.228523}, "device": "gpu", "nd_range": {"device_start": 1585405080.1734307, "device_end": 1585405080.176773}, "cmdq": 0, "read": {"device_start": -1, "device_end": -1}}, "FFC_sans_bias25": {"write": {"device_start": 1585405080.1977174, "host_queued_start": 1585405140.212012, "device_queued": 1585405080.0716643, "device_end": 1585405080.1978095, "host_queued_end": 1585405140.228523}, "device": "gpu", "nd_range": {"device_start": 1585405080.1978126, "device_end": 1585405080.2011354}, "cmdq": 0, "read": {"device_start": 1585405080.2011385, "device_end": 1585405080.2012258}}, "FFC_sans_bias27": {"write": {"device_start": 1585405080.0870898, "host_queued_start": 1585405140.150947, "device_queued": 1585405080.0646994, "device_end": 1585405080.0871856, "host_queued_end": 1585405140.228523}, "device": "gpu", "nd_range": {"device_start": 1585405080.0871885, "device_end": 1585405080.0905921}, "cmdq": 0, "read": {"device_start": -1, "device_end": -1}}, "FFC_sans_bias20": {"write": {"device_start": 1585405080.0833023, "host_queued_start": 1585405140.147674, "device_queued": 1585405080.0644736, "device_end": 1585405080.0834033, "host_queued_end": 1585405140.228523}, "device": "gpu", "nd_range": {"device_start": 1585405080.0834062, "device_end": 1585405080.0868282}, "cmdq": 0, "read": {"device_start": -1, "device_end": -1}}, "FFC_sans_bias22": {"write": {"device_start": -1, "host_queued_start": 1585405140.199797, "device_queued": -1, "device_end": -1, "host_queued_end": 1585405140.228523}, "device": "gpu", "nd_range": {"device_start": 1585405080.1463602, "device_end": 1585405080.1497722}, "cmdq": 0, "read": {"device_start": -1, "device_end": -1}}, "softmax68": {"write": {"device_start": -1, "host_queued_start": 1585405140.203223, "device_queued": -1, "device_end": -1, "host_queued_end": 1585405140.228523}, "device": "gpu", "nd_range": {"device_start": 1585405080.169671, "device_end": 1585405080.170091}, "cmdq": 0, "read": {"device_start": -1, "device_end": -1}}, "softmax5": {"write": {"device_start": -1, "host_queued_start": 1585405140.244631, "device_queued": -1, "device_end": -1, "host_queued_end": 1585405140.248389}, "device": "cpu", "nd_range": {"device_start": 2072914.58422932, "device_end": 2072914.5845786722}, "cmdq": 1, "read": {"device_start": -1, "device_end": -1}}, "FFC_sans_bias28": {"write": {"device_start": 1585405080.0908277, "host_queued_start": 1585405140.154218, "device_queued": 1585405080.0649433, "device_end": 1585405080.0909207, "host_queued_end": 1585405140.228523}, "device": "gpu", "nd_range": {"device_start": 1585405080.0909238, "device_end": 1585405080.0943444}, "cmdq": 0, "read": {"device_start": -1, "device_end": -1}}, "FFC_sans_bias29": {"write": {"device_start": 1585405080.0945807, "host_queued_start": 1585405140.157546, "device_queued": 1585405080.065165, "device_end": 1585405080.0946724, "host_queued_end": 1585405140.228523}, "device": "gpu", "nd_range": {"device_start": 1585405080.0946755, "device_end": 1585405080.0980785}, "cmdq": 0, "read": {"device_start": -1, "device_end": -1}}, "empty17": {"write": {"device_start": 1585405080.0613968, "host_queued_start": 1585405140.111516, "device_queued": 1585405080.061051, "device_end": 1585405080.0615005, "host_queued_end": 1585405140.228523}, "device": "gpu", "nd_range": {"device_start": 1585405080.0615058, "device_end": 1585405080.06151}, "cmdq": 0, "read": {"device_start": -1, "device_end": -1}}, "softmax59": {"write": {"device_start": -1, "host_queued_start": 1585405140.202943, "device_queued": -1, "device_end": -1, "host_queued_end": 1585405140.228523}, "device": "gpu", "nd_range": {"device_start": 1585405080.1692498, "device_end": 1585405080.1696696}, "cmdq": 0, "read": {"device_start": -1, "device_end": -1}}, "empty71": {"write": {"device_start": 1585405080.063713, "host_queued_start": 1585405140.127976, "device_queued": 1585405080.0625713, "device_end": 1585405080.063807, "host_queued_end": 1585405140.228523}, "device": "gpu", "nd_range": {"device_start": 1585405080.063817, "device_end": 1585405080.0638204}, "cmdq": 0, "read": {"device_start": -1, "device_end": -1}}, "empty35": {"write": {"device_start": 1585405080.0622008, "host_queued_start": 1585405140.117505, "device_queued": 1585405080.0616424, "device_end": 1585405080.062297, "host_queued_end": 1585405140.228523}, "device": "gpu", "nd_range": {"device_start": 1585405080.0623026, "device_end": 1585405080.0623057}, "cmdq": 0, "read": {"device_start": -1, "device_end": -1}}, "empty53": {"write": {"device_start": 1585405080.0629983, "host_queued_start": 1585405140.122769, "device_queued": 1585405080.062155, "device_end": 1585405080.0630922, "host_queued_end": 1585405140.228523}, "device": "gpu", "nd_range": {"device_start": 1585405080.0631013, "device_end": 1585405080.0631046}, "cmdq": 0, "read": {"device_start": -1, "device_end": -1}}, "FFC_sans_bias46": {"write": {"device_start": 1585405080.1132553, "host_queued_start": 1585405140.174027, "device_queued": 1585405080.0662475, "device_end": 1585405080.1133516, "host_queued_end": 1585405140.228523}, "device": "gpu", "nd_range": {"device_start": 1585405080.1133544, "device_end": 1585405080.1167514}, "cmdq": 0, "read": {"device_start": -1, "device_end": -1}}, "coalesced_transpose66": {"write": {"device_start": -1, "host_queued_start": 1585405140.199153, "device_queued": -1, "device_end": -1, "host_queued_end": 1585405140.228523}, "device": "gpu", "nd_range": {"device_start": 1585405080.1429403, "device_end": 1585405080.1429586}, "cmdq": 0, "read": {"device_start": -1, "device_end": -1}}, "coalesced_transpose48": {"write": {"device_start": -1, "host_queued_start": 1585405140.198532, "device_queued": -1, "device_end": -1, "host_queued_end": 1585405140.228523}, "device": "gpu", "nd_range": {"device_start": 1585405080.142901, "device_end": 1585405080.1429195}, "cmdq": 0, "read": {"device_start": -1, "device_end": -1}}}