{"FFC_sans_bias60": {"write": {"device_start": -1, "host_queued_start": 1585578146.003534, "device_queued": -1, "device_end": -1, "host_queued_end": 1585578146.007845}, "device": "gpu", "nd_range": {"device_start": 1585578080.8347533, "device_end": 1585578080.8349352}, "cmdq": 0, "read": {"device_start": -1, "device_end": -1}}, "FFC_sans_bias4": {"write": {"device_start": -1, "host_queued_start": 1585578146.015996, "device_queued": -1, "device_end": -1, "host_queued_end": 1585578146.020056}, "device": "cpu", "nd_range": {"device_start": 2245920.2164226864, "device_end": 2245920.217165151}, "cmdq": 0, "read": {"device_start": -1, "device_end": -1}}, "FFC_sans_bias7": {"write": {"device_start": -1, "host_queued_start": 1585578146.019025, "device_queued": -1, "device_end": -1, "host_queued_end": 1585578146.020056}, "device": "cpu", "nd_range": {"device_start": 2245920.2212850093, "device_end": 2245920.222023975}, "cmdq": 0, "read": {"device_start": -1, "device_end": -1}}, "FFC_sans_bias6": {"write": {"device_start": -1, "host_queued_start": 1585578146.017841, "device_queued": -1, "device_end": -1, "host_queued_end": 1585578146.020056}, "device": "cpu", "nd_range": {"device_start": 2245920.218927185, "device_end": 2245920.219769806}, "cmdq": 0, "read": {"device_start": -1, "device_end": -1}}, "FFC_sans_bias1": {"write": {"device_start": -1, "host_queued_start": 1585578146.010791, "device_queued": -1, "device_end": -1, "host_queued_end": 1585578146.020056}, "device": "cpu", "nd_range": {"device_start": 2245920.210719698, "device_end": 2245920.211298463}, "cmdq": 0, "read": {"device_start": -1, "device_end": -1}}, "FFC_sans_bias0": {"write": {"device_start": -1, "host_queued_start": 1585578146.010237, "device_queued": -1, "device_end": -1, "host_queued_end": 1585578146.020056}, "device": "cpu", "nd_range": {"device_start": 2245920.209665196, "device_end": 2245920.2107084203}, "cmdq": 0, "read": {"device_start": -1, "device_end": -1}}, "FFC_sans_bias2": {"write": {"device_start": -1, "host_queued_start": 1585578146.011355, "device_queued": -1, "device_end": -1, "host_queued_end": 1585578146.020056}, "device": "cpu", "nd_range": {"device_start": 2245920.211310152, "device_end": 2245920.2119281082}, "cmdq": 0, "read": {"device_start": -1, "device_end": -1}}, "FFC_sans_bias61": {"write": {"device_start": 1585578080.8354106, "host_queued_start": 1585578146.00717, "device_queued": 1585578080.8341904, "device_end": 1585578080.835419, "host_queued_end": 1585578146.007845}, "device": "gpu", "nd_range": {"device_start": 1585578080.8354204, "device_end": 1585578080.835534}, "cmdq": 1, "read": {"device_start": 1585578080.835544, "device_end": 1585578080.8355508}}, "FFC_sans_bias52": {"write": {"device_start": 1585578080.8351564, "host_queued_start": 1585578146.006565, "device_queued": 1585578080.8341315, "device_end": 1585578080.8351648, "host_queued_end": 1585578146.007845}, "device": "gpu", "nd_range": {"device_start": 1585578080.835166, "device_end": 1585578080.8354354}, "cmdq": 0, "read": {"device_start": 1585578080.8354478, "device_end": 1585578080.835457}}, "FFC_sans_bias9": {"write": {"device_start": -1, "host_queued_start": 1585578146.011895, "device_queued": -1, "device_end": -1, "host_queued_end": 1585578146.020056}, "device": "cpu", "nd_range": {"device_start": 2245920.211934322, "device_end": 2245920.212543988}, "cmdq": 0, "read": {"device_start": -1, "device_end": -1}}, "coalesced_transpose39": {"write": {"device_start": -1, "host_queued_start": 1585578145.998296, "device_queued": -1, "device_end": -1, "host_queued_end": 1585578146.007845}, "device": "gpu", "nd_range": {"device_start": 1585578080.834126, "device_end": 1585578080.834132}, "cmdq": 1, "read": {"device_start": -1, "device_end": -1}}, "FFC_sans_bias55": {"write": {"device_start": 1585578080.8335886, "host_queued_start": 1585578145.996262, "device_queued": 1585578080.8333395, "device_end": 1585578080.8335996, "host_queued_end": 1585578146.007845}, "device": "gpu", "nd_range": {"device_start": 1585578080.8336008, "device_end": 1585578080.8337178}, "cmdq": 0, "read": {"device_start": -1, "device_end": -1}}, "FFC_sans_bias54": {"write": {"device_start": 1585578080.8336573, "host_queued_start": 1585578145.995772, "device_queued": 1585578080.8333054, "device_end": 1585578080.8336658, "host_queued_end": 1585578146.007845}, "device": "gpu", "nd_range": {"device_start": 1585578080.8336668, "device_end": 1585578080.833778}, "cmdq": 1, "read": {"device_start": -1, "device_end": -1}}, "FFC_sans_bias56": {"write": {"device_start": 1585578080.8334377, "host_queued_start": 1585578145.995282, "device_queued": 1585578080.83327, "device_end": 1585578080.833447, "host_queued_end": 1585578146.007845}, "device": "gpu", "nd_range": {"device_start": 1585578080.8334482, "device_end": 1585578080.8335848}, "cmdq": 0, "read": {"device_start": -1, "device_end": -1}}, "FFC_sans_bias51": {"write": {"device_start": -1, "host_queued_start": 1585578146.003048, "device_queued": -1, "device_end": -1, "host_queued_end": 1585578146.007845}, "device": "gpu", "nd_range": {"device_start": 1585578080.8348513, "device_end": 1585578080.8349612}, "cmdq": 1, "read": {"device_start": -1, "device_end": -1}}, "softmax23": {"write": {"device_start": -1, "host_queued_start": 1585578146.01751, "device_queued": -1, "device_end": -1, "host_queued_end": 1585578146.020056}, "device": "cpu", "nd_range": {"device_start": 2245920.2188994354, "device_end": 2245920.218921006}, "cmdq": 0, "read": {"device_start": -1, "device_end": -1}}, "FFC_sans_bias37": {"write": {"device_start": 1585578080.833237, "host_queued_start": 1585578145.992687, "device_queued": 1585578080.832958, "device_end": 1585578080.8332477, "host_queued_end": 1585578146.007845}, "device": "gpu", "nd_range": {"device_start": 1585578080.833249, "device_end": 1585578080.8333724}, "cmdq": 1, "read": {"device_start": -1, "device_end": -1}}, "empty62": {"write": {"device_start": 1585578080.8327873, "host_queued_start": 1585578145.989793, "device_queued": 1585578080.8327036, "device_end": 1585578080.8327963, "host_queued_end": 1585578146.007845}, "device": "gpu", "nd_range": {"device_start": 1585578080.8327973, "device_end": 1585578080.8328023}, "cmdq": 1, "read": {"device_start": -1, "device_end": -1}}, "FFC_sans_bias70": {"write": {"device_start": 1585578080.835522, "host_queued_start": 1585578146.007732, "device_queued": 1585578080.8342655, "device_end": 1585578080.8355303, "host_queued_end": 1585578146.007845}, "device": "gpu", "nd_range": {"device_start": 1585578080.8355315, "device_end": 1585578080.835639}, "cmdq": 0, "read": {"device_start": 1585578080.8356457, "device_end": 1585578080.8356524}}, "FFC_sans_bias58": {"write": {"device_start": -1, "host_queued_start": 1585578146.000311, "device_queued": -1, "device_end": -1, "host_queued_end": 1585578146.007845}, "device": "gpu", "nd_range": {"device_start": 1585578080.8342612, "device_end": 1585578080.8343716}, "cmdq": 0, "read": {"device_start": -1, "device_end": -1}}, "softmax41": {"write": {"device_start": -1, "host_queued_start": 1585578146.001154, "device_queued": -1, "device_end": -1, "host_queued_end": 1585578146.007845}, "device": "gpu", "nd_range": {"device_start": 1585578080.8345587, "device_end": 1585578080.8346307}, "cmdq": 1, "read": {"device_start": -1, "device_end": -1}}, "FFC_sans_bias11": {"write": {"device_start": -1, "host_queued_start": 1585578146.01296, "device_queued": -1, "device_end": -1, "host_queued_end": 1585578146.020056}, "device": "cpu", "nd_range": {"device_start": 2245920.213280859, "device_end": 2245920.213827439}, "cmdq": 0, "read": {"device_start": -1, "device_end": -1}}, "FFC_sans_bias10": {"write": {"device_start": -1, "host_queued_start": 1585578146.012421, "device_queued": -1, "device_end": -1, "host_queued_end": 1585578146.020056}, "device": "cpu", "nd_range": {"device_start": 2245920.2125499044, "device_end": 2245920.213134393}, "cmdq": 0, "read": {"device_start": -1, "device_end": -1}}, "coalesced_transpose3": {"write": {"device_start": -1, "host_queued_start": 1585578146.014922, "device_queued": -1, "device_end": -1, "host_queued_end": 1585578146.020056}, "device": "cpu", "nd_range": {"device_start": 2245920.21597967, "device_end": 2245920.216017431}, "cmdq": 0, "read": {"device_start": -1, "device_end": -1}}, "FFC_sans_bias34": {"write": {"device_start": 1585578080.834937, "host_queued_start": 1585578146.004992, "device_queued": 1585578080.834005, "device_end": 1585578080.834946, "host_queued_end": 1585578146.007845}, "device": "gpu", "nd_range": {"device_start": 1585578080.8349469, "device_end": 1585578080.8350549}, "cmdq": 0, "read": {"device_start": 1585578080.8350651, "device_end": 1585578080.8350742}}, "FFC_sans_bias15": {"write": {"device_start": -1, "host_queued_start": 1585578146.018156, "device_queued": -1, "device_end": -1, "host_queued_end": 1585578146.020056}, "device": "cpu", "nd_range": {"device_start": 2245920.21977903, "device_end": 2245920.2205282003}, "cmdq": 0, "read": {"device_start": -1, "device_end": -1}}, "FFC_sans_bias31": {"write": {"device_start": -1, "host_queued_start": 1585578145.999446, "device_queued": -1, "device_end": -1, "host_queued_end": 1585578146.007845}, "device": "gpu", "nd_range": {"device_start": 1585578080.8341537, "device_end": 1585578080.834339}, "cmdq": 1, "read": {"device_start": -1, "device_end": -1}}, "FFC_sans_bias16": {"write": {"device_start": -1, "host_queued_start": 1585578146.019519, "device_queued": -1, "device_end": -1, "host_queued_end": 1585578146.020056}, "device": "cpu", "nd_range": {"device_start": 2245920.222029215, "device_end": 2245920.2227615924}, "cmdq": 0, "read": {"device_start": -1, "device_end": -1}}, "FFC_sans_bias19": {"write": {"device_start": -1, "host_queued_start": 1585578146.014021, "device_queued": -1, "device_end": -1, "host_queued_end": 1585578146.020056}, "device": "cpu", "nd_range": {"device_start": 2245920.214652834, "device_end": 2245920.2152047274}, "cmdq": 0, "read": {"device_start": -1, "device_end": -1}}, "FFC_sans_bias18": {"write": {"device_start": -1, "host_queued_start": 1585578146.013484, "device_queued": -1, "device_end": -1, "host_queued_end": 1585578146.020056}, "device": "cpu", "nd_range": {"device_start": 2245920.213970606, "device_end": 2245920.214516799}, "cmdq": 0, "read": {"device_start": -1, "device_end": -1}}, "coalesced_transpose30": {"write": {"device_start": -1, "host_queued_start": 1585578145.998034, "device_queued": -1, "device_end": -1, "host_queued_end": 1585578146.007845}, "device": "gpu", "nd_range": {"device_start": 1585578080.833875, "device_end": 1585578080.8338847}, "cmdq": 0, "read": {"device_start": -1, "device_end": -1}}, "FFC_sans_bias69": {"write": {"device_start": -1, "host_queued_start": 1585578146.004042, "device_queued": -1, "device_end": -1, "host_queued_end": 1585578146.007845}, "device": "gpu", "nd_range": {"device_start": 1585578080.8349636, "device_end": 1585578080.8351185}, "cmdq": 1, "read": {"device_start": -1, "device_end": -1}}, "FFC_sans_bias38": {"write": {"device_start": 1585578080.8331542, "host_queued_start": 1585578145.993294, "device_queued": 1585578080.8330007, "device_end": 1585578080.8331628, "host_queued_end": 1585578146.007845}, "device": "gpu", "nd_range": {"device_start": 1585578080.8331645, "device_end": 1585578080.8332913}, "cmdq": 0, "read": {"device_start": -1, "device_end": -1}}, "coalesced_transpose57": {"write": {"device_start": -1, "host_queued_start": 1585578145.998905, "device_queued": -1, "device_end": -1, "host_queued_end": 1585578146.007845}, "device": "gpu", "nd_range": {"device_start": 1585578080.8341339, "device_end": 1585578080.8341494}, "cmdq": 1, "read": {"device_start": -1, "device_end": -1}}, "empty26": {"write": {"device_start": -1, "host_queued_start": 1585578146.009654, "device_queued": -1, "device_end": -1, "host_queued_end": 1585578146.020056}, "device": "cpu", "nd_range": {"device_start": 2245920.209660017, "device_end": 2245920.209660871}, "cmdq": 0, "read": {"device_start": -1, "device_end": -1}}, "coalesced_transpose12": {"write": {"device_start": -1, "host_queued_start": 1585578146.01532, "device_queued": -1, "device_end": -1, "host_queued_end": 1585578146.020056}, "device": "cpu", "nd_range": {"device_start": 2245920.216131437, "device_end": 2245920.216169837}, "cmdq": 0, "read": {"device_start": -1, "device_end": -1}}, "empty44": {"write": {"device_start": 1585578080.832756, "host_queued_start": 1585578145.989023, "device_queued": 1585578080.8326287, "device_end": 1585578080.8327649, "host_queued_end": 1585578146.007845}, "device": "gpu", "nd_range": {"device_start": 1585578080.8327658, "device_end": 1585578080.8327842}, "cmdq": 1, "read": {"device_start": -1, "device_end": -1}}, "coalesced_transpose21": {"write": {"device_start": -1, "host_queued_start": 1585578146.015649, "device_queued": -1, "device_end": -1, "host_queued_end": 1585578146.020056}, "device": "cpu", "nd_range": {"device_start": 2245920.216286989, "device_end": 2245920.216314707}, "cmdq": 0, "read": {"device_start": -1, "device_end": -1}}, "FFC_sans_bias36": {"write": {"device_start": 1585578080.8330314, "host_queued_start": 1585578145.992199, "device_queued": 1585578080.8329062, "device_end": 1585578080.8330402, "host_queued_end": 1585578146.007845}, "device": "gpu", "nd_range": {"device_start": 1585578080.8330412, "device_end": 1585578080.833152}, "cmdq": 0, "read": {"device_start": -1, "device_end": -1}}, "softmax14": {"write": {"device_start": -1, "host_queued_start": 1585578146.017253, "device_queued": -1, "device_end": -1, "host_queued_end": 1585578146.020056}, "device": "cpu", "nd_range": {"device_start": 2245920.218858688, "device_end": 2245920.218892327}, "cmdq": 0, "read": {"device_start": -1, "device_end": -1}}, "FFC_sans_bias13": {"write": {"device_start": -1, "host_queued_start": 1585578146.016337, "device_queued": -1, "device_end": -1, "host_queued_end": 1585578146.020056}, "device": "cpu", "nd_range": {"device_start": 2245920.2173244013, "device_end": 2245920.2179640373}, "cmdq": 0, "read": {"device_start": -1, "device_end": -1}}, "empty8": {"write": {"device_start": -1, "host_queued_start": 1585578146.008753, "device_queued": -1, "device_end": -1, "host_queued_end": 1585578146.020056}, "device": "cpu", "nd_range": {"device_start": 2245920.2096220152, "device_end": 2245920.209634839}, "cmdq": 0, "read": {"device_start": -1, "device_end": -1}}, "FFC_sans_bias42": {"write": {"device_start": -1, "host_queued_start": 1585578146.002562, "device_queued": -1, "device_end": -1, "host_queued_end": 1585578146.007845}, "device": "gpu", "nd_range": {"device_start": 1585578080.8346438, "device_end": 1585578080.834752}, "cmdq": 0, "read": {"device_start": -1, "device_end": -1}}, "FFC_sans_bias43": {"write": {"device_start": 1585578080.8351195, "host_queued_start": 1585578146.005922, "device_queued": 1585578080.834039, "device_end": 1585578080.835128, "host_queued_end": 1585578146.007845}, "device": "gpu", "nd_range": {"device_start": 1585578080.8351293, "device_end": 1585578080.8353322}, "cmdq": 1, "read": {"device_start": 1585578080.835342, "device_end": 1585578080.8353512}}, "FFC_sans_bias40": {"write": {"device_start": -1, "host_queued_start": 1585578145.999732, "device_queued": -1, "device_end": -1, "host_queued_end": 1585578146.007845}, "device": "gpu", "nd_range": {"device_start": 1585578080.8341448, "device_end": 1585578080.8342586}, "cmdq": 0, "read": {"device_start": -1, "device_end": -1}}, "softmax32": {"write": {"device_start": -1, "host_queued_start": 1585578146.000852, "device_queued": -1, "device_end": -1, "host_queued_end": 1585578146.007845}, "device": "gpu", "nd_range": {"device_start": 1585578080.834374, "device_end": 1585578080.8344548}, "cmdq": 0, "read": {"device_start": -1, "device_end": -1}}, "FFC_sans_bias47": {"write": {"device_start": 1585578080.8335028, "host_queued_start": 1585578145.994797, "device_queued": 1585578080.8332303, "device_end": 1585578080.8335116, "host_queued_end": 1585578146.007845}, "device": "gpu", "nd_range": {"device_start": 1585578080.8335125, "device_end": 1585578080.833655}, "cmdq": 1, "read": {"device_start": -1, "device_end": -1}}, "FFC_sans_bias45": {"write": {"device_start": 1585578080.8333743, "host_queued_start": 1585578145.99379, "device_queued": 1585578080.833157, "device_end": 1585578080.833387, "host_queued_end": 1585578146.007845}, "device": "gpu", "nd_range": {"device_start": 1585578080.8333879, "device_end": 1585578080.8335009}, "cmdq": 1, "read": {"device_start": -1, "device_end": -1}}, "softmax50": {"write": {"device_start": -1, "host_queued_start": 1585578146.001377, "device_queued": -1, "device_end": -1, "host_queued_end": 1585578146.007845}, "device": "gpu", "nd_range": {"device_start": 1585578080.8344572, "device_end": 1585578080.8345642}, "cmdq": 0, "read": {"device_start": -1, "device_end": -1}}, "FFC_sans_bias33": {"write": {"device_start": -1, "host_queued_start": 1585578146.002129, "device_queued": -1, "device_end": -1, "host_queued_end": 1585578146.007845}, "device": "gpu", "nd_range": {"device_start": 1585578080.8347414, "device_end": 1585578080.8348498}, "cmdq": 1, "read": {"device_start": -1, "device_end": -1}}, "FFC_sans_bias63": {"write": {"device_start": 1585578080.8339078, "host_queued_start": 1585578145.997732, "device_queued": 1585578080.8335776, "device_end": 1585578080.8339164, "host_queued_end": 1585578146.007845}, "device": "gpu", "nd_range": {"device_start": 1585578080.8339176, "device_end": 1585578080.834118}, "cmdq": 1, "read": {"device_start": -1, "device_end": -1}}, "FFC_sans_bias49": {"write": {"device_start": -1, "host_queued_start": 1585578146.000008, "device_queued": -1, "device_end": -1, "host_queued_end": 1585578146.007845}, "device": "gpu", "nd_range": {"device_start": 1585578080.8343415, "device_end": 1585578080.8344498}, "cmdq": 1, "read": {"device_start": -1, "device_end": -1}}, "FFC_sans_bias64": {"write": {"device_start": 1585578080.8337803, "host_queued_start": 1585578145.996753, "device_queued": 1585578080.8333945, "device_end": 1585578080.8337889, "host_queued_end": 1585578146.007845}, "device": "gpu", "nd_range": {"device_start": 1585578080.83379, "device_end": 1585578080.8339064}, "cmdq": 1, "read": {"device_start": -1, "device_end": -1}}, "FFC_sans_bias65": {"write": {"device_start": 1585578080.83372, "host_queued_start": 1585578145.997248, "device_queued": 1585578080.8334296, "device_end": 1585578080.8337286, "host_queued_end": 1585578146.007845}, "device": "gpu", "nd_range": {"device_start": 1585578080.8337297, "device_end": 1585578080.8338737}, "cmdq": 0, "read": {"device_start": -1, "device_end": -1}}, "FFC_sans_bias67": {"write": {"device_start": -1, "host_queued_start": 1585578146.000617, "device_queued": -1, "device_end": -1, "host_queued_end": 1585578146.007845}, "device": "gpu", "nd_range": {"device_start": 1585578080.834451, "device_end": 1585578080.8345566}, "cmdq": 1, "read": {"device_start": -1, "device_end": -1}}, "FFC_sans_bias24": {"write": {"device_start": -1, "host_queued_start": 1585578146.018482, "device_queued": -1, "device_end": -1, "host_queued_end": 1585578146.020056}, "device": "cpu", "nd_range": {"device_start": 2245920.220536294, "device_end": 2245920.221274247}, "cmdq": 0, "read": {"device_start": -1, "device_end": -1}}, "FFC_sans_bias25": {"write": {"device_start": -1, "host_queued_start": 1585578146.020007, "device_queued": -1, "device_end": -1, "host_queued_end": 1585578146.020056}, "device": "cpu", "nd_range": {"device_start": 2245920.222764552, "device_end": 2245920.2235032474}, "cmdq": 0, "read": {"device_start": -1, "device_end": -1}}, "FFC_sans_bias27": {"write": {"device_start": 1585578080.8328035, "host_queued_start": 1585578145.990725, "device_queued": 1585578080.8327787, "device_end": 1585578080.832812, "host_queued_end": 1585578146.007845}, "device": "gpu", "nd_range": {"device_start": 1585578080.8329258, "device_end": 1585578080.8331003}, "cmdq": 1, "read": {"device_start": -1, "device_end": -1}}, "FFC_sans_bias20": {"write": {"device_start": -1, "host_queued_start": 1585578146.014559, "device_queued": -1, "device_end": -1, "host_queued_end": 1585578146.020056}, "device": "cpu", "nd_range": {"device_start": 2245920.215316993, "device_end": 2245920.2158620693}, "cmdq": 0, "read": {"device_start": -1, "device_end": -1}}, "FFC_sans_bias22": {"write": {"device_start": -1, "host_queued_start": 1585578146.01671, "device_queued": -1, "device_end": -1, "host_queued_end": 1585578146.020056}, "device": "cpu", "nd_range": {"device_start": 2245920.217971328, "device_end": 2245920.218566587}, "cmdq": 0, "read": {"device_start": -1, "device_end": -1}}, "softmax68": {"write": {"device_start": -1, "host_queued_start": 1585578146.001839, "device_queued": -1, "device_end": -1, "host_queued_end": 1585578146.007845}, "device": "gpu", "nd_range": {"device_start": 1585578080.8345664, "device_end": 1585578080.8346415}, "cmdq": 0, "read": {"device_start": -1, "device_end": -1}}, "softmax5": {"write": {"device_start": -1, "host_queued_start": 1585578146.016983, "device_queued": -1, "device_end": -1, "host_queued_end": 1585578146.020056}, "device": "cpu", "nd_range": {"device_start": 2245920.21869432, "device_end": 2245920.218740594}, "cmdq": 0, "read": {"device_start": -1, "device_end": -1}}, "FFC_sans_bias28": {"write": {"device_start": 1585578080.8329089, "host_queued_start": 1585578145.991218, "device_queued": 1585578080.8328245, "device_end": 1585578080.8329182, "host_queued_end": 1585578146.007845}, "device": "gpu", "nd_range": {"device_start": 1585578080.8329196, "device_end": 1585578080.8330295}, "cmdq": 0, "read": {"device_start": -1, "device_end": -1}}, "FFC_sans_bias29": {"write": {"device_start": 1585578080.8331025, "host_queued_start": 1585578145.991715, "device_queued": 1585578080.8328607, "device_end": 1585578080.8331108, "host_queued_end": 1585578146.007845}, "device": "gpu", "nd_range": {"device_start": 1585578080.8331122, "device_end": 1585578080.8332334}, "cmdq": 1, "read": {"device_start": -1, "device_end": -1}}, "empty17": {"write": {"device_start": -1, "host_queued_start": 1585578146.009259, "device_queued": -1, "device_end": -1, "host_queued_end": 1585578146.020056}, "device": "cpu", "nd_range": {"device_start": 2245920.209652861, "device_end": 2245920.209654597}, "cmdq": 0, "read": {"device_start": -1, "device_end": -1}}, "softmax59": {"write": {"device_start": -1, "host_queued_start": 1585578146.001609, "device_queued": -1, "device_end": -1, "host_queued_end": 1585578146.007845}, "device": "gpu", "nd_range": {"device_start": 1585578080.8346329, "device_end": 1585578080.8347402}, "cmdq": 1, "read": {"device_start": -1, "device_end": -1}}, "empty71": {"write": {"device_start": 1585578080.8327718, "host_queued_start": 1585578145.990174, "device_queued": 1585578080.832737, "device_end": 1585578080.8327804, "host_queued_end": 1585578146.007845}, "device": "gpu", "nd_range": {"device_start": 1585578080.8327816, "device_end": 1585578080.8328}, "cmdq": 0, "read": {"device_start": -1, "device_end": -1}}, "empty35": {"write": {"device_start": 1585578080.8326247, "host_queued_start": 1585578145.988424, "device_queued": 1585578080.8325334, "device_end": 1585578080.8326335, "host_queued_end": 1585578146.007845}, "device": "gpu", "nd_range": {"device_start": 1585578080.8326344, "device_end": 1585578080.8326397}, "cmdq": 0, "read": {"device_start": -1, "device_end": -1}}, "empty53": {"write": {"device_start": 1585578080.8327363, "host_queued_start": 1585578145.989424, "device_queued": 1585578080.8326666, "device_end": 1585578080.8327477, "host_queued_end": 1585578146.007845}, "device": "gpu", "nd_range": {"device_start": 1585578080.832749, "device_end": 1585578080.8327696}, "cmdq": 0, "read": {"device_start": -1, "device_end": -1}}, "FFC_sans_bias46": {"write": {"device_start": 1585578080.8332934, "host_queued_start": 1585578145.994283, "device_queued": 1585578080.833193, "device_end": 1585578080.833302, "host_queued_end": 1585578146.007845}, "device": "gpu", "nd_range": {"device_start": 1585578080.8333032, "device_end": 1585578080.8334332}, "cmdq": 0, "read": {"device_start": -1, "device_end": -1}}, "coalesced_transpose66": {"write": {"device_start": -1, "host_queued_start": 1585578145.999158, "device_queued": -1, "device_end": -1, "host_queued_end": 1585578146.007845}, "device": "gpu", "nd_range": {"device_start": 1585578080.833921, "device_end": 1585578080.8339388}, "cmdq": 0, "read": {"device_start": -1, "device_end": -1}}, "coalesced_transpose48": {"write": {"device_start": -1, "host_queued_start": 1585578145.998626, "device_queued": -1, "device_end": -1, "host_queued_end": 1585578146.007845}, "device": "gpu", "nd_range": {"device_start": 1585578080.833886, "device_end": 1585578080.8338966}, "cmdq": 0, "read": {"device_start": -1, "device_end": -1}}}