{"FFC_sans_bias60": {"write": {"device_start": -1, "host_queued_start": 1585578346.930315, "device_queued": -1, "device_end": -1, "host_queued_end": 1585578346.931689}, "device": "gpu", "nd_range": {"device_start": 1585578281.7507849, "device_end": 1585578281.7508953}, "cmdq": 2, "read": {"device_start": -1, "device_end": -1}}, "FFC_sans_bias4": {"write": {"device_start": -1, "host_queued_start": 1585578346.945675, "device_queued": -1, "device_end": -1, "host_queued_end": 1585578346.953479}, "device": "cpu", "nd_range": {"device_start": 2246121.1527904393, "device_end": 2246121.1542319953}, "cmdq": 2, "read": {"device_start": -1, "device_end": -1}}, "FFC_sans_bias7": {"write": {"device_start": -1, "host_queued_start": 1585578346.951197, "device_queued": -1, "device_end": -1, "host_queued_end": 1585578346.953479}, "device": "cpu", "nd_range": {"device_start": 2246121.159012609, "device_end": 2246121.1605764343}, "cmdq": 0, "read": {"device_start": -1, "device_end": -1}}, "FFC_sans_bias6": {"write": {"device_start": -1, "host_queued_start": 1585578346.94911, "device_queued": -1, "device_end": -1, "host_queued_end": 1585578346.953479}, "device": "cpu", "nd_range": {"device_start": 2246121.15550003, "device_end": 2246121.1573233292}, "cmdq": 2, "read": {"device_start": -1, "device_end": -1}}, "FFC_sans_bias1": {"write": {"device_start": -1, "host_queued_start": 1585578346.935392, "device_queued": -1, "device_end": -1, "host_queued_end": 1585578346.953479}, "device": "cpu", "nd_range": {"device_start": 2246121.143140717, "device_end": 2246121.145207276}, "cmdq": 3, "read": {"device_start": -1, "device_end": -1}}, "FFC_sans_bias0": {"write": {"device_start": -1, "host_queued_start": 1585578346.934891, "device_queued": -1, "device_end": -1, "host_queued_end": 1585578346.953479}, "device": "cpu", "nd_range": {"device_start": 2246121.143297736, "device_end": 2246121.1452408563}, "cmdq": 2, "read": {"device_start": -1, "device_end": -1}}, "FFC_sans_bias2": {"write": {"device_start": -1, "host_queued_start": 1585578346.935897, "device_queued": -1, "device_end": -1, "host_queued_end": 1585578346.953479}, "device": "cpu", "nd_range": {"device_start": 2246121.1431130352, "device_end": 2246121.14543996}, "cmdq": 0, "read": {"device_start": -1, "device_end": -1}}, "FFC_sans_bias61": {"write": {"device_start": 1585578281.750792, "host_queued_start": 1585578346.931085, "device_queued": 1585578281.7505398, "device_end": 1585578281.7508004, "host_queued_end": 1585578346.931689}, "device": "gpu", "nd_range": {"device_start": 1585578281.750909, "device_end": 1585578281.7511055}, "cmdq": 1, "read": {"device_start": 1585578281.7511072, "device_end": 1585578281.7511144}}, "FFC_sans_bias52": {"write": {"device_start": -1, "host_queued_start": 1585578346.953436, "device_queued": -1, "device_end": -1, "host_queued_end": 1585578346.953479}, "device": "cpu", "nd_range": {"device_start": 2246121.162662166, "device_end": 2246121.163391365}, "cmdq": 1, "read": {"device_start": -1, "device_end": -1}}, "FFC_sans_bias9": {"write": {"device_start": -1, "host_queued_start": 1585578346.936402, "device_queued": -1, "device_end": -1, "host_queued_end": 1585578346.953479}, "device": "cpu", "nd_range": {"device_start": 2246121.1431037784, "device_end": 2246121.145091859}, "cmdq": 1, "read": {"device_start": -1, "device_end": -1}}, "coalesced_transpose39": {"write": {"device_start": -1, "host_queued_start": 1585578346.945062, "device_queued": -1, "device_end": -1, "host_queued_end": 1585578346.953479}, "device": "cpu", "nd_range": {"device_start": 2246121.152286834, "device_end": 2246121.1523383013}, "cmdq": 0, "read": {"device_start": -1, "device_end": -1}}, "FFC_sans_bias55": {"write": {"device_start": 1585578281.750178, "host_queued_start": 1585578346.926793, "device_queued": 1585578281.7501569, "device_end": 1585578281.7501884, "host_queued_end": 1585578346.931689}, "device": "gpu", "nd_range": {"device_start": 1585578281.7502193, "device_end": 1585578281.7503548}, "cmdq": 1, "read": {"device_start": -1, "device_end": -1}}, "FFC_sans_bias54": {"write": {"device_start": 1585578281.7501411, "host_queued_start": 1585578346.926245, "device_queued": 1585578281.75012, "device_end": 1585578281.7501497, "host_queued_end": 1585578346.931689}, "device": "gpu", "nd_range": {"device_start": 1585578281.7501507, "device_end": 1585578281.7502587}, "cmdq": 0, "read": {"device_start": -1, "device_end": -1}}, "FFC_sans_bias56": {"write": {"device_start": 1585578281.7500753, "host_queued_start": 1585578346.925709, "device_queued": 1585578281.7500517, "device_end": 1585578281.750084, "host_queued_end": 1585578346.931689}, "device": "gpu", "nd_range": {"device_start": 1585578281.7500937, "device_end": 1585578281.750201}, "cmdq": 2, "read": {"device_start": -1, "device_end": -1}}, "FFC_sans_bias51": {"write": {"device_start": -1, "host_queued_start": 1585578346.950691, "device_queued": -1, "device_end": -1, "host_queued_end": 1585578346.953479}, "device": "cpu", "nd_range": {"device_start": 2246121.1598214894, "device_end": 2246121.16150799}, "cmdq": 3, "read": {"device_start": -1, "device_end": -1}}, "softmax23": {"write": {"device_start": -1, "host_queued_start": 1585578346.948023, "device_queued": -1, "device_end": -1, "host_queued_end": 1585578346.953479}, "device": "cpu", "nd_range": {"device_start": 2246121.1553334603, "device_end": 2246121.155395281}, "cmdq": 2, "read": {"device_start": -1, "device_end": -1}}, "FFC_sans_bias37": {"write": {"device_start": -1, "host_queued_start": 1585578346.941464, "device_queued": -1, "device_end": -1, "host_queued_end": 1585578346.953479}, "device": "cpu", "nd_range": {"device_start": 2246121.149218399, "device_end": 2246121.1521695033}, "cmdq": 3, "read": {"device_start": -1, "device_end": -1}}, "empty62": {"write": {"device_start": 1585578281.7499988, "host_queued_start": 1585578346.924535, "device_queued": 1585578281.7499678, "device_end": 1585578281.7500074, "host_queued_end": 1585578346.931689}, "device": "gpu", "nd_range": {"device_start": 1585578281.750013, "device_end": 1585578281.750025}, "cmdq": 0, "read": {"device_start": -1, "device_end": -1}}, "FFC_sans_bias70": {"write": {"device_start": 1585578281.7508962, "host_queued_start": 1585578346.931591, "device_queued": 1585578281.7505207, "device_end": 1585578281.750905, "host_queued_end": 1585578346.931689}, "device": "gpu", "nd_range": {"device_start": 1585578281.7510245, "device_end": 1585578281.7511342}, "cmdq": 2, "read": {"device_start": 1585578281.751137, "device_end": 1585578281.7511454}}, "FFC_sans_bias58": {"write": {"device_start": -1, "host_queued_start": 1585578346.929299, "device_queued": -1, "device_end": -1, "host_queued_end": 1585578346.931689}, "device": "gpu", "nd_range": {"device_start": 1585578281.750532, "device_end": 1585578281.7506459}, "cmdq": 1, "read": {"device_start": -1, "device_end": -1}}, "softmax41": {"write": {"device_start": -1, "host_queued_start": 1585578346.948524, "device_queued": -1, "device_end": -1, "host_queued_end": 1585578346.953479}, "device": "cpu", "nd_range": {"device_start": 2246121.156008675, "device_end": 2246121.156055692}, "cmdq": 0, "read": {"device_start": -1, "device_end": -1}}, "FFC_sans_bias11": {"write": {"device_start": -1, "host_queued_start": 1585578346.937412, "device_queued": -1, "device_end": -1, "host_queued_end": 1585578346.953479}, "device": "cpu", "nd_range": {"device_start": 2246121.14521519, "device_end": 2246121.1471368712}, "cmdq": 3, "read": {"device_start": -1, "device_end": -1}}, "FFC_sans_bias10": {"write": {"device_start": -1, "host_queued_start": 1585578346.936905, "device_queued": -1, "device_end": -1, "host_queued_end": 1585578346.953479}, "device": "cpu", "nd_range": {"device_start": 2246121.14537329, "device_end": 2246121.147293988}, "cmdq": 2, "read": {"device_start": -1, "device_end": -1}}, "coalesced_transpose3": {"write": {"device_start": -1, "host_queued_start": 1585578346.943785, "device_queued": -1, "device_end": -1, "host_queued_end": 1585578346.953479}, "device": "cpu", "nd_range": {"device_start": 2246121.151234414, "device_end": 2246121.151287592}, "cmdq": 0, "read": {"device_start": -1, "device_end": -1}}, "FFC_sans_bias34": {"write": {"device_start": -1, "host_queued_start": 1585578346.952541, "device_queued": -1, "device_end": -1, "host_queued_end": 1585578346.953479}, "device": "cpu", "nd_range": {"device_start": 2246121.1615153924, "device_end": 2246121.16265603}, "cmdq": 3, "read": {"device_start": -1, "device_end": -1}}, "FFC_sans_bias15": {"write": {"device_start": -1, "host_queued_start": 1585578346.949417, "device_queued": -1, "device_end": -1, "host_queued_end": 1585578346.953479}, "device": "cpu", "nd_range": {"device_start": 2246121.158147448, "device_end": 2246121.159712683}, "cmdq": 3, "read": {"device_start": -1, "device_end": -1}}, "FFC_sans_bias31": {"write": {"device_start": -1, "host_queued_start": 1585578346.946648, "device_queued": -1, "device_end": -1, "host_queued_end": 1585578346.953479}, "device": "cpu", "nd_range": {"device_start": 2246121.154862529, "device_end": 2246121.156798147}, "cmdq": 1, "read": {"device_start": -1, "device_end": -1}}, "FFC_sans_bias16": {"write": {"device_start": -1, "host_queued_start": 1585578346.951646, "device_queued": -1, "device_end": -1, "host_queued_end": 1585578346.953479}, "device": "cpu", "nd_range": {"device_start": 2246121.1607344933, "device_end": 2246121.162656186}, "cmdq": 1, "read": {"device_start": -1, "device_end": -1}}, "FFC_sans_bias19": {"write": {"device_start": -1, "host_queued_start": 1585578346.938414, "device_queued": -1, "device_end": -1, "host_queued_end": 1585578346.953479}, "device": "cpu", "nd_range": {"device_start": 2246121.145097663, "device_end": 2246121.147014779}, "cmdq": 1, "read": {"device_start": -1, "device_end": -1}}, "FFC_sans_bias18": {"write": {"device_start": -1, "host_queued_start": 1585578346.937911, "device_queued": -1, "device_end": -1, "host_queued_end": 1585578346.953479}, "device": "cpu", "nd_range": {"device_start": 2246121.145448952, "device_end": 2246121.147369477}, "cmdq": 0, "read": {"device_start": -1, "device_end": -1}}, "coalesced_transpose30": {"write": {"device_start": -1, "host_queued_start": 1585578346.944684, "device_queued": -1, "device_end": -1, "host_queued_end": 1585578346.953479}, "device": "cpu", "nd_range": {"device_start": 2246121.154566896, "device_end": 2246121.154647098}, "cmdq": 3, "read": {"device_start": -1, "device_end": -1}}, "FFC_sans_bias69": {"write": {"device_start": -1, "host_queued_start": 1585578346.930612, "device_queued": -1, "device_end": -1, "host_queued_end": 1585578346.931689}, "device": "gpu", "nd_range": {"device_start": 1585578281.7509065, "device_end": 1585578281.7510219}, "cmdq": 0, "read": {"device_start": -1, "device_end": -1}}, "FFC_sans_bias38": {"write": {"device_start": -1, "host_queued_start": 1585578346.941969, "device_queued": -1, "device_end": -1, "host_queued_end": 1585578346.953479}, "device": "cpu", "nd_range": {"device_start": 2246121.14930824, "device_end": 2246121.1512269983}, "cmdq": 0, "read": {"device_start": -1, "device_end": -1}}, "coalesced_transpose57": {"write": {"device_start": -1, "host_queued_start": 1585578346.928582, "device_queued": -1, "device_end": -1, "host_queued_end": 1585578346.931689}, "device": "gpu", "nd_range": {"device_start": 1585578281.7504294, "device_end": 1585578281.750459}, "cmdq": 2, "read": {"device_start": -1, "device_end": -1}}, "empty26": {"write": {"device_start": -1, "host_queued_start": 1585578346.933157, "device_queued": -1, "device_end": -1, "host_queued_end": 1585578346.953479}, "device": "cpu", "nd_range": {"device_start": 2246121.143073705, "device_end": 2246121.143079229}, "cmdq": 2, "read": {"device_start": -1, "device_end": -1}}, "coalesced_transpose12": {"write": {"device_start": -1, "host_queued_start": 1585578346.944087, "device_queued": -1, "device_end": -1, "host_queued_end": 1585578346.953479}, "device": "cpu", "nd_range": {"device_start": 2246121.151496163, "device_end": 2246121.15155061}, "cmdq": 1, "read": {"device_start": -1, "device_end": -1}}, "empty44": {"write": {"device_start": -1, "host_queued_start": 1585578346.933994, "device_queued": -1, "device_end": -1, "host_queued_end": 1585578346.953479}, "device": "cpu", "nd_range": {"device_start": 2246121.143105717, "device_end": 2246121.1431066473}, "cmdq": 0, "read": {"device_start": -1, "device_end": -1}}, "coalesced_transpose21": {"write": {"device_start": -1, "host_queued_start": 1585578346.944382, "device_queued": -1, "device_end": -1, "host_queued_end": 1585578346.953479}, "device": "cpu", "nd_range": {"device_start": 2246121.152653684, "device_end": 2246121.152726481}, "cmdq": 2, "read": {"device_start": -1, "device_end": -1}}, "FFC_sans_bias36": {"write": {"device_start": -1, "host_queued_start": 1585578346.940962, "device_queued": -1, "device_end": -1, "host_queued_end": 1585578346.953479}, "device": "cpu", "nd_range": {"device_start": 2246121.1499015912, "device_end": 2246121.151777097}, "cmdq": 2, "read": {"device_start": -1, "device_end": -1}}, "softmax14": {"write": {"device_start": -1, "host_queued_start": 1585578346.947787, "device_queued": -1, "device_end": -1, "host_queued_end": 1585578346.953479}, "device": "cpu", "nd_range": {"device_start": 2246121.156915088, "device_end": 2246121.1570717413}, "cmdq": 1, "read": {"device_start": -1, "device_end": -1}}, "FFC_sans_bias13": {"write": {"device_start": -1, "host_queued_start": 1585578346.945994, "device_queued": -1, "device_end": -1, "host_queued_end": 1585578346.953479}, "device": "cpu", "nd_range": {"device_start": 2246121.154784718, "device_end": 2246121.1560317064}, "cmdq": 3, "read": {"device_start": -1, "device_end": -1}}, "empty8": {"write": {"device_start": -1, "host_queued_start": 1585578346.932269, "device_queued": -1, "device_end": -1, "host_queued_end": 1585578346.953479}, "device": "cpu", "nd_range": {"device_start": 2246121.1430958523, "device_end": 2246121.143096841}, "cmdq": 0, "read": {"device_start": -1, "device_end": -1}}, "FFC_sans_bias42": {"write": {"device_start": -1, "host_queued_start": 1585578346.950348, "device_queued": -1, "device_end": -1, "host_queued_end": 1585578346.953479}, "device": "cpu", "nd_range": {"device_start": 2246121.157434151, "device_end": 2246121.158762426}, "cmdq": 2, "read": {"device_start": -1, "device_end": -1}}, "FFC_sans_bias43": {"write": {"device_start": -1, "host_queued_start": 1585578346.952989, "device_queued": -1, "device_end": -1, "host_queued_end": 1585578346.953479}, "device": "cpu", "nd_range": {"device_start": 2246121.160941717, "device_end": 2246121.162383731}, "cmdq": 0, "read": {"device_start": -1, "device_end": -1}}, "FFC_sans_bias40": {"write": {"device_start": -1, "host_queued_start": 1585578346.946967, "device_queued": -1, "device_end": -1, "host_queued_end": 1585578346.953479}, "device": "cpu", "nd_range": {"device_start": 2246121.154250016, "device_end": 2246121.155221646}, "cmdq": 2, "read": {"device_start": -1, "device_end": -1}}, "softmax32": {"write": {"device_start": -1, "host_queued_start": 1585578346.948274, "device_queued": -1, "device_end": -1, "host_queued_end": 1585578346.953479}, "device": "cpu", "nd_range": {"device_start": 2246121.157996131, "device_end": 2246121.15804331}, "cmdq": 3, "read": {"device_start": -1, "device_end": -1}}, "FFC_sans_bias47": {"write": {"device_start": -1, "host_queued_start": 1585578346.943479, "device_queued": -1, "device_end": -1, "host_queued_end": 1585578346.953479}, "device": "cpu", "nd_range": {"device_start": 2246121.152280996, "device_end": 2246121.1545205223}, "cmdq": 3, "read": {"device_start": -1, "device_end": -1}}, "FFC_sans_bias45": {"write": {"device_start": -1, "host_queued_start": 1585578346.942465, "device_queued": -1, "device_end": -1, "host_queued_end": 1585578346.953479}, "device": "cpu", "nd_range": {"device_start": 2246121.1494652843, "device_end": 2246121.1513861483}, "cmdq": 1, "read": {"device_start": -1, "device_end": -1}}, "softmax50": {"write": {"device_start": -1, "host_queued_start": 1585578346.948787, "device_queued": -1, "device_end": -1, "host_queued_end": 1585578346.953479}, "device": "cpu", "nd_range": {"device_start": 2246121.158743331, "device_end": 2246121.15880685}, "cmdq": 1, "read": {"device_start": -1, "device_end": -1}}, "FFC_sans_bias33": {"write": {"device_start": -1, "host_queued_start": 1585578346.950023, "device_queued": -1, "device_end": -1, "host_queued_end": 1585578346.953479}, "device": "cpu", "nd_range": {"device_start": 2246121.158819139, "device_end": 2246121.160622634}, "cmdq": 1, "read": {"device_start": -1, "device_end": -1}}, "FFC_sans_bias63": {"write": {"device_start": 1585578281.750357, "host_queued_start": 1585578346.928278, "device_queued": 1585578281.7502878, "device_end": 1585578281.7503655, "host_queued_end": 1585578346.931689}, "device": "gpu", "nd_range": {"device_start": 1585578281.7503664, "device_end": 1585578281.75053}, "cmdq": 1, "read": {"device_start": -1, "device_end": -1}}, "FFC_sans_bias49": {"write": {"device_start": -1, "host_queued_start": 1585578346.947276, "device_queued": -1, "device_end": -1, "host_queued_end": 1585578346.953479}, "device": "cpu", "nd_range": {"device_start": 2246121.1560734534, "device_end": 2246121.157886646}, "cmdq": 3, "read": {"device_start": -1, "device_end": -1}}, "FFC_sans_bias64": {"write": {"device_start": 1585578281.7502031, "host_queued_start": 1585578346.927289, "device_queued": 1585578281.7501788, "device_end": 1585578281.7502117, "host_queued_end": 1585578346.931689}, "device": "gpu", "nd_range": {"device_start": 1585578281.7502394, "device_end": 1585578281.7504277}, "cmdq": 2, "read": {"device_start": -1, "device_end": -1}}, "FFC_sans_bias65": {"write": {"device_start": 1585578281.7502692, "host_queued_start": 1585578346.92778, "device_queued": 1585578281.7502463, "device_end": 1585578281.7502778, "host_queued_end": 1585578346.931689}, "device": "gpu", "nd_range": {"device_start": 1585578281.7502818, "device_end": 1585578281.750461}, "cmdq": 0, "read": {"device_start": -1, "device_end": -1}}, "FFC_sans_bias67": {"write": {"device_start": -1, "host_queued_start": 1585578346.92959, "device_queued": -1, "device_end": -1, "host_queued_end": 1585578346.931689}, "device": "gpu", "nd_range": {"device_start": 1585578281.7505345, "device_end": 1585578281.7507029}, "cmdq": 2, "read": {"device_start": -1, "device_end": -1}}, "FFC_sans_bias24": {"write": {"device_start": -1, "host_queued_start": 1585578346.949711, "device_queued": -1, "device_end": -1, "host_queued_end": 1585578346.953479}, "device": "cpu", "nd_range": {"device_start": 2246121.156187818, "device_end": 2246121.1576508}, "cmdq": 0, "read": {"device_start": -1, "device_end": -1}}, "FFC_sans_bias25": {"write": {"device_start": -1, "host_queued_start": 1585578346.952093, "device_queued": -1, "device_end": -1, "host_queued_end": 1585578346.953479}, "device": "cpu", "nd_range": {"device_start": 2246121.159618868, "device_end": 2246121.161070515}, "cmdq": 2, "read": {"device_start": -1, "device_end": -1}}, "FFC_sans_bias27": {"write": {"device_start": -1, "host_queued_start": 1585578346.939448, "device_queued": -1, "device_end": -1, "host_queued_end": 1585578346.953479}, "device": "cpu", "nd_range": {"device_start": 2246121.147155765, "device_end": 2246121.149104678}, "cmdq": 3, "read": {"device_start": -1, "device_end": -1}}, "FFC_sans_bias20": {"write": {"device_start": -1, "host_queued_start": 1585578346.938949, "device_queued": -1, "device_end": -1, "host_queued_end": 1585578346.953479}, "device": "cpu", "nd_range": {"device_start": 2246121.14786061, "device_end": 2246121.149790281}, "cmdq": 2, "read": {"device_start": -1, "device_end": -1}}, "FFC_sans_bias22": {"write": {"device_start": -1, "host_queued_start": 1585578346.9463, "device_queued": -1, "device_end": -1, "host_queued_end": 1585578346.953479}, "device": "cpu", "nd_range": {"device_start": 2246121.1530161253, "device_end": 2246121.1545228553}, "cmdq": 0, "read": {"device_start": -1, "device_end": -1}}, "softmax68": {"write": {"device_start": -1, "host_queued_start": 1585578346.930026, "device_queued": -1, "device_end": -1, "host_queued_end": 1585578346.931689}, "device": "gpu", "nd_range": {"device_start": 1585578281.7507112, "device_end": 1585578281.7507899}, "cmdq": 1, "read": {"device_start": -1, "device_end": -1}}, "softmax5": {"write": {"device_start": -1, "host_queued_start": 1585578346.947536, "device_queued": -1, "device_end": -1, "host_queued_end": 1585578346.953479}, "device": "cpu", "nd_range": {"device_start": 2246121.154537803, "device_end": 2246121.154714288}, "cmdq": 0, "read": {"device_start": -1, "device_end": -1}}, "FFC_sans_bias28": {"write": {"device_start": -1, "host_queued_start": 1585578346.939949, "device_queued": -1, "device_end": -1, "host_queued_end": 1585578346.953479}, "device": "cpu", "nd_range": {"device_start": 2246121.1473751944, "device_end": 2246121.149301955}, "cmdq": 0, "read": {"device_start": -1, "device_end": -1}}, "FFC_sans_bias29": {"write": {"device_start": -1, "host_queued_start": 1585578346.94046, "device_queued": -1, "device_end": -1, "host_queued_end": 1585578346.953479}, "device": "cpu", "nd_range": {"device_start": 2246121.1473279893, "device_end": 2246121.1492586853}, "cmdq": 1, "read": {"device_start": -1, "device_end": -1}}, "empty17": {"write": {"device_start": -1, "host_queued_start": 1585578346.932731, "device_queued": -1, "device_end": -1, "host_queued_end": 1585578346.953479}, "device": "cpu", "nd_range": {"device_start": 2246121.143065522, "device_end": 2246121.1430777}, "cmdq": 1, "read": {"device_start": -1, "device_end": -1}}, "softmax59": {"write": {"device_start": -1, "host_queued_start": 1585578346.929804, "device_queued": -1, "device_end": -1, "host_queued_end": 1585578346.931689}, "device": "gpu", "nd_range": {"device_start": 1585578281.7507074, "device_end": 1585578281.75078}, "cmdq": 0, "read": {"device_start": -1, "device_end": -1}}, "empty71": {"write": {"device_start": 1585578281.7500505, "host_queued_start": 1585578346.925156, "device_queued": 1585578281.75003, "device_end": 1585578281.7500594, "host_queued_end": 1585578346.931689}, "device": "gpu", "nd_range": {"device_start": 1585578281.7500858, "device_end": 1585578281.7500896}, "cmdq": 1, "read": {"device_start": -1, "device_end": -1}}, "empty35": {"write": {"device_start": -1, "host_queued_start": 1585578346.933601, "device_queued": -1, "device_end": -1, "host_queued_end": 1585578346.953479}, "device": "cpu", "nd_range": {"device_start": 2246121.143119463, "device_end": 2246121.143125128}, "cmdq": 3, "read": {"device_start": -1, "device_end": -1}}, "empty53": {"write": {"device_start": -1, "host_queued_start": 1585578346.93436, "device_queued": -1, "device_end": -1, "host_queued_end": 1585578346.953479}, "device": "cpu", "nd_range": {"device_start": 2246121.143096146, "device_end": 2246121.143097266}, "cmdq": 1, "read": {"device_start": -1, "device_end": -1}}, "FFC_sans_bias46": {"write": {"device_start": -1, "host_queued_start": 1585578346.942977, "device_queued": -1, "device_end": -1, "host_queued_end": 1585578346.953479}, "device": "cpu", "nd_range": {"device_start": 2246121.151791818, "device_end": 2246121.1525443103}, "cmdq": 2, "read": {"device_start": -1, "device_end": -1}}, "coalesced_transpose66": {"write": {"device_start": -1, "host_queued_start": 1585578346.928999, "device_queued": -1, "device_end": -1, "host_queued_end": 1585578346.931689}, "device": "gpu", "nd_range": {"device_start": 1585578281.750463, "device_end": 1585578281.7504718}, "cmdq": 0, "read": {"device_start": -1, "device_end": -1}}, "coalesced_transpose48": {"write": {"device_start": -1, "host_queued_start": 1585578346.945351, "device_queued": -1, "device_end": -1, "host_queued_end": 1585578346.953479}, "device": "cpu", "nd_range": {"device_start": 2246121.152708523, "device_end": 2246121.152775439}, "cmdq": 1, "read": {"device_start": -1, "device_end": -1}}}