{"FFC_sans_bias60": {"write": {"device_start": -1, "host_queued_start": 1585578095.07835, "device_queued": -1, "device_end": -1, "host_queued_end": 1585578095.081754}, "device": "gpu", "nd_range": {"device_start": 1585578029.911844, "device_end": 1585578029.9119496}, "cmdq": 0, "read": {"device_start": -1, "device_end": -1}}, "FFC_sans_bias4": {"write": {"device_start": -1, "host_queued_start": 1585578095.087405, "device_queued": -1, "device_end": -1, "host_queued_end": 1585578095.089929}, "device": "cpu", "nd_range": {"device_start": 2245869.282606348, "device_end": 2245869.283462904}, "cmdq": 2, "read": {"device_start": -1, "device_end": -1}}, "FFC_sans_bias7": {"write": {"device_start": -1, "host_queued_start": 1585578095.089438, "device_queued": -1, "device_end": -1, "host_queued_end": 1585578095.089929}, "device": "cpu", "nd_range": {"device_start": 2245869.284846201, "device_end": 2245869.285568492}, "cmdq": 0, "read": {"device_start": -1, "device_end": -1}}, "FFC_sans_bias6": {"write": {"device_start": -1, "host_queued_start": 1585578095.088619, "device_queued": -1, "device_end": -1, "host_queued_end": 1585578095.089929}, "device": "cpu", "nd_range": {"device_start": 2245869.283783691, "device_end": 2245869.284633044}, "cmdq": 2, "read": {"device_start": -1, "device_end": -1}}, "FFC_sans_bias1": {"write": {"device_start": -1, "host_queued_start": 1585578095.084211, "device_queued": -1, "device_end": -1, "host_queued_end": 1585578095.089929}, "device": "cpu", "nd_range": {"device_start": 2245869.279542327, "device_end": 2245869.2815300464}, "cmdq": 3, "read": {"device_start": -1, "device_end": -1}}, "FFC_sans_bias0": {"write": {"device_start": -1, "host_queued_start": 1585578095.083605, "device_queued": -1, "device_end": -1, "host_queued_end": 1585578095.089929}, "device": "cpu", "nd_range": {"device_start": 2245869.279604133, "device_end": 2245869.281541531}, "cmdq": 2, "read": {"device_start": -1, "device_end": -1}}, "FFC_sans_bias2": {"write": {"device_start": -1, "host_queued_start": 1585578095.084821, "device_queued": -1, "device_end": -1, "host_queued_end": 1585578095.089929}, "device": "cpu", "nd_range": {"device_start": 2245869.279523704, "device_end": 2245869.281526499}, "cmdq": 0, "read": {"device_start": -1, "device_end": -1}}, "FFC_sans_bias61": {"write": {"device_start": 1585578029.9128437, "host_queued_start": 1585578095.081154, "device_queued": 1585578029.9098277, "device_end": 1585578029.9128523, "host_queued_end": 1585578095.081754}, "device": "gpu", "nd_range": {"device_start": 1585578029.9128532, "device_end": 1585578029.9129589}, "cmdq": 0, "read": {"device_start": 1585578029.9129634, "device_end": 1585578029.9129698}}, "FFC_sans_bias52": {"write": {"device_start": 1585578029.9126632, "host_queued_start": 1585578095.080637, "device_queued": 1585578029.9097664, "device_end": 1585578029.9126718, "host_queued_end": 1585578095.081754}, "device": "gpu", "nd_range": {"device_start": 1585578029.9126728, "device_end": 1585578029.9127793}, "cmdq": 0, "read": {"device_start": 1585578029.9127822, "device_end": 1585578029.9127889}}, "FFC_sans_bias9": {"write": {"device_start": -1, "host_queued_start": 1585578095.085321, "device_queued": -1, "device_end": -1, "host_queued_end": 1585578095.089929}, "device": "cpu", "nd_range": {"device_start": 2245869.279522826, "device_end": 2245869.2816690602}, "cmdq": 1, "read": {"device_start": -1, "device_end": -1}}, "coalesced_transpose39": {"write": {"device_start": -1, "host_queued_start": 1585578095.073005, "device_queued": -1, "device_end": -1, "host_queued_end": 1585578095.081754}, "device": "gpu", "nd_range": {"device_start": 1585578029.9103093, "device_end": 1585578029.9103146}, "cmdq": 0, "read": {"device_start": -1, "device_end": -1}}, "FFC_sans_bias55": {"write": {"device_start": 1585578029.9098234, "host_queued_start": 1585578095.070695, "device_queued": 1585578029.908935, "device_end": 1585578029.9098325, "host_queued_end": 1585578095.081754}, "device": "gpu", "nd_range": {"device_start": 1585578029.909834, "device_end": 1585578029.909939}, "cmdq": 0, "read": {"device_start": -1, "device_end": -1}}, "FFC_sans_bias54": {"write": {"device_start": 1585578029.9097002, "host_queued_start": 1585578095.070167, "device_queued": 1585578029.9088984, "device_end": 1585578029.9097128, "host_queued_end": 1585578095.081754}, "device": "gpu", "nd_range": {"device_start": 1585578029.909714, "device_end": 1585578029.9098222}, "cmdq": 0, "read": {"device_start": -1, "device_end": -1}}, "FFC_sans_bias56": {"write": {"device_start": 1585578029.9095817, "host_queued_start": 1585578095.069686, "device_queued": 1585578029.9087555, "device_end": 1585578029.9095917, "host_queued_end": 1585578095.081754}, "device": "gpu", "nd_range": {"device_start": 1585578029.9095929, "device_end": 1585578029.9096992}, "cmdq": 0, "read": {"device_start": -1, "device_end": -1}}, "FFC_sans_bias51": {"write": {"device_start": -1, "host_queued_start": 1585578095.078072, "device_queued": -1, "device_end": -1, "host_queued_end": 1585578095.081754}, "device": "gpu", "nd_range": {"device_start": 1585578029.911737, "device_end": 1585578029.9118428}, "cmdq": 0, "read": {"device_start": -1, "device_end": -1}}, "softmax23": {"write": {"device_start": -1, "host_queued_start": 1585578095.075815, "device_queued": -1, "device_end": -1, "host_queued_end": 1585578095.081754}, "device": "gpu", "nd_range": {"device_start": 1585578029.9109774, "device_end": 1585578029.9110503}, "cmdq": 0, "read": {"device_start": -1, "device_end": -1}}, "FFC_sans_bias37": {"write": {"device_start": 1585578029.9089994, "host_queued_start": 1585578095.067213, "device_queued": 1585578029.908567, "device_end": 1585578029.9090085, "host_queued_end": 1585578095.081754}, "device": "gpu", "nd_range": {"device_start": 1585578029.9090095, "device_end": 1585578029.9091148}, "cmdq": 0, "read": {"device_start": -1, "device_end": -1}}, "empty62": {"write": {"device_start": 1585578029.9080827, "host_queued_start": 1585578095.06267, "device_queued": 1585578029.9080586, "device_end": 1585578029.9080913, "host_queued_end": 1585578095.081754}, "device": "gpu", "nd_range": {"device_start": 1585578029.9080923, "device_end": 1585578029.9080958}, "cmdq": 0, "read": {"device_start": -1, "device_end": -1}}, "FFC_sans_bias70": {"write": {"device_start": 1585578029.9130495, "host_queued_start": 1585578095.08166, "device_queued": 1585578029.909887, "device_end": 1585578029.913058, "host_queued_end": 1585578095.081754}, "device": "gpu", "nd_range": {"device_start": 1585578029.9130592, "device_end": 1585578029.9131637}, "cmdq": 0, "read": {"device_start": 1585578029.9131691, "device_end": 1585578029.9131756}}, "FFC_sans_bias58": {"write": {"device_start": -1, "host_queued_start": 1585578095.075286, "device_queued": -1, "device_end": -1, "host_queued_end": 1585578095.081754}, "device": "gpu", "nd_range": {"device_start": 1585578029.9107628, "device_end": 1585578029.9108694}, "cmdq": 0, "read": {"device_start": -1, "device_end": -1}}, "softmax41": {"write": {"device_start": -1, "host_queued_start": 1585578095.076252, "device_queued": -1, "device_end": -1, "host_queued_end": 1585578095.081754}, "device": "gpu", "nd_range": {"device_start": 1585578029.9111228, "device_end": 1585578029.911196}, "cmdq": 0, "read": {"device_start": -1, "device_end": -1}}, "FFC_sans_bias11": {"write": {"device_start": -1, "host_queued_start": 1585578095.08633, "device_queued": -1, "device_end": -1, "host_queued_end": 1585578095.089929}, "device": "cpu", "nd_range": {"device_start": 2245869.2817178383, "device_end": 2245869.2829394923}, "cmdq": 3, "read": {"device_start": -1, "device_end": -1}}, "FFC_sans_bias10": {"write": {"device_start": -1, "host_queued_start": 1585578095.085822, "device_queued": -1, "device_end": -1, "host_queued_end": 1585578095.089929}, "device": "cpu", "nd_range": {"device_start": 2245869.281573657, "device_end": 2245869.282493006}, "cmdq": 2, "read": {"device_start": -1, "device_end": -1}}, "coalesced_transpose3": {"write": {"device_start": -1, "host_queued_start": 1585578095.086683, "device_queued": -1, "device_end": -1, "host_queued_end": 1585578095.089929}, "device": "cpu", "nd_range": {"device_start": 2245869.281567112, "device_end": 2245869.281621181}, "cmdq": 0, "read": {"device_start": -1, "device_end": -1}}, "FFC_sans_bias34": {"write": {"device_start": 1585578029.9122827, "host_queued_start": 1585578095.079653, "device_queued": 1585578029.9096377, "device_end": 1585578029.9122913, "host_queued_end": 1585578095.081754}, "device": "gpu", "nd_range": {"device_start": 1585578029.9122925, "device_end": 1585578029.9123983}, "cmdq": 0, "read": {"device_start": 1585578029.9124017, "device_end": 1585578029.9124088}}, "FFC_sans_bias15": {"write": {"device_start": -1, "host_queued_start": 1585578095.088938, "device_queued": -1, "device_end": -1, "host_queued_end": 1585578095.089929}, "device": "cpu", "nd_range": {"device_start": 2245869.284297556, "device_end": 2245869.285139305}, "cmdq": 3, "read": {"device_start": -1, "device_end": -1}}, "FFC_sans_bias31": {"write": {"device_start": -1, "host_queued_start": 1585578095.074379, "device_queued": -1, "device_end": -1, "host_queued_end": 1585578095.081754}, "device": "gpu", "nd_range": {"device_start": 1585578029.9104416, "device_end": 1585578029.9105477}, "cmdq": 0, "read": {"device_start": -1, "device_end": -1}}, "FFC_sans_bias16": {"write": {"device_start": -1, "host_queued_start": 1585578095.089886, "device_queued": -1, "device_end": -1, "host_queued_end": 1585578095.089929}, "device": "cpu", "nd_range": {"device_start": 2245869.2853430742, "device_end": 2245869.285965307}, "cmdq": 1, "read": {"device_start": -1, "device_end": -1}}, "FFC_sans_bias19": {"write": {"device_start": 1585578029.9082851, "host_queued_start": 1585578095.064054, "device_queued": 1585578029.9081943, "device_end": 1585578029.9083002, "host_queued_end": 1585578095.081754}, "device": "gpu", "nd_range": {"device_start": 1585578029.9083014, "device_end": 1585578029.9084074}, "cmdq": 0, "read": {"device_start": -1, "device_end": -1}}, "FFC_sans_bias18": {"write": {"device_start": 1585578029.9081664, "host_queued_start": 1585578095.063559, "device_queued": 1585578029.908128, "device_end": 1585578029.908175, "host_queued_end": 1585578095.081754}, "device": "gpu", "nd_range": {"device_start": 1585578029.9081762, "device_end": 1585578029.9082837}, "cmdq": 0, "read": {"device_start": -1, "device_end": -1}}, "coalesced_transpose30": {"write": {"device_start": -1, "host_queued_start": 1585578095.072724, "device_queued": -1, "device_end": -1, "host_queued_end": 1585578095.081754}, "device": "gpu", "nd_range": {"device_start": 1585578029.910303, "device_end": 1585578029.9103081}, "cmdq": 0, "read": {"device_start": -1, "device_end": -1}}, "FFC_sans_bias69": {"write": {"device_start": -1, "host_queued_start": 1585578095.078668, "device_queued": -1, "device_end": -1, "host_queued_end": 1585578095.081754}, "device": "gpu", "nd_range": {"device_start": 1585578029.911951, "device_end": 1585578029.9120567}, "cmdq": 0, "read": {"device_start": -1, "device_end": -1}}, "FFC_sans_bias38": {"write": {"device_start": 1585578029.909116, "host_queued_start": 1585578095.067703, "device_queued": 1585578029.9086015, "device_end": 1585578029.9091244, "host_queued_end": 1585578095.081754}, "device": "gpu", "nd_range": {"device_start": 1585578029.9091258, "device_end": 1585578029.9092302}, "cmdq": 0, "read": {"device_start": -1, "device_end": -1}}, "coalesced_transpose57": {"write": {"device_start": -1, "host_queued_start": 1585578095.073539, "device_queued": -1, "device_end": -1, "host_queued_end": 1585578095.081754}, "device": "gpu", "nd_range": {"device_start": 1585578029.9103217, "device_end": 1585578029.9103267}, "cmdq": 0, "read": {"device_start": -1, "device_end": -1}}, "empty26": {"write": {"device_start": 1585578029.9078846, "host_queued_start": 1585578095.060911, "device_queued": 1585578029.90785, "device_end": 1585578029.9078932, "host_queued_end": 1585578095.081754}, "device": "gpu", "nd_range": {"device_start": 1585578029.9079087, "device_end": 1585578029.9079392}, "cmdq": 0, "read": {"device_start": -1, "device_end": -1}}, "coalesced_transpose12": {"write": {"device_start": -1, "host_queued_start": 1585578095.087047, "device_queued": -1, "device_end": -1, "host_queued_end": 1585578095.089929}, "device": "cpu", "nd_range": {"device_start": 2245869.282637684, "device_end": 2245869.2826903453}, "cmdq": 1, "read": {"device_start": -1, "device_end": -1}}, "empty44": {"write": {"device_start": 1585578029.9080105, "host_queued_start": 1585578095.061883, "device_queued": 1585578029.9079866, "device_end": 1585578029.9080193, "host_queued_end": 1585578095.081754}, "device": "gpu", "nd_range": {"device_start": 1585578029.9080203, "device_end": 1585578029.9080238}, "cmdq": 0, "read": {"device_start": -1, "device_end": -1}}, "coalesced_transpose21": {"write": {"device_start": -1, "host_queued_start": 1585578095.07246, "device_queued": -1, "device_end": -1, "host_queued_end": 1585578095.081754}, "device": "gpu", "nd_range": {"device_start": 1585578029.9102962, "device_end": 1585578029.9103022}, "cmdq": 0, "read": {"device_start": -1, "device_end": -1}}, "FFC_sans_bias36": {"write": {"device_start": 1585578029.908883, "host_queued_start": 1585578095.066723, "device_queued": 1585578029.9085214, "device_end": 1585578029.9088917, "host_queued_end": 1585578095.081754}, "device": "gpu", "nd_range": {"device_start": 1585578029.9088933, "device_end": 1585578029.9089985}, "cmdq": 0, "read": {"device_start": -1, "device_end": -1}}, "softmax14": {"write": {"device_start": -1, "host_queued_start": 1585578095.088298, "device_queued": -1, "device_end": -1, "host_queued_end": 1585578095.089929}, "device": "cpu", "nd_range": {"device_start": 2245869.284130964, "device_end": 2245869.2841929533}, "cmdq": 1, "read": {"device_start": -1, "device_end": -1}}, "FFC_sans_bias13": {"write": {"device_start": -1, "host_queued_start": 1585578095.087809, "device_queued": -1, "device_end": -1, "host_queued_end": 1585578095.089929}, "device": "cpu", "nd_range": {"device_start": 2245869.283049669, "device_end": 2245869.284020983}, "cmdq": 3, "read": {"device_start": -1, "device_end": -1}}, "empty8": {"write": {"device_start": -1, "host_queued_start": 1585578095.082522, "device_queued": -1, "device_end": -1, "host_queued_end": 1585578095.089929}, "device": "cpu", "nd_range": {"device_start": 2245869.279497745, "device_end": 2245869.279505854}, "cmdq": 0, "read": {"device_start": -1, "device_end": -1}}, "FFC_sans_bias42": {"write": {"device_start": -1, "host_queued_start": 1585578095.077784, "device_queued": -1, "device_end": -1, "host_queued_end": 1585578095.081754}, "device": "gpu", "nd_range": {"device_start": 1585578029.9116294, "device_end": 1585578029.911736}, "cmdq": 0, "read": {"device_start": -1, "device_end": -1}}, "FFC_sans_bias43": {"write": {"device_start": 1585578029.9124866, "host_queued_start": 1585578095.080144, "device_queued": 1585578029.9097009, "device_end": 1585578029.9124951, "host_queued_end": 1585578095.081754}, "device": "gpu", "nd_range": {"device_start": 1585578029.9124963, "device_end": 1585578029.912602}, "cmdq": 0, "read": {"device_start": 1585578029.912604, "device_end": 1585578029.9126103}}, "FFC_sans_bias40": {"write": {"device_start": -1, "host_queued_start": 1585578095.074707, "device_queued": -1, "device_end": -1, "host_queued_end": 1585578095.081754}, "device": "gpu", "nd_range": {"device_start": 1585578029.9105492, "device_end": 1585578029.9106548}, "cmdq": 0, "read": {"device_start": -1, "device_end": -1}}, "softmax32": {"write": {"device_start": -1, "host_queued_start": 1585578095.07603, "device_queued": -1, "device_end": -1, "host_queued_end": 1585578095.081754}, "device": "gpu", "nd_range": {"device_start": 1585578029.9110515, "device_end": 1585578029.9111218}, "cmdq": 0, "read": {"device_start": -1, "device_end": -1}}, "FFC_sans_bias47": {"write": {"device_start": 1585578029.9094641, "host_queued_start": 1585578095.069202, "device_queued": 1585578029.9087014, "device_end": 1585578029.9094727, "host_queued_end": 1585578095.081754}, "device": "gpu", "nd_range": {"device_start": 1585578029.909474, "device_end": 1585578029.9095795}, "cmdq": 0, "read": {"device_start": -1, "device_end": -1}}, "FFC_sans_bias45": {"write": {"device_start": 1585578029.9092314, "host_queued_start": 1585578095.068207, "device_queued": 1585578029.908634, "device_end": 1585578029.90924, "host_queued_end": 1585578095.081754}, "device": "gpu", "nd_range": {"device_start": 1585578029.9092414, "device_end": 1585578029.9093478}, "cmdq": 0, "read": {"device_start": -1, "device_end": -1}}, "softmax50": {"write": {"device_start": -1, "host_queued_start": 1585578095.076475, "device_queued": -1, "device_end": -1, "host_queued_end": 1585578095.081754}, "device": "gpu", "nd_range": {"device_start": 1585578029.911197, "device_end": 1585578029.9112654}, "cmdq": 0, "read": {"device_start": -1, "device_end": -1}}, "FFC_sans_bias33": {"write": {"device_start": -1, "host_queued_start": 1585578095.077494, "device_queued": -1, "device_end": -1, "host_queued_end": 1585578095.081754}, "device": "gpu", "nd_range": {"device_start": 1585578029.911522, "device_end": 1585578029.9116285}, "cmdq": 0, "read": {"device_start": -1, "device_end": -1}}, "FFC_sans_bias63": {"write": {"device_start": 1585578029.9101799, "host_queued_start": 1585578095.072169, "device_queued": 1585578029.909037, "device_end": 1585578029.9101887, "host_queued_end": 1585578095.081754}, "device": "gpu", "nd_range": {"device_start": 1585578029.9101896, "device_end": 1585578029.9102948}, "cmdq": 0, "read": {"device_start": -1, "device_end": -1}}, "FFC_sans_bias49": {"write": {"device_start": -1, "host_queued_start": 1585578095.075003, "device_queued": -1, "device_end": -1, "host_queued_end": 1585578095.081754}, "device": "gpu", "nd_range": {"device_start": 1585578029.9106562, "device_end": 1585578029.9107618}, "cmdq": 0, "read": {"device_start": -1, "device_end": -1}}, "FFC_sans_bias64": {"write": {"device_start": 1585578029.90994, "host_queued_start": 1585578095.071186, "device_queued": 1585578029.9089684, "device_end": 1585578029.9099488, "host_queued_end": 1585578095.081754}, "device": "gpu", "nd_range": {"device_start": 1585578029.909957, "device_end": 1585578029.910062}, "cmdq": 0, "read": {"device_start": -1, "device_end": -1}}, "FFC_sans_bias65": {"write": {"device_start": 1585578029.9100633, "host_queued_start": 1585578095.071687, "device_queued": 1585578029.9090025, "device_end": 1585578029.9100718, "host_queued_end": 1585578095.081754}, "device": "gpu", "nd_range": {"device_start": 1585578029.910073, "device_end": 1585578029.910179}, "cmdq": 0, "read": {"device_start": -1, "device_end": -1}}, "FFC_sans_bias67": {"write": {"device_start": -1, "host_queued_start": 1585578095.075588, "device_queued": -1, "device_end": -1, "host_queued_end": 1585578095.081754}, "device": "gpu", "nd_range": {"device_start": 1585578029.9108703, "device_end": 1585578029.9109764}, "cmdq": 0, "read": {"device_start": -1, "device_end": -1}}, "FFC_sans_bias24": {"write": {"device_start": -1, "host_queued_start": 1585578095.077216, "device_queued": -1, "device_end": -1, "host_queued_end": 1585578095.081754}, "device": "gpu", "nd_range": {"device_start": 1585578029.9114146, "device_end": 1585578029.911521}, "cmdq": 0, "read": {"device_start": -1, "device_end": -1}}, "FFC_sans_bias25": {"write": {"device_start": 1585578029.9120576, "host_queued_start": 1585578095.079135, "device_queued": 1585578029.909575, "device_end": 1585578029.9120665, "host_queued_end": 1585578095.081754}, "device": "gpu", "nd_range": {"device_start": 1585578029.9120674, "device_end": 1585578029.9121737}, "cmdq": 0, "read": {"device_start": 1585578029.912181, "device_end": 1585578029.912188}}, "FFC_sans_bias27": {"write": {"device_start": 1585578029.9085257, "host_queued_start": 1585578095.065037, "device_queued": 1585578029.9082677, "device_end": 1585578029.9085388, "host_queued_end": 1585578095.081754}, "device": "gpu", "nd_range": {"device_start": 1585578029.90854, "device_end": 1585578029.9086463}, "cmdq": 0, "read": {"device_start": -1, "device_end": -1}}, "FFC_sans_bias20": {"write": {"device_start": 1585578029.9084084, "host_queued_start": 1585578095.064543, "device_queued": 1585578029.9082322, "device_end": 1585578029.9084175, "host_queued_end": 1585578095.081754}, "device": "gpu", "nd_range": {"device_start": 1585578029.9084184, "device_end": 1585578029.908524}, "cmdq": 0, "read": {"device_start": -1, "device_end": -1}}, "FFC_sans_bias22": {"write": {"device_start": -1, "host_queued_start": 1585578095.074096, "device_queued": -1, "device_end": -1, "host_queued_end": 1585578095.081754}, "device": "gpu", "nd_range": {"device_start": 1585578029.9103339, "device_end": 1585578029.9104404}, "cmdq": 0, "read": {"device_start": -1, "device_end": -1}}, "softmax68": {"write": {"device_start": -1, "host_queued_start": 1585578095.076906, "device_queued": -1, "device_end": -1, "host_queued_end": 1585578095.081754}, "device": "gpu", "nd_range": {"device_start": 1585578029.9113429, "device_end": 1585578029.9114137}, "cmdq": 0, "read": {"device_start": -1, "device_end": -1}}, "softmax5": {"write": {"device_start": -1, "host_queued_start": 1585578095.088061, "device_queued": -1, "device_end": -1, "host_queued_end": 1585578095.089929}, "device": "cpu", "nd_range": {"device_start": 2245869.283615293, "device_end": 2245869.283675168}, "cmdq": 0, "read": {"device_start": -1, "device_end": -1}}, "FFC_sans_bias28": {"write": {"device_start": 1585578029.9086478, "host_queued_start": 1585578095.06552, "device_queued": 1585578029.9083292, "device_end": 1585578029.9086561, "host_queued_end": 1585578095.081754}, "device": "gpu", "nd_range": {"device_start": 1585578029.9086576, "device_end": 1585578029.9087625}, "cmdq": 0, "read": {"device_start": -1, "device_end": -1}}, "FFC_sans_bias29": {"write": {"device_start": 1585578029.9087636, "host_queued_start": 1585578095.06617, "device_queued": 1585578029.908482, "device_end": 1585578029.908776, "host_queued_end": 1585578095.081754}, "device": "gpu", "nd_range": {"device_start": 1585578029.9087772, "device_end": 1585578029.908882}, "cmdq": 0, "read": {"device_start": -1, "device_end": -1}}, "empty17": {"write": {"device_start": -1, "host_queued_start": 1585578095.083047, "device_queued": -1, "device_end": -1, "host_queued_end": 1585578095.089929}, "device": "cpu", "nd_range": {"device_start": 2245869.279497755, "device_end": 2245869.279505807}, "cmdq": 1, "read": {"device_start": -1, "device_end": -1}}, "softmax59": {"write": {"device_start": -1, "host_queued_start": 1585578095.076684, "device_queued": -1, "device_end": -1, "host_queued_end": 1585578095.081754}, "device": "gpu", "nd_range": {"device_start": 1585578029.9112663, "device_end": 1585578029.9113417}, "cmdq": 0, "read": {"device_start": -1, "device_end": -1}}, "empty71": {"write": {"device_start": 1585578029.9081151, "host_queued_start": 1585578095.063041, "device_queued": 1585578029.9080946, "device_end": 1585578029.9081237, "host_queued_end": 1585578095.081754}, "device": "gpu", "nd_range": {"device_start": 1585578029.9081247, "device_end": 1585578029.9081283}, "cmdq": 0, "read": {"device_start": -1, "device_end": -1}}, "empty35": {"write": {"device_start": 1585578029.9079714, "host_queued_start": 1585578095.061508, "device_queued": 1585578029.9079494, "device_end": 1585578029.90798, "host_queued_end": 1585578095.081754}, "device": "gpu", "nd_range": {"device_start": 1585578029.9079812, "device_end": 1585578029.9079847}, "cmdq": 0, "read": {"device_start": -1, "device_end": -1}}, "empty53": {"write": {"device_start": 1585578029.9080443, "host_queued_start": 1585578095.062252, "device_queued": 1585578029.908024, "device_end": 1585578029.9080532, "host_queued_end": 1585578095.081754}, "device": "gpu", "nd_range": {"device_start": 1585578029.908054, "device_end": 1585578029.9080575}, "cmdq": 0, "read": {"device_start": -1, "device_end": -1}}, "FFC_sans_bias46": {"write": {"device_start": 1585578029.9093487, "host_queued_start": 1585578095.068712, "device_queued": 1585578029.9086692, "device_end": 1585578029.9093573, "host_queued_end": 1585578095.081754}, "device": "gpu", "nd_range": {"device_start": 1585578029.9093585, "device_end": 1585578029.909463}, "cmdq": 0, "read": {"device_start": -1, "device_end": -1}}, "coalesced_transpose66": {"write": {"device_start": -1, "host_queued_start": 1585578095.073806, "device_queued": -1, "device_end": -1, "host_queued_end": 1585578095.081754}, "device": "gpu", "nd_range": {"device_start": 1585578029.9103277, "device_end": 1585578029.9103324}, "cmdq": 0, "read": {"device_start": -1, "device_end": -1}}, "coalesced_transpose48": {"write": {"device_start": -1, "host_queued_start": 1585578095.073279, "device_queued": -1, "device_end": -1, "host_queued_end": 1585578095.081754}, "device": "gpu", "nd_range": {"device_start": 1585578029.9103155, "device_end": 1585578029.9103208}, "cmdq": 0, "read": {"device_start": -1, "device_end": -1}}}