{"FFC_sans_bias60": {"write": {"device_start": -1, "host_queued_start": 1585578435.395363, "device_queued": -1, "device_end": -1, "host_queued_end": 1585578435.398227}, "device": "gpu", "nd_range": {"device_start": 1585578370.2158918, "device_end": 1585578370.2160532}, "cmdq": 2, "read": {"device_start": -1, "device_end": -1}}, "FFC_sans_bias4": {"write": {"device_start": -1, "host_queued_start": 1585578435.406034, "device_queued": -1, "device_end": -1, "host_queued_end": 1585578435.409934}, "device": "cpu", "nd_range": {"device_start": 2246209.604516991, "device_end": 2246209.606086004}, "cmdq": 0, "read": {"device_start": -1, "device_end": -1}}, "FFC_sans_bias7": {"write": {"device_start": -1, "host_queued_start": 1585578435.408949, "device_queued": -1, "device_end": -1, "host_queued_end": 1585578435.409934}, "device": "cpu", "nd_range": {"device_start": 2246209.607938241, "device_end": 2246209.609054846}, "cmdq": 0, "read": {"device_start": -1, "device_end": -1}}, "FFC_sans_bias6": {"write": {"device_start": -1, "host_queued_start": 1585578435.407767, "device_queued": -1, "device_end": -1, "host_queued_end": 1585578435.409934}, "device": "cpu", "nd_range": {"device_start": 2246209.6062555793, "device_end": 2246209.6078200093}, "cmdq": 0, "read": {"device_start": -1, "device_end": -1}}, "FFC_sans_bias1": {"write": {"device_start": -1, "host_queued_start": 1585578435.401026, "device_queued": -1, "device_end": -1, "host_queued_end": 1585578435.409934}, "device": "cpu", "nd_range": {"device_start": 2246209.5995785194, "device_end": 2246209.600881913}, "cmdq": 1, "read": {"device_start": -1, "device_end": -1}}, "FFC_sans_bias0": {"write": {"device_start": -1, "host_queued_start": 1585578435.400456, "device_queued": -1, "device_end": -1, "host_queued_end": 1585578435.409934}, "device": "cpu", "nd_range": {"device_start": 2246209.5995414923, "device_end": 2246209.6011453723}, "cmdq": 0, "read": {"device_start": -1, "device_end": -1}}, "FFC_sans_bias2": {"write": {"device_start": -1, "host_queued_start": 1585578435.401609, "device_queued": -1, "device_end": -1, "host_queued_end": 1585578435.409934}, "device": "cpu", "nd_range": {"device_start": 2246209.599539391, "device_end": 2246209.601496707}, "cmdq": 2, "read": {"device_start": -1, "device_end": -1}}, "FFC_sans_bias61": {"write": {"device_start": 1585578370.2161133, "host_queued_start": 1585578435.397633, "device_queued": 1585578370.2155275, "device_end": 1585578370.216122, "host_queued_end": 1585578435.398227}, "device": "gpu", "nd_range": {"device_start": 1585578370.216124, "device_end": 1585578370.216352}, "cmdq": 3, "read": {"device_start": 1585578370.2163553, "device_end": 1585578370.2163675}}, "FFC_sans_bias52": {"write": {"device_start": 1585578370.2160544, "host_queued_start": 1585578435.397135, "device_queued": 1585578370.2155066, "device_end": 1585578370.216063, "host_queued_end": 1585578435.398227}, "device": "gpu", "nd_range": {"device_start": 1585578370.216065, "device_end": 1585578370.2163038}, "cmdq": 2, "read": {"device_start": 1585578370.2163138, "device_end": 1585578370.2163212}}, "FFC_sans_bias9": {"write": {"device_start": -1, "host_queued_start": 1585578435.402128, "device_queued": -1, "device_end": -1, "host_queued_end": 1585578435.409934}, "device": "cpu", "nd_range": {"device_start": 2246209.6015109103, "device_end": 2246209.603074144}, "cmdq": 0, "read": {"device_start": -1, "device_end": -1}}, "coalesced_transpose39": {"write": {"device_start": -1, "host_queued_start": 1585578435.390799, "device_queued": -1, "device_end": -1, "host_queued_end": 1585578435.398227}, "device": "gpu", "nd_range": {"device_start": 1585578370.2152278, "device_end": 1585578370.2152765}, "cmdq": 1, "read": {"device_start": -1, "device_end": -1}}, "FFC_sans_bias55": {"write": {"device_start": 1585578370.2149277, "host_queued_start": 1585578435.388708, "device_queued": 1585578370.2148173, "device_end": 1585578370.2149365, "host_queued_end": 1585578435.398227}, "device": "gpu", "nd_range": {"device_start": 1585578370.2149374, "device_end": 1585578370.2151353}, "cmdq": 0, "read": {"device_start": -1, "device_end": -1}}, "FFC_sans_bias54": {"write": {"device_start": 1585578370.2148395, "host_queued_start": 1585578435.388213, "device_queued": 1585578370.2147403, "device_end": 1585578370.214848, "host_queued_end": 1585578435.398227}, "device": "gpu", "nd_range": {"device_start": 1585578370.2148492, "device_end": 1585578370.2151077}, "cmdq": 3, "read": {"device_start": -1, "device_end": -1}}, "FFC_sans_bias56": {"write": {"device_start": 1585578370.214815, "host_queued_start": 1585578435.387717, "device_queued": 1585578370.214711, "device_end": 1585578370.2148244, "host_queued_end": 1585578435.398227}, "device": "gpu", "nd_range": {"device_start": 1585578370.2148259, "device_end": 1585578370.2150283}, "cmdq": 2, "read": {"device_start": -1, "device_end": -1}}, "FFC_sans_bias51": {"write": {"device_start": -1, "host_queued_start": 1585578435.395073, "device_queued": -1, "device_end": -1, "host_queued_end": 1585578435.398227}, "device": "gpu", "nd_range": {"device_start": 1585578370.215803, "device_end": 1585578370.2159657}, "cmdq": 1, "read": {"device_start": -1, "device_end": -1}}, "softmax23": {"write": {"device_start": -1, "host_queued_start": 1585578435.407442, "device_queued": -1, "device_end": -1, "host_queued_end": 1585578435.409934}, "device": "cpu", "nd_range": {"device_start": 2246209.60581822, "device_end": 2246209.605889364}, "cmdq": 2, "read": {"device_start": -1, "device_end": -1}}, "FFC_sans_bias37": {"write": {"device_start": 1585578370.2144516, "host_queued_start": 1585578435.385175, "device_queued": 1585578370.2144277, "device_end": 1585578370.2144606, "host_queued_end": 1585578435.398227}, "device": "gpu", "nd_range": {"device_start": 1585578370.214611, "device_end": 1585578370.2147224}, "cmdq": 1, "read": {"device_start": -1, "device_end": -1}}, "empty62": {"write": {"device_start": 1585578370.2141669, "host_queued_start": 1585578435.382083, "device_queued": 1585578370.2141416, "device_end": 1585578370.2141752, "host_queued_end": 1585578435.398227}, "device": "gpu", "nd_range": {"device_start": 1585578370.21419, "device_end": 1585578370.2141933}, "cmdq": 3, "read": {"device_start": -1, "device_end": -1}}, "FFC_sans_bias70": {"write": {"device_start": 1585578370.2162845, "host_queued_start": 1585578435.398129, "device_queued": 1585578370.2156713, "device_end": 1585578370.2162983, "host_queued_end": 1585578435.398227}, "device": "gpu", "nd_range": {"device_start": 1585578370.2163007, "device_end": 1585578370.21641}, "cmdq": 0, "read": {"device_start": 1585578370.2164164, "device_end": 1585578370.216429}}, "FFC_sans_bias58": {"write": {"device_start": -1, "host_queued_start": 1585578435.392789, "device_queued": -1, "device_end": -1, "host_queued_end": 1585578435.398227}, "device": "gpu", "nd_range": {"device_start": 1585578370.2153468, "device_end": 1585578370.2156608}, "cmdq": 0, "read": {"device_start": -1, "device_end": -1}}, "softmax41": {"write": {"device_start": -1, "host_queued_start": 1585578435.39352, "device_queued": -1, "device_end": -1, "host_queued_end": 1585578435.398227}, "device": "gpu", "nd_range": {"device_start": 1585578370.215564, "device_end": 1585578370.2157485}, "cmdq": 3, "read": {"device_start": -1, "device_end": -1}}, "FFC_sans_bias11": {"write": {"device_start": -1, "host_queued_start": 1585578435.403184, "device_queued": -1, "device_end": -1, "host_queued_end": 1585578435.409934}, "device": "cpu", "nd_range": {"device_start": 2246209.60150247, "device_end": 2246209.602702936}, "cmdq": 2, "read": {"device_start": -1, "device_end": -1}}, "FFC_sans_bias10": {"write": {"device_start": -1, "host_queued_start": 1585578435.402669, "device_queued": -1, "device_end": -1, "host_queued_end": 1585578435.409934}, "device": "cpu", "nd_range": {"device_start": 2246209.600890859, "device_end": 2246209.601734701}, "cmdq": 1, "read": {"device_start": -1, "device_end": -1}}, "coalesced_transpose3": {"write": {"device_start": -1, "host_queued_start": 1585578435.405097, "device_queued": -1, "device_end": -1, "host_queued_end": 1585578435.409934}, "device": "cpu", "nd_range": {"device_start": 2246209.604434024, "device_end": 2246209.604505423}, "cmdq": 0, "read": {"device_start": -1, "device_end": -1}}, "FFC_sans_bias34": {"write": {"device_start": 1585578370.2159512, "host_queued_start": 1585578435.396122, "device_queued": 1585578370.2154486, "device_end": 1585578370.2159595, "host_queued_end": 1585578435.398227}, "device": "gpu", "nd_range": {"device_start": 1585578370.2159617, "device_end": 1585578370.2161653}, "cmdq": 0, "read": {"device_start": 1585578370.216168, "device_end": 1585578370.2161763}}, "FFC_sans_bias15": {"write": {"device_start": -1, "host_queued_start": 1585578435.4081, "device_queued": -1, "device_end": -1, "host_queued_end": 1585578435.409934}, "device": "cpu", "nd_range": {"device_start": 2246209.605960466, "device_end": 2246209.607027532}, "cmdq": 1, "read": {"device_start": -1, "device_end": -1}}, "FFC_sans_bias31": {"write": {"device_start": -1, "host_queued_start": 1585578435.391915, "device_queued": -1, "device_end": -1, "host_queued_end": 1585578435.398227}, "device": "gpu", "nd_range": {"device_start": 1585578370.2153368, "device_end": 1585578370.2154515}, "cmdq": 1, "read": {"device_start": -1, "device_end": -1}}, "FFC_sans_bias16": {"write": {"device_start": -1, "host_queued_start": 1585578435.409436, "device_queued": -1, "device_end": -1, "host_queued_end": 1585578435.409934}, "device": "cpu", "nd_range": {"device_start": 2246209.6071331473, "device_end": 2246209.608702845}, "cmdq": 1, "read": {"device_start": -1, "device_end": -1}}, "FFC_sans_bias19": {"write": {"device_start": -1, "host_queued_start": 1585578435.40419, "device_queued": -1, "device_end": -1, "host_queued_end": 1585578435.409934}, "device": "cpu", "nd_range": {"device_start": 2246209.6017398383, "device_end": 2246209.603666556}, "cmdq": 1, "read": {"device_start": -1, "device_end": -1}}, "FFC_sans_bias18": {"write": {"device_start": -1, "host_queued_start": 1585578435.403688, "device_queued": -1, "device_end": -1, "host_queued_end": 1585578435.409934}, "device": "cpu", "nd_range": {"device_start": 2246209.603202321, "device_end": 2246209.604419421}, "cmdq": 0, "read": {"device_start": -1, "device_end": -1}}, "coalesced_transpose30": {"write": {"device_start": -1, "host_queued_start": 1585578435.390506, "device_queued": -1, "device_end": -1, "host_queued_end": 1585578435.398227}, "device": "gpu", "nd_range": {"device_start": 1585578370.2151363, "device_end": 1585578370.2152581}, "cmdq": 0, "read": {"device_start": -1, "device_end": -1}}, "FFC_sans_bias69": {"write": {"device_start": -1, "host_queued_start": 1585578435.395643, "device_queued": -1, "device_end": -1, "host_queued_end": 1585578435.398227}, "device": "gpu", "nd_range": {"device_start": 1585578370.215897, "device_end": 1585578370.216111}, "cmdq": 3, "read": {"device_start": -1, "device_end": -1}}, "FFC_sans_bias38": {"write": {"device_start": 1585578370.2145343, "host_queued_start": 1585578435.385685, "device_queued": 1585578370.2144523, "device_end": 1585578370.2145429, "host_queued_end": 1585578435.398227}, "device": "gpu", "nd_range": {"device_start": 1585578370.2146246, "device_end": 1585578370.2148128}, "cmdq": 2, "read": {"device_start": -1, "device_end": -1}}, "coalesced_transpose57": {"write": {"device_start": -1, "host_queued_start": 1585578435.39135, "device_queued": -1, "device_end": -1, "host_queued_end": 1585578435.398227}, "device": "gpu", "nd_range": {"device_start": 1585578370.2153332, "device_end": 1585578370.2153423}, "cmdq": 3, "read": {"device_start": -1, "device_end": -1}}, "empty26": {"write": {"device_start": -1, "host_queued_start": 1585578435.399862, "device_queued": -1, "device_end": -1, "host_queued_end": 1585578435.409934}, "device": "cpu", "nd_range": {"device_start": 2246209.599511012, "device_end": 2246209.59952291}, "cmdq": 2, "read": {"device_start": -1, "device_end": -1}}, "coalesced_transpose12": {"write": {"device_start": -1, "host_queued_start": 1585578435.40541, "device_queued": -1, "device_end": -1, "host_queued_end": 1585578435.409934}, "device": "cpu", "nd_range": {"device_start": 2246209.6040601553, "device_end": 2246209.60411422}, "cmdq": 1, "read": {"device_start": -1, "device_end": -1}}, "empty44": {"write": {"device_start": 1585578370.2141128, "host_queued_start": 1585578435.381261, "device_queued": 1585578370.2140896, "device_end": 1585578370.2141218, "host_queued_end": 1585578435.398227}, "device": "gpu", "nd_range": {"device_start": 1585578370.2141774, "device_end": 1585578370.2141845}, "cmdq": 1, "read": {"device_start": -1, "device_end": -1}}, "coalesced_transpose21": {"write": {"device_start": -1, "host_queued_start": 1585578435.405701, "device_queued": -1, "device_end": -1, "host_queued_end": 1585578435.409934}, "device": "cpu", "nd_range": {"device_start": 2246209.60434608, "device_end": 2246209.604414537}, "cmdq": 2, "read": {"device_start": -1, "device_end": -1}}, "FFC_sans_bias36": {"write": {"device_start": 1585578370.2144015, "host_queued_start": 1585578435.384544, "device_queued": 1585578370.2143717, "device_end": 1585578370.2144098, "host_queued_end": 1585578435.398227}, "device": "gpu", "nd_range": {"device_start": 1585578370.2144198, "device_end": 1585578370.214594}, "cmdq": 0, "read": {"device_start": -1, "device_end": -1}}, "softmax14": {"write": {"device_start": -1, "host_queued_start": 1585578435.407209, "device_queued": -1, "device_end": -1, "host_queued_end": 1585578435.409934}, "device": "cpu", "nd_range": {"device_start": 2246209.605905882, "device_end": 2246209.605952882}, "cmdq": 1, "read": {"device_start": -1, "device_end": -1}}, "FFC_sans_bias13": {"write": {"device_start": -1, "host_queued_start": 1585578435.406361, "device_queued": -1, "device_end": -1, "host_queued_end": 1585578435.409934}, "device": "cpu", "nd_range": {"device_start": 2246209.60421969, "device_end": 2246209.6057936973}, "cmdq": 1, "read": {"device_start": -1, "device_end": -1}}, "empty8": {"write": {"device_start": -1, "host_queued_start": 1585578435.398938, "device_queued": -1, "device_end": -1, "host_queued_end": 1585578435.409934}, "device": "cpu", "nd_range": {"device_start": 2246209.599518944, "device_end": 2246209.599523731}, "cmdq": 0, "read": {"device_start": -1, "device_end": -1}}, "FFC_sans_bias42": {"write": {"device_start": -1, "host_queued_start": 1585578435.394776, "device_queued": -1, "device_end": -1, "host_queued_end": 1585578435.398227}, "device": "gpu", "nd_range": {"device_start": 1585578370.2157583, "device_end": 1585578370.215949}, "cmdq": 0, "read": {"device_start": -1, "device_end": -1}}, "FFC_sans_bias43": {"write": {"device_start": 1585578370.215968, "host_queued_start": 1585578435.396629, "device_queued": 1585578370.215486, "device_end": 1585578370.2159765, "host_queued_end": 1585578435.398227}, "device": "gpu", "nd_range": {"device_start": 1585578370.2159784, "device_end": 1585578370.2162468}, "cmdq": 1, "read": {"device_start": 1585578370.216259, "device_end": 1585578370.2162812}}, "FFC_sans_bias40": {"write": {"device_start": -1, "host_queued_start": 1585578435.392208, "device_queued": -1, "device_end": -1, "host_queued_end": 1585578435.398227}, "device": "gpu", "nd_range": {"device_start": 1585578370.2153397, "device_end": 1585578370.2155545}, "cmdq": 2, "read": {"device_start": -1, "device_end": -1}}, "softmax32": {"write": {"device_start": -1, "host_queued_start": 1585578435.393294, "device_queued": -1, "device_end": -1, "host_queued_end": 1585578435.398227}, "device": "gpu", "nd_range": {"device_start": 1585578370.2155566, "device_end": 1585578370.2157397}, "cmdq": 2, "read": {"device_start": -1, "device_end": -1}}, "FFC_sans_bias47": {"write": {"device_start": 1585578370.2147257, "host_queued_start": 1585578435.387221, "device_queued": 1585578370.214685, "device_end": 1585578370.2147353, "host_queued_end": 1585578435.398227}, "device": "gpu", "nd_range": {"device_start": 1585578370.2147732, "device_end": 1585578370.2150106}, "cmdq": 1, "read": {"device_start": -1, "device_end": -1}}, "FFC_sans_bias45": {"write": {"device_start": 1585578370.2145567, "host_queued_start": 1585578435.386176, "device_queued": 1585578370.214478, "device_end": 1585578370.2145655, "host_queued_end": 1585578435.398227}, "device": "gpu", "nd_range": {"device_start": 1585578370.2146394, "device_end": 1585578370.214836}, "cmdq": 3, "read": {"device_start": -1, "device_end": -1}}, "softmax50": {"write": {"device_start": -1, "host_queued_start": 1585578435.393739, "device_queued": -1, "device_end": -1, "host_queued_end": 1585578435.398227}, "device": "gpu", "nd_range": {"device_start": 1585578370.2156646, "device_end": 1585578370.215754}, "cmdq": 0, "read": {"device_start": -1, "device_end": -1}}, "FFC_sans_bias33": {"write": {"device_start": -1, "host_queued_start": 1585578435.394468, "device_queued": -1, "device_end": -1, "host_queued_end": 1585578435.398227}, "device": "gpu", "nd_range": {"device_start": 1585578370.2157502, "device_end": 1585578370.2158635}, "cmdq": 3, "read": {"device_start": -1, "device_end": -1}}, "FFC_sans_bias63": {"write": {"device_start": 1585578370.21511, "host_queued_start": 1585578435.3902, "device_queued": 1585578370.2149136, "device_end": 1585578370.2151186, "host_queued_end": 1585578435.398227}, "device": "gpu", "nd_range": {"device_start": 1585578370.2151196, "device_end": 1585578370.2153323}, "cmdq": 3, "read": {"device_start": -1, "device_end": -1}}, "FFC_sans_bias49": {"write": {"device_start": -1, "host_queued_start": 1585578435.392493, "device_queued": -1, "device_end": -1, "host_queued_end": 1585578435.398227}, "device": "gpu", "nd_range": {"device_start": 1585578370.2153444, "device_end": 1585578370.2155604}, "cmdq": 3, "read": {"device_start": -1, "device_end": -1}}, "FFC_sans_bias64": {"write": {"device_start": 1585578370.2150116, "host_queued_start": 1585578435.389204, "device_queued": 1585578370.2148714, "device_end": 1585578370.2150204, "host_queued_end": 1585578435.398227}, "device": "gpu", "nd_range": {"device_start": 1585578370.2150452, "device_end": 1585578370.2152264}, "cmdq": 1, "read": {"device_start": -1, "device_end": -1}}, "FFC_sans_bias65": {"write": {"device_start": 1585578370.2150311, "host_queued_start": 1585578435.389704, "device_queued": 1585578370.214893, "device_end": 1585578370.2150397, "host_queued_end": 1585578435.398227}, "device": "gpu", "nd_range": {"device_start": 1585578370.215054, "device_end": 1585578370.215298}, "cmdq": 2, "read": {"device_start": -1, "device_end": -1}}, "FFC_sans_bias67": {"write": {"device_start": -1, "host_queued_start": 1585578435.393078, "device_queued": -1, "device_end": -1, "host_queued_end": 1585578435.398227}, "device": "gpu", "nd_range": {"device_start": 1585578370.215454, "device_end": 1585578370.2156935}, "cmdq": 1, "read": {"device_start": -1, "device_end": -1}}, "FFC_sans_bias24": {"write": {"device_start": -1, "host_queued_start": 1585578435.408424, "device_queued": -1, "device_end": -1, "host_queued_end": 1585578435.409934}, "device": "cpu", "nd_range": {"device_start": 2246209.605998108, "device_end": 2246209.6074563023}, "cmdq": 2, "read": {"device_start": -1, "device_end": -1}}, "FFC_sans_bias25": {"write": {"device_start": -1, "host_queued_start": 1585578435.40989, "device_queued": -1, "device_end": -1, "host_queued_end": 1585578435.409934}, "device": "cpu", "nd_range": {"device_start": 2246209.607463033, "device_end": 2246209.6090271072}, "cmdq": 2, "read": {"device_start": -1, "device_end": -1}}, "FFC_sans_bias27": {"write": {"device_start": 1585578370.21426, "host_queued_start": 1585578435.383047, "device_queued": 1585578370.2142355, "device_end": 1585578370.214272, "host_queued_end": 1585578435.398227}, "device": "gpu", "nd_range": {"device_start": 1585578370.2143326, "device_end": 1585578370.2144432}, "cmdq": 1, "read": {"device_start": -1, "device_end": -1}}, "FFC_sans_bias20": {"write": {"device_start": -1, "host_queued_start": 1585578435.404789, "device_queued": -1, "device_end": -1, "host_queued_end": 1585578435.409934}, "device": "cpu", "nd_range": {"device_start": 2246209.60301215, "device_end": 2246209.604233541}, "cmdq": 2, "read": {"device_start": -1, "device_end": -1}}, "FFC_sans_bias22": {"write": {"device_start": -1, "host_queued_start": 1585578435.406697, "device_queued": -1, "device_end": -1, "host_queued_end": 1585578435.409934}, "device": "cpu", "nd_range": {"device_start": 2246209.6047430793, "device_end": 2246209.605714288}, "cmdq": 2, "read": {"device_start": -1, "device_end": -1}}, "softmax68": {"write": {"device_start": -1, "host_queued_start": 1585578435.39418, "device_queued": -1, "device_end": -1, "host_queued_end": 1585578435.398227}, "device": "gpu", "nd_range": {"device_start": 1585578370.2157428, "device_end": 1585578370.2158892}, "cmdq": 2, "read": {"device_start": -1, "device_end": -1}}, "softmax5": {"write": {"device_start": -1, "host_queued_start": 1585578435.406954, "device_queued": -1, "device_end": -1, "host_queued_end": 1585578435.409934}, "device": "cpu", "nd_range": {"device_start": 2246209.606200539, "device_end": 2246209.606247844}, "cmdq": 0, "read": {"device_start": -1, "device_end": -1}}, "FFC_sans_bias28": {"write": {"device_start": 1585578370.214287, "host_queued_start": 1585578435.383545, "device_queued": 1585578370.214261, "device_end": 1585578370.2142956, "host_queued_end": 1585578435.398227}, "device": "gpu", "nd_range": {"device_start": 1585578370.2143443, "device_end": 1585578370.2145321}, "cmdq": 2, "read": {"device_start": -1, "device_end": -1}}, "FFC_sans_bias29": {"write": {"device_start": 1585578370.2143202, "host_queued_start": 1585578435.384048, "device_queued": 1585578370.2142956, "device_end": 1585578370.214329, "host_queued_end": 1585578435.398227}, "device": "gpu", "nd_range": {"device_start": 1585578370.2143567, "device_end": 1585578370.2145548}, "cmdq": 3, "read": {"device_start": -1, "device_end": -1}}, "empty17": {"write": {"device_start": -1, "host_queued_start": 1585578435.399441, "device_queued": -1, "device_end": -1, "host_queued_end": 1585578435.409934}, "device": "cpu", "nd_range": {"device_start": 2246209.5995603753, "device_end": 2246209.599564319}, "cmdq": 1, "read": {"device_start": -1, "device_end": -1}}, "softmax59": {"write": {"device_start": -1, "host_queued_start": 1585578435.393956, "device_queued": -1, "device_end": -1, "host_queued_end": 1585578435.398227}, "device": "gpu", "nd_range": {"device_start": 1585578370.2156968, "device_end": 1585578370.2158005}, "cmdq": 1, "read": {"device_start": -1, "device_end": -1}}, "empty71": {"write": {"device_start": 1585578370.2142212, "host_queued_start": 1585578435.3825, "device_queued": 1585578370.2141986, "device_end": 1585578370.2142298, "host_queued_end": 1585578435.398227}, "device": "gpu", "nd_range": {"device_start": 1585578370.2142308, "device_end": 1585578370.214234}, "cmdq": 0, "read": {"device_start": -1, "device_end": -1}}, "empty35": {"write": {"device_start": 1585578370.2140484, "host_queued_start": 1585578435.38066, "device_queued": 1585578370.214014, "device_end": 1585578370.214057, "host_queued_end": 1585578435.398227}, "device": "gpu", "nd_range": {"device_start": 1585578370.2140715, "device_end": 1585578370.2140844}, "cmdq": 0, "read": {"device_start": -1, "device_end": -1}}, "empty53": {"write": {"device_start": 1585578370.214139, "host_queued_start": 1585578435.381659, "device_queued": 1585578370.214115, "device_end": 1585578370.2141476, "host_queued_end": 1585578435.398227}, "device": "gpu", "nd_range": {"device_start": 1585578370.214182, "device_end": 1585578370.2141862}, "cmdq": 2, "read": {"device_start": -1, "device_end": -1}}, "FFC_sans_bias46": {"write": {"device_start": 1585578370.2146695, "host_queued_start": 1585578435.38672, "device_queued": 1585578370.2146451, "device_end": 1585578370.214678, "host_queued_end": 1585578435.398227}, "device": "gpu", "nd_range": {"device_start": 1585578370.2146792, "device_end": 1585578370.2149239}, "cmdq": 0, "read": {"device_start": -1, "device_end": -1}}, "coalesced_transpose66": {"write": {"device_start": -1, "host_queued_start": 1585578435.391614, "device_queued": -1, "device_end": -1, "host_queued_end": 1585578435.398227}, "device": "gpu", "nd_range": {"device_start": 1585578370.2152598, "device_end": 1585578370.2152803}, "cmdq": 0, "read": {"device_start": -1, "device_end": -1}}, "coalesced_transpose48": {"write": {"device_start": -1, "host_queued_start": 1585578435.391076, "device_queued": -1, "device_end": -1, "host_queued_end": 1585578435.398227}, "device": "gpu", "nd_range": {"device_start": 1585578370.215299, "device_end": 1585578370.2153122}, "cmdq": 2, "read": {"device_start": -1, "device_end": -1}}}