{"FFC_sans_bias60": {"write": {"device_start": -1, "host_queued_start": 1585578462.2163, "device_queued": -1, "device_end": -1, "host_queued_end": 1585578462.218734}, "device": "gpu", "nd_range": {"device_start": 1585578397.0351393, "device_end": 1585578397.0352774}, "cmdq": 2, "read": {"device_start": -1, "device_end": -1}}, "FFC_sans_bias4": {"write": {"device_start": -1, "host_queued_start": 1585578462.228651, "device_queued": -1, "device_end": -1, "host_queued_end": 1585578462.23387}, "device": "cpu", "nd_range": {"device_start": 2246236.429661301, "device_end": 2246236.431601005}, "cmdq": 0, "read": {"device_start": -1, "device_end": -1}}, "FFC_sans_bias7": {"write": {"device_start": -1, "host_queued_start": 1585578462.23246, "device_queued": -1, "device_end": -1, "host_queued_end": 1585578462.23387}, "device": "cpu", "nd_range": {"device_start": 2246236.4339169892, "device_end": 2246236.435836522}, "cmdq": 0, "read": {"device_start": -1, "device_end": -1}}, "FFC_sans_bias6": {"write": {"device_start": -1, "host_queued_start": 1585578462.230944, "device_queued": -1, "device_end": -1, "host_queued_end": 1585578462.23387}, "device": "cpu", "nd_range": {"device_start": 2246236.4318776974, "device_end": 2246236.4338098504}, "cmdq": 0, "read": {"device_start": -1, "device_end": -1}}, "FFC_sans_bias1": {"write": {"device_start": -1, "host_queued_start": 1585578462.221883, "device_queued": -1, "device_end": -1, "host_queued_end": 1585578462.23387}, "device": "cpu", "nd_range": {"device_start": 2246236.423479672, "device_end": 2246236.4254302713}, "cmdq": 1, "read": {"device_start": -1, "device_end": -1}}, "FFC_sans_bias0": {"write": {"device_start": -1, "host_queued_start": 1585578462.22138, "device_queued": -1, "device_end": -1, "host_queued_end": 1585578462.23387}, "device": "cpu", "nd_range": {"device_start": 2246236.4234796274, "device_end": 2246236.425441826}, "cmdq": 0, "read": {"device_start": -1, "device_end": -1}}, "FFC_sans_bias2": {"write": {"device_start": -1, "host_queued_start": 1585578462.222396, "device_queued": -1, "device_end": -1, "host_queued_end": 1585578462.23387}, "device": "cpu", "nd_range": {"device_start": 2246236.423541456, "device_end": 2246236.425722322}, "cmdq": 2, "read": {"device_start": -1, "device_end": -1}}, "FFC_sans_bias61": {"write": {"device_start": 1585578397.0352798, "host_queued_start": 1585578462.218094, "device_queued": 1585578397.0348902, "device_end": 1585578397.035288, "host_queued_end": 1585578462.218734}, "device": "gpu", "nd_range": {"device_start": 1585578397.0352895, "device_end": 1585578397.035483}, "cmdq": 2, "read": {"device_start": 1585578397.0354917, "device_end": 1585578397.0354986}}, "FFC_sans_bias52": {"write": {"device_start": 1585578397.0352654, "host_queued_start": 1585578462.217579, "device_queued": 1585578397.034868, "device_end": 1585578397.0352738, "host_queued_end": 1585578462.218734}, "device": "gpu", "nd_range": {"device_start": 1585578397.0352752, "device_end": 1585578397.0354252}, "cmdq": 1, "read": {"device_start": 1585578397.0354264, "device_end": 1585578397.0354338}}, "FFC_sans_bias9": {"write": {"device_start": -1, "host_queued_start": 1585578462.222934, "device_queued": -1, "device_end": -1, "host_queued_end": 1585578462.23387}, "device": "cpu", "nd_range": {"device_start": 2246236.423999078, "device_end": 2246236.425940656}, "cmdq": 3, "read": {"device_start": -1, "device_end": -1}}, "coalesced_transpose39": {"write": {"device_start": -1, "host_queued_start": 1585578462.212539, "device_queued": -1, "device_end": -1, "host_queued_end": 1585578462.218734}, "device": "gpu", "nd_range": {"device_start": 1585578397.0346532, "device_end": 1585578397.03476}, "cmdq": 0, "read": {"device_start": -1, "device_end": -1}}, "FFC_sans_bias55": {"write": {"device_start": 1585578397.0343938, "host_queued_start": 1585578462.210734, "device_queued": 1585578397.0343716, "device_end": 1585578397.0344024, "host_queued_end": 1585578462.218734}, "device": "gpu", "nd_range": {"device_start": 1585578397.0344033, "device_end": 1585578397.0346522}, "cmdq": 0, "read": {"device_start": -1, "device_end": -1}}, "FFC_sans_bias54": {"write": {"device_start": 1585578397.0343287, "host_queued_start": 1585578462.210177, "device_queued": 1585578397.0343046, "device_end": 1585578397.0343373, "host_queued_end": 1585578462.218734}, "device": "gpu", "nd_range": {"device_start": 1585578397.034367, "device_end": 1585578397.0345607}, "cmdq": 3, "read": {"device_start": -1, "device_end": -1}}, "FFC_sans_bias56": {"write": {"device_start": 1585578397.0342617, "host_queued_start": 1585578462.209683, "device_queued": 1585578397.0341785, "device_end": 1585578397.0342703, "host_queued_end": 1585578462.218734}, "device": "gpu", "nd_range": {"device_start": 1585578397.0343544, "device_end": 1585578397.0345411}, "cmdq": 2, "read": {"device_start": -1, "device_end": -1}}, "FFC_sans_bias51": {"write": {"device_start": -1, "host_queued_start": 1585578462.216008, "device_queued": -1, "device_end": -1, "host_queued_end": 1585578462.218734}, "device": "gpu", "nd_range": {"device_start": 1585578397.0350583, "device_end": 1585578397.035264}, "cmdq": 1, "read": {"device_start": -1, "device_end": -1}}, "softmax23": {"write": {"device_start": -1, "host_queued_start": 1585578462.230366, "device_queued": -1, "device_end": -1, "host_queued_end": 1585578462.23387}, "device": "cpu", "nd_range": {"device_start": 2246236.432268688, "device_end": 2246236.432330422}, "cmdq": 2, "read": {"device_start": -1, "device_end": -1}}, "FFC_sans_bias37": {"write": {"device_start": 1585578397.033988, "host_queued_start": 1585578462.207003, "device_queued": 1585578397.0339637, "device_end": 1585578397.0339966, "host_queued_end": 1585578462.218734}, "device": "gpu", "nd_range": {"device_start": 1585578397.0340571, "device_end": 1585578397.0341663}, "cmdq": 1, "read": {"device_start": -1, "device_end": -1}}, "empty62": {"write": {"device_start": 1585578397.0338614, "host_queued_start": 1585578462.205512, "device_queued": 1585578397.0338376, "device_end": 1585578397.033872, "host_queued_end": 1585578462.218734}, "device": "gpu", "nd_range": {"device_start": 1585578397.0339062, "device_end": 1585578397.03391}, "cmdq": 2, "read": {"device_start": -1, "device_end": -1}}, "FFC_sans_bias70": {"write": {"device_start": 1585578397.0355473, "host_queued_start": 1585578462.218621, "device_queued": 1585578397.0350184, "device_end": 1585578397.0355558, "host_queued_end": 1585578462.218734}, "device": "gpu", "nd_range": {"device_start": 1585578397.0355573, "device_end": 1585578397.0356636}, "cmdq": 3, "read": {"device_start": 1585578397.0356677, "device_end": 1585578397.035674}}, "FFC_sans_bias58": {"write": {"device_start": -1, "host_queued_start": 1585578462.214233, "device_queued": -1, "device_end": -1, "host_queued_end": 1585578462.218734}, "device": "gpu", "nd_range": {"device_start": 1585578397.0347738, "device_end": 1585578397.0350087}, "cmdq": 2, "read": {"device_start": -1, "device_end": -1}}, "softmax41": {"write": {"device_start": -1, "host_queued_start": 1585578462.214768, "device_queued": -1, "device_end": -1, "host_queued_end": 1585578462.218734}, "device": "gpu", "nd_range": {"device_start": 1585578397.0348835, "device_end": 1585578397.0350497}, "cmdq": 0, "read": {"device_start": -1, "device_end": -1}}, "FFC_sans_bias11": {"write": {"device_start": -1, "host_queued_start": 1585578462.223949, "device_queued": -1, "device_end": -1, "host_queued_end": 1585578462.23387}, "device": "cpu", "nd_range": {"device_start": 2246236.425436612, "device_end": 2246236.4273517183}, "cmdq": 1, "read": {"device_start": -1, "device_end": -1}}, "FFC_sans_bias10": {"write": {"device_start": -1, "host_queued_start": 1585578462.223439, "device_queued": -1, "device_end": -1, "host_queued_end": 1585578462.23387}, "device": "cpu", "nd_range": {"device_start": 2246236.42544884, "device_end": 2246236.4273641533}, "cmdq": 0, "read": {"device_start": -1, "device_end": -1}}, "coalesced_transpose3": {"write": {"device_start": -1, "host_queued_start": 1585578462.227306, "device_queued": -1, "device_end": -1, "host_queued_end": 1585578462.23387}, "device": "cpu", "nd_range": {"device_start": 2246236.429497153, "device_end": 2246236.429551124}, "cmdq": 0, "read": {"device_start": -1, "device_end": -1}}, "FFC_sans_bias34": {"write": {"device_start": -1, "host_queued_start": 1585578462.233826, "device_queued": -1, "device_end": -1, "host_queued_end": 1585578462.23387}, "device": "cpu", "nd_range": {"device_start": 2246236.434466951, "device_end": 2246236.4361568643}, "cmdq": 3, "read": {"device_start": -1, "device_end": -1}}, "FFC_sans_bias15": {"write": {"device_start": -1, "host_queued_start": 1585578462.231252, "device_queued": -1, "device_end": -1, "host_queued_end": 1585578462.23387}, "device": "cpu", "nd_range": {"device_start": 2246236.4324583663, "device_end": 2246236.434502428}, "cmdq": 1, "read": {"device_start": -1, "device_end": -1}}, "FFC_sans_bias31": {"write": {"device_start": -1, "host_queued_start": 1585578462.229605, "device_queued": -1, "device_end": -1, "host_queued_end": 1585578462.23387}, "device": "cpu", "nd_range": {"device_start": 2246236.430165897, "device_end": 2246236.432266768}, "cmdq": 3, "read": {"device_start": -1, "device_end": -1}}, "FFC_sans_bias16": {"write": {"device_start": -1, "host_queued_start": 1585578462.232916, "device_queued": -1, "device_end": -1, "host_queued_end": 1585578462.23387}, "device": "cpu", "nd_range": {"device_start": 2246236.434556487, "device_end": 2246236.4363623112}, "cmdq": 1, "read": {"device_start": -1, "device_end": -1}}, "FFC_sans_bias19": {"write": {"device_start": -1, "host_queued_start": 1585578462.22496, "device_queued": -1, "device_end": -1, "host_queued_end": 1585578462.23387}, "device": "cpu", "nd_range": {"device_start": 2246236.426060276, "device_end": 2246236.42799236}, "cmdq": 3, "read": {"device_start": -1, "device_end": -1}}, "FFC_sans_bias18": {"write": {"device_start": -1, "host_queued_start": 1585578462.224456, "device_queued": -1, "device_end": -1, "host_queued_end": 1585578462.23387}, "device": "cpu", "nd_range": {"device_start": 2246236.425835377, "device_end": 2246236.427760762}, "cmdq": 2, "read": {"device_start": -1, "device_end": -1}}, "coalesced_transpose30": {"write": {"device_start": -1, "host_queued_start": 1585578462.228321, "device_queued": -1, "device_end": -1, "host_queued_end": 1585578462.23387}, "device": "cpu", "nd_range": {"device_start": 2246236.430050286, "device_end": 2246236.430156261}, "cmdq": 3, "read": {"device_start": -1, "device_end": -1}}, "FFC_sans_bias69": {"write": {"device_start": -1, "host_queued_start": 1585578462.216593, "device_queued": -1, "device_end": -1, "host_queued_end": 1585578462.218734}, "device": "gpu", "nd_range": {"device_start": 1585578397.0353274, "device_end": 1585578397.0355456}, "cmdq": 3, "read": {"device_start": -1, "device_end": -1}}, "FFC_sans_bias38": {"write": {"device_start": 1585578397.0340176, "host_queued_start": 1585578462.207525, "device_queued": 1585578397.0339892, "device_end": 1585578397.0340266, "host_queued_end": 1585578462.218734}, "device": "gpu", "nd_range": {"device_start": 1585578397.0340686, "device_end": 1585578397.0342596}, "cmdq": 2, "read": {"device_start": -1, "device_end": -1}}, "coalesced_transpose57": {"write": {"device_start": -1, "host_queued_start": 1585578462.213085, "device_queued": -1, "device_end": -1, "host_queued_end": 1585578462.218734}, "device": "gpu", "nd_range": {"device_start": 1585578397.0347574, "device_end": 1585578397.0347729}, "cmdq": 2, "read": {"device_start": -1, "device_end": -1}}, "empty26": {"write": {"device_start": -1, "host_queued_start": 1585578462.220342, "device_queued": -1, "device_end": -1, "host_queued_end": 1585578462.23387}, "device": "cpu", "nd_range": {"device_start": 2246236.423499096, "device_end": 2246236.423503085}, "cmdq": 2, "read": {"device_start": -1, "device_end": -1}}, "coalesced_transpose12": {"write": {"device_start": -1, "host_queued_start": 1585578462.22769, "device_queued": -1, "device_end": -1, "host_queued_end": 1585578462.23387}, "device": "cpu", "nd_range": {"device_start": 2246236.429857104, "device_end": 2246236.430046378}, "cmdq": 1, "read": {"device_start": -1, "device_end": -1}}, "empty44": {"write": {"device_start": 1585578397.033767, "host_queued_start": 1585578462.204508, "device_queued": 1585578397.0337186, "device_end": 1585578397.0337799, "host_queued_end": 1585578462.218734}, "device": "gpu", "nd_range": {"device_start": 1585578397.0337954, "device_end": 1585578397.0338078}, "cmdq": 0, "read": {"device_start": -1, "device_end": -1}}, "coalesced_transpose21": {"write": {"device_start": -1, "host_queued_start": 1585578462.227998, "device_queued": -1, "device_end": -1, "host_queued_end": 1585578462.23387}, "device": "cpu", "nd_range": {"device_start": 2246236.429976663, "device_end": 2246236.4300291752}, "cmdq": 2, "read": {"device_start": -1, "device_end": -1}}, "FFC_sans_bias36": {"write": {"device_start": 1585578397.0339444, "host_queued_start": 1585578462.206484, "device_queued": 1585578397.0339215, "device_end": 1585578397.0339532, "host_queued_end": 1585578462.218734}, "device": "gpu", "nd_range": {"device_start": 1585578397.033957, "device_end": 1585578397.034066}, "cmdq": 0, "read": {"device_start": -1, "device_end": -1}}, "softmax14": {"write": {"device_start": -1, "host_queued_start": 1585578462.230128, "device_queued": -1, "device_end": -1, "host_queued_end": 1585578462.23387}, "device": "cpu", "nd_range": {"device_start": 2246236.432225107, "device_end": 2246236.432408751}, "cmdq": 1, "read": {"device_start": -1, "device_end": -1}}, "FFC_sans_bias13": {"write": {"device_start": -1, "host_queued_start": 1585578462.228973, "device_queued": -1, "device_end": -1, "host_queued_end": 1585578462.23387}, "device": "cpu", "nd_range": {"device_start": 2246236.430095109, "device_end": 2246236.432213339}, "cmdq": 1, "read": {"device_start": -1, "device_end": -1}}, "empty8": {"write": {"device_start": -1, "host_queued_start": 1585578462.219422, "device_queued": -1, "device_end": -1, "host_queued_end": 1585578462.23387}, "device": "cpu", "nd_range": {"device_start": 2246236.423449588, "device_end": 2246236.423459663}, "cmdq": 0, "read": {"device_start": -1, "device_end": -1}}, "FFC_sans_bias42": {"write": {"device_start": -1, "host_queued_start": 1585578462.21573, "device_queued": -1, "device_end": -1, "host_queued_end": 1585578462.218734}, "device": "gpu", "nd_range": {"device_start": 1585578397.0350518, "device_end": 1585578397.0351677}, "cmdq": 0, "read": {"device_start": -1, "device_end": -1}}, "FFC_sans_bias43": {"write": {"device_start": 1585578397.035169, "host_queued_start": 1585578462.217067, "device_queued": 1585578397.0348322, "device_end": 1585578397.0351772, "host_queued_end": 1585578462.218734}, "device": "gpu", "nd_range": {"device_start": 1585578397.0351787, "device_end": 1585578397.0353658}, "cmdq": 0, "read": {"device_start": 1585578397.0353773, "device_end": 1585578397.0353901}}, "FFC_sans_bias40": {"write": {"device_start": -1, "host_queued_start": 1585578462.213649, "device_queued": -1, "device_end": -1, "host_queued_end": 1585578462.218734}, "device": "gpu", "nd_range": {"device_start": 1585578397.0347614, "device_end": 1585578397.0348785}, "cmdq": 0, "read": {"device_start": -1, "device_end": -1}}, "softmax32": {"write": {"device_start": -1, "host_queued_start": 1585578462.230626, "device_queued": -1, "device_end": -1, "host_queued_end": 1585578462.23387}, "device": "cpu", "nd_range": {"device_start": 2246236.4322818043, "device_end": 2246236.4323564502}, "cmdq": 3, "read": {"device_start": -1, "device_end": -1}}, "FFC_sans_bias47": {"write": {"device_start": 1585578397.0341794, "host_queued_start": 1585578462.209186, "device_queued": 1585578397.0341556, "device_end": 1585578397.0341895, "host_queued_end": 1585578462.218734}, "device": "gpu", "nd_range": {"device_start": 1585578397.0343404, "device_end": 1585578397.0344503}, "cmdq": 1, "read": {"device_start": -1, "device_end": -1}}, "FFC_sans_bias45": {"write": {"device_start": 1585578397.0340457, "host_queued_start": 1585578462.208033, "device_queued": 1585578397.034021, "device_end": 1585578397.0340545, "host_queued_end": 1585578462.218734}, "device": "gpu", "nd_range": {"device_start": 1585578397.034091, "device_end": 1585578397.034277}, "cmdq": 3, "read": {"device_start": -1, "device_end": -1}}, "softmax50": {"write": {"device_start": -1, "host_queued_start": 1585578462.215006, "device_queued": -1, "device_end": -1, "host_queued_end": 1585578462.218734}, "device": "gpu", "nd_range": {"device_start": 1585578397.0349736, "device_end": 1585578397.035056}, "cmdq": 1, "read": {"device_start": -1, "device_end": -1}}, "FFC_sans_bias33": {"write": {"device_start": -1, "host_queued_start": 1585578462.231923, "device_queued": -1, "device_end": -1, "host_queued_end": 1585578462.23387}, "device": "cpu", "nd_range": {"device_start": 2246236.432367838, "device_end": 2246236.434458931}, "cmdq": 3, "read": {"device_start": -1, "device_end": -1}}, "FFC_sans_bias63": {"write": {"device_start": 1585578397.0345626, "host_queued_start": 1585578462.212236, "device_queued": 1585578397.0344603, "device_end": 1585578397.0345714, "host_queued_end": 1585578462.218734}, "device": "gpu", "nd_range": {"device_start": 1585578397.0345726, "device_end": 1585578397.0348253}, "cmdq": 3, "read": {"device_start": -1, "device_end": -1}}, "FFC_sans_bias49": {"write": {"device_start": -1, "host_queued_start": 1585578462.213941, "device_queued": -1, "device_end": -1, "host_queued_end": 1585578462.218734}, "device": "gpu", "nd_range": {"device_start": 1585578397.0347683, "device_end": 1585578397.0349712}, "cmdq": 1, "read": {"device_start": -1, "device_end": -1}}, "FFC_sans_bias64": {"write": {"device_start": 1585578397.0344524, "host_queued_start": 1585578462.21124, "device_queued": 1585578397.0344086, "device_end": 1585578397.034461, "host_queued_end": 1585578462.218734}, "device": "gpu", "nd_range": {"device_start": 1585578397.0344887, "device_end": 1585578397.0347326}, "cmdq": 1, "read": {"device_start": -1, "device_end": -1}}, "FFC_sans_bias65": {"write": {"device_start": 1585578397.0345435, "host_queued_start": 1585578462.211742, "device_queued": 1585578397.034432, "device_end": 1585578397.0345519, "host_queued_end": 1585578462.218734}, "device": "gpu", "nd_range": {"device_start": 1585578397.0345533, "device_end": 1585578397.0347562}, "cmdq": 2, "read": {"device_start": -1, "device_end": -1}}, "FFC_sans_bias67": {"write": {"device_start": -1, "host_queued_start": 1585578462.214509, "device_queued": -1, "device_end": -1, "host_queued_end": 1585578462.218734}, "device": "gpu", "nd_range": {"device_start": 1585578397.0349529, "device_end": 1585578397.0350742}, "cmdq": 3, "read": {"device_start": -1, "device_end": -1}}, "FFC_sans_bias24": {"write": {"device_start": -1, "host_queued_start": 1585578462.231575, "device_queued": -1, "device_end": -1, "host_queued_end": 1585578462.23387}, "device": "cpu", "nd_range": {"device_start": 2246236.432342894, "device_end": 2246236.434542192}, "cmdq": 2, "read": {"device_start": -1, "device_end": -1}}, "FFC_sans_bias25": {"write": {"device_start": -1, "host_queued_start": 1585578462.233373, "device_queued": -1, "device_end": -1, "host_queued_end": 1585578462.23387}, "device": "cpu", "nd_range": {"device_start": 2246236.434709546, "device_end": 2246236.436392614}, "cmdq": 2, "read": {"device_start": -1, "device_end": -1}}, "FFC_sans_bias27": {"write": {"device_start": -1, "host_queued_start": 1585578462.225975, "device_queued": -1, "device_end": -1, "host_queued_end": 1585578462.23387}, "device": "cpu", "nd_range": {"device_start": 2246236.42741492, "device_end": 2246236.429820912}, "cmdq": 1, "read": {"device_start": -1, "device_end": -1}}, "FFC_sans_bias20": {"write": {"device_start": -1, "host_queued_start": 1585578462.22547, "device_queued": -1, "device_end": -1, "host_queued_end": 1585578462.23387}, "device": "cpu", "nd_range": {"device_start": 2246236.4274377883, "device_end": 2246236.429373801}, "cmdq": 0, "read": {"device_start": -1, "device_end": -1}}, "FFC_sans_bias22": {"write": {"device_start": -1, "host_queued_start": 1585578462.229298, "device_queued": -1, "device_end": -1, "host_queued_end": 1585578462.23387}, "device": "cpu", "nd_range": {"device_start": 2246236.430058254, "device_end": 2246236.4321528273}, "cmdq": 2, "read": {"device_start": -1, "device_end": -1}}, "softmax68": {"write": {"device_start": -1, "host_queued_start": 1585578462.21544, "device_queued": -1, "device_end": -1, "host_queued_end": 1585578462.218734}, "device": "gpu", "nd_range": {"device_start": 1585578397.0350754, "device_end": 1585578397.0353253}, "cmdq": 3, "read": {"device_start": -1, "device_end": -1}}, "softmax5": {"write": {"device_start": -1, "host_queued_start": 1585578462.229874, "device_queued": -1, "device_end": -1, "host_queued_end": 1585578462.23387}, "device": "cpu", "nd_range": {"device_start": 2246236.431710556, "device_end": 2246236.4317660322}, "cmdq": 0, "read": {"device_start": -1, "device_end": -1}}, "FFC_sans_bias28": {"write": {"device_start": -1, "host_queued_start": 1585578462.226477, "device_queued": -1, "device_end": -1, "host_queued_end": 1585578462.23387}, "device": "cpu", "nd_range": {"device_start": 2246236.4277716563, "device_end": 2246236.429842622}, "cmdq": 2, "read": {"device_start": -1, "device_end": -1}}, "FFC_sans_bias29": {"write": {"device_start": -1, "host_queued_start": 1585578462.226993, "device_queued": -1, "device_end": -1, "host_queued_end": 1585578462.23387}, "device": "cpu", "nd_range": {"device_start": 2246236.4281100202, "device_end": 2246236.4300386193}, "cmdq": 3, "read": {"device_start": -1, "device_end": -1}}, "empty17": {"write": {"device_start": -1, "host_queued_start": 1585578462.219924, "device_queued": -1, "device_end": -1, "host_queued_end": 1585578462.23387}, "device": "cpu", "nd_range": {"device_start": 2246236.4234493, "device_end": 2246236.423459692}, "cmdq": 1, "read": {"device_start": -1, "device_end": -1}}, "softmax59": {"write": {"device_start": -1, "host_queued_start": 1585578462.215219, "device_queued": -1, "device_end": -1, "host_queued_end": 1585578462.218734}, "device": "gpu", "nd_range": {"device_start": 1585578397.0350106, "device_end": 1585578397.0351372}, "cmdq": 2, "read": {"device_start": -1, "device_end": -1}}, "empty71": {"write": {"device_start": 1585578397.033892, "host_queued_start": 1585578462.205914, "device_queued": 1585578397.033863, "device_end": 1585578397.0339007, "host_queued_end": 1585578462.218734}, "device": "gpu", "nd_range": {"device_start": 1585578397.0339127, "device_end": 1585578397.033916}, "cmdq": 3, "read": {"device_start": -1, "device_end": -1}}, "empty35": {"write": {"device_start": -1, "host_queued_start": 1585578462.220789, "device_queued": -1, "device_end": -1, "host_queued_end": 1585578462.23387}, "device": "cpu", "nd_range": {"device_start": 2246236.423891387, "device_end": 2246236.42389495}, "cmdq": 3, "read": {"device_start": -1, "device_end": -1}}, "empty53": {"write": {"device_start": 1585578397.0338361, "host_queued_start": 1585578462.205106, "device_queued": 1585578397.0338123, "device_end": 1585578397.033845, "host_queued_end": 1585578462.218734}, "device": "gpu", "nd_range": {"device_start": 1585578397.0339024, "device_end": 1585578397.0339086}, "cmdq": 1, "read": {"device_start": -1, "device_end": -1}}, "FFC_sans_bias46": {"write": {"device_start": 1585578397.034127, "host_queued_start": 1585578462.208537, "device_queued": 1585578397.0340962, "device_end": 1585578397.0341356, "host_queued_end": 1585578462.218734}, "device": "gpu", "nd_range": {"device_start": 1585578397.0341454, "device_end": 1585578397.0343695}, "cmdq": 0, "read": {"device_start": -1, "device_end": -1}}, "coalesced_transpose66": {"write": {"device_start": -1, "host_queued_start": 1585578462.213358, "device_queued": -1, "device_end": -1, "host_queued_end": 1585578462.218734}, "device": "gpu", "nd_range": {"device_start": 1585578397.034827, "device_end": 1585578397.0349517}, "cmdq": 3, "read": {"device_start": -1, "device_end": -1}}, "coalesced_transpose48": {"write": {"device_start": -1, "host_queued_start": 1585578462.212806, "device_queued": -1, "device_end": -1, "host_queued_end": 1585578462.218734}, "device": "gpu", "nd_range": {"device_start": 1585578397.0347342, "device_end": 1585578397.0347672}, "cmdq": 1, "read": {"device_start": -1, "device_end": -1}}}