{"FFC_sans_bias60": {"write": {"device_start": -1, "host_queued_start": 1585578472.949174, "device_queued": -1, "device_end": -1, "host_queued_end": 1585578472.953277}, "device": "cpu", "nd_range": {"device_start": 2246247.163119663, "device_end": 2246247.1652598153}, "cmdq": 2, "read": {"device_start": -1, "device_end": -1}}, "FFC_sans_bias4": {"write": {"device_start": -1, "host_queued_start": 1585578472.94266, "device_queued": -1, "device_end": -1, "host_queued_end": 1585578472.953277}, "device": "cpu", "nd_range": {"device_start": 2246247.155950778, "device_end": 2246247.1579038473}, "cmdq": 0, "read": {"device_start": -1, "device_end": -1}}, "FFC_sans_bias7": {"write": {"device_start": -1, "host_queued_start": 1585578472.950054, "device_queued": -1, "device_end": -1, "host_queued_end": 1585578472.953277}, "device": "cpu", "nd_range": {"device_start": 2246247.164621909, "device_end": 2246247.166551195}, "cmdq": 0, "read": {"device_start": -1, "device_end": -1}}, "FFC_sans_bias6": {"write": {"device_start": -1, "host_queued_start": 1585578472.947224, "device_queued": -1, "device_end": -1, "host_queued_end": 1585578472.953277}, "device": "cpu", "nd_range": {"device_start": 2246247.1605085023, "device_end": 2246247.162446095}, "cmdq": 0, "read": {"device_start": -1, "device_end": -1}}, "FFC_sans_bias1": {"write": {"device_start": -1, "host_queued_start": 1585578472.928488, "device_queued": -1, "device_end": -1, "host_queued_end": 1585578472.953277}, "device": "cpu", "nd_range": {"device_start": 2246247.142939312, "device_end": 2246247.1449337383}, "cmdq": 1, "read": {"device_start": -1, "device_end": -1}}, "FFC_sans_bias0": {"write": {"device_start": -1, "host_queued_start": 1585578472.927982, "device_queued": -1, "device_end": -1, "host_queued_end": 1585578472.953277}, "device": "cpu", "nd_range": {"device_start": 2246247.142940508, "device_end": 2246247.144950474}, "cmdq": 0, "read": {"device_start": -1, "device_end": -1}}, "FFC_sans_bias2": {"write": {"device_start": -1, "host_queued_start": 1585578472.929125, "device_queued": -1, "device_end": -1, "host_queued_end": 1585578472.953277}, "device": "cpu", "nd_range": {"device_start": 2246247.142987992, "device_end": 2246247.14494505}, "cmdq": 2, "read": {"device_start": -1, "device_end": -1}}, "FFC_sans_bias61": {"write": {"device_start": -1, "host_queued_start": 1585578472.952783, "device_queued": -1, "device_end": -1, "host_queued_end": 1585578472.953277}, "device": "cpu", "nd_range": {"device_start": 2246247.167286219, "device_end": 2246247.168846521}, "cmdq": 2, "read": {"device_start": -1, "device_end": -1}}, "FFC_sans_bias52": {"write": {"device_start": -1, "host_queued_start": 1585578472.952329, "device_queued": -1, "device_end": -1, "host_queued_end": 1585578472.953277}, "device": "cpu", "nd_range": {"device_start": 2246247.170955997, "device_end": 2246247.1715952223}, "cmdq": 1, "read": {"device_start": -1, "device_end": -1}}, "FFC_sans_bias9": {"write": {"device_start": -1, "host_queued_start": 1585578472.929669, "device_queued": -1, "device_end": -1, "host_queued_end": 1585578472.953277}, "device": "cpu", "nd_range": {"device_start": 2246247.143680225, "device_end": 2246247.145631942}, "cmdq": 3, "read": {"device_start": -1, "device_end": -1}}, "coalesced_transpose39": {"write": {"device_start": -1, "host_queued_start": 1585578472.941416, "device_queued": -1, "device_end": -1, "host_queued_end": 1585578472.953277}, "device": "cpu", "nd_range": {"device_start": 2246247.155790408, "device_end": 2246247.155843762}, "cmdq": 0, "read": {"device_start": -1, "device_end": -1}}, "FFC_sans_bias55": {"write": {"device_start": -1, "host_queued_start": 1585578472.938347, "device_queued": -1, "device_end": -1, "host_queued_end": 1585578472.953277}, "device": "cpu", "nd_range": {"device_start": 2246247.153546298, "device_end": 2246247.1554732053}, "cmdq": 0, "read": {"device_start": -1, "device_end": -1}}, "FFC_sans_bias54": {"write": {"device_start": -1, "host_queued_start": 1585578472.937843, "device_queued": -1, "device_end": -1, "host_queued_end": 1585578472.953277}, "device": "cpu", "nd_range": {"device_start": 2246247.152045478, "device_end": 2246247.1540998314}, "cmdq": 3, "read": {"device_start": -1, "device_end": -1}}, "FFC_sans_bias56": {"write": {"device_start": -1, "host_queued_start": 1585578472.937344, "device_queued": -1, "device_end": -1, "host_queued_end": 1585578472.953277}, "device": "cpu", "nd_range": {"device_start": 2246247.151187248, "device_end": 2246247.1532260203}, "cmdq": 2, "read": {"device_start": -1, "device_end": -1}}, "FFC_sans_bias51": {"write": {"device_start": -1, "host_queued_start": 1585578472.948859, "device_queued": -1, "device_end": -1, "host_queued_end": 1585578472.953277}, "device": "cpu", "nd_range": {"device_start": 2246247.1687036073, "device_end": 2246247.170180507}, "cmdq": 1, "read": {"device_start": -1, "device_end": -1}}, "softmax23": {"write": {"device_start": -1, "host_queued_start": 1585578472.945672, "device_queued": -1, "device_end": -1, "host_queued_end": 1585578472.953277}, "device": "cpu", "nd_range": {"device_start": 2246247.160400696, "device_end": 2246247.160716225}, "cmdq": 2, "read": {"device_start": -1, "device_end": -1}}, "FFC_sans_bias37": {"write": {"device_start": -1, "host_queued_start": 1585578472.934807, "device_queued": -1, "device_end": -1, "host_queued_end": 1585578472.953277}, "device": "cpu", "nd_range": {"device_start": 2246247.1500369543, "device_end": 2246247.151966316}, "cmdq": 1, "read": {"device_start": -1, "device_end": -1}}, "empty62": {"write": {"device_start": -1, "host_queued_start": 1585578472.927092, "device_queued": -1, "device_end": -1, "host_queued_end": 1585578472.953277}, "device": "cpu", "nd_range": {"device_start": 2246247.142981404, "device_end": 2246247.1429823283}, "cmdq": 2, "read": {"device_start": -1, "device_end": -1}}, "FFC_sans_bias70": {"write": {"device_start": -1, "host_queued_start": 1585578472.953232, "device_queued": -1, "device_end": -1, "host_queued_end": 1585578472.953277}, "device": "cpu", "nd_range": {"device_start": 2246247.167052675, "device_end": 2246247.168993979}, "cmdq": 3, "read": {"device_start": -1, "device_end": -1}}, "FFC_sans_bias58": {"write": {"device_start": -1, "host_queued_start": 1585578472.944601, "device_queued": -1, "device_end": -1, "host_queued_end": 1585578472.953277}, "device": "cpu", "nd_range": {"device_start": 2246247.1583607453, "device_end": 2246247.160299648}, "cmdq": 2, "read": {"device_start": -1, "device_end": -1}}, "softmax41": {"write": {"device_start": -1, "host_queued_start": 1585578472.946164, "device_queued": -1, "device_end": -1, "host_queued_end": 1585578472.953277}, "device": "cpu", "nd_range": {"device_start": 2246247.160437393, "device_end": 2246247.1604977343}, "cmdq": 0, "read": {"device_start": -1, "device_end": -1}}, "FFC_sans_bias11": {"write": {"device_start": -1, "host_queued_start": 1585578472.930739, "device_queued": -1, "device_end": -1, "host_queued_end": 1585578472.953277}, "device": "cpu", "nd_range": {"device_start": 2246247.144940399, "device_end": 2246247.146865272}, "cmdq": 1, "read": {"device_start": -1, "device_end": -1}}, "FFC_sans_bias10": {"write": {"device_start": -1, "host_queued_start": 1585578472.930187, "device_queued": -1, "device_end": -1, "host_queued_end": 1585578472.953277}, "device": "cpu", "nd_range": {"device_start": 2246247.1449582432, "device_end": 2246247.147582101}, "cmdq": 0, "read": {"device_start": -1, "device_end": -1}}, "coalesced_transpose3": {"write": {"device_start": -1, "host_queued_start": 1585578472.940207, "device_queued": -1, "device_end": -1, "host_queued_end": 1585578472.953277}, "device": "cpu", "nd_range": {"device_start": 2246247.155620497, "device_end": 2246247.155678972}, "cmdq": 0, "read": {"device_start": -1, "device_end": -1}}, "FFC_sans_bias34": {"write": {"device_start": -1, "host_queued_start": 1585578472.951425, "device_queued": -1, "device_end": -1, "host_queued_end": 1585578472.953277}, "device": "cpu", "nd_range": {"device_start": 2246247.165118682, "device_end": 2246247.167049215}, "cmdq": 3, "read": {"device_start": -1, "device_end": -1}}, "FFC_sans_bias15": {"write": {"device_start": -1, "host_queued_start": 1585578472.947571, "device_queued": -1, "device_end": -1, "host_queued_end": 1585578472.953277}, "device": "cpu", "nd_range": {"device_start": 2246247.164712211, "device_end": 2246247.166648656}, "cmdq": 1, "read": {"device_start": -1, "device_end": -1}}, "FFC_sans_bias31": {"write": {"device_start": -1, "host_queued_start": 1585578472.943608, "device_queued": -1, "device_end": -1, "host_queued_end": 1585578472.953277}, "device": "cpu", "nd_range": {"device_start": 2246247.1562321912, "device_end": 2246247.1584684323}, "cmdq": 3, "read": {"device_start": -1, "device_end": -1}}, "FFC_sans_bias16": {"write": {"device_start": -1, "host_queued_start": 1585578472.950521, "device_queued": -1, "device_end": -1, "host_queued_end": 1585578472.953277}, "device": "cpu", "nd_range": {"device_start": 2246247.1701862044, "device_end": 2246247.170951309}, "cmdq": 1, "read": {"device_start": -1, "device_end": -1}}, "FFC_sans_bias19": {"write": {"device_start": -1, "host_queued_start": 1585578472.931741, "device_queued": -1, "device_end": -1, "host_queued_end": 1585578472.953277}, "device": "cpu", "nd_range": {"device_start": 2246247.145746534, "device_end": 2246247.147689581}, "cmdq": 3, "read": {"device_start": -1, "device_end": -1}}, "FFC_sans_bias18": {"write": {"device_start": -1, "host_queued_start": 1585578472.93124, "device_queued": -1, "device_end": -1, "host_queued_end": 1585578472.953277}, "device": "cpu", "nd_range": {"device_start": 2246247.144951037, "device_end": 2246247.1468733572}, "cmdq": 2, "read": {"device_start": -1, "device_end": -1}}, "coalesced_transpose30": {"write": {"device_start": -1, "host_queued_start": 1585578472.941111, "device_queued": -1, "device_end": -1, "host_queued_end": 1585578472.953277}, "device": "cpu", "nd_range": {"device_start": 2246247.155931369, "device_end": 2246247.156053023}, "cmdq": 3, "read": {"device_start": -1, "device_end": -1}}, "FFC_sans_bias69": {"write": {"device_start": -1, "host_queued_start": 1585578472.949532, "device_queued": -1, "device_end": -1, "host_queued_end": 1585578472.953277}, "device": "cpu", "nd_range": {"device_start": 2246247.163169682, "device_end": 2246247.165110698}, "cmdq": 3, "read": {"device_start": -1, "device_end": -1}}, "FFC_sans_bias38": {"write": {"device_start": -1, "host_queued_start": 1585578472.935319, "device_queued": -1, "device_end": -1, "host_queued_end": 1585578472.953277}, "device": "cpu", "nd_range": {"device_start": 2246247.14904217, "device_end": 2246247.151071461}, "cmdq": 2, "read": {"device_start": -1, "device_end": -1}}, "coalesced_transpose57": {"write": {"device_start": -1, "host_queued_start": 1585578472.942007, "device_queued": -1, "device_end": -1, "host_queued_end": 1585578472.953277}, "device": "cpu", "nd_range": {"device_start": 2246247.155948963, "device_end": 2246247.1560073243}, "cmdq": 2, "read": {"device_start": -1, "device_end": -1}}, "empty26": {"write": {"device_start": -1, "host_queued_start": 1585578472.925498, "device_queued": -1, "device_end": -1, "host_queued_end": 1585578472.953277}, "device": "cpu", "nd_range": {"device_start": 2246247.142961067, "device_end": 2246247.142965968}, "cmdq": 2, "read": {"device_start": -1, "device_end": -1}}, "coalesced_transpose12": {"write": {"device_start": -1, "host_queued_start": 1585578472.940516, "device_queued": -1, "device_end": -1, "host_queued_end": 1585578472.953277}, "device": "cpu", "nd_range": {"device_start": 2246247.156068474, "device_end": 2246247.15614196}, "cmdq": 1, "read": {"device_start": -1, "device_end": -1}}, "empty44": {"write": {"device_start": -1, "host_queued_start": 1585578472.92629, "device_queued": -1, "device_end": -1, "host_queued_end": 1585578472.953277}, "device": "cpu", "nd_range": {"device_start": 2246247.142933908, "device_end": 2246247.1429349873}, "cmdq": 0, "read": {"device_start": -1, "device_end": -1}}, "coalesced_transpose21": {"write": {"device_start": -1, "host_queued_start": 1585578472.940807, "device_queued": -1, "device_end": -1, "host_queued_end": 1585578472.953277}, "device": "cpu", "nd_range": {"device_start": 2246247.155368191, "device_end": 2246247.1554385033}, "cmdq": 2, "read": {"device_start": -1, "device_end": -1}}, "FFC_sans_bias36": {"write": {"device_start": -1, "host_queued_start": 1585578472.934261, "device_queued": -1, "device_end": -1, "host_queued_end": 1585578472.953277}, "device": "cpu", "nd_range": {"device_start": 2246247.1495522563, "device_end": 2246247.151475686}, "cmdq": 0, "read": {"device_start": -1, "device_end": -1}}, "softmax14": {"write": {"device_start": -1, "host_queued_start": 1585578472.945423, "device_queued": -1, "device_end": -1, "host_queued_end": 1585578472.953277}, "device": "cpu", "nd_range": {"device_start": 2246247.164241819, "device_end": 2246247.1643066113}, "cmdq": 1, "read": {"device_start": -1, "device_end": -1}}, "FFC_sans_bias13": {"write": {"device_start": -1, "host_queued_start": 1585578472.942986, "device_queued": -1, "device_end": -1, "host_queued_end": 1585578472.953277}, "device": "cpu", "nd_range": {"device_start": 2246247.1563178743, "device_end": 2246247.15840582}, "cmdq": 1, "read": {"device_start": -1, "device_end": -1}}, "empty8": {"write": {"device_start": -1, "host_queued_start": 1585578472.924518, "device_queued": -1, "device_end": -1, "host_queued_end": 1585578472.953277}, "device": "cpu", "nd_range": {"device_start": 2246247.142904595, "device_end": 2246247.1429134132}, "cmdq": 0, "read": {"device_start": -1, "device_end": -1}}, "FFC_sans_bias42": {"write": {"device_start": -1, "host_queued_start": 1585578472.948553, "device_queued": -1, "device_end": -1, "host_queued_end": 1585578472.953277}, "device": "cpu", "nd_range": {"device_start": 2246247.1625598352, "device_end": 2246247.164493905}, "cmdq": 0, "read": {"device_start": -1, "device_end": -1}}, "FFC_sans_bias43": {"write": {"device_start": -1, "host_queued_start": 1585578472.951872, "device_queued": -1, "device_end": -1, "host_queued_end": 1585578472.953277}, "device": "cpu", "nd_range": {"device_start": 2246247.166554883, "device_end": 2246247.168480703}, "cmdq": 0, "read": {"device_start": -1, "device_end": -1}}, "FFC_sans_bias40": {"write": {"device_start": -1, "host_queued_start": 1585578472.943971, "device_queued": -1, "device_end": -1, "host_queued_end": 1585578472.953277}, "device": "cpu", "nd_range": {"device_start": 2246247.15801462, "device_end": 2246247.160319495}, "cmdq": 0, "read": {"device_start": -1, "device_end": -1}}, "softmax32": {"write": {"device_start": -1, "host_queued_start": 1585578472.945922, "device_queued": -1, "device_end": -1, "host_queued_end": 1585578472.953277}, "device": "cpu", "nd_range": {"device_start": 2246247.160578874, "device_end": 2246247.1606458053}, "cmdq": 3, "read": {"device_start": -1, "device_end": -1}}, "FFC_sans_bias47": {"write": {"device_start": -1, "host_queued_start": 1585578472.936842, "device_queued": -1, "device_end": -1, "host_queued_end": 1585578472.953277}, "device": "cpu", "nd_range": {"device_start": 2246247.152095835, "device_end": 2246247.154022655}, "cmdq": 1, "read": {"device_start": -1, "device_end": -1}}, "FFC_sans_bias45": {"write": {"device_start": -1, "host_queued_start": 1585578472.935823, "device_queued": -1, "device_end": -1, "host_queued_end": 1585578472.953277}, "device": "cpu", "nd_range": {"device_start": 2246247.1499711, "device_end": 2246247.152028167}, "cmdq": 3, "read": {"device_start": -1, "device_end": -1}}, "softmax50": {"write": {"device_start": -1, "host_queued_start": 1585578472.946416, "device_queued": -1, "device_end": -1, "host_queued_end": 1585578472.953277}, "device": "cpu", "nd_range": {"device_start": 2246247.164489975, "device_end": 2246247.1645356272}, "cmdq": 1, "read": {"device_start": -1, "device_end": -1}}, "FFC_sans_bias33": {"write": {"device_start": -1, "host_queued_start": 1585578472.948231, "device_queued": -1, "device_end": -1, "host_queued_end": 1585578472.953277}, "device": "cpu", "nd_range": {"device_start": 2246247.1609872403, "device_end": 2246247.163049601}, "cmdq": 3, "read": {"device_start": -1, "device_end": -1}}, "FFC_sans_bias63": {"write": {"device_start": -1, "host_queued_start": 1585578472.939899, "device_queued": -1, "device_end": -1, "host_queued_end": 1585578472.953277}, "device": "cpu", "nd_range": {"device_start": 2246247.154113511, "device_end": 2246247.155915834}, "cmdq": 3, "read": {"device_start": -1, "device_end": -1}}, "FFC_sans_bias49": {"write": {"device_start": -1, "host_queued_start": 1585578472.944293, "device_queued": -1, "device_end": -1, "host_queued_end": 1585578472.953277}, "device": "cpu", "nd_range": {"device_start": 2246247.160258544, "device_end": 2246247.1621895763}, "cmdq": 1, "read": {"device_start": -1, "device_end": -1}}, "FFC_sans_bias64": {"write": {"device_start": -1, "host_queued_start": 1585578472.938889, "device_queued": -1, "device_end": -1, "host_queued_end": 1585578472.953277}, "device": "cpu", "nd_range": {"device_start": 2246247.154137895, "device_end": 2246247.155953472}, "cmdq": 1, "read": {"device_start": -1, "device_end": -1}}, "FFC_sans_bias65": {"write": {"device_start": -1, "host_queued_start": 1585578472.939395, "device_queued": -1, "device_end": -1, "host_queued_end": 1585578472.953277}, "device": "cpu", "nd_range": {"device_start": 2246247.153335484, "device_end": 2246247.155261969}, "cmdq": 2, "read": {"device_start": -1, "device_end": -1}}, "FFC_sans_bias67": {"write": {"device_start": -1, "host_queued_start": 1585578472.944922, "device_queued": -1, "device_end": -1, "host_queued_end": 1585578472.953277}, "device": "cpu", "nd_range": {"device_start": 2246247.1584816272, "device_end": 2246247.160518839}, "cmdq": 3, "read": {"device_start": -1, "device_end": -1}}, "FFC_sans_bias24": {"write": {"device_start": -1, "host_queued_start": 1585578472.947894, "device_queued": -1, "device_end": -1, "host_queued_end": 1585578472.953277}, "device": "cpu", "nd_range": {"device_start": 2246247.160845383, "device_end": 2246247.163095876}, "cmdq": 2, "read": {"device_start": -1, "device_end": -1}}, "FFC_sans_bias25": {"write": {"device_start": -1, "host_queued_start": 1585578472.950974, "device_queued": -1, "device_end": -1, "host_queued_end": 1585578472.953277}, "device": "cpu", "nd_range": {"device_start": 2246247.1653666273, "device_end": 2246247.167282552}, "cmdq": 2, "read": {"device_start": -1, "device_end": -1}}, "FFC_sans_bias27": {"write": {"device_start": -1, "host_queued_start": 1585578472.932759, "device_queued": -1, "device_end": -1, "host_queued_end": 1585578472.953277}, "device": "cpu", "nd_range": {"device_start": 2246247.147719303, "device_end": 2246247.149911453}, "cmdq": 1, "read": {"device_start": -1, "device_end": -1}}, "FFC_sans_bias20": {"write": {"device_start": -1, "host_queued_start": 1585578472.932255, "device_queued": -1, "device_end": -1, "host_queued_end": 1585578472.953277}, "device": "cpu", "nd_range": {"device_start": 2246247.14759089, "device_end": 2246247.1495459983}, "cmdq": 0, "read": {"device_start": -1, "device_end": -1}}, "FFC_sans_bias22": {"write": {"device_start": -1, "host_queued_start": 1585578472.943303, "device_queued": -1, "device_end": -1, "host_queued_end": 1585578472.953277}, "device": "cpu", "nd_range": {"device_start": 2246247.1560198893, "device_end": 2246247.158251738}, "cmdq": 2, "read": {"device_start": -1, "device_end": -1}}, "softmax68": {"write": {"device_start": -1, "host_queued_start": 1585578472.94691, "device_queued": -1, "device_end": -1, "host_queued_end": 1585578472.953277}, "device": "cpu", "nd_range": {"device_start": 2246247.160658567, "device_end": 2246247.160876695}, "cmdq": 3, "read": {"device_start": -1, "device_end": -1}}, "softmax5": {"write": {"device_start": -1, "host_queued_start": 1585578472.945184, "device_queued": -1, "device_end": -1, "host_queued_end": 1585578472.953277}, "device": "cpu", "nd_range": {"device_start": 2246247.160331894, "device_end": 2246247.1603881563}, "cmdq": 0, "read": {"device_start": -1, "device_end": -1}}, "FFC_sans_bias28": {"write": {"device_start": -1, "host_queued_start": 1585578472.93326, "device_queued": -1, "device_end": -1, "host_queued_end": 1585578472.953277}, "device": "cpu", "nd_range": {"device_start": 2246247.146943712, "device_end": 2246247.148909152}, "cmdq": 2, "read": {"device_start": -1, "device_end": -1}}, "FFC_sans_bias29": {"write": {"device_start": -1, "host_queued_start": 1585578472.933765, "device_queued": -1, "device_end": -1, "host_queued_end": 1585578472.953277}, "device": "cpu", "nd_range": {"device_start": 2246247.147703493, "device_end": 2246247.1499508563}, "cmdq": 3, "read": {"device_start": -1, "device_end": -1}}, "empty17": {"write": {"device_start": -1, "host_queued_start": 1585578472.925097, "device_queued": -1, "device_end": -1, "host_queued_end": 1585578472.953277}, "device": "cpu", "nd_range": {"device_start": 2246247.1429026374, "device_end": 2246247.1429133853}, "cmdq": 1, "read": {"device_start": -1, "device_end": -1}}, "softmax59": {"write": {"device_start": -1, "host_queued_start": 1585578472.946674, "device_queued": -1, "device_end": -1, "host_queued_end": 1585578472.953277}, "device": "cpu", "nd_range": {"device_start": 2246247.160727749, "device_end": 2246247.16083554}, "cmdq": 2, "read": {"device_start": -1, "device_end": -1}}, "empty71": {"write": {"device_start": -1, "host_queued_start": 1585578472.927458, "device_queued": -1, "device_end": -1, "host_queued_end": 1585578472.953277}, "device": "cpu", "nd_range": {"device_start": 2246247.1435807133, "device_end": 2246247.143582982}, "cmdq": 3, "read": {"device_start": -1, "device_end": -1}}, "empty35": {"write": {"device_start": -1, "host_queued_start": 1585578472.925898, "device_queued": -1, "device_end": -1, "host_queued_end": 1585578472.953277}, "device": "cpu", "nd_range": {"device_start": 2246247.143212101, "device_end": 2246247.143215585}, "cmdq": 3, "read": {"device_start": -1, "device_end": -1}}, "empty53": {"write": {"device_start": -1, "host_queued_start": 1585578472.926725, "device_queued": -1, "device_end": -1, "host_queued_end": 1585578472.953277}, "device": "cpu", "nd_range": {"device_start": 2246247.1429330963, "device_end": 2246247.142934243}, "cmdq": 1, "read": {"device_start": -1, "device_end": -1}}, "FFC_sans_bias46": {"write": {"device_start": -1, "host_queued_start": 1585578472.936325, "device_queued": -1, "device_end": -1, "host_queued_end": 1585578472.953277}, "device": "cpu", "nd_range": {"device_start": 2246247.1514813, "device_end": 2246247.153417333}, "cmdq": 0, "read": {"device_start": -1, "device_end": -1}}, "coalesced_transpose66": {"write": {"device_start": -1, "host_queued_start": 1585578472.942316, "device_queued": -1, "device_end": -1, "host_queued_end": 1585578472.953277}, "device": "cpu", "nd_range": {"device_start": 2246247.156155207, "device_end": 2246247.15622032}, "cmdq": 3, "read": {"device_start": -1, "device_end": -1}}, "coalesced_transpose48": {"write": {"device_start": -1, "host_queued_start": 1585578472.941709, "device_queued": -1, "device_end": -1, "host_queued_end": 1585578472.953277}, "device": "cpu", "nd_range": {"device_start": 2246247.1561885183, "device_end": 2246247.156307213}, "cmdq": 1, "read": {"device_start": -1, "device_end": -1}}}