{"FFC_sans_bias60": {"write": {"device_start": -1, "host_queued_start": 1585578577.426175, "device_queued": -1, "device_end": -1, "host_queued_end": 1585578577.429678}, "device": "gpu", "nd_range": {"device_start": 1585578512.24352, "device_end": 1585578512.2438538}, "cmdq": 1, "read": {"device_start": -1, "device_end": -1}}, "FFC_sans_bias4": {"write": {"device_start": -1, "host_queued_start": 1585578577.435265, "device_queued": -1, "device_end": -1, "host_queued_end": 1585578577.437761}, "device": "cpu", "nd_range": {"device_start": 2246351.6300438764, "device_end": 2246351.6312622973}, "cmdq": 2, "read": {"device_start": -1, "device_end": -1}}, "FFC_sans_bias7": {"write": {"device_start": -1, "host_queued_start": 1585578577.437254, "device_queued": -1, "device_end": -1, "host_queued_end": 1585578577.437761}, "device": "cpu", "nd_range": {"device_start": 2246351.632569972, "device_end": 2246351.6334120193}, "cmdq": 0, "read": {"device_start": -1, "device_end": -1}}, "FFC_sans_bias6": {"write": {"device_start": -1, "host_queued_start": 1585578577.436413, "device_queued": -1, "device_end": -1, "host_queued_end": 1585578577.437761}, "device": "cpu", "nd_range": {"device_start": 2246351.631616151, "device_end": 2246351.632455058}, "cmdq": 2, "read": {"device_start": -1, "device_end": -1}}, "FFC_sans_bias1": {"write": {"device_start": -1, "host_queued_start": 1585578577.432062, "device_queued": -1, "device_end": -1, "host_queued_end": 1585578577.437761}, "device": "cpu", "nd_range": {"device_start": 2246351.6274251794, "device_end": 2246351.6293586493}, "cmdq": 3, "read": {"device_start": -1, "device_end": -1}}, "FFC_sans_bias0": {"write": {"device_start": -1, "host_queued_start": 1585578577.431507, "device_queued": -1, "device_end": -1, "host_queued_end": 1585578577.437761}, "device": "cpu", "nd_range": {"device_start": 2246351.6273539104, "device_end": 2246351.629304259}, "cmdq": 2, "read": {"device_start": -1, "device_end": -1}}, "FFC_sans_bias2": {"write": {"device_start": -1, "host_queued_start": 1585578577.432699, "device_queued": -1, "device_end": -1, "host_queued_end": 1585578577.437761}, "device": "cpu", "nd_range": {"device_start": 2246351.6273464384, "device_end": 2246351.6293115453}, "cmdq": 0, "read": {"device_start": -1, "device_end": -1}}, "FFC_sans_bias61": {"write": {"device_start": 1585578512.2439594, "host_queued_start": 1585578577.428988, "device_queued": 1585578512.2433848, "device_end": 1585578512.2439725, "host_queued_end": 1585578577.429678}, "device": "gpu", "nd_range": {"device_start": 1585578512.2439768, "device_end": 1585578512.2441823}, "cmdq": 2, "read": {"device_start": 1585578512.2441852, "device_end": 1585578512.244192}}, "FFC_sans_bias52": {"write": {"device_start": 1585578512.2438562, "host_queued_start": 1585578577.428492, "device_queued": 1585578512.2433522, "device_end": 1585578512.2438648, "host_queued_end": 1585578577.429678}, "device": "gpu", "nd_range": {"device_start": 1585578512.2438672, "device_end": 1585578512.2441475}, "cmdq": 1, "read": {"device_start": 1585578512.2441514, "device_end": 1585578512.2441587}}, "FFC_sans_bias9": {"write": {"device_start": -1, "host_queued_start": 1585578577.433308, "device_queued": -1, "device_end": -1, "host_queued_end": 1585578577.437761}, "device": "cpu", "nd_range": {"device_start": 2246351.62734539, "device_end": 2246351.629297193}, "cmdq": 1, "read": {"device_start": -1, "device_end": -1}}, "coalesced_transpose39": {"write": {"device_start": -1, "host_queued_start": 1585578577.420832, "device_queued": -1, "device_end": -1, "host_queued_end": 1585578577.429678}, "device": "gpu", "nd_range": {"device_start": 1585578512.2428856, "device_end": 1585578512.2429729}, "cmdq": 1, "read": {"device_start": -1, "device_end": -1}}, "FFC_sans_bias55": {"write": {"device_start": 1585578512.2425532, "host_queued_start": 1585578577.418467, "device_queued": 1585578512.2424946, "device_end": 1585578512.2425618, "host_queued_end": 1585578577.429678}, "device": "gpu", "nd_range": {"device_start": 1585578512.242563, "device_end": 1585578512.2428575}, "cmdq": 0, "read": {"device_start": -1, "device_end": -1}}, "FFC_sans_bias54": {"write": {"device_start": 1585578512.2424815, "host_queued_start": 1585578577.417972, "device_queued": 1585578512.242328, "device_end": 1585578512.2424903, "host_queued_end": 1585578577.429678}, "device": "gpu", "nd_range": {"device_start": 1585578512.2424912, "device_end": 1585578512.2427793}, "cmdq": 4, "read": {"device_start": -1, "device_end": -1}}, "FFC_sans_bias56": {"write": {"device_start": 1585578512.242388, "host_queued_start": 1585578577.417481, "device_queued": 1585578512.242304, "device_end": 1585578512.2423968, "host_queued_end": 1585578577.429678}, "device": "gpu", "nd_range": {"device_start": 1585578512.2424767, "device_end": 1585578512.2426941}, "cmdq": 3, "read": {"device_start": -1, "device_end": -1}}, "FFC_sans_bias51": {"write": {"device_start": -1, "host_queued_start": 1585578577.425901, "device_queued": -1, "device_end": -1, "host_queued_end": 1585578577.429678}, "device": "gpu", "nd_range": {"device_start": 1585578512.2434938, "device_end": 1585578512.2437778}, "cmdq": 0, "read": {"device_start": -1, "device_end": -1}}, "softmax23": {"write": {"device_start": -1, "host_queued_start": 1585578577.423627, "device_queued": -1, "device_end": -1, "host_queued_end": 1585578577.429678}, "device": "gpu", "nd_range": {"device_start": 1585578512.2431767, "device_end": 1585578512.2434003}, "cmdq": 1, "read": {"device_start": -1, "device_end": -1}}, "FFC_sans_bias37": {"write": {"device_start": 1585578512.2421107, "host_queued_start": 1585578577.415004, "device_queued": 1585578512.2420871, "device_end": 1585578512.2421222, "host_queued_end": 1585578577.429678}, "device": "gpu", "nd_range": {"device_start": 1585578512.2421758, "device_end": 1585578512.242386}, "cmdq": 3, "read": {"device_start": -1, "device_end": -1}}, "empty62": {"write": {"device_start": 1585578512.241595, "host_queued_start": 1585578577.410363, "device_queued": 1585578512.2415571, "device_end": 1585578512.2416036, "host_queued_end": 1585578577.429678}, "device": "gpu", "nd_range": {"device_start": 1585578512.2416267, "device_end": 1585578512.24163}, "cmdq": 4, "read": {"device_start": -1, "device_end": -1}}, "FFC_sans_bias70": {"write": {"device_start": 1585578512.2440813, "host_queued_start": 1585578577.429572, "device_queued": 1585578512.243492, "device_end": 1585578512.2440917, "host_queued_end": 1585578577.429678}, "device": "gpu", "nd_range": {"device_start": 1585578512.244095, "device_end": 1585578512.244223}, "cmdq": 3, "read": {"device_start": 1585578512.244226, "device_end": 1585578512.2442403}}, "FFC_sans_bias58": {"write": {"device_start": -1, "host_queued_start": 1585578577.423107, "device_queued": -1, "device_end": -1, "host_queued_end": 1585578577.429678}, "device": "gpu", "nd_range": {"device_start": 1585578512.2430124, "device_end": 1585578512.243351}, "cmdq": 4, "read": {"device_start": -1, "device_end": -1}}, "softmax41": {"write": {"device_start": -1, "host_queued_start": 1585578577.42407, "device_queued": -1, "device_end": -1, "host_queued_end": 1585578577.429678}, "device": "gpu", "nd_range": {"device_start": 1585578512.243372, "device_end": 1585578512.2434692}, "cmdq": 3, "read": {"device_start": -1, "device_end": -1}}, "FFC_sans_bias11": {"write": {"device_start": -1, "host_queued_start": 1585578577.434306, "device_queued": -1, "device_end": -1, "host_queued_end": 1585578577.437761}, "device": "cpu", "nd_range": {"device_start": 2246351.629523306, "device_end": 2246351.630483225}, "cmdq": 3, "read": {"device_start": -1, "device_end": -1}}, "FFC_sans_bias10": {"write": {"device_start": -1, "host_queued_start": 1585578577.433805, "device_queued": -1, "device_end": -1, "host_queued_end": 1585578577.437761}, "device": "cpu", "nd_range": {"device_start": 2246351.629316823, "device_end": 2246351.630037297}, "cmdq": 2, "read": {"device_start": -1, "device_end": -1}}, "coalesced_transpose3": {"write": {"device_start": -1, "host_queued_start": 1585578577.434629, "device_queued": -1, "device_end": -1, "host_queued_end": 1585578577.437761}, "device": "cpu", "nd_range": {"device_start": 2246351.6297984472, "device_end": 2246351.629851009}, "cmdq": 0, "read": {"device_start": -1, "device_end": -1}}, "FFC_sans_bias34": {"write": {"device_start": 1585578512.2436826, "host_queued_start": 1585578577.427495, "device_queued": 1585578512.2431636, "device_end": 1585578512.2436917, "host_queued_end": 1585578577.429678}, "device": "gpu", "nd_range": {"device_start": 1585578512.243694, "device_end": 1585578512.243879}, "cmdq": 4, "read": {"device_start": 1585578512.2438805, "device_end": 1585578512.2438889}}, "FFC_sans_bias15": {"write": {"device_start": -1, "host_queued_start": 1585578577.43674, "device_queued": -1, "device_end": -1, "host_queued_end": 1585578577.437761}, "device": "cpu", "nd_range": {"device_start": 2246351.632315534, "device_end": 2246351.633398258}, "cmdq": 3, "read": {"device_start": -1, "device_end": -1}}, "FFC_sans_bias31": {"write": {"device_start": -1, "host_queued_start": 1585578577.422208, "device_queued": -1, "device_end": -1, "host_queued_end": 1585578577.429678}, "device": "gpu", "nd_range": {"device_start": 1585578512.243001, "device_end": 1585578512.243173}, "cmdq": 1, "read": {"device_start": -1, "device_end": -1}}, "FFC_sans_bias16": {"write": {"device_start": -1, "host_queued_start": 1585578577.437716, "device_queued": -1, "device_end": -1, "host_queued_end": 1585578577.437761}, "device": "cpu", "nd_range": {"device_start": 2246351.633404353, "device_end": 2246351.633927736}, "cmdq": 1, "read": {"device_start": -1, "device_end": -1}}, "FFC_sans_bias19": {"write": {"device_start": 1585578512.241727, "host_queued_start": 1585578577.411836, "device_queued": 1585578512.2417014, "device_end": 1585578512.2417362, "host_queued_end": 1585578577.429678}, "device": "gpu", "nd_range": {"device_start": 1585578512.2418563, "device_end": 1585578512.2420294}, "cmdq": 2, "read": {"device_start": -1, "device_end": -1}}, "FFC_sans_bias18": {"write": {"device_start": 1585578512.241699, "host_queued_start": 1585578577.411361, "device_queued": 1585578512.2416742, "device_end": 1585578512.2417092, "host_queued_end": 1585578577.429678}, "device": "gpu", "nd_range": {"device_start": 1585578512.2418356, "device_end": 1585578512.241944}, "cmdq": 1, "read": {"device_start": -1, "device_end": -1}}, "coalesced_transpose30": {"write": {"device_start": -1, "host_queued_start": 1585578577.42056, "device_queued": -1, "device_end": -1, "host_queued_end": 1585578577.429678}, "device": "gpu", "nd_range": {"device_start": 1585578512.2428586, "device_end": 1585578512.242969}, "cmdq": 0, "read": {"device_start": -1, "device_end": -1}}, "FFC_sans_bias69": {"write": {"device_start": -1, "host_queued_start": 1585578577.426471, "device_queued": -1, "device_end": -1, "host_queued_end": 1585578577.429678}, "device": "gpu", "nd_range": {"device_start": 1585578512.2437015, "device_end": 1585578512.2439573}, "cmdq": 2, "read": {"device_start": -1, "device_end": -1}}, "FFC_sans_bias38": {"write": {"device_start": 1585578512.2421508, "host_queued_start": 1585578577.415504, "device_queued": 1585578512.242111, "device_end": 1585578512.2421591, "host_queued_end": 1585578577.429678}, "device": "gpu", "nd_range": {"device_start": 1585578512.242189, "device_end": 1585578512.2424803}, "cmdq": 4, "read": {"device_start": -1, "device_end": -1}}, "coalesced_transpose57": {"write": {"device_start": -1, "host_queued_start": 1585578577.421368, "device_queued": -1, "device_end": -1, "host_queued_end": 1585578577.429678}, "device": "gpu", "nd_range": {"device_start": 1585578512.2429953, "device_end": 1585578512.2430074}, "cmdq": 3, "read": {"device_start": -1, "device_end": -1}}, "empty26": {"write": {"device_start": 1585578512.241423, "host_queued_start": 1585578577.408536, "device_queued": 1585578512.2413886, "device_end": 1585578512.2414317, "host_queued_end": 1585578577.429678}, "device": "gpu", "nd_range": {"device_start": 1585578512.241449, "device_end": 1585578512.2414632}, "cmdq": 0, "read": {"device_start": -1, "device_end": -1}}, "coalesced_transpose12": {"write": {"device_start": -1, "host_queued_start": 1585578577.434945, "device_queued": -1, "device_end": -1, "host_queued_end": 1585578577.437761}, "device": "cpu", "nd_range": {"device_start": 2246351.63039845, "device_end": 2246351.630450368}, "cmdq": 1, "read": {"device_start": -1, "device_end": -1}}, "empty44": {"write": {"device_start": 1585578512.241523, "host_queued_start": 1585578577.409532, "device_queued": 1585578512.241494, "device_end": 1585578512.2415338, "host_queued_end": 1585578577.429678}, "device": "gpu", "nd_range": {"device_start": 1585578512.241611, "device_end": 1585578512.2416143}, "cmdq": 2, "read": {"device_start": -1, "device_end": -1}}, "coalesced_transpose21": {"write": {"device_start": -1, "host_queued_start": 1585578577.420294, "device_queued": -1, "device_end": -1, "host_queued_end": 1585578577.429678}, "device": "gpu", "nd_range": {"device_start": 1585578512.2427802, "device_end": 1585578512.2429638}, "cmdq": 4, "read": {"device_start": -1, "device_end": -1}}, "FFC_sans_bias36": {"write": {"device_start": 1585578512.242084, "host_queued_start": 1585578577.414475, "device_queued": 1585578512.2420588, "device_end": 1585578512.2420924, "host_queued_end": 1585578577.429678}, "device": "gpu", "nd_range": {"device_start": 1585578512.2421649, "device_end": 1585578512.2423713}, "cmdq": 2, "read": {"device_start": -1, "device_end": -1}}, "softmax14": {"write": {"device_start": -1, "host_queued_start": 1585578577.436092, "device_queued": -1, "device_end": -1, "host_queued_end": 1585578577.437761}, "device": "cpu", "nd_range": {"device_start": 2246351.632124504, "device_end": 2246351.6321977424}, "cmdq": 1, "read": {"device_start": -1, "device_end": -1}}, "FFC_sans_bias13": {"write": {"device_start": -1, "host_queued_start": 1585578577.435588, "device_queued": -1, "device_end": -1, "host_queued_end": 1585578577.437761}, "device": "cpu", "nd_range": {"device_start": 2246351.630642835, "device_end": 2246351.6317475704}, "cmdq": 3, "read": {"device_start": -1, "device_end": -1}}, "empty8": {"write": {"device_start": -1, "host_queued_start": 1585578577.430395, "device_queued": -1, "device_end": -1, "host_queued_end": 1585578577.437761}, "device": "cpu", "nd_range": {"device_start": 2246351.627320316, "device_end": 2246351.627328557}, "cmdq": 0, "read": {"device_start": -1, "device_end": -1}}, "FFC_sans_bias42": {"write": {"device_start": -1, "host_queued_start": 1585578577.425603, "device_queued": -1, "device_end": -1, "host_queued_end": 1585578577.429678}, "device": "gpu", "nd_range": {"device_start": 1585578512.2434855, "device_end": 1585578512.243681}, "cmdq": 4, "read": {"device_start": -1, "device_end": -1}}, "FFC_sans_bias43": {"write": {"device_start": 1585578512.243779, "host_queued_start": 1585578577.427996, "device_queued": 1585578512.2432647, "device_end": 1585578512.2437873, "host_queued_end": 1585578577.429678}, "device": "gpu", "nd_range": {"device_start": 1585578512.24379, "device_end": 1585578512.2440743}, "cmdq": 0, "read": {"device_start": 1585578512.2440836, "device_end": 1585578512.2440937}}, "FFC_sans_bias40": {"write": {"device_start": -1, "host_queued_start": 1585578577.422496, "device_queued": -1, "device_end": -1, "host_queued_end": 1585578577.429678}, "device": "gpu", "nd_range": {"device_start": 1585578512.2430048, "device_end": 1585578512.2432103}, "cmdq": 2, "read": {"device_start": -1, "device_end": -1}}, "softmax32": {"write": {"device_start": -1, "host_queued_start": 1585578577.423841, "device_queued": -1, "device_end": -1, "host_queued_end": 1585578577.429678}, "device": "gpu", "nd_range": {"device_start": 1585578512.2433662, "device_end": 1585578512.2434618}, "cmdq": 2, "read": {"device_start": -1, "device_end": -1}}, "FFC_sans_bias47": {"write": {"device_start": 1585578512.2423737, "host_queued_start": 1585578577.41699, "device_queued": 1585578512.24228, "device_end": 1585578512.2423825, "host_queued_end": 1585578577.429678}, "device": "gpu", "nd_range": {"device_start": 1585578512.2423835, "device_end": 1585578512.2426784}, "cmdq": 2, "read": {"device_start": -1, "device_end": -1}}, "FFC_sans_bias45": {"write": {"device_start": 1585578512.2422168, "host_queued_start": 1585578577.416, "device_queued": 1585578512.2421937, "device_end": 1585578512.2422254, "host_queued_end": 1585578577.429678}, "device": "gpu", "nd_range": {"device_start": 1585578512.242232, "device_end": 1585578512.2425501}, "cmdq": 0, "read": {"device_start": -1, "device_end": -1}}, "softmax50": {"write": {"device_start": -1, "host_queued_start": 1585578577.424294, "device_queued": -1, "device_end": -1, "host_queued_end": 1585578577.429678}, "device": "gpu", "nd_range": {"device_start": 1585578512.24336, "device_end": 1585578512.243444}, "cmdq": 4, "read": {"device_start": -1, "device_end": -1}}, "FFC_sans_bias33": {"write": {"device_start": -1, "host_queued_start": 1585578577.425305, "device_queued": -1, "device_end": -1, "host_queued_end": 1585578577.429678}, "device": "gpu", "nd_range": {"device_start": 1585578512.243473, "device_end": 1585578512.243664}, "cmdq": 3, "read": {"device_start": -1, "device_end": -1}}, "FFC_sans_bias63": {"write": {"device_start": 1585578512.2426953, "host_queued_start": 1585578577.419992, "device_queued": 1585578512.2425847, "device_end": 1585578512.2427037, "host_queued_end": 1585578577.429678}, "device": "gpu", "nd_range": {"device_start": 1585578512.242705, "device_end": 1585578512.2429934}, "cmdq": 3, "read": {"device_start": -1, "device_end": -1}}, "FFC_sans_bias49": {"write": {"device_start": -1, "host_queued_start": 1585578577.422827, "device_queued": -1, "device_end": -1, "host_queued_end": 1585578577.429678}, "device": "gpu", "nd_range": {"device_start": 1585578512.24301, "device_end": 1585578512.2432842}, "cmdq": 3, "read": {"device_start": -1, "device_end": -1}}, "FFC_sans_bias64": {"write": {"device_start": 1585578512.2425818, "host_queued_start": 1585578577.419008, "device_queued": 1585578512.2425368, "device_end": 1585578512.2425907, "host_queued_end": 1585578577.429678}, "device": "gpu", "nd_range": {"device_start": 1585578512.2426317, "device_end": 1585578512.2428842}, "cmdq": 1, "read": {"device_start": -1, "device_end": -1}}, "FFC_sans_bias65": {"write": {"device_start": 1585578512.2426808, "host_queued_start": 1585578577.419501, "device_queued": 1585578512.2425623, "device_end": 1585578512.2426894, "host_queued_end": 1585578577.429678}, "device": "gpu", "nd_range": {"device_start": 1585578512.2426903, "device_end": 1585578512.2429762}, "cmdq": 2, "read": {"device_start": -1, "device_end": -1}}, "FFC_sans_bias67": {"write": {"device_start": -1, "host_queued_start": 1585578577.423396, "device_queued": -1, "device_end": -1, "host_queued_end": 1585578577.429678}, "device": "gpu", "nd_range": {"device_start": 1585578512.2430816, "device_end": 1585578512.2433815}, "cmdq": 0, "read": {"device_start": -1, "device_end": -1}}, "FFC_sans_bias24": {"write": {"device_start": -1, "host_queued_start": 1585578577.425024, "device_queued": -1, "device_end": -1, "host_queued_end": 1585578577.429678}, "device": "gpu", "nd_range": {"device_start": 1585578512.2434654, "device_end": 1585578512.2435741}, "cmdq": 2, "read": {"device_start": -1, "device_end": -1}}, "FFC_sans_bias25": {"write": {"device_start": 1585578512.2436662, "host_queued_start": 1585578577.42699, "device_queued": 1585578512.24319, "device_end": 1585578512.243675, "host_queued_end": 1585578577.429678}, "device": "gpu", "nd_range": {"device_start": 1585578512.2437074, "device_end": 1585578512.2439861}, "cmdq": 3, "read": {"device_start": 1585578512.2439933, "device_end": 1585578512.2440083}}, "FFC_sans_bias27": {"write": {"device_start": 1585578512.2418141, "host_queued_start": 1585578577.41298, "device_queued": 1585578512.2417588, "device_end": 1585578512.2418227, "host_queued_end": 1585578577.429678}, "device": "gpu", "nd_range": {"device_start": 1585578512.2418816, "device_end": 1585578512.2421496}, "cmdq": 4, "read": {"device_start": -1, "device_end": -1}}, "FFC_sans_bias20": {"write": {"device_start": 1585578512.2417576, "host_queued_start": 1585578577.412339, "device_queued": 1585578512.2417305, "device_end": 1585578512.241767, "host_queued_end": 1585578577.429678}, "device": "gpu", "nd_range": {"device_start": 1585578512.2418687, "device_end": 1585578512.2420673}, "cmdq": 3, "read": {"device_start": -1, "device_end": -1}}, "FFC_sans_bias22": {"write": {"device_start": -1, "host_queued_start": 1585578577.421935, "device_queued": -1, "device_end": -1, "host_queued_end": 1585578577.429678}, "device": "gpu", "nd_range": {"device_start": 1585578512.2429702, "device_end": 1585578512.2430787}, "cmdq": 0, "read": {"device_start": -1, "device_end": -1}}, "softmax68": {"write": {"device_start": -1, "host_queued_start": 1585578577.424737, "device_queued": -1, "device_end": -1, "host_queued_end": 1585578577.429678}, "device": "gpu", "nd_range": {"device_start": 1585578512.243407, "device_end": 1585578512.243517}, "cmdq": 1, "read": {"device_start": -1, "device_end": -1}}, "softmax5": {"write": {"device_start": -1, "host_queued_start": 1585578577.435849, "device_queued": -1, "device_end": -1, "host_queued_end": 1585578577.437761}, "device": "cpu", "nd_range": {"device_start": 2246351.631418153, "device_end": 2246351.631473688}, "cmdq": 0, "read": {"device_start": -1, "device_end": -1}}, "FFC_sans_bias28": {"write": {"device_start": 1585578512.2419126, "host_queued_start": 1585578577.413479, "device_queued": 1585578512.241888, "device_end": 1585578512.2419212, "host_queued_end": 1585578577.429678}, "device": "gpu", "nd_range": {"device_start": 1585578512.2419257, "device_end": 1585578512.2422009}, "cmdq": 0, "read": {"device_start": -1, "device_end": -1}}, "FFC_sans_bias29": {"write": {"device_start": 1585578512.242057, "host_queued_start": 1585578577.413981, "device_queued": 1585578512.242031, "device_end": 1585578512.242066, "host_queued_end": 1585578577.429678}, "device": "gpu", "nd_range": {"device_start": 1585578512.2421474, "device_end": 1585578512.2422733}, "cmdq": 1, "read": {"device_start": -1, "device_end": -1}}, "empty17": {"write": {"device_start": -1, "host_queued_start": 1585578577.43093, "device_queued": -1, "device_end": -1, "host_queued_end": 1585578577.437761}, "device": "cpu", "nd_range": {"device_start": 2246351.6273203953, "device_end": 2246351.627328557}, "cmdq": 1, "read": {"device_start": -1, "device_end": -1}}, "softmax59": {"write": {"device_start": -1, "host_queued_start": 1585578577.424508, "device_queued": -1, "device_end": -1, "host_queued_end": 1585578577.429678}, "device": "gpu", "nd_range": {"device_start": 1585578512.2433848, "device_end": 1585578512.2434897}, "cmdq": 0, "read": {"device_start": -1, "device_end": -1}}, "empty71": {"write": {"device_start": 1585578512.241658, "host_queued_start": 1585578577.410818, "device_queued": 1585578512.2416337, "device_end": 1585578512.2416666, "host_queued_end": 1585578577.429678}, "device": "gpu", "nd_range": {"device_start": 1585578512.2416677, "device_end": 1585578512.2416716}, "cmdq": 0, "read": {"device_start": -1, "device_end": -1}}, "empty35": {"write": {"device_start": 1585578512.2414916, "host_queued_start": 1585578577.409126, "device_queued": 1585578512.2414687, "device_end": 1585578512.2415004, "host_queued_end": 1585578577.429678}, "device": "gpu", "nd_range": {"device_start": 1585578512.2416058, "device_end": 1585578512.2416093}, "cmdq": 1, "read": {"device_start": -1, "device_end": -1}}, "empty53": {"write": {"device_start": 1585578512.2415535, "host_queued_start": 1585578577.409945, "device_queued": 1585578512.241525, "device_end": 1585578512.2415667, "host_queued_end": 1585578577.429678}, "device": "gpu", "nd_range": {"device_start": 1585578512.241619, "device_end": 1585578512.2416224}, "cmdq": 3, "read": {"device_start": -1, "device_end": -1}}, "FFC_sans_bias46": {"write": {"device_start": 1585578512.2422757, "host_queued_start": 1585578577.416489, "device_queued": 1585578512.2422452, "device_end": 1585578512.2422843, "host_queued_end": 1585578577.429678}, "device": "gpu", "nd_range": {"device_start": 1585578512.2423606, "device_end": 1585578512.2425795}, "cmdq": 1, "read": {"device_start": -1, "device_end": -1}}, "coalesced_transpose66": {"write": {"device_start": -1, "host_queued_start": 1585578577.421637, "device_queued": -1, "device_end": -1, "host_queued_end": 1585578577.429678}, "device": "gpu", "nd_range": {"device_start": 1585578512.2429667, "device_end": 1585578512.24298}, "cmdq": 4, "read": {"device_start": -1, "device_end": -1}}, "coalesced_transpose48": {"write": {"device_start": -1, "host_queued_start": 1585578577.421109, "device_queued": -1, "device_end": -1, "host_queued_end": 1585578577.429678}, "device": "gpu", "nd_range": {"device_start": 1585578512.2429771, "device_end": 1585578512.24299}, "cmdq": 2, "read": {"device_start": -1, "device_end": -1}}}