{"FFC_sans_bias60": {"write": {"device_start": -1, "host_queued_start": 1585578038.729789, "device_queued": -1, "device_end": -1, "host_queued_end": 1585578038.733998}, "device": "cpu", "nd_range": {"device_start": 2245812.970270791, "device_end": 2245812.971008156}, "cmdq": 0, "read": {"device_start": -1, "device_end": -1}}, "FFC_sans_bias4": {"write": {"device_start": -1, "host_queued_start": 1585578038.723392, "device_queued": -1, "device_end": -1, "host_queued_end": 1585578038.733998}, "device": "cpu", "nd_range": {"device_start": 2245812.948445952, "device_end": 2245812.94917973}, "cmdq": 0, "read": {"device_start": -1, "device_end": -1}}, "FFC_sans_bias7": {"write": {"device_start": -1, "host_queued_start": 1585578038.730659, "device_queued": -1, "device_end": -1, "host_queued_end": 1585578038.733998}, "device": "cpu", "nd_range": {"device_start": 2245812.97333899, "device_end": 2245812.974854349}, "cmdq": 0, "read": {"device_start": -1, "device_end": -1}}, "FFC_sans_bias6": {"write": {"device_start": -1, "host_queued_start": 1585578038.727828, "device_queued": -1, "device_end": -1, "host_queued_end": 1585578038.733998}, "device": "cpu", "nd_range": {"device_start": 2245812.9615151254, "device_end": 2245812.9622479193}, "cmdq": 0, "read": {"device_start": -1, "device_end": -1}}, "FFC_sans_bias1": {"write": {"device_start": -1, "host_queued_start": 1585578038.709236, "device_queued": -1, "device_end": -1, "host_queued_end": 1585578038.733998}, "device": "cpu", "nd_range": {"device_start": 2245812.924484006, "device_end": 2245812.925384486}, "cmdq": 0, "read": {"device_start": -1, "device_end": -1}}, "FFC_sans_bias0": {"write": {"device_start": -1, "host_queued_start": 1585578038.708713, "device_queued": -1, "device_end": -1, "host_queued_end": 1585578038.733998}, "device": "cpu", "nd_range": {"device_start": 2245812.923661849, "device_end": 2245812.9244773784}, "cmdq": 0, "read": {"device_start": -1, "device_end": -1}}, "FFC_sans_bias2": {"write": {"device_start": -1, "host_queued_start": 1585578038.709767, "device_queued": -1, "device_end": -1, "host_queued_end": 1585578038.733998}, "device": "cpu", "nd_range": {"device_start": 2245812.9253918603, "device_end": 2245812.926131254}, "cmdq": 0, "read": {"device_start": -1, "device_end": -1}}, "FFC_sans_bias61": {"write": {"device_start": -1, "host_queued_start": 1585578038.733487, "device_queued": -1, "device_end": -1, "host_queued_end": 1585578038.733998}, "device": "cpu", "nd_range": {"device_start": 2245812.9785580463, "device_end": 2245812.9791836534}, "cmdq": 0, "read": {"device_start": -1, "device_end": -1}}, "FFC_sans_bias52": {"write": {"device_start": -1, "host_queued_start": 1585578038.733015, "device_queued": -1, "device_end": -1, "host_queued_end": 1585578038.733998}, "device": "cpu", "nd_range": {"device_start": 2245812.977943311, "device_end": 2245812.978555662}, "cmdq": 0, "read": {"device_start": -1, "device_end": -1}}, "FFC_sans_bias9": {"write": {"device_start": -1, "host_queued_start": 1585578038.710416, "device_queued": -1, "device_end": -1, "host_queued_end": 1585578038.733998}, "device": "cpu", "nd_range": {"device_start": 2245812.9261360574, "device_end": 2245812.926862357}, "cmdq": 0, "read": {"device_start": -1, "device_end": -1}}, "coalesced_transpose39": {"write": {"device_start": -1, "host_queued_start": 1585578038.722151, "device_queued": -1, "device_end": -1, "host_queued_end": 1585578038.733998}, "device": "cpu", "nd_range": {"device_start": 2245812.947837864, "device_end": 2245812.947890546}, "cmdq": 0, "read": {"device_start": -1, "device_end": -1}}, "FFC_sans_bias55": {"write": {"device_start": -1, "host_queued_start": 1585578038.719143, "device_queued": -1, "device_end": -1, "host_queued_end": 1585578038.733998}, "device": "cpu", "nd_range": {"device_start": 2245812.938612908, "device_end": 2245812.939338191}, "cmdq": 0, "read": {"device_start": -1, "device_end": -1}}, "FFC_sans_bias54": {"write": {"device_start": -1, "host_queued_start": 1585578038.718645, "device_queued": -1, "device_end": -1, "host_queued_end": 1585578038.733998}, "device": "cpu", "nd_range": {"device_start": 2245812.937900866, "device_end": 2245812.938606582}, "cmdq": 0, "read": {"device_start": -1, "device_end": -1}}, "FFC_sans_bias56": {"write": {"device_start": -1, "host_queued_start": 1585578038.718117, "device_queued": -1, "device_end": -1, "host_queued_end": 1585578038.733998}, "device": "cpu", "nd_range": {"device_start": 2245812.937168124, "device_end": 2245812.9378964063}, "cmdq": 0, "read": {"device_start": -1, "device_end": -1}}, "FFC_sans_bias51": {"write": {"device_start": -1, "host_queued_start": 1585578038.729458, "device_queued": -1, "device_end": -1, "host_queued_end": 1585578038.733998}, "device": "cpu", "nd_range": {"device_start": 2245812.968751937, "device_end": 2245812.970266309}, "cmdq": 0, "read": {"device_start": -1, "device_end": -1}}, "softmax23": {"write": {"device_start": -1, "host_queued_start": 1585578038.726313, "device_queued": -1, "device_end": -1, "host_queued_end": 1585578038.733998}, "device": "cpu", "nd_range": {"device_start": 2245812.9607993513, "device_end": 2245812.960848588}, "cmdq": 0, "read": {"device_start": -1, "device_end": -1}}, "FFC_sans_bias37": {"write": {"device_start": -1, "host_queued_start": 1585578038.715561, "device_queued": -1, "device_end": -1, "host_queued_end": 1585578038.733998}, "device": "cpu", "nd_range": {"device_start": 2245812.933512284, "device_end": 2245812.9342221282}, "cmdq": 0, "read": {"device_start": -1, "device_end": -1}}, "empty62": {"write": {"device_start": -1, "host_queued_start": 1585578038.707753, "device_queued": -1, "device_end": -1, "host_queued_end": 1585578038.733998}, "device": "cpu", "nd_range": {"device_start": 2245812.923636966, "device_end": 2245812.9236375033}, "cmdq": 0, "read": {"device_start": -1, "device_end": -1}}, "FFC_sans_bias70": {"write": {"device_start": -1, "host_queued_start": 1585578038.733954, "device_queued": -1, "device_end": -1, "host_queued_end": 1585578038.733998}, "device": "cpu", "nd_range": {"device_start": 2245812.9791862452, "device_end": 2245812.9798076623}, "cmdq": 0, "read": {"device_start": -1, "device_end": -1}}, "FFC_sans_bias58": {"write": {"device_start": -1, "host_queued_start": 1585578038.725285, "device_queued": -1, "device_end": -1, "host_queued_end": 1585578038.733998}, "device": "cpu", "nd_range": {"device_start": 2245812.95676905, "device_end": 2245812.959006409}, "cmdq": 0, "read": {"device_start": -1, "device_end": -1}}, "softmax41": {"write": {"device_start": -1, "host_queued_start": 1585578038.726803, "device_queued": -1, "device_end": -1, "host_queued_end": 1585578038.733998}, "device": "cpu", "nd_range": {"device_start": 2245812.961067013, "device_end": 2245812.961138011}, "cmdq": 0, "read": {"device_start": -1, "device_end": -1}}, "FFC_sans_bias11": {"write": {"device_start": -1, "host_queued_start": 1585578038.711471, "device_queued": -1, "device_end": -1, "host_queued_end": 1585578038.733998}, "device": "cpu", "nd_range": {"device_start": 2245812.92757668, "device_end": 2245812.928315041}, "cmdq": 0, "read": {"device_start": -1, "device_end": -1}}, "FFC_sans_bias10": {"write": {"device_start": -1, "host_queued_start": 1585578038.710961, "device_queued": -1, "device_end": -1, "host_queued_end": 1585578038.733998}, "device": "cpu", "nd_range": {"device_start": 2245812.926866672, "device_end": 2245812.927572429}, "cmdq": 0, "read": {"device_start": -1, "device_end": -1}}, "coalesced_transpose3": {"write": {"device_start": -1, "host_queued_start": 1585578038.720979, "device_queued": -1, "device_end": -1, "host_queued_end": 1585578038.733998}, "device": "cpu", "nd_range": {"device_start": 2245812.945757747, "device_end": 2245812.945810356}, "cmdq": 0, "read": {"device_start": -1, "device_end": -1}}, "FFC_sans_bias34": {"write": {"device_start": -1, "host_queued_start": 1585578038.73208, "device_queued": -1, "device_end": -1, "host_queued_end": 1585578038.733998}, "device": "cpu", "nd_range": {"device_start": 2245812.976417175, "device_end": 2245812.977374153}, "cmdq": 0, "read": {"device_start": -1, "device_end": -1}}, "FFC_sans_bias15": {"write": {"device_start": -1, "host_queued_start": 1585578038.728124, "device_queued": -1, "device_end": -1, "host_queued_end": 1585578038.733998}, "device": "cpu", "nd_range": {"device_start": 2245812.962254352, "device_end": 2245812.963005119}, "cmdq": 0, "read": {"device_start": -1, "device_end": -1}}, "FFC_sans_bias31": {"write": {"device_start": -1, "host_queued_start": 1585578038.72431, "device_queued": -1, "device_end": -1, "host_queued_end": 1585578038.733998}, "device": "cpu", "nd_range": {"device_start": 2245812.9529519863, "device_end": 2245812.953705879}, "cmdq": 0, "read": {"device_start": -1, "device_end": -1}}, "FFC_sans_bias16": {"write": {"device_start": -1, "host_queued_start": 1585578038.731142, "device_queued": -1, "device_end": -1, "host_queued_end": 1585578038.733998}, "device": "cpu", "nd_range": {"device_start": 2245812.974858459, "device_end": 2245812.975869697}, "cmdq": 0, "read": {"device_start": -1, "device_end": -1}}, "FFC_sans_bias19": {"write": {"device_start": -1, "host_queued_start": 1585578038.712463, "device_queued": -1, "device_end": -1, "host_queued_end": 1585578038.733998}, "device": "cpu", "nd_range": {"device_start": 2245812.929094347, "device_end": 2245812.929810993}, "cmdq": 0, "read": {"device_start": -1, "device_end": -1}}, "FFC_sans_bias18": {"write": {"device_start": -1, "host_queued_start": 1585578038.711964, "device_queued": -1, "device_end": -1, "host_queued_end": 1585578038.733998}, "device": "cpu", "nd_range": {"device_start": 2245812.928330067, "device_end": 2245812.9290892472}, "cmdq": 0, "read": {"device_start": -1, "device_end": -1}}, "coalesced_transpose30": {"write": {"device_start": -1, "host_queued_start": 1585578038.72187, "device_queued": -1, "device_end": -1, "host_queued_end": 1585578038.733998}, "device": "cpu", "nd_range": {"device_start": 2245812.947773525, "device_end": 2245812.947833326}, "cmdq": 0, "read": {"device_start": -1, "device_end": -1}}, "FFC_sans_bias69": {"write": {"device_start": -1, "host_queued_start": 1585578038.730107, "device_queued": -1, "device_end": -1, "host_queued_end": 1585578038.733998}, "device": "cpu", "nd_range": {"device_start": 2245812.971023953, "device_end": 2245812.9733343474}, "cmdq": 0, "read": {"device_start": -1, "device_end": -1}}, "FFC_sans_bias38": {"write": {"device_start": -1, "host_queued_start": 1585578038.716087, "device_queued": -1, "device_end": -1, "host_queued_end": 1585578038.733998}, "device": "cpu", "nd_range": {"device_start": 2245812.9342268393, "device_end": 2245812.934943032}, "cmdq": 0, "read": {"device_start": -1, "device_end": -1}}, "coalesced_transpose57": {"write": {"device_start": -1, "host_queued_start": 1585578038.722792, "device_queued": -1, "device_end": -1, "host_queued_end": 1585578038.733998}, "device": "cpu", "nd_range": {"device_start": 2245812.948094464, "device_end": 2245812.948133273}, "cmdq": 0, "read": {"device_start": -1, "device_end": -1}}, "empty26": {"write": {"device_start": -1, "host_queued_start": 1585578038.706117, "device_queued": -1, "device_end": -1, "host_queued_end": 1585578038.733998}, "device": "cpu", "nd_range": {"device_start": 2245812.923618347, "device_end": 2245812.923618812}, "cmdq": 0, "read": {"device_start": -1, "device_end": -1}}, "coalesced_transpose12": {"write": {"device_start": -1, "host_queued_start": 1585578038.721261, "device_queued": -1, "device_end": -1, "host_queued_end": 1585578038.733998}, "device": "cpu", "nd_range": {"device_start": 2245812.947527159, "device_end": 2245812.947598284}, "cmdq": 0, "read": {"device_start": -1, "device_end": -1}}, "empty44": {"write": {"device_start": -1, "host_queued_start": 1585578038.706987, "device_queued": -1, "device_end": -1, "host_queued_end": 1585578038.733998}, "device": "cpu", "nd_range": {"device_start": 2245812.923627289, "device_end": 2245812.92362796}, "cmdq": 0, "read": {"device_start": -1, "device_end": -1}}, "coalesced_transpose21": {"write": {"device_start": -1, "host_queued_start": 1585578038.721557, "device_queued": -1, "device_end": -1, "host_queued_end": 1585578038.733998}, "device": "cpu", "nd_range": {"device_start": 2245812.9476057542, "device_end": 2245812.947640648}, "cmdq": 0, "read": {"device_start": -1, "device_end": -1}}, "FFC_sans_bias36": {"write": {"device_start": -1, "host_queued_start": 1585578038.715032, "device_queued": -1, "device_end": -1, "host_queued_end": 1585578038.733998}, "device": "cpu", "nd_range": {"device_start": 2245812.932795843, "device_end": 2245812.933505386}, "cmdq": 0, "read": {"device_start": -1, "device_end": -1}}, "softmax14": {"write": {"device_start": -1, "host_queued_start": 1585578038.726075, "device_queued": -1, "device_end": -1, "host_queued_end": 1585578038.733998}, "device": "cpu", "nd_range": {"device_start": 2245812.960636604, "device_end": 2245812.960709034}, "cmdq": 0, "read": {"device_start": -1, "device_end": -1}}, "FFC_sans_bias13": {"write": {"device_start": -1, "host_queued_start": 1585578038.723702, "device_queued": -1, "device_end": -1, "host_queued_end": 1585578038.733998}, "device": "cpu", "nd_range": {"device_start": 2245812.949188074, "device_end": 2245812.9514067792}, "cmdq": 0, "read": {"device_start": -1, "device_end": -1}}, "empty8": {"write": {"device_start": -1, "host_queued_start": 1585578038.705141, "device_queued": -1, "device_end": -1, "host_queued_end": 1585578038.733998}, "device": "cpu", "nd_range": {"device_start": 2245812.92358753, "device_end": 2245812.923597881}, "cmdq": 0, "read": {"device_start": -1, "device_end": -1}}, "FFC_sans_bias42": {"write": {"device_start": -1, "host_queued_start": 1585578038.729103, "device_queued": -1, "device_end": -1, "host_queued_end": 1585578038.733998}, "device": "cpu", "nd_range": {"device_start": 2245812.964504065, "device_end": 2245812.9687472032}, "cmdq": 0, "read": {"device_start": -1, "device_end": -1}}, "FFC_sans_bias43": {"write": {"device_start": -1, "host_queued_start": 1585578038.732544, "device_queued": -1, "device_end": -1, "host_queued_end": 1585578038.733998}, "device": "cpu", "nd_range": {"device_start": 2245812.977379445, "device_end": 2245812.977940626}, "cmdq": 0, "read": {"device_start": -1, "device_end": -1}}, "FFC_sans_bias40": {"write": {"device_start": -1, "host_queued_start": 1585578038.724618, "device_queued": -1, "device_end": -1, "host_queued_end": 1585578038.733998}, "device": "cpu", "nd_range": {"device_start": 2245812.9537197733, "device_end": 2245812.9559838823}, "cmdq": 0, "read": {"device_start": -1, "device_end": -1}}, "softmax32": {"write": {"device_start": -1, "host_queued_start": 1585578038.72654, "device_queued": -1, "device_end": -1, "host_queued_end": 1585578038.733998}, "device": "cpu", "nd_range": {"device_start": 2245812.960857475, "device_end": 2245812.9608851313}, "cmdq": 0, "read": {"device_start": -1, "device_end": -1}}, "FFC_sans_bias47": {"write": {"device_start": -1, "host_queued_start": 1585578038.717611, "device_queued": -1, "device_end": -1, "host_queued_end": 1585578038.733998}, "device": "cpu", "nd_range": {"device_start": 2245812.936442091, "device_end": 2245812.93716302}, "cmdq": 0, "read": {"device_start": -1, "device_end": -1}}, "FFC_sans_bias45": {"write": {"device_start": -1, "host_queued_start": 1585578038.716599, "device_queued": -1, "device_end": -1, "host_queued_end": 1585578038.733998}, "device": "cpu", "nd_range": {"device_start": 2245812.934947528, "device_end": 2245812.935691}, "cmdq": 0, "read": {"device_start": -1, "device_end": -1}}, "softmax50": {"write": {"device_start": -1, "host_queued_start": 1585578038.727039, "device_queued": -1, "device_end": -1, "host_queued_end": 1585578038.733998}, "device": "cpu", "nd_range": {"device_start": 2245812.9612849643, "device_end": 2245812.96138337}, "cmdq": 0, "read": {"device_start": -1, "device_end": -1}}, "FFC_sans_bias33": {"write": {"device_start": -1, "host_queued_start": 1585578038.728745, "device_queued": -1, "device_end": -1, "host_queued_end": 1585578038.733998}, "device": "cpu", "nd_range": {"device_start": 2245812.963756612, "device_end": 2245812.9644990154}, "cmdq": 0, "read": {"device_start": -1, "device_end": -1}}, "FFC_sans_bias63": {"write": {"device_start": -1, "host_queued_start": 1585578038.720662, "device_queued": -1, "device_end": -1, "host_queued_end": 1585578038.733998}, "device": "cpu", "nd_range": {"device_start": 2245812.9449985023, "device_end": 2245812.9457530063}, "cmdq": 0, "read": {"device_start": -1, "device_end": -1}}, "FFC_sans_bias49": {"write": {"device_start": -1, "host_queued_start": 1585578038.72491, "device_queued": -1, "device_end": -1, "host_queued_end": 1585578038.733998}, "device": "cpu", "nd_range": {"device_start": 2245812.955988278, "device_end": 2245812.956763909}, "cmdq": 0, "read": {"device_start": -1, "device_end": -1}}, "FFC_sans_bias64": {"write": {"device_start": -1, "host_queued_start": 1585578038.719646, "device_queued": -1, "device_end": -1, "host_queued_end": 1585578038.733998}, "device": "cpu", "nd_range": {"device_start": 2245812.9393443014, "device_end": 2245812.944243195}, "cmdq": 0, "read": {"device_start": -1, "device_end": -1}}, "FFC_sans_bias65": {"write": {"device_start": -1, "host_queued_start": 1585578038.720165, "device_queued": -1, "device_end": -1, "host_queued_end": 1585578038.733998}, "device": "cpu", "nd_range": {"device_start": 2245812.94424807, "device_end": 2245812.944993853}, "cmdq": 0, "read": {"device_start": -1, "device_end": -1}}, "FFC_sans_bias67": {"write": {"device_start": -1, "host_queued_start": 1585578038.725595, "device_queued": -1, "device_end": -1, "host_queued_end": 1585578038.733998}, "device": "cpu", "nd_range": {"device_start": 2245812.959011088, "device_end": 2245812.959756186}, "cmdq": 0, "read": {"device_start": -1, "device_end": -1}}, "FFC_sans_bias24": {"write": {"device_start": -1, "host_queued_start": 1585578038.728436, "device_queued": -1, "device_end": -1, "host_queued_end": 1585578038.733998}, "device": "cpu", "nd_range": {"device_start": 2245812.963010232, "device_end": 2245812.9637519303}, "cmdq": 0, "read": {"device_start": -1, "device_end": -1}}, "FFC_sans_bias25": {"write": {"device_start": -1, "host_queued_start": 1585578038.731602, "device_queued": -1, "device_end": -1, "host_queued_end": 1585578038.733998}, "device": "cpu", "nd_range": {"device_start": 2245812.975874502, "device_end": 2245812.97639954}, "cmdq": 0, "read": {"device_start": -1, "device_end": -1}}, "FFC_sans_bias27": {"write": {"device_start": -1, "host_queued_start": 1585578038.713509, "device_queued": -1, "device_end": -1, "host_queued_end": 1585578038.733998}, "device": "cpu", "nd_range": {"device_start": 2245812.9305584943, "device_end": 2245812.93131052}, "cmdq": 0, "read": {"device_start": -1, "device_end": -1}}, "FFC_sans_bias20": {"write": {"device_start": -1, "host_queued_start": 1585578038.713011, "device_queued": -1, "device_end": -1, "host_queued_end": 1585578038.733998}, "device": "cpu", "nd_range": {"device_start": 2245812.929815616, "device_end": 2245812.930553559}, "cmdq": 0, "read": {"device_start": -1, "device_end": -1}}, "FFC_sans_bias22": {"write": {"device_start": -1, "host_queued_start": 1585578038.723997, "device_queued": -1, "device_end": -1, "host_queued_end": 1585578038.733998}, "device": "cpu", "nd_range": {"device_start": 2245812.951411038, "device_end": 2245812.952947225}, "cmdq": 0, "read": {"device_start": -1, "device_end": -1}}, "softmax68": {"write": {"device_start": -1, "host_queued_start": 1585578038.727522, "device_queued": -1, "device_end": -1, "host_queued_end": 1585578038.733998}, "device": "cpu", "nd_range": {"device_start": 2245812.9614625024, "device_end": 2245812.9614821393}, "cmdq": 0, "read": {"device_start": -1, "device_end": -1}}, "softmax5": {"write": {"device_start": -1, "host_queued_start": 1585578038.725831, "device_queued": -1, "device_end": -1, "host_queued_end": 1585578038.733998}, "device": "cpu", "nd_range": {"device_start": 2245812.959762447, "device_end": 2245812.9606306013}, "cmdq": 0, "read": {"device_start": -1, "device_end": -1}}, "FFC_sans_bias28": {"write": {"device_start": -1, "host_queued_start": 1585578038.714005, "device_queued": -1, "device_end": -1, "host_queued_end": 1585578038.733998}, "device": "cpu", "nd_range": {"device_start": 2245812.9313183273, "device_end": 2245812.932059993}, "cmdq": 0, "read": {"device_start": -1, "device_end": -1}}, "FFC_sans_bias29": {"write": {"device_start": -1, "host_queued_start": 1585578038.714505, "device_queued": -1, "device_end": -1, "host_queued_end": 1585578038.733998}, "device": "cpu", "nd_range": {"device_start": 2245812.9320649942, "device_end": 2245812.932791078}, "cmdq": 0, "read": {"device_start": -1, "device_end": -1}}, "empty17": {"write": {"device_start": -1, "host_queued_start": 1585578038.705709, "device_queued": -1, "device_end": -1, "host_queued_end": 1585578038.733998}, "device": "cpu", "nd_range": {"device_start": 2245812.923613538, "device_end": 2245812.9236144}, "cmdq": 0, "read": {"device_start": -1, "device_end": -1}}, "softmax59": {"write": {"device_start": -1, "host_queued_start": 1585578038.727261, "device_queued": -1, "device_end": -1, "host_queued_end": 1585578038.733998}, "device": "cpu", "nd_range": {"device_start": 2245812.9613890313, "device_end": 2245812.961450017}, "cmdq": 0, "read": {"device_start": -1, "device_end": -1}}, "empty71": {"write": {"device_start": -1, "host_queued_start": 1585578038.708136, "device_queued": -1, "device_end": -1, "host_queued_end": 1585578038.733998}, "device": "cpu", "nd_range": {"device_start": 2245812.923656622, "device_end": 2245812.9236575183}, "cmdq": 0, "read": {"device_start": -1, "device_end": -1}}, "empty35": {"write": {"device_start": -1, "host_queued_start": 1585578038.706555, "device_queued": -1, "device_end": -1, "host_queued_end": 1585578038.733998}, "device": "cpu", "nd_range": {"device_start": 2245812.9236227623, "device_end": 2245812.923623335}, "cmdq": 0, "read": {"device_start": -1, "device_end": -1}}, "empty53": {"write": {"device_start": -1, "host_queued_start": 1585578038.707394, "device_queued": -1, "device_end": -1, "host_queued_end": 1585578038.733998}, "device": "cpu", "nd_range": {"device_start": 2245812.92363266, "device_end": 2245812.92363318}, "cmdq": 0, "read": {"device_start": -1, "device_end": -1}}, "FFC_sans_bias46": {"write": {"device_start": -1, "host_queued_start": 1585578038.717108, "device_queued": -1, "device_end": -1, "host_queued_end": 1585578038.733998}, "device": "cpu", "nd_range": {"device_start": 2245812.93569559, "device_end": 2245812.936437402}, "cmdq": 0, "read": {"device_start": -1, "device_end": -1}}, "coalesced_transpose66": {"write": {"device_start": -1, "host_queued_start": 1585578038.723077, "device_queued": -1, "device_end": -1, "host_queued_end": 1585578038.733998}, "device": "cpu", "nd_range": {"device_start": 2245812.948330164, "device_end": 2245812.948379146}, "cmdq": 0, "read": {"device_start": -1, "device_end": -1}}, "coalesced_transpose48": {"write": {"device_start": -1, "host_queued_start": 1585578038.722443, "device_queued": -1, "device_end": -1, "host_queued_end": 1585578038.733998}, "device": "cpu", "nd_range": {"device_start": 2245812.947894778, "device_end": 2245812.947924956}, "cmdq": 0, "read": {"device_start": -1, "device_end": -1}}}