{"FFC_sans_bias60": {"write": {"device_start": -1, "host_queued_start": 1585578569.389136, "device_queued": -1, "device_end": -1, "host_queued_end": 1585578569.393192}, "device": "cpu", "nd_range": {"device_start": 2246343.606871224, "device_end": 2246343.608445791}, "cmdq": 2, "read": {"device_start": -1, "device_end": -1}}, "FFC_sans_bias4": {"write": {"device_start": -1, "host_queued_start": 1585578569.382457, "device_queued": -1, "device_end": -1, "host_queued_end": 1585578569.393192}, "device": "cpu", "nd_range": {"device_start": 2246343.596903177, "device_end": 2246343.598347043}, "cmdq": 1, "read": {"device_start": -1, "device_end": -1}}, "FFC_sans_bias7": {"write": {"device_start": -1, "host_queued_start": 1585578569.389951, "device_queued": -1, "device_end": -1, "host_queued_end": 1585578569.393192}, "device": "cpu", "nd_range": {"device_start": 2246343.6054098792, "device_end": 2246343.606492078}, "cmdq": 1, "read": {"device_start": -1, "device_end": -1}}, "FFC_sans_bias6": {"write": {"device_start": -1, "host_queued_start": 1585578569.387108, "device_queued": -1, "device_end": -1, "host_queued_end": 1585578569.393192}, "device": "cpu", "nd_range": {"device_start": 2246343.603947226, "device_end": 2246343.605290655}, "cmdq": 2, "read": {"device_start": -1, "device_end": -1}}, "FFC_sans_bias1": {"write": {"device_start": -1, "host_queued_start": 1585578569.368323, "device_queued": -1, "device_end": -1, "host_queued_end": 1585578569.393192}, "device": "cpu", "nd_range": {"device_start": 2246343.582861912, "device_end": 2246343.5842258343}, "cmdq": 0, "read": {"device_start": -1, "device_end": -1}}, "FFC_sans_bias0": {"write": {"device_start": -1, "host_queued_start": 1585578569.367818, "device_queued": -1, "device_end": -1, "host_queued_end": 1585578569.393192}, "device": "cpu", "nd_range": {"device_start": 2246343.582891912, "device_end": 2246343.584761544}, "cmdq": 2, "read": {"device_start": -1, "device_end": -1}}, "FFC_sans_bias2": {"write": {"device_start": -1, "host_queued_start": 1585578569.368824, "device_queued": -1, "device_end": -1, "host_queued_end": 1585578569.393192}, "device": "cpu", "nd_range": {"device_start": 2246343.582862276, "device_end": 2246343.584650054}, "cmdq": 1, "read": {"device_start": -1, "device_end": -1}}, "FFC_sans_bias61": {"write": {"device_start": -1, "host_queued_start": 1585578569.392697, "device_queued": -1, "device_end": -1, "host_queued_end": 1585578569.393192}, "device": "cpu", "nd_range": {"device_start": 2246343.608563389, "device_end": 2246343.610016272}, "cmdq": 1, "read": {"device_start": -1, "device_end": -1}}, "FFC_sans_bias52": {"write": {"device_start": -1, "host_queued_start": 1585578569.392245, "device_queued": -1, "device_end": -1, "host_queued_end": 1585578569.393192}, "device": "cpu", "nd_range": {"device_start": 2246343.6128878053, "device_end": 2246343.615474509}, "cmdq": 0, "read": {"device_start": -1, "device_end": -1}}, "FFC_sans_bias9": {"write": {"device_start": -1, "host_queued_start": 1585578569.369488, "device_queued": -1, "device_end": -1, "host_queued_end": 1585578569.393192}, "device": "cpu", "nd_range": {"device_start": 2246343.5850420683, "device_end": 2246343.586122894}, "cmdq": 2, "read": {"device_start": -1, "device_end": -1}}, "coalesced_transpose39": {"write": {"device_start": -1, "host_queued_start": 1585578569.381229, "device_queued": -1, "device_end": -1, "host_queued_end": 1585578569.393192}, "device": "cpu", "nd_range": {"device_start": 2246343.5951997763, "device_end": 2246343.5952570504}, "cmdq": 0, "read": {"device_start": -1, "device_end": -1}}, "FFC_sans_bias55": {"write": {"device_start": -1, "host_queued_start": 1585578569.37815, "device_queued": -1, "device_end": -1, "host_queued_end": 1585578569.393192}, "device": "cpu", "nd_range": {"device_start": 2246343.593980247, "device_end": 2246343.595288326}, "cmdq": 1, "read": {"device_start": -1, "device_end": -1}}, "FFC_sans_bias54": {"write": {"device_start": -1, "host_queued_start": 1585578569.377649, "device_queued": -1, "device_end": -1, "host_queued_end": 1585578569.393192}, "device": "cpu", "nd_range": {"device_start": 2246343.5918590412, "device_end": 2246343.593077391}, "cmdq": 0, "read": {"device_start": -1, "device_end": -1}}, "FFC_sans_bias56": {"write": {"device_start": -1, "host_queued_start": 1585578569.377144, "device_queued": -1, "device_end": -1, "host_queued_end": 1585578569.393192}, "device": "cpu", "nd_range": {"device_start": 2246343.592215003, "device_end": 2246343.5936686792}, "cmdq": 2, "read": {"device_start": -1, "device_end": -1}}, "FFC_sans_bias51": {"write": {"device_start": -1, "host_queued_start": 1585578569.388801, "device_queued": -1, "device_end": -1, "host_queued_end": 1585578569.393192}, "device": "cpu", "nd_range": {"device_start": 2246343.603836887, "device_end": 2246343.6048074993}, "cmdq": 1, "read": {"device_start": -1, "device_end": -1}}, "softmax23": {"write": {"device_start": -1, "host_queued_start": 1585578569.385533, "device_queued": -1, "device_end": -1, "host_queued_end": 1585578569.393192}, "device": "cpu", "nd_range": {"device_start": 2246343.602445898, "device_end": 2246343.602492467}, "cmdq": 2, "read": {"device_start": -1, "device_end": -1}}, "FFC_sans_bias37": {"write": {"device_start": -1, "host_queued_start": 1585578569.374616, "device_queued": -1, "device_end": -1, "host_queued_end": 1585578569.393192}, "device": "cpu", "nd_range": {"device_start": 2246343.58898078, "device_end": 2246343.5901929853}, "cmdq": 0, "read": {"device_start": -1, "device_end": -1}}, "empty62": {"write": {"device_start": -1, "host_queued_start": 1585578569.366911, "device_queued": -1, "device_end": -1, "host_queued_end": 1585578569.393192}, "device": "cpu", "nd_range": {"device_start": 2246343.582856534, "device_end": 2246343.5828570863}, "cmdq": 0, "read": {"device_start": -1, "device_end": -1}}, "FFC_sans_bias70": {"write": {"device_start": -1, "host_queued_start": 1585578569.393149, "device_queued": -1, "device_end": -1, "host_queued_end": 1585578569.393192}, "device": "cpu", "nd_range": {"device_start": 2246343.6118237083, "device_end": 2246343.6132714744}, "cmdq": 2, "read": {"device_start": -1, "device_end": -1}}, "FFC_sans_bias58": {"write": {"device_start": -1, "host_queued_start": 1585578569.384459, "device_queued": -1, "device_end": -1, "host_queued_end": 1585578569.393192}, "device": "cpu", "nd_range": {"device_start": 2246343.600391391, "device_end": 2246343.602307211}, "cmdq": 1, "read": {"device_start": -1, "device_end": -1}}, "softmax41": {"write": {"device_start": -1, "host_queued_start": 1585578569.386023, "device_queued": -1, "device_end": -1, "host_queued_end": 1585578569.393192}, "device": "cpu", "nd_range": {"device_start": 2246343.602380524, "device_end": 2246343.602486724}, "cmdq": 1, "read": {"device_start": -1, "device_end": -1}}, "FFC_sans_bias11": {"write": {"device_start": -1, "host_queued_start": 1585578569.370504, "device_queued": -1, "device_end": -1, "host_queued_end": 1585578569.393192}, "device": "cpu", "nd_range": {"device_start": 2246343.584657413, "device_end": 2246343.586577222}, "cmdq": 1, "read": {"device_start": -1, "device_end": -1}}, "FFC_sans_bias10": {"write": {"device_start": -1, "host_queued_start": 1585578569.369993, "device_queued": -1, "device_end": -1, "host_queued_end": 1585578569.393192}, "device": "cpu", "nd_range": {"device_start": 2246343.58423141, "device_end": 2246343.585193717}, "cmdq": 0, "read": {"device_start": -1, "device_end": -1}}, "coalesced_transpose3": {"write": {"device_start": -1, "host_queued_start": 1585578569.380021, "device_queued": -1, "device_end": -1, "host_queued_end": 1585578569.393192}, "device": "cpu", "nd_range": {"device_start": 2246343.5949907224, "device_end": 2246343.595161287}, "cmdq": 2, "read": {"device_start": -1, "device_end": -1}}, "FFC_sans_bias34": {"write": {"device_start": -1, "host_queued_start": 1585578569.391338, "device_queued": -1, "device_end": -1, "host_queued_end": 1585578569.393192}, "device": "cpu", "nd_range": {"device_start": 2246343.606859405, "device_end": 2246343.607952948}, "cmdq": 1, "read": {"device_start": -1, "device_end": -1}}, "FFC_sans_bias15": {"write": {"device_start": -1, "host_queued_start": 1585578569.387441, "device_queued": -1, "device_end": -1, "host_queued_end": 1585578569.393192}, "device": "cpu", "nd_range": {"device_start": 2246343.604419201, "device_end": 2246343.605643238}, "cmdq": 0, "read": {"device_start": -1, "device_end": -1}}, "FFC_sans_bias31": {"write": {"device_start": -1, "host_queued_start": 1585578569.383432, "device_queued": -1, "device_end": -1, "host_queued_end": 1585578569.393192}, "device": "cpu", "nd_range": {"device_start": 2246343.598459395, "device_end": 2246343.6003849143}, "cmdq": 1, "read": {"device_start": -1, "device_end": -1}}, "FFC_sans_bias16": {"write": {"device_start": -1, "host_queued_start": 1585578569.390402, "device_queued": -1, "device_end": -1, "host_queued_end": 1585578569.393192}, "device": "cpu", "nd_range": {"device_start": 2246343.608567309, "device_end": 2246343.609657933}, "cmdq": 2, "read": {"device_start": -1, "device_end": -1}}, "FFC_sans_bias19": {"write": {"device_start": -1, "host_queued_start": 1585578569.371559, "device_queued": -1, "device_end": -1, "host_queued_end": 1585578569.393192}, "device": "cpu", "nd_range": {"device_start": 2246343.585198488, "device_end": 2246343.586644519}, "cmdq": 0, "read": {"device_start": -1, "device_end": -1}}, "FFC_sans_bias18": {"write": {"device_start": -1, "host_queued_start": 1585578569.371057, "device_queued": -1, "device_end": -1, "host_queued_end": 1585578569.393192}, "device": "cpu", "nd_range": {"device_start": 2246343.5861308593, "device_end": 2246343.587945756}, "cmdq": 2, "read": {"device_start": -1, "device_end": -1}}, "coalesced_transpose30": {"write": {"device_start": -1, "host_queued_start": 1585578569.380936, "device_queued": -1, "device_end": -1, "host_queued_end": 1585578569.393192}, "device": "cpu", "nd_range": {"device_start": 2246343.59527031, "device_end": 2246343.595305444}, "cmdq": 2, "read": {"device_start": -1, "device_end": -1}}, "FFC_sans_bias69": {"write": {"device_start": -1, "host_queued_start": 1585578569.389446, "device_queued": -1, "device_end": -1, "host_queued_end": 1585578569.393192}, "device": "cpu", "nd_range": {"device_start": 2246343.6098033953, "device_end": 2246343.611781272}, "cmdq": 0, "read": {"device_start": -1, "device_end": -1}}, "FFC_sans_bias38": {"write": {"device_start": -1, "host_queued_start": 1585578569.375125, "device_queued": -1, "device_end": -1, "host_queued_end": 1585578569.393192}, "device": "cpu", "nd_range": {"device_start": 2246343.589607268, "device_end": 2246343.591938938}, "cmdq": 1, "read": {"device_start": -1, "device_end": -1}}, "coalesced_transpose57": {"write": {"device_start": -1, "host_queued_start": 1585578569.381836, "device_queued": -1, "device_end": -1, "host_queued_end": 1585578569.393192}, "device": "cpu", "nd_range": {"device_start": 2246343.595361614, "device_end": 2246343.595413999}, "cmdq": 2, "read": {"device_start": -1, "device_end": -1}}, "empty26": {"write": {"device_start": -1, "host_queued_start": 1585578569.365395, "device_queued": -1, "device_end": -1, "host_queued_end": 1585578569.393192}, "device": "cpu", "nd_range": {"device_start": 2246343.58286335, "device_end": 2246343.582867787}, "cmdq": 2, "read": {"device_start": -1, "device_end": -1}}, "coalesced_transpose12": {"write": {"device_start": -1, "host_queued_start": 1585578569.380319, "device_queued": -1, "device_end": -1, "host_queued_end": 1585578569.393192}, "device": "cpu", "nd_range": {"device_start": 2246343.5948841283, "device_end": 2246343.595183315}, "cmdq": 0, "read": {"device_start": -1, "device_end": -1}}, "empty44": {"write": {"device_start": -1, "host_queued_start": 1585578569.366156, "device_queued": -1, "device_end": -1, "host_queued_end": 1585578569.393192}, "device": "cpu", "nd_range": {"device_start": 2246343.582850796, "device_end": 2246343.5828516753}, "cmdq": 1, "read": {"device_start": -1, "device_end": -1}}, "coalesced_transpose21": {"write": {"device_start": -1, "host_queued_start": 1585578569.380631, "device_queued": -1, "device_end": -1, "host_queued_end": 1585578569.393192}, "device": "cpu", "nd_range": {"device_start": 2246343.5966448993, "device_end": 2246343.5966990762}, "cmdq": 1, "read": {"device_start": -1, "device_end": -1}}, "FFC_sans_bias36": {"write": {"device_start": -1, "host_queued_start": 1585578569.37409, "device_queued": -1, "device_end": -1, "host_queued_end": 1585578569.393192}, "device": "cpu", "nd_range": {"device_start": 2246343.5896714423, "device_end": 2246343.590878072}, "cmdq": 2, "read": {"device_start": -1, "device_end": -1}}, "softmax14": {"write": {"device_start": -1, "host_queued_start": 1585578569.385283, "device_queued": -1, "device_end": -1, "host_queued_end": 1585578569.393192}, "device": "cpu", "nd_range": {"device_start": 2246343.602312589, "device_end": 2246343.602368902}, "cmdq": 1, "read": {"device_start": -1, "device_end": -1}}, "FFC_sans_bias13": {"write": {"device_start": -1, "host_queued_start": 1585578569.382804, "device_queued": -1, "device_end": -1, "host_queued_end": 1585578569.393192}, "device": "cpu", "nd_range": {"device_start": 2246343.595421018, "device_end": 2246343.598453816}, "cmdq": 2, "read": {"device_start": -1, "device_end": -1}}, "empty8": {"write": {"device_start": -1, "host_queued_start": 1585578569.364432, "device_queued": -1, "device_end": -1, "host_queued_end": 1585578569.393192}, "device": "cpu", "nd_range": {"device_start": 2246343.5828158073, "device_end": 2246343.5828299783}, "cmdq": 0, "read": {"device_start": -1, "device_end": -1}}, "FFC_sans_bias42": {"write": {"device_start": -1, "host_queued_start": 1585578569.388476, "device_queued": -1, "device_end": -1, "host_queued_end": 1585578569.393192}, "device": "cpu", "nd_range": {"device_start": 2246343.6069837213, "device_end": 2246343.6083341693}, "cmdq": 0, "read": {"device_start": -1, "device_end": -1}}, "FFC_sans_bias43": {"write": {"device_start": -1, "host_queued_start": 1585578569.391792, "device_queued": -1, "device_end": -1, "host_queued_end": 1585578569.393192}, "device": "cpu", "nd_range": {"device_start": 2246343.6098019253, "device_end": 2246343.610764286}, "cmdq": 2, "read": {"device_start": -1, "device_end": -1}}, "FFC_sans_bias40": {"write": {"device_start": -1, "host_queued_start": 1585578569.383749, "device_queued": -1, "device_end": -1, "host_queued_end": 1585578569.393192}, "device": "cpu", "nd_range": {"device_start": 2246343.598592053, "device_end": 2246343.600512545}, "cmdq": 2, "read": {"device_start": -1, "device_end": -1}}, "softmax32": {"write": {"device_start": -1, "host_queued_start": 1585578569.385773, "device_queued": -1, "device_end": -1, "host_queued_end": 1585578569.393192}, "device": "cpu", "nd_range": {"device_start": 2246343.60391994, "device_end": 2246343.603984179}, "cmdq": 0, "read": {"device_start": -1, "device_end": -1}}, "FFC_sans_bias47": {"write": {"device_start": -1, "host_queued_start": 1585578569.376641, "device_queued": -1, "device_end": -1, "host_queued_end": 1585578569.393192}, "device": "cpu", "nd_range": {"device_start": 2246343.592018545, "device_end": 2246343.593869858}, "cmdq": 1, "read": {"device_start": -1, "device_end": -1}}, "FFC_sans_bias45": {"write": {"device_start": -1, "host_queued_start": 1585578569.375625, "device_queued": -1, "device_end": -1, "host_queued_end": 1585578569.393192}, "device": "cpu", "nd_range": {"device_start": 2246343.590985844, "device_end": 2246343.5922005572}, "cmdq": 2, "read": {"device_start": -1, "device_end": -1}}, "softmax50": {"write": {"device_start": -1, "host_queued_start": 1585578569.386277, "device_queued": -1, "device_end": -1, "host_queued_end": 1585578569.393192}, "device": "cpu", "nd_range": {"device_start": 2246343.602548317, "device_end": 2246343.602591523}, "cmdq": 2, "read": {"device_start": -1, "device_end": -1}}, "FFC_sans_bias33": {"write": {"device_start": -1, "host_queued_start": 1585578569.388153, "device_queued": -1, "device_end": -1, "host_queued_end": 1585578569.393192}, "device": "cpu", "nd_range": {"device_start": 2246343.605518566, "device_end": 2246343.6068518003}, "cmdq": 2, "read": {"device_start": -1, "device_end": -1}}, "FFC_sans_bias63": {"write": {"device_start": -1, "host_queued_start": 1585578569.37971, "device_queued": -1, "device_end": -1, "host_queued_end": 1585578569.393192}, "device": "cpu", "nd_range": {"device_start": 2246343.595363228, "device_end": 2246343.59663699}, "cmdq": 1, "read": {"device_start": -1, "device_end": -1}}, "FFC_sans_bias49": {"write": {"device_start": -1, "host_queued_start": 1585578569.38413, "device_queued": -1, "device_end": -1, "host_queued_end": 1585578569.393192}, "device": "cpu", "nd_range": {"device_start": 2246343.599753411, "device_end": 2246343.601681122}, "cmdq": 0, "read": {"device_start": -1, "device_end": -1}}, "FFC_sans_bias64": {"write": {"device_start": -1, "host_queued_start": 1585578569.378695, "device_queued": -1, "device_end": -1, "host_queued_end": 1585578569.393192}, "device": "cpu", "nd_range": {"device_start": 2246343.593777969, "device_end": 2246343.594860042}, "cmdq": 2, "read": {"device_start": -1, "device_end": -1}}, "FFC_sans_bias65": {"write": {"device_start": -1, "host_queued_start": 1585578569.379205, "device_queued": -1, "device_end": -1, "host_queued_end": 1585578569.393192}, "device": "cpu", "nd_range": {"device_start": 2246343.593184573, "device_end": 2246343.594872773}, "cmdq": 0, "read": {"device_start": -1, "device_end": -1}}, "FFC_sans_bias67": {"write": {"device_start": -1, "host_queued_start": 1585578569.384779, "device_queued": -1, "device_end": -1, "host_queued_end": 1585578569.393192}, "device": "cpu", "nd_range": {"device_start": 2246343.600519435, "device_end": 2246343.6024377993}, "cmdq": 2, "read": {"device_start": -1, "device_end": -1}}, "FFC_sans_bias24": {"write": {"device_start": -1, "host_queued_start": 1585578569.387783, "device_queued": -1, "device_end": -1, "host_queued_end": 1585578569.393192}, "device": "cpu", "nd_range": {"device_start": 2246343.6025836063, "device_end": 2246343.6038263733}, "cmdq": 1, "read": {"device_start": -1, "device_end": -1}}, "FFC_sans_bias25": {"write": {"device_start": -1, "host_queued_start": 1585578569.390881, "device_queued": -1, "device_end": -1, "host_queued_end": 1585578569.393192}, "device": "cpu", "nd_range": {"device_start": 2246343.611799193, "device_end": 2246343.6128831333}, "cmdq": 0, "read": {"device_start": -1, "device_end": -1}}, "FFC_sans_bias27": {"write": {"device_start": -1, "host_queued_start": 1585578569.372579, "device_queued": -1, "device_end": -1, "host_queued_end": 1585578569.393192}, "device": "cpu", "nd_range": {"device_start": 2246343.588089881, "device_end": 2246343.5895485613}, "cmdq": 2, "read": {"device_start": -1, "device_end": -1}}, "FFC_sans_bias20": {"write": {"device_start": -1, "host_queued_start": 1585578569.372071, "device_queued": -1, "device_end": -1, "host_queued_end": 1585578569.393192}, "device": "cpu", "nd_range": {"device_start": 2246343.586688599, "device_end": 2246343.587965011}, "cmdq": 1, "read": {"device_start": -1, "device_end": -1}}, "FFC_sans_bias22": {"write": {"device_start": -1, "host_queued_start": 1585578569.383112, "device_queued": -1, "device_end": -1, "host_queued_end": 1585578569.393192}, "device": "cpu", "nd_range": {"device_start": 2246343.596723113, "device_end": 2246343.597840329}, "cmdq": 0, "read": {"device_start": -1, "device_end": -1}}, "softmax68": {"write": {"device_start": -1, "host_queued_start": 1585578569.386791, "device_queued": -1, "device_end": -1, "host_queued_end": 1585578569.393192}, "device": "cpu", "nd_range": {"device_start": 2246343.602498642, "device_end": 2246343.602574475}, "cmdq": 1, "read": {"device_start": -1, "device_end": -1}}, "softmax5": {"write": {"device_start": -1, "host_queued_start": 1585578569.385026, "device_queued": -1, "device_end": -1, "host_queued_end": 1585578569.393192}, "device": "cpu", "nd_range": {"device_start": 2246343.601687833, "device_end": 2246343.601768249}, "cmdq": 0, "read": {"device_start": -1, "device_end": -1}}, "FFC_sans_bias28": {"write": {"device_start": -1, "host_queued_start": 1585578569.373083, "device_queued": -1, "device_end": -1, "host_queued_end": 1585578569.393192}, "device": "cpu", "nd_range": {"device_start": 2246343.586737844, "device_end": 2246343.588863343}, "cmdq": 0, "read": {"device_start": -1, "device_end": -1}}, "FFC_sans_bias29": {"write": {"device_start": -1, "host_queued_start": 1585578569.37359, "device_queued": -1, "device_end": -1, "host_queued_end": 1585578569.393192}, "device": "cpu", "nd_range": {"device_start": 2246343.587977861, "device_end": 2246343.589585691}, "cmdq": 1, "read": {"device_start": -1, "device_end": -1}}, "empty17": {"write": {"device_start": -1, "host_queued_start": 1585578569.364993, "device_queued": -1, "device_end": -1, "host_queued_end": 1585578569.393192}, "device": "cpu", "nd_range": {"device_start": 2246343.582822497, "device_end": 2246343.582830017}, "cmdq": 1, "read": {"device_start": -1, "device_end": -1}}, "softmax59": {"write": {"device_start": -1, "host_queued_start": 1585578569.386515, "device_queued": -1, "device_end": -1, "host_queued_end": 1585578569.393192}, "device": "cpu", "nd_range": {"device_start": 2246343.6041831053, "device_end": 2246343.60424338}, "cmdq": 0, "read": {"device_start": -1, "device_end": -1}}, "empty71": {"write": {"device_start": -1, "host_queued_start": 1585578569.367277, "device_queued": -1, "device_end": -1, "host_queued_end": 1585578569.393192}, "device": "cpu", "nd_range": {"device_start": 2246343.582856777, "device_end": 2246343.5828574602}, "cmdq": 1, "read": {"device_start": -1, "device_end": -1}}, "empty35": {"write": {"device_start": -1, "host_queued_start": 1585578569.365794, "device_queued": -1, "device_end": -1, "host_queued_end": 1585578569.393192}, "device": "cpu", "nd_range": {"device_start": 2246343.582849962, "device_end": 2246343.5828509713}, "cmdq": 0, "read": {"device_start": -1, "device_end": -1}}, "empty53": {"write": {"device_start": -1, "host_queued_start": 1585578569.366517, "device_queued": -1, "device_end": -1, "host_queued_end": 1585578569.393192}, "device": "cpu", "nd_range": {"device_start": 2246343.58288325, "device_end": 2246343.5828842223}, "cmdq": 2, "read": {"device_start": -1, "device_end": -1}}, "FFC_sans_bias46": {"write": {"device_start": -1, "host_queued_start": 1585578569.376122, "device_queued": -1, "device_end": -1, "host_queued_end": 1585578569.393192}, "device": "cpu", "nd_range": {"device_start": 2246343.590300342, "device_end": 2246343.591747582}, "cmdq": 0, "read": {"device_start": -1, "device_end": -1}}, "coalesced_transpose66": {"write": {"device_start": -1, "host_queued_start": 1585578569.382133, "device_queued": -1, "device_end": -1, "host_queued_end": 1585578569.393192}, "device": "cpu", "nd_range": {"device_start": 2246343.59530243, "device_end": 2246343.595347306}, "cmdq": 0, "read": {"device_start": -1, "device_end": -1}}, "coalesced_transpose48": {"write": {"device_start": -1, "host_queued_start": 1585578569.381532, "device_queued": -1, "device_end": -1, "host_queued_end": 1585578569.393192}, "device": "cpu", "nd_range": {"device_start": 2246343.59671114, "device_end": 2246343.596885036}, "cmdq": 1, "read": {"device_start": -1, "device_end": -1}}}