{"FFC_sans_bias60": {"write": {"device_start": -1, "host_queued_start": 1585578408.602074, "device_queued": -1, "device_end": -1, "host_queued_end": 1585578408.605536}, "device": "gpu", "nd_range": {"device_start": 1585578343.424263, "device_end": 1585578343.42452}, "cmdq": 2, "read": {"device_start": -1, "device_end": -1}}, "FFC_sans_bias4": {"write": {"device_start": -1, "host_queued_start": 1585578408.611086, "device_queued": -1, "device_end": -1, "host_queued_end": 1585578408.613525}, "device": "cpu", "nd_range": {"device_start": 2246182.806078875, "device_end": 2246182.8072925243}, "cmdq": 0, "read": {"device_start": -1, "device_end": -1}}, "FFC_sans_bias7": {"write": {"device_start": -1, "host_queued_start": 1585578408.613029, "device_queued": -1, "device_end": -1, "host_queued_end": 1585578408.613525}, "device": "cpu", "nd_range": {"device_start": 2246182.8085370483, "device_end": 2246182.8093771683}, "cmdq": 0, "read": {"device_start": -1, "device_end": -1}}, "FFC_sans_bias6": {"write": {"device_start": -1, "host_queued_start": 1585578408.612214, "device_queued": -1, "device_end": -1, "host_queued_end": 1585578408.613525}, "device": "cpu", "nd_range": {"device_start": 2246182.807585142, "device_end": 2246182.808434199}, "cmdq": 0, "read": {"device_start": -1, "device_end": -1}}, "FFC_sans_bias1": {"write": {"device_start": -1, "host_queued_start": 1585578408.607944, "device_queued": -1, "device_end": -1, "host_queued_end": 1585578408.613525}, "device": "cpu", "nd_range": {"device_start": 2246182.803119455, "device_end": 2246182.804320253}, "cmdq": 1, "read": {"device_start": -1, "device_end": -1}}, "FFC_sans_bias0": {"write": {"device_start": -1, "host_queued_start": 1585578408.607428, "device_queued": -1, "device_end": -1, "host_queued_end": 1585578408.613525}, "device": "cpu", "nd_range": {"device_start": 2246182.803120465, "device_end": 2246182.804084278}, "cmdq": 0, "read": {"device_start": -1, "device_end": -1}}, "FFC_sans_bias2": {"write": {"device_start": -1, "host_queued_start": 1585578408.608506, "device_queued": -1, "device_end": -1, "host_queued_end": 1585578408.613525}, "device": "cpu", "nd_range": {"device_start": 2246182.804093587, "device_end": 2246182.805057586}, "cmdq": 0, "read": {"device_start": -1, "device_end": -1}}, "FFC_sans_bias61": {"write": {"device_start": 1585578343.424718, "host_queued_start": 1585578408.604898, "device_queued": 1585578343.4241164, "device_end": 1585578343.4247327, "host_queued_end": 1585578408.605536}, "device": "gpu", "nd_range": {"device_start": 1585578343.4247353, "device_end": 1585578343.4248717}, "cmdq": 0, "read": {"device_start": 1585578343.4248781, "device_end": 1585578343.4248972}}, "FFC_sans_bias52": {"write": {"device_start": 1585578343.4246502, "host_queued_start": 1585578408.604408, "device_queued": 1585578343.423965, "device_end": 1585578343.4246657, "host_queued_end": 1585578408.605536}, "device": "gpu", "nd_range": {"device_start": 1585578343.424668, "device_end": 1585578343.4248228}, "cmdq": 3, "read": {"device_start": 1585578343.4248347, "device_end": 1585578343.4248416}}, "FFC_sans_bias9": {"write": {"device_start": -1, "host_queued_start": 1585578408.609141, "device_queued": -1, "device_end": -1, "host_queued_end": 1585578408.613525}, "device": "cpu", "nd_range": {"device_start": 2246182.8043297553, "device_end": 2246182.8052957}, "cmdq": 1, "read": {"device_start": -1, "device_end": -1}}, "coalesced_transpose39": {"write": {"device_start": -1, "host_queued_start": 1585578408.59674, "device_queued": -1, "device_end": -1, "host_queued_end": 1585578408.605536}, "device": "gpu", "nd_range": {"device_start": 1585578343.4236145, "device_end": 1585578343.4236279}, "cmdq": 2, "read": {"device_start": -1, "device_end": -1}}, "FFC_sans_bias55": {"write": {"device_start": 1585578343.4232557, "host_queued_start": 1585578408.594375, "device_queued": 1585578343.4231987, "device_end": 1585578343.423264, "host_queued_end": 1585578408.605536}, "device": "gpu", "nd_range": {"device_start": 1585578343.4232652, "device_end": 1585578343.423474}, "cmdq": 0, "read": {"device_start": -1, "device_end": -1}}, "FFC_sans_bias54": {"write": {"device_start": 1585578343.4231772, "host_queued_start": 1585578408.593878, "device_queued": 1585578343.4230428, "device_end": 1585578343.423186, "host_queued_end": 1585578408.605536}, "device": "gpu", "nd_range": {"device_start": 1585578343.4231975, "device_end": 1585578343.42342}, "cmdq": 3, "read": {"device_start": -1, "device_end": -1}}, "FFC_sans_bias56": {"write": {"device_start": 1585578343.4231184, "host_queued_start": 1585578408.593391, "device_queued": 1585578343.4230185, "device_end": 1585578343.4231272, "host_queued_end": 1585578408.605536}, "device": "gpu", "nd_range": {"device_start": 1585578343.4231906, "device_end": 1585578343.4233716}, "cmdq": 2, "read": {"device_start": -1, "device_end": -1}}, "FFC_sans_bias51": {"write": {"device_start": -1, "host_queued_start": 1585578408.601799, "device_queued": -1, "device_end": -1, "host_queued_end": 1585578408.605536}, "device": "gpu", "nd_range": {"device_start": 1585578343.42421, "device_end": 1585578343.4244578}, "cmdq": 1, "read": {"device_start": -1, "device_end": -1}}, "softmax23": {"write": {"device_start": -1, "host_queued_start": 1585578408.599575, "device_queued": -1, "device_end": -1, "host_queued_end": 1585578408.605536}, "device": "gpu", "nd_range": {"device_start": 1585578343.4238644, "device_end": 1585578343.4240718}, "cmdq": 0, "read": {"device_start": -1, "device_end": -1}}, "FFC_sans_bias37": {"write": {"device_start": 1585578343.422842, "host_queued_start": 1585578408.59095, "device_queued": 1585578343.4228187, "device_end": 1585578343.4228532, "host_queued_end": 1585578408.605536}, "device": "gpu", "nd_range": {"device_start": 1585578343.4229028, "device_end": 1585578343.4230642}, "cmdq": 1, "read": {"device_start": -1, "device_end": -1}}, "empty62": {"write": {"device_start": 1585578343.4223244, "host_queued_start": 1585578408.58635, "device_queued": 1585578343.4223034, "device_end": 1585578343.422333, "host_queued_end": 1585578408.605536}, "device": "gpu", "nd_range": {"device_start": 1585578343.422334, "device_end": 1585578343.4223373}, "cmdq": 0, "read": {"device_start": -1, "device_end": -1}}, "FFC_sans_bias70": {"write": {"device_start": 1585578343.4247553, "host_queued_start": 1585578408.605396, "device_queued": 1585578343.4241652, "device_end": 1585578343.424764, "host_queued_end": 1585578408.605536}, "device": "gpu", "nd_range": {"device_start": 1585578343.4247658, "device_end": 1585578343.4249127}, "cmdq": 1, "read": {"device_start": 1585578343.4249227, "device_end": 1585578343.4249337}}, "FFC_sans_bias58": {"write": {"device_start": -1, "host_queued_start": 1585578408.599053, "device_queued": -1, "device_end": -1, "host_queued_end": 1585578408.605536}, "device": "gpu", "nd_range": {"device_start": 1585578343.4238608, "device_end": 1585578343.4240556}, "cmdq": 2, "read": {"device_start": -1, "device_end": -1}}, "softmax41": {"write": {"device_start": -1, "host_queued_start": 1585578408.60001, "device_queued": -1, "device_end": -1, "host_queued_end": 1585578408.605536}, "device": "gpu", "nd_range": {"device_start": 1585578343.4240584, "device_end": 1585578343.424144}, "cmdq": 2, "read": {"device_start": -1, "device_end": -1}}, "FFC_sans_bias11": {"write": {"device_start": -1, "host_queued_start": 1585578408.610147, "device_queued": -1, "device_end": -1, "host_queued_end": 1585578408.613525}, "device": "cpu", "nd_range": {"device_start": 2246182.805300556, "device_end": 2246182.806258641}, "cmdq": 1, "read": {"device_start": -1, "device_end": -1}}, "FFC_sans_bias10": {"write": {"device_start": -1, "host_queued_start": 1585578408.60964, "device_queued": -1, "device_end": -1, "host_queued_end": 1585578408.613525}, "device": "cpu", "nd_range": {"device_start": 2246182.8050621073, "device_end": 2246182.806019272}, "cmdq": 0, "read": {"device_start": -1, "device_end": -1}}, "coalesced_transpose3": {"write": {"device_start": -1, "host_queued_start": 1585578408.610447, "device_queued": -1, "device_end": -1, "host_queued_end": 1585578408.613525}, "device": "cpu", "nd_range": {"device_start": 2246182.806023679, "device_end": 2246182.806075444}, "cmdq": 0, "read": {"device_start": -1, "device_end": -1}}, "FFC_sans_bias34": {"write": {"device_start": 1585578343.42446, "host_queued_start": 1585578408.603419, "device_queued": 1585578343.4239225, "device_end": 1585578343.424469, "host_queued_end": 1585578408.605536}, "device": "gpu", "nd_range": {"device_start": 1585578343.4244707, "device_end": 1585578343.4246752}, "cmdq": 1, "read": {"device_start": 1585578343.4246845, "device_end": 1585578343.424704}}, "FFC_sans_bias15": {"write": {"device_start": -1, "host_queued_start": 1585578408.612529, "device_queued": -1, "device_end": -1, "host_queued_end": 1585578408.613525}, "device": "cpu", "nd_range": {"device_start": 2246182.807764764, "device_end": 2246182.808735704}, "cmdq": 1, "read": {"device_start": -1, "device_end": -1}}, "FFC_sans_bias31": {"write": {"device_start": -1, "host_queued_start": 1585578408.598153, "device_queued": -1, "device_end": -1, "host_queued_end": 1585578408.605536}, "device": "gpu", "nd_range": {"device_start": 1585578343.4236681, "device_end": 1585578343.423872}, "cmdq": 3, "read": {"device_start": -1, "device_end": -1}}, "FFC_sans_bias16": {"write": {"device_start": -1, "host_queued_start": 1585578408.613481, "device_queued": -1, "device_end": -1, "host_queued_end": 1585578408.613525}, "device": "cpu", "nd_range": {"device_start": 2246182.8087423313, "device_end": 2246182.809633876}, "cmdq": 1, "read": {"device_start": -1, "device_end": -1}}, "FFC_sans_bias19": {"write": {"device_start": 1585578343.4224188, "host_queued_start": 1585578408.587789, "device_queued": 1585578343.4223926, "device_end": 1585578343.4224272, "host_queued_end": 1585578408.605536}, "device": "gpu", "nd_range": {"device_start": 1585578343.4224503, "device_end": 1585578343.422635}, "cmdq": 3, "read": {"device_start": -1, "device_end": -1}}, "FFC_sans_bias18": {"write": {"device_start": 1585578343.4223914, "host_queued_start": 1585578408.587287, "device_queued": 1585578343.4223661, "device_end": 1585578343.4224007, "host_queued_end": 1585578408.605536}, "device": "gpu", "nd_range": {"device_start": 1585578343.422439, "device_end": 1585578343.4225528}, "cmdq": 2, "read": {"device_start": -1, "device_end": -1}}, "coalesced_transpose30": {"write": {"device_start": -1, "host_queued_start": 1585578408.596449, "device_queued": -1, "device_end": -1, "host_queued_end": 1585578408.605536}, "device": "gpu", "nd_range": {"device_start": 1585578343.4235575, "device_end": 1585578343.4236062}, "cmdq": 1, "read": {"device_start": -1, "device_end": -1}}, "FFC_sans_bias69": {"write": {"device_start": -1, "host_queued_start": 1585578408.602361, "device_queued": -1, "device_end": -1, "host_queued_end": 1585578408.605536}, "device": "gpu", "nd_range": {"device_start": 1585578343.4243708, "device_end": 1585578343.4246488}, "cmdq": 3, "read": {"device_start": -1, "device_end": -1}}, "FFC_sans_bias38": {"write": {"device_start": 1585578343.4228659, "host_queued_start": 1585578408.591442, "device_queued": 1585578343.4228423, "device_end": 1585578343.4228745, "host_queued_end": 1585578408.605536}, "device": "gpu", "nd_range": {"device_start": 1585578343.4229157, "device_end": 1585578343.4231164}, "cmdq": 2, "read": {"device_start": -1, "device_end": -1}}, "coalesced_transpose57": {"write": {"device_start": -1, "host_queued_start": 1585578408.597289, "device_queued": -1, "device_end": -1, "host_queued_end": 1585578408.605536}, "device": "gpu", "nd_range": {"device_start": 1585578343.4235969, "device_end": 1585578343.4236178}, "cmdq": 0, "read": {"device_start": -1, "device_end": -1}}, "empty26": {"write": {"device_start": 1585578343.4221203, "host_queued_start": 1585578408.584529, "device_queued": 1585578343.422086, "device_end": 1585578343.4221287, "host_queued_end": 1585578408.605536}, "device": "gpu", "nd_range": {"device_start": 1585578343.422146, "device_end": 1585578343.422159}, "cmdq": 0, "read": {"device_start": -1, "device_end": -1}}, "coalesced_transpose12": {"write": {"device_start": -1, "host_queued_start": 1585578408.610781, "device_queued": -1, "device_end": -1, "host_queued_end": 1585578408.613525}, "device": "cpu", "nd_range": {"device_start": 2246182.806262881, "device_end": 2246182.8063141913}, "cmdq": 1, "read": {"device_start": -1, "device_end": -1}}, "empty44": {"write": {"device_start": 1585578343.422228, "host_queued_start": 1585578408.585535, "device_queued": 1585578343.4221919, "device_end": 1585578343.4222364, "host_queued_end": 1585578408.605536}, "device": "gpu", "nd_range": {"device_start": 1585578343.4222875, "device_end": 1585578343.422291}, "cmdq": 2, "read": {"device_start": -1, "device_end": -1}}, "coalesced_transpose21": {"write": {"device_start": -1, "host_queued_start": 1585578408.596183, "device_queued": -1, "device_end": -1, "host_queued_end": 1585578408.605536}, "device": "gpu", "nd_range": {"device_start": 1585578343.4234753, "device_end": 1585578343.423596}, "cmdq": 0, "read": {"device_start": -1, "device_end": -1}}, "FFC_sans_bias36": {"write": {"device_start": 1585578343.4227986, "host_queued_start": 1585578408.590397, "device_queued": 1585578343.4227757, "device_end": 1585578343.4228075, "host_queued_end": 1585578408.605536}, "device": "gpu", "nd_range": {"device_start": 1585578343.4228132, "device_end": 1585578343.4229822}, "cmdq": 0, "read": {"device_start": -1, "device_end": -1}}, "softmax14": {"write": {"device_start": -1, "host_queued_start": 1585578408.611896, "device_queued": -1, "device_end": -1, "host_queued_end": 1585578408.613525}, "device": "cpu", "nd_range": {"device_start": 2246182.807540417, "device_end": 2246182.807574529}, "cmdq": 1, "read": {"device_start": -1, "device_end": -1}}, "FFC_sans_bias13": {"write": {"device_start": -1, "host_queued_start": 1585578408.611407, "device_queued": -1, "device_end": -1, "host_queued_end": 1585578408.613525}, "device": "cpu", "nd_range": {"device_start": 2246182.806682514, "device_end": 2246182.807513519}, "cmdq": 1, "read": {"device_start": -1, "device_end": -1}}, "empty8": {"write": {"device_start": -1, "host_queued_start": 1585578408.606323, "device_queued": -1, "device_end": -1, "host_queued_end": 1585578408.613525}, "device": "cpu", "nd_range": {"device_start": 2246182.803098229, "device_end": 2246182.803104752}, "cmdq": 0, "read": {"device_start": -1, "device_end": -1}}, "FFC_sans_bias42": {"write": {"device_start": -1, "host_queued_start": 1585578408.601514, "device_queued": -1, "device_end": -1, "host_queued_end": 1585578408.605536}, "device": "gpu", "nd_range": {"device_start": 1585578343.4241667, "device_end": 1585578343.4243376}, "cmdq": 0, "read": {"device_start": -1, "device_end": -1}}, "FFC_sans_bias43": {"write": {"device_start": 1585578343.424521, "host_queued_start": 1585578408.603913, "device_queued": 1585578343.4239433, "device_end": 1585578343.4245298, "host_queued_end": 1585578408.605536}, "device": "gpu", "nd_range": {"device_start": 1585578343.4245317, "device_end": 1585578343.424778}, "cmdq": 2, "read": {"device_start": 1585578343.424795, "device_end": 1585578343.4248016}}, "FFC_sans_bias40": {"write": {"device_start": -1, "host_queued_start": 1585578408.598444, "device_queued": -1, "device_end": -1, "host_queued_end": 1585578408.605536}, "device": "gpu", "nd_range": {"device_start": 1585578343.4236596, "device_end": 1585578343.423771}, "cmdq": 0, "read": {"device_start": -1, "device_end": -1}}, "softmax32": {"write": {"device_start": -1, "host_queued_start": 1585578408.599788, "device_queued": -1, "device_end": -1, "host_queued_end": 1585578408.605536}, "device": "gpu", "nd_range": {"device_start": 1585578343.4239662, "device_end": 1585578343.4240448}, "cmdq": 1, "read": {"device_start": -1, "device_end": -1}}, "FFC_sans_bias47": {"write": {"device_start": 1585578343.4230664, "host_queued_start": 1585578408.592904, "device_queued": 1585578343.422969, "device_end": 1585578343.4230752, "host_queued_end": 1585578408.605536}, "device": "gpu", "nd_range": {"device_start": 1585578343.4230762, "device_end": 1585578343.4233043}, "cmdq": 1, "read": {"device_start": -1, "device_end": -1}}, "FFC_sans_bias45": {"write": {"device_start": 1585578343.4229555, "host_queued_start": 1585578408.591928, "device_queued": 1585578343.422872, "device_end": 1585578343.4229643, "host_queued_end": 1585578408.605536}, "device": "gpu", "nd_range": {"device_start": 1585578343.4229653, "device_end": 1585578343.4231753}, "cmdq": 3, "read": {"device_start": -1, "device_end": -1}}, "softmax50": {"write": {"device_start": -1, "host_queued_start": 1585578408.600236, "device_queued": -1, "device_end": -1, "host_queued_end": 1585578408.605536}, "device": "gpu", "nd_range": {"device_start": 1585578343.4240887, "device_end": 1585578343.4241905}, "cmdq": 3, "read": {"device_start": -1, "device_end": -1}}, "FFC_sans_bias33": {"write": {"device_start": -1, "host_queued_start": 1585578408.601229, "device_queued": -1, "device_end": -1, "host_queued_end": 1585578408.605536}, "device": "gpu", "nd_range": {"device_start": 1585578343.4241943, "device_end": 1585578343.4243677}, "cmdq": 3, "read": {"device_start": -1, "device_end": -1}}, "FFC_sans_bias63": {"write": {"device_start": 1585578343.4234223, "host_queued_start": 1585578408.595879, "device_queued": 1585578343.423287, "device_end": 1585578343.4234307, "host_queued_end": 1585578408.605536}, "device": "gpu", "nd_range": {"device_start": 1585578343.423432, "device_end": 1585578343.423656}, "cmdq": 3, "read": {"device_start": -1, "device_end": -1}}, "FFC_sans_bias49": {"write": {"device_start": -1, "host_queued_start": 1585578408.598774, "device_queued": -1, "device_end": -1, "host_queued_end": 1585578408.605536}, "device": "gpu", "nd_range": {"device_start": 1585578343.4236712, "device_end": 1585578343.4239633}, "cmdq": 1, "read": {"device_start": -1, "device_end": -1}}, "FFC_sans_bias64": {"write": {"device_start": 1585578343.4233067, "host_queued_start": 1585578408.594903, "device_queued": 1585578343.423241, "device_end": 1585578343.4233153, "host_queued_end": 1585578408.605536}, "device": "gpu", "nd_range": {"device_start": 1585578343.4233227, "device_end": 1585578343.423556}, "cmdq": 1, "read": {"device_start": -1, "device_end": -1}}, "FFC_sans_bias65": {"write": {"device_start": 1585578343.4233737, "host_queued_start": 1585578408.595394, "device_queued": 1585578343.4232657, "device_end": 1585578343.423382, "host_queued_end": 1585578408.605536}, "device": "gpu", "nd_range": {"device_start": 1585578343.4233832, "device_end": 1585578343.4236135}, "cmdq": 2, "read": {"device_start": -1, "device_end": -1}}, "FFC_sans_bias67": {"write": {"device_start": -1, "host_queued_start": 1585578408.599343, "device_queued": -1, "device_end": -1, "host_queued_end": 1585578408.605536}, "device": "gpu", "nd_range": {"device_start": 1585578343.4238744, "device_end": 1585578343.4240854}, "cmdq": 3, "read": {"device_start": -1, "device_end": -1}}, "FFC_sans_bias24": {"write": {"device_start": -1, "host_queued_start": 1585578408.600954, "device_queued": -1, "device_end": -1, "host_queued_end": 1585578408.605536}, "device": "gpu", "nd_range": {"device_start": 1585578343.424146, "device_end": 1585578343.4242585}, "cmdq": 2, "read": {"device_start": -1, "device_end": -1}}, "FFC_sans_bias25": {"write": {"device_start": 1585578343.424339, "host_queued_start": 1585578408.602891, "device_queued": 1585578343.423886, "device_end": 1585578343.4243476, "host_queued_end": 1585578408.605536}, "device": "gpu", "nd_range": {"device_start": 1585578343.42435, "device_end": 1585578343.4245634}, "cmdq": 0, "read": {"device_start": 1585578343.4245706, "device_end": 1585578343.4245813}}, "FFC_sans_bias27": {"write": {"device_start": 1585578343.4225378, "host_queued_start": 1585578408.588773, "device_queued": 1585578343.422502, "device_end": 1585578343.4225516, "host_queued_end": 1585578408.605536}, "device": "gpu", "nd_range": {"device_start": 1585578343.422631, "device_end": 1585578343.4227438}, "cmdq": 1, "read": {"device_start": -1, "device_end": -1}}, "FFC_sans_bias20": {"write": {"device_start": 1585578343.422481, "host_queued_start": 1585578408.588284, "device_queued": 1585578343.4224577, "device_end": 1585578343.4224896, "host_queued_end": 1585578408.605536}, "device": "gpu", "nd_range": {"device_start": 1585578343.4224951, "device_end": 1585578343.4226594}, "cmdq": 0, "read": {"device_start": -1, "device_end": -1}}, "FFC_sans_bias22": {"write": {"device_start": -1, "host_queued_start": 1585578408.597876, "device_queued": -1, "device_end": -1, "host_queued_end": 1585578408.605536}, "device": "gpu", "nd_range": {"device_start": 1585578343.4236636, "device_end": 1585578343.4238582}, "cmdq": 2, "read": {"device_start": -1, "device_end": -1}}, "softmax68": {"write": {"device_start": -1, "host_queued_start": 1585578408.600666, "device_queued": -1, "device_end": -1, "host_queued_end": 1585578408.605536}, "device": "gpu", "nd_range": {"device_start": 1585578343.4240954, "device_end": 1585578343.424207}, "cmdq": 1, "read": {"device_start": -1, "device_end": -1}}, "softmax5": {"write": {"device_start": -1, "host_queued_start": 1585578408.611661, "device_queued": -1, "device_end": -1, "host_queued_end": 1585578408.613525}, "device": "cpu", "nd_range": {"device_start": 2246182.8073901013, "device_end": 2246182.80743967}, "cmdq": 0, "read": {"device_start": -1, "device_end": -1}}, "FFC_sans_bias28": {"write": {"device_start": 1585578343.4225707, "host_queued_start": 1585578408.589411, "device_queued": 1585578343.4225385, "device_end": 1585578343.4225793, "host_queued_end": 1585578408.605536}, "device": "gpu", "nd_range": {"device_start": 1585578343.4227555, "device_end": 1585578343.4228637}, "cmdq": 2, "read": {"device_start": -1, "device_end": -1}}, "FFC_sans_bias29": {"write": {"device_start": 1585578343.4226372, "host_queued_start": 1585578408.58991, "device_queued": 1585578343.4225779, "device_end": 1585578343.4226494, "host_queued_end": 1585578408.605536}, "device": "gpu", "nd_range": {"device_start": 1585578343.4227686, "device_end": 1585578343.4229536}, "cmdq": 3, "read": {"device_start": -1, "device_end": -1}}, "empty17": {"write": {"device_start": -1, "host_queued_start": 1585578408.606851, "device_queued": -1, "device_end": -1, "host_queued_end": 1585578408.613525}, "device": "cpu", "nd_range": {"device_start": 2246182.8030944373, "device_end": 2246182.8031047243}, "cmdq": 1, "read": {"device_start": -1, "device_end": -1}}, "softmax59": {"write": {"device_start": -1, "host_queued_start": 1585578408.600448, "device_queued": -1, "device_end": -1, "host_queued_end": 1585578408.605536}, "device": "gpu", "nd_range": {"device_start": 1585578343.4240756, "device_end": 1585578343.424164}, "cmdq": 0, "read": {"device_start": -1, "device_end": -1}}, "empty71": {"write": {"device_start": 1585578343.4223645, "host_queued_start": 1585578408.586763, "device_queued": 1585578343.422341, "device_end": 1585578343.422374, "host_queued_end": 1585578408.605536}, "device": "gpu", "nd_range": {"device_start": 1585578343.4224293, "device_end": 1585578343.4224327}, "cmdq": 1, "read": {"device_start": -1, "device_end": -1}}, "empty35": {"write": {"device_start": 1585578343.4221897, "host_queued_start": 1585578408.585131, "device_queued": 1585578343.4221635, "device_end": 1585578343.4221983, "host_queued_end": 1585578408.605536}, "device": "gpu", "nd_range": {"device_start": 1585578343.4222827, "device_end": 1585578343.42229}, "cmdq": 1, "read": {"device_start": -1, "device_end": -1}}, "empty53": {"write": {"device_start": 1585578343.4222722, "host_queued_start": 1585578408.585938, "device_queued": 1585578343.4222324, "device_end": 1585578343.4222808, "host_queued_end": 1585578408.605536}, "device": "gpu", "nd_range": {"device_start": 1585578343.4222946, "device_end": 1585578343.4222982}, "cmdq": 3, "read": {"device_start": -1, "device_end": -1}}, "FFC_sans_bias46": {"write": {"device_start": 1585578343.4229848, "host_queued_start": 1585578408.592409, "device_queued": 1585578343.4229307, "device_end": 1585578343.4229946, "host_queued_end": 1585578408.605536}, "device": "gpu", "nd_range": {"device_start": 1585578343.4229963, "device_end": 1585578343.4232523}, "cmdq": 0, "read": {"device_start": -1, "device_end": -1}}, "coalesced_transpose66": {"write": {"device_start": -1, "host_queued_start": 1585578408.597579, "device_queued": -1, "device_end": -1, "host_queued_end": 1585578408.605536}, "device": "gpu", "nd_range": {"device_start": 1585578343.423607, "device_end": 1585578343.4236252}, "cmdq": 1, "read": {"device_start": -1, "device_end": -1}}, "coalesced_transpose48": {"write": {"device_start": -1, "host_queued_start": 1585578408.597021, "device_queued": -1, "device_end": -1, "host_queued_end": 1585578408.605536}, "device": "gpu", "nd_range": {"device_start": 1585578343.423657, "device_end": 1585578343.423666}, "cmdq": 3, "read": {"device_start": -1, "device_end": -1}}}