{"FFC_sans_bias60": {"write": {"device_start": -1, "host_queued_start": 1585578280.048578, "device_queued": -1, "device_end": -1, "host_queued_end": 1585578280.052683}, "device": "cpu", "nd_range": {"device_start": 2246054.267923573, "device_end": 2246054.2685378883}, "cmdq": 0, "read": {"device_start": -1, "device_end": -1}}, "FFC_sans_bias4": {"write": {"device_start": -1, "host_queued_start": 1585578280.041966, "device_queued": -1, "device_end": -1, "host_queued_end": 1585578280.052683}, "device": "cpu", "nd_range": {"device_start": 2246054.257794172, "device_end": 2246054.258402709}, "cmdq": 0, "read": {"device_start": -1, "device_end": -1}}, "FFC_sans_bias7": {"write": {"device_start": -1, "host_queued_start": 1585578280.049413, "device_queued": -1, "device_end": -1, "host_queued_end": 1585578280.052683}, "device": "cpu", "nd_range": {"device_start": 2246054.269245692, "device_end": 2246054.2699455773}, "cmdq": 0, "read": {"device_start": -1, "device_end": -1}}, "FFC_sans_bias6": {"write": {"device_start": -1, "host_queued_start": 1585578280.04659, "device_queued": -1, "device_end": -1, "host_queued_end": 1585578280.052683}, "device": "cpu", "nd_range": {"device_start": 2246054.2641471983, "device_end": 2246054.2646374223}, "cmdq": 0, "read": {"device_start": -1, "device_end": -1}}, "FFC_sans_bias1": {"write": {"device_start": -1, "host_queued_start": 1585578280.02748, "device_queued": -1, "device_end": -1, "host_queued_end": 1585578280.052683}, "device": "cpu", "nd_range": {"device_start": 2246054.243029559, "device_end": 2246054.243677371}, "cmdq": 0, "read": {"device_start": -1, "device_end": -1}}, "FFC_sans_bias0": {"write": {"device_start": -1, "host_queued_start": 1585578280.026943, "device_queued": -1, "device_end": -1, "host_queued_end": 1585578280.052683}, "device": "cpu", "nd_range": {"device_start": 2246054.2423648844, "device_end": 2246054.2430132544}, "cmdq": 0, "read": {"device_start": -1, "device_end": -1}}, "FFC_sans_bias2": {"write": {"device_start": -1, "host_queued_start": 1585578280.028017, "device_queued": -1, "device_end": -1, "host_queued_end": 1585578280.052683}, "device": "cpu", "nd_range": {"device_start": 2246054.2436849372, "device_end": 2246054.244466422}, "cmdq": 0, "read": {"device_start": -1, "device_end": -1}}, "FFC_sans_bias61": {"write": {"device_start": -1, "host_queued_start": 1585578280.052167, "device_queued": -1, "device_end": -1, "host_queued_end": 1585578280.052683}, "device": "cpu", "nd_range": {"device_start": 2246054.272885858, "device_end": 2246054.2734894673}, "cmdq": 0, "read": {"device_start": -1, "device_end": -1}}, "FFC_sans_bias52": {"write": {"device_start": -1, "host_queued_start": 1585578280.051714, "device_queued": -1, "device_end": -1, "host_queued_end": 1585578280.052683}, "device": "cpu", "nd_range": {"device_start": 2246054.272278192, "device_end": 2246054.27288339}, "cmdq": 0, "read": {"device_start": -1, "device_end": -1}}, "FFC_sans_bias9": {"write": {"device_start": -1, "host_queued_start": 1585578280.028693, "device_queued": -1, "device_end": -1, "host_queued_end": 1585578280.052683}, "device": "cpu", "nd_range": {"device_start": 2246054.2444838174, "device_end": 2246054.245120863}, "cmdq": 0, "read": {"device_start": -1, "device_end": -1}}, "coalesced_transpose39": {"write": {"device_start": -1, "host_queued_start": 1585578280.040738, "device_queued": -1, "device_end": -1, "host_queued_end": 1585578280.052683}, "device": "cpu", "nd_range": {"device_start": 2246054.257447312, "device_end": 2246054.2574825683}, "cmdq": 0, "read": {"device_start": -1, "device_end": -1}}, "FFC_sans_bias55": {"write": {"device_start": -1, "host_queued_start": 1585578280.037625, "device_queued": -1, "device_end": -1, "host_queued_end": 1585578280.052683}, "device": "cpu", "nd_range": {"device_start": 2246054.254595117, "device_end": 2246054.255167187}, "cmdq": 0, "read": {"device_start": -1, "device_end": -1}}, "FFC_sans_bias54": {"write": {"device_start": -1, "host_queued_start": 1585578280.037106, "device_queued": -1, "device_end": -1, "host_queued_end": 1585578280.052683}, "device": "cpu", "nd_range": {"device_start": 2246054.254014385, "device_end": 2246054.254591214}, "cmdq": 0, "read": {"device_start": -1, "device_end": -1}}, "FFC_sans_bias56": {"write": {"device_start": -1, "host_queued_start": 1585578280.036589, "device_queued": -1, "device_end": -1, "host_queued_end": 1585578280.052683}, "device": "cpu", "nd_range": {"device_start": 2246054.2534381333, "device_end": 2246054.2540098373}, "cmdq": 0, "read": {"device_start": -1, "device_end": -1}}, "FFC_sans_bias51": {"write": {"device_start": -1, "host_queued_start": 1585578280.048242, "device_queued": -1, "device_end": -1, "host_queued_end": 1585578280.052683}, "device": "cpu", "nd_range": {"device_start": 2246054.267309505, "device_end": 2246054.267917739}, "cmdq": 0, "read": {"device_start": -1, "device_end": -1}}, "softmax23": {"write": {"device_start": -1, "host_queued_start": 1585578280.045014, "device_queued": -1, "device_end": -1, "host_queued_end": 1585578280.052683}, "device": "cpu", "nd_range": {"device_start": 2246054.263324697, "device_end": 2246054.263352625}, "cmdq": 0, "read": {"device_start": -1, "device_end": -1}}, "FFC_sans_bias37": {"write": {"device_start": -1, "host_queued_start": 1585578280.03395, "device_queued": -1, "device_end": -1, "host_queued_end": 1585578280.052683}, "device": "cpu", "nd_range": {"device_start": 2246054.2505215863, "device_end": 2246054.251098433}, "cmdq": 0, "read": {"device_start": -1, "device_end": -1}}, "empty62": {"write": {"device_start": -1, "host_queued_start": 1585578280.025785, "device_queued": -1, "device_end": -1, "host_queued_end": 1585578280.052683}, "device": "cpu", "nd_range": {"device_start": 2246054.24235332, "device_end": 2246054.24235385}, "cmdq": 0, "read": {"device_start": -1, "device_end": -1}}, "FFC_sans_bias70": {"write": {"device_start": -1, "host_queued_start": 1585578280.052621, "device_queued": -1, "device_end": -1, "host_queued_end": 1585578280.052683}, "device": "cpu", "nd_range": {"device_start": 2246054.2734919093, "device_end": 2246054.274101064}, "cmdq": 0, "read": {"device_start": -1, "device_end": -1}}, "FFC_sans_bias58": {"write": {"device_start": -1, "host_queued_start": 1585578280.043937, "device_queued": -1, "device_end": -1, "host_queued_end": 1585578280.052683}, "device": "cpu", "nd_range": {"device_start": 2246054.2618942903, "device_end": 2246054.26250421}, "cmdq": 0, "read": {"device_start": -1, "device_end": -1}}, "softmax41": {"write": {"device_start": -1, "host_queued_start": 1585578280.045511, "device_queued": -1, "device_end": -1, "host_queued_end": 1585578280.052683}, "device": "cpu", "nd_range": {"device_start": 2246054.263637239, "device_end": 2246054.263659315}, "cmdq": 0, "read": {"device_start": -1, "device_end": -1}}, "FFC_sans_bias11": {"write": {"device_start": -1, "host_queued_start": 1585578280.029754, "device_queued": -1, "device_end": -1, "host_queued_end": 1585578280.052683}, "device": "cpu", "nd_range": {"device_start": 2246054.2457308252, "device_end": 2246054.2463169633}, "cmdq": 0, "read": {"device_start": -1, "device_end": -1}}, "FFC_sans_bias10": {"write": {"device_start": -1, "host_queued_start": 1585578280.029221, "device_queued": -1, "device_end": -1, "host_queued_end": 1585578280.052683}, "device": "cpu", "nd_range": {"device_start": 2246054.2451262963, "device_end": 2246054.245717197}, "cmdq": 0, "read": {"device_start": -1, "device_end": -1}}, "coalesced_transpose3": {"write": {"device_start": -1, "host_queued_start": 1585578280.039532, "device_queued": -1, "device_end": -1, "host_queued_end": 1585578280.052683}, "device": "cpu", "nd_range": {"device_start": 2246054.2570510143, "device_end": 2246054.257090318}, "cmdq": 0, "read": {"device_start": -1, "device_end": -1}}, "FFC_sans_bias34": {"write": {"device_start": -1, "host_queued_start": 1585578280.0508, "device_queued": -1, "device_end": -1, "host_queued_end": 1585578280.052683}, "device": "cpu", "nd_range": {"device_start": 2246054.271063464, "device_end": 2246054.2716640104}, "cmdq": 0, "read": {"device_start": -1, "device_end": -1}}, "FFC_sans_bias15": {"write": {"device_start": -1, "host_queued_start": 1585578280.046909, "device_queued": -1, "device_end": -1, "host_queued_end": 1585578280.052683}, "device": "cpu", "nd_range": {"device_start": 2246054.264742617, "device_end": 2246054.2653554273}, "cmdq": 0, "read": {"device_start": -1, "device_end": -1}}, "FFC_sans_bias31": {"write": {"device_start": -1, "host_queued_start": 1585578280.042948, "device_queued": -1, "device_end": -1, "host_queued_end": 1585578280.052683}, "device": "cpu", "nd_range": {"device_start": 2246054.259837773, "device_end": 2246054.2604521923}, "cmdq": 0, "read": {"device_start": -1, "device_end": -1}}, "FFC_sans_bias16": {"write": {"device_start": -1, "host_queued_start": 1585578280.049869, "device_queued": -1, "device_end": -1, "host_queued_end": 1585578280.052683}, "device": "cpu", "nd_range": {"device_start": 2246054.269948823, "device_end": 2246054.270452194}, "cmdq": 0, "read": {"device_start": -1, "device_end": -1}}, "FFC_sans_bias19": {"write": {"device_start": -1, "host_queued_start": 1585578280.03082, "device_queued": -1, "device_end": -1, "host_queued_end": 1585578280.052683}, "device": "cpu", "nd_range": {"device_start": 2246054.246937266, "device_end": 2246054.247523223}, "cmdq": 0, "read": {"device_start": -1, "device_end": -1}}, "FFC_sans_bias18": {"write": {"device_start": -1, "host_queued_start": 1585578280.030274, "device_queued": -1, "device_end": -1, "host_queued_end": 1585578280.052683}, "device": "cpu", "nd_range": {"device_start": 2246054.246321606, "device_end": 2246054.24693284}, "cmdq": 0, "read": {"device_start": -1, "device_end": -1}}, "coalesced_transpose30": {"write": {"device_start": -1, "host_queued_start": 1585578280.040443, "device_queued": -1, "device_end": -1, "host_queued_end": 1585578280.052683}, "device": "cpu", "nd_range": {"device_start": 2246054.2574023693, "device_end": 2246054.2574353623}, "cmdq": 0, "read": {"device_start": -1, "device_end": -1}}, "FFC_sans_bias69": {"write": {"device_start": -1, "host_queued_start": 1585578280.048906, "device_queued": -1, "device_end": -1, "host_queued_end": 1585578280.052683}, "device": "cpu", "nd_range": {"device_start": 2246054.268650132, "device_end": 2246054.269239849}, "cmdq": 0, "read": {"device_start": -1, "device_end": -1}}, "FFC_sans_bias38": {"write": {"device_start": -1, "host_queued_start": 1585578280.034486, "device_queued": -1, "device_end": -1, "host_queued_end": 1585578280.052683}, "device": "cpu", "nd_range": {"device_start": 2246054.251102703, "device_end": 2246054.2516859462}, "cmdq": 0, "read": {"device_start": -1, "device_end": -1}}, "coalesced_transpose57": {"write": {"device_start": -1, "host_queued_start": 1585578280.041348, "device_queued": -1, "device_end": -1, "host_queued_end": 1585578280.052683}, "device": "cpu", "nd_range": {"device_start": 2246054.257709835, "device_end": 2246054.257738367}, "cmdq": 0, "read": {"device_start": -1, "device_end": -1}}, "empty26": {"write": {"device_start": -1, "host_queued_start": 1585578280.023997, "device_queued": -1, "device_end": -1, "host_queued_end": 1585578280.052683}, "device": "cpu", "nd_range": {"device_start": 2246054.242334578, "device_end": 2246054.242335156}, "cmdq": 0, "read": {"device_start": -1, "device_end": -1}}, "coalesced_transpose12": {"write": {"device_start": -1, "host_queued_start": 1585578280.039825, "device_queued": -1, "device_end": -1, "host_queued_end": 1585578280.052683}, "device": "cpu", "nd_range": {"device_start": 2246054.257101755, "device_end": 2246054.2571400013}, "cmdq": 0, "read": {"device_start": -1, "device_end": -1}}, "empty44": {"write": {"device_start": -1, "host_queued_start": 1585578280.024912, "device_queued": -1, "device_end": -1, "host_queued_end": 1585578280.052683}, "device": "cpu", "nd_range": {"device_start": 2246054.242344718, "device_end": 2246054.24234526}, "cmdq": 0, "read": {"device_start": -1, "device_end": -1}}, "coalesced_transpose21": {"write": {"device_start": -1, "host_queued_start": 1585578280.040136, "device_queued": -1, "device_end": -1, "host_queued_end": 1585578280.052683}, "device": "cpu", "nd_range": {"device_start": 2246054.2571484023, "device_end": 2246054.257393816}, "cmdq": 0, "read": {"device_start": -1, "device_end": -1}}, "FFC_sans_bias36": {"write": {"device_start": -1, "host_queued_start": 1585578280.033438, "device_queued": -1, "device_end": -1, "host_queued_end": 1585578280.052683}, "device": "cpu", "nd_range": {"device_start": 2246054.2499392093, "device_end": 2246054.2505171993}, "cmdq": 0, "read": {"device_start": -1, "device_end": -1}}, "softmax14": {"write": {"device_start": -1, "host_queued_start": 1585578280.044761, "device_queued": -1, "device_end": -1, "host_queued_end": 1585578280.052683}, "device": "cpu", "nd_range": {"device_start": 2246054.2631794843, "device_end": 2246054.2633175664}, "cmdq": 0, "read": {"device_start": -1, "device_end": -1}}, "FFC_sans_bias13": {"write": {"device_start": -1, "host_queued_start": 1585578280.042285, "device_queued": -1, "device_end": -1, "host_queued_end": 1585578280.052683}, "device": "cpu", "nd_range": {"device_start": 2246054.258410938, "device_end": 2246054.258990129}, "cmdq": 0, "read": {"device_start": -1, "device_end": -1}}, "empty8": {"write": {"device_start": -1, "host_queued_start": 1585578280.022725, "device_queued": -1, "device_end": -1, "host_queued_end": 1585578280.052683}, "device": "cpu", "nd_range": {"device_start": 2246054.242298934, "device_end": 2246054.242310368}, "cmdq": 0, "read": {"device_start": -1, "device_end": -1}}, "FFC_sans_bias42": {"write": {"device_start": -1, "host_queued_start": 1585578280.047901, "device_queued": -1, "device_end": -1, "host_queued_end": 1585578280.052683}, "device": "cpu", "nd_range": {"device_start": 2246054.266651931, "device_end": 2246054.267304228}, "cmdq": 0, "read": {"device_start": -1, "device_end": -1}}, "FFC_sans_bias43": {"write": {"device_start": -1, "host_queued_start": 1585578280.051254, "device_queued": -1, "device_end": -1, "host_queued_end": 1585578280.052683}, "device": "cpu", "nd_range": {"device_start": 2246054.2716660323, "device_end": 2246054.27227558}, "cmdq": 0, "read": {"device_start": -1, "device_end": -1}}, "FFC_sans_bias40": {"write": {"device_start": -1, "host_queued_start": 1585578280.043267, "device_queued": -1, "device_end": -1, "host_queued_end": 1585578280.052683}, "device": "cpu", "nd_range": {"device_start": 2246054.26056106, "device_end": 2246054.261166577}, "cmdq": 0, "read": {"device_start": -1, "device_end": -1}}, "softmax32": {"write": {"device_start": -1, "host_queued_start": 1585578280.045259, "device_queued": -1, "device_end": -1, "host_queued_end": 1585578280.052683}, "device": "cpu", "nd_range": {"device_start": 2246054.263361169, "device_end": 2246054.2633960163}, "cmdq": 0, "read": {"device_start": -1, "device_end": -1}}, "FFC_sans_bias47": {"write": {"device_start": -1, "host_queued_start": 1585578280.036059, "device_queued": -1, "device_end": -1, "host_queued_end": 1585578280.052683}, "device": "cpu", "nd_range": {"device_start": 2246054.2528619273, "device_end": 2246054.253433548}, "cmdq": 0, "read": {"device_start": -1, "device_end": -1}}, "FFC_sans_bias45": {"write": {"device_start": -1, "host_queued_start": 1585578280.035016, "device_queued": -1, "device_end": -1, "host_queued_end": 1585578280.052683}, "device": "cpu", "nd_range": {"device_start": 2246054.2516902913, "device_end": 2246054.252276222}, "cmdq": 0, "read": {"device_start": -1, "device_end": -1}}, "softmax50": {"write": {"device_start": -1, "host_queued_start": 1585578280.04576, "device_queued": -1, "device_end": -1, "host_queued_end": 1585578280.052683}, "device": "cpu", "nd_range": {"device_start": 2246054.2637617383, "device_end": 2246054.263783276}, "cmdq": 0, "read": {"device_start": -1, "device_end": -1}}, "FFC_sans_bias33": {"write": {"device_start": -1, "host_queued_start": 1585578280.047559, "device_queued": -1, "device_end": -1, "host_queued_end": 1585578280.052683}, "device": "cpu", "nd_range": {"device_start": 2246054.2660676492, "device_end": 2246054.2666469}, "cmdq": 0, "read": {"device_start": -1, "device_end": -1}}, "FFC_sans_bias63": {"write": {"device_start": -1, "host_queued_start": 1585578280.039222, "device_queued": -1, "device_end": -1, "host_queued_end": 1585578280.052683}, "device": "cpu", "nd_range": {"device_start": 2246054.2563285623, "device_end": 2246054.257046673}, "cmdq": 0, "read": {"device_start": -1, "device_end": -1}}, "FFC_sans_bias49": {"write": {"device_start": -1, "host_queued_start": 1585578280.043572, "device_queued": -1, "device_end": -1, "host_queued_end": 1585578280.052683}, "device": "cpu", "nd_range": {"device_start": 2246054.2611722234, "device_end": 2246054.2617869764}, "cmdq": 0, "read": {"device_start": -1, "device_end": -1}}, "FFC_sans_bias64": {"write": {"device_start": -1, "host_queued_start": 1585578280.038149, "device_queued": -1, "device_end": -1, "host_queued_end": 1585578280.052683}, "device": "cpu", "nd_range": {"device_start": 2246054.255171955, "device_end": 2246054.2557420493}, "cmdq": 0, "read": {"device_start": -1, "device_end": -1}}, "FFC_sans_bias65": {"write": {"device_start": -1, "host_queued_start": 1585578280.038716, "device_queued": -1, "device_end": -1, "host_queued_end": 1585578280.052683}, "device": "cpu", "nd_range": {"device_start": 2246054.2557463543, "device_end": 2246054.256323792}, "cmdq": 0, "read": {"device_start": -1, "device_end": -1}}, "FFC_sans_bias67": {"write": {"device_start": -1, "host_queued_start": 1585578280.044259, "device_queued": -1, "device_end": -1, "host_queued_end": 1585578280.052683}, "device": "cpu", "nd_range": {"device_start": 2246054.2625095183, "device_end": 2246054.263115845}, "cmdq": 0, "read": {"device_start": -1, "device_end": -1}}, "FFC_sans_bias24": {"write": {"device_start": -1, "host_queued_start": 1585578280.047235, "device_queued": -1, "device_end": -1, "host_queued_end": 1585578280.052683}, "device": "cpu", "nd_range": {"device_start": 2246054.2653610064, "device_end": 2246054.2660625493}, "cmdq": 0, "read": {"device_start": -1, "device_end": -1}}, "FFC_sans_bias25": {"write": {"device_start": -1, "host_queued_start": 1585578280.050341, "device_queued": -1, "device_end": -1, "host_queued_end": 1585578280.052683}, "device": "cpu", "nd_range": {"device_start": 2246054.270454817, "device_end": 2246054.271061258}, "cmdq": 0, "read": {"device_start": -1, "device_end": -1}}, "FFC_sans_bias27": {"write": {"device_start": -1, "host_queued_start": 1585578280.031877, "device_queued": -1, "device_end": -1, "host_queued_end": 1585578280.052683}, "device": "cpu", "nd_range": {"device_start": 2246054.248132029, "device_end": 2246054.248710806}, "cmdq": 0, "read": {"device_start": -1, "device_end": -1}}, "FFC_sans_bias20": {"write": {"device_start": -1, "host_queued_start": 1585578280.031357, "device_queued": -1, "device_end": -1, "host_queued_end": 1585578280.052683}, "device": "cpu", "nd_range": {"device_start": 2246054.247527795, "device_end": 2246054.248127671}, "cmdq": 0, "read": {"device_start": -1, "device_end": -1}}, "FFC_sans_bias22": {"write": {"device_start": -1, "host_queued_start": 1585578280.042622, "device_queued": -1, "device_end": -1, "host_queued_end": 1585578280.052683}, "device": "cpu", "nd_range": {"device_start": 2246054.258995336, "device_end": 2246054.25983256}, "cmdq": 0, "read": {"device_start": -1, "device_end": -1}}, "softmax68": {"write": {"device_start": -1, "host_queued_start": 1585578280.046252, "device_queued": -1, "device_end": -1, "host_queued_end": 1585578280.052683}, "device": "cpu", "nd_range": {"device_start": 2246054.2640200243, "device_end": 2246054.264042289}, "cmdq": 0, "read": {"device_start": -1, "device_end": -1}}, "softmax5": {"write": {"device_start": -1, "host_queued_start": 1585578280.044506, "device_queued": -1, "device_end": -1, "host_queued_end": 1585578280.052683}, "device": "cpu", "nd_range": {"device_start": 2246054.263121455, "device_end": 2246054.2631694153}, "cmdq": 0, "read": {"device_start": -1, "device_end": -1}}, "FFC_sans_bias28": {"write": {"device_start": -1, "host_queued_start": 1585578280.0324, "device_queued": -1, "device_end": -1, "host_queued_end": 1585578280.052683}, "device": "cpu", "nd_range": {"device_start": 2246054.2487153923, "device_end": 2246054.249331647}, "cmdq": 0, "read": {"device_start": -1, "device_end": -1}}, "FFC_sans_bias29": {"write": {"device_start": -1, "host_queued_start": 1585578280.032924, "device_queued": -1, "device_end": -1, "host_queued_end": 1585578280.052683}, "device": "cpu", "nd_range": {"device_start": 2246054.2493355423, "device_end": 2246054.249934989}, "cmdq": 0, "read": {"device_start": -1, "device_end": -1}}, "empty17": {"write": {"device_start": -1, "host_queued_start": 1585578280.023512, "device_queued": -1, "device_end": -1, "host_queued_end": 1585578280.052683}, "device": "cpu", "nd_range": {"device_start": 2246054.2423286573, "device_end": 2246054.2423300804}, "cmdq": 0, "read": {"device_start": -1, "device_end": -1}}, "softmax59": {"write": {"device_start": -1, "host_queued_start": 1585578280.046, "device_queued": -1, "device_end": -1, "host_queued_end": 1585578280.052683}, "device": "cpu", "nd_range": {"device_start": 2246054.2638850273, "device_end": 2246054.263913384}, "cmdq": 0, "read": {"device_start": -1, "device_end": -1}}, "empty71": {"write": {"device_start": -1, "host_queued_start": 1585578280.026213, "device_queued": -1, "device_end": -1, "host_queued_end": 1585578280.052683}, "device": "cpu", "nd_range": {"device_start": 2246054.242359483, "device_end": 2246054.242360093}, "cmdq": 0, "read": {"device_start": -1, "device_end": -1}}, "empty35": {"write": {"device_start": -1, "host_queued_start": 1585578280.024457, "device_queued": -1, "device_end": -1, "host_queued_end": 1585578280.052683}, "device": "cpu", "nd_range": {"device_start": 2246054.2423402173, "device_end": 2246054.242340778}, "cmdq": 0, "read": {"device_start": -1, "device_end": -1}}, "empty53": {"write": {"device_start": -1, "host_queued_start": 1585578280.025355, "device_queued": -1, "device_end": -1, "host_queued_end": 1585578280.052683}, "device": "cpu", "nd_range": {"device_start": 2246054.2423488894, "device_end": 2246054.242349607}, "cmdq": 0, "read": {"device_start": -1, "device_end": -1}}, "FFC_sans_bias46": {"write": {"device_start": -1, "host_queued_start": 1585578280.035533, "device_queued": -1, "device_end": -1, "host_queued_end": 1585578280.052683}, "device": "cpu", "nd_range": {"device_start": 2246054.252281131, "device_end": 2246054.2528573433}, "cmdq": 0, "read": {"device_start": -1, "device_end": -1}}, "coalesced_transpose66": {"write": {"device_start": -1, "host_queued_start": 1585578280.04164, "device_queued": -1, "device_end": -1, "host_queued_end": 1585578280.052683}, "device": "cpu", "nd_range": {"device_start": 2246054.2577473084, "device_end": 2246054.2577835782}, "cmdq": 0, "read": {"device_start": -1, "device_end": -1}}, "coalesced_transpose48": {"write": {"device_start": -1, "host_queued_start": 1585578280.041043, "device_queued": -1, "device_end": -1, "host_queued_end": 1585578280.052683}, "device": "cpu", "nd_range": {"device_start": 2246054.257494459, "device_end": 2246054.257701932}, "cmdq": 0, "read": {"device_start": -1, "device_end": -1}}}