{"FFC_sans_bias60": {"write": {"device_start": -1, "host_queued_start": 1585578580.092, "device_queued": -1, "device_end": -1, "host_queued_end": 1585578580.094899}, "device": "gpu", "nd_range": {"device_start": 1585578514.9082382, "device_end": 1585578514.9083488}, "cmdq": 3, "read": {"device_start": -1, "device_end": -1}}, "FFC_sans_bias4": {"write": {"device_start": -1, "host_queued_start": 1585578580.10266, "device_queued": -1, "device_end": -1, "host_queued_end": 1585578580.106492}, "device": "cpu", "nd_range": {"device_start": 2246354.302293213, "device_end": 2246354.303241967}, "cmdq": 3, "read": {"device_start": -1, "device_end": -1}}, "FFC_sans_bias7": {"write": {"device_start": -1, "host_queued_start": 1585578580.10554, "device_queued": -1, "device_end": -1, "host_queued_end": 1585578580.106492}, "device": "cpu", "nd_range": {"device_start": 2246354.3049940043, "device_end": 2246354.3061984843}, "cmdq": 0, "read": {"device_start": -1, "device_end": -1}}, "FFC_sans_bias6": {"write": {"device_start": -1, "host_queued_start": 1585578580.104351, "device_queued": -1, "device_end": -1, "host_queued_end": 1585578580.106492}, "device": "cpu", "nd_range": {"device_start": 2246354.303903464, "device_end": 2246354.3049813514}, "cmdq": 1, "read": {"device_start": -1, "device_end": -1}}, "FFC_sans_bias1": {"write": {"device_start": -1, "host_queued_start": 1585578580.097689, "device_queued": -1, "device_end": -1, "host_queued_end": 1585578580.106492}, "device": "cpu", "nd_range": {"device_start": 2246354.296117309, "device_end": 2246354.2980671544}, "cmdq": 0, "read": {"device_start": -1, "device_end": -1}}, "FFC_sans_bias0": {"write": {"device_start": -1, "host_queued_start": 1585578580.097106, "device_queued": -1, "device_end": -1, "host_queued_end": 1585578580.106492}, "device": "cpu", "nd_range": {"device_start": 2246354.2971234163, "device_end": 2246354.299038146}, "cmdq": 3, "read": {"device_start": -1, "device_end": -1}}, "FFC_sans_bias2": {"write": {"device_start": -1, "host_queued_start": 1585578580.098238, "device_queued": -1, "device_end": -1, "host_queued_end": 1585578580.106492}, "device": "cpu", "nd_range": {"device_start": 2246354.296203955, "device_end": 2246354.2981329123}, "cmdq": 1, "read": {"device_start": -1, "device_end": -1}}, "FFC_sans_bias61": {"write": {"device_start": 1585578514.9083512, "host_queued_start": 1585578580.094269, "device_queued": 1585578514.9081254, "device_end": 1585578514.9083595, "host_queued_end": 1585578580.094899}, "device": "gpu", "nd_range": {"device_start": 1585578514.9083607, "device_end": 1585578514.9086015}, "cmdq": 3, "read": {"device_start": 1585578514.9088316, "device_end": 1585578514.9088383}}, "FFC_sans_bias52": {"write": {"device_start": 1585578514.9085538, "host_queued_start": 1585578580.093767, "device_queued": 1585578514.908102, "device_end": 1585578514.9085622, "host_queued_end": 1585578580.094899}, "device": "gpu", "nd_range": {"device_start": 1585578514.9085636, "device_end": 1585578514.9088545}, "cmdq": 2, "read": {"device_start": 1585578514.9088726, "device_end": 1585578514.9088795}}, "FFC_sans_bias9": {"write": {"device_start": -1, "host_queued_start": 1585578580.09877, "device_queued": -1, "device_end": -1, "host_queued_end": 1585578580.106492}, "device": "cpu", "nd_range": {"device_start": 2246354.2961083422, "device_end": 2246354.2972643133}, "cmdq": 2, "read": {"device_start": -1, "device_end": -1}}, "coalesced_transpose39": {"write": {"device_start": -1, "host_queued_start": 1585578580.08736, "device_queued": -1, "device_end": -1, "host_queued_end": 1585578580.094899}, "device": "gpu", "nd_range": {"device_start": 1585578514.9077263, "device_end": 1585578514.9078395}, "cmdq": 1, "read": {"device_start": -1, "device_end": -1}}, "FFC_sans_bias55": {"write": {"device_start": 1585578514.907432, "host_queued_start": 1585578580.085238, "device_queued": 1585578514.9074092, "device_end": 1585578514.9074407, "host_queued_end": 1585578580.094899}, "device": "gpu", "nd_range": {"device_start": 1585578514.907525, "device_end": 1585578514.9077249}, "cmdq": 1, "read": {"device_start": -1, "device_end": -1}}, "FFC_sans_bias54": {"write": {"device_start": 1585578514.907384, "host_queued_start": 1585578580.084738, "device_queued": 1585578514.9073544, "device_end": 1585578514.9073925, "host_queued_end": 1585578580.094899}, "device": "gpu", "nd_range": {"device_start": 1585578514.9074054, "device_end": 1585578514.9076984}, "cmdq": 0, "read": {"device_start": -1, "device_end": -1}}, "FFC_sans_bias56": {"write": {"device_start": 1585578514.9072976, "host_queued_start": 1585578580.084243, "device_queued": 1585578514.9072664, "device_end": 1585578514.9073064, "host_queued_end": 1585578580.094899}, "device": "gpu", "nd_range": {"device_start": 1585578514.9073484, "device_end": 1585578514.9076235}, "cmdq": 4, "read": {"device_start": -1, "device_end": -1}}, "FFC_sans_bias51": {"write": {"device_start": -1, "host_queued_start": 1585578580.091708, "device_queued": -1, "device_end": -1, "host_queued_end": 1585578580.094899}, "device": "gpu", "nd_range": {"device_start": 1585578514.9082882, "device_end": 1585578514.9085512}, "cmdq": 2, "read": {"device_start": -1, "device_end": -1}}, "softmax23": {"write": {"device_start": -1, "host_queued_start": 1585578580.104036, "device_queued": -1, "device_end": -1, "host_queued_end": 1585578580.106492}, "device": "cpu", "nd_range": {"device_start": 2246354.302914429, "device_end": 2246354.302985533}, "cmdq": 0, "read": {"device_start": -1, "device_end": -1}}, "FFC_sans_bias37": {"write": {"device_start": 1585578514.9069755, "host_queued_start": 1585578580.081718, "device_queued": 1585578514.9069538, "device_end": 1585578514.9069843, "host_queued_end": 1585578580.094899}, "device": "gpu", "nd_range": {"device_start": 1585578514.907022, "device_end": 1585578514.9072957}, "cmdq": 4, "read": {"device_start": -1, "device_end": -1}}, "empty62": {"write": {"device_start": 1585578514.9067328, "host_queued_start": 1585578580.078552, "device_queued": 1585578514.906705, "device_end": 1585578514.9067416, "host_queued_end": 1585578580.094899}, "device": "gpu", "nd_range": {"device_start": 1585578514.9067876, "device_end": 1585578514.9067914}, "cmdq": 3, "read": {"device_start": -1, "device_end": -1}}, "FFC_sans_bias70": {"write": {"device_start": 1585578514.9086623, "host_queued_start": 1585578580.0948, "device_queued": 1585578514.9081447, "device_end": 1585578514.9086711, "host_queued_end": 1585578580.094899}, "device": "gpu", "nd_range": {"device_start": 1585578514.908672, "device_end": 1585578514.9088879}, "cmdq": 4, "read": {"device_start": 1585578514.9089043, "device_end": 1585578514.908925}}, "FFC_sans_bias58": {"write": {"device_start": -1, "host_queued_start": 1585578580.089363, "device_queued": -1, "device_end": -1, "host_queued_end": 1585578580.094899}, "device": "gpu", "nd_range": {"device_start": 1585578514.907848, "device_end": 1585578514.9081504}, "cmdq": 3, "read": {"device_start": -1, "device_end": -1}}, "softmax41": {"write": {"device_start": -1, "host_queued_start": 1585578580.090121, "device_queued": -1, "device_end": -1, "host_queued_end": 1585578580.094899}, "device": "gpu", "nd_range": {"device_start": 1585578514.9080513, "device_end": 1585578514.9082725}, "cmdq": 1, "read": {"device_start": -1, "device_end": -1}}, "FFC_sans_bias11": {"write": {"device_start": -1, "host_queued_start": 1585578580.099787, "device_queued": -1, "device_end": -1, "host_queued_end": 1585578580.106492}, "device": "cpu", "nd_range": {"device_start": 2246354.2980721863, "device_end": 2246354.2999935793}, "cmdq": 0, "read": {"device_start": -1, "device_end": -1}}, "FFC_sans_bias10": {"write": {"device_start": -1, "host_queued_start": 1585578580.099276, "device_queued": -1, "device_end": -1, "host_queued_end": 1585578580.106492}, "device": "cpu", "nd_range": {"device_start": 2246354.299051037, "device_end": 2246354.300853928}, "cmdq": 3, "read": {"device_start": -1, "device_end": -1}}, "coalesced_transpose3": {"write": {"device_start": -1, "host_queued_start": 1585578580.1017, "device_queued": -1, "device_end": -1, "host_queued_end": 1585578580.106492}, "device": "cpu", "nd_range": {"device_start": 2246354.300043396, "device_end": 2246354.300143904}, "cmdq": 0, "read": {"device_start": -1, "device_end": -1}}, "FFC_sans_bias34": {"write": {"device_start": 1585578514.9084196, "host_queued_start": 1585578580.092755, "device_queued": 1585578514.9080362, "device_end": 1585578514.9084284, "host_queued_end": 1585578580.094899}, "device": "gpu", "nd_range": {"device_start": 1585578514.9084294, "device_end": 1585578514.908717}, "cmdq": 0, "read": {"device_start": 1585578514.9087229, "device_end": 1585578514.9087303}}, "FFC_sans_bias15": {"write": {"device_start": -1, "host_queued_start": 1585578580.104697, "device_queued": -1, "device_end": -1, "host_queued_end": 1585578580.106492}, "device": "cpu", "nd_range": {"device_start": 2246354.3035245263, "device_end": 2246354.304973207}, "cmdq": 2, "read": {"device_start": -1, "device_end": -1}}, "FFC_sans_bias31": {"write": {"device_start": -1, "host_queued_start": 1585578580.088495, "device_queued": -1, "device_end": -1, "host_queued_end": 1585578580.094899}, "device": "gpu", "nd_range": {"device_start": 1585578514.907837, "device_end": 1585578514.9079993}, "cmdq": 0, "read": {"device_start": -1, "device_end": -1}}, "FFC_sans_bias16": {"write": {"device_start": -1, "host_queued_start": 1585578580.105998, "device_queued": -1, "device_end": -1, "host_queued_end": 1585578580.106492}, "device": "cpu", "nd_range": {"device_start": 2246354.305481778, "device_end": 2246354.306563904}, "cmdq": 1, "read": {"device_start": -1, "device_end": -1}}, "FFC_sans_bias19": {"write": {"device_start": -1, "host_queued_start": 1585578580.100793, "device_queued": -1, "device_end": -1, "host_queued_end": 1585578580.106492}, "device": "cpu", "nd_range": {"device_start": 2246354.29727215, "device_end": 2246354.301003194}, "cmdq": 2, "read": {"device_start": -1, "device_end": -1}}, "FFC_sans_bias18": {"write": {"device_start": -1, "host_queued_start": 1585578580.100291, "device_queued": -1, "device_end": -1, "host_queued_end": 1585578580.106492}, "device": "cpu", "nd_range": {"device_start": 2246354.298248516, "device_end": 2246354.3001659364}, "cmdq": 1, "read": {"device_start": -1, "device_end": -1}}, "coalesced_transpose30": {"write": {"device_start": -1, "host_queued_start": 1585578580.087089, "device_queued": -1, "device_end": -1, "host_queued_end": 1585578580.094899}, "device": "gpu", "nd_range": {"device_start": 1585578514.9076993, "device_end": 1585578514.907836}, "cmdq": 0, "read": {"device_start": -1, "device_end": -1}}, "FFC_sans_bias69": {"write": {"device_start": -1, "host_queued_start": 1585578580.092279, "device_queued": -1, "device_end": -1, "host_queued_end": 1585578580.094899}, "device": "gpu", "nd_range": {"device_start": 1585578514.9083912, "device_end": 1585578514.9086614}, "cmdq": 4, "read": {"device_start": -1, "device_end": -1}}, "FFC_sans_bias38": {"write": {"device_start": 1585578514.9070501, "host_queued_start": 1585578580.082224, "device_queued": 1585578514.9070272, "device_end": 1585578514.9070587, "host_queued_end": 1585578580.094899}, "device": "gpu", "nd_range": {"device_start": 1585578514.9071798, "device_end": 1585578514.9073544}, "cmdq": 0, "read": {"device_start": -1, "device_end": -1}}, "coalesced_transpose57": {"write": {"device_start": -1, "host_queued_start": 1585578580.087928, "device_queued": -1, "device_end": -1, "host_queued_end": 1585578580.094899}, "device": "gpu", "nd_range": {"device_start": 1585578514.9078326, "device_end": 1585578514.9078467}, "cmdq": 3, "read": {"device_start": -1, "device_end": -1}}, "empty26": {"write": {"device_start": -1, "host_queued_start": 1585578580.09652, "device_queued": -1, "device_end": -1, "host_queued_end": 1585578580.106492}, "device": "cpu", "nd_range": {"device_start": 2246354.2960818443, "device_end": 2246354.296091663}, "cmdq": 2, "read": {"device_start": -1, "device_end": -1}}, "coalesced_transpose12": {"write": {"device_start": -1, "host_queued_start": 1585578580.102012, "device_queued": -1, "device_end": -1, "host_queued_end": 1585578580.106492}, "device": "cpu", "nd_range": {"device_start": 2246354.300868269, "device_end": 2246354.30089941}, "cmdq": 1, "read": {"device_start": -1, "device_end": -1}}, "empty44": {"write": {"device_start": 1585578514.906676, "host_queued_start": 1585578580.077732, "device_queued": 1585578514.9066522, "device_end": 1585578514.9066856, "host_queued_end": 1585578580.094899}, "device": "gpu", "nd_range": {"device_start": 1585578514.9067724, "device_end": 1585578514.9067757}, "cmdq": 1, "read": {"device_start": -1, "device_end": -1}}, "coalesced_transpose21": {"write": {"device_start": -1, "host_queued_start": 1585578580.102303, "device_queued": -1, "device_end": -1, "host_queued_end": 1585578580.106492}, "device": "cpu", "nd_range": {"device_start": 2246354.3010104503, "device_end": 2246354.3010805743}, "cmdq": 2, "read": {"device_start": -1, "device_end": -1}}, "FFC_sans_bias36": {"write": {"device_start": 1585578514.906943, "host_queued_start": 1585578580.081077, "device_queued": 1585578514.906919, "device_end": 1585578514.906956, "host_queued_end": 1585578580.094899}, "device": "gpu", "nd_range": {"device_start": 1585578514.907011, "device_end": 1585578514.9072075}, "cmdq": 3, "read": {"device_start": -1, "device_end": -1}}, "softmax14": {"write": {"device_start": -1, "host_queued_start": 1585578580.103803, "device_queued": -1, "device_end": -1, "host_queued_end": 1585578580.106492}, "device": "cpu", "nd_range": {"device_start": 2246354.303356095, "device_end": 2246354.303392665}, "cmdq": 3, "read": {"device_start": -1, "device_end": -1}}, "FFC_sans_bias13": {"write": {"device_start": -1, "host_queued_start": 1585578580.102986, "device_queued": -1, "device_end": -1, "host_queued_end": 1585578580.106492}, "device": "cpu", "nd_range": {"device_start": 2246354.3009331203, "device_end": 2246354.3026240002}, "cmdq": 0, "read": {"device_start": -1, "device_end": -1}}, "empty8": {"write": {"device_start": -1, "host_queued_start": 1585578580.095616, "device_queued": -1, "device_end": -1, "host_queued_end": 1585578580.106492}, "device": "cpu", "nd_range": {"device_start": 2246354.2961071753, "device_end": 2246354.296108139}, "cmdq": 0, "read": {"device_start": -1, "device_end": -1}}, "FFC_sans_bias42": {"write": {"device_start": -1, "host_queued_start": 1585578580.091408, "device_queued": -1, "device_end": -1, "host_queued_end": 1585578580.094899}, "device": "gpu", "nd_range": {"device_start": 1585578514.9082744, "device_end": 1585578514.9084706}, "cmdq": 1, "read": {"device_start": -1, "device_end": -1}}, "FFC_sans_bias43": {"write": {"device_start": 1585578514.9084716, "host_queued_start": 1585578580.093262, "device_queued": 1585578514.9080808, "device_end": 1585578514.9084804, "host_queued_end": 1585578580.094899}, "device": "gpu", "nd_range": {"device_start": 1585578514.9084816, "device_end": 1585578514.9087756}, "cmdq": 1, "read": {"device_start": 1585578514.9087834, "device_end": 1585578514.9088001}}, "FFC_sans_bias40": {"write": {"device_start": -1, "host_queued_start": 1585578580.088791, "device_queued": -1, "device_end": -1, "host_queued_end": 1585578580.094899}, "device": "gpu", "nd_range": {"device_start": 1585578514.907841, "device_end": 1585578514.90805}, "cmdq": 1, "read": {"device_start": -1, "device_end": -1}}, "softmax32": {"write": {"device_start": -1, "host_queued_start": 1585578580.089886, "device_queued": -1, "device_end": -1, "host_queued_end": 1585578580.094899}, "device": "gpu", "nd_range": {"device_start": 1585578514.9080007, "device_end": 1585578514.9082665}, "cmdq": 0, "read": {"device_start": -1, "device_end": -1}}, "FFC_sans_bias47": {"write": {"device_start": 1585578514.9072661, "host_queued_start": 1585578580.083743, "device_queued": 1585578514.9072406, "device_end": 1585578514.907275, "host_queued_end": 1585578580.094899}, "device": "gpu", "nd_range": {"device_start": 1585578514.9073262, "device_end": 1585578514.9075272}, "cmdq": 3, "read": {"device_start": -1, "device_end": -1}}, "FFC_sans_bias45": {"write": {"device_start": 1585578514.9072118, "host_queued_start": 1585578580.082746, "device_queued": 1585578514.9071882, "device_end": 1585578514.9072208, "host_queued_end": 1585578580.094899}, "device": "gpu", "nd_range": {"device_start": 1585578514.9073093, "device_end": 1585578514.9074218}, "cmdq": 1, "read": {"device_start": -1, "device_end": -1}}, "softmax50": {"write": {"device_start": -1, "host_queued_start": 1585578580.090349, "device_queued": -1, "device_end": -1, "host_queued_end": 1585578580.094899}, "device": "gpu", "nd_range": {"device_start": 1585578514.9081173, "device_end": 1585578514.9082866}, "cmdq": 2, "read": {"device_start": -1, "device_end": -1}}, "FFC_sans_bias33": {"write": {"device_start": -1, "host_queued_start": 1585578580.091123, "device_queued": -1, "device_end": -1, "host_queued_end": 1585578580.094899}, "device": "gpu", "nd_range": {"device_start": 1585578514.9082687, "device_end": 1585578514.9084187}, "cmdq": 0, "read": {"device_start": -1, "device_end": -1}}, "FFC_sans_bias63": {"write": {"device_start": 1585578514.9076257, "host_queued_start": 1585578580.086787, "device_queued": 1585578514.90748, "device_end": 1585578514.9076343, "host_queued_end": 1585578580.094899}, "device": "gpu", "nd_range": {"device_start": 1585578514.907644, "device_end": 1585578514.907922}, "cmdq": 4, "read": {"device_start": -1, "device_end": -1}}, "FFC_sans_bias49": {"write": {"device_start": -1, "host_queued_start": 1585578580.089073, "device_queued": -1, "device_end": -1, "host_queued_end": 1585578580.094899}, "device": "gpu", "nd_range": {"device_start": 1585578514.9078443, "device_end": 1585578514.908116}, "cmdq": 2, "read": {"device_start": -1, "device_end": -1}}, "FFC_sans_bias64": {"write": {"device_start": 1585578514.9075112, "host_queued_start": 1585578580.085744, "device_queued": 1585578514.907434, "device_end": 1585578514.9075196, "host_queued_end": 1585578580.094899}, "device": "gpu", "nd_range": {"device_start": 1585578514.9076161, "device_end": 1585578514.9078095}, "cmdq": 2, "read": {"device_start": -1, "device_end": -1}}, "FFC_sans_bias65": {"write": {"device_start": 1585578514.9075294, "host_queued_start": 1585578580.08625, "device_queued": 1585578514.907458, "device_end": 1585578514.907538, "host_queued_end": 1585578580.094899}, "device": "gpu", "nd_range": {"device_start": 1585578514.9076412, "device_end": 1585578514.9078312}, "cmdq": 3, "read": {"device_start": -1, "device_end": -1}}, "FFC_sans_bias67": {"write": {"device_start": -1, "host_queued_start": 1585578580.089659, "device_queued": -1, "device_end": -1, "host_queued_end": 1585578580.094899}, "device": "gpu", "nd_range": {"device_start": 1585578514.9081128, "device_end": 1585578514.9082232}, "cmdq": 4, "read": {"device_start": -1, "device_end": -1}}, "FFC_sans_bias24": {"write": {"device_start": -1, "host_queued_start": 1585578580.105022, "device_queued": -1, "device_end": -1, "host_queued_end": 1585578580.106492}, "device": "cpu", "nd_range": {"device_start": 2246354.303403606, "device_end": 2246354.3043872924}, "cmdq": 3, "read": {"device_start": -1, "device_end": -1}}, "FFC_sans_bias25": {"write": {"device_start": -1, "host_queued_start": 1585578580.106448, "device_queued": -1, "device_end": -1, "host_queued_end": 1585578580.106492}, "device": "cpu", "nd_range": {"device_start": 2246354.305108093, "device_end": 2246354.306428731}, "cmdq": 2, "read": {"device_start": -1, "device_end": -1}}, "FFC_sans_bias27": {"write": {"device_start": 1585578514.9068286, "host_queued_start": 1585578580.079579, "device_queued": 1585578514.9068034, "device_end": 1585578514.9068375, "host_queued_end": 1585578580.094899}, "device": "gpu", "nd_range": {"device_start": 1585578514.9068418, "device_end": 1585578514.9069576}, "cmdq": 0, "read": {"device_start": -1, "device_end": -1}}, "FFC_sans_bias20": {"write": {"device_start": -1, "host_queued_start": 1585578580.101389, "device_queued": -1, "device_end": -1, "host_queued_end": 1585578580.106492}, "device": "cpu", "nd_range": {"device_start": 2246354.3008785592, "device_end": 2246354.3021877212}, "cmdq": 3, "read": {"device_start": -1, "device_end": -1}}, "FFC_sans_bias22": {"write": {"device_start": -1, "host_queued_start": 1585578580.103296, "device_queued": -1, "device_end": -1, "host_queued_end": 1585578580.106492}, "device": "cpu", "nd_range": {"device_start": 2246354.301094557, "device_end": 2246354.3027981143}, "cmdq": 1, "read": {"device_start": -1, "device_end": -1}}, "softmax68": {"write": {"device_start": -1, "host_queued_start": 1585578580.090835, "device_queued": -1, "device_end": -1, "host_queued_end": 1585578580.094899}, "device": "gpu", "nd_range": {"device_start": 1585578514.908225, "device_end": 1585578514.9083812}, "cmdq": 4, "read": {"device_start": -1, "device_end": -1}}, "softmax5": {"write": {"device_start": -1, "host_queued_start": 1585578580.103552, "device_queued": -1, "device_end": -1, "host_queued_end": 1585578580.106492}, "device": "cpu", "nd_range": {"device_start": 2246354.3033511923, "device_end": 2246354.303388594}, "cmdq": 2, "read": {"device_start": -1, "device_end": -1}}, "FFC_sans_bias28": {"write": {"device_start": 1585578514.9068744, "host_queued_start": 1585578580.080078, "device_queued": 1585578514.9068496, "device_end": 1585578514.9068832, "host_queued_end": 1585578580.094899}, "device": "gpu", "nd_range": {"device_start": 1585578514.906986, "device_end": 1585578514.9070945}, "cmdq": 1, "read": {"device_start": -1, "device_end": -1}}, "FFC_sans_bias29": {"write": {"device_start": 1585578514.9069076, "host_queued_start": 1585578580.080579, "device_queued": 1585578514.906877, "device_end": 1585578514.9069216, "host_queued_end": 1585578580.094899}, "device": "gpu", "nd_range": {"device_start": 1585578514.9069974, "device_end": 1585578514.9071848}, "cmdq": 2, "read": {"device_start": -1, "device_end": -1}}, "empty17": {"write": {"device_start": -1, "host_queued_start": 1585578580.096103, "device_queued": -1, "device_end": -1, "host_queued_end": 1585578580.106492}, "device": "cpu", "nd_range": {"device_start": 2246354.2960817623, "device_end": 2246354.296091732}, "cmdq": 1, "read": {"device_start": -1, "device_end": -1}}, "softmax59": {"write": {"device_start": -1, "host_queued_start": 1585578580.09059, "device_queued": -1, "device_end": -1, "host_queued_end": 1585578580.094899}, "device": "gpu", "nd_range": {"device_start": 1585578514.9081552, "device_end": 1585578514.9082355}, "cmdq": 3, "read": {"device_start": -1, "device_end": -1}}, "empty71": {"write": {"device_start": 1585578514.906762, "host_queued_start": 1585578580.079021, "device_queued": 1585578514.9067364, "device_end": 1585578514.9067705, "host_queued_end": 1585578580.094899}, "device": "gpu", "nd_range": {"device_start": 1585578514.9067953, "device_end": 1585578514.9067986}, "cmdq": 4, "read": {"device_start": -1, "device_end": -1}}, "empty35": {"write": {"device_start": 1585578514.906593, "host_queued_start": 1585578580.07712, "device_queued": 1585578514.9065495, "device_end": 1585578514.9066021, "host_queued_end": 1585578580.094899}, "device": "gpu", "nd_range": {"device_start": 1585578514.9066267, "device_end": 1585578514.9066446}, "cmdq": 0, "read": {"device_start": -1, "device_end": -1}}, "empty53": {"write": {"device_start": 1585578514.9067035, "host_queued_start": 1585578580.07815, "device_queued": 1585578514.9066784, "device_end": 1585578514.9067135, "host_queued_end": 1585578580.094899}, "device": "gpu", "nd_range": {"device_start": 1585578514.9067795, "device_end": 1585578514.9067829}, "cmdq": 2, "read": {"device_start": -1, "device_end": -1}}, "FFC_sans_bias46": {"write": {"device_start": 1585578514.9072406, "host_queued_start": 1585578580.083245, "device_queued": 1585578514.907215, "device_end": 1585578514.9072502, "host_queued_end": 1585578580.094899}, "device": "gpu", "nd_range": {"device_start": 1585578514.9073153, "device_end": 1585578514.9075089}, "cmdq": 2, "read": {"device_start": -1, "device_end": -1}}, "coalesced_transpose66": {"write": {"device_start": -1, "host_queued_start": 1585578580.088197, "device_queued": -1, "device_end": -1, "host_queued_end": 1585578580.094899}, "device": "gpu", "nd_range": {"device_start": 1585578514.9079237, "device_end": 1585578514.9081116}, "cmdq": 4, "read": {"device_start": -1, "device_end": -1}}, "coalesced_transpose48": {"write": {"device_start": -1, "host_queued_start": 1585578580.087642, "device_queued": -1, "device_end": -1, "host_queued_end": 1585578580.094899}, "device": "gpu", "nd_range": {"device_start": 1585578514.9078104, "device_end": 1585578514.907843}, "cmdq": 2, "read": {"device_start": -1, "device_end": -1}}}