{"FFC_sans_bias60": {"write": {"device_start": -1, "host_queued_start": 1585578218.407759, "device_queued": -1, "device_end": -1, "host_queued_end": 1585578218.410684}, "device": "gpu", "nd_range": {"device_start": 1585578153.234969, "device_end": 1585578153.235157}, "cmdq": 0, "read": {"device_start": -1, "device_end": -1}}, "FFC_sans_bias4": {"write": {"device_start": -1, "host_queued_start": 1585578218.418546, "device_queued": -1, "device_end": -1, "host_queued_end": 1585578218.422396}, "device": "cpu", "nd_range": {"device_start": 2245992.617577137, "device_end": 2245992.618660197}, "cmdq": 3, "read": {"device_start": -1, "device_end": -1}}, "FFC_sans_bias7": {"write": {"device_start": -1, "host_queued_start": 1585578218.421423, "device_queued": -1, "device_end": -1, "host_queued_end": 1585578218.422396}, "device": "cpu", "nd_range": {"device_start": 2245992.620515169, "device_end": 2245992.621359496}, "cmdq": 0, "read": {"device_start": -1, "device_end": -1}}, "FFC_sans_bias6": {"write": {"device_start": -1, "host_queued_start": 1585578218.420287, "device_queued": -1, "device_end": -1, "host_queued_end": 1585578218.422396}, "device": "cpu", "nd_range": {"device_start": 2245992.618852716, "device_end": 2245992.620324459}, "cmdq": 1, "read": {"device_start": -1, "device_end": -1}}, "FFC_sans_bias1": {"write": {"device_start": -1, "host_queued_start": 1585578218.413458, "device_queued": -1, "device_end": -1, "host_queued_end": 1585578218.422396}, "device": "cpu", "nd_range": {"device_start": 2245992.6119778673, "device_end": 2245992.614062087}, "cmdq": 0, "read": {"device_start": -1, "device_end": -1}}, "FFC_sans_bias0": {"write": {"device_start": -1, "host_queued_start": 1585578218.412888, "device_queued": -1, "device_end": -1, "host_queued_end": 1585578218.422396}, "device": "cpu", "nd_range": {"device_start": 2245992.611997874, "device_end": 2245992.6140867933}, "cmdq": 3, "read": {"device_start": -1, "device_end": -1}}, "FFC_sans_bias2": {"write": {"device_start": -1, "host_queued_start": 1585578218.414131, "device_queued": -1, "device_end": -1, "host_queued_end": 1585578218.422396}, "device": "cpu", "nd_range": {"device_start": 2245992.611975443, "device_end": 2245992.613998768}, "cmdq": 1, "read": {"device_start": -1, "device_end": -1}}, "FFC_sans_bias61": {"write": {"device_start": 1585578153.2356176, "host_queued_start": 1585578218.410047, "device_queued": 1585578153.234548, "device_end": 1585578153.2356262, "host_queued_end": 1585578218.410684}, "device": "gpu", "nd_range": {"device_start": 1585578153.2356286, "device_end": 1585578153.235739}, "cmdq": 1, "read": {"device_start": 1585578153.2357476, "device_end": 1585578153.2357545}}, "FFC_sans_bias52": {"write": {"device_start": 1585578153.235431, "host_queued_start": 1585578218.409534, "device_queued": 1585578153.2345006, "device_end": 1585578153.2354395, "host_queued_end": 1585578218.410684}, "device": "gpu", "nd_range": {"device_start": 1585578153.2354407, "device_end": 1585578153.2355611}, "cmdq": 0, "read": {"device_start": 1585578153.2355704, "device_end": 1585578153.2355835}}, "FFC_sans_bias9": {"write": {"device_start": -1, "host_queued_start": 1585578218.414663, "device_queued": -1, "device_end": -1, "host_queued_end": 1585578218.422396}, "device": "cpu", "nd_range": {"device_start": 2245992.6124976003, "device_end": 2245992.6144303284}, "cmdq": 2, "read": {"device_start": -1, "device_end": -1}}, "coalesced_transpose39": {"write": {"device_start": -1, "host_queued_start": 1585578218.403123, "device_queued": -1, "device_end": -1, "host_queued_end": 1585578218.410684}, "device": "gpu", "nd_range": {"device_start": 1585578153.23434, "device_end": 1585578153.234347}, "cmdq": 1, "read": {"device_start": -1, "device_end": -1}}, "FFC_sans_bias55": {"write": {"device_start": 1585578153.234004, "host_queued_start": 1585578218.40101, "device_queued": 1585578153.2337742, "device_end": 1585578153.2340128, "host_queued_end": 1585578218.410684}, "device": "gpu", "nd_range": {"device_start": 1585578153.234014, "device_end": 1585578153.2341192}, "cmdq": 0, "read": {"device_start": -1, "device_end": -1}}, "FFC_sans_bias54": {"write": {"device_start": 1585578153.2339208, "host_queued_start": 1585578218.400518, "device_queued": 1585578153.2337282, "device_end": 1585578153.2339296, "host_queued_end": 1585578218.410684}, "device": "gpu", "nd_range": {"device_start": 1585578153.2339308, "device_end": 1585578153.2340808}, "cmdq": 1, "read": {"device_start": -1, "device_end": -1}}, "FFC_sans_bias56": {"write": {"device_start": 1585578153.2338572, "host_queued_start": 1585578218.400023, "device_queued": 1585578153.2336905, "device_end": 1585578153.2338717, "host_queued_end": 1585578218.410684}, "device": "gpu", "nd_range": {"device_start": 1585578153.233873, "device_end": 1585578153.2340004}, "cmdq": 0, "read": {"device_start": -1, "device_end": -1}}, "FFC_sans_bias51": {"write": {"device_start": -1, "host_queued_start": 1585578218.40748, "device_queued": -1, "device_end": -1, "host_queued_end": 1585578218.410684}, "device": "gpu", "nd_range": {"device_start": 1585578153.2350745, "device_end": 1585578153.2351837}, "cmdq": 1, "read": {"device_start": -1, "device_end": -1}}, "softmax23": {"write": {"device_start": -1, "host_queued_start": 1585578218.419969, "device_queued": -1, "device_end": -1, "host_queued_end": 1585578218.422396}, "device": "cpu", "nd_range": {"device_start": 2245992.6186759993, "device_end": 2245992.618719931}, "cmdq": 0, "read": {"device_start": -1, "device_end": -1}}, "FFC_sans_bias37": {"write": {"device_start": 1585578153.2334876, "host_queued_start": 1585578218.397323, "device_queued": 1585578153.2334015, "device_end": 1585578153.2334962, "host_queued_end": 1585578218.410684}, "device": "gpu", "nd_range": {"device_start": 1585578153.2334974, "device_end": 1585578153.2336352}, "cmdq": 1, "read": {"device_start": -1, "device_end": -1}}, "empty62": {"write": {"device_start": 1585578153.233161, "host_queued_start": 1585578218.394371, "device_queued": 1585578153.2331378, "device_end": 1585578153.2331698, "host_queued_end": 1585578218.410684}, "device": "gpu", "nd_range": {"device_start": 1585578153.233171, "device_end": 1585578153.2331743}, "cmdq": 1, "read": {"device_start": -1, "device_end": -1}}, "FFC_sans_bias70": {"write": {"device_start": 1585578153.2356393, "host_queued_start": 1585578218.410547, "device_queued": 1585578153.2346125, "device_end": 1585578153.2356482, "host_queued_end": 1585578218.410684}, "device": "gpu", "nd_range": {"device_start": 1585578153.235649, "device_end": 1585578153.2357855}, "cmdq": 0, "read": {"device_start": 1585578153.2357943, "device_end": 1585578153.2358081}}, "FFC_sans_bias58": {"write": {"device_start": -1, "host_queued_start": 1585578218.40516, "device_queued": -1, "device_end": -1, "host_queued_end": 1585578218.410684}, "device": "gpu", "nd_range": {"device_start": 1585578153.2344735, "device_end": 1585578153.2345877}, "cmdq": 0, "read": {"device_start": -1, "device_end": -1}}, "softmax41": {"write": {"device_start": -1, "host_queued_start": 1585578218.405905, "device_queued": -1, "device_end": -1, "host_queued_end": 1585578218.410684}, "device": "gpu", "nd_range": {"device_start": 1585578153.234776, "device_end": 1585578153.2348518}, "cmdq": 1, "read": {"device_start": -1, "device_end": -1}}, "FFC_sans_bias11": {"write": {"device_start": -1, "host_queued_start": 1585578218.415685, "device_queued": -1, "device_end": -1, "host_queued_end": 1585578218.422396}, "device": "cpu", "nd_range": {"device_start": 2245992.614070996, "device_end": 2245992.6173787913}, "cmdq": 0, "read": {"device_start": -1, "device_end": -1}}, "FFC_sans_bias10": {"write": {"device_start": -1, "host_queued_start": 1585578218.415169, "device_queued": -1, "device_end": -1, "host_queued_end": 1585578218.422396}, "device": "cpu", "nd_range": {"device_start": 2245992.61410054, "device_end": 2245992.616022352}, "cmdq": 3, "read": {"device_start": -1, "device_end": -1}}, "coalesced_transpose3": {"write": {"device_start": -1, "host_queued_start": 1585578218.41761, "device_queued": -1, "device_end": -1, "host_queued_end": 1585578218.422396}, "device": "cpu", "nd_range": {"device_start": 2245992.6174852704, "device_end": 2245992.6175398943}, "cmdq": 0, "read": {"device_start": -1, "device_end": -1}}, "FFC_sans_bias34": {"write": {"device_start": 1585578153.2351587, "host_queued_start": 1585578218.408526, "device_queued": 1585578153.2343912, "device_end": 1585578153.235167, "host_queued_end": 1585578218.410684}, "device": "gpu", "nd_range": {"device_start": 1585578153.2351685, "device_end": 1585578153.2352772}, "cmdq": 0, "read": {"device_start": 1585578153.2352815, "device_end": 1585578153.2352915}}, "FFC_sans_bias15": {"write": {"device_start": -1, "host_queued_start": 1585578218.420596, "device_queued": -1, "device_end": -1, "host_queued_end": 1585578218.422396}, "device": "cpu", "nd_range": {"device_start": 2245992.6193590052, "device_end": 2245992.62033491}, "cmdq": 2, "read": {"device_start": -1, "device_end": -1}}, "FFC_sans_bias31": {"write": {"device_start": -1, "host_queued_start": 1585578218.404284, "device_queued": -1, "device_end": -1, "host_queued_end": 1585578218.410684}, "device": "gpu", "nd_range": {"device_start": 1585578153.234355, "device_end": 1585578153.2345464}, "cmdq": 1, "read": {"device_start": -1, "device_end": -1}}, "FFC_sans_bias16": {"write": {"device_start": -1, "host_queued_start": 1585578218.421876, "device_queued": -1, "device_end": -1, "host_queued_end": 1585578218.422396}, "device": "cpu", "nd_range": {"device_start": 2245992.620461833, "device_end": 2245992.622022999}, "cmdq": 1, "read": {"device_start": -1, "device_end": -1}}, "FFC_sans_bias19": {"write": {"device_start": -1, "host_queued_start": 1585578218.4167, "device_queued": -1, "device_end": -1, "host_queued_end": 1585578218.422396}, "device": "cpu", "nd_range": {"device_start": 2245992.6145309703, "device_end": 2245992.616461251}, "cmdq": 2, "read": {"device_start": -1, "device_end": -1}}, "FFC_sans_bias18": {"write": {"device_start": -1, "host_queued_start": 1585578218.41619, "device_queued": -1, "device_end": -1, "host_queued_end": 1585578218.422396}, "device": "cpu", "nd_range": {"device_start": 2245992.614005307, "device_end": 2245992.6159225823}, "cmdq": 1, "read": {"device_start": -1, "device_end": -1}}, "coalesced_transpose30": {"write": {"device_start": -1, "host_queued_start": 1585578218.402856, "device_queued": -1, "device_end": -1, "host_queued_end": 1585578218.410684}, "device": "gpu", "nd_range": {"device_start": 1585578153.2343016, "device_end": 1585578153.2343094}, "cmdq": 0, "read": {"device_start": -1, "device_end": -1}}, "FFC_sans_bias69": {"write": {"device_start": -1, "host_queued_start": 1585578218.40805, "device_queued": -1, "device_end": -1, "host_queued_end": 1585578218.410684}, "device": "gpu", "nd_range": {"device_start": 1585578153.2351851, "device_end": 1585578153.2353804}, "cmdq": 1, "read": {"device_start": -1, "device_end": -1}}, "FFC_sans_bias38": {"write": {"device_start": 1585578153.2335858, "host_queued_start": 1585578218.397975, "device_queued": 1585578153.2334378, "device_end": 1585578153.2335947, "host_queued_end": 1585578218.410684}, "device": "gpu", "nd_range": {"device_start": 1585578153.233596, "device_end": 1585578153.2337053}, "cmdq": 0, "read": {"device_start": -1, "device_end": -1}}, "coalesced_transpose57": {"write": {"device_start": -1, "host_queued_start": 1585578218.403689, "device_queued": -1, "device_end": -1, "host_queued_end": 1585578218.410684}, "device": "gpu", "nd_range": {"device_start": 1585578153.2343483, "device_end": 1585578153.2343538}, "cmdq": 1, "read": {"device_start": -1, "device_end": -1}}, "empty26": {"write": {"device_start": -1, "host_queued_start": 1585578218.412289, "device_queued": -1, "device_end": -1, "host_queued_end": 1585578218.422396}, "device": "cpu", "nd_range": {"device_start": 2245992.61239046, "device_end": 2245992.612394078}, "cmdq": 2, "read": {"device_start": -1, "device_end": -1}}, "coalesced_transpose12": {"write": {"device_start": -1, "host_queued_start": 1585578218.417896, "device_queued": -1, "device_end": -1, "host_queued_end": 1585578218.422396}, "device": "cpu", "nd_range": {"device_start": 2245992.616172226, "device_end": 2245992.6162414183}, "cmdq": 1, "read": {"device_start": -1, "device_end": -1}}, "empty44": {"write": {"device_start": 1585578153.2330904, "host_queued_start": 1585578218.39356, "device_queued": 1585578153.2330663, "device_end": 1585578153.2330987, "host_queued_end": 1585578218.410684}, "device": "gpu", "nd_range": {"device_start": 1585578153.2331002, "device_end": 1585578153.2331035}, "cmdq": 1, "read": {"device_start": -1, "device_end": -1}}, "coalesced_transpose21": {"write": {"device_start": -1, "host_queued_start": 1585578218.418212, "device_queued": -1, "device_end": -1, "host_queued_end": 1585578218.422396}, "device": "cpu", "nd_range": {"device_start": 2245992.616571424, "device_end": 2245992.6166235623}, "cmdq": 2, "read": {"device_start": -1, "device_end": -1}}, "FFC_sans_bias36": {"write": {"device_start": 1585578153.2334192, "host_queued_start": 1585578218.396826, "device_queued": 1585578153.2333446, "device_end": 1585578153.2334275, "host_queued_end": 1585578218.410684}, "device": "gpu", "nd_range": {"device_start": 1585578153.2334287, "device_end": 1585578153.2335827}, "cmdq": 0, "read": {"device_start": -1, "device_end": -1}}, "softmax14": {"write": {"device_start": -1, "host_queued_start": 1585578218.419714, "device_queued": -1, "device_end": -1, "host_queued_end": 1585578218.422396}, "device": "cpu", "nd_range": {"device_start": 2245992.618814554, "device_end": 2245992.619069539}, "cmdq": 3, "read": {"device_start": -1, "device_end": -1}}, "FFC_sans_bias13": {"write": {"device_start": -1, "host_queued_start": 1585578218.418888, "device_queued": -1, "device_end": -1, "host_queued_end": 1585578218.422396}, "device": "cpu", "nd_range": {"device_start": 2245992.6175469123, "device_end": 2245992.618660192}, "cmdq": 0, "read": {"device_start": -1, "device_end": -1}}, "empty8": {"write": {"device_start": -1, "host_queued_start": 1585578218.411361, "device_queued": -1, "device_end": -1, "host_queued_end": 1585578218.422396}, "device": "cpu", "nd_range": {"device_start": 2245992.611949412, "device_end": 2245992.61195911}, "cmdq": 0, "read": {"device_start": -1, "device_end": -1}}, "FFC_sans_bias42": {"write": {"device_start": -1, "host_queued_start": 1585578218.407184, "device_queued": -1, "device_end": -1, "host_queued_end": 1585578218.410684}, "device": "gpu", "nd_range": {"device_start": 1585578153.23486, "device_end": 1585578153.234967}, "cmdq": 0, "read": {"device_start": -1, "device_end": -1}}, "FFC_sans_bias43": {"write": {"device_start": 1585578153.2353835, "host_queued_start": 1585578218.409036, "device_queued": 1585578153.2344246, "device_end": 1585578153.235392, "host_queued_end": 1585578218.410684}, "device": "gpu", "nd_range": {"device_start": 1585578153.2353985, "device_end": 1585578153.2355053}, "cmdq": 1, "read": {"device_start": 1585578153.235509, "device_end": 1585578153.2355185}}, "FFC_sans_bias40": {"write": {"device_start": -1, "host_queued_start": 1585578218.404571, "device_queued": -1, "device_end": -1, "host_queued_end": 1585578218.410684}, "device": "gpu", "nd_range": {"device_start": 1585578153.2343512, "device_end": 1585578153.2344637}, "cmdq": 0, "read": {"device_start": -1, "device_end": -1}}, "softmax32": {"write": {"device_start": -1, "host_queued_start": 1585578218.405673, "device_queued": -1, "device_end": -1, "host_queued_end": 1585578218.410684}, "device": "gpu", "nd_range": {"device_start": 1585578153.234589, "device_end": 1585578153.2346678}, "cmdq": 0, "read": {"device_start": -1, "device_end": -1}}, "FFC_sans_bias47": {"write": {"device_start": 1585578153.2338006, "host_queued_start": 1585578218.399526, "device_queued": 1585578153.233656, "device_end": 1585578153.233809, "host_queued_end": 1585578218.410684}, "device": "gpu", "nd_range": {"device_start": 1585578153.2338102, "device_end": 1585578153.233919}, "cmdq": 1, "read": {"device_start": -1, "device_end": -1}}, "FFC_sans_bias45": {"write": {"device_start": 1585578153.2336385, "host_queued_start": 1585578218.398496, "device_queued": 1585578153.2335784, "device_end": 1585578153.233647, "host_queued_end": 1585578218.410684}, "device": "gpu", "nd_range": {"device_start": 1585578153.2336483, "device_end": 1585578153.2337961}, "cmdq": 1, "read": {"device_start": -1, "device_end": -1}}, "softmax50": {"write": {"device_start": -1, "host_queued_start": 1585578218.40612, "device_queued": -1, "device_end": -1, "host_queued_end": 1585578218.410684}, "device": "gpu", "nd_range": {"device_start": 1585578153.2346702, "device_end": 1585578153.2347798}, "cmdq": 0, "read": {"device_start": -1, "device_end": -1}}, "FFC_sans_bias33": {"write": {"device_start": -1, "host_queued_start": 1585578218.406888, "device_queued": -1, "device_end": -1, "host_queued_end": 1585578218.410684}, "device": "gpu", "nd_range": {"device_start": 1585578153.234963, "device_end": 1585578153.2350733}, "cmdq": 1, "read": {"device_start": -1, "device_end": -1}}, "FFC_sans_bias63": {"write": {"device_start": 1585578153.2342136, "host_queued_start": 1585578218.402504, "device_queued": 1585578153.2339861, "device_end": 1585578153.2342222, "host_queued_end": 1585578218.410684}, "device": "gpu", "nd_range": {"device_start": 1585578153.2342234, "device_end": 1585578153.234339}, "cmdq": 1, "read": {"device_start": -1, "device_end": -1}}, "FFC_sans_bias49": {"write": {"device_start": -1, "host_queued_start": 1585578218.404867, "device_queued": -1, "device_end": -1, "host_queued_end": 1585578218.410684}, "device": "gpu", "nd_range": {"device_start": 1585578153.2345483, "device_end": 1585578153.234662}, "cmdq": 1, "read": {"device_start": -1, "device_end": -1}}, "FFC_sans_bias64": {"write": {"device_start": 1585578153.2340832, "host_queued_start": 1585578218.401508, "device_queued": 1585578153.2338197, "device_end": 1585578153.2340918, "host_queued_end": 1585578218.410684}, "device": "gpu", "nd_range": {"device_start": 1585578153.234093, "device_end": 1585578153.2342114}, "cmdq": 1, "read": {"device_start": -1, "device_end": -1}}, "FFC_sans_bias65": {"write": {"device_start": 1585578153.2341218, "host_queued_start": 1585578218.40201, "device_queued": 1585578153.2338545, "device_end": 1585578153.2341306, "host_queued_end": 1585578218.410684}, "device": "gpu", "nd_range": {"device_start": 1585578153.2341316, "device_end": 1585578153.2343004}, "cmdq": 0, "read": {"device_start": -1, "device_end": -1}}, "FFC_sans_bias67": {"write": {"device_start": -1, "host_queued_start": 1585578218.405441, "device_queued": -1, "device_end": -1, "host_queued_end": 1585578218.410684}, "device": "gpu", "nd_range": {"device_start": 1585578153.234664, "device_end": 1585578153.2347746}, "cmdq": 1, "read": {"device_start": -1, "device_end": -1}}, "FFC_sans_bias24": {"write": {"device_start": -1, "host_queued_start": 1585578218.420922, "device_queued": -1, "device_end": -1, "host_queued_end": 1585578218.422396}, "device": "cpu", "nd_range": {"device_start": 2245992.6192103373, "device_end": 2245992.6206675773}, "cmdq": 3, "read": {"device_start": -1, "device_end": -1}}, "FFC_sans_bias25": {"write": {"device_start": -1, "host_queued_start": 1585578218.42235, "device_queued": -1, "device_end": -1, "host_queued_end": 1585578218.422396}, "device": "cpu", "nd_range": {"device_start": 2245992.621034338, "device_end": 2245992.6219974323}, "cmdq": 2, "read": {"device_start": -1, "device_end": -1}}, "FFC_sans_bias27": {"write": {"device_start": 1585578153.2332351, "host_queued_start": 1585578218.395325, "device_queued": 1585578153.233211, "device_end": 1585578153.2332437, "host_queued_end": 1585578218.410684}, "device": "gpu", "nd_range": {"device_start": 1585578153.2332451, "device_end": 1585578153.2333596}, "cmdq": 1, "read": {"device_start": -1, "device_end": -1}}, "FFC_sans_bias20": {"write": {"device_start": -1, "host_queued_start": 1585578218.417214, "device_queued": -1, "device_end": -1, "host_queued_end": 1585578218.422396}, "device": "cpu", "nd_range": {"device_start": 2245992.616028205, "device_end": 2245992.617248923}, "cmdq": 3, "read": {"device_start": -1, "device_end": -1}}, "FFC_sans_bias22": {"write": {"device_start": -1, "host_queued_start": 1585578218.419217, "device_queued": -1, "device_end": -1, "host_queued_end": 1585578218.422396}, "device": "cpu", "nd_range": {"device_start": 2245992.6167301293, "device_end": 2245992.6178194163}, "cmdq": 1, "read": {"device_start": -1, "device_end": -1}}, "softmax68": {"write": {"device_start": -1, "host_queued_start": 1585578218.406587, "device_queued": -1, "device_end": -1, "host_queued_end": 1585578218.410684}, "device": "gpu", "nd_range": {"device_start": 1585578153.234782, "device_end": 1585578153.2348576}, "cmdq": 0, "read": {"device_start": -1, "device_end": -1}}, "softmax5": {"write": {"device_start": -1, "host_queued_start": 1585578218.419476, "device_queued": -1, "device_end": -1, "host_queued_end": 1585578218.422396}, "device": "cpu", "nd_range": {"device_start": 2245992.6188101573, "device_end": 2245992.618840081}, "cmdq": 2, "read": {"device_start": -1, "device_end": -1}}, "FFC_sans_bias28": {"write": {"device_start": 1585578153.2332754, "host_queued_start": 1585578218.395828, "device_queued": 1585578153.233253, "device_end": 1585578153.2332842, "host_queued_end": 1585578218.410684}, "device": "gpu", "nd_range": {"device_start": 1585578153.2332873, "device_end": 1585578153.2334156}, "cmdq": 0, "read": {"device_start": -1, "device_end": -1}}, "FFC_sans_bias29": {"write": {"device_start": 1585578153.2333622, "host_queued_start": 1585578218.396331, "device_queued": 1585578153.2332923, "device_end": 1585578153.2333727, "host_queued_end": 1585578218.410684}, "device": "gpu", "nd_range": {"device_start": 1585578153.233374, "device_end": 1585578153.2334855}, "cmdq": 1, "read": {"device_start": -1, "device_end": -1}}, "empty17": {"write": {"device_start": -1, "host_queued_start": 1585578218.411858, "device_queued": -1, "device_end": -1, "host_queued_end": 1585578218.422396}, "device": "cpu", "nd_range": {"device_start": 2245992.6119493484, "device_end": 2245992.611959152}, "cmdq": 1, "read": {"device_start": -1, "device_end": -1}}, "softmax59": {"write": {"device_start": -1, "host_queued_start": 1585578218.406347, "device_queued": -1, "device_end": -1, "host_queued_end": 1585578218.410684}, "device": "gpu", "nd_range": {"device_start": 1585578153.2348537, "device_end": 1585578153.2349615}, "cmdq": 1, "read": {"device_start": -1, "device_end": -1}}, "empty71": {"write": {"device_start": 1585578153.2331996, "host_queued_start": 1585578218.394796, "device_queued": 1585578153.2331734, "device_end": 1585578153.2332084, "host_queued_end": 1585578218.410684}, "device": "gpu", "nd_range": {"device_start": 1585578153.2332096, "device_end": 1585578153.233213}, "cmdq": 0, "read": {"device_start": -1, "device_end": -1}}, "empty35": {"write": {"device_start": 1585578153.233024, "host_queued_start": 1585578218.392952, "device_queued": 1585578153.2329724, "device_end": 1585578153.2330325, "host_queued_end": 1585578218.410684}, "device": "gpu", "nd_range": {"device_start": 1585578153.233049, "device_end": 1585578153.2330613}, "cmdq": 0, "read": {"device_start": -1, "device_end": -1}}, "empty53": {"write": {"device_start": 1585578153.233125, "host_queued_start": 1585578218.393985, "device_queued": 1585578153.233103, "device_end": 1585578153.2331336, "host_queued_end": 1585578218.410684}, "device": "gpu", "nd_range": {"device_start": 1585578153.2331347, "device_end": 1585578153.2331383}, "cmdq": 0, "read": {"device_start": -1, "device_end": -1}}, "FFC_sans_bias46": {"write": {"device_start": 1585578153.2337089, "host_queued_start": 1585578218.399031, "device_queued": 1585578153.2336192, "device_end": 1585578153.2337177, "host_queued_end": 1585578218.410684}, "device": "gpu", "nd_range": {"device_start": 1585578153.2337186, "device_end": 1585578153.2338543}, "cmdq": 0, "read": {"device_start": -1, "device_end": -1}}, "coalesced_transpose66": {"write": {"device_start": -1, "host_queued_start": 1585578218.403968, "device_queued": -1, "device_end": -1, "host_queued_end": 1585578218.410684}, "device": "gpu", "nd_range": {"device_start": 1585578153.2343178, "device_end": 1585578153.2343252}, "cmdq": 0, "read": {"device_start": -1, "device_end": -1}}, "coalesced_transpose48": {"write": {"device_start": -1, "host_queued_start": 1585578218.403407, "device_queued": -1, "device_end": -1, "host_queued_end": 1585578218.410684}, "device": "gpu", "nd_range": {"device_start": 1585578153.2343104, "device_end": 1585578153.2343163}, "cmdq": 0, "read": {"device_start": -1, "device_end": -1}}}