{"FFC_sans_bias60": {"write": {"device_start": -1, "host_queued_start": 1585578129.918087, "device_queued": -1, "device_end": -1, "host_queued_end": 1585578129.919468}, "device": "gpu", "nd_range": {"device_start": 1585578064.745656, "device_end": 1585578064.7457623}, "cmdq": 0, "read": {"device_start": -1, "device_end": -1}}, "FFC_sans_bias4": {"write": {"device_start": -1, "host_queued_start": 1585578129.933473, "device_queued": -1, "device_end": -1, "host_queued_end": 1585578129.941251}, "device": "cpu", "nd_range": {"device_start": 2245904.142069937, "device_end": 2245904.1435164823}, "cmdq": 0, "read": {"device_start": -1, "device_end": -1}}, "FFC_sans_bias7": {"write": {"device_start": -1, "host_queued_start": 1585578129.938977, "device_queued": -1, "device_end": -1, "host_queued_end": 1585578129.941251}, "device": "cpu", "nd_range": {"device_start": 2245904.147149432, "device_end": 2245904.149098325}, "cmdq": 3, "read": {"device_start": -1, "device_end": -1}}, "FFC_sans_bias6": {"write": {"device_start": -1, "host_queued_start": 1585578129.936887, "device_queued": -1, "device_end": -1, "host_queued_end": 1585578129.941251}, "device": "cpu", "nd_range": {"device_start": 2245904.1437645173, "device_end": 2245904.1448579063}, "cmdq": 2, "read": {"device_start": -1, "device_end": -1}}, "FFC_sans_bias1": {"write": {"device_start": -1, "host_queued_start": 1585578129.923232, "device_queued": -1, "device_end": -1, "host_queued_end": 1585578129.941251}, "device": "cpu", "nd_range": {"device_start": 2245904.130898384, "device_end": 2245904.133072366}, "cmdq": 2, "read": {"device_start": -1, "device_end": -1}}, "FFC_sans_bias0": {"write": {"device_start": -1, "host_queued_start": 1585578129.922733, "device_queued": -1, "device_end": -1, "host_queued_end": 1585578129.941251}, "device": "cpu", "nd_range": {"device_start": 2245904.13089571, "device_end": 2245904.1328869173}, "cmdq": 1, "read": {"device_start": -1, "device_end": -1}}, "FFC_sans_bias2": {"write": {"device_start": -1, "host_queued_start": 1585578129.923742, "device_queued": -1, "device_end": -1, "host_queued_end": 1585578129.941251}, "device": "cpu", "nd_range": {"device_start": 2245904.1309119463, "device_end": 2245904.132972244}, "cmdq": 3, "read": {"device_start": -1, "device_end": -1}}, "FFC_sans_bias61": {"write": {"device_start": 1585578064.7458704, "host_queued_start": 1585578129.918869, "device_queued": 1585578064.7449653, "device_end": 1585578064.7458792, "host_queued_end": 1585578129.919468}, "device": "gpu", "nd_range": {"device_start": 1585578064.7458801, "device_end": 1585578064.7459865}, "cmdq": 0, "read": {"device_start": 1585578064.745991, "device_end": 1585578064.7459984}}, "FFC_sans_bias52": {"write": {"device_start": -1, "host_queued_start": 1585578129.941208, "device_queued": -1, "device_end": -1, "host_queued_end": 1585578129.941251}, "device": "cpu", "nd_range": {"device_start": 2245904.149104081, "device_end": 2245904.150915917}, "cmdq": 3, "read": {"device_start": -1, "device_end": -1}}, "FFC_sans_bias9": {"write": {"device_start": -1, "host_queued_start": 1585578129.924245, "device_queued": -1, "device_end": -1, "host_queued_end": 1585578129.941251}, "device": "cpu", "nd_range": {"device_start": 2245904.1378963753, "device_end": 2245904.139579217}, "cmdq": 4, "read": {"device_start": -1, "device_end": -1}}, "coalesced_transpose39": {"write": {"device_start": -1, "host_queued_start": 1585578129.932805, "device_queued": -1, "device_end": -1, "host_queued_end": 1585578129.941251}, "device": "cpu", "nd_range": {"device_start": 2245904.142018326, "device_end": 2245904.1420715284}, "cmdq": 3, "read": {"device_start": -1, "device_end": -1}}, "FFC_sans_bias55": {"write": {"device_start": 1585578064.7448094, "host_queued_start": 1585578129.914553, "device_queued": 1585578064.744617, "device_end": 1585578064.744818, "host_queued_end": 1585578129.919468}, "device": "gpu", "nd_range": {"device_start": 1585578064.744819, "device_end": 1585578064.7449253}, "cmdq": 0, "read": {"device_start": -1, "device_end": -1}}, "FFC_sans_bias54": {"write": {"device_start": 1585578064.744683, "host_queued_start": 1585578129.914073, "device_queued": 1585578064.7445834, "device_end": 1585578064.7447004, "host_queued_end": 1585578129.919468}, "device": "gpu", "nd_range": {"device_start": 1585578064.7447019, "device_end": 1585578064.7448082}, "cmdq": 0, "read": {"device_start": -1, "device_end": -1}}, "FFC_sans_bias56": {"write": {"device_start": 1585578064.7445655, "host_queued_start": 1585578129.913572, "device_queued": 1585578064.7445445, "device_end": 1585578064.7445743, "host_queued_end": 1585578129.919468}, "device": "gpu", "nd_range": {"device_start": 1585578064.7445753, "device_end": 1585578064.7446818}, "cmdq": 0, "read": {"device_start": -1, "device_end": -1}}, "FFC_sans_bias51": {"write": {"device_start": -1, "host_queued_start": 1585578129.938471, "device_queued": -1, "device_end": -1, "host_queued_end": 1585578129.941251}, "device": "cpu", "nd_range": {"device_start": 2245904.146549167, "device_end": 2245904.14847511}, "cmdq": 2, "read": {"device_start": -1, "device_end": -1}}, "softmax23": {"write": {"device_start": -1, "host_queued_start": 1585578129.935788, "device_queued": -1, "device_end": -1, "host_queued_end": 1585578129.941251}, "device": "cpu", "nd_range": {"device_start": 2245904.143701652, "device_end": 2245904.143748653}, "cmdq": 3, "read": {"device_start": -1, "device_end": -1}}, "FFC_sans_bias37": {"write": {"device_start": -1, "host_queued_start": 1585578129.92929, "device_queued": -1, "device_end": -1, "host_queued_end": 1585578129.941251}, "device": "cpu", "nd_range": {"device_start": 2245904.1411588863, "device_end": 2245904.141973753}, "cmdq": 4, "read": {"device_start": -1, "device_end": -1}}, "empty62": {"write": {"device_start": 1585578064.744466, "host_queued_start": 1585578129.912445, "device_queued": 1585578064.7444396, "device_end": 1585578064.7444746, "host_queued_end": 1585578129.919468}, "device": "gpu", "nd_range": {"device_start": 1585578064.744478, "device_end": 1585578064.7445073}, "cmdq": 0, "read": {"device_start": -1, "device_end": -1}}, "FFC_sans_bias70": {"write": {"device_start": 1585578064.7460895, "host_queued_start": 1585578129.919371, "device_queued": 1585578064.7450216, "device_end": 1585578064.7460983, "host_queued_end": 1585578129.919468}, "device": "gpu", "nd_range": {"device_start": 1585578064.7460992, "device_end": 1585578064.7462037}, "cmdq": 0, "read": {"device_start": 1585578064.74621, "device_end": 1585578064.746217}}, "FFC_sans_bias58": {"write": {"device_start": -1, "host_queued_start": 1585578129.917034, "device_queued": -1, "device_end": -1, "host_queued_end": 1585578129.919468}, "device": "gpu", "nd_range": {"device_start": 1585578064.7452984, "device_end": 1585578064.7454047}, "cmdq": 0, "read": {"device_start": -1, "device_end": -1}}, "softmax41": {"write": {"device_start": -1, "host_queued_start": 1585578129.93627, "device_queued": -1, "device_end": -1, "host_queued_end": 1585578129.941251}, "device": "cpu", "nd_range": {"device_start": 2245904.1464782883, "device_end": 2245904.1472091894}, "cmdq": 0, "read": {"device_start": -1, "device_end": -1}}, "FFC_sans_bias11": {"write": {"device_start": -1, "host_queued_start": 1585578129.925247, "device_queued": -1, "device_end": -1, "host_queued_end": 1585578129.941251}, "device": "cpu", "nd_range": {"device_start": 2245904.132893768, "device_end": 2245904.13480479}, "cmdq": 1, "read": {"device_start": -1, "device_end": -1}}, "FFC_sans_bias10": {"write": {"device_start": -1, "host_queued_start": 1585578129.924742, "device_queued": -1, "device_end": -1, "host_queued_end": 1585578129.941251}, "device": "cpu", "nd_range": {"device_start": 2245904.1312376503, "device_end": 2245904.1331772893}, "cmdq": 0, "read": {"device_start": -1, "device_end": -1}}, "coalesced_transpose3": {"write": {"device_start": -1, "host_queued_start": 1585578129.931623, "device_queued": -1, "device_end": -1, "host_queued_end": 1585578129.941251}, "device": "cpu", "nd_range": {"device_start": 2245904.141995362, "device_end": 2245904.1420459594}, "cmdq": 4, "read": {"device_start": -1, "device_end": -1}}, "FFC_sans_bias34": {"write": {"device_start": -1, "host_queued_start": 1585578129.940317, "device_queued": -1, "device_end": -1, "host_queued_end": 1585578129.941251}, "device": "cpu", "nd_range": {"device_start": 2245904.151107634, "device_end": 2245904.152362858}, "cmdq": 1, "read": {"device_start": -1, "device_end": -1}}, "FFC_sans_bias15": {"write": {"device_start": -1, "host_queued_start": 1585578129.937196, "device_queued": -1, "device_end": -1, "host_queued_end": 1585578129.941251}, "device": "cpu", "nd_range": {"device_start": 2245904.1439324883, "device_end": 2245904.146005933}, "cmdq": 3, "read": {"device_start": -1, "device_end": -1}}, "FFC_sans_bias31": {"write": {"device_start": -1, "host_queued_start": 1585578129.934414, "device_queued": -1, "device_end": -1, "host_queued_end": 1585578129.941251}, "device": "cpu", "nd_range": {"device_start": 2245904.142235692, "device_end": 2245904.143494604}, "cmdq": 3, "read": {"device_start": -1, "device_end": -1}}, "FFC_sans_bias16": {"write": {"device_start": -1, "host_queued_start": 1585578129.939425, "device_queued": -1, "device_end": -1, "host_queued_end": 1585578129.941251}, "device": "cpu", "nd_range": {"device_start": 2245904.1484803283, "device_end": 2245904.150421087}, "cmdq": 4, "read": {"device_start": -1, "device_end": -1}}, "FFC_sans_bias19": {"write": {"device_start": -1, "host_queued_start": 1585578129.926243, "device_queued": -1, "device_end": -1, "host_queued_end": 1585578129.941251}, "device": "cpu", "nd_range": {"device_start": 2245904.132980509, "device_end": 2245904.134900468}, "cmdq": 3, "read": {"device_start": -1, "device_end": -1}}, "FFC_sans_bias18": {"write": {"device_start": -1, "host_queued_start": 1585578129.925745, "device_queued": -1, "device_end": -1, "host_queued_end": 1585578129.941251}, "device": "cpu", "nd_range": {"device_start": 2245904.1331845443, "device_end": 2245904.1361379833}, "cmdq": 2, "read": {"device_start": -1, "device_end": -1}}, "coalesced_transpose30": {"write": {"device_start": -1, "host_queued_start": 1585578129.932521, "device_queued": -1, "device_end": -1, "host_queued_end": 1585578129.941251}, "device": "cpu", "nd_range": {"device_start": 2245904.1399871, "device_end": 2245904.140046187}, "cmdq": 2, "read": {"device_start": -1, "device_end": -1}}, "FFC_sans_bias69": {"write": {"device_start": -1, "host_queued_start": 1585578129.918378, "device_queued": -1, "device_end": -1, "host_queued_end": 1585578129.919468}, "device": "gpu", "nd_range": {"device_start": 1585578064.7457635, "device_end": 1585578064.7458694}, "cmdq": 0, "read": {"device_start": -1, "device_end": -1}}, "FFC_sans_bias38": {"write": {"device_start": -1, "host_queued_start": 1585578129.929791, "device_queued": -1, "device_end": -1, "host_queued_end": 1585578129.941251}, "device": "cpu", "nd_range": {"device_start": 2245904.1352346963, "device_end": 2245904.137605683}, "cmdq": 0, "read": {"device_start": -1, "device_end": -1}}, "coalesced_transpose57": {"write": {"device_start": -1, "host_queued_start": 1585578129.916372, "device_queued": -1, "device_end": -1, "host_queued_end": 1585578129.919468}, "device": "gpu", "nd_range": {"device_start": 1585578064.7452867, "device_end": 1585578064.7452917}, "cmdq": 0, "read": {"device_start": -1, "device_end": -1}}, "empty26": {"write": {"device_start": -1, "host_queued_start": 1585578129.920936, "device_queued": -1, "device_end": -1, "host_queued_end": 1585578129.941251}, "device": "cpu", "nd_range": {"device_start": 2245904.130848409, "device_end": 2245904.1308539733}, "cmdq": 2, "read": {"device_start": -1, "device_end": -1}}, "coalesced_transpose12": {"write": {"device_start": -1, "host_queued_start": 1585578129.931915, "device_queued": -1, "device_end": -1, "host_queued_end": 1585578129.941251}, "device": "cpu", "nd_range": {"device_start": 2245904.1377157182, "device_end": 2245904.1377869532}, "cmdq": 0, "read": {"device_start": -1, "device_end": -1}}, "empty44": {"write": {"device_start": -1, "host_queued_start": 1585578129.921808, "device_queued": -1, "device_end": -1, "host_queued_end": 1585578129.941251}, "device": "cpu", "nd_range": {"device_start": 2245904.130881748, "device_end": 2245904.130882563}, "cmdq": 4, "read": {"device_start": -1, "device_end": -1}}, "coalesced_transpose21": {"write": {"device_start": -1, "host_queued_start": 1585578129.93222, "device_queued": -1, "device_end": -1, "host_queued_end": 1585578129.941251}, "device": "cpu", "nd_range": {"device_start": 2245904.1396461544, "device_end": 2245904.1396761523}, "cmdq": 1, "read": {"device_start": -1, "device_end": -1}}, "FFC_sans_bias36": {"write": {"device_start": -1, "host_queued_start": 1585578129.928792, "device_queued": -1, "device_end": -1, "host_queued_end": 1585578129.941251}, "device": "cpu", "nd_range": {"device_start": 2245904.134949046, "device_end": 2245904.136899581}, "cmdq": 3, "read": {"device_start": -1, "device_end": -1}}, "softmax14": {"write": {"device_start": -1, "host_queued_start": 1585578129.935538, "device_queued": -1, "device_end": -1, "host_queued_end": 1585578129.941251}, "device": "cpu", "nd_range": {"device_start": 2245904.1415819903, "device_end": 2245904.141653546}, "cmdq": 2, "read": {"device_start": -1, "device_end": -1}}, "FFC_sans_bias13": {"write": {"device_start": -1, "host_queued_start": 1585578129.933778, "device_queued": -1, "device_end": -1, "host_queued_end": 1585578129.941251}, "device": "cpu", "nd_range": {"device_start": 2245904.1396863023, "device_end": 2245904.141132752}, "cmdq": 1, "read": {"device_start": -1, "device_end": -1}}, "empty8": {"write": {"device_start": -1, "host_queued_start": 1585578129.920046, "device_queued": -1, "device_end": -1, "host_queued_end": 1585578129.941251}, "device": "cpu", "nd_range": {"device_start": 2245904.1308407923, "device_end": 2245904.1308526513}, "cmdq": 0, "read": {"device_start": -1, "device_end": -1}}, "FFC_sans_bias42": {"write": {"device_start": -1, "host_queued_start": 1585578129.938153, "device_queued": -1, "device_end": -1, "host_queued_end": 1585578129.941251}, "device": "cpu", "nd_range": {"device_start": 2245904.14917207, "device_end": 2245904.150988691}, "cmdq": 1, "read": {"device_start": -1, "device_end": -1}}, "FFC_sans_bias43": {"write": {"device_start": -1, "host_queued_start": 1585578129.940764, "device_queued": -1, "device_end": -1, "host_queued_end": 1585578129.941251}, "device": "cpu", "nd_range": {"device_start": 2245904.15126592, "device_end": 2245904.1519872993}, "cmdq": 2, "read": {"device_start": -1, "device_end": -1}}, "FFC_sans_bias40": {"write": {"device_start": -1, "host_queued_start": 1585578129.934727, "device_queued": -1, "device_end": -1, "host_queued_end": 1585578129.941251}, "device": "cpu", "nd_range": {"device_start": 2245904.142418518, "device_end": 2245904.1449729623}, "cmdq": 4, "read": {"device_start": -1, "device_end": -1}}, "softmax32": {"write": {"device_start": -1, "host_queued_start": 1585578129.936035, "device_queued": -1, "device_end": -1, "host_queued_end": 1585578129.941251}, "device": "cpu", "nd_range": {"device_start": 2245904.1450847914, "device_end": 2245904.1451315223}, "cmdq": 4, "read": {"device_start": -1, "device_end": -1}}, "FFC_sans_bias47": {"write": {"device_start": -1, "host_queued_start": 1585578129.931318, "device_queued": -1, "device_end": -1, "host_queued_end": 1585578129.941251}, "device": "cpu", "nd_range": {"device_start": 2245904.1370133283, "device_end": 2245904.1389401373}, "cmdq": 3, "read": {"device_start": -1, "device_end": -1}}, "FFC_sans_bias45": {"write": {"device_start": -1, "host_queued_start": 1585578129.930287, "device_queued": -1, "device_end": -1, "host_queued_end": 1585578129.941251}, "device": "cpu", "nd_range": {"device_start": 2245904.13759566, "device_end": 2245904.1395258363}, "cmdq": 1, "read": {"device_start": -1, "device_end": -1}}, "softmax50": {"write": {"device_start": -1, "host_queued_start": 1585578129.936539, "device_queued": -1, "device_end": -1, "host_queued_end": 1585578129.941251}, "device": "cpu", "nd_range": {"device_start": 2245904.1464929543, "device_end": 2245904.146540639}, "cmdq": 1, "read": {"device_start": -1, "device_end": -1}}, "FFC_sans_bias33": {"write": {"device_start": -1, "host_queued_start": 1585578129.937848, "device_queued": -1, "device_end": -1, "host_queued_end": 1585578129.941251}, "device": "cpu", "nd_range": {"device_start": 2245904.147223439, "device_end": 2245904.149264594}, "cmdq": 0, "read": {"device_start": -1, "device_end": -1}}, "FFC_sans_bias63": {"write": {"device_start": 1585578064.7451656, "host_queued_start": 1585578129.916074, "device_queued": 1585578064.7447314, "device_end": 1585578064.7451782, "host_queued_end": 1585578129.919468}, "device": "gpu", "nd_range": {"device_start": 1585578064.7451792, "device_end": 1585578064.7452857}, "cmdq": 0, "read": {"device_start": -1, "device_end": -1}}, "FFC_sans_bias49": {"write": {"device_start": -1, "host_queued_start": 1585578129.935047, "device_queued": -1, "device_end": -1, "host_queued_end": 1585578129.941251}, "device": "cpu", "nd_range": {"device_start": 2245904.1435308224, "device_end": 2245904.145226546}, "cmdq": 0, "read": {"device_start": -1, "device_end": -1}}, "FFC_sans_bias64": {"write": {"device_start": 1585578064.7449265, "host_queued_start": 1585578129.915096, "device_queued": 1585578064.7446485, "device_end": 1585578064.744935, "host_queued_end": 1585578129.919468}, "device": "gpu", "nd_range": {"device_start": 1585578064.7449362, "device_end": 1585578064.7450426}, "cmdq": 0, "read": {"device_start": -1, "device_end": -1}}, "FFC_sans_bias65": {"write": {"device_start": 1585578064.7450438, "host_queued_start": 1585578129.915587, "device_queued": 1585578064.7446795, "device_end": 1585578064.745057, "host_queued_end": 1585578129.919468}, "device": "gpu", "nd_range": {"device_start": 1585578064.745058, "device_end": 1585578064.7451646}, "cmdq": 0, "read": {"device_start": -1, "device_end": -1}}, "FFC_sans_bias67": {"write": {"device_start": -1, "host_queued_start": 1585578129.917348, "device_queued": -1, "device_end": -1, "host_queued_end": 1585578129.919468}, "device": "gpu", "nd_range": {"device_start": 1585578064.7454062, "device_end": 1585578064.7455115}, "cmdq": 0, "read": {"device_start": -1, "device_end": -1}}, "FFC_sans_bias24": {"write": {"device_start": -1, "host_queued_start": 1585578129.937516, "device_queued": -1, "device_end": -1, "host_queued_end": 1585578129.941251}, "device": "cpu", "nd_range": {"device_start": 2245904.1452357383, "device_end": 2245904.146079768}, "cmdq": 4, "read": {"device_start": -1, "device_end": -1}}, "FFC_sans_bias25": {"write": {"device_start": -1, "host_queued_start": 1585578129.939873, "device_queued": -1, "device_end": -1, "host_queued_end": 1585578129.941251}, "device": "cpu", "nd_range": {"device_start": 2245904.150745836, "device_end": 2245904.152199828}, "cmdq": 0, "read": {"device_start": -1, "device_end": -1}}, "FFC_sans_bias27": {"write": {"device_start": -1, "host_queued_start": 1585578129.927289, "device_queued": -1, "device_end": -1, "host_queued_end": 1585578129.941251}, "device": "cpu", "nd_range": {"device_start": 2245904.133294552, "device_end": 2245904.135219676}, "cmdq": 0, "read": {"device_start": -1, "device_end": -1}}, "FFC_sans_bias20": {"write": {"device_start": -1, "host_queued_start": 1585578129.92679, "device_queued": -1, "device_end": -1, "host_queued_end": 1585578129.941251}, "device": "cpu", "nd_range": {"device_start": 2245904.139595815, "device_end": 2245904.141049973}, "cmdq": 4, "read": {"device_start": -1, "device_end": -1}}, "FFC_sans_bias22": {"write": {"device_start": -1, "host_queued_start": 1585578129.934093, "device_queued": -1, "device_end": -1, "host_queued_end": 1585578129.941251}, "device": "cpu", "nd_range": {"device_start": 2245904.140147779, "device_end": 2245904.14147025}, "cmdq": 2, "read": {"device_start": -1, "device_end": -1}}, "softmax68": {"write": {"device_start": -1, "host_queued_start": 1585578129.917797, "device_queued": -1, "device_end": -1, "host_queued_end": 1585578129.919468}, "device": "gpu", "nd_range": {"device_start": 1585578064.7455857, "device_end": 1585578064.7456548}, "cmdq": 0, "read": {"device_start": -1, "device_end": -1}}, "softmax5": {"write": {"device_start": -1, "host_queued_start": 1585578129.935303, "device_queued": -1, "device_end": -1, "host_queued_end": 1585578129.941251}, "device": "cpu", "nd_range": {"device_start": 2245904.14367326, "device_end": 2245904.143721747}, "cmdq": 1, "read": {"device_start": -1, "device_end": -1}}, "FFC_sans_bias28": {"write": {"device_start": -1, "host_queued_start": 1585578129.927789, "device_queued": -1, "device_end": -1, "host_queued_end": 1585578129.941251}, "device": "cpu", "nd_range": {"device_start": 2245904.1353130313, "device_end": 2245904.1374816}, "cmdq": 1, "read": {"device_start": -1, "device_end": -1}}, "FFC_sans_bias29": {"write": {"device_start": -1, "host_queued_start": 1585578129.928293, "device_queued": -1, "device_end": -1, "host_queued_end": 1585578129.941251}, "device": "cpu", "nd_range": {"device_start": 2245904.136255001, "device_end": 2245904.1381847262}, "cmdq": 2, "read": {"device_start": -1, "device_end": -1}}, "empty17": {"write": {"device_start": -1, "host_queued_start": 1585578129.920514, "device_queued": -1, "device_end": -1, "host_queued_end": 1585578129.941251}, "device": "cpu", "nd_range": {"device_start": 2245904.130887166, "device_end": 2245904.1308877813}, "cmdq": 1, "read": {"device_start": -1, "device_end": -1}}, "softmax59": {"write": {"device_start": -1, "host_queued_start": 1585578129.917591, "device_queued": -1, "device_end": -1, "host_queued_end": 1585578129.919468}, "device": "gpu", "nd_range": {"device_start": 1585578064.7455127, "device_end": 1585578064.7455847}, "cmdq": 0, "read": {"device_start": -1, "device_end": -1}}, "empty71": {"write": {"device_start": 1585578064.744532, "host_queued_start": 1585578129.913047, "device_queued": 1585578064.7445138, "device_end": 1585578064.7445407, "host_queued_end": 1585578129.919468}, "device": "gpu", "nd_range": {"device_start": 1585578064.744542, "device_end": 1585578064.7445452}, "cmdq": 0, "read": {"device_start": -1, "device_end": -1}}, "empty35": {"write": {"device_start": -1, "host_queued_start": 1585578129.921329, "device_queued": -1, "device_end": -1, "host_queued_end": 1585578129.941251}, "device": "cpu", "nd_range": {"device_start": 2245904.130891678, "device_end": 2245904.130896031}, "cmdq": 3, "read": {"device_start": -1, "device_end": -1}}, "empty53": {"write": {"device_start": -1, "host_queued_start": 1585578129.922204, "device_queued": -1, "device_end": -1, "host_queued_end": 1585578129.941251}, "device": "cpu", "nd_range": {"device_start": 2245904.130874184, "device_end": 2245904.130875218}, "cmdq": 0, "read": {"device_start": -1, "device_end": -1}}, "FFC_sans_bias46": {"write": {"device_start": -1, "host_queued_start": 1585578129.930816, "device_queued": -1, "device_end": -1, "host_queued_end": 1585578129.941251}, "device": "cpu", "nd_range": {"device_start": 2245904.138294259, "device_end": 2245904.139877966}, "cmdq": 2, "read": {"device_start": -1, "device_end": -1}}, "coalesced_transpose66": {"write": {"device_start": -1, "host_queued_start": 1585578129.916642, "device_queued": -1, "device_end": -1, "host_queued_end": 1585578129.919468}, "device": "gpu", "nd_range": {"device_start": 1585578064.745293, "device_end": 1585578064.7452972}, "cmdq": 0, "read": {"device_start": -1, "device_end": -1}}, "coalesced_transpose48": {"write": {"device_start": -1, "host_queued_start": 1585578129.933153, "device_queued": -1, "device_end": -1, "host_queued_end": 1585578129.941251}, "device": "cpu", "nd_range": {"device_start": 2245904.142058776, "device_end": 2245904.14228608}, "cmdq": 4, "read": {"device_start": -1, "device_end": -1}}}