{"FFC_sans_bias60": {"write": {"device_start": -1, "host_queued_start": 1585578175.549036, "device_queued": -1, "device_end": -1, "host_queued_end": 1585578175.550913}, "device": "gpu", "nd_range": {"device_start": 1585578110.3757105, "device_end": 1585578110.3758218}, "cmdq": 0, "read": {"device_start": -1, "device_end": -1}}, "FFC_sans_bias4": {"write": {"device_start": -1, "host_queued_start": 1585578175.562794, "device_queued": -1, "device_end": -1, "host_queued_end": 1585578175.569365}, "device": "cpu", "nd_range": {"device_start": 2245949.767148964, "device_end": 2245949.768137035}, "cmdq": 1, "read": {"device_start": -1, "device_end": -1}}, "FFC_sans_bias7": {"write": {"device_start": -1, "host_queued_start": 1585578175.567493, "device_queued": -1, "device_end": -1, "host_queued_end": 1585578175.569365}, "device": "cpu", "nd_range": {"device_start": 2245949.7726353593, "device_end": 2245949.773601716}, "cmdq": 0, "read": {"device_start": -1, "device_end": -1}}, "FFC_sans_bias6": {"write": {"device_start": -1, "host_queued_start": 1585578175.565648, "device_queued": -1, "device_end": -1, "host_queued_end": 1585578175.569365}, "device": "cpu", "nd_range": {"device_start": 2245949.7702801772, "device_end": 2245949.7710984773}, "cmdq": 1, "read": {"device_start": -1, "device_end": -1}}, "FFC_sans_bias1": {"write": {"device_start": -1, "host_queued_start": 1585578175.554281, "device_queued": -1, "device_end": -1, "host_queued_end": 1585578175.569365}, "device": "cpu", "nd_range": {"device_start": 2245949.7589889853, "device_end": 2245949.760110191}, "cmdq": 0, "read": {"device_start": -1, "device_end": -1}}, "FFC_sans_bias0": {"write": {"device_start": -1, "host_queued_start": 1585578175.553783, "device_queued": -1, "device_end": -1, "host_queued_end": 1585578175.569365}, "device": "cpu", "nd_range": {"device_start": 2245949.758982054, "device_end": 2245949.760364218}, "cmdq": 1, "read": {"device_start": -1, "device_end": -1}}, "FFC_sans_bias2": {"write": {"device_start": -1, "host_queued_start": 1585578175.55483, "device_queued": -1, "device_end": -1, "host_queued_end": 1585578175.569365}, "device": "cpu", "nd_range": {"device_start": 2245949.7604881003, "device_end": 2245949.761572786}, "cmdq": 1, "read": {"device_start": -1, "device_end": -1}}, "FFC_sans_bias61": {"write": {"device_start": 1585578110.3758924, "host_queued_start": 1585578175.550288, "device_queued": 1585578110.375419, "device_end": 1585578110.375901, "host_queued_end": 1585578175.550913}, "device": "gpu", "nd_range": {"device_start": 1585578110.375902, "device_end": 1585578110.3760285}, "cmdq": 1, "read": {"device_start": 1585578110.3760388, "device_end": 1585578110.376057}}, "FFC_sans_bias52": {"write": {"device_start": 1585578110.375823, "host_queued_start": 1585578175.549787, "device_queued": 1585578110.3753903, "device_end": 1585578110.3758316, "host_queued_end": 1585578175.550913}, "device": "gpu", "nd_range": {"device_start": 1585578110.3758326, "device_end": 1585578110.3759491}, "cmdq": 0, "read": {"device_start": 1585578110.3759534, "device_end": 1585578110.375964}}, "FFC_sans_bias9": {"write": {"device_start": -1, "host_queued_start": 1585578175.555329, "device_queued": -1, "device_end": -1, "host_queued_end": 1585578175.569365}, "device": "cpu", "nd_range": {"device_start": 2245949.760116424, "device_end": 2245949.760841521}, "cmdq": 0, "read": {"device_start": -1, "device_end": -1}}, "coalesced_transpose39": {"write": {"device_start": -1, "host_queued_start": 1585578175.562476, "device_queued": -1, "device_end": -1, "host_queued_end": 1585578175.569365}, "device": "cpu", "nd_range": {"device_start": 2245949.7672231183, "device_end": 2245949.76728677}, "cmdq": 0, "read": {"device_start": -1, "device_end": -1}}, "FFC_sans_bias55": {"write": {"device_start": 1585578110.3750086, "host_queued_start": 1585578175.544405, "device_queued": 1585578110.3748484, "device_end": 1585578110.3750174, "host_queued_end": 1585578175.550913}, "device": "gpu", "nd_range": {"device_start": 1585578110.3750184, "device_end": 1585578110.3751252}, "cmdq": 0, "read": {"device_start": -1, "device_end": -1}}, "FFC_sans_bias54": {"write": {"device_start": 1585578110.3749175, "host_queued_start": 1585578175.543923, "device_queued": 1585578110.374801, "device_end": 1585578110.374926, "host_queued_end": 1585578175.550913}, "device": "gpu", "nd_range": {"device_start": 1585578110.3749273, "device_end": 1585578110.3750792}, "cmdq": 1, "read": {"device_start": -1, "device_end": -1}}, "FFC_sans_bias56": {"write": {"device_start": 1585578110.3748577, "host_queued_start": 1585578175.543444, "device_queued": 1585578110.374768, "device_end": 1585578110.37487, "host_queued_end": 1585578175.550913}, "device": "gpu", "nd_range": {"device_start": 1585578110.3748715, "device_end": 1585578110.3750067}, "cmdq": 0, "read": {"device_start": -1, "device_end": -1}}, "FFC_sans_bias51": {"write": {"device_start": -1, "host_queued_start": 1585578175.548743, "device_queued": -1, "device_end": -1, "host_queued_end": 1585578175.550913}, "device": "gpu", "nd_range": {"device_start": 1585578110.375634, "device_end": 1585578110.3757408}, "cmdq": 1, "read": {"device_start": -1, "device_end": -1}}, "softmax23": {"write": {"device_start": -1, "host_queued_start": 1585578175.564816, "device_queued": -1, "device_end": -1, "host_queued_end": 1585578175.569365}, "device": "cpu", "nd_range": {"device_start": 2245949.769718092, "device_end": 2245949.769762969}, "cmdq": 0, "read": {"device_start": -1, "device_end": -1}}, "FFC_sans_bias37": {"write": {"device_start": -1, "host_queued_start": 1585578175.560394, "device_queued": -1, "device_end": -1, "host_queued_end": 1585578175.569365}, "device": "cpu", "nd_range": {"device_start": 2245949.766150027, "device_end": 2245949.767045197}, "cmdq": 0, "read": {"device_start": -1, "device_end": -1}}, "empty62": {"write": {"device_start": 1585578110.374603, "host_queued_start": 1585578175.541016, "device_queued": 1585578110.3745782, "device_end": 1585578110.3746116, "host_queued_end": 1585578175.550913}, "device": "gpu", "nd_range": {"device_start": 1585578110.3746128, "device_end": 1585578110.3746161}, "cmdq": 1, "read": {"device_start": -1, "device_end": -1}}, "FFC_sans_bias70": {"write": {"device_start": 1585578110.376077, "host_queued_start": 1585578175.550814, "device_queued": 1585578110.3754911, "device_end": 1585578110.3760853, "host_queued_end": 1585578175.550913}, "device": "gpu", "nd_range": {"device_start": 1585578110.3760867, "device_end": 1585578110.376193}, "cmdq": 0, "read": {"device_start": 1585578110.3761954, "device_end": 1585578110.376202}}, "FFC_sans_bias58": {"write": {"device_start": -1, "host_queued_start": 1585578175.547482, "device_queued": -1, "device_end": -1, "host_queued_end": 1585578175.550913}, "device": "gpu", "nd_range": {"device_start": 1585578110.3753297, "device_end": 1585578110.3755224}, "cmdq": 0, "read": {"device_start": -1, "device_end": -1}}, "softmax41": {"write": {"device_start": -1, "host_queued_start": 1585578175.565309, "device_queued": -1, "device_end": -1, "host_queued_end": 1585578175.569365}, "device": "cpu", "nd_range": {"device_start": 2245949.770178367, "device_end": 2245949.770229551}, "cmdq": 0, "read": {"device_start": -1, "device_end": -1}}, "FFC_sans_bias11": {"write": {"device_start": -1, "host_queued_start": 1585578175.556333, "device_queued": -1, "device_end": -1, "host_queued_end": 1585578175.569365}, "device": "cpu", "nd_range": {"device_start": 2245949.7608464323, "device_end": 2245949.761688746}, "cmdq": 0, "read": {"device_start": -1, "device_end": -1}}, "FFC_sans_bias10": {"write": {"device_start": -1, "host_queued_start": 1585578175.555827, "device_queued": -1, "device_end": -1, "host_queued_end": 1585578175.569365}, "device": "cpu", "nd_range": {"device_start": 2245949.761585499, "device_end": 2245949.762308646}, "cmdq": 1, "read": {"device_start": -1, "device_end": -1}}, "coalesced_transpose3": {"write": {"device_start": -1, "host_queued_start": 1585578175.561196, "device_queued": -1, "device_end": -1, "host_queued_end": 1585578175.569365}, "device": "cpu", "nd_range": {"device_start": 2245949.767056324, "device_end": 2245949.767137077}, "cmdq": 0, "read": {"device_start": -1, "device_end": -1}}, "FFC_sans_bias34": {"write": {"device_start": -1, "host_queued_start": 1585578175.568875, "device_queued": -1, "device_end": -1, "host_queued_end": 1585578175.569365}, "device": "cpu", "nd_range": {"device_start": 2245949.774081231, "device_end": 2245949.775042599}, "cmdq": 1, "read": {"device_start": -1, "device_end": -1}}, "FFC_sans_bias15": {"write": {"device_start": -1, "host_queued_start": 1585578175.565985, "device_queued": -1, "device_end": -1, "host_queued_end": 1585578175.569365}, "device": "cpu", "nd_range": {"device_start": 2245949.770358285, "device_end": 2245949.771570296}, "cmdq": 0, "read": {"device_start": -1, "device_end": -1}}, "FFC_sans_bias31": {"write": {"device_start": -1, "host_queued_start": 1585578175.56375, "device_queued": -1, "device_end": -1, "host_queued_end": 1585578175.569365}, "device": "cpu", "nd_range": {"device_start": 2245949.7684711283, "device_end": 2245949.769445511}, "cmdq": 0, "read": {"device_start": -1, "device_end": -1}}, "FFC_sans_bias16": {"write": {"device_start": -1, "host_queued_start": 1585578175.567943, "device_queued": -1, "device_end": -1, "host_queued_end": 1585578175.569365}, "device": "cpu", "nd_range": {"device_start": 2245949.77323718, "device_end": 2245949.774078437}, "cmdq": 1, "read": {"device_start": -1, "device_end": -1}}, "FFC_sans_bias19": {"write": {"device_start": -1, "host_queued_start": 1585578175.557332, "device_queued": -1, "device_end": -1, "host_queued_end": 1585578175.569365}, "device": "cpu", "nd_range": {"device_start": 2245949.761693322, "device_end": 2245949.762781343}, "cmdq": 0, "read": {"device_start": -1, "device_end": -1}}, "FFC_sans_bias18": {"write": {"device_start": -1, "host_queued_start": 1585578175.556832, "device_queued": -1, "device_end": -1, "host_queued_end": 1585578175.569365}, "device": "cpu", "nd_range": {"device_start": 2245949.762534717, "device_end": 2245949.763278515}, "cmdq": 1, "read": {"device_start": -1, "device_end": -1}}, "coalesced_transpose30": {"write": {"device_start": -1, "host_queued_start": 1585578175.562091, "device_queued": -1, "device_end": -1, "host_queued_end": 1585578175.569365}, "device": "cpu", "nd_range": {"device_start": 2245949.76707864, "device_end": 2245949.767105337}, "cmdq": 1, "read": {"device_start": -1, "device_end": -1}}, "FFC_sans_bias69": {"write": {"device_start": -1, "host_queued_start": 1585578175.549326, "device_queued": -1, "device_end": -1, "host_queued_end": 1585578175.550913}, "device": "gpu", "nd_range": {"device_start": 1585578110.3757432, "device_end": 1585578110.3758912}, "cmdq": 1, "read": {"device_start": -1, "device_end": -1}}, "FFC_sans_bias38": {"write": {"device_start": -1, "host_queued_start": 1585578175.560897, "device_queued": -1, "device_end": -1, "host_queued_end": 1585578175.569365}, "device": "cpu", "nd_range": {"device_start": 2245949.765956399, "device_end": 2245949.766802588}, "cmdq": 1, "read": {"device_start": -1, "device_end": -1}}, "coalesced_transpose57": {"write": {"device_start": -1, "host_queued_start": 1585578175.54664, "device_queued": -1, "device_end": -1, "host_queued_end": 1585578175.550913}, "device": "gpu", "nd_range": {"device_start": 1585578110.3753202, "device_end": 1585578110.3753262}, "cmdq": 1, "read": {"device_start": -1, "device_end": -1}}, "empty26": {"write": {"device_start": -1, "host_queued_start": 1585578175.552486, "device_queued": -1, "device_end": -1, "host_queued_end": 1585578175.569365}, "device": "cpu", "nd_range": {"device_start": 2245949.7589750853, "device_end": 2245949.758976504}, "cmdq": 0, "read": {"device_start": -1, "device_end": -1}}, "coalesced_transpose12": {"write": {"device_start": -1, "host_queued_start": 1585578175.561499, "device_queued": -1, "device_end": -1, "host_queued_end": 1585578175.569365}, "device": "cpu", "nd_range": {"device_start": 2245949.766912354, "device_end": 2245949.766967407}, "cmdq": 1, "read": {"device_start": -1, "device_end": -1}}, "empty44": {"write": {"device_start": -1, "host_queued_start": 1585578175.553296, "device_queued": -1, "device_end": -1, "host_queued_end": 1585578175.569365}, "device": "cpu", "nd_range": {"device_start": 2245949.758982804, "device_end": 2245949.758983544}, "cmdq": 0, "read": {"device_start": -1, "device_end": -1}}, "coalesced_transpose21": {"write": {"device_start": -1, "host_queued_start": 1585578175.561789, "device_queued": -1, "device_end": -1, "host_queued_end": 1585578175.569365}, "device": "cpu", "nd_range": {"device_start": 2245949.7671502363, "device_end": 2245949.767194536}, "cmdq": 0, "read": {"device_start": -1, "device_end": -1}}, "FFC_sans_bias36": {"write": {"device_start": -1, "host_queued_start": 1585578175.559895, "device_queued": -1, "device_end": -1, "host_queued_end": 1585578175.569365}, "device": "cpu", "nd_range": {"device_start": 2245949.765094728, "device_end": 2245949.7659463533}, "cmdq": 1, "read": {"device_start": -1, "device_end": -1}}, "softmax14": {"write": {"device_start": -1, "host_queued_start": 1585578175.564564, "device_queued": -1, "device_end": -1, "host_queued_end": 1585578175.569365}, "device": "cpu", "nd_range": {"device_start": 2245949.770177348, "device_end": 2245949.7702333513}, "cmdq": 1, "read": {"device_start": -1, "device_end": -1}}, "FFC_sans_bias13": {"write": {"device_start": -1, "host_queued_start": 1585578175.563124, "device_queued": -1, "device_end": -1, "host_queued_end": 1585578175.569365}, "device": "cpu", "nd_range": {"device_start": 2245949.767325525, "device_end": 2245949.7684609783}, "cmdq": 0, "read": {"device_start": -1, "device_end": -1}}, "empty8": {"write": {"device_start": -1, "host_queued_start": 1585578175.55156, "device_queued": -1, "device_end": -1, "host_queued_end": 1585578175.569365}, "device": "cpu", "nd_range": {"device_start": 2245949.758942672, "device_end": 2245949.7589560803}, "cmdq": 0, "read": {"device_start": -1, "device_end": -1}}, "FFC_sans_bias42": {"write": {"device_start": -1, "host_queued_start": 1585578175.566996, "device_queued": -1, "device_end": -1, "host_queued_end": 1585578175.569365}, "device": "cpu", "nd_range": {"device_start": 2245949.772165311, "device_end": 2245949.773131438}, "cmdq": 1, "read": {"device_start": -1, "device_end": -1}}, "FFC_sans_bias43": {"write": {"device_start": -1, "host_queued_start": 1585578175.569322, "device_queued": -1, "device_end": -1, "host_queued_end": 1585578175.569365}, "device": "cpu", "nd_range": {"device_start": 2245949.774573582, "device_end": 2245949.7754152813}, "cmdq": 0, "read": {"device_start": -1, "device_end": -1}}, "FFC_sans_bias40": {"write": {"device_start": -1, "host_queued_start": 1585578175.564073, "device_queued": -1, "device_end": -1, "host_queued_end": 1585578175.569365}, "device": "cpu", "nd_range": {"device_start": 2245949.7693480044, "device_end": 2245949.770040789}, "cmdq": 1, "read": {"device_start": -1, "device_end": -1}}, "softmax32": {"write": {"device_start": -1, "host_queued_start": 1585578175.565062, "device_queued": -1, "device_end": -1, "host_queued_end": 1585578175.569365}, "device": "cpu", "nd_range": {"device_start": 2245949.7702441993, "device_end": 2245949.7702694763}, "cmdq": 1, "read": {"device_start": -1, "device_end": -1}}, "FFC_sans_bias47": {"write": {"device_start": 1585578110.3747928, "host_queued_start": 1585578175.542961, "device_queued": 1585578110.3747284, "device_end": 1585578110.3748014, "host_queued_end": 1585578175.550913}, "device": "gpu", "nd_range": {"device_start": 1585578110.3748028, "device_end": 1585578110.3749151}, "cmdq": 1, "read": {"device_start": -1, "device_end": -1}}, "FFC_sans_bias45": {"write": {"device_start": 1585578110.3746715, "host_queued_start": 1585578175.541935, "device_queued": 1585578110.3746493, "device_end": 1585578110.3746803, "host_queued_end": 1585578175.550913}, "device": "gpu", "nd_range": {"device_start": 1585578110.3746824, "device_end": 1585578110.3747907}, "cmdq": 1, "read": {"device_start": -1, "device_end": -1}}, "softmax50": {"write": {"device_start": -1, "host_queued_start": 1585578175.54801, "device_queued": -1, "device_end": -1, "host_queued_end": 1585578175.550913}, "device": "gpu", "nd_range": {"device_start": 1585578110.3755245, "device_end": 1585578110.3755987}, "cmdq": 0, "read": {"device_start": -1, "device_end": -1}}, "FFC_sans_bias33": {"write": {"device_start": -1, "host_queued_start": 1585578175.566665, "device_queued": -1, "device_end": -1, "host_queued_end": 1585578175.569365}, "device": "cpu", "nd_range": {"device_start": 2245949.771677474, "device_end": 2245949.7725258153}, "cmdq": 0, "read": {"device_start": -1, "device_end": -1}}, "FFC_sans_bias63": {"write": {"device_start": 1585578110.3752024, "host_queued_start": 1585578175.546019, "device_queued": 1585578110.3750799, "device_end": 1585578110.3752108, "host_queued_end": 1585578175.550913}, "device": "gpu", "nd_range": {"device_start": 1585578110.375212, "device_end": 1585578110.3753192}, "cmdq": 1, "read": {"device_start": -1, "device_end": -1}}, "FFC_sans_bias49": {"write": {"device_start": -1, "host_queued_start": 1585578175.547203, "device_queued": -1, "device_end": -1, "host_queued_end": 1585578175.550913}, "device": "gpu", "nd_range": {"device_start": 1585578110.3753273, "device_end": 1585578110.3754368}, "cmdq": 1, "read": {"device_start": -1, "device_end": -1}}, "FFC_sans_bias64": {"write": {"device_start": 1585578110.3750813, "host_queued_start": 1585578175.544897, "device_queued": 1585578110.3748918, "device_end": 1585578110.3750906, "host_queued_end": 1585578175.550913}, "device": "gpu", "nd_range": {"device_start": 1585578110.3750918, "device_end": 1585578110.3752}, "cmdq": 1, "read": {"device_start": -1, "device_end": -1}}, "FFC_sans_bias65": {"write": {"device_start": 1585578110.375127, "host_queued_start": 1585578175.545533, "device_queued": 1585578110.3750463, "device_end": 1585578110.375136, "host_queued_end": 1585578175.550913}, "device": "gpu", "nd_range": {"device_start": 1585578110.3751369, "device_end": 1585578110.3752887}, "cmdq": 0, "read": {"device_start": -1, "device_end": -1}}, "FFC_sans_bias67": {"write": {"device_start": -1, "host_queued_start": 1585578175.547772, "device_queued": -1, "device_end": -1, "host_queued_end": 1585578175.550913}, "device": "gpu", "nd_range": {"device_start": 1585578110.3754394, "device_end": 1585578110.3755534}, "cmdq": 1, "read": {"device_start": -1, "device_end": -1}}, "FFC_sans_bias24": {"write": {"device_start": -1, "host_queued_start": 1585578175.566306, "device_queued": -1, "device_end": -1, "host_queued_end": 1585578175.569365}, "device": "cpu", "nd_range": {"device_start": 2245949.771199466, "device_end": 2245949.772059599}, "cmdq": 1, "read": {"device_start": -1, "device_end": -1}}, "FFC_sans_bias25": {"write": {"device_start": -1, "host_queued_start": 1585578175.568408, "device_queued": -1, "device_end": -1, "host_queued_end": 1585578175.569365}, "device": "cpu", "nd_range": {"device_start": 2245949.7736049383, "device_end": 2245949.774568804}, "cmdq": 0, "read": {"device_start": -1, "device_end": -1}}, "FFC_sans_bias27": {"write": {"device_start": -1, "host_queued_start": 1585578175.558328, "device_queued": -1, "device_end": -1, "host_queued_end": 1585578175.569365}, "device": "cpu", "nd_range": {"device_start": 2245949.76359465, "device_end": 2245949.764508231}, "cmdq": 0, "read": {"device_start": -1, "device_end": -1}}, "FFC_sans_bias20": {"write": {"device_start": -1, "host_queued_start": 1585578175.557833, "device_queued": -1, "device_end": -1, "host_queued_end": 1585578175.569365}, "device": "cpu", "nd_range": {"device_start": 2245949.763292908, "device_end": 2245949.764268117}, "cmdq": 1, "read": {"device_start": -1, "device_end": -1}}, "FFC_sans_bias22": {"write": {"device_start": -1, "host_queued_start": 1585578175.563451, "device_queued": -1, "device_end": -1, "host_queued_end": 1585578175.569365}, "device": "cpu", "nd_range": {"device_start": 2245949.7682612753, "device_end": 2245949.76923176}, "cmdq": 1, "read": {"device_start": -1, "device_end": -1}}, "softmax68": {"write": {"device_start": -1, "host_queued_start": 1585578175.548452, "device_queued": -1, "device_end": -1, "host_queued_end": 1585578175.550913}, "device": "gpu", "nd_range": {"device_start": 1585578110.375601, "device_end": 1585578110.3757093}, "cmdq": 0, "read": {"device_start": -1, "device_end": -1}}, "softmax5": {"write": {"device_start": -1, "host_queued_start": 1585578175.564327, "device_queued": -1, "device_end": -1, "host_queued_end": 1585578175.569365}, "device": "cpu", "nd_range": {"device_start": 2245949.7695557363, "device_end": 2245949.769612215}, "cmdq": 0, "read": {"device_start": -1, "device_end": -1}}, "FFC_sans_bias28": {"write": {"device_start": -1, "host_queued_start": 1585578175.558874, "device_queued": -1, "device_end": -1, "host_queued_end": 1585578175.569365}, "device": "cpu", "nd_range": {"device_start": 2245949.7643806674, "device_end": 2245949.764987836}, "cmdq": 1, "read": {"device_start": -1, "device_end": -1}}, "FFC_sans_bias29": {"write": {"device_start": -1, "host_queued_start": 1585578175.559393, "device_queued": -1, "device_end": -1, "host_queued_end": 1585578175.569365}, "device": "cpu", "nd_range": {"device_start": 2245949.764617343, "device_end": 2245949.765943847}, "cmdq": 0, "read": {"device_start": -1, "device_end": -1}}, "empty17": {"write": {"device_start": -1, "host_queued_start": 1585578175.552037, "device_queued": -1, "device_end": -1, "host_queued_end": 1585578175.569365}, "device": "cpu", "nd_range": {"device_start": 2245949.758951236, "device_end": 2245949.7589561823}, "cmdq": 1, "read": {"device_start": -1, "device_end": -1}}, "softmax59": {"write": {"device_start": -1, "host_queued_start": 1585578175.548221, "device_queued": -1, "device_end": -1, "host_queued_end": 1585578175.550913}, "device": "gpu", "nd_range": {"device_start": 1585578110.3755546, "device_end": 1585578110.3756328}, "cmdq": 1, "read": {"device_start": -1, "device_end": -1}}, "empty71": {"write": {"device_start": 1585578110.374637, "host_queued_start": 1585578175.541419, "device_queued": 1585578110.3746173, "device_end": 1585578110.3746457, "host_queued_end": 1585578175.550913}, "device": "gpu", "nd_range": {"device_start": 1585578110.3746467, "device_end": 1585578110.37465}, "cmdq": 0, "read": {"device_start": -1, "device_end": -1}}, "empty35": {"write": {"device_start": -1, "host_queued_start": 1585578175.552849, "device_queued": -1, "device_end": -1, "host_queued_end": 1585578175.569365}, "device": "cpu", "nd_range": {"device_start": 2245949.758975013, "device_end": 2245949.758975917}, "cmdq": 1, "read": {"device_start": -1, "device_end": -1}}, "empty53": {"write": {"device_start": 1585578110.3745396, "host_queued_start": 1585578175.540434, "device_queued": 1585578110.3745081, "device_end": 1585578110.374548, "host_queued_end": 1585578175.550913}, "device": "gpu", "nd_range": {"device_start": 1585578110.3745563, "device_end": 1585578110.3745694}, "cmdq": 0, "read": {"device_start": -1, "device_end": -1}}, "FFC_sans_bias46": {"write": {"device_start": 1585578110.3747108, "host_queued_start": 1585578175.542428, "device_queued": 1585578110.3746908, "device_end": 1585578110.3747194, "host_queued_end": 1585578175.550913}, "device": "gpu", "nd_range": {"device_start": 1585578110.3747227, "device_end": 1585578110.3748543}, "cmdq": 0, "read": {"device_start": -1, "device_end": -1}}, "coalesced_transpose66": {"write": {"device_start": -1, "host_queued_start": 1585578175.546912, "device_queued": -1, "device_end": -1, "host_queued_end": 1585578175.550913}, "device": "gpu", "nd_range": {"device_start": 1585578110.3752997, "device_end": 1585578110.3753052}, "cmdq": 0, "read": {"device_start": -1, "device_end": -1}}, "coalesced_transpose48": {"write": {"device_start": -1, "host_queued_start": 1585578175.546314, "device_queued": -1, "device_end": -1, "host_queued_end": 1585578175.550913}, "device": "gpu", "nd_range": {"device_start": 1585578110.3752897, "device_end": 1585578110.3752985}, "cmdq": 0, "read": {"device_start": -1, "device_end": -1}}}