{"FFC_sans_bias60": {"write": {"device_start": -1, "host_queued_start": 1585578518.50592, "device_queued": -1, "device_end": -1, "host_queued_end": 1585578518.509145}, "device": "cpu", "nd_range": {"device_start": 2246292.7219787203, "device_end": 2246292.722681588}, "cmdq": 0, "read": {"device_start": -1, "device_end": -1}}, "FFC_sans_bias4": {"write": {"device_start": -1, "host_queued_start": 1585578518.499961, "device_queued": -1, "device_end": -1, "host_queued_end": 1585578518.509145}, "device": "cpu", "nd_range": {"device_start": 2246292.71300512, "device_end": 2246292.7136360942}, "cmdq": 0, "read": {"device_start": -1, "device_end": -1}}, "FFC_sans_bias7": {"write": {"device_start": -1, "host_queued_start": 1585578518.506421, "device_queued": -1, "device_end": -1, "host_queued_end": 1585578518.509145}, "device": "cpu", "nd_range": {"device_start": 2246292.722686806, "device_end": 2246292.7232615463}, "cmdq": 0, "read": {"device_start": -1, "device_end": -1}}, "FFC_sans_bias6": {"write": {"device_start": -1, "host_queued_start": 1585578518.504038, "device_queued": -1, "device_end": -1, "host_queued_end": 1585578518.509145}, "device": "cpu", "nd_range": {"device_start": 2246292.718190566, "device_end": 2246292.7186819683}, "cmdq": 0, "read": {"device_start": -1, "device_end": -1}}, "FFC_sans_bias1": {"write": {"device_start": -1, "host_queued_start": 1585578518.488004, "device_queued": -1, "device_end": -1, "host_queued_end": 1585578518.509145}, "device": "cpu", "nd_range": {"device_start": 2246292.699461212, "device_end": 2246292.7000981383}, "cmdq": 0, "read": {"device_start": -1, "device_end": -1}}, "FFC_sans_bias0": {"write": {"device_start": -1, "host_queued_start": 1585578518.487509, "device_queued": -1, "device_end": -1, "host_queued_end": 1585578518.509145}, "device": "cpu", "nd_range": {"device_start": 2246292.698790771, "device_end": 2246292.6994453412}, "cmdq": 0, "read": {"device_start": -1, "device_end": -1}}, "FFC_sans_bias2": {"write": {"device_start": -1, "host_queued_start": 1585578518.488514, "device_queued": -1, "device_end": -1, "host_queued_end": 1585578518.509145}, "device": "cpu", "nd_range": {"device_start": 2246292.70010505, "device_end": 2246292.700874932}, "cmdq": 0, "read": {"device_start": -1, "device_end": -1}}, "FFC_sans_bias61": {"write": {"device_start": -1, "host_queued_start": 1585578518.509102, "device_queued": -1, "device_end": -1, "host_queued_end": 1585578518.509145}, "device": "cpu", "nd_range": {"device_start": 2246292.726609824, "device_end": 2246292.727270956}, "cmdq": 0, "read": {"device_start": -1, "device_end": -1}}, "FFC_sans_bias52": {"write": {"device_start": -1, "host_queued_start": 1585578518.508656, "device_queued": -1, "device_end": -1, "host_queued_end": 1585578518.509145}, "device": "cpu", "nd_range": {"device_start": 2246292.725999954, "device_end": 2246292.7266077013}, "cmdq": 0, "read": {"device_start": -1, "device_end": -1}}, "FFC_sans_bias9": {"write": {"device_start": -1, "host_queued_start": 1585578518.489013, "device_queued": -1, "device_end": -1, "host_queued_end": 1585578518.509145}, "device": "cpu", "nd_range": {"device_start": 2246292.7008921034, "device_end": 2246292.701515646}, "cmdq": 0, "read": {"device_start": -1, "device_end": -1}}, "coalesced_transpose39": {"write": {"device_start": -1, "host_queued_start": 1585578518.499057, "device_queued": -1, "device_end": -1, "host_queued_end": 1585578518.509145}, "device": "cpu", "nd_range": {"device_start": 2246292.712713485, "device_end": 2246292.71287038}, "cmdq": 0, "read": {"device_start": -1, "device_end": -1}}, "FFC_sans_bias55": {"write": {"device_start": -1, "host_queued_start": 1585578518.49753, "device_queued": -1, "device_end": -1, "host_queued_end": 1585578518.509145}, "device": "cpu", "nd_range": {"device_start": 2246292.7118972, "device_end": 2246292.7124875314}, "cmdq": 0, "read": {"device_start": -1, "device_end": -1}}, "FFC_sans_bias54": {"write": {"device_start": -1, "host_queued_start": 1585578518.497039, "device_queued": -1, "device_end": -1, "host_queued_end": 1585578518.509145}, "device": "cpu", "nd_range": {"device_start": 2246292.711317733, "device_end": 2246292.711892735}, "cmdq": 0, "read": {"device_start": -1, "device_end": -1}}, "FFC_sans_bias56": {"write": {"device_start": -1, "host_queued_start": 1585578518.496538, "device_queued": -1, "device_end": -1, "host_queued_end": 1585578518.509145}, "device": "cpu", "nd_range": {"device_start": 2246292.7107356903, "device_end": 2246292.711312721}, "cmdq": 0, "read": {"device_start": -1, "device_end": -1}}, "FFC_sans_bias51": {"write": {"device_start": -1, "host_queued_start": 1585578518.5056, "device_queued": -1, "device_end": -1, "host_queued_end": 1585578518.509145}, "device": "cpu", "nd_range": {"device_start": 2246292.721465174, "device_end": 2246292.7219728953}, "cmdq": 0, "read": {"device_start": -1, "device_end": -1}}, "softmax23": {"write": {"device_start": -1, "host_queued_start": 1585578518.502684, "device_queued": -1, "device_end": -1, "host_queued_end": 1585578518.509145}, "device": "cpu", "nd_range": {"device_start": 2246292.7175675053, "device_end": 2246292.717593222}, "cmdq": 0, "read": {"device_start": -1, "device_end": -1}}, "FFC_sans_bias37": {"write": {"device_start": -1, "host_queued_start": 1585578518.494016, "device_queued": -1, "device_end": -1, "host_queued_end": 1585578518.509145}, "device": "cpu", "nd_range": {"device_start": 2246292.7077292614, "device_end": 2246292.7083668783}, "cmdq": 0, "read": {"device_start": -1, "device_end": -1}}, "empty62": {"write": {"device_start": -1, "host_queued_start": 1585578518.487026, "device_queued": -1, "device_end": -1, "host_queued_end": 1585578518.509145}, "device": "cpu", "nd_range": {"device_start": 2246292.6987849143, "device_end": 2246292.698785438}, "cmdq": 0, "read": {"device_start": -1, "device_end": -1}}, "FFC_sans_bias70": {"write": {"device_start": 1585578453.297719, "host_queued_start": 1585578518.483822, "device_queued": 1585578453.297565, "device_end": 1585578453.2977276, "host_queued_end": 1585578518.483935}, "device": "gpu", "nd_range": {"device_start": 1585578453.2980435, "device_end": 1585578453.2981508}, "cmdq": 3, "read": {"device_start": 1585578453.2981534, "device_end": 1585578453.2981603}}, "FFC_sans_bias58": {"write": {"device_start": -1, "host_queued_start": 1585578518.501931, "device_queued": -1, "device_end": -1, "host_queued_end": 1585578518.509145}, "device": "cpu", "nd_range": {"device_start": 2246292.716574689, "device_end": 2246292.7171866084}, "cmdq": 0, "read": {"device_start": -1, "device_end": -1}}, "softmax41": {"write": {"device_start": -1, "host_queued_start": 1585578518.50324, "device_queued": -1, "device_end": -1, "host_queued_end": 1585578518.509145}, "device": "cpu", "nd_range": {"device_start": 2246292.717815256, "device_end": 2246292.717839337}, "cmdq": 0, "read": {"device_start": -1, "device_end": -1}}, "FFC_sans_bias11": {"write": {"device_start": -1, "host_queued_start": 1585578518.490008, "device_queued": -1, "device_end": -1, "host_queued_end": 1585578518.509145}, "device": "cpu", "nd_range": {"device_start": 2246292.702180404, "device_end": 2246292.702814898}, "cmdq": 0, "read": {"device_start": -1, "device_end": -1}}, "FFC_sans_bias10": {"write": {"device_start": -1, "host_queued_start": 1585578518.489507, "device_queued": -1, "device_end": -1, "host_queued_end": 1585578518.509145}, "device": "cpu", "nd_range": {"device_start": 2246292.701520515, "device_end": 2246292.702175882}, "cmdq": 0, "read": {"device_start": -1, "device_end": -1}}, "coalesced_transpose3": {"write": {"device_start": -1, "host_queued_start": 1585578518.497857, "device_queued": -1, "device_end": -1, "host_queued_end": 1585578518.509145}, "device": "cpu", "nd_range": {"device_start": 2246292.712492451, "device_end": 2246292.7125212033}, "cmdq": 0, "read": {"device_start": -1, "device_end": -1}}, "FFC_sans_bias34": {"write": {"device_start": -1, "host_queued_start": 1585578518.507767, "device_queued": -1, "device_end": -1, "host_queued_end": 1585578518.509145}, "device": "cpu", "nd_range": {"device_start": 2246292.7247821502, "device_end": 2246292.725390269}, "cmdq": 0, "read": {"device_start": -1, "device_end": -1}}, "FFC_sans_bias15": {"write": {"device_start": -1, "host_queued_start": 1585578518.504353, "device_queued": -1, "device_end": -1, "host_queued_end": 1585578518.509145}, "device": "cpu", "nd_range": {"device_start": 2246292.71878576, "device_end": 2246292.7194017703}, "cmdq": 0, "read": {"device_start": -1, "device_end": -1}}, "FFC_sans_bias31": {"write": {"device_start": -1, "host_queued_start": 1585578518.500981, "device_queued": -1, "device_end": -1, "host_queued_end": 1585578518.509145}, "device": "cpu", "nd_range": {"device_start": 2246292.7148137, "device_end": 2246292.715409698}, "cmdq": 0, "read": {"device_start": -1, "device_end": -1}}, "FFC_sans_bias16": {"write": {"device_start": -1, "host_queued_start": 1585578518.506874, "device_queued": -1, "device_end": -1, "host_queued_end": 1585578518.509145}, "device": "cpu", "nd_range": {"device_start": 2246292.7232647003, "device_end": 2246292.723874723}, "cmdq": 0, "read": {"device_start": -1, "device_end": -1}}, "FFC_sans_bias19": {"write": {"device_start": -1, "host_queued_start": 1585578518.49102, "device_queued": -1, "device_end": -1, "host_queued_end": 1585578518.509145}, "device": "cpu", "nd_range": {"device_start": 2246292.703444362, "device_end": 2246292.704048247}, "cmdq": 0, "read": {"device_start": -1, "device_end": -1}}, "FFC_sans_bias18": {"write": {"device_start": -1, "host_queued_start": 1585578518.490501, "device_queued": -1, "device_end": -1, "host_queued_end": 1585578518.509145}, "device": "cpu", "nd_range": {"device_start": 2246292.702819316, "device_end": 2246292.703440153}, "cmdq": 0, "read": {"device_start": -1, "device_end": -1}}, "coalesced_transpose30": {"write": {"device_start": -1, "host_queued_start": 1585578518.49877, "device_queued": -1, "device_end": -1, "host_queued_end": 1585578518.509145}, "device": "cpu", "nd_range": {"device_start": 2246292.712672099, "device_end": 2246292.7127002194}, "cmdq": 0, "read": {"device_start": -1, "device_end": -1}}, "FFC_sans_bias69": {"write": {"device_start": -1, "host_queued_start": 1585578518.483363, "device_queued": -1, "device_end": -1, "host_queued_end": 1585578518.483935}, "device": "gpu", "nd_range": {"device_start": 1585578453.2979257, "device_end": 1585578453.298034}, "cmdq": 2, "read": {"device_start": -1, "device_end": -1}}, "FFC_sans_bias38": {"write": {"device_start": -1, "host_queued_start": 1585578518.494518, "device_queued": -1, "device_end": -1, "host_queued_end": 1585578518.509145}, "device": "cpu", "nd_range": {"device_start": 2246292.708371481, "device_end": 2246292.708960753}, "cmdq": 0, "read": {"device_start": -1, "device_end": -1}}, "coalesced_transpose57": {"write": {"device_start": -1, "host_queued_start": 1585578518.499655, "device_queued": -1, "device_end": -1, "host_queued_end": 1585578518.509145}, "device": "cpu", "nd_range": {"device_start": 2246292.7129150103, "device_end": 2246292.7129441584}, "cmdq": 0, "read": {"device_start": -1, "device_end": -1}}, "empty26": {"write": {"device_start": -1, "host_queued_start": 1585578518.485533, "device_queued": -1, "device_end": -1, "host_queued_end": 1585578518.509145}, "device": "cpu", "nd_range": {"device_start": 2246292.6987671033, "device_end": 2246292.6987679154}, "cmdq": 0, "read": {"device_start": -1, "device_end": -1}}, "coalesced_transpose12": {"write": {"device_start": -1, "host_queued_start": 1585578518.498155, "device_queued": -1, "device_end": -1, "host_queued_end": 1585578518.509145}, "device": "cpu", "nd_range": {"device_start": 2246292.712534129, "device_end": 2246292.7125673173}, "cmdq": 0, "read": {"device_start": -1, "device_end": -1}}, "empty44": {"write": {"device_start": -1, "host_queued_start": 1585578518.486254, "device_queued": -1, "device_end": -1, "host_queued_end": 1585578518.509145}, "device": "cpu", "nd_range": {"device_start": 2246292.698776553, "device_end": 2246292.698777174}, "cmdq": 0, "read": {"device_start": -1, "device_end": -1}}, "coalesced_transpose21": {"write": {"device_start": -1, "host_queued_start": 1585578518.49846, "device_queued": -1, "device_end": -1, "host_queued_end": 1585578518.509145}, "device": "cpu", "nd_range": {"device_start": 2246292.712583818, "device_end": 2246292.7126098983}, "cmdq": 0, "read": {"device_start": -1, "device_end": -1}}, "FFC_sans_bias36": {"write": {"device_start": -1, "host_queued_start": 1585578518.493521, "device_queued": -1, "device_end": -1, "host_queued_end": 1585578518.509145}, "device": "cpu", "nd_range": {"device_start": 2246292.707083005, "device_end": 2246292.707724907}, "cmdq": 0, "read": {"device_start": -1, "device_end": -1}}, "softmax14": {"write": {"device_start": -1, "host_queued_start": 1585578518.502443, "device_queued": -1, "device_end": -1, "host_queued_end": 1585578518.509145}, "device": "cpu", "nd_range": {"device_start": 2246292.71743965, "device_end": 2246292.717463997}, "cmdq": 0, "read": {"device_start": -1, "device_end": -1}}, "FFC_sans_bias13": {"write": {"device_start": -1, "host_queued_start": 1585578518.500357, "device_queued": -1, "device_end": -1, "host_queued_end": 1585578518.509145}, "device": "cpu", "nd_range": {"device_start": 2246292.7136446573, "device_end": 2246292.714229566}, "cmdq": 0, "read": {"device_start": -1, "device_end": -1}}, "empty8": {"write": {"device_start": -1, "host_queued_start": 1585578518.484661, "device_queued": -1, "device_end": -1, "host_queued_end": 1585578518.509145}, "device": "cpu", "nd_range": {"device_start": 2246292.69873189, "device_end": 2246292.69874416}, "cmdq": 0, "read": {"device_start": -1, "device_end": -1}}, "FFC_sans_bias42": {"write": {"device_start": -1, "host_queued_start": 1585578518.505287, "device_queued": -1, "device_end": -1, "host_queued_end": 1585578518.509145}, "device": "cpu", "nd_range": {"device_start": 2246292.7207393222, "device_end": 2246292.72135797}, "cmdq": 0, "read": {"device_start": -1, "device_end": -1}}, "FFC_sans_bias43": {"write": {"device_start": -1, "host_queued_start": 1585578518.508209, "device_queued": -1, "device_end": -1, "host_queued_end": 1585578518.509145}, "device": "cpu", "nd_range": {"device_start": 2246292.725392405, "device_end": 2246292.725997461}, "cmdq": 0, "read": {"device_start": -1, "device_end": -1}}, "FFC_sans_bias40": {"write": {"device_start": -1, "host_queued_start": 1585578518.501296, "device_queued": -1, "device_end": -1, "host_queued_end": 1585578518.509145}, "device": "cpu", "nd_range": {"device_start": 2246292.715414418, "device_end": 2246292.7159885024}, "cmdq": 0, "read": {"device_start": -1, "device_end": -1}}, "softmax32": {"write": {"device_start": -1, "host_queued_start": 1585578518.502962, "device_queued": -1, "device_end": -1, "host_queued_end": 1585578518.509145}, "device": "cpu", "nd_range": {"device_start": 2246292.717693731, "device_end": 2246292.717713965}, "cmdq": 0, "read": {"device_start": -1, "device_end": -1}}, "FFC_sans_bias47": {"write": {"device_start": -1, "host_queued_start": 1585578518.496041, "device_queued": -1, "device_end": -1, "host_queued_end": 1585578518.509145}, "device": "cpu", "nd_range": {"device_start": 2246292.7101523653, "device_end": 2246292.710730932}, "cmdq": 0, "read": {"device_start": -1, "device_end": -1}}, "FFC_sans_bias45": {"write": {"device_start": -1, "host_queued_start": 1585578518.495041, "device_queued": -1, "device_end": -1, "host_queued_end": 1585578518.509145}, "device": "cpu", "nd_range": {"device_start": 2246292.708965401, "device_end": 2246292.709551319}, "cmdq": 0, "read": {"device_start": -1, "device_end": -1}}, "softmax50": {"write": {"device_start": -1, "host_queued_start": 1585578518.503472, "device_queued": -1, "device_end": -1, "host_queued_end": 1585578518.509145}, "device": "cpu", "nd_range": {"device_start": 2246292.717942003, "device_end": 2246292.7179667233}, "cmdq": 0, "read": {"device_start": -1, "device_end": -1}}, "FFC_sans_bias33": {"write": {"device_start": -1, "host_queued_start": 1585578518.504986, "device_queued": -1, "device_end": -1, "host_queued_end": 1585578518.509145}, "device": "cpu", "nd_range": {"device_start": 2246292.720129175, "device_end": 2246292.720734167}, "cmdq": 0, "read": {"device_start": -1, "device_end": -1}}, "FFC_sans_bias63": {"write": {"device_start": 1585578453.2974951, "host_queued_start": 1585578518.482192, "device_queued": 1585578453.297476, "device_end": 1585578453.297504, "host_queued_end": 1585578518.483935}, "device": "gpu", "nd_range": {"device_start": 1585578453.2975302, "device_end": 1585578453.2977176}, "cmdq": 3, "read": {"device_start": -1, "device_end": -1}}, "FFC_sans_bias49": {"write": {"device_start": -1, "host_queued_start": 1585578518.501608, "device_queued": -1, "device_end": -1, "host_queued_end": 1585578518.509145}, "device": "cpu", "nd_range": {"device_start": 2246292.715993278, "device_end": 2246292.716569864}, "cmdq": 0, "read": {"device_start": -1, "device_end": -1}}, "FFC_sans_bias64": {"write": {"device_start": 1585578453.2974553, "host_queued_start": 1585578518.481138, "device_queued": 1585578453.2974386, "device_end": 1585578453.2974641, "host_queued_end": 1585578518.483935}, "device": "gpu", "nd_range": {"device_start": 1585578453.2975063, "device_end": 1585578453.297618}, "cmdq": 1, "read": {"device_start": -1, "device_end": -1}}, "FFC_sans_bias65": {"write": {"device_start": 1585578453.2974746, "host_queued_start": 1585578518.481674, "device_queued": 1585578453.2974563, "device_end": 1585578453.2974834, "host_queued_end": 1585578518.483935}, "device": "gpu", "nd_range": {"device_start": 1585578453.297517, "device_end": 1585578453.2977104}, "cmdq": 2, "read": {"device_start": -1, "device_end": -1}}, "FFC_sans_bias67": {"write": {"device_start": -1, "host_queued_start": 1585578518.482856, "device_queued": -1, "device_end": -1, "host_queued_end": 1585578518.483935}, "device": "gpu", "nd_range": {"device_start": 1585578453.29773, "device_end": 1585578453.2978377}, "cmdq": 0, "read": {"device_start": -1, "device_end": -1}}, "FFC_sans_bias24": {"write": {"device_start": -1, "host_queued_start": 1585578518.504673, "device_queued": -1, "device_end": -1, "host_queued_end": 1585578518.509145}, "device": "cpu", "nd_range": {"device_start": 2246292.719407226, "device_end": 2246292.720021477}, "cmdq": 0, "read": {"device_start": -1, "device_end": -1}}, "FFC_sans_bias25": {"write": {"device_start": -1, "host_queued_start": 1585578518.507321, "device_queued": -1, "device_end": -1, "host_queued_end": 1585578518.509145}, "device": "cpu", "nd_range": {"device_start": 2246292.723876884, "device_end": 2246292.724779575}, "cmdq": 0, "read": {"device_start": -1, "device_end": -1}}, "FFC_sans_bias27": {"write": {"device_start": -1, "host_queued_start": 1585578518.492026, "device_queued": -1, "device_end": -1, "host_queued_end": 1585578518.509145}, "device": "cpu", "nd_range": {"device_start": 2246292.704656836, "device_end": 2246292.705244916}, "cmdq": 0, "read": {"device_start": -1, "device_end": -1}}, "FFC_sans_bias20": {"write": {"device_start": -1, "host_queued_start": 1585578518.491527, "device_queued": -1, "device_end": -1, "host_queued_end": 1585578518.509145}, "device": "cpu", "nd_range": {"device_start": 2246292.7040535593, "device_end": 2246292.704643587}, "cmdq": 0, "read": {"device_start": -1, "device_end": -1}}, "FFC_sans_bias22": {"write": {"device_start": -1, "host_queued_start": 1585578518.500678, "device_queued": -1, "device_end": -1, "host_queued_end": 1585578518.509145}, "device": "cpu", "nd_range": {"device_start": 2246292.7142341593, "device_end": 2246292.714808771}, "cmdq": 0, "read": {"device_start": -1, "device_end": -1}}, "softmax68": {"write": {"device_start": -1, "host_queued_start": 1585578518.48308, "device_queued": -1, "device_end": -1, "host_queued_end": 1585578518.483935}, "device": "gpu", "nd_range": {"device_start": 1585578453.297845, "device_end": 1585578453.2979205}, "cmdq": 1, "read": {"device_start": -1, "device_end": -1}}, "softmax5": {"write": {"device_start": -1, "host_queued_start": 1585578518.50219, "device_queued": -1, "device_end": -1, "host_queued_end": 1585578518.509145}, "device": "cpu", "nd_range": {"device_start": 2246292.7172983172, "device_end": 2246292.717333565}, "cmdq": 0, "read": {"device_start": -1, "device_end": -1}}, "FFC_sans_bias28": {"write": {"device_start": -1, "host_queued_start": 1585578518.492529, "device_queued": -1, "device_end": -1, "host_queued_end": 1585578518.509145}, "device": "cpu", "nd_range": {"device_start": 2246292.705249314, "device_end": 2246292.705834918}, "cmdq": 0, "read": {"device_start": -1, "device_end": -1}}, "FFC_sans_bias29": {"write": {"device_start": -1, "host_queued_start": 1585578518.493027, "device_queued": -1, "device_end": -1, "host_queued_end": 1585578518.509145}, "device": "cpu", "nd_range": {"device_start": 2246292.705839448, "device_end": 2246292.7070786483}, "cmdq": 0, "read": {"device_start": -1, "device_end": -1}}, "empty17": {"write": {"device_start": -1, "host_queued_start": 1585578518.485115, "device_queued": -1, "device_end": -1, "host_queued_end": 1585578518.509145}, "device": "cpu", "nd_range": {"device_start": 2246292.698761017, "device_end": 2246292.698762043}, "cmdq": 0, "read": {"device_start": -1, "device_end": -1}}, "softmax59": {"write": {"device_start": -1, "host_queued_start": 1585578518.503721, "device_queued": -1, "device_end": -1, "host_queued_end": 1585578518.509145}, "device": "cpu", "nd_range": {"device_start": 2246292.718065856, "device_end": 2246292.718086375}, "cmdq": 0, "read": {"device_start": -1, "device_end": -1}}, "empty71": {"write": {"device_start": 1585578453.2974033, "host_queued_start": 1585578518.480403, "device_queued": 1585578453.2973719, "device_end": 1585578453.2974157, "host_queued_end": 1585578518.483935}, "device": "gpu", "nd_range": {"device_start": 1585578453.2974234, "device_end": 1585578453.297435}, "cmdq": 0, "read": {"device_start": -1, "device_end": -1}}, "empty35": {"write": {"device_start": -1, "host_queued_start": 1585578518.485892, "device_queued": -1, "device_end": -1, "host_queued_end": 1585578518.509145}, "device": "cpu", "nd_range": {"device_start": 2246292.69877194, "device_end": 2246292.698772515}, "cmdq": 0, "read": {"device_start": -1, "device_end": -1}}, "empty53": {"write": {"device_start": -1, "host_queued_start": 1585578518.486663, "device_queued": -1, "device_end": -1, "host_queued_end": 1585578518.509145}, "device": "cpu", "nd_range": {"device_start": 2246292.6987809343, "device_end": 2246292.698781407}, "cmdq": 0, "read": {"device_start": -1, "device_end": -1}}, "FFC_sans_bias46": {"write": {"device_start": -1, "host_queued_start": 1585578518.495535, "device_queued": -1, "device_end": -1, "host_queued_end": 1585578518.509145}, "device": "cpu", "nd_range": {"device_start": 2246292.709555754, "device_end": 2246292.7101473603}, "cmdq": 0, "read": {"device_start": -1, "device_end": -1}}, "coalesced_transpose66": {"write": {"device_start": -1, "host_queued_start": 1585578518.482514, "device_queued": -1, "device_end": -1, "host_queued_end": 1585578518.483935}, "device": "gpu", "nd_range": {"device_start": 1585578453.297623, "device_end": 1585578453.2976654}, "cmdq": 4, "read": {"device_start": -1, "device_end": -1}}, "coalesced_transpose48": {"write": {"device_start": -1, "host_queued_start": 1585578518.499356, "device_queued": -1, "device_end": -1, "host_queued_end": 1585578518.509145}, "device": "cpu", "nd_range": {"device_start": 2246292.7128779003, "device_end": 2246292.71290398}, "cmdq": 0, "read": {"device_start": -1, "device_end": -1}}}