{"FFC_sans_bias60": {"write": {"device_start": -1, "host_queued_start": 1585578454.197404, "device_queued": -1, "device_end": -1, "host_queued_end": 1585578454.201332}, "device": "gpu", "nd_range": {"device_start": 1585578389.0192199, "device_end": 1585578389.019431}, "cmdq": 2, "read": {"device_start": -1, "device_end": -1}}, "FFC_sans_bias4": {"write": {"device_start": -1, "host_queued_start": 1585578454.204654, "device_queued": -1, "device_end": -1, "host_queued_end": 1585578454.205892}, "device": "cpu", "nd_range": {"device_start": 2246228.397104809, "device_end": 2246228.3976923553}, "cmdq": 1, "read": {"device_start": -1, "device_end": -1}}, "FFC_sans_bias7": {"write": {"device_start": -1, "host_queued_start": 1585578454.205847, "device_queued": -1, "device_end": -1, "host_queued_end": 1585578454.205892}, "device": "cpu", "nd_range": {"device_start": 2246228.398349598, "device_end": 2246228.3988336273}, "cmdq": 0, "read": {"device_start": -1, "device_end": -1}}, "FFC_sans_bias6": {"write": {"device_start": -1, "host_queued_start": 1585578454.205333, "device_queued": -1, "device_end": -1, "host_queued_end": 1585578454.205892}, "device": "cpu", "nd_range": {"device_start": 2246228.3977370993, "device_end": 2246228.39834052}, "cmdq": 3, "read": {"device_start": -1, "device_end": -1}}, "FFC_sans_bias1": {"write": {"device_start": -1, "host_queued_start": 1585578454.203316, "device_queued": -1, "device_end": -1, "host_queued_end": 1585578454.205892}, "device": "cpu", "nd_range": {"device_start": 2246228.395488868, "device_end": 2246228.396599926}, "cmdq": 2, "read": {"device_start": -1, "device_end": -1}}, "FFC_sans_bias0": {"write": {"device_start": -1, "host_queued_start": 1585578454.202733, "device_queued": -1, "device_end": -1, "host_queued_end": 1585578454.205892}, "device": "cpu", "nd_range": {"device_start": 2246228.395468497, "device_end": 2246228.3970912113}, "cmdq": 1, "read": {"device_start": -1, "device_end": -1}}, "FFC_sans_bias2": {"write": {"device_start": -1, "host_queued_start": 1585578454.203888, "device_queued": -1, "device_end": -1, "host_queued_end": 1585578454.205892}, "device": "cpu", "nd_range": {"device_start": 2246228.395477847, "device_end": 2246228.3969757203}, "cmdq": 3, "read": {"device_start": -1, "device_end": -1}}, "FFC_sans_bias61": {"write": {"device_start": 1585578389.019619, "host_queued_start": 1585578454.200724, "device_queued": 1585578389.0190358, "device_end": 1585578389.0196278, "host_queued_end": 1585578454.201332}, "device": "gpu", "nd_range": {"device_start": 1585578389.0196297, "device_end": 1585578389.0198135}, "cmdq": 1, "read": {"device_start": 1585578389.019822, "device_end": 1585578389.0198379}}, "FFC_sans_bias52": {"write": {"device_start": 1585578389.0195105, "host_queued_start": 1585578454.200223, "device_queued": 1585578389.0189822, "device_end": 1585578389.0195193, "host_queued_end": 1585578454.201332}, "device": "gpu", "nd_range": {"device_start": 1585578389.0195212, "device_end": 1585578389.019707}, "cmdq": 0, "read": {"device_start": 1585578389.0197358, "device_end": 1585578389.0197434}}, "FFC_sans_bias9": {"write": {"device_start": 1585578389.0168993, "host_queued_start": 1585578454.179726, "device_queued": 1585578389.0168762, "device_end": 1585578389.0169084, "host_queued_end": 1585578454.201332}, "device": "gpu", "nd_range": {"device_start": 1585578389.0169296, "device_end": 1585578389.017055}, "cmdq": 3, "read": {"device_start": -1, "device_end": -1}}, "coalesced_transpose39": {"write": {"device_start": -1, "host_queued_start": 1585578454.191095, "device_queued": -1, "device_end": -1, "host_queued_end": 1585578454.201332}, "device": "gpu", "nd_range": {"device_start": 1585578389.0183525, "device_end": 1585578389.0183613}, "cmdq": 3, "read": {"device_start": -1, "device_end": -1}}, "FFC_sans_bias55": {"write": {"device_start": 1585578389.017917, "host_queued_start": 1585578454.188459, "device_queued": 1585578389.0178554, "device_end": 1585578389.0179257, "host_queued_end": 1585578454.201332}, "device": "gpu", "nd_range": {"device_start": 1585578389.0179267, "device_end": 1585578389.0181859}, "cmdq": 0, "read": {"device_start": -1, "device_end": -1}}, "FFC_sans_bias54": {"write": {"device_start": 1585578389.0178916, "host_queued_start": 1585578454.187962, "device_queued": 1585578389.0177915, "device_end": 1585578389.0179005, "host_queued_end": 1585578454.201332}, "device": "gpu", "nd_range": {"device_start": 1585578389.0179014, "device_end": 1585578389.018104}, "cmdq": 3, "read": {"device_start": -1, "device_end": -1}}, "FFC_sans_bias56": {"write": {"device_start": 1585578389.0178106, "host_queued_start": 1585578454.187467, "device_queued": 1585578389.0177665, "device_end": 1585578389.0178192, "host_queued_end": 1585578454.201332}, "device": "gpu", "nd_range": {"device_start": 1585578389.0178378, "device_end": 1585578389.0180829}, "cmdq": 2, "read": {"device_start": -1, "device_end": -1}}, "FFC_sans_bias51": {"write": {"device_start": -1, "host_queued_start": 1585578454.197038, "device_queued": -1, "device_end": -1, "host_queued_end": 1585578454.201332}, "device": "gpu", "nd_range": {"device_start": 1585578389.0190423, "device_end": 1585578389.0192375}, "cmdq": 1, "read": {"device_start": -1, "device_end": -1}}, "softmax23": {"write": {"device_start": -1, "host_queued_start": 1585578454.194423, "device_queued": -1, "device_end": -1, "host_queued_end": 1585578454.201332}, "device": "gpu", "nd_range": {"device_start": 1585578389.0188854, "device_end": 1585578389.0189993}, "cmdq": 3, "read": {"device_start": -1, "device_end": -1}}, "FFC_sans_bias37": {"write": {"device_start": 1585578389.0175052, "host_queued_start": 1585578454.184935, "device_queued": 1585578389.017466, "device_end": 1585578389.0175138, "host_queued_end": 1585578454.201332}, "device": "gpu", "nd_range": {"device_start": 1585578389.017546, "device_end": 1585578389.0177872}, "cmdq": 1, "read": {"device_start": -1, "device_end": -1}}, "empty62": {"write": {"device_start": 1585578389.0168443, "host_queued_start": 1585578454.178837, "device_queued": 1585578389.01682, "device_end": 1585578389.016854, "host_queued_end": 1585578454.201332}, "device": "gpu", "nd_range": {"device_start": 1585578389.01691, "device_end": 1585578389.0169137}, "cmdq": 1, "read": {"device_start": -1, "device_end": -1}}, "FFC_sans_bias70": {"write": {"device_start": 1585578389.0197308, "host_queued_start": 1585578454.201229, "device_queued": 1585578389.0190578, "device_end": 1585578389.01974, "host_queued_end": 1585578454.201332}, "device": "gpu", "nd_range": {"device_start": 1585578389.0197427, "device_end": 1585578389.0198693}, "cmdq": 2, "read": {"device_start": 1585578389.0198722, "device_end": 1585578389.019879}}, "FFC_sans_bias58": {"write": {"device_start": -1, "host_queued_start": 1585578454.193677, "device_queued": -1, "device_end": -1, "host_queued_end": 1585578454.201332}, "device": "gpu", "nd_range": {"device_start": 1585578389.0184734, "device_end": 1585578389.018761}, "cmdq": 0, "read": {"device_start": -1, "device_end": -1}}, "softmax41": {"write": {"device_start": -1, "host_queued_start": 1585578454.194899, "device_queued": -1, "device_end": -1, "host_queued_end": 1585578454.201332}, "device": "gpu", "nd_range": {"device_start": 1585578389.01878, "device_end": 1585578389.0188553}, "cmdq": 1, "read": {"device_start": -1, "device_end": -1}}, "FFC_sans_bias11": {"write": {"device_start": 1585578389.0170176, "host_queued_start": 1585578454.180874, "device_queued": 1585578389.0169947, "device_end": 1585578389.017028, "host_queued_end": 1585578454.201332}, "device": "gpu", "nd_range": {"device_start": 1585578389.0170794, "device_end": 1585578389.0171976}, "cmdq": 1, "read": {"device_start": -1, "device_end": -1}}, "FFC_sans_bias10": {"write": {"device_start": 1585578389.0169759, "host_queued_start": 1585578454.18023, "device_queued": 1585578389.0169473, "device_end": 1585578389.0169847, "host_queued_end": 1585578454.201332}, "device": "gpu", "nd_range": {"device_start": 1585578389.0169885, "device_end": 1585578389.0170977}, "cmdq": 0, "read": {"device_start": -1, "device_end": -1}}, "coalesced_transpose3": {"write": {"device_start": -1, "host_queued_start": 1585578454.204282, "device_queued": -1, "device_end": -1, "host_queued_end": 1585578454.205892}, "device": "cpu", "nd_range": {"device_start": 2246228.396742018, "device_end": 2246228.396795987}, "cmdq": 0, "read": {"device_start": -1, "device_end": -1}}, "FFC_sans_bias34": {"write": {"device_start": 1585578389.0194333, "host_queued_start": 1585578454.199224, "device_queued": 1585578389.0188007, "device_end": 1585578389.0194418, "host_queued_end": 1585578454.201332}, "device": "gpu", "nd_range": {"device_start": 1585578389.019451, "device_end": 1585578389.0196319}, "cmdq": 2, "read": {"device_start": 1585578389.0196512, "device_end": 1585578389.0196602}}, "FFC_sans_bias15": {"write": {"device_start": -1, "host_queued_start": 1585578454.195874, "device_queued": -1, "device_end": -1, "host_queued_end": 1585578454.201332}, "device": "gpu", "nd_range": {"device_start": 1585578389.0189002, "device_end": 1585578389.0190227}, "cmdq": 1, "read": {"device_start": -1, "device_end": -1}}, "FFC_sans_bias31": {"write": {"device_start": -1, "host_queued_start": 1585578454.192803, "device_queued": -1, "device_end": -1, "host_queued_end": 1585578454.201332}, "device": "gpu", "nd_range": {"device_start": 1585578389.0183585, "device_end": 1585578389.018572}, "cmdq": 1, "read": {"device_start": -1, "device_end": -1}}, "FFC_sans_bias16": {"write": {"device_start": 1585578389.0191314, "host_queued_start": 1585578454.198184, "device_queued": 1585578389.0186207, "device_end": 1585578389.0191453, "host_queued_end": 1585578454.201332}, "device": "gpu", "nd_range": {"device_start": 1585578389.0191915, "device_end": 1585578389.0194016}, "cmdq": 0, "read": {"device_start": 1585578389.0194068, "device_end": 1585578389.0194159}}, "FFC_sans_bias19": {"write": {"device_start": 1585578389.017068, "host_queued_start": 1585578454.181863, "device_queued": 1585578389.0170445, "device_end": 1585578389.0170765, "host_queued_end": 1585578454.201332}, "device": "gpu", "nd_range": {"device_start": 1585578389.01722, "device_end": 1585578389.01734}, "cmdq": 3, "read": {"device_start": -1, "device_end": -1}}, "FFC_sans_bias18": {"write": {"device_start": 1585578389.0170443, "host_queued_start": 1585578454.181374, "device_queued": 1585578389.0170188, "device_end": 1585578389.0170538, "host_queued_end": 1585578454.201332}, "device": "gpu", "nd_range": {"device_start": 1585578389.017092, "device_end": 1585578389.0172882}, "cmdq": 2, "read": {"device_start": -1, "device_end": -1}}, "coalesced_transpose30": {"write": {"device_start": -1, "host_queued_start": 1585578454.190816, "device_queued": -1, "device_end": -1, "host_queued_end": 1585578454.201332}, "device": "gpu", "nd_range": {"device_start": 1585578389.0183043, "device_end": 1585578389.0183177}, "cmdq": 2, "read": {"device_start": -1, "device_end": -1}}, "FFC_sans_bias69": {"write": {"device_start": -1, "host_queued_start": 1585578454.197706, "device_queued": -1, "device_end": -1, "host_queued_end": 1585578454.201332}, "device": "gpu", "nd_range": {"device_start": 1585578389.0193348, "device_end": 1585578389.019597}, "cmdq": 3, "read": {"device_start": -1, "device_end": -1}}, "FFC_sans_bias38": {"write": {"device_start": 1585578389.0175948, "host_queued_start": 1585578454.185445, "device_queued": 1585578389.0174887, "device_end": 1585578389.0176034, "host_queued_end": 1585578454.201332}, "device": "gpu", "nd_range": {"device_start": 1585578389.0176044, "device_end": 1585578389.0178058}, "cmdq": 2, "read": {"device_start": -1, "device_end": -1}}, "coalesced_transpose57": {"write": {"device_start": -1, "host_queued_start": 1585578454.19165, "device_queued": -1, "device_end": -1, "host_queued_end": 1585578454.201332}, "device": "gpu", "nd_range": {"device_start": 1585578389.0183005, "device_end": 1585578389.018315}, "cmdq": 1, "read": {"device_start": -1, "device_end": -1}}, "empty26": {"write": {"device_start": 1585578389.0166898, "host_queued_start": 1585578454.177203, "device_queued": 1585578389.0166662, "device_end": 1585578389.0166988, "host_queued_end": 1585578454.201332}, "device": "gpu", "nd_range": {"device_start": 1585578389.0167563, "device_end": 1585578389.01676}, "cmdq": 1, "read": {"device_start": -1, "device_end": -1}}, "coalesced_transpose12": {"write": {"device_start": -1, "host_queued_start": 1585578454.190232, "device_queued": -1, "device_end": -1, "host_queued_end": 1585578454.201332}, "device": "gpu", "nd_range": {"device_start": 1585578389.0181873, "device_end": 1585578389.0182958}, "cmdq": 0, "read": {"device_start": -1, "device_end": -1}}, "empty44": {"write": {"device_start": 1585578389.0167456, "host_queued_start": 1585578454.178033, "device_queued": 1585578389.01672, "device_end": 1585578389.016754, "host_queued_end": 1585578454.201332}, "device": "gpu", "nd_range": {"device_start": 1585578389.0167725, "device_end": 1585578389.0167758}, "cmdq": 3, "read": {"device_start": -1, "device_end": -1}}, "coalesced_transpose21": {"write": {"device_start": -1, "host_queued_start": 1585578454.190504, "device_queued": -1, "device_end": -1, "host_queued_end": 1585578454.201332}, "device": "gpu", "nd_range": {"device_start": 1585578389.0182426, "device_end": 1585578389.0182996}, "cmdq": 1, "read": {"device_start": -1, "device_end": -1}}, "FFC_sans_bias36": {"write": {"device_start": 1585578389.017446, "host_queued_start": 1585578454.18443, "device_queued": 1585578389.0174236, "device_end": 1585578389.0174546, "host_queued_end": 1585578454.201332}, "device": "gpu", "nd_range": {"device_start": 1585578389.0174606, "device_end": 1585578389.0176978}, "cmdq": 0, "read": {"device_start": -1, "device_end": -1}}, "softmax14": {"write": {"device_start": -1, "host_queued_start": 1585578454.194197, "device_queued": -1, "device_end": -1, "host_queued_end": 1585578454.201332}, "device": "gpu", "nd_range": {"device_start": 1585578389.0186763, "device_end": 1585578389.018879}, "cmdq": 2, "read": {"device_start": -1, "device_end": -1}}, "FFC_sans_bias13": {"write": {"device_start": -1, "host_queued_start": 1585578454.192216, "device_queued": -1, "device_end": -1, "host_queued_end": 1585578454.201332}, "device": "gpu", "nd_range": {"device_start": 1585578389.018364, "device_end": 1585578389.0185766}, "cmdq": 3, "read": {"device_start": -1, "device_end": -1}}, "empty8": {"write": {"device_start": -1, "host_queued_start": 1585578454.20205, "device_queued": -1, "device_end": -1, "host_queued_end": 1585578454.205892}, "device": "cpu", "nd_range": {"device_start": 2246228.3954513613, "device_end": 2246228.3954589013}, "cmdq": 0, "read": {"device_start": -1, "device_end": -1}}, "FFC_sans_bias42": {"write": {"device_start": -1, "host_queued_start": 1585578454.196752, "device_queued": -1, "device_end": -1, "host_queued_end": 1585578454.201332}, "device": "gpu", "nd_range": {"device_start": 1585578389.0190184, "device_end": 1585578389.01913}, "cmdq": 0, "read": {"device_start": -1, "device_end": -1}}, "FFC_sans_bias43": {"write": {"device_start": 1585578389.0196, "host_queued_start": 1585578454.199723, "device_queued": 1585578389.0188246, "device_end": 1585578389.0196104, "host_queued_end": 1585578454.201332}, "device": "gpu", "nd_range": {"device_start": 1585578389.0196135, "device_end": 1585578389.0197525}, "cmdq": 3, "read": {"device_start": 1585578389.0197587, "device_end": 1585578389.0197725}}, "FFC_sans_bias40": {"write": {"device_start": -1, "host_queued_start": 1585578454.193081, "device_queued": -1, "device_end": -1, "host_queued_end": 1585578454.201332}, "device": "gpu", "nd_range": {"device_start": 1585578389.018368, "device_end": 1585578389.018675}, "cmdq": 2, "read": {"device_start": -1, "device_end": -1}}, "softmax32": {"write": {"device_start": -1, "host_queued_start": 1585578454.194671, "device_queued": -1, "device_end": -1, "host_queued_end": 1585578454.201332}, "device": "gpu", "nd_range": {"device_start": 1585578389.0187635, "device_end": 1585578389.0188894}, "cmdq": 0, "read": {"device_start": -1, "device_end": -1}}, "FFC_sans_bias47": {"write": {"device_start": 1585578389.0177896, "host_queued_start": 1585578454.186978, "device_queued": 1585578389.0177438, "device_end": 1585578389.0177984, "host_queued_end": 1585578454.201332}, "device": "gpu", "nd_range": {"device_start": 1585578389.0178266, "device_end": 1585578389.017992}, "cmdq": 1, "read": {"device_start": -1, "device_end": -1}}, "FFC_sans_bias45": {"write": {"device_start": 1585578389.0176194, "host_queued_start": 1585578454.185952, "device_queued": 1585578389.0175128, "device_end": 1585578389.017628, "host_queued_end": 1585578454.201332}, "device": "gpu", "nd_range": {"device_start": 1585578389.0176954, "device_end": 1585578389.0178893}, "cmdq": 3, "read": {"device_start": -1, "device_end": -1}}, "softmax50": {"write": {"device_start": -1, "host_queued_start": 1585578454.195124, "device_queued": -1, "device_end": -1, "host_queued_end": 1585578454.201332}, "device": "gpu", "nd_range": {"device_start": 1585578389.0189052, "device_end": 1585578389.019028}, "cmdq": 2, "read": {"device_start": -1, "device_end": -1}}, "FFC_sans_bias33": {"write": {"device_start": -1, "host_queued_start": 1585578454.196455, "device_queued": -1, "device_end": -1, "host_queued_end": 1585578454.201332}, "device": "gpu", "nd_range": {"device_start": 1585578389.0191858, "device_end": 1585578389.0193322}, "cmdq": 3, "read": {"device_start": -1, "device_end": -1}}, "FFC_sans_bias63": {"write": {"device_start": 1585578389.0181065, "host_queued_start": 1585578454.189931, "device_queued": 1585578389.0179472, "device_end": 1585578389.0181148, "host_queued_end": 1585578454.201332}, "device": "gpu", "nd_range": {"device_start": 1585578389.018116, "device_end": 1585578389.0183513}, "cmdq": 3, "read": {"device_start": -1, "device_end": -1}}, "FFC_sans_bias49": {"write": {"device_start": -1, "host_queued_start": 1585578454.193381, "device_queued": -1, "device_end": -1, "host_queued_end": 1585578454.201332}, "device": "gpu", "nd_range": {"device_start": 1585578389.0185795, "device_end": 1585578389.0188837}, "cmdq": 3, "read": {"device_start": -1, "device_end": -1}}, "FFC_sans_bias64": {"write": {"device_start": 1585578389.0179942, "host_queued_start": 1585578454.188954, "device_queued": 1585578389.0179007, "device_end": 1585578389.0180027, "host_queued_end": 1585578454.201332}, "device": "gpu", "nd_range": {"device_start": 1585578389.0180037, "device_end": 1585578389.0182416}, "cmdq": 1, "read": {"device_start": -1, "device_end": -1}}, "FFC_sans_bias65": {"write": {"device_start": 1585578389.0180852, "host_queued_start": 1585578454.189449, "device_queued": 1585578389.0179255, "device_end": 1585578389.0180938, "host_queued_end": 1585578454.201332}, "device": "gpu", "nd_range": {"device_start": 1585578389.0180953, "device_end": 1585578389.0183032}, "cmdq": 2, "read": {"device_start": -1, "device_end": -1}}, "FFC_sans_bias67": {"write": {"device_start": -1, "host_queued_start": 1585578454.193964, "device_queued": -1, "device_end": -1, "host_queued_end": 1585578454.201332}, "device": "gpu", "nd_range": {"device_start": 1585578389.018574, "device_end": 1585578389.0187771}, "cmdq": 1, "read": {"device_start": -1, "device_end": -1}}, "FFC_sans_bias24": {"write": {"device_start": -1, "host_queued_start": 1585578454.196158, "device_queued": -1, "device_end": -1, "host_queued_end": 1585578454.201332}, "device": "gpu", "nd_range": {"device_start": 1585578389.0190318, "device_end": 1585578389.0192173}, "cmdq": 2, "read": {"device_start": -1, "device_end": -1}}, "FFC_sans_bias25": {"write": {"device_start": 1585578389.0192394, "host_queued_start": 1585578454.198722, "device_queued": 1585578389.018665, "device_end": 1585578389.0192482, "host_queued_end": 1585578454.201332}, "device": "gpu", "nd_range": {"device_start": 1585578389.0192504, "device_end": 1585578389.0195236}, "cmdq": 1, "read": {"device_start": 1585578389.0195289, "device_end": 1585578389.0195374}}, "FFC_sans_bias27": {"write": {"device_start": 1585578389.0173264, "host_queued_start": 1585578454.182912, "device_queued": 1585578389.0172927, "device_end": 1585578389.0173385, "host_queued_end": 1585578454.201332}, "device": "gpu", "nd_range": {"device_start": 1585578389.0173934, "device_end": 1585578389.0175}, "cmdq": 1, "read": {"device_start": -1, "device_end": -1}}, "FFC_sans_bias20": {"write": {"device_start": 1585578389.0172555, "host_queued_start": 1585578454.182367, "device_queued": 1585578389.0172305, "device_end": 1585578389.017264, "host_queued_end": 1585578454.201332}, "device": "gpu", "nd_range": {"device_start": 1585578389.0172684, "device_end": 1585578389.0173917}, "cmdq": 0, "read": {"device_start": -1, "device_end": -1}}, "FFC_sans_bias22": {"write": {"device_start": -1, "host_queued_start": 1585578454.192514, "device_queued": -1, "device_end": -1, "host_queued_end": 1585578454.201332}, "device": "gpu", "nd_range": {"device_start": 1585578389.0183554, "device_end": 1585578389.0184708}, "cmdq": 0, "read": {"device_start": -1, "device_end": -1}}, "softmax68": {"write": {"device_start": -1, "host_queued_start": 1585578454.19558, "device_queued": -1, "device_end": -1, "host_queued_end": 1585578454.201332}, "device": "gpu", "nd_range": {"device_start": 1585578389.0188935, "device_end": 1585578389.0190136}, "cmdq": 0, "read": {"device_start": -1, "device_end": -1}}, "softmax5": {"write": {"device_start": -1, "host_queued_start": 1585578454.204982, "device_queued": -1, "device_end": -1, "host_queued_end": 1585578454.205892}, "device": "cpu", "nd_range": {"device_start": 2246228.397698382, "device_end": 2246228.397729541}, "cmdq": 2, "read": {"device_start": -1, "device_end": -1}}, "FFC_sans_bias28": {"write": {"device_start": 1585578389.0173578, "host_queued_start": 1585578454.183424, "device_queued": 1585578389.0173376, "device_end": 1585578389.0173683, "host_queued_end": 1585578454.201332}, "device": "gpu", "nd_range": {"device_start": 1585578389.017406, "device_end": 1585578389.017593}, "cmdq": 2, "read": {"device_start": -1, "device_end": -1}}, "FFC_sans_bias29": {"write": {"device_start": 1585578389.017382, "host_queued_start": 1585578454.183938, "device_queued": 1585578389.0173595, "device_end": 1585578389.0173907, "host_queued_end": 1585578454.201332}, "device": "gpu", "nd_range": {"device_start": 1585578389.0174184, "device_end": 1585578389.0176172}, "cmdq": 3, "read": {"device_start": -1, "device_end": -1}}, "empty17": {"write": {"device_start": 1585578389.016612, "host_queued_start": 1585578454.176599, "device_queued": 1585578389.0165572, "device_end": 1585578389.0166206, "host_queued_end": 1585578454.201332}, "device": "gpu", "nd_range": {"device_start": 1585578389.0166426, "device_end": 1585578389.0166576}, "cmdq": 0, "read": {"device_start": -1, "device_end": -1}}, "softmax59": {"write": {"device_start": -1, "host_queued_start": 1585578454.195351, "device_queued": -1, "device_end": -1, "host_queued_end": 1585578454.201332}, "device": "gpu", "nd_range": {"device_start": 1585578389.01901, "device_end": 1585578389.0191817}, "cmdq": 3, "read": {"device_start": -1, "device_end": -1}}, "empty71": {"write": {"device_start": 1585578389.0168734, "host_queued_start": 1585578454.1792, "device_queued": 1585578389.016846, "device_end": 1585578389.0168834, "host_queued_end": 1585578454.201332}, "device": "gpu", "nd_range": {"device_start": 1585578389.0169153, "device_end": 1585578389.016919}, "cmdq": 2, "read": {"device_start": -1, "device_end": -1}}, "empty35": {"write": {"device_start": 1585578389.0167172, "host_queued_start": 1585578454.177632, "device_queued": 1585578389.016694, "device_end": 1585578389.0167258, "host_queued_end": 1585578454.201332}, "device": "gpu", "nd_range": {"device_start": 1585578389.0167649, "device_end": 1585578389.0167682}, "cmdq": 2, "read": {"device_start": -1, "device_end": -1}}, "empty53": {"write": {"device_start": 1585578389.0168066, "host_queued_start": 1585578454.178428, "device_queued": 1585578389.0167818, "device_end": 1585578389.0168152, "host_queued_end": 1585578454.201332}, "device": "gpu", "nd_range": {"device_start": 1585578389.0168161, "device_end": 1585578389.0168197}, "cmdq": 0, "read": {"device_start": -1, "device_end": -1}}, "FFC_sans_bias46": {"write": {"device_start": 1585578389.0177264, "host_queued_start": 1585578454.186451, "device_queued": 1585578389.0177042, "device_end": 1585578389.017735, "host_queued_end": 1585578454.201332}, "device": "gpu", "nd_range": {"device_start": 1585578389.017739, "device_end": 1585578389.017912}, "cmdq": 0, "read": {"device_start": -1, "device_end": -1}}, "coalesced_transpose66": {"write": {"device_start": -1, "host_queued_start": 1585578454.191926, "device_queued": -1, "device_end": -1, "host_queued_end": 1585578454.201332}, "device": "gpu", "nd_range": {"device_start": 1585578389.018319, "device_end": 1585578389.018332}, "cmdq": 2, "read": {"device_start": -1, "device_end": -1}}, "coalesced_transpose48": {"write": {"device_start": -1, "host_queued_start": 1585578454.191366, "device_queued": -1, "device_end": -1, "host_queued_end": 1585578454.201332}, "device": "gpu", "nd_range": {"device_start": 1585578389.0182967, "device_end": 1585578389.018312}, "cmdq": 0, "read": {"device_start": -1, "device_end": -1}}}