{"FFC_sans_bias60": {"write": {"device_start": -1, "host_queued_start": 1585578507.767035, "device_queued": -1, "device_end": -1, "host_queued_end": 1585578507.769883}, "device": "gpu", "nd_range": {"device_start": 1585578442.585214, "device_end": 1585578442.5854194}, "cmdq": 3, "read": {"device_start": -1, "device_end": -1}}, "FFC_sans_bias4": {"write": {"device_start": -1, "host_queued_start": 1585578507.777519, "device_queued": -1, "device_end": -1, "host_queued_end": 1585578507.78133}, "device": "cpu", "nd_range": {"device_start": 2246281.9765240243, "device_end": 2246281.977007096}, "cmdq": 0, "read": {"device_start": -1, "device_end": -1}}, "FFC_sans_bias7": {"write": {"device_start": -1, "host_queued_start": 1585578507.780363, "device_queued": -1, "device_end": -1, "host_queued_end": 1585578507.78133}, "device": "cpu", "nd_range": {"device_start": 2246281.9801338953, "device_end": 2246281.980712654}, "cmdq": 0, "read": {"device_start": -1, "device_end": -1}}, "FFC_sans_bias6": {"write": {"device_start": -1, "host_queued_start": 1585578507.779243, "device_queued": -1, "device_end": -1, "host_queued_end": 1585578507.78133}, "device": "cpu", "nd_range": {"device_start": 2246281.978123575, "device_end": 2246281.978853884}, "cmdq": 0, "read": {"device_start": -1, "device_end": -1}}, "FFC_sans_bias1": {"write": {"device_start": -1, "host_queued_start": 1585578507.772593, "device_queued": -1, "device_end": -1, "host_queued_end": 1585578507.78133}, "device": "cpu", "nd_range": {"device_start": 2246281.971603989, "device_end": 2246281.972192692}, "cmdq": 0, "read": {"device_start": -1, "device_end": -1}}, "FFC_sans_bias0": {"write": {"device_start": -1, "host_queued_start": 1585578507.772052, "device_queued": -1, "device_end": -1, "host_queued_end": 1585578507.78133}, "device": "cpu", "nd_range": {"device_start": 2246281.970950794, "device_end": 2246281.971593716}, "cmdq": 0, "read": {"device_start": -1, "device_end": -1}}, "FFC_sans_bias2": {"write": {"device_start": -1, "host_queued_start": 1585578507.773147, "device_queued": -1, "device_end": -1, "host_queued_end": 1585578507.78133}, "device": "cpu", "nd_range": {"device_start": 2246281.972204445, "device_end": 2246281.9727868494}, "cmdq": 0, "read": {"device_start": -1, "device_end": -1}}, "FFC_sans_bias61": {"write": {"device_start": 1585578442.5854204, "host_queued_start": 1585578507.769288, "device_queued": 1585578442.5850923, "device_end": 1585578442.5854292, "host_queued_end": 1585578507.769883}, "device": "gpu", "nd_range": {"device_start": 1585578442.5854306, "device_end": 1585578442.5856278}, "cmdq": 3, "read": {"device_start": 1585578442.585876, "device_end": 1585578442.5858943}}, "FFC_sans_bias52": {"write": {"device_start": 1585578442.585325, "host_queued_start": 1585578507.768788, "device_queued": 1585578442.58507, "device_end": 1585578442.5853336, "host_queued_end": 1585578507.769883}, "device": "gpu", "nd_range": {"device_start": 1585578442.5853345, "device_end": 1585578442.5855935}, "cmdq": 2, "read": {"device_start": 1585578442.5857885, "device_end": 1585578442.5857956}}, "FFC_sans_bias9": {"write": {"device_start": -1, "host_queued_start": 1585578507.773648, "device_queued": -1, "device_end": -1, "host_queued_end": 1585578507.78133}, "device": "cpu", "nd_range": {"device_start": 2246281.9727913663, "device_end": 2246281.973411643}, "cmdq": 0, "read": {"device_start": -1, "device_end": -1}}, "coalesced_transpose39": {"write": {"device_start": -1, "host_queued_start": 1585578507.762503, "device_queued": -1, "device_end": -1, "host_queued_end": 1585578507.769883}, "device": "gpu", "nd_range": {"device_start": 1585578442.5846994, "device_end": 1585578442.5848153}, "cmdq": 1, "read": {"device_start": -1, "device_end": -1}}, "FFC_sans_bias55": {"write": {"device_start": 1585578442.5844126, "host_queued_start": 1585578507.760459, "device_queued": 1585578442.5843806, "device_end": 1585578442.584424, "host_queued_end": 1585578507.769883}, "device": "gpu", "nd_range": {"device_start": 1585578442.5844998, "device_end": 1585578442.5846984}, "cmdq": 1, "read": {"device_start": -1, "device_end": -1}}, "FFC_sans_bias54": {"write": {"device_start": 1585578442.5843523, "host_queued_start": 1585578507.759955, "device_queued": 1585578442.5843263, "device_end": 1585578442.584366, "host_queued_end": 1585578507.769883}, "device": "gpu", "nd_range": {"device_start": 1585578442.5843763, "device_end": 1585578442.5846753}, "cmdq": 0, "read": {"device_start": -1, "device_end": -1}}, "FFC_sans_bias56": {"write": {"device_start": 1585578442.5842726, "host_queued_start": 1585578507.75945, "device_queued": 1585578442.5842469, "device_end": 1585578442.5842812, "host_queued_end": 1585578507.769883}, "device": "gpu", "nd_range": {"device_start": 1585578442.5843198, "device_end": 1585578442.5845995}, "cmdq": 4, "read": {"device_start": -1, "device_end": -1}}, "FFC_sans_bias51": {"write": {"device_start": -1, "host_queued_start": 1585578507.766747, "device_queued": -1, "device_end": -1, "host_queued_end": 1585578507.769883}, "device": "gpu", "nd_range": {"device_start": 1585578442.5852072, "device_end": 1585578442.5853229}, "cmdq": 2, "read": {"device_start": -1, "device_end": -1}}, "softmax23": {"write": {"device_start": -1, "host_queued_start": 1585578507.77893, "device_queued": -1, "device_end": -1, "host_queued_end": 1585578507.78133}, "device": "cpu", "nd_range": {"device_start": 2246281.978091192, "device_end": 2246281.978111924}, "cmdq": 0, "read": {"device_start": -1, "device_end": -1}}, "FFC_sans_bias37": {"write": {"device_start": 1585578442.5839431, "host_queued_start": 1585578507.756967, "device_queued": 1585578442.5839157, "device_end": 1585578442.5839517, "host_queued_end": 1585578507.769883}, "device": "gpu", "nd_range": {"device_start": 1585578442.5840082, "device_end": 1585578442.5842586}, "cmdq": 4, "read": {"device_start": -1, "device_end": -1}}, "empty62": {"write": {"device_start": 1585578442.5836904, "host_queued_start": 1585578507.753825, "device_queued": 1585578442.5836608, "device_end": 1585578442.583699, "host_queued_end": 1585578507.769883}, "device": "gpu", "nd_range": {"device_start": 1585578442.583762, "device_end": 1585578442.5837655}, "cmdq": 3, "read": {"device_start": -1, "device_end": -1}}, "FFC_sans_bias70": {"write": {"device_start": 1585578442.585727, "host_queued_start": 1585578507.769785, "device_queued": 1585578442.5851145, "device_end": 1585578442.5857356, "host_queued_end": 1585578507.769883}, "device": "gpu", "nd_range": {"device_start": 1585578442.5857368, "device_end": 1585578442.5858555}, "cmdq": 4, "read": {"device_start": 1585578442.5858998, "device_end": 1585578442.585917}}, "FFC_sans_bias58": {"write": {"device_start": -1, "host_queued_start": 1585578507.76448, "device_queued": -1, "device_end": -1, "host_queued_end": 1585578507.769883}, "device": "gpu", "nd_range": {"device_start": 1585578442.5848238, "device_end": 1585578442.5851245}, "cmdq": 3, "read": {"device_start": -1, "device_end": -1}}, "softmax41": {"write": {"device_start": -1, "host_queued_start": 1585578507.765201, "device_queued": -1, "device_end": -1, "host_queued_end": 1585578507.769883}, "device": "gpu", "nd_range": {"device_start": 1585578442.5850253, "device_end": 1585578442.5852294}, "cmdq": 1, "read": {"device_start": -1, "device_end": -1}}, "FFC_sans_bias11": {"write": {"device_start": -1, "host_queued_start": 1585578507.774694, "device_queued": -1, "device_end": -1, "host_queued_end": 1585578507.78133}, "device": "cpu", "nd_range": {"device_start": 2246281.974048077, "device_end": 2246281.974671813}, "cmdq": 0, "read": {"device_start": -1, "device_end": -1}}, "FFC_sans_bias10": {"write": {"device_start": -1, "host_queued_start": 1585578507.774149, "device_queued": -1, "device_end": -1, "host_queued_end": 1585578507.78133}, "device": "cpu", "nd_range": {"device_start": 2246281.973418569, "device_end": 2246281.974042985}, "cmdq": 0, "read": {"device_start": -1, "device_end": -1}}, "coalesced_transpose3": {"write": {"device_start": -1, "host_queued_start": 1585578507.776603, "device_queued": -1, "device_end": -1, "host_queued_end": 1585578507.78133}, "device": "cpu", "nd_range": {"device_start": 2246281.9764238033, "device_end": 2246281.976442206}, "cmdq": 0, "read": {"device_start": -1, "device_end": -1}}, "FFC_sans_bias34": {"write": {"device_start": 1585578442.5854375, "host_queued_start": 1585578507.767785, "device_queued": 1585578442.585005, "device_end": 1585578442.5854464, "host_queued_end": 1585578507.769883}, "device": "gpu", "nd_range": {"device_start": 1585578442.5854475, "device_end": 1585578442.5857012}, "cmdq": 0, "read": {"device_start": 1585578442.5857058, "device_end": 1585578442.5857131}}, "FFC_sans_bias15": {"write": {"device_start": -1, "host_queued_start": 1585578507.779564, "device_queued": -1, "device_end": -1, "host_queued_end": 1585578507.78133}, "device": "cpu", "nd_range": {"device_start": 2246281.9788628463, "device_end": 2246281.9795036553}, "cmdq": 0, "read": {"device_start": -1, "device_end": -1}}, "FFC_sans_bias31": {"write": {"device_start": -1, "host_queued_start": 1585578507.763641, "device_queued": -1, "device_end": -1, "host_queued_end": 1585578507.769883}, "device": "gpu", "nd_range": {"device_start": 1585578442.5848126, "device_end": 1585578442.5849736}, "cmdq": 0, "read": {"device_start": -1, "device_end": -1}}, "FFC_sans_bias16": {"write": {"device_start": -1, "host_queued_start": 1585578507.780815, "device_queued": -1, "device_end": -1, "host_queued_end": 1585578507.78133}, "device": "cpu", "nd_range": {"device_start": 2246281.980715474, "device_end": 2246281.981198545}, "cmdq": 0, "read": {"device_start": -1, "device_end": -1}}, "FFC_sans_bias19": {"write": {"device_start": -1, "host_queued_start": 1585578507.775712, "device_queued": -1, "device_end": -1, "host_queued_end": 1585578507.78133}, "device": "cpu", "nd_range": {"device_start": 2246281.975274911, "device_end": 2246281.975764792}, "cmdq": 0, "read": {"device_start": -1, "device_end": -1}}, "FFC_sans_bias18": {"write": {"device_start": -1, "host_queued_start": 1585578507.775214, "device_queued": -1, "device_end": -1, "host_queued_end": 1585578507.78133}, "device": "cpu", "nd_range": {"device_start": 2246281.9746763282, "device_end": 2246281.9751765113}, "cmdq": 0, "read": {"device_start": -1, "device_end": -1}}, "coalesced_transpose30": {"write": {"device_start": -1, "host_queued_start": 1585578507.762239, "device_queued": -1, "device_end": -1, "host_queued_end": 1585578507.769883}, "device": "gpu", "nd_range": {"device_start": 1585578442.5846765, "device_end": 1585578442.5848117}, "cmdq": 0, "read": {"device_start": -1, "device_end": -1}}, "FFC_sans_bias69": {"write": {"device_start": -1, "host_queued_start": 1585578507.767313, "device_queued": -1, "device_end": -1, "host_queued_end": 1585578507.769883}, "device": "gpu", "nd_range": {"device_start": 1585578442.5854802, "device_end": 1585578442.5857258}, "cmdq": 4, "read": {"device_start": -1, "device_end": -1}}, "FFC_sans_bias38": {"write": {"device_start": 1585578442.584041, "host_queued_start": 1585578507.75747, "device_queued": 1585578442.584017, "device_end": 1585578442.5840497, "host_queued_end": 1585578507.769883}, "device": "gpu", "nd_range": {"device_start": 1585578442.58416, "device_end": 1585578442.5843105}, "cmdq": 0, "read": {"device_start": -1, "device_end": -1}}, "coalesced_transpose57": {"write": {"device_start": -1, "host_queued_start": 1585578507.76309, "device_queued": -1, "device_end": -1, "host_queued_end": 1585578507.769883}, "device": "gpu", "nd_range": {"device_start": 1585578442.5848088, "device_end": 1585578442.584823}, "cmdq": 3, "read": {"device_start": -1, "device_end": -1}}, "empty26": {"write": {"device_start": -1, "host_queued_start": 1585578507.771509, "device_queued": -1, "device_end": -1, "host_queued_end": 1585578507.78133}, "device": "cpu", "nd_range": {"device_start": 2246281.970945877, "device_end": 2246281.9709465844}, "cmdq": 0, "read": {"device_start": -1, "device_end": -1}}, "coalesced_transpose12": {"write": {"device_start": -1, "host_queued_start": 1585578507.776909, "device_queued": -1, "device_end": -1, "host_queued_end": 1585578507.78133}, "device": "cpu", "nd_range": {"device_start": 2246281.976454658, "device_end": 2246281.976474426}, "cmdq": 0, "read": {"device_start": -1, "device_end": -1}}, "empty44": {"write": {"device_start": 1585578442.5836315, "host_queued_start": 1585578507.753001, "device_queued": 1585578442.5836065, "device_end": 1585578442.5836418, "host_queued_end": 1585578507.769883}, "device": "gpu", "nd_range": {"device_start": 1585578442.583736, "device_end": 1585578442.5837426}, "cmdq": 1, "read": {"device_start": -1, "device_end": -1}}, "coalesced_transpose21": {"write": {"device_start": -1, "host_queued_start": 1585578507.777202, "device_queued": -1, "device_end": -1, "host_queued_end": 1585578507.78133}, "device": "cpu", "nd_range": {"device_start": 2246281.9764876273, "device_end": 2246281.97651318}, "cmdq": 0, "read": {"device_start": -1, "device_end": -1}}, "FFC_sans_bias36": {"write": {"device_start": 1585578442.583913, "host_queued_start": 1585578507.756344, "device_queued": 1585578442.5838869, "device_end": 1585578442.5839217, "host_queued_end": 1585578507.769883}, "device": "gpu", "nd_range": {"device_start": 1585578442.5839868, "device_end": 1585578442.5841768}, "cmdq": 3, "read": {"device_start": -1, "device_end": -1}}, "softmax14": {"write": {"device_start": -1, "host_queued_start": 1585578507.778694, "device_queued": -1, "device_end": -1, "host_queued_end": 1585578507.78133}, "device": "cpu", "nd_range": {"device_start": 2246281.978062046, "device_end": 2246281.978078972}, "cmdq": 0, "read": {"device_start": -1, "device_end": -1}}, "FFC_sans_bias13": {"write": {"device_start": -1, "host_queued_start": 1585578507.777857, "device_queued": -1, "device_end": -1, "host_queued_end": 1585578507.78133}, "device": "cpu", "nd_range": {"device_start": 2246281.9770207773, "device_end": 2246281.977502988}, "cmdq": 0, "read": {"device_start": -1, "device_end": -1}}, "empty8": {"write": {"device_start": -1, "host_queued_start": 1585578507.770599, "device_queued": -1, "device_end": -1, "host_queued_end": 1585578507.78133}, "device": "cpu", "nd_range": {"device_start": 2246281.970914725, "device_end": 2246281.970924086}, "cmdq": 0, "read": {"device_start": -1, "device_end": -1}}, "FFC_sans_bias42": {"write": {"device_start": -1, "host_queued_start": 1585578507.766427, "device_queued": -1, "device_end": -1, "host_queued_end": 1585578507.769883}, "device": "gpu", "nd_range": {"device_start": 1585578442.5852315, "device_end": 1585578442.5855162}, "cmdq": 1, "read": {"device_start": -1, "device_end": -1}}, "FFC_sans_bias43": {"write": {"device_start": 1585578442.5855174, "host_queued_start": 1585578507.768286, "device_queued": 1585578442.5850477, "device_end": 1585578442.5855258, "host_queued_end": 1585578507.769883}, "device": "gpu", "nd_range": {"device_start": 1585578442.5855272, "device_end": 1585578442.5857992}, "cmdq": 1, "read": {"device_start": 1585578442.5858061, "device_end": 1585578442.5858192}}, "FFC_sans_bias40": {"write": {"device_start": -1, "host_queued_start": 1585578507.763924, "device_queued": -1, "device_end": -1, "host_queued_end": 1585578507.769883}, "device": "gpu", "nd_range": {"device_start": 1585578442.5848162, "device_end": 1585578442.5850244}, "cmdq": 1, "read": {"device_start": -1, "device_end": -1}}, "softmax32": {"write": {"device_start": -1, "host_queued_start": 1585578507.764979, "device_queued": -1, "device_end": -1, "host_queued_end": 1585578507.769883}, "device": "gpu", "nd_range": {"device_start": 1585578442.584975, "device_end": 1585578442.5852234}, "cmdq": 0, "read": {"device_start": -1, "device_end": -1}}, "FFC_sans_bias47": {"write": {"device_start": 1585578442.5842466, "host_queued_start": 1585578507.758966, "device_queued": 1585578442.5842218, "device_end": 1585578442.5842571, "host_queued_end": 1585578507.769883}, "device": "gpu", "nd_range": {"device_start": 1585578442.584308, "device_end": 1585578442.5845048}, "cmdq": 3, "read": {"device_start": -1, "device_end": -1}}, "FFC_sans_bias45": {"write": {"device_start": 1585578442.5841937, "host_queued_start": 1585578507.757961, "device_queued": 1585578442.5841675, "device_end": 1585578442.5842037, "host_queued_end": 1585578507.769883}, "device": "gpu", "nd_range": {"device_start": 1585578442.5842843, "device_end": 1585578442.5843947}, "cmdq": 1, "read": {"device_start": -1, "device_end": -1}}, "softmax50": {"write": {"device_start": -1, "host_queued_start": 1585578507.765428, "device_queued": -1, "device_end": -1, "host_queued_end": 1585578507.769883}, "device": "gpu", "nd_range": {"device_start": 1585578442.585103, "device_end": 1585578442.585205}, "cmdq": 2, "read": {"device_start": -1, "device_end": -1}}, "FFC_sans_bias33": {"write": {"device_start": -1, "host_queued_start": 1585578507.766144, "device_queued": -1, "device_end": -1, "host_queued_end": 1585578507.769883}, "device": "gpu", "nd_range": {"device_start": 1585578442.5852256, "device_end": 1585578442.5854354}, "cmdq": 0, "read": {"device_start": -1, "device_end": -1}}, "FFC_sans_bias63": {"write": {"device_start": 1585578442.5846007, "host_queued_start": 1585578507.761945, "device_queued": 1585578442.5844615, "device_end": 1585578442.584609, "host_queued_end": 1585578507.769883}, "device": "gpu", "nd_range": {"device_start": 1585578442.5846238, "device_end": 1585578442.5848951}, "cmdq": 4, "read": {"device_start": -1, "device_end": -1}}, "FFC_sans_bias49": {"write": {"device_start": -1, "host_queued_start": 1585578507.764199, "device_queued": -1, "device_end": -1, "host_queued_end": 1585578507.769883}, "device": "gpu", "nd_range": {"device_start": 1585578442.5848203, "device_end": 1585578442.5850985}, "cmdq": 2, "read": {"device_start": -1, "device_end": -1}}, "FFC_sans_bias64": {"write": {"device_start": 1585578442.5844855, "host_queued_start": 1585578507.760963, "device_queued": 1585578442.5844135, "device_end": 1585578442.584494, "host_queued_end": 1585578507.769883}, "device": "gpu", "nd_range": {"device_start": 1585578442.584596, "device_end": 1585578442.5847926}, "cmdq": 2, "read": {"device_start": -1, "device_end": -1}}, "FFC_sans_bias65": {"write": {"device_start": 1585578442.584507, "host_queued_start": 1585578507.76145, "device_queued": 1585578442.584439, "device_end": 1585578442.5845153, "host_queued_end": 1585578507.769883}, "device": "gpu", "nd_range": {"device_start": 1585578442.5846157, "device_end": 1585578442.5848067}, "cmdq": 3, "read": {"device_start": -1, "device_end": -1}}, "FFC_sans_bias67": {"write": {"device_start": -1, "host_queued_start": 1585578507.764768, "device_queued": -1, "device_end": -1, "host_queued_end": 1585578507.769883}, "device": "gpu", "nd_range": {"device_start": 1585578442.5850797, "device_end": 1585578442.5852177}, "cmdq": 4, "read": {"device_start": -1, "device_end": -1}}, "FFC_sans_bias24": {"write": {"device_start": -1, "host_queued_start": 1585578507.77987, "device_queued": -1, "device_end": -1, "host_queued_end": 1585578507.78133}, "device": "cpu", "nd_range": {"device_start": 2246281.979513422, "device_end": 2246281.9801290343}, "cmdq": 0, "read": {"device_start": -1, "device_end": -1}}, "FFC_sans_bias25": {"write": {"device_start": -1, "host_queued_start": 1585578507.781286, "device_queued": -1, "device_end": -1, "host_queued_end": 1585578507.78133}, "device": "cpu", "nd_range": {"device_start": 2246281.981203488, "device_end": 2246281.98168753}, "cmdq": 0, "read": {"device_start": -1, "device_end": -1}}, "FFC_sans_bias27": {"write": {"device_start": 1585578442.583808, "host_queued_start": 1585578507.754863, "device_queued": 1585578442.583786, "device_end": 1585578442.5838165, "host_queued_end": 1585578507.769883}, "device": "gpu", "nd_range": {"device_start": 1585578442.583824, "device_end": 1585578442.5839314}, "cmdq": 0, "read": {"device_start": -1, "device_end": -1}}, "FFC_sans_bias20": {"write": {"device_start": -1, "host_queued_start": 1585578507.776298, "device_queued": -1, "device_end": -1, "host_queued_end": 1585578507.78133}, "device": "cpu", "nd_range": {"device_start": 2246281.975910899, "device_end": 2246281.9764061063}, "cmdq": 0, "read": {"device_start": -1, "device_end": -1}}, "FFC_sans_bias22": {"write": {"device_start": -1, "host_queued_start": 1585578507.778164, "device_queued": -1, "device_end": -1, "host_queued_end": 1585578507.78133}, "device": "cpu", "nd_range": {"device_start": 2246281.977514658, "device_end": 2246281.978008504}, "cmdq": 0, "read": {"device_start": -1, "device_end": -1}}, "softmax68": {"write": {"device_start": -1, "host_queued_start": 1585578507.765857, "device_queued": -1, "device_end": -1, "host_queued_end": 1585578507.769883}, "device": "gpu", "nd_range": {"device_start": 1585578442.5852196, "device_end": 1585578442.5854783}, "cmdq": 4, "read": {"device_start": -1, "device_end": -1}}, "softmax5": {"write": {"device_start": -1, "host_queued_start": 1585578507.778419, "device_queued": -1, "device_end": -1, "host_queued_end": 1585578507.78133}, "device": "cpu", "nd_range": {"device_start": 2246281.978022022, "device_end": 2246281.978049943}, "cmdq": 0, "read": {"device_start": -1, "device_end": -1}}, "FFC_sans_bias28": {"write": {"device_start": 1585578442.5838547, "host_queued_start": 1585578507.75536, "device_queued": 1585578442.58383, "device_end": 1585578442.5838635, "host_queued_end": 1585578507.769883}, "device": "gpu", "nd_range": {"device_start": 1585578442.583954, "device_end": 1585578442.584064}, "cmdq": 1, "read": {"device_start": -1, "device_end": -1}}, "FFC_sans_bias29": {"write": {"device_start": 1585578442.5838854, "host_queued_start": 1585578507.755852, "device_queued": 1585578442.5838578, "device_end": 1585578442.583895, "host_queued_end": 1585578507.769883}, "device": "gpu", "nd_range": {"device_start": 1585578442.5839732, "device_end": 1585578442.5841472}, "cmdq": 2, "read": {"device_start": -1, "device_end": -1}}, "empty17": {"write": {"device_start": -1, "host_queued_start": 1585578507.771122, "device_queued": -1, "device_end": -1, "host_queued_end": 1585578507.78133}, "device": "cpu", "nd_range": {"device_start": 2246281.9709403743, "device_end": 2246281.970941359}, "cmdq": 0, "read": {"device_start": -1, "device_end": -1}}, "softmax59": {"write": {"device_start": -1, "host_queued_start": 1585578507.765637, "device_queued": -1, "device_end": -1, "host_queued_end": 1585578507.769883}, "device": "gpu", "nd_range": {"device_start": 1585578442.5851295, "device_end": 1585578442.5852115}, "cmdq": 3, "read": {"device_start": -1, "device_end": -1}}, "empty71": {"write": {"device_start": 1585578442.5837252, "host_queued_start": 1585578507.754251, "device_queued": 1585578442.583703, "device_end": 1585578442.5837338, "host_queued_end": 1585578507.769883}, "device": "gpu", "nd_range": {"device_start": 1585578442.5837698, "device_end": 1585578442.5837789}, "cmdq": 4, "read": {"device_start": -1, "device_end": -1}}, "empty35": {"write": {"device_start": 1585578442.5835662, "host_queued_start": 1585578507.752407, "device_queued": 1585578442.5835328, "device_end": 1585578442.5835745, "host_queued_end": 1585578507.769883}, "device": "gpu", "nd_range": {"device_start": 1585578442.5835896, "device_end": 1585578442.5836015}, "cmdq": 0, "read": {"device_start": -1, "device_end": -1}}, "empty53": {"write": {"device_start": 1585578442.5836592, "host_queued_start": 1585578507.753407, "device_queued": 1585578442.583633, "device_end": 1585578442.5836678, "host_queued_end": 1585578507.769883}, "device": "gpu", "nd_range": {"device_start": 1585578442.58374, "device_end": 1585578442.583744}, "cmdq": 2, "read": {"device_start": -1, "device_end": -1}}, "FFC_sans_bias46": {"write": {"device_start": 1585578442.584221, "host_queued_start": 1585578507.75845, "device_queued": 1585578442.5841954, "device_end": 1585578442.5842304, "host_queued_end": 1585578507.769883}, "device": "gpu", "nd_range": {"device_start": 1585578442.5842965, "device_end": 1585578442.5844834}, "cmdq": 2, "read": {"device_start": -1, "device_end": -1}}, "coalesced_transpose66": {"write": {"device_start": -1, "host_queued_start": 1585578507.763351, "device_queued": -1, "device_end": -1, "host_queued_end": 1585578507.769883}, "device": "gpu", "nd_range": {"device_start": 1585578442.5848968, "device_end": 1585578442.585078}, "cmdq": 4, "read": {"device_start": -1, "device_end": -1}}, "coalesced_transpose48": {"write": {"device_start": -1, "host_queued_start": 1585578507.762819, "device_queued": -1, "device_end": -1, "host_queued_end": 1585578507.769883}, "device": "gpu", "nd_range": {"device_start": 1585578442.5847938, "device_end": 1585578442.5848193}, "cmdq": 2, "read": {"device_start": -1, "device_end": -1}}}