{"FFC_sans_bias60": {"write": {"device_start": -1, "host_queued_start": 1585578221.064074, "device_queued": -1, "device_end": -1, "host_queued_end": 1585578221.066427}, "device": "gpu", "nd_range": {"device_start": 1585578155.890216, "device_end": 1585578155.8903239}, "cmdq": 0, "read": {"device_start": -1, "device_end": -1}}, "FFC_sans_bias4": {"write": {"device_start": -1, "host_queued_start": 1585578221.076287, "device_queued": -1, "device_end": -1, "host_queued_end": 1585578221.081501}, "device": "cpu", "nd_range": {"device_start": 2245995.278036449, "device_end": 2245995.28051621}, "cmdq": 0, "read": {"device_start": -1, "device_end": -1}}, "FFC_sans_bias7": {"write": {"device_start": -1, "host_queued_start": 1585578221.08008, "device_queued": -1, "device_end": -1, "host_queued_end": 1585578221.081501}, "device": "cpu", "nd_range": {"device_start": 2245995.282807021, "device_end": 2245995.2840118962}, "cmdq": 0, "read": {"device_start": -1, "device_end": -1}}, "FFC_sans_bias6": {"write": {"device_start": -1, "host_queued_start": 1585578221.078554, "device_queued": -1, "device_end": -1, "host_queued_end": 1585578221.081501}, "device": "cpu", "nd_range": {"device_start": 2245995.280876901, "device_end": 2245995.282799887}, "cmdq": 0, "read": {"device_start": -1, "device_end": -1}}, "FFC_sans_bias1": {"write": {"device_start": -1, "host_queued_start": 1585578221.069572, "device_queued": -1, "device_end": -1, "host_queued_end": 1585578221.081501}, "device": "cpu", "nd_range": {"device_start": 2245995.271117972, "device_end": 2245995.2730946722}, "cmdq": 1, "read": {"device_start": -1, "device_end": -1}}, "FFC_sans_bias0": {"write": {"device_start": -1, "host_queued_start": 1585578221.06902, "device_queued": -1, "device_end": -1, "host_queued_end": 1585578221.081501}, "device": "cpu", "nd_range": {"device_start": 2245995.271118311, "device_end": 2245995.27308428}, "cmdq": 0, "read": {"device_start": -1, "device_end": -1}}, "FFC_sans_bias2": {"write": {"device_start": -1, "host_queued_start": 1585578221.070095, "device_queued": -1, "device_end": -1, "host_queued_end": 1585578221.081501}, "device": "cpu", "nd_range": {"device_start": 2245995.2714101993, "device_end": 2245995.273347875}, "cmdq": 2, "read": {"device_start": -1, "device_end": -1}}, "FFC_sans_bias61": {"write": {"device_start": 1585578155.8905494, "host_queued_start": 1585578221.065828, "device_queued": 1585578155.8899958, "device_end": 1585578155.8905578, "host_queued_end": 1585578221.066427}, "device": "gpu", "nd_range": {"device_start": 1585578155.890559, "device_end": 1585578155.8907053}, "cmdq": 0, "read": {"device_start": 1585578155.890721, "device_end": 1585578155.8907318}}, "FFC_sans_bias52": {"write": {"device_start": 1585578155.8905282, "host_queued_start": 1585578221.065335, "device_queued": 1585578155.889795, "device_end": 1585578155.890542, "host_queued_end": 1585578221.066427}, "device": "gpu", "nd_range": {"device_start": 1585578155.8905432, "device_end": 1585578155.8906522}, "cmdq": 1, "read": {"device_start": 1585578155.8906538, "device_end": 1585578155.890663}}, "FFC_sans_bias9": {"write": {"device_start": -1, "host_queued_start": 1585578221.070638, "device_queued": -1, "device_end": -1, "host_queued_end": 1585578221.081501}, "device": "cpu", "nd_range": {"device_start": 2245995.271155834, "device_end": 2245995.2731502983}, "cmdq": 3, "read": {"device_start": -1, "device_end": -1}}, "coalesced_transpose39": {"write": {"device_start": -1, "host_queued_start": 1585578221.060322, "device_queued": -1, "device_end": -1, "host_queued_end": 1585578221.066427}, "device": "gpu", "nd_range": {"device_start": 1585578155.889683, "device_end": 1585578155.88969}, "cmdq": 0, "read": {"device_start": -1, "device_end": -1}}, "FFC_sans_bias55": {"write": {"device_start": 1585578155.8894176, "host_queued_start": 1585578221.058506, "device_queued": 1585578155.889297, "device_end": 1585578155.8894324, "host_queued_end": 1585578221.066427}, "device": "gpu", "nd_range": {"device_start": 1585578155.8894334, "device_end": 1585578155.8895435}, "cmdq": 0, "read": {"device_start": -1, "device_end": -1}}, "FFC_sans_bias54": {"write": {"device_start": 1585578155.8893447, "host_queued_start": 1585578221.057993, "device_queued": 1585578155.8892615, "device_end": 1585578155.8893533, "host_queued_end": 1585578221.066427}, "device": "gpu", "nd_range": {"device_start": 1585578155.8893542, "device_end": 1585578155.8894627}, "cmdq": 1, "read": {"device_start": -1, "device_end": -1}}, "FFC_sans_bias56": {"write": {"device_start": 1585578155.8892457, "host_queued_start": 1585578221.057502, "device_queued": 1585578155.8892171, "device_end": 1585578155.8892546, "host_queued_end": 1585578221.066427}, "device": "gpu", "nd_range": {"device_start": 1585578155.8892555, "device_end": 1585578155.8894124}, "cmdq": 0, "read": {"device_start": -1, "device_end": -1}}, "FFC_sans_bias51": {"write": {"device_start": -1, "host_queued_start": 1585578221.063787, "device_queued": -1, "device_end": -1, "host_queued_end": 1585578221.066427}, "device": "gpu", "nd_range": {"device_start": 1585578155.8902218, "device_end": 1585578155.8904006}, "cmdq": 1, "read": {"device_start": -1, "device_end": -1}}, "softmax23": {"write": {"device_start": -1, "host_queued_start": 1585578221.077984, "device_queued": -1, "device_end": -1, "host_queued_end": 1585578221.081501}, "device": "cpu", "nd_range": {"device_start": 2245995.2803713, "device_end": 2245995.280432218}, "cmdq": 2, "read": {"device_start": -1, "device_end": -1}}, "FFC_sans_bias37": {"write": {"device_start": 1585578155.8889134, "host_queued_start": 1585578221.054902, "device_queued": 1585578155.8888898, "device_end": 1585578155.888922, "host_queued_end": 1585578221.066427}, "device": "gpu", "nd_range": {"device_start": 1585578155.888925, "device_end": 1585578155.889047}, "cmdq": 1, "read": {"device_start": -1, "device_end": -1}}, "empty62": {"write": {"device_start": 1585578155.888803, "host_queued_start": 1585578221.053491, "device_queued": 1585578155.8887794, "device_end": 1585578155.8888116, "host_queued_end": 1585578221.066427}, "device": "gpu", "nd_range": {"device_start": 1585578155.8888125, "device_end": 1585578155.888816}, "cmdq": 0, "read": {"device_start": -1, "device_end": -1}}, "FFC_sans_bias70": {"write": {"device_start": 1585578155.8907225, "host_queued_start": 1585578221.066326, "device_queued": 1585578155.890036, "device_end": 1585578155.8907342, "host_queued_end": 1585578221.066427}, "device": "gpu", "nd_range": {"device_start": 1585578155.8907354, "device_end": 1585578155.8908405}, "cmdq": 1, "read": {"device_start": 1585578155.8908482, "device_end": 1585578155.8908606}}, "FFC_sans_bias58": {"write": {"device_start": -1, "host_queued_start": 1585578221.061996, "device_queued": -1, "device_end": -1, "host_queued_end": 1585578221.066427}, "device": "gpu", "nd_range": {"device_start": 1585578155.8898218, "device_end": 1585578155.8899477}, "cmdq": 0, "read": {"device_start": -1, "device_end": -1}}, "softmax41": {"write": {"device_start": -1, "host_queued_start": 1585578221.062496, "device_queued": -1, "device_end": -1, "host_queued_end": 1585578221.066427}, "device": "gpu", "nd_range": {"device_start": 1585578155.88995, "device_end": 1585578155.890031}, "cmdq": 0, "read": {"device_start": -1, "device_end": -1}}, "FFC_sans_bias11": {"write": {"device_start": -1, "host_queued_start": 1585578221.071654, "device_queued": -1, "device_end": -1, "host_queued_end": 1585578221.081501}, "device": "cpu", "nd_range": {"device_start": 2245995.2731011403, "device_end": 2245995.275022622}, "cmdq": 1, "read": {"device_start": -1, "device_end": -1}}, "FFC_sans_bias10": {"write": {"device_start": -1, "host_queued_start": 1585578221.071148, "device_queued": -1, "device_end": -1, "host_queued_end": 1585578221.081501}, "device": "cpu", "nd_range": {"device_start": 2245995.273091174, "device_end": 2245995.275009065}, "cmdq": 0, "read": {"device_start": -1, "device_end": -1}}, "coalesced_transpose3": {"write": {"device_start": -1, "host_queued_start": 1585578221.074994, "device_queued": -1, "device_end": -1, "host_queued_end": 1585578221.081501}, "device": "cpu", "nd_range": {"device_start": 2245995.27787803, "device_end": 2245995.277932329}, "cmdq": 0, "read": {"device_start": -1, "device_end": -1}}, "FFC_sans_bias34": {"write": {"device_start": -1, "host_queued_start": 1585578221.081458, "device_queued": -1, "device_end": -1, "host_queued_end": 1585578221.081501}, "device": "cpu", "nd_range": {"device_start": 2245995.282125521, "device_end": 2245995.2837630543}, "cmdq": 3, "read": {"device_start": -1, "device_end": -1}}, "FFC_sans_bias15": {"write": {"device_start": -1, "host_queued_start": 1585578221.078894, "device_queued": -1, "device_end": -1, "host_queued_end": 1585578221.081501}, "device": "cpu", "nd_range": {"device_start": 2245995.2786323153, "device_end": 2245995.2805989212}, "cmdq": 1, "read": {"device_start": -1, "device_end": -1}}, "FFC_sans_bias31": {"write": {"device_start": -1, "host_queued_start": 1585578221.07723, "device_queued": -1, "device_end": -1, "host_queued_end": 1585578221.081501}, "device": "cpu", "nd_range": {"device_start": 2245995.27844324, "device_end": 2245995.279918929}, "cmdq": 3, "read": {"device_start": -1, "device_end": -1}}, "FFC_sans_bias16": {"write": {"device_start": -1, "host_queued_start": 1585578221.080555, "device_queued": -1, "device_end": -1, "host_queued_end": 1585578221.081501}, "device": "cpu", "nd_range": {"device_start": 2245995.280606231, "device_end": 2245995.2825349933}, "cmdq": 1, "read": {"device_start": -1, "device_end": -1}}, "FFC_sans_bias19": {"write": {"device_start": -1, "host_queued_start": 1585578221.072656, "device_queued": -1, "device_end": -1, "host_queued_end": 1585578221.081501}, "device": "cpu", "nd_range": {"device_start": 2245995.2731577563, "device_end": 2245995.275086402}, "cmdq": 3, "read": {"device_start": -1, "device_end": -1}}, "FFC_sans_bias18": {"write": {"device_start": -1, "host_queued_start": 1585578221.072158, "device_queued": -1, "device_end": -1, "host_queued_end": 1585578221.081501}, "device": "cpu", "nd_range": {"device_start": 2245995.2734553153, "device_end": 2245995.2753725853}, "cmdq": 2, "read": {"device_start": -1, "device_end": -1}}, "coalesced_transpose30": {"write": {"device_start": -1, "host_queued_start": 1585578221.075979, "device_queued": -1, "device_end": -1, "host_queued_end": 1585578221.081501}, "device": "cpu", "nd_range": {"device_start": 2245995.2783780023, "device_end": 2245995.278430461}, "cmdq": 3, "read": {"device_start": -1, "device_end": -1}}, "FFC_sans_bias69": {"write": {"device_start": -1, "host_queued_start": 1585578221.064359, "device_queued": -1, "device_end": -1, "host_queued_end": 1585578221.066427}, "device": "gpu", "nd_range": {"device_start": 1585578155.890403, "device_end": 1585578155.8905246}, "cmdq": 1, "read": {"device_start": -1, "device_end": -1}}, "FFC_sans_bias38": {"write": {"device_start": 1585578155.8889966, "host_queued_start": 1585578221.055393, "device_queued": 1585578155.8889332, "device_end": 1585578155.88901, "host_queued_end": 1585578221.066427}, "device": "gpu", "nd_range": {"device_start": 1585578155.8890114, "device_end": 1585578155.8891234}, "cmdq": 0, "read": {"device_start": -1, "device_end": -1}}, "coalesced_transpose57": {"write": {"device_start": -1, "host_queued_start": 1585578221.060866, "device_queued": -1, "device_end": -1, "host_queued_end": 1585578221.066427}, "device": "gpu", "nd_range": {"device_start": 1585578155.8896909, "device_end": 1585578155.8896976}, "cmdq": 0, "read": {"device_start": -1, "device_end": -1}}, "empty26": {"write": {"device_start": -1, "host_queued_start": 1585578221.068005, "device_queued": -1, "device_end": -1, "host_queued_end": 1585578221.081501}, "device": "cpu", "nd_range": {"device_start": 2245995.271244497, "device_end": 2245995.271247921}, "cmdq": 2, "read": {"device_start": -1, "device_end": -1}}, "coalesced_transpose12": {"write": {"device_start": -1, "host_queued_start": 1585578221.075285, "device_queued": -1, "device_end": -1, "host_queued_end": 1585578221.081501}, "device": "cpu", "nd_range": {"device_start": 2245995.2771242224, "device_end": 2245995.277197066}, "cmdq": 1, "read": {"device_start": -1, "device_end": -1}}, "empty44": {"write": {"device_start": 1585578155.8886888, "host_queued_start": 1585578221.052487, "device_queued": 1585578155.8886468, "device_end": 1585578155.8886974, "host_queued_end": 1585578221.066427}, "device": "gpu", "nd_range": {"device_start": 1585578155.8887131, "device_end": 1585578155.8887322}, "cmdq": 0, "read": {"device_start": -1, "device_end": -1}}, "coalesced_transpose21": {"write": {"device_start": -1, "host_queued_start": 1585578221.075673, "device_queued": -1, "device_end": -1, "host_queued_end": 1585578221.081501}, "device": "cpu", "nd_range": {"device_start": 2245995.2781869373, "device_end": 2245995.278240298}, "cmdq": 2, "read": {"device_start": -1, "device_end": -1}}, "FFC_sans_bias36": {"write": {"device_start": 1585578155.888873, "host_queued_start": 1585578221.054396, "device_queued": 1585578155.8888516, "device_end": 1585578155.8888817, "host_queued_end": 1585578221.066427}, "device": "gpu", "nd_range": {"device_start": 1585578155.888883, "device_end": 1585578155.8889914}, "cmdq": 0, "read": {"device_start": -1, "device_end": -1}}, "softmax14": {"write": {"device_start": -1, "host_queued_start": 1585578221.077747, "device_queued": -1, "device_end": -1, "host_queued_end": 1585578221.081501}, "device": "cpu", "nd_range": {"device_start": 2245995.278563052, "device_end": 2245995.278621119}, "cmdq": 1, "read": {"device_start": -1, "device_end": -1}}, "FFC_sans_bias13": {"write": {"device_start": -1, "host_queued_start": 1585578221.076606, "device_queued": -1, "device_end": -1, "host_queued_end": 1585578221.081501}, "device": "cpu", "nd_range": {"device_start": 2245995.27720766, "device_end": 2245995.278423559}, "cmdq": 1, "read": {"device_start": -1, "device_end": -1}}, "empty8": {"write": {"device_start": -1, "host_queued_start": 1585578221.067111, "device_queued": -1, "device_end": -1, "host_queued_end": 1585578221.081501}, "device": "cpu", "nd_range": {"device_start": 2245995.271089684, "device_end": 2245995.271099369}, "cmdq": 0, "read": {"device_start": -1, "device_end": -1}}, "FFC_sans_bias42": {"write": {"device_start": -1, "host_queued_start": 1585578221.063506, "device_queued": -1, "device_end": -1, "host_queued_end": 1585578221.066427}, "device": "gpu", "nd_range": {"device_start": 1585578155.8901062, "device_end": 1585578155.8902147}, "cmdq": 0, "read": {"device_start": -1, "device_end": -1}}, "FFC_sans_bias43": {"write": {"device_start": 1585578155.8903258, "host_queued_start": 1585578221.064827, "device_queued": 1585578155.8897586, "device_end": 1585578155.8903346, "host_queued_end": 1585578221.066427}, "device": "gpu", "nd_range": {"device_start": 1585578155.8903356, "device_end": 1585578155.8904464}, "cmdq": 0, "read": {"device_start": 1585578155.8904552, "device_end": 1585578155.890464}}, "FFC_sans_bias40": {"write": {"device_start": -1, "host_queued_start": 1585578221.061408, "device_queued": -1, "device_end": -1, "host_queued_end": 1585578221.066427}, "device": "gpu", "nd_range": {"device_start": 1585578155.8896987, "device_end": 1585578155.889817}, "cmdq": 0, "read": {"device_start": -1, "device_end": -1}}, "softmax32": {"write": {"device_start": -1, "host_queued_start": 1585578221.078237, "device_queued": -1, "device_end": -1, "host_queued_end": 1585578221.081501}, "device": "cpu", "nd_range": {"device_start": 2245995.2800337602, "device_end": 2245995.280081116}, "cmdq": 3, "read": {"device_start": -1, "device_end": -1}}, "FFC_sans_bias47": {"write": {"device_start": 1585578155.8892195, "host_queued_start": 1585578221.056871, "device_queued": 1585578155.8890646, "device_end": 1585578155.8892293, "host_queued_end": 1585578221.066427}, "device": "gpu", "nd_range": {"device_start": 1585578155.889231, "device_end": 1585578155.8893402}, "cmdq": 1, "read": {"device_start": -1, "device_end": -1}}, "FFC_sans_bias45": {"write": {"device_start": 1585578155.8890493, "host_queued_start": 1585578221.055882, "device_queued": 1585578155.888981, "device_end": 1585578155.8890576, "host_queued_end": 1585578221.066427}, "device": "gpu", "nd_range": {"device_start": 1585578155.8890586, "device_end": 1585578155.8892174}, "cmdq": 1, "read": {"device_start": -1, "device_end": -1}}, "softmax50": {"write": {"device_start": -1, "host_queued_start": 1585578221.062776, "device_queued": -1, "device_end": -1, "host_queued_end": 1585578221.066427}, "device": "gpu", "nd_range": {"device_start": 1585578155.890038, "device_end": 1585578155.8901196}, "cmdq": 1, "read": {"device_start": -1, "device_end": -1}}, "FFC_sans_bias33": {"write": {"device_start": -1, "host_queued_start": 1585578221.07956, "device_queued": -1, "device_end": -1, "host_queued_end": 1585578221.081501}, "device": "cpu", "nd_range": {"device_start": 2245995.280184837, "device_end": 2245995.28211703}, "cmdq": 3, "read": {"device_start": -1, "device_end": -1}}, "FFC_sans_bias63": {"write": {"device_start": 1585578155.8896275, "host_queued_start": 1585578221.06003, "device_queued": 1585578155.8894067, "device_end": 1585578155.889636, "host_queued_end": 1585578221.066427}, "device": "gpu", "nd_range": {"device_start": 1585578155.8896372, "device_end": 1585578155.8897471}, "cmdq": 1, "read": {"device_start": -1, "device_end": -1}}, "FFC_sans_bias49": {"write": {"device_start": -1, "host_queued_start": 1585578221.061707, "device_queued": -1, "device_end": -1, "host_queued_end": 1585578221.066427}, "device": "gpu", "nd_range": {"device_start": 1585578155.8897753, "device_end": 1585578155.8899088}, "cmdq": 1, "read": {"device_start": -1, "device_end": -1}}, "FFC_sans_bias64": {"write": {"device_start": 1585578155.8894649, "host_queued_start": 1585578221.059045, "device_queued": 1585578155.8893282, "device_end": 1585578155.8894734, "host_queued_end": 1585578221.066427}, "device": "gpu", "nd_range": {"device_start": 1585578155.8894746, "device_end": 1585578155.8896255}, "cmdq": 1, "read": {"device_start": -1, "device_end": -1}}, "FFC_sans_bias65": {"write": {"device_start": 1585578155.889546, "host_queued_start": 1585578221.059538, "device_queued": 1585578155.889364, "device_end": 1585578155.8895543, "host_queued_end": 1585578221.066427}, "device": "gpu", "nd_range": {"device_start": 1585578155.8895555, "device_end": 1585578155.8896818}, "cmdq": 0, "read": {"device_start": -1, "device_end": -1}}, "FFC_sans_bias67": {"write": {"device_start": -1, "host_queued_start": 1585578221.062269, "device_queued": -1, "device_end": -1, "host_queued_end": 1585578221.066427}, "device": "gpu", "nd_range": {"device_start": 1585578155.8899114, "device_end": 1585578155.890036}, "cmdq": 1, "read": {"device_start": -1, "device_end": -1}}, "FFC_sans_bias24": {"write": {"device_start": -1, "host_queued_start": 1585578221.079218, "device_queued": -1, "device_end": -1, "host_queued_end": 1585578221.081501}, "device": "cpu", "nd_range": {"device_start": 2245995.280536433, "device_end": 2245995.2824597782}, "cmdq": 2, "read": {"device_start": -1, "device_end": -1}}, "FFC_sans_bias25": {"write": {"device_start": -1, "host_queued_start": 1585578221.081, "device_queued": -1, "device_end": -1, "host_queued_end": 1585578221.081501}, "device": "cpu", "nd_range": {"device_start": 2245995.2824666863, "device_end": 2245995.2839108533}, "cmdq": 2, "read": {"device_start": -1, "device_end": -1}}, "FFC_sans_bias27": {"write": {"device_start": -1, "host_queued_start": 1585578221.073656, "device_queued": -1, "device_end": -1, "host_queued_end": 1585578221.081501}, "device": "cpu", "nd_range": {"device_start": 2245995.275043296, "device_end": 2245995.276996728}, "cmdq": 1, "read": {"device_start": -1, "device_end": -1}}, "FFC_sans_bias20": {"write": {"device_start": -1, "host_queued_start": 1585578221.073161, "device_queued": -1, "device_end": -1, "host_queued_end": 1585578221.081501}, "device": "cpu", "nd_range": {"device_start": 2245995.275149145, "device_end": 2245995.277763567}, "cmdq": 0, "read": {"device_start": -1, "device_end": -1}}, "FFC_sans_bias22": {"write": {"device_start": -1, "host_queued_start": 1585578221.076928, "device_queued": -1, "device_end": -1, "host_queued_end": 1585578221.081501}, "device": "cpu", "nd_range": {"device_start": 2245995.278340807, "device_end": 2245995.280266168}, "cmdq": 2, "read": {"device_start": -1, "device_end": -1}}, "softmax68": {"write": {"device_start": -1, "host_queued_start": 1585578221.063216, "device_queued": -1, "device_end": -1, "host_queued_end": 1585578221.066427}, "device": "gpu", "nd_range": {"device_start": 1585578155.8901272, "device_end": 1585578155.8902197}, "cmdq": 1, "read": {"device_start": -1, "device_end": -1}}, "softmax5": {"write": {"device_start": -1, "host_queued_start": 1585578221.077496, "device_queued": -1, "device_end": -1, "host_queued_end": 1585578221.081501}, "device": "cpu", "nd_range": {"device_start": 2245995.280724285, "device_end": 2245995.2807721323}, "cmdq": 0, "read": {"device_start": -1, "device_end": -1}}, "FFC_sans_bias28": {"write": {"device_start": -1, "host_queued_start": 1585578221.074156, "device_queued": -1, "device_end": -1, "host_queued_end": 1585578221.081501}, "device": "cpu", "nd_range": {"device_start": 2245995.275744024, "device_end": 2245995.278078848}, "cmdq": 2, "read": {"device_start": -1, "device_end": -1}}, "FFC_sans_bias29": {"write": {"device_start": -1, "host_queued_start": 1585578221.074689, "device_queued": -1, "device_end": -1, "host_queued_end": 1585578221.081501}, "device": "cpu", "nd_range": {"device_start": 2245995.275200595, "device_end": 2245995.2771836882}, "cmdq": 3, "read": {"device_start": -1, "device_end": -1}}, "empty17": {"write": {"device_start": -1, "host_queued_start": 1585578221.067589, "device_queued": -1, "device_end": -1, "host_queued_end": 1585578221.081501}, "device": "cpu", "nd_range": {"device_start": 2245995.271089813, "device_end": 2245995.271099375}, "cmdq": 1, "read": {"device_start": -1, "device_end": -1}}, "softmax59": {"write": {"device_start": -1, "host_queued_start": 1585578221.062989, "device_queued": -1, "device_end": -1, "host_queued_end": 1585578221.066427}, "device": "gpu", "nd_range": {"device_start": 1585578155.8900323, "device_end": 1585578155.8901038}, "cmdq": 0, "read": {"device_start": -1, "device_end": -1}}, "empty71": {"write": {"device_start": 1585578155.888836, "host_queued_start": 1585578221.053858, "device_queued": 1585578155.8888152, "device_end": 1585578155.8888445, "host_queued_end": 1585578221.066427}, "device": "gpu", "nd_range": {"device_start": 1585578155.8888457, "device_end": 1585578155.888849}, "cmdq": 1, "read": {"device_start": -1, "device_end": -1}}, "empty35": {"write": {"device_start": -1, "host_queued_start": 1585578221.068451, "device_queued": -1, "device_end": -1, "host_queued_end": 1585578221.081501}, "device": "cpu", "nd_range": {"device_start": 2245995.2711351803, "device_end": 2245995.271140146}, "cmdq": 3, "read": {"device_start": -1, "device_end": -1}}, "empty53": {"write": {"device_start": 1585578155.8887656, "host_queued_start": 1585578221.053084, "device_queued": 1585578155.888742, "device_end": 1585578155.888774, "host_queued_end": 1585578221.066427}, "device": "gpu", "nd_range": {"device_start": 1585578155.8887753, "device_end": 1585578155.8887787}, "cmdq": 1, "read": {"device_start": -1, "device_end": -1}}, "FFC_sans_bias46": {"write": {"device_start": 1585578155.8891256, "host_queued_start": 1585578221.056376, "device_queued": 1585578155.889027, "device_end": 1585578155.8891342, "host_queued_end": 1585578221.066427}, "device": "gpu", "nd_range": {"device_start": 1585578155.8891351, "device_end": 1585578155.8892438}, "cmdq": 0, "read": {"device_start": -1, "device_end": -1}}, "coalesced_transpose66": {"write": {"device_start": -1, "host_queued_start": 1585578221.061134, "device_queued": -1, "device_end": -1, "host_queued_end": 1585578221.066427}, "device": "gpu", "nd_range": {"device_start": 1585578155.8897614, "device_end": 1585578155.889774}, "cmdq": 1, "read": {"device_start": -1, "device_end": -1}}, "coalesced_transpose48": {"write": {"device_start": -1, "host_queued_start": 1585578221.06059, "device_queued": -1, "device_end": -1, "host_queued_end": 1585578221.066427}, "device": "gpu", "nd_range": {"device_start": 1585578155.8897483, "device_end": 1585578155.88976}, "cmdq": 1, "read": {"device_start": -1, "device_end": -1}}}