{"FFC_sans_bias60": {"write": {"device_start": -1, "host_queued_start": 1585578314.767133, "device_queued": -1, "device_end": -1, "host_queued_end": 1585578314.770002}, "device": "gpu", "nd_range": {"device_start": 1585578249.5911703, "device_end": 1585578249.591325}, "cmdq": 2, "read": {"device_start": -1, "device_end": -1}}, "FFC_sans_bias4": {"write": {"device_start": -1, "host_queued_start": 1585578314.777814, "device_queued": -1, "device_end": -1, "host_queued_end": 1585578314.781646}, "device": "cpu", "nd_range": {"device_start": 2246088.9767139573, "device_end": 2246088.9779157243}, "cmdq": 0, "read": {"device_start": -1, "device_end": -1}}, "FFC_sans_bias7": {"write": {"device_start": -1, "host_queued_start": 1585578314.780682, "device_queued": -1, "device_end": -1, "host_queued_end": 1585578314.781646}, "device": "cpu", "nd_range": {"device_start": 2246088.979631158, "device_end": 2246088.9807177843}, "cmdq": 0, "read": {"device_start": -1, "device_end": -1}}, "FFC_sans_bias6": {"write": {"device_start": -1, "host_queued_start": 1585578314.779521, "device_queued": -1, "device_end": -1, "host_queued_end": 1585578314.781646}, "device": "cpu", "nd_range": {"device_start": 2246088.9780793414, "device_end": 2246088.979520955}, "cmdq": 0, "read": {"device_start": -1, "device_end": -1}}, "FFC_sans_bias1": {"write": {"device_start": -1, "host_queued_start": 1585578314.772855, "device_queued": -1, "device_end": -1, "host_queued_end": 1585578314.781646}, "device": "cpu", "nd_range": {"device_start": 2246088.971265801, "device_end": 2246088.9731536442}, "cmdq": 1, "read": {"device_start": -1, "device_end": -1}}, "FFC_sans_bias0": {"write": {"device_start": -1, "host_queued_start": 1585578314.772227, "device_queued": -1, "device_end": -1, "host_queued_end": 1585578314.781646}, "device": "cpu", "nd_range": {"device_start": 2246088.971265214, "device_end": 2246088.973272299}, "cmdq": 0, "read": {"device_start": -1, "device_end": -1}}, "FFC_sans_bias2": {"write": {"device_start": -1, "host_queued_start": 1585578314.773465, "device_queued": -1, "device_end": -1, "host_queued_end": 1585578314.781646}, "device": "cpu", "nd_range": {"device_start": 2246088.971274523, "device_end": 2246088.972932138}, "cmdq": 2, "read": {"device_start": -1, "device_end": -1}}, "FFC_sans_bias61": {"write": {"device_start": 1585578249.5916934, "host_queued_start": 1585578314.769407, "device_queued": 1585578249.5910242, "device_end": 1585578249.591703, "host_queued_end": 1585578314.770002}, "device": "gpu", "nd_range": {"device_start": 1585578249.5917041, "device_end": 1585578249.5918114}, "cmdq": 1, "read": {"device_start": 1585578249.5918143, "device_end": 1585578249.5918276}}, "FFC_sans_bias52": {"write": {"device_start": 1585578249.5915012, "host_queued_start": 1585578314.76891, "device_queued": 1585578249.5908995, "device_end": 1585578249.5915096, "host_queued_end": 1585578314.770002}, "device": "gpu", "nd_range": {"device_start": 1585578249.5915108, "device_end": 1585578249.5916455}, "cmdq": 0, "read": {"device_start": 1585578249.591651, "device_end": 1585578249.591667}}, "FFC_sans_bias9": {"write": {"device_start": -1, "host_queued_start": 1585578314.773968, "device_queued": -1, "device_end": -1, "host_queued_end": 1585578314.781646}, "device": "cpu", "nd_range": {"device_start": 2246088.9736386943, "device_end": 2246088.9752045562}, "cmdq": 0, "read": {"device_start": -1, "device_end": -1}}, "coalesced_transpose39": {"write": {"device_start": -1, "host_queued_start": 1585578314.762599, "device_queued": -1, "device_end": -1, "host_queued_end": 1585578314.770002}, "device": "gpu", "nd_range": {"device_start": 1585578249.590615, "device_end": 1585578249.5906205}, "cmdq": 0, "read": {"device_start": -1, "device_end": -1}}, "FFC_sans_bias55": {"write": {"device_start": 1585578249.5903125, "host_queued_start": 1585578314.760536, "device_queued": 1585578249.5901875, "device_end": 1585578249.5903213, "host_queued_end": 1585578314.770002}, "device": "gpu", "nd_range": {"device_start": 1585578249.5903223, "device_end": 1585578249.5905004}, "cmdq": 1, "read": {"device_start": -1, "device_end": -1}}, "FFC_sans_bias54": {"write": {"device_start": 1585578249.5902286, "host_queued_start": 1585578314.760023, "device_queued": 1585578249.590144, "device_end": 1585578249.5902371, "host_queued_end": 1585578314.770002}, "device": "gpu", "nd_range": {"device_start": 1585578249.5902383, "device_end": 1585578249.5904212}, "cmdq": 0, "read": {"device_start": -1, "device_end": -1}}, "FFC_sans_bias56": {"write": {"device_start": 1585578249.5902042, "host_queued_start": 1585578314.759517, "device_queued": 1585578249.5900865, "device_end": 1585578249.590213, "host_queued_end": 1585578314.770002}, "device": "gpu", "nd_range": {"device_start": 1585578249.5902143, "device_end": 1585578249.5903835}, "cmdq": 2, "read": {"device_start": -1, "device_end": -1}}, "FFC_sans_bias51": {"write": {"device_start": -1, "host_queued_start": 1585578314.766842, "device_queued": -1, "device_end": -1, "host_queued_end": 1585578314.770002}, "device": "gpu", "nd_range": {"device_start": 1585578249.591289, "device_end": 1585578249.5914018}, "cmdq": 1, "read": {"device_start": -1, "device_end": -1}}, "softmax23": {"write": {"device_start": -1, "host_queued_start": 1585578314.779208, "device_queued": -1, "device_end": -1, "host_queued_end": 1585578314.781646}, "device": "cpu", "nd_range": {"device_start": 2246088.977491221, "device_end": 2246088.9775629113}, "cmdq": 2, "read": {"device_start": -1, "device_end": -1}}, "FFC_sans_bias37": {"write": {"device_start": 1585578249.589817, "host_queued_start": 1585578314.756865, "device_queued": 1585578249.5897965, "device_end": 1585578249.5898256, "host_queued_end": 1585578314.770002}, "device": "gpu", "nd_range": {"device_start": 1585578249.5898292, "device_end": 1585578249.5900068}, "cmdq": 0, "read": {"device_start": -1, "device_end": -1}}, "empty62": {"write": {"device_start": 1585578249.5895605, "host_queued_start": 1585578314.753938, "device_queued": 1585578249.5895383, "device_end": 1585578249.589569, "host_queued_end": 1585578314.770002}, "device": "gpu", "nd_range": {"device_start": 1585578249.58957, "device_end": 1585578249.5895736}, "cmdq": 0, "read": {"device_start": -1, "device_end": -1}}, "FFC_sans_bias70": {"write": {"device_start": 1585578249.5916119, "host_queued_start": 1585578314.769902, "device_queued": 1585578249.5909748, "device_end": 1585578249.5916202, "host_queued_end": 1585578314.770002}, "device": "gpu", "nd_range": {"device_start": 1585578249.5916216, "device_end": 1585578249.5917287}, "cmdq": 2, "read": {"device_start": 1585578249.591739, "device_end": 1585578249.5917466}}, "FFC_sans_bias58": {"write": {"device_start": -1, "host_queued_start": 1585578314.764575, "device_queued": -1, "device_end": -1, "host_queued_end": 1585578314.770002}, "device": "gpu", "nd_range": {"device_start": 1585578249.5908659, "device_end": 1585578249.5910213}, "cmdq": 1, "read": {"device_start": -1, "device_end": -1}}, "softmax41": {"write": {"device_start": -1, "host_queued_start": 1585578314.765302, "device_queued": -1, "device_end": -1, "host_queued_end": 1585578314.770002}, "device": "gpu", "nd_range": {"device_start": 1585578249.5910246, "device_end": 1585578249.5911403}, "cmdq": 1, "read": {"device_start": -1, "device_end": -1}}, "FFC_sans_bias11": {"write": {"device_start": -1, "host_queued_start": 1585578314.774985, "device_queued": -1, "device_end": -1, "host_queued_end": 1585578314.781646}, "device": "cpu", "nd_range": {"device_start": 2246088.972939623, "device_end": 2246088.9741447}, "cmdq": 2, "read": {"device_start": -1, "device_end": -1}}, "FFC_sans_bias10": {"write": {"device_start": -1, "host_queued_start": 1585578314.774469, "device_queued": -1, "device_end": -1, "host_queued_end": 1585578314.781646}, "device": "cpu", "nd_range": {"device_start": 2246088.973271823, "device_end": 2246088.97435609}, "cmdq": 1, "read": {"device_start": -1, "device_end": -1}}, "coalesced_transpose3": {"write": {"device_start": -1, "host_queued_start": 1585578314.77689, "device_queued": -1, "device_end": -1, "host_queued_end": 1585578314.781646}, "device": "cpu", "nd_range": {"device_start": 2246088.976554227, "device_end": 2246088.976607858}, "cmdq": 0, "read": {"device_start": -1, "device_end": -1}}, "FFC_sans_bias34": {"write": {"device_start": 1585578249.5914042, "host_queued_start": 1585578314.767882, "device_queued": 1585578249.5908558, "device_end": 1585578249.5914128, "host_queued_end": 1585578314.770002}, "device": "gpu", "nd_range": {"device_start": 1585578249.591414, "device_end": 1585578249.591602}, "cmdq": 1, "read": {"device_start": 1585578249.5916042, "device_end": 1585578249.591614}}, "FFC_sans_bias15": {"write": {"device_start": -1, "host_queued_start": 1585578314.779854, "device_queued": -1, "device_end": -1, "host_queued_end": 1585578314.781646}, "device": "cpu", "nd_range": {"device_start": 2246088.978362245, "device_end": 2246088.979684264}, "cmdq": 1, "read": {"device_start": -1, "device_end": -1}}, "FFC_sans_bias31": {"write": {"device_start": -1, "host_queued_start": 1585578314.763717, "device_queued": -1, "device_end": -1, "host_queued_end": 1585578314.770002}, "device": "gpu", "nd_range": {"device_start": 1585578249.5906706, "device_end": 1585578249.5908637}, "cmdq": 1, "read": {"device_start": -1, "device_end": -1}}, "FFC_sans_bias16": {"write": {"device_start": -1, "host_queued_start": 1585578314.781132, "device_queued": -1, "device_end": -1, "host_queued_end": 1585578314.781646}, "device": "cpu", "nd_range": {"device_start": 2246088.979794537, "device_end": 2246088.9809979373}, "cmdq": 1, "read": {"device_start": -1, "device_end": -1}}, "FFC_sans_bias19": {"write": {"device_start": -1, "host_queued_start": 1585578314.775989, "device_queued": -1, "device_end": -1, "host_queued_end": 1585578314.781646}, "device": "cpu", "nd_range": {"device_start": 2246088.974470762, "device_end": 2246088.9758054623}, "cmdq": 1, "read": {"device_start": -1, "device_end": -1}}, "FFC_sans_bias18": {"write": {"device_start": -1, "host_queued_start": 1585578314.775489, "device_queued": -1, "device_end": -1, "host_queued_end": 1585578314.781646}, "device": "cpu", "nd_range": {"device_start": 2246088.9753749412, "device_end": 2246088.976442884}, "cmdq": 0, "read": {"device_start": -1, "device_end": -1}}, "coalesced_transpose30": {"write": {"device_start": -1, "host_queued_start": 1585578314.762315, "device_queued": -1, "device_end": -1, "host_queued_end": 1585578314.770002}, "device": "gpu", "nd_range": {"device_start": 1585578249.5905428, "device_end": 1585578249.5906103}, "cmdq": 2, "read": {"device_start": -1, "device_end": -1}}, "FFC_sans_bias69": {"write": {"device_start": -1, "host_queued_start": 1585578314.767414, "device_queued": -1, "device_end": -1, "host_queued_end": 1585578314.770002}, "device": "gpu", "nd_range": {"device_start": 1585578249.5912964, "device_end": 1585578249.5914998}, "cmdq": 0, "read": {"device_start": -1, "device_end": -1}}, "FFC_sans_bias38": {"write": {"device_start": 1585578249.5899096, "host_queued_start": 1585578314.757513, "device_queued": 1585578249.5898328, "device_end": 1585578249.5899181, "host_queued_end": 1585578314.770002}, "device": "gpu", "nd_range": {"device_start": 1585578249.5900059, "device_end": 1585578249.590115}, "cmdq": 1, "read": {"device_start": -1, "device_end": -1}}, "coalesced_transpose57": {"write": {"device_start": -1, "host_queued_start": 1585578314.763161, "device_queued": -1, "device_end": -1, "host_queued_end": 1585578314.770002}, "device": "gpu", "nd_range": {"device_start": 1585578249.5906115, "device_end": 1585578249.590618}, "cmdq": 2, "read": {"device_start": -1, "device_end": -1}}, "empty26": {"write": {"device_start": -1, "host_queued_start": 1585578314.771636, "device_queued": -1, "device_end": -1, "host_queued_end": 1585578314.781646}, "device": "cpu", "nd_range": {"device_start": 2246088.971227547, "device_end": 2246088.971238592}, "cmdq": 2, "read": {"device_start": -1, "device_end": -1}}, "coalesced_transpose12": {"write": {"device_start": -1, "host_queued_start": 1585578314.777199, "device_queued": -1, "device_end": -1, "host_queued_end": 1585578314.781646}, "device": "cpu", "nd_range": {"device_start": 2246088.975917023, "device_end": 2246088.9759704173}, "cmdq": 1, "read": {"device_start": -1, "device_end": -1}}, "empty44": {"write": {"device_start": 1585578249.5894856, "host_queued_start": 1585578314.753127, "device_queued": 1585578249.589462, "device_end": 1585578249.5894945, "host_queued_end": 1585578314.770002}, "device": "gpu", "nd_range": {"device_start": 1585578249.589524, "device_end": 1585578249.5895274}, "cmdq": 1, "read": {"device_start": -1, "device_end": -1}}, "coalesced_transpose21": {"write": {"device_start": -1, "host_queued_start": 1585578314.777494, "device_queued": -1, "device_end": -1, "host_queued_end": 1585578314.781646}, "device": "cpu", "nd_range": {"device_start": 2246088.976093804, "device_end": 2246088.9761648453}, "cmdq": 2, "read": {"device_start": -1, "device_end": -1}}, "FFC_sans_bias36": {"write": {"device_start": 1585578249.5897677, "host_queued_start": 1585578314.756373, "device_queued": 1585578249.589745, "device_end": 1585578249.5897765, "host_queued_end": 1585578314.770002}, "device": "gpu", "nd_range": {"device_start": 1585578249.589791, "device_end": 1585578249.589988}, "cmdq": 2, "read": {"device_start": -1, "device_end": -1}}, "softmax14": {"write": {"device_start": -1, "host_queued_start": 1585578314.77897, "device_queued": -1, "device_end": -1, "host_queued_end": 1585578314.781646}, "device": "cpu", "nd_range": {"device_start": 2246088.978211093, "device_end": 2246088.978258628}, "cmdq": 1, "read": {"device_start": -1, "device_end": -1}}, "FFC_sans_bias13": {"write": {"device_start": -1, "host_queued_start": 1585578314.778151, "device_queued": -1, "device_end": -1, "host_queued_end": 1585578314.781646}, "device": "cpu", "nd_range": {"device_start": 2246088.9760796432, "device_end": 2246088.978006056}, "cmdq": 1, "read": {"device_start": -1, "device_end": -1}}, "empty8": {"write": {"device_start": -1, "host_queued_start": 1585578314.770738, "device_queued": -1, "device_end": -1, "host_queued_end": 1585578314.781646}, "device": "cpu", "nd_range": {"device_start": 2246088.971255054, "device_end": 2246088.9712561863}, "cmdq": 0, "read": {"device_start": -1, "device_end": -1}}, "FFC_sans_bias42": {"write": {"device_start": -1, "host_queued_start": 1585578314.766522, "device_queued": -1, "device_end": -1, "host_queued_end": 1585578314.770002}, "device": "gpu", "nd_range": {"device_start": 1585578249.5911512, "device_end": 1585578249.5912633}, "cmdq": 0, "read": {"device_start": -1, "device_end": -1}}, "FFC_sans_bias43": {"write": {"device_start": 1585578249.5913267, "host_queued_start": 1585578314.768388, "device_queued": 1585578249.5908346, "device_end": 1585578249.5913353, "host_queued_end": 1585578314.770002}, "device": "gpu", "nd_range": {"device_start": 1585578249.5913365, "device_end": 1585578249.591516}, "cmdq": 2, "read": {"device_start": 1585578249.5915172, "device_end": 1585578249.5915258}}, "FFC_sans_bias40": {"write": {"device_start": -1, "host_queued_start": 1585578314.764004, "device_queued": -1, "device_end": -1, "host_queued_end": 1585578314.770002}, "device": "gpu", "nd_range": {"device_start": 1585578249.5906656, "device_end": 1585578249.5907757}, "cmdq": 2, "read": {"device_start": -1, "device_end": -1}}, "softmax32": {"write": {"device_start": -1, "host_queued_start": 1585578314.765075, "device_queued": -1, "device_end": -1, "host_queued_end": 1585578314.770002}, "device": "gpu", "nd_range": {"device_start": 1585578249.5908782, "device_end": 1585578249.591037}, "cmdq": 0, "read": {"device_start": -1, "device_end": -1}}, "FFC_sans_bias47": {"write": {"device_start": 1585578249.5901172, "host_queued_start": 1585578314.759028, "device_queued": 1585578249.5900629, "device_end": 1585578249.590131, "host_queued_end": 1585578314.770002}, "device": "gpu", "nd_range": {"device_start": 1585578249.5901322, "device_end": 1585578249.5903106}, "cmdq": 1, "read": {"device_start": -1, "device_end": -1}}, "FFC_sans_bias45": {"write": {"device_start": 1585578249.589993, "host_queued_start": 1585578314.758004, "device_queued": 1585578249.5899718, "device_end": 1585578249.5900018, "host_queued_end": 1585578314.770002}, "device": "gpu", "nd_range": {"device_start": 1585578249.5900173, "device_end": 1585578249.5902016}, "cmdq": 2, "read": {"device_start": -1, "device_end": -1}}, "softmax50": {"write": {"device_start": -1, "host_queued_start": 1585578314.765521, "device_queued": -1, "device_end": -1, "host_queued_end": 1585578314.770002}, "device": "gpu", "nd_range": {"device_start": 1585578249.5909686, "device_end": 1585578249.5910494}, "cmdq": 2, "read": {"device_start": -1, "device_end": -1}}, "FFC_sans_bias33": {"write": {"device_start": -1, "host_queued_start": 1585578314.766247, "device_queued": -1, "device_end": -1, "host_queued_end": 1585578314.770002}, "device": "gpu", "nd_range": {"device_start": 1585578249.5910583, "device_end": 1585578249.5911677}, "cmdq": 2, "read": {"device_start": -1, "device_end": -1}}, "FFC_sans_bias63": {"write": {"device_start": 1585578249.5905025, "host_queued_start": 1585578314.762008, "device_queued": 1585578249.5903997, "device_end": 1585578249.590511, "host_queued_end": 1585578314.770002}, "device": "gpu", "nd_range": {"device_start": 1585578249.5905123, "device_end": 1585578249.5906618}, "cmdq": 1, "read": {"device_start": -1, "device_end": -1}}, "FFC_sans_bias49": {"write": {"device_start": -1, "host_queued_start": 1585578314.764283, "device_queued": -1, "device_end": -1, "host_queued_end": 1585578314.770002}, "device": "gpu", "nd_range": {"device_start": 1585578249.590675, "device_end": 1585578249.5908766}, "cmdq": 0, "read": {"device_start": -1, "device_end": -1}}, "FFC_sans_bias64": {"write": {"device_start": 1585578249.5903854, "host_queued_start": 1585578314.761031, "device_queued": 1585578249.590208, "device_end": 1585578249.5903943, "host_queued_end": 1585578314.770002}, "device": "gpu", "nd_range": {"device_start": 1585578249.5903952, "device_end": 1585578249.5905414}, "cmdq": 2, "read": {"device_start": -1, "device_end": -1}}, "FFC_sans_bias65": {"write": {"device_start": 1585578249.590423, "host_queued_start": 1585578314.761518, "device_queued": 1585578249.5902553, "device_end": 1585578249.590432, "host_queued_end": 1585578314.770002}, "device": "gpu", "nd_range": {"device_start": 1585578249.590433, "device_end": 1585578249.5906138}, "cmdq": 0, "read": {"device_start": -1, "device_end": -1}}, "FFC_sans_bias67": {"write": {"device_start": -1, "host_queued_start": 1585578314.764858, "device_queued": -1, "device_end": -1, "host_queued_end": 1585578314.770002}, "device": "gpu", "nd_range": {"device_start": 1585578249.5907776, "device_end": 1585578249.5909665}, "cmdq": 2, "read": {"device_start": -1, "device_end": -1}}, "FFC_sans_bias24": {"write": {"device_start": -1, "host_queued_start": 1585578314.780169, "device_queued": -1, "device_end": -1, "host_queued_end": 1585578314.781646}, "device": "cpu", "nd_range": {"device_start": 2246088.977666488, "device_end": 2246088.9790081913}, "cmdq": 2, "read": {"device_start": -1, "device_end": -1}}, "FFC_sans_bias25": {"write": {"device_start": -1, "host_queued_start": 1585578314.781602, "device_queued": -1, "device_end": -1, "host_queued_end": 1585578314.781646}, "device": "cpu", "nd_range": {"device_start": 2246088.979014946, "device_end": 2246088.980937439}, "cmdq": 2, "read": {"device_start": -1, "device_end": -1}}, "FFC_sans_bias27": {"write": {"device_start": 1585578249.5896266, "host_queued_start": 1585578314.75489, "device_queued": 1585578249.5896013, "device_end": 1585578249.589635, "host_queued_end": 1585578314.770002}, "device": "gpu", "nd_range": {"device_start": 1585578249.5896485, "device_end": 1585578249.5897584}, "cmdq": 2, "read": {"device_start": -1, "device_end": -1}}, "FFC_sans_bias20": {"write": {"device_start": -1, "host_queued_start": 1585578314.7765, "device_queued": -1, "device_end": -1, "host_queued_end": 1585578314.781646}, "device": "cpu", "nd_range": {"device_start": 2246088.9741491703, "device_end": 2246088.975358609}, "cmdq": 2, "read": {"device_start": -1, "device_end": -1}}, "FFC_sans_bias22": {"write": {"device_start": -1, "host_queued_start": 1585578314.778459, "device_queued": -1, "device_end": -1, "host_queued_end": 1585578314.781646}, "device": "cpu", "nd_range": {"device_start": 2246088.9762828574, "device_end": 2246088.9773828713}, "cmdq": 2, "read": {"device_start": -1, "device_end": -1}}, "softmax68": {"write": {"device_start": -1, "host_queued_start": 1585578314.765956, "device_queued": -1, "device_end": -1, "host_queued_end": 1585578314.770002}, "device": "gpu", "nd_range": {"device_start": 1585578249.591143, "device_end": 1585578249.5912862}, "cmdq": 1, "read": {"device_start": -1, "device_end": -1}}, "softmax5": {"write": {"device_start": -1, "host_queued_start": 1585578314.77872, "device_queued": -1, "device_end": -1, "host_queued_end": 1585578314.781646}, "device": "cpu", "nd_range": {"device_start": 2246088.978023022, "device_end": 2246088.978069385}, "cmdq": 0, "read": {"device_start": -1, "device_end": -1}}, "FFC_sans_bias28": {"write": {"device_start": 1585578249.5896802, "host_queued_start": 1585578314.75539, "device_queued": 1585578249.5896564, "device_end": 1585578249.589689, "host_queued_end": 1585578314.770002}, "device": "gpu", "nd_range": {"device_start": 1585578249.5896952, "device_end": 1585578249.5898106}, "cmdq": 0, "read": {"device_start": -1, "device_end": -1}}, "FFC_sans_bias29": {"write": {"device_start": 1585578249.5897415, "host_queued_start": 1585578314.755884, "device_queued": 1585578249.5897124, "device_end": 1585578249.58975, "host_queued_end": 1585578314.770002}, "device": "gpu", "nd_range": {"device_start": 1585578249.5897791, "device_end": 1585578249.5899074}, "cmdq": 1, "read": {"device_start": -1, "device_end": -1}}, "empty17": {"write": {"device_start": -1, "host_queued_start": 1585578314.771222, "device_queued": -1, "device_end": -1, "host_queued_end": 1585578314.781646}, "device": "cpu", "nd_range": {"device_start": 2246088.971227493, "device_end": 2246088.9712385572}, "cmdq": 1, "read": {"device_start": -1, "device_end": -1}}, "softmax59": {"write": {"device_start": -1, "host_queued_start": 1585578314.765734, "device_queued": -1, "device_end": -1, "host_queued_end": 1585578314.770002}, "device": "gpu", "nd_range": {"device_start": 1585578249.5910401, "device_end": 1585578249.591149}, "cmdq": 0, "read": {"device_start": -1, "device_end": -1}}, "empty71": {"write": {"device_start": 1585578249.589598, "host_queued_start": 1585578314.754328, "device_queued": 1585578249.5895765, "device_end": 1585578249.5896068, "host_queued_end": 1585578314.770002}, "device": "gpu", "nd_range": {"device_start": 1585578249.589637, "device_end": 1585578249.5896404}, "cmdq": 1, "read": {"device_start": -1, "device_end": -1}}, "empty35": {"write": {"device_start": 1585578249.589377, "host_queued_start": 1585578314.752526, "device_queued": 1585578249.589326, "device_end": 1585578249.5893917, "host_queued_end": 1585578314.770002}, "device": "gpu", "nd_range": {"device_start": 1585578249.589441, "device_end": 1585578249.589454}, "cmdq": 0, "read": {"device_start": -1, "device_end": -1}}, "empty53": {"write": {"device_start": 1585578249.5895135, "host_queued_start": 1585578314.753532, "device_queued": 1585578249.5894895, "device_end": 1585578249.5895224, "host_queued_end": 1585578314.770002}, "device": "gpu", "nd_range": {"device_start": 1585578249.589531, "device_end": 1585578249.5895345}, "cmdq": 2, "read": {"device_start": -1, "device_end": -1}}, "FFC_sans_bias46": {"write": {"device_start": 1585578249.5900476, "host_queued_start": 1585578314.7585, "device_queued": 1585578249.5900264, "device_end": 1585578249.5900562, "host_queued_end": 1585578314.770002}, "device": "gpu", "nd_range": {"device_start": 1585578249.5900593, "device_end": 1585578249.5902262}, "cmdq": 0, "read": {"device_start": -1, "device_end": -1}}, "coalesced_transpose66": {"write": {"device_start": -1, "host_queued_start": 1585578314.763421, "device_queued": -1, "device_end": -1, "host_queued_end": 1585578314.770002}, "device": "gpu", "nd_range": {"device_start": 1585578249.590622, "device_end": 1585578249.5906274}, "cmdq": 0, "read": {"device_start": -1, "device_end": -1}}, "coalesced_transpose48": {"write": {"device_start": -1, "host_queued_start": 1585578314.762888, "device_queued": -1, "device_end": -1, "host_queued_end": 1585578314.770002}, "device": "gpu", "nd_range": {"device_start": 1585578249.590663, "device_end": 1585578249.5906692}, "cmdq": 1, "read": {"device_start": -1, "device_end": -1}}}