{"FFC_sans_bias60": {"write": {"device_start": -1, "host_queued_start": 1585578172.875989, "device_queued": -1, "device_end": -1, "host_queued_end": 1585578172.878345}, "device": "gpu", "nd_range": {"device_start": 1585578107.7035778, "device_end": 1585578107.7037652}, "cmdq": 0, "read": {"device_start": -1, "device_end": -1}}, "FFC_sans_bias4": {"write": {"device_start": -1, "host_queued_start": 1585578172.888024, "device_queued": -1, "device_end": -1, "host_queued_end": 1585578172.893202}, "device": "cpu", "nd_range": {"device_start": 2245947.089439263, "device_end": 2245947.090547034}, "cmdq": 0, "read": {"device_start": -1, "device_end": -1}}, "FFC_sans_bias7": {"write": {"device_start": -1, "host_queued_start": 1585578172.891745, "device_queued": -1, "device_end": -1, "host_queued_end": 1585578172.893202}, "device": "cpu", "nd_range": {"device_start": 2245947.0938293813, "device_end": 2245947.0946729453}, "cmdq": 0, "read": {"device_start": -1, "device_end": -1}}, "FFC_sans_bias6": {"write": {"device_start": -1, "host_queued_start": 1585578172.890291, "device_queued": -1, "device_end": -1, "host_queued_end": 1585578172.893202}, "device": "cpu", "nd_range": {"device_start": 2245947.0918119852, "device_end": 2245947.09263142}, "cmdq": 0, "read": {"device_start": -1, "device_end": -1}}, "FFC_sans_bias1": {"write": {"device_start": -1, "host_queued_start": 1585578172.881399, "device_queued": -1, "device_end": -1, "host_queued_end": 1585578172.893202}, "device": "cpu", "nd_range": {"device_start": 2245947.082820808, "device_end": 2245947.0839272533}, "cmdq": 1, "read": {"device_start": -1, "device_end": -1}}, "FFC_sans_bias0": {"write": {"device_start": -1, "host_queued_start": 1585578172.880863, "device_queued": -1, "device_end": -1, "host_queued_end": 1585578172.893202}, "device": "cpu", "nd_range": {"device_start": 2245947.0828189263, "device_end": 2245947.084066418}, "cmdq": 0, "read": {"device_start": -1, "device_end": -1}}, "FFC_sans_bias2": {"write": {"device_start": -1, "host_queued_start": 1585578172.881912, "device_queued": -1, "device_end": -1, "host_queued_end": 1585578172.893202}, "device": "cpu", "nd_range": {"device_start": 2245947.084189632, "device_end": 2245947.0851543923}, "cmdq": 0, "read": {"device_start": -1, "device_end": -1}}, "FFC_sans_bias61": {"write": {"device_start": 1585578107.7039819, "host_queued_start": 1585578172.877743, "device_queued": 1585578107.7032843, "device_end": 1585578107.7039907, "host_queued_end": 1585578172.878345}, "device": "gpu", "nd_range": {"device_start": 1585578107.7039924, "device_end": 1585578107.7041042}, "cmdq": 0, "read": {"device_start": 1585578107.7041109, "device_end": 1585578107.7041187}}, "FFC_sans_bias52": {"write": {"device_start": 1585578107.7037923, "host_queued_start": 1585578172.877248, "device_queued": 1585578107.7030966, "device_end": 1585578107.7038007, "host_queued_end": 1585578172.878345}, "device": "gpu", "nd_range": {"device_start": 1585578107.7038019, "device_end": 1585578107.703946}, "cmdq": 1, "read": {"device_start": 1585578107.7039542, "device_end": 1585578107.7039793}}, "FFC_sans_bias9": {"write": {"device_start": -1, "host_queued_start": 1585578172.88241, "device_queued": -1, "device_end": -1, "host_queued_end": 1585578172.893202}, "device": "cpu", "nd_range": {"device_start": 2245947.083932688, "device_end": 2245947.08478177}, "cmdq": 1, "read": {"device_start": -1, "device_end": -1}}, "coalesced_transpose39": {"write": {"device_start": -1, "host_queued_start": 1585578172.872283, "device_queued": -1, "device_end": -1, "host_queued_end": 1585578172.878345}, "device": "gpu", "nd_range": {"device_start": 1585578107.7030535, "device_end": 1585578107.703067}, "cmdq": 0, "read": {"device_start": -1, "device_end": -1}}, "FFC_sans_bias55": {"write": {"device_start": 1585578107.702755, "host_queued_start": 1585578172.870493, "device_queued": 1585578107.7026074, "device_end": 1585578107.7027636, "host_queued_end": 1585578172.878345}, "device": "gpu", "nd_range": {"device_start": 1585578107.7027647, "device_end": 1585578107.7028728}, "cmdq": 0, "read": {"device_start": -1, "device_end": -1}}, "FFC_sans_bias54": {"write": {"device_start": 1585578107.7026744, "host_queued_start": 1585578172.870005, "device_queued": 1585578107.7025726, "device_end": 1585578107.7026834, "host_queued_end": 1585578172.878345}, "device": "gpu", "nd_range": {"device_start": 1585578107.7026849, "device_end": 1585578107.7028458}, "cmdq": 1, "read": {"device_start": -1, "device_end": -1}}, "FFC_sans_bias56": {"write": {"device_start": 1585578107.7026234, "host_queued_start": 1585578172.869509, "device_queued": 1585578107.7025347, "device_end": 1585578107.702633, "host_queued_end": 1585578172.878345}, "device": "gpu", "nd_range": {"device_start": 1585578107.7026339, "device_end": 1585578107.7027528}, "cmdq": 0, "read": {"device_start": -1, "device_end": -1}}, "FFC_sans_bias51": {"write": {"device_start": -1, "host_queued_start": 1585578172.875713, "device_queued": -1, "device_end": -1, "host_queued_end": 1585578172.878345}, "device": "gpu", "nd_range": {"device_start": 1585578107.7035713, "device_end": 1585578107.7036786}, "cmdq": 1, "read": {"device_start": -1, "device_end": -1}}, "softmax23": {"write": {"device_start": -1, "host_queued_start": 1585578172.889728, "device_queued": -1, "device_end": -1, "host_queued_end": 1585578172.893202}, "device": "cpu", "nd_range": {"device_start": 2245947.091719434, "device_end": 2245947.091751636}, "cmdq": 0, "read": {"device_start": -1, "device_end": -1}}, "FFC_sans_bias37": {"write": {"device_start": 1585578107.7022479, "host_queued_start": 1585578172.866876, "device_queued": 1585578107.7022266, "device_end": 1585578107.7022562, "host_queued_end": 1585578172.878345}, "device": "gpu", "nd_range": {"device_start": 1585578107.7022574, "device_end": 1585578107.702392}, "cmdq": 1, "read": {"device_start": -1, "device_end": -1}}, "empty62": {"write": {"device_start": 1585578107.7021375, "host_queued_start": 1585578172.865445, "device_queued": 1585578107.7021158, "device_end": 1585578107.702146, "host_queued_end": 1585578172.878345}, "device": "gpu", "nd_range": {"device_start": 1585578107.7021472, "device_end": 1585578107.7021506}, "cmdq": 0, "read": {"device_start": -1, "device_end": -1}}, "FFC_sans_bias70": {"write": {"device_start": 1585578107.7040112, "host_queued_start": 1585578172.878237, "device_queued": 1585578107.7033238, "device_end": 1585578107.7040198, "host_queued_end": 1585578172.878345}, "device": "gpu", "nd_range": {"device_start": 1585578107.7040207, "device_end": 1585578107.7041535}, "cmdq": 1, "read": {"device_start": 1585578107.7041626, "device_end": 1585578107.7041793}}, "FFC_sans_bias58": {"write": {"device_start": -1, "host_queued_start": 1585578172.873945, "device_queued": -1, "device_end": -1, "host_queued_end": 1585578172.878345}, "device": "gpu", "nd_range": {"device_start": 1585578107.7031891, "device_end": 1585578107.703312}, "cmdq": 0, "read": {"device_start": -1, "device_end": -1}}, "softmax41": {"write": {"device_start": -1, "host_queued_start": 1585578172.874443, "device_queued": -1, "device_end": -1, "host_queued_end": 1585578172.878345}, "device": "gpu", "nd_range": {"device_start": 1585578107.7033143, "device_end": 1585578107.7033904}, "cmdq": 0, "read": {"device_start": -1, "device_end": -1}}, "FFC_sans_bias11": {"write": {"device_start": -1, "host_queued_start": 1585578172.88344, "device_queued": -1, "device_end": -1, "host_queued_end": 1585578172.893202}, "device": "cpu", "nd_range": {"device_start": 2245947.084786367, "device_end": 2245947.085508795}, "cmdq": 1, "read": {"device_start": -1, "device_end": -1}}, "FFC_sans_bias10": {"write": {"device_start": -1, "host_queued_start": 1585578172.882932, "device_queued": -1, "device_end": -1, "host_queued_end": 1585578172.893202}, "device": "cpu", "nd_range": {"device_start": 2245947.085273689, "device_end": 2245947.0861172713}, "cmdq": 0, "read": {"device_start": -1, "device_end": -1}}, "coalesced_transpose3": {"write": {"device_start": -1, "host_queued_start": 1585578172.886751, "device_queued": -1, "device_end": -1, "host_queued_end": 1585578172.893202}, "device": "cpu", "nd_range": {"device_start": 2245947.0892811064, "device_end": 2245947.089333084}, "cmdq": 0, "read": {"device_start": -1, "device_end": -1}}, "FFC_sans_bias34": {"write": {"device_start": -1, "host_queued_start": 1585578172.893157, "device_queued": -1, "device_end": -1, "host_queued_end": 1585578172.893202}, "device": "cpu", "nd_range": {"device_start": 2245947.0951254223, "device_end": 2245947.096097229}, "cmdq": 1, "read": {"device_start": -1, "device_end": -1}}, "FFC_sans_bias15": {"write": {"device_start": -1, "host_queued_start": 1585578172.890613, "device_queued": -1, "device_end": -1, "host_queued_end": 1585578172.893202}, "device": "cpu", "nd_range": {"device_start": 2245947.091921743, "device_end": 2245947.093055881}, "cmdq": 1, "read": {"device_start": -1, "device_end": -1}}, "FFC_sans_bias31": {"write": {"device_start": -1, "host_queued_start": 1585578172.88898, "device_queued": -1, "device_end": -1, "host_queued_end": 1585578172.893202}, "device": "cpu", "nd_range": {"device_start": 2245947.090560397, "device_end": 2245947.091535935}, "cmdq": 1, "read": {"device_start": -1, "device_end": -1}}, "FFC_sans_bias16": {"write": {"device_start": -1, "host_queued_start": 1585578172.892191, "device_queued": -1, "device_end": -1, "host_queued_end": 1585578172.893202}, "device": "cpu", "nd_range": {"device_start": 2245947.0941593633, "device_end": 2245947.0951232063}, "cmdq": 1, "read": {"device_start": -1, "device_end": -1}}, "FFC_sans_bias19": {"write": {"device_start": -1, "host_queued_start": 1585578172.884436, "device_queued": -1, "device_end": -1, "host_queued_end": 1585578172.893202}, "device": "cpu", "nd_range": {"device_start": 2245947.085513311, "device_end": 2245947.086476852}, "cmdq": 1, "read": {"device_start": -1, "device_end": -1}}, "FFC_sans_bias18": {"write": {"device_start": -1, "host_queued_start": 1585578172.883937, "device_queued": -1, "device_end": -1, "host_queued_end": 1585578172.893202}, "device": "cpu", "nd_range": {"device_start": 2245947.086223131, "device_end": 2245947.0870938143}, "cmdq": 0, "read": {"device_start": -1, "device_end": -1}}, "coalesced_transpose30": {"write": {"device_start": -1, "host_queued_start": 1585578172.887712, "device_queued": -1, "device_end": -1, "host_queued_end": 1585578172.893202}, "device": "cpu", "nd_range": {"device_start": 2245947.08928138, "device_end": 2245947.089334405}, "cmdq": 1, "read": {"device_start": -1, "device_end": -1}}, "FFC_sans_bias69": {"write": {"device_start": -1, "host_queued_start": 1585578172.876276, "device_queued": -1, "device_end": -1, "host_queued_end": 1585578172.878345}, "device": "gpu", "nd_range": {"device_start": 1585578107.70368, "device_end": 1585578107.70379}, "cmdq": 1, "read": {"device_start": -1, "device_end": -1}}, "FFC_sans_bias38": {"write": {"device_start": 1585578107.7023325, "host_queued_start": 1585578172.867371, "device_queued": 1585578107.7022643, "device_end": 1585578107.7023413, "host_queued_end": 1585578172.878345}, "device": "gpu", "nd_range": {"device_start": 1585578107.702343, "device_end": 1585578107.7024565}, "cmdq": 0, "read": {"device_start": -1, "device_end": -1}}, "coalesced_transpose57": {"write": {"device_start": -1, "host_queued_start": 1585578172.872815, "device_queued": -1, "device_end": -1, "host_queued_end": 1585578172.878345}, "device": "gpu", "nd_range": {"device_start": 1585578107.7030692, "device_end": 1585578107.703075}, "cmdq": 0, "read": {"device_start": -1, "device_end": -1}}, "empty26": {"write": {"device_start": -1, "host_queued_start": 1585578172.879929, "device_queued": -1, "device_end": -1, "host_queued_end": 1585578172.893202}, "device": "cpu", "nd_range": {"device_start": 2245947.082811076, "device_end": 2245947.082811954}, "cmdq": 0, "read": {"device_start": -1, "device_end": -1}}, "coalesced_transpose12": {"write": {"device_start": -1, "host_queued_start": 1585578172.887044, "device_queued": -1, "device_end": -1, "host_queued_end": 1585578172.893202}, "device": "cpu", "nd_range": {"device_start": 2245947.088875162, "device_end": 2245947.088944319}, "cmdq": 1, "read": {"device_start": -1, "device_end": -1}}, "empty44": {"write": {"device_start": 1585578107.7020442, "host_queued_start": 1585578172.864458, "device_queued": 1585578107.7020116, "device_end": 1585578107.7020526, "host_queued_end": 1585578172.878345}, "device": "gpu", "nd_range": {"device_start": 1585578107.702064, "device_end": 1585578107.7020762}, "cmdq": 0, "read": {"device_start": -1, "device_end": -1}}, "coalesced_transpose21": {"write": {"device_start": -1, "host_queued_start": 1585578172.887397, "device_queued": -1, "device_end": -1, "host_queued_end": 1585578172.893202}, "device": "cpu", "nd_range": {"device_start": 2245947.089360067, "device_end": 2245947.0893838364}, "cmdq": 0, "read": {"device_start": -1, "device_end": -1}}, "FFC_sans_bias36": {"write": {"device_start": 1585578107.7022111, "host_queued_start": 1585578172.866334, "device_queued": 1585578107.7021859, "device_end": 1585578107.70222, "host_queued_end": 1585578172.878345}, "device": "gpu", "nd_range": {"device_start": 1585578107.702221, "device_end": 1585578107.70233}, "cmdq": 0, "read": {"device_start": -1, "device_end": -1}}, "softmax14": {"write": {"device_start": -1, "host_queued_start": 1585578172.889495, "device_queued": -1, "device_end": -1, "host_queued_end": 1585578172.893202}, "device": "cpu", "nd_range": {"device_start": 2245947.0916695474, "device_end": 2245947.09171728}, "cmdq": 1, "read": {"device_start": -1, "device_end": -1}}, "FFC_sans_bias13": {"write": {"device_start": -1, "host_queued_start": 1585578172.88836, "device_queued": -1, "device_end": -1, "host_queued_end": 1585578172.893202}, "device": "cpu", "nd_range": {"device_start": 2245947.0894012162, "device_end": 2245947.090448731}, "cmdq": 1, "read": {"device_start": -1, "device_end": -1}}, "empty8": {"write": {"device_start": -1, "host_queued_start": 1585578172.879023, "device_queued": -1, "device_end": -1, "host_queued_end": 1585578172.893202}, "device": "cpu", "nd_range": {"device_start": 2245947.0827810722, "device_end": 2245947.0827936823}, "cmdq": 0, "read": {"device_start": -1, "device_end": -1}}, "FFC_sans_bias42": {"write": {"device_start": -1, "host_queued_start": 1585578172.875423, "device_queued": -1, "device_end": -1, "host_queued_end": 1585578172.878345}, "device": "gpu", "nd_range": {"device_start": 1585578107.7034678, "device_end": 1585578107.7035758}, "cmdq": 0, "read": {"device_start": -1, "device_end": -1}}, "FFC_sans_bias43": {"write": {"device_start": 1585578107.703766, "host_queued_start": 1585578172.876744, "device_queued": 1585578107.7030625, "device_end": 1585578107.703775, "host_queued_end": 1585578172.878345}, "device": "gpu", "nd_range": {"device_start": 1585578107.7037761, "device_end": 1585578107.703886}, "cmdq": 0, "read": {"device_start": 1585578107.7038944, "device_end": 1585578107.7039044}}, "FFC_sans_bias40": {"write": {"device_start": -1, "host_queued_start": 1585578172.873374, "device_queued": -1, "device_end": -1, "host_queued_end": 1585578172.878345}, "device": "gpu", "nd_range": {"device_start": 1585578107.703077, "device_end": 1585578107.703187}, "cmdq": 0, "read": {"device_start": -1, "device_end": -1}}, "softmax32": {"write": {"device_start": -1, "host_queued_start": 1585578172.889974, "device_queued": -1, "device_end": -1, "host_queued_end": 1585578172.893202}, "device": "cpu", "nd_range": {"device_start": 2245947.091761451, "device_end": 2245947.09178446}, "cmdq": 1, "read": {"device_start": -1, "device_end": -1}}, "FFC_sans_bias47": {"write": {"device_start": 1585578107.7025533, "host_queued_start": 1585578172.868873, "device_queued": 1585578107.702377, "device_end": 1585578107.7025619, "host_queued_end": 1585578172.878345}, "device": "gpu", "nd_range": {"device_start": 1585578107.7025628, "device_end": 1585578107.7026722}, "cmdq": 1, "read": {"device_start": -1, "device_end": -1}}, "FFC_sans_bias45": {"write": {"device_start": 1585578107.7023952, "host_queued_start": 1585578172.86788, "device_queued": 1585578107.7023008, "device_end": 1585578107.7024083, "host_queued_end": 1585578172.878345}, "device": "gpu", "nd_range": {"device_start": 1585578107.7024095, "device_end": 1585578107.702551}, "cmdq": 1, "read": {"device_start": -1, "device_end": -1}}, "softmax50": {"write": {"device_start": -1, "host_queued_start": 1585578172.8747, "device_queued": -1, "device_end": -1, "host_queued_end": 1585578172.878345}, "device": "gpu", "nd_range": {"device_start": 1585578107.7033865, "device_end": 1585578107.7034578}, "cmdq": 1, "read": {"device_start": -1, "device_end": -1}}, "FFC_sans_bias33": {"write": {"device_start": -1, "host_queued_start": 1585578172.891249, "device_queued": -1, "device_end": -1, "host_queued_end": 1585578172.893202}, "device": "cpu", "nd_range": {"device_start": 2245947.09306738, "device_end": 2245947.0941539262}, "cmdq": 1, "read": {"device_start": -1, "device_end": -1}}, "FFC_sans_bias63": {"write": {"device_start": 1585578107.7029688, "host_queued_start": 1585578172.871991, "device_queued": 1585578107.7027173, "device_end": 1585578107.7029777, "host_queued_end": 1585578172.878345}, "device": "gpu", "nd_range": {"device_start": 1585578107.7029786, "device_end": 1585578107.703086}, "cmdq": 1, "read": {"device_start": -1, "device_end": -1}}, "FFC_sans_bias49": {"write": {"device_start": -1, "host_queued_start": 1585578172.873652, "device_queued": -1, "device_end": -1, "host_queued_end": 1585578172.878345}, "device": "gpu", "nd_range": {"device_start": 1585578107.7031121, "device_end": 1585578107.7032623}, "cmdq": 1, "read": {"device_start": -1, "device_end": -1}}, "FFC_sans_bias64": {"write": {"device_start": 1585578107.702848, "host_queued_start": 1585578172.87101, "device_queued": 1585578107.7026472, "device_end": 1585578107.7028565, "host_queued_end": 1585578172.878345}, "device": "gpu", "nd_range": {"device_start": 1585578107.7028577, "device_end": 1585578107.7029667}, "cmdq": 1, "read": {"device_start": -1, "device_end": -1}}, "FFC_sans_bias65": {"write": {"device_start": 1585578107.7028747, "host_queued_start": 1585578172.871503, "device_queued": 1585578107.7026806, "device_end": 1585578107.7028832, "host_queued_end": 1585578172.878345}, "device": "gpu", "nd_range": {"device_start": 1585578107.7028844, "device_end": 1585578107.703052}, "cmdq": 0, "read": {"device_start": -1, "device_end": -1}}, "FFC_sans_bias67": {"write": {"device_start": -1, "host_queued_start": 1585578172.874229, "device_queued": -1, "device_end": -1, "host_queued_end": 1585578172.878345}, "device": "gpu", "nd_range": {"device_start": 1585578107.7032642, "device_end": 1585578107.703385}, "cmdq": 1, "read": {"device_start": -1, "device_end": -1}}, "FFC_sans_bias24": {"write": {"device_start": -1, "host_queued_start": 1585578172.89093, "device_queued": -1, "device_end": -1, "host_queued_end": 1585578172.893202}, "device": "cpu", "nd_range": {"device_start": 2245947.092639355, "device_end": 2245947.093722741}, "cmdq": 0, "read": {"device_start": -1, "device_end": -1}}, "FFC_sans_bias25": {"write": {"device_start": -1, "host_queued_start": 1585578172.892665, "device_queued": -1, "device_end": -1, "host_queued_end": 1585578172.893202}, "device": "cpu", "nd_range": {"device_start": 2245947.094675876, "device_end": 2245947.0956363133}, "cmdq": 0, "read": {"device_start": -1, "device_end": -1}}, "FFC_sans_bias27": {"write": {"device_start": -1, "host_queued_start": 1585578172.885435, "device_queued": -1, "device_end": -1, "host_queued_end": 1585578172.893202}, "device": "cpu", "nd_range": {"device_start": 2245947.087075657, "device_end": 2245947.0879343543}, "cmdq": 1, "read": {"device_start": -1, "device_end": -1}}, "FFC_sans_bias20": {"write": {"device_start": -1, "host_queued_start": 1585578172.884938, "device_queued": -1, "device_end": -1, "host_queued_end": 1585578172.893202}, "device": "cpu", "nd_range": {"device_start": 2245947.087203746, "device_end": 2245947.0882921764}, "cmdq": 0, "read": {"device_start": -1, "device_end": -1}}, "FFC_sans_bias22": {"write": {"device_start": -1, "host_queued_start": 1585578172.888681, "device_queued": -1, "device_end": -1, "host_queued_end": 1585578172.893202}, "device": "cpu", "nd_range": {"device_start": 2245947.090663462, "device_end": 2245947.091632267}, "cmdq": 0, "read": {"device_start": -1, "device_end": -1}}, "softmax68": {"write": {"device_start": -1, "host_queued_start": 1585578172.875136, "device_queued": -1, "device_end": -1, "host_queued_end": 1585578172.878345}, "device": "gpu", "nd_range": {"device_start": 1585578107.70346, "device_end": 1585578107.7035692}, "cmdq": 1, "read": {"device_start": -1, "device_end": -1}}, "softmax5": {"write": {"device_start": -1, "host_queued_start": 1585578172.889232, "device_queued": -1, "device_end": -1, "host_queued_end": 1585578172.893202}, "device": "cpu", "nd_range": {"device_start": 2245947.091646679, "device_end": 2245947.0917093903}, "cmdq": 0, "read": {"device_start": -1, "device_end": -1}}, "FFC_sans_bias28": {"write": {"device_start": -1, "host_queued_start": 1585578172.885939, "device_queued": -1, "device_end": -1, "host_queued_end": 1585578172.893202}, "device": "cpu", "nd_range": {"device_start": 2245947.088402457, "device_end": 2245947.0892567}, "cmdq": 0, "read": {"device_start": -1, "device_end": -1}}, "FFC_sans_bias29": {"write": {"device_start": -1, "host_queued_start": 1585578172.886439, "device_queued": -1, "device_end": -1, "host_queued_end": 1585578172.893202}, "device": "cpu", "nd_range": {"device_start": 2245947.088045934, "device_end": 2245947.088770098}, "cmdq": 1, "read": {"device_start": -1, "device_end": -1}}, "empty17": {"write": {"device_start": -1, "host_queued_start": 1585578172.879514, "device_queued": -1, "device_end": -1, "host_queued_end": 1585578172.893202}, "device": "cpu", "nd_range": {"device_start": 2245947.082780999, "device_end": 2245947.082793694}, "cmdq": 1, "read": {"device_start": -1, "device_end": -1}}, "softmax59": {"write": {"device_start": -1, "host_queued_start": 1585578172.874922, "device_queued": -1, "device_end": -1, "host_queued_end": 1585578172.878345}, "device": "gpu", "nd_range": {"device_start": 1585578107.703393, "device_end": 1585578107.7034667}, "cmdq": 0, "read": {"device_start": -1, "device_end": -1}}, "empty71": {"write": {"device_start": 1585578107.7021732, "host_queued_start": 1585578172.865819, "device_queued": 1585578107.7021513, "device_end": 1585578107.702182, "host_queued_end": 1585578172.878345}, "device": "gpu", "nd_range": {"device_start": 1585578107.702183, "device_end": 1585578107.7021863}, "cmdq": 1, "read": {"device_start": -1, "device_end": -1}}, "empty35": {"write": {"device_start": -1, "host_queued_start": 1585578172.880334, "device_queued": -1, "device_end": -1, "host_queued_end": 1585578172.893202}, "device": "cpu", "nd_range": {"device_start": 2245947.082810996, "device_end": 2245947.082812205}, "cmdq": 1, "read": {"device_start": -1, "device_end": -1}}, "empty53": {"write": {"device_start": 1585578107.702104, "host_queued_start": 1585578172.865042, "device_queued": 1585578107.7020812, "device_end": 1585578107.7021127, "host_queued_end": 1585578172.878345}, "device": "gpu", "nd_range": {"device_start": 1585578107.7021139, "device_end": 1585578107.7021172}, "cmdq": 1, "read": {"device_start": -1, "device_end": -1}}, "FFC_sans_bias46": {"write": {"device_start": 1585578107.7024584, "host_queued_start": 1585578172.868381, "device_queued": 1585578107.7023382, "device_end": 1585578107.7024672, "host_queued_end": 1585578172.878345}, "device": "gpu", "nd_range": {"device_start": 1585578107.7024682, "device_end": 1585578107.7026176}, "cmdq": 0, "read": {"device_start": -1, "device_end": -1}}, "coalesced_transpose66": {"write": {"device_start": -1, "host_queued_start": 1585578172.873088, "device_queued": -1, "device_end": -1, "host_queued_end": 1585578172.878345}, "device": "gpu", "nd_range": {"device_start": 1585578107.703097, "device_end": 1585578107.70311}, "cmdq": 1, "read": {"device_start": -1, "device_end": -1}}, "coalesced_transpose48": {"write": {"device_start": -1, "host_queued_start": 1585578172.872562, "device_queued": -1, "device_end": -1, "host_queued_end": 1585578172.878345}, "device": "gpu", "nd_range": {"device_start": 1585578107.7030869, "device_end": 1585578107.703096}, "cmdq": 1, "read": {"device_start": -1, "device_end": -1}}}