{"FFC_sans_bias60": {"write": {"device_start": -1, "host_queued_start": 1585578180.938394, "device_queued": -1, "device_end": -1, "host_queued_end": 1585578180.941686}, "device": "cpu", "nd_range": {"device_start": 2245955.151205903, "device_end": 2245955.151941894}, "cmdq": 1, "read": {"device_start": -1, "device_end": -1}}, "FFC_sans_bias4": {"write": {"device_start": -1, "host_queued_start": 1585578180.932417, "device_queued": -1, "device_end": -1, "host_queued_end": 1585578180.941686}, "device": "cpu", "nd_range": {"device_start": 2245955.144053318, "device_end": 2245955.1449029744}, "cmdq": 1, "read": {"device_start": -1, "device_end": -1}}, "FFC_sans_bias7": {"write": {"device_start": -1, "host_queued_start": 1585578180.938908, "device_queued": -1, "device_end": -1, "host_queued_end": 1585578180.941686}, "device": "cpu", "nd_range": {"device_start": 2245955.152707281, "device_end": 2245955.153554302}, "cmdq": 0, "read": {"device_start": -1, "device_end": -1}}, "FFC_sans_bias6": {"write": {"device_start": -1, "host_queued_start": 1585578180.936494, "device_queued": -1, "device_end": -1, "host_queued_end": 1585578180.941686}, "device": "cpu", "nd_range": {"device_start": 2245955.148498766, "device_end": 2245955.149377781}, "cmdq": 1, "read": {"device_start": -1, "device_end": -1}}, "FFC_sans_bias1": {"write": {"device_start": -1, "host_queued_start": 1585578180.920267, "device_queued": -1, "device_end": -1, "host_queued_end": 1585578180.941686}, "device": "cpu", "nd_range": {"device_start": 2245955.13133217, "device_end": 2245955.1324781394}, "cmdq": 0, "read": {"device_start": -1, "device_end": -1}}, "FFC_sans_bias0": {"write": {"device_start": -1, "host_queued_start": 1585578180.919762, "device_queued": -1, "device_end": -1, "host_queued_end": 1585578180.941686}, "device": "cpu", "nd_range": {"device_start": 2245955.1313231112, "device_end": 2245955.132612905}, "cmdq": 1, "read": {"device_start": -1, "device_end": -1}}, "FFC_sans_bias2": {"write": {"device_start": -1, "host_queued_start": 1585578180.920779, "device_queued": -1, "device_end": -1, "host_queued_end": 1585578180.941686}, "device": "cpu", "nd_range": {"device_start": 2245955.132741724, "device_end": 2245955.133583532}, "cmdq": 1, "read": {"device_start": -1, "device_end": -1}}, "FFC_sans_bias61": {"write": {"device_start": -1, "host_queued_start": 1585578180.941643, "device_queued": -1, "device_end": -1, "host_queued_end": 1585578180.941686}, "device": "cpu", "nd_range": {"device_start": 2245955.1590313762, "device_end": 2245955.1595206563}, "cmdq": 0, "read": {"device_start": -1, "device_end": -1}}, "FFC_sans_bias52": {"write": {"device_start": -1, "host_queued_start": 1585578180.941188, "device_queued": -1, "device_end": -1, "host_queued_end": 1585578180.941686}, "device": "cpu", "nd_range": {"device_start": 2245955.153988027, "device_end": 2245955.154947429}, "cmdq": 1, "read": {"device_start": -1, "device_end": -1}}, "FFC_sans_bias9": {"write": {"device_start": -1, "host_queued_start": 1585578180.921283, "device_queued": -1, "device_end": -1, "host_queued_end": 1585578180.941686}, "device": "cpu", "nd_range": {"device_start": 2245955.1324841543, "device_end": 2245955.133211359}, "cmdq": 0, "read": {"device_start": -1, "device_end": -1}}, "coalesced_transpose39": {"write": {"device_start": -1, "host_queued_start": 1585578180.931494, "device_queued": -1, "device_end": -1, "host_queued_end": 1585578180.941686}, "device": "cpu", "nd_range": {"device_start": 2245955.142354175, "device_end": 2245955.142423408}, "cmdq": 0, "read": {"device_start": -1, "device_end": -1}}, "FFC_sans_bias55": {"write": {"device_start": -1, "host_queued_start": 1585578180.92995, "device_queued": -1, "device_end": -1, "host_queued_end": 1585578180.941686}, "device": "cpu", "nd_range": {"device_start": 2245955.14281139, "device_end": 2245955.1434629112}, "cmdq": 1, "read": {"device_start": -1, "device_end": -1}}, "FFC_sans_bias54": {"write": {"device_start": -1, "host_queued_start": 1585578180.92945, "device_queued": -1, "device_end": -1, "host_queued_end": 1585578180.941686}, "device": "cpu", "nd_range": {"device_start": 2245955.140833587, "device_end": 2245955.141799644}, "cmdq": 0, "read": {"device_start": -1, "device_end": -1}}, "FFC_sans_bias56": {"write": {"device_start": -1, "host_queued_start": 1585578180.92893, "device_queued": -1, "device_end": -1, "host_queued_end": 1585578180.941686}, "device": "cpu", "nd_range": {"device_start": 2245955.142165597, "device_end": 2245955.142806218}, "cmdq": 1, "read": {"device_start": -1, "device_end": -1}}, "FFC_sans_bias51": {"write": {"device_start": -1, "host_queued_start": 1585578180.938068, "device_queued": -1, "device_end": -1, "host_queued_end": 1585578180.941686}, "device": "cpu", "nd_range": {"device_start": 2245955.151722405, "device_end": 2245955.1526997783}, "cmdq": 0, "read": {"device_start": -1, "device_end": -1}}, "softmax23": {"write": {"device_start": -1, "host_queued_start": 1585578180.935164, "device_queued": -1, "device_end": -1, "host_queued_end": 1585578180.941686}, "device": "cpu", "nd_range": {"device_start": 2245955.146558215, "device_end": 2245955.146619657}, "cmdq": 0, "read": {"device_start": -1, "device_end": -1}}, "FFC_sans_bias37": {"write": {"device_start": -1, "host_queued_start": 1585578180.926369, "device_queued": -1, "device_end": -1, "host_queued_end": 1585578180.941686}, "device": "cpu", "nd_range": {"device_start": 2245955.1379484683, "device_end": 2245955.1387925013}, "cmdq": 0, "read": {"device_start": -1, "device_end": -1}}, "empty62": {"write": {"device_start": -1, "host_queued_start": 1585578180.919269, "device_queued": -1, "device_end": -1, "host_queued_end": 1585578180.941686}, "device": "cpu", "nd_range": {"device_start": 2245955.131326072, "device_end": 2245955.1313268202}, "cmdq": 0, "read": {"device_start": -1, "device_end": -1}}, "FFC_sans_bias70": {"write": {"device_start": 1585578115.7400658, "host_queued_start": 1585578180.916048, "device_queued": 1585578115.7397578, "device_end": 1585578115.7400746, "host_queued_end": 1585578180.916156}, "device": "gpu", "nd_range": {"device_start": 1585578115.7401848, "device_end": 1585578115.7402916}, "cmdq": 0, "read": {"device_start": 1585578115.740293, "device_end": 1585578115.7403}}, "FFC_sans_bias58": {"write": {"device_start": -1, "host_queued_start": 1585578180.934392, "device_queued": -1, "device_end": -1, "host_queued_end": 1585578180.941686}, "device": "cpu", "nd_range": {"device_start": 2245955.1472076993, "device_end": 2245955.147883423}, "cmdq": 1, "read": {"device_start": -1, "device_end": -1}}, "softmax41": {"write": {"device_start": -1, "host_queued_start": 1585578180.935671, "device_queued": -1, "device_end": -1, "host_queued_end": 1585578180.941686}, "device": "cpu", "nd_range": {"device_start": 2245955.147219332, "device_end": 2245955.147382236}, "cmdq": 0, "read": {"device_start": -1, "device_end": -1}}, "FFC_sans_bias11": {"write": {"device_start": -1, "host_queued_start": 1585578180.922294, "device_queued": -1, "device_end": -1, "host_queued_end": 1585578180.941686}, "device": "cpu", "nd_range": {"device_start": 2245955.133217573, "device_end": 2245955.1341794403}, "cmdq": 0, "read": {"device_start": -1, "device_end": -1}}, "FFC_sans_bias10": {"write": {"device_start": -1, "host_queued_start": 1585578180.921785, "device_queued": -1, "device_end": -1, "host_queued_end": 1585578180.941686}, "device": "cpu", "nd_range": {"device_start": 2245955.133704237, "device_end": 2245955.134905911}, "cmdq": 1, "read": {"device_start": -1, "device_end": -1}}, "coalesced_transpose3": {"write": {"device_start": -1, "host_queued_start": 1585578180.93026, "device_queued": -1, "device_end": -1, "host_queued_end": 1585578180.941686}, "device": "cpu", "nd_range": {"device_start": 2245955.1419402193, "device_end": 2245955.141996899}, "cmdq": 0, "read": {"device_start": -1, "device_end": -1}}, "FFC_sans_bias34": {"write": {"device_start": -1, "host_queued_start": 1585578180.940265, "device_queued": -1, "device_end": -1, "host_queued_end": 1585578180.941686}, "device": "cpu", "nd_range": {"device_start": 2245955.1530254683, "device_end": 2245955.153985462}, "cmdq": 1, "read": {"device_start": -1, "device_end": -1}}, "FFC_sans_bias15": {"write": {"device_start": -1, "host_queued_start": 1585578180.936796, "device_queued": -1, "device_end": -1, "host_queued_end": 1585578180.941686}, "device": "cpu", "nd_range": {"device_start": 2245955.148168867, "device_end": 2245955.1490333513}, "cmdq": 0, "read": {"device_start": -1, "device_end": -1}}, "FFC_sans_bias31": {"write": {"device_start": -1, "host_queued_start": 1585578180.933441, "device_queued": -1, "device_end": -1, "host_queued_end": 1585578180.941686}, "device": "cpu", "nd_range": {"device_start": 2245955.1445465023, "device_end": 2245955.145397223}, "cmdq": 0, "read": {"device_start": -1, "device_end": -1}}, "FFC_sans_bias16": {"write": {"device_start": -1, "host_queued_start": 1585578180.93936, "device_queued": -1, "device_end": -1, "host_queued_end": 1585578180.941686}, "device": "cpu", "nd_range": {"device_start": 2245955.152055909, "device_end": 2245955.153021955}, "cmdq": 1, "read": {"device_start": -1, "device_end": -1}}, "FFC_sans_bias19": {"write": {"device_start": -1, "host_queued_start": 1585578180.923337, "device_queued": -1, "device_end": -1, "host_queued_end": 1585578180.941686}, "device": "cpu", "nd_range": {"device_start": 2245955.1341838352, "device_end": 2245955.135163417}, "cmdq": 0, "read": {"device_start": -1, "device_end": -1}}, "FFC_sans_bias18": {"write": {"device_start": -1, "host_queued_start": 1585578180.922835, "device_queued": -1, "device_end": -1, "host_queued_end": 1585578180.941686}, "device": "cpu", "nd_range": {"device_start": 2245955.135009551, "device_end": 2245955.1362452493}, "cmdq": 1, "read": {"device_start": -1, "device_end": -1}}, "coalesced_transpose30": {"write": {"device_start": -1, "host_queued_start": 1585578180.931201, "device_queued": -1, "device_end": -1, "host_queued_end": 1585578180.941686}, "device": "cpu", "nd_range": {"device_start": 2245955.14355386, "device_end": 2245955.1437465753}, "cmdq": 1, "read": {"device_start": -1, "device_end": -1}}, "FFC_sans_bias69": {"write": {"device_start": -1, "host_queued_start": 1585578180.91558, "device_queued": -1, "device_end": -1, "host_queued_end": 1585578180.916156}, "device": "gpu", "nd_range": {"device_start": 1585578115.740076, "device_end": 1585578115.7401826}, "cmdq": 1, "read": {"device_start": -1, "device_end": -1}}, "FFC_sans_bias38": {"write": {"device_start": -1, "host_queued_start": 1585578180.926905, "device_queued": -1, "device_end": -1, "host_queued_end": 1585578180.941686}, "device": "cpu", "nd_range": {"device_start": 2245955.140357564, "device_end": 2245955.1413262943}, "cmdq": 1, "read": {"device_start": -1, "device_end": -1}}, "coalesced_transpose57": {"write": {"device_start": -1, "host_queued_start": 1585578180.932106, "device_queued": -1, "device_end": -1, "host_queued_end": 1585578180.941686}, "device": "cpu", "nd_range": {"device_start": 2245955.143481232, "device_end": 2245955.1435313784}, "cmdq": 0, "read": {"device_start": -1, "device_end": -1}}, "empty26": {"write": {"device_start": -1, "host_queued_start": 1585578180.917788, "device_queued": -1, "device_end": -1, "host_queued_end": 1585578180.941686}, "device": "cpu", "nd_range": {"device_start": 2245955.131309236, "device_end": 2245955.1313103703}, "cmdq": 0, "read": {"device_start": -1, "device_end": -1}}, "coalesced_transpose12": {"write": {"device_start": -1, "host_queued_start": 1585578180.930554, "device_queued": -1, "device_end": -1, "host_queued_end": 1585578180.941686}, "device": "cpu", "nd_range": {"device_start": 2245955.1434807843, "device_end": 2245955.143542049}, "cmdq": 1, "read": {"device_start": -1, "device_end": -1}}, "empty44": {"write": {"device_start": -1, "host_queued_start": 1585578180.918514, "device_queued": -1, "device_end": -1, "host_queued_end": 1585578180.941686}, "device": "cpu", "nd_range": {"device_start": 2245955.1313193343, "device_end": 2245955.131320782}, "cmdq": 0, "read": {"device_start": -1, "device_end": -1}}, "coalesced_transpose21": {"write": {"device_start": -1, "host_queued_start": 1585578180.93089, "device_queued": -1, "device_end": -1, "host_queued_end": 1585578180.941686}, "device": "cpu", "nd_range": {"device_start": 2245955.1420035143, "device_end": 2245955.142057478}, "cmdq": 0, "read": {"device_start": -1, "device_end": -1}}, "FFC_sans_bias36": {"write": {"device_start": -1, "host_queued_start": 1585578180.925866, "device_queued": -1, "device_end": -1, "host_queued_end": 1585578180.941686}, "device": "cpu", "nd_range": {"device_start": 2245955.139394319, "device_end": 2245955.14024482}, "cmdq": 1, "read": {"device_start": -1, "device_end": -1}}, "softmax14": {"write": {"device_start": -1, "host_queued_start": 1585578180.934918, "device_queued": -1, "device_end": -1, "host_queued_end": 1585578180.941686}, "device": "cpu", "nd_range": {"device_start": 2245955.147996709, "device_end": 2245955.148029386}, "cmdq": 1, "read": {"device_start": -1, "device_end": -1}}, "FFC_sans_bias13": {"write": {"device_start": -1, "host_queued_start": 1585578180.932737, "device_queued": -1, "device_end": -1, "host_queued_end": 1585578180.941686}, "device": "cpu", "nd_range": {"device_start": 2245955.1435525473, "device_end": 2245955.1444162913}, "cmdq": 0, "read": {"device_start": -1, "device_end": -1}}, "empty8": {"write": {"device_start": -1, "host_queued_start": 1585578180.916699, "device_queued": -1, "device_end": -1, "host_queued_end": 1585578180.941686}, "device": "cpu", "nd_range": {"device_start": 2245955.1312781563, "device_end": 2245955.131290295}, "cmdq": 0, "read": {"device_start": -1, "device_end": -1}}, "FFC_sans_bias42": {"write": {"device_start": -1, "host_queued_start": 1585578180.93775, "device_queued": -1, "device_end": -1, "host_queued_end": 1585578180.941686}, "device": "cpu", "nd_range": {"device_start": 2245955.150222932, "device_end": 2245955.151199276}, "cmdq": 1, "read": {"device_start": -1, "device_end": -1}}, "FFC_sans_bias43": {"write": {"device_start": -1, "host_queued_start": 1585578180.940714, "device_queued": -1, "device_end": -1, "host_queued_end": 1585578180.941686}, "device": "cpu", "nd_range": {"device_start": 2245955.154765191, "device_end": 2245955.159026836}, "cmdq": 0, "read": {"device_start": -1, "device_end": -1}}, "FFC_sans_bias40": {"write": {"device_start": -1, "host_queued_start": 1585578180.933763, "device_queued": -1, "device_end": -1, "host_queued_end": 1585578180.941686}, "device": "cpu", "nd_range": {"device_start": 2245955.146428278, "device_end": 2245955.147188668}, "cmdq": 1, "read": {"device_start": -1, "device_end": -1}}, "softmax32": {"write": {"device_start": -1, "host_queued_start": 1585578180.935416, "device_queued": -1, "device_end": -1, "host_queued_end": 1585578180.941686}, "device": "cpu", "nd_range": {"device_start": 2245955.1481695683, "device_end": 2245955.1482247333}, "cmdq": 1, "read": {"device_start": -1, "device_end": -1}}, "FFC_sans_bias47": {"write": {"device_start": -1, "host_queued_start": 1585578180.928421, "device_queued": -1, "device_end": -1, "host_queued_end": 1585578180.941686}, "device": "cpu", "nd_range": {"device_start": 2245955.139756828, "device_end": 2245955.1407247023}, "cmdq": 0, "read": {"device_start": -1, "device_end": -1}}, "FFC_sans_bias45": {"write": {"device_start": -1, "host_queued_start": 1585578180.92741, "device_queued": -1, "device_end": -1, "host_queued_end": 1585578180.941686}, "device": "cpu", "nd_range": {"device_start": 2245955.138906115, "device_end": 2245955.1396481954}, "cmdq": 0, "read": {"device_start": -1, "device_end": -1}}, "softmax50": {"write": {"device_start": -1, "host_queued_start": 1585578180.935909, "device_queued": -1, "device_end": -1, "host_queued_end": 1585578180.941686}, "device": "cpu", "nd_range": {"device_start": 2245955.148234547, "device_end": 2245955.1483992473}, "cmdq": 1, "read": {"device_start": -1, "device_end": -1}}, "FFC_sans_bias33": {"write": {"device_start": -1, "host_queued_start": 1585578180.937439, "device_queued": -1, "device_end": -1, "host_queued_end": 1585578180.941686}, "device": "cpu", "nd_range": {"device_start": 2245955.149914919, "device_end": 2245955.150758631}, "cmdq": 0, "read": {"device_start": -1, "device_end": -1}}, "FFC_sans_bias63": {"write": {"device_start": 1585578115.7397456, "host_queued_start": 1585578180.914413, "device_queued": 1585578115.7396736, "device_end": 1585578115.7397544, "host_queued_end": 1585578180.916156}, "device": "gpu", "nd_range": {"device_start": 1585578115.7397554, "device_end": 1585578115.7398744}, "cmdq": 1, "read": {"device_start": -1, "device_end": -1}}, "FFC_sans_bias49": {"write": {"device_start": -1, "host_queued_start": 1585578180.934081, "device_queued": -1, "device_end": -1, "host_queued_end": 1585578180.941686}, "device": "cpu", "nd_range": {"device_start": 2245955.145510834, "device_end": 2245955.146311817}, "cmdq": 0, "read": {"device_start": -1, "device_end": -1}}, "FFC_sans_bias64": {"write": {"device_start": 1585578115.7396238, "host_queued_start": 1585578180.913379, "device_queued": 1585578115.7395906, "device_end": 1585578115.7396324, "host_queued_end": 1585578180.916156}, "device": "gpu", "nd_range": {"device_start": 1585578115.7396336, "device_end": 1585578115.7397435}, "cmdq": 1, "read": {"device_start": -1, "device_end": -1}}, "FFC_sans_bias65": {"write": {"device_start": 1585578115.7396579, "host_queued_start": 1585578180.913913, "device_queued": 1585578115.7396412, "device_end": 1585578115.7396665, "host_queued_end": 1585578180.916156}, "device": "gpu", "nd_range": {"device_start": 1585578115.7396677, "device_end": 1585578115.7398152}, "cmdq": 0, "read": {"device_start": -1, "device_end": -1}}, "FFC_sans_bias67": {"write": {"device_start": -1, "host_queued_start": 1585578180.91506, "device_queued": -1, "device_end": -1, "host_queued_end": 1585578180.916156}, "device": "gpu", "nd_range": {"device_start": 1585578115.739876, "device_end": 1585578115.7399852}, "cmdq": 1, "read": {"device_start": -1, "device_end": -1}}, "FFC_sans_bias24": {"write": {"device_start": -1, "host_queued_start": 1585578180.937121, "device_queued": -1, "device_end": -1, "host_queued_end": 1585578180.941686}, "device": "cpu", "nd_range": {"device_start": 2245955.14938429, "device_end": 2245955.150116228}, "cmdq": 1, "read": {"device_start": -1, "device_end": -1}}, "FFC_sans_bias25": {"write": {"device_start": -1, "host_queued_start": 1585578180.939816, "device_queued": -1, "device_end": -1, "host_queued_end": 1585578180.941686}, "device": "cpu", "nd_range": {"device_start": 2245955.1535572773, "device_end": 2245955.154761259}, "cmdq": 0, "read": {"device_start": -1, "device_end": -1}}, "FFC_sans_bias27": {"write": {"device_start": -1, "host_queued_start": 1585578180.924351, "device_queued": -1, "device_end": -1, "host_queued_end": 1585578180.941686}, "device": "cpu", "nd_range": {"device_start": 2245955.1353385583, "device_end": 2245955.136761813}, "cmdq": 0, "read": {"device_start": -1, "device_end": -1}}, "FFC_sans_bias20": {"write": {"device_start": -1, "host_queued_start": 1585578180.923844, "device_queued": -1, "device_end": -1, "host_queued_end": 1585578180.941686}, "device": "cpu", "nd_range": {"device_start": 2245955.13635483, "device_end": 2245955.137317373}, "cmdq": 1, "read": {"device_start": -1, "device_end": -1}}, "FFC_sans_bias22": {"write": {"device_start": -1, "host_queued_start": 1585578180.933129, "device_queued": -1, "device_end": -1, "host_queued_end": 1585578180.941686}, "device": "cpu", "nd_range": {"device_start": 2245955.145008788, "device_end": 2245955.1462348243}, "cmdq": 1, "read": {"device_start": -1, "device_end": -1}}, "softmax68": {"write": {"device_start": -1, "host_queued_start": 1585578180.915291, "device_queued": -1, "device_end": -1, "host_queued_end": 1585578180.916156}, "device": "gpu", "nd_range": {"device_start": 1585578115.7399886, "device_end": 1585578115.740064}, "cmdq": 0, "read": {"device_start": -1, "device_end": -1}}, "softmax5": {"write": {"device_start": -1, "host_queued_start": 1585578180.934662, "device_queued": -1, "device_end": -1, "host_queued_end": 1585578180.941686}, "device": "cpu", "nd_range": {"device_start": 2245955.1463229973, "device_end": 2245955.146376261}, "cmdq": 0, "read": {"device_start": -1, "device_end": -1}}, "FFC_sans_bias28": {"write": {"device_start": -1, "host_queued_start": 1585578180.924853, "device_queued": -1, "device_end": -1, "host_queued_end": 1585578180.941686}, "device": "cpu", "nd_range": {"device_start": 2245955.137427519, "device_end": 2245955.1392850163}, "cmdq": 1, "read": {"device_start": -1, "device_end": -1}}, "FFC_sans_bias29": {"write": {"device_start": -1, "host_queued_start": 1585578180.925365, "device_queued": -1, "device_end": -1, "host_queued_end": 1585578180.941686}, "device": "cpu", "nd_range": {"device_start": 2245955.136870388, "device_end": 2245955.137837782}, "cmdq": 0, "read": {"device_start": -1, "device_end": -1}}, "empty17": {"write": {"device_start": -1, "host_queued_start": 1585578180.91734, "device_queued": -1, "device_end": -1, "host_queued_end": 1585578180.941686}, "device": "cpu", "nd_range": {"device_start": 2245955.131281334, "device_end": 2245955.1312902994}, "cmdq": 1, "read": {"device_start": -1, "device_end": -1}}, "softmax59": {"write": {"device_start": -1, "host_queued_start": 1585578180.936158, "device_queued": -1, "device_end": -1, "host_queued_end": 1585578180.941686}, "device": "cpu", "nd_range": {"device_start": 2245955.1479955823, "device_end": 2245955.148029188}, "cmdq": 0, "read": {"device_start": -1, "device_end": -1}}, "empty71": {"write": {"device_start": 1585578115.7395658, "host_queued_start": 1585578180.912606, "device_queued": 1585578115.7395399, "device_end": 1585578115.7395744, "host_queued_end": 1585578180.916156}, "device": "gpu", "nd_range": {"device_start": 1585578115.7395756, "device_end": 1585578115.7395866}, "cmdq": 0, "read": {"device_start": -1, "device_end": -1}}, "empty35": {"write": {"device_start": -1, "host_queued_start": 1585578180.918153, "device_queued": -1, "device_end": -1, "host_queued_end": 1585578180.941686}, "device": "cpu", "nd_range": {"device_start": 2245955.131309769, "device_end": 2245955.131310711}, "cmdq": 1, "read": {"device_start": -1, "device_end": -1}}, "empty53": {"write": {"device_start": -1, "host_queued_start": 1585578180.918904, "device_queued": -1, "device_end": -1, "host_queued_end": 1585578180.941686}, "device": "cpu", "nd_range": {"device_start": 2245955.1313168723, "device_end": 2245955.1313177063}, "cmdq": 1, "read": {"device_start": -1, "device_end": -1}}, "FFC_sans_bias46": {"write": {"device_start": -1, "host_queued_start": 1585578180.92791, "device_queued": -1, "device_end": -1, "host_queued_end": 1585578180.941686}, "device": "cpu", "nd_range": {"device_start": 2245955.141431448, "device_end": 2245955.142157567}, "cmdq": 1, "read": {"device_start": -1, "device_end": -1}}, "coalesced_transpose66": {"write": {"device_start": -1, "host_queued_start": 1585578180.914776, "device_queued": -1, "device_end": -1, "host_queued_end": 1585578180.916156}, "device": "gpu", "nd_range": {"device_start": 1585578115.7398176, "device_end": 1585578115.7398326}, "cmdq": 0, "read": {"device_start": -1, "device_end": -1}}, "coalesced_transpose48": {"write": {"device_start": -1, "host_queued_start": 1585578180.931796, "device_queued": -1, "device_end": -1, "host_queued_end": 1585578180.941686}, "device": "cpu", "nd_range": {"device_start": 2245955.143760369, "device_end": 2245955.1439453852}, "cmdq": 1, "read": {"device_start": -1, "device_end": -1}}}