{"FFC_sans_bias60": {"write": {"device_start": -1, "host_queued_start": 1585578405.932812, "device_queued": -1, "device_end": -1, "host_queued_end": 1585578405.936766}, "device": "gpu", "nd_range": {"device_start": 1585578340.7558973, "device_end": 1585578340.756099}, "cmdq": 2, "read": {"device_start": -1, "device_end": -1}}, "FFC_sans_bias4": {"write": {"device_start": -1, "host_queued_start": 1585578405.940037, "device_queued": -1, "device_end": -1, "host_queued_end": 1585578405.941309}, "device": "cpu", "nd_range": {"device_start": 2246180.1325704823, "device_end": 2246180.1331665074}, "cmdq": 1, "read": {"device_start": -1, "device_end": -1}}, "FFC_sans_bias7": {"write": {"device_start": -1, "host_queued_start": 1585578405.941265, "device_queued": -1, "device_end": -1, "host_queued_end": 1585578405.941309}, "device": "cpu", "nd_range": {"device_start": 2246180.133845827, "device_end": 2246180.134346425}, "cmdq": 0, "read": {"device_start": -1, "device_end": -1}}, "FFC_sans_bias6": {"write": {"device_start": -1, "host_queued_start": 1585578405.940768, "device_queued": -1, "device_end": -1, "host_queued_end": 1585578405.941309}, "device": "cpu", "nd_range": {"device_start": 2246180.133229446, "device_end": 2246180.1338403733}, "cmdq": 1, "read": {"device_start": -1, "device_end": -1}}, "FFC_sans_bias1": {"write": {"device_start": -1, "host_queued_start": 1585578405.93879, "device_queued": -1, "device_end": -1, "host_queued_end": 1585578405.941309}, "device": "cpu", "nd_range": {"device_start": 2246180.130897828, "device_end": 2246180.132072141}, "cmdq": 0, "read": {"device_start": -1, "device_end": -1}}, "FFC_sans_bias0": {"write": {"device_start": -1, "host_queued_start": 1585578405.938175, "device_queued": -1, "device_end": -1, "host_queued_end": 1585578405.941309}, "device": "cpu", "nd_range": {"device_start": 2246180.130892647, "device_end": 2246180.131908743}, "cmdq": 1, "read": {"device_start": -1, "device_end": -1}}, "FFC_sans_bias2": {"write": {"device_start": -1, "host_queued_start": 1585578405.939327, "device_queued": -1, "device_end": -1, "host_queued_end": 1585578405.941309}, "device": "cpu", "nd_range": {"device_start": 2246180.131936942, "device_end": 2246180.132556554}, "cmdq": 1, "read": {"device_start": -1, "device_end": -1}}, "FFC_sans_bias61": {"write": {"device_start": 1585578340.7563264, "host_queued_start": 1585578405.936157, "device_queued": 1585578340.7557342, "device_end": 1585578340.756339, "host_queued_end": 1585578405.936766}, "device": "gpu", "nd_range": {"device_start": 1585578340.7563415, "device_end": 1585578340.7565317}, "cmdq": 1, "read": {"device_start": 1585578340.7565582, "device_end": 1585578340.756578}}, "FFC_sans_bias52": {"write": {"device_start": 1585578340.7562797, "host_queued_start": 1585578405.935661, "device_queued": 1585578340.7556803, "device_end": 1585578340.7562907, "host_queued_end": 1585578405.936766}, "device": "gpu", "nd_range": {"device_start": 1585578340.7562928, "device_end": 1585578340.756402}, "cmdq": 0, "read": {"device_start": 1585578340.7564569, "device_end": 1585578340.7564638}}, "FFC_sans_bias9": {"write": {"device_start": 1585578340.753672, "host_queued_start": 1585578405.915492, "device_queued": 1585578340.7536461, "device_end": 1585578340.7536805, "host_queued_end": 1585578405.936766}, "device": "gpu", "nd_range": {"device_start": 1585578340.7536995, "device_end": 1585578340.7538095}, "cmdq": 3, "read": {"device_start": -1, "device_end": -1}}, "coalesced_transpose39": {"write": {"device_start": -1, "host_queued_start": 1585578405.926715, "device_queued": -1, "device_end": -1, "host_queued_end": 1585578405.936766}, "device": "gpu", "nd_range": {"device_start": 1585578340.755086, "device_end": 1585578340.7550955}, "cmdq": 3, "read": {"device_start": -1, "device_end": -1}}, "FFC_sans_bias55": {"write": {"device_start": 1585578340.7546608, "host_queued_start": 1585578405.92406, "device_queued": 1585578340.7545598, "device_end": 1585578340.7546697, "host_queued_end": 1585578405.936766}, "device": "gpu", "nd_range": {"device_start": 1585578340.7546709, "device_end": 1585578340.754941}, "cmdq": 0, "read": {"device_start": -1, "device_end": -1}}, "FFC_sans_bias54": {"write": {"device_start": 1585578340.7546413, "host_queued_start": 1585578405.923577, "device_queued": 1585578340.7544997, "device_end": 1585578340.7546499, "host_queued_end": 1585578405.936766}, "device": "gpu", "nd_range": {"device_start": 1585578340.7546513, "device_end": 1585578340.754853}, "cmdq": 3, "read": {"device_start": -1, "device_end": -1}}, "FFC_sans_bias56": {"write": {"device_start": 1585578340.7545483, "host_queued_start": 1585578405.923092, "device_queued": 1585578340.7544777, "device_end": 1585578340.7545571, "host_queued_end": 1585578405.936766}, "device": "gpu", "nd_range": {"device_start": 1585578340.754558, "device_end": 1585578340.75482}, "cmdq": 2, "read": {"device_start": -1, "device_end": -1}}, "FFC_sans_bias51": {"write": {"device_start": -1, "host_queued_start": 1585578405.932527, "device_queued": -1, "device_end": -1, "host_queued_end": 1585578405.936766}, "device": "gpu", "nd_range": {"device_start": 1585578340.7557514, "device_end": 1585578340.755957}, "cmdq": 1, "read": {"device_start": -1, "device_end": -1}}, "softmax23": {"write": {"device_start": -1, "host_queued_start": 1585578405.929961, "device_queued": -1, "device_end": -1, "host_queued_end": 1585578405.936766}, "device": "gpu", "nd_range": {"device_start": 1585578340.7555993, "device_end": 1585578340.7557144}, "cmdq": 3, "read": {"device_start": -1, "device_end": -1}}, "FFC_sans_bias37": {"write": {"device_start": 1585578340.7542415, "host_queued_start": 1585578405.920596, "device_queued": 1585578340.7541938, "device_end": 1585578340.75425, "host_queued_end": 1585578405.936766}, "device": "gpu", "nd_range": {"device_start": 1585578340.7542782, "device_end": 1585578340.7545226}, "cmdq": 1, "read": {"device_start": -1, "device_end": -1}}, "empty62": {"write": {"device_start": 1585578340.7536173, "host_queued_start": 1585578405.914539, "device_queued": 1585578340.7535923, "device_end": 1585578340.753626, "host_queued_end": 1585578405.936766}, "device": "gpu", "nd_range": {"device_start": 1585578340.7536824, "device_end": 1585578340.7536886}, "cmdq": 1, "read": {"device_start": -1, "device_end": -1}}, "FFC_sans_bias70": {"write": {"device_start": 1585578340.7564516, "host_queued_start": 1585578405.936668, "device_queued": 1585578340.7557602, "device_end": 1585578340.7564611, "host_queued_end": 1585578405.936766}, "device": "gpu", "nd_range": {"device_start": 1585578340.7564647, "device_end": 1585578340.7566018}, "cmdq": 2, "read": {"device_start": 1585578340.756607, "device_end": 1585578340.756614}}, "FFC_sans_bias58": {"write": {"device_start": -1, "host_queued_start": 1585578405.92923, "device_queued": -1, "device_end": -1, "host_queued_end": 1585578405.936766}, "device": "gpu", "nd_range": {"device_start": 1585578340.7552087, "device_end": 1585578340.7554743}, "cmdq": 0, "read": {"device_start": -1, "device_end": -1}}, "softmax41": {"write": {"device_start": -1, "host_queued_start": 1585578405.9304, "device_queued": -1, "device_end": -1, "host_queued_end": 1585578405.936766}, "device": "gpu", "nd_range": {"device_start": 1585578340.755517, "device_end": 1585578340.7555902}, "cmdq": 1, "read": {"device_start": -1, "device_end": -1}}, "FFC_sans_bias11": {"write": {"device_start": 1585578340.7537806, "host_queued_start": 1585578405.916498, "device_queued": 1585578340.7537544, "device_end": 1585578340.753797, "host_queued_end": 1585578405.936766}, "device": "gpu", "nd_range": {"device_start": 1585578340.7538655, "device_end": 1585578340.7539725}, "cmdq": 1, "read": {"device_start": -1, "device_end": -1}}, "FFC_sans_bias10": {"write": {"device_start": 1585578340.7537334, "host_queued_start": 1585578405.915986, "device_queued": 1585578340.7537084, "device_end": 1585578340.753742, "host_queued_end": 1585578405.936766}, "device": "gpu", "nd_range": {"device_start": 1585578340.7537484, "device_end": 1585578340.7538621}, "cmdq": 0, "read": {"device_start": -1, "device_end": -1}}, "coalesced_transpose3": {"write": {"device_start": -1, "host_queued_start": 1585578405.939685, "device_queued": -1, "device_end": -1, "host_queued_end": 1585578405.941309}, "device": "cpu", "nd_range": {"device_start": 2246180.132079611, "device_end": 2246180.1321329894}, "cmdq": 0, "read": {"device_start": -1, "device_end": -1}}, "FFC_sans_bias34": {"write": {"device_start": 1585578340.756101, "host_queued_start": 1585578405.934671, "device_queued": 1585578340.7554848, "device_end": 1585578340.7561097, "host_queued_end": 1585578405.936766}, "device": "gpu", "nd_range": {"device_start": 1585578340.7561114, "device_end": 1585578340.756346}, "cmdq": 2, "read": {"device_start": 1585578340.7563574, "device_end": 1585578340.756365}}, "FFC_sans_bias15": {"write": {"device_start": -1, "host_queued_start": 1585578405.931382, "device_queued": -1, "device_end": -1, "host_queued_end": 1585578405.936766}, "device": "gpu", "nd_range": {"device_start": 1585578340.7556305, "device_end": 1585578340.7557461}, "cmdq": 1, "read": {"device_start": -1, "device_end": -1}}, "FFC_sans_bias31": {"write": {"device_start": -1, "host_queued_start": 1585578405.928378, "device_queued": -1, "device_end": -1, "host_queued_end": 1585578405.936766}, "device": "gpu", "nd_range": {"device_start": 1585578340.755092, "device_end": 1585578340.7553017}, "cmdq": 1, "read": {"device_start": -1, "device_end": -1}}, "FFC_sans_bias16": {"write": {"device_start": 1585578340.7559419, "host_queued_start": 1585578405.93365, "device_queued": 1585578340.755335, "device_end": 1585578340.7559507, "host_queued_end": 1585578405.936766}, "device": "gpu", "nd_range": {"device_start": 1585578340.7559526, "device_end": 1585578340.756146}, "cmdq": 0, "read": {"device_start": 1585578340.756155, "device_end": 1585578340.7561636}}, "FFC_sans_bias19": {"write": {"device_start": 1585578340.7538526, "host_queued_start": 1585578405.917639, "device_queued": 1585578340.7538247, "device_end": 1585578340.7538612, "host_queued_end": 1585578405.936766}, "device": "gpu", "nd_range": {"device_start": 1585578340.7539892, "device_end": 1585578340.7541018}, "cmdq": 3, "read": {"device_start": -1, "device_end": -1}}, "FFC_sans_bias18": {"write": {"device_start": 1585578340.7538197, "host_queued_start": 1585578405.917151, "device_queued": 1585578340.7537813, "device_end": 1585578340.7538285, "host_queued_end": 1585578405.936766}, "device": "gpu", "nd_range": {"device_start": 1585578340.7538767, "device_end": 1585578340.7540505}, "cmdq": 2, "read": {"device_start": -1, "device_end": -1}}, "coalesced_transpose30": {"write": {"device_start": -1, "host_queued_start": 1585578405.926397, "device_queued": -1, "device_end": -1, "host_queued_end": 1585578405.936766}, "device": "gpu", "nd_range": {"device_start": 1585578340.755048, "device_end": 1585578340.7550588}, "cmdq": 2, "read": {"device_start": -1, "device_end": -1}}, "FFC_sans_bias69": {"write": {"device_start": -1, "host_queued_start": 1585578405.933181, "device_queued": -1, "device_end": -1, "host_queued_end": 1585578405.936766}, "device": "gpu", "nd_range": {"device_start": 1585578340.7560396, "device_end": 1585578340.7563057}, "cmdq": 3, "read": {"device_start": -1, "device_end": -1}}, "FFC_sans_bias38": {"write": {"device_start": 1585578340.7543392, "host_queued_start": 1585578405.921087, "device_queued": 1585578340.7542224, "device_end": 1585578340.7543476, "host_queued_end": 1585578405.936766}, "device": "gpu", "nd_range": {"device_start": 1585578340.754349, "device_end": 1585578340.7545462}, "cmdq": 2, "read": {"device_start": -1, "device_end": -1}}, "coalesced_transpose57": {"write": {"device_start": -1, "host_queued_start": 1585578405.927258, "device_queued": -1, "device_end": -1, "host_queued_end": 1585578405.936766}, "device": "gpu", "nd_range": {"device_start": 1585578340.7550564, "device_end": 1585578340.7550702}, "cmdq": 1, "read": {"device_start": -1, "device_end": -1}}, "empty26": {"write": {"device_start": 1585578340.753466, "host_queued_start": 1585578405.912962, "device_queued": 1585578340.7534409, "device_end": 1585578340.7534747, "host_queued_end": 1585578405.936766}, "device": "gpu", "nd_range": {"device_start": 1585578340.7535353, "device_end": 1585578340.7535424}, "cmdq": 1, "read": {"device_start": -1, "device_end": -1}}, "coalesced_transpose12": {"write": {"device_start": -1, "host_queued_start": 1585578405.925824, "device_queued": -1, "device_end": -1, "host_queued_end": 1585578405.936766}, "device": "gpu", "nd_range": {"device_start": 1585578340.754942, "device_end": 1585578340.7550514}, "cmdq": 0, "read": {"device_start": -1, "device_end": -1}}, "empty44": {"write": {"device_start": 1585578340.7535245, "host_queued_start": 1585578405.913769, "device_queued": 1585578340.7534957, "device_end": 1585578340.7535334, "host_queued_end": 1585578405.936766}, "device": "gpu", "nd_range": {"device_start": 1585578340.7535474, "device_end": 1585578340.753551}, "cmdq": 3, "read": {"device_start": -1, "device_end": -1}}, "coalesced_transpose21": {"write": {"device_start": -1, "host_queued_start": 1585578405.926121, "device_queued": -1, "device_end": -1, "host_queued_end": 1585578405.936766}, "device": "gpu", "nd_range": {"device_start": 1585578340.7549794, "device_end": 1585578340.755055}, "cmdq": 1, "read": {"device_start": -1, "device_end": -1}}, "FFC_sans_bias36": {"write": {"device_start": 1585578340.7542038, "host_queued_start": 1585578405.92011, "device_queued": 1585578340.7541544, "device_end": 1585578340.7542148, "host_queued_end": 1585578405.936766}, "device": "gpu", "nd_range": {"device_start": 1585578340.754216, "device_end": 1585578340.754445}, "cmdq": 0, "read": {"device_start": -1, "device_end": -1}}, "softmax14": {"write": {"device_start": -1, "host_queued_start": 1585578405.929737, "device_queued": -1, "device_end": -1, "host_queued_end": 1585578405.936766}, "device": "gpu", "nd_range": {"device_start": 1585578340.7554095, "device_end": 1585578340.7556062}, "cmdq": 2, "read": {"device_start": -1, "device_end": -1}}, "FFC_sans_bias13": {"write": {"device_start": -1, "host_queued_start": 1585578405.927818, "device_queued": -1, "device_end": -1, "host_queued_end": 1585578405.936766}, "device": "gpu", "nd_range": {"device_start": 1585578340.7550976, "device_end": 1585578340.7553098}, "cmdq": 3, "read": {"device_start": -1, "device_end": -1}}, "empty8": {"write": {"device_start": -1, "host_queued_start": 1585578405.937529, "device_queued": -1, "device_end": -1, "host_queued_end": 1585578405.941309}, "device": "cpu", "nd_range": {"device_start": 2246180.130872738, "device_end": 2246180.130882258}, "cmdq": 0, "read": {"device_start": -1, "device_end": -1}}, "FFC_sans_bias42": {"write": {"device_start": -1, "host_queued_start": 1585578405.932234, "device_queued": -1, "device_end": -1, "host_queued_end": 1585578405.936766}, "device": "gpu", "nd_range": {"device_start": 1585578340.7557414, "device_end": 1585578340.7559395}, "cmdq": 0, "read": {"device_start": -1, "device_end": -1}}, "FFC_sans_bias43": {"write": {"device_start": 1585578340.7563071, "host_queued_start": 1585578405.935167, "device_queued": 1585578340.7555194, "device_end": 1585578340.7563193, "host_queued_end": 1585578405.936766}, "device": "gpu", "nd_range": {"device_start": 1585578340.7563212, "device_end": 1585578340.7565033}, "cmdq": 3, "read": {"device_start": 1585578340.7565136, "device_end": 1585578340.7565205}}, "FFC_sans_bias40": {"write": {"device_start": -1, "host_queued_start": 1585578405.928666, "device_queued": -1, "device_end": -1, "host_queued_end": 1585578405.936766}, "device": "gpu", "nd_range": {"device_start": 1585578340.7551024, "device_end": 1585578340.7554069}, "cmdq": 2, "read": {"device_start": -1, "device_end": -1}}, "softmax32": {"write": {"device_start": -1, "host_queued_start": 1585578405.930188, "device_queued": -1, "device_end": -1, "host_queued_end": 1585578405.936766}, "device": "gpu", "nd_range": {"device_start": 1585578340.7554777, "device_end": 1585578340.7556202}, "cmdq": 0, "read": {"device_start": -1, "device_end": -1}}, "FFC_sans_bias47": {"write": {"device_start": 1585578340.7545245, "host_queued_start": 1585578405.922559, "device_queued": 1585578340.7544537, "device_end": 1585578340.7545333, "host_queued_end": 1585578405.936766}, "device": "gpu", "nd_range": {"device_start": 1585578340.7545342, "device_end": 1585578340.7547474}, "cmdq": 1, "read": {"device_start": -1, "device_end": -1}}, "FFC_sans_bias45": {"write": {"device_start": 1585578340.754354, "host_queued_start": 1585578405.921574, "device_queued": 1585578340.7542455, "device_end": 1585578340.7543626, "host_queued_end": 1585578405.936766}, "device": "gpu", "nd_range": {"device_start": 1585578340.754401, "device_end": 1585578340.7546382}, "cmdq": 3, "read": {"device_start": -1, "device_end": -1}}, "softmax50": {"write": {"device_start": -1, "host_queued_start": 1585578405.93066, "device_queued": -1, "device_end": -1, "host_queued_end": 1585578405.936766}, "device": "gpu", "nd_range": {"device_start": 1585578340.75561, "device_end": 1585578340.7557235}, "cmdq": 2, "read": {"device_start": -1, "device_end": -1}}, "FFC_sans_bias33": {"write": {"device_start": -1, "host_queued_start": 1585578405.931946, "device_queued": -1, "device_end": -1, "host_queued_end": 1585578405.936766}, "device": "gpu", "nd_range": {"device_start": 1585578340.7558844, "device_end": 1585578340.756037}, "cmdq": 3, "read": {"device_start": -1, "device_end": -1}}, "FFC_sans_bias63": {"write": {"device_start": 1585578340.754856, "host_queued_start": 1585578405.925531, "device_queued": 1585578340.7546465, "device_end": 1585578340.7548645, "host_queued_end": 1585578405.936766}, "device": "gpu", "nd_range": {"device_start": 1585578340.7548656, "device_end": 1585578340.755085}, "cmdq": 3, "read": {"device_start": -1, "device_end": -1}}, "FFC_sans_bias49": {"write": {"device_start": -1, "host_queued_start": 1585578405.928944, "device_queued": -1, "device_end": -1, "host_queued_end": 1585578405.936766}, "device": "gpu", "nd_range": {"device_start": 1585578340.7553124, "device_end": 1585578340.7555969}, "cmdq": 3, "read": {"device_start": -1, "device_end": -1}}, "FFC_sans_bias64": {"write": {"device_start": 1585578340.7547498, "host_queued_start": 1585578405.92455, "device_queued": 1585578340.7545986, "device_end": 1585578340.7547584, "host_queued_end": 1585578405.936766}, "device": "gpu", "nd_range": {"device_start": 1585578340.7547596, "device_end": 1585578340.7549782}, "cmdq": 1, "read": {"device_start": -1, "device_end": -1}}, "FFC_sans_bias65": {"write": {"device_start": 1585578340.7548223, "host_queued_start": 1585578405.925045, "device_queued": 1585578340.7546241, "device_end": 1585578340.7548308, "host_queued_end": 1585578405.936766}, "device": "gpu", "nd_range": {"device_start": 1585578340.754832, "device_end": 1585578340.755047}, "cmdq": 2, "read": {"device_start": -1, "device_end": -1}}, "FFC_sans_bias67": {"write": {"device_start": -1, "host_queued_start": 1585578405.929526, "device_queued": -1, "device_end": -1, "host_queued_end": 1585578405.936766}, "device": "gpu", "nd_range": {"device_start": 1585578340.7553039, "device_end": 1585578340.7555153}, "cmdq": 1, "read": {"device_start": -1, "device_end": -1}}, "FFC_sans_bias24": {"write": {"device_start": -1, "host_queued_start": 1585578405.93167, "device_queued": -1, "device_end": -1, "host_queued_end": 1585578405.936766}, "device": "gpu", "nd_range": {"device_start": 1585578340.755727, "device_end": 1585578340.755843}, "cmdq": 2, "read": {"device_start": -1, "device_end": -1}}, "FFC_sans_bias25": {"write": {"device_start": 1585578340.7559595, "host_queued_start": 1585578405.934152, "device_queued": 1585578340.7553742, "device_end": 1585578340.755968, "host_queued_end": 1585578405.936766}, "device": "gpu", "nd_range": {"device_start": 1585578340.7559702, "device_end": 1585578340.756226}, "cmdq": 1, "read": {"device_start": 1585578340.7562287, "device_end": 1585578340.7562459}}, "FFC_sans_bias27": {"write": {"device_start": 1585578340.7540653, "host_queued_start": 1585578405.918649, "device_queued": 1585578340.7540405, "device_end": 1585578340.7540765, "host_queued_end": 1585578405.936766}, "device": "gpu", "nd_range": {"device_start": 1585578340.7541258, "device_end": 1585578340.7542388}, "cmdq": 1, "read": {"device_start": -1, "device_end": -1}}, "FFC_sans_bias20": {"write": {"device_start": 1585578340.7540226, "host_queued_start": 1585578405.918127, "device_queued": 1585578340.7539988, "device_end": 1585578340.754031, "host_queued_end": 1585578405.936766}, "device": "gpu", "nd_range": {"device_start": 1585578340.7540338, "device_end": 1585578340.7542}, "cmdq": 0, "read": {"device_start": -1, "device_end": -1}}, "FFC_sans_bias22": {"write": {"device_start": -1, "host_queued_start": 1585578405.928093, "device_queued": -1, "device_end": -1, "host_queued_end": 1585578405.936766}, "device": "gpu", "nd_range": {"device_start": 1585578340.7550888, "device_end": 1585578340.7552063}, "cmdq": 0, "read": {"device_start": -1, "device_end": -1}}, "softmax68": {"write": {"device_start": -1, "host_queued_start": 1585578405.9311, "device_queued": -1, "device_end": -1, "host_queued_end": 1585578405.936766}, "device": "gpu", "nd_range": {"device_start": 1585578340.755624, "device_end": 1585578340.7557364}, "cmdq": 0, "read": {"device_start": -1, "device_end": -1}}, "softmax5": {"write": {"device_start": -1, "host_queued_start": 1585578405.940395, "device_queued": -1, "device_end": -1, "host_queued_end": 1585578405.941309}, "device": "cpu", "nd_range": {"device_start": 2246180.133173104, "device_end": 2246180.133214544}, "cmdq": 0, "read": {"device_start": -1, "device_end": -1}}, "FFC_sans_bias28": {"write": {"device_start": 1585578340.7540905, "host_queued_start": 1585578405.919131, "device_queued": 1585578340.7540653, "device_end": 1585578340.7541006, "host_queued_end": 1585578405.936766}, "device": "gpu", "nd_range": {"device_start": 1585578340.7541397, "device_end": 1585578340.7543368}, "cmdq": 2, "read": {"device_start": -1, "device_end": -1}}, "FFC_sans_bias29": {"write": {"device_start": 1585578340.7541149, "host_queued_start": 1585578405.919629, "device_queued": 1585578340.7540925, "device_end": 1585578340.7541234, "host_queued_end": 1585578405.936766}, "device": "gpu", "nd_range": {"device_start": 1585578340.7541504, "device_end": 1585578340.7543528}, "cmdq": 3, "read": {"device_start": -1, "device_end": -1}}, "empty17": {"write": {"device_start": 1585578340.7533934, "host_queued_start": 1585578405.912366, "device_queued": 1585578340.7533565, "device_end": 1585578340.7534022, "host_queued_end": 1585578405.936766}, "device": "gpu", "nd_range": {"device_start": 1585578340.7534237, "device_end": 1585578340.7534368}, "cmdq": 0, "read": {"device_start": -1, "device_end": -1}}, "softmax59": {"write": {"device_start": -1, "host_queued_start": 1585578405.930896, "device_queued": -1, "device_end": -1, "host_queued_end": 1585578405.936766}, "device": "gpu", "nd_range": {"device_start": 1585578340.7557182, "device_end": 1585578340.7558808}, "cmdq": 3, "read": {"device_start": -1, "device_end": -1}}, "empty71": {"write": {"device_start": 1585578340.7536447, "host_queued_start": 1585578405.914977, "device_queued": 1585578340.7536197, "device_end": 1585578340.7536545, "host_queued_end": 1585578405.936766}, "device": "gpu", "nd_range": {"device_start": 1585578340.7536862, "device_end": 1585578340.75369}, "cmdq": 2, "read": {"device_start": -1, "device_end": -1}}, "empty35": {"write": {"device_start": 1585578340.753494, "host_queued_start": 1585578405.913366, "device_queued": 1585578340.7534673, "device_end": 1585578340.753503, "host_queued_end": 1585578405.936766}, "device": "gpu", "nd_range": {"device_start": 1585578340.7535403, "device_end": 1585578340.7535439}, "cmdq": 2, "read": {"device_start": -1, "device_end": -1}}, "empty53": {"write": {"device_start": 1585578340.753579, "host_queued_start": 1585578405.914172, "device_queued": 1585578340.7535563, "device_end": 1585578340.7535875, "host_queued_end": 1585578405.936766}, "device": "gpu", "nd_range": {"device_start": 1585578340.7535887, "device_end": 1585578340.7535923}, "cmdq": 0, "read": {"device_start": -1, "device_end": -1}}, "FFC_sans_bias46": {"write": {"device_start": 1585578340.7544475, "host_queued_start": 1585578405.922067, "device_queued": 1585578340.754416, "device_end": 1585578340.7544563, "host_queued_end": 1585578405.936766}, "device": "gpu", "nd_range": {"device_start": 1585578340.7544575, "device_end": 1585578340.7546568}, "cmdq": 0, "read": {"device_start": -1, "device_end": -1}}, "coalesced_transpose66": {"write": {"device_start": -1, "host_queued_start": 1585578405.927525, "device_queued": -1, "device_end": -1, "host_queued_end": 1585578405.936766}, "device": "gpu", "nd_range": {"device_start": 1585578340.7550607, "device_end": 1585578340.7550733}, "cmdq": 2, "read": {"device_start": -1, "device_end": -1}}, "coalesced_transpose48": {"write": {"device_start": -1, "host_queued_start": 1585578405.926993, "device_queued": -1, "device_end": -1, "host_queued_end": 1585578405.936766}, "device": "gpu", "nd_range": {"device_start": 1585578340.7550523, "device_end": 1585578340.7550676}, "cmdq": 0, "read": {"device_start": -1, "device_end": -1}}}