{"FFC_sans_bias60": {"write": {"device_start": -1, "host_queued_start": 1585578213.071373, "device_queued": -1, "device_end": -1, "host_queued_end": 1585578213.075339}, "device": "gpu", "nd_range": {"device_start": 1585578147.9007208, "device_end": 1585578147.9008415}, "cmdq": 0, "read": {"device_start": -1, "device_end": -1}}, "FFC_sans_bias4": {"write": {"device_start": -1, "host_queued_start": 1585578213.078729, "device_queued": -1, "device_end": -1, "host_queued_end": 1585578213.080052}, "device": "cpu", "nd_range": {"device_start": 2245987.271274804, "device_end": 2245987.271897355}, "cmdq": 1, "read": {"device_start": -1, "device_end": -1}}, "FFC_sans_bias7": {"write": {"device_start": -1, "host_queued_start": 1585578213.080008, "device_queued": -1, "device_end": -1, "host_queued_end": 1585578213.080052}, "device": "cpu", "nd_range": {"device_start": 2245987.272570367, "device_end": 2245987.273115102}, "cmdq": 0, "read": {"device_start": -1, "device_end": -1}}, "FFC_sans_bias6": {"write": {"device_start": -1, "host_queued_start": 1585578213.079412, "device_queued": -1, "device_end": -1, "host_queued_end": 1585578213.080052}, "device": "cpu", "nd_range": {"device_start": 2245987.2719541723, "device_end": 2245987.2725638463}, "cmdq": 3, "read": {"device_start": -1, "device_end": -1}}, "FFC_sans_bias1": {"write": {"device_start": -1, "host_queued_start": 1585578213.077315, "device_queued": -1, "device_end": -1, "host_queued_end": 1585578213.080052}, "device": "cpu", "nd_range": {"device_start": 2245987.2696689623, "device_end": 2245987.270903164}, "cmdq": 2, "read": {"device_start": -1, "device_end": -1}}, "FFC_sans_bias0": {"write": {"device_start": -1, "host_queued_start": 1585578213.076735, "device_queued": -1, "device_end": -1, "host_queued_end": 1585578213.080052}, "device": "cpu", "nd_range": {"device_start": 2245987.269667677, "device_end": 2245987.271262221}, "cmdq": 1, "read": {"device_start": -1, "device_end": -1}}, "FFC_sans_bias2": {"write": {"device_start": -1, "host_queued_start": 1585578213.077928, "device_queued": -1, "device_end": -1, "host_queued_end": 1585578213.080052}, "device": "cpu", "nd_range": {"device_start": 2245987.269902016, "device_end": 2245987.2714073253}, "cmdq": 3, "read": {"device_start": -1, "device_end": -1}}, "FFC_sans_bias61": {"write": {"device_start": 1585578147.9014325, "host_queued_start": 1585578213.074744, "device_queued": 1585578147.900267, "device_end": 1585578147.9014442, "host_queued_end": 1585578213.075339}, "device": "gpu", "nd_range": {"device_start": 1585578147.901446, "device_end": 1585578147.9015532}, "cmdq": 1, "read": {"device_start": 1585578147.9015577, "device_end": 1585578147.9015646}}, "FFC_sans_bias52": {"write": {"device_start": 1585578147.9013014, "host_queued_start": 1585578213.074226, "device_queued": 1585578147.900222, "device_end": 1585578147.9013097, "host_queued_end": 1585578213.075339}, "device": "gpu", "nd_range": {"device_start": 1585578147.9013112, "device_end": 1585578147.901427}, "cmdq": 0, "read": {"device_start": 1585578147.90143, "device_end": 1585578147.9014423}}, "FFC_sans_bias9": {"write": {"device_start": 1585578147.8981893, "host_queued_start": 1585578213.053988, "device_queued": 1585578147.8981674, "device_end": 1585578147.8981981, "host_queued_end": 1585578213.075339}, "device": "gpu", "nd_range": {"device_start": 1585578147.8982015, "device_end": 1585578147.898312}, "cmdq": 1, "read": {"device_start": -1, "device_end": -1}}, "coalesced_transpose39": {"write": {"device_start": -1, "host_queued_start": 1585578213.065214, "device_queued": -1, "device_end": -1, "host_queued_end": 1585578213.075339}, "device": "gpu", "nd_range": {"device_start": 1585578147.899712, "device_end": 1585578147.899719}, "cmdq": 1, "read": {"device_start": -1, "device_end": -1}}, "FFC_sans_bias55": {"write": {"device_start": 1585578147.8993819, "host_queued_start": 1585578213.062615, "device_queued": 1585578147.8990777, "device_end": 1585578147.8993905, "host_queued_end": 1585578213.075339}, "device": "gpu", "nd_range": {"device_start": 1585578147.8993917, "device_end": 1585578147.899508}, "cmdq": 0, "read": {"device_start": -1, "device_end": -1}}, "FFC_sans_bias54": {"write": {"device_start": 1585578147.899293, "host_queued_start": 1585578213.062104, "device_queued": 1585578147.8990397, "device_end": 1585578147.8993015, "host_queued_end": 1585578213.075339}, "device": "gpu", "nd_range": {"device_start": 1585578147.8993027, "device_end": 1585578147.8994641}, "cmdq": 1, "read": {"device_start": -1, "device_end": -1}}, "FFC_sans_bias56": {"write": {"device_start": 1585578147.8992596, "host_queued_start": 1585578213.061615, "device_queued": 1585578147.8990045, "device_end": 1585578147.8992682, "host_queued_end": 1585578213.075339}, "device": "gpu", "nd_range": {"device_start": 1585578147.899269, "device_end": 1585578147.8993802}, "cmdq": 0, "read": {"device_start": -1, "device_end": -1}}, "FFC_sans_bias51": {"write": {"device_start": -1, "host_queued_start": 1585578213.071079, "device_queued": -1, "device_end": -1, "host_queued_end": 1585578213.075339}, "device": "gpu", "nd_range": {"device_start": 1585578147.9007595, "device_end": 1585578147.9008996}, "cmdq": 1, "read": {"device_start": -1, "device_end": -1}}, "softmax23": {"write": {"device_start": -1, "host_queued_start": 1585578213.068504, "device_queued": -1, "device_end": -1, "host_queued_end": 1585578213.075339}, "device": "gpu", "nd_range": {"device_start": 1585578147.900263, "device_end": 1585578147.9003325}, "cmdq": 1, "read": {"device_start": -1, "device_end": -1}}, "FFC_sans_bias37": {"write": {"device_start": 1585578147.898882, "host_queued_start": 1585578213.059146, "device_queued": 1585578147.8986938, "device_end": 1585578147.8988905, "host_queued_end": 1585578213.075339}, "device": "gpu", "nd_range": {"device_start": 1585578147.8988917, "device_end": 1585578147.8990514}, "cmdq": 1, "read": {"device_start": -1, "device_end": -1}}, "empty62": {"write": {"device_start": 1585578147.8981137, "host_queued_start": 1585578213.053101, "device_queued": 1585578147.8980896, "device_end": 1585578147.8981223, "host_queued_end": 1585578213.075339}, "device": "gpu", "nd_range": {"device_start": 1585578147.8981233, "device_end": 1585578147.8981268}, "cmdq": 1, "read": {"device_start": -1, "device_end": -1}}, "FFC_sans_bias70": {"write": {"device_start": 1585578147.9015088, "host_queued_start": 1585578213.075236, "device_queued": 1585578147.9003346, "device_end": 1585578147.9015176, "host_queued_end": 1585578213.075339}, "device": "gpu", "nd_range": {"device_start": 1585578147.9015186, "device_end": 1585578147.9016259}, "cmdq": 0, "read": {"device_start": 1585578147.9016309, "device_end": 1585578147.901643}}, "FFC_sans_bias58": {"write": {"device_start": -1, "host_queued_start": 1585578213.067775, "device_queued": -1, "device_end": -1, "host_queued_end": 1585578213.075339}, "device": "gpu", "nd_range": {"device_start": 1585578147.8999405, "device_end": 1585578147.9000835}, "cmdq": 0, "read": {"device_start": -1, "device_end": -1}}, "softmax41": {"write": {"device_start": -1, "host_queued_start": 1585578213.06894, "device_queued": -1, "device_end": -1, "host_queued_end": 1585578213.075339}, "device": "gpu", "nd_range": {"device_start": 1585578147.9003346, "device_end": 1585578147.900409}, "cmdq": 1, "read": {"device_start": -1, "device_end": -1}}, "FFC_sans_bias11": {"write": {"device_start": 1585578147.898316, "host_queued_start": 1585578213.055015, "device_queued": 1585578147.8982618, "device_end": 1585578147.8983252, "host_queued_end": 1585578213.075339}, "device": "gpu", "nd_range": {"device_start": 1585578147.8983266, "device_end": 1585578147.8984458}, "cmdq": 1, "read": {"device_start": -1, "device_end": -1}}, "FFC_sans_bias10": {"write": {"device_start": 1585578147.8982427, "host_queued_start": 1585578213.054483, "device_queued": 1585578147.898209, "device_end": 1585578147.8982513, "host_queued_end": 1585578213.075339}, "device": "gpu", "nd_range": {"device_start": 1585578147.8982553, "device_end": 1585578147.898364}, "cmdq": 0, "read": {"device_start": -1, "device_end": -1}}, "coalesced_transpose3": {"write": {"device_start": -1, "host_queued_start": 1585578213.07838, "device_queued": -1, "device_end": -1, "host_queued_end": 1585578213.080052}, "device": "cpu", "nd_range": {"device_start": 2245987.2710734233, "device_end": 2245987.271127059}, "cmdq": 0, "read": {"device_start": -1, "device_end": -1}}, "FFC_sans_bias34": {"write": {"device_start": 1585578147.9010854, "host_queued_start": 1585578213.073238, "device_queued": 1585578147.9000866, "device_end": 1585578147.9010942, "host_queued_end": 1585578213.075339}, "device": "gpu", "nd_range": {"device_start": 1585578147.9010956, "device_end": 1585578147.9012046}, "cmdq": 0, "read": {"device_start": 1585578147.9012246, "device_end": 1585578147.9012344}}, "FFC_sans_bias15": {"write": {"device_start": -1, "host_queued_start": 1585578213.069901, "device_queued": -1, "device_end": -1, "host_queued_end": 1585578213.075339}, "device": "gpu", "nd_range": {"device_start": 1585578147.900521, "device_end": 1585578147.9006326}, "cmdq": 1, "read": {"device_start": -1, "device_end": -1}}, "FFC_sans_bias31": {"write": {"device_start": -1, "host_queued_start": 1585578213.06692, "device_queued": -1, "device_end": -1, "host_queued_end": 1585578213.075339}, "device": "gpu", "nd_range": {"device_start": 1585578147.8998969, "device_end": 1585578147.900039}, "cmdq": 1, "read": {"device_start": -1, "device_end": -1}}, "FFC_sans_bias16": {"write": {"device_start": 1585578147.9008436, "host_queued_start": 1585578213.072206, "device_queued": 1585578147.8998427, "device_end": 1585578147.9008524, "host_queued_end": 1585578213.075339}, "device": "gpu", "nd_range": {"device_start": 1585578147.9008536, "device_end": 1585578147.900962}, "cmdq": 0, "read": {"device_start": 1585578147.9009697, "device_end": 1585578147.9009786}}, "FFC_sans_bias19": {"write": {"device_start": 1585578147.898448, "host_queued_start": 1585578213.05614, "device_queued": 1585578147.898347, "device_end": 1585578147.8984566, "host_queued_end": 1585578213.075339}, "device": "gpu", "nd_range": {"device_start": 1585578147.8984988, "device_end": 1585578147.8986099}, "cmdq": 1, "read": {"device_start": -1, "device_end": -1}}, "FFC_sans_bias18": {"write": {"device_start": 1585578147.8983665, "host_queued_start": 1585578213.055643, "device_queued": 1585578147.8983073, "device_end": 1585578147.898375, "host_queued_end": 1585578213.075339}, "device": "gpu", "nd_range": {"device_start": 1585578147.8983762, "device_end": 1585578147.8985348}, "cmdq": 0, "read": {"device_start": -1, "device_end": -1}}, "coalesced_transpose30": {"write": {"device_start": -1, "host_queued_start": 1585578213.064938, "device_queued": -1, "device_end": -1, "host_queued_end": 1585578213.075339}, "device": "gpu", "nd_range": {"device_start": 1585578147.8996832, "device_end": 1585578147.899689}, "cmdq": 0, "read": {"device_start": -1, "device_end": -1}}, "FFC_sans_bias69": {"write": {"device_start": -1, "host_queued_start": 1585578213.071708, "device_queued": -1, "device_end": -1, "host_queued_end": 1585578213.075339}, "device": "gpu", "nd_range": {"device_start": 1585578147.900901, "device_end": 1585578147.9010246}, "cmdq": 1, "read": {"device_start": -1, "device_end": -1}}, "FFC_sans_bias38": {"write": {"device_start": 1585578147.8989549, "host_queued_start": 1585578213.059641, "device_queued": 1585578147.8987303, "device_end": 1585578147.8989635, "host_queued_end": 1585578213.075339}, "device": "gpu", "nd_range": {"device_start": 1585578147.8989646, "device_end": 1585578147.8991008}, "cmdq": 0, "read": {"device_start": -1, "device_end": -1}}, "coalesced_transpose57": {"write": {"device_start": -1, "host_queued_start": 1585578213.065751, "device_queued": -1, "device_end": -1, "host_queued_end": 1585578213.075339}, "device": "gpu", "nd_range": {"device_start": 1585578147.899721, "device_end": 1585578147.8997376}, "cmdq": 1, "read": {"device_start": -1, "device_end": -1}}, "empty26": {"write": {"device_start": 1585578147.8979678, "host_queued_start": 1585578213.051595, "device_queued": 1585578147.897942, "device_end": 1585578147.8979762, "host_queued_end": 1585578213.075339}, "device": "gpu", "nd_range": {"device_start": 1585578147.8979774, "device_end": 1585578147.8979807}, "cmdq": 1, "read": {"device_start": -1, "device_end": -1}}, "coalesced_transpose12": {"write": {"device_start": -1, "host_queued_start": 1585578213.064393, "device_queued": -1, "device_end": -1, "host_queued_end": 1585578213.075339}, "device": "gpu", "nd_range": {"device_start": 1585578147.8996658, "device_end": 1585578147.8996818}, "cmdq": 0, "read": {"device_start": -1, "device_end": -1}}, "empty44": {"write": {"device_start": 1585578147.898039, "host_queued_start": 1585578213.05237, "device_queued": 1585578147.898018, "device_end": 1585578147.898048, "host_queued_end": 1585578213.075339}, "device": "gpu", "nd_range": {"device_start": 1585578147.898049, "device_end": 1585578147.8980527}, "cmdq": 1, "read": {"device_start": -1, "device_end": -1}}, "coalesced_transpose21": {"write": {"device_start": -1, "host_queued_start": 1585578213.06467, "device_queued": -1, "device_end": -1, "host_queued_end": 1585578213.075339}, "device": "gpu", "nd_range": {"device_start": 1585578147.8997035, "device_end": 1585578147.899711}, "cmdq": 1, "read": {"device_start": -1, "device_end": -1}}, "FFC_sans_bias36": {"write": {"device_start": 1585578147.8988345, "host_queued_start": 1585578213.058658, "device_queued": 1585578147.898655, "device_end": 1585578147.8988433, "host_queued_end": 1585578213.075339}, "device": "gpu", "nd_range": {"device_start": 1585578147.8988442, "device_end": 1585578147.8989525}, "cmdq": 0, "read": {"device_start": -1, "device_end": -1}}, "softmax14": {"write": {"device_start": -1, "host_queued_start": 1585578213.068278, "device_queued": -1, "device_end": -1, "host_queued_end": 1585578213.075339}, "device": "gpu", "nd_range": {"device_start": 1585578147.9000862, "device_end": 1585578147.900202}, "cmdq": 0, "read": {"device_start": -1, "device_end": -1}}, "FFC_sans_bias13": {"write": {"device_start": -1, "host_queued_start": 1585578213.066315, "device_queued": -1, "device_end": -1, "host_queued_end": 1585578213.075339}, "device": "gpu", "nd_range": {"device_start": 1585578147.8997388, "device_end": 1585578147.899894}, "cmdq": 1, "read": {"device_start": -1, "device_end": -1}}, "empty8": {"write": {"device_start": -1, "host_queued_start": 1585578213.076106, "device_queued": -1, "device_end": -1, "host_queued_end": 1585578213.080052}, "device": "cpu", "nd_range": {"device_start": 2245987.269624163, "device_end": 2245987.269633151}, "cmdq": 0, "read": {"device_start": -1, "device_end": -1}}, "FFC_sans_bias42": {"write": {"device_start": -1, "host_queued_start": 1585578213.0708, "device_queued": -1, "device_end": -1, "host_queued_end": 1585578213.075339}, "device": "gpu", "nd_range": {"device_start": 1585578147.900547, "device_end": 1585578147.9007192}, "cmdq": 0, "read": {"device_start": -1, "device_end": -1}}, "FFC_sans_bias43": {"write": {"device_start": 1585578147.9012349, "host_queued_start": 1585578213.073734, "device_queued": 1585578147.9001353, "device_end": 1585578147.9012437, "host_queued_end": 1585578213.075339}, "device": "gpu", "nd_range": {"device_start": 1585578147.901245, "device_end": 1585578147.9013577}, "cmdq": 1, "read": {"device_start": 1585578147.9013624, "device_end": 1585578147.9013715}}, "FFC_sans_bias40": {"write": {"device_start": -1, "host_queued_start": 1585578213.06721, "device_queued": -1, "device_end": -1, "host_queued_end": 1585578213.075339}, "device": "gpu", "nd_range": {"device_start": 1585578147.8998256, "device_end": 1585578147.899938}, "cmdq": 0, "read": {"device_start": -1, "device_end": -1}}, "softmax32": {"write": {"device_start": -1, "host_queued_start": 1585578213.068729, "device_queued": -1, "device_end": -1, "host_queued_end": 1585578213.075339}, "device": "gpu", "nd_range": {"device_start": 1585578147.9002051, "device_end": 1585578147.9002776}, "cmdq": 0, "read": {"device_start": -1, "device_end": -1}}, "FFC_sans_bias47": {"write": {"device_start": 1585578147.899177, "host_queued_start": 1585578213.061121, "device_queued": 1585578147.8989692, "device_end": 1585578147.8991857, "host_queued_end": 1585578213.075339}, "device": "gpu", "nd_range": {"device_start": 1585578147.8991868, "device_end": 1585578147.8992908}, "cmdq": 1, "read": {"device_start": -1, "device_end": -1}}, "FFC_sans_bias45": {"write": {"device_start": 1585578147.8990545, "host_queued_start": 1585578213.060125, "device_queued": 1585578147.8987653, "device_end": 1585578147.8990633, "host_queued_end": 1585578213.075339}, "device": "gpu", "nd_range": {"device_start": 1585578147.8990643, "device_end": 1585578147.899175}, "cmdq": 1, "read": {"device_start": -1, "device_end": -1}}, "softmax50": {"write": {"device_start": -1, "host_queued_start": 1585578213.069164, "device_queued": -1, "device_end": -1, "host_queued_end": 1585578213.075339}, "device": "gpu", "nd_range": {"device_start": 1585578147.9002814, "device_end": 1585578147.900357}, "cmdq": 0, "read": {"device_start": -1, "device_end": -1}}, "FFC_sans_bias33": {"write": {"device_start": -1, "host_queued_start": 1585578213.070485, "device_queued": -1, "device_end": -1, "host_queued_end": 1585578213.075339}, "device": "gpu", "nd_range": {"device_start": 1585578147.900634, "device_end": 1585578147.9007583}, "cmdq": 1, "read": {"device_start": -1, "device_end": -1}}, "FFC_sans_bias63": {"write": {"device_start": 1585578147.8995855, "host_queued_start": 1585578213.064089, "device_queued": 1585578147.899195, "device_end": 1585578147.8995938, "host_queued_end": 1585578213.075339}, "device": "gpu", "nd_range": {"device_start": 1585578147.8995948, "device_end": 1585578147.899702}, "cmdq": 1, "read": {"device_start": -1, "device_end": -1}}, "FFC_sans_bias49": {"write": {"device_start": -1, "host_queued_start": 1585578213.067486, "device_queued": -1, "device_end": -1, "host_queued_end": 1585578213.075339}, "device": "gpu", "nd_range": {"device_start": 1585578147.9000413, "device_end": 1585578147.9001489}, "cmdq": 1, "read": {"device_start": -1, "device_end": -1}}, "FFC_sans_bias64": {"write": {"device_start": 1585578147.8994663, "host_queued_start": 1585578213.063108, "device_queued": 1585578147.899112, "device_end": 1585578147.8994749, "host_queued_end": 1585578213.075339}, "device": "gpu", "nd_range": {"device_start": 1585578147.8994758, "device_end": 1585578147.899583}, "cmdq": 1, "read": {"device_start": -1, "device_end": -1}}, "FFC_sans_bias65": {"write": {"device_start": 1585578147.8995104, "host_queued_start": 1585578213.063603, "device_queued": 1585578147.8991575, "device_end": 1585578147.8995187, "host_queued_end": 1585578213.075339}, "device": "gpu", "nd_range": {"device_start": 1585578147.8995202, "device_end": 1585578147.8996644}, "cmdq": 0, "read": {"device_start": -1, "device_end": -1}}, "FFC_sans_bias67": {"write": {"device_start": -1, "host_queued_start": 1585578213.068067, "device_queued": -1, "device_end": -1, "host_queued_end": 1585578213.075339}, "device": "gpu", "nd_range": {"device_start": 1585578147.9001527, "device_end": 1585578147.9002612}, "cmdq": 1, "read": {"device_start": -1, "device_end": -1}}, "FFC_sans_bias24": {"write": {"device_start": -1, "host_queued_start": 1585578213.070196, "device_queued": -1, "device_end": -1, "host_queued_end": 1585578213.075339}, "device": "gpu", "nd_range": {"device_start": 1585578147.900433, "device_end": 1585578147.9005446}, "cmdq": 0, "read": {"device_start": -1, "device_end": -1}}, "FFC_sans_bias25": {"write": {"device_start": 1585578147.9010258, "host_queued_start": 1585578213.072726, "device_queued": 1585578147.8998754, "device_end": 1585578147.9010408, "host_queued_end": 1585578213.075339}, "device": "gpu", "nd_range": {"device_start": 1585578147.9010417, "device_end": 1585578147.9011488}, "cmdq": 1, "read": {"device_start": 1585578147.9011528, "device_end": 1585578147.9011617}}, "FFC_sans_bias27": {"write": {"device_start": 1585578147.898612, "host_queued_start": 1585578213.057121, "device_queued": 1585578147.8985443, "device_end": 1585578147.8986208, "host_queued_end": 1585578213.075339}, "device": "gpu", "nd_range": {"device_start": 1585578147.898622, "device_end": 1585578147.898757}, "cmdq": 1, "read": {"device_start": -1, "device_end": -1}}, "FFC_sans_bias20": {"write": {"device_start": 1585578147.8985372, "host_queued_start": 1585578213.056639, "device_queued": 1585578147.8985085, "device_end": 1585578147.8985457, "host_queued_end": 1585578213.075339}, "device": "gpu", "nd_range": {"device_start": 1585578147.8985474, "device_end": 1585578147.898659}, "cmdq": 0, "read": {"device_start": -1, "device_end": -1}}, "FFC_sans_bias22": {"write": {"device_start": -1, "host_queued_start": 1585578213.066627, "device_queued": -1, "device_end": -1, "host_queued_end": 1585578213.075339}, "device": "gpu", "nd_range": {"device_start": 1585578147.8997152, "device_end": 1585578147.8998241}, "cmdq": 0, "read": {"device_start": -1, "device_end": -1}}, "softmax68": {"write": {"device_start": -1, "host_queued_start": 1585578213.069613, "device_queued": -1, "device_end": -1, "host_queued_end": 1585578213.075339}, "device": "gpu", "nd_range": {"device_start": 1585578147.9003582, "device_end": 1585578147.9004307}, "cmdq": 0, "read": {"device_start": -1, "device_end": -1}}, "softmax5": {"write": {"device_start": -1, "host_queued_start": 1585578213.078993, "device_queued": -1, "device_end": -1, "host_queued_end": 1585578213.080052}, "device": "cpu", "nd_range": {"device_start": 2245987.271904111, "device_end": 2245987.2719361573}, "cmdq": 2, "read": {"device_start": -1, "device_end": -1}}, "FFC_sans_bias28": {"write": {"device_start": 1585578147.8986616, "host_queued_start": 1585578213.057613, "device_queued": 1585578147.8985825, "device_end": 1585578147.8986702, "host_queued_end": 1585578213.075339}, "device": "gpu", "nd_range": {"device_start": 1585578147.8986714, "device_end": 1585578147.8988326}, "cmdq": 0, "read": {"device_start": -1, "device_end": -1}}, "FFC_sans_bias29": {"write": {"device_start": 1585578147.8987591, "host_queued_start": 1585578213.058123, "device_queued": 1585578147.8986182, "device_end": 1585578147.898768, "host_queued_end": 1585578213.075339}, "device": "gpu", "nd_range": {"device_start": 1585578147.8987691, "device_end": 1585578147.8988798}, "cmdq": 1, "read": {"device_start": -1, "device_end": -1}}, "empty17": {"write": {"device_start": 1585578147.8978858, "host_queued_start": 1585578213.051, "device_queued": 1585578147.8978434, "device_end": 1585578147.8978944, "host_queued_end": 1585578213.075339}, "device": "gpu", "nd_range": {"device_start": 1585578147.8979146, "device_end": 1585578147.8979282}, "cmdq": 0, "read": {"device_start": -1, "device_end": -1}}, "softmax59": {"write": {"device_start": -1, "host_queued_start": 1585578213.06939, "device_queued": -1, "device_end": -1, "host_queued_end": 1585578213.075339}, "device": "gpu", "nd_range": {"device_start": 1585578147.9004116, "device_end": 1585578147.9005187}, "cmdq": 1, "read": {"device_start": -1, "device_end": -1}}, "empty71": {"write": {"device_start": 1585578147.898149, "host_queued_start": 1585578213.053467, "device_queued": 1585578147.898126, "device_end": 1585578147.8981576, "host_queued_end": 1585578213.075339}, "device": "gpu", "nd_range": {"device_start": 1585578147.8981612, "device_end": 1585578147.8981647}, "cmdq": 0, "read": {"device_start": -1, "device_end": -1}}, "empty35": {"write": {"device_start": 1585578147.898005, "host_queued_start": 1585578213.051999, "device_queued": 1585578147.8979833, "device_end": 1585578147.8980136, "host_queued_end": 1585578213.075339}, "device": "gpu", "nd_range": {"device_start": 1585578147.8980145, "device_end": 1585578147.8980181}, "cmdq": 0, "read": {"device_start": -1, "device_end": -1}}, "empty53": {"write": {"device_start": 1585578147.8980782, "host_queued_start": 1585578213.052735, "device_queued": 1585578147.8980556, "device_end": 1585578147.898087, "host_queued_end": 1585578213.075339}, "device": "gpu", "nd_range": {"device_start": 1585578147.898088, "device_end": 1585578147.8980916}, "cmdq": 0, "read": {"device_start": -1, "device_end": -1}}, "FFC_sans_bias46": {"write": {"device_start": 1585578147.8991034, "host_queued_start": 1585578213.060624, "device_queued": 1585578147.8989341, "device_end": 1585578147.899112, "host_queued_end": 1585578213.075339}, "device": "gpu", "nd_range": {"device_start": 1585578147.899113, "device_end": 1585578147.8992574}, "cmdq": 0, "read": {"device_start": -1, "device_end": -1}}, "coalesced_transpose66": {"write": {"device_start": -1, "host_queued_start": 1585578213.066023, "device_queued": -1, "device_end": -1, "host_queued_end": 1585578213.075339}, "device": "gpu", "nd_range": {"device_start": 1585578147.8996968, "device_end": 1585578147.8997061}, "cmdq": 0, "read": {"device_start": -1, "device_end": -1}}, "coalesced_transpose48": {"write": {"device_start": -1, "host_queued_start": 1585578213.06549, "device_queued": -1, "device_end": -1, "host_queued_end": 1585578213.075339}, "device": "gpu", "nd_range": {"device_start": 1585578147.8996906, "device_end": 1585578147.8996956}, "cmdq": 0, "read": {"device_start": -1, "device_end": -1}}}