{"FFC_sans_bias60": {"write": {"device_start": -1, "host_queued_start": 1585578017.118654, "device_queued": -1, "device_end": -1, "host_queued_end": 1585578017.123243}, "device": "gpu", "nd_range": {"device_start": 1585577951.9570146, "device_end": 1585577951.957119}, "cmdq": 0, "read": {"device_start": -1, "device_end": -1}}, "FFC_sans_bias4": {"write": {"device_start": -1, "host_queued_start": 1585578017.112355, "device_queued": -1, "device_end": -1, "host_queued_end": 1585578017.123243}, "device": "gpu", "nd_range": {"device_start": 1585577951.9549294, "device_end": 1585577951.955036}, "cmdq": 0, "read": {"device_start": -1, "device_end": -1}}, "FFC_sans_bias7": {"write": {"device_start": 1585577951.9572282, "host_queued_start": 1585578017.119415, "device_queued": 1585577951.9538307, "device_end": 1585577951.9572368, "host_queued_end": 1585578017.123243}, "device": "gpu", "nd_range": {"device_start": 1585577951.957238, "device_end": 1585577951.9573443}, "cmdq": 0, "read": {"device_start": 1585577951.9573503, "device_end": 1585577951.9573576}}, "FFC_sans_bias6": {"write": {"device_start": -1, "host_queued_start": 1585578017.116776, "device_queued": -1, "device_end": -1, "host_queued_end": 1585578017.123243}, "device": "gpu", "nd_range": {"device_start": 1585577951.9563715, "device_end": 1585577951.956477}, "cmdq": 0, "read": {"device_start": -1, "device_end": -1}}, "FFC_sans_bias1": {"write": {"device_start": 1585577951.9521544, "host_queued_start": 1585578017.097904, "device_queued": 1585577951.9520588, "device_end": 1585577951.9521632, "host_queued_end": 1585578017.123243}, "device": "gpu", "nd_range": {"device_start": 1585577951.9521642, "device_end": 1585577951.9522715}, "cmdq": 0, "read": {"device_start": -1, "device_end": -1}}, "FFC_sans_bias0": {"write": {"device_start": 1585577951.9520385, "host_queued_start": 1585578017.097413, "device_queued": 1585577951.95202, "device_end": 1585577951.9520473, "host_queued_end": 1585578017.123243}, "device": "gpu", "nd_range": {"device_start": 1585577951.9520485, "device_end": 1585577951.9521534}, "cmdq": 0, "read": {"device_start": -1, "device_end": -1}}, "FFC_sans_bias2": {"write": {"device_start": 1585577951.9522724, "host_queued_start": 1585578017.09847, "device_queued": 1585577951.9520955, "device_end": 1585577951.9522812, "host_queued_end": 1585578017.123243}, "device": "gpu", "nd_range": {"device_start": 1585577951.9522827, "device_end": 1585577951.9523895}, "cmdq": 0, "read": {"device_start": -1, "device_end": -1}}, "FFC_sans_bias61": {"write": {"device_start": 1585577951.9584537, "host_queued_start": 1585578017.122578, "device_queued": 1585577951.9542878, "device_end": 1585577951.9584672, "host_queued_end": 1585578017.123243}, "device": "gpu", "nd_range": {"device_start": 1585577951.9584684, "device_end": 1585577951.9585738}, "cmdq": 0, "read": {"device_start": 1585577951.9585774, "device_end": 1585577951.958584}}, "FFC_sans_bias52": {"write": {"device_start": 1585577951.958261, "host_queued_start": 1585578017.122015, "device_queued": 1585577951.9542272, "device_end": 1585577951.9582698, "host_queued_end": 1585578017.123243}, "device": "gpu", "nd_range": {"device_start": 1585577951.9582708, "device_end": 1585577951.9583747}, "cmdq": 0, "read": {"device_start": 1585577951.958384, "device_end": 1585577951.9583905}}, "FFC_sans_bias9": {"write": {"device_start": 1585577951.9523904, "host_queued_start": 1585578017.099098, "device_queued": 1585577951.9521325, "device_end": 1585577951.9523993, "host_queued_end": 1585578017.123243}, "device": "gpu", "nd_range": {"device_start": 1585577951.9524004, "device_end": 1585577951.9525073}, "cmdq": 0, "read": {"device_start": -1, "device_end": -1}}, "coalesced_transpose39": {"write": {"device_start": -1, "host_queued_start": 1585578017.111233, "device_queued": -1, "device_end": -1, "host_queued_end": 1585578017.123243}, "device": "gpu", "nd_range": {"device_start": 1585577951.9548984, "device_end": 1585577951.9549103}, "cmdq": 0, "read": {"device_start": -1, "device_end": -1}}, "FFC_sans_bias55": {"write": {"device_start": 1585577951.9544039, "host_queued_start": 1585578017.108109, "device_queued": 1585577951.9530387, "device_end": 1585577951.9544127, "host_queued_end": 1585578017.123243}, "device": "gpu", "nd_range": {"device_start": 1585577951.9544137, "device_end": 1585577951.9545195}, "cmdq": 0, "read": {"device_start": -1, "device_end": -1}}, "FFC_sans_bias54": {"write": {"device_start": 1585577951.9542866, "host_queued_start": 1585578017.107614, "device_queued": 1585577951.9529128, "device_end": 1585577951.9542968, "host_queued_end": 1585578017.123243}, "device": "gpu", "nd_range": {"device_start": 1585577951.954298, "device_end": 1585577951.954403}, "cmdq": 0, "read": {"device_start": -1, "device_end": -1}}, "FFC_sans_bias56": {"write": {"device_start": 1585577951.9541695, "host_queued_start": 1585578017.107056, "device_queued": 1585577951.9528785, "device_end": 1585577951.9541779, "host_queued_end": 1585578017.123243}, "device": "gpu", "nd_range": {"device_start": 1585577951.9541793, "device_end": 1585577951.9542856}, "cmdq": 0, "read": {"device_start": -1, "device_end": -1}}, "FFC_sans_bias51": {"write": {"device_start": -1, "host_queued_start": 1585578017.118313, "device_queued": -1, "device_end": -1, "host_queued_end": 1585578017.123243}, "device": "gpu", "nd_range": {"device_start": 1585577951.9569075, "device_end": 1585577951.9570134}, "cmdq": 0, "read": {"device_start": -1, "device_end": -1}}, "softmax23": {"write": {"device_start": -1, "host_queued_start": 1585578017.115301, "device_queued": -1, "device_end": -1, "host_queued_end": 1585578017.123243}, "device": "gpu", "nd_range": {"device_start": 1585577951.955937, "device_end": 1585577951.9560056}, "cmdq": 0, "read": {"device_start": -1, "device_end": -1}}, "FFC_sans_bias37": {"write": {"device_start": 1585577951.9535723, "host_queued_start": 1585578017.104481, "device_queued": 1585577951.9527082, "device_end": 1585577951.9535809, "host_queued_end": 1585578017.123243}, "device": "gpu", "nd_range": {"device_start": 1585577951.9535818, "device_end": 1585577951.9536881}, "cmdq": 0, "read": {"device_start": -1, "device_end": -1}}, "empty62": {"write": {"device_start": 1585577951.9519756, "host_queued_start": 1585578017.096478, "device_queued": 1585577951.9519548, "device_end": 1585577951.951984, "host_queued_end": 1585578017.123243}, "device": "gpu", "nd_range": {"device_start": 1585577951.951985, "device_end": 1585577951.951989}, "cmdq": 0, "read": {"device_start": -1, "device_end": -1}}, "FFC_sans_bias70": {"write": {"device_start": 1585577951.9586618, "host_queued_start": 1585578017.123112, "device_queued": 1585577951.954351, "device_end": 1585577951.9586704, "host_queued_end": 1585578017.123243}, "device": "gpu", "nd_range": {"device_start": 1585577951.9586716, "device_end": 1585577951.958777}, "cmdq": 0, "read": {"device_start": 1585577951.9587843, "device_end": 1585577951.9587913}}, "FFC_sans_bias58": {"write": {"device_start": -1, "host_queued_start": 1585578017.114211, "device_queued": -1, "device_end": -1, "host_queued_end": 1585578017.123243}, "device": "gpu", "nd_range": {"device_start": 1585577951.9555736, "device_end": 1585577951.95568}, "cmdq": 0, "read": {"device_start": -1, "device_end": -1}}, "softmax41": {"write": {"device_start": -1, "host_queued_start": 1585578017.115746, "device_queued": -1, "device_end": -1, "host_queued_end": 1585578017.123243}, "device": "gpu", "nd_range": {"device_start": 1585577951.956077, "device_end": 1585577951.9561517}, "cmdq": 0, "read": {"device_start": -1, "device_end": -1}}, "FFC_sans_bias11": {"write": {"device_start": 1585577951.952628, "host_queued_start": 1585578017.100267, "device_queued": 1585577951.952328, "device_end": 1585577951.9526365, "host_queued_end": 1585578017.123243}, "device": "gpu", "nd_range": {"device_start": 1585577951.952638, "device_end": 1585577951.9527442}, "cmdq": 0, "read": {"device_start": -1, "device_end": -1}}, "FFC_sans_bias10": {"write": {"device_start": 1585577951.9525084, "host_queued_start": 1585578017.099763, "device_queued": 1585577951.9522855, "device_end": 1585577951.9525208, "host_queued_end": 1585578017.123243}, "device": "gpu", "nd_range": {"device_start": 1585577951.952522, "device_end": 1585577951.9526267}, "cmdq": 0, "read": {"device_start": -1, "device_end": -1}}, "coalesced_transpose3": {"write": {"device_start": -1, "host_queued_start": 1585578017.11009, "device_queued": -1, "device_end": -1, "host_queued_end": 1585578017.123243}, "device": "gpu", "nd_range": {"device_start": 1585577951.9548724, "device_end": 1585577951.954878}, "cmdq": 0, "read": {"device_start": -1, "device_end": -1}}, "FFC_sans_bias34": {"write": {"device_start": 1585577951.9578495, "host_queued_start": 1585578017.120941, "device_queued": 1585577951.9540207, "device_end": 1585577951.957858, "host_queued_end": 1585578017.123243}, "device": "gpu", "nd_range": {"device_start": 1585577951.9578595, "device_end": 1585577951.9579647}, "cmdq": 0, "read": {"device_start": 1585577951.9579692, "device_end": 1585577951.9579759}}, "FFC_sans_bias15": {"write": {"device_start": -1, "host_queued_start": 1585578017.117138, "device_queued": -1, "device_end": -1, "host_queued_end": 1585578017.123243}, "device": "gpu", "nd_range": {"device_start": 1585577951.956478, "device_end": 1585577951.9565842}, "cmdq": 0, "read": {"device_start": -1, "device_end": -1}}, "FFC_sans_bias31": {"write": {"device_start": -1, "host_queued_start": 1585578017.113253, "device_queued": -1, "device_end": -1, "host_queued_end": 1585578017.123243}, "device": "gpu", "nd_range": {"device_start": 1585577951.955253, "device_end": 1585577951.9553585}, "cmdq": 0, "read": {"device_start": -1, "device_end": -1}}, "FFC_sans_bias16": {"write": {"device_start": 1585577951.957421, "host_queued_start": 1585578017.119932, "device_queued": 1585577951.9538913, "device_end": 1585577951.95743, "host_queued_end": 1585578017.123243}, "device": "gpu", "nd_range": {"device_start": 1585577951.9574308, "device_end": 1585577951.9575372}, "cmdq": 0, "read": {"device_start": 1585577951.9575398, "device_end": 1585577951.9575467}}, "FFC_sans_bias19": {"write": {"device_start": 1585577951.9528658, "host_queued_start": 1585578017.101327, "device_queued": 1585577951.9524026, "device_end": 1585577951.9528744, "host_queued_end": 1585578017.123243}, "device": "gpu", "nd_range": {"device_start": 1585577951.9528754, "device_end": 1585577951.9529808}, "cmdq": 0, "read": {"device_start": -1, "device_end": -1}}, "FFC_sans_bias18": {"write": {"device_start": 1585577951.952746, "host_queued_start": 1585578017.100767, "device_queued": 1585577951.9523664, "device_end": 1585577951.952758, "host_queued_end": 1585578017.123243}, "device": "gpu", "nd_range": {"device_start": 1585577951.9527597, "device_end": 1585577951.9528646}, "cmdq": 0, "read": {"device_start": -1, "device_end": -1}}, "coalesced_transpose30": {"write": {"device_start": -1, "host_queued_start": 1585578017.110962, "device_queued": -1, "device_end": -1, "host_queued_end": 1585578017.123243}, "device": "gpu", "nd_range": {"device_start": 1585577951.954892, "device_end": 1585577951.954897}, "cmdq": 0, "read": {"device_start": -1, "device_end": -1}}, "FFC_sans_bias69": {"write": {"device_start": -1, "host_queued_start": 1585578017.118936, "device_queued": -1, "device_end": -1, "host_queued_end": 1585578017.123243}, "device": "gpu", "nd_range": {"device_start": 1585577951.9571202, "device_end": 1585577951.957227}, "cmdq": 0, "read": {"device_start": -1, "device_end": -1}}, "FFC_sans_bias38": {"write": {"device_start": 1585577951.953689, "host_queued_start": 1585578017.104993, "device_queued": 1585577951.95274, "device_end": 1585577951.9536977, "host_queued_end": 1585578017.123243}, "device": "gpu", "nd_range": {"device_start": 1585577951.9536989, "device_end": 1585577951.9538052}, "cmdq": 0, "read": {"device_start": -1, "device_end": -1}}, "coalesced_transpose57": {"write": {"device_start": -1, "host_queued_start": 1585578017.111792, "device_queued": -1, "device_end": -1, "host_queued_end": 1585578017.123243}, "device": "gpu", "nd_range": {"device_start": 1585577951.9549174, "device_end": 1585577951.9549224}, "cmdq": 0, "read": {"device_start": -1, "device_end": -1}}, "empty26": {"write": {"device_start": 1585577951.9518433, "host_queued_start": 1585578017.094949, "device_queued": 1585577951.9518225, "device_end": 1585577951.9518516, "host_queued_end": 1585578017.123243}, "device": "gpu", "nd_range": {"device_start": 1585577951.9518526, "device_end": 1585577951.9518561}, "cmdq": 0, "read": {"device_start": -1, "device_end": -1}}, "coalesced_transpose12": {"write": {"device_start": -1, "host_queued_start": 1585578017.11036, "device_queued": -1, "device_end": -1, "host_queued_end": 1585578017.123243}, "device": "gpu", "nd_range": {"device_start": 1585577951.9548793, "device_end": 1585577951.9548845}, "cmdq": 0, "read": {"device_start": -1, "device_end": -1}}, "empty44": {"write": {"device_start": 1585577951.9519114, "host_queued_start": 1585578017.095717, "device_queued": 1585577951.951891, "device_end": 1585577951.95192, "host_queued_end": 1585578017.123243}, "device": "gpu", "nd_range": {"device_start": 1585577951.9519212, "device_end": 1585577951.9519246}, "cmdq": 0, "read": {"device_start": -1, "device_end": -1}}, "coalesced_transpose21": {"write": {"device_start": -1, "host_queued_start": 1585578017.110675, "device_queued": -1, "device_end": -1, "host_queued_end": 1585578017.123243}, "device": "gpu", "nd_range": {"device_start": 1585577951.9548855, "device_end": 1585577951.954891}, "cmdq": 0, "read": {"device_start": -1, "device_end": -1}}, "FFC_sans_bias36": {"write": {"device_start": 1585577951.9534547, "host_queued_start": 1585578017.103914, "device_queued": 1585577951.9526715, "device_end": 1585577951.9534633, "host_queued_end": 1585578017.123243}, "device": "gpu", "nd_range": {"device_start": 1585577951.9534645, "device_end": 1585577951.953571}, "cmdq": 0, "read": {"device_start": -1, "device_end": -1}}, "softmax14": {"write": {"device_start": -1, "host_queued_start": 1585578017.115075, "device_queued": -1, "device_end": -1, "host_queued_end": 1585578017.123243}, "device": "gpu", "nd_range": {"device_start": 1585577951.9558656, "device_end": 1585577951.9559355}, "cmdq": 0, "read": {"device_start": -1, "device_end": -1}}, "FFC_sans_bias13": {"write": {"device_start": -1, "host_queued_start": 1585578017.112657, "device_queued": -1, "device_end": -1, "host_queued_end": 1585578017.123243}, "device": "gpu", "nd_range": {"device_start": 1585577951.9550374, "device_end": 1585577951.9551437}, "cmdq": 0, "read": {"device_start": -1, "device_end": -1}}, "empty8": {"write": {"device_start": 1585577951.9517236, "host_queued_start": 1585578017.093871, "device_queued": 1585577951.951691, "device_end": 1585577951.9517324, "host_queued_end": 1585578017.123243}, "device": "gpu", "nd_range": {"device_start": 1585577951.9517572, "device_end": 1585577951.9517696}, "cmdq": 0, "read": {"device_start": -1, "device_end": -1}}, "FFC_sans_bias42": {"write": {"device_start": -1, "host_queued_start": 1585578017.118021, "device_queued": -1, "device_end": -1, "host_queued_end": 1585578017.123243}, "device": "gpu", "nd_range": {"device_start": 1585577951.9568007, "device_end": 1585577951.9569063}, "cmdq": 0, "read": {"device_start": -1, "device_end": -1}}, "FFC_sans_bias43": {"write": {"device_start": 1585577951.9580553, "host_queued_start": 1585578017.121501, "device_queued": 1585577951.9541771, "device_end": 1585577951.958064, "host_queued_end": 1585578017.123243}, "device": "gpu", "nd_range": {"device_start": 1585577951.958065, "device_end": 1585577951.9581692}, "cmdq": 0, "read": {"device_start": 1585577951.9581761, "device_end": 1585577951.9581828}}, "FFC_sans_bias40": {"write": {"device_start": -1, "host_queued_start": 1585578017.113623, "device_queued": -1, "device_end": -1, "host_queued_end": 1585578017.123243}, "device": "gpu", "nd_range": {"device_start": 1585577951.9553597, "device_end": 1585577951.9554648}, "cmdq": 0, "read": {"device_start": -1, "device_end": -1}}, "softmax32": {"write": {"device_start": -1, "host_queued_start": 1585578017.115521, "device_queued": -1, "device_end": -1, "host_queued_end": 1585578017.123243}, "device": "gpu", "nd_range": {"device_start": 1585577951.9560065, "device_end": 1585577951.9560761}, "cmdq": 0, "read": {"device_start": -1, "device_end": -1}}, "FFC_sans_bias47": {"write": {"device_start": 1585577951.9540527, "host_queued_start": 1585578017.106506, "device_queued": 1585577951.9528463, "device_end": 1585577951.9540615, "host_queued_end": 1585578017.123243}, "device": "gpu", "nd_range": {"device_start": 1585577951.9540625, "device_end": 1585577951.9541678}, "cmdq": 0, "read": {"device_start": -1, "device_end": -1}}, "FFC_sans_bias45": {"write": {"device_start": 1585577951.9538064, "host_queued_start": 1585578017.105499, "device_queued": 1585577951.9527783, "device_end": 1585577951.9538152, "host_queued_end": 1585578017.123243}, "device": "gpu", "nd_range": {"device_start": 1585577951.9538162, "device_end": 1585577951.9539227}, "cmdq": 0, "read": {"device_start": -1, "device_end": -1}}, "softmax50": {"write": {"device_start": -1, "host_queued_start": 1585578017.115978, "device_queued": -1, "device_end": -1, "host_queued_end": 1585578017.123243}, "device": "gpu", "nd_range": {"device_start": 1585577951.9561527, "device_end": 1585577951.9562228}, "cmdq": 0, "read": {"device_start": -1, "device_end": -1}}, "FFC_sans_bias33": {"write": {"device_start": -1, "host_queued_start": 1585578017.117736, "device_queued": -1, "device_end": -1, "host_queued_end": 1585578017.123243}, "device": "gpu", "nd_range": {"device_start": 1585577951.9566934, "device_end": 1585577951.9567995}, "cmdq": 0, "read": {"device_start": -1, "device_end": -1}}, "FFC_sans_bias63": {"write": {"device_start": 1585577951.9547544, "host_queued_start": 1585578017.109786, "device_queued": 1585577951.9531422, "device_end": 1585577951.9547632, "host_queued_end": 1585578017.123243}, "device": "gpu", "nd_range": {"device_start": 1585577951.9547644, "device_end": 1585577951.9548712}, "cmdq": 0, "read": {"device_start": -1, "device_end": -1}}, "FFC_sans_bias49": {"write": {"device_start": -1, "host_queued_start": 1585578017.113913, "device_queued": -1, "device_end": -1, "host_queued_end": 1585578017.123243}, "device": "gpu", "nd_range": {"device_start": 1585577951.955466, "device_end": 1585577951.9555724}, "cmdq": 0, "read": {"device_start": -1, "device_end": -1}}, "FFC_sans_bias64": {"write": {"device_start": 1585577951.9545207, "host_queued_start": 1585578017.108665, "device_queued": 1585577951.9530768, "device_end": 1585577951.954529, "host_queued_end": 1585578017.123243}, "device": "gpu", "nd_range": {"device_start": 1585577951.9545305, "device_end": 1585577951.9546359}, "cmdq": 0, "read": {"device_start": -1, "device_end": -1}}, "FFC_sans_bias65": {"write": {"device_start": 1585577951.9546368, "host_queued_start": 1585578017.109173, "device_queued": 1585577951.9531085, "device_end": 1585577951.9546456, "host_queued_end": 1585578017.123243}, "device": "gpu", "nd_range": {"device_start": 1585577951.9546466, "device_end": 1585577951.9547532}, "cmdq": 0, "read": {"device_start": -1, "device_end": -1}}, "FFC_sans_bias67": {"write": {"device_start": -1, "host_queued_start": 1585578017.114523, "device_queued": -1, "device_end": -1, "host_queued_end": 1585578017.123243}, "device": "gpu", "nd_range": {"device_start": 1585577951.9556808, "device_end": 1585577951.955788}, "cmdq": 0, "read": {"device_start": -1, "device_end": -1}}, "FFC_sans_bias24": {"write": {"device_start": -1, "host_queued_start": 1585578017.117436, "device_queued": -1, "device_end": -1, "host_queued_end": 1585578017.123243}, "device": "gpu", "nd_range": {"device_start": 1585577951.9565856, "device_end": 1585577951.956692}, "cmdq": 0, "read": {"device_start": -1, "device_end": -1}}, "FFC_sans_bias25": {"write": {"device_start": 1585577951.9576344, "host_queued_start": 1585578017.12044, "device_queued": 1585577951.953956, "device_end": 1585577951.957643, "host_queued_end": 1585578017.123243}, "device": "gpu", "nd_range": {"device_start": 1585577951.9576442, "device_end": 1585577951.9577498}, "cmdq": 0, "read": {"device_start": 1585577951.9577553, "device_end": 1585577951.957762}}, "FFC_sans_bias27": {"write": {"device_start": 1585577951.953099, "host_queued_start": 1585578017.102335, "device_queued": 1585577951.952469, "device_end": 1585577951.9531076, "host_queued_end": 1585578017.123243}, "device": "gpu", "nd_range": {"device_start": 1585577951.9531088, "device_end": 1585577951.9532151}, "cmdq": 0, "read": {"device_start": -1, "device_end": -1}}, "FFC_sans_bias20": {"write": {"device_start": 1585577951.952982, "host_queued_start": 1585578017.101831, "device_queued": 1585577951.952435, "device_end": 1585577951.9529905, "host_queued_end": 1585578017.123243}, "device": "gpu", "nd_range": {"device_start": 1585577951.9529917, "device_end": 1585577951.9530978}, "cmdq": 0, "read": {"device_start": -1, "device_end": -1}}, "FFC_sans_bias22": {"write": {"device_start": -1, "host_queued_start": 1585578017.11294, "device_queued": -1, "device_end": -1, "host_queued_end": 1585578017.123243}, "device": "gpu", "nd_range": {"device_start": 1585577951.9551451, "device_end": 1585577951.9552517}, "cmdq": 0, "read": {"device_start": -1, "device_end": -1}}, "softmax68": {"write": {"device_start": -1, "host_queued_start": 1585578017.116485, "device_queued": -1, "device_end": -1, "host_queued_end": 1585578017.123243}, "device": "gpu", "nd_range": {"device_start": 1585577951.9562988, "device_end": 1585577951.9563704}, "cmdq": 0, "read": {"device_start": -1, "device_end": -1}}, "softmax5": {"write": {"device_start": -1, "host_queued_start": 1585578017.114783, "device_queued": -1, "device_end": -1, "host_queued_end": 1585578017.123243}, "device": "gpu", "nd_range": {"device_start": 1585577951.9557889, "device_end": 1585577951.9558644}, "cmdq": 0, "read": {"device_start": -1, "device_end": -1}}, "FFC_sans_bias28": {"write": {"device_start": 1585577951.953216, "host_queued_start": 1585578017.102896, "device_queued": 1585577951.9525025, "device_end": 1585577951.9532247, "host_queued_end": 1585578017.123243}, "device": "gpu", "nd_range": {"device_start": 1585577951.9532259, "device_end": 1585577951.9533322}, "cmdq": 0, "read": {"device_start": -1, "device_end": -1}}, "FFC_sans_bias29": {"write": {"device_start": 1585577951.9533334, "host_queued_start": 1585578017.103421, "device_queued": 1585577951.9525414, "device_end": 1585577951.9533458, "host_queued_end": 1585578017.123243}, "device": "gpu", "nd_range": {"device_start": 1585577951.953347, "device_end": 1585577951.9534538}, "cmdq": 0, "read": {"device_start": -1, "device_end": -1}}, "empty17": {"write": {"device_start": 1585577951.9517994, "host_queued_start": 1585578017.094521, "device_queued": 1585577951.9517796, "device_end": 1585577951.9518082, "host_queued_end": 1585578017.123243}, "device": "gpu", "nd_range": {"device_start": 1585577951.9518092, "device_end": 1585577951.9518125}, "cmdq": 0, "read": {"device_start": -1, "device_end": -1}}, "softmax59": {"write": {"device_start": -1, "host_queued_start": 1585578017.116204, "device_queued": -1, "device_end": -1, "host_queued_end": 1585578017.123243}, "device": "gpu", "nd_range": {"device_start": 1585577951.9562242, "device_end": 1585577951.9562974}, "cmdq": 0, "read": {"device_start": -1, "device_end": -1}}, "empty71": {"write": {"device_start": 1585577951.952007, "host_queued_start": 1585578017.096859, "device_queued": 1585577951.9519868, "device_end": 1585577951.9520154, "host_queued_end": 1585578017.123243}, "device": "gpu", "nd_range": {"device_start": 1585577951.952017, "device_end": 1585577951.9520204}, "cmdq": 0, "read": {"device_start": -1, "device_end": -1}}, "empty35": {"write": {"device_start": 1585577951.9518774, "host_queued_start": 1585578017.095335, "device_queued": 1585577951.9518561, "device_end": 1585577951.951886, "host_queued_end": 1585578017.123243}, "device": "gpu", "nd_range": {"device_start": 1585577951.9518871, "device_end": 1585577951.9518905}, "cmdq": 0, "read": {"device_start": -1, "device_end": -1}}, "empty53": {"write": {"device_start": 1585577951.9519439, "host_queued_start": 1585578017.096099, "device_queued": 1585577951.9519236, "device_end": 1585577951.9519522, "host_queued_end": 1585578017.123243}, "device": "gpu", "nd_range": {"device_start": 1585577951.9519534, "device_end": 1585577951.951957}, "cmdq": 0, "read": {"device_start": -1, "device_end": -1}}, "FFC_sans_bias46": {"write": {"device_start": 1585577951.9539294, "host_queued_start": 1585578017.106003, "device_queued": 1585577951.95281, "device_end": 1585577951.953938, "host_queued_end": 1585578017.123243}, "device": "gpu", "nd_range": {"device_start": 1585577951.953939, "device_end": 1585577951.9540453}, "cmdq": 0, "read": {"device_start": -1, "device_end": -1}}, "coalesced_transpose66": {"write": {"device_start": -1, "host_queued_start": 1585578017.11206, "device_queued": -1, "device_end": -1, "host_queued_end": 1585578017.123243}, "device": "gpu", "nd_range": {"device_start": 1585577951.9549234, "device_end": 1585577951.954928}, "cmdq": 0, "read": {"device_start": -1, "device_end": -1}}, "coalesced_transpose48": {"write": {"device_start": -1, "host_queued_start": 1585578017.111511, "device_queued": -1, "device_end": -1, "host_queued_end": 1585578017.123243}, "device": "gpu", "nd_range": {"device_start": 1585577951.9549112, "device_end": 1585577951.9549165}, "cmdq": 0, "read": {"device_start": -1, "device_end": -1}}}