{"FFC_sans_bias60": {"write": {"device_start": -1, "host_queued_start": 1585578226.418279, "device_queued": -1, "device_end": -1, "host_queued_end": 1585578226.41974}, "device": "gpu", "nd_range": {"device_start": 1585578161.2425003, "device_end": 1585578161.242607}, "cmdq": 0, "read": {"device_start": -1, "device_end": -1}}, "FFC_sans_bias4": {"write": {"device_start": -1, "host_queued_start": 1585578226.433955, "device_queued": -1, "device_end": -1, "host_queued_end": 1585578226.441886}, "device": "cpu", "nd_range": {"device_start": 2246000.6452368232, "device_end": 2246000.646452967}, "cmdq": 2, "read": {"device_start": -1, "device_end": -1}}, "FFC_sans_bias7": {"write": {"device_start": -1, "host_queued_start": 1585578226.439564, "device_queued": -1, "device_end": -1, "host_queued_end": 1585578226.441886}, "device": "cpu", "nd_range": {"device_start": 2246000.6519203763, "device_end": 2246000.653008073}, "cmdq": 0, "read": {"device_start": -1, "device_end": -1}}, "FFC_sans_bias6": {"write": {"device_start": -1, "host_queued_start": 1585578226.437422, "device_queued": -1, "device_end": -1, "host_queued_end": 1585578226.441886}, "device": "cpu", "nd_range": {"device_start": 2246000.649751693, "device_end": 2246000.651076374}, "cmdq": 2, "read": {"device_start": -1, "device_end": -1}}, "FFC_sans_bias1": {"write": {"device_start": -1, "host_queued_start": 1585578226.423496, "device_queued": -1, "device_end": -1, "host_queued_end": 1585578226.441886}, "device": "cpu", "nd_range": {"device_start": 2246000.631537801, "device_end": 2246000.633518043}, "cmdq": 3, "read": {"device_start": -1, "device_end": -1}}, "FFC_sans_bias0": {"write": {"device_start": -1, "host_queued_start": 1585578226.422991, "device_queued": -1, "device_end": -1, "host_queued_end": 1585578226.441886}, "device": "cpu", "nd_range": {"device_start": 2246000.633475048, "device_end": 2246000.635371625}, "cmdq": 2, "read": {"device_start": -1, "device_end": -1}}, "FFC_sans_bias2": {"write": {"device_start": -1, "host_queued_start": 1585578226.424011, "device_queued": -1, "device_end": -1, "host_queued_end": 1585578226.441886}, "device": "cpu", "nd_range": {"device_start": 2246000.63151015, "device_end": 2246000.633461031}, "cmdq": 0, "read": {"device_start": -1, "device_end": -1}}, "FFC_sans_bias61": {"write": {"device_start": 1585578161.2426093, "host_queued_start": 1585578226.419109, "device_queued": 1585578161.2423055, "device_end": 1585578161.2426178, "host_queued_end": 1585578226.41974}, "device": "gpu", "nd_range": {"device_start": 1585578161.2426193, "device_end": 1585578161.2427785}, "cmdq": 0, "read": {"device_start": 1585578161.2427852, "device_end": 1585578161.2427924}}, "FFC_sans_bias52": {"write": {"device_start": -1, "host_queued_start": 1585578226.441841, "device_queued": -1, "device_end": -1, "host_queued_end": 1585578226.441886}, "device": "cpu", "nd_range": {"device_start": 2246000.655556958, "device_end": 2246000.656637633}, "cmdq": 1, "read": {"device_start": -1, "device_end": -1}}, "FFC_sans_bias9": {"write": {"device_start": -1, "host_queued_start": 1585578226.42452, "device_queued": -1, "device_end": -1, "host_queued_end": 1585578226.441886}, "device": "cpu", "nd_range": {"device_start": 2246000.631510187, "device_end": 2246000.633761942}, "cmdq": 1, "read": {"device_start": -1, "device_end": -1}}, "coalesced_transpose39": {"write": {"device_start": -1, "host_queued_start": 1585578226.433239, "device_queued": -1, "device_end": -1, "host_queued_end": 1585578226.441886}, "device": "cpu", "nd_range": {"device_start": 2246000.6450998234, "device_end": 2246000.645185781}, "cmdq": 0, "read": {"device_start": -1, "device_end": -1}}, "FFC_sans_bias55": {"write": {"device_start": 1585578161.2420013, "host_queued_start": 1585578226.414758, "device_queued": 1585578161.2419424, "device_end": 1585578161.2420099, "host_queued_end": 1585578226.41974}, "device": "gpu", "nd_range": {"device_start": 1585578161.2420113, "device_end": 1585578161.2421231}, "cmdq": 0, "read": {"device_start": -1, "device_end": -1}}, "FFC_sans_bias54": {"write": {"device_start": 1585578161.2419188, "host_queued_start": 1585578226.414239, "device_queued": 1585578161.241898, "device_end": 1585578161.2419314, "host_queued_end": 1585578226.41974}, "device": "gpu", "nd_range": {"device_start": 1585578161.2419364, "device_end": 1585578161.2420566}, "cmdq": 1, "read": {"device_start": -1, "device_end": -1}}, "FFC_sans_bias56": {"write": {"device_start": 1585578161.2418709, "host_queued_start": 1585578226.413733, "device_queued": 1585578161.2418504, "device_end": 1585578161.2418847, "host_queued_end": 1585578226.41974}, "device": "gpu", "nd_range": {"device_start": 1585578161.2418897, "device_end": 1585578161.2419991}, "cmdq": 0, "read": {"device_start": -1, "device_end": -1}}, "FFC_sans_bias51": {"write": {"device_start": -1, "host_queued_start": 1585578226.439043, "device_queued": -1, "device_end": -1, "host_queued_end": 1585578226.441886}, "device": "cpu", "nd_range": {"device_start": 2246000.650464949, "device_end": 2246000.6555345403}, "cmdq": 3, "read": {"device_start": -1, "device_end": -1}}, "softmax23": {"write": {"device_start": -1, "host_queued_start": 1585578226.43633, "device_queued": -1, "device_end": -1, "host_queued_end": 1585578226.441886}, "device": "cpu", "nd_range": {"device_start": 2246000.649593633, "device_end": 2246000.649640909}, "cmdq": 2, "read": {"device_start": -1, "device_end": -1}}, "FFC_sans_bias37": {"write": {"device_start": -1, "host_queued_start": 1585578226.429659, "device_queued": -1, "device_end": -1, "host_queued_end": 1585578226.441886}, "device": "cpu", "nd_range": {"device_start": 2246000.6374189253, "device_end": 2246000.63931251}, "cmdq": 3, "read": {"device_start": -1, "device_end": -1}}, "empty62": {"write": {"device_start": 1585578161.2417889, "host_queued_start": 1585578226.412581, "device_queued": 1585578161.2417614, "device_end": 1585578161.2417974, "host_queued_end": 1585578226.41974}, "device": "gpu", "nd_range": {"device_start": 1585578161.241801, "device_end": 1585578161.2418132}, "cmdq": 0, "read": {"device_start": -1, "device_end": -1}}, "FFC_sans_bias70": {"write": {"device_start": 1585578161.2426958, "host_queued_start": 1585578226.419633, "device_queued": 1585578161.2423327, "device_end": 1585578161.2427044, "host_queued_end": 1585578226.41974}, "device": "gpu", "nd_range": {"device_start": 1585578161.2427056, "device_end": 1585578161.242811}, "cmdq": 1, "read": {"device_start": 1585578161.2428164, "device_end": 1585578161.2428243}}, "FFC_sans_bias58": {"write": {"device_start": -1, "host_queued_start": 1585578226.417248, "device_queued": -1, "device_end": -1, "host_queued_end": 1585578226.41974}, "device": "gpu", "nd_range": {"device_start": 1585578161.2422662, "device_end": 1585578161.2424195}, "cmdq": 0, "read": {"device_start": -1, "device_end": -1}}, "softmax41": {"write": {"device_start": -1, "host_queued_start": 1585578226.436819, "device_queued": -1, "device_end": -1, "host_queued_end": 1585578226.441886}, "device": "cpu", "nd_range": {"device_start": 2246000.649706242, "device_end": 2246000.6497788653}, "cmdq": 0, "read": {"device_start": -1, "device_end": -1}}, "FFC_sans_bias11": {"write": {"device_start": -1, "host_queued_start": 1585578226.425567, "device_queued": -1, "device_end": -1, "host_queued_end": 1585578226.441886}, "device": "cpu", "nd_range": {"device_start": 2246000.633524512, "device_end": 2246000.6354277614}, "cmdq": 3, "read": {"device_start": -1, "device_end": -1}}, "FFC_sans_bias10": {"write": {"device_start": -1, "host_queued_start": 1585578226.42504, "device_queued": -1, "device_end": -1, "host_queued_end": 1585578226.441886}, "device": "cpu", "nd_range": {"device_start": 2246000.635377477, "device_end": 2246000.637557445}, "cmdq": 2, "read": {"device_start": -1, "device_end": -1}}, "coalesced_transpose3": {"write": {"device_start": -1, "host_queued_start": 1585578226.432031, "device_queued": -1, "device_end": -1, "host_queued_end": 1585578226.441886}, "device": "cpu", "nd_range": {"device_start": 2246000.645018657, "device_end": 2246000.6450818023}, "cmdq": 0, "read": {"device_start": -1, "device_end": -1}}, "FFC_sans_bias34": {"write": {"device_start": -1, "host_queued_start": 1585578226.440934, "device_queued": -1, "device_end": -1, "host_queued_end": 1585578226.441886}, "device": "cpu", "nd_range": {"device_start": 2246000.6555564753, "device_end": 2246000.658206553}, "cmdq": 3, "read": {"device_start": -1, "device_end": -1}}, "FFC_sans_bias15": {"write": {"device_start": -1, "host_queued_start": 1585578226.437733, "device_queued": -1, "device_end": -1, "host_queued_end": 1585578226.441886}, "device": "cpu", "nd_range": {"device_start": 2246000.648372934, "device_end": 2246000.649356721}, "cmdq": 3, "read": {"device_start": -1, "device_end": -1}}, "FFC_sans_bias31": {"write": {"device_start": -1, "host_queued_start": 1585578226.434938, "device_queued": -1, "device_end": -1, "host_queued_end": 1585578226.441886}, "device": "cpu", "nd_range": {"device_start": 2246000.6431916463, "device_end": 2246000.6451060083}, "cmdq": 1, "read": {"device_start": -1, "device_end": -1}}, "FFC_sans_bias16": {"write": {"device_start": -1, "host_queued_start": 1585578226.440028, "device_queued": -1, "device_end": -1, "host_queued_end": 1585578226.441886}, "device": "cpu", "nd_range": {"device_start": 2246000.651062205, "device_end": 2246000.652877867}, "cmdq": 1, "read": {"device_start": -1, "device_end": -1}}, "FFC_sans_bias19": {"write": {"device_start": -1, "host_queued_start": 1585578226.426598, "device_queued": -1, "device_end": -1, "host_queued_end": 1585578226.441886}, "device": "cpu", "nd_range": {"device_start": 2246000.633770843, "device_end": 2246000.63568441}, "cmdq": 1, "read": {"device_start": -1, "device_end": -1}}, "FFC_sans_bias18": {"write": {"device_start": -1, "host_queued_start": 1585578226.426073, "device_queued": -1, "device_end": -1, "host_queued_end": 1585578226.441886}, "device": "cpu", "nd_range": {"device_start": 2246000.639856376, "device_end": 2246000.6416696403}, "cmdq": 0, "read": {"device_start": -1, "device_end": -1}}, "coalesced_transpose30": {"write": {"device_start": -1, "host_queued_start": 1585578226.432945, "device_queued": -1, "device_end": -1, "host_queued_end": 1585578226.441886}, "device": "cpu", "nd_range": {"device_start": 2246000.6431036443, "device_end": 2246000.643153462}, "cmdq": 3, "read": {"device_start": -1, "device_end": -1}}, "FFC_sans_bias69": {"write": {"device_start": -1, "host_queued_start": 1585578226.418621, "device_queued": -1, "device_end": -1, "host_queued_end": 1585578226.41974}, "device": "gpu", "nd_range": {"device_start": 1585578161.2425845, "device_end": 1585578161.2426937}, "cmdq": 1, "read": {"device_start": -1, "device_end": -1}}, "FFC_sans_bias38": {"write": {"device_start": -1, "host_queued_start": 1585578226.430169, "device_queued": -1, "device_end": -1, "host_queued_end": 1585578226.441886}, "device": "cpu", "nd_range": {"device_start": 2246000.643090264, "device_end": 2246000.645013494}, "cmdq": 0, "read": {"device_start": -1, "device_end": -1}}, "coalesced_transpose57": {"write": {"device_start": -1, "host_queued_start": 1585578226.41654, "device_queued": -1, "device_end": -1, "host_queued_end": 1585578226.41974}, "device": "gpu", "nd_range": {"device_start": 1585578161.2422514, "device_end": 1585578161.2422652}, "cmdq": 0, "read": {"device_start": -1, "device_end": -1}}, "empty26": {"write": {"device_start": -1, "host_queued_start": 1585578226.421248, "device_queued": -1, "device_end": -1, "host_queued_end": 1585578226.441886}, "device": "cpu", "nd_range": {"device_start": 2246000.633466471, "device_end": 2246000.633467451}, "cmdq": 2, "read": {"device_start": -1, "device_end": -1}}, "coalesced_transpose12": {"write": {"device_start": -1, "host_queued_start": 1585578226.432327, "device_queued": -1, "device_end": -1, "host_queued_end": 1585578226.441886}, "device": "cpu", "nd_range": {"device_start": 2246000.6397669762, "device_end": 2246000.639843793}, "cmdq": 1, "read": {"device_start": -1, "device_end": -1}}, "empty44": {"write": {"device_start": -1, "host_queued_start": 1585578226.422093, "device_queued": -1, "device_end": -1, "host_queued_end": 1585578226.441886}, "device": "cpu", "nd_range": {"device_start": 2246000.631503224, "device_end": 2246000.631504509}, "cmdq": 0, "read": {"device_start": -1, "device_end": -1}}, "coalesced_transpose21": {"write": {"device_start": -1, "host_queued_start": 1585578226.432641, "device_queued": -1, "device_end": -1, "host_queued_end": 1585578226.441886}, "device": "cpu", "nd_range": {"device_start": 2246000.6425447613, "device_end": 2246000.642609374}, "cmdq": 2, "read": {"device_start": -1, "device_end": -1}}, "FFC_sans_bias36": {"write": {"device_start": -1, "host_queued_start": 1585578226.42915, "device_queued": -1, "device_end": -1, "host_queued_end": 1585578226.441886}, "device": "cpu", "nd_range": {"device_start": 2246000.639482993, "device_end": 2246000.641430709}, "cmdq": 2, "read": {"device_start": -1, "device_end": -1}}, "softmax14": {"write": {"device_start": -1, "host_queued_start": 1585578226.436078, "device_queued": -1, "device_end": -1, "host_queued_end": 1585578226.441886}, "device": "cpu", "nd_range": {"device_start": 2246000.645121492, "device_end": 2246000.645230899}, "cmdq": 1, "read": {"device_start": -1, "device_end": -1}}, "FFC_sans_bias13": {"write": {"device_start": -1, "host_queued_start": 1585578226.434266, "device_queued": -1, "device_end": -1, "host_queued_end": 1585578226.441886}, "device": "cpu", "nd_range": {"device_start": 2246000.643172191, "device_end": 2246000.645106169}, "cmdq": 3, "read": {"device_start": -1, "device_end": -1}}, "empty8": {"write": {"device_start": -1, "host_queued_start": 1585578226.420354, "device_queued": -1, "device_end": -1, "host_queued_end": 1585578226.441886}, "device": "cpu", "nd_range": {"device_start": 2246000.631472851, "device_end": 2246000.631483651}, "cmdq": 0, "read": {"device_start": -1, "device_end": -1}}, "FFC_sans_bias42": {"write": {"device_start": -1, "host_queued_start": 1585578226.438719, "device_queued": -1, "device_end": -1, "host_queued_end": 1585578226.441886}, "device": "cpu", "nd_range": {"device_start": 2246000.65118351, "device_end": 2246000.653008983}, "cmdq": 2, "read": {"device_start": -1, "device_end": -1}}, "FFC_sans_bias43": {"write": {"device_start": -1, "host_queued_start": 1585578226.441388, "device_queued": -1, "device_end": -1, "host_queued_end": 1585578226.441886}, "device": "cpu", "nd_range": {"device_start": 2246000.6531246263, "device_end": 2246000.654472197}, "cmdq": 0, "read": {"device_start": -1, "device_end": -1}}, "FFC_sans_bias40": {"write": {"device_start": -1, "host_queued_start": 1585578226.435249, "device_queued": -1, "device_end": -1, "host_queued_end": 1585578226.441886}, "device": "cpu", "nd_range": {"device_start": 2246000.646561947, "device_end": 2246000.649478902}, "cmdq": 2, "read": {"device_start": -1, "device_end": -1}}, "softmax32": {"write": {"device_start": -1, "host_queued_start": 1585578226.436581, "device_queued": -1, "device_end": -1, "host_queued_end": 1585578226.441886}, "device": "cpu", "nd_range": {"device_start": 2246000.6481622173, "device_end": 2246000.648195038}, "cmdq": 3, "read": {"device_start": -1, "device_end": -1}}, "FFC_sans_bias47": {"write": {"device_start": -1, "host_queued_start": 1585578226.431718, "device_queued": -1, "device_end": -1, "host_queued_end": 1585578226.441886}, "device": "cpu", "nd_range": {"device_start": 2246000.63931749, "device_end": 2246000.641254952}, "cmdq": 3, "read": {"device_start": -1, "device_end": -1}}, "FFC_sans_bias45": {"write": {"device_start": -1, "host_queued_start": 1585578226.430703, "device_queued": -1, "device_end": -1, "host_queued_end": 1585578226.441886}, "device": "cpu", "nd_range": {"device_start": 2246000.6378309163, "device_end": 2246000.639762551}, "cmdq": 1, "read": {"device_start": -1, "device_end": -1}}, "softmax50": {"write": {"device_start": -1, "host_queued_start": 1585578226.437088, "device_queued": -1, "device_end": -1, "host_queued_end": 1585578226.441886}, "device": "cpu", "nd_range": {"device_start": 2246000.648160782, "device_end": 2246000.648202686}, "cmdq": 1, "read": {"device_start": -1, "device_end": -1}}, "FFC_sans_bias33": {"write": {"device_start": -1, "host_queued_start": 1585578226.438376, "device_queued": -1, "device_end": -1, "host_queued_end": 1585578226.441886}, "device": "cpu", "nd_range": {"device_start": 2246000.6484243013, "device_end": 2246000.649992607}, "cmdq": 1, "read": {"device_start": -1, "device_end": -1}}, "FFC_sans_bias63": {"write": {"device_start": 1585578161.2422206, "host_queued_start": 1585578226.416241, "device_queued": 1585578161.2420568, "device_end": 1585578161.2422295, "host_queued_end": 1585578226.41974}, "device": "gpu", "nd_range": {"device_start": 1585578161.2422304, "device_end": 1585578161.242339}, "cmdq": 1, "read": {"device_start": -1, "device_end": -1}}, "FFC_sans_bias49": {"write": {"device_start": -1, "host_queued_start": 1585578226.435574, "device_queued": -1, "device_end": -1, "host_queued_end": 1585578226.441886}, "device": "cpu", "nd_range": {"device_start": 2246000.6451189383, "device_end": 2246000.647082514}, "cmdq": 3, "read": {"device_start": -1, "device_end": -1}}, "FFC_sans_bias64": {"write": {"device_start": 1585578161.2420588, "host_queued_start": 1585578226.415261, "device_queued": 1585578161.241978, "device_end": 1585578161.2420676, "host_queued_end": 1585578226.41974}, "device": "gpu", "nd_range": {"device_start": 1585578161.2420685, "device_end": 1585578161.2422192}, "cmdq": 1, "read": {"device_start": -1, "device_end": -1}}, "FFC_sans_bias65": {"write": {"device_start": 1585578161.2421255, "host_queued_start": 1585578226.415749, "device_queued": 1585578161.2420144, "device_end": 1585578161.2421339, "host_queued_end": 1585578226.41974}, "device": "gpu", "nd_range": {"device_start": 1585578161.242135, "device_end": 1585578161.2422504}, "cmdq": 0, "read": {"device_start": -1, "device_end": -1}}, "FFC_sans_bias67": {"write": {"device_start": -1, "host_queued_start": 1585578226.417554, "device_queued": -1, "device_end": -1, "host_queued_end": 1585578226.41974}, "device": "gpu", "nd_range": {"device_start": 1585578161.2423527, "device_end": 1585578161.2424748}, "cmdq": 1, "read": {"device_start": -1, "device_end": -1}}, "FFC_sans_bias24": {"write": {"device_start": -1, "host_queued_start": 1585578226.438055, "device_queued": -1, "device_end": -1, "host_queued_end": 1585578226.441886}, "device": "cpu", "nd_range": {"device_start": 2246000.6498903953, "device_end": 2246000.6518102153}, "cmdq": 0, "read": {"device_start": -1, "device_end": -1}}, "FFC_sans_bias25": {"write": {"device_start": -1, "host_queued_start": 1585578226.440482, "device_queued": -1, "device_end": -1, "host_queued_end": 1585578226.441886}, "device": "cpu", "nd_range": {"device_start": 2246000.653128893, "device_end": 2246000.6542218532}, "cmdq": 2, "read": {"device_start": -1, "device_end": -1}}, "FFC_sans_bias27": {"write": {"device_start": -1, "host_queued_start": 1585578226.427627, "device_queued": -1, "device_end": -1, "host_queued_end": 1585578226.441886}, "device": "cpu", "nd_range": {"device_start": 2246000.635462215, "device_end": 2246000.6374129443}, "cmdq": 3, "read": {"device_start": -1, "device_end": -1}}, "FFC_sans_bias20": {"write": {"device_start": -1, "host_queued_start": 1585578226.427123, "device_queued": -1, "device_end": -1, "host_queued_end": 1585578226.441886}, "device": "cpu", "nd_range": {"device_start": 2246000.6375667714, "device_end": 2246000.63947618}, "cmdq": 2, "read": {"device_start": -1, "device_end": -1}}, "FFC_sans_bias22": {"write": {"device_start": -1, "host_queued_start": 1585578226.434606, "device_queued": -1, "device_end": -1, "host_queued_end": 1585578226.441886}, "device": "cpu", "nd_range": {"device_start": 2246000.645194626, "device_end": 2246000.646981529}, "cmdq": 0, "read": {"device_start": -1, "device_end": -1}}, "softmax68": {"write": {"device_start": -1, "host_queued_start": 1585578226.417993, "device_queued": -1, "device_end": -1, "host_queued_end": 1585578226.41974}, "device": "gpu", "nd_range": {"device_start": 1585578161.2424772, "device_end": 1585578161.2425823}, "cmdq": 1, "read": {"device_start": -1, "device_end": -1}}, "softmax5": {"write": {"device_start": -1, "host_queued_start": 1585578226.435837, "device_queued": -1, "device_end": -1, "host_queued_end": 1585578226.441886}, "device": "cpu", "nd_range": {"device_start": 2246000.647091398, "device_end": 2246000.647137585}, "cmdq": 0, "read": {"device_start": -1, "device_end": -1}}, "FFC_sans_bias28": {"write": {"device_start": -1, "host_queued_start": 1585578226.428131, "device_queued": -1, "device_end": -1, "host_queued_end": 1585578226.441886}, "device": "cpu", "nd_range": {"device_start": 2246000.641689752, "device_end": 2246000.6430693553}, "cmdq": 0, "read": {"device_start": -1, "device_end": -1}}, "FFC_sans_bias29": {"write": {"device_start": -1, "host_queued_start": 1585578226.428646, "device_queued": -1, "device_end": -1, "host_queued_end": 1585578226.441886}, "device": "cpu", "nd_range": {"device_start": 2246000.635704826, "device_end": 2246000.6378225703}, "cmdq": 1, "read": {"device_start": -1, "device_end": -1}}, "empty17": {"write": {"device_start": -1, "host_queued_start": 1585578226.420838, "device_queued": -1, "device_end": -1, "host_queued_end": 1585578226.441886}, "device": "cpu", "nd_range": {"device_start": 2246000.631477047, "device_end": 2246000.631483645}, "cmdq": 1, "read": {"device_start": -1, "device_end": -1}}, "softmax59": {"write": {"device_start": -1, "host_queued_start": 1585578226.41778, "device_queued": -1, "device_end": -1, "host_queued_end": 1585578226.41974}, "device": "gpu", "nd_range": {"device_start": 1585578161.2424219, "device_end": 1585578161.2424982}, "cmdq": 0, "read": {"device_start": -1, "device_end": -1}}, "empty71": {"write": {"device_start": 1585578161.241839, "host_queued_start": 1585578226.413181, "device_queued": 1585578161.2418184, "device_end": 1585578161.2418478, "host_queued_end": 1585578226.41974}, "device": "gpu", "nd_range": {"device_start": 1585578161.2418487, "device_end": 1585578161.241852}, "cmdq": 1, "read": {"device_start": -1, "device_end": -1}}, "empty35": {"write": {"device_start": -1, "host_queued_start": 1585578226.421697, "device_queued": -1, "device_end": -1, "host_queued_end": 1585578226.441886}, "device": "cpu", "nd_range": {"device_start": 2246000.631518281, "device_end": 2246000.631522469}, "cmdq": 3, "read": {"device_start": -1, "device_end": -1}}, "empty53": {"write": {"device_start": -1, "host_queued_start": 1585578226.422461, "device_queued": -1, "device_end": -1, "host_queued_end": 1585578226.441886}, "device": "cpu", "nd_range": {"device_start": 2246000.6315040523, "device_end": 2246000.631504888}, "cmdq": 1, "read": {"device_start": -1, "device_end": -1}}, "FFC_sans_bias46": {"write": {"device_start": -1, "host_queued_start": 1585578226.43121, "device_queued": -1, "device_end": -1, "host_queued_end": 1585578226.441886}, "device": "cpu", "nd_range": {"device_start": 2246000.6414357503, "device_end": 2246000.64253846}, "cmdq": 2, "read": {"device_start": -1, "device_end": -1}}, "coalesced_transpose66": {"write": {"device_start": -1, "host_queued_start": 1585578226.416823, "device_queued": -1, "device_end": -1, "host_queued_end": 1585578226.41974}, "device": "gpu", "nd_range": {"device_start": 1585578161.24234, "device_end": 1585578161.2423503}, "cmdq": 1, "read": {"device_start": -1, "device_end": -1}}, "coalesced_transpose48": {"write": {"device_start": -1, "host_queued_start": 1585578226.433625, "device_queued": -1, "device_end": -1, "host_queued_end": 1585578226.441886}, "device": "cpu", "nd_range": {"device_start": 2246000.642631932, "device_end": 2246000.642683689}, "cmdq": 1, "read": {"device_start": -1, "device_end": -1}}}