{"FFC_sans_bias60": {"write": {"device_start": -1, "host_queued_start": 1585578612.246404, "device_queued": -1, "device_end": -1, "host_queued_end": 1585578612.247833}, "device": "gpu", "nd_range": {"device_start": 1585578547.059313, "device_end": 1585578547.0594208}, "cmdq": 4, "read": {"device_start": -1, "device_end": -1}}, "FFC_sans_bias4": {"write": {"device_start": -1, "host_queued_start": 1585578612.261964, "device_queued": -1, "device_end": -1, "host_queued_end": 1585578612.269925}, "device": "cpu", "nd_range": {"device_start": 2246386.466100849, "device_end": 2246386.468029134}, "cmdq": 0, "read": {"device_start": -1, "device_end": -1}}, "FFC_sans_bias7": {"write": {"device_start": -1, "host_queued_start": 1585578612.267574, "device_queued": -1, "device_end": -1, "host_queued_end": 1585578612.269925}, "device": "cpu", "nd_range": {"device_start": 2246386.475646905, "device_end": 2246386.47757339}, "cmdq": 3, "read": {"device_start": -1, "device_end": -1}}, "FFC_sans_bias6": {"write": {"device_start": -1, "host_queued_start": 1585578612.265468, "device_queued": -1, "device_end": -1, "host_queued_end": 1585578612.269925}, "device": "cpu", "nd_range": {"device_start": 2246386.472411482, "device_end": 2246386.4750675843}, "cmdq": 2, "read": {"device_start": -1, "device_end": -1}}, "FFC_sans_bias1": {"write": {"device_start": -1, "host_queued_start": 1585578612.251547, "device_queued": -1, "device_end": -1, "host_queued_end": 1585578612.269925}, "device": "cpu", "nd_range": {"device_start": 2246386.461811848, "device_end": 2246386.463738744}, "cmdq": 2, "read": {"device_start": -1, "device_end": -1}}, "FFC_sans_bias0": {"write": {"device_start": -1, "host_queued_start": 1585578612.251041, "device_queued": -1, "device_end": -1, "host_queued_end": 1585578612.269925}, "device": "cpu", "nd_range": {"device_start": 2246386.4597523264, "device_end": 2246386.4616920073}, "cmdq": 1, "read": {"device_start": -1, "device_end": -1}}, "FFC_sans_bias2": {"write": {"device_start": -1, "host_queued_start": 1585578612.252063, "device_queued": -1, "device_end": -1, "host_queued_end": 1585578612.269925}, "device": "cpu", "nd_range": {"device_start": 2246386.459581713, "device_end": 2246386.46153479}, "cmdq": 3, "read": {"device_start": -1, "device_end": -1}}, "FFC_sans_bias61": {"write": {"device_start": 1585578547.0592499, "host_queued_start": 1585578612.247227, "device_queued": 1585578547.0590925, "device_end": 1585578547.0592585, "host_queued_end": 1585578612.247833}, "device": "gpu", "nd_range": {"device_start": 1585578547.059423, "device_end": 1585578547.0595808}, "cmdq": 1, "read": {"device_start": 1585578547.059582, "device_end": 1585578547.0595894}}, "FFC_sans_bias52": {"write": {"device_start": -1, "host_queued_start": 1585578612.26988, "device_queued": -1, "device_end": -1, "host_queued_end": 1585578612.269925}, "device": "cpu", "nd_range": {"device_start": 2246386.477577149, "device_end": 2246386.479259441}, "cmdq": 3, "read": {"device_start": -1, "device_end": -1}}, "FFC_sans_bias9": {"write": {"device_start": -1, "host_queued_start": 1585578612.252569, "device_queued": -1, "device_end": -1, "host_queued_end": 1585578612.269925}, "device": "cpu", "nd_range": {"device_start": 2246386.459556538, "device_end": 2246386.4616812523}, "cmdq": 4, "read": {"device_start": -1, "device_end": -1}}, "coalesced_transpose39": {"write": {"device_start": -1, "host_queued_start": 1585578612.261342, "device_queued": -1, "device_end": -1, "host_queued_end": 1585578612.269925}, "device": "cpu", "nd_range": {"device_start": 2246386.4679819234, "device_end": 2246386.468039392}, "cmdq": 3, "read": {"device_start": -1, "device_end": -1}}, "FFC_sans_bias55": {"write": {"device_start": 1585578547.058702, "host_queued_start": 1585578612.242828, "device_queued": 1585578547.0586784, "device_end": 1585578547.0587103, "host_queued_end": 1585578612.247833}, "device": "gpu", "nd_range": {"device_start": 1585578547.0587475, "device_end": 1585578547.0589437}, "cmdq": 4, "read": {"device_start": -1, "device_end": -1}}, "FFC_sans_bias54": {"write": {"device_start": 1585578547.0586753, "host_queued_start": 1585578612.242266, "device_queued": 1585578547.0586517, "device_end": 1585578547.058684, "host_queued_end": 1585578612.247833}, "device": "gpu", "nd_range": {"device_start": 1585578547.0587337, "device_end": 1585578547.0589185}, "cmdq": 3, "read": {"device_start": -1, "device_end": -1}}, "FFC_sans_bias56": {"write": {"device_start": 1585578547.0586507, "host_queued_start": 1585578612.241733, "device_queued": 1585578547.0586257, "device_end": 1585578547.0586603, "host_queued_end": 1585578612.247833}, "device": "gpu", "nd_range": {"device_start": 1585578547.0587218, "device_end": 1585578547.0588346}, "cmdq": 2, "read": {"device_start": -1, "device_end": -1}}, "FFC_sans_bias51": {"write": {"device_start": -1, "host_queued_start": 1585578612.267069, "device_queued": -1, "device_end": -1, "host_queued_end": 1585578612.269925}, "device": "cpu", "nd_range": {"device_start": 2246386.475086167, "device_end": 2246386.47714653}, "cmdq": 2, "read": {"device_start": -1, "device_end": -1}}, "softmax23": {"write": {"device_start": -1, "host_queued_start": 1585578612.264331, "device_queued": -1, "device_end": -1, "host_queued_end": 1585578612.269925}, "device": "cpu", "nd_range": {"device_start": 2246386.472954104, "device_end": 2246386.473014702}, "cmdq": 3, "read": {"device_start": -1, "device_end": -1}}, "FFC_sans_bias37": {"write": {"device_start": -1, "host_queued_start": 1585578612.257668, "device_queued": -1, "device_end": -1, "host_queued_end": 1585578612.269925}, "device": "cpu", "nd_range": {"device_start": 2246386.4636118542, "device_end": 2246386.4655503603}, "cmdq": 4, "read": {"device_start": -1, "device_end": -1}}, "empty62": {"write": {"device_start": 1585578547.0585573, "host_queued_start": 1585578612.240587, "device_queued": 1585578547.0585272, "device_end": 1585578547.058566, "host_queued_end": 1585578612.247833}, "device": "gpu", "nd_range": {"device_start": 1585578547.0585718, "device_end": 1585578547.0585837}, "cmdq": 0, "read": {"device_start": -1, "device_end": -1}}, "FFC_sans_bias70": {"write": {"device_start": 1585578547.0593016, "host_queued_start": 1585578612.247735, "device_queued": 1585578547.0591114, "device_end": 1585578547.0593104, "host_queued_end": 1585578612.247833}, "device": "gpu", "nd_range": {"device_start": 1585578547.059498, "device_end": 1585578547.0596278}, "cmdq": 2, "read": {"device_start": 1585578547.0596294, "device_end": 1585578547.0596445}}, "FFC_sans_bias58": {"write": {"device_start": -1, "host_queued_start": 1585578612.24538, "device_queued": -1, "device_end": -1, "host_queued_end": 1585578612.247833}, "device": "gpu", "nd_range": {"device_start": 1585578547.0590637, "device_end": 1585578547.0592031}, "cmdq": 0, "read": {"device_start": -1, "device_end": -1}}, "softmax41": {"write": {"device_start": -1, "host_queued_start": 1585578612.264909, "device_queued": -1, "device_end": -1, "host_queued_end": 1585578612.269925}, "device": "cpu", "nd_range": {"device_start": 2246386.472661743, "device_end": 2246386.4728110083}, "cmdq": 0, "read": {"device_start": -1, "device_end": -1}}, "FFC_sans_bias11": {"write": {"device_start": -1, "host_queued_start": 1585578612.253583, "device_queued": -1, "device_end": -1, "host_queued_end": 1585578612.269925}, "device": "cpu", "nd_range": {"device_start": 2246386.465812949, "device_end": 2246386.467744709}, "cmdq": 1, "read": {"device_start": -1, "device_end": -1}}, "FFC_sans_bias10": {"write": {"device_start": -1, "host_queued_start": 1585578612.25307, "device_queued": -1, "device_end": -1, "host_queued_end": 1585578612.269925}, "device": "cpu", "nd_range": {"device_start": 2246386.459566688, "device_end": 2246386.461538595}, "cmdq": 0, "read": {"device_start": -1, "device_end": -1}}, "coalesced_transpose3": {"write": {"device_start": -1, "host_queued_start": 1585578612.260037, "device_queued": -1, "device_end": -1, "host_queued_end": 1585578612.269925}, "device": "cpu", "nd_range": {"device_start": 2246386.465667455, "device_end": 2246386.465722699}, "cmdq": 4, "read": {"device_start": -1, "device_end": -1}}, "FFC_sans_bias34": {"write": {"device_start": -1, "host_queued_start": 1585578612.268949, "device_queued": -1, "device_end": -1, "host_queued_end": 1585578612.269925}, "device": "cpu", "nd_range": {"device_start": 2246386.477104171, "device_end": 2246386.479020159}, "cmdq": 1, "read": {"device_start": -1, "device_end": -1}}, "FFC_sans_bias15": {"write": {"device_start": -1, "host_queued_start": 1585578612.265792, "device_queued": -1, "device_end": -1, "host_queued_end": 1585578612.269925}, "device": "cpu", "nd_range": {"device_start": 2246386.4730247944, "device_end": 2246386.474949329}, "cmdq": 3, "read": {"device_start": -1, "device_end": -1}}, "FFC_sans_bias31": {"write": {"device_start": -1, "host_queued_start": 1585578612.262949, "device_queued": -1, "device_end": -1, "host_queued_end": 1585578612.269925}, "device": "cpu", "nd_range": {"device_start": 2246386.4709710632, "device_end": 2246386.472813543}, "cmdq": 3, "read": {"device_start": -1, "device_end": -1}}, "FFC_sans_bias16": {"write": {"device_start": -1, "host_queued_start": 1585578612.268028, "device_queued": -1, "device_end": -1, "host_queued_end": 1585578612.269925}, "device": "cpu", "nd_range": {"device_start": 2246386.4751572283, "device_end": 2246386.4771008133}, "cmdq": 4, "read": {"device_start": -1, "device_end": -1}}, "FFC_sans_bias19": {"write": {"device_start": -1, "host_queued_start": 1585578612.254622, "device_queued": -1, "device_end": -1, "host_queued_end": 1585578612.269925}, "device": "cpu", "nd_range": {"device_start": 2246386.461540181, "device_end": 2246386.4634587374}, "cmdq": 3, "read": {"device_start": -1, "device_end": -1}}, "FFC_sans_bias18": {"write": {"device_start": -1, "host_queued_start": 1585578612.254087, "device_queued": -1, "device_end": -1, "host_queued_end": 1585578612.269925}, "device": "cpu", "nd_range": {"device_start": 2246386.463752107, "device_end": 2246386.466637988}, "cmdq": 2, "read": {"device_start": -1, "device_end": -1}}, "coalesced_transpose30": {"write": {"device_start": -1, "host_queued_start": 1585578612.260949, "device_queued": -1, "device_end": -1, "host_queued_end": 1585578612.269925}, "device": "cpu", "nd_range": {"device_start": 2246386.4699602784, "device_end": 2246386.470015737}, "cmdq": 2, "read": {"device_start": -1, "device_end": -1}}, "FFC_sans_bias69": {"write": {"device_start": -1, "host_queued_start": 1585578612.246745, "device_queued": -1, "device_end": -1, "host_queued_end": 1585578612.247833}, "device": "gpu", "nd_range": {"device_start": 1585578547.0593839, "device_end": 1585578547.0594933}, "cmdq": 0, "read": {"device_start": -1, "device_end": -1}}, "FFC_sans_bias38": {"write": {"device_start": -1, "host_queued_start": 1585578612.258176, "device_queued": -1, "device_end": -1, "host_queued_end": 1585578612.269925}, "device": "cpu", "nd_range": {"device_start": 2246386.463717449, "device_end": 2246386.4657985773}, "cmdq": 0, "read": {"device_start": -1, "device_end": -1}}, "coalesced_transpose57": {"write": {"device_start": -1, "host_queued_start": 1585578612.244658, "device_queued": -1, "device_end": -1, "host_queued_end": 1585578612.247833}, "device": "gpu", "nd_range": {"device_start": 1585578547.058949, "device_end": 1585578547.0590606}, "cmdq": 3, "read": {"device_start": -1, "device_end": -1}}, "empty26": {"write": {"device_start": -1, "host_queued_start": 1585578612.249297, "device_queued": -1, "device_end": -1, "host_queued_end": 1585578612.269925}, "device": "cpu", "nd_range": {"device_start": 2246386.459520616, "device_end": 2246386.459532389}, "cmdq": 2, "read": {"device_start": -1, "device_end": -1}}, "coalesced_transpose12": {"write": {"device_start": -1, "host_queued_start": 1585578612.260349, "device_queued": -1, "device_end": -1, "host_queued_end": 1585578612.269925}, "device": "cpu", "nd_range": {"device_start": 2246386.465940852, "device_end": 2246386.465995601}, "cmdq": 0, "read": {"device_start": -1, "device_end": -1}}, "empty44": {"write": {"device_start": -1, "host_queued_start": 1585578612.250121, "device_queued": -1, "device_end": -1, "host_queued_end": 1585578612.269925}, "device": "cpu", "nd_range": {"device_start": 2246386.4595492543, "device_end": 2246386.459550221}, "cmdq": 4, "read": {"device_start": -1, "device_end": -1}}, "coalesced_transpose21": {"write": {"device_start": -1, "host_queued_start": 1585578612.260643, "device_queued": -1, "device_end": -1, "host_queued_end": 1585578612.269925}, "device": "cpu", "nd_range": {"device_start": 2246386.469615618, "device_end": 2246386.4696857533}, "cmdq": 1, "read": {"device_start": -1, "device_end": -1}}, "FFC_sans_bias36": {"write": {"device_start": -1, "host_queued_start": 1585578612.257163, "device_queued": -1, "device_end": -1, "host_queued_end": 1585578612.269925}, "device": "cpu", "nd_range": {"device_start": 2246386.4635171914, "device_end": 2246386.465530576}, "cmdq": 3, "read": {"device_start": -1, "device_end": -1}}, "softmax14": {"write": {"device_start": -1, "host_queued_start": 1585578612.264094, "device_queued": -1, "device_end": -1, "host_queued_end": 1585578612.269925}, "device": "cpu", "nd_range": {"device_start": 2246386.472250847, "device_end": 2246386.472297529}, "cmdq": 2, "read": {"device_start": -1, "device_end": -1}}, "FFC_sans_bias13": {"write": {"device_start": -1, "host_queued_start": 1585578612.26229, "device_queued": -1, "device_end": -1, "host_queued_end": 1585578612.269925}, "device": "cpu", "nd_range": {"device_start": 2246386.46971995, "device_end": 2246386.470692554}, "cmdq": 1, "read": {"device_start": -1, "device_end": -1}}, "empty8": {"write": {"device_start": -1, "host_queued_start": 1585578612.248413, "device_queued": -1, "device_end": -1, "host_queued_end": 1585578612.269925}, "device": "cpu", "nd_range": {"device_start": 2246386.4595488682, "device_end": 2246386.4595500273}, "cmdq": 0, "read": {"device_start": -1, "device_end": -1}}, "FFC_sans_bias42": {"write": {"device_start": -1, "host_queued_start": 1585578612.266758, "device_queued": -1, "device_end": -1, "host_queued_end": 1585578612.269925}, "device": "cpu", "nd_range": {"device_start": 2246386.4730137093, "device_end": 2246386.4743370702}, "cmdq": 1, "read": {"device_start": -1, "device_end": -1}}, "FFC_sans_bias43": {"write": {"device_start": -1, "host_queued_start": 1585578612.269421, "device_queued": -1, "device_end": -1, "host_queued_end": 1585578612.269925}, "device": "cpu", "nd_range": {"device_start": 2246386.477258192, "device_end": 2246386.479056958}, "cmdq": 2, "read": {"device_start": -1, "device_end": -1}}, "FFC_sans_bias40": {"write": {"device_start": -1, "host_queued_start": 1585578612.26327, "device_queued": -1, "device_end": -1, "host_queued_end": 1585578612.269925}, "device": "cpu", "nd_range": {"device_start": 2246386.4703074982, "device_end": 2246386.472357658}, "cmdq": 4, "read": {"device_start": -1, "device_end": -1}}, "softmax32": {"write": {"device_start": -1, "host_queued_start": 1585578612.264619, "device_queued": -1, "device_end": -1, "host_queued_end": 1585578612.269925}, "device": "cpu", "nd_range": {"device_start": 2246386.4734441154, "device_end": 2246386.473489515}, "cmdq": 4, "read": {"device_start": -1, "device_end": -1}}, "FFC_sans_bias47": {"write": {"device_start": -1, "host_queued_start": 1585578612.259728, "device_queued": -1, "device_end": -1, "host_queued_end": 1585578612.269925}, "device": "cpu", "nd_range": {"device_start": 2246386.4655385213, "device_end": 2246386.467869542}, "cmdq": 3, "read": {"device_start": -1, "device_end": -1}}, "FFC_sans_bias45": {"write": {"device_start": -1, "host_queued_start": 1585578612.258708, "device_queued": -1, "device_end": -1, "host_queued_end": 1585578612.269925}, "device": "cpu", "nd_range": {"device_start": 2246386.468730303, "device_end": 2246386.469572354}, "cmdq": 1, "read": {"device_start": -1, "device_end": -1}}, "softmax50": {"write": {"device_start": -1, "host_queued_start": 1585578612.265151, "device_queued": -1, "device_end": -1, "host_queued_end": 1585578612.269925}, "device": "cpu", "nd_range": {"device_start": 2246386.472722617, "device_end": 2246386.472785987}, "cmdq": 1, "read": {"device_start": -1, "device_end": -1}}, "FFC_sans_bias33": {"write": {"device_start": -1, "host_queued_start": 1585578612.266419, "device_queued": -1, "device_end": -1, "host_queued_end": 1585578612.269925}, "device": "cpu", "nd_range": {"device_start": 2246386.4749590643, "device_end": 2246386.476890479}, "cmdq": 0, "read": {"device_start": -1, "device_end": -1}}, "FFC_sans_bias63": {"write": {"device_start": 1585578547.0588527, "host_queued_start": 1585578612.244359, "device_queued": 1585578547.0588315, "device_end": 1585578547.0588613, "host_queued_end": 1585578612.247833}, "device": "gpu", "nd_range": {"device_start": 1585578547.0589035, "device_end": 1585578547.059132}, "cmdq": 2, "read": {"device_start": -1, "device_end": -1}}, "FFC_sans_bias49": {"write": {"device_start": -1, "host_queued_start": 1585578612.263583, "device_queued": -1, "device_end": -1, "host_queued_end": 1585578612.269925}, "device": "cpu", "nd_range": {"device_start": 2246386.470605423, "device_end": 2246386.472546915}, "cmdq": 0, "read": {"device_start": -1, "device_end": -1}}, "FFC_sans_bias64": {"write": {"device_start": 1585578547.0587764, "host_queued_start": 1585578612.243361, "device_queued": 1585578547.0587544, "device_end": 1585578547.058785, "host_queued_end": 1585578612.247833}, "device": "gpu", "nd_range": {"device_start": 1585578547.0587862, "device_end": 1585578547.0590231}, "cmdq": 0, "read": {"device_start": -1, "device_end": -1}}, "FFC_sans_bias65": {"write": {"device_start": 1585578547.0588207, "host_queued_start": 1585578612.243862, "device_queued": 1585578547.05879, "device_end": 1585578547.0588334, "host_queued_end": 1585578612.247833}, "device": "gpu", "nd_range": {"device_start": 1585578547.058892, "device_end": 1585578547.0591166}, "cmdq": 1, "read": {"device_start": -1, "device_end": -1}}, "FFC_sans_bias67": {"write": {"device_start": -1, "host_queued_start": 1585578612.24568, "device_queued": -1, "device_end": -1, "host_queued_end": 1585578612.247833}, "device": "gpu", "nd_range": {"device_start": 1585578547.05912, "device_end": 1585578547.0592475}, "cmdq": 1, "read": {"device_start": -1, "device_end": -1}}, "FFC_sans_bias24": {"write": {"device_start": -1, "host_queued_start": 1585578612.266099, "device_queued": -1, "device_end": -1, "host_queued_end": 1585578612.269925}, "device": "cpu", "nd_range": {"device_start": 2246386.473594306, "device_end": 2246386.474932467}, "cmdq": 4, "read": {"device_start": -1, "device_end": -1}}, "FFC_sans_bias25": {"write": {"device_start": -1, "host_queued_start": 1585578612.268478, "device_queued": -1, "device_end": -1, "host_queued_end": 1585578612.269925}, "device": "cpu", "nd_range": {"device_start": 2246386.477004604, "device_end": 2246386.478920755}, "cmdq": 0, "read": {"device_start": -1, "device_end": -1}}, "FFC_sans_bias27": {"write": {"device_start": -1, "host_queued_start": 1585578612.255636, "device_queued": -1, "device_end": -1, "host_queued_end": 1585578612.269925}, "device": "cpu", "nd_range": {"device_start": 2246386.461545119, "device_end": 2246386.463463889}, "cmdq": 0, "read": {"device_start": -1, "device_end": -1}}, "FFC_sans_bias20": {"write": {"device_start": -1, "host_queued_start": 1585578612.255133, "device_queued": -1, "device_end": -1, "host_queued_end": 1585578612.269925}, "device": "cpu", "nd_range": {"device_start": 2246386.461689217, "device_end": 2246386.463606898}, "cmdq": 4, "read": {"device_start": -1, "device_end": -1}}, "FFC_sans_bias22": {"write": {"device_start": -1, "host_queued_start": 1585578612.262623, "device_queued": -1, "device_end": -1, "host_queued_end": 1585578612.269925}, "device": "cpu", "nd_range": {"device_start": 2246386.470029436, "device_end": 2246386.472084129}, "cmdq": 2, "read": {"device_start": -1, "device_end": -1}}, "softmax68": {"write": {"device_start": -1, "host_queued_start": 1585578612.24612, "device_queued": -1, "device_end": -1, "host_queued_end": 1585578612.247833}, "device": "gpu", "nd_range": {"device_start": 1585578547.05927, "device_end": 1585578547.0593812}, "cmdq": 3, "read": {"device_start": -1, "device_end": -1}}, "softmax5": {"write": {"device_start": -1, "host_queued_start": 1585578612.263842, "device_queued": -1, "device_end": -1, "host_queued_end": 1585578612.269925}, "device": "cpu", "nd_range": {"device_start": 2246386.470803865, "device_end": 2246386.470861323}, "cmdq": 1, "read": {"device_start": -1, "device_end": -1}}, "FFC_sans_bias28": {"write": {"device_start": -1, "host_queued_start": 1585578612.256142, "device_queued": -1, "device_end": -1, "host_queued_end": 1585578612.269925}, "device": "cpu", "nd_range": {"device_start": 2246386.46775192, "device_end": 2246386.4687237144}, "cmdq": 1, "read": {"device_start": -1, "device_end": -1}}, "FFC_sans_bias29": {"write": {"device_start": -1, "host_queued_start": 1585578612.256657, "device_queued": -1, "device_end": -1, "host_queued_end": 1585578612.269925}, "device": "cpu", "nd_range": {"device_start": 2246386.466748741, "device_end": 2246386.468681515}, "cmdq": 2, "read": {"device_start": -1, "device_end": -1}}, "empty17": {"write": {"device_start": -1, "host_queued_start": 1585578612.248875, "device_queued": -1, "device_end": -1, "host_queued_end": 1585578612.269925}, "device": "cpu", "nd_range": {"device_start": 2246386.459520533, "device_end": 2246386.4595324383}, "cmdq": 1, "read": {"device_start": -1, "device_end": -1}}, "softmax59": {"write": {"device_start": -1, "host_queued_start": 1585578612.245896, "device_queued": -1, "device_end": -1, "host_queued_end": 1585578612.247833}, "device": "gpu", "nd_range": {"device_start": 1585578547.05921, "device_end": 1585578547.0592995}, "cmdq": 2, "read": {"device_start": -1, "device_end": -1}}, "empty71": {"write": {"device_start": 1585578547.058623, "host_queued_start": 1585578612.241171, "device_queued": 1585578547.0586047, "device_end": 1585578547.0586314, "host_queued_end": 1585578612.247833}, "device": "gpu", "nd_range": {"device_start": 1585578547.0587127, "device_end": 1585578547.058716}, "cmdq": 1, "read": {"device_start": -1, "device_end": -1}}, "empty35": {"write": {"device_start": -1, "host_queued_start": 1585578612.249727, "device_queued": -1, "device_end": -1, "host_queued_end": 1585578612.269925}, "device": "cpu", "nd_range": {"device_start": 2246386.459561169, "device_end": 2246386.4595658584}, "cmdq": 3, "read": {"device_start": -1, "device_end": -1}}, "empty53": {"write": {"device_start": -1, "host_queued_start": 1585578612.250518, "device_queued": -1, "device_end": -1, "host_queued_end": 1585578612.269925}, "device": "cpu", "nd_range": {"device_start": 2246386.459559562, "device_end": 2246386.459560879}, "cmdq": 0, "read": {"device_start": -1, "device_end": -1}}, "FFC_sans_bias46": {"write": {"device_start": -1, "host_queued_start": 1585578612.259216, "device_queued": -1, "device_end": -1, "host_queued_end": 1585578612.269925}, "device": "cpu", "nd_range": {"device_start": 2246386.468730676, "device_end": 2246386.469813046}, "cmdq": 2, "read": {"device_start": -1, "device_end": -1}}, "coalesced_transpose66": {"write": {"device_start": -1, "host_queued_start": 1585578612.245074, "device_queued": -1, "device_end": -1, "host_queued_end": 1585578612.247833}, "device": "gpu", "nd_range": {"device_start": 1585578547.0590281, "device_end": 1585578547.0590756}, "cmdq": 4, "read": {"device_start": -1, "device_end": -1}}, "coalesced_transpose48": {"write": {"device_start": -1, "host_queued_start": 1585578612.261641, "device_queued": -1, "device_end": -1, "host_queued_end": 1585578612.269925}, "device": "cpu", "nd_range": {"device_start": 2246386.470211205, "device_end": 2246386.470287801}, "cmdq": 4, "read": {"device_start": -1, "device_end": -1}}}