{"FFC_sans_bias60": {"write": {"device_start": -1, "host_queued_start": 1585578234.484356, "device_queued": -1, "device_end": -1, "host_queued_end": 1585578234.488821}, "device": "gpu", "nd_range": {"device_start": 1585578169.3139944, "device_end": 1585578169.314127}, "cmdq": 0, "read": {"device_start": -1, "device_end": -1}}, "FFC_sans_bias4": {"write": {"device_start": -1, "host_queued_start": 1585578234.478305, "device_queued": -1, "device_end": -1, "host_queued_end": 1585578234.488821}, "device": "gpu", "nd_range": {"device_start": 1585578169.3127697, "device_end": 1585578169.3128777}, "cmdq": 0, "read": {"device_start": -1, "device_end": -1}}, "FFC_sans_bias7": {"write": {"device_start": 1585578169.3141296, "host_queued_start": 1585578234.485127, "device_queued": 1585578169.31283, "device_end": 1585578169.314138, "host_queued_end": 1585578234.488821}, "device": "gpu", "nd_range": {"device_start": 1585578169.3141391, "device_end": 1585578169.314279}, "cmdq": 0, "read": {"device_start": 1585578169.314286, "device_end": 1585578169.3142948}}, "FFC_sans_bias6": {"write": {"device_start": -1, "host_queued_start": 1585578234.482533, "device_queued": -1, "device_end": -1, "host_queued_end": 1585578234.488821}, "device": "gpu", "nd_range": {"device_start": 1585578169.313599, "device_end": 1585578169.3137066}, "cmdq": 0, "read": {"device_start": -1, "device_end": -1}}, "FFC_sans_bias1": {"write": {"device_start": 1585578169.3110945, "host_queued_start": 1585578234.464599, "device_queued": 1585578169.3110726, "device_end": 1585578169.3111033, "host_queued_end": 1585578234.488821}, "device": "gpu", "nd_range": {"device_start": 1585578169.311106, "device_end": 1585578169.3112364}, "cmdq": 1, "read": {"device_start": -1, "device_end": -1}}, "FFC_sans_bias0": {"write": {"device_start": 1585578169.3110523, "host_queued_start": 1585578234.464091, "device_queued": 1585578169.311023, "device_end": 1585578169.311061, "host_queued_end": 1585578234.488821}, "device": "gpu", "nd_range": {"device_start": 1585578169.3110623, "device_end": 1585578169.3111734}, "cmdq": 0, "read": {"device_start": -1, "device_end": -1}}, "FFC_sans_bias2": {"write": {"device_start": 1585578169.3111753, "host_queued_start": 1585578234.465105, "device_queued": 1585578169.3111129, "device_end": 1585578169.311184, "host_queued_end": 1585578234.488821}, "device": "gpu", "nd_range": {"device_start": 1585578169.311185, "device_end": 1585578169.3112977}, "cmdq": 0, "read": {"device_start": -1, "device_end": -1}}, "FFC_sans_bias61": {"write": {"device_start": 1585578169.3148913, "host_queued_start": 1585578234.488195, "device_queued": 1585578169.3132827, "device_end": 1585578169.3149035, "host_queued_end": 1585578234.488821}, "device": "gpu", "nd_range": {"device_start": 1585578169.3149056, "device_end": 1585578169.315018}, "cmdq": 0, "read": {"device_start": 1585578169.3150237, "device_end": 1585578169.3150306}}, "FFC_sans_bias52": {"write": {"device_start": 1585578169.3146868, "host_queued_start": 1585578234.487665, "device_queued": 1585578169.313214, "device_end": 1585578169.3146956, "host_queued_end": 1585578234.488821}, "device": "gpu", "nd_range": {"device_start": 1585578169.3146968, "device_end": 1585578169.3148348}, "cmdq": 1, "read": {"device_start": 1585578169.314838, "device_end": 1585578169.3148558}}, "FFC_sans_bias9": {"write": {"device_start": 1585578169.311238, "host_queued_start": 1585578234.465717, "device_queued": 1585578169.3111513, "device_end": 1585578169.3112466, "host_queued_end": 1585578234.488821}, "device": "gpu", "nd_range": {"device_start": 1585578169.3112478, "device_end": 1585578169.3113856}, "cmdq": 1, "read": {"device_start": -1, "device_end": -1}}, "coalesced_transpose39": {"write": {"device_start": -1, "host_queued_start": 1585578234.477192, "device_queued": -1, "device_end": -1, "host_queued_end": 1585578234.488821}, "device": "gpu", "nd_range": {"device_start": 1585578169.3127503, "device_end": 1585578169.312758}, "cmdq": 0, "read": {"device_start": -1, "device_end": -1}}, "FFC_sans_bias55": {"write": {"device_start": 1585578169.312439, "host_queued_start": 1585578234.474233, "device_queued": 1585578169.3120923, "device_end": 1585578169.3124478, "host_queued_end": 1585578234.488821}, "device": "gpu", "nd_range": {"device_start": 1585578169.312449, "device_end": 1585578169.3125672}, "cmdq": 0, "read": {"device_start": -1, "device_end": -1}}, "FFC_sans_bias54": {"write": {"device_start": 1585578169.3123672, "host_queued_start": 1585578234.473741, "device_queued": 1585578169.3119714, "device_end": 1585578169.3123755, "host_queued_end": 1585578234.488821}, "device": "gpu", "nd_range": {"device_start": 1585578169.3123767, "device_end": 1585578169.31251}, "cmdq": 1, "read": {"device_start": -1, "device_end": -1}}, "FFC_sans_bias56": {"write": {"device_start": 1585578169.312293, "host_queued_start": 1585578234.47325, "device_queued": 1585578169.3119338, "device_end": 1585578169.3123014, "host_queued_end": 1585578234.488821}, "device": "gpu", "nd_range": {"device_start": 1585578169.3123026, "device_end": 1585578169.3124368}, "cmdq": 0, "read": {"device_start": -1, "device_end": -1}}, "FFC_sans_bias51": {"write": {"device_start": -1, "host_queued_start": 1585578234.484063, "device_queued": -1, "device_end": -1, "host_queued_end": 1585578234.488821}, "device": "gpu", "nd_range": {"device_start": 1585578169.313919, "device_end": 1585578169.3140814}, "cmdq": 1, "read": {"device_start": -1, "device_end": -1}}, "softmax23": {"write": {"device_start": -1, "host_queued_start": 1585578234.481133, "device_queued": -1, "device_end": -1, "host_queued_end": 1585578234.488821}, "device": "gpu", "nd_range": {"device_start": 1585578169.3133726, "device_end": 1585578169.3134468}, "cmdq": 0, "read": {"device_start": -1, "device_end": -1}}, "FFC_sans_bias37": {"write": {"device_start": 1585578169.3119528, "host_queued_start": 1585578234.470772, "device_queued": 1585578169.3117297, "device_end": 1585578169.3119614, "host_queued_end": 1585578234.488821}, "device": "gpu", "nd_range": {"device_start": 1585578169.3119624, "device_end": 1585578169.3120706}, "cmdq": 1, "read": {"device_start": -1, "device_end": -1}}, "empty62": {"write": {"device_start": 1585578169.310975, "host_queued_start": 1585578234.4632, "device_queued": 1585578169.3109536, "device_end": 1585578169.3109834, "host_queued_end": 1585578234.488821}, "device": "gpu", "nd_range": {"device_start": 1585578169.3109846, "device_end": 1585578169.310988}, "cmdq": 0, "read": {"device_start": -1, "device_end": -1}}, "FFC_sans_bias70": {"write": {"device_start": 1585578169.314919, "host_queued_start": 1585578234.488716, "device_queued": 1585578169.3133295, "device_end": 1585578169.3149278, "host_queued_end": 1585578234.488821}, "device": "gpu", "nd_range": {"device_start": 1585578169.3149288, "device_end": 1585578169.3150666}, "cmdq": 1, "read": {"device_start": 1585578169.3150704, "device_end": 1585578169.3150835}}, "FFC_sans_bias58": {"write": {"device_start": -1, "host_queued_start": 1585578234.48011, "device_queued": -1, "device_end": -1, "host_queued_end": 1585578234.488821}, "device": "gpu", "nd_range": {"device_start": 1585578169.313138, "device_end": 1585578169.3132865}, "cmdq": 0, "read": {"device_start": -1, "device_end": -1}}, "softmax41": {"write": {"device_start": -1, "host_queued_start": 1585578234.481573, "device_queued": -1, "device_end": -1, "host_queued_end": 1585578234.488821}, "device": "gpu", "nd_range": {"device_start": 1585578169.313449, "device_end": 1585578169.3135192}, "cmdq": 0, "read": {"device_start": -1, "device_end": -1}}, "FFC_sans_bias11": {"write": {"device_start": 1585578169.3113904, "host_queued_start": 1585578234.466774, "device_queued": 1585578169.311345, "device_end": 1585578169.3113997, "host_queued_end": 1585578234.488821}, "device": "gpu", "nd_range": {"device_start": 1585578169.3114011, "device_end": 1585578169.3115475}, "cmdq": 1, "read": {"device_start": -1, "device_end": -1}}, "FFC_sans_bias10": {"write": {"device_start": 1585578169.3113234, "host_queued_start": 1585578234.466213, "device_queued": 1585578169.3113005, "device_end": 1585578169.311332, "host_queued_end": 1585578234.488821}, "device": "gpu", "nd_range": {"device_start": 1585578169.3113363, "device_end": 1585578169.31145}, "cmdq": 0, "read": {"device_start": -1, "device_end": -1}}, "coalesced_transpose3": {"write": {"device_start": -1, "host_queued_start": 1585578234.476072, "device_queued": -1, "device_end": -1, "host_queued_end": 1585578234.488821}, "device": "gpu", "nd_range": {"device_start": 1585578169.3127253, "device_end": 1585578169.3127377}, "cmdq": 0, "read": {"device_start": -1, "device_end": -1}}, "FFC_sans_bias34": {"write": {"device_start": 1585578169.3144472, "host_queued_start": 1585578234.48666, "device_queued": 1585578169.3129897, "device_end": 1585578169.3144557, "host_queued_end": 1585578234.488821}, "device": "gpu", "nd_range": {"device_start": 1585578169.314457, "device_end": 1585578169.3145936}, "cmdq": 1, "read": {"device_start": 1585578169.3146088, "device_end": 1585578169.314625}}, "FFC_sans_bias15": {"write": {"device_start": -1, "host_queued_start": 1585578234.482908, "device_queued": -1, "device_end": -1, "host_queued_end": 1585578234.488821}, "device": "gpu", "nd_range": {"device_start": 1585578169.3136837, "device_end": 1585578169.3137934}, "cmdq": 1, "read": {"device_start": -1, "device_end": -1}}, "FFC_sans_bias31": {"write": {"device_start": -1, "host_queued_start": 1585578234.479215, "device_queued": -1, "device_end": -1, "host_queued_end": 1585578234.488821}, "device": "gpu", "nd_range": {"device_start": 1585578169.3129432, "device_end": 1585578169.313087}, "cmdq": 1, "read": {"device_start": -1, "device_end": -1}}, "FFC_sans_bias16": {"write": {"device_start": 1585578169.3141959, "host_queued_start": 1585578234.48564, "device_queued": 1585578169.3128643, "device_end": 1585578169.3142042, "host_queued_end": 1585578234.488821}, "device": "gpu", "nd_range": {"device_start": 1585578169.3142056, "device_end": 1585578169.3143468}, "cmdq": 1, "read": {"device_start": 1585578169.314352, "device_end": 1585578169.3143625}}, "FFC_sans_bias19": {"write": {"device_start": 1585578169.3115501, "host_queued_start": 1585578234.467763, "device_queued": 1585578169.311423, "device_end": 1585578169.3115585, "host_queued_end": 1585578234.488821}, "device": "gpu", "nd_range": {"device_start": 1585578169.3115597, "device_end": 1585578169.3116682}, "cmdq": 1, "read": {"device_start": -1, "device_end": -1}}, "FFC_sans_bias18": {"write": {"device_start": 1585578169.311452, "host_queued_start": 1585578234.467266, "device_queued": 1585578169.3113844, "device_end": 1585578169.3114607, "host_queued_end": 1585578234.488821}, "device": "gpu", "nd_range": {"device_start": 1585578169.311462, "device_end": 1585578169.3116012}, "cmdq": 0, "read": {"device_start": -1, "device_end": -1}}, "coalesced_transpose30": {"write": {"device_start": -1, "host_queued_start": 1585578234.476907, "device_queued": -1, "device_end": -1, "host_queued_end": 1585578234.488821}, "device": "gpu", "nd_range": {"device_start": 1585578169.3127644, "device_end": 1585578169.3127735}, "cmdq": 1, "read": {"device_start": -1, "device_end": -1}}, "FFC_sans_bias69": {"write": {"device_start": -1, "host_queued_start": 1585578234.484647, "device_queued": -1, "device_end": -1, "host_queued_end": 1585578234.488821}, "device": "gpu", "nd_range": {"device_start": 1585578169.3140826, "device_end": 1585578169.3141937}, "cmdq": 1, "read": {"device_start": -1, "device_end": -1}}, "FFC_sans_bias38": {"write": {"device_start": 1585578169.3120444, "host_queued_start": 1585578234.471273, "device_queued": 1585578169.3117635, "device_end": 1585578169.3120527, "host_queued_end": 1585578234.488821}, "device": "gpu", "nd_range": {"device_start": 1585578169.3120542, "device_end": 1585578169.3121634}, "cmdq": 0, "read": {"device_start": -1, "device_end": -1}}, "coalesced_transpose57": {"write": {"device_start": -1, "host_queued_start": 1585578234.477739, "device_queued": -1, "device_end": -1, "host_queued_end": 1585578234.488821}, "device": "gpu", "nd_range": {"device_start": 1585578169.3127594, "device_end": 1585578169.3127687}, "cmdq": 0, "read": {"device_start": -1, "device_end": -1}}, "empty26": {"write": {"device_start": 1585578169.3108256, "host_queued_start": 1585578234.461647, "device_queued": 1585578169.3108037, "device_end": 1585578169.3108342, "host_queued_end": 1585578234.488821}, "device": "gpu", "nd_range": {"device_start": 1585578169.3108354, "device_end": 1585578169.3108387}, "cmdq": 0, "read": {"device_start": -1, "device_end": -1}}, "coalesced_transpose12": {"write": {"device_start": -1, "host_queued_start": 1585578234.476356, "device_queued": -1, "device_end": -1, "host_queued_end": 1585578234.488821}, "device": "gpu", "nd_range": {"device_start": 1585578169.312755, "device_end": 1585578169.3127635}, "cmdq": 1, "read": {"device_start": -1, "device_end": -1}}, "empty44": {"write": {"device_start": 1585578169.3109097, "host_queued_start": 1585578234.462392, "device_queued": 1585578169.310888, "device_end": 1585578169.3109186, "host_queued_end": 1585578234.488821}, "device": "gpu", "nd_range": {"device_start": 1585578169.3109195, "device_end": 1585578169.3109229}, "cmdq": 0, "read": {"device_start": -1, "device_end": -1}}, "coalesced_transpose21": {"write": {"device_start": -1, "host_queued_start": 1585578234.476632, "device_queued": -1, "device_end": -1, "host_queued_end": 1585578234.488821}, "device": "gpu", "nd_range": {"device_start": 1585578169.3127391, "device_end": 1585578169.3127491}, "cmdq": 0, "read": {"device_start": -1, "device_end": -1}}, "FFC_sans_bias36": {"write": {"device_start": 1585578169.3118732, "host_queued_start": 1585578234.470251, "device_queued": 1585578169.3116906, "device_end": 1585578169.3118875, "host_queued_end": 1585578234.488821}, "device": "gpu", "nd_range": {"device_start": 1585578169.3118885, "device_end": 1585578169.3120422}, "cmdq": 0, "read": {"device_start": -1, "device_end": -1}}, "softmax14": {"write": {"device_start": -1, "host_queued_start": 1585578234.480882, "device_queued": -1, "device_end": -1, "host_queued_end": 1585578234.488821}, "device": "gpu", "nd_range": {"device_start": 1585578169.3133461, "device_end": 1585578169.3134224}, "cmdq": 1, "read": {"device_start": -1, "device_end": -1}}, "FFC_sans_bias13": {"write": {"device_start": -1, "host_queued_start": 1585578234.47864, "device_queued": -1, "device_end": -1, "host_queued_end": 1585578234.488821}, "device": "gpu", "nd_range": {"device_start": 1585578169.3128114, "device_end": 1585578169.3129416}, "cmdq": 1, "read": {"device_start": -1, "device_end": -1}}, "empty8": {"write": {"device_start": 1585578169.310698, "host_queued_start": 1585578234.460645, "device_queued": 1585578169.3106658, "device_end": 1585578169.3107069, "host_queued_end": 1585578234.488821}, "device": "gpu", "nd_range": {"device_start": 1585578169.3107321, "device_end": 1585578169.3107445}, "cmdq": 0, "read": {"device_start": -1, "device_end": -1}}, "FFC_sans_bias42": {"write": {"device_start": -1, "host_queued_start": 1585578234.483781, "device_queued": -1, "device_end": -1, "host_queued_end": 1585578234.488821}, "device": "gpu", "nd_range": {"device_start": 1585578169.3138819, "device_end": 1585578169.313993}, "cmdq": 0, "read": {"device_start": -1, "device_end": -1}}, "FFC_sans_bias43": {"write": {"device_start": 1585578169.3146536, "host_queued_start": 1585578234.487158, "device_queued": 1585578169.3131733, "device_end": 1585578169.3146646, "host_queued_end": 1585578234.488821}, "device": "gpu", "nd_range": {"device_start": 1585578169.3146658, "device_end": 1585578169.3147786}, "cmdq": 0, "read": {"device_start": 1585578169.3147824, "device_end": 1585578169.3147917}}, "FFC_sans_bias40": {"write": {"device_start": -1, "host_queued_start": 1585578234.479507, "device_queued": -1, "device_end": -1, "host_queued_end": 1585578234.488821}, "device": "gpu", "nd_range": {"device_start": 1585578169.313014, "device_end": 1585578169.3131359}, "cmdq": 0, "read": {"device_start": -1, "device_end": -1}}, "softmax32": {"write": {"device_start": -1, "host_queued_start": 1585578234.481361, "device_queued": -1, "device_end": -1, "host_queued_end": 1585578234.488821}, "device": "gpu", "nd_range": {"device_start": 1585578169.3134239, "device_end": 1585578169.313498}, "cmdq": 1, "read": {"device_start": -1, "device_end": -1}}, "FFC_sans_bias47": {"write": {"device_start": 1585578169.3122413, "host_queued_start": 1585578234.472757, "device_queued": 1585578169.3118894, "device_end": 1585578169.31225, "host_queued_end": 1585578234.488821}, "device": "gpu", "nd_range": {"device_start": 1585578169.312251, "device_end": 1585578169.3123648}, "cmdq": 1, "read": {"device_start": -1, "device_end": -1}}, "FFC_sans_bias45": {"write": {"device_start": 1585578169.3120725, "host_queued_start": 1585578234.471766, "device_queued": 1585578169.3117988, "device_end": 1585578169.312081, "host_queued_end": 1585578234.488821}, "device": "gpu", "nd_range": {"device_start": 1585578169.3120823, "device_end": 1585578169.312239}, "cmdq": 1, "read": {"device_start": -1, "device_end": -1}}, "softmax50": {"write": {"device_start": -1, "host_queued_start": 1585578234.481799, "device_queued": -1, "device_end": -1, "host_queued_end": 1585578234.488821}, "device": "gpu", "nd_range": {"device_start": 1585578169.3135, "device_end": 1585578169.3135722}, "cmdq": 1, "read": {"device_start": -1, "device_end": -1}}, "FFC_sans_bias33": {"write": {"device_start": -1, "host_queued_start": 1585578234.483492, "device_queued": -1, "device_end": -1, "host_queued_end": 1585578234.488821}, "device": "gpu", "nd_range": {"device_start": 1585578169.3137956, "device_end": 1585578169.3139179}, "cmdq": 1, "read": {"device_start": -1, "device_end": -1}}, "FFC_sans_bias63": {"write": {"device_start": 1585578169.3126318, "host_queued_start": 1585578234.475767, "device_queued": 1585578169.3122053, "device_end": 1585578169.3126404, "host_queued_end": 1585578234.488821}, "device": "gpu", "nd_range": {"device_start": 1585578169.3126414, "device_end": 1585578169.3127534}, "cmdq": 1, "read": {"device_start": -1, "device_end": -1}}, "FFC_sans_bias49": {"write": {"device_start": -1, "host_queued_start": 1585578234.479821, "device_queued": -1, "device_end": -1, "host_queued_end": 1585578234.488821}, "device": "gpu", "nd_range": {"device_start": 1585578169.3130891, "device_end": 1585578169.3132148}, "cmdq": 1, "read": {"device_start": -1, "device_end": -1}}, "FFC_sans_bias64": {"write": {"device_start": 1585578169.3125122, "host_queued_start": 1585578234.474778, "device_queued": 1585578169.3121316, "device_end": 1585578169.3125207, "host_queued_end": 1585578234.488821}, "device": "gpu", "nd_range": {"device_start": 1585578169.312522, "device_end": 1585578169.3126297}, "cmdq": 1, "read": {"device_start": -1, "device_end": -1}}, "FFC_sans_bias65": {"write": {"device_start": 1585578169.3125691, "host_queued_start": 1585578234.475277, "device_queued": 1585578169.312168, "device_end": 1585578169.312578, "host_queued_end": 1585578234.488821}, "device": "gpu", "nd_range": {"device_start": 1585578169.312579, "device_end": 1585578169.3127236}, "cmdq": 0, "read": {"device_start": -1, "device_end": -1}}, "FFC_sans_bias67": {"write": {"device_start": -1, "host_queued_start": 1585578234.480422, "device_queued": -1, "device_end": -1, "host_queued_end": 1585578234.488821}, "device": "gpu", "nd_range": {"device_start": 1585578169.3132172, "device_end": 1585578169.313344}, "cmdq": 1, "read": {"device_start": -1, "device_end": -1}}, "FFC_sans_bias24": {"write": {"device_start": -1, "host_queued_start": 1585578234.483197, "device_queued": -1, "device_end": -1, "host_queued_end": 1585578234.488821}, "device": "gpu", "nd_range": {"device_start": 1585578169.3137085, "device_end": 1585578169.3138797}, "cmdq": 0, "read": {"device_start": -1, "device_end": -1}}, "FFC_sans_bias25": {"write": {"device_start": 1585578169.3144147, "host_queued_start": 1585578234.486134, "device_queued": 1585578169.3129427, "device_end": 1585578169.3144283, "host_queued_end": 1585578234.488821}, "device": "gpu", "nd_range": {"device_start": 1585578169.3144352, "device_end": 1585578169.3145437}, "cmdq": 0, "read": {"device_start": 1585578169.3145475, "device_end": 1585578169.3145566}}, "FFC_sans_bias27": {"write": {"device_start": 1585578169.31167, "host_queued_start": 1585578234.468769, "device_queued": 1585578169.3114934, "device_end": 1585578169.311679, "host_queued_end": 1585578234.488821}, "device": "gpu", "nd_range": {"device_start": 1585578169.3116798, "device_end": 1585578169.3118212}, "cmdq": 1, "read": {"device_start": -1, "device_end": -1}}, "FFC_sans_bias20": {"write": {"device_start": 1585578169.3116033, "host_queued_start": 1585578234.46827, "device_queued": 1585578169.3114583, "device_end": 1585578169.311612, "host_queued_end": 1585578234.488821}, "device": "gpu", "nd_range": {"device_start": 1585578169.311613, "device_end": 1585578169.3117507}, "cmdq": 0, "read": {"device_start": -1, "device_end": -1}}, "FFC_sans_bias22": {"write": {"device_start": -1, "host_queued_start": 1585578234.478932, "device_queued": -1, "device_end": -1, "host_queued_end": 1585578234.488821}, "device": "gpu", "nd_range": {"device_start": 1585578169.3128812, "device_end": 1585578169.3130124}, "cmdq": 0, "read": {"device_start": -1, "device_end": -1}}, "softmax68": {"write": {"device_start": -1, "host_queued_start": 1585578234.482237, "device_queued": -1, "device_end": -1, "host_queued_end": 1585578234.488821}, "device": "gpu", "nd_range": {"device_start": 1585578169.3135743, "device_end": 1585578169.3136816}, "cmdq": 1, "read": {"device_start": -1, "device_end": -1}}, "softmax5": {"write": {"device_start": -1, "host_queued_start": 1585578234.480666, "device_queued": -1, "device_end": -1, "host_queued_end": 1585578234.488821}, "device": "gpu", "nd_range": {"device_start": 1585578169.3132904, "device_end": 1585578169.3133702}, "cmdq": 0, "read": {"device_start": -1, "device_end": -1}}, "FFC_sans_bias28": {"write": {"device_start": 1585578169.311753, "host_queued_start": 1585578234.469257, "device_queued": 1585578169.3115296, "device_end": 1585578169.3117616, "host_queued_end": 1585578234.488821}, "device": "gpu", "nd_range": {"device_start": 1585578169.3117628, "device_end": 1585578169.3118708}, "cmdq": 0, "read": {"device_start": -1, "device_end": -1}}, "FFC_sans_bias29": {"write": {"device_start": 1585578169.3118234, "host_queued_start": 1585578234.469751, "device_queued": 1585578169.3115666, "device_end": 1585578169.3118322, "host_queued_end": 1585578234.488821}, "device": "gpu", "nd_range": {"device_start": 1585578169.3118331, "device_end": 1585578169.3119504}, "cmdq": 1, "read": {"device_start": -1, "device_end": -1}}, "empty17": {"write": {"device_start": 1585578169.310789, "host_queued_start": 1585578234.461242, "device_queued": 1585578169.3107493, "device_end": 1585578169.310798, "host_queued_end": 1585578234.488821}, "device": "gpu", "nd_range": {"device_start": 1585578169.3107991, "device_end": 1585578169.3108025}, "cmdq": 1, "read": {"device_start": -1, "device_end": -1}}, "softmax59": {"write": {"device_start": -1, "host_queued_start": 1585578234.482027, "device_queued": -1, "device_end": -1, "host_queued_end": 1585578234.488821}, "device": "gpu", "nd_range": {"device_start": 1585578169.3135211, "device_end": 1585578169.3135967}, "cmdq": 0, "read": {"device_start": -1, "device_end": -1}}, "empty71": {"write": {"device_start": 1585578169.3110101, "host_queued_start": 1585578234.46357, "device_queued": 1585578169.310986, "device_end": 1585578169.311019, "host_queued_end": 1585578234.488821}, "device": "gpu", "nd_range": {"device_start": 1585578169.31102, "device_end": 1585578169.3110235}, "cmdq": 1, "read": {"device_start": -1, "device_end": -1}}, "empty35": {"write": {"device_start": 1585578169.3108582, "host_queued_start": 1585578234.46202, "device_queued": 1585578169.310836, "device_end": 1585578169.310867, "host_queued_end": 1585578234.488821}, "device": "gpu", "nd_range": {"device_start": 1585578169.310868, "device_end": 1585578169.310882}, "cmdq": 1, "read": {"device_start": -1, "device_end": -1}}, "empty53": {"write": {"device_start": 1585578169.310942, "host_queued_start": 1585578234.462824, "device_queued": 1585578169.3109207, "device_end": 1585578169.3109508, "host_queued_end": 1585578234.488821}, "device": "gpu", "nd_range": {"device_start": 1585578169.3109517, "device_end": 1585578169.310955}, "cmdq": 1, "read": {"device_start": -1, "device_end": -1}}, "FFC_sans_bias46": {"write": {"device_start": 1585578169.3121657, "host_queued_start": 1585578234.472254, "device_queued": 1585578169.3118331, "device_end": 1585578169.312179, "host_queued_end": 1585578234.488821}, "device": "gpu", "nd_range": {"device_start": 1585578169.3121803, "device_end": 1585578169.3122904}, "cmdq": 0, "read": {"device_start": -1, "device_end": -1}}, "coalesced_transpose66": {"write": {"device_start": -1, "host_queued_start": 1585578234.478019, "device_queued": -1, "device_end": -1, "host_queued_end": 1585578234.488821}, "device": "gpu", "nd_range": {"device_start": 1585578169.3127923, "device_end": 1585578169.3128102}, "cmdq": 1, "read": {"device_start": -1, "device_end": -1}}, "coalesced_transpose48": {"write": {"device_start": -1, "host_queued_start": 1585578234.477456, "device_queued": -1, "device_end": -1, "host_queued_end": 1585578234.488821}, "device": "gpu", "nd_range": {"device_start": 1585578169.3127744, "device_end": 1585578169.312791}, "cmdq": 1, "read": {"device_start": -1, "device_end": -1}}}