{"FFC_sans_bias60": {"write": {"device_start": -1, "host_queued_start": 1585578079.001206, "device_queued": -1, "device_end": -1, "host_queued_end": 1585578079.004279}, "device": "gpu", "nd_range": {"device_start": 1585578013.8330436, "device_end": 1585578013.8331482}, "cmdq": 0, "read": {"device_start": -1, "device_end": -1}}, "FFC_sans_bias4": {"write": {"device_start": -1, "host_queued_start": 1585578079.018115, "device_queued": -1, "device_end": -1, "host_queued_end": 1585578079.025476}, "device": "cpu", "nd_range": {"device_start": 2245853.223258209, "device_end": 2245853.2248315243}, "cmdq": 1, "read": {"device_start": -1, "device_end": -1}}, "FFC_sans_bias7": {"write": {"device_start": -1, "host_queued_start": 1585578079.023348, "device_queued": -1, "device_end": -1, "host_queued_end": 1585578079.025476}, "device": "cpu", "nd_range": {"device_start": 2245853.230224951, "device_end": 2245853.231311396}, "cmdq": 1, "read": {"device_start": -1, "device_end": -1}}, "FFC_sans_bias6": {"write": {"device_start": -1, "host_queued_start": 1585578079.021245, "device_queued": -1, "device_end": -1, "host_queued_end": 1585578079.025476}, "device": "cpu", "nd_range": {"device_start": 2245853.226095947, "device_end": 2245853.22820643}, "cmdq": 2, "read": {"device_start": -1, "device_end": -1}}, "FFC_sans_bias1": {"write": {"device_start": -1, "host_queued_start": 1585578079.00877, "device_queued": -1, "device_end": -1, "host_queued_end": 1585578079.025476}, "device": "cpu", "nd_range": {"device_start": 2245853.215124905, "device_end": 2245853.2166113183}, "cmdq": 0, "read": {"device_start": -1, "device_end": -1}}, "FFC_sans_bias0": {"write": {"device_start": -1, "host_queued_start": 1585578079.008222, "device_queued": -1, "device_end": -1, "host_queued_end": 1585578079.025476}, "device": "cpu", "nd_range": {"device_start": 2245853.215142774, "device_end": 2245853.216422175}, "cmdq": 2, "read": {"device_start": -1, "device_end": -1}}, "FFC_sans_bias2": {"write": {"device_start": -1, "host_queued_start": 1585578079.009328, "device_queued": -1, "device_end": -1, "host_queued_end": 1585578079.025476}, "device": "cpu", "nd_range": {"device_start": 2245853.2151240744, "device_end": 2245853.217119845}, "cmdq": 1, "read": {"device_start": -1, "device_end": -1}}, "FFC_sans_bias61": {"write": {"device_start": 1585578013.8336208, "host_queued_start": 1585578079.003356, "device_queued": 1585578013.8325946, "device_end": 1585578013.8336296, "host_queued_end": 1585578079.004279}, "device": "gpu", "nd_range": {"device_start": 1585578013.8336306, "device_end": 1585578013.8337374}, "cmdq": 0, "read": {"device_start": 1585578013.8337386, "device_end": 1585578013.8337471}}, "FFC_sans_bias52": {"write": {"device_start": 1585578013.833258, "host_queued_start": 1585578079.002307, "device_queued": 1585578013.832528, "device_end": 1585578013.8332665, "host_queued_end": 1585578079.004279}, "device": "gpu", "nd_range": {"device_start": 1585578013.8332675, "device_end": 1585578013.8334684}, "cmdq": 0, "read": {"device_start": 1585578013.8334758, "device_end": 1585578013.8334832}}, "FFC_sans_bias9": {"write": {"device_start": -1, "host_queued_start": 1585578079.009878, "device_queued": -1, "device_end": -1, "host_queued_end": 1585578079.025476}, "device": "cpu", "nd_range": {"device_start": 2245853.216430773, "device_end": 2245853.218356368}, "cmdq": 2, "read": {"device_start": -1, "device_end": -1}}, "coalesced_transpose39": {"write": {"device_start": -1, "host_queued_start": 1585578079.017784, "device_queued": -1, "device_end": -1, "host_queued_end": 1585578079.025476}, "device": "cpu", "nd_range": {"device_start": 2245853.2229195572, "device_end": 2245853.2234650194}, "cmdq": 0, "read": {"device_start": -1, "device_end": -1}}, "FFC_sans_bias55": {"write": {"device_start": 1585578013.8318539, "host_queued_start": 1585578078.996539, "device_queued": 1585578013.8315125, "device_end": 1585578013.8318691, "host_queued_end": 1585578079.004279}, "device": "gpu", "nd_range": {"device_start": 1585578013.8318703, "device_end": 1585578013.8319767}, "cmdq": 0, "read": {"device_start": -1, "device_end": -1}}, "FFC_sans_bias54": {"write": {"device_start": 1585578013.831725, "host_queued_start": 1585578078.996048, "device_queued": 1585578013.8314447, "device_end": 1585578013.831746, "host_queued_end": 1585578079.004279}, "device": "gpu", "nd_range": {"device_start": 1585578013.831747, "device_end": 1585578013.8318522}, "cmdq": 0, "read": {"device_start": -1, "device_end": -1}}, "FFC_sans_bias56": {"write": {"device_start": 1585578013.8315973, "host_queued_start": 1585578078.995554, "device_queued": 1585578013.8313801, "device_end": 1585578013.8316138, "host_queued_end": 1585578079.004279}, "device": "gpu", "nd_range": {"device_start": 1585578013.831615, "device_end": 1585578013.8317225}, "cmdq": 0, "read": {"device_start": -1, "device_end": -1}}, "FFC_sans_bias51": {"write": {"device_start": -1, "host_queued_start": 1585578079.000903, "device_queued": -1, "device_end": -1, "host_queued_end": 1585578079.004279}, "device": "gpu", "nd_range": {"device_start": 1585578013.8329372, "device_end": 1585578013.8330426}, "cmdq": 0, "read": {"device_start": -1, "device_end": -1}}, "softmax23": {"write": {"device_start": -1, "host_queued_start": 1585578079.020284, "device_queued": -1, "device_end": -1, "host_queued_end": 1585578079.025476}, "device": "cpu", "nd_range": {"device_start": 2245853.22603096, "device_end": 2245853.226082359}, "cmdq": 2, "read": {"device_start": -1, "device_end": -1}}, "FFC_sans_bias37": {"write": {"device_start": -1, "host_queued_start": 1585578079.015443, "device_queued": -1, "device_end": -1, "host_queued_end": 1585578079.025476}, "device": "cpu", "nd_range": {"device_start": 2245853.22177708, "device_end": 2245853.2227379563}, "cmdq": 0, "read": {"device_start": -1, "device_end": -1}}, "empty62": {"write": {"device_start": 1585578013.831079, "host_queued_start": 1585578078.993128, "device_queued": 1585578013.831033, "device_end": 1585578013.8310966, "host_queued_end": 1585578079.004279}, "device": "gpu", "nd_range": {"device_start": 1585578013.8310978, "device_end": 1585578013.8311026}, "cmdq": 0, "read": {"device_start": -1, "device_end": -1}}, "FFC_sans_bias70": {"write": {"device_start": 1585578013.8338952, "host_queued_start": 1585578079.004169, "device_queued": 1585578013.8326654, "device_end": 1585578013.833904, "host_queued_end": 1585578079.004279}, "device": "gpu", "nd_range": {"device_start": 1585578013.833905, "device_end": 1585578013.8340116}, "cmdq": 0, "read": {"device_start": 1585578013.834017, "device_end": 1585578013.8340237}}, "FFC_sans_bias58": {"write": {"device_start": -1, "host_queued_start": 1585578078.999633, "device_queued": -1, "device_end": -1, "host_queued_end": 1585578079.004279}, "device": "gpu", "nd_range": {"device_start": 1585578013.832492, "device_end": 1585578013.8325982}, "cmdq": 0, "read": {"device_start": -1, "device_end": -1}}, "softmax41": {"write": {"device_start": -1, "host_queued_start": 1585578079.020839, "device_queued": -1, "device_end": -1, "host_queued_end": 1585578079.025476}, "device": "cpu", "nd_range": {"device_start": 2245853.226980577, "device_end": 2245853.2270510183}, "cmdq": 1, "read": {"device_start": -1, "device_end": -1}}, "FFC_sans_bias11": {"write": {"device_start": -1, "host_queued_start": 1585578079.011004, "device_queued": -1, "device_end": -1, "host_queued_end": 1585578079.025476}, "device": "cpu", "nd_range": {"device_start": 2245853.2171267383, "device_end": 2245853.218329862}, "cmdq": 1, "read": {"device_start": -1, "device_end": -1}}, "FFC_sans_bias10": {"write": {"device_start": -1, "host_queued_start": 1585578079.010416, "device_queued": -1, "device_end": -1, "host_queued_end": 1585578079.025476}, "device": "cpu", "nd_range": {"device_start": 2245853.216617538, "device_end": 2245853.217576932}, "cmdq": 0, "read": {"device_start": -1, "device_end": -1}}, "coalesced_transpose3": {"write": {"device_start": -1, "host_queued_start": 1585578079.016356, "device_queued": -1, "device_end": -1, "host_queued_end": 1585578079.025476}, "device": "cpu", "nd_range": {"device_start": 2245853.22299483, "device_end": 2245853.223050231}, "cmdq": 2, "read": {"device_start": -1, "device_end": -1}}, "FFC_sans_bias34": {"write": {"device_start": -1, "host_queued_start": 1585578079.024907, "device_queued": -1, "device_end": -1, "host_queued_end": 1585578079.025476}, "device": "cpu", "nd_range": {"device_start": 2245853.2313145082, "device_end": 2245853.23436125}, "cmdq": 1, "read": {"device_start": -1, "device_end": -1}}, "FFC_sans_bias15": {"write": {"device_start": -1, "host_queued_start": 1585578079.021637, "device_queued": -1, "device_end": -1, "host_queued_end": 1585578079.025476}, "device": "cpu", "nd_range": {"device_start": 2245853.225986199, "device_end": 2245853.227316764}, "cmdq": 0, "read": {"device_start": -1, "device_end": -1}}, "FFC_sans_bias31": {"write": {"device_start": -1, "host_queued_start": 1585578079.019135, "device_queued": -1, "device_end": -1, "host_queued_end": 1585578079.025476}, "device": "cpu", "nd_range": {"device_start": 2245853.224936042, "device_end": 2245853.225788818}, "cmdq": 1, "read": {"device_start": -1, "device_end": -1}}, "FFC_sans_bias16": {"write": {"device_start": -1, "host_queued_start": 1585578079.023875, "device_queued": -1, "device_end": -1, "host_queued_end": 1585578079.025476}, "device": "cpu", "nd_range": {"device_start": 2245853.229691895, "device_end": 2245853.230418522}, "cmdq": 2, "read": {"device_start": -1, "device_end": -1}}, "FFC_sans_bias19": {"write": {"device_start": -1, "host_queued_start": 1585578079.012102, "device_queued": -1, "device_end": -1, "host_queued_end": 1585578079.025476}, "device": "cpu", "nd_range": {"device_start": 2245853.217582066, "device_end": 2245853.218917854}, "cmdq": 0, "read": {"device_start": -1, "device_end": -1}}, "FFC_sans_bias18": {"write": {"device_start": -1, "host_queued_start": 1585578079.011554, "device_queued": -1, "device_end": -1, "host_queued_end": 1585578079.025476}, "device": "cpu", "nd_range": {"device_start": 2245853.218378175, "device_end": 2245853.219591096}, "cmdq": 2, "read": {"device_start": -1, "device_end": -1}}, "coalesced_transpose30": {"write": {"device_start": -1, "host_queued_start": 1585578079.017365, "device_queued": -1, "device_end": -1, "host_queued_end": 1585578079.025476}, "device": "cpu", "nd_range": {"device_start": 2245853.223063333, "device_end": 2245853.223094656}, "cmdq": 2, "read": {"device_start": -1, "device_end": -1}}, "FFC_sans_bias69": {"write": {"device_start": -1, "host_queued_start": 1585578079.001562, "device_queued": -1, "device_end": -1, "host_queued_end": 1585578079.004279}, "device": "gpu", "nd_range": {"device_start": 1585578013.8331494, "device_end": 1585578013.8332567}, "cmdq": 0, "read": {"device_start": -1, "device_end": -1}}, "FFC_sans_bias38": {"write": {"device_start": -1, "host_queued_start": 1585578079.016013, "device_queued": -1, "device_end": -1, "host_queued_end": 1585578079.025476}, "device": "cpu", "nd_range": {"device_start": 2245853.221606019, "device_end": 2245853.223172062}, "cmdq": 1, "read": {"device_start": -1, "device_end": -1}}, "coalesced_transpose57": {"write": {"device_start": -1, "host_queued_start": 1585578078.998778, "device_queued": -1, "device_end": -1, "host_queued_end": 1585578079.004279}, "device": "gpu", "nd_range": {"device_start": 1585578013.8323703, "device_end": 1585578013.8323758}, "cmdq": 0, "read": {"device_start": -1, "device_end": -1}}, "empty26": {"write": {"device_start": -1, "host_queued_start": 1585578079.006806, "device_queued": -1, "device_end": -1, "host_queued_end": 1585578079.025476}, "device": "cpu", "nd_range": {"device_start": 2245853.2151217354, "device_end": 2245853.215126609}, "cmdq": 2, "read": {"device_start": -1, "device_end": -1}}, "coalesced_transpose12": {"write": {"device_start": -1, "host_queued_start": 1585578079.016718, "device_queued": -1, "device_end": -1, "host_queued_end": 1585578079.025476}, "device": "cpu", "nd_range": {"device_start": 2245853.222849876, "device_end": 2245853.2229049453}, "cmdq": 0, "read": {"device_start": -1, "device_end": -1}}, "empty44": {"write": {"device_start": -1, "host_queued_start": 1585578079.007616, "device_queued": -1, "device_end": -1, "host_queued_end": 1585578079.025476}, "device": "cpu", "nd_range": {"device_start": 2245853.215116837, "device_end": 2245853.2151178094}, "cmdq": 1, "read": {"device_start": -1, "device_end": -1}}, "coalesced_transpose21": {"write": {"device_start": -1, "host_queued_start": 1585578079.017034, "device_queued": -1, "device_end": -1, "host_queued_end": 1585578079.025476}, "device": "cpu", "nd_range": {"device_start": 2245853.223180517, "device_end": 2245853.223247919}, "cmdq": 1, "read": {"device_start": -1, "device_end": -1}}, "FFC_sans_bias36": {"write": {"device_start": -1, "host_queued_start": 1585578079.014883, "device_queued": -1, "device_end": -1, "host_queued_end": 1585578079.025476}, "device": "cpu", "nd_range": {"device_start": 2245853.221291574, "device_end": 2245853.222866691}, "cmdq": 2, "read": {"device_start": -1, "device_end": -1}}, "softmax14": {"write": {"device_start": -1, "host_queued_start": 1585578079.020001, "device_queued": -1, "device_end": -1, "host_queued_end": 1585578079.025476}, "device": "cpu", "nd_range": {"device_start": 2245853.225910204, "device_end": 2245853.22597834}, "cmdq": 1, "read": {"device_start": -1, "device_end": -1}}, "FFC_sans_bias13": {"write": {"device_start": -1, "host_queued_start": 1585578079.018462, "device_queued": -1, "device_end": -1, "host_queued_end": 1585578079.025476}, "device": "cpu", "nd_range": {"device_start": 2245853.223104381, "device_end": 2245853.224085634}, "cmdq": 2, "read": {"device_start": -1, "device_end": -1}}, "empty8": {"write": {"device_start": -1, "host_queued_start": 1585578079.005105, "device_queued": -1, "device_end": -1, "host_queued_end": 1585578079.025476}, "device": "cpu", "nd_range": {"device_start": 2245853.215089018, "device_end": 2245853.2150981463}, "cmdq": 0, "read": {"device_start": -1, "device_end": -1}}, "FFC_sans_bias42": {"write": {"device_start": -1, "host_queued_start": 1585578079.022766, "device_queued": -1, "device_end": -1, "host_queued_end": 1585578079.025476}, "device": "cpu", "nd_range": {"device_start": 2245853.227450447, "device_end": 2245853.229424334}, "cmdq": 0, "read": {"device_start": -1, "device_end": -1}}, "FFC_sans_bias43": {"write": {"device_start": -1, "host_queued_start": 1585578079.025426, "device_queued": -1, "device_end": -1, "host_queued_end": 1585578079.025476}, "device": "cpu", "nd_range": {"device_start": 2245853.2304210463, "device_end": 2245853.231988113}, "cmdq": 2, "read": {"device_start": -1, "device_end": -1}}, "FFC_sans_bias40": {"write": {"device_start": -1, "host_queued_start": 1585578079.019483, "device_queued": -1, "device_end": -1, "host_queued_end": 1585578079.025476}, "device": "cpu", "nd_range": {"device_start": 2245853.22409222, "device_end": 2245853.2258832403}, "cmdq": 2, "read": {"device_start": -1, "device_end": -1}}, "softmax32": {"write": {"device_start": -1, "host_queued_start": 1585578079.020549, "device_queued": -1, "device_end": -1, "host_queued_end": 1585578079.025476}, "device": "cpu", "nd_range": {"device_start": 2245853.2259071902, "device_end": 2245853.2259594603}, "cmdq": 0, "read": {"device_start": -1, "device_end": -1}}, "FFC_sans_bias47": {"write": {"device_start": 1585578013.8314605, "host_queued_start": 1585578078.995062, "device_queued": 1585578013.831294, "device_end": 1585578013.8314857, "host_queued_end": 1585578079.004279}, "device": "gpu", "nd_range": {"device_start": 1585578013.8314881, "device_end": 1585578013.8315957}, "cmdq": 0, "read": {"device_start": -1, "device_end": -1}}, "FFC_sans_bias45": {"write": {"device_start": 1585578013.8312051, "host_queued_start": 1585578078.994031, "device_queued": 1585578013.8311603, "device_end": 1585578013.831217, "host_queued_end": 1585578079.004279}, "device": "gpu", "nd_range": {"device_start": 1585578013.8312204, "device_end": 1585578013.8313315}, "cmdq": 0, "read": {"device_start": -1, "device_end": -1}}, "softmax50": {"write": {"device_start": -1, "host_queued_start": 1585578079.000161, "device_queued": -1, "device_end": -1, "host_queued_end": 1585578079.004279}, "device": "gpu", "nd_range": {"device_start": 1585578013.8327081, "device_end": 1585578013.832784}, "cmdq": 0, "read": {"device_start": -1, "device_end": -1}}, "FFC_sans_bias33": {"write": {"device_start": -1, "host_queued_start": 1585578079.022371, "device_queued": -1, "device_end": -1, "host_queued_end": 1585578079.025476}, "device": "cpu", "nd_range": {"device_start": 2245853.228330338, "device_end": 2245853.229681433}, "cmdq": 2, "read": {"device_start": -1, "device_end": -1}}, "FFC_sans_bias63": {"write": {"device_start": 1585578013.8322377, "host_queued_start": 1585578078.998155, "device_queued": 1585578013.832042, "device_end": 1585578013.8322532, "host_queued_end": 1585578079.004279}, "device": "gpu", "nd_range": {"device_start": 1585578013.832255, "device_end": 1585578013.8323615}, "cmdq": 0, "read": {"device_start": -1, "device_end": -1}}, "FFC_sans_bias49": {"write": {"device_start": -1, "host_queued_start": 1585578078.999347, "device_queued": -1, "device_end": -1, "host_queued_end": 1585578079.004279}, "device": "gpu", "nd_range": {"device_start": 1585578013.8323836, "device_end": 1585578013.832491}, "cmdq": 0, "read": {"device_start": -1, "device_end": -1}}, "FFC_sans_bias64": {"write": {"device_start": 1585578013.831978, "host_queued_start": 1585578078.997033, "device_queued": 1585578013.8315718, "device_end": 1585578013.8319974, "host_queued_end": 1585578079.004279}, "device": "gpu", "nd_range": {"device_start": 1585578013.831999, "device_end": 1585578013.8321059}, "cmdq": 0, "read": {"device_start": -1, "device_end": -1}}, "FFC_sans_bias65": {"write": {"device_start": 1585578013.8321073, "host_queued_start": 1585578078.997655, "device_queued": 1585578013.8319669, "device_end": 1585578013.832128, "host_queued_end": 1585578079.004279}, "device": "gpu", "nd_range": {"device_start": 1585578013.8321297, "device_end": 1585578013.8322358}, "cmdq": 0, "read": {"device_start": -1, "device_end": -1}}, "FFC_sans_bias67": {"write": {"device_start": -1, "host_queued_start": 1585578078.999931, "device_queued": -1, "device_end": -1, "host_queued_end": 1585578079.004279}, "device": "gpu", "nd_range": {"device_start": 1585578013.8325994, "device_end": 1585578013.8327072}, "cmdq": 0, "read": {"device_start": -1, "device_end": -1}}, "FFC_sans_bias24": {"write": {"device_start": -1, "host_queued_start": 1585578079.022002, "device_queued": -1, "device_end": -1, "host_queued_end": 1585578079.025476}, "device": "cpu", "nd_range": {"device_start": 2245853.227057664, "device_end": 2245853.2290423443}, "cmdq": 1, "read": {"device_start": -1, "device_end": -1}}, "FFC_sans_bias25": {"write": {"device_start": -1, "host_queued_start": 1585578079.02438, "device_queued": -1, "device_end": -1, "host_queued_end": 1585578079.025476}, "device": "cpu", "nd_range": {"device_start": 2245853.2303013303, "device_end": 2245853.231866197}, "cmdq": 0, "read": {"device_start": -1, "device_end": -1}}, "FFC_sans_bias27": {"write": {"device_start": -1, "host_queued_start": 1585578079.013219, "device_queued": -1, "device_end": -1, "host_queued_end": 1585578079.025476}, "device": "cpu", "nd_range": {"device_start": 2245853.2197208633, "device_end": 2245853.221175874}, "cmdq": 2, "read": {"device_start": -1, "device_end": -1}}, "FFC_sans_bias20": {"write": {"device_start": -1, "host_queued_start": 1585578079.01265, "device_queued": -1, "device_end": -1, "host_queued_end": 1585578079.025476}, "device": "cpu", "nd_range": {"device_start": 2245853.2189274733, "device_end": 2245853.220266805}, "cmdq": 1, "read": {"device_start": -1, "device_end": -1}}, "FFC_sans_bias22": {"write": {"device_start": -1, "host_queued_start": 1585578079.018811, "device_queued": -1, "device_end": -1, "host_queued_end": 1585578079.025476}, "device": "cpu", "nd_range": {"device_start": 2245853.2235659203, "device_end": 2245853.2251325483}, "cmdq": 0, "read": {"device_start": -1, "device_end": -1}}, "softmax68": {"write": {"device_start": -1, "host_queued_start": 1585578079.000609, "device_queued": -1, "device_end": -1, "host_queued_end": 1585578079.004279}, "device": "gpu", "nd_range": {"device_start": 1585578013.832861, "device_end": 1585578013.832936}, "cmdq": 0, "read": {"device_start": -1, "device_end": -1}}, "softmax5": {"write": {"device_start": -1, "host_queued_start": 1585578079.019751, "device_queued": -1, "device_end": -1, "host_queued_end": 1585578079.025476}, "device": "cpu", "nd_range": {"device_start": 2245853.2252419232, "device_end": 2245853.2253006753}, "cmdq": 0, "read": {"device_start": -1, "device_end": -1}}, "FFC_sans_bias28": {"write": {"device_start": -1, "host_queued_start": 1585578079.01377, "device_queued": -1, "device_end": -1, "host_queued_end": 1585578079.025476}, "device": "cpu", "nd_range": {"device_start": 2245853.219346343, "device_end": 2245853.221289245}, "cmdq": 0, "read": {"device_start": -1, "device_end": -1}}, "FFC_sans_bias29": {"write": {"device_start": -1, "host_queued_start": 1585578079.014326, "device_queued": -1, "device_end": -1, "host_queued_end": 1585578079.025476}, "device": "cpu", "nd_range": {"device_start": 2245853.220378098, "device_end": 2245853.221593385}, "cmdq": 1, "read": {"device_start": -1, "device_end": -1}}, "empty17": {"write": {"device_start": -1, "host_queued_start": 1585578079.006196, "device_queued": -1, "device_end": -1, "host_queued_end": 1585578079.025476}, "device": "cpu", "nd_range": {"device_start": 2245853.2150889672, "device_end": 2245853.215098135}, "cmdq": 1, "read": {"device_start": -1, "device_end": -1}}, "softmax59": {"write": {"device_start": -1, "host_queued_start": 1585578079.000373, "device_queued": -1, "device_end": -1, "host_queued_end": 1585578079.004279}, "device": "gpu", "nd_range": {"device_start": 1585578013.8327854, "device_end": 1585578013.83286}, "cmdq": 0, "read": {"device_start": -1, "device_end": -1}}, "empty71": {"write": {"device_start": 1585578013.8311448, "host_queued_start": 1585578078.9935, "device_queued": 1585578013.8310997, "device_end": 1585578013.8311617, "host_queued_end": 1585578079.004279}, "device": "gpu", "nd_range": {"device_start": 1585578013.8311634, "device_end": 1585578013.8311677}, "cmdq": 0, "read": {"device_start": -1, "device_end": -1}}, "empty35": {"write": {"device_start": -1, "host_queued_start": 1585578079.007213, "device_queued": -1, "device_end": -1, "host_queued_end": 1585578079.025476}, "device": "cpu", "nd_range": {"device_start": 2245853.215117384, "device_end": 2245853.215118349}, "cmdq": 0, "read": {"device_start": -1, "device_end": -1}}, "empty53": {"write": {"device_start": 1585578013.8309424, "host_queued_start": 1585578078.992544, "device_queued": 1585578013.8308296, "device_end": 1585578013.8309553, "host_queued_end": 1585578079.004279}, "device": "gpu", "nd_range": {"device_start": 1585578013.8309567, "device_end": 1585578013.8309743}, "cmdq": 0, "read": {"device_start": -1, "device_end": -1}}, "FFC_sans_bias46": {"write": {"device_start": 1585578013.8313327, "host_queued_start": 1585578078.994533, "device_queued": 1585578013.831236, "device_end": 1585578013.8313496, "host_queued_end": 1585578079.004279}, "device": "gpu", "nd_range": {"device_start": 1585578013.8313513, "device_end": 1585578013.8314583}, "cmdq": 0, "read": {"device_start": -1, "device_end": -1}}, "coalesced_transpose66": {"write": {"device_start": -1, "host_queued_start": 1585578078.999054, "device_queued": -1, "device_end": -1, "host_queued_end": 1585578079.004279}, "device": "gpu", "nd_range": {"device_start": 1585578013.8323774, "device_end": 1585578013.8323822}, "cmdq": 0, "read": {"device_start": -1, "device_end": -1}}, "coalesced_transpose48": {"write": {"device_start": -1, "host_queued_start": 1585578078.998457, "device_queued": -1, "device_end": -1, "host_queued_end": 1585578079.004279}, "device": "gpu", "nd_range": {"device_start": 1585578013.8323627, "device_end": 1585578013.8323681}, "cmdq": 0, "read": {"device_start": -1, "device_end": -1}}}