{"FFC_sans_bias60": {"write": {"device_start": -1, "host_queued_start": 1585578505.098536, "device_queued": -1, "device_end": -1, "host_queued_end": 1585578505.10198}, "device": "gpu", "nd_range": {"device_start": 1585578439.917862, "device_end": 1585578439.9182017}, "cmdq": 1, "read": {"device_start": -1, "device_end": -1}}, "FFC_sans_bias4": {"write": {"device_start": -1, "host_queued_start": 1585578505.107387, "device_queued": -1, "device_end": -1, "host_queued_end": 1585578505.109825}, "device": "cpu", "nd_range": {"device_start": 2246279.3034542543, "device_end": 2246279.304136335}, "cmdq": 0, "read": {"device_start": -1, "device_end": -1}}, "FFC_sans_bias7": {"write": {"device_start": -1, "host_queued_start": 1585578505.109332, "device_queued": -1, "device_end": -1, "host_queued_end": 1585578505.109825}, "device": "cpu", "nd_range": {"device_start": 2246279.3067091983, "device_end": 2246279.3072126983}, "cmdq": 0, "read": {"device_start": -1, "device_end": -1}}, "FFC_sans_bias6": {"write": {"device_start": -1, "host_queued_start": 1585578505.108512, "device_queued": -1, "device_end": -1, "host_queued_end": 1585578505.109825}, "device": "cpu", "nd_range": {"device_start": 2246279.305195445, "device_end": 2246279.306077742}, "cmdq": 0, "read": {"device_start": -1, "device_end": -1}}, "FFC_sans_bias1": {"write": {"device_start": -1, "host_queued_start": 1585578505.104276, "device_queued": -1, "device_end": -1, "host_queued_end": 1585578505.109825}, "device": "cpu", "nd_range": {"device_start": 2246279.300105403, "device_end": 2246279.300707226}, "cmdq": 0, "read": {"device_start": -1, "device_end": -1}}, "FFC_sans_bias0": {"write": {"device_start": -1, "host_queued_start": 1585578505.103749, "device_queued": -1, "device_end": -1, "host_queued_end": 1585578505.109825}, "device": "cpu", "nd_range": {"device_start": 2246279.299425812, "device_end": 2246279.3000955842}, "cmdq": 0, "read": {"device_start": -1, "device_end": -1}}, "FFC_sans_bias2": {"write": {"device_start": -1, "host_queued_start": 1585578505.104875, "device_queued": -1, "device_end": -1, "host_queued_end": 1585578505.109825}, "device": "cpu", "nd_range": {"device_start": 2246279.300715003, "device_end": 2246279.301331444}, "cmdq": 0, "read": {"device_start": -1, "device_end": -1}}, "FFC_sans_bias61": {"write": {"device_start": 1585578439.9183125, "host_queued_start": 1585578505.101341, "device_queued": 1585578439.9177961, "device_end": 1585578439.9183211, "host_queued_end": 1585578505.10198}, "device": "gpu", "nd_range": {"device_start": 1585578439.9183235, "device_end": 1585578439.9185305}, "cmdq": 2, "read": {"device_start": 1585578439.9185357, "device_end": 1585578439.918546}}, "FFC_sans_bias52": {"write": {"device_start": 1585578439.9182038, "host_queued_start": 1585578505.100843, "device_queued": 1585578439.9177663, "device_end": 1585578439.9182181, "host_queued_end": 1585578505.10198}, "device": "gpu", "nd_range": {"device_start": 1585578439.9182198, "device_end": 1585578439.9184966}, "cmdq": 1, "read": {"device_start": 1585578439.9185011, "device_end": 1585578439.9185095}}, "FFC_sans_bias9": {"write": {"device_start": -1, "host_queued_start": 1585578505.105444, "device_queued": -1, "device_end": -1, "host_queued_end": 1585578505.109825}, "device": "cpu", "nd_range": {"device_start": 2246279.301344111, "device_end": 2246279.3019769113}, "cmdq": 0, "read": {"device_start": -1, "device_end": -1}}, "coalesced_transpose39": {"write": {"device_start": -1, "host_queued_start": 1585578505.093188, "device_queued": -1, "device_end": -1, "host_queued_end": 1585578505.10198}, "device": "gpu", "nd_range": {"device_start": 1585578439.917238, "device_end": 1585578439.917333}, "cmdq": 1, "read": {"device_start": -1, "device_end": -1}}, "FFC_sans_bias55": {"write": {"device_start": 1585578439.916913, "host_queued_start": 1585578505.090852, "device_queued": 1585578439.916875, "device_end": 1585578439.9169216, "host_queued_end": 1585578505.10198}, "device": "gpu", "nd_range": {"device_start": 1585578439.916923, "device_end": 1585578439.91721}, "cmdq": 0, "read": {"device_start": -1, "device_end": -1}}, "FFC_sans_bias54": {"write": {"device_start": 1585578439.916833, "host_queued_start": 1585578505.090332, "device_queued": 1585578439.9166877, "device_end": 1585578439.9168415, "host_queued_end": 1585578505.10198}, "device": "gpu", "nd_range": {"device_start": 1585578439.9168704, "device_end": 1585578439.9171321}, "cmdq": 4, "read": {"device_start": -1, "device_end": -1}}, "FFC_sans_bias56": {"write": {"device_start": 1585578439.9167361, "host_queued_start": 1585578505.089844, "device_queued": 1585578439.9166667, "device_end": 1585578439.9167447, "host_queued_end": 1585578505.10198}, "device": "gpu", "nd_range": {"device_start": 1585578439.9168541, "device_end": 1585578439.9170392}, "cmdq": 3, "read": {"device_start": -1, "device_end": -1}}, "FFC_sans_bias51": {"write": {"device_start": -1, "host_queued_start": 1585578505.098258, "device_queued": -1, "device_end": -1, "host_queued_end": 1585578505.10198}, "device": "gpu", "nd_range": {"device_start": 1585578439.917847, "device_end": 1585578439.9181266}, "cmdq": 0, "read": {"device_start": -1, "device_end": -1}}, "softmax23": {"write": {"device_start": -1, "host_queued_start": 1585578505.096026, "device_queued": -1, "device_end": -1, "host_queued_end": 1585578505.10198}, "device": "gpu", "nd_range": {"device_start": 1585578439.9175344, "device_end": 1585578439.917742}, "cmdq": 1, "read": {"device_start": -1, "device_end": -1}}, "FFC_sans_bias37": {"write": {"device_start": 1585578439.9164796, "host_queued_start": 1585578505.08738, "device_queued": 1585578439.9164581, "device_end": 1585578439.9164891, "host_queued_end": 1585578505.10198}, "device": "gpu", "nd_range": {"device_start": 1585578439.9165485, "device_end": 1585578439.916734}, "cmdq": 3, "read": {"device_start": -1, "device_end": -1}}, "empty62": {"write": {"device_start": 1585578439.915981, "host_queued_start": 1585578505.082775, "device_queued": 1585578439.9159553, "device_end": 1585578439.9159896, "host_queued_end": 1585578505.10198}, "device": "gpu", "nd_range": {"device_start": 1585578439.916015, "device_end": 1585578439.9160182}, "cmdq": 4, "read": {"device_start": -1, "device_end": -1}}, "FFC_sans_bias70": {"write": {"device_start": 1585578439.9184203, "host_queued_start": 1585578505.101845, "device_queued": 1585578439.9178843, "device_end": 1585578439.9184287, "host_queued_end": 1585578505.10198}, "device": "gpu", "nd_range": {"device_start": 1585578439.9184313, "device_end": 1585578439.9185944}, "cmdq": 3, "read": {"device_start": 1585578439.9186003, "device_end": 1585578439.9186072}}, "FFC_sans_bias58": {"write": {"device_start": -1, "host_queued_start": 1585578505.09551, "device_queued": -1, "device_end": -1, "host_queued_end": 1585578505.10198}, "device": "gpu", "nd_range": {"device_start": 1585578439.9173741, "device_end": 1585578439.9177108}, "cmdq": 4, "read": {"device_start": -1, "device_end": -1}}, "softmax41": {"write": {"device_start": -1, "host_queued_start": 1585578505.096465, "device_queued": -1, "device_end": -1, "host_queued_end": 1585578505.10198}, "device": "gpu", "nd_range": {"device_start": 1585578439.9177332, "device_end": 1585578439.9178162}, "cmdq": 3, "read": {"device_start": -1, "device_end": -1}}, "FFC_sans_bias11": {"write": {"device_start": -1, "host_queued_start": 1585578505.106443, "device_queued": -1, "device_end": -1, "host_queued_end": 1585578505.109825}, "device": "cpu", "nd_range": {"device_start": 2246279.302615344, "device_end": 2246279.303356689}, "cmdq": 0, "read": {"device_start": -1, "device_end": -1}}, "FFC_sans_bias10": {"write": {"device_start": -1, "host_queued_start": 1585578505.105937, "device_queued": -1, "device_end": -1, "host_queued_end": 1585578505.109825}, "device": "cpu", "nd_range": {"device_start": 2246279.301980432, "device_end": 2246279.302611752}, "cmdq": 0, "read": {"device_start": -1, "device_end": -1}}, "coalesced_transpose3": {"write": {"device_start": -1, "host_queued_start": 1585578505.106773, "device_queued": -1, "device_end": -1, "host_queued_end": 1585578505.109825}, "device": "cpu", "nd_range": {"device_start": 2246279.303360388, "device_end": 2246279.303400839}, "cmdq": 0, "read": {"device_start": -1, "device_end": -1}}, "FFC_sans_bias34": {"write": {"device_start": 1585578439.918036, "host_queued_start": 1585578505.099843, "device_queued": 1585578439.917562, "device_end": 1585578439.9180448, "host_queued_end": 1585578505.10198}, "device": "gpu", "nd_range": {"device_start": 1585578439.9180472, "device_end": 1585578439.9182296}, "cmdq": 4, "read": {"device_start": 1585578439.918233, "device_end": 1585578439.9182405}}, "FFC_sans_bias15": {"write": {"device_start": -1, "host_queued_start": 1585578505.108829, "device_queued": -1, "device_end": -1, "host_queued_end": 1585578505.109825}, "device": "cpu", "nd_range": {"device_start": 2246279.306082502, "device_end": 2246279.306704663}, "cmdq": 0, "read": {"device_start": -1, "device_end": -1}}, "FFC_sans_bias31": {"write": {"device_start": -1, "host_queued_start": 1585578505.09464, "device_queued": -1, "device_end": -1, "host_queued_end": 1585578505.10198}, "device": "gpu", "nd_range": {"device_start": 1585578439.9173582, "device_end": 1585578439.9175324}, "cmdq": 1, "read": {"device_start": -1, "device_end": -1}}, "FFC_sans_bias16": {"write": {"device_start": -1, "host_queued_start": 1585578505.109782, "device_queued": -1, "device_end": -1, "host_queued_end": 1585578505.109825}, "device": "cpu", "nd_range": {"device_start": 2246279.3072149972, "device_end": 2246279.30769777}, "cmdq": 0, "read": {"device_start": -1, "device_end": -1}}, "FFC_sans_bias19": {"write": {"device_start": 1585578439.916117, "host_queued_start": 1585578505.084228, "device_queued": 1585578439.9160922, "device_end": 1585578439.9161258, "host_queued_end": 1585578505.10198}, "device": "gpu", "nd_range": {"device_start": 1585578439.9162161, "device_end": 1585578439.916404}, "cmdq": 2, "read": {"device_start": -1, "device_end": -1}}, "FFC_sans_bias18": {"write": {"device_start": 1585578439.9160893, "host_queued_start": 1585578505.083729, "device_queued": 1585578439.9160652, "device_end": 1585578439.9160979, "host_queued_end": 1585578505.10198}, "device": "gpu", "nd_range": {"device_start": 1585578439.9162045, "device_end": 1585578439.9163141}, "cmdq": 1, "read": {"device_start": -1, "device_end": -1}}, "coalesced_transpose30": {"write": {"device_start": -1, "host_queued_start": 1585578505.092909, "device_queued": -1, "device_end": -1, "host_queued_end": 1585578505.10198}, "device": "gpu", "nd_range": {"device_start": 1585578439.9172113, "device_end": 1585578439.9173295}, "cmdq": 0, "read": {"device_start": -1, "device_end": -1}}, "FFC_sans_bias69": {"write": {"device_start": -1, "host_queued_start": 1585578505.098853, "device_queued": -1, "device_end": -1, "host_queued_end": 1585578505.10198}, "device": "gpu", "nd_range": {"device_start": 1585578439.9180558, "device_end": 1585578439.9183102}, "cmdq": 2, "read": {"device_start": -1, "device_end": -1}}, "FFC_sans_bias38": {"write": {"device_start": 1585578439.916508, "host_queued_start": 1585578505.087878, "device_queued": 1585578439.9164805, "device_end": 1585578439.9165168, "host_queued_end": 1585578505.10198}, "device": "gpu", "nd_range": {"device_start": 1585578439.9165645, "device_end": 1585578439.9168308}, "cmdq": 4, "read": {"device_start": -1, "device_end": -1}}, "coalesced_transpose57": {"write": {"device_start": -1, "host_queued_start": 1585578505.093751, "device_queued": -1, "device_end": -1, "host_queued_end": 1585578505.10198}, "device": "gpu", "nd_range": {"device_start": 1585578439.9173536, "device_end": 1585578439.9173687}, "cmdq": 3, "read": {"device_start": -1, "device_end": -1}}, "empty26": {"write": {"device_start": 1585578439.915772, "host_queued_start": 1585578505.080854, "device_queued": 1585578439.9157376, "device_end": 1585578439.9157808, "host_queued_end": 1585578505.10198}, "device": "gpu", "nd_range": {"device_start": 1585578439.9157987, "device_end": 1585578439.9158125}, "cmdq": 0, "read": {"device_start": -1, "device_end": -1}}, "coalesced_transpose12": {"write": {"device_start": -1, "host_queued_start": 1585578505.107083, "device_queued": -1, "device_end": -1, "host_queued_end": 1585578505.109825}, "device": "cpu", "nd_range": {"device_start": 2246279.303417764, "device_end": 2246279.30343972}, "cmdq": 0, "read": {"device_start": -1, "device_end": -1}}, "empty44": {"write": {"device_start": 1585578439.9159083, "host_queued_start": 1585578505.081886, "device_queued": 1585578439.9158719, "device_end": 1585578439.9159174, "host_queued_end": 1585578505.10198}, "device": "gpu", "nd_range": {"device_start": 1585578439.9159994, "device_end": 1585578439.916003}, "cmdq": 2, "read": {"device_start": -1, "device_end": -1}}, "coalesced_transpose21": {"write": {"device_start": -1, "host_queued_start": 1585578505.092641, "device_queued": -1, "device_end": -1, "host_queued_end": 1585578505.10198}, "device": "gpu", "nd_range": {"device_start": 1585578439.9171333, "device_end": 1585578439.9173255}, "cmdq": 4, "read": {"device_start": -1, "device_end": -1}}, "FFC_sans_bias36": {"write": {"device_start": 1585578439.9164534, "host_queued_start": 1585578505.086891, "device_queued": 1585578439.9164295, "device_end": 1585578439.9164622, "host_queued_end": 1585578505.10198}, "device": "gpu", "nd_range": {"device_start": 1585578439.9165306, "device_end": 1585578439.9167156}, "cmdq": 2, "read": {"device_start": -1, "device_end": -1}}, "softmax14": {"write": {"device_start": -1, "host_queued_start": 1585578505.108198, "device_queued": -1, "device_end": -1, "host_queued_end": 1585578505.109825}, "device": "cpu", "nd_range": {"device_start": 2246279.3050241903, "device_end": 2246279.305077391}, "cmdq": 0, "read": {"device_start": -1, "device_end": -1}}, "FFC_sans_bias13": {"write": {"device_start": -1, "host_queued_start": 1585578505.107707, "device_queued": -1, "device_end": -1, "host_queued_end": 1585578505.109825}, "device": "cpu", "nd_range": {"device_start": 2246279.304244363, "device_end": 2246279.304733476}, "cmdq": 0, "read": {"device_start": -1, "device_end": -1}}, "empty8": {"write": {"device_start": -1, "host_queued_start": 1585578505.102733, "device_queued": -1, "device_end": -1, "host_queued_end": 1585578505.109825}, "device": "cpu", "nd_range": {"device_start": 2246279.2993937093, "device_end": 2246279.299404418}, "cmdq": 0, "read": {"device_start": -1, "device_end": -1}}, "FFC_sans_bias42": {"write": {"device_start": -1, "host_queued_start": 1585578505.097964, "device_queued": -1, "device_end": -1, "host_queued_end": 1585578505.10198}, "device": "gpu", "nd_range": {"device_start": 1585578439.917827, "device_end": 1585578439.918035}, "cmdq": 4, "read": {"device_start": -1, "device_end": -1}}, "FFC_sans_bias43": {"write": {"device_start": 1585578439.918128, "host_queued_start": 1585578505.100339, "device_queued": 1585578439.917683, "device_end": 1585578439.9181364, "host_queued_end": 1585578505.10198}, "device": "gpu", "nd_range": {"device_start": 1585578439.9181385, "device_end": 1585578439.9184337}, "cmdq": 0, "read": {"device_start": 1585578439.9184456, "device_end": 1585578439.918453}}, "FFC_sans_bias40": {"write": {"device_start": -1, "host_queued_start": 1585578505.094935, "device_queued": -1, "device_end": -1, "host_queued_end": 1585578505.10198}, "device": "gpu", "nd_range": {"device_start": 1585578439.917362, "device_end": 1585578439.917571}, "cmdq": 2, "read": {"device_start": -1, "device_end": -1}}, "softmax32": {"write": {"device_start": -1, "host_queued_start": 1585578505.096237, "device_queued": -1, "device_end": -1, "host_queued_end": 1585578505.10198}, "device": "gpu", "nd_range": {"device_start": 1585578439.9177227, "device_end": 1585578439.91781}, "cmdq": 2, "read": {"device_start": -1, "device_end": -1}}, "FFC_sans_bias47": {"write": {"device_start": 1585578439.9167178, "host_queued_start": 1585578505.089355, "device_queued": 1585578439.9166427, "device_end": 1585578439.916726, "host_queued_end": 1585578505.10198}, "device": "gpu", "nd_range": {"device_start": 1585578439.916751, "device_end": 1585578439.9170225}, "cmdq": 2, "read": {"device_start": -1, "device_end": -1}}, "FFC_sans_bias45": {"write": {"device_start": 1585578439.9165998, "host_queued_start": 1585578505.08837, "device_queued": 1585578439.9165697, "device_end": 1585578439.916608, "host_queued_end": 1585578505.10198}, "device": "gpu", "nd_range": {"device_start": 1585578439.9166164, "device_end": 1585578439.916911}, "cmdq": 0, "read": {"device_start": -1, "device_end": -1}}, "softmax50": {"write": {"device_start": -1, "host_queued_start": 1585578505.096681, "device_queued": -1, "device_end": -1, "host_queued_end": 1585578505.10198}, "device": "gpu", "nd_range": {"device_start": 1585578439.917715, "device_end": 1585578439.9177985}, "cmdq": 4, "read": {"device_start": -1, "device_end": -1}}, "FFC_sans_bias33": {"write": {"device_start": -1, "host_queued_start": 1585578505.097673, "device_queued": -1, "device_end": -1, "host_queued_end": 1585578505.10198}, "device": "gpu", "nd_range": {"device_start": 1585578439.9178205, "device_end": 1585578439.9180174}, "cmdq": 3, "read": {"device_start": -1, "device_end": -1}}, "FFC_sans_bias63": {"write": {"device_start": 1585578439.9170415, "host_queued_start": 1585578505.092336, "device_queued": 1585578439.9169662, "device_end": 1585578439.9170501, "host_queued_end": 1585578505.10198}, "device": "gpu", "nd_range": {"device_start": 1585578439.9170513, "device_end": 1585578439.9173515}, "cmdq": 3, "read": {"device_start": -1, "device_end": -1}}, "FFC_sans_bias49": {"write": {"device_start": -1, "host_queued_start": 1585578505.095235, "device_queued": -1, "device_end": -1, "host_queued_end": 1585578505.10198}, "device": "gpu", "nd_range": {"device_start": 1585578439.9173717, "device_end": 1585578439.9176438}, "cmdq": 3, "read": {"device_start": -1, "device_end": -1}}, "FFC_sans_bias64": {"write": {"device_start": 1585578439.916942, "host_queued_start": 1585578505.091343, "device_queued": 1585578439.916918, "device_end": 1585578439.9169528, "host_queued_end": 1585578505.10198}, "device": "gpu", "nd_range": {"device_start": 1585578439.9170127, "device_end": 1585578439.9172368}, "cmdq": 1, "read": {"device_start": -1, "device_end": -1}}, "FFC_sans_bias65": {"write": {"device_start": 1585578439.917024, "host_queued_start": 1585578505.091845, "device_queued": 1585578439.9169416, "device_end": 1585578439.9170325, "host_queued_end": 1585578505.10198}, "device": "gpu", "nd_range": {"device_start": 1585578439.9170337, "device_end": 1585578439.91732}, "cmdq": 2, "read": {"device_start": -1, "device_end": -1}}, "FFC_sans_bias67": {"write": {"device_start": -1, "host_queued_start": 1585578505.095799, "device_queued": -1, "device_end": -1, "host_queued_end": 1585578505.10198}, "device": "gpu", "nd_range": {"device_start": 1585578439.9174426, "device_end": 1585578439.9177475}, "cmdq": 0, "read": {"device_start": -1, "device_end": -1}}, "FFC_sans_bias24": {"write": {"device_start": -1, "host_queued_start": 1585578505.097393, "device_queued": -1, "device_end": -1, "host_queued_end": 1585578505.10198}, "device": "gpu", "nd_range": {"device_start": 1585578439.9178138, "device_end": 1585578439.9179285}, "cmdq": 2, "read": {"device_start": -1, "device_end": -1}}, "FFC_sans_bias25": {"write": {"device_start": 1585578439.91802, "host_queued_start": 1585578505.09934, "device_queued": 1585578439.9175978, "device_end": 1585578439.9180284, "host_queued_end": 1585578505.10198}, "device": "gpu", "nd_range": {"device_start": 1585578439.9180613, "device_end": 1585578439.9183412}, "cmdq": 3, "read": {"device_start": 1585578439.9183512, "device_end": 1585578439.9183593}}, "FFC_sans_bias27": {"write": {"device_start": 1585578439.9161825, "host_queued_start": 1585578505.085341, "device_queued": 1585578439.91615, "device_end": 1585578439.916196, "host_queued_end": 1585578505.10198}, "device": "gpu", "nd_range": {"device_start": 1585578439.916243, "device_end": 1585578439.9165058}, "cmdq": 4, "read": {"device_start": -1, "device_end": -1}}, "FFC_sans_bias20": {"write": {"device_start": 1585578439.9161477, "host_queued_start": 1585578505.084732, "device_queued": 1585578439.9161205, "device_end": 1585578439.9161618, "host_queued_end": 1585578505.10198}, "device": "gpu", "nd_range": {"device_start": 1585578439.9162283, "device_end": 1585578439.916438}, "cmdq": 3, "read": {"device_start": -1, "device_end": -1}}, "FFC_sans_bias22": {"write": {"device_start": -1, "host_queued_start": 1585578505.094335, "device_queued": -1, "device_end": -1, "host_queued_end": 1585578505.10198}, "device": "gpu", "nd_range": {"device_start": 1585578439.9173305, "device_end": 1585578439.91744}, "cmdq": 0, "read": {"device_start": -1, "device_end": -1}}, "softmax68": {"write": {"device_start": -1, "host_queued_start": 1585578505.097105, "device_queued": -1, "device_end": -1, "host_queued_end": 1585578505.10198}, "device": "gpu", "nd_range": {"device_start": 1585578439.9177556, "device_end": 1585578439.9178586}, "cmdq": 1, "read": {"device_start": -1, "device_end": -1}}, "softmax5": {"write": {"device_start": -1, "host_queued_start": 1585578505.107963, "device_queued": -1, "device_end": -1, "host_queued_end": 1585578505.109825}, "device": "cpu", "nd_range": {"device_start": 2246279.304851455, "device_end": 2246279.304905525}, "cmdq": 0, "read": {"device_start": -1, "device_end": -1}}, "FFC_sans_bias28": {"write": {"device_start": 1585578439.9162705, "host_queued_start": 1585578505.085847, "device_queued": 1585578439.9162471, "device_end": 1585578439.916279, "host_queued_end": 1585578505.10198}, "device": "gpu", "nd_range": {"device_start": 1585578439.9162831, "device_end": 1585578439.9165783}, "cmdq": 0, "read": {"device_start": -1, "device_end": -1}}, "FFC_sans_bias29": {"write": {"device_start": 1585578439.9164274, "host_queued_start": 1585578505.086347, "device_queued": 1585578439.9164042, "device_end": 1585578439.9164364, "host_queued_end": 1585578505.10198}, "device": "gpu", "nd_range": {"device_start": 1585578439.9165196, "device_end": 1585578439.916629}, "cmdq": 1, "read": {"device_start": -1, "device_end": -1}}, "empty17": {"write": {"device_start": -1, "host_queued_start": 1585578505.103233, "device_queued": -1, "device_end": -1, "host_queued_end": 1585578505.109825}, "device": "cpu", "nd_range": {"device_start": 2246279.299420447, "device_end": 2246279.2994215433}, "cmdq": 0, "read": {"device_start": -1, "device_end": -1}}, "softmax59": {"write": {"device_start": -1, "host_queued_start": 1585578505.096884, "device_queued": -1, "device_end": -1, "host_queued_end": 1585578505.10198}, "device": "gpu", "nd_range": {"device_start": 1585578439.917749, "device_end": 1585578439.917836}, "cmdq": 0, "read": {"device_start": -1, "device_end": -1}}, "empty71": {"write": {"device_start": 1585578439.9160478, "host_queued_start": 1585578505.083192, "device_queued": 1585578439.9160235, "device_end": 1585578439.9160562, "host_queued_end": 1585578505.10198}, "device": "gpu", "nd_range": {"device_start": 1585578439.9160585, "device_end": 1585578439.9160628}, "cmdq": 0, "read": {"device_start": -1, "device_end": -1}}, "empty35": {"write": {"device_start": 1585578439.915868, "host_queued_start": 1585578505.081474, "device_queued": 1585578439.915835, "device_end": 1585578439.9158769, "host_queued_end": 1585578505.10198}, "device": "gpu", "nd_range": {"device_start": 1585578439.9159913, "device_end": 1585578439.9159946}, "cmdq": 1, "read": {"device_start": -1, "device_end": -1}}, "empty53": {"write": {"device_start": 1585578439.9159496, "host_queued_start": 1585578505.082309, "device_queued": 1585578439.9159145, "device_end": 1585578439.9159584, "host_queued_end": 1585578505.10198}, "device": "gpu", "nd_range": {"device_start": 1585578439.9160075, "device_end": 1585578439.916011}, "cmdq": 3, "read": {"device_start": -1, "device_end": -1}}, "FFC_sans_bias46": {"write": {"device_start": 1585578439.916642, "host_queued_start": 1585578505.088859, "device_queued": 1585578439.916619, "device_end": 1585578439.9166505, "host_queued_end": 1585578505.10198}, "device": "gpu", "nd_range": {"device_start": 1585578439.9167316, "device_end": 1585578439.9169335}, "cmdq": 1, "read": {"device_start": -1, "device_end": -1}}, "coalesced_transpose66": {"write": {"device_start": -1, "host_queued_start": 1585578505.094027, "device_queued": -1, "device_end": -1, "host_queued_end": 1585578505.10198}, "device": "gpu", "nd_range": {"device_start": 1585578439.917327, "device_end": 1585578439.91734}, "cmdq": 4, "read": {"device_start": -1, "device_end": -1}}, "coalesced_transpose48": {"write": {"device_start": -1, "host_queued_start": 1585578505.093481, "device_queued": -1, "device_end": -1, "host_queued_end": 1585578505.10198}, "device": "gpu", "nd_range": {"device_start": 1585578439.917321, "device_end": 1585578439.917336}, "cmdq": 2, "read": {"device_start": -1, "device_end": -1}}}