{"FFC_sans_bias60": {"write": {"device_start": -1, "host_queued_start": 1585578614.932252, "device_queued": -1, "device_end": -1, "host_queued_end": 1585578614.935509}, "device": "cpu", "nd_range": {"device_start": 2246389.1531514563, "device_end": 2246389.155053642}, "cmdq": 0, "read": {"device_start": -1, "device_end": -1}}, "FFC_sans_bias4": {"write": {"device_start": -1, "host_queued_start": 1585578614.926307, "device_queued": -1, "device_end": -1, "host_queued_end": 1585578614.935509}, "device": "cpu", "nd_range": {"device_start": 2246389.1450886363, "device_end": 2246389.146546728}, "cmdq": 0, "read": {"device_start": -1, "device_end": -1}}, "FFC_sans_bias7": {"write": {"device_start": -1, "host_queued_start": 1585578614.932752, "device_queued": -1, "device_end": -1, "host_queued_end": 1585578614.935509}, "device": "cpu", "nd_range": {"device_start": 2246389.1485491693, "device_end": 2246389.1495404053}, "cmdq": 1, "read": {"device_start": -1, "device_end": -1}}, "FFC_sans_bias6": {"write": {"device_start": -1, "host_queued_start": 1585578614.930355, "device_queued": -1, "device_end": -1, "host_queued_end": 1585578614.935509}, "device": "cpu", "nd_range": {"device_start": 2246389.147316617, "device_end": 2246389.148527809}, "cmdq": 4, "read": {"device_start": -1, "device_end": -1}}, "FFC_sans_bias1": {"write": {"device_start": -1, "host_queued_start": 1585578614.914106, "device_queued": -1, "device_end": -1, "host_queued_end": 1585578614.935509}, "device": "cpu", "nd_range": {"device_start": 2246389.125133106, "device_end": 2246389.1271021273}, "cmdq": 3, "read": {"device_start": -1, "device_end": -1}}, "FFC_sans_bias0": {"write": {"device_start": -1, "host_queued_start": 1585578614.913605, "device_queued": -1, "device_end": -1, "host_queued_end": 1585578614.935509}, "device": "cpu", "nd_range": {"device_start": 2246389.127115202, "device_end": 2246389.129032302}, "cmdq": 2, "read": {"device_start": -1, "device_end": -1}}, "FFC_sans_bias2": {"write": {"device_start": -1, "host_queued_start": 1585578614.914652, "device_queued": -1, "device_end": -1, "host_queued_end": 1585578614.935509}, "device": "cpu", "nd_range": {"device_start": 2246389.125252062, "device_end": 2246389.127678303}, "cmdq": 4, "read": {"device_start": -1, "device_end": -1}}, "FFC_sans_bias61": {"write": {"device_start": -1, "host_queued_start": 1585578614.935465, "device_queued": -1, "device_end": -1, "host_queued_end": 1585578614.935509}, "device": "cpu", "nd_range": {"device_start": 2246389.158142081, "device_end": 2246389.159459596}, "cmdq": 2, "read": {"device_start": -1, "device_end": -1}}, "FFC_sans_bias52": {"write": {"device_start": -1, "host_queued_start": 1585578614.935017, "device_queued": -1, "device_end": -1, "host_queued_end": 1585578614.935509}, "device": "cpu", "nd_range": {"device_start": 2246389.156055623, "device_end": 2246389.1571303103}, "cmdq": 1, "read": {"device_start": -1, "device_end": -1}}, "FFC_sans_bias9": {"write": {"device_start": -1, "host_queued_start": 1585578614.915151, "device_queued": -1, "device_end": -1, "host_queued_end": 1585578614.935509}, "device": "cpu", "nd_range": {"device_start": 2246389.133446468, "device_end": 2246389.135379054}, "cmdq": 0, "read": {"device_start": -1, "device_end": -1}}, "coalesced_transpose39": {"write": {"device_start": -1, "host_queued_start": 1585578614.925313, "device_queued": -1, "device_end": -1, "host_queued_end": 1585578614.935509}, "device": "cpu", "nd_range": {"device_start": 2246389.141100331, "device_end": 2246389.141166896}, "cmdq": 2, "read": {"device_start": -1, "device_end": -1}}, "FFC_sans_bias55": {"write": {"device_start": -1, "host_queued_start": 1585578614.92381, "device_queued": -1, "device_end": -1, "host_queued_end": 1585578614.935509}, "device": "cpu", "nd_range": {"device_start": 2246389.135138743, "device_end": 2246389.1370801353}, "cmdq": 2, "read": {"device_start": -1, "device_end": -1}}, "FFC_sans_bias54": {"write": {"device_start": -1, "host_queued_start": 1585578614.923313, "device_queued": -1, "device_end": -1, "host_queued_end": 1585578614.935509}, "device": "cpu", "nd_range": {"device_start": 2246389.131322251, "device_end": 2246389.133265056}, "cmdq": 1, "read": {"device_start": -1, "device_end": -1}}, "FFC_sans_bias56": {"write": {"device_start": -1, "host_queued_start": 1585578614.922814, "device_queued": -1, "device_end": -1, "host_queued_end": 1585578614.935509}, "device": "cpu", "nd_range": {"device_start": 2246389.139276483, "device_end": 2246389.141242457}, "cmdq": 0, "read": {"device_start": -1, "device_end": -1}}, "FFC_sans_bias51": {"write": {"device_start": -1, "host_queued_start": 1585578614.931931, "device_queued": -1, "device_end": -1, "host_queued_end": 1585578614.935509}, "device": "cpu", "nd_range": {"device_start": 2246389.153143222, "device_end": 2246389.1550469953}, "cmdq": 4, "read": {"device_start": -1, "device_end": -1}}, "softmax23": {"write": {"device_start": -1, "host_queued_start": 1585578614.92898, "device_queued": -1, "device_end": -1, "host_queued_end": 1585578614.935509}, "device": "cpu", "nd_range": {"device_start": 2246389.146061228, "device_end": 2246389.146124734}, "cmdq": 4, "read": {"device_start": -1, "device_end": -1}}, "FFC_sans_bias37": {"write": {"device_start": -1, "host_queued_start": 1585578614.920252, "device_queued": -1, "device_end": -1, "host_queued_end": 1585578614.935509}, "device": "cpu", "nd_range": {"device_start": 2246389.137334023, "device_end": 2246389.1392700463}, "cmdq": 0, "read": {"device_start": -1, "device_end": -1}}, "empty62": {"write": {"device_start": -1, "host_queued_start": 1585578614.913119, "device_queued": -1, "device_end": -1, "host_queued_end": 1585578614.935509}, "device": "cpu", "nd_range": {"device_start": 2246389.125148987, "device_end": 2246389.125149765}, "cmdq": 1, "read": {"device_start": -1, "device_end": -1}}, "FFC_sans_bias70": {"write": {"device_start": 1585578549.7209597, "host_queued_start": 1585578614.90974, "device_queued": 1585578549.7208233, "device_end": 1585578549.7209725, "host_queued_end": 1585578614.90996}, "device": "gpu", "nd_range": {"device_start": 1585578549.7212822, "device_end": 1585578549.7213883}, "cmdq": 3, "read": {"device_start": 1585578549.721394, "device_end": 1585578549.7214015}}, "FFC_sans_bias58": {"write": {"device_start": -1, "host_queued_start": 1585578614.928221, "device_queued": -1, "device_end": -1, "host_queued_end": 1585578614.935509}, "device": "cpu", "nd_range": {"device_start": 2246389.1390983462, "device_end": 2246389.1410948522}, "cmdq": 1, "read": {"device_start": -1, "device_end": -1}}, "softmax41": {"write": {"device_start": -1, "host_queued_start": 1585578614.929542, "device_queued": -1, "device_end": -1, "host_queued_end": 1585578614.935509}, "device": "cpu", "nd_range": {"device_start": 2246389.142659922, "device_end": 2246389.142704849}, "cmdq": 1, "read": {"device_start": -1, "device_end": -1}}, "FFC_sans_bias11": {"write": {"device_start": -1, "host_queued_start": 1585578614.916154, "device_queued": -1, "device_end": -1, "host_queued_end": 1585578614.935509}, "device": "cpu", "nd_range": {"device_start": 2246389.1290388373, "device_end": 2246389.131016842}, "cmdq": 2, "read": {"device_start": -1, "device_end": -1}}, "FFC_sans_bias10": {"write": {"device_start": -1, "host_queued_start": 1585578614.915648, "device_queued": -1, "device_end": -1, "host_queued_end": 1585578614.935509}, "device": "cpu", "nd_range": {"device_start": 2246389.125154635, "device_end": 2246389.127194115}, "cmdq": 1, "read": {"device_start": -1, "device_end": -1}}, "coalesced_transpose3": {"write": {"device_start": -1, "host_queued_start": 1585578614.92412, "device_queued": -1, "device_end": -1, "host_queued_end": 1585578614.935509}, "device": "cpu", "nd_range": {"device_start": 2246389.139574772, "device_end": 2246389.1396371913}, "cmdq": 3, "read": {"device_start": -1, "device_end": -1}}, "FFC_sans_bias34": {"write": {"device_start": -1, "host_queued_start": 1585578614.934108, "device_queued": -1, "device_end": -1, "host_queued_end": 1585578614.935509}, "device": "cpu", "nd_range": {"device_start": 2246389.155067466, "device_end": 2246389.1566720842}, "cmdq": 4, "read": {"device_start": -1, "device_end": -1}}, "FFC_sans_bias15": {"write": {"device_start": -1, "host_queued_start": 1585578614.930678, "device_queued": -1, "device_end": -1, "host_queued_end": 1585578614.935509}, "device": "cpu", "nd_range": {"device_start": 2246389.152158257, "device_end": 2246389.1531425603}, "cmdq": 0, "read": {"device_start": -1, "device_end": -1}}, "FFC_sans_bias31": {"write": {"device_start": -1, "host_queued_start": 1585578614.927282, "device_queued": -1, "device_end": -1, "host_queued_end": 1585578614.935509}, "device": "cpu", "nd_range": {"device_start": 2246389.1398611083, "device_end": 2246389.141812792}, "cmdq": 3, "read": {"device_start": -1, "device_end": -1}}, "FFC_sans_bias16": {"write": {"device_start": -1, "host_queued_start": 1585578614.933205, "device_queued": -1, "device_end": -1, "host_queued_end": 1585578614.935509}, "device": "cpu", "nd_range": {"device_start": 2246389.1540872264, "device_end": 2246389.156051209}, "cmdq": 2, "read": {"device_start": -1, "device_end": -1}}, "FFC_sans_bias19": {"write": {"device_start": -1, "host_queued_start": 1585578614.917152, "device_queued": -1, "device_end": -1, "host_queued_end": 1585578614.935509}, "device": "cpu", "nd_range": {"device_start": 2246389.1276870463, "device_end": 2246389.1296477662}, "cmdq": 4, "read": {"device_start": -1, "device_end": -1}}, "FFC_sans_bias18": {"write": {"device_start": -1, "host_queued_start": 1585578614.916653, "device_queued": -1, "device_end": -1, "host_queued_end": 1585578614.935509}, "device": "cpu", "nd_range": {"device_start": 2246389.133749593, "device_end": 2246389.1356778503}, "cmdq": 3, "read": {"device_start": -1, "device_end": -1}}, "coalesced_transpose30": {"write": {"device_start": -1, "host_queued_start": 1585578614.925027, "device_queued": -1, "device_end": -1, "host_queued_end": 1585578614.935509}, "device": "cpu", "nd_range": {"device_start": 2246389.133387619, "device_end": 2246389.133439957}, "cmdq": 1, "read": {"device_start": -1, "device_end": -1}}, "FFC_sans_bias69": {"write": {"device_start": -1, "host_queued_start": 1585578614.909275, "device_queued": -1, "device_end": -1, "host_queued_end": 1585578614.90996}, "device": "gpu", "nd_range": {"device_start": 1585578549.7211716, "device_end": 1585578549.7212796}, "cmdq": 2, "read": {"device_start": -1, "device_end": -1}}, "FFC_sans_bias38": {"write": {"device_start": -1, "host_queued_start": 1585578614.920757, "device_queued": -1, "device_end": -1, "host_queued_end": 1585578614.935509}, "device": "cpu", "nd_range": {"device_start": 2246389.129221193, "device_end": 2246389.131311673}, "cmdq": 1, "read": {"device_start": -1, "device_end": -1}}, "coalesced_transpose57": {"write": {"device_start": -1, "host_queued_start": 1585578614.92597, "device_queued": -1, "device_end": -1, "host_queued_end": 1585578614.935509}, "device": "cpu", "nd_range": {"device_start": 2246389.1390263163, "device_end": 2246389.139086801}, "cmdq": 4, "read": {"device_start": -1, "device_end": -1}}, "empty26": {"write": {"device_start": -1, "host_queued_start": 1585578614.911532, "device_queued": -1, "device_end": -1, "host_queued_end": 1585578614.935509}, "device": "cpu", "nd_range": {"device_start": 2246389.127107638, "device_end": 2246389.1271087723}, "cmdq": 2, "read": {"device_start": -1, "device_end": -1}}, "coalesced_transpose12": {"write": {"device_start": -1, "host_queued_start": 1585578614.924416, "device_queued": -1, "device_end": -1, "host_queued_end": 1585578614.935509}, "device": "cpu", "nd_range": {"device_start": 2246389.1336640012, "device_end": 2246389.133732552}, "cmdq": 4, "read": {"device_start": -1, "device_end": -1}}, "empty44": {"write": {"device_start": -1, "host_queued_start": 1585578614.912342, "device_queued": -1, "device_end": -1, "host_queued_end": 1585578614.935509}, "device": "cpu", "nd_range": {"device_start": 2246389.1251523723, "device_end": 2246389.1251563122}, "cmdq": 4, "read": {"device_start": -1, "device_end": -1}}, "coalesced_transpose21": {"write": {"device_start": -1, "host_queued_start": 1585578614.92472, "device_queued": -1, "device_end": -1, "host_queued_end": 1585578614.935509}, "device": "cpu", "nd_range": {"device_start": 2246389.145015864, "device_end": 2246389.14506899}, "cmdq": 0, "read": {"device_start": -1, "device_end": -1}}, "FFC_sans_bias36": {"write": {"device_start": -1, "host_queued_start": 1585578614.91975, "device_queued": -1, "device_end": -1, "host_queued_end": 1585578614.935509}, "device": "cpu", "nd_range": {"device_start": 2246389.129654326, "device_end": 2246389.13157813}, "cmdq": 4, "read": {"device_start": -1, "device_end": -1}}, "softmax14": {"write": {"device_start": -1, "host_queued_start": 1585578614.92873, "device_queued": -1, "device_end": -1, "host_queued_end": 1585578614.935509}, "device": "cpu", "nd_range": {"device_start": 2246389.141819634, "device_end": 2246389.1418773104}, "cmdq": 3, "read": {"device_start": -1, "device_end": -1}}, "FFC_sans_bias13": {"write": {"device_start": -1, "host_queued_start": 1585578614.926658, "device_queued": -1, "device_end": -1, "host_queued_end": 1585578614.935509}, "device": "cpu", "nd_range": {"device_start": 2246389.137086797, "device_end": 2246389.1390210614}, "cmdq": 1, "read": {"device_start": -1, "device_end": -1}}, "empty8": {"write": {"device_start": -1, "host_queued_start": 1585578614.910625, "device_queued": -1, "device_end": -1, "host_queued_end": 1585578614.935509}, "device": "cpu", "nd_range": {"device_start": 2246389.1251003863, "device_end": 2246389.125113369}, "cmdq": 0, "read": {"device_start": -1, "device_end": -1}}, "FFC_sans_bias42": {"write": {"device_start": -1, "host_queued_start": 1585578614.931612, "device_queued": -1, "device_end": -1, "host_queued_end": 1585578614.935509}, "device": "cpu", "nd_range": {"device_start": 2246389.1427099654, "device_end": 2246389.14378666}, "cmdq": 3, "read": {"device_start": -1, "device_end": -1}}, "FFC_sans_bias43": {"write": {"device_start": -1, "host_queued_start": 1585578614.934556, "device_queued": -1, "device_end": -1, "host_queued_end": 1585578614.935509}, "device": "cpu", "nd_range": {"device_start": 2246389.158128113, "device_end": 2246389.1591983023}, "cmdq": 0, "read": {"device_start": -1, "device_end": -1}}, "FFC_sans_bias40": {"write": {"device_start": -1, "host_queued_start": 1585578614.927598, "device_queued": -1, "device_end": -1, "host_queued_end": 1585578614.935509}, "device": "cpu", "nd_range": {"device_start": 2246389.141176044, "device_end": 2246389.142642604}, "cmdq": 4, "read": {"device_start": -1, "device_end": -1}}, "softmax32": {"write": {"device_start": -1, "host_queued_start": 1585578614.929257, "device_queued": -1, "device_end": -1, "host_queued_end": 1585578614.935509}, "device": "cpu", "nd_range": {"device_start": 2246389.152092451, "device_end": 2246389.1521525243}, "cmdq": 0, "read": {"device_start": -1, "device_end": -1}}, "FFC_sans_bias47": {"write": {"device_start": -1, "host_queued_start": 1585578614.922265, "device_queued": -1, "device_end": -1, "host_queued_end": 1585578614.935509}, "device": "cpu", "nd_range": {"device_start": 2246389.1315832483, "device_end": 2246389.133536639}, "cmdq": 4, "read": {"device_start": -1, "device_end": -1}}, "FFC_sans_bias45": {"write": {"device_start": -1, "host_queued_start": 1585578614.921259, "device_queued": -1, "device_end": -1, "host_queued_end": 1585578614.935509}, "device": "cpu", "nd_range": {"device_start": 2246389.1331805973, "device_end": 2246389.135122314}, "cmdq": 2, "read": {"device_start": -1, "device_end": -1}}, "softmax50": {"write": {"device_start": -1, "host_queued_start": 1585578614.929778, "device_queued": -1, "device_end": -1, "host_queued_end": 1585578614.935509}, "device": "cpu", "nd_range": {"device_start": 2246389.152111312, "device_end": 2246389.1521564024}, "cmdq": 2, "read": {"device_start": -1, "device_end": -1}}, "FFC_sans_bias33": {"write": {"device_start": -1, "host_queued_start": 1585578614.931308, "device_queued": -1, "device_end": -1, "host_queued_end": 1585578614.935509}, "device": "cpu", "nd_range": {"device_start": 2246389.152173213, "device_end": 2246389.154081013}, "cmdq": 2, "read": {"device_start": -1, "device_end": -1}}, "FFC_sans_bias63": {"write": {"device_start": 1585578549.7207282, "host_queued_start": 1585578614.908147, "device_queued": 1585578549.7207077, "device_end": 1585578549.720737, "host_queued_end": 1585578614.90996}, "device": "gpu", "nd_range": {"device_start": 1585578549.720785, "device_end": 1585578549.7209582}, "cmdq": 3, "read": {"device_start": -1, "device_end": -1}}, "FFC_sans_bias49": {"write": {"device_start": -1, "host_queued_start": 1585578614.927915, "device_queued": -1, "device_end": -1, "host_queued_end": 1585578614.935509}, "device": "cpu", "nd_range": {"device_start": 2246389.146555853, "device_end": 2246389.14848042}, "cmdq": 0, "read": {"device_start": -1, "device_end": -1}}, "FFC_sans_bias64": {"write": {"device_start": 1585578549.7206862, "host_queued_start": 1585578614.907093, "device_queued": 1585578549.7206671, "device_end": 1585578549.7206948, "host_queued_end": 1585578614.90996}, "device": "gpu", "nd_range": {"device_start": 1585578549.7207406, "device_end": 1585578549.720851}, "cmdq": 1, "read": {"device_start": -1, "device_end": -1}}, "FFC_sans_bias65": {"write": {"device_start": 1585578549.7207062, "host_queued_start": 1585578614.907626, "device_queued": 1585578549.7206879, "device_end": 1585578549.7207148, "host_queued_end": 1585578614.90996}, "device": "gpu", "nd_range": {"device_start": 1585578549.720757, "device_end": 1585578549.7209373}, "cmdq": 2, "read": {"device_start": -1, "device_end": -1}}, "FFC_sans_bias67": {"write": {"device_start": -1, "host_queued_start": 1585578614.90877, "device_queued": -1, "device_end": -1, "host_queued_end": 1585578614.90996}, "device": "gpu", "nd_range": {"device_start": 1585578549.7209752, "device_end": 1585578549.7210827}, "cmdq": 0, "read": {"device_start": -1, "device_end": -1}}, "FFC_sans_bias24": {"write": {"device_start": -1, "host_queued_start": 1585578614.930989, "device_queued": -1, "device_end": -1, "host_queued_end": 1585578614.935509}, "device": "cpu", "nd_range": {"device_start": 2246389.146136782, "device_end": 2246389.147344488}, "cmdq": 1, "read": {"device_start": -1, "device_end": -1}}, "FFC_sans_bias25": {"write": {"device_start": -1, "host_queued_start": 1585578614.933656, "device_queued": -1, "device_end": -1, "host_queued_end": 1585578614.935509}, "device": "cpu", "nd_range": {"device_start": 2246389.1473566922, "device_end": 2246389.149057098}, "cmdq": 3, "read": {"device_start": -1, "device_end": -1}}, "FFC_sans_bias27": {"write": {"device_start": -1, "host_queued_start": 1585578614.918179, "device_queued": -1, "device_end": -1, "host_queued_end": 1585578614.935509}, "device": "cpu", "nd_range": {"device_start": 2246389.1272002473, "device_end": 2246389.129117359}, "cmdq": 1, "read": {"device_start": -1, "device_end": -1}}, "FFC_sans_bias20": {"write": {"device_start": -1, "host_queued_start": 1585578614.917657, "device_queued": -1, "device_end": -1, "host_queued_end": 1585578614.935509}, "device": "cpu", "nd_range": {"device_start": 2246389.135384356, "device_end": 2246389.137329725}, "cmdq": 0, "read": {"device_start": -1, "device_end": -1}}, "FFC_sans_bias22": {"write": {"device_start": -1, "host_queued_start": 1585578614.926979, "device_queued": -1, "device_end": -1, "host_queued_end": 1585578614.935509}, "device": "cpu", "nd_range": {"device_start": 2246389.1450878154, "device_end": 2246389.146041486}, "cmdq": 2, "read": {"device_start": -1, "device_end": -1}}, "softmax68": {"write": {"device_start": -1, "host_queued_start": 1585578614.908997, "device_queued": -1, "device_end": -1, "host_queued_end": 1585578614.90996}, "device": "gpu", "nd_range": {"device_start": 1585578549.7210906, "device_end": 1585578549.721166}, "cmdq": 1, "read": {"device_start": -1, "device_end": -1}}, "softmax5": {"write": {"device_start": -1, "host_queued_start": 1585578614.928478, "device_queued": -1, "device_end": -1, "host_queued_end": 1585578614.935509}, "device": "cpu", "nd_range": {"device_start": 2246389.147252601, "device_end": 2246389.1473002}, "cmdq": 2, "read": {"device_start": -1, "device_end": -1}}, "FFC_sans_bias28": {"write": {"device_start": -1, "host_queued_start": 1585578614.918747, "device_queued": -1, "device_end": -1, "host_queued_end": 1585578614.935509}, "device": "cpu", "nd_range": {"device_start": 2246389.131022418, "device_end": 2246389.1331722783}, "cmdq": 2, "read": {"device_start": -1, "device_end": -1}}, "FFC_sans_bias29": {"write": {"device_start": -1, "host_queued_start": 1585578614.919253, "device_queued": -1, "device_end": -1, "host_queued_end": 1585578614.935509}, "device": "cpu", "nd_range": {"device_start": 2246389.135695192, "device_end": 2246389.1376275863}, "cmdq": 3, "read": {"device_start": -1, "device_end": -1}}, "empty17": {"write": {"device_start": -1, "host_queued_start": 1585578614.911076, "device_queued": -1, "device_end": -1, "host_queued_end": 1585578614.935509}, "device": "cpu", "nd_range": {"device_start": 2246389.1251403033, "device_end": 2246389.125141627}, "cmdq": 1, "read": {"device_start": -1, "device_end": -1}}, "softmax59": {"write": {"device_start": -1, "host_queued_start": 1585578614.930028, "device_queued": -1, "device_end": -1, "host_queued_end": 1585578614.935509}, "device": "cpu", "nd_range": {"device_start": 2246389.141887704, "device_end": 2246389.142050148}, "cmdq": 3, "read": {"device_start": -1, "device_end": -1}}, "empty71": {"write": {"device_start": 1585578549.7206376, "host_queued_start": 1585578614.906316, "device_queued": 1585578549.7206106, "device_end": 1585578549.7206461, "host_queued_end": 1585578614.90996}, "device": "gpu", "nd_range": {"device_start": 1585578549.7206497, "device_end": 1585578549.7206614}, "cmdq": 0, "read": {"device_start": -1, "device_end": -1}}, "empty35": {"write": {"device_start": -1, "host_queued_start": 1585578614.911931, "device_queued": -1, "device_end": -1, "host_queued_end": 1585578614.935509}, "device": "cpu", "nd_range": {"device_start": 2246389.125107793, "device_end": 2246389.125113341}, "cmdq": 3, "read": {"device_start": -1, "device_end": -1}}, "empty53": {"write": {"device_start": -1, "host_queued_start": 1585578614.912747, "device_queued": -1, "device_end": -1, "host_queued_end": 1585578614.935509}, "device": "cpu", "nd_range": {"device_start": 2246389.1251327284, "device_end": 2246389.125134035}, "cmdq": 0, "read": {"device_start": -1, "device_end": -1}}, "FFC_sans_bias46": {"write": {"device_start": -1, "host_queued_start": 1585578614.92176, "device_queued": -1, "device_end": -1, "host_queued_end": 1585578614.935509}, "device": "cpu", "nd_range": {"device_start": 2246389.137632656, "device_end": 2246389.139570538}, "cmdq": 3, "read": {"device_start": -1, "device_end": -1}}, "coalesced_transpose66": {"write": {"device_start": -1, "host_queued_start": 1585578614.908464, "device_queued": -1, "device_end": -1, "host_queued_end": 1585578614.90996}, "device": "gpu", "nd_range": {"device_start": 1585578549.7208545, "device_end": 1585578549.7208924}, "cmdq": 4, "read": {"device_start": -1, "device_end": -1}}, "coalesced_transpose48": {"write": {"device_start": -1, "host_queued_start": 1585578614.925614, "device_queued": -1, "device_end": -1, "host_queued_end": 1585578614.935509}, "device": "cpu", "nd_range": {"device_start": 2246389.139651609, "device_end": 2246389.139853471}, "cmdq": 3, "read": {"device_start": -1, "device_end": -1}}}