{"FFC_sans_bias60": {"write": {"device_start": -1, "host_queued_start": 1585578360.374058, "device_queued": -1, "device_end": -1, "host_queued_end": 1585578360.37751}, "device": "gpu", "nd_range": {"device_start": 1585578295.1976283, "device_end": 1585578295.197752}, "cmdq": 1, "read": {"device_start": -1, "device_end": -1}}, "FFC_sans_bias4": {"write": {"device_start": -1, "host_queued_start": 1585578360.383231, "device_queued": -1, "device_end": -1, "host_queued_end": 1585578360.385672}, "device": "cpu", "nd_range": {"device_start": 2246134.577550542, "device_end": 2246134.579043079}, "cmdq": 0, "read": {"device_start": -1, "device_end": -1}}, "FFC_sans_bias7": {"write": {"device_start": -1, "host_queued_start": 1585578360.385177, "device_queued": -1, "device_end": -1, "host_queued_end": 1585578360.385672}, "device": "cpu", "nd_range": {"device_start": 2246134.580550653, "device_end": 2246134.581513712}, "cmdq": 1, "read": {"device_start": -1, "device_end": -1}}, "FFC_sans_bias6": {"write": {"device_start": -1, "host_queued_start": 1585578360.384356, "device_queued": -1, "device_end": -1, "host_queued_end": 1585578360.385672}, "device": "cpu", "nd_range": {"device_start": 2246134.57929466, "device_end": 2246134.5804122663}, "cmdq": 4, "read": {"device_start": -1, "device_end": -1}}, "FFC_sans_bias1": {"write": {"device_start": -1, "host_queued_start": 1585578360.379921, "device_queued": -1, "device_end": -1, "host_queued_end": 1585578360.385672}, "device": "cpu", "nd_range": {"device_start": 2246134.575346228, "device_end": 2246134.577277224}, "cmdq": 3, "read": {"device_start": -1, "device_end": -1}}, "FFC_sans_bias0": {"write": {"device_start": -1, "host_queued_start": 1585578360.379343, "device_queued": -1, "device_end": -1, "host_queued_end": 1585578360.385672}, "device": "cpu", "nd_range": {"device_start": 2246134.575280806, "device_end": 2246134.577232019}, "cmdq": 2, "read": {"device_start": -1, "device_end": -1}}, "FFC_sans_bias2": {"write": {"device_start": -1, "host_queued_start": 1585578360.380545, "device_queued": -1, "device_end": -1, "host_queued_end": 1585578360.385672}, "device": "cpu", "nd_range": {"device_start": 2246134.577219155, "device_end": 2246134.5787748443}, "cmdq": 4, "read": {"device_start": -1, "device_end": -1}}, "FFC_sans_bias61": {"write": {"device_start": 1585578295.1980553, "host_queued_start": 1585578360.376876, "device_queued": 1585578295.197417, "device_end": 1585578295.198064, "host_queued_end": 1585578360.37751}, "device": "gpu", "nd_range": {"device_start": 1585578295.198065, "device_end": 1585578295.198247}, "cmdq": 1, "read": {"device_start": 1585578295.1982589, "device_end": 1585578295.198273}}, "FFC_sans_bias52": {"write": {"device_start": 1585578295.198037, "host_queued_start": 1585578360.376372, "device_queued": 1585578295.1973703, "device_end": 1585578295.198047, "host_queued_end": 1585578360.37751}, "device": "gpu", "nd_range": {"device_start": 1585578295.1980484, "device_end": 1585578295.1982195}, "cmdq": 0, "read": {"device_start": 1585578295.198232, "device_end": 1585578295.198251}}, "FFC_sans_bias9": {"write": {"device_start": -1, "host_queued_start": 1585578360.381245, "device_queued": -1, "device_end": -1, "host_queued_end": 1585578360.385672}, "device": "cpu", "nd_range": {"device_start": 2246134.5752739944, "device_end": 2246134.5772137432}, "cmdq": 0, "read": {"device_start": -1, "device_end": -1}}, "coalesced_transpose39": {"write": {"device_start": -1, "host_queued_start": 1585578360.368722, "device_queued": -1, "device_end": -1, "host_queued_end": 1585578360.37751}, "device": "gpu", "nd_range": {"device_start": 1585578295.1970062, "device_end": 1585578295.1970654}, "cmdq": 2, "read": {"device_start": -1, "device_end": -1}}, "FFC_sans_bias55": {"write": {"device_start": 1585578295.1966257, "host_queued_start": 1585578360.366358, "device_queued": 1585578295.1965125, "device_end": 1585578295.1966345, "host_queued_end": 1585578360.37751}, "device": "gpu", "nd_range": {"device_start": 1585578295.1966357, "device_end": 1585578295.196821}, "cmdq": 2, "read": {"device_start": -1, "device_end": -1}}, "FFC_sans_bias54": {"write": {"device_start": 1585578295.1965933, "host_queued_start": 1585578360.365856, "device_queued": 1585578295.1964812, "device_end": 1585578295.1966016, "host_queued_end": 1585578360.37751}, "device": "gpu", "nd_range": {"device_start": 1585578295.1966028, "device_end": 1585578295.196789}, "cmdq": 1, "read": {"device_start": -1, "device_end": -1}}, "FFC_sans_bias56": {"write": {"device_start": 1585578295.1965208, "host_queued_start": 1585578360.365366, "device_queued": 1585578295.1963563, "device_end": 1585578295.1965313, "host_queued_end": 1585578360.37751}, "device": "gpu", "nd_range": {"device_start": 1585578295.1965327, "device_end": 1585578295.1967125}, "cmdq": 0, "read": {"device_start": -1, "device_end": -1}}, "FFC_sans_bias51": {"write": {"device_start": -1, "host_queued_start": 1585578360.373773, "device_queued": -1, "device_end": -1, "host_queued_end": 1585578360.37751}, "device": "gpu", "nd_range": {"device_start": 1585578295.1975458, "device_end": 1585578295.197714}, "cmdq": 0, "read": {"device_start": -1, "device_end": -1}}, "softmax23": {"write": {"device_start": -1, "host_queued_start": 1585578360.371527, "device_queued": -1, "device_end": -1, "host_queued_end": 1585578360.37751}, "device": "gpu", "nd_range": {"device_start": 1585578295.1972146, "device_end": 1585578295.1973486}, "cmdq": 0, "read": {"device_start": -1, "device_end": -1}}, "FFC_sans_bias37": {"write": {"device_start": 1585578295.1962051, "host_queued_start": 1585578360.362891, "device_queued": 1585578295.1961524, "device_end": 1585578295.196214, "host_queued_end": 1585578360.37751}, "device": "gpu", "nd_range": {"device_start": 1585578295.1962152, "device_end": 1585578295.1963928}, "cmdq": 1, "read": {"device_start": -1, "device_end": -1}}, "empty62": {"write": {"device_start": 1585578295.1956892, "host_queued_start": 1585578360.358323, "device_queued": 1585578295.195666, "device_end": 1585578295.195698, "host_queued_end": 1585578360.37751}, "device": "gpu", "nd_range": {"device_start": 1585578295.1957295, "device_end": 1585578295.195736}, "cmdq": 1, "read": {"device_start": -1, "device_end": -1}}, "FFC_sans_bias70": {"write": {"device_start": 1585578295.1982517, "host_queued_start": 1585578360.377376, "device_queued": 1585578295.1974385, "device_end": 1585578295.1982603, "host_queued_end": 1585578360.37751}, "device": "gpu", "nd_range": {"device_start": 1585578295.1982622, "device_end": 1585578295.1983762}, "cmdq": 2, "read": {"device_start": 1585578295.1983886, "device_end": 1585578295.1983953}}, "FFC_sans_bias58": {"write": {"device_start": -1, "host_queued_start": 1585578360.371004, "device_queued": -1, "device_end": -1, "host_queued_end": 1585578360.37751}, "device": "gpu", "nd_range": {"device_start": 1585578295.1971486, "device_end": 1585578295.1973138}, "cmdq": 1, "read": {"device_start": -1, "device_end": -1}}, "softmax41": {"write": {"device_start": -1, "host_queued_start": 1585578360.371963, "device_queued": -1, "device_end": -1, "host_queued_end": 1585578360.37751}, "device": "gpu", "nd_range": {"device_start": 1585578295.1974025, "device_end": 1585578295.197518}, "cmdq": 2, "read": {"device_start": -1, "device_end": -1}}, "FFC_sans_bias11": {"write": {"device_start": -1, "host_queued_start": 1585578360.382279, "device_queued": -1, "device_end": -1, "host_queued_end": 1585578360.385672}, "device": "cpu", "nd_range": {"device_start": 2246134.5772450943, "device_end": 2246134.5791013683}, "cmdq": 2, "read": {"device_start": -1, "device_end": -1}}, "FFC_sans_bias10": {"write": {"device_start": -1, "host_queued_start": 1585578360.381757, "device_queued": -1, "device_end": -1, "host_queued_end": 1585578360.385672}, "device": "cpu", "nd_range": {"device_start": 2246134.575271367, "device_end": 2246134.5781175983}, "cmdq": 1, "read": {"device_start": -1, "device_end": -1}}, "coalesced_transpose3": {"write": {"device_start": -1, "host_queued_start": 1585578360.382603, "device_queued": -1, "device_end": -1, "host_queued_end": 1585578360.385672}, "device": "cpu", "nd_range": {"device_start": 2246134.577395523, "device_end": 2246134.577448834}, "cmdq": 3, "read": {"device_start": -1, "device_end": -1}}, "FFC_sans_bias34": {"write": {"device_start": 1585578295.1977532, "host_queued_start": 1585578360.375379, "device_queued": 1585578295.1972296, "device_end": 1585578295.1977618, "host_queued_end": 1585578360.37751}, "device": "gpu", "nd_range": {"device_start": 1585578295.197763, "device_end": 1585578295.1979473}, "cmdq": 1, "read": {"device_start": 1585578295.1979508, "device_end": 1585578295.1979609}}, "FFC_sans_bias15": {"write": {"device_start": -1, "host_queued_start": 1585578360.384676, "device_queued": -1, "device_end": -1, "host_queued_end": 1585578360.385672}, "device": "cpu", "nd_range": {"device_start": 2246134.5804333873, "device_end": 2246134.5812785053}, "cmdq": 0, "read": {"device_start": -1, "device_end": -1}}, "FFC_sans_bias31": {"write": {"device_start": -1, "host_queued_start": 1585578360.370111, "device_queued": -1, "device_end": -1, "host_queued_end": 1585578360.37751}, "device": "gpu", "nd_range": {"device_start": 1585578295.1970024, "device_end": 1585578295.1971476}, "cmdq": 1, "read": {"device_start": -1, "device_end": -1}}, "FFC_sans_bias16": {"write": {"device_start": -1, "host_queued_start": 1585578360.385628, "device_queued": -1, "device_end": -1, "host_queued_end": 1585578360.385672}, "device": "cpu", "nd_range": {"device_start": 2246134.581405994, "device_end": 2246134.5820052093}, "cmdq": 2, "read": {"device_start": -1, "device_end": -1}}, "FFC_sans_bias19": {"write": {"device_start": 1585578295.1958115, "host_queued_start": 1585578360.359747, "device_queued": 1585578295.1957881, "device_end": 1585578295.1958222, "host_queued_end": 1585578360.37751}, "device": "gpu", "nd_range": {"device_start": 1585578295.1958613, "device_end": 1585578295.1959722}, "cmdq": 1, "read": {"device_start": -1, "device_end": -1}}, "FFC_sans_bias18": {"write": {"device_start": 1585578295.1957643, "host_queued_start": 1585578360.35925, "device_queued": 1585578295.1957393, "device_end": 1585578295.1957731, "host_queued_end": 1585578360.37751}, "device": "gpu", "nd_range": {"device_start": 1585578295.195779, "device_end": 1585578295.195888}, "cmdq": 0, "read": {"device_start": -1, "device_end": -1}}, "coalesced_transpose30": {"write": {"device_start": -1, "host_queued_start": 1585578360.36845, "device_queued": -1, "device_end": -1, "host_queued_end": 1585578360.37751}, "device": "gpu", "nd_range": {"device_start": 1585578295.196943, "device_end": 1585578295.1969562}, "cmdq": 1, "read": {"device_start": -1, "device_end": -1}}, "FFC_sans_bias69": {"write": {"device_start": -1, "host_queued_start": 1585578360.374353, "device_queued": -1, "device_end": -1, "host_queued_end": 1585578360.37751}, "device": "gpu", "nd_range": {"device_start": 1585578295.1978405, "device_end": 1585578295.1980095}, "cmdq": 2, "read": {"device_start": -1, "device_end": -1}}, "FFC_sans_bias38": {"write": {"device_start": 1585578295.1962986, "host_queued_start": 1585578360.363388, "device_queued": 1585578295.196176, "device_end": 1585578295.1963103, "host_queued_end": 1585578360.37751}, "device": "gpu", "nd_range": {"device_start": 1585578295.1963117, "device_end": 1585578295.196486}, "cmdq": 2, "read": {"device_start": -1, "device_end": -1}}, "coalesced_transpose57": {"write": {"device_start": -1, "host_queued_start": 1585578360.369266, "device_queued": -1, "device_end": -1, "host_queued_end": 1585578360.37751}, "device": "gpu", "nd_range": {"device_start": 1585578295.1969576, "device_end": 1585578295.1970012}, "cmdq": 1, "read": {"device_start": -1, "device_end": -1}}, "empty26": {"write": {"device_start": 1585578295.1954849, "host_queued_start": 1585578360.356524, "device_queued": 1585578295.1954515, "device_end": 1585578295.1954935, "host_queued_end": 1585578360.37751}, "device": "gpu", "nd_range": {"device_start": 1585578295.1955101, "device_end": 1585578295.1955235}, "cmdq": 0, "read": {"device_start": -1, "device_end": -1}}, "coalesced_transpose12": {"write": {"device_start": -1, "host_queued_start": 1585578360.382921, "device_queued": -1, "device_end": -1, "host_queued_end": 1585578360.385672}, "device": "cpu", "nd_range": {"device_start": 2246134.578997521, "device_end": 2246134.579031385}, "cmdq": 4, "read": {"device_start": -1, "device_end": -1}}, "empty44": {"write": {"device_start": 1585578295.1955805, "host_queued_start": 1585578360.357535, "device_queued": 1585578295.1955554, "device_end": 1585578295.1955893, "host_queued_end": 1585578360.37751}, "device": "gpu", "nd_range": {"device_start": 1585578295.1956022, "device_end": 1585578295.195609}, "cmdq": 2, "read": {"device_start": -1, "device_end": -1}}, "coalesced_transpose21": {"write": {"device_start": -1, "host_queued_start": 1585578360.368179, "device_queued": -1, "device_end": -1, "host_queued_end": 1585578360.37751}, "device": "gpu", "nd_range": {"device_start": 1585578295.1969035, "device_end": 1585578295.19693}, "cmdq": 0, "read": {"device_start": -1, "device_end": -1}}, "FFC_sans_bias36": {"write": {"device_start": 1585578295.1961346, "host_queued_start": 1585578360.362351, "device_queued": 1585578295.196112, "device_end": 1585578295.1961432, "host_queued_end": 1585578360.37751}, "device": "gpu", "nd_range": {"device_start": 1585578295.1961472, "device_end": 1585578295.1963148}, "cmdq": 0, "read": {"device_start": -1, "device_end": -1}}, "softmax14": {"write": {"device_start": -1, "host_queued_start": 1585578360.384041, "device_queued": -1, "device_end": -1, "host_queued_end": 1585578360.385672}, "device": "cpu", "nd_range": {"device_start": 2246134.580395006, "device_end": 2246134.580422178}, "cmdq": 3, "read": {"device_start": -1, "device_end": -1}}, "FFC_sans_bias13": {"write": {"device_start": -1, "host_queued_start": 1585578360.38355, "device_queued": -1, "device_end": -1, "host_queued_end": 1585578360.385672}, "device": "cpu", "nd_range": {"device_start": 2246134.579058308, "device_end": 2246134.580278628}, "cmdq": 1, "read": {"device_start": -1, "device_end": -1}}, "empty8": {"write": {"device_start": -1, "host_queued_start": 1585578360.37825, "device_queued": -1, "device_end": -1, "host_queued_end": 1585578360.385672}, "device": "cpu", "nd_range": {"device_start": 2246134.575243825, "device_end": 2246134.575253544}, "cmdq": 0, "read": {"device_start": -1, "device_end": -1}}, "FFC_sans_bias42": {"write": {"device_start": -1, "host_queued_start": 1585578360.373476, "device_queued": -1, "device_end": -1, "host_queued_end": 1585578360.37751}, "device": "gpu", "nd_range": {"device_start": 1585578295.1976843, "device_end": 1585578295.1978395}, "cmdq": 2, "read": {"device_start": -1, "device_end": -1}}, "FFC_sans_bias43": {"write": {"device_start": 1585578295.1980166, "host_queued_start": 1585578360.375877, "device_queued": 1585578295.1972506, "device_end": 1585578295.1980286, "host_queued_end": 1585578360.37751}, "device": "gpu", "nd_range": {"device_start": 1585578295.1980298, "device_end": 1585578295.1981387}, "cmdq": 2, "read": {"device_start": 1585578295.1981497, "device_end": 1585578295.1981583}}, "FFC_sans_bias40": {"write": {"device_start": -1, "host_queued_start": 1585578360.370407, "device_queued": -1, "device_end": -1, "host_queued_end": 1585578360.37751}, "device": "gpu", "nd_range": {"device_start": 1585578295.197083, "device_end": 1585578295.1972835}, "cmdq": 2, "read": {"device_start": -1, "device_end": -1}}, "softmax32": {"write": {"device_start": -1, "host_queued_start": 1585578360.371742, "device_queued": -1, "device_end": -1, "host_queued_end": 1585578360.37751}, "device": "gpu", "nd_range": {"device_start": 1585578295.1973162, "device_end": 1585578295.1973886}, "cmdq": 1, "read": {"device_start": -1, "device_end": -1}}, "FFC_sans_bias47": {"write": {"device_start": 1585578295.1964908, "host_queued_start": 1585578360.364874, "device_queued": 1585578295.196286, "device_end": 1585578295.196502, "host_queued_end": 1585578360.37751}, "device": "gpu", "nd_range": {"device_start": 1585578295.1965032, "device_end": 1585578295.196622}, "cmdq": 2, "read": {"device_start": -1, "device_end": -1}}, "FFC_sans_bias45": {"write": {"device_start": 1585578295.1963184, "host_queued_start": 1585578360.363881, "device_queued": 1585578295.196223, "device_end": 1585578295.1963308, "host_queued_end": 1585578360.37751}, "device": "gpu", "nd_range": {"device_start": 1585578295.196332, "device_end": 1585578295.1965153}, "cmdq": 0, "read": {"device_start": -1, "device_end": -1}}, "softmax50": {"write": {"device_start": -1, "host_queued_start": 1585578360.372189, "device_queued": -1, "device_end": -1, "host_queued_end": 1585578360.37751}, "device": "gpu", "nd_range": {"device_start": 1585578295.1973507, "device_end": 1585578295.1974318}, "cmdq": 0, "read": {"device_start": -1, "device_end": -1}}, "FFC_sans_bias33": {"write": {"device_start": -1, "host_queued_start": 1585578360.373189, "device_queued": -1, "device_end": -1, "host_queued_end": 1585578360.37751}, "device": "gpu", "nd_range": {"device_start": 1585578295.1975143, "device_end": 1585578295.1976273}, "cmdq": 1, "read": {"device_start": -1, "device_end": -1}}, "FFC_sans_bias63": {"write": {"device_start": 1585578295.1968234, "host_queued_start": 1585578360.367885, "device_queued": 1585578295.196638, "device_end": 1585578295.196832, "host_queued_end": 1585578360.37751}, "device": "gpu", "nd_range": {"device_start": 1585578295.1968331, "device_end": 1585578295.1970048}, "cmdq": 2, "read": {"device_start": -1, "device_end": -1}}, "FFC_sans_bias49": {"write": {"device_start": -1, "host_queued_start": 1585578360.370726, "device_queued": -1, "device_end": -1, "host_queued_end": 1585578360.37751}, "device": "gpu", "nd_range": {"device_start": 1585578295.1970725, "device_end": 1585578295.1972122}, "cmdq": 0, "read": {"device_start": -1, "device_end": -1}}, "FFC_sans_bias64": {"write": {"device_start": 1585578295.1967146, "host_queued_start": 1585578360.366878, "device_queued": 1585578295.1965702, "device_end": 1585578295.1967232, "host_queued_end": 1585578360.37751}, "device": "gpu", "nd_range": {"device_start": 1585578295.1967244, "device_end": 1585578295.1969025}, "cmdq": 0, "read": {"device_start": -1, "device_end": -1}}, "FFC_sans_bias65": {"write": {"device_start": 1585578295.1967912, "host_queued_start": 1585578360.367369, "device_queued": 1585578295.196609, "device_end": 1585578295.1967998, "host_queued_end": 1585578360.37751}, "device": "gpu", "nd_range": {"device_start": 1585578295.196801, "device_end": 1585578295.1969419}, "cmdq": 1, "read": {"device_start": -1, "device_end": -1}}, "FFC_sans_bias67": {"write": {"device_start": -1, "host_queued_start": 1585578360.371293, "device_queued": -1, "device_end": -1, "host_queued_end": 1585578360.37751}, "device": "gpu", "nd_range": {"device_start": 1585578295.1972854, "device_end": 1585578295.1974}, "cmdq": 2, "read": {"device_start": -1, "device_end": -1}}, "FFC_sans_bias24": {"write": {"device_start": -1, "host_queued_start": 1585578360.37291, "device_queued": -1, "device_end": -1, "host_queued_end": 1585578360.37751}, "device": "gpu", "nd_range": {"device_start": 1585578295.1974342, "device_end": 1585578295.1975446}, "cmdq": 0, "read": {"device_start": -1, "device_end": -1}}, "FFC_sans_bias25": {"write": {"device_start": 1585578295.1977155, "host_queued_start": 1585578360.374863, "device_queued": 1585578295.1971931, "device_end": 1585578295.197724, "host_queued_end": 1585578360.37751}, "device": "gpu", "nd_range": {"device_start": 1585578295.197725, "device_end": 1585578295.1978986}, "cmdq": 0, "read": {"device_start": 1585578295.1979072, "device_end": 1585578295.1979167}}, "FFC_sans_bias27": {"write": {"device_start": 1585578295.1959014, "host_queued_start": 1585578360.360858, "device_queued": 1585578295.195879, "device_end": 1585578295.19591, "host_queued_end": 1585578360.37751}, "device": "gpu", "nd_range": {"device_start": 1585578295.1959138, "device_end": 1585578295.1960716}, "cmdq": 0, "read": {"device_start": -1, "device_end": -1}}, "FFC_sans_bias20": {"write": {"device_start": 1585578295.195842, "host_queued_start": 1585578360.360248, "device_queued": 1585578295.1958127, "device_end": 1585578295.1958566, "host_queued_end": 1585578360.37751}, "device": "gpu", "nd_range": {"device_start": 1585578295.195874, "device_end": 1585578295.1960738}, "cmdq": 2, "read": {"device_start": -1, "device_end": -1}}, "FFC_sans_bias22": {"write": {"device_start": -1, "host_queued_start": 1585578360.369834, "device_queued": -1, "device_end": -1, "host_queued_end": 1585578360.37751}, "device": "gpu", "nd_range": {"device_start": 1585578295.196949, "device_end": 1585578295.1970716}, "cmdq": 0, "read": {"device_start": -1, "device_end": -1}}, "softmax68": {"write": {"device_start": -1, "host_queued_start": 1585578360.372619, "device_queued": -1, "device_end": -1, "host_queued_end": 1585578360.37751}, "device": "gpu", "nd_range": {"device_start": 1585578295.1975203, "device_end": 1585578295.197682}, "cmdq": 2, "read": {"device_start": -1, "device_end": -1}}, "softmax5": {"write": {"device_start": -1, "host_queued_start": 1585578360.383804, "device_queued": -1, "device_end": -1, "host_queued_end": 1585578360.385672}, "device": "cpu", "nd_range": {"device_start": 2246134.57912507, "device_end": 2246134.579244139}, "cmdq": 2, "read": {"device_start": -1, "device_end": -1}}, "FFC_sans_bias28": {"write": {"device_start": 1585578295.1959732, "host_queued_start": 1585578360.361354, "device_queued": 1585578295.195919, "device_end": 1585578295.195982, "host_queued_end": 1585578360.37751}, "device": "gpu", "nd_range": {"device_start": 1585578295.1960928, "device_end": 1585578295.196203}, "cmdq": 1, "read": {"device_start": -1, "device_end": -1}}, "FFC_sans_bias29": {"write": {"device_start": 1585578295.196075, "host_queued_start": 1585578360.361862, "device_queued": 1585578295.1959426, "device_end": 1585578295.1960835, "host_queued_end": 1585578360.37751}, "device": "gpu", "nd_range": {"device_start": 1585578295.1961052, "device_end": 1585578295.196296}, "cmdq": 2, "read": {"device_start": -1, "device_end": -1}}, "empty17": {"write": {"device_start": -1, "host_queued_start": 1585578360.378768, "device_queued": -1, "device_end": -1, "host_queued_end": 1585578360.385672}, "device": "cpu", "nd_range": {"device_start": 2246134.5752496603, "device_end": 2246134.5752541753}, "cmdq": 1, "read": {"device_start": -1, "device_end": -1}}, "softmax59": {"write": {"device_start": -1, "host_queued_start": 1585578360.372398, "device_queued": -1, "device_end": -1, "host_queued_end": 1585578360.37751}, "device": "gpu", "nd_range": {"device_start": 1585578295.1973958, "device_end": 1585578295.1975064}, "cmdq": 1, "read": {"device_start": -1, "device_end": -1}}, "empty71": {"write": {"device_start": 1585578295.195719, "host_queued_start": 1585578360.358723, "device_queued": 1585578295.1956916, "device_end": 1585578295.1957278, "host_queued_end": 1585578360.37751}, "device": "gpu", "nd_range": {"device_start": 1585578295.1957333, "device_end": 1585578295.1957371}, "cmdq": 2, "read": {"device_start": -1, "device_end": -1}}, "empty35": {"write": {"device_start": 1585578295.1955533, "host_queued_start": 1585578360.357126, "device_queued": 1585578295.1955285, "device_end": 1585578295.1955621, "host_queued_end": 1585578360.37751}, "device": "gpu", "nd_range": {"device_start": 1585578295.1955914, "device_end": 1585578295.1956034}, "cmdq": 1, "read": {"device_start": -1, "device_end": -1}}, "empty53": {"write": {"device_start": 1585578295.1956427, "host_queued_start": 1585578360.357933, "device_queued": 1585578295.1956122, "device_end": 1585578295.1956558, "host_queued_end": 1585578360.37751}, "device": "gpu", "nd_range": {"device_start": 1585578295.195657, "device_end": 1585578295.1956608}, "cmdq": 0, "read": {"device_start": -1, "device_end": -1}}, "FFC_sans_bias46": {"write": {"device_start": 1585578295.196395, "host_queued_start": 1585578360.364374, "device_queued": 1585578295.1962612, "device_end": 1585578295.1964035, "host_queued_end": 1585578360.37751}, "device": "gpu", "nd_range": {"device_start": 1585578295.1964047, "device_end": 1585578295.196591}, "cmdq": 1, "read": {"device_start": -1, "device_end": -1}}, "coalesced_transpose66": {"write": {"device_start": -1, "host_queued_start": 1585578360.369542, "device_queued": -1, "device_end": -1, "host_queued_end": 1585578360.37751}, "device": "gpu", "nd_range": {"device_start": 1585578295.197067, "device_end": 1585578295.1970818}, "cmdq": 2, "read": {"device_start": -1, "device_end": -1}}, "coalesced_transpose48": {"write": {"device_start": -1, "host_queued_start": 1585578360.369002, "device_queued": -1, "device_end": -1, "host_queued_end": 1585578360.37751}, "device": "gpu", "nd_range": {"device_start": 1585578295.196931, "device_end": 1585578295.196948}, "cmdq": 0, "read": {"device_start": -1, "device_end": -1}}}