{"FFC_sans_bias60": {"write": {"device_start": -1, "host_queued_start": 1585578274.638229, "device_queued": -1, "device_end": -1, "host_queued_end": 1585578274.639636}, "device": "gpu", "nd_range": {"device_start": 1585578209.4609618, "device_end": 1585578209.4610693}, "cmdq": 2, "read": {"device_start": -1, "device_end": -1}}, "FFC_sans_bias4": {"write": {"device_start": -1, "host_queued_start": 1585578274.653513, "device_queued": -1, "device_end": -1, "host_queued_end": 1585578274.661351}, "device": "cpu", "nd_range": {"device_start": 2246048.863211561, "device_end": 2246048.863699946}, "cmdq": 0, "read": {"device_start": -1, "device_end": -1}}, "FFC_sans_bias7": {"write": {"device_start": -1, "host_queued_start": 1585578274.659031, "device_queued": -1, "device_end": -1, "host_queued_end": 1585578274.661351}, "device": "cpu", "nd_range": {"device_start": 2246048.8717807443, "device_end": 2246048.872390455}, "cmdq": 0, "read": {"device_start": -1, "device_end": -1}}, "FFC_sans_bias6": {"write": {"device_start": -1, "host_queued_start": 1585578274.656891, "device_queued": -1, "device_end": -1, "host_queued_end": 1585578274.661351}, "device": "cpu", "nd_range": {"device_start": 2246048.8675298924, "device_end": 2246048.868023104}, "cmdq": 0, "read": {"device_start": -1, "device_end": -1}}, "FFC_sans_bias1": {"write": {"device_start": -1, "host_queued_start": 1585578274.643213, "device_queued": -1, "device_end": -1, "host_queued_end": 1585578274.661351}, "device": "cpu", "nd_range": {"device_start": 2246048.8518479792, "device_end": 2246048.852475976}, "cmdq": 0, "read": {"device_start": -1, "device_end": -1}}, "FFC_sans_bias0": {"write": {"device_start": -1, "host_queued_start": 1585578274.642713, "device_queued": -1, "device_end": -1, "host_queued_end": 1585578274.661351}, "device": "cpu", "nd_range": {"device_start": 2246048.8509993823, "device_end": 2246048.8518264503}, "cmdq": 0, "read": {"device_start": -1, "device_end": -1}}, "FFC_sans_bias2": {"write": {"device_start": -1, "host_queued_start": 1585578274.643718, "device_queued": -1, "device_end": -1, "host_queued_end": 1585578274.661351}, "device": "cpu", "nd_range": {"device_start": 2246048.8524919692, "device_end": 2246048.8531197663}, "cmdq": 0, "read": {"device_start": -1, "device_end": -1}}, "FFC_sans_bias61": {"write": {"device_start": 1585578209.4609427, "host_queued_start": 1585578274.639029, "device_queued": 1585578209.4607239, "device_end": 1585578209.4609513, "host_queued_end": 1585578274.639636}, "device": "gpu", "nd_range": {"device_start": 1585578209.4610848, "device_end": 1585578209.4612708}, "cmdq": 1, "read": {"device_start": 1585578209.4612749, "device_end": 1585578209.4612823}}, "FFC_sans_bias52": {"write": {"device_start": -1, "host_queued_start": 1585578274.661308, "device_queued": -1, "device_end": -1, "host_queued_end": 1585578274.661351}, "device": "cpu", "nd_range": {"device_start": 2246048.8748248992, "device_end": 2246048.8753125733}, "cmdq": 0, "read": {"device_start": -1, "device_end": -1}}, "FFC_sans_bias9": {"write": {"device_start": -1, "host_queued_start": 1585578274.644219, "device_queued": -1, "device_end": -1, "host_queued_end": 1585578274.661351}, "device": "cpu", "nd_range": {"device_start": 2246048.853127928, "device_end": 2246048.8537712083}, "cmdq": 0, "read": {"device_start": -1, "device_end": -1}}, "coalesced_transpose39": {"write": {"device_start": -1, "host_queued_start": 1585578274.65281, "device_queued": -1, "device_end": -1, "host_queued_end": 1585578274.661351}, "device": "cpu", "nd_range": {"device_start": 2246048.862955145, "device_end": 2246048.862985486}, "cmdq": 0, "read": {"device_start": -1, "device_end": -1}}, "FFC_sans_bias55": {"write": {"device_start": 1585578209.460348, "host_queued_start": 1585578274.63472, "device_queued": 1585578209.4603243, "device_end": 1585578209.460358, "host_queued_end": 1585578274.639636}, "device": "gpu", "nd_range": {"device_start": 1585578209.4603841, "device_end": 1585578209.460532}, "cmdq": 1, "read": {"device_start": -1, "device_end": -1}}, "FFC_sans_bias54": {"write": {"device_start": 1585578209.4603102, "host_queued_start": 1585578274.634193, "device_queued": 1585578209.460291, "device_end": 1585578209.4603188, "host_queued_end": 1585578274.639636}, "device": "gpu", "nd_range": {"device_start": 1585578209.4603198, "device_end": 1585578209.460451}, "cmdq": 0, "read": {"device_start": -1, "device_end": -1}}, "FFC_sans_bias56": {"write": {"device_start": 1585578209.4602642, "host_queued_start": 1585578274.63366, "device_queued": 1585578209.4602385, "device_end": 1585578209.4602728, "host_queued_end": 1585578274.639636}, "device": "gpu", "nd_range": {"device_start": 1585578209.4602828, "device_end": 1585578209.460393}, "cmdq": 2, "read": {"device_start": -1, "device_end": -1}}, "FFC_sans_bias51": {"write": {"device_start": -1, "host_queued_start": 1585578274.658527, "device_queued": -1, "device_end": -1, "host_queued_end": 1585578274.661351}, "device": "cpu", "nd_range": {"device_start": 2246048.871168138, "device_end": 2246048.8717754884}, "cmdq": 0, "read": {"device_start": -1, "device_end": -1}}, "softmax23": {"write": {"device_start": -1, "host_queued_start": 1585578274.655831, "device_queued": -1, "device_end": -1, "host_queued_end": 1585578274.661351}, "device": "cpu", "nd_range": {"device_start": 2246048.867045058, "device_end": 2246048.8670650073}, "cmdq": 0, "read": {"device_start": -1, "device_end": -1}}, "FFC_sans_bias37": {"write": {"device_start": -1, "host_queued_start": 1585578274.649273, "device_queued": -1, "device_end": -1, "host_queued_end": 1585578274.661351}, "device": "cpu", "nd_range": {"device_start": 2246048.859314564, "device_end": 2246048.859928884}, "cmdq": 0, "read": {"device_start": -1, "device_end": -1}}, "empty62": {"write": {"device_start": 1585578209.4601855, "host_queued_start": 1585578274.632497, "device_queued": 1585578209.4601567, "device_end": 1585578209.460194, "host_queued_end": 1585578274.639636}, "device": "gpu", "nd_range": {"device_start": 1585578209.4602013, "device_end": 1585578209.4602134}, "cmdq": 0, "read": {"device_start": -1, "device_end": -1}}, "FFC_sans_bias70": {"write": {"device_start": 1585578209.4610705, "host_queued_start": 1585578274.639534, "device_queued": 1585578209.4607046, "device_end": 1585578209.4610791, "host_queued_end": 1585578274.639636}, "device": "gpu", "nd_range": {"device_start": 1585578209.4611976, "device_end": 1585578209.461307}, "cmdq": 2, "read": {"device_start": 1585578209.4613135, "device_end": 1585578209.461321}}, "FFC_sans_bias58": {"write": {"device_start": -1, "host_queued_start": 1585578274.637211, "device_queued": -1, "device_end": -1, "host_queued_end": 1585578274.639636}, "device": "gpu", "nd_range": {"device_start": 1585578209.4606924, "device_end": 1585578209.460807}, "cmdq": 1, "read": {"device_start": -1, "device_end": -1}}, "softmax41": {"write": {"device_start": -1, "host_queued_start": 1585578274.656316, "device_queued": -1, "device_end": -1, "host_queued_end": 1585578274.661351}, "device": "cpu", "nd_range": {"device_start": 2246048.867286827, "device_end": 2246048.867313017}, "cmdq": 0, "read": {"device_start": -1, "device_end": -1}}, "FFC_sans_bias11": {"write": {"device_start": -1, "host_queued_start": 1585578274.645224, "device_queued": -1, "device_end": -1, "host_queued_end": 1585578274.661351}, "device": "cpu", "nd_range": {"device_start": 2246048.854428735, "device_end": 2246048.855041569}, "cmdq": 0, "read": {"device_start": -1, "device_end": -1}}, "FFC_sans_bias10": {"write": {"device_start": -1, "host_queued_start": 1585578274.64472, "device_queued": -1, "device_end": -1, "host_queued_end": 1585578274.661351}, "device": "cpu", "nd_range": {"device_start": 2246048.853776756, "device_end": 2246048.854423886}, "cmdq": 0, "read": {"device_start": -1, "device_end": -1}}, "coalesced_transpose3": {"write": {"device_start": -1, "host_queued_start": 1585578274.651623, "device_queued": -1, "device_end": -1, "host_queued_end": 1585578274.661351}, "device": "cpu", "nd_range": {"device_start": 2246048.8624403, "device_end": 2246048.8624644633}, "cmdq": 0, "read": {"device_start": -1, "device_end": -1}}, "FFC_sans_bias34": {"write": {"device_start": -1, "host_queued_start": 1585578274.660419, "device_queued": -1, "device_end": -1, "host_queued_end": 1585578274.661351}, "device": "cpu", "nd_range": {"device_start": 2246048.873606215, "device_end": 2246048.874217151}, "cmdq": 0, "read": {"device_start": -1, "device_end": -1}}, "FFC_sans_bias15": {"write": {"device_start": -1, "host_queued_start": 1585578274.657222, "device_queued": -1, "device_end": -1, "host_queued_end": 1585578274.661351}, "device": "cpu", "nd_range": {"device_start": 2246048.868125984, "device_end": 2246048.868741246}, "cmdq": 0, "read": {"device_start": -1, "device_end": -1}}, "FFC_sans_bias31": {"write": {"device_start": -1, "host_queued_start": 1585578274.654461, "device_queued": -1, "device_end": -1, "host_queued_end": 1585578274.661351}, "device": "cpu", "nd_range": {"device_start": 2246048.865006825, "device_end": 2246048.865496537}, "cmdq": 0, "read": {"device_start": -1, "device_end": -1}}, "FFC_sans_bias16": {"write": {"device_start": -1, "host_queued_start": 1585578274.659482, "device_queued": -1, "device_end": -1, "host_queued_end": 1585578274.661351}, "device": "cpu", "nd_range": {"device_start": 2246048.872393785, "device_end": 2246048.873002786}, "cmdq": 0, "read": {"device_start": -1, "device_end": -1}}, "FFC_sans_bias19": {"write": {"device_start": -1, "host_queued_start": 1585578274.646214, "device_queued": -1, "device_end": -1, "host_queued_end": 1585578274.661351}, "device": "cpu", "nd_range": {"device_start": 2246048.8556450643, "device_end": 2246048.856247567}, "cmdq": 0, "read": {"device_start": -1, "device_end": -1}}, "FFC_sans_bias18": {"write": {"device_start": -1, "host_queued_start": 1585578274.645719, "device_queued": -1, "device_end": -1, "host_queued_end": 1585578274.661351}, "device": "cpu", "nd_range": {"device_start": 2246048.855046873, "device_end": 2246048.8556411304}, "cmdq": 0, "read": {"device_start": -1, "device_end": -1}}, "coalesced_transpose30": {"write": {"device_start": -1, "host_queued_start": 1585578274.652525, "device_queued": -1, "device_end": -1, "host_queued_end": 1585578274.661351}, "device": "cpu", "nd_range": {"device_start": 2246048.86283037, "device_end": 2246048.862853654}, "cmdq": 0, "read": {"device_start": -1, "device_end": -1}}, "FFC_sans_bias69": {"write": {"device_start": -1, "host_queued_start": 1585578274.638516, "device_queued": -1, "device_end": -1, "host_queued_end": 1585578274.639636}, "device": "gpu", "nd_range": {"device_start": 1585578209.4610817, "device_end": 1585578209.461195}, "cmdq": 0, "read": {"device_start": -1, "device_end": -1}}, "FFC_sans_bias38": {"write": {"device_start": -1, "host_queued_start": 1585578274.649789, "device_queued": -1, "device_end": -1, "host_queued_end": 1585578274.661351}, "device": "cpu", "nd_range": {"device_start": 2246048.860044315, "device_end": 2246048.860538368}, "cmdq": 0, "read": {"device_start": -1, "device_end": -1}}, "coalesced_transpose57": {"write": {"device_start": -1, "host_queued_start": 1585578274.636513, "device_queued": -1, "device_end": -1, "host_queued_end": 1585578274.639636}, "device": "gpu", "nd_range": {"device_start": 1585578209.460595, "device_end": 1585578209.4606352}, "cmdq": 2, "read": {"device_start": -1, "device_end": -1}}, "empty26": {"write": {"device_start": -1, "host_queued_start": 1585578274.641076, "device_queued": -1, "device_end": -1, "host_queued_end": 1585578274.661351}, "device": "cpu", "nd_range": {"device_start": 2246048.85097912, "device_end": 2246048.850979833}, "cmdq": 0, "read": {"device_start": -1, "device_end": -1}}, "coalesced_transpose12": {"write": {"device_start": -1, "host_queued_start": 1585578274.651917, "device_queued": -1, "device_end": -1, "host_queued_end": 1585578274.661351}, "device": "cpu", "nd_range": {"device_start": 2246048.862572972, "device_end": 2246048.8626049743}, "cmdq": 0, "read": {"device_start": -1, "device_end": -1}}, "empty44": {"write": {"device_start": -1, "host_queued_start": 1585578274.641836, "device_queued": -1, "device_end": -1, "host_queued_end": 1585578274.661351}, "device": "cpu", "nd_range": {"device_start": 2246048.850989717, "device_end": 2246048.850990333}, "cmdq": 0, "read": {"device_start": -1, "device_end": -1}}, "coalesced_transpose21": {"write": {"device_start": -1, "host_queued_start": 1585578274.652219, "device_queued": -1, "device_end": -1, "host_queued_end": 1585578274.661351}, "device": "cpu", "nd_range": {"device_start": 2246048.862706502, "device_end": 2246048.862729718}, "cmdq": 0, "read": {"device_start": -1, "device_end": -1}}, "FFC_sans_bias36": {"write": {"device_start": -1, "host_queued_start": 1585578274.648757, "device_queued": -1, "device_end": -1, "host_queued_end": 1585578274.661351}, "device": "cpu", "nd_range": {"device_start": 2246048.8586484552, "device_end": 2246048.859264335}, "cmdq": 0, "read": {"device_start": -1, "device_end": -1}}, "softmax14": {"write": {"device_start": -1, "host_queued_start": 1585578274.655581, "device_queued": -1, "device_end": -1, "host_queued_end": 1585578274.661351}, "device": "cpu", "nd_range": {"device_start": 2246048.866919484, "device_end": 2246048.866945389}, "cmdq": 0, "read": {"device_start": -1, "device_end": -1}}, "FFC_sans_bias13": {"write": {"device_start": -1, "host_queued_start": 1585578274.653823, "device_queued": -1, "device_end": -1, "host_queued_end": 1585578274.661351}, "device": "cpu", "nd_range": {"device_start": 2246048.863803668, "device_end": 2246048.864304976}, "cmdq": 0, "read": {"device_start": -1, "device_end": -1}}, "empty8": {"write": {"device_start": -1, "host_queued_start": 1585578274.640226, "device_queued": -1, "device_end": -1, "host_queued_end": 1585578274.661351}, "device": "cpu", "nd_range": {"device_start": 2246048.850939719, "device_end": 2246048.850951826}, "cmdq": 0, "read": {"device_start": -1, "device_end": -1}}, "FFC_sans_bias42": {"write": {"device_start": -1, "host_queued_start": 1585578274.658181, "device_queued": -1, "device_end": -1, "host_queued_end": 1585578274.661351}, "device": "cpu", "nd_range": {"device_start": 2246048.870445191, "device_end": 2246048.871061306}, "cmdq": 0, "read": {"device_start": -1, "device_end": -1}}, "FFC_sans_bias43": {"write": {"device_start": -1, "host_queued_start": 1585578274.660863, "device_queued": -1, "device_end": -1, "host_queued_end": 1585578274.661351}, "device": "cpu", "nd_range": {"device_start": 2246048.87421968, "device_end": 2246048.874822493}, "cmdq": 0, "read": {"device_start": -1, "device_end": -1}}, "FFC_sans_bias40": {"write": {"device_start": -1, "host_queued_start": 1585578274.654772, "device_queued": -1, "device_end": -1, "host_queued_end": 1585578274.661351}, "device": "cpu", "nd_range": {"device_start": 2246048.865598213, "device_end": 2246048.866097583}, "cmdq": 0, "read": {"device_start": -1, "device_end": -1}}, "softmax32": {"write": {"device_start": -1, "host_queued_start": 1585578274.65608, "device_queued": -1, "device_end": -1, "host_queued_end": 1585578274.661351}, "device": "cpu", "nd_range": {"device_start": 2246048.8671660624, "device_end": 2246048.8671860723}, "cmdq": 0, "read": {"device_start": -1, "device_end": -1}}, "FFC_sans_bias47": {"write": {"device_start": -1, "host_queued_start": 1585578274.651321, "device_queued": -1, "device_end": -1, "host_queued_end": 1585578274.661351}, "device": "cpu", "nd_range": {"device_start": 2246048.861847246, "device_end": 2246048.862336298}, "cmdq": 0, "read": {"device_start": -1, "device_end": -1}}, "FFC_sans_bias45": {"write": {"device_start": -1, "host_queued_start": 1585578274.650289, "device_queued": -1, "device_end": -1, "host_queued_end": 1585578274.661351}, "device": "cpu", "nd_range": {"device_start": 2246048.860647525, "device_end": 2246048.86113826}, "cmdq": 0, "read": {"device_start": -1, "device_end": -1}}, "softmax50": {"write": {"device_start": -1, "host_queued_start": 1585578274.656562, "device_queued": -1, "device_end": -1, "host_queued_end": 1585578274.661351}, "device": "cpu", "nd_range": {"device_start": 2246048.867410213, "device_end": 2246048.867430067}, "cmdq": 0, "read": {"device_start": -1, "device_end": -1}}, "FFC_sans_bias33": {"write": {"device_start": -1, "host_queued_start": 1585578274.657871, "device_queued": -1, "device_end": -1, "host_queued_end": 1585578274.661351}, "device": "cpu", "nd_range": {"device_start": 2246048.869834191, "device_end": 2246048.870440316}, "cmdq": 0, "read": {"device_start": -1, "device_end": -1}}, "FFC_sans_bias63": {"write": {"device_start": 1585578209.460534, "host_queued_start": 1585578274.636211, "device_queued": 1585578209.4604485, "device_end": 1585578209.460543, "host_queued_end": 1585578274.639636}, "device": "gpu", "nd_range": {"device_start": 1585578209.4605439, "device_end": 1585578209.460691}, "cmdq": 1, "read": {"device_start": -1, "device_end": -1}}, "FFC_sans_bias49": {"write": {"device_start": -1, "host_queued_start": 1585578274.655089, "device_queued": -1, "device_end": -1, "host_queued_end": 1585578274.661351}, "device": "cpu", "nd_range": {"device_start": 2246048.8661967423, "device_end": 2246048.8666850682}, "cmdq": 0, "read": {"device_start": -1, "device_end": -1}}, "FFC_sans_bias64": {"write": {"device_start": 1585578209.4603946, "host_queued_start": 1585578274.635231, "device_queued": 1585578209.4603486, "device_end": 1585578209.4604032, "host_queued_end": 1585578274.639636}, "device": "gpu", "nd_range": {"device_start": 1585578209.4604049, "device_end": 1585578209.4605937}, "cmdq": 2, "read": {"device_start": -1, "device_end": -1}}, "FFC_sans_bias65": {"write": {"device_start": 1585578209.460454, "host_queued_start": 1585578274.635727, "device_queued": 1585578209.4604003, "device_end": 1585578209.4604669, "host_queued_end": 1585578274.639636}, "device": "gpu", "nd_range": {"device_start": 1585578209.4604683, "device_end": 1585578209.460642}, "cmdq": 0, "read": {"device_start": -1, "device_end": -1}}, "FFC_sans_bias67": {"write": {"device_start": -1, "host_queued_start": 1585578274.63751, "device_queued": -1, "device_end": -1, "host_queued_end": 1585578274.639636}, "device": "gpu", "nd_range": {"device_start": 1585578209.4606948, "device_end": 1585578209.4608607}, "cmdq": 2, "read": {"device_start": -1, "device_end": -1}}, "FFC_sans_bias24": {"write": {"device_start": -1, "host_queued_start": 1585578274.657553, "device_queued": -1, "device_end": -1, "host_queued_end": 1585578274.661351}, "device": "cpu", "nd_range": {"device_start": 2246048.86874665, "device_end": 2246048.869828932}, "cmdq": 0, "read": {"device_start": -1, "device_end": -1}}, "FFC_sans_bias25": {"write": {"device_start": -1, "host_queued_start": 1585578274.659929, "device_queued": -1, "device_end": -1, "host_queued_end": 1585578274.661351}, "device": "cpu", "nd_range": {"device_start": 2246048.873005223, "device_end": 2246048.873603619}, "cmdq": 0, "read": {"device_start": -1, "device_end": -1}}, "FFC_sans_bias27": {"write": {"device_start": -1, "host_queued_start": 1585578274.647244, "device_queued": -1, "device_end": -1, "host_queued_end": 1585578274.661351}, "device": "cpu", "nd_range": {"device_start": 2246048.8568398813, "device_end": 2246048.857416095}, "cmdq": 0, "read": {"device_start": -1, "device_end": -1}}, "FFC_sans_bias20": {"write": {"device_start": -1, "host_queued_start": 1585578274.646751, "device_queued": -1, "device_end": -1, "host_queued_end": 1585578274.661351}, "device": "cpu", "nd_range": {"device_start": 2246048.856252219, "device_end": 2246048.856835051}, "cmdq": 0, "read": {"device_start": -1, "device_end": -1}}, "FFC_sans_bias22": {"write": {"device_start": -1, "host_queued_start": 1585578274.654144, "device_queued": -1, "device_end": -1, "host_queued_end": 1585578274.661351}, "device": "cpu", "nd_range": {"device_start": 2246048.864414451, "device_end": 2246048.864904547}, "cmdq": 0, "read": {"device_start": -1, "device_end": -1}}, "softmax68": {"write": {"device_start": -1, "host_queued_start": 1585578274.637949, "device_queued": -1, "device_end": -1, "host_queued_end": 1585578274.639636}, "device": "gpu", "nd_range": {"device_start": 1585578209.4608693, "device_end": 1585578209.4609413}, "cmdq": 1, "read": {"device_start": -1, "device_end": -1}}, "softmax5": {"write": {"device_start": -1, "host_queued_start": 1585578274.655343, "device_queued": -1, "device_end": -1, "host_queued_end": 1585578274.661351}, "device": "cpu", "nd_range": {"device_start": 2246048.866787054, "device_end": 2246048.8668164574}, "cmdq": 0, "read": {"device_start": -1, "device_end": -1}}, "FFC_sans_bias28": {"write": {"device_start": -1, "host_queued_start": 1585578274.647747, "device_queued": -1, "device_end": -1, "host_queued_end": 1585578274.661351}, "device": "cpu", "nd_range": {"device_start": 2246048.8574207583, "device_end": 2246048.8579096003}, "cmdq": 0, "read": {"device_start": -1, "device_end": -1}}, "FFC_sans_bias29": {"write": {"device_start": -1, "host_queued_start": 1585578274.648259, "device_queued": -1, "device_end": -1, "host_queued_end": 1585578274.661351}, "device": "cpu", "nd_range": {"device_start": 2246048.8579205023, "device_end": 2246048.858643901}, "cmdq": 0, "read": {"device_start": -1, "device_end": -1}}, "empty17": {"write": {"device_start": -1, "host_queued_start": 1585578274.640704, "device_queued": -1, "device_end": -1, "host_queued_end": 1585578274.661351}, "device": "cpu", "nd_range": {"device_start": 2246048.8509703553, "device_end": 2246048.8509713113}, "cmdq": 0, "read": {"device_start": -1, "device_end": -1}}, "softmax59": {"write": {"device_start": -1, "host_queued_start": 1585578274.637737, "device_queued": -1, "device_end": -1, "host_queued_end": 1585578274.639636}, "device": "gpu", "nd_range": {"device_start": 1585578209.460865, "device_end": 1585578209.4609554}, "cmdq": 0, "read": {"device_start": -1, "device_end": -1}}, "empty71": {"write": {"device_start": 1585578209.4602365, "host_queued_start": 1585578274.633101, "device_queued": 1585578209.4602172, "device_end": 1585578209.4602456, "host_queued_end": 1585578274.639636}, "device": "gpu", "nd_range": {"device_start": 1585578209.460275, "device_end": 1585578209.4602783}, "cmdq": 1, "read": {"device_start": -1, "device_end": -1}}, "empty35": {"write": {"device_start": -1, "host_queued_start": 1585578274.641475, "device_queued": -1, "device_end": -1, "host_queued_end": 1585578274.661351}, "device": "cpu", "nd_range": {"device_start": 2246048.850983949, "device_end": 2246048.850984559}, "cmdq": 0, "read": {"device_start": -1, "device_end": -1}}, "empty53": {"write": {"device_start": -1, "host_queued_start": 1585578274.642201, "device_queued": -1, "device_end": -1, "host_queued_end": 1585578274.661351}, "device": "cpu", "nd_range": {"device_start": 2246048.850994455, "device_end": 2246048.850995019}, "cmdq": 0, "read": {"device_start": -1, "device_end": -1}}, "FFC_sans_bias46": {"write": {"device_start": -1, "host_queued_start": 1585578274.650812, "device_queued": -1, "device_end": -1, "host_queued_end": 1585578274.661351}, "device": "cpu", "nd_range": {"device_start": 2246048.8612504504, "device_end": 2246048.8617434483}, "cmdq": 0, "read": {"device_start": -1, "device_end": -1}}, "coalesced_transpose66": {"write": {"device_start": -1, "host_queued_start": 1585578274.636794, "device_queued": -1, "device_end": -1, "host_queued_end": 1585578274.639636}, "device": "gpu", "nd_range": {"device_start": 1585578209.460644, "device_end": 1585578209.460651}, "cmdq": 0, "read": {"device_start": -1, "device_end": -1}}, "coalesced_transpose48": {"write": {"device_start": -1, "host_queued_start": 1585578274.65311, "device_queued": -1, "device_end": -1, "host_queued_end": 1585578274.661351}, "device": "cpu", "nd_range": {"device_start": 2246048.8630888, "device_end": 2246048.8631110433}, "cmdq": 0, "read": {"device_start": -1, "device_end": -1}}}