{"FFC_sans_bias60": {"write": {"device_start": -1, "host_queued_start": 1585578534.525006, "device_queued": -1, "device_end": -1, "host_queued_end": 1585578534.52741}, "device": "gpu", "nd_range": {"device_start": 1585578469.341702, "device_end": 1585578469.3419075}, "cmdq": 0, "read": {"device_start": -1, "device_end": -1}}, "FFC_sans_bias4": {"write": {"device_start": -1, "host_queued_start": 1585578534.537154, "device_queued": -1, "device_end": -1, "host_queued_end": 1585578534.542353}, "device": "cpu", "nd_range": {"device_start": 2246308.738439736, "device_end": 2246308.7401131}, "cmdq": 0, "read": {"device_start": -1, "device_end": -1}}, "FFC_sans_bias7": {"write": {"device_start": -1, "host_queued_start": 1585578534.540955, "device_queued": -1, "device_end": -1, "host_queued_end": 1585578534.542353}, "device": "cpu", "nd_range": {"device_start": 2246308.7433108133, "device_end": 2246308.7440401763}, "cmdq": 0, "read": {"device_start": -1, "device_end": -1}}, "FFC_sans_bias6": {"write": {"device_start": -1, "host_queued_start": 1585578534.539436, "device_queued": -1, "device_end": -1, "host_queued_end": 1585578534.542353}, "device": "cpu", "nd_range": {"device_start": 2246308.74132177, "device_end": 2246308.742167145}, "cmdq": 0, "read": {"device_start": -1, "device_end": -1}}, "FFC_sans_bias1": {"write": {"device_start": -1, "host_queued_start": 1585578534.53048, "device_queued": -1, "device_end": -1, "host_queued_end": 1585578534.542353}, "device": "cpu", "nd_range": {"device_start": 2246308.73194538, "device_end": 2246308.7331868904}, "cmdq": 1, "read": {"device_start": -1, "device_end": -1}}, "FFC_sans_bias0": {"write": {"device_start": -1, "host_queued_start": 1585578534.529958, "device_queued": -1, "device_end": -1, "host_queued_end": 1585578534.542353}, "device": "cpu", "nd_range": {"device_start": 2246308.731949076, "device_end": 2246308.733001871}, "cmdq": 0, "read": {"device_start": -1, "device_end": -1}}, "FFC_sans_bias2": {"write": {"device_start": -1, "host_queued_start": 1585578534.531012, "device_queued": -1, "device_end": -1, "host_queued_end": 1585578534.542353}, "device": "cpu", "nd_range": {"device_start": 2246308.733010394, "device_end": 2246308.7337390142}, "cmdq": 0, "read": {"device_start": -1, "device_end": -1}}, "FFC_sans_bias61": {"write": {"device_start": 1585578469.3418922, "host_queued_start": 1585578534.52682, "device_queued": 1585578469.341442, "device_end": 1585578469.3419044, "host_queued_end": 1585578534.52741}, "device": "gpu", "nd_range": {"device_start": 1585578469.3419416, "device_end": 1585578469.342145}, "cmdq": 4, "read": {"device_start": 1585578469.3421497, "device_end": 1585578469.3421626}}, "FFC_sans_bias52": {"write": {"device_start": 1585578469.3418021, "host_queued_start": 1585578534.526269, "device_queued": 1585578469.341422, "device_end": 1585578469.3418105, "host_queued_end": 1585578534.52741}, "device": "gpu", "nd_range": {"device_start": 1585578469.3419368, "device_end": 1585578469.3421335}, "cmdq": 3, "read": {"device_start": 1585578469.34214, "device_end": 1585578469.342147}}, "FFC_sans_bias9": {"write": {"device_start": -1, "host_queued_start": 1585578534.531513, "device_queued": -1, "device_end": -1, "host_queued_end": 1585578534.542353}, "device": "cpu", "nd_range": {"device_start": 2246308.733192738, "device_end": 2246308.734253649}, "cmdq": 1, "read": {"device_start": -1, "device_end": -1}}, "coalesced_transpose39": {"write": {"device_start": -1, "host_queued_start": 1585578534.521288, "device_queued": -1, "device_end": -1, "host_queued_end": 1585578534.52741}, "device": "gpu", "nd_range": {"device_start": 1585578469.3411207, "device_end": 1585578469.3413072}, "cmdq": 1, "read": {"device_start": -1, "device_end": -1}}, "FFC_sans_bias55": {"write": {"device_start": 1585578469.3409367, "host_queued_start": 1585578534.519491, "device_queued": 1585578469.3409102, "device_end": 1585578469.3409457, "host_queued_end": 1585578534.52741}, "device": "gpu", "nd_range": {"device_start": 1585578469.3410084, "device_end": 1585578469.3412044}, "cmdq": 2, "read": {"device_start": -1, "device_end": -1}}, "FFC_sans_bias54": {"write": {"device_start": 1585578469.3409097, "host_queued_start": 1585578534.518986, "device_queued": 1585578469.3408837, "device_end": 1585578469.3409197, "host_queued_end": 1585578534.52741}, "device": "gpu", "nd_range": {"device_start": 1585578469.341004, "device_end": 1585578469.341119}, "cmdq": 1, "read": {"device_start": -1, "device_end": -1}}, "FFC_sans_bias56": {"write": {"device_start": 1585578469.3408544, "host_queued_start": 1585578534.518467, "device_queued": 1585578469.3408306, "device_end": 1585578469.340863, "host_queued_end": 1585578534.52741}, "device": "gpu", "nd_range": {"device_start": 1585578469.3408701, "device_end": 1585578469.34107}, "cmdq": 0, "read": {"device_start": -1, "device_end": -1}}, "FFC_sans_bias51": {"write": {"device_start": -1, "host_queued_start": 1585578534.524716, "device_queued": -1, "device_end": -1, "host_queued_end": 1585578534.52741}, "device": "gpu", "nd_range": {"device_start": 1585578469.3416955, "device_end": 1585578469.3418913}, "cmdq": 4, "read": {"device_start": -1, "device_end": -1}}, "softmax23": {"write": {"device_start": -1, "host_queued_start": 1585578534.538875, "device_queued": -1, "device_end": -1, "host_queued_end": 1585578534.542353}, "device": "cpu", "nd_range": {"device_start": 2246308.741157581, "device_end": 2246308.7412163233}, "cmdq": 0, "read": {"device_start": -1, "device_end": -1}}, "FFC_sans_bias37": {"write": {"device_start": 1585578469.3405364, "host_queued_start": 1585578534.515862, "device_queued": 1585578469.3405118, "device_end": 1585578469.340545, "host_queued_end": 1585578534.52741}, "device": "gpu", "nd_range": {"device_start": 1585578469.340547, "device_end": 1585578469.3406677}, "cmdq": 0, "read": {"device_start": -1, "device_end": -1}}, "empty62": {"write": {"device_start": 1585578469.3404198, "host_queued_start": 1585578534.514345, "device_queued": 1585578469.3403952, "device_end": 1585578469.34043, "host_queued_end": 1585578534.52741}, "device": "gpu", "nd_range": {"device_start": 1585578469.3404858, "device_end": 1585578469.3404896}, "cmdq": 2, "read": {"device_start": -1, "device_end": -1}}, "FFC_sans_bias70": {"write": {"device_start": 1585578469.3419087, "host_queued_start": 1585578534.527308, "device_queued": 1585578469.3416312, "device_end": 1585578469.3419173, "host_queued_end": 1585578534.52741}, "device": "gpu", "nd_range": {"device_start": 1585578469.342234, "device_end": 1585578469.3423398}, "cmdq": 0, "read": {"device_start": 1585578469.3423483, "device_end": 1585578469.3423548}}, "FFC_sans_bias58": {"write": {"device_start": -1, "host_queued_start": 1585578534.523001, "device_queued": -1, "device_end": -1, "host_queued_end": 1585578534.52741}, "device": "gpu", "nd_range": {"device_start": 1585578469.341363, "device_end": 1585578469.3415706}, "cmdq": 2, "read": {"device_start": -1, "device_end": -1}}, "softmax41": {"write": {"device_start": -1, "host_queued_start": 1585578534.523505, "device_queued": -1, "device_end": -1, "host_queued_end": 1585578534.52741}, "device": "gpu", "nd_range": {"device_start": 1585578469.3414776, "device_end": 1585578469.3416612}, "cmdq": 4, "read": {"device_start": -1, "device_end": -1}}, "FFC_sans_bias11": {"write": {"device_start": -1, "host_queued_start": 1585578534.532516, "device_queued": -1, "device_end": -1, "host_queued_end": 1585578534.542353}, "device": "cpu", "nd_range": {"device_start": 2246308.734261632, "device_end": 2246308.7352227042}, "cmdq": 1, "read": {"device_start": -1, "device_end": -1}}, "FFC_sans_bias10": {"write": {"device_start": -1, "host_queued_start": 1585578534.532012, "device_queued": -1, "device_end": -1, "host_queued_end": 1585578534.542353}, "device": "cpu", "nd_range": {"device_start": 2246308.7337439572, "device_end": 2246308.7347065993}, "cmdq": 0, "read": {"device_start": -1, "device_end": -1}}, "coalesced_transpose3": {"write": {"device_start": -1, "host_queued_start": 1585578534.535865, "device_queued": -1, "device_end": -1, "host_queued_end": 1585578534.542353}, "device": "cpu", "nd_range": {"device_start": 2246308.7382482383, "device_end": 2246308.7382733133}, "cmdq": 0, "read": {"device_start": -1, "device_end": -1}}, "FFC_sans_bias34": {"write": {"device_start": -1, "host_queued_start": 1585578534.542309, "device_queued": -1, "device_end": -1, "host_queued_end": 1585578534.542353}, "device": "cpu", "nd_range": {"device_start": 2246308.7434517, "device_end": 2246308.7446578713}, "cmdq": 1, "read": {"device_start": -1, "device_end": -1}}, "FFC_sans_bias15": {"write": {"device_start": -1, "host_queued_start": 1585578534.539753, "device_queued": -1, "device_end": -1, "host_queued_end": 1585578534.542353}, "device": "cpu", "nd_range": {"device_start": 2246308.740357017, "device_end": 2246308.741406158}, "cmdq": 1, "read": {"device_start": -1, "device_end": -1}}, "FFC_sans_bias31": {"write": {"device_start": -1, "host_queued_start": 1585578534.538096, "device_queued": -1, "device_end": -1, "host_queued_end": 1585578534.542353}, "device": "cpu", "nd_range": {"device_start": 2246308.739333203, "device_end": 2246308.740075942}, "cmdq": 1, "read": {"device_start": -1, "device_end": -1}}, "FFC_sans_bias16": {"write": {"device_start": -1, "host_queued_start": 1585578534.541409, "device_queued": -1, "device_end": -1, "host_queued_end": 1585578534.542353}, "device": "cpu", "nd_range": {"device_start": 2246308.742483808, "device_end": 2246308.743448996}, "cmdq": 1, "read": {"device_start": -1, "device_end": -1}}, "FFC_sans_bias19": {"write": {"device_start": -1, "host_queued_start": 1585578534.533522, "device_queued": -1, "device_end": -1, "host_queued_end": 1585578534.542353}, "device": "cpu", "nd_range": {"device_start": 2246308.7354342593, "device_end": 2246308.736294597}, "cmdq": 1, "read": {"device_start": -1, "device_end": -1}}, "FFC_sans_bias18": {"write": {"device_start": -1, "host_queued_start": 1585578534.533025, "device_queued": -1, "device_end": -1, "host_queued_end": 1585578534.542353}, "device": "cpu", "nd_range": {"device_start": 2246308.7347122123, "device_end": 2246308.735679413}, "cmdq": 0, "read": {"device_start": -1, "device_end": -1}}, "coalesced_transpose30": {"write": {"device_start": -1, "host_queued_start": 1585578534.536851, "device_queued": -1, "device_end": -1, "host_queued_end": 1585578534.542353}, "device": "cpu", "nd_range": {"device_start": 2246308.738361699, "device_end": 2246308.738388856}, "cmdq": 1, "read": {"device_start": -1, "device_end": -1}}, "FFC_sans_bias69": {"write": {"device_start": -1, "host_queued_start": 1585578534.525291, "device_queued": -1, "device_end": -1, "host_queued_end": 1585578534.52741}, "device": "gpu", "nd_range": {"device_start": 1585578469.3419468, "device_end": 1585578469.3422296}, "cmdq": 1, "read": {"device_start": -1, "device_end": -1}}, "FFC_sans_bias38": {"write": {"device_start": 1585578469.3405795, "host_queued_start": 1585578534.516357, "device_queued": 1585578469.3405535, "device_end": 1585578469.3405912, "host_queued_end": 1585578534.52741}, "device": "gpu", "nd_range": {"device_start": 1585578469.3406854, "device_end": 1585578469.340795}, "cmdq": 1, "read": {"device_start": -1, "device_end": -1}}, "coalesced_transpose57": {"write": {"device_start": -1, "host_queued_start": 1585578534.521824, "device_queued": -1, "device_end": -1, "host_queued_end": 1585578534.52741}, "device": "gpu", "nd_range": {"device_start": 1585578469.341219, "device_end": 1585578469.3413098}, "cmdq": 3, "read": {"device_start": -1, "device_end": -1}}, "empty26": {"write": {"device_start": -1, "host_queued_start": 1585578534.52899, "device_queued": -1, "device_end": -1, "host_queued_end": 1585578534.542353}, "device": "cpu", "nd_range": {"device_start": 2246308.731941375, "device_end": 2246308.731942518}, "cmdq": 0, "read": {"device_start": -1, "device_end": -1}}, "coalesced_transpose12": {"write": {"device_start": -1, "host_queued_start": 1585578534.536245, "device_queued": -1, "device_end": -1, "host_queued_end": 1585578534.542353}, "device": "cpu", "nd_range": {"device_start": 2246308.7383059124, "device_end": 2246308.738340626}, "cmdq": 1, "read": {"device_start": -1, "device_end": -1}}, "empty44": {"write": {"device_start": 1585578469.3403323, "host_queued_start": 1585578534.513344, "device_queued": 1585578469.3402984, "device_end": 1585578469.340341, "host_queued_end": 1585578534.52741}, "device": "gpu", "nd_range": {"device_start": 1585578469.3403528, "device_end": 1585578469.340365}, "cmdq": 0, "read": {"device_start": -1, "device_end": -1}}, "coalesced_transpose21": {"write": {"device_start": -1, "host_queued_start": 1585578534.536551, "device_queued": -1, "device_end": -1, "host_queued_end": 1585578534.542353}, "device": "cpu", "nd_range": {"device_start": 2246308.738283771, "device_end": 2246308.738428322}, "cmdq": 0, "read": {"device_start": -1, "device_end": -1}}, "FFC_sans_bias36": {"write": {"device_start": 1585578469.34047, "host_queued_start": 1585578534.515349, "device_queued": 1585578469.3404477, "device_end": 1585578469.340479, "host_queued_end": 1585578534.52741}, "device": "gpu", "nd_range": {"device_start": 1585578469.3405046, "device_end": 1585578469.34062}, "cmdq": 4, "read": {"device_start": -1, "device_end": -1}}, "softmax14": {"write": {"device_start": -1, "host_queued_start": 1585578534.538635, "device_queued": -1, "device_end": -1, "host_queued_end": 1585578534.542353}, "device": "cpu", "nd_range": {"device_start": 2246308.7400811734, "device_end": 2246308.740250581}, "cmdq": 1, "read": {"device_start": -1, "device_end": -1}}, "FFC_sans_bias13": {"write": {"device_start": -1, "host_queued_start": 1585578534.537473, "device_queued": -1, "device_end": -1, "host_queued_end": 1585578534.542353}, "device": "cpu", "nd_range": {"device_start": 2246308.738406984, "device_end": 2246308.739229495}, "cmdq": 1, "read": {"device_start": -1, "device_end": -1}}, "empty8": {"write": {"device_start": -1, "host_queued_start": 1585578534.528079, "device_queued": -1, "device_end": -1, "host_queued_end": 1585578534.542353}, "device": "cpu", "nd_range": {"device_start": 2246308.7319095703, "device_end": 2246308.731921671}, "cmdq": 0, "read": {"device_start": -1, "device_end": -1}}, "FFC_sans_bias42": {"write": {"device_start": -1, "host_queued_start": 1585578534.524444, "device_queued": -1, "device_end": -1, "host_queued_end": 1585578534.52741}, "device": "gpu", "nd_range": {"device_start": 1585578469.341689, "device_end": 1585578469.3418007}, "cmdq": 3, "read": {"device_start": -1, "device_end": -1}}, "FFC_sans_bias43": {"write": {"device_start": 1585578469.3419225, "host_queued_start": 1585578534.525761, "device_queued": 1585578469.3413994, "device_end": 1585578469.3419309, "host_queued_end": 1585578534.52741}, "device": "gpu", "nd_range": {"device_start": 1585578469.3419335, "device_end": 1585578469.3420465}, "cmdq": 2, "read": {"device_start": 1585578469.3420568, "device_end": 1585578469.3420641}}, "FFC_sans_bias40": {"write": {"device_start": -1, "host_queued_start": 1585578534.522384, "device_queued": -1, "device_end": -1, "host_queued_end": 1585578534.52741}, "device": "gpu", "nd_range": {"device_start": 1585578469.3413544, "device_end": 1585578469.3414707}, "cmdq": 0, "read": {"device_start": -1, "device_end": -1}}, "softmax32": {"write": {"device_start": -1, "host_queued_start": 1585578534.539124, "device_queued": -1, "device_end": -1, "host_queued_end": 1585578534.542353}, "device": "cpu", "nd_range": {"device_start": 2246308.7402657163, "device_end": 2246308.74033576}, "cmdq": 1, "read": {"device_start": -1, "device_end": -1}}, "FFC_sans_bias47": {"write": {"device_start": 1585578469.340674, "host_queued_start": 1585578534.517969, "device_queued": 1585578469.3406367, "device_end": 1585578469.3406825, "host_queued_end": 1585578534.52741}, "device": "gpu", "nd_range": {"device_start": 1585578469.3407273, "device_end": 1585578469.3409903}, "cmdq": 4, "read": {"device_start": -1, "device_end": -1}}, "FFC_sans_bias45": {"write": {"device_start": 1585578469.3406076, "host_queued_start": 1585578534.516845, "device_queued": 1585578469.3405797, "device_end": 1585578469.3406186, "host_queued_end": 1585578534.52741}, "device": "gpu", "nd_range": {"device_start": 1585578469.340705, "device_end": 1585578469.3408828}, "cmdq": 2, "read": {"device_start": -1, "device_end": -1}}, "softmax50": {"write": {"device_start": -1, "host_queued_start": 1585578534.523724, "device_queued": -1, "device_end": -1, "host_queued_end": 1585578534.52741}, "device": "gpu", "nd_range": {"device_start": 1585578469.34156, "device_end": 1585578469.3416402}, "cmdq": 0, "read": {"device_start": -1, "device_end": -1}}, "FFC_sans_bias33": {"write": {"device_start": -1, "host_queued_start": 1585578534.540441, "device_queued": -1, "device_end": -1, "host_queued_end": 1585578534.542353}, "device": "cpu", "nd_range": {"device_start": 2246308.741514869, "device_end": 2246308.742477659}, "cmdq": 1, "read": {"device_start": -1, "device_end": -1}}, "FFC_sans_bias63": {"write": {"device_start": 1585578469.3410733, "host_queued_start": 1585578534.520993, "device_queued": 1585578469.3410342, "device_end": 1585578469.3410883, "host_queued_end": 1585578534.52741}, "device": "gpu", "nd_range": {"device_start": 1585578469.3410895, "device_end": 1585578469.3413527}, "cmdq": 0, "read": {"device_start": -1, "device_end": -1}}, "FFC_sans_bias49": {"write": {"device_start": -1, "host_queued_start": 1585578534.522706, "device_queued": -1, "device_end": -1, "host_queued_end": 1585578534.52741}, "device": "gpu", "nd_range": {"device_start": 1585578469.3413584, "device_end": 1585578469.3415546}, "cmdq": 1, "read": {"device_start": -1, "device_end": -1}}, "FFC_sans_bias64": {"write": {"device_start": 1585578469.3409603, "host_queued_start": 1585578534.519992, "device_queued": 1585578469.3409362, "device_end": 1585578469.3409703, "host_queued_end": 1585578534.52741}, "device": "gpu", "nd_range": {"device_start": 1585578469.3410182, "device_end": 1585578469.341217}, "cmdq": 3, "read": {"device_start": -1, "device_end": -1}}, "FFC_sans_bias65": {"write": {"device_start": 1585578469.3409927, "host_queued_start": 1585578534.5205, "device_queued": 1585578469.340961, "device_end": 1585578469.341001, "host_queued_end": 1585578534.52741}, "device": "gpu", "nd_range": {"device_start": 1585578469.341029, "device_end": 1585578469.3413177}, "cmdq": 4, "read": {"device_start": -1, "device_end": -1}}, "FFC_sans_bias67": {"write": {"device_start": -1, "host_queued_start": 1585578534.523276, "device_queued": -1, "device_end": -1, "host_queued_end": 1585578534.52741}, "device": "gpu", "nd_range": {"device_start": 1585578469.3413672, "device_end": 1585578469.341685}, "cmdq": 3, "read": {"device_start": -1, "device_end": -1}}, "FFC_sans_bias24": {"write": {"device_start": -1, "host_queued_start": 1585578534.540078, "device_queued": -1, "device_end": -1, "host_queued_end": 1585578534.542353}, "device": "cpu", "nd_range": {"device_start": 2246308.742273854, "device_end": 2246308.743116119}, "cmdq": 0, "read": {"device_start": -1, "device_end": -1}}, "FFC_sans_bias25": {"write": {"device_start": -1, "host_queued_start": 1585578534.541857, "device_queued": -1, "device_end": -1, "host_queued_end": 1585578534.542353}, "device": "cpu", "nd_range": {"device_start": 2246308.744043039, "device_end": 2246308.744887739}, "cmdq": 0, "read": {"device_start": -1, "device_end": -1}}, "FFC_sans_bias27": {"write": {"device_start": -1, "host_queued_start": 1585578534.534522, "device_queued": -1, "device_end": -1, "host_queued_end": 1585578534.542353}, "device": "cpu", "nd_range": {"device_start": 2246308.7364039393, "device_end": 2246308.7372524193}, "cmdq": 1, "read": {"device_start": -1, "device_end": -1}}, "FFC_sans_bias20": {"write": {"device_start": -1, "host_queued_start": 1585578534.534024, "device_queued": -1, "device_end": -1, "host_queued_end": 1585578534.542353}, "device": "cpu", "nd_range": {"device_start": 2246308.7361023594, "device_end": 2246308.737065608}, "cmdq": 0, "read": {"device_start": -1, "device_end": -1}}, "FFC_sans_bias22": {"write": {"device_start": -1, "host_queued_start": 1585578534.537795, "device_queued": -1, "device_end": -1, "host_queued_end": 1585578534.542353}, "device": "cpu", "nd_range": {"device_start": 2246308.740125318, "device_end": 2246308.7409023633}, "cmdq": 0, "read": {"device_start": -1, "device_end": -1}}, "softmax68": {"write": {"device_start": -1, "host_queued_start": 1585578534.524158, "device_queued": -1, "device_end": -1, "host_queued_end": 1585578534.52741}, "device": "gpu", "nd_range": {"device_start": 1585578469.341709, "device_end": 1585578469.341921}, "cmdq": 2, "read": {"device_start": -1, "device_end": -1}}, "softmax5": {"write": {"device_start": -1, "host_queued_start": 1585578534.538362, "device_queued": -1, "device_end": -1, "host_queued_end": 1585578534.542353}, "device": "cpu", "nd_range": {"device_start": 2246308.741008683, "device_end": 2246308.741055895}, "cmdq": 0, "read": {"device_start": -1, "device_end": -1}}, "FFC_sans_bias28": {"write": {"device_start": -1, "host_queued_start": 1585578534.535048, "device_queued": -1, "device_end": -1, "host_queued_end": 1585578534.542353}, "device": "cpu", "nd_range": {"device_start": 2246308.737175975, "device_end": 2246308.738141286}, "cmdq": 0, "read": {"device_start": -1, "device_end": -1}}, "FFC_sans_bias29": {"write": {"device_start": -1, "host_queued_start": 1585578534.535552, "device_queued": -1, "device_end": -1, "host_queued_end": 1585578534.542353}, "device": "cpu", "nd_range": {"device_start": 2246308.737359813, "device_end": 2246308.738262413}, "cmdq": 1, "read": {"device_start": -1, "device_end": -1}}, "empty17": {"write": {"device_start": -1, "host_queued_start": 1585578534.528583, "device_queued": -1, "device_end": -1, "host_queued_end": 1585578534.542353}, "device": "cpu", "nd_range": {"device_start": 2246308.7319095302, "device_end": 2246308.7319217133}, "cmdq": 1, "read": {"device_start": -1, "device_end": -1}}, "softmax59": {"write": {"device_start": -1, "host_queued_start": 1585578534.523934, "device_queued": -1, "device_end": -1, "host_queued_end": 1585578534.52741}, "device": "gpu", "nd_range": {"device_start": 1585578469.341579, "device_end": 1585578469.3416545}, "cmdq": 1, "read": {"device_start": -1, "device_end": -1}}, "empty71": {"write": {"device_start": 1585578469.3404453, "host_queued_start": 1585578534.514778, "device_queued": 1585578469.3404207, "device_end": 1585578469.340454, "host_queued_end": 1585578534.52741}, "device": "gpu", "nd_range": {"device_start": 1585578469.3404932, "device_end": 1585578469.3404968}, "cmdq": 3, "read": {"device_start": -1, "device_end": -1}}, "empty35": {"write": {"device_start": -1, "host_queued_start": 1585578534.529404, "device_queued": -1, "device_end": -1, "host_queued_end": 1585578534.542353}, "device": "cpu", "nd_range": {"device_start": 2246308.7319389153, "device_end": 2246308.731940126}, "cmdq": 1, "read": {"device_start": -1, "device_end": -1}}, "empty53": {"write": {"device_start": 1585578469.3403935, "host_queued_start": 1585578534.513938, "device_queued": 1585578469.3403687, "device_end": 1585578469.3404024, "host_queued_end": 1585578534.52741}, "device": "gpu", "nd_range": {"device_start": 1585578469.3404808, "device_end": 1585578469.3404882}, "cmdq": 1, "read": {"device_start": -1, "device_end": -1}}, "FFC_sans_bias46": {"write": {"device_start": 1585578469.340636, "host_queued_start": 1585578534.517333, "device_queued": 1585578469.3406076, "device_end": 1585578469.3406487, "host_queued_end": 1585578534.52741}, "device": "gpu", "nd_range": {"device_start": 1585578469.3407161, "device_end": 1585578469.340921}, "cmdq": 3, "read": {"device_start": -1, "device_end": -1}}, "coalesced_transpose66": {"write": {"device_start": -1, "host_queued_start": 1585578534.522098, "device_queued": -1, "device_end": -1, "host_queued_end": 1585578534.52741}, "device": "gpu", "nd_range": {"device_start": 1585578469.3413196, "device_end": 1585578469.3413305}, "cmdq": 4, "read": {"device_start": -1, "device_end": -1}}, "coalesced_transpose48": {"write": {"device_start": -1, "host_queued_start": 1585578534.521552, "device_queued": -1, "device_end": -1, "host_queued_end": 1585578534.52741}, "device": "gpu", "nd_range": {"device_start": 1585578469.3412054, "device_end": 1585578469.3413146}, "cmdq": 2, "read": {"device_start": -1, "device_end": -1}}}