{"FFC_sans_bias60": {"write": {"device_start": -1, "host_queued_start": 1585578111.161507, "device_queued": -1, "device_end": -1, "host_queued_end": 1585578111.165554}, "device": "cpu", "nd_range": {"device_start": 2245885.373593022, "device_end": 2245885.375516004}, "cmdq": 2, "read": {"device_start": -1, "device_end": -1}}, "FFC_sans_bias4": {"write": {"device_start": -1, "host_queued_start": 1585578111.15486, "device_queued": -1, "device_end": -1, "host_queued_end": 1585578111.165554}, "device": "cpu", "nd_range": {"device_start": 2245885.37082229, "device_end": 2245885.372775387}, "cmdq": 0, "read": {"device_start": -1, "device_end": -1}}, "FFC_sans_bias7": {"write": {"device_start": -1, "host_queued_start": 1585578111.162335, "device_queued": -1, "device_end": -1, "host_queued_end": 1585578111.165554}, "device": "cpu", "nd_range": {"device_start": 2245885.3832561714, "device_end": 2245885.384283637}, "cmdq": 0, "read": {"device_start": -1, "device_end": -1}}, "FFC_sans_bias6": {"write": {"device_start": -1, "host_queued_start": 1585578111.159528, "device_queued": -1, "device_end": -1, "host_queued_end": 1585578111.165554}, "device": "cpu", "nd_range": {"device_start": 2245885.3793697613, "device_end": 2245885.380813097}, "cmdq": 0, "read": {"device_start": -1, "device_end": -1}}, "FFC_sans_bias1": {"write": {"device_start": -1, "host_queued_start": 1585578111.140622, "device_queued": -1, "device_end": -1, "host_queued_end": 1585578111.165554}, "device": "cpu", "nd_range": {"device_start": 2245885.355248546, "device_end": 2245885.3571949}, "cmdq": 1, "read": {"device_start": -1, "device_end": -1}}, "FFC_sans_bias0": {"write": {"device_start": -1, "host_queued_start": 1585578111.140114, "device_queued": -1, "device_end": -1, "host_queued_end": 1585578111.165554}, "device": "cpu", "nd_range": {"device_start": 2245885.355220832, "device_end": 2245885.357205584}, "cmdq": 0, "read": {"device_start": -1, "device_end": -1}}, "FFC_sans_bias2": {"write": {"device_start": -1, "host_queued_start": 1585578111.141131, "device_queued": -1, "device_end": -1, "host_queued_end": 1585578111.165554}, "device": "cpu", "nd_range": {"device_start": 2245885.355221827, "device_end": 2245885.3572364263}, "cmdq": 2, "read": {"device_start": -1, "device_end": -1}}, "FFC_sans_bias61": {"write": {"device_start": -1, "host_queued_start": 1585578111.16506, "device_queued": -1, "device_end": -1, "host_queued_end": 1585578111.165554}, "device": "cpu", "nd_range": {"device_start": 2245885.377567729, "device_end": 2245885.3794933883}, "cmdq": 2, "read": {"device_start": -1, "device_end": -1}}, "FFC_sans_bias52": {"write": {"device_start": -1, "host_queued_start": 1585578111.164608, "device_queued": -1, "device_end": -1, "host_queued_end": 1585578111.165554}, "device": "cpu", "nd_range": {"device_start": 2245885.3787276023, "device_end": 2245885.380924518}, "cmdq": 1, "read": {"device_start": -1, "device_end": -1}}, "FFC_sans_bias9": {"write": {"device_start": -1, "host_queued_start": 1585578111.141786, "device_queued": -1, "device_end": -1, "host_queued_end": 1585578111.165554}, "device": "cpu", "nd_range": {"device_start": 2245885.355948953, "device_end": 2245885.3578926343}, "cmdq": 3, "read": {"device_start": -1, "device_end": -1}}, "coalesced_transpose39": {"write": {"device_start": -1, "host_queued_start": 1585578111.153625, "device_queued": -1, "device_end": -1, "host_queued_end": 1585578111.165554}, "device": "cpu", "nd_range": {"device_start": 2245885.368196804, "device_end": 2245885.369773719}, "cmdq": 0, "read": {"device_start": -1, "device_end": -1}}, "FFC_sans_bias55": {"write": {"device_start": -1, "host_queued_start": 1585578111.150525, "device_queued": -1, "device_end": -1, "host_queued_end": 1585578111.165554}, "device": "cpu", "nd_range": {"device_start": 2245885.366094023, "device_end": 2245885.368027402}, "cmdq": 0, "read": {"device_start": -1, "device_end": -1}}, "FFC_sans_bias54": {"write": {"device_start": -1, "host_queued_start": 1585578111.150006, "device_queued": -1, "device_end": -1, "host_queued_end": 1585578111.165554}, "device": "cpu", "nd_range": {"device_start": 2245885.3643385423, "device_end": 2245885.366384474}, "cmdq": 3, "read": {"device_start": -1, "device_end": -1}}, "FFC_sans_bias56": {"write": {"device_start": -1, "host_queued_start": 1585578111.149491, "device_queued": -1, "device_end": -1, "host_queued_end": 1585578111.165554}, "device": "cpu", "nd_range": {"device_start": 2245885.3633318814, "device_end": 2245885.365275312}, "cmdq": 2, "read": {"device_start": -1, "device_end": -1}}, "FFC_sans_bias51": {"write": {"device_start": -1, "host_queued_start": 1585578111.161181, "device_queued": -1, "device_end": -1, "host_queued_end": 1585578111.165554}, "device": "cpu", "nd_range": {"device_start": 2245885.374858757, "device_end": 2245885.3767969683}, "cmdq": 1, "read": {"device_start": -1, "device_end": -1}}, "softmax23": {"write": {"device_start": -1, "host_queued_start": 1585578111.157925, "device_queued": -1, "device_end": -1, "host_queued_end": 1585578111.165554}, "device": "cpu", "nd_range": {"device_start": 2245885.371192569, "device_end": 2245885.371249325}, "cmdq": 2, "read": {"device_start": -1, "device_end": -1}}, "FFC_sans_bias37": {"write": {"device_start": -1, "host_queued_start": 1585578111.14694, "device_queued": -1, "device_end": -1, "host_queued_end": 1585578111.165554}, "device": "cpu", "nd_range": {"device_start": 2245885.362338677, "device_end": 2245885.364266075}, "cmdq": 1, "read": {"device_start": -1, "device_end": -1}}, "empty62": {"write": {"device_start": -1, "host_queued_start": 1585578111.139222, "device_queued": -1, "device_end": -1, "host_queued_end": 1585578111.165554}, "device": "cpu", "nd_range": {"device_start": 2245885.3552157013, "device_end": 2245885.355216519}, "cmdq": 2, "read": {"device_start": -1, "device_end": -1}}, "FFC_sans_bias70": {"write": {"device_start": -1, "host_queued_start": 1585578111.16551, "device_queued": -1, "device_end": -1, "host_queued_end": 1585578111.165554}, "device": "cpu", "nd_range": {"device_start": 2245885.3792754323, "device_end": 2245885.380491796}, "cmdq": 3, "read": {"device_start": -1, "device_end": -1}}, "FFC_sans_bias58": {"write": {"device_start": -1, "host_queued_start": 1585578111.156849, "device_queued": -1, "device_end": -1, "host_queued_end": 1585578111.165554}, "device": "cpu", "nd_range": {"device_start": 2245885.369617366, "device_end": 2245885.37108479}, "cmdq": 2, "read": {"device_start": -1, "device_end": -1}}, "softmax41": {"write": {"device_start": -1, "host_queued_start": 1585578111.158437, "device_queued": -1, "device_end": -1, "host_queued_end": 1585578111.165554}, "device": "cpu", "nd_range": {"device_start": 2245885.3791437154, "device_end": 2245885.379202301}, "cmdq": 0, "read": {"device_start": -1, "device_end": -1}}, "FFC_sans_bias11": {"write": {"device_start": -1, "host_queued_start": 1585578111.142834, "device_queued": -1, "device_end": -1, "host_queued_end": 1585578111.165554}, "device": "cpu", "nd_range": {"device_start": 2245885.3572009313, "device_end": 2245885.3591194563}, "cmdq": 1, "read": {"device_start": -1, "device_end": -1}}, "FFC_sans_bias10": {"write": {"device_start": -1, "host_queued_start": 1585578111.142292, "device_queued": -1, "device_end": -1, "host_queued_end": 1585578111.165554}, "device": "cpu", "nd_range": {"device_start": 2245885.357212678, "device_end": 2245885.3591319323}, "cmdq": 0, "read": {"device_start": -1, "device_end": -1}}, "coalesced_transpose3": {"write": {"device_start": -1, "host_queued_start": 1585578111.152402, "device_queued": -1, "device_end": -1, "host_queued_end": 1585578111.165554}, "device": "cpu", "nd_range": {"device_start": 2245885.368147936, "device_end": 2245885.368184335}, "cmdq": 0, "read": {"device_start": -1, "device_end": -1}}, "FFC_sans_bias34": {"write": {"device_start": -1, "host_queued_start": 1585578111.163703, "device_queued": -1, "device_end": -1, "host_queued_end": 1585578111.165554}, "device": "cpu", "nd_range": {"device_start": 2245885.377353295, "device_end": 2245885.379271965}, "cmdq": 3, "read": {"device_start": -1, "device_end": -1}}, "FFC_sans_bias15": {"write": {"device_start": -1, "host_queued_start": 1585578111.159855, "device_queued": -1, "device_end": -1, "host_queued_end": 1585578111.165554}, "device": "cpu", "nd_range": {"device_start": 2245885.3728262903, "device_end": 2245885.374753843}, "cmdq": 1, "read": {"device_start": -1, "device_end": -1}}, "FFC_sans_bias31": {"write": {"device_start": -1, "host_queued_start": 1585578111.155814, "device_queued": -1, "device_end": -1, "host_queued_end": 1585578111.165554}, "device": "cpu", "nd_range": {"device_start": 2245885.368399789, "device_end": 2245885.370797349}, "cmdq": 3, "read": {"device_start": -1, "device_end": -1}}, "FFC_sans_bias16": {"write": {"device_start": -1, "host_queued_start": 1585578111.162799, "device_queued": -1, "device_end": -1, "host_queued_end": 1585578111.165554}, "device": "cpu", "nd_range": {"device_start": 2245885.3768039383, "device_end": 2245885.378724417}, "cmdq": 1, "read": {"device_start": -1, "device_end": -1}}, "FFC_sans_bias19": {"write": {"device_start": -1, "host_queued_start": 1585578111.143839, "device_queued": -1, "device_end": -1, "host_queued_end": 1585578111.165554}, "device": "cpu", "nd_range": {"device_start": 2245885.358004065, "device_end": 2245885.359933821}, "cmdq": 3, "read": {"device_start": -1, "device_end": -1}}, "FFC_sans_bias18": {"write": {"device_start": -1, "host_queued_start": 1585578111.143337, "device_queued": -1, "device_end": -1, "host_queued_end": 1585578111.165554}, "device": "cpu", "nd_range": {"device_start": 2245885.3572443393, "device_end": 2245885.3591681393}, "cmdq": 2, "read": {"device_start": -1, "device_end": -1}}, "coalesced_transpose30": {"write": {"device_start": -1, "host_queued_start": 1585578111.153315, "device_queued": -1, "device_end": -1, "host_queued_end": 1585578111.165554}, "device": "cpu", "nd_range": {"device_start": 2245885.368096167, "device_end": 2245885.368237837}, "cmdq": 3, "read": {"device_start": -1, "device_end": -1}}, "FFC_sans_bias69": {"write": {"device_start": -1, "host_queued_start": 1585578111.161831, "device_queued": -1, "device_end": -1, "host_queued_end": 1585578111.165554}, "device": "cpu", "nd_range": {"device_start": 2245885.375323169, "device_end": 2245885.377245402}, "cmdq": 3, "read": {"device_start": -1, "device_end": -1}}, "FFC_sans_bias38": {"write": {"device_start": -1, "host_queued_start": 1585578111.147454, "device_queued": -1, "device_end": -1, "host_queued_end": 1585578111.165554}, "device": "cpu", "nd_range": {"device_start": 2245885.361279876, "device_end": 2245885.36321196}, "cmdq": 2, "read": {"device_start": -1, "device_end": -1}}, "coalesced_transpose57": {"write": {"device_start": -1, "host_queued_start": 1585578111.154224, "device_queued": -1, "device_end": -1, "host_queued_end": 1585578111.165554}, "device": "cpu", "nd_range": {"device_start": 2245885.3682290954, "device_end": 2245885.36828339}, "cmdq": 2, "read": {"device_start": -1, "device_end": -1}}, "empty26": {"write": {"device_start": -1, "host_queued_start": 1585578111.13765, "device_queued": -1, "device_end": -1, "host_queued_end": 1585578111.165554}, "device": "cpu", "nd_range": {"device_start": 2245885.355182824, "device_end": 2245885.355195709}, "cmdq": 2, "read": {"device_start": -1, "device_end": -1}}, "coalesced_transpose12": {"write": {"device_start": -1, "host_queued_start": 1585578111.152715, "device_queued": -1, "device_end": -1, "host_queued_end": 1585578111.165554}, "device": "cpu", "nd_range": {"device_start": 2245885.3682440813, "device_end": 2245885.368303217}, "cmdq": 1, "read": {"device_start": -1, "device_end": -1}}, "empty44": {"write": {"device_start": -1, "host_queued_start": 1585578111.13845, "device_queued": -1, "device_end": -1, "host_queued_end": 1585578111.165554}, "device": "cpu", "nd_range": {"device_start": 2245885.355213608, "device_end": 2245885.3552145143}, "cmdq": 0, "read": {"device_start": -1, "device_end": -1}}, "coalesced_transpose21": {"write": {"device_start": -1, "host_queued_start": 1585578111.153005, "device_queued": -1, "device_end": -1, "host_queued_end": 1585578111.165554}, "device": "cpu", "nd_range": {"device_start": 2245885.367434389, "device_end": 2245885.3675053352}, "cmdq": 2, "read": {"device_start": -1, "device_end": -1}}, "FFC_sans_bias36": {"write": {"device_start": -1, "host_queued_start": 1585578111.146372, "device_queued": -1, "device_end": -1, "host_queued_end": 1585578111.165554}, "device": "cpu", "nd_range": {"device_start": 2245885.362012991, "device_end": 2245885.3639352904}, "cmdq": 0, "read": {"device_start": -1, "device_end": -1}}, "softmax14": {"write": {"device_start": -1, "host_queued_start": 1585578111.157672, "device_queued": -1, "device_end": -1, "host_queued_end": 1585578111.165554}, "device": "cpu", "nd_range": {"device_start": 2245885.372502927, "device_end": 2245885.372566888}, "cmdq": 1, "read": {"device_start": -1, "device_end": -1}}, "FFC_sans_bias13": {"write": {"device_start": -1, "host_queued_start": 1585578111.155183, "device_queued": -1, "device_end": -1, "host_queued_end": 1585578111.165554}, "device": "cpu", "nd_range": {"device_start": 2245885.368431779, "device_end": 2245885.370361444}, "cmdq": 1, "read": {"device_start": -1, "device_end": -1}}, "empty8": {"write": {"device_start": -1, "host_queued_start": 1585578111.136668, "device_queued": -1, "device_end": -1, "host_queued_end": 1585578111.165554}, "device": "cpu", "nd_range": {"device_start": 2245885.355182637, "device_end": 2245885.3551957253}, "cmdq": 0, "read": {"device_start": -1, "device_end": -1}}, "FFC_sans_bias42": {"write": {"device_start": -1, "host_queued_start": 1585578111.160872, "device_queued": -1, "device_end": -1, "host_queued_end": 1585578111.165554}, "device": "cpu", "nd_range": {"device_start": 2245885.380821024, "device_end": 2245885.383251115}, "cmdq": 0, "read": {"device_start": -1, "device_end": -1}}, "FFC_sans_bias43": {"write": {"device_start": -1, "host_queued_start": 1585578111.164155, "device_queued": -1, "device_end": -1, "host_queued_end": 1585578111.165554}, "device": "cpu", "nd_range": {"device_start": 2245885.384286694, "device_end": 2245885.3853086103}, "cmdq": 0, "read": {"device_start": -1, "device_end": -1}}, "FFC_sans_bias40": {"write": {"device_start": -1, "host_queued_start": 1585578111.156139, "device_queued": -1, "device_end": -1, "host_queued_end": 1585578111.165554}, "device": "cpu", "nd_range": {"device_start": 2245885.374870417, "device_end": 2245885.37679399}, "cmdq": 0, "read": {"device_start": -1, "device_end": -1}}, "softmax32": {"write": {"device_start": -1, "host_queued_start": 1585578111.158178, "device_queued": -1, "device_end": -1, "host_queued_end": 1585578111.165554}, "device": "cpu", "nd_range": {"device_start": 2245885.3728672513, "device_end": 2245885.373026917}, "cmdq": 3, "read": {"device_start": -1, "device_end": -1}}, "FFC_sans_bias47": {"write": {"device_start": -1, "host_queued_start": 1585578111.148976, "device_queued": -1, "device_end": -1, "host_queued_end": 1585578111.165554}, "device": "cpu", "nd_range": {"device_start": 2245885.3643918233, "device_end": 2245885.366317878}, "cmdq": 1, "read": {"device_start": -1, "device_end": -1}}, "FFC_sans_bias45": {"write": {"device_start": -1, "host_queued_start": 1585578111.147963, "device_queued": -1, "device_end": -1, "host_queued_end": 1585578111.165554}, "device": "cpu", "nd_range": {"device_start": 2245885.362282553, "device_end": 2245885.3643211783}, "cmdq": 3, "read": {"device_start": -1, "device_end": -1}}, "softmax50": {"write": {"device_start": -1, "host_queued_start": 1585578111.158717, "device_queued": -1, "device_end": -1, "host_queued_end": 1585578111.165554}, "device": "cpu", "nd_range": {"device_start": 2245885.3726724493, "device_end": 2245885.37271745}, "cmdq": 1, "read": {"device_start": -1, "device_end": -1}}, "FFC_sans_bias33": {"write": {"device_start": -1, "host_queued_start": 1585578111.160531, "device_queued": -1, "device_end": -1, "host_queued_end": 1585578111.165554}, "device": "cpu", "nd_range": {"device_start": 2245885.373296156, "device_end": 2245885.375213968}, "cmdq": 3, "read": {"device_start": -1, "device_end": -1}}, "FFC_sans_bias63": {"write": {"device_start": -1, "host_queued_start": 1585578111.152092, "device_queued": -1, "device_end": -1, "host_queued_end": 1585578111.165554}, "device": "cpu", "nd_range": {"device_start": 2245885.366397141, "device_end": 2245885.368079679}, "cmdq": 3, "read": {"device_start": -1, "device_end": -1}}, "FFC_sans_bias49": {"write": {"device_start": -1, "host_queued_start": 1585578111.156535, "device_queued": -1, "device_end": -1, "host_queued_end": 1585578111.165554}, "device": "cpu", "nd_range": {"device_start": 2245885.370470193, "device_end": 2245885.3723970354}, "cmdq": 1, "read": {"device_start": -1, "device_end": -1}}, "FFC_sans_bias64": {"write": {"device_start": -1, "host_queued_start": 1585578111.151071, "device_queued": -1, "device_end": -1, "host_queued_end": 1585578111.165554}, "device": "cpu", "nd_range": {"device_start": 2245885.366435065, "device_end": 2245885.3682318423}, "cmdq": 1, "read": {"device_start": -1, "device_end": -1}}, "FFC_sans_bias65": {"write": {"device_start": -1, "host_queued_start": 1585578111.151584, "device_queued": -1, "device_end": -1, "host_queued_end": 1585578111.165554}, "device": "cpu", "nd_range": {"device_start": 2245885.365390308, "device_end": 2245885.3673237683}, "cmdq": 2, "read": {"device_start": -1, "device_end": -1}}, "FFC_sans_bias67": {"write": {"device_start": -1, "host_queued_start": 1585578111.157171, "device_queued": -1, "device_end": -1, "host_queued_end": 1585578111.165554}, "device": "cpu", "nd_range": {"device_start": 2245885.3709083293, "device_end": 2245885.372850745}, "cmdq": 3, "read": {"device_start": -1, "device_end": -1}}, "FFC_sans_bias24": {"write": {"device_start": -1, "host_queued_start": 1585578111.160185, "device_queued": -1, "device_end": -1, "host_queued_end": 1585578111.165554}, "device": "cpu", "nd_range": {"device_start": 2245885.371503352, "device_end": 2245885.373478278}, "cmdq": 2, "read": {"device_start": -1, "device_end": -1}}, "FFC_sans_bias25": {"write": {"device_start": -1, "host_queued_start": 1585578111.163251, "device_queued": -1, "device_end": -1, "host_queued_end": 1585578111.165554}, "device": "cpu", "nd_range": {"device_start": 2245885.3756258762, "device_end": 2245885.377564092}, "cmdq": 2, "read": {"device_start": -1, "device_end": -1}}, "FFC_sans_bias27": {"write": {"device_start": -1, "host_queued_start": 1585578111.144861, "device_queued": -1, "device_end": -1, "host_queued_end": 1585578111.165554}, "device": "cpu", "nd_range": {"device_start": 2245885.359186971, "device_end": 2245885.3622062523}, "cmdq": 1, "read": {"device_start": -1, "device_end": -1}}, "FFC_sans_bias20": {"write": {"device_start": -1, "host_queued_start": 1585578111.144355, "device_queued": -1, "device_end": -1, "host_queued_end": 1585578111.165554}, "device": "cpu", "nd_range": {"device_start": 2245885.359967995, "device_end": 2245885.361902804}, "cmdq": 0, "read": {"device_start": -1, "device_end": -1}}, "FFC_sans_bias22": {"write": {"device_start": -1, "host_queued_start": 1585578111.155504, "device_queued": -1, "device_end": -1, "host_queued_end": 1585578111.165554}, "device": "cpu", "nd_range": {"device_start": 2245885.368295194, "device_end": 2245885.3695081943}, "cmdq": 2, "read": {"device_start": -1, "device_end": -1}}, "softmax68": {"write": {"device_start": -1, "host_queued_start": 1585578111.159209, "device_queued": -1, "device_end": -1, "host_queued_end": 1585578111.165554}, "device": "cpu", "nd_range": {"device_start": 2245885.37313457, "device_end": 2245885.373193493}, "cmdq": 3, "read": {"device_start": -1, "device_end": -1}}, "softmax5": {"write": {"device_start": -1, "host_queued_start": 1585578111.157431, "device_queued": -1, "device_end": -1, "host_queued_end": 1585578111.165554}, "device": "cpu", "nd_range": {"device_start": 2245885.378932267, "device_end": 2245885.3789796634}, "cmdq": 0, "read": {"device_start": -1, "device_end": -1}}, "FFC_sans_bias28": {"write": {"device_start": -1, "host_queued_start": 1585578111.14536, "device_queued": -1, "device_end": -1, "host_queued_end": 1585578111.165554}, "device": "cpu", "nd_range": {"device_start": 2245885.359194181, "device_end": 2245885.3611517483}, "cmdq": 2, "read": {"device_start": -1, "device_end": -1}}, "FFC_sans_bias29": {"write": {"device_start": -1, "host_queued_start": 1585578111.14587, "device_queued": -1, "device_end": -1, "host_queued_end": 1585578111.165554}, "device": "cpu", "nd_range": {"device_start": 2245885.360350017, "device_end": 2245885.362269679}, "cmdq": 3, "read": {"device_start": -1, "device_end": -1}}, "empty17": {"write": {"device_start": -1, "host_queued_start": 1585578111.137248, "device_queued": -1, "device_end": -1, "host_queued_end": 1585578111.165554}, "device": "cpu", "nd_range": {"device_start": 2245885.3552219463, "device_end": 2245885.3552264823}, "cmdq": 1, "read": {"device_start": -1, "device_end": -1}}, "softmax59": {"write": {"device_start": -1, "host_queued_start": 1585578111.158972, "device_queued": -1, "device_end": -1, "host_queued_end": 1585578111.165554}, "device": "cpu", "nd_range": {"device_start": 2245885.371353163, "device_end": 2245885.371398231}, "cmdq": 2, "read": {"device_start": -1, "device_end": -1}}, "empty71": {"write": {"device_start": -1, "host_queued_start": 1585578111.139587, "device_queued": -1, "device_end": -1, "host_queued_end": 1585578111.165554}, "device": "cpu", "nd_range": {"device_start": 2245885.355853483, "device_end": 2245885.3558553914}, "cmdq": 3, "read": {"device_start": -1, "device_end": -1}}, "empty35": {"write": {"device_start": -1, "host_queued_start": 1585578111.138046, "device_queued": -1, "device_end": -1, "host_queued_end": 1585578111.165554}, "device": "cpu", "nd_range": {"device_start": 2245885.355746982, "device_end": 2245885.355750629}, "cmdq": 3, "read": {"device_start": -1, "device_end": -1}}, "empty53": {"write": {"device_start": -1, "host_queued_start": 1585578111.138857, "device_queued": -1, "device_end": -1, "host_queued_end": 1585578111.165554}, "device": "cpu", "nd_range": {"device_start": 2245885.355242051, "device_end": 2245885.355242982}, "cmdq": 1, "read": {"device_start": -1, "device_end": -1}}, "FFC_sans_bias46": {"write": {"device_start": -1, "host_queued_start": 1585578111.148463, "device_queued": -1, "device_end": -1, "host_queued_end": 1585578111.165554}, "device": "cpu", "nd_range": {"device_start": 2245885.364062073, "device_end": 2245885.3659825833}, "cmdq": 0, "read": {"device_start": -1, "device_end": -1}}, "coalesced_transpose66": {"write": {"device_start": -1, "host_queued_start": 1585578111.154531, "device_queued": -1, "device_end": -1, "host_queued_end": 1585578111.165554}, "device": "cpu", "nd_range": {"device_start": 2245885.368249543, "device_end": 2245885.368387502}, "cmdq": 3, "read": {"device_start": -1, "device_end": -1}}, "coalesced_transpose48": {"write": {"device_start": -1, "host_queued_start": 1585578111.153919, "device_queued": -1, "device_end": -1, "host_queued_end": 1585578111.165554}, "device": "cpu", "nd_range": {"device_start": 2245885.368311441, "device_end": 2245885.368380722}, "cmdq": 1, "read": {"device_start": -1, "device_end": -1}}}