{"FFC_sans_bias60": {"write": {"device_start": -1, "host_queued_start": 1585578357.701435, "device_queued": -1, "device_end": -1, "host_queued_end": 1585578357.705434}, "device": "gpu", "nd_range": {"device_start": 1585578292.5261362, "device_end": 1585578292.5263262}, "cmdq": 0, "read": {"device_start": -1, "device_end": -1}}, "FFC_sans_bias4": {"write": {"device_start": -1, "host_queued_start": 1585578357.708913, "device_queued": -1, "device_end": -1, "host_queued_end": 1585578357.710179}, "device": "cpu", "nd_range": {"device_start": 2246131.9010859, "device_end": 2246131.9018128933}, "cmdq": 0, "read": {"device_start": -1, "device_end": -1}}, "FFC_sans_bias7": {"write": {"device_start": -1, "host_queued_start": 1585578357.710133, "device_queued": -1, "device_end": -1, "host_queued_end": 1585578357.710179}, "device": "cpu", "nd_range": {"device_start": 2246131.902638312, "device_end": 2246131.903196684}, "cmdq": 3, "read": {"device_start": -1, "device_end": -1}}, "FFC_sans_bias6": {"write": {"device_start": -1, "host_queued_start": 1585578357.709622, "device_queued": -1, "device_end": -1, "host_queued_end": 1585578357.710179}, "device": "cpu", "nd_range": {"device_start": 2246131.901910177, "device_end": 2246131.902629921}, "cmdq": 2, "read": {"device_start": -1, "device_end": -1}}, "FFC_sans_bias1": {"write": {"device_start": -1, "host_queued_start": 1585578357.707538, "device_queued": -1, "device_end": -1, "host_queued_end": 1585578357.710179}, "device": "cpu", "nd_range": {"device_start": 2246131.899761991, "device_end": 2246131.900894543}, "cmdq": 2, "read": {"device_start": -1, "device_end": -1}}, "FFC_sans_bias0": {"write": {"device_start": -1, "host_queued_start": 1585578357.706943, "device_queued": -1, "device_end": -1, "host_queued_end": 1585578357.710179}, "device": "cpu", "nd_range": {"device_start": 2246131.899755166, "device_end": 2246131.901718886}, "cmdq": 1, "read": {"device_start": -1, "device_end": -1}}, "FFC_sans_bias2": {"write": {"device_start": -1, "host_queued_start": 1585578357.708138, "device_queued": -1, "device_end": -1, "host_queued_end": 1585578357.710179}, "device": "cpu", "nd_range": {"device_start": 2246131.8997632964, "device_end": 2246131.901232249}, "cmdq": 3, "read": {"device_start": -1, "device_end": -1}}, "FFC_sans_bias61": {"write": {"device_start": 1585578292.5266685, "host_queued_start": 1585578357.704808, "device_queued": 1585578292.5259042, "device_end": 1585578292.5266774, "host_queued_end": 1585578357.705434}, "device": "gpu", "nd_range": {"device_start": 1585578292.5266786, "device_end": 1585578292.5268598}, "cmdq": 1, "read": {"device_start": 1585578292.5268693, "device_end": 1585578292.5268762}}, "FFC_sans_bias52": {"write": {"device_start": 1585578292.5266514, "host_queued_start": 1585578357.704284, "device_queued": 1585578292.5258589, "device_end": 1585578292.5266628, "host_queued_end": 1585578357.705434}, "device": "gpu", "nd_range": {"device_start": 1585578292.5266645, "device_end": 1585578292.5267792}, "cmdq": 0, "read": {"device_start": 1585578292.5267837, "device_end": 1585578292.5267904}}, "FFC_sans_bias9": {"write": {"device_start": 1585578292.523817, "host_queued_start": 1585578357.683717, "device_queued": 1585578292.5237927, "device_end": 1585578292.5238256, "host_queued_end": 1585578357.705434}, "device": "gpu", "nd_range": {"device_start": 1585578292.5238583, "device_end": 1585578292.5239666}, "cmdq": 1, "read": {"device_start": -1, "device_end": -1}}, "coalesced_transpose39": {"write": {"device_start": -1, "host_queued_start": 1585578357.695049, "device_queued": -1, "device_end": -1, "host_queued_end": 1585578357.705434}, "device": "gpu", "nd_range": {"device_start": 1585578292.525182, "device_end": 1585578292.5251915}, "cmdq": 1, "read": {"device_start": -1, "device_end": -1}}, "FFC_sans_bias55": {"write": {"device_start": 1585578292.5248837, "host_queued_start": 1585578357.692387, "device_queued": 1585578292.5247738, "device_end": 1585578292.5248926, "host_queued_end": 1585578357.705434}, "device": "gpu", "nd_range": {"device_start": 1585578292.5248938, "device_end": 1585578292.5250707}, "cmdq": 0, "read": {"device_start": -1, "device_end": -1}}, "FFC_sans_bias54": {"write": {"device_start": 1585578292.5248277, "host_queued_start": 1585578357.691895, "device_queued": 1585578292.5247118, "device_end": 1585578292.5248365, "host_queued_end": 1585578357.705434}, "device": "gpu", "nd_range": {"device_start": 1585578292.5248375, "device_end": 1585578292.5250173}, "cmdq": 2, "read": {"device_start": -1, "device_end": -1}}, "FFC_sans_bias56": {"write": {"device_start": 1585578292.524773, "host_queued_start": 1585578357.691405, "device_queued": 1585578292.524678, "device_end": 1585578292.5247822, "host_queued_end": 1585578357.705434}, "device": "gpu", "nd_range": {"device_start": 1585578292.5247836, "device_end": 1585578292.5249658}, "cmdq": 1, "read": {"device_start": -1, "device_end": -1}}, "FFC_sans_bias51": {"write": {"device_start": -1, "host_queued_start": 1585578357.701071, "device_queued": -1, "device_end": -1, "host_queued_end": 1585578357.705434}, "device": "gpu", "nd_range": {"device_start": 1585578292.5260177, "device_end": 1585578292.5262198}, "cmdq": 2, "read": {"device_start": -1, "device_end": -1}}, "softmax23": {"write": {"device_start": -1, "host_queued_start": 1585578357.698424, "device_queued": -1, "device_end": -1, "host_queued_end": 1585578357.705434}, "device": "gpu", "nd_range": {"device_start": 1585578292.5256505, "device_end": 1585578292.5257266}, "cmdq": 1, "read": {"device_start": -1, "device_end": -1}}, "FFC_sans_bias37": {"write": {"device_start": 1585578292.5244756, "host_queued_start": 1585578357.688902, "device_queued": 1585578292.5243468, "device_end": 1585578292.5244842, "host_queued_end": 1585578357.705434}, "device": "gpu", "nd_range": {"device_start": 1585578292.524485, "device_end": 1585578292.5246663}, "cmdq": 2, "read": {"device_start": -1, "device_end": -1}}, "empty62": {"write": {"device_start": 1585578292.5237339, "host_queued_start": 1585578357.682828, "device_queued": 1585578292.523708, "device_end": 1585578292.5237427, "host_queued_end": 1585578357.705434}, "device": "gpu", "nd_range": {"device_start": 1585578292.5237484, "device_end": 1585578292.5237525}, "cmdq": 2, "read": {"device_start": -1, "device_end": -1}}, "FFC_sans_bias70": {"write": {"device_start": 1585578292.526767, "host_queued_start": 1585578357.705327, "device_queued": 1585578292.525968, "device_end": 1585578292.5267754, "host_queued_end": 1585578357.705434}, "device": "gpu", "nd_range": {"device_start": 1585578292.526777, "device_end": 1585578292.5268846}, "cmdq": 2, "read": {"device_start": 1585578292.52689, "device_end": 1585578292.526897}}, "FFC_sans_bias58": {"write": {"device_start": -1, "host_queued_start": 1585578357.697672, "device_queued": -1, "device_end": -1, "host_queued_end": 1585578357.705434}, "device": "gpu", "nd_range": {"device_start": 1585578292.5254543, "device_end": 1585578292.5256488}, "cmdq": 1, "read": {"device_start": -1, "device_end": -1}}, "softmax41": {"write": {"device_start": -1, "host_queued_start": 1585578357.6989, "device_queued": -1, "device_end": -1, "host_queued_end": 1585578357.705434}, "device": "gpu", "nd_range": {"device_start": 1585578292.5257473, "device_end": 1585578292.525833}, "cmdq": 0, "read": {"device_start": -1, "device_end": -1}}, "FFC_sans_bias11": {"write": {"device_start": 1585578292.5239124, "host_queued_start": 1585578357.684848, "device_queued": 1585578292.523877, "device_end": 1585578292.5239213, "host_queued_end": 1585578357.705434}, "device": "gpu", "nd_range": {"device_start": 1585578292.5239222, "device_end": 1585578292.5240784}, "cmdq": 0, "read": {"device_start": -1, "device_end": -1}}, "FFC_sans_bias10": {"write": {"device_start": 1585578292.5238473, "host_queued_start": 1585578357.684224, "device_queued": 1585578292.5238209, "device_end": 1585578292.523856, "host_queued_end": 1585578357.705434}, "device": "gpu", "nd_range": {"device_start": 1585578292.52387, "device_end": 1585578292.524056}, "cmdq": 2, "read": {"device_start": -1, "device_end": -1}}, "coalesced_transpose3": {"write": {"device_start": -1, "host_queued_start": 1585578357.708553, "device_queued": -1, "device_end": -1, "host_queued_end": 1585578357.710179}, "device": "cpu", "nd_range": {"device_start": 2246131.9010286704, "device_end": 2246131.901080902}, "cmdq": 4, "read": {"device_start": -1, "device_end": -1}}, "FFC_sans_bias34": {"write": {"device_start": 1585578292.5262756, "host_queued_start": 1585578357.703264, "device_queued": 1585578292.5257013, "device_end": 1585578292.5262845, "host_queued_end": 1585578357.705434}, "device": "gpu", "nd_range": {"device_start": 1585578292.5262856, "device_end": 1585578292.526448}, "cmdq": 1, "read": {"device_start": 1585578292.5265481, "device_end": 1585578292.5265565}}, "FFC_sans_bias15": {"write": {"device_start": -1, "host_queued_start": 1585578357.699898, "device_queued": -1, "device_end": -1, "host_queued_end": 1585578357.705434}, "device": "gpu", "nd_range": {"device_start": 1585578292.5258088, "device_end": 1585578292.5259218}, "cmdq": 1, "read": {"device_start": -1, "device_end": -1}}, "FFC_sans_bias31": {"write": {"device_start": -1, "host_queued_start": 1585578357.696786, "device_queued": -1, "device_end": -1, "host_queued_end": 1585578357.705434}, "device": "gpu", "nd_range": {"device_start": 1585578292.5252602, "device_end": 1585578292.5254524}, "cmdq": 1, "read": {"device_start": -1, "device_end": -1}}, "FFC_sans_bias16": {"write": {"device_start": 1585578292.526221, "host_queued_start": 1585578357.702227, "device_queued": 1585578292.525501, "device_end": 1585578292.5262296, "host_queued_end": 1585578357.705434}, "device": "gpu", "nd_range": {"device_start": 1585578292.526231, "device_end": 1585578292.5264137}, "cmdq": 2, "read": {"device_start": 1585578292.5264251, "device_end": 1585578292.5264337}}, "FFC_sans_bias19": {"write": {"device_start": 1585578292.524058, "host_queued_start": 1585578357.685859, "device_queued": 1585578292.5239613, "device_end": 1585578292.524067, "host_queued_end": 1585578357.705434}, "device": "gpu", "nd_range": {"device_start": 1585578292.5241396, "device_end": 1585578292.5242496}, "cmdq": 2, "read": {"device_start": -1, "device_end": -1}}, "FFC_sans_bias18": {"write": {"device_start": 1585578292.523971, "host_queued_start": 1585578357.685361, "device_queued": 1585578292.5239372, "device_end": 1585578292.52398, "host_queued_end": 1585578357.705434}, "device": "gpu", "nd_range": {"device_start": 1585578292.5239978, "device_end": 1585578292.5241652}, "cmdq": 1, "read": {"device_start": -1, "device_end": -1}}, "coalesced_transpose30": {"write": {"device_start": -1, "host_queued_start": 1585578357.694767, "device_queued": -1, "device_end": -1, "host_queued_end": 1585578357.705434}, "device": "gpu", "nd_range": {"device_start": 1585578292.5252488, "device_end": 1585578292.5252557}, "cmdq": 0, "read": {"device_start": -1, "device_end": -1}}, "FFC_sans_bias69": {"write": {"device_start": -1, "host_queued_start": 1585578357.701738, "device_queued": -1, "device_end": -1, "host_queued_end": 1585578357.705434}, "device": "gpu", "nd_range": {"device_start": 1585578292.5261037, "device_end": 1585578292.5262742}, "cmdq": 1, "read": {"device_start": -1, "device_end": -1}}, "FFC_sans_bias38": {"write": {"device_start": 1585578292.5245006, "host_queued_start": 1585578357.689395, "device_queued": 1585578292.524407, "device_end": 1585578292.5245092, "host_queued_end": 1585578357.705434}, "device": "gpu", "nd_range": {"device_start": 1585578292.5245106, "device_end": 1585578292.5246933}, "cmdq": 0, "read": {"device_start": -1, "device_end": -1}}, "coalesced_transpose57": {"write": {"device_start": -1, "host_queued_start": 1585578357.695601, "device_queued": -1, "device_end": -1, "host_queued_end": 1585578357.705434}, "device": "gpu", "nd_range": {"device_start": 1585578292.525257, "device_end": 1585578292.525274}, "cmdq": 0, "read": {"device_start": -1, "device_end": -1}}, "empty26": {"write": {"device_start": 1585578292.5235846, "host_queued_start": 1585578357.681226, "device_queued": 1585578292.5235581, "device_end": 1585578292.523594, "host_queued_end": 1585578357.705434}, "device": "gpu", "nd_range": {"device_start": 1585578292.5236232, "device_end": 1585578292.5236301}, "cmdq": 1, "read": {"device_start": -1, "device_end": -1}}, "coalesced_transpose12": {"write": {"device_start": -1, "host_queued_start": 1585578357.694184, "device_queued": -1, "device_end": -1, "host_queued_end": 1585578357.705434}, "device": "gpu", "nd_range": {"device_start": 1585578292.5251312, "device_end": 1585578292.525181}, "cmdq": 1, "read": {"device_start": -1, "device_end": -1}}, "empty44": {"write": {"device_start": 1585578292.523658, "host_queued_start": 1585578357.682057, "device_queued": 1585578292.5236347, "device_end": 1585578292.523671, "host_queued_end": 1585578357.705434}, "device": "gpu", "nd_range": {"device_start": 1585578292.523672, "device_end": 1585578292.523676}, "cmdq": 0, "read": {"device_start": -1, "device_end": -1}}, "coalesced_transpose21": {"write": {"device_start": -1, "host_queued_start": 1585578357.694456, "device_queued": -1, "device_end": -1, "host_queued_end": 1585578357.705434}, "device": "gpu", "nd_range": {"device_start": 1585578292.5251856, "device_end": 1585578292.5251975}, "cmdq": 2, "read": {"device_start": -1, "device_end": -1}}, "FFC_sans_bias36": {"write": {"device_start": 1585578292.524395, "host_queued_start": 1585578357.688405, "device_queued": 1585578292.5243196, "device_end": 1585578292.5244038, "host_queued_end": 1585578357.705434}, "device": "gpu", "nd_range": {"device_start": 1585578292.5244048, "device_end": 1585578292.5245788}, "cmdq": 1, "read": {"device_start": -1, "device_end": -1}}, "softmax14": {"write": {"device_start": -1, "host_queued_start": 1585578357.698191, "device_queued": -1, "device_end": -1, "host_queued_end": 1585578357.705434}, "device": "gpu", "nd_range": {"device_start": 1585578292.5256693, "device_end": 1585578292.5257442}, "cmdq": 0, "read": {"device_start": -1, "device_end": -1}}, "FFC_sans_bias13": {"write": {"device_start": -1, "host_queued_start": 1585578357.696183, "device_queued": -1, "device_end": -1, "host_queued_end": 1585578357.705434}, "device": "gpu", "nd_range": {"device_start": 1585578292.5252535, "device_end": 1585578292.5253623}, "cmdq": 2, "read": {"device_start": -1, "device_end": -1}}, "empty8": {"write": {"device_start": -1, "host_queued_start": 1585578357.706222, "device_queued": -1, "device_end": -1, "host_queued_end": 1585578357.710179}, "device": "cpu", "nd_range": {"device_start": 2246131.899735827, "device_end": 2246131.899744545}, "cmdq": 0, "read": {"device_start": -1, "device_end": -1}}, "FFC_sans_bias42": {"write": {"device_start": -1, "host_queued_start": 1585578357.700785, "device_queued": -1, "device_end": -1, "host_queued_end": 1585578357.705434}, "device": "gpu", "nd_range": {"device_start": 1585578292.525924, "device_end": 1585578292.5261006}, "cmdq": 1, "read": {"device_start": -1, "device_end": -1}}, "FFC_sans_bias43": {"write": {"device_start": 1585578292.5265424, "host_queued_start": 1585578357.703774, "device_queued": 1585578292.5257757, "device_end": 1585578292.5265522, "host_queued_end": 1585578357.705434}, "device": "gpu", "nd_range": {"device_start": 1585578292.526556, "device_end": 1585578292.526683}, "cmdq": 2, "read": {"device_start": 1585578292.526696, "device_end": 1585578292.5267043}}, "FFC_sans_bias40": {"write": {"device_start": -1, "host_queued_start": 1585578357.697076, "device_queued": -1, "device_end": -1, "host_queued_end": 1585578357.705434}, "device": "gpu", "nd_range": {"device_start": 1585578292.5253644, "device_end": 1585578292.5255632}, "cmdq": 2, "read": {"device_start": -1, "device_end": -1}}, "softmax32": {"write": {"device_start": -1, "host_queued_start": 1585578357.698667, "device_queued": -1, "device_end": -1, "host_queued_end": 1585578357.705434}, "device": "gpu", "nd_range": {"device_start": 1585578292.5257173, "device_end": 1585578292.5257902}, "cmdq": 2, "read": {"device_start": -1, "device_end": -1}}, "FFC_sans_bias47": {"write": {"device_start": 1585578292.5246985, "host_queued_start": 1585578357.69091, "device_queued": 1585578292.5246325, "device_end": 1585578292.524708, "host_queued_end": 1585578357.705434}, "device": "gpu", "nd_range": {"device_start": 1585578292.5247092, "device_end": 1585578292.5248818}, "cmdq": 0, "read": {"device_start": -1, "device_end": -1}}, "FFC_sans_bias45": {"write": {"device_start": 1585578292.524584, "host_queued_start": 1585578357.689886, "device_queued": 1585578292.5244448, "device_end": 1585578292.5245938, "host_queued_end": 1585578357.705434}, "device": "gpu", "nd_range": {"device_start": 1585578292.5246122, "device_end": 1585578292.524771}, "cmdq": 1, "read": {"device_start": -1, "device_end": -1}}, "softmax50": {"write": {"device_start": -1, "host_queued_start": 1585578357.699128, "device_queued": -1, "device_end": -1, "host_queued_end": 1585578357.705434}, "device": "gpu", "nd_range": {"device_start": 1585578292.5257294, "device_end": 1585578292.5258057}, "cmdq": 1, "read": {"device_start": -1, "device_end": -1}}, "FFC_sans_bias33": {"write": {"device_start": -1, "host_queued_start": 1585578357.70048, "device_queued": -1, "device_end": -1, "host_queued_end": 1585578357.705434}, "device": "gpu", "nd_range": {"device_start": 1585578292.5259597, "device_end": 1585578292.5261335}, "cmdq": 0, "read": {"device_start": -1, "device_end": -1}}, "FFC_sans_bias63": {"write": {"device_start": 1585578292.5250733, "host_queued_start": 1585578357.693879, "device_queued": 1585578292.524883, "device_end": 1585578292.5250816, "host_queued_end": 1585578357.705434}, "device": "gpu", "nd_range": {"device_start": 1585578292.525083, "device_end": 1585578292.5252478}, "cmdq": 0, "read": {"device_start": -1, "device_end": -1}}, "FFC_sans_bias49": {"write": {"device_start": -1, "host_queued_start": 1585578357.697374, "device_queued": -1, "device_end": -1, "host_queued_end": 1585578357.705434}, "device": "gpu", "nd_range": {"device_start": 1585578292.525478, "device_end": 1585578292.525667}, "cmdq": 0, "read": {"device_start": -1, "device_end": -1}}, "FFC_sans_bias64": {"write": {"device_start": 1585578292.5249677, "host_queued_start": 1585578357.692881, "device_queued": 1585578292.5248125, "device_end": 1585578292.5249763, "host_queued_end": 1585578357.705434}, "device": "gpu", "nd_range": {"device_start": 1585578292.5249774, "device_end": 1585578292.52513}, "cmdq": 1, "read": {"device_start": -1, "device_end": -1}}, "FFC_sans_bias65": {"write": {"device_start": 1585578292.5250194, "host_queued_start": 1585578357.693382, "device_queued": 1585578292.5248365, "device_end": 1585578292.525028, "host_queued_end": 1585578357.705434}, "device": "gpu", "nd_range": {"device_start": 1585578292.5250292, "device_end": 1585578292.5251846}, "cmdq": 2, "read": {"device_start": -1, "device_end": -1}}, "FFC_sans_bias67": {"write": {"device_start": -1, "host_queued_start": 1585578357.697959, "device_queued": -1, "device_end": -1, "host_queued_end": 1585578357.705434}, "device": "gpu", "nd_range": {"device_start": 1585578292.5255656, "device_end": 1585578292.5257125}, "cmdq": 2, "read": {"device_start": -1, "device_end": -1}}, "FFC_sans_bias24": {"write": {"device_start": -1, "host_queued_start": 1585578357.700183, "device_queued": -1, "device_end": -1, "host_queued_end": 1585578357.705434}, "device": "gpu", "nd_range": {"device_start": 1585578292.525906, "device_end": 1585578292.5260158}, "cmdq": 2, "read": {"device_start": -1, "device_end": -1}}, "FFC_sans_bias25": {"write": {"device_start": 1585578292.5263274, "host_queued_start": 1585578357.70275, "device_queued": 1585578292.525547, "device_end": 1585578292.526336, "host_queued_end": 1585578357.705434}, "device": "gpu", "nd_range": {"device_start": 1585578292.5263371, "device_end": 1585578292.5265248}, "cmdq": 0, "read": {"device_start": 1585578292.5265348, "device_end": 1585578292.5265448}}, "FFC_sans_bias27": {"write": {"device_start": 1585578292.5242152, "host_queued_start": 1585578357.686926, "device_queued": 1585578292.5241904, "device_end": 1585578292.5242245, "host_queued_end": 1585578357.705434}, "device": "gpu", "nd_range": {"device_start": 1585578292.524264, "device_end": 1585578292.5243936}, "cmdq": 1, "read": {"device_start": -1, "device_end": -1}}, "FFC_sans_bias20": {"write": {"device_start": 1585578292.5241718, "host_queued_start": 1585578357.686354, "device_queued": 1585578292.5241494, "device_end": 1585578292.5241807, "host_queued_end": 1585578357.705434}, "device": "gpu", "nd_range": {"device_start": 1585578292.5241816, "device_end": 1585578292.5243099}, "cmdq": 0, "read": {"device_start": -1, "device_end": -1}}, "FFC_sans_bias22": {"write": {"device_start": -1, "host_queued_start": 1585578357.696485, "device_queued": -1, "device_end": -1, "host_queued_end": 1585578357.705434}, "device": "gpu", "nd_range": {"device_start": 1585578292.525276, "device_end": 1585578292.5254767}, "cmdq": 0, "read": {"device_start": -1, "device_end": -1}}, "softmax68": {"write": {"device_start": -1, "host_queued_start": 1585578357.699595, "device_queued": -1, "device_end": -1, "host_queued_end": 1585578357.705434}, "device": "gpu", "nd_range": {"device_start": 1585578292.525837, "device_end": 1585578292.5259569}, "cmdq": 0, "read": {"device_start": -1, "device_end": -1}}, "softmax5": {"write": {"device_start": -1, "host_queued_start": 1585578357.709272, "device_queued": -1, "device_end": -1, "host_queued_end": 1585578357.710179}, "device": "cpu", "nd_range": {"device_start": 2246131.901829516, "device_end": 2246131.901903727}, "cmdq": 1, "read": {"device_start": -1, "device_end": -1}}, "FFC_sans_bias28": {"write": {"device_start": 1585578292.5242527, "host_queued_start": 1585578357.687414, "device_queued": 1585578292.5242157, "device_end": 1585578292.5242615, "host_queued_end": 1585578357.705434}, "device": "gpu", "nd_range": {"device_start": 1585578292.5242693, "device_end": 1585578292.5244734}, "cmdq": 2, "read": {"device_start": -1, "device_end": -1}}, "FFC_sans_bias29": {"write": {"device_start": 1585578292.5243127, "host_queued_start": 1585578357.687916, "device_queued": 1585578292.5242753, "device_end": 1585578292.5243216, "host_queued_end": 1585578357.705434}, "device": "gpu", "nd_range": {"device_start": 1585578292.5243232, "device_end": 1585578292.5244985}, "cmdq": 0, "read": {"device_start": -1, "device_end": -1}}, "empty17": {"write": {"device_start": 1585578292.5235126, "host_queued_start": 1585578357.680618, "device_queued": 1585578292.5234776, "device_end": 1585578292.5235214, "host_queued_end": 1585578357.705434}, "device": "gpu", "nd_range": {"device_start": 1585578292.523541, "device_end": 1585578292.523554}, "cmdq": 0, "read": {"device_start": -1, "device_end": -1}}, "softmax59": {"write": {"device_start": -1, "host_queued_start": 1585578357.69936, "device_queued": -1, "device_end": -1, "host_queued_end": 1585578357.705434}, "device": "gpu", "nd_range": {"device_start": 1585578292.5257945, "device_end": 1585578292.5259027}, "cmdq": 2, "read": {"device_start": -1, "device_end": -1}}, "empty71": {"write": {"device_start": 1585578292.5237782, "host_queued_start": 1585578357.6832, "device_queued": 1585578292.5237544, "device_end": 1585578292.5237868, "host_queued_end": 1585578357.705434}, "device": "gpu", "nd_range": {"device_start": 1585578292.523788, "device_end": 1585578292.5237913}, "cmdq": 0, "read": {"device_start": -1, "device_end": -1}}, "empty35": {"write": {"device_start": 1585578292.5236127, "host_queued_start": 1585578357.681656, "device_queued": 1585578292.5235865, "device_end": 1585578292.5236216, "host_queued_end": 1585578357.705434}, "device": "gpu", "nd_range": {"device_start": 1585578292.5236278, "device_end": 1585578292.5236318}, "cmdq": 2, "read": {"device_start": -1, "device_end": -1}}, "empty53": {"write": {"device_start": 1585578292.5237062, "host_queued_start": 1585578357.68243, "device_queued": 1585578292.5236802, "device_end": 1585578292.523715, "host_queued_end": 1585578357.705434}, "device": "gpu", "nd_range": {"device_start": 1585578292.5237446, "device_end": 1585578292.523751}, "cmdq": 1, "read": {"device_start": -1, "device_end": -1}}, "FFC_sans_bias46": {"write": {"device_start": 1585578292.5246685, "host_queued_start": 1585578357.690384, "device_queued": 1585578292.5245686, "device_end": 1585578292.5246773, "host_queued_end": 1585578357.705434}, "device": "gpu", "nd_range": {"device_start": 1585578292.5246782, "device_end": 1585578292.5248241}, "cmdq": 2, "read": {"device_start": -1, "device_end": -1}}, "coalesced_transpose66": {"write": {"device_start": -1, "host_queued_start": 1585578357.695889, "device_queued": -1, "device_end": -1, "host_queued_end": 1585578357.705434}, "device": "gpu", "nd_range": {"device_start": 1585578292.5251925, "device_end": 1585578292.5252025}, "cmdq": 1, "read": {"device_start": -1, "device_end": -1}}, "coalesced_transpose48": {"write": {"device_start": -1, "host_queued_start": 1585578357.695317, "device_queued": -1, "device_end": -1, "host_queued_end": 1585578357.705434}, "device": "gpu", "nd_range": {"device_start": 1585578292.5251985, "device_end": 1585578292.5252101}, "cmdq": 2, "read": {"device_start": -1, "device_end": -1}}}