{"FFC_sans_bias60": {"write": {"device_start": -1, "host_queued_start": 1585578205.03979, "device_queued": -1, "device_end": -1, "host_queued_end": 1585578205.043088}, "device": "cpu", "nd_range": {"device_start": 2245979.251277156, "device_end": 2245979.253211061}, "cmdq": 1, "read": {"device_start": -1, "device_end": -1}}, "FFC_sans_bias4": {"write": {"device_start": -1, "host_queued_start": 1585578205.033694, "device_queued": -1, "device_end": -1, "host_queued_end": 1585578205.043088}, "device": "cpu", "nd_range": {"device_start": 2245979.2446985473, "device_end": 2245979.2466106853}, "cmdq": 2, "read": {"device_start": -1, "device_end": -1}}, "FFC_sans_bias7": {"write": {"device_start": -1, "host_queued_start": 1585578205.0403, "device_queued": -1, "device_end": -1, "host_queued_end": 1585578205.043088}, "device": "cpu", "nd_range": {"device_start": 2245979.2569725323, "device_end": 2245979.258165508}, "cmdq": 2, "read": {"device_start": -1, "device_end": -1}}, "FFC_sans_bias6": {"write": {"device_start": -1, "host_queued_start": 1585578205.037865, "device_queued": -1, "device_end": -1, "host_queued_end": 1585578205.043088}, "device": "cpu", "nd_range": {"device_start": 2245979.24844815, "device_end": 2245979.249274792}, "cmdq": 1, "read": {"device_start": -1, "device_end": -1}}, "FFC_sans_bias1": {"write": {"device_start": -1, "host_queued_start": 1585578205.021098, "device_queued": -1, "device_end": -1, "host_queued_end": 1585578205.043088}, "device": "cpu", "nd_range": {"device_start": 2245979.232740234, "device_end": 2245979.2347490382}, "cmdq": 2, "read": {"device_start": -1, "device_end": -1}}, "FFC_sans_bias0": {"write": {"device_start": -1, "host_queued_start": 1585578205.020554, "device_queued": -1, "device_end": -1, "host_queued_end": 1585578205.043088}, "device": "cpu", "nd_range": {"device_start": 2245979.232733581, "device_end": 2245979.234474292}, "cmdq": 1, "read": {"device_start": -1, "device_end": -1}}, "FFC_sans_bias2": {"write": {"device_start": -1, "host_queued_start": 1585578205.02165, "device_queued": -1, "device_end": -1, "host_queued_end": 1585578205.043088}, "device": "cpu", "nd_range": {"device_start": 2245979.2327344483, "device_end": 2245979.234139136}, "cmdq": 0, "read": {"device_start": -1, "device_end": -1}}, "FFC_sans_bias61": {"write": {"device_start": -1, "host_queued_start": 1585578205.043045, "device_queued": -1, "device_end": -1, "host_queued_end": 1585578205.043088}, "device": "cpu", "nd_range": {"device_start": 2245979.259026957, "device_end": 2245979.259515595}, "cmdq": 2, "read": {"device_start": -1, "device_end": -1}}, "FFC_sans_bias52": {"write": {"device_start": -1, "host_queued_start": 1585578205.042591, "device_queued": -1, "device_end": -1, "host_queued_end": 1585578205.043088}, "device": "cpu", "nd_range": {"device_start": 2245979.255278843, "device_end": 2245979.256366439}, "cmdq": 1, "read": {"device_start": -1, "device_end": -1}}, "FFC_sans_bias9": {"write": {"device_start": -1, "host_queued_start": 1585578205.022195, "device_queued": -1, "device_end": -1, "host_queued_end": 1585578205.043088}, "device": "cpu", "nd_range": {"device_start": 2245979.234728382, "device_end": 2245979.2364256443}, "cmdq": 1, "read": {"device_start": -1, "device_end": -1}}, "coalesced_transpose39": {"write": {"device_start": -1, "host_queued_start": 1585578205.032779, "device_queued": -1, "device_end": -1, "host_queued_end": 1585578205.043088}, "device": "cpu", "nd_range": {"device_start": 2245979.244517263, "device_end": 2245979.2445943733}, "cmdq": 2, "read": {"device_start": -1, "device_end": -1}}, "FFC_sans_bias55": {"write": {"device_start": -1, "host_queued_start": 1585578205.03126, "device_queued": -1, "device_end": -1, "host_queued_end": 1585578205.043088}, "device": "cpu", "nd_range": {"device_start": 2245979.242108398, "device_end": 2245979.243445543}, "cmdq": 0, "read": {"device_start": -1, "device_end": -1}}, "FFC_sans_bias54": {"write": {"device_start": -1, "host_queued_start": 1585578205.03076, "device_queued": -1, "device_end": -1, "host_queued_end": 1585578205.043088}, "device": "cpu", "nd_range": {"device_start": 2245979.243030244, "device_end": 2245979.2443193183}, "cmdq": 2, "read": {"device_start": -1, "device_end": -1}}, "FFC_sans_bias56": {"write": {"device_start": -1, "host_queued_start": 1585578205.03021, "device_queued": -1, "device_end": -1, "host_queued_end": 1585578205.043088}, "device": "cpu", "nd_range": {"device_start": 2245979.2410594593, "device_end": 2245979.242989115}, "cmdq": 1, "read": {"device_start": -1, "device_end": -1}}, "FFC_sans_bias51": {"write": {"device_start": -1, "host_queued_start": 1585578205.039471, "device_queued": -1, "device_end": -1, "host_queued_end": 1585578205.043088}, "device": "cpu", "nd_range": {"device_start": 2245979.2533689453, "device_end": 2245979.255261933}, "cmdq": 0, "read": {"device_start": -1, "device_end": -1}}, "softmax23": {"write": {"device_start": -1, "host_queued_start": 1585578205.036503, "device_queued": -1, "device_end": -1, "host_queued_end": 1585578205.043088}, "device": "cpu", "nd_range": {"device_start": 2245979.251094197, "device_end": 2245979.251157604}, "cmdq": 2, "read": {"device_start": -1, "device_end": -1}}, "FFC_sans_bias37": {"write": {"device_start": -1, "host_queued_start": 1585578205.02769, "device_queued": -1, "device_end": -1, "host_queued_end": 1585578205.043088}, "device": "cpu", "nd_range": {"device_start": 2245979.240080357, "device_end": 2245979.241890088}, "cmdq": 2, "read": {"device_start": -1, "device_end": -1}}, "empty62": {"write": {"device_start": -1, "host_queued_start": 1585578205.019979, "device_queued": -1, "device_end": -1, "host_queued_end": 1585578205.043088}, "device": "cpu", "nd_range": {"device_start": 2245979.232728987, "device_end": 2245979.2327296683}, "cmdq": 0, "read": {"device_start": -1, "device_end": -1}}, "FFC_sans_bias70": {"write": {"device_start": 1585578139.8397799, "host_queued_start": 1585578205.016284, "device_queued": 1585578139.8395388, "device_end": 1585578139.8397896, "host_queued_end": 1585578205.016406}, "device": "gpu", "nd_range": {"device_start": 1585578139.8399007, "device_end": 1585578139.8400073}, "cmdq": 0, "read": {"device_start": 1585578139.8400142, "device_end": 1585578139.8400276}}, "FFC_sans_bias58": {"write": {"device_start": -1, "host_queued_start": 1585578205.035748, "device_queued": -1, "device_end": -1, "host_queued_end": 1585578205.043088}, "device": "cpu", "nd_range": {"device_start": 2245979.249578479, "device_end": 2245979.25108639}, "cmdq": 2, "read": {"device_start": -1, "device_end": -1}}, "softmax41": {"write": {"device_start": -1, "host_queued_start": 1585578205.037012, "device_queued": -1, "device_end": -1, "host_queued_end": 1585578205.043088}, "device": "cpu", "nd_range": {"device_start": 2245979.248372631, "device_end": 2245979.248428367}, "cmdq": 1, "read": {"device_start": -1, "device_end": -1}}, "FFC_sans_bias11": {"write": {"device_start": -1, "host_queued_start": 1585578205.023314, "device_queued": -1, "device_end": -1, "host_queued_end": 1585578205.043088}, "device": "cpu", "nd_range": {"device_start": 2245979.234148105, "device_end": 2245979.2351206173}, "cmdq": 0, "read": {"device_start": -1, "device_end": -1}}, "FFC_sans_bias10": {"write": {"device_start": -1, "host_queued_start": 1585578205.022764, "device_queued": -1, "device_end": -1, "host_queued_end": 1585578205.043088}, "device": "cpu", "nd_range": {"device_start": 2245979.234754884, "device_end": 2245979.2358375574}, "cmdq": 2, "read": {"device_start": -1, "device_end": -1}}, "coalesced_transpose3": {"write": {"device_start": -1, "host_queued_start": 1585578205.031574, "device_queued": -1, "device_end": -1, "host_queued_end": 1585578205.043088}, "device": "cpu", "nd_range": {"device_start": 2245979.24312394, "device_end": 2245979.2431785753}, "cmdq": 1, "read": {"device_start": -1, "device_end": -1}}, "FFC_sans_bias34": {"write": {"device_start": -1, "host_queued_start": 1585578205.041652, "device_queued": -1, "device_end": -1, "host_queued_end": 1585578205.043088}, "device": "cpu", "nd_range": {"device_start": 2245979.258169642, "device_end": 2245979.259023101}, "cmdq": 2, "read": {"device_start": -1, "device_end": -1}}, "FFC_sans_bias15": {"write": {"device_start": -1, "host_queued_start": 1585578205.038178, "device_queued": -1, "device_end": -1, "host_queued_end": 1585578205.043088}, "device": "cpu", "nd_range": {"device_start": 2245979.251404645, "device_end": 2245979.253372015}, "cmdq": 2, "read": {"device_start": -1, "device_end": -1}}, "FFC_sans_bias31": {"write": {"device_start": -1, "host_queued_start": 1585578205.034766, "device_queued": -1, "device_end": -1, "host_queued_end": 1585578205.043088}, "device": "cpu", "nd_range": {"device_start": 2245979.246619157, "device_end": 2245979.248793162}, "cmdq": 2, "read": {"device_start": -1, "device_end": -1}}, "FFC_sans_bias16": {"write": {"device_start": -1, "host_queued_start": 1585578205.040752, "device_queued": -1, "device_end": -1, "host_queued_end": 1585578205.043088}, "device": "cpu", "nd_range": {"device_start": 2245979.2562538083, "device_end": 2245979.257686741}, "cmdq": 0, "read": {"device_start": -1, "device_end": -1}}, "FFC_sans_bias19": {"write": {"device_start": -1, "host_queued_start": 1585578205.024387, "device_queued": -1, "device_end": -1, "host_queued_end": 1585578205.043088}, "device": "cpu", "nd_range": {"device_start": 2245979.236646437, "device_end": 2245979.237956578}, "cmdq": 2, "read": {"device_start": -1, "device_end": -1}}, "FFC_sans_bias18": {"write": {"device_start": -1, "host_queued_start": 1585578205.02385, "device_queued": -1, "device_end": -1, "host_queued_end": 1585578205.043088}, "device": "cpu", "nd_range": {"device_start": 2245979.23643122, "device_end": 2245979.237763137}, "cmdq": 1, "read": {"device_start": -1, "device_end": -1}}, "coalesced_transpose30": {"write": {"device_start": -1, "host_queued_start": 1585578205.032485, "device_queued": -1, "device_end": -1, "host_queued_end": 1585578205.043088}, "device": "cpu", "nd_range": {"device_start": 2245979.243189569, "device_end": 2245979.243246333}, "cmdq": 1, "read": {"device_start": -1, "device_end": -1}}, "FFC_sans_bias69": {"write": {"device_start": -1, "host_queued_start": 1585578205.015773, "device_queued": -1, "device_end": -1, "host_queued_end": 1585578205.016406}, "device": "gpu", "nd_range": {"device_start": 1585578139.8397915, "device_end": 1585578139.8398983}, "cmdq": 1, "read": {"device_start": -1, "device_end": -1}}, "FFC_sans_bias38": {"write": {"device_start": -1, "host_queued_start": 1585578205.028197, "device_queued": -1, "device_end": -1, "host_queued_end": 1585578205.043088}, "device": "cpu", "nd_range": {"device_start": 2245979.239007974, "device_end": 2245979.240830343}, "cmdq": 0, "read": {"device_start": -1, "device_end": -1}}, "coalesced_transpose57": {"write": {"device_start": -1, "host_queued_start": 1585578205.033385, "device_queued": -1, "device_end": -1, "host_queued_end": 1585578205.043088}, "device": "cpu", "nd_range": {"device_start": 2245979.243862845, "device_end": 2245979.243914387}, "cmdq": 1, "read": {"device_start": -1, "device_end": -1}}, "empty26": {"write": {"device_start": -1, "host_queued_start": 1585578205.018319, "device_queued": -1, "device_end": -1, "host_queued_end": 1585578205.043088}, "device": "cpu", "nd_range": {"device_start": 2245979.232726918, "device_end": 2245979.2327281623}, "cmdq": 2, "read": {"device_start": -1, "device_end": -1}}, "coalesced_transpose12": {"write": {"device_start": -1, "host_queued_start": 1585578205.031869, "device_queued": -1, "device_end": -1, "host_queued_end": 1585578205.043088}, "device": "cpu", "nd_range": {"device_start": 2245979.24432737, "device_end": 2245979.2443982833}, "cmdq": 2, "read": {"device_start": -1, "device_end": -1}}, "empty44": {"write": {"device_start": -1, "host_queued_start": 1585578205.019191, "device_queued": -1, "device_end": -1, "host_queued_end": 1585578205.043088}, "device": "cpu", "nd_range": {"device_start": 2245979.23272115, "device_end": 2245979.232722061}, "cmdq": 1, "read": {"device_start": -1, "device_end": -1}}, "coalesced_transpose21": {"write": {"device_start": -1, "host_queued_start": 1585578205.032175, "device_queued": -1, "device_end": -1, "host_queued_end": 1585578205.043088}, "device": "cpu", "nd_range": {"device_start": 2245979.243455055, "device_end": 2245979.243507776}, "cmdq": 0, "read": {"device_start": -1, "device_end": -1}}, "FFC_sans_bias36": {"write": {"device_start": -1, "host_queued_start": 1585578205.027163, "device_queued": -1, "device_end": -1, "host_queued_end": 1585578205.043088}, "device": "cpu", "nd_range": {"device_start": 2245979.238741159, "device_end": 2245979.239832416}, "cmdq": 1, "read": {"device_start": -1, "device_end": -1}}, "softmax14": {"write": {"device_start": -1, "host_queued_start": 1585578205.036261, "device_queued": -1, "device_end": -1, "host_queued_end": 1585578205.043088}, "device": "cpu", "nd_range": {"device_start": 2245979.2470789733, "device_end": 2245979.247146596}, "cmdq": 1, "read": {"device_start": -1, "device_end": -1}}, "FFC_sans_bias13": {"write": {"device_start": -1, "host_queued_start": 1585578205.03407, "device_queued": -1, "device_end": -1, "host_queued_end": 1585578205.043088}, "device": "cpu", "nd_range": {"device_start": 2245979.244943309, "device_end": 2245979.246865945}, "cmdq": 0, "read": {"device_start": -1, "device_end": -1}}, "empty8": {"write": {"device_start": -1, "host_queued_start": 1585578205.01704, "device_queued": -1, "device_end": -1, "host_queued_end": 1585578205.043088}, "device": "cpu", "nd_range": {"device_start": 2245979.23268841, "device_end": 2245979.232700629}, "cmdq": 0, "read": {"device_start": -1, "device_end": -1}}, "FFC_sans_bias42": {"write": {"device_start": -1, "host_queued_start": 1585578205.039151, "device_queued": -1, "device_end": -1, "host_queued_end": 1585578205.043088}, "device": "cpu", "nd_range": {"device_start": 2245979.25552259, "device_end": 2245979.256967109}, "cmdq": 2, "read": {"device_start": -1, "device_end": -1}}, "FFC_sans_bias43": {"write": {"device_start": -1, "host_queued_start": 1585578205.042131, "device_queued": -1, "device_end": -1, "host_queued_end": 1585578205.043088}, "device": "cpu", "nd_range": {"device_start": 2245979.2576894313, "device_end": 2245979.258651209}, "cmdq": 0, "read": {"device_start": -1, "device_end": -1}}, "FFC_sans_bias40": {"write": {"device_start": -1, "host_queued_start": 1585578205.035098, "device_queued": -1, "device_end": -1, "host_queued_end": 1585578205.043088}, "device": "cpu", "nd_range": {"device_start": 2245979.2468724833, "device_end": 2245979.248241826}, "cmdq": 0, "read": {"device_start": -1, "device_end": -1}}, "softmax32": {"write": {"device_start": -1, "host_queued_start": 1585578205.03676, "device_queued": -1, "device_end": -1, "host_queued_end": 1585578205.043088}, "device": "cpu", "nd_range": {"device_start": 2245979.249585402, "device_end": 2245979.249746167}, "cmdq": 0, "read": {"device_start": -1, "device_end": -1}}, "FFC_sans_bias47": {"write": {"device_start": -1, "host_queued_start": 1585578205.029701, "device_queued": -1, "device_end": -1, "host_queued_end": 1585578205.043088}, "device": "cpu", "nd_range": {"device_start": 2245979.2409423883, "device_end": 2245979.241912261}, "cmdq": 0, "read": {"device_start": -1, "device_end": -1}}, "FFC_sans_bias45": {"write": {"device_start": -1, "host_queued_start": 1585578205.028694, "device_queued": -1, "device_end": -1, "host_queued_end": 1585578205.043088}, "device": "cpu", "nd_range": {"device_start": 2245979.239962419, "device_end": 2245979.240939603}, "cmdq": 1, "read": {"device_start": -1, "device_end": -1}}, "softmax50": {"write": {"device_start": -1, "host_queued_start": 1585578205.037265, "device_queued": -1, "device_end": -1, "host_queued_end": 1585578205.043088}, "device": "cpu", "nd_range": {"device_start": 2245979.251241575, "device_end": 2245979.251398474}, "cmdq": 2, "read": {"device_start": -1, "device_end": -1}}, "FFC_sans_bias33": {"write": {"device_start": -1, "host_queued_start": 1585578205.03884, "device_queued": -1, "device_end": -1, "host_queued_end": 1585578205.043088}, "device": "cpu", "nd_range": {"device_start": 2245979.2501182063, "device_end": 2245979.251204178}, "cmdq": 1, "read": {"device_start": -1, "device_end": -1}}, "FFC_sans_bias63": {"write": {"device_start": 1585578139.8394597, "host_queued_start": 1585578205.014567, "device_queued": 1585578139.8394144, "device_end": 1585578139.839469, "host_queued_end": 1585578205.016406}, "device": "gpu", "nd_range": {"device_start": 1585578139.8394723, "device_end": 1585578139.8395844}, "cmdq": 1, "read": {"device_start": -1, "device_end": -1}}, "FFC_sans_bias49": {"write": {"device_start": -1, "host_queued_start": 1585578205.035427, "device_queued": -1, "device_end": -1, "host_queued_end": 1585578205.043088}, "device": "cpu", "nd_range": {"device_start": 2245979.245143617, "device_end": 2245979.247072344}, "cmdq": 1, "read": {"device_start": -1, "device_end": -1}}, "FFC_sans_bias64": {"write": {"device_start": 1585578139.839328, "host_queued_start": 1585578205.013432, "device_queued": 1585578139.839279, "device_end": 1585578139.839339, "host_queued_end": 1585578205.016406}, "device": "gpu", "nd_range": {"device_start": 1585578139.8393412, "device_end": 1585578139.8394518}, "cmdq": 1, "read": {"device_start": -1, "device_end": -1}}, "FFC_sans_bias65": {"write": {"device_start": 1585578139.839391, "host_queued_start": 1585578205.014011, "device_queued": 1585578139.839353, "device_end": 1585578139.8394036, "host_queued_end": 1585578205.016406}, "device": "gpu", "nd_range": {"device_start": 1585578139.8394074, "device_end": 1585578139.8395174}, "cmdq": 0, "read": {"device_start": -1, "device_end": -1}}, "FFC_sans_bias67": {"write": {"device_start": -1, "host_queued_start": 1585578205.015201, "device_queued": -1, "device_end": -1, "host_queued_end": 1585578205.016406}, "device": "gpu", "nd_range": {"device_start": 1585578139.8395855, "device_end": 1585578139.839695}, "cmdq": 1, "read": {"device_start": -1, "device_end": -1}}, "FFC_sans_bias24": {"write": {"device_start": -1, "host_queued_start": 1585578205.038513, "device_queued": -1, "device_end": -1, "host_queued_end": 1585578205.043088}, "device": "cpu", "nd_range": {"device_start": 2245979.251253038, "device_end": 2245979.253349315}, "cmdq": 0, "read": {"device_start": -1, "device_end": -1}}, "FFC_sans_bias25": {"write": {"device_start": -1, "host_queued_start": 1585578205.0412, "device_queued": -1, "device_end": -1, "host_queued_end": 1585578205.043088}, "device": "cpu", "nd_range": {"device_start": 2245979.253357492, "device_end": 2245979.2552503273}, "cmdq": 1, "read": {"device_start": -1, "device_end": -1}}, "FFC_sans_bias27": {"write": {"device_start": -1, "host_queued_start": 1585578205.025482, "device_queued": -1, "device_end": -1, "host_queued_end": 1585578205.043088}, "device": "cpu", "nd_range": {"device_start": 2245979.2377686603, "device_end": 2245979.238735721}, "cmdq": 1, "read": {"device_start": -1, "device_end": -1}}, "FFC_sans_bias20": {"write": {"device_start": -1, "host_queued_start": 1585578205.024936, "device_queued": -1, "device_end": -1, "host_queued_end": 1585578205.043088}, "device": "cpu", "nd_range": {"device_start": 2245979.2351256553, "device_end": 2245979.236631898}, "cmdq": 0, "read": {"device_start": -1, "device_end": -1}}, "FFC_sans_bias22": {"write": {"device_start": -1, "host_queued_start": 1585578205.034418, "device_queued": -1, "device_end": -1, "host_queued_end": 1585578205.043088}, "device": "cpu", "nd_range": {"device_start": 2245979.243920221, "device_end": 2245979.24503273}, "cmdq": 1, "read": {"device_start": -1, "device_end": -1}}, "softmax68": {"write": {"device_start": -1, "host_queued_start": 1585578205.015461, "device_queued": -1, "device_end": -1, "host_queued_end": 1585578205.016406}, "device": "gpu", "nd_range": {"device_start": 1585578139.8396995, "device_end": 1585578139.839779}, "cmdq": 0, "read": {"device_start": -1, "device_end": -1}}, "softmax5": {"write": {"device_start": -1, "host_queued_start": 1585578205.036008, "device_queued": -1, "device_end": -1, "host_queued_end": 1585578205.043088}, "device": "cpu", "nd_range": {"device_start": 2245979.2482612533, "device_end": 2245979.248308307}, "cmdq": 0, "read": {"device_start": -1, "device_end": -1}}, "FFC_sans_bias28": {"write": {"device_start": -1, "host_queued_start": 1585578205.026036, "device_queued": -1, "device_end": -1, "host_queued_end": 1585578205.043088}, "device": "cpu", "nd_range": {"device_start": 2245979.238060262, "device_end": 2245979.239966956}, "cmdq": 2, "read": {"device_start": -1, "device_end": -1}}, "FFC_sans_bias29": {"write": {"device_start": -1, "host_queued_start": 1585578205.026597, "device_queued": -1, "device_end": -1, "host_queued_end": 1585578205.043088}, "device": "cpu", "nd_range": {"device_start": 2245979.236952906, "device_end": 2245979.2388964524}, "cmdq": 0, "read": {"device_start": -1, "device_end": -1}}, "empty17": {"write": {"device_start": -1, "host_queued_start": 1585578205.017897, "device_queued": -1, "device_end": -1, "host_queued_end": 1585578205.043088}, "device": "cpu", "nd_range": {"device_start": 2245979.232688309, "device_end": 2245979.2327006264}, "cmdq": 1, "read": {"device_start": -1, "device_end": -1}}, "softmax59": {"write": {"device_start": -1, "host_queued_start": 1585578205.037525, "device_queued": -1, "device_end": -1, "host_queued_end": 1585578205.043088}, "device": "cpu", "nd_range": {"device_start": 2245979.251202724, "device_end": 2245979.2512338213}, "cmdq": 0, "read": {"device_start": -1, "device_end": -1}}, "empty71": {"write": {"device_start": 1585578139.83928, "host_queued_start": 1585578205.012538, "device_queued": 1585578139.839181, "device_end": 1585578139.839298, "host_queued_end": 1585578205.016406}, "device": "gpu", "nd_range": {"device_start": 1585578139.8392992, "device_end": 1585578139.8393044}, "cmdq": 0, "read": {"device_start": -1, "device_end": -1}}, "empty35": {"write": {"device_start": -1, "host_queued_start": 1585578205.018798, "device_queued": -1, "device_end": -1, "host_queued_end": 1585578205.043088}, "device": "cpu", "nd_range": {"device_start": 2245979.232721175, "device_end": 2245979.232722444}, "cmdq": 0, "read": {"device_start": -1, "device_end": -1}}, "empty53": {"write": {"device_start": -1, "host_queued_start": 1585578205.019586, "device_queued": -1, "device_end": -1, "host_queued_end": 1585578205.043088}, "device": "cpu", "nd_range": {"device_start": 2245979.2327340213, "device_end": 2245979.2327347603}, "cmdq": 2, "read": {"device_start": -1, "device_end": -1}}, "FFC_sans_bias46": {"write": {"device_start": -1, "host_queued_start": 1585578205.029195, "device_queued": -1, "device_end": -1, "host_queued_end": 1585578205.043088}, "device": "cpu", "nd_range": {"device_start": 2245979.2419325463, "device_end": 2245979.2430162863}, "cmdq": 2, "read": {"device_start": -1, "device_end": -1}}, "coalesced_transpose66": {"write": {"device_start": -1, "host_queued_start": 1585578205.014901, "device_queued": -1, "device_end": -1, "host_queued_end": 1585578205.016406}, "device": "gpu", "nd_range": {"device_start": 1585578139.8395183, "device_end": 1585578139.8395286}, "cmdq": 0, "read": {"device_start": -1, "device_end": -1}}, "coalesced_transpose48": {"write": {"device_start": -1, "host_queued_start": 1585578205.033082, "device_queued": -1, "device_end": -1, "host_queued_end": 1585578205.043088}, "device": "cpu", "nd_range": {"device_start": 2245979.243522947, "device_end": 2245979.2436941043}, "cmdq": 0, "read": {"device_start": -1, "device_end": -1}}}