{"FFC_sans_bias60": {"write": {"device_start": -1, "host_queued_start": 1585578223.736932, "device_queued": -1, "device_end": -1, "host_queued_end": 1585578223.738836}, "device": "gpu", "nd_range": {"device_start": 1585578158.5621386, "device_end": 1585578158.5622475}, "cmdq": 0, "read": {"device_start": -1, "device_end": -1}}, "FFC_sans_bias4": {"write": {"device_start": -1, "host_queued_start": 1585578223.750748, "device_queued": -1, "device_end": -1, "host_queued_end": 1585578223.757179}, "device": "cpu", "nd_range": {"device_start": 2245997.955040539, "device_end": 2245997.95663283}, "cmdq": 1, "read": {"device_start": -1, "device_end": -1}}, "FFC_sans_bias7": {"write": {"device_start": -1, "host_queued_start": 1585578223.755351, "device_queued": -1, "device_end": -1, "host_queued_end": 1585578223.757179}, "device": "cpu", "nd_range": {"device_start": 2245997.959479685, "device_end": 2245997.96080572}, "cmdq": 0, "read": {"device_start": -1, "device_end": -1}}, "FFC_sans_bias6": {"write": {"device_start": -1, "host_queued_start": 1585578223.753576, "device_queued": -1, "device_end": -1, "host_queued_end": 1585578223.757179}, "device": "cpu", "nd_range": {"device_start": 2245997.957608508, "device_end": 2245997.959057489}, "cmdq": 3, "read": {"device_start": -1, "device_end": -1}}, "FFC_sans_bias1": {"write": {"device_start": -1, "host_queued_start": 1585578223.742267, "device_queued": -1, "device_end": -1, "host_queued_end": 1585578223.757179}, "device": "cpu", "nd_range": {"device_start": 2245997.9468062553, "device_end": 2245997.948816764}, "cmdq": 2, "read": {"device_start": -1, "device_end": -1}}, "FFC_sans_bias0": {"write": {"device_start": -1, "host_queued_start": 1585578223.741768, "device_queued": -1, "device_end": -1, "host_queued_end": 1585578223.757179}, "device": "cpu", "nd_range": {"device_start": 2245997.9468049663, "device_end": 2245997.949540412}, "cmdq": 1, "read": {"device_start": -1, "device_end": -1}}, "FFC_sans_bias2": {"write": {"device_start": -1, "host_queued_start": 1585578223.742816, "device_queued": -1, "device_end": -1, "host_queued_end": 1585578223.757179}, "device": "cpu", "nd_range": {"device_start": 2245997.947214127, "device_end": 2245997.949166823}, "cmdq": 3, "read": {"device_start": -1, "device_end": -1}}, "FFC_sans_bias61": {"write": {"device_start": 1585578158.562323, "host_queued_start": 1585578223.738191, "device_queued": 1585578158.5617962, "device_end": 1585578158.5623317, "host_queued_end": 1585578223.738836}, "device": "gpu", "nd_range": {"device_start": 1585578158.5623329, "device_end": 1585578158.562449}, "cmdq": 1, "read": {"device_start": 1585578158.5624526, "device_end": 1585578158.56246}}, "FFC_sans_bias52": {"write": {"device_start": 1585578158.5622487, "host_queued_start": 1585578223.737688, "device_queued": 1585578158.5617657, "device_end": 1585578158.5622573, "host_queued_end": 1585578223.738836}, "device": "gpu", "nd_range": {"device_start": 1585578158.5622585, "device_end": 1585578158.5623744}, "cmdq": 0, "read": {"device_start": 1585578158.5623791, "device_end": 1585578158.56239}}, "FFC_sans_bias9": {"write": {"device_start": -1, "host_queued_start": 1585578223.743316, "device_queued": -1, "device_end": -1, "host_queued_end": 1585578223.757179}, "device": "cpu", "nd_range": {"device_start": 2245997.9468167974, "device_end": 2245997.948768951}, "cmdq": 0, "read": {"device_start": -1, "device_end": -1}}, "coalesced_transpose39": {"write": {"device_start": -1, "host_queued_start": 1585578223.750418, "device_queued": -1, "device_end": -1, "host_queued_end": 1585578223.757179}, "device": "cpu", "nd_range": {"device_start": 2245997.954878077, "device_end": 2245997.954930371}, "cmdq": 0, "read": {"device_start": -1, "device_end": -1}}, "FFC_sans_bias55": {"write": {"device_start": 1585578158.561421, "host_queued_start": 1585578223.732375, "device_queued": 1585578158.5612402, "device_end": 1585578158.5614295, "host_queued_end": 1585578223.738836}, "device": "gpu", "nd_range": {"device_start": 1585578158.5614307, "device_end": 1585578158.5615423}, "cmdq": 0, "read": {"device_start": -1, "device_end": -1}}, "FFC_sans_bias54": {"write": {"device_start": 1585578158.561324, "host_queued_start": 1585578223.731889, "device_queued": 1585578158.5612063, "device_end": 1585578158.5613325, "host_queued_end": 1585578223.738836}, "device": "gpu", "nd_range": {"device_start": 1585578158.5613337, "device_end": 1585578158.561481}, "cmdq": 1, "read": {"device_start": -1, "device_end": -1}}, "FFC_sans_bias56": {"write": {"device_start": 1585578158.5612657, "host_queued_start": 1585578223.731405, "device_queued": 1585578158.5611684, "device_end": 1585578158.5612743, "host_queued_end": 1585578223.738836}, "device": "gpu", "nd_range": {"device_start": 1585578158.5612755, "device_end": 1585578158.5614188}, "cmdq": 0, "read": {"device_start": -1, "device_end": -1}}, "FFC_sans_bias51": {"write": {"device_start": -1, "host_queued_start": 1585578223.736646, "device_queued": -1, "device_end": -1, "host_queued_end": 1585578223.738836}, "device": "gpu", "nd_range": {"device_start": 1585578158.562062, "device_end": 1585578158.5621681}, "cmdq": 1, "read": {"device_start": -1, "device_end": -1}}, "softmax23": {"write": {"device_start": -1, "host_queued_start": 1585578223.752748, "device_queued": -1, "device_end": -1, "host_queued_end": 1585578223.757179}, "device": "cpu", "nd_range": {"device_start": 2245997.9574877773, "device_end": 2245997.9575342853}, "cmdq": 0, "read": {"device_start": -1, "device_end": -1}}, "FFC_sans_bias37": {"write": {"device_start": -1, "host_queued_start": 1585578223.748367, "device_queued": -1, "device_end": -1, "host_queued_end": 1585578223.757179}, "device": "cpu", "nd_range": {"device_start": 2245997.952825834, "device_end": 2245997.954752123}, "cmdq": 2, "read": {"device_start": -1, "device_end": -1}}, "empty62": {"write": {"device_start": 1585578158.561013, "host_queued_start": 1585578223.728981, "device_queued": 1585578158.5609913, "device_end": 1585578158.5610216, "host_queued_end": 1585578223.738836}, "device": "gpu", "nd_range": {"device_start": 1585578158.5610228, "device_end": 1585578158.561026}, "cmdq": 1, "read": {"device_start": -1, "device_end": -1}}, "FFC_sans_bias70": {"write": {"device_start": 1585578158.5624993, "host_queued_start": 1585578223.73874, "device_queued": 1585578158.561866, "device_end": 1585578158.5625076, "host_queued_end": 1585578223.738836}, "device": "gpu", "nd_range": {"device_start": 1585578158.5625088, "device_end": 1585578158.5626156}, "cmdq": 0, "read": {"device_start": 1585578158.5626178, "device_end": 1585578158.5626245}}, "FFC_sans_bias58": {"write": {"device_start": -1, "host_queued_start": 1585578223.735422, "device_queued": -1, "device_end": -1, "host_queued_end": 1585578223.738836}, "device": "gpu", "nd_range": {"device_start": 1585578158.5617573, "device_end": 1585578158.561949}, "cmdq": 0, "read": {"device_start": -1, "device_end": -1}}, "softmax41": {"write": {"device_start": -1, "host_queued_start": 1585578223.753243, "device_queued": -1, "device_end": -1, "host_queued_end": 1585578223.757179}, "device": "cpu", "nd_range": {"device_start": 2245997.958591571, "device_end": 2245997.958654051}, "cmdq": 2, "read": {"device_start": -1, "device_end": -1}}, "FFC_sans_bias11": {"write": {"device_start": -1, "host_queued_start": 1585578223.744321, "device_queued": -1, "device_end": -1, "host_queued_end": 1585578223.757179}, "device": "cpu", "nd_range": {"device_start": 2245997.948825824, "device_end": 2245997.950744323}, "cmdq": 2, "read": {"device_start": -1, "device_end": -1}}, "FFC_sans_bias10": {"write": {"device_start": -1, "host_queued_start": 1585578223.743815, "device_queued": -1, "device_end": -1, "host_queued_end": 1585578223.757179}, "device": "cpu", "nd_range": {"device_start": 2245997.949555064, "device_end": 2245997.951478829}, "cmdq": 1, "read": {"device_start": -1, "device_end": -1}}, "coalesced_transpose3": {"write": {"device_start": -1, "host_queued_start": 1585578223.749167, "device_queued": -1, "device_end": -1, "host_queued_end": 1585578223.757179}, "device": "cpu", "nd_range": {"device_start": 2245997.953612218, "device_end": 2245997.953667519}, "cmdq": 0, "read": {"device_start": -1, "device_end": -1}}, "FFC_sans_bias34": {"write": {"device_start": -1, "host_queued_start": 1585578223.756692, "device_queued": -1, "device_end": -1, "host_queued_end": 1585578223.757179}, "device": "cpu", "nd_range": {"device_start": 2245997.961899443, "device_end": 2245997.962981066}, "cmdq": 3, "read": {"device_start": -1, "device_end": -1}}, "FFC_sans_bias15": {"write": {"device_start": -1, "host_queued_start": 1585578223.753894, "device_queued": -1, "device_end": -1, "host_queued_end": 1585578223.757179}, "device": "cpu", "nd_range": {"device_start": 2245997.9576357743, "device_end": 2245997.9584786543}, "cmdq": 0, "read": {"device_start": -1, "device_end": -1}}, "FFC_sans_bias31": {"write": {"device_start": -1, "host_queued_start": 1585578223.751688, "device_queued": -1, "device_end": -1, "host_queued_end": 1585578223.757179}, "device": "cpu", "nd_range": {"device_start": 2245997.9560139203, "device_end": 2245997.957356198}, "cmdq": 0, "read": {"device_start": -1, "device_end": -1}}, "FFC_sans_bias16": {"write": {"device_start": -1, "host_queued_start": 1585578223.755799, "device_queued": -1, "device_end": -1, "host_queued_end": 1585578223.757179}, "device": "cpu", "nd_range": {"device_start": 2245997.960863477, "device_end": 2245997.961954677}, "cmdq": 1, "read": {"device_start": -1, "device_end": -1}}, "FFC_sans_bias19": {"write": {"device_start": -1, "host_queued_start": 1585578223.745315, "device_queued": -1, "device_end": -1, "host_queued_end": 1585578223.757179}, "device": "cpu", "nd_range": {"device_start": 2245997.948774311, "device_end": 2245997.950695633}, "cmdq": 0, "read": {"device_start": -1, "device_end": -1}}, "FFC_sans_bias18": {"write": {"device_start": -1, "host_queued_start": 1585578223.744816, "device_queued": -1, "device_end": -1, "host_queued_end": 1585578223.757179}, "device": "cpu", "nd_range": {"device_start": 2245997.94927318, "device_end": 2245997.951199856}, "cmdq": 3, "read": {"device_start": -1, "device_end": -1}}, "coalesced_transpose30": {"write": {"device_start": -1, "host_queued_start": 1585578223.750116, "device_queued": -1, "device_end": -1, "host_queued_end": 1585578223.757179}, "device": "cpu", "nd_range": {"device_start": 2245997.954769095, "device_end": 2245997.95535623}, "cmdq": 3, "read": {"device_start": -1, "device_end": -1}}, "FFC_sans_bias69": {"write": {"device_start": -1, "host_queued_start": 1585578223.737225, "device_queued": -1, "device_end": -1, "host_queued_end": 1585578223.738836}, "device": "gpu", "nd_range": {"device_start": 1585578158.5621705, "device_end": 1585578158.5623217}, "cmdq": 1, "read": {"device_start": -1, "device_end": -1}}, "FFC_sans_bias38": {"write": {"device_start": -1, "host_queued_start": 1585578223.748868, "device_queued": -1, "device_end": -1, "host_queued_end": 1585578223.757179}, "device": "cpu", "nd_range": {"device_start": 2245997.953559662, "device_end": 2245997.954755981}, "cmdq": 3, "read": {"device_start": -1, "device_end": -1}}, "coalesced_transpose57": {"write": {"device_start": -1, "host_queued_start": 1585578223.734537, "device_queued": -1, "device_end": -1, "host_queued_end": 1585578223.738836}, "device": "gpu", "nd_range": {"device_start": 1585578158.5617452, "device_end": 1585578158.5617537}, "cmdq": 1, "read": {"device_start": -1, "device_end": -1}}, "empty26": {"write": {"device_start": -1, "host_queued_start": 1585578223.74039, "device_queued": -1, "device_end": -1, "host_queued_end": 1585578223.757179}, "device": "cpu", "nd_range": {"device_start": 2245997.946766857, "device_end": 2245997.946778439}, "cmdq": 2, "read": {"device_start": -1, "device_end": -1}}, "coalesced_transpose12": {"write": {"device_start": -1, "host_queued_start": 1585578223.749471, "device_queued": -1, "device_end": -1, "host_queued_end": 1585578223.757179}, "device": "cpu", "nd_range": {"device_start": 2245997.9550055442, "device_end": 2245997.955030782}, "cmdq": 1, "read": {"device_start": -1, "device_end": -1}}, "empty44": {"write": {"device_start": -1, "host_queued_start": 1585578223.741279, "device_queued": -1, "device_end": -1, "host_queued_end": 1585578223.757179}, "device": "cpu", "nd_range": {"device_start": 2245997.9468098683, "device_end": 2245997.946810637}, "cmdq": 0, "read": {"device_start": -1, "device_end": -1}}, "coalesced_transpose21": {"write": {"device_start": -1, "host_queued_start": 1585578223.749761, "device_queued": -1, "device_end": -1, "host_queued_end": 1585578223.757179}, "device": "cpu", "nd_range": {"device_start": 2245997.954799665, "device_end": 2245997.954868129}, "cmdq": 2, "read": {"device_start": -1, "device_end": -1}}, "FFC_sans_bias36": {"write": {"device_start": -1, "host_queued_start": 1585578223.747872, "device_queued": -1, "device_end": -1, "host_queued_end": 1585578223.757179}, "device": "cpu", "nd_range": {"device_start": 2245997.953428705, "device_end": 2245997.9549967824}, "cmdq": 1, "read": {"device_start": -1, "device_end": -1}}, "softmax14": {"write": {"device_start": -1, "host_queued_start": 1585578223.7525, "device_queued": -1, "device_end": -1, "host_queued_end": 1585578223.757179}, "device": "cpu", "nd_range": {"device_start": 2245997.957399749, "device_end": 2245997.957592702}, "cmdq": 3, "read": {"device_start": -1, "device_end": -1}}, "FFC_sans_bias13": {"write": {"device_start": -1, "host_queued_start": 1585578223.751065, "device_queued": -1, "device_end": -1, "host_queued_end": 1585578223.757179}, "device": "cpu", "nd_range": {"device_start": 2245997.9550393163, "device_end": 2245997.956016348}, "cmdq": 2, "read": {"device_start": -1, "device_end": -1}}, "empty8": {"write": {"device_start": -1, "host_queued_start": 1585578223.739475, "device_queued": -1, "device_end": -1, "host_queued_end": 1585578223.757179}, "device": "cpu", "nd_range": {"device_start": 2245997.946796941, "device_end": 2245997.9467979423}, "cmdq": 0, "read": {"device_start": -1, "device_end": -1}}, "FFC_sans_bias42": {"write": {"device_start": -1, "host_queued_start": 1585578223.754854, "device_queued": -1, "device_end": -1, "host_queued_end": 1585578223.757179}, "device": "cpu", "nd_range": {"device_start": 2245997.9591642553, "device_end": 2245997.960977374}, "cmdq": 3, "read": {"device_start": -1, "device_end": -1}}, "FFC_sans_bias43": {"write": {"device_start": -1, "host_queued_start": 1585578223.757136, "device_queued": -1, "device_end": -1, "host_queued_end": 1585578223.757179}, "device": "cpu", "nd_range": {"device_start": 2245997.960986209, "device_end": 2245997.962901332}, "cmdq": 0, "read": {"device_start": -1, "device_end": -1}}, "FFC_sans_bias40": {"write": {"device_start": -1, "host_queued_start": 1585578223.752008, "device_queued": -1, "device_end": -1, "host_queued_end": 1585578223.757179}, "device": "cpu", "nd_range": {"device_start": 2245997.956763314, "device_end": 2245997.9585551983}, "cmdq": 1, "read": {"device_start": -1, "device_end": -1}}, "softmax32": {"write": {"device_start": -1, "host_queued_start": 1585578223.753009, "device_queued": -1, "device_end": -1, "host_queued_end": 1585578223.757179}, "device": "cpu", "nd_range": {"device_start": 2245997.958572015, "device_end": 2245997.958815156}, "cmdq": 1, "read": {"device_start": -1, "device_end": -1}}, "FFC_sans_bias47": {"write": {"device_start": 1585578158.5611997, "host_queued_start": 1585578223.730918, "device_queued": 1585578158.5611324, "device_end": 1585578158.5612082, "host_queued_end": 1585578223.738836}, "device": "gpu", "nd_range": {"device_start": 1585578158.5612094, "device_end": 1585578158.5613217}, "cmdq": 1, "read": {"device_start": -1, "device_end": -1}}, "FFC_sans_bias45": {"write": {"device_start": 1585578158.5610769, "host_queued_start": 1585578223.729903, "device_queued": 1585578158.5610564, "device_end": 1585578158.5610852, "host_queued_end": 1585578223.738836}, "device": "gpu", "nd_range": {"device_start": 1585578158.5610876, "device_end": 1585578158.5611975}, "cmdq": 1, "read": {"device_start": -1, "device_end": -1}}, "softmax50": {"write": {"device_start": -1, "host_queued_start": 1585578223.735931, "device_queued": -1, "device_end": -1, "host_queued_end": 1585578223.738836}, "device": "gpu", "nd_range": {"device_start": 1585578158.5619514, "device_end": 1585578158.5620232}, "cmdq": 0, "read": {"device_start": -1, "device_end": -1}}, "FFC_sans_bias33": {"write": {"device_start": -1, "host_queued_start": 1585578223.754518, "device_queued": -1, "device_end": -1, "host_queued_end": 1585578223.757179}, "device": "cpu", "nd_range": {"device_start": 2245997.958917973, "device_end": 2245997.9608399593}, "cmdq": 2, "read": {"device_start": -1, "device_end": -1}}, "FFC_sans_bias63": {"write": {"device_start": 1585578158.5616257, "host_queued_start": 1585578223.733982, "device_queued": 1585578158.5614686, "device_end": 1585578158.5616343, "host_queued_end": 1585578223.738836}, "device": "gpu", "nd_range": {"device_start": 1585578158.5616355, "device_end": 1585578158.5617442}, "cmdq": 1, "read": {"device_start": -1, "device_end": -1}}, "FFC_sans_bias49": {"write": {"device_start": -1, "host_queued_start": 1585578223.735146, "device_queued": -1, "device_end": -1, "host_queued_end": 1585578223.738836}, "device": "gpu", "nd_range": {"device_start": 1585578158.5617547, "device_end": 1585578158.5618663}, "cmdq": 1, "read": {"device_start": -1, "device_end": -1}}, "FFC_sans_bias64": {"write": {"device_start": 1585578158.561484, "host_queued_start": 1585578223.732859, "device_queued": 1585578158.5612962, "device_end": 1585578158.561493, "host_queued_end": 1585578223.738836}, "device": "gpu", "nd_range": {"device_start": 1585578158.5614939, "device_end": 1585578158.5616236}, "cmdq": 1, "read": {"device_start": -1, "device_end": -1}}, "FFC_sans_bias65": {"write": {"device_start": 1585578158.561544, "host_queued_start": 1585578223.733489, "device_queued": 1585578158.5614352, "device_end": 1585578158.5615525, "host_queued_end": 1585578223.738836}, "device": "gpu", "nd_range": {"device_start": 1585578158.5615535, "device_end": 1585578158.561702}, "cmdq": 0, "read": {"device_start": -1, "device_end": -1}}, "FFC_sans_bias67": {"write": {"device_start": -1, "host_queued_start": 1585578223.735713, "device_queued": -1, "device_end": -1, "host_queued_end": 1585578223.738836}, "device": "gpu", "nd_range": {"device_start": 1585578158.5618677, "device_end": 1585578158.5619805}, "cmdq": 1, "read": {"device_start": -1, "device_end": -1}}, "FFC_sans_bias24": {"write": {"device_start": -1, "host_queued_start": 1585578223.754203, "device_queued": -1, "device_end": -1, "host_queued_end": 1585578223.757179}, "device": "cpu", "nd_range": {"device_start": 2245997.958920664, "device_end": 2245997.960856868}, "cmdq": 1, "read": {"device_start": -1, "device_end": -1}}, "FFC_sans_bias25": {"write": {"device_start": -1, "host_queued_start": 1585578223.756247, "device_queued": -1, "device_end": -1, "host_queued_end": 1585578223.757179}, "device": "cpu", "nd_range": {"device_start": 2245997.96106183, "device_end": 2245997.9629821223}, "cmdq": 2, "read": {"device_start": -1, "device_end": -1}}, "FFC_sans_bias27": {"write": {"device_start": -1, "host_queued_start": 1585578223.746317, "device_queued": -1, "device_end": -1, "host_queued_end": 1585578223.757179}, "device": "cpu", "nd_range": {"device_start": 2245997.95076328, "device_end": 2245997.952700715}, "cmdq": 2, "read": {"device_start": -1, "device_end": -1}}, "FFC_sans_bias20": {"write": {"device_start": -1, "host_queued_start": 1585578223.745819, "device_queued": -1, "device_end": -1, "host_queued_end": 1585578223.757179}, "device": "cpu", "nd_range": {"device_start": 2245997.951493462, "device_end": 2245997.95341937}, "cmdq": 1, "read": {"device_start": -1, "device_end": -1}}, "FFC_sans_bias22": {"write": {"device_start": -1, "host_queued_start": 1585578223.75138, "device_queued": -1, "device_end": -1, "host_queued_end": 1585578223.757179}, "device": "cpu", "nd_range": {"device_start": 2245997.9554592483, "device_end": 2245997.957384385}, "cmdq": 3, "read": {"device_start": -1, "device_end": -1}}, "softmax68": {"write": {"device_start": -1, "host_queued_start": 1585578223.736366, "device_queued": -1, "device_end": -1, "host_queued_end": 1585578223.738836}, "device": "gpu", "nd_range": {"device_start": 1585578158.5620258, "device_end": 1585578158.562136}, "cmdq": 0, "read": {"device_start": -1, "device_end": -1}}, "softmax5": {"write": {"device_start": -1, "host_queued_start": 1585578223.752262, "device_queued": -1, "device_end": -1, "host_queued_end": 1585578223.757179}, "device": "cpu", "nd_range": {"device_start": 2245997.9570856383, "device_end": 2245997.957142929}, "cmdq": 2, "read": {"device_start": -1, "device_end": -1}}, "FFC_sans_bias28": {"write": {"device_start": -1, "host_queued_start": 1585578223.746846, "device_queued": -1, "device_end": -1, "host_queued_end": 1585578223.757179}, "device": "cpu", "nd_range": {"device_start": 2245997.951255624, "device_end": 2245997.953541567}, "cmdq": 3, "read": {"device_start": -1, "device_end": -1}}, "FFC_sans_bias29": {"write": {"device_start": -1, "host_queued_start": 1585578223.747352, "device_queued": -1, "device_end": -1, "host_queued_end": 1585578223.757179}, "device": "cpu", "nd_range": {"device_start": 2245997.951243435, "device_end": 2245997.953394763}, "cmdq": 0, "read": {"device_start": -1, "device_end": -1}}, "empty17": {"write": {"device_start": -1, "host_queued_start": 1585578223.739946, "device_queued": -1, "device_end": -1, "host_queued_end": 1585578223.757179}, "device": "cpu", "nd_range": {"device_start": 2245997.946766809, "device_end": 2245997.946778444}, "cmdq": 1, "read": {"device_start": -1, "device_end": -1}}, "softmax59": {"write": {"device_start": -1, "host_queued_start": 1585578223.736142, "device_queued": -1, "device_end": -1, "host_queued_end": 1585578223.738836}, "device": "gpu", "nd_range": {"device_start": 1585578158.5619817, "device_end": 1585578158.5620594}, "cmdq": 1, "read": {"device_start": -1, "device_end": -1}}, "empty71": {"write": {"device_start": 1585578158.5610456, "host_queued_start": 1585578223.72938, "device_queued": 1585578158.561025, "device_end": 1585578158.5610542, "host_queued_end": 1585578223.738836}, "device": "gpu", "nd_range": {"device_start": 1585578158.5610554, "device_end": 1585578158.561059}, "cmdq": 0, "read": {"device_start": -1, "device_end": -1}}, "empty35": {"write": {"device_start": -1, "host_queued_start": 1585578223.740795, "device_queued": -1, "device_end": -1, "host_queued_end": 1585578223.757179}, "device": "cpu", "nd_range": {"device_start": 2245997.946797025, "device_end": 2245997.946797947}, "cmdq": 3, "read": {"device_start": -1, "device_end": -1}}, "empty53": {"write": {"device_start": 1585578158.5609481, "host_queued_start": 1585578223.728403, "device_queued": 1585578158.5609124, "device_end": 1585578158.5609567, "host_queued_end": 1585578223.738836}, "device": "gpu", "nd_range": {"device_start": 1585578158.5609736, "device_end": 1585578158.5609868}, "cmdq": 0, "read": {"device_start": -1, "device_end": -1}}, "FFC_sans_bias46": {"write": {"device_start": 1585578158.5611181, "host_queued_start": 1585578223.730399, "device_queued": 1585578158.5610955, "device_end": 1585578158.5611267, "host_queued_end": 1585578223.738836}, "device": "gpu", "nd_range": {"device_start": 1585578158.5611277, "device_end": 1585578158.5612607}, "cmdq": 0, "read": {"device_start": -1, "device_end": -1}}, "coalesced_transpose66": {"write": {"device_start": -1, "host_queued_start": 1585578223.734859, "device_queued": -1, "device_end": -1, "host_queued_end": 1585578223.738836}, "device": "gpu", "nd_range": {"device_start": 1585578158.5617118, "device_end": 1585578158.5617177}, "cmdq": 0, "read": {"device_start": -1, "device_end": -1}}, "coalesced_transpose48": {"write": {"device_start": -1, "host_queued_start": 1585578223.73428, "device_queued": -1, "device_end": -1, "host_queued_end": 1585578223.738836}, "device": "gpu", "nd_range": {"device_start": 1585578158.561703, "device_end": 1585578158.5617104}, "cmdq": 0, "read": {"device_start": -1, "device_end": -1}}}