{"FFC_sans_bias60": {"write": {"device_start": -1, "host_queued_start": 1585578019.811192, "device_queued": -1, "device_end": -1, "host_queued_end": 1585578019.815299}, "device": "gpu", "nd_range": {"device_start": 1585577954.6482565, "device_end": 1585577954.6483624}, "cmdq": 0, "read": {"device_start": -1, "device_end": -1}}, "FFC_sans_bias4": {"write": {"device_start": -1, "host_queued_start": 1585578019.818782, "device_queued": -1, "device_end": -1, "host_queued_end": 1585578019.820038}, "device": "cpu", "nd_range": {"device_start": 2245794.011714692, "device_end": 2245794.012347538}, "cmdq": 0, "read": {"device_start": -1, "device_end": -1}}, "FFC_sans_bias7": {"write": {"device_start": -1, "host_queued_start": 1585578019.819993, "device_queued": -1, "device_end": -1, "host_queued_end": 1585578019.820038}, "device": "cpu", "nd_range": {"device_start": 2245794.013041161, "device_end": 2245794.0136423623}, "cmdq": 0, "read": {"device_start": -1, "device_end": -1}}, "FFC_sans_bias6": {"write": {"device_start": -1, "host_queued_start": 1585578019.819407, "device_queued": -1, "device_end": -1, "host_queued_end": 1585578019.820038}, "device": "cpu", "nd_range": {"device_start": 2245794.0124187213, "device_end": 2245794.013034263}, "cmdq": 0, "read": {"device_start": -1, "device_end": -1}}, "FFC_sans_bias1": {"write": {"device_start": -1, "host_queued_start": 1585578019.817335, "device_queued": -1, "device_end": -1, "host_queued_end": 1585578019.820038}, "device": "cpu", "nd_range": {"device_start": 2245794.010337755, "device_end": 2245794.010972891}, "cmdq": 0, "read": {"device_start": -1, "device_end": -1}}, "FFC_sans_bias0": {"write": {"device_start": -1, "host_queued_start": 1585578019.816781, "device_queued": -1, "device_end": -1, "host_queued_end": 1585578019.820038}, "device": "cpu", "nd_range": {"device_start": 2245794.009607749, "device_end": 2245794.010317312}, "cmdq": 0, "read": {"device_start": -1, "device_end": -1}}, "FFC_sans_bias2": {"write": {"device_start": -1, "host_queued_start": 1585578019.81794, "device_queued": -1, "device_end": -1, "host_queued_end": 1585578019.820038}, "device": "cpu", "nd_range": {"device_start": 2245794.0109911133, "device_end": 2245794.011630129}, "cmdq": 0, "read": {"device_start": -1, "device_end": -1}}, "FFC_sans_bias61": {"write": {"device_start": 1585577954.649385, "host_queued_start": 1585578019.814706, "device_queued": 1585577954.6460278, "device_end": 1585577954.6493938, "host_queued_end": 1585578019.815299}, "device": "gpu", "nd_range": {"device_start": 1585577954.6493948, "device_end": 1585577954.6495008}, "cmdq": 0, "read": {"device_start": 1585577954.6495073, "device_end": 1585577954.6495135}}, "FFC_sans_bias52": {"write": {"device_start": 1585577954.6492052, "host_queued_start": 1585578019.814109, "device_queued": 1585577954.6459644, "device_end": 1585577954.6492138, "host_queued_end": 1585578019.815299}, "device": "gpu", "nd_range": {"device_start": 1585577954.649215, "device_end": 1585577954.649321}, "cmdq": 0, "read": {"device_start": 1585577954.6493237, "device_end": 1585577954.6493304}}, "FFC_sans_bias9": {"write": {"device_start": 1585577954.6438894, "host_queued_start": 1585578019.792505, "device_queued": 1585577954.6438673, "device_end": 1585577954.643898, "host_queued_end": 1585578019.815299}, "device": "gpu", "nd_range": {"device_start": 1585577954.6439016, "device_end": 1585577954.6440096}, "cmdq": 0, "read": {"device_start": -1, "device_end": -1}}, "coalesced_transpose39": {"write": {"device_start": -1, "host_queued_start": 1585578019.804648, "device_queued": -1, "device_end": -1, "host_queued_end": 1585578019.815299}, "device": "gpu", "nd_range": {"device_start": 1585577954.6464195, "device_end": 1585577954.6464248}, "cmdq": 0, "read": {"device_start": -1, "device_end": -1}}, "FFC_sans_bias55": {"write": {"device_start": 1585577954.6459236, "host_queued_start": 1585578019.801844, "device_queued": 1585577954.6448312, "device_end": 1585577954.6459372, "host_queued_end": 1585578019.815299}, "device": "gpu", "nd_range": {"device_start": 1585577954.6459382, "device_end": 1585577954.646044}, "cmdq": 0, "read": {"device_start": -1, "device_end": -1}}, "FFC_sans_bias54": {"write": {"device_start": 1585577954.6458015, "host_queued_start": 1585578019.801276, "device_queued": 1585577954.6447966, "device_end": 1585577954.6458101, "host_queued_end": 1585578019.815299}, "device": "gpu", "nd_range": {"device_start": 1585577954.6458113, "device_end": 1585577954.6459227}, "cmdq": 0, "read": {"device_start": -1, "device_end": -1}}, "FFC_sans_bias56": {"write": {"device_start": 1585577954.6456788, "host_queued_start": 1585578019.80079, "device_queued": 1585577954.6447632, "device_end": 1585577954.6456873, "host_queued_end": 1585578019.815299}, "device": "gpu", "nd_range": {"device_start": 1585577954.6456885, "device_end": 1585577954.6457922}, "cmdq": 0, "read": {"device_start": -1, "device_end": -1}}, "FFC_sans_bias51": {"write": {"device_start": -1, "host_queued_start": 1585578019.810918, "device_queued": -1, "device_end": -1, "host_queued_end": 1585578019.815299}, "device": "gpu", "nd_range": {"device_start": 1585577954.6481495, "device_end": 1585577954.6482556}, "cmdq": 0, "read": {"device_start": -1, "device_end": -1}}, "softmax23": {"write": {"device_start": -1, "host_queued_start": 1585578019.808185, "device_queued": -1, "device_end": -1, "host_queued_end": 1585578019.815299}, "device": "gpu", "nd_range": {"device_start": 1585577954.6472797, "device_end": 1585577954.6473494}, "cmdq": 0, "read": {"device_start": -1, "device_end": -1}}, "FFC_sans_bias37": {"write": {"device_start": 1585577954.6450813, "host_queued_start": 1585578019.798188, "device_queued": 1585577954.6444576, "device_end": 1585577954.6450896, "host_queued_end": 1585578019.815299}, "device": "gpu", "nd_range": {"device_start": 1585577954.6450908, "device_end": 1585577954.6451979}, "cmdq": 0, "read": {"device_start": -1, "device_end": -1}}, "empty62": {"write": {"device_start": 1585577954.6438203, "host_queued_start": 1585578019.791612, "device_queued": 1585577954.6437948, "device_end": 1585577954.6438289, "host_queued_end": 1585578019.815299}, "device": "gpu", "nd_range": {"device_start": 1585577954.6438298, "device_end": 1585577954.6438336}, "cmdq": 0, "read": {"device_start": -1, "device_end": -1}}, "FFC_sans_bias70": {"write": {"device_start": 1585577954.649551, "host_queued_start": 1585578019.815202, "device_queued": 1585577954.646092, "device_end": 1585577954.6495595, "host_queued_end": 1585578019.815299}, "device": "gpu", "nd_range": {"device_start": 1585577954.6495607, "device_end": 1585577954.649667}, "cmdq": 0, "read": {"device_start": 1585577954.649673, "device_end": 1585577954.6496794}}, "FFC_sans_bias58": {"write": {"device_start": -1, "host_queued_start": 1585578019.807375, "device_queued": -1, "device_end": -1, "host_queued_end": 1585578019.815299}, "device": "gpu", "nd_range": {"device_start": 1585577954.6469836, "device_end": 1585577954.6470897}, "cmdq": 0, "read": {"device_start": -1, "device_end": -1}}, "softmax41": {"write": {"device_start": -1, "host_queued_start": 1585578019.808614, "device_queued": -1, "device_end": -1, "host_queued_end": 1585578019.815299}, "device": "gpu", "nd_range": {"device_start": 1585577954.6474211, "device_end": 1585577954.647495}, "cmdq": 0, "read": {"device_start": -1, "device_end": -1}}, "FFC_sans_bias11": {"write": {"device_start": 1585577954.6441314, "host_queued_start": 1585578019.793631, "device_queued": 1585577954.6439583, "device_end": 1585577954.6441398, "host_queued_end": 1585578019.815299}, "device": "gpu", "nd_range": {"device_start": 1585577954.6441422, "device_end": 1585577954.6442492}, "cmdq": 0, "read": {"device_start": -1, "device_end": -1}}, "FFC_sans_bias10": {"write": {"device_start": 1585577954.6440105, "host_queued_start": 1585578019.793097, "device_queued": 1585577954.6439102, "device_end": 1585577954.6440222, "host_queued_end": 1585578019.815299}, "device": "gpu", "nd_range": {"device_start": 1585577954.6440232, "device_end": 1585577954.6441305}, "cmdq": 0, "read": {"device_start": -1, "device_end": -1}}, "coalesced_transpose3": {"write": {"device_start": -1, "host_queued_start": 1585578019.818416, "device_queued": -1, "device_end": -1, "host_queued_end": 1585578019.820038}, "device": "cpu", "nd_range": {"device_start": 2245794.011634381, "device_end": 2245794.0116955023}, "cmdq": 0, "read": {"device_start": -1, "device_end": -1}}, "FFC_sans_bias34": {"write": {"device_start": 1585577954.6488757, "host_queued_start": 1585578019.813092, "device_queued": 1585577954.6458097, "device_end": 1585577954.6488843, "host_queued_end": 1585578019.815299}, "device": "gpu", "nd_range": {"device_start": 1585577954.6488853, "device_end": 1585577954.6489916}, "cmdq": 0, "read": {"device_start": 1585577954.648996, "device_end": 1585577954.6490026}}, "FFC_sans_bias15": {"write": {"device_start": -1, "host_queued_start": 1585578019.809742, "device_queued": -1, "device_end": -1, "host_queued_end": 1585578019.815299}, "device": "gpu", "nd_range": {"device_start": 1585577954.647721, "device_end": 1585577954.6478274}, "cmdq": 0, "read": {"device_start": -1, "device_end": -1}}, "FFC_sans_bias31": {"write": {"device_start": -1, "host_queued_start": 1585578019.806426, "device_queued": -1, "device_end": -1, "host_queued_end": 1585578019.815299}, "device": "gpu", "nd_range": {"device_start": 1585577954.6466627, "device_end": 1585577954.646769}, "cmdq": 0, "read": {"device_start": -1, "device_end": -1}}, "FFC_sans_bias16": {"write": {"device_start": 1585577954.6484706, "host_queued_start": 1585578019.812093, "device_queued": 1585577954.6455834, "device_end": 1585577954.648479, "host_queued_end": 1585578019.815299}, "device": "gpu", "nd_range": {"device_start": 1585577954.6484804, "device_end": 1585577954.6485898}, "cmdq": 0, "read": {"device_start": 1585577954.6485984, "device_end": 1585577954.6486063}}, "FFC_sans_bias19": {"write": {"device_start": 1585577954.6443682, "host_queued_start": 1585578019.794882, "device_queued": 1585577954.6441033, "device_end": 1585577954.6443768, "host_queued_end": 1585578019.815299}, "device": "gpu", "nd_range": {"device_start": 1585577954.644378, "device_end": 1585577954.6444848}, "cmdq": 0, "read": {"device_start": -1, "device_end": -1}}, "FFC_sans_bias18": {"write": {"device_start": 1585577954.6442502, "host_queued_start": 1585578019.794154, "device_queued": 1585577954.6440232, "device_end": 1585577954.644259, "host_queued_end": 1585578019.815299}, "device": "gpu", "nd_range": {"device_start": 1585577954.6442602, "device_end": 1585577954.6443667}, "cmdq": 0, "read": {"device_start": -1, "device_end": -1}}, "coalesced_transpose30": {"write": {"device_start": -1, "host_queued_start": 1585578019.804352, "device_queued": -1, "device_end": -1, "host_queued_end": 1585578019.815299}, "device": "gpu", "nd_range": {"device_start": 1585577954.6464133, "device_end": 1585577954.6464186}, "cmdq": 0, "read": {"device_start": -1, "device_end": -1}}, "FFC_sans_bias69": {"write": {"device_start": -1, "host_queued_start": 1585578019.811481, "device_queued": -1, "device_end": -1, "host_queued_end": 1585578019.815299}, "device": "gpu", "nd_range": {"device_start": 1585577954.6483636, "device_end": 1585577954.6484694}, "cmdq": 0, "read": {"device_start": -1, "device_end": -1}}, "FFC_sans_bias38": {"write": {"device_start": 1585577954.645199, "host_queued_start": 1585578019.798732, "device_queued": 1585577954.6444929, "device_end": 1585577954.6452076, "host_queued_end": 1585578019.815299}, "device": "gpu", "nd_range": {"device_start": 1585577954.6452153, "device_end": 1585577954.6453192}, "cmdq": 0, "read": {"device_start": -1, "device_end": -1}}, "coalesced_transpose57": {"write": {"device_start": -1, "host_queued_start": 1585578019.805219, "device_queued": -1, "device_end": -1, "host_queued_end": 1585578019.815299}, "device": "gpu", "nd_range": {"device_start": 1585577954.646432, "device_end": 1585577954.6464365}, "cmdq": 0, "read": {"device_start": -1, "device_end": -1}}, "empty26": {"write": {"device_start": 1585577954.6436741, "host_queued_start": 1585578019.789994, "device_queued": 1585577954.6436522, "device_end": 1585577954.6436827, "host_queued_end": 1585578019.815299}, "device": "gpu", "nd_range": {"device_start": 1585577954.643684, "device_end": 1585577954.6436872}, "cmdq": 0, "read": {"device_start": -1, "device_end": -1}}, "coalesced_transpose12": {"write": {"device_start": -1, "host_queued_start": 1585578019.803769, "device_queued": -1, "device_end": -1, "host_queued_end": 1585578019.815299}, "device": "gpu", "nd_range": {"device_start": 1585577954.6464007, "device_end": 1585577954.646406}, "cmdq": 0, "read": {"device_start": -1, "device_end": -1}}, "empty44": {"write": {"device_start": 1585577954.6437464, "host_queued_start": 1585578019.790773, "device_queued": 1585577954.6437256, "device_end": 1585577954.6437552, "host_queued_end": 1585578019.815299}, "device": "gpu", "nd_range": {"device_start": 1585577954.6437562, "device_end": 1585577954.6437595}, "cmdq": 0, "read": {"device_start": -1, "device_end": -1}}, "coalesced_transpose21": {"write": {"device_start": -1, "host_queued_start": 1585578019.804065, "device_queued": -1, "device_end": -1, "host_queued_end": 1585578019.815299}, "device": "gpu", "nd_range": {"device_start": 1585577954.6464074, "device_end": 1585577954.6464124}, "cmdq": 0, "read": {"device_start": -1, "device_end": -1}}, "FFC_sans_bias36": {"write": {"device_start": 1585577954.6449625, "host_queued_start": 1585578019.797543, "device_queued": 1585577954.6444237, "device_end": 1585577954.6449711, "host_queued_end": 1585578019.815299}, "device": "gpu", "nd_range": {"device_start": 1585577954.6449723, "device_end": 1585577954.6450799}, "cmdq": 0, "read": {"device_start": -1, "device_end": -1}}, "softmax14": {"write": {"device_start": -1, "host_queued_start": 1585578019.80796, "device_queued": -1, "device_end": -1, "host_queued_end": 1585578019.815299}, "device": "gpu", "nd_range": {"device_start": 1585577954.6472027, "device_end": 1585577954.6472788}, "cmdq": 0, "read": {"device_start": -1, "device_end": -1}}, "FFC_sans_bias13": {"write": {"device_start": -1, "host_queued_start": 1585578019.805854, "device_queued": -1, "device_end": -1, "host_queued_end": 1585578019.815299}, "device": "gpu", "nd_range": {"device_start": 1585577954.6464431, "device_end": 1585577954.6465502}, "cmdq": 0, "read": {"device_start": -1, "device_end": -1}}, "empty8": {"write": {"device_start": -1, "host_queued_start": 1585578019.816046, "device_queued": -1, "device_end": -1, "host_queued_end": 1585578019.820038}, "device": "cpu", "nd_range": {"device_start": 2245794.00958654, "device_end": 2245794.009594437}, "cmdq": 0, "read": {"device_start": -1, "device_end": -1}}, "FFC_sans_bias42": {"write": {"device_start": -1, "host_queued_start": 1585578019.810623, "device_queued": -1, "device_end": -1, "host_queued_end": 1585578019.815299}, "device": "gpu", "nd_range": {"device_start": 1585577954.6480427, "device_end": 1585577954.6481485}, "cmdq": 0, "read": {"device_start": -1, "device_end": -1}}, "FFC_sans_bias43": {"write": {"device_start": 1585577954.6490393, "host_queued_start": 1585578019.813591, "device_queued": 1585577954.6459002, "device_end": 1585577954.6490479, "host_queued_end": 1585578019.815299}, "device": "gpu", "nd_range": {"device_start": 1585577954.649049, "device_end": 1585577954.6491554}, "cmdq": 0, "read": {"device_start": 1585577954.649162, "device_end": 1585577954.6491685}}, "FFC_sans_bias40": {"write": {"device_start": -1, "host_queued_start": 1585578019.806806, "device_queued": -1, "device_end": -1, "host_queued_end": 1585578019.815299}, "device": "gpu", "nd_range": {"device_start": 1585577954.64677, "device_end": 1585577954.6468759}, "cmdq": 0, "read": {"device_start": -1, "device_end": -1}}, "softmax32": {"write": {"device_start": -1, "host_queued_start": 1585578019.808405, "device_queued": -1, "device_end": -1, "host_queued_end": 1585578019.815299}, "device": "gpu", "nd_range": {"device_start": 1585577954.6473503, "device_end": 1585577954.6474195}, "cmdq": 0, "read": {"device_start": -1, "device_end": -1}}, "FFC_sans_bias47": {"write": {"device_start": 1585577954.6455557, "host_queued_start": 1585578019.800299, "device_queued": 1585577954.6447248, "device_end": 1585577954.6455643, "host_queued_end": 1585578019.815299}, "device": "gpu", "nd_range": {"device_start": 1585577954.6455655, "device_end": 1585577954.6456776}, "cmdq": 0, "read": {"device_start": -1, "device_end": -1}}, "FFC_sans_bias45": {"write": {"device_start": 1585577954.6453202, "host_queued_start": 1585578019.799221, "device_queued": 1585577954.6445282, "device_end": 1585577954.645329, "host_queued_end": 1585578019.815299}, "device": "gpu", "nd_range": {"device_start": 1585577954.64533, "device_end": 1585577954.6454375}, "cmdq": 0, "read": {"device_start": -1, "device_end": -1}}, "softmax50": {"write": {"device_start": -1, "host_queued_start": 1585578019.808981, "device_queued": -1, "device_end": -1, "host_queued_end": 1585578019.815299}, "device": "gpu", "nd_range": {"device_start": 1585577954.647496, "device_end": 1585577954.6475713}, "cmdq": 0, "read": {"device_start": -1, "device_end": -1}}, "FFC_sans_bias33": {"write": {"device_start": -1, "host_queued_start": 1585578019.810304, "device_queued": -1, "device_end": -1, "host_queued_end": 1585578019.815299}, "device": "gpu", "nd_range": {"device_start": 1585577954.6479359, "device_end": 1585577954.6480412}, "cmdq": 0, "read": {"device_start": -1, "device_end": -1}}, "FFC_sans_bias63": {"write": {"device_start": 1585577954.6462831, "host_queued_start": 1585578019.803438, "device_queued": 1585577954.644948, "device_end": 1585577954.6462917, "host_queued_end": 1585578019.815299}, "device": "gpu", "nd_range": {"device_start": 1585577954.6462932, "device_end": 1585577954.6463995}, "cmdq": 0, "read": {"device_start": -1, "device_end": -1}}, "FFC_sans_bias49": {"write": {"device_start": -1, "host_queued_start": 1585578019.807085, "device_queued": -1, "device_end": -1, "host_queued_end": 1585578019.815299}, "device": "gpu", "nd_range": {"device_start": 1585577954.6468768, "device_end": 1585577954.6469822}, "cmdq": 0, "read": {"device_start": -1, "device_end": -1}}, "FFC_sans_bias64": {"write": {"device_start": 1585577954.6460452, "host_queued_start": 1585578019.802345, "device_queued": 1585577954.6448705, "device_end": 1585577954.646059, "host_queued_end": 1585578019.815299}, "device": "gpu", "nd_range": {"device_start": 1585577954.6460605, "device_end": 1585577954.6461663}, "cmdq": 0, "read": {"device_start": -1, "device_end": -1}}, "FFC_sans_bias65": {"write": {"device_start": 1585577954.6461673, "host_queued_start": 1585578019.802877, "device_queued": 1585577954.6449063, "device_end": 1585577954.646176, "host_queued_end": 1585578019.815299}, "device": "gpu", "nd_range": {"device_start": 1585577954.646177, "device_end": 1585577954.6462822}, "cmdq": 0, "read": {"device_start": -1, "device_end": -1}}, "FFC_sans_bias67": {"write": {"device_start": -1, "host_queued_start": 1585578019.807669, "device_queued": -1, "device_end": -1, "host_queued_end": 1585578019.815299}, "device": "gpu", "nd_range": {"device_start": 1585577954.6470907, "device_end": 1585577954.6472013}, "cmdq": 0, "read": {"device_start": -1, "device_end": -1}}, "FFC_sans_bias24": {"write": {"device_start": -1, "host_queued_start": 1585578019.810028, "device_queued": -1, "device_end": -1, "host_queued_end": 1585578019.815299}, "device": "gpu", "nd_range": {"device_start": 1585577954.6478286, "device_end": 1585577954.6479347}, "cmdq": 0, "read": {"device_start": -1, "device_end": -1}}, "FFC_sans_bias25": {"write": {"device_start": 1585577954.6487079, "host_queued_start": 1585578019.812594, "device_queued": 1585577954.6456447, "device_end": 1585577954.648717, "host_queued_end": 1585578019.815299}, "device": "gpu", "nd_range": {"device_start": 1585577954.6487179, "device_end": 1585577954.6488242}, "cmdq": 0, "read": {"device_start": 1585577954.6488287, "device_end": 1585577954.6488357}}, "FFC_sans_bias27": {"write": {"device_start": 1585577954.6446042, "host_queued_start": 1585578019.79595, "device_queued": 1585577954.6443157, "device_end": 1585577954.6446128, "host_queued_end": 1585578019.815299}, "device": "gpu", "nd_range": {"device_start": 1585577954.644614, "device_end": 1585577954.6447208}, "cmdq": 0, "read": {"device_start": -1, "device_end": -1}}, "FFC_sans_bias20": {"write": {"device_start": 1585577954.6444857, "host_queued_start": 1585578019.795418, "device_queued": 1585577954.6442788, "device_end": 1585577954.6444948, "host_queued_end": 1585578019.815299}, "device": "gpu", "nd_range": {"device_start": 1585577954.6444962, "device_end": 1585577954.6446033}, "cmdq": 0, "read": {"device_start": -1, "device_end": -1}}, "FFC_sans_bias22": {"write": {"device_start": -1, "host_queued_start": 1585578019.806137, "device_queued": -1, "device_end": -1, "host_queued_end": 1585578019.815299}, "device": "gpu", "nd_range": {"device_start": 1585577954.6465511, "device_end": 1585577954.6466615}, "cmdq": 0, "read": {"device_start": -1, "device_end": -1}}, "softmax68": {"write": {"device_start": -1, "host_queued_start": 1585578019.809457, "device_queued": -1, "device_end": -1, "host_queued_end": 1585578019.815299}, "device": "gpu", "nd_range": {"device_start": 1585577954.647645, "device_end": 1585577954.64772}, "cmdq": 0, "read": {"device_start": -1, "device_end": -1}}, "softmax5": {"write": {"device_start": -1, "host_queued_start": 1585578019.819053, "device_queued": -1, "device_end": -1, "host_queued_end": 1585578019.820038}, "device": "cpu", "nd_range": {"device_start": 2245794.012354184, "device_end": 2245794.012408398}, "cmdq": 0, "read": {"device_start": -1, "device_end": -1}}, "FFC_sans_bias28": {"write": {"device_start": 1585577954.644722, "host_queued_start": 1585578019.79648, "device_queued": 1585577954.644352, "device_end": 1585577954.6447325, "host_queued_end": 1585578019.815299}, "device": "gpu", "nd_range": {"device_start": 1585577954.644734, "device_end": 1585577954.644842}, "cmdq": 0, "read": {"device_start": -1, "device_end": -1}}, "FFC_sans_bias29": {"write": {"device_start": 1585577954.644843, "host_queued_start": 1585578019.797054, "device_queued": 1585577954.6443892, "device_end": 1585577954.6448529, "host_queued_end": 1585578019.815299}, "device": "gpu", "nd_range": {"device_start": 1585577954.6448538, "device_end": 1585577954.644961}, "cmdq": 0, "read": {"device_start": -1, "device_end": -1}}, "empty17": {"write": {"device_start": 1585577954.6436, "host_queued_start": 1585578019.78939, "device_queued": 1585577954.6435654, "device_end": 1585577954.6436086, "host_queued_end": 1585578019.815299}, "device": "gpu", "nd_range": {"device_start": 1585577954.6436296, "device_end": 1585577954.6436424}, "cmdq": 0, "read": {"device_start": -1, "device_end": -1}}, "softmax59": {"write": {"device_start": -1, "host_queued_start": 1585578019.809218, "device_queued": -1, "device_end": -1, "host_queued_end": 1585578019.815299}, "device": "gpu", "nd_range": {"device_start": 1585577954.6475723, "device_end": 1585577954.647644}, "cmdq": 0, "read": {"device_start": -1, "device_end": -1}}, "empty71": {"write": {"device_start": 1585577954.6438541, "host_queued_start": 1585578019.791982, "device_queued": 1585577954.643833, "device_end": 1585577954.6438627, "host_queued_end": 1585578019.815299}, "device": "gpu", "nd_range": {"device_start": 1585577954.643864, "device_end": 1585577954.6438673}, "cmdq": 0, "read": {"device_start": -1, "device_end": -1}}, "empty35": {"write": {"device_start": 1585577954.643711, "host_queued_start": 1585578019.790364, "device_queued": 1585577954.643689, "device_end": 1585577954.6437197, "host_queued_end": 1585578019.815299}, "device": "gpu", "nd_range": {"device_start": 1585577954.6437209, "device_end": 1585577954.6437242}, "cmdq": 0, "read": {"device_start": -1, "device_end": -1}}, "empty53": {"write": {"device_start": 1585577954.6437821, "host_queued_start": 1585578019.791158, "device_queued": 1585577954.643762, "device_end": 1585577954.643791, "host_queued_end": 1585578019.815299}, "device": "gpu", "nd_range": {"device_start": 1585577954.643792, "device_end": 1585577954.6437955}, "cmdq": 0, "read": {"device_start": -1, "device_end": -1}}, "FFC_sans_bias46": {"write": {"device_start": 1585577954.645439, "host_queued_start": 1585578019.799716, "device_queued": 1585577954.644691, "device_end": 1585577954.6454475, "host_queued_end": 1585578019.815299}, "device": "gpu", "nd_range": {"device_start": 1585577954.6454487, "device_end": 1585577954.6455545}, "cmdq": 0, "read": {"device_start": -1, "device_end": -1}}, "coalesced_transpose66": {"write": {"device_start": -1, "host_queued_start": 1585578019.80553, "device_queued": -1, "device_end": -1, "host_queued_end": 1585578019.815299}, "device": "gpu", "nd_range": {"device_start": 1585577954.6464374, "device_end": 1585577954.6464422}, "cmdq": 0, "read": {"device_start": -1, "device_end": -1}}, "coalesced_transpose48": {"write": {"device_start": -1, "host_queued_start": 1585578019.80495, "device_queued": -1, "device_end": -1, "host_queued_end": 1585578019.815299}, "device": "gpu", "nd_range": {"device_start": 1585577954.6464257, "device_end": 1585577954.6464305}, "cmdq": 0, "read": {"device_start": -1, "device_end": -1}}}