{"FFC_sans_bias60": {"write": {"device_start": -1, "host_queued_start": 1585578419.310474, "device_queued": -1, "device_end": -1, "host_queued_end": 1585578419.311908}, "device": "gpu", "nd_range": {"device_start": 1585578354.128947, "device_end": 1585578354.1290545}, "cmdq": 2, "read": {"device_start": -1, "device_end": -1}}, "FFC_sans_bias4": {"write": {"device_start": -1, "host_queued_start": 1585578419.325893, "device_queued": -1, "device_end": -1, "host_queued_end": 1585578419.333693}, "device": "cpu", "nd_range": {"device_start": 2246193.5335001643, "device_end": 2246193.534951467}, "cmdq": 0, "read": {"device_start": -1, "device_end": -1}}, "FFC_sans_bias7": {"write": {"device_start": -1, "host_queued_start": 1585578419.331417, "device_queued": -1, "device_end": -1, "host_queued_end": 1585578419.333693}, "device": "cpu", "nd_range": {"device_start": 2246193.541913044, "device_end": 2246193.5447466043}, "cmdq": 0, "read": {"device_start": -1, "device_end": -1}}, "FFC_sans_bias6": {"write": {"device_start": -1, "host_queued_start": 1585578419.329317, "device_queued": -1, "device_end": -1, "host_queued_end": 1585578419.333693}, "device": "cpu", "nd_range": {"device_start": 2246193.53716696, "device_end": 2246193.538233587}, "cmdq": 0, "read": {"device_start": -1, "device_end": -1}}, "FFC_sans_bias1": {"write": {"device_start": -1, "host_queued_start": 1585578419.31559, "device_queued": -1, "device_end": -1, "host_queued_end": 1585578419.333693}, "device": "cpu", "nd_range": {"device_start": 2246193.523323284, "device_end": 2246193.524475105}, "cmdq": 1, "read": {"device_start": -1, "device_end": -1}}, "FFC_sans_bias0": {"write": {"device_start": -1, "host_queued_start": 1585578419.315092, "device_queued": -1, "device_end": -1, "host_queued_end": 1585578419.333693}, "device": "cpu", "nd_range": {"device_start": 2246193.5233245823, "device_end": 2246193.524766757}, "cmdq": 0, "read": {"device_start": -1, "device_end": -1}}, "FFC_sans_bias2": {"write": {"device_start": -1, "host_queued_start": 1585578419.316102, "device_queued": -1, "device_end": -1, "host_queued_end": 1585578419.333693}, "device": "cpu", "nd_range": {"device_start": 2246193.524775857, "device_end": 2246193.525867302}, "cmdq": 0, "read": {"device_start": -1, "device_end": -1}}, "FFC_sans_bias61": {"write": {"device_start": 1585578354.1289234, "host_queued_start": 1585578419.311291, "device_queued": 1585578354.1286545, "device_end": 1585578354.128932, "host_queued_end": 1585578419.311908}, "device": "gpu", "nd_range": {"device_start": 1585578354.129057, "device_end": 1585578354.129165}, "cmdq": 0, "read": {"device_start": 1585578354.1291678, "device_end": 1585578354.129175}}, "FFC_sans_bias52": {"write": {"device_start": -1, "host_queued_start": 1585578419.33365, "device_queued": -1, "device_end": -1, "host_queued_end": 1585578419.333693}, "device": "cpu", "nd_range": {"device_start": 2246193.541622551, "device_end": 2246193.5424689213}, "cmdq": 1, "read": {"device_start": -1, "device_end": -1}}, "FFC_sans_bias9": {"write": {"device_start": -1, "host_queued_start": 1585578419.316609, "device_queued": -1, "device_end": -1, "host_queued_end": 1585578419.333693}, "device": "cpu", "nd_range": {"device_start": 2246193.5244839303, "device_end": 2246193.52533444}, "cmdq": 1, "read": {"device_start": -1, "device_end": -1}}, "coalesced_transpose39": {"write": {"device_start": -1, "host_queued_start": 1585578419.325188, "device_queued": -1, "device_end": -1, "host_queued_end": 1585578419.333693}, "device": "cpu", "nd_range": {"device_start": 2246193.533412146, "device_end": 2246193.5334450873}, "cmdq": 0, "read": {"device_start": -1, "device_end": -1}}, "FFC_sans_bias55": {"write": {"device_start": 1585578354.128301, "host_queued_start": 1585578419.306961, "device_queued": 1585578354.1282823, "device_end": 1585578354.1283095, "host_queued_end": 1585578419.311908}, "device": "gpu", "nd_range": {"device_start": 1585578354.1283107, "device_end": 1585578354.1284828}, "cmdq": 0, "read": {"device_start": -1, "device_end": -1}}, "FFC_sans_bias54": {"write": {"device_start": 1585578354.1282454, "host_queued_start": 1585578419.306411, "device_queued": 1585578354.1282187, "device_end": 1585578354.1282537, "host_queued_end": 1585578419.311908}, "device": "gpu", "nd_range": {"device_start": 1585578354.1282756, "device_end": 1585578354.1284661}, "cmdq": 3, "read": {"device_start": -1, "device_end": -1}}, "FFC_sans_bias56": {"write": {"device_start": 1585578354.1282177, "host_queued_start": 1585578419.305875, "device_queued": 1585578354.128187, "device_end": 1585578354.1282265, "host_queued_end": 1585578419.311908}, "device": "gpu", "nd_range": {"device_start": 1585578354.1282642, "device_end": 1585578354.1283753}, "cmdq": 2, "read": {"device_start": -1, "device_end": -1}}, "FFC_sans_bias51": {"write": {"device_start": -1, "host_queued_start": 1585578419.330916, "device_queued": -1, "device_end": -1, "host_queued_end": 1585578419.333693}, "device": "cpu", "nd_range": {"device_start": 2246193.538875483, "device_end": 2246193.539986501}, "cmdq": 1, "read": {"device_start": -1, "device_end": -1}}, "softmax23": {"write": {"device_start": -1, "host_queued_start": 1585578419.328235, "device_queued": -1, "device_end": -1, "host_queued_end": 1585578419.333693}, "device": "cpu", "nd_range": {"device_start": 2246193.5368298814, "device_end": 2246193.536852824}, "cmdq": 0, "read": {"device_start": -1, "device_end": -1}}, "FFC_sans_bias37": {"write": {"device_start": -1, "host_queued_start": 1585578419.321666, "device_queued": -1, "device_end": -1, "host_queued_end": 1585578419.333693}, "device": "cpu", "nd_range": {"device_start": 2246193.5297030313, "device_end": 2246193.530668341}, "cmdq": 1, "read": {"device_start": -1, "device_end": -1}}, "empty62": {"write": {"device_start": 1585578354.1281211, "host_queued_start": 1585578419.304732, "device_queued": 1585578354.1280935, "device_end": 1585578354.12813, "host_queued_end": 1585578419.311908}, "device": "gpu", "nd_range": {"device_start": 1585578354.1281354, "device_end": 1585578354.1281476}, "cmdq": 0, "read": {"device_start": -1, "device_end": -1}}, "FFC_sans_bias70": {"write": {"device_start": 1585578354.1289356, "host_queued_start": 1585578419.31181, "device_queued": 1585578354.1286879, "device_end": 1585578354.128944, "host_queued_end": 1585578419.311908}, "device": "gpu", "nd_range": {"device_start": 1585578354.1291413, "device_end": 1585578354.1292481}, "cmdq": 1, "read": {"device_start": 1585578354.1292558, "device_end": 1585578354.1292632}}, "FFC_sans_bias58": {"write": {"device_start": -1, "host_queued_start": 1585578419.309458, "device_queued": -1, "device_end": -1, "host_queued_end": 1585578419.311908}, "device": "gpu", "nd_range": {"device_start": 1585578354.128686, "device_end": 1585578354.1288404}, "cmdq": 2, "read": {"device_start": -1, "device_end": -1}}, "softmax41": {"write": {"device_start": -1, "host_queued_start": 1585578419.328715, "device_queued": -1, "device_end": -1, "host_queued_end": 1585578419.333693}, "device": "cpu", "nd_range": {"device_start": 2246193.536862717, "device_end": 2246193.537031365}, "cmdq": 0, "read": {"device_start": -1, "device_end": -1}}, "FFC_sans_bias11": {"write": {"device_start": -1, "host_queued_start": 1585578419.317608, "device_queued": -1, "device_end": -1, "host_queued_end": 1585578419.333693}, "device": "cpu", "nd_range": {"device_start": 2246193.525338965, "device_end": 2246193.526181418}, "cmdq": 1, "read": {"device_start": -1, "device_end": -1}}, "FFC_sans_bias10": {"write": {"device_start": -1, "host_queued_start": 1585578419.317105, "device_queued": -1, "device_end": -1, "host_queued_end": 1585578419.333693}, "device": "cpu", "nd_range": {"device_start": 2246193.5258731362, "device_end": 2246193.5267193313}, "cmdq": 0, "read": {"device_start": -1, "device_end": -1}}, "coalesced_transpose3": {"write": {"device_start": -1, "host_queued_start": 1585578419.324007, "device_queued": -1, "device_end": -1, "host_queued_end": 1585578419.333693}, "device": "cpu", "nd_range": {"device_start": 2246193.533290674, "device_end": 2246193.533338019}, "cmdq": 0, "read": {"device_start": -1, "device_end": -1}}, "FFC_sans_bias34": {"write": {"device_start": -1, "host_queued_start": 1585578419.332759, "device_queued": -1, "device_end": -1, "host_queued_end": 1585578419.333693}, "device": "cpu", "nd_range": {"device_start": 2246193.540755114, "device_end": 2246193.541619371}, "cmdq": 1, "read": {"device_start": -1, "device_end": -1}}, "FFC_sans_bias15": {"write": {"device_start": -1, "host_queued_start": 1585578419.329623, "device_queued": -1, "device_end": -1, "host_queued_end": 1585578419.333693}, "device": "cpu", "nd_range": {"device_start": 2246193.536930431, "device_end": 2246193.53797711}, "cmdq": 1, "read": {"device_start": -1, "device_end": -1}}, "FFC_sans_bias31": {"write": {"device_start": -1, "host_queued_start": 1585578419.326865, "device_queued": -1, "device_end": -1, "host_queued_end": 1585578419.333693}, "device": "cpu", "nd_range": {"device_start": 2246193.534583041, "device_end": 2246193.535427983}, "cmdq": 1, "read": {"device_start": -1, "device_end": -1}}, "FFC_sans_bias16": {"write": {"device_start": -1, "host_queued_start": 1585578419.331867, "device_queued": -1, "device_end": -1, "host_queued_end": 1585578419.333693}, "device": "cpu", "nd_range": {"device_start": 2246193.539992333, "device_end": 2246193.540751452}, "cmdq": 1, "read": {"device_start": -1, "device_end": -1}}, "FFC_sans_bias19": {"write": {"device_start": -1, "host_queued_start": 1585578419.318638, "device_queued": -1, "device_end": -1, "host_queued_end": 1585578419.333693}, "device": "cpu", "nd_range": {"device_start": 2246193.5261856923, "device_end": 2246193.527161941}, "cmdq": 1, "read": {"device_start": -1, "device_end": -1}}, "FFC_sans_bias18": {"write": {"device_start": -1, "host_queued_start": 1585578419.318106, "device_queued": -1, "device_end": -1, "host_queued_end": 1585578419.333693}, "device": "cpu", "nd_range": {"device_start": 2246193.5270116013, "device_end": 2246193.527752053}, "cmdq": 0, "read": {"device_start": -1, "device_end": -1}}, "coalesced_transpose30": {"write": {"device_start": -1, "host_queued_start": 1585578419.324902, "device_queued": -1, "device_end": -1, "host_queued_end": 1585578419.333693}, "device": "cpu", "nd_range": {"device_start": 2246193.532877619, "device_end": 2246193.532930075}, "cmdq": 1, "read": {"device_start": -1, "device_end": -1}}, "FFC_sans_bias69": {"write": {"device_start": -1, "host_queued_start": 1585578419.310807, "device_queued": -1, "device_end": -1, "host_queued_end": 1585578419.311908}, "device": "gpu", "nd_range": {"device_start": 1585578354.128951, "device_end": 1585578354.1291392}, "cmdq": 3, "read": {"device_start": -1, "device_end": -1}}, "FFC_sans_bias38": {"write": {"device_start": -1, "host_queued_start": 1585578419.322168, "device_queued": -1, "device_end": -1, "host_queued_end": 1585578419.333693}, "device": "cpu", "nd_range": {"device_start": 2246193.531221283, "device_end": 2246193.532196659}, "cmdq": 0, "read": {"device_start": -1, "device_end": -1}}, "coalesced_transpose57": {"write": {"device_start": -1, "host_queued_start": 1585578419.308734, "device_queued": -1, "device_end": -1, "host_queued_end": 1585578419.311908}, "device": "gpu", "nd_range": {"device_start": 1585578354.128484, "device_end": 1585578354.1286063}, "cmdq": 0, "read": {"device_start": -1, "device_end": -1}}, "empty26": {"write": {"device_start": -1, "host_queued_start": 1585578419.313419, "device_queued": -1, "device_end": -1, "host_queued_end": 1585578419.333693}, "device": "cpu", "nd_range": {"device_start": 2246193.523311073, "device_end": 2246193.523312206}, "cmdq": 0, "read": {"device_start": -1, "device_end": -1}}, "coalesced_transpose12": {"write": {"device_start": -1, "host_queued_start": 1585578419.324298, "device_queued": -1, "device_end": -1, "host_queued_end": 1585578419.333693}, "device": "cpu", "nd_range": {"device_start": 2246193.5327042593, "device_end": 2246193.532773232}, "cmdq": 1, "read": {"device_start": -1, "device_end": -1}}, "empty44": {"write": {"device_start": -1, "host_queued_start": 1585578419.314212, "device_queued": -1, "device_end": -1, "host_queued_end": 1585578419.333693}, "device": "cpu", "nd_range": {"device_start": 2246193.523318971, "device_end": 2246193.523319766}, "cmdq": 0, "read": {"device_start": -1, "device_end": -1}}, "coalesced_transpose21": {"write": {"device_start": -1, "host_queued_start": 1585578419.324604, "device_queued": -1, "device_end": -1, "host_queued_end": 1585578419.333693}, "device": "cpu", "nd_range": {"device_start": 2246193.533363243, "device_end": 2246193.5333947083}, "cmdq": 0, "read": {"device_start": -1, "device_end": -1}}, "FFC_sans_bias36": {"write": {"device_start": -1, "host_queued_start": 1585578419.321165, "device_queued": -1, "device_end": -1, "host_queued_end": 1585578419.333693}, "device": "cpu", "nd_range": {"device_start": 2246193.530147235, "device_end": 2246193.531116877}, "cmdq": 0, "read": {"device_start": -1, "device_end": -1}}, "softmax14": {"write": {"device_start": -1, "host_queued_start": 1585578419.327983, "device_queued": -1, "device_end": -1, "host_queued_end": 1585578419.333693}, "device": "cpu", "nd_range": {"device_start": 2246193.536615352, "device_end": 2246193.53665756}, "cmdq": 1, "read": {"device_start": -1, "device_end": -1}}, "FFC_sans_bias13": {"write": {"device_start": -1, "host_queued_start": 1585578419.326203, "device_queued": -1, "device_end": -1, "host_queued_end": 1585578419.333693}, "device": "cpu", "nd_range": {"device_start": 2246193.5334881893, "device_end": 2246193.53447056}, "cmdq": 1, "read": {"device_start": -1, "device_end": -1}}, "empty8": {"write": {"device_start": -1, "host_queued_start": 1585578419.312532, "device_queued": -1, "device_end": -1, "host_queued_end": 1585578419.333693}, "device": "cpu", "nd_range": {"device_start": 2246193.523280221, "device_end": 2246193.52329142}, "cmdq": 0, "read": {"device_start": -1, "device_end": -1}}, "FFC_sans_bias42": {"write": {"device_start": -1, "host_queued_start": 1585578419.330584, "device_queued": -1, "device_end": -1, "host_queued_end": 1585578419.333693}, "device": "cpu", "nd_range": {"device_start": 2246193.540797628, "device_end": 2246193.541907996}, "cmdq": 0, "read": {"device_start": -1, "device_end": -1}}, "FFC_sans_bias43": {"write": {"device_start": -1, "host_queued_start": 1585578419.333204, "device_queued": -1, "device_end": -1, "host_queued_end": 1585578419.333693}, "device": "cpu", "nd_range": {"device_start": 2246193.545775982, "device_end": 2246193.546797064}, "cmdq": 0, "read": {"device_start": -1, "device_end": -1}}, "FFC_sans_bias40": {"write": {"device_start": -1, "host_queued_start": 1585578419.327166, "device_queued": -1, "device_end": -1, "host_queued_end": 1585578419.333693}, "device": "cpu", "nd_range": {"device_start": 2246193.535893884, "device_end": 2246193.5367842363}, "cmdq": 0, "read": {"device_start": -1, "device_end": -1}}, "softmax32": {"write": {"device_start": -1, "host_queued_start": 1585578419.328481, "device_queued": -1, "device_end": -1, "host_queued_end": 1585578419.333693}, "device": "cpu", "nd_range": {"device_start": 2246193.536757906, "device_end": 2246193.5367840733}, "cmdq": 1, "read": {"device_start": -1, "device_end": -1}}, "FFC_sans_bias47": {"write": {"device_start": -1, "host_queued_start": 1585578419.323702, "device_queued": -1, "device_end": -1, "host_queued_end": 1585578419.333693}, "device": "cpu", "nd_range": {"device_start": 2246193.5317393173, "device_end": 2246193.5325935083}, "cmdq": 1, "read": {"device_start": -1, "device_end": -1}}, "FFC_sans_bias45": {"write": {"device_start": -1, "host_queued_start": 1585578419.322695, "device_queued": -1, "device_end": -1, "host_queued_end": 1585578419.333693}, "device": "cpu", "nd_range": {"device_start": 2246193.530776352, "device_end": 2246193.531627208}, "cmdq": 1, "read": {"device_start": -1, "device_end": -1}}, "softmax50": {"write": {"device_start": -1, "host_queued_start": 1585578419.328982, "device_queued": -1, "device_end": -1, "host_queued_end": 1585578419.333693}, "device": "cpu", "nd_range": {"device_start": 2246193.536897582, "device_end": 2246193.5369190713}, "cmdq": 1, "read": {"device_start": -1, "device_end": -1}}, "FFC_sans_bias33": {"write": {"device_start": -1, "host_queued_start": 1585578419.330259, "device_queued": -1, "device_end": -1, "host_queued_end": 1585578419.333693}, "device": "cpu", "nd_range": {"device_start": 2246193.5380808073, "device_end": 2246193.5387540823}, "cmdq": 1, "read": {"device_start": -1, "device_end": -1}}, "FFC_sans_bias63": {"write": {"device_start": 1585578354.1284685, "host_queued_start": 1585578419.308434, "device_queued": 1585578354.1283627, "device_end": 1585578354.128477, "host_queued_end": 1585578419.311908}, "device": "gpu", "nd_range": {"device_start": 1585578354.1284783, "device_end": 1585578354.1286778}, "cmdq": 3, "read": {"device_start": -1, "device_end": -1}}, "FFC_sans_bias49": {"write": {"device_start": -1, "host_queued_start": 1585578419.327489, "device_queued": -1, "device_end": -1, "host_queued_end": 1585578419.333693}, "device": "cpu", "nd_range": {"device_start": 2246193.5355403232, "device_end": 2246193.53650776}, "cmdq": 1, "read": {"device_start": -1, "device_end": -1}}, "FFC_sans_bias64": {"write": {"device_start": 1585578354.1283402, "host_queued_start": 1585578419.307455, "device_queued": 1585578354.1283183, "device_end": 1585578354.128349, "host_queued_end": 1585578419.311908}, "device": "gpu", "nd_range": {"device_start": 1585578354.1283927, "device_end": 1585578354.1285634}, "cmdq": 1, "read": {"device_start": -1, "device_end": -1}}, "FFC_sans_bias65": {"write": {"device_start": 1585578354.1283777, "host_queued_start": 1585578419.307949, "device_queued": 1585578354.1283395, "device_end": 1585578354.1283865, "host_queued_end": 1585578419.311908}, "device": "gpu", "nd_range": {"device_start": 1585578354.1284153, "device_end": 1585578354.1286244}, "cmdq": 2, "read": {"device_start": -1, "device_end": -1}}, "FFC_sans_bias67": {"write": {"device_start": -1, "host_queued_start": 1585578419.309753, "device_queued": -1, "device_end": -1, "host_queued_end": 1585578419.311908}, "device": "gpu", "nd_range": {"device_start": 1585578354.12868, "device_end": 1585578354.128795}, "cmdq": 3, "read": {"device_start": -1, "device_end": -1}}, "FFC_sans_bias24": {"write": {"device_start": -1, "host_queued_start": 1585578419.32994, "device_queued": -1, "device_end": -1, "host_queued_end": 1585578419.333693}, "device": "cpu", "nd_range": {"device_start": 2246193.5390864373, "device_end": 2246193.540790475}, "cmdq": 0, "read": {"device_start": -1, "device_end": -1}}, "FFC_sans_bias25": {"write": {"device_start": -1, "host_queued_start": 1585578419.332312, "device_queued": -1, "device_end": -1, "host_queued_end": 1585578419.333693}, "device": "cpu", "nd_range": {"device_start": 2246193.544749772, "device_end": 2246193.545773448}, "cmdq": 0, "read": {"device_start": -1, "device_end": -1}}, "FFC_sans_bias27": {"write": {"device_start": -1, "host_queued_start": 1585578419.319657, "device_queued": -1, "device_end": -1, "host_queued_end": 1585578419.333693}, "device": "cpu", "nd_range": {"device_start": 2246193.5275508263, "device_end": 2246193.528632292}, "cmdq": 1, "read": {"device_start": -1, "device_end": -1}}, "FFC_sans_bias20": {"write": {"device_start": -1, "host_queued_start": 1585578419.319154, "device_queued": -1, "device_end": -1, "host_queued_end": 1585578419.333693}, "device": "cpu", "nd_range": {"device_start": 2246193.527860611, "device_end": 2246193.5290779443}, "cmdq": 0, "read": {"device_start": -1, "device_end": -1}}, "FFC_sans_bias22": {"write": {"device_start": -1, "host_queued_start": 1585578419.326519, "device_queued": -1, "device_end": -1, "host_queued_end": 1585578419.333693}, "device": "cpu", "nd_range": {"device_start": 2246193.535058226, "device_end": 2246193.5357861943}, "cmdq": 0, "read": {"device_start": -1, "device_end": -1}}, "softmax68": {"write": {"device_start": -1, "host_queued_start": 1585578419.310188, "device_queued": -1, "device_end": -1, "host_queued_end": 1585578419.311908}, "device": "gpu", "nd_range": {"device_start": 1585578354.1288524, "device_end": 1585578354.1289334}, "cmdq": 1, "read": {"device_start": -1, "device_end": -1}}, "softmax5": {"write": {"device_start": -1, "host_queued_start": 1585578419.327746, "device_queued": -1, "device_end": -1, "host_queued_end": 1585578419.333693}, "device": "cpu", "nd_range": {"device_start": 2246193.536796744, "device_end": 2246193.536818947}, "cmdq": 0, "read": {"device_start": -1, "device_end": -1}}, "FFC_sans_bias28": {"write": {"device_start": -1, "host_queued_start": 1585578419.320159, "device_queued": -1, "device_end": -1, "host_queued_end": 1585578419.333693}, "device": "cpu", "nd_range": {"device_start": 2246193.5291863233, "device_end": 2246193.5300380243}, "cmdq": 0, "read": {"device_start": -1, "device_end": -1}}, "FFC_sans_bias29": {"write": {"device_start": -1, "host_queued_start": 1585578419.320668, "device_queued": -1, "device_end": -1, "host_queued_end": 1585578419.333693}, "device": "cpu", "nd_range": {"device_start": 2246193.528745464, "device_end": 2246193.529594743}, "cmdq": 1, "read": {"device_start": -1, "device_end": -1}}, "empty17": {"write": {"device_start": -1, "host_queued_start": 1585578419.312999, "device_queued": -1, "device_end": -1, "host_queued_end": 1585578419.333693}, "device": "cpu", "nd_range": {"device_start": 2246193.523283652, "device_end": 2246193.523291387}, "cmdq": 1, "read": {"device_start": -1, "device_end": -1}}, "softmax59": {"write": {"device_start": -1, "host_queued_start": 1585578419.309984, "device_queued": -1, "device_end": -1, "host_queued_end": 1585578419.311908}, "device": "gpu", "nd_range": {"device_start": 1585578354.128846, "device_end": 1585578354.1289225}, "cmdq": 0, "read": {"device_start": -1, "device_end": -1}}, "empty71": {"write": {"device_start": 1585578354.1281855, "host_queued_start": 1585578419.305323, "device_queued": 1585578354.128161, "device_end": 1585578354.128194, "host_queued_end": 1585578419.311908}, "device": "gpu", "nd_range": {"device_start": 1585578354.1282556, "device_end": 1585578354.1282592}, "cmdq": 1, "read": {"device_start": -1, "device_end": -1}}, "empty35": {"write": {"device_start": -1, "host_queued_start": 1585578419.313851, "device_queued": -1, "device_end": -1, "host_queued_end": 1585578419.333693}, "device": "cpu", "nd_range": {"device_start": 2246193.523311221, "device_end": 2246193.5233122553}, "cmdq": 1, "read": {"device_start": -1, "device_end": -1}}, "empty53": {"write": {"device_start": -1, "host_queued_start": 1585578419.314591, "device_queued": -1, "device_end": -1, "host_queued_end": 1585578419.333693}, "device": "cpu", "nd_range": {"device_start": 2246193.523318104, "device_end": 2246193.523318902}, "cmdq": 1, "read": {"device_start": -1, "device_end": -1}}, "FFC_sans_bias46": {"write": {"device_start": -1, "host_queued_start": 1585578419.323199, "device_queued": -1, "device_end": -1, "host_queued_end": 1585578419.333693}, "device": "cpu", "nd_range": {"device_start": 2246193.532308905, "device_end": 2246193.5331532434}, "cmdq": 0, "read": {"device_start": -1, "device_end": -1}}, "coalesced_transpose66": {"write": {"device_start": -1, "host_queued_start": 1585578419.309009, "device_queued": -1, "device_end": -1, "host_queued_end": 1585578419.311908}, "device": "gpu", "nd_range": {"device_start": 1585578354.1285646, "device_end": 1585578354.1286206}, "cmdq": 1, "read": {"device_start": -1, "device_end": -1}}, "coalesced_transpose48": {"write": {"device_start": -1, "host_queued_start": 1585578419.32557, "device_queued": -1, "device_end": -1, "host_queued_end": 1585578419.333693}, "device": "cpu", "nd_range": {"device_start": 2246193.5332764504, "device_end": 2246193.533329048}, "cmdq": 1, "read": {"device_start": -1, "device_end": -1}}}