{"FFC_sans_bias60": {"write": {"device_start": -1, "host_queued_start": 1585578545.257257, "device_queued": -1, "device_end": -1, "host_queued_end": 1585578545.261323}, "device": "cpu", "nd_range": {"device_start": 2246319.476291242, "device_end": 2246319.4775116043}, "cmdq": 0, "read": {"device_start": -1, "device_end": -1}}, "FFC_sans_bias4": {"write": {"device_start": -1, "host_queued_start": 1585578545.250642, "device_queued": -1, "device_end": -1, "host_queued_end": 1585578545.261323}, "device": "cpu", "nd_range": {"device_start": 2246319.464323128, "device_end": 2246319.465302681}, "cmdq": 0, "read": {"device_start": -1, "device_end": -1}}, "FFC_sans_bias7": {"write": {"device_start": -1, "host_queued_start": 1585578545.258076, "device_queued": -1, "device_end": -1, "host_queued_end": 1585578545.261323}, "device": "cpu", "nd_range": {"device_start": 2246319.4775165133, "device_end": 2246319.479317517}, "cmdq": 0, "read": {"device_start": -1, "device_end": -1}}, "FFC_sans_bias6": {"write": {"device_start": -1, "host_queued_start": 1585578545.255268, "device_queued": -1, "device_end": -1, "host_queued_end": 1585578545.261323}, "device": "cpu", "nd_range": {"device_start": 2246319.47178211, "device_end": 2246319.473830258}, "cmdq": 0, "read": {"device_start": -1, "device_end": -1}}, "FFC_sans_bias1": {"write": {"device_start": -1, "host_queued_start": 1585578545.23637, "device_queued": -1, "device_end": -1, "host_queued_end": 1585578545.261323}, "device": "cpu", "nd_range": {"device_start": 2246319.4509952813, "device_end": 2246319.452150845}, "cmdq": 1, "read": {"device_start": -1, "device_end": -1}}, "FFC_sans_bias0": {"write": {"device_start": -1, "host_queued_start": 1585578545.235878, "device_queued": -1, "device_end": -1, "host_queued_end": 1585578545.261323}, "device": "cpu", "nd_range": {"device_start": 2246319.450995175, "device_end": 2246319.4524886813}, "cmdq": 0, "read": {"device_start": -1, "device_end": -1}}, "FFC_sans_bias2": {"write": {"device_start": -1, "host_queued_start": 1585578545.23688, "device_queued": -1, "device_end": -1, "host_queued_end": 1585578545.261323}, "device": "cpu", "nd_range": {"device_start": 2246319.452619361, "device_end": 2246319.453585866}, "cmdq": 0, "read": {"device_start": -1, "device_end": -1}}, "FFC_sans_bias61": {"write": {"device_start": -1, "host_queued_start": 1585578545.260795, "device_queued": -1, "device_end": -1, "host_queued_end": 1585578545.261323}, "device": "cpu", "nd_range": {"device_start": 2246319.488524427, "device_end": 2246319.489484344}, "cmdq": 0, "read": {"device_start": -1, "device_end": -1}}, "FFC_sans_bias52": {"write": {"device_start": -1, "host_queued_start": 1585578545.260343, "device_queued": -1, "device_end": -1, "host_queued_end": 1585578545.261323}, "device": "cpu", "nd_range": {"device_start": 2246319.487895341, "device_end": 2246319.4886340774}, "cmdq": 1, "read": {"device_start": -1, "device_end": -1}}, "FFC_sans_bias9": {"write": {"device_start": -1, "host_queued_start": 1585578545.237528, "device_queued": -1, "device_end": -1, "host_queued_end": 1585578545.261323}, "device": "cpu", "nd_range": {"device_start": 2246319.4521575593, "device_end": 2246319.453007649}, "cmdq": 1, "read": {"device_start": -1, "device_end": -1}}, "coalesced_transpose39": {"write": {"device_start": -1, "host_queued_start": 1585578545.249385, "device_queued": -1, "device_end": -1, "host_queued_end": 1585578545.261323}, "device": "cpu", "nd_range": {"device_start": 2246319.464102412, "device_end": 2246319.4642461753}, "cmdq": 0, "read": {"device_start": -1, "device_end": -1}}, "FFC_sans_bias55": {"write": {"device_start": -1, "host_queued_start": 1585578545.246295, "device_queued": -1, "device_end": -1, "host_queued_end": 1585578545.261323}, "device": "cpu", "nd_range": {"device_start": 2246319.462020576, "device_end": 2246319.46298624}, "cmdq": 0, "read": {"device_start": -1, "device_end": -1}}, "FFC_sans_bias54": {"write": {"device_start": -1, "host_queued_start": 1585578545.245791, "device_queued": -1, "device_end": -1, "host_queued_end": 1585578545.261323}, "device": "cpu", "nd_range": {"device_start": 2246319.460712313, "device_end": 2246319.461683133}, "cmdq": 1, "read": {"device_start": -1, "device_end": -1}}, "FFC_sans_bias56": {"write": {"device_start": -1, "host_queued_start": 1585578545.245288, "device_queued": -1, "device_end": -1, "host_queued_end": 1585578545.261323}, "device": "cpu", "nd_range": {"device_start": 2246319.460942091, "device_end": 2246319.4619095633}, "cmdq": 0, "read": {"device_start": -1, "device_end": -1}}, "FFC_sans_bias51": {"write": {"device_start": -1, "host_queued_start": 1585578545.256918, "device_queued": -1, "device_end": -1, "host_queued_end": 1585578545.261323}, "device": "cpu", "nd_range": {"device_start": 2246319.477269091, "device_end": 2246319.478367101}, "cmdq": 1, "read": {"device_start": -1, "device_end": -1}}, "softmax23": {"write": {"device_start": -1, "host_queued_start": 1585578545.253709, "device_queued": -1, "device_end": -1, "host_queued_end": 1585578545.261323}, "device": "cpu", "nd_range": {"device_start": 2246319.471534992, "device_end": 2246319.4715807573}, "cmdq": 0, "read": {"device_start": -1, "device_end": -1}}, "FFC_sans_bias37": {"write": {"device_start": -1, "host_queued_start": 1585578545.242748, "device_queued": -1, "device_end": -1, "host_queued_end": 1585578545.261323}, "device": "cpu", "nd_range": {"device_start": 2246319.457325287, "device_end": 2246319.4582947893}, "cmdq": 1, "read": {"device_start": -1, "device_end": -1}}, "empty62": {"write": {"device_start": -1, "host_queued_start": 1585578545.234967, "device_queued": -1, "device_end": -1, "host_queued_end": 1585578545.261323}, "device": "cpu", "nd_range": {"device_start": 2246319.450990459, "device_end": 2246319.450990939}, "cmdq": 0, "read": {"device_start": -1, "device_end": -1}}, "FFC_sans_bias70": {"write": {"device_start": -1, "host_queued_start": 1585578545.261278, "device_queued": -1, "device_end": -1, "host_queued_end": 1585578545.261323}, "device": "cpu", "nd_range": {"device_start": 2246319.488638468, "device_end": 2246319.491776112}, "cmdq": 1, "read": {"device_start": -1, "device_end": -1}}, "FFC_sans_bias58": {"write": {"device_start": -1, "host_queued_start": 1585578545.252627, "device_queued": -1, "device_end": -1, "host_queued_end": 1585578545.261323}, "device": "cpu", "nd_range": {"device_start": 2246319.467873863, "device_end": 2246319.469334553}, "cmdq": 0, "read": {"device_start": -1, "device_end": -1}}, "softmax41": {"write": {"device_start": -1, "host_queued_start": 1585578545.2542, "device_queued": -1, "device_end": -1, "host_queued_end": 1585578545.261323}, "device": "cpu", "nd_range": {"device_start": 2246319.4715854703, "device_end": 2246319.471693145}, "cmdq": 0, "read": {"device_start": -1, "device_end": -1}}, "FFC_sans_bias11": {"write": {"device_start": -1, "host_queued_start": 1585578545.238552, "device_queued": -1, "device_end": -1, "host_queued_end": 1585578545.261323}, "device": "cpu", "nd_range": {"device_start": 2246319.453012643, "device_end": 2246319.453857494}, "cmdq": 1, "read": {"device_start": -1, "device_end": -1}}, "FFC_sans_bias10": {"write": {"device_start": -1, "host_queued_start": 1585578545.238049, "device_queued": -1, "device_end": -1, "host_queued_end": 1585578545.261323}, "device": "cpu", "nd_range": {"device_start": 2246319.453590703, "device_end": 2246319.454803532}, "cmdq": 0, "read": {"device_start": -1, "device_end": -1}}, "coalesced_transpose3": {"write": {"device_start": -1, "host_queued_start": 1585578545.248173, "device_queued": -1, "device_end": -1, "host_queued_end": 1585578545.261323}, "device": "cpu", "nd_range": {"device_start": 2246319.463914773, "device_end": 2246319.4639458563}, "cmdq": 0, "read": {"device_start": -1, "device_end": -1}}, "FFC_sans_bias34": {"write": {"device_start": -1, "host_queued_start": 1585578545.259439, "device_queued": -1, "device_end": -1, "host_queued_end": 1585578545.261323}, "device": "cpu", "nd_range": {"device_start": 2246319.4807021893, "device_end": 2246319.4878928503}, "cmdq": 1, "read": {"device_start": -1, "device_end": -1}}, "FFC_sans_bias15": {"write": {"device_start": -1, "host_queued_start": 1585578545.25558, "device_queued": -1, "device_end": -1, "host_queued_end": 1585578545.261323}, "device": "cpu", "nd_range": {"device_start": 2246319.474718106, "device_end": 2246319.4758002493}, "cmdq": 1, "read": {"device_start": -1, "device_end": -1}}, "FFC_sans_bias31": {"write": {"device_start": -1, "host_queued_start": 1585578545.251599, "device_queued": -1, "device_end": -1, "host_queued_end": 1585578545.261323}, "device": "cpu", "nd_range": {"device_start": 2246319.466302371, "device_end": 2246319.467387137}, "cmdq": 1, "read": {"device_start": -1, "device_end": -1}}, "FFC_sans_bias16": {"write": {"device_start": -1, "host_queued_start": 1585578545.258527, "device_queued": -1, "device_end": -1, "host_queued_end": 1585578545.261323}, "device": "cpu", "nd_range": {"device_start": 2246319.4794712393, "device_end": 2246319.480699929}, "cmdq": 1, "read": {"device_start": -1, "device_end": -1}}, "FFC_sans_bias19": {"write": {"device_start": -1, "host_queued_start": 1585578545.239626, "device_queued": -1, "device_end": -1, "host_queued_end": 1585578545.261323}, "device": "cpu", "nd_range": {"device_start": 2246319.453863482, "device_end": 2246319.4554309263}, "cmdq": 1, "read": {"device_start": -1, "device_end": -1}}, "FFC_sans_bias18": {"write": {"device_start": -1, "host_queued_start": 1585578545.239124, "device_queued": -1, "device_end": -1, "host_queued_end": 1585578545.261323}, "device": "cpu", "nd_range": {"device_start": 2246319.4548193743, "device_end": 2246319.4558088463}, "cmdq": 0, "read": {"device_start": -1, "device_end": -1}}, "coalesced_transpose30": {"write": {"device_start": -1, "host_queued_start": 1585578545.249092, "device_queued": -1, "device_end": -1, "host_queued_end": 1585578545.261323}, "device": "cpu", "nd_range": {"device_start": 2246319.464049831, "device_end": 2246319.4640768003}, "cmdq": 1, "read": {"device_start": -1, "device_end": -1}}, "FFC_sans_bias69": {"write": {"device_start": -1, "host_queued_start": 1585578545.257569, "device_queued": -1, "device_end": -1, "host_queued_end": 1585578545.261323}, "device": "cpu", "nd_range": {"device_start": 2246319.4783723033, "device_end": 2246319.479466061}, "cmdq": 1, "read": {"device_start": -1, "device_end": -1}}, "FFC_sans_bias38": {"write": {"device_start": -1, "host_queued_start": 1585578545.243257, "device_queued": -1, "device_end": -1, "host_queued_end": 1585578545.261323}, "device": "cpu", "nd_range": {"device_start": 2246319.4589519952, "device_end": 2246319.459802646}, "cmdq": 0, "read": {"device_start": -1, "device_end": -1}}, "coalesced_transpose57": {"write": {"device_start": -1, "host_queued_start": 1585578545.249995, "device_queued": -1, "device_end": -1, "host_queued_end": 1585578545.261323}, "device": "cpu", "nd_range": {"device_start": 2246319.464262879, "device_end": 2246319.4643066702}, "cmdq": 0, "read": {"device_start": -1, "device_end": -1}}, "empty26": {"write": {"device_start": -1, "host_queued_start": 1585578545.233467, "device_queued": -1, "device_end": -1, "host_queued_end": 1585578545.261323}, "device": "cpu", "nd_range": {"device_start": 2246319.4509786232, "device_end": 2246319.450979499}, "cmdq": 0, "read": {"device_start": -1, "device_end": -1}}, "coalesced_transpose12": {"write": {"device_start": -1, "host_queued_start": 1585578545.248472, "device_queued": -1, "device_end": -1, "host_queued_end": 1585578545.261323}, "device": "cpu", "nd_range": {"device_start": 2246319.46399459, "device_end": 2246319.464035275}, "cmdq": 1, "read": {"device_start": -1, "device_end": -1}}, "empty44": {"write": {"device_start": -1, "host_queued_start": 1585578545.234203, "device_queued": -1, "device_end": -1, "host_queued_end": 1585578545.261323}, "device": "cpu", "nd_range": {"device_start": 2246319.450984899, "device_end": 2246319.4509856603}, "cmdq": 0, "read": {"device_start": -1, "device_end": -1}}, "coalesced_transpose21": {"write": {"device_start": -1, "host_queued_start": 1585578545.248782, "device_queued": -1, "device_end": -1, "host_queued_end": 1585578545.261323}, "device": "cpu", "nd_range": {"device_start": 2246319.4639548403, "device_end": 2246319.464088538}, "cmdq": 0, "read": {"device_start": -1, "device_end": -1}}, "FFC_sans_bias36": {"write": {"device_start": -1, "host_queued_start": 1585578545.242211, "device_queued": -1, "device_end": -1, "host_queued_end": 1585578545.261323}, "device": "cpu", "nd_range": {"device_start": 2246319.457871842, "device_end": 2246319.4588384572}, "cmdq": 0, "read": {"device_start": -1, "device_end": -1}}, "softmax14": {"write": {"device_start": -1, "host_queued_start": 1585578545.253457, "device_queued": -1, "device_end": -1, "host_queued_end": 1585578545.261323}, "device": "cpu", "nd_range": {"device_start": 2246319.474276054, "device_end": 2246319.4743228713}, "cmdq": 1, "read": {"device_start": -1, "device_end": -1}}, "FFC_sans_bias13": {"write": {"device_start": -1, "host_queued_start": 1585578545.25097, "device_queued": -1, "device_end": -1, "host_queued_end": 1585578545.261323}, "device": "cpu", "nd_range": {"device_start": 2246319.4643765544, "device_end": 2246319.466294034}, "cmdq": 1, "read": {"device_start": -1, "device_end": -1}}, "empty8": {"write": {"device_start": -1, "host_queued_start": 1585578545.232493, "device_queued": -1, "device_end": -1, "host_queued_end": 1585578545.261323}, "device": "cpu", "nd_range": {"device_start": 2246319.450952536, "device_end": 2246319.450961459}, "cmdq": 0, "read": {"device_start": -1, "device_end": -1}}, "FFC_sans_bias42": {"write": {"device_start": -1, "host_queued_start": 1585578545.256577, "device_queued": -1, "device_end": -1, "host_queued_end": 1585578545.261323}, "device": "cpu", "nd_range": {"device_start": 2246319.474935914, "device_end": 2246319.476285607}, "cmdq": 0, "read": {"device_start": -1, "device_end": -1}}, "FFC_sans_bias43": {"write": {"device_start": -1, "host_queued_start": 1585578545.259887, "device_queued": -1, "device_end": -1, "host_queued_end": 1585578545.261323}, "device": "cpu", "nd_range": {"device_start": 2246319.486226711, "device_end": 2246319.488521561}, "cmdq": 0, "read": {"device_start": -1, "device_end": -1}}, "FFC_sans_bias40": {"write": {"device_start": -1, "host_queued_start": 1585578545.25192, "device_queued": -1, "device_end": -1, "host_queued_end": 1585578545.261323}, "device": "cpu", "nd_range": {"device_start": 2246319.466421252, "device_end": 2246319.467868891}, "cmdq": 0, "read": {"device_start": -1, "device_end": -1}}, "softmax32": {"write": {"device_start": -1, "host_queued_start": 1585578545.25395, "device_queued": -1, "device_end": -1, "host_queued_end": 1585578545.261323}, "device": "cpu", "nd_range": {"device_start": 2246319.474388348, "device_end": 2246319.4744480443}, "cmdq": 1, "read": {"device_start": -1, "device_end": -1}}, "FFC_sans_bias47": {"write": {"device_start": -1, "host_queued_start": 1585578545.244778, "device_queued": -1, "device_end": -1, "host_queued_end": 1585578545.261323}, "device": "cpu", "nd_range": {"device_start": 2246319.4594878023, "device_end": 2246319.460699987}, "cmdq": 1, "read": {"device_start": -1, "device_end": -1}}, "FFC_sans_bias45": {"write": {"device_start": -1, "host_queued_start": 1585578545.243761, "device_queued": -1, "device_end": -1, "host_queued_end": 1585578545.261323}, "device": "cpu", "nd_range": {"device_start": 2246319.458403677, "device_end": 2246319.4593749163}, "cmdq": 1, "read": {"device_start": -1, "device_end": -1}}, "softmax50": {"write": {"device_start": -1, "host_queued_start": 1585578545.254455, "device_queued": -1, "device_end": -1, "host_queued_end": 1585578545.261323}, "device": "cpu", "nd_range": {"device_start": 2246319.4745199783, "device_end": 2246319.4745653393}, "cmdq": 1, "read": {"device_start": -1, "device_end": -1}}, "FFC_sans_bias33": {"write": {"device_start": -1, "host_queued_start": 1585578545.25623, "device_queued": -1, "device_end": -1, "host_queued_end": 1585578545.261323}, "device": "cpu", "nd_range": {"device_start": 2246319.4758073273, "device_end": 2246319.477263467}, "cmdq": 1, "read": {"device_start": -1, "device_end": -1}}, "FFC_sans_bias63": {"write": {"device_start": -1, "host_queued_start": 1585578545.247858, "device_queued": -1, "device_end": -1, "host_queued_end": 1585578545.261323}, "device": "cpu", "nd_range": {"device_start": 2246319.462657251, "device_end": 2246319.4638720714}, "cmdq": 1, "read": {"device_start": -1, "device_end": -1}}, "FFC_sans_bias49": {"write": {"device_start": -1, "host_queued_start": 1585578545.252301, "device_queued": -1, "device_end": -1, "host_queued_end": 1585578545.261323}, "device": "cpu", "nd_range": {"device_start": 2246319.467395193, "device_end": 2246319.468742993}, "cmdq": 1, "read": {"device_start": -1, "device_end": -1}}, "FFC_sans_bias64": {"write": {"device_start": -1, "host_queued_start": 1585578545.246843, "device_queued": -1, "device_end": -1, "host_queued_end": 1585578545.261323}, "device": "cpu", "nd_range": {"device_start": 2246319.461820802, "device_end": 2246319.462548174}, "cmdq": 1, "read": {"device_start": -1, "device_end": -1}}, "FFC_sans_bias65": {"write": {"device_start": -1, "host_queued_start": 1585578545.247351, "device_queued": -1, "device_end": -1, "host_queued_end": 1585578545.261323}, "device": "cpu", "nd_range": {"device_start": 2246319.463091785, "device_end": 2246319.463903528}, "cmdq": 0, "read": {"device_start": -1, "device_end": -1}}, "FFC_sans_bias67": {"write": {"device_start": -1, "host_queued_start": 1585578545.252952, "device_queued": -1, "device_end": -1, "host_queued_end": 1585578545.261323}, "device": "cpu", "nd_range": {"device_start": 2246319.468748895, "device_end": 2246319.4742704453}, "cmdq": 1, "read": {"device_start": -1, "device_end": -1}}, "FFC_sans_bias24": {"write": {"device_start": -1, "host_queued_start": 1585578545.255903, "device_queued": -1, "device_end": -1, "host_queued_end": 1585578545.261323}, "device": "cpu", "nd_range": {"device_start": 2246319.473835479, "device_end": 2246319.474930516}, "cmdq": 0, "read": {"device_start": -1, "device_end": -1}}, "FFC_sans_bias25": {"write": {"device_start": -1, "host_queued_start": 1585578545.258985, "device_queued": -1, "device_end": -1, "host_queued_end": 1585578545.261323}, "device": "cpu", "nd_range": {"device_start": 2246319.479320386, "device_end": 2246319.486221995}, "cmdq": 0, "read": {"device_start": -1, "device_end": -1}}, "FFC_sans_bias27": {"write": {"device_start": -1, "host_queued_start": 1585578545.240649, "device_queued": -1, "device_end": -1, "host_queued_end": 1585578545.261323}, "device": "cpu", "nd_range": {"device_start": 2246319.455457468, "device_end": 2246319.456482349}, "cmdq": 1, "read": {"device_start": -1, "device_end": -1}}, "FFC_sans_bias20": {"write": {"device_start": -1, "host_queued_start": 1585578545.240141, "device_queued": -1, "device_end": -1, "host_queued_end": 1585578545.261323}, "device": "cpu", "nd_range": {"device_start": 2246319.45582106, "device_end": 2246319.456799332}, "cmdq": 0, "read": {"device_start": -1, "device_end": -1}}, "FFC_sans_bias22": {"write": {"device_start": -1, "host_queued_start": 1585578545.251279, "device_queued": -1, "device_end": -1, "host_queued_end": 1585578545.261323}, "device": "cpu", "nd_range": {"device_start": 2246319.465311898, "device_end": 2246319.466415774}, "cmdq": 0, "read": {"device_start": -1, "device_end": -1}}, "softmax68": {"write": {"device_start": -1, "host_queued_start": 1585578545.254949, "device_queued": -1, "device_end": -1, "host_queued_end": 1585578545.261323}, "device": "cpu", "nd_range": {"device_start": 2246319.474569735, "device_end": 2246319.47461279}, "cmdq": 1, "read": {"device_start": -1, "device_end": -1}}, "softmax5": {"write": {"device_start": -1, "host_queued_start": 1585578545.2532, "device_queued": -1, "device_end": -1, "host_queued_end": 1585578545.261323}, "device": "cpu", "nd_range": {"device_start": 2246319.469340607, "device_end": 2246319.469412234}, "cmdq": 0, "read": {"device_start": -1, "device_end": -1}}, "FFC_sans_bias28": {"write": {"device_start": -1, "host_queued_start": 1585578545.241163, "device_queued": -1, "device_end": -1, "host_queued_end": 1585578545.261323}, "device": "cpu", "nd_range": {"device_start": 2246319.456914193, "device_end": 2246319.457761152}, "cmdq": 0, "read": {"device_start": -1, "device_end": -1}}, "FFC_sans_bias29": {"write": {"device_start": -1, "host_queued_start": 1585578545.241681, "device_queued": -1, "device_end": -1, "host_queued_end": 1585578545.261323}, "device": "cpu", "nd_range": {"device_start": 2246319.456587849, "device_end": 2246319.457318709}, "cmdq": 1, "read": {"device_start": -1, "device_end": -1}}, "empty17": {"write": {"device_start": -1, "host_queued_start": 1585578545.23306, "device_queued": -1, "device_end": -1, "host_queued_end": 1585578545.261323}, "device": "cpu", "nd_range": {"device_start": 2246319.450952486, "device_end": 2246319.450961431}, "cmdq": 1, "read": {"device_start": -1, "device_end": -1}}, "softmax59": {"write": {"device_start": -1, "host_queued_start": 1585578545.254697, "device_queued": -1, "device_end": -1, "host_queued_end": 1585578545.261323}, "device": "cpu", "nd_range": {"device_start": 2246319.471705877, "device_end": 2246319.471776374}, "cmdq": 0, "read": {"device_start": -1, "device_end": -1}}, "empty71": {"write": {"device_start": -1, "host_queued_start": 1585578545.235336, "device_queued": -1, "device_end": -1, "host_queued_end": 1585578545.261323}, "device": "cpu", "nd_range": {"device_start": 2246319.45099009, "device_end": 2246319.450990708}, "cmdq": 1, "read": {"device_start": -1, "device_end": -1}}, "empty35": {"write": {"device_start": -1, "host_queued_start": 1585578545.233835, "device_queued": -1, "device_end": -1, "host_queued_end": 1585578545.261323}, "device": "cpu", "nd_range": {"device_start": 2246319.450978686, "device_end": 2246319.450979678}, "cmdq": 1, "read": {"device_start": -1, "device_end": -1}}, "empty53": {"write": {"device_start": -1, "host_queued_start": 1585578545.234586, "device_queued": -1, "device_end": -1, "host_queued_end": 1585578545.261323}, "device": "cpu", "nd_range": {"device_start": 2246319.450984823, "device_end": 2246319.450985438}, "cmdq": 1, "read": {"device_start": -1, "device_end": -1}}, "FFC_sans_bias46": {"write": {"device_start": -1, "host_queued_start": 1585578545.244261, "device_queued": -1, "device_end": -1, "host_queued_end": 1585578545.261323}, "device": "cpu", "nd_range": {"device_start": 2246319.459913541, "device_end": 2246319.460837435}, "cmdq": 0, "read": {"device_start": -1, "device_end": -1}}, "coalesced_transpose66": {"write": {"device_start": -1, "host_queued_start": 1585578545.250292, "device_queued": -1, "device_end": -1, "host_queued_end": 1585578545.261323}, "device": "cpu", "nd_range": {"device_start": 2246319.4642226873, "device_end": 2246319.464316896}, "cmdq": 1, "read": {"device_start": -1, "device_end": -1}}, "coalesced_transpose48": {"write": {"device_start": -1, "host_queued_start": 1585578545.24969, "device_queued": -1, "device_end": -1, "host_queued_end": 1585578545.261323}, "device": "cpu", "nd_range": {"device_start": 2246319.464159044, "device_end": 2246319.464213088}, "cmdq": 1, "read": {"device_start": -1, "device_end": -1}}}