{"FFC_sans_bias60": {"write": {"device_start": -1, "host_queued_start": 1585578336.25817, "device_queued": -1, "device_end": -1, "host_queued_end": 1585578336.261582}, "device": "gpu", "nd_range": {"device_start": 1585578271.0824268, "device_end": 1585578271.0826256}, "cmdq": 1, "read": {"device_start": -1, "device_end": -1}}, "FFC_sans_bias4": {"write": {"device_start": -1, "host_queued_start": 1585578336.267199, "device_queued": -1, "device_end": -1, "host_queued_end": 1585578336.269657}, "device": "cpu", "nd_range": {"device_start": 2246110.46241602, "device_end": 2246110.463688124}, "cmdq": 2, "read": {"device_start": -1, "device_end": -1}}, "FFC_sans_bias7": {"write": {"device_start": -1, "host_queued_start": 1585578336.269156, "device_queued": -1, "device_end": -1, "host_queued_end": 1585578336.269657}, "device": "cpu", "nd_range": {"device_start": 2246110.465098733, "device_end": 2246110.465853768}, "cmdq": 0, "read": {"device_start": -1, "device_end": -1}}, "FFC_sans_bias6": {"write": {"device_start": -1, "host_queued_start": 1585578336.268333, "device_queued": -1, "device_end": -1, "host_queued_end": 1585578336.269657}, "device": "cpu", "nd_range": {"device_start": 2246110.4641311923, "device_end": 2246110.464971439}, "cmdq": 2, "read": {"device_start": -1, "device_end": -1}}, "FFC_sans_bias1": {"write": {"device_start": -1, "host_queued_start": 1585578336.263956, "device_queued": -1, "device_end": -1, "host_queued_end": 1585578336.269657}, "device": "cpu", "nd_range": {"device_start": 2246110.459329532, "device_end": 2246110.4612655733}, "cmdq": 3, "read": {"device_start": -1, "device_end": -1}}, "FFC_sans_bias0": {"write": {"device_start": -1, "host_queued_start": 1585578336.263372, "device_queued": -1, "device_end": -1, "host_queued_end": 1585578336.269657}, "device": "cpu", "nd_range": {"device_start": 2246110.459266472, "device_end": 2246110.461239056}, "cmdq": 2, "read": {"device_start": -1, "device_end": -1}}, "FFC_sans_bias2": {"write": {"device_start": -1, "host_queued_start": 1585578336.264598, "device_queued": -1, "device_end": -1, "host_queued_end": 1585578336.269657}, "device": "cpu", "nd_range": {"device_start": 2246110.459256145, "device_end": 2246110.461244875}, "cmdq": 0, "read": {"device_start": -1, "device_end": -1}}, "FFC_sans_bias61": {"write": {"device_start": 1585578271.0829437, "host_queued_start": 1585578336.260949, "device_queued": 1585578271.0822084, "device_end": 1585578271.0829594, "host_queued_end": 1585578336.261582}, "device": "gpu", "nd_range": {"device_start": 1585578271.0829618, "device_end": 1585578271.08307}, "cmdq": 1, "read": {"device_start": 1585578271.0830781, "device_end": 1585578271.0830848}}, "FFC_sans_bias52": {"write": {"device_start": 1585578271.0828018, "host_queued_start": 1585578336.260463, "device_queued": 1585578271.082153, "device_end": 1585578271.0828104, "host_queued_end": 1585578336.261582}, "device": "gpu", "nd_range": {"device_start": 1585578271.0828116, "device_end": 1585578271.0829256}, "cmdq": 0, "read": {"device_start": 1585578271.082941, "device_end": 1585578271.0829558}}, "FFC_sans_bias9": {"write": {"device_start": -1, "host_queued_start": 1585578336.265235, "device_queued": -1, "device_end": -1, "host_queued_end": 1585578336.269657}, "device": "cpu", "nd_range": {"device_start": 2246110.459257037, "device_end": 2246110.4614247093}, "cmdq": 1, "read": {"device_start": -1, "device_end": -1}}, "coalesced_transpose39": {"write": {"device_start": -1, "host_queued_start": 1585578336.252826, "device_queued": -1, "device_end": -1, "host_queued_end": 1585578336.261582}, "device": "gpu", "nd_range": {"device_start": 1585578271.0817862, "device_end": 1585578271.0818453}, "cmdq": 2, "read": {"device_start": -1, "device_end": -1}}, "FFC_sans_bias55": {"write": {"device_start": 1585578271.0814075, "host_queued_start": 1585578336.250414, "device_queued": 1585578271.0812967, "device_end": 1585578271.0814166, "host_queued_end": 1585578336.261582}, "device": "gpu", "nd_range": {"device_start": 1585578271.0814176, "device_end": 1585578271.081589}, "cmdq": 2, "read": {"device_start": -1, "device_end": -1}}, "FFC_sans_bias54": {"write": {"device_start": 1585578271.0813699, "host_queued_start": 1585578336.249911, "device_queued": 1585578271.0812683, "device_end": 1585578271.0813785, "host_queued_end": 1585578336.261582}, "device": "gpu", "nd_range": {"device_start": 1585578271.0813797, "device_end": 1585578271.0815568}, "cmdq": 1, "read": {"device_start": -1, "device_end": -1}}, "FFC_sans_bias56": {"write": {"device_start": 1585578271.0812929, "host_queued_start": 1585578336.249424, "device_queued": 1585578271.0811405, "device_end": 1585578271.0813017, "host_queued_end": 1585578336.261582}, "device": "gpu", "nd_range": {"device_start": 1585578271.081303, "device_end": 1585578271.081482}, "cmdq": 0, "read": {"device_start": -1, "device_end": -1}}, "FFC_sans_bias51": {"write": {"device_start": -1, "host_queued_start": 1585578336.257889, "device_queued": -1, "device_end": -1, "host_queued_end": 1585578336.261582}, "device": "gpu", "nd_range": {"device_start": 1585578271.0823348, "device_end": 1585578271.0825238}, "cmdq": 0, "read": {"device_start": -1, "device_end": -1}}, "softmax23": {"write": {"device_start": -1, "host_queued_start": 1585578336.25564, "device_queued": -1, "device_end": -1, "host_queued_end": 1585578336.261582}, "device": "gpu", "nd_range": {"device_start": 1585578271.0819578, "device_end": 1585578271.082132}, "cmdq": 0, "read": {"device_start": -1, "device_end": -1}}, "FFC_sans_bias37": {"write": {"device_start": 1585578271.0809846, "host_queued_start": 1585578336.246973, "device_queued": 1585578271.0809314, "device_end": 1585578271.0809934, "host_queued_end": 1585578336.261582}, "device": "gpu", "nd_range": {"device_start": 1585578271.0809944, "device_end": 1585578271.0811734}, "cmdq": 1, "read": {"device_start": -1, "device_end": -1}}, "empty62": {"write": {"device_start": 1585578271.0804653, "host_queued_start": 1585578336.242403, "device_queued": 1585578271.08044, "device_end": 1585578271.080474, "host_queued_end": 1585578336.261582}, "device": "gpu", "nd_range": {"device_start": 1585578271.0805054, "device_end": 1585578271.080512}, "cmdq": 1, "read": {"device_start": -1, "device_end": -1}}, "FFC_sans_bias70": {"write": {"device_start": 1585578271.082966, "host_queued_start": 1585578336.261446, "device_queued": 1585578271.082236, "device_end": 1585578271.0829792, "host_queued_end": 1585578336.261582}, "device": "gpu", "nd_range": {"device_start": 1585578271.0829806, "device_end": 1585578271.0831177}, "cmdq": 2, "read": {"device_start": 1585578271.0831208, "device_end": 1585578271.0831397}}, "FFC_sans_bias58": {"write": {"device_start": -1, "host_queued_start": 1585578336.255111, "device_queued": -1, "device_end": -1, "host_queued_end": 1585578336.261582}, "device": "gpu", "nd_range": {"device_start": 1585578271.0819361, "device_end": 1585578271.0821223}, "cmdq": 1, "read": {"device_start": -1, "device_end": -1}}, "softmax41": {"write": {"device_start": -1, "host_queued_start": 1585578336.256079, "device_queued": -1, "device_end": -1, "host_queued_end": 1585578336.261582}, "device": "gpu", "nd_range": {"device_start": 1585578271.0821633, "device_end": 1585578271.082256}, "cmdq": 2, "read": {"device_start": -1, "device_end": -1}}, "FFC_sans_bias11": {"write": {"device_start": -1, "host_queued_start": 1585578336.266248, "device_queued": -1, "device_end": -1, "host_queued_end": 1585578336.269657}, "device": "cpu", "nd_range": {"device_start": 2246110.461340189, "device_end": 2246110.46238797}, "cmdq": 3, "read": {"device_start": -1, "device_end": -1}}, "FFC_sans_bias10": {"write": {"device_start": -1, "host_queued_start": 1585578336.265737, "device_queued": -1, "device_end": -1, "host_queued_end": 1585578336.269657}, "device": "cpu", "nd_range": {"device_start": 2246110.461297512, "device_end": 2246110.462370771}, "cmdq": 2, "read": {"device_start": -1, "device_end": -1}}, "coalesced_transpose3": {"write": {"device_start": -1, "host_queued_start": 1585578336.266555, "device_queued": -1, "device_end": -1, "host_queued_end": 1585578336.269657}, "device": "cpu", "nd_range": {"device_start": 2246110.4613721822, "device_end": 2246110.4614260523}, "cmdq": 0, "read": {"device_start": -1, "device_end": -1}}, "FFC_sans_bias34": {"write": {"device_start": 1585578271.0826268, "host_queued_start": 1585578336.259472, "device_queued": 1585578271.0820165, "device_end": 1585578271.0826354, "host_queued_end": 1585578336.261582}, "device": "gpu", "nd_range": {"device_start": 1585578271.0826366, "device_end": 1585578271.0828245}, "cmdq": 1, "read": {"device_start": 1585578271.0828295, "device_end": 1585578271.0828428}}, "FFC_sans_bias15": {"write": {"device_start": -1, "host_queued_start": 1585578336.268653, "device_queued": -1, "device_end": -1, "host_queued_end": 1585578336.269657}, "device": "cpu", "nd_range": {"device_start": 2246110.463763279, "device_end": 2246110.4647355913}, "cmdq": 3, "read": {"device_start": -1, "device_end": -1}}, "FFC_sans_bias31": {"write": {"device_start": -1, "host_queued_start": 1585578336.254212, "device_queued": -1, "device_end": -1, "host_queued_end": 1585578336.261582}, "device": "gpu", "nd_range": {"device_start": 1585578271.0817358, "device_end": 1585578271.0819352}, "cmdq": 1, "read": {"device_start": -1, "device_end": -1}}, "FFC_sans_bias16": {"write": {"device_start": -1, "host_queued_start": 1585578336.269612, "device_queued": -1, "device_end": -1, "host_queued_end": 1585578336.269657}, "device": "cpu", "nd_range": {"device_start": 2246110.464745426, "device_end": 2246110.465587744}, "cmdq": 1, "read": {"device_start": -1, "device_end": -1}}, "FFC_sans_bias19": {"write": {"device_start": 1585578271.0805957, "host_queued_start": 1585578336.243856, "device_queued": 1585578271.0805664, "device_end": 1585578271.0806098, "host_queued_end": 1585578336.261582}, "device": "gpu", "nd_range": {"device_start": 1585578271.0806413, "device_end": 1585578271.0807521}, "cmdq": 1, "read": {"device_start": -1, "device_end": -1}}, "FFC_sans_bias18": {"write": {"device_start": 1585578271.0805466, "host_queued_start": 1585578336.243341, "device_queued": 1585578271.0805209, "device_end": 1585578271.0805552, "host_queued_end": 1585578336.261582}, "device": "gpu", "nd_range": {"device_start": 1585578271.0805576, "device_end": 1585578271.0806687}, "cmdq": 0, "read": {"device_start": -1, "device_end": -1}}, "coalesced_transpose30": {"write": {"device_start": -1, "host_queued_start": 1585578336.252541, "device_queued": -1, "device_end": -1, "host_queued_end": 1585578336.261582}, "device": "gpu", "nd_range": {"device_start": 1585578271.0817068, "device_end": 1585578271.081722}, "cmdq": 1, "read": {"device_start": -1, "device_end": -1}}, "FFC_sans_bias69": {"write": {"device_start": -1, "host_queued_start": 1585578336.258464, "device_queued": -1, "device_end": -1, "host_queued_end": 1585578336.261582}, "device": "gpu", "nd_range": {"device_start": 1585578271.0825472, "device_end": 1585578271.0827477}, "cmdq": 2, "read": {"device_start": -1, "device_end": -1}}, "FFC_sans_bias38": {"write": {"device_start": 1585578271.0810766, "host_queued_start": 1585578336.247468, "device_queued": 1585578271.0809555, "device_end": 1585578271.0810852, "host_queued_end": 1585578336.261582}, "device": "gpu", "nd_range": {"device_start": 1585578271.0810864, "device_end": 1585578271.0812564}, "cmdq": 2, "read": {"device_start": -1, "device_end": -1}}, "coalesced_transpose57": {"write": {"device_start": -1, "host_queued_start": 1585578336.253367, "device_queued": -1, "device_end": -1, "host_queued_end": 1585578336.261582}, "device": "gpu", "nd_range": {"device_start": 1585578271.0817232, "device_end": 1585578271.0817347}, "cmdq": 1, "read": {"device_start": -1, "device_end": -1}}, "empty26": {"write": {"device_start": 1585578271.080284, "host_queued_start": 1585578336.240602, "device_queued": 1585578271.0802324, "device_end": 1585578271.0802927, "host_queued_end": 1585578336.261582}, "device": "gpu", "nd_range": {"device_start": 1585578271.0803103, "device_end": 1585578271.080323}, "cmdq": 0, "read": {"device_start": -1, "device_end": -1}}, "coalesced_transpose12": {"write": {"device_start": -1, "host_queued_start": 1585578336.26689, "device_queued": -1, "device_end": -1, "host_queued_end": 1585578336.269657}, "device": "cpu", "nd_range": {"device_start": 2246110.462413621, "device_end": 2246110.462563666}, "cmdq": 1, "read": {"device_start": -1, "device_end": -1}}, "empty44": {"write": {"device_start": 1585578271.0803795, "host_queued_start": 1585578336.241605, "device_queued": 1585578271.080354, "device_end": 1585578271.0803883, "host_queued_end": 1585578336.261582}, "device": "gpu", "nd_range": {"device_start": 1585578271.0803945, "device_end": 1585578271.0803983}, "cmdq": 2, "read": {"device_start": -1, "device_end": -1}}, "coalesced_transpose21": {"write": {"device_start": -1, "host_queued_start": 1585578336.252267, "device_queued": -1, "device_end": -1, "host_queued_end": 1585578336.261582}, "device": "gpu", "nd_range": {"device_start": 1585578271.0816708, "device_end": 1585578271.0817099}, "cmdq": 0, "read": {"device_start": -1, "device_end": -1}}, "FFC_sans_bias36": {"write": {"device_start": 1585578271.0809138, "host_queued_start": 1585578336.246458, "device_queued": 1585578271.080892, "device_end": 1585578271.0809224, "host_queued_end": 1585578336.261582}, "device": "gpu", "nd_range": {"device_start": 1585578271.0809267, "device_end": 1585578271.0810952}, "cmdq": 0, "read": {"device_start": -1, "device_end": -1}}, "softmax14": {"write": {"device_start": -1, "host_queued_start": 1585578336.268016, "device_queued": -1, "device_end": -1, "host_queued_end": 1585578336.269657}, "device": "cpu", "nd_range": {"device_start": 2246110.4637157903, "device_end": 2246110.463754931}, "cmdq": 1, "read": {"device_start": -1, "device_end": -1}}, "FFC_sans_bias13": {"write": {"device_start": -1, "host_queued_start": 1585578336.267524, "device_queued": -1, "device_end": -1, "host_queued_end": 1585578336.269657}, "device": "cpu", "nd_range": {"device_start": 2246110.462702361, "device_end": 2246110.463671077}, "cmdq": 3, "read": {"device_start": -1, "device_end": -1}}, "empty8": {"write": {"device_start": -1, "host_queued_start": 1585578336.262276, "device_queued": -1, "device_end": -1, "host_queued_end": 1585578336.269657}, "device": "cpu", "nd_range": {"device_start": 2246110.4592305063, "device_end": 2246110.459238827}, "cmdq": 0, "read": {"device_start": -1, "device_end": -1}}, "FFC_sans_bias42": {"write": {"device_start": -1, "host_queued_start": 1585578336.257598, "device_queued": -1, "device_end": -1, "host_queued_end": 1585578336.261582}, "device": "gpu", "nd_range": {"device_start": 1585578271.0823882, "device_end": 1585578271.0825453}, "cmdq": 2, "read": {"device_start": -1, "device_end": -1}}, "FFC_sans_bias43": {"write": {"device_start": 1585578271.08275, "host_queued_start": 1585578336.259963, "device_queued": 1585578271.0820382, "device_end": 1585578271.0827644, "host_queued_end": 1585578336.261582}, "device": "gpu", "nd_range": {"device_start": 1585578271.0827653, "device_end": 1585578271.082878}, "cmdq": 2, "read": {"device_start": 1585578271.0828938, "device_end": 1585578271.0829082}}, "FFC_sans_bias40": {"write": {"device_start": -1, "host_queued_start": 1585578336.254508, "device_queued": -1, "device_end": -1, "host_queued_end": 1585578336.261582}, "device": "gpu", "nd_range": {"device_start": 1585578271.0819075, "device_end": 1585578271.0820355}, "cmdq": 2, "read": {"device_start": -1, "device_end": -1}}, "softmax32": {"write": {"device_start": -1, "host_queued_start": 1585578336.255856, "device_queued": -1, "device_end": -1, "host_queued_end": 1585578336.261582}, "device": "gpu", "nd_range": {"device_start": 1585578271.0821245, "device_end": 1585578271.0821998}, "cmdq": 1, "read": {"device_start": -1, "device_end": -1}}, "FFC_sans_bias47": {"write": {"device_start": 1585578271.0812585, "host_queued_start": 1585578336.248941, "device_queued": 1585578271.0810883, "device_end": 1585578271.0812674, "host_queued_end": 1585578336.261582}, "device": "gpu", "nd_range": {"device_start": 1585578271.0812683, "device_end": 1585578271.081405}, "cmdq": 2, "read": {"device_start": -1, "device_end": -1}}, "FFC_sans_bias45": {"write": {"device_start": 1585578271.0811002, "host_queued_start": 1585578336.247957, "device_queued": 1585578271.0810063, "device_end": 1585578271.0811107, "host_queued_end": 1585578336.261582}, "device": "gpu", "nd_range": {"device_start": 1585578271.0811117, "device_end": 1585578271.081291}, "cmdq": 0, "read": {"device_start": -1, "device_end": -1}}, "softmax50": {"write": {"device_start": -1, "host_queued_start": 1585578336.256299, "device_queued": -1, "device_end": -1, "host_queued_end": 1585578336.261582}, "device": "gpu", "nd_range": {"device_start": 1585578271.0821407, "device_end": 1585578271.0822182}, "cmdq": 0, "read": {"device_start": -1, "device_end": -1}}, "FFC_sans_bias33": {"write": {"device_start": -1, "host_queued_start": 1585578336.257301, "device_queued": -1, "device_end": -1, "host_queued_end": 1585578336.261582}, "device": "gpu", "nd_range": {"device_start": 1585578271.0823135, "device_end": 1585578271.0824246}, "cmdq": 1, "read": {"device_start": -1, "device_end": -1}}, "FFC_sans_bias63": {"write": {"device_start": 1585578271.0815914, "host_queued_start": 1585578336.25196, "device_queued": 1585578271.0814114, "device_end": 1585578271.0816, "host_queued_end": 1585578336.261582}, "device": "gpu", "nd_range": {"device_start": 1585578271.081601, "device_end": 1585578271.081785}, "cmdq": 2, "read": {"device_start": -1, "device_end": -1}}, "FFC_sans_bias49": {"write": {"device_start": -1, "host_queued_start": 1585578336.25483, "device_queued": -1, "device_end": -1, "host_queued_end": 1585578336.261582}, "device": "gpu", "nd_range": {"device_start": 1585578271.0818422, "device_end": 1585578271.0819564}, "cmdq": 0, "read": {"device_start": -1, "device_end": -1}}, "FFC_sans_bias64": {"write": {"device_start": 1585578271.0814838, "host_queued_start": 1585578336.250957, "device_queued": 1585578271.0813482, "device_end": 1585578271.0814927, "host_queued_end": 1585578336.261582}, "device": "gpu", "nd_range": {"device_start": 1585578271.0814936, "device_end": 1585578271.0816696}, "cmdq": 0, "read": {"device_start": -1, "device_end": -1}}, "FFC_sans_bias65": {"write": {"device_start": 1585578271.0815582, "host_queued_start": 1585578336.251457, "device_queued": 1585578271.0813887, "device_end": 1585578271.0815666, "host_queued_end": 1585578336.261582}, "device": "gpu", "nd_range": {"device_start": 1585578271.0815675, "device_end": 1585578271.0817058}, "cmdq": 1, "read": {"device_start": -1, "device_end": -1}}, "FFC_sans_bias67": {"write": {"device_start": -1, "host_queued_start": 1585578336.255404, "device_queued": -1, "device_end": -1, "host_queued_end": 1585578336.261582}, "device": "gpu", "nd_range": {"device_start": 1585578271.0820365, "device_end": 1585578271.082159}, "cmdq": 2, "read": {"device_start": -1, "device_end": -1}}, "FFC_sans_bias24": {"write": {"device_start": -1, "host_queued_start": 1585578336.25702, "device_queued": -1, "device_end": -1, "host_queued_end": 1585578336.261582}, "device": "gpu", "nd_range": {"device_start": 1585578271.0822232, "device_end": 1585578271.0823338}, "cmdq": 0, "read": {"device_start": -1, "device_end": -1}}, "FFC_sans_bias25": {"write": {"device_start": 1585578271.0825248, "host_queued_start": 1585578336.258968, "device_queued": 1585578271.0819802, "device_end": 1585578271.0825334, "host_queued_end": 1585578336.261582}, "device": "gpu", "nd_range": {"device_start": 1585578271.0825348, "device_end": 1585578271.0826857}, "cmdq": 0, "read": {"device_start": 1585578271.0826902, "device_end": 1585578271.082699}}, "FFC_sans_bias27": {"write": {"device_start": 1585578271.0806794, "host_queued_start": 1585578336.244968, "device_queued": 1585578271.080657, "device_end": 1585578271.0806882, "host_queued_end": 1585578336.261582}, "device": "gpu", "nd_range": {"device_start": 1585578271.080692, "device_end": 1585578271.0808609}, "cmdq": 0, "read": {"device_start": -1, "device_end": -1}}, "FFC_sans_bias20": {"write": {"device_start": 1585578271.0806303, "host_queued_start": 1585578336.244358, "device_queued": 1585578271.080597, "device_end": 1585578271.0806391, "host_queued_end": 1585578336.261582}, "device": "gpu", "nd_range": {"device_start": 1585578271.0806525, "device_end": 1585578271.0808485}, "cmdq": 2, "read": {"device_start": -1, "device_end": -1}}, "FFC_sans_bias22": {"write": {"device_start": -1, "host_queued_start": 1585578336.253937, "device_queued": -1, "device_end": -1, "host_queued_end": 1585578336.261582}, "device": "gpu", "nd_range": {"device_start": 1585578271.0817273, "device_end": 1585578271.081841}, "cmdq": 0, "read": {"device_start": -1, "device_end": -1}}, "softmax68": {"write": {"device_start": -1, "host_queued_start": 1585578336.256732, "device_queued": -1, "device_end": -1, "host_queued_end": 1585578336.261582}, "device": "gpu", "nd_range": {"device_start": 1585578271.0822594, "device_end": 1585578271.0823858}, "cmdq": 2, "read": {"device_start": -1, "device_end": -1}}, "softmax5": {"write": {"device_start": -1, "host_queued_start": 1585578336.267779, "device_queued": -1, "device_end": -1, "host_queued_end": 1585578336.269657}, "device": "cpu", "nd_range": {"device_start": 2246110.463701061, "device_end": 2246110.46401504}, "cmdq": 0, "read": {"device_start": -1, "device_end": -1}}, "FFC_sans_bias28": {"write": {"device_start": 1585578271.080755, "host_queued_start": 1585578336.245466, "device_queued": 1585578271.0806975, "device_end": 1585578271.0807638, "host_queued_end": 1585578336.261582}, "device": "gpu", "nd_range": {"device_start": 1585578271.0808718, "device_end": 1585578271.0809827}, "cmdq": 1, "read": {"device_start": -1, "device_end": -1}}, "FFC_sans_bias29": {"write": {"device_start": 1585578271.0808508, "host_queued_start": 1585578336.245967, "device_queued": 1585578271.080727, "device_end": 1585578271.0808594, "host_queued_end": 1585578336.261582}, "device": "gpu", "nd_range": {"device_start": 1585578271.080885, "device_end": 1585578271.0810742}, "cmdq": 2, "read": {"device_start": -1, "device_end": -1}}, "empty17": {"write": {"device_start": -1, "host_queued_start": 1585578336.262792, "device_queued": -1, "device_end": -1, "host_queued_end": 1585578336.269657}, "device": "cpu", "nd_range": {"device_start": 2246110.4592302423, "device_end": 2246110.459238807}, "cmdq": 1, "read": {"device_start": -1, "device_end": -1}}, "softmax59": {"write": {"device_start": -1, "host_queued_start": 1585578336.256508, "device_queued": -1, "device_end": -1, "host_queued_end": 1585578336.261582}, "device": "gpu", "nd_range": {"device_start": 1585578271.0822012, "device_end": 1585578271.0823116}, "cmdq": 1, "read": {"device_start": -1, "device_end": -1}}, "empty71": {"write": {"device_start": 1585578271.0804946, "host_queued_start": 1585578336.242803, "device_queued": 1585578271.0804677, "device_end": 1585578271.0805035, "host_queued_end": 1585578336.261582}, "device": "gpu", "nd_range": {"device_start": 1585578271.0805094, "device_end": 1585578271.0805135}, "cmdq": 2, "read": {"device_start": -1, "device_end": -1}}, "empty35": {"write": {"device_start": 1585578271.0803523, "host_queued_start": 1585578336.241199, "device_queued": 1585578271.080328, "device_end": 1585578271.0803616, "host_queued_end": 1585578336.261582}, "device": "gpu", "nd_range": {"device_start": 1585578271.08039, "device_end": 1585578271.080397}, "cmdq": 1, "read": {"device_start": -1, "device_end": -1}}, "empty53": {"write": {"device_start": 1585578271.0804274, "host_queued_start": 1585578336.242009, "device_queued": 1585578271.080403, "device_end": 1585578271.080436, "host_queued_end": 1585578336.261582}, "device": "gpu", "nd_range": {"device_start": 1585578271.0804372, "device_end": 1585578271.0804405}, "cmdq": 0, "read": {"device_start": -1, "device_end": -1}}, "FFC_sans_bias46": {"write": {"device_start": 1585578271.0811753, "host_queued_start": 1585578336.248445, "device_queued": 1585578271.081055, "device_end": 1585578271.0811841, "host_queued_end": 1585578336.261582}, "device": "gpu", "nd_range": {"device_start": 1585578271.081185, "device_end": 1585578271.0813675}, "cmdq": 1, "read": {"device_start": -1, "device_end": -1}}, "coalesced_transpose66": {"write": {"device_start": -1, "host_queued_start": 1585578336.253647, "device_queued": -1, "device_end": -1, "host_queued_end": 1585578336.261582}, "device": "gpu", "nd_range": {"device_start": 1585578271.0818472, "device_end": 1585578271.0819066}, "cmdq": 2, "read": {"device_start": -1, "device_end": -1}}, "coalesced_transpose48": {"write": {"device_start": -1, "host_queued_start": 1585578336.253105, "device_queued": -1, "device_end": -1, "host_queued_end": 1585578336.261582}, "device": "gpu", "nd_range": {"device_start": 1585578271.0817113, "device_end": 1585578271.0817263}, "cmdq": 0, "read": {"device_start": -1, "device_end": -1}}}