{"FFC_sans_bias60": {"write": {"device_start": -1, "host_queued_start": 1585578191.658069, "device_queued": -1, "device_end": -1, "host_queued_end": 1585578191.661492}, "device": "gpu", "nd_range": {"device_start": 1585578126.4871411, "device_end": 1585578126.4872525}, "cmdq": 0, "read": {"device_start": -1, "device_end": -1}}, "FFC_sans_bias4": {"write": {"device_start": -1, "host_queued_start": 1585578191.667155, "device_queued": -1, "device_end": -1, "host_queued_end": 1585578191.669609}, "device": "cpu", "nd_range": {"device_start": 2245965.862652568, "device_end": 2245965.864154539}, "cmdq": 1, "read": {"device_start": -1, "device_end": -1}}, "FFC_sans_bias7": {"write": {"device_start": -1, "host_queued_start": 1585578191.669111, "device_queued": -1, "device_end": -1, "host_queued_end": 1585578191.669609}, "device": "cpu", "nd_range": {"device_start": 2245965.8653888013, "device_end": 2245965.8663525623}, "cmdq": 1, "read": {"device_start": -1, "device_end": -1}}, "FFC_sans_bias6": {"write": {"device_start": -1, "host_queued_start": 1585578191.668291, "device_queued": -1, "device_end": -1, "host_queued_end": 1585578191.669609}, "device": "cpu", "nd_range": {"device_start": 2245965.864278058, "device_end": 2245965.8652765444}, "cmdq": 2, "read": {"device_start": -1, "device_end": -1}}, "FFC_sans_bias1": {"write": {"device_start": -1, "host_queued_start": 1585578191.663942, "device_queued": -1, "device_end": -1, "host_queued_end": 1585578191.669609}, "device": "cpu", "nd_range": {"device_start": 2245965.8592076153, "device_end": 2245965.860718644}, "cmdq": 0, "read": {"device_start": -1, "device_end": -1}}, "FFC_sans_bias0": {"write": {"device_start": -1, "host_queued_start": 1585578191.66336, "device_queued": -1, "device_end": -1, "host_queued_end": 1585578191.669609}, "device": "cpu", "nd_range": {"device_start": 2245965.8592169993, "device_end": 2245965.8603626722}, "cmdq": 2, "read": {"device_start": -1, "device_end": -1}}, "FFC_sans_bias2": {"write": {"device_start": -1, "host_queued_start": 1585578191.664496, "device_queued": -1, "device_end": -1, "host_queued_end": 1585578191.669609}, "device": "cpu", "nd_range": {"device_start": 2245965.859207549, "device_end": 2245965.8613300063}, "cmdq": 1, "read": {"device_start": -1, "device_end": -1}}, "FFC_sans_bias61": {"write": {"device_start": 1585578126.4877486, "host_queued_start": 1585578191.660892, "device_queued": 1585578126.4866033, "device_end": 1585578126.487759, "host_queued_end": 1585578191.661492}, "device": "gpu", "nd_range": {"device_start": 1585578126.4877608, "device_end": 1585578126.4878714}, "cmdq": 0, "read": {"device_start": 1585578126.4878786, "device_end": 1585578126.4878852}}, "FFC_sans_bias52": {"write": {"device_start": 1585578126.4875495, "host_queued_start": 1585578191.6604, "device_queued": 1585578126.4865375, "device_end": 1585578126.4875581, "host_queued_end": 1585578191.661492}, "device": "gpu", "nd_range": {"device_start": 1585578126.4875593, "device_end": 1585578126.487688}, "cmdq": 1, "read": {"device_start": 1585578126.4877014, "device_end": 1585578126.4877186}}, "FFC_sans_bias9": {"write": {"device_start": -1, "host_queued_start": 1585578191.665114, "device_queued": -1, "device_end": -1, "host_queued_end": 1585578191.669609}, "device": "cpu", "nd_range": {"device_start": 2245965.860503184, "device_end": 2245965.8615870783}, "cmdq": 2, "read": {"device_start": -1, "device_end": -1}}, "coalesced_transpose39": {"write": {"device_start": -1, "host_queued_start": 1585578191.652723, "device_queued": -1, "device_end": -1, "host_queued_end": 1585578191.661492}, "device": "gpu", "nd_range": {"device_start": 1585578126.4862087, "device_end": 1585578126.4862142}, "cmdq": 0, "read": {"device_start": -1, "device_end": -1}}, "FFC_sans_bias55": {"write": {"device_start": 1585578126.4859, "host_queued_start": 1585578191.650294, "device_queued": 1585578126.4857302, "device_end": 1585578126.4859085, "host_queued_end": 1585578191.661492}, "device": "gpu", "nd_range": {"device_start": 1585578126.4859097, "device_end": 1585578126.4860208}, "cmdq": 0, "read": {"device_start": -1, "device_end": -1}}, "FFC_sans_bias54": {"write": {"device_start": 1585578126.485827, "host_queued_start": 1585578191.649793, "device_queued": 1585578126.4856803, "device_end": 1585578126.4858356, "host_queued_end": 1585578191.661492}, "device": "gpu", "nd_range": {"device_start": 1585578126.4858367, "device_end": 1585578126.485987}, "cmdq": 1, "read": {"device_start": -1, "device_end": -1}}, "FFC_sans_bias56": {"write": {"device_start": 1585578126.4857662, "host_queued_start": 1585578191.649303, "device_queued": 1585578126.4855535, "device_end": 1585578126.4857814, "host_queued_end": 1585578191.661492}, "device": "gpu", "nd_range": {"device_start": 1585578126.4857826, "device_end": 1585578126.4858978}, "cmdq": 0, "read": {"device_start": -1, "device_end": -1}}, "FFC_sans_bias51": {"write": {"device_start": -1, "host_queued_start": 1585578191.657789, "device_queued": -1, "device_end": -1, "host_queued_end": 1585578191.661492}, "device": "gpu", "nd_range": {"device_start": 1585578126.4870565, "device_end": 1585578126.487186}, "cmdq": 1, "read": {"device_start": -1, "device_end": -1}}, "softmax23": {"write": {"device_start": -1, "host_queued_start": 1585578191.655557, "device_queued": -1, "device_end": -1, "host_queued_end": 1585578191.661492}, "device": "gpu", "nd_range": {"device_start": 1585578126.48663, "device_end": 1585578126.4867048}, "cmdq": 0, "read": {"device_start": -1, "device_end": -1}}, "FFC_sans_bias37": {"write": {"device_start": 1585578126.4854195, "host_queued_start": 1585578191.64684, "device_queued": 1585578126.4853327, "device_end": 1585578126.4854312, "host_queued_end": 1585578191.661492}, "device": "gpu", "nd_range": {"device_start": 1585578126.4854324, "device_end": 1585578126.4855404}, "cmdq": 1, "read": {"device_start": -1, "device_end": -1}}, "empty62": {"write": {"device_start": 1585578126.484875, "host_queued_start": 1585578191.642274, "device_queued": 1585578126.484851, "device_end": 1585578126.4848833, "host_queued_end": 1585578191.661492}, "device": "gpu", "nd_range": {"device_start": 1585578126.4848843, "device_end": 1585578126.484888}, "cmdq": 0, "read": {"device_start": -1, "device_end": -1}}, "FFC_sans_bias70": {"write": {"device_start": 1585578126.4877799, "host_queued_start": 1585578191.661389, "device_queued": 1585578126.4866574, "device_end": 1585578126.4877887, "host_queued_end": 1585578191.661492}, "device": "gpu", "nd_range": {"device_start": 1585578126.4877896, "device_end": 1585578126.487917}, "cmdq": 1, "read": {"device_start": 1585578126.487927, "device_end": 1585578126.4879336}}, "FFC_sans_bias58": {"write": {"device_start": -1, "host_queued_start": 1585578191.655039, "device_queued": -1, "device_end": -1, "host_queued_end": 1585578191.661492}, "device": "gpu", "nd_range": {"device_start": 1585578126.4864798, "device_end": 1585578126.4866276}, "cmdq": 0, "read": {"device_start": -1, "device_end": -1}}, "softmax41": {"write": {"device_start": -1, "host_queued_start": 1585578191.65599, "device_queued": -1, "device_end": -1, "host_queued_end": 1585578191.661492}, "device": "gpu", "nd_range": {"device_start": 1585578126.4867067, "device_end": 1585578126.4867835}, "cmdq": 0, "read": {"device_start": -1, "device_end": -1}}, "FFC_sans_bias11": {"write": {"device_start": -1, "host_queued_start": 1585578191.666206, "device_queued": -1, "device_end": -1, "host_queued_end": 1585578191.669609}, "device": "cpu", "nd_range": {"device_start": 2245965.8613379863, "device_end": 2245965.862644731}, "cmdq": 1, "read": {"device_start": -1, "device_end": -1}}, "FFC_sans_bias10": {"write": {"device_start": -1, "host_queued_start": 1585578191.665699, "device_queued": -1, "device_end": -1, "host_queued_end": 1585578191.669609}, "device": "cpu", "nd_range": {"device_start": 2245965.8607254443, "device_end": 2245965.862643759}, "cmdq": 0, "read": {"device_start": -1, "device_end": -1}}, "coalesced_transpose3": {"write": {"device_start": -1, "host_queued_start": 1585578191.666511, "device_queued": -1, "device_end": -1, "host_queued_end": 1585578191.669609}, "device": "cpu", "nd_range": {"device_start": 2245965.861703452, "device_end": 2245965.861757061}, "cmdq": 2, "read": {"device_start": -1, "device_end": -1}}, "FFC_sans_bias34": {"write": {"device_start": 1585578126.4873343, "host_queued_start": 1585578191.659406, "device_queued": 1585578126.486417, "device_end": 1585578126.4873428, "host_queued_end": 1585578191.661492}, "device": "gpu", "nd_range": {"device_start": 1585578126.487344, "device_end": 1585578126.4874582}, "cmdq": 1, "read": {"device_start": 1585578126.4874616, "device_end": 1585578126.4874775}}, "FFC_sans_bias15": {"write": {"device_start": -1, "host_queued_start": 1585578191.668609, "device_queued": -1, "device_end": -1, "host_queued_end": 1585578191.669609}, "device": "cpu", "nd_range": {"device_start": 2245965.864282762, "device_end": 2245965.865558072}, "cmdq": 0, "read": {"device_start": -1, "device_end": -1}}, "FFC_sans_bias31": {"write": {"device_start": -1, "host_queued_start": 1585578191.654137, "device_queued": -1, "device_end": -1, "host_queued_end": 1585578191.661492}, "device": "gpu", "nd_range": {"device_start": 1585578126.4862702, "device_end": 1585578126.4864287}, "cmdq": 1, "read": {"device_start": -1, "device_end": -1}}, "FFC_sans_bias16": {"write": {"device_start": -1, "host_queued_start": 1585578191.669564, "device_queued": -1, "device_end": -1, "host_queued_end": 1585578191.669609}, "device": "cpu", "nd_range": {"device_start": 2245965.8656877642, "device_end": 2245965.866515341}, "cmdq": 2, "read": {"device_start": -1, "device_end": -1}}, "FFC_sans_bias19": {"write": {"device_start": 1585578126.4849865, "host_queued_start": 1585578191.643712, "device_queued": 1585578126.484961, "device_end": 1585578126.4849951, "host_queued_end": 1585578191.661492}, "device": "gpu", "nd_range": {"device_start": 1585578126.484996, "device_end": 1585578126.485122}, "cmdq": 1, "read": {"device_start": -1, "device_end": -1}}, "FFC_sans_bias18": {"write": {"device_start": 1585578126.4849439, "host_queued_start": 1585578191.643216, "device_queued": 1585578126.4849203, "device_end": 1585578126.4849524, "host_queued_end": 1585578191.661492}, "device": "gpu", "nd_range": {"device_start": 1585578126.4849534, "device_end": 1585578126.4850612}, "cmdq": 0, "read": {"device_start": -1, "device_end": -1}}, "coalesced_transpose30": {"write": {"device_start": -1, "host_queued_start": 1585578191.652428, "device_queued": -1, "device_end": -1, "host_queued_end": 1585578191.661492}, "device": "gpu", "nd_range": {"device_start": 1585578126.486236, "device_end": 1585578126.4862475}, "cmdq": 1, "read": {"device_start": -1, "device_end": -1}}, "FFC_sans_bias69": {"write": {"device_start": -1, "host_queued_start": 1585578191.658378, "device_queued": -1, "device_end": -1, "host_queued_end": 1585578191.661492}, "device": "gpu", "nd_range": {"device_start": 1585578126.4871886, "device_end": 1585578126.487332}, "cmdq": 1, "read": {"device_start": -1, "device_end": -1}}, "FFC_sans_bias38": {"write": {"device_start": 1585578126.4854937, "host_queued_start": 1585578191.647332, "device_queued": 1585578126.4853735, "device_end": 1585578126.4855072, "host_queued_end": 1585578191.661492}, "device": "gpu", "nd_range": {"device_start": 1585578126.4855082, "device_end": 1585578126.4856184}, "cmdq": 0, "read": {"device_start": -1, "device_end": -1}}, "coalesced_transpose57": {"write": {"device_start": -1, "host_queued_start": 1585578191.653264, "device_queued": -1, "device_end": -1, "host_queued_end": 1585578191.661492}, "device": "gpu", "nd_range": {"device_start": 1585578126.4862156, "device_end": 1585578126.4862204}, "cmdq": 0, "read": {"device_start": -1, "device_end": -1}}, "empty26": {"write": {"device_start": 1585578126.4846983, "host_queued_start": 1585578191.640512, "device_queued": 1585578126.4846468, "device_end": 1585578126.4847069, "host_queued_end": 1585578191.661492}, "device": "gpu", "nd_range": {"device_start": 1585578126.484723, "device_end": 1585578126.4847367}, "cmdq": 0, "read": {"device_start": -1, "device_end": -1}}, "coalesced_transpose12": {"write": {"device_start": -1, "host_queued_start": 1585578191.666847, "device_queued": -1, "device_end": -1, "host_queued_end": 1585578191.669609}, "device": "cpu", "nd_range": {"device_start": 2245965.862648571, "device_end": 2245965.8627021043}, "cmdq": 0, "read": {"device_start": -1, "device_end": -1}}, "empty44": {"write": {"device_start": 1585578126.4848032, "host_queued_start": 1585578191.641519, "device_queued": 1585578126.484779, "device_end": 1585578126.4848118, "host_queued_end": 1585578191.661492}, "device": "gpu", "nd_range": {"device_start": 1585578126.484813, "device_end": 1585578126.4848168}, "cmdq": 0, "read": {"device_start": -1, "device_end": -1}}, "coalesced_transpose21": {"write": {"device_start": -1, "host_queued_start": 1585578191.652153, "device_queued": -1, "device_end": -1, "host_queued_end": 1585578191.661492}, "device": "gpu", "nd_range": {"device_start": 1585578126.4861948, "device_end": 1585578126.4862072}, "cmdq": 0, "read": {"device_start": -1, "device_end": -1}}, "FFC_sans_bias36": {"write": {"device_start": 1585578126.4853446, "host_queued_start": 1585578191.646329, "device_queued": 1585578126.4852898, "device_end": 1585578126.4853537, "host_queued_end": 1585578191.661492}, "device": "gpu", "nd_range": {"device_start": 1585578126.4853551, "device_end": 1585578126.4854913}, "cmdq": 0, "read": {"device_start": -1, "device_end": -1}}, "softmax14": {"write": {"device_start": -1, "host_queued_start": 1585578191.667975, "device_queued": -1, "device_end": -1, "host_queued_end": 1585578191.669609}, "device": "cpu", "nd_range": {"device_start": 2245965.8641686123, "device_end": 2245965.864246486}, "cmdq": 1, "read": {"device_start": -1, "device_end": -1}}, "FFC_sans_bias13": {"write": {"device_start": -1, "host_queued_start": 1585578191.66748, "device_queued": -1, "device_end": -1, "host_queued_end": 1585578191.669609}, "device": "cpu", "nd_range": {"device_start": 2245965.862707564, "device_end": 2245965.8637888543}, "cmdq": 2, "read": {"device_start": -1, "device_end": -1}}, "empty8": {"write": {"device_start": -1, "host_queued_start": 1585578191.66225, "device_queued": -1, "device_end": -1, "host_queued_end": 1585578191.669609}, "device": "cpu", "nd_range": {"device_start": 2245965.859182098, "device_end": 2245965.85919125}, "cmdq": 0, "read": {"device_start": -1, "device_end": -1}}, "FFC_sans_bias42": {"write": {"device_start": -1, "host_queued_start": 1585578191.657502, "device_queued": -1, "device_end": -1, "host_queued_end": 1585578191.661492}, "device": "gpu", "nd_range": {"device_start": 1585578126.4869711, "device_end": 1585578126.4871392}, "cmdq": 0, "read": {"device_start": -1, "device_end": -1}}, "FFC_sans_bias43": {"write": {"device_start": 1585578126.4875152, "host_queued_start": 1585578191.659906, "device_queued": 1585578126.4864922, "device_end": 1585578126.4875257, "host_queued_end": 1585578191.661492}, "device": "gpu", "nd_range": {"device_start": 1585578126.4875276, "device_end": 1585578126.4876366}, "cmdq": 0, "read": {"device_start": 1585578126.487646, "device_end": 1585578126.4876556}}, "FFC_sans_bias40": {"write": {"device_start": -1, "host_queued_start": 1585578191.654445, "device_queued": -1, "device_end": -1, "host_queued_end": 1585578191.661492}, "device": "gpu", "nd_range": {"device_start": 1585578126.4863358, "device_end": 1585578126.4864774}, "cmdq": 0, "read": {"device_start": -1, "device_end": -1}}, "softmax32": {"write": {"device_start": -1, "host_queued_start": 1585578191.655769, "device_queued": -1, "device_end": -1, "host_queued_end": 1585578191.661492}, "device": "gpu", "nd_range": {"device_start": 1585578126.4866884, "device_end": 1585578126.486759}, "cmdq": 1, "read": {"device_start": -1, "device_end": -1}}, "FFC_sans_bias47": {"write": {"device_start": 1585578126.4857001, "host_queued_start": 1585578191.64881, "device_queued": 1585578126.4854915, "device_end": 1585578126.4857092, "host_queued_end": 1585578191.661492}, "device": "gpu", "nd_range": {"device_start": 1585578126.4857101, "device_end": 1585578126.4858253}, "cmdq": 1, "read": {"device_start": -1, "device_end": -1}}, "FFC_sans_bias45": {"write": {"device_start": 1585578126.485548, "host_queued_start": 1585578191.647822, "device_queued": 1585578126.4854083, "device_end": 1585578126.485557, "host_queued_end": 1585578191.661492}, "device": "gpu", "nd_range": {"device_start": 1585578126.4855583, "device_end": 1585578126.4856951}, "cmdq": 1, "read": {"device_start": -1, "device_end": -1}}, "softmax50": {"write": {"device_start": -1, "host_queued_start": 1585578191.65621, "device_queued": -1, "device_end": -1, "host_queued_end": 1585578191.661492}, "device": "gpu", "nd_range": {"device_start": 1585578126.486761, "device_end": 1585578126.4868338}, "cmdq": 1, "read": {"device_start": -1, "device_end": -1}}, "FFC_sans_bias33": {"write": {"device_start": -1, "host_queued_start": 1585578191.657212, "device_queued": -1, "device_end": -1, "host_queued_end": 1585578191.661492}, "device": "gpu", "nd_range": {"device_start": 1585578126.4869447, "device_end": 1585578126.487054}, "cmdq": 1, "read": {"device_start": -1, "device_end": -1}}, "FFC_sans_bias63": {"write": {"device_start": 1585578126.4861124, "host_queued_start": 1585578191.651851, "device_queued": 1585578126.4858422, "device_end": 1585578126.4861212, "host_queued_end": 1585578191.661492}, "device": "gpu", "nd_range": {"device_start": 1585578126.4861221, "device_end": 1585578126.4862347}, "cmdq": 1, "read": {"device_start": -1, "device_end": -1}}, "FFC_sans_bias49": {"write": {"device_start": -1, "host_queued_start": 1585578191.654764, "device_queued": -1, "device_end": -1, "host_queued_end": 1585578191.661492}, "device": "gpu", "nd_range": {"device_start": 1585578126.4864297, "device_end": 1585578126.4865375}, "cmdq": 1, "read": {"device_start": -1, "device_end": -1}}, "FFC_sans_bias64": {"write": {"device_start": 1585578126.4859889, "host_queued_start": 1585578191.650826, "device_queued": 1585578126.4857666, "device_end": 1585578126.4859974, "host_queued_end": 1585578191.661492}, "device": "gpu", "nd_range": {"device_start": 1585578126.4859984, "device_end": 1585578126.4861057}, "cmdq": 1, "read": {"device_start": -1, "device_end": -1}}, "FFC_sans_bias65": {"write": {"device_start": 1585578126.4860218, "host_queued_start": 1585578191.651327, "device_queued": 1585578126.4858074, "device_end": 1585578126.4860303, "host_queued_end": 1585578191.661492}, "device": "gpu", "nd_range": {"device_start": 1585578126.4860315, "device_end": 1585578126.4861934}, "cmdq": 0, "read": {"device_start": -1, "device_end": -1}}, "FFC_sans_bias67": {"write": {"device_start": -1, "host_queued_start": 1585578191.65533, "device_queued": -1, "device_end": -1, "host_queued_end": 1585578191.661492}, "device": "gpu", "nd_range": {"device_start": 1585578126.4865396, "device_end": 1585578126.486686}, "cmdq": 1, "read": {"device_start": -1, "device_end": -1}}, "FFC_sans_bias24": {"write": {"device_start": -1, "host_queued_start": 1585578191.65693, "device_queued": -1, "device_end": -1, "host_queued_end": 1585578191.661492}, "device": "gpu", "nd_range": {"device_start": 1585578126.4868627, "device_end": 1585578126.486969}, "cmdq": 0, "read": {"device_start": -1, "device_end": -1}}, "FFC_sans_bias25": {"write": {"device_start": 1585578126.4872537, "host_queued_start": 1585578191.658875, "device_queued": 1585578126.486381, "device_end": 1585578126.4872622, "host_queued_end": 1585578191.661492}, "device": "gpu", "nd_range": {"device_start": 1585578126.4872634, "device_end": 1585578126.4873745}, "cmdq": 0, "read": {"device_start": 1585578126.4873776, "device_end": 1585578126.4873867}}, "FFC_sans_bias27": {"write": {"device_start": 1585578126.4851239, "host_queued_start": 1585578191.644699, "device_queued": 1585578126.4850416, "device_end": 1585578126.4851327, "host_queued_end": 1585578191.661492}, "device": "gpu", "nd_range": {"device_start": 1585578126.4851336, "device_end": 1585578126.4852884}, "cmdq": 1, "read": {"device_start": -1, "device_end": -1}}, "FFC_sans_bias20": {"write": {"device_start": 1585578126.4850678, "host_queued_start": 1585578191.644209, "device_queued": 1585578126.485004, "device_end": 1585578126.485077, "host_queued_end": 1585578191.661492}, "device": "gpu", "nd_range": {"device_start": 1585578126.4850779, "device_end": 1585578126.4851894}, "cmdq": 0, "read": {"device_start": -1, "device_end": -1}}, "FFC_sans_bias22": {"write": {"device_start": -1, "host_queued_start": 1585578191.653846, "device_queued": -1, "device_end": -1, "host_queued_end": 1585578191.661492}, "device": "gpu", "nd_range": {"device_start": 1585578126.4862216, "device_end": 1585578126.4863346}, "cmdq": 0, "read": {"device_start": -1, "device_end": -1}}, "softmax68": {"write": {"device_start": -1, "host_queued_start": 1585578191.656642, "device_queued": -1, "device_end": -1, "host_queued_end": 1585578191.661492}, "device": "gpu", "nd_range": {"device_start": 1585578126.486836, "device_end": 1585578126.4869425}, "cmdq": 1, "read": {"device_start": -1, "device_end": -1}}, "softmax5": {"write": {"device_start": -1, "host_queued_start": 1585578191.667737, "device_queued": -1, "device_end": -1, "host_queued_end": 1585578191.669609}, "device": "cpu", "nd_range": {"device_start": 2245965.8641654523, "device_end": 2245965.864258233}, "cmdq": 0, "read": {"device_start": -1, "device_end": -1}}, "FFC_sans_bias28": {"write": {"device_start": 1585578126.4851918, "host_queued_start": 1585578191.64533, "device_queued": 1585578126.4850936, "device_end": 1585578126.4852002, "host_queued_end": 1585578191.661492}, "device": "gpu", "nd_range": {"device_start": 1585578126.4852016, "device_end": 1585578126.4853404}, "cmdq": 0, "read": {"device_start": -1, "device_end": -1}}, "FFC_sans_bias29": {"write": {"device_start": 1585578126.48529, "host_queued_start": 1585578191.645837, "device_queued": 1585578126.485249, "device_end": 1585578126.485302, "host_queued_end": 1585578191.661492}, "device": "gpu", "nd_range": {"device_start": 1585578126.4853036, "device_end": 1585578126.4854152}, "cmdq": 1, "read": {"device_start": -1, "device_end": -1}}, "empty17": {"write": {"device_start": -1, "host_queued_start": 1585578191.662784, "device_queued": -1, "device_end": -1, "host_queued_end": 1585578191.669609}, "device": "cpu", "nd_range": {"device_start": 2245965.859182162, "device_end": 2245965.8591916203}, "cmdq": 1, "read": {"device_start": -1, "device_end": -1}}, "softmax59": {"write": {"device_start": -1, "host_queued_start": 1585578191.65642, "device_queued": -1, "device_end": -1, "host_queued_end": 1585578191.661492}, "device": "gpu", "nd_range": {"device_start": 1585578126.4867854, "device_end": 1585578126.4868608}, "cmdq": 0, "read": {"device_start": -1, "device_end": -1}}, "empty71": {"write": {"device_start": 1585578126.4849088, "host_queued_start": 1585578191.642694, "device_queued": 1585578126.484886, "device_end": 1585578126.4849174, "host_queued_end": 1585578191.661492}, "device": "gpu", "nd_range": {"device_start": 1585578126.4849186, "device_end": 1585578126.4849222}, "cmdq": 1, "read": {"device_start": -1, "device_end": -1}}, "empty35": {"write": {"device_start": 1585578126.4847653, "host_queued_start": 1585578191.641111, "device_queued": 1585578126.4847412, "device_end": 1585578126.4847739, "host_queued_end": 1585578191.661492}, "device": "gpu", "nd_range": {"device_start": 1585578126.484775, "device_end": 1585578126.4847786}, "cmdq": 1, "read": {"device_start": -1, "device_end": -1}}, "empty53": {"write": {"device_start": 1585578126.484837, "host_queued_start": 1585578191.641888, "device_queued": 1585578126.484815, "device_end": 1585578126.4848456, "host_queued_end": 1585578191.661492}, "device": "gpu", "nd_range": {"device_start": 1585578126.4848466, "device_end": 1585578126.4848502}, "cmdq": 1, "read": {"device_start": -1, "device_end": -1}}, "FFC_sans_bias46": {"write": {"device_start": 1585578126.4856203, "host_queued_start": 1585578191.648314, "device_queued": 1585578126.485452, "device_end": 1585578126.485629, "host_queued_end": 1585578191.661492}, "device": "gpu", "nd_range": {"device_start": 1585578126.48563, "device_end": 1585578126.4857643}, "cmdq": 0, "read": {"device_start": -1, "device_end": -1}}, "coalesced_transpose66": {"write": {"device_start": -1, "host_queued_start": 1585578191.653541, "device_queued": -1, "device_end": -1, "host_queued_end": 1585578191.661492}, "device": "gpu", "nd_range": {"device_start": 1585578126.4862592, "device_end": 1585578126.4862688}, "cmdq": 1, "read": {"device_start": -1, "device_end": -1}}, "coalesced_transpose48": {"write": {"device_start": -1, "host_queued_start": 1585578191.653003, "device_queued": -1, "device_end": -1, "host_queued_end": 1585578191.661492}, "device": "gpu", "nd_range": {"device_start": 1585578126.486249, "device_end": 1585578126.486258}, "cmdq": 1, "read": {"device_start": -1, "device_end": -1}}}