{"FFC_sans_bias60": {"write": {"device_start": -1, "host_queued_start": 1585578489.001208, "device_queued": -1, "device_end": -1, "host_queued_end": 1585578489.00444}, "device": "gpu", "nd_range": {"device_start": 1585578423.8204944, "device_end": 1585578423.8206985}, "cmdq": 2, "read": {"device_start": -1, "device_end": -1}}, "FFC_sans_bias4": {"write": {"device_start": -1, "host_queued_start": 1585578489.017898, "device_queued": -1, "device_end": -1, "host_queued_end": 1585578489.024825}, "device": "cpu", "nd_range": {"device_start": 2246263.225938116, "device_end": 2246263.227896794}, "cmdq": 0, "read": {"device_start": -1, "device_end": -1}}, "FFC_sans_bias7": {"write": {"device_start": -1, "host_queued_start": 1585578489.02284, "device_queued": -1, "device_end": -1, "host_queued_end": 1585578489.024825}, "device": "cpu", "nd_range": {"device_start": 2246263.229516344, "device_end": 2246263.230718892}, "cmdq": 0, "read": {"device_start": -1, "device_end": -1}}, "FFC_sans_bias6": {"write": {"device_start": -1, "host_queued_start": 1585578489.020904, "device_queued": -1, "device_end": -1, "host_queued_end": 1585578489.024825}, "device": "cpu", "nd_range": {"device_start": 2246263.228083102, "device_end": 2246263.229510642}, "cmdq": 0, "read": {"device_start": -1, "device_end": -1}}, "FFC_sans_bias1": {"write": {"device_start": -1, "host_queued_start": 1585578489.008788, "device_queued": -1, "device_end": -1, "host_queued_end": 1585578489.024825}, "device": "cpu", "nd_range": {"device_start": 2246263.214454066, "device_end": 2246263.216457588}, "cmdq": 1, "read": {"device_start": -1, "device_end": -1}}, "FFC_sans_bias0": {"write": {"device_start": -1, "host_queued_start": 1585578489.008239, "device_queued": -1, "device_end": -1, "host_queued_end": 1585578489.024825}, "device": "cpu", "nd_range": {"device_start": 2246263.214455074, "device_end": 2246263.2164235953}, "cmdq": 0, "read": {"device_start": -1, "device_end": -1}}, "FFC_sans_bias2": {"write": {"device_start": -1, "host_queued_start": 1585578489.009334, "device_queued": -1, "device_end": -1, "host_queued_end": 1585578489.024825}, "device": "cpu", "nd_range": {"device_start": 2246263.21491082, "device_end": 2246263.216852584}, "cmdq": 2, "read": {"device_start": -1, "device_end": -1}}, "FFC_sans_bias61": {"write": {"device_start": 1585578423.8205144, "host_queued_start": 1585578489.003176, "device_queued": 1585578423.8202732, "device_end": 1585578423.820523, "host_queued_end": 1585578489.00444}, "device": "gpu", "nd_range": {"device_start": 1585578423.8207157, "device_end": 1585578423.8209047}, "cmdq": 1, "read": {"device_start": 1585578423.8209078, "device_end": 1585578423.8209205}}, "FFC_sans_bias52": {"write": {"device_start": 1585578423.820502, "host_queued_start": 1585578489.002174, "device_queued": 1585578423.82023, "device_end": 1585578423.8205109, "host_queued_end": 1585578489.00444}, "device": "gpu", "nd_range": {"device_start": 1585578423.8205328, "device_end": 1585578423.820808}, "cmdq": 0, "read": {"device_start": 1585578423.820812, "device_end": 1585578423.8208194}}, "FFC_sans_bias9": {"write": {"device_start": -1, "host_queued_start": 1585578489.009876, "device_queued": -1, "device_end": -1, "host_queued_end": 1585578489.024825}, "device": "cpu", "nd_range": {"device_start": 2246263.2144870553, "device_end": 2246263.21651093}, "cmdq": 3, "read": {"device_start": -1, "device_end": -1}}, "coalesced_transpose39": {"write": {"device_start": -1, "host_queued_start": 1585578489.017568, "device_queued": -1, "device_end": -1, "host_queued_end": 1585578489.024825}, "device": "cpu", "nd_range": {"device_start": 2246263.222364557, "device_end": 2246263.2224345203}, "cmdq": 4, "read": {"device_start": -1, "device_end": -1}}, "FFC_sans_bias55": {"write": {"device_start": 1585578423.8197207, "host_queued_start": 1585578488.996616, "device_queued": 1585578423.819655, "device_end": 1585578423.8197296, "host_queued_end": 1585578489.00444}, "device": "gpu", "nd_range": {"device_start": 1585578423.8197305, "device_end": 1585578423.819945}, "cmdq": 0, "read": {"device_start": -1, "device_end": -1}}, "FFC_sans_bias54": {"write": {"device_start": 1585578423.8196428, "host_queued_start": 1585578488.996131, "device_queued": 1585578423.8195832, "device_end": 1585578423.8196511, "host_queued_end": 1585578489.00444}, "device": "gpu", "nd_range": {"device_start": 1585578423.8196526, "device_end": 1585578423.819921}, "cmdq": 3, "read": {"device_start": -1, "device_end": -1}}, "FFC_sans_bias56": {"write": {"device_start": 1585578423.8195822, "host_queued_start": 1585578488.995647, "device_queued": 1585578423.8195505, "device_end": 1585578423.819594, "host_queued_end": 1585578489.00444}, "device": "gpu", "nd_range": {"device_start": 1585578423.8196378, "device_end": 1585578423.819839}, "cmdq": 2, "read": {"device_start": -1, "device_end": -1}}, "FFC_sans_bias51": {"write": {"device_start": -1, "host_queued_start": 1585578489.000924, "device_queued": -1, "device_end": -1, "host_queued_end": 1585578489.00444}, "device": "gpu", "nd_range": {"device_start": 1585578423.8203921, "device_end": 1585578423.8205135}, "cmdq": 1, "read": {"device_start": -1, "device_end": -1}}, "softmax23": {"write": {"device_start": -1, "host_queued_start": 1585578489.020055, "device_queued": -1, "device_end": -1, "host_queued_end": 1585578489.024825}, "device": "cpu", "nd_range": {"device_start": 2246263.22352046, "device_end": 2246263.223576038}, "cmdq": 2, "read": {"device_start": -1, "device_end": -1}}, "FFC_sans_bias37": {"write": {"device_start": -1, "host_queued_start": 1585578489.015333, "device_queued": -1, "device_end": -1, "host_queued_end": 1585578489.024825}, "device": "cpu", "nd_range": {"device_start": 2246263.218457377, "device_end": 2246263.220414386}, "cmdq": 3, "read": {"device_start": -1, "device_end": -1}}, "empty62": {"write": {"device_start": 1585578423.8193088, "host_queued_start": 1585578488.993127, "device_queued": 1585578423.8192532, "device_end": 1585578423.8193285, "host_queued_end": 1585578489.00444}, "device": "gpu", "nd_range": {"device_start": 1585578423.8195066, "device_end": 1585578423.81955}, "cmdq": 1, "read": {"device_start": -1, "device_end": -1}}, "FFC_sans_bias70": {"write": {"device_start": 1585578423.8206997, "host_queued_start": 1585578489.004186, "device_queued": 1585578423.8203087, "device_end": 1585578423.8207088, "host_queued_end": 1585578489.00444}, "device": "gpu", "nd_range": {"device_start": 1585578423.8208106, "device_end": 1585578423.8209486}, "cmdq": 2, "read": {"device_start": 1585578423.8209567, "device_end": 1585578423.8209634}}, "FFC_sans_bias58": {"write": {"device_start": -1, "host_queued_start": 1585578488.999667, "device_queued": -1, "device_end": -1, "host_queued_end": 1585578489.00444}, "device": "gpu", "nd_range": {"device_start": 1585578423.8201509, "device_end": 1585578423.820355}, "cmdq": 0, "read": {"device_start": -1, "device_end": -1}}, "softmax41": {"write": {"device_start": -1, "host_queued_start": 1585578489.02057, "device_queued": -1, "device_end": -1, "host_queued_end": 1585578489.024825}, "device": "cpu", "nd_range": {"device_start": 2246263.227565114, "device_end": 2246263.227616162}, "cmdq": 4, "read": {"device_start": -1, "device_end": -1}}, "FFC_sans_bias11": {"write": {"device_start": -1, "host_queued_start": 1585578489.010973, "device_queued": -1, "device_end": -1, "host_queued_end": 1585578489.024825}, "device": "cpu", "nd_range": {"device_start": 2246263.220642624, "device_end": 2246263.2235415652}, "cmdq": 0, "read": {"device_start": -1, "device_end": -1}}, "FFC_sans_bias10": {"write": {"device_start": -1, "host_queued_start": 1585578489.010422, "device_queued": -1, "device_end": -1, "host_queued_end": 1585578489.024825}, "device": "cpu", "nd_range": {"device_start": 2246263.216437395, "device_end": 2246263.218357949}, "cmdq": 4, "read": {"device_start": -1, "device_end": -1}}, "coalesced_transpose3": {"write": {"device_start": -1, "host_queued_start": 1585578489.016206, "device_queued": -1, "device_end": -1, "host_queued_end": 1585578489.024825}, "device": "cpu", "nd_range": {"device_start": 2246263.225741702, "device_end": 2246263.225810205}, "cmdq": 0, "read": {"device_start": -1, "device_end": -1}}, "FFC_sans_bias34": {"write": {"device_start": -1, "host_queued_start": 1585578489.024295, "device_queued": -1, "device_end": -1, "host_queued_end": 1585578489.024825}, "device": "cpu", "nd_range": {"device_start": 2246263.230800693, "device_end": 2246263.231543647}, "cmdq": 3, "read": {"device_start": -1, "device_end": -1}}, "FFC_sans_bias15": {"write": {"device_start": -1, "host_queued_start": 1585578489.02124, "device_queued": -1, "device_end": -1, "host_queued_end": 1585578489.024825}, "device": "cpu", "nd_range": {"device_start": 2246263.223793126, "device_end": 2246263.225751176}, "cmdq": 1, "read": {"device_start": -1, "device_end": -1}}, "FFC_sans_bias31": {"write": {"device_start": -1, "host_queued_start": 1585578489.018887, "device_queued": -1, "device_end": -1, "host_queued_end": 1585578489.024825}, "device": "cpu", "nd_range": {"device_start": 2246263.2277057073, "device_end": 2246263.229520246}, "cmdq": 3, "read": {"device_start": -1, "device_end": -1}}, "FFC_sans_bias16": {"write": {"device_start": -1, "host_queued_start": 1585578489.023327, "device_queued": -1, "device_end": -1, "host_queued_end": 1585578489.024825}, "device": "cpu", "nd_range": {"device_start": 2246263.225756771, "device_end": 2246263.2277168874}, "cmdq": 1, "read": {"device_start": -1, "device_end": -1}}, "FFC_sans_bias19": {"write": {"device_start": -1, "host_queued_start": 1585578489.012069, "device_queued": -1, "device_end": -1, "host_queued_end": 1585578489.024825}, "device": "cpu", "nd_range": {"device_start": 2246263.216958466, "device_end": 2246263.218875937}, "cmdq": 2, "read": {"device_start": -1, "device_end": -1}}, "FFC_sans_bias18": {"write": {"device_start": -1, "host_queued_start": 1585578489.011529, "device_queued": -1, "device_end": -1, "host_queued_end": 1585578489.024825}, "device": "cpu", "nd_range": {"device_start": 2246263.216464866, "device_end": 2246263.218393842}, "cmdq": 1, "read": {"device_start": -1, "device_end": -1}}, "coalesced_transpose30": {"write": {"device_start": -1, "host_queued_start": 1585578489.01727, "device_queued": -1, "device_end": -1, "host_queued_end": 1585578489.024825}, "device": "cpu", "nd_range": {"device_start": 2246263.227442361, "device_end": 2246263.227494794}, "cmdq": 3, "read": {"device_start": -1, "device_end": -1}}, "FFC_sans_bias69": {"write": {"device_start": -1, "host_queued_start": 1585578489.001517, "device_queued": -1, "device_end": -1, "host_queued_end": 1585578489.00444}, "device": "gpu", "nd_range": {"device_start": 1585578423.820529, "device_end": 1585578423.8208065}, "cmdq": 3, "read": {"device_start": -1, "device_end": -1}}, "FFC_sans_bias38": {"write": {"device_start": -1, "host_queued_start": 1585578489.015887, "device_queued": -1, "device_end": -1, "host_queued_end": 1585578489.024825}, "device": "cpu", "nd_range": {"device_start": 2246263.220429438, "device_end": 2246263.2223589993}, "cmdq": 4, "read": {"device_start": -1, "device_end": -1}}, "coalesced_transpose57": {"write": {"device_start": -1, "host_queued_start": 1585578488.998831, "device_queued": -1, "device_end": -1, "host_queued_end": 1585578489.00444}, "device": "gpu", "nd_range": {"device_start": 1585578423.8200257, "device_end": 1585578423.8200872}, "cmdq": 1, "read": {"device_start": -1, "device_end": -1}}, "empty26": {"write": {"device_start": -1, "host_queued_start": 1585578489.006794, "device_queued": -1, "device_end": -1, "host_queued_end": 1585578489.024825}, "device": "cpu", "nd_range": {"device_start": 2246263.21464486, "device_end": 2246263.214648386}, "cmdq": 2, "read": {"device_start": -1, "device_end": -1}}, "coalesced_transpose12": {"write": {"device_start": -1, "host_queued_start": 1585578489.016514, "device_queued": -1, "device_end": -1, "host_queued_end": 1585578489.024825}, "device": "cpu", "nd_range": {"device_start": 2246263.22126414, "device_end": 2246263.221561539}, "cmdq": 1, "read": {"device_start": -1, "device_end": -1}}, "empty44": {"write": {"device_start": -1, "host_queued_start": 1585578489.007645, "device_queued": -1, "device_end": -1, "host_queued_end": 1585578489.024825}, "device": "cpu", "nd_range": {"device_start": 2246263.2164311283, "device_end": 2246263.216432157}, "cmdq": 4, "read": {"device_start": -1, "device_end": -1}}, "coalesced_transpose21": {"write": {"device_start": -1, "host_queued_start": 1585578489.016953, "device_queued": -1, "device_end": -1, "host_queued_end": 1585578489.024825}, "device": "cpu", "nd_range": {"device_start": 2246263.2212929484, "device_end": 2246263.221383482}, "cmdq": 2, "read": {"device_start": -1, "device_end": -1}}, "FFC_sans_bias36": {"write": {"device_start": -1, "host_queued_start": 1585578489.014802, "device_queued": -1, "device_end": -1, "host_queued_end": 1585578489.024825}, "device": "cpu", "nd_range": {"device_start": 2246263.218891053, "device_end": 2246263.2212488214}, "cmdq": 2, "read": {"device_start": -1, "device_end": -1}}, "softmax14": {"write": {"device_start": -1, "host_queued_start": 1585578489.019757, "device_queued": -1, "device_end": -1, "host_queued_end": 1585578489.024825}, "device": "cpu", "nd_range": {"device_start": 2246263.223634546, "device_end": 2246263.223785763}, "cmdq": 1, "read": {"device_start": -1, "device_end": -1}}, "FFC_sans_bias13": {"write": {"device_start": -1, "host_queued_start": 1585578489.018231, "device_queued": -1, "device_end": -1, "host_queued_end": 1585578489.024825}, "device": "cpu", "nd_range": {"device_start": 2246263.2217049003, "device_end": 2246263.223623138}, "cmdq": 1, "read": {"device_start": -1, "device_end": -1}}, "empty8": {"write": {"device_start": -1, "host_queued_start": 1585578489.005741, "device_queued": -1, "device_end": -1, "host_queued_end": 1585578489.024825}, "device": "cpu", "nd_range": {"device_start": 2246263.214428578, "device_end": 2246263.2144367243}, "cmdq": 0, "read": {"device_start": -1, "device_end": -1}}, "FFC_sans_bias42": {"write": {"device_start": -1, "host_queued_start": 1585578489.02226, "device_queued": -1, "device_end": -1, "host_queued_end": 1585578489.024825}, "device": "cpu", "nd_range": {"device_start": 2246263.227619226, "device_end": 2246263.228736381}, "cmdq": 4, "read": {"device_start": -1, "device_end": -1}}, "FFC_sans_bias43": {"write": {"device_start": -1, "host_queued_start": 1585578489.024778, "device_queued": -1, "device_end": -1, "host_queued_end": 1585578489.024825}, "device": "cpu", "nd_range": {"device_start": 2246263.228743064, "device_end": 2246263.230073385}, "cmdq": 4, "read": {"device_start": -1, "device_end": -1}}, "FFC_sans_bias40": {"write": {"device_start": -1, "host_queued_start": 1585578489.019217, "device_queued": -1, "device_end": -1, "host_queued_end": 1585578489.024825}, "device": "cpu", "nd_range": {"device_start": 2246263.2224400314, "device_end": 2246263.227559597}, "cmdq": 4, "read": {"device_start": -1, "device_end": -1}}, "softmax32": {"write": {"device_start": -1, "host_queued_start": 1585578489.020306, "device_queued": -1, "device_end": -1, "host_queued_end": 1585578489.024825}, "device": "cpu", "nd_range": {"device_start": 2246263.2295281193, "device_end": 2246263.229590285}, "cmdq": 3, "read": {"device_start": -1, "device_end": -1}}, "FFC_sans_bias47": {"write": {"device_start": 1585578423.819553, "host_queued_start": 1585578488.995156, "device_queued": 1585578423.819515, "device_end": 1585578423.819564, "host_queued_end": 1585578489.00444}, "device": "gpu", "nd_range": {"device_start": 1585578423.819623, "device_end": 1585578423.8197484}, "cmdq": 1, "read": {"device_start": -1, "device_end": -1}}, "FFC_sans_bias45": {"write": {"device_start": 1585578423.8195148, "host_queued_start": 1585578488.994085, "device_queued": 1585578423.8193707, "device_end": 1585578423.8195255, "host_queued_end": 1585578489.00444}, "device": "gpu", "nd_range": {"device_start": 1585578423.819527, "device_end": 1585578423.8196414}, "cmdq": 3, "read": {"device_start": -1, "device_end": -1}}, "softmax50": {"write": {"device_start": -1, "host_queued_start": 1585578489.000188, "device_queued": -1, "device_end": -1, "host_queued_end": 1585578489.00444}, "device": "gpu", "nd_range": {"device_start": 1585578423.8202624, "device_end": 1585578423.8203735}, "cmdq": 2, "read": {"device_start": -1, "device_end": -1}}, "FFC_sans_bias33": {"write": {"device_start": -1, "host_queued_start": 1585578489.021926, "device_queued": -1, "device_end": -1, "host_queued_end": 1585578489.024825}, "device": "cpu", "nd_range": {"device_start": 2246263.229593149, "device_end": 2246263.2307939203}, "cmdq": 3, "read": {"device_start": -1, "device_end": -1}}, "FFC_sans_bias63": {"write": {"device_start": 1585578423.8199234, "host_queued_start": 1585578488.998243, "device_queued": 1585578423.8198795, "device_end": 1585578423.819932, "host_queued_end": 1585578489.00444}, "device": "gpu", "nd_range": {"device_start": 1585578423.8199427, "device_end": 1585578423.8201458}, "cmdq": 3, "read": {"device_start": -1, "device_end": -1}}, "FFC_sans_bias49": {"write": {"device_start": -1, "host_queued_start": 1585578488.999393, "device_queued": -1, "device_end": -1, "host_queued_end": 1585578489.00444}, "device": "gpu", "nd_range": {"device_start": 1585578423.8201482, "device_end": 1585578423.8202589}, "cmdq": 3, "read": {"device_start": -1, "device_end": -1}}, "FFC_sans_bias64": {"write": {"device_start": 1585578423.819751, "host_queued_start": 1585578488.997253, "device_queued": 1585578423.8196988, "device_end": 1585578423.8197594, "host_queued_end": 1585578489.00444}, "device": "gpu", "nd_range": {"device_start": 1585578423.8199124, "device_end": 1585578423.8200247}, "cmdq": 1, "read": {"device_start": -1, "device_end": -1}}, "FFC_sans_bias65": {"write": {"device_start": 1585578423.8198743, "host_queued_start": 1585578488.997751, "device_queued": 1585578423.81985, "device_end": 1585578423.8198829, "host_queued_end": 1585578489.00444}, "device": "gpu", "nd_range": {"device_start": 1585578423.8199358, "device_end": 1585578423.820123}, "cmdq": 2, "read": {"device_start": -1, "device_end": -1}}, "FFC_sans_bias67": {"write": {"device_start": -1, "host_queued_start": 1585578488.999961, "device_queued": -1, "device_end": -1, "host_queued_end": 1585578489.00444}, "device": "gpu", "nd_range": {"device_start": 1585578423.8201537, "device_end": 1585578423.8203666}, "cmdq": 1, "read": {"device_start": -1, "device_end": -1}}, "FFC_sans_bias24": {"write": {"device_start": -1, "host_queued_start": 1585578489.021577, "device_queued": -1, "device_end": -1, "host_queued_end": 1585578489.024825}, "device": "cpu", "nd_range": {"device_start": 2246263.223578793, "device_end": 2246263.22550455}, "cmdq": 2, "read": {"device_start": -1, "device_end": -1}}, "FFC_sans_bias25": {"write": {"device_start": -1, "host_queued_start": 1585578489.023809, "device_queued": -1, "device_end": -1, "host_queued_end": 1585578489.024825}, "device": "cpu", "nd_range": {"device_start": 2246263.225509472, "device_end": 2246263.227439049}, "cmdq": 2, "read": {"device_start": -1, "device_end": -1}}, "FFC_sans_bias27": {"write": {"device_start": -1, "host_queued_start": 1585578489.01315, "device_queued": -1, "device_end": -1, "host_queued_end": 1585578489.024825}, "device": "cpu", "nd_range": {"device_start": 2246263.218465609, "device_end": 2246263.220418098}, "cmdq": 4, "read": {"device_start": -1, "device_end": -1}}, "FFC_sans_bias20": {"write": {"device_start": -1, "host_queued_start": 1585578489.01261, "device_queued": -1, "device_end": -1, "host_queued_end": 1585578489.024825}, "device": "cpu", "nd_range": {"device_start": 2246263.216518475, "device_end": 2246263.218434867}, "cmdq": 3, "read": {"device_start": -1, "device_end": -1}}, "FFC_sans_bias22": {"write": {"device_start": -1, "host_queued_start": 1585578489.018548, "device_queued": -1, "device_end": -1, "host_queued_end": 1585578489.024825}, "device": "cpu", "nd_range": {"device_start": 2246263.221394338, "device_end": 2246263.223512111}, "cmdq": 2, "read": {"device_start": -1, "device_end": -1}}, "softmax68": {"write": {"device_start": -1, "host_queued_start": 1585578489.000618, "device_queued": -1, "device_end": -1, "host_queued_end": 1585578489.00444}, "device": "gpu", "nd_range": {"device_start": 1585578423.820386, "device_end": 1585578423.8205}, "cmdq": 0, "read": {"device_start": -1, "device_end": -1}}, "softmax5": {"write": {"device_start": -1, "host_queued_start": 1585578489.019481, "device_queued": -1, "device_end": -1, "host_queued_end": 1585578489.024825}, "device": "cpu", "nd_range": {"device_start": 2246263.228013664, "device_end": 2246263.228079432}, "cmdq": 0, "read": {"device_start": -1, "device_end": -1}}, "FFC_sans_bias28": {"write": {"device_start": -1, "host_queued_start": 1585578489.013696, "device_queued": -1, "device_end": -1, "host_queued_end": 1585578489.024825}, "device": "cpu", "nd_range": {"device_start": 2246263.223660738, "device_end": 2246263.225600881}, "cmdq": 0, "read": {"device_start": -1, "device_end": -1}}, "FFC_sans_bias29": {"write": {"device_start": -1, "host_queued_start": 1585578489.014238, "device_queued": -1, "device_end": -1, "host_queued_end": 1585578489.024825}, "device": "cpu", "nd_range": {"device_start": 2246263.2189455703, "device_end": 2246263.221250201}, "cmdq": 1, "read": {"device_start": -1, "device_end": -1}}, "empty17": {"write": {"device_start": -1, "host_queued_start": 1585578489.006314, "device_queued": -1, "device_end": -1, "host_queued_end": 1585578489.024825}, "device": "cpu", "nd_range": {"device_start": 2246263.2144285063, "device_end": 2246263.21443655}, "cmdq": 1, "read": {"device_start": -1, "device_end": -1}}, "softmax59": {"write": {"device_start": -1, "host_queued_start": 1585578489.000396, "device_queued": -1, "device_end": -1, "host_queued_end": 1585578489.00444}, "device": "gpu", "nd_range": {"device_start": 1585578423.820381, "device_end": 1585578423.82049}, "cmdq": 3, "read": {"device_start": -1, "device_end": -1}}, "empty71": {"write": {"device_start": 1585578423.819367, "host_queued_start": 1585578488.993536, "device_queued": 1585578423.819311, "device_end": 1585578423.8193834, "host_queued_end": 1585578489.00444}, "device": "gpu", "nd_range": {"device_start": 1585578423.8195095, "device_end": 1585578423.8195653}, "cmdq": 2, "read": {"device_start": -1, "device_end": -1}}, "empty35": {"write": {"device_start": -1, "host_queued_start": 1585578489.007219, "device_queued": -1, "device_end": -1, "host_queued_end": 1585578489.024825}, "device": "cpu", "nd_range": {"device_start": 2246263.214467167, "device_end": 2246263.2144717053}, "cmdq": 3, "read": {"device_start": -1, "device_end": -1}}, "empty53": {"write": {"device_start": 1585578423.8191967, "host_queued_start": 1585578488.992544, "device_queued": 1585578423.8190768, "device_end": 1585578423.8192182, "host_queued_end": 1585578489.00444}, "device": "gpu", "nd_range": {"device_start": 1585578423.8192196, "device_end": 1585578423.819239}, "cmdq": 0, "read": {"device_start": -1, "device_end": -1}}, "FFC_sans_bias46": {"write": {"device_start": 1585578423.8195355, "host_queued_start": 1585578488.994652, "device_queued": 1585578423.819464, "device_end": 1585578423.8195462, "host_queued_end": 1585578489.00444}, "device": "gpu", "nd_range": {"device_start": 1585578423.8195474, "device_end": 1585578423.8197186}, "cmdq": 0, "read": {"device_start": -1, "device_end": -1}}, "coalesced_transpose66": {"write": {"device_start": -1, "host_queued_start": 1585578488.9991, "device_queued": -1, "device_end": -1, "host_queued_end": 1585578489.00444}, "device": "gpu", "nd_range": {"device_start": 1585578423.8201241, "device_end": 1585578423.8201299}, "cmdq": 2, "read": {"device_start": -1, "device_end": -1}}, "coalesced_transpose48": {"write": {"device_start": -1, "host_queued_start": 1585578488.998541, "device_queued": -1, "device_end": -1, "host_queued_end": 1585578489.00444}, "device": "gpu", "nd_range": {"device_start": 1585578423.8199549, "device_end": 1585578423.820076}, "cmdq": 0, "read": {"device_start": -1, "device_end": -1}}}