{"FFC_sans_bias60": {"write": {"device_start": -1, "host_queued_start": 1585578124.54016, "device_queued": -1, "device_end": -1, "host_queued_end": 1585578124.542501}, "device": "gpu", "nd_range": {"device_start": 1585578059.3703241, "device_end": 1585578059.370434}, "cmdq": 0, "read": {"device_start": -1, "device_end": -1}}, "FFC_sans_bias4": {"write": {"device_start": -1, "host_queued_start": 1585578124.552424, "device_queued": -1, "device_end": -1, "host_queued_end": 1585578124.557659}, "device": "cpu", "nd_range": {"device_start": 2245898.753899602, "device_end": 2245898.755364776}, "cmdq": 0, "read": {"device_start": -1, "device_end": -1}}, "FFC_sans_bias7": {"write": {"device_start": -1, "host_queued_start": 1585578124.556196, "device_queued": -1, "device_end": -1, "host_queued_end": 1585578124.557659}, "device": "cpu", "nd_range": {"device_start": 2245898.75882706, "device_end": 2245898.759907926}, "cmdq": 2, "read": {"device_start": -1, "device_end": -1}}, "FFC_sans_bias6": {"write": {"device_start": -1, "host_queued_start": 1585578124.554705, "device_queued": -1, "device_end": -1, "host_queued_end": 1585578124.557659}, "device": "cpu", "nd_range": {"device_start": 2245898.756794367, "device_end": 2245898.758716992}, "cmdq": 3, "read": {"device_start": -1, "device_end": -1}}, "FFC_sans_bias1": {"write": {"device_start": -1, "host_queued_start": 1585578124.545664, "device_queued": -1, "device_end": -1, "host_queued_end": 1585578124.557659}, "device": "cpu", "nd_range": {"device_start": 2245898.747273729, "device_end": 2245898.749229072}, "cmdq": 0, "read": {"device_start": -1, "device_end": -1}}, "FFC_sans_bias0": {"write": {"device_start": -1, "host_queued_start": 1585578124.545133, "device_queued": -1, "device_end": -1, "host_queued_end": 1585578124.557659}, "device": "cpu", "nd_range": {"device_start": 2245898.747281826, "device_end": 2245898.749238368}, "cmdq": 4, "read": {"device_start": -1, "device_end": -1}}, "FFC_sans_bias2": {"write": {"device_start": -1, "host_queued_start": 1585578124.546203, "device_queued": -1, "device_end": -1, "host_queued_end": 1585578124.557659}, "device": "cpu", "nd_range": {"device_start": 2245898.747571243, "device_end": 2245898.749514798}, "cmdq": 1, "read": {"device_start": -1, "device_end": -1}}, "FFC_sans_bias61": {"write": {"device_start": 1585578059.3708987, "host_queued_start": 1585578124.541914, "device_queued": 1585578059.3690155, "device_end": 1585578059.3709075, "host_queued_end": 1585578124.542501}, "device": "gpu", "nd_range": {"device_start": 1585578059.3709087, "device_end": 1585578059.371013}, "cmdq": 0, "read": {"device_start": 1585578059.3710217, "device_end": 1585578059.3710284}}, "FFC_sans_bias52": {"write": {"device_start": 1585578059.3707237, "host_queued_start": 1585578124.541418, "device_queued": 1585578059.3688345, "device_end": 1585578059.3707323, "host_queued_end": 1585578124.542501}, "device": "gpu", "nd_range": {"device_start": 1585578059.3707335, "device_end": 1585578059.3708375}, "cmdq": 0, "read": {"device_start": 1585578059.370843, "device_end": 1585578059.3708498}}, "FFC_sans_bias9": {"write": {"device_start": -1, "host_queued_start": 1585578124.546722, "device_queued": -1, "device_end": -1, "host_queued_end": 1585578124.557659}, "device": "cpu", "nd_range": {"device_start": 2245898.747290216, "device_end": 2245898.749492598}, "cmdq": 2, "read": {"device_start": -1, "device_end": -1}}, "coalesced_transpose39": {"write": {"device_start": -1, "host_queued_start": 1585578124.536392, "device_queued": -1, "device_end": -1, "host_queued_end": 1585578124.542501}, "device": "gpu", "nd_range": {"device_start": 1585578059.3693569, "device_end": 1585578059.3693619}, "cmdq": 0, "read": {"device_start": -1, "device_end": -1}}, "FFC_sans_bias55": {"write": {"device_start": 1585578059.3688793, "host_queued_start": 1585578124.534595, "device_queued": 1585578059.368331, "device_end": 1585578059.368888, "host_queued_end": 1585578124.542501}, "device": "gpu", "nd_range": {"device_start": 1585578059.368895, "device_end": 1585578059.3690012}, "cmdq": 0, "read": {"device_start": -1, "device_end": -1}}, "FFC_sans_bias54": {"write": {"device_start": 1585578059.3687608, "host_queued_start": 1585578124.534094, "device_queued": 1585578059.3682942, "device_end": 1585578059.3687694, "host_queued_end": 1585578124.542501}, "device": "gpu", "nd_range": {"device_start": 1585578059.3687706, "device_end": 1585578059.3688781}, "cmdq": 0, "read": {"device_start": -1, "device_end": -1}}, "FFC_sans_bias56": {"write": {"device_start": 1585578059.3686438, "host_queued_start": 1585578124.533602, "device_queued": 1585578059.3682559, "device_end": 1585578059.3686523, "host_queued_end": 1585578124.542501}, "device": "gpu", "nd_range": {"device_start": 1585578059.3686533, "device_end": 1585578059.3687596}, "cmdq": 0, "read": {"device_start": -1, "device_end": -1}}, "FFC_sans_bias51": {"write": {"device_start": -1, "host_queued_start": 1585578124.539874, "device_queued": -1, "device_end": -1, "host_queued_end": 1585578124.542501}, "device": "gpu", "nd_range": {"device_start": 1585578059.3702168, "device_end": 1585578059.3703227}, "cmdq": 0, "read": {"device_start": -1, "device_end": -1}}, "softmax23": {"write": {"device_start": -1, "host_queued_start": 1585578124.554131, "device_queued": -1, "device_end": -1, "host_queued_end": 1585578124.557659}, "device": "cpu", "nd_range": {"device_start": 2245898.755214217, "device_end": 2245898.755287617}, "cmdq": 1, "read": {"device_start": -1, "device_end": -1}}, "FFC_sans_bias37": {"write": {"device_start": 1585578059.368049, "host_queued_start": 1585578124.530978, "device_queued": 1585578059.3679483, "device_end": 1585578059.3680577, "host_queued_end": 1585578124.542501}, "device": "gpu", "nd_range": {"device_start": 1585578059.3680587, "device_end": 1585578059.3681653}, "cmdq": 0, "read": {"device_start": -1, "device_end": -1}}, "empty62": {"write": {"device_start": 1585578059.3678613, "host_queued_start": 1585578124.529542, "device_queued": 1585578059.367841, "device_end": 1585578059.36787, "host_queued_end": 1585578124.542501}, "device": "gpu", "nd_range": {"device_start": 1585578059.3678713, "device_end": 1585578059.3678749}, "cmdq": 0, "read": {"device_start": -1, "device_end": -1}}, "FFC_sans_bias70": {"write": {"device_start": 1585578059.371059, "host_queued_start": 1585578124.542404, "device_queued": 1585578059.3690724, "device_end": 1585578059.3710675, "host_queued_end": 1585578124.542501}, "device": "gpu", "nd_range": {"device_start": 1585578059.3710687, "device_end": 1585578059.3711734}, "cmdq": 0, "read": {"device_start": 1585578059.3711793, "device_end": 1585578059.3711858}}, "FFC_sans_bias58": {"write": {"device_start": -1, "host_queued_start": 1585578124.538104, "device_queued": -1, "device_end": -1, "host_queued_end": 1585578124.542501}, "device": "gpu", "nd_range": {"device_start": 1585578059.3695996, "device_end": 1585578059.3697062}, "cmdq": 0, "read": {"device_start": -1, "device_end": -1}}, "softmax41": {"write": {"device_start": -1, "host_queued_start": 1585578124.538641, "device_queued": -1, "device_end": -1, "host_queued_end": 1585578124.542501}, "device": "gpu", "nd_range": {"device_start": 1585578059.3698149, "device_end": 1585578059.3698912}, "cmdq": 0, "read": {"device_start": -1, "device_end": -1}}, "FFC_sans_bias11": {"write": {"device_start": -1, "host_queued_start": 1585578124.54773, "device_queued": -1, "device_end": -1, "host_queued_end": 1585578124.557659}, "device": "cpu", "nd_range": {"device_start": 2245898.75169496, "device_end": 2245898.754004342}, "cmdq": 4, "read": {"device_start": -1, "device_end": -1}}, "FFC_sans_bias10": {"write": {"device_start": -1, "host_queued_start": 1585578124.547223, "device_queued": -1, "device_end": -1, "host_queued_end": 1585578124.557659}, "device": "cpu", "nd_range": {"device_start": 2245898.7492569843, "device_end": 2245898.7511711493}, "cmdq": 3, "read": {"device_start": -1, "device_end": -1}}, "coalesced_transpose3": {"write": {"device_start": -1, "host_queued_start": 1585578124.551123, "device_queued": -1, "device_end": -1, "host_queued_end": 1585578124.557659}, "device": "cpu", "nd_range": {"device_start": 2245898.751614673, "device_end": 2245898.7516810494}, "cmdq": 1, "read": {"device_start": -1, "device_end": -1}}, "FFC_sans_bias34": {"write": {"device_start": -1, "host_queued_start": 1585578124.557615, "device_queued": -1, "device_end": -1, "host_queued_end": 1585578124.557659}, "device": "cpu", "nd_range": {"device_start": 2245898.758406685, "device_end": 2245898.760094045}, "cmdq": 0, "read": {"device_start": -1, "device_end": -1}}, "FFC_sans_bias15": {"write": {"device_start": -1, "host_queued_start": 1585578124.555008, "device_queued": -1, "device_end": -1, "host_queued_end": 1585578124.557659}, "device": "cpu", "nd_range": {"device_start": 2245898.755773685, "device_end": 2245898.757714189}, "cmdq": 4, "read": {"device_start": -1, "device_end": -1}}, "FFC_sans_bias31": {"write": {"device_start": -1, "host_queued_start": 1585578124.553372, "device_queued": -1, "device_end": -1, "host_queued_end": 1585578124.557659}, "device": "cpu", "nd_range": {"device_start": 2245898.755562726, "device_end": 2245898.756675083}, "cmdq": 3, "read": {"device_start": -1, "device_end": -1}}, "FFC_sans_bias16": {"write": {"device_start": -1, "host_queued_start": 1585578124.556685, "device_queued": -1, "device_end": -1, "host_queued_end": 1585578124.557659}, "device": "cpu", "nd_range": {"device_start": 2245898.7590498272, "device_end": 2245898.760287172}, "cmdq": 3, "read": {"device_start": -1, "device_end": -1}}, "FFC_sans_bias19": {"write": {"device_start": -1, "host_queued_start": 1585578124.548778, "device_queued": -1, "device_end": -1, "host_queued_end": 1585578124.557659}, "device": "cpu", "nd_range": {"device_start": 2245898.749543352, "device_end": 2245898.751598093}, "cmdq": 1, "read": {"device_start": -1, "device_end": -1}}, "FFC_sans_bias18": {"write": {"device_start": -1, "host_queued_start": 1585578124.548235, "device_queued": -1, "device_end": -1, "host_queued_end": 1585578124.557659}, "device": "cpu", "nd_range": {"device_start": 2245898.749234695, "device_end": 2245898.751154074}, "cmdq": 0, "read": {"device_start": -1, "device_end": -1}}, "coalesced_transpose30": {"write": {"device_start": -1, "host_queued_start": 1585578124.552119, "device_queued": -1, "device_end": -1, "host_queued_end": 1585578124.557659}, "device": "cpu", "nd_range": {"device_start": 2245898.755517501, "device_end": 2245898.755551684}, "cmdq": 4, "read": {"device_start": -1, "device_end": -1}}, "FFC_sans_bias69": {"write": {"device_start": -1, "host_queued_start": 1585578124.540449, "device_queued": -1, "device_end": -1, "host_queued_end": 1585578124.542501}, "device": "gpu", "nd_range": {"device_start": 1585578059.3704352, "device_end": 1585578059.3705392}, "cmdq": 0, "read": {"device_start": -1, "device_end": -1}}, "FFC_sans_bias38": {"write": {"device_start": 1585578059.3681664, "host_queued_start": 1585578124.531483, "device_queued": 1585578059.3679929, "device_end": 1585578059.368175, "host_queued_end": 1585578124.542501}, "device": "gpu", "nd_range": {"device_start": 1585578059.3681762, "device_end": 1585578059.3682833}, "cmdq": 0, "read": {"device_start": -1, "device_end": -1}}, "coalesced_transpose57": {"write": {"device_start": -1, "host_queued_start": 1585578124.536949, "device_queued": -1, "device_end": -1, "host_queued_end": 1585578124.542501}, "device": "gpu", "nd_range": {"device_start": 1585578059.369369, "device_end": 1585578059.3693736}, "cmdq": 0, "read": {"device_start": -1, "device_end": -1}}, "empty26": {"write": {"device_start": -1, "host_queued_start": 1585578124.544138, "device_queued": -1, "device_end": -1, "host_queued_end": 1585578124.557659}, "device": "cpu", "nd_range": {"device_start": 2245898.7472420693, "device_end": 2245898.747246333}, "cmdq": 2, "read": {"device_start": -1, "device_end": -1}}, "coalesced_transpose12": {"write": {"device_start": -1, "host_queued_start": 1585578124.551419, "device_queued": -1, "device_end": -1, "host_queued_end": 1585578124.557659}, "device": "cpu", "nd_range": {"device_start": 2245898.751562021, "device_end": 2245898.7517844513}, "cmdq": 2, "read": {"device_start": -1, "device_end": -1}}, "empty44": {"write": {"device_start": 1585578059.367756, "host_queued_start": 1585578124.52857, "device_queued": 1585578059.3677137, "device_end": 1585578059.3677642, "host_queued_end": 1585578124.542501}, "device": "gpu", "nd_range": {"device_start": 1585578059.3677895, "device_end": 1585578059.367802}, "cmdq": 0, "read": {"device_start": -1, "device_end": -1}}, "coalesced_transpose21": {"write": {"device_start": -1, "host_queued_start": 1585578124.55181, "device_queued": -1, "device_end": -1, "host_queued_end": 1585578124.557659}, "device": "cpu", "nd_range": {"device_start": 2245898.753295239, "device_end": 2245898.753349496}, "cmdq": 3, "read": {"device_start": -1, "device_end": -1}}, "FFC_sans_bias36": {"write": {"device_start": 1585578059.36793, "host_queued_start": 1585578124.53046, "device_queued": 1585578059.3679092, "device_end": 1585578059.3679388, "host_queued_end": 1585578124.542501}, "device": "gpu", "nd_range": {"device_start": 1585578059.3679397, "device_end": 1585578059.3680475}, "cmdq": 0, "read": {"device_start": -1, "device_end": -1}}, "softmax14": {"write": {"device_start": -1, "host_queued_start": 1585578124.553893, "device_queued": -1, "device_end": -1, "host_queued_end": 1585578124.557659}, "device": "cpu", "nd_range": {"device_start": 2245898.755379159, "device_end": 2245898.755498723}, "cmdq": 0, "read": {"device_start": -1, "device_end": -1}}, "FFC_sans_bias13": {"write": {"device_start": -1, "host_queued_start": 1585578124.552746, "device_queued": -1, "device_end": -1, "host_queued_end": 1585578124.557659}, "device": "cpu", "nd_range": {"device_start": 2245898.7518048272, "device_end": 2245898.7539944663}, "cmdq": 1, "read": {"device_start": -1, "device_end": -1}}, "empty8": {"write": {"device_start": -1, "host_queued_start": 1585578124.543219, "device_queued": -1, "device_end": -1, "host_queued_end": 1585578124.557659}, "device": "cpu", "nd_range": {"device_start": 2245898.747262155, "device_end": 2245898.74726326}, "cmdq": 0, "read": {"device_start": -1, "device_end": -1}}, "FFC_sans_bias42": {"write": {"device_start": -1, "host_queued_start": 1585578124.539599, "device_queued": -1, "device_end": -1, "host_queued_end": 1585578124.542501}, "device": "gpu", "nd_range": {"device_start": 1585578059.3701096, "device_end": 1585578059.3702154}, "cmdq": 0, "read": {"device_start": -1, "device_end": -1}}, "FFC_sans_bias43": {"write": {"device_start": 1585578059.3705401, "host_queued_start": 1585578124.540913, "device_queued": 1585578059.3687742, "device_end": 1585578059.3705487, "host_queued_end": 1585578124.542501}, "device": "gpu", "nd_range": {"device_start": 1585578059.3705504, "device_end": 1585578059.3706543}, "cmdq": 0, "read": {"device_start": 1585578059.3706567, "device_end": 1585578059.3706641}}, "FFC_sans_bias40": {"write": {"device_start": -1, "host_queued_start": 1585578124.537518, "device_queued": -1, "device_end": -1, "host_queued_end": 1585578124.542501}, "device": "gpu", "nd_range": {"device_start": 1585578059.3693864, "device_end": 1585578059.369493}, "cmdq": 0, "read": {"device_start": -1, "device_end": -1}}, "softmax32": {"write": {"device_start": -1, "host_queued_start": 1585578124.554383, "device_queued": -1, "device_end": -1, "host_queued_end": 1585578124.557659}, "device": "cpu", "nd_range": {"device_start": 2245898.7567979433, "device_end": 2245898.756844425}, "cmdq": 2, "read": {"device_start": -1, "device_end": -1}}, "FFC_sans_bias47": {"write": {"device_start": 1585578059.3685234, "host_queued_start": 1585578124.532968, "device_queued": 1585578059.3681226, "device_end": 1585578059.3685362, "host_queued_end": 1585578124.542501}, "device": "gpu", "nd_range": {"device_start": 1585578059.3685372, "device_end": 1585578059.3686423}, "cmdq": 0, "read": {"device_start": -1, "device_end": -1}}, "FFC_sans_bias45": {"write": {"device_start": 1585578059.3682845, "host_queued_start": 1585578124.531975, "device_queued": 1585578059.3680303, "device_end": 1585578059.3682933, "host_queued_end": 1585578124.542501}, "device": "gpu", "nd_range": {"device_start": 1585578059.3682942, "device_end": 1585578059.3684015}, "cmdq": 0, "read": {"device_start": -1, "device_end": -1}}, "softmax50": {"write": {"device_start": -1, "host_queued_start": 1585578124.538871, "device_queued": -1, "device_end": -1, "host_queued_end": 1585578124.542501}, "device": "gpu", "nd_range": {"device_start": 1585578059.3698924, "device_end": 1585578059.3699646}, "cmdq": 0, "read": {"device_start": -1, "device_end": -1}}, "FFC_sans_bias33": {"write": {"device_start": -1, "host_queued_start": 1585578124.555662, "device_queued": -1, "device_end": -1, "host_queued_end": 1585578124.557659}, "device": "cpu", "nd_range": {"device_start": 2245898.756958257, "device_end": 2245898.758399321}, "cmdq": 1, "read": {"device_start": -1, "device_end": -1}}, "FFC_sans_bias63": {"write": {"device_start": 1585578059.3692408, "host_queued_start": 1585578124.536083, "device_queued": 1585578059.368437, "device_end": 1585578059.3692493, "host_queued_end": 1585578124.542501}, "device": "gpu", "nd_range": {"device_start": 1585578059.3692503, "device_end": 1585578059.3693557}, "cmdq": 0, "read": {"device_start": -1, "device_end": -1}}, "FFC_sans_bias49": {"write": {"device_start": -1, "host_queued_start": 1585578124.537813, "device_queued": -1, "device_end": -1, "host_queued_end": 1585578124.542501}, "device": "gpu", "nd_range": {"device_start": 1585578059.3694942, "device_end": 1585578059.3695984}, "cmdq": 0, "read": {"device_start": -1, "device_end": -1}}, "FFC_sans_bias64": {"write": {"device_start": 1585578059.369002, "host_queued_start": 1585578124.535099, "device_queued": 1585578059.3683646, "device_end": 1585578059.3690107, "host_queued_end": 1585578124.542501}, "device": "gpu", "nd_range": {"device_start": 1585578059.369012, "device_end": 1585578059.3691182}, "cmdq": 0, "read": {"device_start": -1, "device_end": -1}}, "FFC_sans_bias65": {"write": {"device_start": 1585578059.3691196, "host_queued_start": 1585578124.535592, "device_queued": 1585578059.368398, "device_end": 1585578059.3691323, "host_queued_end": 1585578124.542501}, "device": "gpu", "nd_range": {"device_start": 1585578059.3691337, "device_end": 1585578059.3692396}, "cmdq": 0, "read": {"device_start": -1, "device_end": -1}}, "FFC_sans_bias67": {"write": {"device_start": -1, "host_queued_start": 1585578124.538382, "device_queued": -1, "device_end": -1, "host_queued_end": 1585578124.542501}, "device": "gpu", "nd_range": {"device_start": 1585578059.369707, "device_end": 1585578059.3698137}, "cmdq": 0, "read": {"device_start": -1, "device_end": -1}}, "FFC_sans_bias24": {"write": {"device_start": -1, "host_queued_start": 1585578124.555323, "device_queued": -1, "device_end": -1, "host_queued_end": 1585578124.557659}, "device": "cpu", "nd_range": {"device_start": 2245898.755628622, "device_end": 2245898.757705753}, "cmdq": 0, "read": {"device_start": -1, "device_end": -1}}, "FFC_sans_bias25": {"write": {"device_start": -1, "host_queued_start": 1585578124.557146, "device_queued": -1, "device_end": -1, "host_queued_end": 1585578124.557659}, "device": "cpu", "nd_range": {"device_start": 2245898.7579933302, "device_end": 2245898.759078522}, "cmdq": 4, "read": {"device_start": -1, "device_end": -1}}, "FFC_sans_bias27": {"write": {"device_start": -1, "host_queued_start": 1585578124.549786, "device_queued": -1, "device_end": -1, "host_queued_end": 1585578124.557659}, "device": "cpu", "nd_range": {"device_start": 2245898.751231342, "device_end": 2245898.7531756624}, "cmdq": 3, "read": {"device_start": -1, "device_end": -1}}, "FFC_sans_bias20": {"write": {"device_start": -1, "host_queued_start": 1585578124.549286, "device_queued": -1, "device_end": -1, "host_queued_end": 1585578124.557659}, "device": "cpu", "nd_range": {"device_start": 2245898.749631339, "device_end": 2245898.751550985}, "cmdq": 2, "read": {"device_start": -1, "device_end": -1}}, "FFC_sans_bias22": {"write": {"device_start": -1, "host_queued_start": 1585578124.553069, "device_queued": -1, "device_end": -1, "host_queued_end": 1585578124.557659}, "device": "cpu", "nd_range": {"device_start": 2245898.753463198, "device_end": 2245898.755025926}, "cmdq": 2, "read": {"device_start": -1, "device_end": -1}}, "softmax68": {"write": {"device_start": -1, "host_queued_start": 1585578124.539314, "device_queued": -1, "device_end": -1, "host_queued_end": 1585578124.542501}, "device": "gpu", "nd_range": {"device_start": 1585578059.3700395, "device_end": 1585578059.3701086}, "cmdq": 0, "read": {"device_start": -1, "device_end": -1}}, "softmax5": {"write": {"device_start": -1, "host_queued_start": 1585578124.55364, "device_queued": -1, "device_end": -1, "host_queued_end": 1585578124.557659}, "device": "cpu", "nd_range": {"device_start": 2245898.7555679004, "device_end": 2245898.755757653}, "cmdq": 4, "read": {"device_start": -1, "device_end": -1}}, "FFC_sans_bias28": {"write": {"device_start": -1, "host_queued_start": 1585578124.550281, "device_queued": -1, "device_end": -1, "host_queued_end": 1585578124.557659}, "device": "cpu", "nd_range": {"device_start": 2245898.754018418, "device_end": 2245898.755503706}, "cmdq": 4, "read": {"device_start": -1, "device_end": -1}}, "FFC_sans_bias29": {"write": {"device_start": -1, "host_queued_start": 1585578124.550815, "device_queued": -1, "device_end": -1, "host_queued_end": 1585578124.557659}, "device": "cpu", "nd_range": {"device_start": 2245898.751579352, "device_end": 2245898.753789904}, "cmdq": 0, "read": {"device_start": -1, "device_end": -1}}, "empty17": {"write": {"device_start": -1, "host_queued_start": 1585578124.54372, "device_queued": -1, "device_end": -1, "host_queued_end": 1585578124.557659}, "device": "cpu", "nd_range": {"device_start": 2245898.747234372, "device_end": 2245898.7472453304}, "cmdq": 1, "read": {"device_start": -1, "device_end": -1}}, "softmax59": {"write": {"device_start": -1, "host_queued_start": 1585578124.539084, "device_queued": -1, "device_end": -1, "host_queued_end": 1585578124.542501}, "device": "gpu", "nd_range": {"device_start": 1585578059.369966, "device_end": 1585578059.3700383}, "cmdq": 0, "read": {"device_start": -1, "device_end": -1}}, "empty71": {"write": {"device_start": 1585578059.3678951, "host_queued_start": 1585578124.529916, "device_queued": 1585578059.3678718, "device_end": 1585578059.3679035, "host_queued_end": 1585578124.542501}, "device": "gpu", "nd_range": {"device_start": 1585578059.367905, "device_end": 1585578059.3679082}, "cmdq": 0, "read": {"device_start": -1, "device_end": -1}}, "empty35": {"write": {"device_start": -1, "host_queued_start": 1585578124.544612, "device_queued": -1, "device_end": -1, "host_queued_end": 1585578124.557659}, "device": "cpu", "nd_range": {"device_start": 2245898.7492504343, "device_end": 2245898.749251941}, "cmdq": 3, "read": {"device_start": -1, "device_end": -1}}, "empty53": {"write": {"device_start": 1585578059.3678281, "host_queued_start": 1585578124.529169, "device_queued": 1585578059.3678074, "device_end": 1585578059.3678367, "host_queued_end": 1585578124.542501}, "device": "gpu", "nd_range": {"device_start": 1585578059.367838, "device_end": 1585578059.367841}, "cmdq": 0, "read": {"device_start": -1, "device_end": -1}}, "FFC_sans_bias46": {"write": {"device_start": 1585578059.368403, "host_queued_start": 1585578124.532472, "device_queued": 1585578059.3680778, "device_end": 1585578059.3684149, "host_queued_end": 1585578124.542501}, "device": "gpu", "nd_range": {"device_start": 1585578059.368416, "device_end": 1585578059.3685224}, "cmdq": 0, "read": {"device_start": -1, "device_end": -1}}, "coalesced_transpose66": {"write": {"device_start": -1, "host_queued_start": 1585578124.53724, "device_queued": -1, "device_end": -1, "host_queued_end": 1585578124.542501}, "device": "gpu", "nd_range": {"device_start": 1585578059.3693807, "device_end": 1585578059.3693852}, "cmdq": 0, "read": {"device_start": -1, "device_end": -1}}, "coalesced_transpose48": {"write": {"device_start": -1, "host_queued_start": 1585578124.536667, "device_queued": -1, "device_end": -1, "host_queued_end": 1585578124.542501}, "device": "gpu", "nd_range": {"device_start": 1585578059.3693628, "device_end": 1585578059.3693678}, "cmdq": 0, "read": {"device_start": -1, "device_end": -1}}}