{"FFC_sans_bias60": {"write": {"device_start": -1, "host_queued_start": 1585578151.369321, "device_queued": -1, "device_end": -1, "host_queued_end": 1585578151.371223}, "device": "gpu", "nd_range": {"device_start": 1585578086.1967897, "device_end": 1585578086.1969032}, "cmdq": 0, "read": {"device_start": -1, "device_end": -1}}, "FFC_sans_bias4": {"write": {"device_start": -1, "host_queued_start": 1585578151.383148, "device_queued": -1, "device_end": -1, "host_queued_end": 1585578151.389785}, "device": "cpu", "nd_range": {"device_start": 2245925.590357587, "device_end": 2245925.5908544203}, "cmdq": 0, "read": {"device_start": -1, "device_end": -1}}, "FFC_sans_bias7": {"write": {"device_start": -1, "host_queued_start": 1585578151.387927, "device_queued": -1, "device_end": -1, "host_queued_end": 1585578151.389785}, "device": "cpu", "nd_range": {"device_start": 2245925.596861444, "device_end": 2245925.597446993}, "cmdq": 0, "read": {"device_start": -1, "device_end": -1}}, "FFC_sans_bias6": {"write": {"device_start": -1, "host_queued_start": 1585578151.386034, "device_queued": -1, "device_end": -1, "host_queued_end": 1585578151.389785}, "device": "cpu", "nd_range": {"device_start": 2245925.593957554, "device_end": 2245925.5944457953}, "cmdq": 0, "read": {"device_start": -1, "device_end": -1}}, "FFC_sans_bias1": {"write": {"device_start": -1, "host_queued_start": 1585578151.374596, "device_queued": -1, "device_end": -1, "host_queued_end": 1585578151.389785}, "device": "cpu", "nd_range": {"device_start": 2245925.58050571, "device_end": 2245925.5811416423}, "cmdq": 0, "read": {"device_start": -1, "device_end": -1}}, "FFC_sans_bias0": {"write": {"device_start": -1, "host_queued_start": 1585578151.374076, "device_queued": -1, "device_end": -1, "host_queued_end": 1585578151.389785}, "device": "cpu", "nd_range": {"device_start": 2245925.5794145563, "device_end": 2245925.580485925}, "cmdq": 0, "read": {"device_start": -1, "device_end": -1}}, "FFC_sans_bias2": {"write": {"device_start": -1, "host_queued_start": 1585578151.375123, "device_queued": -1, "device_end": -1, "host_queued_end": 1585578151.389785}, "device": "cpu", "nd_range": {"device_start": 2245925.581160556, "device_end": 2245925.581783301}, "cmdq": 0, "read": {"device_start": -1, "device_end": -1}}, "FFC_sans_bias61": {"write": {"device_start": 1585578086.1969767, "host_queued_start": 1585578151.370616, "device_queued": 1585578086.1964626, "device_end": 1585578086.1969852, "host_queued_end": 1585578151.371223}, "device": "gpu", "nd_range": {"device_start": 1585578086.1969864, "device_end": 1585578086.1971016}, "cmdq": 1, "read": {"device_start": 1585578086.1971123, "device_end": 1585578086.1971295}}, "FFC_sans_bias52": {"write": {"device_start": 1585578086.1969056, "host_queued_start": 1585578151.37008, "device_queued": 1585578086.196433, "device_end": 1585578086.196914, "host_queued_end": 1585578151.371223}, "device": "gpu", "nd_range": {"device_start": 1585578086.1969151, "device_end": 1585578086.1970248}, "cmdq": 0, "read": {"device_start": 1585578086.1970284, "device_end": 1585578086.1970382}}, "FFC_sans_bias9": {"write": {"device_start": -1, "host_queued_start": 1585578151.375624, "device_queued": -1, "device_end": -1, "host_queued_end": 1585578151.389785}, "device": "cpu", "nd_range": {"device_start": 2245925.5817888463, "device_end": 2245925.582387016}, "cmdq": 0, "read": {"device_start": -1, "device_end": -1}}, "coalesced_transpose39": {"write": {"device_start": -1, "host_queued_start": 1585578151.382814, "device_queued": -1, "device_end": -1, "host_queued_end": 1585578151.389785}, "device": "cpu", "nd_range": {"device_start": 2245925.590234906, "device_end": 2245925.590257254}, "cmdq": 0, "read": {"device_start": -1, "device_end": -1}}, "FFC_sans_bias55": {"write": {"device_start": 1585578086.1960597, "host_queued_start": 1585578151.364723, "device_queued": 1585578086.195924, "device_end": 1585578086.1960685, "host_queued_end": 1585578151.371223}, "device": "gpu", "nd_range": {"device_start": 1585578086.1960697, "device_end": 1585578086.1961803}, "cmdq": 0, "read": {"device_start": -1, "device_end": -1}}, "FFC_sans_bias54": {"write": {"device_start": 1585578086.1959796, "host_queued_start": 1585578151.36423, "device_queued": 1585578086.195875, "device_end": 1585578086.1959884, "host_queued_end": 1585578151.371223}, "device": "gpu", "nd_range": {"device_start": 1585578086.1959894, "device_end": 1585578086.1961322}, "cmdq": 1, "read": {"device_start": -1, "device_end": -1}}, "FFC_sans_bias56": {"write": {"device_start": 1585578086.1959126, "host_queued_start": 1585578151.363722, "device_queued": 1585578086.1958244, "device_end": 1585578086.1959212, "host_queued_end": 1585578151.371223}, "device": "gpu", "nd_range": {"device_start": 1585578086.1959224, "device_end": 1585578086.1960578}, "cmdq": 0, "read": {"device_start": -1, "device_end": -1}}, "FFC_sans_bias51": {"write": {"device_start": -1, "host_queued_start": 1585578151.369034, "device_queued": -1, "device_end": -1, "host_queued_end": 1585578151.371223}, "device": "gpu", "nd_range": {"device_start": 1585578086.1967034, "device_end": 1585578086.19681}, "cmdq": 1, "read": {"device_start": -1, "device_end": -1}}, "softmax23": {"write": {"device_start": -1, "host_queued_start": 1585578151.385194, "device_queued": -1, "device_end": -1, "host_queued_end": 1585578151.389785}, "device": "cpu", "nd_range": {"device_start": 2245925.593572053, "device_end": 2245925.59359797}, "cmdq": 0, "read": {"device_start": -1, "device_end": -1}}, "FFC_sans_bias37": {"write": {"device_start": -1, "host_queued_start": 1585578151.380739, "device_queued": -1, "device_end": -1, "host_queued_end": 1585578151.389785}, "device": "cpu", "nd_range": {"device_start": 2245925.5884115943, "device_end": 2245925.5889901123}, "cmdq": 0, "read": {"device_start": -1, "device_end": -1}}, "empty62": {"write": {"device_start": 1585578086.1956587, "host_queued_start": 1585578151.361244, "device_queued": 1585578086.195637, "device_end": 1585578086.195667, "host_queued_end": 1585578151.371223}, "device": "gpu", "nd_range": {"device_start": 1585578086.1956682, "device_end": 1585578086.1956716}, "cmdq": 1, "read": {"device_start": -1, "device_end": -1}}, "FFC_sans_bias70": {"write": {"device_start": 1585578086.197154, "host_queued_start": 1585578151.371124, "device_queued": 1585578086.1965475, "device_end": 1585578086.1971636, "host_queued_end": 1585578151.371223}, "device": "gpu", "nd_range": {"device_start": 1585578086.1971653, "device_end": 1585578086.1972718}, "cmdq": 0, "read": {"device_start": 1585578086.197274, "device_end": 1585578086.1972806}}, "FFC_sans_bias58": {"write": {"device_start": -1, "host_queued_start": 1585578151.3678, "device_queued": -1, "device_end": -1, "host_queued_end": 1585578151.371223}, "device": "gpu", "nd_range": {"device_start": 1585578086.196403, "device_end": 1585578086.1965978}, "cmdq": 0, "read": {"device_start": -1, "device_end": -1}}, "softmax41": {"write": {"device_start": -1, "host_queued_start": 1585578151.385692, "device_queued": -1, "device_end": -1, "host_queued_end": 1585578151.389785}, "device": "cpu", "nd_range": {"device_start": 2245925.59382994, "device_end": 2245925.5938574723}, "cmdq": 0, "read": {"device_start": -1, "device_end": -1}}, "FFC_sans_bias11": {"write": {"device_start": -1, "host_queued_start": 1585578151.376628, "device_queued": -1, "device_end": -1, "host_queued_end": 1585578151.389785}, "device": "cpu", "nd_range": {"device_start": 2245925.582986704, "device_end": 2245925.5835816613}, "cmdq": 0, "read": {"device_start": -1, "device_end": -1}}, "FFC_sans_bias10": {"write": {"device_start": -1, "host_queued_start": 1585578151.376122, "device_queued": -1, "device_end": -1, "host_queued_end": 1585578151.389785}, "device": "cpu", "nd_range": {"device_start": 2245925.582392053, "device_end": 2245925.582981226}, "cmdq": 0, "read": {"device_start": -1, "device_end": -1}}, "coalesced_transpose3": {"write": {"device_start": -1, "host_queued_start": 1585578151.381553, "device_queued": -1, "device_end": -1, "host_queued_end": 1585578151.389785}, "device": "cpu", "nd_range": {"device_start": 2245925.5895748893, "device_end": 2245925.589601233}, "cmdq": 0, "read": {"device_start": -1, "device_end": -1}}, "FFC_sans_bias34": {"write": {"device_start": -1, "host_queued_start": 1585578151.389293, "device_queued": -1, "device_end": -1, "host_queued_end": 1585578151.389785}, "device": "cpu", "nd_range": {"device_start": 2245925.598542711, "device_end": 2245925.5991482013}, "cmdq": 0, "read": {"device_start": -1, "device_end": -1}}, "FFC_sans_bias15": {"write": {"device_start": -1, "host_queued_start": 1585578151.386375, "device_queued": -1, "device_end": -1, "host_queued_end": 1585578151.389785}, "device": "cpu", "nd_range": {"device_start": 2245925.5945486003, "device_end": 2245925.595041939}, "cmdq": 0, "read": {"device_start": -1, "device_end": -1}}, "FFC_sans_bias31": {"write": {"device_start": -1, "host_queued_start": 1585578151.384108, "device_queued": -1, "device_end": -1, "host_queued_end": 1585578151.389785}, "device": "cpu", "nd_range": {"device_start": 2245925.5920748943, "device_end": 2245925.59265929}, "cmdq": 0, "read": {"device_start": -1, "device_end": -1}}, "FFC_sans_bias16": {"write": {"device_start": -1, "host_queued_start": 1585578151.388391, "device_queued": -1, "device_end": -1, "host_queued_end": 1585578151.389785}, "device": "cpu", "nd_range": {"device_start": 2245925.597450147, "device_end": 2245925.597937562}, "cmdq": 0, "read": {"device_start": -1, "device_end": -1}}, "FFC_sans_bias19": {"write": {"device_start": -1, "host_queued_start": 1585578151.377638, "device_queued": -1, "device_end": -1, "host_queued_end": 1585578151.389785}, "device": "cpu", "nd_range": {"device_start": 2245925.584325342, "device_end": 2245925.5848479453}, "cmdq": 0, "read": {"device_start": -1, "device_end": -1}}, "FFC_sans_bias18": {"write": {"device_start": -1, "host_queued_start": 1585578151.377129, "device_queued": -1, "device_end": -1, "host_queued_end": 1585578151.389785}, "device": "cpu", "nd_range": {"device_start": 2245925.583586607, "device_end": 2245925.584187495}, "cmdq": 0, "read": {"device_start": -1, "device_end": -1}}, "coalesced_transpose30": {"write": {"device_start": -1, "host_queued_start": 1585578151.382451, "device_queued": -1, "device_end": -1, "host_queued_end": 1585578151.389785}, "device": "cpu", "nd_range": {"device_start": 2245925.590108308, "device_end": 2245925.590131931}, "cmdq": 0, "read": {"device_start": -1, "device_end": -1}}, "FFC_sans_bias69": {"write": {"device_start": -1, "host_queued_start": 1585578151.369613, "device_queued": -1, "device_end": -1, "host_queued_end": 1585578151.371223}, "device": "gpu", "nd_range": {"device_start": 1585578086.1968126, "device_end": 1585578086.1969748}, "cmdq": 1, "read": {"device_start": -1, "device_end": -1}}, "FFC_sans_bias38": {"write": {"device_start": -1, "host_queued_start": 1585578151.381243, "device_queued": -1, "device_end": -1, "host_queued_end": 1585578151.389785}, "device": "cpu", "nd_range": {"device_start": 2245925.588994786, "device_end": 2245925.589570178}, "cmdq": 0, "read": {"device_start": -1, "device_end": -1}}, "coalesced_transpose57": {"write": {"device_start": -1, "host_queued_start": 1585578151.366955, "device_queued": -1, "device_end": -1, "host_queued_end": 1585578151.371223}, "device": "gpu", "nd_range": {"device_start": 1585578086.1963937, "device_end": 1585578086.1963995}, "cmdq": 1, "read": {"device_start": -1, "device_end": -1}}, "empty26": {"write": {"device_start": -1, "host_queued_start": 1585578151.372761, "device_queued": -1, "device_end": -1, "host_queued_end": 1585578151.389785}, "device": "cpu", "nd_range": {"device_start": 2245925.579400523, "device_end": 2245925.5794013543}, "cmdq": 0, "read": {"device_start": -1, "device_end": -1}}, "coalesced_transpose12": {"write": {"device_start": -1, "host_queued_start": 1585578151.381854, "device_queued": -1, "device_end": -1, "host_queued_end": 1585578151.389785}, "device": "cpu", "nd_range": {"device_start": 2245925.589801231, "device_end": 2245925.5898362612}, "cmdq": 0, "read": {"device_start": -1, "device_end": -1}}, "empty44": {"write": {"device_start": -1, "host_queued_start": 1585578151.373588, "device_queued": -1, "device_end": -1, "host_queued_end": 1585578151.389785}, "device": "cpu", "nd_range": {"device_start": 2245925.579410063, "device_end": 2245925.579410628}, "cmdq": 0, "read": {"device_start": -1, "device_end": -1}}, "coalesced_transpose21": {"write": {"device_start": -1, "host_queued_start": 1585578151.382146, "device_queued": -1, "device_end": -1, "host_queued_end": 1585578151.389785}, "device": "cpu", "nd_range": {"device_start": 2245925.5899588224, "device_end": 2245925.589999985}, "cmdq": 0, "read": {"device_start": -1, "device_end": -1}}, "FFC_sans_bias36": {"write": {"device_start": -1, "host_queued_start": 1585578151.380225, "device_queued": -1, "device_end": -1, "host_queued_end": 1585578151.389785}, "device": "cpu", "nd_range": {"device_start": 2245925.5878216443, "device_end": 2245925.5884062704}, "cmdq": 0, "read": {"device_start": -1, "device_end": -1}}, "softmax14": {"write": {"device_start": -1, "host_queued_start": 1585578151.384942, "device_queued": -1, "device_end": -1, "host_queued_end": 1585578151.389785}, "device": "cpu", "nd_range": {"device_start": 2245925.5932895923, "device_end": 2245925.593319011}, "cmdq": 0, "read": {"device_start": -1, "device_end": -1}}, "FFC_sans_bias13": {"write": {"device_start": -1, "host_queued_start": 1585578151.383481, "device_queued": -1, "device_end": -1, "host_queued_end": 1585578151.389785}, "device": "cpu", "nd_range": {"device_start": 2245925.59086031, "device_end": 2245925.59145959}, "cmdq": 0, "read": {"device_start": -1, "device_end": -1}}, "empty8": {"write": {"device_start": -1, "host_queued_start": 1585578151.371841, "device_queued": -1, "device_end": -1, "host_queued_end": 1585578151.389785}, "device": "cpu", "nd_range": {"device_start": 2245925.579367654, "device_end": 2245925.579377747}, "cmdq": 0, "read": {"device_start": -1, "device_end": -1}}, "FFC_sans_bias42": {"write": {"device_start": -1, "host_queued_start": 1585578151.387405, "device_queued": -1, "device_end": -1, "host_queued_end": 1585578151.389785}, "device": "cpu", "nd_range": {"device_start": 2245925.5963647612, "device_end": 2245925.596855518}, "cmdq": 0, "read": {"device_start": -1, "device_end": -1}}, "FFC_sans_bias43": {"write": {"device_start": -1, "host_queued_start": 1585578151.389741, "device_queued": -1, "device_end": -1, "host_queued_end": 1585578151.389785}, "device": "cpu", "nd_range": {"device_start": 2245925.599150421, "device_end": 2245925.5997561873}, "cmdq": 0, "read": {"device_start": -1, "device_end": -1}}, "FFC_sans_bias40": {"write": {"device_start": -1, "host_queued_start": 1585578151.384445, "device_queued": -1, "device_end": -1, "host_queued_end": 1585578151.389785}, "device": "cpu", "nd_range": {"device_start": 2245925.592664449, "device_end": 2245925.59324138}, "cmdq": 0, "read": {"device_start": -1, "device_end": -1}}, "softmax32": {"write": {"device_start": -1, "host_queued_start": 1585578151.385443, "device_queued": -1, "device_end": -1, "host_queued_end": 1585578151.389785}, "device": "cpu", "nd_range": {"device_start": 2245925.5937053394, "device_end": 2245925.59372755}, "cmdq": 0, "read": {"device_start": -1, "device_end": -1}}, "FFC_sans_bias47": {"write": {"device_start": 1585578086.1958501, "host_queued_start": 1585578151.363212, "device_queued": 1585578086.1957862, "device_end": 1585578086.195864, "host_queued_end": 1585578151.371223}, "device": "gpu", "nd_range": {"device_start": 1585578086.195865, "device_end": 1585578086.1959777}, "cmdq": 1, "read": {"device_start": -1, "device_end": -1}}, "FFC_sans_bias45": {"write": {"device_start": 1585578086.1957283, "host_queued_start": 1585578151.362168, "device_queued": 1585578086.1957076, "device_end": 1585578086.195737, "host_queued_end": 1585578151.371223}, "device": "gpu", "nd_range": {"device_start": 1585578086.1957393, "device_end": 1585578086.1958477}, "cmdq": 1, "read": {"device_start": -1, "device_end": -1}}, "softmax50": {"write": {"device_start": -1, "host_queued_start": 1585578151.368316, "device_queued": -1, "device_end": -1, "host_queued_end": 1585578151.371223}, "device": "gpu", "nd_range": {"device_start": 1585578086.1966007, "device_end": 1585578086.1966767}, "cmdq": 0, "read": {"device_start": -1, "device_end": -1}}, "FFC_sans_bias33": {"write": {"device_start": -1, "host_queued_start": 1585578151.387067, "device_queued": -1, "device_end": -1, "host_queued_end": 1585578151.389785}, "device": "cpu", "nd_range": {"device_start": 2245925.595747136, "device_end": 2245925.596259667}, "cmdq": 0, "read": {"device_start": -1, "device_end": -1}}, "FFC_sans_bias63": {"write": {"device_start": 1585578086.1962628, "host_queued_start": 1585578151.36636, "device_queued": 1585578086.1961315, "device_end": 1585578086.1962714, "host_queued_end": 1585578151.371223}, "device": "gpu", "nd_range": {"device_start": 1585578086.1962729, "device_end": 1585578086.1963925}, "cmdq": 1, "read": {"device_start": -1, "device_end": -1}}, "FFC_sans_bias49": {"write": {"device_start": -1, "host_queued_start": 1585578151.36752, "device_queued": -1, "device_end": -1, "host_queued_end": 1585578151.371223}, "device": "gpu", "nd_range": {"device_start": 1585578086.1964006, "device_end": 1585578086.1965096}, "cmdq": 1, "read": {"device_start": -1, "device_end": -1}}, "FFC_sans_bias64": {"write": {"device_start": 1585578086.1961348, "host_queued_start": 1585578151.365222, "device_queued": 1585578086.1959562, "device_end": 1585578086.1961448, "host_queued_end": 1585578151.371223}, "device": "gpu", "nd_range": {"device_start": 1585578086.1961462, "device_end": 1585578086.1962607}, "cmdq": 1, "read": {"device_start": -1, "device_end": -1}}, "FFC_sans_bias65": {"write": {"device_start": 1585578086.1961827, "host_queued_start": 1585578151.365868, "device_queued": 1585578086.1960979, "device_end": 1585578086.1961913, "host_queued_end": 1585578151.371223}, "device": "gpu", "nd_range": {"device_start": 1585578086.1961923, "device_end": 1585578086.196355}, "cmdq": 0, "read": {"device_start": -1, "device_end": -1}}, "FFC_sans_bias67": {"write": {"device_start": -1, "host_queued_start": 1585578151.368093, "device_queued": -1, "device_end": -1, "host_queued_end": 1585578151.371223}, "device": "gpu", "nd_range": {"device_start": 1585578086.1965117, "device_end": 1585578086.1966214}, "cmdq": 1, "read": {"device_start": -1, "device_end": -1}}, "FFC_sans_bias24": {"write": {"device_start": -1, "host_queued_start": 1585578151.38673, "device_queued": -1, "device_end": -1, "host_queued_end": 1585578151.389785}, "device": "cpu", "nd_range": {"device_start": 2245925.595148136, "device_end": 2245925.595645418}, "cmdq": 0, "read": {"device_start": -1, "device_end": -1}}, "FFC_sans_bias25": {"write": {"device_start": -1, "host_queued_start": 1585578151.388843, "device_queued": -1, "device_end": -1, "host_queued_end": 1585578151.389785}, "device": "cpu", "nd_range": {"device_start": 2245925.597939794, "device_end": 2245925.598540559}, "cmdq": 0, "read": {"device_start": -1, "device_end": -1}}, "FFC_sans_bias27": {"write": {"device_start": -1, "host_queued_start": 1585578151.378682, "device_queued": -1, "device_end": -1, "host_queued_end": 1585578151.389785}, "device": "cpu", "nd_range": {"device_start": 2245925.5856041773, "device_end": 2245925.586623688}, "cmdq": 0, "read": {"device_start": -1, "device_end": -1}}, "FFC_sans_bias20": {"write": {"device_start": -1, "host_queued_start": 1585578151.378147, "device_queued": -1, "device_end": -1, "host_queued_end": 1585578151.389785}, "device": "cpu", "nd_range": {"device_start": 2245925.5849769074, "device_end": 2245925.585497293}, "cmdq": 0, "read": {"device_start": -1, "device_end": -1}}, "FFC_sans_bias22": {"write": {"device_start": -1, "host_queued_start": 1585578151.383793, "device_queued": -1, "device_end": -1, "host_queued_end": 1585578151.389785}, "device": "cpu", "nd_range": {"device_start": 2245925.5914650233, "device_end": 2245925.592069589}, "cmdq": 0, "read": {"device_start": -1, "device_end": -1}}, "softmax68": {"write": {"device_start": -1, "host_queued_start": 1585578151.368746, "device_queued": -1, "device_end": -1, "host_queued_end": 1585578151.371223}, "device": "gpu", "nd_range": {"device_start": 1585578086.196679, "device_end": 1585578086.1967885}, "cmdq": 0, "read": {"device_start": -1, "device_end": -1}}, "softmax5": {"write": {"device_start": -1, "host_queued_start": 1585578151.384701, "device_queued": -1, "device_end": -1, "host_queued_end": 1585578151.389785}, "device": "cpu", "nd_range": {"device_start": 2245925.5932463743, "device_end": 2245925.5932789734}, "cmdq": 0, "read": {"device_start": -1, "device_end": -1}}, "FFC_sans_bias28": {"write": {"device_start": -1, "host_queued_start": 1585578151.379181, "device_queued": -1, "device_end": -1, "host_queued_end": 1585578151.389785}, "device": "cpu", "nd_range": {"device_start": 2245925.586628844, "device_end": 2245925.5872300994}, "cmdq": 0, "read": {"device_start": -1, "device_end": -1}}, "FFC_sans_bias29": {"write": {"device_start": -1, "host_queued_start": 1585578151.379702, "device_queued": -1, "device_end": -1, "host_queued_end": 1585578151.389785}, "device": "cpu", "nd_range": {"device_start": 2245925.587235807, "device_end": 2245925.587817048}, "cmdq": 0, "read": {"device_start": -1, "device_end": -1}}, "empty17": {"write": {"device_start": -1, "host_queued_start": 1585578151.372328, "device_queued": -1, "device_end": -1, "host_queued_end": 1585578151.389785}, "device": "cpu", "nd_range": {"device_start": 2245925.579393905, "device_end": 2245925.579394982}, "cmdq": 0, "read": {"device_start": -1, "device_end": -1}}, "softmax59": {"write": {"device_start": -1, "host_queued_start": 1585578151.368525, "device_queued": -1, "device_end": -1, "host_queued_end": 1585578151.371223}, "device": "gpu", "nd_range": {"device_start": 1585578086.1966236, "device_end": 1585578086.1967003}, "cmdq": 1, "read": {"device_start": -1, "device_end": -1}}, "empty71": {"write": {"device_start": 1585578086.1956956, "host_queued_start": 1585578151.361647, "device_queued": 1585578086.1956704, "device_end": 1585578086.1957045, "host_queued_end": 1585578151.371223}, "device": "gpu", "nd_range": {"device_start": 1585578086.1957054, "device_end": 1585578086.195709}, "cmdq": 0, "read": {"device_start": -1, "device_end": -1}}, "empty35": {"write": {"device_start": -1, "host_queued_start": 1585578151.373133, "device_queued": -1, "device_end": -1, "host_queued_end": 1585578151.389785}, "device": "cpu", "nd_range": {"device_start": 2245925.579405282, "device_end": 2245925.579405859}, "cmdq": 0, "read": {"device_start": -1, "device_end": -1}}, "empty53": {"write": {"device_start": 1585578086.1956046, "host_queued_start": 1585578151.360655, "device_queued": 1585578086.1955566, "device_end": 1585578086.1956131, "host_queued_end": 1585578151.371223}, "device": "gpu", "nd_range": {"device_start": 1585578086.1956198, "device_end": 1585578086.1956327}, "cmdq": 0, "read": {"device_start": -1, "device_end": -1}}, "FFC_sans_bias46": {"write": {"device_start": 1585578086.19577, "host_queued_start": 1585578151.362719, "device_queued": 1585578086.1957464, "device_end": 1585578086.1957784, "host_queued_end": 1585578151.371223}, "device": "gpu", "nd_range": {"device_start": 1585578086.1957798, "device_end": 1585578086.1959102}, "cmdq": 0, "read": {"device_start": -1, "device_end": -1}}, "coalesced_transpose66": {"write": {"device_start": -1, "host_queued_start": 1585578151.367229, "device_queued": -1, "device_end": -1, "host_queued_end": 1585578151.371223}, "device": "gpu", "nd_range": {"device_start": 1585578086.1963685, "device_end": 1585578086.196375}, "cmdq": 0, "read": {"device_start": -1, "device_end": -1}}, "coalesced_transpose48": {"write": {"device_start": -1, "host_queued_start": 1585578151.366695, "device_queued": -1, "device_end": -1, "host_queued_end": 1585578151.371223}, "device": "gpu", "nd_range": {"device_start": 1585578086.1963563, "device_end": 1585578086.1963673}, "cmdq": 0, "read": {"device_start": -1, "device_end": -1}}}