{"FFC_sans_bias60": {"write": {"device_start": -1, "host_queued_start": 1585578162.199993, "device_queued": -1, "device_end": -1, "host_queued_end": 1585578162.204411}, "device": "gpu", "nd_range": {"device_start": 1585578097.0317547, "device_end": 1585578097.031894}, "cmdq": 0, "read": {"device_start": -1, "device_end": -1}}, "FFC_sans_bias4": {"write": {"device_start": -1, "host_queued_start": 1585578162.194027, "device_queued": -1, "device_end": -1, "host_queued_end": 1585578162.204411}, "device": "gpu", "nd_range": {"device_start": 1585578097.0305886, "device_end": 1585578097.0306973}, "cmdq": 0, "read": {"device_start": -1, "device_end": -1}}, "FFC_sans_bias7": {"write": {"device_start": 1585578097.0318952, "host_queued_start": 1585578162.20074, "device_queued": 1585578097.0306695, "device_end": 1585578097.0319035, "host_queued_end": 1585578162.204411}, "device": "gpu", "nd_range": {"device_start": 1585578097.0319047, "device_end": 1585578097.0320294}, "cmdq": 0, "read": {"device_start": 1585578097.0320346, "device_end": 1585578097.0320446}}, "FFC_sans_bias6": {"write": {"device_start": -1, "host_queued_start": 1585578162.198152, "device_queued": -1, "device_end": -1, "host_queued_end": 1585578162.204411}, "device": "gpu", "nd_range": {"device_start": 1585578097.0314195, "device_end": 1585578097.0315263}, "cmdq": 0, "read": {"device_start": -1, "device_end": -1}}, "FFC_sans_bias1": {"write": {"device_start": 1585578097.0289118, "host_queued_start": 1585578162.18036, "device_queued": 1585578097.0288897, "device_end": 1585578097.0289204, "host_queued_end": 1585578162.204411}, "device": "gpu", "nd_range": {"device_start": 1585578097.0289237, "device_end": 1585578097.0290487}, "cmdq": 1, "read": {"device_start": -1, "device_end": -1}}, "FFC_sans_bias0": {"write": {"device_start": 1585578097.0288687, "host_queued_start": 1585578162.179855, "device_queued": 1585578097.028847, "device_end": 1585578097.0288775, "host_queued_end": 1585578162.204411}, "device": "gpu", "nd_range": {"device_start": 1585578097.0288794, "device_end": 1585578097.0289886}, "cmdq": 0, "read": {"device_start": -1, "device_end": -1}}, "FFC_sans_bias2": {"write": {"device_start": 1585578097.0289907, "host_queued_start": 1585578162.180863, "device_queued": 1585578097.0289302, "device_end": 1585578097.0289996, "host_queued_end": 1585578162.204411}, "device": "gpu", "nd_range": {"device_start": 1585578097.0290005, "device_end": 1585578097.0291145}, "cmdq": 0, "read": {"device_start": -1, "device_end": -1}}, "FFC_sans_bias61": {"write": {"device_start": 1585578097.0326395, "host_queued_start": 1585578162.203784, "device_queued": 1585578097.0311315, "device_end": 1585578097.0326483, "host_queued_end": 1585578162.204411}, "device": "gpu", "nd_range": {"device_start": 1585578097.0326493, "device_end": 1585578097.03276}, "cmdq": 0, "read": {"device_start": 1585578097.0327644, "device_end": 1585578097.032773}}, "FFC_sans_bias52": {"write": {"device_start": 1585578097.0325298, "host_queued_start": 1585578162.203256, "device_queued": 1585578097.0310624, "device_end": 1585578097.0325413, "host_queued_end": 1585578162.204411}, "device": "gpu", "nd_range": {"device_start": 1585578097.0325434, "device_end": 1585578097.0326529}, "cmdq": 1, "read": {"device_start": 1585578097.032664, "device_end": 1585578097.032673}}, "FFC_sans_bias9": {"write": {"device_start": 1585578097.0290508, "host_queued_start": 1585578162.181357, "device_queued": 1585578097.0289695, "device_end": 1585578097.0290594, "host_queued_end": 1585578162.204411}, "device": "gpu", "nd_range": {"device_start": 1585578097.0290604, "device_end": 1585578097.029208}, "cmdq": 1, "read": {"device_start": -1, "device_end": -1}}, "coalesced_transpose39": {"write": {"device_start": -1, "host_queued_start": 1585578162.192905, "device_queued": -1, "device_end": -1, "host_queued_end": 1585578162.204411}, "device": "gpu", "nd_range": {"device_start": 1585578097.0305688, "device_end": 1585578097.0305762}, "cmdq": 0, "read": {"device_start": -1, "device_end": -1}}, "FFC_sans_bias55": {"write": {"device_start": 1585578097.0302455, "host_queued_start": 1585578162.189979, "device_queued": 1585578097.0298986, "device_end": 1585578097.0302541, "host_queued_end": 1585578162.204411}, "device": "gpu", "nd_range": {"device_start": 1585578097.0302553, "device_end": 1585578097.030419}, "cmdq": 0, "read": {"device_start": -1, "device_end": -1}}, "FFC_sans_bias54": {"write": {"device_start": 1585578097.0301943, "host_queued_start": 1585578162.189495, "device_queued": 1585578097.029777, "device_end": 1585578097.0302026, "host_queued_end": 1585578162.204411}, "device": "gpu", "nd_range": {"device_start": 1585578097.030204, "device_end": 1585578097.0303328}, "cmdq": 1, "read": {"device_start": -1, "device_end": -1}}, "FFC_sans_bias56": {"write": {"device_start": 1585578097.030123, "host_queued_start": 1585578162.188999, "device_queued": 1585578097.02974, "device_end": 1585578097.0301316, "host_queued_end": 1585578162.204411}, "device": "gpu", "nd_range": {"device_start": 1585578097.0301325, "device_end": 1585578097.0302434}, "cmdq": 0, "read": {"device_start": -1, "device_end": -1}}, "FFC_sans_bias51": {"write": {"device_start": -1, "host_queued_start": 1585578162.199696, "device_queued": -1, "device_end": -1, "host_queued_end": 1585578162.204411}, "device": "gpu", "nd_range": {"device_start": 1585578097.0318348, "device_end": 1585578097.0319438}, "cmdq": 1, "read": {"device_start": -1, "device_end": -1}}, "softmax23": {"write": {"device_start": -1, "host_queued_start": 1585578162.196764, "device_queued": -1, "device_end": -1, "host_queued_end": 1585578162.204411}, "device": "gpu", "nd_range": {"device_start": 1585578097.031195, "device_end": 1585578097.031273}, "cmdq": 0, "read": {"device_start": -1, "device_end": -1}}, "FFC_sans_bias37": {"write": {"device_start": 1585578097.0297592, "host_queued_start": 1585578162.186493, "device_queued": 1585578097.0295415, "device_end": 1585578097.0297678, "host_queued_end": 1585578162.204411}, "device": "gpu", "nd_range": {"device_start": 1585578097.0297687, "device_end": 1585578097.0299153}, "cmdq": 1, "read": {"device_start": -1, "device_end": -1}}, "empty62": {"write": {"device_start": 1585578097.0288029, "host_queued_start": 1585578162.178963, "device_queued": 1585578097.0287817, "device_end": 1585578097.0288117, "host_queued_end": 1585578162.204411}, "device": "gpu", "nd_range": {"device_start": 1585578097.0288126, "device_end": 1585578097.0288162}, "cmdq": 0, "read": {"device_start": -1, "device_end": -1}}, "FFC_sans_bias70": {"write": {"device_start": 1585578097.032762, "host_queued_start": 1585578162.204311, "device_queued": 1585578097.0311782, "device_end": 1585578097.0327742, "host_queued_end": 1585578162.204411}, "device": "gpu", "nd_range": {"device_start": 1585578097.0327764, "device_end": 1585578097.0328834}, "cmdq": 1, "read": {"device_start": 1585578097.0328853, "device_end": 1585578097.032892}}, "FFC_sans_bias58": {"write": {"device_start": -1, "host_queued_start": 1585578162.195787, "device_queued": -1, "device_end": -1, "host_queued_end": 1585578162.204411}, "device": "gpu", "nd_range": {"device_start": 1585578097.0309985, "device_end": 1585578097.031112}, "cmdq": 0, "read": {"device_start": -1, "device_end": -1}}, "softmax41": {"write": {"device_start": -1, "host_queued_start": 1585578162.197204, "device_queued": -1, "device_end": -1, "host_queued_end": 1585578162.204411}, "device": "gpu", "nd_range": {"device_start": 1585578097.031274, "device_end": 1585578097.0313468}, "cmdq": 0, "read": {"device_start": -1, "device_end": -1}}, "FFC_sans_bias11": {"write": {"device_start": 1585578097.0292115, "host_queued_start": 1585578162.182495, "device_queued": 1585578097.0291557, "device_end": 1585578097.02922, "host_queued_end": 1585578162.204411}, "device": "gpu", "nd_range": {"device_start": 1585578097.0292215, "device_end": 1585578097.0293314}, "cmdq": 1, "read": {"device_start": -1, "device_end": -1}}, "FFC_sans_bias10": {"write": {"device_start": 1585578097.0291343, "host_queued_start": 1585578162.181994, "device_queued": 1585578097.0291104, "device_end": 1585578097.0291426, "host_queued_end": 1585578162.204411}, "device": "gpu", "nd_range": {"device_start": 1585578097.0291471, "device_end": 1585578097.029259}, "cmdq": 0, "read": {"device_start": -1, "device_end": -1}}, "coalesced_transpose3": {"write": {"device_start": -1, "host_queued_start": 1585578162.191794, "device_queued": -1, "device_end": -1, "host_queued_end": 1585578162.204411}, "device": "gpu", "nd_range": {"device_start": 1585578097.0305426, "device_end": 1585578097.0305552}, "cmdq": 0, "read": {"device_start": -1, "device_end": -1}}, "FFC_sans_bias34": {"write": {"device_start": 1585578097.0322986, "host_queued_start": 1585578162.20225, "device_queued": 1585578097.030834, "device_end": 1585578097.0323074, "host_queued_end": 1585578162.204411}, "device": "gpu", "nd_range": {"device_start": 1585578097.0323153, "device_end": 1585578097.0324256}, "cmdq": 1, "read": {"device_start": 1585578097.0324302, "device_end": 1585578097.0324395}}, "FFC_sans_bias15": {"write": {"device_start": -1, "host_queued_start": 1585578162.198503, "device_queued": -1, "device_end": -1, "host_queued_end": 1585578162.204411}, "device": "gpu", "nd_range": {"device_start": 1585578097.0315564, "device_end": 1585578097.0317068}, "cmdq": 1, "read": {"device_start": -1, "device_end": -1}}, "FFC_sans_bias31": {"write": {"device_start": -1, "host_queued_start": 1585578162.194919, "device_queued": -1, "device_end": -1, "host_queued_end": 1585578162.204411}, "device": "gpu", "nd_range": {"device_start": 1585578097.0307906, "device_end": 1585578097.0309}, "cmdq": 1, "read": {"device_start": -1, "device_end": -1}}, "FFC_sans_bias16": {"write": {"device_start": 1585578097.0320706, "host_queued_start": 1585578162.201252, "device_queued": 1585578097.0307076, "device_end": 1585578097.0320795, "host_queued_end": 1585578162.204411}, "device": "gpu", "nd_range": {"device_start": 1585578097.0320807, "device_end": 1585578097.0321906}, "cmdq": 1, "read": {"device_start": 1585578097.0321956, "device_end": 1585578097.0322063}}, "FFC_sans_bias19": {"write": {"device_start": 1585578097.0293336, "host_queued_start": 1585578162.1835, "device_queued": 1585578097.0292342, "device_end": 1585578097.0293424, "host_queued_end": 1585578162.204411}, "device": "gpu", "nd_range": {"device_start": 1585578097.0293438, "device_end": 1585578097.029479}, "cmdq": 1, "read": {"device_start": -1, "device_end": -1}}, "FFC_sans_bias18": {"write": {"device_start": 1585578097.0292609, "host_queued_start": 1585578162.183009, "device_queued": 1585578097.0291958, "device_end": 1585578097.0292697, "host_queued_end": 1585578162.204411}, "device": "gpu", "nd_range": {"device_start": 1585578097.0292706, "device_end": 1585578097.02943}, "cmdq": 0, "read": {"device_start": -1, "device_end": -1}}, "coalesced_transpose30": {"write": {"device_start": -1, "host_queued_start": 1585578162.192633, "device_queued": -1, "device_end": -1, "host_queued_end": 1585578162.204411}, "device": "gpu", "nd_range": {"device_start": 1585578097.0306518, "device_end": 1585578097.0306566}, "cmdq": 1, "read": {"device_start": -1, "device_end": -1}}, "FFC_sans_bias69": {"write": {"device_start": -1, "host_queued_start": 1585578162.200272, "device_queued": -1, "device_end": -1, "host_queued_end": 1585578162.204411}, "device": "gpu", "nd_range": {"device_start": 1585578097.031946, "device_end": 1585578097.0320692}, "cmdq": 1, "read": {"device_start": -1, "device_end": -1}}, "FFC_sans_bias38": {"write": {"device_start": 1585578097.0298295, "host_queued_start": 1585578162.187026, "device_queued": 1585578097.0295858, "device_end": 1585578097.0298378, "host_queued_end": 1585578162.204411}, "device": "gpu", "nd_range": {"device_start": 1585578097.0298393, "device_end": 1585578097.0299678}, "cmdq": 0, "read": {"device_start": -1, "device_end": -1}}, "coalesced_transpose57": {"write": {"device_start": -1, "host_queued_start": 1585578162.193468, "device_queued": -1, "device_end": -1, "host_queued_end": 1585578162.204411}, "device": "gpu", "nd_range": {"device_start": 1585578097.0305774, "device_end": 1585578097.030587}, "cmdq": 0, "read": {"device_start": -1, "device_end": -1}}, "empty26": {"write": {"device_start": 1585578097.028647, "host_queued_start": 1585578162.177412, "device_queued": 1585578097.0286224, "device_end": 1585578097.0286558, "host_queued_end": 1585578162.204411}, "device": "gpu", "nd_range": {"device_start": 1585578097.0286613, "device_end": 1585578097.0286655}, "cmdq": 0, "read": {"device_start": -1, "device_end": -1}}, "coalesced_transpose12": {"write": {"device_start": -1, "host_queued_start": 1585578162.192062, "device_queued": -1, "device_end": -1, "host_queued_end": 1585578162.204411}, "device": "gpu", "nd_range": {"device_start": 1585578097.0306377, "device_end": 1585578097.03065}, "cmdq": 1, "read": {"device_start": -1, "device_end": -1}}, "empty44": {"write": {"device_start": 1585578097.0287356, "host_queued_start": 1585578162.178151, "device_queued": 1585578097.0287135, "device_end": 1585578097.0287442, "host_queued_end": 1585578162.204411}, "device": "gpu", "nd_range": {"device_start": 1585578097.0287454, "device_end": 1585578097.028749}, "cmdq": 0, "read": {"device_start": -1, "device_end": -1}}, "coalesced_transpose21": {"write": {"device_start": -1, "host_queued_start": 1585578162.192348, "device_queued": -1, "device_end": -1, "host_queued_end": 1585578162.204411}, "device": "gpu", "nd_range": {"device_start": 1585578097.0305564, "device_end": 1585578097.0305672}, "cmdq": 0, "read": {"device_start": -1, "device_end": -1}}, "FFC_sans_bias36": {"write": {"device_start": 1585578097.0297039, "host_queued_start": 1585578162.186006, "device_queued": 1585578097.029499, "device_end": 1585578097.0297139, "host_queued_end": 1585578162.204411}, "device": "gpu", "nd_range": {"device_start": 1585578097.029715, "device_end": 1585578097.0298274}, "cmdq": 0, "read": {"device_start": -1, "device_end": -1}}, "softmax14": {"write": {"device_start": -1, "host_queued_start": 1585578162.196539, "device_queued": -1, "device_end": -1, "host_queued_end": 1585578162.204411}, "device": "gpu", "nd_range": {"device_start": 1585578097.0312102, "device_end": 1585578097.03129}, "cmdq": 1, "read": {"device_start": -1, "device_end": -1}}, "FFC_sans_bias13": {"write": {"device_start": -1, "host_queued_start": 1585578162.194325, "device_queued": -1, "device_end": -1, "host_queued_end": 1585578162.204411}, "device": "gpu", "nd_range": {"device_start": 1585578097.030678, "device_end": 1585578097.0307891}, "cmdq": 1, "read": {"device_start": -1, "device_end": -1}}, "empty8": {"write": {"device_start": 1585578097.028533, "host_queued_start": 1585578162.176411, "device_queued": 1585578097.0284977, "device_end": 1585578097.0285416, "host_queued_end": 1585578162.204411}, "device": "gpu", "nd_range": {"device_start": 1585578097.0285683, "device_end": 1585578097.028581}, "cmdq": 0, "read": {"device_start": -1, "device_end": -1}}, "FFC_sans_bias42": {"write": {"device_start": -1, "host_queued_start": 1585578162.199404, "device_queued": -1, "device_end": -1, "host_queued_end": 1585578162.204411}, "device": "gpu", "nd_range": {"device_start": 1585578097.031637, "device_end": 1585578097.0317535}, "cmdq": 0, "read": {"device_start": -1, "device_end": -1}}, "FFC_sans_bias43": {"write": {"device_start": 1585578097.032401, "host_queued_start": 1585578162.202754, "device_queued": 1585578097.0310204, "device_end": 1585578097.0324097, "host_queued_end": 1585578162.204411}, "device": "gpu", "nd_range": {"device_start": 1585578097.0324109, "device_end": 1585578097.0325248}, "cmdq": 0, "read": {"device_start": 1585578097.0325274, "device_end": 1585578097.0325398}}, "FFC_sans_bias40": {"write": {"device_start": -1, "host_queued_start": 1585578162.195217, "device_queued": -1, "device_end": -1, "host_queued_end": 1585578162.204411}, "device": "gpu", "nd_range": {"device_start": 1585578097.0308883, "device_end": 1585578097.0309963}, "cmdq": 0, "read": {"device_start": -1, "device_end": -1}}, "softmax32": {"write": {"device_start": -1, "host_queued_start": 1585578162.196977, "device_queued": -1, "device_end": -1, "host_queued_end": 1585578162.204411}, "device": "gpu", "nd_range": {"device_start": 1585578097.031292, "device_end": 1585578097.031365}, "cmdq": 1, "read": {"device_start": -1, "device_end": -1}}, "FFC_sans_bias47": {"write": {"device_start": 1585578097.0300388, "host_queued_start": 1585578162.188512, "device_queued": 1585578097.0297012, "device_end": 1585578097.0300477, "host_queued_end": 1585578162.204411}, "device": "gpu", "nd_range": {"device_start": 1585578097.0300486, "device_end": 1585578097.030192}, "cmdq": 1, "read": {"device_start": -1, "device_end": -1}}, "FFC_sans_bias45": {"write": {"device_start": 1585578097.029918, "host_queued_start": 1585578162.187524, "device_queued": 1585578097.029628, "device_end": 1585578097.0299265, "host_queued_end": 1585578162.204411}, "device": "gpu", "nd_range": {"device_start": 1585578097.0299277, "device_end": 1585578097.030037}, "cmdq": 1, "read": {"device_start": -1, "device_end": -1}}, "softmax50": {"write": {"device_start": -1, "host_queued_start": 1585578162.197429, "device_queued": -1, "device_end": -1, "host_queued_end": 1585578162.204411}, "device": "gpu", "nd_range": {"device_start": 1585578097.031367, "device_end": 1585578097.0314639}, "cmdq": 1, "read": {"device_start": -1, "device_end": -1}}, "FFC_sans_bias33": {"write": {"device_start": -1, "host_queued_start": 1585578162.199122, "device_queued": -1, "device_end": -1, "host_queued_end": 1585578162.204411}, "device": "gpu", "nd_range": {"device_start": 1585578097.0317087, "device_end": 1585578097.0318327}, "cmdq": 1, "read": {"device_start": -1, "device_end": -1}}, "FFC_sans_bias63": {"write": {"device_start": 1585578097.0304534, "host_queued_start": 1585578162.191496, "device_queued": 1585578097.030011, "device_end": 1585578097.030462, "host_queued_end": 1585578162.204411}, "device": "gpu", "nd_range": {"device_start": 1585578097.030463, "device_end": 1585578097.0306358}, "cmdq": 1, "read": {"device_start": -1, "device_end": -1}}, "FFC_sans_bias49": {"write": {"device_start": -1, "host_queued_start": 1585578162.195495, "device_queued": -1, "device_end": -1, "host_queued_end": 1585578162.204411}, "device": "gpu", "nd_range": {"device_start": 1585578097.0309014, "device_end": 1585578097.0310943}, "cmdq": 1, "read": {"device_start": -1, "device_end": -1}}, "FFC_sans_bias64": {"write": {"device_start": 1585578097.0303347, "host_queued_start": 1585578162.190481, "device_queued": 1585578097.029939, "device_end": 1585578097.0303433, "host_queued_end": 1585578162.204411}, "device": "gpu", "nd_range": {"device_start": 1585578097.0303445, "device_end": 1585578097.0304513}, "cmdq": 1, "read": {"device_start": -1, "device_end": -1}}, "FFC_sans_bias65": {"write": {"device_start": 1585578097.030421, "host_queued_start": 1585578162.191009, "device_queued": 1585578097.0299723, "device_end": 1585578097.0304298, "host_queued_end": 1585578162.204411}, "device": "gpu", "nd_range": {"device_start": 1585578097.030431, "device_end": 1585578097.0305412}, "cmdq": 0, "read": {"device_start": -1, "device_end": -1}}, "FFC_sans_bias67": {"write": {"device_start": -1, "host_queued_start": 1585578162.196087, "device_queued": -1, "device_end": -1, "host_queued_end": 1585578162.204411}, "device": "gpu", "nd_range": {"device_start": 1585578097.031096, "device_end": 1585578097.0312088}, "cmdq": 1, "read": {"device_start": -1, "device_end": -1}}, "FFC_sans_bias24": {"write": {"device_start": -1, "host_queued_start": 1585578162.198823, "device_queued": -1, "device_end": -1, "host_queued_end": 1585578162.204411}, "device": "gpu", "nd_range": {"device_start": 1585578097.0315282, "device_end": 1585578097.0316348}, "cmdq": 0, "read": {"device_start": -1, "device_end": -1}}, "FFC_sans_bias25": {"write": {"device_start": 1585578097.0321465, "host_queued_start": 1585578162.201749, "device_queued": 1585578097.0307856, "device_end": 1585578097.032155, "host_queued_end": 1585578162.204411}, "device": "gpu", "nd_range": {"device_start": 1585578097.032156, "device_end": 1585578097.032277}, "cmdq": 0, "read": {"device_start": 1585578097.0322804, "device_end": 1585578097.0323002}}, "FFC_sans_bias27": {"write": {"device_start": 1585578097.0294814, "host_queued_start": 1585578162.184499, "device_queued": 1585578097.0293052, "device_end": 1585578097.0294898, "host_queued_end": 1585578162.204411}, "device": "gpu", "nd_range": {"device_start": 1585578097.0294912, "device_end": 1585578097.0296273}, "cmdq": 1, "read": {"device_start": -1, "device_end": -1}}, "FFC_sans_bias20": {"write": {"device_start": 1585578097.0294318, "host_queued_start": 1585578162.184003, "device_queued": 1585578097.0292695, "device_end": 1585578097.0294406, "host_queued_end": 1585578162.204411}, "device": "gpu", "nd_range": {"device_start": 1585578097.0294416, "device_end": 1585578097.0295496}, "cmdq": 0, "read": {"device_start": -1, "device_end": -1}}, "FFC_sans_bias22": {"write": {"device_start": -1, "host_queued_start": 1585578162.194627, "device_queued": -1, "device_end": -1, "host_queued_end": 1585578162.204411}, "device": "gpu", "nd_range": {"device_start": 1585578097.0306993, "device_end": 1585578097.0308857}, "cmdq": 0, "read": {"device_start": -1, "device_end": -1}}, "softmax68": {"write": {"device_start": -1, "host_queued_start": 1585578162.19786, "device_queued": -1, "device_end": -1, "host_queued_end": 1585578162.204411}, "device": "gpu", "nd_range": {"device_start": 1585578097.0314658, "device_end": 1585578097.0315552}, "cmdq": 1, "read": {"device_start": -1, "device_end": -1}}, "softmax5": {"write": {"device_start": -1, "host_queued_start": 1585578162.196302, "device_queued": -1, "device_end": -1, "host_queued_end": 1585578162.204411}, "device": "gpu", "nd_range": {"device_start": 1585578097.0311143, "device_end": 1585578097.031192}, "cmdq": 0, "read": {"device_start": -1, "device_end": -1}}, "FFC_sans_bias28": {"write": {"device_start": 1585578097.0295534, "host_queued_start": 1585578162.184989, "device_queued": 1585578097.0293405, "device_end": 1585578097.0295653, "host_queued_end": 1585578162.204411}, "device": "gpu", "nd_range": {"device_start": 1585578097.0295663, "device_end": 1585578097.0297017}, "cmdq": 0, "read": {"device_start": -1, "device_end": -1}}, "FFC_sans_bias29": {"write": {"device_start": 1585578097.0296295, "host_queued_start": 1585578162.185483, "device_queued": 1585578097.0293753, "device_end": 1585578097.0296402, "host_queued_end": 1585578162.204411}, "device": "gpu", "nd_range": {"device_start": 1585578097.0296416, "device_end": 1585578097.0297568}, "cmdq": 1, "read": {"device_start": -1, "device_end": -1}}, "empty17": {"write": {"device_start": 1585578097.0286102, "host_queued_start": 1585578162.177, "device_queued": 1585578097.0285861, "device_end": 1585578097.0286186, "host_queued_end": 1585578162.204411}, "device": "gpu", "nd_range": {"device_start": 1585578097.0286195, "device_end": 1585578097.028623}, "cmdq": 1, "read": {"device_start": -1, "device_end": -1}}, "softmax59": {"write": {"device_start": -1, "host_queued_start": 1585578162.197637, "device_queued": -1, "device_end": -1, "host_queued_end": 1585578162.204411}, "device": "gpu", "nd_range": {"device_start": 1585578097.0313482, "device_end": 1585578097.0314174}, "cmdq": 0, "read": {"device_start": -1, "device_end": -1}}, "empty71": {"write": {"device_start": 1585578097.0288348, "host_queued_start": 1585578162.179331, "device_queued": 1585578097.0288126, "device_end": 1585578097.0288434, "host_queued_end": 1585578162.204411}, "device": "gpu", "nd_range": {"device_start": 1585578097.0288446, "device_end": 1585578097.028848}, "cmdq": 1, "read": {"device_start": -1, "device_end": -1}}, "empty35": {"write": {"device_start": 1585578097.0287, "host_queued_start": 1585578162.177784, "device_queued": 1585578097.028669, "device_end": 1585578097.0287087, "host_queued_end": 1585578162.204411}, "device": "gpu", "nd_range": {"device_start": 1585578097.0287097, "device_end": 1585578097.028713}, "cmdq": 1, "read": {"device_start": -1, "device_end": -1}}, "empty53": {"write": {"device_start": 1585578097.0287697, "host_queued_start": 1585578162.178521, "device_queued": 1585578097.028747, "device_end": 1585578097.0287783, "host_queued_end": 1585578162.204411}, "device": "gpu", "nd_range": {"device_start": 1585578097.0287793, "device_end": 1585578097.0287826}, "cmdq": 1, "read": {"device_start": -1, "device_end": -1}}, "FFC_sans_bias46": {"write": {"device_start": 1585578097.02997, "host_queued_start": 1585578162.188014, "device_queued": 1585578097.0296664, "device_end": 1585578097.029982, "host_queued_end": 1585578162.204411}, "device": "gpu", "nd_range": {"device_start": 1585578097.0299835, "device_end": 1585578097.0301208}, "cmdq": 0, "read": {"device_start": -1, "device_end": -1}}, "coalesced_transpose66": {"write": {"device_start": -1, "host_queued_start": 1585578162.193733, "device_queued": -1, "device_end": -1, "host_queued_end": 1585578162.204411}, "device": "gpu", "nd_range": {"device_start": 1585578097.0306673, "device_end": 1585578097.0306768}, "cmdq": 1, "read": {"device_start": -1, "device_end": -1}}, "coalesced_transpose48": {"write": {"device_start": -1, "host_queued_start": 1585578162.193186, "device_queued": -1, "device_end": -1, "host_queued_end": 1585578162.204411}, "device": "gpu", "nd_range": {"device_start": 1585578097.0306582, "device_end": 1585578097.0306656}, "cmdq": 1, "read": {"device_start": -1, "device_end": -1}}}