{"FFC_sans_bias60": {"write": {"device_start": -1, "host_queued_start": 1585578194.319093, "device_queued": -1, "device_end": -1, "host_queued_end": 1585578194.321943}, "device": "gpu", "nd_range": {"device_start": 1585578129.1469984, "device_end": 1585578129.1471872}, "cmdq": 0, "read": {"device_start": -1, "device_end": -1}}, "FFC_sans_bias4": {"write": {"device_start": -1, "host_queued_start": 1585578194.329736, "device_queued": -1, "device_end": -1, "host_queued_end": 1585578194.33358}, "device": "cpu", "nd_range": {"device_start": 2245968.527937049, "device_end": 2245968.528905935}, "cmdq": 0, "read": {"device_start": -1, "device_end": -1}}, "FFC_sans_bias7": {"write": {"device_start": -1, "host_queued_start": 1585578194.332578, "device_queued": -1, "device_end": -1, "host_queued_end": 1585578194.33358}, "device": "cpu", "nd_range": {"device_start": 2245968.530395811, "device_end": 2245968.532194939}, "cmdq": 0, "read": {"device_start": -1, "device_end": -1}}, "FFC_sans_bias6": {"write": {"device_start": -1, "host_queued_start": 1585578194.33144, "device_queued": -1, "device_end": -1, "host_queued_end": 1585578194.33358}, "device": "cpu", "nd_range": {"device_start": 2245968.5291848932, "device_end": 2245968.53038757}, "cmdq": 0, "read": {"device_start": -1, "device_end": -1}}, "FFC_sans_bias1": {"write": {"device_start": -1, "host_queued_start": 1585578194.32474, "device_queued": -1, "device_end": -1, "host_queued_end": 1585578194.33358}, "device": "cpu", "nd_range": {"device_start": 2245968.523224826, "device_end": 2245968.5249488084}, "cmdq": 1, "read": {"device_start": -1, "device_end": -1}}, "FFC_sans_bias0": {"write": {"device_start": -1, "host_queued_start": 1585578194.324215, "device_queued": -1, "device_end": -1, "host_queued_end": 1585578194.33358}, "device": "cpu", "nd_range": {"device_start": 2245968.523196319, "device_end": 2245968.524961822}, "cmdq": 0, "read": {"device_start": -1, "device_end": -1}}, "FFC_sans_bias2": {"write": {"device_start": -1, "host_queued_start": 1585578194.325391, "device_queued": -1, "device_end": -1, "host_queued_end": 1585578194.33358}, "device": "cpu", "nd_range": {"device_start": 2245968.5231955, "device_end": 2245968.524338156}, "cmdq": 2, "read": {"device_start": -1, "device_end": -1}}, "FFC_sans_bias61": {"write": {"device_start": 1585578129.1476014, "host_queued_start": 1585578194.321338, "device_queued": 1585578129.1465893, "device_end": 1585578129.1476166, "host_queued_end": 1585578194.321943}, "device": "gpu", "nd_range": {"device_start": 1585578129.1476178, "device_end": 1585578129.1477275}, "cmdq": 1, "read": {"device_start": 1585578129.147738, "device_end": 1585578129.1477447}}, "FFC_sans_bias52": {"write": {"device_start": 1585578129.1474402, "host_queued_start": 1585578194.320836, "device_queued": 1585578129.1465409, "device_end": 1585578129.147449, "host_queued_end": 1585578194.321943}, "device": "gpu", "nd_range": {"device_start": 1585578129.14745, "device_end": 1585578129.1475592}, "cmdq": 0, "read": {"device_start": 1585578129.147565, "device_end": 1585578129.147591}}, "FFC_sans_bias9": {"write": {"device_start": -1, "host_queued_start": 1585578194.325893, "device_queued": -1, "device_end": -1, "host_queued_end": 1585578194.33358}, "device": "cpu", "nd_range": {"device_start": 2245968.524970939, "device_end": 2245968.526406549}, "cmdq": 0, "read": {"device_start": -1, "device_end": -1}}, "coalesced_transpose39": {"write": {"device_start": -1, "host_queued_start": 1585578194.314523, "device_queued": -1, "device_end": -1, "host_queued_end": 1585578194.321943}, "device": "gpu", "nd_range": {"device_start": 1585578129.1463485, "device_end": 1585578129.1463552}, "cmdq": 1, "read": {"device_start": -1, "device_end": -1}}, "FFC_sans_bias55": {"write": {"device_start": 1585578129.146003, "host_queued_start": 1585578194.312461, "device_queued": 1585578129.145792, "device_end": 1585578129.1460118, "host_queued_end": 1585578194.321943}, "device": "gpu", "nd_range": {"device_start": 1585578129.1460128, "device_end": 1585578129.1461747}, "cmdq": 0, "read": {"device_start": -1, "device_end": -1}}, "FFC_sans_bias54": {"write": {"device_start": 1585578129.145958, "host_queued_start": 1585578194.311949, "device_queued": 1585578129.145757, "device_end": 1585578129.1459668, "host_queued_end": 1585578194.321943}, "device": "gpu", "nd_range": {"device_start": 1585578129.1459677, "device_end": 1585578129.146085}, "cmdq": 1, "read": {"device_start": -1, "device_end": -1}}, "FFC_sans_bias56": {"write": {"device_start": 1585578129.14588, "host_queued_start": 1585578194.311458, "device_queued": 1585578129.14572, "device_end": 1585578129.145889, "host_queued_end": 1585578194.321943}, "device": "gpu", "nd_range": {"device_start": 1585578129.1458907, "device_end": 1585578129.146001}, "cmdq": 0, "read": {"device_start": -1, "device_end": -1}}, "FFC_sans_bias51": {"write": {"device_start": -1, "host_queued_start": 1585578194.318799, "device_queued": -1, "device_end": -1, "host_queued_end": 1585578194.321943}, "device": "gpu", "nd_range": {"device_start": 1585578129.1471024, "device_end": 1585578129.147211}, "cmdq": 1, "read": {"device_start": -1, "device_end": -1}}, "softmax23": {"write": {"device_start": -1, "host_queued_start": 1585578194.331138, "device_queued": -1, "device_end": -1, "host_queued_end": 1585578194.33358}, "device": "cpu", "nd_range": {"device_start": 2245968.5304083712, "device_end": 2245968.53045448}, "cmdq": 2, "read": {"device_start": -1, "device_end": -1}}, "FFC_sans_bias37": {"write": {"device_start": 1585578129.1455128, "host_queued_start": 1585578194.308793, "device_queued": 1585578129.145419, "device_end": 1585578129.1455219, "host_queued_end": 1585578194.321943}, "device": "gpu", "nd_range": {"device_start": 1585578129.1455228, "device_end": 1585578129.145662}, "cmdq": 1, "read": {"device_start": -1, "device_end": -1}}, "empty62": {"write": {"device_start": 1585578129.1451962, "host_queued_start": 1585578194.305897, "device_queued": 1585578129.145174, "device_end": 1585578129.1452045, "host_queued_end": 1585578194.321943}, "device": "gpu", "nd_range": {"device_start": 1585578129.145206, "device_end": 1585578129.145209}, "cmdq": 1, "read": {"device_start": -1, "device_end": -1}}, "FFC_sans_bias70": {"write": {"device_start": 1585578129.1476226, "host_queued_start": 1585578194.321836, "device_queued": 1585578129.1466558, "device_end": 1585578129.1476312, "host_queued_end": 1585578194.321943}, "device": "gpu", "nd_range": {"device_start": 1585578129.1476321, "device_end": 1585578129.1477792}, "cmdq": 0, "read": {"device_start": 1585578129.1477857, "device_end": 1585578129.1477993}}, "FFC_sans_bias58": {"write": {"device_start": -1, "host_queued_start": 1585578194.316518, "device_queued": -1, "device_end": -1, "host_queued_end": 1585578194.321943}, "device": "gpu", "nd_range": {"device_start": 1585578129.1464703, "device_end": 1585578129.1465797}, "cmdq": 0, "read": {"device_start": -1, "device_end": -1}}, "softmax41": {"write": {"device_start": -1, "host_queued_start": 1585578194.317254, "device_queued": -1, "device_end": -1, "host_queued_end": 1585578194.321943}, "device": "gpu", "nd_range": {"device_start": 1585578129.1467862, "device_end": 1585578129.1468735}, "cmdq": 1, "read": {"device_start": -1, "device_end": -1}}, "FFC_sans_bias11": {"write": {"device_start": -1, "host_queued_start": 1585578194.326927, "device_queued": -1, "device_end": -1, "host_queued_end": 1585578194.33358}, "device": "cpu", "nd_range": {"device_start": 2245968.5243442194, "device_end": 2245968.5259157}, "cmdq": 2, "read": {"device_start": -1, "device_end": -1}}, "FFC_sans_bias10": {"write": {"device_start": -1, "host_queued_start": 1585578194.326393, "device_queued": -1, "device_end": -1, "host_queued_end": 1585578194.33358}, "device": "cpu", "nd_range": {"device_start": 2245968.5249584033, "device_end": 2245968.526396836}, "cmdq": 1, "read": {"device_start": -1, "device_end": -1}}, "coalesced_transpose3": {"write": {"device_start": -1, "host_queued_start": 1585578194.328816, "device_queued": -1, "device_end": -1, "host_queued_end": 1585578194.33358}, "device": "cpu", "nd_range": {"device_start": 2245968.527902334, "device_end": 2245968.527925231}, "cmdq": 0, "read": {"device_start": -1, "device_end": -1}}, "FFC_sans_bias34": {"write": {"device_start": 1585578129.1471894, "host_queued_start": 1585578194.319838, "device_queued": 1585578129.146423, "device_end": 1585578129.1471982, "host_queued_end": 1585578194.321943}, "device": "gpu", "nd_range": {"device_start": 1585578129.1471996, "device_end": 1585578129.1473107}, "cmdq": 0, "read": {"device_start": 1585578129.1473196, "device_end": 1585578129.1473312}}, "FFC_sans_bias15": {"write": {"device_start": -1, "host_queued_start": 1585578194.331762, "device_queued": -1, "device_end": -1, "host_queued_end": 1585578194.33358}, "device": "cpu", "nd_range": {"device_start": 2245968.529743657, "device_end": 2245968.5321520483}, "cmdq": 1, "read": {"device_start": -1, "device_end": -1}}, "FFC_sans_bias31": {"write": {"device_start": -1, "host_queued_start": 1585578194.315661, "device_queued": -1, "device_end": -1, "host_queued_end": 1585578194.321943}, "device": "gpu", "nd_range": {"device_start": 1585578129.1463625, "device_end": 1585578129.1465542}, "cmdq": 1, "read": {"device_start": -1, "device_end": -1}}, "FFC_sans_bias16": {"write": {"device_start": -1, "host_queued_start": 1585578194.333045, "device_queued": -1, "device_end": -1, "host_queued_end": 1585578194.33358}, "device": "cpu", "nd_range": {"device_start": 2245968.5321980943, "device_end": 2245968.532881886}, "cmdq": 1, "read": {"device_start": -1, "device_end": -1}}, "FFC_sans_bias19": {"write": {"device_start": -1, "host_queued_start": 1585578194.327924, "device_queued": -1, "device_end": -1, "host_queued_end": 1585578194.33358}, "device": "cpu", "nd_range": {"device_start": 2245968.526795134, "device_end": 2245968.527881563}, "cmdq": 1, "read": {"device_start": -1, "device_end": -1}}, "FFC_sans_bias18": {"write": {"device_start": -1, "host_queued_start": 1585578194.327426, "device_queued": -1, "device_end": -1, "host_queued_end": 1585578194.33358}, "device": "cpu", "nd_range": {"device_start": 2245968.526424774, "device_end": 2245968.527893086}, "cmdq": 0, "read": {"device_start": -1, "device_end": -1}}, "coalesced_transpose30": {"write": {"device_start": -1, "host_queued_start": 1585578194.314264, "device_queued": -1, "device_end": -1, "host_queued_end": 1585578194.321943}, "device": "gpu", "nd_range": {"device_start": 1585578129.146296, "device_end": 1585578129.1463075}, "cmdq": 0, "read": {"device_start": -1, "device_end": -1}}, "FFC_sans_bias69": {"write": {"device_start": -1, "host_queued_start": 1585578194.319367, "device_queued": -1, "device_end": -1, "host_queued_end": 1585578194.321943}, "device": "gpu", "nd_range": {"device_start": 1585578129.1472135, "device_end": 1585578129.1473625}, "cmdq": 1, "read": {"device_start": -1, "device_end": -1}}, "FFC_sans_bias38": {"write": {"device_start": 1585578129.1456144, "host_queued_start": 1585578194.309429, "device_queued": 1585578129.1454623, "device_end": 1585578129.1456244, "host_queued_end": 1585578194.321943}, "device": "gpu", "nd_range": {"device_start": 1585578129.1456256, "device_end": 1585578129.1457357}, "cmdq": 0, "read": {"device_start": -1, "device_end": -1}}, "coalesced_transpose57": {"write": {"device_start": -1, "host_queued_start": 1585578194.315109, "device_queued": -1, "device_end": -1, "host_queued_end": 1585578194.321943}, "device": "gpu", "nd_range": {"device_start": 1585578129.1463563, "device_end": 1585578129.146361}, "cmdq": 1, "read": {"device_start": -1, "device_end": -1}}, "empty26": {"write": {"device_start": -1, "host_queued_start": 1585578194.323621, "device_queued": -1, "device_end": -1, "host_queued_end": 1585578194.33358}, "device": "cpu", "nd_range": {"device_start": 2245968.523167908, "device_end": 2245968.523178494}, "cmdq": 2, "read": {"device_start": -1, "device_end": -1}}, "coalesced_transpose12": {"write": {"device_start": -1, "host_queued_start": 1585578194.329113, "device_queued": -1, "device_end": -1, "host_queued_end": 1585578194.33358}, "device": "cpu", "nd_range": {"device_start": 2245968.528201378, "device_end": 2245968.5282694953}, "cmdq": 1, "read": {"device_start": -1, "device_end": -1}}, "empty44": {"write": {"device_start": 1585578129.145095, "host_queued_start": 1585578194.305122, "device_queued": 1585578129.1450713, "device_end": 1585578129.1451037, "host_queued_end": 1585578194.321943}, "device": "gpu", "nd_range": {"device_start": 1585578129.1451046, "device_end": 1585578129.145108}, "cmdq": 1, "read": {"device_start": -1, "device_end": -1}}, "coalesced_transpose21": {"write": {"device_start": -1, "host_queued_start": 1585578194.329417, "device_queued": -1, "device_end": -1, "host_queued_end": 1585578194.33358}, "device": "cpu", "nd_range": {"device_start": 2245968.5284285, "device_end": 2245968.52848157}, "cmdq": 2, "read": {"device_start": -1, "device_end": -1}}, "FFC_sans_bias36": {"write": {"device_start": 1585578129.145448, "host_queued_start": 1585578194.308302, "device_queued": 1585578129.145365, "device_end": 1585578129.1454566, "host_queued_end": 1585578194.321943}, "device": "gpu", "nd_range": {"device_start": 1585578129.1454575, "device_end": 1585578129.14561}, "cmdq": 0, "read": {"device_start": -1, "device_end": -1}}, "softmax14": {"write": {"device_start": -1, "host_queued_start": 1585578194.330887, "device_queued": -1, "device_end": -1, "host_queued_end": 1585578194.33358}, "device": "cpu", "nd_range": {"device_start": 2245968.52957788, "device_end": 2245968.5296420353}, "cmdq": 1, "read": {"device_start": -1, "device_end": -1}}, "FFC_sans_bias13": {"write": {"device_start": -1, "host_queued_start": 1585578194.330056, "device_queued": -1, "device_end": -1, "host_queued_end": 1585578194.33358}, "device": "cpu", "nd_range": {"device_start": 2245968.52837518, "device_end": 2245968.529473316}, "cmdq": 1, "read": {"device_start": -1, "device_end": -1}}, "empty8": {"write": {"device_start": -1, "host_queued_start": 1585578194.322687, "device_queued": -1, "device_end": -1, "host_queued_end": 1585578194.33358}, "device": "cpu", "nd_range": {"device_start": 2245968.523167976, "device_end": 2245968.5231784913}, "cmdq": 0, "read": {"device_start": -1, "device_end": -1}}, "FFC_sans_bias42": {"write": {"device_start": -1, "host_queued_start": 1585578194.318476, "device_queued": -1, "device_end": -1, "host_queued_end": 1585578194.321943}, "device": "gpu", "nd_range": {"device_start": 1585578129.1468868, "device_end": 1585578129.1469958}, "cmdq": 0, "read": {"device_start": -1, "device_end": -1}}, "FFC_sans_bias43": {"write": {"device_start": 1585578129.1473641, "host_queued_start": 1585578194.320345, "device_queued": 1585578129.1464643, "device_end": 1585578129.1473727, "host_queued_end": 1585578194.321943}, "device": "gpu", "nd_range": {"device_start": 1585578129.1473737, "device_end": 1585578129.1474812}, "cmdq": 1, "read": {"device_start": 1585578129.1474895, "device_end": 1585578129.1474996}}, "FFC_sans_bias40": {"write": {"device_start": -1, "host_queued_start": 1585578194.315951, "device_queued": -1, "device_end": -1, "host_queued_end": 1585578194.321943}, "device": "gpu", "nd_range": {"device_start": 1585578129.146359, "device_end": 1585578129.1464665}, "cmdq": 0, "read": {"device_start": -1, "device_end": -1}}, "softmax32": {"write": {"device_start": -1, "host_queued_start": 1585578194.317028, "device_queued": -1, "device_end": -1, "host_queued_end": 1585578194.321943}, "device": "gpu", "nd_range": {"device_start": 1585578129.1465812, "device_end": 1585578129.1466608}, "cmdq": 0, "read": {"device_start": -1, "device_end": -1}}, "FFC_sans_bias47": {"write": {"device_start": 1585578129.1457894, "host_queued_start": 1585578194.310974, "device_queued": 1585578129.1456847, "device_end": 1585578129.1457992, "host_queued_end": 1585578194.321943}, "device": "gpu", "nd_range": {"device_start": 1585578129.1458008, "device_end": 1585578129.145956}, "cmdq": 1, "read": {"device_start": -1, "device_end": -1}}, "FFC_sans_bias45": {"write": {"device_start": 1585578129.145666, "host_queued_start": 1585578194.309924, "device_queued": 1585578129.1456046, "device_end": 1585578129.1456742, "host_queued_end": 1585578194.321943}, "device": "gpu", "nd_range": {"device_start": 1585578129.1456757, "device_end": 1585578129.145787}, "cmdq": 1, "read": {"device_start": -1, "device_end": -1}}, "softmax50": {"write": {"device_start": -1, "host_queued_start": 1585578194.317477, "device_queued": -1, "device_end": -1, "host_queued_end": 1585578194.321943}, "device": "gpu", "nd_range": {"device_start": 1585578129.1466837, "device_end": 1585578129.14679}, "cmdq": 0, "read": {"device_start": -1, "device_end": -1}}, "FFC_sans_bias33": {"write": {"device_start": -1, "host_queued_start": 1585578194.318202, "device_queued": -1, "device_end": -1, "host_queued_end": 1585578194.321943}, "device": "gpu", "nd_range": {"device_start": 1585578129.1469917, "device_end": 1585578129.1471002}, "cmdq": 1, "read": {"device_start": -1, "device_end": -1}}, "FFC_sans_bias63": {"write": {"device_start": 1585578129.146207, "host_queued_start": 1585578194.313961, "device_queued": 1585578129.1460166, "device_end": 1585578129.146216, "host_queued_end": 1585578194.321943}, "device": "gpu", "nd_range": {"device_start": 1585578129.146217, "device_end": 1585578129.1463473}, "cmdq": 1, "read": {"device_start": -1, "device_end": -1}}, "FFC_sans_bias49": {"write": {"device_start": -1, "host_queued_start": 1585578194.316229, "device_queued": -1, "device_end": -1, "host_queued_end": 1585578194.321943}, "device": "gpu", "nd_range": {"device_start": 1585578129.1465573, "device_end": 1585578129.146668}, "cmdq": 1, "read": {"device_start": -1, "device_end": -1}}, "FFC_sans_bias64": {"write": {"device_start": 1585578129.146087, "host_queued_start": 1585578194.312969, "device_queued": 1585578129.1458304, "device_end": 1585578129.1460958, "host_queued_end": 1585578194.321943}, "device": "gpu", "nd_range": {"device_start": 1585578129.1460967, "device_end": 1585578129.1462047}, "cmdq": 1, "read": {"device_start": -1, "device_end": -1}}, "FFC_sans_bias65": {"write": {"device_start": 1585578129.1461768, "host_queued_start": 1585578194.313472, "device_queued": 1585578129.145883, "device_end": 1585578129.1461856, "host_queued_end": 1585578194.321943}, "device": "gpu", "nd_range": {"device_start": 1585578129.1461866, "device_end": 1585578129.1462948}, "cmdq": 0, "read": {"device_start": -1, "device_end": -1}}, "FFC_sans_bias67": {"write": {"device_start": -1, "host_queued_start": 1585578194.316811, "device_queued": -1, "device_end": -1, "host_queued_end": 1585578194.321943}, "device": "gpu", "nd_range": {"device_start": 1585578129.1466715, "device_end": 1585578129.146783}, "cmdq": 1, "read": {"device_start": -1, "device_end": -1}}, "FFC_sans_bias24": {"write": {"device_start": -1, "host_queued_start": 1585578194.33208, "device_queued": -1, "device_end": -1, "host_queued_end": 1585578194.33358}, "device": "cpu", "nd_range": {"device_start": 2245968.530460278, "device_end": 2245968.531301915}, "cmdq": 2, "read": {"device_start": -1, "device_end": -1}}, "FFC_sans_bias25": {"write": {"device_start": -1, "host_queued_start": 1585578194.333536, "device_queued": -1, "device_end": -1, "host_queued_end": 1585578194.33358}, "device": "cpu", "nd_range": {"device_start": 2245968.5313068903, "device_end": 2245968.532231883}, "cmdq": 2, "read": {"device_start": -1, "device_end": -1}}, "FFC_sans_bias27": {"write": {"device_start": 1585578129.145266, "host_queued_start": 1585578194.306826, "device_queued": 1585578129.1452417, "device_end": 1585578129.1452746, "host_queued_end": 1585578194.321943}, "device": "gpu", "nd_range": {"device_start": 1585578129.1452765, "device_end": 1585578129.1453857}, "cmdq": 1, "read": {"device_start": -1, "device_end": -1}}, "FFC_sans_bias20": {"write": {"device_start": -1, "host_queued_start": 1585578194.328426, "device_queued": -1, "device_end": -1, "host_queued_end": 1585578194.33358}, "device": "cpu", "nd_range": {"device_start": 2245968.525920715, "device_end": 2245968.527127801}, "cmdq": 2, "read": {"device_start": -1, "device_end": -1}}, "FFC_sans_bias22": {"write": {"device_start": -1, "host_queued_start": 1585578194.330375, "device_queued": -1, "device_end": -1, "host_queued_end": 1585578194.33358}, "device": "cpu", "nd_range": {"device_start": 2245968.528604995, "device_end": 2245968.530293976}, "cmdq": 2, "read": {"device_start": -1, "device_end": -1}}, "softmax68": {"write": {"device_start": -1, "host_queued_start": 1585578194.317917, "device_queued": -1, "device_end": -1, "host_queued_end": 1585578194.321943}, "device": "gpu", "nd_range": {"device_start": 1585578129.1467922, "device_end": 1585578129.1468675}, "cmdq": 0, "read": {"device_start": -1, "device_end": -1}}, "softmax5": {"write": {"device_start": -1, "host_queued_start": 1585578194.330652, "device_queued": -1, "device_end": -1, "host_queued_end": 1585578194.33358}, "device": "cpu", "nd_range": {"device_start": 2245968.5290198713, "device_end": 2245968.529076164}, "cmdq": 0, "read": {"device_start": -1, "device_end": -1}}, "FFC_sans_bias28": {"write": {"device_start": 1585578129.1453085, "host_queued_start": 1585578194.307321, "device_queued": 1585578129.1452842, "device_end": 1585578129.1453173, "host_queued_end": 1585578194.321943}, "device": "gpu", "nd_range": {"device_start": 1585578129.1453197, "device_end": 1585578129.1454458}, "cmdq": 0, "read": {"device_start": -1, "device_end": -1}}, "FFC_sans_bias29": {"write": {"device_start": 1585578129.1453896, "host_queued_start": 1585578194.307811, "device_queued": 1585578129.1453254, "device_end": 1585578129.1453984, "host_queued_end": 1585578194.321943}, "device": "gpu", "nd_range": {"device_start": 1585578129.1453993, "device_end": 1585578129.1455107}, "cmdq": 1, "read": {"device_start": -1, "device_end": -1}}, "empty17": {"write": {"device_start": -1, "host_queued_start": 1585578194.323203, "device_queued": -1, "device_end": -1, "host_queued_end": 1585578194.33358}, "device": "cpu", "nd_range": {"device_start": 2245968.523204834, "device_end": 2245968.523209282}, "cmdq": 1, "read": {"device_start": -1, "device_end": -1}}, "softmax59": {"write": {"device_start": -1, "host_queued_start": 1585578194.317693, "device_queued": -1, "device_end": -1, "host_queued_end": 1585578194.321943}, "device": "gpu", "nd_range": {"device_start": 1585578129.1468751, "device_end": 1585578129.1469905}, "cmdq": 1, "read": {"device_start": -1, "device_end": -1}}, "empty71": {"write": {"device_start": 1585578129.145231, "host_queued_start": 1585578194.306282, "device_queued": 1585578129.1452096, "device_end": 1585578129.1452394, "host_queued_end": 1585578194.321943}, "device": "gpu", "nd_range": {"device_start": 1585578129.145241, "device_end": 1585578129.1452444}, "cmdq": 0, "read": {"device_start": -1, "device_end": -1}}, "empty35": {"write": {"device_start": 1585578129.145013, "host_queued_start": 1585578194.304529, "device_queued": 1585578129.14498, "device_end": 1585578129.1450222, "host_queued_end": 1585578194.321943}, "device": "gpu", "nd_range": {"device_start": 1585578129.1450527, "device_end": 1585578129.1450665}, "cmdq": 0, "read": {"device_start": -1, "device_end": -1}}, "empty53": {"write": {"device_start": 1585578129.1451445, "host_queued_start": 1585578194.305523, "device_queued": 1585578129.1451066, "device_end": 1585578129.1451569, "host_queued_end": 1585578194.321943}, "device": "gpu", "nd_range": {"device_start": 1585578129.1451585, "device_end": 1585578129.1451626}, "cmdq": 0, "read": {"device_start": -1, "device_end": -1}}, "FFC_sans_bias46": {"write": {"device_start": 1585578129.1457388, "host_queued_start": 1585578194.31042, "device_queued": 1585578129.1456459, "device_end": 1585578129.1457472, "host_queued_end": 1585578194.321943}, "device": "gpu", "nd_range": {"device_start": 1585578129.1457486, "device_end": 1585578129.145872}, "cmdq": 0, "read": {"device_start": -1, "device_end": -1}}, "coalesced_transpose66": {"write": {"device_start": -1, "host_queued_start": 1585578194.315371, "device_queued": -1, "device_end": -1, "host_queued_end": 1585578194.321943}, "device": "gpu", "nd_range": {"device_start": 1585578129.1463215, "device_end": 1585578129.1463327}, "cmdq": 0, "read": {"device_start": -1, "device_end": -1}}, "coalesced_transpose48": {"write": {"device_start": -1, "host_queued_start": 1585578194.314838, "device_queued": -1, "device_end": -1, "host_queued_end": 1585578194.321943}, "device": "gpu", "nd_range": {"device_start": 1585578129.1463084, "device_end": 1585578129.1463203}, "cmdq": 0, "read": {"device_start": -1, "device_end": -1}}}