{"FFC_sans_bias60": {"write": {"device_start": -1, "host_queued_start": 1585578486.320173, "device_queued": -1, "device_end": -1, "host_queued_end": 1585578486.322538}, "device": "gpu", "nd_range": {"device_start": 1585578421.1382987, "device_end": 1585578421.1384315}, "cmdq": 2, "read": {"device_start": -1, "device_end": -1}}, "FFC_sans_bias4": {"write": {"device_start": -1, "host_queued_start": 1585578486.332494, "device_queued": -1, "device_end": -1, "host_queued_end": 1585578486.337667}, "device": "cpu", "nd_range": {"device_start": 2246260.533563334, "device_end": 2246260.534661679}, "cmdq": 0, "read": {"device_start": -1, "device_end": -1}}, "FFC_sans_bias7": {"write": {"device_start": -1, "host_queued_start": 1585578486.336273, "device_queued": -1, "device_end": -1, "host_queued_end": 1585578486.337667}, "device": "cpu", "nd_range": {"device_start": 2246260.538237519, "device_end": 2246260.539437247}, "cmdq": 2, "read": {"device_start": -1, "device_end": -1}}, "FFC_sans_bias6": {"write": {"device_start": -1, "host_queued_start": 1585578486.334803, "device_queued": -1, "device_end": -1, "host_queued_end": 1585578486.337667}, "device": "cpu", "nd_range": {"device_start": 2246260.536894543, "device_end": 2246260.537862718}, "cmdq": 3, "read": {"device_start": -1, "device_end": -1}}, "FFC_sans_bias1": {"write": {"device_start": -1, "host_queued_start": 1585578486.325757, "device_queued": -1, "device_end": -1, "host_queued_end": 1585578486.337667}, "device": "cpu", "nd_range": {"device_start": 2246260.527290305, "device_end": 2246260.52931569}, "cmdq": 0, "read": {"device_start": -1, "device_end": -1}}, "FFC_sans_bias0": {"write": {"device_start": -1, "host_queued_start": 1585578486.325226, "device_queued": -1, "device_end": -1, "host_queued_end": 1585578486.337667}, "device": "cpu", "nd_range": {"device_start": 2246260.527287778, "device_end": 2246260.529276335}, "cmdq": 4, "read": {"device_start": -1, "device_end": -1}}, "FFC_sans_bias2": {"write": {"device_start": -1, "host_queued_start": 1585578486.326264, "device_queued": -1, "device_end": -1, "host_queued_end": 1585578486.337667}, "device": "cpu", "nd_range": {"device_start": 2246260.5273213503, "device_end": 2246260.529272633}, "cmdq": 1, "read": {"device_start": -1, "device_end": -1}}, "FFC_sans_bias61": {"write": {"device_start": 1585578421.138433, "host_queued_start": 1585578486.32194, "device_queued": 1585578421.138089, "device_end": 1585578421.1384413, "host_queued_end": 1585578486.322538}, "device": "gpu", "nd_range": {"device_start": 1585578421.1384425, "device_end": 1585578421.1386387}, "cmdq": 2, "read": {"device_start": 1585578421.1386487, "device_end": 1585578421.1386693}}, "FFC_sans_bias52": {"write": {"device_start": 1585578421.1384177, "host_queued_start": 1585578486.321439, "device_queued": 1585578421.1380706, "device_end": 1585578421.1384265, "host_queued_end": 1585578486.322538}, "device": "gpu", "nd_range": {"device_start": 1585578421.1384277, "device_end": 1585578421.1385982}, "cmdq": 1, "read": {"device_start": 1585578421.138601, "device_end": 1585578421.13862}}, "FFC_sans_bias9": {"write": {"device_start": -1, "host_queued_start": 1585578486.326805, "device_queued": -1, "device_end": -1, "host_queued_end": 1585578486.337667}, "device": "cpu", "nd_range": {"device_start": 2246260.529284912, "device_end": 2246260.531199466}, "cmdq": 2, "read": {"device_start": -1, "device_end": -1}}, "coalesced_transpose39": {"write": {"device_start": -1, "host_queued_start": 1585578486.316424, "device_queued": -1, "device_end": -1, "host_queued_end": 1585578486.322538}, "device": "gpu", "nd_range": {"device_start": 1585578421.137803, "device_end": 1585578421.13791}, "cmdq": 0, "read": {"device_start": -1, "device_end": -1}}, "FFC_sans_bias55": {"write": {"device_start": 1585578421.137547, "host_queued_start": 1585578486.314651, "device_queued": 1585578421.137526, "device_end": 1585578421.1375556, "host_queued_end": 1585578486.322538}, "device": "gpu", "nd_range": {"device_start": 1585578421.137561, "device_end": 1585578421.1378021}, "cmdq": 0, "read": {"device_start": -1, "device_end": -1}}, "FFC_sans_bias54": {"write": {"device_start": 1585578421.1374798, "host_queued_start": 1585578486.314128, "device_queued": 1585578421.1374562, "device_end": 1585578421.1374881, "host_queued_end": 1585578486.322538}, "device": "gpu", "nd_range": {"device_start": 1585578421.1375213, "device_end": 1585578421.1377132}, "cmdq": 3, "read": {"device_start": -1, "device_end": -1}}, "FFC_sans_bias56": {"write": {"device_start": 1585578421.1374354, "host_queued_start": 1585578486.313635, "device_queued": 1585578421.1373296, "device_end": 1585578421.137444, "host_queued_end": 1585578486.322538}, "device": "gpu", "nd_range": {"device_start": 1585578421.1375046, "device_end": 1585578421.137687}, "cmdq": 2, "read": {"device_start": -1, "device_end": -1}}, "FFC_sans_bias51": {"write": {"device_start": -1, "host_queued_start": 1585578486.319886, "device_queued": -1, "device_end": -1, "host_queued_end": 1585578486.322538}, "device": "gpu", "nd_range": {"device_start": 1585578421.1382127, "device_end": 1585578421.1384158}, "cmdq": 1, "read": {"device_start": -1, "device_end": -1}}, "softmax23": {"write": {"device_start": -1, "host_queued_start": 1585578486.334215, "device_queued": -1, "device_end": -1, "host_queued_end": 1585578486.337667}, "device": "cpu", "nd_range": {"device_start": 2246260.5353321573, "device_end": 2246260.535409266}, "cmdq": 1, "read": {"device_start": -1, "device_end": -1}}, "FFC_sans_bias37": {"write": {"device_start": 1585578421.1371472, "host_queued_start": 1585578486.311007, "device_queued": 1585578421.1371217, "device_end": 1585578421.1371582, "host_queued_end": 1585578486.322538}, "device": "gpu", "nd_range": {"device_start": 1585578421.1372344, "device_end": 1585578421.1373436}, "cmdq": 1, "read": {"device_start": -1, "device_end": -1}}, "empty62": {"write": {"device_start": 1585578421.1370075, "host_queued_start": 1585578486.309487, "device_queued": 1585578421.1369793, "device_end": 1585578421.1370168, "host_queued_end": 1585578486.322538}, "device": "gpu", "nd_range": {"device_start": 1585578421.137052, "device_end": 1585578421.1370554}, "cmdq": 2, "read": {"device_start": -1, "device_end": -1}}, "FFC_sans_bias70": {"write": {"device_start": 1585578421.138684, "host_queued_start": 1585578486.32244, "device_queued": 1585578421.1381996, "device_end": 1585578421.1386938, "host_queued_end": 1585578486.322538}, "device": "gpu", "nd_range": {"device_start": 1585578421.1386948, "device_end": 1585578421.138802}, "cmdq": 3, "read": {"device_start": 1585578421.1388109, "device_end": 1585578421.1388175}}, "FFC_sans_bias58": {"write": {"device_start": -1, "host_queued_start": 1585578486.318123, "device_queued": -1, "device_end": -1, "host_queued_end": 1585578486.322538}, "device": "gpu", "nd_range": {"device_start": 1585578421.137923, "device_end": 1585578421.1381667}, "cmdq": 2, "read": {"device_start": -1, "device_end": -1}}, "softmax41": {"write": {"device_start": -1, "host_queued_start": 1585578486.318667, "device_queued": -1, "device_end": -1, "host_queued_end": 1585578486.322538}, "device": "gpu", "nd_range": {"device_start": 1585578421.1380281, "device_end": 1585578421.1382008}, "cmdq": 0, "read": {"device_start": -1, "device_end": -1}}, "FFC_sans_bias11": {"write": {"device_start": -1, "host_queued_start": 1585578486.327812, "device_queued": -1, "device_end": -1, "host_queued_end": 1585578486.337667}, "device": "cpu", "nd_range": {"device_start": 2246260.5312734693, "device_end": 2246260.5330902543}, "cmdq": 4, "read": {"device_start": -1, "device_end": -1}}, "FFC_sans_bias10": {"write": {"device_start": -1, "host_queued_start": 1585578486.327305, "device_queued": -1, "device_end": -1, "host_queued_end": 1585578486.337667}, "device": "cpu", "nd_range": {"device_start": 2246260.527773534, "device_end": 2246260.529713379}, "cmdq": 3, "read": {"device_start": -1, "device_end": -1}}, "coalesced_transpose3": {"write": {"device_start": -1, "host_queued_start": 1585578486.331229, "device_queued": -1, "device_end": -1, "host_queued_end": 1585578486.337667}, "device": "cpu", "nd_range": {"device_start": 2246260.531203972, "device_end": 2246260.5312566883}, "cmdq": 1, "read": {"device_start": -1, "device_end": -1}}, "FFC_sans_bias34": {"write": {"device_start": -1, "host_queued_start": 1585578486.337623, "device_queued": -1, "device_end": -1, "host_queued_end": 1585578486.337667}, "device": "cpu", "nd_range": {"device_start": 2246260.539675984, "device_end": 2246260.540306161}, "cmdq": 0, "read": {"device_start": -1, "device_end": -1}}, "FFC_sans_bias15": {"write": {"device_start": -1, "host_queued_start": 1585578486.335107, "device_queued": -1, "device_end": -1, "host_queued_end": 1585578486.337667}, "device": "cpu", "nd_range": {"device_start": 2246260.535432413, "device_end": 2246260.537387153}, "cmdq": 4, "read": {"device_start": -1, "device_end": -1}}, "FFC_sans_bias31": {"write": {"device_start": -1, "host_queued_start": 1585578486.333466, "device_queued": -1, "device_end": -1, "host_queued_end": 1585578486.337667}, "device": "cpu", "nd_range": {"device_start": 2246260.5353746293, "device_end": 2246260.5367803923}, "cmdq": 3, "read": {"device_start": -1, "device_end": -1}}, "FFC_sans_bias16": {"write": {"device_start": -1, "host_queued_start": 1585578486.336722, "device_queued": -1, "device_end": -1, "host_queued_end": 1585578486.337667}, "device": "cpu", "nd_range": {"device_start": 2246260.537970743, "device_end": 2246260.539650762}, "cmdq": 3, "read": {"device_start": -1, "device_end": -1}}, "FFC_sans_bias19": {"write": {"device_start": -1, "host_queued_start": 1585578486.328821, "device_queued": -1, "device_end": -1, "host_queued_end": 1585578486.337667}, "device": "cpu", "nd_range": {"device_start": 2246260.529278269, "device_end": 2246260.531198558}, "cmdq": 1, "read": {"device_start": -1, "device_end": -1}}, "FFC_sans_bias18": {"write": {"device_start": -1, "host_queued_start": 1585578486.328314, "device_queued": -1, "device_end": -1, "host_queued_end": 1585578486.337667}, "device": "cpu", "nd_range": {"device_start": 2246260.529324232, "device_end": 2246260.531263579}, "cmdq": 0, "read": {"device_start": -1, "device_end": -1}}, "coalesced_transpose30": {"write": {"device_start": -1, "host_queued_start": 1585578486.332186, "device_queued": -1, "device_end": -1, "host_queued_end": 1585578486.337667}, "device": "cpu", "nd_range": {"device_start": 2246260.5352669503, "device_end": 2246260.5353182503}, "cmdq": 4, "read": {"device_start": -1, "device_end": -1}}, "FFC_sans_bias69": {"write": {"device_start": -1, "host_queued_start": 1585578486.320461, "device_queued": -1, "device_end": -1, "host_queued_end": 1585578486.322538}, "device": "gpu", "nd_range": {"device_start": 1585578421.1384704, "device_end": 1585578421.1386826}, "cmdq": 3, "read": {"device_start": -1, "device_end": -1}}, "FFC_sans_bias38": {"write": {"device_start": 1585578421.1371794, "host_queued_start": 1585578486.311516, "device_queued": 1585578421.137149, "device_end": 1585578421.1371932, "host_queued_end": 1585578486.322538}, "device": "gpu", "nd_range": {"device_start": 1585578421.1372464, "device_end": 1585578421.1374335}, "cmdq": 2, "read": {"device_start": -1, "device_end": -1}}, "coalesced_transpose57": {"write": {"device_start": -1, "host_queued_start": 1585578486.31697, "device_queued": -1, "device_end": -1, "host_queued_end": 1585578486.322538}, "device": "gpu", "nd_range": {"device_start": 1585578421.137906, "device_end": 1585578421.1379218}, "cmdq": 2, "read": {"device_start": -1, "device_end": -1}}, "empty26": {"write": {"device_start": -1, "host_queued_start": 1585578486.324143, "device_queued": -1, "device_end": -1, "host_queued_end": 1585578486.337667}, "device": "cpu", "nd_range": {"device_start": 2246260.527259475, "device_end": 2246260.527270115}, "cmdq": 2, "read": {"device_start": -1, "device_end": -1}}, "coalesced_transpose12": {"write": {"device_start": -1, "host_queued_start": 1585578486.33156, "device_queued": -1, "device_end": -1, "host_queued_end": 1585578486.337667}, "device": "cpu", "nd_range": {"device_start": 2246260.533337764, "device_end": 2246260.533409668}, "cmdq": 2, "read": {"device_start": -1, "device_end": -1}}, "empty44": {"write": {"device_start": 1585578421.1369169, "host_queued_start": 1585578486.308482, "device_queued": 1585578421.1368825, "device_end": 1585578421.1369252, "host_queued_end": 1585578486.322538}, "device": "gpu", "nd_range": {"device_start": 1585578421.1369367, "device_end": 1585578421.1369488}, "cmdq": 0, "read": {"device_start": -1, "device_end": -1}}, "coalesced_transpose21": {"write": {"device_start": -1, "host_queued_start": 1585578486.331882, "device_queued": -1, "device_end": -1, "host_queued_end": 1585578486.337667}, "device": "cpu", "nd_range": {"device_start": 2246260.5317582493, "device_end": 2246260.532251337}, "cmdq": 3, "read": {"device_start": -1, "device_end": -1}}, "FFC_sans_bias36": {"write": {"device_start": 1585578421.137094, "host_queued_start": 1585578486.310482, "device_queued": 1585578421.13707, "device_end": 1585578421.1371026, "host_queued_end": 1585578486.322538}, "device": "gpu", "nd_range": {"device_start": 1585578421.137114, "device_end": 1585578421.1372285}, "cmdq": 0, "read": {"device_start": -1, "device_end": -1}}, "softmax14": {"write": {"device_start": -1, "host_queued_start": 1585578486.333976, "device_queued": -1, "device_end": -1, "host_queued_end": 1585578486.337667}, "device": "cpu", "nd_range": {"device_start": 2246260.535276512, "device_end": 2246260.5353421}, "cmdq": 0, "read": {"device_start": -1, "device_end": -1}}, "FFC_sans_bias13": {"write": {"device_start": -1, "host_queued_start": 1585578486.33281, "device_queued": -1, "device_end": -1, "host_queued_end": 1585578486.337667}, "device": "cpu", "nd_range": {"device_start": 2246260.533677183, "device_end": 2246260.535235314}, "cmdq": 1, "read": {"device_start": -1, "device_end": -1}}, "empty8": {"write": {"device_start": -1, "host_queued_start": 1585578486.323238, "device_queued": -1, "device_end": -1, "host_queued_end": 1585578486.337667}, "device": "cpu", "nd_range": {"device_start": 2246260.5272595612, "device_end": 2246260.527270088}, "cmdq": 0, "read": {"device_start": -1, "device_end": -1}}, "FFC_sans_bias42": {"write": {"device_start": -1, "host_queued_start": 1585578486.319608, "device_queued": -1, "device_end": -1, "host_queued_end": 1585578486.322538}, "device": "gpu", "nd_range": {"device_start": 1585578421.1382031, "device_end": 1585578421.138322}, "cmdq": 0, "read": {"device_start": -1, "device_end": -1}}, "FFC_sans_bias43": {"write": {"device_start": 1585578421.138324, "host_queued_start": 1585578486.320935, "device_queued": 1585578421.1380177, "device_end": 1585578421.1383328, "host_queued_end": 1585578486.322538}, "device": "gpu", "nd_range": {"device_start": 1585578421.1383338, "device_end": 1585578421.1385164}, "cmdq": 0, "read": {"device_start": 1585578421.1385257, "device_end": 1585578421.138533}}, "FFC_sans_bias40": {"write": {"device_start": -1, "host_queued_start": 1585578486.317542, "device_queued": -1, "device_end": -1, "host_queued_end": 1585578486.322538}, "device": "gpu", "nd_range": {"device_start": 1585578421.1379108, "device_end": 1585578421.1380272}, "cmdq": 0, "read": {"device_start": -1, "device_end": -1}}, "softmax32": {"write": {"device_start": -1, "host_queued_start": 1585578486.334462, "device_queued": -1, "device_end": -1, "host_queued_end": 1585578486.337667}, "device": "cpu", "nd_range": {"device_start": 2246260.537335458, "device_end": 2246260.537381533}, "cmdq": 2, "read": {"device_start": -1, "device_end": -1}}, "FFC_sans_bias47": {"write": {"device_start": 1585578421.137347, "host_queued_start": 1585578486.313142, "device_queued": 1585578421.1373065, "device_end": 1585578421.1373553, "host_queued_end": 1585578486.322538}, "device": "gpu", "nd_range": {"device_start": 1585578421.1374912, "device_end": 1585578421.1376016}, "cmdq": 1, "read": {"device_start": -1, "device_end": -1}}, "FFC_sans_bias45": {"write": {"device_start": 1585578421.1372147, "host_queued_start": 1585578486.312021, "device_queued": 1585578421.1371922, "device_end": 1585578421.1372273, "host_queued_end": 1585578486.322538}, "device": "gpu", "nd_range": {"device_start": 1585578421.137259, "device_end": 1585578421.1374557}, "cmdq": 3, "read": {"device_start": -1, "device_end": -1}}, "softmax50": {"write": {"device_start": -1, "host_queued_start": 1585578486.318891, "device_queued": -1, "device_end": -1, "host_queued_end": 1585578486.322538}, "device": "gpu", "nd_range": {"device_start": 1585578421.1381254, "device_end": 1585578421.1382115}, "cmdq": 1, "read": {"device_start": -1, "device_end": -1}}, "FFC_sans_bias33": {"write": {"device_start": -1, "host_queued_start": 1585578486.335766, "device_queued": -1, "device_end": -1, "host_queued_end": 1585578486.337667}, "device": "cpu", "nd_range": {"device_start": 2246260.537683702, "device_end": 2246260.5396006634}, "cmdq": 1, "read": {"device_start": -1, "device_end": -1}}, "FFC_sans_bias63": {"write": {"device_start": 1585578421.1377144, "host_queued_start": 1585578486.316123, "device_queued": 1585578421.1376302, "device_end": 1585578421.137723, "host_queued_end": 1585578486.322538}, "device": "gpu", "nd_range": {"device_start": 1585578421.137724, "device_end": 1585578421.1379836}, "cmdq": 3, "read": {"device_start": -1, "device_end": -1}}, "FFC_sans_bias49": {"write": {"device_start": -1, "host_queued_start": 1585578486.317834, "device_queued": -1, "device_end": -1, "host_queued_end": 1585578486.322538}, "device": "gpu", "nd_range": {"device_start": 1585578421.1379144, "device_end": 1585578421.1381242}, "cmdq": 1, "read": {"device_start": -1, "device_end": -1}}, "FFC_sans_bias64": {"write": {"device_start": 1585578421.1376042, "host_queued_start": 1585578486.31514, "device_queued": 1585578421.1375725, "device_end": 1585578421.13762, "host_queued_end": 1585578486.322538}, "device": "gpu", "nd_range": {"device_start": 1585578421.1376717, "device_end": 1585578421.137885}, "cmdq": 1, "read": {"device_start": -1, "device_end": -1}}, "FFC_sans_bias65": {"write": {"device_start": 1585578421.1376889, "host_queued_start": 1585578486.315639, "device_queued": 1585578421.1375945, "device_end": 1585578421.1376977, "host_queued_end": 1585578486.322538}, "device": "gpu", "nd_range": {"device_start": 1585578421.1376987, "device_end": 1585578421.1379046}, "cmdq": 2, "read": {"device_start": -1, "device_end": -1}}, "FFC_sans_bias67": {"write": {"device_start": -1, "host_queued_start": 1585578486.318403, "device_queued": -1, "device_end": -1, "host_queued_end": 1585578486.322538}, "device": "gpu", "nd_range": {"device_start": 1585578421.1381066, "device_end": 1585578421.1382258}, "cmdq": 3, "read": {"device_start": -1, "device_end": -1}}, "FFC_sans_bias24": {"write": {"device_start": -1, "host_queued_start": 1585578486.335422, "device_queued": -1, "device_end": -1, "host_queued_end": 1585578486.337667}, "device": "cpu", "nd_range": {"device_start": 2246260.5354212713, "device_end": 2246260.537037488}, "cmdq": 0, "read": {"device_start": -1, "device_end": -1}}, "FFC_sans_bias25": {"write": {"device_start": -1, "host_queued_start": 1585578486.337175, "device_queued": -1, "device_end": -1, "host_queued_end": 1585578486.337667}, "device": "cpu", "nd_range": {"device_start": 2246260.537396815, "device_end": 2246260.539201253}, "cmdq": 4, "read": {"device_start": -1, "device_end": -1}}, "FFC_sans_bias27": {"write": {"device_start": -1, "host_queued_start": 1585578486.329822, "device_queued": -1, "device_end": -1, "host_queued_end": 1585578486.337667}, "device": "cpu", "nd_range": {"device_start": 2246260.5298140193, "device_end": 2246260.53173998}, "cmdq": 3, "read": {"device_start": -1, "device_end": -1}}, "FFC_sans_bias20": {"write": {"device_start": -1, "host_queued_start": 1585578486.329326, "device_queued": -1, "device_end": -1, "host_queued_end": 1585578486.337667}, "device": "cpu", "nd_range": {"device_start": 2246260.531771642, "device_end": 2246260.533231065}, "cmdq": 2, "read": {"device_start": -1, "device_end": -1}}, "FFC_sans_bias22": {"write": {"device_start": -1, "host_queued_start": 1585578486.333133, "device_queued": -1, "device_end": -1, "host_queued_end": 1585578486.337667}, "device": "cpu", "nd_range": {"device_start": 2246260.533518426, "device_end": 2246260.535319562}, "cmdq": 2, "read": {"device_start": -1, "device_end": -1}}, "softmax68": {"write": {"device_start": -1, "host_queued_start": 1585578486.319324, "device_queued": -1, "device_end": -1, "host_queued_end": 1585578486.322538}, "device": "gpu", "nd_range": {"device_start": 1585578421.1382282, "device_end": 1585578421.1384625}, "cmdq": 3, "read": {"device_start": -1, "device_end": -1}}, "softmax5": {"write": {"device_start": -1, "host_queued_start": 1585578486.333726, "device_queued": -1, "device_end": -1, "host_queued_end": 1585578486.337667}, "device": "cpu", "nd_range": {"device_start": 2246260.5353770372, "device_end": 2246260.535422894}, "cmdq": 4, "read": {"device_start": -1, "device_end": -1}}, "FFC_sans_bias28": {"write": {"device_start": -1, "host_queued_start": 1585578486.330319, "device_queued": -1, "device_end": -1, "host_queued_end": 1585578486.337667}, "device": "cpu", "nd_range": {"device_start": 2246260.533095937, "device_end": 2246260.535261659}, "cmdq": 4, "read": {"device_start": -1, "device_end": -1}}, "FFC_sans_bias29": {"write": {"device_start": -1, "host_queued_start": 1585578486.330873, "device_queued": -1, "device_end": -1, "host_queued_end": 1585578486.337667}, "device": "cpu", "nd_range": {"device_start": 2246260.531275107, "device_end": 2246260.5335550993}, "cmdq": 0, "read": {"device_start": -1, "device_end": -1}}, "empty17": {"write": {"device_start": -1, "host_queued_start": 1585578486.323723, "device_queued": -1, "device_end": -1, "host_queued_end": 1585578486.337667}, "device": "cpu", "nd_range": {"device_start": 2246260.5272988724, "device_end": 2246260.527303862}, "cmdq": 1, "read": {"device_start": -1, "device_end": -1}}, "softmax59": {"write": {"device_start": -1, "host_queued_start": 1585578486.319105, "device_queued": -1, "device_end": -1, "host_queued_end": 1585578486.322538}, "device": "gpu", "nd_range": {"device_start": 1585578421.1381686, "device_end": 1585578421.1382961}, "cmdq": 2, "read": {"device_start": -1, "device_end": -1}}, "empty71": {"write": {"device_start": 1585578421.1370356, "host_queued_start": 1585578486.309888, "device_queued": 1585578421.137009, "device_end": 1585578421.1370444, "host_queued_end": 1585578486.322538}, "device": "gpu", "nd_range": {"device_start": 1585578421.1370614, "device_end": 1585578421.1370645}, "cmdq": 3, "read": {"device_start": -1, "device_end": -1}}, "empty35": {"write": {"device_start": -1, "host_queued_start": 1585578486.324594, "device_queued": -1, "device_end": -1, "host_queued_end": 1585578486.337667}, "device": "cpu", "nd_range": {"device_start": 2246260.527410568, "device_end": 2246260.527413974}, "cmdq": 3, "read": {"device_start": -1, "device_end": -1}}, "empty53": {"write": {"device_start": 1585578421.1369777, "host_queued_start": 1585578486.30908, "device_queued": 1585578421.1369545, "device_end": 1585578421.1369867, "host_queued_end": 1585578486.322538}, "device": "gpu", "nd_range": {"device_start": 1585578421.1370463, "device_end": 1585578421.1370497}, "cmdq": 1, "read": {"device_start": -1, "device_end": -1}}, "FFC_sans_bias46": {"write": {"device_start": 1585578421.1372886, "host_queued_start": 1585578486.312507, "device_queued": 1585578421.1372654, "device_end": 1585578421.1372972, "host_queued_end": 1585578486.322538}, "device": "gpu", "nd_range": {"device_start": 1585578421.1373014, "device_end": 1585578421.1375399}, "cmdq": 0, "read": {"device_start": -1, "device_end": -1}}, "coalesced_transpose66": {"write": {"device_start": -1, "host_queued_start": 1585578486.317246, "device_queued": -1, "device_end": -1, "host_queued_end": 1585578486.322538}, "device": "gpu", "nd_range": {"device_start": 1585578421.1379855, "device_end": 1585578421.1381052}, "cmdq": 3, "read": {"device_start": -1, "device_end": -1}}, "coalesced_transpose48": {"write": {"device_start": -1, "host_queued_start": 1585578486.316692, "device_queued": -1, "device_end": -1, "host_queued_end": 1585578486.322538}, "device": "gpu", "nd_range": {"device_start": 1585578421.1378863, "device_end": 1585578421.1379135}, "cmdq": 1, "read": {"device_start": -1, "device_end": -1}}}