{"FFC_sans_bias60": {"write": {"device_start": -1, "host_queued_start": 1585578542.566298, "device_queued": -1, "device_end": -1, "host_queued_end": 1585578542.569655}, "device": "cpu", "nd_range": {"device_start": 2246316.779710418, "device_end": 2246316.781299176}, "cmdq": 1, "read": {"device_start": -1, "device_end": -1}}, "FFC_sans_bias4": {"write": {"device_start": -1, "host_queued_start": 1585578542.560329, "device_queued": -1, "device_end": -1, "host_queued_end": 1585578542.569655}, "device": "cpu", "nd_range": {"device_start": 2246316.772090056, "device_end": 2246316.772817941}, "cmdq": 1, "read": {"device_start": -1, "device_end": -1}}, "FFC_sans_bias7": {"write": {"device_start": -1, "host_queued_start": 1585578542.566828, "device_queued": -1, "device_end": -1, "host_queued_end": 1585578542.569655}, "device": "cpu", "nd_range": {"device_start": 2246316.7803777643, "device_end": 2246316.781596469}, "cmdq": 0, "read": {"device_start": -1, "device_end": -1}}, "FFC_sans_bias6": {"write": {"device_start": -1, "host_queued_start": 1585578542.564381, "device_queued": -1, "device_end": -1, "host_queued_end": 1585578542.569655}, "device": "cpu", "nd_range": {"device_start": 2246316.776034545, "device_end": 2246316.777033402}, "cmdq": 1, "read": {"device_start": -1, "device_end": -1}}, "FFC_sans_bias1": {"write": {"device_start": -1, "host_queued_start": 1585578542.548191, "device_queued": -1, "device_end": -1, "host_queued_end": 1585578542.569655}, "device": "cpu", "nd_range": {"device_start": 2246316.7592973053, "device_end": 2246316.7604260603}, "cmdq": 0, "read": {"device_start": -1, "device_end": -1}}, "FFC_sans_bias0": {"write": {"device_start": -1, "host_queued_start": 1585578542.547688, "device_queued": -1, "device_end": -1, "host_queued_end": 1585578542.569655}, "device": "cpu", "nd_range": {"device_start": 2246316.759316267, "device_end": 2246316.7608323013}, "cmdq": 1, "read": {"device_start": -1, "device_end": -1}}, "FFC_sans_bias2": {"write": {"device_start": -1, "host_queued_start": 1585578542.548697, "device_queued": -1, "device_end": -1, "host_queued_end": 1585578542.569655}, "device": "cpu", "nd_range": {"device_start": 2246316.7608658243, "device_end": 2246316.761713107}, "cmdq": 1, "read": {"device_start": -1, "device_end": -1}}, "FFC_sans_bias61": {"write": {"device_start": -1, "host_queued_start": 1585578542.56961, "device_queued": -1, "device_end": -1, "host_queued_end": 1585578542.569655}, "device": "cpu", "nd_range": {"device_start": 2246316.791481878, "device_end": 2246316.7922275723}, "cmdq": 0, "read": {"device_start": -1, "device_end": -1}}, "FFC_sans_bias52": {"write": {"device_start": -1, "host_queued_start": 1585578542.569154, "device_queued": -1, "device_end": -1, "host_queued_end": 1585578542.569655}, "device": "cpu", "nd_range": {"device_start": 2246316.783561489, "device_end": 2246316.784918989}, "cmdq": 1, "read": {"device_start": -1, "device_end": -1}}, "FFC_sans_bias9": {"write": {"device_start": -1, "host_queued_start": 1585578542.549201, "device_queued": -1, "device_end": -1, "host_queued_end": 1585578542.569655}, "device": "cpu", "nd_range": {"device_start": 2246316.7604342042, "device_end": 2246316.761397066}, "cmdq": 0, "read": {"device_start": -1, "device_end": -1}}, "coalesced_transpose39": {"write": {"device_start": -1, "host_queued_start": 1585578542.559336, "device_queued": -1, "device_end": -1, "host_queued_end": 1585578542.569655}, "device": "cpu", "nd_range": {"device_start": 2246316.769343962, "device_end": 2246316.769365557}, "cmdq": 0, "read": {"device_start": -1, "device_end": -1}}, "FFC_sans_bias55": {"write": {"device_start": -1, "host_queued_start": 1585578542.557797, "device_queued": -1, "device_end": -1, "host_queued_end": 1585578542.569655}, "device": "cpu", "nd_range": {"device_start": 2246316.770164484, "device_end": 2246316.771456928}, "cmdq": 1, "read": {"device_start": -1, "device_end": -1}}, "FFC_sans_bias54": {"write": {"device_start": -1, "host_queued_start": 1585578542.557297, "device_queued": -1, "device_end": -1, "host_queued_end": 1585578542.569655}, "device": "cpu", "nd_range": {"device_start": 2246316.768394513, "device_end": 2246316.7692596}, "cmdq": 0, "read": {"device_start": -1, "device_end": -1}}, "FFC_sans_bias56": {"write": {"device_start": -1, "host_queued_start": 1585578542.556793, "device_queued": -1, "device_end": -1, "host_queued_end": 1585578542.569655}, "device": "cpu", "nd_range": {"device_start": 2246316.7695153453, "device_end": 2246316.770156628}, "cmdq": 1, "read": {"device_start": -1, "device_end": -1}}, "FFC_sans_bias51": {"write": {"device_start": -1, "host_queued_start": 1585578542.565987, "device_queued": -1, "device_end": -1, "host_queued_end": 1585578542.569655}, "device": "cpu", "nd_range": {"device_start": 2246316.779275317, "device_end": 2246316.780372138}, "cmdq": 0, "read": {"device_start": -1, "device_end": -1}}, "softmax23": {"write": {"device_start": -1, "host_queued_start": 1585578542.563022, "device_queued": -1, "device_end": -1, "host_queued_end": 1585578542.569655}, "device": "cpu", "nd_range": {"device_start": 2246316.776041457, "device_end": 2246316.776084997}, "cmdq": 0, "read": {"device_start": -1, "device_end": -1}}, "FFC_sans_bias37": {"write": {"device_start": -1, "host_queued_start": 1585578542.554248, "device_queued": -1, "device_end": -1, "host_queued_end": 1585578542.569655}, "device": "cpu", "nd_range": {"device_start": 2246316.765395863, "device_end": 2246316.7663610103}, "cmdq": 0, "read": {"device_start": -1, "device_end": -1}}, "empty62": {"write": {"device_start": -1, "host_queued_start": 1585578542.547198, "device_queued": -1, "device_end": -1, "host_queued_end": 1585578542.569655}, "device": "cpu", "nd_range": {"device_start": 2246316.7592920694, "device_end": 2246316.75929267}, "cmdq": 0, "read": {"device_start": -1, "device_end": -1}}, "FFC_sans_bias70": {"write": {"device_start": 1585578477.3571754, "host_queued_start": 1585578542.543969, "device_queued": 1585578477.357033, "device_end": 1585578477.3571842, "host_queued_end": 1585578542.54419}, "device": "gpu", "nd_range": {"device_start": 1585578477.357491, "device_end": 1585578477.357598}, "cmdq": 3, "read": {"device_start": 1585578477.3575995, "device_end": 1585578477.3576071}}, "FFC_sans_bias58": {"write": {"device_start": -1, "host_queued_start": 1585578542.562244, "device_queued": -1, "device_end": -1, "host_queued_end": 1585578542.569655}, "device": "cpu", "nd_range": {"device_start": 2246316.7750396393, "device_end": 2246316.775783398}, "cmdq": 1, "read": {"device_start": -1, "device_end": -1}}, "softmax41": {"write": {"device_start": -1, "host_queued_start": 1585578542.56352, "device_queued": -1, "device_end": -1, "host_queued_end": 1585578542.569655}, "device": "cpu", "nd_range": {"device_start": 2246316.776203534, "device_end": 2246316.776302415}, "cmdq": 0, "read": {"device_start": -1, "device_end": -1}}, "FFC_sans_bias11": {"write": {"device_start": -1, "host_queued_start": 1585578542.550203, "device_queued": -1, "device_end": -1, "host_queued_end": 1585578542.569655}, "device": "cpu", "nd_range": {"device_start": 2246316.761404079, "device_end": 2246316.7621301413}, "cmdq": 0, "read": {"device_start": -1, "device_end": -1}}, "FFC_sans_bias10": {"write": {"device_start": -1, "host_queued_start": 1585578542.549698, "device_queued": -1, "device_end": -1, "host_queued_end": 1585578542.569655}, "device": "cpu", "nd_range": {"device_start": 2246316.761825234, "device_end": 2246316.7627898483}, "cmdq": 1, "read": {"device_start": -1, "device_end": -1}}, "coalesced_transpose3": {"write": {"device_start": -1, "host_queued_start": 1585578542.558113, "device_queued": -1, "device_end": -1, "host_queued_end": 1585578542.569655}, "device": "cpu", "nd_range": {"device_start": 2246316.769273547, "device_end": 2246316.769299717}, "cmdq": 0, "read": {"device_start": -1, "device_end": -1}}, "FFC_sans_bias34": {"write": {"device_start": -1, "host_queued_start": 1585578542.568182, "device_queued": -1, "device_end": -1, "host_queued_end": 1585578542.569655}, "device": "cpu", "nd_range": {"device_start": 2246316.7823874173, "device_end": 2246316.783558972}, "cmdq": 1, "read": {"device_start": -1, "device_end": -1}}, "FFC_sans_bias15": {"write": {"device_start": -1, "host_queued_start": 1585578542.564713, "device_queued": -1, "device_end": -1, "host_queued_end": 1585578542.569655}, "device": "cpu", "nd_range": {"device_start": 2246316.776595721, "device_end": 2246316.7780454643}, "cmdq": 0, "read": {"device_start": -1, "device_end": -1}}, "FFC_sans_bias31": {"write": {"device_start": -1, "host_queued_start": 1585578542.56127, "device_queued": -1, "device_end": -1, "host_queued_end": 1585578542.569655}, "device": "cpu", "nd_range": {"device_start": 2246316.772714321, "device_end": 2246316.773561451}, "cmdq": 0, "read": {"device_start": -1, "device_end": -1}}, "FFC_sans_bias16": {"write": {"device_start": -1, "host_queued_start": 1585578542.56728, "device_queued": -1, "device_end": -1, "host_queued_end": 1585578542.569655}, "device": "cpu", "nd_range": {"device_start": 2246316.7813160103, "device_end": 2246316.782384811}, "cmdq": 1, "read": {"device_start": -1, "device_end": -1}}, "FFC_sans_bias19": {"write": {"device_start": -1, "host_queued_start": 1585578542.551226, "device_queued": -1, "device_end": -1, "host_queued_end": 1585578542.569655}, "device": "cpu", "nd_range": {"device_start": 2246316.762134749, "device_end": 2246316.763097994}, "cmdq": 0, "read": {"device_start": -1, "device_end": -1}}, "FFC_sans_bias18": {"write": {"device_start": -1, "host_queued_start": 1585578542.550724, "device_queued": -1, "device_end": -1, "host_queued_end": 1585578542.569655}, "device": "cpu", "nd_range": {"device_start": 2246316.7628980093, "device_end": 2246316.7637521643}, "cmdq": 1, "read": {"device_start": -1, "device_end": -1}}, "coalesced_transpose30": {"write": {"device_start": -1, "host_queued_start": 1585578542.559033, "device_queued": -1, "device_end": -1, "host_queued_end": 1585578542.569655}, "device": "cpu", "nd_range": {"device_start": 2246316.771615601, "device_end": 2246316.771825085}, "cmdq": 1, "read": {"device_start": -1, "device_end": -1}}, "FFC_sans_bias69": {"write": {"device_start": -1, "host_queued_start": 1585578542.543494, "device_queued": -1, "device_end": -1, "host_queued_end": 1585578542.54419}, "device": "gpu", "nd_range": {"device_start": 1585578477.3573823, "device_end": 1585578477.3574886}, "cmdq": 2, "read": {"device_start": -1, "device_end": -1}}, "FFC_sans_bias38": {"write": {"device_start": -1, "host_queued_start": 1585578542.55479, "device_queued": -1, "device_end": -1, "host_queued_end": 1585578542.569655}, "device": "cpu", "nd_range": {"device_start": 2246316.766968549, "device_end": 2246316.768058871}, "cmdq": 1, "read": {"device_start": -1, "device_end": -1}}, "coalesced_transpose57": {"write": {"device_start": -1, "host_queued_start": 1585578542.559929, "device_queued": -1, "device_end": -1, "host_queued_end": 1585578542.569655}, "device": "cpu", "nd_range": {"device_start": 2246316.771480633, "device_end": 2246316.771526529}, "cmdq": 0, "read": {"device_start": -1, "device_end": -1}}, "empty26": {"write": {"device_start": -1, "host_queued_start": 1585578542.545715, "device_queued": -1, "device_end": -1, "host_queued_end": 1585578542.569655}, "device": "cpu", "nd_range": {"device_start": 2246316.759279836, "device_end": 2246316.759281101}, "cmdq": 0, "read": {"device_start": -1, "device_end": -1}}, "coalesced_transpose12": {"write": {"device_start": -1, "host_queued_start": 1585578542.558422, "device_queued": -1, "device_end": -1, "host_queued_end": 1585578542.569655}, "device": "cpu", "nd_range": {"device_start": 2246316.771481038, "device_end": 2246316.7715325654}, "cmdq": 1, "read": {"device_start": -1, "device_end": -1}}, "empty44": {"write": {"device_start": -1, "host_queued_start": 1585578542.54644, "device_queued": -1, "device_end": -1, "host_queued_end": 1585578542.569655}, "device": "cpu", "nd_range": {"device_start": 2246316.759286657, "device_end": 2246316.759287556}, "cmdq": 0, "read": {"device_start": -1, "device_end": -1}}, "coalesced_transpose21": {"write": {"device_start": -1, "host_queued_start": 1585578542.558736, "device_queued": -1, "device_end": -1, "host_queued_end": 1585578542.569655}, "device": "cpu", "nd_range": {"device_start": 2246316.7693092814, "device_end": 2246316.7693355763}, "cmdq": 0, "read": {"device_start": -1, "device_end": -1}}, "FFC_sans_bias36": {"write": {"device_start": -1, "host_queued_start": 1585578542.553744, "device_queued": -1, "device_end": -1, "host_queued_end": 1585578542.569655}, "device": "cpu", "nd_range": {"device_start": 2246316.766017441, "device_end": 2246316.766862691}, "cmdq": 1, "read": {"device_start": -1, "device_end": -1}}, "softmax14": {"write": {"device_start": -1, "host_queued_start": 1585578542.562771, "device_queued": -1, "device_end": -1, "host_queued_end": 1585578542.569655}, "device": "cpu", "nd_range": {"device_start": 2246316.775787832, "device_end": 2246316.775842796}, "cmdq": 1, "read": {"device_start": -1, "device_end": -1}}, "FFC_sans_bias13": {"write": {"device_start": -1, "host_queued_start": 1585578542.560654, "device_queued": -1, "device_end": -1, "host_queued_end": 1585578542.569655}, "device": "cpu", "nd_range": {"device_start": 2246316.771612458, "device_end": 2246316.772586321}, "cmdq": 0, "read": {"device_start": -1, "device_end": -1}}, "empty8": {"write": {"device_start": -1, "host_queued_start": 1585578542.544806, "device_queued": -1, "device_end": -1, "host_queued_end": 1585578542.569655}, "device": "cpu", "nd_range": {"device_start": 2246316.7592439232, "device_end": 2246316.759255712}, "cmdq": 0, "read": {"device_start": -1, "device_end": -1}}, "FFC_sans_bias42": {"write": {"device_start": -1, "host_queued_start": 1585578542.565665, "device_queued": -1, "device_end": -1, "host_queued_end": 1585578542.569655}, "device": "cpu", "nd_range": {"device_start": 2246316.7782560443, "device_end": 2246316.779704968}, "cmdq": 1, "read": {"device_start": -1, "device_end": -1}}, "FFC_sans_bias43": {"write": {"device_start": -1, "host_queued_start": 1585578542.568701, "device_queued": -1, "device_end": -1, "host_queued_end": 1585578542.569655}, "device": "cpu", "nd_range": {"device_start": 2246316.782891251, "device_end": 2246316.791474942}, "cmdq": 0, "read": {"device_start": -1, "device_end": -1}}, "FFC_sans_bias40": {"write": {"device_start": -1, "host_queued_start": 1585578542.561594, "device_queued": -1, "device_end": -1, "host_queued_end": 1585578542.569655}, "device": "cpu", "nd_range": {"device_start": 2246316.7739136363, "device_end": 2246316.7750338}, "cmdq": 1, "read": {"device_start": -1, "device_end": -1}}, "softmax32": {"write": {"device_start": -1, "host_queued_start": 1585578542.563271, "device_queued": -1, "device_end": -1, "host_queued_end": 1585578542.569655}, "device": "cpu", "nd_range": {"device_start": 2246316.7758534113, "device_end": 2246316.775888166}, "cmdq": 1, "read": {"device_start": -1, "device_end": -1}}, "FFC_sans_bias47": {"write": {"device_start": -1, "host_queued_start": 1585578542.556293, "device_queued": -1, "device_end": -1, "host_queued_end": 1585578542.569655}, "device": "cpu", "nd_range": {"device_start": 2246316.767550431, "device_end": 2246316.768282947}, "cmdq": 0, "read": {"device_start": -1, "device_end": -1}}, "FFC_sans_bias45": {"write": {"device_start": -1, "host_queued_start": 1585578542.55529, "device_queued": -1, "device_end": -1, "host_queued_end": 1585578542.569655}, "device": "cpu", "nd_range": {"device_start": 2246316.766471956, "device_end": 2246316.767439519}, "cmdq": 0, "read": {"device_start": -1, "device_end": -1}}, "softmax50": {"write": {"device_start": -1, "host_queued_start": 1585578542.563782, "device_queued": -1, "device_end": -1, "host_queued_end": 1585578542.569655}, "device": "cpu", "nd_range": {"device_start": 2246316.775940441, "device_end": 2246316.775972355}, "cmdq": 1, "read": {"device_start": -1, "device_end": -1}}, "FFC_sans_bias33": {"write": {"device_start": -1, "host_queued_start": 1585578542.565345, "device_queued": -1, "device_end": -1, "host_queued_end": 1585578542.569655}, "device": "cpu", "nd_range": {"device_start": 2246316.778051928, "device_end": 2246316.77926906}, "cmdq": 0, "read": {"device_start": -1, "device_end": -1}}, "FFC_sans_bias63": {"write": {"device_start": 1585578477.3569443, "host_queued_start": 1585578542.542298, "device_queued": 1585578477.3569245, "device_end": 1585578477.356953, "host_queued_end": 1585578542.54419}, "device": "gpu", "nd_range": {"device_start": 1585578477.3569887, "device_end": 1585578477.3571687}, "cmdq": 3, "read": {"device_start": -1, "device_end": -1}}, "FFC_sans_bias49": {"write": {"device_start": -1, "host_queued_start": 1585578542.561908, "device_queued": -1, "device_end": -1, "host_queued_end": 1585578542.569655}, "device": "cpu", "nd_range": {"device_start": 2246316.77393383, "device_end": 2246316.7759240293}, "cmdq": 0, "read": {"device_start": -1, "device_end": -1}}, "FFC_sans_bias64": {"write": {"device_start": 1585578477.3569007, "host_queued_start": 1585578542.541207, "device_queued": 1585578477.3568823, "device_end": 1585578477.3569095, "host_queued_end": 1585578542.54419}, "device": "gpu", "nd_range": {"device_start": 1585578477.3569553, "device_end": 1585578477.3570657}, "cmdq": 1, "read": {"device_start": -1, "device_end": -1}}, "FFC_sans_bias65": {"write": {"device_start": 1585578477.3569224, "host_queued_start": 1585578542.541758, "device_queued": 1585578477.356902, "device_end": 1585578477.3569312, "host_queued_end": 1585578542.54419}, "device": "gpu", "nd_range": {"device_start": 1585578477.3569763, "device_end": 1585578477.35715}, "cmdq": 2, "read": {"device_start": -1, "device_end": -1}}, "FFC_sans_bias67": {"write": {"device_start": -1, "host_queued_start": 1585578542.542977, "device_queued": -1, "device_end": -1, "host_queued_end": 1585578542.54419}, "device": "gpu", "nd_range": {"device_start": 1585578477.357186, "device_end": 1585578477.3572931}, "cmdq": 0, "read": {"device_start": -1, "device_end": -1}}, "FFC_sans_bias24": {"write": {"device_start": -1, "host_queued_start": 1585578542.565037, "device_queued": -1, "device_end": -1, "host_queued_end": 1585578542.569655}, "device": "cpu", "nd_range": {"device_start": 2246316.777041661, "device_end": 2246316.77825002}, "cmdq": 1, "read": {"device_start": -1, "device_end": -1}}, "FFC_sans_bias25": {"write": {"device_start": -1, "host_queued_start": 1585578542.567732, "device_queued": -1, "device_end": -1, "host_queued_end": 1585578542.569655}, "device": "cpu", "nd_range": {"device_start": 2246316.781599344, "device_end": 2246316.782888709}, "cmdq": 0, "read": {"device_start": -1, "device_end": -1}}, "FFC_sans_bias27": {"write": {"device_start": -1, "host_queued_start": 1585578542.552235, "device_queued": -1, "device_end": -1, "host_queued_end": 1585578542.569655}, "device": "cpu", "nd_range": {"device_start": 2246316.7635932392, "device_end": 2246316.7643319163}, "cmdq": 0, "read": {"device_start": -1, "device_end": -1}}, "FFC_sans_bias20": {"write": {"device_start": -1, "host_queued_start": 1585578542.551732, "device_queued": -1, "device_end": -1, "host_queued_end": 1585578542.569655}, "device": "cpu", "nd_range": {"device_start": 2246316.763863633, "device_end": 2246316.764835663}, "cmdq": 1, "read": {"device_start": -1, "device_end": -1}}, "FFC_sans_bias22": {"write": {"device_start": -1, "host_queued_start": 1585578542.560961, "device_queued": -1, "device_end": -1, "host_queued_end": 1585578542.569655}, "device": "cpu", "nd_range": {"device_start": 2246316.7729241364, "device_end": 2246316.7739064572}, "cmdq": 1, "read": {"device_start": -1, "device_end": -1}}, "softmax68": {"write": {"device_start": -1, "host_queued_start": 1585578542.543206, "device_queued": -1, "device_end": -1, "host_queued_end": 1585578542.54419}, "device": "gpu", "nd_range": {"device_start": 1585578477.3573012, "device_end": 1585578477.3573766}, "cmdq": 1, "read": {"device_start": -1, "device_end": -1}}, "softmax5": {"write": {"device_start": -1, "host_queued_start": 1585578542.562503, "device_queued": -1, "device_end": -1, "host_queued_end": 1585578542.569655}, "device": "cpu", "nd_range": {"device_start": 2246316.775948903, "device_end": 2246316.775997322}, "cmdq": 0, "read": {"device_start": -1, "device_end": -1}}, "FFC_sans_bias28": {"write": {"device_start": -1, "host_queued_start": 1585578542.552741, "device_queued": -1, "device_end": -1, "host_queued_end": 1585578542.569655}, "device": "cpu", "nd_range": {"device_start": 2246316.764943304, "device_end": 2246316.765909266}, "cmdq": 1, "read": {"device_start": -1, "device_end": -1}}, "FFC_sans_bias29": {"write": {"device_start": -1, "host_queued_start": 1585578542.553246, "device_queued": -1, "device_end": -1, "host_queued_end": 1585578542.569655}, "device": "cpu", "nd_range": {"device_start": 2246316.764441444, "device_end": 2246316.765287803}, "cmdq": 0, "read": {"device_start": -1, "device_end": -1}}, "empty17": {"write": {"device_start": -1, "host_queued_start": 1585578542.545262, "device_queued": -1, "device_end": -1, "host_queued_end": 1585578542.569655}, "device": "cpu", "nd_range": {"device_start": 2246316.7592438743, "device_end": 2246316.759255743}, "cmdq": 1, "read": {"device_start": -1, "device_end": -1}}, "softmax59": {"write": {"device_start": -1, "host_queued_start": 1585578542.564041, "device_queued": -1, "device_end": -1, "host_queued_end": 1585578542.569655}, "device": "cpu", "nd_range": {"device_start": 2246316.776379552, "device_end": 2246316.776542305}, "cmdq": 0, "read": {"device_start": -1, "device_end": -1}}, "empty71": {"write": {"device_start": 1585578477.356856, "host_queued_start": 1585578542.540462, "device_queued": 1585578477.3568287, "device_end": 1585578477.356865, "host_queued_end": 1585578542.54419}, "device": "gpu", "nd_range": {"device_start": 1585578477.3568673, "device_end": 1585578477.3568788}, "cmdq": 0, "read": {"device_start": -1, "device_end": -1}}, "empty35": {"write": {"device_start": -1, "host_queued_start": 1585578542.546079, "device_queued": -1, "device_end": -1, "host_queued_end": 1585578542.569655}, "device": "cpu", "nd_range": {"device_start": 2246316.759289504, "device_end": 2246316.759293855}, "cmdq": 1, "read": {"device_start": -1, "device_end": -1}}, "empty53": {"write": {"device_start": -1, "host_queued_start": 1585578542.546833, "device_queued": -1, "device_end": -1, "host_queued_end": 1585578542.569655}, "device": "cpu", "nd_range": {"device_start": 2246316.759308833, "device_end": 2246316.759309873}, "cmdq": 1, "read": {"device_start": -1, "device_end": -1}}, "FFC_sans_bias46": {"write": {"device_start": -1, "host_queued_start": 1585578542.555785, "device_queued": -1, "device_end": -1, "host_queued_end": 1585578542.569655}, "device": "cpu", "nd_range": {"device_start": 2246316.768172285, "device_end": 2246316.7692590673}, "cmdq": 1, "read": {"device_start": -1, "device_end": -1}}, "coalesced_transpose66": {"write": {"device_start": -1, "host_queued_start": 1585578542.542656, "device_queued": -1, "device_end": -1, "host_queued_end": 1585578542.54419}, "device": "gpu", "nd_range": {"device_start": 1585578477.357069, "device_end": 1585578477.3571126}, "cmdq": 4, "read": {"device_start": -1, "device_end": -1}}, "coalesced_transpose48": {"write": {"device_start": -1, "host_queued_start": 1585578542.559638, "device_queued": -1, "device_end": -1, "host_queued_end": 1585578542.569655}, "device": "cpu", "nd_range": {"device_start": 2246316.7719277893, "device_end": 2246316.771980922}, "cmdq": 1, "read": {"device_start": -1, "device_end": -1}}}