{"FFC_sans_bias60": {"write": {"device_start": -1, "host_queued_start": 1585578389.804403, "device_queued": -1, "device_end": -1, "host_queued_end": 1585578389.806841}, "device": "gpu", "nd_range": {"device_start": 1585578324.6253352, "device_end": 1585578324.625467}, "cmdq": 2, "read": {"device_start": -1, "device_end": -1}}, "FFC_sans_bias4": {"write": {"device_start": -1, "host_queued_start": 1585578389.816628, "device_queued": -1, "device_end": -1, "host_queued_end": 1585578389.821812}, "device": "cpu", "nd_range": {"device_start": 2246164.020146441, "device_end": 2246164.021070353}, "cmdq": 0, "read": {"device_start": -1, "device_end": -1}}, "FFC_sans_bias7": {"write": {"device_start": -1, "host_queued_start": 1585578389.820401, "device_queued": -1, "device_end": -1, "host_queued_end": 1585578389.821812}, "device": "cpu", "nd_range": {"device_start": 2246164.02675424, "device_end": 2246164.027461625}, "cmdq": 0, "read": {"device_start": -1, "device_end": -1}}, "FFC_sans_bias6": {"write": {"device_start": -1, "host_queued_start": 1585578389.818947, "device_queued": -1, "device_end": -1, "host_queued_end": 1585578389.821812}, "device": "cpu", "nd_range": {"device_start": 2246164.0237819282, "device_end": 2246164.0245535313}, "cmdq": 0, "read": {"device_start": -1, "device_end": -1}}, "FFC_sans_bias1": {"write": {"device_start": -1, "host_queued_start": 1585578389.8099, "device_queued": -1, "device_end": -1, "host_queued_end": 1585578389.821812}, "device": "cpu", "nd_range": {"device_start": 2246164.012202761, "device_end": 2246164.012829375}, "cmdq": 0, "read": {"device_start": -1, "device_end": -1}}, "FFC_sans_bias0": {"write": {"device_start": -1, "host_queued_start": 1585578389.809396, "device_queued": -1, "device_end": -1, "host_queued_end": 1585578389.821812}, "device": "cpu", "nd_range": {"device_start": 2246164.0114444043, "device_end": 2246164.012182744}, "cmdq": 0, "read": {"device_start": -1, "device_end": -1}}, "FFC_sans_bias2": {"write": {"device_start": -1, "host_queued_start": 1585578389.810411, "device_queued": -1, "device_end": -1, "host_queued_end": 1585578389.821812}, "device": "cpu", "nd_range": {"device_start": 2246164.012837041, "device_end": 2246164.013481542}, "cmdq": 0, "read": {"device_start": -1, "device_end": -1}}, "FFC_sans_bias61": {"write": {"device_start": 1585578324.6254683, "host_queued_start": 1585578389.806195, "device_queued": 1585578324.6251059, "device_end": 1585578324.6254766, "host_queued_end": 1585578389.806841}, "device": "gpu", "nd_range": {"device_start": 1585578324.625478, "device_end": 1585578324.625671}, "cmdq": 2, "read": {"device_start": 1585578324.6256814, "device_end": 1585578324.6256983}}, "FFC_sans_bias52": {"write": {"device_start": 1585578324.6254468, "host_queued_start": 1585578389.805682, "device_queued": 1585578324.6250808, "device_end": 1585578324.6254554, "host_queued_end": 1585578389.806841}, "device": "gpu", "nd_range": {"device_start": 1585578324.6254566, "device_end": 1585578324.6256194}, "cmdq": 1, "read": {"device_start": 1585578324.6256278, "device_end": 1585578324.625635}}, "FFC_sans_bias9": {"write": {"device_start": -1, "host_queued_start": 1585578389.810928, "device_queued": -1, "device_end": -1, "host_queued_end": 1585578389.821812}, "device": "cpu", "nd_range": {"device_start": 2246164.013486432, "device_end": 2246164.014129267}, "cmdq": 0, "read": {"device_start": -1, "device_end": -1}}, "coalesced_transpose39": {"write": {"device_start": -1, "host_queued_start": 1585578389.800651, "device_queued": -1, "device_end": -1, "host_queued_end": 1585578389.806841}, "device": "gpu", "nd_range": {"device_start": 1585578324.624835, "device_end": 1585578324.6249442}, "cmdq": 0, "read": {"device_start": -1, "device_end": -1}}, "FFC_sans_bias55": {"write": {"device_start": 1585578324.624574, "host_queued_start": 1585578389.798849, "device_queued": 1585578324.624552, "device_end": 1585578324.6245825, "host_queued_end": 1585578389.806841}, "device": "gpu", "nd_range": {"device_start": 1585578324.6245863, "device_end": 1585578324.6248338}, "cmdq": 0, "read": {"device_start": -1, "device_end": -1}}, "FFC_sans_bias54": {"write": {"device_start": 1585578324.6245089, "host_queued_start": 1585578389.798304, "device_queued": 1585578324.6244845, "device_end": 1585578324.6245172, "host_queued_end": 1585578389.806841}, "device": "gpu", "nd_range": {"device_start": 1585578324.624548, "device_end": 1585578324.624744}, "cmdq": 3, "read": {"device_start": -1, "device_end": -1}}, "FFC_sans_bias56": {"write": {"device_start": 1585578324.6244655, "host_queued_start": 1585578389.797802, "device_queued": 1585578324.6243603, "device_end": 1585578324.6244743, "host_queued_end": 1585578389.806841}, "device": "gpu", "nd_range": {"device_start": 1585578324.624535, "device_end": 1585578324.6247203}, "cmdq": 2, "read": {"device_start": -1, "device_end": -1}}, "FFC_sans_bias51": {"write": {"device_start": -1, "host_queued_start": 1585578389.804105, "device_queued": -1, "device_end": -1, "host_queued_end": 1585578389.806841}, "device": "gpu", "nd_range": {"device_start": 1585578324.6252377, "device_end": 1585578324.6254444}, "cmdq": 1, "read": {"device_start": -1, "device_end": -1}}, "softmax23": {"write": {"device_start": -1, "host_queued_start": 1585578389.818345, "device_queued": -1, "device_end": -1, "host_queued_end": 1585578389.821812}, "device": "cpu", "nd_range": {"device_start": 2246164.023684938, "device_end": 2246164.023713694}, "cmdq": 0, "read": {"device_start": -1, "device_end": -1}}, "FFC_sans_bias37": {"write": {"device_start": 1585578324.624184, "host_queued_start": 1585578389.795146, "device_queued": 1585578324.6241617, "device_end": 1585578324.6241972, "host_queued_end": 1585578389.806841}, "device": "gpu", "nd_range": {"device_start": 1585578324.6242523, "device_end": 1585578324.6243615}, "cmdq": 1, "read": {"device_start": -1, "device_end": -1}}, "empty62": {"write": {"device_start": 1585578324.6240587, "host_queued_start": 1585578389.793655, "device_queued": 1585578324.6240335, "device_end": 1585578324.624067, "host_queued_end": 1585578389.806841}, "device": "gpu", "nd_range": {"device_start": 1585578324.6241033, "device_end": 1585578324.6241071}, "cmdq": 2, "read": {"device_start": -1, "device_end": -1}}, "FFC_sans_bias70": {"write": {"device_start": 1585578324.6257296, "host_queued_start": 1585578389.806737, "device_queued": 1585578324.6252143, "device_end": 1585578324.6257381, "host_queued_end": 1585578389.806841}, "device": "gpu", "nd_range": {"device_start": 1585578324.625745, "device_end": 1585578324.6258514}, "cmdq": 3, "read": {"device_start": 1585578324.625854, "device_end": 1585578324.625861}}, "FFC_sans_bias58": {"write": {"device_start": -1, "host_queued_start": 1585578389.802349, "device_queued": -1, "device_end": -1, "host_queued_end": 1585578389.806841}, "device": "gpu", "nd_range": {"device_start": 1585578324.6249523, "device_end": 1585578324.6251972}, "cmdq": 2, "read": {"device_start": -1, "device_end": -1}}, "softmax41": {"write": {"device_start": -1, "host_queued_start": 1585578389.802886, "device_queued": -1, "device_end": -1, "host_queued_end": 1585578389.806841}, "device": "gpu", "nd_range": {"device_start": 1585578324.625062, "device_end": 1585578324.625229}, "cmdq": 0, "read": {"device_start": -1, "device_end": -1}}, "FFC_sans_bias11": {"write": {"device_start": -1, "host_queued_start": 1585578389.81194, "device_queued": -1, "device_end": -1, "host_queued_end": 1585578389.821812}, "device": "cpu", "nd_range": {"device_start": 2246164.01477972, "device_end": 2246164.015398294}, "cmdq": 0, "read": {"device_start": -1, "device_end": -1}}, "FFC_sans_bias10": {"write": {"device_start": -1, "host_queued_start": 1585578389.81143, "device_queued": -1, "device_end": -1, "host_queued_end": 1585578389.821812}, "device": "cpu", "nd_range": {"device_start": 2246164.0141341262, "device_end": 2246164.01477609}, "cmdq": 0, "read": {"device_start": -1, "device_end": -1}}, "coalesced_transpose3": {"write": {"device_start": -1, "host_queued_start": 1585578389.815317, "device_queued": -1, "device_end": -1, "host_queued_end": 1585578389.821812}, "device": "cpu", "nd_range": {"device_start": 2246164.0199875343, "device_end": 2246164.020022159}, "cmdq": 0, "read": {"device_start": -1, "device_end": -1}}, "FFC_sans_bias34": {"write": {"device_start": -1, "host_queued_start": 1585578389.821767, "device_queued": -1, "device_end": -1, "host_queued_end": 1585578389.821812}, "device": "cpu", "nd_range": {"device_start": 2246164.0288997074, "device_end": 2246164.029603805}, "cmdq": 0, "read": {"device_start": -1, "device_end": -1}}, "FFC_sans_bias15": {"write": {"device_start": -1, "host_queued_start": 1585578389.819254, "device_queued": -1, "device_end": -1, "host_queued_end": 1585578389.821812}, "device": "cpu", "nd_range": {"device_start": 2246164.0245615044, "device_end": 2246164.025293094}, "cmdq": 0, "read": {"device_start": -1, "device_end": -1}}, "FFC_sans_bias31": {"write": {"device_start": -1, "host_queued_start": 1585578389.817582, "device_queued": -1, "device_end": -1, "host_queued_end": 1585578389.821812}, "device": "cpu", "nd_range": {"device_start": 2246164.022808154, "device_end": 2246164.023552995}, "cmdq": 0, "read": {"device_start": -1, "device_end": -1}}, "FFC_sans_bias16": {"write": {"device_start": -1, "host_queued_start": 1585578389.820859, "device_queued": -1, "device_end": -1, "host_queued_end": 1585578389.821812}, "device": "cpu", "nd_range": {"device_start": 2246164.0274643484, "device_end": 2246164.028190005}, "cmdq": 0, "read": {"device_start": -1, "device_end": -1}}, "FFC_sans_bias19": {"write": {"device_start": -1, "host_queued_start": 1585578389.812963, "device_queued": -1, "device_end": -1, "host_queued_end": 1585578389.821812}, "device": "cpu", "nd_range": {"device_start": 2246164.016047133, "device_end": 2246164.016657447}, "cmdq": 0, "read": {"device_start": -1, "device_end": -1}}, "FFC_sans_bias18": {"write": {"device_start": -1, "host_queued_start": 1585578389.812446, "device_queued": -1, "device_end": -1, "host_queued_end": 1585578389.821812}, "device": "cpu", "nd_range": {"device_start": 2246164.0154026393, "device_end": 2246164.016041887}, "cmdq": 0, "read": {"device_start": -1, "device_end": -1}}, "coalesced_transpose30": {"write": {"device_start": -1, "host_queued_start": 1585578389.816321, "device_queued": -1, "device_end": -1, "host_queued_end": 1585578389.821812}, "device": "cpu", "nd_range": {"device_start": 2246164.020120697, "device_end": 2246164.0201393953}, "cmdq": 0, "read": {"device_start": -1, "device_end": -1}}, "FFC_sans_bias69": {"write": {"device_start": -1, "host_queued_start": 1585578389.8047, "device_queued": -1, "device_end": -1, "host_queued_end": 1585578389.806841}, "device": "gpu", "nd_range": {"device_start": 1585578324.6254823, "device_end": 1585578324.6257281}, "cmdq": 3, "read": {"device_start": -1, "device_end": -1}}, "FFC_sans_bias38": {"write": {"device_start": 1585578324.6242137, "host_queued_start": 1585578389.795667, "device_queued": 1585578324.624185, "device_end": 1585578324.6242223, "host_queued_end": 1585578389.806841}, "device": "gpu", "nd_range": {"device_start": 1585578324.624263, "device_end": 1585578324.6244636}, "cmdq": 2, "read": {"device_start": -1, "device_end": -1}}, "coalesced_transpose57": {"write": {"device_start": -1, "host_queued_start": 1585578389.801197, "device_queued": -1, "device_end": -1, "host_queued_end": 1585578389.806841}, "device": "gpu", "nd_range": {"device_start": 1585578324.6249375, "device_end": 1585578324.6249514}, "cmdq": 2, "read": {"device_start": -1, "device_end": -1}}, "empty26": {"write": {"device_start": -1, "host_queued_start": 1585578389.808414, "device_queued": -1, "device_end": -1, "host_queued_end": 1585578389.821812}, "device": "cpu", "nd_range": {"device_start": 2246164.011434804, "device_end": 2246164.011435431}, "cmdq": 0, "read": {"device_start": -1, "device_end": -1}}, "coalesced_transpose12": {"write": {"device_start": -1, "host_queued_start": 1585578389.815616, "device_queued": -1, "device_end": -1, "host_queued_end": 1585578389.821812}, "device": "cpu", "nd_range": {"device_start": 2246164.02004086, "device_end": 2246164.020073101}, "cmdq": 0, "read": {"device_start": -1, "device_end": -1}}, "empty44": {"write": {"device_start": 1585578324.6239583, "host_queued_start": 1585578389.792612, "device_queued": 1585578324.623914, "device_end": 1585578324.6239672, "host_queued_end": 1585578389.806841}, "device": "gpu", "nd_range": {"device_start": 1585578324.623983, "device_end": 1585578324.6240036}, "cmdq": 0, "read": {"device_start": -1, "device_end": -1}}, "coalesced_transpose21": {"write": {"device_start": -1, "host_queued_start": 1585578389.816005, "device_queued": -1, "device_end": -1, "host_queued_end": 1585578389.821812}, "device": "cpu", "nd_range": {"device_start": 2246164.020094457, "device_end": 2246164.0201126994}, "cmdq": 0, "read": {"device_start": -1, "device_end": -1}}, "FFC_sans_bias36": {"write": {"device_start": 1585578324.6241443, "host_queued_start": 1585578389.794667, "device_queued": 1585578324.6241193, "device_end": 1585578324.6241527, "host_queued_end": 1585578389.806841}, "device": "gpu", "nd_range": {"device_start": 1585578324.6241548, "device_end": 1585578324.6242654}, "cmdq": 0, "read": {"device_start": -1, "device_end": -1}}, "softmax14": {"write": {"device_start": -1, "host_queued_start": 1585578389.818106, "device_queued": -1, "device_end": -1, "host_queued_end": 1585578389.821812}, "device": "cpu", "nd_range": {"device_start": 2246164.023642059, "device_end": 2246164.0236756993}, "cmdq": 0, "read": {"device_start": -1, "device_end": -1}}, "FFC_sans_bias13": {"write": {"device_start": -1, "host_queued_start": 1585578389.816951, "device_queued": -1, "device_end": -1, "host_queued_end": 1585578389.821812}, "device": "cpu", "nd_range": {"device_start": 2246164.021080327, "device_end": 2246164.02194167}, "cmdq": 0, "read": {"device_start": -1, "device_end": -1}}, "empty8": {"write": {"device_start": -1, "host_queued_start": 1585578389.807533, "device_queued": -1, "device_end": -1, "host_queued_end": 1585578389.821812}, "device": "cpu", "nd_range": {"device_start": 2246164.0114010843, "device_end": 2246164.011411882}, "cmdq": 0, "read": {"device_start": -1, "device_end": -1}}, "FFC_sans_bias42": {"write": {"device_start": -1, "host_queued_start": 1585578389.803832, "device_queued": -1, "device_end": -1, "host_queued_end": 1585578389.806841}, "device": "gpu", "nd_range": {"device_start": 1585578324.6252313, "device_end": 1585578324.6253426}, "cmdq": 0, "read": {"device_start": -1, "device_end": -1}}, "FFC_sans_bias43": {"write": {"device_start": 1585578324.6253445, "host_queued_start": 1585578389.805172, "device_queued": 1585578324.625027, "device_end": 1585578324.6253533, "host_queued_end": 1585578389.806841}, "device": "gpu", "nd_range": {"device_start": 1585578324.6253543, "device_end": 1585578324.6255414}, "cmdq": 0, "read": {"device_start": 1585578324.6255426, "device_end": 1585578324.6255503}}, "FFC_sans_bias40": {"write": {"device_start": -1, "host_queued_start": 1585578389.801759, "device_queued": -1, "device_end": -1, "host_queued_end": 1585578389.806841}, "device": "gpu", "nd_range": {"device_start": 1585578324.6249452, "device_end": 1585578324.6250598}, "cmdq": 0, "read": {"device_start": -1, "device_end": -1}}, "softmax32": {"write": {"device_start": -1, "host_queued_start": 1585578389.818629, "device_queued": -1, "device_end": -1, "host_queued_end": 1585578389.821812}, "device": "cpu", "nd_range": {"device_start": 2246164.023717849, "device_end": 2246164.0237623793}, "cmdq": 0, "read": {"device_start": -1, "device_end": -1}}, "FFC_sans_bias47": {"write": {"device_start": 1585578324.6243672, "host_queued_start": 1585578389.797163, "device_queued": 1585578324.6243377, "device_end": 1585578324.6243758, "host_queued_end": 1585578389.806841}, "device": "gpu", "nd_range": {"device_start": 1585578324.6245208, "device_end": 1585578324.6246314}, "cmdq": 1, "read": {"device_start": -1, "device_end": -1}}, "FFC_sans_bias45": {"write": {"device_start": 1585578324.6242404, "host_queued_start": 1585578389.796167, "device_queued": 1585578324.6242175, "device_end": 1585578324.6242492, "host_queued_end": 1585578389.806841}, "device": "gpu", "nd_range": {"device_start": 1585578324.6242847, "device_end": 1585578324.6244752}, "cmdq": 3, "read": {"device_start": -1, "device_end": -1}}, "softmax50": {"write": {"device_start": -1, "host_queued_start": 1585578389.803109, "device_queued": -1, "device_end": -1, "host_queued_end": 1585578389.806841}, "device": "gpu", "nd_range": {"device_start": 1585578324.6251574, "device_end": 1585578324.6252356}, "cmdq": 1, "read": {"device_start": -1, "device_end": -1}}, "FFC_sans_bias33": {"write": {"device_start": -1, "host_queued_start": 1585578389.819898, "device_queued": -1, "device_end": -1, "host_queued_end": 1585578389.821812}, "device": "cpu", "nd_range": {"device_start": 2246164.02603458, "device_end": 2246164.0267491792}, "cmdq": 0, "read": {"device_start": -1, "device_end": -1}}, "FFC_sans_bias63": {"write": {"device_start": 1585578324.624746, "host_queued_start": 1585578389.800345, "device_queued": 1585578324.6246364, "device_end": 1585578324.624755, "host_queued_end": 1585578389.806841}, "device": "gpu", "nd_range": {"device_start": 1585578324.6247559, "device_end": 1585578324.6250162}, "cmdq": 3, "read": {"device_start": -1, "device_end": -1}}, "FFC_sans_bias49": {"write": {"device_start": -1, "host_queued_start": 1585578389.802051, "device_queued": -1, "device_end": -1, "host_queued_end": 1585578389.806841}, "device": "gpu", "nd_range": {"device_start": 1585578324.6249487, "device_end": 1585578324.6251554}, "cmdq": 1, "read": {"device_start": -1, "device_end": -1}}, "FFC_sans_bias64": {"write": {"device_start": 1585578324.6246338, "host_queued_start": 1585578389.799353, "device_queued": 1585578324.6245925, "device_end": 1585578324.6246421, "host_queued_end": 1585578389.806841}, "device": "gpu", "nd_range": {"device_start": 1585578324.6246815, "device_end": 1585578324.6249123}, "cmdq": 1, "read": {"device_start": -1, "device_end": -1}}, "FFC_sans_bias65": {"write": {"device_start": 1585578324.624722, "host_queued_start": 1585578389.799851, "device_queued": 1585578324.6246145, "device_end": 1585578324.6247308, "host_queued_end": 1585578389.806841}, "device": "gpu", "nd_range": {"device_start": 1585578324.6247318, "device_end": 1585578324.6249363}, "cmdq": 2, "read": {"device_start": -1, "device_end": -1}}, "FFC_sans_bias67": {"write": {"device_start": -1, "host_queued_start": 1585578389.802656, "device_queued": -1, "device_end": -1, "host_queued_end": 1585578389.806841}, "device": "gpu", "nd_range": {"device_start": 1585578324.6251318, "device_end": 1585578324.6252556}, "cmdq": 3, "read": {"device_start": -1, "device_end": -1}}, "FFC_sans_bias24": {"write": {"device_start": -1, "host_queued_start": 1585578389.819576, "device_queued": -1, "device_end": -1, "host_queued_end": 1585578389.821812}, "device": "cpu", "nd_range": {"device_start": 2246164.02529811, "device_end": 2246164.02602938}, "cmdq": 0, "read": {"device_start": -1, "device_end": -1}}, "FFC_sans_bias25": {"write": {"device_start": -1, "host_queued_start": 1585578389.821314, "device_queued": -1, "device_end": -1, "host_queued_end": 1585578389.821812}, "device": "cpu", "nd_range": {"device_start": 2246164.0281923693, "device_end": 2246164.028897331}, "cmdq": 0, "read": {"device_start": -1, "device_end": -1}}, "FFC_sans_bias27": {"write": {"device_start": -1, "host_queued_start": 1585578389.813972, "device_queued": -1, "device_end": -1, "host_queued_end": 1585578389.821812}, "device": "cpu", "nd_range": {"device_start": 2246164.017267152, "device_end": 2246164.01878611}, "cmdq": 0, "read": {"device_start": -1, "device_end": -1}}, "FFC_sans_bias20": {"write": {"device_start": -1, "host_queued_start": 1585578389.81347, "device_queued": -1, "device_end": -1, "host_queued_end": 1585578389.821812}, "device": "cpu", "nd_range": {"device_start": 2246164.016661873, "device_end": 2246164.01726283}, "cmdq": 0, "read": {"device_start": -1, "device_end": -1}}, "FFC_sans_bias22": {"write": {"device_start": -1, "host_queued_start": 1585578389.817277, "device_queued": -1, "device_end": -1, "host_queued_end": 1585578389.821812}, "device": "cpu", "nd_range": {"device_start": 2246164.022075692, "device_end": 2246164.022802282}, "cmdq": 0, "read": {"device_start": -1, "device_end": -1}}, "softmax68": {"write": {"device_start": -1, "host_queued_start": 1585578389.803547, "device_queued": -1, "device_end": -1, "host_queued_end": 1585578389.806841}, "device": "gpu", "nd_range": {"device_start": 1585578324.6252646, "device_end": 1585578324.625481}, "cmdq": 3, "read": {"device_start": -1, "device_end": -1}}, "softmax5": {"write": {"device_start": -1, "host_queued_start": 1585578389.817839, "device_queued": -1, "device_end": -1, "host_queued_end": 1585578389.821812}, "device": "cpu", "nd_range": {"device_start": 2246164.02355893, "device_end": 2246164.0236307913}, "cmdq": 0, "read": {"device_start": -1, "device_end": -1}}, "FFC_sans_bias28": {"write": {"device_start": -1, "host_queued_start": 1585578389.814475, "device_queued": -1, "device_end": -1, "host_queued_end": 1585578389.821812}, "device": "cpu", "nd_range": {"device_start": 2246164.018790769, "device_end": 2246164.0193258203}, "cmdq": 0, "read": {"device_start": -1, "device_end": -1}}, "FFC_sans_bias29": {"write": {"device_start": -1, "host_queued_start": 1585578389.815007, "device_queued": -1, "device_end": -1, "host_queued_end": 1585578389.821812}, "device": "cpu", "nd_range": {"device_start": 2246164.019469335, "device_end": 2246164.019974742}, "cmdq": 0, "read": {"device_start": -1, "device_end": -1}}, "empty17": {"write": {"device_start": -1, "host_queued_start": 1585578389.808025, "device_queued": -1, "device_end": -1, "host_queued_end": 1585578389.821812}, "device": "cpu", "nd_range": {"device_start": 2246164.011429165, "device_end": 2246164.011430163}, "cmdq": 0, "read": {"device_start": -1, "device_end": -1}}, "softmax59": {"write": {"device_start": -1, "host_queued_start": 1585578389.80332, "device_queued": -1, "device_end": -1, "host_queued_end": 1585578389.806841}, "device": "gpu", "nd_range": {"device_start": 1585578324.6251996, "device_end": 1585578324.6253262}, "cmdq": 2, "read": {"device_start": -1, "device_end": -1}}, "empty71": {"write": {"device_start": 1585578324.624088, "host_queued_start": 1585578389.794066, "device_queued": 1585578324.6240616, "device_end": 1585578324.6240969, "host_queued_end": 1585578389.806841}, "device": "gpu", "nd_range": {"device_start": 1585578324.624111, "device_end": 1585578324.6241145}, "cmdq": 3, "read": {"device_start": -1, "device_end": -1}}, "empty35": {"write": {"device_start": -1, "host_queued_start": 1585578389.808832, "device_queued": -1, "device_end": -1, "host_queued_end": 1585578389.821812}, "device": "cpu", "nd_range": {"device_start": 2246164.011439638, "device_end": 2246164.0114403693}, "cmdq": 0, "read": {"device_start": -1, "device_end": -1}}, "empty53": {"write": {"device_start": 1585578324.6240318, "host_queued_start": 1585578389.793237, "device_queued": 1585578324.6240082, "device_end": 1585578324.6240408, "host_queued_end": 1585578389.806841}, "device": "gpu", "nd_range": {"device_start": 1585578324.624099, "device_end": 1585578324.6241062}, "cmdq": 1, "read": {"device_start": -1, "device_end": -1}}, "FFC_sans_bias46": {"write": {"device_start": 1585578324.624321, "host_queued_start": 1585578389.796665, "device_queued": 1585578324.624291, "device_end": 1585578324.6243296, "host_queued_end": 1585578389.806841}, "device": "gpu", "nd_range": {"device_start": 1585578324.6243331, "device_end": 1585578324.6245632}, "cmdq": 0, "read": {"device_start": -1, "device_end": -1}}, "coalesced_transpose66": {"write": {"device_start": -1, "host_queued_start": 1585578389.801473, "device_queued": -1, "device_end": -1, "host_queued_end": 1585578389.806841}, "device": "gpu", "nd_range": {"device_start": 1585578324.625018, "device_end": 1585578324.6251307}, "cmdq": 3, "read": {"device_start": -1, "device_end": -1}}, "coalesced_transpose48": {"write": {"device_start": -1, "host_queued_start": 1585578389.800914, "device_queued": -1, "device_end": -1, "host_queued_end": 1585578389.806841}, "device": "gpu", "nd_range": {"device_start": 1585578324.6249135, "device_end": 1585578324.6249478}, "cmdq": 1, "read": {"device_start": -1, "device_end": -1}}}