{"FFC_sans_bias60": {"write": {"device_start": -1, "host_queued_start": 1585578368.389153, "device_queued": -1, "device_end": -1, "host_queued_end": 1585578368.39104}, "device": "gpu", "nd_range": {"device_start": 1585578303.2097332, "device_end": 1585578303.20988}, "cmdq": 1, "read": {"device_start": -1, "device_end": -1}}, "FFC_sans_bias4": {"write": {"device_start": -1, "host_queued_start": 1585578368.403041, "device_queued": -1, "device_end": -1, "host_queued_end": 1585578368.409518}, "device": "cpu", "nd_range": {"device_start": 2246142.60507653, "device_end": 2246142.6070162193}, "cmdq": 0, "read": {"device_start": -1, "device_end": -1}}, "FFC_sans_bias7": {"write": {"device_start": -1, "host_queued_start": 1585578368.407645, "device_queued": -1, "device_end": -1, "host_queued_end": 1585578368.409518}, "device": "cpu", "nd_range": {"device_start": 2246142.609170592, "device_end": 2246142.611136583}, "cmdq": 0, "read": {"device_start": -1, "device_end": -1}}, "FFC_sans_bias6": {"write": {"device_start": -1, "host_queued_start": 1585578368.405878, "device_queued": -1, "device_end": -1, "host_queued_end": 1585578368.409518}, "device": "cpu", "nd_range": {"device_start": 2246142.607110069, "device_end": 2246142.609023531}, "cmdq": 0, "read": {"device_start": -1, "device_end": -1}}, "FFC_sans_bias1": {"write": {"device_start": -1, "host_queued_start": 1585578368.394559, "device_queued": -1, "device_end": -1, "host_queued_end": 1585578368.409518}, "device": "cpu", "nd_range": {"device_start": 2246142.599172843, "device_end": 2246142.6011441452}, "cmdq": 1, "read": {"device_start": -1, "device_end": -1}}, "FFC_sans_bias0": {"write": {"device_start": -1, "host_queued_start": 1585578368.394055, "device_queued": -1, "device_end": -1, "host_queued_end": 1585578368.409518}, "device": "cpu", "nd_range": {"device_start": 2246142.599130486, "device_end": 2246142.601124944}, "cmdq": 0, "read": {"device_start": -1, "device_end": -1}}, "FFC_sans_bias2": {"write": {"device_start": -1, "host_queued_start": 1585578368.395093, "device_queued": -1, "device_end": -1, "host_queued_end": 1585578368.409518}, "device": "cpu", "nd_range": {"device_start": 2246142.601157282, "device_end": 2246142.603084964}, "cmdq": 2, "read": {"device_start": -1, "device_end": -1}}, "FFC_sans_bias61": {"write": {"device_start": 1585578303.2098827, "host_queued_start": 1585578368.390412, "device_queued": 1585578303.209609, "device_end": 1585578303.2098913, "host_queued_end": 1585578368.39104}, "device": "gpu", "nd_range": {"device_start": 1585578303.2098992, "device_end": 1585578303.210055}, "cmdq": 1, "read": {"device_start": 1585578303.2100623, "device_end": 1585578303.2100692}}, "FFC_sans_bias52": {"write": {"device_start": 1585578303.2098114, "host_queued_start": 1585578368.389912, "device_queued": 1585578303.2095754, "device_end": 1585578303.2098203, "host_queued_end": 1585578368.39104}, "device": "gpu", "nd_range": {"device_start": 1585578303.2098212, "device_end": 1585578303.2099354}, "cmdq": 0, "read": {"device_start": 1585578303.2099447, "device_end": 1585578303.209952}}, "FFC_sans_bias9": {"write": {"device_start": -1, "host_queued_start": 1585578368.395595, "device_queued": -1, "device_end": -1, "host_queued_end": 1585578368.409518}, "device": "cpu", "nd_range": {"device_start": 2246142.5991679262, "device_end": 2246142.6013414282}, "cmdq": 3, "read": {"device_start": -1, "device_end": -1}}, "coalesced_transpose39": {"write": {"device_start": -1, "host_queued_start": 1585578368.402736, "device_queued": -1, "device_end": -1, "host_queued_end": 1585578368.409518}, "device": "cpu", "nd_range": {"device_start": 2246142.6132604573, "device_end": 2246142.61331261}, "cmdq": 4, "read": {"device_start": -1, "device_end": -1}}, "FFC_sans_bias55": {"write": {"device_start": 1585578303.2091653, "host_queued_start": 1585578368.384532, "device_queued": 1585578303.2090452, "device_end": 1585578303.209174, "host_queued_end": 1585578368.39104}, "device": "gpu", "nd_range": {"device_start": 1585578303.2091749, "device_end": 1585578303.2093306}, "cmdq": 2, "read": {"device_start": -1, "device_end": -1}}, "FFC_sans_bias54": {"write": {"device_start": 1585578303.20907, "host_queued_start": 1585578368.384045, "device_queued": 1585578303.2090104, "device_end": 1585578303.2090786, "host_queued_end": 1585578368.39104}, "device": "gpu", "nd_range": {"device_start": 1585578303.2090847, "device_end": 1585578303.2092652}, "cmdq": 1, "read": {"device_start": -1, "device_end": -1}}, "FFC_sans_bias56": {"write": {"device_start": 1585578303.2090006, "host_queued_start": 1585578368.383558, "device_queued": 1585578303.2089732, "device_end": 1585578303.2090092, "host_queued_end": 1585578368.39104}, "device": "gpu", "nd_range": {"device_start": 1585578303.2090106, "device_end": 1585578303.2092006}, "cmdq": 0, "read": {"device_start": -1, "device_end": -1}}, "FFC_sans_bias51": {"write": {"device_start": -1, "host_queued_start": 1585578368.388873, "device_queued": -1, "device_end": -1, "host_queued_end": 1585578368.39104}, "device": "gpu", "nd_range": {"device_start": 1585578303.2096996, "device_end": 1585578303.2098095}, "cmdq": 0, "read": {"device_start": -1, "device_end": -1}}, "softmax23": {"write": {"device_start": -1, "host_queued_start": 1585578368.405074, "device_queued": -1, "device_end": -1, "host_queued_end": 1585578368.409518}, "device": "cpu", "nd_range": {"device_start": 2246142.6090025213, "device_end": 2246142.6090621543}, "cmdq": 2, "read": {"device_start": -1, "device_end": -1}}, "FFC_sans_bias37": {"write": {"device_start": -1, "host_queued_start": 1585578368.400664, "device_queued": -1, "device_end": -1, "host_queued_end": 1585578368.409518}, "device": "cpu", "nd_range": {"device_start": 2246142.611139839, "device_end": 2246142.613061575}, "cmdq": 3, "read": {"device_start": -1, "device_end": -1}}, "empty62": {"write": {"device_start": 1585578303.2088091, "host_queued_start": 1585578368.381079, "device_queued": 1585578303.208788, "device_end": 1585578303.2088182, "host_queued_end": 1585578368.39104}, "device": "gpu", "nd_range": {"device_start": 1585578303.2088451, "device_end": 1585578303.2088516}, "cmdq": 1, "read": {"device_start": -1, "device_end": -1}}, "FFC_sans_bias70": {"write": {"device_start": 1585578303.2100363, "host_queued_start": 1585578368.390944, "device_queued": 1585578303.2096255, "device_end": 1585578303.210051, "host_queued_end": 1585578368.39104}, "device": "gpu", "nd_range": {"device_start": 1585578303.2100523, "device_end": 1585578303.2101583}, "cmdq": 2, "read": {"device_start": 1585578303.2101653, "device_end": 1585578303.210174}}, "FFC_sans_bias58": {"write": {"device_start": -1, "host_queued_start": 1585578368.387603, "device_queued": -1, "device_end": -1, "host_queued_end": 1585578368.39104}, "device": "gpu", "nd_range": {"device_start": 1585578303.2094934, "device_end": 1585578303.209633}, "cmdq": 1, "read": {"device_start": -1, "device_end": -1}}, "softmax41": {"write": {"device_start": -1, "host_queued_start": 1585578368.405568, "device_queued": -1, "device_end": -1, "host_queued_end": 1585578368.409518}, "device": "cpu", "nd_range": {"device_start": 2246142.6149262893, "device_end": 2246142.614961877}, "cmdq": 4, "read": {"device_start": -1, "device_end": -1}}, "FFC_sans_bias11": {"write": {"device_start": -1, "host_queued_start": 1585578368.396614, "device_queued": -1, "device_end": -1, "host_queued_end": 1585578368.409518}, "device": "cpu", "nd_range": {"device_start": 2246142.601131623, "device_end": 2246142.603045322}, "cmdq": 0, "read": {"device_start": -1, "device_end": -1}}, "FFC_sans_bias10": {"write": {"device_start": -1, "host_queued_start": 1585578368.396103, "device_queued": -1, "device_end": -1, "host_queued_end": 1585578368.409518}, "device": "cpu", "nd_range": {"device_start": 2246142.603338819, "device_end": 2246142.605289371}, "cmdq": 4, "read": {"device_start": -1, "device_end": -1}}, "coalesced_transpose3": {"write": {"device_start": -1, "host_queued_start": 1585578368.40147, "device_queued": -1, "device_end": -1, "host_queued_end": 1585578368.409518}, "device": "cpu", "nd_range": {"device_start": 2246142.604993647, "device_end": 2246142.605072888}, "cmdq": 0, "read": {"device_start": -1, "device_end": -1}}, "FFC_sans_bias34": {"write": {"device_start": -1, "host_queued_start": 1585578368.409029, "device_queued": -1, "device_end": -1, "host_queued_end": 1585578368.409518}, "device": "cpu", "nd_range": {"device_start": 2246142.619805093, "device_end": 2246142.620331066}, "cmdq": 3, "read": {"device_start": -1, "device_end": -1}}, "FFC_sans_bias15": {"write": {"device_start": -1, "host_queued_start": 1585578368.406194, "device_queued": -1, "device_end": -1, "host_queued_end": 1585578368.409518}, "device": "cpu", "nd_range": {"device_start": 2246142.6153236413, "device_end": 2246142.616697161}, "cmdq": 1, "read": {"device_start": -1, "device_end": -1}}, "FFC_sans_bias31": {"write": {"device_start": -1, "host_queued_start": 1585578368.403988, "device_queued": -1, "device_end": -1, "host_queued_end": 1585578368.409518}, "device": "cpu", "nd_range": {"device_start": 2246142.6149702533, "device_end": 2246142.61595311}, "cmdq": 3, "read": {"device_start": -1, "device_end": -1}}, "FFC_sans_bias16": {"write": {"device_start": -1, "host_queued_start": 1585578368.408109, "device_queued": -1, "device_end": -1, "host_queued_end": 1585578368.409518}, "device": "cpu", "nd_range": {"device_start": 2246142.6168980803, "device_end": 2246142.618711927}, "cmdq": 1, "read": {"device_start": -1, "device_end": -1}}, "FFC_sans_bias19": {"write": {"device_start": -1, "host_queued_start": 1585578368.397618, "device_queued": -1, "device_end": -1, "host_queued_end": 1585578368.409518}, "device": "cpu", "nd_range": {"device_start": 2246142.6030890523, "device_end": 2246142.60503715}, "cmdq": 2, "read": {"device_start": -1, "device_end": -1}}, "FFC_sans_bias18": {"write": {"device_start": -1, "host_queued_start": 1585578368.397115, "device_queued": -1, "device_end": -1, "host_queued_end": 1585578368.409518}, "device": "cpu", "nd_range": {"device_start": 2246142.609186321, "device_end": 2246142.611504434}, "cmdq": 1, "read": {"device_start": -1, "device_end": -1}}, "coalesced_transpose30": {"write": {"device_start": -1, "host_queued_start": 1585578368.402423, "device_queued": -1, "device_end": -1, "host_queued_end": 1585578368.409518}, "device": "cpu", "nd_range": {"device_start": 2246142.6130692223, "device_end": 2246142.6131214923}, "cmdq": 3, "read": {"device_start": -1, "device_end": -1}}, "FFC_sans_bias69": {"write": {"device_start": -1, "host_queued_start": 1585578368.389443, "device_queued": -1, "device_end": -1, "host_queued_end": 1585578368.39104}, "device": "gpu", "nd_range": {"device_start": 1585578303.2098267, "device_end": 1585578303.2100344}, "cmdq": 2, "read": {"device_start": -1, "device_end": -1}}, "FFC_sans_bias38": {"write": {"device_start": -1, "host_queued_start": 1585578368.401168, "device_queued": -1, "device_end": -1, "host_queued_end": 1585578368.409518}, "device": "cpu", "nd_range": {"device_start": 2246142.607227579, "device_end": 2246142.609168422}, "cmdq": 4, "read": {"device_start": -1, "device_end": -1}}, "coalesced_transpose57": {"write": {"device_start": -1, "host_queued_start": 1585578368.386762, "device_queued": -1, "device_end": -1, "host_queued_end": 1585578368.39104}, "device": "gpu", "nd_range": {"device_start": 1585578303.2094626, "device_end": 1585578303.2094922}, "cmdq": 1, "read": {"device_start": -1, "device_end": -1}}, "empty26": {"write": {"device_start": -1, "host_queued_start": 1585578368.39262, "device_queued": -1, "device_end": -1, "host_queued_end": 1585578368.409518}, "device": "cpu", "nd_range": {"device_start": 2246142.601149924, "device_end": 2246142.6011510612}, "cmdq": 2, "read": {"device_start": -1, "device_end": -1}}, "coalesced_transpose12": {"write": {"device_start": -1, "host_queued_start": 1585578368.401773, "device_queued": -1, "device_end": -1, "host_queued_end": 1585578368.409518}, "device": "cpu", "nd_range": {"device_start": 2246142.613333831, "device_end": 2246142.613420187}, "cmdq": 1, "read": {"device_start": -1, "device_end": -1}}, "empty44": {"write": {"device_start": -1, "host_queued_start": 1585578368.393531, "device_queued": -1, "device_end": -1, "host_queued_end": 1585578368.409518}, "device": "cpu", "nd_range": {"device_start": 2246142.603309648, "device_end": 2246142.603310835}, "cmdq": 4, "read": {"device_start": -1, "device_end": -1}}, "coalesced_transpose21": {"write": {"device_start": -1, "host_queued_start": 1585578368.402121, "device_queued": -1, "device_end": -1, "host_queued_end": 1585578368.409518}, "device": "cpu", "nd_range": {"device_start": 2246142.606970469, "device_end": 2246142.6070638443}, "cmdq": 2, "read": {"device_start": -1, "device_end": -1}}, "FFC_sans_bias36": {"write": {"device_start": -1, "host_queued_start": 1585578368.400166, "device_queued": -1, "device_end": -1, "host_queued_end": 1585578368.409518}, "device": "cpu", "nd_range": {"device_start": 2246142.605041297, "device_end": 2246142.606966784}, "cmdq": 2, "read": {"device_start": -1, "device_end": -1}}, "softmax14": {"write": {"device_start": -1, "host_queued_start": 1585578368.4048, "device_queued": -1, "device_end": -1, "host_queued_end": 1585578368.409518}, "device": "cpu", "nd_range": {"device_start": 2246142.615158643, "device_end": 2246142.615219829}, "cmdq": 1, "read": {"device_start": -1, "device_end": -1}}, "FFC_sans_bias13": {"write": {"device_start": -1, "host_queued_start": 1585578368.40336, "device_queued": -1, "device_end": -1, "host_queued_end": 1585578368.409518}, "device": "cpu", "nd_range": {"device_start": 2246142.613508766, "device_end": 2246142.614950903}, "cmdq": 1, "read": {"device_start": -1, "device_end": -1}}, "empty8": {"write": {"device_start": -1, "host_queued_start": 1585578368.391682, "device_queued": -1, "device_end": -1, "host_queued_end": 1585578368.409518}, "device": "cpu", "nd_range": {"device_start": 2246142.599100232, "device_end": 2246142.599111209}, "cmdq": 0, "read": {"device_start": -1, "device_end": -1}}, "FFC_sans_bias42": {"write": {"device_start": -1, "host_queued_start": 1585578368.407143, "device_queued": -1, "device_end": -1, "host_queued_end": 1585578368.409518}, "device": "cpu", "nd_range": {"device_start": 2246142.6149715083, "device_end": 2246142.6167801484}, "cmdq": 4, "read": {"device_start": -1, "device_end": -1}}, "FFC_sans_bias43": {"write": {"device_start": -1, "host_queued_start": 1585578368.409474, "device_queued": -1, "device_end": -1, "host_queued_end": 1585578368.409518}, "device": "cpu", "nd_range": {"device_start": 2246142.616789521, "device_end": 2246142.618588113}, "cmdq": 4, "read": {"device_start": -1, "device_end": -1}}, "FFC_sans_bias40": {"write": {"device_start": -1, "host_queued_start": 1585578368.404307, "device_queued": -1, "device_end": -1, "host_queued_end": 1585578368.409518}, "device": "cpu", "nd_range": {"device_start": 2246142.613322381, "device_end": 2246142.6148030544}, "cmdq": 4, "read": {"device_start": -1, "device_end": -1}}, "softmax32": {"write": {"device_start": -1, "host_queued_start": 1585578368.405331, "device_queued": -1, "device_end": -1, "host_queued_end": 1585578368.409518}, "device": "cpu", "nd_range": {"device_start": 2246142.6170707913, "device_end": 2246142.6171175633}, "cmdq": 3, "read": {"device_start": -1, "device_end": -1}}, "FFC_sans_bias47": {"write": {"device_start": 1585578303.208944, "host_queued_start": 1585578368.383072, "device_queued": 1585578303.2089202, "device_end": 1585578303.2089527, "host_queued_end": 1585578368.39104}, "device": "gpu", "nd_range": {"device_start": 1585578303.2089686, "device_end": 1585578303.2091632}, "cmdq": 2, "read": {"device_start": -1, "device_end": -1}}, "FFC_sans_bias45": {"write": {"device_start": 1585578303.208879, "host_queued_start": 1585578368.382028, "device_queued": 1585578303.2088559, "device_end": 1585578303.2088873, "host_queued_end": 1585578368.39104}, "device": "gpu", "nd_range": {"device_start": 1585578303.208889, "device_end": 1585578303.2089984}, "cmdq": 0, "read": {"device_start": -1, "device_end": -1}}, "softmax50": {"write": {"device_start": -1, "host_queued_start": 1585578368.388119, "device_queued": -1, "device_end": -1, "host_queued_end": 1585578368.39104}, "device": "gpu", "nd_range": {"device_start": 1585578303.2095695, "device_end": 1585578303.2096977}, "cmdq": 0, "read": {"device_start": -1, "device_end": -1}}, "FFC_sans_bias33": {"write": {"device_start": -1, "host_queued_start": 1585578368.406826, "device_queued": -1, "device_end": -1, "host_queued_end": 1585578368.409518}, "device": "cpu", "nd_range": {"device_start": 2246142.6172881103, "device_end": 2246142.618487587}, "cmdq": 3, "read": {"device_start": -1, "device_end": -1}}, "FFC_sans_bias63": {"write": {"device_start": 1585578303.2093325, "host_queued_start": 1585578368.386169, "device_queued": 1585578303.2092624, "device_end": 1585578303.2093413, "host_queued_end": 1585578368.39104}, "device": "gpu", "nd_range": {"device_start": 1585578303.2093425, "device_end": 1585578303.2095037}, "cmdq": 2, "read": {"device_start": -1, "device_end": -1}}, "FFC_sans_bias49": {"write": {"device_start": -1, "host_queued_start": 1585578368.387325, "device_queued": -1, "device_end": -1, "host_queued_end": 1585578368.39104}, "device": "gpu", "nd_range": {"device_start": 1585578303.2094233, "device_end": 1585578303.2095683}, "cmdq": 0, "read": {"device_start": -1, "device_end": -1}}, "FFC_sans_bias64": {"write": {"device_start": 1585578303.2092028, "host_queued_start": 1585578368.385169, "device_queued": 1585578303.2091017, "device_end": 1585578303.2092116, "host_queued_end": 1585578368.39104}, "device": "gpu", "nd_range": {"device_start": 1585578303.2092314, "device_end": 1585578303.2093866}, "cmdq": 0, "read": {"device_start": -1, "device_end": -1}}, "FFC_sans_bias65": {"write": {"device_start": 1585578303.2092705, "host_queued_start": 1585578368.385675, "device_queued": 1585578303.209238, "device_end": 1585578303.2092795, "host_queued_end": 1585578368.39104}, "device": "gpu", "nd_range": {"device_start": 1585578303.2092967, "device_end": 1585578303.2094615}, "cmdq": 1, "read": {"device_start": -1, "device_end": -1}}, "FFC_sans_bias67": {"write": {"device_start": -1, "host_queued_start": 1585578368.387891, "device_queued": -1, "device_end": -1, "host_queued_end": 1585578368.39104}, "device": "gpu", "nd_range": {"device_start": 1585578303.2095659, "device_end": 1585578303.2096772}, "cmdq": 2, "read": {"device_start": -1, "device_end": -1}}, "FFC_sans_bias24": {"write": {"device_start": -1, "host_queued_start": 1585578368.406498, "device_queued": -1, "device_end": -1, "host_queued_end": 1585578368.409518}, "device": "cpu", "nd_range": {"device_start": 2246142.609065915, "device_end": 2246142.611067222}, "cmdq": 2, "read": {"device_start": -1, "device_end": -1}}, "FFC_sans_bias25": {"write": {"device_start": -1, "host_queued_start": 1585578368.408564, "device_queued": -1, "device_end": -1, "host_queued_end": 1585578368.409518}, "device": "cpu", "nd_range": {"device_start": 2246142.6110771773, "device_end": 2246142.613013374}, "cmdq": 2, "read": {"device_start": -1, "device_end": -1}}, "FFC_sans_bias27": {"write": {"device_start": -1, "host_queued_start": 1585578368.398649, "device_queued": -1, "device_end": -1, "host_queued_end": 1585578368.409518}, "device": "cpu", "nd_range": {"device_start": 2246142.605294166, "device_end": 2246142.6072226753}, "cmdq": 4, "read": {"device_start": -1, "device_end": -1}}, "FFC_sans_bias20": {"write": {"device_start": -1, "host_queued_start": 1585578368.398123, "device_queued": -1, "device_end": -1, "host_queued_end": 1585578368.409518}, "device": "cpu", "nd_range": {"device_start": 2246142.601362312, "device_end": 2246142.603304828}, "cmdq": 3, "read": {"device_start": -1, "device_end": -1}}, "FFC_sans_bias22": {"write": {"device_start": -1, "host_queued_start": 1585578368.403681, "device_queued": -1, "device_end": -1, "host_queued_end": 1585578368.409518}, "device": "cpu", "nd_range": {"device_start": 2246142.607091485, "device_end": 2246142.6089985203}, "cmdq": 2, "read": {"device_start": -1, "device_end": -1}}, "softmax68": {"write": {"device_start": -1, "host_queued_start": 1585578368.388573, "device_queued": -1, "device_end": -1, "host_queued_end": 1585578368.39104}, "device": "gpu", "nd_range": {"device_start": 1585578303.2096794, "device_end": 1585578303.2098243}, "cmdq": 2, "read": {"device_start": -1, "device_end": -1}}, "softmax5": {"write": {"device_start": -1, "host_queued_start": 1585578368.404559, "device_queued": -1, "device_end": -1, "host_queued_end": 1585578368.409518}, "device": "cpu", "nd_range": {"device_start": 2246142.607020326, "device_end": 2246142.6071047303}, "cmdq": 0, "read": {"device_start": -1, "device_end": -1}}, "FFC_sans_bias28": {"write": {"device_start": -1, "host_queued_start": 1585578368.39915, "device_queued": -1, "device_end": -1, "host_queued_end": 1585578368.409518}, "device": "cpu", "nd_range": {"device_start": 2246142.6030497584, "device_end": 2246142.60498913}, "cmdq": 0, "read": {"device_start": -1, "device_end": -1}}, "FFC_sans_bias29": {"write": {"device_start": -1, "host_queued_start": 1585578368.399658, "device_queued": -1, "device_end": -1, "host_queued_end": 1585578368.409518}, "device": "cpu", "nd_range": {"device_start": 2246142.6115150033, "device_end": 2246142.6132608443}, "cmdq": 1, "read": {"device_start": -1, "device_end": -1}}, "empty17": {"write": {"device_start": -1, "host_queued_start": 1585578368.392173, "device_queued": -1, "device_end": -1, "host_queued_end": 1585578368.409518}, "device": "cpu", "nd_range": {"device_start": 2246142.599148293, "device_end": 2246142.5991526963}, "cmdq": 1, "read": {"device_start": -1, "device_end": -1}}, "softmax59": {"write": {"device_start": -1, "host_queued_start": 1585578368.388328, "device_queued": -1, "device_end": -1, "host_queued_end": 1585578368.39104}, "device": "gpu", "nd_range": {"device_start": 1585578303.2096364, "device_end": 1585578303.209731}, "cmdq": 1, "read": {"device_start": -1, "device_end": -1}}, "empty71": {"write": {"device_start": 1585578303.2088346, "host_queued_start": 1585578368.381478, "device_queued": 1585578303.2088106, "device_end": 1585578303.208843, "host_queued_end": 1585578368.39104}, "device": "gpu", "nd_range": {"device_start": 1585578303.208849, "device_end": 1585578303.2088528}, "cmdq": 2, "read": {"device_start": -1, "device_end": -1}}, "empty35": {"write": {"device_start": -1, "host_queued_start": 1585578368.393139, "device_queued": -1, "device_end": -1, "host_queued_end": 1585578368.409518}, "device": "cpu", "nd_range": {"device_start": 2246142.5991065972, "device_end": 2246142.59911127}, "cmdq": 3, "read": {"device_start": -1, "device_end": -1}}, "empty53": {"write": {"device_start": 1585578303.2087553, "host_queued_start": 1585578368.380496, "device_queued": 1585578303.2087176, "device_end": 1585578303.208764, "host_queued_end": 1585578368.39104}, "device": "gpu", "nd_range": {"device_start": 1585578303.2087715, "device_end": 1585578303.2087836}, "cmdq": 0, "read": {"device_start": -1, "device_end": -1}}, "FFC_sans_bias46": {"write": {"device_start": 1585578303.208919, "host_queued_start": 1585578368.382524, "device_queued": 1585578303.208895, "device_end": 1585578303.2089293, "host_queued_end": 1585578368.39104}, "device": "gpu", "nd_range": {"device_start": 1585578303.2089558, "device_end": 1585578303.209067}, "cmdq": 1, "read": {"device_start": -1, "device_end": -1}}, "coalesced_transpose66": {"write": {"device_start": -1, "host_queued_start": 1585578368.387037, "device_queued": -1, "device_end": -1, "host_queued_end": 1585578368.39104}, "device": "gpu", "nd_range": {"device_start": 1585578303.209505, "device_end": 1585578303.2095644}, "cmdq": 2, "read": {"device_start": -1, "device_end": -1}}, "coalesced_transpose48": {"write": {"device_start": -1, "host_queued_start": 1585578368.38647, "device_queued": -1, "device_end": -1, "host_queued_end": 1585578368.39104}, "device": "gpu", "nd_range": {"device_start": 1585578303.2093875, "device_end": 1585578303.209422}, "cmdq": 0, "read": {"device_start": -1, "device_end": -1}}}