{"FFC_sans_bias60": {"write": {"device_start": -1, "host_queued_start": 1585578585.44524, "device_queued": -1, "device_end": -1, "host_queued_end": 1585578585.447126}, "device": "gpu", "nd_range": {"device_start": 1585578520.2597744, "device_end": 1585578520.2598875}, "cmdq": 2, "read": {"device_start": -1, "device_end": -1}}, "FFC_sans_bias4": {"write": {"device_start": -1, "host_queued_start": 1585578585.459071, "device_queued": -1, "device_end": -1, "host_queued_end": 1585578585.465548}, "device": "cpu", "nd_range": {"device_start": 2246359.6640466163, "device_end": 2246359.665707367}, "cmdq": 1, "read": {"device_start": -1, "device_end": -1}}, "FFC_sans_bias7": {"write": {"device_start": -1, "host_queued_start": 1585578585.463686, "device_queued": -1, "device_end": -1, "host_queued_end": 1585578585.465548}, "device": "cpu", "nd_range": {"device_start": 2246359.6685446734, "device_end": 2246359.670466628}, "cmdq": 0, "read": {"device_start": -1, "device_end": -1}}, "FFC_sans_bias6": {"write": {"device_start": -1, "host_queued_start": 1585578585.461904, "device_queued": -1, "device_end": -1, "host_queued_end": 1585578585.465548}, "device": "cpu", "nd_range": {"device_start": 2246359.666088051, "device_end": 2246359.667415293}, "cmdq": 3, "read": {"device_start": -1, "device_end": -1}}, "FFC_sans_bias1": {"write": {"device_start": -1, "host_queued_start": 1585578585.450614, "device_queued": -1, "device_end": -1, "host_queued_end": 1585578585.465548}, "device": "cpu", "nd_range": {"device_start": 2246359.655367759, "device_end": 2246359.657511014}, "cmdq": 2, "read": {"device_start": -1, "device_end": -1}}, "FFC_sans_bias0": {"write": {"device_start": -1, "host_queued_start": 1585578585.45009, "device_queued": -1, "device_end": -1, "host_queued_end": 1585578585.465548}, "device": "cpu", "nd_range": {"device_start": 2246359.655171777, "device_end": 2246359.6572415642}, "cmdq": 1, "read": {"device_start": -1, "device_end": -1}}, "FFC_sans_bias2": {"write": {"device_start": -1, "host_queued_start": 1585578585.45113, "device_queued": -1, "device_end": -1, "host_queued_end": 1585578585.465548}, "device": "cpu", "nd_range": {"device_start": 2246359.655220717, "device_end": 2246359.6571715684}, "cmdq": 3, "read": {"device_start": -1, "device_end": -1}}, "FFC_sans_bias61": {"write": {"device_start": 1585578520.2597106, "host_queued_start": 1585578585.446492, "device_queued": 1585578520.2595222, "device_end": 1585578520.259719, "host_queued_end": 1585578585.447126}, "device": "gpu", "nd_range": {"device_start": 1585578520.2598925, "device_end": 1585578520.2600052}, "cmdq": 0, "read": {"device_start": 1585578520.2600117, "device_end": 1585578520.2600203}}, "FFC_sans_bias52": {"write": {"device_start": 1585578520.2597492, "host_queued_start": 1585578585.445994, "device_queued": 1585578520.2594852, "device_end": 1585578520.2597582, "host_queued_end": 1585578585.447126}, "device": "gpu", "nd_range": {"device_start": 1585578520.2599685, "device_end": 1585578520.2600863}, "cmdq": 4, "read": {"device_start": 1585578520.26009, "device_end": 1585578520.2601123}}, "FFC_sans_bias9": {"write": {"device_start": -1, "host_queued_start": 1585578585.451632, "device_queued": -1, "device_end": -1, "host_queued_end": 1585578585.465548}, "device": "cpu", "nd_range": {"device_start": 2246359.6551786503, "device_end": 2246359.657127629}, "cmdq": 0, "read": {"device_start": -1, "device_end": -1}}, "coalesced_transpose39": {"write": {"device_start": -1, "host_queued_start": 1585578585.458765, "device_queued": -1, "device_end": -1, "host_queued_end": 1585578585.465548}, "device": "cpu", "nd_range": {"device_start": 2246359.6633185083, "device_end": 2246359.663493105}, "cmdq": 0, "read": {"device_start": -1, "device_end": -1}}, "FFC_sans_bias55": {"write": {"device_start": 1585578520.2589686, "host_queued_start": 1585578585.440638, "device_queued": 1585578520.2589376, "device_end": 1585578520.258978, "host_queued_end": 1585578585.447126}, "device": "gpu", "nd_range": {"device_start": 1585578520.2590294, "device_end": 1585578520.2592285}, "cmdq": 3, "read": {"device_start": -1, "device_end": -1}}, "FFC_sans_bias54": {"write": {"device_start": 1585578520.258937, "host_queued_start": 1585578585.440148, "device_queued": 1585578520.2588992, "device_end": 1585578520.2589457, "host_queued_end": 1585578585.447126}, "device": "gpu", "nd_range": {"device_start": 1585578520.2590215, "device_end": 1585578520.2592049}, "cmdq": 2, "read": {"device_start": -1, "device_end": -1}}, "FFC_sans_bias56": {"write": {"device_start": 1585578520.2588992, "host_queued_start": 1585578585.439663, "device_queued": 1585578520.2588744, "device_end": 1585578520.2589087, "host_queued_end": 1585578585.447126}, "device": "gpu", "nd_range": {"device_start": 1585578520.2590034, "device_end": 1585578520.2591152}, "cmdq": 1, "read": {"device_start": -1, "device_end": -1}}, "FFC_sans_bias51": {"write": {"device_start": -1, "host_queued_start": 1585578585.444964, "device_queued": -1, "device_end": -1, "host_queued_end": 1585578585.447126}, "device": "gpu", "nd_range": {"device_start": 1585578520.2596402, "device_end": 1585578520.2597628}, "cmdq": 1, "read": {"device_start": -1, "device_end": -1}}, "softmax23": {"write": {"device_start": -1, "host_queued_start": 1585578585.4611, "device_queued": -1, "device_end": -1, "host_queued_end": 1585578585.465548}, "device": "cpu", "nd_range": {"device_start": 2246359.665548652, "device_end": 2246359.6655842434}, "cmdq": 0, "read": {"device_start": -1, "device_end": -1}}, "FFC_sans_bias37": {"write": {"device_start": -1, "host_queued_start": 1585578585.456669, "device_queued": -1, "device_end": -1, "host_queued_end": 1585578585.465548}, "device": "cpu", "nd_range": {"device_start": 2246359.6618342022, "device_end": 2246359.66313156}, "cmdq": 2, "read": {"device_start": -1, "device_end": -1}}, "empty62": {"write": {"device_start": 1585578520.2587035, "host_queued_start": 1585578585.437131, "device_queued": 1585578520.2586806, "device_end": 1585578520.2587125, "host_queued_end": 1585578585.447126}, "device": "gpu", "nd_range": {"device_start": 1585578520.2587938, "device_end": 1585578520.2588007}, "cmdq": 1, "read": {"device_start": -1, "device_end": -1}}, "FFC_sans_bias70": {"write": {"device_start": 1585578520.2597637, "host_queued_start": 1585578585.447028, "device_queued": 1585578520.2596107, "device_end": 1585578520.2597728, "host_queued_end": 1585578585.447126}, "device": "gpu", "nd_range": {"device_start": 1585578520.2599738, "device_end": 1585578520.260173}, "cmdq": 1, "read": {"device_start": 1585578520.260183, "device_end": 1585578520.2601957}}, "FFC_sans_bias58": {"write": {"device_start": -1, "host_queued_start": 1585578585.443737, "device_queued": -1, "device_end": -1, "host_queued_end": 1585578585.447126}, "device": "gpu", "nd_range": {"device_start": 1585578520.2594235, "device_end": 1585578520.2596247}, "cmdq": 1, "read": {"device_start": -1, "device_end": -1}}, "softmax41": {"write": {"device_start": -1, "host_queued_start": 1585578585.461593, "device_queued": -1, "device_end": -1, "host_queued_end": 1585578585.465548}, "device": "cpu", "nd_range": {"device_start": 2246359.666963008, "device_end": 2246359.6670231153}, "cmdq": 2, "read": {"device_start": -1, "device_end": -1}}, "FFC_sans_bias11": {"write": {"device_start": -1, "host_queued_start": 1585578585.452632, "device_queued": -1, "device_end": -1, "host_queued_end": 1585578585.465548}, "device": "cpu", "nd_range": {"device_start": 2246359.6576164383, "device_end": 2246359.6595397983}, "cmdq": 2, "read": {"device_start": -1, "device_end": -1}}, "FFC_sans_bias10": {"write": {"device_start": -1, "host_queued_start": 1585578585.452129, "device_queued": -1, "device_end": -1, "host_queued_end": 1585578585.465548}, "device": "cpu", "nd_range": {"device_start": 2246359.6572503373, "device_end": 2246359.659165889}, "cmdq": 1, "read": {"device_start": -1, "device_end": -1}}, "coalesced_transpose3": {"write": {"device_start": -1, "host_queued_start": 1585578585.457475, "device_queued": -1, "device_end": -1, "host_queued_end": 1585578585.465548}, "device": "cpu", "nd_range": {"device_start": 2246359.661953831, "device_end": 2246359.662010114}, "cmdq": 0, "read": {"device_start": -1, "device_end": -1}}, "FFC_sans_bias34": {"write": {"device_start": -1, "host_queued_start": 1585578585.465046, "device_queued": -1, "device_end": -1, "host_queued_end": 1585578585.465548}, "device": "cpu", "nd_range": {"device_start": 2246359.670068115, "device_end": 2246359.671150229}, "cmdq": 3, "read": {"device_start": -1, "device_end": -1}}, "FFC_sans_bias15": {"write": {"device_start": -1, "host_queued_start": 1585578585.462225, "device_queued": -1, "device_end": -1, "host_queued_end": 1585578585.465548}, "device": "cpu", "nd_range": {"device_start": 2246359.66624973, "device_end": 2246359.668424316}, "cmdq": 0, "read": {"device_start": -1, "device_end": -1}}, "FFC_sans_bias31": {"write": {"device_start": -1, "host_queued_start": 1585578585.460012, "device_queued": -1, "device_end": -1, "host_queued_end": 1585578585.465548}, "device": "cpu", "nd_range": {"device_start": 2246359.6635079123, "device_end": 2246359.6650931453}, "cmdq": 0, "read": {"device_start": -1, "device_end": -1}}, "FFC_sans_bias16": {"write": {"device_start": -1, "host_queued_start": 1585578585.464133, "device_queued": -1, "device_end": -1, "host_queued_end": 1585578585.465548}, "device": "cpu", "nd_range": {"device_start": 2246359.668964941, "device_end": 2246359.670168864}, "cmdq": 1, "read": {"device_start": -1, "device_end": -1}}, "FFC_sans_bias19": {"write": {"device_start": -1, "host_queued_start": 1585578585.45363, "device_queued": -1, "device_end": -1, "host_queued_end": 1585578585.465548}, "device": "cpu", "nd_range": {"device_start": 2246359.6571329744, "device_end": 2246359.6590485442}, "cmdq": 0, "read": {"device_start": -1, "device_end": -1}}, "FFC_sans_bias18": {"write": {"device_start": -1, "host_queued_start": 1585578585.45313, "device_queued": -1, "device_end": -1, "host_queued_end": 1585578585.465548}, "device": "cpu", "nd_range": {"device_start": 2246359.6571771014, "device_end": 2246359.659089824}, "cmdq": 3, "read": {"device_start": -1, "device_end": -1}}, "coalesced_transpose30": {"write": {"device_start": -1, "host_queued_start": 1585578585.458458, "device_queued": -1, "device_end": -1, "host_queued_end": 1585578585.465548}, "device": "cpu", "nd_range": {"device_start": 2246359.6632852023, "device_end": 2246359.663341139}, "cmdq": 3, "read": {"device_start": -1, "device_end": -1}}, "FFC_sans_bias69": {"write": {"device_start": -1, "host_queued_start": 1585578585.445531, "device_queued": -1, "device_end": -1, "host_queued_end": 1585578585.447126}, "device": "gpu", "nd_range": {"device_start": 1585578520.259777, "device_end": 1585578520.2599666}, "cmdq": 3, "read": {"device_start": -1, "device_end": -1}}, "FFC_sans_bias38": {"write": {"device_start": -1, "host_queued_start": 1585578585.457173, "device_queued": -1, "device_end": -1, "host_queued_end": 1585578585.465548}, "device": "cpu", "nd_range": {"device_start": 2246359.6612455673, "device_end": 2246359.663156566}, "cmdq": 3, "read": {"device_start": -1, "device_end": -1}}, "coalesced_transpose57": {"write": {"device_start": -1, "host_queued_start": 1585578585.442893, "device_queued": -1, "device_end": -1, "host_queued_end": 1585578585.447126}, "device": "gpu", "nd_range": {"device_start": 1585578520.2592382, "device_end": 1585578520.2593262}, "cmdq": 3, "read": {"device_start": -1, "device_end": -1}}, "empty26": {"write": {"device_start": -1, "host_queued_start": 1585578585.448713, "device_queued": -1, "device_end": -1, "host_queued_end": 1585578585.465548}, "device": "cpu", "nd_range": {"device_start": 2246359.655338014, "device_end": 2246359.65534152}, "cmdq": 2, "read": {"device_start": -1, "device_end": -1}}, "coalesced_transpose12": {"write": {"device_start": -1, "host_queued_start": 1585578585.457778, "device_queued": -1, "device_end": -1, "host_queued_end": 1585578585.465548}, "device": "cpu", "nd_range": {"device_start": 2246359.66387201, "device_end": 2246359.6639269823}, "cmdq": 1, "read": {"device_start": -1, "device_end": -1}}, "empty44": {"write": {"device_start": -1, "host_queued_start": 1585578585.449601, "device_queued": -1, "device_end": -1, "host_queued_end": 1585578585.465548}, "device": "cpu", "nd_range": {"device_start": 2246359.65517065, "device_end": 2246359.6551719783}, "cmdq": 0, "read": {"device_start": -1, "device_end": -1}}, "coalesced_transpose21": {"write": {"device_start": -1, "host_queued_start": 1585578585.458152, "device_queued": -1, "device_end": -1, "host_queued_end": 1585578585.465548}, "device": "cpu", "nd_range": {"device_start": 2246359.663172884, "device_end": 2246359.663354787}, "cmdq": 2, "read": {"device_start": -1, "device_end": -1}}, "FFC_sans_bias36": {"write": {"device_start": -1, "host_queued_start": 1585578585.456168, "device_queued": -1, "device_end": -1, "host_queued_end": 1585578585.465548}, "device": "cpu", "nd_range": {"device_start": 2246359.6621828233, "device_end": 2246359.6637566513}, "cmdq": 1, "read": {"device_start": -1, "device_end": -1}}, "softmax14": {"write": {"device_start": -1, "host_queued_start": 1585578585.460831, "device_queued": -1, "device_end": -1, "host_queued_end": 1585578585.465548}, "device": "cpu", "nd_range": {"device_start": 2246359.665645915, "device_end": 2246359.665983945}, "cmdq": 3, "read": {"device_start": -1, "device_end": -1}}, "FFC_sans_bias13": {"write": {"device_start": -1, "host_queued_start": 1585578585.459388, "device_queued": -1, "device_end": -1, "host_queued_end": 1585578585.465548}, "device": "cpu", "nd_range": {"device_start": 2246359.664182961, "device_end": 2246359.665625081}, "cmdq": 2, "read": {"device_start": -1, "device_end": -1}}, "empty8": {"write": {"device_start": -1, "host_queued_start": 1585578585.447788, "device_queued": -1, "device_end": -1, "host_queued_end": 1585578585.465548}, "device": "cpu", "nd_range": {"device_start": 2246359.655140595, "device_end": 2246359.655152472}, "cmdq": 0, "read": {"device_start": -1, "device_end": -1}}, "FFC_sans_bias42": {"write": {"device_start": -1, "host_queued_start": 1585578585.463185, "device_queued": -1, "device_end": -1, "host_queued_end": 1585578585.465548}, "device": "cpu", "nd_range": {"device_start": 2246359.6674220893, "device_end": 2246359.6689992053}, "cmdq": 3, "read": {"device_start": -1, "device_end": -1}}, "FFC_sans_bias43": {"write": {"device_start": -1, "host_queued_start": 1585578585.465504, "device_queued": -1, "device_end": -1, "host_queued_end": 1585578585.465548}, "device": "cpu", "nd_range": {"device_start": 2246359.670469967, "device_end": 2246359.6743299183}, "cmdq": 0, "read": {"device_start": -1, "device_end": -1}}, "FFC_sans_bias40": {"write": {"device_start": -1, "host_queued_start": 1585578585.460332, "device_queued": -1, "device_end": -1, "host_queued_end": 1585578585.465548}, "device": "cpu", "nd_range": {"device_start": 2246359.6657205373, "device_end": 2246359.666807269}, "cmdq": 1, "read": {"device_start": -1, "device_end": -1}}, "softmax32": {"write": {"device_start": -1, "host_queued_start": 1585578585.461355, "device_queued": -1, "device_end": -1, "host_queued_end": 1585578585.465548}, "device": "cpu", "nd_range": {"device_start": 2246359.666916532, "device_end": 2246359.666962805}, "cmdq": 1, "read": {"device_start": -1, "device_end": -1}}, "FFC_sans_bias47": {"write": {"device_start": 1585578520.258854, "host_queued_start": 1585578585.439178, "device_queued": 1585578520.258828, "device_end": 1585578520.2588627, "host_queued_end": 1585578585.447126}, "device": "gpu", "nd_range": {"device_start": 1585578520.2588692, "device_end": 1585578520.259026}, "cmdq": 0, "read": {"device_start": -1, "device_end": -1}}, "FFC_sans_bias45": {"write": {"device_start": 1585578520.258757, "host_queued_start": 1585578585.43808, "device_queued": 1585578520.2587292, "device_end": 1585578520.258766, "host_queued_end": 1585578585.447126}, "device": "gpu", "nd_range": {"device_start": 1585578520.2588105, "device_end": 1585578520.2589257}, "cmdq": 3, "read": {"device_start": -1, "device_end": -1}}, "softmax50": {"write": {"device_start": -1, "host_queued_start": 1585578585.444246, "device_queued": -1, "device_end": -1, "host_queued_end": 1585578585.447126}, "device": "gpu", "nd_range": {"device_start": 1585578520.2595296, "device_end": 1585578520.2596302}, "cmdq": 3, "read": {"device_start": -1, "device_end": -1}}, "FFC_sans_bias33": {"write": {"device_start": -1, "host_queued_start": 1585578585.462869, "device_queued": -1, "device_end": -1, "host_queued_end": 1585578585.465548}, "device": "cpu", "nd_range": {"device_start": 2246359.667271423, "device_end": 2246359.6691953302}, "cmdq": 2, "read": {"device_start": -1, "device_end": -1}}, "FFC_sans_bias63": {"write": {"device_start": 1585578520.2592137, "host_queued_start": 1585578585.442264, "device_queued": 1585578520.2591925, "device_end": 1585578520.2592223, "host_queued_end": 1585578585.447126}, "device": "gpu", "nd_range": {"device_start": 1585578520.2592585, "device_end": 1585578520.2594206}, "cmdq": 1, "read": {"device_start": -1, "device_end": -1}}, "FFC_sans_bias49": {"write": {"device_start": -1, "host_queued_start": 1585578585.443458, "device_queued": -1, "device_end": -1, "host_queued_end": 1585578585.447126}, "device": "gpu", "nd_range": {"device_start": 1585578520.259371, "device_end": 1585578520.259523}, "cmdq": 0, "read": {"device_start": -1, "device_end": -1}}, "FFC_sans_bias64": {"write": {"device_start": 1585578520.2590084, "host_queued_start": 1585578585.441279, "device_queued": 1585578520.2589705, "device_end": 1585578520.2590168, "host_queued_end": 1585578585.447126}, "device": "gpu", "nd_range": {"device_start": 1585578520.2591345, "device_end": 1585578520.2593207}, "cmdq": 4, "read": {"device_start": -1, "device_end": -1}}, "FFC_sans_bias65": {"write": {"device_start": 1585578520.2591724, "host_queued_start": 1585578585.441777, "device_queued": 1585578520.2591481, "device_end": 1585578520.2591808, "host_queued_end": 1585578585.447126}, "device": "gpu", "nd_range": {"device_start": 1585578520.259187, "device_end": 1585578520.2593694}, "cmdq": 0, "read": {"device_start": -1, "device_end": -1}}, "FFC_sans_bias67": {"write": {"device_start": -1, "host_queued_start": 1585578585.444024, "device_queued": -1, "device_end": -1, "host_queued_end": 1585578585.447126}, "device": "gpu", "nd_range": {"device_start": 1585578520.2593808, "device_end": 1585578520.2595847}, "cmdq": 2, "read": {"device_start": -1, "device_end": -1}}, "FFC_sans_bias24": {"write": {"device_start": -1, "host_queued_start": 1585578585.462529, "device_queued": -1, "device_end": -1, "host_queued_end": 1585578585.465548}, "device": "cpu", "nd_range": {"device_start": 2246359.667160423, "device_end": 2246359.668482669}, "cmdq": 1, "read": {"device_start": -1, "device_end": -1}}, "FFC_sans_bias25": {"write": {"device_start": -1, "host_queued_start": 1585578585.464587, "device_queued": -1, "device_end": -1, "host_queued_end": 1585578585.465548}, "device": "cpu", "nd_range": {"device_start": 2246359.6693090913, "device_end": 2246359.670989831}, "cmdq": 2, "read": {"device_start": -1, "device_end": -1}}, "FFC_sans_bias27": {"write": {"device_start": -1, "host_queued_start": 1585578585.454655, "device_queued": -1, "device_end": -1, "host_queued_end": 1585578585.465548}, "device": "cpu", "nd_range": {"device_start": 2246359.659554499, "device_end": 2246359.6617735033}, "cmdq": 2, "read": {"device_start": -1, "device_end": -1}}, "FFC_sans_bias20": {"write": {"device_start": -1, "host_queued_start": 1585578585.454132, "device_queued": -1, "device_end": -1, "host_queued_end": 1585578585.465548}, "device": "cpu", "nd_range": {"device_start": 2246359.659170775, "device_end": 2246359.662173707}, "cmdq": 1, "read": {"device_start": -1, "device_end": -1}}, "FFC_sans_bias22": {"write": {"device_start": -1, "host_queued_start": 1585578585.459707, "device_queued": -1, "device_end": -1, "host_queued_end": 1585578585.465548}, "device": "cpu", "nd_range": {"device_start": 2246359.663383265, "device_end": 2246359.665434843}, "cmdq": 3, "read": {"device_start": -1, "device_end": -1}}, "softmax68": {"write": {"device_start": -1, "host_queued_start": 1585578585.444678, "device_queued": -1, "device_end": -1, "host_queued_end": 1585578585.447126}, "device": "gpu", "nd_range": {"device_start": 1585578520.2595925, "device_end": 1585578520.2597077}, "cmdq": 0, "read": {"device_start": -1, "device_end": -1}}, "softmax5": {"write": {"device_start": -1, "host_queued_start": 1585578585.460584, "device_queued": -1, "device_end": -1, "host_queued_end": 1585578585.465548}, "device": "cpu", "nd_range": {"device_start": 2246359.66571945, "device_end": 2246359.665866618}, "cmdq": 2, "read": {"device_start": -1, "device_end": -1}}, "FFC_sans_bias28": {"write": {"device_start": -1, "host_queued_start": 1585578585.45516, "device_queued": -1, "device_end": -1, "host_queued_end": 1585578585.465548}, "device": "cpu", "nd_range": {"device_start": 2246359.659145617, "device_end": 2246359.661128664}, "cmdq": 3, "read": {"device_start": -1, "device_end": -1}}, "FFC_sans_bias29": {"write": {"device_start": -1, "host_queued_start": 1585578585.455667, "device_queued": -1, "device_end": -1, "host_queued_end": 1585578585.465548}, "device": "cpu", "nd_range": {"device_start": 2246359.6596357403, "device_end": 2246359.6618185174}, "cmdq": 0, "read": {"device_start": -1, "device_end": -1}}, "empty17": {"write": {"device_start": -1, "host_queued_start": 1585578585.44827, "device_queued": -1, "device_end": -1, "host_queued_end": 1585578585.465548}, "device": "cpu", "nd_range": {"device_start": 2246359.6551426533, "device_end": 2246359.655152516}, "cmdq": 1, "read": {"device_start": -1, "device_end": -1}}, "softmax59": {"write": {"device_start": -1, "host_queued_start": 1585578585.444455, "device_queued": -1, "device_end": -1, "host_queued_end": 1585578585.447126}, "device": "gpu", "nd_range": {"device_start": 1585578520.2596347, "device_end": 1585578520.2597477}, "cmdq": 4, "read": {"device_start": -1, "device_end": -1}}, "empty71": {"write": {"device_start": 1585578520.258728, "host_queued_start": 1585578585.437532, "device_queued": 1585578520.2587056, "device_end": 1585578520.258737, "host_queued_end": 1585578585.447126}, "device": "gpu", "nd_range": {"device_start": 1585578520.2587981, "device_end": 1585578520.2588022}, "cmdq": 2, "read": {"device_start": -1, "device_end": -1}}, "empty35": {"write": {"device_start": -1, "host_queued_start": 1585578585.449168, "device_queued": -1, "device_end": -1, "host_queued_end": 1585578585.465548}, "device": "cpu", "nd_range": {"device_start": 2246359.655201597, "device_end": 2246359.655206006}, "cmdq": 3, "read": {"device_start": -1, "device_end": -1}}, "empty53": {"write": {"device_start": 1585578520.2586472, "host_queued_start": 1585578585.436538, "device_queued": 1585578520.25861, "device_end": 1585578520.2586558, "host_queued_end": 1585578585.447126}, "device": "gpu", "nd_range": {"device_start": 1585578520.2586646, "device_end": 1585578520.2586768}, "cmdq": 0, "read": {"device_start": -1, "device_end": -1}}, "FFC_sans_bias46": {"write": {"device_start": 1585578520.258783, "host_queued_start": 1585578585.438651, "device_queued": 1585578520.2587593, "device_end": 1585578520.2587917, "host_queued_end": 1585578585.447126}, "device": "gpu", "nd_range": {"device_start": 1585578520.258821, "device_end": 1585578520.259007}, "cmdq": 4, "read": {"device_start": -1, "device_end": -1}}, "coalesced_transpose66": {"write": {"device_start": -1, "host_queued_start": 1585578585.443164, "device_queued": -1, "device_end": -1, "host_queued_end": 1585578585.447126}, "device": "gpu", "nd_range": {"device_start": 1585578520.2593217, "device_end": 1585578520.2593381}, "cmdq": 4, "read": {"device_start": -1, "device_end": -1}}, "coalesced_transpose48": {"write": {"device_start": -1, "host_queued_start": 1585578585.442558, "device_queued": -1, "device_end": -1, "host_queued_end": 1585578585.447126}, "device": "gpu", "nd_range": {"device_start": 1585578520.2592258, "device_end": 1585578520.2593172}, "cmdq": 2, "read": {"device_start": -1, "device_end": -1}}}