{"FFC_sans_bias60": {"write": {"device_start": -1, "host_queued_start": 1585578285.392978, "device_queued": -1, "device_end": -1, "host_queued_end": 1585578285.396922}, "device": "gpu", "nd_range": {"device_start": 1585578220.2197468, "device_end": 1585578220.21994}, "cmdq": 0, "read": {"device_start": -1, "device_end": -1}}, "FFC_sans_bias4": {"write": {"device_start": -1, "host_queued_start": 1585578285.40022, "device_queued": -1, "device_end": -1, "host_queued_end": 1585578285.40154}, "device": "cpu", "nd_range": {"device_start": 2246059.5929220943, "device_end": 2246059.593547266}, "cmdq": 1, "read": {"device_start": -1, "device_end": -1}}, "FFC_sans_bias7": {"write": {"device_start": -1, "host_queued_start": 1585578285.401496, "device_queued": -1, "device_end": -1, "host_queued_end": 1585578285.40154}, "device": "cpu", "nd_range": {"device_start": 2246059.594363594, "device_end": 2246059.5948967533}, "cmdq": 0, "read": {"device_start": -1, "device_end": -1}}, "FFC_sans_bias6": {"write": {"device_start": -1, "host_queued_start": 1585578285.401, "device_queued": -1, "device_end": -1, "host_queued_end": 1585578285.40154}, "device": "cpu", "nd_range": {"device_start": 2246059.593850098, "device_end": 2246059.594357278}, "cmdq": 1, "read": {"device_start": -1, "device_end": -1}}, "FFC_sans_bias1": {"write": {"device_start": -1, "host_queued_start": 1585578285.398963, "device_queued": -1, "device_end": -1, "host_queued_end": 1585578285.40154}, "device": "cpu", "nd_range": {"device_start": 2246059.591132409, "device_end": 2246059.592218278}, "cmdq": 0, "read": {"device_start": -1, "device_end": -1}}, "FFC_sans_bias0": {"write": {"device_start": -1, "host_queued_start": 1585578285.39834, "device_queued": -1, "device_end": -1, "host_queued_end": 1585578285.40154}, "device": "cpu", "nd_range": {"device_start": 2246059.591126802, "device_end": 2246059.5921965353}, "cmdq": 1, "read": {"device_start": -1, "device_end": -1}}, "FFC_sans_bias2": {"write": {"device_start": -1, "host_queued_start": 1585578285.399513, "device_queued": -1, "device_end": -1, "host_queued_end": 1585578285.40154}, "device": "cpu", "nd_range": {"device_start": 2246059.592208926, "device_end": 2246059.592764308}, "cmdq": 1, "read": {"device_start": -1, "device_end": -1}}, "FFC_sans_bias61": {"write": {"device_start": 1585578220.2202861, "host_queued_start": 1585578285.396328, "device_queued": 1585578220.219523, "device_end": 1585578220.2202947, "host_queued_end": 1585578285.396922}, "device": "gpu", "nd_range": {"device_start": 1585578220.2202964, "device_end": 1585578220.220453}, "cmdq": 1, "read": {"device_start": 1585578220.2204618, "device_end": 1585578220.2204812}}, "FFC_sans_bias52": {"write": {"device_start": 1585578220.2202704, "host_queued_start": 1585578285.39583, "device_queued": 1585578220.2194786, "device_end": 1585578220.2202802, "host_queued_end": 1585578285.396922}, "device": "gpu", "nd_range": {"device_start": 1585578220.2202814, "device_end": 1585578220.2203991}, "cmdq": 0, "read": {"device_start": 1585578220.2204049, "device_end": 1585578220.2204156}}, "FFC_sans_bias9": {"write": {"device_start": 1585578220.2174556, "host_queued_start": 1585578285.375608, "device_queued": 1585578220.2174292, "device_end": 1585578220.2174644, "host_queued_end": 1585578285.396922}, "device": "gpu", "nd_range": {"device_start": 1585578220.2174952, "device_end": 1585578220.2176044}, "cmdq": 1, "read": {"device_start": -1, "device_end": -1}}, "coalesced_transpose39": {"write": {"device_start": -1, "host_queued_start": 1585578285.38679, "device_queued": -1, "device_end": -1, "host_queued_end": 1585578285.396922}, "device": "gpu", "nd_range": {"device_start": 1585578220.2187862, "device_end": 1585578220.2188008}, "cmdq": 1, "read": {"device_start": -1, "device_end": -1}}, "FFC_sans_bias55": {"write": {"device_start": 1585578220.2184925, "host_queued_start": 1585578285.384169, "device_queued": 1585578220.2183676, "device_end": 1585578220.2185018, "host_queued_end": 1585578285.396922}, "device": "gpu", "nd_range": {"device_start": 1585578220.2185028, "device_end": 1585578220.2186763}, "cmdq": 0, "read": {"device_start": -1, "device_end": -1}}, "FFC_sans_bias54": {"write": {"device_start": 1585578220.2184176, "host_queued_start": 1585578285.383683, "device_queued": 1585578220.2182946, "device_end": 1585578220.2184308, "host_queued_end": 1585578285.396922}, "device": "gpu", "nd_range": {"device_start": 1585578220.2184322, "device_end": 1585578220.218606}, "cmdq": 2, "read": {"device_start": -1, "device_end": -1}}, "FFC_sans_bias56": {"write": {"device_start": 1585578220.2183785, "host_queued_start": 1585578285.383199, "device_queued": 1585578220.2182572, "device_end": 1585578220.2183907, "host_queued_end": 1585578285.396922}, "device": "gpu", "nd_range": {"device_start": 1585578220.2183917, "device_end": 1585578220.2185583}, "cmdq": 1, "read": {"device_start": -1, "device_end": -1}}, "FFC_sans_bias51": {"write": {"device_start": -1, "host_queued_start": 1585578285.392698, "device_queued": -1, "device_end": -1, "host_queued_end": 1585578285.396922}, "device": "gpu", "nd_range": {"device_start": 1585578220.2196424, "device_end": 1585578220.219829}, "cmdq": 2, "read": {"device_start": -1, "device_end": -1}}, "softmax23": {"write": {"device_start": -1, "host_queued_start": 1585578285.390091, "device_queued": -1, "device_end": -1, "host_queued_end": 1585578285.396922}, "device": "gpu", "nd_range": {"device_start": 1585578220.219257, "device_end": 1585578220.2193353}, "cmdq": 1, "read": {"device_start": -1, "device_end": -1}}, "FFC_sans_bias37": {"write": {"device_start": 1585578220.218072, "host_queued_start": 1585578285.380717, "device_queued": 1585578220.2179463, "device_end": 1585578220.2180805, "host_queued_end": 1585578285.396922}, "device": "gpu", "nd_range": {"device_start": 1585578220.2180817, "device_end": 1585578220.2182605}, "cmdq": 2, "read": {"device_start": -1, "device_end": -1}}, "empty62": {"write": {"device_start": 1585578220.2173705, "host_queued_start": 1585578285.374719, "device_queued": 1585578220.217347, "device_end": 1585578220.217379, "host_queued_end": 1585578285.396922}, "device": "gpu", "nd_range": {"device_start": 1585578220.2173848, "device_end": 1585578220.2173886}, "cmdq": 2, "read": {"device_start": -1, "device_end": -1}}, "FFC_sans_bias70": {"write": {"device_start": 1585578220.2204099, "host_queued_start": 1585578285.396822, "device_queued": 1585578220.2195854, "device_end": 1585578220.2204201, "host_queued_end": 1585578285.396922}, "device": "gpu", "nd_range": {"device_start": 1585578220.2204216, "device_end": 1585578220.2205284}, "cmdq": 2, "read": {"device_start": 1585578220.220533, "device_end": 1585578220.220545}}, "FFC_sans_bias58": {"write": {"device_start": -1, "host_queued_start": 1585578285.389368, "device_queued": -1, "device_end": -1, "host_queued_end": 1585578285.396922}, "device": "gpu", "nd_range": {"device_start": 1585578220.2190557, "device_end": 1585578220.2192488}, "cmdq": 1, "read": {"device_start": -1, "device_end": -1}}, "softmax41": {"write": {"device_start": -1, "host_queued_start": 1585578285.390528, "device_queued": -1, "device_end": -1, "host_queued_end": 1585578285.396922}, "device": "gpu", "nd_range": {"device_start": 1585578220.2193556, "device_end": 1585578220.2194448}, "cmdq": 0, "read": {"device_start": -1, "device_end": -1}}, "FFC_sans_bias11": {"write": {"device_start": 1585578220.2175379, "host_queued_start": 1585578285.376605, "device_queued": 1585578220.217513, "device_end": 1585578220.2175462, "host_queued_end": 1585578285.396922}, "device": "gpu", "nd_range": {"device_start": 1585578220.2175474, "device_end": 1585578220.2177153}, "cmdq": 0, "read": {"device_start": -1, "device_end": -1}}, "FFC_sans_bias10": {"write": {"device_start": 1585578220.2174845, "host_queued_start": 1585578285.3761, "device_queued": 1585578220.2174582, "device_end": 1585578220.217493, "host_queued_end": 1585578285.396922}, "device": "gpu", "nd_range": {"device_start": 1585578220.217506, "device_end": 1585578220.2176895}, "cmdq": 2, "read": {"device_start": -1, "device_end": -1}}, "coalesced_transpose3": {"write": {"device_start": -1, "host_queued_start": 1585578285.399875, "device_queued": -1, "device_end": -1, "host_queued_end": 1585578285.40154}, "device": "cpu", "nd_range": {"device_start": 2246059.592226332, "device_end": 2246059.5922796703}, "cmdq": 0, "read": {"device_start": -1, "device_end": -1}}, "FFC_sans_bias34": {"write": {"device_start": 1585578220.219904, "host_queued_start": 1585578285.394832, "device_queued": 1585578220.2193398, "device_end": 1585578220.2199123, "host_queued_end": 1585578285.396922}, "device": "gpu", "nd_range": {"device_start": 1585578220.2199135, "device_end": 1585578220.2200444}, "cmdq": 1, "read": {"device_start": 1585578220.2201617, "device_end": 1585578220.2201695}}, "FFC_sans_bias15": {"write": {"device_start": -1, "host_queued_start": 1585578285.391521, "device_queued": -1, "device_end": -1, "host_queued_end": 1585578285.396922}, "device": "gpu", "nd_range": {"device_start": 1585578220.2194166, "device_end": 1585578220.2195275}, "cmdq": 1, "read": {"device_start": -1, "device_end": -1}}, "FFC_sans_bias31": {"write": {"device_start": -1, "host_queued_start": 1585578285.38851, "device_queued": -1, "device_end": -1, "host_queued_end": 1585578285.396922}, "device": "gpu", "nd_range": {"device_start": 1585578220.2188628, "device_end": 1585578220.2190545}, "cmdq": 1, "read": {"device_start": -1, "device_end": -1}}, "FFC_sans_bias16": {"write": {"device_start": 1585578220.2198317, "host_queued_start": 1585578285.393811, "device_queued": 1585578220.2191188, "device_end": 1585578220.21984, "host_queued_end": 1585578285.396922}, "device": "gpu", "nd_range": {"device_start": 1585578220.2198415, "device_end": 1585578220.2200212}, "cmdq": 2, "read": {"device_start": 1585578220.2200296, "device_end": 1585578220.22004}}, "FFC_sans_bias19": {"write": {"device_start": 1585578220.2176914, "host_queued_start": 1585578285.377721, "device_queued": 1585578220.2175949, "device_end": 1585578220.2177, "host_queued_end": 1585578285.396922}, "device": "gpu", "nd_range": {"device_start": 1585578220.2177515, "device_end": 1585578220.2178648}, "cmdq": 2, "read": {"device_start": -1, "device_end": -1}}, "FFC_sans_bias18": {"write": {"device_start": 1585578220.2176104, "host_queued_start": 1585578285.37723, "device_queued": 1585578220.217554, "device_end": 1585578220.2176201, "host_queued_end": 1585578285.396922}, "device": "gpu", "nd_range": {"device_start": 1585578220.2176404, "device_end": 1585578220.2177591}, "cmdq": 1, "read": {"device_start": -1, "device_end": -1}}, "coalesced_transpose30": {"write": {"device_start": -1, "host_queued_start": 1585578285.386491, "device_queued": -1, "device_end": -1, "host_queued_end": 1585578285.396922}, "device": "gpu", "nd_range": {"device_start": 1585578220.2188509, "device_end": 1585578220.2188582}, "cmdq": 0, "read": {"device_start": -1, "device_end": -1}}, "FFC_sans_bias69": {"write": {"device_start": -1, "host_queued_start": 1585578285.39334, "device_queued": -1, "device_end": -1, "host_queued_end": 1585578285.396922}, "device": "gpu", "nd_range": {"device_start": 1585578220.2197306, "device_end": 1585578220.219902}, "cmdq": 1, "read": {"device_start": -1, "device_end": -1}}, "FFC_sans_bias38": {"write": {"device_start": 1585578220.2181113, "host_queued_start": 1585578285.381205, "device_queued": 1585578220.2179928, "device_end": 1585578220.21812, "host_queued_end": 1585578285.396922}, "device": "gpu", "nd_range": {"device_start": 1585578220.218121, "device_end": 1585578220.2183046}, "cmdq": 0, "read": {"device_start": -1, "device_end": -1}}, "coalesced_transpose57": {"write": {"device_start": -1, "host_queued_start": 1585578285.387323, "device_queued": -1, "device_end": -1, "host_queued_end": 1585578285.396922}, "device": "gpu", "nd_range": {"device_start": 1585578220.2188597, "device_end": 1585578220.2188766}, "cmdq": 0, "read": {"device_start": -1, "device_end": -1}}, "empty26": {"write": {"device_start": 1585578220.2172353, "host_queued_start": 1585578285.373147, "device_queued": 1585578220.217211, "device_end": 1585578220.217244, "host_queued_end": 1585578285.396922}, "device": "gpu", "nd_range": {"device_start": 1585578220.2172737, "device_end": 1585578220.2172773}, "cmdq": 1, "read": {"device_start": -1, "device_end": -1}}, "coalesced_transpose12": {"write": {"device_start": -1, "host_queued_start": 1585578285.385944, "device_queued": -1, "device_end": -1, "host_queued_end": 1585578285.396922}, "device": "gpu", "nd_range": {"device_start": 1585578220.218723, "device_end": 1585578220.218785}, "cmdq": 1, "read": {"device_start": -1, "device_end": -1}}, "empty44": {"write": {"device_start": 1585578220.2173092, "host_queued_start": 1585578285.373956, "device_queued": 1585578220.2172866, "device_end": 1585578220.217318, "host_queued_end": 1585578285.396922}, "device": "gpu", "nd_range": {"device_start": 1585578220.217319, "device_end": 1585578220.2173223}, "cmdq": 0, "read": {"device_start": -1, "device_end": -1}}, "coalesced_transpose21": {"write": {"device_start": -1, "host_queued_start": 1585578285.386225, "device_queued": -1, "device_end": -1, "host_queued_end": 1585578285.396922}, "device": "gpu", "nd_range": {"device_start": 1585578220.2187936, "device_end": 1585578220.2188046}, "cmdq": 2, "read": {"device_start": -1, "device_end": -1}}, "FFC_sans_bias36": {"write": {"device_start": 1585578220.2180052, "host_queued_start": 1585578285.380231, "device_queued": 1585578220.217917, "device_end": 1585578220.2180145, "host_queued_end": 1585578285.396922}, "device": "gpu", "nd_range": {"device_start": 1585578220.2180157, "device_end": 1585578220.2181761}, "cmdq": 1, "read": {"device_start": -1, "device_end": -1}}, "softmax14": {"write": {"device_start": -1, "host_queued_start": 1585578285.38987, "device_queued": -1, "device_end": -1, "host_queued_end": 1585578285.396922}, "device": "gpu", "nd_range": {"device_start": 1585578220.2192717, "device_end": 1585578220.2193503}, "cmdq": 0, "read": {"device_start": -1, "device_end": -1}}, "FFC_sans_bias13": {"write": {"device_start": -1, "host_queued_start": 1585578285.387923, "device_queued": -1, "device_end": -1, "host_queued_end": 1585578285.396922}, "device": "gpu", "nd_range": {"device_start": 1585578220.2188556, "device_end": 1585578220.2189643}, "cmdq": 2, "read": {"device_start": -1, "device_end": -1}}, "empty8": {"write": {"device_start": -1, "host_queued_start": 1585578285.397692, "device_queued": -1, "device_end": -1, "host_queued_end": 1585578285.40154}, "device": "cpu", "nd_range": {"device_start": 2246059.591105548, "device_end": 2246059.5911155543}, "cmdq": 0, "read": {"device_start": -1, "device_end": -1}}, "FFC_sans_bias42": {"write": {"device_start": -1, "host_queued_start": 1585578285.392411, "device_queued": -1, "device_end": -1, "host_queued_end": 1585578285.396922}, "device": "gpu", "nd_range": {"device_start": 1585578220.219534, "device_end": 1585578220.2197285}, "cmdq": 1, "read": {"device_start": -1, "device_end": -1}}, "FFC_sans_bias43": {"write": {"device_start": 1585578220.220155, "host_queued_start": 1585578285.395335, "device_queued": 1585578220.2193947, "device_end": 1585578220.2201655, "host_queued_end": 1585578285.396922}, "device": "gpu", "nd_range": {"device_start": 1585578220.2201679, "device_end": 1585578220.2202988}, "cmdq": 2, "read": {"device_start": 1585578220.220312, "device_end": 1585578220.22032}}, "FFC_sans_bias40": {"write": {"device_start": -1, "host_queued_start": 1585578285.388799, "device_queued": -1, "device_end": -1, "host_queued_end": 1585578285.396922}, "device": "gpu", "nd_range": {"device_start": 1585578220.218966, "device_end": 1585578220.219162}, "cmdq": 2, "read": {"device_start": -1, "device_end": -1}}, "softmax32": {"write": {"device_start": -1, "host_queued_start": 1585578285.390315, "device_queued": -1, "device_end": -1, "host_queued_end": 1585578285.396922}, "device": "gpu", "nd_range": {"device_start": 1585578220.2193258, "device_end": 1585578220.2194018}, "cmdq": 2, "read": {"device_start": -1, "device_end": -1}}, "FFC_sans_bias47": {"write": {"device_start": 1585578220.218307, "host_queued_start": 1585578285.382709, "device_queued": 1585578220.218219, "device_end": 1585578220.218318, "host_queued_end": 1585578285.396922}, "device": "gpu", "nd_range": {"device_start": 1585578220.2183194, "device_end": 1585578220.2184894}, "cmdq": 0, "read": {"device_start": -1, "device_end": -1}}, "FFC_sans_bias45": {"write": {"device_start": 1585578220.2181838, "host_queued_start": 1585578285.381691, "device_queued": 1585578220.2180352, "device_end": 1585578220.2181923, "host_queued_end": 1585578285.396922}, "device": "gpu", "nd_range": {"device_start": 1585578220.2182007, "device_end": 1585578220.2183769}, "cmdq": 1, "read": {"device_start": -1, "device_end": -1}}, "softmax50": {"write": {"device_start": -1, "host_queued_start": 1585578285.390776, "device_queued": -1, "device_end": -1, "host_queued_end": 1585578285.396922}, "device": "gpu", "nd_range": {"device_start": 1585578220.2193372, "device_end": 1585578220.219415}, "cmdq": 1, "read": {"device_start": -1, "device_end": -1}}, "FFC_sans_bias33": {"write": {"device_start": -1, "host_queued_start": 1585578285.392097, "device_queued": -1, "device_end": -1, "host_queued_end": 1585578285.396922}, "device": "gpu", "nd_range": {"device_start": 1585578220.2195497, "device_end": 1585578220.219745}, "cmdq": 0, "read": {"device_start": -1, "device_end": -1}}, "FFC_sans_bias63": {"write": {"device_start": 1585578220.2186785, "host_queued_start": 1585578285.385653, "device_queued": 1585578220.2184875, "device_end": 1585578220.218687, "host_queued_end": 1585578285.396922}, "device": "gpu", "nd_range": {"device_start": 1585578220.218688, "device_end": 1585578220.21885}, "cmdq": 0, "read": {"device_start": -1, "device_end": -1}}, "FFC_sans_bias49": {"write": {"device_start": -1, "host_queued_start": 1585578285.389076, "device_queued": -1, "device_end": -1, "host_queued_end": 1585578285.396922}, "device": "gpu", "nd_range": {"device_start": 1585578220.2190788, "device_end": 1585578220.2192695}, "cmdq": 0, "read": {"device_start": -1, "device_end": -1}}, "FFC_sans_bias64": {"write": {"device_start": 1585578220.2185607, "host_queued_start": 1585578285.384667, "device_queued": 1585578220.2184086, "device_end": 1585578220.218569, "host_queued_end": 1585578285.396922}, "device": "gpu", "nd_range": {"device_start": 1585578220.21857, "device_end": 1585578220.218722}, "cmdq": 1, "read": {"device_start": -1, "device_end": -1}}, "FFC_sans_bias65": {"write": {"device_start": 1585578220.2186074, "host_queued_start": 1585578285.385159, "device_queued": 1585578220.2184377, "device_end": 1585578220.2186162, "host_queued_end": 1585578285.396922}, "device": "gpu", "nd_range": {"device_start": 1585578220.2186172, "device_end": 1585578220.2187924}, "cmdq": 2, "read": {"device_start": -1, "device_end": -1}}, "FFC_sans_bias67": {"write": {"device_start": -1, "host_queued_start": 1585578285.389657, "device_queued": -1, "device_end": -1, "host_queued_end": 1585578285.396922}, "device": "gpu", "nd_range": {"device_start": 1585578220.2191644, "device_end": 1585578220.2193227}, "cmdq": 2, "read": {"device_start": -1, "device_end": -1}}, "FFC_sans_bias24": {"write": {"device_start": -1, "host_queued_start": 1585578285.391817, "device_queued": -1, "device_end": -1, "host_queued_end": 1585578285.396922}, "device": "gpu", "nd_range": {"device_start": 1585578220.2195227, "device_end": 1585578220.2196403}, "cmdq": 2, "read": {"device_start": -1, "device_end": -1}}, "FFC_sans_bias25": {"write": {"device_start": 1585578220.2199423, "host_queued_start": 1585578285.394313, "device_queued": 1585578220.219168, "device_end": 1585578220.2199507, "host_queued_end": 1585578285.396922}, "device": "gpu", "nd_range": {"device_start": 1585578220.2199523, "device_end": 1585578220.2201378}, "cmdq": 0, "read": {"device_start": 1585578220.2201443, "device_end": 1585578220.220158}}, "FFC_sans_bias27": {"write": {"device_start": 1585578220.2178257, "host_queued_start": 1585578285.378773, "device_queued": 1585578220.2178004, "device_end": 1585578220.2178347, "host_queued_end": 1585578285.396922}, "device": "gpu", "nd_range": {"device_start": 1585578220.2178612, "device_end": 1585578220.2180007}, "cmdq": 1, "read": {"device_start": -1, "device_end": -1}}, "FFC_sans_bias20": {"write": {"device_start": 1585578220.2177815, "host_queued_start": 1585578285.378216, "device_queued": 1585578220.2177598, "device_end": 1585578220.2177901, "host_queued_end": 1585578285.396922}, "device": "gpu", "nd_range": {"device_start": 1585578220.2177913, "device_end": 1585578220.2179208}, "cmdq": 0, "read": {"device_start": -1, "device_end": -1}}, "FFC_sans_bias22": {"write": {"device_start": -1, "host_queued_start": 1585578285.388221, "device_queued": -1, "device_end": -1, "host_queued_end": 1585578285.396922}, "device": "gpu", "nd_range": {"device_start": 1585578220.2188785, "device_end": 1585578220.2190776}, "cmdq": 0, "read": {"device_start": -1, "device_end": -1}}, "softmax68": {"write": {"device_start": -1, "host_queued_start": 1585578285.39123, "device_queued": -1, "device_end": -1, "host_queued_end": 1585578285.396922}, "device": "gpu", "nd_range": {"device_start": 1585578220.2194474, "device_end": 1585578220.2195468}, "cmdq": 0, "read": {"device_start": -1, "device_end": -1}}, "softmax5": {"write": {"device_start": -1, "host_queued_start": 1585578285.400562, "device_queued": -1, "device_end": -1, "host_queued_end": 1585578285.40154}, "device": "cpu", "nd_range": {"device_start": 2246059.593661752, "device_end": 2246059.5936981062}, "cmdq": 0, "read": {"device_start": -1, "device_end": -1}}, "FFC_sans_bias28": {"write": {"device_start": 1585578220.2178662, "host_queued_start": 1585578285.379256, "device_queued": 1585578220.217826, "device_end": 1585578220.2178748, "host_queued_end": 1585578285.396922}, "device": "gpu", "nd_range": {"device_start": 1585578220.2178757, "device_end": 1585578220.2180698}, "cmdq": 2, "read": {"device_start": -1, "device_end": -1}}, "FFC_sans_bias29": {"write": {"device_start": 1585578220.217924, "host_queued_start": 1585578285.379751, "device_queued": 1585578220.217878, "device_end": 1585578220.217933, "host_queued_end": 1585578285.396922}, "device": "gpu", "nd_range": {"device_start": 1585578220.2179344, "device_end": 1585578220.2181094}, "cmdq": 0, "read": {"device_start": -1, "device_end": -1}}, "empty17": {"write": {"device_start": 1585578220.217164, "host_queued_start": 1585578285.37255, "device_queued": 1585578220.2171304, "device_end": 1585578220.2171729, "host_queued_end": 1585578285.396922}, "device": "gpu", "nd_range": {"device_start": 1585578220.2171936, "device_end": 1585578220.2172067}, "cmdq": 0, "read": {"device_start": -1, "device_end": -1}}, "softmax59": {"write": {"device_start": -1, "host_queued_start": 1585578285.391001, "device_queued": -1, "device_end": -1, "host_queued_end": 1585578285.396922}, "device": "gpu", "nd_range": {"device_start": 1585578220.2194066, "device_end": 1585578220.2195196}, "cmdq": 2, "read": {"device_start": -1, "device_end": -1}}, "empty71": {"write": {"device_start": 1585578220.2174158, "host_queued_start": 1585578285.37509, "device_queued": 1585578220.2173913, "device_end": 1585578220.2174242, "host_queued_end": 1585578285.396922}, "device": "gpu", "nd_range": {"device_start": 1585578220.2174253, "device_end": 1585578220.217429}, "cmdq": 0, "read": {"device_start": -1, "device_end": -1}}, "empty35": {"write": {"device_start": 1585578220.2172632, "host_queued_start": 1585578285.373552, "device_queued": 1585578220.2172368, "device_end": 1585578220.2172718, "host_queued_end": 1585578285.396922}, "device": "gpu", "nd_range": {"device_start": 1585578220.217279, "device_end": 1585578220.2172823}, "cmdq": 2, "read": {"device_start": -1, "device_end": -1}}, "empty53": {"write": {"device_start": 1585578220.2173448, "host_queued_start": 1585578285.374327, "device_queued": 1585578220.2173228, "device_end": 1585578220.2173548, "host_queued_end": 1585578285.396922}, "device": "gpu", "nd_range": {"device_start": 1585578220.217381, "device_end": 1585578220.2173874}, "cmdq": 1, "read": {"device_start": -1, "device_end": -1}}, "FFC_sans_bias46": {"write": {"device_start": 1585578220.2182636, "host_queued_start": 1585578285.382186, "device_queued": 1585578220.2181575, "device_end": 1585578220.2182739, "host_queued_end": 1585578285.396922}, "device": "gpu", "nd_range": {"device_start": 1585578220.2182753, "device_end": 1585578220.218412}, "cmdq": 2, "read": {"device_start": -1, "device_end": -1}}, "coalesced_transpose66": {"write": {"device_start": -1, "host_queued_start": 1585578285.387622, "device_queued": -1, "device_end": -1, "host_queued_end": 1585578285.396922}, "device": "gpu", "nd_range": {"device_start": 1585578220.218802, "device_end": 1585578220.2188168}, "cmdq": 1, "read": {"device_start": -1, "device_end": -1}}, "coalesced_transpose48": {"write": {"device_start": -1, "host_queued_start": 1585578285.387059, "device_queued": -1, "device_end": -1, "host_queued_end": 1585578285.396922}, "device": "gpu", "nd_range": {"device_start": 1585578220.2188056, "device_end": 1585578220.2188144}, "cmdq": 2, "read": {"device_start": -1, "device_end": -1}}}