{"FFC_sans_bias60": {"write": {"device_start": -1, "host_queued_start": 1585578116.495171, "device_queued": -1, "device_end": -1, "host_queued_end": 1585578116.499087}, "device": "gpu", "nd_range": {"device_start": 1585578051.3292212, "device_end": 1585578051.3293278}, "cmdq": 0, "read": {"device_start": -1, "device_end": -1}}, "FFC_sans_bias4": {"write": {"device_start": -1, "host_queued_start": 1585578116.502546, "device_queued": -1, "device_end": -1, "host_queued_end": 1585578116.503727}, "device": "cpu", "nd_range": {"device_start": 2245890.694894235, "device_end": 2245890.6955073383}, "cmdq": 0, "read": {"device_start": -1, "device_end": -1}}, "FFC_sans_bias7": {"write": {"device_start": -1, "host_queued_start": 1585578116.503683, "device_queued": -1, "device_end": -1, "host_queued_end": 1585578116.503727}, "device": "cpu", "nd_range": {"device_start": 2245890.69632775, "device_end": 2245890.6968667}, "cmdq": 3, "read": {"device_start": -1, "device_end": -1}}, "FFC_sans_bias6": {"write": {"device_start": -1, "host_queued_start": 1585578116.503166, "device_queued": -1, "device_end": -1, "host_queued_end": 1585578116.503727}, "device": "cpu", "nd_range": {"device_start": 2245890.695673345, "device_end": 2245890.696306638}, "cmdq": 2, "read": {"device_start": -1, "device_end": -1}}, "FFC_sans_bias1": {"write": {"device_start": -1, "host_queued_start": 1585578116.501093, "device_queued": -1, "device_end": -1, "host_queued_end": 1585578116.503727}, "device": "cpu", "nd_range": {"device_start": 2245890.693322744, "device_end": 2245890.694525454}, "cmdq": 2, "read": {"device_start": -1, "device_end": -1}}, "FFC_sans_bias0": {"write": {"device_start": -1, "host_queued_start": 1585578116.500531, "device_queued": -1, "device_end": -1, "host_queued_end": 1585578116.503727}, "device": "cpu", "nd_range": {"device_start": 2245890.693321199, "device_end": 2245890.695115285}, "cmdq": 1, "read": {"device_start": -1, "device_end": -1}}, "FFC_sans_bias2": {"write": {"device_start": -1, "host_queued_start": 1585578116.501704, "device_queued": -1, "device_end": -1, "host_queued_end": 1585578116.503727}, "device": "cpu", "nd_range": {"device_start": 2245890.6933307974, "device_end": 2245890.694855124}, "cmdq": 3, "read": {"device_start": -1, "device_end": -1}}, "FFC_sans_bias61": {"write": {"device_start": 1585578051.3302715, "host_queued_start": 1585578116.498492, "device_queued": 1585578051.3268638, "device_end": 1585578051.3302805, "host_queued_end": 1585578116.499087}, "device": "gpu", "nd_range": {"device_start": 1585578051.3302815, "device_end": 1585578051.330388}, "cmdq": 0, "read": {"device_start": 1585578051.3303945, "device_end": 1585578051.3304012}}, "FFC_sans_bias52": {"write": {"device_start": 1585578051.3301058, "host_queued_start": 1585578116.497988, "device_queued": 1585578051.3267934, "device_end": 1585578051.3301144, "host_queued_end": 1585578116.499087}, "device": "gpu", "nd_range": {"device_start": 1585578051.3301158, "device_end": 1585578051.3302217}, "cmdq": 0, "read": {"device_start": 1585578051.3302286, "device_end": 1585578051.330236}}, "FFC_sans_bias9": {"write": {"device_start": 1585578051.3248727, "host_queued_start": 1585578116.477725, "device_queued": 1585578051.3248394, "device_end": 1585578051.3248816, "host_queued_end": 1585578116.499087}, "device": "gpu", "nd_range": {"device_start": 1585578051.3248837, "device_end": 1585578051.3249927}, "cmdq": 0, "read": {"device_start": -1, "device_end": -1}}, "coalesced_transpose39": {"write": {"device_start": -1, "host_queued_start": 1585578116.488908, "device_queued": -1, "device_end": -1, "host_queued_end": 1585578116.499087}, "device": "gpu", "nd_range": {"device_start": 1585578051.3273933, "device_end": 1585578051.3273985}, "cmdq": 0, "read": {"device_start": -1, "device_end": -1}}, "FFC_sans_bias55": {"write": {"device_start": 1585578051.3268979, "host_queued_start": 1585578116.486288, "device_queued": 1585578051.325725, "device_end": 1585578051.3269064, "host_queued_end": 1585578116.499087}, "device": "gpu", "nd_range": {"device_start": 1585578051.3269074, "device_end": 1585578051.3270137}, "cmdq": 0, "read": {"device_start": -1, "device_end": -1}}, "FFC_sans_bias54": {"write": {"device_start": 1585578051.3267732, "host_queued_start": 1585578116.485795, "device_queued": 1585578051.3256905, "device_end": 1585578051.3267817, "host_queued_end": 1585578116.499087}, "device": "gpu", "nd_range": {"device_start": 1585578051.3267906, "device_end": 1585578051.3268967}, "cmdq": 0, "read": {"device_start": -1, "device_end": -1}}, "FFC_sans_bias56": {"write": {"device_start": 1585578051.3266528, "host_queued_start": 1585578116.485314, "device_queued": 1585578051.3256574, "device_end": 1585578051.3266635, "host_queued_end": 1585578116.499087}, "device": "gpu", "nd_range": {"device_start": 1585578051.3266647, "device_end": 1585578051.326772}, "cmdq": 0, "read": {"device_start": -1, "device_end": -1}}, "FFC_sans_bias51": {"write": {"device_start": -1, "host_queued_start": 1585578116.494882, "device_queued": -1, "device_end": -1, "host_queued_end": 1585578116.499087}, "device": "gpu", "nd_range": {"device_start": 1585578051.3291152, "device_end": 1585578051.32922}, "cmdq": 0, "read": {"device_start": -1, "device_end": -1}}, "softmax23": {"write": {"device_start": -1, "host_queued_start": 1585578116.492291, "device_queued": -1, "device_end": -1, "host_queued_end": 1585578116.499087}, "device": "gpu", "nd_range": {"device_start": 1585578051.32825, "device_end": 1585578051.3283236}, "cmdq": 0, "read": {"device_start": -1, "device_end": -1}}, "FFC_sans_bias37": {"write": {"device_start": 1585578051.3260639, "host_queued_start": 1585578116.482858, "device_queued": 1585578051.3253622, "device_end": 1585578051.3260725, "host_queued_end": 1585578116.499087}, "device": "gpu", "nd_range": {"device_start": 1585578051.3260736, "device_end": 1585578051.3261797}, "cmdq": 0, "read": {"device_start": -1, "device_end": -1}}, "empty62": {"write": {"device_start": 1585578051.3247929, "host_queued_start": 1585578116.476822, "device_queued": 1585578051.324771, "device_end": 1585578051.3248017, "host_queued_end": 1585578116.499087}, "device": "gpu", "nd_range": {"device_start": 1585578051.3248026, "device_end": 1585578051.3248062}, "cmdq": 0, "read": {"device_start": -1, "device_end": -1}}, "FFC_sans_bias70": {"write": {"device_start": 1585578051.3304374, "host_queued_start": 1585578116.49899, "device_queued": 1585578051.3269308, "device_end": 1585578051.3304462, "host_queued_end": 1585578116.499087}, "device": "gpu", "nd_range": {"device_start": 1585578051.3304472, "device_end": 1585578051.3305526}, "cmdq": 0, "read": {"device_start": 1585578051.3305604, "device_end": 1585578051.3305671}}, "FFC_sans_bias58": {"write": {"device_start": -1, "host_queued_start": 1585578116.491538, "device_queued": -1, "device_end": -1, "host_queued_end": 1585578116.499087}, "device": "gpu", "nd_range": {"device_start": 1585578051.3279576, "device_end": 1585578051.3280642}, "cmdq": 0, "read": {"device_start": -1, "device_end": -1}}, "softmax41": {"write": {"device_start": -1, "host_queued_start": 1585578116.49274, "device_queued": -1, "device_end": -1, "host_queued_end": 1585578116.499087}, "device": "gpu", "nd_range": {"device_start": 1585578051.3283954, "device_end": 1585578051.3284676}, "cmdq": 0, "read": {"device_start": -1, "device_end": -1}}, "FFC_sans_bias11": {"write": {"device_start": 1585578051.3251207, "host_queued_start": 1585578116.478745, "device_queued": 1585578051.3249397, "device_end": 1585578051.3251293, "host_queued_end": 1585578116.499087}, "device": "gpu", "nd_range": {"device_start": 1585578051.3251302, "device_end": 1585578051.3252366}, "cmdq": 0, "read": {"device_start": -1, "device_end": -1}}, "FFC_sans_bias10": {"write": {"device_start": 1585578051.3249936, "host_queued_start": 1585578116.478221, "device_queued": 1585578051.3248925, "device_end": 1585578051.325006, "host_queued_end": 1585578116.499087}, "device": "gpu", "nd_range": {"device_start": 1585578051.3250072, "device_end": 1585578051.3251195}, "cmdq": 0, "read": {"device_start": -1, "device_end": -1}}, "coalesced_transpose3": {"write": {"device_start": -1, "host_queued_start": 1585578116.502187, "device_queued": -1, "device_end": -1, "host_queued_end": 1585578116.503727}, "device": "cpu", "nd_range": {"device_start": 2245890.694733542, "device_end": 2245890.694788537}, "cmdq": 4, "read": {"device_start": -1, "device_end": -1}}, "FFC_sans_bias34": {"write": {"device_start": 1585578051.329782, "host_queued_start": 1585578116.496998, "device_queued": 1585578051.3266537, "device_end": 1585578051.3297908, "host_queued_end": 1585578116.499087}, "device": "gpu", "nd_range": {"device_start": 1585578051.3297918, "device_end": 1585578051.3298986}, "cmdq": 0, "read": {"device_start": 1585578051.329905, "device_end": 1585578051.3299117}}, "FFC_sans_bias15": {"write": {"device_start": -1, "host_queued_start": 1585578116.493712, "device_queued": -1, "device_end": -1, "host_queued_end": 1585578116.499087}, "device": "gpu", "nd_range": {"device_start": 1585578051.3286862, "device_end": 1585578051.3287926}, "cmdq": 0, "read": {"device_start": -1, "device_end": -1}}, "FFC_sans_bias31": {"write": {"device_start": -1, "host_queued_start": 1585578116.490602, "device_queued": -1, "device_end": -1, "host_queued_end": 1585578116.499087}, "device": "gpu", "nd_range": {"device_start": 1585578051.3276322, "device_end": 1585578051.3277383}, "cmdq": 0, "read": {"device_start": -1, "device_end": -1}}, "FFC_sans_bias16": {"write": {"device_start": 1585578051.3294363, "host_queued_start": 1585578116.495994, "device_queued": 1585578051.3264244, "device_end": 1585578051.3294446, "host_queued_end": 1585578116.499087}, "device": "gpu", "nd_range": {"device_start": 1585578051.329446, "device_end": 1585578051.3295543}, "cmdq": 0, "read": {"device_start": 1585578051.3295562, "device_end": 1585578051.3295646}}, "FFC_sans_bias19": {"write": {"device_start": 1585578051.325355, "host_queued_start": 1585578116.479871, "device_queued": 1585578051.325037, "device_end": 1585578051.3253639, "host_queued_end": 1585578116.499087}, "device": "gpu", "nd_range": {"device_start": 1585578051.3253653, "device_end": 1585578051.3254716}, "cmdq": 0, "read": {"device_start": -1, "device_end": -1}}, "FFC_sans_bias18": {"write": {"device_start": 1585578051.3252378, "host_queued_start": 1585578116.479232, "device_queued": 1585578051.3249874, "device_end": 1585578051.3252466, "host_queued_end": 1585578116.499087}, "device": "gpu", "nd_range": {"device_start": 1585578051.3252475, "device_end": 1585578051.325354}, "cmdq": 0, "read": {"device_start": -1, "device_end": -1}}, "coalesced_transpose30": {"write": {"device_start": -1, "host_queued_start": 1585578116.488629, "device_queued": -1, "device_end": -1, "host_queued_end": 1585578116.499087}, "device": "gpu", "nd_range": {"device_start": 1585578051.3273866, "device_end": 1585578051.327392}, "cmdq": 0, "read": {"device_start": -1, "device_end": -1}}, "FFC_sans_bias69": {"write": {"device_start": -1, "host_queued_start": 1585578116.495459, "device_queued": -1, "device_end": -1, "host_queued_end": 1585578116.499087}, "device": "gpu", "nd_range": {"device_start": 1585578051.329329, "device_end": 1585578051.3294349}, "cmdq": 0, "read": {"device_start": -1, "device_end": -1}}, "FFC_sans_bias38": {"write": {"device_start": 1585578051.326181, "host_queued_start": 1585578116.483353, "device_queued": 1585578051.3253975, "device_end": 1585578051.3261895, "host_queued_end": 1585578116.499087}, "device": "gpu", "nd_range": {"device_start": 1585578051.3261905, "device_end": 1585578051.326297}, "cmdq": 0, "read": {"device_start": -1, "device_end": -1}}, "coalesced_transpose57": {"write": {"device_start": -1, "host_queued_start": 1585578116.48944, "device_queued": -1, "device_end": -1, "host_queued_end": 1585578116.499087}, "device": "gpu", "nd_range": {"device_start": 1585578051.327406, "device_end": 1585578051.3274107}, "cmdq": 0, "read": {"device_start": -1, "device_end": -1}}, "empty26": {"write": {"device_start": 1585578051.324655, "host_queued_start": 1585578116.475339, "device_queued": 1585578051.3246334, "device_end": 1585578051.3246636, "host_queued_end": 1585578116.499087}, "device": "gpu", "nd_range": {"device_start": 1585578051.3246646, "device_end": 1585578051.3246682}, "cmdq": 0, "read": {"device_start": -1, "device_end": -1}}, "coalesced_transpose12": {"write": {"device_start": -1, "host_queued_start": 1585578116.488083, "device_queued": -1, "device_end": -1, "host_queued_end": 1585578116.499087}, "device": "gpu", "nd_range": {"device_start": 1585578051.3273733, "device_end": 1585578051.327379}, "cmdq": 0, "read": {"device_start": -1, "device_end": -1}}, "empty44": {"write": {"device_start": 1585578051.3247247, "host_queued_start": 1585578116.476091, "device_queued": 1585578051.3247032, "device_end": 1585578051.324733, "host_queued_end": 1585578116.499087}, "device": "gpu", "nd_range": {"device_start": 1585578051.3247342, "device_end": 1585578051.3247375}, "cmdq": 0, "read": {"device_start": -1, "device_end": -1}}, "coalesced_transpose21": {"write": {"device_start": -1, "host_queued_start": 1585578116.48835, "device_queued": -1, "device_end": -1, "host_queued_end": 1585578116.499087}, "device": "gpu", "nd_range": {"device_start": 1585578051.3273802, "device_end": 1585578051.3273857}, "cmdq": 0, "read": {"device_start": -1, "device_end": -1}}, "FFC_sans_bias36": {"write": {"device_start": 1585578051.3259451, "host_queued_start": 1585578116.482326, "device_queued": 1585578051.3253274, "device_end": 1585578051.325954, "host_queued_end": 1585578116.499087}, "device": "gpu", "nd_range": {"device_start": 1585578051.325956, "device_end": 1585578051.326063}, "cmdq": 0, "read": {"device_start": -1, "device_end": -1}}, "softmax14": {"write": {"device_start": -1, "host_queued_start": 1585578116.492062, "device_queued": -1, "device_end": -1, "host_queued_end": 1585578116.499087}, "device": "gpu", "nd_range": {"device_start": 1585578051.3281727, "device_end": 1585578051.3282485}, "cmdq": 0, "read": {"device_start": -1, "device_end": -1}}, "FFC_sans_bias13": {"write": {"device_start": -1, "host_queued_start": 1585578116.489988, "device_queued": -1, "device_end": -1, "host_queued_end": 1585578116.499087}, "device": "gpu", "nd_range": {"device_start": 1585578051.3274174, "device_end": 1585578051.327524}, "cmdq": 0, "read": {"device_start": -1, "device_end": -1}}, "empty8": {"write": {"device_start": -1, "host_queued_start": 1585578116.49986, "device_queued": -1, "device_end": -1, "host_queued_end": 1585578116.503727}, "device": "cpu", "nd_range": {"device_start": 2245890.6933034253, "device_end": 2245890.69331138}, "cmdq": 0, "read": {"device_start": -1, "device_end": -1}}, "FFC_sans_bias42": {"write": {"device_start": -1, "host_queued_start": 1585578116.49459, "device_queued": -1, "device_end": -1, "host_queued_end": 1585578116.499087}, "device": "gpu", "nd_range": {"device_start": 1585578051.3290083, "device_end": 1585578051.3291142}, "cmdq": 0, "read": {"device_start": -1, "device_end": -1}}, "FFC_sans_bias43": {"write": {"device_start": 1585578051.3299413, "host_queued_start": 1585578116.497498, "device_queued": 1585578051.3267212, "device_end": 1585578051.32995, "host_queued_end": 1585578116.499087}, "device": "gpu", "nd_range": {"device_start": 1585578051.3299513, "device_end": 1585578051.3300576}, "cmdq": 0, "read": {"device_start": 1585578051.3300626, "device_end": 1585578051.3300695}}, "FFC_sans_bias40": {"write": {"device_start": -1, "host_queued_start": 1585578116.49091, "device_queued": -1, "device_end": -1, "host_queued_end": 1585578116.499087}, "device": "gpu", "nd_range": {"device_start": 1585578051.3277392, "device_end": 1585578051.3278494}, "cmdq": 0, "read": {"device_start": -1, "device_end": -1}}, "softmax32": {"write": {"device_start": -1, "host_queued_start": 1585578116.492508, "device_queued": -1, "device_end": -1, "host_queued_end": 1585578116.499087}, "device": "gpu", "nd_range": {"device_start": 1585578051.328325, "device_end": 1585578051.3283944}, "cmdq": 0, "read": {"device_start": -1, "device_end": -1}}, "FFC_sans_bias47": {"write": {"device_start": 1585578051.3265352, "host_queued_start": 1585578116.484826, "device_queued": 1585578051.325622, "device_end": 1585578051.326544, "host_queued_end": 1585578116.499087}, "device": "gpu", "nd_range": {"device_start": 1585578051.326545, "device_end": 1585578051.3266516}, "cmdq": 0, "read": {"device_start": -1, "device_end": -1}}, "FFC_sans_bias45": {"write": {"device_start": 1585578051.3262982, "host_queued_start": 1585578116.483839, "device_queued": 1585578051.325431, "device_end": 1585578051.3263068, "host_queued_end": 1585578116.499087}, "device": "gpu", "nd_range": {"device_start": 1585578051.326308, "device_end": 1585578051.3264143}, "cmdq": 0, "read": {"device_start": -1, "device_end": -1}}, "softmax50": {"write": {"device_start": -1, "host_queued_start": 1585578116.492971, "device_queued": -1, "device_end": -1, "host_queued_end": 1585578116.499087}, "device": "gpu", "nd_range": {"device_start": 1585578051.3284688, "device_end": 1585578051.3285437}, "cmdq": 0, "read": {"device_start": -1, "device_end": -1}}, "FFC_sans_bias33": {"write": {"device_start": -1, "host_queued_start": 1585578116.49428, "device_queued": -1, "device_end": -1, "host_queued_end": 1585578116.499087}, "device": "gpu", "nd_range": {"device_start": 1585578051.3289013, "device_end": 1585578051.3290071}, "cmdq": 0, "read": {"device_start": -1, "device_end": -1}}, "FFC_sans_bias63": {"write": {"device_start": 1585578051.327256, "host_queued_start": 1585578116.487784, "device_queued": 1585578051.325829, "device_end": 1585578051.3272643, "host_queued_end": 1585578116.499087}, "device": "gpu", "nd_range": {"device_start": 1585578051.3272657, "device_end": 1585578051.327372}, "cmdq": 0, "read": {"device_start": -1, "device_end": -1}}, "FFC_sans_bias49": {"write": {"device_start": -1, "host_queued_start": 1585578116.491235, "device_queued": -1, "device_end": -1, "host_queued_end": 1585578116.499087}, "device": "gpu", "nd_range": {"device_start": 1585578051.3278503, "device_end": 1585578051.3279567}, "cmdq": 0, "read": {"device_start": -1, "device_end": -1}}, "FFC_sans_bias64": {"write": {"device_start": 1585578051.3270147, "host_queued_start": 1585578116.486811, "device_queued": 1585578051.3257594, "device_end": 1585578051.327029, "host_queued_end": 1585578116.499087}, "device": "gpu", "nd_range": {"device_start": 1585578051.3270304, "device_end": 1585578051.3271368}, "cmdq": 0, "read": {"device_start": -1, "device_end": -1}}, "FFC_sans_bias65": {"write": {"device_start": 1585578051.327138, "host_queued_start": 1585578116.487299, "device_queued": 1585578051.3257923, "device_end": 1585578051.3271465, "host_queued_end": 1585578116.499087}, "device": "gpu", "nd_range": {"device_start": 1585578051.3271477, "device_end": 1585578051.3272548}, "cmdq": 0, "read": {"device_start": -1, "device_end": -1}}, "FFC_sans_bias67": {"write": {"device_start": -1, "host_queued_start": 1585578116.491825, "device_queued": -1, "device_end": -1, "host_queued_end": 1585578116.499087}, "device": "gpu", "nd_range": {"device_start": 1585578051.3280652, "device_end": 1585578051.3281713}, "cmdq": 0, "read": {"device_start": -1, "device_end": -1}}, "FFC_sans_bias24": {"write": {"device_start": -1, "host_queued_start": 1585578116.493992, "device_queued": -1, "device_end": -1, "host_queued_end": 1585578116.499087}, "device": "gpu", "nd_range": {"device_start": 1585578051.328794, "device_end": 1585578051.3288999}, "cmdq": 0, "read": {"device_start": -1, "device_end": -1}}, "FFC_sans_bias25": {"write": {"device_start": 1585578051.329615, "host_queued_start": 1585578116.496505, "device_queued": 1585578051.326492, "device_end": 1585578051.329624, "host_queued_end": 1585578116.499087}, "device": "gpu", "nd_range": {"device_start": 1585578051.329625, "device_end": 1585578051.3297312}, "cmdq": 0, "read": {"device_start": 1585578051.3297377, "device_end": 1585578051.3297446}}, "FFC_sans_bias27": {"write": {"device_start": 1585578051.3255906, "host_queued_start": 1585578116.480858, "device_queued": 1585578051.3252127, "device_end": 1585578051.3255994, "host_queued_end": 1585578116.499087}, "device": "gpu", "nd_range": {"device_start": 1585578051.3256006, "device_end": 1585578051.325707}, "cmdq": 0, "read": {"device_start": -1, "device_end": -1}}, "FFC_sans_bias20": {"write": {"device_start": 1585578051.3254726, "host_queued_start": 1585578116.480371, "device_queued": 1585578051.3251765, "device_end": 1585578051.3254812, "host_queued_end": 1585578116.499087}, "device": "gpu", "nd_range": {"device_start": 1585578051.3254826, "device_end": 1585578051.3255892}, "cmdq": 0, "read": {"device_start": -1, "device_end": -1}}, "FFC_sans_bias22": {"write": {"device_start": -1, "host_queued_start": 1585578116.490281, "device_queued": -1, "device_end": -1, "host_queued_end": 1585578116.499087}, "device": "gpu", "nd_range": {"device_start": 1585578051.3275251, "device_end": 1585578051.3276312}, "cmdq": 0, "read": {"device_start": -1, "device_end": -1}}, "softmax68": {"write": {"device_start": -1, "host_queued_start": 1585578116.493423, "device_queued": -1, "device_end": -1, "host_queued_end": 1585578116.499087}, "device": "gpu", "nd_range": {"device_start": 1585578051.328613, "device_end": 1585578051.3286848}, "cmdq": 0, "read": {"device_start": -1, "device_end": -1}}, "softmax5": {"write": {"device_start": -1, "host_queued_start": 1585578116.502833, "device_queued": -1, "device_end": -1, "host_queued_end": 1585578116.503727}, "device": "cpu", "nd_range": {"device_start": 2245890.695525344, "device_end": 2245890.695662705}, "cmdq": 1, "read": {"device_start": -1, "device_end": -1}}, "FFC_sans_bias28": {"write": {"device_start": 1585578051.3257084, "host_queued_start": 1585578116.481343, "device_queued": 1585578051.3252492, "device_end": 1585578051.325717, "host_queued_end": 1585578116.499087}, "device": "gpu", "nd_range": {"device_start": 1585578051.3257182, "device_end": 1585578051.325824}, "cmdq": 0, "read": {"device_start": -1, "device_end": -1}}, "FFC_sans_bias29": {"write": {"device_start": 1585578051.3258255, "host_queued_start": 1585578116.48184, "device_queued": 1585578051.325284, "device_end": 1585578051.3258364, "host_queued_end": 1585578116.499087}, "device": "gpu", "nd_range": {"device_start": 1585578051.3258379, "device_end": 1585578051.325944}, "cmdq": 0, "read": {"device_start": -1, "device_end": -1}}, "empty17": {"write": {"device_start": 1585578051.3245647, "host_queued_start": 1585578116.474757, "device_queued": 1585578051.3245308, "device_end": 1585578051.324573, "host_queued_end": 1585578116.499087}, "device": "gpu", "nd_range": {"device_start": 1585578051.324603, "device_end": 1585578051.3246186}, "cmdq": 0, "read": {"device_start": -1, "device_end": -1}}, "softmax59": {"write": {"device_start": -1, "host_queued_start": 1585578116.493193, "device_queued": -1, "device_end": -1, "host_queued_end": 1585578116.499087}, "device": "gpu", "nd_range": {"device_start": 1585578051.3285449, "device_end": 1585578051.3286119}, "cmdq": 0, "read": {"device_start": -1, "device_end": -1}}, "empty71": {"write": {"device_start": 1585578051.3248289, "host_queued_start": 1585578116.477211, "device_queued": 1585578051.324805, "device_end": 1585578051.3248372, "host_queued_end": 1585578116.499087}, "device": "gpu", "nd_range": {"device_start": 1585578051.3248382, "device_end": 1585578051.324842}, "cmdq": 0, "read": {"device_start": -1, "device_end": -1}}, "empty35": {"write": {"device_start": 1585578051.32469, "host_queued_start": 1585578116.475714, "device_queued": 1585578051.3246691, "device_end": 1585578051.3246984, "host_queued_end": 1585578116.499087}, "device": "gpu", "nd_range": {"device_start": 1585578051.3246996, "device_end": 1585578051.324703}, "cmdq": 0, "read": {"device_start": -1, "device_end": -1}}, "empty53": {"write": {"device_start": 1585578051.3247585, "host_queued_start": 1585578116.476457, "device_queued": 1585578051.324737, "device_end": 1585578051.3247674, "host_queued_end": 1585578116.499087}, "device": "gpu", "nd_range": {"device_start": 1585578051.3247683, "device_end": 1585578051.324772}, "cmdq": 0, "read": {"device_start": -1, "device_end": -1}}, "FFC_sans_bias46": {"write": {"device_start": 1585578051.3264158, "host_queued_start": 1585578116.484334, "device_queued": 1585578051.325569, "device_end": 1585578051.3264241, "host_queued_end": 1585578116.499087}, "device": "gpu", "nd_range": {"device_start": 1585578051.3264256, "device_end": 1585578051.3265343}, "cmdq": 0, "read": {"device_start": -1, "device_end": -1}}, "coalesced_transpose66": {"write": {"device_start": -1, "host_queued_start": 1585578116.489711, "device_queued": -1, "device_end": -1, "host_queued_end": 1585578116.499087}, "device": "gpu", "nd_range": {"device_start": 1585578051.327412, "device_end": 1585578051.3274164}, "cmdq": 0, "read": {"device_start": -1, "device_end": -1}}, "coalesced_transpose48": {"write": {"device_start": -1, "host_queued_start": 1585578116.489168, "device_queued": -1, "device_end": -1, "host_queued_end": 1585578116.499087}, "device": "gpu", "nd_range": {"device_start": 1585578051.3273995, "device_end": 1585578051.327405}, "cmdq": 0, "read": {"device_start": -1, "device_end": -1}}}