{"FFC_sans_bias60": {"write": {"device_start": -1, "host_queued_start": 1585578740.741053, "device_queued": -1, "device_end": -1, "host_queued_end": 1585578740.748125}, "device": "cpu", "nd_range": {"device_start": 2246515.083729818, "device_end": 2246515.0989732724}, "cmdq": 0, "read": {"device_start": -1, "device_end": -1}}, "FFC_sans_bias4": {"write": {"device_start": -1, "host_queued_start": 1585578740.734405, "device_queued": -1, "device_end": -1, "host_queued_end": 1585578740.748125}, "device": "cpu", "nd_range": {"device_start": 2246515.0349859963, "device_end": 2246515.053122704}, "cmdq": 0, "read": {"device_start": -1, "device_end": -1}}, "FFC_sans_bias7": {"write": {"device_start": -1, "host_queued_start": 1585578740.742105, "device_queued": -1, "device_end": -1, "host_queued_end": 1585578740.748125}, "device": "cpu", "nd_range": {"device_start": 2246515.08016014, "device_end": 2246515.088798449}, "cmdq": 1, "read": {"device_start": -1, "device_end": -1}}, "FFC_sans_bias6": {"write": {"device_start": -1, "host_queued_start": 1585578740.738965, "device_queued": -1, "device_end": -1, "host_queued_end": 1585578740.748125}, "device": "cpu", "nd_range": {"device_start": 2246515.054024678, "device_end": 2246515.062615722}, "cmdq": 4, "read": {"device_start": -1, "device_end": -1}}, "FFC_sans_bias1": {"write": {"device_start": -1, "host_queued_start": 1585578740.711616, "device_queued": -1, "device_end": -1, "host_queued_end": 1585578740.748125}, "device": "cpu", "nd_range": {"device_start": 2246514.953254633, "device_end": 2246514.96837831}, "cmdq": 3, "read": {"device_start": -1, "device_end": -1}}, "FFC_sans_bias0": {"write": {"device_start": -1, "host_queued_start": 1585578740.710541, "device_queued": -1, "device_end": -1, "host_queued_end": 1585578740.748125}, "device": "cpu", "nd_range": {"device_start": 2246514.937844186, "device_end": 2246514.953832957}, "cmdq": 2, "read": {"device_start": -1, "device_end": -1}}, "FFC_sans_bias2": {"write": {"device_start": -1, "host_queued_start": 1585578740.712674, "device_queued": -1, "device_end": -1, "host_queued_end": 1585578740.748125}, "device": "cpu", "nd_range": {"device_start": 2246514.938539532, "device_end": 2246514.953740402}, "cmdq": 4, "read": {"device_start": -1, "device_end": -1}}, "FFC_sans_bias61": {"write": {"device_start": -1, "host_queued_start": 1585578740.74808, "device_queued": -1, "device_end": -1, "host_queued_end": 1585578740.748125}, "device": "cpu", "nd_range": {"device_start": 2246515.104060668, "device_end": 2246515.1178907594}, "cmdq": 2, "read": {"device_start": -1, "device_end": -1}}, "FFC_sans_bias52": {"write": {"device_start": -1, "host_queued_start": 1585578740.747084, "device_queued": -1, "device_end": -1, "host_queued_end": 1585578740.748125}, "device": "cpu", "nd_range": {"device_start": 2246515.100891395, "device_end": 2246515.1160506243}, "cmdq": 1, "read": {"device_start": -1, "device_end": -1}}, "FFC_sans_bias9": {"write": {"device_start": -1, "host_queued_start": 1585578740.713762, "device_queued": -1, "device_end": -1, "host_queued_end": 1585578740.748125}, "device": "cpu", "nd_range": {"device_start": 2246514.9377761413, "device_end": 2246514.9532875}, "cmdq": 0, "read": {"device_start": -1, "device_end": -1}}, "coalesced_transpose39": {"write": {"device_start": -1, "host_queued_start": 1585578740.7334, "device_queued": -1, "device_end": -1, "host_queued_end": 1585578740.748125}, "device": "cpu", "nd_range": {"device_start": 2246515.017747155, "device_end": 2246515.017999034}, "cmdq": 2, "read": {"device_start": -1, "device_end": -1}}, "FFC_sans_bias55": {"write": {"device_start": -1, "host_queued_start": 1585578740.731718, "device_queued": -1, "device_end": -1, "host_queued_end": 1585578740.748125}, "device": "cpu", "nd_range": {"device_start": 2246515.002260851, "device_end": 2246515.017622352}, "cmdq": 2, "read": {"device_start": -1, "device_end": -1}}, "FFC_sans_bias54": {"write": {"device_start": -1, "host_queued_start": 1585578740.730673, "device_queued": -1, "device_end": -1, "host_queued_end": 1585578740.748125}, "device": "cpu", "nd_range": {"device_start": 2246515.024929358, "device_end": 2246515.034997481}, "cmdq": 1, "read": {"device_start": -1, "device_end": -1}}, "FFC_sans_bias56": {"write": {"device_start": -1, "host_queued_start": 1585578740.729617, "device_queued": -1, "device_end": -1, "host_queued_end": 1585578740.748125}, "device": "cpu", "nd_range": {"device_start": 2246515.017710077, "device_end": 2246515.0339613263}, "cmdq": 0, "read": {"device_start": -1, "device_end": -1}}, "FFC_sans_bias51": {"write": {"device_start": -1, "host_queued_start": 1585578740.740706, "device_queued": -1, "device_end": -1, "host_queued_end": 1585578740.748125}, "device": "cpu", "nd_range": {"device_start": 2246515.088802291, "device_end": 2246515.100295715}, "cmdq": 4, "read": {"device_start": -1, "device_end": -1}}, "softmax23": {"write": {"device_start": -1, "host_queued_start": 1585578740.737449, "device_queued": -1, "device_end": -1, "host_queued_end": 1585578740.748125}, "device": "cpu", "nd_range": {"device_start": 2246515.046587853, "device_end": 2246515.0468033343}, "cmdq": 4, "read": {"device_start": -1, "device_end": -1}}, "FFC_sans_bias37": {"write": {"device_start": -1, "host_queued_start": 1585578740.724361, "device_queued": -1, "device_end": -1, "host_queued_end": 1585578740.748125}, "device": "cpu", "nd_range": {"device_start": 2246514.987225255, "device_end": 2246515.011179673}, "cmdq": 0, "read": {"device_start": -1, "device_end": -1}}, "empty62": {"write": {"device_start": -1, "host_queued_start": 1585578740.709588, "device_queued": -1, "device_end": -1, "host_queued_end": 1585578740.748125}, "device": "cpu", "nd_range": {"device_start": 2246514.937767915, "device_end": 2246514.9377688733}, "cmdq": 1, "read": {"device_start": -1, "device_end": -1}}, "FFC_sans_bias70": {"write": {"device_start": 1585578675.5140483, "host_queued_start": 1585578740.702728, "device_queued": 1585578675.5106242, "device_end": 1585578675.5140784, "host_queued_end": 1585578740.702841}, "device": "gpu", "nd_range": {"device_start": 1585578675.5140827, "device_end": 1585578675.5146797}, "cmdq": 0, "read": {"device_start": 1585578675.5146883, "device_end": 1585578675.5147116}}, "FFC_sans_bias58": {"write": {"device_start": -1, "host_queued_start": 1585578740.736595, "device_queued": -1, "device_end": -1, "host_queued_end": 1585578740.748125}, "device": "cpu", "nd_range": {"device_start": 2246515.0508022592, "device_end": 2246515.0646825153}, "cmdq": 1, "read": {"device_start": -1, "device_end": -1}}, "softmax41": {"write": {"device_start": -1, "host_queued_start": 1585578740.738035, "device_queued": -1, "device_end": -1, "host_queued_end": 1585578740.748125}, "device": "cpu", "nd_range": {"device_start": 2246515.064693776, "device_end": 2246515.064907452}, "cmdq": 1, "read": {"device_start": -1, "device_end": -1}}, "FFC_sans_bias11": {"write": {"device_start": -1, "host_queued_start": 1585578740.715888, "device_queued": -1, "device_end": -1, "host_queued_end": 1585578740.748125}, "device": "cpu", "nd_range": {"device_start": 2246514.953963924, "device_end": 2246514.969849484}, "cmdq": 2, "read": {"device_start": -1, "device_end": -1}}, "FFC_sans_bias10": {"write": {"device_start": -1, "host_queued_start": 1585578740.714834, "device_queued": -1, "device_end": -1, "host_queued_end": 1585578740.748125}, "device": "cpu", "nd_range": {"device_start": 2246514.9377751993, "device_end": 2246514.9529975383}, "cmdq": 1, "read": {"device_start": -1, "device_end": -1}}, "coalesced_transpose3": {"write": {"device_start": -1, "host_queued_start": 1585578740.732055, "device_queued": -1, "device_end": -1, "host_queued_end": 1585578740.748125}, "device": "cpu", "nd_range": {"device_start": 2246515.014677687, "device_end": 2246515.014925672}, "cmdq": 3, "read": {"device_start": -1, "device_end": -1}}, "FFC_sans_bias34": {"write": {"device_start": -1, "host_queued_start": 1585578740.745093, "device_queued": -1, "device_end": -1, "host_queued_end": 1585578740.748125}, "device": "cpu", "nd_range": {"device_start": 2246515.100305783, "device_end": 2246515.1138179502}, "cmdq": 4, "read": {"device_start": -1, "device_end": -1}}, "FFC_sans_bias15": {"write": {"device_start": -1, "host_queued_start": 1585578740.739326, "device_queued": -1, "device_end": -1, "host_queued_end": 1585578740.748125}, "device": "cpu", "nd_range": {"device_start": 2246515.068507497, "device_end": 2246515.0837221583}, "cmdq": 0, "read": {"device_start": -1, "device_end": -1}}, "FFC_sans_bias31": {"write": {"device_start": -1, "host_queued_start": 1585578740.735548, "device_queued": -1, "device_end": -1, "host_queued_end": 1585578740.748125}, "device": "cpu", "nd_range": {"device_start": 2246515.042655237, "device_end": 2246515.053704291}, "cmdq": 3, "read": {"device_start": -1, "device_end": -1}}, "FFC_sans_bias16": {"write": {"device_start": -1, "host_queued_start": 1585578740.743105, "device_queued": -1, "device_end": -1, "host_queued_end": 1585578740.748125}, "device": "cpu", "nd_range": {"device_start": 2246515.09064325, "device_end": 2246515.104054614}, "cmdq": 2, "read": {"device_start": -1, "device_end": -1}}, "FFC_sans_bias19": {"write": {"device_start": -1, "host_queued_start": 1585578740.718022, "device_queued": -1, "device_end": -1, "host_queued_end": 1585578740.748125}, "device": "cpu", "nd_range": {"device_start": 2246514.953862145, "device_end": 2246514.969114289}, "cmdq": 4, "read": {"device_start": -1, "device_end": -1}}, "FFC_sans_bias18": {"write": {"device_start": -1, "host_queued_start": 1585578740.71696, "device_queued": -1, "device_end": -1, "host_queued_end": 1585578740.748125}, "device": "cpu", "nd_range": {"device_start": 2246514.96851347, "device_end": 2246514.98369885}, "cmdq": 3, "read": {"device_start": -1, "device_end": -1}}, "coalesced_transpose30": {"write": {"device_start": -1, "host_queued_start": 1585578740.733066, "device_queued": -1, "device_end": -1, "host_queued_end": 1585578740.748125}, "device": "cpu", "nd_range": {"device_start": 2246515.03512204, "device_end": 2246515.035372768}, "cmdq": 1, "read": {"device_start": -1, "device_end": -1}}, "FFC_sans_bias69": {"write": {"device_start": -1, "host_queued_start": 1585578740.701697, "device_queued": -1, "device_end": -1, "host_queued_end": 1585578740.702841}, "device": "gpu", "nd_range": {"device_start": 1585578675.5133228, "device_end": 1585578675.513923}, "cmdq": 0, "read": {"device_start": -1, "device_end": -1}}, "FFC_sans_bias38": {"write": {"device_start": -1, "host_queued_start": 1585578740.725416, "device_queued": -1, "device_end": -1, "host_queued_end": 1585578740.748125}, "device": "cpu", "nd_range": {"device_start": 2246515.015509805, "device_end": 2246515.024811013}, "cmdq": 1, "read": {"device_start": -1, "device_end": -1}}, "coalesced_transpose57": {"write": {"device_start": -1, "host_queued_start": 1585578740.734059, "device_queued": -1, "device_end": -1, "host_queued_end": 1585578740.748125}, "device": "cpu", "nd_range": {"device_start": 2246515.020631176, "device_end": 2246515.0208657533}, "cmdq": 4, "read": {"device_start": -1, "device_end": -1}}, "empty26": {"write": {"device_start": -1, "host_queued_start": 1585578740.706151, "device_queued": -1, "device_end": -1, "host_queued_end": 1585578740.748125}, "device": "cpu", "nd_range": {"device_start": 2246514.9377887463, "device_end": 2246514.937794743}, "cmdq": 2, "read": {"device_start": -1, "device_end": -1}}, "coalesced_transpose12": {"write": {"device_start": -1, "host_queued_start": 1585578740.732392, "device_queued": -1, "device_end": -1, "host_queued_end": 1585578740.748125}, "device": "cpu", "nd_range": {"device_start": 2246514.999885356, "device_end": 2246515.000135836}, "cmdq": 4, "read": {"device_start": -1, "device_end": -1}}, "empty44": {"write": {"device_start": -1, "host_queued_start": 1585578740.707902, "device_queued": -1, "device_end": -1, "host_queued_end": 1585578740.748125}, "device": "cpu", "nd_range": {"device_start": 2246514.9384337054, "device_end": 2246514.938437905}, "cmdq": 4, "read": {"device_start": -1, "device_end": -1}}, "coalesced_transpose21": {"write": {"device_start": -1, "host_queued_start": 1585578740.73273, "device_queued": -1, "device_end": -1, "host_queued_end": 1585578740.748125}, "device": "cpu", "nd_range": {"device_start": 2246515.034080681, "device_end": 2246515.03446523}, "cmdq": 0, "read": {"device_start": -1, "device_end": -1}}, "FFC_sans_bias36": {"write": {"device_start": -1, "host_queued_start": 1585578740.723317, "device_queued": -1, "device_end": -1, "host_queued_end": 1585578740.748125}, "device": "cpu", "nd_range": {"device_start": 2246514.969235289, "device_end": 2246514.984468725}, "cmdq": 4, "read": {"device_start": -1, "device_end": -1}}, "softmax14": {"write": {"device_start": -1, "host_queued_start": 1585578740.737169, "device_queued": -1, "device_end": -1, "host_queued_end": 1585578740.748125}, "device": "cpu", "nd_range": {"device_start": 2246515.053839676, "device_end": 2246515.054069341}, "cmdq": 3, "read": {"device_start": -1, "device_end": -1}}, "FFC_sans_bias13": {"write": {"device_start": -1, "host_queued_start": 1585578740.734846, "device_queued": -1, "device_end": -1, "host_queued_end": 1585578740.748125}, "device": "cpu", "nd_range": {"device_start": 2246515.035484103, "device_end": 2246515.050687902}, "cmdq": 1, "read": {"device_start": -1, "device_end": -1}}, "empty8": {"write": {"device_start": -1, "host_queued_start": 1585578740.704087, "device_queued": -1, "device_end": -1, "host_queued_end": 1585578740.748125}, "device": "cpu", "nd_range": {"device_start": 2246514.937733915, "device_end": 2246514.937744954}, "cmdq": 0, "read": {"device_start": -1, "device_end": -1}}, "FFC_sans_bias42": {"write": {"device_start": -1, "host_queued_start": 1585578740.740364, "device_queued": -1, "device_end": -1, "host_queued_end": 1585578740.748125}, "device": "cpu", "nd_range": {"device_start": 2246515.0662676333, "device_end": 2246515.103826833}, "cmdq": 3, "read": {"device_start": -1, "device_end": -1}}, "FFC_sans_bias43": {"write": {"device_start": -1, "host_queued_start": 1585578740.746083, "device_queued": -1, "device_end": -1, "host_queued_end": 1585578740.748125}, "device": "cpu", "nd_range": {"device_start": 2246515.113821654, "device_end": 2246515.1235322873}, "cmdq": 0, "read": {"device_start": -1, "device_end": -1}}, "FFC_sans_bias40": {"write": {"device_start": -1, "host_queued_start": 1585578740.73589, "device_queued": -1, "device_end": -1, "host_queued_end": 1585578740.748125}, "device": "cpu", "nd_range": {"device_start": 2246515.020979382, "device_end": 2246515.032232955}, "cmdq": 4, "read": {"device_start": -1, "device_end": -1}}, "softmax32": {"write": {"device_start": -1, "host_queued_start": 1585578740.737735, "device_queued": -1, "device_end": -1, "host_queued_end": 1585578740.748125}, "device": "cpu", "nd_range": {"device_start": 2246515.0682872613, "device_end": 2246515.0685020573}, "cmdq": 0, "read": {"device_start": -1, "device_end": -1}}, "FFC_sans_bias47": {"write": {"device_start": -1, "host_queued_start": 1585578740.728572, "device_queued": -1, "device_end": -1, "host_queued_end": 1585578740.748125}, "device": "cpu", "nd_range": {"device_start": 2246514.984583404, "device_end": 2246514.999766719}, "cmdq": 4, "read": {"device_start": -1, "device_end": -1}}, "FFC_sans_bias45": {"write": {"device_start": -1, "host_queued_start": 1585578740.726467, "device_queued": -1, "device_end": -1, "host_queued_end": 1585578740.748125}, "device": "cpu", "nd_range": {"device_start": 2246514.985343908, "device_end": 2246515.002133246}, "cmdq": 2, "read": {"device_start": -1, "device_end": -1}}, "softmax50": {"write": {"device_start": -1, "host_queued_start": 1585578740.738318, "device_queued": -1, "device_end": -1, "host_queued_end": 1585578740.748125}, "device": "cpu", "nd_range": {"device_start": 2246515.071841707, "device_end": 2246515.072056338}, "cmdq": 2, "read": {"device_start": -1, "device_end": -1}}, "FFC_sans_bias33": {"write": {"device_start": -1, "host_queued_start": 1585578740.74002, "device_queued": -1, "device_end": -1, "host_queued_end": 1585578740.748125}, "device": "cpu", "nd_range": {"device_start": 2246515.072172331, "device_end": 2246515.09052129}, "cmdq": 2, "read": {"device_start": -1, "device_end": -1}}, "FFC_sans_bias63": {"write": {"device_start": 1585578675.5118527, "host_queued_start": 1585578740.700493, "device_queued": 1585578675.5104241, "device_end": 1585578675.511883, "host_queued_end": 1585578740.702841}, "device": "gpu", "nd_range": {"device_start": 1585578675.5118916, "device_end": 1585578675.5125058}, "cmdq": 0, "read": {"device_start": -1, "device_end": -1}}, "FFC_sans_bias49": {"write": {"device_start": -1, "host_queued_start": 1585578740.736234, "device_queued": -1, "device_end": -1, "host_queued_end": 1585578740.748125}, "device": "cpu", "nd_range": {"device_start": 2246515.05313328, "device_end": 2246515.068278282}, "cmdq": 0, "read": {"device_start": -1, "device_end": -1}}, "FFC_sans_bias64": {"write": {"device_start": 1585578675.5103538, "host_queued_start": 1585578740.69842, "device_queued": 1585578675.5101917, "device_end": 1585578675.5103834, "host_queued_end": 1585578740.702841}, "device": "gpu", "nd_range": {"device_start": 1585578675.510386, "device_end": 1585578675.5109816}, "cmdq": 0, "read": {"device_start": -1, "device_end": -1}}, "FFC_sans_bias65": {"write": {"device_start": 1585578675.5110848, "host_queued_start": 1585578740.699455, "device_queued": 1585578675.510246, "device_end": 1585578675.5111148, "host_queued_end": 1585578740.702841}, "device": "gpu", "nd_range": {"device_start": 1585578675.5111237, "device_end": 1585578675.5117252}, "cmdq": 0, "read": {"device_start": -1, "device_end": -1}}, "FFC_sans_bias67": {"write": {"device_start": -1, "host_queued_start": 1585578740.701133, "device_queued": -1, "device_end": -1, "host_queued_end": 1585578740.702841}, "device": "gpu", "nd_range": {"device_start": 1585578675.5125155, "device_end": 1585578675.513119}, "cmdq": 0, "read": {"device_start": -1, "device_end": -1}}, "FFC_sans_bias24": {"write": {"device_start": -1, "host_queued_start": 1585578740.739676, "device_queued": -1, "device_end": -1, "host_queued_end": 1585578740.748125}, "device": "cpu", "nd_range": {"device_start": 2246515.064914178, "device_end": 2246515.080151178}, "cmdq": 1, "read": {"device_start": -1, "device_end": -1}}, "FFC_sans_bias25": {"write": {"device_start": -1, "host_queued_start": 1585578740.744102, "device_queued": -1, "device_end": -1, "host_queued_end": 1585578740.748125}, "device": "cpu", "nd_range": {"device_start": 2246515.103838197, "device_end": 2246515.123527552}, "cmdq": 3, "read": {"device_start": -1, "device_end": -1}}, "FFC_sans_bias27": {"write": {"device_start": -1, "host_queued_start": 1585578740.720151, "device_queued": -1, "device_end": -1, "host_queued_end": 1585578740.748125}, "device": "cpu", "nd_range": {"device_start": 2246515.000253262, "device_end": 2246515.015394513}, "cmdq": 1, "read": {"device_start": -1, "device_end": -1}}, "FFC_sans_bias20": {"write": {"device_start": -1, "host_queued_start": 1585578740.719102, "device_queued": -1, "device_end": -1, "host_queued_end": 1585578740.748125}, "device": "cpu", "nd_range": {"device_start": 2246514.956749258, "device_end": 2246514.9791817353}, "cmdq": 0, "read": {"device_start": -1, "device_end": -1}}, "FFC_sans_bias22": {"write": {"device_start": -1, "host_queued_start": 1585578740.735199, "device_queued": -1, "device_end": -1, "host_queued_end": 1585578740.748125}, "device": "cpu", "nd_range": {"device_start": 2246515.035018573, "device_end": 2246515.043599137}, "cmdq": 2, "read": {"device_start": -1, "device_end": -1}}, "softmax68": {"write": {"device_start": -1, "host_queued_start": 1585578740.701387, "device_queued": -1, "device_end": -1, "host_queued_end": 1585578740.702841}, "device": "gpu", "nd_range": {"device_start": 1585578675.5131204, "device_end": 1585578675.5133216}, "cmdq": 0, "read": {"device_start": -1, "device_end": -1}}, "softmax5": {"write": {"device_start": -1, "host_queued_start": 1585578740.736884, "device_queued": -1, "device_end": -1, "host_queued_end": 1585578740.748125}, "device": "cpu", "nd_range": {"device_start": 2246515.053683624, "device_end": 2246515.053903114}, "cmdq": 2, "read": {"device_start": -1, "device_end": -1}}, "FFC_sans_bias28": {"write": {"device_start": -1, "host_queued_start": 1585578740.721205, "device_queued": -1, "device_end": -1, "host_queued_end": 1585578740.748125}, "device": "cpu", "nd_range": {"device_start": 2246514.969974641, "device_end": 2246514.985226461}, "cmdq": 2, "read": {"device_start": -1, "device_end": -1}}, "FFC_sans_bias29": {"write": {"device_start": -1, "host_queued_start": 1585578740.722254, "device_queued": -1, "device_end": -1, "host_queued_end": 1585578740.748125}, "device": "cpu", "nd_range": {"device_start": 2246514.9838167094, "device_end": 2246514.999091721}, "cmdq": 3, "read": {"device_start": -1, "device_end": -1}}, "empty17": {"write": {"device_start": -1, "host_queued_start": 1585578740.705307, "device_queued": -1, "device_end": -1, "host_queued_end": 1585578740.748125}, "device": "cpu", "nd_range": {"device_start": 2246514.9377339683, "device_end": 2246514.937744922}, "cmdq": 1, "read": {"device_start": -1, "device_end": -1}}, "softmax59": {"write": {"device_start": -1, "host_queued_start": 1585578740.738607, "device_queued": -1, "device_end": -1, "host_queued_end": 1585578740.748125}, "device": "cpu", "nd_range": {"device_start": 2246515.066051138, "device_end": 2246515.0662584873}, "cmdq": 3, "read": {"device_start": -1, "device_end": -1}}, "empty71": {"write": {"device_start": 1585578675.5101955, "host_queued_start": 1585578740.697153, "device_queued": 1585578675.5100672, "device_end": 1585578675.5102215, "host_queued_end": 1585578740.702841}, "device": "gpu", "nd_range": {"device_start": 1585578675.5102265, "device_end": 1585578675.5102313}, "cmdq": 0, "read": {"device_start": -1, "device_end": -1}}, "empty35": {"write": {"device_start": -1, "host_queued_start": 1585578740.707023, "device_queued": -1, "device_end": -1, "host_queued_end": 1585578740.748125}, "device": "cpu", "nd_range": {"device_start": 2246514.9531383743, "device_end": 2246514.9531414383}, "cmdq": 3, "read": {"device_start": -1, "device_end": -1}}, "empty53": {"write": {"device_start": -1, "host_queued_start": 1585578740.708777, "device_queued": -1, "device_end": -1, "host_queued_end": 1585578740.748125}, "device": "cpu", "nd_range": {"device_start": 2246514.937768483, "device_end": 2246514.9377693823}, "cmdq": 0, "read": {"device_start": -1, "device_end": -1}}, "FFC_sans_bias46": {"write": {"device_start": -1, "host_queued_start": 1585578740.727516, "device_queued": -1, "device_end": -1, "host_queued_end": 1585578740.748125}, "device": "cpu", "nd_range": {"device_start": 2246514.999222392, "device_end": 2246515.014554175}, "cmdq": 3, "read": {"device_start": -1, "device_end": -1}}, "coalesced_transpose66": {"write": {"device_start": -1, "host_queued_start": 1585578740.700813, "device_queued": -1, "device_end": -1, "host_queued_end": 1585578740.702841}, "device": "gpu", "nd_range": {"device_start": 1585578675.5125067, "device_end": 1585578675.512514}, "cmdq": 0, "read": {"device_start": -1, "device_end": -1}}, "coalesced_transpose48": {"write": {"device_start": -1, "host_queued_start": 1585578740.733729, "device_queued": -1, "device_end": -1, "host_queued_end": 1585578740.748125}, "device": "cpu", "nd_range": {"device_start": 2246515.0150329, "device_end": 2246515.01526327}, "cmdq": 3, "read": {"device_start": -1, "device_end": -1}}}