{"FFC_sans_bias60": {"write": {"device_start": -1, "host_queued_start": 1585579125.201564, "device_queued": -1, "device_end": -1, "host_queued_end": 1585579125.210358}, "device": "gpu", "nd_range": {"device_start": 1585579060.0258381, "device_end": 1585579060.027735}, "cmdq": 2, "read": {"device_start": -1, "device_end": -1}}, "FFC_sans_bias4": {"write": {"device_start": -1, "host_queued_start": 1585579125.195056, "device_queued": -1, "device_end": -1, "host_queued_end": 1585579125.210358}, "device": "gpu", "nd_range": {"device_start": 1585579060.0200803, "device_end": 1585579060.0206912}, "cmdq": 0, "read": {"device_start": -1, "device_end": -1}}, "FFC_sans_bias7": {"write": {"device_start": 1585579060.0273964, "host_queued_start": 1585579125.202908, "device_queued": 1585579060.0127423, "device_end": 1585579060.0274272, "host_queued_end": 1585579125.210358}, "device": "gpu", "nd_range": {"device_start": 1585579060.027447, "device_end": 1585579060.0292368}, "cmdq": 4, "read": {"device_start": 1585579060.0292401, "device_end": 1585579060.029264}}, "FFC_sans_bias6": {"write": {"device_start": -1, "host_queued_start": 1585579125.199679, "device_queued": -1, "device_end": -1, "host_queued_end": 1585579125.210358}, "device": "gpu", "nd_range": {"device_start": 1585579060.0242662, "device_end": 1585579060.02487}, "cmdq": 1, "read": {"device_start": -1, "device_end": -1}}, "FFC_sans_bias1": {"write": {"device_start": 1585579060.0084932, "host_queued_start": 1585579125.169254, "device_queued": 1585579060.0083332, "device_end": 1585579060.0085232, "host_queued_end": 1585579125.210358}, "device": "gpu", "nd_range": {"device_start": 1585579060.0085258, "device_end": 1585579060.009477}, "cmdq": 4, "read": {"device_start": -1, "device_end": -1}}, "FFC_sans_bias0": {"write": {"device_start": 1585579060.008402, "host_queued_start": 1585579125.168214, "device_queued": 1585579060.0083075, "device_end": 1585579060.008461, "host_queued_end": 1585579125.210358}, "device": "gpu", "nd_range": {"device_start": 1585579060.0084658, "device_end": 1585579060.0090702}, "cmdq": 3, "read": {"device_start": -1, "device_end": -1}}, "FFC_sans_bias2": {"write": {"device_start": 1585579060.008677, "host_queued_start": 1585579125.170299, "device_queued": 1585579060.0085828, "device_end": 1585579060.0087292, "host_queued_end": 1585579125.210358}, "device": "gpu", "nd_range": {"device_start": 1585579060.0087347, "device_end": 1585579060.010039}, "cmdq": 0, "read": {"device_start": -1, "device_end": -1}}, "FFC_sans_bias61": {"write": {"device_start": 1585579060.0284445, "host_queued_start": 1585579125.209219, "device_queued": 1585579060.013715, "device_end": 1585579060.0284755, "host_queued_end": 1585579125.210358}, "device": "gpu", "nd_range": {"device_start": 1585579060.0284948, "device_end": 1585579060.0306435}, "cmdq": 0, "read": {"device_start": 1585579060.0317402, "device_end": 1585579060.0317693}}, "FFC_sans_bias52": {"write": {"device_start": 1585579060.0294318, "host_queued_start": 1585579125.208157, "device_queued": 1585579060.013408, "device_end": 1585579060.029462, "host_queued_end": 1585579125.210358}, "device": "gpu", "nd_range": {"device_start": 1585579060.0294714, "device_end": 1585579060.0316038}, "cmdq": 4, "read": {"device_start": 1585579060.0316076, "device_end": 1585579060.03163}}, "FFC_sans_bias9": {"write": {"device_start": 1585579060.0087721, "host_queued_start": 1585579125.171521, "device_queued": 1585579060.0086358, "device_end": 1585579060.0088255, "host_queued_end": 1585579125.210358}, "device": "gpu", "nd_range": {"device_start": 1585579060.00894, "device_end": 1585579060.010478}, "cmdq": 1, "read": {"device_start": -1, "device_end": -1}}, "coalesced_transpose39": {"write": {"device_start": -1, "host_queued_start": 1585579125.193837, "device_queued": -1, "device_end": -1, "host_queued_end": 1585579125.210358}, "device": "gpu", "nd_range": {"device_start": 1585579060.0201602, "device_end": 1585579060.021015}, "cmdq": 1, "read": {"device_start": -1, "device_end": -1}}, "FFC_sans_bias55": {"write": {"device_start": 1585579060.0163753, "host_queued_start": 1585579125.189152, "device_queued": 1585579060.010397, "device_end": 1585579060.0164073, "host_queued_end": 1585579125.210358}, "device": "gpu", "nd_range": {"device_start": 1585579060.0164227, "device_end": 1585579060.0187263}, "cmdq": 3, "read": {"device_start": -1, "device_end": -1}}, "FFC_sans_bias54": {"write": {"device_start": 1585579060.015951, "host_queued_start": 1585579125.188128, "device_queued": 1585579060.0103707, "device_end": 1585579060.0159829, "host_queued_end": 1585579125.210358}, "device": "gpu", "nd_range": {"device_start": 1585579060.0159996, "device_end": 1585579060.0182323}, "cmdq": 2, "read": {"device_start": -1, "device_end": -1}}, "FFC_sans_bias56": {"write": {"device_start": 1585579060.0154536, "host_queued_start": 1585579125.187103, "device_queued": 1585579060.010341, "device_end": 1585579060.015485, "host_queued_end": 1585579125.210358}, "device": "gpu", "nd_range": {"device_start": 1585579060.0155008, "device_end": 1585579060.017758}, "cmdq": 1, "read": {"device_start": -1, "device_end": -1}}, "FFC_sans_bias51": {"write": {"device_start": -1, "host_queued_start": 1585579125.201254, "device_queued": -1, "device_end": -1, "host_queued_end": 1585579125.210358}, "device": "gpu", "nd_range": {"device_start": 1585579060.0248802, "device_end": 1585579060.0267706}, "cmdq": 1, "read": {"device_start": -1, "device_end": -1}}, "softmax23": {"write": {"device_start": -1, "host_queued_start": 1585579125.198055, "device_queued": -1, "device_end": -1, "host_queued_end": 1585579125.210358}, "device": "gpu", "nd_range": {"device_start": 1585579060.0220947, "device_end": 1585579060.0239587}, "cmdq": 0, "read": {"device_start": -1, "device_end": -1}}, "FFC_sans_bias37": {"write": {"device_start": 1585579060.0130022, "host_queued_start": 1585579125.181904, "device_queued": 1585579060.0097544, "device_end": 1585579060.013028, "host_queued_end": 1585579125.210358}, "device": "gpu", "nd_range": {"device_start": 1585579060.0130358, "device_end": 1585579060.0153563}, "cmdq": 1, "read": {"device_start": -1, "device_end": -1}}, "empty62": {"write": {"device_start": 1585579060.0081773, "host_queued_start": 1585579125.166367, "device_queued": 1585579060.0080364, "device_end": 1585579060.008237, "host_queued_end": 1585579125.210358}, "device": "gpu", "nd_range": {"device_start": 1585579060.0083609, "device_end": 1585579060.0083685}, "cmdq": 1, "read": {"device_start": -1, "device_end": -1}}, "FFC_sans_bias70": {"write": {"device_start": 1585579060.0303838, "host_queued_start": 1585579125.21025, "device_queued": 1585579060.0137773, "device_end": 1585579060.0304153, "host_queued_end": 1585579125.210358}, "device": "gpu", "nd_range": {"device_start": 1585579060.0304258, "device_end": 1585579060.0320473}, "cmdq": 1, "read": {"device_start": 1585579060.0320504, "device_end": 1585579060.0320723}}, "FFC_sans_bias58": {"write": {"device_start": -1, "host_queued_start": 1585579125.196994, "device_queued": -1, "device_end": -1, "host_queued_end": 1585579125.210358}, "device": "gpu", "nd_range": {"device_start": 1585579060.0226207, "device_end": 1585579060.024036}, "cmdq": 1, "read": {"device_start": -1, "device_end": -1}}, "softmax41": {"write": {"device_start": -1, "host_queued_start": 1585579125.198549, "device_queued": -1, "device_end": -1, "host_queued_end": 1585579125.210358}, "device": "gpu", "nd_range": {"device_start": 1585579060.0235987, "device_end": 1585579060.024326}, "cmdq": 2, "read": {"device_start": -1, "device_end": -1}}, "FFC_sans_bias11": {"write": {"device_start": 1585579060.0092084, "host_queued_start": 1585579125.173588, "device_queued": 1585579060.008864, "device_end": 1585579060.0092335, "host_queued_end": 1585579125.210358}, "device": "gpu", "nd_range": {"device_start": 1585579060.0092373, "device_end": 1585579060.011469}, "cmdq": 3, "read": {"device_start": -1, "device_end": -1}}, "FFC_sans_bias10": {"write": {"device_start": 1585579060.0088582, "host_queued_start": 1585579125.172551, "device_queued": 1585579060.0086553, "device_end": 1585579060.0088873, "host_queued_end": 1585579125.210358}, "device": "gpu", "nd_range": {"device_start": 1585579060.0089622, "device_end": 1585579060.0110025}, "cmdq": 2, "read": {"device_start": -1, "device_end": -1}}, "coalesced_transpose3": {"write": {"device_start": -1, "host_queued_start": 1585579125.192614, "device_queued": -1, "device_end": -1, "host_queued_end": 1585579125.210358}, "device": "gpu", "nd_range": {"device_start": 1585579060.0182343, "device_end": 1585579060.0200171}, "cmdq": 2, "read": {"device_start": -1, "device_end": -1}}, "FFC_sans_bias34": {"write": {"device_start": 1585579060.0278606, "host_queued_start": 1585579125.206032, "device_queued": 1585579060.0130544, "device_end": 1585579060.027892, "host_queued_end": 1585579125.210358}, "device": "gpu", "nd_range": {"device_start": 1585579060.0279138, "device_end": 1585579060.029657}, "cmdq": 2, "read": {"device_start": 1585579060.0296607, "device_end": 1585579060.0296836}}, "FFC_sans_bias15": {"write": {"device_start": -1, "host_queued_start": 1585579125.199999, "device_queued": -1, "device_end": -1, "host_queued_end": 1585579125.210358}, "device": "gpu", "nd_range": {"device_start": 1585579060.0243685, "device_end": 1585579060.025828}, "cmdq": 2, "read": {"device_start": -1, "device_end": -1}}, "FFC_sans_bias31": {"write": {"device_start": -1, "host_queued_start": 1585579125.196019, "device_queued": -1, "device_end": -1, "host_queued_end": 1585579125.210358}, "device": "gpu", "nd_range": {"device_start": 1585579060.0201783, "device_end": 1585579060.021662}, "cmdq": 3, "read": {"device_start": -1, "device_end": -1}}, "FFC_sans_bias16": {"write": {"device_start": 1585579060.0254076, "host_queued_start": 1585579125.203957, "device_queued": 1585579060.0129886, "device_end": 1585579060.025439, "host_queued_end": 1585579125.210358}, "device": "gpu", "nd_range": {"device_start": 1585579060.0258527, "device_end": 1585579060.028248}, "cmdq": 0, "read": {"device_start": 1585579060.0282516, "device_end": 1585579060.0282755}}, "FFC_sans_bias19": {"write": {"device_start": 1585579060.0101812, "host_queued_start": 1585579125.175675, "device_queued": 1585579060.0091052, "device_end": 1585579060.010213, "host_queued_end": 1585579125.210358}, "device": "gpu", "nd_range": {"device_start": 1585579060.010221, "device_end": 1585579060.0124543}, "cmdq": 0, "read": {"device_start": -1, "device_end": -1}}, "FFC_sans_bias18": {"write": {"device_start": 1585579060.0095935, "host_queued_start": 1585579125.174648, "device_queued": 1585579060.0089061, "device_end": 1585579060.0096242, "host_queued_end": 1585579125.210358}, "device": "gpu", "nd_range": {"device_start": 1585579060.0096276, "device_end": 1585579060.0119371}, "cmdq": 4, "read": {"device_start": -1, "device_end": -1}}, "coalesced_transpose30": {"write": {"device_start": -1, "host_queued_start": 1585579125.193533, "device_queued": -1, "device_end": -1, "host_queued_end": 1585579125.210358}, "device": "gpu", "nd_range": {"device_start": 1585579060.0196636, "device_end": 1585579060.0200665}, "cmdq": 0, "read": {"device_start": -1, "device_end": -1}}, "FFC_sans_bias69": {"write": {"device_start": -1, "host_queued_start": 1585579125.20188, "device_queued": -1, "device_end": -1, "host_queued_end": 1585579125.210358}, "device": "gpu", "nd_range": {"device_start": 1585579060.0262918, "device_end": 1585579060.0286994}, "cmdq": 3, "read": {"device_start": -1, "device_end": -1}}, "FFC_sans_bias38": {"write": {"device_start": 1585579060.0135252, "host_queued_start": 1585579125.182972, "device_queued": 1585579060.0097797, "device_end": 1585579060.013552, "host_queued_end": 1585579125.210358}, "device": "gpu", "nd_range": {"device_start": 1585579060.013567, "device_end": 1585579060.0158403}, "cmdq": 2, "read": {"device_start": -1, "device_end": -1}}, "coalesced_transpose57": {"write": {"device_start": -1, "host_queued_start": 1585579125.194438, "device_queued": -1, "device_end": -1, "host_queued_end": 1585579125.210358}, "device": "gpu", "nd_range": {"device_start": 1585579060.0200317, "device_end": 1585579060.020104}, "cmdq": 3, "read": {"device_start": -1, "device_end": -1}}, "empty26": {"write": {"device_start": 1585579060.007732, "host_queued_start": 1585579125.163026, "device_queued": 1585579060.0075564, "device_end": 1585579060.0078046, "host_queued_end": 1585579125.210358}, "device": "gpu", "nd_range": {"device_start": 1585579060.0079367, "device_end": 1585579060.0079415}, "cmdq": 2, "read": {"device_start": -1, "device_end": -1}}, "coalesced_transpose12": {"write": {"device_start": -1, "host_queued_start": 1585579125.192925, "device_queued": -1, "device_end": -1, "host_queued_end": 1585579125.210358}, "device": "gpu", "nd_range": {"device_start": 1585579060.0187278, "device_end": 1585579060.0200303}, "cmdq": 3, "read": {"device_start": -1, "device_end": -1}}, "empty44": {"write": {"device_start": 1585579060.0079808, "host_queued_start": 1585579125.16471, "device_queued": 1585579060.007878, "device_end": 1585579060.0080166, "host_queued_end": 1585579125.210358}, "device": "gpu", "nd_range": {"device_start": 1585579060.0080214, "device_end": 1585579060.0080276}, "cmdq": 4, "read": {"device_start": -1, "device_end": -1}}, "coalesced_transpose21": {"write": {"device_start": -1, "host_queued_start": 1585579125.19323, "device_queued": -1, "device_end": -1, "host_queued_end": 1585579125.210358}, "device": "gpu", "nd_range": {"device_start": 1585579060.0191977, "device_end": 1585579060.0200467}, "cmdq": 4, "read": {"device_start": -1, "device_end": -1}}, "FFC_sans_bias36": {"write": {"device_start": 1585579060.0125554, "host_queued_start": 1585579125.180876, "device_queued": 1585579060.0096934, "device_end": 1585579060.0125816, "host_queued_end": 1585579125.210358}, "device": "gpu", "nd_range": {"device_start": 1585579060.012589, "device_end": 1585579060.0148537}, "cmdq": 0, "read": {"device_start": -1, "device_end": -1}}, "softmax14": {"write": {"device_start": -1, "host_queued_start": 1585579125.197803, "device_queued": -1, "device_end": -1, "host_queued_end": 1585579125.210358}, "device": "gpu", "nd_range": {"device_start": 1585579060.023101, "device_end": 1585579060.0243323}, "cmdq": 4, "read": {"device_start": -1, "device_end": -1}}, "FFC_sans_bias13": {"write": {"device_start": -1, "host_queued_start": 1585579125.195369, "device_queued": -1, "device_end": -1, "host_queued_end": 1585579125.210358}, "device": "gpu", "nd_range": {"device_start": 1585579060.021029, "device_end": 1585579060.0226088}, "cmdq": 1, "read": {"device_start": -1, "device_end": -1}}, "empty8": {"write": {"device_start": 1585579060.007477, "host_queued_start": 1585579125.161111, "device_queued": 1585579060.0073564, "device_end": 1585579060.0075033, "host_queued_end": 1585579125.210358}, "device": "gpu", "nd_range": {"device_start": 1585579060.0075119, "device_end": 1585579060.0075166}, "cmdq": 0, "read": {"device_start": -1, "device_end": -1}}, "FFC_sans_bias42": {"write": {"device_start": -1, "host_queued_start": 1585579125.200945, "device_queued": -1, "device_end": -1, "host_queued_end": 1585579125.210358}, "device": "gpu", "nd_range": {"device_start": 1585579060.0243552, "device_end": 1585579060.025276}, "cmdq": 0, "read": {"device_start": -1, "device_end": -1}}, "FFC_sans_bias43": {"write": {"device_start": 1585579060.0288055, "host_queued_start": 1585579125.207098, "device_queued": 1585579060.0131764, "device_end": 1585579060.0288363, "host_queued_end": 1585579125.210358}, "device": "gpu", "nd_range": {"device_start": 1585579060.0288568, "device_end": 1585579060.0310907}, "cmdq": 3, "read": {"device_start": 1585579060.0310934, "device_end": 1585579060.0311174}}, "FFC_sans_bias40": {"write": {"device_start": -1, "host_queued_start": 1585579125.196342, "device_queued": -1, "device_end": -1, "host_queued_end": 1585579125.210358}, "device": "gpu", "nd_range": {"device_start": 1585579060.0210483, "device_end": 1585579060.0230885}, "cmdq": 4, "read": {"device_start": -1, "device_end": -1}}, "softmax32": {"write": {"device_start": -1, "host_queued_start": 1585579125.198299, "device_queued": -1, "device_end": -1, "host_queued_end": 1585579125.210358}, "device": "gpu", "nd_range": {"device_start": 1585579060.0240467, "device_end": 1585579060.0242553}, "cmdq": 1, "read": {"device_start": -1, "device_end": -1}}, "FFC_sans_bias47": {"write": {"device_start": 1585579060.0149474, "host_queued_start": 1585579125.186066, "device_queued": 1585579060.0101535, "device_end": 1585579060.0149732, "host_queued_end": 1585579125.210358}, "device": "gpu", "nd_range": {"device_start": 1585579060.0149815, "device_end": 1585579060.0172553}, "cmdq": 0, "read": {"device_start": -1, "device_end": -1}}, "FFC_sans_bias45": {"write": {"device_start": 1585579060.0139773, "host_queued_start": 1585579125.183997, "device_queued": 1585579060.0098898, "device_end": 1585579060.0140038, "host_queued_end": 1585579125.210358}, "device": "gpu", "nd_range": {"device_start": 1585579060.01402, "device_end": 1585579060.0162618}, "cmdq": 3, "read": {"device_start": -1, "device_end": -1}}, "softmax50": {"write": {"device_start": -1, "host_queued_start": 1585579125.198802, "device_queued": -1, "device_end": -1, "host_queued_end": 1585579125.210358}, "device": "gpu", "nd_range": {"device_start": 1585579060.0239868, "device_end": 1585579060.0241997}, "cmdq": 3, "read": {"device_start": -1, "device_end": -1}}, "FFC_sans_bias33": {"write": {"device_start": -1, "host_queued_start": 1585579125.20063, "device_queued": -1, "device_end": -1, "host_queued_end": 1585579125.210358}, "device": "gpu", "nd_range": {"device_start": 1585579060.0250523, "device_end": 1585579060.027269}, "cmdq": 4, "read": {"device_start": -1, "device_end": -1}}, "FFC_sans_bias63": {"write": {"device_start": 1585579060.0178847, "host_queued_start": 1585579125.192277, "device_queued": 1585579060.0108101, "device_end": 1585579060.017917, "host_queued_end": 1585579125.210358}, "device": "gpu", "nd_range": {"device_start": 1585579060.0179322, "device_end": 1585579060.0201585}, "cmdq": 1, "read": {"device_start": -1, "device_end": -1}}, "FFC_sans_bias49": {"write": {"device_start": -1, "host_queued_start": 1585579125.196666, "device_queued": -1, "device_end": -1, "host_queued_end": 1585579125.210358}, "device": "gpu", "nd_range": {"device_start": 1585579060.020703, "device_end": 1585579060.0220833}, "cmdq": 0, "read": {"device_start": -1, "device_end": -1}}, "FFC_sans_bias64": {"write": {"device_start": 1585579060.01693, "host_queued_start": 1585579125.190188, "device_queued": 1585579060.0104115, "device_end": 1585579060.0169616, "host_queued_end": 1585579125.210358}, "device": "gpu", "nd_range": {"device_start": 1585579060.0169778, "device_end": 1585579060.0191944}, "cmdq": 4, "read": {"device_start": -1, "device_end": -1}}, "FFC_sans_bias65": {"write": {"device_start": 1585579060.0173714, "host_queued_start": 1585579125.191235, "device_queued": 1585579060.010759, "device_end": 1585579060.017404, "host_queued_end": 1585579125.210358}, "device": "gpu", "nd_range": {"device_start": 1585579060.0174081, "device_end": 1585579060.0196574}, "cmdq": 0, "read": {"device_start": -1, "device_end": -1}}, "FFC_sans_bias67": {"write": {"device_start": -1, "host_queued_start": 1585579125.197302, "device_queued": -1, "device_end": -1, "host_queued_end": 1585579125.210358}, "device": "gpu", "nd_range": {"device_start": 1585579060.0211184, "device_end": 1585579060.0235872}, "cmdq": 2, "read": {"device_start": -1, "device_end": -1}}, "FFC_sans_bias24": {"write": {"device_start": -1, "host_queued_start": 1585579125.200314, "device_queued": -1, "device_end": -1, "host_queued_end": 1585579125.210358}, "device": "gpu", "nd_range": {"device_start": 1585579060.0243788, "device_end": 1585579060.0262814}, "cmdq": 3, "read": {"device_start": -1, "device_end": -1}}, "FFC_sans_bias25": {"write": {"device_start": 1585579060.0280135, "host_queued_start": 1585579125.204994, "device_queued": 1585579060.0132303, "device_end": 1585579060.028045, "host_queued_end": 1585579125.210358}, "device": "gpu", "nd_range": {"device_start": 1585579060.0280657, "device_end": 1585579060.030196}, "cmdq": 1, "read": {"device_start": 1585579060.0302017, "device_end": 1585579060.0302248}}, "FFC_sans_bias27": {"write": {"device_start": 1585579060.011105, "host_queued_start": 1585579125.177764, "device_queued": 1585579060.0093174, "device_end": 1585579060.01113, "host_queued_end": 1585579125.210358}, "device": "gpu", "nd_range": {"device_start": 1585579060.011137, "device_end": 1585579060.013431}, "cmdq": 2, "read": {"device_start": -1, "device_end": -1}}, "FFC_sans_bias20": {"write": {"device_start": 1585579060.0106416, "host_queued_start": 1585579125.176738, "device_queued": 1585579060.0092878, "device_end": 1585579060.0106666, "host_queued_end": 1585579125.210358}, "device": "gpu", "nd_range": {"device_start": 1585579060.0106726, "device_end": 1585579060.0128963}, "cmdq": 1, "read": {"device_start": -1, "device_end": -1}}, "FFC_sans_bias22": {"write": {"device_start": -1, "host_queued_start": 1585579125.195685, "device_queued": -1, "device_end": -1, "host_queued_end": 1585579125.210358}, "device": "gpu", "nd_range": {"device_start": 1585579060.0201006, "device_end": 1585579060.0211062}, "cmdq": 2, "read": {"device_start": -1, "device_end": -1}}, "softmax68": {"write": {"device_start": -1, "host_queued_start": 1585579125.199284, "device_queued": -1, "device_end": -1, "host_queued_end": 1585579125.210358}, "device": "gpu", "nd_range": {"device_start": 1585579060.0239701, "device_end": 1585579060.0241804}, "cmdq": 0, "read": {"device_start": -1, "device_end": -1}}, "softmax5": {"write": {"device_start": -1, "host_queued_start": 1585579125.197554, "device_queued": -1, "device_end": -1, "host_queued_end": 1585579125.210358}, "device": "gpu", "nd_range": {"device_start": 1585579060.0216746, "device_end": 1585579060.023976}, "cmdq": 3, "read": {"device_start": -1, "device_end": -1}}, "FFC_sans_bias28": {"write": {"device_start": 1585579060.01159, "host_queued_start": 1585579125.178818, "device_queued": 1585579060.0093334, "device_end": 1585579060.0116215, "host_queued_end": 1585579125.210358}, "device": "gpu", "nd_range": {"device_start": 1585579060.0116293, "device_end": 1585579060.0138726}, "cmdq": 3, "read": {"device_start": -1, "device_end": -1}}, "FFC_sans_bias29": {"write": {"device_start": 1585579060.0120382, "host_queued_start": 1585579125.179844, "device_queued": 1585579060.0093496, "device_end": 1585579060.0120652, "host_queued_end": 1585579125.210358}, "device": "gpu", "nd_range": {"device_start": 1585579060.0120716, "device_end": 1585579060.0144088}, "cmdq": 4, "read": {"device_start": -1, "device_end": -1}}, "empty17": {"write": {"device_start": 1585579060.007629, "host_queued_start": 1585579125.162153, "device_queued": 1585579060.0075305, "device_end": 1585579060.0076873, "host_queued_end": 1585579125.210358}, "device": "gpu", "nd_range": {"device_start": 1585579060.0079145, "device_end": 1585579060.0079243}, "cmdq": 1, "read": {"device_start": -1, "device_end": -1}}, "softmax59": {"write": {"device_start": -1, "host_queued_start": 1585579125.19904, "device_queued": -1, "device_end": -1, "host_queued_end": 1585579125.210358}, "device": "gpu", "nd_range": {"device_start": 1585579060.0243428, "device_end": 1585579060.0250416}, "cmdq": 4, "read": {"device_start": -1, "device_end": -1}}, "empty71": {"write": {"device_start": 1585579060.0082695, "host_queued_start": 1585579125.167228, "device_queued": 1585579060.0080554, "device_end": 1585579060.008298, "host_queued_end": 1585579125.210358}, "device": "gpu", "nd_range": {"device_start": 1585579060.0083795, "device_end": 1585579060.008385}, "cmdq": 2, "read": {"device_start": -1, "device_end": -1}}, "empty35": {"write": {"device_start": 1585579060.0078366, "host_queued_start": 1585579125.163868, "device_queued": 1585579060.0075774, "device_end": 1585579060.0078647, "host_queued_end": 1585579125.210358}, "device": "gpu", "nd_range": {"device_start": 1585579060.0079546, "device_end": 1585579060.0079594}, "cmdq": 3, "read": {"device_start": -1, "device_end": -1}}, "empty53": {"write": {"device_start": 1585579060.0080726, "host_queued_start": 1585579125.165553, "device_queued": 1585579060.0079827, "device_end": 1585579060.0081372, "host_queued_end": 1585579125.210358}, "device": "gpu", "nd_range": {"device_start": 1585579060.0081415, "device_end": 1585579060.008153}, "cmdq": 0, "read": {"device_start": -1, "device_end": -1}}, "FFC_sans_bias46": {"write": {"device_start": 1585579060.0145082, "host_queued_start": 1585579125.185029, "device_queued": 1585579060.0099103, "device_end": 1585579060.0145342, "host_queued_end": 1585579125.210358}, "device": "gpu", "nd_range": {"device_start": 1585579060.0145495, "device_end": 1585579060.0168025}, "cmdq": 4, "read": {"device_start": -1, "device_end": -1}}, "coalesced_transpose66": {"write": {"device_start": -1, "host_queued_start": 1585579125.194739, "device_queued": -1, "device_end": -1, "host_queued_end": 1585579125.210358}, "device": "gpu", "nd_range": {"device_start": 1585579060.0200477, "device_end": 1585579060.0201073}, "cmdq": 4, "read": {"device_start": -1, "device_end": -1}}, "coalesced_transpose48": {"write": {"device_start": -1, "host_queued_start": 1585579125.194137, "device_queued": -1, "device_end": -1, "host_queued_end": 1585579125.210358}, "device": "gpu", "nd_range": {"device_start": 1585579060.0200264, "device_end": 1585579060.020086}, "cmdq": 2, "read": {"device_start": -1, "device_end": -1}}}