{"FFC_sans_bias60": {"write": {"device_start": -1, "host_queued_start": 1585579189.523889, "device_queued": -1, "device_end": -1, "host_queued_end": 1585579189.527418}, "device": "gpu", "nd_range": {"device_start": 1585579124.329707, "device_end": 1585579124.3303244}, "cmdq": 2, "read": {"device_start": -1, "device_end": -1}}, "FFC_sans_bias4": {"write": {"device_start": -1, "host_queued_start": 1585579189.55061, "device_queued": -1, "device_end": -1, "host_queued_end": 1585579189.56019}, "device": "cpu", "nd_range": {"device_start": 2246963.813635082, "device_end": 2246963.825496531}, "cmdq": 1, "read": {"device_start": -1, "device_end": -1}}, "FFC_sans_bias7": {"write": {"device_start": -1, "host_queued_start": 1585579189.556196, "device_queued": -1, "device_end": -1, "host_queued_end": 1585579189.56019}, "device": "cpu", "nd_range": {"device_start": 2246963.859501868, "device_end": 2246963.867995766}, "cmdq": 1, "read": {"device_start": -1, "device_end": -1}}, "FFC_sans_bias6": {"write": {"device_start": -1, "host_queued_start": 1585579189.553775, "device_queued": -1, "device_end": -1, "host_queued_end": 1585579189.56019}, "device": "cpu", "nd_range": {"device_start": 2246963.8441016343, "device_end": 2246963.859352984}, "cmdq": 2, "read": {"device_start": -1, "device_end": -1}}, "FFC_sans_bias1": {"write": {"device_start": -1, "host_queued_start": 1585579189.534596, "device_queued": -1, "device_end": -1, "host_queued_end": 1585579189.56019}, "device": "cpu", "nd_range": {"device_start": 2246963.7498226333, "device_end": 2246963.76352549}, "cmdq": 0, "read": {"device_start": -1, "device_end": -1}}, "FFC_sans_bias0": {"write": {"device_start": -1, "host_queued_start": 1585579189.533543, "device_queued": -1, "device_end": -1, "host_queued_end": 1585579189.56019}, "device": "cpu", "nd_range": {"device_start": 2246963.7498623063, "device_end": 2246963.7620510464}, "cmdq": 2, "read": {"device_start": -1, "device_end": -1}}, "FFC_sans_bias2": {"write": {"device_start": -1, "host_queued_start": 1585579189.535768, "device_queued": -1, "device_end": -1, "host_queued_end": 1585579189.56019}, "device": "cpu", "nd_range": {"device_start": 2246963.749822108, "device_end": 2246963.7579437643}, "cmdq": 1, "read": {"device_start": -1, "device_end": -1}}, "FFC_sans_bias61": {"write": {"device_start": 1585579124.32943, "host_queued_start": 1585579189.526249, "device_queued": 1585579124.3246343, "device_end": 1585579124.3294609, "host_queued_end": 1585579189.527418}, "device": "gpu", "nd_range": {"device_start": 1585579124.3303316, "device_end": 1585579124.3313117}, "cmdq": 0, "read": {"device_start": 1585579124.3324108, "device_end": 1585579124.3324397}}, "FFC_sans_bias52": {"write": {"device_start": 1585579124.3297994, "host_queued_start": 1585579189.52521, "device_queued": 1585579124.3245778, "device_end": 1585579124.3298306, "host_queued_end": 1585579189.527418}, "device": "gpu", "nd_range": {"device_start": 1585579124.3309047, "device_end": 1585579124.3322823}, "cmdq": 4, "read": {"device_start": 1585579124.3322842, "device_end": 1585579124.3323107}}, "FFC_sans_bias9": {"write": {"device_start": -1, "host_queued_start": 1585579189.536811, "device_queued": -1, "device_end": -1, "host_queued_end": 1585579189.56019}, "device": "cpu", "nd_range": {"device_start": 2246963.762297566, "device_end": 2246963.773307741}, "cmdq": 2, "read": {"device_start": -1, "device_end": -1}}, "coalesced_transpose39": {"write": {"device_start": -1, "host_queued_start": 1585579189.550259, "device_queued": -1, "device_end": -1, "host_queued_end": 1585579189.56019}, "device": "cpu", "nd_range": {"device_start": 2246963.81562178, "device_end": 2246963.8158590663}, "cmdq": 0, "read": {"device_start": -1, "device_end": -1}}, "FFC_sans_bias55": {"write": {"device_start": 1585579124.3238597, "host_queued_start": 1585579189.517305, "device_queued": 1585579124.3233812, "device_end": 1585579124.3238895, "host_queued_end": 1585579189.527418}, "device": "gpu", "nd_range": {"device_start": 1585579124.3238966, "device_end": 1585579124.3261466}, "cmdq": 3, "read": {"device_start": -1, "device_end": -1}}, "FFC_sans_bias54": {"write": {"device_start": 1585579124.3235312, "host_queued_start": 1585579189.516271, "device_queued": 1585579124.3233652, "device_end": 1585579124.3235624, "host_queued_end": 1585579189.527418}, "device": "gpu", "nd_range": {"device_start": 1585579124.3236248, "device_end": 1585579124.3256557}, "cmdq": 2, "read": {"device_start": -1, "device_end": -1}}, "FFC_sans_bias56": {"write": {"device_start": 1585579124.3234348, "host_queued_start": 1585579189.515225, "device_queued": 1585579124.3233395, "device_end": 1585579124.3234959, "host_queued_end": 1585579189.527418}, "device": "gpu", "nd_range": {"device_start": 1585579124.3236055, "device_end": 1585579124.3251579}, "cmdq": 1, "read": {"device_start": -1, "device_end": -1}}, "FFC_sans_bias51": {"write": {"device_start": -1, "host_queued_start": 1585579189.52357, "device_queued": -1, "device_end": -1, "host_queued_end": 1585579189.527418}, "device": "gpu", "nd_range": {"device_start": 1585579124.329315, "device_end": 1585579124.3299215}, "cmdq": 1, "read": {"device_start": -1, "device_end": -1}}, "softmax23": {"write": {"device_start": -1, "host_queued_start": 1585579189.552851, "device_queued": -1, "device_end": -1, "host_queued_end": 1585579189.56019}, "device": "cpu", "nd_range": {"device_start": 2246963.843422469, "device_end": 2246963.844096314}, "cmdq": 2, "read": {"device_start": -1, "device_end": -1}}, "FFC_sans_bias37": {"write": {"device_start": -1, "host_queued_start": 1585579189.547459, "device_queued": -1, "device_end": -1, "host_queued_end": 1585579189.56019}, "device": "cpu", "nd_range": {"device_start": 2246963.807723281, "device_end": 2246963.815147648}, "cmdq": 0, "read": {"device_start": -1, "device_end": -1}}, "empty62": {"write": {"device_start": 1585579124.3228729, "host_queued_start": 1585579189.510064, "device_queued": 1585579124.322744, "device_end": 1585579124.322956, "host_queued_end": 1585579189.527418}, "device": "gpu", "nd_range": {"device_start": 1585579124.3231018, "device_end": 1585579124.323134}, "cmdq": 1, "read": {"device_start": -1, "device_end": -1}}, "FFC_sans_bias70": {"write": {"device_start": 1585579124.3300195, "host_queued_start": 1585579189.527316, "device_queued": 1585579124.3249054, "device_end": 1585579124.3300447, "host_queued_end": 1585579189.527418}, "device": "gpu", "nd_range": {"device_start": 1585579124.330899, "device_end": 1585579124.3318577}, "cmdq": 1, "read": {"device_start": 1585579124.3318627, "device_end": 1585579124.3318858}}, "FFC_sans_bias58": {"write": {"device_start": -1, "host_queued_start": 1585579189.522181, "device_queued": -1, "device_end": -1, "host_queued_end": 1585579189.527418}, "device": "gpu", "nd_range": {"device_start": 1585579124.3275785, "device_end": 1585579124.3290696}, "cmdq": 1, "read": {"device_start": -1, "device_end": -1}}, "softmax41": {"write": {"device_start": -1, "host_queued_start": 1585579189.553424, "device_queued": -1, "device_end": -1, "host_queued_end": 1585579189.56019}, "device": "cpu", "nd_range": {"device_start": 2246963.844157481, "device_end": 2246963.844374643}, "cmdq": 1, "read": {"device_start": -1, "device_end": -1}}, "FFC_sans_bias11": {"write": {"device_start": -1, "host_queued_start": 1585579189.539037, "device_queued": -1, "device_end": -1, "host_queued_end": 1585579189.56019}, "device": "cpu", "nd_range": {"device_start": 2246963.758066007, "device_end": 2246963.772081904}, "cmdq": 1, "read": {"device_start": -1, "device_end": -1}}, "FFC_sans_bias10": {"write": {"device_start": -1, "host_queued_start": 1585579189.537956, "device_queued": -1, "device_end": -1, "host_queued_end": 1585579189.56019}, "device": "cpu", "nd_range": {"device_start": 2246963.765193119, "device_end": 2246963.779167647}, "cmdq": 0, "read": {"device_start": -1, "device_end": -1}}, "coalesced_transpose3": {"write": {"device_start": -1, "host_queued_start": 1585579189.548865, "device_queued": -1, "device_end": -1, "host_queued_end": 1585579189.56019}, "device": "cpu", "nd_range": {"device_start": 2246963.8125638063, "device_end": 2246963.8128112783}, "cmdq": 2, "read": {"device_start": -1, "device_end": -1}}, "FFC_sans_bias34": {"write": {"device_start": -1, "host_queued_start": 1585579189.55916, "device_queued": -1, "device_end": -1, "host_queued_end": 1585579189.56019}, "device": "cpu", "nd_range": {"device_start": 2246963.872948993, "device_end": 2246963.882584569}, "cmdq": 1, "read": {"device_start": -1, "device_end": -1}}, "FFC_sans_bias15": {"write": {"device_start": -1, "host_queued_start": 1585579189.554116, "device_queued": -1, "device_end": -1, "host_queued_end": 1585579189.56019}, "device": "cpu", "nd_range": {"device_start": 2246963.835336252, "device_end": 2246963.845087589}, "cmdq": 0, "read": {"device_start": -1, "device_end": -1}}, "FFC_sans_bias31": {"write": {"device_start": -1, "host_queued_start": 1585579189.551638, "device_queued": -1, "device_end": -1, "host_queued_end": 1585579189.56019}, "device": "cpu", "nd_range": {"device_start": 2246963.826108824, "device_end": 2246963.833265018}, "cmdq": 1, "read": {"device_start": -1, "device_end": -1}}, "FFC_sans_bias16": {"write": {"device_start": -1, "host_queued_start": 1585579189.557183, "device_queued": -1, "device_end": -1, "host_queued_end": 1585579189.56019}, "device": "cpu", "nd_range": {"device_start": 2246963.8710757643, "device_end": 2246963.880575362}, "cmdq": 2, "read": {"device_start": -1, "device_end": -1}}, "FFC_sans_bias19": {"write": {"device_start": -1, "host_queued_start": 1585579189.541131, "device_queued": -1, "device_end": -1, "host_queued_end": 1585579189.56019}, "device": "cpu", "nd_range": {"device_start": 2246963.779634505, "device_end": 2246963.8008351903}, "cmdq": 0, "read": {"device_start": -1, "device_end": -1}}, "FFC_sans_bias18": {"write": {"device_start": -1, "host_queued_start": 1585579189.540084, "device_queued": -1, "device_end": -1, "host_queued_end": 1585579189.56019}, "device": "cpu", "nd_range": {"device_start": 2246963.773439743, "device_end": 2246963.785849737}, "cmdq": 2, "read": {"device_start": -1, "device_end": -1}}, "coalesced_transpose30": {"write": {"device_start": -1, "host_queued_start": 1585579189.54993, "device_queued": -1, "device_end": -1, "host_queued_end": 1585579189.56019}, "device": "cpu", "nd_range": {"device_start": 2246963.812928147, "device_end": 2246963.8131615133}, "cmdq": 2, "read": {"device_start": -1, "device_end": -1}}, "FFC_sans_bias69": {"write": {"device_start": -1, "host_queued_start": 1585579189.524204, "device_queued": -1, "device_end": -1, "host_queued_end": 1585579189.527418}, "device": "gpu", "nd_range": {"device_start": 1585579124.329711, "device_end": 1585579124.330893}, "cmdq": 3, "read": {"device_start": -1, "device_end": -1}}, "FFC_sans_bias38": {"write": {"device_start": -1, "host_queued_start": 1585579189.54851, "device_queued": -1, "device_end": -1, "host_queued_end": 1585579189.56019}, "device": "cpu", "nd_range": {"device_start": 2246963.792601441, "device_end": 2246963.8002024563}, "cmdq": 1, "read": {"device_start": -1, "device_end": -1}}, "coalesced_transpose57": {"write": {"device_start": -1, "host_queued_start": 1585579189.521251, "device_queued": -1, "device_end": -1, "host_queued_end": 1585579189.527418}, "device": "gpu", "nd_range": {"device_start": 1585579124.326148, "device_end": 1585579124.327492}, "cmdq": 3, "read": {"device_start": -1, "device_end": -1}}, "empty26": {"write": {"device_start": -1, "host_queued_start": 1585579189.530949, "device_queued": -1, "device_end": -1, "host_queued_end": 1585579189.56019}, "device": "cpu", "nd_range": {"device_start": 2246963.7498403504, "device_end": 2246963.749846238}, "cmdq": 2, "read": {"device_start": -1, "device_end": -1}}, "coalesced_transpose12": {"write": {"device_start": -1, "host_queued_start": 1585579189.549197, "device_queued": -1, "device_end": -1, "host_queued_end": 1585579189.56019}, "device": "cpu", "nd_range": {"device_start": 2246963.8152613402, "device_end": 2246963.8155083763}, "cmdq": 0, "read": {"device_start": -1, "device_end": -1}}, "empty44": {"write": {"device_start": -1, "host_queued_start": 1585579189.53258, "device_queued": -1, "device_end": -1, "host_queued_end": 1585579189.56019}, "device": "cpu", "nd_range": {"device_start": 2246963.749815106, "device_end": 2246963.749816133}, "cmdq": 1, "read": {"device_start": -1, "device_end": -1}}, "coalesced_transpose21": {"write": {"device_start": -1, "host_queued_start": 1585579189.549599, "device_queued": -1, "device_end": -1, "host_queued_end": 1585579189.56019}, "device": "cpu", "nd_range": {"device_start": 2246963.8009520313, "device_end": 2246963.8011065493}, "cmdq": 1, "read": {"device_start": -1, "device_end": -1}}, "FFC_sans_bias36": {"write": {"device_start": -1, "host_queued_start": 1585579189.546402, "device_queued": -1, "device_end": -1, "host_queued_end": 1585579189.56019}, "device": "cpu", "nd_range": {"device_start": 2246963.801035554, "device_end": 2246963.812450747}, "cmdq": 2, "read": {"device_start": -1, "device_end": -1}}, "softmax14": {"write": {"device_start": -1, "host_queued_start": 1585579189.552536, "device_queued": -1, "device_end": -1, "host_queued_end": 1585579189.56019}, "device": "cpu", "nd_range": {"device_start": 2246963.83338409, "device_end": 2246963.833593774}, "cmdq": 1, "read": {"device_start": -1, "device_end": -1}}, "FFC_sans_bias13": {"write": {"device_start": -1, "host_queued_start": 1585579189.550953, "device_queued": -1, "device_end": -1, "host_queued_end": 1585579189.56019}, "device": "cpu", "nd_range": {"device_start": 2246963.815957358, "device_end": 2246963.826515087}, "cmdq": 2, "read": {"device_start": -1, "device_end": -1}}, "empty8": {"write": {"device_start": -1, "host_queued_start": 1585579189.528891, "device_queued": -1, "device_end": -1, "host_queued_end": 1585579189.56019}, "device": "cpu", "nd_range": {"device_start": 2246963.7497817143, "device_end": 2246963.749793707}, "cmdq": 0, "read": {"device_start": -1, "device_end": -1}}, "FFC_sans_bias42": {"write": {"device_start": -1, "host_queued_start": 1585579189.555152, "device_queued": -1, "device_end": -1, "host_queued_end": 1585579189.56019}, "device": "cpu", "nd_range": {"device_start": 2246963.845107127, "device_end": 2246963.85972421}, "cmdq": 0, "read": {"device_start": -1, "device_end": -1}}, "FFC_sans_bias43": {"write": {"device_start": -1, "host_queued_start": 1585579189.560145, "device_queued": -1, "device_end": -1, "host_queued_end": 1585579189.56019}, "device": "cpu", "nd_range": {"device_start": 2246963.886587485, "device_end": 2246963.8918560403}, "cmdq": 2, "read": {"device_start": -1, "device_end": -1}}, "FFC_sans_bias40": {"write": {"device_start": -1, "host_queued_start": 1585579189.55198, "device_queued": -1, "device_end": -1, "host_queued_end": 1585579189.56019}, "device": "cpu", "nd_range": {"device_start": 2246963.8290352523, "device_end": 2246963.8434031433}, "cmdq": 2, "read": {"device_start": -1, "device_end": -1}}, "softmax32": {"write": {"device_start": -1, "host_queued_start": 1585579189.553141, "device_queued": -1, "device_end": -1, "host_queued_end": 1585579189.56019}, "device": "cpu", "nd_range": {"device_start": 2246963.835119332, "device_end": 2246963.8353280383}, "cmdq": 0, "read": {"device_start": -1, "device_end": -1}}, "FFC_sans_bias47": {"write": {"device_start": 1585579124.3232634, "host_queued_start": 1585579189.514116, "device_queued": 1585579124.323171, "device_end": 1585579124.3232942, "host_queued_end": 1585579189.527418}, "device": "gpu", "nd_range": {"device_start": 1585579124.3233268, "device_end": 1585579124.3247073}, "cmdq": 0, "read": {"device_start": -1, "device_end": -1}}, "FFC_sans_bias45": {"write": {"device_start": 1585579124.3230572, "host_queued_start": 1585579189.511935, "device_queued": 1585579124.3227866, "device_end": 1585579124.3231304, "host_queued_end": 1585579189.527418}, "device": "gpu", "nd_range": {"device_start": 1585579124.323137, "device_end": 1585579124.3237393}, "cmdq": 3, "read": {"device_start": -1, "device_end": -1}}, "softmax50": {"write": {"device_start": -1, "host_queued_start": 1585579189.522776, "device_queued": -1, "device_end": -1, "host_queued_end": 1585579189.527418}, "device": "gpu", "nd_range": {"device_start": 1585579124.3281093, "device_end": 1585579124.329301}, "cmdq": 3, "read": {"device_start": -1, "device_end": -1}}, "FFC_sans_bias33": {"write": {"device_start": -1, "host_queued_start": 1585579189.554809, "device_queued": -1, "device_end": -1, "host_queued_end": 1585579189.56019}, "device": "cpu", "nd_range": {"device_start": 2246963.859364258, "device_end": 2246963.8710676073}, "cmdq": 2, "read": {"device_start": -1, "device_end": -1}}, "FFC_sans_bias63": {"write": {"device_start": 1585579124.3252664, "host_queued_start": 1585579189.520626, "device_queued": 1585579124.323856, "device_end": 1585579124.325299, "host_queued_end": 1585579189.527418}, "device": "gpu", "nd_range": {"device_start": 1585579124.3253114, "device_end": 1585579124.3275726}, "cmdq": 1, "read": {"device_start": -1, "device_end": -1}}, "FFC_sans_bias49": {"write": {"device_start": -1, "host_queued_start": 1585579189.521865, "device_queued": -1, "device_end": -1, "host_queued_end": 1585579189.527418}, "device": "gpu", "nd_range": {"device_start": 1585579124.3274846, "device_end": 1585579124.3280957}, "cmdq": 0, "read": {"device_start": -1, "device_end": -1}}, "FFC_sans_bias64": {"write": {"device_start": 1585579124.3242698, "host_queued_start": 1585579189.51852, "device_queued": 1585579124.3235264, "device_end": 1585579124.3242996, "host_queued_end": 1585579189.527418}, "device": "gpu", "nd_range": {"device_start": 1585579124.3243024, "device_end": 1585579124.326623}, "cmdq": 4, "read": {"device_start": -1, "device_end": -1}}, "FFC_sans_bias65": {"write": {"device_start": 1585579124.3248339, "host_queued_start": 1585579189.519593, "device_queued": 1585579124.3238053, "device_end": 1585579124.324864, "host_queued_end": 1585579189.527418}, "device": "gpu", "nd_range": {"device_start": 1585579124.324867, "device_end": 1585579124.3271258}, "cmdq": 0, "read": {"device_start": -1, "device_end": -1}}, "FFC_sans_bias67": {"write": {"device_start": -1, "host_queued_start": 1585579189.522496, "device_queued": -1, "device_end": -1, "host_queued_end": 1585579189.527418}, "device": "gpu", "nd_range": {"device_start": 1585579124.3275037, "device_end": 1585579124.3285317}, "cmdq": 2, "read": {"device_start": -1, "device_end": -1}}, "FFC_sans_bias24": {"write": {"device_start": -1, "host_queued_start": 1585579189.554457, "device_queued": -1, "device_end": -1, "host_queued_end": 1585579189.56019}, "device": "cpu", "nd_range": {"device_start": 2246963.8443935933, "device_end": 2246963.8557987004}, "cmdq": 1, "read": {"device_start": -1, "device_end": -1}}, "FFC_sans_bias25": {"write": {"device_start": -1, "host_queued_start": 1585579189.558168, "device_queued": -1, "device_end": -1, "host_queued_end": 1585579189.56019}, "device": "cpu", "nd_range": {"device_start": 2246963.859731786, "device_end": 2246963.872999384}, "cmdq": 0, "read": {"device_start": -1, "device_end": -1}}, "FFC_sans_bias27": {"write": {"device_start": -1, "host_queued_start": 1585579189.543249, "device_queued": -1, "device_end": -1, "host_queued_end": 1585579189.56019}, "device": "cpu", "nd_range": {"device_start": 2246963.785974131, "device_end": 2246963.8009287054}, "cmdq": 2, "read": {"device_start": -1, "device_end": -1}}, "FFC_sans_bias20": {"write": {"device_start": -1, "host_queued_start": 1585579189.54218, "device_queued": -1, "device_end": -1, "host_queued_end": 1585579189.56019}, "device": "cpu", "nd_range": {"device_start": 2246963.7722132653, "device_end": 2246963.7838525893}, "cmdq": 1, "read": {"device_start": -1, "device_end": -1}}, "FFC_sans_bias22": {"write": {"device_start": -1, "host_queued_start": 1585579189.551294, "device_queued": -1, "device_end": -1, "host_queued_end": 1585579189.56019}, "device": "cpu", "nd_range": {"device_start": 2246963.81596782, "device_end": 2246963.832752569}, "cmdq": 0, "read": {"device_start": -1, "device_end": -1}}, "softmax68": {"write": {"device_start": -1, "host_queued_start": 1585579189.523262, "device_queued": -1, "device_end": -1, "host_queued_end": 1585579189.527418}, "device": "gpu", "nd_range": {"device_start": 1585579124.3285398, "device_end": 1585579124.3293092}, "cmdq": 0, "read": {"device_start": -1, "device_end": -1}}, "softmax5": {"write": {"device_start": -1, "host_queued_start": 1585579189.552257, "device_queued": -1, "device_end": -1, "host_queued_end": 1585579189.56019}, "device": "cpu", "nd_range": {"device_start": 2246963.832879795, "device_end": 2246963.833099006}, "cmdq": 0, "read": {"device_start": -1, "device_end": -1}}, "FFC_sans_bias28": {"write": {"device_start": -1, "host_queued_start": 1585579189.544291, "device_queued": -1, "device_end": -1, "host_queued_end": 1585579189.56019}, "device": "cpu", "nd_range": {"device_start": 2246963.8009571293, "device_end": 2246963.8076084093}, "cmdq": 0, "read": {"device_start": -1, "device_end": -1}}, "FFC_sans_bias29": {"write": {"device_start": -1, "host_queued_start": 1585579189.54535, "device_queued": -1, "device_end": -1, "host_queued_end": 1585579189.56019}, "device": "cpu", "nd_range": {"device_start": 2246963.7839758364, "device_end": 2246963.792485206}, "cmdq": 1, "read": {"device_start": -1, "device_end": -1}}, "empty17": {"write": {"device_start": -1, "host_queued_start": 1585579189.529929, "device_queued": -1, "device_end": -1, "host_queued_end": 1585579189.56019}, "device": "cpu", "nd_range": {"device_start": 2246963.7497831574, "device_end": 2246963.7497940273}, "cmdq": 1, "read": {"device_start": -1, "device_end": -1}}, "softmax59": {"write": {"device_start": -1, "host_queued_start": 1585579189.523015, "device_queued": -1, "device_end": -1, "host_queued_end": 1585579189.527418}, "device": "gpu", "nd_range": {"device_start": 1585579124.3293068, "device_end": 1585579124.3296986}, "cmdq": 4, "read": {"device_start": -1, "device_end": -1}}, "empty71": {"write": {"device_start": 1585579124.3229723, "host_queued_start": 1585579189.510933, "device_queued": 1585579124.322766, "device_end": 1585579124.3230343, "host_queued_end": 1585579189.527418}, "device": "gpu", "nd_range": {"device_start": 1585579124.3231294, "device_end": 1585579124.323139}, "cmdq": 2, "read": {"device_start": -1, "device_end": -1}}, "empty35": {"write": {"device_start": -1, "host_queued_start": 1585579189.531777, "device_queued": -1, "device_end": -1, "host_queued_end": 1585579189.56019}, "device": "cpu", "nd_range": {"device_start": 2246963.749815146, "device_end": 2246963.749816223}, "cmdq": 0, "read": {"device_start": -1, "device_end": -1}}, "empty53": {"write": {"device_start": 1585579124.322766, "host_queued_start": 1585579189.509022, "device_queued": 1585579124.3226292, "device_end": 1585579124.3228202, "host_queued_end": 1585579189.527418}, "device": "gpu", "nd_range": {"device_start": 1585579124.3228242, "device_end": 1585579124.322829}, "cmdq": 0, "read": {"device_start": -1, "device_end": -1}}, "FFC_sans_bias46": {"write": {"device_start": 1585579124.3231506, "host_queued_start": 1585579189.513019, "device_queued": 1585579124.3230476, "device_end": 1585579124.323177, "host_queued_end": 1585579189.527418}, "device": "gpu", "nd_range": {"device_start": 1585579124.323181, "device_end": 1585579124.3241525}, "cmdq": 4, "read": {"device_start": -1, "device_end": -1}}, "coalesced_transpose66": {"write": {"device_start": -1, "host_queued_start": 1585579189.521552, "device_queued": -1, "device_end": -1, "host_queued_end": 1585579189.527418}, "device": "gpu", "nd_range": {"device_start": 1585579124.3266244, "device_end": 1585579124.3274941}, "cmdq": 4, "read": {"device_start": -1, "device_end": -1}}, "coalesced_transpose48": {"write": {"device_start": -1, "host_queued_start": 1585579189.520951, "device_queued": -1, "device_end": -1, "host_queued_end": 1585579189.527418}, "device": "gpu", "nd_range": {"device_start": 1585579124.325657, "device_end": 1585579124.32747}, "cmdq": 2, "read": {"device_start": -1, "device_end": -1}}}