{"FFC_sans_bias60": {"write": {"device_start": -1, "host_queued_start": 1585578822.31375, "device_queued": -1, "device_end": -1, "host_queued_end": 1585578822.322596}, "device": "gpu", "nd_range": {"device_start": 1585578757.1479282, "device_end": 1585578757.1488707}, "cmdq": 0, "read": {"device_start": -1, "device_end": -1}}, "FFC_sans_bias4": {"write": {"device_start": -1, "host_queued_start": 1585578822.30716, "device_queued": -1, "device_end": -1, "host_queued_end": 1585578822.322596}, "device": "gpu", "nd_range": {"device_start": 1585578757.140697, "device_end": 1585578757.1413007}, "cmdq": 0, "read": {"device_start": -1, "device_end": -1}}, "FFC_sans_bias7": {"write": {"device_start": 1585578757.1489909, "host_queued_start": 1585578822.315106, "device_queued": 1585578757.1326215, "device_end": 1585578757.1490226, "host_queued_end": 1585578822.322596}, "device": "gpu", "nd_range": {"device_start": 1585578757.1490273, "device_end": 1585578757.1498284}, "cmdq": 0, "read": {"device_start": 1585578757.1498384, "device_end": 1585578757.1498635}}, "FFC_sans_bias6": {"write": {"device_start": -1, "host_queued_start": 1585578822.311721, "device_queued": -1, "device_end": -1, "host_queued_end": 1585578822.322596}, "device": "gpu", "nd_range": {"device_start": 1585578757.145382, "device_end": 1585578757.1459842}, "cmdq": 0, "read": {"device_start": -1, "device_end": -1}}, "FFC_sans_bias1": {"write": {"device_start": 1585578757.1287806, "host_queued_start": 1585578822.281088, "device_queued": 1585578757.12866, "device_end": 1585578757.1288047, "host_queued_end": 1585578822.322596}, "device": "gpu", "nd_range": {"device_start": 1585578757.1288085, "device_end": 1585578757.1297715}, "cmdq": 1, "read": {"device_start": -1, "device_end": -1}}, "FFC_sans_bias0": {"write": {"device_start": 1585578757.1286962, "host_queued_start": 1585578822.280041, "device_queued": 1585578757.1286027, "device_end": 1585578757.1287584, "host_queued_end": 1585578822.322596}, "device": "gpu", "nd_range": {"device_start": 1585578757.1287665, "device_end": 1585578757.129373}, "cmdq": 0, "read": {"device_start": -1, "device_end": -1}}, "FFC_sans_bias2": {"write": {"device_start": 1585578757.1295068, "host_queued_start": 1585578822.28213, "device_queued": 1585578757.1288428, "device_end": 1585578757.129545, "host_queued_end": 1585578822.322596}, "device": "gpu", "nd_range": {"device_start": 1585578757.1295493, "device_end": 1585578757.1303413}, "cmdq": 0, "read": {"device_start": -1, "device_end": -1}}, "FFC_sans_bias61": {"write": {"device_start": 1585578757.1519575, "host_queued_start": 1585578822.321405, "device_queued": 1585578757.1333933, "device_end": 1585578757.1519885, "host_queued_end": 1585578822.322596}, "device": "gpu", "nd_range": {"device_start": 1585578757.1519923, "device_end": 1585578757.1527271}, "cmdq": 0, "read": {"device_start": 1585578757.1527305, "device_end": 1585578757.1527534}}, "FFC_sans_bias52": {"write": {"device_start": 1585578757.1515124, "host_queued_start": 1585578822.320334, "device_queued": 1585578757.1331332, "device_end": 1585578757.1515367, "host_queued_end": 1585578822.322596}, "device": "gpu", "nd_range": {"device_start": 1585578757.1515408, "device_end": 1585578757.1522903}, "cmdq": 1, "read": {"device_start": 1585578757.1522927, "device_end": 1585578757.152317}}, "FFC_sans_bias9": {"write": {"device_start": 1585578757.1298895, "host_queued_start": 1585578822.283216, "device_queued": 1585578757.128887, "device_end": 1585578757.1299212, "host_queued_end": 1585578822.322596}, "device": "gpu", "nd_range": {"device_start": 1585578757.1299236, "device_end": 1585578757.1307778}, "cmdq": 1, "read": {"device_start": -1, "device_end": -1}}, "coalesced_transpose39": {"write": {"device_start": -1, "host_queued_start": 1585578822.305922, "device_queued": -1, "device_end": -1, "host_queued_end": 1585578822.322596}, "device": "gpu", "nd_range": {"device_start": 1585578757.1406522, "device_end": 1585578757.1406722}, "cmdq": 0, "read": {"device_start": -1, "device_end": -1}}, "FFC_sans_bias55": {"write": {"device_start": 1585578757.1386552, "host_queued_start": 1585578822.301228, "device_queued": 1585578757.1307387, "device_end": 1585578757.1387284, "host_queued_end": 1585578822.322596}, "device": "gpu", "nd_range": {"device_start": 1585578757.1387498, "device_end": 1585578757.139368}, "cmdq": 0, "read": {"device_start": -1, "device_end": -1}}, "FFC_sans_bias54": {"write": {"device_start": 1585578757.1376781, "host_queued_start": 1585578822.300194, "device_queued": 1585578757.130616, "device_end": 1585578757.1377041, "host_queued_end": 1585578822.322596}, "device": "gpu", "nd_range": {"device_start": 1585578757.13771, "device_end": 1585578757.1385305}, "cmdq": 1, "read": {"device_start": -1, "device_end": -1}}, "FFC_sans_bias56": {"write": {"device_start": 1585578757.1372156, "host_queued_start": 1585578822.299152, "device_queued": 1585578757.1305807, "device_end": 1585578757.137241, "host_queued_end": 1585578822.322596}, "device": "gpu", "nd_range": {"device_start": 1585578757.1372468, "device_end": 1585578757.1380827}, "cmdq": 0, "read": {"device_start": -1, "device_end": -1}}, "FFC_sans_bias51": {"write": {"device_start": -1, "host_queued_start": 1585578822.313423, "device_queued": -1, "device_end": -1, "host_queued_end": 1585578822.322596}, "device": "gpu", "nd_range": {"device_start": 1585578757.1473799, "device_end": 1585578757.1483686}, "cmdq": 1, "read": {"device_start": -1, "device_end": -1}}, "softmax23": {"write": {"device_start": -1, "host_queued_start": 1585578822.310163, "device_queued": -1, "device_end": -1, "host_queued_end": 1585578822.322596}, "device": "gpu", "nd_range": {"device_start": 1585578757.144773, "device_end": 1585578757.1449754}, "cmdq": 0, "read": {"device_start": -1, "device_end": -1}}, "FFC_sans_bias37": {"write": {"device_start": 1585578757.1347961, "host_queued_start": 1585578822.293919, "device_queued": 1585578757.1300464, "device_end": 1585578757.134823, "host_queued_end": 1585578822.322596}, "device": "gpu", "nd_range": {"device_start": 1585578757.1348271, "device_end": 1585578757.1356237}, "cmdq": 1, "read": {"device_start": -1, "device_end": -1}}, "empty62": {"write": {"device_start": 1585578757.1285248, "host_queued_start": 1585578822.278224, "device_queued": 1585578757.128322, "device_end": 1585578757.128586, "host_queued_end": 1585578822.322596}, "device": "gpu", "nd_range": {"device_start": 1585578757.1285934, "device_end": 1585578757.128598}, "cmdq": 0, "read": {"device_start": -1, "device_end": -1}}, "FFC_sans_bias70": {"write": {"device_start": 1585578757.1524863, "host_queued_start": 1585578822.322476, "device_queued": 1585578757.1334474, "device_end": 1585578757.152516, "host_queued_end": 1585578822.322596}, "device": "gpu", "nd_range": {"device_start": 1585578757.1525187, "device_end": 1585578757.1531675}, "cmdq": 1, "read": {"device_start": 1585578757.1531749, "device_end": 1585578757.153197}}, "FFC_sans_bias58": {"write": {"device_start": -1, "host_queued_start": 1585578822.309078, "device_queued": -1, "device_end": -1, "host_queued_end": 1585578822.322596}, "device": "gpu", "nd_range": {"device_start": 1585578757.143251, "device_end": 1585578757.144223}, "cmdq": 0, "read": {"device_start": -1, "device_end": -1}}, "softmax41": {"write": {"device_start": -1, "host_queued_start": 1585578822.310659, "device_queued": -1, "device_end": -1, "host_queued_end": 1585578822.322596}, "device": "gpu", "nd_range": {"device_start": 1585578757.1449764, "device_end": 1585578757.1451776}, "cmdq": 0, "read": {"device_start": -1, "device_end": -1}}, "FFC_sans_bias11": {"write": {"device_start": 1585578757.1308494, "host_queued_start": 1585578822.285474, "device_queued": 1585578757.129079, "device_end": 1585578757.1308758, "host_queued_end": 1585578822.322596}, "device": "gpu", "nd_range": {"device_start": 1585578757.1308796, "device_end": 1585578757.1317666}, "cmdq": 1, "read": {"device_start": -1, "device_end": -1}}, "FFC_sans_bias10": {"write": {"device_start": 1585578757.1304393, "host_queued_start": 1585578822.284423, "device_queued": 1585578757.1290343, "device_end": 1585578757.1304648, "host_queued_end": 1585578822.322596}, "device": "gpu", "nd_range": {"device_start": 1585578757.1304693, "device_end": 1585578757.1312943}, "cmdq": 0, "read": {"device_start": -1, "device_end": -1}}, "coalesced_transpose3": {"write": {"device_start": -1, "host_queued_start": 1585578822.30468, "device_queued": -1, "device_end": -1, "host_queued_end": 1585578822.322596}, "device": "gpu", "nd_range": {"device_start": 1585578757.1403484, "device_end": 1585578757.1406116}, "cmdq": 0, "read": {"device_start": -1, "device_end": -1}}, "FFC_sans_bias34": {"write": {"device_start": 1585578757.1505542, "host_queued_start": 1585578822.318225, "device_queued": 1585578757.1329267, "device_end": 1585578757.1505854, "host_queued_end": 1585578822.322596}, "device": "gpu", "nd_range": {"device_start": 1585578757.1505895, "device_end": 1585578757.1513186}, "cmdq": 1, "read": {"device_start": 1585578757.1513286, "device_end": 1585578757.151353}}, "FFC_sans_bias15": {"write": {"device_start": -1, "host_queued_start": 1585578822.312123, "device_queued": -1, "device_end": -1, "host_queued_end": 1585578822.322596}, "device": "gpu", "nd_range": {"device_start": 1585578757.1455927, "device_end": 1585578757.1463876}, "cmdq": 1, "read": {"device_start": -1, "device_end": -1}}, "FFC_sans_bias31": {"write": {"device_start": -1, "host_queued_start": 1585578822.308132, "device_queued": -1, "device_end": -1, "host_queued_end": 1585578822.322596}, "device": "gpu", "nd_range": {"device_start": 1585578757.141836, "device_end": 1585578757.142819}, "cmdq": 1, "read": {"device_start": -1, "device_end": -1}}, "FFC_sans_bias16": {"write": {"device_start": 1585578757.1494772, "host_queued_start": 1585578822.316156, "device_queued": 1585578757.132662, "device_end": 1585578757.1495085, "host_queued_end": 1585578822.322596}, "device": "gpu", "nd_range": {"device_start": 1585578757.1495113, "device_end": 1585578757.150333}, "cmdq": 1, "read": {"device_start": 1585578757.1503353, "device_end": 1585578757.1503606}}, "FFC_sans_bias19": {"write": {"device_start": 1585578757.1318598, "host_queued_start": 1585578822.287586, "device_queued": 1585578757.129269, "device_end": 1585578757.131886, "host_queued_end": 1585578822.322596}, "device": "gpu", "nd_range": {"device_start": 1585578757.1318893, "device_end": 1585578757.1327431}, "cmdq": 1, "read": {"device_start": -1, "device_end": -1}}, "FFC_sans_bias18": {"write": {"device_start": 1585578757.1313827, "host_queued_start": 1585578822.286508, "device_queued": 1585578757.129227, "device_end": 1585578757.1314094, "host_queued_end": 1585578822.322596}, "device": "gpu", "nd_range": {"device_start": 1585578757.1314142, "device_end": 1585578757.1322515}, "cmdq": 0, "read": {"device_start": -1, "device_end": -1}}, "coalesced_transpose30": {"write": {"device_start": -1, "host_queued_start": 1585578822.305612, "device_queued": -1, "device_end": -1, "host_queued_end": 1585578822.322596}, "device": "gpu", "nd_range": {"device_start": 1585578757.1411557, "device_end": 1585578757.1411746}, "cmdq": 1, "read": {"device_start": -1, "device_end": -1}}, "FFC_sans_bias69": {"write": {"device_start": -1, "host_queued_start": 1585578822.314075, "device_queued": -1, "device_end": -1, "host_queued_end": 1585578822.322596}, "device": "gpu", "nd_range": {"device_start": 1585578757.1483696, "device_end": 1585578757.1493528}, "cmdq": 1, "read": {"device_start": -1, "device_end": -1}}, "FFC_sans_bias38": {"write": {"device_start": 1585578757.13529, "host_queued_start": 1585578822.295004, "device_queued": 1585578757.130177, "device_end": 1585578757.1353164, "host_queued_end": 1585578822.322596}, "device": "gpu", "nd_range": {"device_start": 1585578757.1353211, "device_end": 1585578757.1361434}, "cmdq": 0, "read": {"device_start": -1, "device_end": -1}}, "coalesced_transpose57": {"write": {"device_start": -1, "host_queued_start": 1585578822.30653, "device_queued": -1, "device_end": -1, "host_queued_end": 1585578822.322596}, "device": "gpu", "nd_range": {"device_start": 1585578757.1406746, "device_end": 1585578757.140695}, "cmdq": 0, "read": {"device_start": -1, "device_end": -1}}, "empty26": {"write": {"device_start": 1585578757.1280863, "host_queued_start": 1585578822.274957, "device_queued": 1585578757.127936, "device_end": 1585578757.1281455, "host_queued_end": 1585578822.322596}, "device": "gpu", "nd_range": {"device_start": 1585578757.1281562, "device_end": 1585578757.1281607}, "cmdq": 0, "read": {"device_start": -1, "device_end": -1}}, "coalesced_transpose12": {"write": {"device_start": -1, "host_queued_start": 1585578822.304991, "device_queued": -1, "device_end": -1, "host_queued_end": 1585578822.322596}, "device": "gpu", "nd_range": {"device_start": 1585578757.1407788, "device_end": 1585578757.1411488}, "cmdq": 1, "read": {"device_start": -1, "device_end": -1}}, "empty44": {"write": {"device_start": 1585578757.1283488, "host_queued_start": 1585578822.276586, "device_queued": 1585578757.1282492, "device_end": 1585578757.1284163, "host_queued_end": 1585578822.322596}, "device": "gpu", "nd_range": {"device_start": 1585578757.1284256, "device_end": 1585578757.1284308}, "cmdq": 0, "read": {"device_start": -1, "device_end": -1}}, "coalesced_transpose21": {"write": {"device_start": -1, "host_queued_start": 1585578822.305304, "device_queued": -1, "device_end": -1, "host_queued_end": 1585578822.322596}, "device": "gpu", "nd_range": {"device_start": 1585578757.1406157, "device_end": 1585578757.1406443}, "cmdq": 0, "read": {"device_start": -1, "device_end": -1}}, "FFC_sans_bias36": {"write": {"device_start": 1585578757.1342905, "host_queued_start": 1585578822.292852, "device_queued": 1585578757.130003, "device_end": 1585578757.1343172, "host_queued_end": 1585578822.322596}, "device": "gpu", "nd_range": {"device_start": 1585578757.134323, "device_end": 1585578757.135162}, "cmdq": 0, "read": {"device_start": -1, "device_end": -1}}, "softmax14": {"write": {"device_start": -1, "host_queued_start": 1585578822.309917, "device_queued": -1, "device_end": -1, "host_queued_end": 1585578822.322596}, "device": "gpu", "nd_range": {"device_start": 1585578757.144671, "device_end": 1585578757.144878}, "cmdq": 1, "read": {"device_start": -1, "device_end": -1}}, "FFC_sans_bias13": {"write": {"device_start": -1, "host_queued_start": 1585578822.307498, "device_queued": -1, "device_end": -1, "host_queued_end": 1585578822.322596}, "device": "gpu", "nd_range": {"device_start": 1585578757.141227, "device_end": 1585578757.141834}, "cmdq": 1, "read": {"device_start": -1, "device_end": -1}}, "empty8": {"write": {"device_start": 1585578757.1278706, "host_queued_start": 1585578822.272959, "device_queued": 1585578757.127735, "device_end": 1585578757.127934, "host_queued_end": 1585578822.322596}, "device": "gpu", "nd_range": {"device_start": 1585578757.1279395, "device_end": 1585578757.1279464}, "cmdq": 0, "read": {"device_start": -1, "device_end": -1}}, "FFC_sans_bias42": {"write": {"device_start": -1, "host_queued_start": 1585578822.313104, "device_queued": -1, "device_end": -1, "host_queued_end": 1585578822.322596}, "device": "gpu", "nd_range": {"device_start": 1585578757.146979, "device_end": 1585578757.1479268}, "cmdq": 0, "read": {"device_start": -1, "device_end": -1}}, "FFC_sans_bias43": {"write": {"device_start": 1585578757.150988, "host_queued_start": 1585578822.319268, "device_queued": 1585578757.1330929, "device_end": 1585578757.1510136, "host_queued_end": 1585578822.322596}, "device": "gpu", "nd_range": {"device_start": 1585578757.1510186, "device_end": 1585578757.1517544}, "cmdq": 0, "read": {"device_start": 1585578757.1517642, "device_end": 1585578757.1517873}}, "FFC_sans_bias40": {"write": {"device_start": -1, "host_queued_start": 1585578822.308446, "device_queued": -1, "device_end": -1, "host_queued_end": 1585578822.322596}, "device": "gpu", "nd_range": {"device_start": 1585578757.1422951, "device_end": 1585578757.14325}, "cmdq": 0, "read": {"device_start": -1, "device_end": -1}}, "softmax32": {"write": {"device_start": -1, "host_queued_start": 1585578822.31041, "device_queued": -1, "device_end": -1, "host_queued_end": 1585578822.322596}, "device": "gpu", "nd_range": {"device_start": 1585578757.1448793, "device_end": 1585578757.145085}, "cmdq": 1, "read": {"device_start": -1, "device_end": -1}}, "FFC_sans_bias47": {"write": {"device_start": 1585578757.1366942, "host_queued_start": 1585578822.29811, "device_queued": 1585578757.1304374, "device_end": 1585578757.13672, "host_queued_end": 1585578822.322596}, "device": "gpu", "nd_range": {"device_start": 1585578757.136726, "device_end": 1585578757.1375654}, "cmdq": 1, "read": {"device_start": -1, "device_end": -1}}, "FFC_sans_bias45": {"write": {"device_start": 1585578757.1357427, "host_queued_start": 1585578822.296035, "device_queued": 1585578757.13023, "device_end": 1585578757.1357691, "host_queued_end": 1585578822.322596}, "device": "gpu", "nd_range": {"device_start": 1585578757.1357749, "device_end": 1585578757.1365874}, "cmdq": 1, "read": {"device_start": -1, "device_end": -1}}, "softmax50": {"write": {"device_start": -1, "host_queued_start": 1585578822.310912, "device_queued": -1, "device_end": -1, "host_queued_end": 1585578822.322596}, "device": "gpu", "nd_range": {"device_start": 1585578757.1450863, "device_end": 1585578757.1452885}, "cmdq": 1, "read": {"device_start": -1, "device_end": -1}}, "FFC_sans_bias33": {"write": {"device_start": -1, "host_queued_start": 1585578822.312769, "device_queued": -1, "device_end": -1, "host_queued_end": 1585578822.322596}, "device": "gpu", "nd_range": {"device_start": 1585578757.1463888, "device_end": 1585578757.1473784}, "cmdq": 1, "read": {"device_start": -1, "device_end": -1}}, "FFC_sans_bias63": {"write": {"device_start": 1585578757.1398916, "host_queued_start": 1585578822.304354, "device_queued": 1585578757.1309817, "device_end": 1585578757.1399188, "host_queued_end": 1585578822.322596}, "device": "gpu", "nd_range": {"device_start": 1585578757.1399238, "device_end": 1585578757.1407766}, "cmdq": 1, "read": {"device_start": -1, "device_end": -1}}, "FFC_sans_bias49": {"write": {"device_start": -1, "host_queued_start": 1585578822.308762, "device_queued": -1, "device_end": -1, "host_queued_end": 1585578822.322596}, "device": "gpu", "nd_range": {"device_start": 1585578757.1428206, "device_end": 1585578757.1437814}, "cmdq": 1, "read": {"device_start": -1, "device_end": -1}}, "FFC_sans_bias64": {"write": {"device_start": 1585578757.1387317, "host_queued_start": 1585578822.302273, "device_queued": 1585578757.1307733, "device_end": 1585578757.1387665, "host_queued_end": 1585578822.322596}, "device": "gpu", "nd_range": {"device_start": 1585578757.138771, "device_end": 1585578757.1397793}, "cmdq": 1, "read": {"device_start": -1, "device_end": -1}}, "FFC_sans_bias65": {"write": {"device_start": 1585578757.1394815, "host_queued_start": 1585578822.303324, "device_queued": 1585578757.130947, "device_end": 1585578757.1395075, "host_queued_end": 1585578822.322596}, "device": "gpu", "nd_range": {"device_start": 1585578757.139513, "device_end": 1585578757.1403465}, "cmdq": 0, "read": {"device_start": -1, "device_end": -1}}, "FFC_sans_bias67": {"write": {"device_start": -1, "host_queued_start": 1585578822.309409, "device_queued": -1, "device_end": -1, "host_queued_end": 1585578822.322596}, "device": "gpu", "nd_range": {"device_start": 1585578757.143783, "device_end": 1585578757.1446695}, "cmdq": 1, "read": {"device_start": -1, "device_end": -1}}, "FFC_sans_bias24": {"write": {"device_start": -1, "host_queued_start": 1585578822.312445, "device_queued": -1, "device_end": -1, "host_queued_end": 1585578822.322596}, "device": "gpu", "nd_range": {"device_start": 1585578757.1459854, "device_end": 1585578757.146978}, "cmdq": 0, "read": {"device_start": -1, "device_end": -1}}, "FFC_sans_bias25": {"write": {"device_start": 1585578757.1500494, "host_queued_start": 1585578822.317187, "device_queued": 1585578757.132883, "device_end": 1585578757.1500807, "host_queued_end": 1585578822.322596}, "device": "gpu", "nd_range": {"device_start": 1585578757.150085, "device_end": 1585578757.1507723}, "cmdq": 0, "read": {"device_start": 1585578757.15078, "device_end": 1585578757.1508045}}, "FFC_sans_bias27": {"write": {"device_start": 1585578757.132831, "host_queued_start": 1585578822.289707, "device_queued": 1585578757.1295245, "device_end": 1585578757.1328585, "host_queued_end": 1585578822.322596}, "device": "gpu", "nd_range": {"device_start": 1585578757.132864, "device_end": 1585578757.1337256}, "cmdq": 1, "read": {"device_start": -1, "device_end": -1}}, "FFC_sans_bias20": {"write": {"device_start": 1585578757.1323407, "host_queued_start": 1585578822.288656, "device_queued": 1585578757.1294506, "device_end": 1585578757.1323667, "host_queued_end": 1585578822.322596}, "device": "gpu", "nd_range": {"device_start": 1585578757.1323707, "device_end": 1585578757.1332228}, "cmdq": 0, "read": {"device_start": -1, "device_end": -1}}, "FFC_sans_bias22": {"write": {"device_start": -1, "host_queued_start": 1585578822.307816, "device_queued": -1, "device_end": -1, "host_queued_end": 1585578822.322596}, "device": "gpu", "nd_range": {"device_start": 1585578757.1413023, "device_end": 1585578757.1422937}, "cmdq": 0, "read": {"device_start": -1, "device_end": -1}}, "softmax68": {"write": {"device_start": -1, "host_queued_start": 1585578822.311405, "device_queued": -1, "device_end": -1, "host_queued_end": 1585578822.322596}, "device": "gpu", "nd_range": {"device_start": 1585578757.1452901, "device_end": 1585578757.1455915}, "cmdq": 1, "read": {"device_start": -1, "device_end": -1}}, "softmax5": {"write": {"device_start": -1, "host_queued_start": 1585578822.309665, "device_queued": -1, "device_end": -1, "host_queued_end": 1585578822.322596}, "device": "gpu", "nd_range": {"device_start": 1585578757.1442246, "device_end": 1585578757.144771}, "cmdq": 0, "read": {"device_start": -1, "device_end": -1}}, "FFC_sans_bias28": {"write": {"device_start": 1585578757.1333253, "host_queued_start": 1585578822.290775, "device_queued": 1585578757.129707, "device_end": 1585578757.1333532, "host_queued_end": 1585578822.322596}, "device": "gpu", "nd_range": {"device_start": 1585578757.1333582, "device_end": 1585578757.1341765}, "cmdq": 0, "read": {"device_start": -1, "device_end": -1}}, "FFC_sans_bias29": {"write": {"device_start": 1585578757.133814, "host_queued_start": 1585578822.291814, "device_queued": 1585578757.1297722, "device_end": 1585578757.133841, "host_queued_end": 1585578822.322596}, "device": "gpu", "nd_range": {"device_start": 1585578757.1338472, "device_end": 1585578757.1346786}, "cmdq": 1, "read": {"device_start": -1, "device_end": -1}}, "empty17": {"write": {"device_start": 1585578757.1279964, "host_queued_start": 1585578822.274049, "device_queued": 1585578757.1278732, "device_end": 1585578757.128059, "host_queued_end": 1585578822.322596}, "device": "gpu", "nd_range": {"device_start": 1585578757.1280642, "device_end": 1585578757.1280699}, "cmdq": 1, "read": {"device_start": -1, "device_end": -1}}, "softmax59": {"write": {"device_start": -1, "host_queued_start": 1585578822.311159, "device_queued": -1, "device_end": -1, "host_queued_end": 1585578822.322596}, "device": "gpu", "nd_range": {"device_start": 1585578757.145179, "device_end": 1585578757.1453807}, "cmdq": 0, "read": {"device_start": -1, "device_end": -1}}, "empty71": {"write": {"device_start": 1585578757.1286097, "host_queued_start": 1585578822.279066, "device_queued": 1585578757.1283622, "device_end": 1585578757.1286683, "host_queued_end": 1585578822.322596}, "device": "gpu", "nd_range": {"device_start": 1585578757.1286745, "device_end": 1585578757.1286788}, "cmdq": 1, "read": {"device_start": -1, "device_end": -1}}, "empty35": {"write": {"device_start": 1585578757.1281774, "host_queued_start": 1585578822.275772, "device_queued": 1585578757.1280487, "device_end": 1585578757.1282022, "host_queued_end": 1585578822.322596}, "device": "gpu", "nd_range": {"device_start": 1585578757.1282058, "device_end": 1585578757.1282136}, "cmdq": 1, "read": {"device_start": -1, "device_end": -1}}, "empty53": {"write": {"device_start": 1585578757.128437, "host_queued_start": 1585578822.277407, "device_queued": 1585578757.1282926, "device_end": 1585578757.128498, "host_queued_end": 1585578822.322596}, "device": "gpu", "nd_range": {"device_start": 1585578757.1285064, "device_end": 1585578757.1285107}, "cmdq": 1, "read": {"device_start": -1, "device_end": -1}}, "FFC_sans_bias46": {"write": {"device_start": 1585578757.1362605, "host_queued_start": 1585578822.297063, "device_queued": 1585578757.1303806, "device_end": 1585578757.1362865, "host_queued_end": 1585578822.322596}, "device": "gpu", "nd_range": {"device_start": 1585578757.136291, "device_end": 1585578757.1371121}, "cmdq": 0, "read": {"device_start": -1, "device_end": -1}}, "coalesced_transpose66": {"write": {"device_start": -1, "host_queued_start": 1585578822.30684, "device_queued": -1, "device_end": -1, "host_queued_end": 1585578822.322596}, "device": "gpu", "nd_range": {"device_start": 1585578757.1412055, "device_end": 1585578757.1412256}, "cmdq": 1, "read": {"device_start": -1, "device_end": -1}}, "coalesced_transpose48": {"write": {"device_start": -1, "host_queued_start": 1585578822.306228, "device_queued": -1, "device_end": -1, "host_queued_end": 1585578822.322596}, "device": "gpu", "nd_range": {"device_start": 1585578757.1411846, "device_end": 1585578757.1412036}, "cmdq": 1, "read": {"device_start": -1, "device_end": -1}}}