{"FFC_sans_bias60": {"write": {"device_start": -1, "host_queued_start": 1585579198.114684, "device_queued": -1, "device_end": -1, "host_queued_end": 1585579198.123089}, "device": "cpu", "nd_range": {"device_start": 2246972.496822345, "device_end": 2246972.512915205}, "cmdq": 2, "read": {"device_start": -1, "device_end": -1}}, "FFC_sans_bias4": {"write": {"device_start": -1, "host_queued_start": 1585579198.107569, "device_queued": -1, "device_end": -1, "host_queued_end": 1585579198.123089}, "device": "cpu", "nd_range": {"device_start": 2246972.4214342763, "device_end": 2246972.446646551}, "cmdq": 1, "read": {"device_start": -1, "device_end": -1}}, "FFC_sans_bias7": {"write": {"device_start": -1, "host_queued_start": 1585579198.116101, "device_queued": -1, "device_end": -1, "host_queued_end": 1585579198.123089}, "device": "cpu", "nd_range": {"device_start": 2246972.5062688664, "device_end": 2246972.5215992113}, "cmdq": 1, "read": {"device_start": -1, "device_end": -1}}, "FFC_sans_bias6": {"write": {"device_start": -1, "host_queued_start": 1585579198.112594, "device_queued": -1, "device_end": -1, "host_queued_end": 1585579198.123089}, "device": "cpu", "nd_range": {"device_start": 2246972.46133663, "device_end": 2246972.480727444}, "cmdq": 2, "read": {"device_start": -1, "device_end": -1}}, "FFC_sans_bias1": {"write": {"device_start": -1, "host_queued_start": 1585579198.081203, "device_queued": -1, "device_end": -1, "host_queued_end": 1585579198.123089}, "device": "cpu", "nd_range": {"device_start": 2246972.31278013, "device_end": 2246972.324743378}, "cmdq": 0, "read": {"device_start": -1, "device_end": -1}}, "FFC_sans_bias0": {"write": {"device_start": -1, "host_queued_start": 1585579198.080159, "device_queued": -1, "device_end": -1, "host_queued_end": 1585579198.123089}, "device": "cpu", "nd_range": {"device_start": 2246972.312771624, "device_end": 2246972.3208728493}, "cmdq": 2, "read": {"device_start": -1, "device_end": -1}}, "FFC_sans_bias2": {"write": {"device_start": -1, "host_queued_start": 1585579198.082283, "device_queued": -1, "device_end": -1, "host_queued_end": 1585579198.123089}, "device": "cpu", "nd_range": {"device_start": 2246972.312828382, "device_end": 2246972.328190667}, "cmdq": 1, "read": {"device_start": -1, "device_end": -1}}, "FFC_sans_bias61": {"write": {"device_start": -1, "host_queued_start": 1585579198.122051, "device_queued": -1, "device_end": -1, "host_queued_end": 1585579198.123089}, "device": "cpu", "nd_range": {"device_start": 2246972.5368272574, "device_end": 2246972.5441913353}, "cmdq": 1, "read": {"device_start": -1, "device_end": -1}}, "FFC_sans_bias52": {"write": {"device_start": -1, "host_queued_start": 1585579198.121065, "device_queued": -1, "device_end": -1, "host_queued_end": 1585579198.123089}, "device": "cpu", "nd_range": {"device_start": 2246972.51920397, "device_end": 2246972.533427341}, "cmdq": 0, "read": {"device_start": -1, "device_end": -1}}, "FFC_sans_bias9": {"write": {"device_start": -1, "host_queued_start": 1585579198.083526, "device_queued": -1, "device_end": -1, "host_queued_end": 1585579198.123089}, "device": "cpu", "nd_range": {"device_start": 2246972.320992635, "device_end": 2246972.332555267}, "cmdq": 2, "read": {"device_start": -1, "device_end": -1}}, "coalesced_transpose39": {"write": {"device_start": -1, "host_queued_start": 1585579198.106235, "device_queued": -1, "device_end": -1, "host_queued_end": 1585579198.123089}, "device": "cpu", "nd_range": {"device_start": 2246972.424824648, "device_end": 2246972.425072946}, "cmdq": 0, "read": {"device_start": -1, "device_end": -1}}, "FFC_sans_bias55": {"write": {"device_start": -1, "host_queued_start": 1585579198.101435, "device_queued": -1, "device_end": -1, "host_queued_end": 1585579198.123089}, "device": "cpu", "nd_range": {"device_start": 2246972.4010623894, "device_end": 2246972.409581581}, "cmdq": 1, "read": {"device_start": -1, "device_end": -1}}, "FFC_sans_bias54": {"write": {"device_start": -1, "host_queued_start": 1585579198.100399, "device_queued": -1, "device_end": -1, "host_queued_end": 1585579198.123089}, "device": "cpu", "nd_range": {"device_start": 2246972.403139035, "device_end": 2246972.4144956754}, "cmdq": 0, "read": {"device_start": -1, "device_end": -1}}, "FFC_sans_bias56": {"write": {"device_start": -1, "host_queued_start": 1585579198.099358, "device_queued": -1, "device_end": -1, "host_queued_end": 1585579198.123089}, "device": "cpu", "nd_range": {"device_start": 2246972.379472666, "device_end": 2246972.387057342}, "cmdq": 2, "read": {"device_start": -1, "device_end": -1}}, "FFC_sans_bias51": {"write": {"device_start": -1, "host_queued_start": 1585579198.114336, "device_queued": -1, "device_end": -1, "host_queued_end": 1585579198.123089}, "device": "cpu", "nd_range": {"device_start": 2246972.490635234, "device_end": 2246972.506162025}, "cmdq": 1, "read": {"device_start": -1, "device_end": -1}}, "softmax23": {"write": {"device_start": -1, "host_queued_start": 1585579198.110888, "device_queued": -1, "device_end": -1, "host_queued_end": 1585579198.123089}, "device": "cpu", "nd_range": {"device_start": 2246972.4599401993, "device_end": 2246972.461116238}, "cmdq": 2, "read": {"device_start": -1, "device_end": -1}}, "FFC_sans_bias37": {"write": {"device_start": -1, "host_queued_start": 1585579198.094035, "device_queued": -1, "device_end": -1, "host_queued_end": 1585579198.123089}, "device": "cpu", "nd_range": {"device_start": 2246972.3716863194, "device_end": 2246972.388623264}, "cmdq": 0, "read": {"device_start": -1, "device_end": -1}}, "empty62": {"write": {"device_start": -1, "host_queued_start": 1585579198.078356, "device_queued": -1, "device_end": -1, "host_queued_end": 1585579198.123089}, "device": "cpu", "nd_range": {"device_start": 2246972.3127725623, "device_end": 2246972.312773397}, "cmdq": 0, "read": {"device_start": -1, "device_end": -1}}, "FFC_sans_bias70": {"write": {"device_start": -1, "host_queued_start": 1585579198.123044, "device_queued": -1, "device_end": -1, "host_queued_end": 1585579198.123089}, "device": "cpu", "nd_range": {"device_start": 2246972.544291899, "device_end": 2246972.5498925103}, "cmdq": 2, "read": {"device_start": -1, "device_end": -1}}, "FFC_sans_bias58": {"write": {"device_start": -1, "host_queued_start": 1585579198.109708, "device_queued": -1, "device_end": -1, "host_queued_end": 1585579198.123089}, "device": "cpu", "nd_range": {"device_start": 2246972.45961348, "device_end": 2246972.468008846}, "cmdq": 1, "read": {"device_start": -1, "device_end": -1}}, "softmax41": {"write": {"device_start": -1, "host_queued_start": 1585579198.111431, "device_queued": -1, "device_end": -1, "host_queued_end": 1585579198.123089}, "device": "cpu", "nd_range": {"device_start": 2246972.468437336, "device_end": 2246972.468646643}, "cmdq": 1, "read": {"device_start": -1, "device_end": -1}}, "FFC_sans_bias11": {"write": {"device_start": -1, "host_queued_start": 1585579198.085618, "device_queued": -1, "device_end": -1, "host_queued_end": 1585579198.123089}, "device": "cpu", "nd_range": {"device_start": 2246972.328322243, "device_end": 2246972.3398061963}, "cmdq": 1, "read": {"device_start": -1, "device_end": -1}}, "FFC_sans_bias10": {"write": {"device_start": -1, "host_queued_start": 1585579198.084571, "device_queued": -1, "device_end": -1, "host_queued_end": 1585579198.123089}, "device": "cpu", "nd_range": {"device_start": 2246972.3248549863, "device_end": 2246972.340246708}, "cmdq": 0, "read": {"device_start": -1, "device_end": -1}}, "coalesced_transpose3": {"write": {"device_start": -1, "host_queued_start": 1585579198.104912, "device_queued": -1, "device_end": -1, "host_queued_end": 1585579198.123089}, "device": "cpu", "nd_range": {"device_start": 2246972.3982681143, "device_end": 2246972.3985170294}, "cmdq": 2, "read": {"device_start": -1, "device_end": -1}}, "FFC_sans_bias34": {"write": {"device_start": -1, "host_queued_start": 1585579198.119091, "device_queued": -1, "device_end": -1, "host_queued_end": 1585579198.123089}, "device": "cpu", "nd_range": {"device_start": 2246972.521608369, "device_end": 2246972.5368235023}, "cmdq": 1, "read": {"device_start": -1, "device_end": -1}}, "FFC_sans_bias15": {"write": {"device_start": -1, "host_queued_start": 1585579198.112936, "device_queued": -1, "device_end": -1, "host_queued_end": 1585579198.123089}, "device": "cpu", "nd_range": {"device_start": 2246972.469454207, "device_end": 2246972.479981156}, "cmdq": 0, "read": {"device_start": -1, "device_end": -1}}, "FFC_sans_bias31": {"write": {"device_start": -1, "host_queued_start": 1585579198.108594, "device_queued": -1, "device_end": -1, "host_queued_end": 1585579198.123089}, "device": "cpu", "nd_range": {"device_start": 2246972.446766319, "device_end": 2246972.4595002793}, "cmdq": 1, "read": {"device_start": -1, "device_end": -1}}, "FFC_sans_bias16": {"write": {"device_start": -1, "host_queued_start": 1585579198.117109, "device_queued": -1, "device_end": -1, "host_queued_end": 1585579198.123089}, "device": "cpu", "nd_range": {"device_start": 2246972.512923051, "device_end": 2246972.5263348552}, "cmdq": 2, "read": {"device_start": -1, "device_end": -1}}, "FFC_sans_bias19": {"write": {"device_start": -1, "host_queued_start": 1585579198.087751, "device_queued": -1, "device_end": -1, "host_queued_end": 1585579198.123089}, "device": "cpu", "nd_range": {"device_start": 2246972.341827854, "device_end": 2246972.3534096694}, "cmdq": 0, "read": {"device_start": -1, "device_end": -1}}, "FFC_sans_bias18": {"write": {"device_start": -1, "host_queued_start": 1585579198.086708, "device_queued": -1, "device_end": -1, "host_queued_end": 1585579198.123089}, "device": "cpu", "nd_range": {"device_start": 2246972.332675577, "device_end": 2246972.3445159043}, "cmdq": 2, "read": {"device_start": -1, "device_end": -1}}, "coalesced_transpose30": {"write": {"device_start": -1, "host_queued_start": 1585579198.105905, "device_queued": -1, "device_end": -1, "host_queued_end": 1585579198.123089}, "device": "cpu", "nd_range": {"device_start": 2246972.3986281944, "device_end": 2246972.3988707773}, "cmdq": 2, "read": {"device_start": -1, "device_end": -1}}, "FFC_sans_bias69": {"write": {"device_start": -1, "host_queued_start": 1585579198.115043, "device_queued": -1, "device_end": -1, "host_queued_end": 1585579198.123089}, "device": "cpu", "nd_range": {"device_start": 2246972.4887259053, "device_end": 2246972.503936028}, "cmdq": 0, "read": {"device_start": -1, "device_end": -1}}, "FFC_sans_bias38": {"write": {"device_start": -1, "host_queued_start": 1585579198.095117, "device_queued": -1, "device_end": -1, "host_queued_end": 1585579198.123089}, "device": "cpu", "nd_range": {"device_start": 2246972.372093989, "device_end": 2246972.3886302332}, "cmdq": 1, "read": {"device_start": -1, "device_end": -1}}, "coalesced_transpose57": {"write": {"device_start": -1, "host_queued_start": 1585579198.106897, "device_queued": -1, "device_end": -1, "host_queued_end": 1585579198.123089}, "device": "cpu", "nd_range": {"device_start": 2246972.41256034, "device_end": 2246972.412795478}, "cmdq": 2, "read": {"device_start": -1, "device_end": -1}}, "empty26": {"write": {"device_start": -1, "host_queued_start": 1585579198.075082, "device_queued": -1, "device_end": -1, "host_queued_end": 1585579198.123089}, "device": "cpu", "nd_range": {"device_start": 2246972.312730125, "device_end": 2246972.3127419953}, "cmdq": 2, "read": {"device_start": -1, "device_end": -1}}, "coalesced_transpose12": {"write": {"device_start": -1, "host_queued_start": 1585579198.105247, "device_queued": -1, "device_end": -1, "host_queued_end": 1585579198.123089}, "device": "cpu", "nd_range": {"device_start": 2246972.424463691, "device_end": 2246972.42471519}, "cmdq": 0, "read": {"device_start": -1, "device_end": -1}}, "empty44": {"write": {"device_start": -1, "host_queued_start": 1585579198.076749, "device_queued": -1, "device_end": -1, "host_queued_end": 1585579198.123089}, "device": "cpu", "nd_range": {"device_start": 2246972.3128168653, "device_end": 2246972.312817815}, "cmdq": 1, "read": {"device_start": -1, "device_end": -1}}, "coalesced_transpose21": {"write": {"device_start": -1, "host_queued_start": 1585579198.105576, "device_queued": -1, "device_end": -1, "host_queued_end": 1585579198.123089}, "device": "cpu", "nd_range": {"device_start": 2246972.4207225093, "device_end": 2246972.420969965}, "cmdq": 1, "read": {"device_start": -1, "device_end": -1}}, "FFC_sans_bias36": {"write": {"device_start": -1, "host_queued_start": 1585579198.093002, "device_queued": -1, "device_end": -1, "host_queued_end": 1585579198.123089}, "device": "cpu", "nd_range": {"device_start": 2246972.3569566594, "device_end": 2246972.3689919803}, "cmdq": 2, "read": {"device_start": -1, "device_end": -1}}, "softmax14": {"write": {"device_start": -1, "host_queued_start": 1585579198.110614, "device_queued": -1, "device_end": -1, "host_queued_end": 1585579198.123089}, "device": "cpu", "nd_range": {"device_start": 2246972.468117564, "device_end": 2246972.4683290534}, "cmdq": 1, "read": {"device_start": -1, "device_end": -1}}, "FFC_sans_bias13": {"write": {"device_start": -1, "host_queued_start": 1585579198.107911, "device_queued": -1, "device_end": -1, "host_queued_end": 1585579198.123089}, "device": "cpu", "nd_range": {"device_start": 2246972.428295066, "device_end": 2246972.436410028}, "cmdq": 2, "read": {"device_start": -1, "device_end": -1}}, "empty8": {"write": {"device_start": -1, "host_queued_start": 1585579198.073126, "device_queued": -1, "device_end": -1, "host_queued_end": 1585579198.123089}, "device": "cpu", "nd_range": {"device_start": 2246972.3127285773, "device_end": 2246972.3127419744}, "cmdq": 0, "read": {"device_start": -1, "device_end": -1}}, "FFC_sans_bias42": {"write": {"device_start": -1, "host_queued_start": 1585579198.113995, "device_queued": -1, "device_end": -1, "host_queued_end": 1585579198.123089}, "device": "cpu", "nd_range": {"device_start": 2246972.479988158, "device_end": 2246972.4887173274}, "cmdq": 0, "read": {"device_start": -1, "device_end": -1}}, "FFC_sans_bias43": {"write": {"device_start": -1, "host_queued_start": 1585579198.120077, "device_queued": -1, "device_end": -1, "host_queued_end": 1585579198.123089}, "device": "cpu", "nd_range": {"device_start": 2246972.529316414, "device_end": 2246972.544261446}, "cmdq": 2, "read": {"device_start": -1, "device_end": -1}}, "FFC_sans_bias40": {"write": {"device_start": -1, "host_queued_start": 1585579198.108933, "device_queued": -1, "device_end": -1, "host_queued_end": 1585579198.123089}, "device": "cpu", "nd_range": {"device_start": 2246972.436534481, "device_end": 2246972.446039449}, "cmdq": 2, "read": {"device_start": -1, "device_end": -1}}, "softmax32": {"write": {"device_start": -1, "host_queued_start": 1585579198.111162, "device_queued": -1, "device_end": -1, "host_queued_end": 1585579198.123089}, "device": "cpu", "nd_range": {"device_start": 2246972.4598108903, "device_end": 2246972.460021092}, "cmdq": 0, "read": {"device_start": -1, "device_end": -1}}, "FFC_sans_bias47": {"write": {"device_start": -1, "host_queued_start": 1585579198.098291, "device_queued": -1, "device_end": -1, "host_queued_end": 1585579198.123089}, "device": "cpu", "nd_range": {"device_start": 2246972.388643296, "device_end": 2246972.4010559763}, "cmdq": 1, "read": {"device_start": -1, "device_end": -1}}, "FFC_sans_bias45": {"write": {"device_start": -1, "host_queued_start": 1585579198.096168, "device_queued": -1, "device_end": -1, "host_queued_end": 1585579198.123089}, "device": "cpu", "nd_range": {"device_start": 2246972.369117082, "device_end": 2246972.379344252}, "cmdq": 2, "read": {"device_start": -1, "device_end": -1}}, "softmax50": {"write": {"device_start": -1, "host_queued_start": 1585579198.11171, "device_queued": -1, "device_end": -1, "host_queued_end": 1585579198.123089}, "device": "cpu", "nd_range": {"device_start": 2246972.461125098, "device_end": 2246972.461331265}, "cmdq": 2, "read": {"device_start": -1, "device_end": -1}}, "FFC_sans_bias33": {"write": {"device_start": -1, "host_queued_start": 1585579198.113635, "device_queued": -1, "device_end": -1, "host_queued_end": 1585579198.123089}, "device": "cpu", "nd_range": {"device_start": 2246972.480738758, "device_end": 2246972.496814031}, "cmdq": 2, "read": {"device_start": -1, "device_end": -1}}, "FFC_sans_bias63": {"write": {"device_start": -1, "host_queued_start": 1585579198.104576, "device_queued": -1, "device_end": -1, "host_queued_end": 1585579198.123089}, "device": "cpu", "nd_range": {"device_start": 2246972.409703546, "device_end": 2246972.4206127883}, "cmdq": 1, "read": {"device_start": -1, "device_end": -1}}, "FFC_sans_bias49": {"write": {"device_start": -1, "host_queued_start": 1585579198.10936, "device_queued": -1, "device_end": -1, "host_queued_end": 1585579198.123089}, "device": "cpu", "nd_range": {"device_start": 2246972.4409720083, "device_end": 2246972.455270106}, "cmdq": 0, "read": {"device_start": -1, "device_end": -1}}, "FFC_sans_bias64": {"write": {"device_start": -1, "host_queued_start": 1585579198.102481, "device_queued": -1, "device_end": -1, "host_queued_end": 1585579198.123089}, "device": "cpu", "nd_range": {"device_start": 2246972.387178381, "device_end": 2246972.398149544}, "cmdq": 2, "read": {"device_start": -1, "device_end": -1}}, "FFC_sans_bias65": {"write": {"device_start": -1, "host_queued_start": 1585579198.103532, "device_queued": -1, "device_end": -1, "host_queued_end": 1585579198.123089}, "device": "cpu", "nd_range": {"device_start": 2246972.414606445, "device_end": 2246972.424353302}, "cmdq": 0, "read": {"device_start": -1, "device_end": -1}}, "FFC_sans_bias67": {"write": {"device_start": -1, "host_queued_start": 1585579198.110048, "device_queued": -1, "device_end": -1, "host_queued_end": 1585579198.123089}, "device": "cpu", "nd_range": {"device_start": 2246972.4461629232, "device_end": 2246972.459931199}, "cmdq": 2, "read": {"device_start": -1, "device_end": -1}}, "FFC_sans_bias24": {"write": {"device_start": -1, "host_queued_start": 1585579198.113278, "device_queued": -1, "device_end": -1, "host_queued_end": 1585579198.123089}, "device": "cpu", "nd_range": {"device_start": 2246972.469063412, "device_end": 2246972.490527776}, "cmdq": 1, "read": {"device_start": -1, "device_end": -1}}, "FFC_sans_bias25": {"write": {"device_start": -1, "host_queued_start": 1585579198.118091, "device_queued": -1, "device_end": -1, "host_queued_end": 1585579198.123089}, "device": "cpu", "nd_range": {"device_start": 2246972.5039451043, "device_end": 2246972.5191998533}, "cmdq": 0, "read": {"device_start": -1, "device_end": -1}}, "FFC_sans_bias27": {"write": {"device_start": -1, "host_queued_start": 1585579198.089851, "device_queued": -1, "device_end": -1, "host_queued_end": 1585579198.123089}, "device": "cpu", "nd_range": {"device_start": 2246972.3446362773, "device_end": 2246972.356837484}, "cmdq": 2, "read": {"device_start": -1, "device_end": -1}}, "FFC_sans_bias20": {"write": {"device_start": -1, "host_queued_start": 1585579198.088804, "device_queued": -1, "device_end": -1, "host_queued_end": 1585579198.123089}, "device": "cpu", "nd_range": {"device_start": 2246972.3399244053, "device_end": 2246972.3552426943}, "cmdq": 1, "read": {"device_start": -1, "device_end": -1}}, "FFC_sans_bias22": {"write": {"device_start": -1, "host_queued_start": 1585579198.108254, "device_queued": -1, "device_end": -1, "host_queued_end": 1585579198.123089}, "device": "cpu", "nd_range": {"device_start": 2246972.425528197, "device_end": 2246972.440859282}, "cmdq": 0, "read": {"device_start": -1, "device_end": -1}}, "softmax68": {"write": {"device_start": -1, "host_queued_start": 1585579198.112255, "device_queued": -1, "device_end": -1, "host_queued_end": 1585579198.123089}, "device": "cpu", "nd_range": {"device_start": 2246972.468750455, "device_end": 2246972.4689570502}, "cmdq": 1, "read": {"device_start": -1, "device_end": -1}}, "softmax5": {"write": {"device_start": -1, "host_queued_start": 1585579198.11033, "device_queued": -1, "device_end": -1, "host_queued_end": 1585579198.123089}, "device": "cpu", "nd_range": {"device_start": 2246972.4553877013, "device_end": 2246972.45560691}, "cmdq": 0, "read": {"device_start": -1, "device_end": -1}}, "FFC_sans_bias28": {"write": {"device_start": -1, "host_queued_start": 1585579198.090915, "device_queued": -1, "device_end": -1, "host_queued_end": 1585579198.123089}, "device": "cpu", "nd_range": {"device_start": 2246972.357241388, "device_end": 2246972.371164802}, "cmdq": 0, "read": {"device_start": -1, "device_end": -1}}, "FFC_sans_bias29": {"write": {"device_start": -1, "host_queued_start": 1585579198.091964, "device_queued": -1, "device_end": -1, "host_queued_end": 1585579198.123089}, "device": "cpu", "nd_range": {"device_start": 2246972.355362297, "device_end": 2246972.371971169}, "cmdq": 1, "read": {"device_start": -1, "device_end": -1}}, "empty17": {"write": {"device_start": -1, "host_queued_start": 1585579198.074142, "device_queued": -1, "device_end": -1, "host_queued_end": 1585579198.123089}, "device": "cpu", "nd_range": {"device_start": 2246972.312795051, "device_end": 2246972.312799118}, "cmdq": 1, "read": {"device_start": -1, "device_end": -1}}, "softmax59": {"write": {"device_start": -1, "host_queued_start": 1585579198.111984, "device_queued": -1, "device_end": -1, "host_queued_end": 1585579198.123089}, "device": "cpu", "nd_range": {"device_start": 2246972.4692363073, "device_end": 2246972.469444746}, "cmdq": 0, "read": {"device_start": -1, "device_end": -1}}, "empty71": {"write": {"device_start": -1, "host_queued_start": 1585579198.079185, "device_queued": -1, "device_end": -1, "host_queued_end": 1585579198.123089}, "device": "cpu", "nd_range": {"device_start": 2246972.312822935, "device_end": 2246972.3128234963}, "cmdq": 1, "read": {"device_start": -1, "device_end": -1}}, "empty35": {"write": {"device_start": -1, "host_queued_start": 1585579198.075942, "device_queued": -1, "device_end": -1, "host_queued_end": 1585579198.123089}, "device": "cpu", "nd_range": {"device_start": 2246972.312764475, "device_end": 2246972.312765735}, "cmdq": 0, "read": {"device_start": -1, "device_end": -1}}, "empty53": {"write": {"device_start": -1, "host_queued_start": 1585579198.077551, "device_queued": -1, "device_end": -1, "host_queued_end": 1585579198.123089}, "device": "cpu", "nd_range": {"device_start": 2246972.31276449, "device_end": 2246972.3127653613}, "cmdq": 2, "read": {"device_start": -1, "device_end": -1}}, "FFC_sans_bias46": {"write": {"device_start": -1, "host_queued_start": 1585579198.097227, "device_queued": -1, "device_end": -1, "host_queued_end": 1585579198.123089}, "device": "cpu", "nd_range": {"device_start": 2246972.389138331, "device_end": 2246972.4031306403}, "cmdq": 0, "read": {"device_start": -1, "device_end": -1}}, "coalesced_transpose66": {"write": {"device_start": -1, "host_queued_start": 1585579198.107228, "device_queued": -1, "device_end": -1, "host_queued_end": 1585579198.123089}, "device": "cpu", "nd_range": {"device_start": 2246972.425179678, "device_end": 2246972.4254228324}, "cmdq": 0, "read": {"device_start": -1, "device_end": -1}}, "coalesced_transpose48": {"write": {"device_start": -1, "host_queued_start": 1585579198.106563, "device_queued": -1, "device_end": -1, "host_queued_end": 1585579198.123089}, "device": "cpu", "nd_range": {"device_start": 2246972.421078328, "device_end": 2246972.4213219522}, "cmdq": 1, "read": {"device_start": -1, "device_end": -1}}}