{"FFC_sans_bias60": {"write": {"device_start": -1, "host_queued_start": 1585579217.535093, "device_queued": -1, "device_end": -1, "host_queued_end": 1585579217.537557}, "device": "gpu", "nd_range": {"device_start": 1585579152.3366013, "device_end": 1585579152.3372092}, "cmdq": 4, "read": {"device_start": -1, "device_end": -1}}, "FFC_sans_bias4": {"write": {"device_start": -1, "host_queued_start": 1585579217.564939, "device_queued": -1, "device_end": -1, "host_queued_end": 1585579217.576438}, "device": "cpu", "nd_range": {"device_start": 2246991.862388301, "device_end": 2246991.8714583353}, "cmdq": 2, "read": {"device_start": -1, "device_end": -1}}, "FFC_sans_bias7": {"write": {"device_start": -1, "host_queued_start": 1585579217.571434, "device_queued": -1, "device_end": -1, "host_queued_end": 1585579217.576438}, "device": "cpu", "nd_range": {"device_start": 2246991.912207175, "device_end": 2246991.930644969}, "cmdq": 0, "read": {"device_start": -1, "device_end": -1}}, "FFC_sans_bias6": {"write": {"device_start": -1, "host_queued_start": 1585579217.568681, "device_queued": -1, "device_end": -1, "host_queued_end": 1585579217.576438}, "device": "cpu", "nd_range": {"device_start": 2246991.8891106243, "device_end": 2246991.905790774}, "cmdq": 2, "read": {"device_start": -1, "device_end": -1}}, "FFC_sans_bias1": {"write": {"device_start": -1, "host_queued_start": 1585579217.545578, "device_queued": -1, "device_end": -1, "host_queued_end": 1585579217.576438}, "device": "cpu", "nd_range": {"device_start": 2246991.770422154, "device_end": 2246991.7788061}, "cmdq": 3, "read": {"device_start": -1, "device_end": -1}}, "FFC_sans_bias0": {"write": {"device_start": -1, "host_queued_start": 1585579217.544448, "device_queued": -1, "device_end": -1, "host_queued_end": 1585579217.576438}, "device": "cpu", "nd_range": {"device_start": 2246991.766613311, "device_end": 2246991.774170972}, "cmdq": 2, "read": {"device_start": -1, "device_end": -1}}, "FFC_sans_bias2": {"write": {"device_start": -1, "host_queued_start": 1585579217.546664, "device_queued": -1, "device_end": -1, "host_queued_end": 1585579217.576438}, "device": "cpu", "nd_range": {"device_start": 2246991.778144909, "device_end": 2246991.80281157}, "cmdq": 0, "read": {"device_start": -1, "device_end": -1}}, "FFC_sans_bias61": {"write": {"device_start": 1585579152.3366678, "host_queued_start": 1585579217.536411, "device_queued": 1585579152.3335052, "device_end": 1585579152.336727, "host_queued_end": 1585579217.537557}, "device": "gpu", "nd_range": {"device_start": 1585579152.3372126, "device_end": 1585579152.3381686}, "cmdq": 1, "read": {"device_start": 1585579152.3381715, "device_end": 1585579152.3381953}}, "FFC_sans_bias52": {"write": {"device_start": -1, "host_queued_start": 1585579217.576394, "device_queued": -1, "device_end": -1, "host_queued_end": 1585579217.576438}, "device": "cpu", "nd_range": {"device_start": 2246991.9106494603, "device_end": 2246991.9258339643}, "cmdq": 1, "read": {"device_start": -1, "device_end": -1}}, "FFC_sans_bias9": {"write": {"device_start": -1, "host_queued_start": 1585579217.547705, "device_queued": -1, "device_end": -1, "host_queued_end": 1585579217.576438}, "device": "cpu", "nd_range": {"device_start": 2246991.7741427002, "device_end": 2246991.785448687}, "cmdq": 1, "read": {"device_start": -1, "device_end": -1}}, "coalesced_transpose39": {"write": {"device_start": -1, "host_queued_start": 1585579217.564268, "device_queued": -1, "device_end": -1, "host_queued_end": 1585579217.576438}, "device": "cpu", "nd_range": {"device_start": 2246991.856304117, "device_end": 2246991.856547029}, "cmdq": 0, "read": {"device_start": -1, "device_end": -1}}, "FFC_sans_bias55": {"write": {"device_start": 1585579152.3325899, "host_queued_start": 1585579217.529624, "device_queued": 1585579152.3325024, "device_end": 1585579152.3326201, "host_queued_end": 1585579217.537557}, "device": "gpu", "nd_range": {"device_start": 1585579152.332627, "device_end": 1585579152.334159}, "cmdq": 4, "read": {"device_start": -1, "device_end": -1}}, "FFC_sans_bias54": {"write": {"device_start": 1585579152.3324604, "host_queued_start": 1585579217.528566, "device_queued": 1585579152.332184, "device_end": 1585579152.3324838, "host_queued_end": 1585579217.537557}, "device": "gpu", "nd_range": {"device_start": 1585579152.3325984, "device_end": 1585579152.3335795}, "cmdq": 3, "read": {"device_start": -1, "device_end": -1}}, "FFC_sans_bias56": {"write": {"device_start": 1585579152.3323705, "host_queued_start": 1585579217.527497, "device_queued": 1585579152.332142, "device_end": 1585579152.33244, "host_queued_end": 1585579217.537557}, "device": "gpu", "nd_range": {"device_start": 1585579152.3325696, "device_end": 1585579152.3331795}, "cmdq": 2, "read": {"device_start": -1, "device_end": -1}}, "FFC_sans_bias51": {"write": {"device_start": -1, "host_queued_start": 1585579217.570383, "device_queued": -1, "device_end": -1, "host_queued_end": 1585579217.576438}, "device": "cpu", "nd_range": {"device_start": 2246991.8928474193, "device_end": 2246991.908373175}, "cmdq": 3, "read": {"device_start": -1, "device_end": -1}}, "softmax23": {"write": {"device_start": -1, "host_queued_start": 1585579217.567466, "device_queued": -1, "device_end": -1, "host_queued_end": 1585579217.576438}, "device": "cpu", "nd_range": {"device_start": 2246991.888891741, "device_end": 2246991.889104728}, "cmdq": 2, "read": {"device_start": -1, "device_end": -1}}, "FFC_sans_bias37": {"write": {"device_start": -1, "host_queued_start": 1585579217.55827, "device_queued": -1, "device_end": -1, "host_queued_end": 1585579217.576438}, "device": "cpu", "nd_range": {"device_start": 2246991.819555406, "device_end": 2246991.835065354}, "cmdq": 3, "read": {"device_start": -1, "device_end": -1}}, "empty62": {"write": {"device_start": 1585579152.332156, "host_queued_start": 1585579217.525412, "device_queued": 1585579152.3320112, "device_end": 1585579152.3321843, "host_queued_end": 1585579217.537557}, "device": "gpu", "nd_range": {"device_start": 1585579152.3321884, "device_end": 1585579152.3321931}, "cmdq": 0, "read": {"device_start": -1, "device_end": -1}}, "FFC_sans_bias70": {"write": {"device_start": 1585579152.3367486, "host_queued_start": 1585579217.537457, "device_queued": 1585579152.3335297, "device_end": 1585579152.3367794, "host_queued_end": 1585579217.537557}, "device": "gpu", "nd_range": {"device_start": 1585579152.3376145, "device_end": 1585579152.3385952}, "cmdq": 2, "read": {"device_start": 1585579152.3385987, "device_end": 1585579152.3386223}}, "FFC_sans_bias58": {"write": {"device_start": -1, "host_queued_start": 1585579217.533947, "device_queued": -1, "device_end": -1, "host_queued_end": 1585579217.537557}, "device": "gpu", "nd_range": {"device_start": 1585579152.3354394, "device_end": 1585579152.33605}, "cmdq": 0, "read": {"device_start": -1, "device_end": -1}}, "softmax41": {"write": {"device_start": -1, "host_queued_start": 1585579217.568021, "device_queued": -1, "device_end": -1, "host_queued_end": 1585579217.576438}, "device": "cpu", "nd_range": {"device_start": 2246991.8952360093, "device_end": 2246991.896016463}, "cmdq": 0, "read": {"device_start": -1, "device_end": -1}}, "FFC_sans_bias11": {"write": {"device_start": -1, "host_queued_start": 1585579217.549795, "device_queued": -1, "device_end": -1, "host_queued_end": 1585579217.576438}, "device": "cpu", "nd_range": {"device_start": 2246991.780294814, "device_end": 2246991.8031340754}, "cmdq": 3, "read": {"device_start": -1, "device_end": -1}}, "FFC_sans_bias10": {"write": {"device_start": -1, "host_queued_start": 1585579217.548747, "device_queued": -1, "device_end": -1, "host_queued_end": 1585579217.576438}, "device": "cpu", "nd_range": {"device_start": 2246991.785420484, "device_end": 2246991.800493375}, "cmdq": 2, "read": {"device_start": -1, "device_end": -1}}, "coalesced_transpose3": {"write": {"device_start": -1, "host_queued_start": 1585579217.562861, "device_queued": -1, "device_end": -1, "host_queued_end": 1585579217.576438}, "device": "cpu", "nd_range": {"device_start": 2246991.8556785733, "device_end": 2246991.855928997}, "cmdq": 0, "read": {"device_start": -1, "device_end": -1}}, "FFC_sans_bias34": {"write": {"device_start": -1, "host_queued_start": 1585579217.574408, "device_queued": -1, "device_end": -1, "host_queued_end": 1585579217.576438}, "device": "cpu", "nd_range": {"device_start": 2246991.9084853153, "device_end": 2246991.924717701}, "cmdq": 3, "read": {"device_start": -1, "device_end": -1}}, "FFC_sans_bias15": {"write": {"device_start": -1, "host_queued_start": 1585579217.569021, "device_queued": -1, "device_end": -1, "host_queued_end": 1585579217.576438}, "device": "cpu", "nd_range": {"device_start": 2246991.873498115, "device_end": 2246991.892724139}, "cmdq": 3, "read": {"device_start": -1, "device_end": -1}}, "FFC_sans_bias31": {"write": {"device_start": -1, "host_queued_start": 1585579217.565959, "device_queued": -1, "device_end": -1, "host_queued_end": 1585579217.576438}, "device": "cpu", "nd_range": {"device_start": 2246991.8547120173, "device_end": 2246991.863329442}, "cmdq": 1, "read": {"device_start": -1, "device_end": -1}}, "FFC_sans_bias16": {"write": {"device_start": -1, "host_queued_start": 1585579217.572427, "device_queued": -1, "device_end": -1, "host_queued_end": 1585579217.576438}, "device": "cpu", "nd_range": {"device_start": 2246991.895294785, "device_end": 2246991.9106460162}, "cmdq": 1, "read": {"device_start": -1, "device_end": -1}}, "FFC_sans_bias19": {"write": {"device_start": -1, "host_queued_start": 1585579217.551927, "device_queued": -1, "device_end": -1, "host_queued_end": 1585579217.576438}, "device": "cpu", "nd_range": {"device_start": 2246991.7854557643, "device_end": 2246991.800668133}, "cmdq": 1, "read": {"device_start": -1, "device_end": -1}}, "FFC_sans_bias18": {"write": {"device_start": -1, "host_queued_start": 1585579217.55086, "device_queued": -1, "device_end": -1, "host_queued_end": 1585579217.576438}, "device": "cpu", "nd_range": {"device_start": 2246991.803147363, "device_end": 2246991.8211005}, "cmdq": 0, "read": {"device_start": -1, "device_end": -1}}, "coalesced_transpose30": {"write": {"device_start": -1, "host_queued_start": 1585579217.563851, "device_queued": -1, "device_end": -1, "host_queued_end": 1585579217.576438}, "device": "cpu", "nd_range": {"device_start": 2246991.844813411, "device_end": 2246991.8450553543}, "cmdq": 3, "read": {"device_start": -1, "device_end": -1}}, "FFC_sans_bias69": {"write": {"device_start": -1, "host_queued_start": 1585579217.535405, "device_queued": -1, "device_end": -1, "host_queued_end": 1585579217.537557}, "device": "gpu", "nd_range": {"device_start": 1585579152.336884, "device_end": 1585579152.3376098}, "cmdq": 0, "read": {"device_start": -1, "device_end": -1}}, "FFC_sans_bias38": {"write": {"device_start": -1, "host_queued_start": 1585579217.559339, "device_queued": -1, "device_end": -1, "host_queued_end": 1585579217.576438}, "device": "cpu", "nd_range": {"device_start": 2246991.838806156, "device_end": 2246991.8551762393}, "cmdq": 0, "read": {"device_start": -1, "device_end": -1}}, "coalesced_transpose57": {"write": {"device_start": -1, "host_queued_start": 1585579217.533153, "device_queued": -1, "device_end": -1, "host_queued_end": 1585579217.537557}, "device": "gpu", "nd_range": {"device_start": 1585579152.3341672, "device_end": 1585579152.3354328}, "cmdq": 3, "read": {"device_start": -1, "device_end": -1}}, "empty26": {"write": {"device_start": -1, "host_queued_start": 1585579217.540896, "device_queued": -1, "device_end": -1, "host_queued_end": 1585579217.576438}, "device": "cpu", "nd_range": {"device_start": 2246991.766239671, "device_end": 2246991.766244153}, "cmdq": 2, "read": {"device_start": -1, "device_end": -1}}, "coalesced_transpose12": {"write": {"device_start": -1, "host_queued_start": 1585579217.563193, "device_queued": -1, "device_end": -1, "host_queued_end": 1585579217.576438}, "device": "cpu", "nd_range": {"device_start": 2246991.836753696, "device_end": 2246991.837002926}, "cmdq": 1, "read": {"device_start": -1, "device_end": -1}}, "empty44": {"write": {"device_start": -1, "host_queued_start": 1585579217.542562, "device_queued": -1, "device_end": -1, "host_queued_end": 1585579217.576438}, "device": "cpu", "nd_range": {"device_start": 2246991.766425225, "device_end": 2246991.766425991}, "cmdq": 0, "read": {"device_start": -1, "device_end": -1}}, "coalesced_transpose21": {"write": {"device_start": -1, "host_queued_start": 1585579217.563522, "device_queued": -1, "device_end": -1, "host_queued_end": 1585579217.576438}, "device": "cpu", "nd_range": {"device_start": 2246991.85114029, "device_end": 2246991.851391957}, "cmdq": 2, "read": {"device_start": -1, "device_end": -1}}, "FFC_sans_bias36": {"write": {"device_start": -1, "host_queued_start": 1585579217.557187, "device_queued": -1, "device_end": -1, "host_queued_end": 1585579217.576438}, "device": "cpu", "nd_range": {"device_start": 2246991.818893908, "device_end": 2246991.8385009593}, "cmdq": 2, "read": {"device_start": -1, "device_end": -1}}, "softmax14": {"write": {"device_start": -1, "host_queued_start": 1585579217.567197, "device_queued": -1, "device_end": -1, "host_queued_end": 1585579217.576438}, "device": "cpu", "nd_range": {"device_start": 2246991.863461095, "device_end": 2246991.863682764}, "cmdq": 1, "read": {"device_start": -1, "device_end": -1}}, "FFC_sans_bias13": {"write": {"device_start": -1, "host_queued_start": 1585579217.565284, "device_queued": -1, "device_end": -1, "host_queued_end": 1585579217.576438}, "device": "cpu", "nd_range": {"device_start": 2246991.84516408, "device_end": 2246991.856793472}, "cmdq": 3, "read": {"device_start": -1, "device_end": -1}}, "empty8": {"write": {"device_start": -1, "host_queued_start": 1585579217.538979, "device_queued": -1, "device_end": -1, "host_queued_end": 1585579217.576438}, "device": "cpu", "nd_range": {"device_start": 2246991.76603648, "device_end": 2246991.7660484}, "cmdq": 0, "read": {"device_start": -1, "device_end": -1}}, "FFC_sans_bias42": {"write": {"device_start": -1, "host_queued_start": 1585579217.570043, "device_queued": -1, "device_end": -1, "host_queued_end": 1585579217.576438}, "device": "cpu", "nd_range": {"device_start": 2246991.905797819, "device_end": 2246991.921046702}, "cmdq": 2, "read": {"device_start": -1, "device_end": -1}}, "FFC_sans_bias43": {"write": {"device_start": -1, "host_queued_start": 1585579217.575401, "device_queued": -1, "device_end": -1, "host_queued_end": 1585579217.576438}, "device": "cpu", "nd_range": {"device_start": 2246991.930648581, "device_end": 2246991.940029918}, "cmdq": 0, "read": {"device_start": -1, "device_end": -1}}, "FFC_sans_bias40": {"write": {"device_start": -1, "host_queued_start": 1585579217.566301, "device_queued": -1, "device_end": -1, "host_queued_end": 1585579217.576438}, "device": "cpu", "nd_range": {"device_start": 2246991.8715826133, "device_end": 2246991.8888761653}, "cmdq": 2, "read": {"device_start": -1, "device_end": -1}}, "softmax32": {"write": {"device_start": -1, "host_queued_start": 1585579217.567737, "device_queued": -1, "device_end": -1, "host_queued_end": 1585579217.576438}, "device": "cpu", "nd_range": {"device_start": 2246991.873270768, "device_end": 2246991.873485951}, "cmdq": 3, "read": {"device_start": -1, "device_end": -1}}, "FFC_sans_bias47": {"write": {"device_start": -1, "host_queued_start": 1585579217.562504, "device_queued": -1, "device_end": -1, "host_queued_end": 1585579217.576438}, "device": "cpu", "nd_range": {"device_start": 2246991.835199202, "device_end": 2246991.844694435}, "cmdq": 3, "read": {"device_start": -1, "device_end": -1}}, "FFC_sans_bias45": {"write": {"device_start": -1, "host_queued_start": 1585579217.560396, "device_queued": -1, "device_end": -1, "host_queued_end": 1585579217.576438}, "device": "cpu", "nd_range": {"device_start": 2246991.8211549893, "device_end": 2246991.836634417}, "cmdq": 1, "read": {"device_start": -1, "device_end": -1}}, "softmax50": {"write": {"device_start": -1, "host_queued_start": 1585579217.568341, "device_queued": -1, "device_end": -1, "host_queued_end": 1585579217.576438}, "device": "cpu", "nd_range": {"device_start": 2246991.8732698383, "device_end": 2246991.8734821193}, "cmdq": 1, "read": {"device_start": -1, "device_end": -1}}, "FFC_sans_bias33": {"write": {"device_start": -1, "host_queued_start": 1585579217.569698, "device_queued": -1, "device_end": -1, "host_queued_end": 1585579217.576438}, "device": "cpu", "nd_range": {"device_start": 2246991.8737817113, "device_end": 2246991.895285453}, "cmdq": 1, "read": {"device_start": -1, "device_end": -1}}, "FFC_sans_bias63": {"write": {"device_start": 1585579152.333352, "host_queued_start": 1585579217.532835, "device_queued": 1585579152.3328335, "device_end": 1585579152.3333817, "host_queued_end": 1585579217.537557}, "device": "gpu", "nd_range": {"device_start": 1585579152.3333867, "device_end": 1585579152.3355596}, "cmdq": 2, "read": {"device_start": -1, "device_end": -1}}, "FFC_sans_bias49": {"write": {"device_start": -1, "host_queued_start": 1585579217.566649, "device_queued": -1, "device_end": -1, "host_queued_end": 1585579217.576438}, "device": "cpu", "nd_range": {"device_start": 2246991.85691655, "device_end": 2246991.873150072}, "cmdq": 3, "read": {"device_start": -1, "device_end": -1}}, "FFC_sans_bias64": {"write": {"device_start": 1585579152.3328435, "host_queued_start": 1585579217.530726, "device_queued": 1585579152.3327487, "device_end": 1585579152.332903, "host_queued_end": 1585579217.537557}, "device": "gpu", "nd_range": {"device_start": 1585579152.3329105, "device_end": 1585579152.3345757}, "cmdq": 0, "read": {"device_start": -1, "device_end": -1}}, "FFC_sans_bias65": {"write": {"device_start": 1585579152.332947, "host_queued_start": 1585579217.531805, "device_queued": 1585579152.3328118, "device_end": 1585579152.3329778, "host_queued_end": 1585579217.537557}, "device": "gpu", "nd_range": {"device_start": 1585579152.3331032, "device_end": 1585579152.335119}, "cmdq": 1, "read": {"device_start": -1, "device_end": -1}}, "FFC_sans_bias67": {"write": {"device_start": -1, "host_queued_start": 1585579217.534266, "device_queued": -1, "device_end": -1, "host_queued_end": 1585579217.537557}, "device": "gpu", "nd_range": {"device_start": 1585579152.3354437, "device_end": 1585579152.3365417}, "cmdq": 1, "read": {"device_start": -1, "device_end": -1}}, "FFC_sans_bias24": {"write": {"device_start": -1, "host_queued_start": 1585579217.569362, "device_queued": -1, "device_end": -1, "host_queued_end": 1585579217.576438}, "device": "cpu", "nd_range": {"device_start": 2246991.896023704, "device_end": 2246991.9122005883}, "cmdq": 0, "read": {"device_start": -1, "device_end": -1}}, "FFC_sans_bias25": {"write": {"device_start": -1, "host_queued_start": 1585579217.57342, "device_queued": -1, "device_end": -1, "host_queued_end": 1585579217.576438}, "device": "cpu", "nd_range": {"device_start": 2246991.921054187, "device_end": 2246991.931799457}, "cmdq": 2, "read": {"device_start": -1, "device_end": -1}}, "FFC_sans_bias27": {"write": {"device_start": -1, "host_queued_start": 1585579217.554016, "device_queued": -1, "device_end": -1, "host_queued_end": 1585579217.576438}, "device": "cpu", "nd_range": {"device_start": 2246991.8032689933, "device_end": 2246991.8194283373}, "cmdq": 3, "read": {"device_start": -1, "device_end": -1}}, "FFC_sans_bias20": {"write": {"device_start": -1, "host_queued_start": 1585579217.552973, "device_queued": -1, "device_end": -1, "host_queued_end": 1585579217.576438}, "device": "cpu", "nd_range": {"device_start": 2246991.800655891, "device_end": 2246991.8187590702}, "cmdq": 2, "read": {"device_start": -1, "device_end": -1}}, "FFC_sans_bias22": {"write": {"device_start": -1, "host_queued_start": 1585579217.565621, "device_queued": -1, "device_end": -1, "host_queued_end": 1585579217.576438}, "device": "cpu", "nd_range": {"device_start": 2246991.856912462, "device_end": 2246991.873566139}, "cmdq": 0, "read": {"device_start": -1, "device_end": -1}}, "softmax68": {"write": {"device_start": -1, "host_queued_start": 1585579217.534785, "device_queued": -1, "device_end": -1, "host_queued_end": 1585579217.537557}, "device": "gpu", "nd_range": {"device_start": 1585579152.3365476, "device_end": 1585579152.3368814}, "cmdq": 3, "read": {"device_start": -1, "device_end": -1}}, "softmax5": {"write": {"device_start": -1, "host_queued_start": 1585579217.566925, "device_queued": -1, "device_end": -1, "host_queued_end": 1585579217.576438}, "device": "cpu", "nd_range": {"device_start": 2246991.8735759594, "device_end": 2246991.8812880074}, "cmdq": 0, "read": {"device_start": -1, "device_end": -1}}, "FFC_sans_bias28": {"write": {"device_start": -1, "host_queued_start": 1585579217.555088, "device_queued": -1, "device_end": -1, "host_queued_end": 1585579217.576438}, "device": "cpu", "nd_range": {"device_start": 2246991.8214528323, "device_end": 2246991.838063679}, "cmdq": 0, "read": {"device_start": -1, "device_end": -1}}, "FFC_sans_bias29": {"write": {"device_start": -1, "host_queued_start": 1585579217.556145, "device_queued": -1, "device_end": -1, "host_queued_end": 1585579217.576438}, "device": "cpu", "nd_range": {"device_start": 2246991.800803232, "device_end": 2246991.8211415373}, "cmdq": 1, "read": {"device_start": -1, "device_end": -1}}, "empty17": {"write": {"device_start": -1, "host_queued_start": 1585579217.540043, "device_queued": -1, "device_end": -1, "host_queued_end": 1585579217.576438}, "device": "cpu", "nd_range": {"device_start": 2246991.766126832, "device_end": 2246991.766128241}, "cmdq": 1, "read": {"device_start": -1, "device_end": -1}}, "softmax59": {"write": {"device_start": -1, "host_queued_start": 1585579217.534518, "device_queued": -1, "device_end": -1, "host_queued_end": 1585579217.537557}, "device": "gpu", "nd_range": {"device_start": 1585579152.3360565, "device_end": 1585579152.336596}, "cmdq": 2, "read": {"device_start": -1, "device_end": -1}}, "empty71": {"write": {"device_start": 1585579152.3322701, "host_queued_start": 1585579217.526449, "device_queued": 1585579152.332114, "device_end": 1585579152.3323317, "host_queued_end": 1585579217.537557}, "device": "gpu", "nd_range": {"device_start": 1585579152.3325355, "device_end": 1585579152.3325467}, "cmdq": 1, "read": {"device_start": -1, "device_end": -1}}, "empty35": {"write": {"device_start": -1, "host_queued_start": 1585579217.541731, "device_queued": -1, "device_end": -1, "host_queued_end": 1585579217.576438}, "device": "cpu", "nd_range": {"device_start": 2246991.7663330263, "device_end": 2246991.7663342673}, "cmdq": 3, "read": {"device_start": -1, "device_end": -1}}, "empty53": {"write": {"device_start": -1, "host_queued_start": 1585579217.543428, "device_queued": -1, "device_end": -1, "host_queued_end": 1585579217.576438}, "device": "cpu", "nd_range": {"device_start": 2246991.766531318, "device_end": 2246991.7665320793}, "cmdq": 1, "read": {"device_start": -1, "device_end": -1}}, "FFC_sans_bias46": {"write": {"device_start": -1, "host_queued_start": 1585579217.56145, "device_queued": -1, "device_end": -1, "host_queued_end": 1585579217.576438}, "device": "cpu", "nd_range": {"device_start": 2246991.838621852, "device_end": 2246991.8510218053}, "cmdq": 2, "read": {"device_start": -1, "device_end": -1}}, "coalesced_transpose66": {"write": {"device_start": -1, "host_queued_start": 1585579217.533626, "device_queued": -1, "device_end": -1, "host_queued_end": 1585579217.537557}, "device": "gpu", "nd_range": {"device_start": 1585579152.3345814, "device_end": 1585579152.335435}, "cmdq": 4, "read": {"device_start": -1, "device_end": -1}}, "coalesced_transpose48": {"write": {"device_start": -1, "host_queued_start": 1585579217.5646, "device_queued": -1, "device_end": -1, "host_queued_end": 1585579217.576438}, "device": "cpu", "nd_range": {"device_start": 2246991.8543676874, "device_end": 2246991.854601523}, "cmdq": 1, "read": {"device_start": -1, "device_end": -1}}}