{"FFC_sans_bias60": {"write": {"device_start": -1, "host_queued_start": 1585579237.197228, "device_queued": -1, "device_end": -1, "host_queued_end": 1585579237.20183}, "device": "gpu", "nd_range": {"device_start": 1585579172.004499, "device_end": 1585579172.0051162}, "cmdq": 0, "read": {"device_start": -1, "device_end": -1}}, "FFC_sans_bias4": {"write": {"device_start": -1, "host_queued_start": 1585579237.221581, "device_queued": -1, "device_end": -1, "host_queued_end": 1585579237.229263}, "device": "cpu", "nd_range": {"device_start": 2247011.4740132294, "device_end": 2247011.489252705}, "cmdq": 0, "read": {"device_start": -1, "device_end": -1}}, "FFC_sans_bias7": {"write": {"device_start": -1, "host_queued_start": 1585579237.226223, "device_queued": -1, "device_end": -1, "host_queued_end": 1585579237.229263}, "device": "cpu", "nd_range": {"device_start": 2247011.51555735, "device_end": 2247011.531623871}, "cmdq": 2, "read": {"device_start": -1, "device_end": -1}}, "FFC_sans_bias6": {"write": {"device_start": -1, "host_queued_start": 1585579237.224093, "device_queued": -1, "device_end": -1, "host_queued_end": 1585579237.229263}, "device": "cpu", "nd_range": {"device_start": 2247011.4998589572, "device_end": 2247011.5151594663}, "cmdq": 3, "read": {"device_start": -1, "device_end": -1}}, "FFC_sans_bias1": {"write": {"device_start": -1, "host_queued_start": 1585579237.208706, "device_queued": -1, "device_end": -1, "host_queued_end": 1585579237.229263}, "device": "cpu", "nd_range": {"device_start": 2247011.418889665, "device_end": 2247011.4344896483}, "cmdq": 0, "read": {"device_start": -1, "device_end": -1}}, "FFC_sans_bias0": {"write": {"device_start": -1, "host_queued_start": 1585579237.207635, "device_queued": -1, "device_end": -1, "host_queued_end": 1585579237.229263}, "device": "cpu", "nd_range": {"device_start": 2247011.4504172653, "device_end": 2247011.469903196}, "cmdq": 4, "read": {"device_start": -1, "device_end": -1}}, "FFC_sans_bias2": {"write": {"device_start": -1, "host_queued_start": 1585579237.209762, "device_queued": -1, "device_end": -1, "host_queued_end": 1585579237.229263}, "device": "cpu", "nd_range": {"device_start": 2247011.4188875323, "device_end": 2247011.434245367}, "cmdq": 1, "read": {"device_start": -1, "device_end": -1}}, "FFC_sans_bias61": {"write": {"device_start": 1585579172.0066407, "host_queued_start": 1585579237.200683, "device_queued": 1585579171.9984128, "device_end": 1585579172.0066702, "host_queued_end": 1585579237.20183}, "device": "gpu", "nd_range": {"device_start": 1585579172.0066779, "device_end": 1585579172.0079849}, "cmdq": 4, "read": {"device_start": 1585579172.0079877, "device_end": 1585579172.0080166}}, "FFC_sans_bias52": {"write": {"device_start": 1585579172.006227, "host_queued_start": 1585579237.19964, "device_queued": 1585579171.9983761, "device_end": 1585579172.006259, "host_queued_end": 1585579237.20183}, "device": "gpu", "nd_range": {"device_start": 1585579172.006536, "device_end": 1585579172.0074942}, "cmdq": 3, "read": {"device_start": 1585579172.0074966, "device_end": 1585579172.0075247}}, "FFC_sans_bias9": {"write": {"device_start": -1, "host_queued_start": 1585579237.21084, "device_queued": -1, "device_end": -1, "host_queued_end": 1585579237.229263}, "device": "cpu", "nd_range": {"device_start": 2247011.41909223, "device_end": 2247011.4345260602}, "cmdq": 2, "read": {"device_start": -1, "device_end": -1}}, "coalesced_transpose39": {"write": {"device_start": -1, "host_queued_start": 1585579237.193038, "device_queued": -1, "device_end": -1, "host_queued_end": 1585579237.20183}, "device": "gpu", "nd_range": {"device_start": 1585579172.000364, "device_end": 1585579172.0021627}, "cmdq": 1, "read": {"device_start": -1, "device_end": -1}}, "FFC_sans_bias55": {"write": {"device_start": 1585579171.9984832, "host_queued_start": 1585579237.189546, "device_queued": 1585579171.9969323, "device_end": 1585579171.9985137, "host_queued_end": 1585579237.20183}, "device": "gpu", "nd_range": {"device_start": 1585579171.9985168, "device_end": 1585579172.0008245}, "cmdq": 2, "read": {"device_start": -1, "device_end": -1}}, "FFC_sans_bias54": {"write": {"device_start": 1585579171.9980578, "host_queued_start": 1585579237.188511, "device_queued": 1585579171.9969082, "device_end": 1585579171.9980907, "host_queued_end": 1585579237.20183}, "device": "gpu", "nd_range": {"device_start": 1585579171.9980998, "device_end": 1585579172.000363}, "cmdq": 1, "read": {"device_start": -1, "device_end": -1}}, "FFC_sans_bias56": {"write": {"device_start": 1585579171.9974997, "host_queued_start": 1585579237.187473, "device_queued": 1585579171.9968503, "device_end": 1585579171.9975305, "host_queued_end": 1585579237.20183}, "device": "gpu", "nd_range": {"device_start": 1585579171.9975371, "device_end": 1585579171.9998674}, "cmdq": 0, "read": {"device_start": -1, "device_end": -1}}, "FFC_sans_bias51": {"write": {"device_start": -1, "host_queued_start": 1585579237.196913, "device_queued": -1, "device_end": -1, "host_queued_end": 1585579237.20183}, "device": "gpu", "nd_range": {"device_start": 1585579172.0045285, "device_end": 1585579172.0065157}, "cmdq": 4, "read": {"device_start": -1, "device_end": -1}}, "softmax23": {"write": {"device_start": -1, "host_queued_start": 1585579237.223477, "device_queued": -1, "device_end": -1, "host_queued_end": 1585579237.229263}, "device": "cpu", "nd_range": {"device_start": 2247011.494278869, "device_end": 2247011.494486329}, "cmdq": 1, "read": {"device_start": -1, "device_end": -1}}, "FFC_sans_bias37": {"write": {"device_start": 1585579171.9963944, "host_queued_start": 1585579237.181971, "device_queued": 1585579171.9962456, "device_end": 1585579171.9964223, "host_queued_end": 1585579237.20183}, "device": "gpu", "nd_range": {"device_start": 1585579171.9964254, "device_end": 1585579171.997394}, "cmdq": 0, "read": {"device_start": -1, "device_end": -1}}, "empty62": {"write": {"device_start": 1585579171.996112, "host_queued_start": 1585579237.179059, "device_queued": 1585579171.995912, "device_end": 1585579171.996183, "host_queued_end": 1585579237.20183}, "device": "gpu", "nd_range": {"device_start": 1585579171.9961882, "device_end": 1585579171.996193}, "cmdq": 2, "read": {"device_start": -1, "device_end": -1}}, "FFC_sans_bias70": {"write": {"device_start": 1585579172.0063987, "host_queued_start": 1585579237.201728, "device_queued": 1585579171.9986768, "device_end": 1585579172.006429, "host_queued_end": 1585579237.20183}, "device": "gpu", "nd_range": {"device_start": 1585579172.0066843, "device_end": 1585579172.0084667}, "cmdq": 0, "read": {"device_start": 1585579172.0084736, "device_end": 1585579172.0084972}}, "FFC_sans_bias58": {"write": {"device_start": -1, "host_queued_start": 1585579237.194959, "device_queued": -1, "device_end": -1, "host_queued_end": 1585579237.20183}, "device": "gpu", "nd_range": {"device_start": 1585579172.002283, "device_end": 1585579172.0038288}, "cmdq": 2, "read": {"device_start": -1, "device_end": -1}}, "softmax41": {"write": {"device_start": -1, "host_queued_start": 1585579237.195524, "device_queued": -1, "device_end": -1, "host_queued_end": 1585579237.20183}, "device": "gpu", "nd_range": {"device_start": 1585579172.0028772, "device_end": 1585579172.0044909}, "cmdq": 4, "read": {"device_start": -1, "device_end": -1}}, "FFC_sans_bias11": {"write": {"device_start": -1, "host_queued_start": 1585579237.213232, "device_queued": -1, "device_end": -1, "host_queued_end": 1585579237.229263}, "device": "cpu", "nd_range": {"device_start": 2247011.469949298, "device_end": 2247011.478566552}, "cmdq": 4, "read": {"device_start": -1, "device_end": -1}}, "FFC_sans_bias10": {"write": {"device_start": -1, "host_queued_start": 1585579237.212011, "device_queued": -1, "device_end": -1, "host_queued_end": 1585579237.229263}, "device": "cpu", "nd_range": {"device_start": 2247011.418928822, "device_end": 2247011.4350308683}, "cmdq": 3, "read": {"device_start": -1, "device_end": -1}}, "coalesced_transpose3": {"write": {"device_start": -1, "host_queued_start": 1585579237.220242, "device_queued": -1, "device_end": -1, "host_queued_end": 1585579237.229263}, "device": "cpu", "nd_range": {"device_start": 2247011.4699269542, "device_end": 2247011.4705074592}, "cmdq": 1, "read": {"device_start": -1, "device_end": -1}}, "FFC_sans_bias34": {"write": {"device_start": -1, "host_queued_start": 1585579237.229218, "device_queued": -1, "device_end": -1, "host_queued_end": 1585579237.229263}, "device": "cpu", "nd_range": {"device_start": 2247011.51603431, "device_end": 2247011.5316376463}, "cmdq": 0, "read": {"device_start": -1, "device_end": -1}}, "FFC_sans_bias15": {"write": {"device_start": -1, "host_queued_start": 1585579237.224438, "device_queued": -1, "device_end": -1, "host_queued_end": 1585579237.229263}, "device": "cpu", "nd_range": {"device_start": 2247011.496673087, "device_end": 2247011.5133221913}, "cmdq": 4, "read": {"device_start": -1, "device_end": -1}}, "FFC_sans_bias31": {"write": {"device_start": -1, "host_queued_start": 1585579237.222649, "device_queued": -1, "device_end": -1, "host_queued_end": 1585579237.229263}, "device": "cpu", "nd_range": {"device_start": 2247011.49253957, "device_end": 2247011.49973612}, "cmdq": 3, "read": {"device_start": -1, "device_end": -1}}, "FFC_sans_bias16": {"write": {"device_start": -1, "host_queued_start": 1585579237.227232, "device_queued": -1, "device_end": -1, "host_queued_end": 1585579237.229263}, "device": "cpu", "nd_range": {"device_start": 2247011.515169214, "device_end": 2247011.530524696}, "cmdq": 3, "read": {"device_start": -1, "device_end": -1}}, "FFC_sans_bias19": {"write": {"device_start": -1, "host_queued_start": 1585579237.215576, "device_queued": -1, "device_end": -1, "host_queued_end": 1585579237.229263}, "device": "cpu", "nd_range": {"device_start": 2247011.437763945, "device_end": 2247011.469903076}, "cmdq": 1, "read": {"device_start": -1, "device_end": -1}}, "FFC_sans_bias18": {"write": {"device_start": -1, "host_queued_start": 1585579237.214418, "device_queued": -1, "device_end": -1, "host_queued_end": 1585579237.229263}, "device": "cpu", "nd_range": {"device_start": 2247011.434632671, "device_end": 2247011.4498699494}, "cmdq": 0, "read": {"device_start": -1, "device_end": -1}}, "coalesced_transpose30": {"write": {"device_start": -1, "host_queued_start": 1585579237.221235, "device_queued": -1, "device_end": -1, "host_queued_end": 1585579237.229263}, "device": "cpu", "nd_range": {"device_start": 2247011.492258327, "device_end": 2247011.4924148433}, "cmdq": 4, "read": {"device_start": -1, "device_end": -1}}, "FFC_sans_bias69": {"write": {"device_start": -1, "host_queued_start": 1585579237.197548, "device_queued": -1, "device_end": -1, "host_queued_end": 1585579237.20183}, "device": "gpu", "nd_range": {"device_start": 1585579172.0045068, "device_end": 1585579172.0055215}, "cmdq": 1, "read": {"device_start": -1, "device_end": -1}}, "FFC_sans_bias38": {"write": {"device_start": 1585579171.9965472, "host_queued_start": 1585579237.183075, "device_queued": 1585579171.9964414, "device_end": 1585579171.9966166, "host_queued_end": 1585579237.20183}, "device": "gpu", "nd_range": {"device_start": 1585579171.9966958, "device_end": 1585579171.9979532}, "cmdq": 1, "read": {"device_start": -1, "device_end": -1}}, "coalesced_transpose57": {"write": {"device_start": -1, "host_queued_start": 1585579237.193658, "device_queued": -1, "device_end": -1, "host_queued_end": 1585579237.20183}, "device": "gpu", "nd_range": {"device_start": 1585579172.0013394, "device_end": 1585579172.002182}, "cmdq": 3, "read": {"device_start": -1, "device_end": -1}}, "empty26": {"write": {"device_start": -1, "host_queued_start": 1585579237.205691, "device_queued": -1, "device_end": -1, "host_queued_end": 1585579237.229263}, "device": "cpu", "nd_range": {"device_start": 2247011.419060695, "device_end": 2247011.4190641623}, "cmdq": 2, "read": {"device_start": -1, "device_end": -1}}, "coalesced_transpose12": {"write": {"device_start": -1, "host_queued_start": 1585579237.220578, "device_queued": -1, "device_end": -1, "host_queued_end": 1585579237.229263}, "device": "cpu", "nd_range": {"device_start": 2247011.449912756, "device_end": 2247011.4503044263}, "cmdq": 2, "read": {"device_start": -1, "device_end": -1}}, "empty44": {"write": {"device_start": 1585579171.995888, "host_queued_start": 1585579237.177148, "device_queued": 1585579171.995768, "device_end": 1585579171.9959364, "host_queued_end": 1585579237.20183}, "device": "gpu", "nd_range": {"device_start": 1585579171.995948, "device_end": 1585579171.9959528}, "cmdq": 0, "read": {"device_start": -1, "device_end": -1}}, "coalesced_transpose21": {"write": {"device_start": -1, "host_queued_start": 1585579237.220906, "device_queued": -1, "device_end": -1, "host_queued_end": 1585579237.229263}, "device": "cpu", "nd_range": {"device_start": 2247011.469922602, "device_end": 2247011.471119163}, "cmdq": 3, "read": {"device_start": -1, "device_end": -1}}, "FFC_sans_bias36": {"write": {"device_start": 1585579171.996305, "host_queued_start": 1585579237.180892, "device_queued": 1585579171.996119, "device_end": 1585579171.9963717, "host_queued_end": 1585579237.20183}, "device": "gpu", "nd_range": {"device_start": 1585579171.996377, "device_end": 1585579171.9969912}, "cmdq": 4, "read": {"device_start": -1, "device_end": -1}}, "softmax14": {"write": {"device_start": -1, "host_queued_start": 1585579237.223202, "device_queued": -1, "device_end": -1, "host_queued_end": 1585579237.229263}, "device": "cpu", "nd_range": {"device_start": 2247011.4948225073, "device_end": 2247011.495027991}, "cmdq": 0, "read": {"device_start": -1, "device_end": -1}}, "FFC_sans_bias13": {"write": {"device_start": -1, "host_queued_start": 1585579237.22193, "device_queued": -1, "device_end": -1, "host_queued_end": 1585579237.229263}, "device": "cpu", "nd_range": {"device_start": 2247011.470782019, "device_end": 2247011.4916898212}, "cmdq": 1, "read": {"device_start": -1, "device_end": -1}}, "empty8": {"write": {"device_start": -1, "host_queued_start": 1585579237.203412, "device_queued": -1, "device_end": -1, "host_queued_end": 1585579237.229263}, "device": "cpu", "nd_range": {"device_start": 2247011.418856537, "device_end": 2247011.4188672854}, "cmdq": 0, "read": {"device_start": -1, "device_end": -1}}, "FFC_sans_bias42": {"write": {"device_start": -1, "host_queued_start": 1585579237.196593, "device_queued": -1, "device_end": -1, "host_queued_end": 1585579237.20183}, "device": "gpu", "nd_range": {"device_start": 1585579172.0045211, "device_end": 1585579172.006084}, "cmdq": 3, "read": {"device_start": -1, "device_end": -1}}, "FFC_sans_bias43": {"write": {"device_start": 1585579172.00461, "host_queued_start": 1585579237.198578, "device_queued": 1585579171.9982474, "device_end": 1585579172.0046406, "host_queued_end": 1585579237.20183}, "device": "gpu", "nd_range": {"device_start": 1585579172.0061026, "device_end": 1585579172.0070586}, "cmdq": 2, "read": {"device_start": 1585579172.00707, "device_end": 1585579172.007094}}, "FFC_sans_bias40": {"write": {"device_start": -1, "host_queued_start": 1585579237.194293, "device_queued": -1, "device_end": -1, "host_queued_end": 1585579237.20183}, "device": "gpu", "nd_range": {"device_start": 1585579172.0022612, "device_end": 1585579172.0028653}, "cmdq": 0, "read": {"device_start": -1, "device_end": -1}}, "softmax32": {"write": {"device_start": -1, "host_queued_start": 1585579237.223754, "device_queued": -1, "device_end": -1, "host_queued_end": 1585579237.229263}, "device": "cpu", "nd_range": {"device_start": 2247011.501459611, "device_end": 2247011.501666509}, "cmdq": 2, "read": {"device_start": -1, "device_end": -1}}, "FFC_sans_bias47": {"write": {"device_start": 1585579171.9971998, "host_queued_start": 1585579237.186388, "device_queued": 1585579171.996503, "device_end": 1585579171.9972303, "host_queued_end": 1585579237.20183}, "device": "gpu", "nd_range": {"device_start": 1585579171.9972363, "device_end": 1585579171.9993794}, "cmdq": 4, "read": {"device_start": -1, "device_end": -1}}, "FFC_sans_bias45": {"write": {"device_start": 1585579171.9966383, "host_queued_start": 1585579237.184112, "device_queued": 1585579171.9964702, "device_end": 1585579171.9967136, "host_queued_end": 1585579237.20183}, "device": "gpu", "nd_range": {"device_start": 1585579171.9967186, "device_end": 1585579171.998374}, "cmdq": 2, "read": {"device_start": -1, "device_end": -1}}, "softmax50": {"write": {"device_start": -1, "host_queued_start": 1585579237.195775, "device_queued": -1, "device_end": -1, "host_queued_end": 1585579237.20183}, "device": "gpu", "nd_range": {"device_start": 1585579172.0032816, "device_end": 1585579172.004493}, "cmdq": 0, "read": {"device_start": -1, "device_end": -1}}, "FFC_sans_bias33": {"write": {"device_start": -1, "host_queued_start": 1585579237.225146, "device_queued": -1, "device_end": -1, "host_queued_end": 1585579237.229263}, "device": "cpu", "nd_range": {"device_start": 2247011.501794237, "device_end": 2247011.5160251153}, "cmdq": 1, "read": {"device_start": -1, "device_end": -1}}, "FFC_sans_bias63": {"write": {"device_start": 1585579171.999994, "host_queued_start": 1585579237.192707, "device_queued": 1585579171.997393, "device_end": 1585579172.000025, "host_queued_end": 1585579237.20183}, "device": "gpu", "nd_range": {"device_start": 1585579172.000028, "device_end": 1585579172.0022523}, "cmdq": 0, "read": {"device_start": -1, "device_end": -1}}, "FFC_sans_bias49": {"write": {"device_start": -1, "host_queued_start": 1585579237.194637, "device_queued": -1, "device_end": -1, "host_queued_end": 1585579237.20183}, "device": "gpu", "nd_range": {"device_start": 1585579172.002273, "device_end": 1585579172.0032701}, "cmdq": 1, "read": {"device_start": -1, "device_end": -1}}, "FFC_sans_bias64": {"write": {"device_start": 1585579171.999007, "host_queued_start": 1585579237.190623, "device_queued": 1585579171.9971037, "device_end": 1585579171.9990394, "host_queued_end": 1585579237.20183}, "device": "gpu", "nd_range": {"device_start": 1585579171.9990473, "device_end": 1585579172.0013313}, "cmdq": 3, "read": {"device_start": -1, "device_end": -1}}, "FFC_sans_bias65": {"write": {"device_start": 1585579171.999464, "host_queued_start": 1585579237.191671, "device_queued": 1585579171.9971442, "device_end": 1585579171.9994907, "host_queued_end": 1585579237.20183}, "device": "gpu", "nd_range": {"device_start": 1585579171.9994948, "device_end": 1585579172.0017734}, "cmdq": 4, "read": {"device_start": -1, "device_end": -1}}, "FFC_sans_bias67": {"write": {"device_start": -1, "host_queued_start": 1585579237.195277, "device_queued": -1, "device_end": -1, "host_queued_end": 1585579237.20183}, "device": "gpu", "nd_range": {"device_start": 1585579172.0022933, "device_end": 1585579172.0042465}, "cmdq": 3, "read": {"device_start": -1, "device_end": -1}}, "FFC_sans_bias24": {"write": {"device_start": -1, "host_queued_start": 1585579237.2248, "device_queued": -1, "device_end": -1, "host_queued_end": 1585579237.229263}, "device": "cpu", "nd_range": {"device_start": 2247011.4950365983, "device_end": 2247011.5147085832}, "cmdq": 0, "read": {"device_start": -1, "device_end": -1}}, "FFC_sans_bias25": {"write": {"device_start": -1, "host_queued_start": 1585579237.228224, "device_queued": -1, "device_end": -1, "host_queued_end": 1585579237.229263}, "device": "cpu", "nd_range": {"device_start": 2247011.514717345, "device_end": 2247011.53821176}, "cmdq": 4, "read": {"device_start": -1, "device_end": -1}}, "FFC_sans_bias27": {"write": {"device_start": -1, "host_queued_start": 1585579237.217671, "device_queued": -1, "device_end": -1, "host_queued_end": 1585579237.229263}, "device": "cpu", "nd_range": {"device_start": 2247011.4351458163, "device_end": 2247011.450800111}, "cmdq": 3, "read": {"device_start": -1, "device_end": -1}}, "FFC_sans_bias20": {"write": {"device_start": -1, "host_queued_start": 1585579237.216627, "device_queued": -1, "device_end": -1, "host_queued_end": 1585579237.229263}, "device": "cpu", "nd_range": {"device_start": 2247011.4345455123, "device_end": 2247011.449896838}, "cmdq": 2, "read": {"device_start": -1, "device_end": -1}}, "FFC_sans_bias22": {"write": {"device_start": -1, "host_queued_start": 1585579237.222277, "device_queued": -1, "device_end": -1, "host_queued_end": 1585579237.229263}, "device": "cpu", "nd_range": {"device_start": 2247011.4741164073, "device_end": 2247011.489498841}, "cmdq": 2, "read": {"device_start": -1, "device_end": -1}}, "softmax68": {"write": {"device_start": -1, "host_queued_start": 1585579237.196283, "device_queued": -1, "device_end": -1, "host_queued_end": 1585579237.20183}, "device": "gpu", "nd_range": {"device_start": 1585579172.0042615, "device_end": 1585579172.004465}, "cmdq": 2, "read": {"device_start": -1, "device_end": -1}}, "softmax5": {"write": {"device_start": -1, "host_queued_start": 1585579237.222928, "device_queued": -1, "device_end": -1, "host_queued_end": 1585579237.229263}, "device": "cpu", "nd_range": {"device_start": 2247011.492543239, "device_end": 2247011.4941709014}, "cmdq": 4, "read": {"device_start": -1, "device_end": -1}}, "FFC_sans_bias28": {"write": {"device_start": -1, "host_queued_start": 1585579237.218748, "device_queued": -1, "device_end": -1, "host_queued_end": 1585579237.229263}, "device": "cpu", "nd_range": {"device_start": 2247011.478705442, "device_end": 2247011.4922508793}, "cmdq": 4, "read": {"device_start": -1, "device_end": -1}}, "FFC_sans_bias29": {"write": {"device_start": -1, "host_queued_start": 1585579237.219803, "device_queued": -1, "device_end": -1, "host_queued_end": 1585579237.229263}, "device": "cpu", "nd_range": {"device_start": 2247011.45002467, "device_end": 2247011.459032732}, "cmdq": 0, "read": {"device_start": -1, "device_end": -1}}, "empty17": {"write": {"device_start": -1, "host_queued_start": 1585579237.204534, "device_queued": -1, "device_end": -1, "host_queued_end": 1585579237.229263}, "device": "cpu", "nd_range": {"device_start": 2247011.41885652, "device_end": 2247011.418867268}, "cmdq": 1, "read": {"device_start": -1, "device_end": -1}}, "softmax59": {"write": {"device_start": -1, "host_queued_start": 1585579237.196032, "device_queued": -1, "device_end": -1, "host_queued_end": 1585579237.20183}, "device": "gpu", "nd_range": {"device_start": 1585579172.0038416, "device_end": 1585579172.004288}, "cmdq": 1, "read": {"device_start": -1, "device_end": -1}}, "empty71": {"write": {"device_start": 1585579171.9962072, "host_queued_start": 1585579237.179896, "device_queued": 1585579171.9959455, "device_end": 1585579171.9962819, "host_queued_end": 1585579237.20183}, "device": "gpu", "nd_range": {"device_start": 1585579171.9962926, "device_end": 1585579171.9962995}, "cmdq": 3, "read": {"device_start": -1, "device_end": -1}}, "empty35": {"write": {"device_start": -1, "host_queued_start": 1585579237.20662, "device_queued": -1, "device_end": -1, "host_queued_end": 1585579237.229263}, "device": "cpu", "nd_range": {"device_start": 2247011.418908689, "device_end": 2247011.418913355}, "cmdq": 3, "read": {"device_start": -1, "device_end": -1}}, "empty53": {"write": {"device_start": 1585579171.9960213, "host_queued_start": 1585579237.178189, "device_queued": 1585579171.9958758, "device_end": 1585579171.996094, "host_queued_end": 1585579237.20183}, "device": "gpu", "nd_range": {"device_start": 1585579171.9961743, "device_end": 1585579171.996191}, "cmdq": 1, "read": {"device_start": -1, "device_end": -1}}, "FFC_sans_bias46": {"write": {"device_start": 1585579171.9967275, "host_queued_start": 1585579237.185154, "device_queued": 1585579171.9964845, "device_end": 1585579171.9967532, "host_queued_end": 1585579237.20183}, "device": "gpu", "nd_range": {"device_start": 1585579171.9967628, "device_end": 1585579171.9989126}, "cmdq": 3, "read": {"device_start": -1, "device_end": -1}}, "coalesced_transpose66": {"write": {"device_start": -1, "host_queued_start": 1585579237.193961, "device_queued": -1, "device_end": -1, "host_queued_end": 1585579237.20183}, "device": "gpu", "nd_range": {"device_start": 1585579172.001781, "device_end": 1585579172.0021842}, "cmdq": 4, "read": {"device_start": -1, "device_end": -1}}, "coalesced_transpose48": {"write": {"device_start": -1, "host_queued_start": 1585579237.193352, "device_queued": -1, "device_end": -1, "host_queued_end": 1585579237.20183}, "device": "gpu", "nd_range": {"device_start": 1585579172.0008264, "device_end": 1585579172.00218}, "cmdq": 2, "read": {"device_start": -1, "device_end": -1}}}