{"FFC_sans_bias60": {"write": {"device_start": -1, "host_queued_start": 1585579167.098699, "device_queued": -1, "device_end": -1, "host_queued_end": 1585579167.101165}, "device": "gpu", "nd_range": {"device_start": 1585579101.901572, "device_end": 1585579101.9021776}, "cmdq": 4, "read": {"device_start": -1, "device_end": -1}}, "FFC_sans_bias4": {"write": {"device_start": -1, "host_queued_start": 1585579167.128306, "device_queued": -1, "device_end": -1, "host_queued_end": 1585579167.139841}, "device": "cpu", "nd_range": {"device_start": 2246941.4043531963, "device_end": 2246941.409835079}, "cmdq": 0, "read": {"device_start": -1, "device_end": -1}}, "FFC_sans_bias7": {"write": {"device_start": -1, "host_queued_start": 1585579167.134798, "device_queued": -1, "device_end": -1, "host_queued_end": 1585579167.139841}, "device": "cpu", "nd_range": {"device_start": 2246941.455360011, "device_end": 2246941.4632616653}, "cmdq": 0, "read": {"device_start": -1, "device_end": -1}}, "FFC_sans_bias6": {"write": {"device_start": -1, "host_queued_start": 1585579167.132037, "device_queued": -1, "device_end": -1, "host_queued_end": 1585579167.139841}, "device": "cpu", "nd_range": {"device_start": 2246941.4252573033, "device_end": 2246941.4375564093}, "cmdq": 0, "read": {"device_start": -1, "device_end": -1}}, "FFC_sans_bias1": {"write": {"device_start": -1, "host_queued_start": 1585579167.10905, "device_queued": -1, "device_end": -1, "host_queued_end": 1585579167.139841}, "device": "cpu", "nd_range": {"device_start": 2246941.3294914314, "device_end": 2246941.3375814343}, "cmdq": 1, "read": {"device_start": -1, "device_end": -1}}, "FFC_sans_bias0": {"write": {"device_start": -1, "host_queued_start": 1585579167.107912, "device_queued": -1, "device_end": -1, "host_queued_end": 1585579167.139841}, "device": "cpu", "nd_range": {"device_start": 2246941.329490887, "device_end": 2246941.33867261}, "cmdq": 0, "read": {"device_start": -1, "device_end": -1}}, "FFC_sans_bias2": {"write": {"device_start": -1, "host_queued_start": 1585579167.110102, "device_queued": -1, "device_end": -1, "host_queued_end": 1585579167.139841}, "device": "cpu", "nd_range": {"device_start": 2246941.34154077, "device_end": 2246941.348219418}, "cmdq": 0, "read": {"device_start": -1, "device_end": -1}}, "FFC_sans_bias61": {"write": {"device_start": 1585579101.9016461, "host_queued_start": 1585579167.100018, "device_queued": 1585579101.8984814, "device_end": 1585579101.9017115, "host_queued_end": 1585579167.101165}, "device": "gpu", "nd_range": {"device_start": 1585579101.9021802, "device_end": 1585579101.9031498}, "cmdq": 1, "read": {"device_start": 1585579101.9031587, "device_end": 1585579101.9031813}}, "FFC_sans_bias52": {"write": {"device_start": -1, "host_queued_start": 1585579167.139797, "device_queued": -1, "device_end": -1, "host_queued_end": 1585579167.139841}, "device": "cpu", "nd_range": {"device_start": 2246941.4836421083, "device_end": 2246941.489165551}, "cmdq": 1, "read": {"device_start": -1, "device_end": -1}}, "FFC_sans_bias9": {"write": {"device_start": -1, "host_queued_start": 1585579167.111176, "device_queued": -1, "device_end": -1, "host_queued_end": 1585579167.139841}, "device": "cpu", "nd_range": {"device_start": 2246941.33770273, "device_end": 2246941.341776362}, "cmdq": 1, "read": {"device_start": -1, "device_end": -1}}, "coalesced_transpose39": {"write": {"device_start": -1, "host_queued_start": 1585579167.127612, "device_queued": -1, "device_end": -1, "host_queued_end": 1585579167.139841}, "device": "cpu", "nd_range": {"device_start": 2246941.4041347043, "device_end": 2246941.4042402813}, "cmdq": 0, "read": {"device_start": -1, "device_end": -1}}, "FFC_sans_bias55": {"write": {"device_start": 1585579101.8975773, "host_queued_start": 1585579167.093244, "device_queued": 1585579101.8974855, "device_end": 1585579101.897611, "host_queued_end": 1585579167.101165}, "device": "gpu", "nd_range": {"device_start": 1585579101.8976228, "device_end": 1585579101.899116}, "cmdq": 4, "read": {"device_start": -1, "device_end": -1}}, "FFC_sans_bias54": {"write": {"device_start": 1585579101.897439, "host_queued_start": 1585579167.092191, "device_queued": 1585579101.8971949, "device_end": 1585579101.8974626, "host_queued_end": 1585579167.101165}, "device": "gpu", "nd_range": {"device_start": 1585579101.8976042, "device_end": 1585579101.898563}, "cmdq": 3, "read": {"device_start": -1, "device_end": -1}}, "FFC_sans_bias56": {"write": {"device_start": 1585579101.8973415, "host_queued_start": 1585579167.091128, "device_queued": 1585579101.8971548, "device_end": 1585579101.8974056, "host_queued_end": 1585579167.101165}, "device": "gpu", "nd_range": {"device_start": 1585579101.897554, "device_end": 1585579101.8981545}, "cmdq": 2, "read": {"device_start": -1, "device_end": -1}}, "FFC_sans_bias51": {"write": {"device_start": -1, "host_queued_start": 1585579167.133744, "device_queued": -1, "device_end": -1, "host_queued_end": 1585579167.139841}, "device": "cpu", "nd_range": {"device_start": 2246941.46093108, "device_end": 2246941.4692783933}, "cmdq": 1, "read": {"device_start": -1, "device_end": -1}}, "softmax23": {"write": {"device_start": -1, "host_queued_start": 1585579167.130852, "device_queued": -1, "device_end": -1, "host_queued_end": 1585579167.139841}, "device": "cpu", "nd_range": {"device_start": 2246941.424636383, "device_end": 2246941.4248423963}, "cmdq": 0, "read": {"device_start": -1, "device_end": -1}}, "FFC_sans_bias37": {"write": {"device_start": -1, "host_queued_start": 1585579167.121673, "device_queued": -1, "device_end": -1, "host_queued_end": 1585579167.139841}, "device": "cpu", "nd_range": {"device_start": 2246941.386362527, "device_end": 2246941.3920876454}, "cmdq": 1, "read": {"device_start": -1, "device_end": -1}}, "empty62": {"write": {"device_start": 1585579101.8971195, "host_queued_start": 1585579167.089058, "device_queued": 1585579101.896995, "device_end": 1585579101.8971612, "host_queued_end": 1585579167.101165}, "device": "gpu", "nd_range": {"device_start": 1585579101.897164, "device_end": 1585579101.8971694}, "cmdq": 0, "read": {"device_start": -1, "device_end": -1}}, "FFC_sans_bias70": {"write": {"device_start": 1585579101.9017165, "host_queued_start": 1585579167.101062, "device_queued": 1585579101.8985062, "device_end": 1585579101.9017415, "host_queued_end": 1585579167.101165}, "device": "gpu", "nd_range": {"device_start": 1585579101.9025917, "device_end": 1585579101.9035752}, "cmdq": 2, "read": {"device_start": 1585579101.903578, "device_end": 1585579101.9036012}}, "FFC_sans_bias58": {"write": {"device_start": -1, "host_queued_start": 1585579167.097552, "device_queued": -1, "device_end": -1, "host_queued_end": 1585579167.101165}, "device": "gpu", "nd_range": {"device_start": 1585579101.9004245, "device_end": 1585579101.9010258}, "cmdq": 0, "read": {"device_start": -1, "device_end": -1}}, "softmax41": {"write": {"device_start": -1, "host_queued_start": 1585579167.131394, "device_queued": -1, "device_end": -1, "host_queued_end": 1585579167.139841}, "device": "cpu", "nd_range": {"device_start": 2246941.4249489843, "device_end": 2246941.425152157}, "cmdq": 0, "read": {"device_start": -1, "device_end": -1}}, "FFC_sans_bias11": {"write": {"device_start": -1, "host_queued_start": 1585579167.113268, "device_queued": -1, "device_end": -1, "host_queued_end": 1585579167.139841}, "device": "cpu", "nd_range": {"device_start": 2246941.3418954033, "device_end": 2246941.354630404}, "cmdq": 1, "read": {"device_start": -1, "device_end": -1}}, "FFC_sans_bias10": {"write": {"device_start": -1, "host_queued_start": 1585579167.112221, "device_queued": -1, "device_end": -1, "host_queued_end": 1585579167.139841}, "device": "cpu", "nd_range": {"device_start": 2246941.348352253, "device_end": 2246941.3557160622}, "cmdq": 0, "read": {"device_start": -1, "device_end": -1}}, "coalesced_transpose3": {"write": {"device_start": -1, "host_queued_start": 1585579167.126208, "device_queued": -1, "device_end": -1, "host_queued_end": 1585579167.139841}, "device": "cpu", "nd_range": {"device_start": 2246941.403673692, "device_end": 2246941.403790166}, "cmdq": 0, "read": {"device_start": -1, "device_end": -1}}, "FFC_sans_bias34": {"write": {"device_start": -1, "host_queued_start": 1585579167.137809, "device_queued": -1, "device_end": -1, "host_queued_end": 1585579167.139841}, "device": "cpu", "nd_range": {"device_start": 2246941.4751162403, "device_end": 2246941.483639183}, "cmdq": 1, "read": {"device_start": -1, "device_end": -1}}, "FFC_sans_bias15": {"write": {"device_start": -1, "host_queued_start": 1585579167.132378, "device_queued": -1, "device_end": -1, "host_queued_end": 1585579167.139841}, "device": "cpu", "nd_range": {"device_start": 2246941.443352548, "device_end": 2246941.4529784303}, "cmdq": 1, "read": {"device_start": -1, "device_end": -1}}, "FFC_sans_bias31": {"write": {"device_start": -1, "host_queued_start": 1585579167.129345, "device_queued": -1, "device_end": -1, "host_queued_end": 1585579167.139841}, "device": "cpu", "nd_range": {"device_start": 2246941.428247117, "device_end": 2246941.436586013}, "cmdq": 1, "read": {"device_start": -1, "device_end": -1}}, "FFC_sans_bias16": {"write": {"device_start": -1, "host_queued_start": 1585579167.135811, "device_queued": -1, "device_end": -1, "host_queued_end": 1585579167.139841}, "device": "cpu", "nd_range": {"device_start": 2246941.469393635, "device_end": 2246941.475112792}, "cmdq": 1, "read": {"device_start": -1, "device_end": -1}}, "FFC_sans_bias19": {"write": {"device_start": -1, "host_queued_start": 1585579167.115373, "device_queued": -1, "device_end": -1, "host_queued_end": 1585579167.139841}, "device": "cpu", "nd_range": {"device_start": 2246941.354753387, "device_end": 2246941.360504617}, "cmdq": 1, "read": {"device_start": -1, "device_end": -1}}, "FFC_sans_bias18": {"write": {"device_start": -1, "host_queued_start": 1585579167.11431, "device_queued": -1, "device_end": -1, "host_queued_end": 1585579167.139841}, "device": "cpu", "nd_range": {"device_start": 2246941.3558356212, "device_end": 2246941.3635082403}, "cmdq": 0, "read": {"device_start": -1, "device_end": -1}}, "coalesced_transpose30": {"write": {"device_start": -1, "host_queued_start": 1585579167.127226, "device_queued": -1, "device_end": -1, "host_queued_end": 1585579167.139841}, "device": "cpu", "nd_range": {"device_start": 2246941.419722352, "device_end": 2246941.419980315}, "cmdq": 1, "read": {"device_start": -1, "device_end": -1}}, "FFC_sans_bias69": {"write": {"device_start": -1, "host_queued_start": 1585579167.099008, "device_queued": -1, "device_end": -1, "host_queued_end": 1585579167.101165}, "device": "gpu", "nd_range": {"device_start": 1585579101.9019048, "device_end": 1585579101.9025872}, "cmdq": 0, "read": {"device_start": -1, "device_end": -1}}, "FFC_sans_bias38": {"write": {"device_start": -1, "host_queued_start": 1585579167.122744, "device_queued": -1, "device_end": -1, "host_queued_end": 1585579167.139841}, "device": "cpu", "nd_range": {"device_start": 2246941.3875371353, "device_end": 2246941.3951650443}, "cmdq": 0, "read": {"device_start": -1, "device_end": -1}}, "coalesced_transpose57": {"write": {"device_start": -1, "host_queued_start": 1585579167.096756, "device_queued": -1, "device_end": -1, "host_queued_end": 1585579167.101165}, "device": "gpu", "nd_range": {"device_start": 1585579101.8991227, "device_end": 1585579101.9004178}, "cmdq": 3, "read": {"device_start": -1, "device_end": -1}}, "empty26": {"write": {"device_start": -1, "host_queued_start": 1585579167.104477, "device_queued": -1, "device_end": -1, "host_queued_end": 1585579167.139841}, "device": "cpu", "nd_range": {"device_start": 2246941.329474422, "device_end": 2246941.3294756743}, "cmdq": 0, "read": {"device_start": -1, "device_end": -1}}, "coalesced_transpose12": {"write": {"device_start": -1, "host_queued_start": 1585579167.126537, "device_queued": -1, "device_end": -1, "host_queued_end": 1585579167.139841}, "device": "cpu", "nd_range": {"device_start": 2246941.418433566, "device_end": 2246941.419605414}, "cmdq": 1, "read": {"device_start": -1, "device_end": -1}}, "empty44": {"write": {"device_start": -1, "host_queued_start": 1585579167.106085, "device_queued": -1, "device_end": -1, "host_queued_end": 1585579167.139841}, "device": "cpu", "nd_range": {"device_start": 2246941.329484112, "device_end": 2246941.329485114}, "cmdq": 0, "read": {"device_start": -1, "device_end": -1}}, "coalesced_transpose21": {"write": {"device_start": -1, "host_queued_start": 1585579167.126898, "device_queued": -1, "device_end": -1, "host_queued_end": 1585579167.139841}, "device": "cpu", "nd_range": {"device_start": 2246941.4039021553, "device_end": 2246941.4040178773}, "cmdq": 0, "read": {"device_start": -1, "device_end": -1}}, "FFC_sans_bias36": {"write": {"device_start": -1, "host_queued_start": 1585579167.120631, "device_queued": -1, "device_end": -1, "host_queued_end": 1585579167.139841}, "device": "cpu", "nd_range": {"device_start": 2246941.378420499, "device_end": 2246941.387422114}, "cmdq": 0, "read": {"device_start": -1, "device_end": -1}}, "softmax14": {"write": {"device_start": -1, "host_queued_start": 1585579167.130581, "device_queued": -1, "device_end": -1, "host_queued_end": 1585579167.139841}, "device": "cpu", "nd_range": {"device_start": 2246941.442411979, "device_end": 2246941.442619802}, "cmdq": 1, "read": {"device_start": -1, "device_end": -1}}, "FFC_sans_bias13": {"write": {"device_start": -1, "host_queued_start": 1585579167.128667, "device_queued": -1, "device_end": -1, "host_queued_end": 1585579167.139841}, "device": "cpu", "nd_range": {"device_start": 2246941.4204565603, "device_end": 2246941.42813608}, "cmdq": 1, "read": {"device_start": -1, "device_end": -1}}, "empty8": {"write": {"device_start": -1, "host_queued_start": 1585579167.102549, "device_queued": -1, "device_end": -1, "host_queued_end": 1585579167.139841}, "device": "cpu", "nd_range": {"device_start": 2246941.329442528, "device_end": 2246941.3294559633}, "cmdq": 0, "read": {"device_start": -1, "device_end": -1}}, "FFC_sans_bias42": {"write": {"device_start": -1, "host_queued_start": 1585579167.133405, "device_queued": -1, "device_end": -1, "host_queued_end": 1585579167.139841}, "device": "cpu", "nd_range": {"device_start": 2246941.4476776873, "device_end": 2246941.455352853}, "cmdq": 0, "read": {"device_start": -1, "device_end": -1}}, "FFC_sans_bias43": {"write": {"device_start": -1, "host_queued_start": 1585579167.138808, "device_queued": -1, "device_end": -1, "host_queued_end": 1585579167.139841}, "device": "cpu", "nd_range": {"device_start": 2246941.475134298, "device_end": 2246941.487032607}, "cmdq": 0, "read": {"device_start": -1, "device_end": -1}}, "FFC_sans_bias40": {"write": {"device_start": -1, "host_queued_start": 1585579167.129683, "device_queued": -1, "device_end": -1, "host_queued_end": 1585579167.139841}, "device": "cpu", "nd_range": {"device_start": 2246941.4184678732, "device_end": 2246941.424190875}, "cmdq": 0, "read": {"device_start": -1, "device_end": -1}}, "softmax32": {"write": {"device_start": -1, "host_queued_start": 1585579167.131123, "device_queued": -1, "device_end": -1, "host_queued_end": 1585579167.139841}, "device": "cpu", "nd_range": {"device_start": 2246941.442728869, "device_end": 2246941.442932548}, "cmdq": 1, "read": {"device_start": -1, "device_end": -1}}, "FFC_sans_bias47": {"write": {"device_start": -1, "host_queued_start": 1585579167.125878, "device_queued": -1, "device_end": -1, "host_queued_end": 1585579167.139841}, "device": "cpu", "nd_range": {"device_start": 2246941.407333222, "device_end": 2246941.418426795}, "cmdq": 1, "read": {"device_start": -1, "device_end": -1}}, "FFC_sans_bias45": {"write": {"device_start": -1, "host_queued_start": 1585579167.123791, "device_queued": -1, "device_end": -1, "host_queued_end": 1585579167.139841}, "device": "cpu", "nd_range": {"device_start": 2246941.392199642, "device_end": 2246941.407220078}, "cmdq": 1, "read": {"device_start": -1, "device_end": -1}}, "softmax50": {"write": {"device_start": -1, "host_queued_start": 1585579167.131695, "device_queued": -1, "device_end": -1, "host_queued_end": 1585579167.139841}, "device": "cpu", "nd_range": {"device_start": 2246941.443040144, "device_end": 2246941.443242122}, "cmdq": 1, "read": {"device_start": -1, "device_end": -1}}, "FFC_sans_bias33": {"write": {"device_start": -1, "host_queued_start": 1585579167.13306, "device_queued": -1, "device_end": -1, "host_queued_end": 1585579167.139841}, "device": "cpu", "nd_range": {"device_start": 2246941.4530859143, "device_end": 2246941.460819643}, "cmdq": 1, "read": {"device_start": -1, "device_end": -1}}, "FFC_sans_bias63": {"write": {"device_start": 1585579101.898334, "host_queued_start": 1585579167.09644, "device_queued": 1585579101.897816, "device_end": 1585579101.8983648, "host_queued_end": 1585579167.101165}, "device": "gpu", "nd_range": {"device_start": 1585579101.8983688, "device_end": 1585579101.900562}, "cmdq": 2, "read": {"device_start": -1, "device_end": -1}}, "FFC_sans_bias49": {"write": {"device_start": -1, "host_queued_start": 1585579167.130026, "device_queued": -1, "device_end": -1, "host_queued_end": 1585579167.139841}, "device": "cpu", "nd_range": {"device_start": 2246941.436592915, "device_end": 2246941.442299359}, "cmdq": 1, "read": {"device_start": -1, "device_end": -1}}, "FFC_sans_bias64": {"write": {"device_start": 1585579101.8978302, "host_queued_start": 1585579167.094311, "device_queued": 1585579101.8977334, "device_end": 1585579101.897871, "host_queued_end": 1585579167.101165}, "device": "gpu", "nd_range": {"device_start": 1585579101.8978758, "device_end": 1585579101.8995745}, "cmdq": 0, "read": {"device_start": -1, "device_end": -1}}, "FFC_sans_bias65": {"write": {"device_start": 1585579101.8979385, "host_queued_start": 1585579167.095417, "device_queued": 1585579101.8977983, "device_end": 1585579101.8979683, "host_queued_end": 1585579167.101165}, "device": "gpu", "nd_range": {"device_start": 1585579101.8980849, "device_end": 1585579101.9000583}, "cmdq": 1, "read": {"device_start": -1, "device_end": -1}}, "FFC_sans_bias67": {"write": {"device_start": -1, "host_queued_start": 1585579167.097867, "device_queued": -1, "device_end": -1, "host_queued_end": 1585579167.101165}, "device": "gpu", "nd_range": {"device_start": 1585579101.9004364, "device_end": 1585579101.901521}, "cmdq": 1, "read": {"device_start": -1, "device_end": -1}}, "FFC_sans_bias24": {"write": {"device_start": -1, "host_queued_start": 1585579167.132719, "device_queued": -1, "device_end": -1, "host_queued_end": 1585579167.139841}, "device": "cpu", "nd_range": {"device_start": 2246941.4376705573, "device_end": 2246941.4476685664}, "cmdq": 0, "read": {"device_start": -1, "device_end": -1}}, "FFC_sans_bias25": {"write": {"device_start": -1, "host_queued_start": 1585579167.136821, "device_queued": -1, "device_end": -1, "host_queued_end": 1585579167.139841}, "device": "cpu", "nd_range": {"device_start": 2246941.463264956, "device_end": 2246941.4751306763}, "cmdq": 0, "read": {"device_start": -1, "device_end": -1}}, "FFC_sans_bias27": {"write": {"device_start": -1, "host_queued_start": 1585579167.117463, "device_queued": -1, "device_end": -1, "host_queued_end": 1585579167.139841}, "device": "cpu", "nd_range": {"device_start": 2246941.3606252354, "device_end": 2246941.374248263}, "cmdq": 1, "read": {"device_start": -1, "device_end": -1}}, "FFC_sans_bias20": {"write": {"device_start": -1, "host_queued_start": 1585579167.116419, "device_queued": -1, "device_end": -1, "host_queued_end": 1585579167.139841}, "device": "cpu", "nd_range": {"device_start": 2246941.363621438, "device_end": 2246941.3725427804}, "cmdq": 0, "read": {"device_start": -1, "device_end": -1}}, "FFC_sans_bias22": {"write": {"device_start": -1, "host_queued_start": 1585579167.129007, "device_queued": -1, "device_end": -1, "host_queued_end": 1585579167.139841}, "device": "cpu", "nd_range": {"device_start": 2246941.4099497753, "device_end": 2246941.418335773}, "cmdq": 0, "read": {"device_start": -1, "device_end": -1}}, "softmax68": {"write": {"device_start": -1, "host_queued_start": 1585579167.098359, "device_queued": -1, "device_end": -1, "host_queued_end": 1585579167.101165}, "device": "gpu", "nd_range": {"device_start": 1585579101.9015357, "device_end": 1585579101.9018977}, "cmdq": 3, "read": {"device_start": -1, "device_end": -1}}, "softmax5": {"write": {"device_start": -1, "host_queued_start": 1585579167.130304, "device_queued": -1, "device_end": -1, "host_queued_end": 1585579167.139841}, "device": "cpu", "nd_range": {"device_start": 2246941.424306421, "device_end": 2246941.424525855}, "cmdq": 0, "read": {"device_start": -1, "device_end": -1}}, "FFC_sans_bias28": {"write": {"device_start": -1, "host_queued_start": 1585579167.11851, "device_queued": -1, "device_end": -1, "host_queued_end": 1585579167.139841}, "device": "cpu", "nd_range": {"device_start": 2246941.372550026, "device_end": 2246941.378303661}, "cmdq": 0, "read": {"device_start": -1, "device_end": -1}}, "FFC_sans_bias29": {"write": {"device_start": -1, "host_queued_start": 1585579167.119591, "device_queued": -1, "device_end": -1, "host_queued_end": 1585579167.139841}, "device": "cpu", "nd_range": {"device_start": 2246941.374362905, "device_end": 2246941.386244407}, "cmdq": 1, "read": {"device_start": -1, "device_end": -1}}, "empty17": {"write": {"device_start": -1, "host_queued_start": 1585579167.103643, "device_queued": -1, "device_end": -1, "host_queued_end": 1585579167.139841}, "device": "cpu", "nd_range": {"device_start": 2246941.329447376, "device_end": 2246941.3294559573}, "cmdq": 1, "read": {"device_start": -1, "device_end": -1}}, "softmax59": {"write": {"device_start": -1, "host_queued_start": 1585579167.098118, "device_queued": -1, "device_end": -1, "host_queued_end": 1585579167.101165}, "device": "gpu", "nd_range": {"device_start": 1585579101.9010322, "device_end": 1585579101.901568}, "cmdq": 2, "read": {"device_start": -1, "device_end": -1}}, "empty71": {"write": {"device_start": 1585579101.8972323, "host_queued_start": 1585579167.090095, "device_queued": 1585579101.8971157, "device_end": 1585579101.8972821, "host_queued_end": 1585579167.101165}, "device": "gpu", "nd_range": {"device_start": 1585579101.8975253, "device_end": 1585579101.8975348}, "cmdq": 1, "read": {"device_start": -1, "device_end": -1}}, "empty35": {"write": {"device_start": -1, "host_queued_start": 1585579167.105282, "device_queued": -1, "device_end": -1, "host_queued_end": 1585579167.139841}, "device": "cpu", "nd_range": {"device_start": 2246941.329477584, "device_end": 2246941.329478838}, "cmdq": 1, "read": {"device_start": -1, "device_end": -1}}, "empty53": {"write": {"device_start": -1, "host_queued_start": 1585579167.106962, "device_queued": -1, "device_end": -1, "host_queued_end": 1585579167.139841}, "device": "cpu", "nd_range": {"device_start": 2246941.329485236, "device_end": 2246941.329486093}, "cmdq": 1, "read": {"device_start": -1, "device_end": -1}}, "FFC_sans_bias46": {"write": {"device_start": -1, "host_queued_start": 1585579167.124835, "device_queued": -1, "device_end": -1, "host_queued_end": 1585579167.139841}, "device": "cpu", "nd_range": {"device_start": 2246941.395283459, "device_end": 2246941.403543448}, "cmdq": 0, "read": {"device_start": -1, "device_end": -1}}, "coalesced_transpose66": {"write": {"device_start": -1, "host_queued_start": 1585579167.097228, "device_queued": -1, "device_end": -1, "host_queued_end": 1585579167.101165}, "device": "gpu", "nd_range": {"device_start": 1585579101.8995807, "device_end": 1585579101.9004304}, "cmdq": 4, "read": {"device_start": -1, "device_end": -1}}, "coalesced_transpose48": {"write": {"device_start": -1, "host_queued_start": 1585579167.127953, "device_queued": -1, "device_end": -1, "host_queued_end": 1585579167.139841}, "device": "cpu", "nd_range": {"device_start": 2246941.4201011104, "device_end": 2246941.420349194}, "cmdq": 1, "read": {"device_start": -1, "device_end": -1}}}