{"FFC_sans_bias60": {"write": {"device_start": -1, "host_queued_start": 1585578895.084266, "device_queued": -1, "device_end": -1, "host_queued_end": 1585578895.092675}, "device": "cpu", "nd_range": {"device_start": 2246669.459154018, "device_end": 2246669.463664174}, "cmdq": 0, "read": {"device_start": -1, "device_end": -1}}, "FFC_sans_bias4": {"write": {"device_start": -1, "host_queued_start": 1585578895.077094, "device_queued": -1, "device_end": -1, "host_queued_end": 1585578895.092675}, "device": "cpu", "nd_range": {"device_start": 2246669.394128911, "device_end": 2246669.3980383934}, "cmdq": 0, "read": {"device_start": -1, "device_end": -1}}, "FFC_sans_bias7": {"write": {"device_start": -1, "host_queued_start": 1585578895.085658, "device_queued": -1, "device_end": -1, "host_queued_end": 1585578895.092675}, "device": "cpu", "nd_range": {"device_start": 2246669.468210312, "device_end": 2246669.4727654383}, "cmdq": 0, "read": {"device_start": -1, "device_end": -1}}, "FFC_sans_bias6": {"write": {"device_start": -1, "host_queued_start": 1585578895.082119, "device_queued": -1, "device_end": -1, "host_queued_end": 1585578895.092675}, "device": "cpu", "nd_range": {"device_start": 2246669.4315370643, "device_end": 2246669.435977886}, "cmdq": 0, "read": {"device_start": -1, "device_end": -1}}, "FFC_sans_bias1": {"write": {"device_start": -1, "host_queued_start": 1585578895.050775, "device_queued": -1, "device_end": -1, "host_queued_end": 1585578895.092675}, "device": "cpu", "nd_range": {"device_start": 2246669.286546062, "device_end": 2246669.2907056874}, "cmdq": 0, "read": {"device_start": -1, "device_end": -1}}, "FFC_sans_bias0": {"write": {"device_start": -1, "host_queued_start": 1585578895.04967, "device_queued": -1, "device_end": -1, "host_queued_end": 1585578895.092675}, "device": "cpu", "nd_range": {"device_start": 2246669.2823905703, "device_end": 2246669.2865289203}, "cmdq": 0, "read": {"device_start": -1, "device_end": -1}}, "FFC_sans_bias2": {"write": {"device_start": -1, "host_queued_start": 1585578895.05183, "device_queued": -1, "device_end": -1, "host_queued_end": 1585578895.092675}, "device": "cpu", "nd_range": {"device_start": 2246669.2908568233, "device_end": 2246669.294698821}, "cmdq": 0, "read": {"device_start": -1, "device_end": -1}}, "FFC_sans_bias61": {"write": {"device_start": -1, "host_queued_start": 1585578895.09163, "device_queued": -1, "device_end": -1, "host_queued_end": 1585578895.092675}, "device": "cpu", "nd_range": {"device_start": 2246669.495363816, "device_end": 2246669.499978791}, "cmdq": 0, "read": {"device_start": -1, "device_end": -1}}, "FFC_sans_bias52": {"write": {"device_start": -1, "host_queued_start": 1585578895.090639, "device_queued": -1, "device_end": -1, "host_queued_end": 1585578895.092675}, "device": "cpu", "nd_range": {"device_start": 2246669.490832622, "device_end": 2246669.4953604923}, "cmdq": 0, "read": {"device_start": -1, "device_end": -1}}, "FFC_sans_bias9": {"write": {"device_start": -1, "host_queued_start": 1585578895.053004, "device_queued": -1, "device_end": -1, "host_queued_end": 1585578895.092675}, "device": "cpu", "nd_range": {"device_start": 2246669.294826968, "device_end": 2246669.299256844}, "cmdq": 0, "read": {"device_start": -1, "device_end": -1}}, "coalesced_transpose39": {"write": {"device_start": -1, "host_queued_start": 1585578895.075771, "device_queued": -1, "device_end": -1, "host_queued_end": 1585578895.092675}, "device": "cpu", "nd_range": {"device_start": 2246669.393166813, "device_end": 2246669.393294312}, "cmdq": 0, "read": {"device_start": -1, "device_end": -1}}, "FFC_sans_bias55": {"write": {"device_start": -1, "host_queued_start": 1585578895.070975, "device_queued": -1, "device_end": -1, "host_queued_end": 1585578895.092675}, "device": "cpu", "nd_range": {"device_start": 2246669.37251048, "device_end": 2246669.3770115073}, "cmdq": 0, "read": {"device_start": -1, "device_end": -1}}, "FFC_sans_bias54": {"write": {"device_start": -1, "host_queued_start": 1585578895.069903, "device_queued": -1, "device_end": -1, "host_queued_end": 1585578895.092675}, "device": "cpu", "nd_range": {"device_start": 2246669.3681883872, "device_end": 2246669.3725059982}, "cmdq": 0, "read": {"device_start": -1, "device_end": -1}}, "FFC_sans_bias56": {"write": {"device_start": -1, "host_queued_start": 1585578895.068852, "device_queued": -1, "device_end": -1, "host_queued_end": 1585578895.092675}, "device": "cpu", "nd_range": {"device_start": 2246669.363514874, "device_end": 2246669.368183556}, "cmdq": 0, "read": {"device_start": -1, "device_end": -1}}, "FFC_sans_bias51": {"write": {"device_start": -1, "host_queued_start": 1585578895.083923, "device_queued": -1, "device_end": -1, "host_queued_end": 1585578895.092675}, "device": "cpu", "nd_range": {"device_start": 2246669.4543670523, "device_end": 2246669.4591489932}, "cmdq": 0, "read": {"device_start": -1, "device_end": -1}}, "softmax23": {"write": {"device_start": -1, "host_queued_start": 1585578895.080418, "device_queued": -1, "device_end": -1, "host_queued_end": 1585578895.092675}, "device": "cpu", "nd_range": {"device_start": 2246669.430833781, "device_end": 2246669.4309473783}, "cmdq": 0, "read": {"device_start": -1, "device_end": -1}}, "FFC_sans_bias37": {"write": {"device_start": -1, "host_queued_start": 1585578895.063565, "device_queued": -1, "device_end": -1, "host_queued_end": 1585578895.092675}, "device": "cpu", "nd_range": {"device_start": 2246669.340523535, "device_end": 2246669.344972573}, "cmdq": 0, "read": {"device_start": -1, "device_end": -1}}, "empty62": {"write": {"device_start": -1, "host_queued_start": 1585578895.047844, "device_queued": -1, "device_end": -1, "host_queued_end": 1585578895.092675}, "device": "cpu", "nd_range": {"device_start": 2246669.282379224, "device_end": 2246669.2823797623}, "cmdq": 0, "read": {"device_start": -1, "device_end": -1}}, "FFC_sans_bias70": {"write": {"device_start": -1, "host_queued_start": 1585578895.092631, "device_queued": -1, "device_end": -1, "host_queued_end": 1585578895.092675}, "device": "cpu", "nd_range": {"device_start": 2246669.4999815933, "device_end": 2246669.504501515}, "cmdq": 0, "read": {"device_start": -1, "device_end": -1}}, "FFC_sans_bias58": {"write": {"device_start": -1, "host_queued_start": 1585578895.07925, "device_queued": -1, "device_end": -1, "host_queued_end": 1585578895.092675}, "device": "cpu", "nd_range": {"device_start": 2246669.421530364, "device_end": 2246669.426024105}, "cmdq": 0, "read": {"device_start": -1, "device_end": -1}}, "softmax41": {"write": {"device_start": -1, "host_queued_start": 1585578895.080969, "device_queued": -1, "device_end": -1, "host_queued_end": 1585578895.092675}, "device": "cpu", "nd_range": {"device_start": 2246669.43106822, "device_end": 2246669.431183396}, "cmdq": 0, "read": {"device_start": -1, "device_end": -1}}, "FFC_sans_bias11": {"write": {"device_start": -1, "host_queued_start": 1585578895.055139, "device_queued": -1, "device_end": -1, "host_queued_end": 1585578895.092675}, "device": "cpu", "nd_range": {"device_start": 2246669.3038821463, "device_end": 2246669.3083428433}, "cmdq": 0, "read": {"device_start": -1, "device_end": -1}}, "FFC_sans_bias10": {"write": {"device_start": -1, "host_queued_start": 1585578895.054047, "device_queued": -1, "device_end": -1, "host_queued_end": 1585578895.092675}, "device": "cpu", "nd_range": {"device_start": 2246669.299262782, "device_end": 2246669.303877124}, "cmdq": 0, "read": {"device_start": -1, "device_end": -1}}, "coalesced_transpose3": {"write": {"device_start": -1, "host_queued_start": 1585578895.074442, "device_queued": -1, "device_end": -1, "host_queued_end": 1585578895.092675}, "device": "cpu", "nd_range": {"device_start": 2246669.3921506503, "device_end": 2246669.392280147}, "cmdq": 0, "read": {"device_start": -1, "device_end": -1}}, "FFC_sans_bias34": {"write": {"device_start": -1, "host_queued_start": 1585578895.088628, "device_queued": -1, "device_end": -1, "host_queued_end": 1585578895.092675}, "device": "cpu", "nd_range": {"device_start": 2246669.4818872213, "device_end": 2246669.486420417}, "cmdq": 0, "read": {"device_start": -1, "device_end": -1}}, "FFC_sans_bias15": {"write": {"device_start": -1, "host_queued_start": 1585578895.082465, "device_queued": -1, "device_end": -1, "host_queued_end": 1585578895.092675}, "device": "cpu", "nd_range": {"device_start": 2246669.435983541, "device_end": 2246669.441033639}, "cmdq": 0, "read": {"device_start": -1, "device_end": -1}}, "FFC_sans_bias31": {"write": {"device_start": -1, "host_queued_start": 1585578895.078149, "device_queued": -1, "device_end": -1, "host_queued_end": 1585578895.092675}, "device": "cpu", "nd_range": {"device_start": 2246669.407712758, "device_end": 2246669.4125163313}, "cmdq": 0, "read": {"device_start": -1, "device_end": -1}}, "FFC_sans_bias16": {"write": {"device_start": -1, "host_queued_start": 1585578895.086651, "device_queued": -1, "device_end": -1, "host_queued_end": 1585578895.092675}, "device": "cpu", "nd_range": {"device_start": 2246669.472768609, "device_end": 2246669.477322997}, "cmdq": 0, "read": {"device_start": -1, "device_end": -1}}, "FFC_sans_bias19": {"write": {"device_start": -1, "host_queued_start": 1585578895.057221, "device_queued": -1, "device_end": -1, "host_queued_end": 1585578895.092675}, "device": "cpu", "nd_range": {"device_start": 2246669.312928698, "device_end": 2246669.317527304}, "cmdq": 0, "read": {"device_start": -1, "device_end": -1}}, "FFC_sans_bias18": {"write": {"device_start": -1, "host_queued_start": 1585578895.05618, "device_queued": -1, "device_end": -1, "host_queued_end": 1585578895.092675}, "device": "cpu", "nd_range": {"device_start": 2246669.3083477262, "device_end": 2246669.3129242603}, "cmdq": 0, "read": {"device_start": -1, "device_end": -1}}, "coalesced_transpose30": {"write": {"device_start": -1, "host_queued_start": 1585578895.07544, "device_queued": -1, "device_end": -1, "host_queued_end": 1585578895.092675}, "device": "cpu", "nd_range": {"device_start": 2246669.392911231, "device_end": 2246669.3930437453}, "cmdq": 0, "read": {"device_start": -1, "device_end": -1}}, "FFC_sans_bias69": {"write": {"device_start": -1, "host_queued_start": 1585578895.084608, "device_queued": -1, "device_end": -1, "host_queued_end": 1585578895.092675}, "device": "cpu", "nd_range": {"device_start": 2246669.4636696693, "device_end": 2246669.468204915}, "cmdq": 0, "read": {"device_start": -1, "device_end": -1}}, "FFC_sans_bias38": {"write": {"device_start": -1, "host_queued_start": 1585578895.064622, "device_queued": -1, "device_end": -1, "host_queued_end": 1585578895.092675}, "device": "cpu", "nd_range": {"device_start": 2246669.344977608, "device_end": 2246669.349562293}, "cmdq": 0, "read": {"device_start": -1, "device_end": -1}}, "coalesced_transpose57": {"write": {"device_start": -1, "host_queued_start": 1585578895.076426, "device_queued": -1, "device_end": -1, "host_queued_end": 1585578895.092675}, "device": "cpu", "nd_range": {"device_start": 2246669.3936594483, "device_end": 2246669.3937720694}, "cmdq": 0, "read": {"device_start": -1, "device_end": -1}}, "empty26": {"write": {"device_start": -1, "host_queued_start": 1585578895.044453, "device_queued": -1, "device_end": -1, "host_queued_end": 1585578895.092675}, "device": "cpu", "nd_range": {"device_start": 2246669.282357385, "device_end": 2246669.2823581393}, "cmdq": 0, "read": {"device_start": -1, "device_end": -1}}, "coalesced_transpose12": {"write": {"device_start": -1, "host_queued_start": 1585578895.074778, "device_queued": -1, "device_end": -1, "host_queued_end": 1585578895.092675}, "device": "cpu", "nd_range": {"device_start": 2246669.392404749, "device_end": 2246669.3925325833}, "cmdq": 0, "read": {"device_start": -1, "device_end": -1}}, "empty44": {"write": {"device_start": -1, "host_queued_start": 1585578895.046146, "device_queued": -1, "device_end": -1, "host_queued_end": 1585578895.092675}, "device": "cpu", "nd_range": {"device_start": 2246669.282368172, "device_end": 2246669.282368794}, "cmdq": 0, "read": {"device_start": -1, "device_end": -1}}, "coalesced_transpose21": {"write": {"device_start": -1, "host_queued_start": 1585578895.075109, "device_queued": -1, "device_end": -1, "host_queued_end": 1585578895.092675}, "device": "cpu", "nd_range": {"device_start": 2246669.392654555, "device_end": 2246669.392788745}, "cmdq": 0, "read": {"device_start": -1, "device_end": -1}}, "FFC_sans_bias36": {"write": {"device_start": -1, "host_queued_start": 1585578895.062516, "device_queued": -1, "device_end": -1, "host_queued_end": 1585578895.092675}, "device": "cpu", "nd_range": {"device_start": 2246669.335952084, "device_end": 2246669.340517673}, "cmdq": 0, "read": {"device_start": -1, "device_end": -1}}, "softmax14": {"write": {"device_start": -1, "host_queued_start": 1585578895.080146, "device_queued": -1, "device_end": -1, "host_queued_end": 1585578895.092675}, "device": "cpu", "nd_range": {"device_start": 2246669.43070968, "device_end": 2246669.430828071}, "cmdq": 0, "read": {"device_start": -1, "device_end": -1}}, "FFC_sans_bias13": {"write": {"device_start": -1, "host_queued_start": 1585578895.077437, "device_queued": -1, "device_end": -1, "host_queued_end": 1585578895.092675}, "device": "cpu", "nd_range": {"device_start": 2246669.39815334, "device_end": 2246669.4034035583}, "cmdq": 0, "read": {"device_start": -1, "device_end": -1}}, "empty8": {"write": {"device_start": -1, "host_queued_start": 1585578895.042481, "device_queued": -1, "device_end": -1, "host_queued_end": 1585578895.092675}, "device": "cpu", "nd_range": {"device_start": 2246669.282316319, "device_end": 2246669.282328602}, "cmdq": 0, "read": {"device_start": -1, "device_end": -1}}, "FFC_sans_bias42": {"write": {"device_start": -1, "host_queued_start": 1585578895.083581, "device_queued": -1, "device_end": -1, "host_queued_end": 1585578895.092675}, "device": "cpu", "nd_range": {"device_start": 2246669.4499259572, "device_end": 2246669.454361014}, "cmdq": 0, "read": {"device_start": -1, "device_end": -1}}, "FFC_sans_bias43": {"write": {"device_start": -1, "host_queued_start": 1585578895.089628, "device_queued": -1, "device_end": -1, "host_queued_end": 1585578895.092675}, "device": "cpu", "nd_range": {"device_start": 2246669.486423126, "device_end": 2246669.490829986}, "cmdq": 0, "read": {"device_start": -1, "device_end": -1}}, "FFC_sans_bias40": {"write": {"device_start": -1, "host_queued_start": 1585578895.078499, "device_queued": -1, "device_end": -1, "host_queued_end": 1585578895.092675}, "device": "cpu", "nd_range": {"device_start": 2246669.412521645, "device_end": 2246669.416812519}, "cmdq": 0, "read": {"device_start": -1, "device_end": -1}}, "softmax32": {"write": {"device_start": -1, "host_queued_start": 1585578895.080695, "device_queued": -1, "device_end": -1, "host_queued_end": 1585578895.092675}, "device": "cpu", "nd_range": {"device_start": 2246669.430953035, "device_end": 2246669.431062508}, "cmdq": 0, "read": {"device_start": -1, "device_end": -1}}, "FFC_sans_bias47": {"write": {"device_start": -1, "host_queued_start": 1585578895.067782, "device_queued": -1, "device_end": -1, "host_queued_end": 1585578895.092675}, "device": "cpu", "nd_range": {"device_start": 2246669.359179581, "device_end": 2246669.36351014}, "cmdq": 0, "read": {"device_start": -1, "device_end": -1}}, "FFC_sans_bias45": {"write": {"device_start": -1, "host_queued_start": 1585578895.065686, "device_queued": -1, "device_end": -1, "host_queued_end": 1585578895.092675}, "device": "cpu", "nd_range": {"device_start": 2246669.34956888, "device_end": 2246669.3540107394}, "cmdq": 0, "read": {"device_start": -1, "device_end": -1}}, "softmax50": {"write": {"device_start": -1, "host_queued_start": 1585578895.081242, "device_queued": -1, "device_end": -1, "host_queued_end": 1585578895.092675}, "device": "cpu", "nd_range": {"device_start": 2246669.431189076, "device_end": 2246669.431299678}, "cmdq": 0, "read": {"device_start": -1, "device_end": -1}}, "FFC_sans_bias33": {"write": {"device_start": -1, "host_queued_start": 1585578895.083217, "device_queued": -1, "device_end": -1, "host_queued_end": 1585578895.092675}, "device": "cpu", "nd_range": {"device_start": 2246669.445380589, "device_end": 2246669.4499201193}, "cmdq": 0, "read": {"device_start": -1, "device_end": -1}}, "FFC_sans_bias63": {"write": {"device_start": -1, "host_queued_start": 1585578895.07411, "device_queued": -1, "device_end": -1, "host_queued_end": 1585578895.092675}, "device": "cpu", "nd_range": {"device_start": 2246669.387334721, "device_end": 2246669.3920169813}, "cmdq": 0, "read": {"device_start": -1, "device_end": -1}}, "FFC_sans_bias49": {"write": {"device_start": -1, "host_queued_start": 1585578895.078855, "device_queued": -1, "device_end": -1, "host_queued_end": 1585578895.092675}, "device": "cpu", "nd_range": {"device_start": 2246669.416817929, "device_end": 2246669.421525014}, "cmdq": 0, "read": {"device_start": -1, "device_end": -1}}, "FFC_sans_bias64": {"write": {"device_start": -1, "host_queued_start": 1585578895.072024, "device_queued": -1, "device_end": -1, "host_queued_end": 1585578895.092675}, "device": "cpu", "nd_range": {"device_start": 2246669.3770157644, "device_end": 2246669.383083118}, "cmdq": 0, "read": {"device_start": -1, "device_end": -1}}, "FFC_sans_bias65": {"write": {"device_start": -1, "host_queued_start": 1585578895.073068, "device_queued": -1, "device_end": -1, "host_queued_end": 1585578895.092675}, "device": "cpu", "nd_range": {"device_start": 2246669.383087504, "device_end": 2246669.387329981}, "cmdq": 0, "read": {"device_start": -1, "device_end": -1}}, "FFC_sans_bias67": {"write": {"device_start": -1, "host_queued_start": 1585578895.079592, "device_queued": -1, "device_end": -1, "host_queued_end": 1585578895.092675}, "device": "cpu", "nd_range": {"device_start": 2246669.426029262, "device_end": 2246669.4305496654}, "cmdq": 0, "read": {"device_start": -1, "device_end": -1}}, "FFC_sans_bias24": {"write": {"device_start": -1, "host_queued_start": 1585578895.082849, "device_queued": -1, "device_end": -1, "host_queued_end": 1585578895.092675}, "device": "cpu", "nd_range": {"device_start": 2246669.441039022, "device_end": 2246669.4453754923}, "cmdq": 0, "read": {"device_start": -1, "device_end": -1}}, "FFC_sans_bias25": {"write": {"device_start": -1, "host_queued_start": 1585578895.087638, "device_queued": -1, "device_end": -1, "host_queued_end": 1585578895.092675}, "device": "cpu", "nd_range": {"device_start": 2246669.477325736, "device_end": 2246669.481884452}, "cmdq": 0, "read": {"device_start": -1, "device_end": -1}}, "FFC_sans_bias27": {"write": {"device_start": -1, "host_queued_start": 1585578895.059375, "device_queued": -1, "device_end": -1, "host_queued_end": 1585578895.092675}, "device": "cpu", "nd_range": {"device_start": 2246669.3220071043, "device_end": 2246669.32668975}, "cmdq": 0, "read": {"device_start": -1, "device_end": -1}}, "FFC_sans_bias20": {"write": {"device_start": -1, "host_queued_start": 1585578895.058278, "device_queued": -1, "device_end": -1, "host_queued_end": 1585578895.092675}, "device": "cpu", "nd_range": {"device_start": 2246669.317532103, "device_end": 2246669.322002024}, "cmdq": 0, "read": {"device_start": -1, "device_end": -1}}, "FFC_sans_bias22": {"write": {"device_start": -1, "host_queued_start": 1585578895.077791, "device_queued": -1, "device_end": -1, "host_queued_end": 1585578895.092675}, "device": "cpu", "nd_range": {"device_start": 2246669.403418267, "device_end": 2246669.4077076423}, "cmdq": 0, "read": {"device_start": -1, "device_end": -1}}, "softmax68": {"write": {"device_start": -1, "host_queued_start": 1585578895.081783, "device_queued": -1, "device_end": -1, "host_queued_end": 1585578895.092675}, "device": "cpu", "nd_range": {"device_start": 2246669.431419744, "device_end": 2246669.4315314763}, "cmdq": 0, "read": {"device_start": -1, "device_end": -1}}, "softmax5": {"write": {"device_start": -1, "host_queued_start": 1585578895.079871, "device_queued": -1, "device_end": -1, "host_queued_end": 1585578895.092675}, "device": "cpu", "nd_range": {"device_start": 2246669.430554854, "device_end": 2246669.430703823}, "cmdq": 0, "read": {"device_start": -1, "device_end": -1}}, "FFC_sans_bias28": {"write": {"device_start": -1, "host_queued_start": 1585578895.06042, "device_queued": -1, "device_end": -1, "host_queued_end": 1585578895.092675}, "device": "cpu", "nd_range": {"device_start": 2246669.326694476, "device_end": 2246669.331072148}, "cmdq": 0, "read": {"device_start": -1, "device_end": -1}}, "FFC_sans_bias29": {"write": {"device_start": -1, "host_queued_start": 1585578895.061474, "device_queued": -1, "device_end": -1, "host_queued_end": 1585578895.092675}, "device": "cpu", "nd_range": {"device_start": 2246669.3310771952, "device_end": 2246669.3358238633}, "cmdq": 0, "read": {"device_start": -1, "device_end": -1}}, "empty17": {"write": {"device_start": -1, "host_queued_start": 1585578895.043597, "device_queued": -1, "device_end": -1, "host_queued_end": 1585578895.092675}, "device": "cpu", "nd_range": {"device_start": 2246669.2823504573, "device_end": 2246669.282352137}, "cmdq": 0, "read": {"device_start": -1, "device_end": -1}}, "softmax59": {"write": {"device_start": -1, "host_queued_start": 1585578895.081514, "device_queued": -1, "device_end": -1, "host_queued_end": 1585578895.092675}, "device": "cpu", "nd_range": {"device_start": 2246669.431304982, "device_end": 2246669.4314144133}, "cmdq": 0, "read": {"device_start": -1, "device_end": -1}}, "empty71": {"write": {"device_start": -1, "host_queued_start": 1585578895.048655, "device_queued": -1, "device_end": -1, "host_queued_end": 1585578895.092675}, "device": "cpu", "nd_range": {"device_start": 2246669.282383876, "device_end": 2246669.282384402}, "cmdq": 0, "read": {"device_start": -1, "device_end": -1}}, "empty35": {"write": {"device_start": -1, "host_queued_start": 1585578895.045311, "device_queued": -1, "device_end": -1, "host_queued_end": 1585578895.092675}, "device": "cpu", "nd_range": {"device_start": 2246669.282362889, "device_end": 2246669.282363689}, "cmdq": 0, "read": {"device_start": -1, "device_end": -1}}, "empty53": {"write": {"device_start": -1, "host_queued_start": 1585578895.047032, "device_queued": -1, "device_end": -1, "host_queued_end": 1585578895.092675}, "device": "cpu", "nd_range": {"device_start": 2246669.282374279, "device_end": 2246669.282374957}, "cmdq": 0, "read": {"device_start": -1, "device_end": -1}}, "FFC_sans_bias46": {"write": {"device_start": -1, "host_queued_start": 1585578895.066731, "device_queued": -1, "device_end": -1, "host_queued_end": 1585578895.092675}, "device": "cpu", "nd_range": {"device_start": 2246669.354016223, "device_end": 2246669.35917497}, "cmdq": 0, "read": {"device_start": -1, "device_end": -1}}, "coalesced_transpose66": {"write": {"device_start": -1, "host_queued_start": 1585578895.07675, "device_queued": -1, "device_end": -1, "host_queued_end": 1585578895.092675}, "device": "cpu", "nd_range": {"device_start": 2246669.3938850323, "device_end": 2246669.394006967}, "cmdq": 0, "read": {"device_start": -1, "device_end": -1}}, "coalesced_transpose48": {"write": {"device_start": -1, "host_queued_start": 1585578895.076102, "device_queued": -1, "device_end": -1, "host_queued_end": 1585578895.092675}, "device": "cpu", "nd_range": {"device_start": 2246669.393416097, "device_end": 2246669.393537017}, "cmdq": 0, "read": {"device_start": -1, "device_end": -1}}}