{"FFC_sans_bias60": {"write": {"device_start": -1, "host_queued_start": 1585578704.258, "device_queued": -1, "device_end": -1, "host_queued_end": 1585578704.263655}, "device": "gpu", "nd_range": {"device_start": 1585578639.0898838, "device_end": 1585578639.0904818}, "cmdq": 0, "read": {"device_start": -1, "device_end": -1}}, "FFC_sans_bias4": {"write": {"device_start": -1, "host_queued_start": 1585578704.278899, "device_queued": -1, "device_end": -1, "host_queued_end": 1585578704.284813}, "device": "cpu", "nd_range": {"device_start": 2246478.519309446, "device_end": 2246478.527077019}, "cmdq": 3, "read": {"device_start": -1, "device_end": -1}}, "FFC_sans_bias7": {"write": {"device_start": -1, "host_queued_start": 1585578704.282542, "device_queued": -1, "device_end": -1, "host_queued_end": 1585578704.284813}, "device": "cpu", "nd_range": {"device_start": 2246478.53485913, "device_end": 2246478.547198864}, "cmdq": 0, "read": {"device_start": -1, "device_end": -1}}, "FFC_sans_bias6": {"write": {"device_start": -1, "host_queued_start": 1585578704.280783, "device_queued": -1, "device_end": -1, "host_queued_end": 1585578704.284813}, "device": "cpu", "nd_range": {"device_start": 2246478.527383938, "device_end": 2246478.5328656114}, "cmdq": 1, "read": {"device_start": -1, "device_end": -1}}, "FFC_sans_bias1": {"write": {"device_start": -1, "host_queued_start": 1585578704.269539, "device_queued": -1, "device_end": -1, "host_queued_end": 1585578704.284813}, "device": "cpu", "nd_range": {"device_start": 2246478.474432112, "device_end": 2246478.489850358}, "cmdq": 0, "read": {"device_start": -1, "device_end": -1}}, "FFC_sans_bias0": {"write": {"device_start": -1, "host_queued_start": 1585578704.2684, "device_queued": -1, "device_end": -1, "host_queued_end": 1585578704.284813}, "device": "cpu", "nd_range": {"device_start": 2246478.4745789124, "device_end": 2246478.4897539183}, "cmdq": 3, "read": {"device_start": -1, "device_end": -1}}, "FFC_sans_bias2": {"write": {"device_start": -1, "host_queued_start": 1585578704.270654, "device_queued": -1, "device_end": -1, "host_queued_end": 1585578704.284813}, "device": "cpu", "nd_range": {"device_start": 2246478.474432628, "device_end": 2246478.4898382123}, "cmdq": 1, "read": {"device_start": -1, "device_end": -1}}, "FFC_sans_bias61": {"write": {"device_start": 1585578639.099532, "host_queued_start": 1585578704.262492, "device_queued": 1585578639.075048, "device_end": 1585578639.0995555, "host_queued_end": 1585578704.263655}, "device": "gpu", "nd_range": {"device_start": 1585578639.0995584, "device_end": 1585578639.1001554}, "cmdq": 0, "read": {"device_start": 1585578639.1001644, "device_end": 1585578639.100187}}, "FFC_sans_bias52": {"write": {"device_start": 1585578639.0987465, "host_queued_start": 1585578704.261442, "device_queued": 1585578639.0748997, "device_end": 1585578639.0987709, "host_queued_end": 1585578704.263655}, "device": "gpu", "nd_range": {"device_start": 1585578639.0987742, "device_end": 1585578639.0993729}, "cmdq": 0, "read": {"device_start": 1585578639.09938, "device_end": 1585578639.0994024}}, "FFC_sans_bias9": {"write": {"device_start": -1, "host_queued_start": 1585578704.271804, "device_queued": -1, "device_end": -1, "host_queued_end": 1585578704.284813}, "device": "cpu", "nd_range": {"device_start": 2246478.474476959, "device_end": 2246478.491602763}, "cmdq": 2, "read": {"device_start": -1, "device_end": -1}}, "coalesced_transpose39": {"write": {"device_start": -1, "host_queued_start": 1585578704.253057, "device_queued": -1, "device_end": -1, "host_queued_end": 1585578704.263655}, "device": "gpu", "nd_range": {"device_start": 1585578639.08392, "device_end": 1585578639.0839276}, "cmdq": 0, "read": {"device_start": -1, "device_end": -1}}, "FFC_sans_bias55": {"write": {"device_start": 1585578639.0809731, "host_queued_start": 1585578704.249308, "device_queued": 1585578639.0734725, "device_end": 1585578639.0810032, "host_queued_end": 1585578704.263655}, "device": "gpu", "nd_range": {"device_start": 1585578639.0810058, "device_end": 1585578639.0816061}, "cmdq": 0, "read": {"device_start": -1, "device_end": -1}}, "FFC_sans_bias54": {"write": {"device_start": 1585578639.0802042, "host_queued_start": 1585578704.248278, "device_queued": 1585578639.0734255, "device_end": 1585578639.080234, "host_queued_end": 1585578704.263655}, "device": "gpu", "nd_range": {"device_start": 1585578639.0802372, "device_end": 1585578639.0808475}, "cmdq": 0, "read": {"device_start": -1, "device_end": -1}}, "FFC_sans_bias56": {"write": {"device_start": 1585578639.079469, "host_queued_start": 1585578704.247247, "device_queued": 1585578639.0732806, "device_end": 1585578639.0794928, "host_queued_end": 1585578704.263655}, "device": "gpu", "nd_range": {"device_start": 1585578639.0794983, "device_end": 1585578639.0800934}, "cmdq": 0, "read": {"device_start": -1, "device_end": -1}}, "FFC_sans_bias51": {"write": {"device_start": -1, "host_queued_start": 1585578704.257681, "device_queued": -1, "device_end": -1, "host_queued_end": 1585578704.263655}, "device": "gpu", "nd_range": {"device_start": 1585578639.0892844, "device_end": 1585578639.0898824}, "cmdq": 0, "read": {"device_start": -1, "device_end": -1}}, "softmax23": {"write": {"device_start": -1, "host_queued_start": 1585578704.280428, "device_queued": -1, "device_end": -1, "host_queued_end": 1585578704.284813}, "device": "cpu", "nd_range": {"device_start": 2246478.534574577, "device_end": 2246478.5348523483}, "cmdq": 0, "read": {"device_start": -1, "device_end": -1}}, "FFC_sans_bias37": {"write": {"device_start": 1585578639.0758736, "host_queued_start": 1585578704.241813, "device_queued": 1585578639.0728328, "device_end": 1585578639.075897, "host_queued_end": 1585578704.263655}, "device": "gpu", "nd_range": {"device_start": 1585578639.075901, "device_end": 1585578639.0764065}, "cmdq": 0, "read": {"device_start": -1, "device_end": -1}}, "empty62": {"write": {"device_start": 1585578639.0726008, "host_queued_start": 1585578704.235798, "device_queued": 1585578639.0721107, "device_end": 1585578639.0726311, "host_queued_end": 1585578704.263655}, "device": "gpu", "nd_range": {"device_start": 1585578639.0726337, "device_end": 1585578639.0726373}, "cmdq": 0, "read": {"device_start": -1, "device_end": -1}}, "FFC_sans_bias70": {"write": {"device_start": 1585578639.1003175, "host_queued_start": 1585578704.263552, "device_queued": 1585578639.075113, "device_end": 1585578639.100341, "host_queued_end": 1585578704.263655}, "device": "gpu", "nd_range": {"device_start": 1585578639.1003447, "device_end": 1585578639.100943}, "cmdq": 0, "read": {"device_start": 1585578639.1009512, "device_end": 1585578639.100974}}, "FFC_sans_bias58": {"write": {"device_start": -1, "host_queued_start": 1585578704.255229, "device_queued": -1, "device_end": -1, "host_queued_end": 1585578704.263655}, "device": "gpu", "nd_range": {"device_start": 1585578639.0857687, "device_end": 1585578639.0863774}, "cmdq": 0, "read": {"device_start": -1, "device_end": -1}}, "softmax41": {"write": {"device_start": -1, "host_queued_start": 1585578704.256033, "device_queued": -1, "device_end": -1, "host_queued_end": 1585578704.263655}, "device": "gpu", "nd_range": {"device_start": 1585578639.0872042, "device_end": 1585578639.0874176}, "cmdq": 0, "read": {"device_start": -1, "device_end": -1}}, "FFC_sans_bias11": {"write": {"device_start": -1, "host_queued_start": 1585578704.274135, "device_queued": -1, "device_end": -1, "host_queued_end": 1585578704.284813}, "device": "cpu", "nd_range": {"device_start": 2246478.489860442, "device_end": 2246478.5187059753}, "cmdq": 0, "read": {"device_start": -1, "device_end": -1}}, "FFC_sans_bias10": {"write": {"device_start": -1, "host_queued_start": 1585578704.27294, "device_queued": -1, "device_end": -1, "host_queued_end": 1585578704.284813}, "device": "cpu", "nd_range": {"device_start": 2246478.489767897, "device_end": 2246478.504903134}, "cmdq": 3, "read": {"device_start": -1, "device_end": -1}}, "coalesced_transpose3": {"write": {"device_start": -1, "host_queued_start": 1585578704.277758, "device_queued": -1, "device_end": -1, "host_queued_end": 1585578704.284813}, "device": "cpu", "nd_range": {"device_start": 2246478.518713843, "device_end": 2246478.5191494273}, "cmdq": 0, "read": {"device_start": -1, "device_end": -1}}, "FFC_sans_bias34": {"write": {"device_start": 1585578639.0912364, "host_queued_start": 1585578704.259328, "device_queued": 1585578639.0747151, "device_end": 1585578639.0912626, "host_queued_end": 1585578704.263655}, "device": "gpu", "nd_range": {"device_start": 1585578639.0912778, "device_end": 1585578639.0918758}, "cmdq": 0, "read": {"device_start": 1585578639.091883, "device_end": 1585578639.091907}}, "FFC_sans_bias15": {"write": {"device_start": -1, "host_queued_start": 1585578704.281135, "device_queued": -1, "device_end": -1, "host_queued_end": 1585578704.284813}, "device": "cpu", "nd_range": {"device_start": 2246478.5348243243, "device_end": 2246478.543418441}, "cmdq": 2, "read": {"device_start": -1, "device_end": -1}}, "FFC_sans_bias31": {"write": {"device_start": -1, "host_queued_start": 1585578704.25426, "device_queued": -1, "device_end": -1, "host_queued_end": 1585578704.263655}, "device": "gpu", "nd_range": {"device_start": 1585578639.0839562, "device_end": 1585578639.0845668}, "cmdq": 0, "read": {"device_start": -1, "device_end": -1}}, "FFC_sans_bias16": {"write": {"device_start": -1, "host_queued_start": 1585578704.283653, "device_queued": -1, "device_end": -1, "host_queued_end": 1585578704.284813}, "device": "cpu", "nd_range": {"device_start": 2246478.546394147, "device_end": 2246478.55401215}, "cmdq": 1, "read": {"device_start": -1, "device_end": -1}}, "FFC_sans_bias19": {"write": {"device_start": -1, "host_queued_start": 1585578704.276381, "device_queued": -1, "device_end": -1, "host_queued_end": 1585578704.284813}, "device": "cpu", "nd_range": {"device_start": 2246478.4917164342, "device_end": 2246478.506901808}, "cmdq": 2, "read": {"device_start": -1, "device_end": -1}}, "FFC_sans_bias18": {"write": {"device_start": -1, "host_queued_start": 1585578704.275255, "device_queued": -1, "device_end": -1, "host_queued_end": 1585578704.284813}, "device": "cpu", "nd_range": {"device_start": 2246478.489864767, "device_end": 2246478.505044336}, "cmdq": 1, "read": {"device_start": -1, "device_end": -1}}, "coalesced_transpose30": {"write": {"device_start": -1, "host_queued_start": 1585578704.252759, "device_queued": -1, "device_end": -1, "host_queued_end": 1585578704.263655}, "device": "gpu", "nd_range": {"device_start": 1585578639.0839097, "device_end": 1585578639.083918}, "cmdq": 0, "read": {"device_start": -1, "device_end": -1}}, "FFC_sans_bias69": {"write": {"device_start": -1, "host_queued_start": 1585578704.258306, "device_queued": -1, "device_end": -1, "host_queued_end": 1585578704.263655}, "device": "gpu", "nd_range": {"device_start": 1585578639.0904827, "device_end": 1585578639.0910861}, "cmdq": 0, "read": {"device_start": -1, "device_end": -1}}, "FFC_sans_bias38": {"write": {"device_start": 1585578639.0765166, "host_queued_start": 1585578704.242897, "device_queued": 1585578639.0728843, "device_end": 1585578639.0765407, "host_queued_end": 1585578704.263655}, "device": "gpu", "nd_range": {"device_start": 1585578639.0765462, "device_end": 1585578639.0771465}, "cmdq": 0, "read": {"device_start": -1, "device_end": -1}}, "coalesced_transpose57": {"write": {"device_start": -1, "host_queued_start": 1585578704.253652, "device_queued": -1, "device_end": -1, "host_queued_end": 1585578704.263655}, "device": "gpu", "nd_range": {"device_start": 1585578639.0839381, "device_end": 1585578639.083946}, "cmdq": 0, "read": {"device_start": -1, "device_end": -1}}, "empty26": {"write": {"device_start": -1, "host_queued_start": 1585578704.267275, "device_queued": -1, "device_end": -1, "host_queued_end": 1585578704.284813}, "device": "cpu", "nd_range": {"device_start": 2246478.474452656, "device_end": 2246478.4744576933}, "cmdq": 2, "read": {"device_start": -1, "device_end": -1}}, "coalesced_transpose12": {"write": {"device_start": -1, "host_queued_start": 1585578704.278185, "device_queued": -1, "device_end": -1, "host_queued_end": 1585578704.284813}, "device": "cpu", "nd_range": {"device_start": 2246478.5051730783, "device_end": 2246478.505408492}, "cmdq": 1, "read": {"device_start": -1, "device_end": -1}}, "empty44": {"write": {"device_start": 1585578639.0722375, "host_queued_start": 1585578704.234113, "device_queued": 1585578639.0720325, "device_end": 1585578639.0722678, "host_queued_end": 1585578704.263655}, "device": "gpu", "nd_range": {"device_start": 1585578639.0722728, "device_end": 1585578639.0722764}, "cmdq": 0, "read": {"device_start": -1, "device_end": -1}}, "coalesced_transpose21": {"write": {"device_start": -1, "host_queued_start": 1585578704.278524, "device_queued": -1, "device_end": -1, "host_queued_end": 1585578704.284813}, "device": "cpu", "nd_range": {"device_start": 2246478.5070158043, "device_end": 2246478.5072480612}, "cmdq": 2, "read": {"device_start": -1, "device_end": -1}}, "FFC_sans_bias36": {"write": {"device_start": 1585578639.075115, "host_queued_start": 1585578704.240755, "device_queued": 1585578639.0726554, "device_end": 1585578639.0751405, "host_queued_end": 1585578704.263655}, "device": "gpu", "nd_range": {"device_start": 1585578639.0751464, "device_end": 1585578639.07576}, "cmdq": 0, "read": {"device_start": -1, "device_end": -1}}, "softmax14": {"write": {"device_start": -1, "host_queued_start": 1585578704.280157, "device_queued": -1, "device_end": -1, "host_queued_end": 1585578704.284813}, "device": "cpu", "nd_range": {"device_start": 2246478.534601753, "device_end": 2246478.534814464}, "cmdq": 3, "read": {"device_start": -1, "device_end": -1}}, "FFC_sans_bias13": {"write": {"device_start": -1, "host_queued_start": 1585578704.279267, "device_queued": -1, "device_end": -1, "host_queued_end": 1585578704.284813}, "device": "cpu", "nd_range": {"device_start": 2246478.5191676863, "device_end": 2246478.534564055}, "cmdq": 0, "read": {"device_start": -1, "device_end": -1}}, "empty8": {"write": {"device_start": -1, "host_queued_start": 1585578704.265249, "device_queued": -1, "device_end": -1, "host_queued_end": 1585578704.284813}, "device": "cpu", "nd_range": {"device_start": 2246478.4744013743, "device_end": 2246478.4744110843}, "cmdq": 0, "read": {"device_start": -1, "device_end": -1}}, "FFC_sans_bias42": {"write": {"device_start": -1, "host_queued_start": 1585578704.257375, "device_queued": -1, "device_end": -1, "host_queued_end": 1585578704.263655}, "device": "gpu", "nd_range": {"device_start": 1585578639.088681, "device_end": 1585578639.0892835}, "cmdq": 0, "read": {"device_start": -1, "device_end": -1}}, "FFC_sans_bias43": {"write": {"device_start": 1585578639.09212, "host_queued_start": 1585578704.260378, "device_queued": 1585578639.0748584, "device_end": 1585578639.0921495, "host_queued_end": 1585578704.263655}, "device": "gpu", "nd_range": {"device_start": 1585578639.0921643, "device_end": 1585578639.092762}, "cmdq": 0, "read": {"device_start": 1585578639.0927682, "device_end": 1585578639.092811}}, "FFC_sans_bias40": {"write": {"device_start": -1, "host_queued_start": 1585578704.254592, "device_queued": -1, "device_end": -1, "host_queued_end": 1585578704.263655}, "device": "gpu", "nd_range": {"device_start": 1585578639.084568, "device_end": 1585578639.0851688}, "cmdq": 0, "read": {"device_start": -1, "device_end": -1}}, "softmax32": {"write": {"device_start": -1, "host_queued_start": 1585578704.255789, "device_queued": -1, "device_end": -1, "host_queued_end": 1585578704.263655}, "device": "gpu", "nd_range": {"device_start": 1585578639.0869834, "device_end": 1585578639.0872025}, "cmdq": 0, "read": {"device_start": -1, "device_end": -1}}, "FFC_sans_bias47": {"write": {"device_start": 1585578639.0787275, "host_queued_start": 1585578704.246183, "device_queued": 1585578639.073242, "device_end": 1585578639.078751, "host_queued_end": 1585578704.263655}, "device": "gpu", "nd_range": {"device_start": 1585578639.078757, "device_end": 1585578639.0793579}, "cmdq": 0, "read": {"device_start": -1, "device_end": -1}}, "FFC_sans_bias45": {"write": {"device_start": 1585578639.0772572, "host_queued_start": 1585578704.244107, "device_queued": 1585578639.073043, "device_end": 1585578639.0772808, "host_queued_end": 1585578704.263655}, "device": "gpu", "nd_range": {"device_start": 1585578639.0772855, "device_end": 1585578639.0778756}, "cmdq": 0, "read": {"device_start": -1, "device_end": -1}}, "softmax50": {"write": {"device_start": -1, "host_queued_start": 1585578704.256283, "device_queued": -1, "device_end": -1, "host_queued_end": 1585578704.263655}, "device": "gpu", "nd_range": {"device_start": 1585578639.0874188, "device_end": 1585578639.0876353}, "cmdq": 0, "read": {"device_start": -1, "device_end": -1}}, "FFC_sans_bias33": {"write": {"device_start": -1, "host_queued_start": 1585578704.257064, "device_queued": -1, "device_end": -1, "host_queued_end": 1585578704.263655}, "device": "gpu", "nd_range": {"device_start": 1585578639.0880747, "device_end": 1585578639.0886798}, "cmdq": 0, "read": {"device_start": -1, "device_end": -1}}, "FFC_sans_bias63": {"write": {"device_start": 1585578639.0832727, "host_queued_start": 1585578704.252427, "device_queued": 1585578639.0738077, "device_end": 1585578639.083302, "host_queued_end": 1585578704.263655}, "device": "gpu", "nd_range": {"device_start": 1585578639.0833104, "device_end": 1585578639.0839086}, "cmdq": 0, "read": {"device_start": -1, "device_end": -1}}, "FFC_sans_bias49": {"write": {"device_start": -1, "host_queued_start": 1585578704.254918, "device_queued": -1, "device_end": -1, "host_queued_end": 1585578704.263655}, "device": "gpu", "nd_range": {"device_start": 1585578639.08517, "device_end": 1585578639.0857675}, "cmdq": 0, "read": {"device_start": -1, "device_end": -1}}, "FFC_sans_bias64": {"write": {"device_start": 1585578639.081732, "host_queued_start": 1585578704.250347, "device_queued": 1585578639.0736277, "device_end": 1585578639.0817614, "host_queued_end": 1585578704.263655}, "device": "gpu", "nd_range": {"device_start": 1585578639.0817642, "device_end": 1585578639.082374}, "cmdq": 0, "read": {"device_start": -1, "device_end": -1}}, "FFC_sans_bias65": {"write": {"device_start": 1585578639.0825121, "host_queued_start": 1585578704.251406, "device_queued": 1585578639.073674, "device_end": 1585578639.082542, "host_queued_end": 1585578704.263655}, "device": "gpu", "nd_range": {"device_start": 1585578639.082548, "device_end": 1585578639.083145}, "cmdq": 0, "read": {"device_start": -1, "device_end": -1}}, "FFC_sans_bias67": {"write": {"device_start": -1, "host_queued_start": 1585578704.25554, "device_queued": -1, "device_end": -1, "host_queued_end": 1585578704.263655}, "device": "gpu", "nd_range": {"device_start": 1585578639.0863786, "device_end": 1585578639.0869825}, "cmdq": 0, "read": {"device_start": -1, "device_end": -1}}, "FFC_sans_bias24": {"write": {"device_start": -1, "host_queued_start": 1585578704.281504, "device_queued": -1, "device_end": -1, "host_queued_end": 1585578704.284813}, "device": "cpu", "nd_range": {"device_start": 2246478.542470852, "device_end": 2246478.5558120753}, "cmdq": 3, "read": {"device_start": -1, "device_end": -1}}, "FFC_sans_bias25": {"write": {"device_start": -1, "host_queued_start": 1585578704.284768, "device_queued": -1, "device_end": -1, "host_queued_end": 1585578704.284813}, "device": "cpu", "nd_range": {"device_start": 2246478.555819697, "device_end": 2246478.561099756}, "cmdq": 2, "read": {"device_start": -1, "device_end": -1}}, "FFC_sans_bias27": {"write": {"device_start": 1585578639.0729358, "host_queued_start": 1585578704.237566, "device_queued": 1585578639.0723586, "device_end": 1585578639.0729656, "host_queued_end": 1585578704.263655}, "device": "gpu", "nd_range": {"device_start": 1585578639.0729682, "device_end": 1585578639.07356}, "cmdq": 0, "read": {"device_start": -1, "device_end": -1}}, "FFC_sans_bias20": {"write": {"device_start": -1, "host_queued_start": 1585578704.27743, "device_queued": -1, "device_end": -1, "host_queued_end": 1585578704.284813}, "device": "cpu", "nd_range": {"device_start": 2246478.5050390353, "device_end": 2246478.5135659473}, "cmdq": 3, "read": {"device_start": -1, "device_end": -1}}, "FFC_sans_bias22": {"write": {"device_start": -1, "host_queued_start": 1585578704.27961, "device_queued": -1, "device_end": -1, "host_queued_end": 1585578704.284813}, "device": "cpu", "nd_range": {"device_start": 2246478.507357959, "device_end": 2246478.520167197}, "cmdq": 1, "read": {"device_start": -1, "device_end": -1}}, "softmax68": {"write": {"device_start": -1, "host_queued_start": 1585578704.256762, "device_queued": -1, "device_end": -1, "host_queued_end": 1585578704.263655}, "device": "gpu", "nd_range": {"device_start": 1585578639.0878582, "device_end": 1585578639.0880735}, "cmdq": 0, "read": {"device_start": -1, "device_end": -1}}, "softmax5": {"write": {"device_start": -1, "host_queued_start": 1585578704.279885, "device_queued": -1, "device_end": -1, "host_queued_end": 1585578704.284813}, "device": "cpu", "nd_range": {"device_start": 2246478.527102881, "device_end": 2246478.527233696}, "cmdq": 2, "read": {"device_start": -1, "device_end": -1}}, "FFC_sans_bias28": {"write": {"device_start": 1585578639.0736933, "host_queued_start": 1585578704.238647, "device_queued": 1585578639.0724025, "device_end": 1585578639.0737174, "host_queued_end": 1585578704.263655}, "device": "gpu", "nd_range": {"device_start": 1585578639.073726, "device_end": 1585578639.0743144}, "cmdq": 0, "read": {"device_start": -1, "device_end": -1}}, "FFC_sans_bias29": {"write": {"device_start": 1585578639.0744731, "host_queued_start": 1585578704.239722, "device_queued": 1585578639.0725977, "device_end": 1585578639.0744972, "host_queued_end": 1585578704.263655}, "device": "gpu", "nd_range": {"device_start": 1585578639.0745127, "device_end": 1585578639.0750148}, "cmdq": 0, "read": {"device_start": -1, "device_end": -1}}, "empty17": {"write": {"device_start": -1, "host_queued_start": 1585578704.266338, "device_queued": -1, "device_end": -1, "host_queued_end": 1585578704.284813}, "device": "cpu", "nd_range": {"device_start": 2246478.474401398, "device_end": 2246478.474411096}, "cmdq": 1, "read": {"device_start": -1, "device_end": -1}}, "softmax59": {"write": {"device_start": -1, "host_queued_start": 1585578704.256522, "device_queued": -1, "device_end": -1, "host_queued_end": 1585578704.263655}, "device": "gpu", "nd_range": {"device_start": 1585578639.0876365, "device_end": 1585578639.0878572}, "cmdq": 0, "read": {"device_start": -1, "device_end": -1}}, "empty71": {"write": {"device_start": 1585578639.0727649, "host_queued_start": 1585578704.236597, "device_queued": 1585578639.0723078, "device_end": 1585578639.072796, "host_queued_end": 1585578704.263655}, "device": "gpu", "nd_range": {"device_start": 1585578639.0728064, "device_end": 1585578639.0728102}, "cmdq": 0, "read": {"device_start": -1, "device_end": -1}}, "empty35": {"write": {"device_start": 1585578639.0720654, "host_queued_start": 1585578704.233076, "device_queued": 1585578639.0719213, "device_end": 1585578639.0720916, "host_queued_end": 1585578704.263655}, "device": "gpu", "nd_range": {"device_start": 1585578639.0720942, "device_end": 1585578639.0720992}, "cmdq": 0, "read": {"device_start": -1, "device_end": -1}}, "empty53": {"write": {"device_start": 1585578639.0724123, "host_queued_start": 1585578704.234988, "device_queued": 1585578639.0720735, "device_end": 1585578639.0724375, "host_queued_end": 1585578704.263655}, "device": "gpu", "nd_range": {"device_start": 1585578639.0724454, "device_end": 1585578639.072449}, "cmdq": 0, "read": {"device_start": -1, "device_end": -1}}, "FFC_sans_bias46": {"write": {"device_start": 1585578639.0779872, "host_queued_start": 1585578704.245147, "device_queued": 1585578639.0730894, "device_end": 1585578639.0780115, "host_queued_end": 1585578704.263655}, "device": "gpu", "nd_range": {"device_start": 1585578639.0780177, "device_end": 1585578639.078615}, "cmdq": 0, "read": {"device_start": -1, "device_end": -1}}, "coalesced_transpose66": {"write": {"device_start": -1, "host_queued_start": 1585578704.253948, "device_queued": -1, "device_end": -1, "host_queued_end": 1585578704.263655}, "device": "gpu", "nd_range": {"device_start": 1585578639.0839472, "device_end": 1585578639.0839553}, "cmdq": 0, "read": {"device_start": -1, "device_end": -1}}, "coalesced_transpose48": {"write": {"device_start": -1, "host_queued_start": 1585578704.253355, "device_queued": -1, "device_end": -1, "host_queued_end": 1585578704.263655}, "device": "gpu", "nd_range": {"device_start": 1585578639.0839288, "device_end": 1585578639.083937}, "cmdq": 0, "read": {"device_start": -1, "device_end": -1}}}