{"FFC_sans_bias60": {"write": {"device_start": -1, "host_queued_start": 1585579175.765737, "device_queued": -1, "device_end": -1, "host_queued_end": 1585579175.774562}, "device": "gpu", "nd_range": {"device_start": 1585579110.5880387, "device_end": 1585579110.5905075}, "cmdq": 2, "read": {"device_start": -1, "device_end": -1}}, "FFC_sans_bias4": {"write": {"device_start": -1, "host_queued_start": 1585579175.759242, "device_queued": -1, "device_end": -1, "host_queued_end": 1585579175.774562}, "device": "gpu", "nd_range": {"device_start": 1585579110.582825, "device_end": 1585579110.5834286}, "cmdq": 0, "read": {"device_start": -1, "device_end": -1}}, "FFC_sans_bias7": {"write": {"device_start": 1585579110.5901232, "host_queued_start": 1585579175.767083, "device_queued": 1585579110.5755363, "device_end": 1585579110.5901532, "host_queued_end": 1585579175.774562}, "device": "gpu", "nd_range": {"device_start": 1585579110.5901704, "device_end": 1585579110.591949}, "cmdq": 4, "read": {"device_start": 1585579110.5919528, "device_end": 1585579110.5919771}}, "FFC_sans_bias6": {"write": {"device_start": -1, "host_queued_start": 1585579175.763844, "device_queued": -1, "device_end": -1, "host_queued_end": 1585579175.774562}, "device": "gpu", "nd_range": {"device_start": 1585579110.587012, "device_end": 1585579110.58762}, "cmdq": 1, "read": {"device_start": -1, "device_end": -1}}, "FFC_sans_bias1": {"write": {"device_start": 1585579110.5712533, "host_queued_start": 1585579175.733283, "device_queued": 1585579110.5710943, "device_end": 1585579110.571278, "host_queued_end": 1585579175.774562}, "device": "gpu", "nd_range": {"device_start": 1585579110.5712814, "device_end": 1585579110.5722244}, "cmdq": 4, "read": {"device_start": -1, "device_end": -1}}, "FFC_sans_bias0": {"write": {"device_start": 1585579110.5711656, "host_queued_start": 1585579175.732239, "device_queued": 1585579110.571069, "device_end": 1585579110.5711896, "host_queued_end": 1585579175.774562}, "device": "gpu", "nd_range": {"device_start": 1585579110.5712123, "device_end": 1585579110.571812}, "cmdq": 3, "read": {"device_start": -1, "device_end": -1}}, "FFC_sans_bias2": {"write": {"device_start": 1585579110.5714607, "host_queued_start": 1585579175.734329, "device_queued": 1585579110.5713716, "device_end": 1585579110.571509, "host_queued_end": 1585579175.774562}, "device": "gpu", "nd_range": {"device_start": 1585579110.5715146, "device_end": 1585579110.5727975}, "cmdq": 0, "read": {"device_start": -1, "device_end": -1}}, "FFC_sans_bias61": {"write": {"device_start": 1585579110.5916433, "host_queued_start": 1585579175.773418, "device_queued": 1585579110.5766802, "device_end": 1585579110.5916739, "host_queued_end": 1585579175.774562}, "device": "gpu", "nd_range": {"device_start": 1585579110.591694, "device_end": 1585579110.5938642}, "cmdq": 0, "read": {"device_start": 1585579110.5945103, "device_end": 1585579110.5945394}}, "FFC_sans_bias52": {"write": {"device_start": 1585579110.5921578, "host_queued_start": 1585579175.772347, "device_queued": 1585579110.5763817, "device_end": 1585579110.5921884, "host_queued_end": 1585579175.774562}, "device": "gpu", "nd_range": {"device_start": 1585579110.5921998, "device_end": 1585579110.5943735}, "cmdq": 4, "read": {"device_start": 1585579110.5943794, "device_end": 1585579110.5944016}}, "FFC_sans_bias9": {"write": {"device_start": 1585579110.5715632, "host_queued_start": 1585579175.735557, "device_queued": 1585579110.571426, "device_end": 1585579110.5716174, "host_queued_end": 1585579175.774562}, "device": "gpu", "nd_range": {"device_start": 1585579110.5717049, "device_end": 1585579110.5732102}, "cmdq": 1, "read": {"device_start": -1, "device_end": -1}}, "coalesced_transpose39": {"write": {"device_start": -1, "host_queued_start": 1585579175.757973, "device_queued": -1, "device_end": -1, "host_queued_end": 1585579175.774562}, "device": "gpu", "nd_range": {"device_start": 1585579110.5829077, "device_end": 1585579110.583761}, "cmdq": 1, "read": {"device_start": -1, "device_end": -1}}, "FFC_sans_bias55": {"write": {"device_start": 1585579110.5791109, "host_queued_start": 1585579175.753313, "device_queued": 1585579110.5732386, "device_end": 1585579110.579136, "host_queued_end": 1585579175.774562}, "device": "gpu", "nd_range": {"device_start": 1585579110.5791512, "device_end": 1585579110.5814536}, "cmdq": 3, "read": {"device_start": -1, "device_end": -1}}, "FFC_sans_bias54": {"write": {"device_start": 1585579110.57869, "host_queued_start": 1585579175.752282, "device_queued": 1585579110.5732079, "device_end": 1585579110.5787158, "host_queued_end": 1585579175.774562}, "device": "gpu", "nd_range": {"device_start": 1585579110.578732, "device_end": 1585579110.5809674}, "cmdq": 2, "read": {"device_start": -1, "device_end": -1}}, "FFC_sans_bias56": {"write": {"device_start": 1585579110.578147, "host_queued_start": 1585579175.751247, "device_queued": 1585579110.5731874, "device_end": 1585579110.5781724, "host_queued_end": 1585579175.774562}, "device": "gpu", "nd_range": {"device_start": 1585579110.5781887, "device_end": 1585579110.5805042}, "cmdq": 1, "read": {"device_start": -1, "device_end": -1}}, "FFC_sans_bias51": {"write": {"device_start": -1, "host_queued_start": 1585579175.765426, "device_queued": -1, "device_end": -1, "host_queued_end": 1585579175.774562}, "device": "gpu", "nd_range": {"device_start": 1585579110.587631, "device_end": 1585579110.589556}, "cmdq": 1, "read": {"device_start": -1, "device_end": -1}}, "softmax23": {"write": {"device_start": -1, "host_queued_start": 1585579175.762249, "device_queued": -1, "device_end": -1, "host_queued_end": 1585579175.774562}, "device": "gpu", "nd_range": {"device_start": 1585579110.5848367, "device_end": 1585579110.5867152}, "cmdq": 0, "read": {"device_start": -1, "device_end": -1}}, "FFC_sans_bias37": {"write": {"device_start": 1585579110.5758295, "host_queued_start": 1585579175.745986, "device_queued": 1585579110.5725734, "device_end": 1585579110.5758567, "host_queued_end": 1585579175.774562}, "device": "gpu", "nd_range": {"device_start": 1585579110.5758698, "device_end": 1585579110.5780454}, "cmdq": 1, "read": {"device_start": -1, "device_end": -1}}, "empty62": {"write": {"device_start": 1585579110.5710013, "host_queued_start": 1585579175.730407, "device_queued": 1585579110.5708418, "device_end": 1585579110.571054, "host_queued_end": 1585579175.774562}, "device": "gpu", "nd_range": {"device_start": 1585579110.571157, "device_end": 1585579110.571166}, "cmdq": 1, "read": {"device_start": -1, "device_end": -1}}, "FFC_sans_bias70": {"write": {"device_start": 1585579110.5931005, "host_queued_start": 1585579175.774463, "device_queued": 1585579110.5767813, "device_end": 1585579110.5931315, "host_queued_end": 1585579175.774562}, "device": "gpu", "nd_range": {"device_start": 1585579110.5931425, "device_end": 1585579110.5947876}, "cmdq": 1, "read": {"device_start": 1585579110.5947957, "device_end": 1585579110.5948179}}, "FFC_sans_bias58": {"write": {"device_start": -1, "host_queued_start": 1585579175.761169, "device_queued": -1, "device_end": -1, "host_queued_end": 1585579175.774562}, "device": "gpu", "nd_range": {"device_start": 1585579110.5853848, "device_end": 1585579110.5867822}, "cmdq": 1, "read": {"device_start": -1, "device_end": -1}}, "softmax41": {"write": {"device_start": -1, "host_queued_start": 1585579175.762748, "device_queued": -1, "device_end": -1, "host_queued_end": 1585579175.774562}, "device": "gpu", "nd_range": {"device_start": 1585579110.5863497, "device_end": 1585579110.5870814}, "cmdq": 2, "read": {"device_start": -1, "device_end": -1}}, "FFC_sans_bias11": {"write": {"device_start": 1585579110.571936, "host_queued_start": 1585579175.737626, "device_queued": 1585579110.5716302, "device_end": 1585579110.5719602, "host_queued_end": 1585579175.774562}, "device": "gpu", "nd_range": {"device_start": 1585579110.5719652, "device_end": 1585579110.5742042}, "cmdq": 3, "read": {"device_start": -1, "device_end": -1}}, "FFC_sans_bias10": {"write": {"device_start": 1585579110.571645, "host_queued_start": 1585579175.736587, "device_queued": 1585579110.5714464, "device_end": 1585579110.5716753, "host_queued_end": 1585579175.774562}, "device": "gpu", "nd_range": {"device_start": 1585579110.5717235, "device_end": 1585579110.5737534}, "cmdq": 2, "read": {"device_start": -1, "device_end": -1}}, "coalesced_transpose3": {"write": {"device_start": -1, "host_queued_start": 1585579175.756746, "device_queued": -1, "device_end": -1, "host_queued_end": 1585579175.774562}, "device": "gpu", "nd_range": {"device_start": 1585579110.580969, "device_end": 1585579110.5827742}, "cmdq": 2, "read": {"device_start": -1, "device_end": -1}}, "FFC_sans_bias34": {"write": {"device_start": 1585579110.5906394, "host_queued_start": 1585579175.770235, "device_queued": 1585579110.5758922, "device_end": 1585579110.5906703, "host_queued_end": 1585579175.774562}, "device": "gpu", "nd_range": {"device_start": 1585579110.5906925, "device_end": 1585579110.5924146}, "cmdq": 2, "read": {"device_start": 1585579110.5924187, "device_end": 1585579110.5924416}}, "FFC_sans_bias15": {"write": {"device_start": -1, "host_queued_start": 1585579175.764157, "device_queued": -1, "device_end": -1, "host_queued_end": 1585579175.774562}, "device": "gpu", "nd_range": {"device_start": 1585579110.5870922, "device_end": 1585579110.5880284}, "cmdq": 2, "read": {"device_start": -1, "device_end": -1}}, "FFC_sans_bias31": {"write": {"device_start": -1, "host_queued_start": 1585579175.760189, "device_queued": -1, "device_end": -1, "host_queued_end": 1585579175.774562}, "device": "gpu", "nd_range": {"device_start": 1585579110.582925, "device_end": 1585579110.584403}, "cmdq": 3, "read": {"device_start": -1, "device_end": -1}}, "FFC_sans_bias16": {"write": {"device_start": 1585579110.5891593, "host_queued_start": 1585579175.768132, "device_queued": 1585579110.575829, "device_end": 1585579110.5891912, "host_queued_end": 1585579175.774562}, "device": "gpu", "nd_range": {"device_start": 1585579110.589214, "device_end": 1585579110.5914493}, "cmdq": 0, "read": {"device_start": 1585579110.5914545, "device_end": 1585579110.5914783}}, "FFC_sans_bias19": {"write": {"device_start": 1585579110.5729315, "host_queued_start": 1585579175.739717, "device_queued": 1585579110.571898, "device_end": 1585579110.572963, "host_queued_end": 1585579175.774562}, "device": "gpu", "nd_range": {"device_start": 1585579110.5729666, "device_end": 1585579110.5751896}, "cmdq": 0, "read": {"device_start": -1, "device_end": -1}}, "FFC_sans_bias18": {"write": {"device_start": 1585579110.5723786, "host_queued_start": 1585579175.738688, "device_queued": 1585579110.5716553, "device_end": 1585579110.5724084, "host_queued_end": 1585579175.774562}, "device": "gpu", "nd_range": {"device_start": 1585579110.572424, "device_end": 1585579110.574691}, "cmdq": 4, "read": {"device_start": -1, "device_end": -1}}, "coalesced_transpose30": {"write": {"device_start": -1, "host_queued_start": 1585579175.757666, "device_queued": -1, "device_end": -1, "host_queued_end": 1585579175.774562}, "device": "gpu", "nd_range": {"device_start": 1585579110.5824308, "device_end": 1585579110.582812}, "cmdq": 0, "read": {"device_start": -1, "device_end": -1}}, "FFC_sans_bias69": {"write": {"device_start": -1, "host_queued_start": 1585579175.766056, "device_queued": -1, "device_end": -1, "host_queued_end": 1585579175.774562}, "device": "gpu", "nd_range": {"device_start": 1585579110.588602, "device_end": 1585579110.5909927}, "cmdq": 3, "read": {"device_start": -1, "device_end": -1}}, "FFC_sans_bias38": {"write": {"device_start": 1585579110.576287, "host_queued_start": 1585579175.747058, "device_queued": 1585579110.5726, "device_end": 1585579110.576319, "host_queued_end": 1585579175.774562}, "device": "gpu", "nd_range": {"device_start": 1585579110.5763226, "device_end": 1585579110.578581}, "cmdq": 2, "read": {"device_start": -1, "device_end": -1}}, "coalesced_transpose57": {"write": {"device_start": -1, "host_queued_start": 1585579175.758586, "device_queued": -1, "device_end": -1, "host_queued_end": 1585579175.774562}, "device": "gpu", "nd_range": {"device_start": 1585579110.582789, "device_end": 1585579110.5828502}, "cmdq": 3, "read": {"device_start": -1, "device_end": -1}}, "empty26": {"write": {"device_start": 1585579110.5705824, "host_queued_start": 1585579175.726943, "device_queued": 1585579110.5703907, "device_end": 1585579110.5706415, "host_queued_end": 1585579175.774562}, "device": "gpu", "nd_range": {"device_start": 1585579110.5707526, "device_end": 1585579110.5707583}, "cmdq": 2, "read": {"device_start": -1, "device_end": -1}}, "coalesced_transpose12": {"write": {"device_start": -1, "host_queued_start": 1585579175.75705, "device_queued": -1, "device_end": -1, "host_queued_end": 1585579175.774562}, "device": "gpu", "nd_range": {"device_start": 1585579110.5814548, "device_end": 1585579110.582788}, "cmdq": 3, "read": {"device_start": -1, "device_end": -1}}, "empty44": {"write": {"device_start": 1585579110.570757, "host_queued_start": 1585579175.728649, "device_queued": 1585579110.5706713, "device_end": 1585579110.5707865, "host_queued_end": 1585579175.774562}, "device": "gpu", "nd_range": {"device_start": 1585579110.5707943, "device_end": 1585579110.570798}, "cmdq": 4, "read": {"device_start": -1, "device_end": -1}}, "coalesced_transpose21": {"write": {"device_start": -1, "host_queued_start": 1585579175.75736, "device_queued": -1, "device_end": -1, "host_queued_end": 1585579175.774562}, "device": "gpu", "nd_range": {"device_start": 1585579110.581949, "device_end": 1585579110.5827928}, "cmdq": 4, "read": {"device_start": -1, "device_end": -1}}, "FFC_sans_bias36": {"write": {"device_start": 1585579110.5753353, "host_queued_start": 1585579175.744951, "device_queued": 1585579110.5725079, "device_end": 1585579110.575361, "host_queued_end": 1585579175.774562}, "device": "gpu", "nd_range": {"device_start": 1585579110.575365, "device_end": 1585579110.5776012}, "cmdq": 0, "read": {"device_start": -1, "device_end": -1}}, "softmax14": {"write": {"device_start": -1, "host_queued_start": 1585579175.762003, "device_queued": -1, "device_end": -1, "host_queued_end": 1585579175.774562}, "device": "gpu", "nd_range": {"device_start": 1585579110.5858352, "device_end": 1585579110.5870652}, "cmdq": 4, "read": {"device_start": -1, "device_end": -1}}, "FFC_sans_bias13": {"write": {"device_start": -1, "host_queued_start": 1585579175.759558, "device_queued": -1, "device_end": -1, "host_queued_end": 1585579175.774562}, "device": "gpu", "nd_range": {"device_start": 1585579110.5837746, "device_end": 1585579110.585374}, "cmdq": 1, "read": {"device_start": -1, "device_end": -1}}, "empty8": {"write": {"device_start": 1585579110.5703022, "host_queued_start": 1585579175.725022, "device_queued": 1585579110.570185, "device_end": 1585579110.5703294, "host_queued_end": 1585579175.774562}, "device": "gpu", "nd_range": {"device_start": 1585579110.5703323, "device_end": 1585579110.5703416}, "cmdq": 0, "read": {"device_start": -1, "device_end": -1}}, "FFC_sans_bias42": {"write": {"device_start": -1, "host_queued_start": 1585579175.765111, "device_queued": -1, "device_end": -1, "host_queued_end": 1585579175.774562}, "device": "gpu", "nd_range": {"device_start": 1585579110.5871162, "device_end": 1585579110.589029}, "cmdq": 0, "read": {"device_start": -1, "device_end": -1}}, "FFC_sans_bias43": {"write": {"device_start": 1585579110.59112, "host_queued_start": 1585579175.771291, "device_queued": 1585579110.5760362, "device_end": 1585579110.5911508, "host_queued_end": 1585579175.774562}, "device": "gpu", "nd_range": {"device_start": 1585579110.59117, "device_end": 1585579110.5933928}, "cmdq": 3, "read": {"device_start": 1585579110.5933979, "device_end": 1585579110.5934222}}, "FFC_sans_bias40": {"write": {"device_start": -1, "host_queued_start": 1585579175.760506, "device_queued": -1, "device_end": -1, "host_queued_end": 1585579175.774562}, "device": "gpu", "nd_range": {"device_start": 1585579110.5837944, "device_end": 1585579110.5858235}, "cmdq": 4, "read": {"device_start": -1, "device_end": -1}}, "softmax32": {"write": {"device_start": -1, "host_queued_start": 1585579175.762493, "device_queued": -1, "device_end": -1, "host_queued_end": 1585579175.774562}, "device": "gpu", "nd_range": {"device_start": 1585579110.5867934, "device_end": 1585579110.5870018}, "cmdq": 1, "read": {"device_start": -1, "device_end": -1}}, "FFC_sans_bias47": {"write": {"device_start": 1585579110.5777147, "host_queued_start": 1585579175.750206, "device_queued": 1585579110.573039, "device_end": 1585579110.577741, "host_queued_end": 1585579175.774562}, "device": "gpu", "nd_range": {"device_start": 1585579110.5777571, "device_end": 1585579110.5800033}, "cmdq": 0, "read": {"device_start": -1, "device_end": -1}}, "FFC_sans_bias45": {"write": {"device_start": 1585579110.5767746, "host_queued_start": 1585579175.748093, "device_queued": 1585579110.5727174, "device_end": 1585579110.5768015, "host_queued_end": 1585579175.774562}, "device": "gpu", "nd_range": {"device_start": 1585579110.5768063, "device_end": 1585579110.579008}, "cmdq": 3, "read": {"device_start": -1, "device_end": -1}}, "softmax50": {"write": {"device_start": -1, "host_queued_start": 1585579175.762996, "device_queued": -1, "device_end": -1, "host_queued_end": 1585579175.774562}, "device": "gpu", "nd_range": {"device_start": 1585579110.5867429, "device_end": 1585579110.5869544}, "cmdq": 3, "read": {"device_start": -1, "device_end": -1}}, "FFC_sans_bias33": {"write": {"device_start": -1, "host_queued_start": 1585579175.764797, "device_queued": -1, "device_end": -1, "host_queued_end": 1585579175.774562}, "device": "gpu", "nd_range": {"device_start": 1585579110.5877984, "device_end": 1585579110.5900023}, "cmdq": 4, "read": {"device_start": -1, "device_end": -1}}, "FFC_sans_bias63": {"write": {"device_start": 1585579110.5806117, "host_queued_start": 1585579175.756422, "device_queued": 1585579110.57369, "device_end": 1585579110.580638, "host_queued_end": 1585579175.774562}, "device": "gpu", "nd_range": {"device_start": 1585579110.5806546, "device_end": 1585579110.5829067}, "cmdq": 1, "read": {"device_start": -1, "device_end": -1}}, "FFC_sans_bias49": {"write": {"device_start": -1, "host_queued_start": 1585579175.760821, "device_queued": -1, "device_end": -1, "host_queued_end": 1585579175.774562}, "device": "gpu", "nd_range": {"device_start": 1585579110.5834405, "device_end": 1585579110.584826}, "cmdq": 0, "read": {"device_start": -1, "device_end": -1}}, "FFC_sans_bias64": {"write": {"device_start": 1585579110.579654, "host_queued_start": 1585579175.754355, "device_queued": 1585579110.5732584, "device_end": 1585579110.5796812, "host_queued_end": 1585579175.774562}, "device": "gpu", "nd_range": {"device_start": 1585579110.579696, "device_end": 1585579110.581947}, "cmdq": 4, "read": {"device_start": -1, "device_end": -1}}, "FFC_sans_bias65": {"write": {"device_start": 1585579110.5801027, "host_queued_start": 1585579175.7554, "device_queued": 1585579110.5736036, "device_end": 1585579110.5801284, "host_queued_end": 1585579175.774562}, "device": "gpu", "nd_range": {"device_start": 1585579110.5801322, "device_end": 1585579110.5824254}, "cmdq": 0, "read": {"device_start": -1, "device_end": -1}}, "FFC_sans_bias67": {"write": {"device_start": -1, "host_queued_start": 1585579175.761488, "device_queued": -1, "device_end": -1, "host_queued_end": 1585579175.774562}, "device": "gpu", "nd_range": {"device_start": 1585579110.5838754, "device_end": 1585579110.5863388}, "cmdq": 2, "read": {"device_start": -1, "device_end": -1}}, "FFC_sans_bias24": {"write": {"device_start": -1, "host_queued_start": 1585579175.764478, "device_queued": -1, "device_end": -1, "host_queued_end": 1585579175.774562}, "device": "gpu", "nd_range": {"device_start": 1585579110.5871027, "device_end": 1585579110.588591}, "cmdq": 3, "read": {"device_start": -1, "device_end": -1}}, "FFC_sans_bias25": {"write": {"device_start": 1585579110.5907953, "host_queued_start": 1585579175.769165, "device_queued": 1585579110.576102, "device_end": 1585579110.5908263, "host_queued_end": 1585579175.774562}, "device": "gpu", "nd_range": {"device_start": 1585579110.5908473, "device_end": 1585579110.5929103}, "cmdq": 1, "read": {"device_start": 1585579110.5929139, "device_end": 1585579110.5929368}}, "FFC_sans_bias27": {"write": {"device_start": 1585579110.573892, "host_queued_start": 1585579175.741813, "device_queued": 1585579110.5720885, "device_end": 1585579110.5739226, "host_queued_end": 1585579175.774562}, "device": "gpu", "nd_range": {"device_start": 1585579110.5739264, "device_end": 1585579110.5761626}, "cmdq": 2, "read": {"device_start": -1, "device_end": -1}}, "FFC_sans_bias20": {"write": {"device_start": 1585579110.5733035, "host_queued_start": 1585579175.740777, "device_queued": 1585579110.5720696, "device_end": 1585579110.5733328, "host_queued_end": 1585579175.774562}, "device": "gpu", "nd_range": {"device_start": 1585579110.5733383, "device_end": 1585579110.5756626}, "cmdq": 1, "read": {"device_start": -1, "device_end": -1}}, "FFC_sans_bias22": {"write": {"device_start": -1, "host_queued_start": 1585579175.759878, "device_queued": -1, "device_end": -1, "host_queued_end": 1585579175.774562}, "device": "gpu", "nd_range": {"device_start": 1585579110.5828466, "device_end": 1585579110.5838645}, "cmdq": 2, "read": {"device_start": -1, "device_end": -1}}, "softmax68": {"write": {"device_start": -1, "host_queued_start": 1585579175.763529, "device_queued": -1, "device_end": -1, "host_queued_end": 1585579175.774562}, "device": "gpu", "nd_range": {"device_start": 1585579110.5867264, "device_end": 1585579110.586937}, "cmdq": 0, "read": {"device_start": -1, "device_end": -1}}, "softmax5": {"write": {"device_start": -1, "host_queued_start": 1585579175.761752, "device_queued": -1, "device_end": -1, "host_queued_end": 1585579175.774562}, "device": "gpu", "nd_range": {"device_start": 1585579110.5844147, "device_end": 1585579110.5867321}, "cmdq": 3, "read": {"device_start": -1, "device_end": -1}}, "FFC_sans_bias28": {"write": {"device_start": 1585579110.5743518, "host_queued_start": 1585579175.742871, "device_queued": 1585579110.5721056, "device_end": 1585579110.574382, "host_queued_end": 1585579175.774562}, "device": "gpu", "nd_range": {"device_start": 1585579110.5743864, "device_end": 1585579110.5766335}, "cmdq": 3, "read": {"device_start": -1, "device_end": -1}}, "FFC_sans_bias29": {"write": {"device_start": 1585579110.5748277, "host_queued_start": 1585579175.743908, "device_queued": 1585579110.5721216, "device_end": 1585579110.574854, "host_queued_end": 1585579175.774562}, "device": "gpu", "nd_range": {"device_start": 1585579110.5748625, "device_end": 1585579110.5771112}, "cmdq": 4, "read": {"device_start": -1, "device_end": -1}}, "empty17": {"write": {"device_start": 1585579110.5704618, "host_queued_start": 1585579175.726061, "device_queued": 1585579110.5703647, "device_end": 1585579110.5705087, "host_queued_end": 1585579175.774562}, "device": "gpu", "nd_range": {"device_start": 1585579110.5707252, "device_end": 1585579110.5707383}, "cmdq": 1, "read": {"device_start": -1, "device_end": -1}}, "softmax59": {"write": {"device_start": -1, "host_queued_start": 1585579175.763238, "device_queued": -1, "device_end": -1, "host_queued_end": 1585579175.774562}, "device": "gpu", "nd_range": {"device_start": 1585579110.5870767, "device_end": 1585579110.5877879}, "cmdq": 4, "read": {"device_start": -1, "device_end": -1}}, "empty71": {"write": {"device_start": 1585579110.5710804, "host_queued_start": 1585579175.731268, "device_queued": 1585579110.5708573, "device_end": 1585579110.5711586, "host_queued_end": 1585579175.774562}, "device": "gpu", "nd_range": {"device_start": 1585579110.5711627, "device_end": 1585579110.5711691}, "cmdq": 2, "read": {"device_start": -1, "device_end": -1}}, "empty35": {"write": {"device_start": 1585579110.5706723, "host_queued_start": 1585579175.727783, "device_queued": 1585579110.5704103, "device_end": 1585579110.570698, "host_queued_end": 1585579175.774562}, "device": "gpu", "nd_range": {"device_start": 1585579110.5707757, "device_end": 1585579110.5707874}, "cmdq": 3, "read": {"device_start": -1, "device_end": -1}}, "empty53": {"write": {"device_start": 1585579110.5708919, "host_queued_start": 1585579175.729575, "device_queued": 1585579110.5708022, "device_end": 1585579110.570949, "host_queued_end": 1585579175.774562}, "device": "gpu", "nd_range": {"device_start": 1585579110.5709536, "device_end": 1585579110.5709577}, "cmdq": 0, "read": {"device_start": -1, "device_end": -1}}, "FFC_sans_bias46": {"write": {"device_start": 1585579110.5772161, "host_queued_start": 1585579175.749138, "device_queued": 1585579110.572745, "device_end": 1585579110.5772414, "host_queued_end": 1585579175.774562}, "device": "gpu", "nd_range": {"device_start": 1585579110.577249, "device_end": 1585579110.5795517}, "cmdq": 4, "read": {"device_start": -1, "device_end": -1}}, "coalesced_transpose66": {"write": {"device_start": -1, "host_queued_start": 1585579175.758915, "device_queued": -1, "device_end": -1, "host_queued_end": 1585579175.774562}, "device": "gpu", "nd_range": {"device_start": 1585579110.5827937, "device_end": 1585579110.582854}, "cmdq": 4, "read": {"device_start": -1, "device_end": -1}}, "coalesced_transpose48": {"write": {"device_start": -1, "host_queued_start": 1585579175.758273, "device_queued": -1, "device_end": -1, "host_queued_end": 1585579175.774562}, "device": "gpu", "nd_range": {"device_start": 1585579110.5827842, "device_end": 1585579110.5828316}, "cmdq": 2, "read": {"device_start": -1, "device_end": -1}}}