{"FFC_sans_bias60": {"write": {"device_start": -1, "host_queued_start": 1585578802.427229, "device_queued": -1, "device_end": -1, "host_queued_end": 1585578802.43394}, "device": "gpu", "nd_range": {"device_start": 1585578737.254615, "device_end": 1585578737.2555695}, "cmdq": 0, "read": {"device_start": -1, "device_end": -1}}, "FFC_sans_bias4": {"write": {"device_start": -1, "host_queued_start": 1585578802.445448, "device_queued": -1, "device_end": -1, "host_queued_end": 1585578802.449091}, "device": "cpu", "nd_range": {"device_start": 2246576.669773842, "device_end": 2246576.682197384}, "cmdq": 1, "read": {"device_start": -1, "device_end": -1}}, "FFC_sans_bias7": {"write": {"device_start": -1, "host_queued_start": 1585578802.448061, "device_queued": -1, "device_end": -1, "host_queued_end": 1585578802.449091}, "device": "cpu", "nd_range": {"device_start": 2246576.689691274, "device_end": 2246576.701783943}, "cmdq": 1, "read": {"device_start": -1, "device_end": -1}}, "FFC_sans_bias6": {"write": {"device_start": -1, "host_queued_start": 1585578802.446684, "device_queued": -1, "device_end": -1, "host_queued_end": 1585578802.449091}, "device": "cpu", "nd_range": {"device_start": 2246576.68254989, "device_end": 2246576.689683069}, "cmdq": 2, "read": {"device_start": -1, "device_end": -1}}, "FFC_sans_bias1": {"write": {"device_start": -1, "host_queued_start": 1585578802.439441, "device_queued": -1, "device_end": -1, "host_queued_end": 1585578802.449091}, "device": "cpu", "nd_range": {"device_start": 2246576.638710889, "device_end": 2246576.6473329063}, "cmdq": 0, "read": {"device_start": -1, "device_end": -1}}, "FFC_sans_bias0": {"write": {"device_start": -1, "host_queued_start": 1585578802.43807, "device_queued": -1, "device_end": -1, "host_queued_end": 1585578802.449091}, "device": "cpu", "nd_range": {"device_start": 2246576.638724265, "device_end": 2246576.651575693}, "cmdq": 2, "read": {"device_start": -1, "device_end": -1}}, "FFC_sans_bias2": {"write": {"device_start": -1, "host_queued_start": 1585578802.440703, "device_queued": -1, "device_end": -1, "host_queued_end": 1585578802.449091}, "device": "cpu", "nd_range": {"device_start": 2246576.638711974, "device_end": 2246576.652929692}, "cmdq": 1, "read": {"device_start": -1, "device_end": -1}}, "FFC_sans_bias61": {"write": {"device_start": 1585578737.2576246, "host_queued_start": 1585578802.432798, "device_queued": 1585578737.243681, "device_end": 1585578737.2576506, "host_queued_end": 1585578802.43394}, "device": "gpu", "nd_range": {"device_start": 1585578737.257654, "device_end": 1585578737.2584295}, "cmdq": 0, "read": {"device_start": 1585578737.2584374, "device_end": 1585578737.2584603}}, "FFC_sans_bias52": {"write": {"device_start": 1585578737.2571902, "host_queued_start": 1585578802.431765, "device_queued": 1585578737.2436001, "device_end": 1585578737.2572165, "host_queued_end": 1585578802.43394}, "device": "gpu", "nd_range": {"device_start": 1585578737.2572203, "device_end": 1585578737.2579782}, "cmdq": 1, "read": {"device_start": 1585578737.2579844, "device_end": 1585578737.258008}}, "FFC_sans_bias9": {"write": {"device_start": -1, "host_queued_start": 1585578802.442012, "device_queued": -1, "device_end": -1, "host_queued_end": 1585578802.449091}, "device": "cpu", "nd_range": {"device_start": 2246576.651707558, "device_end": 2246576.6693607}, "cmdq": 2, "read": {"device_start": -1, "device_end": -1}}, "coalesced_transpose39": {"write": {"device_start": -1, "host_queued_start": 1585578802.421366, "device_queued": -1, "device_end": -1, "host_queued_end": 1585578802.43394}, "device": "gpu", "nd_range": {"device_start": 1585578737.2494621, "device_end": 1585578737.249487}, "cmdq": 0, "read": {"device_start": -1, "device_end": -1}}, "FFC_sans_bias55": {"write": {"device_start": 1585578737.2473168, "host_queued_start": 1585578802.417305, "device_queued": 1585578737.2416122, "device_end": 1585578737.247345, "host_queued_end": 1585578802.43394}, "device": "gpu", "nd_range": {"device_start": 1585578737.2473514, "device_end": 1585578737.2481458}, "cmdq": 0, "read": {"device_start": -1, "device_end": -1}}, "FFC_sans_bias54": {"write": {"device_start": 1585578737.2468517, "host_queued_start": 1585578802.416275, "device_queued": 1585578737.2415602, "device_end": 1585578737.246885, "host_queued_end": 1585578802.43394}, "device": "gpu", "nd_range": {"device_start": 1585578737.2468896, "device_end": 1585578737.247674}, "cmdq": 1, "read": {"device_start": -1, "device_end": -1}}, "FFC_sans_bias56": {"write": {"device_start": 1585578737.2463307, "host_queued_start": 1585578802.415252, "device_queued": 1585578737.2414098, "device_end": 1585578737.2463646, "host_queued_end": 1585578802.43394}, "device": "gpu", "nd_range": {"device_start": 1585578737.2463722, "device_end": 1585578737.2471716}, "cmdq": 0, "read": {"device_start": -1, "device_end": -1}}, "FFC_sans_bias51": {"write": {"device_start": -1, "host_queued_start": 1585578802.426917, "device_queued": -1, "device_end": -1, "host_queued_end": 1585578802.43394}, "device": "gpu", "nd_range": {"device_start": 1585578737.2540307, "device_end": 1585578737.2550292}, "cmdq": 1, "read": {"device_start": -1, "device_end": -1}}, "softmax23": {"write": {"device_start": -1, "host_queued_start": 1585578802.424413, "device_queued": -1, "device_end": -1, "host_queued_end": 1585578802.43394}, "device": "gpu", "nd_range": {"device_start": 1585578737.2520623, "device_end": 1585578737.2526143}, "cmdq": 0, "read": {"device_start": -1, "device_end": -1}}, "FFC_sans_bias37": {"write": {"device_start": 1585578737.2439299, "host_queued_start": 1585578802.409977, "device_queued": 1585578737.2409892, "device_end": 1585578737.243958, "host_queued_end": 1585578802.43394}, "device": "gpu", "nd_range": {"device_start": 1585578737.2439625, "device_end": 1585578737.244755}, "cmdq": 1, "read": {"device_start": -1, "device_end": -1}}, "empty62": {"write": {"device_start": 1585578737.2404525, "host_queued_start": 1585578802.400615, "device_queued": 1585578737.2400835, "device_end": 1585578737.2405121, "host_queued_end": 1585578802.43394}, "device": "gpu", "nd_range": {"device_start": 1585578737.2405193, "device_end": 1585578737.2405255}, "cmdq": 0, "read": {"device_start": -1, "device_end": -1}}, "FFC_sans_bias70": {"write": {"device_start": 1585578737.2581453, "host_queued_start": 1585578802.433839, "device_queued": 1585578737.2438452, "device_end": 1585578737.258171, "host_queued_end": 1585578802.43394}, "device": "gpu", "nd_range": {"device_start": 1585578737.258173, "device_end": 1585578737.2588813}, "cmdq": 1, "read": {"device_start": 1585578737.2588835, "device_end": 1585578737.2589056}}, "FFC_sans_bias58": {"write": {"device_start": -1, "host_queued_start": 1585578802.423861, "device_queued": -1, "device_end": -1, "host_queued_end": 1585578802.43394}, "device": "gpu", "nd_range": {"device_start": 1585578737.2510996, "device_end": 1585578737.2520607}, "cmdq": 0, "read": {"device_start": -1, "device_end": -1}}, "softmax41": {"write": {"device_start": -1, "host_queued_start": 1585578802.424896, "device_queued": -1, "device_end": -1, "host_queued_end": 1585578802.43394}, "device": "gpu", "nd_range": {"device_start": 1585578737.2526157, "device_end": 1585578737.2528179}, "cmdq": 0, "read": {"device_start": -1, "device_end": -1}}, "FFC_sans_bias11": {"write": {"device_start": -1, "host_queued_start": 1585578802.444431, "device_queued": -1, "device_end": -1, "host_queued_end": 1585578802.449091}, "device": "cpu", "nd_range": {"device_start": 2246576.653060263, "device_end": 2246576.6633783793}, "cmdq": 1, "read": {"device_start": -1, "device_end": -1}}, "FFC_sans_bias10": {"write": {"device_start": -1, "host_queued_start": 1585578802.443323, "device_queued": -1, "device_end": -1, "host_queued_end": 1585578802.449091}, "device": "cpu", "nd_range": {"device_start": 2246576.647595587, "device_end": 2246576.669359997}, "cmdq": 0, "read": {"device_start": -1, "device_end": -1}}, "coalesced_transpose3": {"write": {"device_start": -1, "host_queued_start": 1585578802.444773, "device_queued": -1, "device_end": -1, "host_queued_end": 1585578802.449091}, "device": "cpu", "nd_range": {"device_start": 2246576.6693683923, "device_end": 2246576.6696188543}, "cmdq": 2, "read": {"device_start": -1, "device_end": -1}}, "FFC_sans_bias34": {"write": {"device_start": 1585578737.2561228, "host_queued_start": 1585578802.42962, "device_queued": 1585578737.2433343, "device_end": 1585578737.256148, "host_queued_end": 1585578802.43394}, "device": "gpu", "nd_range": {"device_start": 1585578737.2561524, "device_end": 1585578737.2570035}, "cmdq": 1, "read": {"device_start": 1585578737.257005, "device_end": 1585578737.2570305}}, "FFC_sans_bias15": {"write": {"device_start": -1, "host_queued_start": 1585578802.447021, "device_queued": -1, "device_end": -1, "host_queued_end": 1585578802.449091}, "device": "cpu", "nd_range": {"device_start": 2246576.68269967, "device_end": 2246576.691246061}, "cmdq": 0, "read": {"device_start": -1, "device_end": -1}}, "FFC_sans_bias31": {"write": {"device_start": -1, "host_queued_start": 1585578802.422923, "device_queued": -1, "device_end": -1, "host_queued_end": 1585578802.43394}, "device": "gpu", "nd_range": {"device_start": 1585578737.25, "device_end": 1585578737.25061}, "cmdq": 1, "read": {"device_start": -1, "device_end": -1}}, "FFC_sans_bias16": {"write": {"device_start": -1, "host_queued_start": 1585578802.449048, "device_queued": -1, "device_end": -1, "host_queued_end": 1585578802.449091}, "device": "cpu", "nd_range": {"device_start": 2246576.6922092363, "device_end": 2246576.701111652}, "cmdq": 2, "read": {"device_start": -1, "device_end": -1}}, "FFC_sans_bias19": {"write": {"device_start": 1585578737.240753, "host_queued_start": 1585578802.40345, "device_queued": 1585578737.2403612, "device_end": 1585578737.2407794, "host_queued_end": 1585578802.43394}, "device": "gpu", "nd_range": {"device_start": 1585578737.2407825, "device_end": 1585578737.2417674}, "cmdq": 1, "read": {"device_start": -1, "device_end": -1}}, "FFC_sans_bias18": {"write": {"device_start": 1585578737.2406676, "host_queued_start": 1585578802.402389, "device_queued": 1585578737.2401705, "device_end": 1585578737.2407465, "host_queued_end": 1585578802.43394}, "device": "gpu", "nd_range": {"device_start": 1585578737.2407532, "device_end": 1585578737.2413642}, "cmdq": 0, "read": {"device_start": -1, "device_end": -1}}, "coalesced_transpose30": {"write": {"device_start": -1, "host_queued_start": 1585578802.421066, "device_queued": -1, "device_end": -1, "host_queued_end": 1585578802.43394}, "device": "gpu", "nd_range": {"device_start": 1585578737.2495663, "device_end": 1585578737.2499473}, "cmdq": 1, "read": {"device_start": -1, "device_end": -1}}, "FFC_sans_bias69": {"write": {"device_start": -1, "host_queued_start": 1585578802.427542, "device_queued": -1, "device_end": -1, "host_queued_end": 1585578802.43394}, "device": "gpu", "nd_range": {"device_start": 1585578737.2550304, "device_end": 1585578737.2560248}, "cmdq": 1, "read": {"device_start": -1, "device_end": -1}}, "FFC_sans_bias38": {"write": {"device_start": 1585578737.244386, "host_queued_start": 1585578802.411076, "device_queued": 1585578737.2410343, "device_end": 1585578737.2444181, "host_queued_end": 1585578802.43394}, "device": "gpu", "nd_range": {"device_start": 1585578737.2444227, "device_end": 1585578737.2452424}, "cmdq": 0, "read": {"device_start": -1, "device_end": -1}}, "coalesced_transpose57": {"write": {"device_start": -1, "host_queued_start": 1585578802.421956, "device_queued": -1, "device_end": -1, "host_queued_end": 1585578802.43394}, "device": "gpu", "nd_range": {"device_start": 1585578737.2494886, "device_end": 1585578737.2495053}, "cmdq": 0, "read": {"device_start": -1, "device_end": -1}}, "empty26": {"write": {"device_start": 1585578737.2399802, "host_queued_start": 1585578802.397077, "device_queued": 1585578737.2396207, "device_end": 1585578737.240019, "host_queued_end": 1585578802.43394}, "device": "gpu", "nd_range": {"device_start": 1585578737.2400293, "device_end": 1585578737.240035}, "cmdq": 0, "read": {"device_start": -1, "device_end": -1}}, "coalesced_transpose12": {"write": {"device_start": -1, "host_queued_start": 1585578802.445106, "device_queued": -1, "device_end": -1, "host_queued_end": 1585578802.449091}, "device": "cpu", "nd_range": {"device_start": 2246576.669368516, "device_end": 2246576.669541039}, "cmdq": 0, "read": {"device_start": -1, "device_end": -1}}, "empty44": {"write": {"device_start": 1585578737.240226, "host_queued_start": 1585578802.398994, "device_queued": 1585578737.2397892, "device_end": 1585578737.2403178, "host_queued_end": 1585578802.43394}, "device": "gpu", "nd_range": {"device_start": 1585578737.2403333, "device_end": 1585578737.240346}, "cmdq": 0, "read": {"device_start": -1, "device_end": -1}}, "coalesced_transpose21": {"write": {"device_start": -1, "host_queued_start": 1585578802.420758, "device_queued": -1, "device_end": -1, "host_queued_end": 1585578802.43394}, "device": "gpu", "nd_range": {"device_start": 1585578737.2491267, "device_end": 1585578737.2494566}, "cmdq": 0, "read": {"device_start": -1, "device_end": -1}}, "FFC_sans_bias36": {"write": {"device_start": 1585578737.243432, "host_queued_start": 1585578802.408838, "device_queued": 1585578737.240835, "device_end": 1585578737.2434597, "host_queued_end": 1585578802.43394}, "device": "gpu", "nd_range": {"device_start": 1585578737.243464, "device_end": 1585578737.244278}, "cmdq": 0, "read": {"device_start": -1, "device_end": -1}}, "softmax14": {"write": {"device_start": -1, "host_queued_start": 1585578802.446338, "device_queued": -1, "device_end": -1, "host_queued_end": 1585578802.449091}, "device": "cpu", "nd_range": {"device_start": 2246576.682233415, "device_end": 2246576.6824558442}, "cmdq": 1, "read": {"device_start": -1, "device_end": -1}}, "FFC_sans_bias13": {"write": {"device_start": -1, "host_queued_start": 1585578802.445792, "device_queued": -1, "device_end": -1, "host_queued_end": 1585578802.449091}, "device": "cpu", "nd_range": {"device_start": 2246576.670003645, "device_end": 2246576.6821972863}, "cmdq": 2, "read": {"device_start": -1, "device_end": -1}}, "empty8": {"write": {"device_start": -1, "host_queued_start": 1585578802.435653, "device_queued": -1, "device_end": -1, "host_queued_end": 1585578802.449091}, "device": "cpu", "nd_range": {"device_start": 2246576.6386748743, "device_end": 2246576.6386888353}, "cmdq": 0, "read": {"device_start": -1, "device_end": -1}}, "FFC_sans_bias42": {"write": {"device_start": -1, "host_queued_start": 1585578802.426591, "device_queued": -1, "device_end": -1, "host_queued_end": 1585578802.43394}, "device": "gpu", "nd_range": {"device_start": 1585578737.2536278, "device_end": 1585578737.254614}, "cmdq": 0, "read": {"device_start": -1, "device_end": -1}}, "FFC_sans_bias43": {"write": {"device_start": 1585578737.2566993, "host_queued_start": 1585578802.430727, "device_queued": 1585578737.24343, "device_end": 1585578737.2567253, "host_queued_end": 1585578802.43394}, "device": "gpu", "nd_range": {"device_start": 1585578737.2567282, "device_end": 1585578737.2574618}, "cmdq": 0, "read": {"device_start": 1585578737.2574644, "device_end": 1585578737.2574885}}, "FFC_sans_bias40": {"write": {"device_start": -1, "host_queued_start": 1585578802.423235, "device_queued": -1, "device_end": -1, "host_queued_end": 1585578802.43394}, "device": "gpu", "nd_range": {"device_start": 1585578737.250114, "device_end": 1585578737.2510977}, "cmdq": 0, "read": {"device_start": -1, "device_end": -1}}, "softmax32": {"write": {"device_start": -1, "host_queued_start": 1585578802.424658, "device_queued": -1, "device_end": -1, "host_queued_end": 1585578802.43394}, "device": "gpu", "nd_range": {"device_start": 1585578737.2525628, "device_end": 1585578737.2527697}, "cmdq": 1, "read": {"device_start": -1, "device_end": -1}}, "FFC_sans_bias47": {"write": {"device_start": 1585578737.2458482, "host_queued_start": 1585578802.414184, "device_queued": 1585578737.2413652, "device_end": 1585578737.2458801, "host_queued_end": 1585578802.43394}, "device": "gpu", "nd_range": {"device_start": 1585578737.2458856, "device_end": 1585578737.2467182}, "cmdq": 1, "read": {"device_start": -1, "device_end": -1}}, "FFC_sans_bias45": {"write": {"device_start": 1585578737.2448974, "host_queued_start": 1585578802.412115, "device_queued": 1585578737.2411776, "device_end": 1585578737.2449298, "host_queued_end": 1585578802.43394}, "device": "gpu", "nd_range": {"device_start": 1585578737.2449355, "device_end": 1585578737.245716}, "cmdq": 1, "read": {"device_start": -1, "device_end": -1}}, "softmax50": {"write": {"device_start": -1, "host_queued_start": 1585578802.42514, "device_queued": -1, "device_end": -1, "host_queued_end": 1585578802.43394}, "device": "gpu", "nd_range": {"device_start": 1585578737.2527714, "device_end": 1585578737.2529733}, "cmdq": 1, "read": {"device_start": -1, "device_end": -1}}, "FFC_sans_bias33": {"write": {"device_start": -1, "host_queued_start": 1585578802.42626, "device_queued": -1, "device_end": -1, "host_queued_end": 1585578802.43394}, "device": "gpu", "nd_range": {"device_start": 1585578737.2533078, "device_end": 1585578737.2540298}, "cmdq": 1, "read": {"device_start": -1, "device_end": -1}}, "FFC_sans_bias63": {"write": {"device_start": 1585578737.2487485, "host_queued_start": 1585578802.420438, "device_queued": 1585578737.2420223, "device_end": 1585578737.248781, "host_queued_end": 1585578802.43394}, "device": "gpu", "nd_range": {"device_start": 1585578737.2487864, "device_end": 1585578737.2495627}, "cmdq": 1, "read": {"device_start": -1, "device_end": -1}}, "FFC_sans_bias49": {"write": {"device_start": -1, "host_queued_start": 1585578802.42355, "device_queued": -1, "device_end": -1, "host_queued_end": 1585578802.43394}, "device": "gpu", "nd_range": {"device_start": 1585578737.2506113, "device_end": 1585578737.2515948}, "cmdq": 1, "read": {"device_start": -1, "device_end": -1}}, "FFC_sans_bias64": {"write": {"device_start": 1585578737.2478209, "host_queued_start": 1585578802.418337, "device_queued": 1585578737.2417586, "device_end": 1585578737.2478523, "host_queued_end": 1585578802.43394}, "device": "gpu", "nd_range": {"device_start": 1585578737.247858, "device_end": 1585578737.2486339}, "cmdq": 1, "read": {"device_start": -1, "device_end": -1}}, "FFC_sans_bias65": {"write": {"device_start": 1585578737.2482843, "host_queued_start": 1585578802.419414, "device_queued": 1585578737.2418227, "device_end": 1585578737.2483106, "host_queued_end": 1585578802.43394}, "device": "gpu", "nd_range": {"device_start": 1585578737.2483144, "device_end": 1585578737.249125}, "cmdq": 0, "read": {"device_start": -1, "device_end": -1}}, "FFC_sans_bias67": {"write": {"device_start": -1, "host_queued_start": 1585578802.424166, "device_queued": -1, "device_end": -1, "host_queued_end": 1585578802.43394}, "device": "gpu", "nd_range": {"device_start": 1585578737.2515965, "device_end": 1585578737.2525618}, "cmdq": 1, "read": {"device_start": -1, "device_end": -1}}, "FFC_sans_bias24": {"write": {"device_start": -1, "host_queued_start": 1585578802.425941, "device_queued": -1, "device_end": -1, "host_queued_end": 1585578802.43394}, "device": "gpu", "nd_range": {"device_start": 1585578737.2530236, "device_end": 1585578737.2536266}, "cmdq": 0, "read": {"device_start": -1, "device_end": -1}}, "FFC_sans_bias25": {"write": {"device_start": 1585578737.2557201, "host_queued_start": 1585578802.428558, "device_queued": 1585578737.243174, "device_end": 1585578737.255746, "host_queued_end": 1585578802.43394}, "device": "gpu", "nd_range": {"device_start": 1585578737.2557502, "device_end": 1585578737.2565072}, "cmdq": 0, "read": {"device_start": 1585578737.256512, "device_end": 1585578737.2565367}}, "FFC_sans_bias27": {"write": {"device_start": 1585578737.241878, "host_queued_start": 1585578802.405517, "device_queued": 1585578737.2405713, "device_end": 1585578737.2419078, "host_queued_end": 1585578802.43394}, "device": "gpu", "nd_range": {"device_start": 1585578737.2419105, "device_end": 1585578737.2427573}, "cmdq": 1, "read": {"device_start": -1, "device_end": -1}}, "FFC_sans_bias20": {"write": {"device_start": 1585578737.2414849, "host_queued_start": 1585578802.404483, "device_queued": 1585578737.240407, "device_end": 1585578737.2415166, "host_queued_end": 1585578802.43394}, "device": "gpu", "nd_range": {"device_start": 1585578737.2415195, "device_end": 1585578737.2423494}, "cmdq": 0, "read": {"device_start": -1, "device_end": -1}}, "FFC_sans_bias22": {"write": {"device_start": -1, "host_queued_start": 1585578802.422589, "device_queued": -1, "device_end": -1, "host_queued_end": 1585578802.43394}, "device": "gpu", "nd_range": {"device_start": 1585578737.2495072, "device_end": 1585578737.2501125}, "cmdq": 0, "read": {"device_start": -1, "device_end": -1}}, "softmax68": {"write": {"device_start": -1, "host_queued_start": 1585578802.425631, "device_queued": -1, "device_end": -1, "host_queued_end": 1585578802.43394}, "device": "gpu", "nd_range": {"device_start": 1585578737.2529747, "device_end": 1585578737.2533066}, "cmdq": 1, "read": {"device_start": -1, "device_end": -1}}, "softmax5": {"write": {"device_start": -1, "host_queued_start": 1585578802.446067, "device_queued": -1, "device_end": -1, "host_queued_end": 1585578802.449091}, "device": "cpu", "nd_range": {"device_start": 2246576.682245974, "device_end": 2246576.682529333}, "cmdq": 0, "read": {"device_start": -1, "device_end": -1}}, "FFC_sans_bias28": {"write": {"device_start": 1585578737.2424946, "host_queued_start": 1585578802.406751, "device_queued": 1585578737.2406268, "device_end": 1585578737.242526, "host_queued_end": 1585578802.43394}, "device": "gpu", "nd_range": {"device_start": 1585578737.242531, "device_end": 1585578737.2433155}, "cmdq": 0, "read": {"device_start": -1, "device_end": -1}}, "FFC_sans_bias29": {"write": {"device_start": 1585578737.2428951, "host_queued_start": 1585578802.407798, "device_queued": 1585578737.240791, "device_end": 1585578737.2429266, "host_queued_end": 1585578802.43394}, "device": "gpu", "nd_range": {"device_start": 1585578737.2429326, "device_end": 1585578737.2437565}, "cmdq": 1, "read": {"device_start": -1, "device_end": -1}}, "empty17": {"write": {"device_start": -1, "host_queued_start": 1585578802.436841, "device_queued": -1, "device_end": -1, "host_queued_end": 1585578802.449091}, "device": "cpu", "nd_range": {"device_start": 2246576.638680751, "device_end": 2246576.63868886}, "cmdq": 1, "read": {"device_start": -1, "device_end": -1}}, "softmax59": {"write": {"device_start": -1, "host_queued_start": 1585578802.425388, "device_queued": -1, "device_end": -1, "host_queued_end": 1585578802.43394}, "device": "gpu", "nd_range": {"device_start": 1585578737.252819, "device_end": 1585578737.2530227}, "cmdq": 0, "read": {"device_start": -1, "device_end": -1}}, "empty71": {"write": {"device_start": 1585578737.2405639, "host_queued_start": 1585578802.401417, "device_queued": 1585578737.2401285, "device_end": 1585578737.2406385, "host_queued_end": 1585578802.43394}, "device": "gpu", "nd_range": {"device_start": 1585578737.2406452, "device_end": 1585578737.240649}, "cmdq": 1, "read": {"device_start": -1, "device_end": -1}}, "empty35": {"write": {"device_start": 1585578737.24011, "host_queued_start": 1585578802.398112, "device_queued": 1585578737.2397578, "device_end": 1585578737.2401686, "host_queued_end": 1585578802.43394}, "device": "gpu", "nd_range": {"device_start": 1585578737.2401743, "device_end": 1585578737.2401783}, "cmdq": 1, "read": {"device_start": -1, "device_end": -1}}, "empty53": {"write": {"device_start": 1585578737.2403204, "host_queued_start": 1585578802.399812, "device_queued": 1585578737.239814, "device_end": 1585578737.2403483, "host_queued_end": 1585578802.43394}, "device": "gpu", "nd_range": {"device_start": 1585578737.2403517, "device_end": 1585578737.2403584}, "cmdq": 1, "read": {"device_start": -1, "device_end": -1}}, "FFC_sans_bias46": {"write": {"device_start": 1585578737.2453802, "host_queued_start": 1585578802.413141, "device_queued": 1585578737.2412214, "device_end": 1585578737.245414, "host_queued_end": 1585578802.43394}, "device": "gpu", "nd_range": {"device_start": 1585578737.245418, "device_end": 1585578737.2461994}, "cmdq": 0, "read": {"device_start": -1, "device_end": -1}}, "coalesced_transpose66": {"write": {"device_start": -1, "host_queued_start": 1585578802.422257, "device_queued": -1, "device_end": -1, "host_queued_end": 1585578802.43394}, "device": "gpu", "nd_range": {"device_start": 1585578737.2499797, "device_end": 1585578737.2499983}, "cmdq": 1, "read": {"device_start": -1, "device_end": -1}}, "coalesced_transpose48": {"write": {"device_start": -1, "host_queued_start": 1585578802.421661, "device_queued": -1, "device_end": -1, "host_queued_end": 1585578802.43394}, "device": "gpu", "nd_range": {"device_start": 1585578737.2499607, "device_end": 1585578737.2499776}, "cmdq": 1, "read": {"device_start": -1, "device_end": -1}}}