{"FFC_sans_bias60": {"write": {"device_start": -1, "host_queued_start": 1585578990.262534, "device_queued": -1, "device_end": -1, "host_queued_end": 1585578990.265024}, "device": "gpu", "nd_range": {"device_start": 1585578925.0701792, "device_end": 1585578925.0707867}, "cmdq": 2, "read": {"device_start": -1, "device_end": -1}}, "FFC_sans_bias4": {"write": {"device_start": -1, "host_queued_start": 1585578990.292509, "device_queued": -1, "device_end": -1, "host_queued_end": 1585578990.304052}, "device": "cpu", "nd_range": {"device_start": 2246764.568494474, "device_end": 2246764.583823386}, "cmdq": 0, "read": {"device_start": -1, "device_end": -1}}, "FFC_sans_bias7": {"write": {"device_start": -1, "host_queued_start": 1585578990.299041, "device_queued": -1, "device_end": -1, "host_queued_end": 1585578990.304052}, "device": "cpu", "nd_range": {"device_start": 2246764.617918727, "device_end": 2246764.633200433}, "cmdq": 3, "read": {"device_start": -1, "device_end": -1}}, "FFC_sans_bias6": {"write": {"device_start": -1, "host_queued_start": 1585578990.296261, "device_queued": -1, "device_end": -1, "host_queued_end": 1585578990.304052}, "device": "cpu", "nd_range": {"device_start": 2246764.59865683, "device_end": 2246764.6139551112}, "cmdq": 2, "read": {"device_start": -1, "device_end": -1}}, "FFC_sans_bias1": {"write": {"device_start": -1, "host_queued_start": 1585578990.273166, "device_queued": -1, "device_end": -1, "host_queued_end": 1585578990.304052}, "device": "cpu", "nd_range": {"device_start": 2246764.493745861, "device_end": 2246764.509856266}, "cmdq": 2, "read": {"device_start": -1, "device_end": -1}}, "FFC_sans_bias0": {"write": {"device_start": -1, "host_queued_start": 1585578990.272078, "device_queued": -1, "device_end": -1, "host_queued_end": 1585578990.304052}, "device": "cpu", "nd_range": {"device_start": 2246764.493685908, "device_end": 2246764.509014808}, "cmdq": 1, "read": {"device_start": -1, "device_end": -1}}, "FFC_sans_bias2": {"write": {"device_start": -1, "host_queued_start": 1585578990.274219, "device_queued": -1, "device_end": -1, "host_queued_end": 1585578990.304052}, "device": "cpu", "nd_range": {"device_start": 2246764.494118485, "device_end": 2246764.509305084}, "cmdq": 3, "read": {"device_start": -1, "device_end": -1}}, "FFC_sans_bias61": {"write": {"device_start": 1585578925.0703194, "host_queued_start": 1585578990.263886, "device_queued": 1585578925.0669308, "device_end": 1585578925.0703497, "host_queued_end": 1585578990.265024}, "device": "gpu", "nd_range": {"device_start": 1585578925.0707939, "device_end": 1585578925.0717974}, "cmdq": 1, "read": {"device_start": 1585578925.0717988, "device_end": 1585578925.0718246}}, "FFC_sans_bias52": {"write": {"device_start": -1, "host_queued_start": 1585578990.304007, "device_queued": -1, "device_end": -1, "host_queued_end": 1585578990.304052}, "device": "cpu", "nd_range": {"device_start": 2246764.633205863, "device_end": 2246764.648403779}, "cmdq": 3, "read": {"device_start": -1, "device_end": -1}}, "FFC_sans_bias9": {"write": {"device_start": -1, "host_queued_start": 1585578990.275295, "device_queued": -1, "device_end": -1, "host_queued_end": 1585578990.304052}, "device": "cpu", "nd_range": {"device_start": 2246764.524230178, "device_end": 2246764.539472673}, "cmdq": 4, "read": {"device_start": -1, "device_end": -1}}, "coalesced_transpose39": {"write": {"device_start": -1, "host_queued_start": 1585578990.291833, "device_queued": -1, "device_end": -1, "host_queued_end": 1585578990.304052}, "device": "cpu", "nd_range": {"device_start": 2246764.5668818573, "device_end": 2246764.567117221}, "cmdq": 3, "read": {"device_start": -1, "device_end": -1}}, "FFC_sans_bias55": {"write": {"device_start": 1585578925.066188, "host_queued_start": 1585578990.257171, "device_queued": 1585578925.0660336, "device_end": 1585578925.066215, "host_queued_end": 1585578990.265024}, "device": "gpu", "nd_range": {"device_start": 1585578925.0662472, "device_end": 1585578925.0675497}, "cmdq": 1, "read": {"device_start": -1, "device_end": -1}}, "FFC_sans_bias54": {"write": {"device_start": 1585578925.0660892, "host_queued_start": 1585578990.256124, "device_queued": 1585578925.065983, "device_end": 1585578925.066159, "host_queued_end": 1585578990.265024}, "device": "gpu", "nd_range": {"device_start": 1585578925.0661635, "device_end": 1585578925.066977}, "cmdq": 0, "read": {"device_start": -1, "device_end": -1}}, "FFC_sans_bias56": {"write": {"device_start": 1585578925.0659378, "host_queued_start": 1585578990.255087, "device_queued": 1585578925.0656924, "device_end": 1585578925.0659628, "host_queued_end": 1585578990.265024}, "device": "gpu", "nd_range": {"device_start": 1585578925.065966, "device_end": 1585578925.0665758}, "cmdq": 2, "read": {"device_start": -1, "device_end": -1}}, "FFC_sans_bias51": {"write": {"device_start": -1, "host_queued_start": 1585578990.297985, "device_queued": -1, "device_end": -1, "host_queued_end": 1585578990.304052}, "device": "cpu", "nd_range": {"device_start": 2246764.614103266, "device_end": 2246764.630068607}, "cmdq": 2, "read": {"device_start": -1, "device_end": -1}}, "softmax23": {"write": {"device_start": -1, "host_queued_start": 1585578990.295069, "device_queued": -1, "device_end": -1, "host_queued_end": 1585578990.304052}, "device": "cpu", "nd_range": {"device_start": 2246764.59830795, "device_end": 2246764.5986218313}, "cmdq": 3, "read": {"device_start": -1, "device_end": -1}}, "FFC_sans_bias37": {"write": {"device_start": -1, "host_queued_start": 1585578990.285831, "device_queued": -1, "device_end": -1, "host_queued_end": 1585578990.304052}, "device": "cpu", "nd_range": {"device_start": 2246764.5547087044, "device_end": 2246764.566120633}, "cmdq": 4, "read": {"device_start": -1, "device_end": -1}}, "empty62": {"write": {"device_start": 1585578925.065726, "host_queued_start": 1585578990.25296, "device_queued": 1585578925.065585, "device_end": 1585578925.065778, "host_queued_end": 1585578990.265024}, "device": "gpu", "nd_range": {"device_start": 1585578925.0657854, "device_end": 1585578925.0657983}, "cmdq": 0, "read": {"device_start": -1, "device_end": -1}}, "FFC_sans_bias70": {"write": {"device_start": 1585578925.0709167, "host_queued_start": 1585578990.264924, "device_queued": 1585578925.0669036, "device_end": 1585578925.0709472, "host_queued_end": 1585578990.265024}, "device": "gpu", "nd_range": {"device_start": 1585578925.071401, "device_end": 1585578925.0723617}, "cmdq": 2, "read": {"device_start": 1585578925.0723634, "device_end": 1585578925.0723867}}, "FFC_sans_bias58": {"write": {"device_start": -1, "host_queued_start": 1585578990.261415, "device_queued": -1, "device_end": -1, "host_queued_end": 1585578990.265024}, "device": "gpu", "nd_range": {"device_start": 1585578925.0689664, "device_end": 1585578925.0695748}, "cmdq": 1, "read": {"device_start": -1, "device_end": -1}}, "softmax41": {"write": {"device_start": -1, "host_queued_start": 1585578990.295629, "device_queued": -1, "device_end": -1, "host_queued_end": 1585578990.304052}, "device": "cpu", "nd_range": {"device_start": 2246764.597919792, "device_end": 2246764.5981247923}, "cmdq": 0, "read": {"device_start": -1, "device_end": -1}}, "FFC_sans_bias11": {"write": {"device_start": -1, "host_queued_start": 1585578990.277387, "device_queued": -1, "device_end": -1, "host_queued_end": 1585578990.304052}, "device": "cpu", "nd_range": {"device_start": 2246764.512503401, "device_end": 2246764.5351419533}, "cmdq": 1, "read": {"device_start": -1, "device_end": -1}}, "FFC_sans_bias10": {"write": {"device_start": -1, "host_queued_start": 1585578990.276337, "device_queued": -1, "device_end": -1, "host_queued_end": 1585578990.304052}, "device": "cpu", "nd_range": {"device_start": 2246764.493694867, "device_end": 2246764.509000584}, "cmdq": 0, "read": {"device_start": -1, "device_end": -1}}, "coalesced_transpose3": {"write": {"device_start": -1, "host_queued_start": 1585578990.290417, "device_queued": -1, "device_end": -1, "host_queued_end": 1585578990.304052}, "device": "cpu", "nd_range": {"device_start": 2246764.566128576, "device_end": 2246764.566392592}, "cmdq": 4, "read": {"device_start": -1, "device_end": -1}}, "FFC_sans_bias34": {"write": {"device_start": -1, "host_queued_start": 1585578990.302016, "device_queued": -1, "device_end": -1, "host_queued_end": 1585578990.304052}, "device": "cpu", "nd_range": {"device_start": 2246764.626830786, "device_end": 2246764.650261573}, "cmdq": 1, "read": {"device_start": -1, "device_end": -1}}, "FFC_sans_bias15": {"write": {"device_start": -1, "host_queued_start": 1585578990.296607, "device_queued": -1, "device_end": -1, "host_queued_end": 1585578990.304052}, "device": "cpu", "nd_range": {"device_start": 2246764.5987428743, "device_end": 2246764.613967048}, "cmdq": 3, "read": {"device_start": -1, "device_end": -1}}, "FFC_sans_bias31": {"write": {"device_start": -1, "host_queued_start": 1585578990.293539, "device_queued": -1, "device_end": -1, "host_queued_end": 1585578990.304052}, "device": "cpu", "nd_range": {"device_start": 2246764.567767852, "device_end": 2246764.586947122}, "cmdq": 3, "read": {"device_start": -1, "device_end": -1}}, "FFC_sans_bias16": {"write": {"device_start": -1, "host_queued_start": 1585578990.300034, "device_queued": -1, "device_end": -1, "host_queued_end": 1585578990.304052}, "device": "cpu", "nd_range": {"device_start": 2246764.629201, "device_end": 2246764.6446810453}, "cmdq": 4, "read": {"device_start": -1, "device_end": -1}}, "FFC_sans_bias19": {"write": {"device_start": -1, "host_queued_start": 1585578990.279484, "device_queued": -1, "device_end": -1, "host_queued_end": 1585578990.304052}, "device": "cpu", "nd_range": {"device_start": 2246764.509431091, "device_end": 2246764.524717616}, "cmdq": 3, "read": {"device_start": -1, "device_end": -1}}, "FFC_sans_bias18": {"write": {"device_start": -1, "host_queued_start": 1585578990.278432, "device_queued": -1, "device_end": -1, "host_queued_end": 1585578990.304052}, "device": "cpu", "nd_range": {"device_start": 2246764.509970907, "device_end": 2246764.5265117553}, "cmdq": 2, "read": {"device_start": -1, "device_end": -1}}, "coalesced_transpose30": {"write": {"device_start": -1, "host_queued_start": 1585578990.291413, "device_queued": -1, "device_end": -1, "host_queued_end": 1585578990.304052}, "device": "cpu", "nd_range": {"device_start": 2246764.567417169, "device_end": 2246764.567657529}, "cmdq": 2, "read": {"device_start": -1, "device_end": -1}}, "FFC_sans_bias69": {"write": {"device_start": -1, "host_queued_start": 1585578990.262873, "device_queued": -1, "device_end": -1, "host_queued_end": 1585578990.265024}, "device": "gpu", "nd_range": {"device_start": 1585578925.0707903, "device_end": 1585578925.0713956}, "cmdq": 0, "read": {"device_start": -1, "device_end": -1}}, "FFC_sans_bias38": {"write": {"device_start": -1, "host_queued_start": 1585578990.286906, "device_queued": -1, "device_end": -1, "host_queued_end": 1585578990.304052}, "device": "cpu", "nd_range": {"device_start": 2246764.555662272, "device_end": 2246764.5671689953}, "cmdq": 0, "read": {"device_start": -1, "device_end": -1}}, "coalesced_transpose57": {"write": {"device_start": -1, "host_queued_start": 1585578990.260627, "device_queued": -1, "device_end": -1, "host_queued_end": 1585578990.265024}, "device": "gpu", "nd_range": {"device_start": 1585578925.0679712, "device_end": 1585578925.0688238}, "cmdq": 2, "read": {"device_start": -1, "device_end": -1}}, "empty26": {"write": {"device_start": -1, "host_queued_start": 1585578990.268406, "device_queued": -1, "device_end": -1, "host_queued_end": 1585578990.304052}, "device": "cpu", "nd_range": {"device_start": 2246764.493726282, "device_end": 2246764.493731202}, "cmdq": 2, "read": {"device_start": -1, "device_end": -1}}, "coalesced_transpose12": {"write": {"device_start": -1, "host_queued_start": 1585578990.290755, "device_queued": -1, "device_end": -1, "host_queued_end": 1585578990.304052}, "device": "cpu", "nd_range": {"device_start": 2246764.567178601, "device_end": 2246764.568378283}, "cmdq": 0, "read": {"device_start": -1, "device_end": -1}}, "empty44": {"write": {"device_start": -1, "host_queued_start": 1585578990.270098, "device_queued": -1, "device_end": -1, "host_queued_end": 1585578990.304052}, "device": "cpu", "nd_range": {"device_start": 2246764.524219184, "device_end": 2246764.5242217733}, "cmdq": 4, "read": {"device_start": -1, "device_end": -1}}, "coalesced_transpose21": {"write": {"device_start": -1, "host_queued_start": 1585578990.291083, "device_queued": -1, "device_end": -1, "host_queued_end": 1585578990.304052}, "device": "cpu", "nd_range": {"device_start": 2246764.5816724673, "device_end": 2246764.5819293503}, "cmdq": 1, "read": {"device_start": -1, "device_end": -1}}, "FFC_sans_bias36": {"write": {"device_start": -1, "host_queued_start": 1585578990.284785, "device_queued": -1, "device_end": -1, "host_queued_end": 1585578990.304052}, "device": "cpu", "nd_range": {"device_start": 2246764.5248393603, "device_end": 2246764.54023507}, "cmdq": 3, "read": {"device_start": -1, "device_end": -1}}, "softmax14": {"write": {"device_start": -1, "host_queued_start": 1585578990.294792, "device_queued": -1, "device_end": -1, "host_queued_end": 1585578990.304052}, "device": "cpu", "nd_range": {"device_start": 2246764.598306639, "device_end": 2246764.5985333603}, "cmdq": 2, "read": {"device_start": -1, "device_end": -1}}, "FFC_sans_bias13": {"write": {"device_start": -1, "host_queued_start": 1585578990.292855, "device_queued": -1, "device_end": -1, "host_queued_end": 1585578990.304052}, "device": "cpu", "nd_range": {"device_start": 2246764.582055101, "device_end": 2246764.5964071862}, "cmdq": 1, "read": {"device_start": -1, "device_end": -1}}, "empty8": {"write": {"device_start": -1, "host_queued_start": 1585578990.266395, "device_queued": -1, "device_end": -1, "host_queued_end": 1585578990.304052}, "device": "cpu", "nd_range": {"device_start": 2246764.4936540173, "device_end": 2246764.493665608}, "cmdq": 0, "read": {"device_start": -1, "device_end": -1}}, "FFC_sans_bias42": {"write": {"device_start": -1, "host_queued_start": 1585578990.297641, "device_queued": -1, "device_end": -1, "host_queued_end": 1585578990.304052}, "device": "cpu", "nd_range": {"device_start": 2246764.603787579, "device_end": 2246764.623118821}, "cmdq": 1, "read": {"device_start": -1, "device_end": -1}}, "FFC_sans_bias43": {"write": {"device_start": -1, "host_queued_start": 1585578990.303016, "device_queued": -1, "device_end": -1, "host_queued_end": 1585578990.304052}, "device": "cpu", "nd_range": {"device_start": 2246764.6301894453, "device_end": 2246764.647094236}, "cmdq": 2, "read": {"device_start": -1, "device_end": -1}}, "FFC_sans_bias40": {"write": {"device_start": -1, "host_queued_start": 1585578990.293885, "device_queued": -1, "device_end": -1, "host_queued_end": 1585578990.304052}, "device": "cpu", "nd_range": {"device_start": 2246764.567232761, "device_end": 2246764.587123502}, "cmdq": 4, "read": {"device_start": -1, "device_end": -1}}, "softmax32": {"write": {"device_start": -1, "host_queued_start": 1585578990.295341, "device_queued": -1, "device_end": -1, "host_queued_end": 1585578990.304052}, "device": "cpu", "nd_range": {"device_start": 2246764.591928087, "device_end": 2246764.592150122}, "cmdq": 4, "read": {"device_start": -1, "device_end": -1}}, "FFC_sans_bias47": {"write": {"device_start": -1, "host_queued_start": 1585578990.290085, "device_queued": -1, "device_end": -1, "host_queued_end": 1585578990.304052}, "device": "cpu", "nd_range": {"device_start": 2246764.540361339, "device_end": 2246764.555545097}, "cmdq": 3, "read": {"device_start": -1, "device_end": -1}}, "FFC_sans_bias45": {"write": {"device_start": -1, "host_queued_start": 1585578990.287964, "device_queued": -1, "device_end": -1, "host_queued_end": 1585578990.304052}, "device": "cpu", "nd_range": {"device_start": 2246764.567294401, "device_end": 2246764.5816637343}, "cmdq": 1, "read": {"device_start": -1, "device_end": -1}}, "softmax50": {"write": {"device_start": -1, "host_queued_start": 1585578990.295923, "device_queued": -1, "device_end": -1, "host_queued_end": 1585578990.304052}, "device": "cpu", "nd_range": {"device_start": 2246764.59798754, "device_end": 2246764.5981315114}, "cmdq": 1, "read": {"device_start": -1, "device_end": -1}}, "FFC_sans_bias33": {"write": {"device_start": -1, "host_queued_start": 1585578990.297295, "device_queued": -1, "device_end": -1, "host_queued_end": 1585578990.304052}, "device": "cpu", "nd_range": {"device_start": 2246764.598342557, "device_end": 2246764.6136795003}, "cmdq": 0, "read": {"device_start": -1, "device_end": -1}}, "FFC_sans_bias63": {"write": {"device_start": 1585578925.0676742, "host_queued_start": 1585578990.260313, "device_queued": 1585578925.066414, "device_end": 1585578925.067705, "host_queued_end": 1585578990.265024}, "device": "gpu", "nd_range": {"device_start": 1585578925.0677102, "device_end": 1585578925.0689611}, "cmdq": 1, "read": {"device_start": -1, "device_end": -1}}, "FFC_sans_bias49": {"write": {"device_start": -1, "host_queued_start": 1585578990.294231, "device_queued": -1, "device_end": -1, "host_queued_end": 1585578990.304052}, "device": "cpu", "nd_range": {"device_start": 2246764.583948382, "device_end": 2246764.5978041613}, "cmdq": 0, "read": {"device_start": -1, "device_end": -1}}, "FFC_sans_bias64": {"write": {"device_start": 1585578925.0666938, "host_queued_start": 1585578990.258207, "device_queued": 1585578925.0660512, "device_end": 1585578925.0667248, "host_queued_end": 1585578990.265024}, "device": "gpu", "nd_range": {"device_start": 1585578925.0667286, "device_end": 1585578925.0679686}, "cmdq": 2, "read": {"device_start": -1, "device_end": -1}}, "FFC_sans_bias65": {"write": {"device_start": 1585578925.0671191, "host_queued_start": 1585578990.259289, "device_queued": 1585578925.066274, "device_end": 1585578925.06715, "host_queued_end": 1585578990.265024}, "device": "gpu", "nd_range": {"device_start": 1585578925.0671532, "device_end": 1585578925.0684996}, "cmdq": 0, "read": {"device_start": -1, "device_end": -1}}, "FFC_sans_bias67": {"write": {"device_start": -1, "host_queued_start": 1585578990.261726, "device_queued": -1, "device_end": -1, "host_queued_end": 1585578990.265024}, "device": "gpu", "nd_range": {"device_start": 1585578925.0689726, "device_end": 1585578925.069973}, "cmdq": 2, "read": {"device_start": -1, "device_end": -1}}, "FFC_sans_bias24": {"write": {"device_start": -1, "host_queued_start": 1585578990.296953, "device_queued": -1, "device_end": -1, "host_queued_end": 1585578990.304052}, "device": "cpu", "nd_range": {"device_start": 2246764.6138190133, "device_end": 2246764.629074465}, "cmdq": 4, "read": {"device_start": -1, "device_end": -1}}, "FFC_sans_bias25": {"write": {"device_start": -1, "host_queued_start": 1585578990.301027, "device_queued": -1, "device_end": -1, "host_queued_end": 1585578990.304052}, "device": "cpu", "nd_range": {"device_start": 2246764.644687598, "device_end": 2246764.651753699}, "cmdq": 0, "read": {"device_start": -1, "device_end": -1}}, "FFC_sans_bias27": {"write": {"device_start": -1, "host_queued_start": 1585578990.281586, "device_queued": -1, "device_end": -1, "host_queued_end": 1585578990.304052}, "device": "cpu", "nd_range": {"device_start": 2246764.5090091643, "device_end": 2246764.524211821}, "cmdq": 0, "read": {"device_start": -1, "device_end": -1}}, "FFC_sans_bias20": {"write": {"device_start": -1, "host_queued_start": 1585578990.280536, "device_queued": -1, "device_end": -1, "host_queued_end": 1585578990.304052}, "device": "cpu", "nd_range": {"device_start": 2246764.539479516, "device_end": 2246764.554698546}, "cmdq": 4, "read": {"device_start": -1, "device_end": -1}}, "FFC_sans_bias22": {"write": {"device_start": -1, "host_queued_start": 1585578990.293198, "device_queued": -1, "device_end": -1, "host_queued_end": 1585578990.304052}, "device": "cpu", "nd_range": {"device_start": 2246764.5870619593, "device_end": 2246764.598290944}, "cmdq": 2, "read": {"device_start": -1, "device_end": -1}}, "softmax68": {"write": {"device_start": -1, "host_queued_start": 1585578990.262223, "device_queued": -1, "device_end": -1, "host_queued_end": 1585578990.265024}, "device": "gpu", "nd_range": {"device_start": 1585578925.069983, "device_end": 1585578925.0701742}, "cmdq": 1, "read": {"device_start": -1, "device_end": -1}}, "softmax5": {"write": {"device_start": -1, "host_queued_start": 1585578990.294511, "device_queued": -1, "device_end": -1, "host_queued_end": 1585578990.304052}, "device": "cpu", "nd_range": {"device_start": 2246764.596522354, "device_end": 2246764.596733277}, "cmdq": 1, "read": {"device_start": -1, "device_end": -1}}, "FFC_sans_bias28": {"write": {"device_start": -1, "host_queued_start": 1585578990.28266, "device_queued": -1, "device_end": -1, "host_queued_end": 1585578990.304052}, "device": "cpu", "nd_range": {"device_start": 2246764.542903216, "device_end": 2246764.5672840523}, "cmdq": 1, "read": {"device_start": -1, "device_end": -1}}, "FFC_sans_bias29": {"write": {"device_start": -1, "host_queued_start": 1585578990.283716, "device_queued": -1, "device_end": -1, "host_queued_end": 1585578990.304052}, "device": "cpu", "nd_range": {"device_start": 2246764.526620301, "device_end": 2246764.542903506}, "cmdq": 2, "read": {"device_start": -1, "device_end": -1}}, "empty17": {"write": {"device_start": -1, "host_queued_start": 1585578990.267492, "device_queued": -1, "device_end": -1, "host_queued_end": 1585578990.304052}, "device": "cpu", "nd_range": {"device_start": 2246764.493653965, "device_end": 2246764.4936656333}, "cmdq": 1, "read": {"device_start": -1, "device_end": -1}}, "softmax59": {"write": {"device_start": -1, "host_queued_start": 1585578990.261977, "device_queued": -1, "device_end": -1, "host_queued_end": 1585578990.265024}, "device": "gpu", "nd_range": {"device_start": 1585578925.0699785, "device_end": 1585578925.070172}, "cmdq": 0, "read": {"device_start": -1, "device_end": -1}}, "empty71": {"write": {"device_start": 1585578925.065844, "host_queued_start": 1585578990.253989, "device_queued": 1585578925.0656717, "device_end": 1585578925.0659132, "host_queued_end": 1585578990.265024}, "device": "gpu", "nd_range": {"device_start": 1585578925.065923, "device_end": 1585578925.0659273}, "cmdq": 1, "read": {"device_start": -1, "device_end": -1}}, "empty35": {"write": {"device_start": -1, "host_queued_start": 1585578990.269263, "device_queued": -1, "device_end": -1, "host_queued_end": 1585578990.304052}, "device": "cpu", "nd_range": {"device_start": 2246764.493934725, "device_end": 2246764.4939381382}, "cmdq": 3, "read": {"device_start": -1, "device_end": -1}}, "empty53": {"write": {"device_start": -1, "host_queued_start": 1585578990.271068, "device_queued": -1, "device_end": -1, "host_queued_end": 1585578990.304052}, "device": "cpu", "nd_range": {"device_start": 2246764.4936868493, "device_end": 2246764.493687755}, "cmdq": 0, "read": {"device_start": -1, "device_end": -1}}, "FFC_sans_bias46": {"write": {"device_start": -1, "host_queued_start": 1585578990.289015, "device_queued": -1, "device_end": -1, "host_queued_end": 1585578990.304052}, "device": "cpu", "nd_range": {"device_start": 2246764.543013256, "device_end": 2246764.559308661}, "cmdq": 2, "read": {"device_start": -1, "device_end": -1}}, "coalesced_transpose66": {"write": {"device_start": -1, "host_queued_start": 1585578990.261095, "device_queued": -1, "device_end": -1, "host_queued_end": 1585578990.265024}, "device": "gpu", "nd_range": {"device_start": 1585578925.068503, "device_end": 1585578925.0688367}, "cmdq": 0, "read": {"device_start": -1, "device_end": -1}}, "coalesced_transpose48": {"write": {"device_start": -1, "host_queued_start": 1585578990.292167, "device_queued": -1, "device_end": -1, "host_queued_end": 1585578990.304052}, "device": "cpu", "nd_range": {"device_start": 2246764.566529257, "device_end": 2246764.5667662653}, "cmdq": 4, "read": {"device_start": -1, "device_end": -1}}}