{"FFC_sans_bias60": {"write": {"device_start": -1, "host_queued_start": 1585578858.457217, "device_queued": -1, "device_end": -1, "host_queued_end": 1585578858.461848}, "device": "gpu", "nd_range": {"device_start": 1585578793.2753384, "device_end": 1585578793.2763007}, "cmdq": 0, "read": {"device_start": -1, "device_end": -1}}, "FFC_sans_bias4": {"write": {"device_start": -1, "host_queued_start": 1585578858.481791, "device_queued": -1, "device_end": -1, "host_queued_end": 1585578858.489519}, "device": "cpu", "nd_range": {"device_start": 2246632.727374839, "device_end": 2246632.7429157463}, "cmdq": 0, "read": {"device_start": -1, "device_end": -1}}, "FFC_sans_bias7": {"write": {"device_start": -1, "host_queued_start": 1585578858.486473, "device_queued": -1, "device_end": -1, "host_queued_end": 1585578858.489519}, "device": "cpu", "nd_range": {"device_start": 2246632.7566067483, "device_end": 2246632.771340195}, "cmdq": 2, "read": {"device_start": -1, "device_end": -1}}, "FFC_sans_bias6": {"write": {"device_start": -1, "host_queued_start": 1585578858.484324, "device_queued": -1, "device_end": -1, "host_queued_end": 1585578858.489519}, "device": "cpu", "nd_range": {"device_start": 2246632.7489584493, "device_end": 2246632.756598025}, "cmdq": 3, "read": {"device_start": -1, "device_end": -1}}, "FFC_sans_bias1": {"write": {"device_start": -1, "host_queued_start": 1585578858.468946, "device_queued": -1, "device_end": -1, "host_queued_end": 1585578858.489519}, "device": "cpu", "nd_range": {"device_start": 2246632.6791478293, "device_end": 2246632.6959007583}, "cmdq": 0, "read": {"device_start": -1, "device_end": -1}}, "FFC_sans_bias0": {"write": {"device_start": -1, "host_queued_start": 1585578858.467791, "device_queued": -1, "device_end": -1, "host_queued_end": 1585578858.489519}, "device": "cpu", "nd_range": {"device_start": 2246632.709946943, "device_end": 2246632.7180409753}, "cmdq": 4, "read": {"device_start": -1, "device_end": -1}}, "FFC_sans_bias2": {"write": {"device_start": -1, "host_queued_start": 1585578858.470003, "device_queued": -1, "device_end": -1, "host_queued_end": 1585578858.489519}, "device": "cpu", "nd_range": {"device_start": 2246632.679142711, "device_end": 2246632.6946112}, "cmdq": 1, "read": {"device_start": -1, "device_end": -1}}, "FFC_sans_bias61": {"write": {"device_start": 1585578793.2775018, "host_queued_start": 1585578858.460673, "device_queued": 1585578793.268802, "device_end": 1585578793.2775328, "host_queued_end": 1585578858.461848}, "device": "gpu", "nd_range": {"device_start": 1585578793.277536, "device_end": 1585578793.278227}, "cmdq": 0, "read": {"device_start": 1585578793.278229, "device_end": 1585578793.2782545}}, "FFC_sans_bias52": {"write": {"device_start": 1585578793.2768576, "host_queued_start": 1585578858.459612, "device_queued": 1585578793.2685895, "device_end": 1585578793.2768903, "host_queued_end": 1585578858.461848}, "device": "gpu", "nd_range": {"device_start": 1585578793.2768927, "device_end": 1585578793.277714}, "cmdq": 1, "read": {"device_start": 1585578793.2777185, "device_end": 1585578793.277743}}, "FFC_sans_bias9": {"write": {"device_start": -1, "host_queued_start": 1585578858.471079, "device_queued": -1, "device_end": -1, "host_queued_end": 1585578858.489519}, "device": "cpu", "nd_range": {"device_start": 2246632.679338931, "device_end": 2246632.694863587}, "cmdq": 2, "read": {"device_start": -1, "device_end": -1}}, "coalesced_transpose39": {"write": {"device_start": -1, "host_queued_start": 1585578858.453037, "device_queued": -1, "device_end": -1, "host_queued_end": 1585578858.461848}, "device": "gpu", "nd_range": {"device_start": 1585578793.2720494, "device_end": 1585578793.2724116}, "cmdq": 0, "read": {"device_start": -1, "device_end": -1}}, "FFC_sans_bias55": {"write": {"device_start": 1585578793.2702336, "host_queued_start": 1585578858.449492, "device_queued": 1585578793.267305, "device_end": 1585578793.2702715, "host_queued_end": 1585578858.461848}, "device": "gpu", "nd_range": {"device_start": 1585578793.2702773, "device_end": 1585578793.2710545}, "cmdq": 0, "read": {"device_start": -1, "device_end": -1}}, "FFC_sans_bias54": {"write": {"device_start": 1585578793.2697408, "host_queued_start": 1585578858.448461, "device_queued": 1585578793.267122, "device_end": 1585578793.269768, "host_queued_end": 1585578858.461848}, "device": "gpu", "nd_range": {"device_start": 1585578793.2697718, "device_end": 1585578793.270605}, "cmdq": 1, "read": {"device_start": -1, "device_end": -1}}, "FFC_sans_bias56": {"write": {"device_start": 1585578793.2692711, "host_queued_start": 1585578858.44742, "device_queued": 1585578793.2670674, "device_end": 1585578793.2693043, "host_queued_end": 1585578858.461848}, "device": "gpu", "nd_range": {"device_start": 1585578793.2693088, "device_end": 1585578793.270111}, "cmdq": 0, "read": {"device_start": -1, "device_end": -1}}, "FFC_sans_bias51": {"write": {"device_start": -1, "host_queued_start": 1585578858.456904, "device_queued": -1, "device_end": -1, "host_queued_end": 1585578858.461848}, "device": "gpu", "nd_range": {"device_start": 1585578793.2749915, "device_end": 1585578793.2757401}, "cmdq": 1, "read": {"device_start": -1, "device_end": -1}}, "softmax23": {"write": {"device_start": -1, "host_queued_start": 1585578858.48371, "device_queued": -1, "device_end": -1, "host_queued_end": 1585578858.489519}, "device": "cpu", "nd_range": {"device_start": 2246632.7521406664, "device_end": 2246632.752351074}, "cmdq": 1, "read": {"device_start": -1, "device_end": -1}}, "FFC_sans_bias37": {"write": {"device_start": 1585578793.2666419, "host_queued_start": 1585578858.441954, "device_queued": 1585578793.2664754, "device_end": 1585578793.2666695, "host_queued_end": 1585578858.461848}, "device": "gpu", "nd_range": {"device_start": 1585578793.2666738, "device_end": 1585578793.2676413}, "cmdq": 1, "read": {"device_start": -1, "device_end": -1}}, "empty62": {"write": {"device_start": 1585578793.266334, "host_queued_start": 1585578858.439098, "device_queued": 1585578793.266101, "device_end": 1585578793.2663982, "host_queued_end": 1585578858.461848}, "device": "gpu", "nd_range": {"device_start": 1585578793.2664154, "device_end": 1585578793.2664206}, "cmdq": 0, "read": {"device_start": -1, "device_end": -1}}, "FFC_sans_bias70": {"write": {"device_start": 1585578793.2779536, "host_queued_start": 1585578858.461742, "device_queued": 1585578793.2688637, "device_end": 1585578793.2779844, "host_queued_end": 1585578858.461848}, "device": "gpu", "nd_range": {"device_start": 1585578793.2779875, "device_end": 1585578793.278669}, "cmdq": 1, "read": {"device_start": 1585578793.2786715, "device_end": 1585578793.2786942}}, "FFC_sans_bias58": {"write": {"device_start": -1, "host_queued_start": 1585578858.454955, "device_queued": -1, "device_end": -1, "host_queued_end": 1585578858.461848}, "device": "gpu", "nd_range": {"device_start": 1585578793.273032, "device_end": 1585578793.2740128}, "cmdq": 0, "read": {"device_start": -1, "device_end": -1}}, "softmax41": {"write": {"device_start": -1, "host_queued_start": 1585578858.455521, "device_queued": -1, "device_end": -1, "host_queued_end": 1585578858.461848}, "device": "gpu", "nd_range": {"device_start": 1585578793.274014, "device_end": 1585578793.2745295}, "cmdq": 0, "read": {"device_start": -1, "device_end": -1}}, "FFC_sans_bias11": {"write": {"device_start": -1, "host_queued_start": 1585578858.473331, "device_queued": -1, "device_end": -1, "host_queued_end": 1585578858.489519}, "device": "cpu", "nd_range": {"device_start": 2246632.7181581683, "device_end": 2246632.727211052}, "cmdq": 4, "read": {"device_start": -1, "device_end": -1}}, "FFC_sans_bias10": {"write": {"device_start": -1, "host_queued_start": 1585578858.472125, "device_queued": -1, "device_end": -1, "host_queued_end": 1585578858.489519}, "device": "cpu", "nd_range": {"device_start": 2246632.679181594, "device_end": 2246632.6945101623}, "cmdq": 3, "read": {"device_start": -1, "device_end": -1}}, "coalesced_transpose3": {"write": {"device_start": -1, "host_queued_start": 1585578858.480304, "device_queued": -1, "device_end": -1, "host_queued_end": 1585578858.489519}, "device": "cpu", "nd_range": {"device_start": 2246632.725079799, "device_end": 2246632.72532513}, "cmdq": 1, "read": {"device_start": -1, "device_end": -1}}, "FFC_sans_bias34": {"write": {"device_start": -1, "host_queued_start": 1585578858.489474, "device_queued": -1, "device_end": -1, "host_queued_end": 1585578858.489519}, "device": "cpu", "nd_range": {"device_start": 2246632.775510767, "device_end": 2246632.786044044}, "cmdq": 0, "read": {"device_start": -1, "device_end": -1}}, "FFC_sans_bias15": {"write": {"device_start": -1, "host_queued_start": 1585578858.484671, "device_queued": -1, "device_end": -1, "host_queued_end": 1585578858.489519}, "device": "cpu", "nd_range": {"device_start": 2246632.753840474, "device_end": 2246632.769237616}, "cmdq": 4, "read": {"device_start": -1, "device_end": -1}}, "FFC_sans_bias31": {"write": {"device_start": -1, "host_queued_start": 1585578858.482862, "device_queued": -1, "device_end": -1, "host_queued_end": 1585578858.489519}, "device": "cpu", "nd_range": {"device_start": 2246632.74374152, "device_end": 2246632.7489323732}, "cmdq": 3, "read": {"device_start": -1, "device_end": -1}}, "FFC_sans_bias16": {"write": {"device_start": -1, "host_queued_start": 1585578858.487482, "device_queued": -1, "device_end": -1, "host_queued_end": 1585578858.489519}, "device": "cpu", "nd_range": {"device_start": 2246632.77089024, "device_end": 2246632.7847900973}, "cmdq": 3, "read": {"device_start": -1, "device_end": -1}}, "FFC_sans_bias19": {"write": {"device_start": -1, "host_queued_start": 1585578858.475754, "device_queued": -1, "device_end": -1, "host_queued_end": 1585578858.489519}, "device": "cpu", "nd_range": {"device_start": 2246632.698161215, "device_end": 2246632.721405195}, "cmdq": 1, "read": {"device_start": -1, "device_end": -1}}, "FFC_sans_bias18": {"write": {"device_start": -1, "host_queued_start": 1585578858.474599, "device_queued": -1, "device_end": -1, "host_queued_end": 1585578858.489519}, "device": "cpu", "nd_range": {"device_start": 2246632.696021027, "device_end": 2246632.7120168163}, "cmdq": 0, "read": {"device_start": -1, "device_end": -1}}, "coalesced_transpose30": {"write": {"device_start": -1, "host_queued_start": 1585578858.481428, "device_queued": -1, "device_end": -1, "host_queued_end": 1585578858.489519}, "device": "cpu", "nd_range": {"device_start": 2246632.7425985513, "device_end": 2246632.743499348}, "cmdq": 4, "read": {"device_start": -1, "device_end": -1}}, "FFC_sans_bias69": {"write": {"device_start": -1, "host_queued_start": 1585578858.457532, "device_queued": -1, "device_end": -1, "host_queued_end": 1585578858.461848}, "device": "gpu", "nd_range": {"device_start": 1585578793.2757413, "device_end": 1585578793.2767284}, "cmdq": 1, "read": {"device_start": -1, "device_end": -1}}, "FFC_sans_bias38": {"write": {"device_start": 1585578793.2674117, "host_queued_start": 1585578858.443062, "device_queued": 1585578793.2666876, "device_end": 1585578793.2674425, "host_queued_end": 1585578858.461848}, "device": "gpu", "nd_range": {"device_start": 1585578793.2674458, "device_end": 1585578793.268181}, "cmdq": 0, "read": {"device_start": -1, "device_end": -1}}, "coalesced_transpose57": {"write": {"device_start": -1, "host_queued_start": 1585578858.453647, "device_queued": -1, "device_end": -1, "host_queued_end": 1585578858.461848}, "device": "gpu", "nd_range": {"device_start": 1585578793.2724128, "device_end": 1585578793.2724283}, "cmdq": 0, "read": {"device_start": -1, "device_end": -1}}, "empty26": {"write": {"device_start": -1, "host_queued_start": 1585578858.465546, "device_queued": -1, "device_end": -1, "host_queued_end": 1585578858.489519}, "device": "cpu", "nd_range": {"device_start": 2246632.6793121863, "device_end": 2246632.679315765}, "cmdq": 2, "read": {"device_start": -1, "device_end": -1}}, "coalesced_transpose12": {"write": {"device_start": -1, "host_queued_start": 1585578858.480755, "device_queued": -1, "device_end": -1, "host_queued_end": 1585578858.489519}, "device": "cpu", "nd_range": {"device_start": 2246632.7103453213, "device_end": 2246632.710589684}, "cmdq": 2, "read": {"device_start": -1, "device_end": -1}}, "empty44": {"write": {"device_start": 1585578793.2661026, "host_queued_start": 1585578858.437171, "device_queued": 1585578793.265957, "device_end": 1585578793.2661521, "host_queued_end": 1585578858.461848}, "device": "gpu", "nd_range": {"device_start": 1585578793.266169, "device_end": 1585578793.2661765}, "cmdq": 0, "read": {"device_start": -1, "device_end": -1}}, "coalesced_transpose21": {"write": {"device_start": -1, "host_queued_start": 1585578858.481095, "device_queued": -1, "device_end": -1, "host_queued_end": 1585578858.489519}, "device": "cpu", "nd_range": {"device_start": 2246632.726932961, "device_end": 2246632.7271740222}, "cmdq": 3, "read": {"device_start": -1, "device_end": -1}}, "FFC_sans_bias36": {"write": {"device_start": 1585578793.26655, "host_queued_start": 1585578858.440893, "device_queued": 1585578793.266422, "device_end": 1585578793.266621, "host_queued_end": 1585578858.461848}, "device": "gpu", "nd_range": {"device_start": 1585578793.2666245, "device_end": 1585578793.2672243}, "cmdq": 0, "read": {"device_start": -1, "device_end": -1}}, "softmax14": {"write": {"device_start": -1, "host_queued_start": 1585578858.483435, "device_queued": -1, "device_end": -1, "host_queued_end": 1585578858.489519}, "device": "cpu", "nd_range": {"device_start": 2246632.753179184, "device_end": 2246632.753391305}, "cmdq": 0, "read": {"device_start": -1, "device_end": -1}}, "FFC_sans_bias13": {"write": {"device_start": -1, "host_queued_start": 1585578858.48214, "device_queued": -1, "device_end": -1, "host_queued_end": 1585578858.489519}, "device": "cpu", "nd_range": {"device_start": 2246632.725699847, "device_end": 2246632.7451659753}, "cmdq": 1, "read": {"device_start": -1, "device_end": -1}}, "empty8": {"write": {"device_start": -1, "host_queued_start": 1585578858.463352, "device_queued": -1, "device_end": -1, "host_queued_end": 1585578858.489519}, "device": "cpu", "nd_range": {"device_start": 2246632.6791104632, "device_end": 2246632.679121339}, "cmdq": 0, "read": {"device_start": -1, "device_end": -1}}, "FFC_sans_bias42": {"write": {"device_start": -1, "host_queued_start": 1585578858.456589, "device_queued": -1, "device_end": -1, "host_queued_end": 1585578858.461848}, "device": "gpu", "nd_range": {"device_start": 1585578793.2747343, "device_end": 1585578793.2753372}, "cmdq": 0, "read": {"device_start": -1, "device_end": -1}}, "FFC_sans_bias43": {"write": {"device_start": 1585578793.2764566, "host_queued_start": 1585578858.458551, "device_queued": 1585578793.2685366, "device_end": 1585578793.2764878, "host_queued_end": 1585578858.461848}, "device": "gpu", "nd_range": {"device_start": 1585578793.276491, "device_end": 1585578793.2772658}, "cmdq": 0, "read": {"device_start": 1585578793.277276, "device_end": 1585578793.2773008}}, "FFC_sans_bias40": {"write": {"device_start": -1, "host_queued_start": 1585578858.454272, "device_queued": -1, "device_end": -1, "host_queued_end": 1585578858.461848}, "device": "gpu", "nd_range": {"device_start": 1585578793.2724295, "device_end": 1585578793.273031}, "cmdq": 0, "read": {"device_start": -1, "device_end": -1}}, "softmax32": {"write": {"device_start": -1, "host_queued_start": 1585578858.483985, "device_queued": -1, "device_end": -1, "host_queued_end": 1585578858.489519}, "device": "cpu", "nd_range": {"device_start": 2246632.748995135, "device_end": 2246632.750111178}, "cmdq": 2, "read": {"device_start": -1, "device_end": -1}}, "FFC_sans_bias47": {"write": {"device_start": 1585578793.2687206, "host_queued_start": 1585578858.44617, "device_queued": 1585578793.2669222, "device_end": 1585578793.2687535, "host_queued_end": 1585578858.461848}, "device": "gpu", "nd_range": {"device_start": 1585578793.2687593, "device_end": 1585578793.2696314}, "cmdq": 1, "read": {"device_start": -1, "device_end": -1}}, "FFC_sans_bias45": {"write": {"device_start": 1585578793.2677417, "host_queued_start": 1585578858.444098, "device_queued": 1585578793.2667327, "device_end": 1585578793.2677736, "host_queued_end": 1585578858.461848}, "device": "gpu", "nd_range": {"device_start": 1585578793.2677758, "device_end": 1585578793.2686253}, "cmdq": 1, "read": {"device_start": -1, "device_end": -1}}, "softmax50": {"write": {"device_start": -1, "host_queued_start": 1585578858.45577, "device_queued": -1, "device_end": -1, "host_queued_end": 1585578858.461848}, "device": "gpu", "nd_range": {"device_start": 1585578793.2744615, "device_end": 1585578793.2746644}, "cmdq": 1, "read": {"device_start": -1, "device_end": -1}}, "FFC_sans_bias33": {"write": {"device_start": -1, "host_queued_start": 1585578858.485398, "device_queued": -1, "device_end": -1, "host_queued_end": 1585578858.489519}, "device": "cpu", "nd_range": {"device_start": 2246632.752358733, "device_end": 2246632.775501967}, "cmdq": 1, "read": {"device_start": -1, "device_end": -1}}, "FFC_sans_bias63": {"write": {"device_start": 1585578793.2716832, "host_queued_start": 1585578858.452709, "device_queued": 1585578793.2676141, "device_end": 1585578793.2717166, "host_queued_end": 1585578858.461848}, "device": "gpu", "nd_range": {"device_start": 1585578793.2717195, "device_end": 1585578793.2725632}, "cmdq": 1, "read": {"device_start": -1, "device_end": -1}}, "FFC_sans_bias49": {"write": {"device_start": -1, "host_queued_start": 1585578858.454629, "device_queued": -1, "device_end": -1, "host_queued_end": 1585578858.461848}, "device": "gpu", "nd_range": {"device_start": 1585578793.2728927, "device_end": 1585578793.2734935}, "cmdq": 1, "read": {"device_start": -1, "device_end": -1}}, "FFC_sans_bias64": {"write": {"device_start": 1585578793.270727, "host_queued_start": 1585578858.450535, "device_queued": 1585578793.267366, "device_end": 1585578793.2707603, "host_queued_end": 1585578858.461848}, "device": "gpu", "nd_range": {"device_start": 1585578793.2707646, "device_end": 1585578793.2715795}, "cmdq": 1, "read": {"device_start": -1, "device_end": -1}}, "FFC_sans_bias65": {"write": {"device_start": 1585578793.2711868, "host_queued_start": 1585578858.451668, "device_queued": 1585578793.2675695, "device_end": 1585578793.2712193, "host_queued_end": 1585578858.461848}, "device": "gpu", "nd_range": {"device_start": 1585578793.2712228, "device_end": 1585578793.272048}, "cmdq": 0, "read": {"device_start": -1, "device_end": -1}}, "FFC_sans_bias67": {"write": {"device_start": -1, "host_queued_start": 1585578858.455273, "device_queued": -1, "device_end": -1, "host_queued_end": 1585578858.461848}, "device": "gpu", "nd_range": {"device_start": 1585578793.2734947, "device_end": 1585578793.2744606}, "cmdq": 1, "read": {"device_start": -1, "device_end": -1}}, "FFC_sans_bias24": {"write": {"device_start": -1, "host_queued_start": 1585578858.485018, "device_queued": -1, "device_end": -1, "host_queued_end": 1585578858.489519}, "device": "cpu", "nd_range": {"device_start": 2246632.7535000034, "device_end": 2246632.768779435}, "cmdq": 0, "read": {"device_start": -1, "device_end": -1}}, "FFC_sans_bias25": {"write": {"device_start": -1, "host_queued_start": 1585578858.488477, "device_queued": -1, "device_end": -1, "host_queued_end": 1585578858.489519}, "device": "cpu", "nd_range": {"device_start": 2246632.769253423, "device_end": 2246632.777620666}, "cmdq": 4, "read": {"device_start": -1, "device_end": -1}}, "FFC_sans_bias27": {"write": {"device_start": -1, "host_queued_start": 1585578858.477847, "device_queued": -1, "device_end": -1, "host_queued_end": 1585578858.489519}, "device": "cpu", "nd_range": {"device_start": 2246632.694635685, "device_end": 2246632.70981574}, "cmdq": 3, "read": {"device_start": -1, "device_end": -1}}, "FFC_sans_bias20": {"write": {"device_start": -1, "host_queued_start": 1585578858.476804, "device_queued": -1, "device_end": -1, "host_queued_end": 1585578858.489519}, "device": "cpu", "nd_range": {"device_start": 2246632.694984705, "device_end": 2246632.710224727}, "cmdq": 2, "read": {"device_start": -1, "device_end": -1}}, "FFC_sans_bias22": {"write": {"device_start": -1, "host_queued_start": 1585578858.482489, "device_queued": -1, "device_end": -1, "host_queued_end": 1585578858.489519}, "device": "cpu", "nd_range": {"device_start": 2246632.727399543, "device_end": 2246632.742608666}, "cmdq": 2, "read": {"device_start": -1, "device_end": -1}}, "softmax68": {"write": {"device_start": -1, "host_queued_start": 1585578858.456278, "device_queued": -1, "device_end": -1, "host_queued_end": 1585578858.461848}, "device": "gpu", "nd_range": {"device_start": 1585578793.2746654, "device_end": 1585578793.27499}, "cmdq": 1, "read": {"device_start": -1, "device_end": -1}}, "softmax5": {"write": {"device_start": -1, "host_queued_start": 1585578858.483161, "device_queued": -1, "device_end": -1, "host_queued_end": 1585578858.489519}, "device": "cpu", "nd_range": {"device_start": 2246632.743622114, "device_end": 2246632.743843378}, "cmdq": 4, "read": {"device_start": -1, "device_end": -1}}, "FFC_sans_bias28": {"write": {"device_start": -1, "host_queued_start": 1585578858.478912, "device_queued": -1, "device_end": -1, "host_queued_end": 1585578858.489519}, "device": "cpu", "nd_range": {"device_start": 2246632.7272245353, "device_end": 2246632.742469006}, "cmdq": 4, "read": {"device_start": -1, "device_end": -1}}, "FFC_sans_bias29": {"write": {"device_start": -1, "host_queued_start": 1585578858.479966, "device_queued": -1, "device_end": -1, "host_queued_end": 1585578858.489519}, "device": "cpu", "nd_range": {"device_start": 2246632.712139098, "device_end": 2246632.727358167}, "cmdq": 0, "read": {"device_start": -1, "device_end": -1}}, "empty17": {"write": {"device_start": -1, "host_queued_start": 1585578858.464508, "device_queued": -1, "device_end": -1, "host_queued_end": 1585578858.489519}, "device": "cpu", "nd_range": {"device_start": 2246632.6791103943, "device_end": 2246632.679121348}, "cmdq": 1, "read": {"device_start": -1, "device_end": -1}}, "softmax59": {"write": {"device_start": -1, "host_queued_start": 1585578858.456025, "device_queued": -1, "device_end": -1, "host_queued_end": 1585578858.461848}, "device": "gpu", "nd_range": {"device_start": 1585578793.2745306, "device_end": 1585578793.274733}, "cmdq": 0, "read": {"device_start": -1, "device_end": -1}}, "empty71": {"write": {"device_start": 1585578793.2664456, "host_queued_start": 1585578858.439912, "device_queued": 1585578793.2661386, "device_end": 1585578793.2665222, "host_queued_end": 1585578858.461848}, "device": "gpu", "nd_range": {"device_start": 1585578793.266539, "device_end": 1585578793.2665434}, "cmdq": 1, "read": {"device_start": -1, "device_end": -1}}, "empty35": {"write": {"device_start": -1, "host_queued_start": 1585578858.466508, "device_queued": -1, "device_end": -1, "host_queued_end": 1585578858.489519}, "device": "cpu", "nd_range": {"device_start": 2246632.6791613693, "device_end": 2246632.6791656082}, "cmdq": 3, "read": {"device_start": -1, "device_end": -1}}, "empty53": {"write": {"device_start": 1585578793.2662265, "host_queued_start": 1585578858.43821, "device_queued": 1585578793.2660656, "device_end": 1585578793.2662978, "host_queued_end": 1585578858.461848}, "device": "gpu", "nd_range": {"device_start": 1585578793.2663014, "device_end": 1585578793.2663133}, "cmdq": 1, "read": {"device_start": -1, "device_end": -1}}, "FFC_sans_bias46": {"write": {"device_start": 1585578793.2683246, "host_queued_start": 1585578858.445127, "device_queued": 1585578793.2668777, "device_end": 1585578793.2683504, "host_queued_end": 1585578858.461848}, "device": "gpu", "nd_range": {"device_start": 1585578793.2683547, "device_end": 1585578793.2691476}, "cmdq": 0, "read": {"device_start": -1, "device_end": -1}}, "coalesced_transpose66": {"write": {"device_start": -1, "host_queued_start": 1585578858.45395, "device_queued": -1, "device_end": -1, "host_queued_end": 1585578858.461848}, "device": "gpu", "nd_range": {"device_start": 1585578793.272871, "device_end": 1585578793.2728915}, "cmdq": 1, "read": {"device_start": -1, "device_end": -1}}, "coalesced_transpose48": {"write": {"device_start": -1, "host_queued_start": 1585578858.453341, "device_queued": -1, "device_end": -1, "host_queued_end": 1585578858.461848}, "device": "gpu", "nd_range": {"device_start": 1585578793.2725668, "device_end": 1585578793.272869}, "cmdq": 1, "read": {"device_start": -1, "device_end": -1}}}