{"FFC_sans_bias60": {"write": {"device_start": -1, "host_queued_start": 1585578841.720751, "device_queued": -1, "device_end": -1, "host_queued_end": 1585578841.727887}, "device": "cpu", "nd_range": {"device_start": 2246616.085298681, "device_end": 2246616.1005896423}, "cmdq": 3, "read": {"device_start": -1, "device_end": -1}}, "FFC_sans_bias4": {"write": {"device_start": -1, "host_queued_start": 1585578841.714261, "device_queued": -1, "device_end": -1, "host_queued_end": 1585578841.727887}, "device": "cpu", "nd_range": {"device_start": 2246616.0398004483, "device_end": 2246616.0550793493}, "cmdq": 3, "read": {"device_start": -1, "device_end": -1}}, "FFC_sans_bias7": {"write": {"device_start": -1, "host_queued_start": 1585578841.721804, "device_queued": -1, "device_end": -1, "host_queued_end": 1585578841.727887}, "device": "cpu", "nd_range": {"device_start": 2246616.077593787, "device_end": 2246616.115246428}, "cmdq": 0, "read": {"device_start": -1, "device_end": -1}}, "FFC_sans_bias6": {"write": {"device_start": -1, "host_queued_start": 1585578841.718655, "device_queued": -1, "device_end": -1, "host_queued_end": 1585578841.727887}, "device": "cpu", "nd_range": {"device_start": 2246616.065413622, "device_end": 2246616.077574502}, "cmdq": 1, "read": {"device_start": -1, "device_end": -1}}, "FFC_sans_bias1": {"write": {"device_start": -1, "host_queued_start": 1585578841.691482, "device_queued": -1, "device_end": -1, "host_queued_end": 1585578841.727887}, "device": "cpu", "nd_range": {"device_start": 2246615.917530872, "device_end": 2246615.932860974}, "cmdq": 0, "read": {"device_start": -1, "device_end": -1}}, "FFC_sans_bias0": {"write": {"device_start": -1, "host_queued_start": 1585578841.690428, "device_queued": -1, "device_end": -1, "host_queued_end": 1585578841.727887}, "device": "cpu", "nd_range": {"device_start": 2246615.947696188, "device_end": 2246615.962650667}, "cmdq": 3, "read": {"device_start": -1, "device_end": -1}}, "FFC_sans_bias2": {"write": {"device_start": -1, "host_queued_start": 1585578841.692535, "device_queued": -1, "device_end": -1, "host_queued_end": 1585578841.727887}, "device": "cpu", "nd_range": {"device_start": 2246615.917532286, "device_end": 2246615.932950798}, "cmdq": 1, "read": {"device_start": -1, "device_end": -1}}, "FFC_sans_bias61": {"write": {"device_start": -1, "host_queued_start": 1585578841.727843, "device_queued": -1, "device_end": -1, "host_queued_end": 1585578841.727887}, "device": "cpu", "nd_range": {"device_start": 2246616.129244531, "device_end": 2246616.138503029}, "cmdq": 2, "read": {"device_start": -1, "device_end": -1}}, "FFC_sans_bias52": {"write": {"device_start": -1, "host_queued_start": 1585578841.726842, "device_queued": -1, "device_end": -1, "host_queued_end": 1585578841.727887}, "device": "cpu", "nd_range": {"device_start": 2246616.125634684, "device_end": 2246616.138725418}, "cmdq": 1, "read": {"device_start": -1, "device_end": -1}}, "FFC_sans_bias9": {"write": {"device_start": -1, "host_queued_start": 1585578841.693577, "device_queued": -1, "device_end": -1, "host_queued_end": 1585578841.727887}, "device": "cpu", "nd_range": {"device_start": 2246615.91757089, "device_end": 2246615.9326992533}, "cmdq": 2, "read": {"device_start": -1, "device_end": -1}}, "coalesced_transpose39": {"write": {"device_start": -1, "host_queued_start": 1585578841.713179, "device_queued": -1, "device_end": -1, "host_queued_end": 1585578841.727887}, "device": "cpu", "nd_range": {"device_start": 2246616.010142709, "device_end": 2246616.010388359}, "cmdq": 0, "read": {"device_start": -1, "device_end": -1}}, "FFC_sans_bias55": {"write": {"device_start": -1, "host_queued_start": 1585578841.711523, "device_queued": -1, "device_end": -1, "host_queued_end": 1585578841.727887}, "device": "cpu", "nd_range": {"device_start": 2246616.02402639, "device_end": 2246616.039321986}, "cmdq": 3, "read": {"device_start": -1, "device_end": -1}}, "FFC_sans_bias54": {"write": {"device_start": -1, "host_queued_start": 1585578841.710479, "device_queued": -1, "device_end": -1, "host_queued_end": 1585578841.727887}, "device": "cpu", "nd_range": {"device_start": 2246616.024776591, "device_end": 2246616.040384917}, "cmdq": 2, "read": {"device_start": -1, "device_end": -1}}, "FFC_sans_bias56": {"write": {"device_start": -1, "host_queued_start": 1585578841.709436, "device_queued": -1, "device_end": -1, "host_queued_end": 1585578841.727887}, "device": "cpu", "nd_range": {"device_start": 2246615.978246135, "device_end": 2246615.9935019123}, "cmdq": 1, "read": {"device_start": -1, "device_end": -1}}, "FFC_sans_bias51": {"write": {"device_start": -1, "host_queued_start": 1585578841.720406, "device_queued": -1, "device_end": -1, "host_queued_end": 1585578841.727887}, "device": "cpu", "nd_range": {"device_start": 2246616.093036104, "device_end": 2246616.10825752}, "cmdq": 2, "read": {"device_start": -1, "device_end": -1}}, "softmax23": {"write": {"device_start": -1, "host_queued_start": 1585578841.717156, "device_queued": -1, "device_end": -1, "host_queued_end": 1585578841.727887}, "device": "cpu", "nd_range": {"device_start": 2246616.056933063, "device_end": 2246616.057194613}, "cmdq": 0, "read": {"device_start": -1, "device_end": -1}}, "FFC_sans_bias37": {"write": {"device_start": -1, "host_queued_start": 1585578841.704185, "device_queued": -1, "device_end": -1, "host_queued_end": 1585578841.727887}, "device": "cpu", "nd_range": {"device_start": 2246615.9791378593, "device_end": 2246615.994309638}, "cmdq": 0, "read": {"device_start": -1, "device_end": -1}}, "empty62": {"write": {"device_start": -1, "host_queued_start": 1585578841.68948, "device_queued": -1, "device_end": -1, "host_queued_end": 1585578841.727887}, "device": "cpu", "nd_range": {"device_start": 2246615.917564466, "device_end": 2246615.917565411}, "cmdq": 2, "read": {"device_start": -1, "device_end": -1}}, "FFC_sans_bias70": {"write": {"device_start": 1585578776.4901466, "host_queued_start": 1585578841.682726, "device_queued": 1585578776.4879415, "device_end": 1585578776.4901772, "host_queued_end": 1585578841.682839}, "device": "gpu", "nd_range": {"device_start": 1585578776.4906263, "device_end": 1585578776.491221}, "cmdq": 0, "read": {"device_start": 1585578776.491227, "device_end": 1585578776.4912496}}, "FFC_sans_bias58": {"write": {"device_start": -1, "host_queued_start": 1585578841.716327, "device_queued": -1, "device_end": -1, "host_queued_end": 1585578841.727887}, "device": "cpu", "nd_range": {"device_start": 2246616.056544239, "device_end": 2246616.065186284}, "cmdq": 1, "read": {"device_start": -1, "device_end": -1}}, "softmax41": {"write": {"device_start": -1, "host_queued_start": 1585578841.717717, "device_queued": -1, "device_end": -1, "host_queued_end": 1585578841.727887}, "device": "cpu", "nd_range": {"device_start": 2246616.077488923, "device_end": 2246616.077711677}, "cmdq": 2, "read": {"device_start": -1, "device_end": -1}}, "FFC_sans_bias11": {"write": {"device_start": -1, "host_queued_start": 1585578841.695692, "device_queued": -1, "device_end": -1, "host_queued_end": 1585578841.727887}, "device": "cpu", "nd_range": {"device_start": 2246615.932888694, "device_end": 2246615.9638521}, "cmdq": 0, "read": {"device_start": -1, "device_end": -1}}, "FFC_sans_bias10": {"write": {"device_start": -1, "host_queued_start": 1585578841.694641, "device_queued": -1, "device_end": -1, "host_queued_end": 1585578841.727887}, "device": "cpu", "nd_range": {"device_start": 2246615.962668886, "device_end": 2246615.977878781}, "cmdq": 3, "read": {"device_start": -1, "device_end": -1}}, "coalesced_transpose3": {"write": {"device_start": -1, "host_queued_start": 1585578841.711855, "device_queued": -1, "device_end": -1, "host_queued_end": 1585578841.727887}, "device": "cpu", "nd_range": {"device_start": 2246616.009783374, "device_end": 2246616.010031913}, "cmdq": 0, "read": {"device_start": -1, "device_end": -1}}, "FFC_sans_bias34": {"write": {"device_start": -1, "host_queued_start": 1585578841.724843, "device_queued": -1, "device_end": -1, "host_queued_end": 1585578841.727887}, "device": "cpu", "nd_range": {"device_start": 2246616.100709722, "device_end": 2246616.115973777}, "cmdq": 3, "read": {"device_start": -1, "device_end": -1}}, "FFC_sans_bias15": {"write": {"device_start": -1, "host_queued_start": 1585578841.719021, "device_queued": -1, "device_end": -1, "host_queued_end": 1585578841.727887}, "device": "cpu", "nd_range": {"device_start": 2246616.077721125, "device_end": 2246616.093028747}, "cmdq": 2, "read": {"device_start": -1, "device_end": -1}}, "FFC_sans_bias31": {"write": {"device_start": -1, "host_queued_start": 1585578841.715303, "device_queued": -1, "device_end": -1, "host_queued_end": 1585578841.727887}, "device": "cpu", "nd_range": {"device_start": 2246616.041201158, "device_end": 2246616.056688826}, "cmdq": 2, "read": {"device_start": -1, "device_end": -1}}, "FFC_sans_bias16": {"write": {"device_start": -1, "host_queued_start": 1585578841.722805, "device_queued": -1, "device_end": -1, "host_queued_end": 1585578841.727887}, "device": "cpu", "nd_range": {"device_start": 2246616.116065164, "device_end": 2246616.125629518}, "cmdq": 1, "read": {"device_start": -1, "device_end": -1}}, "FFC_sans_bias19": {"write": {"device_start": -1, "host_queued_start": 1585578841.69778, "device_queued": -1, "device_end": -1, "host_queued_end": 1585578841.727887}, "device": "cpu", "nd_range": {"device_start": 2246615.932706226, "device_end": 2246615.947621763}, "cmdq": 2, "read": {"device_start": -1, "device_end": -1}}, "FFC_sans_bias18": {"write": {"device_start": -1, "host_queued_start": 1585578841.696735, "device_queued": -1, "device_end": -1, "host_queued_end": 1585578841.727887}, "device": "cpu", "nd_range": {"device_start": 2246615.9330941183, "device_end": 2246615.947935517}, "cmdq": 1, "read": {"device_start": -1, "device_end": -1}}, "coalesced_transpose30": {"write": {"device_start": -1, "host_queued_start": 1585578841.71285, "device_queued": -1, "device_end": -1, "host_queued_end": 1585578841.727887}, "device": "cpu", "nd_range": {"device_start": 2246616.039440889, "device_end": 2246616.039688027}, "cmdq": 3, "read": {"device_start": -1, "device_end": -1}}, "FFC_sans_bias69": {"write": {"device_start": -1, "host_queued_start": 1585578841.681665, "device_queued": -1, "device_end": -1, "host_queued_end": 1585578841.682839}, "device": "gpu", "nd_range": {"device_start": 1585578776.4900296, "device_end": 1585578776.4906235}, "cmdq": 1, "read": {"device_start": -1, "device_end": -1}}, "FFC_sans_bias38": {"write": {"device_start": -1, "host_queued_start": 1585578841.705239, "device_queued": -1, "device_end": -1, "host_queued_end": 1585578841.727887}, "device": "cpu", "nd_range": {"device_start": 2246615.9629037622, "device_end": 2246615.978129208}, "cmdq": 1, "read": {"device_start": -1, "device_end": -1}}, "coalesced_transpose57": {"write": {"device_start": -1, "host_queued_start": 1585578841.713827, "device_queued": -1, "device_end": -1, "host_queued_end": 1585578841.727887}, "device": "cpu", "nd_range": {"device_start": 2246616.0408615633, "device_end": 2246616.041096555}, "cmdq": 2, "read": {"device_start": -1, "device_end": -1}}, "empty26": {"write": {"device_start": -1, "host_queued_start": 1585578841.686127, "device_queued": -1, "device_end": -1, "host_queued_end": 1585578841.727887}, "device": "cpu", "nd_range": {"device_start": 2246615.917543158, "device_end": 2246615.91754797}, "cmdq": 2, "read": {"device_start": -1, "device_end": -1}}, "coalesced_transpose12": {"write": {"device_start": -1, "host_queued_start": 1585578841.712183, "device_queued": -1, "device_end": -1, "host_queued_end": 1585578841.727887}, "device": "cpu", "nd_range": {"device_start": 2246615.993618934, "device_end": 2246615.99385761}, "cmdq": 1, "read": {"device_start": -1, "device_end": -1}}, "empty44": {"write": {"device_start": -1, "host_queued_start": 1585578841.687872, "device_queued": -1, "device_end": -1, "host_queued_end": 1585578841.727887}, "device": "cpu", "nd_range": {"device_start": 2246615.9175230493, "device_end": 2246615.91752415}, "cmdq": 0, "read": {"device_start": -1, "device_end": -1}}, "coalesced_transpose21": {"write": {"device_start": -1, "host_queued_start": 1585578841.712519, "device_queued": -1, "device_end": -1, "host_queued_end": 1585578841.727887}, "device": "cpu", "nd_range": {"device_start": 2246616.040502199, "device_end": 2246616.040750315}, "cmdq": 2, "read": {"device_start": -1, "device_end": -1}}, "FFC_sans_bias36": {"write": {"device_start": -1, "host_queued_start": 1585578841.70314, "device_queued": -1, "device_end": -1, "host_queued_end": 1585578841.727887}, "device": "cpu", "nd_range": {"device_start": 2246615.993292611, "device_end": 2246616.008515063}, "cmdq": 3, "read": {"device_start": -1, "device_end": -1}}, "softmax14": {"write": {"device_start": -1, "host_queued_start": 1585578841.716885, "device_queued": -1, "device_end": -1, "host_queued_end": 1585578841.727887}, "device": "cpu", "nd_range": {"device_start": 2246616.076181935, "device_end": 2246616.0763963023}, "cmdq": 3, "read": {"device_start": -1, "device_end": -1}}, "FFC_sans_bias13": {"write": {"device_start": -1, "host_queued_start": 1585578841.714615, "device_queued": -1, "device_end": -1, "host_queued_end": 1585578841.727887}, "device": "cpu", "nd_range": {"device_start": 2246616.010501345, "device_end": 2246616.0257131644}, "cmdq": 0, "read": {"device_start": -1, "device_end": -1}}, "empty8": {"write": {"device_start": -1, "host_queued_start": 1585578841.684274, "device_queued": -1, "device_end": -1, "host_queued_end": 1585578841.727887}, "device": "cpu", "nd_range": {"device_start": 2246615.917489955, "device_end": 2246615.9175018803}, "cmdq": 0, "read": {"device_start": -1, "device_end": -1}}, "FFC_sans_bias42": {"write": {"device_start": -1, "host_queued_start": 1585578841.720063, "device_queued": -1, "device_end": -1, "host_queued_end": 1585578841.727887}, "device": "cpu", "nd_range": {"device_start": 2246616.0848986623, "device_end": 2246616.1160399374}, "cmdq": 1, "read": {"device_start": -1, "device_end": -1}}, "FFC_sans_bias43": {"write": {"device_start": -1, "host_queued_start": 1585578841.725836, "device_queued": -1, "device_end": -1, "host_queued_end": 1585578841.727887}, "device": "cpu", "nd_range": {"device_start": 2246616.1179986973, "device_end": 2246616.136117847}, "cmdq": 0, "read": {"device_start": -1, "device_end": -1}}, "FFC_sans_bias40": {"write": {"device_start": -1, "host_queued_start": 1585578841.715642, "device_queued": -1, "device_end": -1, "host_queued_end": 1585578841.727887}, "device": "cpu", "nd_range": {"device_start": 2246616.055090445, "device_end": 2246616.0760711553}, "cmdq": 3, "read": {"device_start": -1, "device_end": -1}}, "softmax32": {"write": {"device_start": -1, "host_queued_start": 1585578841.717429, "device_queued": -1, "device_end": -1, "host_queued_end": 1585578841.727887}, "device": "cpu", "nd_range": {"device_start": 2246616.0651946072, "device_end": 2246616.065406083}, "cmdq": 1, "read": {"device_start": -1, "device_end": -1}}, "FFC_sans_bias47": {"write": {"device_start": -1, "host_queued_start": 1585578841.708391, "device_queued": -1, "device_end": -1, "host_queued_end": 1585578841.727887}, "device": "cpu", "nd_range": {"device_start": 2246615.994428845, "device_end": 2246616.009663913}, "cmdq": 0, "read": {"device_start": -1, "device_end": -1}}, "FFC_sans_bias45": {"write": {"device_start": -1, "host_queued_start": 1585578841.706288, "device_queued": -1, "device_end": -1, "host_queued_end": 1585578841.727887}, "device": "cpu", "nd_range": {"device_start": 2246616.009333161, "device_end": 2246616.024664261}, "cmdq": 2, "read": {"device_start": -1, "device_end": -1}}, "softmax50": {"write": {"device_start": -1, "host_queued_start": 1585578841.717998, "device_queued": -1, "device_end": -1, "host_queued_end": 1585578841.727887}, "device": "cpu", "nd_range": {"device_start": 2246616.07650347, "device_end": 2246616.0767155383}, "cmdq": 3, "read": {"device_start": -1, "device_end": -1}}, "FFC_sans_bias33": {"write": {"device_start": -1, "host_queued_start": 1585578841.719719, "device_queued": -1, "device_end": -1, "host_queued_end": 1585578841.727887}, "device": "cpu", "nd_range": {"device_start": 2246616.066022245, "device_end": 2246616.0741396924}, "cmdq": 0, "read": {"device_start": -1, "device_end": -1}}, "FFC_sans_bias63": {"write": {"device_start": 1585578776.4884567, "host_queued_start": 1585578841.680476, "device_queued": 1585578776.487734, "device_end": 1585578776.488487, "host_queued_end": 1585578841.682839}, "device": "gpu", "nd_range": {"device_start": 1585578776.4884896, "device_end": 1585578776.4892058}, "cmdq": 1, "read": {"device_start": -1, "device_end": -1}}, "FFC_sans_bias49": {"write": {"device_start": -1, "host_queued_start": 1585578841.715982, "device_queued": -1, "device_end": -1, "host_queued_end": 1585578841.727887}, "device": "cpu", "nd_range": {"device_start": 2246616.0259751333, "device_end": 2246616.041268548}, "cmdq": 0, "read": {"device_start": -1, "device_end": -1}}, "FFC_sans_bias64": {"write": {"device_start": 1585578776.4876394, "host_queued_start": 1585578841.678297, "device_queued": 1585578776.4874794, "device_end": 1585578776.4876997, "host_queued_end": 1585578841.682839}, "device": "gpu", "nd_range": {"device_start": 1585578776.487712, "device_end": 1585578776.4883144}, "cmdq": 1, "read": {"device_start": -1, "device_end": -1}}, "FFC_sans_bias65": {"write": {"device_start": 1585578776.487712, "host_queued_start": 1585578841.679445, "device_queued": 1585578776.4875224, "device_end": 1585578776.4877372, "host_queued_end": 1585578841.682839}, "device": "gpu", "nd_range": {"device_start": 1585578776.48774, "device_end": 1585578776.4887238}, "cmdq": 0, "read": {"device_start": -1, "device_end": -1}}, "FFC_sans_bias67": {"write": {"device_start": -1, "host_queued_start": 1585578841.681115, "device_queued": -1, "device_end": -1, "host_queued_end": 1585578841.682839}, "device": "gpu", "nd_range": {"device_start": 1585578776.4892077, "device_end": 1585578776.4898064}, "cmdq": 1, "read": {"device_start": -1, "device_end": -1}}, "FFC_sans_bias24": {"write": {"device_start": -1, "host_queued_start": 1585578841.719376, "device_queued": -1, "device_end": -1, "host_queued_end": 1585578841.727887}, "device": "cpu", "nd_range": {"device_start": 2246616.0768199433, "device_end": 2246616.085190269}, "cmdq": 3, "read": {"device_start": -1, "device_end": -1}}, "FFC_sans_bias25": {"write": {"device_start": -1, "host_queued_start": 1585578841.723848, "device_queued": -1, "device_end": -1, "host_queued_end": 1585578841.727887}, "device": "cpu", "nd_range": {"device_start": 2246616.108265173, "device_end": 2246616.129240681}, "cmdq": 2, "read": {"device_start": -1, "device_end": -1}}, "FFC_sans_bias27": {"write": {"device_start": -1, "host_queued_start": 1585578841.699946, "device_queued": -1, "device_end": -1, "host_queued_end": 1585578841.727887}, "device": "cpu", "nd_range": {"device_start": 2246615.9638593444, "device_end": 2246615.97901751}, "cmdq": 0, "read": {"device_start": -1, "device_end": -1}}, "FFC_sans_bias20": {"write": {"device_start": -1, "host_queued_start": 1585578841.698886, "device_queued": -1, "device_end": -1, "host_queued_end": 1585578841.727887}, "device": "cpu", "nd_range": {"device_start": 2246615.9780075434, "device_end": 2246615.9931689543}, "cmdq": 3, "read": {"device_start": -1, "device_end": -1}}, "FFC_sans_bias22": {"write": {"device_start": -1, "host_queued_start": 1585578841.714962, "device_queued": -1, "device_end": -1, "host_queued_end": 1585578841.727887}, "device": "cpu", "nd_range": {"device_start": 2246616.041381775, "device_end": 2246616.056533244}, "cmdq": 1, "read": {"device_start": -1, "device_end": -1}}, "softmax68": {"write": {"device_start": -1, "host_queued_start": 1585578841.681364, "device_queued": -1, "device_end": -1, "host_queued_end": 1585578841.682839}, "device": "gpu", "nd_range": {"device_start": 1585578776.489811, "device_end": 1585578776.490027}, "cmdq": 0, "read": {"device_start": -1, "device_end": -1}}, "softmax5": {"write": {"device_start": -1, "host_queued_start": 1585578841.716608, "device_queued": -1, "device_end": -1, "host_queued_end": 1585578841.727887}, "device": "cpu", "nd_range": {"device_start": 2246616.056700025, "device_end": 2246616.0569194183}, "cmdq": 2, "read": {"device_start": -1, "device_end": -1}}, "FFC_sans_bias28": {"write": {"device_start": -1, "host_queued_start": 1585578841.701024, "device_queued": -1, "device_end": -1, "host_queued_end": 1585578841.727887}, "device": "cpu", "nd_range": {"device_start": 2246615.94795461, "device_end": 2246615.962896776}, "cmdq": 1, "read": {"device_start": -1, "device_end": -1}}, "FFC_sans_bias29": {"write": {"device_start": -1, "host_queued_start": 1585578841.70207, "device_queued": -1, "device_end": -1, "host_queued_end": 1585578841.727887}, "device": "cpu", "nd_range": {"device_start": 2246615.9939723522, "device_end": 2246616.0092185494}, "cmdq": 2, "read": {"device_start": -1, "device_end": -1}}, "empty17": {"write": {"device_start": -1, "host_queued_start": 1585578841.685246, "device_queued": -1, "device_end": -1, "host_queued_end": 1585578841.727887}, "device": "cpu", "nd_range": {"device_start": 2246615.9174899943, "device_end": 2246615.917501842}, "cmdq": 1, "read": {"device_start": -1, "device_end": -1}}, "softmax59": {"write": {"device_start": -1, "host_queued_start": 1585578841.718281, "device_queued": -1, "device_end": -1, "host_queued_end": 1585578841.727887}, "device": "cpu", "nd_range": {"device_start": 2246616.065810992, "device_end": 2246616.066015706}, "cmdq": 0, "read": {"device_start": -1, "device_end": -1}}, "empty71": {"write": {"device_start": 1585578776.48751, "host_queued_start": 1585578841.677104, "device_queued": 1585578776.4873822, "device_end": 1585578776.4875555, "host_queued_end": 1585578841.682839}, "device": "gpu", "nd_range": {"device_start": 1585578776.4875615, "device_end": 1585578776.487567}, "cmdq": 0, "read": {"device_start": -1, "device_end": -1}}, "empty35": {"write": {"device_start": -1, "host_queued_start": 1585578841.686995, "device_queued": -1, "device_end": -1, "host_queued_end": 1585578841.727887}, "device": "cpu", "nd_range": {"device_start": 2246615.947627937, "device_end": 2246615.947639125}, "cmdq": 3, "read": {"device_start": -1, "device_end": -1}}, "empty53": {"write": {"device_start": -1, "host_queued_start": 1585578841.688678, "device_queued": -1, "device_end": -1, "host_queued_end": 1585578841.727887}, "device": "cpu", "nd_range": {"device_start": 2246615.917525152, "device_end": 2246615.917525918}, "cmdq": 1, "read": {"device_start": -1, "device_end": -1}}, "FFC_sans_bias46": {"write": {"device_start": -1, "host_queued_start": 1585578841.707337, "device_queued": -1, "device_end": -1, "host_queued_end": 1585578841.727887}, "device": "cpu", "nd_range": {"device_start": 2246616.0086358073, "device_end": 2246616.0238980292}, "cmdq": 3, "read": {"device_start": -1, "device_end": -1}}, "coalesced_transpose66": {"write": {"device_start": -1, "host_queued_start": 1585578841.680802, "device_queued": -1, "device_end": -1, "host_queued_end": 1585578841.682839}, "device": "gpu", "nd_range": {"device_start": 1585578776.4887252, "device_end": 1585578776.4891255}, "cmdq": 0, "read": {"device_start": -1, "device_end": -1}}, "coalesced_transpose48": {"write": {"device_start": -1, "host_queued_start": 1585578841.713503, "device_queued": -1, "device_end": -1, "host_queued_end": 1585578841.727887}, "device": "cpu", "nd_range": {"device_start": 2246616.0257218922, "device_end": 2246616.0259673083}, "cmdq": 1, "read": {"device_start": -1, "device_end": -1}}}