{"FFC_sans_bias60": {"write": {"device_start": -1, "host_queued_start": 1585579234.414072, "device_queued": -1, "device_end": -1, "host_queued_end": 1585579234.419637}, "device": "gpu", "nd_range": {"device_start": 1585579169.2243836, "device_end": 1585579169.226077}, "cmdq": 3, "read": {"device_start": -1, "device_end": -1}}, "FFC_sans_bias4": {"write": {"device_start": -1, "host_queued_start": 1585579234.435628, "device_queued": -1, "device_end": -1, "host_queued_end": 1585579234.441268}, "device": "cpu", "nd_range": {"device_start": 2247008.663669782, "device_end": 2247008.679763269}, "cmdq": 0, "read": {"device_start": -1, "device_end": -1}}, "FFC_sans_bias7": {"write": {"device_start": -1, "host_queued_start": 1585579234.439258, "device_queued": -1, "device_end": -1, "host_queued_end": 1585579234.441268}, "device": "cpu", "nd_range": {"device_start": 2247008.700516236, "device_end": 2247008.7090768362}, "cmdq": 4, "read": {"device_start": -1, "device_end": -1}}, "FFC_sans_bias6": {"write": {"device_start": -1, "host_queued_start": 1585579234.437444, "device_queued": -1, "device_end": -1, "host_queued_end": 1585579234.441268}, "device": "cpu", "nd_range": {"device_start": 2247008.685239604, "device_end": 2247008.7005046573}, "cmdq": 1, "read": {"device_start": -1, "device_end": -1}}, "FFC_sans_bias1": {"write": {"device_start": -1, "host_queued_start": 1585579234.425953, "device_queued": -1, "device_end": -1, "host_queued_end": 1585579234.441268}, "device": "cpu", "nd_range": {"device_start": 2247008.646352495, "device_end": 2247008.661591615}, "cmdq": 4, "read": {"device_start": -1, "device_end": -1}}, "FFC_sans_bias0": {"write": {"device_start": -1, "host_queued_start": 1585579234.424674, "device_queued": -1, "device_end": -1, "host_queued_end": 1585579234.441268}, "device": "cpu", "nd_range": {"device_start": 2247008.631016308, "device_end": 2247008.6462862673}, "cmdq": 3, "read": {"device_start": -1, "device_end": -1}}, "FFC_sans_bias2": {"write": {"device_start": -1, "host_queued_start": 1585579234.427108, "device_queued": -1, "device_end": -1, "host_queued_end": 1585579234.441268}, "device": "cpu", "nd_range": {"device_start": 2247008.6308914693, "device_end": 2247008.647359771}, "cmdq": 0, "read": {"device_start": -1, "device_end": -1}}, "FFC_sans_bias61": {"write": {"device_start": 1585579169.2261915, "host_queued_start": 1585579234.418497, "device_queued": 1585579169.2168038, "device_end": 1585579169.2262225, "host_queued_end": 1585579234.419637}, "device": "gpu", "nd_range": {"device_start": 1585579169.226229, "device_end": 1585579169.2284982}, "cmdq": 3, "read": {"device_start": 1585579169.2285068, "device_end": 1585579169.2285297}}, "FFC_sans_bias52": {"write": {"device_start": 1585579169.225244, "host_queued_start": 1585579234.41747, "device_queued": 1585579169.216789, "device_end": 1585579169.2252748, "host_queued_end": 1585579234.419637}, "device": "gpu", "nd_range": {"device_start": 1585579169.2252789, "device_end": 1585579169.2270303}, "cmdq": 2, "read": {"device_start": 1585579169.227039, "device_end": 1585579169.2270627}}, "FFC_sans_bias9": {"write": {"device_start": -1, "host_queued_start": 1585579234.428155, "device_queued": -1, "device_end": -1, "host_queued_end": 1585579234.441268}, "device": "cpu", "nd_range": {"device_start": 2247008.6308854553, "device_end": 2247008.646359196}, "cmdq": 1, "read": {"device_start": -1, "device_end": -1}}, "coalesced_transpose39": {"write": {"device_start": -1, "host_queued_start": 1585579234.40915, "device_queued": -1, "device_end": -1, "host_queued_end": 1585579234.419637}, "device": "gpu", "nd_range": {"device_start": 1585579169.2202692, "device_end": 1585579169.2215946}, "cmdq": 1, "read": {"device_start": -1, "device_end": -1}}, "FFC_sans_bias55": {"write": {"device_start": 1585579169.217939, "host_queued_start": 1585579234.405363, "device_queued": 1585579169.215336, "device_end": 1585579169.217965, "host_queued_end": 1585579234.419637}, "device": "gpu", "nd_range": {"device_start": 1585579169.2179725, "device_end": 1585579169.2202666}, "cmdq": 1, "read": {"device_start": -1, "device_end": -1}}, "FFC_sans_bias54": {"write": {"device_start": 1585579169.217419, "host_queued_start": 1585579234.404333, "device_queued": 1585579169.2152894, "device_end": 1585579169.2174451, "host_queued_end": 1585579234.419637}, "device": "gpu", "nd_range": {"device_start": 1585579169.217449, "device_end": 1585579169.2197723}, "cmdq": 0, "read": {"device_start": -1, "device_end": -1}}, "FFC_sans_bias56": {"write": {"device_start": 1585579169.2170076, "host_queued_start": 1585579234.403284, "device_queued": 1585579169.2150695, "device_end": 1585579169.2170339, "host_queued_end": 1585579234.419637}, "device": "gpu", "nd_range": {"device_start": 1585579169.21704, "device_end": 1585579169.2192976}, "cmdq": 4, "read": {"device_start": -1, "device_end": -1}}, "FFC_sans_bias51": {"write": {"device_start": -1, "host_queued_start": 1585579234.413763, "device_queued": -1, "device_end": -1, "host_queued_end": 1585579234.419637}, "device": "gpu", "nd_range": {"device_start": 1585579169.2240615, "device_end": 1585579169.2251258}, "cmdq": 2, "read": {"device_start": -1, "device_end": -1}}, "softmax23": {"write": {"device_start": -1, "host_queued_start": 1585579234.437114, "device_queued": -1, "device_end": -1, "host_queued_end": 1585579234.441268}, "device": "cpu", "nd_range": {"device_start": 2247008.6858469453, "device_end": 2247008.6860545883}, "cmdq": 0, "read": {"device_start": -1, "device_end": -1}}, "FFC_sans_bias37": {"write": {"device_start": 1585579169.214644, "host_queued_start": 1585579234.398051, "device_queued": 1585579169.2144222, "device_end": 1585579169.2146747, "host_queued_end": 1585579234.419637}, "device": "gpu", "nd_range": {"device_start": 1585579169.214693, "device_end": 1585579169.2169013}, "cmdq": 4, "read": {"device_start": -1, "device_end": -1}}, "empty62": {"write": {"device_start": 1585579169.214091, "host_queued_start": 1585579234.391846, "device_queued": 1585579169.2138429, "device_end": 1585579169.2141607, "host_queued_end": 1585579234.419637}, "device": "gpu", "nd_range": {"device_start": 1585579169.2141705, "device_end": 1585579169.2141757}, "cmdq": 3, "read": {"device_start": -1, "device_end": -1}}, "FFC_sans_bias70": {"write": {"device_start": 1585579169.2281485, "host_queued_start": 1585579234.419536, "device_queued": 1585579169.2169316, "device_end": 1585579169.2281785, "host_queued_end": 1585579234.419637}, "device": "gpu", "nd_range": {"device_start": 1585579169.228182, "device_end": 1585579169.2289681}, "cmdq": 4, "read": {"device_start": 1585579169.2289762, "device_end": 1585579169.2289987}}, "FFC_sans_bias58": {"write": {"device_start": -1, "host_queued_start": 1585579234.411301, "device_queued": -1, "device_end": -1, "host_queued_end": 1585579234.419637}, "device": "gpu", "nd_range": {"device_start": 1585579169.221616, "device_end": 1585579169.2236362}, "cmdq": 3, "read": {"device_start": -1, "device_end": -1}}, "softmax41": {"write": {"device_start": -1, "host_queued_start": 1585579234.412103, "device_queued": -1, "device_end": -1, "host_queued_end": 1585579234.419637}, "device": "gpu", "nd_range": {"device_start": 1585579169.2226722, "device_end": 1585579169.22409}, "cmdq": 1, "read": {"device_start": -1, "device_end": -1}}, "FFC_sans_bias11": {"write": {"device_start": -1, "host_queued_start": 1585579234.430245, "device_queued": -1, "device_end": -1, "host_queued_end": 1585579234.441268}, "device": "cpu", "nd_range": {"device_start": 2247008.646322043, "device_end": 2247008.661672933}, "cmdq": 3, "read": {"device_start": -1, "device_end": -1}}, "FFC_sans_bias10": {"write": {"device_start": -1, "host_queued_start": 1585579234.429196, "device_queued": -1, "device_end": -1, "host_queued_end": 1585579234.441268}, "device": "cpu", "nd_range": {"device_start": 2247008.630924552, "device_end": 2247008.646221422}, "cmdq": 2, "read": {"device_start": -1, "device_end": -1}}, "coalesced_transpose3": {"write": {"device_start": -1, "host_queued_start": 1585579234.434388, "device_queued": -1, "device_end": -1, "host_queued_end": 1585579234.441268}, "device": "cpu", "nd_range": {"device_start": 2247008.662211614, "device_end": 2247008.662445314}, "cmdq": 2, "read": {"device_start": -1, "device_end": -1}}, "FFC_sans_bias34": {"write": {"device_start": 1585579169.2247486, "host_queued_start": 1585579234.415399, "device_queued": 1585579169.216613, "device_end": 1585579169.224776, "host_queued_end": 1585579234.419637}, "device": "gpu", "nd_range": {"device_start": 1585579169.2247903, "device_end": 1585579169.2265797}, "cmdq": 0, "read": {"device_start": 1585579169.2265847, "device_end": 1585579169.226609}}, "FFC_sans_bias15": {"write": {"device_start": -1, "host_queued_start": 1585579234.437807, "device_queued": -1, "device_end": -1, "host_queued_end": 1585579234.441268}, "device": "cpu", "nd_range": {"device_start": 2247008.68601157, "device_end": 2247008.702037629}, "cmdq": 2, "read": {"device_start": -1, "device_end": -1}}, "FFC_sans_bias31": {"write": {"device_start": -1, "host_queued_start": 1585579234.410364, "device_queued": -1, "device_end": -1, "host_queued_end": 1585579234.419637}, "device": "gpu", "nd_range": {"device_start": 1585579169.2215767, "device_end": 1585579169.2222092}, "cmdq": 0, "read": {"device_start": -1, "device_end": -1}}, "FFC_sans_bias16": {"write": {"device_start": -1, "host_queued_start": 1585579234.440242, "device_queued": -1, "device_end": -1, "host_queued_end": 1585579234.441268}, "device": "cpu", "nd_range": {"device_start": 2247008.702046613, "device_end": 2247008.712265604}, "cmdq": 0, "read": {"device_start": -1, "device_end": -1}}, "FFC_sans_bias19": {"write": {"device_start": -1, "host_queued_start": 1585579234.432668, "device_queued": -1, "device_end": -1, "host_queued_end": 1585579234.441268}, "device": "cpu", "nd_range": {"device_start": 2247008.647485569, "device_end": 2247008.663659887}, "cmdq": 0, "read": {"device_start": -1, "device_end": -1}}, "FFC_sans_bias18": {"write": {"device_start": -1, "host_queued_start": 1585579234.43143, "device_queued": -1, "device_end": -1, "host_queued_end": 1585579234.441268}, "device": "cpu", "nd_range": {"device_start": 2247008.661603232, "device_end": 2247008.676770707}, "cmdq": 4, "read": {"device_start": -1, "device_end": -1}}, "coalesced_transpose30": {"write": {"device_start": -1, "host_queued_start": 1585579234.408849, "device_queued": -1, "device_end": -1, "host_queued_end": 1585579234.419637}, "device": "gpu", "nd_range": {"device_start": 1585579169.2197733, "device_end": 1585579169.2215755}, "cmdq": 0, "read": {"device_start": -1, "device_end": -1}}, "FFC_sans_bias69": {"write": {"device_start": -1, "host_queued_start": 1585579234.414382, "device_queued": -1, "device_end": -1, "host_queued_end": 1585579234.419637}, "device": "gpu", "nd_range": {"device_start": 1585579169.225793, "device_end": 1585579169.228012}, "cmdq": 4, "read": {"device_start": -1, "device_end": -1}}, "FFC_sans_bias38": {"write": {"device_start": 1585579169.2150953, "host_queued_start": 1585579234.399119, "device_queued": 1585579169.2146971, "device_end": 1585579169.215126, "host_queued_end": 1585579234.419637}, "device": "gpu", "nd_range": {"device_start": 1585579169.2151296, "device_end": 1585579169.2173433}, "cmdq": 0, "read": {"device_start": -1, "device_end": -1}}, "coalesced_transpose57": {"write": {"device_start": -1, "host_queued_start": 1585579234.409752, "device_queued": -1, "device_end": -1, "host_queued_end": 1585579234.419637}, "device": "gpu", "nd_range": {"device_start": 1585579169.221248, "device_end": 1585579169.2216146}, "cmdq": 3, "read": {"device_start": -1, "device_end": -1}}, "empty26": {"write": {"device_start": -1, "host_queued_start": 1585579234.423532, "device_queued": -1, "device_end": -1, "host_queued_end": 1585579234.441268}, "device": "cpu", "nd_range": {"device_start": 2247008.630901886, "device_end": 2247008.630907874}, "cmdq": 2, "read": {"device_start": -1, "device_end": -1}}, "coalesced_transpose12": {"write": {"device_start": -1, "host_queued_start": 1585579234.434824, "device_queued": -1, "device_end": -1, "host_queued_end": 1585579234.441268}, "device": "cpu", "nd_range": {"device_start": 2247008.661691381, "device_end": 2247008.662052095}, "cmdq": 3, "read": {"device_start": -1, "device_end": -1}}, "empty44": {"write": {"device_start": 1585579169.213901, "host_queued_start": 1585579234.390074, "device_queued": 1585579169.2137842, "device_end": 1585579169.2139661, "host_queued_end": 1585579234.419637}, "device": "gpu", "nd_range": {"device_start": 1585579169.214132, "device_end": 1585579169.2141662}, "cmdq": 1, "read": {"device_start": -1, "device_end": -1}}, "coalesced_transpose21": {"write": {"device_start": -1, "host_queued_start": 1585579234.435244, "device_queued": -1, "device_end": -1, "host_queued_end": 1585579234.441268}, "device": "cpu", "nd_range": {"device_start": 2247008.676893713, "device_end": 2247008.6771374294}, "cmdq": 4, "read": {"device_start": -1, "device_end": -1}}, "FFC_sans_bias36": {"write": {"device_start": 1585579169.2145603, "host_queued_start": 1585579234.396862, "device_queued": 1585579169.2144039, "device_end": 1585579169.2146242, "host_queued_end": 1585579234.419637}, "device": "gpu", "nd_range": {"device_start": 1585579169.2146783, "device_end": 1585579169.2163544}, "cmdq": 3, "read": {"device_start": -1, "device_end": -1}}, "softmax14": {"write": {"device_start": -1, "host_queued_start": 1585579234.436848, "device_queued": -1, "device_end": -1, "host_queued_end": 1585579234.441268}, "device": "cpu", "nd_range": {"device_start": 2247008.685579806, "device_end": 2247008.685788964}, "cmdq": 4, "read": {"device_start": -1, "device_end": -1}}, "FFC_sans_bias13": {"write": {"device_start": -1, "host_queued_start": 1585579234.43598, "device_queued": -1, "device_end": -1, "host_queued_end": 1585579234.441268}, "device": "cpu", "nd_range": {"device_start": 2247008.671255634, "device_end": 2247008.685120679}, "cmdq": 1, "read": {"device_start": -1, "device_end": -1}}, "empty8": {"write": {"device_start": -1, "host_queued_start": 1585579234.421316, "device_queued": -1, "device_end": -1, "host_queued_end": 1585579234.441268}, "device": "cpu", "nd_range": {"device_start": 2247008.630855917, "device_end": 2247008.630865245}, "cmdq": 0, "read": {"device_start": -1, "device_end": -1}}, "FFC_sans_bias42": {"write": {"device_start": -1, "host_queued_start": 1585579234.413449, "device_queued": -1, "device_end": -1, "host_queued_end": 1585579234.419637}, "device": "gpu", "nd_range": {"device_start": 1585579169.2240915, "device_end": 1585579169.2256033}, "cmdq": 1, "read": {"device_start": -1, "device_end": -1}}, "FFC_sans_bias43": {"write": {"device_start": 1585579169.2257128, "host_queued_start": 1585579234.416439, "device_queued": 1585579169.216762, "device_end": 1585579169.2257442, "host_queued_end": 1585579234.419637}, "device": "gpu", "nd_range": {"device_start": 1585579169.22575, "device_end": 1585579169.227556}, "cmdq": 1, "read": {"device_start": 1585579169.2275581, "device_end": 1585579169.2275832}}, "FFC_sans_bias40": {"write": {"device_start": -1, "host_queued_start": 1585579234.410681, "device_queued": -1, "device_end": -1, "host_queued_end": 1585579234.419637}, "device": "gpu", "nd_range": {"device_start": 1585579169.2215955, "device_end": 1585579169.2226713}, "cmdq": 1, "read": {"device_start": -1, "device_end": -1}}, "softmax32": {"write": {"device_start": -1, "host_queued_start": 1585579234.411853, "device_queued": -1, "device_end": -1, "host_queued_end": 1585579234.419637}, "device": "gpu", "nd_range": {"device_start": 1585579169.2222102, "device_end": 1585579169.2238932}, "cmdq": 0, "read": {"device_start": -1, "device_end": -1}}, "FFC_sans_bias47": {"write": {"device_start": 1585579169.2164338, "host_queued_start": 1585579234.402218, "device_queued": 1585579169.2148857, "device_end": 1585579169.216459, "host_queued_end": 1585579234.419637}, "device": "gpu", "nd_range": {"device_start": 1585579169.216465, "device_end": 1585579169.2188156}, "cmdq": 3, "read": {"device_start": -1, "device_end": -1}}, "FFC_sans_bias45": {"write": {"device_start": 1585579169.2154334, "host_queued_start": 1585579234.400153, "device_queued": 1585579169.2148445, "device_end": 1585579169.2154582, "host_queued_end": 1585579234.419637}, "device": "gpu", "nd_range": {"device_start": 1585579169.2154648, "device_end": 1585579169.2178607}, "cmdq": 1, "read": {"device_start": -1, "device_end": -1}}, "softmax50": {"write": {"device_start": -1, "host_queued_start": 1585579234.412348, "device_queued": -1, "device_end": -1, "host_queued_end": 1585579234.419637}, "device": "gpu", "nd_range": {"device_start": 1585579169.2231834, "device_end": 1585579169.22406}, "cmdq": 2, "read": {"device_start": -1, "device_end": -1}}, "FFC_sans_bias33": {"write": {"device_start": -1, "host_queued_start": 1585579234.413137, "device_queued": -1, "device_end": -1, "host_queued_end": 1585579234.419637}, "device": "gpu", "nd_range": {"device_start": 1585579169.2238941, "device_end": 1585579169.2246184}, "cmdq": 0, "read": {"device_start": -1, "device_end": -1}}, "FFC_sans_bias63": {"write": {"device_start": 1585579169.2194076, "host_queued_start": 1585579234.408522, "device_queued": 1585579169.2155201, "device_end": 1585579169.2194393, "host_queued_end": 1585579234.419637}, "device": "gpu", "nd_range": {"device_start": 1585579169.2194495, "device_end": 1585579169.2217095}, "cmdq": 4, "read": {"device_start": -1, "device_end": -1}}, "FFC_sans_bias49": {"write": {"device_start": -1, "host_queued_start": 1585579234.410992, "device_queued": -1, "device_end": -1, "host_queued_end": 1585579234.419637}, "device": "gpu", "nd_range": {"device_start": 1585579169.2216122, "device_end": 1585579169.2231824}, "cmdq": 2, "read": {"device_start": -1, "device_end": -1}}, "FFC_sans_bias64": {"write": {"device_start": 1585579169.2184286, "host_queued_start": 1585579234.406424, "device_queued": 1585579169.215485, "device_end": 1585579169.2184546, "host_queued_end": 1585579234.419637}, "device": "gpu", "nd_range": {"device_start": 1585579169.218464, "device_end": 1585579169.220731}, "cmdq": 2, "read": {"device_start": -1, "device_end": -1}}, "FFC_sans_bias65": {"write": {"device_start": 1585579169.2189145, "host_queued_start": 1585579234.407485, "device_queued": 1585579169.2155056, "device_end": 1585579169.2189465, "host_queued_end": 1585579234.419637}, "device": "gpu", "nd_range": {"device_start": 1585579169.2189496, "device_end": 1585579169.221236}, "cmdq": 3, "read": {"device_start": -1, "device_end": -1}}, "FFC_sans_bias67": {"write": {"device_start": -1, "host_queued_start": 1585579234.411606, "device_queued": -1, "device_end": -1, "host_queued_end": 1585579234.419637}, "device": "gpu", "nd_range": {"device_start": 1585579169.2235065, "device_end": 1585579169.2241669}, "cmdq": 4, "read": {"device_start": -1, "device_end": -1}}, "FFC_sans_bias24": {"write": {"device_start": -1, "host_queued_start": 1585579234.438164, "device_queued": -1, "device_end": -1, "host_queued_end": 1585579234.441268}, "device": "cpu", "nd_range": {"device_start": 2247008.6861742213, "device_end": 2247008.7014800753}, "cmdq": 3, "read": {"device_start": -1, "device_end": -1}}, "FFC_sans_bias25": {"write": {"device_start": -1, "host_queued_start": 1585579234.441224, "device_queued": -1, "device_end": -1, "host_queued_end": 1585579234.441268}, "device": "cpu", "nd_range": {"device_start": 2247008.701592937, "device_end": 2247008.7127445363}, "cmdq": 1, "read": {"device_start": -1, "device_end": -1}}, "FFC_sans_bias27": {"write": {"device_start": 1585579169.2142768, "host_queued_start": 1585579234.393723, "device_queued": 1585579169.2141945, "device_end": 1585579169.214339, "host_queued_end": 1585579234.419637}, "device": "gpu", "nd_range": {"device_start": 1585579169.214346, "device_end": 1585579169.2149563}, "cmdq": 0, "read": {"device_start": -1, "device_end": -1}}, "FFC_sans_bias20": {"write": {"device_start": -1, "host_queued_start": 1585579234.433986, "device_queued": -1, "device_end": -1, "host_queued_end": 1585579234.441268}, "device": "cpu", "nd_range": {"device_start": 2247008.649925616, "device_end": 2247008.671135079}, "cmdq": 1, "read": {"device_start": -1, "device_end": -1}}, "FFC_sans_bias22": {"write": {"device_start": -1, "host_queued_start": 1585579234.436309, "device_queued": -1, "device_end": -1, "host_queued_end": 1585579234.441268}, "device": "cpu", "nd_range": {"device_start": 2247008.677252532, "device_end": 2247008.685833304}, "cmdq": 2, "read": {"device_start": -1, "device_end": -1}}, "softmax68": {"write": {"device_start": -1, "host_queued_start": 1585579234.412827, "device_queued": -1, "device_end": -1, "host_queued_end": 1585579234.419637}, "device": "gpu", "nd_range": {"device_start": 1585579169.2241683, "device_end": 1585579169.2257917}, "cmdq": 4, "read": {"device_start": -1, "device_end": -1}}, "softmax5": {"write": {"device_start": -1, "host_queued_start": 1585579234.436578, "device_queued": -1, "device_end": -1, "host_queued_end": 1585579234.441268}, "device": "cpu", "nd_range": {"device_start": 2247008.679888648, "device_end": 2247008.680946091}, "cmdq": 3, "read": {"device_start": -1, "device_end": -1}}, "FFC_sans_bias28": {"write": {"device_start": 1585579169.2143695, "host_queued_start": 1585579234.394805, "device_queued": 1585579169.2142475, "device_end": 1585579169.214408, "host_queued_end": 1585579234.419637}, "device": "gpu", "nd_range": {"device_start": 1585579169.214457, "device_end": 1585579169.2153676}, "cmdq": 1, "read": {"device_start": -1, "device_end": -1}}, "FFC_sans_bias29": {"write": {"device_start": 1585579169.2144773, "host_queued_start": 1585579234.395832, "device_queued": 1585579169.2143774, "device_end": 1585579169.2145321, "host_queued_end": 1585579234.419637}, "device": "gpu", "nd_range": {"device_start": 1585579169.2146523, "device_end": 1585579169.2159247}, "cmdq": 2, "read": {"device_start": -1, "device_end": -1}}, "empty17": {"write": {"device_start": -1, "host_queued_start": 1585579234.422459, "device_queued": -1, "device_end": -1, "host_queued_end": 1585579234.441268}, "device": "cpu", "nd_range": {"device_start": 2247008.6308557983, "device_end": 2247008.6308652563}, "cmdq": 1, "read": {"device_start": -1, "device_end": -1}}, "softmax59": {"write": {"device_start": -1, "host_queued_start": 1585579234.41259, "device_queued": -1, "device_end": -1, "host_queued_end": 1585579234.419637}, "device": "gpu", "nd_range": {"device_start": 1585579169.2236373, "device_end": 1585579169.2243824}, "cmdq": 3, "read": {"device_start": -1, "device_end": -1}}, "empty71": {"write": {"device_start": 1585579169.214182, "host_queued_start": 1585579234.39272, "device_queued": 1585579169.2140815, "device_end": 1585579169.2142262, "host_queued_end": 1585579234.419637}, "device": "gpu", "nd_range": {"device_start": 1585579169.2142334, "device_end": 1585579169.2142398}, "cmdq": 4, "read": {"device_start": -1, "device_end": -1}}, "empty35": {"write": {"device_start": 1585579169.2137945, "host_queued_start": 1585579234.38904, "device_queued": 1585579169.2136416, "device_end": 1585579169.2138488, "host_queued_end": 1585579234.419637}, "device": "gpu", "nd_range": {"device_start": 1585579169.2138565, "device_end": 1585579169.2138615}, "cmdq": 0, "read": {"device_start": -1, "device_end": -1}}, "empty53": {"write": {"device_start": 1585579169.2139966, "host_queued_start": 1585579234.391011, "device_queued": 1585579169.2138188, "device_end": 1585579169.2140691, "host_queued_end": 1585579234.419637}, "device": "gpu", "nd_range": {"device_start": 1585579169.2141614, "device_end": 1585579169.2141738}, "cmdq": 2, "read": {"device_start": -1, "device_end": -1}}, "FFC_sans_bias46": {"write": {"device_start": 1585579169.2160263, "host_queued_start": 1585579234.401184, "device_queued": 1585579169.2148716, "device_end": 1585579169.2160592, "host_queued_end": 1585579234.419637}, "device": "gpu", "nd_range": {"device_start": 1585579169.216067, "device_end": 1585579169.2183337}, "cmdq": 2, "read": {"device_start": -1, "device_end": -1}}, "coalesced_transpose66": {"write": {"device_start": -1, "host_queued_start": 1585579234.410049, "device_queued": -1, "device_end": -1, "host_queued_end": 1585579234.419637}, "device": "gpu", "nd_range": {"device_start": 1585579169.2217255, "device_end": 1585579169.2235055}, "cmdq": 4, "read": {"device_start": -1, "device_end": -1}}, "coalesced_transpose48": {"write": {"device_start": -1, "host_queued_start": 1585579234.40945, "device_queued": -1, "device_end": -1, "host_queued_end": 1585579234.419637}, "device": "gpu", "nd_range": {"device_start": 1585579169.2207322, "device_end": 1585579169.221611}, "cmdq": 2, "read": {"device_start": -1, "device_end": -1}}}