{"FFC_sans_bias60": {"write": {"device_start": -1, "host_queued_start": 1585578696.102664, "device_queued": -1, "device_end": -1, "host_queued_end": 1585578696.11148}, "device": "gpu", "nd_range": {"device_start": 1585578630.9493065, "device_end": 1585578630.9499059}, "cmdq": 0, "read": {"device_start": -1, "device_end": -1}}, "FFC_sans_bias4": {"write": {"device_start": -1, "host_queued_start": 1585578696.096054, "device_queued": -1, "device_end": -1, "host_queued_end": 1585578696.11148}, "device": "gpu", "nd_range": {"device_start": 1585578630.9392214, "device_end": 1585578630.9398224}, "cmdq": 0, "read": {"device_start": -1, "device_end": -1}}, "FFC_sans_bias7": {"write": {"device_start": 1585578630.9506292, "host_queued_start": 1585578696.104004, "device_queued": 1585578630.92483, "device_end": 1585578630.9506571, "host_queued_end": 1585578696.11148}, "device": "gpu", "nd_range": {"device_start": 1585578630.9506655, "device_end": 1585578630.9512644}, "cmdq": 0, "read": {"device_start": 1585578630.9512672, "device_end": 1585578630.9512901}}, "FFC_sans_bias6": {"write": {"device_start": -1, "host_queued_start": 1585578696.100667, "device_queued": -1, "device_end": -1, "host_queued_end": 1585578696.11148}, "device": "gpu", "nd_range": {"device_start": 1585578630.9457042, "device_end": 1585578630.9463046}, "cmdq": 0, "read": {"device_start": -1, "device_end": -1}}, "FFC_sans_bias1": {"write": {"device_start": 1585578630.922282, "host_queued_start": 1585578696.070087, "device_queued": 1585578630.9209373, "device_end": 1585578630.9223125, "host_queued_end": 1585578696.11148}, "device": "gpu", "nd_range": {"device_start": 1585578630.9223192, "device_end": 1585578630.9229202}, "cmdq": 0, "read": {"device_start": -1, "device_end": -1}}, "FFC_sans_bias0": {"write": {"device_start": 1585578630.9214718, "host_queued_start": 1585578696.069049, "device_queued": 1585578630.9208827, "device_end": 1585578630.9215019, "host_queued_end": 1585578696.11148}, "device": "gpu", "nd_range": {"device_start": 1585578630.9215043, "device_end": 1585578630.922106}, "cmdq": 0, "read": {"device_start": -1, "device_end": -1}}, "FFC_sans_bias2": {"write": {"device_start": 1585578630.923012, "host_queued_start": 1585578696.071151, "device_queued": 1585578630.9213595, "device_end": 1585578630.9230366, "host_queued_end": 1585578696.11148}, "device": "gpu", "nd_range": {"device_start": 1585578630.923042, "device_end": 1585578630.9236286}, "cmdq": 0, "read": {"device_start": -1, "device_end": -1}}, "FFC_sans_bias61": {"write": {"device_start": 1585578630.9556723, "host_queued_start": 1585578696.110308, "device_queued": 1585578630.9254305, "device_end": 1585578630.9557009, "host_queued_end": 1585578696.11148}, "device": "gpu", "nd_range": {"device_start": 1585578630.9557157, "device_end": 1585578630.9563117}, "cmdq": 0, "read": {"device_start": 1585578630.956317, "device_end": 1585578630.9563391}}, "FFC_sans_bias52": {"write": {"device_start": 1585578630.9548304, "host_queued_start": 1585578696.109235, "device_queued": 1585578630.9252772, "device_end": 1585578630.95486, "host_queued_end": 1585578696.11148}, "device": "gpu", "nd_range": {"device_start": 1585578630.954868, "device_end": 1585578630.9554737}, "cmdq": 0, "read": {"device_start": 1585578630.9554772, "device_end": 1585578630.9554996}}, "FFC_sans_bias9": {"write": {"device_start": 1585578630.923747, "host_queued_start": 1585578696.07219, "device_queued": 1585578630.9214237, "device_end": 1585578630.9237714, "host_queued_end": 1585578696.11148}, "device": "gpu", "nd_range": {"device_start": 1585578630.9237764, "device_end": 1585578630.9243753}, "cmdq": 0, "read": {"device_start": -1, "device_end": -1}}, "coalesced_transpose39": {"write": {"device_start": -1, "host_queued_start": 1585578696.094827, "device_queued": -1, "device_end": -1, "host_queued_end": 1585578696.11148}, "device": "gpu", "nd_range": {"device_start": 1585578630.9391825, "device_end": 1585578630.9391909}, "cmdq": 0, "read": {"device_start": -1, "device_end": -1}}, "FFC_sans_bias55": {"write": {"device_start": 1585578630.936325, "host_queued_start": 1585578696.090115, "device_queued": 1585578630.9231656, "device_end": 1585578630.9363542, "host_queued_end": 1585578696.11148}, "device": "gpu", "nd_range": {"device_start": 1585578630.93636, "device_end": 1585578630.9369457}, "cmdq": 0, "read": {"device_start": -1, "device_end": -1}}, "FFC_sans_bias54": {"write": {"device_start": 1585578630.9355743, "host_queued_start": 1585578696.08908, "device_queued": 1585578630.9229867, "device_end": 1585578630.9356043, "host_queued_end": 1585578696.11148}, "device": "gpu", "nd_range": {"device_start": 1585578630.935611, "device_end": 1585578630.9362085}, "cmdq": 0, "read": {"device_start": -1, "device_end": -1}}, "FFC_sans_bias56": {"write": {"device_start": 1585578630.9348207, "host_queued_start": 1585578696.088042, "device_queued": 1585578630.9229214, "device_end": 1585578630.9348493, "host_queued_end": 1585578696.11148}, "device": "gpu", "nd_range": {"device_start": 1585578630.9348543, "device_end": 1585578630.9354558}, "cmdq": 0, "read": {"device_start": -1, "device_end": -1}}, "FFC_sans_bias51": {"write": {"device_start": -1, "host_queued_start": 1585578696.102344, "device_queued": -1, "device_end": -1, "host_queued_end": 1585578696.11148}, "device": "gpu", "nd_range": {"device_start": 1585578630.9487069, "device_end": 1585578630.9493055}, "cmdq": 0, "read": {"device_start": -1, "device_end": -1}}, "softmax23": {"write": {"device_start": -1, "host_queued_start": 1585578696.099083, "device_queued": -1, "device_end": -1, "host_queued_end": 1585578696.11148}, "device": "gpu", "nd_range": {"device_start": 1585578630.9444373, "device_end": 1585578630.9446473}, "cmdq": 0, "read": {"device_start": -1, "device_end": -1}}, "FFC_sans_bias37": {"write": {"device_start": 1585578630.9310565, "host_queued_start": 1585578696.082857, "device_queued": 1585578630.922433, "device_end": 1585578630.9310868, "host_queued_end": 1585578696.11148}, "device": "gpu", "nd_range": {"device_start": 1585578630.931093, "device_end": 1585578630.9316907}, "cmdq": 0, "read": {"device_start": -1, "device_end": -1}}, "empty62": {"write": {"device_start": 1585578630.9211237, "host_queued_start": 1585578696.067256, "device_queued": 1585578630.9206443, "device_end": 1585578630.9211504, "host_queued_end": 1585578696.11148}, "device": "gpu", "nd_range": {"device_start": 1585578630.9211533, "device_end": 1585578630.921157}, "cmdq": 0, "read": {"device_start": -1, "device_end": -1}}, "FFC_sans_bias70": {"write": {"device_start": 1585578630.9565115, "host_queued_start": 1585578696.111372, "device_queued": 1585578630.925478, "device_end": 1585578630.9565408, "host_queued_end": 1585578696.11148}, "device": "gpu", "nd_range": {"device_start": 1585578630.9565485, "device_end": 1585578630.957146}, "cmdq": 0, "read": {"device_start": 1585578630.9571548, "device_end": 1585578630.9571767}}, "FFC_sans_bias58": {"write": {"device_start": -1, "host_queued_start": 1585578696.09799, "device_queued": -1, "device_end": -1, "host_queued_end": 1585578696.11148}, "device": "gpu", "nd_range": {"device_start": 1585578630.9428256, "device_end": 1585578630.9434226}, "cmdq": 0, "read": {"device_start": -1, "device_end": -1}}, "softmax41": {"write": {"device_start": -1, "host_queued_start": 1585578696.099603, "device_queued": -1, "device_end": -1, "host_queued_end": 1585578696.11148}, "device": "gpu", "nd_range": {"device_start": 1585578630.9448595, "device_end": 1585578630.945069}, "cmdq": 0, "read": {"device_start": -1, "device_end": -1}}, "FFC_sans_bias11": {"write": {"device_start": 1585578630.9252803, "host_queued_start": 1585578696.074446, "device_queued": 1585578630.9216776, "device_end": 1585578630.9253051, "host_queued_end": 1585578696.11148}, "device": "gpu", "nd_range": {"device_start": 1585578630.9253109, "device_end": 1585578630.9258974}, "cmdq": 0, "read": {"device_start": -1, "device_end": -1}}, "FFC_sans_bias10": {"write": {"device_start": 1585578630.9245443, "host_queued_start": 1585578696.0734, "device_queued": 1585578630.9216263, "device_end": 1585578630.9245694, "host_queued_end": 1585578696.11148}, "device": "gpu", "nd_range": {"device_start": 1585578630.924576, "device_end": 1585578630.9251652}, "cmdq": 0, "read": {"device_start": -1, "device_end": -1}}, "coalesced_transpose3": {"write": {"device_start": -1, "host_queued_start": 1585578696.093597, "device_queued": -1, "device_end": -1, "host_queued_end": 1585578696.11148}, "device": "gpu", "nd_range": {"device_start": 1585578630.9391434, "device_end": 1585578630.9391525}, "cmdq": 0, "read": {"device_start": -1, "device_end": -1}}, "FFC_sans_bias34": {"write": {"device_start": 1585578630.9531498, "host_queued_start": 1585578696.107145, "device_queued": 1585578630.925064, "device_end": 1585578630.953179, "host_queued_end": 1585578696.11148}, "device": "gpu", "nd_range": {"device_start": 1585578630.9531868, "device_end": 1585578630.9537926}, "cmdq": 0, "read": {"device_start": 1585578630.953796, "device_end": 1585578630.9538186}}, "FFC_sans_bias15": {"write": {"device_start": -1, "host_queued_start": 1585578696.101069, "device_queued": -1, "device_end": -1, "host_queued_end": 1585578696.11148}, "device": "gpu", "nd_range": {"device_start": 1585578630.9463067, "device_end": 1585578630.9469044}, "cmdq": 0, "read": {"device_start": -1, "device_end": -1}}, "FFC_sans_bias31": {"write": {"device_start": -1, "host_queued_start": 1585578696.097041, "device_queued": -1, "device_end": -1, "host_queued_end": 1585578696.11148}, "device": "gpu", "nd_range": {"device_start": 1585578630.9410229, "device_end": 1585578630.941624}, "cmdq": 0, "read": {"device_start": -1, "device_end": -1}}, "FFC_sans_bias16": {"write": {"device_start": 1585578630.9514697, "host_queued_start": 1585578696.105064, "device_queued": 1585578630.924878, "device_end": 1585578630.9514983, "host_queued_end": 1585578696.11148}, "device": "gpu", "nd_range": {"device_start": 1585578630.951502, "device_end": 1585578630.9520984}, "cmdq": 0, "read": {"device_start": 1585578630.9521062, "device_end": 1585578630.9521286}}, "FFC_sans_bias19": {"write": {"device_start": 1585578630.9266994, "host_queued_start": 1585578696.076575, "device_queued": 1585578630.9218469, "device_end": 1585578630.9267237, "host_queued_end": 1585578696.11148}, "device": "gpu", "nd_range": {"device_start": 1585578630.92673, "device_end": 1585578630.927326}, "cmdq": 0, "read": {"device_start": -1, "device_end": -1}}, "FFC_sans_bias18": {"write": {"device_start": 1585578630.9259968, "host_queued_start": 1585578696.075542, "device_queued": 1585578630.9218152, "device_end": 1585578630.9260201, "host_queued_end": 1585578696.11148}, "device": "gpu", "nd_range": {"device_start": 1585578630.9260263, "device_end": 1585578630.9266229}, "cmdq": 0, "read": {"device_start": -1, "device_end": -1}}, "coalesced_transpose30": {"write": {"device_start": -1, "host_queued_start": 1585578696.094513, "device_queued": -1, "device_end": -1, "host_queued_end": 1585578696.11148}, "device": "gpu", "nd_range": {"device_start": 1585578630.939173, "device_end": 1585578630.939181}, "cmdq": 0, "read": {"device_start": -1, "device_end": -1}}, "FFC_sans_bias69": {"write": {"device_start": -1, "host_queued_start": 1585578696.102982, "device_queued": -1, "device_end": -1, "host_queued_end": 1585578696.11148}, "device": "gpu", "nd_range": {"device_start": 1585578630.9499075, "device_end": 1585578630.950508}, "cmdq": 0, "read": {"device_start": -1, "device_end": -1}}, "FFC_sans_bias38": {"write": {"device_start": 1585578630.9318092, "host_queued_start": 1585578696.083898, "device_queued": 1585578630.9225934, "device_end": 1585578630.931838, "host_queued_end": 1585578696.11148}, "device": "gpu", "nd_range": {"device_start": 1585578630.931841, "device_end": 1585578630.9324555}, "cmdq": 0, "read": {"device_start": -1, "device_end": -1}}, "coalesced_transpose57": {"write": {"device_start": -1, "host_queued_start": 1585578696.095436, "device_queued": -1, "device_end": -1, "host_queued_end": 1585578696.11148}, "device": "gpu", "nd_range": {"device_start": 1585578630.939201, "device_end": 1585578630.93921}, "cmdq": 0, "read": {"device_start": -1, "device_end": -1}}, "empty26": {"write": {"device_start": 1585578630.9204981, "host_queued_start": 1585578696.063958, "device_queued": 1585578630.9202437, "device_end": 1585578630.920527, "host_queued_end": 1585578696.11148}, "device": "gpu", "nd_range": {"device_start": 1585578630.9205322, "device_end": 1585578630.9205413}, "cmdq": 0, "read": {"device_start": -1, "device_end": -1}}, "coalesced_transpose12": {"write": {"device_start": -1, "host_queued_start": 1585578696.093904, "device_queued": -1, "device_end": -1, "host_queued_end": 1585578696.11148}, "device": "gpu", "nd_range": {"device_start": 1585578630.9391534, "device_end": 1585578630.9391623}, "cmdq": 0, "read": {"device_start": -1, "device_end": -1}}, "empty44": {"write": {"device_start": 1585578630.9208093, "host_queued_start": 1585578696.065573, "device_queued": 1585578630.9205542, "device_end": 1585578630.9208384, "host_queued_end": 1585578696.11148}, "device": "gpu", "nd_range": {"device_start": 1585578630.9208426, "device_end": 1585578630.920846}, "cmdq": 0, "read": {"device_start": -1, "device_end": -1}}, "coalesced_transpose21": {"write": {"device_start": -1, "host_queued_start": 1585578696.094204, "device_queued": -1, "device_end": -1, "host_queued_end": 1585578696.11148}, "device": "gpu", "nd_range": {"device_start": 1585578630.9391637, "device_end": 1585578630.939172}, "cmdq": 0, "read": {"device_start": -1, "device_end": -1}}, "FFC_sans_bias36": {"write": {"device_start": 1585578630.9303048, "host_queued_start": 1585578696.081828, "device_queued": 1585578630.9223816, "device_end": 1585578630.9303343, "host_queued_end": 1585578696.11148}, "device": "gpu", "nd_range": {"device_start": 1585578630.9303393, "device_end": 1585578630.9309344}, "cmdq": 0, "read": {"device_start": -1, "device_end": -1}}, "softmax14": {"write": {"device_start": -1, "host_queued_start": 1585578696.098831, "device_queued": -1, "device_end": -1, "host_queued_end": 1585578696.11148}, "device": "gpu", "nd_range": {"device_start": 1585578630.9442267, "device_end": 1585578630.944436}, "cmdq": 0, "read": {"device_start": -1, "device_end": -1}}, "FFC_sans_bias13": {"write": {"device_start": -1, "host_queued_start": 1585578696.096385, "device_queued": -1, "device_end": -1, "host_queued_end": 1585578696.11148}, "device": "gpu", "nd_range": {"device_start": 1585578630.9398234, "device_end": 1585578630.940421}, "cmdq": 0, "read": {"device_start": -1, "device_end": -1}}, "empty8": {"write": {"device_start": 1585578630.920151, "host_queued_start": 1585578696.062053, "device_queued": 1585578630.9200408, "device_end": 1585578630.9201803, "host_queued_end": 1585578696.11148}, "device": "gpu", "nd_range": {"device_start": 1585578630.9201837, "device_end": 1585578630.9201882}, "cmdq": 0, "read": {"device_start": -1, "device_end": -1}}, "FFC_sans_bias42": {"write": {"device_start": -1, "host_queued_start": 1585578696.102026, "device_queued": -1, "device_end": -1, "host_queued_end": 1585578696.11148}, "device": "gpu", "nd_range": {"device_start": 1585578630.9481049, "device_end": 1585578630.9487057}, "cmdq": 0, "read": {"device_start": -1, "device_end": -1}}, "FFC_sans_bias43": {"write": {"device_start": 1585578630.9539976, "host_queued_start": 1585578696.108189, "device_queued": 1585578630.925205, "device_end": 1585578630.9540272, "host_queued_end": 1585578696.11148}, "device": "gpu", "nd_range": {"device_start": 1585578630.9540296, "device_end": 1585578630.9546282}, "cmdq": 0, "read": {"device_start": 1585578630.9546347, "device_end": 1585578630.9546568}}, "FFC_sans_bias40": {"write": {"device_start": -1, "host_queued_start": 1585578696.097363, "device_queued": -1, "device_end": -1, "host_queued_end": 1585578696.11148}, "device": "gpu", "nd_range": {"device_start": 1585578630.941625, "device_end": 1585578630.9422255}, "cmdq": 0, "read": {"device_start": -1, "device_end": -1}}, "softmax32": {"write": {"device_start": -1, "host_queued_start": 1585578696.09936, "device_queued": -1, "device_end": -1, "host_queued_end": 1585578696.11148}, "device": "gpu", "nd_range": {"device_start": 1585578630.9446485, "device_end": 1585578630.9448586}, "cmdq": 0, "read": {"device_start": -1, "device_end": -1}}, "FFC_sans_bias47": {"write": {"device_start": 1585578630.934068, "host_queued_start": 1585578696.087014, "device_queued": 1585578630.9228044, "device_end": 1585578630.9340987, "host_queued_end": 1585578696.11148}, "device": "gpu", "nd_range": {"device_start": 1585578630.9341016, "device_end": 1585578630.9347026}, "cmdq": 0, "read": {"device_start": -1, "device_end": -1}}, "FFC_sans_bias45": {"write": {"device_start": 1585578630.932573, "host_queued_start": 1585578696.084934, "device_queued": 1585578630.9226432, "device_end": 1585578630.9326038, "host_queued_end": 1585578696.11148}, "device": "gpu", "nd_range": {"device_start": 1585578630.9326065, "device_end": 1585578630.9332063}, "cmdq": 0, "read": {"device_start": -1, "device_end": -1}}, "softmax50": {"write": {"device_start": -1, "host_queued_start": 1585578696.099856, "device_queued": -1, "device_end": -1, "host_queued_end": 1585578696.11148}, "device": "gpu", "nd_range": {"device_start": 1585578630.9450705, "device_end": 1585578630.9452808}, "cmdq": 0, "read": {"device_start": -1, "device_end": -1}}, "FFC_sans_bias33": {"write": {"device_start": -1, "host_queued_start": 1585578696.10171, "device_queued": -1, "device_end": -1, "host_queued_end": 1585578696.11148}, "device": "gpu", "nd_range": {"device_start": 1585578630.9475043, "device_end": 1585578630.9481027}, "cmdq": 0, "read": {"device_start": -1, "device_end": -1}}, "FFC_sans_bias63": {"write": {"device_start": 1585578630.9385204, "host_queued_start": 1585578696.093268, "device_queued": 1585578630.9233735, "device_end": 1585578630.9385443, "host_queued_end": 1585578696.11148}, "device": "gpu", "nd_range": {"device_start": 1585578630.938551, "device_end": 1585578630.9391422}, "cmdq": 0, "read": {"device_start": -1, "device_end": -1}}, "FFC_sans_bias49": {"write": {"device_start": -1, "host_queued_start": 1585578696.097674, "device_queued": -1, "device_end": -1, "host_queued_end": 1585578696.11148}, "device": "gpu", "nd_range": {"device_start": 1585578630.9422276, "device_end": 1585578630.9428241}, "cmdq": 0, "read": {"device_start": -1, "device_end": -1}}, "FFC_sans_bias64": {"write": {"device_start": 1585578630.9370542, "host_queued_start": 1585578696.091192, "device_queued": 1585578630.923222, "device_end": 1585578630.9370847, "host_queued_end": 1585578696.11148}, "device": "gpu", "nd_range": {"device_start": 1585578630.9370875, "device_end": 1585578630.9376824}, "cmdq": 0, "read": {"device_start": -1, "device_end": -1}}, "FFC_sans_bias65": {"write": {"device_start": 1585578630.9377882, "host_queued_start": 1585578696.092235, "device_queued": 1585578630.9233394, "device_end": 1585578630.9378169, "host_queued_end": 1585578696.11148}, "device": "gpu", "nd_range": {"device_start": 1585578630.9378219, "device_end": 1585578630.9384234}, "cmdq": 0, "read": {"device_start": -1, "device_end": -1}}, "FFC_sans_bias67": {"write": {"device_start": -1, "host_queued_start": 1585578696.09832, "device_queued": -1, "device_end": -1, "host_queued_end": 1585578696.11148}, "device": "gpu", "nd_range": {"device_start": 1585578630.9434237, "device_end": 1585578630.9440124}, "cmdq": 0, "read": {"device_start": -1, "device_end": -1}}, "FFC_sans_bias24": {"write": {"device_start": -1, "host_queued_start": 1585578696.101389, "device_queued": -1, "device_end": -1, "host_queued_end": 1585578696.11148}, "device": "gpu", "nd_range": {"device_start": 1585578630.9469056, "device_end": 1585578630.9475029}, "cmdq": 0, "read": {"device_start": -1, "device_end": -1}}, "FFC_sans_bias25": {"write": {"device_start": 1585578630.9523082, "host_queued_start": 1585578696.106103, "device_queued": 1585578630.9250119, "device_end": 1585578630.952337, "host_queued_end": 1585578696.11148}, "device": "gpu", "nd_range": {"device_start": 1585578630.9523516, "device_end": 1585578630.9529479}, "cmdq": 0, "read": {"device_start": 1585578630.952953, "device_end": 1585578630.9529755}}, "FFC_sans_bias27": {"write": {"device_start": 1585578630.9281523, "host_queued_start": 1585578696.078705, "device_queued": 1585578630.922013, "device_end": 1585578630.9281769, "host_queued_end": 1585578696.11148}, "device": "gpu", "nd_range": {"device_start": 1585578630.928182, "device_end": 1585578630.9287796}, "cmdq": 0, "read": {"device_start": -1, "device_end": -1}}, "FFC_sans_bias20": {"write": {"device_start": 1585578630.9274304, "host_queued_start": 1585578696.077622, "device_queued": 1585578630.921973, "device_end": 1585578630.9274535, "host_queued_end": 1585578696.11148}, "device": "gpu", "nd_range": {"device_start": 1585578630.92746, "device_end": 1585578630.9280508}, "cmdq": 0, "read": {"device_start": -1, "device_end": -1}}, "FFC_sans_bias22": {"write": {"device_start": -1, "host_queued_start": 1585578696.096711, "device_queued": -1, "device_end": -1, "host_queued_end": 1585578696.11148}, "device": "gpu", "nd_range": {"device_start": 1585578630.9404223, "device_end": 1585578630.9410212}, "cmdq": 0, "read": {"device_start": -1, "device_end": -1}}, "softmax68": {"write": {"device_start": -1, "host_queued_start": 1585578696.100351, "device_queued": -1, "device_end": -1, "host_queued_end": 1585578696.11148}, "device": "gpu", "nd_range": {"device_start": 1585578630.945494, "device_end": 1585578630.945703}, "cmdq": 0, "read": {"device_start": -1, "device_end": -1}}, "softmax5": {"write": {"device_start": -1, "host_queued_start": 1585578696.098575, "device_queued": -1, "device_end": -1, "host_queued_end": 1585578696.11148}, "device": "gpu", "nd_range": {"device_start": 1585578630.9440136, "device_end": 1585578630.9442253}, "cmdq": 0, "read": {"device_start": -1, "device_end": -1}}, "FFC_sans_bias28": {"write": {"device_start": 1585578630.9288654, "host_queued_start": 1585578696.07975, "device_queued": 1585578630.9221857, "device_end": 1585578630.928889, "host_queued_end": 1585578696.11148}, "device": "gpu", "nd_range": {"device_start": 1585578630.9288936, "device_end": 1585578630.929482}, "cmdq": 0, "read": {"device_start": -1, "device_end": -1}}, "FFC_sans_bias29": {"write": {"device_start": 1585578630.929585, "host_queued_start": 1585578696.080789, "device_queued": 1585578630.922245, "device_end": 1585578630.9296093, "host_queued_end": 1585578696.11148}, "device": "gpu", "nd_range": {"device_start": 1585578630.9296165, "device_end": 1585578630.9302027}, "cmdq": 0, "read": {"device_start": -1, "device_end": -1}}, "empty17": {"write": {"device_start": 1585578630.9202993, "host_queued_start": 1585578696.063123, "device_queued": 1585578630.920204, "device_end": 1585578630.9203236, "host_queued_end": 1585578696.11148}, "device": "gpu", "nd_range": {"device_start": 1585578630.9203293, "device_end": 1585578630.9203327}, "cmdq": 0, "read": {"device_start": -1, "device_end": -1}}, "softmax59": {"write": {"device_start": -1, "host_queued_start": 1585578696.100109, "device_queued": -1, "device_end": -1, "host_queued_end": 1585578696.11148}, "device": "gpu", "nd_range": {"device_start": 1585578630.9452827, "device_end": 1585578630.9454925}, "cmdq": 0, "read": {"device_start": -1, "device_end": -1}}, "empty71": {"write": {"device_start": 1585578630.9212906, "host_queued_start": 1585578696.068071, "device_queued": 1585578630.9206898, "device_end": 1585578630.921317, "host_queued_end": 1585578696.11148}, "device": "gpu", "nd_range": {"device_start": 1585578630.921321, "device_end": 1585578630.9213245}, "cmdq": 0, "read": {"device_start": -1, "device_end": -1}}, "empty35": {"write": {"device_start": 1585578630.9206529, "host_queued_start": 1585578696.064767, "device_queued": 1585578630.9203079, "device_end": 1585578630.9206765, "host_queued_end": 1585578696.11148}, "device": "gpu", "nd_range": {"device_start": 1585578630.9206862, "device_end": 1585578630.9206898}, "cmdq": 0, "read": {"device_start": -1, "device_end": -1}}, "empty53": {"write": {"device_start": 1585578630.9209652, "host_queued_start": 1585578696.066388, "device_queued": 1585578630.9206088, "device_end": 1585578630.9209893, "host_queued_end": 1585578696.11148}, "device": "gpu", "nd_range": {"device_start": 1585578630.9209974, "device_end": 1585578630.921001}, "cmdq": 0, "read": {"device_start": -1, "device_end": -1}}, "FFC_sans_bias46": {"write": {"device_start": 1585578630.9333246, "host_queued_start": 1585578696.085967, "device_queued": 1585578630.9227715, "device_end": 1585578630.9333541, "host_queued_end": 1585578696.11148}, "device": "gpu", "nd_range": {"device_start": 1585578630.9333575, "device_end": 1585578630.9339602}, "cmdq": 0, "read": {"device_start": -1, "device_end": -1}}, "coalesced_transpose66": {"write": {"device_start": -1, "host_queued_start": 1585578696.095739, "device_queued": -1, "device_end": -1, "host_queued_end": 1585578696.11148}, "device": "gpu", "nd_range": {"device_start": 1585578630.939211, "device_end": 1585578630.93922}, "cmdq": 0, "read": {"device_start": -1, "device_end": -1}}, "coalesced_transpose48": {"write": {"device_start": -1, "host_queued_start": 1585578696.095132, "device_queued": -1, "device_end": -1, "host_queued_end": 1585578696.11148}, "device": "gpu", "nd_range": {"device_start": 1585578630.9391918, "device_end": 1585578630.9392002}, "cmdq": 0, "read": {"device_start": -1, "device_end": -1}}}