{"FFC_sans_bias60": {"write": {"device_start": -1, "host_queued_start": 1585578900.716262, "device_queued": -1, "device_end": -1, "host_queued_end": 1585578900.724026}, "device": "gpu", "nd_range": {"device_start": 1585578835.54485, "device_end": 1585578835.5462558}, "cmdq": 0, "read": {"device_start": -1, "device_end": -1}}, "FFC_sans_bias4": {"write": {"device_start": -1, "host_queued_start": 1585578900.730467, "device_queued": -1, "device_end": -1, "host_queued_end": 1585578900.732274}, "device": "cpu", "nd_range": {"device_start": 2246674.9341848004, "device_end": 2246674.938362334}, "cmdq": 1, "read": {"device_start": -1, "device_end": -1}}, "FFC_sans_bias7": {"write": {"device_start": -1, "host_queued_start": 1585578900.732225, "device_queued": -1, "device_end": -1, "host_queued_end": 1585578900.732274}, "device": "cpu", "nd_range": {"device_start": 2246674.943475353, "device_end": 2246674.947721384}, "cmdq": 0, "read": {"device_start": -1, "device_end": -1}}, "FFC_sans_bias6": {"write": {"device_start": -1, "host_queued_start": 1585578900.731112, "device_queued": -1, "device_end": -1, "host_queued_end": 1585578900.732274}, "device": "cpu", "nd_range": {"device_start": 2246674.938660568, "device_end": 2246674.943467887}, "cmdq": 1, "read": {"device_start": -1, "device_end": -1}}, "FFC_sans_bias1": {"write": {"device_start": -1, "host_queued_start": 1585578900.728518, "device_queued": -1, "device_end": -1, "host_queued_end": 1585578900.732274}, "device": "cpu", "nd_range": {"device_start": 2246674.9218463013, "device_end": 2246674.931259899}, "cmdq": 0, "read": {"device_start": -1, "device_end": -1}}, "FFC_sans_bias0": {"write": {"device_start": -1, "host_queued_start": 1585578900.727066, "device_queued": -1, "device_end": -1, "host_queued_end": 1585578900.732274}, "device": "cpu", "nd_range": {"device_start": 2246674.921838624, "device_end": 2246674.9280932453}, "cmdq": 1, "read": {"device_start": -1, "device_end": -1}}, "FFC_sans_bias2": {"write": {"device_start": -1, "host_queued_start": 1585578900.729761, "device_queued": -1, "device_end": -1, "host_queued_end": 1585578900.732274}, "device": "cpu", "nd_range": {"device_start": 2246674.928675195, "device_end": 2246674.934167231}, "cmdq": 1, "read": {"device_start": -1, "device_end": -1}}, "FFC_sans_bias61": {"write": {"device_start": 1585578835.5478914, "host_queued_start": 1585578900.722883, "device_queued": 1585578835.5322347, "device_end": 1585578835.5479426, "host_queued_end": 1585578900.724026}, "device": "gpu", "nd_range": {"device_start": 1585578835.5479553, "device_end": 1585578835.5486512}, "cmdq": 1, "read": {"device_start": 1585578835.5486562, "device_end": 1585578835.5486784}}, "FFC_sans_bias52": {"write": {"device_start": 1585578835.5474036, "host_queued_start": 1585578900.721843, "device_queued": 1585578835.5322006, "device_end": 1585578835.5474286, "host_queued_end": 1585578900.724026}, "device": "gpu", "nd_range": {"device_start": 1585578835.5474403, "device_end": 1585578835.5481987}, "cmdq": 0, "read": {"device_start": 1585578835.5482025, "device_end": 1585578835.5482268}}, "FFC_sans_bias9": {"write": {"device_start": 1585578835.5279944, "host_queued_start": 1585578900.687163, "device_queued": 1585578835.5277114, "device_end": 1585578835.528054, "host_queued_end": 1585578900.724026}, "device": "gpu", "nd_range": {"device_start": 1585578835.528058, "device_end": 1585578835.5286646}, "cmdq": 1, "read": {"device_start": -1, "device_end": -1}}, "coalesced_transpose39": {"write": {"device_start": -1, "host_queued_start": 1585578900.709442, "device_queued": -1, "device_end": -1, "host_queued_end": 1585578900.724026}, "device": "gpu", "nd_range": {"device_start": 1585578835.5377192, "device_end": 1585578835.5377402}, "cmdq": 1, "read": {"device_start": -1, "device_end": -1}}, "FFC_sans_bias55": {"write": {"device_start": 1585578835.5356288, "host_queued_start": 1585578900.705095, "device_queued": 1585578835.5297735, "device_end": 1585578835.5356555, "host_queued_end": 1585578900.724026}, "device": "gpu", "nd_range": {"device_start": 1585578835.535659, "device_end": 1585578835.536851}, "cmdq": 0, "read": {"device_start": -1, "device_end": -1}}, "FFC_sans_bias54": {"write": {"device_start": 1585578835.535527, "host_queued_start": 1585578900.704068, "device_queued": 1585578835.5295556, "device_end": 1585578835.5355961, "host_queued_end": 1585578900.724026}, "device": "gpu", "nd_range": {"device_start": 1585578835.5356073, "device_end": 1585578835.5363925}, "cmdq": 2, "read": {"device_start": -1, "device_end": -1}}, "FFC_sans_bias56": {"write": {"device_start": 1585578835.5345166, "host_queued_start": 1585578900.703033, "device_queued": 1585578835.5295308, "device_end": 1585578835.5345433, "host_queued_end": 1585578900.724026}, "device": "gpu", "nd_range": {"device_start": 1585578835.5345516, "device_end": 1585578835.5358806}, "cmdq": 1, "read": {"device_start": -1, "device_end": -1}}, "FFC_sans_bias51": {"write": {"device_start": -1, "host_queued_start": 1585578900.715945, "device_queued": -1, "device_end": -1, "host_queued_end": 1585578900.724026}, "device": "gpu", "nd_range": {"device_start": 1585578835.542897, "device_end": 1585578835.5438612}, "cmdq": 2, "read": {"device_start": -1, "device_end": -1}}, "softmax23": {"write": {"device_start": -1, "host_queued_start": 1585578900.713104, "device_queued": -1, "device_end": -1, "host_queued_end": 1585578900.724026}, "device": "gpu", "nd_range": {"device_start": 1585578835.540955, "device_end": 1585578835.5421014}, "cmdq": 1, "read": {"device_start": -1, "device_end": -1}}, "FFC_sans_bias37": {"write": {"device_start": 1585578835.532134, "host_queued_start": 1585578900.697793, "device_queued": 1585578835.5289123, "device_end": 1585578835.53216, "host_queued_end": 1585578900.724026}, "device": "gpu", "nd_range": {"device_start": 1585578835.532164, "device_end": 1585578835.5334673}, "cmdq": 2, "read": {"device_start": -1, "device_end": -1}}, "empty62": {"write": {"device_start": 1585578835.5277908, "host_queued_start": 1585578900.685339, "device_queued": 1585578835.5275946, "device_end": 1585578835.5278647, "host_queued_end": 1585578900.724026}, "device": "gpu", "nd_range": {"device_start": 1585578835.5278692, "device_end": 1585578835.5278745}, "cmdq": 2, "read": {"device_start": -1, "device_end": -1}}, "FFC_sans_bias70": {"write": {"device_start": 1585578835.5480149, "host_queued_start": 1585578900.723927, "device_queued": 1585578835.5323925, "device_end": 1585578835.5480397, "host_queued_end": 1585578900.724026}, "device": "gpu", "nd_range": {"device_start": 1585578835.54805, "device_end": 1585578835.5491414}, "cmdq": 2, "read": {"device_start": 1585578835.5491493, "device_end": 1585578835.5491712}}, "FFC_sans_bias58": {"write": {"device_start": -1, "host_queued_start": 1585578900.71229, "device_queued": -1, "device_end": -1, "host_queued_end": 1585578900.724026}, "device": "gpu", "nd_range": {"device_start": 1585578835.53944, "device_end": 1585578835.5409446}, "cmdq": 1, "read": {"device_start": -1, "device_end": -1}}, "softmax41": {"write": {"device_start": -1, "host_queued_start": 1585578900.713604, "device_queued": -1, "device_end": -1, "host_queued_end": 1585578900.724026}, "device": "gpu", "nd_range": {"device_start": 1585578835.5421257, "device_end": 1585578835.5423684}, "cmdq": 0, "read": {"device_start": -1, "device_end": -1}}, "FFC_sans_bias11": {"write": {"device_start": 1585578835.5281808, "host_queued_start": 1585578900.689251, "device_queued": 1585578835.5280828, "device_end": 1585578835.5282128, "host_queued_end": 1585578900.724026}, "device": "gpu", "nd_range": {"device_start": 1585578835.528272, "device_end": 1585578835.529641}, "cmdq": 0, "read": {"device_start": -1, "device_end": -1}}, "FFC_sans_bias10": {"write": {"device_start": 1585578835.5280871, "host_queued_start": 1585578900.688206, "device_queued": 1585578835.5279925, "device_end": 1585578835.5281394, "host_queued_end": 1585578900.724026}, "device": "gpu", "nd_range": {"device_start": 1585578835.5281434, "device_end": 1585578835.5290706}, "cmdq": 2, "read": {"device_start": -1, "device_end": -1}}, "coalesced_transpose3": {"write": {"device_start": -1, "host_queued_start": 1585578900.730101, "device_queued": -1, "device_end": -1, "host_queued_end": 1585578900.732274}, "device": "cpu", "nd_range": {"device_start": 2246674.9313774672, "device_end": 2246674.931613186}, "cmdq": 0, "read": {"device_start": -1, "device_end": -1}}, "FFC_sans_bias34": {"write": {"device_start": 1585578835.5464325, "host_queued_start": 1585578900.71976, "device_queued": 1585578835.5319066, "device_end": 1585578835.546459, "host_queued_end": 1585578900.724026}, "device": "gpu", "nd_range": {"device_start": 1585578835.54647, "device_end": 1585578835.5476937}, "cmdq": 1, "read": {"device_start": 1585578835.547699, "device_end": 1585578835.5477242}}, "FFC_sans_bias15": {"write": {"device_start": -1, "host_queued_start": 1585578900.714681, "device_queued": -1, "device_end": -1, "host_queued_end": 1585578900.724026}, "device": "gpu", "nd_range": {"device_start": 1585578835.5423484, "device_end": 1585578835.5432937}, "cmdq": 1, "read": {"device_start": -1, "device_end": -1}}, "FFC_sans_bias31": {"write": {"device_start": -1, "host_queued_start": 1585578900.71134, "device_queued": -1, "device_end": -1, "host_queued_end": 1585578900.724026}, "device": "gpu", "nd_range": {"device_start": 1585578835.5384266, "device_end": 1585578835.539428}, "cmdq": 1, "read": {"device_start": -1, "device_end": -1}}, "FFC_sans_bias16": {"write": {"device_start": 1585578835.5439432, "host_queued_start": 1585578900.717672, "device_queued": 1585578835.5316594, "device_end": 1585578835.5439699, "host_queued_end": 1585578900.724026}, "device": "gpu", "nd_range": {"device_start": 1585578835.5439823, "device_end": 1585578835.5452745}, "cmdq": 2, "read": {"device_start": 1585578835.5452769, "device_end": 1585578835.5453017}}, "FFC_sans_bias19": {"write": {"device_start": 1585578835.5292006, "host_queued_start": 1585578900.691559, "device_queued": 1585578835.5283074, "device_end": 1585578835.52923, "host_queued_end": 1585578900.724026}, "device": "gpu", "nd_range": {"device_start": 1585578835.529234, "device_end": 1585578835.5306215}, "cmdq": 2, "read": {"device_start": -1, "device_end": -1}}, "FFC_sans_bias18": {"write": {"device_start": 1585578835.5287569, "host_queued_start": 1585578900.690485, "device_queued": 1585578835.5282807, "device_end": 1585578835.5287876, "host_queued_end": 1585578900.724026}, "device": "gpu", "nd_range": {"device_start": 1585578835.52879, "device_end": 1585578835.530058}, "cmdq": 1, "read": {"device_start": -1, "device_end": -1}}, "coalesced_transpose30": {"write": {"device_start": -1, "host_queued_start": 1585578900.709141, "device_queued": -1, "device_end": -1, "host_queued_end": 1585578900.724026}, "device": "gpu", "nd_range": {"device_start": 1585578835.538387, "device_end": 1585578835.5384102}, "cmdq": 0, "read": {"device_start": -1, "device_end": -1}}, "FFC_sans_bias69": {"write": {"device_start": -1, "host_queued_start": 1585578900.716653, "device_queued": -1, "device_end": -1, "host_queued_end": 1585578900.724026}, "device": "gpu", "nd_range": {"device_start": 1585578835.5443003, "device_end": 1585578835.5457644}, "cmdq": 1, "read": {"device_start": -1, "device_end": -1}}, "FFC_sans_bias38": {"write": {"device_start": 1585578835.5325959, "host_queued_start": 1585578900.698853, "device_queued": 1585578835.5290935, "device_end": 1585578835.532622, "host_queued_end": 1585578900.724026}, "device": "gpu", "nd_range": {"device_start": 1585578835.532627, "device_end": 1585578835.5339897}, "cmdq": 0, "read": {"device_start": -1, "device_end": -1}}, "coalesced_transpose57": {"write": {"device_start": -1, "host_queued_start": 1585578900.710059, "device_queued": -1, "device_end": -1, "host_queued_end": 1585578900.724026}, "device": "gpu", "nd_range": {"device_start": 1585578835.5384116, "device_end": 1585578835.5388303}, "cmdq": 0, "read": {"device_start": -1, "device_end": -1}}, "empty26": {"write": {"device_start": 1585578835.527288, "host_queued_start": 1585578900.681933, "device_queued": 1585578835.5271702, "device_end": 1585578835.527368, "host_queued_end": 1585578900.724026}, "device": "gpu", "nd_range": {"device_start": 1585578835.5273733, "device_end": 1585578835.5273786}, "cmdq": 1, "read": {"device_start": -1, "device_end": -1}}, "coalesced_transpose12": {"write": {"device_start": -1, "host_queued_start": 1585578900.708536, "device_queued": -1, "device_end": -1, "host_queued_end": 1585578900.724026}, "device": "gpu", "nd_range": {"device_start": 1585578835.5373554, "device_end": 1585578835.5377119}, "cmdq": 1, "read": {"device_start": -1, "device_end": -1}}, "empty44": {"write": {"device_start": 1585578835.5275116, "host_queued_start": 1585578900.68372, "device_queued": 1585578835.5272682, "device_end": 1585578835.5275385, "host_queued_end": 1585578900.724026}, "device": "gpu", "nd_range": {"device_start": 1585578835.5275495, "device_end": 1585578835.5275574}, "cmdq": 0, "read": {"device_start": -1, "device_end": -1}}, "coalesced_transpose21": {"write": {"device_start": -1, "host_queued_start": 1585578900.708837, "device_queued": -1, "device_end": -1, "host_queued_end": 1585578900.724026}, "device": "gpu", "nd_range": {"device_start": 1585578835.5378013, "device_end": 1585578835.5382037}, "cmdq": 2, "read": {"device_start": -1, "device_end": -1}}, "FFC_sans_bias36": {"write": {"device_start": 1585578835.5316732, "host_queued_start": 1585578900.696764, "device_queued": 1585578835.5288863, "device_end": 1585578835.531704, "host_queued_end": 1585578900.724026}, "device": "gpu", "nd_range": {"device_start": 1585578835.5317094, "device_end": 1585578835.5330167}, "cmdq": 1, "read": {"device_start": -1, "device_end": -1}}, "softmax14": {"write": {"device_start": -1, "host_queued_start": 1585578900.712856, "device_queued": -1, "device_end": -1, "host_queued_end": 1585578900.724026}, "device": "gpu", "nd_range": {"device_start": 1585578835.5414083, "device_end": 1585578835.5421152}, "cmdq": 0, "read": {"device_start": -1, "device_end": -1}}, "FFC_sans_bias13": {"write": {"device_start": -1, "host_queued_start": 1585578900.710706, "device_queued": -1, "device_end": -1, "host_queued_end": 1585578900.724026}, "device": "gpu", "nd_range": {"device_start": 1585578835.5384061, "device_end": 1585578835.5390089}, "cmdq": 2, "read": {"device_start": -1, "device_end": -1}}, "empty8": {"write": {"device_start": -1, "host_queued_start": 1585578900.725688, "device_queued": -1, "device_end": -1, "host_queued_end": 1585578900.732274}, "device": "cpu", "nd_range": {"device_start": 2246674.921814699, "device_end": 2246674.9218269433}, "cmdq": 0, "read": {"device_start": -1, "device_end": -1}}, "FFC_sans_bias42": {"write": {"device_start": -1, "host_queued_start": 1585578900.71563, "device_queued": -1, "device_end": -1, "host_queued_end": 1585578900.724026}, "device": "gpu", "nd_range": {"device_start": 1585578835.5433033, "device_end": 1585578835.544292}, "cmdq": 1, "read": {"device_start": -1, "device_end": -1}}, "FFC_sans_bias43": {"write": {"device_start": 1585578835.5454533, "host_queued_start": 1585578900.720802, "device_queued": 1585578835.5319676, "device_end": 1585578835.5454788, "host_queued_end": 1585578900.724026}, "device": "gpu", "nd_range": {"device_start": 1585578835.5454886, "device_end": 1585578835.546732}, "cmdq": 2, "read": {"device_start": 1585578835.5478003, "device_end": 1585578835.5478568}}, "FFC_sans_bias40": {"write": {"device_start": -1, "host_queued_start": 1585578900.711652, "device_queued": -1, "device_end": -1, "host_queued_end": 1585578900.724026}, "device": "gpu", "nd_range": {"device_start": 1585578835.5390203, "device_end": 1585578835.540426}, "cmdq": 2, "read": {"device_start": -1, "device_end": -1}}, "softmax32": {"write": {"device_start": -1, "host_queued_start": 1585578900.713354, "device_queued": -1, "device_end": -1, "host_queued_end": 1585578900.724026}, "device": "gpu", "nd_range": {"device_start": 1585578835.5418634, "device_end": 1585578835.542066}, "cmdq": 2, "read": {"device_start": -1, "device_end": -1}}, "FFC_sans_bias47": {"write": {"device_start": 1585578835.5340848, "host_queued_start": 1585578900.701996, "device_queued": 1585578835.5293834, "device_end": 1585578835.534111, "host_queued_end": 1585578900.724026}, "device": "gpu", "nd_range": {"device_start": 1585578835.5341184, "device_end": 1585578835.5354168}, "cmdq": 0, "read": {"device_start": -1, "device_end": -1}}, "FFC_sans_bias45": {"write": {"device_start": 1585578835.5331178, "host_queued_start": 1585578900.699882, "device_queued": 1585578835.5291505, "device_end": 1585578835.5331452, "host_queued_end": 1585578900.724026}, "device": "gpu", "nd_range": {"device_start": 1585578835.5331492, "device_end": 1585578835.5344298}, "cmdq": 1, "read": {"device_start": -1, "device_end": -1}}, "softmax50": {"write": {"device_start": -1, "host_queued_start": 1585578900.713849, "device_queued": -1, "device_end": -1, "host_queued_end": 1585578900.724026}, "device": "gpu", "nd_range": {"device_start": 1585578835.5421124, "device_end": 1585578835.5423384}, "cmdq": 1, "read": {"device_start": -1, "device_end": -1}}, "FFC_sans_bias33": {"write": {"device_start": -1, "host_queued_start": 1585578900.715312, "device_queued": -1, "device_end": -1, "host_queued_end": 1585578900.724026}, "device": "gpu", "nd_range": {"device_start": 1585578835.5435092, "device_end": 1585578835.5448403}, "cmdq": 0, "read": {"device_start": -1, "device_end": -1}}, "FFC_sans_bias63": {"write": {"device_start": 1585578835.5377483, "host_queued_start": 1585578900.708215, "device_queued": 1585578835.5300763, "device_end": 1585578835.537774, "host_queued_end": 1585578900.724026}, "device": "gpu", "nd_range": {"device_start": 1585578835.53778, "device_end": 1585578835.5383837}, "cmdq": 0, "read": {"device_start": -1, "device_end": -1}}, "FFC_sans_bias49": {"write": {"device_start": -1, "host_queued_start": 1585578900.711972, "device_queued": -1, "device_end": -1, "host_queued_end": 1585578900.724026}, "device": "gpu", "nd_range": {"device_start": 1585578835.539994, "device_end": 1585578835.541398}, "cmdq": 0, "read": {"device_start": -1, "device_end": -1}}, "FFC_sans_bias64": {"write": {"device_start": 1585578835.5359716, "host_queued_start": 1585578900.706138, "device_queued": 1585578835.529825, "device_end": 1585578835.5359983, "host_queued_end": 1585578900.724026}, "device": "gpu", "nd_range": {"device_start": 1585578835.5360062, "device_end": 1585578835.5373535}, "cmdq": 1, "read": {"device_start": -1, "device_end": -1}}, "FFC_sans_bias65": {"write": {"device_start": 1585578835.5364816, "host_queued_start": 1585578900.707179, "device_queued": 1585578835.5299993, "device_end": 1585578835.5365076, "host_queued_end": 1585578900.724026}, "device": "gpu", "nd_range": {"device_start": 1585578835.5365107, "device_end": 1585578835.5377998}, "cmdq": 2, "read": {"device_start": -1, "device_end": -1}}, "FFC_sans_bias67": {"write": {"device_start": -1, "host_queued_start": 1585578900.712602, "device_queued": -1, "device_end": -1, "host_queued_end": 1585578900.724026}, "device": "gpu", "nd_range": {"device_start": 1585578835.5404367, "device_end": 1585578835.5418532}, "cmdq": 2, "read": {"device_start": -1, "device_end": -1}}, "FFC_sans_bias24": {"write": {"device_start": -1, "host_queued_start": 1585578900.714997, "device_queued": -1, "device_end": -1, "host_queued_end": 1585578900.724026}, "device": "gpu", "nd_range": {"device_start": 1585578835.542287, "device_end": 1585578835.5428867}, "cmdq": 2, "read": {"device_start": -1, "device_end": -1}}, "FFC_sans_bias25": {"write": {"device_start": 1585578835.5463328, "host_queued_start": 1585578900.718725, "device_queued": 1585578835.5317621, "device_end": 1585578835.5463586, "host_queued_end": 1585578900.724026}, "device": "gpu", "nd_range": {"device_start": 1585578835.546372, "device_end": 1585578835.5472293}, "cmdq": 0, "read": {"device_start": 1585578835.5472326, "device_end": 1585578835.547259}}, "FFC_sans_bias27": {"write": {"device_start": 1585578835.5301847, "host_queued_start": 1585578900.693628, "device_queued": 1585578835.528503, "device_end": 1585578835.5302153, "host_queued_end": 1585578900.724026}, "device": "gpu", "nd_range": {"device_start": 1585578835.5302176, "device_end": 1585578835.5315645}, "cmdq": 1, "read": {"device_start": -1, "device_end": -1}}, "FFC_sans_bias20": {"write": {"device_start": 1585578835.5298283, "host_queued_start": 1585578900.6926, "device_queued": 1585578835.5284605, "device_end": 1585578835.5298598, "host_queued_end": 1585578900.724026}, "device": "gpu", "nd_range": {"device_start": 1585578835.5298638, "device_end": 1585578835.5310383}, "cmdq": 0, "read": {"device_start": -1, "device_end": -1}}, "FFC_sans_bias22": {"write": {"device_start": -1, "host_queued_start": 1585578900.711031, "device_queued": -1, "device_end": -1, "host_queued_end": 1585578900.724026}, "device": "gpu", "nd_range": {"device_start": 1585578835.5388427, "device_end": 1585578835.5399833}, "cmdq": 0, "read": {"device_start": -1, "device_end": -1}}, "softmax68": {"write": {"device_start": -1, "host_queued_start": 1585578900.71436, "device_queued": -1, "device_end": -1, "host_queued_end": 1585578900.724026}, "device": "gpu", "nd_range": {"device_start": 1585578835.5423782, "device_end": 1585578835.5434997}, "cmdq": 0, "read": {"device_start": -1, "device_end": -1}}, "softmax5": {"write": {"device_start": -1, "host_queued_start": 1585578900.73077, "device_queued": -1, "device_end": -1, "host_queued_end": 1585578900.732274}, "device": "cpu", "nd_range": {"device_start": 2246674.938382945, "device_end": 2246674.938507218}, "cmdq": 0, "read": {"device_start": -1, "device_end": -1}}, "FFC_sans_bias28": {"write": {"device_start": 1585578835.5307393, "host_queued_start": 1585578900.694695, "device_queued": 1585578835.5286381, "device_end": 1585578835.5307715, "host_queued_end": 1585578900.724026}, "device": "gpu", "nd_range": {"device_start": 1585578835.530779, "device_end": 1585578835.5320344}, "cmdq": 2, "read": {"device_start": -1, "device_end": -1}}, "FFC_sans_bias29": {"write": {"device_start": 1585578835.5311463, "host_queued_start": 1585578900.695733, "device_queued": 1585578835.5287018, "device_end": 1585578835.5311775, "host_queued_end": 1585578900.724026}, "device": "gpu", "nd_range": {"device_start": 1585578835.5311828, "device_end": 1585578835.5325077}, "cmdq": 0, "read": {"device_start": -1, "device_end": -1}}, "empty17": {"write": {"device_start": 1585578835.5271392, "host_queued_start": 1585578900.6809, "device_queued": 1585578835.5270064, "device_end": 1585578835.5271668, "host_queued_end": 1585578900.724026}, "device": "gpu", "nd_range": {"device_start": 1585578835.52717, "device_end": 1585578835.5271802}, "cmdq": 0, "read": {"device_start": -1, "device_end": -1}}, "softmax59": {"write": {"device_start": -1, "host_queued_start": 1585578900.714099, "device_queued": -1, "device_end": -1, "host_queued_end": 1585578900.724026}, "device": "gpu", "nd_range": {"device_start": 1585578835.5420754, "device_end": 1585578835.5422778}, "cmdq": 2, "read": {"device_start": -1, "device_end": -1}}, "empty71": {"write": {"device_start": 1585578835.527909, "host_queued_start": 1585578900.686148, "device_queued": 1585578835.527657, "device_end": 1585578835.5279768, "host_queued_end": 1585578900.724026}, "device": "gpu", "nd_range": {"device_start": 1585578835.527987, "device_end": 1585578835.5279908}, "cmdq": 0, "read": {"device_start": -1, "device_end": -1}}, "empty35": {"write": {"device_start": 1585578835.5274186, "host_queued_start": 1585578900.682871, "device_queued": 1585578835.5272043, "device_end": 1585578835.5275104, "host_queued_end": 1585578900.724026}, "device": "gpu", "nd_range": {"device_start": 1585578835.52752, "device_end": 1585578835.5275357}, "cmdq": 2, "read": {"device_start": -1, "device_end": -1}}, "empty53": {"write": {"device_start": 1585578835.5276697, "host_queued_start": 1585578900.684532, "device_queued": 1585578835.5275674, "device_end": 1585578835.5277276, "host_queued_end": 1585578900.724026}, "device": "gpu", "nd_range": {"device_start": 1585578835.527732, "device_end": 1585578835.5277371}, "cmdq": 1, "read": {"device_start": -1, "device_end": -1}}, "FFC_sans_bias46": {"write": {"device_start": 1585578835.5335588, "host_queued_start": 1585578900.700924, "device_queued": 1585578835.529307, "device_end": 1585578835.5335846, "host_queued_end": 1585578900.724026}, "device": "gpu", "nd_range": {"device_start": 1585578835.5335898, "device_end": 1585578835.534945}, "cmdq": 2, "read": {"device_start": -1, "device_end": -1}}, "coalesced_transpose66": {"write": {"device_start": -1, "host_queued_start": 1585578900.710364, "device_queued": -1, "device_end": -1, "host_queued_end": 1585578900.724026}, "device": "gpu", "nd_range": {"device_start": 1585578835.5377414, "device_end": 1585578835.5377638}, "cmdq": 1, "read": {"device_start": -1, "device_end": -1}}, "coalesced_transpose48": {"write": {"device_start": -1, "host_queued_start": 1585578900.709742, "device_queued": -1, "device_end": -1, "host_queued_end": 1585578900.724026}, "device": "gpu", "nd_range": {"device_start": 1585578835.5382059, "device_end": 1585578835.538227}, "cmdq": 2, "read": {"device_start": -1, "device_end": -1}}}