{"FFC_sans_bias60": {"write": {"device_start": -1, "host_queued_start": 1585578875.492288, "device_queued": -1, "device_end": -1, "host_queued_end": 1585578875.500068}, "device": "gpu", "nd_range": {"device_start": 1585578810.324366, "device_end": 1585578810.3258152}, "cmdq": 0, "read": {"device_start": -1, "device_end": -1}}, "FFC_sans_bias4": {"write": {"device_start": -1, "host_queued_start": 1585578875.506115, "device_queued": -1, "device_end": -1, "host_queued_end": 1585578875.508007}, "device": "cpu", "nd_range": {"device_start": 2246649.710175319, "device_end": 2246649.715246967}, "cmdq": 0, "read": {"device_start": -1, "device_end": -1}}, "FFC_sans_bias7": {"write": {"device_start": -1, "host_queued_start": 1585578875.50796, "device_queued": -1, "device_end": -1, "host_queued_end": 1585578875.508007}, "device": "cpu", "nd_range": {"device_start": 2246649.719335508, "device_end": 2246649.72452992}, "cmdq": 0, "read": {"device_start": -1, "device_end": -1}}, "FFC_sans_bias6": {"write": {"device_start": -1, "host_queued_start": 1585578875.506829, "device_queued": -1, "device_end": -1, "host_queued_end": 1585578875.508007}, "device": "cpu", "nd_range": {"device_start": 2246649.71537944, "device_end": 2246649.7193185682}, "cmdq": 0, "read": {"device_start": -1, "device_end": -1}}, "FFC_sans_bias1": {"write": {"device_start": -1, "host_queued_start": 1585578875.504183, "device_queued": -1, "device_end": -1, "host_queued_end": 1585578875.508007}, "device": "cpu", "nd_range": {"device_start": 2246649.7018402703, "device_end": 2246649.7059120513}, "cmdq": 0, "read": {"device_start": -1, "device_end": -1}}, "FFC_sans_bias0": {"write": {"device_start": -1, "host_queued_start": 1585578875.50302, "device_queued": -1, "device_end": -1, "host_queued_end": 1585578875.508007}, "device": "cpu", "nd_range": {"device_start": 2246649.69765573, "device_end": 2246649.70179534}, "cmdq": 0, "read": {"device_start": -1, "device_end": -1}}, "FFC_sans_bias2": {"write": {"device_start": -1, "host_queued_start": 1585578875.505396, "device_queued": -1, "device_end": -1, "host_queued_end": 1585578875.508007}, "device": "cpu", "nd_range": {"device_start": 2246649.705919383, "device_end": 2246649.709877546}, "cmdq": 0, "read": {"device_start": -1, "device_end": -1}}, "FFC_sans_bias61": {"write": {"device_start": 1585578810.3274074, "host_queued_start": 1585578875.498927, "device_queued": 1585578810.3085625, "device_end": 1585578810.3274553, "host_queued_end": 1585578875.500068}, "device": "gpu", "nd_range": {"device_start": 1585578810.3274708, "device_end": 1585578810.328196}, "cmdq": 1, "read": {"device_start": 1585578810.3281999, "device_end": 1585578810.3282218}}, "FFC_sans_bias52": {"write": {"device_start": 1585578810.3269494, "host_queued_start": 1585578875.497881, "device_queued": 1585578810.3085303, "device_end": 1585578810.3269742, "host_queued_end": 1585578875.500068}, "device": "gpu", "nd_range": {"device_start": 1585578810.3269854, "device_end": 1585578810.3277545}, "cmdq": 0, "read": {"device_start": 1585578810.3277566, "device_end": 1585578810.3277798}}, "FFC_sans_bias9": {"write": {"device_start": 1585578810.3046353, "host_queued_start": 1585578875.46326, "device_queued": 1585578810.3043602, "device_end": 1585578810.3047135, "host_queued_end": 1585578875.500068}, "device": "gpu", "nd_range": {"device_start": 1585578810.304738, "device_end": 1585578810.3053586}, "cmdq": 1, "read": {"device_start": -1, "device_end": -1}}, "coalesced_transpose39": {"write": {"device_start": -1, "host_queued_start": 1585578875.485547, "device_queued": -1, "device_end": -1, "host_queued_end": 1585578875.500068}, "device": "gpu", "nd_range": {"device_start": 1585578810.3178165, "device_end": 1585578810.3178337}, "cmdq": 1, "read": {"device_start": -1, "device_end": -1}}, "FFC_sans_bias55": {"write": {"device_start": 1585578810.315433, "host_queued_start": 1585578875.481163, "device_queued": 1585578810.30626, "device_end": 1585578810.3154807, "host_queued_end": 1585578875.500068}, "device": "gpu", "nd_range": {"device_start": 1585578810.3154936, "device_end": 1585578810.3164198}, "cmdq": 0, "read": {"device_start": -1, "device_end": -1}}, "FFC_sans_bias54": {"write": {"device_start": 1585578810.3153389, "host_queued_start": 1585578875.480138, "device_queued": 1585578810.3061008, "device_end": 1585578810.3154013, "host_queued_end": 1585578875.500068}, "device": "gpu", "nd_range": {"device_start": 1585578810.315415, "device_end": 1585578810.316022}, "cmdq": 2, "read": {"device_start": -1, "device_end": -1}}, "FFC_sans_bias56": {"write": {"device_start": 1585578810.311235, "host_queued_start": 1585578875.479115, "device_queued": 1585578810.3060858, "device_end": 1585578810.3112643, "host_queued_end": 1585578875.500068}, "device": "gpu", "nd_range": {"device_start": 1585578810.3112698, "device_end": 1585578810.3125474}, "cmdq": 1, "read": {"device_start": -1, "device_end": -1}}, "FFC_sans_bias51": {"write": {"device_start": -1, "host_queued_start": 1585578875.491967, "device_queued": -1, "device_end": -1, "host_queued_end": 1585578875.500068}, "device": "gpu", "nd_range": {"device_start": 1585578810.3224394, "device_end": 1585578810.3234062}, "cmdq": 2, "read": {"device_start": -1, "device_end": -1}}, "softmax23": {"write": {"device_start": -1, "host_queued_start": 1585578875.489147, "device_queued": -1, "device_end": -1, "host_queued_end": 1585578875.500068}, "device": "gpu", "nd_range": {"device_start": 1585578810.3204641, "device_end": 1585578810.3216262}, "cmdq": 1, "read": {"device_start": -1, "device_end": -1}}, "FFC_sans_bias37": {"write": {"device_start": 1585578810.308817, "host_queued_start": 1585578875.473906, "device_queued": 1585578810.3054786, "device_end": 1585578810.3088446, "host_queued_end": 1585578875.500068}, "device": "gpu", "nd_range": {"device_start": 1585578810.3088539, "device_end": 1585578810.3101707}, "cmdq": 2, "read": {"device_start": -1, "device_end": -1}}, "empty62": {"write": {"device_start": 1585578810.304449, "host_queued_start": 1585578875.461457, "device_queued": 1585578810.3042755, "device_end": 1585578810.3045285, "host_queued_end": 1585578875.500068}, "device": "gpu", "nd_range": {"device_start": 1585578810.3045504, "device_end": 1585578810.3045833}, "cmdq": 2, "read": {"device_start": -1, "device_end": -1}}, "FFC_sans_bias70": {"write": {"device_start": 1585578810.327533, "host_queued_start": 1585578875.49997, "device_queued": 1585578810.3087628, "device_end": 1585578810.3275588, "host_queued_end": 1585578875.500068}, "device": "gpu", "nd_range": {"device_start": 1585578810.32757, "device_end": 1585578810.3286734}, "cmdq": 2, "read": {"device_start": 1585578810.3286765, "device_end": 1585578810.3286994}}, "FFC_sans_bias58": {"write": {"device_start": -1, "host_queued_start": 1585578875.488338, "device_queued": -1, "device_end": -1, "host_queued_end": 1585578875.500068}, "device": "gpu", "nd_range": {"device_start": 1585578810.3189473, "device_end": 1585578810.3204536}, "cmdq": 1, "read": {"device_start": -1, "device_end": -1}}, "softmax41": {"write": {"device_start": -1, "host_queued_start": 1585578875.489635, "device_queued": -1, "device_end": -1, "host_queued_end": 1585578875.500068}, "device": "gpu", "nd_range": {"device_start": 1585578810.3216515, "device_end": 1585578810.3218853}, "cmdq": 0, "read": {"device_start": -1, "device_end": -1}}, "FFC_sans_bias11": {"write": {"device_start": 1585578810.3048058, "host_queued_start": 1585578875.465385, "device_queued": 1585578810.3046749, "device_end": 1585578810.3048298, "host_queued_end": 1585578875.500068}, "device": "gpu", "nd_range": {"device_start": 1585578810.304857, "device_end": 1585578810.3063354}, "cmdq": 0, "read": {"device_start": -1, "device_end": -1}}, "FFC_sans_bias10": {"write": {"device_start": 1585578810.304719, "host_queued_start": 1585578875.464296, "device_queued": 1585578810.304556, "device_end": 1585578810.304781, "host_queued_end": 1585578875.500068}, "device": "gpu", "nd_range": {"device_start": 1585578810.3047853, "device_end": 1585578810.305762}, "cmdq": 2, "read": {"device_start": -1, "device_end": -1}}, "coalesced_transpose3": {"write": {"device_start": -1, "host_queued_start": 1585578875.505761, "device_queued": -1, "device_end": -1, "host_queued_end": 1585578875.508007}, "device": "cpu", "nd_range": {"device_start": 2246649.70988254, "device_end": 2246649.710005986}, "cmdq": 0, "read": {"device_start": -1, "device_end": -1}}, "FFC_sans_bias34": {"write": {"device_start": 1585578810.3259964, "host_queued_start": 1585578875.4958, "device_queued": 1585578810.30822, "device_end": 1585578810.3260221, "host_queued_end": 1585578875.500068}, "device": "gpu", "nd_range": {"device_start": 1585578810.326032, "device_end": 1585578810.3272183}, "cmdq": 1, "read": {"device_start": 1585578810.3272228, "device_end": 1585578810.3272471}}, "FFC_sans_bias15": {"write": {"device_start": -1, "host_queued_start": 1585578875.49071, "device_queued": -1, "device_end": -1, "host_queued_end": 1585578875.500068}, "device": "gpu", "nd_range": {"device_start": 1585578810.3218756, "device_end": 1585578810.3228388}, "cmdq": 1, "read": {"device_start": -1, "device_end": -1}}, "FFC_sans_bias31": {"write": {"device_start": -1, "host_queued_start": 1585578875.487402, "device_queued": -1, "device_end": -1, "host_queued_end": 1585578875.500068}, "device": "gpu", "nd_range": {"device_start": 1585578810.3179302, "device_end": 1585578810.318936}, "cmdq": 1, "read": {"device_start": -1, "device_end": -1}}, "FFC_sans_bias16": {"write": {"device_start": 1585578810.323491, "host_queued_start": 1585578875.493703, "device_queued": 1585578810.3080325, "device_end": 1585578810.3235173, "host_queued_end": 1585578875.500068}, "device": "gpu", "nd_range": {"device_start": 1585578810.323531, "device_end": 1585578810.324824}, "cmdq": 2, "read": {"device_start": 1585578810.3248262, "device_end": 1585578810.3248515}}, "FFC_sans_bias19": {"write": {"device_start": 1585578810.3058724, "host_queued_start": 1585578875.467694, "device_queued": 1585578810.3048909, "device_end": 1585578810.3058987, "host_queued_end": 1585578875.500068}, "device": "gpu", "nd_range": {"device_start": 1585578810.3059037, "device_end": 1585578810.3072965}, "cmdq": 2, "read": {"device_start": -1, "device_end": -1}}, "FFC_sans_bias18": {"write": {"device_start": 1585578810.305478, "host_queued_start": 1585578875.466628, "device_queued": 1585578810.3048642, "device_end": 1585578810.305503, "host_queued_end": 1585578875.500068}, "device": "gpu", "nd_range": {"device_start": 1585578810.3055124, "device_end": 1585578810.3067474}, "cmdq": 1, "read": {"device_start": -1, "device_end": -1}}, "coalesced_transpose30": {"write": {"device_start": -1, "host_queued_start": 1585578875.485213, "device_queued": -1, "device_end": -1, "host_queued_end": 1585578875.500068}, "device": "gpu", "nd_range": {"device_start": 1585578810.3178926, "device_end": 1585578810.3179133}, "cmdq": 0, "read": {"device_start": -1, "device_end": -1}}, "FFC_sans_bias69": {"write": {"device_start": -1, "host_queued_start": 1585578875.492682, "device_queued": -1, "device_end": -1, "host_queued_end": 1585578875.500068}, "device": "gpu", "nd_range": {"device_start": 1585578810.3238316, "device_end": 1585578810.3253012}, "cmdq": 1, "read": {"device_start": -1, "device_end": -1}}, "FFC_sans_bias38": {"write": {"device_start": 1585578810.3092978, "host_queued_start": 1585578875.474963, "device_queued": 1585578810.3056614, "device_end": 1585578810.3093376, "host_queued_end": 1585578875.500068}, "device": "gpu", "nd_range": {"device_start": 1585578810.3093443, "device_end": 1585578810.3106673}, "cmdq": 0, "read": {"device_start": -1, "device_end": -1}}, "coalesced_transpose57": {"write": {"device_start": -1, "host_queued_start": 1585578875.486144, "device_queued": -1, "device_end": -1, "host_queued_end": 1585578875.500068}, "device": "gpu", "nd_range": {"device_start": 1585578810.3179147, "device_end": 1585578810.3183322}, "cmdq": 0, "read": {"device_start": -1, "device_end": -1}}, "empty26": {"write": {"device_start": 1585578810.3039932, "host_queued_start": 1585578875.458099, "device_queued": 1585578810.3038838, "device_end": 1585578810.3040676, "host_queued_end": 1585578875.500068}, "device": "gpu", "nd_range": {"device_start": 1585578810.304074, "device_end": 1585578810.3040817}, "cmdq": 1, "read": {"device_start": -1, "device_end": -1}}, "coalesced_transpose12": {"write": {"device_start": -1, "host_queued_start": 1585578875.484599, "device_queued": -1, "device_end": -1, "host_queued_end": 1585578875.500068}, "device": "gpu", "nd_range": {"device_start": 1585578810.3170002, "device_end": 1585578810.31781}, "cmdq": 1, "read": {"device_start": -1, "device_end": -1}}, "empty44": {"write": {"device_start": 1585578810.3041883, "host_queued_start": 1585578875.45984, "device_queued": 1585578810.3040433, "device_end": 1585578810.304214, "host_queued_end": 1585578875.500068}, "device": "gpu", "nd_range": {"device_start": 1585578810.3042169, "device_end": 1585578810.3042202}, "cmdq": 0, "read": {"device_start": -1, "device_end": -1}}, "coalesced_transpose21": {"write": {"device_start": -1, "host_queued_start": 1585578875.484907, "device_queued": -1, "device_end": -1, "host_queued_end": 1585578875.500068}, "device": "gpu", "nd_range": {"device_start": 1585578810.317418, "device_end": 1585578810.317819}, "cmdq": 2, "read": {"device_start": -1, "device_end": -1}}, "FFC_sans_bias36": {"write": {"device_start": 1585578810.3083363, "host_queued_start": 1585578875.47288, "device_queued": 1585578810.305456, "device_end": 1585578810.3083637, "host_queued_end": 1585578875.500068}, "device": "gpu", "nd_range": {"device_start": 1585578810.3083684, "device_end": 1585578810.3097034}, "cmdq": 1, "read": {"device_start": -1, "device_end": -1}}, "softmax14": {"write": {"device_start": -1, "host_queued_start": 1585578875.488903, "device_queued": -1, "device_end": -1, "host_queued_end": 1585578875.500068}, "device": "gpu", "nd_range": {"device_start": 1585578810.3209221, "device_end": 1585578810.321642}, "cmdq": 0, "read": {"device_start": -1, "device_end": -1}}, "FFC_sans_bias13": {"write": {"device_start": -1, "host_queued_start": 1585578875.486765, "device_queued": -1, "device_end": -1, "host_queued_end": 1585578875.500068}, "device": "gpu", "nd_range": {"device_start": 1585578810.3179102, "device_end": 1585578810.3185108}, "cmdq": 2, "read": {"device_start": -1, "device_end": -1}}, "empty8": {"write": {"device_start": -1, "host_queued_start": 1585578875.501802, "device_queued": -1, "device_end": -1, "host_queued_end": 1585578875.508007}, "device": "cpu", "nd_range": {"device_start": 2246649.6976283262, "device_end": 2246649.697637437}, "cmdq": 0, "read": {"device_start": -1, "device_end": -1}}, "FFC_sans_bias42": {"write": {"device_start": -1, "host_queued_start": 1585578875.49165, "device_queued": -1, "device_end": -1, "host_queued_end": 1585578875.500068}, "device": "gpu", "nd_range": {"device_start": 1585578810.3228488, "device_end": 1585578810.3238227}, "cmdq": 1, "read": {"device_start": -1, "device_end": -1}}, "FFC_sans_bias43": {"write": {"device_start": 1585578810.3249938, "host_queued_start": 1585578875.49684, "device_queued": 1585578810.308323, "device_end": 1585578810.325019, "host_queued_end": 1585578875.500068}, "device": "gpu", "nd_range": {"device_start": 1585578810.3250315, "device_end": 1585578810.3262565}, "cmdq": 2, "read": {"device_start": 1585578810.327316, "device_end": 1585578810.3273702}}, "FFC_sans_bias40": {"write": {"device_start": -1, "host_queued_start": 1585578875.487719, "device_queued": -1, "device_end": -1, "host_queued_end": 1585578875.500068}, "device": "gpu", "nd_range": {"device_start": 1585578810.3185222, "device_end": 1585578810.3199172}, "cmdq": 2, "read": {"device_start": -1, "device_end": -1}}, "softmax32": {"write": {"device_start": -1, "host_queued_start": 1585578875.48939, "device_queued": -1, "device_end": -1, "host_queued_end": 1585578875.500068}, "device": "gpu", "nd_range": {"device_start": 1585578810.321377, "device_end": 1585578810.3215923}, "cmdq": 2, "read": {"device_start": -1, "device_end": -1}}, "FFC_sans_bias47": {"write": {"device_start": 1585578810.3107653, "host_queued_start": 1585578875.478061, "device_queued": 1585578810.3059545, "device_end": 1585578810.310798, "host_queued_end": 1585578875.500068}, "device": "gpu", "nd_range": {"device_start": 1585578810.3108058, "device_end": 1585578810.3120968}, "cmdq": 0, "read": {"device_start": -1, "device_end": -1}}, "FFC_sans_bias45": {"write": {"device_start": 1585578810.3098075, "host_queued_start": 1585578875.475988, "device_queued": 1585578810.305723, "device_end": 1585578810.3098333, "host_queued_end": 1585578875.500068}, "device": "gpu", "nd_range": {"device_start": 1585578810.309839, "device_end": 1585578810.3111346}, "cmdq": 1, "read": {"device_start": -1, "device_end": -1}}, "softmax50": {"write": {"device_start": -1, "host_queued_start": 1585578875.489881, "device_queued": -1, "device_end": -1, "host_queued_end": 1585578875.500068}, "device": "gpu", "nd_range": {"device_start": 1585578810.321636, "device_end": 1585578810.321865}, "cmdq": 1, "read": {"device_start": -1, "device_end": -1}}, "FFC_sans_bias33": {"write": {"device_start": -1, "host_queued_start": 1585578875.491335, "device_queued": -1, "device_end": -1, "host_queued_end": 1585578875.500068}, "device": "gpu", "nd_range": {"device_start": 1585578810.3230484, "device_end": 1585578810.324356}, "cmdq": 0, "read": {"device_start": -1, "device_end": -1}}, "FFC_sans_bias63": {"write": {"device_start": 1585578810.3165152, "host_queued_start": 1585578875.484275, "device_queued": 1585578810.3065498, "device_end": 1585578810.3165424, "host_queued_end": 1585578875.500068}, "device": "gpu", "nd_range": {"device_start": 1585578810.3165503, "device_end": 1585578810.3178873}, "cmdq": 0, "read": {"device_start": -1, "device_end": -1}}, "FFC_sans_bias49": {"write": {"device_start": -1, "host_queued_start": 1585578875.488028, "device_queued": -1, "device_end": -1, "host_queued_end": 1585578875.500068}, "device": "gpu", "nd_range": {"device_start": 1585578810.319502, "device_end": 1585578810.3209112}, "cmdq": 0, "read": {"device_start": -1, "device_end": -1}}, "FFC_sans_bias64": {"write": {"device_start": 1585578810.3155391, "host_queued_start": 1585578875.482201, "device_queued": 1585578810.3062925, "device_end": 1585578810.315565, "host_queued_end": 1585578875.500068}, "device": "gpu", "nd_range": {"device_start": 1585578810.315572, "device_end": 1585578810.3169985}, "cmdq": 1, "read": {"device_start": -1, "device_end": -1}}, "FFC_sans_bias65": {"write": {"device_start": 1585578810.3161151, "host_queued_start": 1585578875.483239, "device_queued": 1585578810.3064857, "device_end": 1585578810.3161433, "host_queued_end": 1585578875.500068}, "device": "gpu", "nd_range": {"device_start": 1585578810.3161502, "device_end": 1585578810.3174171}, "cmdq": 2, "read": {"device_start": -1, "device_end": -1}}, "FFC_sans_bias67": {"write": {"device_start": -1, "host_queued_start": 1585578875.488652, "device_queued": -1, "device_end": -1, "host_queued_end": 1585578875.500068}, "device": "gpu", "nd_range": {"device_start": 1585578810.3199284, "device_end": 1585578810.3213658}, "cmdq": 2, "read": {"device_start": -1, "device_end": -1}}, "FFC_sans_bias24": {"write": {"device_start": -1, "host_queued_start": 1585578875.491019, "device_queued": -1, "device_end": -1, "host_queued_end": 1585578875.500068}, "device": "gpu", "nd_range": {"device_start": 1585578810.321824, "device_end": 1585578810.32243}, "cmdq": 2, "read": {"device_start": -1, "device_end": -1}}, "FFC_sans_bias25": {"write": {"device_start": 1585578810.3258946, "host_queued_start": 1585578875.494762, "device_queued": 1585578810.3080914, "device_end": 1585578810.3259206, "host_queued_end": 1585578875.500068}, "device": "gpu", "nd_range": {"device_start": 1585578810.3259335, "device_end": 1585578810.326782}, "cmdq": 0, "read": {"device_start": 1585578810.32679, "device_end": 1585578810.3268137}}, "FFC_sans_bias27": {"write": {"device_start": 1585578810.3068361, "host_queued_start": 1585578875.469761, "device_queued": 1585578810.3050866, "device_end": 1585578810.306862, "host_queued_end": 1585578875.500068}, "device": "gpu", "nd_range": {"device_start": 1585578810.3068666, "device_end": 1585578810.3082445}, "cmdq": 1, "read": {"device_start": -1, "device_end": -1}}, "FFC_sans_bias20": {"write": {"device_start": 1585578810.3064375, "host_queued_start": 1585578875.468736, "device_queued": 1585578810.3050354, "device_end": 1585578810.3064625, "host_queued_end": 1585578875.500068}, "device": "gpu", "nd_range": {"device_start": 1585578810.306468, "device_end": 1585578810.307732}, "cmdq": 0, "read": {"device_start": -1, "device_end": -1}}, "FFC_sans_bias22": {"write": {"device_start": -1, "host_queued_start": 1585578875.487091, "device_queued": -1, "device_end": -1, "host_queued_end": 1585578875.500068}, "device": "gpu", "nd_range": {"device_start": 1585578810.3183448, "device_end": 1585578810.3194907}, "cmdq": 0, "read": {"device_start": -1, "device_end": -1}}, "softmax68": {"write": {"device_start": -1, "host_queued_start": 1585578875.490389, "device_queued": -1, "device_end": -1, "host_queued_end": 1585578875.500068}, "device": "gpu", "nd_range": {"device_start": 1585578810.321896, "device_end": 1585578810.323038}, "cmdq": 0, "read": {"device_start": -1, "device_end": -1}}, "softmax5": {"write": {"device_start": -1, "host_queued_start": 1585578875.506442, "device_queued": -1, "device_end": -1, "host_queued_end": 1585578875.508007}, "device": "cpu", "nd_range": {"device_start": 2246649.7152644843, "device_end": 2246649.715368213}, "cmdq": 0, "read": {"device_start": -1, "device_end": -1}}, "FFC_sans_bias28": {"write": {"device_start": 1585578810.3073914, "host_queued_start": 1585578875.470813, "device_queued": 1585578810.3052104, "device_end": 1585578810.3074172, "host_queued_end": 1585578875.500068}, "device": "gpu", "nd_range": {"device_start": 1585578810.3074222, "device_end": 1585578810.3087213}, "cmdq": 2, "read": {"device_start": -1, "device_end": -1}}, "FFC_sans_bias29": {"write": {"device_start": 1585578810.3078294, "host_queued_start": 1585578875.471851, "device_queued": 1585578810.3052766, "device_end": 1585578810.3078566, "host_queued_end": 1585578875.500068}, "device": "gpu", "nd_range": {"device_start": 1585578810.3078597, "device_end": 1585578810.3092031}, "cmdq": 0, "read": {"device_start": -1, "device_end": -1}}, "empty17": {"write": {"device_start": 1585578810.3038862, "host_queued_start": 1585578875.457059, "device_queued": 1585578810.3037338, "device_end": 1585578810.3039348, "host_queued_end": 1585578875.500068}, "device": "gpu", "nd_range": {"device_start": 1585578810.3039403, "device_end": 1585578810.3039455}, "cmdq": 0, "read": {"device_start": -1, "device_end": -1}}, "softmax59": {"write": {"device_start": -1, "host_queued_start": 1585578875.490128, "device_queued": -1, "device_end": -1, "host_queued_end": 1585578875.500068}, "device": "gpu", "nd_range": {"device_start": 1585578810.3216028, "device_end": 1585578810.3218138}, "cmdq": 2, "read": {"device_start": -1, "device_end": -1}}, "empty71": {"write": {"device_start": 1585578810.3045368, "host_queued_start": 1585578875.462267, "device_queued": 1585578810.304324, "device_end": 1585578810.304625, "host_queued_end": 1585578875.500068}, "device": "gpu", "nd_range": {"device_start": 1585578810.3046315, "device_end": 1585578810.304636}, "cmdq": 0, "read": {"device_start": -1, "device_end": -1}}, "empty35": {"write": {"device_start": 1585578810.304088, "host_queued_start": 1585578875.458989, "device_queued": 1585578810.3039212, "device_end": 1585578810.3041608, "host_queued_end": 1585578875.500068}, "device": "gpu", "nd_range": {"device_start": 1585578810.3041708, "device_end": 1585578810.3041766}, "cmdq": 2, "read": {"device_start": -1, "device_end": -1}}, "empty53": {"write": {"device_start": 1585578810.3043509, "host_queued_start": 1585578875.460651, "device_queued": 1585578810.3042498, "device_end": 1585578810.3044188, "host_queued_end": 1585578875.500068}, "device": "gpu", "nd_range": {"device_start": 1585578810.3044343, "device_end": 1585578810.3044407}, "cmdq": 1, "read": {"device_start": -1, "device_end": -1}}, "FFC_sans_bias46": {"write": {"device_start": 1585578810.3102608, "host_queued_start": 1585578875.477031, "device_queued": 1585578810.3058746, "device_end": 1585578810.3102937, "host_queued_end": 1585578875.500068}, "device": "gpu", "nd_range": {"device_start": 1585578810.3102977, "device_end": 1585578810.3116484}, "cmdq": 2, "read": {"device_start": -1, "device_end": -1}}, "coalesced_transpose66": {"write": {"device_start": -1, "host_queued_start": 1585578875.486439, "device_queued": -1, "device_end": -1, "host_queued_end": 1585578875.500068}, "device": "gpu", "nd_range": {"device_start": 1585578810.3178346, "device_end": 1585578810.3178592}, "cmdq": 1, "read": {"device_start": -1, "device_end": -1}}, "coalesced_transpose48": {"write": {"device_start": -1, "host_queued_start": 1585578875.485843, "device_queued": -1, "device_end": -1, "host_queued_end": 1585578875.500068}, "device": "gpu", "nd_range": {"device_start": 1585578810.317821, "device_end": 1585578810.3178473}, "cmdq": 2, "read": {"device_start": -1, "device_end": -1}}}