{"FFC_sans_bias60": {"write": {"device_start": -1, "host_queued_start": 1585578634.07625, "device_queued": -1, "device_end": -1, "host_queued_end": 1585578634.079826}, "device": "gpu", "nd_range": {"device_start": 1585578568.9003904, "device_end": 1585578568.9009824}, "cmdq": 0, "read": {"device_start": -1, "device_end": -1}}, "FFC_sans_bias4": {"write": {"device_start": -1, "host_queued_start": 1585578634.103387, "device_queued": -1, "device_end": -1, "host_queued_end": 1585578634.113143}, "device": "cpu", "nd_range": {"device_start": 2246408.373292685, "device_end": 2246408.377371677}, "cmdq": 0, "read": {"device_start": -1, "device_end": -1}}, "FFC_sans_bias7": {"write": {"device_start": -1, "host_queued_start": 1585578634.109073, "device_queued": -1, "device_end": -1, "host_queued_end": 1585578634.113143}, "device": "cpu", "nd_range": {"device_start": 2246408.4195395373, "device_end": 2246408.424117586}, "cmdq": 0, "read": {"device_start": -1, "device_end": -1}}, "FFC_sans_bias6": {"write": {"device_start": -1, "host_queued_start": 1585578634.106531, "device_queued": -1, "device_end": -1, "host_queued_end": 1585578634.113143}, "device": "cpu", "nd_range": {"device_start": 2246408.396671649, "device_end": 2246408.401089001}, "cmdq": 0, "read": {"device_start": -1, "device_end": -1}}, "FFC_sans_bias1": {"write": {"device_start": -1, "host_queued_start": 1585578634.087105, "device_queued": -1, "device_end": -1, "host_queued_end": 1585578634.113143}, "device": "cpu", "nd_range": {"device_start": 2246408.307092571, "device_end": 2246408.3111960413}, "cmdq": 0, "read": {"device_start": -1, "device_end": -1}}, "FFC_sans_bias0": {"write": {"device_start": -1, "host_queued_start": 1585578634.085908, "device_queued": -1, "device_end": -1, "host_queued_end": 1585578634.113143}, "device": "cpu", "nd_range": {"device_start": 2246408.302803256, "device_end": 2246408.3069540993}, "cmdq": 0, "read": {"device_start": -1, "device_end": -1}}, "FFC_sans_bias2": {"write": {"device_start": -1, "host_queued_start": 1585578634.088188, "device_queued": -1, "device_end": -1, "host_queued_end": 1585578634.113143}, "device": "cpu", "nd_range": {"device_start": 2246408.311215079, "device_end": 2246408.315324589}, "cmdq": 0, "read": {"device_start": -1, "device_end": -1}}, "FFC_sans_bias61": {"write": {"device_start": 1585578568.9025805, "host_queued_start": 1585578634.078673, "device_queued": 1585578568.8919423, "device_end": 1585578568.9026093, "host_queued_end": 1585578634.079826}, "device": "gpu", "nd_range": {"device_start": 1585578568.9026165, "device_end": 1585578568.9032106}, "cmdq": 0, "read": {"device_start": 1585578568.9032176, "device_end": 1585578568.9032402}}, "FFC_sans_bias52": {"write": {"device_start": 1585578568.901721, "host_queued_start": 1585578634.077592, "device_queued": 1585578568.8918815, "device_end": 1585578568.9017463, "host_queued_end": 1585578634.079826}, "device": "gpu", "nd_range": {"device_start": 1585578568.9017503, "device_end": 1585578568.9023478}, "cmdq": 0, "read": {"device_start": 1585578568.9023528, "device_end": 1585578568.9023774}}, "FFC_sans_bias9": {"write": {"device_start": -1, "host_queued_start": 1585578634.089235, "device_queued": -1, "device_end": -1, "host_queued_end": 1585578634.113143}, "device": "cpu", "nd_range": {"device_start": 2246408.3153550443, "device_end": 2246408.319374668}, "cmdq": 0, "read": {"device_start": -1, "device_end": -1}}, "coalesced_transpose39": {"write": {"device_start": -1, "host_queued_start": 1585578634.102946, "device_queued": -1, "device_end": -1, "host_queued_end": 1585578634.113143}, "device": "cpu", "nd_range": {"device_start": 2246408.3730741884, "device_end": 2246408.37317741}, "cmdq": 0, "read": {"device_start": -1, "device_end": -1}}, "FFC_sans_bias55": {"write": {"device_start": 1585578568.894428, "host_queued_start": 1585578634.06957, "device_queued": 1585578568.8910718, "device_end": 1585578568.894456, "host_queued_end": 1585578634.079826}, "device": "gpu", "nd_range": {"device_start": 1585578568.894466, "device_end": 1585578568.895064}, "cmdq": 0, "read": {"device_start": -1, "device_end": -1}}, "FFC_sans_bias54": {"write": {"device_start": 1585578568.8936467, "host_queued_start": 1585578634.068531, "device_queued": 1585578568.890909, "device_end": 1585578568.8936758, "host_queued_end": 1585578634.079826}, "device": "gpu", "nd_range": {"device_start": 1585578568.8936923, "device_end": 1585578568.8942933}, "cmdq": 0, "read": {"device_start": -1, "device_end": -1}}, "FFC_sans_bias56": {"write": {"device_start": 1585578568.89289, "host_queued_start": 1585578634.067489, "device_queued": 1585578568.8908594, "device_end": 1585578568.8929124, "host_queued_end": 1585578634.079826}, "device": "gpu", "nd_range": {"device_start": 1585578568.8929207, "device_end": 1585578568.893519}, "cmdq": 0, "read": {"device_start": -1, "device_end": -1}}, "FFC_sans_bias51": {"write": {"device_start": -1, "host_queued_start": 1585578634.075919, "device_queued": -1, "device_end": -1, "host_queued_end": 1585578634.079826}, "device": "gpu", "nd_range": {"device_start": 1585578568.8997924, "device_end": 1585578568.900389}, "cmdq": 0, "read": {"device_start": -1, "device_end": -1}}, "softmax23": {"write": {"device_start": -1, "host_queued_start": 1585578634.105624, "device_queued": -1, "device_end": -1, "host_queued_end": 1585578634.113143}, "device": "cpu", "nd_range": {"device_start": 2246408.396240549, "device_end": 2246408.396331998}, "cmdq": 0, "read": {"device_start": -1, "device_end": -1}}, "FFC_sans_bias37": {"write": {"device_start": -1, "host_queued_start": 1585578634.100154, "device_queued": -1, "device_end": -1, "host_queued_end": 1585578634.113143}, "device": "cpu", "nd_range": {"device_start": 2246408.362652142, "device_end": 2246408.36672546}, "cmdq": 0, "read": {"device_start": -1, "device_end": -1}}, "empty62": {"write": {"device_start": 1585578568.890331, "host_queued_start": 1585578634.06246, "device_queued": 1585578568.89016, "device_end": 1585578568.890357, "host_queued_end": 1585578634.079826}, "device": "gpu", "nd_range": {"device_start": 1585578568.8903599, "device_end": 1585578568.8903632}, "cmdq": 0, "read": {"device_start": -1, "device_end": -1}}, "FFC_sans_bias70": {"write": {"device_start": 1585578568.9034193, "host_queued_start": 1585578634.079721, "device_queued": 1585578568.892108, "device_end": 1585578568.9034498, "host_queued_end": 1585578634.079826}, "device": "gpu", "nd_range": {"device_start": 1585578568.9034524, "device_end": 1585578568.9040492}, "cmdq": 0, "read": {"device_start": 1585578568.9040582, "device_end": 1585578568.9040813}}, "FFC_sans_bias58": {"write": {"device_start": -1, "host_queued_start": 1585578634.074493, "device_queued": -1, "device_end": -1, "host_queued_end": 1585578634.079826}, "device": "gpu", "nd_range": {"device_start": 1585578568.8979707, "device_end": 1585578568.8985684}, "cmdq": 0, "read": {"device_start": -1, "device_end": -1}}, "softmax41": {"write": {"device_start": -1, "host_queued_start": 1585578634.106189, "device_queued": -1, "device_end": -1, "host_queued_end": 1585578634.113143}, "device": "cpu", "nd_range": {"device_start": 2246408.3965461603, "device_end": 2246408.396665139}, "cmdq": 0, "read": {"device_start": -1, "device_end": -1}}, "FFC_sans_bias11": {"write": {"device_start": -1, "host_queued_start": 1585578634.091372, "device_queued": -1, "device_end": -1, "host_queued_end": 1585578634.113143}, "device": "cpu", "nd_range": {"device_start": 2246408.324147311, "device_end": 2246408.3284521233}, "cmdq": 0, "read": {"device_start": -1, "device_end": -1}}, "FFC_sans_bias10": {"write": {"device_start": -1, "host_queued_start": 1585578634.090283, "device_queued": -1, "device_end": -1, "host_queued_end": 1585578634.113143}, "device": "cpu", "nd_range": {"device_start": 2246408.3193812133, "device_end": 2246408.324141777}, "cmdq": 0, "read": {"device_start": -1, "device_end": -1}}, "coalesced_transpose3": {"write": {"device_start": -1, "host_queued_start": 1585578634.101543, "device_queued": -1, "device_end": -1, "host_queued_end": 1585578634.113143}, "device": "cpu", "nd_range": {"device_start": 2246408.372015111, "device_end": 2246408.3721650853}, "cmdq": 0, "read": {"device_start": -1, "device_end": -1}}, "FFC_sans_bias34": {"write": {"device_start": -1, "host_queued_start": 1585578634.112103, "device_queued": -1, "device_end": -1, "host_queued_end": 1585578634.113143}, "device": "cpu", "nd_range": {"device_start": 2246408.433290531, "device_end": 2246408.437569457}, "cmdq": 0, "read": {"device_start": -1, "device_end": -1}}, "FFC_sans_bias15": {"write": {"device_start": -1, "host_queued_start": 1585578634.106905, "device_queued": -1, "device_end": -1, "host_queued_end": 1585578634.113143}, "device": "cpu", "nd_range": {"device_start": 2246408.401094601, "device_end": 2246408.4055965734}, "cmdq": 0, "read": {"device_start": -1, "device_end": -1}}, "FFC_sans_bias31": {"write": {"device_start": -1, "host_queued_start": 1585578634.104434, "device_queued": -1, "device_end": -1, "host_queued_end": 1585578634.113143}, "device": "cpu", "nd_range": {"device_start": 2246408.3865691, "device_end": 2246408.391313394}, "cmdq": 0, "read": {"device_start": -1, "device_end": -1}}, "FFC_sans_bias16": {"write": {"device_start": -1, "host_queued_start": 1585578634.110091, "device_queued": -1, "device_end": -1, "host_queued_end": 1585578634.113143}, "device": "cpu", "nd_range": {"device_start": 2246408.4241207093, "device_end": 2246408.428511179}, "cmdq": 0, "read": {"device_start": -1, "device_end": -1}}, "FFC_sans_bias19": {"write": {"device_start": -1, "host_queued_start": 1585578634.093702, "device_queued": -1, "device_end": -1, "host_queued_end": 1585578634.113143}, "device": "cpu", "nd_range": {"device_start": 2246408.333500721, "device_end": 2246408.338616655}, "cmdq": 0, "read": {"device_start": -1, "device_end": -1}}, "FFC_sans_bias18": {"write": {"device_start": -1, "host_queued_start": 1585578634.092518, "device_queued": -1, "device_end": -1, "host_queued_end": 1585578634.113143}, "device": "cpu", "nd_range": {"device_start": 2246408.3284578393, "device_end": 2246408.3334954893}, "cmdq": 0, "read": {"device_start": -1, "device_end": -1}}, "coalesced_transpose30": {"write": {"device_start": -1, "host_queued_start": 1585578634.102613, "device_queued": -1, "device_end": -1, "host_queued_end": 1585578634.113143}, "device": "cpu", "nd_range": {"device_start": 2246408.3728250423, "device_end": 2246408.372948456}, "cmdq": 0, "read": {"device_start": -1, "device_end": -1}}, "FFC_sans_bias69": {"write": {"device_start": -1, "host_queued_start": 1585578634.076572, "device_queued": -1, "device_end": -1, "host_queued_end": 1585578634.079826}, "device": "gpu", "nd_range": {"device_start": 1585578568.9009836, "device_end": 1585578568.9015803}, "cmdq": 0, "read": {"device_start": -1, "device_end": -1}}, "FFC_sans_bias38": {"write": {"device_start": -1, "host_queued_start": 1585578634.101207, "device_queued": -1, "device_end": -1, "host_queued_end": 1585578634.113143}, "device": "cpu", "nd_range": {"device_start": 2246408.366730838, "device_end": 2246408.3720097123}, "cmdq": 0, "read": {"device_start": -1, "device_end": -1}}, "coalesced_transpose57": {"write": {"device_start": -1, "host_queued_start": 1585578634.073551, "device_queued": -1, "device_end": -1, "host_queued_end": 1585578634.079826}, "device": "gpu", "nd_range": {"device_start": 1585578568.8973517, "device_end": 1585578568.8973596}, "cmdq": 0, "read": {"device_start": -1, "device_end": -1}}, "empty26": {"write": {"device_start": -1, "host_queued_start": 1585578634.083086, "device_queued": -1, "device_end": -1, "host_queued_end": 1585578634.113143}, "device": "cpu", "nd_range": {"device_start": 2246408.302787872, "device_end": 2246408.302788544}, "cmdq": 0, "read": {"device_start": -1, "device_end": -1}}, "coalesced_transpose12": {"write": {"device_start": -1, "host_queued_start": 1585578634.101897, "device_queued": -1, "device_end": -1, "host_queued_end": 1585578634.113143}, "device": "cpu", "nd_range": {"device_start": 2246408.372307075, "device_end": 2246408.3724356783}, "cmdq": 0, "read": {"device_start": -1, "device_end": -1}}, "empty44": {"write": {"device_start": -1, "host_queued_start": 1585578634.084868, "device_queued": -1, "device_end": -1, "host_queued_end": 1585578634.113143}, "device": "cpu", "nd_range": {"device_start": 2246408.3027984393, "device_end": 2246408.3027990153}, "cmdq": 0, "read": {"device_start": -1, "device_end": -1}}, "coalesced_transpose21": {"write": {"device_start": -1, "host_queued_start": 1585578634.102242, "device_queued": -1, "device_end": -1, "host_queued_end": 1585578634.113143}, "device": "cpu", "nd_range": {"device_start": 2246408.3725688513, "device_end": 2246408.3726978553}, "cmdq": 0, "read": {"device_start": -1, "device_end": -1}}, "FFC_sans_bias36": {"write": {"device_start": -1, "host_queued_start": 1585578634.099102, "device_queued": -1, "device_end": -1, "host_queued_end": 1585578634.113143}, "device": "cpu", "nd_range": {"device_start": 2246408.3576806462, "device_end": 2246408.362646996}, "cmdq": 0, "read": {"device_start": -1, "device_end": -1}}, "softmax14": {"write": {"device_start": -1, "host_queued_start": 1585578634.105349, "device_queued": -1, "device_end": -1, "host_queued_end": 1585578634.113143}, "device": "cpu", "nd_range": {"device_start": 2246408.396014775, "device_end": 2246408.396119201}, "cmdq": 0, "read": {"device_start": -1, "device_end": -1}}, "FFC_sans_bias13": {"write": {"device_start": -1, "host_queued_start": 1585578634.103739, "device_queued": -1, "device_end": -1, "host_queued_end": 1585578634.113143}, "device": "cpu", "nd_range": {"device_start": 2246408.3773774332, "device_end": 2246408.382332753}, "cmdq": 0, "read": {"device_start": -1, "device_end": -1}}, "empty8": {"write": {"device_start": -1, "host_queued_start": 1585578634.081211, "device_queued": -1, "device_end": -1, "host_queued_end": 1585578634.113143}, "device": "cpu", "nd_range": {"device_start": 2246408.3027459383, "device_end": 2246408.302760708}, "cmdq": 0, "read": {"device_start": -1, "device_end": -1}}, "FFC_sans_bias42": {"write": {"device_start": -1, "host_queued_start": 1585578634.108005, "device_queued": -1, "device_end": -1, "host_queued_end": 1585578634.113143}, "device": "cpu", "nd_range": {"device_start": 2246408.4150428493, "device_end": 2246408.4195335973}, "cmdq": 0, "read": {"device_start": -1, "device_end": -1}}, "FFC_sans_bias43": {"write": {"device_start": -1, "host_queued_start": 1585578634.113098, "device_queued": -1, "device_end": -1, "host_queued_end": 1585578634.113143}, "device": "cpu", "nd_range": {"device_start": 2246408.4375722073, "device_end": 2246408.442077667}, "cmdq": 0, "read": {"device_start": -1, "device_end": -1}}, "FFC_sans_bias40": {"write": {"device_start": -1, "host_queued_start": 1585578634.104785, "device_queued": -1, "device_end": -1, "host_queued_end": 1585578634.113143}, "device": "cpu", "nd_range": {"device_start": 2246408.3913187752, "device_end": 2246408.395721159}, "cmdq": 0, "read": {"device_start": -1, "device_end": -1}}, "softmax32": {"write": {"device_start": -1, "host_queued_start": 1585578634.105897, "device_queued": -1, "device_end": -1, "host_queued_end": 1585578634.113143}, "device": "cpu", "nd_range": {"device_start": 2246408.396447653, "device_end": 2246408.396539567}, "cmdq": 0, "read": {"device_start": -1, "device_end": -1}}, "FFC_sans_bias47": {"write": {"device_start": 1585578568.8921628, "host_queued_start": 1585578634.066397, "device_queued": 1585578568.890696, "device_end": 1585578568.892187, "host_queued_end": 1585578634.079826}, "device": "gpu", "nd_range": {"device_start": 1585578568.8921962, "device_end": 1585578568.8927848}, "cmdq": 0, "read": {"device_start": -1, "device_end": -1}}, "FFC_sans_bias45": {"write": {"device_start": 1585578568.8906608, "host_queued_start": 1585578634.064306, "device_queued": 1585578568.8902955, "device_end": 1585578568.8906934, "host_queued_end": 1585578634.079826}, "device": "gpu", "nd_range": {"device_start": 1585578568.8906994, "device_end": 1585578568.8912976}, "cmdq": 0, "read": {"device_start": -1, "device_end": -1}}, "softmax50": {"write": {"device_start": -1, "host_queued_start": 1585578634.075108, "device_queued": -1, "device_end": -1, "host_queued_end": 1585578634.079826}, "device": "gpu", "nd_range": {"device_start": 1585578568.8991692, "device_end": 1585578568.8993816}, "cmdq": 0, "read": {"device_start": -1, "device_end": -1}}, "FFC_sans_bias33": {"write": {"device_start": -1, "host_queued_start": 1585578634.107639, "device_queued": -1, "device_end": -1, "host_queued_end": 1585578634.113143}, "device": "cpu", "nd_range": {"device_start": 2246408.410251916, "device_end": 2246408.415029259}, "cmdq": 0, "read": {"device_start": -1, "device_end": -1}}, "FFC_sans_bias63": {"write": {"device_start": 1585578568.8967094, "host_queued_start": 1585578634.072913, "device_queued": 1585578568.8912668, "device_end": 1585578568.8967395, "host_queued_end": 1585578634.079826}, "device": "gpu", "nd_range": {"device_start": 1585578568.8967428, "device_end": 1585578568.8973405}, "cmdq": 0, "read": {"device_start": -1, "device_end": -1}}, "FFC_sans_bias49": {"write": {"device_start": -1, "host_queued_start": 1585578634.074174, "device_queued": -1, "device_end": -1, "host_queued_end": 1585578634.079826}, "device": "gpu", "nd_range": {"device_start": 1585578568.8973706, "device_end": 1585578568.8979697}, "cmdq": 0, "read": {"device_start": -1, "device_end": -1}}, "FFC_sans_bias64": {"write": {"device_start": 1585578568.8951929, "host_queued_start": 1585578634.070647, "device_queued": 1585578568.8911116, "device_end": 1585578568.8952227, "host_queued_end": 1585578634.079826}, "device": "gpu", "nd_range": {"device_start": 1585578568.8952296, "device_end": 1585578568.8958368}, "cmdq": 0, "read": {"device_start": -1, "device_end": -1}}, "FFC_sans_bias65": {"write": {"device_start": 1585578568.8959548, "host_queued_start": 1585578634.071689, "device_queued": 1585578568.8912365, "device_end": 1585578568.8959837, "host_queued_end": 1585578634.079826}, "device": "gpu", "nd_range": {"device_start": 1585578568.8959937, "device_end": 1585578568.8965833}, "cmdq": 0, "read": {"device_start": -1, "device_end": -1}}, "FFC_sans_bias67": {"write": {"device_start": -1, "host_queued_start": 1585578634.074854, "device_queued": -1, "device_end": -1, "host_queued_end": 1585578634.079826}, "device": "gpu", "nd_range": {"device_start": 1585578568.8985693, "device_end": 1585578568.899168}, "cmdq": 0, "read": {"device_start": -1, "device_end": -1}}, "FFC_sans_bias24": {"write": {"device_start": -1, "host_queued_start": 1585578634.107273, "device_queued": -1, "device_end": -1, "host_queued_end": 1585578634.113143}, "device": "cpu", "nd_range": {"device_start": 2246408.405602109, "device_end": 2246408.410246759}, "cmdq": 0, "read": {"device_start": -1, "device_end": -1}}, "FFC_sans_bias25": {"write": {"device_start": -1, "host_queued_start": 1585578634.111103, "device_queued": -1, "device_end": -1, "host_queued_end": 1585578634.113143}, "device": "cpu", "nd_range": {"device_start": 2246408.428513856, "device_end": 2246408.433287907}, "cmdq": 0, "read": {"device_start": -1, "device_end": -1}}, "FFC_sans_bias27": {"write": {"device_start": -1, "host_queued_start": 1585578634.095904, "device_queued": -1, "device_end": -1, "host_queued_end": 1585578634.113143}, "device": "cpu", "nd_range": {"device_start": 2246408.342920319, "device_end": 2246408.347328835}, "cmdq": 0, "read": {"device_start": -1, "device_end": -1}}, "FFC_sans_bias20": {"write": {"device_start": -1, "host_queued_start": 1585578634.094855, "device_queued": -1, "device_end": -1, "host_queued_end": 1585578634.113143}, "device": "cpu", "nd_range": {"device_start": 2246408.3386219223, "device_end": 2246408.342915934}, "cmdq": 0, "read": {"device_start": -1, "device_end": -1}}, "FFC_sans_bias22": {"write": {"device_start": -1, "host_queued_start": 1585578634.104085, "device_queued": -1, "device_end": -1, "host_queued_end": 1585578634.113143}, "device": "cpu", "nd_range": {"device_start": 2246408.382337918, "device_end": 2246408.38656377}, "cmdq": 0, "read": {"device_start": -1, "device_end": -1}}, "softmax68": {"write": {"device_start": -1, "host_queued_start": 1585578634.075604, "device_queued": -1, "device_end": -1, "host_queued_end": 1585578634.079826}, "device": "gpu", "nd_range": {"device_start": 1585578568.8995914, "device_end": 1585578568.8997915}, "cmdq": 0, "read": {"device_start": -1, "device_end": -1}}, "softmax5": {"write": {"device_start": -1, "host_queued_start": 1585578634.105071, "device_queued": -1, "device_end": -1, "host_queued_end": 1585578634.113143}, "device": "cpu", "nd_range": {"device_start": 2246408.3957262402, "device_end": 2246408.395886563}, "cmdq": 0, "read": {"device_start": -1, "device_end": -1}}, "FFC_sans_bias28": {"write": {"device_start": -1, "host_queued_start": 1585578634.096955, "device_queued": -1, "device_end": -1, "host_queued_end": 1585578634.113143}, "device": "cpu", "nd_range": {"device_start": 2246408.347471354, "device_end": 2246408.3521646974}, "cmdq": 0, "read": {"device_start": -1, "device_end": -1}}, "FFC_sans_bias29": {"write": {"device_start": -1, "host_queued_start": 1585578634.098015, "device_queued": -1, "device_end": -1, "host_queued_end": 1585578634.113143}, "device": "cpu", "nd_range": {"device_start": 2246408.352170839, "device_end": 2246408.3576753982}, "cmdq": 0, "read": {"device_start": -1, "device_end": -1}}, "empty17": {"write": {"device_start": -1, "host_queued_start": 1585578634.082186, "device_queued": -1, "device_end": -1, "host_queued_end": 1585578634.113143}, "device": "cpu", "nd_range": {"device_start": 2246408.302780859, "device_end": 2246408.302782333}, "cmdq": 0, "read": {"device_start": -1, "device_end": -1}}, "softmax59": {"write": {"device_start": -1, "host_queued_start": 1585578634.075353, "device_queued": -1, "device_end": -1, "host_queued_end": 1585578634.079826}, "device": "gpu", "nd_range": {"device_start": 1585578568.8993828, "device_end": 1585578568.8995905}, "cmdq": 0, "read": {"device_start": -1, "device_end": -1}}, "empty71": {"write": {"device_start": 1585578568.890494, "host_queued_start": 1585578634.063322, "device_queued": 1585578568.8902545, "device_end": 1585578568.890519, "host_queued_end": 1585578634.079826}, "device": "gpu", "nd_range": {"device_start": 1585578568.890522, "device_end": 1585578568.8905299}, "cmdq": 0, "read": {"device_start": -1, "device_end": -1}}, "empty35": {"write": {"device_start": -1, "host_queued_start": 1585578634.08396, "device_queued": -1, "device_end": -1, "host_queued_end": 1585578634.113143}, "device": "cpu", "nd_range": {"device_start": 2246408.302793099, "device_end": 2246408.302793663}, "cmdq": 0, "read": {"device_start": -1, "device_end": -1}}, "empty53": {"write": {"device_start": 1585578568.8901641, "host_queued_start": 1585578634.061401, "device_queued": 1585578568.8900278, "device_end": 1585578568.8901913, "host_queued_end": 1585578634.079826}, "device": "gpu", "nd_range": {"device_start": 1585578568.890196, "device_end": 1585578568.8902009}, "cmdq": 0, "read": {"device_start": -1, "device_end": -1}}, "FFC_sans_bias46": {"write": {"device_start": 1585578568.8913941, "host_queued_start": 1585578634.065354, "device_queued": 1585578568.8906338, "device_end": 1585578568.891424, "host_queued_end": 1585578634.079826}, "device": "gpu", "nd_range": {"device_start": 1585578568.8914268, "device_end": 1585578568.8920267}, "cmdq": 0, "read": {"device_start": -1, "device_end": -1}}, "coalesced_transpose66": {"write": {"device_start": -1, "host_queued_start": 1585578634.073856, "device_queued": -1, "device_end": -1, "host_queued_end": 1585578634.079826}, "device": "gpu", "nd_range": {"device_start": 1585578568.897361, "device_end": 1585578568.8973691}, "cmdq": 0, "read": {"device_start": -1, "device_end": -1}}, "coalesced_transpose48": {"write": {"device_start": -1, "host_queued_start": 1585578634.073245, "device_queued": -1, "device_end": -1, "host_queued_end": 1585578634.079826}, "device": "gpu", "nd_range": {"device_start": 1585578568.8973427, "device_end": 1585578568.8973508}, "cmdq": 0, "read": {"device_start": -1, "device_end": -1}}}