{"FFC_sans_bias60": {"write": {"device_start": -1, "host_queued_start": 1585579007.094926, "device_queued": -1, "device_end": -1, "host_queued_end": 1585579007.10054}, "device": "gpu", "nd_range": {"device_start": 1585578941.9123461, "device_end": 1585578941.9139874}, "cmdq": 2, "read": {"device_start": -1, "device_end": -1}}, "FFC_sans_bias4": {"write": {"device_start": -1, "host_queued_start": 1585579007.116242, "device_queued": -1, "device_end": -1, "host_queued_end": 1585579007.122104}, "device": "cpu", "nd_range": {"device_start": 2246781.352110273, "device_end": 2246781.3578018723}, "cmdq": 0, "read": {"device_start": -1, "device_end": -1}}, "FFC_sans_bias7": {"write": {"device_start": -1, "host_queued_start": 1585579007.120027, "device_queued": -1, "device_end": -1, "host_queued_end": 1585579007.122104}, "device": "cpu", "nd_range": {"device_start": 2246781.386035366, "device_end": 2246781.392449954}, "cmdq": 0, "read": {"device_start": -1, "device_end": -1}}, "FFC_sans_bias6": {"write": {"device_start": -1, "host_queued_start": 1585579007.118286, "device_queued": -1, "device_end": -1, "host_queued_end": 1585579007.122104}, "device": "cpu", "nd_range": {"device_start": 2246781.36912973, "device_end": 2246781.37468589}, "cmdq": 0, "read": {"device_start": -1, "device_end": -1}}, "FFC_sans_bias1": {"write": {"device_start": -1, "host_queued_start": 1585579007.106769, "device_queued": -1, "device_end": -1, "host_queued_end": 1585579007.122104}, "device": "cpu", "nd_range": {"device_start": 2246781.3159761312, "device_end": 2246781.3202766543}, "cmdq": 0, "read": {"device_start": -1, "device_end": -1}}, "FFC_sans_bias0": {"write": {"device_start": -1, "host_queued_start": 1585579007.105445, "device_queued": -1, "device_end": -1, "host_queued_end": 1585579007.122104}, "device": "cpu", "nd_range": {"device_start": 2246781.3117301273, "device_end": 2246781.315955662}, "cmdq": 0, "read": {"device_start": -1, "device_end": -1}}, "FFC_sans_bias2": {"write": {"device_start": -1, "host_queued_start": 1585579007.108004, "device_queued": -1, "device_end": -1, "host_queued_end": 1585579007.122104}, "device": "cpu", "nd_range": {"device_start": 2246781.3202992403, "device_end": 2246781.324247619}, "cmdq": 0, "read": {"device_start": -1, "device_end": -1}}, "FFC_sans_bias61": {"write": {"device_start": 1585578941.9146209, "host_queued_start": 1585579007.099397, "device_queued": 1585578941.9042895, "device_end": 1585578941.9146523, "host_queued_end": 1585579007.10054}, "device": "gpu", "nd_range": {"device_start": 1585578941.9146602, "device_end": 1585578941.9164023}, "cmdq": 3, "read": {"device_start": 1585578941.9164062, "device_end": 1585578941.9164312}}, "FFC_sans_bias52": {"write": {"device_start": 1585578941.9141111, "host_queued_start": 1585579007.098349, "device_queued": 1585578941.9042728, "device_end": 1585578941.914142, "host_queued_end": 1585579007.10054}, "device": "gpu", "nd_range": {"device_start": 1585578941.9141543, "device_end": 1585578941.915946}, "cmdq": 2, "read": {"device_start": 1585578941.9159565, "device_end": 1585578941.9159837}}, "FFC_sans_bias9": {"write": {"device_start": -1, "host_queued_start": 1585579007.109054, "device_queued": -1, "device_end": -1, "host_queued_end": 1585579007.122104}, "device": "cpu", "nd_range": {"device_start": 2246781.324253487, "device_end": 2246781.3282453003}, "cmdq": 0, "read": {"device_start": -1, "device_end": -1}}, "coalesced_transpose39": {"write": {"device_start": -1, "host_queued_start": 1585579007.089836, "device_queued": -1, "device_end": -1, "host_queued_end": 1585579007.10054}, "device": "gpu", "nd_range": {"device_start": 1585578941.9080236, "device_end": 1585578941.908866}, "cmdq": 1, "read": {"device_start": -1, "device_end": -1}}, "FFC_sans_bias55": {"write": {"device_start": 1585578941.9057288, "host_queued_start": 1585579007.086006, "device_queued": 1585578941.9025748, "device_end": 1585578941.9057612, "host_queued_end": 1585579007.10054}, "device": "gpu", "nd_range": {"device_start": 1585578941.905767, "device_end": 1585578941.9075592}, "cmdq": 0, "read": {"device_start": -1, "device_end": -1}}, "FFC_sans_bias54": {"write": {"device_start": 1585578941.9052796, "host_queued_start": 1585579007.084958, "device_queued": 1585578941.9023418, "device_end": 1585578941.905312, "host_queued_end": 1585579007.10054}, "device": "gpu", "nd_range": {"device_start": 1585578941.9053273, "device_end": 1585578941.9070578}, "cmdq": 3, "read": {"device_start": -1, "device_end": -1}}, "FFC_sans_bias56": {"write": {"device_start": 1585578941.9047563, "host_queued_start": 1585579007.083923, "device_queued": 1585578941.9023225, "device_end": 1585578941.9047885, "host_queued_end": 1585579007.10054}, "device": "gpu", "nd_range": {"device_start": 1585578941.9047964, "device_end": 1585578941.906584}, "cmdq": 2, "read": {"device_start": -1, "device_end": -1}}, "FFC_sans_bias51": {"write": {"device_start": -1, "host_queued_start": 1585579007.094609, "device_queued": -1, "device_end": -1, "host_queued_end": 1585579007.10054}, "device": "gpu", "nd_range": {"device_start": 1585578941.911992, "device_end": 1585578941.9135294}, "cmdq": 1, "read": {"device_start": -1, "device_end": -1}}, "softmax23": {"write": {"device_start": -1, "host_queued_start": 1585579007.117945, "device_queued": -1, "device_end": -1, "host_queued_end": 1585579007.122104}, "device": "cpu", "nd_range": {"device_start": 2246781.368932431, "device_end": 2246781.3691247143}, "cmdq": 0, "read": {"device_start": -1, "device_end": -1}}, "FFC_sans_bias37": {"write": {"device_start": 1585578941.902374, "host_queued_start": 1585579007.07847, "device_queued": 1585578941.901872, "device_end": 1585578941.9023983, "host_queued_end": 1585579007.10054}, "device": "gpu", "nd_range": {"device_start": 1585578941.9024014, "device_end": 1585578941.9042063}, "cmdq": 1, "read": {"device_start": -1, "device_end": -1}}, "empty62": {"write": {"device_start": 1585578941.9011388, "host_queued_start": 1585579007.072335, "device_queued": 1585578941.9008834, "device_end": 1585578941.9011645, "host_queued_end": 1585579007.10054}, "device": "gpu", "nd_range": {"device_start": 1585578941.9011679, "device_end": 1585578941.9011712}, "cmdq": 3, "read": {"device_start": -1, "device_end": -1}}, "FFC_sans_bias70": {"write": {"device_start": 1585578941.9152126, "host_queued_start": 1585579007.100442, "device_queued": 1585578941.9045737, "device_end": 1585578941.915244, "host_queued_end": 1585579007.10054}, "device": "gpu", "nd_range": {"device_start": 1585578941.9152513, "device_end": 1585578941.9168773}, "cmdq": 0, "read": {"device_start": 1585578941.9168851, "device_end": 1585578941.9169078}}, "FFC_sans_bias58": {"write": {"device_start": -1, "host_queued_start": 1585579007.092098, "device_queued": -1, "device_end": -1, "host_queued_end": 1585579007.10054}, "device": "gpu", "nd_range": {"device_start": 1585578941.9090233, "device_end": 1585578941.9109921}, "cmdq": 0, "read": {"device_start": -1, "device_end": -1}}, "softmax41": {"write": {"device_start": -1, "host_queued_start": 1585579007.092914, "device_queued": -1, "device_end": -1, "host_queued_end": 1585579007.10054}, "device": "gpu", "nd_range": {"device_start": 1585578941.9105754, "device_end": 1585578941.9119647}, "cmdq": 3, "read": {"device_start": -1, "device_end": -1}}, "FFC_sans_bias11": {"write": {"device_start": -1, "host_queued_start": 1585579007.111216, "device_queued": -1, "device_end": -1, "host_queued_end": 1585579007.122104}, "device": "cpu", "nd_range": {"device_start": 2246781.3329637353, "device_end": 2246781.337261824}, "cmdq": 0, "read": {"device_start": -1, "device_end": -1}}, "FFC_sans_bias10": {"write": {"device_start": -1, "host_queued_start": 1585579007.110121, "device_queued": -1, "device_end": -1, "host_queued_end": 1585579007.122104}, "device": "cpu", "nd_range": {"device_start": 2246781.3282512673, "device_end": 2246781.332958099}, "cmdq": 0, "read": {"device_start": -1, "device_end": -1}}, "coalesced_transpose3": {"write": {"device_start": -1, "host_queued_start": 1585579007.115109, "device_queued": -1, "device_end": -1, "host_queued_end": 1585579007.122104}, "device": "cpu", "nd_range": {"device_start": 2246781.3515364854, "device_end": 2246781.3517578742}, "cmdq": 0, "read": {"device_start": -1, "device_end": -1}}, "FFC_sans_bias34": {"write": {"device_start": 1585578941.9131458, "host_queued_start": 1585579007.096266, "device_queued": 1585578941.9040751, "device_end": 1585578941.9131722, "host_queued_end": 1585579007.10054}, "device": "gpu", "nd_range": {"device_start": 1585578941.9131894, "device_end": 1585578941.9149675}, "cmdq": 0, "read": {"device_start": 1585578941.9149766, "device_end": 1585578941.9150002}}, "FFC_sans_bias15": {"write": {"device_start": -1, "host_queued_start": 1585579007.118642, "device_queued": -1, "device_end": -1, "host_queued_end": 1585579007.122104}, "device": "cpu", "nd_range": {"device_start": 2246781.3746923204, "device_end": 2246781.380597475}, "cmdq": 0, "read": {"device_start": -1, "device_end": -1}}, "FFC_sans_bias31": {"write": {"device_start": -1, "host_queued_start": 1585579007.091145, "device_queued": -1, "device_end": -1, "host_queued_end": 1585579007.10054}, "device": "gpu", "nd_range": {"device_start": 1585578941.9089906, "device_end": 1585578941.9095948}, "cmdq": 1, "read": {"device_start": -1, "device_end": -1}}, "FFC_sans_bias16": {"write": {"device_start": -1, "host_queued_start": 1585579007.121019, "device_queued": -1, "device_end": -1, "host_queued_end": 1585579007.122104}, "device": "cpu", "nd_range": {"device_start": 2246781.3924535, "device_end": 2246781.3988168812}, "cmdq": 0, "read": {"device_start": -1, "device_end": -1}}, "FFC_sans_bias19": {"write": {"device_start": -1, "host_queued_start": 1585579007.113313, "device_queued": -1, "device_end": -1, "host_queued_end": 1585579007.122104}, "device": "cpu", "nd_range": {"device_start": 2246781.3421556903, "device_end": 2246781.346935934}, "cmdq": 0, "read": {"device_start": -1, "device_end": -1}}, "FFC_sans_bias18": {"write": {"device_start": -1, "host_queued_start": 1585579007.112266, "device_queued": -1, "device_end": -1, "host_queued_end": 1585579007.122104}, "device": "cpu", "nd_range": {"device_start": 2246781.337395042, "device_end": 2246781.3421490393}, "cmdq": 0, "read": {"device_start": -1, "device_end": -1}}, "coalesced_transpose30": {"write": {"device_start": -1, "host_queued_start": 1585579007.089528, "device_queued": -1, "device_end": -1, "host_queued_end": 1585579007.10054}, "device": "gpu", "nd_range": {"device_start": 1585578941.9075606, "device_end": 1585578941.9088516}, "cmdq": 0, "read": {"device_start": -1, "device_end": -1}}, "FFC_sans_bias69": {"write": {"device_start": -1, "host_queued_start": 1585579007.095251, "device_queued": -1, "device_end": -1, "host_queued_end": 1585579007.10054}, "device": "gpu", "nd_range": {"device_start": 1585578941.912579, "device_end": 1585578941.914492}, "cmdq": 3, "read": {"device_start": -1, "device_end": -1}}, "FFC_sans_bias38": {"write": {"device_start": 1585578941.9027765, "host_queued_start": 1585579007.079731, "device_queued": 1585578941.9019058, "device_end": 1585578941.9028015, "host_queued_end": 1585579007.10054}, "device": "gpu", "nd_range": {"device_start": 1585578941.9028072, "device_end": 1585578941.904617}, "cmdq": 2, "read": {"device_start": -1, "device_end": -1}}, "coalesced_transpose57": {"write": {"device_start": -1, "host_queued_start": 1585579007.090463, "device_queued": -1, "device_end": -1, "host_queued_end": 1585579007.10054}, "device": "gpu", "nd_range": {"device_start": 1585578941.9089777, "device_end": 1585578941.9090054}, "cmdq": 3, "read": {"device_start": -1, "device_end": -1}}, "empty26": {"write": {"device_start": -1, "host_queued_start": 1585579007.104261, "device_queued": -1, "device_end": -1, "host_queued_end": 1585579007.122104}, "device": "cpu", "nd_range": {"device_start": 2246781.31172384, "device_end": 2246781.311724612}, "cmdq": 0, "read": {"device_start": -1, "device_end": -1}}, "coalesced_transpose12": {"write": {"device_start": -1, "host_queued_start": 1585579007.115468, "device_queued": -1, "device_end": -1, "host_queued_end": 1585579007.122104}, "device": "cpu", "nd_range": {"device_start": 2246781.3517680643, "device_end": 2246781.351925706}, "cmdq": 0, "read": {"device_start": -1, "device_end": -1}}, "empty44": {"write": {"device_start": 1585578941.9009194, "host_queued_start": 1585579007.07056, "device_queued": 1585578941.90082, "device_end": 1585578941.9009836, "host_queued_end": 1585579007.10054}, "device": "gpu", "nd_range": {"device_start": 1585578941.9009922, "device_end": 1585578941.900997}, "cmdq": 1, "read": {"device_start": -1, "device_end": -1}}, "coalesced_transpose21": {"write": {"device_start": -1, "host_queued_start": 1585579007.115859, "device_queued": -1, "device_end": -1, "host_queued_end": 1585579007.122104}, "device": "cpu", "nd_range": {"device_start": 2246781.351935679, "device_end": 2246781.352103601}, "cmdq": 0, "read": {"device_start": -1, "device_end": -1}}, "FFC_sans_bias36": {"write": {"device_start": 1585578941.9017665, "host_queued_start": 1585579007.077431, "device_queued": 1585578941.9016697, "device_end": 1585578941.9017994, "host_queued_end": 1585579007.10054}, "device": "gpu", "nd_range": {"device_start": 1585578941.901863, "device_end": 1585578941.903629}, "cmdq": 0, "read": {"device_start": -1, "device_end": -1}}, "softmax14": {"write": {"device_start": -1, "host_queued_start": 1585579007.117671, "device_queued": -1, "device_end": -1, "host_queued_end": 1585579007.122104}, "device": "cpu", "nd_range": {"device_start": 2246781.3686775123, "device_end": 2246781.368918282}, "cmdq": 0, "read": {"device_start": -1, "device_end": -1}}, "FFC_sans_bias13": {"write": {"device_start": -1, "host_queued_start": 1585579007.116684, "device_queued": -1, "device_end": -1, "host_queued_end": 1585579007.122104}, "device": "cpu", "nd_range": {"device_start": 2246781.357807925, "device_end": 2246781.3630958693}, "cmdq": 0, "read": {"device_start": -1, "device_end": -1}}, "empty8": {"write": {"device_start": -1, "host_queued_start": 1585579007.102063, "device_queued": -1, "device_end": -1, "host_queued_end": 1585579007.122104}, "device": "cpu", "nd_range": {"device_start": 2246781.311687846, "device_end": 2246781.311699321}, "cmdq": 0, "read": {"device_start": -1, "device_end": -1}}, "FFC_sans_bias42": {"write": {"device_start": -1, "host_queued_start": 1585579007.094284, "device_queued": -1, "device_end": -1, "host_queued_end": 1585579007.10054}, "device": "gpu", "nd_range": {"device_start": 1585578941.9119818, "device_end": 1585578941.9129817}, "cmdq": 0, "read": {"device_start": -1, "device_end": -1}}, "FFC_sans_bias43": {"write": {"device_start": 1585578941.913662, "host_queued_start": 1585579007.097313, "device_queued": 1585578941.9042373, "device_end": 1585578941.9136932, "host_queued_end": 1585579007.10054}, "device": "gpu", "nd_range": {"device_start": 1585578941.9137, "device_end": 1585578941.9154568}, "cmdq": 1, "read": {"device_start": 1585578941.9154594, "device_end": 1585578941.9154835}}, "FFC_sans_bias40": {"write": {"device_start": -1, "host_queued_start": 1585579007.091462, "device_queued": -1, "device_end": -1, "host_queued_end": 1585579007.10054}, "device": "gpu", "nd_range": {"device_start": 1585578941.9090028, "device_end": 1585578941.9099975}, "cmdq": 2, "read": {"device_start": -1, "device_end": -1}}, "softmax32": {"write": {"device_start": -1, "host_queued_start": 1585579007.092665, "device_queued": -1, "device_end": -1, "host_queued_end": 1585579007.10054}, "device": "gpu", "nd_range": {"device_start": 1585578941.9100053, "device_end": 1585578941.9119546}, "cmdq": 2, "read": {"device_start": -1, "device_end": -1}}, "FFC_sans_bias47": {"write": {"device_start": 1585578941.9043381, "host_queued_start": 1585579007.082885, "device_queued": 1585578941.9022908, "device_end": 1585578941.9043632, "host_queued_end": 1585579007.10054}, "device": "gpu", "nd_range": {"device_start": 1585578941.9043748, "device_end": 1585578941.9060743}, "cmdq": 1, "read": {"device_start": -1, "device_end": -1}}, "FFC_sans_bias45": {"write": {"device_start": 1585578941.9033668, "host_queued_start": 1585579007.080777, "device_queued": 1585578941.90192, "device_end": 1585578941.9033976, "host_queued_end": 1585579007.10054}, "device": "gpu", "nd_range": {"device_start": 1585578941.9034033, "device_end": 1585578941.905156}, "cmdq": 3, "read": {"device_start": -1, "device_end": -1}}, "softmax50": {"write": {"device_start": -1, "host_queued_start": 1585579007.093166, "device_queued": -1, "device_end": -1, "host_queued_end": 1585579007.10054}, "device": "gpu", "nd_range": {"device_start": 1585578941.9110005, "device_end": 1585578941.9119747}, "cmdq": 0, "read": {"device_start": -1, "device_end": -1}}, "FFC_sans_bias33": {"write": {"device_start": -1, "host_queued_start": 1585579007.093968, "device_queued": -1, "device_end": -1, "host_queued_end": 1585579007.10054}, "device": "gpu", "nd_range": {"device_start": 1585578941.9119723, "device_end": 1585578941.9125717}, "cmdq": 3, "read": {"device_start": -1, "device_end": -1}}, "FFC_sans_bias63": {"write": {"device_start": 1585578941.9071846, "host_queued_start": 1585579007.089189, "device_queued": 1585578941.9028282, "device_end": 1585578941.907217, "host_queued_end": 1585579007.10054}, "device": "gpu", "nd_range": {"device_start": 1585578941.9072325, "device_end": 1585578941.9089687}, "cmdq": 3, "read": {"device_start": -1, "device_end": -1}}, "FFC_sans_bias49": {"write": {"device_start": -1, "host_queued_start": 1585579007.091779, "device_queued": -1, "device_end": -1, "host_queued_end": 1585579007.10054}, "device": "gpu", "nd_range": {"device_start": 1585578941.9090152, "device_end": 1585578941.9105666}, "cmdq": 3, "read": {"device_start": -1, "device_end": -1}}, "FFC_sans_bias64": {"write": {"device_start": 1585578941.906195, "host_queued_start": 1585579007.087083, "device_queued": 1585578941.902782, "device_end": 1585578941.9062274, "host_queued_end": 1585579007.10054}, "device": "gpu", "nd_range": {"device_start": 1585578941.9062352, "device_end": 1585578941.9080224}, "cmdq": 1, "read": {"device_start": -1, "device_end": -1}}, "FFC_sans_bias65": {"write": {"device_start": 1585578941.9067059, "host_queued_start": 1585579007.088141, "device_queued": 1585578941.9028046, "device_end": 1585578941.9067376, "host_queued_end": 1585579007.10054}, "device": "gpu", "nd_range": {"device_start": 1585578941.9067454, "device_end": 1585578941.9085212}, "cmdq": 2, "read": {"device_start": -1, "device_end": -1}}, "FFC_sans_bias67": {"write": {"device_start": -1, "host_queued_start": 1585579007.09241, "device_queued": -1, "device_end": -1, "host_queued_end": 1585579007.10054}, "device": "gpu", "nd_range": {"device_start": 1585578941.9096024, "device_end": 1585578941.9114685}, "cmdq": 1, "read": {"device_start": -1, "device_end": -1}}, "FFC_sans_bias24": {"write": {"device_start": -1, "host_queued_start": 1585579007.118987, "device_queued": -1, "device_end": -1, "host_queued_end": 1585579007.122104}, "device": "cpu", "nd_range": {"device_start": 2246781.3807400423, "device_end": 2246781.3860291704}, "cmdq": 0, "read": {"device_start": -1, "device_end": -1}}, "FFC_sans_bias25": {"write": {"device_start": -1, "host_queued_start": 1585579007.12206, "device_queued": -1, "device_end": -1, "host_queued_end": 1585579007.122104}, "device": "cpu", "nd_range": {"device_start": 2246781.3988240613, "device_end": 2246781.4043211723}, "cmdq": 0, "read": {"device_start": -1, "device_end": -1}}, "FFC_sans_bias27": {"write": {"device_start": 1585578941.9014137, "host_queued_start": 1585579007.074182, "device_queued": 1585578941.9012425, "device_end": 1585578941.9014826, "host_queued_end": 1585579007.10054}, "device": "gpu", "nd_range": {"device_start": 1585578941.9016204, "device_end": 1585578941.9022355}, "cmdq": 1, "read": {"device_start": -1, "device_end": -1}}, "FFC_sans_bias20": {"write": {"device_start": -1, "host_queued_start": 1585579007.114604, "device_queued": -1, "device_end": -1, "host_queued_end": 1585579007.122104}, "device": "cpu", "nd_range": {"device_start": 2246781.3469419233, "device_end": 2246781.3515300783}, "cmdq": 0, "read": {"device_start": -1, "device_end": -1}}, "FFC_sans_bias22": {"write": {"device_start": -1, "host_queued_start": 1585579007.117075, "device_queued": -1, "device_end": -1, "host_queued_end": 1585579007.122104}, "device": "cpu", "nd_range": {"device_start": 2246781.3632333963, "device_end": 2246781.3684765613}, "cmdq": 0, "read": {"device_start": -1, "device_end": -1}}, "softmax68": {"write": {"device_start": -1, "host_queued_start": 1585579007.093659, "device_queued": -1, "device_end": -1, "host_queued_end": 1585579007.10054}, "device": "gpu", "nd_range": {"device_start": 1585578941.911961, "device_end": 1585578941.9123392}, "cmdq": 2, "read": {"device_start": -1, "device_end": -1}}, "softmax5": {"write": {"device_start": -1, "host_queued_start": 1585579007.11737, "device_queued": -1, "device_end": -1, "host_queued_end": 1585579007.122104}, "device": "cpu", "nd_range": {"device_start": 2246781.3684825893, "device_end": 2246781.368671594}, "cmdq": 0, "read": {"device_start": -1, "device_end": -1}}, "FFC_sans_bias28": {"write": {"device_start": 1585578941.9015205, "host_queued_start": 1585579007.07531, "device_queued": 1585578941.9012582, "device_end": 1585578941.9015841, "host_queued_end": 1585579007.10054}, "device": "gpu", "nd_range": {"device_start": 1585578941.9016478, "device_end": 1585578941.9026363}, "cmdq": 2, "read": {"device_start": -1, "device_end": -1}}, "FFC_sans_bias29": {"write": {"device_start": 1585578941.9015982, "host_queued_start": 1585579007.076384, "device_queued": 1585578941.9012833, "device_end": 1585578941.9016254, "host_queued_end": 1585579007.10054}, "device": "gpu", "nd_range": {"device_start": 1585578941.9016633, "device_end": 1585578941.9032147}, "cmdq": 3, "read": {"device_start": -1, "device_end": -1}}, "empty17": {"write": {"device_start": -1, "host_queued_start": 1585579007.103265, "device_queued": -1, "device_end": -1, "host_queued_end": 1585579007.122104}, "device": "cpu", "nd_range": {"device_start": 2246781.3117162404, "device_end": 2246781.311718014}, "cmdq": 0, "read": {"device_start": -1, "device_end": -1}}, "softmax59": {"write": {"device_start": -1, "host_queued_start": 1585579007.093415, "device_queued": -1, "device_end": -1, "host_queued_end": 1585579007.10054}, "device": "gpu", "nd_range": {"device_start": 1585578941.9114757, "device_end": 1585578941.9116812}, "cmdq": 1, "read": {"device_start": -1, "device_end": -1}}, "empty71": {"write": {"device_start": 1585578941.901286, "host_queued_start": 1585579007.073193, "device_queued": 1585578941.9011908, "device_end": 1585578941.9013526, "host_queued_end": 1585579007.10054}, "device": "gpu", "nd_range": {"device_start": 1585578941.901364, "device_end": 1585578941.9013674}, "cmdq": 0, "read": {"device_start": -1, "device_end": -1}}, "empty35": {"write": {"device_start": 1585578941.9008214, "host_queued_start": 1585579007.069463, "device_queued": 1585578941.9006662, "device_end": 1585578941.9008498, "host_queued_end": 1585579007.10054}, "device": "gpu", "nd_range": {"device_start": 1585578941.9008527, "device_end": 1585578941.9008574}, "cmdq": 0, "read": {"device_start": -1, "device_end": -1}}, "empty53": {"write": {"device_start": 1585578941.9010453, "host_queued_start": 1585579007.071475, "device_queued": 1585578941.9008543, "device_end": 1585578941.9011054, "host_queued_end": 1585579007.10054}, "device": "gpu", "nd_range": {"device_start": 1585578941.901112, "device_end": 1585578941.9011166}, "cmdq": 2, "read": {"device_start": -1, "device_end": -1}}, "FFC_sans_bias46": {"write": {"device_start": 1585578941.9037611, "host_queued_start": 1585579007.08181, "device_queued": 1585578941.9020908, "device_end": 1585578941.9037921, "host_queued_end": 1585579007.10054}, "device": "gpu", "nd_range": {"device_start": 1585578941.9037988, "device_end": 1585578941.9056022}, "cmdq": 0, "read": {"device_start": -1, "device_end": -1}}, "coalesced_transpose66": {"write": {"device_start": -1, "host_queued_start": 1585579007.090825, "device_queued": -1, "device_end": -1, "host_queued_end": 1585579007.10054}, "device": "gpu", "nd_range": {"device_start": 1585578941.9088626, "device_end": 1585578941.9088833}, "cmdq": 0, "read": {"device_start": -1, "device_end": -1}}, "coalesced_transpose48": {"write": {"device_start": -1, "host_queued_start": 1585579007.090145, "device_queued": -1, "device_end": -1, "host_queued_end": 1585579007.10054}, "device": "gpu", "nd_range": {"device_start": 1585578941.9085262, "device_end": 1585578941.9088774}, "cmdq": 2, "read": {"device_start": -1, "device_end": -1}}}