{"FFC_sans_bias60": {"write": {"device_start": -1, "host_queued_start": 1585578687.38661, "device_queued": -1, "device_end": -1, "host_queued_end": 1585578687.389111}, "device": "gpu", "nd_range": {"device_start": 1585578622.2042508, "device_end": 1585578622.204846}, "cmdq": 0, "read": {"device_start": -1, "device_end": -1}}, "FFC_sans_bias4": {"write": {"device_start": -1, "host_queued_start": 1585578687.41644, "device_queued": -1, "device_end": -1, "host_queued_end": 1585578687.428098}, "device": "cpu", "nd_range": {"device_start": 2246461.682470847, "device_end": 2246461.6975256903}, "cmdq": 0, "read": {"device_start": -1, "device_end": -1}}, "FFC_sans_bias7": {"write": {"device_start": -1, "host_queued_start": 1585578687.42307, "device_queued": -1, "device_end": -1, "host_queued_end": 1585578687.428098}, "device": "cpu", "nd_range": {"device_start": 2246461.726619381, "device_end": 2246461.737868557}, "cmdq": 0, "read": {"device_start": -1, "device_end": -1}}, "FFC_sans_bias6": {"write": {"device_start": -1, "host_queued_start": 1585578687.420229, "device_queued": -1, "device_end": -1, "host_queued_end": 1585578687.428098}, "device": "cpu", "nd_range": {"device_start": 2246461.705770294, "device_end": 2246461.713393553}, "cmdq": 0, "read": {"device_start": -1, "device_end": -1}}, "FFC_sans_bias1": {"write": {"device_start": -1, "host_queued_start": 1585578687.396966, "device_queued": -1, "device_end": -1, "host_queued_end": 1585578687.428098}, "device": "cpu", "nd_range": {"device_start": 2246461.617743105, "device_end": 2246461.626545716}, "cmdq": 1, "read": {"device_start": -1, "device_end": -1}}, "FFC_sans_bias0": {"write": {"device_start": -1, "host_queued_start": 1585578687.395899, "device_queued": -1, "device_end": -1, "host_queued_end": 1585578687.428098}, "device": "cpu", "nd_range": {"device_start": 2246461.6177427243, "device_end": 2246461.630493155}, "cmdq": 0, "read": {"device_start": -1, "device_end": -1}}, "FFC_sans_bias2": {"write": {"device_start": -1, "host_queued_start": 1585578687.398115, "device_queued": -1, "device_end": -1, "host_queued_end": 1585578687.428098}, "device": "cpu", "nd_range": {"device_start": 2246461.617787638, "device_end": 2246461.631531433}, "cmdq": 2, "read": {"device_start": -1, "device_end": -1}}, "FFC_sans_bias61": {"write": {"device_start": 1585578622.2055433, "host_queued_start": 1585578687.387956, "device_queued": 1585578622.1990178, "device_end": 1585578622.2055733, "host_queued_end": 1585578687.389111}, "device": "gpu", "nd_range": {"device_start": 1585578622.2055807, "device_end": 1585578622.206179}, "cmdq": 0, "read": {"device_start": 1585578622.2061844, "device_end": 1585578622.206208}}, "FFC_sans_bias52": {"write": {"device_start": -1, "host_queued_start": 1585578687.428052, "device_queued": -1, "device_end": -1, "host_queued_end": 1585578687.428098}, "device": "cpu", "nd_range": {"device_start": 2246461.760365799, "device_end": 2246461.7693565614}, "cmdq": 2, "read": {"device_start": -1, "device_end": -1}}, "FFC_sans_bias9": {"write": {"device_start": -1, "host_queued_start": 1585578687.399254, "device_queued": -1, "device_end": -1, "host_queued_end": 1585578687.428098}, "device": "cpu", "nd_range": {"device_start": 2246461.63060993, "device_end": 2246461.6438965313}, "cmdq": 0, "read": {"device_start": -1, "device_end": -1}}, "coalesced_transpose39": {"write": {"device_start": -1, "host_queued_start": 1585578687.415667, "device_queued": -1, "device_end": -1, "host_queued_end": 1585578687.428098}, "device": "cpu", "nd_range": {"device_start": 2246461.708355131, "device_end": 2246461.708602787}, "cmdq": 1, "read": {"device_start": -1, "device_end": -1}}, "FFC_sans_bias55": {"write": {"device_start": 1585578622.199778, "host_queued_start": 1585578687.381175, "device_queued": 1585578622.1982753, "device_end": 1585578622.1998081, "host_queued_end": 1585578687.389111}, "device": "gpu", "nd_range": {"device_start": 1585578622.1998174, "device_end": 1585578622.2004144}, "cmdq": 0, "read": {"device_start": -1, "device_end": -1}}, "FFC_sans_bias54": {"write": {"device_start": 1585578622.1990385, "host_queued_start": 1585578687.380144, "device_queued": 1585578622.1982324, "device_end": 1585578622.1990626, "host_queued_end": 1585578687.389111}, "device": "gpu", "nd_range": {"device_start": 1585578622.199071, "device_end": 1585578622.1996658}, "cmdq": 0, "read": {"device_start": -1, "device_end": -1}}, "FFC_sans_bias56": {"write": {"device_start": 1585578622.198299, "host_queued_start": 1585578687.379157, "device_queued": 1585578622.197981, "device_end": 1585578622.1983304, "host_queued_end": 1585578687.389111}, "device": "gpu", "nd_range": {"device_start": 1585578622.198339, "device_end": 1585578622.198938}, "cmdq": 0, "read": {"device_start": -1, "device_end": -1}}, "FFC_sans_bias51": {"write": {"device_start": -1, "host_queued_start": 1585578687.421997, "device_queued": -1, "device_end": -1, "host_queued_end": 1585578687.428098}, "device": "cpu", "nd_range": {"device_start": 2246461.745800083, "device_end": 2246461.7522603422}, "cmdq": 2, "read": {"device_start": -1, "device_end": -1}}, "softmax23": {"write": {"device_start": -1, "host_queued_start": 1585578687.419047, "device_queued": -1, "device_end": -1, "host_queued_end": 1585578687.428098}, "device": "cpu", "nd_range": {"device_start": 2246461.730603576, "device_end": 2246461.730815941}, "cmdq": 2, "read": {"device_start": -1, "device_end": -1}}, "FFC_sans_bias37": {"write": {"device_start": -1, "host_queued_start": 1585578687.409806, "device_queued": -1, "device_end": -1, "host_queued_end": 1585578687.428098}, "device": "cpu", "nd_range": {"device_start": 2246461.676101893, "device_end": 2246461.692570231}, "cmdq": 1, "read": {"device_start": -1, "device_end": -1}}, "empty62": {"write": {"device_start": 1585578622.197985, "host_queued_start": 1585578687.376985, "device_queued": 1585578622.1978345, "device_end": 1585578622.1980124, "host_queued_end": 1585578687.389111}, "device": "gpu", "nd_range": {"device_start": 1585578622.1980217, "device_end": 1585578622.1980324}, "cmdq": 0, "read": {"device_start": -1, "device_end": -1}}, "FFC_sans_bias70": {"write": {"device_start": 1585578622.2063754, "host_queued_start": 1585578687.389009, "device_queued": 1585578622.19921, "device_end": 1585578622.2064056, "host_queued_end": 1585578687.389111}, "device": "gpu", "nd_range": {"device_start": 1585578622.2064176, "device_end": 1585578622.207011}, "cmdq": 0, "read": {"device_start": 1585578622.2070184, "device_end": 1585578622.2070408}}, "FFC_sans_bias58": {"write": {"device_start": -1, "host_queued_start": 1585578687.385264, "device_queued": -1, "device_end": -1, "host_queued_end": 1585578687.389111}, "device": "gpu", "nd_range": {"device_start": 1585578622.202624, "device_end": 1585578622.2032373}, "cmdq": 0, "read": {"device_start": -1, "device_end": -1}}, "softmax41": {"write": {"device_start": -1, "host_queued_start": 1585578687.419595, "device_queued": -1, "device_end": -1, "host_queued_end": 1585578687.428098}, "device": "cpu", "nd_range": {"device_start": 2246461.7508341023, "device_end": 2246461.7510404834}, "cmdq": 1, "read": {"device_start": -1, "device_end": -1}}, "FFC_sans_bias11": {"write": {"device_start": -1, "host_queued_start": 1585578687.401364, "device_queued": -1, "device_end": -1, "host_queued_end": 1585578687.428098}, "device": "cpu", "nd_range": {"device_start": 2246461.631646403, "device_end": 2246461.643122521}, "cmdq": 2, "read": {"device_start": -1, "device_end": -1}}, "FFC_sans_bias10": {"write": {"device_start": -1, "host_queued_start": 1585578687.400311, "device_queued": -1, "device_end": -1, "host_queued_end": 1585578687.428098}, "device": "cpu", "nd_range": {"device_start": 2246461.626663558, "device_end": 2246461.6423041}, "cmdq": 1, "read": {"device_start": -1, "device_end": -1}}, "coalesced_transpose3": {"write": {"device_start": -1, "host_queued_start": 1585578687.414328, "device_queued": -1, "device_end": -1, "host_queued_end": 1585578687.428098}, "device": "cpu", "nd_range": {"device_start": 2246461.6817469234, "device_end": 2246461.6819972564}, "cmdq": 0, "read": {"device_start": -1, "device_end": -1}}, "FFC_sans_bias34": {"write": {"device_start": -1, "host_queued_start": 1585578687.426051, "device_queued": -1, "device_end": -1, "host_queued_end": 1585578687.428098}, "device": "cpu", "nd_range": {"device_start": 2246461.737874751, "device_end": 2246461.745519734}, "cmdq": 0, "read": {"device_start": -1, "device_end": -1}}, "FFC_sans_bias15": {"write": {"device_start": -1, "host_queued_start": 1585578687.420598, "device_queued": -1, "device_end": -1, "host_queued_end": 1585578687.428098}, "device": "cpu", "nd_range": {"device_start": 2246461.751046441, "device_end": 2246461.757485603}, "cmdq": 1, "read": {"device_start": -1, "device_end": -1}}, "FFC_sans_bias31": {"write": {"device_start": -1, "host_queued_start": 1585578687.417499, "device_queued": -1, "device_end": -1, "host_queued_end": 1585578687.428098}, "device": "cpu", "nd_range": {"device_start": 2246461.697641375, "device_end": 2246461.7052850924}, "cmdq": 0, "read": {"device_start": -1, "device_end": -1}}, "FFC_sans_bias16": {"write": {"device_start": -1, "host_queued_start": 1585578687.424065, "device_queued": -1, "device_end": -1, "host_queued_end": 1585578687.428098}, "device": "cpu", "nd_range": {"device_start": 2246461.769673114, "device_end": 2246461.774906626}, "cmdq": 1, "read": {"device_start": -1, "device_end": -1}}, "FFC_sans_bias19": {"write": {"device_start": -1, "host_queued_start": 1585578687.403483, "device_queued": -1, "device_end": -1, "host_queued_end": 1585578687.428098}, "device": "cpu", "nd_range": {"device_start": 2246461.642638539, "device_end": 2246461.6506998213}, "cmdq": 1, "read": {"device_start": -1, "device_end": -1}}, "FFC_sans_bias18": {"write": {"device_start": -1, "host_queued_start": 1585578687.402411, "device_queued": -1, "device_end": -1, "host_queued_end": 1585578687.428098}, "device": "cpu", "nd_range": {"device_start": 2246461.6440160964, "device_end": 2246461.655201164}, "cmdq": 0, "read": {"device_start": -1, "device_end": -1}}, "coalesced_transpose30": {"write": {"device_start": -1, "host_queued_start": 1585578687.415337, "device_queued": -1, "device_end": -1, "host_queued_end": 1585578687.428098}, "device": "cpu", "nd_range": {"device_start": 2246461.682115538, "device_end": 2246461.682354818}, "cmdq": 0, "read": {"device_start": -1, "device_end": -1}}, "FFC_sans_bias69": {"write": {"device_start": -1, "host_queued_start": 1585578687.386945, "device_queued": -1, "device_end": -1, "host_queued_end": 1585578687.389111}, "device": "gpu", "nd_range": {"device_start": 1585578622.204847, "device_end": 1585578622.2054427}, "cmdq": 0, "read": {"device_start": -1, "device_end": -1}}, "FFC_sans_bias38": {"write": {"device_start": -1, "host_queued_start": 1585578687.410859, "device_queued": -1, "device_end": -1, "host_queued_end": 1585578687.428098}, "device": "cpu", "nd_range": {"device_start": 2246461.674653522, "device_end": 2246461.688788149}, "cmdq": 2, "read": {"device_start": -1, "device_end": -1}}, "coalesced_transpose57": {"write": {"device_start": -1, "host_queued_start": 1585578687.384644, "device_queued": -1, "device_end": -1, "host_queued_end": 1585578687.389111}, "device": "gpu", "nd_range": {"device_start": 1585578622.202604, "device_end": 1585578622.202613}, "cmdq": 0, "read": {"device_start": -1, "device_end": -1}}, "empty26": {"write": {"device_start": -1, "host_queued_start": 1585578687.392373, "device_queued": -1, "device_end": -1, "host_queued_end": 1585578687.428098}, "device": "cpu", "nd_range": {"device_start": 2246461.617757189, "device_end": 2246461.6177638522}, "cmdq": 2, "read": {"device_start": -1, "device_end": -1}}, "coalesced_transpose12": {"write": {"device_start": -1, "host_queued_start": 1585578687.414672, "device_queued": -1, "device_end": -1, "host_queued_end": 1585578687.428098}, "device": "cpu", "nd_range": {"device_start": 2246461.707728256, "device_end": 2246461.707977105}, "cmdq": 1, "read": {"device_start": -1, "device_end": -1}}, "empty44": {"write": {"device_start": -1, "host_queued_start": 1585578687.394089, "device_queued": -1, "device_end": -1, "host_queued_end": 1585578687.428098}, "device": "cpu", "nd_range": {"device_start": 2246461.61773495, "device_end": 2246461.617736203}, "cmdq": 1, "read": {"device_start": -1, "device_end": -1}}, "coalesced_transpose21": {"write": {"device_start": -1, "host_queued_start": 1585578687.415004, "device_queued": -1, "device_end": -1, "host_queued_end": 1585578687.428098}, "device": "cpu", "nd_range": {"device_start": 2246461.698072046, "device_end": 2246461.698327958}, "cmdq": 2, "read": {"device_start": -1, "device_end": -1}}, "FFC_sans_bias36": {"write": {"device_start": -1, "host_queued_start": 1585578687.408765, "device_queued": -1, "device_end": -1, "host_queued_end": 1585578687.428098}, "device": "cpu", "nd_range": {"device_start": 2246461.663047769, "device_end": 2246461.6729984554}, "cmdq": 0, "read": {"device_start": -1, "device_end": -1}}, "softmax14": {"write": {"device_start": -1, "host_queued_start": 1585578687.41877, "device_queued": -1, "device_end": -1, "host_queued_end": 1585578687.428098}, "device": "cpu", "nd_range": {"device_start": 2246461.7505091242, "device_end": 2246461.750826391}, "cmdq": 1, "read": {"device_start": -1, "device_end": -1}}, "FFC_sans_bias13": {"write": {"device_start": -1, "host_queued_start": 1585578687.41679, "device_queued": -1, "device_end": -1, "host_queued_end": 1585578687.428098}, "device": "cpu", "nd_range": {"device_start": 2246461.708963675, "device_end": 2246461.7260329314}, "cmdq": 1, "read": {"device_start": -1, "device_end": -1}}, "empty8": {"write": {"device_start": -1, "host_queued_start": 1585578687.390433, "device_queued": -1, "device_end": -1, "host_queued_end": 1585578687.428098}, "device": "cpu", "nd_range": {"device_start": 2246461.617700642, "device_end": 2246461.6177137}, "cmdq": 0, "read": {"device_start": -1, "device_end": -1}}, "FFC_sans_bias42": {"write": {"device_start": -1, "host_queued_start": 1585578687.421652, "device_queued": -1, "device_end": -1, "host_queued_end": 1585578687.428098}, "device": "cpu", "nd_range": {"device_start": 2246461.7574913143, "device_end": 2246461.769667366}, "cmdq": 1, "read": {"device_start": -1, "device_end": -1}}, "FFC_sans_bias43": {"write": {"device_start": -1, "host_queued_start": 1585578687.427058, "device_queued": -1, "device_end": -1, "host_queued_end": 1585578687.428098}, "device": "cpu", "nd_range": {"device_start": 2246461.7749121683, "device_end": 2246461.780181345}, "cmdq": 1, "read": {"device_start": -1, "device_end": -1}}, "FFC_sans_bias40": {"write": {"device_start": -1, "host_queued_start": 1585578687.417859, "device_queued": -1, "device_end": -1, "host_queued_end": 1585578687.428098}, "device": "cpu", "nd_range": {"device_start": 2246461.726041933, "device_end": 2246461.750501954}, "cmdq": 1, "read": {"device_start": -1, "device_end": -1}}, "softmax32": {"write": {"device_start": -1, "host_queued_start": 1585578687.41932, "device_queued": -1, "device_end": -1, "host_queued_end": 1585578687.428098}, "device": "cpu", "nd_range": {"device_start": 2246461.705561589, "device_end": 2246461.705655788}, "cmdq": 0, "read": {"device_start": -1, "device_end": -1}}, "FFC_sans_bias47": {"write": {"device_start": -1, "host_queued_start": 1585578687.413995, "device_queued": -1, "device_end": -1, "host_queued_end": 1585578687.428098}, "device": "cpu", "nd_range": {"device_start": 2246461.688913124, "device_end": 2246461.697958908}, "cmdq": 2, "read": {"device_start": -1, "device_end": -1}}, "FFC_sans_bias45": {"write": {"device_start": -1, "host_queued_start": 1585578687.411902, "device_queued": -1, "device_end": -1, "host_queued_end": 1585578687.428098}, "device": "cpu", "nd_range": {"device_start": 2246461.673114151, "device_end": 2246461.6816313453}, "cmdq": 0, "read": {"device_start": -1, "device_end": -1}}, "softmax50": {"write": {"device_start": -1, "host_queued_start": 1585578687.41987, "device_queued": -1, "device_end": -1, "host_queued_end": 1585578687.428098}, "device": "cpu", "nd_range": {"device_start": 2246461.730821547, "device_end": 2246461.731026879}, "cmdq": 2, "read": {"device_start": -1, "device_end": -1}}, "FFC_sans_bias33": {"write": {"device_start": -1, "host_queued_start": 1585578687.421303, "device_queued": -1, "device_end": -1, "host_queued_end": 1585578687.428098}, "device": "cpu", "nd_range": {"device_start": 2246461.713508602, "device_end": 2246461.726512329}, "cmdq": 0, "read": {"device_start": -1, "device_end": -1}}, "FFC_sans_bias63": {"write": {"device_start": 1585578622.2019684, "host_queued_start": 1585578687.384317, "device_queued": 1585578622.198596, "device_end": 1585578622.2019978, "host_queued_end": 1585578687.389111}, "device": "gpu", "nd_range": {"device_start": 1585578622.202001, "device_end": 1585578622.2026029}, "cmdq": 0, "read": {"device_start": -1, "device_end": -1}}, "FFC_sans_bias49": {"write": {"device_start": -1, "host_queued_start": 1585578687.418207, "device_queued": -1, "device_end": -1, "host_queued_end": 1585578687.428098}, "device": "cpu", "nd_range": {"device_start": 2246461.718227373, "device_end": 2246461.7305948343}, "cmdq": 2, "read": {"device_start": -1, "device_end": -1}}, "FFC_sans_bias64": {"write": {"device_start": 1585578622.2005124, "host_queued_start": 1585578687.382209, "device_queued": 1585578622.1984093, "device_end": 1585578622.2005417, "host_queued_end": 1585578687.389111}, "device": "gpu", "nd_range": {"device_start": 1585578622.2005458, "device_end": 1585578622.2011535}, "cmdq": 0, "read": {"device_start": -1, "device_end": -1}}, "FFC_sans_bias65": {"write": {"device_start": 1585578622.2012427, "host_queued_start": 1585578687.383279, "device_queued": 1585578622.1984599, "device_end": 1585578622.2012732, "host_queued_end": 1585578687.389111}, "device": "gpu", "nd_range": {"device_start": 1585578622.20128, "device_end": 1585578622.2018795}, "cmdq": 0, "read": {"device_start": -1, "device_end": -1}}, "FFC_sans_bias67": {"write": {"device_start": -1, "host_queued_start": 1585578687.38576, "device_queued": -1, "device_end": -1, "host_queued_end": 1585578687.389111}, "device": "gpu", "nd_range": {"device_start": 1585578622.2032382, "device_end": 1585578622.203838}, "cmdq": 0, "read": {"device_start": -1, "device_end": -1}}, "FFC_sans_bias24": {"write": {"device_start": -1, "host_queued_start": 1585578687.420957, "device_queued": -1, "device_end": -1, "host_queued_end": 1585578687.428098}, "device": "cpu", "nd_range": {"device_start": 2246461.7310331543, "device_end": 2246461.745793117}, "cmdq": 2, "read": {"device_start": -1, "device_end": -1}}, "FFC_sans_bias25": {"write": {"device_start": -1, "host_queued_start": 1585578687.425055, "device_queued": -1, "device_end": -1, "host_queued_end": 1585578687.428098}, "device": "cpu", "nd_range": {"device_start": 2246461.7522670683, "device_end": 2246461.760362451}, "cmdq": 2, "read": {"device_start": -1, "device_end": -1}}, "FFC_sans_bias27": {"write": {"device_start": -1, "host_queued_start": 1585578687.405582, "device_queued": -1, "device_end": -1, "host_queued_end": 1585578687.428098}, "device": "cpu", "nd_range": {"device_start": 2246461.6553169233, "device_end": 2246461.6629357133}, "cmdq": 0, "read": {"device_start": -1, "device_end": -1}}, "FFC_sans_bias20": {"write": {"device_start": -1, "host_queued_start": 1585578687.404538, "device_queued": -1, "device_end": -1, "host_queued_end": 1585578687.428098}, "device": "cpu", "nd_range": {"device_start": 2246461.643239261, "device_end": 2246461.661281629}, "cmdq": 2, "read": {"device_start": -1, "device_end": -1}}, "FFC_sans_bias22": {"write": {"device_start": -1, "host_queued_start": 1585578687.417147, "device_queued": -1, "device_end": -1, "host_queued_end": 1585578687.428098}, "device": "cpu", "nd_range": {"device_start": 2246461.7099823114, "device_end": 2246461.7181036673}, "cmdq": 2, "read": {"device_start": -1, "device_end": -1}}, "softmax68": {"write": {"device_start": -1, "host_queued_start": 1585578687.386266, "device_queued": -1, "device_end": -1, "host_queued_end": 1585578687.389111}, "device": "gpu", "nd_range": {"device_start": 1585578622.2040412, "device_end": 1585578622.2042496}, "cmdq": 0, "read": {"device_start": -1, "device_end": -1}}, "softmax5": {"write": {"device_start": -1, "host_queued_start": 1585578687.418487, "device_queued": -1, "device_end": -1, "host_queued_end": 1585578687.428098}, "device": "cpu", "nd_range": {"device_start": 2246461.705292786, "device_end": 2246461.705437031}, "cmdq": 0, "read": {"device_start": -1, "device_end": -1}}, "FFC_sans_bias28": {"write": {"device_start": -1, "host_queued_start": 1585578687.406663, "device_queued": -1, "device_end": -1, "host_queued_end": 1585578687.428098}, "device": "cpu", "nd_range": {"device_start": 2246461.658892673, "device_end": 2246461.667430968}, "cmdq": 1, "read": {"device_start": -1, "device_end": -1}}, "FFC_sans_bias29": {"write": {"device_start": -1, "host_queued_start": 1585578687.407724, "device_queued": -1, "device_end": -1, "host_queued_end": 1585578687.428098}, "device": "cpu", "nd_range": {"device_start": 2246461.6614066693, "device_end": 2246461.674534406}, "cmdq": 2, "read": {"device_start": -1, "device_end": -1}}, "empty17": {"write": {"device_start": -1, "host_queued_start": 1585578687.391436, "device_queued": -1, "device_end": -1, "host_queued_end": 1585578687.428098}, "device": "cpu", "nd_range": {"device_start": 2246461.617700564, "device_end": 2246461.617713681}, "cmdq": 1, "read": {"device_start": -1, "device_end": -1}}, "softmax59": {"write": {"device_start": -1, "host_queued_start": 1585578687.386019, "device_queued": -1, "device_end": -1, "host_queued_end": 1585578687.389111}, "device": "gpu", "nd_range": {"device_start": 1585578622.203839, "device_end": 1585578622.2040403}, "cmdq": 0, "read": {"device_start": -1, "device_end": -1}}, "empty71": {"write": {"device_start": 1585578622.198162, "host_queued_start": 1585578687.378065, "device_queued": 1585578622.197944, "device_end": 1585578622.1981866, "host_queued_end": 1585578687.389111}, "device": "gpu", "nd_range": {"device_start": 1585578622.1981945, "device_end": 1585578622.1981986}, "cmdq": 0, "read": {"device_start": -1, "device_end": -1}}, "empty35": {"write": {"device_start": -1, "host_queued_start": 1585578687.393244, "device_queued": -1, "device_end": -1, "host_queued_end": 1585578687.428098}, "device": "cpu", "nd_range": {"device_start": 2246461.617734806, "device_end": 2246461.6177360453}, "cmdq": 0, "read": {"device_start": -1, "device_end": -1}}, "empty53": {"write": {"device_start": -1, "host_queued_start": 1585578687.394932, "device_queued": -1, "device_end": -1, "host_queued_end": 1585578687.428098}, "device": "cpu", "nd_range": {"device_start": 2246461.617780935, "device_end": 2246461.617781938}, "cmdq": 2, "read": {"device_start": -1, "device_end": -1}}, "FFC_sans_bias46": {"write": {"device_start": -1, "host_queued_start": 1585578687.412943, "device_queued": -1, "device_end": -1, "host_queued_end": 1585578687.428098}, "device": "cpu", "nd_range": {"device_start": 2246461.693341041, "device_end": 2246461.707141466}, "cmdq": 1, "read": {"device_start": -1, "device_end": -1}}, "coalesced_transpose66": {"write": {"device_start": -1, "host_queued_start": 1585578687.384945, "device_queued": -1, "device_end": -1, "host_queued_end": 1585578687.389111}, "device": "gpu", "nd_range": {"device_start": 1585578622.2026145, "device_end": 1585578622.2026231}, "cmdq": 0, "read": {"device_start": -1, "device_end": -1}}, "coalesced_transpose48": {"write": {"device_start": -1, "host_queued_start": 1585578687.415998, "device_queued": -1, "device_end": -1, "host_queued_end": 1585578687.428098}, "device": "cpu", "nd_range": {"device_start": 2246461.709604457, "device_end": 2246461.7098424872}, "cmdq": 2, "read": {"device_start": -1, "device_end": -1}}}