{"FFC_sans_bias60": {"write": {"device_start": -1, "host_queued_start": 1585579141.798668, "device_queued": -1, "device_end": -1, "host_queued_end": 1585579141.80113}, "device": "gpu", "nd_range": {"device_start": 1585579076.6021712, "device_end": 1585579076.602765}, "cmdq": 4, "read": {"device_start": -1, "device_end": -1}}, "FFC_sans_bias4": {"write": {"device_start": -1, "host_queued_start": 1585579141.82844, "device_queued": -1, "device_end": -1, "host_queued_end": 1585579141.840095}, "device": "cpu", "nd_range": {"device_start": 2246916.111382075, "device_end": 2246916.1156984842}, "cmdq": 0, "read": {"device_start": -1, "device_end": -1}}, "FFC_sans_bias7": {"write": {"device_start": -1, "host_queued_start": 1585579141.835051, "device_queued": -1, "device_end": -1, "host_queued_end": 1585579141.840095}, "device": "cpu", "nd_range": {"device_start": 2246916.166899769, "device_end": 2246916.1712207124}, "cmdq": 0, "read": {"device_start": -1, "device_end": -1}}, "FFC_sans_bias6": {"write": {"device_start": -1, "host_queued_start": 1585579141.832169, "device_queued": -1, "device_end": -1, "host_queued_end": 1585579141.840095}, "device": "cpu", "nd_range": {"device_start": 2246916.139065144, "device_end": 2246916.14335852}, "cmdq": 0, "read": {"device_start": -1, "device_end": -1}}, "FFC_sans_bias1": {"write": {"device_start": -1, "host_queued_start": 1585579141.809078, "device_queued": -1, "device_end": -1, "host_queued_end": 1585579141.840095}, "device": "cpu", "nd_range": {"device_start": 2246916.034230934, "device_end": 2246916.038136967}, "cmdq": 0, "read": {"device_start": -1, "device_end": -1}}, "FFC_sans_bias0": {"write": {"device_start": -1, "host_queued_start": 1585579141.807987, "device_queued": -1, "device_end": -1, "host_queued_end": 1585579141.840095}, "device": "cpu", "nd_range": {"device_start": 2246916.029750443, "device_end": 2246916.034221638}, "cmdq": 0, "read": {"device_start": -1, "device_end": -1}}, "FFC_sans_bias2": {"write": {"device_start": -1, "host_queued_start": 1585579141.810129, "device_queued": -1, "device_end": -1, "host_queued_end": 1585579141.840095}, "device": "cpu", "nd_range": {"device_start": 2246916.038145591, "device_end": 2246916.042047474}, "cmdq": 0, "read": {"device_start": -1, "device_end": -1}}, "FFC_sans_bias61": {"write": {"device_start": 1585579076.6022325, "host_queued_start": 1585579141.799994, "device_queued": 1585579076.5989003, "device_end": 1585579076.6022942, "host_queued_end": 1585579141.80113}, "device": "gpu", "nd_range": {"device_start": 1585579076.602768, "device_end": 1585579076.6037288}, "cmdq": 1, "read": {"device_start": 1585579076.6037323, "device_end": 1585579076.6037557}}, "FFC_sans_bias52": {"write": {"device_start": -1, "host_queued_start": 1585579141.840051, "device_queued": -1, "device_end": -1, "host_queued_end": 1585579141.840095}, "device": "cpu", "nd_range": {"device_start": 2246916.189412755, "device_end": 2246916.1970915743}, "cmdq": 0, "read": {"device_start": -1, "device_end": -1}}, "FFC_sans_bias9": {"write": {"device_start": -1, "host_queued_start": 1585579141.811219, "device_queued": -1, "device_end": -1, "host_queued_end": 1585579141.840095}, "device": "cpu", "nd_range": {"device_start": 2246916.042052992, "device_end": 2246916.0459788423}, "cmdq": 0, "read": {"device_start": -1, "device_end": -1}}, "coalesced_transpose39": {"write": {"device_start": -1, "host_queued_start": 1585579141.827682, "device_queued": -1, "device_end": -1, "host_queued_end": 1585579141.840095}, "device": "cpu", "nd_range": {"device_start": 2246916.1109309453, "device_end": 2246916.11105119}, "cmdq": 0, "read": {"device_start": -1, "device_end": -1}}, "FFC_sans_bias55": {"write": {"device_start": 1585579076.5980895, "host_queued_start": 1585579141.793227, "device_queued": 1585579076.597991, "device_end": 1585579076.5981166, "host_queued_end": 1585579141.80113}, "device": "gpu", "nd_range": {"device_start": 1585579076.5981257, "device_end": 1585579076.599761}, "cmdq": 4, "read": {"device_start": -1, "device_end": -1}}, "FFC_sans_bias54": {"write": {"device_start": 1585579076.5979922, "host_queued_start": 1585579141.792165, "device_queued": 1585579076.5977657, "device_end": 1585579076.598045, "host_queued_end": 1585579141.80113}, "device": "gpu", "nd_range": {"device_start": 1585579076.5980794, "device_end": 1585579076.5990765}, "cmdq": 3, "read": {"device_start": -1, "device_end": -1}}, "FFC_sans_bias56": {"write": {"device_start": 1585579076.597906, "host_queued_start": 1585579141.791062, "device_queued": 1585579076.5977328, "device_end": 1585579076.5979779, "host_queued_end": 1585579141.80113}, "device": "gpu", "nd_range": {"device_start": 1585579076.598058, "device_end": 1585579076.5986676}, "cmdq": 2, "read": {"device_start": -1, "device_end": -1}}, "FFC_sans_bias51": {"write": {"device_start": -1, "host_queued_start": 1585579141.833999, "device_queued": -1, "device_end": -1, "host_queued_end": 1585579141.840095}, "device": "cpu", "nd_range": {"device_start": 2246916.162121633, "device_end": 2246916.166894312}, "cmdq": 0, "read": {"device_start": -1, "device_end": -1}}, "softmax23": {"write": {"device_start": -1, "host_queued_start": 1585579141.830977, "device_queued": -1, "device_end": -1, "host_queued_end": 1585579141.840095}, "device": "cpu", "nd_range": {"device_start": 2246916.138516197, "device_end": 2246916.1386079113}, "cmdq": 0, "read": {"device_start": -1, "device_end": -1}}, "FFC_sans_bias37": {"write": {"device_start": -1, "host_queued_start": 1585579141.821822, "device_queued": -1, "device_end": -1, "host_queued_end": 1585579141.840095}, "device": "cpu", "nd_range": {"device_start": 2246916.087239103, "device_end": 2246916.0916238143}, "cmdq": 0, "read": {"device_start": -1, "device_end": -1}}, "empty62": {"write": {"device_start": 1585579076.5977075, "host_queued_start": 1585579141.788983, "device_queued": 1585579076.5975778, "device_end": 1585579076.597776, "host_queued_end": 1585579141.80113}, "device": "gpu", "nd_range": {"device_start": 1585579076.5977795, "device_end": 1585579076.5977848}, "cmdq": 0, "read": {"device_start": -1, "device_end": -1}}, "FFC_sans_bias70": {"write": {"device_start": 1585579076.6023064, "host_queued_start": 1585579141.801032, "device_queued": 1585579076.5989282, "device_end": 1585579076.6023383, "host_queued_end": 1585579141.80113}, "device": "gpu", "nd_range": {"device_start": 1585579076.6031868, "device_end": 1585579076.6041415}, "cmdq": 2, "read": {"device_start": 1585579076.6041486, "device_end": 1585579076.6041722}}, "FFC_sans_bias58": {"write": {"device_start": -1, "host_queued_start": 1585579141.797484, "device_queued": -1, "device_end": -1, "host_queued_end": 1585579141.80113}, "device": "gpu", "nd_range": {"device_start": 1585579076.6009834, "device_end": 1585579076.6016982}, "cmdq": 0, "read": {"device_start": -1, "device_end": -1}}, "softmax41": {"write": {"device_start": -1, "host_queued_start": 1585579141.831515, "device_queued": -1, "device_end": -1, "host_queued_end": 1585579141.840095}, "device": "cpu", "nd_range": {"device_start": 2246916.138842677, "device_end": 2246916.138937712}, "cmdq": 0, "read": {"device_start": -1, "device_end": -1}}, "FFC_sans_bias11": {"write": {"device_start": -1, "host_queued_start": 1585579141.813331, "device_queued": -1, "device_end": -1, "host_queued_end": 1585579141.840095}, "device": "cpu", "nd_range": {"device_start": 2246916.0511281583, "device_end": 2246916.055395877}, "cmdq": 0, "read": {"device_start": -1, "device_end": -1}}, "FFC_sans_bias10": {"write": {"device_start": -1, "host_queued_start": 1585579141.812283, "device_queued": -1, "device_end": -1, "host_queued_end": 1585579141.840095}, "device": "cpu", "nd_range": {"device_start": 2246916.045992649, "device_end": 2246916.051122296}, "cmdq": 0, "read": {"device_start": -1, "device_end": -1}}, "coalesced_transpose3": {"write": {"device_start": -1, "host_queued_start": 1585579141.826361, "device_queued": -1, "device_end": -1, "host_queued_end": 1585579141.840095}, "device": "cpu", "nd_range": {"device_start": 2246916.1098459032, "device_end": 2246916.110055398}, "cmdq": 0, "read": {"device_start": -1, "device_end": -1}}, "FFC_sans_bias34": {"write": {"device_start": -1, "host_queued_start": 1585579141.838029, "device_queued": -1, "device_end": -1, "host_queued_end": 1585579141.840095}, "device": "cpu", "nd_range": {"device_start": 2246916.1801336263, "device_end": 2246916.1846427512}, "cmdq": 0, "read": {"device_start": -1, "device_end": -1}}, "FFC_sans_bias15": {"write": {"device_start": -1, "host_queued_start": 1585579141.832531, "device_queued": -1, "device_end": -1, "host_queued_end": 1585579141.840095}, "device": "cpu", "nd_range": {"device_start": 2246916.1433641203, "device_end": 2246916.1491012983}, "cmdq": 0, "read": {"device_start": -1, "device_end": -1}}, "FFC_sans_bias31": {"write": {"device_start": -1, "host_queued_start": 1585579141.829467, "device_queued": -1, "device_end": -1, "host_queued_end": 1585579141.840095}, "device": "cpu", "nd_range": {"device_start": 2246916.124784299, "device_end": 2246916.129551047}, "cmdq": 0, "read": {"device_start": -1, "device_end": -1}}, "FFC_sans_bias16": {"write": {"device_start": -1, "host_queued_start": 1585579141.836045, "device_queued": -1, "device_end": -1, "host_queued_end": 1585579141.840095}, "device": "cpu", "nd_range": {"device_start": 2246916.17122395, "device_end": 2246916.175808844}, "cmdq": 0, "read": {"device_start": -1, "device_end": -1}}, "FFC_sans_bias19": {"write": {"device_start": -1, "host_queued_start": 1585579141.815448, "device_queued": -1, "device_end": -1, "host_queued_end": 1585579141.840095}, "device": "cpu", "nd_range": {"device_start": 2246916.059943117, "device_end": 2246916.06434691}, "cmdq": 0, "read": {"device_start": -1, "device_end": -1}}, "FFC_sans_bias18": {"write": {"device_start": -1, "host_queued_start": 1585579141.814376, "device_queued": -1, "device_end": -1, "host_queued_end": 1585579141.840095}, "device": "cpu", "nd_range": {"device_start": 2246916.0554011273, "device_end": 2246916.059938068}, "cmdq": 0, "read": {"device_start": -1, "device_end": -1}}, "coalesced_transpose30": {"write": {"device_start": -1, "host_queued_start": 1585579141.827357, "device_queued": -1, "device_end": -1, "host_queued_end": 1585579141.840095}, "device": "cpu", "nd_range": {"device_start": 2246916.110690095, "device_end": 2246916.1108078873}, "cmdq": 0, "read": {"device_start": -1, "device_end": -1}}, "FFC_sans_bias69": {"write": {"device_start": -1, "host_queued_start": 1585579141.79898, "device_queued": -1, "device_end": -1, "host_queued_end": 1585579141.80113}, "device": "gpu", "nd_range": {"device_start": 1585579076.6024992, "device_end": 1585579076.6031816}, "cmdq": 0, "read": {"device_start": -1, "device_end": -1}}, "FFC_sans_bias38": {"write": {"device_start": -1, "host_queued_start": 1585579141.822873, "device_queued": -1, "device_end": -1, "host_queued_end": 1585579141.840095}, "device": "cpu", "nd_range": {"device_start": 2246916.091628753, "device_end": 2246916.096193713}, "cmdq": 0, "read": {"device_start": -1, "device_end": -1}}, "coalesced_transpose57": {"write": {"device_start": -1, "host_queued_start": 1585579141.796697, "device_queued": -1, "device_end": -1, "host_queued_end": 1585579141.80113}, "device": "gpu", "nd_range": {"device_start": 1585579076.5997674, "device_end": 1585579076.6009772}, "cmdq": 3, "read": {"device_start": -1, "device_end": -1}}, "empty26": {"write": {"device_start": -1, "host_queued_start": 1585579141.804408, "device_queued": -1, "device_end": -1, "host_queued_end": 1585579141.840095}, "device": "cpu", "nd_range": {"device_start": 2246916.029729107, "device_end": 2246916.0297298334}, "cmdq": 0, "read": {"device_start": -1, "device_end": -1}}, "coalesced_transpose12": {"write": {"device_start": -1, "host_queued_start": 1585579141.826697, "device_queued": -1, "device_end": -1, "host_queued_end": 1585579141.840095}, "device": "cpu", "nd_range": {"device_start": 2246916.110192751, "device_end": 2246916.110314752}, "cmdq": 0, "read": {"device_start": -1, "device_end": -1}}, "empty44": {"write": {"device_start": -1, "host_queued_start": 1585579141.806054, "device_queued": -1, "device_end": -1, "host_queued_end": 1585579141.840095}, "device": "cpu", "nd_range": {"device_start": 2246916.029739486, "device_end": 2246916.029740071}, "cmdq": 0, "read": {"device_start": -1, "device_end": -1}}, "coalesced_transpose21": {"write": {"device_start": -1, "host_queued_start": 1585579141.827031, "device_queued": -1, "device_end": -1, "host_queued_end": 1585579141.840095}, "device": "cpu", "nd_range": {"device_start": 2246916.110440833, "device_end": 2246916.1105646593}, "cmdq": 0, "read": {"device_start": -1, "device_end": -1}}, "FFC_sans_bias36": {"write": {"device_start": -1, "host_queued_start": 1585579141.820775, "device_queued": -1, "device_end": -1, "host_queued_end": 1585579141.840095}, "device": "cpu", "nd_range": {"device_start": 2246916.082661265, "device_end": 2246916.087234027}, "cmdq": 0, "read": {"device_start": -1, "device_end": -1}}, "softmax14": {"write": {"device_start": -1, "host_queued_start": 1585579141.830707, "device_queued": -1, "device_end": -1, "host_queued_end": 1585579141.840095}, "device": "cpu", "nd_range": {"device_start": 2246916.138308032, "device_end": 2246916.13840373}, "cmdq": 0, "read": {"device_start": -1, "device_end": -1}}, "FFC_sans_bias13": {"write": {"device_start": -1, "host_queued_start": 1585579141.828786, "device_queued": -1, "device_end": -1, "host_queued_end": 1585579141.840095}, "device": "cpu", "nd_range": {"device_start": 2246916.1157046333, "device_end": 2246916.120487532}, "cmdq": 0, "read": {"device_start": -1, "device_end": -1}}, "empty8": {"write": {"device_start": -1, "host_queued_start": 1585579141.802549, "device_queued": -1, "device_end": -1, "host_queued_end": 1585579141.840095}, "device": "cpu", "nd_range": {"device_start": 2246916.029691675, "device_end": 2246916.029703144}, "cmdq": 0, "read": {"device_start": -1, "device_end": -1}}, "FFC_sans_bias42": {"write": {"device_start": -1, "host_queued_start": 1585579141.833654, "device_queued": -1, "device_end": -1, "host_queued_end": 1585579141.840095}, "device": "cpu", "nd_range": {"device_start": 2246916.1579508563, "device_end": 2246916.16211662}, "cmdq": 0, "read": {"device_start": -1, "device_end": -1}}, "FFC_sans_bias43": {"write": {"device_start": -1, "host_queued_start": 1585579141.839045, "device_queued": -1, "device_end": -1, "host_queued_end": 1585579141.840095}, "device": "cpu", "nd_range": {"device_start": 2246916.184645623, "device_end": 2246916.1894100723}, "cmdq": 0, "read": {"device_start": -1, "device_end": -1}}, "FFC_sans_bias40": {"write": {"device_start": -1, "host_queued_start": 1585579141.829807, "device_queued": -1, "device_end": -1, "host_queued_end": 1585579141.840095}, "device": "cpu", "nd_range": {"device_start": 2246916.1295565884, "device_end": 2246916.134008586}, "cmdq": 0, "read": {"device_start": -1, "device_end": -1}}, "softmax32": {"write": {"device_start": -1, "host_queued_start": 1585579141.831245, "device_queued": -1, "device_end": -1, "host_queued_end": 1585579141.840095}, "device": "cpu", "nd_range": {"device_start": 2246916.138614119, "device_end": 2246916.1387264594}, "cmdq": 0, "read": {"device_start": -1, "device_end": -1}}, "FFC_sans_bias47": {"write": {"device_start": -1, "host_queued_start": 1585579141.826034, "device_queued": -1, "device_end": -1, "host_queued_end": 1585579141.840095}, "device": "cpu", "nd_range": {"device_start": 2246916.105213255, "device_end": 2246916.109840693}, "cmdq": 0, "read": {"device_start": -1, "device_end": -1}}, "FFC_sans_bias45": {"write": {"device_start": -1, "host_queued_start": 1585579141.823911, "device_queued": -1, "device_end": -1, "host_queued_end": 1585579141.840095}, "device": "cpu", "nd_range": {"device_start": 2246916.0961983684, "device_end": 2246916.100656881}, "cmdq": 0, "read": {"device_start": -1, "device_end": -1}}, "softmax50": {"write": {"device_start": -1, "host_queued_start": 1585579141.831789, "device_queued": -1, "device_end": -1, "host_queued_end": 1585579141.840095}, "device": "cpu", "nd_range": {"device_start": 2246916.138943621, "device_end": 2246916.139059214}, "cmdq": 0, "read": {"device_start": -1, "device_end": -1}}, "FFC_sans_bias33": {"write": {"device_start": -1, "host_queued_start": 1585579141.833283, "device_queued": -1, "device_end": -1, "host_queued_end": 1585579141.840095}, "device": "cpu", "nd_range": {"device_start": 2246916.1530525903, "device_end": 2246916.15794578}, "cmdq": 0, "read": {"device_start": -1, "device_end": -1}}, "FFC_sans_bias63": {"write": {"device_start": 1585579076.5987716, "host_queued_start": 1585579141.796378, "device_queued": 1585579076.598287, "device_end": 1585579076.598802, "host_queued_end": 1585579141.80113}, "device": "gpu", "nd_range": {"device_start": 1585579076.5988061, "device_end": 1585579076.6011462}, "cmdq": 2, "read": {"device_start": -1, "device_end": -1}}, "FFC_sans_bias49": {"write": {"device_start": -1, "host_queued_start": 1585579141.83015, "device_queued": -1, "device_end": -1, "host_queued_end": 1585579141.840095}, "device": "cpu", "nd_range": {"device_start": 2246916.13401365, "device_end": 2246916.137938008}, "cmdq": 0, "read": {"device_start": -1, "device_end": -1}}, "FFC_sans_bias64": {"write": {"device_start": 1585579076.5983148, "host_queued_start": 1585579141.794294, "device_queued": 1585579076.598216, "device_end": 1585579076.5983787, "host_queued_end": 1585579141.80113}, "device": "gpu", "nd_range": {"device_start": 1585579076.5983863, "device_end": 1585579076.6001585}, "cmdq": 0, "read": {"device_start": -1, "device_end": -1}}, "FFC_sans_bias65": {"write": {"device_start": 1585579076.598406, "host_queued_start": 1585579141.795355, "device_queued": 1585579076.5982714, "device_end": 1585579076.5984304, "host_queued_end": 1585579141.80113}, "device": "gpu", "nd_range": {"device_start": 1585579076.59848, "device_end": 1585579076.6007342}, "cmdq": 1, "read": {"device_start": -1, "device_end": -1}}, "FFC_sans_bias67": {"write": {"device_start": -1, "host_queued_start": 1585579141.797807, "device_queued": -1, "device_end": -1, "host_queued_end": 1585579141.80113}, "device": "gpu", "nd_range": {"device_start": 1585579076.6009946, "device_end": 1585579076.6021326}, "cmdq": 1, "read": {"device_start": -1, "device_end": -1}}, "FFC_sans_bias24": {"write": {"device_start": -1, "host_queued_start": 1585579141.832891, "device_queued": -1, "device_end": -1, "host_queued_end": 1585579141.840095}, "device": "cpu", "nd_range": {"device_start": 2246916.1491065463, "device_end": 2246916.1530473763}, "cmdq": 0, "read": {"device_start": -1, "device_end": -1}}, "FFC_sans_bias25": {"write": {"device_start": -1, "host_queued_start": 1585579141.837036, "device_queued": -1, "device_end": -1, "host_queued_end": 1585579141.840095}, "device": "cpu", "nd_range": {"device_start": 2246916.175811644, "device_end": 2246916.180130742}, "cmdq": 0, "read": {"device_start": -1, "device_end": -1}}, "FFC_sans_bias27": {"write": {"device_start": -1, "host_queued_start": 1585579141.81755, "device_queued": -1, "device_end": -1, "host_queued_end": 1585579141.840095}, "device": "cpu", "nd_range": {"device_start": 2246916.069135523, "device_end": 2246916.0734555963}, "cmdq": 0, "read": {"device_start": -1, "device_end": -1}}, "FFC_sans_bias20": {"write": {"device_start": -1, "host_queued_start": 1585579141.816498, "device_queued": -1, "device_end": -1, "host_queued_end": 1585579141.840095}, "device": "cpu", "nd_range": {"device_start": 2246916.064351832, "device_end": 2246916.069130625}, "cmdq": 0, "read": {"device_start": -1, "device_end": -1}}, "FFC_sans_bias22": {"write": {"device_start": -1, "host_queued_start": 1585579141.829126, "device_queued": -1, "device_end": -1, "host_queued_end": 1585579141.840095}, "device": "cpu", "nd_range": {"device_start": 2246916.120494484, "device_end": 2246916.124778881}, "cmdq": 0, "read": {"device_start": -1, "device_end": -1}}, "softmax68": {"write": {"device_start": -1, "host_queued_start": 1585579141.798315, "device_queued": -1, "device_end": -1, "host_queued_end": 1585579141.80113}, "device": "gpu", "nd_range": {"device_start": 1585579076.6021395, "device_end": 1585579076.6024957}, "cmdq": 3, "read": {"device_start": -1, "device_end": -1}}, "softmax5": {"write": {"device_start": -1, "host_queued_start": 1585579141.830429, "device_queued": -1, "device_end": -1, "host_queued_end": 1585579141.840095}, "device": "cpu", "nd_range": {"device_start": 2246916.138072376, "device_end": 2246916.138191468}, "cmdq": 0, "read": {"device_start": -1, "device_end": -1}}, "FFC_sans_bias28": {"write": {"device_start": -1, "host_queued_start": 1585579141.818661, "device_queued": -1, "device_end": -1, "host_queued_end": 1585579141.840095}, "device": "cpu", "nd_range": {"device_start": 2246916.0734611563, "device_end": 2246916.0780552463}, "cmdq": 0, "read": {"device_start": -1, "device_end": -1}}, "FFC_sans_bias29": {"write": {"device_start": -1, "host_queued_start": 1585579141.819732, "device_queued": -1, "device_end": -1, "host_queued_end": 1585579141.840095}, "device": "cpu", "nd_range": {"device_start": 2246916.0780598223, "device_end": 2246916.082656741}, "cmdq": 0, "read": {"device_start": -1, "device_end": -1}}, "empty17": {"write": {"device_start": -1, "host_queued_start": 1585579141.803585, "device_queued": -1, "device_end": -1, "host_queued_end": 1585579141.840095}, "device": "cpu", "nd_range": {"device_start": 2246916.0297228713, "device_end": 2246916.029723849}, "cmdq": 0, "read": {"device_start": -1, "device_end": -1}}, "softmax59": {"write": {"device_start": -1, "host_queued_start": 1585579141.798063, "device_queued": -1, "device_end": -1, "host_queued_end": 1585579141.80113}, "device": "gpu", "nd_range": {"device_start": 1585579076.6017046, "device_end": 1585579076.6021674}, "cmdq": 2, "read": {"device_start": -1, "device_end": -1}}, "empty71": {"write": {"device_start": 1585579076.5978148, "host_queued_start": 1585579141.790019, "device_queued": 1585579076.5977104, "device_end": 1585579076.5978825, "host_queued_end": 1585579141.80113}, "device": "gpu", "nd_range": {"device_start": 1585579076.5980396, "device_end": 1585579076.5980482}, "cmdq": 1, "read": {"device_start": -1, "device_end": -1}}, "empty35": {"write": {"device_start": -1, "host_queued_start": 1585579141.805229, "device_queued": -1, "device_end": -1, "host_queued_end": 1585579141.840095}, "device": "cpu", "nd_range": {"device_start": 2246916.0297347032, "device_end": 2246916.0297352793}, "cmdq": 0, "read": {"device_start": -1, "device_end": -1}}, "empty53": {"write": {"device_start": -1, "host_queued_start": 1585579141.80697, "device_queued": -1, "device_end": -1, "host_queued_end": 1585579141.840095}, "device": "cpu", "nd_range": {"device_start": 2246916.029744889, "device_end": 2246916.029745482}, "cmdq": 0, "read": {"device_start": -1, "device_end": -1}}, "FFC_sans_bias46": {"write": {"device_start": -1, "host_queued_start": 1585579141.824981, "device_queued": -1, "device_end": -1, "host_queued_end": 1585579141.840095}, "device": "cpu", "nd_range": {"device_start": 2246916.100661911, "device_end": 2246916.105208389}, "cmdq": 0, "read": {"device_start": -1, "device_end": -1}}, "coalesced_transpose66": {"write": {"device_start": -1, "host_queued_start": 1585579141.797167, "device_queued": -1, "device_end": -1, "host_queued_end": 1585579141.80113}, "device": "gpu", "nd_range": {"device_start": 1585579076.6001663, "device_end": 1585579076.6009898}, "cmdq": 4, "read": {"device_start": -1, "device_end": -1}}, "coalesced_transpose48": {"write": {"device_start": -1, "host_queued_start": 1585579141.828095, "device_queued": -1, "device_end": -1, "host_queued_end": 1585579141.840095}, "device": "cpu", "nd_range": {"device_start": 2246916.111163761, "device_end": 2246916.111267882}, "cmdq": 0, "read": {"device_start": -1, "device_end": -1}}}