{"FFC_sans_bias60": {"write": {"device_start": -1, "host_queued_start": 1585578998.929308, "device_queued": -1, "device_end": -1, "host_queued_end": 1585578998.938095}, "device": "gpu", "nd_range": {"device_start": 1585578933.7561352, "device_end": 1585578933.7576206}, "cmdq": 2, "read": {"device_start": -1, "device_end": -1}}, "FFC_sans_bias4": {"write": {"device_start": -1, "host_queued_start": 1585578998.922846, "device_queued": -1, "device_end": -1, "host_queued_end": 1585578998.938095}, "device": "gpu", "nd_range": {"device_start": 1585578933.7510967, "device_end": 1585578933.7517052}, "cmdq": 0, "read": {"device_start": -1, "device_end": -1}}, "FFC_sans_bias7": {"write": {"device_start": 1585578933.7567484, "host_queued_start": 1585578998.930661, "device_queued": 1585578933.743475, "device_end": 1585578933.7567792, "host_queued_end": 1585578998.938095}, "device": "gpu", "nd_range": {"device_start": 1585578933.7567868, "device_end": 1585578933.7580738}, "cmdq": 0, "read": {"device_start": 1585578933.758086, "device_end": 1585578933.75811}}, "FFC_sans_bias6": {"write": {"device_start": -1, "host_queued_start": 1585578998.927405, "device_queued": -1, "device_end": -1, "host_queued_end": 1585578998.938095}, "device": "gpu", "nd_range": {"device_start": 1585578933.755069, "device_end": 1585578933.7556703}, "cmdq": 0, "read": {"device_start": -1, "device_end": -1}}, "FFC_sans_bias1": {"write": {"device_start": 1585578933.739519, "host_queued_start": 1585578998.89705, "device_queued": 1585578933.7392445, "device_end": 1585578933.7395728, "host_queued_end": 1585578998.938095}, "device": "gpu", "nd_range": {"device_start": 1585578933.7395773, "device_end": 1585578933.7404919}, "cmdq": 1, "read": {"device_start": -1, "device_end": -1}}, "FFC_sans_bias0": {"write": {"device_start": 1585578933.7394128, "host_queued_start": 1585578998.896013, "device_queued": 1585578933.739189, "device_end": 1585578933.7394724, "host_queued_end": 1585578998.938095}, "device": "gpu", "nd_range": {"device_start": 1585578933.7394779, "device_end": 1585578933.7400813}, "cmdq": 0, "read": {"device_start": -1, "device_end": -1}}, "FFC_sans_bias2": {"write": {"device_start": 1585578933.7396123, "host_queued_start": 1585578998.898079, "device_queued": 1585578933.7392628, "device_end": 1585578933.7396822, "host_queued_end": 1585578998.938095}, "device": "gpu", "nd_range": {"device_start": 1585578933.7396889, "device_end": 1585578933.741073}, "cmdq": 2, "read": {"device_start": -1, "device_end": -1}}, "FFC_sans_bias61": {"write": {"device_start": 1585578933.7597477, "host_queued_start": 1585578998.936936, "device_queued": 1585578933.7441697, "device_end": 1585578933.7597787, "host_queued_end": 1585578998.938095}, "device": "gpu", "nd_range": {"device_start": 1585578933.7597852, "device_end": 1585578933.7614603}, "cmdq": 2, "read": {"device_start": 1585578933.7614663, "device_end": 1585578933.7614894}}, "FFC_sans_bias52": {"write": {"device_start": 1585578933.7612782, "host_queued_start": 1585578998.93587, "device_queued": 1585578933.7441409, "device_end": 1585578933.761309, "host_queued_end": 1585578998.938095}, "device": "gpu", "nd_range": {"device_start": 1585578933.7613118, "device_end": 1585578933.7624538}, "cmdq": 1, "read": {"device_start": 1585578933.7624571, "device_end": 1585578933.7624793}}, "FFC_sans_bias9": {"write": {"device_start": 1585578933.7396894, "host_queued_start": 1585578998.899297, "device_queued": 1585578933.7394202, "device_end": 1585578933.7397146, "host_queued_end": 1585578998.938095}, "device": "gpu", "nd_range": {"device_start": 1585578933.7397184, "device_end": 1585578933.7414777}, "cmdq": 3, "read": {"device_start": -1, "device_end": -1}}, "coalesced_transpose39": {"write": {"device_start": -1, "host_queued_start": 1585578998.921597, "device_queued": -1, "device_end": -1, "host_queued_end": 1585578998.938095}, "device": "gpu", "nd_range": {"device_start": 1585578933.751051, "device_end": 1585578933.7510953}, "cmdq": 0, "read": {"device_start": -1, "device_end": -1}}, "FFC_sans_bias55": {"write": {"device_start": 1585578933.7479107, "host_queued_start": 1585578998.916974, "device_queued": 1585578933.7413607, "device_end": 1585578933.7479358, "host_queued_end": 1585578998.938095}, "device": "gpu", "nd_range": {"device_start": 1585578933.7479522, "device_end": 1585578933.749768}, "cmdq": 0, "read": {"device_start": -1, "device_end": -1}}, "FFC_sans_bias54": {"write": {"device_start": 1585578933.7474055, "host_queued_start": 1585578998.915947, "device_queued": 1585578933.7410972, "device_end": 1585578933.7474318, "host_queued_end": 1585578998.938095}, "device": "gpu", "nd_range": {"device_start": 1585578933.7474372, "device_end": 1585578933.7492573}, "cmdq": 3, "read": {"device_start": -1, "device_end": -1}}, "FFC_sans_bias56": {"write": {"device_start": 1585578933.746938, "host_queued_start": 1585578998.914919, "device_queued": 1585578933.74097, "device_end": 1585578933.7469642, "host_queued_end": 1585578998.938095}, "device": "gpu", "nd_range": {"device_start": 1585578933.7469711, "device_end": 1585578933.7487893}, "cmdq": 2, "read": {"device_start": -1, "device_end": -1}}, "FFC_sans_bias51": {"write": {"device_start": -1, "host_queued_start": 1585578998.928982, "device_queued": -1, "device_end": -1, "host_queued_end": 1585578998.938095}, "device": "gpu", "nd_range": {"device_start": 1585578933.75708, "device_end": 1585578933.7585816}, "cmdq": 1, "read": {"device_start": -1, "device_end": -1}}, "softmax23": {"write": {"device_start": -1, "host_queued_start": 1585578998.925792, "device_queued": -1, "device_end": -1, "host_queued_end": 1585578998.938095}, "device": "gpu", "nd_range": {"device_start": 1585578933.7541003, "device_end": 1585578933.755064}, "cmdq": 2, "read": {"device_start": -1, "device_end": -1}}, "FFC_sans_bias37": {"write": {"device_start": 1585578933.7445347, "host_queued_start": 1585578998.909736, "device_queued": 1585578933.7405307, "device_end": 1585578933.7445617, "host_queued_end": 1585578998.938095}, "device": "gpu", "nd_range": {"device_start": 1585578933.7445695, "device_end": 1585578933.7463446}, "cmdq": 1, "read": {"device_start": -1, "device_end": -1}}, "empty62": {"write": {"device_start": 1585578933.7392302, "host_queued_start": 1585578998.89419, "device_queued": 1585578933.738977, "device_end": 1585578933.739301, "host_queued_end": 1585578998.938095}, "device": "gpu", "nd_range": {"device_start": 1585578933.7393122, "device_end": 1585578933.7393231}, "cmdq": 2, "read": {"device_start": -1, "device_end": -1}}, "FFC_sans_bias70": {"write": {"device_start": 1585578933.7621706, "host_queued_start": 1585578998.937993, "device_queued": 1585578933.7442899, "device_end": 1585578933.7621949, "host_queued_end": 1585578998.938095}, "device": "gpu", "nd_range": {"device_start": 1585578933.762197, "device_end": 1585578933.7628503}, "cmdq": 3, "read": {"device_start": 1585578933.762854, "device_end": 1585578933.762876}}, "FFC_sans_bias58": {"write": {"device_start": -1, "host_queued_start": 1585578998.924735, "device_queued": -1, "device_end": -1, "host_queued_end": 1585578998.938095}, "device": "gpu", "nd_range": {"device_start": 1585578933.752676, "device_end": 1585578933.7540994}, "cmdq": 2, "read": {"device_start": -1, "device_end": -1}}, "softmax41": {"write": {"device_start": -1, "host_queued_start": 1585578998.926281, "device_queued": -1, "device_end": -1, "host_queued_end": 1585578998.938095}, "device": "gpu", "nd_range": {"device_start": 1585578933.7542827, "device_end": 1585578933.7550678}, "cmdq": 0, "read": {"device_start": -1, "device_end": -1}}, "FFC_sans_bias11": {"write": {"device_start": 1585578933.7405703, "host_queued_start": 1585578998.901353, "device_queued": 1585578933.7397413, "device_end": 1585578933.7406003, "host_queued_end": 1585578998.938095}, "device": "gpu", "nd_range": {"device_start": 1585578933.7406058, "device_end": 1585578933.7424664}, "cmdq": 1, "read": {"device_start": -1, "device_end": -1}}, "FFC_sans_bias10": {"write": {"device_start": 1585578933.7401657, "host_queued_start": 1585578998.900323, "device_queued": 1585578933.7396953, "device_end": 1585578933.740196, "host_queued_end": 1585578998.938095}, "device": "gpu", "nd_range": {"device_start": 1585578933.7402005, "device_end": 1585578933.7420392}, "cmdq": 0, "read": {"device_start": -1, "device_end": -1}}, "coalesced_transpose3": {"write": {"device_start": -1, "host_queued_start": 1585578998.920392, "device_queued": -1, "device_end": -1, "host_queued_end": 1585578998.938095}, "device": "gpu", "nd_range": {"device_start": 1585578933.74977, "device_end": 1585578933.7510407}, "cmdq": 0, "read": {"device_start": -1, "device_end": -1}}, "FFC_sans_bias34": {"write": {"device_start": 1585578933.7611222, "host_queued_start": 1585578998.933791, "device_queued": 1585578933.7437346, "device_end": 1585578933.7611537, "host_queued_end": 1585578998.938095}, "device": "gpu", "nd_range": {"device_start": 1585578933.7611558, "device_end": 1585578933.7619708}, "cmdq": 3, "read": {"device_start": 1585578933.7619746, "device_end": 1585578933.7619982}}, "FFC_sans_bias15": {"write": {"device_start": -1, "host_queued_start": 1585578998.927725, "device_queued": -1, "device_end": -1, "host_queued_end": 1585578998.938095}, "device": "gpu", "nd_range": {"device_start": 1585578933.7558718, "device_end": 1585578933.7570786}, "cmdq": 1, "read": {"device_start": -1, "device_end": -1}}, "FFC_sans_bias31": {"write": {"device_start": -1, "host_queued_start": 1585578998.923778, "device_queued": -1, "device_end": -1, "host_queued_end": 1585578998.938095}, "device": "gpu", "nd_range": {"device_start": 1585578933.753494, "device_end": 1585578933.754571}, "cmdq": 3, "read": {"device_start": -1, "device_end": -1}}, "FFC_sans_bias16": {"write": {"device_start": 1585578933.7587132, "host_queued_start": 1585578998.931711, "device_queued": 1585578933.7435515, "device_end": 1585578933.7587442, "host_queued_end": 1585578998.938095}, "device": "gpu", "nd_range": {"device_start": 1585578933.7587473, "device_end": 1585578933.7605116}, "cmdq": 1, "read": {"device_start": 1585578933.760515, "device_end": 1585578933.760539}}, "FFC_sans_bias19": {"write": {"device_start": 1585578933.7416096, "host_queued_start": 1585578998.903456, "device_queued": 1585578933.7398908, "device_end": 1585578933.741635, "host_queued_end": 1585578998.938095}, "device": "gpu", "nd_range": {"device_start": 1585578933.7416406, "device_end": 1585578933.7434542}, "cmdq": 3, "read": {"device_start": -1, "device_end": -1}}, "FFC_sans_bias18": {"write": {"device_start": 1585578933.741199, "host_queued_start": 1585578998.902383, "device_queued": 1585578933.739773, "device_end": 1585578933.741229, "host_queued_end": 1585578998.938095}, "device": "gpu", "nd_range": {"device_start": 1585578933.7412322, "device_end": 1585578933.742992}, "cmdq": 2, "read": {"device_start": -1, "device_end": -1}}, "coalesced_transpose30": {"write": {"device_start": -1, "host_queued_start": 1585578998.921296, "device_queued": -1, "device_end": -1, "host_queued_end": 1585578998.938095}, "device": "gpu", "nd_range": {"device_start": 1585578933.751193, "device_end": 1585578933.7525053}, "cmdq": 3, "read": {"device_start": -1, "device_end": -1}}, "FFC_sans_bias69": {"write": {"device_start": -1, "host_queued_start": 1585578998.929634, "device_queued": -1, "device_end": -1, "host_queued_end": 1585578998.938095}, "device": "gpu", "nd_range": {"device_start": 1585578933.7590518, "device_end": 1585578933.761001}, "cmdq": 3, "read": {"device_start": -1, "device_end": -1}}, "FFC_sans_bias38": {"write": {"device_start": 1585578933.7450087, "host_queued_start": 1585578998.910791, "device_queued": 1585578933.7405505, "device_end": 1585578933.7450345, "host_queued_end": 1585578998.938095}, "device": "gpu", "nd_range": {"device_start": 1585578933.745041, "device_end": 1585578933.7468376}, "cmdq": 2, "read": {"device_start": -1, "device_end": -1}}, "coalesced_transpose57": {"write": {"device_start": -1, "host_queued_start": 1585578998.922191, "device_queued": -1, "device_end": -1, "host_queued_end": 1585578998.938095}, "device": "gpu", "nd_range": {"device_start": 1585578933.7510908, "device_end": 1585578933.7511137}, "cmdq": 2, "read": {"device_start": -1, "device_end": -1}}, "empty26": {"write": {"device_start": 1585578933.7388282, "host_queued_start": 1585578998.890896, "device_queued": 1585578933.7386348, "device_end": 1585578933.738891, "host_queued_end": 1585578998.938095}, "device": "gpu", "nd_range": {"device_start": 1585578933.738896, "device_end": 1585578933.7389007}, "cmdq": 2, "read": {"device_start": -1, "device_end": -1}}, "coalesced_transpose12": {"write": {"device_start": -1, "host_queued_start": 1585578998.920697, "device_queued": -1, "device_end": -1, "host_queued_end": 1585578998.938095}, "device": "gpu", "nd_range": {"device_start": 1585578933.75021, "device_end": 1585578933.751064}, "cmdq": 1, "read": {"device_start": -1, "device_end": -1}}, "empty44": {"write": {"device_start": 1585578933.7390192, "host_queued_start": 1585578998.892571, "device_queued": 1585578933.7389042, "device_end": 1585578933.7390761, "host_queued_end": 1585578998.938095}, "device": "gpu", "nd_range": {"device_start": 1585578933.7390828, "device_end": 1585578933.7390897}, "cmdq": 0, "read": {"device_start": -1, "device_end": -1}}, "coalesced_transpose21": {"write": {"device_start": -1, "host_queued_start": 1585578998.921001, "device_queued": -1, "device_end": -1, "host_queued_end": 1585578998.938095}, "device": "gpu", "nd_range": {"device_start": 1585578933.7507367, "device_end": 1585578933.7510781}, "cmdq": 2, "read": {"device_start": -1, "device_end": -1}}, "FFC_sans_bias36": {"write": {"device_start": 1585578933.7440815, "host_queued_start": 1585578998.908673, "device_queued": 1585578933.7404637, "device_end": 1585578933.7441077, "host_queued_end": 1585578998.938095}, "device": "gpu", "nd_range": {"device_start": 1585578933.744123, "device_end": 1585578933.74586}, "cmdq": 0, "read": {"device_start": -1, "device_end": -1}}, "softmax14": {"write": {"device_start": -1, "host_queued_start": 1585578998.925547, "device_queued": -1, "device_end": -1, "host_queued_end": 1585578998.938095}, "device": "gpu", "nd_range": {"device_start": 1585578933.753626, "device_end": 1585578933.755072}, "cmdq": 1, "read": {"device_start": -1, "device_end": -1}}, "FFC_sans_bias13": {"write": {"device_start": -1, "host_queued_start": 1585578998.923156, "device_queued": -1, "device_end": -1, "host_queued_end": 1585578998.938095}, "device": "gpu", "nd_range": {"device_start": 1585578933.7511022, "device_end": 1585578933.7521255}, "cmdq": 1, "read": {"device_start": -1, "device_end": -1}}, "empty8": {"write": {"device_start": 1585578933.7385952, "host_queued_start": 1585578998.888933, "device_queued": 1585578933.7384713, "device_end": 1585578933.7386222, "host_queued_end": 1585578998.938095}, "device": "gpu", "nd_range": {"device_start": 1585578933.738629, "device_end": 1585578933.7386339}, "cmdq": 0, "read": {"device_start": -1, "device_end": -1}}, "FFC_sans_bias42": {"write": {"device_start": -1, "host_queued_start": 1585578998.92867, "device_queued": -1, "device_end": -1, "host_queued_end": 1585578998.938095}, "device": "gpu", "nd_range": {"device_start": 1585578933.7556715, "device_end": 1585578933.7566473}, "cmdq": 0, "read": {"device_start": -1, "device_end": -1}}, "FFC_sans_bias43": {"write": {"device_start": 1585578933.7582803, "host_queued_start": 1585578998.934834, "device_queued": 1585578933.7440844, "device_end": 1585578933.7583053, "host_queued_end": 1585578998.938095}, "device": "gpu", "nd_range": {"device_start": 1585578933.7583203, "device_end": 1585578933.7600262}, "cmdq": 0, "read": {"device_start": 1585578933.7600303, "device_end": 1585578933.7600534}}, "FFC_sans_bias40": {"write": {"device_start": -1, "host_queued_start": 1585578998.924111, "device_queued": -1, "device_end": -1, "host_queued_end": 1585578998.938095}, "device": "gpu", "nd_range": {"device_start": 1585578933.7517061, "device_end": 1585578933.7531147}, "cmdq": 0, "read": {"device_start": -1, "device_end": -1}}, "softmax32": {"write": {"device_start": -1, "host_queued_start": 1585578998.926035, "device_queued": -1, "device_end": -1, "host_queued_end": 1585578998.938095}, "device": "gpu", "nd_range": {"device_start": 1585578933.7551765, "device_end": 1585578933.7558758}, "cmdq": 3, "read": {"device_start": -1, "device_end": -1}}, "FFC_sans_bias47": {"write": {"device_start": 1585578933.7464552, "host_queued_start": 1585578998.913886, "device_queued": 1585578933.7409446, "device_end": 1585578933.7464807, "host_queued_end": 1585578998.938095}, "device": "gpu", "nd_range": {"device_start": 1585578933.7464852, "device_end": 1585578933.748262}, "cmdq": 1, "read": {"device_start": -1, "device_end": -1}}, "FFC_sans_bias45": {"write": {"device_start": 1585578933.7455094, "host_queued_start": 1585578998.911821, "device_queued": 1585578933.7407138, "device_end": 1585578933.7455359, "host_queued_end": 1585578998.938095}, "device": "gpu", "nd_range": {"device_start": 1585578933.7455518, "device_end": 1585578933.7472997}, "cmdq": 3, "read": {"device_start": -1, "device_end": -1}}, "softmax50": {"write": {"device_start": -1, "host_queued_start": 1585578998.926524, "device_queued": -1, "device_end": -1, "host_queued_end": 1585578998.938095}, "device": "gpu", "nd_range": {"device_start": 1585578933.7550733, "device_end": 1585578933.7558706}, "cmdq": 1, "read": {"device_start": -1, "device_end": -1}}, "FFC_sans_bias33": {"write": {"device_start": -1, "host_queued_start": 1585578998.928359, "device_queued": -1, "device_end": -1, "host_queued_end": 1585578998.938095}, "device": "gpu", "nd_range": {"device_start": 1585578933.7572732, "device_end": 1585578933.7590508}, "cmdq": 3, "read": {"device_start": -1, "device_end": -1}}, "FFC_sans_bias63": {"write": {"device_start": 1585578933.7493603, "host_queued_start": 1585578998.920071, "device_queued": 1585578933.7416155, "device_end": 1585578933.749392, "host_queued_end": 1585578998.938095}, "device": "gpu", "nd_range": {"device_start": 1585578933.7493966, "device_end": 1585578933.7511857}, "cmdq": 3, "read": {"device_start": -1, "device_end": -1}}, "FFC_sans_bias49": {"write": {"device_start": -1, "host_queued_start": 1585578998.924424, "device_queued": -1, "device_end": -1, "host_queued_end": 1585578998.938095}, "device": "gpu", "nd_range": {"device_start": 1585578933.7521265, "device_end": 1585578933.753625}, "cmdq": 1, "read": {"device_start": -1, "device_end": -1}}, "FFC_sans_bias64": {"write": {"device_start": 1585578933.748365, "host_queued_start": 1585578998.918012, "device_queued": 1585578933.7414157, "device_end": 1585578933.7483904, "host_queued_end": 1585578998.938095}, "device": "gpu", "nd_range": {"device_start": 1585578933.7483943, "device_end": 1585578933.7502086}, "cmdq": 1, "read": {"device_start": -1, "device_end": -1}}, "FFC_sans_bias65": {"write": {"device_start": 1585578933.748894, "host_queued_start": 1585578998.919049, "device_queued": 1585578933.7414405, "device_end": 1585578933.7489264, "host_queued_end": 1585578998.938095}, "device": "gpu", "nd_range": {"device_start": 1585578933.748933, "device_end": 1585578933.7507331}, "cmdq": 2, "read": {"device_start": -1, "device_end": -1}}, "FFC_sans_bias67": {"write": {"device_start": -1, "host_queued_start": 1585578998.925055, "device_queued": -1, "device_end": -1, "host_queued_end": 1585578998.938095}, "device": "gpu", "nd_range": {"device_start": 1585578933.754572, "device_end": 1585578933.7551754}, "cmdq": 3, "read": {"device_start": -1, "device_end": -1}}, "FFC_sans_bias24": {"write": {"device_start": -1, "host_queued_start": 1585578998.928045, "device_queued": -1, "device_end": -1, "host_queued_end": 1585578998.938095}, "device": "gpu", "nd_range": {"device_start": 1585578933.7554638, "device_end": 1585578933.7561343}, "cmdq": 2, "read": {"device_start": -1, "device_end": -1}}, "FFC_sans_bias25": {"write": {"device_start": 1585578933.7577426, "host_queued_start": 1585578998.932749, "device_queued": 1585578933.7435741, "device_end": 1585578933.7577739, "host_queued_end": 1585578998.938095}, "device": "gpu", "nd_range": {"device_start": 1585578933.757778, "device_end": 1585578933.7595463}, "cmdq": 2, "read": {"device_start": 1585578933.7595491, "device_end": 1585578933.7595723}}, "FFC_sans_bias27": {"write": {"device_start": 1585578933.742593, "host_queued_start": 1585578998.905539, "device_queued": 1585578933.7401147, "device_end": 1585578933.7426255, "host_queued_end": 1585578998.938095}, "device": "gpu", "nd_range": {"device_start": 1585578933.7426312, "device_end": 1585578933.7444224}, "cmdq": 1, "read": {"device_start": -1, "device_end": -1}}, "FFC_sans_bias20": {"write": {"device_start": 1585578933.742165, "host_queued_start": 1585578998.904511, "device_queued": 1585578933.740062, "device_end": 1585578933.7421908, "host_queued_end": 1585578998.938095}, "device": "gpu", "nd_range": {"device_start": 1585578933.7421937, "device_end": 1585578933.7439404}, "cmdq": 0, "read": {"device_start": -1, "device_end": -1}}, "FFC_sans_bias22": {"write": {"device_start": -1, "host_queued_start": 1585578998.923463, "device_queued": -1, "device_end": -1, "host_queued_end": 1585578998.938095}, "device": "gpu", "nd_range": {"device_start": 1585578933.7511148, "device_end": 1585578933.7526748}, "cmdq": 2, "read": {"device_start": -1, "device_end": -1}}, "softmax68": {"write": {"device_start": -1, "host_queued_start": 1585578998.927016, "device_queued": -1, "device_end": -1, "host_queued_end": 1585578998.938095}, "device": "gpu", "nd_range": {"device_start": 1585578933.7558773, "device_end": 1585578933.7572722}, "cmdq": 3, "read": {"device_start": -1, "device_end": -1}}, "softmax5": {"write": {"device_start": -1, "host_queued_start": 1585578998.925304, "device_queued": -1, "device_end": -1, "host_queued_end": 1585578998.938095}, "device": "gpu", "nd_range": {"device_start": 1585578933.753116, "device_end": 1585578933.7542815}, "cmdq": 0, "read": {"device_start": -1, "device_end": -1}}, "FFC_sans_bias28": {"write": {"device_start": 1585578933.7431276, "host_queued_start": 1585578998.906564, "device_queued": 1585578933.7401342, "device_end": 1585578933.7431605, "host_queued_end": 1585578998.938095}, "device": "gpu", "nd_range": {"device_start": 1585578933.7431645, "device_end": 1585578933.7449048}, "cmdq": 2, "read": {"device_start": -1, "device_end": -1}}, "FFC_sans_bias29": {"write": {"device_start": 1585578933.7435784, "host_queued_start": 1585578998.907625, "device_queued": 1585578933.7402837, "device_end": 1585578933.7436035, "host_queued_end": 1585578998.938095}, "device": "gpu", "nd_range": {"device_start": 1585578933.743609, "device_end": 1585578933.7454035}, "cmdq": 3, "read": {"device_start": -1, "device_end": -1}}, "empty17": {"write": {"device_start": 1585578933.7387094, "host_queued_start": 1585578998.890006, "device_queued": 1585578933.7386184, "device_end": 1585578933.738779, "host_queued_end": 1585578998.938095}, "device": "gpu", "nd_range": {"device_start": 1585578933.7387836, "device_end": 1585578933.7387886}, "cmdq": 1, "read": {"device_start": -1, "device_end": -1}}, "softmax59": {"write": {"device_start": -1, "host_queued_start": 1585578998.926772, "device_queued": -1, "device_end": -1, "host_queued_end": 1585578998.938095}, "device": "gpu", "nd_range": {"device_start": 1585578933.755065, "device_end": 1585578933.7554626}, "cmdq": 2, "read": {"device_start": -1, "device_end": -1}}, "empty71": {"write": {"device_start": 1585578933.7393124, "host_queued_start": 1585578998.895044, "device_queued": 1585578933.7389908, "device_end": 1585578933.7393534, "host_queued_end": 1585578998.938095}, "device": "gpu", "nd_range": {"device_start": 1585578933.7393627, "device_end": 1585578933.739367}, "cmdq": 3, "read": {"device_start": -1, "device_end": -1}}, "empty35": {"write": {"device_start": 1585578933.738915, "host_queued_start": 1585578998.891738, "device_queued": 1585578933.7386534, "device_end": 1585578933.7389793, "host_queued_end": 1585578998.938095}, "device": "gpu", "nd_range": {"device_start": 1585578933.7389832, "device_end": 1585578933.7389874}, "cmdq": 3, "read": {"device_start": -1, "device_end": -1}}, "empty53": {"write": {"device_start": 1585578933.739123, "host_queued_start": 1585578998.893376, "device_queued": 1585578933.7389529, "device_end": 1585578933.7391765, "host_queued_end": 1585578998.938095}, "device": "gpu", "nd_range": {"device_start": 1585578933.7391899, "device_end": 1585578933.7391956}, "cmdq": 1, "read": {"device_start": -1, "device_end": -1}}, "FFC_sans_bias46": {"write": {"device_start": 1585578933.7459655, "host_queued_start": 1585578998.91285, "device_queued": 1585578933.740888, "device_end": 1585578933.745991, "host_queued_end": 1585578998.938095}, "device": "gpu", "nd_range": {"device_start": 1585578933.7459948, "device_end": 1585578933.7478075}, "cmdq": 0, "read": {"device_start": -1, "device_end": -1}}, "coalesced_transpose66": {"write": {"device_start": -1, "host_queued_start": 1585578998.922489, "device_queued": -1, "device_end": -1, "host_queued_end": 1585578998.938095}, "device": "gpu", "nd_range": {"device_start": 1585578933.7525196, "device_end": 1585578933.7534928}, "cmdq": 3, "read": {"device_start": -1, "device_end": -1}}, "coalesced_transpose48": {"write": {"device_start": -1, "host_queued_start": 1585578998.921897, "device_queued": -1, "device_end": -1, "host_queued_end": 1585578998.938095}, "device": "gpu", "nd_range": {"device_start": 1585578933.7510743, "device_end": 1585578933.751101}, "cmdq": 1, "read": {"device_start": -1, "device_end": -1}}}