{"FFC_sans_bias60": {"write": {"device_start": -1, "host_queued_start": 1585578651.018763, "device_queued": -1, "device_end": -1, "host_queued_end": 1585578651.026511}, "device": "gpu", "nd_range": {"device_start": 1585578585.8578649, "device_end": 1585578585.8584619}, "cmdq": 0, "read": {"device_start": -1, "device_end": -1}}, "FFC_sans_bias4": {"write": {"device_start": -1, "host_queued_start": 1585578651.037305, "device_queued": -1, "device_end": -1, "host_queued_end": 1585578651.041274}, "device": "cpu", "nd_range": {"device_start": 2246425.25191438, "device_end": 2246425.2576524992}, "cmdq": 0, "read": {"device_start": -1, "device_end": -1}}, "FFC_sans_bias7": {"write": {"device_start": -1, "host_queued_start": 1585578651.04019, "device_queued": -1, "device_end": -1, "host_queued_end": 1585578651.041274}, "device": "cpu", "nd_range": {"device_start": 2246425.265286901, "device_end": 2246425.271290155}, "cmdq": 0, "read": {"device_start": -1, "device_end": -1}}, "FFC_sans_bias6": {"write": {"device_start": -1, "host_queued_start": 1585578651.038666, "device_queued": -1, "device_end": -1, "host_queued_end": 1585578651.041274}, "device": "cpu", "nd_range": {"device_start": 2246425.258096301, "device_end": 2246425.2652797783}, "cmdq": 0, "read": {"device_start": -1, "device_end": -1}}, "FFC_sans_bias1": {"write": {"device_start": -1, "host_queued_start": 1585578651.031657, "device_queued": -1, "device_end": -1, "host_queued_end": 1585578651.041274}, "device": "cpu", "nd_range": {"device_start": 2246425.2308847313, "device_end": 2246425.243007385}, "cmdq": 1, "read": {"device_start": -1, "device_end": -1}}, "FFC_sans_bias0": {"write": {"device_start": -1, "host_queued_start": 1585578651.030393, "device_queued": -1, "device_end": -1, "host_queued_end": 1585578651.041274}, "device": "cpu", "nd_range": {"device_start": 2246425.230884993, "device_end": 2246425.236377838}, "cmdq": 0, "read": {"device_start": -1, "device_end": -1}}, "FFC_sans_bias2": {"write": {"device_start": -1, "host_queued_start": 1585578651.032793, "device_queued": -1, "device_end": -1, "host_queued_end": 1585578651.041274}, "device": "cpu", "nd_range": {"device_start": 2246425.236511376, "device_end": 2246425.244164138}, "cmdq": 0, "read": {"device_start": -1, "device_end": -1}}, "FFC_sans_bias61": {"write": {"device_start": 1585578585.8628767, "host_queued_start": 1585578651.02528, "device_queued": 1585578585.8404386, "device_end": 1585578585.8628998, "host_queued_end": 1585578651.026511}, "device": "gpu", "nd_range": {"device_start": 1585578585.8629034, "device_end": 1585578585.8634992}, "cmdq": 0, "read": {"device_start": 1585578585.863501, "device_end": 1585578585.863524}}, "FFC_sans_bias52": {"write": {"device_start": 1585578585.8620942, "host_queued_start": 1585578651.024121, "device_queued": 1585578585.8403814, "device_end": 1585578585.862118, "host_queued_end": 1585578651.026511}, "device": "gpu", "nd_range": {"device_start": 1585578585.862121, "device_end": 1585578585.8627179}, "cmdq": 0, "read": {"device_start": 1585578585.862726, "device_end": 1585578585.8627481}}, "FFC_sans_bias9": {"write": {"device_start": -1, "host_queued_start": 1585578651.033893, "device_queued": -1, "device_end": -1, "host_queued_end": 1585578651.041274}, "device": "cpu", "nd_range": {"device_start": 2246425.243200824, "device_end": 2246425.248910165}, "cmdq": 1, "read": {"device_start": -1, "device_end": -1}}, "coalesced_transpose39": {"write": {"device_start": -1, "host_queued_start": 1585578651.012136, "device_queued": -1, "device_end": -1, "host_queued_end": 1585578651.026511}, "device": "gpu", "nd_range": {"device_start": 1585578585.8505428, "device_end": 1585578585.8505518}, "cmdq": 0, "read": {"device_start": -1, "device_end": -1}}, "FFC_sans_bias55": {"write": {"device_start": 1585578585.847643, "host_queued_start": 1585578651.007638, "device_queued": 1585578585.8384202, "device_end": 1585578585.8476715, "host_queued_end": 1585578651.026511}, "device": "gpu", "nd_range": {"device_start": 1585578585.8476775, "device_end": 1585578585.8482757}, "cmdq": 0, "read": {"device_start": -1, "device_end": -1}}, "FFC_sans_bias54": {"write": {"device_start": 1585578585.8468616, "host_queued_start": 1585578651.006437, "device_queued": 1585578585.838368, "device_end": 1585578585.8468904, "host_queued_end": 1585578651.026511}, "device": "gpu", "nd_range": {"device_start": 1585578585.8468952, "device_end": 1585578585.847499}, "cmdq": 0, "read": {"device_start": -1, "device_end": -1}}, "FFC_sans_bias56": {"write": {"device_start": 1585578585.8460999, "host_queued_start": 1585578651.004993, "device_queued": 1585578585.838235, "device_end": 1585578585.8461277, "host_queued_end": 1585578651.026511}, "device": "gpu", "nd_range": {"device_start": 1585578585.8461344, "device_end": 1585578585.8467343}, "cmdq": 0, "read": {"device_start": -1, "device_end": -1}}, "FFC_sans_bias51": {"write": {"device_start": -1, "host_queued_start": 1585578651.018363, "device_queued": -1, "device_end": -1, "host_queued_end": 1585578651.026511}, "device": "gpu", "nd_range": {"device_start": 1585578585.8572638, "device_end": 1585578585.8578637}, "cmdq": 0, "read": {"device_start": -1, "device_end": -1}}, "softmax23": {"write": {"device_start": -1, "host_queued_start": 1585578651.015522, "device_queued": -1, "device_end": -1, "host_queued_end": 1585578651.026511}, "device": "gpu", "nd_range": {"device_start": 1585578585.8541868, "device_end": 1585578585.854399}, "cmdq": 0, "read": {"device_start": -1, "device_end": -1}}, "FFC_sans_bias37": {"write": {"device_start": 1585578585.8423715, "host_queued_start": 1585578650.99792, "device_queued": 1585578585.8378031, "device_end": 1585578585.8423948, "host_queued_end": 1585578651.026511}, "device": "gpu", "nd_range": {"device_start": 1585578585.8423998, "device_end": 1585578585.842988}, "cmdq": 0, "read": {"device_start": -1, "device_end": -1}}, "empty62": {"write": {"device_start": 1585578585.8369875, "host_queued_start": 1585578650.988583, "device_queued": 1585578585.836909, "device_end": 1585578585.8370178, "host_queued_end": 1585578651.026511}, "device": "gpu", "nd_range": {"device_start": 1585578585.8370223, "device_end": 1585578585.837033}, "cmdq": 0, "read": {"device_start": -1, "device_end": -1}}, "FFC_sans_bias70": {"write": {"device_start": 1585578585.863653, "host_queued_start": 1585578651.026403, "device_queued": 1585578585.8405664, "device_end": 1585578585.8636763, "host_queued_end": 1585578651.026511}, "device": "gpu", "nd_range": {"device_start": 1585578585.8636794, "device_end": 1585578585.8642766}, "cmdq": 0, "read": {"device_start": 1585578585.8642855, "device_end": 1585578585.8643095}}, "FFC_sans_bias58": {"write": {"device_start": -1, "host_queued_start": 1585578651.014903, "device_queued": -1, "device_end": -1, "host_queued_end": 1585578651.026511}, "device": "gpu", "nd_range": {"device_start": 1585578585.8529902, "device_end": 1585578585.8535864}, "cmdq": 0, "read": {"device_start": -1, "device_end": -1}}, "softmax41": {"write": {"device_start": -1, "host_queued_start": 1585578651.016073, "device_queued": -1, "device_end": -1, "host_queued_end": 1585578651.026511}, "device": "gpu", "nd_range": {"device_start": 1585578585.8546112, "device_end": 1585578585.8548214}, "cmdq": 0, "read": {"device_start": -1, "device_end": -1}}, "FFC_sans_bias11": {"write": {"device_start": -1, "host_queued_start": 1585578651.036206, "device_queued": -1, "device_end": -1, "host_queued_end": 1585578651.041274}, "device": "cpu", "nd_range": {"device_start": 2246425.2547546993, "device_end": 2246425.262355201}, "cmdq": 1, "read": {"device_start": -1, "device_end": -1}}, "FFC_sans_bias10": {"write": {"device_start": -1, "host_queued_start": 1585578651.035018, "device_queued": -1, "device_end": -1, "host_queued_end": 1585578651.041274}, "device": "cpu", "nd_range": {"device_start": 2246425.2442919193, "device_end": 2246425.2516475893}, "cmdq": 0, "read": {"device_start": -1, "device_end": -1}}, "coalesced_transpose3": {"write": {"device_start": -1, "host_queued_start": 1585578651.036534, "device_queued": -1, "device_end": -1, "host_queued_end": 1585578651.041274}, "device": "cpu", "nd_range": {"device_start": 2246425.2516557584, "device_end": 2246425.251798678}, "cmdq": 0, "read": {"device_start": -1, "device_end": -1}}, "FFC_sans_bias34": {"write": {"device_start": 1585578585.8599622, "host_queued_start": 1585578651.021655, "device_queued": 1585578585.8401015, "device_end": 1585578585.8599858, "host_queued_end": 1585578651.026511}, "device": "gpu", "nd_range": {"device_start": 1585578585.859989, "device_end": 1585578585.8605845}, "cmdq": 0, "read": {"device_start": 1585578585.860587, "device_end": 1585578585.860609}}, "FFC_sans_bias15": {"write": {"device_start": -1, "host_queued_start": 1585578651.039004, "device_queued": -1, "device_end": -1, "host_queued_end": 1585578651.041274}, "device": "cpu", "nd_range": {"device_start": 2246425.279007568, "device_end": 2246425.282978609}, "cmdq": 1, "read": {"device_start": -1, "device_end": -1}}, "FFC_sans_bias31": {"write": {"device_start": -1, "host_queued_start": 1585578651.013846, "device_queued": -1, "device_end": -1, "host_queued_end": 1585578651.026511}, "device": "gpu", "nd_range": {"device_start": 1585578585.8511944, "device_end": 1585578585.8517952}, "cmdq": 0, "read": {"device_start": -1, "device_end": -1}}, "FFC_sans_bias16": {"write": {"device_start": -1, "host_queued_start": 1585578651.04123, "device_queued": -1, "device_end": -1, "host_queued_end": 1585578651.041274}, "device": "cpu", "nd_range": {"device_start": 2246425.2829851443, "device_end": 2246425.287815268}, "cmdq": 1, "read": {"device_start": -1, "device_end": -1}}, "FFC_sans_bias19": {"write": {"device_start": 1585578585.8379385, "host_queued_start": 1585578650.991473, "device_queued": 1585578585.8372934, "device_end": 1585578585.8379674, "host_queued_end": 1585578651.026511}, "device": "gpu", "nd_range": {"device_start": 1585578585.837976, "device_end": 1585578585.838576}, "cmdq": 0, "read": {"device_start": -1, "device_end": -1}}, "FFC_sans_bias18": {"write": {"device_start": 1585578585.8372269, "host_queued_start": 1585578650.990402, "device_queued": 1585578585.8370137, "device_end": 1585578585.8372514, "host_queued_end": 1585578651.026511}, "device": "gpu", "nd_range": {"device_start": 1585578585.8372552, "device_end": 1585578585.8378615}, "cmdq": 0, "read": {"device_start": -1, "device_end": -1}}, "coalesced_transpose30": {"write": {"device_start": -1, "host_queued_start": 1585578651.011782, "device_queued": -1, "device_end": -1, "host_queued_end": 1585578651.026511}, "device": "gpu", "nd_range": {"device_start": 1585578585.850527, "device_end": 1585578585.8505356}, "cmdq": 0, "read": {"device_start": -1, "device_end": -1}}, "FFC_sans_bias69": {"write": {"device_start": -1, "host_queued_start": 1585578651.019132, "device_queued": -1, "device_end": -1, "host_queued_end": 1585578651.026511}, "device": "gpu", "nd_range": {"device_start": 1585578585.8584628, "device_end": 1585578585.8590605}, "cmdq": 0, "read": {"device_start": -1, "device_end": -1}}, "FFC_sans_bias38": {"write": {"device_start": 1585578585.8430903, "host_queued_start": 1585578650.998994, "device_queued": 1585578585.8378453, "device_end": 1585578585.8431137, "host_queued_end": 1585578651.026511}, "device": "gpu", "nd_range": {"device_start": 1585578585.8431208, "device_end": 1585578585.8437254}, "cmdq": 0, "read": {"device_start": -1, "device_end": -1}}, "coalesced_transpose57": {"write": {"device_start": -1, "host_queued_start": 1585578651.012808, "device_queued": -1, "device_end": -1, "host_queued_end": 1585578651.026511}, "device": "gpu", "nd_range": {"device_start": 1585578585.8505692, "device_end": 1585578585.8505821}, "cmdq": 0, "read": {"device_start": -1, "device_end": -1}}, "empty26": {"write": {"device_start": 1585578585.8363698, "host_queued_start": 1585578650.985048, "device_queued": 1585578585.8362641, "device_end": 1585578585.8363953, "host_queued_end": 1585578651.026511}, "device": "gpu", "nd_range": {"device_start": 1585578585.836444, "device_end": 1585578585.8364491}, "cmdq": 0, "read": {"device_start": -1, "device_end": -1}}, "coalesced_transpose12": {"write": {"device_start": -1, "host_queued_start": 1585578651.036903, "device_queued": -1, "device_end": -1, "host_queued_end": 1585578651.041274}, "device": "cpu", "nd_range": {"device_start": 2246425.270084801, "device_end": 2246425.2703194143}, "cmdq": 1, "read": {"device_start": -1, "device_end": -1}}, "empty44": {"write": {"device_start": 1585578585.8367238, "host_queued_start": 1585578650.986964, "device_queued": 1585578585.8364496, "device_end": 1585578585.8367534, "host_queued_end": 1585578651.026511}, "device": "gpu", "nd_range": {"device_start": 1585578585.8367562, "device_end": 1585578585.8367596}, "cmdq": 0, "read": {"device_start": -1, "device_end": -1}}, "coalesced_transpose21": {"write": {"device_start": -1, "host_queued_start": 1585578651.01144, "device_queued": -1, "device_end": -1, "host_queued_end": 1585578651.026511}, "device": "gpu", "nd_range": {"device_start": 1585578585.8505175, "device_end": 1585578585.8505259}, "cmdq": 0, "read": {"device_start": -1, "device_end": -1}}, "FFC_sans_bias36": {"write": {"device_start": 1585578585.8416433, "host_queued_start": 1585578650.996887, "device_queued": 1585578585.8376832, "device_end": 1585578585.8416674, "host_queued_end": 1585578651.026511}, "device": "gpu", "nd_range": {"device_start": 1585578585.841673, "device_end": 1585578585.8422723}, "cmdq": 0, "read": {"device_start": -1, "device_end": -1}}, "softmax14": {"write": {"device_start": -1, "host_queued_start": 1585578651.038241, "device_queued": -1, "device_end": -1, "host_queued_end": 1585578651.041274}, "device": "cpu", "nd_range": {"device_start": 2246425.278755605, "device_end": 2246425.278868211}, "cmdq": 1, "read": {"device_start": -1, "device_end": -1}}, "FFC_sans_bias13": {"write": {"device_start": -1, "host_queued_start": 1585578651.037681, "device_queued": -1, "device_end": -1, "host_queued_end": 1585578651.041274}, "device": "cpu", "nd_range": {"device_start": 2246425.2703271382, "device_end": 2246425.278737963}, "cmdq": 1, "read": {"device_start": -1, "device_end": -1}}, "empty8": {"write": {"device_start": -1, "host_queued_start": 1585578651.028133, "device_queued": -1, "device_end": -1, "host_queued_end": 1585578651.041274}, "device": "cpu", "nd_range": {"device_start": 2246425.230856052, "device_end": 2246425.2308664033}, "cmdq": 0, "read": {"device_start": -1, "device_end": -1}}, "FFC_sans_bias42": {"write": {"device_start": -1, "host_queued_start": 1585578651.017982, "device_queued": -1, "device_end": -1, "host_queued_end": 1585578651.026511}, "device": "gpu", "nd_range": {"device_start": 1585578585.856661, "device_end": 1585578585.8572626}, "cmdq": 0, "read": {"device_start": -1, "device_end": -1}}, "FFC_sans_bias43": {"write": {"device_start": 1585578585.8607373, "host_queued_start": 1585578651.022894, "device_queued": 1585578585.8401825, "device_end": 1585578585.8607605, "host_queued_end": 1585578651.026511}, "device": "gpu", "nd_range": {"device_start": 1585578585.860764, "device_end": 1585578585.8613505}, "cmdq": 0, "read": {"device_start": 1585578585.8613539, "device_end": 1585578585.8613758}}, "FFC_sans_bias40": {"write": {"device_start": -1, "host_queued_start": 1585578651.014189, "device_queued": -1, "device_end": -1, "host_queued_end": 1585578651.026511}, "device": "gpu", "nd_range": {"device_start": 1585578585.8517964, "device_end": 1585578585.8523939}, "cmdq": 0, "read": {"device_start": -1, "device_end": -1}}, "softmax32": {"write": {"device_start": -1, "host_queued_start": 1585578651.015799, "device_queued": -1, "device_end": -1, "host_queued_end": 1585578651.026511}, "device": "gpu", "nd_range": {"device_start": 1585578585.8544002, "device_end": 1585578585.85461}, "cmdq": 0, "read": {"device_start": -1, "device_end": -1}}, "FFC_sans_bias47": {"write": {"device_start": 1585578585.8453307, "host_queued_start": 1585578651.002953, "device_queued": 1585578585.8381836, "device_end": 1585578585.845359, "host_queued_end": 1585578651.026511}, "device": "gpu", "nd_range": {"device_start": 1585578585.8453684, "device_end": 1585578585.845975}, "cmdq": 0, "read": {"device_start": -1, "device_end": -1}}, "FFC_sans_bias45": {"write": {"device_start": 1585578585.8438346, "host_queued_start": 1585578651.000023, "device_queued": 1585578585.838001, "device_end": 1585578585.843858, "host_queued_end": 1585578651.026511}, "device": "gpu", "nd_range": {"device_start": 1585578585.8438632, "device_end": 1585578585.8444655}, "cmdq": 0, "read": {"device_start": -1, "device_end": -1}}, "softmax50": {"write": {"device_start": -1, "host_queued_start": 1585578651.016346, "device_queued": -1, "device_end": -1, "host_queued_end": 1585578651.026511}, "device": "gpu", "nd_range": {"device_start": 1585578585.8548224, "device_end": 1585578585.8550344}, "cmdq": 0, "read": {"device_start": -1, "device_end": -1}}, "FFC_sans_bias33": {"write": {"device_start": -1, "host_queued_start": 1585578651.017621, "device_queued": -1, "device_end": -1, "host_queued_end": 1585578651.026511}, "device": "gpu", "nd_range": {"device_start": 1585578585.856063, "device_end": 1585578585.8566601}, "cmdq": 0, "read": {"device_start": -1, "device_end": -1}}, "FFC_sans_bias63": {"write": {"device_start": 1585578585.8498876, "host_queued_start": 1585578651.011073, "device_queued": 1585578585.8388135, "device_end": 1585578585.8499165, "host_queued_end": 1585578651.026511}, "device": "gpu", "nd_range": {"device_start": 1585578585.8499253, "device_end": 1585578585.8505166}, "cmdq": 0, "read": {"device_start": -1, "device_end": -1}}, "FFC_sans_bias49": {"write": {"device_start": -1, "host_queued_start": 1585578651.014538, "device_queued": -1, "device_end": -1, "host_queued_end": 1585578651.026511}, "device": "gpu", "nd_range": {"device_start": 1585578585.8523948, "device_end": 1585578585.8529887}, "cmdq": 0, "read": {"device_start": -1, "device_end": -1}}, "FFC_sans_bias64": {"write": {"device_start": 1585578585.848417, "host_queued_start": 1585578651.008776, "device_queued": 1585578585.8385859, "device_end": 1585578585.848441, "host_queued_end": 1585578651.026511}, "device": "gpu", "nd_range": {"device_start": 1585578585.8484457, "device_end": 1585578585.8490396}, "cmdq": 0, "read": {"device_start": -1, "device_end": -1}}, "FFC_sans_bias65": {"write": {"device_start": 1585578585.8491564, "host_queued_start": 1585578651.009955, "device_queued": 1585578585.8386345, "device_end": 1585578585.8491855, "host_queued_end": 1585578651.026511}, "device": "gpu", "nd_range": {"device_start": 1585578585.849188, "device_end": 1585578585.8497803}, "cmdq": 0, "read": {"device_start": -1, "device_end": -1}}, "FFC_sans_bias67": {"write": {"device_start": -1, "host_queued_start": 1585578651.015247, "device_queued": -1, "device_end": -1, "host_queued_end": 1585578651.026511}, "device": "gpu", "nd_range": {"device_start": 1585578585.8535879, "device_end": 1585578585.8541858}, "cmdq": 0, "read": {"device_start": -1, "device_end": -1}}, "FFC_sans_bias24": {"write": {"device_start": -1, "host_queued_start": 1585578651.017237, "device_queued": -1, "device_end": -1, "host_queued_end": 1585578651.026511}, "device": "gpu", "nd_range": {"device_start": 1585578585.8554606, "device_end": 1585578585.8560615}, "cmdq": 0, "read": {"device_start": -1, "device_end": -1}}, "FFC_sans_bias25": {"write": {"device_start": 1585578585.8591547, "host_queued_start": 1585578651.020363, "device_queued": 1585578585.8399222, "device_end": 1585578585.8591785, "host_queued_end": 1585578651.026511}, "device": "gpu", "nd_range": {"device_start": 1585578585.859182, "device_end": 1585578585.8597798}, "cmdq": 0, "read": {"device_start": 1585578585.8597877, "device_end": 1585578585.8598125}}, "FFC_sans_bias27": {"write": {"device_start": 1585578585.8394287, "host_queued_start": 1585578650.993538, "device_queued": 1585578585.8374732, "device_end": 1585578585.839459, "host_queued_end": 1585578651.026511}, "device": "gpu", "nd_range": {"device_start": 1585578585.8394659, "device_end": 1585578585.8400662}, "cmdq": 0, "read": {"device_start": -1, "device_end": -1}}, "FFC_sans_bias20": {"write": {"device_start": 1585578585.8386698, "host_queued_start": 1585578650.99251, "device_queued": 1585578585.837336, "device_end": 1585578585.8386996, "host_queued_end": 1585578651.026511}, "device": "gpu", "nd_range": {"device_start": 1585578585.838709, "device_end": 1585578585.839212}, "cmdq": 0, "read": {"device_start": -1, "device_end": -1}}, "FFC_sans_bias22": {"write": {"device_start": -1, "host_queued_start": 1585578651.013479, "device_queued": -1, "device_end": -1, "host_queued_end": 1585578651.026511}, "device": "gpu", "nd_range": {"device_start": 1585578585.8505945, "device_end": 1585578585.8511932}, "cmdq": 0, "read": {"device_start": -1, "device_end": -1}}, "softmax68": {"write": {"device_start": -1, "host_queued_start": 1585578651.016892, "device_queued": -1, "device_end": -1, "host_queued_end": 1585578651.026511}, "device": "gpu", "nd_range": {"device_start": 1585578585.8552485, "device_end": 1585578585.8554595}, "cmdq": 0, "read": {"device_start": -1, "device_end": -1}}, "softmax5": {"write": {"device_start": -1, "host_queued_start": 1585578651.03797, "device_queued": -1, "device_end": -1, "host_queued_end": 1585578651.041274}, "device": "cpu", "nd_range": {"device_start": 2246425.257768136, "device_end": 2246425.257983561}, "cmdq": 0, "read": {"device_start": -1, "device_end": -1}}, "FFC_sans_bias28": {"write": {"device_start": 1585578585.8402007, "host_queued_start": 1585578650.994565, "device_queued": 1585578585.8375254, "device_end": 1585578585.840231, "host_queued_end": 1585578651.026511}, "device": "gpu", "nd_range": {"device_start": 1585578585.8402364, "device_end": 1585578585.8408291}, "cmdq": 0, "read": {"device_start": -1, "device_end": -1}}, "FFC_sans_bias29": {"write": {"device_start": 1585578585.8409286, "host_queued_start": 1585578650.995856, "device_queued": 1585578585.837649, "device_end": 1585578585.840952, "host_queued_end": 1585578651.026511}, "device": "gpu", "nd_range": {"device_start": 1585578585.840956, "device_end": 1585578585.8415432}, "cmdq": 0, "read": {"device_start": -1, "device_end": -1}}, "empty17": {"write": {"device_start": -1, "host_queued_start": 1585578651.029161, "device_queued": -1, "device_end": -1, "host_queued_end": 1585578651.041274}, "device": "cpu", "nd_range": {"device_start": 2246425.23085576, "device_end": 2246425.230866449}, "cmdq": 1, "read": {"device_start": -1, "device_end": -1}}, "softmax59": {"write": {"device_start": -1, "host_queued_start": 1585578651.01662, "device_queued": -1, "device_end": -1, "host_queued_end": 1585578651.026511}, "device": "gpu", "nd_range": {"device_start": 1585578585.8550355, "device_end": 1585578585.8552475}, "cmdq": 0, "read": {"device_start": -1, "device_end": -1}}, "empty71": {"write": {"device_start": 1585578585.837103, "host_queued_start": 1585578650.989412, "device_queued": 1585578585.8369694, "device_end": 1585578585.83713, "host_queued_end": 1585578651.026511}, "device": "gpu", "nd_range": {"device_start": 1585578585.8371327, "device_end": 1585578585.8371363}, "cmdq": 0, "read": {"device_start": -1, "device_end": -1}}, "empty35": {"write": {"device_start": 1585578585.8365695, "host_queued_start": 1585578650.986121, "device_queued": 1585578585.836404, "device_end": 1585578585.8366, "host_queued_end": 1585578651.026511}, "device": "gpu", "nd_range": {"device_start": 1585578585.8366067, "device_end": 1585578585.8366103}, "cmdq": 0, "read": {"device_start": -1, "device_end": -1}}, "empty53": {"write": {"device_start": 1585578585.836894, "host_queued_start": 1585578650.987778, "device_queued": 1585578585.8365319, "device_end": 1585578585.8369176, "host_queued_end": 1585578651.026511}, "device": "gpu", "nd_range": {"device_start": 1585578585.836921, "device_end": 1585578585.8369246}, "cmdq": 0, "read": {"device_start": -1, "device_end": -1}}, "FFC_sans_bias46": {"write": {"device_start": 1585578585.844575, "host_queued_start": 1585578651.001115, "device_queued": 1585578585.8380437, "device_end": 1585578585.8445985, "host_queued_end": 1585578651.026511}, "device": "gpu", "nd_range": {"device_start": 1585578585.8446069, "device_end": 1585578585.845204}, "cmdq": 0, "read": {"device_start": -1, "device_end": -1}}, "coalesced_transpose66": {"write": {"device_start": -1, "host_queued_start": 1585578651.013133, "device_queued": -1, "device_end": -1, "host_queued_end": 1585578651.026511}, "device": "gpu", "nd_range": {"device_start": 1585578585.8505838, "device_end": 1585578585.8505933}, "cmdq": 0, "read": {"device_start": -1, "device_end": -1}}, "coalesced_transpose48": {"write": {"device_start": -1, "host_queued_start": 1585578651.012475, "device_queued": -1, "device_end": -1, "host_queued_end": 1585578651.026511}, "device": "gpu", "nd_range": {"device_start": 1585578585.850553, "device_end": 1585578585.850568}, "cmdq": 0, "read": {"device_start": -1, "device_end": -1}}}