{"FFC_sans_bias60": {"write": {"device_start": -1, "host_queued_start": 1585578785.531905, "device_queued": -1, "device_end": -1, "host_queued_end": 1585578785.535459}, "device": "gpu", "nd_range": {"device_start": 1585578720.3483062, "device_end": 1585578720.3493106}, "cmdq": 0, "read": {"device_start": -1, "device_end": -1}}, "FFC_sans_bias4": {"write": {"device_start": -1, "host_queued_start": 1585578785.558819, "device_queued": -1, "device_end": -1, "host_queued_end": 1585578785.56846}, "device": "cpu", "nd_range": {"device_start": 2246559.834066261, "device_end": 2246559.8409520104}, "cmdq": 1, "read": {"device_start": -1, "device_end": -1}}, "FFC_sans_bias7": {"write": {"device_start": -1, "host_queued_start": 1585578785.564412, "device_queued": -1, "device_end": -1, "host_queued_end": 1585578785.56846}, "device": "cpu", "nd_range": {"device_start": 2246559.876110226, "device_end": 2246559.88776277}, "cmdq": 0, "read": {"device_start": -1, "device_end": -1}}, "FFC_sans_bias6": {"write": {"device_start": -1, "host_queued_start": 1585578785.561933, "device_queued": -1, "device_end": -1, "host_queued_end": 1585578785.56846}, "device": "cpu", "nd_range": {"device_start": 2246559.860300606, "device_end": 2246559.867914493}, "cmdq": 1, "read": {"device_start": -1, "device_end": -1}}, "FFC_sans_bias1": {"write": {"device_start": -1, "host_queued_start": 1585578785.542729, "device_queued": -1, "device_end": -1, "host_queued_end": 1585578785.56846}, "device": "cpu", "nd_range": {"device_start": 2246559.7580845593, "device_end": 2246559.765917084}, "cmdq": 0, "read": {"device_start": -1, "device_end": -1}}, "FFC_sans_bias0": {"write": {"device_start": -1, "host_queued_start": 1585578785.541666, "device_queued": -1, "device_end": -1, "host_queued_end": 1585578785.56846}, "device": "cpu", "nd_range": {"device_start": 2246559.758075761, "device_end": 2246559.766022087}, "cmdq": 1, "read": {"device_start": -1, "device_end": -1}}, "FFC_sans_bias2": {"write": {"device_start": -1, "host_queued_start": 1585578785.543788, "device_queued": -1, "device_end": -1, "host_queued_end": 1585578785.56846}, "device": "cpu", "nd_range": {"device_start": 2246559.766145703, "device_end": 2246559.774710459}, "cmdq": 1, "read": {"device_start": -1, "device_end": -1}}, "FFC_sans_bias61": {"write": {"device_start": 1585578720.350013, "host_queued_start": 1585578785.534275, "device_queued": 1585578720.3435183, "device_end": 1585578720.3500445, "host_queued_end": 1585578785.535459}, "device": "gpu", "nd_range": {"device_start": 1585578720.3500504, "device_end": 1585578720.3507676}, "cmdq": 1, "read": {"device_start": 1585578720.3507717, "device_end": 1585578720.3507955}}, "FFC_sans_bias52": {"write": {"device_start": 1585578720.349449, "host_queued_start": 1585578785.533233, "device_queued": 1585578720.3434746, "device_end": 1585578720.3494794, "host_queued_end": 1585578785.535459}, "device": "gpu", "nd_range": {"device_start": 1585578720.3494914, "device_end": 1585578720.350303}, "cmdq": 0, "read": {"device_start": 1585578720.3503046, "device_end": 1585578720.3503294}}, "FFC_sans_bias9": {"write": {"device_start": -1, "host_queued_start": 1585578785.545004, "device_queued": -1, "device_end": -1, "host_queued_end": 1585578785.56846}, "device": "cpu", "nd_range": {"device_start": 2246559.7660316774, "device_end": 2246559.7737396862}, "cmdq": 0, "read": {"device_start": -1, "device_end": -1}}, "coalesced_transpose39": {"write": {"device_start": -1, "host_queued_start": 1585578785.558467, "device_queued": -1, "device_end": -1, "host_queued_end": 1585578785.56846}, "device": "cpu", "nd_range": {"device_start": 2246559.8169116313, "device_end": 2246559.8171457653}, "cmdq": 0, "read": {"device_start": -1, "device_end": -1}}, "FFC_sans_bias55": {"write": {"device_start": 1585578720.34413, "host_queued_start": 1585578785.525264, "device_queued": 1585578720.342438, "device_end": 1585578720.3441632, "host_queued_end": 1585578785.535459}, "device": "gpu", "nd_range": {"device_start": 1585578720.344167, "device_end": 1585578720.3450248}, "cmdq": 0, "read": {"device_start": -1, "device_end": -1}}, "FFC_sans_bias54": {"write": {"device_start": 1585578720.3437295, "host_queued_start": 1585578785.524229, "device_queued": 1585578720.3422847, "device_end": 1585578720.3437622, "host_queued_end": 1585578785.535459}, "device": "gpu", "nd_range": {"device_start": 1585578720.343774, "device_end": 1585578720.344585}, "cmdq": 1, "read": {"device_start": -1, "device_end": -1}}, "FFC_sans_bias56": {"write": {"device_start": 1585578720.343151, "host_queued_start": 1585578785.523198, "device_queued": 1585578720.3422437, "device_end": 1585578720.3431816, "host_queued_end": 1585578785.535459}, "device": "gpu", "nd_range": {"device_start": 1585578720.343185, "device_end": 1585578720.3440354}, "cmdq": 0, "read": {"device_start": -1, "device_end": -1}}, "FFC_sans_bias51": {"write": {"device_start": -1, "host_queued_start": 1585578785.531579, "device_queued": -1, "device_end": -1, "host_queued_end": 1585578785.535459}, "device": "gpu", "nd_range": {"device_start": 1585578720.3483007, "device_end": 1585578720.348903}, "cmdq": 1, "read": {"device_start": -1, "device_end": -1}}, "softmax23": {"write": {"device_start": -1, "host_queued_start": 1585578785.56101, "device_queued": -1, "device_end": -1, "host_queued_end": 1585578785.56846}, "device": "cpu", "nd_range": {"device_start": 2246559.855666671, "device_end": 2246559.8568139332}, "cmdq": 0, "read": {"device_start": -1, "device_end": -1}}, "FFC_sans_bias37": {"write": {"device_start": -1, "host_queued_start": 1585578785.555681, "device_queued": -1, "device_end": -1, "host_queued_end": 1585578785.56846}, "device": "cpu", "nd_range": {"device_start": 2246559.805263428, "device_end": 2246559.8162930813}, "cmdq": 0, "read": {"device_start": -1, "device_end": -1}}, "empty62": {"write": {"device_start": 1585578720.3417673, "host_queued_start": 1585578785.518169, "device_queued": 1585578720.341641, "device_end": 1585578720.3418436, "host_queued_end": 1585578785.535459}, "device": "gpu", "nd_range": {"device_start": 1585578720.3418477, "device_end": 1585578720.3418522}, "cmdq": 1, "read": {"device_start": -1, "device_end": -1}}, "FFC_sans_bias70": {"write": {"device_start": 1585578720.3523505, "host_queued_start": 1585578785.535355, "device_queued": 1585578720.3437796, "device_end": 1585578720.3523798, "host_queued_end": 1585578785.535459}, "device": "gpu", "nd_range": {"device_start": 1585578720.3523853, "device_end": 1585578720.3529823}, "cmdq": 0, "read": {"device_start": 1585578720.352986, "device_end": 1585578720.3530097}}, "FFC_sans_bias58": {"write": {"device_start": -1, "host_queued_start": 1585578785.530183, "device_queued": -1, "device_end": -1, "host_queued_end": 1585578785.535459}, "device": "gpu", "nd_range": {"device_start": 1585578720.3465073, "device_end": 1585578720.3475091}, "cmdq": 0, "read": {"device_start": -1, "device_end": -1}}, "softmax41": {"write": {"device_start": -1, "host_queued_start": 1585578785.561572, "device_queued": -1, "device_end": -1, "host_queued_end": 1585578785.56846}, "device": "cpu", "nd_range": {"device_start": 2246559.859804029, "device_end": 2246559.859960657}, "cmdq": 0, "read": {"device_start": -1, "device_end": -1}}, "FFC_sans_bias11": {"write": {"device_start": -1, "host_queued_start": 1585578785.547202, "device_queued": -1, "device_end": -1, "host_queued_end": 1585578785.56846}, "device": "cpu", "nd_range": {"device_start": 2246559.773747852, "device_end": 2246559.779898668}, "cmdq": 0, "read": {"device_start": -1, "device_end": -1}}, "FFC_sans_bias10": {"write": {"device_start": -1, "host_queued_start": 1585578785.546087, "device_queued": -1, "device_end": -1, "host_queued_end": 1585578785.56846}, "device": "cpu", "nd_range": {"device_start": 2246559.7747185, "device_end": 2246559.784839631}, "cmdq": 1, "read": {"device_start": -1, "device_end": -1}}, "coalesced_transpose3": {"write": {"device_start": -1, "host_queued_start": 1585578785.557055, "device_queued": -1, "device_end": -1, "host_queued_end": 1585578785.56846}, "device": "cpu", "nd_range": {"device_start": 2246559.8162987703, "device_end": 2246559.8165091183}, "cmdq": 0, "read": {"device_start": -1, "device_end": -1}}, "FFC_sans_bias34": {"write": {"device_start": -1, "host_queued_start": 1585578785.567424, "device_queued": -1, "device_end": -1, "host_queued_end": 1585578785.56846}, "device": "cpu", "nd_range": {"device_start": 2246559.8912095632, "device_end": 2246559.9050654923}, "cmdq": 1, "read": {"device_start": -1, "device_end": -1}}, "FFC_sans_bias15": {"write": {"device_start": -1, "host_queued_start": 1585578785.562298, "device_queued": -1, "device_end": -1, "host_queued_end": 1585578785.56846}, "device": "cpu", "nd_range": {"device_start": 2246559.8601050964, "device_end": 2246559.867771742}, "cmdq": 0, "read": {"device_start": -1, "device_end": -1}}, "FFC_sans_bias31": {"write": {"device_start": -1, "host_queued_start": 1585578785.559841, "device_queued": -1, "device_end": -1, "host_queued_end": 1585578785.56846}, "device": "cpu", "nd_range": {"device_start": 2246559.83729622, "device_end": 2246559.844951015}, "cmdq": 0, "read": {"device_start": -1, "device_end": -1}}, "FFC_sans_bias16": {"write": {"device_start": -1, "host_queued_start": 1585578785.565403, "device_queued": -1, "device_end": -1, "host_queued_end": 1585578785.56846}, "device": "cpu", "nd_range": {"device_start": 2246559.885995484, "device_end": 2246559.891206055}, "cmdq": 1, "read": {"device_start": -1, "device_end": -1}}, "FFC_sans_bias19": {"write": {"device_start": -1, "host_queued_start": 1585578785.549347, "device_queued": -1, "device_end": -1, "host_queued_end": 1585578785.56846}, "device": "cpu", "nd_range": {"device_start": 2246559.780023698, "device_end": 2246559.7880623583}, "cmdq": 0, "read": {"device_start": -1, "device_end": -1}}, "FFC_sans_bias18": {"write": {"device_start": -1, "host_queued_start": 1585578785.548298, "device_queued": -1, "device_end": -1, "host_queued_end": 1585578785.56846}, "device": "cpu", "nd_range": {"device_start": 2246559.784846226, "device_end": 2246559.7945780014}, "cmdq": 1, "read": {"device_start": -1, "device_end": -1}}, "coalesced_transpose30": {"write": {"device_start": -1, "host_queued_start": 1585578785.558044, "device_queued": -1, "device_end": -1, "host_queued_end": 1585578785.56846}, "device": "cpu", "nd_range": {"device_start": 2246559.8317125193, "device_end": 2246559.832821905}, "cmdq": 1, "read": {"device_start": -1, "device_end": -1}}, "FFC_sans_bias69": {"write": {"device_start": -1, "host_queued_start": 1585578785.532221, "device_queued": -1, "device_end": -1, "host_queued_end": 1585578785.535459}, "device": "gpu", "nd_range": {"device_start": 1585578720.3489082, "device_end": 1585578720.3498867}, "cmdq": 1, "read": {"device_start": -1, "device_end": -1}}, "FFC_sans_bias38": {"write": {"device_start": -1, "host_queued_start": 1585578785.556727, "device_queued": -1, "device_end": -1, "host_queued_end": 1585578785.56846}, "device": "cpu", "nd_range": {"device_start": 2246559.82361407, "device_end": 2246559.831302597}, "cmdq": 1, "read": {"device_start": -1, "device_end": -1}}, "coalesced_transpose57": {"write": {"device_start": -1, "host_queued_start": 1585578785.529242, "device_queued": -1, "device_end": -1, "host_queued_end": 1585578785.535459}, "device": "gpu", "nd_range": {"device_start": 1585578720.3464844, "device_end": 1585578720.346494}, "cmdq": 1, "read": {"device_start": -1, "device_end": -1}}, "empty26": {"write": {"device_start": -1, "host_queued_start": 1585578785.538884, "device_queued": -1, "device_end": -1, "host_queued_end": 1585578785.56846}, "device": "cpu", "nd_range": {"device_start": 2246559.758067857, "device_end": 2246559.758069192}, "cmdq": 0, "read": {"device_start": -1, "device_end": -1}}, "coalesced_transpose12": {"write": {"device_start": -1, "host_queued_start": 1585578785.557384, "device_queued": -1, "device_end": -1, "host_queued_end": 1585578785.56846}, "device": "cpu", "nd_range": {"device_start": 2246559.83130715, "device_end": 2246559.8314318913}, "cmdq": 1, "read": {"device_start": -1, "device_end": -1}}, "empty44": {"write": {"device_start": -1, "host_queued_start": 1585578785.540714, "device_queued": -1, "device_end": -1, "host_queued_end": 1585578785.56846}, "device": "cpu", "nd_range": {"device_start": 2246559.758078237, "device_end": 2246559.758079134}, "cmdq": 0, "read": {"device_start": -1, "device_end": -1}}, "coalesced_transpose21": {"write": {"device_start": -1, "host_queued_start": 1585578785.557714, "device_queued": -1, "device_end": -1, "host_queued_end": 1585578785.56846}, "device": "cpu", "nd_range": {"device_start": 2246559.816526167, "device_end": 2246559.816781558}, "cmdq": 0, "read": {"device_start": -1, "device_end": -1}}, "FFC_sans_bias36": {"write": {"device_start": -1, "host_queued_start": 1585578785.554635, "device_queued": -1, "device_end": -1, "host_queued_end": 1585578785.56846}, "device": "cpu", "nd_range": {"device_start": 2246559.816433724, "device_end": 2246559.823608487}, "cmdq": 1, "read": {"device_start": -1, "device_end": -1}}, "softmax14": {"write": {"device_start": -1, "host_queued_start": 1585578785.560737, "device_queued": -1, "device_end": -1, "host_queued_end": 1585578785.56846}, "device": "cpu", "nd_range": {"device_start": 2246559.859815921, "device_end": 2246559.859970382}, "cmdq": 1, "read": {"device_start": -1, "device_end": -1}}, "FFC_sans_bias13": {"write": {"device_start": -1, "host_queued_start": 1585578785.559164, "device_queued": -1, "device_end": -1, "host_queued_end": 1585578785.56846}, "device": "cpu", "nd_range": {"device_start": 2246559.831699461, "device_end": 2246559.837157342}, "cmdq": 0, "read": {"device_start": -1, "device_end": -1}}, "empty8": {"write": {"device_start": -1, "host_queued_start": 1585578785.536848, "device_queued": -1, "device_end": -1, "host_queued_end": 1585578785.56846}, "device": "cpu", "nd_range": {"device_start": 2246559.7580341063, "device_end": 2246559.758045827}, "cmdq": 0, "read": {"device_start": -1, "device_end": -1}}, "FFC_sans_bias42": {"write": {"device_start": -1, "host_queued_start": 1585578785.563375, "device_queued": -1, "device_end": -1, "host_queued_end": 1585578785.56846}, "device": "cpu", "nd_range": {"device_start": 2246559.8782205842, "device_end": 2246559.885887173}, "cmdq": 1, "read": {"device_start": -1, "device_end": -1}}, "FFC_sans_bias43": {"write": {"device_start": -1, "host_queued_start": 1585578785.568415, "device_queued": -1, "device_end": -1, "host_queued_end": 1585578785.56846}, "device": "cpu", "nd_range": {"device_start": 2246559.89702732, "device_end": 2246559.904100331}, "cmdq": 0, "read": {"device_start": -1, "device_end": -1}}, "FFC_sans_bias40": {"write": {"device_start": -1, "host_queued_start": 1585578785.560187, "device_queued": -1, "device_end": -1, "host_queued_end": 1585578785.56846}, "device": "cpu", "nd_range": {"device_start": 2246559.855680489, "device_end": 2246559.859798058}, "cmdq": 1, "read": {"device_start": -1, "device_end": -1}}, "softmax32": {"write": {"device_start": -1, "host_queued_start": 1585578785.561283, "device_queued": -1, "device_end": -1, "host_queued_end": 1585578785.56846}, "device": "cpu", "nd_range": {"device_start": 2246559.859982817, "device_end": 2246559.8600796834}, "cmdq": 1, "read": {"device_start": -1, "device_end": -1}}, "FFC_sans_bias47": {"write": {"device_start": 1585578720.34274, "host_queued_start": 1585578785.522104, "device_queued": 1585578720.3420892, "device_end": 1585578720.3427722, "host_queued_end": 1585578785.535459}, "device": "gpu", "nd_range": {"device_start": 1585578720.3427758, "device_end": 1585578720.3436172}, "cmdq": 1, "read": {"device_start": -1, "device_end": -1}}, "FFC_sans_bias45": {"write": {"device_start": 1585578720.3419647, "host_queued_start": 1585578785.52001, "device_queued": 1585578720.341781, "device_end": 1585578720.3419898, "host_queued_end": 1585578785.535459}, "device": "gpu", "nd_range": {"device_start": 1585578720.3420293, "device_end": 1585578720.3426356}, "cmdq": 1, "read": {"device_start": -1, "device_end": -1}}, "softmax50": {"write": {"device_start": -1, "host_queued_start": 1585578785.530775, "device_queued": -1, "device_end": -1, "host_queued_end": 1585578785.535459}, "device": "gpu", "nd_range": {"device_start": 1585578720.347514, "device_end": 1585578720.348098}, "cmdq": 0, "read": {"device_start": -1, "device_end": -1}}, "FFC_sans_bias33": {"write": {"device_start": -1, "host_queued_start": 1585578785.563024, "device_queued": -1, "device_end": -1, "host_queued_end": 1585578785.56846}, "device": "cpu", "nd_range": {"device_start": 2246559.8678858504, "device_end": 2246559.875994718}, "cmdq": 0, "read": {"device_start": -1, "device_end": -1}}, "FFC_sans_bias63": {"write": {"device_start": 1585578720.3456676, "host_queued_start": 1585578785.528611, "device_queued": 1585578720.3426986, "device_end": 1585578720.3457003, "host_queued_end": 1585578785.535459}, "device": "gpu", "nd_range": {"device_start": 1585578720.3457055, "device_end": 1585578720.346481}, "cmdq": 1, "read": {"device_start": -1, "device_end": -1}}, "FFC_sans_bias49": {"write": {"device_start": -1, "host_queued_start": 1585578785.529862, "device_queued": -1, "device_end": -1, "host_queued_end": 1585578785.535459}, "device": "gpu", "nd_range": {"device_start": 1585578720.3464994, "device_end": 1585578720.3471048}, "cmdq": 1, "read": {"device_start": -1, "device_end": -1}}, "FFC_sans_bias64": {"write": {"device_start": 1585578720.3446918, "host_queued_start": 1585578785.526303, "device_queued": 1585578720.3424876, "device_end": 1585578720.3447251, "host_queued_end": 1585578785.535459}, "device": "gpu", "nd_range": {"device_start": 1585578720.3447301, "device_end": 1585578720.345545}, "cmdq": 1, "read": {"device_start": -1, "device_end": -1}}, "FFC_sans_bias65": {"write": {"device_start": 1585578720.345154, "host_queued_start": 1585578785.527572, "device_queued": 1585578720.3426516, "device_end": 1585578720.345187, "host_queued_end": 1585578785.535459}, "device": "gpu", "nd_range": {"device_start": 1585578720.3451915, "device_end": 1585578720.3460174}, "cmdq": 0, "read": {"device_start": -1, "device_end": -1}}, "FFC_sans_bias67": {"write": {"device_start": -1, "host_queued_start": 1585578785.530494, "device_queued": -1, "device_end": -1, "host_queued_end": 1585578785.535459}, "device": "gpu", "nd_range": {"device_start": 1585578720.3471103, "device_end": 1585578720.3480904}, "cmdq": 1, "read": {"device_start": -1, "device_end": -1}}, "FFC_sans_bias24": {"write": {"device_start": -1, "host_queued_start": 1585578785.562666, "device_queued": -1, "device_end": -1, "host_queued_end": 1585578785.56846}, "device": "cpu", "nd_range": {"device_start": 2246559.868030147, "device_end": 2246559.878105599}, "cmdq": 1, "read": {"device_start": -1, "device_end": -1}}, "FFC_sans_bias25": {"write": {"device_start": -1, "host_queued_start": 1585578785.566417, "device_queued": -1, "device_end": -1, "host_queued_end": 1585578785.56846}, "device": "cpu", "nd_range": {"device_start": 2246559.887767491, "device_end": 2246559.897024001}, "cmdq": 0, "read": {"device_start": -1, "device_end": -1}}, "FFC_sans_bias27": {"write": {"device_start": -1, "host_queued_start": 1585578785.551459, "device_queued": -1, "device_end": -1, "host_queued_end": 1585578785.56846}, "device": "cpu", "nd_range": {"device_start": 2246559.78817766, "device_end": 2246559.797551915}, "cmdq": 0, "read": {"device_start": -1, "device_end": -1}}, "FFC_sans_bias20": {"write": {"device_start": -1, "host_queued_start": 1585578785.550393, "device_queued": -1, "device_end": -1, "host_queued_end": 1585578785.56846}, "device": "cpu", "nd_range": {"device_start": 2246559.794861923, "device_end": 2246559.801280932}, "cmdq": 1, "read": {"device_start": -1, "device_end": -1}}, "FFC_sans_bias22": {"write": {"device_start": -1, "host_queued_start": 1585578785.559502, "device_queued": -1, "device_end": -1, "host_queued_end": 1585578785.56846}, "device": "cpu", "nd_range": {"device_start": 2246559.847975639, "device_end": 2246559.855660148}, "cmdq": 1, "read": {"device_start": -1, "device_end": -1}}, "softmax68": {"write": {"device_start": -1, "host_queued_start": 1585578785.531273, "device_queued": -1, "device_end": -1, "host_queued_end": 1585578785.535459}, "device": "gpu", "nd_range": {"device_start": 1585578720.3481023, "device_end": 1585578720.3482938}, "cmdq": 0, "read": {"device_start": -1, "device_end": -1}}, "softmax5": {"write": {"device_start": -1, "host_queued_start": 1585578785.560462, "device_queued": -1, "device_end": -1, "host_queued_end": 1585578785.56846}, "device": "cpu", "nd_range": {"device_start": 2246559.8479595403, "device_end": 2246559.848100604}, "cmdq": 0, "read": {"device_start": -1, "device_end": -1}}, "FFC_sans_bias28": {"write": {"device_start": -1, "host_queued_start": 1585578785.552502, "device_queued": -1, "device_end": -1, "host_queued_end": 1585578785.56846}, "device": "cpu", "nd_range": {"device_start": 2246559.8078222563, "device_end": 2246559.816292909}, "cmdq": 1, "read": {"device_start": -1, "device_end": -1}}, "FFC_sans_bias29": {"write": {"device_start": -1, "host_queued_start": 1585578785.553559, "device_queued": -1, "device_end": -1, "host_queued_end": 1585578785.56846}, "device": "cpu", "nd_range": {"device_start": 2246559.797673381, "device_end": 2246559.805255969}, "cmdq": 0, "read": {"device_start": -1, "device_end": -1}}, "empty17": {"write": {"device_start": -1, "host_queued_start": 1585578785.537892, "device_queued": -1, "device_end": -1, "host_queued_end": 1585578785.56846}, "device": "cpu", "nd_range": {"device_start": 2246559.758034051, "device_end": 2246559.758045881}, "cmdq": 1, "read": {"device_start": -1, "device_end": -1}}, "softmax59": {"write": {"device_start": -1, "host_queued_start": 1585578785.531024, "device_queued": -1, "device_end": -1, "host_queued_end": 1585578785.535459}, "device": "gpu", "nd_range": {"device_start": 1585578720.3480957, "device_end": 1585578720.3482955}, "cmdq": 1, "read": {"device_start": -1, "device_end": -1}}, "empty71": {"write": {"device_start": 1585578720.3418615, "host_queued_start": 1585578785.519033, "device_queued": 1585578720.3416877, "device_end": 1585578720.3419402, "host_queued_end": 1585578785.535459}, "device": "gpu", "nd_range": {"device_start": 1585578720.341949, "device_end": 1585578720.3419528}, "cmdq": 0, "read": {"device_start": -1, "device_end": -1}}, "empty35": {"write": {"device_start": -1, "host_queued_start": 1585578785.539831, "device_queued": -1, "device_end": -1, "host_queued_end": 1585578785.56846}, "device": "cpu", "nd_range": {"device_start": 2246559.7580676903, "device_end": 2246559.75806901}, "cmdq": 1, "read": {"device_start": -1, "device_end": -1}}, "empty53": {"write": {"device_start": 1585578720.3416603, "host_queued_start": 1585578785.517129, "device_queued": 1585578720.341541, "device_end": 1585578720.3417048, "host_queued_end": 1585578785.535459}, "device": "gpu", "nd_range": {"device_start": 1585578720.341709, "device_end": 1585578720.341715}, "cmdq": 0, "read": {"device_start": -1, "device_end": -1}}, "FFC_sans_bias46": {"write": {"device_start": 1585578720.3421474, "host_queued_start": 1585578785.521061, "device_queued": 1585578720.342043, "device_end": 1585578720.342181, "host_queued_end": 1585578785.535459}, "device": "gpu", "nd_range": {"device_start": 1585578720.3421848, "device_end": 1585578720.343045}, "cmdq": 0, "read": {"device_start": -1, "device_end": -1}}, "coalesced_transpose66": {"write": {"device_start": -1, "host_queued_start": 1585578785.529538, "device_queued": -1, "device_end": -1, "host_queued_end": 1585578785.535459}, "device": "gpu", "nd_range": {"device_start": 1585578720.3463788, "device_end": 1585578720.3463907}, "cmdq": 0, "read": {"device_start": -1, "device_end": -1}}, "coalesced_transpose48": {"write": {"device_start": -1, "host_queued_start": 1585578785.528939, "device_queued": -1, "device_end": -1, "host_queued_end": 1585578785.535459}, "device": "gpu", "nd_range": {"device_start": 1585578720.3460197, "device_end": 1585578720.346374}, "cmdq": 0, "read": {"device_start": -1, "device_end": -1}}}