{"FFC_sans_bias60": {"write": {"device_start": -1, "host_queued_start": 1585578794.12427, "device_queued": -1, "device_end": -1, "host_queued_end": 1585578794.132694}, "device": "cpu", "nd_range": {"device_start": 2246568.489078585, "device_end": 2246568.495009811}, "cmdq": 0, "read": {"device_start": -1, "device_end": -1}}, "FFC_sans_bias4": {"write": {"device_start": -1, "host_queued_start": 1585578794.117078, "device_queued": -1, "device_end": -1, "host_queued_end": 1585578794.132694}, "device": "cpu", "nd_range": {"device_start": 2246568.4258010583, "device_end": 2246568.439840753}, "cmdq": 0, "read": {"device_start": -1, "device_end": -1}}, "FFC_sans_bias7": {"write": {"device_start": -1, "host_queued_start": 1585578794.125667, "device_queued": -1, "device_end": -1, "host_queued_end": 1585578794.132694}, "device": "cpu", "nd_range": {"device_start": 2246568.495015581, "device_end": 2246568.503634577}, "cmdq": 0, "read": {"device_start": -1, "device_end": -1}}, "FFC_sans_bias6": {"write": {"device_start": -1, "host_queued_start": 1585578794.122121, "device_queued": -1, "device_end": -1, "host_queued_end": 1585578794.132694}, "device": "cpu", "nd_range": {"device_start": 2246568.463291616, "device_end": 2246568.4706781153}, "cmdq": 0, "read": {"device_start": -1, "device_end": -1}}, "FFC_sans_bias1": {"write": {"device_start": -1, "host_queued_start": 1585578794.090653, "device_queued": -1, "device_end": -1, "host_queued_end": 1585578794.132694}, "device": "cpu", "nd_range": {"device_start": 2246568.322462819, "device_end": 2246568.33187503}, "cmdq": 1, "read": {"device_start": -1, "device_end": -1}}, "FFC_sans_bias0": {"write": {"device_start": -1, "host_queued_start": 1585578794.089565, "device_queued": -1, "device_end": -1, "host_queued_end": 1585578794.132694}, "device": "cpu", "nd_range": {"device_start": 2246568.322389562, "device_end": 2246568.329806339}, "cmdq": 0, "read": {"device_start": -1, "device_end": -1}}, "FFC_sans_bias2": {"write": {"device_start": -1, "host_queued_start": 1585578794.091711, "device_queued": -1, "device_end": -1, "host_queued_end": 1585578794.132694}, "device": "cpu", "nd_range": {"device_start": 2246568.330048337, "device_end": 2246568.3362439172}, "cmdq": 0, "read": {"device_start": -1, "device_end": -1}}, "FFC_sans_bias61": {"write": {"device_start": -1, "host_queued_start": 1585578794.131656, "device_queued": -1, "device_end": -1, "host_queued_end": 1585578794.132694}, "device": "cpu", "nd_range": {"device_start": 2246568.52010426, "device_end": 2246568.525789894}, "cmdq": 0, "read": {"device_start": -1, "device_end": -1}}, "FFC_sans_bias52": {"write": {"device_start": -1, "host_queued_start": 1585578794.130665, "device_queued": -1, "device_end": -1, "host_queued_end": 1585578794.132694}, "device": "cpu", "nd_range": {"device_start": 2246568.5350712813, "device_end": 2246568.5394537062}, "cmdq": 1, "read": {"device_start": -1, "device_end": -1}}, "FFC_sans_bias9": {"write": {"device_start": -1, "host_queued_start": 1585578794.092924, "device_queued": -1, "device_end": -1, "host_queued_end": 1585578794.132694}, "device": "cpu", "nd_range": {"device_start": 2246568.3319960954, "device_end": 2246568.3404537123}, "cmdq": 1, "read": {"device_start": -1, "device_end": -1}}, "coalesced_transpose39": {"write": {"device_start": -1, "host_queued_start": 1585578794.115743, "device_queued": -1, "device_end": -1, "host_queued_end": 1585578794.132694}, "device": "cpu", "nd_range": {"device_start": 2246568.4251001733, "device_end": 2246568.4253465803}, "cmdq": 0, "read": {"device_start": -1, "device_end": -1}}, "FFC_sans_bias55": {"write": {"device_start": -1, "host_queued_start": 1585578794.110873, "device_queued": -1, "device_end": -1, "host_queued_end": 1585578794.132694}, "device": "cpu", "nd_range": {"device_start": 2246568.40581722, "device_end": 2246568.411075247}, "cmdq": 0, "read": {"device_start": -1, "device_end": -1}}, "FFC_sans_bias54": {"write": {"device_start": -1, "host_queued_start": 1585578794.109823, "device_queued": -1, "device_end": -1, "host_queued_end": 1585578794.132694}, "device": "cpu", "nd_range": {"device_start": 2246568.4091628743, "device_end": 2246568.4158383063}, "cmdq": 1, "read": {"device_start": -1, "device_end": -1}}, "FFC_sans_bias56": {"write": {"device_start": -1, "host_queued_start": 1585578794.108758, "device_queued": -1, "device_end": -1, "host_queued_end": 1585578794.132694}, "device": "cpu", "nd_range": {"device_start": 2246568.398111388, "device_end": 2246568.405702149}, "cmdq": 0, "read": {"device_start": -1, "device_end": -1}}, "FFC_sans_bias51": {"write": {"device_start": -1, "host_queued_start": 1585578794.123912, "device_queued": -1, "device_end": -1, "host_queued_end": 1585578794.132694}, "device": "cpu", "nd_range": {"device_start": 2246568.490041849, "device_end": 2246568.502663113}, "cmdq": 1, "read": {"device_start": -1, "device_end": -1}}, "softmax23": {"write": {"device_start": -1, "host_queued_start": 1585578794.12041, "device_queued": -1, "device_end": -1, "host_queued_end": 1585578794.132694}, "device": "cpu", "nd_range": {"device_start": 2246568.4626381923, "device_end": 2246568.462854613}, "cmdq": 0, "read": {"device_start": -1, "device_end": -1}}, "FFC_sans_bias37": {"write": {"device_start": -1, "host_queued_start": 1585578794.103472, "device_queued": -1, "device_end": -1, "host_queued_end": 1585578794.132694}, "device": "cpu", "nd_range": {"device_start": 2246568.378155521, "device_end": 2246568.385771727}, "cmdq": 1, "read": {"device_start": -1, "device_end": -1}}, "empty62": {"write": {"device_start": -1, "host_queued_start": 1585578794.087675, "device_queued": -1, "device_end": -1, "host_queued_end": 1585578794.132694}, "device": "cpu", "nd_range": {"device_start": 2246568.322383487, "device_end": 2246568.322384201}, "cmdq": 0, "read": {"device_start": -1, "device_end": -1}}, "FFC_sans_bias70": {"write": {"device_start": -1, "host_queued_start": 1585578794.132649, "device_queued": -1, "device_end": -1, "host_queued_end": 1585578794.132694}, "device": "cpu", "nd_range": {"device_start": 2246568.539457972, "device_end": 2246568.543305435}, "cmdq": 1, "read": {"device_start": -1, "device_end": -1}}, "FFC_sans_bias58": {"write": {"device_start": -1, "host_queued_start": 1585578794.119233, "device_queued": -1, "device_end": -1, "host_queued_end": 1585578794.132694}, "device": "cpu", "nd_range": {"device_start": 2246568.45666506, "device_end": 2246568.462382607}, "cmdq": 0, "read": {"device_start": -1, "device_end": -1}}, "softmax41": {"write": {"device_start": -1, "host_queued_start": 1585578794.120959, "device_queued": -1, "device_end": -1, "host_queued_end": 1585578794.132694}, "device": "cpu", "nd_range": {"device_start": 2246568.462860716, "device_end": 2246568.463075137}, "cmdq": 0, "read": {"device_start": -1, "device_end": -1}}, "FFC_sans_bias11": {"write": {"device_start": -1, "host_queued_start": 1585578794.095066, "device_queued": -1, "device_end": -1, "host_queued_end": 1585578794.132694}, "device": "cpu", "nd_range": {"device_start": 2246568.3405818744, "device_end": 2246568.349169158}, "cmdq": 1, "read": {"device_start": -1, "device_end": -1}}, "FFC_sans_bias10": {"write": {"device_start": -1, "host_queued_start": 1585578794.093967, "device_queued": -1, "device_end": -1, "host_queued_end": 1585578794.132694}, "device": "cpu", "nd_range": {"device_start": 2246568.336365833, "device_end": 2246568.346179809}, "cmdq": 0, "read": {"device_start": -1, "device_end": -1}}, "coalesced_transpose3": {"write": {"device_start": -1, "host_queued_start": 1585578794.114404, "device_queued": -1, "device_end": -1, "host_queued_end": 1585578794.132694}, "device": "cpu", "nd_range": {"device_start": 2246568.4242797503, "device_end": 2246568.42463679}, "cmdq": 0, "read": {"device_start": -1, "device_end": -1}}, "FFC_sans_bias34": {"write": {"device_start": -1, "host_queued_start": 1585578794.128645, "device_queued": -1, "device_end": -1, "host_queued_end": 1585578794.132694}, "device": "cpu", "nd_range": {"device_start": 2246568.5216593323, "device_end": 2246568.535066438}, "cmdq": 1, "read": {"device_start": -1, "device_end": -1}}, "FFC_sans_bias15": {"write": {"device_start": -1, "host_queued_start": 1585578794.122462, "device_queued": -1, "device_end": -1, "host_queued_end": 1585578794.132694}, "device": "cpu", "nd_range": {"device_start": 2246568.473011956, "device_end": 2246568.4800682063}, "cmdq": 1, "read": {"device_start": -1, "device_end": -1}}, "FFC_sans_bias31": {"write": {"device_start": -1, "host_queued_start": 1585578794.118112, "device_queued": -1, "device_end": -1, "host_queued_end": 1585578794.132694}, "device": "cpu", "nd_range": {"device_start": 2246568.4388715033, "device_end": 2246568.4448587364}, "cmdq": 1, "read": {"device_start": -1, "device_end": -1}}, "FFC_sans_bias16": {"write": {"device_start": -1, "host_queued_start": 1585578794.126664, "device_queued": -1, "device_end": -1, "host_queued_end": 1585578794.132694}, "device": "cpu", "nd_range": {"device_start": 2246568.508640324, "device_end": 2246568.5216551623}, "cmdq": 1, "read": {"device_start": -1, "device_end": -1}}, "FFC_sans_bias19": {"write": {"device_start": -1, "host_queued_start": 1585578794.097147, "device_queued": -1, "device_end": -1, "host_queued_end": 1585578794.132694}, "device": "cpu", "nd_range": {"device_start": 2246568.349286713, "device_end": 2246568.356543112}, "cmdq": 1, "read": {"device_start": -1, "device_end": -1}}, "FFC_sans_bias18": {"write": {"device_start": -1, "host_queued_start": 1585578794.096107, "device_queued": -1, "device_end": -1, "host_queued_end": 1585578794.132694}, "device": "cpu", "nd_range": {"device_start": 2246568.346298094, "device_end": 2246568.3592936303}, "cmdq": 0, "read": {"device_start": -1, "device_end": -1}}, "coalesced_transpose30": {"write": {"device_start": -1, "host_queued_start": 1585578794.115413, "device_queued": -1, "device_end": -1, "host_queued_end": 1585578794.132694}, "device": "cpu", "nd_range": {"device_start": 2246568.4322926314, "device_end": 2246568.4325329503}, "cmdq": 1, "read": {"device_start": -1, "device_end": -1}}, "FFC_sans_bias69": {"write": {"device_start": -1, "host_queued_start": 1585578794.124612, "device_queued": -1, "device_end": -1, "host_queued_end": 1585578794.132694}, "device": "cpu", "nd_range": {"device_start": 2246568.5026708012, "device_end": 2246568.5086334073}, "cmdq": 1, "read": {"device_start": -1, "device_end": -1}}, "FFC_sans_bias38": {"write": {"device_start": -1, "host_queued_start": 1585578794.104524, "device_queued": -1, "device_end": -1, "host_queued_end": 1585578794.132694}, "device": "cpu", "nd_range": {"device_start": 2246568.380756975, "device_end": 2246568.392152606}, "cmdq": 0, "read": {"device_start": -1, "device_end": -1}}, "coalesced_transpose57": {"write": {"device_start": -1, "host_queued_start": 1585578794.1164, "device_queued": -1, "device_end": -1, "host_queued_end": 1585578794.132694}, "device": "cpu", "nd_range": {"device_start": 2246568.4254535413, "device_end": 2246568.425697068}, "cmdq": 0, "read": {"device_start": -1, "device_end": -1}}, "empty26": {"write": {"device_start": -1, "host_queued_start": 1585578794.084414, "device_queued": -1, "device_end": -1, "host_queued_end": 1585578794.132694}, "device": "cpu", "nd_range": {"device_start": 2246568.32237017, "device_end": 2246568.322371886}, "cmdq": 0, "read": {"device_start": -1, "device_end": -1}}, "coalesced_transpose12": {"write": {"device_start": -1, "host_queued_start": 1585578794.114746, "device_queued": -1, "device_end": -1, "host_queued_end": 1585578794.132694}, "device": "cpu", "nd_range": {"device_start": 2246568.431913299, "device_end": 2246568.432177315}, "cmdq": 1, "read": {"device_start": -1, "device_end": -1}}, "empty44": {"write": {"device_start": -1, "host_queued_start": 1585578794.086015, "device_queued": -1, "device_end": -1, "host_queued_end": 1585578794.132694}, "device": "cpu", "nd_range": {"device_start": 2246568.322378471, "device_end": 2246568.322379047}, "cmdq": 0, "read": {"device_start": -1, "device_end": -1}}, "coalesced_transpose21": {"write": {"device_start": -1, "host_queued_start": 1585578794.115082, "device_queued": -1, "device_end": -1, "host_queued_end": 1585578794.132694}, "device": "cpu", "nd_range": {"device_start": 2246568.424745689, "device_end": 2246568.424994029}, "cmdq": 0, "read": {"device_start": -1, "device_end": -1}}, "FFC_sans_bias36": {"write": {"device_start": -1, "host_queued_start": 1585578794.102427, "device_queued": -1, "device_end": -1, "host_queued_end": 1585578794.132694}, "device": "cpu", "nd_range": {"device_start": 2246568.374442861, "device_end": 2246568.380640806}, "cmdq": 0, "read": {"device_start": -1, "device_end": -1}}, "softmax14": {"write": {"device_start": -1, "host_queued_start": 1585578794.120137, "device_queued": -1, "device_end": -1, "host_queued_end": 1585578794.132694}, "device": "cpu", "nd_range": {"device_start": 2246568.472144273, "device_end": 2246568.47236107}, "cmdq": 1, "read": {"device_start": -1, "device_end": -1}}, "FFC_sans_bias13": {"write": {"device_start": -1, "host_queued_start": 1585578794.117426, "device_queued": -1, "device_end": -1, "host_queued_end": 1585578794.132694}, "device": "cpu", "nd_range": {"device_start": 2246568.433175063, "device_end": 2246568.4384718593}, "cmdq": 1, "read": {"device_start": -1, "device_end": -1}}, "empty8": {"write": {"device_start": -1, "host_queued_start": 1585578794.08253, "device_queued": -1, "device_end": -1, "host_queued_end": 1585578794.132694}, "device": "cpu", "nd_range": {"device_start": 2246568.322331219, "device_end": 2246568.322344706}, "cmdq": 0, "read": {"device_start": -1, "device_end": -1}}, "FFC_sans_bias42": {"write": {"device_start": -1, "host_queued_start": 1585578794.123546, "device_queued": -1, "device_end": -1, "host_queued_end": 1585578794.132694}, "device": "cpu", "nd_range": {"device_start": 2246568.4778792523, "device_end": 2246568.4890716802}, "cmdq": 0, "read": {"device_start": -1, "device_end": -1}}, "FFC_sans_bias43": {"write": {"device_start": -1, "host_queued_start": 1585578794.129661, "device_queued": -1, "device_end": -1, "host_queued_end": 1585578794.132694}, "device": "cpu", "nd_range": {"device_start": 2246568.5112369573, "device_end": 2246568.520101258}, "cmdq": 0, "read": {"device_start": -1, "device_end": -1}}, "FFC_sans_bias40": {"write": {"device_start": -1, "host_queued_start": 1585578794.118454, "device_queued": -1, "device_end": -1, "host_queued_end": 1585578794.132694}, "device": "cpu", "nd_range": {"device_start": 2246568.4484228613, "device_end": 2246568.4565488673}, "cmdq": 0, "read": {"device_start": -1, "device_end": -1}}, "softmax32": {"write": {"device_start": -1, "host_queued_start": 1585578794.120683, "device_queued": -1, "device_end": -1, "host_queued_end": 1585578794.132694}, "device": "cpu", "nd_range": {"device_start": 2246568.472366229, "device_end": 2246568.472580199}, "cmdq": 1, "read": {"device_start": -1, "device_end": -1}}, "FFC_sans_bias47": {"write": {"device_start": -1, "host_queued_start": 1585578794.107685, "device_queued": -1, "device_end": -1, "host_queued_end": 1585578794.132694}, "device": "cpu", "nd_range": {"device_start": 2246568.3940201383, "device_end": 2246568.4090427323}, "cmdq": 1, "read": {"device_start": -1, "device_end": -1}}, "FFC_sans_bias45": {"write": {"device_start": -1, "host_queued_start": 1585578794.105571, "device_queued": -1, "device_end": -1, "host_queued_end": 1585578794.132694}, "device": "cpu", "nd_range": {"device_start": 2246568.385904386, "device_end": 2246568.393900425}, "cmdq": 1, "read": {"device_start": -1, "device_end": -1}}, "softmax50": {"write": {"device_start": -1, "host_queued_start": 1585578794.12123, "device_queued": -1, "device_end": -1, "host_queued_end": 1585578794.132694}, "device": "cpu", "nd_range": {"device_start": 2246568.472585226, "device_end": 2246568.472793661}, "cmdq": 1, "read": {"device_start": -1, "device_end": -1}}, "FFC_sans_bias33": {"write": {"device_start": -1, "host_queued_start": 1585578794.123159, "device_queued": -1, "device_end": -1, "host_queued_end": 1585578794.132694}, "device": "cpu", "nd_range": {"device_start": 2246568.480077179, "device_end": 2246568.4900356913}, "cmdq": 1, "read": {"device_start": -1, "device_end": -1}}, "FFC_sans_bias63": {"write": {"device_start": -1, "host_queued_start": 1585578794.114067, "device_queued": -1, "device_end": -1, "host_queued_end": 1585578794.132694}, "device": "cpu", "nd_range": {"device_start": 2246568.424167099, "device_end": 2246568.431790341}, "cmdq": 1, "read": {"device_start": -1, "device_end": -1}}, "FFC_sans_bias49": {"write": {"device_start": -1, "host_queued_start": 1585578794.11888, "device_queued": -1, "device_end": -1, "host_queued_end": 1585578794.132694}, "device": "cpu", "nd_range": {"device_start": 2246568.444977215, "device_end": 2246568.457635409}, "cmdq": 1, "read": {"device_start": -1, "device_end": -1}}, "FFC_sans_bias64": {"write": {"device_start": -1, "host_queued_start": 1585578794.111952, "device_queued": -1, "device_end": -1, "host_queued_end": 1585578794.132694}, "device": "cpu", "nd_range": {"device_start": 2246568.4159514243, "device_end": 2246568.424146811}, "cmdq": 1, "read": {"device_start": -1, "device_end": -1}}, "FFC_sans_bias65": {"write": {"device_start": -1, "host_queued_start": 1585578794.113017, "device_queued": -1, "device_end": -1, "host_queued_end": 1585578794.132694}, "device": "cpu", "nd_range": {"device_start": 2246568.411188531, "device_end": 2246568.424264082}, "cmdq": 0, "read": {"device_start": -1, "device_end": -1}}, "FFC_sans_bias67": {"write": {"device_start": -1, "host_queued_start": 1585578794.119577, "device_queued": -1, "device_end": -1, "host_queued_end": 1585578794.132694}, "device": "cpu", "nd_range": {"device_start": 2246568.457751086, "device_end": 2246568.472135203}, "cmdq": 1, "read": {"device_start": -1, "device_end": -1}}, "FFC_sans_bias24": {"write": {"device_start": -1, "host_queued_start": 1585578794.122817, "device_queued": -1, "device_end": -1, "host_queued_end": 1585578794.132694}, "device": "cpu", "nd_range": {"device_start": 2246568.470684161, "device_end": 2246568.47787284}, "cmdq": 0, "read": {"device_start": -1, "device_end": -1}}, "FFC_sans_bias25": {"write": {"device_start": -1, "host_queued_start": 1585578794.127657, "device_queued": -1, "device_end": -1, "host_queued_end": 1585578794.132694}, "device": "cpu", "nd_range": {"device_start": 2246568.503638179, "device_end": 2246568.511234037}, "cmdq": 0, "read": {"device_start": -1, "device_end": -1}}, "FFC_sans_bias27": {"write": {"device_start": -1, "host_queued_start": 1585578794.099286, "device_queued": -1, "device_end": -1, "host_queued_end": 1585578794.132694}, "device": "cpu", "nd_range": {"device_start": 2246568.356662881, "device_end": 2246568.362748871}, "cmdq": 1, "read": {"device_start": -1, "device_end": -1}}, "FFC_sans_bias20": {"write": {"device_start": -1, "host_queued_start": 1585578794.098202, "device_queued": -1, "device_end": -1, "host_queued_end": 1585578794.132694}, "device": "cpu", "nd_range": {"device_start": 2246568.3594160182, "device_end": 2246568.3668216723}, "cmdq": 0, "read": {"device_start": -1, "device_end": -1}}, "FFC_sans_bias22": {"write": {"device_start": -1, "host_queued_start": 1585578794.11777, "device_queued": -1, "device_end": -1, "host_queued_end": 1585578794.132694}, "device": "cpu", "nd_range": {"device_start": 2246568.439954318, "device_end": 2246568.44830877}, "cmdq": 0, "read": {"device_start": -1, "device_end": -1}}, "softmax68": {"write": {"device_start": -1, "host_queued_start": 1585578794.12178, "device_queued": -1, "device_end": -1, "host_queued_end": 1585578794.132694}, "device": "cpu", "nd_range": {"device_start": 2246568.47279891, "device_end": 2246568.473007157}, "cmdq": 1, "read": {"device_start": -1, "device_end": -1}}, "softmax5": {"write": {"device_start": -1, "host_queued_start": 1585578794.119858, "device_queued": -1, "device_end": -1, "host_queued_end": 1585578794.132694}, "device": "cpu", "nd_range": {"device_start": 2246568.462390408, "device_end": 2246568.4626323814}, "cmdq": 0, "read": {"device_start": -1, "device_end": -1}}, "FFC_sans_bias28": {"write": {"device_start": -1, "host_queued_start": 1585578794.10033, "device_queued": -1, "device_end": -1, "host_queued_end": 1585578794.132694}, "device": "cpu", "nd_range": {"device_start": 2246568.366938183, "device_end": 2246568.374435589}, "cmdq": 0, "read": {"device_start": -1, "device_end": -1}}, "FFC_sans_bias29": {"write": {"device_start": -1, "host_queued_start": 1585578794.101381, "device_queued": -1, "device_end": -1, "host_queued_end": 1585578794.132694}, "device": "cpu", "nd_range": {"device_start": 2246568.362865872, "device_end": 2246568.3780302163}, "cmdq": 1, "read": {"device_start": -1, "device_end": -1}}, "empty17": {"write": {"device_start": -1, "host_queued_start": 1585578794.083575, "device_queued": -1, "device_end": -1, "host_queued_end": 1585578794.132694}, "device": "cpu", "nd_range": {"device_start": 2246568.32233848, "device_end": 2246568.322345103}, "cmdq": 1, "read": {"device_start": -1, "device_end": -1}}, "softmax59": {"write": {"device_start": -1, "host_queued_start": 1585578794.121506, "device_queued": -1, "device_end": -1, "host_queued_end": 1585578794.132694}, "device": "cpu", "nd_range": {"device_start": 2246568.463081018, "device_end": 2246568.4632856203}, "cmdq": 0, "read": {"device_start": -1, "device_end": -1}}, "empty71": {"write": {"device_start": -1, "host_queued_start": 1585578794.088547, "device_queued": -1, "device_end": -1, "host_queued_end": 1585578794.132694}, "device": "cpu", "nd_range": {"device_start": 2246568.32244547, "device_end": 2246568.322446358}, "cmdq": 1, "read": {"device_start": -1, "device_end": -1}}, "empty35": {"write": {"device_start": -1, "host_queued_start": 1585578794.085216, "device_queued": -1, "device_end": -1, "host_queued_end": 1585578794.132694}, "device": "cpu", "nd_range": {"device_start": 2246568.322405235, "device_end": 2246568.322406855}, "cmdq": 1, "read": {"device_start": -1, "device_end": -1}}, "empty53": {"write": {"device_start": -1, "host_queued_start": 1585578794.086872, "device_queued": -1, "device_end": -1, "host_queued_end": 1585578794.132694}, "device": "cpu", "nd_range": {"device_start": 2246568.3224270963, "device_end": 2246568.322427813}, "cmdq": 1, "read": {"device_start": -1, "device_end": -1}}, "FFC_sans_bias46": {"write": {"device_start": -1, "host_queued_start": 1585578794.106635, "device_queued": -1, "device_end": -1, "host_queued_end": 1585578794.132694}, "device": "cpu", "nd_range": {"device_start": 2246568.392277475, "device_end": 2246568.397998236}, "cmdq": 0, "read": {"device_start": -1, "device_end": -1}}, "coalesced_transpose66": {"write": {"device_start": -1, "host_queued_start": 1585578794.116727, "device_queued": -1, "device_end": -1, "host_queued_end": 1585578794.132694}, "device": "cpu", "nd_range": {"device_start": 2246568.4329458633, "device_end": 2246568.4330609213}, "cmdq": 1, "read": {"device_start": -1, "device_end": -1}}, "coalesced_transpose48": {"write": {"device_start": -1, "host_queued_start": 1585578794.116073, "device_queued": -1, "device_end": -1, "host_queued_end": 1585578794.132694}, "device": "cpu", "nd_range": {"device_start": 2246568.432644629, "device_end": 2246568.432831819}, "cmdq": 1, "read": {"device_start": -1, "device_end": -1}}}