{"FFC_sans_bias60": {"write": {"device_start": -1, "host_queued_start": 1585578928.669831, "device_queued": -1, "device_end": -1, "host_queued_end": 1585578928.676541}, "device": "gpu", "nd_range": {"device_start": 1585578863.492656, "device_end": 1585578863.4936547}, "cmdq": 1, "read": {"device_start": -1, "device_end": -1}}, "FFC_sans_bias4": {"write": {"device_start": -1, "host_queued_start": 1585578928.687244, "device_queued": -1, "device_end": -1, "host_queued_end": 1585578928.690938}, "device": "cpu", "nd_range": {"device_start": 2246702.905433598, "device_end": 2246702.911822714}, "cmdq": 1, "read": {"device_start": -1, "device_end": -1}}, "FFC_sans_bias7": {"write": {"device_start": -1, "host_queued_start": 1585578928.689872, "device_queued": -1, "device_end": -1, "host_queued_end": 1585578928.690938}, "device": "cpu", "nd_range": {"device_start": 2246702.9295486053, "device_end": 2246702.936224774}, "cmdq": 1, "read": {"device_start": -1, "device_end": -1}}, "FFC_sans_bias6": {"write": {"device_start": -1, "host_queued_start": 1585578928.688489, "device_queued": -1, "device_end": -1, "host_queued_end": 1585578928.690938}, "device": "cpu", "nd_range": {"device_start": 2246702.920821934, "device_end": 2246702.9293998643}, "cmdq": 2, "read": {"device_start": -1, "device_end": -1}}, "FFC_sans_bias1": {"write": {"device_start": -1, "host_queued_start": 1585578928.681512, "device_queued": -1, "device_end": -1, "host_queued_end": 1585578928.690938}, "device": "cpu", "nd_range": {"device_start": 2246702.880553916, "device_end": 2246702.894265326}, "cmdq": 0, "read": {"device_start": -1, "device_end": -1}}, "FFC_sans_bias0": {"write": {"device_start": -1, "host_queued_start": 1585578928.680357, "device_queued": -1, "device_end": -1, "host_queued_end": 1585578928.690938}, "device": "cpu", "nd_range": {"device_start": 2246702.8805795563, "device_end": 2246702.893415462}, "cmdq": 2, "read": {"device_start": -1, "device_end": -1}}, "FFC_sans_bias2": {"write": {"device_start": -1, "host_queued_start": 1585578928.682747, "device_queued": -1, "device_end": -1, "host_queued_end": 1585578928.690938}, "device": "cpu", "nd_range": {"device_start": 2246702.880554371, "device_end": 2246702.888486537}, "cmdq": 1, "read": {"device_start": -1, "device_end": -1}}, "FFC_sans_bias61": {"write": {"device_start": 1585578863.4990902, "host_queued_start": 1585578928.675375, "device_queued": 1585578863.4828367, "device_end": 1585578863.4991663, "host_queued_end": 1585578928.676541}, "device": "gpu", "nd_range": {"device_start": 1585578863.4991698, "device_end": 1585578863.5001197}, "cmdq": 1, "read": {"device_start": 1585578863.5001216, "device_end": 1585578863.5001445}}, "FFC_sans_bias52": {"write": {"device_start": 1585578863.4990175, "host_queued_start": 1585578928.674322, "device_queued": 1585578863.4827812, "device_end": 1585578863.4990838, "host_queued_end": 1585578928.676541}, "device": "gpu", "nd_range": {"device_start": 1585578863.4990933, "device_end": 1585578863.4997098}, "cmdq": 0, "read": {"device_start": 1585578863.4997163, "device_end": 1585578863.499739}}, "FFC_sans_bias9": {"write": {"device_start": -1, "host_queued_start": 1585578928.683897, "device_queued": -1, "device_end": -1, "host_queued_end": 1585578928.690938}, "device": "cpu", "nd_range": {"device_start": 2246702.8935323143, "device_end": 2246702.904017173}, "cmdq": 2, "read": {"device_start": -1, "device_end": -1}}, "coalesced_transpose39": {"write": {"device_start": -1, "host_queued_start": 1585578928.663911, "device_queued": -1, "device_end": -1, "host_queued_end": 1585578928.676541}, "device": "gpu", "nd_range": {"device_start": 1585578863.4885514, "device_end": 1585578863.4894125}, "cmdq": 2, "read": {"device_start": -1, "device_end": -1}}, "FFC_sans_bias55": {"write": {"device_start": 1585578863.4857786, "host_queued_start": 1585578928.659818, "device_queued": 1585578863.4808838, "device_end": 1585578863.4858117, "host_queued_end": 1585578928.676541}, "device": "gpu", "nd_range": {"device_start": 1585578863.4858158, "device_end": 1585578863.4870923}, "cmdq": 2, "read": {"device_start": -1, "device_end": -1}}, "FFC_sans_bias54": {"write": {"device_start": 1585578863.4852717, "host_queued_start": 1585578928.658777, "device_queued": 1585578863.480864, "device_end": 1585578863.4853039, "host_queued_end": 1585578928.676541}, "device": "gpu", "nd_range": {"device_start": 1585578863.4853106, "device_end": 1585578863.4866183}, "cmdq": 1, "read": {"device_start": -1, "device_end": -1}}, "FFC_sans_bias56": {"write": {"device_start": 1585578863.4847782, "host_queued_start": 1585578928.657686, "device_queued": 1585578863.480699, "device_end": 1585578863.4848099, "host_queued_end": 1585578928.676541}, "device": "gpu", "nd_range": {"device_start": 1585578863.484816, "device_end": 1585578863.4861093}, "cmdq": 0, "read": {"device_start": -1, "device_end": -1}}, "FFC_sans_bias51": {"write": {"device_start": -1, "host_queued_start": 1585578928.669517, "device_queued": -1, "device_end": -1, "host_queued_end": 1585578928.676541}, "device": "gpu", "nd_range": {"device_start": 1585578863.4922593, "device_end": 1585578863.493243}, "cmdq": 0, "read": {"device_start": -1, "device_end": -1}}, "softmax23": {"write": {"device_start": -1, "host_queued_start": 1585578928.667023, "device_queued": -1, "device_end": -1, "host_queued_end": 1585578928.676541}, "device": "gpu", "nd_range": {"device_start": 1585578863.490036, "device_end": 1585578863.4913251}, "cmdq": 0, "read": {"device_start": -1, "device_end": -1}}, "FFC_sans_bias37": {"write": {"device_start": 1585578863.4823656, "host_queued_start": 1585578928.652429, "device_queued": 1585578863.4802551, "device_end": 1585578863.4823914, "host_queued_end": 1585578928.676541}, "device": "gpu", "nd_range": {"device_start": 1585578863.4823956, "device_end": 1585578863.4836798}, "cmdq": 1, "read": {"device_start": -1, "device_end": -1}}, "empty62": {"write": {"device_start": 1585578863.4794676, "host_queued_start": 1585578928.643094, "device_queued": 1585578863.4793518, "device_end": 1585578863.4795444, "host_queued_end": 1585578928.676541}, "device": "gpu", "nd_range": {"device_start": 1585578863.4795518, "device_end": 1585578863.479558}, "cmdq": 1, "read": {"device_start": -1, "device_end": -1}}, "FFC_sans_bias70": {"write": {"device_start": 1585578863.4991755, "host_queued_start": 1585578928.676438, "device_queued": 1585578863.482874, "device_end": 1585578863.4992, "host_queued_end": 1585578928.676541}, "device": "gpu", "nd_range": {"device_start": 1585578863.4992046, "device_end": 1585578863.5006697}, "cmdq": 2, "read": {"device_start": 1585578863.5006742, "device_end": 1585578863.5006967}}, "FFC_sans_bias58": {"write": {"device_start": -1, "host_queued_start": 1585578928.666426, "device_queued": -1, "device_end": -1, "host_queued_end": 1585578928.676541}, "device": "gpu", "nd_range": {"device_start": 1585578863.4895124, "device_end": 1585578863.4904892}, "cmdq": 1, "read": {"device_start": -1, "device_end": -1}}, "softmax41": {"write": {"device_start": -1, "host_queued_start": 1585578928.667518, "device_queued": -1, "device_end": -1, "host_queued_end": 1585578928.676541}, "device": "gpu", "nd_range": {"device_start": 1585578863.4916012, "device_end": 1585578863.4919453}, "cmdq": 2, "read": {"device_start": -1, "device_end": -1}}, "FFC_sans_bias11": {"write": {"device_start": -1, "host_queued_start": 1585578928.686205, "device_queued": -1, "device_end": -1, "host_queued_end": 1585578928.690938}, "device": "cpu", "nd_range": {"device_start": 2246702.8885087473, "device_end": 2246702.901806382}, "cmdq": 1, "read": {"device_start": -1, "device_end": -1}}, "FFC_sans_bias10": {"write": {"device_start": -1, "host_queued_start": 1585578928.6851, "device_queued": -1, "device_end": -1, "host_queued_end": 1585578928.690938}, "device": "cpu", "nd_range": {"device_start": 2246702.894275737, "device_end": 2246702.908142567}, "cmdq": 0, "read": {"device_start": -1, "device_end": -1}}, "coalesced_transpose3": {"write": {"device_start": -1, "host_queued_start": 1585578928.686538, "device_queued": -1, "device_end": -1, "host_queued_end": 1585578928.690938}, "device": "cpu", "nd_range": {"device_start": 2246702.904135854, "device_end": 2246702.9043790624}, "cmdq": 2, "read": {"device_start": -1, "device_end": -1}}, "FFC_sans_bias34": {"write": {"device_start": 1585578863.4964726, "host_queued_start": 1585578928.67224, "device_queued": 1585578863.4825504, "device_end": 1585578863.496519, "host_queued_end": 1585578928.676541}, "device": "gpu", "nd_range": {"device_start": 1585578863.496525, "device_end": 1585578863.4974792}, "cmdq": 1, "read": {"device_start": 1585578863.4974842, "device_end": 1585578863.4975088}}, "FFC_sans_bias15": {"write": {"device_start": -1, "host_queued_start": 1585578928.68883, "device_queued": -1, "device_end": -1, "host_queued_end": 1585578928.690938}, "device": "cpu", "nd_range": {"device_start": 2246702.921102481, "device_end": 2246702.932461073}, "cmdq": 0, "read": {"device_start": -1, "device_end": -1}}, "FFC_sans_bias31": {"write": {"device_start": -1, "host_queued_start": 1585578928.665459, "device_queued": -1, "device_end": -1, "host_queued_end": 1585578928.676541}, "device": "gpu", "nd_range": {"device_start": 1585578863.4884458, "device_end": 1585578863.4895115}, "cmdq": 1, "read": {"device_start": -1, "device_end": -1}}, "FFC_sans_bias16": {"write": {"device_start": -1, "host_queued_start": 1585578928.690893, "device_queued": -1, "device_end": -1, "host_queued_end": 1585578928.690938}, "device": "cpu", "nd_range": {"device_start": 2246702.934473344, "device_end": 2246702.9388899673}, "cmdq": 2, "read": {"device_start": -1, "device_end": -1}}, "FFC_sans_bias19": {"write": {"device_start": 1585578863.4797523, "host_queued_start": 1585578928.64595, "device_queued": 1585578863.479661, "device_end": 1585578863.4798362, "host_queued_end": 1585578928.676541}, "device": "gpu", "nd_range": {"device_start": 1585578863.4798408, "device_end": 1585578863.48073}, "cmdq": 1, "read": {"device_start": -1, "device_end": -1}}, "FFC_sans_bias18": {"write": {"device_start": 1585578863.4796553, "host_queued_start": 1585578928.644908, "device_queued": 1585578863.479432, "device_end": 1585578863.4797032, "host_queued_end": 1585578928.676541}, "device": "gpu", "nd_range": {"device_start": 1585578863.4797142, "device_end": 1585578863.4803197}, "cmdq": 0, "read": {"device_start": -1, "device_end": -1}}, "coalesced_transpose30": {"write": {"device_start": -1, "host_queued_start": 1585578928.663598, "device_queued": -1, "device_end": -1, "host_queued_end": 1585578928.676541}, "device": "gpu", "nd_range": {"device_start": 1585578863.4880679, "device_end": 1585578863.4884174}, "cmdq": 1, "read": {"device_start": -1, "device_end": -1}}, "FFC_sans_bias69": {"write": {"device_start": -1, "host_queued_start": 1585578928.670147, "device_queued": -1, "device_end": -1, "host_queued_end": 1585578928.676541}, "device": "gpu", "nd_range": {"device_start": 1585578863.494208, "device_end": 1585578863.4948094}, "cmdq": 2, "read": {"device_start": -1, "device_end": -1}}, "FFC_sans_bias38": {"write": {"device_start": 1585578863.4828167, "host_queued_start": 1585578928.653465, "device_queued": 1585578863.4803016, "device_end": 1585578863.4828446, "host_queued_end": 1585578928.676541}, "device": "gpu", "nd_range": {"device_start": 1585578863.482852, "device_end": 1585578863.4841778}, "cmdq": 2, "read": {"device_start": -1, "device_end": -1}}, "coalesced_transpose57": {"write": {"device_start": -1, "host_queued_start": 1585578928.664514, "device_queued": -1, "device_end": -1, "host_queued_end": 1585578928.676541}, "device": "gpu", "nd_range": {"device_start": 1585578863.488427, "device_end": 1585578863.4884443}, "cmdq": 1, "read": {"device_start": -1, "device_end": -1}}, "empty26": {"write": {"device_start": 1585578863.4789913, "host_queued_start": 1585578928.639488, "device_queued": 1585578863.478842, "device_end": 1585578863.4790697, "host_queued_end": 1585578928.676541}, "device": "gpu", "nd_range": {"device_start": 1585578863.4790747, "device_end": 1585578863.479082}, "cmdq": 0, "read": {"device_start": -1, "device_end": -1}}, "coalesced_transpose12": {"write": {"device_start": -1, "host_queued_start": 1585578928.686898, "device_queued": -1, "device_end": -1, "host_queued_end": 1585578928.690938}, "device": "cpu", "nd_range": {"device_start": 2246702.909169923, "device_end": 2246702.909405628}, "cmdq": 0, "read": {"device_start": -1, "device_end": -1}}, "empty44": {"write": {"device_start": 1585578863.4792147, "host_queued_start": 1585578928.641384, "device_queued": 1585578863.4789922, "device_end": 1585578863.4792933, "host_queued_end": 1585578928.676541}, "device": "gpu", "nd_range": {"device_start": 1585578863.479298, "device_end": 1585578863.4793026}, "cmdq": 2, "read": {"device_start": -1, "device_end": -1}}, "coalesced_transpose21": {"write": {"device_start": -1, "host_queued_start": 1585578928.663289, "device_queued": -1, "device_end": -1, "host_queued_end": 1585578928.676541}, "device": "gpu", "nd_range": {"device_start": 1585578863.487572, "device_end": 1585578863.4883943}, "cmdq": 0, "read": {"device_start": -1, "device_end": -1}}, "FFC_sans_bias36": {"write": {"device_start": 1585578863.4818144, "host_queued_start": 1585578928.651399, "device_queued": 1585578863.4801135, "device_end": 1585578863.4818459, "host_queued_end": 1585578928.676541}, "device": "gpu", "nd_range": {"device_start": 1585578863.4818506, "device_end": 1585578863.4832194}, "cmdq": 0, "read": {"device_start": -1, "device_end": -1}}, "softmax14": {"write": {"device_start": -1, "host_queued_start": 1585578928.688149, "device_queued": -1, "device_end": -1, "host_queued_end": 1585578928.690938}, "device": "cpu", "nd_range": {"device_start": 2246702.920862054, "device_end": 2246702.921082137}, "cmdq": 1, "read": {"device_start": -1, "device_end": -1}}, "FFC_sans_bias13": {"write": {"device_start": -1, "host_queued_start": 1585578928.687593, "device_queued": -1, "device_end": -1, "host_queued_end": 1585578928.690938}, "device": "cpu", "nd_range": {"device_start": 2246702.9097650023, "device_end": 2246702.9208094752}, "cmdq": 2, "read": {"device_start": -1, "device_end": -1}}, "empty8": {"write": {"device_start": -1, "host_queued_start": 1585578928.678314, "device_queued": -1, "device_end": -1, "host_queued_end": 1585578928.690938}, "device": "cpu", "nd_range": {"device_start": 2246702.880521606, "device_end": 2246702.880532808}, "cmdq": 0, "read": {"device_start": -1, "device_end": -1}}, "FFC_sans_bias42": {"write": {"device_start": -1, "host_queued_start": 1585578928.6692, "device_queued": -1, "device_end": -1, "host_queued_end": 1585578928.676541}, "device": "gpu", "nd_range": {"device_start": 1585578863.492858, "device_end": 1585578863.4942067}, "cmdq": 2, "read": {"device_start": -1, "device_end": -1}}, "FFC_sans_bias43": {"write": {"device_start": 1585578863.4965668, "host_queued_start": 1585578928.673279, "device_queued": 1585578863.4825687, "device_end": 1585578863.4965925, "host_queued_end": 1585578928.676541}, "device": "gpu", "nd_range": {"device_start": 1585578863.496595, "device_end": 1585578863.4980562}, "cmdq": 2, "read": {"device_start": 1585578863.4988213, "device_end": 1585578863.498889}}, "FFC_sans_bias40": {"write": {"device_start": -1, "host_queued_start": 1585578928.665783, "device_queued": -1, "device_end": -1, "host_queued_end": 1585578928.676541}, "device": "gpu", "nd_range": {"device_start": 1585578863.4898577, "device_end": 1585578863.4909968}, "cmdq": 2, "read": {"device_start": -1, "device_end": -1}}, "softmax32": {"write": {"device_start": -1, "host_queued_start": 1585578928.667273, "device_queued": -1, "device_end": -1, "host_queued_end": 1585578928.676541}, "device": "gpu", "nd_range": {"device_start": 1585578863.4904902, "device_end": 1585578863.4913206}, "cmdq": 1, "read": {"device_start": -1, "device_end": -1}}, "FFC_sans_bias47": {"write": {"device_start": 1585578863.4843087, "host_queued_start": 1585578928.656638, "device_queued": 1585578863.4805565, "device_end": 1585578863.4843392, "host_queued_end": 1585578928.676541}, "device": "gpu", "nd_range": {"device_start": 1585578863.4843495, "device_end": 1585578863.4856427}, "cmdq": 2, "read": {"device_start": -1, "device_end": -1}}, "FFC_sans_bias45": {"write": {"device_start": 1585578863.4833171, "host_queued_start": 1585578928.654495, "device_queued": 1585578863.4805064, "device_end": 1585578863.483348, "host_queued_end": 1585578928.676541}, "device": "gpu", "nd_range": {"device_start": 1585578863.483354, "device_end": 1585578863.4846697}, "cmdq": 0, "read": {"device_start": -1, "device_end": -1}}, "softmax50": {"write": {"device_start": -1, "host_queued_start": 1585578928.667764, "device_queued": -1, "device_end": -1, "host_queued_end": 1585578928.676541}, "device": "gpu", "nd_range": {"device_start": 1585578863.491326, "device_end": 1585578863.4916503}, "cmdq": 0, "read": {"device_start": -1, "device_end": -1}}, "FFC_sans_bias33": {"write": {"device_start": -1, "host_queued_start": 1585578928.668888, "device_queued": -1, "device_end": -1, "host_queued_end": 1585578928.676541}, "device": "gpu", "nd_range": {"device_start": 1585578863.491655, "device_end": 1585578863.4926548}, "cmdq": 1, "read": {"device_start": -1, "device_end": -1}}, "FFC_sans_bias63": {"write": {"device_start": 1585578863.4872115, "host_queued_start": 1585578928.662953, "device_queued": 1585578863.4810762, "device_end": 1585578863.4872437, "host_queued_end": 1585578928.676541}, "device": "gpu", "nd_range": {"device_start": 1585578863.487248, "device_end": 1585578863.488545}, "cmdq": 2, "read": {"device_start": -1, "device_end": -1}}, "FFC_sans_bias49": {"write": {"device_start": -1, "host_queued_start": 1585578928.666103, "device_queued": -1, "device_end": -1, "host_queued_end": 1585578928.676541}, "device": "gpu", "nd_range": {"device_start": 1585578863.4890432, "device_end": 1585578863.490034}, "cmdq": 0, "read": {"device_start": -1, "device_end": -1}}, "FFC_sans_bias64": {"write": {"device_start": 1585578863.4862185, "host_queued_start": 1585578928.660849, "device_queued": 1585578863.481024, "device_end": 1585578863.4862506, "host_queued_end": 1585578928.676541}, "device": "gpu", "nd_range": {"device_start": 1585578863.4862561, "device_end": 1585578863.4875708}, "cmdq": 0, "read": {"device_start": -1, "device_end": -1}}, "FFC_sans_bias65": {"write": {"device_start": 1585578863.4867327, "host_queued_start": 1585578928.661888, "device_queued": 1585578863.4810607, "device_end": 1585578863.4867647, "host_queued_end": 1585578928.676541}, "device": "gpu", "nd_range": {"device_start": 1585578863.4867685, "device_end": 1585578863.4880664}, "cmdq": 1, "read": {"device_start": -1, "device_end": -1}}, "FFC_sans_bias67": {"write": {"device_start": -1, "host_queued_start": 1585578928.666766, "device_queued": -1, "device_end": -1, "host_queued_end": 1585578928.676541}, "device": "gpu", "nd_range": {"device_start": 1585578863.4909978, "device_end": 1585578863.4916}, "cmdq": 2, "read": {"device_start": -1, "device_end": -1}}, "FFC_sans_bias24": {"write": {"device_start": -1, "host_queued_start": 1585578928.668578, "device_queued": -1, "device_end": -1, "host_queued_end": 1585578928.676541}, "device": "gpu", "nd_range": {"device_start": 1585578863.4916515, "device_end": 1585578863.4922574}, "cmdq": 0, "read": {"device_start": -1, "device_end": -1}}, "FFC_sans_bias25": {"write": {"device_start": 1585578863.4963892, "host_queued_start": 1585578928.671184, "device_queued": 1585578863.4824147, "device_end": 1585578863.4964592, "host_queued_end": 1585578928.676541}, "device": "gpu", "nd_range": {"device_start": 1585578863.4964724, "device_end": 1585578863.4970791}, "cmdq": 0, "read": {"device_start": 1585578863.497086, "device_end": 1585578863.4971106}}, "FFC_sans_bias27": {"write": {"device_start": 1585578863.4804044, "host_queued_start": 1585578928.648074, "device_queued": 1585578863.4798884, "device_end": 1585578863.4804296, "host_queued_end": 1585578928.676541}, "device": "gpu", "nd_range": {"device_start": 1585578863.4804332, "device_end": 1585578863.481716}, "cmdq": 0, "read": {"device_start": -1, "device_end": -1}}, "FFC_sans_bias20": {"write": {"device_start": 1585578863.4798393, "host_queued_start": 1585578928.64704, "device_queued": 1585578863.479686, "device_end": 1585578863.479871, "host_queued_end": 1585578928.676541}, "device": "gpu", "nd_range": {"device_start": 1585578863.4798756, "device_end": 1585578863.481302}, "cmdq": 2, "read": {"device_start": -1, "device_end": -1}}, "FFC_sans_bias22": {"write": {"device_start": -1, "host_queued_start": 1585578928.665145, "device_queued": -1, "device_end": -1, "host_queued_end": 1585578928.676541}, "device": "gpu", "nd_range": {"device_start": 1585578863.488433, "device_end": 1585578863.4890423}, "cmdq": 0, "read": {"device_start": -1, "device_end": -1}}, "softmax68": {"write": {"device_start": -1, "host_queued_start": 1585578928.668259, "device_queued": -1, "device_end": -1, "host_queued_end": 1585578928.676541}, "device": "gpu", "nd_range": {"device_start": 1585578863.4919462, "device_end": 1585578863.4928565}, "cmdq": 2, "read": {"device_start": -1, "device_end": -1}}, "softmax5": {"write": {"device_start": -1, "host_queued_start": 1585578928.687873, "device_queued": -1, "device_end": -1, "host_queued_end": 1585578928.690938}, "device": "cpu", "nd_range": {"device_start": 2246702.9119398943, "device_end": 2246702.912160052}, "cmdq": 0, "read": {"device_start": -1, "device_end": -1}}, "FFC_sans_bias28": {"write": {"device_start": 1585578863.4808135, "host_queued_start": 1585578928.649277, "device_queued": 1585578863.4799428, "device_end": 1585578863.4808395, "host_queued_end": 1585578928.676541}, "device": "gpu", "nd_range": {"device_start": 1585578863.4808428, "device_end": 1585578863.4822683}, "cmdq": 1, "read": {"device_start": -1, "device_end": -1}}, "FFC_sans_bias29": {"write": {"device_start": 1585578863.4814026, "host_queued_start": 1585578928.650322, "device_queued": 1585578863.4799645, "device_end": 1585578863.4814277, "host_queued_end": 1585578928.676541}, "device": "gpu", "nd_range": {"device_start": 1585578863.4814315, "device_end": 1585578863.482707}, "cmdq": 2, "read": {"device_start": -1, "device_end": -1}}, "empty17": {"write": {"device_start": -1, "host_queued_start": 1585578928.679292, "device_queued": -1, "device_end": -1, "host_queued_end": 1585578928.690938}, "device": "cpu", "nd_range": {"device_start": 2246702.880521656, "device_end": 2246702.88053275}, "cmdq": 1, "read": {"device_start": -1, "device_end": -1}}, "softmax59": {"write": {"device_start": -1, "host_queued_start": 1585578928.66801, "device_queued": -1, "device_end": -1, "host_queued_end": 1585578928.676541}, "device": "gpu", "nd_range": {"device_start": 1585578863.4913218, "device_end": 1585578863.491654}, "cmdq": 1, "read": {"device_start": -1, "device_end": -1}}, "empty71": {"write": {"device_start": 1585578863.4795618, "host_queued_start": 1585578928.643925, "device_queued": 1585578863.4793863, "device_end": 1585578863.4796488, "host_queued_end": 1585578928.676541}, "device": "gpu", "nd_range": {"device_start": 1585578863.4796526, "device_end": 1585578863.4796627}, "cmdq": 2, "read": {"device_start": -1, "device_end": -1}}, "empty35": {"write": {"device_start": 1585578863.479111, "host_queued_start": 1585578928.640535, "device_queued": 1585578863.478969, "device_end": 1585578863.4791741, "host_queued_end": 1585578928.676541}, "device": "gpu", "nd_range": {"device_start": 1585578863.4791796, "device_end": 1585578863.4791858}, "cmdq": 1, "read": {"device_start": -1, "device_end": -1}}, "empty53": {"write": {"device_start": 1585578863.479305, "host_queued_start": 1585578928.64223, "device_queued": 1585578863.4791253, "device_end": 1585578863.479333, "host_queued_end": 1585578928.676541}, "device": "gpu", "nd_range": {"device_start": 1585578863.479344, "device_end": 1585578863.4793475}, "cmdq": 0, "read": {"device_start": -1, "device_end": -1}}, "FFC_sans_bias46": {"write": {"device_start": 1585578863.4837599, "host_queued_start": 1585578928.655573, "device_queued": 1585578863.4805431, "device_end": 1585578863.4837925, "host_queued_end": 1585578928.676541}, "device": "gpu", "nd_range": {"device_start": 1585578863.4837964, "device_end": 1585578863.4851563}, "cmdq": 1, "read": {"device_start": -1, "device_end": -1}}, "coalesced_transpose66": {"write": {"device_start": -1, "host_queued_start": 1585578928.664818, "device_queued": -1, "device_end": -1, "host_queued_end": 1585578928.676541}, "device": "gpu", "nd_range": {"device_start": 1585578863.4894223, "device_end": 1585578863.4898562}, "cmdq": 2, "read": {"device_start": -1, "device_end": -1}}, "coalesced_transpose48": {"write": {"device_start": -1, "host_queued_start": 1585578928.664216, "device_queued": -1, "device_end": -1, "host_queued_end": 1585578928.676541}, "device": "gpu", "nd_range": {"device_start": 1585578863.4884014, "device_end": 1585578863.488432}, "cmdq": 0, "read": {"device_start": -1, "device_end": -1}}}