{"FFC_sans_bias60": {"write": {"device_start": -1, "host_queued_start": 1585578746.55346, "device_queued": -1, "device_end": -1, "host_queued_end": 1585578746.562328}, "device": "gpu", "nd_range": {"device_start": 1585578681.3894074, "device_end": 1585578681.3903437}, "cmdq": 0, "read": {"device_start": -1, "device_end": -1}}, "FFC_sans_bias4": {"write": {"device_start": -1, "host_queued_start": 1585578746.546964, "device_queued": -1, "device_end": -1, "host_queued_end": 1585578746.562328}, "device": "gpu", "nd_range": {"device_start": 1585578681.3821998, "device_end": 1585578681.3828042}, "cmdq": 0, "read": {"device_start": -1, "device_end": -1}}, "FFC_sans_bias7": {"write": {"device_start": 1585578681.3904748, "host_queued_start": 1585578746.554791, "device_queued": 1585578681.374387, "device_end": 1585578681.3905063, "host_queued_end": 1585578746.562328}, "device": "gpu", "nd_range": {"device_start": 1585578681.3905094, "device_end": 1585578681.3913112}, "cmdq": 0, "read": {"device_start": 1585578681.3913157, "device_end": 1585578681.391341}}, "FFC_sans_bias6": {"write": {"device_start": -1, "host_queued_start": 1585578746.551471, "device_queued": -1, "device_end": -1, "host_queued_end": 1585578746.562328}, "device": "gpu", "nd_range": {"device_start": 1585578681.3868668, "device_end": 1585578681.3874717}, "cmdq": 0, "read": {"device_start": -1, "device_end": -1}}, "FFC_sans_bias1": {"write": {"device_start": 1585578681.3705652, "host_queued_start": 1585578746.521094, "device_queued": 1585578681.37038, "device_end": 1585578681.370591, "host_queued_end": 1585578746.562328}, "device": "gpu", "nd_range": {"device_start": 1585578681.3705938, "device_end": 1585578681.3715587}, "cmdq": 1, "read": {"device_start": -1, "device_end": -1}}, "FFC_sans_bias0": {"write": {"device_start": 1585578681.3704638, "host_queued_start": 1585578746.520054, "device_queued": 1585578681.370331, "device_end": 1585578681.370532, "host_queued_end": 1585578746.562328}, "device": "gpu", "nd_range": {"device_start": 1585578681.3705447, "device_end": 1585578681.3711581}, "cmdq": 0, "read": {"device_start": -1, "device_end": -1}}, "FFC_sans_bias2": {"write": {"device_start": 1585578681.3712595, "host_queued_start": 1585578746.522128, "device_queued": 1585578681.3706157, "device_end": 1585578681.3712907, "host_queued_end": 1585578746.562328}, "device": "gpu", "nd_range": {"device_start": 1585578681.3712935, "device_end": 1585578681.37213}, "cmdq": 0, "read": {"device_start": -1, "device_end": -1}}, "FFC_sans_bias61": {"write": {"device_start": 1585578681.3934484, "host_queued_start": 1585578746.561161, "device_queued": 1585578681.3751013, "device_end": 1585578681.3934727, "host_queued_end": 1585578746.562328}, "device": "gpu", "nd_range": {"device_start": 1585578681.3934765, "device_end": 1585578681.39421}, "cmdq": 0, "read": {"device_start": 1585578681.3942177, "device_end": 1585578681.3942406}}, "FFC_sans_bias52": {"write": {"device_start": 1585578681.3930173, "host_queued_start": 1585578746.560067, "device_queued": 1585578681.3749006, "device_end": 1585578681.3930485, "host_queued_end": 1585578746.562328}, "device": "gpu", "nd_range": {"device_start": 1585578681.393052, "device_end": 1585578681.3937533}, "cmdq": 1, "read": {"device_start": 1585578681.3937573, "device_end": 1585578681.3937817}}, "FFC_sans_bias9": {"write": {"device_start": 1585578681.3717022, "host_queued_start": 1585578746.523207, "device_queued": 1585578681.370669, "device_end": 1585578681.3717332, "host_queued_end": 1585578746.562328}, "device": "gpu", "nd_range": {"device_start": 1585578681.371736, "device_end": 1585578681.3725507}, "cmdq": 1, "read": {"device_start": -1, "device_end": -1}}, "coalesced_transpose39": {"write": {"device_start": -1, "host_queued_start": 1585578746.545746, "device_queued": -1, "device_end": -1, "host_queued_end": 1585578746.562328}, "device": "gpu", "nd_range": {"device_start": 1585578681.3821602, "device_end": 1585578681.3821795}, "cmdq": 0, "read": {"device_start": -1, "device_end": -1}}, "FFC_sans_bias55": {"write": {"device_start": 1585578681.3799605, "host_queued_start": 1585578746.541093, "device_queued": 1585578681.3724978, "device_end": 1585578681.379987, "host_queued_end": 1585578746.562328}, "device": "gpu", "nd_range": {"device_start": 1585578681.3799932, "device_end": 1585578681.3808312}, "cmdq": 0, "read": {"device_start": -1, "device_end": -1}}, "FFC_sans_bias54": {"write": {"device_start": 1585578681.379439, "host_queued_start": 1585578746.540067, "device_queued": 1585578681.37237, "device_end": 1585578681.379466, "host_queued_end": 1585578746.562328}, "device": "gpu", "nd_range": {"device_start": 1585578681.3794713, "device_end": 1585578681.3803115}, "cmdq": 1, "read": {"device_start": -1, "device_end": -1}}, "FFC_sans_bias56": {"write": {"device_start": 1585578681.3790076, "host_queued_start": 1585578746.539031, "device_queued": 1585578681.3723187, "device_end": 1585578681.379033, "host_queued_end": 1585578746.562328}, "device": "gpu", "nd_range": {"device_start": 1585578681.379041, "device_end": 1585578681.379857}, "cmdq": 0, "read": {"device_start": -1, "device_end": -1}}, "FFC_sans_bias51": {"write": {"device_start": -1, "host_queued_start": 1585578746.553147, "device_queued": -1, "device_end": -1, "host_queued_end": 1585578746.562328}, "device": "gpu", "nd_range": {"device_start": 1585578681.3888724, "device_end": 1585578681.389863}, "cmdq": 1, "read": {"device_start": -1, "device_end": -1}}, "softmax23": {"write": {"device_start": -1, "host_queued_start": 1585578746.549923, "device_queued": -1, "device_end": -1, "host_queued_end": 1585578746.562328}, "device": "gpu", "nd_range": {"device_start": 1585578681.3862553, "device_end": 1585578681.3864589}, "cmdq": 0, "read": {"device_start": -1, "device_end": -1}}, "FFC_sans_bias37": {"write": {"device_start": 1585578681.3765852, "host_queued_start": 1585578746.533815, "device_queued": 1585578681.3717368, "device_end": 1585578681.3766108, "host_queued_end": 1585578746.562328}, "device": "gpu", "nd_range": {"device_start": 1585578681.376617, "device_end": 1585578681.3773954}, "cmdq": 1, "read": {"device_start": -1, "device_end": -1}}, "empty62": {"write": {"device_start": 1585578681.3702598, "host_queued_start": 1585578746.518234, "device_queued": 1585578681.37003, "device_end": 1585578681.370312, "host_queued_end": 1585578746.562328}, "device": "gpu", "nd_range": {"device_start": 1585578681.3703244, "device_end": 1585578681.3703287}, "cmdq": 0, "read": {"device_start": -1, "device_end": -1}}, "FFC_sans_bias70": {"write": {"device_start": 1585578681.3939116, "host_queued_start": 1585578746.562228, "device_queued": 1585578681.3751588, "device_end": 1585578681.3939424, "host_queued_end": 1585578746.562328}, "device": "gpu", "nd_range": {"device_start": 1585578681.3939457, "device_end": 1585578681.3946662}, "cmdq": 1, "read": {"device_start": 1585578681.3946722, "device_end": 1585578681.3946958}}, "FFC_sans_bias58": {"write": {"device_start": -1, "host_queued_start": 1585578746.548845, "device_queued": -1, "device_end": -1, "host_queued_end": 1585578746.562328}, "device": "gpu", "nd_range": {"device_start": 1585578681.3847687, "device_end": 1585578681.385761}, "cmdq": 0, "read": {"device_start": -1, "device_end": -1}}, "softmax41": {"write": {"device_start": -1, "host_queued_start": 1585578746.550416, "device_queued": -1, "device_end": -1, "host_queued_end": 1585578746.562328}, "device": "gpu", "nd_range": {"device_start": 1585578681.3864603, "device_end": 1585578681.386662}, "cmdq": 0, "read": {"device_start": -1, "device_end": -1}}, "FFC_sans_bias11": {"write": {"device_start": 1585578681.3726668, "host_queued_start": 1585578746.525442, "device_queued": 1585578681.3708608, "device_end": 1585578681.3726923, "host_queued_end": 1585578746.562328}, "device": "gpu", "nd_range": {"device_start": 1585578681.3726957, "device_end": 1585578681.3735461}, "cmdq": 1, "read": {"device_start": -1, "device_end": -1}}, "FFC_sans_bias10": {"write": {"device_start": 1585578681.3722508, "host_queued_start": 1585578746.5244, "device_queued": 1585578681.3708155, "device_end": 1585578681.3722827, "host_queued_end": 1585578746.562328}, "device": "gpu", "nd_range": {"device_start": 1585578681.3722854, "device_end": 1585578681.3730984}, "cmdq": 0, "read": {"device_start": -1, "device_end": -1}}, "coalesced_transpose3": {"write": {"device_start": -1, "host_queued_start": 1585578746.544521, "device_queued": -1, "device_end": -1, "host_queued_end": 1585578746.562328}, "device": "gpu", "nd_range": {"device_start": 1585578681.3817816, "device_end": 1585578681.3821287}, "cmdq": 0, "read": {"device_start": -1, "device_end": -1}}, "FFC_sans_bias34": {"write": {"device_start": 1585578681.3920352, "host_queued_start": 1585578746.557952, "device_queued": 1585578681.3746796, "device_end": 1585578681.3920674, "host_queued_end": 1585578746.562328}, "device": "gpu", "nd_range": {"device_start": 1585578681.3920717, "device_end": 1585578681.3928013}, "cmdq": 1, "read": {"device_start": 1585578681.3928127, "device_end": 1585578681.392837}}, "FFC_sans_bias15": {"write": {"device_start": -1, "host_queued_start": 1585578746.551868, "device_queued": -1, "device_end": -1, "host_queued_end": 1585578746.562328}, "device": "gpu", "nd_range": {"device_start": 1585578681.3871226, "device_end": 1585578681.3878734}, "cmdq": 1, "read": {"device_start": -1, "device_end": -1}}, "FFC_sans_bias31": {"write": {"device_start": -1, "host_queued_start": 1585578746.547912, "device_queued": -1, "device_end": -1, "host_queued_end": 1585578746.562328}, "device": "gpu", "nd_range": {"device_start": 1585578681.3833067, "device_end": 1585578681.3842852}, "cmdq": 1, "read": {"device_start": -1, "device_end": -1}}, "FFC_sans_bias16": {"write": {"device_start": 1585578681.3909845, "host_queued_start": 1585578746.555845, "device_queued": 1585578681.3744276, "device_end": 1585578681.391016, "host_queued_end": 1585578746.562328}, "device": "gpu", "nd_range": {"device_start": 1585578681.3910196, "device_end": 1585578681.3918288}, "cmdq": 1, "read": {"device_start": 1585578681.391831, "device_end": 1585578681.3918562}}, "FFC_sans_bias19": {"write": {"device_start": 1585578681.3736625, "host_queued_start": 1585578746.527564, "device_queued": 1585578681.3710358, "device_end": 1585578681.373688, "host_queued_end": 1585578746.562328}, "device": "gpu", "nd_range": {"device_start": 1585578681.3736937, "device_end": 1585578681.3745325}, "cmdq": 1, "read": {"device_start": -1, "device_end": -1}}, "FFC_sans_bias18": {"write": {"device_start": 1585578681.3732302, "host_queued_start": 1585578746.526485, "device_queued": 1585578681.371001, "device_end": 1585578681.373256, "host_queued_end": 1585578746.562328}, "device": "gpu", "nd_range": {"device_start": 1585578681.3732605, "device_end": 1585578681.3740354}, "cmdq": 0, "read": {"device_start": -1, "device_end": -1}}, "coalesced_transpose30": {"write": {"device_start": -1, "host_queued_start": 1585578746.545449, "device_queued": -1, "device_end": -1, "host_queued_end": 1585578746.562328}, "device": "gpu", "nd_range": {"device_start": 1585578681.3826306, "device_end": 1585578681.3826463}, "cmdq": 1, "read": {"device_start": -1, "device_end": -1}}, "FFC_sans_bias69": {"write": {"device_start": -1, "host_queued_start": 1585578746.553775, "device_queued": -1, "device_end": -1, "host_queued_end": 1585578746.562328}, "device": "gpu", "nd_range": {"device_start": 1585578681.3898644, "device_end": 1585578681.3908598}, "cmdq": 1, "read": {"device_start": -1, "device_end": -1}}, "FFC_sans_bias38": {"write": {"device_start": 1585578681.377047, "host_queued_start": 1585578746.534883, "device_queued": 1585578681.371894, "device_end": 1585578681.3770747, "host_queued_end": 1585578746.562328}, "device": "gpu", "nd_range": {"device_start": 1585578681.3770802, "device_end": 1585578681.377921}, "cmdq": 0, "read": {"device_start": -1, "device_end": -1}}, "coalesced_transpose57": {"write": {"device_start": -1, "host_queued_start": 1585578746.546347, "device_queued": -1, "device_end": -1, "host_queued_end": 1585578746.562328}, "device": "gpu", "nd_range": {"device_start": 1585578681.3821812, "device_end": 1585578681.3821979}, "cmdq": 0, "read": {"device_start": -1, "device_end": -1}}, "empty26": {"write": {"device_start": 1585578681.3698626, "host_queued_start": 1585578746.514977, "device_queued": 1585578681.369704, "device_end": 1585578681.369923, "host_queued_end": 1585578746.562328}, "device": "gpu", "nd_range": {"device_start": 1585578681.3699274, "device_end": 1585578681.3699324}, "cmdq": 0, "read": {"device_start": -1, "device_end": -1}}, "coalesced_transpose12": {"write": {"device_start": -1, "host_queued_start": 1585578746.54483, "device_queued": -1, "device_end": -1, "host_queued_end": 1585578746.562328}, "device": "gpu", "nd_range": {"device_start": 1585578681.3822699, "device_end": 1585578681.3826246}, "cmdq": 1, "read": {"device_start": -1, "device_end": -1}}, "empty44": {"write": {"device_start": 1585578681.3700671, "host_queued_start": 1585578746.516582, "device_queued": 1585578681.3699386, "device_end": 1585578681.3701258, "host_queued_end": 1585578746.562328}, "device": "gpu", "nd_range": {"device_start": 1585578681.3701336, "device_end": 1585578681.3701453}, "cmdq": 0, "read": {"device_start": -1, "device_end": -1}}, "coalesced_transpose21": {"write": {"device_start": -1, "host_queued_start": 1585578746.545144, "device_queued": -1, "device_end": -1, "host_queued_end": 1585578746.562328}, "device": "gpu", "nd_range": {"device_start": 1585578681.3821328, "device_end": 1585578681.3821526}, "cmdq": 0, "read": {"device_start": -1, "device_end": -1}}, "FFC_sans_bias36": {"write": {"device_start": 1585578681.3760624, "host_queued_start": 1585578746.532784, "device_queued": 1585578681.371683, "device_end": 1585578681.3760886, "host_queued_end": 1585578746.562328}, "device": "gpu", "nd_range": {"device_start": 1585578681.376094, "device_end": 1585578681.376937}, "cmdq": 0, "read": {"device_start": -1, "device_end": -1}}, "softmax14": {"write": {"device_start": -1, "host_queued_start": 1585578746.54968, "device_queued": -1, "device_end": -1, "host_queued_end": 1585578746.562328}, "device": "gpu", "nd_range": {"device_start": 1585578681.386179, "device_end": 1585578681.386386}, "cmdq": 1, "read": {"device_start": -1, "device_end": -1}}, "FFC_sans_bias13": {"write": {"device_start": -1, "host_queued_start": 1585578746.547286, "device_queued": -1, "device_end": -1, "host_queued_end": 1585578746.562328}, "device": "gpu", "nd_range": {"device_start": 1585578681.3826914, "device_end": 1585578681.383305}, "cmdq": 1, "read": {"device_start": -1, "device_end": -1}}, "empty8": {"write": {"device_start": 1585578681.369647, "host_queued_start": 1585578746.513054, "device_queued": 1585578681.3695235, "device_end": 1585578681.3696933, "host_queued_end": 1585578746.562328}, "device": "gpu", "nd_range": {"device_start": 1585578681.3696978, "device_end": 1585578681.3697045}, "cmdq": 0, "read": {"device_start": -1, "device_end": -1}}, "FFC_sans_bias42": {"write": {"device_start": -1, "host_queued_start": 1585578746.552832, "device_queued": -1, "device_end": -1, "host_queued_end": 1585578746.562328}, "device": "gpu", "nd_range": {"device_start": 1585578681.38845, "device_end": 1585578681.3894062}, "cmdq": 0, "read": {"device_start": -1, "device_end": -1}}, "FFC_sans_bias43": {"write": {"device_start": 1585578681.3924837, "host_queued_start": 1585578746.559021, "device_queued": 1585578681.374859, "device_end": 1585578681.3925157, "host_queued_end": 1585578746.562328}, "device": "gpu", "nd_range": {"device_start": 1585578681.392521, "device_end": 1585578681.3932512}, "cmdq": 0, "read": {"device_start": 1585578681.3932536, "device_end": 1585578681.393277}}, "FFC_sans_bias40": {"write": {"device_start": -1, "host_queued_start": 1585578746.54822, "device_queued": -1, "device_end": -1, "host_queued_end": 1585578746.562328}, "device": "gpu", "nd_range": {"device_start": 1585578681.383804, "device_end": 1585578681.384767}, "cmdq": 0, "read": {"device_start": -1, "device_end": -1}}, "softmax32": {"write": {"device_start": -1, "host_queued_start": 1585578746.550171, "device_queued": -1, "device_end": -1, "host_queued_end": 1585578746.562328}, "device": "gpu", "nd_range": {"device_start": 1585578681.3863876, "device_end": 1585578681.3865921}, "cmdq": 1, "read": {"device_start": -1, "device_end": -1}}, "FFC_sans_bias47": {"write": {"device_start": 1585578681.37847, "host_queued_start": 1585578746.537983, "device_queued": 1585578681.3721392, "device_end": 1585578681.3784964, "host_queued_end": 1585578746.562328}, "device": "gpu", "nd_range": {"device_start": 1585578681.378502, "device_end": 1585578681.3793318}, "cmdq": 1, "read": {"device_start": -1, "device_end": -1}}, "FFC_sans_bias45": {"write": {"device_start": 1585578681.3775072, "host_queued_start": 1585578746.535914, "device_queued": 1585578681.3719387, "device_end": 1585578681.3775334, "host_queued_end": 1585578746.562328}, "device": "gpu", "nd_range": {"device_start": 1585578681.3775384, "device_end": 1585578681.3783658}, "cmdq": 1, "read": {"device_start": -1, "device_end": -1}}, "softmax50": {"write": {"device_start": -1, "host_queued_start": 1585578746.550661, "device_queued": -1, "device_end": -1, "host_queued_end": 1585578746.562328}, "device": "gpu", "nd_range": {"device_start": 1585578681.3865933, "device_end": 1585578681.386798}, "cmdq": 1, "read": {"device_start": -1, "device_end": -1}}, "FFC_sans_bias33": {"write": {"device_start": -1, "host_queued_start": 1585578746.552511, "device_queued": -1, "device_end": -1, "host_queued_end": 1585578746.562328}, "device": "gpu", "nd_range": {"device_start": 1585578681.3878744, "device_end": 1585578681.388871}, "cmdq": 1, "read": {"device_start": -1, "device_end": -1}}, "FFC_sans_bias63": {"write": {"device_start": 1585578681.3813953, "host_queued_start": 1585578746.544199, "device_queued": 1585578681.3727643, "device_end": 1585578681.3814209, "host_queued_end": 1585578746.562328}, "device": "gpu", "nd_range": {"device_start": 1585578681.3814242, "device_end": 1585578681.3822675}, "cmdq": 1, "read": {"device_start": -1, "device_end": -1}}, "FFC_sans_bias49": {"write": {"device_start": -1, "host_queued_start": 1585578746.548533, "device_queued": -1, "device_end": -1, "host_queued_end": 1585578746.562328}, "device": "gpu", "nd_range": {"device_start": 1585578681.3842874, "device_end": 1585578681.385256}, "cmdq": 1, "read": {"device_start": -1, "device_end": -1}}, "FFC_sans_bias64": {"write": {"device_start": 1585578681.3804162, "host_queued_start": 1585578746.542132, "device_queued": 1585578681.37255, "device_end": 1585578681.3804426, "host_queued_end": 1585578746.562328}, "device": "gpu", "nd_range": {"device_start": 1585578681.3804493, "device_end": 1585578681.3812916}, "cmdq": 1, "read": {"device_start": -1, "device_end": -1}}, "FFC_sans_bias65": {"write": {"device_start": 1585578681.3809364, "host_queued_start": 1585578746.543172, "device_queued": 1585578681.3727212, "device_end": 1585578681.380964, "host_queued_end": 1585578746.562328}, "device": "gpu", "nd_range": {"device_start": 1585578681.3809702, "device_end": 1585578681.3817797}, "cmdq": 0, "read": {"device_start": -1, "device_end": -1}}, "FFC_sans_bias67": {"write": {"device_start": -1, "host_queued_start": 1585578746.549176, "device_queued": -1, "device_end": -1, "host_queued_end": 1585578746.562328}, "device": "gpu", "nd_range": {"device_start": 1585578681.3852582, "device_end": 1585578681.3861773}, "cmdq": 1, "read": {"device_start": -1, "device_end": -1}}, "FFC_sans_bias24": {"write": {"device_start": -1, "host_queued_start": 1585578746.552187, "device_queued": -1, "device_end": -1, "host_queued_end": 1585578746.562328}, "device": "gpu", "nd_range": {"device_start": 1585578681.387473, "device_end": 1585578681.388449}, "cmdq": 0, "read": {"device_start": -1, "device_end": -1}}, "FFC_sans_bias25": {"write": {"device_start": 1585578681.391523, "host_queued_start": 1585578746.556889, "device_queued": 1585578681.3746123, "device_end": 1585578681.3915548, "host_queued_end": 1585578746.562328}, "device": "gpu", "nd_range": {"device_start": 1585578681.3915584, "device_end": 1585578681.3922744}, "cmdq": 0, "read": {"device_start": 1585578681.3922787, "device_end": 1585578681.3923032}}, "FFC_sans_bias27": {"write": {"device_start": 1585578681.3746946, "host_queued_start": 1585578746.529633, "device_queued": 1585578681.371237, "device_end": 1585578681.3747222, "host_queued_end": 1585578746.562328}, "device": "gpu", "nd_range": {"device_start": 1585578681.3747275, "device_end": 1585578681.3754983}, "cmdq": 1, "read": {"device_start": -1, "device_end": -1}}, "FFC_sans_bias20": {"write": {"device_start": 1585578681.374147, "host_queued_start": 1585578746.528602, "device_queued": 1585578681.3711574, "device_end": 1585578681.3741722, "host_queued_end": 1585578746.562328}, "device": "gpu", "nd_range": {"device_start": 1585578681.374176, "device_end": 1585578681.3749921}, "cmdq": 0, "read": {"device_start": -1, "device_end": -1}}, "FFC_sans_bias22": {"write": {"device_start": -1, "host_queued_start": 1585578746.5476, "device_queued": -1, "device_end": -1, "host_queued_end": 1585578746.562328}, "device": "gpu", "nd_range": {"device_start": 1585578681.3828056, "device_end": 1585578681.3838017}, "cmdq": 0, "read": {"device_start": -1, "device_end": -1}}, "softmax68": {"write": {"device_start": -1, "host_queued_start": 1585578746.551157, "device_queued": -1, "device_end": -1, "host_queued_end": 1585578746.562328}, "device": "gpu", "nd_range": {"device_start": 1585578681.3868003, "device_end": 1585578681.3871212}, "cmdq": 1, "read": {"device_start": -1, "device_end": -1}}, "softmax5": {"write": {"device_start": -1, "host_queued_start": 1585578746.549432, "device_queued": -1, "device_end": -1, "host_queued_end": 1585578746.562328}, "device": "gpu", "nd_range": {"device_start": 1585578681.3857625, "device_end": 1585578681.386253}, "cmdq": 0, "read": {"device_start": -1, "device_end": -1}}, "FFC_sans_bias28": {"write": {"device_start": 1585578681.375108, "host_queued_start": 1585578746.530704, "device_queued": 1585578681.371434, "device_end": 1585578681.3751361, "host_queued_end": 1585578746.562328}, "device": "gpu", "nd_range": {"device_start": 1585578681.3751407, "device_end": 1585578681.375955}, "cmdq": 0, "read": {"device_start": -1, "device_end": -1}}, "FFC_sans_bias29": {"write": {"device_start": 1585578681.3756056, "host_queued_start": 1585578746.531742, "device_queued": 1585578681.3714783, "device_end": 1585578681.3756335, "host_queued_end": 1585578746.562328}, "device": "gpu", "nd_range": {"device_start": 1585578681.3756385, "device_end": 1585578681.3764791}, "cmdq": 1, "read": {"device_start": -1, "device_end": -1}}, "empty17": {"write": {"device_start": 1585578681.3697538, "host_queued_start": 1585578746.514103, "device_queued": 1585578681.3696485, "device_end": 1585578681.3698146, "host_queued_end": 1585578746.562328}, "device": "gpu", "nd_range": {"device_start": 1585578681.3698196, "device_end": 1585578681.3698256}, "cmdq": 1, "read": {"device_start": -1, "device_end": -1}}, "softmax59": {"write": {"device_start": -1, "host_queued_start": 1585578746.550911, "device_queued": -1, "device_end": -1, "host_queued_end": 1585578746.562328}, "device": "gpu", "nd_range": {"device_start": 1585578681.386663, "device_end": 1585578681.3868656}, "cmdq": 0, "read": {"device_start": -1, "device_end": -1}}, "empty71": {"write": {"device_start": 1585578681.370363, "host_queued_start": 1585578746.519079, "device_queued": 1585578681.3700721, "device_end": 1585578681.3704176, "host_queued_end": 1585578746.562328}, "device": "gpu", "nd_range": {"device_start": 1585578681.370422, "device_end": 1585578681.370426}, "cmdq": 1, "read": {"device_start": -1, "device_end": -1}}, "empty35": {"write": {"device_start": 1585578681.3699608, "host_queued_start": 1585578746.515783, "device_queued": 1585578681.3697326, "device_end": 1585578681.370025, "host_queued_end": 1585578746.562328}, "device": "gpu", "nd_range": {"device_start": 1585578681.3700306, "device_end": 1585578681.3700347}, "cmdq": 1, "read": {"device_start": -1, "device_end": -1}}, "empty53": {"write": {"device_start": 1585578681.3701768, "host_queued_start": 1585578746.517395, "device_queued": 1585578681.3699868, "device_end": 1585578681.3702478, "host_queued_end": 1585578746.562328}, "device": "gpu", "nd_range": {"device_start": 1585578681.370252, "device_end": 1585578681.370257}, "cmdq": 1, "read": {"device_start": -1, "device_end": -1}}, "FFC_sans_bias46": {"write": {"device_start": 1585578681.3780332, "host_queued_start": 1585578746.536938, "device_queued": 1585578681.372085, "device_end": 1585578681.3780591, "host_queued_end": 1585578746.562328}, "device": "gpu", "nd_range": {"device_start": 1585578681.378065, "device_end": 1585578681.3789}, "cmdq": 0, "read": {"device_start": -1, "device_end": -1}}, "coalesced_transpose66": {"write": {"device_start": -1, "host_queued_start": 1585578746.546654, "device_queued": -1, "device_end": -1, "host_queued_end": 1585578746.562328}, "device": "gpu", "nd_range": {"device_start": 1585578681.3826723, "device_end": 1585578681.3826897}, "cmdq": 1, "read": {"device_start": -1, "device_end": -1}}, "coalesced_transpose48": {"write": {"device_start": -1, "host_queued_start": 1585578746.546049, "device_queued": -1, "device_end": -1, "host_queued_end": 1585578746.562328}, "device": "gpu", "nd_range": {"device_start": 1585578681.3826568, "device_end": 1585578681.382671}, "cmdq": 1, "read": {"device_start": -1, "device_end": -1}}}